param,mean,median,ci_0.950_LB,ci_0.950_UB
q_ind_0_pop_0,0.319457,0.316719,0.252353,0.393315
q_ind_1_pop_0,0.328692,0.320162,0.250132,0.419697
q_ind_2_pop_0,0.297563,0.294098,0.211043,0.387467
q_ind_3_pop_0,0.322327,0.316267,0.248212,0.415166
q_ind_4_pop_0,0.239591,0.238691,0.195454,0.286798
q_ind_5_pop_0,0.318085,0.312801,0.256794,0.400712
q_ind_6_pop_0,0.346088,0.337556,0.279896,0.438454
q_ind_7_pop_0,0.328753,0.322406,0.264155,0.413378
q_ind_8_pop_0,0.335858,0.328237,0.269724,0.421338
q_ind_9_pop_0,0.356208,0.347255,0.297232,0.451365
q_ind_10_pop_0,0.348845,0.337904,0.280283,0.437482
q_ind_11_pop_0,0.345051,0.344882,0.272976,0.417435
q_ind_12_pop_0,0.025604,0.024940,0.000000,0.063901
q_ind_13_pop_0,0.003220,0.000341,0.000000,0.023691
q_ind_14_pop_0,0.031777,0.032046,0.000034,0.064314
q_ind_15_pop_0,0.044825,0.041525,0.000733,0.102979
q_ind_16_pop_0,0.019273,0.016382,0.000000,0.056304
q_ind_17_pop_0,0.023919,0.018800,0.000000,0.068790
q_ind_18_pop_0,0.014104,0.006533,0.000000,0.072631
q_ind_19_pop_0,0.013699,0.004353,0.000000,0.054834
q_ind_20_pop_0,0.001221,0.000097,0.000000,0.010368
q_ind_21_pop_0,0.013833,0.000839,0.000000,0.105347
q_ind_22_pop_0,0.003339,0.000389,0.000000,0.020747
q_ind_23_pop_0,0.037985,0.027810,0.000001,0.152373
q_ind_24_pop_0,0.007469,0.000713,0.000000,0.057244
q_ind_25_pop_0,0.001072,0.000089,0.000000,0.008398
q_ind_26_pop_0,0.001768,0.000129,0.000000,0.012904
q_ind_27_pop_0,0.005271,0.000442,0.000000,0.044214
q_ind_28_pop_0,0.002589,0.000195,0.000000,0.020314
q_ind_29_pop_0,0.002794,0.000218,0.000000,0.020551
q_ind_30_pop_0,0.632526,0.565474,0.532701,0.976687
q_ind_31_pop_0,0.683520,0.617145,0.577021,0.998027
q_ind_32_pop_0,0.615590,0.556967,0.512803,0.939276
q_ind_33_pop_0,0.685251,0.614304,0.570309,0.999152
q_ind_34_pop_0,0.652525,0.584802,0.552369,0.987248
q_ind_35_pop_0,0.671998,0.598161,0.566502,0.999288
q_ind_36_pop_0,0.633144,0.569349,0.525898,0.974461
q_ind_37_pop_0,0.648145,0.571722,0.532361,0.998461
q_ind_38_pop_0,0.344147,0.323525,0.282681,0.454316
q_ind_39_pop_0,0.584186,0.523761,0.457200,0.904155
q_ind_40_pop_0,0.511093,0.485889,0.413819,0.743051
q_ind_41_pop_0,0.000743,0.000056,0.000000,0.005415
q_ind_42_pop_0,0.002530,0.000259,0.000000,0.017489
q_ind_43_pop_0,0.000760,0.000063,0.000000,0.006353
q_ind_44_pop_0,0.000967,0.000074,0.000000,0.008307
q_ind_45_pop_0,0.001073,0.000100,0.000000,0.007887
q_ind_46_pop_0,0.002392,0.000246,0.000000,0.017185
q_ind_47_pop_0,0.000902,0.000058,0.000000,0.007557
q_ind_48_pop_0,0.001013,0.000089,0.000000,0.007758
q_ind_49_pop_0,0.000899,0.000078,0.000000,0.006199
q_ind_50_pop_0,0.007836,0.003793,0.000000,0.032847
q_ind_51_pop_0,0.001449,0.000177,0.000000,0.010364
q_ind_52_pop_0,0.001277,0.000092,0.000000,0.010880
q_ind_53_pop_0,0.006920,0.004113,0.000000,0.026227
q_ind_54_pop_0,0.000937,0.000080,0.000000,0.006881
q_ind_55_pop_0,0.002724,0.000338,0.000000,0.016874
q_ind_56_pop_0,0.048111,0.045758,0.012607,0.098169
q_ind_57_pop_0,0.001692,0.000189,0.000000,0.011959
q_ind_58_pop_0,0.002335,0.000297,0.000000,0.016582
q_ind_59_pop_0,0.001981,0.000178,0.000000,0.014642
q_ind_60_pop_0,0.001191,0.000109,0.000000,0.009607
q_ind_61_pop_0,0.006023,0.002238,0.000000,0.028788
q_ind_62_pop_0,0.000723,0.000062,0.000000,0.005424
q_ind_63_pop_0,0.000526,0.000040,0.000000,0.004055
q_ind_64_pop_0,0.000650,0.000041,0.000000,0.005394
q_ind_65_pop_0,0.000464,0.000038,0.000000,0.003471
q_ind_66_pop_0,0.002896,0.000187,0.000000,0.021995
q_ind_67_pop_0,0.001868,0.000190,0.000000,0.014424
q_ind_68_pop_0,0.005388,0.001065,0.000000,0.030048
q_ind_69_pop_0,0.011522,0.002680,0.000000,0.074582
q_ind_70_pop_0,0.001245,0.000096,0.000000,0.009615
q_ind_71_pop_0,0.008376,0.004546,0.000000,0.034502
q_ind_72_pop_0,0.003744,0.000462,0.000000,0.024871
q_ind_73_pop_0,0.025615,0.022497,0.000000,0.081569
q_ind_74_pop_0,0.003886,0.000330,0.000000,0.026225
q_ind_75_pop_0,0.001457,0.000125,0.000000,0.010470
q_ind_76_pop_0,0.008022,0.003829,0.000000,0.035415
q_ind_77_pop_0,0.010420,0.000374,0.000000,0.078455
q_ind_78_pop_0,0.002882,0.000337,0.000000,0.017889
q_ind_79_pop_0,0.002804,0.000264,0.000000,0.020667
q_ind_80_pop_0,0.002903,0.000240,0.000000,0.021662
q_ind_81_pop_0,0.004983,0.000893,0.000000,0.030203
q_ind_82_pop_0,0.001489,0.000140,0.000000,0.011220
q_ind_83_pop_0,0.004598,0.000332,0.000000,0.034614
q_ind_84_pop_0,0.003096,0.000195,0.000000,0.024920
q_ind_85_pop_0,0.003159,0.000286,0.000000,0.023440
q_ind_86_pop_0,0.001713,0.000153,0.000000,0.013667
q_ind_87_pop_0,0.098104,0.096214,0.060632,0.148440
q_ind_88_pop_0,0.128488,0.119835,0.082681,0.208247
q_ind_89_pop_0,0.109685,0.098333,0.051757,0.215927
q_ind_90_pop_0,0.108272,0.101873,0.062900,0.182573
q_ind_91_pop_0,0.110118,0.095282,0.059176,0.208950
q_ind_92_pop_0,0.120421,0.116541,0.076152,0.179132
q_ind_93_pop_0,0.047462,0.045685,0.000002,0.114669
q_ind_94_pop_0,0.118494,0.106908,0.067329,0.230527
q_ind_95_pop_0,0.000845,0.000113,0.000000,0.005815
q_ind_96_pop_0,0.001407,0.000143,0.000000,0.009982
q_ind_97_pop_0,0.023652,0.022812,0.000000,0.061791
q_ind_98_pop_0,0.045073,0.046256,0.009686,0.072869
q_ind_99_pop_0,0.000629,0.000050,0.000000,0.004596
q_ind_100_pop_0,0.000377,0.000028,0.000000,0.002955
q_ind_101_pop_0,0.000473,0.000046,0.000000,0.003420
q_ind_102_pop_0,0.000854,0.000078,0.000000,0.006669
q_ind_103_pop_0,0.000567,0.000049,0.000000,0.004187
q_ind_104_pop_0,0.012950,0.011132,0.000000,0.038981
q_ind_105_pop_0,0.001969,0.000250,0.000000,0.012337
q_ind_106_pop_0,0.144047,0.139569,0.095591,0.214991
q_ind_107_pop_0,0.156057,0.148845,0.105254,0.248236
q_ind_108_pop_0,0.138724,0.127786,0.073583,0.251008
q_ind_109_pop_0,0.111943,0.107981,0.070648,0.166713
q_ind_110_pop_0,0.155931,0.142506,0.098990,0.270056
q_ind_111_pop_0,0.188730,0.179739,0.130200,0.274227
q_ind_112_pop_0,0.191906,0.187191,0.140112,0.268431
q_ind_113_pop_0,0.144153,0.140750,0.095433,0.212777
q_ind_114_pop_0,0.003487,0.000530,0.000000,0.021051
q_ind_115_pop_0,0.002261,0.000200,0.000000,0.017434
q_ind_116_pop_0,0.000676,0.000056,0.000000,0.005160
q_ind_117_pop_0,0.001774,0.000169,0.000000,0.012734
q_ind_118_pop_0,0.000837,0.000065,0.000000,0.006574
q_ind_119_pop_0,0.000652,0.000050,0.000000,0.005373
q_ind_120_pop_0,0.003945,0.001018,0.000000,0.020139
q_ind_121_pop_0,0.000482,0.000037,0.000000,0.003760
q_ind_122_pop_0,0.000786,0.000056,0.000000,0.006713
q_ind_123_pop_0,0.010343,0.003401,0.000000,0.040247
q_ind_124_pop_0,0.008676,0.002286,0.000000,0.043998
q_ind_125_pop_0,0.045050,0.039852,0.000000,0.113748
q_ind_126_pop_0,0.018264,0.007451,0.000000,0.086901
q_ind_127_pop_0,0.029032,0.019552,0.000000,0.101578
q_ind_128_pop_0,0.016927,0.001518,0.000000,0.099727
q_ind_129_pop_0,0.032462,0.025335,0.000000,0.102719
q_ind_130_pop_0,0.057226,0.054495,0.015993,0.126869
q_ind_131_pop_0,0.121601,0.118003,0.075430,0.187672
q_ind_132_pop_0,0.009977,0.005928,0.000000,0.036924
q_ind_133_pop_0,0.008512,0.001927,0.000000,0.040682
q_ind_134_pop_0,0.010238,0.003525,0.000000,0.048325
q_ind_135_pop_0,0.003331,0.000384,0.000000,0.022338
q_ind_136_pop_0,0.001471,0.000107,0.000000,0.010849
q_ind_137_pop_0,0.101468,0.086120,0.054695,0.209257
q_ind_138_pop_0,0.013285,0.007768,0.000000,0.057433
q_ind_139_pop_0,0.014415,0.009771,0.000000,0.050129
q_ind_140_pop_0,0.003507,0.000265,0.000000,0.028543
q_ind_141_pop_0,0.050812,0.046431,0.016641,0.125011
q_ind_142_pop_0,0.040762,0.039961,0.001377,0.081478
q_ind_143_pop_0,0.010307,0.004679,0.000000,0.045248
q_ind_144_pop_0,0.000672,0.000057,0.000000,0.004948
q_ind_145_pop_0,0.002593,0.000258,0.000000,0.020735
q_ind_146_pop_0,0.002434,0.000332,0.000000,0.015021
q_ind_147_pop_0,0.001526,0.000125,0.000000,0.013344
q_ind_148_pop_0,0.002017,0.000154,0.000000,0.014960
q_ind_149_pop_0,0.001455,0.000163,0.000000,0.009840
q_ind_150_pop_0,0.012061,0.009898,0.000000,0.036935
q_ind_151_pop_0,0.000668,0.000051,0.000000,0.005371
q_ind_152_pop_0,0.001296,0.000109,0.000000,0.009320
q_ind_153_pop_0,0.001122,0.000092,0.000000,0.008190
q_ind_154_pop_0,0.071373,0.069676,0.032775,0.117241
q_ind_155_pop_0,0.293281,0.284800,0.222837,0.373983
q_ind_156_pop_0,0.312573,0.313955,0.249585,0.368919
q_ind_157_pop_0,0.319478,0.318610,0.254374,0.392270
q_ind_158_pop_0,0.292816,0.287864,0.231433,0.371766
q_ind_159_pop_0,0.254918,0.254356,0.178452,0.324627
q_ind_160_pop_0,0.357823,0.356858,0.305230,0.409760
q_ind_161_pop_0,0.332290,0.327175,0.277611,0.391783
q_ind_162_pop_0,0.286189,0.288557,0.223734,0.343358
q_ind_163_pop_0,0.299539,0.302503,0.231404,0.362409
q_ind_164_pop_0,0.181945,0.172845,0.126749,0.264280
q_ind_165_pop_0,0.201994,0.186705,0.140721,0.303245
q_ind_166_pop_0,0.169339,0.164630,0.116751,0.241207
q_ind_167_pop_0,0.017807,0.006145,0.000000,0.089057
q_ind_168_pop_0,0.035020,0.036737,0.000000,0.079154
q_ind_169_pop_0,0.000597,0.000038,0.000000,0.004846
q_ind_170_pop_0,0.001404,0.000143,0.000000,0.010521
q_ind_171_pop_0,0.000818,0.000065,0.000000,0.006104
q_ind_172_pop_0,0.000638,0.000054,0.000000,0.004815
q_ind_173_pop_0,0.000993,0.000069,0.000000,0.008093
q_ind_174_pop_0,0.033678,0.035563,0.000000,0.069506
q_ind_175_pop_0,0.035382,0.039640,0.000000,0.082216
q_ind_176_pop_0,0.021331,0.019587,0.000000,0.063940
q_ind_177_pop_0,0.001528,0.000190,0.000000,0.010421
q_ind_178_pop_0,0.013307,0.007100,0.000000,0.057486
q_ind_179_pop_0,0.050259,0.053911,0.000000,0.117694
q_ind_180_pop_0,0.051666,0.055735,0.000000,0.097886
q_ind_181_pop_0,0.011318,0.004927,0.000000,0.053094
q_ind_182_pop_0,0.004423,0.000393,0.000000,0.030688
q_ind_183_pop_0,0.002340,0.000231,0.000000,0.016671
q_ind_184_pop_0,0.036112,0.031361,0.000001,0.125499
q_ind_185_pop_0,0.008701,0.002817,0.000000,0.046835
q_ind_186_pop_0,0.019922,0.014468,0.000000,0.079064
q_ind_187_pop_0,0.006410,0.000988,0.000000,0.043451
q_ind_188_pop_0,0.002785,0.000257,0.000000,0.018938
q_ind_189_pop_0,0.029059,0.028074,0.000000,0.094574
q_ind_190_pop_0,0.003591,0.000445,0.000000,0.023118
q_ind_191_pop_0,0.154336,0.144958,0.097224,0.248920
q_ind_192_pop_0,0.155962,0.151052,0.107684,0.225967
q_ind_193_pop_0,0.000279,0.000019,0.000000,0.002388
q_ind_194_pop_0,0.154849,0.150117,0.105015,0.220117
q_ind_195_pop_0,0.000259,0.000019,0.000000,0.002057
q_ind_196_pop_0,0.000288,0.000021,0.000000,0.002225
q_ind_197_pop_0,0.000392,0.000028,0.000000,0.002970
q_ind_198_pop_0,0.157376,0.152198,0.107430,0.228286
q_ind_199_pop_0,0.000372,0.000029,0.000000,0.003028
q_ind_200_pop_0,0.062742,0.066591,0.000168,0.107056
q_ind_201_pop_0,0.172229,0.168047,0.122020,0.237106
q_ind_202_pop_0,0.500179,0.465945,0.405893,0.692101
q_ind_203_pop_0,0.497995,0.462277,0.418305,0.679148
q_ind_204_pop_0,0.540293,0.512801,0.447721,0.717855
q_ind_205_pop_0,0.534080,0.508418,0.460106,0.678795
q_ind_206_pop_0,0.478420,0.449724,0.395351,0.651470
q_ind_207_pop_0,0.202263,0.200100,0.155336,0.257080
q_ind_208_pop_0,0.514981,0.484273,0.431680,0.696244
q_ind_209_pop_0,0.401462,0.380663,0.328382,0.499981
q_ind_210_pop_0,0.487016,0.453909,0.400071,0.671587
q_ind_211_pop_0,0.182405,0.180991,0.132903,0.236137
q_ind_212_pop_0,0.040354,0.038958,0.000001,0.102209
q_ind_213_pop_0,0.065094,0.061562,0.023955,0.135853
q_ind_214_pop_0,0.058281,0.059190,0.001157,0.108618
q_ind_215_pop_0,0.040341,0.041799,0.000000,0.092585
q_ind_216_pop_0,0.060664,0.053925,0.028265,0.128527
q_ind_217_pop_0,0.036098,0.024073,0.000000,0.131804
q_ind_218_pop_0,0.070109,0.069969,0.029891,0.111929
q_ind_219_pop_0,0.049291,0.043155,0.000424,0.135080
q_ind_220_pop_0,0.068299,0.066976,0.025511,0.114206
q_ind_221_pop_0,0.076404,0.071040,0.034159,0.171940
q_ind_222_pop_0,0.032480,0.023425,0.000000,0.090807
q_ind_223_pop_0,0.108012,0.103886,0.062304,0.166001
q_ind_224_pop_0,0.020038,0.012655,0.000000,0.072377
q_ind_225_pop_0,0.027745,0.017483,0.000000,0.089183
q_ind_226_pop_0,0.047333,0.048808,0.000000,0.108218
q_ind_227_pop_0,0.003806,0.000301,0.000000,0.028332
q_ind_228_pop_0,0.016974,0.006874,0.000000,0.063642
q_ind_229_pop_0,0.037186,0.025750,0.000000,0.109771
q_ind_230_pop_0,0.058615,0.065171,0.000000,0.114289
q_ind_231_pop_0,0.029032,0.026499,0.000000,0.079177
q_ind_232_pop_0,0.017507,0.012515,0.000000,0.057877
q_ind_233_pop_0,0.000673,0.000056,0.000000,0.005382
q_ind_234_pop_0,0.005886,0.001116,0.000000,0.030026
q_ind_235_pop_0,0.000922,0.000078,0.000000,0.007285
q_ind_236_pop_0,0.000762,0.000069,0.000000,0.006024
q_ind_237_pop_0,0.004980,0.000989,0.000000,0.026047
q_ind_238_pop_0,0.001248,0.000110,0.000000,0.009321
q_ind_239_pop_0,0.005766,0.001151,0.000000,0.030642
q_ind_240_pop_0,0.001486,0.000121,0.000000,0.012042
q_ind_241_pop_0,0.001476,0.000157,0.000000,0.010794
q_ind_242_pop_0,0.011528,0.001231,0.000000,0.071003
q_ind_243_pop_0,0.000746,0.000068,0.000000,0.005806
q_ind_244_pop_0,0.012718,0.002989,0.000000,0.055104
q_ind_0_pop_1,0.001021,0.000087,0.000000,0.007847
q_ind_1_pop_1,0.000652,0.000051,0.000000,0.004984
q_ind_2_pop_1,0.001237,0.000106,0.000000,0.009714
q_ind_3_pop_1,0.001312,0.000134,0.000000,0.009749
q_ind_4_pop_1,0.000820,0.000066,0.000000,0.006216
q_ind_5_pop_1,0.000832,0.000066,0.000000,0.006907
q_ind_6_pop_1,0.002637,0.000226,0.000000,0.017924
q_ind_7_pop_1,0.001108,0.000097,0.000000,0.008420
q_ind_8_pop_1,0.000827,0.000061,0.000000,0.006356
q_ind_9_pop_1,0.000524,0.000039,0.000000,0.004200
q_ind_10_pop_1,0.002866,0.000499,0.000000,0.017174
q_ind_11_pop_1,0.001515,0.000181,0.000000,0.010460
q_ind_12_pop_1,0.008628,0.005988,0.000000,0.029631
q_ind_13_pop_1,0.016997,0.012082,0.000000,0.056277
q_ind_14_pop_1,0.008036,0.001409,0.000000,0.043188
q_ind_15_pop_1,0.007557,0.002303,0.000000,0.034242
q_ind_16_pop_1,0.024136,0.024364,0.000001,0.055773
q_ind_17_pop_1,0.013357,0.011349,0.000000,0.040978
q_ind_18_pop_1,0.025830,0.027632,0.000000,0.053097
q_ind_19_pop_1,0.012951,0.010680,0.000000,0.039486
q_ind_20_pop_1,0.001840,0.000117,0.000000,0.015244
q_ind_21_pop_1,0.004070,0.000489,0.000000,0.033195
q_ind_22_pop_1,0.002422,0.000182,0.000000,0.018100
q_ind_23_pop_1,0.004332,0.000207,0.000000,0.050651
q_ind_24_pop_1,0.004038,0.000251,0.000000,0.038069
q_ind_25_pop_1,0.005091,0.000284,0.000000,0.051524
q_ind_26_pop_1,0.020207,0.011825,0.000000,0.094118
q_ind_27_pop_1,0.001603,0.000175,0.000000,0.010859
q_ind_28_pop_1,0.006958,0.001521,0.000000,0.045110
q_ind_29_pop_1,0.014800,0.001174,0.000000,0.083156
q_ind_30_pop_1,0.000902,0.000073,0.000000,0.006997
q_ind_31_pop_1,0.000548,0.000048,0.000000,0.004270
q_ind_32_pop_1,0.000988,0.000080,0.000000,0.007833
q_ind_33_pop_1,0.000673,0.000061,0.000000,0.004966
q_ind_34_pop_1,0.000769,0.000076,0.000000,0.005759
q_ind_35_pop_1,0.000501,0.000040,0.000000,0.003867
q_ind_36_pop_1,0.005173,0.000704,0.000000,0.040274
q_ind_37_pop_1,0.000513,0.000040,0.000000,0.004129
q_ind_38_pop_1,0.056033,0.054627,0.035288,0.087497
q_ind_39_pop_1,0.020002,0.013485,0.000000,0.073462
q_ind_40_pop_1,0.002216,0.000142,0.000000,0.017424
q_ind_41_pop_1,0.484289,0.478642,0.428451,0.585387
q_ind_42_pop_1,0.457323,0.449936,0.400902,0.565605
q_ind_43_pop_1,0.442751,0.437294,0.389769,0.539934
q_ind_44_pop_1,0.423361,0.418943,0.363836,0.522511
q_ind_45_pop_1,0.463203,0.456101,0.406723,0.575544
q_ind_46_pop_1,0.432851,0.427688,0.380440,0.542770
q_ind_47_pop_1,0.463220,0.459289,0.411247,0.548982
q_ind_48_pop_1,0.450284,0.445919,0.397523,0.539362
q_ind_49_pop_1,0.443637,0.437702,0.389933,0.542620
q_ind_50_pop_1,0.141190,0.141226,0.104413,0.175980
q_ind_51_pop_1,0.125790,0.125980,0.094078,0.156409
q_ind_52_pop_1,0.118184,0.120640,0.078024,0.149177
q_ind_53_pop_1,0.115370,0.115628,0.084304,0.146089
q_ind_54_pop_1,0.127313,0.128402,0.088074,0.158226
q_ind_55_pop_1,0.137503,0.138276,0.100558,0.169502
q_ind_56_pop_1,0.117496,0.117343,0.086242,0.149682
q_ind_57_pop_1,0.138048,0.139041,0.099694,0.172748
q_ind_58_pop_1,0.115435,0.117611,0.071743,0.149082
q_ind_59_pop_1,0.142053,0.142275,0.113374,0.171715
q_ind_60_pop_1,0.110527,0.111657,0.068603,0.145660
q_ind_61_pop_1,0.124761,0.125231,0.085689,0.162276
q_ind_62_pop_1,0.000306,0.000024,0.000000,0.002412
q_ind_63_pop_1,0.000284,0.000023,0.000000,0.002101
q_ind_64_pop_1,0.000381,0.000030,0.000000,0.002927
q_ind_65_pop_1,0.000354,0.000025,0.000000,0.002803
q_ind_66_pop_1,0.000502,0.000041,0.000000,0.004041
q_ind_67_pop_1,0.532744,0.517406,0.476536,0.666878
q_ind_68_pop_1,0.426915,0.417904,0.364257,0.515001
q_ind_69_pop_1,0.456896,0.458591,0.406519,0.499918
q_ind_70_pop_1,0.533401,0.523598,0.480729,0.659331
q_ind_71_pop_1,0.510766,0.502735,0.457103,0.624344
q_ind_72_pop_1,0.544967,0.535843,0.487671,0.657985
q_ind_73_pop_1,0.402549,0.385832,0.345190,0.514045
q_ind_74_pop_1,0.356656,0.344690,0.300777,0.434344
q_ind_75_pop_1,0.561799,0.551117,0.508722,0.697031
q_ind_76_pop_1,0.006547,0.000386,0.000000,0.062410
q_ind_77_pop_1,0.000940,0.000079,0.000000,0.006866
q_ind_78_pop_1,0.006995,0.000261,0.000000,0.066623
q_ind_79_pop_1,0.001496,0.000128,0.000000,0.011804
q_ind_80_pop_1,0.002740,0.000257,0.000000,0.021594
q_ind_81_pop_1,0.001721,0.000136,0.000000,0.013206
q_ind_82_pop_1,0.007832,0.001661,0.000000,0.055857
q_ind_83_pop_1,0.001500,0.000112,0.000000,0.011710
q_ind_84_pop_1,0.002548,0.000133,0.000000,0.028182
q_ind_85_pop_1,0.016747,0.003905,0.000000,0.076263
q_ind_86_pop_1,0.000929,0.000076,0.000000,0.006673
q_ind_87_pop_1,0.002061,0.000176,0.000000,0.015541
q_ind_88_pop_1,0.001080,0.000086,0.000000,0.008651
q_ind_89_pop_1,0.001546,0.000111,0.000000,0.011985
q_ind_90_pop_1,0.005231,0.001133,0.000000,0.027160
q_ind_91_pop_1,0.006205,0.000818,0.000000,0.038734
q_ind_92_pop_1,0.008410,0.002324,0.000000,0.040826
q_ind_93_pop_1,0.059480,0.058697,0.024305,0.098177
q_ind_94_pop_1,0.006002,0.001610,0.000000,0.032521
q_ind_95_pop_1,0.002293,0.000444,0.000000,0.013625
q_ind_96_pop_1,0.002768,0.000498,0.000000,0.016141
q_ind_97_pop_1,0.012887,0.004758,0.000000,0.053508
q_ind_98_pop_1,0.002546,0.000133,0.000000,0.024402
q_ind_99_pop_1,0.000775,0.000068,0.000000,0.005944
q_ind_100_pop_1,0.000449,0.000032,0.000000,0.003446
q_ind_101_pop_1,0.000369,0.000032,0.000000,0.002841
q_ind_102_pop_1,0.000870,0.000081,0.000000,0.006554
q_ind_103_pop_1,0.000621,0.000041,0.000000,0.004776
q_ind_104_pop_1,0.036330,0.036360,0.014336,0.057393
q_ind_105_pop_1,0.007350,0.004244,0.000000,0.027927
q_ind_106_pop_1,0.227005,0.213759,0.166906,0.320995
q_ind_107_pop_1,0.205137,0.200148,0.152222,0.282546
q_ind_108_pop_1,0.225670,0.215279,0.164637,0.325356
q_ind_109_pop_1,0.221224,0.211874,0.164385,0.308634
q_ind_110_pop_1,0.237610,0.233589,0.186794,0.315138
q_ind_111_pop_1,0.127125,0.123437,0.081100,0.190934
q_ind_112_pop_1,0.185374,0.181606,0.138844,0.254082
q_ind_113_pop_1,0.205820,0.201456,0.153524,0.279742
q_ind_114_pop_1,0.025138,0.025394,0.000001,0.054819
q_ind_115_pop_1,0.001969,0.000178,0.000000,0.015618
q_ind_116_pop_1,0.001604,0.000193,0.000000,0.011440
q_ind_117_pop_1,0.022330,0.023399,0.000000,0.047099
q_ind_118_pop_1,0.002559,0.000520,0.000000,0.015098
q_ind_119_pop_1,0.000726,0.000054,0.000000,0.006217
q_ind_120_pop_1,0.002519,0.000373,0.000000,0.016582
q_ind_121_pop_1,0.000799,0.000059,0.000000,0.006618
q_ind_122_pop_1,0.000739,0.000064,0.000000,0.005556
q_ind_123_pop_1,0.009429,0.006827,0.000000,0.031097
q_ind_124_pop_1,0.003096,0.000370,0.000000,0.019458
q_ind_125_pop_1,0.002220,0.000210,0.000000,0.015719
q_ind_126_pop_1,0.001129,0.000100,0.000000,0.008736
q_ind_127_pop_1,0.001736,0.000133,0.000000,0.012123
q_ind_128_pop_1,0.001577,0.000174,0.000000,0.011574
q_ind_129_pop_1,0.001069,0.000099,0.000000,0.007942
q_ind_130_pop_1,0.001107,0.000085,0.000000,0.008495
q_ind_131_pop_1,0.003900,0.000199,0.000000,0.035175
q_ind_132_pop_1,0.033452,0.029635,0.000001,0.109699
q_ind_133_pop_1,0.034264,0.029358,0.000020,0.105938
q_ind_134_pop_1,0.016641,0.006424,0.000000,0.083047
q_ind_135_pop_1,0.026683,0.019454,0.000000,0.099156
q_ind_136_pop_1,0.052435,0.045219,0.017518,0.138122
q_ind_137_pop_1,0.026554,0.018256,0.000000,0.083994
q_ind_138_pop_1,0.049280,0.037012,0.005987,0.148507
q_ind_139_pop_1,0.019911,0.012679,0.000000,0.084819
q_ind_140_pop_1,0.050647,0.045869,0.009575,0.123964
q_ind_141_pop_1,0.083321,0.077063,0.048121,0.146746
q_ind_142_pop_1,0.036998,0.035620,0.000303,0.076268
q_ind_143_pop_1,0.048689,0.044462,0.002394,0.115637
q_ind_144_pop_1,0.000341,0.000029,0.000000,0.002514
q_ind_145_pop_1,0.000731,0.000066,0.000000,0.005847
q_ind_146_pop_1,0.000509,0.000044,0.000000,0.003859
q_ind_147_pop_1,0.002189,0.000294,0.000000,0.014080
q_ind_148_pop_1,0.008281,0.003342,0.000000,0.036902
q_ind_149_pop_1,0.000773,0.000074,0.000000,0.005485
q_ind_150_pop_1,0.003734,0.000844,0.000000,0.018739
q_ind_151_pop_1,0.000481,0.000040,0.000000,0.003780
q_ind_152_pop_1,0.000561,0.000052,0.000000,0.004468
q_ind_153_pop_1,0.000669,0.000051,0.000000,0.005419
q_ind_154_pop_1,0.005129,0.000959,0.000000,0.027220
q_ind_155_pop_1,0.000884,0.000080,0.000000,0.006738
q_ind_156_pop_1,0.000944,0.000073,0.000000,0.007233
q_ind_157_pop_1,0.000918,0.000076,0.000000,0.007055
q_ind_158_pop_1,0.000645,0.000055,0.000000,0.004970
q_ind_159_pop_1,0.001186,0.000094,0.000000,0.009047
q_ind_160_pop_1,0.001267,0.000100,0.000000,0.009551
q_ind_161_pop_1,0.001265,0.000100,0.000000,0.009953
q_ind_162_pop_1,0.000660,0.000046,0.000000,0.005235
q_ind_163_pop_1,0.001105,0.000086,0.000000,0.008717
q_ind_164_pop_1,0.047404,0.045228,0.000120,0.107711
q_ind_165_pop_1,0.038038,0.039086,0.000056,0.073328
q_ind_166_pop_1,0.063762,0.059476,0.022751,0.124174
q_ind_167_pop_1,0.125348,0.113174,0.081160,0.211514
q_ind_168_pop_1,0.014897,0.004000,0.000000,0.066002
q_ind_169_pop_1,0.016162,0.000531,0.000000,0.106852
q_ind_170_pop_1,0.019431,0.000725,0.000000,0.126103
q_ind_171_pop_1,0.019982,0.015420,0.000000,0.066139
q_ind_172_pop_1,0.009859,0.002264,0.000000,0.050527
q_ind_173_pop_1,0.001480,0.000117,0.000000,0.011259
q_ind_174_pop_1,0.040432,0.038901,0.006413,0.076347
q_ind_175_pop_1,0.044331,0.042247,0.012426,0.087610
q_ind_176_pop_1,0.001076,0.000097,0.000000,0.008132
q_ind_177_pop_1,0.000941,0.000092,0.000000,0.007462
q_ind_178_pop_1,0.000676,0.000050,0.000000,0.005189
q_ind_179_pop_1,0.000646,0.000046,0.000000,0.005211
q_ind_180_pop_1,0.017295,0.010966,0.000000,0.058395
q_ind_181_pop_1,0.001150,0.000097,0.000000,0.008615
q_ind_182_pop_1,0.001084,0.000090,0.000000,0.008978
q_ind_183_pop_1,0.012661,0.010357,0.000000,0.038629
q_ind_184_pop_1,0.333270,0.325506,0.267656,0.445435
q_ind_185_pop_1,0.332464,0.325309,0.280629,0.442333
q_ind_186_pop_1,0.348165,0.342351,0.303512,0.430709
q_ind_187_pop_1,0.350281,0.341494,0.299730,0.446974
q_ind_188_pop_1,0.371828,0.363881,0.306840,0.491159
q_ind_189_pop_1,0.305684,0.289293,0.248147,0.429987
q_ind_190_pop_1,0.358377,0.348841,0.302006,0.466782
q_ind_191_pop_1,0.001491,0.000111,0.000000,0.012253
q_ind_192_pop_1,0.001028,0.000081,0.000000,0.008134
q_ind_193_pop_1,0.000182,0.000014,0.000000,0.001407
q_ind_194_pop_1,0.000681,0.000045,0.000000,0.005439
q_ind_195_pop_1,0.000210,0.000015,0.000000,0.001691
q_ind_196_pop_1,0.000206,0.000014,0.000000,0.001628
q_ind_197_pop_1,0.000191,0.000014,0.000000,0.001538
q_ind_198_pop_1,0.000490,0.000040,0.000000,0.003756
q_ind_199_pop_1,0.000250,0.000019,0.000000,0.001994
q_ind_200_pop_1,0.320308,0.311504,0.273456,0.403349
q_ind_201_pop_1,0.000484,0.000034,0.000000,0.003859
q_ind_202_pop_1,0.001197,0.000083,0.000000,0.009574
q_ind_203_pop_1,0.001634,0.000143,0.000000,0.011454
q_ind_204_pop_1,0.002207,0.000196,0.000000,0.016448
q_ind_205_pop_1,0.001797,0.000139,0.000000,0.013752
q_ind_206_pop_1,0.004171,0.000784,0.000000,0.021871
q_ind_207_pop_1,0.082683,0.078013,0.046914,0.133547
q_ind_208_pop_1,0.005381,0.000466,0.000000,0.042490
q_ind_209_pop_1,0.104238,0.102945,0.072075,0.143307
q_ind_210_pop_1,0.002299,0.000306,0.000000,0.014884
q_ind_211_pop_1,0.091837,0.090979,0.059000,0.129239
q_ind_212_pop_1,0.028812,0.027893,0.000003,0.071823
q_ind_213_pop_1,0.017547,0.013364,0.000000,0.058859
q_ind_214_pop_1,0.023541,0.023070,0.000001,0.057519
q_ind_215_pop_1,0.054628,0.053456,0.023183,0.095368
q_ind_216_pop_1,0.034898,0.034225,0.006404,0.068176
q_ind_217_pop_1,0.037225,0.036571,0.015505,0.061538
q_ind_218_pop_1,0.031384,0.030295,0.000061,0.067970
q_ind_219_pop_1,0.016999,0.014769,0.000000,0.049612
q_ind_220_pop_1,0.021410,0.017670,0.000000,0.059323
q_ind_221_pop_1,0.041381,0.036357,0.000001,0.125388
q_ind_222_pop_1,0.112672,0.106840,0.068670,0.184465
q_ind_223_pop_1,0.083343,0.082258,0.055741,0.115465
q_ind_224_pop_1,0.147896,0.143199,0.104916,0.214509
q_ind_225_pop_1,0.128824,0.126614,0.086399,0.183077
q_ind_226_pop_1,0.103276,0.096028,0.054000,0.192520
q_ind_227_pop_1,0.070219,0.065040,0.030207,0.146887
q_ind_228_pop_1,0.086216,0.081637,0.045336,0.154332
q_ind_229_pop_1,0.094504,0.090917,0.050906,0.163289
q_ind_230_pop_1,0.091629,0.087877,0.052068,0.149311
q_ind_231_pop_1,0.120179,0.118008,0.080016,0.175695
q_ind_232_pop_1,0.083080,0.079466,0.046583,0.151622
q_ind_233_pop_1,0.632460,0.618619,0.577393,0.794832
q_ind_234_pop_1,0.606461,0.597737,0.555435,0.739420
q_ind_235_pop_1,0.621934,0.611963,0.566893,0.768915
q_ind_236_pop_1,0.625942,0.613173,0.573981,0.775889
q_ind_237_pop_1,0.598514,0.586816,0.547956,0.742275
q_ind_238_pop_1,0.615020,0.601677,0.562422,0.785571
q_ind_239_pop_1,0.523481,0.517164,0.484139,0.620591
q_ind_240_pop_1,0.539459,0.529486,0.488079,0.660097
q_ind_241_pop_1,0.603121,0.590600,0.551844,0.743397
q_ind_242_pop_1,0.492577,0.494174,0.463993,0.541673
q_ind_243_pop_1,0.629524,0.619608,0.571132,0.772558
q_ind_244_pop_1,0.494715,0.495579,0.463383,0.555197
q_ind_0_pop_2,0.124642,0.126151,0.079120,0.165719
q_ind_1_pop_2,0.093408,0.096049,0.042712,0.137262
q_ind_2_pop_2,0.046867,0.054293,0.000000,0.093598
q_ind_3_pop_2,0.032220,0.030541,0.000000,0.087009
q_ind_4_pop_2,0.193943,0.193695,0.154061,0.234642
q_ind_5_pop_2,0.052046,0.056667,0.000002,0.092703
q_ind_6_pop_2,0.071800,0.080017,0.000002,0.116326
q_ind_7_pop_2,0.048911,0.055926,0.000000,0.093105
q_ind_8_pop_2,0.057909,0.057561,0.016729,0.101965
q_ind_9_pop_2,0.029120,0.027135,0.000000,0.080548
q_ind_10_pop_2,0.041463,0.045717,0.000000,0.086992
q_ind_11_pop_2,0.046676,0.049570,0.000000,0.098515
q_ind_12_pop_2,0.173822,0.172978,0.134251,0.216143
q_ind_13_pop_2,0.166799,0.164624,0.122672,0.225912
q_ind_14_pop_2,0.171712,0.170662,0.136126,0.216241
q_ind_15_pop_2,0.178231,0.176377,0.138378,0.228601
q_ind_16_pop_2,0.167958,0.167761,0.129402,0.209892
q_ind_17_pop_2,0.142028,0.141806,0.097410,0.189570
q_ind_18_pop_2,0.180125,0.177661,0.136583,0.254326
q_ind_19_pop_2,0.173294,0.173944,0.130364,0.217449
q_ind_20_pop_2,0.610775,0.537300,0.492425,0.947953
q_ind_21_pop_2,0.627216,0.568472,0.448486,0.957786
q_ind_22_pop_2,0.657237,0.581255,0.540642,0.991381
q_ind_23_pop_2,0.529409,0.464200,0.396258,0.863565
q_ind_24_pop_2,0.610449,0.544768,0.499509,0.916884
q_ind_25_pop_2,0.666841,0.594720,0.558039,0.985835
q_ind_26_pop_2,0.625583,0.550306,0.507752,0.990388
q_ind_27_pop_2,0.642444,0.565478,0.519308,0.985412
q_ind_28_pop_2,0.637847,0.567021,0.520115,0.961493
q_ind_29_pop_2,0.605421,0.544076,0.500975,0.922276
q_ind_30_pop_2,0.000893,0.000078,0.000000,0.006163
q_ind_31_pop_2,0.003843,0.000193,0.000000,0.041426
q_ind_32_pop_2,0.020864,0.005033,0.000000,0.111369
q_ind_33_pop_2,0.001658,0.000088,0.000000,0.010456
q_ind_34_pop_2,0.001973,0.000116,0.000000,0.017388
q_ind_35_pop_2,0.000377,0.000032,0.000000,0.002976
q_ind_36_pop_2,0.001936,0.000147,0.000000,0.014869
q_ind_37_pop_2,0.000522,0.000043,0.000000,0.004081
q_ind_38_pop_2,0.097473,0.088166,0.023197,0.221564
q_ind_39_pop_2,0.011664,0.003844,0.000000,0.064608
q_ind_40_pop_2,0.093191,0.075060,0.035946,0.217847
q_ind_41_pop_2,0.000917,0.000079,0.000000,0.006720
q_ind_42_pop_2,0.001392,0.000136,0.000000,0.009678
q_ind_43_pop_2,0.001060,0.000090,0.000000,0.008477
q_ind_44_pop_2,0.000758,0.000059,0.000000,0.005607
q_ind_45_pop_2,0.000548,0.000043,0.000000,0.004574
q_ind_46_pop_2,0.000947,0.000090,0.000000,0.006836
q_ind_47_pop_2,0.000976,0.000081,0.000000,0.007233
q_ind_48_pop_2,0.000986,0.000078,0.000000,0.007415
q_ind_49_pop_2,0.000705,0.000056,0.000000,0.005473
q_ind_50_pop_2,0.010076,0.007440,0.000000,0.035836
q_ind_51_pop_2,0.012556,0.006652,0.000000,0.043722
q_ind_52_pop_2,0.001126,0.000092,0.000000,0.009023
q_ind_53_pop_2,0.004676,0.001123,0.000000,0.024835
q_ind_54_pop_2,0.002942,0.000350,0.000000,0.019714
q_ind_55_pop_2,0.002126,0.000194,0.000000,0.016575
q_ind_56_pop_2,0.081876,0.083404,0.035503,0.122605
q_ind_57_pop_2,0.004225,0.000336,0.000000,0.028218
q_ind_58_pop_2,0.006175,0.001276,0.000000,0.030907
q_ind_59_pop_2,0.004749,0.001672,0.000000,0.023717
q_ind_60_pop_2,0.001178,0.000104,0.000000,0.008402
q_ind_61_pop_2,0.004312,0.001077,0.000000,0.021747
q_ind_62_pop_2,0.000507,0.000040,0.000000,0.003884
q_ind_63_pop_2,0.000587,0.000040,0.000000,0.004757
q_ind_64_pop_2,0.000427,0.000027,0.000000,0.003515
q_ind_65_pop_2,0.000430,0.000033,0.000000,0.003402
q_ind_66_pop_2,0.000714,0.000040,0.000000,0.006265
q_ind_67_pop_2,0.103977,0.097250,0.064229,0.195590
q_ind_68_pop_2,0.106085,0.102374,0.050374,0.206205
q_ind_69_pop_2,0.094439,0.079950,0.047019,0.225363
q_ind_70_pop_2,0.101550,0.092645,0.054513,0.211243
q_ind_71_pop_2,0.110145,0.103093,0.065609,0.197867
q_ind_72_pop_2,0.086691,0.078073,0.034824,0.211070
q_ind_73_pop_2,0.116293,0.109775,0.059460,0.218200
q_ind_74_pop_2,0.124603,0.116333,0.056883,0.259091
q_ind_75_pop_2,0.090551,0.088625,0.053716,0.141166
q_ind_76_pop_2,0.549684,0.493388,0.457737,0.817837
q_ind_77_pop_2,0.534848,0.476056,0.422650,0.800285
q_ind_78_pop_2,0.545672,0.489797,0.437683,0.815291
q_ind_79_pop_2,0.550040,0.495442,0.457940,0.799266
q_ind_80_pop_2,0.496572,0.450631,0.382127,0.759047
q_ind_81_pop_2,0.515607,0.459495,0.407387,0.778861
q_ind_82_pop_2,0.544183,0.490036,0.446965,0.806735
q_ind_83_pop_2,0.519098,0.459914,0.411662,0.786789
q_ind_84_pop_2,0.545208,0.488616,0.444200,0.817319
q_ind_85_pop_2,0.503103,0.446352,0.385683,0.792180
q_ind_86_pop_2,0.547441,0.493839,0.450194,0.801710
q_ind_87_pop_2,0.079384,0.077006,0.015437,0.154112
q_ind_88_pop_2,0.067560,0.070250,0.008339,0.112515
q_ind_89_pop_2,0.055510,0.055104,0.005567,0.102970
q_ind_90_pop_2,0.056750,0.057698,0.011111,0.098736
q_ind_91_pop_2,0.052400,0.052303,0.000268,0.112083
q_ind_92_pop_2,0.052202,0.058746,0.000000,0.106213
q_ind_93_pop_2,0.126965,0.126613,0.083218,0.171375
q_ind_94_pop_2,0.038570,0.032943,0.000000,0.117919
q_ind_95_pop_2,0.001300,0.000123,0.000000,0.009206
q_ind_96_pop_2,0.001130,0.000106,0.000000,0.008671
q_ind_97_pop_2,0.276661,0.263207,0.189523,0.471091
q_ind_98_pop_2,0.161244,0.159112,0.107175,0.235510
q_ind_99_pop_2,0.000788,0.000076,0.000000,0.005693
q_ind_100_pop_2,0.000553,0.000049,0.000000,0.004346
q_ind_101_pop_2,0.000320,0.000030,0.000000,0.002388
q_ind_102_pop_2,0.000592,0.000053,0.000000,0.004643
q_ind_103_pop_2,0.000395,0.000028,0.000000,0.003101
q_ind_104_pop_2,0.178544,0.175347,0.124701,0.248835
q_ind_105_pop_2,0.007816,0.003007,0.000000,0.039351
q_ind_106_pop_2,0.173202,0.161606,0.108781,0.318182
q_ind_107_pop_2,0.182210,0.173408,0.121092,0.280510
q_ind_108_pop_2,0.110028,0.097691,0.034954,0.263374
q_ind_109_pop_2,0.169219,0.153773,0.096642,0.324480
q_ind_110_pop_2,0.129758,0.126634,0.073488,0.209805
q_ind_111_pop_2,0.171655,0.168991,0.102835,0.258332
q_ind_112_pop_2,0.195970,0.182915,0.119436,0.328800
q_ind_113_pop_2,0.214718,0.200929,0.134389,0.358930
q_ind_114_pop_2,0.001883,0.000158,0.000000,0.014904
q_ind_115_pop_2,0.000883,0.000073,0.000000,0.006721
q_ind_116_pop_2,0.000855,0.000087,0.000000,0.006157
q_ind_117_pop_2,0.001497,0.000117,0.000000,0.011072
q_ind_118_pop_2,0.002314,0.000320,0.000000,0.014346
q_ind_119_pop_2,0.000395,0.000037,0.000000,0.002941
q_ind_120_pop_2,0.001445,0.000116,0.000000,0.010969
q_ind_121_pop_2,0.000591,0.000046,0.000000,0.004792
q_ind_122_pop_2,0.000967,0.000079,0.000000,0.007648
q_ind_123_pop_2,0.014847,0.006747,0.000000,0.075119
q_ind_124_pop_2,0.528035,0.471535,0.429277,0.801223
q_ind_125_pop_2,0.475235,0.421040,0.372804,0.763508
q_ind_126_pop_2,0.512117,0.447714,0.398655,0.819658
q_ind_127_pop_2,0.509947,0.465284,0.410246,0.772479
q_ind_128_pop_2,0.559291,0.494745,0.425746,0.880890
q_ind_129_pop_2,0.492762,0.430324,0.383942,0.791739
q_ind_130_pop_2,0.408907,0.386705,0.349076,0.535268
q_ind_131_pop_2,0.364423,0.351415,0.313632,0.445930
q_ind_132_pop_2,0.616299,0.552758,0.502593,0.947200
q_ind_133_pop_2,0.595497,0.524986,0.482954,0.941242
q_ind_134_pop_2,0.614396,0.549974,0.504181,0.936847
q_ind_135_pop_2,0.620137,0.557147,0.506166,0.952653
q_ind_136_pop_2,0.590103,0.524109,0.482686,0.912356
q_ind_137_pop_2,0.444907,0.413142,0.361892,0.672693
q_ind_138_pop_2,0.539356,0.484015,0.441750,0.832828
q_ind_139_pop_2,0.568526,0.508062,0.458733,0.889089
q_ind_140_pop_2,0.566699,0.501918,0.454163,0.880248
q_ind_141_pop_2,0.340916,0.333858,0.291356,0.435481
q_ind_142_pop_2,0.558520,0.497094,0.447131,0.880226
q_ind_143_pop_2,0.605518,0.538259,0.492107,0.929300
q_ind_144_pop_2,0.000492,0.000038,0.000000,0.003786
q_ind_145_pop_2,0.022050,0.021329,0.000000,0.061235
q_ind_146_pop_2,0.000896,0.000064,0.000000,0.007094
q_ind_147_pop_2,0.015025,0.013263,0.000000,0.043272
q_ind_148_pop_2,0.002427,0.000201,0.000000,0.019214
q_ind_149_pop_2,0.000681,0.000050,0.000000,0.005367
q_ind_150_pop_2,0.001785,0.000232,0.000000,0.011360
q_ind_151_pop_2,0.000498,0.000042,0.000000,0.003716
q_ind_152_pop_2,0.000623,0.000055,0.000000,0.004867
q_ind_153_pop_2,0.001173,0.000130,0.000000,0.008095
q_ind_154_pop_2,0.202739,0.196833,0.157047,0.280129
q_ind_155_pop_2,0.031271,0.035516,0.000000,0.075588
q_ind_156_pop_2,0.003873,0.000286,0.000000,0.031127
q_ind_157_pop_2,0.009786,0.002137,0.000000,0.054377
q_ind_158_pop_2,0.066339,0.072055,0.000003,0.110928
q_ind_159_pop_2,0.010159,0.002838,0.000000,0.045850
q_ind_160_pop_2,0.000888,0.000065,0.000000,0.007094
q_ind_161_pop_2,0.011341,0.003007,0.000000,0.046489
q_ind_162_pop_2,0.011710,0.001395,0.000000,0.061157
q_ind_163_pop_2,0.013520,0.001093,0.000000,0.076062
q_ind_164_pop_2,0.265541,0.242984,0.176715,0.444772
q_ind_165_pop_2,0.269938,0.247441,0.204116,0.424647
q_ind_166_pop_2,0.276348,0.243160,0.191771,0.469320
q_ind_167_pop_2,0.406858,0.377591,0.340682,0.585294
q_ind_168_pop_2,0.374277,0.356354,0.314088,0.491800
q_ind_169_pop_2,0.609127,0.532825,0.485798,0.980704
q_ind_170_pop_2,0.598552,0.523738,0.436008,0.976876
q_ind_171_pop_2,0.648642,0.585876,0.545998,0.979536
q_ind_172_pop_2,0.570443,0.517404,0.480393,0.852570
q_ind_173_pop_2,0.659047,0.589346,0.551468,0.993181
q_ind_174_pop_2,0.452626,0.413199,0.377437,0.692740
q_ind_175_pop_2,0.302729,0.288476,0.228684,0.422558
q_ind_176_pop_2,0.368898,0.345094,0.285841,0.497022
q_ind_177_pop_2,0.404098,0.371408,0.336194,0.568643
q_ind_178_pop_2,0.375219,0.348095,0.304218,0.515635
q_ind_179_pop_2,0.357109,0.313219,0.261396,0.567471
q_ind_180_pop_2,0.343264,0.326654,0.269494,0.457192
q_ind_181_pop_2,0.404230,0.366128,0.324323,0.586946
q_ind_182_pop_2,0.392401,0.356723,0.310737,0.563967
q_ind_183_pop_2,0.374343,0.354710,0.313468,0.487028
q_ind_184_pop_2,0.288352,0.254328,0.190431,0.525858
q_ind_185_pop_2,0.273385,0.244132,0.206366,0.453692
q_ind_186_pop_2,0.254272,0.227655,0.181807,0.431343
q_ind_187_pop_2,0.238030,0.218024,0.177137,0.389609
q_ind_188_pop_2,0.274316,0.244817,0.189265,0.471926
q_ind_189_pop_2,0.242414,0.222017,0.180572,0.435485
q_ind_190_pop_2,0.253113,0.229161,0.185202,0.423978
q_ind_191_pop_2,0.000851,0.000063,0.000000,0.006532
q_ind_192_pop_2,0.005418,0.000339,0.000000,0.040772
q_ind_193_pop_2,0.000204,0.000015,0.000000,0.001601
q_ind_194_pop_2,0.001542,0.000093,0.000000,0.016255
q_ind_195_pop_2,0.000213,0.000016,0.000000,0.001594
q_ind_196_pop_2,0.000254,0.000016,0.000000,0.001968
q_ind_197_pop_2,0.000272,0.000018,0.000000,0.002361
q_ind_198_pop_2,0.002011,0.000112,0.000000,0.018309
q_ind_199_pop_2,0.000329,0.000023,0.000000,0.002523
q_ind_200_pop_2,0.072905,0.078775,0.000670,0.122137
q_ind_201_pop_2,0.000784,0.000063,0.000000,0.005774
q_ind_202_pop_2,0.003434,0.000348,0.000000,0.024263
q_ind_203_pop_2,0.008601,0.001357,0.000000,0.044152
q_ind_204_pop_2,0.008190,0.002433,0.000000,0.039599
q_ind_205_pop_2,0.001519,0.000118,0.000000,0.012016
q_ind_206_pop_2,0.004407,0.000728,0.000000,0.028280
q_ind_207_pop_2,0.117041,0.116914,0.076262,0.160095
q_ind_208_pop_2,0.012640,0.003246,0.000000,0.058095
q_ind_209_pop_2,0.006669,0.000843,0.000000,0.047150
q_ind_210_pop_2,0.008623,0.002468,0.000000,0.039924
q_ind_211_pop_2,0.073087,0.081076,0.000358,0.121267
q_ind_212_pop_2,0.468245,0.427680,0.383045,0.704413
q_ind_213_pop_2,0.474581,0.435565,0.388332,0.734575
q_ind_214_pop_2,0.463093,0.420872,0.370401,0.723124
q_ind_215_pop_2,0.452555,0.415675,0.354423,0.701504
q_ind_216_pop_2,0.476587,0.435109,0.399562,0.722442
q_ind_217_pop_2,0.438921,0.420963,0.369595,0.604810
q_ind_218_pop_2,0.450959,0.414109,0.363320,0.678509
q_ind_219_pop_2,0.480745,0.444167,0.397284,0.731430
q_ind_220_pop_2,0.408636,0.380955,0.323239,0.603449
q_ind_221_pop_2,0.435427,0.398065,0.343602,0.685989
q_ind_222_pop_2,0.020498,0.003158,0.000000,0.077673
q_ind_223_pop_2,0.148956,0.151792,0.093527,0.194042
q_ind_224_pop_2,0.001774,0.000144,0.000000,0.013404
q_ind_225_pop_2,0.044806,0.043659,0.000000,0.113081
q_ind_226_pop_2,0.001634,0.000139,0.000000,0.012496
q_ind_227_pop_2,0.001448,0.000099,0.000000,0.011834
q_ind_228_pop_2,0.000797,0.000061,0.000000,0.005934
q_ind_229_pop_2,0.001731,0.000121,0.000000,0.013556
q_ind_230_pop_2,0.008912,0.001447,0.000000,0.054392
q_ind_231_pop_2,0.002887,0.000267,0.000000,0.020639
q_ind_232_pop_2,0.003561,0.000426,0.000000,0.023875
q_ind_233_pop_2,0.000886,0.000077,0.000000,0.006815
q_ind_234_pop_2,0.008096,0.002594,0.000000,0.035784
q_ind_235_pop_2,0.019357,0.017005,0.000000,0.057427
q_ind_236_pop_2,0.001143,0.000097,0.000000,0.009113
q_ind_237_pop_2,0.002246,0.000211,0.000000,0.016679
q_ind_238_pop_2,0.001626,0.000142,0.000000,0.011651
q_ind_239_pop_2,0.003847,0.000443,0.000000,0.023594
q_ind_240_pop_2,0.061871,0.059386,0.016780,0.139547
q_ind_241_pop_2,0.008177,0.002067,0.000000,0.038791
q_ind_242_pop_2,0.021279,0.014666,0.000000,0.091789
q_ind_243_pop_2,0.015271,0.004269,0.000000,0.091983
q_ind_244_pop_2,0.025729,0.015119,0.000000,0.115912
q_ind_0_pop_3,0.056497,0.053961,0.020726,0.102088
q_ind_1_pop_3,0.060462,0.059648,0.030829,0.093036
q_ind_2_pop_3,0.051473,0.051237,0.014880,0.092235
q_ind_3_pop_3,0.018156,0.013140,0.000000,0.056740
q_ind_4_pop_3,0.057172,0.053660,0.032549,0.097833
q_ind_5_pop_3,0.060984,0.060482,0.022979,0.100821
q_ind_6_pop_3,0.027907,0.027194,0.001581,0.058113
q_ind_7_pop_3,0.045742,0.044598,0.015886,0.080961
q_ind_8_pop_3,0.076059,0.075539,0.036500,0.117367
q_ind_9_pop_3,0.034899,0.035648,0.002342,0.060416
q_ind_10_pop_3,0.018749,0.018161,0.000000,0.046292
q_ind_11_pop_3,0.047744,0.046949,0.020698,0.079183
q_ind_12_pop_3,0.003983,0.001072,0.000000,0.019192
q_ind_13_pop_3,0.046693,0.045689,0.023006,0.076037
q_ind_14_pop_3,0.035414,0.034802,0.013927,0.060826
q_ind_15_pop_3,0.035901,0.036202,0.006792,0.060298
q_ind_16_pop_3,0.019104,0.018659,0.000001,0.045249
q_ind_17_pop_3,0.003612,0.000578,0.000000,0.021927
q_ind_18_pop_3,0.028713,0.029424,0.002875,0.048840
q_ind_19_pop_3,0.029453,0.028032,0.007115,0.057213
q_ind_20_pop_3,0.001912,0.000196,0.000000,0.014717
q_ind_21_pop_3,0.022823,0.021851,0.000009,0.053307
q_ind_22_pop_3,0.013989,0.012194,0.000000,0.040423
q_ind_23_pop_3,0.048911,0.048330,0.021376,0.080037
q_ind_24_pop_3,0.001190,0.000108,0.000000,0.008812
q_ind_25_pop_3,0.021015,0.020112,0.000024,0.047477
q_ind_26_pop_3,0.004029,0.000663,0.000000,0.023493
q_ind_27_pop_3,0.012171,0.008503,0.000000,0.043266
q_ind_28_pop_3,0.021329,0.020663,0.000076,0.045957
q_ind_29_pop_3,0.024132,0.023554,0.000001,0.056270
q_ind_30_pop_3,0.000762,0.000085,0.000000,0.005756
q_ind_31_pop_3,0.002671,0.000269,0.000000,0.021237
q_ind_32_pop_3,0.001956,0.000251,0.000000,0.013107
q_ind_33_pop_3,0.001298,0.000092,0.000000,0.010298
q_ind_34_pop_3,0.001334,0.000114,0.000000,0.010024
q_ind_35_pop_3,0.000701,0.000050,0.000000,0.005334
q_ind_36_pop_3,0.001832,0.000221,0.000000,0.012441
q_ind_37_pop_3,0.000564,0.000036,0.000000,0.004720
q_ind_38_pop_3,0.053718,0.053283,0.033764,0.075387
q_ind_39_pop_3,0.033379,0.030347,0.000000,0.091083
q_ind_40_pop_3,0.074655,0.073898,0.041146,0.113831
q_ind_41_pop_3,0.001268,0.000103,0.000000,0.010295
q_ind_42_pop_3,0.001846,0.000237,0.000000,0.011959
q_ind_43_pop_3,0.001950,0.000191,0.000000,0.014902
q_ind_44_pop_3,0.001454,0.000142,0.000000,0.010882
q_ind_45_pop_3,0.000563,0.000043,0.000000,0.004427
q_ind_46_pop_3,0.006404,0.002719,0.000000,0.027750
q_ind_47_pop_3,0.004677,0.000829,0.000000,0.027637
q_ind_48_pop_3,0.001106,0.000087,0.000000,0.009252
q_ind_49_pop_3,0.000921,0.000089,0.000000,0.007210
q_ind_50_pop_3,0.003587,0.001077,0.000000,0.017760
q_ind_51_pop_3,0.001967,0.000343,0.000000,0.011368
q_ind_52_pop_3,0.001140,0.000123,0.000000,0.008139
q_ind_53_pop_3,0.000982,0.000090,0.000000,0.007566
q_ind_54_pop_3,0.001099,0.000110,0.000000,0.008101
q_ind_55_pop_3,0.005021,0.002758,0.000000,0.020607
q_ind_56_pop_3,0.106183,0.105853,0.080084,0.135678
q_ind_57_pop_3,0.001400,0.000128,0.000000,0.010246
q_ind_58_pop_3,0.018131,0.017941,0.001040,0.037365
q_ind_59_pop_3,0.001844,0.000273,0.000000,0.011628
q_ind_60_pop_3,0.005795,0.002891,0.000000,0.023988
q_ind_61_pop_3,0.006094,0.003150,0.000000,0.024313
q_ind_62_pop_3,0.939667,0.938328,0.899113,0.980555
q_ind_63_pop_3,0.957257,0.953127,0.916051,0.999048
q_ind_64_pop_3,0.940719,0.938881,0.898672,0.986973
q_ind_65_pop_3,0.931926,0.930482,0.891555,0.973334
q_ind_66_pop_3,0.800265,0.800349,0.756062,0.844806
q_ind_67_pop_3,0.002827,0.000645,0.000000,0.014840
q_ind_68_pop_3,0.046355,0.045638,0.021768,0.073727
q_ind_69_pop_3,0.003000,0.000606,0.000000,0.016570
q_ind_70_pop_3,0.001424,0.000109,0.000000,0.010393
q_ind_71_pop_3,0.003151,0.000520,0.000000,0.019761
q_ind_72_pop_3,0.002925,0.000502,0.000000,0.017769
q_ind_73_pop_3,0.038476,0.038216,0.010663,0.070108
q_ind_74_pop_3,0.041742,0.041944,0.000623,0.079035
q_ind_75_pop_3,0.002112,0.000404,0.000000,0.012755
q_ind_76_pop_3,0.073351,0.071790,0.042492,0.109977
q_ind_77_pop_3,0.094701,0.091885,0.055000,0.146842
q_ind_78_pop_3,0.060328,0.058287,0.027797,0.104193
q_ind_79_pop_3,0.042324,0.041114,0.017288,0.076837
q_ind_80_pop_3,0.094185,0.091321,0.060401,0.137981
q_ind_81_pop_3,0.095548,0.094621,0.060246,0.136140
q_ind_82_pop_3,0.072480,0.070583,0.043106,0.111742
q_ind_83_pop_3,0.088514,0.085789,0.055669,0.130111
q_ind_84_pop_3,0.074771,0.071732,0.045047,0.114410
q_ind_85_pop_3,0.076825,0.074832,0.043972,0.114816
q_ind_86_pop_3,0.047216,0.046072,0.020211,0.080952
q_ind_87_pop_3,0.351130,0.351165,0.307260,0.395248
q_ind_88_pop_3,0.342433,0.342418,0.303792,0.380197
q_ind_89_pop_3,0.320748,0.320609,0.277719,0.362274
q_ind_90_pop_3,0.344335,0.344040,0.305717,0.384498
q_ind_91_pop_3,0.349349,0.348886,0.305946,0.394240
q_ind_92_pop_3,0.295341,0.295449,0.254154,0.337616
q_ind_93_pop_3,0.257406,0.257193,0.218032,0.296728
q_ind_94_pop_3,0.342673,0.343057,0.297354,0.384832
q_ind_95_pop_3,0.001106,0.000098,0.000000,0.008905
q_ind_96_pop_3,0.002493,0.000412,0.000000,0.014350
q_ind_97_pop_3,0.000480,0.000035,0.000000,0.003764
q_ind_98_pop_3,0.098765,0.098628,0.071972,0.126345
q_ind_99_pop_3,0.001110,0.000092,0.000000,0.008225
q_ind_100_pop_3,0.000519,0.000042,0.000000,0.004157
q_ind_101_pop_3,0.000504,0.000042,0.000000,0.003622
q_ind_102_pop_3,0.000672,0.000055,0.000000,0.005168
q_ind_103_pop_3,0.000424,0.000033,0.000000,0.003231
q_ind_104_pop_3,0.039039,0.038364,0.021438,0.059555
q_ind_105_pop_3,0.004154,0.001369,0.000000,0.019103
q_ind_106_pop_3,0.003153,0.000448,0.000000,0.020262
q_ind_107_pop_3,0.001249,0.000102,0.000000,0.009923
q_ind_108_pop_3,0.002416,0.000206,0.000000,0.019253
q_ind_109_pop_3,0.001589,0.000168,0.000000,0.011434
q_ind_110_pop_3,0.001631,0.000151,0.000000,0.011925
q_ind_111_pop_3,0.001698,0.000163,0.000000,0.011951
q_ind_112_pop_3,0.002605,0.000229,0.000000,0.017489
q_ind_113_pop_3,0.003581,0.000350,0.000000,0.026324
q_ind_114_pop_3,0.018220,0.017341,0.000001,0.046805
q_ind_115_pop_3,0.000627,0.000052,0.000000,0.004976
q_ind_116_pop_3,0.001185,0.000131,0.000000,0.008651
q_ind_117_pop_3,0.001026,0.000103,0.000000,0.007612
q_ind_118_pop_3,0.002322,0.000360,0.000000,0.013829
q_ind_119_pop_3,0.000518,0.000045,0.000000,0.003966
q_ind_120_pop_3,0.004443,0.001677,0.000000,0.020775
q_ind_121_pop_3,0.000799,0.000072,0.000000,0.005569
q_ind_122_pop_3,0.001008,0.000095,0.000000,0.007878
q_ind_123_pop_3,0.029323,0.028386,0.006332,0.056155
q_ind_124_pop_3,0.047757,0.047253,0.023440,0.074950
q_ind_125_pop_3,0.059293,0.058809,0.025319,0.093547
q_ind_126_pop_3,0.044830,0.044727,0.016982,0.073957
q_ind_127_pop_3,0.069531,0.069342,0.041259,0.100061
q_ind_128_pop_3,0.040315,0.041544,0.000014,0.078936
q_ind_129_pop_3,0.019753,0.018977,0.000000,0.053458
q_ind_130_pop_3,0.090223,0.085815,0.056453,0.145150
q_ind_131_pop_3,0.064270,0.059280,0.030827,0.117049
q_ind_132_pop_3,0.001212,0.000106,0.000000,0.008766
q_ind_133_pop_3,0.001319,0.000170,0.000000,0.008776
q_ind_134_pop_3,0.001883,0.000194,0.000000,0.013057
q_ind_135_pop_3,0.001942,0.000216,0.000000,0.014030
q_ind_136_pop_3,0.001008,0.000097,0.000000,0.007123
q_ind_137_pop_3,0.001088,0.000103,0.000000,0.007876
q_ind_138_pop_3,0.001329,0.000122,0.000000,0.009810
q_ind_139_pop_3,0.002273,0.000247,0.000000,0.015631
q_ind_140_pop_3,0.000798,0.000067,0.000000,0.006230
q_ind_141_pop_3,0.086230,0.082181,0.059510,0.128730
q_ind_142_pop_3,0.000724,0.000062,0.000000,0.005695
q_ind_143_pop_3,0.000901,0.000071,0.000000,0.007382
q_ind_144_pop_3,0.970734,0.971379,0.942087,0.995571
q_ind_145_pop_3,0.929168,0.929720,0.886291,0.967205
q_ind_146_pop_3,0.953008,0.952567,0.915087,0.991231
q_ind_147_pop_3,0.921305,0.921691,0.881796,0.957073
q_ind_148_pop_3,0.813096,0.812079,0.776452,0.853986
q_ind_149_pop_3,0.961084,0.960650,0.922359,0.996505
q_ind_150_pop_3,0.961794,0.962576,0.929952,0.989667
q_ind_151_pop_3,0.951762,0.949118,0.914402,0.994720
q_ind_152_pop_3,0.962022,0.960669,0.922477,0.998510
q_ind_153_pop_3,0.946933,0.947756,0.906266,0.982489
q_ind_154_pop_3,0.415313,0.410676,0.375324,0.465484
q_ind_155_pop_3,0.120992,0.121447,0.076327,0.163993
q_ind_156_pop_3,0.070985,0.071152,0.027326,0.117326
q_ind_157_pop_3,0.053771,0.053663,0.018291,0.087746
q_ind_158_pop_3,0.071390,0.071106,0.034455,0.110799
q_ind_159_pop_3,0.140927,0.141251,0.090164,0.192810
q_ind_160_pop_3,0.090852,0.089723,0.054807,0.132016
q_ind_161_pop_3,0.097145,0.095898,0.056063,0.143331
q_ind_162_pop_3,0.094505,0.093194,0.060699,0.137395
q_ind_163_pop_3,0.079243,0.077765,0.045902,0.118980
q_ind_164_pop_3,0.004244,0.000689,0.000000,0.025796
q_ind_165_pop_3,0.001812,0.000188,0.000000,0.012581
q_ind_166_pop_3,0.002055,0.000259,0.000000,0.014330
q_ind_167_pop_3,0.015461,0.009248,0.000000,0.055062
q_ind_168_pop_3,0.094166,0.087910,0.056741,0.155318
q_ind_169_pop_3,0.000994,0.000096,0.000000,0.007077
q_ind_170_pop_3,0.024506,0.022752,0.001086,0.057248
q_ind_171_pop_3,0.000773,0.000078,0.000000,0.005525
q_ind_172_pop_3,0.000629,0.000053,0.000000,0.004751
q_ind_173_pop_3,0.002997,0.000423,0.000000,0.019074
q_ind_174_pop_3,0.004125,0.000687,0.000000,0.022548
q_ind_175_pop_3,0.118175,0.112190,0.077591,0.178947
q_ind_176_pop_3,0.161682,0.158690,0.122093,0.212916
q_ind_177_pop_3,0.170046,0.169797,0.130352,0.209621
q_ind_178_pop_3,0.152857,0.150292,0.119066,0.198814
q_ind_179_pop_3,0.190700,0.190006,0.147316,0.236479
q_ind_180_pop_3,0.138441,0.134304,0.100126,0.192529
q_ind_181_pop_3,0.160514,0.159201,0.121141,0.205419
q_ind_182_pop_3,0.170450,0.169877,0.131724,0.212334
q_ind_183_pop_3,0.155010,0.147435,0.113690,0.228392
q_ind_184_pop_3,0.000829,0.000065,0.000000,0.006497
q_ind_185_pop_3,0.001624,0.000154,0.000000,0.011470
q_ind_186_pop_3,0.000489,0.000039,0.000000,0.003887
q_ind_187_pop_3,0.000528,0.000045,0.000000,0.004162
q_ind_188_pop_3,0.001046,0.000080,0.000000,0.008296
q_ind_189_pop_3,0.003372,0.000560,0.000000,0.019693
q_ind_190_pop_3,0.000534,0.000044,0.000000,0.004424
q_ind_191_pop_3,0.000568,0.000043,0.000000,0.004405
q_ind_192_pop_3,0.001044,0.000087,0.000000,0.008976
q_ind_193_pop_3,0.000211,0.000015,0.000000,0.001675
q_ind_194_pop_3,0.001301,0.000103,0.000000,0.010358
q_ind_195_pop_3,0.000270,0.000020,0.000000,0.002023
q_ind_196_pop_3,0.000208,0.000017,0.000000,0.001591
q_ind_197_pop_3,0.000299,0.000021,0.000000,0.002421
q_ind_198_pop_3,0.000675,0.000054,0.000000,0.005330
q_ind_199_pop_3,0.000443,0.000027,0.000000,0.003174
q_ind_200_pop_3,0.001748,0.000129,0.000000,0.013080
q_ind_201_pop_3,0.001236,0.000084,0.000000,0.010051
q_ind_202_pop_3,0.008835,0.003196,0.000000,0.038794
q_ind_203_pop_3,0.002023,0.000214,0.000000,0.013816
q_ind_204_pop_3,0.003578,0.000449,0.000000,0.022908
q_ind_205_pop_3,0.008598,0.004706,0.000000,0.034108
q_ind_206_pop_3,0.011936,0.007903,0.000000,0.043329
q_ind_207_pop_3,0.067336,0.066391,0.041496,0.099145
q_ind_208_pop_3,0.006638,0.000878,0.000000,0.035519
q_ind_209_pop_3,0.001992,0.000228,0.000000,0.014508
q_ind_210_pop_3,0.002812,0.000313,0.000000,0.019187
q_ind_211_pop_3,0.060429,0.059900,0.034061,0.088397
q_ind_212_pop_3,0.009425,0.004726,0.000000,0.036908
q_ind_213_pop_3,0.007267,0.002903,0.000000,0.030781
q_ind_214_pop_3,0.024923,0.024007,0.002692,0.051865
q_ind_215_pop_3,0.027415,0.028622,0.000000,0.055436
q_ind_216_pop_3,0.000561,0.000050,0.000000,0.004329
q_ind_217_pop_3,0.043094,0.040598,0.021864,0.079603
q_ind_218_pop_3,0.004133,0.001187,0.000000,0.020654
q_ind_219_pop_3,0.030870,0.031556,0.006386,0.051074
q_ind_220_pop_3,0.045985,0.045402,0.022343,0.072916
q_ind_221_pop_3,0.006347,0.001402,0.000000,0.035321
q_ind_222_pop_3,0.003985,0.000354,0.000000,0.027845
q_ind_223_pop_3,0.100929,0.098989,0.062000,0.152170
q_ind_224_pop_3,0.038677,0.039158,0.002336,0.074716
q_ind_225_pop_3,0.053470,0.052393,0.020930,0.091392
q_ind_226_pop_3,0.004233,0.000321,0.000000,0.032451
q_ind_227_pop_3,0.004600,0.000313,0.000000,0.050495
q_ind_228_pop_3,0.003366,0.000561,0.000000,0.019932
q_ind_229_pop_3,0.001975,0.000175,0.000000,0.015116
q_ind_230_pop_3,0.063061,0.063157,0.033771,0.091800
q_ind_231_pop_3,0.001519,0.000156,0.000000,0.010872
q_ind_232_pop_3,0.003795,0.000836,0.000000,0.020913
q_ind_233_pop_3,0.004701,0.001313,0.000000,0.024373
q_ind_234_pop_3,0.001330,0.000146,0.000000,0.009772
q_ind_235_pop_3,0.000713,0.000050,0.000000,0.005660
q_ind_236_pop_3,0.000729,0.000058,0.000000,0.005444
q_ind_237_pop_3,0.001403,0.000090,0.000000,0.011385
q_ind_238_pop_3,0.001647,0.000128,0.000000,0.014906
q_ind_239_pop_3,0.000912,0.000072,0.000000,0.006987
q_ind_240_pop_3,0.018807,0.018050,0.000016,0.042357
q_ind_241_pop_3,0.006015,0.004440,0.000000,0.020651
q_ind_242_pop_3,0.011021,0.005466,0.000000,0.040458
q_ind_243_pop_3,0.002451,0.000456,0.000000,0.014459
q_ind_244_pop_3,0.001186,0.000091,0.000000,0.009705
q_ind_0_pop_4,0.000796,0.000071,0.000000,0.006075
q_ind_1_pop_4,0.000608,0.000048,0.000000,0.004696
q_ind_2_pop_4,0.000699,0.000068,0.000000,0.005163
q_ind_3_pop_4,0.000854,0.000061,0.000000,0.007048
q_ind_4_pop_4,0.019619,0.018648,0.000000,0.051226
q_ind_5_pop_4,0.001799,0.000195,0.000000,0.011859
q_ind_6_pop_4,0.000535,0.000039,0.000000,0.004456
q_ind_7_pop_4,0.001077,0.000090,0.000000,0.008388
q_ind_8_pop_4,0.001099,0.000127,0.000000,0.007529
q_ind_9_pop_4,0.000404,0.000032,0.000000,0.003421
q_ind_10_pop_4,0.002433,0.000352,0.000000,0.015739
q_ind_11_pop_4,0.002429,0.000279,0.000000,0.016125
q_ind_12_pop_4,0.302407,0.302172,0.272554,0.334679
q_ind_13_pop_4,0.302849,0.302996,0.266667,0.337746
q_ind_14_pop_4,0.304836,0.304655,0.271113,0.338479
q_ind_15_pop_4,0.284028,0.283670,0.253752,0.315014
q_ind_16_pop_4,0.289941,0.289817,0.259750,0.319291
q_ind_17_pop_4,0.328197,0.329172,0.286144,0.367015
q_ind_18_pop_4,0.296431,0.293472,0.263930,0.343032
q_ind_19_pop_4,0.309704,0.304155,0.272577,0.375649
q_ind_20_pop_4,0.026127,0.024002,0.000000,0.075339
q_ind_21_pop_4,0.016762,0.002869,0.000000,0.083694
q_ind_22_pop_4,0.002199,0.000142,0.000000,0.019076
q_ind_23_pop_4,0.012035,0.004093,0.000000,0.060098
q_ind_24_pop_4,0.003900,0.000706,0.000000,0.024059
q_ind_25_pop_4,0.000999,0.000091,0.000000,0.007060
q_ind_26_pop_4,0.001972,0.000171,0.000000,0.016557
q_ind_27_pop_4,0.002411,0.000334,0.000000,0.015256
q_ind_28_pop_4,0.010058,0.007413,0.000000,0.032815
q_ind_29_pop_4,0.001462,0.000124,0.000000,0.011384
q_ind_30_pop_4,0.000716,0.000069,0.000000,0.005188
q_ind_31_pop_4,0.002491,0.000188,0.000000,0.025110
q_ind_32_pop_4,0.001399,0.000104,0.000000,0.011067
q_ind_33_pop_4,0.000605,0.000045,0.000000,0.004879
q_ind_34_pop_4,0.001595,0.000104,0.000000,0.015275
q_ind_35_pop_4,0.000413,0.000030,0.000000,0.003190
q_ind_36_pop_4,0.009353,0.002133,0.000000,0.048997
q_ind_37_pop_4,0.000410,0.000036,0.000000,0.003044
q_ind_38_pop_4,0.055103,0.053263,0.029507,0.091879
q_ind_39_pop_4,0.005101,0.001111,0.000000,0.027809
q_ind_40_pop_4,0.002651,0.000236,0.000000,0.019326
q_ind_41_pop_4,0.229053,0.230129,0.181507,0.272628
q_ind_42_pop_4,0.242223,0.243633,0.196795,0.282098
q_ind_43_pop_4,0.222076,0.219914,0.178141,0.273031
q_ind_44_pop_4,0.231889,0.232997,0.180440,0.283165
q_ind_45_pop_4,0.232459,0.234059,0.183005,0.277223
q_ind_46_pop_4,0.275819,0.275594,0.232943,0.319439
q_ind_47_pop_4,0.228366,0.225161,0.186588,0.276991
q_ind_48_pop_4,0.280787,0.280889,0.236657,0.324844
q_ind_49_pop_4,0.251227,0.251272,0.210637,0.289868
q_ind_50_pop_4,0.378281,0.377898,0.344687,0.414046
q_ind_51_pop_4,0.392463,0.392356,0.357760,0.427860
q_ind_52_pop_4,0.410143,0.410462,0.376556,0.442818
q_ind_53_pop_4,0.406887,0.407331,0.371613,0.442278
q_ind_54_pop_4,0.401499,0.401808,0.367252,0.434271
q_ind_55_pop_4,0.396705,0.397079,0.362071,0.430921
q_ind_56_pop_4,0.255917,0.255155,0.224072,0.291527
q_ind_57_pop_4,0.402068,0.403178,0.362235,0.438156
q_ind_58_pop_4,0.419787,0.421491,0.375733,0.458294
q_ind_59_pop_4,0.381817,0.382786,0.344565,0.416130
q_ind_60_pop_4,0.412583,0.413114,0.372984,0.451382
q_ind_61_pop_4,0.434326,0.434128,0.398242,0.472355
q_ind_62_pop_4,0.000341,0.000029,0.000000,0.002681
q_ind_63_pop_4,0.000492,0.000038,0.000000,0.004074
q_ind_64_pop_4,0.000722,0.000063,0.000000,0.005779
q_ind_65_pop_4,0.000479,0.000042,0.000000,0.003584
q_ind_66_pop_4,0.000409,0.000029,0.000000,0.003355
q_ind_67_pop_4,0.002417,0.000218,0.000000,0.019580
q_ind_68_pop_4,0.003299,0.000378,0.000000,0.021386
q_ind_69_pop_4,0.017982,0.016888,0.000001,0.044057
q_ind_70_pop_4,0.031637,0.027338,0.002941,0.091676
q_ind_71_pop_4,0.039075,0.036328,0.013229,0.089564
q_ind_72_pop_4,0.019979,0.014348,0.000000,0.080972
q_ind_73_pop_4,0.015234,0.013717,0.000000,0.044595
q_ind_74_pop_4,0.050867,0.046523,0.020558,0.110150
q_ind_75_pop_4,0.008652,0.002409,0.000000,0.047804
q_ind_76_pop_4,0.000872,0.000080,0.000000,0.006381
q_ind_77_pop_4,0.000914,0.000061,0.000000,0.006943
q_ind_78_pop_4,0.004102,0.000484,0.000000,0.028172
q_ind_79_pop_4,0.001490,0.000102,0.000000,0.012544
q_ind_80_pop_4,0.008863,0.002224,0.000000,0.043500
q_ind_81_pop_4,0.006380,0.001262,0.000000,0.036527
q_ind_82_pop_4,0.002892,0.000142,0.000000,0.029613
q_ind_83_pop_4,0.001701,0.000180,0.000000,0.012670
q_ind_84_pop_4,0.001327,0.000148,0.000000,0.008933
q_ind_85_pop_4,0.000998,0.000079,0.000000,0.007676
q_ind_86_pop_4,0.015838,0.014556,0.000000,0.048606
q_ind_87_pop_4,0.093218,0.092875,0.058478,0.130225
q_ind_88_pop_4,0.093837,0.093303,0.061914,0.127191
q_ind_89_pop_4,0.116897,0.116836,0.079060,0.153832
q_ind_90_pop_4,0.102163,0.102355,0.069426,0.133325
q_ind_91_pop_4,0.106813,0.106865,0.075595,0.136632
q_ind_92_pop_4,0.122485,0.123881,0.078855,0.157673
q_ind_93_pop_4,0.088338,0.088214,0.059929,0.117368
q_ind_94_pop_4,0.099506,0.099687,0.064849,0.131058
q_ind_95_pop_4,0.782738,0.781670,0.750067,0.820411
q_ind_96_pop_4,0.778537,0.776724,0.740260,0.826960
q_ind_97_pop_4,0.375918,0.356028,0.316982,0.477543
q_ind_98_pop_4,0.371505,0.349073,0.315310,0.479756
q_ind_99_pop_4,0.797792,0.793030,0.755280,0.867097
q_ind_100_pop_4,0.812248,0.807876,0.773195,0.869359
q_ind_101_pop_4,0.825968,0.822923,0.790922,0.879671
q_ind_102_pop_4,0.797977,0.788274,0.752776,0.890534
q_ind_103_pop_4,0.842020,0.836095,0.802882,0.912606
q_ind_104_pop_4,0.394672,0.379889,0.341482,0.464236
q_ind_105_pop_4,0.740812,0.738383,0.699104,0.793072
q_ind_106_pop_4,0.001184,0.000084,0.000000,0.009821
q_ind_107_pop_4,0.001638,0.000132,0.000000,0.013367
q_ind_108_pop_4,0.002433,0.000205,0.000000,0.019580
q_ind_109_pop_4,0.005010,0.000814,0.000000,0.032039
q_ind_110_pop_4,0.003637,0.000882,0.000000,0.020345
q_ind_111_pop_4,0.075588,0.075001,0.038414,0.116048
q_ind_112_pop_4,0.001511,0.000121,0.000000,0.011800
q_ind_113_pop_4,0.012200,0.007414,0.000000,0.047707
q_ind_114_pop_4,0.656422,0.655342,0.615637,0.700978
q_ind_115_pop_4,0.737418,0.737262,0.699872,0.775665
q_ind_116_pop_4,0.718934,0.718650,0.683853,0.755073
q_ind_117_pop_4,0.703603,0.703083,0.668574,0.742048
q_ind_118_pop_4,0.738365,0.736154,0.696226,0.790016
q_ind_119_pop_4,0.745993,0.741829,0.708799,0.802519
q_ind_120_pop_4,0.719689,0.717396,0.679170,0.770068
q_ind_121_pop_4,0.750324,0.748300,0.713113,0.795875
q_ind_122_pop_4,0.741292,0.739211,0.702639,0.793118
q_ind_123_pop_4,0.531363,0.531439,0.499849,0.561461
q_ind_124_pop_4,0.001313,0.000165,0.000000,0.009518
q_ind_125_pop_4,0.005648,0.001582,0.000000,0.028781
q_ind_126_pop_4,0.037665,0.035406,0.012432,0.079540
q_ind_127_pop_4,0.009436,0.002776,0.000000,0.046364
q_ind_128_pop_4,0.006372,0.001911,0.000000,0.037260
q_ind_129_pop_4,0.017100,0.014903,0.000000,0.052152
q_ind_130_pop_4,0.062750,0.061949,0.032093,0.097550
q_ind_131_pop_4,0.047393,0.044926,0.018941,0.084564
q_ind_132_pop_4,0.001251,0.000125,0.000000,0.009484
q_ind_133_pop_4,0.007037,0.002234,0.000000,0.034072
q_ind_134_pop_4,0.001261,0.000101,0.000000,0.009548
q_ind_135_pop_4,0.009512,0.004870,0.000000,0.035432
q_ind_136_pop_4,0.005319,0.000837,0.000000,0.031503
q_ind_137_pop_4,0.003551,0.000119,0.000000,0.041286
q_ind_138_pop_4,0.015774,0.014368,0.000000,0.047355
q_ind_139_pop_4,0.031319,0.032224,0.000002,0.065501
q_ind_140_pop_4,0.002628,0.000372,0.000000,0.016753
q_ind_141_pop_4,0.064760,0.059462,0.036631,0.115832
q_ind_142_pop_4,0.006974,0.000737,0.000000,0.048281
q_ind_143_pop_4,0.002084,0.000199,0.000000,0.014614
q_ind_144_pop_4,0.000500,0.000036,0.000000,0.004201
q_ind_145_pop_4,0.003028,0.000535,0.000000,0.017517
q_ind_146_pop_4,0.001690,0.000225,0.000000,0.010782
q_ind_147_pop_4,0.002319,0.000259,0.000000,0.015975
q_ind_148_pop_4,0.036411,0.036176,0.014926,0.059087
q_ind_149_pop_4,0.001403,0.000128,0.000000,0.010323
q_ind_150_pop_4,0.000765,0.000060,0.000000,0.006121
q_ind_151_pop_4,0.000850,0.000059,0.000000,0.006713
q_ind_152_pop_4,0.000598,0.000048,0.000000,0.004728
q_ind_153_pop_4,0.002372,0.000381,0.000000,0.015023
q_ind_154_pop_4,0.048225,0.048008,0.023427,0.074708
q_ind_155_pop_4,0.001297,0.000127,0.000000,0.009307
q_ind_156_pop_4,0.018637,0.018414,0.000000,0.043848
q_ind_157_pop_4,0.004708,0.000639,0.000000,0.026767
q_ind_158_pop_4,0.001557,0.000168,0.000000,0.011208
q_ind_159_pop_4,0.000798,0.000069,0.000000,0.005893
q_ind_160_pop_4,0.001037,0.000105,0.000000,0.007367
q_ind_161_pop_4,0.001382,0.000112,0.000000,0.010791
q_ind_162_pop_4,0.000799,0.000071,0.000000,0.005923
q_ind_163_pop_4,0.001809,0.000180,0.000000,0.013515
q_ind_164_pop_4,0.001899,0.000263,0.000000,0.012440
q_ind_165_pop_4,0.001370,0.000113,0.000000,0.010855
q_ind_166_pop_4,0.001961,0.000231,0.000000,0.015076
q_ind_167_pop_4,0.025802,0.025002,0.000276,0.056137
q_ind_168_pop_4,0.001283,0.000091,0.000000,0.011019
q_ind_169_pop_4,0.001138,0.000111,0.000000,0.008222
q_ind_170_pop_4,0.001358,0.000106,0.000000,0.009810
q_ind_171_pop_4,0.002068,0.000229,0.000000,0.015280
q_ind_172_pop_4,0.043776,0.042733,0.018431,0.074009
q_ind_173_pop_4,0.001194,0.000089,0.000000,0.009473
q_ind_174_pop_4,0.007895,0.004927,0.000000,0.028733
q_ind_175_pop_4,0.048666,0.047861,0.022859,0.080595
q_ind_176_pop_4,0.001563,0.000108,0.000000,0.012702
q_ind_177_pop_4,0.001908,0.000245,0.000000,0.013274
q_ind_178_pop_4,0.001873,0.000187,0.000000,0.013179
q_ind_179_pop_4,0.000956,0.000063,0.000000,0.008246
q_ind_180_pop_4,0.034359,0.033088,0.003540,0.071050
q_ind_181_pop_4,0.004824,0.000440,0.000000,0.034381
q_ind_182_pop_4,0.001759,0.000160,0.000000,0.014819
q_ind_183_pop_4,0.004935,0.000515,0.000000,0.033196
q_ind_184_pop_4,0.001073,0.000075,0.000000,0.008430
q_ind_185_pop_4,0.007894,0.002407,0.000000,0.036144
q_ind_186_pop_4,0.004910,0.000953,0.000000,0.029005
q_ind_187_pop_4,0.002784,0.000351,0.000000,0.017803
q_ind_188_pop_4,0.001431,0.000083,0.000000,0.012008
q_ind_189_pop_4,0.008055,0.001030,0.000000,0.064438
q_ind_190_pop_4,0.000942,0.000072,0.000000,0.007537
q_ind_191_pop_4,0.000931,0.000048,0.000000,0.007850
q_ind_192_pop_4,0.000945,0.000086,0.000000,0.007083
q_ind_193_pop_4,0.000177,0.000013,0.000000,0.001476
q_ind_194_pop_4,0.000411,0.000029,0.000000,0.003348
q_ind_195_pop_4,0.000202,0.000016,0.000000,0.001619
q_ind_196_pop_4,0.000195,0.000014,0.000000,0.001469
q_ind_197_pop_4,0.000175,0.000013,0.000000,0.001383
q_ind_198_pop_4,0.000404,0.000034,0.000000,0.003115
q_ind_199_pop_4,0.000224,0.000017,0.000000,0.001745
q_ind_200_pop_4,0.035887,0.035893,0.006457,0.061948
q_ind_201_pop_4,0.000544,0.000039,0.000000,0.004477
q_ind_202_pop_4,0.000921,0.000067,0.000000,0.006980
q_ind_203_pop_4,0.001281,0.000112,0.000000,0.009633
q_ind_204_pop_4,0.001607,0.000153,0.000000,0.012101
q_ind_205_pop_4,0.001431,0.000129,0.000000,0.010435
q_ind_206_pop_4,0.011568,0.009434,0.000000,0.037044
q_ind_207_pop_4,0.005793,0.001116,0.000000,0.030239
q_ind_208_pop_4,0.001013,0.000089,0.000000,0.007659
q_ind_209_pop_4,0.001057,0.000097,0.000000,0.008027
q_ind_210_pop_4,0.000979,0.000077,0.000000,0.007136
q_ind_211_pop_4,0.157937,0.156670,0.120670,0.201779
q_ind_212_pop_4,0.023440,0.022796,0.000934,0.050185
q_ind_213_pop_4,0.009203,0.006581,0.000000,0.031513
q_ind_214_pop_4,0.004526,0.000753,0.000000,0.024204
q_ind_215_pop_4,0.004245,0.000600,0.000000,0.024848
q_ind_216_pop_4,0.001682,0.000161,0.000000,0.012849
q_ind_217_pop_4,0.036210,0.036274,0.008230,0.065235
q_ind_218_pop_4,0.021291,0.021339,0.000001,0.048928
q_ind_219_pop_4,0.034184,0.034473,0.008925,0.057780
q_ind_220_pop_4,0.052318,0.051021,0.028709,0.082634
q_ind_221_pop_4,0.021054,0.018152,0.000000,0.066193
q_ind_222_pop_4,0.013694,0.007875,0.000000,0.051078
q_ind_223_pop_4,0.115590,0.113508,0.082435,0.159894
q_ind_224_pop_4,0.023965,0.021420,0.000000,0.065084
q_ind_225_pop_4,0.039617,0.039258,0.007802,0.075726
q_ind_226_pop_4,0.031227,0.031040,0.000000,0.077498
q_ind_227_pop_4,0.011696,0.003962,0.000000,0.053056
q_ind_228_pop_4,0.003316,0.000284,0.000000,0.023756
q_ind_229_pop_4,0.038027,0.035011,0.011441,0.080282
q_ind_230_pop_4,0.030950,0.031107,0.000063,0.067411
q_ind_231_pop_4,0.091113,0.091158,0.062581,0.119345
q_ind_232_pop_4,0.018250,0.015967,0.000000,0.052692
q_ind_233_pop_4,0.045080,0.044133,0.020143,0.075204
q_ind_234_pop_4,0.030106,0.028670,0.007505,0.057846
q_ind_235_pop_4,0.050448,0.048045,0.020427,0.106698
q_ind_236_pop_4,0.037855,0.037008,0.013727,0.069863
q_ind_237_pop_4,0.014386,0.011212,0.000000,0.045743
q_ind_238_pop_4,0.035835,0.035015,0.010567,0.066291
q_ind_239_pop_4,0.061574,0.060853,0.035748,0.093367
q_ind_240_pop_4,0.017259,0.011960,0.000000,0.064459
q_ind_241_pop_4,0.040789,0.040057,0.016538,0.067616
q_ind_242_pop_4,0.036355,0.035346,0.012489,0.067640
q_ind_243_pop_4,0.054908,0.050499,0.023663,0.114458
q_ind_244_pop_4,0.047015,0.046413,0.019382,0.078023
q_ind_0_pop_5,0.348822,0.338870,0.294909,0.417695
q_ind_1_pop_5,0.369407,0.368790,0.315341,0.427927
q_ind_2_pop_5,0.419763,0.413337,0.372263,0.504560
q_ind_3_pop_5,0.414798,0.410929,0.357988,0.485368
q_ind_4_pop_5,0.294652,0.279527,0.220578,0.402833
q_ind_5_pop_5,0.419814,0.423265,0.355130,0.471086
q_ind_6_pop_5,0.427335,0.424966,0.370255,0.483912
q_ind_7_pop_5,0.428779,0.426706,0.374407,0.478737
q_ind_8_pop_5,0.405870,0.408084,0.345041,0.462337
q_ind_9_pop_5,0.448095,0.450017,0.392261,0.502711
q_ind_10_pop_5,0.400154,0.394344,0.341933,0.464889
q_ind_11_pop_5,0.431546,0.422835,0.376687,0.497477
q_ind_12_pop_5,0.013418,0.008323,0.000000,0.045996
q_ind_13_pop_5,0.013944,0.011005,0.000000,0.044670
q_ind_14_pop_5,0.002336,0.000236,0.000000,0.017039
q_ind_15_pop_5,0.007783,0.001783,0.000000,0.040615
q_ind_16_pop_5,0.004581,0.000489,0.000000,0.030035
q_ind_17_pop_5,0.047169,0.047970,0.001095,0.082856
q_ind_18_pop_5,0.004012,0.000591,0.000000,0.025693
q_ind_19_pop_5,0.082800,0.081263,0.046800,0.126505
q_ind_20_pop_5,0.053720,0.048659,0.000000,0.137050
q_ind_21_pop_5,0.048416,0.032336,0.000000,0.205806
q_ind_22_pop_5,0.047907,0.046184,0.000000,0.123610
q_ind_23_pop_5,0.051773,0.046529,0.000001,0.211386
q_ind_24_pop_5,0.044700,0.040168,0.000001,0.113704
q_ind_25_pop_5,0.016077,0.013999,0.000000,0.055665
q_ind_26_pop_5,0.038443,0.030730,0.000000,0.126074
q_ind_27_pop_5,0.030743,0.024000,0.000000,0.089068
q_ind_28_pop_5,0.032544,0.027246,0.000000,0.105896
q_ind_29_pop_5,0.029470,0.021414,0.000000,0.091000
q_ind_30_pop_5,0.054453,0.052411,0.012836,0.109083
q_ind_31_pop_5,0.002862,0.000266,0.000000,0.022732
q_ind_32_pop_5,0.055490,0.053868,0.000001,0.135252
q_ind_33_pop_5,0.016408,0.001252,0.000000,0.128594
q_ind_34_pop_5,0.053131,0.055481,0.000000,0.115800
q_ind_35_pop_5,0.002360,0.000059,0.000000,0.028769
q_ind_36_pop_5,0.041845,0.030894,0.000000,0.204452
q_ind_37_pop_5,0.017488,0.003814,0.000000,0.061935
q_ind_38_pop_5,0.045373,0.047488,0.000005,0.076002
q_ind_39_pop_5,0.051139,0.053960,0.000000,0.115426
q_ind_40_pop_5,0.032101,0.024626,0.000000,0.089787
q_ind_41_pop_5,0.001110,0.000114,0.000000,0.008414
q_ind_42_pop_5,0.001868,0.000269,0.000000,0.011812
q_ind_43_pop_5,0.000817,0.000068,0.000000,0.006399
q_ind_44_pop_5,0.001532,0.000150,0.000000,0.010960
q_ind_45_pop_5,0.000603,0.000047,0.000000,0.004863
q_ind_46_pop_5,0.001305,0.000100,0.000000,0.010524
q_ind_47_pop_5,0.001134,0.000096,0.000000,0.008288
q_ind_48_pop_5,0.001578,0.000172,0.000000,0.010853
q_ind_49_pop_5,0.000661,0.000049,0.000000,0.005231
q_ind_50_pop_5,0.001347,0.000138,0.000000,0.009822
q_ind_51_pop_5,0.001052,0.000103,0.000000,0.007954
q_ind_52_pop_5,0.001031,0.000080,0.000000,0.008040
q_ind_53_pop_5,0.001532,0.000167,0.000000,0.010383
q_ind_54_pop_5,0.001384,0.000121,0.000000,0.010955
q_ind_55_pop_5,0.000902,0.000085,0.000000,0.007159
q_ind_56_pop_5,0.004588,0.000549,0.000000,0.026144
q_ind_57_pop_5,0.000637,0.000054,0.000000,0.004674
q_ind_58_pop_5,0.002833,0.000366,0.000000,0.018027
q_ind_59_pop_5,0.001858,0.000203,0.000000,0.012716
q_ind_60_pop_5,0.001276,0.000111,0.000000,0.009762
q_ind_61_pop_5,0.004898,0.001369,0.000000,0.023666
q_ind_62_pop_5,0.053557,0.057068,0.000064,0.095817
q_ind_63_pop_5,0.038271,0.043303,0.000000,0.081130
q_ind_64_pop_5,0.053913,0.057097,0.001084,0.096960
q_ind_65_pop_5,0.065090,0.066616,0.024412,0.105297
q_ind_66_pop_5,0.073652,0.074351,0.021295,0.126820
q_ind_67_pop_5,0.002427,0.000365,0.000000,0.015726
q_ind_68_pop_5,0.036614,0.034430,0.000001,0.090789
q_ind_69_pop_5,0.038282,0.038041,0.000003,0.078914
q_ind_70_pop_5,0.005405,0.000640,0.000000,0.031555
q_ind_71_pop_5,0.005860,0.000623,0.000000,0.033809
q_ind_72_pop_5,0.011307,0.006839,0.000000,0.041954
q_ind_73_pop_5,0.018203,0.014040,0.000000,0.063190
q_ind_74_pop_5,0.045595,0.046517,0.000001,0.094374
q_ind_75_pop_5,0.001953,0.000207,0.000000,0.015016
q_ind_76_pop_5,0.168360,0.169648,0.075514,0.258581
q_ind_77_pop_5,0.129913,0.137356,0.044797,0.209073
q_ind_78_pop_5,0.171654,0.165026,0.087464,0.298447
q_ind_79_pop_5,0.194728,0.195068,0.092051,0.275825
q_ind_80_pop_5,0.181559,0.171777,0.064019,0.313837
q_ind_81_pop_5,0.183269,0.175384,0.095423,0.297238
q_ind_82_pop_5,0.192745,0.190834,0.091799,0.327983
q_ind_83_pop_5,0.185533,0.187322,0.099839,0.286328
q_ind_84_pop_5,0.158961,0.158072,0.083706,0.249939
q_ind_85_pop_5,0.206579,0.197560,0.097366,0.347166
q_ind_86_pop_5,0.202302,0.195337,0.114853,0.309066
q_ind_87_pop_5,0.088393,0.089359,0.039904,0.129494
q_ind_88_pop_5,0.095783,0.097653,0.049036,0.139169
q_ind_89_pop_5,0.050051,0.051453,0.000156,0.088797
q_ind_90_pop_5,0.075350,0.070372,0.031094,0.134771
q_ind_91_pop_5,0.066906,0.073126,0.010211,0.108885
q_ind_92_pop_5,0.110239,0.107352,0.070603,0.158413
q_ind_93_pop_5,0.088234,0.087157,0.049379,0.131813
q_ind_94_pop_5,0.099826,0.097073,0.050269,0.176887
q_ind_95_pop_5,0.000762,0.000069,0.000000,0.005543
q_ind_96_pop_5,0.000919,0.000069,0.000000,0.007138
q_ind_97_pop_5,0.012079,0.003983,0.000000,0.051399
q_ind_98_pop_5,0.081784,0.080731,0.040161,0.130252
q_ind_99_pop_5,0.000772,0.000061,0.000000,0.005997
q_ind_100_pop_5,0.000599,0.000043,0.000000,0.004699
q_ind_101_pop_5,0.000343,0.000025,0.000000,0.002682
q_ind_102_pop_5,0.001312,0.000132,0.000000,0.009782
q_ind_103_pop_5,0.000780,0.000057,0.000000,0.006083
q_ind_104_pop_5,0.075875,0.075205,0.037575,0.116366
q_ind_105_pop_5,0.004136,0.001219,0.000000,0.020824
q_ind_106_pop_5,0.116927,0.116877,0.048047,0.189502
q_ind_107_pop_5,0.142961,0.141707,0.097625,0.192607
q_ind_108_pop_5,0.142204,0.133263,0.079919,0.241250
q_ind_109_pop_5,0.108993,0.104895,0.065896,0.166863
q_ind_110_pop_5,0.118579,0.119050,0.065760,0.172353
q_ind_111_pop_5,0.093610,0.091959,0.050488,0.145794
q_ind_112_pop_5,0.094168,0.083619,0.041509,0.181473
q_ind_113_pop_5,0.105551,0.105760,0.043838,0.168141
q_ind_114_pop_5,0.001160,0.000103,0.000000,0.009224
q_ind_115_pop_5,0.000916,0.000078,0.000000,0.006655
q_ind_116_pop_5,0.001594,0.000179,0.000000,0.010986
q_ind_117_pop_5,0.000872,0.000067,0.000000,0.006807
q_ind_118_pop_5,0.001775,0.000164,0.000000,0.011857
q_ind_119_pop_5,0.000489,0.000037,0.000000,0.003797
q_ind_120_pop_5,0.006427,0.003267,0.000000,0.028184
q_ind_121_pop_5,0.000931,0.000070,0.000000,0.007009
q_ind_122_pop_5,0.001608,0.000148,0.000000,0.012592
q_ind_123_pop_5,0.062177,0.062773,0.016491,0.098966
q_ind_124_pop_5,0.162103,0.159637,0.092182,0.235456
q_ind_125_pop_5,0.101593,0.099924,0.050688,0.156426
q_ind_126_pop_5,0.120690,0.121471,0.046332,0.202330
q_ind_127_pop_5,0.118767,0.118299,0.056537,0.185343
q_ind_128_pop_5,0.138738,0.128713,0.069057,0.270877
q_ind_129_pop_5,0.165198,0.162733,0.086480,0.253009
q_ind_130_pop_5,0.124132,0.120165,0.080557,0.183420
q_ind_131_pop_5,0.158548,0.155811,0.125823,0.204614
q_ind_132_pop_5,0.014115,0.008418,0.000000,0.056430
q_ind_133_pop_5,0.032709,0.027911,0.000000,0.102994
q_ind_134_pop_5,0.011653,0.001797,0.000000,0.060720
q_ind_135_pop_5,0.013680,0.007574,0.000000,0.049375
q_ind_136_pop_5,0.051829,0.056077,0.000001,0.102545
q_ind_137_pop_5,0.083997,0.079116,0.050027,0.136114
q_ind_138_pop_5,0.043383,0.038625,0.000005,0.109536
q_ind_139_pop_5,0.040990,0.031783,0.000000,0.123303
q_ind_140_pop_5,0.030931,0.024535,0.000000,0.106883
q_ind_141_pop_5,0.017355,0.001750,0.000000,0.066531
q_ind_142_pop_5,0.047894,0.044485,0.004640,0.102414
q_ind_143_pop_5,0.007079,0.001771,0.000000,0.034334
q_ind_144_pop_5,0.020577,0.020613,0.000000,0.052943
q_ind_145_pop_5,0.018835,0.013626,0.000000,0.063750
q_ind_146_pop_5,0.036727,0.038692,0.000001,0.077213
q_ind_147_pop_5,0.034722,0.033520,0.000023,0.078349
q_ind_148_pop_5,0.058885,0.058953,0.025039,0.092289
q_ind_149_pop_5,0.028216,0.027995,0.000000,0.070800
q_ind_150_pop_5,0.006335,0.001099,0.000000,0.034478
q_ind_151_pop_5,0.042580,0.045684,0.000001,0.080515
q_ind_152_pop_5,0.031372,0.033844,0.000000,0.072197
q_ind_153_pop_5,0.031880,0.032249,0.000000,0.080626
q_ind_154_pop_5,0.088663,0.092462,0.039868,0.133909
q_ind_155_pop_5,0.492327,0.489613,0.448511,0.559669
q_ind_156_pop_5,0.558706,0.557017,0.510192,0.620934
q_ind_157_pop_5,0.549336,0.546596,0.492188,0.619986
q_ind_158_pop_5,0.502746,0.497083,0.450700,0.576837
q_ind_159_pop_5,0.535091,0.534518,0.476903,0.617527
q_ind_160_pop_5,0.515242,0.512538,0.478372,0.565823
q_ind_161_pop_5,0.514346,0.509389,0.471995,0.581252
q_ind_162_pop_5,0.570218,0.569945,0.513451,0.629305
q_ind_163_pop_5,0.531369,0.528380,0.477836,0.604097
q_ind_164_pop_5,0.193532,0.186682,0.135707,0.280055
q_ind_165_pop_5,0.176773,0.172792,0.133075,0.234574
q_ind_166_pop_5,0.173879,0.170642,0.120765,0.240140
q_ind_167_pop_5,0.043087,0.041133,0.000000,0.107293
q_ind_168_pop_5,0.148020,0.147142,0.101250,0.198748
q_ind_169_pop_5,0.049311,0.046439,0.000000,0.158138
q_ind_170_pop_5,0.045291,0.026022,0.000000,0.230928
q_ind_171_pop_5,0.004013,0.000259,0.000000,0.028941
q_ind_172_pop_5,0.007200,0.000497,0.000000,0.043979
q_ind_173_pop_5,0.005963,0.000556,0.000000,0.045816
q_ind_174_pop_5,0.055620,0.054727,0.025663,0.090841
q_ind_175_pop_5,0.322773,0.319776,0.253834,0.397211
q_ind_176_pop_5,0.337563,0.332355,0.258771,0.436259
q_ind_177_pop_5,0.313761,0.312076,0.234539,0.396061
q_ind_178_pop_5,0.338703,0.333408,0.270454,0.425012
q_ind_179_pop_5,0.265694,0.264433,0.189915,0.348588
q_ind_180_pop_5,0.242668,0.240620,0.175192,0.323160
q_ind_181_pop_5,0.291027,0.293645,0.207152,0.360594
q_ind_182_pop_5,0.321083,0.321579,0.237617,0.423651
q_ind_183_pop_5,0.268049,0.265189,0.213177,0.333633
q_ind_184_pop_5,0.008735,0.000498,0.000000,0.065813
q_ind_185_pop_5,0.002507,0.000224,0.000000,0.019150
q_ind_186_pop_5,0.003935,0.000633,0.000000,0.025861
q_ind_187_pop_5,0.007091,0.002185,0.000000,0.036580
q_ind_188_pop_5,0.005061,0.000692,0.000000,0.030081
q_ind_189_pop_5,0.014282,0.006827,0.000000,0.051638
q_ind_190_pop_5,0.003976,0.000657,0.000000,0.023808
q_ind_191_pop_5,0.162408,0.162441,0.109410,0.217447
q_ind_192_pop_5,0.173162,0.173284,0.127197,0.221084
q_ind_193_pop_5,0.001535,0.000038,0.000000,0.018921
q_ind_194_pop_5,0.172390,0.171564,0.124294,0.223274
q_ind_195_pop_5,0.000322,0.000023,0.000000,0.002394
q_ind_196_pop_5,0.000393,0.000025,0.000000,0.003154
q_ind_197_pop_5,0.001735,0.000053,0.000000,0.023755
q_ind_198_pop_5,0.178426,0.177900,0.128686,0.232215
q_ind_199_pop_5,0.000745,0.000037,0.000000,0.006067
q_ind_200_pop_5,0.034118,0.034141,0.000000,0.088516
q_ind_201_pop_5,0.173407,0.172066,0.121691,0.229848
q_ind_202_pop_5,0.296857,0.299173,0.221836,0.360620
q_ind_203_pop_5,0.314249,0.309227,0.237240,0.405388
q_ind_204_pop_5,0.250370,0.248599,0.189102,0.321381
q_ind_205_pop_5,0.320391,0.320106,0.261879,0.379213
q_ind_206_pop_5,0.270887,0.269872,0.210171,0.334212
q_ind_207_pop_5,0.272606,0.267456,0.203216,0.355060
q_ind_208_pop_5,0.271599,0.258486,0.196785,0.374900
q_ind_209_pop_5,0.293357,0.290529,0.216211,0.370274
q_ind_210_pop_5,0.289602,0.289044,0.220994,0.357860
q_ind_211_pop_5,0.103319,0.102107,0.060391,0.149343
q_ind_212_pop_5,0.042819,0.041242,0.008112,0.080944
q_ind_213_pop_5,0.051564,0.051984,0.000510,0.096736
q_ind_214_pop_5,0.075297,0.074882,0.039845,0.113003
q_ind_215_pop_5,0.061626,0.060627,0.031650,0.094440
q_ind_216_pop_5,0.046343,0.046115,0.016669,0.074468
q_ind_217_pop_5,0.056647,0.053459,0.026183,0.101354
q_ind_218_pop_5,0.071690,0.069474,0.037364,0.118810
q_ind_219_pop_5,0.018553,0.009487,0.000000,0.068319
q_ind_220_pop_5,0.057951,0.057366,0.028335,0.089373
q_ind_221_pop_5,0.070230,0.068730,0.032632,0.112167
q_ind_222_pop_5,0.296074,0.304123,0.215998,0.362968
q_ind_223_pop_5,0.171072,0.172190,0.116189,0.223874
q_ind_224_pop_5,0.281993,0.283366,0.196755,0.355396
q_ind_225_pop_5,0.321475,0.328712,0.234255,0.388460
q_ind_226_pop_5,0.248386,0.249063,0.147484,0.347893
q_ind_227_pop_5,0.267972,0.276399,0.135816,0.345903
q_ind_228_pop_5,0.276332,0.284311,0.166253,0.353663
q_ind_229_pop_5,0.256669,0.256305,0.174375,0.336004
q_ind_230_pop_5,0.295385,0.301449,0.195666,0.372247
q_ind_231_pop_5,0.231673,0.240289,0.148595,0.293376
q_ind_232_pop_5,0.267718,0.280206,0.173610,0.333762
q_ind_233_pop_5,0.000822,0.000073,0.000000,0.006817
q_ind_234_pop_5,0.002484,0.000247,0.000000,0.017908
q_ind_235_pop_5,0.001984,0.000168,0.000000,0.014915
q_ind_236_pop_5,0.001269,0.000093,0.000000,0.009888
q_ind_237_pop_5,0.002273,0.000182,0.000000,0.017702
q_ind_238_pop_5,0.002365,0.000169,0.000000,0.020225
q_ind_239_pop_5,0.043496,0.043609,0.015689,0.070981
q_ind_240_pop_5,0.004534,0.000491,0.000000,0.027475
q_ind_241_pop_5,0.006086,0.002631,0.000000,0.028973
q_ind_242_pop_5,0.017456,0.006093,0.000000,0.067967
q_ind_243_pop_5,0.004777,0.000693,0.000000,0.027164
q_ind_244_pop_5,0.012275,0.002703,0.000000,0.052819
q_ind_0_pop_6,0.091907,0.120108,0.000000,0.164608
q_ind_1_pop_6,0.099598,0.114260,0.000000,0.180727
q_ind_2_pop_6,0.032550,0.028211,0.000000,0.097931
q_ind_3_pop_6,0.072235,0.079769,0.000000,0.154672
q_ind_4_pop_6,0.145520,0.172602,0.020461,0.224104
q_ind_5_pop_6,0.059085,0.055032,0.000000,0.140347
q_ind_6_pop_6,0.053256,0.065248,0.000000,0.115342
q_ind_7_pop_6,0.063765,0.069109,0.000000,0.128308
q_ind_8_pop_6,0.060239,0.065350,0.000000,0.141246
q_ind_9_pop_6,0.048893,0.054447,0.000000,0.122477
q_ind_10_pop_6,0.055897,0.063495,0.000000,0.126159
q_ind_11_pop_6,0.056757,0.066077,0.000000,0.114180
q_ind_12_pop_6,0.461445,0.463937,0.421069,0.489612
q_ind_13_pop_6,0.442844,0.444145,0.394448,0.482001
q_ind_14_pop_6,0.441122,0.442570,0.399719,0.471433
q_ind_15_pop_6,0.438184,0.444455,0.378310,0.469019
q_ind_16_pop_6,0.464704,0.464923,0.435789,0.491252
q_ind_17_pop_6,0.432321,0.432572,0.394254,0.468293
q_ind_18_pop_6,0.448564,0.456413,0.379672,0.476854
q_ind_19_pop_6,0.374657,0.383524,0.284597,0.421934
q_ind_20_pop_6,0.300892,0.360732,0.008820,0.424185
q_ind_21_pop_6,0.260432,0.340607,0.001852,0.395441
q_ind_22_pop_6,0.268470,0.334061,0.000000,0.392912
q_ind_23_pop_6,0.306285,0.394411,0.002005,0.440367
q_ind_24_pop_6,0.306968,0.365601,0.033465,0.415920
q_ind_25_pop_6,0.283702,0.354119,0.000007,0.393739
q_ind_26_pop_6,0.305144,0.378291,0.000004,0.432886
q_ind_27_pop_6,0.291820,0.357438,0.000004,0.413300
q_ind_28_pop_6,0.282421,0.350104,0.000000,0.399734
q_ind_29_pop_6,0.315743,0.375057,0.033899,0.431079
q_ind_30_pop_6,0.307089,0.373701,0.000001,0.414978
q_ind_31_pop_6,0.300472,0.374227,0.000001,0.410964
q_ind_32_pop_6,0.289414,0.356780,0.000000,0.405307
q_ind_33_pop_6,0.289324,0.369930,0.000000,0.412298
q_ind_34_pop_6,0.286123,0.347274,0.000007,0.387947
q_ind_35_pop_6,0.322578,0.397824,0.000000,0.428984
q_ind_36_pop_6,0.296672,0.380100,0.001402,0.422844
q_ind_37_pop_6,0.330277,0.400886,0.000003,0.437129
q_ind_38_pop_6,0.345564,0.389640,0.121120,0.418325
q_ind_39_pop_6,0.277156,0.335722,0.000003,0.392640
q_ind_40_pop_6,0.278348,0.333995,0.000000,0.387895
q_ind_41_pop_6,0.279715,0.286452,0.186865,0.319426
q_ind_42_pop_6,0.284838,0.298946,0.182160,0.335277
q_ind_43_pop_6,0.293108,0.303474,0.196391,0.343132
q_ind_44_pop_6,0.292836,0.301436,0.174093,0.352221
q_ind_45_pop_6,0.293850,0.306370,0.182472,0.342976
q_ind_46_pop_6,0.274855,0.282170,0.163381,0.322011
q_ind_47_pop_6,0.297357,0.306112,0.218914,0.342012
q_ind_48_pop_6,0.260218,0.263379,0.173614,0.307337
q_ind_49_pop_6,0.298131,0.306169,0.201358,0.340422
q_ind_50_pop_6,0.446054,0.442102,0.408593,0.496665
q_ind_51_pop_6,0.462903,0.458254,0.430866,0.499699
q_ind_52_pop_6,0.464822,0.459358,0.432573,0.499909
q_ind_53_pop_6,0.451586,0.446168,0.418264,0.497546
q_ind_54_pop_6,0.460700,0.454671,0.427356,0.499860
q_ind_55_pop_6,0.451892,0.448714,0.419742,0.498602
q_ind_56_pop_6,0.379753,0.382135,0.332851,0.412208
q_ind_57_pop_6,0.445412,0.436546,0.409740,0.499376
q_ind_58_pop_6,0.418423,0.411042,0.379884,0.486848
q_ind_59_pop_6,0.459533,0.454271,0.428381,0.499627
q_ind_60_pop_6,0.444641,0.437093,0.409501,0.499404
q_ind_61_pop_6,0.412926,0.412961,0.378016,0.445521
q_ind_62_pop_6,0.001420,0.000120,0.000000,0.011023
q_ind_63_pop_6,0.000503,0.000040,0.000000,0.003989
q_ind_64_pop_6,0.000826,0.000072,0.000000,0.006344
q_ind_65_pop_6,0.000457,0.000039,0.000000,0.003398
q_ind_66_pop_6,0.000703,0.000055,0.000000,0.005561
q_ind_67_pop_6,0.350198,0.379451,0.116225,0.408137
q_ind_68_pop_6,0.339293,0.361801,0.153485,0.411661
q_ind_69_pop_6,0.349897,0.366847,0.175101,0.412618
q_ind_70_pop_6,0.322454,0.352382,0.074253,0.388516
q_ind_71_pop_6,0.316847,0.342507,0.087341,0.377641
q_ind_72_pop_6,0.318395,0.349219,0.068442,0.385207
q_ind_73_pop_6,0.367501,0.402160,0.140047,0.441406
q_ind_74_pop_6,0.319377,0.356727,0.082247,0.403645
q_ind_75_pop_6,0.328634,0.350086,0.135200,0.385444
q_ind_76_pop_6,0.185984,0.231554,0.000000,0.302186
q_ind_77_pop_6,0.213725,0.266192,0.000000,0.346405
q_ind_78_pop_6,0.201722,0.259822,0.000000,0.329233
q_ind_79_pop_6,0.186042,0.231623,0.000000,0.296830
q_ind_80_pop_6,0.210775,0.256825,0.039340,0.329485
q_ind_81_pop_6,0.185254,0.231239,0.000000,0.305965
q_ind_82_pop_6,0.175389,0.218046,0.000003,0.302306
q_ind_83_pop_6,0.193837,0.235507,0.000000,0.317453
q_ind_84_pop_6,0.210726,0.252864,0.000001,0.316312
q_ind_85_pop_6,0.184494,0.242641,0.000000,0.316887
q_ind_86_pop_6,0.176288,0.219605,0.000000,0.292158
q_ind_87_pop_6,0.275082,0.287892,0.167784,0.348620
q_ind_88_pop_6,0.264737,0.269948,0.192857,0.320959
q_ind_89_pop_6,0.338055,0.345760,0.244376,0.406953
q_ind_90_pop_6,0.303854,0.313508,0.227276,0.361524
q_ind_91_pop_6,0.298182,0.305658,0.216441,0.356297
q_ind_92_pop_6,0.275294,0.276327,0.221094,0.328174
q_ind_93_pop_6,0.270712,0.288717,0.156516,0.337068
q_ind_94_pop_6,0.280685,0.284519,0.203603,0.348773
q_ind_95_pop_6,0.208231,0.209596,0.169501,0.237783
q_ind_96_pop_6,0.207393,0.209602,0.158679,0.244659
q_ind_97_pop_6,0.290318,0.337521,0.039729,0.378128
q_ind_98_pop_6,0.236396,0.264978,0.090015,0.311979
q_ind_99_pop_6,0.196609,0.201230,0.127743,0.237724
q_ind_100_pop_6,0.184627,0.188972,0.127500,0.223278
q_ind_101_pop_6,0.171388,0.174530,0.118378,0.206097
q_ind_102_pop_6,0.196449,0.205954,0.104555,0.241127
q_ind_103_pop_6,0.154219,0.159895,0.084460,0.193352
q_ind_104_pop_6,0.256356,0.277768,0.138770,0.326389
q_ind_105_pop_6,0.228309,0.232761,0.168291,0.267231
q_ind_106_pop_6,0.288856,0.337361,0.010069,0.399354
q_ind_107_pop_6,0.270287,0.311199,0.036811,0.372908
q_ind_108_pop_6,0.286363,0.338367,0.029985,0.418532
q_ind_109_pop_6,0.270642,0.311873,0.048410,0.360849
q_ind_110_pop_6,0.276711,0.307105,0.063050,0.370043
q_ind_111_pop_6,0.327745,0.358665,0.147043,0.407188
q_ind_112_pop_6,0.272091,0.312027,0.047989,0.363858
q_ind_113_pop_6,0.261294,0.299435,0.045382,0.351340
q_ind_114_pop_6,0.290368,0.290851,0.249027,0.326966
q_ind_115_pop_6,0.253878,0.254461,0.216392,0.289176
q_ind_116_pop_6,0.273202,0.273232,0.235515,0.309347
q_ind_117_pop_6,0.265902,0.267354,0.228815,0.294465
q_ind_118_pop_6,0.249122,0.251949,0.194010,0.289834
q_ind_119_pop_6,0.250316,0.254653,0.192412,0.286561
q_ind_120_pop_6,0.259431,0.262535,0.206570,0.300566
q_ind_121_pop_6,0.244884,0.246743,0.199493,0.280385
q_ind_122_pop_6,0.252396,0.255107,0.196808,0.291063
q_ind_123_pop_6,0.333120,0.334350,0.287515,0.371004
q_ind_124_pop_6,0.233733,0.283562,0.005548,0.342350
q_ind_125_pop_6,0.285253,0.331008,0.063149,0.386626
q_ind_126_pop_6,0.258517,0.308357,0.028154,0.377172
q_ind_127_pop_6,0.247780,0.288802,0.025649,0.350932
q_ind_128_pop_6,0.232953,0.292107,0.000011,0.371123
q_ind_129_pop_6,0.263237,0.320951,0.027816,0.396493
q_ind_130_pop_6,0.243993,0.285621,0.027573,0.333168
q_ind_131_pop_6,0.238095,0.281658,0.050483,0.322395
q_ind_132_pop_6,0.320480,0.390590,0.026654,0.437186
q_ind_133_pop_6,0.313960,0.388900,0.000088,0.429701
q_ind_134_pop_6,0.316774,0.388053,0.003100,0.439815
q_ind_135_pop_6,0.313973,0.383320,0.000644,0.426131
q_ind_136_pop_6,0.293737,0.357938,0.010282,0.408287
q_ind_137_pop_6,0.332233,0.402630,0.012953,0.436441
q_ind_138_pop_6,0.324325,0.394934,0.035652,0.441102
q_ind_139_pop_6,0.312539,0.381522,0.042182,0.435989
q_ind_140_pop_6,0.307019,0.365335,0.048846,0.428948
q_ind_141_pop_6,0.349959,0.382334,0.128095,0.430226
q_ind_142_pop_6,0.292744,0.367184,0.000003,0.410112
q_ind_143_pop_6,0.303708,0.375660,0.000040,0.409656
q_ind_144_pop_6,0.000856,0.000064,0.000000,0.006576
q_ind_145_pop_6,0.015312,0.012740,0.000000,0.045869
q_ind_146_pop_6,0.001811,0.000292,0.000000,0.010636
q_ind_147_pop_6,0.013956,0.011726,0.000000,0.045805
q_ind_148_pop_6,0.074039,0.074104,0.040313,0.105979
q_ind_149_pop_6,0.001502,0.000143,0.000000,0.011515
q_ind_150_pop_6,0.006804,0.002652,0.000000,0.029232
q_ind_151_pop_6,0.001421,0.000117,0.000000,0.009387
q_ind_152_pop_6,0.002007,0.000218,0.000000,0.014155
q_ind_153_pop_6,0.005143,0.001138,0.000000,0.027873
q_ind_154_pop_6,0.163295,0.175879,0.066296,0.215804
q_ind_155_pop_6,0.032427,0.031638,0.000000,0.087250
q_ind_156_pop_6,0.026783,0.025431,0.000000,0.074512
q_ind_157_pop_6,0.041770,0.045116,0.000000,0.101591
q_ind_158_pop_6,0.035496,0.017841,0.000000,0.109401
q_ind_159_pop_6,0.020832,0.004485,0.000000,0.081044
q_ind_160_pop_6,0.029842,0.014124,0.000000,0.090106
q_ind_161_pop_6,0.038322,0.032376,0.000000,0.099765
q_ind_162_pop_6,0.026702,0.012912,0.000000,0.090841
q_ind_163_pop_6,0.047592,0.058271,0.000000,0.106824
q_ind_164_pop_6,0.205789,0.256383,0.000001,0.318834
q_ind_165_pop_6,0.229517,0.278440,0.026177,0.331592
q_ind_166_pop_6,0.197999,0.247403,0.000000,0.324360
q_ind_167_pop_6,0.339462,0.373369,0.116093,0.440105
q_ind_168_pop_6,0.219701,0.259541,0.004902,0.319297
q_ind_169_pop_6,0.312509,0.389066,0.000675,0.448127
q_ind_170_pop_6,0.295805,0.394394,0.000001,0.444594
q_ind_171_pop_6,0.320543,0.391105,0.002539,0.421075
q_ind_172_pop_6,0.361689,0.420682,0.089302,0.452451
q_ind_173_pop_6,0.326740,0.394802,0.000024,0.431695
q_ind_174_pop_6,0.345687,0.397609,0.095434,0.429225
q_ind_175_pop_6,0.124850,0.145165,0.000429,0.220700
q_ind_176_pop_6,0.092009,0.102847,0.000000,0.190779
q_ind_177_pop_6,0.099835,0.114387,0.000000,0.203888
q_ind_178_pop_6,0.100319,0.124503,0.000000,0.196125
q_ind_179_pop_6,0.113762,0.137183,0.000000,0.209151
q_ind_180_pop_6,0.165666,0.199232,0.000019,0.275007
q_ind_181_pop_6,0.117383,0.132891,0.000000,0.228663
q_ind_182_pop_6,0.104123,0.124159,0.000000,0.203593
q_ind_183_pop_6,0.165812,0.187515,0.028446,0.265795
q_ind_184_pop_6,0.324018,0.387357,0.007316,0.453527
q_ind_185_pop_6,0.369412,0.420621,0.056863,0.451136
q_ind_186_pop_6,0.358155,0.398031,0.106772,0.434981
q_ind_187_pop_6,0.388066,0.427828,0.139638,0.456319
q_ind_188_pop_6,0.334164,0.374801,0.018788,0.441800
q_ind_189_pop_6,0.361800,0.414119,0.052948,0.453091
q_ind_190_pop_6,0.368903,0.411151,0.113952,0.443974
q_ind_191_pop_6,0.090799,0.102762,0.000000,0.169819
q_ind_192_pop_6,0.069892,0.080181,0.000000,0.143982
q_ind_193_pop_6,0.000720,0.000023,0.000000,0.008602
q_ind_194_pop_6,0.050054,0.057287,0.000000,0.123636
q_ind_195_pop_6,0.000319,0.000020,0.000000,0.002428
q_ind_196_pop_6,0.000261,0.000018,0.000000,0.002074
q_ind_197_pop_6,0.000623,0.000029,0.000000,0.005340
q_ind_198_pop_6,0.046494,0.049422,0.000000,0.118369
q_ind_199_pop_6,0.000562,0.000032,0.000000,0.004263
q_ind_200_pop_6,0.226300,0.230630,0.155434,0.267820
q_ind_201_pop_6,0.032756,0.002315,0.000000,0.113564
q_ind_202_pop_6,0.130881,0.154052,0.000000,0.246228
q_ind_203_pop_6,0.127960,0.166478,0.000000,0.232509
q_ind_204_pop_6,0.158434,0.196043,0.000000,0.262556
q_ind_205_pop_6,0.103696,0.117646,0.000000,0.209055
q_ind_206_pop_6,0.140996,0.168451,0.011065,0.238041
q_ind_207_pop_6,0.127936,0.162601,0.000000,0.231152
q_ind_208_pop_6,0.147237,0.192371,0.000001,0.256748
q_ind_209_pop_6,0.134104,0.173722,0.000000,0.247567
q_ind_210_pop_6,0.144702,0.171520,0.000002,0.250593
q_ind_211_pop_6,0.294685,0.299511,0.226511,0.351342
q_ind_212_pop_6,0.381043,0.424582,0.148409,0.463400
q_ind_213_pop_6,0.368763,0.416891,0.129863,0.451431
q_ind_214_pop_6,0.341548,0.394641,0.063614,0.437312
q_ind_215_pop_6,0.353063,0.406326,0.092735,0.435473
q_ind_216_pop_6,0.375391,0.429932,0.124148,0.462935
q_ind_217_pop_6,0.350488,0.399064,0.113692,0.434136
q_ind_218_pop_6,0.340724,0.390064,0.108427,0.428968
q_ind_219_pop_6,0.364107,0.414640,0.115961,0.454298
q_ind_220_pop_6,0.342733,0.390914,0.090429,0.432889
q_ind_221_pop_6,0.337780,0.392681,0.100418,0.436492
q_ind_222_pop_6,0.150134,0.153583,0.014512,0.264914
q_ind_223_pop_6,0.201230,0.224446,0.088711,0.270835
q_ind_224_pop_6,0.122901,0.136567,0.000826,0.211038
q_ind_225_pop_6,0.115016,0.109451,0.044246,0.217506
q_ind_226_pop_6,0.114053,0.123944,0.000000,0.256754
q_ind_227_pop_6,0.107760,0.112168,0.000012,0.230499
q_ind_228_pop_6,0.094690,0.096685,0.000000,0.231621
q_ind_229_pop_6,0.141172,0.159063,0.000003,0.272924
q_ind_230_pop_6,0.095881,0.092982,0.000089,0.214097
q_ind_231_pop_6,0.238648,0.232829,0.151488,0.337718
q_ind_232_pop_6,0.115686,0.108910,0.002094,0.240315
q_ind_233_pop_6,0.313107,0.329309,0.138587,0.364248
q_ind_234_pop_6,0.335305,0.348024,0.187833,0.379552
q_ind_235_pop_6,0.299022,0.316228,0.104895,0.347446
q_ind_236_pop_6,0.329327,0.344652,0.155293,0.378149
q_ind_237_pop_6,0.369619,0.383057,0.208999,0.415987
q_ind_238_pop_6,0.340071,0.356459,0.161179,0.387077
q_ind_239_pop_6,0.346272,0.354679,0.224064,0.388890
q_ind_240_pop_6,0.353182,0.379569,0.119661,0.411967
q_ind_241_pop_6,0.330075,0.344688,0.177572,0.376633
q_ind_242_pop_6,0.378802,0.390098,0.238515,0.430786
q_ind_243_pop_6,0.288518,0.313577,0.085652,0.349488
q_ind_244_pop_6,0.370538,0.381539,0.220447,0.416499
q_ind_0_pop_7,0.050888,0.051382,0.004741,0.085341
q_ind_1_pop_7,0.043720,0.044722,0.000650,0.076274
q_ind_2_pop_7,0.110478,0.111173,0.068850,0.149586
q_ind_3_pop_7,0.121057,0.121533,0.076768,0.163447
q_ind_4_pop_7,0.042921,0.043167,0.019478,0.065150
q_ind_5_pop_7,0.069023,0.069049,0.030102,0.108717
q_ind_6_pop_7,0.061896,0.062701,0.015018,0.100112
q_ind_7_pop_7,0.072146,0.072009,0.038087,0.106738
q_ind_8_pop_7,0.057319,0.056557,0.020645,0.104351
q_ind_9_pop_7,0.050533,0.048648,0.023441,0.085948
q_ind_10_pop_7,0.098962,0.098669,0.060548,0.137610
q_ind_11_pop_7,0.062648,0.062961,0.026754,0.095251
q_ind_12_pop_7,0.003069,0.000435,0.000000,0.018773
q_ind_13_pop_7,0.001820,0.000139,0.000000,0.013654
q_ind_14_pop_7,0.002914,0.000412,0.000000,0.017538
q_ind_15_pop_7,0.001690,0.000223,0.000000,0.010661
q_ind_16_pop_7,0.003189,0.000520,0.000000,0.019270
q_ind_17_pop_7,0.001630,0.000145,0.000000,0.012401
q_ind_18_pop_7,0.000879,0.000076,0.000000,0.007126
q_ind_19_pop_7,0.002164,0.000232,0.000000,0.015062
q_ind_20_pop_7,0.001700,0.000184,0.000000,0.013118
q_ind_21_pop_7,0.003269,0.000389,0.000000,0.020762
q_ind_22_pop_7,0.001855,0.000141,0.000000,0.015172
q_ind_23_pop_7,0.005953,0.000897,0.000000,0.034157
q_ind_24_pop_7,0.000918,0.000066,0.000000,0.007222
q_ind_25_pop_7,0.004400,0.000785,0.000000,0.025084
q_ind_26_pop_7,0.001451,0.000162,0.000000,0.010670
q_ind_27_pop_7,0.011878,0.009970,0.000000,0.037174
q_ind_28_pop_7,0.004140,0.001123,0.000000,0.020358
q_ind_29_pop_7,0.004470,0.000523,0.000000,0.027337
q_ind_30_pop_7,0.001946,0.000260,0.000000,0.013224
q_ind_31_pop_7,0.001547,0.000129,0.000000,0.011131
q_ind_32_pop_7,0.013116,0.006910,0.000000,0.048717
q_ind_33_pop_7,0.001878,0.000121,0.000000,0.015097
q_ind_34_pop_7,0.001692,0.000110,0.000000,0.014122
q_ind_35_pop_7,0.000650,0.000051,0.000000,0.005089
q_ind_36_pop_7,0.004531,0.000820,0.000000,0.026026
q_ind_37_pop_7,0.001528,0.000105,0.000000,0.012209
q_ind_38_pop_7,0.001522,0.000135,0.000000,0.011096
q_ind_39_pop_7,0.011693,0.005418,0.000000,0.050807
q_ind_40_pop_7,0.003593,0.000365,0.000000,0.024263
q_ind_41_pop_7,0.000708,0.000066,0.000000,0.005147
q_ind_42_pop_7,0.001525,0.000164,0.000000,0.011601
q_ind_43_pop_7,0.000818,0.000072,0.000000,0.006320
q_ind_44_pop_7,0.000903,0.000083,0.000000,0.006448
q_ind_45_pop_7,0.000564,0.000042,0.000000,0.004356
q_ind_46_pop_7,0.001382,0.000169,0.000000,0.009358
q_ind_47_pop_7,0.000748,0.000067,0.000000,0.005591
q_ind_48_pop_7,0.000570,0.000040,0.000000,0.004837
q_ind_49_pop_7,0.001042,0.000097,0.000000,0.008115
q_ind_50_pop_7,0.000763,0.000082,0.000000,0.005540
q_ind_51_pop_7,0.000712,0.000073,0.000000,0.005199
q_ind_52_pop_7,0.000486,0.000034,0.000000,0.003760
q_ind_53_pop_7,0.001690,0.000208,0.000000,0.010831
q_ind_54_pop_7,0.000603,0.000061,0.000000,0.004648
q_ind_55_pop_7,0.000797,0.000081,0.000000,0.005879
q_ind_56_pop_7,0.000923,0.000061,0.000000,0.007624
q_ind_57_pop_7,0.000794,0.000066,0.000000,0.005993
q_ind_58_pop_7,0.002495,0.000377,0.000000,0.014561
q_ind_59_pop_7,0.001743,0.000185,0.000000,0.011461
q_ind_60_pop_7,0.001257,0.000133,0.000000,0.009450
q_ind_61_pop_7,0.002241,0.000361,0.000000,0.013013
q_ind_62_pop_7,0.002947,0.000120,0.000000,0.028542
q_ind_63_pop_7,0.001600,0.000120,0.000000,0.012488
q_ind_64_pop_7,0.001860,0.000118,0.000000,0.015586
q_ind_65_pop_7,0.000366,0.000029,0.000000,0.002821
q_ind_66_pop_7,0.116958,0.115963,0.086900,0.151984
q_ind_67_pop_7,0.001919,0.000246,0.000000,0.012311
q_ind_68_pop_7,0.027789,0.027993,0.000001,0.065074
q_ind_69_pop_7,0.024465,0.024876,0.000000,0.057081
q_ind_70_pop_7,0.001728,0.000128,0.000000,0.012983
q_ind_71_pop_7,0.003454,0.000488,0.000000,0.019977
q_ind_72_pop_7,0.008594,0.003898,0.000000,0.036592
q_ind_73_pop_7,0.011387,0.008684,0.000000,0.035059
q_ind_74_pop_7,0.018272,0.017731,0.000000,0.046836
q_ind_75_pop_7,0.001464,0.000149,0.000000,0.011033
q_ind_76_pop_7,0.003314,0.000541,0.000000,0.018124
q_ind_77_pop_7,0.002130,0.000179,0.000000,0.016205
q_ind_78_pop_7,0.004756,0.000898,0.000000,0.027996
q_ind_79_pop_7,0.019161,0.018582,0.000000,0.049910
q_ind_80_pop_7,0.001322,0.000124,0.000000,0.010009
q_ind_81_pop_7,0.004364,0.000433,0.000000,0.030796
q_ind_82_pop_7,0.001367,0.000151,0.000000,0.009540
q_ind_83_pop_7,0.001944,0.000195,0.000000,0.013541
q_ind_84_pop_7,0.002510,0.000153,0.000000,0.019953
q_ind_85_pop_7,0.003457,0.000352,0.000000,0.024236
q_ind_86_pop_7,0.005822,0.001018,0.000000,0.031835
q_ind_87_pop_7,0.006914,0.001745,0.000000,0.037544
q_ind_88_pop_7,0.002901,0.000296,0.000000,0.021435
q_ind_89_pop_7,0.001550,0.000140,0.000000,0.011580
q_ind_90_pop_7,0.002041,0.000214,0.000000,0.013679
q_ind_91_pop_7,0.002874,0.000327,0.000000,0.018060
q_ind_92_pop_7,0.009512,0.003327,0.000000,0.042068
q_ind_93_pop_7,0.001390,0.000132,0.000000,0.010258
q_ind_94_pop_7,0.010307,0.005226,0.000000,0.040276
q_ind_95_pop_7,0.000873,0.000078,0.000000,0.006492
q_ind_96_pop_7,0.003390,0.001355,0.000000,0.015807
q_ind_97_pop_7,0.006695,0.001273,0.000000,0.033081
q_ind_98_pop_7,0.001348,0.000108,0.000000,0.010567
q_ind_99_pop_7,0.000899,0.000056,0.000000,0.007243
q_ind_100_pop_7,0.000308,0.000025,0.000000,0.002407
q_ind_101_pop_7,0.000267,0.000023,0.000000,0.002047
q_ind_102_pop_7,0.000590,0.000045,0.000000,0.004571
q_ind_103_pop_7,0.000487,0.000040,0.000000,0.003593
q_ind_104_pop_7,0.005032,0.000504,0.000000,0.030244
q_ind_105_pop_7,0.000963,0.000085,0.000000,0.007405
q_ind_106_pop_7,0.032553,0.031204,0.000000,0.083565
q_ind_107_pop_7,0.037737,0.038758,0.000060,0.071989
q_ind_108_pop_7,0.082658,0.083275,0.027877,0.134911
q_ind_109_pop_7,0.101133,0.101014,0.061005,0.142102
q_ind_110_pop_7,0.069228,0.069601,0.029210,0.106205
q_ind_111_pop_7,0.009587,0.004346,0.000000,0.038976
q_ind_112_pop_7,0.048032,0.052783,0.000001,0.094199
q_ind_113_pop_7,0.047714,0.050010,0.000000,0.107794
q_ind_114_pop_7,0.001258,0.000140,0.000000,0.008600
q_ind_115_pop_7,0.000794,0.000058,0.000000,0.006162
q_ind_116_pop_7,0.000957,0.000111,0.000000,0.006639
q_ind_117_pop_7,0.000783,0.000068,0.000000,0.006109
q_ind_118_pop_7,0.001352,0.000130,0.000000,0.009756
q_ind_119_pop_7,0.000437,0.000036,0.000000,0.003453
q_ind_120_pop_7,0.001247,0.000106,0.000000,0.009205
q_ind_121_pop_7,0.000710,0.000053,0.000000,0.005297
q_ind_122_pop_7,0.000494,0.000046,0.000000,0.003840
q_ind_123_pop_7,0.002219,0.000259,0.000000,0.015451
q_ind_124_pop_7,0.008545,0.003274,0.000000,0.037249
q_ind_125_pop_7,0.004123,0.000541,0.000000,0.026620
q_ind_126_pop_7,0.001067,0.000073,0.000000,0.008373
q_ind_127_pop_7,0.002330,0.000188,0.000000,0.019635
q_ind_128_pop_7,0.002238,0.000210,0.000000,0.016208
q_ind_129_pop_7,0.001484,0.000147,0.000000,0.011225
q_ind_130_pop_7,0.003537,0.000541,0.000000,0.021263
q_ind_131_pop_7,0.001095,0.000080,0.000000,0.008930
q_ind_132_pop_7,0.002039,0.000199,0.000000,0.013670
q_ind_133_pop_7,0.005035,0.001313,0.000000,0.027024
q_ind_134_pop_7,0.002828,0.000311,0.000000,0.018456
q_ind_135_pop_7,0.004431,0.000863,0.000000,0.023463
q_ind_136_pop_7,0.001623,0.000177,0.000000,0.011238
q_ind_137_pop_7,0.005449,0.001232,0.000000,0.027306
q_ind_138_pop_7,0.008070,0.003807,0.000000,0.032918
q_ind_139_pop_7,0.003110,0.000436,0.000000,0.018660
q_ind_140_pop_7,0.035037,0.037063,0.000000,0.078510
q_ind_141_pop_7,0.003194,0.000197,0.000000,0.025161
q_ind_142_pop_7,0.001577,0.000141,0.000000,0.011876
q_ind_143_pop_7,0.020515,0.018967,0.000000,0.057217
q_ind_144_pop_7,0.001745,0.000097,0.000000,0.016514
q_ind_145_pop_7,0.006432,0.000837,0.000000,0.042489
q_ind_146_pop_7,0.002048,0.000157,0.000000,0.016741
q_ind_147_pop_7,0.001544,0.000157,0.000000,0.011802
q_ind_148_pop_7,0.002723,0.000336,0.000000,0.019034
q_ind_149_pop_7,0.002484,0.000403,0.000000,0.015295
q_ind_150_pop_7,0.004050,0.001166,0.000000,0.021624
q_ind_151_pop_7,0.000690,0.000045,0.000000,0.005382
q_ind_152_pop_7,0.000930,0.000076,0.000000,0.007185
q_ind_153_pop_7,0.001530,0.000193,0.000000,0.010511
q_ind_154_pop_7,0.002482,0.000133,0.000000,0.026341
q_ind_155_pop_7,0.026044,0.026681,0.000000,0.064683
q_ind_156_pop_7,0.005645,0.000654,0.000000,0.035609
q_ind_157_pop_7,0.018377,0.012230,0.000000,0.060901
q_ind_158_pop_7,0.024874,0.018789,0.000000,0.072694
q_ind_159_pop_7,0.032543,0.032936,0.000001,0.071939
q_ind_160_pop_7,0.001783,0.000155,0.000000,0.013145
q_ind_161_pop_7,0.001459,0.000104,0.000000,0.011760
q_ind_162_pop_7,0.007045,0.001021,0.000000,0.039967
q_ind_163_pop_7,0.024416,0.024624,0.000000,0.060593
q_ind_164_pop_7,0.065032,0.063775,0.023679,0.110022
q_ind_165_pop_7,0.069533,0.069191,0.033293,0.109235
q_ind_166_pop_7,0.113167,0.116653,0.050750,0.163433
q_ind_167_pop_7,0.003894,0.000359,0.000000,0.026598
q_ind_168_pop_7,0.001130,0.000075,0.000000,0.008762
q_ind_169_pop_7,0.005298,0.002525,0.000000,0.022303
q_ind_170_pop_7,0.004349,0.000379,0.000000,0.036746
q_ind_171_pop_7,0.001263,0.000109,0.000000,0.009541
q_ind_172_pop_7,0.003831,0.000567,0.000000,0.025049
q_ind_173_pop_7,0.000698,0.000059,0.000000,0.005570
q_ind_174_pop_7,0.026521,0.026523,0.000029,0.053627
q_ind_175_pop_7,0.001883,0.000225,0.000000,0.014201
q_ind_176_pop_7,0.004374,0.000677,0.000000,0.027818
q_ind_177_pop_7,0.003268,0.000520,0.000000,0.021382
q_ind_178_pop_7,0.014376,0.012281,0.000000,0.043980
q_ind_179_pop_7,0.019879,0.018607,0.000000,0.057284
q_ind_180_pop_7,0.004770,0.000795,0.000000,0.028022
q_ind_181_pop_7,0.001564,0.000150,0.000000,0.011177
q_ind_182_pop_7,0.002034,0.000272,0.000000,0.013692
q_ind_183_pop_7,0.003858,0.000520,0.000000,0.024256
q_ind_184_pop_7,0.005996,0.001245,0.000000,0.033199
q_ind_185_pop_7,0.002127,0.000203,0.000000,0.014354
q_ind_186_pop_7,0.007056,0.001120,0.000000,0.035764
q_ind_187_pop_7,0.004655,0.000910,0.000000,0.024007
q_ind_188_pop_7,0.008103,0.001958,0.000000,0.040774
q_ind_189_pop_7,0.032883,0.033406,0.000001,0.072512
q_ind_190_pop_7,0.006503,0.001408,0.000000,0.034578
q_ind_191_pop_7,0.588053,0.587885,0.549545,0.626980
q_ind_192_pop_7,0.591048,0.591079,0.550811,0.632148
q_ind_193_pop_7,0.996496,0.998596,0.977232,0.999969
q_ind_194_pop_7,0.617606,0.617856,0.581575,0.653161
q_ind_195_pop_7,0.997978,0.998689,0.991969,0.999970
q_ind_196_pop_7,0.997951,0.998664,0.992160,0.999969
q_ind_197_pop_7,0.996066,0.998225,0.973995,0.999961
q_ind_198_pop_7,0.613509,0.613871,0.577659,0.649619
q_ind_199_pop_7,0.996749,0.998072,0.985090,0.999953
q_ind_200_pop_7,0.245241,0.241734,0.209070,0.298920
q_ind_201_pop_7,0.616554,0.617065,0.571499,0.658562
q_ind_202_pop_7,0.043676,0.045986,0.000000,0.091958
q_ind_203_pop_7,0.032563,0.034524,0.000000,0.077988
q_ind_204_pop_7,0.013246,0.004056,0.000000,0.062097
q_ind_205_pop_7,0.002708,0.000249,0.000000,0.019420
q_ind_206_pop_7,0.060981,0.060469,0.021885,0.103560
q_ind_207_pop_7,0.067441,0.066794,0.042964,0.095983
q_ind_208_pop_7,0.037675,0.040638,0.000000,0.078236
q_ind_209_pop_7,0.052033,0.050839,0.017673,0.089353
q_ind_210_pop_7,0.032807,0.032470,0.000000,0.080798
q_ind_211_pop_7,0.032416,0.034570,0.000001,0.063906
q_ind_212_pop_7,0.003941,0.000562,0.000000,0.022850
q_ind_213_pop_7,0.002823,0.000378,0.000000,0.016243
q_ind_214_pop_7,0.001546,0.000140,0.000000,0.012032
q_ind_215_pop_7,0.002197,0.000218,0.000000,0.015053
q_ind_216_pop_7,0.002711,0.000242,0.000000,0.018621
q_ind_217_pop_7,0.000630,0.000046,0.000000,0.004872
q_ind_218_pop_7,0.002688,0.000230,0.000000,0.020187
q_ind_219_pop_7,0.003614,0.000355,0.000000,0.022451
q_ind_220_pop_7,0.001701,0.000175,0.000000,0.012159
q_ind_221_pop_7,0.008501,0.005069,0.000000,0.032581
q_ind_222_pop_7,0.028634,0.027496,0.000013,0.065388
q_ind_223_pop_7,0.006540,0.000815,0.000000,0.036083
q_ind_224_pop_7,0.010171,0.003199,0.000000,0.045883
q_ind_225_pop_7,0.028741,0.029422,0.000001,0.061033
q_ind_226_pop_7,0.008040,0.001894,0.000000,0.039036
q_ind_227_pop_7,0.004352,0.000462,0.000000,0.026520
q_ind_228_pop_7,0.001102,0.000084,0.000000,0.007746
q_ind_229_pop_7,0.025209,0.025664,0.000000,0.054580
q_ind_230_pop_7,0.028248,0.028486,0.000001,0.062829
q_ind_231_pop_7,0.004940,0.000524,0.000000,0.034364
q_ind_232_pop_7,0.019611,0.018167,0.000000,0.054359
q_ind_233_pop_7,0.000893,0.000068,0.000000,0.007090
q_ind_234_pop_7,0.000838,0.000063,0.000000,0.007007
q_ind_235_pop_7,0.001854,0.000206,0.000000,0.012776
q_ind_236_pop_7,0.001036,0.000103,0.000000,0.007788
q_ind_237_pop_7,0.001617,0.000161,0.000000,0.012629
q_ind_238_pop_7,0.001148,0.000096,0.000000,0.009138
q_ind_239_pop_7,0.000789,0.000066,0.000000,0.006060
q_ind_240_pop_7,0.000910,0.000071,0.000000,0.007230
q_ind_241_pop_7,0.003167,0.000691,0.000000,0.017439
q_ind_242_pop_7,0.027353,0.027893,0.000001,0.059642
q_ind_243_pop_7,0.001939,0.000207,0.000000,0.012841
q_ind_244_pop_7,0.024183,0.024436,0.000000,0.061190
q_ind_0_pop_8,0.005971,0.000535,0.000000,0.043437
q_ind_1_pop_8,0.003453,0.000208,0.000000,0.031497
q_ind_2_pop_8,0.039371,0.036759,0.006726,0.089348
q_ind_3_pop_8,0.017040,0.010602,0.000000,0.062517
q_ind_4_pop_8,0.005761,0.000475,0.000000,0.040186
q_ind_5_pop_8,0.018331,0.009484,0.000000,0.081898
q_ind_6_pop_8,0.008547,0.001506,0.000000,0.049695
q_ind_7_pop_8,0.009719,0.001060,0.000000,0.067687
q_ind_8_pop_8,0.004820,0.000437,0.000000,0.041826
q_ind_9_pop_8,0.031322,0.027137,0.000000,0.088236
q_ind_10_pop_8,0.030632,0.030062,0.000590,0.062585
q_ind_11_pop_8,0.005633,0.001433,0.000000,0.028401
q_ind_12_pop_8,0.007625,0.003857,0.000000,0.030386
q_ind_13_pop_8,0.004832,0.000714,0.000000,0.026968
q_ind_14_pop_8,0.001854,0.000169,0.000000,0.013584
q_ind_15_pop_8,0.001801,0.000148,0.000000,0.014370
q_ind_16_pop_8,0.007113,0.002348,0.000000,0.032716
q_ind_17_pop_8,0.007768,0.001657,0.000000,0.038537
q_ind_18_pop_8,0.001341,0.000145,0.000000,0.009590
q_ind_19_pop_8,0.001278,0.000095,0.000000,0.010254
q_ind_20_pop_8,0.001812,0.000112,0.000000,0.015173
q_ind_21_pop_8,0.003179,0.000356,0.000000,0.022856
q_ind_22_pop_8,0.002581,0.000146,0.000000,0.026923
q_ind_23_pop_8,0.003316,0.000365,0.000000,0.023120
q_ind_24_pop_8,0.020369,0.017827,0.000000,0.058057
q_ind_25_pop_8,0.000803,0.000067,0.000000,0.006472
q_ind_26_pop_8,0.001404,0.000133,0.000000,0.010428
q_ind_27_pop_8,0.001658,0.000151,0.000000,0.013151
q_ind_28_pop_8,0.002115,0.000201,0.000000,0.015444
q_ind_29_pop_8,0.001708,0.000178,0.000000,0.013000
q_ind_30_pop_8,0.000713,0.000060,0.000000,0.005162
q_ind_31_pop_8,0.002046,0.000126,0.000000,0.016691
q_ind_32_pop_8,0.001183,0.000092,0.000000,0.009179
q_ind_33_pop_8,0.002906,0.000088,0.000000,0.049757
q_ind_34_pop_8,0.000858,0.000053,0.000000,0.007126
q_ind_35_pop_8,0.000421,0.000026,0.000000,0.003551
q_ind_36_pop_8,0.005514,0.000437,0.000000,0.057151
q_ind_37_pop_8,0.000552,0.000052,0.000000,0.003968
q_ind_38_pop_8,0.001066,0.000082,0.000000,0.008057
q_ind_39_pop_8,0.005679,0.000761,0.000000,0.036637
q_ind_40_pop_8,0.002152,0.000204,0.000000,0.015275
q_ind_41_pop_8,0.002196,0.000176,0.000000,0.017874
q_ind_42_pop_8,0.006456,0.000976,0.000000,0.044912
q_ind_43_pop_8,0.036660,0.038069,0.000009,0.076645
q_ind_44_pop_8,0.046300,0.049845,0.000000,0.105067
q_ind_45_pop_8,0.007138,0.001392,0.000000,0.038013
q_ind_46_pop_8,0.004044,0.000490,0.000000,0.025315
q_ind_47_pop_8,0.002621,0.000267,0.000000,0.018862
q_ind_48_pop_8,0.003459,0.000409,0.000000,0.023459
q_ind_49_pop_8,0.002776,0.000474,0.000000,0.017176
q_ind_50_pop_8,0.010865,0.007917,0.000000,0.037576
q_ind_51_pop_8,0.001107,0.000088,0.000000,0.008528
q_ind_52_pop_8,0.001790,0.000133,0.000000,0.014544
q_ind_53_pop_8,0.010357,0.007269,0.000000,0.035582
q_ind_54_pop_8,0.003524,0.000439,0.000000,0.023686
q_ind_55_pop_8,0.002330,0.000284,0.000000,0.016780
q_ind_56_pop_8,0.005153,0.000510,0.000000,0.033603
q_ind_57_pop_8,0.005724,0.001725,0.000000,0.027599
q_ind_58_pop_8,0.014386,0.014798,0.000000,0.035786
q_ind_59_pop_8,0.004422,0.001207,0.000000,0.021044
q_ind_60_pop_8,0.021552,0.021048,0.000000,0.057457
q_ind_61_pop_8,0.004418,0.000729,0.000000,0.024555
q_ind_62_pop_8,0.000533,0.000037,0.000000,0.004148
q_ind_63_pop_8,0.000479,0.000035,0.000000,0.004053
q_ind_64_pop_8,0.000504,0.000035,0.000000,0.004095
q_ind_65_pop_8,0.000434,0.000030,0.000000,0.003476
q_ind_66_pop_8,0.003902,0.000378,0.000000,0.028040
q_ind_67_pop_8,0.001622,0.000186,0.000000,0.010745
q_ind_68_pop_8,0.008261,0.003121,0.000000,0.034518
q_ind_69_pop_8,0.003517,0.000591,0.000000,0.022787
q_ind_70_pop_8,0.001155,0.000080,0.000000,0.009169
q_ind_71_pop_8,0.002326,0.000268,0.000000,0.014243
q_ind_72_pop_8,0.003397,0.000649,0.000000,0.021117
q_ind_73_pop_8,0.004742,0.000345,0.000000,0.035956
q_ind_74_pop_8,0.039001,0.037808,0.001117,0.085368
q_ind_75_pop_8,0.003378,0.000362,0.000000,0.024604
q_ind_76_pop_8,0.003866,0.000349,0.000000,0.034568
q_ind_77_pop_8,0.012410,0.001553,0.000000,0.064301
q_ind_78_pop_8,0.001888,0.000213,0.000000,0.012202
q_ind_79_pop_8,0.001915,0.000144,0.000000,0.013125
q_ind_80_pop_8,0.001082,0.000084,0.000000,0.008132
q_ind_81_pop_8,0.002872,0.000465,0.000000,0.018416
q_ind_82_pop_8,0.001622,0.000170,0.000000,0.011812
q_ind_83_pop_8,0.003275,0.000268,0.000000,0.024915
q_ind_84_pop_8,0.000854,0.000072,0.000000,0.006666
q_ind_85_pop_8,0.004638,0.000606,0.000000,0.035159
q_ind_86_pop_8,0.002450,0.000241,0.000000,0.018301
q_ind_87_pop_8,0.005714,0.001085,0.000000,0.032956
q_ind_88_pop_8,0.003183,0.000322,0.000000,0.022068
q_ind_89_pop_8,0.005959,0.000856,0.000000,0.038009
q_ind_90_pop_8,0.002004,0.000182,0.000000,0.014630
q_ind_91_pop_8,0.007153,0.001036,0.000000,0.042155
q_ind_92_pop_8,0.006095,0.001334,0.000000,0.034375
q_ind_93_pop_8,0.060013,0.059139,0.029866,0.094303
q_ind_94_pop_8,0.003936,0.000451,0.000000,0.025541
q_ind_95_pop_8,0.001853,0.000209,0.000000,0.012530
q_ind_96_pop_8,0.001964,0.000309,0.000000,0.011967
q_ind_97_pop_8,0.001310,0.000087,0.000000,0.011080
q_ind_98_pop_8,0.001339,0.000113,0.000000,0.011700
q_ind_99_pop_8,0.000626,0.000046,0.000000,0.005015
q_ind_100_pop_8,0.000321,0.000024,0.000000,0.002521
q_ind_101_pop_8,0.000367,0.000031,0.000000,0.002900
q_ind_102_pop_8,0.000684,0.000065,0.000000,0.005304
q_ind_103_pop_8,0.000488,0.000033,0.000000,0.004035
q_ind_104_pop_8,0.001204,0.000081,0.000000,0.009779
q_ind_105_pop_8,0.004493,0.001600,0.000000,0.020414
q_ind_106_pop_8,0.013073,0.006888,0.000000,0.052559
q_ind_107_pop_8,0.002722,0.000282,0.000000,0.019836
q_ind_108_pop_8,0.009504,0.002370,0.000000,0.046321
q_ind_109_pop_8,0.010247,0.005326,0.000000,0.041112
q_ind_110_pop_8,0.006915,0.001167,0.000000,0.039511
q_ind_111_pop_8,0.004262,0.000679,0.000000,0.024793
q_ind_112_pop_8,0.008342,0.001030,0.000000,0.064768
q_ind_113_pop_8,0.004969,0.000512,0.000000,0.038722
q_ind_114_pop_8,0.002064,0.000181,0.000000,0.014714
q_ind_115_pop_8,0.001254,0.000123,0.000000,0.009357
q_ind_116_pop_8,0.000992,0.000080,0.000000,0.007713
q_ind_117_pop_8,0.002214,0.000175,0.000000,0.017579
q_ind_118_pop_8,0.001355,0.000123,0.000000,0.010200
q_ind_119_pop_8,0.000473,0.000038,0.000000,0.003731
q_ind_120_pop_8,0.000854,0.000059,0.000000,0.006627
q_ind_121_pop_8,0.000480,0.000039,0.000000,0.003959
q_ind_122_pop_8,0.000710,0.000062,0.000000,0.005582
q_ind_123_pop_8,0.007179,0.002570,0.000000,0.035180
q_ind_124_pop_8,0.006741,0.000816,0.000000,0.049678
q_ind_125_pop_8,0.021585,0.019527,0.000000,0.059963
q_ind_126_pop_8,0.005721,0.001475,0.000000,0.031086
q_ind_127_pop_8,0.011441,0.001677,0.000000,0.063608
q_ind_128_pop_8,0.001589,0.000154,0.000000,0.011732
q_ind_129_pop_8,0.006936,0.002249,0.000000,0.033523
q_ind_130_pop_8,0.008125,0.001803,0.000000,0.040625
q_ind_131_pop_8,0.000674,0.000055,0.000000,0.005242
q_ind_132_pop_8,0.001175,0.000113,0.000000,0.008666
q_ind_133_pop_8,0.001667,0.000138,0.000000,0.013869
q_ind_134_pop_8,0.024324,0.024022,0.000001,0.055574
q_ind_135_pop_8,0.006311,0.000693,0.000000,0.038666
q_ind_136_pop_8,0.002475,0.000266,0.000000,0.017971
q_ind_137_pop_8,0.000753,0.000051,0.000000,0.005944
q_ind_138_pop_8,0.005197,0.001387,0.000000,0.026328
q_ind_139_pop_8,0.006917,0.001725,0.000000,0.035722
q_ind_140_pop_8,0.002735,0.000243,0.000000,0.020072
q_ind_141_pop_8,0.003452,0.000201,0.000000,0.030909
q_ind_142_pop_8,0.013807,0.004487,0.000000,0.058293
q_ind_143_pop_8,0.001200,0.000088,0.000000,0.010031
q_ind_144_pop_8,0.004082,0.000357,0.000000,0.023329
q_ind_145_pop_8,0.001851,0.000130,0.000000,0.015536
q_ind_146_pop_8,0.000876,0.000075,0.000000,0.006633
q_ind_147_pop_8,0.007414,0.004554,0.000000,0.027007
q_ind_148_pop_8,0.002122,0.000209,0.000000,0.017091
q_ind_149_pop_8,0.002403,0.000254,0.000000,0.017417
q_ind_150_pop_8,0.002672,0.000353,0.000000,0.016619
q_ind_151_pop_8,0.001050,0.000064,0.000000,0.009061
q_ind_152_pop_8,0.000590,0.000052,0.000000,0.004667
q_ind_153_pop_8,0.009177,0.003431,0.000000,0.039037
q_ind_154_pop_8,0.002780,0.000195,0.000000,0.024027
q_ind_155_pop_8,0.001479,0.000121,0.000000,0.011523
q_ind_156_pop_8,0.001853,0.000246,0.000000,0.012654
q_ind_157_pop_8,0.001855,0.000148,0.000000,0.014238
q_ind_158_pop_8,0.004137,0.000590,0.000000,0.028458
q_ind_159_pop_8,0.003545,0.000382,0.000000,0.025506
q_ind_160_pop_8,0.001266,0.000100,0.000000,0.009904
q_ind_161_pop_8,0.002450,0.000230,0.000000,0.019009
q_ind_162_pop_8,0.002172,0.000148,0.000000,0.016523
q_ind_163_pop_8,0.001408,0.000106,0.000000,0.010348
q_ind_164_pop_8,0.034613,0.036204,0.000002,0.069634
q_ind_165_pop_8,0.011025,0.002942,0.000000,0.050562
q_ind_166_pop_8,0.001490,0.000126,0.000000,0.011717
q_ind_167_pop_8,0.022280,0.022996,0.000000,0.053276
q_ind_168_pop_8,0.111505,0.110212,0.056952,0.174188
q_ind_169_pop_8,0.004864,0.000440,0.000000,0.034432
q_ind_170_pop_8,0.009304,0.001748,0.000000,0.058042
q_ind_171_pop_8,0.001898,0.000221,0.000000,0.012802
q_ind_172_pop_8,0.001935,0.000186,0.000000,0.013953
q_ind_173_pop_8,0.000888,0.000064,0.000000,0.006657
q_ind_174_pop_8,0.033417,0.030389,0.001104,0.082882
q_ind_175_pop_8,0.001209,0.000094,0.000000,0.009864
q_ind_176_pop_8,0.011504,0.006304,0.000000,0.042656
q_ind_177_pop_8,0.004615,0.000895,0.000000,0.026196
q_ind_178_pop_8,0.002669,0.000287,0.000000,0.017337
q_ind_179_pop_8,0.000995,0.000069,0.000000,0.007742
q_ind_180_pop_8,0.001870,0.000192,0.000000,0.013503
q_ind_181_pop_8,0.007991,0.002403,0.000000,0.039073
q_ind_182_pop_8,0.002643,0.000221,0.000000,0.018918
q_ind_183_pop_8,0.012992,0.007971,0.000000,0.045650
q_ind_184_pop_8,0.001617,0.000110,0.000000,0.012763
q_ind_185_pop_8,0.001886,0.000193,0.000000,0.013585
q_ind_186_pop_8,0.003096,0.000411,0.000000,0.020731
q_ind_187_pop_8,0.002155,0.000260,0.000000,0.014009
q_ind_188_pop_8,0.001266,0.000097,0.000000,0.009780
q_ind_189_pop_8,0.002452,0.000283,0.000000,0.017814
q_ind_190_pop_8,0.004060,0.000691,0.000000,0.024876
q_ind_191_pop_8,0.000563,0.000040,0.000000,0.004725
q_ind_192_pop_8,0.001502,0.000133,0.000000,0.010744
q_ind_193_pop_8,0.000196,0.000015,0.000000,0.001607
q_ind_194_pop_8,0.001167,0.000077,0.000000,0.009847
q_ind_195_pop_8,0.000228,0.000015,0.000000,0.001799
q_ind_196_pop_8,0.000245,0.000021,0.000000,0.001861
q_ind_197_pop_8,0.000248,0.000016,0.000000,0.002054
q_ind_198_pop_8,0.000616,0.000052,0.000000,0.004841
q_ind_199_pop_8,0.000325,0.000024,0.000000,0.002684
q_ind_200_pop_8,0.000751,0.000047,0.000000,0.006683
q_ind_201_pop_8,0.002006,0.000118,0.000000,0.018033
q_ind_202_pop_8,0.014019,0.008849,0.000000,0.048474
q_ind_203_pop_8,0.013693,0.004137,0.000000,0.063371
q_ind_204_pop_8,0.022076,0.012509,0.000000,0.088227
q_ind_205_pop_8,0.025780,0.024849,0.000000,0.066780
q_ind_206_pop_8,0.016635,0.009022,0.000000,0.069802
q_ind_207_pop_8,0.056901,0.056946,0.022504,0.091540
q_ind_208_pop_8,0.002835,0.000196,0.000000,0.027553
q_ind_209_pop_8,0.005087,0.000751,0.000000,0.034031
q_ind_210_pop_8,0.031161,0.031371,0.000004,0.070011
q_ind_211_pop_8,0.003884,0.000279,0.000000,0.030520
q_ind_212_pop_8,0.001921,0.000216,0.000000,0.012099
q_ind_213_pop_8,0.003157,0.000459,0.000000,0.019408
q_ind_214_pop_8,0.007245,0.000575,0.000000,0.055568
q_ind_215_pop_8,0.003930,0.000653,0.000000,0.025122
q_ind_216_pop_8,0.001165,0.000088,0.000000,0.009017
q_ind_217_pop_8,0.000687,0.000046,0.000000,0.005435
q_ind_218_pop_8,0.007022,0.001766,0.000000,0.034852
q_ind_219_pop_8,0.001635,0.000149,0.000000,0.011880
q_ind_220_pop_8,0.000966,0.000077,0.000000,0.007547
q_ind_221_pop_8,0.002877,0.000320,0.000000,0.018665
q_ind_222_pop_8,0.341829,0.333979,0.290185,0.442865
q_ind_223_pop_8,0.064327,0.063678,0.018322,0.119440
q_ind_224_pop_8,0.352585,0.350092,0.298933,0.428569
q_ind_225_pop_8,0.240306,0.238689,0.194911,0.294140
q_ind_226_pop_8,0.441818,0.432704,0.379772,0.552585
q_ind_227_pop_8,0.528146,0.521017,0.475802,0.623787
q_ind_228_pop_8,0.517206,0.507587,0.448564,0.631023
q_ind_229_pop_8,0.403526,0.391443,0.331433,0.537074
q_ind_230_pop_8,0.327319,0.318727,0.271030,0.437981
q_ind_231_pop_8,0.280008,0.274719,0.230013,0.368804
q_ind_232_pop_8,0.470791,0.463188,0.412875,0.565755
q_ind_233_pop_8,0.001377,0.000113,0.000000,0.009661
q_ind_234_pop_8,0.009495,0.004915,0.000000,0.038169
q_ind_235_pop_8,0.003765,0.000490,0.000000,0.022711
q_ind_236_pop_8,0.001937,0.000187,0.000000,0.014097
q_ind_237_pop_8,0.004961,0.000542,0.000000,0.033522
q_ind_238_pop_8,0.001040,0.000074,0.000000,0.008207
q_ind_239_pop_8,0.013863,0.009080,0.000000,0.047969
q_ind_240_pop_8,0.002491,0.000404,0.000000,0.016600
q_ind_241_pop_8,0.001095,0.000102,0.000000,0.008437
q_ind_242_pop_8,0.003630,0.000262,0.000000,0.028117
q_ind_243_pop_8,0.001867,0.000184,0.000000,0.013620
q_ind_244_pop_8,0.011640,0.003138,0.000000,0.051916
