param,mean,median,ci_0.950_LB,ci_0.950_UB
Q_ind_1_anc_1-1,0.000407,0.000001,0.000000,0.003991
Q_ind_2_anc_1-1,0.000427,0.000001,0.000000,0.004274
Q_ind_3_anc_1-1,0.000598,0.000001,0.000000,0.006384
Q_ind_4_anc_1-1,0.000373,0.000000,0.000000,0.004155
Q_ind_5_anc_1-1,0.000131,0.000000,0.000000,0.001336
Q_ind_6_anc_1-1,0.000332,0.000000,0.000000,0.003662
Q_ind_7_anc_1-1,0.000235,0.000000,0.000000,0.002499
Q_ind_8_anc_1-1,0.000801,0.000003,0.000000,0.006873
Q_ind_9_anc_1-1,0.000401,0.000000,0.000000,0.004054
Q_ind_10_anc_1-1,0.000331,0.000000,0.000000,0.003537
Q_ind_11_anc_1-1,0.006467,0.004738,0.000000,0.022839
Q_ind_12_anc_1-1,0.000329,0.000000,0.000000,0.003352
Q_ind_13_anc_1-1,0.081173,0.081170,0.044526,0.118245
Q_ind_14_anc_1-1,0.068246,0.069676,0.007326,0.120471
Q_ind_15_anc_1-1,0.097220,0.096764,0.061438,0.135052
Q_ind_16_anc_1-1,0.070565,0.070892,0.029558,0.110582
Q_ind_17_anc_1-1,0.070135,0.071495,0.021144,0.110259
Q_ind_18_anc_1-1,0.106878,0.106956,0.064563,0.148547
Q_ind_19_anc_1-1,0.057717,0.059997,0.000166,0.094793
Q_ind_20_anc_1-1,0.000325,0.000000,0.000000,0.003655
Q_ind_21_anc_1-1,0.003221,0.000034,0.000000,0.021743
Q_ind_22_anc_1-1,0.002780,0.000028,0.000000,0.019771
Q_ind_23_anc_1-1,0.000581,0.000001,0.000000,0.005847
Q_ind_24_anc_1-1,0.001158,0.000002,0.000000,0.011851
Q_ind_25_anc_1-1,0.002809,0.000009,0.000000,0.022484
Q_ind_26_anc_1-1,0.000568,0.000001,0.000000,0.006206
Q_ind_27_anc_1-1,0.000316,0.000000,0.000000,0.003224
Q_ind_28_anc_1-1,0.000630,0.000001,0.000000,0.006930
Q_ind_29_anc_1-1,0.001453,0.000004,0.000000,0.012308
Q_ind_30_anc_1-1,0.000534,0.000001,0.000000,0.005459
Q_ind_31_anc_1-1,0.001130,0.000002,0.000000,0.011044
Q_ind_32_anc_1-1,0.002962,0.000010,0.000000,0.022996
Q_ind_33_anc_1-1,0.000755,0.000001,0.000000,0.007523
Q_ind_34_anc_1-1,0.000502,0.000001,0.000000,0.005558
Q_ind_35_anc_1-1,0.000539,0.000001,0.000000,0.005194
Q_ind_36_anc_1-1,0.001211,0.000002,0.000000,0.011901
Q_ind_37_anc_1-1,0.000563,0.000001,0.000000,0.005703
Q_ind_38_anc_1-1,0.000635,0.000001,0.000000,0.006218
Q_ind_39_anc_1-1,0.000249,0.000000,0.000000,0.002772
Q_ind_40_anc_1-1,0.001300,0.000001,0.000000,0.015060
Q_ind_41_anc_1-1,0.000629,0.000001,0.000000,0.006954
Q_ind_42_anc_1-1,0.128455,0.128161,0.080714,0.179521
Q_ind_43_anc_1-1,0.128272,0.126073,0.072699,0.203597
Q_ind_44_anc_1-1,0.159198,0.156277,0.105206,0.230998
Q_ind_45_anc_1-1,0.124636,0.124393,0.068787,0.181361
Q_ind_46_anc_1-1,0.061007,0.066712,0.000000,0.132002
Q_ind_47_anc_1-1,0.138998,0.138965,0.086178,0.192468
Q_ind_48_anc_1-1,0.140133,0.139558,0.092629,0.192438
Q_ind_49_anc_1-1,0.130490,0.131238,0.076597,0.181325
Q_ind_50_anc_1-1,0.137828,0.139783,0.079981,0.190686
Q_ind_51_anc_1-1,0.179155,0.178751,0.135365,0.223311
Q_ind_52_anc_1-1,0.145650,0.146922,0.080952,0.203627
Q_ind_53_anc_1-1,0.167032,0.167331,0.116287,0.214297
Q_ind_54_anc_1-1,0.141061,0.141631,0.084270,0.198009
Q_ind_55_anc_1-1,0.000515,0.000001,0.000000,0.005428
Q_ind_56_anc_1-1,0.159492,0.159273,0.112102,0.207256
Q_ind_57_anc_1-1,0.182124,0.182118,0.137737,0.227375
Q_ind_58_anc_1-1,0.111855,0.111103,0.054154,0.169638
Q_ind_59_anc_1-1,0.191703,0.192196,0.137312,0.244687
Q_ind_60_anc_1-1,0.170209,0.171393,0.109494,0.223524
Q_ind_61_anc_1-1,0.003062,0.000028,0.000000,0.020732
Q_ind_62_anc_1-1,0.001423,0.000002,0.000000,0.012585
Q_ind_63_anc_1-1,0.000353,0.000000,0.000000,0.003833
Q_ind_64_anc_1-1,0.001423,0.000001,0.000000,0.015226
Q_ind_65_anc_1-1,0.023204,0.023780,0.000000,0.056730
Q_ind_66_anc_1-1,0.007097,0.004791,0.000000,0.026266
Q_ind_67_anc_1-1,0.000744,0.000001,0.000000,0.007725
Q_ind_68_anc_1-1,0.000379,0.000000,0.000000,0.004019
Q_ind_69_anc_1-1,0.001658,0.000003,0.000000,0.014944
Q_ind_70_anc_1-1,0.000191,0.000000,0.000000,0.002263
Q_ind_71_anc_1-1,0.000313,0.000000,0.000000,0.003364
Q_ind_72_anc_1-1,0.000318,0.000000,0.000000,0.003407
Q_ind_73_anc_1-1,0.000918,0.000002,0.000000,0.008314
Q_ind_74_anc_1-1,0.000838,0.000001,0.000000,0.008976
Q_ind_75_anc_1-1,0.005396,0.002689,0.000000,0.021754
Q_ind_76_anc_1-1,0.000551,0.000001,0.000000,0.005648
Q_ind_77_anc_1-1,0.000680,0.000002,0.000000,0.006303
Q_ind_78_anc_1-1,0.000543,0.000001,0.000000,0.005376
Q_ind_79_anc_1-1,0.000386,0.000000,0.000000,0.004041
Q_ind_80_anc_1-1,0.007944,0.007015,0.000000,0.023722
Q_ind_81_anc_1-1,0.117885,0.117943,0.073468,0.160445
Q_ind_82_anc_1-1,0.101027,0.100736,0.062627,0.139873
Q_ind_83_anc_1-1,0.117290,0.116540,0.072917,0.167014
Q_ind_84_anc_1-1,0.092718,0.092481,0.058898,0.127191
Q_ind_85_anc_1-1,0.074798,0.074531,0.031013,0.120378
Q_ind_86_anc_1-1,0.101715,0.100863,0.063366,0.143947
Q_ind_87_anc_1-1,0.001401,0.000002,0.000000,0.013786
Q_ind_88_anc_1-1,0.101601,0.099620,0.042301,0.164846
Q_ind_89_anc_1-1,0.449555,0.448597,0.395269,0.506745
Q_ind_90_anc_1-1,0.464615,0.463857,0.412131,0.521898
Q_ind_91_anc_1-1,0.000398,0.000000,0.000000,0.004192
Q_ind_92_anc_1-1,0.000204,0.000000,0.000000,0.002133
Q_ind_93_anc_1-1,0.478418,0.477704,0.419660,0.540997
Q_ind_94_anc_1-1,0.514138,0.513903,0.455411,0.575005
Q_ind_95_anc_1-1,0.471593,0.471159,0.416720,0.528130
Q_ind_96_anc_1-1,0.532551,0.532232,0.477947,0.589890
Q_ind_97_anc_1-1,0.000244,0.000000,0.000000,0.002435
Q_ind_98_anc_1-1,0.395352,0.394903,0.335160,0.454405
Q_ind_99_anc_1-1,0.000549,0.000001,0.000000,0.006033
Q_ind_100_anc_1-1,0.000602,0.000001,0.000000,0.006257
Q_ind_101_anc_1-1,0.001026,0.000002,0.000000,0.010628
Q_ind_102_anc_1-1,0.002470,0.000018,0.000000,0.016123
Q_ind_103_anc_1-1,0.007001,0.001537,0.000000,0.030982
Q_ind_104_anc_1-1,0.000962,0.000001,0.000000,0.010953
Q_ind_105_anc_1-1,0.001346,0.000002,0.000000,0.014001
Q_ind_106_anc_1-1,0.001804,0.000002,0.000000,0.017957
Q_ind_107_anc_1-1,0.366347,0.366168,0.310389,0.421035
Q_ind_108_anc_1-1,0.432536,0.432523,0.374368,0.492052
Q_ind_109_anc_1-1,0.464460,0.463257,0.407109,0.526118
Q_ind_110_anc_1-1,0.438240,0.437146,0.388516,0.491919
Q_ind_111_anc_1-1,0.452701,0.451676,0.399460,0.511693
Q_ind_112_anc_1-1,0.401196,0.401162,0.347277,0.456700
Q_ind_113_anc_1-1,0.423240,0.423029,0.366819,0.483416
Q_ind_114_anc_1-1,0.442860,0.442263,0.383225,0.507836
Q_ind_115_anc_1-1,0.144920,0.144414,0.090359,0.200179
Q_ind_116_anc_1-1,0.000456,0.000000,0.000000,0.004935
Q_ind_117_anc_1-1,0.002957,0.000018,0.000000,0.020594
Q_ind_118_anc_1-1,0.014449,0.013634,0.000000,0.037975
Q_ind_119_anc_1-1,0.004345,0.000108,0.000000,0.025788
Q_ind_120_anc_1-1,0.000585,0.000001,0.000000,0.006516
Q_ind_121_anc_1-1,0.005453,0.000443,0.000000,0.027247
Q_ind_122_anc_1-1,0.000216,0.000000,0.000000,0.002137
Q_ind_123_anc_1-1,0.000099,0.000000,0.000000,0.001066
Q_ind_124_anc_1-1,0.001886,0.000006,0.000000,0.014629
Q_ind_125_anc_1-1,0.001111,0.000002,0.000000,0.010378
Q_ind_126_anc_1-1,0.001021,0.000002,0.000000,0.009804
Q_ind_127_anc_1-1,0.000638,0.000001,0.000000,0.006791
Q_ind_128_anc_1-1,0.000706,0.000001,0.000000,0.007617
Q_ind_129_anc_1-1,0.000198,0.000000,0.000000,0.001920
Q_ind_130_anc_1-1,0.000877,0.000001,0.000000,0.009565
Q_ind_131_anc_1-1,0.002302,0.000006,0.000000,0.021753
Q_ind_132_anc_1-1,0.000692,0.000001,0.000000,0.006905
Q_ind_133_anc_1-1,0.000124,0.000000,0.000000,0.001357
Q_ind_134_anc_1-1,0.001010,0.000002,0.000000,0.009461
Q_ind_135_anc_1-1,0.002094,0.000012,0.000000,0.015529
Q_ind_136_anc_1-1,0.000695,0.000001,0.000000,0.006842
Q_ind_137_anc_1-1,0.005022,0.001497,0.000000,0.023124
Q_ind_138_anc_1-1,0.000695,0.000001,0.000000,0.007047
Q_ind_139_anc_1-1,0.001247,0.000008,0.000000,0.009445
Q_ind_140_anc_1-1,0.000412,0.000000,0.000000,0.004491
Q_ind_141_anc_1-1,0.000324,0.000000,0.000000,0.003500
Q_ind_142_anc_1-1,0.000547,0.000001,0.000000,0.005823
Q_ind_143_anc_1-1,0.000415,0.000000,0.000000,0.004217
Q_ind_144_anc_1-1,0.000915,0.000001,0.000000,0.009349
Q_ind_145_anc_1-1,0.000627,0.000001,0.000000,0.005938
Q_ind_146_anc_1-1,0.000448,0.000001,0.000000,0.004923
Q_ind_147_anc_1-1,0.003171,0.000117,0.000000,0.018973
Q_ind_148_anc_1-1,0.000472,0.000001,0.000000,0.004767
Q_ind_149_anc_1-1,0.000173,0.000000,0.000000,0.001949
Q_ind_150_anc_1-1,0.001202,0.000002,0.000000,0.011988
Q_ind_151_anc_1-1,0.000865,0.000001,0.000000,0.008759
Q_ind_152_anc_1-1,0.001180,0.000002,0.000000,0.011703
Q_ind_153_anc_1-1,0.001300,0.000002,0.000000,0.014735
Q_ind_154_anc_1-1,0.000275,0.000000,0.000000,0.002968
Q_ind_155_anc_1-1,0.000305,0.000000,0.000000,0.003208
Q_ind_156_anc_1-1,0.000536,0.000001,0.000000,0.005860
Q_ind_157_anc_1-1,0.000399,0.000001,0.000000,0.004285
Q_ind_158_anc_1-1,0.000798,0.000003,0.000000,0.006925
Q_ind_159_anc_1-1,0.000498,0.000001,0.000000,0.005107
Q_ind_160_anc_1-1,0.000483,0.000001,0.000000,0.004615
Q_ind_161_anc_1-1,0.000385,0.000000,0.000000,0.003897
Q_ind_162_anc_1-1,0.002789,0.000076,0.000000,0.016184
Q_ind_163_anc_1-1,0.000228,0.000000,0.000000,0.002215
Q_ind_164_anc_1-1,0.000952,0.000002,0.000000,0.009762
Q_ind_165_anc_1-1,0.006972,0.002820,0.000000,0.029408
Q_ind_166_anc_1-1,0.008851,0.003696,0.000000,0.034584
Q_ind_167_anc_1-1,0.000600,0.000001,0.000000,0.006415
Q_ind_168_anc_1-1,0.000601,0.000001,0.000000,0.006537
Q_ind_169_anc_1-1,0.000629,0.000001,0.000000,0.006278
Q_ind_170_anc_1-1,0.000897,0.000002,0.000000,0.009583
Q_ind_171_anc_1-1,0.000336,0.000000,0.000000,0.003776
Q_ind_172_anc_1-1,0.000726,0.000001,0.000000,0.007984
Q_ind_173_anc_1-1,0.000172,0.000000,0.000000,0.001731
Q_ind_174_anc_1-1,0.000336,0.000000,0.000000,0.003518
Q_ind_175_anc_1-1,0.000460,0.000001,0.000000,0.004831
Q_ind_176_anc_1-1,0.000138,0.000000,0.000000,0.001560
Q_ind_177_anc_1-1,0.000370,0.000000,0.000000,0.003921
Q_ind_178_anc_1-1,0.000109,0.000000,0.000000,0.001124
Q_ind_179_anc_1-1,0.000453,0.000001,0.000000,0.004593
Q_ind_180_anc_1-1,0.000650,0.000001,0.000000,0.007078
Q_ind_181_anc_1-1,0.001074,0.000002,0.000000,0.010347
Q_ind_182_anc_1-1,0.002793,0.000007,0.000000,0.024063
Q_ind_183_anc_1-1,0.002315,0.000008,0.000000,0.018958
Q_ind_184_anc_1-1,0.011155,0.004237,0.000000,0.042318
Q_ind_185_anc_1-1,0.000151,0.000000,0.000000,0.001599
Q_ind_186_anc_1-1,0.001178,0.000002,0.000000,0.011574
Q_ind_187_anc_1-1,0.000869,0.000001,0.000000,0.008269
Q_ind_188_anc_1-1,0.001122,0.000002,0.000000,0.011062
Q_ind_189_anc_1-1,0.000174,0.000000,0.000000,0.001985
Q_ind_190_anc_1-1,0.001526,0.000002,0.000000,0.016086
Q_ind_191_anc_1-1,0.000677,0.000001,0.000000,0.006693
Q_ind_192_anc_1-1,0.000842,0.000001,0.000000,0.008911
Q_ind_193_anc_1-1,0.000953,0.000001,0.000000,0.010238
Q_ind_194_anc_1-1,0.003973,0.000077,0.000000,0.023663
Q_ind_195_anc_1-1,0.000352,0.000000,0.000000,0.003742
Q_ind_196_anc_1-1,0.005000,0.000115,0.000000,0.031248
Q_ind_197_anc_1-1,0.000728,0.000001,0.000000,0.007754
Q_ind_198_anc_1-1,0.000887,0.000001,0.000000,0.009136
Q_ind_199_anc_1-1,0.001525,0.000003,0.000000,0.015575
Q_ind_200_anc_1-1,0.000239,0.000000,0.000000,0.002423
Q_ind_201_anc_1-1,0.000149,0.000000,0.000000,0.001513
Q_ind_202_anc_1-1,0.002652,0.000003,0.000000,0.029507
Q_ind_203_anc_1-1,0.000323,0.000000,0.000000,0.003388
Q_ind_204_anc_1-1,0.010607,0.001107,0.000000,0.049695
Q_ind_205_anc_1-1,0.015867,0.010814,0.000000,0.055217
Q_ind_206_anc_1-1,0.026935,0.027576,0.000000,0.058587
Q_ind_207_anc_1-1,0.003143,0.000061,0.000000,0.020029
Q_ind_208_anc_1-1,0.000170,0.000000,0.000000,0.001757
Q_ind_209_anc_1-1,0.000951,0.000001,0.000000,0.009782
Q_ind_210_anc_1-1,0.006347,0.000759,0.000000,0.032007
Q_ind_211_anc_1-1,0.009658,0.000513,0.000000,0.043868
Q_ind_212_anc_1-1,0.006187,0.000149,0.000000,0.034175
Q_ind_213_anc_1-1,0.002271,0.000005,0.000000,0.020152
Q_ind_214_anc_1-1,0.019419,0.019811,0.000000,0.046198
Q_ind_215_anc_1-1,0.001556,0.000003,0.000000,0.014457
Q_ind_216_anc_1-1,0.008790,0.001828,0.000000,0.039003
Q_ind_217_anc_1-1,0.000601,0.000001,0.000000,0.006711
Q_ind_218_anc_1-1,0.000752,0.000001,0.000000,0.008752
Q_ind_219_anc_1-1,0.000781,0.000001,0.000000,0.008144
Q_ind_220_anc_1-1,0.000311,0.000000,0.000000,0.003232
Q_ind_221_anc_1-1,0.017084,0.015541,0.000000,0.051249
Q_ind_222_anc_1-1,0.000255,0.000000,0.000000,0.002614
Q_ind_1_anc_2-1,0.000298,0.000000,0.000000,0.003439
Q_ind_2_anc_2-1,0.000394,0.000000,0.000000,0.004374
Q_ind_3_anc_2-1,0.000641,0.000001,0.000000,0.006845
Q_ind_4_anc_2-1,0.000284,0.000000,0.000000,0.002766
Q_ind_5_anc_2-1,0.000298,0.000000,0.000000,0.003019
Q_ind_6_anc_2-1,0.000340,0.000000,0.000000,0.003478
Q_ind_7_anc_2-1,0.000380,0.000000,0.000000,0.003846
Q_ind_8_anc_2-1,0.000354,0.000000,0.000000,0.003772
Q_ind_9_anc_2-1,0.000349,0.000000,0.000000,0.003577
Q_ind_10_anc_2-1,0.000175,0.000000,0.000000,0.001812
Q_ind_11_anc_2-1,0.000682,0.000001,0.000000,0.007350
Q_ind_12_anc_2-1,0.000299,0.000000,0.000000,0.003405
Q_ind_13_anc_2-1,0.003679,0.000004,0.000000,0.038939
Q_ind_14_anc_2-1,0.016273,0.000315,0.000000,0.086109
Q_ind_15_anc_2-1,0.001131,0.000001,0.000000,0.013181
Q_ind_16_anc_2-1,0.016428,0.004225,0.000000,0.070970
Q_ind_17_anc_2-1,0.003003,0.000002,0.000000,0.035511
Q_ind_18_anc_2-1,0.003382,0.000005,0.000000,0.034858
Q_ind_19_anc_2-1,0.014644,0.000250,0.000000,0.090403
Q_ind_20_anc_2-1,0.002506,0.000003,0.000000,0.027053
Q_ind_21_anc_2-1,0.000841,0.000001,0.000000,0.008736
Q_ind_22_anc_2-1,0.000684,0.000001,0.000000,0.007617
Q_ind_23_anc_2-1,0.000604,0.000001,0.000000,0.006274
Q_ind_24_anc_2-1,0.001154,0.000002,0.000000,0.011770
Q_ind_25_anc_2-1,0.001129,0.000001,0.000000,0.012042
Q_ind_26_anc_2-1,0.000484,0.000000,0.000000,0.005062
Q_ind_27_anc_2-1,0.000591,0.000001,0.000000,0.006558
Q_ind_28_anc_2-1,0.000632,0.000001,0.000000,0.006743
Q_ind_29_anc_2-1,0.001003,0.000001,0.000000,0.010945
Q_ind_30_anc_2-1,0.000510,0.000001,0.000000,0.005396
Q_ind_31_anc_2-1,0.000828,0.000001,0.000000,0.008629
Q_ind_32_anc_2-1,0.000857,0.000001,0.000000,0.008749
Q_ind_33_anc_2-1,0.001530,0.000002,0.000000,0.015042
Q_ind_34_anc_2-1,0.000955,0.000001,0.000000,0.009659
Q_ind_35_anc_2-1,0.000920,0.000001,0.000000,0.009744
Q_ind_36_anc_2-1,0.002534,0.000007,0.000000,0.022183
Q_ind_37_anc_2-1,0.000298,0.000000,0.000000,0.003158
Q_ind_38_anc_2-1,0.001058,0.000001,0.000000,0.011280
Q_ind_39_anc_2-1,0.001093,0.000002,0.000000,0.011465
Q_ind_40_anc_2-1,0.020864,0.008129,0.000000,0.077962
Q_ind_41_anc_2-1,0.001400,0.000003,0.000000,0.014278
Q_ind_42_anc_2-1,0.001832,0.000003,0.000000,0.019394
Q_ind_43_anc_2-1,0.006408,0.000014,0.000000,0.056651
Q_ind_44_anc_2-1,0.004644,0.000006,0.000000,0.046448
Q_ind_45_anc_2-1,0.005082,0.000005,0.000000,0.057242
Q_ind_46_anc_2-1,0.001952,0.000002,0.000000,0.020562
Q_ind_47_anc_2-1,0.001766,0.000003,0.000000,0.017751
Q_ind_48_anc_2-1,0.001696,0.000002,0.000000,0.018508
Q_ind_49_anc_2-1,0.018501,0.000294,0.000000,0.114082
Q_ind_50_anc_2-1,0.036061,0.025583,0.000000,0.118464
Q_ind_51_anc_2-1,0.005148,0.000011,0.000000,0.048447
Q_ind_52_anc_2-1,0.038839,0.025652,0.000000,0.131413
Q_ind_53_anc_2-1,0.010574,0.000041,0.000000,0.080328
Q_ind_54_anc_2-1,0.049291,0.044312,0.000000,0.141711
Q_ind_55_anc_2-1,0.006782,0.000040,0.000000,0.051422
Q_ind_56_anc_2-1,0.010457,0.000057,0.000000,0.089152
Q_ind_57_anc_2-1,0.003439,0.000006,0.000000,0.033859
Q_ind_58_anc_2-1,0.064871,0.066831,0.000000,0.153862
Q_ind_59_anc_2-1,0.009360,0.000046,0.000000,0.072744
Q_ind_60_anc_2-1,0.008199,0.000036,0.000000,0.071083
Q_ind_61_anc_2-1,0.001070,0.000001,0.000000,0.011237
Q_ind_62_anc_2-1,0.005413,0.000017,0.000000,0.043518
Q_ind_63_anc_2-1,0.009508,0.000215,0.000000,0.056444
Q_ind_64_anc_2-1,0.004787,0.000010,0.000000,0.048601
Q_ind_65_anc_2-1,0.005185,0.000017,0.000000,0.040607
Q_ind_66_anc_2-1,0.002968,0.000006,0.000000,0.028823
Q_ind_67_anc_2-1,0.012304,0.000329,0.000000,0.065113
Q_ind_68_anc_2-1,0.069397,0.074184,0.000000,0.136574
Q_ind_69_anc_2-1,0.001954,0.000005,0.000000,0.019276
Q_ind_70_anc_2-1,0.000359,0.000000,0.000000,0.003542
Q_ind_71_anc_2-1,0.000230,0.000000,0.000000,0.002476
Q_ind_72_anc_2-1,0.000534,0.000001,0.000000,0.006283
Q_ind_73_anc_2-1,0.000225,0.000000,0.000000,0.002323
Q_ind_74_anc_2-1,0.000549,0.000001,0.000000,0.005596
Q_ind_75_anc_2-1,0.000274,0.000000,0.000000,0.002673
Q_ind_76_anc_2-1,0.000505,0.000001,0.000000,0.005554
Q_ind_77_anc_2-1,0.000302,0.000000,0.000000,0.003246
Q_ind_78_anc_2-1,0.000308,0.000000,0.000000,0.003585
Q_ind_79_anc_2-1,0.000509,0.000001,0.000000,0.005177
Q_ind_80_anc_2-1,0.000294,0.000000,0.000000,0.003065
Q_ind_81_anc_2-1,0.000564,0.000000,0.000000,0.006012
Q_ind_82_anc_2-1,0.000555,0.000001,0.000000,0.005855
Q_ind_83_anc_2-1,0.001094,0.000001,0.000000,0.011614
Q_ind_84_anc_2-1,0.000966,0.000001,0.000000,0.010143
Q_ind_85_anc_2-1,0.002035,0.000003,0.000000,0.020951
Q_ind_86_anc_2-1,0.001217,0.000001,0.000000,0.013292
Q_ind_87_anc_2-1,0.003001,0.000002,0.000000,0.036765
Q_ind_88_anc_2-1,0.001248,0.000001,0.000000,0.013717
Q_ind_89_anc_2-1,0.000682,0.000001,0.000000,0.006538
Q_ind_90_anc_2-1,0.000660,0.000001,0.000000,0.007148
Q_ind_91_anc_2-1,0.005798,0.000018,0.000000,0.049078
Q_ind_92_anc_2-1,0.000564,0.000001,0.000000,0.006237
Q_ind_93_anc_2-1,0.000266,0.000000,0.000000,0.002775
Q_ind_94_anc_2-1,0.000262,0.000000,0.000000,0.002927
Q_ind_95_anc_2-1,0.000541,0.000001,0.000000,0.006007
Q_ind_96_anc_2-1,0.000388,0.000000,0.000000,0.003942
Q_ind_97_anc_2-1,0.015505,0.000102,0.000000,0.089225
Q_ind_98_anc_2-1,0.003120,0.000007,0.000000,0.026544
Q_ind_99_anc_2-1,0.001058,0.000001,0.000000,0.011923
Q_ind_100_anc_2-1,0.001107,0.000002,0.000000,0.011640
Q_ind_101_anc_2-1,0.001035,0.000001,0.000000,0.010930
Q_ind_102_anc_2-1,0.001237,0.000002,0.000000,0.011910
Q_ind_103_anc_2-1,0.002152,0.000004,0.000000,0.021092
Q_ind_104_anc_2-1,0.005268,0.000017,0.000000,0.040886
Q_ind_105_anc_2-1,0.001417,0.000001,0.000000,0.015904
Q_ind_106_anc_2-1,0.001783,0.000002,0.000000,0.019473
Q_ind_107_anc_2-1,0.002109,0.000002,0.000000,0.023807
Q_ind_108_anc_2-1,0.000705,0.000001,0.000000,0.006940
Q_ind_109_anc_2-1,0.001517,0.000003,0.000000,0.014885
Q_ind_110_anc_2-1,0.001716,0.000002,0.000000,0.016010
Q_ind_111_anc_2-1,0.000465,0.000001,0.000000,0.004807
Q_ind_112_anc_2-1,0.000703,0.000001,0.000000,0.007558
Q_ind_113_anc_2-1,0.000510,0.000001,0.000000,0.005350
Q_ind_114_anc_2-1,0.000854,0.000001,0.000000,0.009184
Q_ind_115_anc_2-1,0.020143,0.005084,0.000000,0.081975
Q_ind_116_anc_2-1,0.000453,0.000001,0.000000,0.004534
Q_ind_117_anc_2-1,0.001081,0.000002,0.000000,0.012150
Q_ind_118_anc_2-1,0.000643,0.000001,0.000000,0.006909
Q_ind_119_anc_2-1,0.001151,0.000001,0.000000,0.011506
Q_ind_120_anc_2-1,0.000733,0.000001,0.000000,0.007432
Q_ind_121_anc_2-1,0.000858,0.000002,0.000000,0.008351
Q_ind_122_anc_2-1,0.000509,0.000001,0.000000,0.005450
Q_ind_123_anc_2-1,0.000378,0.000001,0.000000,0.003771
Q_ind_124_anc_2-1,0.002181,0.000004,0.000000,0.021975
Q_ind_125_anc_2-1,0.002313,0.000005,0.000000,0.023882
Q_ind_126_anc_2-1,0.001527,0.000002,0.000000,0.015065
Q_ind_127_anc_2-1,0.000929,0.000001,0.000000,0.010681
Q_ind_128_anc_2-1,0.000881,0.000001,0.000000,0.008867
Q_ind_129_anc_2-1,0.000413,0.000000,0.000000,0.004252
Q_ind_130_anc_2-1,0.002158,0.000006,0.000000,0.018997
Q_ind_131_anc_2-1,0.003581,0.000006,0.000000,0.036993
Q_ind_132_anc_2-1,0.000991,0.000001,0.000000,0.009871
Q_ind_133_anc_2-1,0.000677,0.000001,0.000000,0.006902
Q_ind_134_anc_2-1,0.002519,0.000004,0.000000,0.025535
Q_ind_135_anc_2-1,0.001283,0.000002,0.000000,0.013711
Q_ind_136_anc_2-1,0.000268,0.000000,0.000000,0.002803
Q_ind_137_anc_2-1,0.000691,0.000001,0.000000,0.007484
Q_ind_138_anc_2-1,0.000273,0.000000,0.000000,0.003034
Q_ind_139_anc_2-1,0.000209,0.000000,0.000000,0.002114
Q_ind_140_anc_2-1,0.000227,0.000000,0.000000,0.002301
Q_ind_141_anc_2-1,0.000494,0.000001,0.000000,0.005132
Q_ind_142_anc_2-1,0.000389,0.000001,0.000000,0.004095
Q_ind_143_anc_2-1,0.000191,0.000000,0.000000,0.001947
Q_ind_144_anc_2-1,0.000316,0.000000,0.000000,0.003359
Q_ind_145_anc_2-1,0.001825,0.000004,0.000000,0.017115
Q_ind_146_anc_2-1,0.000994,0.000002,0.000000,0.009687
Q_ind_147_anc_2-1,0.000626,0.000001,0.000000,0.006670
Q_ind_148_anc_2-1,0.002655,0.000003,0.000000,0.027561
Q_ind_149_anc_2-1,0.000507,0.000001,0.000000,0.005504
Q_ind_150_anc_2-1,0.001432,0.000002,0.000000,0.014725
Q_ind_151_anc_2-1,0.000788,0.000001,0.000000,0.008760
Q_ind_152_anc_2-1,0.001484,0.000002,0.000000,0.014566
Q_ind_153_anc_2-1,0.002848,0.000004,0.000000,0.028741
Q_ind_154_anc_2-1,0.000295,0.000000,0.000000,0.003059
Q_ind_155_anc_2-1,0.009163,0.000154,0.000000,0.057800
Q_ind_156_anc_2-1,0.001850,0.000003,0.000000,0.020324
Q_ind_157_anc_2-1,0.000310,0.000000,0.000000,0.003384
Q_ind_158_anc_2-1,0.000355,0.000001,0.000000,0.003677
Q_ind_159_anc_2-1,0.000238,0.000000,0.000000,0.002450
Q_ind_160_anc_2-1,0.000183,0.000000,0.000000,0.001909
Q_ind_161_anc_2-1,0.000842,0.000001,0.000000,0.008627
Q_ind_162_anc_2-1,0.000280,0.000000,0.000000,0.002959
Q_ind_163_anc_2-1,0.000200,0.000000,0.000000,0.002055
Q_ind_164_anc_2-1,0.001242,0.000002,0.000000,0.012633
Q_ind_165_anc_2-1,0.002581,0.000004,0.000000,0.022806
Q_ind_166_anc_2-1,0.003098,0.000009,0.000000,0.028889
Q_ind_167_anc_2-1,0.000998,0.000001,0.000000,0.011569
Q_ind_168_anc_2-1,0.000630,0.000001,0.000000,0.006391
Q_ind_169_anc_2-1,0.001572,0.000002,0.000000,0.015879
Q_ind_170_anc_2-1,0.000698,0.000001,0.000000,0.006729
Q_ind_171_anc_2-1,0.000722,0.000001,0.000000,0.007705
Q_ind_172_anc_2-1,0.000946,0.000001,0.000000,0.010141
Q_ind_173_anc_2-1,0.000173,0.000000,0.000000,0.001795
Q_ind_174_anc_2-1,0.000309,0.000000,0.000000,0.003229
Q_ind_175_anc_2-1,0.000272,0.000000,0.000000,0.003152
Q_ind_176_anc_2-1,0.000149,0.000000,0.000000,0.001537
Q_ind_177_anc_2-1,0.000373,0.000000,0.000000,0.003800
Q_ind_178_anc_2-1,0.000420,0.000000,0.000000,0.004509
Q_ind_179_anc_2-1,0.000287,0.000000,0.000000,0.002754
Q_ind_180_anc_2-1,0.000713,0.000001,0.000000,0.007249
Q_ind_181_anc_2-1,0.000669,0.000001,0.000000,0.006678
Q_ind_182_anc_2-1,0.002515,0.000004,0.000000,0.025266
Q_ind_183_anc_2-1,0.002186,0.000005,0.000000,0.018845
Q_ind_184_anc_2-1,0.002605,0.000004,0.000000,0.027948
Q_ind_185_anc_2-1,0.000366,0.000000,0.000000,0.004017
Q_ind_186_anc_2-1,0.000597,0.000001,0.000000,0.006226
Q_ind_187_anc_2-1,0.000614,0.000001,0.000000,0.006413
Q_ind_188_anc_2-1,0.000877,0.000001,0.000000,0.009091
Q_ind_189_anc_2-1,0.000509,0.000000,0.000000,0.004998
Q_ind_190_anc_2-1,0.001111,0.000001,0.000000,0.011251
Q_ind_191_anc_2-1,0.001984,0.000003,0.000000,0.022699
Q_ind_192_anc_2-1,0.004464,0.000023,0.000000,0.036138
Q_ind_193_anc_2-1,0.001097,0.000001,0.000000,0.011402
Q_ind_194_anc_2-1,0.003718,0.000028,0.000000,0.027995
Q_ind_195_anc_2-1,0.001331,0.000001,0.000000,0.014431
Q_ind_196_anc_2-1,0.006581,0.000034,0.000000,0.049170
Q_ind_197_anc_2-1,0.001320,0.000002,0.000000,0.014017
Q_ind_198_anc_2-1,0.003197,0.000006,0.000000,0.030841
Q_ind_199_anc_2-1,0.002690,0.000006,0.000000,0.027568
Q_ind_200_anc_2-1,0.001032,0.000001,0.000000,0.010217
Q_ind_201_anc_2-1,0.000463,0.000001,0.000000,0.004743
Q_ind_202_anc_2-1,0.001402,0.000001,0.000000,0.017828
Q_ind_203_anc_2-1,0.002261,0.000003,0.000000,0.025076
Q_ind_204_anc_2-1,0.005958,0.000014,0.000000,0.060413
Q_ind_205_anc_2-1,0.000984,0.000001,0.000000,0.011319
Q_ind_206_anc_2-1,0.001287,0.000002,0.000000,0.013874
Q_ind_207_anc_2-1,0.003218,0.000007,0.000000,0.029296
Q_ind_208_anc_2-1,0.000522,0.000000,0.000000,0.005408
Q_ind_209_anc_2-1,0.002078,0.000002,0.000000,0.020695
Q_ind_210_anc_2-1,0.000879,0.000001,0.000000,0.009549
Q_ind_211_anc_2-1,0.007136,0.000017,0.000000,0.057635
Q_ind_212_anc_2-1,0.005769,0.000039,0.000000,0.044098
Q_ind_213_anc_2-1,0.001984,0.000002,0.000000,0.020050
Q_ind_214_anc_2-1,0.004500,0.000006,0.000000,0.044201
Q_ind_215_anc_2-1,0.014925,0.005630,0.000000,0.060526
Q_ind_216_anc_2-1,0.005048,0.000018,0.000000,0.039658
Q_ind_217_anc_2-1,0.022845,0.001516,0.000000,0.112541
Q_ind_218_anc_2-1,0.003813,0.000005,0.000000,0.037354
Q_ind_219_anc_2-1,0.002641,0.000003,0.000000,0.028684
Q_ind_220_anc_2-1,0.079279,0.079307,0.037484,0.120598
Q_ind_221_anc_2-1,0.006033,0.000024,0.000000,0.047470
Q_ind_222_anc_2-1,0.082597,0.083375,0.029168,0.131317
Q_ind_1_anc_2-2,0.000313,0.000000,0.000000,0.003133
Q_ind_2_anc_2-2,0.000269,0.000000,0.000000,0.002859
Q_ind_3_anc_2-2,0.001472,0.000007,0.000000,0.012008
Q_ind_4_anc_2-2,0.000348,0.000000,0.000000,0.003782
Q_ind_5_anc_2-2,0.000131,0.000000,0.000000,0.001473
Q_ind_6_anc_2-2,0.000284,0.000000,0.000000,0.002847
Q_ind_7_anc_2-2,0.001343,0.000006,0.000000,0.011211
Q_ind_8_anc_2-2,0.001037,0.000003,0.000000,0.009163
Q_ind_9_anc_2-2,0.000249,0.000000,0.000000,0.002582
Q_ind_10_anc_2-2,0.000163,0.000000,0.000000,0.001744
Q_ind_11_anc_2-2,0.000974,0.000002,0.000000,0.008614
Q_ind_12_anc_2-2,0.000182,0.000000,0.000000,0.001737
Q_ind_13_anc_2-2,0.003890,0.000128,0.000000,0.022289
Q_ind_14_anc_2-2,0.001021,0.000001,0.000000,0.010452
Q_ind_15_anc_2-2,0.001609,0.000004,0.000000,0.016066
Q_ind_16_anc_2-2,0.001738,0.000003,0.000000,0.016029
Q_ind_17_anc_2-2,0.000934,0.000001,0.000000,0.009976
Q_ind_18_anc_2-2,0.000982,0.000001,0.000000,0.010802
Q_ind_19_anc_2-2,0.001283,0.000004,0.000000,0.012141
Q_ind_20_anc_2-2,0.000196,0.000000,0.000000,0.002063
Q_ind_21_anc_2-2,0.000734,0.000001,0.000000,0.007529
Q_ind_22_anc_2-2,0.004246,0.000430,0.000000,0.022146
Q_ind_23_anc_2-2,0.000506,0.000001,0.000000,0.005224
Q_ind_24_anc_2-2,0.000532,0.000001,0.000000,0.005729
Q_ind_25_anc_2-2,0.001038,0.000001,0.000000,0.011618
Q_ind_26_anc_2-2,0.001245,0.000002,0.000000,0.011348
Q_ind_27_anc_2-2,0.002972,0.000020,0.000000,0.020829
Q_ind_28_anc_2-2,0.001563,0.000004,0.000000,0.013166
Q_ind_29_anc_2-2,0.000756,0.000001,0.000000,0.007586
Q_ind_30_anc_2-2,0.001170,0.000002,0.000000,0.011660
Q_ind_31_anc_2-2,0.000377,0.000000,0.000000,0.003960
Q_ind_32_anc_2-2,0.000567,0.000001,0.000000,0.006166
Q_ind_33_anc_2-2,0.002520,0.000014,0.000000,0.018753
Q_ind_34_anc_2-2,0.003697,0.000424,0.000000,0.019322
Q_ind_35_anc_2-2,0.000725,0.000001,0.000000,0.007382
Q_ind_36_anc_2-2,0.001364,0.000004,0.000000,0.012656
Q_ind_37_anc_2-2,0.000431,0.000000,0.000000,0.004688
Q_ind_38_anc_2-2,0.000805,0.000002,0.000000,0.007876
Q_ind_39_anc_2-2,0.000166,0.000000,0.000000,0.001757
Q_ind_40_anc_2-2,0.002477,0.000005,0.000000,0.023954
Q_ind_41_anc_2-2,0.000327,0.000000,0.000000,0.003240
Q_ind_42_anc_2-2,0.172279,0.172206,0.124675,0.222544
Q_ind_43_anc_2-2,0.175767,0.175944,0.122726,0.226650
Q_ind_44_anc_2-2,0.174998,0.174221,0.122954,0.231231
Q_ind_45_anc_2-2,0.184280,0.184792,0.132424,0.236185
Q_ind_46_anc_2-2,0.240560,0.239589,0.181817,0.301943
Q_ind_47_anc_2-2,0.233077,0.232111,0.181225,0.290555
Q_ind_48_anc_2-2,0.158522,0.158197,0.107379,0.214513
Q_ind_49_anc_2-2,0.016127,0.013717,0.000000,0.049490
Q_ind_50_anc_2-2,0.001333,0.000002,0.000000,0.013490
Q_ind_51_anc_2-2,0.003755,0.000049,0.000000,0.025215
Q_ind_52_anc_2-2,0.001285,0.000001,0.000000,0.014999
Q_ind_53_anc_2-2,0.000623,0.000001,0.000000,0.006634
Q_ind_54_anc_2-2,0.002871,0.000013,0.000000,0.023388
Q_ind_55_anc_2-2,0.000565,0.000001,0.000000,0.005759
Q_ind_56_anc_2-2,0.026945,0.026415,0.000000,0.059901
Q_ind_57_anc_2-2,0.003502,0.000014,0.000000,0.026962
Q_ind_58_anc_2-2,0.001166,0.000001,0.000000,0.012190
Q_ind_59_anc_2-2,0.005521,0.000176,0.000000,0.032045
Q_ind_60_anc_2-2,0.007991,0.000760,0.000000,0.040795
Q_ind_61_anc_2-2,0.210992,0.210941,0.171318,0.251919
Q_ind_62_anc_2-2,0.084745,0.085703,0.037881,0.124583
Q_ind_63_anc_2-2,0.054961,0.054308,0.023913,0.091043
Q_ind_64_anc_2-2,0.212945,0.212955,0.169492,0.255874
Q_ind_65_anc_2-2,0.220989,0.220403,0.176594,0.267982
Q_ind_66_anc_2-2,0.214702,0.214938,0.170236,0.260365
Q_ind_67_anc_2-2,0.080838,0.080216,0.045528,0.119490
Q_ind_68_anc_2-2,0.001720,0.000002,0.000000,0.018669
Q_ind_69_anc_2-2,0.250202,0.249596,0.207350,0.295312
Q_ind_70_anc_2-2,0.000616,0.000001,0.000000,0.006560
Q_ind_71_anc_2-2,0.000306,0.000000,0.000000,0.002952
Q_ind_72_anc_2-2,0.000640,0.000001,0.000000,0.006765
Q_ind_73_anc_2-2,0.000415,0.000000,0.000000,0.004233
Q_ind_74_anc_2-2,0.000494,0.000001,0.000000,0.005213
Q_ind_75_anc_2-2,0.001396,0.000003,0.000000,0.013092
Q_ind_76_anc_2-2,0.002196,0.000121,0.000000,0.012695
Q_ind_77_anc_2-2,0.000434,0.000000,0.000000,0.004651
Q_ind_78_anc_2-2,0.000614,0.000001,0.000000,0.006078
Q_ind_79_anc_2-2,0.000909,0.000001,0.000000,0.009094
Q_ind_80_anc_2-2,0.000321,0.000000,0.000000,0.003548
Q_ind_81_anc_2-2,0.000917,0.000002,0.000000,0.008545
Q_ind_82_anc_2-2,0.000495,0.000001,0.000000,0.005497
Q_ind_83_anc_2-2,0.000598,0.000001,0.000000,0.006893
Q_ind_84_anc_2-2,0.002677,0.000021,0.000000,0.018494
Q_ind_85_anc_2-2,0.000549,0.000000,0.000000,0.006466
Q_ind_86_anc_2-2,0.000713,0.000001,0.000000,0.006973
Q_ind_87_anc_2-2,0.000400,0.000001,0.000000,0.004153
Q_ind_88_anc_2-2,0.002275,0.000009,0.000000,0.019390
Q_ind_89_anc_2-2,0.000731,0.000001,0.000000,0.007314
Q_ind_90_anc_2-2,0.001082,0.000003,0.000000,0.010856
Q_ind_91_anc_2-2,0.000165,0.000000,0.000000,0.001637
Q_ind_92_anc_2-2,0.000135,0.000000,0.000000,0.001506
Q_ind_93_anc_2-2,0.000224,0.000000,0.000000,0.002420
Q_ind_94_anc_2-2,0.000261,0.000000,0.000000,0.002766
Q_ind_95_anc_2-2,0.000336,0.000000,0.000000,0.003612
Q_ind_96_anc_2-2,0.000358,0.000000,0.000000,0.003924
Q_ind_97_anc_2-2,0.000134,0.000000,0.000000,0.001340
Q_ind_98_anc_2-2,0.001209,0.000002,0.000000,0.012181
Q_ind_99_anc_2-2,0.068441,0.068252,0.031971,0.106073
Q_ind_100_anc_2-2,0.071658,0.072322,0.024888,0.114852
Q_ind_101_anc_2-2,0.105393,0.106253,0.040830,0.163012
Q_ind_102_anc_2-2,0.067748,0.067806,0.031095,0.105849
Q_ind_103_anc_2-2,0.074578,0.074577,0.035203,0.112725
Q_ind_104_anc_2-2,0.000946,0.000002,0.000000,0.009745
Q_ind_105_anc_2-2,0.091869,0.096000,0.000062,0.149795
Q_ind_106_anc_2-2,0.020281,0.011866,0.000000,0.077697
Q_ind_107_anc_2-2,0.000754,0.000001,0.000000,0.008124
Q_ind_108_anc_2-2,0.000411,0.000000,0.000000,0.004316
Q_ind_109_anc_2-2,0.000866,0.000001,0.000000,0.009424
Q_ind_110_anc_2-2,0.000570,0.000001,0.000000,0.005796
Q_ind_111_anc_2-2,0.000530,0.000001,0.000000,0.005165
Q_ind_112_anc_2-2,0.001636,0.000005,0.000000,0.013563
Q_ind_113_anc_2-2,0.000412,0.000000,0.000000,0.004338
Q_ind_114_anc_2-2,0.000516,0.000000,0.000000,0.005739
Q_ind_115_anc_2-2,0.002098,0.000006,0.000000,0.017763
Q_ind_116_anc_2-2,0.001074,0.000002,0.000000,0.009814
Q_ind_117_anc_2-2,0.010375,0.008980,0.000000,0.031082
Q_ind_118_anc_2-2,0.000694,0.000001,0.000000,0.007524
Q_ind_119_anc_2-2,0.001282,0.000002,0.000000,0.011886
Q_ind_120_anc_2-2,0.000501,0.000001,0.000000,0.006044
Q_ind_121_anc_2-2,0.000345,0.000000,0.000000,0.003494
Q_ind_122_anc_2-2,0.000243,0.000000,0.000000,0.002662
Q_ind_123_anc_2-2,0.000123,0.000000,0.000000,0.001343
Q_ind_124_anc_2-2,0.017818,0.015508,0.000000,0.052053
Q_ind_125_anc_2-2,0.019620,0.019371,0.000000,0.048799
Q_ind_126_anc_2-2,0.012005,0.006364,0.000000,0.042031
Q_ind_127_anc_2-2,0.003752,0.000026,0.000000,0.028724
Q_ind_128_anc_2-2,0.000534,0.000000,0.000000,0.005470
Q_ind_129_anc_2-2,0.000566,0.000001,0.000000,0.005663
Q_ind_130_anc_2-2,0.001624,0.000005,0.000000,0.014397
Q_ind_131_anc_2-2,0.001987,0.000003,0.000000,0.019012
Q_ind_132_anc_2-2,0.001994,0.000004,0.000000,0.019960
Q_ind_133_anc_2-2,0.000167,0.000000,0.000000,0.001683
Q_ind_134_anc_2-2,0.047050,0.047108,0.020119,0.074268
Q_ind_135_anc_2-2,0.041216,0.041257,0.017379,0.064775
Q_ind_136_anc_2-2,0.000254,0.000000,0.000000,0.002761
Q_ind_137_anc_2-2,0.000609,0.000001,0.000000,0.006044
Q_ind_138_anc_2-2,0.000279,0.000000,0.000000,0.002859
Q_ind_139_anc_2-2,0.000200,0.000000,0.000000,0.002128
Q_ind_140_anc_2-2,0.000287,0.000000,0.000000,0.003131
Q_ind_141_anc_2-2,0.000307,0.000000,0.000000,0.003015
Q_ind_142_anc_2-2,0.000568,0.000001,0.000000,0.005694
Q_ind_143_anc_2-2,0.000173,0.000000,0.000000,0.001881
Q_ind_144_anc_2-2,0.000505,0.000001,0.000000,0.005472
Q_ind_145_anc_2-2,0.018705,0.014376,0.000000,0.056994
Q_ind_146_anc_2-2,0.041752,0.042947,0.000000,0.073463
Q_ind_147_anc_2-2,0.042849,0.043940,0.000458,0.074186
Q_ind_148_anc_2-2,0.001217,0.000002,0.000000,0.012749
Q_ind_149_anc_2-2,0.000188,0.000000,0.000000,0.002088
Q_ind_150_anc_2-2,0.002637,0.000008,0.000000,0.022922
Q_ind_151_anc_2-2,0.000734,0.000001,0.000000,0.007769
Q_ind_152_anc_2-2,0.013840,0.008833,0.000000,0.045810
Q_ind_153_anc_2-2,0.001138,0.000002,0.000000,0.011554
Q_ind_154_anc_2-2,0.001211,0.000002,0.000000,0.011396
Q_ind_155_anc_2-2,0.001171,0.000006,0.000000,0.009486
Q_ind_156_anc_2-2,0.000898,0.000002,0.000000,0.008717
Q_ind_157_anc_2-2,0.000442,0.000000,0.000000,0.004560
Q_ind_158_anc_2-2,0.000263,0.000000,0.000000,0.002742
Q_ind_159_anc_2-2,0.000203,0.000000,0.000000,0.002246
Q_ind_160_anc_2-2,0.000199,0.000000,0.000000,0.002188
Q_ind_161_anc_2-2,0.000871,0.000002,0.000000,0.008636
Q_ind_162_anc_2-2,0.000225,0.000000,0.000000,0.002368
Q_ind_163_anc_2-2,0.000321,0.000000,0.000000,0.003405
Q_ind_164_anc_2-2,0.000769,0.000001,0.000000,0.008380
Q_ind_165_anc_2-2,0.137287,0.136616,0.100043,0.177086
Q_ind_166_anc_2-2,0.153844,0.154603,0.112191,0.193194
Q_ind_167_anc_2-2,0.128514,0.128277,0.091280,0.167629
Q_ind_168_anc_2-2,0.169446,0.169220,0.116538,0.221784
Q_ind_169_anc_2-2,0.042586,0.045691,0.000000,0.095430
Q_ind_170_anc_2-2,0.157848,0.157638,0.111297,0.205409
Q_ind_171_anc_2-2,0.000251,0.000000,0.000000,0.002511
Q_ind_172_anc_2-2,0.002884,0.000013,0.000000,0.021724
Q_ind_173_anc_2-2,0.000242,0.000000,0.000000,0.002416
Q_ind_174_anc_2-2,0.001128,0.000006,0.000000,0.009242
Q_ind_175_anc_2-2,0.000302,0.000000,0.000000,0.003306
Q_ind_176_anc_2-2,0.000161,0.000000,0.000000,0.001580
Q_ind_177_anc_2-2,0.000328,0.000000,0.000000,0.003431
Q_ind_178_anc_2-2,0.000123,0.000000,0.000000,0.001268
Q_ind_179_anc_2-2,0.000501,0.000001,0.000000,0.005129
Q_ind_180_anc_2-2,0.001022,0.000002,0.000000,0.009527
Q_ind_181_anc_2-2,0.000431,0.000001,0.000000,0.004365
Q_ind_182_anc_2-2,0.001884,0.000003,0.000000,0.017756
Q_ind_183_anc_2-2,0.002240,0.000005,0.000000,0.019027
Q_ind_184_anc_2-2,0.001292,0.000002,0.000000,0.012492
Q_ind_185_anc_2-2,0.000133,0.000000,0.000000,0.001421
Q_ind_186_anc_2-2,0.001152,0.000001,0.000000,0.011270
Q_ind_187_anc_2-2,0.001981,0.000007,0.000000,0.017308
Q_ind_188_anc_2-2,0.005732,0.003976,0.000000,0.021067
Q_ind_189_anc_2-2,0.000167,0.000000,0.000000,0.001751
Q_ind_190_anc_2-2,0.000525,0.000001,0.000000,0.005610
Q_ind_191_anc_2-2,0.002717,0.000010,0.000000,0.022589
Q_ind_192_anc_2-2,0.010406,0.006862,0.000000,0.036145
Q_ind_193_anc_2-2,0.000513,0.000001,0.000000,0.005416
Q_ind_194_anc_2-2,0.005311,0.000950,0.000000,0.027825
Q_ind_195_anc_2-2,0.000213,0.000000,0.000000,0.002166
Q_ind_196_anc_2-2,0.021078,0.018916,0.000000,0.059784
Q_ind_197_anc_2-2,0.001508,0.000002,0.000000,0.016543
Q_ind_198_anc_2-2,0.001240,0.000001,0.000000,0.012858
Q_ind_199_anc_2-2,0.002012,0.000004,0.000000,0.020344
Q_ind_200_anc_2-2,0.000248,0.000000,0.000000,0.002498
Q_ind_201_anc_2-2,0.000129,0.000000,0.000000,0.001420
Q_ind_202_anc_2-2,0.062413,0.062340,0.015052,0.110792
Q_ind_203_anc_2-2,0.000349,0.000000,0.000000,0.003633
Q_ind_204_anc_2-2,0.065942,0.066946,0.012447,0.112491
Q_ind_205_anc_2-2,0.078920,0.078493,0.037883,0.119932
Q_ind_206_anc_2-2,0.053342,0.051706,0.013600,0.100310
Q_ind_207_anc_2-2,0.045774,0.045592,0.000010,0.088729
Q_ind_208_anc_2-2,0.000268,0.000000,0.000000,0.002613
Q_ind_209_anc_2-2,0.011495,0.003147,0.000000,0.047626
Q_ind_210_anc_2-2,0.046674,0.046123,0.018721,0.079808
Q_ind_211_anc_2-2,0.253929,0.253877,0.201670,0.306987
Q_ind_212_anc_2-2,0.236627,0.236402,0.194103,0.279122
Q_ind_213_anc_2-2,0.300966,0.300923,0.252736,0.349696
Q_ind_214_anc_2-2,0.227548,0.226653,0.181132,0.275670
Q_ind_215_anc_2-2,0.128001,0.127585,0.086930,0.170605
Q_ind_216_anc_2-2,0.221758,0.220907,0.175674,0.270621
Q_ind_217_anc_2-2,0.136309,0.136620,0.082677,0.189047
Q_ind_218_anc_2-2,0.144239,0.144117,0.104505,0.186338
Q_ind_219_anc_2-2,0.254353,0.253851,0.209762,0.301723
Q_ind_220_anc_2-2,0.005736,0.000271,0.000000,0.033188
Q_ind_221_anc_2-2,0.259175,0.258625,0.207037,0.315768
Q_ind_222_anc_2-2,0.018142,0.016106,0.000000,0.053654
Q_ind_1_anc_3-1,0.000402,0.000000,0.000000,0.004401
Q_ind_2_anc_3-1,0.001262,0.000001,0.000000,0.012508
Q_ind_3_anc_3-1,0.000661,0.000001,0.000000,0.006847
Q_ind_4_anc_3-1,0.000875,0.000001,0.000000,0.009754
Q_ind_5_anc_3-1,0.001002,0.000001,0.000000,0.010597
Q_ind_6_anc_3-1,0.001639,0.000002,0.000000,0.016577
Q_ind_7_anc_3-1,0.000361,0.000000,0.000000,0.003815
Q_ind_8_anc_3-1,0.001199,0.000002,0.000000,0.012157
Q_ind_9_anc_3-1,0.000691,0.000001,0.000000,0.006921
Q_ind_10_anc_3-1,0.000423,0.000000,0.000000,0.004493
Q_ind_11_anc_3-1,0.001025,0.000001,0.000000,0.011338
Q_ind_12_anc_3-1,0.002081,0.000005,0.000000,0.020128
Q_ind_13_anc_3-1,0.507333,0.507375,0.445565,0.568666
Q_ind_14_anc_3-1,0.501829,0.502352,0.427259,0.573795
Q_ind_15_anc_3-1,0.482462,0.482680,0.416505,0.546282
Q_ind_16_anc_3-1,0.487277,0.487308,0.422712,0.550886
Q_ind_17_anc_3-1,0.469751,0.470329,0.403835,0.533275
Q_ind_18_anc_3-1,0.505673,0.505759,0.432567,0.575485
Q_ind_19_anc_3-1,0.489009,0.489007,0.428959,0.549485
Q_ind_20_anc_3-1,0.501745,0.501269,0.444644,0.561664
Q_ind_21_anc_3-1,0.007699,0.000106,0.000000,0.051164
Q_ind_22_anc_3-1,0.006560,0.000081,0.000000,0.043881
Q_ind_23_anc_3-1,0.001284,0.000003,0.000000,0.012670
Q_ind_24_anc_3-1,0.005612,0.000014,0.000000,0.045149
Q_ind_25_anc_3-1,0.025755,0.023989,0.000000,0.074196
Q_ind_26_anc_3-1,0.001186,0.000003,0.000000,0.012335
Q_ind_27_anc_3-1,0.001477,0.000002,0.000000,0.014943
Q_ind_28_anc_3-1,0.001038,0.000001,0.000000,0.011334
Q_ind_29_anc_3-1,0.004941,0.000038,0.000000,0.036553
Q_ind_30_anc_3-1,0.000980,0.000001,0.000000,0.010963
Q_ind_31_anc_3-1,0.110566,0.110877,0.067245,0.152003
Q_ind_32_anc_3-1,0.139299,0.139122,0.084747,0.195795
Q_ind_33_anc_3-1,0.086214,0.085527,0.040676,0.137614
Q_ind_34_anc_3-1,0.090283,0.091570,0.016563,0.144307
Q_ind_35_anc_3-1,0.114751,0.114100,0.071053,0.161117
Q_ind_36_anc_3-1,0.108969,0.109481,0.065670,0.150440
Q_ind_37_anc_3-1,0.101412,0.102031,0.055413,0.146284
Q_ind_38_anc_3-1,0.106080,0.106350,0.062456,0.147960
Q_ind_39_anc_3-1,0.089880,0.090075,0.020436,0.162332
Q_ind_40_anc_3-1,0.007031,0.000029,0.000000,0.064796
Q_ind_41_anc_3-1,0.007360,0.000009,0.000000,0.067006
Q_ind_42_anc_3-1,0.205378,0.204348,0.127219,0.286654
Q_ind_43_anc_3-1,0.181226,0.186544,0.000031,0.277905
Q_ind_44_anc_3-1,0.138239,0.140796,0.037267,0.226436
Q_ind_45_anc_3-1,0.221402,0.222117,0.137070,0.301614
Q_ind_46_anc_3-1,0.334921,0.328642,0.229158,0.455937
Q_ind_47_anc_3-1,0.211864,0.212098,0.132335,0.292727
Q_ind_48_anc_3-1,0.239957,0.239566,0.155436,0.330267
Q_ind_49_anc_3-1,0.518674,0.518721,0.446677,0.590375
Q_ind_50_anc_3-1,0.524318,0.524985,0.457394,0.589853
Q_ind_51_anc_3-1,0.516618,0.517217,0.451680,0.578468
Q_ind_52_anc_3-1,0.528144,0.528376,0.458128,0.597286
Q_ind_53_anc_3-1,0.497285,0.497830,0.429388,0.562074
Q_ind_54_anc_3-1,0.514951,0.515527,0.448211,0.578558
Q_ind_55_anc_3-1,0.429914,0.429602,0.367488,0.492370
Q_ind_56_anc_3-1,0.528853,0.529699,0.463382,0.592409
Q_ind_57_anc_3-1,0.495937,0.496634,0.425247,0.561255
Q_ind_58_anc_3-1,0.515978,0.517647,0.445336,0.578951
Q_ind_59_anc_3-1,0.492918,0.492787,0.420837,0.564052
Q_ind_60_anc_3-1,0.515645,0.516837,0.439577,0.589933
Q_ind_61_anc_3-1,0.001338,0.000001,0.000000,0.015428
Q_ind_62_anc_3-1,0.002840,0.000008,0.000000,0.027600
Q_ind_63_anc_3-1,0.011527,0.000470,0.000000,0.058304
Q_ind_64_anc_3-1,0.042014,0.044923,0.000000,0.096843
Q_ind_65_anc_3-1,0.016989,0.002461,0.000000,0.079255
Q_ind_66_anc_3-1,0.006589,0.000083,0.000000,0.043709
Q_ind_67_anc_3-1,0.019178,0.006415,0.000000,0.073432
Q_ind_68_anc_3-1,0.006531,0.000026,0.000000,0.057437
Q_ind_69_anc_3-1,0.008534,0.000078,0.000000,0.055272
Q_ind_70_anc_3-1,0.000534,0.000000,0.000000,0.005923
Q_ind_71_anc_3-1,0.000451,0.000001,0.000000,0.004452
Q_ind_72_anc_3-1,0.000830,0.000001,0.000000,0.008638
Q_ind_73_anc_3-1,0.000529,0.000001,0.000000,0.005657
Q_ind_74_anc_3-1,0.003252,0.000015,0.000000,0.026278
Q_ind_75_anc_3-1,0.000730,0.000001,0.000000,0.007464
Q_ind_76_anc_3-1,0.001045,0.000001,0.000000,0.011706
Q_ind_77_anc_3-1,0.000776,0.000001,0.000000,0.007876
Q_ind_78_anc_3-1,0.001157,0.000002,0.000000,0.011423
Q_ind_79_anc_3-1,0.000559,0.000001,0.000000,0.006148
Q_ind_80_anc_3-1,0.000781,0.000001,0.000000,0.008348
Q_ind_81_anc_3-1,0.044090,0.040145,0.000000,0.133253
Q_ind_82_anc_3-1,0.128339,0.127154,0.067561,0.194842
Q_ind_83_anc_3-1,0.159037,0.159894,0.076595,0.242438
Q_ind_84_anc_3-1,0.142962,0.141839,0.083344,0.208114
Q_ind_85_anc_3-1,0.170747,0.171488,0.098161,0.246104
Q_ind_86_anc_3-1,0.139498,0.140304,0.069808,0.208506
Q_ind_87_anc_3-1,0.168000,0.166817,0.104742,0.233852
Q_ind_88_anc_3-1,0.096515,0.099878,0.000000,0.204732
Q_ind_89_anc_3-1,0.528319,0.529536,0.460320,0.590874
Q_ind_90_anc_3-1,0.448754,0.448370,0.382592,0.513975
Q_ind_91_anc_3-1,0.440135,0.440062,0.383533,0.496669
Q_ind_92_anc_3-1,0.437247,0.437633,0.382235,0.491087
Q_ind_93_anc_3-1,0.472623,0.472870,0.400072,0.546252
Q_ind_94_anc_3-1,0.469208,0.469296,0.402149,0.534980
Q_ind_95_anc_3-1,0.433445,0.434264,0.363535,0.500405
Q_ind_96_anc_3-1,0.380748,0.380286,0.319807,0.446059
Q_ind_97_anc_3-1,0.477431,0.477223,0.419297,0.535451
Q_ind_98_anc_3-1,0.518320,0.518955,0.435661,0.602123
Q_ind_99_anc_3-1,0.000817,0.000001,0.000000,0.008952
Q_ind_100_anc_3-1,0.002970,0.000005,0.000000,0.028150
Q_ind_101_anc_3-1,0.001812,0.000002,0.000000,0.020005
Q_ind_102_anc_3-1,0.002364,0.000003,0.000000,0.022776
Q_ind_103_anc_3-1,0.004461,0.000021,0.000000,0.035871
Q_ind_104_anc_3-1,0.135220,0.143691,0.031281,0.214876
Q_ind_105_anc_3-1,0.001335,0.000002,0.000000,0.012727
Q_ind_106_anc_3-1,0.014496,0.001904,0.000000,0.071669
Q_ind_107_anc_3-1,0.540110,0.539965,0.459703,0.621053
Q_ind_108_anc_3-1,0.490000,0.489463,0.409250,0.579273
Q_ind_109_anc_3-1,0.453046,0.452928,0.374631,0.532982
Q_ind_110_anc_3-1,0.449515,0.449476,0.380120,0.514476
Q_ind_111_anc_3-1,0.534962,0.536659,0.465439,0.593918
Q_ind_112_anc_3-1,0.522357,0.522264,0.452203,0.591952
Q_ind_113_anc_3-1,0.539121,0.539782,0.457415,0.621123
Q_ind_114_anc_3-1,0.484995,0.485347,0.404662,0.562098
Q_ind_115_anc_3-1,0.682692,0.684154,0.615432,0.741282
Q_ind_116_anc_3-1,0.000581,0.000001,0.000000,0.006189
Q_ind_117_anc_3-1,0.001402,0.000002,0.000000,0.013402
Q_ind_118_anc_3-1,0.025432,0.016976,0.000000,0.085339
Q_ind_119_anc_3-1,0.011259,0.000171,0.000000,0.064449
Q_ind_120_anc_3-1,0.001397,0.000001,0.000000,0.015367
Q_ind_121_anc_3-1,0.004339,0.000023,0.000000,0.034667
Q_ind_122_anc_3-1,0.059449,0.064831,0.000000,0.129361
Q_ind_123_anc_3-1,0.000359,0.000000,0.000000,0.003910
Q_ind_124_anc_3-1,0.000936,0.000001,0.000000,0.010081
Q_ind_125_anc_3-1,0.006519,0.000170,0.000000,0.040330
Q_ind_126_anc_3-1,0.000743,0.000001,0.000000,0.008586
Q_ind_127_anc_3-1,0.005478,0.000023,0.000000,0.046031
Q_ind_128_anc_3-1,0.001559,0.000002,0.000000,0.015467
Q_ind_129_anc_3-1,0.001180,0.000001,0.000000,0.012578
Q_ind_130_anc_3-1,0.004458,0.000023,0.000000,0.033083
Q_ind_131_anc_3-1,0.041802,0.044938,0.000000,0.093435
Q_ind_132_anc_3-1,0.001546,0.000003,0.000000,0.015300
Q_ind_133_anc_3-1,0.033216,0.029801,0.000000,0.096097
Q_ind_134_anc_3-1,0.004156,0.000015,0.000000,0.036861
Q_ind_135_anc_3-1,0.001198,0.000002,0.000000,0.012625
Q_ind_136_anc_3-1,0.000886,0.000001,0.000000,0.009114
Q_ind_137_anc_3-1,0.006695,0.000137,0.000000,0.042959
Q_ind_138_anc_3-1,0.002260,0.000006,0.000000,0.021351
Q_ind_139_anc_3-1,0.000908,0.000001,0.000000,0.009504
Q_ind_140_anc_3-1,0.000949,0.000001,0.000000,0.009980
Q_ind_141_anc_3-1,0.001757,0.000006,0.000000,0.016132
Q_ind_142_anc_3-1,0.001341,0.000002,0.000000,0.012972
Q_ind_143_anc_3-1,0.000677,0.000001,0.000000,0.007543
Q_ind_144_anc_3-1,0.001426,0.000002,0.000000,0.014553
Q_ind_145_anc_3-1,0.007093,0.000073,0.000000,0.044506
Q_ind_146_anc_3-1,0.002009,0.000004,0.000000,0.019145
Q_ind_147_anc_3-1,0.001914,0.000003,0.000000,0.019246
Q_ind_148_anc_3-1,0.008019,0.000058,0.000000,0.057737
Q_ind_149_anc_3-1,0.000713,0.000001,0.000000,0.008127
Q_ind_150_anc_3-1,0.001161,0.000001,0.000000,0.012750
Q_ind_151_anc_3-1,0.001638,0.000002,0.000000,0.016640
Q_ind_152_anc_3-1,0.001922,0.000002,0.000000,0.020608
Q_ind_153_anc_3-1,0.079427,0.081045,0.010422,0.129727
Q_ind_154_anc_3-1,0.001735,0.000003,0.000000,0.018935
Q_ind_155_anc_3-1,0.004647,0.000018,0.000000,0.039080
Q_ind_156_anc_3-1,0.018488,0.004689,0.000000,0.072284
Q_ind_157_anc_3-1,0.000674,0.000001,0.000000,0.007051
Q_ind_158_anc_3-1,0.000889,0.000002,0.000000,0.008949
Q_ind_159_anc_3-1,0.001036,0.000001,0.000000,0.010830
Q_ind_160_anc_3-1,0.000423,0.000000,0.000000,0.004533
Q_ind_161_anc_3-1,0.077669,0.077623,0.032852,0.121691
Q_ind_162_anc_3-1,0.000948,0.000001,0.000000,0.008976
Q_ind_163_anc_3-1,0.000539,0.000000,0.000000,0.005593
Q_ind_164_anc_3-1,0.007670,0.000165,0.000000,0.044034
Q_ind_165_anc_3-1,0.006220,0.000052,0.000000,0.041173
Q_ind_166_anc_3-1,0.003501,0.000005,0.000000,0.037256
Q_ind_167_anc_3-1,0.009747,0.000574,0.000000,0.049793
Q_ind_168_anc_3-1,0.000745,0.000001,0.000000,0.007981
Q_ind_169_anc_3-1,0.002891,0.000004,0.000000,0.027203
Q_ind_170_anc_3-1,0.001390,0.000002,0.000000,0.013057
Q_ind_171_anc_3-1,0.005297,0.000048,0.000000,0.035138
Q_ind_172_anc_3-1,0.001478,0.000002,0.000000,0.014605
Q_ind_173_anc_3-1,0.000319,0.000000,0.000000,0.003063
Q_ind_174_anc_3-1,0.000544,0.000001,0.000000,0.005511
Q_ind_175_anc_3-1,0.000802,0.000001,0.000000,0.008659
Q_ind_176_anc_3-1,0.000259,0.000000,0.000000,0.002774
Q_ind_177_anc_3-1,0.000676,0.000001,0.000000,0.007058
Q_ind_178_anc_3-1,0.000906,0.000001,0.000000,0.009760
Q_ind_179_anc_3-1,0.000382,0.000000,0.000000,0.004047
Q_ind_180_anc_3-1,0.001466,0.000001,0.000000,0.015607
Q_ind_181_anc_3-1,0.004894,0.000011,0.000000,0.041202
Q_ind_182_anc_3-1,0.018974,0.006858,0.000000,0.074283
Q_ind_183_anc_3-1,0.011119,0.001206,0.000000,0.052563
Q_ind_184_anc_3-1,0.026697,0.018011,0.000000,0.088335
Q_ind_185_anc_3-1,0.001236,0.000002,0.000000,0.011243
Q_ind_186_anc_3-1,0.003792,0.000024,0.000000,0.029920
Q_ind_187_anc_3-1,0.000839,0.000001,0.000000,0.008796
Q_ind_188_anc_3-1,0.001451,0.000002,0.000000,0.014740
Q_ind_189_anc_3-1,0.150001,0.145435,0.080954,0.274090
Q_ind_190_anc_3-1,0.038337,0.040085,0.000000,0.097199
Q_ind_191_anc_3-1,0.044897,0.046977,0.000000,0.097286
Q_ind_192_anc_3-1,0.003474,0.000006,0.000000,0.032051
Q_ind_193_anc_3-1,0.052131,0.054780,0.000000,0.115731
Q_ind_194_anc_3-1,0.004493,0.000016,0.000000,0.036588
Q_ind_195_anc_3-1,0.038154,0.039652,0.000000,0.093350
Q_ind_196_anc_3-1,0.046724,0.048936,0.000000,0.099220
Q_ind_197_anc_3-1,0.072921,0.076227,0.000000,0.134363
Q_ind_198_anc_3-1,0.108463,0.109483,0.054904,0.155123
Q_ind_199_anc_3-1,0.028407,0.025548,0.000000,0.086206
Q_ind_200_anc_3-1,0.002781,0.000003,0.000000,0.030904
Q_ind_201_anc_3-1,0.034263,0.027747,0.000000,0.106073
Q_ind_202_anc_3-1,0.081927,0.083929,0.004301,0.136807
Q_ind_203_anc_3-1,0.033087,0.032442,0.000000,0.089683
Q_ind_204_anc_3-1,0.057705,0.060377,0.000000,0.130785
Q_ind_205_anc_3-1,0.036587,0.037159,0.000000,0.100999
Q_ind_206_anc_3-1,0.004791,0.000015,0.000000,0.041480
Q_ind_207_anc_3-1,0.101975,0.102115,0.048626,0.157233
Q_ind_208_anc_3-1,0.002360,0.000002,0.000000,0.026836
Q_ind_209_anc_3-1,0.103844,0.108784,0.000000,0.196992
Q_ind_210_anc_3-1,0.079509,0.080783,0.012285,0.131925
Q_ind_211_anc_3-1,0.032389,0.032089,0.000000,0.089376
Q_ind_212_anc_3-1,0.007081,0.000053,0.000000,0.050252
Q_ind_213_anc_3-1,0.077820,0.079301,0.007432,0.129255
Q_ind_214_anc_3-1,0.013743,0.000139,0.000000,0.083788
Q_ind_215_anc_3-1,0.011734,0.001432,0.000000,0.053837
Q_ind_216_anc_3-1,0.019298,0.002431,0.000000,0.081838
Q_ind_217_anc_3-1,0.061023,0.069114,0.000000,0.144021
Q_ind_218_anc_3-1,0.034212,0.034568,0.000000,0.085462
Q_ind_219_anc_3-1,0.079533,0.080392,0.019772,0.129409
Q_ind_220_anc_3-1,0.002514,0.000003,0.000000,0.026884
Q_ind_221_anc_3-1,0.019820,0.005096,0.000000,0.086564
Q_ind_222_anc_3-1,0.006191,0.000023,0.000000,0.050926
Q_ind_1_anc_3-2,0.000621,0.000001,0.000000,0.006335
Q_ind_2_anc_3-2,0.000399,0.000000,0.000000,0.004443
Q_ind_3_anc_3-2,0.000512,0.000001,0.000000,0.005560
Q_ind_4_anc_3-2,0.001435,0.000002,0.000000,0.014733
Q_ind_5_anc_3-2,0.000850,0.000001,0.000000,0.009311
Q_ind_6_anc_3-2,0.000327,0.000000,0.000000,0.003537
Q_ind_7_anc_3-2,0.001120,0.000002,0.000000,0.011113
Q_ind_8_anc_3-2,0.001127,0.000001,0.000000,0.012032
Q_ind_9_anc_3-2,0.000421,0.000000,0.000000,0.004304
Q_ind_10_anc_3-2,0.000446,0.000000,0.000000,0.004853
Q_ind_11_anc_3-2,0.001095,0.000002,0.000000,0.011020
Q_ind_12_anc_3-2,0.000595,0.000001,0.000000,0.006266
Q_ind_13_anc_3-2,0.044657,0.046234,0.000000,0.105675
Q_ind_14_anc_3-2,0.051272,0.054838,0.000000,0.127484
Q_ind_15_anc_3-2,0.050094,0.050042,0.000000,0.116172
Q_ind_16_anc_3-2,0.036350,0.035142,0.000000,0.101630
Q_ind_17_anc_3-2,0.105862,0.106290,0.049674,0.160969
Q_ind_18_anc_3-2,0.056810,0.057287,0.000000,0.116195
Q_ind_19_anc_3-2,0.069508,0.072541,0.000000,0.128520
Q_ind_20_anc_3-2,0.044282,0.046415,0.000000,0.097314
Q_ind_21_anc_3-2,0.002405,0.000003,0.000000,0.023925
Q_ind_22_anc_3-2,0.003880,0.000011,0.000000,0.037208
Q_ind_23_anc_3-2,0.001459,0.000003,0.000000,0.014037
Q_ind_24_anc_3-2,0.002550,0.000007,0.000000,0.023389
Q_ind_25_anc_3-2,0.006633,0.000075,0.000000,0.045149
Q_ind_26_anc_3-2,0.001777,0.000004,0.000000,0.018246
Q_ind_27_anc_3-2,0.015331,0.002886,0.000000,0.068953
Q_ind_28_anc_3-2,0.001578,0.000001,0.000000,0.016330
Q_ind_29_anc_3-2,0.002316,0.000003,0.000000,0.025506
Q_ind_30_anc_3-2,0.032192,0.031294,0.000000,0.081074
Q_ind_31_anc_3-2,0.041084,0.043982,0.000000,0.092240
Q_ind_32_anc_3-2,0.002341,0.000003,0.000000,0.023649
Q_ind_33_anc_3-2,0.011764,0.000997,0.000000,0.058512
Q_ind_34_anc_3-2,0.005099,0.000022,0.000000,0.042876
Q_ind_35_anc_3-2,0.037400,0.039231,0.000000,0.095371
Q_ind_36_anc_3-2,0.010363,0.000840,0.000000,0.052671
Q_ind_37_anc_3-2,0.052889,0.054177,0.000000,0.105156
Q_ind_38_anc_3-2,0.037490,0.038929,0.000000,0.093919
Q_ind_39_anc_3-2,0.150004,0.150559,0.097040,0.201227
Q_ind_40_anc_3-2,0.051408,0.045527,0.000000,0.149932
Q_ind_41_anc_3-2,0.002308,0.000005,0.000000,0.021826
Q_ind_42_anc_3-2,0.394058,0.394950,0.308417,0.471939
Q_ind_43_anc_3-2,0.404922,0.403295,0.322587,0.499487
Q_ind_44_anc_3-2,0.334030,0.334040,0.250129,0.425160
Q_ind_45_anc_3-2,0.360029,0.358917,0.279642,0.442209
Q_ind_46_anc_3-2,0.285894,0.287298,0.192475,0.378329
Q_ind_47_anc_3-2,0.225119,0.225392,0.145907,0.302066
Q_ind_48_anc_3-2,0.416601,0.416476,0.327352,0.506015
Q_ind_49_anc_3-2,0.259085,0.262014,0.177535,0.326291
Q_ind_50_anc_3-2,0.223025,0.225093,0.139254,0.294004
Q_ind_51_anc_3-2,0.275649,0.276997,0.215094,0.327334
Q_ind_52_anc_3-2,0.227035,0.231142,0.141083,0.295247
Q_ind_53_anc_3-2,0.295394,0.297540,0.223122,0.350465
Q_ind_54_anc_3-2,0.270035,0.271497,0.187345,0.337514
Q_ind_55_anc_3-2,0.228120,0.228453,0.167014,0.288806
Q_ind_56_anc_3-2,0.258667,0.259742,0.192697,0.319102
Q_ind_57_anc_3-2,0.254114,0.253868,0.195096,0.311693
Q_ind_58_anc_3-2,0.246638,0.246568,0.163305,0.328142
Q_ind_59_anc_3-2,0.270541,0.271146,0.204815,0.332173
Q_ind_60_anc_3-2,0.251423,0.253454,0.182384,0.313902
Q_ind_61_anc_3-2,0.579452,0.578919,0.513614,0.644713
Q_ind_62_anc_3-2,0.643045,0.643025,0.577801,0.708004
Q_ind_63_anc_3-2,0.720874,0.721223,0.659564,0.778472
Q_ind_64_anc_3-2,0.565461,0.566362,0.490259,0.637468
Q_ind_65_anc_3-2,0.503432,0.504162,0.426942,0.577523
Q_ind_66_anc_3-2,0.583165,0.582771,0.508374,0.656313
Q_ind_67_anc_3-2,0.598177,0.598299,0.531425,0.666527
Q_ind_68_anc_3-2,0.565252,0.561868,0.483883,0.659490
Q_ind_69_anc_3-2,0.536537,0.536786,0.464939,0.606158
Q_ind_70_anc_3-2,0.001236,0.000001,0.000000,0.013810
Q_ind_71_anc_3-2,0.000589,0.000001,0.000000,0.006303
Q_ind_72_anc_3-2,0.000764,0.000001,0.000000,0.008289
Q_ind_73_anc_3-2,0.000762,0.000001,0.000000,0.008694
Q_ind_74_anc_3-2,0.001416,0.000002,0.000000,0.013620
Q_ind_75_anc_3-2,0.000402,0.000001,0.000000,0.004339
Q_ind_76_anc_3-2,0.001104,0.000001,0.000000,0.011383
Q_ind_77_anc_3-2,0.000391,0.000000,0.000000,0.004086
Q_ind_78_anc_3-2,0.000448,0.000000,0.000000,0.004292
Q_ind_79_anc_3-2,0.003599,0.000013,0.000000,0.029336
Q_ind_80_anc_3-2,0.000623,0.000001,0.000000,0.006418
Q_ind_81_anc_3-2,0.002088,0.000003,0.000000,0.020222
Q_ind_82_anc_3-2,0.000912,0.000001,0.000000,0.009891
Q_ind_83_anc_3-2,0.002881,0.000005,0.000000,0.028932
Q_ind_84_anc_3-2,0.002461,0.000005,0.000000,0.024288
Q_ind_85_anc_3-2,0.003119,0.000006,0.000000,0.029115
Q_ind_86_anc_3-2,0.001907,0.000004,0.000000,0.018323
Q_ind_87_anc_3-2,0.117036,0.117517,0.055987,0.173211
Q_ind_88_anc_3-2,0.001993,0.000003,0.000000,0.023100
Q_ind_89_anc_3-2,0.002327,0.000004,0.000000,0.020365
Q_ind_90_anc_3-2,0.001332,0.000001,0.000000,0.014473
Q_ind_91_anc_3-2,0.052537,0.055095,0.000000,0.104627
Q_ind_92_anc_3-2,0.002172,0.000006,0.000000,0.020834
Q_ind_93_anc_3-2,0.000460,0.000001,0.000000,0.005083
Q_ind_94_anc_3-2,0.000382,0.000000,0.000000,0.004073
Q_ind_95_anc_3-2,0.001011,0.000002,0.000000,0.009618
Q_ind_96_anc_3-2,0.000644,0.000001,0.000000,0.006926
Q_ind_97_anc_3-2,0.050436,0.055576,0.000000,0.104898
Q_ind_98_anc_3-2,0.001914,0.000003,0.000000,0.019349
Q_ind_99_anc_3-2,0.301818,0.301927,0.230261,0.376753
Q_ind_100_anc_3-2,0.255657,0.254080,0.177569,0.340181
Q_ind_101_anc_3-2,0.234526,0.234403,0.131937,0.337423
Q_ind_102_anc_3-2,0.303154,0.303756,0.229920,0.374961
Q_ind_103_anc_3-2,0.285442,0.284418,0.213930,0.359450
Q_ind_104_anc_3-2,0.205665,0.201592,0.117698,0.309626
Q_ind_105_anc_3-2,0.182784,0.174400,0.078055,0.330830
Q_ind_106_anc_3-2,0.349188,0.353475,0.238309,0.437953
Q_ind_107_anc_3-2,0.051018,0.051773,0.000000,0.095020
Q_ind_108_anc_3-2,0.003484,0.000009,0.000000,0.031867
Q_ind_109_anc_3-2,0.004356,0.000013,0.000000,0.036255
Q_ind_110_anc_3-2,0.047280,0.047173,0.000018,0.089894
Q_ind_111_anc_3-2,0.000670,0.000001,0.000000,0.006944
Q_ind_112_anc_3-2,0.000811,0.000001,0.000000,0.008525
Q_ind_113_anc_3-2,0.001480,0.000002,0.000000,0.014432
Q_ind_114_anc_3-2,0.002375,0.000007,0.000000,0.020817
Q_ind_115_anc_3-2,0.012272,0.000549,0.000000,0.065728
Q_ind_116_anc_3-2,0.000928,0.000001,0.000000,0.009381
Q_ind_117_anc_3-2,0.001165,0.000001,0.000000,0.012973
Q_ind_118_anc_3-2,0.000710,0.000001,0.000000,0.007644
Q_ind_119_anc_3-2,0.001347,0.000002,0.000000,0.014098
Q_ind_120_anc_3-2,0.001552,0.000003,0.000000,0.015142
Q_ind_121_anc_3-2,0.000641,0.000001,0.000000,0.006840
Q_ind_122_anc_3-2,0.001864,0.000005,0.000000,0.017597
Q_ind_123_anc_3-2,0.001278,0.000002,0.000000,0.014246
Q_ind_124_anc_3-2,0.019270,0.001325,0.000000,0.089402
Q_ind_125_anc_3-2,0.032383,0.025577,0.000000,0.102454
Q_ind_126_anc_3-2,0.026578,0.014256,0.000000,0.090824
Q_ind_127_anc_3-2,0.064277,0.067098,0.000000,0.124800
Q_ind_128_anc_3-2,0.086056,0.086238,0.039480,0.133815
Q_ind_129_anc_3-2,0.069919,0.073202,0.000005,0.116745
Q_ind_130_anc_3-2,0.108768,0.109264,0.055990,0.158357
Q_ind_131_anc_3-2,0.047681,0.051642,0.000000,0.105141
Q_ind_132_anc_3-2,0.092035,0.093741,0.016008,0.141261
Q_ind_133_anc_3-2,0.185993,0.186188,0.139643,0.231714
Q_ind_134_anc_3-2,0.005552,0.000011,0.000000,0.053127
Q_ind_135_anc_3-2,0.004797,0.000017,0.000000,0.041902
Q_ind_136_anc_3-2,0.000451,0.000001,0.000000,0.004519
Q_ind_137_anc_3-2,0.000670,0.000001,0.000000,0.006982
Q_ind_138_anc_3-2,0.000511,0.000000,0.000000,0.004993
Q_ind_139_anc_3-2,0.000429,0.000001,0.000000,0.004512
Q_ind_140_anc_3-2,0.000524,0.000000,0.000000,0.005698
Q_ind_141_anc_3-2,0.001379,0.000003,0.000000,0.013828
Q_ind_142_anc_3-2,0.000681,0.000001,0.000000,0.006844
Q_ind_143_anc_3-2,0.000345,0.000000,0.000000,0.003673
Q_ind_144_anc_3-2,0.000658,0.000001,0.000000,0.006444
Q_ind_145_anc_3-2,0.057213,0.064579,0.000000,0.134450
Q_ind_146_anc_3-2,0.026066,0.006961,0.000000,0.104987
Q_ind_147_anc_3-2,0.016426,0.000169,0.000000,0.096664
Q_ind_148_anc_3-2,0.210398,0.211255,0.146497,0.271322
Q_ind_149_anc_3-2,0.001250,0.000002,0.000000,0.012125
Q_ind_150_anc_3-2,0.002350,0.000003,0.000000,0.023515
Q_ind_151_anc_3-2,0.002970,0.000004,0.000000,0.032416
Q_ind_152_anc_3-2,0.035134,0.034294,0.000000,0.099924
Q_ind_153_anc_3-2,0.037289,0.035942,0.000000,0.097092
Q_ind_154_anc_3-2,0.001943,0.000002,0.000000,0.020861
Q_ind_155_anc_3-2,0.086399,0.092033,0.000000,0.148234
Q_ind_156_anc_3-2,0.013727,0.000479,0.000000,0.065318
Q_ind_157_anc_3-2,0.000515,0.000000,0.000000,0.005795
Q_ind_158_anc_3-2,0.000449,0.000001,0.000000,0.004742
Q_ind_159_anc_3-2,0.000313,0.000000,0.000000,0.003246
Q_ind_160_anc_3-2,0.000418,0.000000,0.000000,0.004339
Q_ind_161_anc_3-2,0.003987,0.000015,0.000000,0.034600
Q_ind_162_anc_3-2,0.000338,0.000000,0.000000,0.003195
Q_ind_163_anc_3-2,0.000325,0.000000,0.000000,0.003228
Q_ind_164_anc_3-2,0.009106,0.000621,0.000000,0.045760
Q_ind_165_anc_3-2,0.370628,0.370703,0.305369,0.435359
Q_ind_166_anc_3-2,0.356826,0.356681,0.291002,0.423813
Q_ind_167_anc_3-2,0.467390,0.467535,0.393213,0.536037
Q_ind_168_anc_3-2,0.339332,0.341217,0.249716,0.428079
Q_ind_169_anc_3-2,0.482169,0.481662,0.402215,0.560355
Q_ind_170_anc_3-2,0.352520,0.352958,0.270033,0.437382
Q_ind_171_anc_3-2,0.001897,0.000004,0.000000,0.018866
Q_ind_172_anc_3-2,0.002302,0.000004,0.000000,0.021479
Q_ind_173_anc_3-2,0.000405,0.000000,0.000000,0.004038
Q_ind_174_anc_3-2,0.001193,0.000001,0.000000,0.013107
Q_ind_175_anc_3-2,0.000616,0.000001,0.000000,0.006322
Q_ind_176_anc_3-2,0.000326,0.000000,0.000000,0.003265
Q_ind_177_anc_3-2,0.001397,0.000002,0.000000,0.015069
Q_ind_178_anc_3-2,0.452113,0.452168,0.384155,0.517916
Q_ind_179_anc_3-2,0.000669,0.000001,0.000000,0.006887
Q_ind_180_anc_3-2,0.001644,0.000003,0.000000,0.016644
Q_ind_181_anc_3-2,0.001066,0.000001,0.000000,0.011034
Q_ind_182_anc_3-2,0.016271,0.004232,0.000000,0.066766
Q_ind_183_anc_3-2,0.002893,0.000007,0.000000,0.025667
Q_ind_184_anc_3-2,0.002558,0.000003,0.000000,0.026071
Q_ind_185_anc_3-2,0.001457,0.000002,0.000000,0.015893
Q_ind_186_anc_3-2,0.006714,0.000053,0.000000,0.045667
Q_ind_187_anc_3-2,0.200469,0.200553,0.150710,0.249154
Q_ind_188_anc_3-2,0.002827,0.000004,0.000000,0.028375
Q_ind_189_anc_3-2,0.236888,0.242395,0.103400,0.299664
Q_ind_190_anc_3-2,0.100717,0.101267,0.046369,0.152625
Q_ind_191_anc_3-2,0.054559,0.058551,0.000000,0.116828
Q_ind_192_anc_3-2,0.009755,0.000148,0.000000,0.059046
Q_ind_193_anc_3-2,0.117665,0.117463,0.064047,0.170772
Q_ind_194_anc_3-2,0.082189,0.084635,0.001228,0.135258
Q_ind_195_anc_3-2,0.047761,0.049289,0.000000,0.095688
Q_ind_196_anc_3-2,0.022374,0.001076,0.000000,0.117299
Q_ind_197_anc_3-2,0.017158,0.001333,0.000000,0.080788
Q_ind_198_anc_3-2,0.005668,0.000015,0.000000,0.046214
Q_ind_199_anc_3-2,0.051511,0.054682,0.000000,0.131109
Q_ind_200_anc_3-2,0.216319,0.217082,0.148796,0.280640
Q_ind_201_anc_3-2,0.148198,0.147658,0.104264,0.194930
Q_ind_202_anc_3-2,0.238708,0.238985,0.154297,0.322630
Q_ind_203_anc_3-2,0.152700,0.154034,0.063951,0.235563
Q_ind_204_anc_3-2,0.212258,0.212446,0.133732,0.292076
Q_ind_205_anc_3-2,0.225201,0.225163,0.148849,0.297687
Q_ind_206_anc_3-2,0.221092,0.221350,0.141024,0.302743
Q_ind_207_anc_3-2,0.214970,0.213807,0.138277,0.292477
Q_ind_208_anc_3-2,0.184452,0.184811,0.112248,0.251464
Q_ind_209_anc_3-2,0.307542,0.310256,0.204102,0.390247
Q_ind_210_anc_3-2,0.220167,0.221232,0.157973,0.280283
Q_ind_211_anc_3-2,0.596225,0.596372,0.516945,0.676319
Q_ind_212_anc_3-2,0.657941,0.657797,0.595166,0.721009
Q_ind_213_anc_3-2,0.521212,0.520099,0.450344,0.595584
Q_ind_214_anc_3-2,0.641459,0.641942,0.568948,0.709849
Q_ind_215_anc_3-2,0.830981,0.832034,0.777718,0.878753
Q_ind_216_anc_3-2,0.658859,0.659097,0.592346,0.723349
Q_ind_217_anc_3-2,0.714169,0.713886,0.637255,0.792925
Q_ind_218_anc_3-2,0.715695,0.716246,0.646026,0.780567
Q_ind_219_anc_3-2,0.594723,0.596169,0.524695,0.658996
Q_ind_220_anc_3-2,0.830010,0.831402,0.771654,0.879818
Q_ind_221_anc_3-2,0.573072,0.573613,0.496581,0.644105
Q_ind_222_anc_3-2,0.827031,0.827447,0.766166,0.881957
Q_ind_1_anc_3-3,0.000301,0.000000,0.000000,0.002941
Q_ind_2_anc_3-3,0.013411,0.000799,0.000000,0.064523
Q_ind_3_anc_3-3,0.069465,0.073654,0.000000,0.118269
Q_ind_4_anc_3-3,0.059836,0.060951,0.006245,0.103588
Q_ind_5_anc_3-3,0.000184,0.000000,0.000000,0.002102
Q_ind_6_anc_3-3,0.027276,0.024983,0.000000,0.077868
Q_ind_7_anc_3-3,0.058602,0.060113,0.000000,0.108479
Q_ind_8_anc_3-3,0.060376,0.061222,0.014653,0.097466
Q_ind_9_anc_3-3,0.117962,0.117941,0.070576,0.165799
Q_ind_10_anc_3-3,0.062023,0.063156,0.007633,0.105258
Q_ind_11_anc_3-3,0.047598,0.049005,0.000000,0.098659
Q_ind_12_anc_3-3,0.052994,0.054081,0.000006,0.094214
Q_ind_13_anc_3-3,0.001092,0.000001,0.000000,0.011873
Q_ind_14_anc_3-3,0.003996,0.000025,0.000000,0.035050
Q_ind_15_anc_3-3,0.000715,0.000001,0.000000,0.007747
Q_ind_16_anc_3-3,0.001707,0.000003,0.000000,0.018909
Q_ind_17_anc_3-3,0.001132,0.000002,0.000000,0.011826
Q_ind_18_anc_3-3,0.009264,0.000064,0.000000,0.062990
Q_ind_19_anc_3-3,0.000345,0.000000,0.000000,0.003657
Q_ind_20_anc_3-3,0.000238,0.000000,0.000000,0.002622
Q_ind_21_anc_3-3,0.139446,0.139793,0.089068,0.187712
Q_ind_22_anc_3-3,0.094882,0.094535,0.054211,0.135899
Q_ind_23_anc_3-3,0.143972,0.144030,0.098093,0.189187
Q_ind_24_anc_3-3,0.087587,0.088689,0.032375,0.138187
Q_ind_25_anc_3-3,0.142318,0.142293,0.096699,0.187831
Q_ind_26_anc_3-3,0.109974,0.109764,0.073859,0.146541
Q_ind_27_anc_3-3,0.141193,0.141732,0.095584,0.185153
Q_ind_28_anc_3-3,0.123363,0.123603,0.080528,0.167703
Q_ind_29_anc_3-3,0.137149,0.137492,0.091766,0.180706
Q_ind_30_anc_3-3,0.100042,0.101414,0.051115,0.143436
Q_ind_31_anc_3-3,0.001448,0.000002,0.000000,0.014683
Q_ind_32_anc_3-3,0.143741,0.143943,0.082744,0.202729
Q_ind_33_anc_3-3,0.061723,0.063757,0.000000,0.114924
Q_ind_34_anc_3-3,0.075317,0.076077,0.000001,0.141344
Q_ind_35_anc_3-3,0.010799,0.000383,0.000000,0.054908
Q_ind_36_anc_3-3,0.001342,0.000002,0.000000,0.014738
Q_ind_37_anc_3-3,0.001680,0.000003,0.000000,0.018256
Q_ind_38_anc_3-3,0.001959,0.000003,0.000000,0.019944
Q_ind_39_anc_3-3,0.000248,0.000000,0.000000,0.002621
Q_ind_40_anc_3-3,0.125804,0.126136,0.058921,0.192745
Q_ind_41_anc_3-3,0.001424,0.000002,0.000000,0.014268
Q_ind_42_anc_3-3,0.091324,0.091692,0.037880,0.142772
Q_ind_43_anc_3-3,0.098823,0.098824,0.049124,0.151590
Q_ind_44_anc_3-3,0.184618,0.184021,0.132304,0.240911
Q_ind_45_anc_3-3,0.101640,0.101858,0.048058,0.156174
Q_ind_46_anc_3-3,0.068555,0.068926,0.000147,0.126476
Q_ind_47_anc_3-3,0.185608,0.185053,0.133260,0.237444
Q_ind_48_anc_3-3,0.039172,0.037631,0.000000,0.106966
Q_ind_49_anc_3-3,0.000394,0.000000,0.000000,0.004290
Q_ind_50_anc_3-3,0.000527,0.000000,0.000000,0.005178
Q_ind_51_anc_3-3,0.000651,0.000000,0.000000,0.007136
Q_ind_52_anc_3-3,0.001294,0.000002,0.000000,0.012759
Q_ind_53_anc_3-3,0.000600,0.000001,0.000000,0.006252
Q_ind_54_anc_3-3,0.000430,0.000000,0.000000,0.004294
Q_ind_55_anc_3-3,0.000286,0.000000,0.000000,0.002793
Q_ind_56_anc_3-3,0.000589,0.000001,0.000000,0.006231
Q_ind_57_anc_3-3,0.001549,0.000003,0.000000,0.015804
Q_ind_58_anc_3-3,0.000523,0.000001,0.000000,0.005181
Q_ind_59_anc_3-3,0.004678,0.000054,0.000000,0.032286
Q_ind_60_anc_3-3,0.025789,0.021219,0.000000,0.081847
Q_ind_61_anc_3-3,0.068040,0.069208,0.000395,0.111596
Q_ind_62_anc_3-3,0.002607,0.000005,0.000000,0.024937
Q_ind_63_anc_3-3,0.000537,0.000000,0.000000,0.005680
Q_ind_64_anc_3-3,0.055704,0.056286,0.004998,0.101969
Q_ind_65_anc_3-3,0.083377,0.083927,0.029402,0.133617
Q_ind_66_anc_3-3,0.101761,0.101858,0.056710,0.146016
Q_ind_67_anc_3-3,0.000917,0.000001,0.000000,0.009534
Q_ind_68_anc_3-3,0.000351,0.000000,0.000000,0.003821
Q_ind_69_anc_3-3,0.121477,0.122056,0.077289,0.163594
Q_ind_70_anc_3-3,0.087799,0.088105,0.044022,0.133375
Q_ind_71_anc_3-3,0.119370,0.119567,0.075765,0.162878
Q_ind_72_anc_3-3,0.101424,0.101405,0.053767,0.150078
Q_ind_73_anc_3-3,0.050129,0.051277,0.000002,0.096506
Q_ind_74_anc_3-3,0.076327,0.076864,0.030950,0.118960
Q_ind_75_anc_3-3,0.151513,0.151226,0.107746,0.196783
Q_ind_76_anc_3-3,0.114787,0.114372,0.068903,0.160376
Q_ind_77_anc_3-3,0.104602,0.104723,0.060413,0.150702
Q_ind_78_anc_3-3,0.098457,0.098175,0.058917,0.139515
Q_ind_79_anc_3-3,0.095735,0.096707,0.031273,0.148873
Q_ind_80_anc_3-3,0.079201,0.080947,0.001752,0.130634
Q_ind_81_anc_3-3,0.288613,0.288461,0.234260,0.344514
Q_ind_82_anc_3-3,0.158204,0.157804,0.109304,0.208074
Q_ind_83_anc_3-3,0.212609,0.211830,0.155522,0.268506
Q_ind_84_anc_3-3,0.191579,0.191518,0.143078,0.240404
Q_ind_85_anc_3-3,0.185955,0.186135,0.132510,0.239463
Q_ind_86_anc_3-3,0.158990,0.159551,0.106375,0.211693
Q_ind_87_anc_3-3,0.000552,0.000001,0.000000,0.005869
Q_ind_88_anc_3-3,0.229045,0.229198,0.167627,0.287073
Q_ind_89_anc_3-3,0.013138,0.002308,0.000000,0.059172
Q_ind_90_anc_3-3,0.080449,0.080443,0.039522,0.120822
Q_ind_91_anc_3-3,0.000144,0.000000,0.000000,0.001486
Q_ind_92_anc_3-3,0.000200,0.000000,0.000000,0.002017
Q_ind_93_anc_3-3,0.045794,0.047496,0.000001,0.087773
Q_ind_94_anc_3-3,0.013615,0.005068,0.000000,0.055952
Q_ind_95_anc_3-3,0.090202,0.090001,0.051185,0.132161
Q_ind_96_anc_3-3,0.083788,0.083581,0.045251,0.123306
Q_ind_97_anc_3-3,0.000137,0.000000,0.000000,0.001380
Q_ind_98_anc_3-3,0.040884,0.042157,0.000000,0.091766
Q_ind_99_anc_3-3,0.068176,0.070316,0.000000,0.117750
Q_ind_100_anc_3-3,0.105742,0.106483,0.029268,0.161603
Q_ind_101_anc_3-3,0.190301,0.189985,0.128852,0.254204
Q_ind_102_anc_3-3,0.085775,0.086591,0.027269,0.134699
Q_ind_103_anc_3-3,0.104301,0.104446,0.049363,0.159202
Q_ind_104_anc_3-3,0.000646,0.000001,0.000000,0.007133
Q_ind_105_anc_3-3,0.144257,0.144014,0.083614,0.203285
Q_ind_106_anc_3-3,0.197402,0.197593,0.130467,0.262894
Q_ind_107_anc_3-3,0.033406,0.033618,0.000000,0.088805
Q_ind_108_anc_3-3,0.067141,0.068116,0.000007,0.117907
Q_ind_109_anc_3-3,0.071122,0.072353,0.005513,0.114945
Q_ind_110_anc_3-3,0.053122,0.053660,0.000000,0.099924
Q_ind_111_anc_3-3,0.007509,0.000098,0.000000,0.043235
Q_ind_112_anc_3-3,0.067647,0.069031,0.016962,0.111523
Q_ind_113_anc_3-3,0.032013,0.032433,0.000000,0.085164
Q_ind_114_anc_3-3,0.063932,0.063944,0.025124,0.104333
Q_ind_115_anc_3-3,0.000317,0.000000,0.000000,0.003095
Q_ind_116_anc_3-3,0.086106,0.085601,0.042764,0.131512
Q_ind_117_anc_3-3,0.166785,0.167286,0.118003,0.213183
Q_ind_118_anc_3-3,0.114347,0.114559,0.067515,0.159076
Q_ind_119_anc_3-3,0.147280,0.147935,0.097800,0.191854
Q_ind_120_anc_3-3,0.157760,0.158205,0.108466,0.204840
Q_ind_121_anc_3-3,0.183706,0.183542,0.134542,0.233002
Q_ind_122_anc_3-3,0.000323,0.000000,0.000000,0.003230
Q_ind_123_anc_3-3,0.000123,0.000000,0.000000,0.001302
Q_ind_124_anc_3-3,0.129229,0.129281,0.085102,0.171153
Q_ind_125_anc_3-3,0.096668,0.096982,0.053146,0.139843
Q_ind_126_anc_3-3,0.144726,0.144766,0.103171,0.185691
Q_ind_127_anc_3-3,0.143618,0.144376,0.094424,0.190616
Q_ind_128_anc_3-3,0.117771,0.118069,0.070934,0.162373
Q_ind_129_anc_3-3,0.000193,0.000000,0.000000,0.002046
Q_ind_130_anc_3-3,0.004240,0.000012,0.000000,0.033074
Q_ind_131_anc_3-3,0.119508,0.119790,0.070213,0.166571
Q_ind_132_anc_3-3,0.156481,0.156444,0.115515,0.197968
Q_ind_133_anc_3-3,0.000121,0.000000,0.000000,0.001299
Q_ind_134_anc_3-3,0.103326,0.103350,0.059706,0.145585
Q_ind_135_anc_3-3,0.124587,0.124604,0.083401,0.165742
Q_ind_136_anc_3-3,0.052922,0.053976,0.000000,0.100496
Q_ind_137_anc_3-3,0.087496,0.089322,0.002567,0.136938
Q_ind_138_anc_3-3,0.069725,0.070536,0.009677,0.118904
Q_ind_139_anc_3-3,0.010904,0.000350,0.000000,0.058260
Q_ind_140_anc_3-3,0.079824,0.080481,0.026520,0.128969
Q_ind_141_anc_3-3,0.066799,0.067681,0.009334,0.109366
Q_ind_142_anc_3-3,0.078091,0.077285,0.036548,0.122179
Q_ind_143_anc_3-3,0.045809,0.049269,0.000000,0.097787
Q_ind_144_anc_3-3,0.092463,0.093594,0.037519,0.141774
Q_ind_145_anc_3-3,0.093558,0.093426,0.044121,0.142519
Q_ind_146_anc_3-3,0.113920,0.113539,0.065908,0.160478
Q_ind_147_anc_3-3,0.167227,0.167270,0.117635,0.213616
Q_ind_148_anc_3-3,0.000384,0.000000,0.000000,0.004073
Q_ind_149_anc_3-3,0.000117,0.000000,0.000000,0.001188
Q_ind_150_anc_3-3,0.190215,0.190731,0.143507,0.235085
Q_ind_151_anc_3-3,0.136118,0.135673,0.087382,0.187021
Q_ind_152_anc_3-3,0.100352,0.100664,0.057601,0.139647
Q_ind_153_anc_3-3,0.003023,0.000005,0.000000,0.026749
Q_ind_154_anc_3-3,0.149754,0.149091,0.109988,0.190603
Q_ind_155_anc_3-3,0.000330,0.000000,0.000000,0.003659
Q_ind_156_anc_3-3,0.000637,0.000001,0.000000,0.006687
Q_ind_157_anc_3-3,0.107929,0.108541,0.046485,0.165567
Q_ind_158_anc_3-3,0.111951,0.112691,0.060813,0.158691
Q_ind_159_anc_3-3,0.017162,0.004670,0.000000,0.068673
Q_ind_160_anc_3-3,0.268435,0.267997,0.224878,0.313618
Q_ind_161_anc_3-3,0.004008,0.000016,0.000000,0.034406
Q_ind_162_anc_3-3,0.100364,0.100177,0.052195,0.149787
Q_ind_163_anc_3-3,0.124344,0.124446,0.075974,0.171323
Q_ind_164_anc_3-3,0.004700,0.000032,0.000000,0.039807
Q_ind_165_anc_3-3,0.093933,0.095246,0.043960,0.138362
Q_ind_166_anc_3-3,0.110450,0.110212,0.071394,0.152249
Q_ind_167_anc_3-3,0.019459,0.013243,0.000000,0.068218
Q_ind_168_anc_3-3,0.194187,0.194588,0.142464,0.245154
Q_ind_169_anc_3-3,0.004678,0.000013,0.000000,0.040359
Q_ind_170_anc_3-3,0.101480,0.103129,0.022637,0.157592
Q_ind_171_anc_3-3,0.001212,0.000002,0.000000,0.013254
Q_ind_172_anc_3-3,0.053700,0.054563,0.001978,0.095200
Q_ind_173_anc_3-3,0.104228,0.104969,0.054508,0.146867
Q_ind_174_anc_3-3,0.026377,0.023832,0.000000,0.076499
Q_ind_175_anc_3-3,0.126761,0.126579,0.080019,0.172918
Q_ind_176_anc_3-3,0.139246,0.139018,0.090139,0.189577
Q_ind_177_anc_3-3,0.030379,0.030471,0.000000,0.076877
Q_ind_178_anc_3-3,0.000106,0.000000,0.000000,0.001085
Q_ind_179_anc_3-3,0.025216,0.022526,0.000000,0.075593
Q_ind_180_anc_3-3,0.147308,0.147405,0.096580,0.197848
Q_ind_181_anc_3-3,0.108294,0.108572,0.059604,0.154220
Q_ind_182_anc_3-3,0.150958,0.151860,0.096086,0.200374
Q_ind_183_anc_3-3,0.125135,0.124794,0.078140,0.174202
Q_ind_184_anc_3-3,0.130862,0.131049,0.076614,0.183898
Q_ind_185_anc_3-3,0.000151,0.000000,0.000000,0.001467
Q_ind_186_anc_3-3,0.078610,0.082920,0.000000,0.128985
Q_ind_187_anc_3-3,0.012258,0.000976,0.000000,0.059971
Q_ind_188_anc_3-3,0.166269,0.166352,0.113919,0.215885
Q_ind_189_anc_3-3,0.000181,0.000000,0.000000,0.001966
Q_ind_190_anc_3-3,0.050984,0.054484,0.000000,0.105617
Q_ind_191_anc_3-3,0.003733,0.000013,0.000000,0.031772
Q_ind_192_anc_3-3,0.000942,0.000001,0.000000,0.010499
Q_ind_193_anc_3-3,0.026017,0.019102,0.000000,0.084333
Q_ind_194_anc_3-3,0.004184,0.000009,0.000000,0.034091
Q_ind_195_anc_3-3,0.000408,0.000000,0.000000,0.004561
Q_ind_196_anc_3-3,0.019328,0.006284,0.000000,0.079271
Q_ind_197_anc_3-3,0.033372,0.033801,0.000000,0.084054
Q_ind_198_anc_3-3,0.006131,0.000026,0.000000,0.049852
Q_ind_199_anc_3-3,0.060533,0.062544,0.000000,0.111200
Q_ind_200_anc_3-3,0.000188,0.000000,0.000000,0.002038
Q_ind_201_anc_3-3,0.000190,0.000000,0.000000,0.002004
Q_ind_202_anc_3-3,0.046390,0.046705,0.000000,0.120330
Q_ind_203_anc_3-3,0.000343,0.000000,0.000000,0.003551
Q_ind_204_anc_3-3,0.070315,0.071905,0.000000,0.137526
Q_ind_205_anc_3-3,0.010401,0.000137,0.000000,0.061737
Q_ind_206_anc_3-3,0.105595,0.105456,0.044170,0.167193
Q_ind_207_anc_3-3,0.037683,0.034812,0.000000,0.109428
Q_ind_208_anc_3-3,0.000266,0.000000,0.000000,0.002663
Q_ind_209_anc_3-3,0.000490,0.000000,0.000000,0.005543
Q_ind_210_anc_3-3,0.016540,0.001377,0.000000,0.078336
Q_ind_211_anc_3-3,0.096674,0.097124,0.044580,0.147385
Q_ind_212_anc_3-3,0.070761,0.071456,0.027770,0.111574
Q_ind_213_anc_3-3,0.090275,0.090815,0.041361,0.136247
Q_ind_214_anc_3-3,0.089367,0.089879,0.039735,0.134165
Q_ind_215_anc_3-3,0.000991,0.000002,0.000000,0.010538
Q_ind_216_anc_3-3,0.081860,0.082384,0.031568,0.125820
Q_ind_217_anc_3-3,0.000911,0.000001,0.000000,0.009832
Q_ind_218_anc_3-3,0.001307,0.000002,0.000000,0.013803
Q_ind_219_anc_3-3,0.048961,0.050736,0.000000,0.095502
Q_ind_220_anc_3-3,0.000243,0.000000,0.000000,0.002591
Q_ind_221_anc_3-3,0.116615,0.116457,0.071221,0.162475
Q_ind_222_anc_3-3,0.000461,0.000001,0.000000,0.004969
Q_ind_1_anc_4-1,0.000443,0.000001,0.000000,0.004706
Q_ind_2_anc_4-1,0.000613,0.000001,0.000000,0.006133
Q_ind_3_anc_4-1,0.000631,0.000001,0.000000,0.007209
Q_ind_4_anc_4-1,0.000418,0.000001,0.000000,0.004550
Q_ind_5_anc_4-1,0.000662,0.000001,0.000000,0.007561
Q_ind_6_anc_4-1,0.000537,0.000001,0.000000,0.005652
Q_ind_7_anc_4-1,0.000322,0.000000,0.000000,0.003478
Q_ind_8_anc_4-1,0.000459,0.000001,0.000000,0.004721
Q_ind_9_anc_4-1,0.000741,0.000001,0.000000,0.007748
Q_ind_10_anc_4-1,0.000322,0.000000,0.000000,0.003322
Q_ind_11_anc_4-1,0.000945,0.000001,0.000000,0.010224
Q_ind_12_anc_4-1,0.000561,0.000000,0.000000,0.005679
Q_ind_13_anc_4-1,0.003612,0.000005,0.000000,0.035162
Q_ind_14_anc_4-1,0.014439,0.000243,0.000000,0.086199
Q_ind_15_anc_4-1,0.001886,0.000002,0.000000,0.020087
Q_ind_16_anc_4-1,0.003015,0.000003,0.000000,0.033250
Q_ind_17_anc_4-1,0.009865,0.000054,0.000000,0.075677
Q_ind_18_anc_4-1,0.003383,0.000005,0.000000,0.032914
Q_ind_19_anc_4-1,0.001284,0.000002,0.000000,0.013433
Q_ind_20_anc_4-1,0.001201,0.000001,0.000000,0.012078
Q_ind_21_anc_4-1,0.002373,0.000006,0.000000,0.021430
Q_ind_22_anc_4-1,0.000590,0.000000,0.000000,0.006229
Q_ind_23_anc_4-1,0.000969,0.000001,0.000000,0.010157
Q_ind_24_anc_4-1,0.003391,0.000009,0.000000,0.029643
Q_ind_25_anc_4-1,0.003221,0.000010,0.000000,0.030273
Q_ind_26_anc_4-1,0.000699,0.000001,0.000000,0.007227
Q_ind_27_anc_4-1,0.000513,0.000001,0.000000,0.005407
Q_ind_28_anc_4-1,0.000989,0.000001,0.000000,0.010739
Q_ind_29_anc_4-1,0.002620,0.000005,0.000000,0.025703
Q_ind_30_anc_4-1,0.000476,0.000000,0.000000,0.005011
Q_ind_31_anc_4-1,0.000584,0.000001,0.000000,0.006205
Q_ind_32_anc_4-1,0.001810,0.000005,0.000000,0.016776
Q_ind_33_anc_4-1,0.000521,0.000001,0.000000,0.005299
Q_ind_34_anc_4-1,0.000549,0.000001,0.000000,0.005755
Q_ind_35_anc_4-1,0.000774,0.000001,0.000000,0.008595
Q_ind_36_anc_4-1,0.000680,0.000001,0.000000,0.007044
Q_ind_37_anc_4-1,0.000810,0.000001,0.000000,0.008454
Q_ind_38_anc_4-1,0.001054,0.000001,0.000000,0.011287
Q_ind_39_anc_4-1,0.000791,0.000001,0.000000,0.008503
Q_ind_40_anc_4-1,0.004449,0.000010,0.000000,0.041466
Q_ind_41_anc_4-1,0.002196,0.000002,0.000000,0.022305
Q_ind_42_anc_4-1,0.000677,0.000001,0.000000,0.007108
Q_ind_43_anc_4-1,0.000496,0.000001,0.000000,0.005381
Q_ind_44_anc_4-1,0.000359,0.000000,0.000000,0.003625
Q_ind_45_anc_4-1,0.000282,0.000000,0.000000,0.003106
Q_ind_46_anc_4-1,0.000558,0.000001,0.000000,0.006306
Q_ind_47_anc_4-1,0.000407,0.000000,0.000000,0.004429
Q_ind_48_anc_4-1,0.000616,0.000001,0.000000,0.005979
Q_ind_49_anc_4-1,0.005814,0.000014,0.000000,0.052303
Q_ind_50_anc_4-1,0.003353,0.000004,0.000000,0.037938
Q_ind_51_anc_4-1,0.002813,0.000005,0.000000,0.026497
Q_ind_52_anc_4-1,0.003645,0.000004,0.000000,0.040487
Q_ind_53_anc_4-1,0.004490,0.000020,0.000000,0.035674
Q_ind_54_anc_4-1,0.004244,0.000019,0.000000,0.036038
Q_ind_55_anc_4-1,0.003160,0.000006,0.000000,0.031663
Q_ind_56_anc_4-1,0.001009,0.000001,0.000000,0.010895
Q_ind_57_anc_4-1,0.001715,0.000003,0.000000,0.016930
Q_ind_58_anc_4-1,0.012038,0.000099,0.000000,0.067027
Q_ind_59_anc_4-1,0.002391,0.000005,0.000000,0.023470
Q_ind_60_anc_4-1,0.002753,0.000005,0.000000,0.026175
Q_ind_61_anc_4-1,0.001736,0.000003,0.000000,0.017464
Q_ind_62_anc_4-1,0.001987,0.000003,0.000000,0.020067
Q_ind_63_anc_4-1,0.001684,0.000002,0.000000,0.017696
Q_ind_64_anc_4-1,0.001968,0.000003,0.000000,0.019725
Q_ind_65_anc_4-1,0.001884,0.000003,0.000000,0.017688
Q_ind_66_anc_4-1,0.001646,0.000002,0.000000,0.016952
Q_ind_67_anc_4-1,0.001949,0.000003,0.000000,0.018729
Q_ind_68_anc_4-1,0.002646,0.000004,0.000000,0.029727
Q_ind_69_anc_4-1,0.000757,0.000001,0.000000,0.008104
Q_ind_70_anc_4-1,0.000310,0.000000,0.000000,0.003063
Q_ind_71_anc_4-1,0.000303,0.000000,0.000000,0.003033
Q_ind_72_anc_4-1,0.000702,0.000001,0.000000,0.006833
Q_ind_73_anc_4-1,0.000421,0.000000,0.000000,0.004592
Q_ind_74_anc_4-1,0.001118,0.000001,0.000000,0.011574
Q_ind_75_anc_4-1,0.000600,0.000001,0.000000,0.006136
Q_ind_76_anc_4-1,0.000358,0.000000,0.000000,0.003973
Q_ind_77_anc_4-1,0.000748,0.000001,0.000000,0.008058
Q_ind_78_anc_4-1,0.000750,0.000001,0.000000,0.007722
Q_ind_79_anc_4-1,0.000354,0.000000,0.000000,0.003817
Q_ind_80_anc_4-1,0.000398,0.000001,0.000000,0.004057
Q_ind_81_anc_4-1,0.001060,0.000001,0.000000,0.012001
Q_ind_82_anc_4-1,0.000657,0.000001,0.000000,0.006966
Q_ind_83_anc_4-1,0.001122,0.000002,0.000000,0.011744
Q_ind_84_anc_4-1,0.000576,0.000000,0.000000,0.006049
Q_ind_85_anc_4-1,0.004609,0.000008,0.000000,0.046194
Q_ind_86_anc_4-1,0.002473,0.000004,0.000000,0.025805
Q_ind_87_anc_4-1,0.017835,0.000095,0.000000,0.105509
Q_ind_88_anc_4-1,0.001823,0.000001,0.000000,0.020518
Q_ind_89_anc_4-1,0.000544,0.000000,0.000000,0.005817
Q_ind_90_anc_4-1,0.000417,0.000000,0.000000,0.004960
Q_ind_91_anc_4-1,0.125698,0.127791,0.041863,0.191180
Q_ind_92_anc_4-1,0.001727,0.000003,0.000000,0.017044
Q_ind_93_anc_4-1,0.000352,0.000000,0.000000,0.003785
Q_ind_94_anc_4-1,0.000221,0.000000,0.000000,0.002228
Q_ind_95_anc_4-1,0.000336,0.000000,0.000000,0.003536
Q_ind_96_anc_4-1,0.000189,0.000000,0.000000,0.001952
Q_ind_97_anc_4-1,0.074256,0.078584,0.000000,0.157919
Q_ind_98_anc_4-1,0.007224,0.000034,0.000000,0.047367
Q_ind_99_anc_4-1,0.000541,0.000001,0.000000,0.006208
Q_ind_100_anc_4-1,0.001441,0.000003,0.000000,0.014954
Q_ind_101_anc_4-1,0.000683,0.000001,0.000000,0.006886
Q_ind_102_anc_4-1,0.001162,0.000002,0.000000,0.011475
Q_ind_103_anc_4-1,0.001599,0.000003,0.000000,0.015798
Q_ind_104_anc_4-1,0.002630,0.000005,0.000000,0.026049
Q_ind_105_anc_4-1,0.000992,0.000001,0.000000,0.011350
Q_ind_106_anc_4-1,0.002760,0.000006,0.000000,0.024783
Q_ind_107_anc_4-1,0.000567,0.000001,0.000000,0.005948
Q_ind_108_anc_4-1,0.000444,0.000000,0.000000,0.004803
Q_ind_109_anc_4-1,0.000580,0.000001,0.000000,0.006379
Q_ind_110_anc_4-1,0.000518,0.000001,0.000000,0.005331
Q_ind_111_anc_4-1,0.000297,0.000000,0.000000,0.003120
Q_ind_112_anc_4-1,0.000397,0.000000,0.000000,0.004172
Q_ind_113_anc_4-1,0.000460,0.000000,0.000000,0.004786
Q_ind_114_anc_4-1,0.000764,0.000001,0.000000,0.009327
Q_ind_115_anc_4-1,0.013280,0.000296,0.000000,0.075167
Q_ind_116_anc_4-1,0.000424,0.000001,0.000000,0.004607
Q_ind_117_anc_4-1,0.001966,0.000003,0.000000,0.020468
Q_ind_118_anc_4-1,0.000921,0.000001,0.000000,0.010845
Q_ind_119_anc_4-1,0.000926,0.000001,0.000000,0.009807
Q_ind_120_anc_4-1,0.001859,0.000004,0.000000,0.018361
Q_ind_121_anc_4-1,0.001864,0.000004,0.000000,0.017312
Q_ind_122_anc_4-1,0.002505,0.000004,0.000000,0.021629
Q_ind_123_anc_4-1,0.000683,0.000001,0.000000,0.007527
Q_ind_124_anc_4-1,0.000546,0.000001,0.000000,0.005636
Q_ind_125_anc_4-1,0.000700,0.000001,0.000000,0.006843
Q_ind_126_anc_4-1,0.000629,0.000001,0.000000,0.007055
Q_ind_127_anc_4-1,0.001104,0.000002,0.000000,0.010649
Q_ind_128_anc_4-1,0.001514,0.000004,0.000000,0.014660
Q_ind_129_anc_4-1,0.000769,0.000001,0.000000,0.008000
Q_ind_130_anc_4-1,0.001648,0.000003,0.000000,0.016436
Q_ind_131_anc_4-1,0.001567,0.000002,0.000000,0.016324
Q_ind_132_anc_4-1,0.000684,0.000001,0.000000,0.006348
Q_ind_133_anc_4-1,0.001093,0.000001,0.000000,0.011879
Q_ind_134_anc_4-1,0.000772,0.000001,0.000000,0.008101
Q_ind_135_anc_4-1,0.000758,0.000000,0.000000,0.008036
Q_ind_136_anc_4-1,0.000624,0.000001,0.000000,0.006447
Q_ind_137_anc_4-1,0.001386,0.000002,0.000000,0.013840
Q_ind_138_anc_4-1,0.000712,0.000001,0.000000,0.007756
Q_ind_139_anc_4-1,0.000400,0.000000,0.000000,0.004141
Q_ind_140_anc_4-1,0.000581,0.000001,0.000000,0.006079
Q_ind_141_anc_4-1,0.000606,0.000001,0.000000,0.006384
Q_ind_142_anc_4-1,0.000637,0.000001,0.000000,0.006629
Q_ind_143_anc_4-1,0.000307,0.000000,0.000000,0.003208
Q_ind_144_anc_4-1,0.000735,0.000001,0.000000,0.007756
Q_ind_145_anc_4-1,0.001443,0.000003,0.000000,0.014423
Q_ind_146_anc_4-1,0.000480,0.000001,0.000000,0.004785
Q_ind_147_anc_4-1,0.000724,0.000001,0.000000,0.007896
Q_ind_148_anc_4-1,0.007984,0.000037,0.000000,0.055439
Q_ind_149_anc_4-1,0.001231,0.000002,0.000000,0.012972
Q_ind_150_anc_4-1,0.001318,0.000001,0.000000,0.014052
Q_ind_151_anc_4-1,0.001325,0.000001,0.000000,0.013567
Q_ind_152_anc_4-1,0.000922,0.000001,0.000000,0.009664
Q_ind_153_anc_4-1,0.001829,0.000003,0.000000,0.019458
Q_ind_154_anc_4-1,0.000616,0.000001,0.000000,0.006499
Q_ind_155_anc_4-1,0.004640,0.000012,0.000000,0.042664
Q_ind_156_anc_4-1,0.003608,0.000006,0.000000,0.035627
Q_ind_157_anc_4-1,0.000692,0.000001,0.000000,0.007351
Q_ind_158_anc_4-1,0.000497,0.000001,0.000000,0.005183
Q_ind_159_anc_4-1,0.000556,0.000000,0.000000,0.006236
Q_ind_160_anc_4-1,0.000317,0.000000,0.000000,0.003161
Q_ind_161_anc_4-1,0.001662,0.000002,0.000000,0.017673
Q_ind_162_anc_4-1,0.000674,0.000001,0.000000,0.007019
Q_ind_163_anc_4-1,0.000405,0.000000,0.000000,0.004290
Q_ind_164_anc_4-1,0.002317,0.000006,0.000000,0.020373
Q_ind_165_anc_4-1,0.002219,0.000004,0.000000,0.021669
Q_ind_166_anc_4-1,0.001135,0.000001,0.000000,0.011467
Q_ind_167_anc_4-1,0.000812,0.000002,0.000000,0.008788
Q_ind_168_anc_4-1,0.000592,0.000001,0.000000,0.006493
Q_ind_169_anc_4-1,0.001240,0.000001,0.000000,0.013736
Q_ind_170_anc_4-1,0.000773,0.000001,0.000000,0.008699
Q_ind_171_anc_4-1,0.000842,0.000001,0.000000,0.009385
Q_ind_172_anc_4-1,0.001592,0.000003,0.000000,0.015116
Q_ind_173_anc_4-1,0.000122,0.000000,0.000000,0.001246
Q_ind_174_anc_4-1,0.000268,0.000000,0.000000,0.002706
Q_ind_175_anc_4-1,0.000236,0.000000,0.000000,0.002557
Q_ind_176_anc_4-1,0.000128,0.000000,0.000000,0.001401
Q_ind_177_anc_4-1,0.000369,0.000000,0.000000,0.003894
Q_ind_178_anc_4-1,0.000533,0.000001,0.000000,0.005567
Q_ind_179_anc_4-1,0.000326,0.000000,0.000000,0.003247
Q_ind_180_anc_4-1,0.000853,0.000001,0.000000,0.007986
Q_ind_181_anc_4-1,0.002257,0.000004,0.000000,0.020745
Q_ind_182_anc_4-1,0.002631,0.000004,0.000000,0.027025
Q_ind_183_anc_4-1,0.001923,0.000005,0.000000,0.017765
Q_ind_184_anc_4-1,0.003448,0.000008,0.000000,0.035931
Q_ind_185_anc_4-1,0.000834,0.000001,0.000000,0.008971
Q_ind_186_anc_4-1,0.000439,0.000000,0.000000,0.004935
Q_ind_187_anc_4-1,0.000724,0.000001,0.000000,0.007710
Q_ind_188_anc_4-1,0.000547,0.000001,0.000000,0.006399
Q_ind_189_anc_4-1,0.000827,0.000001,0.000000,0.008313
Q_ind_190_anc_4-1,0.001174,0.000001,0.000000,0.012408
Q_ind_191_anc_4-1,0.002250,0.000004,0.000000,0.023458
Q_ind_192_anc_4-1,0.007684,0.000190,0.000000,0.042714
Q_ind_193_anc_4-1,0.002323,0.000003,0.000000,0.024022
Q_ind_194_anc_4-1,0.002903,0.000007,0.000000,0.026429
Q_ind_195_anc_4-1,0.002942,0.000004,0.000000,0.031474
Q_ind_196_anc_4-1,0.002871,0.000006,0.000000,0.025733
Q_ind_197_anc_4-1,0.006717,0.000035,0.000000,0.053930
Q_ind_198_anc_4-1,0.001182,0.000001,0.000000,0.012957
Q_ind_199_anc_4-1,0.001414,0.000002,0.000000,0.016428
Q_ind_200_anc_4-1,0.000520,0.000000,0.000000,0.005701
Q_ind_201_anc_4-1,0.000580,0.000001,0.000000,0.006041
Q_ind_202_anc_4-1,0.001372,0.000003,0.000000,0.013602
Q_ind_203_anc_4-1,0.001591,0.000002,0.000000,0.017783
Q_ind_204_anc_4-1,0.002650,0.000005,0.000000,0.025825
Q_ind_205_anc_4-1,0.004810,0.000014,0.000000,0.041927
Q_ind_206_anc_4-1,0.003843,0.000006,0.000000,0.034203
Q_ind_207_anc_4-1,0.002131,0.000002,0.000000,0.022267
Q_ind_208_anc_4-1,0.001180,0.000002,0.000000,0.011298
Q_ind_209_anc_4-1,0.002167,0.000004,0.000000,0.024022
Q_ind_210_anc_4-1,0.001670,0.000002,0.000000,0.017504
Q_ind_211_anc_4-1,0.000578,0.000001,0.000000,0.006063
Q_ind_212_anc_4-1,0.003007,0.000017,0.000000,0.023178
Q_ind_213_anc_4-1,0.000930,0.000001,0.000000,0.010118
Q_ind_214_anc_4-1,0.000528,0.000001,0.000000,0.005043
Q_ind_215_anc_4-1,0.001110,0.000002,0.000000,0.011572
Q_ind_216_anc_4-1,0.000660,0.000001,0.000000,0.006876
Q_ind_217_anc_4-1,0.002870,0.000006,0.000000,0.029102
Q_ind_218_anc_4-1,0.000797,0.000001,0.000000,0.008356
Q_ind_219_anc_4-1,0.001384,0.000002,0.000000,0.015544
Q_ind_220_anc_4-1,0.002310,0.000003,0.000000,0.025174
Q_ind_221_anc_4-1,0.002021,0.000004,0.000000,0.019465
Q_ind_222_anc_4-1,0.001454,0.000002,0.000000,0.014316
Q_ind_1_anc_4-2,0.000747,0.000001,0.000000,0.007653
Q_ind_2_anc_4-2,0.000753,0.000001,0.000000,0.008127
Q_ind_3_anc_4-2,0.001061,0.000001,0.000000,0.011426
Q_ind_4_anc_4-2,0.000588,0.000001,0.000000,0.006395
Q_ind_5_anc_4-2,0.000442,0.000001,0.000000,0.004467
Q_ind_6_anc_4-2,0.000411,0.000000,0.000000,0.004341
Q_ind_7_anc_4-2,0.000503,0.000001,0.000000,0.005222
Q_ind_8_anc_4-2,0.000709,0.000001,0.000000,0.007436
Q_ind_9_anc_4-2,0.000408,0.000000,0.000000,0.004530
Q_ind_10_anc_4-2,0.000300,0.000000,0.000000,0.003228
Q_ind_11_anc_4-2,0.001115,0.000001,0.000000,0.011445
Q_ind_12_anc_4-2,0.000401,0.000000,0.000000,0.004257
Q_ind_13_anc_4-2,0.002428,0.000003,0.000000,0.023203
Q_ind_14_anc_4-2,0.000731,0.000001,0.000000,0.007625
Q_ind_15_anc_4-2,0.001559,0.000003,0.000000,0.014296
Q_ind_16_anc_4-2,0.001487,0.000002,0.000000,0.015539
Q_ind_17_anc_4-2,0.001606,0.000001,0.000000,0.018390
Q_ind_18_anc_4-2,0.002054,0.000003,0.000000,0.025046
Q_ind_19_anc_4-2,0.000833,0.000001,0.000000,0.008961
Q_ind_20_anc_4-2,0.000502,0.000000,0.000000,0.005561
Q_ind_21_anc_4-2,0.000912,0.000001,0.000000,0.009649
Q_ind_22_anc_4-2,0.001046,0.000001,0.000000,0.011345
Q_ind_23_anc_4-2,0.000635,0.000001,0.000000,0.006790
Q_ind_24_anc_4-2,0.000986,0.000001,0.000000,0.010408
Q_ind_25_anc_4-2,0.001112,0.000002,0.000000,0.012127
Q_ind_26_anc_4-2,0.001173,0.000001,0.000000,0.012023
Q_ind_27_anc_4-2,0.002750,0.000006,0.000000,0.025566
Q_ind_28_anc_4-2,0.001466,0.000003,0.000000,0.015470
Q_ind_29_anc_4-2,0.001066,0.000001,0.000000,0.011640
Q_ind_30_anc_4-2,0.000720,0.000001,0.000000,0.007794
Q_ind_31_anc_4-2,0.000680,0.000001,0.000000,0.007301
Q_ind_32_anc_4-2,0.001014,0.000001,0.000000,0.011098
Q_ind_33_anc_4-2,0.000932,0.000001,0.000000,0.010332
Q_ind_34_anc_4-2,0.000880,0.000001,0.000000,0.008787
Q_ind_35_anc_4-2,0.000884,0.000001,0.000000,0.008598
Q_ind_36_anc_4-2,0.000548,0.000001,0.000000,0.006006
Q_ind_37_anc_4-2,0.000506,0.000001,0.000000,0.005387
Q_ind_38_anc_4-2,0.001084,0.000001,0.000000,0.011690
Q_ind_39_anc_4-2,0.000583,0.000001,0.000000,0.005988
Q_ind_40_anc_4-2,0.011025,0.000067,0.000000,0.085730
Q_ind_41_anc_4-2,0.000625,0.000001,0.000000,0.006724
Q_ind_42_anc_4-2,0.000562,0.000001,0.000000,0.006073
Q_ind_43_anc_4-2,0.000432,0.000000,0.000000,0.004592
Q_ind_44_anc_4-2,0.000289,0.000000,0.000000,0.003135
Q_ind_45_anc_4-2,0.000310,0.000000,0.000000,0.003104
Q_ind_46_anc_4-2,0.000560,0.000001,0.000000,0.005450
Q_ind_47_anc_4-2,0.000447,0.000001,0.000000,0.004504
Q_ind_48_anc_4-2,0.000399,0.000000,0.000000,0.004339
Q_ind_49_anc_4-2,0.017402,0.004986,0.000000,0.069914
Q_ind_50_anc_4-2,0.001941,0.000003,0.000000,0.020484
Q_ind_51_anc_4-2,0.000851,0.000001,0.000000,0.008956
Q_ind_52_anc_4-2,0.001268,0.000001,0.000000,0.012778
Q_ind_53_anc_4-2,0.001942,0.000003,0.000000,0.019433
Q_ind_54_anc_4-2,0.001781,0.000003,0.000000,0.017544
Q_ind_55_anc_4-2,0.000758,0.000001,0.000000,0.008389
Q_ind_56_anc_4-2,0.000784,0.000001,0.000000,0.008071
Q_ind_57_anc_4-2,0.001779,0.000002,0.000000,0.018806
Q_ind_58_anc_4-2,0.001340,0.000001,0.000000,0.014185
Q_ind_59_anc_4-2,0.001744,0.000003,0.000000,0.016766
Q_ind_60_anc_4-2,0.002247,0.000003,0.000000,0.022324
Q_ind_61_anc_4-2,0.000921,0.000001,0.000000,0.010013
Q_ind_62_anc_4-2,0.001244,0.000001,0.000000,0.012270
Q_ind_63_anc_4-2,0.003607,0.000012,0.000000,0.033385
Q_ind_64_anc_4-2,0.001249,0.000001,0.000000,0.013276
Q_ind_65_anc_4-2,0.000792,0.000001,0.000000,0.009276
Q_ind_66_anc_4-2,0.001361,0.000002,0.000000,0.014073
Q_ind_67_anc_4-2,0.001130,0.000001,0.000000,0.011737
Q_ind_68_anc_4-2,0.005131,0.000008,0.000000,0.052361
Q_ind_69_anc_4-2,0.001472,0.000003,0.000000,0.015081
Q_ind_70_anc_4-2,0.000759,0.000001,0.000000,0.008163
Q_ind_71_anc_4-2,0.000379,0.000000,0.000000,0.003700
Q_ind_72_anc_4-2,0.000714,0.000001,0.000000,0.007298
Q_ind_73_anc_4-2,0.000575,0.000001,0.000000,0.006385
Q_ind_74_anc_4-2,0.000707,0.000001,0.000000,0.007600
Q_ind_75_anc_4-2,0.000706,0.000001,0.000000,0.007425
Q_ind_76_anc_4-2,0.000622,0.000001,0.000000,0.006237
Q_ind_77_anc_4-2,0.000459,0.000001,0.000000,0.004556
Q_ind_78_anc_4-2,0.000391,0.000001,0.000000,0.003968
Q_ind_79_anc_4-2,0.000636,0.000001,0.000000,0.006995
Q_ind_80_anc_4-2,0.000307,0.000000,0.000000,0.003019
Q_ind_81_anc_4-2,0.000746,0.000001,0.000000,0.007940
Q_ind_82_anc_4-2,0.000690,0.000001,0.000000,0.006550
Q_ind_83_anc_4-2,0.000695,0.000001,0.000000,0.007586
Q_ind_84_anc_4-2,0.000740,0.000001,0.000000,0.008550
Q_ind_85_anc_4-2,0.000925,0.000001,0.000000,0.009764
Q_ind_86_anc_4-2,0.001032,0.000001,0.000000,0.011262
Q_ind_87_anc_4-2,0.001193,0.000003,0.000000,0.011365
Q_ind_88_anc_4-2,0.003593,0.000016,0.000000,0.031597
Q_ind_89_anc_4-2,0.000572,0.000001,0.000000,0.006292
Q_ind_90_anc_4-2,0.000312,0.000000,0.000000,0.003178
Q_ind_91_anc_4-2,0.000940,0.000001,0.000000,0.009961
Q_ind_92_anc_4-2,0.000353,0.000000,0.000000,0.003941
Q_ind_93_anc_4-2,0.000175,0.000000,0.000000,0.001855
Q_ind_94_anc_4-2,0.000152,0.000000,0.000000,0.001544
Q_ind_95_anc_4-2,0.000312,0.000000,0.000000,0.003396
Q_ind_96_anc_4-2,0.000145,0.000000,0.000000,0.001552
Q_ind_97_anc_4-2,0.000629,0.000000,0.000000,0.005883
Q_ind_98_anc_4-2,0.002282,0.000005,0.000000,0.022626
Q_ind_99_anc_4-2,0.001328,0.000001,0.000000,0.013422
Q_ind_100_anc_4-2,0.001566,0.000001,0.000000,0.014955
Q_ind_101_anc_4-2,0.009431,0.000019,0.000000,0.095838
Q_ind_102_anc_4-2,0.001183,0.000002,0.000000,0.011493
Q_ind_103_anc_4-2,0.001062,0.000002,0.000000,0.010573
Q_ind_104_anc_4-2,0.002628,0.000003,0.000000,0.029581
Q_ind_105_anc_4-2,0.001485,0.000002,0.000000,0.016806
Q_ind_106_anc_4-2,0.001836,0.000002,0.000000,0.020458
Q_ind_107_anc_4-2,0.000529,0.000001,0.000000,0.005939
Q_ind_108_anc_4-2,0.000316,0.000000,0.000000,0.003472
Q_ind_109_anc_4-2,0.000427,0.000001,0.000000,0.004293
Q_ind_110_anc_4-2,0.000366,0.000000,0.000000,0.003835
Q_ind_111_anc_4-2,0.000277,0.000000,0.000000,0.002951
Q_ind_112_anc_4-2,0.000362,0.000001,0.000000,0.003856
Q_ind_113_anc_4-2,0.000298,0.000000,0.000000,0.003245
Q_ind_114_anc_4-2,0.000428,0.000000,0.000000,0.004843
Q_ind_115_anc_4-2,0.001183,0.000001,0.000000,0.012052
Q_ind_116_anc_4-2,0.000642,0.000001,0.000000,0.007440
Q_ind_117_anc_4-2,0.001109,0.000002,0.000000,0.012085
Q_ind_118_anc_4-2,0.000691,0.000001,0.000000,0.007243
Q_ind_119_anc_4-2,0.000769,0.000001,0.000000,0.008096
Q_ind_120_anc_4-2,0.000936,0.000001,0.000000,0.010025
Q_ind_121_anc_4-2,0.000539,0.000000,0.000000,0.005391
Q_ind_122_anc_4-2,0.001446,0.000004,0.000000,0.012496
Q_ind_123_anc_4-2,0.001118,0.000002,0.000000,0.011593
Q_ind_124_anc_4-2,0.006730,0.000008,0.000000,0.064441
Q_ind_125_anc_4-2,0.001127,0.000001,0.000000,0.011718
Q_ind_126_anc_4-2,0.001193,0.000002,0.000000,0.012677
Q_ind_127_anc_4-2,0.001546,0.000003,0.000000,0.015520
Q_ind_128_anc_4-2,0.001803,0.000004,0.000000,0.017128
Q_ind_129_anc_4-2,0.005058,0.000057,0.000000,0.033318
Q_ind_130_anc_4-2,0.001556,0.000002,0.000000,0.016715
Q_ind_131_anc_4-2,0.003080,0.000009,0.000000,0.029460
Q_ind_132_anc_4-2,0.001384,0.000002,0.000000,0.015453
Q_ind_133_anc_4-2,0.000519,0.000001,0.000000,0.005029
Q_ind_134_anc_4-2,0.001284,0.000002,0.000000,0.013560
Q_ind_135_anc_4-2,0.001137,0.000001,0.000000,0.012361
Q_ind_136_anc_4-2,0.000249,0.000000,0.000000,0.002708
Q_ind_137_anc_4-2,0.000555,0.000001,0.000000,0.005979
Q_ind_138_anc_4-2,0.000293,0.000000,0.000000,0.003093
Q_ind_139_anc_4-2,0.000231,0.000000,0.000000,0.002506
Q_ind_140_anc_4-2,0.000288,0.000000,0.000000,0.003082
Q_ind_141_anc_4-2,0.000307,0.000000,0.000000,0.003161
Q_ind_142_anc_4-2,0.000583,0.000000,0.000000,0.006215
Q_ind_143_anc_4-2,0.000274,0.000000,0.000000,0.002868
Q_ind_144_anc_4-2,0.000561,0.000001,0.000000,0.005822
Q_ind_145_anc_4-2,0.002762,0.000002,0.000000,0.030700
Q_ind_146_anc_4-2,0.001634,0.000002,0.000000,0.019104
Q_ind_147_anc_4-2,0.001033,0.000001,0.000000,0.011153
Q_ind_148_anc_4-2,0.026412,0.019289,0.000000,0.088104
Q_ind_149_anc_4-2,0.001273,0.000001,0.000000,0.013634
Q_ind_150_anc_4-2,0.001573,0.000002,0.000000,0.016130
Q_ind_151_anc_4-2,0.001465,0.000001,0.000000,0.016631
Q_ind_152_anc_4-2,0.001209,0.000002,0.000000,0.012086
Q_ind_153_anc_4-2,0.002352,0.000003,0.000000,0.022437
Q_ind_154_anc_4-2,0.002163,0.000004,0.000000,0.020861
Q_ind_155_anc_4-2,0.009692,0.000115,0.000000,0.058347
Q_ind_156_anc_4-2,0.009255,0.000091,0.000000,0.050951
Q_ind_157_anc_4-2,0.000419,0.000001,0.000000,0.004188
Q_ind_158_anc_4-2,0.000230,0.000000,0.000000,0.002677
Q_ind_159_anc_4-2,0.000318,0.000000,0.000000,0.003321
Q_ind_160_anc_4-2,0.000184,0.000000,0.000000,0.001991
Q_ind_161_anc_4-2,0.002801,0.000005,0.000000,0.026313
Q_ind_162_anc_4-2,0.000402,0.000000,0.000000,0.004236
Q_ind_163_anc_4-2,0.000309,0.000000,0.000000,0.003131
Q_ind_164_anc_4-2,0.001510,0.000001,0.000000,0.018115
Q_ind_165_anc_4-2,0.001559,0.000002,0.000000,0.015740
Q_ind_166_anc_4-2,0.001438,0.000002,0.000000,0.015484
Q_ind_167_anc_4-2,0.000771,0.000001,0.000000,0.007815
Q_ind_168_anc_4-2,0.001458,0.000001,0.000000,0.016340
Q_ind_169_anc_4-2,0.012795,0.000045,0.000000,0.088978
Q_ind_170_anc_4-2,0.001495,0.000001,0.000000,0.016766
Q_ind_171_anc_4-2,0.000453,0.000001,0.000000,0.004706
Q_ind_172_anc_4-2,0.001037,0.000001,0.000000,0.010399
Q_ind_173_anc_4-2,0.000145,0.000000,0.000000,0.001517
Q_ind_174_anc_4-2,0.000371,0.000000,0.000000,0.003743
Q_ind_175_anc_4-2,0.000246,0.000000,0.000000,0.002662
Q_ind_176_anc_4-2,0.000155,0.000000,0.000000,0.001634
Q_ind_177_anc_4-2,0.000616,0.000001,0.000000,0.006271
Q_ind_178_anc_4-2,0.000617,0.000000,0.000000,0.006786
Q_ind_179_anc_4-2,0.000316,0.000000,0.000000,0.003467
Q_ind_180_anc_4-2,0.001888,0.000003,0.000000,0.019141
Q_ind_181_anc_4-2,0.000697,0.000001,0.000000,0.006762
Q_ind_182_anc_4-2,0.000708,0.000001,0.000000,0.007425
Q_ind_183_anc_4-2,0.000658,0.000001,0.000000,0.006719
Q_ind_184_anc_4-2,0.001046,0.000001,0.000000,0.011382
Q_ind_185_anc_4-2,0.000594,0.000001,0.000000,0.006200
Q_ind_186_anc_4-2,0.000432,0.000000,0.000000,0.004761
Q_ind_187_anc_4-2,0.002717,0.000010,0.000000,0.022005
Q_ind_188_anc_4-2,0.000826,0.000001,0.000000,0.008583
Q_ind_189_anc_4-2,0.000266,0.000000,0.000000,0.002792
Q_ind_190_anc_4-2,0.000822,0.000001,0.000000,0.008389
Q_ind_191_anc_4-2,0.004945,0.000016,0.000000,0.041005
Q_ind_192_anc_4-2,0.012325,0.001120,0.000000,0.057933
Q_ind_193_anc_4-2,0.000952,0.000001,0.000000,0.010123
Q_ind_194_anc_4-2,0.001291,0.000002,0.000000,0.012758
Q_ind_195_anc_4-2,0.000640,0.000001,0.000000,0.006791
Q_ind_196_anc_4-2,0.003364,0.000004,0.000000,0.033509
Q_ind_197_anc_4-2,0.006272,0.000094,0.000000,0.040820
Q_ind_198_anc_4-2,0.046052,0.050522,0.000000,0.090774
Q_ind_199_anc_4-2,0.004255,0.000007,0.000000,0.041750
Q_ind_200_anc_4-2,0.000638,0.000001,0.000000,0.006819
Q_ind_201_anc_4-2,0.000426,0.000001,0.000000,0.004303
Q_ind_202_anc_4-2,0.003302,0.000005,0.000000,0.032247
Q_ind_203_anc_4-2,0.001356,0.000001,0.000000,0.013927
Q_ind_204_anc_4-2,0.004795,0.000012,0.000000,0.044235
Q_ind_205_anc_4-2,0.002923,0.000005,0.000000,0.027087
Q_ind_206_anc_4-2,0.001105,0.000001,0.000000,0.012015
Q_ind_207_anc_4-2,0.001934,0.000002,0.000000,0.023479
Q_ind_208_anc_4-2,0.001058,0.000001,0.000000,0.010769
Q_ind_209_anc_4-2,0.004403,0.000005,0.000000,0.043938
Q_ind_210_anc_4-2,0.000852,0.000001,0.000000,0.008660
Q_ind_211_anc_4-2,0.000585,0.000001,0.000000,0.006456
Q_ind_212_anc_4-2,0.000638,0.000001,0.000000,0.006231
Q_ind_213_anc_4-2,0.000658,0.000001,0.000000,0.006884
Q_ind_214_anc_4-2,0.000367,0.000000,0.000000,0.003716
Q_ind_215_anc_4-2,0.001119,0.000002,0.000000,0.012020
Q_ind_216_anc_4-2,0.000477,0.000001,0.000000,0.004790
Q_ind_217_anc_4-2,0.003982,0.000017,0.000000,0.031074
Q_ind_218_anc_4-2,0.000617,0.000001,0.000000,0.006300
Q_ind_219_anc_4-2,0.000891,0.000001,0.000000,0.009681
Q_ind_220_anc_4-2,0.004224,0.000010,0.000000,0.041190
Q_ind_221_anc_4-2,0.001014,0.000001,0.000000,0.010384
Q_ind_222_anc_4-2,0.004922,0.000009,0.000000,0.042746
Q_ind_1_anc_4-3,0.223367,0.222583,0.177110,0.272559
Q_ind_2_anc_4-3,0.183703,0.183786,0.125774,0.240157
Q_ind_3_anc_4-3,0.065713,0.073617,0.000000,0.139499
Q_ind_4_anc_4-3,0.087239,0.087235,0.035954,0.135218
Q_ind_5_anc_4-3,0.356538,0.356895,0.295597,0.415483
Q_ind_6_anc_4-3,0.161313,0.161004,0.103060,0.218925
Q_ind_7_anc_4-3,0.136159,0.135902,0.080997,0.191682
Q_ind_8_anc_4-3,0.106641,0.107135,0.054181,0.157068
Q_ind_9_anc_4-3,0.084438,0.086992,0.000003,0.143708
Q_ind_10_anc_4-3,0.085876,0.086427,0.022022,0.136798
Q_ind_11_anc_4-3,0.065030,0.068956,0.000000,0.122931
Q_ind_12_anc_4-3,0.097943,0.097526,0.050435,0.149596
Q_ind_13_anc_4-3,0.339062,0.339681,0.281171,0.394772
Q_ind_14_anc_4-3,0.302824,0.304195,0.227042,0.373536
Q_ind_15_anc_4-3,0.322516,0.322547,0.256168,0.387128
Q_ind_16_anc_4-3,0.345527,0.346451,0.280194,0.405250
Q_ind_17_anc_4-3,0.322164,0.323184,0.257188,0.380274
Q_ind_18_anc_4-3,0.289257,0.290025,0.218836,0.352317
Q_ind_19_anc_4-3,0.348072,0.348593,0.290340,0.401785
Q_ind_20_anc_4-3,0.329236,0.329474,0.276545,0.381976
Q_ind_21_anc_4-3,0.739652,0.739776,0.670842,0.807560
Q_ind_22_anc_4-3,0.728213,0.729567,0.666036,0.785562
Q_ind_23_anc_4-3,0.715601,0.715644,0.650284,0.779540
Q_ind_24_anc_4-3,0.780324,0.779907,0.694929,0.865696
Q_ind_25_anc_4-3,0.702564,0.703853,0.633449,0.766638
Q_ind_26_anc_4-3,0.705985,0.705941,0.648655,0.761954
Q_ind_27_anc_4-3,0.755512,0.756125,0.688164,0.821491
Q_ind_28_anc_4-3,0.748963,0.749463,0.687544,0.810312
Q_ind_29_anc_4-3,0.697713,0.697597,0.634882,0.760712
Q_ind_30_anc_4-3,0.737494,0.737492,0.669778,0.802273
Q_ind_31_anc_4-3,0.049472,0.050009,0.000000,0.122245
Q_ind_32_anc_4-3,0.008979,0.000092,0.000000,0.064283
Q_ind_33_anc_4-3,0.077670,0.076210,0.027485,0.138418
Q_ind_34_anc_4-3,0.003176,0.000005,0.000000,0.031286
Q_ind_35_anc_4-3,0.060156,0.062247,0.000000,0.125432
Q_ind_36_anc_4-3,0.002592,0.000006,0.000000,0.025660
Q_ind_37_anc_4-3,0.071110,0.073016,0.000000,0.134965
Q_ind_38_anc_4-3,0.026352,0.014065,0.000000,0.093216
Q_ind_39_anc_4-3,0.268574,0.268415,0.206976,0.330295
Q_ind_40_anc_4-3,0.029997,0.009828,0.000000,0.118982
Q_ind_41_anc_4-3,0.206669,0.207171,0.147320,0.264950
Q_ind_42_anc_4-3,0.000834,0.000001,0.000000,0.008348
Q_ind_43_anc_4-3,0.000685,0.000000,0.000000,0.007836
Q_ind_44_anc_4-3,0.000425,0.000000,0.000000,0.004574
Q_ind_45_anc_4-3,0.000407,0.000000,0.000000,0.004179
Q_ind_46_anc_4-3,0.000708,0.000001,0.000000,0.007881
Q_ind_47_anc_4-3,0.000465,0.000000,0.000000,0.004857
Q_ind_48_anc_4-3,0.000529,0.000001,0.000000,0.005281
Q_ind_49_anc_4-3,0.028030,0.014039,0.000000,0.096005
Q_ind_50_anc_4-3,0.069353,0.070525,0.002398,0.124305
Q_ind_51_anc_4-3,0.011645,0.000230,0.000000,0.061919
Q_ind_52_anc_4-3,0.047653,0.050355,0.000000,0.101456
Q_ind_53_anc_4-3,0.018210,0.010447,0.000000,0.067309
Q_ind_54_anc_4-3,0.011494,0.001093,0.000000,0.056087
Q_ind_55_anc_4-3,0.220420,0.220889,0.165325,0.276437
Q_ind_56_anc_4-3,0.010171,0.000668,0.000000,0.051187
Q_ind_57_anc_4-3,0.050092,0.050009,0.000000,0.105331
Q_ind_58_anc_4-3,0.041554,0.044151,0.000000,0.099247
Q_ind_59_anc_4-3,0.012359,0.000765,0.000000,0.060386
Q_ind_60_anc_4-3,0.007143,0.000113,0.000000,0.043891
Q_ind_61_anc_4-3,0.126958,0.127461,0.079590,0.172480
Q_ind_62_anc_4-3,0.135798,0.136003,0.078847,0.197307
Q_ind_63_anc_4-3,0.120226,0.120023,0.067710,0.171411
Q_ind_64_anc_4-3,0.106418,0.106520,0.052852,0.161338
Q_ind_65_anc_4-3,0.134475,0.134934,0.083263,0.184083
Q_ind_66_anc_4-3,0.066626,0.067608,0.005693,0.121112
Q_ind_67_anc_4-3,0.193253,0.193703,0.136399,0.250068
Q_ind_68_anc_4-3,0.243308,0.244771,0.176530,0.304080
Q_ind_69_anc_4-3,0.073060,0.073977,0.010545,0.121781
Q_ind_70_anc_4-3,0.728699,0.730076,0.651588,0.794449
Q_ind_71_anc_4-3,0.720685,0.720841,0.655460,0.783349
Q_ind_72_anc_4-3,0.695498,0.694159,0.606650,0.784680
Q_ind_73_anc_4-3,0.631093,0.630489,0.560585,0.699494
Q_ind_74_anc_4-3,0.660704,0.660701,0.591485,0.730684
Q_ind_75_anc_4-3,0.641716,0.644970,0.547849,0.715971
Q_ind_76_anc_4-3,0.591588,0.591736,0.517417,0.666446
Q_ind_77_anc_4-3,0.702655,0.706156,0.613054,0.776979
Q_ind_78_anc_4-3,0.659181,0.660376,0.573184,0.738513
Q_ind_79_anc_4-3,0.663754,0.661521,0.578273,0.753701
Q_ind_80_anc_4-3,0.631203,0.631319,0.557562,0.708081
Q_ind_81_anc_4-3,0.219133,0.220091,0.146383,0.289035
Q_ind_82_anc_4-3,0.215161,0.217962,0.123492,0.286096
Q_ind_83_anc_4-3,0.231456,0.231047,0.154577,0.310052
Q_ind_84_anc_4-3,0.233316,0.233719,0.163202,0.301835
Q_ind_85_anc_4-3,0.284570,0.284487,0.210752,0.355957
Q_ind_86_anc_4-3,0.218869,0.219740,0.143005,0.289807
Q_ind_87_anc_4-3,0.327488,0.328994,0.235611,0.408896
Q_ind_88_anc_4-3,0.122652,0.141666,0.000000,0.241535
Q_ind_89_anc_4-3,0.001126,0.000003,0.000000,0.010426
Q_ind_90_anc_4-3,0.000524,0.000001,0.000000,0.005516
Q_ind_91_anc_4-3,0.317736,0.317259,0.255226,0.387209
Q_ind_92_anc_4-3,0.338136,0.337393,0.290669,0.386385
Q_ind_93_anc_4-3,0.000493,0.000000,0.000000,0.005061
Q_ind_94_anc_4-3,0.000320,0.000000,0.000000,0.003356
Q_ind_95_anc_4-3,0.000632,0.000001,0.000000,0.006564
Q_ind_96_anc_4-3,0.000249,0.000000,0.000000,0.002530
Q_ind_97_anc_4-3,0.258412,0.258653,0.184910,0.329489
Q_ind_98_anc_4-3,0.022645,0.017270,0.000000,0.071768
Q_ind_99_anc_4-3,0.242078,0.241692,0.173724,0.312338
Q_ind_100_anc_4-3,0.192262,0.195495,0.085161,0.280892
Q_ind_101_anc_4-3,0.140171,0.151797,0.000000,0.243657
Q_ind_102_anc_4-3,0.228291,0.229416,0.155311,0.293967
Q_ind_103_anc_4-3,0.191502,0.191674,0.127727,0.257736
Q_ind_104_anc_4-3,0.305448,0.306263,0.229864,0.380975
Q_ind_105_anc_4-3,0.204250,0.219897,0.000004,0.327116
Q_ind_106_anc_4-3,0.025397,0.000326,0.000000,0.163140
Q_ind_107_anc_4-3,0.001977,0.000003,0.000000,0.019025
Q_ind_108_anc_4-3,0.000581,0.000001,0.000000,0.006404
Q_ind_109_anc_4-3,0.001061,0.000001,0.000000,0.011709
Q_ind_110_anc_4-3,0.006104,0.000056,0.000000,0.039604
Q_ind_111_anc_4-3,0.000357,0.000000,0.000000,0.004061
Q_ind_112_anc_4-3,0.000721,0.000001,0.000000,0.007694
Q_ind_113_anc_4-3,0.000560,0.000001,0.000000,0.005899
Q_ind_114_anc_4-3,0.001473,0.000002,0.000000,0.015874
Q_ind_115_anc_4-3,0.038599,0.036829,0.000000,0.104939
Q_ind_116_anc_4-3,0.600704,0.600587,0.529972,0.674124
Q_ind_117_anc_4-3,0.560207,0.559433,0.480794,0.645407
Q_ind_118_anc_4-3,0.694252,0.696930,0.600738,0.772302
Q_ind_119_anc_4-3,0.561304,0.560875,0.487786,0.635652
Q_ind_120_anc_4-3,0.626490,0.626397,0.541391,0.715558
Q_ind_121_anc_4-3,0.514744,0.514070,0.430975,0.603391
Q_ind_122_anc_4-3,0.699867,0.700733,0.622458,0.773161
Q_ind_123_anc_4-3,0.664901,0.664696,0.616144,0.713120
Q_ind_124_anc_4-3,0.674608,0.676532,0.595875,0.744094
Q_ind_125_anc_4-3,0.730889,0.730926,0.659025,0.800231
Q_ind_126_anc_4-3,0.634824,0.637083,0.554560,0.703030
Q_ind_127_anc_4-3,0.654322,0.653514,0.579807,0.735413
Q_ind_128_anc_4-3,0.684902,0.685081,0.615800,0.752855
Q_ind_129_anc_4-3,0.759321,0.758324,0.703591,0.820502
Q_ind_130_anc_4-3,0.736572,0.737108,0.670240,0.803402
Q_ind_131_anc_4-3,0.647348,0.646760,0.572690,0.723203
Q_ind_132_anc_4-3,0.604167,0.603858,0.537772,0.674347
Q_ind_133_anc_4-3,0.673593,0.674073,0.623870,0.718481
Q_ind_134_anc_4-3,0.685911,0.686550,0.611758,0.756551
Q_ind_135_anc_4-3,0.711626,0.712003,0.654478,0.768140
Q_ind_136_anc_4-3,0.051071,0.040851,0.000000,0.143717
Q_ind_137_anc_4-3,0.025376,0.019765,0.000000,0.081832
Q_ind_138_anc_4-3,0.017044,0.001543,0.000000,0.080792
Q_ind_139_anc_4-3,0.180434,0.180271,0.125429,0.237849
Q_ind_140_anc_4-3,0.056021,0.058838,0.000000,0.122250
Q_ind_141_anc_4-3,0.007539,0.000113,0.000000,0.049037
Q_ind_142_anc_4-3,0.090289,0.090486,0.039335,0.140688
Q_ind_143_anc_4-3,0.104554,0.104583,0.048902,0.160115
Q_ind_144_anc_4-3,0.065222,0.070525,0.000000,0.129017
Q_ind_145_anc_4-3,0.386004,0.388038,0.292199,0.473003
Q_ind_146_anc_4-3,0.362242,0.365168,0.267052,0.440942
Q_ind_147_anc_4-3,0.340239,0.342650,0.249657,0.419867
Q_ind_148_anc_4-3,0.689175,0.689970,0.633225,0.742994
Q_ind_149_anc_4-3,0.689781,0.690174,0.641708,0.736619
Q_ind_150_anc_4-3,0.645012,0.645287,0.582306,0.705858
Q_ind_151_anc_4-3,0.744013,0.744508,0.666469,0.815035
Q_ind_152_anc_4-3,0.686754,0.686789,0.613563,0.760188
Q_ind_153_anc_4-3,0.757287,0.757936,0.692985,0.822202
Q_ind_154_anc_4-3,0.743018,0.743576,0.681936,0.803705
Q_ind_155_anc_4-3,0.770156,0.769792,0.687282,0.848128
Q_ind_156_anc_4-3,0.547418,0.547922,0.473956,0.617489
Q_ind_157_anc_4-3,0.465131,0.464134,0.368586,0.563309
Q_ind_158_anc_4-3,0.456533,0.456487,0.366950,0.546103
Q_ind_159_anc_4-3,0.474734,0.475418,0.396710,0.546928
Q_ind_160_anc_4-3,0.295220,0.293964,0.219159,0.385424
Q_ind_161_anc_4-3,0.516229,0.512965,0.414344,0.624226
Q_ind_162_anc_4-3,0.484302,0.484776,0.396297,0.571091
Q_ind_163_anc_4-3,0.420398,0.420930,0.342389,0.498268
Q_ind_164_anc_4-3,0.596205,0.596786,0.519550,0.671824
Q_ind_165_anc_4-3,0.370614,0.369986,0.310416,0.432901
Q_ind_166_anc_4-3,0.344459,0.345239,0.279880,0.404368
Q_ind_167_anc_4-3,0.357114,0.356840,0.295730,0.415139
Q_ind_168_anc_4-3,0.223636,0.222412,0.133303,0.317978
Q_ind_169_anc_4-3,0.352086,0.355133,0.258510,0.429269
Q_ind_170_anc_4-3,0.361703,0.361284,0.291488,0.436392
Q_ind_171_anc_4-3,0.002949,0.000006,0.000000,0.028570
Q_ind_172_anc_4-3,0.010812,0.000612,0.000000,0.055985
Q_ind_173_anc_4-3,0.000284,0.000000,0.000000,0.003089
Q_ind_174_anc_4-3,0.002350,0.000006,0.000000,0.022611
Q_ind_175_anc_4-3,0.000617,0.000001,0.000000,0.006207
Q_ind_176_anc_4-3,0.000352,0.000000,0.000000,0.004124
Q_ind_177_anc_4-3,0.005909,0.000023,0.000000,0.048160
Q_ind_178_anc_4-3,0.093430,0.091856,0.038756,0.153036
Q_ind_179_anc_4-3,0.001786,0.000003,0.000000,0.019753
Q_ind_180_anc_4-3,0.032804,0.029952,0.000000,0.096688
Q_ind_181_anc_4-3,0.042773,0.034424,0.000000,0.122782
Q_ind_182_anc_4-3,0.025211,0.002254,0.000000,0.104280
Q_ind_183_anc_4-3,0.011626,0.000170,0.000000,0.065703
Q_ind_184_anc_4-3,0.008873,0.000044,0.000000,0.073771
Q_ind_185_anc_4-3,0.275410,0.275400,0.222300,0.328690
Q_ind_186_anc_4-3,0.080046,0.079516,0.030341,0.131726
Q_ind_187_anc_4-3,0.002141,0.000002,0.000000,0.024081
Q_ind_188_anc_4-3,0.056722,0.059156,0.000000,0.113063
Q_ind_189_anc_4-3,0.217285,0.216849,0.155195,0.279382
Q_ind_190_anc_4-3,0.720974,0.721375,0.644192,0.798111
Q_ind_191_anc_4-3,0.765388,0.760187,0.682378,0.865440
Q_ind_192_anc_4-3,0.796223,0.797052,0.733125,0.857144
Q_ind_193_anc_4-3,0.733955,0.736123,0.653897,0.802548
Q_ind_194_anc_4-3,0.838643,0.838632,0.771893,0.906295
Q_ind_195_anc_4-3,0.830972,0.831525,0.762898,0.896115
Q_ind_196_anc_4-3,0.724332,0.724369,0.631129,0.817881
Q_ind_197_anc_4-3,0.797256,0.797838,0.725533,0.864649
Q_ind_198_anc_4-3,0.661752,0.662079,0.583534,0.739568
Q_ind_199_anc_4-3,0.736971,0.738672,0.638217,0.822677
Q_ind_200_anc_4-3,0.157576,0.156898,0.101580,0.215476
Q_ind_201_anc_4-3,0.368896,0.368431,0.305876,0.432227
Q_ind_202_anc_4-3,0.011650,0.000258,0.000000,0.066392
Q_ind_203_anc_4-3,0.179527,0.177959,0.116505,0.251387
Q_ind_204_anc_4-3,0.022890,0.002746,0.000000,0.096284
Q_ind_205_anc_4-3,0.006802,0.000048,0.000000,0.049231
Q_ind_206_anc_4-3,0.001345,0.000002,0.000000,0.015012
Q_ind_207_anc_4-3,0.006379,0.000013,0.000000,0.054697
Q_ind_208_anc_4-3,0.088955,0.089805,0.000298,0.146579
Q_ind_209_anc_4-3,0.074821,0.079542,0.000000,0.158357
Q_ind_210_anc_4-3,0.079159,0.079518,0.016874,0.136897
Q_ind_211_anc_4-3,0.000819,0.000001,0.000000,0.008792
Q_ind_212_anc_4-3,0.003190,0.000009,0.000000,0.028222
Q_ind_213_anc_4-3,0.001579,0.000002,0.000000,0.016698
Q_ind_214_anc_4-3,0.000734,0.000001,0.000000,0.007983
Q_ind_215_anc_4-3,0.001564,0.000003,0.000000,0.017769
Q_ind_216_anc_4-3,0.000931,0.000001,0.000000,0.009313
Q_ind_217_anc_4-3,0.009057,0.000124,0.000000,0.055943
Q_ind_218_anc_4-3,0.094794,0.095270,0.047563,0.139482
Q_ind_219_anc_4-3,0.011835,0.001822,0.000000,0.057572
Q_ind_220_anc_4-3,0.021267,0.015216,0.000000,0.071856
Q_ind_221_anc_4-3,0.001514,0.000001,0.000000,0.015854
Q_ind_222_anc_4-3,0.038042,0.039638,0.000000,0.087401
Q_ind_1_anc_4-4,0.000499,0.000001,0.000000,0.005264
Q_ind_2_anc_4-4,0.001340,0.000002,0.000000,0.012918
Q_ind_3_anc_4-4,0.015955,0.001695,0.000000,0.064478
Q_ind_4_anc_4-4,0.000957,0.000001,0.000000,0.010414
Q_ind_5_anc_4-4,0.000258,0.000000,0.000000,0.002750
Q_ind_6_anc_4-4,0.000962,0.000001,0.000000,0.009871
Q_ind_7_anc_4-4,0.001181,0.000001,0.000000,0.012807
Q_ind_8_anc_4-4,0.001116,0.000002,0.000000,0.011371
Q_ind_9_anc_4-4,0.004068,0.000011,0.000000,0.039281
Q_ind_10_anc_4-4,0.001226,0.000001,0.000000,0.012904
Q_ind_11_anc_4-4,0.002818,0.000006,0.000000,0.026654
Q_ind_12_anc_4-4,0.001079,0.000001,0.000000,0.011635
Q_ind_13_anc_4-4,0.000509,0.000001,0.000000,0.005573
Q_ind_14_anc_4-4,0.001817,0.000005,0.000000,0.014983
Q_ind_15_anc_4-4,0.001277,0.000002,0.000000,0.012234
Q_ind_16_anc_4-4,0.000709,0.000001,0.000000,0.007497
Q_ind_17_anc_4-4,0.000819,0.000001,0.000000,0.008731
Q_ind_18_anc_4-4,0.001902,0.000013,0.000000,0.014736
Q_ind_19_anc_4-4,0.000783,0.000001,0.000000,0.007606
Q_ind_20_anc_4-4,0.000221,0.000000,0.000000,0.002202
Q_ind_21_anc_4-4,0.099299,0.098960,0.062838,0.139626
Q_ind_22_anc_4-4,0.150689,0.150403,0.113293,0.188523
Q_ind_23_anc_4-4,0.125892,0.125497,0.089146,0.165265
Q_ind_24_anc_4-4,0.044467,0.046080,0.000000,0.091858
Q_ind_25_anc_4-4,0.109496,0.108888,0.075060,0.147175
Q_ind_26_anc_4-4,0.171181,0.170864,0.135152,0.208681
Q_ind_27_anc_4-4,0.073182,0.072520,0.040720,0.108449
Q_ind_28_anc_4-4,0.110747,0.110504,0.073237,0.148912
Q_ind_29_anc_4-4,0.144406,0.143977,0.105944,0.184684
Q_ind_30_anc_4-4,0.118457,0.117900,0.085807,0.153305
Q_ind_31_anc_4-4,0.000591,0.000001,0.000000,0.006314
Q_ind_32_anc_4-4,0.001422,0.000002,0.000000,0.014299
Q_ind_33_anc_4-4,0.000411,0.000000,0.000000,0.004379
Q_ind_34_anc_4-4,0.000595,0.000001,0.000000,0.006219
Q_ind_35_anc_4-4,0.002609,0.000005,0.000000,0.023106
Q_ind_36_anc_4-4,0.000317,0.000000,0.000000,0.003223
Q_ind_37_anc_4-4,0.000872,0.000001,0.000000,0.009494
Q_ind_38_anc_4-4,0.001147,0.000002,0.000000,0.011175
Q_ind_39_anc_4-4,0.000258,0.000000,0.000000,0.002635
Q_ind_40_anc_4-4,0.001159,0.000001,0.000000,0.013241
Q_ind_41_anc_4-4,0.000656,0.000001,0.000000,0.007054
Q_ind_42_anc_4-4,0.000304,0.000000,0.000000,0.003176
Q_ind_43_anc_4-4,0.000287,0.000000,0.000000,0.003067
Q_ind_44_anc_4-4,0.000261,0.000000,0.000000,0.002682
Q_ind_45_anc_4-4,0.000179,0.000000,0.000000,0.001890
Q_ind_46_anc_4-4,0.000384,0.000000,0.000000,0.004241
Q_ind_47_anc_4-4,0.000363,0.000000,0.000000,0.003905
Q_ind_48_anc_4-4,0.000227,0.000000,0.000000,0.002444
Q_ind_49_anc_4-4,0.001341,0.000003,0.000000,0.015019
Q_ind_50_anc_4-4,0.000474,0.000000,0.000000,0.004807
Q_ind_51_anc_4-4,0.000476,0.000001,0.000000,0.005236
Q_ind_52_anc_4-4,0.000460,0.000000,0.000000,0.005082
Q_ind_53_anc_4-4,0.000608,0.000001,0.000000,0.006366
Q_ind_54_anc_4-4,0.000579,0.000001,0.000000,0.006351
Q_ind_55_anc_4-4,0.000425,0.000000,0.000000,0.004620
Q_ind_56_anc_4-4,0.000340,0.000000,0.000000,0.003713
Q_ind_57_anc_4-4,0.001683,0.000002,0.000000,0.017667
Q_ind_58_anc_4-4,0.000747,0.000001,0.000000,0.007987
Q_ind_59_anc_4-4,0.000571,0.000001,0.000000,0.006099
Q_ind_60_anc_4-4,0.000764,0.000001,0.000000,0.007987
Q_ind_61_anc_4-4,0.000909,0.000001,0.000000,0.009638
Q_ind_62_anc_4-4,0.000504,0.000001,0.000000,0.005425
Q_ind_63_anc_4-4,0.000466,0.000000,0.000000,0.004815
Q_ind_64_anc_4-4,0.003600,0.000074,0.000000,0.023259
Q_ind_65_anc_4-4,0.000968,0.000001,0.000000,0.010516
Q_ind_66_anc_4-4,0.002412,0.000005,0.000000,0.022285
Q_ind_67_anc_4-4,0.000409,0.000001,0.000000,0.004397
Q_ind_68_anc_4-4,0.000519,0.000001,0.000000,0.005243
Q_ind_69_anc_4-4,0.001624,0.000001,0.000000,0.017463
Q_ind_70_anc_4-4,0.080102,0.078809,0.041864,0.124972
Q_ind_71_anc_4-4,0.086430,0.086050,0.050286,0.125531
Q_ind_72_anc_4-4,0.083135,0.081613,0.028610,0.140410
Q_ind_73_anc_4-4,0.144236,0.144276,0.104306,0.182408
Q_ind_74_anc_4-4,0.109861,0.109474,0.074676,0.145741
Q_ind_75_anc_4-4,0.100171,0.098636,0.054680,0.150465
Q_ind_76_anc_4-4,0.146467,0.146098,0.108500,0.186164
Q_ind_77_anc_4-4,0.070412,0.069900,0.034534,0.109755
Q_ind_78_anc_4-4,0.129713,0.129153,0.084839,0.177153
Q_ind_79_anc_4-4,0.096722,0.096284,0.053055,0.142899
Q_ind_80_anc_4-4,0.123608,0.123711,0.088960,0.159698
Q_ind_81_anc_4-4,0.002309,0.000003,0.000000,0.023507
Q_ind_82_anc_4-4,0.012497,0.002040,0.000000,0.060260
Q_ind_83_anc_4-4,0.002237,0.000003,0.000000,0.024770
Q_ind_84_anc_4-4,0.007569,0.000254,0.000000,0.042537
Q_ind_85_anc_4-4,0.001807,0.000004,0.000000,0.019179
Q_ind_86_anc_4-4,0.003131,0.000007,0.000000,0.028514
Q_ind_87_anc_4-4,0.000892,0.000001,0.000000,0.009837
Q_ind_88_anc_4-4,0.035408,0.019055,0.000000,0.116069
Q_ind_89_anc_4-4,0.000292,0.000000,0.000000,0.002866
Q_ind_90_anc_4-4,0.000317,0.000000,0.000000,0.003373
Q_ind_91_anc_4-4,0.000203,0.000000,0.000000,0.002154
Q_ind_92_anc_4-4,0.000160,0.000000,0.000000,0.001725
Q_ind_93_anc_4-4,0.000143,0.000000,0.000000,0.001515
Q_ind_94_anc_4-4,0.000138,0.000000,0.000000,0.001430
Q_ind_95_anc_4-4,0.000161,0.000000,0.000000,0.001626
Q_ind_96_anc_4-4,0.000124,0.000000,0.000000,0.001228
Q_ind_97_anc_4-4,0.000215,0.000000,0.000000,0.002422
Q_ind_98_anc_4-4,0.001469,0.000002,0.000000,0.015927
Q_ind_99_anc_4-4,0.001093,0.000001,0.000000,0.012448
Q_ind_100_anc_4-4,0.030503,0.028662,0.000000,0.084242
Q_ind_101_anc_4-4,0.004103,0.000006,0.000000,0.044509
Q_ind_102_anc_4-4,0.005032,0.000020,0.000000,0.037648
Q_ind_103_anc_4-4,0.002378,0.000003,0.000000,0.022668
Q_ind_104_anc_4-4,0.000795,0.000001,0.000000,0.008331
Q_ind_105_anc_4-4,0.029068,0.005085,0.000000,0.134934
Q_ind_106_anc_4-4,0.098454,0.100953,0.000485,0.147920
Q_ind_107_anc_4-4,0.000588,0.000001,0.000000,0.006594
Q_ind_108_anc_4-4,0.000334,0.000000,0.000000,0.003546
Q_ind_109_anc_4-4,0.000258,0.000000,0.000000,0.002713
Q_ind_110_anc_4-4,0.000272,0.000000,0.000000,0.002820
Q_ind_111_anc_4-4,0.000212,0.000000,0.000000,0.002144
Q_ind_112_anc_4-4,0.000318,0.000000,0.000000,0.003587
Q_ind_113_anc_4-4,0.000206,0.000000,0.000000,0.002222
Q_ind_114_anc_4-4,0.000347,0.000000,0.000000,0.003839
Q_ind_115_anc_4-4,0.000525,0.000000,0.000000,0.005808
Q_ind_116_anc_4-4,0.145750,0.145526,0.104782,0.187786
Q_ind_117_anc_4-4,0.099315,0.099498,0.054415,0.142913
Q_ind_118_anc_4-4,0.080511,0.078938,0.039446,0.129846
Q_ind_119_anc_4-4,0.126242,0.126155,0.086747,0.164728
Q_ind_120_anc_4-4,0.135645,0.135545,0.092017,0.179502
Q_ind_121_anc_4-4,0.151352,0.151391,0.100924,0.200266
Q_ind_122_anc_4-4,0.000843,0.000001,0.000000,0.009101
Q_ind_123_anc_4-4,0.000271,0.000000,0.000000,0.002732
Q_ind_124_anc_4-4,0.138707,0.138694,0.093154,0.186320
Q_ind_125_anc_4-4,0.096120,0.095859,0.058753,0.134496
Q_ind_126_anc_4-4,0.155926,0.156542,0.115238,0.195969
Q_ind_127_anc_4-4,0.119075,0.118931,0.080064,0.158835
Q_ind_128_anc_4-4,0.092747,0.092706,0.058687,0.127551
Q_ind_129_anc_4-4,0.001115,0.000002,0.000000,0.011238
Q_ind_130_anc_4-4,0.071610,0.071300,0.043417,0.101683
Q_ind_131_anc_4-4,0.107649,0.108139,0.069045,0.145274
Q_ind_132_anc_4-4,0.127939,0.127950,0.089918,0.166607
Q_ind_133_anc_4-4,0.000209,0.000000,0.000000,0.002338
Q_ind_134_anc_4-4,0.085993,0.085569,0.050622,0.123101
Q_ind_135_anc_4-4,0.084250,0.083579,0.049618,0.124364
Q_ind_136_anc_4-4,0.031853,0.033206,0.000000,0.073565
Q_ind_137_anc_4-4,0.001299,0.000002,0.000000,0.014596
Q_ind_138_anc_4-4,0.009118,0.003566,0.000000,0.037311
Q_ind_139_anc_4-4,0.000645,0.000001,0.000000,0.006863
Q_ind_140_anc_4-4,0.008203,0.000522,0.000000,0.041727
Q_ind_141_anc_4-4,0.000902,0.000002,0.000000,0.009221
Q_ind_142_anc_4-4,0.001921,0.000004,0.000000,0.017429
Q_ind_143_anc_4-4,0.002656,0.000008,0.000000,0.021475
Q_ind_144_anc_4-4,0.008173,0.000232,0.000000,0.045765
Q_ind_145_anc_4-4,0.018507,0.010369,0.000000,0.068783
Q_ind_146_anc_4-4,0.019389,0.013616,0.000000,0.067870
Q_ind_147_anc_4-4,0.030950,0.030637,0.000000,0.078603
Q_ind_148_anc_4-4,0.002759,0.000008,0.000000,0.023346
Q_ind_149_anc_4-4,0.000372,0.000000,0.000000,0.003803
Q_ind_150_anc_4-4,0.150065,0.149866,0.111030,0.190451
Q_ind_151_anc_4-4,0.105092,0.105534,0.059600,0.148500
Q_ind_152_anc_4-4,0.155241,0.155030,0.112856,0.198718
Q_ind_153_anc_4-4,0.110900,0.110629,0.075582,0.145980
Q_ind_154_anc_4-4,0.097073,0.096828,0.061471,0.132581
Q_ind_155_anc_4-4,0.000702,0.000001,0.000000,0.007732
Q_ind_156_anc_4-4,0.002100,0.000003,0.000000,0.024540
Q_ind_157_anc_4-4,0.077596,0.077223,0.018269,0.141209
Q_ind_158_anc_4-4,0.124383,0.123256,0.078600,0.175315
Q_ind_159_anc_4-4,0.118490,0.117827,0.078256,0.162547
Q_ind_160_anc_4-4,0.153856,0.153557,0.111687,0.199701
Q_ind_161_anc_4-4,0.053918,0.056281,0.000000,0.106004
Q_ind_162_anc_4-4,0.087482,0.086842,0.039967,0.137337
Q_ind_163_anc_4-4,0.132363,0.131747,0.092102,0.176334
Q_ind_164_anc_4-4,0.009988,0.000216,0.000000,0.054451
Q_ind_165_anc_4-4,0.003035,0.000010,0.000000,0.025669
Q_ind_166_anc_4-4,0.008586,0.001828,0.000000,0.043941
Q_ind_167_anc_4-4,0.000568,0.000001,0.000000,0.005856
Q_ind_168_anc_4-4,0.049294,0.051382,0.000000,0.098531
Q_ind_169_anc_4-4,0.000907,0.000001,0.000000,0.010000
Q_ind_170_anc_4-4,0.008336,0.000328,0.000000,0.046938
Q_ind_171_anc_4-4,0.000377,0.000000,0.000000,0.003920
Q_ind_172_anc_4-4,0.000763,0.000001,0.000000,0.008070
Q_ind_173_anc_4-4,0.000131,0.000000,0.000000,0.001433
Q_ind_174_anc_4-4,0.000340,0.000000,0.000000,0.003458
Q_ind_175_anc_4-4,0.000246,0.000000,0.000000,0.002527
Q_ind_176_anc_4-4,0.000170,0.000000,0.000000,0.001760
Q_ind_177_anc_4-4,0.001328,0.000003,0.000000,0.013044
Q_ind_178_anc_4-4,0.000133,0.000000,0.000000,0.001495
Q_ind_179_anc_4-4,0.000476,0.000001,0.000000,0.005159
Q_ind_180_anc_4-4,0.006360,0.000026,0.000000,0.042246
Q_ind_181_anc_4-4,0.020311,0.018750,0.000000,0.059161
Q_ind_182_anc_4-4,0.002750,0.000005,0.000000,0.025404
Q_ind_183_anc_4-4,0.000888,0.000001,0.000000,0.009610
Q_ind_184_anc_4-4,0.024449,0.025306,0.000000,0.054101
Q_ind_185_anc_4-4,0.000254,0.000000,0.000000,0.002872
Q_ind_186_anc_4-4,0.000422,0.000001,0.000000,0.004459
Q_ind_187_anc_4-4,0.003265,0.000050,0.000000,0.021660
Q_ind_188_anc_4-4,0.002358,0.000007,0.000000,0.019605
Q_ind_189_anc_4-4,0.000183,0.000000,0.000000,0.001938
Q_ind_190_anc_4-4,0.009766,0.000750,0.000000,0.046131
Q_ind_191_anc_4-4,0.017083,0.013744,0.000000,0.052734
Q_ind_192_anc_4-4,0.003852,0.000011,0.000000,0.030637
Q_ind_193_anc_4-4,0.011569,0.002897,0.000000,0.046293
Q_ind_194_anc_4-4,0.003779,0.000028,0.000000,0.030536
Q_ind_195_anc_4-4,0.000384,0.000000,0.000000,0.003976
Q_ind_196_anc_4-4,0.042601,0.043113,0.000021,0.080770
Q_ind_197_anc_4-4,0.024931,0.023728,0.000000,0.070624
Q_ind_198_anc_4-4,0.001155,0.000001,0.000000,0.011856
Q_ind_199_anc_4-4,0.014155,0.004324,0.000000,0.056489
Q_ind_200_anc_4-4,0.000257,0.000000,0.000000,0.002869
Q_ind_201_anc_4-4,0.000159,0.000000,0.000000,0.001717
Q_ind_202_anc_4-4,0.002942,0.000011,0.000000,0.024084
Q_ind_203_anc_4-4,0.000395,0.000001,0.000000,0.003945
Q_ind_204_anc_4-4,0.005418,0.000036,0.000000,0.038010
Q_ind_205_anc_4-4,0.009659,0.003183,0.000000,0.039408
Q_ind_206_anc_4-4,0.001219,0.000002,0.000000,0.012166
Q_ind_207_anc_4-4,0.022391,0.022430,0.000000,0.054439
Q_ind_208_anc_4-4,0.000272,0.000000,0.000000,0.003116
Q_ind_209_anc_4-4,0.001641,0.000002,0.000000,0.017865
Q_ind_210_anc_4-4,0.001466,0.000002,0.000000,0.015306
Q_ind_211_anc_4-4,0.000428,0.000001,0.000000,0.004313
Q_ind_212_anc_4-4,0.000639,0.000001,0.000000,0.007073
Q_ind_213_anc_4-4,0.000588,0.000001,0.000000,0.006167
Q_ind_214_anc_4-4,0.000214,0.000000,0.000000,0.002127
Q_ind_215_anc_4-4,0.000343,0.000000,0.000000,0.003730
Q_ind_216_anc_4-4,0.000244,0.000000,0.000000,0.002595
Q_ind_217_anc_4-4,0.000534,0.000001,0.000000,0.005593
Q_ind_218_anc_4-4,0.001009,0.000004,0.000000,0.009154
Q_ind_219_anc_4-4,0.000517,0.000001,0.000000,0.005660
Q_ind_220_anc_4-4,0.000315,0.000001,0.000000,0.003191
Q_ind_221_anc_4-4,0.001624,0.000004,0.000000,0.014270
Q_ind_222_anc_4-4,0.000199,0.000000,0.000000,0.001971
Q_ind_1_anc_5-1,0.000990,0.000002,0.000000,0.009398
Q_ind_2_anc_5-1,0.000658,0.000001,0.000000,0.006292
Q_ind_3_anc_5-1,0.000420,0.000000,0.000000,0.004459
Q_ind_4_anc_5-1,0.000423,0.000000,0.000000,0.004616
Q_ind_5_anc_5-1,0.030335,0.030214,0.000000,0.072049
Q_ind_6_anc_5-1,0.000561,0.000001,0.000000,0.006041
Q_ind_7_anc_5-1,0.000331,0.000000,0.000000,0.003549
Q_ind_8_anc_5-1,0.000899,0.000001,0.000000,0.009448
Q_ind_9_anc_5-1,0.000529,0.000001,0.000000,0.005359
Q_ind_10_anc_5-1,0.000278,0.000000,0.000000,0.002901
Q_ind_11_anc_5-1,0.000640,0.000001,0.000000,0.006537
Q_ind_12_anc_5-1,0.000958,0.000001,0.000000,0.010581
Q_ind_13_anc_5-1,0.004366,0.000009,0.000000,0.034988
Q_ind_14_anc_5-1,0.010124,0.000072,0.000000,0.066985
Q_ind_15_anc_5-1,0.003639,0.000006,0.000000,0.038796
Q_ind_16_anc_5-1,0.001210,0.000002,0.000000,0.013049
Q_ind_17_anc_5-1,0.004733,0.000031,0.000000,0.037356
Q_ind_18_anc_5-1,0.002583,0.000007,0.000000,0.025020
Q_ind_19_anc_5-1,0.005244,0.000085,0.000000,0.035144
Q_ind_20_anc_5-1,0.112327,0.112289,0.067100,0.156889
Q_ind_21_anc_5-1,0.000642,0.000001,0.000000,0.007132
Q_ind_22_anc_5-1,0.000860,0.000002,0.000000,0.008741
Q_ind_23_anc_5-1,0.000618,0.000001,0.000000,0.006779
Q_ind_24_anc_5-1,0.005224,0.000021,0.000000,0.038485
Q_ind_25_anc_5-1,0.001022,0.000002,0.000000,0.010442
Q_ind_26_anc_5-1,0.000479,0.000001,0.000000,0.004728
Q_ind_27_anc_5-1,0.000669,0.000001,0.000000,0.007331
Q_ind_28_anc_5-1,0.000844,0.000001,0.000000,0.009321
Q_ind_29_anc_5-1,0.001662,0.000004,0.000000,0.014861
Q_ind_30_anc_5-1,0.000448,0.000000,0.000000,0.004630
Q_ind_31_anc_5-1,0.001117,0.000001,0.000000,0.011835
Q_ind_32_anc_5-1,0.000862,0.000001,0.000000,0.009861
Q_ind_33_anc_5-1,0.001286,0.000001,0.000000,0.014560
Q_ind_34_anc_5-1,0.001673,0.000001,0.000000,0.019695
Q_ind_35_anc_5-1,0.000874,0.000001,0.000000,0.009529
Q_ind_36_anc_5-1,0.000760,0.000001,0.000000,0.008805
Q_ind_37_anc_5-1,0.000927,0.000001,0.000000,0.009447
Q_ind_38_anc_5-1,0.000649,0.000001,0.000000,0.006589
Q_ind_39_anc_5-1,0.081886,0.082382,0.000204,0.139320
Q_ind_40_anc_5-1,0.015993,0.000492,0.000000,0.084830
Q_ind_41_anc_5-1,0.066309,0.068805,0.000000,0.116488
Q_ind_42_anc_5-1,0.000818,0.000001,0.000000,0.008199
Q_ind_43_anc_5-1,0.000814,0.000001,0.000000,0.008355
Q_ind_44_anc_5-1,0.000604,0.000000,0.000000,0.006766
Q_ind_45_anc_5-1,0.000327,0.000000,0.000000,0.003616
Q_ind_46_anc_5-1,0.001028,0.000001,0.000000,0.011176
Q_ind_47_anc_5-1,0.000369,0.000000,0.000000,0.003872
Q_ind_48_anc_5-1,0.000492,0.000001,0.000000,0.005283
Q_ind_49_anc_5-1,0.000802,0.000001,0.000000,0.007608
Q_ind_50_anc_5-1,0.000450,0.000001,0.000000,0.004936
Q_ind_51_anc_5-1,0.001013,0.000001,0.000000,0.011000
Q_ind_52_anc_5-1,0.000983,0.000002,0.000000,0.010201
Q_ind_53_anc_5-1,0.000798,0.000001,0.000000,0.009127
Q_ind_54_anc_5-1,0.000901,0.000001,0.000000,0.009175
Q_ind_55_anc_5-1,0.099705,0.100201,0.051333,0.145848
Q_ind_56_anc_5-1,0.000521,0.000001,0.000000,0.005671
Q_ind_57_anc_5-1,0.000620,0.000001,0.000000,0.006812
Q_ind_58_anc_5-1,0.000840,0.000001,0.000000,0.009163
Q_ind_59_anc_5-1,0.001934,0.000003,0.000000,0.018968
Q_ind_60_anc_5-1,0.001040,0.000001,0.000000,0.010846
Q_ind_61_anc_5-1,0.000666,0.000001,0.000000,0.006705
Q_ind_62_anc_5-1,0.005099,0.000020,0.000000,0.037829
Q_ind_63_anc_5-1,0.020873,0.009420,0.000000,0.072597
Q_ind_64_anc_5-1,0.000823,0.000001,0.000000,0.009077
Q_ind_65_anc_5-1,0.001783,0.000003,0.000000,0.017449
Q_ind_66_anc_5-1,0.001351,0.000004,0.000000,0.013393
Q_ind_67_anc_5-1,0.004664,0.000015,0.000000,0.036617
Q_ind_68_anc_5-1,0.027106,0.004505,0.000000,0.111484
Q_ind_69_anc_5-1,0.000473,0.000001,0.000000,0.005035
Q_ind_70_anc_5-1,0.000355,0.000000,0.000000,0.003780
Q_ind_71_anc_5-1,0.000342,0.000000,0.000000,0.003765
Q_ind_72_anc_5-1,0.001028,0.000002,0.000000,0.010404
Q_ind_73_anc_5-1,0.000413,0.000000,0.000000,0.004386
Q_ind_74_anc_5-1,0.000863,0.000001,0.000000,0.009454
Q_ind_75_anc_5-1,0.000554,0.000001,0.000000,0.005855
Q_ind_76_anc_5-1,0.000470,0.000000,0.000000,0.005057
Q_ind_77_anc_5-1,0.000489,0.000001,0.000000,0.005248
Q_ind_78_anc_5-1,0.001149,0.000002,0.000000,0.012176
Q_ind_79_anc_5-1,0.000420,0.000000,0.000000,0.004349
Q_ind_80_anc_5-1,0.000651,0.000001,0.000000,0.007268
Q_ind_81_anc_5-1,0.000730,0.000000,0.000000,0.008246
Q_ind_82_anc_5-1,0.000939,0.000001,0.000000,0.010662
Q_ind_83_anc_5-1,0.001430,0.000001,0.000000,0.016822
Q_ind_84_anc_5-1,0.000526,0.000001,0.000000,0.005354
Q_ind_85_anc_5-1,0.001935,0.000002,0.000000,0.020536
Q_ind_86_anc_5-1,0.000725,0.000001,0.000000,0.008004
Q_ind_87_anc_5-1,0.053965,0.060187,0.000000,0.119294
Q_ind_88_anc_5-1,0.002435,0.000004,0.000000,0.024490
Q_ind_89_anc_5-1,0.000372,0.000000,0.000000,0.003753
Q_ind_90_anc_5-1,0.000351,0.000000,0.000000,0.003484
Q_ind_91_anc_5-1,0.054198,0.054118,0.007338,0.098100
Q_ind_92_anc_5-1,0.216858,0.216347,0.173506,0.264046
Q_ind_93_anc_5-1,0.000231,0.000000,0.000000,0.002509
Q_ind_94_anc_5-1,0.000257,0.000000,0.000000,0.002797
Q_ind_95_anc_5-1,0.000299,0.000000,0.000000,0.003147
Q_ind_96_anc_5-1,0.000138,0.000000,0.000000,0.001417
Q_ind_97_anc_5-1,0.118533,0.118716,0.061389,0.170140
Q_ind_98_anc_5-1,0.001065,0.000001,0.000000,0.012285
Q_ind_99_anc_5-1,0.000562,0.000001,0.000000,0.005685
Q_ind_100_anc_5-1,0.001111,0.000002,0.000000,0.011080
Q_ind_101_anc_5-1,0.001313,0.000001,0.000000,0.014191
Q_ind_102_anc_5-1,0.001388,0.000003,0.000000,0.014064
Q_ind_103_anc_5-1,0.001676,0.000003,0.000000,0.017164
Q_ind_104_anc_5-1,0.037888,0.003309,0.000000,0.152388
Q_ind_105_anc_5-1,0.000944,0.000001,0.000000,0.010326
Q_ind_106_anc_5-1,0.002960,0.000006,0.000000,0.030165
Q_ind_107_anc_5-1,0.000382,0.000000,0.000000,0.004287
Q_ind_108_anc_5-1,0.000623,0.000001,0.000000,0.006818
Q_ind_109_anc_5-1,0.000365,0.000000,0.000000,0.004045
Q_ind_110_anc_5-1,0.000396,0.000001,0.000000,0.004209
Q_ind_111_anc_5-1,0.000410,0.000001,0.000000,0.004399
Q_ind_112_anc_5-1,0.000806,0.000001,0.000000,0.008491
Q_ind_113_anc_5-1,0.000377,0.000000,0.000000,0.003867
Q_ind_114_anc_5-1,0.000328,0.000000,0.000000,0.003492
Q_ind_115_anc_5-1,0.035586,0.024788,0.000000,0.102932
Q_ind_116_anc_5-1,0.000520,0.000001,0.000000,0.005390
Q_ind_117_anc_5-1,0.001663,0.000003,0.000000,0.016515
Q_ind_118_anc_5-1,0.001659,0.000002,0.000000,0.017233
Q_ind_119_anc_5-1,0.003284,0.000006,0.000000,0.030804
Q_ind_120_anc_5-1,0.001512,0.000005,0.000000,0.014655
Q_ind_121_anc_5-1,0.001722,0.000002,0.000000,0.018330
Q_ind_122_anc_5-1,0.035339,0.022295,0.000000,0.107629
Q_ind_123_anc_5-1,0.093146,0.093487,0.051043,0.134846
Q_ind_124_anc_5-1,0.000722,0.000001,0.000000,0.007541
Q_ind_125_anc_5-1,0.001049,0.000001,0.000000,0.011209
Q_ind_126_anc_5-1,0.000672,0.000001,0.000000,0.007427
Q_ind_127_anc_5-1,0.000766,0.000001,0.000000,0.008994
Q_ind_128_anc_5-1,0.002197,0.000007,0.000000,0.019038
Q_ind_129_anc_5-1,0.002764,0.000010,0.000000,0.023951
Q_ind_130_anc_5-1,0.003412,0.000011,0.000000,0.031126
Q_ind_131_anc_5-1,0.000673,0.000001,0.000000,0.006893
Q_ind_132_anc_5-1,0.001108,0.000002,0.000000,0.010271
Q_ind_133_anc_5-1,0.101214,0.101550,0.059098,0.141047
Q_ind_134_anc_5-1,0.001014,0.000001,0.000000,0.011509
Q_ind_135_anc_5-1,0.000668,0.000001,0.000000,0.007076
Q_ind_136_anc_5-1,0.000412,0.000000,0.000000,0.004280
Q_ind_137_anc_5-1,0.000940,0.000001,0.000000,0.009877
Q_ind_138_anc_5-1,0.000567,0.000001,0.000000,0.005797
Q_ind_139_anc_5-1,0.000319,0.000000,0.000000,0.003362
Q_ind_140_anc_5-1,0.000460,0.000001,0.000000,0.005011
Q_ind_141_anc_5-1,0.000551,0.000001,0.000000,0.005805
Q_ind_142_anc_5-1,0.000649,0.000001,0.000000,0.006961
Q_ind_143_anc_5-1,0.000352,0.000000,0.000000,0.003657
Q_ind_144_anc_5-1,0.000597,0.000001,0.000000,0.006411
Q_ind_145_anc_5-1,0.001848,0.000003,0.000000,0.019188
Q_ind_146_anc_5-1,0.000961,0.000001,0.000000,0.010040
Q_ind_147_anc_5-1,0.000494,0.000001,0.000000,0.005615
Q_ind_148_anc_5-1,0.032868,0.035866,0.000000,0.074504
Q_ind_149_anc_5-1,0.004865,0.000039,0.000000,0.034755
Q_ind_150_anc_5-1,0.000396,0.000000,0.000000,0.004184
Q_ind_151_anc_5-1,0.000705,0.000001,0.000000,0.007762
Q_ind_152_anc_5-1,0.000369,0.000000,0.000000,0.003851
Q_ind_153_anc_5-1,0.000553,0.000001,0.000000,0.005733
Q_ind_154_anc_5-1,0.000253,0.000000,0.000000,0.002811
Q_ind_155_anc_5-1,0.018142,0.003551,0.000000,0.080996
Q_ind_156_anc_5-1,0.033082,0.033735,0.000000,0.087582
Q_ind_157_anc_5-1,0.000484,0.000001,0.000000,0.005161
Q_ind_158_anc_5-1,0.000458,0.000000,0.000000,0.004800
Q_ind_159_anc_5-1,0.000650,0.000001,0.000000,0.006583
Q_ind_160_anc_5-1,0.000292,0.000000,0.000000,0.003095
Q_ind_161_anc_5-1,0.001695,0.000002,0.000000,0.017594
Q_ind_162_anc_5-1,0.000611,0.000001,0.000000,0.006548
Q_ind_163_anc_5-1,0.000333,0.000000,0.000000,0.003612
Q_ind_164_anc_5-1,0.003003,0.000008,0.000000,0.028381
Q_ind_165_anc_5-1,0.001173,0.000002,0.000000,0.011850
Q_ind_166_anc_5-1,0.000795,0.000001,0.000000,0.008391
Q_ind_167_anc_5-1,0.001910,0.000004,0.000000,0.017443
Q_ind_168_anc_5-1,0.000545,0.000001,0.000000,0.005635
Q_ind_169_anc_5-1,0.001953,0.000005,0.000000,0.016914
Q_ind_170_anc_5-1,0.000562,0.000001,0.000000,0.006438
Q_ind_171_anc_5-1,0.003351,0.000014,0.000000,0.026501
Q_ind_172_anc_5-1,0.000747,0.000001,0.000000,0.007874
Q_ind_173_anc_5-1,0.000250,0.000000,0.000000,0.002682
Q_ind_174_anc_5-1,0.000213,0.000000,0.000000,0.002270
Q_ind_175_anc_5-1,0.000412,0.000000,0.000000,0.004349
Q_ind_176_anc_5-1,0.000186,0.000000,0.000000,0.001839
Q_ind_177_anc_5-1,0.000381,0.000001,0.000000,0.004072
Q_ind_178_anc_5-1,0.077693,0.078173,0.028352,0.123886
Q_ind_179_anc_5-1,0.000268,0.000000,0.000000,0.002856
Q_ind_180_anc_5-1,0.001087,0.000001,0.000000,0.012546
Q_ind_181_anc_5-1,0.001365,0.000001,0.000000,0.015171
Q_ind_182_anc_5-1,0.000948,0.000001,0.000000,0.010211
Q_ind_183_anc_5-1,0.003954,0.000019,0.000000,0.032418
Q_ind_184_anc_5-1,0.000885,0.000001,0.000000,0.008874
Q_ind_185_anc_5-1,0.003829,0.000018,0.000000,0.033131
Q_ind_186_anc_5-1,0.000755,0.000001,0.000000,0.007750
Q_ind_187_anc_5-1,0.000819,0.000001,0.000000,0.008903
Q_ind_188_anc_5-1,0.000479,0.000000,0.000000,0.005206
Q_ind_189_anc_5-1,0.183934,0.190206,0.000134,0.253494
Q_ind_190_anc_5-1,0.020337,0.004707,0.000000,0.080555
Q_ind_191_anc_5-1,0.005681,0.000007,0.000000,0.065045
Q_ind_192_anc_5-1,0.001665,0.000005,0.000000,0.014918
Q_ind_193_anc_5-1,0.004087,0.000009,0.000000,0.042124
Q_ind_194_anc_5-1,0.003866,0.000014,0.000000,0.030711
Q_ind_195_anc_5-1,0.018380,0.004128,0.000000,0.074653
Q_ind_196_anc_5-1,0.003466,0.000004,0.000000,0.038680
Q_ind_197_anc_5-1,0.008477,0.000080,0.000000,0.059392
Q_ind_198_anc_5-1,0.000791,0.000001,0.000000,0.008238
Q_ind_199_anc_5-1,0.003271,0.000005,0.000000,0.032491
Q_ind_200_anc_5-1,0.062667,0.063901,0.000784,0.111757
Q_ind_201_anc_5-1,0.158862,0.161292,0.092164,0.219619
Q_ind_202_anc_5-1,0.002307,0.000004,0.000000,0.021530
Q_ind_203_anc_5-1,0.018596,0.001287,0.000000,0.080675
Q_ind_204_anc_5-1,0.002912,0.000005,0.000000,0.032227
Q_ind_205_anc_5-1,0.002054,0.000002,0.000000,0.025793
Q_ind_206_anc_5-1,0.009059,0.000042,0.000000,0.061692
Q_ind_207_anc_5-1,0.002544,0.000003,0.000000,0.030120
Q_ind_208_anc_5-1,0.087424,0.088516,0.023317,0.140184
Q_ind_209_anc_5-1,0.072222,0.073231,0.000000,0.184799
Q_ind_210_anc_5-1,0.003721,0.000010,0.000000,0.038983
Q_ind_211_anc_5-1,0.000404,0.000000,0.000000,0.004376
Q_ind_212_anc_5-1,0.002629,0.000006,0.000000,0.022808
Q_ind_213_anc_5-1,0.000384,0.000000,0.000000,0.004137
Q_ind_214_anc_5-1,0.000633,0.000001,0.000000,0.006765
Q_ind_215_anc_5-1,0.002514,0.000007,0.000000,0.022326
Q_ind_216_anc_5-1,0.000586,0.000001,0.000000,0.005853
Q_ind_217_anc_5-1,0.031519,0.031415,0.000000,0.083825
Q_ind_218_anc_5-1,0.000398,0.000000,0.000000,0.004508
Q_ind_219_anc_5-1,0.000573,0.000001,0.000000,0.005956
Q_ind_220_anc_5-1,0.001965,0.000002,0.000000,0.023724
Q_ind_221_anc_5-1,0.000519,0.000000,0.000000,0.005397
Q_ind_222_anc_5-1,0.005909,0.000044,0.000000,0.044446
Q_ind_1_anc_5-2,0.000810,0.000001,0.000000,0.008522
Q_ind_2_anc_5-2,0.000551,0.000000,0.000000,0.005775
Q_ind_3_anc_5-2,0.000441,0.000001,0.000000,0.004296
Q_ind_4_anc_5-2,0.000680,0.000001,0.000000,0.007222
Q_ind_5_anc_5-2,0.001449,0.000002,0.000000,0.014047
Q_ind_6_anc_5-2,0.000262,0.000000,0.000000,0.002705
Q_ind_7_anc_5-2,0.000651,0.000001,0.000000,0.007006
Q_ind_8_anc_5-2,0.000554,0.000001,0.000000,0.005953
Q_ind_9_anc_5-2,0.000301,0.000000,0.000000,0.003230
Q_ind_10_anc_5-2,0.000287,0.000000,0.000000,0.002971
Q_ind_11_anc_5-2,0.000579,0.000001,0.000000,0.005953
Q_ind_12_anc_5-2,0.000348,0.000000,0.000000,0.003576
Q_ind_13_anc_5-2,0.001638,0.000003,0.000000,0.017917
Q_ind_14_anc_5-2,0.002368,0.000003,0.000000,0.024796
Q_ind_15_anc_5-2,0.001560,0.000002,0.000000,0.017048
Q_ind_16_anc_5-2,0.001522,0.000002,0.000000,0.016977
Q_ind_17_anc_5-2,0.003535,0.000013,0.000000,0.029128
Q_ind_18_anc_5-2,0.002542,0.000003,0.000000,0.028560
Q_ind_19_anc_5-2,0.000966,0.000002,0.000000,0.010209
Q_ind_20_anc_5-2,0.001325,0.000002,0.000000,0.015453
Q_ind_21_anc_5-2,0.000484,0.000000,0.000000,0.005283
Q_ind_22_anc_5-2,0.000988,0.000001,0.000000,0.009588
Q_ind_23_anc_5-2,0.000583,0.000001,0.000000,0.005638
Q_ind_24_anc_5-2,0.001185,0.000002,0.000000,0.011506
Q_ind_25_anc_5-2,0.000673,0.000001,0.000000,0.007233
Q_ind_26_anc_5-2,0.000647,0.000001,0.000000,0.006730
Q_ind_27_anc_5-2,0.000852,0.000001,0.000000,0.009022
Q_ind_28_anc_5-2,0.001176,0.000001,0.000000,0.012633
Q_ind_29_anc_5-2,0.000775,0.000001,0.000000,0.007972
Q_ind_30_anc_5-2,0.000524,0.000000,0.000000,0.005471
Q_ind_31_anc_5-2,0.000987,0.000001,0.000000,0.011079
Q_ind_32_anc_5-2,0.000776,0.000001,0.000000,0.007709
Q_ind_33_anc_5-2,0.001227,0.000002,0.000000,0.011729
Q_ind_34_anc_5-2,0.001189,0.000002,0.000000,0.012644
Q_ind_35_anc_5-2,0.000934,0.000001,0.000000,0.010585
Q_ind_36_anc_5-2,0.001879,0.000006,0.000000,0.016550
Q_ind_37_anc_5-2,0.000844,0.000001,0.000000,0.009131
Q_ind_38_anc_5-2,0.000907,0.000001,0.000000,0.010295
Q_ind_39_anc_5-2,0.002918,0.000004,0.000000,0.032816
Q_ind_40_anc_5-2,0.018469,0.000083,0.000000,0.121483
Q_ind_41_anc_5-2,0.001651,0.000002,0.000000,0.017641
Q_ind_42_anc_5-2,0.000654,0.000001,0.000000,0.006650
Q_ind_43_anc_5-2,0.000584,0.000001,0.000000,0.006584
Q_ind_44_anc_5-2,0.000576,0.000000,0.000000,0.006066
Q_ind_45_anc_5-2,0.000401,0.000000,0.000000,0.004241
Q_ind_46_anc_5-2,0.000794,0.000001,0.000000,0.008697
Q_ind_47_anc_5-2,0.000327,0.000000,0.000000,0.003558
Q_ind_48_anc_5-2,0.000426,0.000000,0.000000,0.004398
Q_ind_49_anc_5-2,0.001465,0.000002,0.000000,0.014219
Q_ind_50_anc_5-2,0.000360,0.000000,0.000000,0.003626
Q_ind_51_anc_5-2,0.000492,0.000000,0.000000,0.005124
Q_ind_52_anc_5-2,0.000822,0.000001,0.000000,0.009018
Q_ind_53_anc_5-2,0.000622,0.000001,0.000000,0.006817
Q_ind_54_anc_5-2,0.000734,0.000001,0.000000,0.007158
Q_ind_55_anc_5-2,0.003188,0.000005,0.000000,0.033919
Q_ind_56_anc_5-2,0.000449,0.000001,0.000000,0.004619
Q_ind_57_anc_5-2,0.000746,0.000001,0.000000,0.007737
Q_ind_58_anc_5-2,0.000667,0.000001,0.000000,0.007436
Q_ind_59_anc_5-2,0.001129,0.000001,0.000000,0.012999
Q_ind_60_anc_5-2,0.001239,0.000002,0.000000,0.013019
Q_ind_61_anc_5-2,0.000685,0.000001,0.000000,0.007322
Q_ind_62_anc_5-2,0.012031,0.000056,0.000000,0.095360
Q_ind_63_anc_5-2,0.040735,0.041806,0.000000,0.103157
Q_ind_64_anc_5-2,0.000699,0.000001,0.000000,0.007137
Q_ind_65_anc_5-2,0.000712,0.000001,0.000000,0.007528
Q_ind_66_anc_5-2,0.001587,0.000003,0.000000,0.016683
Q_ind_67_anc_5-2,0.004551,0.000005,0.000000,0.051370
Q_ind_68_anc_5-2,0.060065,0.061589,0.000000,0.129745
Q_ind_69_anc_5-2,0.000449,0.000001,0.000000,0.004538
Q_ind_70_anc_5-2,0.000967,0.000001,0.000000,0.009237
Q_ind_71_anc_5-2,0.000426,0.000000,0.000000,0.004608
Q_ind_72_anc_5-2,0.001096,0.000001,0.000000,0.012281
Q_ind_73_anc_5-2,0.000464,0.000001,0.000000,0.004943
Q_ind_74_anc_5-2,0.000593,0.000000,0.000000,0.005964
Q_ind_75_anc_5-2,0.000478,0.000001,0.000000,0.004865
Q_ind_76_anc_5-2,0.000558,0.000001,0.000000,0.005801
Q_ind_77_anc_5-2,0.000448,0.000000,0.000000,0.004509
Q_ind_78_anc_5-2,0.000388,0.000000,0.000000,0.004038
Q_ind_79_anc_5-2,0.000764,0.000001,0.000000,0.007732
Q_ind_80_anc_5-2,0.000317,0.000000,0.000000,0.003466
Q_ind_81_anc_5-2,0.000811,0.000001,0.000000,0.009395
Q_ind_82_anc_5-2,0.000597,0.000001,0.000000,0.005548
Q_ind_83_anc_5-2,0.001230,0.000002,0.000000,0.013027
Q_ind_84_anc_5-2,0.000933,0.000001,0.000000,0.009999
Q_ind_85_anc_5-2,0.001437,0.000002,0.000000,0.013870
Q_ind_86_anc_5-2,0.000713,0.000001,0.000000,0.006742
Q_ind_87_anc_5-2,0.002554,0.000003,0.000000,0.027091
Q_ind_88_anc_5-2,0.001681,0.000003,0.000000,0.016390
Q_ind_89_anc_5-2,0.000371,0.000000,0.000000,0.003924
Q_ind_90_anc_5-2,0.000404,0.000000,0.000000,0.003920
Q_ind_91_anc_5-2,0.000854,0.000001,0.000000,0.009367
Q_ind_92_anc_5-2,0.000403,0.000000,0.000000,0.004142
Q_ind_93_anc_5-2,0.000174,0.000000,0.000000,0.001844
Q_ind_94_anc_5-2,0.000214,0.000000,0.000000,0.002345
Q_ind_95_anc_5-2,0.000284,0.000000,0.000000,0.002912
Q_ind_96_anc_5-2,0.000136,0.000000,0.000000,0.001480
Q_ind_97_anc_5-2,0.002383,0.000001,0.000000,0.028541
Q_ind_98_anc_5-2,0.000941,0.000001,0.000000,0.010329
Q_ind_99_anc_5-2,0.002357,0.000004,0.000000,0.024275
Q_ind_100_anc_5-2,0.003474,0.000004,0.000000,0.034006
Q_ind_101_anc_5-2,0.001559,0.000001,0.000000,0.016316
Q_ind_102_anc_5-2,0.001919,0.000004,0.000000,0.019345
Q_ind_103_anc_5-2,0.001416,0.000002,0.000000,0.013359
Q_ind_104_anc_5-2,0.070905,0.081276,0.000000,0.147604
Q_ind_105_anc_5-2,0.002642,0.000005,0.000000,0.025183
Q_ind_106_anc_5-2,0.003416,0.000004,0.000000,0.031807
Q_ind_107_anc_5-2,0.000483,0.000001,0.000000,0.005002
Q_ind_108_anc_5-2,0.000484,0.000001,0.000000,0.004882
Q_ind_109_anc_5-2,0.000449,0.000001,0.000000,0.004517
Q_ind_110_anc_5-2,0.000356,0.000000,0.000000,0.003807
Q_ind_111_anc_5-2,0.000271,0.000000,0.000000,0.003008
Q_ind_112_anc_5-2,0.000556,0.000001,0.000000,0.006024
Q_ind_113_anc_5-2,0.000221,0.000000,0.000000,0.002258
Q_ind_114_anc_5-2,0.000313,0.000000,0.000000,0.003319
Q_ind_115_anc_5-2,0.002237,0.000006,0.000000,0.021334
Q_ind_116_anc_5-2,0.000579,0.000001,0.000000,0.005989
Q_ind_117_anc_5-2,0.001046,0.000001,0.000000,0.011678
Q_ind_118_anc_5-2,0.000520,0.000000,0.000000,0.005782
Q_ind_119_anc_5-2,0.001098,0.000001,0.000000,0.011024
Q_ind_120_anc_5-2,0.000602,0.000001,0.000000,0.006749
Q_ind_121_anc_5-2,0.000521,0.000000,0.000000,0.005698
Q_ind_122_anc_5-2,0.004154,0.000018,0.000000,0.031773
Q_ind_123_anc_5-2,0.006704,0.000084,0.000000,0.043146
Q_ind_124_anc_5-2,0.000961,0.000001,0.000000,0.010824
Q_ind_125_anc_5-2,0.001085,0.000001,0.000000,0.011259
Q_ind_126_anc_5-2,0.001786,0.000002,0.000000,0.020278
Q_ind_127_anc_5-2,0.000900,0.000001,0.000000,0.008490
Q_ind_128_anc_5-2,0.000890,0.000001,0.000000,0.008876
Q_ind_129_anc_5-2,0.007159,0.000051,0.000000,0.057960
Q_ind_130_anc_5-2,0.001415,0.000001,0.000000,0.014781
Q_ind_131_anc_5-2,0.002334,0.000005,0.000000,0.025263
Q_ind_132_anc_5-2,0.001634,0.000003,0.000000,0.015918
Q_ind_133_anc_5-2,0.001170,0.000001,0.000000,0.013516
Q_ind_134_anc_5-2,0.001600,0.000003,0.000000,0.015584
Q_ind_135_anc_5-2,0.000972,0.000001,0.000000,0.010806
Q_ind_136_anc_5-2,0.000273,0.000000,0.000000,0.002818
Q_ind_137_anc_5-2,0.000539,0.000001,0.000000,0.005625
Q_ind_138_anc_5-2,0.000309,0.000000,0.000000,0.003305
Q_ind_139_anc_5-2,0.000266,0.000000,0.000000,0.002974
Q_ind_140_anc_5-2,0.000478,0.000001,0.000000,0.005341
Q_ind_141_anc_5-2,0.000383,0.000001,0.000000,0.003906
Q_ind_142_anc_5-2,0.000363,0.000000,0.000000,0.003771
Q_ind_143_anc_5-2,0.000230,0.000000,0.000000,0.002237
Q_ind_144_anc_5-2,0.000319,0.000000,0.000000,0.003412
Q_ind_145_anc_5-2,0.001668,0.000002,0.000000,0.016552
Q_ind_146_anc_5-2,0.001042,0.000001,0.000000,0.010275
Q_ind_147_anc_5-2,0.000913,0.000001,0.000000,0.009421
Q_ind_148_anc_5-2,0.009579,0.000029,0.000000,0.069022
Q_ind_149_anc_5-2,0.075963,0.075659,0.038289,0.115434
Q_ind_150_anc_5-2,0.000594,0.000001,0.000000,0.006208
Q_ind_151_anc_5-2,0.000716,0.000001,0.000000,0.007498
Q_ind_152_anc_5-2,0.000518,0.000001,0.000000,0.005252
Q_ind_153_anc_5-2,0.000506,0.000001,0.000000,0.005017
Q_ind_154_anc_5-2,0.000377,0.000001,0.000000,0.003983
Q_ind_155_anc_5-2,0.023627,0.005683,0.000000,0.100010
Q_ind_156_anc_5-2,0.011807,0.000254,0.000000,0.060705
Q_ind_157_anc_5-2,0.000366,0.000000,0.000000,0.003877
Q_ind_158_anc_5-2,0.000244,0.000000,0.000000,0.002578
Q_ind_159_anc_5-2,0.000318,0.000000,0.000000,0.003297
Q_ind_160_anc_5-2,0.000214,0.000000,0.000000,0.002345
Q_ind_161_anc_5-2,0.002153,0.000004,0.000000,0.022006
Q_ind_162_anc_5-2,0.000341,0.000000,0.000000,0.003668
Q_ind_163_anc_5-2,0.000252,0.000000,0.000000,0.002733
Q_ind_164_anc_5-2,0.002346,0.000004,0.000000,0.022923
Q_ind_165_anc_5-2,0.000780,0.000001,0.000000,0.008675
Q_ind_166_anc_5-2,0.001718,0.000003,0.000000,0.017477
Q_ind_167_anc_5-2,0.001102,0.000002,0.000000,0.011457
Q_ind_168_anc_5-2,0.001290,0.000001,0.000000,0.014164
Q_ind_169_anc_5-2,0.010930,0.000078,0.000000,0.075695
Q_ind_170_anc_5-2,0.001072,0.000001,0.000000,0.011287
Q_ind_171_anc_5-2,0.000832,0.000001,0.000000,0.008073
Q_ind_172_anc_5-2,0.000750,0.000001,0.000000,0.008213
Q_ind_173_anc_5-2,0.000273,0.000000,0.000000,0.002998
Q_ind_174_anc_5-2,0.000558,0.000001,0.000000,0.006146
Q_ind_175_anc_5-2,0.000356,0.000000,0.000000,0.003681
Q_ind_176_anc_5-2,0.000229,0.000000,0.000000,0.002420
Q_ind_177_anc_5-2,0.000737,0.000001,0.000000,0.008130
Q_ind_178_anc_5-2,0.071136,0.073265,0.000000,0.162835
Q_ind_179_anc_5-2,0.000464,0.000001,0.000000,0.004943
Q_ind_180_anc_5-2,0.000855,0.000001,0.000000,0.009673
Q_ind_181_anc_5-2,0.000514,0.000001,0.000000,0.005293
Q_ind_182_anc_5-2,0.001066,0.000001,0.000000,0.011949
Q_ind_183_anc_5-2,0.000724,0.000001,0.000000,0.006979
Q_ind_184_anc_5-2,0.000744,0.000001,0.000000,0.007716
Q_ind_185_anc_5-2,0.151253,0.151542,0.108962,0.192915
Q_ind_186_anc_5-2,0.001016,0.000001,0.000000,0.011091
Q_ind_187_anc_5-2,0.003411,0.000006,0.000000,0.030800
Q_ind_188_anc_5-2,0.000742,0.000001,0.000000,0.008010
Q_ind_189_anc_5-2,0.009618,0.000008,0.000000,0.149023
Q_ind_190_anc_5-2,0.001742,0.000002,0.000000,0.018355
Q_ind_191_anc_5-2,0.005621,0.000006,0.000000,0.057026
Q_ind_192_anc_5-2,0.002334,0.000005,0.000000,0.025368
Q_ind_193_anc_5-2,0.002867,0.000006,0.000000,0.027155
Q_ind_194_anc_5-2,0.001623,0.000002,0.000000,0.015336
Q_ind_195_anc_5-2,0.004090,0.000011,0.000000,0.040991
Q_ind_196_anc_5-2,0.014841,0.000233,0.000000,0.082707
Q_ind_197_anc_5-2,0.010588,0.000493,0.000000,0.054109
Q_ind_198_anc_5-2,0.009502,0.000021,0.000000,0.063418
Q_ind_199_anc_5-2,0.020917,0.001716,0.000000,0.089481
Q_ind_200_anc_5-2,0.105465,0.105958,0.034718,0.174882
Q_ind_201_anc_5-2,0.000942,0.000001,0.000000,0.010584
Q_ind_202_anc_5-2,0.001915,0.000003,0.000000,0.020471
Q_ind_203_anc_5-2,0.153897,0.154263,0.078726,0.236615
Q_ind_204_anc_5-2,0.003113,0.000006,0.000000,0.032097
Q_ind_205_anc_5-2,0.001649,0.000003,0.000000,0.016094
Q_ind_206_anc_5-2,0.017752,0.000157,0.000000,0.119579
Q_ind_207_anc_5-2,0.004288,0.000009,0.000000,0.040928
Q_ind_208_anc_5-2,0.075337,0.079014,0.000000,0.157000
Q_ind_209_anc_5-2,0.022558,0.000364,0.000000,0.134840
Q_ind_210_anc_5-2,0.001926,0.000003,0.000000,0.020329
Q_ind_211_anc_5-2,0.000340,0.000000,0.000000,0.003338
Q_ind_212_anc_5-2,0.000728,0.000001,0.000000,0.007893
Q_ind_213_anc_5-2,0.000324,0.000000,0.000000,0.003345
Q_ind_214_anc_5-2,0.000426,0.000000,0.000000,0.004627
Q_ind_215_anc_5-2,0.001163,0.000001,0.000000,0.012122
Q_ind_216_anc_5-2,0.000378,0.000000,0.000000,0.004023
Q_ind_217_anc_5-2,0.009250,0.000049,0.000000,0.059344
Q_ind_218_anc_5-2,0.000392,0.000000,0.000000,0.004218
Q_ind_219_anc_5-2,0.000801,0.000001,0.000000,0.008333
Q_ind_220_anc_5-2,0.047901,0.049847,0.000000,0.090024
Q_ind_221_anc_5-2,0.000326,0.000000,0.000000,0.003566
Q_ind_222_anc_5-2,0.008932,0.000160,0.000000,0.052819
Q_ind_1_anc_5-3,0.665208,0.665913,0.602166,0.723981
Q_ind_2_anc_5-3,0.670536,0.671995,0.589692,0.744786
Q_ind_3_anc_5-3,0.632109,0.629762,0.542867,0.729347
Q_ind_4_anc_5-3,0.622090,0.621537,0.550434,0.694587
Q_ind_5_anc_5-3,0.561861,0.562539,0.501336,0.618015
Q_ind_6_anc_5-3,0.581816,0.582724,0.504476,0.659491
Q_ind_7_anc_5-3,0.585764,0.585759,0.506560,0.665361
Q_ind_8_anc_5-3,0.626911,0.626137,0.558286,0.700475
Q_ind_9_anc_5-3,0.564028,0.564194,0.485532,0.644786
Q_ind_10_anc_5-3,0.648128,0.648242,0.575550,0.723545
Q_ind_11_anc_5-3,0.679393,0.678596,0.602884,0.760206
Q_ind_12_anc_5-3,0.656050,0.656149,0.586843,0.723859
Q_ind_13_anc_5-3,0.005512,0.000049,0.000000,0.040394
Q_ind_14_anc_5-3,0.021493,0.005772,0.000000,0.083145
Q_ind_15_anc_5-3,0.029460,0.027234,0.000000,0.085587
Q_ind_16_anc_5-3,0.029708,0.029188,0.000000,0.081488
Q_ind_17_anc_5-3,0.004831,0.000027,0.000000,0.037499
Q_ind_18_anc_5-3,0.013167,0.000264,0.000000,0.071757
Q_ind_19_anc_5-3,0.009170,0.000913,0.000000,0.045477
Q_ind_20_anc_5-3,0.005243,0.000020,0.000000,0.042577
Q_ind_21_anc_5-3,0.001187,0.000001,0.000000,0.013202
Q_ind_22_anc_5-3,0.002449,0.000005,0.000000,0.024645
Q_ind_23_anc_5-3,0.005451,0.000022,0.000000,0.039252
Q_ind_24_anc_5-3,0.054322,0.058415,0.000000,0.121349
Q_ind_25_anc_5-3,0.000969,0.000001,0.000000,0.010257
Q_ind_26_anc_5-3,0.002699,0.000008,0.000000,0.025225
Q_ind_27_anc_5-3,0.002657,0.000005,0.000000,0.026609
Q_ind_28_anc_5-3,0.003284,0.000007,0.000000,0.030570
Q_ind_29_anc_5-3,0.001600,0.000003,0.000000,0.015747
Q_ind_30_anc_5-3,0.004803,0.000013,0.000000,0.040636
Q_ind_31_anc_5-3,0.695828,0.696063,0.632502,0.756454
Q_ind_32_anc_5-3,0.583769,0.583231,0.498035,0.678727
Q_ind_33_anc_5-3,0.663218,0.662682,0.584933,0.743267
Q_ind_34_anc_5-3,0.692829,0.692960,0.600666,0.781437
Q_ind_35_anc_5-3,0.658128,0.659426,0.587386,0.723579
Q_ind_36_anc_5-3,0.767675,0.768323,0.712034,0.818040
Q_ind_37_anc_5-3,0.652014,0.651888,0.586781,0.719366
Q_ind_38_anc_5-3,0.744532,0.746257,0.678047,0.805999
Q_ind_39_anc_5-3,0.402466,0.403149,0.341322,0.460932
Q_ind_40_anc_5-3,0.626491,0.630467,0.489856,0.743937
Q_ind_41_anc_5-3,0.705734,0.705987,0.639868,0.768166
Q_ind_42_anc_5-3,0.001904,0.000004,0.000000,0.017590
Q_ind_43_anc_5-3,0.000536,0.000001,0.000000,0.005957
Q_ind_44_anc_5-3,0.000903,0.000001,0.000000,0.010558
Q_ind_45_anc_5-3,0.000558,0.000001,0.000000,0.006009
Q_ind_46_anc_5-3,0.001804,0.000005,0.000000,0.016502
Q_ind_47_anc_5-3,0.000567,0.000001,0.000000,0.006401
Q_ind_48_anc_5-3,0.000619,0.000001,0.000000,0.006251
Q_ind_49_anc_5-3,0.000705,0.000001,0.000000,0.007538
Q_ind_50_anc_5-3,0.000519,0.000001,0.000000,0.005339
Q_ind_51_anc_5-3,0.000877,0.000001,0.000000,0.009701
Q_ind_52_anc_5-3,0.001981,0.000003,0.000000,0.018405
Q_ind_53_anc_5-3,0.000950,0.000001,0.000000,0.009812
Q_ind_54_anc_5-3,0.000754,0.000001,0.000000,0.008262
Q_ind_55_anc_5-3,0.005092,0.000012,0.000000,0.044112
Q_ind_56_anc_5-3,0.001164,0.000002,0.000000,0.011567
Q_ind_57_anc_5-3,0.001422,0.000001,0.000000,0.016685
Q_ind_58_anc_5-3,0.000999,0.000001,0.000000,0.010585
Q_ind_59_anc_5-3,0.004258,0.000019,0.000000,0.032331
Q_ind_60_anc_5-3,0.004018,0.000015,0.000000,0.032240
Q_ind_61_anc_5-3,0.002288,0.000004,0.000000,0.021571
Q_ind_62_anc_5-3,0.101603,0.105080,0.015761,0.157509
Q_ind_63_anc_5-3,0.013208,0.000195,0.000000,0.076562
Q_ind_64_anc_5-3,0.001559,0.000003,0.000000,0.016739
Q_ind_65_anc_5-3,0.003866,0.000011,0.000000,0.033267
Q_ind_66_anc_5-3,0.003434,0.000013,0.000000,0.027726
Q_ind_67_anc_5-3,0.080824,0.083269,0.000002,0.134437
Q_ind_68_anc_5-3,0.015625,0.000175,0.000000,0.093042
Q_ind_69_anc_5-3,0.001128,0.000001,0.000000,0.011255
Q_ind_70_anc_5-3,0.016031,0.000381,0.000000,0.094404
Q_ind_71_anc_5-3,0.007962,0.000016,0.000000,0.070011
Q_ind_72_anc_5-3,0.060254,0.060114,0.000000,0.158887
Q_ind_73_anc_5-3,0.164485,0.164292,0.106056,0.222314
Q_ind_74_anc_5-3,0.141442,0.141145,0.085891,0.197348
Q_ind_75_anc_5-3,0.031687,0.005424,0.000000,0.136025
Q_ind_76_anc_5-3,0.135481,0.136110,0.073702,0.191381
Q_ind_77_anc_5-3,0.041037,0.025420,0.000000,0.138331
Q_ind_78_anc_5-3,0.057158,0.059295,0.000000,0.142578
Q_ind_79_anc_5-3,0.091332,0.101415,0.000000,0.199195
Q_ind_80_anc_5-3,0.152600,0.152548,0.091217,0.213674
Q_ind_81_anc_5-3,0.227913,0.226895,0.147268,0.317224
Q_ind_82_anc_5-3,0.293683,0.292141,0.214450,0.378386
Q_ind_83_anc_5-3,0.161430,0.165429,0.000930,0.272265
Q_ind_84_anc_5-3,0.236501,0.237113,0.157593,0.309412
Q_ind_85_anc_5-3,0.159209,0.159458,0.056090,0.251264
Q_ind_86_anc_5-3,0.301041,0.301414,0.223377,0.380427
Q_ind_87_anc_5-3,0.303200,0.300414,0.224457,0.391682
Q_ind_88_anc_5-3,0.348687,0.344033,0.235750,0.480112
Q_ind_89_anc_5-3,0.001039,0.000002,0.000000,0.010668
Q_ind_90_anc_5-3,0.000334,0.000000,0.000000,0.003859
Q_ind_91_anc_5-3,0.000715,0.000001,0.000000,0.007485
Q_ind_92_anc_5-3,0.001389,0.000002,0.000000,0.014989
Q_ind_93_anc_5-3,0.000330,0.000000,0.000000,0.003723
Q_ind_94_anc_5-3,0.000505,0.000000,0.000000,0.005189
Q_ind_95_anc_5-3,0.000442,0.000000,0.000000,0.004710
Q_ind_96_anc_5-3,0.000293,0.000000,0.000000,0.002915
Q_ind_97_anc_5-3,0.001170,0.000001,0.000000,0.011976
Q_ind_98_anc_5-3,0.001777,0.000006,0.000000,0.016035
Q_ind_99_anc_5-3,0.264471,0.263963,0.185949,0.342741
Q_ind_100_anc_5-3,0.308920,0.312689,0.218928,0.390000
Q_ind_101_anc_5-3,0.254247,0.252492,0.149530,0.372507
Q_ind_102_anc_5-3,0.217160,0.217787,0.147807,0.286727
Q_ind_103_anc_5-3,0.269378,0.269378,0.194823,0.341228
Q_ind_104_anc_5-3,0.228398,0.228120,0.154661,0.300288
Q_ind_105_anc_5-3,0.316778,0.320273,0.212481,0.407200
Q_ind_106_anc_5-3,0.226788,0.227047,0.128756,0.328088
Q_ind_107_anc_5-3,0.000856,0.000001,0.000000,0.008445
Q_ind_108_anc_5-3,0.001920,0.000003,0.000000,0.017104
Q_ind_109_anc_5-3,0.000906,0.000001,0.000000,0.010967
Q_ind_110_anc_5-3,0.000925,0.000002,0.000000,0.009743
Q_ind_111_anc_5-3,0.000832,0.000001,0.000000,0.008326
Q_ind_112_anc_5-3,0.001689,0.000002,0.000000,0.017487
Q_ind_113_anc_5-3,0.000513,0.000001,0.000000,0.005193
Q_ind_114_anc_5-3,0.000385,0.000000,0.000000,0.004315
Q_ind_115_anc_5-3,0.045060,0.049269,0.000000,0.114331
Q_ind_116_anc_5-3,0.155737,0.157441,0.079867,0.217754
Q_ind_117_anc_5-3,0.135073,0.137309,0.052862,0.206794
Q_ind_118_anc_5-3,0.019923,0.000426,0.000000,0.111207
Q_ind_119_anc_5-3,0.134722,0.133881,0.079796,0.192279
Q_ind_120_anc_5-3,0.057203,0.061253,0.000000,0.129620
Q_ind_121_anc_5-3,0.123327,0.126090,0.027523,0.191868
Q_ind_122_anc_5-3,0.169311,0.170593,0.104911,0.233210
Q_ind_123_anc_5-3,0.227606,0.228327,0.168037,0.285388
Q_ind_124_anc_5-3,0.004041,0.000013,0.000000,0.035383
Q_ind_125_anc_5-3,0.003083,0.000010,0.000000,0.028068
Q_ind_126_anc_5-3,0.010170,0.000135,0.000000,0.059632
Q_ind_127_anc_5-3,0.001501,0.000003,0.000000,0.015670
Q_ind_128_anc_5-3,0.005840,0.000046,0.000000,0.041431
Q_ind_129_anc_5-3,0.145038,0.146493,0.093120,0.190516
Q_ind_130_anc_5-3,0.060298,0.063451,0.000000,0.108209
Q_ind_131_anc_5-3,0.013589,0.001623,0.000000,0.060503
Q_ind_132_anc_5-3,0.002329,0.000003,0.000000,0.023802
Q_ind_133_anc_5-3,0.001389,0.000002,0.000000,0.013738
Q_ind_134_anc_5-3,0.052695,0.056170,0.000000,0.107188
Q_ind_135_anc_5-3,0.001942,0.000003,0.000000,0.020079
Q_ind_136_anc_5-3,0.645502,0.646397,0.550213,0.732408
Q_ind_137_anc_5-3,0.629980,0.629876,0.552849,0.707856
Q_ind_138_anc_5-3,0.710863,0.712278,0.622536,0.789123
Q_ind_139_anc_5-3,0.617679,0.618299,0.541858,0.689274
Q_ind_140_anc_5-3,0.624652,0.625138,0.542869,0.702826
Q_ind_141_anc_5-3,0.751009,0.750933,0.688170,0.818369
Q_ind_142_anc_5-3,0.596723,0.597635,0.521262,0.668512
Q_ind_143_anc_5-3,0.613717,0.614010,0.539385,0.689575
Q_ind_144_anc_5-3,0.602090,0.600944,0.521883,0.690395
Q_ind_145_anc_5-3,0.292271,0.291463,0.209415,0.379020
Q_ind_146_anc_5-3,0.363192,0.364814,0.286240,0.435906
Q_ind_147_anc_5-3,0.298581,0.297595,0.219094,0.381190
Q_ind_148_anc_5-3,0.004022,0.000014,0.000000,0.035874
Q_ind_149_anc_5-3,0.222091,0.222233,0.165178,0.277410
Q_ind_150_anc_5-3,0.000737,0.000001,0.000000,0.007714
Q_ind_151_anc_5-3,0.001559,0.000002,0.000000,0.017222
Q_ind_152_anc_5-3,0.000496,0.000001,0.000000,0.005704
Q_ind_153_anc_5-3,0.000621,0.000001,0.000000,0.006607
Q_ind_154_anc_5-3,0.000602,0.000001,0.000000,0.006435
Q_ind_155_anc_5-3,0.068273,0.074147,0.000000,0.141938
Q_ind_156_anc_5-3,0.329647,0.330570,0.254682,0.400162
Q_ind_157_anc_5-3,0.226668,0.226646,0.130254,0.320993
Q_ind_158_anc_5-3,0.252163,0.251432,0.162044,0.341592
Q_ind_159_anc_5-3,0.326113,0.325198,0.253388,0.401226
Q_ind_160_anc_5-3,0.143123,0.145551,0.040760,0.224040
Q_ind_161_anc_5-3,0.306775,0.310488,0.205853,0.388457
Q_ind_162_anc_5-3,0.268236,0.267508,0.175821,0.365282
Q_ind_163_anc_5-3,0.266884,0.266218,0.188555,0.350205
Q_ind_164_anc_5-3,0.285369,0.285207,0.214307,0.355368
Q_ind_165_anc_5-3,0.001274,0.000001,0.000000,0.013393
Q_ind_166_anc_5-3,0.001299,0.000001,0.000000,0.014797
Q_ind_167_anc_5-3,0.002575,0.000004,0.000000,0.024110
Q_ind_168_anc_5-3,0.002330,0.000003,0.000000,0.025461
Q_ind_169_anc_5-3,0.083748,0.085988,0.014589,0.141885
Q_ind_170_anc_5-3,0.001383,0.000002,0.000000,0.014324
Q_ind_171_anc_5-3,0.832564,0.833031,0.776615,0.881108
Q_ind_172_anc_5-3,0.685278,0.685995,0.614872,0.752458
Q_ind_173_anc_5-3,0.531762,0.531661,0.466215,0.600174
Q_ind_174_anc_5-3,0.742719,0.744196,0.674182,0.803438
Q_ind_175_anc_5-3,0.483515,0.482633,0.413776,0.557242
Q_ind_176_anc_5-3,0.466290,0.466189,0.400615,0.531317
Q_ind_177_anc_5-3,0.742105,0.742719,0.673473,0.806784
Q_ind_178_anc_5-3,0.301868,0.303167,0.225662,0.369249
Q_ind_179_anc_5-3,0.762968,0.763810,0.691708,0.825907
Q_ind_180_anc_5-3,0.605570,0.606697,0.513011,0.689339
Q_ind_181_anc_5-3,0.681479,0.681844,0.585355,0.772970
Q_ind_182_anc_5-3,0.557582,0.558492,0.467041,0.643186
Q_ind_183_anc_5-3,0.651251,0.651693,0.580923,0.722204
Q_ind_184_anc_5-3,0.605008,0.605984,0.522614,0.680543
Q_ind_185_anc_5-3,0.562975,0.563473,0.501654,0.622661
Q_ind_186_anc_5-3,0.663889,0.662399,0.592561,0.744477
Q_ind_187_anc_5-3,0.657761,0.658558,0.589060,0.720669
Q_ind_188_anc_5-3,0.564567,0.564189,0.482262,0.646007
Q_ind_189_anc_5-3,0.199297,0.199262,0.129563,0.267889
Q_ind_190_anc_5-3,0.024237,0.002702,0.000000,0.104224
Q_ind_191_anc_5-3,0.082718,0.090222,0.000000,0.147767
Q_ind_192_anc_5-3,0.141533,0.142331,0.082395,0.193135
Q_ind_193_anc_5-3,0.011125,0.000052,0.000000,0.073643
Q_ind_194_anc_5-3,0.007670,0.000026,0.000000,0.061572
Q_ind_195_anc_5-3,0.053330,0.057992,0.000000,0.111393
Q_ind_196_anc_5-3,0.085142,0.094909,0.000000,0.157284
Q_ind_197_anc_5-3,0.001889,0.000003,0.000000,0.018663
Q_ind_198_anc_5-3,0.152971,0.153627,0.085593,0.214870
Q_ind_199_anc_5-3,0.048005,0.041133,0.000000,0.140777
Q_ind_200_anc_5-3,0.451091,0.450643,0.387901,0.514263
Q_ind_201_anc_5-3,0.286164,0.286511,0.218102,0.353064
Q_ind_202_anc_5-3,0.352699,0.353328,0.260436,0.444725
Q_ind_203_anc_5-3,0.453875,0.453884,0.388774,0.518934
Q_ind_204_anc_5-3,0.389342,0.390193,0.300979,0.474463
Q_ind_205_anc_5-3,0.457510,0.457273,0.386703,0.524985
Q_ind_206_anc_5-3,0.394707,0.393804,0.308224,0.486373
Q_ind_207_anc_5-3,0.411156,0.411533,0.316432,0.502860
Q_ind_208_anc_5-3,0.556006,0.555929,0.488886,0.620154
Q_ind_209_anc_5-3,0.346467,0.345451,0.261243,0.438160
Q_ind_210_anc_5-3,0.369246,0.369825,0.295013,0.443064
Q_ind_211_anc_5-3,0.000299,0.000000,0.000000,0.003263
Q_ind_212_anc_5-3,0.003933,0.000027,0.000000,0.030280
Q_ind_213_anc_5-3,0.000423,0.000000,0.000000,0.004607
Q_ind_214_anc_5-3,0.000578,0.000001,0.000000,0.006097
Q_ind_215_anc_5-3,0.002912,0.000006,0.000000,0.026264
Q_ind_216_anc_5-3,0.000655,0.000001,0.000000,0.006735
Q_ind_217_anc_5-3,0.005638,0.000011,0.000000,0.049324
Q_ind_218_anc_5-3,0.001293,0.000001,0.000000,0.014001
Q_ind_219_anc_5-3,0.001851,0.000004,0.000000,0.017679
Q_ind_220_anc_5-3,0.002547,0.000003,0.000000,0.024577
Q_ind_221_anc_5-3,0.000475,0.000000,0.000000,0.005154
Q_ind_222_anc_5-3,0.005069,0.000016,0.000000,0.040524
Q_ind_1_anc_5-4,0.002325,0.000004,0.000000,0.022887
Q_ind_2_anc_5-4,0.002430,0.000003,0.000000,0.024214
Q_ind_3_anc_5-4,0.001515,0.000002,0.000000,0.014350
Q_ind_4_anc_5-4,0.000776,0.000001,0.000000,0.009104
Q_ind_5_anc_5-4,0.040092,0.040921,0.000000,0.100754
Q_ind_6_anc_5-4,0.001012,0.000001,0.000000,0.010602
Q_ind_7_anc_5-4,0.001309,0.000002,0.000000,0.014518
Q_ind_8_anc_5-4,0.000904,0.000001,0.000000,0.009100
Q_ind_9_anc_5-4,0.002999,0.000003,0.000000,0.030877
Q_ind_10_anc_5-4,0.000825,0.000001,0.000000,0.008624
Q_ind_11_anc_5-4,0.002558,0.000004,0.000000,0.028407
Q_ind_12_anc_5-4,0.000688,0.000001,0.000000,0.007454
Q_ind_13_anc_5-4,0.000538,0.000001,0.000000,0.005870
Q_ind_14_anc_5-4,0.001324,0.000001,0.000000,0.015572
Q_ind_15_anc_5-4,0.002032,0.000003,0.000000,0.021558
Q_ind_16_anc_5-4,0.000751,0.000001,0.000000,0.007320
Q_ind_17_anc_5-4,0.000871,0.000001,0.000000,0.009132
Q_ind_18_anc_5-4,0.001251,0.000002,0.000000,0.013449
Q_ind_19_anc_5-4,0.000783,0.000001,0.000000,0.008640
Q_ind_20_anc_5-4,0.000448,0.000000,0.000000,0.004564
Q_ind_21_anc_5-4,0.000557,0.000001,0.000000,0.005616
Q_ind_22_anc_5-4,0.000923,0.000001,0.000000,0.010997
Q_ind_23_anc_5-4,0.000984,0.000001,0.000000,0.010831
Q_ind_24_anc_5-4,0.007444,0.000021,0.000000,0.060431
Q_ind_25_anc_5-4,0.000597,0.000000,0.000000,0.006839
Q_ind_26_anc_5-4,0.001175,0.000001,0.000000,0.012383
Q_ind_27_anc_5-4,0.000760,0.000001,0.000000,0.007843
Q_ind_28_anc_5-4,0.001266,0.000001,0.000000,0.013480
Q_ind_29_anc_5-4,0.001355,0.000002,0.000000,0.015797
Q_ind_30_anc_5-4,0.000712,0.000001,0.000000,0.007466
Q_ind_31_anc_5-4,0.001003,0.000001,0.000000,0.011589
Q_ind_32_anc_5-4,0.002359,0.000004,0.000000,0.024233
Q_ind_33_anc_5-4,0.000885,0.000001,0.000000,0.009327
Q_ind_34_anc_5-4,0.000978,0.000001,0.000000,0.010733
Q_ind_35_anc_5-4,0.000803,0.000001,0.000000,0.008384
Q_ind_36_anc_5-4,0.000522,0.000001,0.000000,0.005310
Q_ind_37_anc_5-4,0.000628,0.000000,0.000000,0.006372
Q_ind_38_anc_5-4,0.000597,0.000000,0.000000,0.006509
Q_ind_39_anc_5-4,0.000606,0.000000,0.000000,0.005766
Q_ind_40_anc_5-4,0.035060,0.015841,0.000000,0.126148
Q_ind_41_anc_5-4,0.001941,0.000004,0.000000,0.019497
Q_ind_42_anc_5-4,0.000477,0.000000,0.000000,0.005356
Q_ind_43_anc_5-4,0.000368,0.000000,0.000000,0.003821
Q_ind_44_anc_5-4,0.000324,0.000000,0.000000,0.003224
Q_ind_45_anc_5-4,0.000218,0.000000,0.000000,0.002221
Q_ind_46_anc_5-4,0.000495,0.000000,0.000000,0.005357
Q_ind_47_anc_5-4,0.000281,0.000000,0.000000,0.003076
Q_ind_48_anc_5-4,0.000267,0.000000,0.000000,0.002809
Q_ind_49_anc_5-4,0.000689,0.000001,0.000000,0.008229
Q_ind_50_anc_5-4,0.000293,0.000000,0.000000,0.003058
Q_ind_51_anc_5-4,0.000440,0.000001,0.000000,0.004773
Q_ind_52_anc_5-4,0.000610,0.000001,0.000000,0.006243
Q_ind_53_anc_5-4,0.000574,0.000001,0.000000,0.006295
Q_ind_54_anc_5-4,0.000511,0.000001,0.000000,0.005040
Q_ind_55_anc_5-4,0.000777,0.000001,0.000000,0.008398
Q_ind_56_anc_5-4,0.000333,0.000000,0.000000,0.003468
Q_ind_57_anc_5-4,0.000734,0.000001,0.000000,0.007178
Q_ind_58_anc_5-4,0.000556,0.000000,0.000000,0.005737
Q_ind_59_anc_5-4,0.000546,0.000001,0.000000,0.006438
Q_ind_60_anc_5-4,0.000855,0.000001,0.000000,0.009194
Q_ind_61_anc_5-4,0.000745,0.000001,0.000000,0.007661
Q_ind_62_anc_5-4,0.001159,0.000002,0.000000,0.011368
Q_ind_63_anc_5-4,0.001041,0.000001,0.000000,0.011298
Q_ind_64_anc_5-4,0.000633,0.000001,0.000000,0.006445
Q_ind_65_anc_5-4,0.000699,0.000001,0.000000,0.007261
Q_ind_66_anc_5-4,0.002595,0.000007,0.000000,0.022542
Q_ind_67_anc_5-4,0.000549,0.000001,0.000000,0.005949
Q_ind_68_anc_5-4,0.001392,0.000002,0.000000,0.015317
Q_ind_69_anc_5-4,0.000296,0.000000,0.000000,0.003029
Q_ind_70_anc_5-4,0.002875,0.000005,0.000000,0.026707
Q_ind_71_anc_5-4,0.001106,0.000001,0.000000,0.012367
Q_ind_72_anc_5-4,0.032933,0.010069,0.000000,0.125121
Q_ind_73_anc_5-4,0.003568,0.000008,0.000000,0.034473
Q_ind_74_anc_5-4,0.001187,0.000001,0.000000,0.011737
Q_ind_75_anc_5-4,0.002346,0.000005,0.000000,0.025242
Q_ind_76_anc_5-4,0.001330,0.000002,0.000000,0.014550
Q_ind_77_anc_5-4,0.001539,0.000002,0.000000,0.017420
Q_ind_78_anc_5-4,0.003258,0.000003,0.000000,0.034535
Q_ind_79_anc_5-4,0.000942,0.000001,0.000000,0.009568
Q_ind_80_anc_5-4,0.000719,0.000001,0.000000,0.007004
Q_ind_81_anc_5-4,0.001165,0.000001,0.000000,0.011735
Q_ind_82_anc_5-4,0.000755,0.000001,0.000000,0.008299
Q_ind_83_anc_5-4,0.001974,0.000002,0.000000,0.021136
Q_ind_84_anc_5-4,0.000779,0.000001,0.000000,0.007546
Q_ind_85_anc_5-4,0.001649,0.000002,0.000000,0.017906
Q_ind_86_anc_5-4,0.000874,0.000001,0.000000,0.009872
Q_ind_87_anc_5-4,0.001662,0.000001,0.000000,0.017026
Q_ind_88_anc_5-4,0.003212,0.000004,0.000000,0.031600
Q_ind_89_anc_5-4,0.000414,0.000001,0.000000,0.004052
Q_ind_90_anc_5-4,0.000229,0.000000,0.000000,0.002401
Q_ind_91_anc_5-4,0.000337,0.000000,0.000000,0.003617
Q_ind_92_anc_5-4,0.000268,0.000000,0.000000,0.002722
Q_ind_93_anc_5-4,0.000168,0.000000,0.000000,0.001726
Q_ind_94_anc_5-4,0.000150,0.000000,0.000000,0.001673
Q_ind_95_anc_5-4,0.000165,0.000000,0.000000,0.001832
Q_ind_96_anc_5-4,0.000127,0.000000,0.000000,0.001319
Q_ind_97_anc_5-4,0.000380,0.000000,0.000000,0.004194
Q_ind_98_anc_5-4,0.001203,0.000002,0.000000,0.012254
Q_ind_99_anc_5-4,0.001309,0.000001,0.000000,0.014322
Q_ind_100_anc_5-4,0.005978,0.000016,0.000000,0.059435
Q_ind_101_anc_5-4,0.003320,0.000005,0.000000,0.037420
Q_ind_102_anc_5-4,0.002288,0.000004,0.000000,0.022797
Q_ind_103_anc_5-4,0.001604,0.000003,0.000000,0.016549
Q_ind_104_anc_5-4,0.001791,0.000003,0.000000,0.016636
Q_ind_105_anc_5-4,0.003901,0.000009,0.000000,0.041200
Q_ind_106_anc_5-4,0.001998,0.000002,0.000000,0.024518
Q_ind_107_anc_5-4,0.000327,0.000000,0.000000,0.003277
Q_ind_108_anc_5-4,0.000417,0.000000,0.000000,0.004310
Q_ind_109_anc_5-4,0.000272,0.000000,0.000000,0.002846
Q_ind_110_anc_5-4,0.000349,0.000000,0.000000,0.003600
Q_ind_111_anc_5-4,0.000227,0.000000,0.000000,0.002333
Q_ind_112_anc_5-4,0.000330,0.000001,0.000000,0.003436
Q_ind_113_anc_5-4,0.000231,0.000000,0.000000,0.002535
Q_ind_114_anc_5-4,0.000203,0.000000,0.000000,0.002217
Q_ind_115_anc_5-4,0.000760,0.000001,0.000000,0.007979
Q_ind_116_anc_5-4,0.001566,0.000002,0.000000,0.017929
Q_ind_117_anc_5-4,0.001754,0.000002,0.000000,0.017730
Q_ind_118_anc_5-4,0.003157,0.000006,0.000000,0.028352
Q_ind_119_anc_5-4,0.002209,0.000002,0.000000,0.027060
Q_ind_120_anc_5-4,0.001409,0.000002,0.000000,0.014709
Q_ind_121_anc_5-4,0.004011,0.000007,0.000000,0.036382
Q_ind_122_anc_5-4,0.022981,0.012213,0.000000,0.082195
Q_ind_123_anc_5-4,0.003037,0.000003,0.000000,0.030765
Q_ind_124_anc_5-4,0.001320,0.000002,0.000000,0.013951
Q_ind_125_anc_5-4,0.001892,0.000004,0.000000,0.017721
Q_ind_126_anc_5-4,0.001463,0.000002,0.000000,0.015387
Q_ind_127_anc_5-4,0.001575,0.000003,0.000000,0.016169
Q_ind_128_anc_5-4,0.001773,0.000003,0.000000,0.018339
Q_ind_129_anc_5-4,0.005886,0.000061,0.000000,0.039033
Q_ind_130_anc_5-4,0.000626,0.000001,0.000000,0.006758
Q_ind_131_anc_5-4,0.002182,0.000004,0.000000,0.021139
Q_ind_132_anc_5-4,0.001071,0.000001,0.000000,0.011574
Q_ind_133_anc_5-4,0.000390,0.000000,0.000000,0.004193
Q_ind_134_anc_5-4,0.001004,0.000001,0.000000,0.010272
Q_ind_135_anc_5-4,0.001231,0.000001,0.000000,0.012820
Q_ind_136_anc_5-4,0.000930,0.000001,0.000000,0.008257
Q_ind_137_anc_5-4,0.000830,0.000001,0.000000,0.008173
Q_ind_138_anc_5-4,0.002483,0.000005,0.000000,0.027264
Q_ind_139_anc_5-4,0.000619,0.000001,0.000000,0.007283
Q_ind_140_anc_5-4,0.003468,0.000004,0.000000,0.032359
Q_ind_141_anc_5-4,0.000796,0.000001,0.000000,0.008030
Q_ind_142_anc_5-4,0.000738,0.000001,0.000000,0.007526
Q_ind_143_anc_5-4,0.000974,0.000001,0.000000,0.009855
Q_ind_144_anc_5-4,0.001573,0.000001,0.000000,0.017834
Q_ind_145_anc_5-4,0.001779,0.000003,0.000000,0.018337
Q_ind_146_anc_5-4,0.001618,0.000002,0.000000,0.016961
Q_ind_147_anc_5-4,0.000788,0.000001,0.000000,0.008633
Q_ind_148_anc_5-4,0.002473,0.000004,0.000000,0.024646
Q_ind_149_anc_5-4,0.001286,0.000002,0.000000,0.012127
Q_ind_150_anc_5-4,0.000485,0.000001,0.000000,0.005508
Q_ind_151_anc_5-4,0.001016,0.000001,0.000000,0.011840
Q_ind_152_anc_5-4,0.000295,0.000000,0.000000,0.003113
Q_ind_153_anc_5-4,0.000589,0.000001,0.000000,0.005839
Q_ind_154_anc_5-4,0.000417,0.000000,0.000000,0.004684
Q_ind_155_anc_5-4,0.002443,0.000004,0.000000,0.025907
Q_ind_156_anc_5-4,0.010822,0.000088,0.000000,0.071181
Q_ind_157_anc_5-4,0.012670,0.000040,0.000000,0.107040
Q_ind_158_anc_5-4,0.001413,0.000003,0.000000,0.014534
Q_ind_159_anc_5-4,0.001105,0.000001,0.000000,0.012139
Q_ind_160_anc_5-4,0.000566,0.000001,0.000000,0.006024
Q_ind_161_anc_5-4,0.002453,0.000003,0.000000,0.027213
Q_ind_162_anc_5-4,0.003167,0.000003,0.000000,0.036988
Q_ind_163_anc_5-4,0.001943,0.000005,0.000000,0.019918
Q_ind_164_anc_5-4,0.046000,0.047280,0.000000,0.113645
Q_ind_165_anc_5-4,0.000866,0.000001,0.000000,0.008780
Q_ind_166_anc_5-4,0.001902,0.000004,0.000000,0.018568
Q_ind_167_anc_5-4,0.001423,0.000002,0.000000,0.015397
Q_ind_168_anc_5-4,0.002077,0.000003,0.000000,0.022597
Q_ind_169_anc_5-4,0.000834,0.000001,0.000000,0.009060
Q_ind_170_anc_5-4,0.003095,0.000008,0.000000,0.027950
Q_ind_171_anc_5-4,0.001126,0.000001,0.000000,0.011780
Q_ind_172_anc_5-4,0.001481,0.000002,0.000000,0.016063
Q_ind_173_anc_5-4,0.000181,0.000000,0.000000,0.001930
Q_ind_174_anc_5-4,0.000539,0.000001,0.000000,0.005280
Q_ind_175_anc_5-4,0.000358,0.000000,0.000000,0.004181
Q_ind_176_anc_5-4,0.000243,0.000000,0.000000,0.002722
Q_ind_177_anc_5-4,0.000753,0.000001,0.000000,0.008111
Q_ind_178_anc_5-4,0.000651,0.000001,0.000000,0.007086
Q_ind_179_anc_5-4,0.000550,0.000001,0.000000,0.005667
Q_ind_180_anc_5-4,0.008641,0.000041,0.000000,0.059146
Q_ind_181_anc_5-4,0.001459,0.000001,0.000000,0.014857
Q_ind_182_anc_5-4,0.002512,0.000003,0.000000,0.027207
Q_ind_183_anc_5-4,0.001271,0.000001,0.000000,0.014238
Q_ind_184_anc_5-4,0.001954,0.000002,0.000000,0.022737
Q_ind_185_anc_5-4,0.000984,0.000001,0.000000,0.010546
Q_ind_186_anc_5-4,0.000571,0.000001,0.000000,0.005712
Q_ind_187_anc_5-4,0.001140,0.000001,0.000000,0.012674
Q_ind_188_anc_5-4,0.001288,0.000002,0.000000,0.013995
Q_ind_189_anc_5-4,0.000481,0.000000,0.000000,0.005459
Q_ind_190_anc_5-4,0.018063,0.001693,0.000000,0.075437
Q_ind_191_anc_5-4,0.006419,0.000044,0.000000,0.043072
Q_ind_192_anc_5-4,0.003444,0.000008,0.000000,0.030362
Q_ind_193_anc_5-4,0.009707,0.000173,0.000000,0.059974
Q_ind_194_anc_5-4,0.005943,0.000011,0.000000,0.051926
Q_ind_195_anc_5-4,0.000700,0.000001,0.000000,0.007116
Q_ind_196_anc_5-4,0.001309,0.000002,0.000000,0.014559
Q_ind_197_anc_5-4,0.002178,0.000004,0.000000,0.019998
Q_ind_198_anc_5-4,0.000650,0.000001,0.000000,0.007215
Q_ind_199_anc_5-4,0.002251,0.000002,0.000000,0.025393
Q_ind_200_anc_5-4,0.000665,0.000001,0.000000,0.007547
Q_ind_201_anc_5-4,0.000407,0.000000,0.000000,0.004177
Q_ind_202_anc_5-4,0.002705,0.000003,0.000000,0.026929
Q_ind_203_anc_5-4,0.001054,0.000001,0.000000,0.011870
Q_ind_204_anc_5-4,0.002713,0.000005,0.000000,0.025972
Q_ind_205_anc_5-4,0.002240,0.000003,0.000000,0.023017
Q_ind_206_anc_5-4,0.000904,0.000001,0.000000,0.009878
Q_ind_207_anc_5-4,0.003491,0.000006,0.000000,0.037837
Q_ind_208_anc_5-4,0.001249,0.000001,0.000000,0.013672
Q_ind_209_anc_5-4,0.008182,0.000021,0.000000,0.068548
Q_ind_210_anc_5-4,0.001419,0.000002,0.000000,0.014129
Q_ind_211_anc_5-4,0.000252,0.000000,0.000000,0.002763
Q_ind_212_anc_5-4,0.000440,0.000001,0.000000,0.004612
Q_ind_213_anc_5-4,0.000311,0.000000,0.000000,0.003187
Q_ind_214_anc_5-4,0.000192,0.000000,0.000000,0.002066
Q_ind_215_anc_5-4,0.000638,0.000001,0.000000,0.006809
Q_ind_216_anc_5-4,0.000242,0.000000,0.000000,0.002553
Q_ind_217_anc_5-4,0.000808,0.000001,0.000000,0.008206
Q_ind_218_anc_5-4,0.000374,0.000000,0.000000,0.004029
Q_ind_219_anc_5-4,0.000632,0.000000,0.000000,0.006994
Q_ind_220_anc_5-4,0.001126,0.000001,0.000000,0.013339
Q_ind_221_anc_5-4,0.000421,0.000000,0.000000,0.004636
Q_ind_222_anc_5-4,0.000527,0.000001,0.000000,0.005443
Q_ind_1_anc_5-5,0.103268,0.102567,0.070572,0.138821
Q_ind_2_anc_5-5,0.123255,0.123179,0.079445,0.167485
Q_ind_3_anc_5-5,0.208806,0.209550,0.157648,0.258064
Q_ind_4_anc_5-5,0.223678,0.223915,0.181973,0.265308
Q_ind_5_anc_5-5,0.005767,0.000240,0.000000,0.033743
Q_ind_6_anc_5-5,0.222929,0.222673,0.173621,0.271067
Q_ind_7_anc_5-5,0.211739,0.211205,0.164073,0.260522
Q_ind_8_anc_5-5,0.196913,0.196582,0.157585,0.239026
Q_ind_9_anc_5-5,0.222415,0.222173,0.172778,0.273449
Q_ind_10_anc_5-5,0.199198,0.199055,0.156909,0.241543
Q_ind_11_anc_5-5,0.189081,0.188431,0.147920,0.233679
Q_ind_12_anc_5-5,0.185491,0.185116,0.146532,0.228421
Q_ind_13_anc_5-5,0.000510,0.000001,0.000000,0.005511
Q_ind_14_anc_5-5,0.002244,0.000006,0.000000,0.020467
Q_ind_15_anc_5-5,0.002840,0.000011,0.000000,0.020707
Q_ind_16_anc_5-5,0.002006,0.000009,0.000000,0.015931
Q_ind_17_anc_5-5,0.000761,0.000001,0.000000,0.008287
Q_ind_18_anc_5-5,0.000871,0.000001,0.000000,0.008683
Q_ind_19_anc_5-5,0.000359,0.000000,0.000000,0.003654
Q_ind_20_anc_5-5,0.000204,0.000000,0.000000,0.001914
Q_ind_21_anc_5-5,0.000549,0.000001,0.000000,0.005781
Q_ind_22_anc_5-5,0.001210,0.000002,0.000000,0.011895
Q_ind_23_anc_5-5,0.000862,0.000001,0.000000,0.008601
Q_ind_24_anc_5-5,0.004065,0.000013,0.000000,0.032347
Q_ind_25_anc_5-5,0.000663,0.000001,0.000000,0.006898
Q_ind_26_anc_5-5,0.000727,0.000001,0.000000,0.008135
Q_ind_27_anc_5-5,0.001223,0.000004,0.000000,0.010481
Q_ind_28_anc_5-5,0.002463,0.000025,0.000000,0.018398
Q_ind_29_anc_5-5,0.001186,0.000003,0.000000,0.010657
Q_ind_30_anc_5-5,0.000937,0.000001,0.000000,0.009815
Q_ind_31_anc_5-5,0.094305,0.093809,0.062381,0.127871
Q_ind_32_anc_5-5,0.109243,0.109892,0.057803,0.158749
Q_ind_33_anc_5-5,0.089344,0.088888,0.054050,0.127683
Q_ind_34_anc_5-5,0.122279,0.121942,0.077787,0.171464
Q_ind_35_anc_5-5,0.109705,0.109254,0.075673,0.147017
Q_ind_36_anc_5-5,0.099244,0.098856,0.067150,0.133871
Q_ind_37_anc_5-5,0.115017,0.114694,0.080315,0.150740
Q_ind_38_anc_5-5,0.075651,0.075202,0.046567,0.108359
Q_ind_39_anc_5-5,0.000279,0.000000,0.000000,0.002858
Q_ind_40_anc_5-5,0.048474,0.039453,0.000000,0.148051
Q_ind_41_anc_5-5,0.000770,0.000001,0.000000,0.008517
Q_ind_42_anc_5-5,0.000443,0.000001,0.000000,0.004463
Q_ind_43_anc_5-5,0.000380,0.000000,0.000000,0.004274
Q_ind_44_anc_5-5,0.000534,0.000000,0.000000,0.005746
Q_ind_45_anc_5-5,0.000249,0.000000,0.000000,0.002649
Q_ind_46_anc_5-5,0.000778,0.000001,0.000000,0.008124
Q_ind_47_anc_5-5,0.000340,0.000000,0.000000,0.003797
Q_ind_48_anc_5-5,0.000342,0.000000,0.000000,0.003883
Q_ind_49_anc_5-5,0.000481,0.000001,0.000000,0.004935
Q_ind_50_anc_5-5,0.000166,0.000000,0.000000,0.001673
Q_ind_51_anc_5-5,0.000418,0.000000,0.000000,0.004488
Q_ind_52_anc_5-5,0.000332,0.000001,0.000000,0.003494
Q_ind_53_anc_5-5,0.000297,0.000000,0.000000,0.003229
Q_ind_54_anc_5-5,0.000364,0.000000,0.000000,0.003908
Q_ind_55_anc_5-5,0.000293,0.000000,0.000000,0.003062
Q_ind_56_anc_5-5,0.000225,0.000000,0.000000,0.002290
Q_ind_57_anc_5-5,0.000542,0.000001,0.000000,0.005530
Q_ind_58_anc_5-5,0.000227,0.000000,0.000000,0.002517
Q_ind_59_anc_5-5,0.000347,0.000000,0.000000,0.003710
Q_ind_60_anc_5-5,0.000685,0.000002,0.000000,0.007208
Q_ind_61_anc_5-5,0.001138,0.000002,0.000000,0.010943
Q_ind_62_anc_5-5,0.000503,0.000001,0.000000,0.005203
Q_ind_63_anc_5-5,0.000402,0.000000,0.000000,0.004628
Q_ind_64_anc_5-5,0.000719,0.000001,0.000000,0.007334
Q_ind_65_anc_5-5,0.001645,0.000003,0.000000,0.014225
Q_ind_66_anc_5-5,0.002705,0.000021,0.000000,0.018631
Q_ind_67_anc_5-5,0.000511,0.000001,0.000000,0.005475
Q_ind_68_anc_5-5,0.000578,0.000001,0.000000,0.005688
Q_ind_69_anc_5-5,0.000378,0.000000,0.000000,0.004053
Q_ind_70_anc_5-5,0.079166,0.080344,0.036648,0.114709
Q_ind_71_anc_5-5,0.061108,0.061240,0.027169,0.093427
Q_ind_72_anc_5-5,0.020128,0.005434,0.000000,0.081858
Q_ind_73_anc_5-5,0.001769,0.000003,0.000000,0.018934
Q_ind_74_anc_5-5,0.000648,0.000001,0.000000,0.007007
Q_ind_75_anc_5-5,0.062033,0.066818,0.000000,0.104329
Q_ind_76_anc_5-5,0.002938,0.000003,0.000000,0.029133
Q_ind_77_anc_5-5,0.075029,0.075804,0.032801,0.114290
Q_ind_78_anc_5-5,0.046487,0.047669,0.000000,0.096040
Q_ind_79_anc_5-5,0.043381,0.041839,0.000000,0.094295
Q_ind_80_anc_5-5,0.001033,0.000001,0.000000,0.011318
Q_ind_81_anc_5-5,0.091976,0.091459,0.050039,0.135796
Q_ind_82_anc_5-5,0.085488,0.085006,0.045276,0.126931
Q_ind_83_anc_5-5,0.104917,0.102466,0.055588,0.170158
Q_ind_84_anc_5-5,0.085698,0.085368,0.049077,0.124573
Q_ind_85_anc_5-5,0.106656,0.105885,0.060088,0.156705
Q_ind_86_anc_5-5,0.067103,0.067178,0.029873,0.105995
Q_ind_87_anc_5-5,0.000821,0.000001,0.000000,0.008799
Q_ind_88_anc_5-5,0.047833,0.051371,0.000000,0.109481
Q_ind_89_anc_5-5,0.000517,0.000001,0.000000,0.005298
Q_ind_90_anc_5-5,0.000219,0.000000,0.000000,0.002320
Q_ind_91_anc_5-5,0.000142,0.000000,0.000000,0.001491
Q_ind_92_anc_5-5,0.000183,0.000000,0.000000,0.001892
Q_ind_93_anc_5-5,0.000147,0.000000,0.000000,0.001543
Q_ind_94_anc_5-5,0.000176,0.000000,0.000000,0.001885
Q_ind_95_anc_5-5,0.000241,0.000000,0.000000,0.002478
Q_ind_96_anc_5-5,0.000123,0.000000,0.000000,0.001383
Q_ind_97_anc_5-5,0.000135,0.000000,0.000000,0.001368
Q_ind_98_anc_5-5,0.000592,0.000001,0.000000,0.006055
Q_ind_99_anc_5-5,0.045402,0.044861,0.003820,0.084212
Q_ind_100_anc_5-5,0.017008,0.002155,0.000000,0.069974
Q_ind_101_anc_5-5,0.051079,0.053096,0.000000,0.105532
Q_ind_102_anc_5-5,0.078828,0.078599,0.043483,0.118299
Q_ind_103_anc_5-5,0.051450,0.050376,0.019492,0.088494
Q_ind_104_anc_5-5,0.000808,0.000001,0.000000,0.008185
Q_ind_105_anc_5-5,0.016931,0.002843,0.000000,0.076498
Q_ind_106_anc_5-5,0.051439,0.051543,0.000000,0.111425
Q_ind_107_anc_5-5,0.000547,0.000001,0.000000,0.005320
Q_ind_108_anc_5-5,0.000604,0.000001,0.000000,0.006123
Q_ind_109_anc_5-5,0.000315,0.000000,0.000000,0.003644
Q_ind_110_anc_5-5,0.000271,0.000000,0.000000,0.002932
Q_ind_111_anc_5-5,0.000282,0.000000,0.000000,0.002810
Q_ind_112_anc_5-5,0.000469,0.000001,0.000000,0.004858
Q_ind_113_anc_5-5,0.000356,0.000000,0.000000,0.003972
Q_ind_114_anc_5-5,0.000227,0.000000,0.000000,0.002452
Q_ind_115_anc_5-5,0.000328,0.000000,0.000000,0.003271
Q_ind_116_anc_5-5,0.004480,0.000011,0.000000,0.041294
Q_ind_117_anc_5-5,0.014101,0.003848,0.000000,0.059487
Q_ind_118_anc_5-5,0.042093,0.045303,0.000000,0.079483
Q_ind_119_anc_5-5,0.002781,0.000004,0.000000,0.027530
Q_ind_120_anc_5-5,0.011816,0.004302,0.000000,0.050342
Q_ind_121_anc_5-5,0.006577,0.000042,0.000000,0.049410
Q_ind_122_anc_5-5,0.000948,0.000001,0.000000,0.010004
Q_ind_123_anc_5-5,0.000175,0.000000,0.000000,0.001790
Q_ind_124_anc_5-5,0.001046,0.000002,0.000000,0.009807
Q_ind_125_anc_5-5,0.005443,0.000373,0.000000,0.027799
Q_ind_126_anc_5-5,0.006735,0.002663,0.000000,0.028132
Q_ind_127_anc_5-5,0.000520,0.000001,0.000000,0.005779
Q_ind_128_anc_5-5,0.000827,0.000001,0.000000,0.008520
Q_ind_129_anc_5-5,0.000421,0.000000,0.000000,0.004509
Q_ind_130_anc_5-5,0.000738,0.000001,0.000000,0.007388
Q_ind_131_anc_5-5,0.004715,0.000081,0.000000,0.028492
Q_ind_132_anc_5-5,0.005944,0.000488,0.000000,0.028853
Q_ind_133_anc_5-5,0.000123,0.000000,0.000000,0.001292
Q_ind_134_anc_5-5,0.006114,0.000299,0.000000,0.033685
Q_ind_135_anc_5-5,0.022242,0.022271,0.000016,0.043401
Q_ind_136_anc_5-5,0.213610,0.213215,0.159668,0.268802
Q_ind_137_anc_5-5,0.237911,0.237292,0.195390,0.283419
Q_ind_138_anc_5-5,0.184867,0.184493,0.134885,0.237609
Q_ind_139_anc_5-5,0.185508,0.184683,0.143434,0.231896
Q_ind_140_anc_5-5,0.223625,0.223706,0.172194,0.274311
Q_ind_141_anc_5-5,0.166849,0.167070,0.126835,0.207482
Q_ind_142_anc_5-5,0.226480,0.225546,0.182733,0.273841
Q_ind_143_anc_5-5,0.229326,0.229236,0.184242,0.275208
Q_ind_144_anc_5-5,0.224448,0.225380,0.170897,0.272114
Q_ind_145_anc_5-5,0.114695,0.114368,0.071198,0.162281
Q_ind_146_anc_5-5,0.064253,0.063823,0.028040,0.103987
Q_ind_147_anc_5-5,0.094065,0.094381,0.051874,0.138235
Q_ind_148_anc_5-5,0.001581,0.000004,0.000000,0.013881
Q_ind_149_anc_5-5,0.000189,0.000000,0.000000,0.002065
Q_ind_150_anc_5-5,0.000824,0.000001,0.000000,0.008499
Q_ind_151_anc_5-5,0.000996,0.000002,0.000000,0.009855
Q_ind_152_anc_5-5,0.000284,0.000000,0.000000,0.002893
Q_ind_153_anc_5-5,0.000339,0.000000,0.000000,0.003532
Q_ind_154_anc_5-5,0.000268,0.000000,0.000000,0.002737
Q_ind_155_anc_5-5,0.000310,0.000000,0.000000,0.002986
Q_ind_156_anc_5-5,0.016124,0.010973,0.000000,0.056183
Q_ind_157_anc_5-5,0.105707,0.105242,0.042124,0.168323
Q_ind_158_anc_5-5,0.049375,0.049235,0.002245,0.095896
Q_ind_159_anc_5-5,0.058266,0.058693,0.015462,0.097748
Q_ind_160_anc_5-5,0.136089,0.134518,0.092017,0.191415
Q_ind_161_anc_5-5,0.024554,0.018609,0.000000,0.081085
Q_ind_162_anc_5-5,0.049843,0.050333,0.000000,0.099830
Q_ind_163_anc_5-5,0.051156,0.050973,0.005968,0.094720
Q_ind_164_anc_5-5,0.028823,0.026736,0.000000,0.079656
Q_ind_165_anc_5-5,0.000860,0.000001,0.000000,0.008696
Q_ind_166_anc_5-5,0.002097,0.000007,0.000000,0.018816
Q_ind_167_anc_5-5,0.007017,0.004137,0.000000,0.027567
Q_ind_168_anc_5-5,0.013838,0.012268,0.000000,0.040897
Q_ind_169_anc_5-5,0.000982,0.000001,0.000000,0.011600
Q_ind_170_anc_5-5,0.006748,0.000942,0.000000,0.029774
Q_ind_171_anc_5-5,0.147791,0.147586,0.101439,0.195985
Q_ind_172_anc_5-5,0.235505,0.234878,0.189389,0.284277
Q_ind_173_anc_5-5,0.361314,0.360706,0.311198,0.415052
Q_ind_174_anc_5-5,0.222754,0.222271,0.178494,0.268811
Q_ind_175_anc_5-5,0.384801,0.384589,0.327706,0.441610
Q_ind_176_anc_5-5,0.391968,0.390550,0.342232,0.450300
Q_ind_177_anc_5-5,0.214281,0.213907,0.167863,0.262478
Q_ind_178_anc_5-5,0.000162,0.000000,0.000000,0.001740
Q_ind_179_anc_5-5,0.205338,0.204663,0.159176,0.254625
Q_ind_180_anc_5-5,0.189139,0.189590,0.134194,0.244168
Q_ind_181_anc_5-5,0.132717,0.132794,0.079263,0.187035
Q_ind_182_anc_5-5,0.213196,0.213449,0.161044,0.266095
Q_ind_183_anc_5-5,0.181815,0.181227,0.135681,0.228731
Q_ind_184_anc_5-5,0.178424,0.178074,0.129759,0.227499
Q_ind_185_anc_5-5,0.000374,0.000000,0.000000,0.003787
Q_ind_186_anc_5-5,0.160385,0.160233,0.122797,0.199705
Q_ind_187_anc_5-5,0.110991,0.110690,0.069346,0.155062
Q_ind_188_anc_5-5,0.194193,0.194461,0.149410,0.238636
Q_ind_189_anc_5-5,0.000188,0.000000,0.000000,0.002104
Q_ind_190_anc_5-5,0.009683,0.000346,0.000000,0.050553
Q_ind_191_anc_5-5,0.001326,0.000002,0.000000,0.013951
Q_ind_192_anc_5-5,0.001056,0.000001,0.000000,0.010501
Q_ind_193_anc_5-5,0.025041,0.026505,0.000000,0.056981
Q_ind_194_anc_5-5,0.030414,0.032030,0.000000,0.059030
Q_ind_195_anc_5-5,0.000343,0.000000,0.000000,0.003735
Q_ind_196_anc_5-5,0.000988,0.000001,0.000000,0.010041
Q_ind_197_anc_5-5,0.014683,0.013715,0.000000,0.039647
Q_ind_198_anc_5-5,0.000360,0.000000,0.000000,0.003632
Q_ind_199_anc_5-5,0.022084,0.020053,0.000000,0.058517
Q_ind_200_anc_5-5,0.000315,0.000000,0.000000,0.003296
Q_ind_201_anc_5-5,0.000172,0.000000,0.000000,0.001852
Q_ind_202_anc_5-5,0.187618,0.186654,0.134843,0.244396
Q_ind_203_anc_5-5,0.000644,0.000001,0.000000,0.006701
Q_ind_204_anc_5-5,0.143384,0.143013,0.091436,0.194907
Q_ind_205_anc_5-5,0.144393,0.143947,0.099843,0.192799
Q_ind_206_anc_5-5,0.157024,0.157166,0.096499,0.214658
Q_ind_207_anc_5-5,0.138924,0.138393,0.088786,0.192321
Q_ind_208_anc_5-5,0.000482,0.000000,0.000000,0.004962
Q_ind_209_anc_5-5,0.041140,0.041948,0.000000,0.087808
Q_ind_210_anc_5-5,0.170426,0.169929,0.127202,0.216429
Q_ind_211_anc_5-5,0.000284,0.000000,0.000000,0.003065
Q_ind_212_anc_5-5,0.000431,0.000000,0.000000,0.004613
Q_ind_213_anc_5-5,0.000276,0.000000,0.000000,0.003083
Q_ind_214_anc_5-5,0.000293,0.000000,0.000000,0.003366
Q_ind_215_anc_5-5,0.000447,0.000001,0.000000,0.004380
Q_ind_216_anc_5-5,0.000215,0.000000,0.000000,0.002230
Q_ind_217_anc_5-5,0.000483,0.000000,0.000000,0.004896
Q_ind_218_anc_5-5,0.000306,0.000000,0.000000,0.003072
Q_ind_219_anc_5-5,0.000521,0.000001,0.000000,0.005446
Q_ind_220_anc_5-5,0.000253,0.000000,0.000000,0.002594
Q_ind_221_anc_5-5,0.000286,0.000000,0.000000,0.002874
Q_ind_222_anc_5-5,0.000269,0.000000,0.000000,0.002795
