param,mean,median,ci_0.950_LB,ci_0.950_UB
Q_ind_1_anc_1-1,0.000074,0.000000,0.000000,0.000761
Q_ind_2_anc_1-1,0.000328,0.000000,0.000000,0.003200
Q_ind_3_anc_1-1,0.000437,0.000000,0.000000,0.005464
Q_ind_4_anc_1-1,0.000269,0.000000,0.000000,0.002713
Q_ind_5_anc_1-1,0.000057,0.000000,0.000000,0.000638
Q_ind_6_anc_1-1,0.000184,0.000000,0.000000,0.001961
Q_ind_7_anc_1-1,0.000202,0.000000,0.000000,0.002127
Q_ind_8_anc_1-1,0.000079,0.000000,0.000000,0.000787
Q_ind_9_anc_1-1,0.000171,0.000000,0.000000,0.001791
Q_ind_10_anc_1-1,0.000119,0.000000,0.000000,0.001226
Q_ind_11_anc_1-1,0.000393,0.000000,0.000000,0.005463
Q_ind_12_anc_1-1,0.000108,0.000000,0.000000,0.001112
Q_ind_13_anc_1-1,0.000151,0.000000,0.000000,0.001628
Q_ind_14_anc_1-1,0.005213,0.000000,0.000000,0.043393
Q_ind_15_anc_1-1,0.000563,0.000000,0.000000,0.007263
Q_ind_16_anc_1-1,0.000180,0.000000,0.000000,0.002099
Q_ind_17_anc_1-1,0.000187,0.000000,0.000000,0.002284
Q_ind_18_anc_1-1,0.000732,0.000000,0.000000,0.010664
Q_ind_19_anc_1-1,0.000151,0.000000,0.000000,0.001377
Q_ind_20_anc_1-1,0.000046,0.000000,0.000000,0.000462
Q_ind_21_anc_1-1,0.000075,0.000000,0.000000,0.000723
Q_ind_22_anc_1-1,0.000108,0.000000,0.000000,0.000999
Q_ind_23_anc_1-1,0.000152,0.000000,0.000000,0.001263
Q_ind_24_anc_1-1,0.000108,0.000000,0.000000,0.000976
Q_ind_25_anc_1-1,0.000162,0.000000,0.000000,0.001230
Q_ind_26_anc_1-1,0.000262,0.000000,0.000000,0.003133
Q_ind_27_anc_1-1,0.000073,0.000000,0.000000,0.000657
Q_ind_28_anc_1-1,0.000096,0.000000,0.000000,0.001053
Q_ind_29_anc_1-1,0.000117,0.000000,0.000000,0.001060
Q_ind_30_anc_1-1,0.000153,0.000000,0.000000,0.001617
Q_ind_31_anc_1-1,0.000060,0.000000,0.000000,0.000587
Q_ind_32_anc_1-1,0.000130,0.000000,0.000000,0.001617
Q_ind_33_anc_1-1,0.000061,0.000000,0.000000,0.000648
Q_ind_34_anc_1-1,0.000057,0.000000,0.000000,0.000537
Q_ind_35_anc_1-1,0.000063,0.000000,0.000000,0.000570
Q_ind_36_anc_1-1,0.000041,0.000000,0.000000,0.000382
Q_ind_37_anc_1-1,0.000053,0.000000,0.000000,0.000469
Q_ind_38_anc_1-1,0.000047,0.000000,0.000000,0.000526
Q_ind_39_anc_1-1,0.000030,0.000000,0.000000,0.000283
Q_ind_40_anc_1-1,0.000143,0.000000,0.000000,0.001463
Q_ind_41_anc_1-1,0.000047,0.000000,0.000000,0.000430
Q_ind_42_anc_1-1,0.000548,0.000000,0.000000,0.008115
Q_ind_43_anc_1-1,0.000103,0.000000,0.000000,0.001137
Q_ind_44_anc_1-1,0.000730,0.000000,0.000000,0.005298
Q_ind_45_anc_1-1,0.000335,0.000000,0.000000,0.004872
Q_ind_46_anc_1-1,0.000136,0.000000,0.000000,0.001185
Q_ind_47_anc_1-1,0.000194,0.000000,0.000000,0.002181
Q_ind_48_anc_1-1,0.000203,0.000000,0.000000,0.002293
Q_ind_49_anc_1-1,0.000621,0.000000,0.000000,0.008441
Q_ind_50_anc_1-1,0.000118,0.000000,0.000000,0.000963
Q_ind_51_anc_1-1,0.000153,0.000000,0.000000,0.001555
Q_ind_52_anc_1-1,0.000430,0.000000,0.000000,0.005667
Q_ind_53_anc_1-1,0.001255,0.000000,0.000000,0.016941
Q_ind_54_anc_1-1,0.000526,0.000000,0.000000,0.008200
Q_ind_55_anc_1-1,0.000292,0.000000,0.000000,0.003767
Q_ind_56_anc_1-1,0.000297,0.000000,0.000000,0.001812
Q_ind_57_anc_1-1,0.000059,0.000000,0.000000,0.000537
Q_ind_58_anc_1-1,0.000105,0.000000,0.000000,0.001051
Q_ind_59_anc_1-1,0.004063,0.000000,0.000000,0.044192
Q_ind_60_anc_1-1,0.000175,0.000000,0.000000,0.002039
Q_ind_61_anc_1-1,0.001765,0.000000,0.000000,0.029916
Q_ind_62_anc_1-1,0.001736,0.000000,0.000000,0.022341
Q_ind_63_anc_1-1,0.000275,0.000000,0.000000,0.003945
Q_ind_64_anc_1-1,0.000638,0.000000,0.000000,0.007778
Q_ind_65_anc_1-1,0.000701,0.000000,0.000000,0.008004
Q_ind_66_anc_1-1,0.000045,0.000000,0.000000,0.000464
Q_ind_67_anc_1-1,0.000113,0.000000,0.000000,0.001188
Q_ind_68_anc_1-1,0.000107,0.000000,0.000000,0.001089
Q_ind_69_anc_1-1,0.000087,0.000000,0.000000,0.000997
Q_ind_70_anc_1-1,0.000036,0.000000,0.000000,0.000291
Q_ind_71_anc_1-1,0.000297,0.000000,0.000000,0.003520
Q_ind_72_anc_1-1,0.000246,0.000000,0.000000,0.002777
Q_ind_73_anc_1-1,0.000262,0.000000,0.000000,0.003487
Q_ind_74_anc_1-1,0.000066,0.000000,0.000000,0.000677
Q_ind_75_anc_1-1,0.000092,0.000000,0.000000,0.001040
Q_ind_76_anc_1-1,0.000454,0.000000,0.000000,0.006502
Q_ind_77_anc_1-1,0.000084,0.000000,0.000000,0.000880
Q_ind_78_anc_1-1,0.000094,0.000000,0.000000,0.001008
Q_ind_79_anc_1-1,0.000069,0.000000,0.000000,0.000789
Q_ind_80_anc_1-1,0.000105,0.000000,0.000000,0.001168
Q_ind_81_anc_1-1,0.000183,0.000000,0.000000,0.001769
Q_ind_82_anc_1-1,0.000096,0.000000,0.000000,0.000747
Q_ind_83_anc_1-1,0.000069,0.000000,0.000000,0.000886
Q_ind_84_anc_1-1,0.000067,0.000000,0.000000,0.000688
Q_ind_85_anc_1-1,0.000217,0.000000,0.000000,0.002546
Q_ind_86_anc_1-1,0.000084,0.000000,0.000000,0.000937
Q_ind_87_anc_1-1,0.000075,0.000000,0.000000,0.000612
Q_ind_88_anc_1-1,0.006568,0.000000,0.000000,0.076989
Q_ind_89_anc_1-1,0.019108,0.001424,0.000000,0.090191
Q_ind_90_anc_1-1,0.012911,0.000000,0.000000,0.074529
Q_ind_91_anc_1-1,0.010030,0.000000,0.000000,0.058772
Q_ind_92_anc_1-1,0.003029,0.000000,0.000000,0.033208
Q_ind_93_anc_1-1,0.010223,0.000000,0.000000,0.087666
Q_ind_94_anc_1-1,0.000103,0.000000,0.000000,0.001083
Q_ind_95_anc_1-1,0.010287,0.000000,0.000000,0.081238
Q_ind_96_anc_1-1,0.000123,0.000000,0.000000,0.001276
Q_ind_97_anc_1-1,0.000272,0.000000,0.000000,0.003356
Q_ind_98_anc_1-1,0.000035,0.000000,0.000000,0.000357
Q_ind_99_anc_1-1,0.000032,0.000000,0.000000,0.000342
Q_ind_100_anc_1-1,0.000206,0.000000,0.000000,0.002201
Q_ind_101_anc_1-1,0.000106,0.000000,0.000000,0.000968
Q_ind_102_anc_1-1,0.000082,0.000000,0.000000,0.000622
Q_ind_103_anc_1-1,0.000339,0.000000,0.000000,0.004637
Q_ind_104_anc_1-1,0.000274,0.000000,0.000000,0.003694
Q_ind_105_anc_1-1,0.000029,0.000000,0.000000,0.000285
Q_ind_106_anc_1-1,0.000211,0.000000,0.000000,0.002718
Q_ind_107_anc_1-1,0.000298,0.000000,0.000000,0.003581
Q_ind_108_anc_1-1,0.000280,0.000000,0.000000,0.003625
Q_ind_109_anc_1-1,0.000773,0.000000,0.000000,0.011302
Q_ind_110_anc_1-1,0.000186,0.000000,0.000000,0.001525
Q_ind_111_anc_1-1,0.000098,0.000000,0.000000,0.001041
Q_ind_112_anc_1-1,0.000071,0.000000,0.000000,0.000863
Q_ind_113_anc_1-1,0.003034,0.000000,0.000000,0.043652
Q_ind_114_anc_1-1,0.000477,0.000000,0.000000,0.005656
Q_ind_115_anc_1-1,0.000508,0.000000,0.000000,0.006932
Q_ind_116_anc_1-1,0.000646,0.000000,0.000000,0.007829
Q_ind_117_anc_1-1,0.002747,0.000000,0.000000,0.026344
Q_ind_118_anc_1-1,0.000210,0.000000,0.000000,0.002508
Q_ind_119_anc_1-1,0.000266,0.000000,0.000000,0.003833
Q_ind_120_anc_1-1,0.000500,0.000000,0.000000,0.007287
Q_ind_121_anc_1-1,0.000444,0.000000,0.000000,0.006086
Q_ind_122_anc_1-1,0.000108,0.000000,0.000000,0.001342
Q_ind_123_anc_1-1,0.000379,0.000000,0.000000,0.005322
Q_ind_124_anc_1-1,0.000104,0.000000,0.000000,0.001329
Q_ind_125_anc_1-1,0.000168,0.000000,0.000000,0.002063
Q_ind_126_anc_1-1,0.004315,0.000000,0.000000,0.038901
Q_ind_127_anc_1-1,0.000203,0.000000,0.000000,0.002386
Q_ind_128_anc_1-1,0.000139,0.000000,0.000000,0.001407
Q_ind_129_anc_1-1,0.000301,0.000000,0.000000,0.002959
Q_ind_130_anc_1-1,0.000465,0.000000,0.000000,0.004006
Q_ind_131_anc_1-1,0.000046,0.000000,0.000000,0.000487
Q_ind_132_anc_1-1,0.000026,0.000000,0.000000,0.000256
Q_ind_133_anc_1-1,0.000391,0.000000,0.000000,0.004122
Q_ind_134_anc_1-1,0.000101,0.000000,0.000000,0.000927
Q_ind_135_anc_1-1,0.000411,0.000000,0.000000,0.005351
Q_ind_136_anc_1-1,0.000102,0.000000,0.000000,0.001161
Q_ind_137_anc_1-1,0.000092,0.000000,0.000000,0.000829
Q_ind_138_anc_1-1,0.000036,0.000000,0.000000,0.000349
Q_ind_139_anc_1-1,0.000066,0.000000,0.000000,0.000684
Q_ind_140_anc_1-1,0.000192,0.000000,0.000000,0.002101
Q_ind_141_anc_1-1,0.000576,0.000000,0.000000,0.008317
Q_ind_142_anc_1-1,0.000035,0.000000,0.000000,0.000377
Q_ind_143_anc_1-1,0.000072,0.000000,0.000000,0.000561
Q_ind_144_anc_1-1,0.000102,0.000000,0.000000,0.001283
Q_ind_145_anc_1-1,0.003627,0.000000,0.000000,0.022856
Q_ind_146_anc_1-1,0.000196,0.000000,0.000000,0.001662
Q_ind_147_anc_1-1,0.000215,0.000000,0.000000,0.003104
Q_ind_148_anc_1-1,0.000551,0.000000,0.000000,0.008365
Q_ind_149_anc_1-1,0.000055,0.000000,0.000000,0.000555
Q_ind_150_anc_1-1,0.000192,0.000000,0.000000,0.002018
Q_ind_151_anc_1-1,0.000910,0.000000,0.000000,0.012476
Q_ind_152_anc_1-1,0.000239,0.000000,0.000000,0.002875
Q_ind_153_anc_1-1,0.001822,0.000000,0.000000,0.016381
Q_ind_154_anc_1-1,0.000133,0.000000,0.000000,0.001420
Q_ind_155_anc_1-1,0.000038,0.000000,0.000000,0.000441
Q_ind_156_anc_1-1,0.001357,0.000000,0.000000,0.017917
Q_ind_157_anc_1-1,0.000146,0.000000,0.000000,0.001778
Q_ind_158_anc_1-1,0.000163,0.000000,0.000000,0.001637
Q_ind_159_anc_1-1,0.000072,0.000000,0.000000,0.000852
Q_ind_160_anc_1-1,0.000328,0.000000,0.000000,0.004645
Q_ind_161_anc_1-1,0.000091,0.000000,0.000000,0.001048
Q_ind_162_anc_1-1,0.000980,0.000000,0.000000,0.011578
Q_ind_163_anc_1-1,0.000095,0.000000,0.000000,0.001139
Q_ind_164_anc_1-1,0.000513,0.000000,0.000000,0.007147
Q_ind_165_anc_1-1,0.000315,0.000000,0.000000,0.003422
Q_ind_166_anc_1-1,0.000213,0.000000,0.000000,0.002740
Q_ind_167_anc_1-1,0.000281,0.000000,0.000000,0.003646
Q_ind_168_anc_1-1,0.000051,0.000000,0.000000,0.000549
Q_ind_169_anc_1-1,0.000024,0.000000,0.000000,0.000275
Q_ind_170_anc_1-1,0.001055,0.000000,0.000000,0.016147
Q_ind_171_anc_1-1,0.000386,0.000000,0.000000,0.004217
Q_ind_172_anc_1-1,0.000168,0.000000,0.000000,0.001655
Q_ind_173_anc_1-1,0.000075,0.000000,0.000000,0.000748
Q_ind_174_anc_1-1,0.000096,0.000000,0.000000,0.001286
Q_ind_175_anc_1-1,0.000044,0.000000,0.000000,0.000417
Q_ind_176_anc_1-1,0.000059,0.000000,0.000000,0.000500
Q_ind_177_anc_1-1,0.000356,0.000000,0.000000,0.002531
Q_ind_178_anc_1-1,0.000108,0.000000,0.000000,0.001316
Q_ind_179_anc_1-1,0.000069,0.000000,0.000000,0.000733
Q_ind_180_anc_1-1,0.002089,0.000000,0.000000,0.025726
Q_ind_181_anc_1-1,0.000070,0.000000,0.000000,0.000805
Q_ind_182_anc_1-1,0.000136,0.000000,0.000000,0.001371
Q_ind_183_anc_1-1,0.002360,0.000000,0.000000,0.026140
Q_ind_184_anc_1-1,0.000069,0.000000,0.000000,0.000708
Q_ind_185_anc_1-1,0.001015,0.000000,0.000000,0.011932
Q_ind_186_anc_1-1,0.000175,0.000000,0.000000,0.001672
Q_ind_187_anc_1-1,0.000142,0.000000,0.000000,0.001609
Q_ind_188_anc_1-1,0.000173,0.000000,0.000000,0.001823
Q_ind_189_anc_1-1,0.003249,0.000000,0.000000,0.034034
Q_ind_190_anc_1-1,0.000088,0.000000,0.000000,0.001071
Q_ind_191_anc_1-1,0.000295,0.000000,0.000000,0.003195
Q_ind_192_anc_1-1,0.000049,0.000000,0.000000,0.000482
Q_ind_193_anc_1-1,0.000109,0.000000,0.000000,0.001326
Q_ind_194_anc_1-1,0.000027,0.000000,0.000000,0.000280
Q_ind_195_anc_1-1,0.000040,0.000000,0.000000,0.000371
Q_ind_196_anc_1-1,0.000034,0.000000,0.000000,0.000339
Q_ind_197_anc_1-1,0.000034,0.000000,0.000000,0.000367
Q_ind_198_anc_1-1,0.000031,0.000000,0.000000,0.000300
Q_ind_199_anc_1-1,0.000066,0.000000,0.000000,0.000676
Q_ind_200_anc_1-1,0.000045,0.000000,0.000000,0.000514
Q_ind_201_anc_1-1,0.000022,0.000000,0.000000,0.000174
Q_ind_202_anc_1-1,0.000056,0.000000,0.000000,0.000629
Q_ind_203_anc_1-1,0.000286,0.000000,0.000000,0.003657
Q_ind_204_anc_1-1,0.000229,0.000000,0.000000,0.002936
Q_ind_205_anc_1-1,0.000148,0.000000,0.000000,0.001618
Q_ind_206_anc_1-1,0.000236,0.000000,0.000000,0.002649
Q_ind_207_anc_1-1,0.000127,0.000000,0.000000,0.001072
Q_ind_208_anc_1-1,0.000044,0.000000,0.000000,0.000401
Q_ind_209_anc_1-1,0.000292,0.000000,0.000000,0.003768
Q_ind_210_anc_1-1,0.000271,0.000000,0.000000,0.003390
Q_ind_211_anc_1-1,0.000193,0.000000,0.000000,0.002665
Q_ind_212_anc_1-1,0.000036,0.000000,0.000000,0.000331
Q_ind_213_anc_1-1,0.000090,0.000000,0.000000,0.000740
Q_ind_214_anc_1-1,0.000064,0.000000,0.000000,0.000794
Q_ind_215_anc_1-1,0.000106,0.000000,0.000000,0.000966
Q_ind_216_anc_1-1,0.000081,0.000000,0.000000,0.000807
Q_ind_217_anc_1-1,0.000086,0.000000,0.000000,0.000898
Q_ind_218_anc_1-1,0.000033,0.000000,0.000000,0.000310
Q_ind_219_anc_1-1,0.000123,0.000000,0.000000,0.001145
Q_ind_220_anc_1-1,0.000145,0.000000,0.000000,0.001376
Q_ind_221_anc_1-1,0.000122,0.000000,0.000000,0.001038
Q_ind_222_anc_1-1,0.000114,0.000000,0.000000,0.001091
Q_ind_223_anc_1-1,0.000043,0.000000,0.000000,0.000389
Q_ind_224_anc_1-1,0.000032,0.000000,0.000000,0.000283
Q_ind_225_anc_1-1,0.000305,0.000000,0.000000,0.004018
Q_ind_226_anc_1-1,0.000064,0.000000,0.000000,0.000654
Q_ind_227_anc_1-1,0.000109,0.000000,0.000000,0.001055
Q_ind_228_anc_1-1,0.000765,0.000000,0.000000,0.010513
Q_ind_229_anc_1-1,0.000380,0.000000,0.000000,0.005023
Q_ind_230_anc_1-1,0.000523,0.000000,0.000000,0.005578
Q_ind_231_anc_1-1,0.000039,0.000000,0.000000,0.000360
Q_ind_232_anc_1-1,0.000102,0.000000,0.000000,0.001167
Q_ind_233_anc_1-1,0.000159,0.000000,0.000000,0.001952
Q_ind_234_anc_1-1,0.000170,0.000000,0.000000,0.001671
Q_ind_235_anc_1-1,0.000067,0.000000,0.000000,0.000714
Q_ind_236_anc_1-1,0.000092,0.000000,0.000000,0.000892
Q_ind_237_anc_1-1,0.000120,0.000000,0.000000,0.001089
Q_ind_238_anc_1-1,0.000037,0.000000,0.000000,0.000367
Q_ind_239_anc_1-1,0.000101,0.000000,0.000000,0.000959
Q_ind_240_anc_1-1,0.000044,0.000000,0.000000,0.000478
Q_ind_241_anc_1-1,0.000052,0.000000,0.000000,0.000561
Q_ind_242_anc_1-1,0.000117,0.000000,0.000000,0.000850
Q_ind_243_anc_1-1,0.000033,0.000000,0.000000,0.000311
Q_ind_244_anc_1-1,0.000444,0.000000,0.000000,0.005715
Q_ind_245_anc_1-1,0.000031,0.000000,0.000000,0.000263
Q_ind_1_anc_2-1,0.000155,0.000000,0.000000,0.001850
Q_ind_2_anc_2-1,0.038367,0.038377,0.000000,0.106889
Q_ind_3_anc_2-1,0.000766,0.000000,0.000000,0.010113
Q_ind_4_anc_2-1,0.003170,0.000000,0.000000,0.045048
Q_ind_5_anc_2-1,0.000760,0.000000,0.000000,0.003887
Q_ind_6_anc_2-1,0.000639,0.000000,0.000000,0.008756
Q_ind_7_anc_2-1,0.001482,0.000000,0.000000,0.022577
Q_ind_8_anc_2-1,0.003027,0.000000,0.000000,0.049196
Q_ind_9_anc_2-1,0.000300,0.000000,0.000000,0.003091
Q_ind_10_anc_2-1,0.000644,0.000000,0.000000,0.007501
Q_ind_11_anc_2-1,0.009837,0.000000,0.000000,0.083050
Q_ind_12_anc_2-1,0.004027,0.000000,0.000000,0.049190
Q_ind_13_anc_2-1,0.000273,0.000000,0.000000,0.003097
Q_ind_14_anc_2-1,0.000290,0.000000,0.000000,0.003451
Q_ind_15_anc_2-1,0.001127,0.000000,0.000000,0.017895
Q_ind_16_anc_2-1,0.000208,0.000000,0.000000,0.001891
Q_ind_17_anc_2-1,0.000548,0.000000,0.000000,0.008108
Q_ind_18_anc_2-1,0.000209,0.000000,0.000000,0.001914
Q_ind_19_anc_2-1,0.000208,0.000000,0.000000,0.002010
Q_ind_20_anc_2-1,0.000401,0.000000,0.000000,0.004629
Q_ind_21_anc_2-1,0.000213,0.000000,0.000000,0.002451
Q_ind_22_anc_2-1,0.000365,0.000000,0.000000,0.005191
Q_ind_23_anc_2-1,0.000237,0.000000,0.000000,0.002331
Q_ind_24_anc_2-1,0.001286,0.000000,0.000000,0.013588
Q_ind_25_anc_2-1,0.000112,0.000000,0.000000,0.001168
Q_ind_26_anc_2-1,0.000734,0.000000,0.000000,0.010170
Q_ind_27_anc_2-1,0.000188,0.000000,0.000000,0.002533
Q_ind_28_anc_2-1,0.002331,0.000000,0.000000,0.029599
Q_ind_29_anc_2-1,0.000329,0.000000,0.000000,0.004017
Q_ind_30_anc_2-1,0.001467,0.000000,0.000000,0.018351
Q_ind_31_anc_2-1,0.000323,0.000000,0.000000,0.003370
Q_ind_32_anc_2-1,0.000386,0.000000,0.000000,0.004734
Q_ind_33_anc_2-1,0.000268,0.000000,0.000000,0.002559
Q_ind_34_anc_2-1,0.000710,0.000000,0.000000,0.009142
Q_ind_35_anc_2-1,0.000709,0.000000,0.000000,0.006703
Q_ind_36_anc_2-1,0.000123,0.000000,0.000000,0.001326
Q_ind_37_anc_2-1,0.000372,0.000000,0.000000,0.004500
Q_ind_38_anc_2-1,0.000139,0.000000,0.000000,0.001496
Q_ind_39_anc_2-1,0.000936,0.000000,0.000000,0.013349
Q_ind_40_anc_2-1,0.000744,0.000000,0.000000,0.009400
Q_ind_41_anc_2-1,0.000372,0.000000,0.000000,0.005047
Q_ind_42_anc_2-1,0.000255,0.000000,0.000000,0.002698
Q_ind_43_anc_2-1,0.000290,0.000000,0.000000,0.003600
Q_ind_44_anc_2-1,0.000109,0.000000,0.000000,0.001355
Q_ind_45_anc_2-1,0.000357,0.000000,0.000000,0.005232
Q_ind_46_anc_2-1,0.000130,0.000000,0.000000,0.001385
Q_ind_47_anc_2-1,0.000252,0.000000,0.000000,0.003024
Q_ind_48_anc_2-1,0.000193,0.000000,0.000000,0.002213
Q_ind_49_anc_2-1,0.000065,0.000000,0.000000,0.000574
Q_ind_50_anc_2-1,0.000246,0.000000,0.000000,0.002421
Q_ind_51_anc_2-1,0.000098,0.000000,0.000000,0.000948
Q_ind_52_anc_2-1,0.000181,0.000000,0.000000,0.001941
Q_ind_53_anc_2-1,0.000134,0.000000,0.000000,0.001163
Q_ind_54_anc_2-1,0.000413,0.000000,0.000000,0.004845
Q_ind_55_anc_2-1,0.000210,0.000000,0.000000,0.002539
Q_ind_56_anc_2-1,0.000124,0.000000,0.000000,0.001652
Q_ind_57_anc_2-1,0.000131,0.000000,0.000000,0.001484
Q_ind_58_anc_2-1,0.000165,0.000000,0.000000,0.001491
Q_ind_59_anc_2-1,0.000512,0.000000,0.000000,0.005814
Q_ind_60_anc_2-1,0.000516,0.000000,0.000000,0.007283
Q_ind_61_anc_2-1,0.000176,0.000000,0.000000,0.001709
Q_ind_62_anc_2-1,0.000424,0.000000,0.000000,0.006098
Q_ind_63_anc_2-1,0.000175,0.000000,0.000000,0.002059
Q_ind_64_anc_2-1,0.000160,0.000000,0.000000,0.001978
Q_ind_65_anc_2-1,0.000125,0.000000,0.000000,0.001629
Q_ind_66_anc_2-1,0.000058,0.000000,0.000000,0.000661
Q_ind_67_anc_2-1,0.000156,0.000000,0.000000,0.001646
Q_ind_68_anc_2-1,0.000289,0.000000,0.000000,0.003791
Q_ind_69_anc_2-1,0.001302,0.000000,0.000000,0.019760
Q_ind_70_anc_2-1,0.000198,0.000000,0.000000,0.001893
Q_ind_71_anc_2-1,0.000227,0.000000,0.000000,0.003039
Q_ind_72_anc_2-1,0.000316,0.000000,0.000000,0.003385
Q_ind_73_anc_2-1,0.000538,0.000000,0.000000,0.006934
Q_ind_74_anc_2-1,0.000471,0.000000,0.000000,0.005045
Q_ind_75_anc_2-1,0.001201,0.000000,0.000000,0.018155
Q_ind_76_anc_2-1,0.000346,0.000000,0.000000,0.003396
Q_ind_77_anc_2-1,0.000548,0.000000,0.000000,0.006306
Q_ind_78_anc_2-1,0.000151,0.000000,0.000000,0.001933
Q_ind_79_anc_2-1,0.000457,0.000000,0.000000,0.005466
Q_ind_80_anc_2-1,0.001658,0.000000,0.000000,0.024441
Q_ind_81_anc_2-1,0.000213,0.000000,0.000000,0.002376
Q_ind_82_anc_2-1,0.000164,0.000000,0.000000,0.001916
Q_ind_83_anc_2-1,0.000386,0.000000,0.000000,0.003754
Q_ind_84_anc_2-1,0.000370,0.000000,0.000000,0.003276
Q_ind_85_anc_2-1,0.000908,0.000000,0.000000,0.011876
Q_ind_86_anc_2-1,0.000190,0.000000,0.000000,0.002159
Q_ind_87_anc_2-1,0.000458,0.000000,0.000000,0.006175
Q_ind_88_anc_2-1,0.000982,0.000000,0.000000,0.012744
Q_ind_89_anc_2-1,0.000372,0.000000,0.000000,0.003428
Q_ind_90_anc_2-1,0.000304,0.000000,0.000000,0.003827
Q_ind_91_anc_2-1,0.000507,0.000000,0.000000,0.006536
Q_ind_92_anc_2-1,0.000365,0.000000,0.000000,0.005041
Q_ind_93_anc_2-1,0.001167,0.000000,0.000000,0.015563
Q_ind_94_anc_2-1,0.000359,0.000000,0.000000,0.003226
Q_ind_95_anc_2-1,0.001049,0.000000,0.000000,0.014610
Q_ind_96_anc_2-1,0.000262,0.000000,0.000000,0.002731
Q_ind_97_anc_2-1,0.002939,0.000000,0.000000,0.025037
Q_ind_98_anc_2-1,0.000204,0.000000,0.000000,0.002388
Q_ind_99_anc_2-1,0.000115,0.000000,0.000000,0.001138
Q_ind_100_anc_2-1,0.000272,0.000000,0.000000,0.003536
Q_ind_101_anc_2-1,0.000075,0.000000,0.000000,0.000826
Q_ind_102_anc_2-1,0.000094,0.000000,0.000000,0.001003
Q_ind_103_anc_2-1,0.000158,0.000000,0.000000,0.001543
Q_ind_104_anc_2-1,0.000183,0.000000,0.000000,0.002061
Q_ind_105_anc_2-1,0.000172,0.000000,0.000000,0.002001
Q_ind_106_anc_2-1,0.000186,0.000000,0.000000,0.001906
Q_ind_107_anc_2-1,0.009315,0.000000,0.000000,0.089628
Q_ind_108_anc_2-1,0.001022,0.000000,0.000000,0.014944
Q_ind_109_anc_2-1,0.000792,0.000000,0.000000,0.010379
Q_ind_110_anc_2-1,0.000933,0.000000,0.000000,0.011107
Q_ind_111_anc_2-1,0.001159,0.000000,0.000000,0.016712
Q_ind_112_anc_2-1,0.000623,0.000000,0.000000,0.005799
Q_ind_113_anc_2-1,0.003441,0.000000,0.000000,0.046651
Q_ind_114_anc_2-1,0.004048,0.000000,0.000000,0.053017
Q_ind_115_anc_2-1,0.000210,0.000000,0.000000,0.001893
Q_ind_116_anc_2-1,0.000217,0.000000,0.000000,0.002490
Q_ind_117_anc_2-1,0.000273,0.000000,0.000000,0.003431
Q_ind_118_anc_2-1,0.000130,0.000000,0.000000,0.001518
Q_ind_119_anc_2-1,0.000185,0.000000,0.000000,0.002034
Q_ind_120_anc_2-1,0.000206,0.000000,0.000000,0.002754
Q_ind_121_anc_2-1,0.000145,0.000000,0.000000,0.001307
Q_ind_122_anc_2-1,0.000190,0.000000,0.000000,0.002455
Q_ind_123_anc_2-1,0.000160,0.000000,0.000000,0.001978
Q_ind_124_anc_2-1,0.000240,0.000000,0.000000,0.002316
Q_ind_125_anc_2-1,0.000991,0.000000,0.000000,0.012793
Q_ind_126_anc_2-1,0.000260,0.000000,0.000000,0.003104
Q_ind_127_anc_2-1,0.000134,0.000000,0.000000,0.001124
Q_ind_128_anc_2-1,0.000309,0.000000,0.000000,0.003441
Q_ind_129_anc_2-1,0.000296,0.000000,0.000000,0.003277
Q_ind_130_anc_2-1,0.000424,0.000000,0.000000,0.005083
Q_ind_131_anc_2-1,0.000197,0.000000,0.000000,0.002442
Q_ind_132_anc_2-1,0.000173,0.000000,0.000000,0.002381
Q_ind_133_anc_2-1,0.000435,0.000000,0.000000,0.004325
Q_ind_134_anc_2-1,0.000592,0.000000,0.000000,0.008326
Q_ind_135_anc_2-1,0.000625,0.000000,0.000000,0.008593
Q_ind_136_anc_2-1,0.000350,0.000000,0.000000,0.003667
Q_ind_137_anc_2-1,0.000180,0.000000,0.000000,0.001912
Q_ind_138_anc_2-1,0.000424,0.000000,0.000000,0.006254
Q_ind_139_anc_2-1,0.000245,0.000000,0.000000,0.002895
Q_ind_140_anc_2-1,0.000459,0.000000,0.000000,0.005669
Q_ind_141_anc_2-1,0.002418,0.000000,0.000000,0.036331
Q_ind_142_anc_2-1,0.000458,0.000000,0.000000,0.003173
Q_ind_143_anc_2-1,0.000253,0.000000,0.000000,0.002414
Q_ind_144_anc_2-1,0.000514,0.000000,0.000000,0.005182
Q_ind_145_anc_2-1,0.000255,0.000000,0.000000,0.003942
Q_ind_146_anc_2-1,0.000330,0.000000,0.000000,0.003870
Q_ind_147_anc_2-1,0.000228,0.000000,0.000000,0.002737
Q_ind_148_anc_2-1,0.000668,0.000000,0.000000,0.007751
Q_ind_149_anc_2-1,0.000193,0.000000,0.000000,0.002250
Q_ind_150_anc_2-1,0.000110,0.000000,0.000000,0.001102
Q_ind_151_anc_2-1,0.000488,0.000000,0.000000,0.006888
Q_ind_152_anc_2-1,0.000085,0.000000,0.000000,0.000828
Q_ind_153_anc_2-1,0.000381,0.000000,0.000000,0.005943
Q_ind_154_anc_2-1,0.000711,0.000000,0.000000,0.009691
Q_ind_155_anc_2-1,0.000128,0.000000,0.000000,0.001482
Q_ind_156_anc_2-1,0.001871,0.000000,0.000000,0.023732
Q_ind_157_anc_2-1,0.000199,0.000000,0.000000,0.001716
Q_ind_158_anc_2-1,0.000445,0.000000,0.000000,0.005523
Q_ind_159_anc_2-1,0.000237,0.000000,0.000000,0.002233
Q_ind_160_anc_2-1,0.001306,0.000000,0.000000,0.017997
Q_ind_161_anc_2-1,0.000131,0.000000,0.000000,0.001443
Q_ind_162_anc_2-1,0.000369,0.000000,0.000000,0.004592
Q_ind_163_anc_2-1,0.000203,0.000000,0.000000,0.002482
Q_ind_164_anc_2-1,0.000492,0.000000,0.000000,0.006316
Q_ind_165_anc_2-1,0.000979,0.000000,0.000000,0.014776
Q_ind_166_anc_2-1,0.000448,0.000000,0.000000,0.004661
Q_ind_167_anc_2-1,0.000799,0.000000,0.000000,0.008645
Q_ind_168_anc_2-1,0.000397,0.000000,0.000000,0.003510
Q_ind_169_anc_2-1,0.000175,0.000000,0.000000,0.001821
Q_ind_170_anc_2-1,0.000198,0.000000,0.000000,0.002349
Q_ind_171_anc_2-1,0.000950,0.000000,0.000000,0.013850
Q_ind_172_anc_2-1,0.000204,0.000000,0.000000,0.002577
Q_ind_173_anc_2-1,0.000590,0.000000,0.000000,0.006672
Q_ind_174_anc_2-1,0.000135,0.000000,0.000000,0.001504
Q_ind_175_anc_2-1,0.002199,0.000000,0.000000,0.033489
Q_ind_176_anc_2-1,0.000244,0.000000,0.000000,0.002040
Q_ind_177_anc_2-1,0.000627,0.000000,0.000000,0.007582
Q_ind_178_anc_2-1,0.000239,0.000000,0.000000,0.002195
Q_ind_179_anc_2-1,0.000555,0.000000,0.000000,0.006743
Q_ind_180_anc_2-1,0.000434,0.000000,0.000000,0.004802
Q_ind_181_anc_2-1,0.000316,0.000000,0.000000,0.004159
Q_ind_182_anc_2-1,0.000173,0.000000,0.000000,0.001666
Q_ind_183_anc_2-1,0.000360,0.000000,0.000000,0.003052
Q_ind_184_anc_2-1,0.001046,0.000000,0.000000,0.014682
Q_ind_185_anc_2-1,0.003951,0.000000,0.000000,0.056421
Q_ind_186_anc_2-1,0.000216,0.000000,0.000000,0.001992
Q_ind_187_anc_2-1,0.000322,0.000000,0.000000,0.004171
Q_ind_188_anc_2-1,0.001047,0.000000,0.000000,0.016429
Q_ind_189_anc_2-1,0.001357,0.000000,0.000000,0.019114
Q_ind_190_anc_2-1,0.003046,0.000000,0.000000,0.046487
Q_ind_191_anc_2-1,0.000700,0.000000,0.000000,0.008447
Q_ind_192_anc_2-1,0.007234,0.000000,0.000000,0.067073
Q_ind_193_anc_2-1,0.002542,0.000000,0.000000,0.031774
Q_ind_194_anc_2-1,0.000096,0.000000,0.000000,0.000946
Q_ind_195_anc_2-1,0.000406,0.000000,0.000000,0.002615
Q_ind_196_anc_2-1,0.000078,0.000000,0.000000,0.000831
Q_ind_197_anc_2-1,0.000070,0.000000,0.000000,0.000805
Q_ind_198_anc_2-1,0.000098,0.000000,0.000000,0.000766
Q_ind_199_anc_2-1,0.000348,0.000000,0.000000,0.004139
Q_ind_200_anc_2-1,0.000107,0.000000,0.000000,0.000995
Q_ind_201_anc_2-1,0.000657,0.000000,0.000000,0.005419
Q_ind_202_anc_2-1,0.000188,0.000000,0.000000,0.002272
Q_ind_203_anc_2-1,0.001977,0.000000,0.000000,0.031011
Q_ind_204_anc_2-1,0.000406,0.000000,0.000000,0.005117
Q_ind_205_anc_2-1,0.000628,0.000000,0.000000,0.005823
Q_ind_206_anc_2-1,0.000213,0.000000,0.000000,0.002611
Q_ind_207_anc_2-1,0.001214,0.000000,0.000000,0.018270
Q_ind_208_anc_2-1,0.000290,0.000000,0.000000,0.003074
Q_ind_209_anc_2-1,0.000654,0.000000,0.000000,0.007546
Q_ind_210_anc_2-1,0.000857,0.000000,0.000000,0.009223
Q_ind_211_anc_2-1,0.004690,0.000000,0.000000,0.055327
Q_ind_212_anc_2-1,0.001364,0.000000,0.000000,0.015292
Q_ind_213_anc_2-1,0.000564,0.000000,0.000000,0.006629
Q_ind_214_anc_2-1,0.000810,0.000000,0.000000,0.009094
Q_ind_215_anc_2-1,0.000247,0.000000,0.000000,0.002927
Q_ind_216_anc_2-1,0.000774,0.000000,0.000000,0.010057
Q_ind_217_anc_2-1,0.000650,0.000000,0.000000,0.009809
Q_ind_218_anc_2-1,0.000187,0.000000,0.000000,0.001686
Q_ind_219_anc_2-1,0.000362,0.000000,0.000000,0.004014
Q_ind_220_anc_2-1,0.000387,0.000000,0.000000,0.005418
Q_ind_221_anc_2-1,0.000308,0.000000,0.000000,0.004013
Q_ind_222_anc_2-1,0.001035,0.000000,0.000000,0.014532
Q_ind_223_anc_2-1,0.006402,0.000000,0.000000,0.083255
Q_ind_224_anc_2-1,0.000278,0.000000,0.000000,0.003625
Q_ind_225_anc_2-1,0.000519,0.000000,0.000000,0.007030
Q_ind_226_anc_2-1,0.015843,0.000000,0.000000,0.114984
Q_ind_227_anc_2-1,0.000396,0.000000,0.000000,0.004899
Q_ind_228_anc_2-1,0.000530,0.000000,0.000000,0.006208
Q_ind_229_anc_2-1,0.000192,0.000000,0.000000,0.001894
Q_ind_230_anc_2-1,0.011055,0.000000,0.000000,0.099857
Q_ind_231_anc_2-1,0.015265,0.000000,0.000000,0.102691
Q_ind_232_anc_2-1,0.000819,0.000000,0.000000,0.010568
Q_ind_233_anc_2-1,0.000816,0.000000,0.000000,0.008188
Q_ind_234_anc_2-1,0.000150,0.000000,0.000000,0.001529
Q_ind_235_anc_2-1,0.000126,0.000000,0.000000,0.001186
Q_ind_236_anc_2-1,0.000431,0.000000,0.000000,0.005293
Q_ind_237_anc_2-1,0.000215,0.000000,0.000000,0.002397
Q_ind_238_anc_2-1,0.000127,0.000000,0.000000,0.001224
Q_ind_239_anc_2-1,0.000239,0.000000,0.000000,0.003115
Q_ind_240_anc_2-1,0.000120,0.000000,0.000000,0.001040
Q_ind_241_anc_2-1,0.000103,0.000000,0.000000,0.000726
Q_ind_242_anc_2-1,0.000167,0.000000,0.000000,0.001696
Q_ind_243_anc_2-1,0.000096,0.000000,0.000000,0.000894
Q_ind_244_anc_2-1,0.000134,0.000000,0.000000,0.001484
Q_ind_245_anc_2-1,0.000184,0.000000,0.000000,0.001892
Q_ind_1_anc_2-2,0.000369,0.000000,0.000000,0.004640
Q_ind_2_anc_2-2,0.000686,0.000000,0.000000,0.009585
Q_ind_3_anc_2-2,0.073953,0.078626,0.000000,0.120048
Q_ind_4_anc_2-2,0.067846,0.076705,0.000000,0.124150
Q_ind_5_anc_2-2,0.000065,0.000000,0.000000,0.000589
Q_ind_6_anc_2-2,0.000617,0.000000,0.000000,0.009452
Q_ind_7_anc_2-2,0.001805,0.000000,0.000000,0.028173
Q_ind_8_anc_2-2,0.021407,0.000126,0.000000,0.075864
Q_ind_9_anc_2-2,0.015713,0.000000,0.000000,0.072550
Q_ind_10_anc_2-2,0.000437,0.000000,0.000000,0.005747
Q_ind_11_anc_2-2,0.046429,0.049571,0.000000,0.101528
Q_ind_12_anc_2-2,0.000709,0.000000,0.000000,0.011052
Q_ind_13_anc_2-2,0.000197,0.000000,0.000000,0.002233
Q_ind_14_anc_2-2,0.000414,0.000000,0.000000,0.005281
Q_ind_15_anc_2-2,0.000228,0.000000,0.000000,0.002585
Q_ind_16_anc_2-2,0.000436,0.000000,0.000000,0.005686
Q_ind_17_anc_2-2,0.000143,0.000000,0.000000,0.001463
Q_ind_18_anc_2-2,0.000152,0.000000,0.000000,0.001494
Q_ind_19_anc_2-2,0.000145,0.000000,0.000000,0.001695
Q_ind_20_anc_2-2,0.000063,0.000000,0.000000,0.000683
Q_ind_21_anc_2-2,0.000187,0.000000,0.000000,0.002080
Q_ind_22_anc_2-2,0.000162,0.000000,0.000000,0.002029
Q_ind_23_anc_2-2,0.000069,0.000000,0.000000,0.000850
Q_ind_24_anc_2-2,0.000101,0.000000,0.000000,0.001219
Q_ind_25_anc_2-2,0.000099,0.000000,0.000000,0.001159
Q_ind_26_anc_2-2,0.000097,0.000000,0.000000,0.000990
Q_ind_27_anc_2-2,0.000154,0.000000,0.000000,0.001556
Q_ind_28_anc_2-2,0.000755,0.000000,0.000000,0.009535
Q_ind_29_anc_2-2,0.000598,0.000000,0.000000,0.008296
Q_ind_30_anc_2-2,0.000190,0.000000,0.000000,0.002042
Q_ind_31_anc_2-2,0.000090,0.000000,0.000000,0.000910
Q_ind_32_anc_2-2,0.000133,0.000000,0.000000,0.001023
Q_ind_33_anc_2-2,0.000425,0.000000,0.000000,0.006105
Q_ind_34_anc_2-2,0.000121,0.000000,0.000000,0.001131
Q_ind_35_anc_2-2,0.000096,0.000000,0.000000,0.001074
Q_ind_36_anc_2-2,0.000056,0.000000,0.000000,0.000538
Q_ind_37_anc_2-2,0.000109,0.000000,0.000000,0.001168
Q_ind_38_anc_2-2,0.000066,0.000000,0.000000,0.000812
Q_ind_39_anc_2-2,0.000046,0.000000,0.000000,0.000432
Q_ind_40_anc_2-2,0.000175,0.000000,0.000000,0.001721
Q_ind_41_anc_2-2,0.000119,0.000000,0.000000,0.001226
Q_ind_42_anc_2-2,0.000098,0.000000,0.000000,0.001084
Q_ind_43_anc_2-2,0.000471,0.000000,0.000000,0.007117
Q_ind_44_anc_2-2,0.000141,0.000000,0.000000,0.001211
Q_ind_45_anc_2-2,0.000216,0.000000,0.000000,0.002484
Q_ind_46_anc_2-2,0.000077,0.000000,0.000000,0.000700
Q_ind_47_anc_2-2,0.000199,0.000000,0.000000,0.002651
Q_ind_48_anc_2-2,0.000074,0.000000,0.000000,0.000840
Q_ind_49_anc_2-2,0.000070,0.000000,0.000000,0.000657
Q_ind_50_anc_2-2,0.000083,0.000000,0.000000,0.000923
Q_ind_51_anc_2-2,0.000049,0.000000,0.000000,0.000584
Q_ind_52_anc_2-2,0.000064,0.000000,0.000000,0.000681
Q_ind_53_anc_2-2,0.000075,0.000000,0.000000,0.000768
Q_ind_54_anc_2-2,0.000111,0.000000,0.000000,0.001038
Q_ind_55_anc_2-2,0.000053,0.000000,0.000000,0.000629
Q_ind_56_anc_2-2,0.000358,0.000000,0.000000,0.004707
Q_ind_57_anc_2-2,0.000086,0.000000,0.000000,0.000919
Q_ind_58_anc_2-2,0.000084,0.000000,0.000000,0.000817
Q_ind_59_anc_2-2,0.000691,0.000000,0.000000,0.009163
Q_ind_60_anc_2-2,0.000069,0.000000,0.000000,0.000832
Q_ind_61_anc_2-2,0.000217,0.000000,0.000000,0.003139
Q_ind_62_anc_2-2,0.000151,0.000000,0.000000,0.001925
Q_ind_63_anc_2-2,0.001218,0.000000,0.000000,0.017908
Q_ind_64_anc_2-2,0.001899,0.000000,0.000000,0.016479
Q_ind_65_anc_2-2,0.001241,0.000000,0.000000,0.017218
Q_ind_66_anc_2-2,0.000097,0.000000,0.000000,0.000988
Q_ind_67_anc_2-2,0.004188,0.000000,0.000000,0.041960
Q_ind_68_anc_2-2,0.000151,0.000000,0.000000,0.001611
Q_ind_69_anc_2-2,0.000173,0.000000,0.000000,0.002030
Q_ind_70_anc_2-2,0.000059,0.000000,0.000000,0.000643
Q_ind_71_anc_2-2,0.000146,0.000000,0.000000,0.001376
Q_ind_72_anc_2-2,0.000455,0.000000,0.000000,0.005727
Q_ind_73_anc_2-2,0.000403,0.000000,0.000000,0.003654
Q_ind_74_anc_2-2,0.000115,0.000000,0.000000,0.001276
Q_ind_75_anc_2-2,0.000071,0.000000,0.000000,0.000634
Q_ind_76_anc_2-2,0.000184,0.000000,0.000000,0.001935
Q_ind_77_anc_2-2,0.000195,0.000000,0.000000,0.002274
Q_ind_78_anc_2-2,0.000710,0.000000,0.000000,0.008834
Q_ind_79_anc_2-2,0.000176,0.000000,0.000000,0.001973
Q_ind_80_anc_2-2,0.000340,0.000000,0.000000,0.003268
Q_ind_81_anc_2-2,0.000114,0.000000,0.000000,0.001320
Q_ind_82_anc_2-2,0.000481,0.000000,0.000000,0.006314
Q_ind_83_anc_2-2,0.000133,0.000000,0.000000,0.001589
Q_ind_84_anc_2-2,0.000210,0.000000,0.000000,0.002556
Q_ind_85_anc_2-2,0.000209,0.000000,0.000000,0.002085
Q_ind_86_anc_2-2,0.000255,0.000000,0.000000,0.002450
Q_ind_87_anc_2-2,0.000237,0.000000,0.000000,0.002631
Q_ind_88_anc_2-2,0.002831,0.000000,0.000000,0.032892
Q_ind_89_anc_2-2,0.001838,0.000000,0.000000,0.021283
Q_ind_90_anc_2-2,0.000303,0.000000,0.000000,0.003381
Q_ind_91_anc_2-2,0.000304,0.000000,0.000000,0.004227
Q_ind_92_anc_2-2,0.000785,0.000000,0.000000,0.009620
Q_ind_93_anc_2-2,0.001799,0.000000,0.000000,0.024572
Q_ind_94_anc_2-2,0.000126,0.000000,0.000000,0.001245
Q_ind_95_anc_2-2,0.008163,0.000000,0.000000,0.050580
Q_ind_96_anc_2-2,0.000100,0.000000,0.000000,0.001256
Q_ind_97_anc_2-2,0.000403,0.000000,0.000000,0.005482
Q_ind_98_anc_2-2,0.000076,0.000000,0.000000,0.000812
Q_ind_99_anc_2-2,0.000057,0.000000,0.000000,0.000539
Q_ind_100_anc_2-2,0.000448,0.000000,0.000000,0.005563
Q_ind_101_anc_2-2,0.000053,0.000000,0.000000,0.000660
Q_ind_102_anc_2-2,0.000079,0.000000,0.000000,0.000819
Q_ind_103_anc_2-2,0.000241,0.000000,0.000000,0.003081
Q_ind_104_anc_2-2,0.000125,0.000000,0.000000,0.001515
Q_ind_105_anc_2-2,0.000035,0.000000,0.000000,0.000400
Q_ind_106_anc_2-2,0.000076,0.000000,0.000000,0.000794
Q_ind_107_anc_2-2,0.000706,0.000000,0.000000,0.009211
Q_ind_108_anc_2-2,0.000207,0.000000,0.000000,0.002620
Q_ind_109_anc_2-2,0.008914,0.000000,0.000000,0.079903
Q_ind_110_anc_2-2,0.062194,0.070784,0.000000,0.114093
Q_ind_111_anc_2-2,0.002180,0.000000,0.000000,0.027835
Q_ind_112_anc_2-2,0.000764,0.000000,0.000000,0.010490
Q_ind_113_anc_2-2,0.008787,0.000000,0.000000,0.066039
Q_ind_114_anc_2-2,0.003644,0.000000,0.000000,0.042640
Q_ind_115_anc_2-2,0.000304,0.000000,0.000000,0.003394
Q_ind_116_anc_2-2,0.000293,0.000000,0.000000,0.003712
Q_ind_117_anc_2-2,0.000271,0.000000,0.000000,0.003718
Q_ind_118_anc_2-2,0.000165,0.000000,0.000000,0.001932
Q_ind_119_anc_2-2,0.000185,0.000000,0.000000,0.001936
Q_ind_120_anc_2-2,0.000142,0.000000,0.000000,0.002036
Q_ind_121_anc_2-2,0.000205,0.000000,0.000000,0.002586
Q_ind_122_anc_2-2,0.000418,0.000000,0.000000,0.005647
Q_ind_123_anc_2-2,0.000101,0.000000,0.000000,0.001048
Q_ind_124_anc_2-2,0.000066,0.000000,0.000000,0.000682
Q_ind_125_anc_2-2,0.000366,0.000000,0.000000,0.003830
Q_ind_126_anc_2-2,0.000281,0.000000,0.000000,0.002597
Q_ind_127_anc_2-2,0.000134,0.000000,0.000000,0.001191
Q_ind_128_anc_2-2,0.000170,0.000000,0.000000,0.002091
Q_ind_129_anc_2-2,0.000168,0.000000,0.000000,0.001484
Q_ind_130_anc_2-2,0.000245,0.000000,0.000000,0.002142
Q_ind_131_anc_2-2,0.000071,0.000000,0.000000,0.000687
Q_ind_132_anc_2-2,0.000027,0.000000,0.000000,0.000285
Q_ind_133_anc_2-2,0.000086,0.000000,0.000000,0.000968
Q_ind_134_anc_2-2,0.000107,0.000000,0.000000,0.001075
Q_ind_135_anc_2-2,0.000298,0.000000,0.000000,0.003421
Q_ind_136_anc_2-2,0.000176,0.000000,0.000000,0.001568
Q_ind_137_anc_2-2,0.000078,0.000000,0.000000,0.000883
Q_ind_138_anc_2-2,0.000050,0.000000,0.000000,0.000425
Q_ind_139_anc_2-2,0.000103,0.000000,0.000000,0.001098
Q_ind_140_anc_2-2,0.000179,0.000000,0.000000,0.001754
Q_ind_141_anc_2-2,0.009527,0.000011,0.000000,0.044648
Q_ind_142_anc_2-2,0.000041,0.000000,0.000000,0.000344
Q_ind_143_anc_2-2,0.000183,0.000000,0.000000,0.002581
Q_ind_144_anc_2-2,0.000652,0.000000,0.000000,0.009675
Q_ind_145_anc_2-2,0.001873,0.000000,0.000000,0.018457
Q_ind_146_anc_2-2,0.004603,0.000000,0.000000,0.040974
Q_ind_147_anc_2-2,0.003218,0.000000,0.000000,0.026648
Q_ind_148_anc_2-2,0.000229,0.000000,0.000000,0.003045
Q_ind_149_anc_2-2,0.000075,0.000000,0.000000,0.000766
Q_ind_150_anc_2-2,0.002550,0.000000,0.000000,0.021990
Q_ind_151_anc_2-2,0.001549,0.000000,0.000000,0.018213
Q_ind_152_anc_2-2,0.000551,0.000000,0.000000,0.007697
Q_ind_153_anc_2-2,0.000377,0.000000,0.000000,0.005684
Q_ind_154_anc_2-2,0.001776,0.000000,0.000000,0.018449
Q_ind_155_anc_2-2,0.000058,0.000000,0.000000,0.000620
Q_ind_156_anc_2-2,0.000573,0.000000,0.000000,0.008028
Q_ind_157_anc_2-2,0.000158,0.000000,0.000000,0.001316
Q_ind_158_anc_2-2,0.001160,0.000000,0.000000,0.015636
Q_ind_159_anc_2-2,0.000169,0.000000,0.000000,0.001791
Q_ind_160_anc_2-2,0.000250,0.000000,0.000000,0.003565
Q_ind_161_anc_2-2,0.000192,0.000000,0.000000,0.002655
Q_ind_162_anc_2-2,0.000203,0.000000,0.000000,0.001796
Q_ind_163_anc_2-2,0.000402,0.000000,0.000000,0.004978
Q_ind_164_anc_2-2,0.004620,0.000000,0.000000,0.036506
Q_ind_165_anc_2-2,0.009849,0.000000,0.000000,0.071839
Q_ind_166_anc_2-2,0.006175,0.000000,0.000000,0.058212
Q_ind_167_anc_2-2,0.023121,0.000000,0.000000,0.113813
Q_ind_168_anc_2-2,0.000067,0.000000,0.000000,0.000623
Q_ind_169_anc_2-2,0.000039,0.000000,0.000000,0.000386
Q_ind_170_anc_2-2,0.002082,0.000000,0.000000,0.014966
Q_ind_171_anc_2-2,0.000333,0.000000,0.000000,0.003720
Q_ind_172_anc_2-2,0.000129,0.000000,0.000000,0.001464
Q_ind_173_anc_2-2,0.000053,0.000000,0.000000,0.000519
Q_ind_174_anc_2-2,0.000088,0.000000,0.000000,0.000827
Q_ind_175_anc_2-2,0.000040,0.000000,0.000000,0.000396
Q_ind_176_anc_2-2,0.000323,0.000000,0.000000,0.004487
Q_ind_177_anc_2-2,0.001702,0.000000,0.000000,0.019057
Q_ind_178_anc_2-2,0.000811,0.000000,0.000000,0.010811
Q_ind_179_anc_2-2,0.000543,0.000000,0.000000,0.007364
Q_ind_180_anc_2-2,0.015780,0.013520,0.000000,0.050003
Q_ind_181_anc_2-2,0.000767,0.000000,0.000000,0.010956
Q_ind_182_anc_2-2,0.000153,0.000000,0.000000,0.001472
Q_ind_183_anc_2-2,0.000482,0.000000,0.000000,0.007077
Q_ind_184_anc_2-2,0.000100,0.000000,0.000000,0.001110
Q_ind_185_anc_2-2,0.001923,0.000000,0.000000,0.023202
Q_ind_186_anc_2-2,0.000127,0.000000,0.000000,0.000972
Q_ind_187_anc_2-2,0.000486,0.000000,0.000000,0.006387
Q_ind_188_anc_2-2,0.000460,0.000000,0.000000,0.005915
Q_ind_189_anc_2-2,0.000676,0.000000,0.000000,0.010419
Q_ind_190_anc_2-2,0.000110,0.000000,0.000000,0.001213
Q_ind_191_anc_2-2,0.000627,0.000000,0.000000,0.008939
Q_ind_192_anc_2-2,0.183349,0.183886,0.092122,0.269503
Q_ind_193_anc_2-2,0.236634,0.235892,0.155173,0.319174
Q_ind_194_anc_2-2,0.997670,0.998877,0.988630,0.999986
Q_ind_195_anc_2-2,0.250079,0.249975,0.179758,0.325916
Q_ind_196_anc_2-2,0.997815,0.998767,0.989935,0.999983
Q_ind_197_anc_2-2,0.997928,0.998818,0.990673,0.999988
Q_ind_198_anc_2-2,0.997435,0.998747,0.986900,0.999986
Q_ind_199_anc_2-2,0.234488,0.234233,0.161932,0.312495
Q_ind_200_anc_2-2,0.996618,0.998153,0.983648,0.999978
Q_ind_201_anc_2-2,0.000044,0.000000,0.000000,0.000510
Q_ind_202_anc_2-2,0.264656,0.260869,0.180917,0.381967
Q_ind_203_anc_2-2,0.000551,0.000000,0.000000,0.006680
Q_ind_204_anc_2-2,0.002184,0.000000,0.000000,0.025803
Q_ind_205_anc_2-2,0.001258,0.000000,0.000000,0.018951
Q_ind_206_anc_2-2,0.000221,0.000000,0.000000,0.002342
Q_ind_207_anc_2-2,0.023850,0.023008,0.000000,0.069589
Q_ind_208_anc_2-2,0.000047,0.000000,0.000000,0.000417
Q_ind_209_anc_2-2,0.000950,0.000000,0.000000,0.013028
Q_ind_210_anc_2-2,0.000893,0.000000,0.000000,0.011291
Q_ind_211_anc_2-2,0.001108,0.000000,0.000000,0.015623
Q_ind_212_anc_2-2,0.000045,0.000000,0.000000,0.000476
Q_ind_213_anc_2-2,0.000154,0.000000,0.000000,0.001637
Q_ind_214_anc_2-2,0.000188,0.000000,0.000000,0.002308
Q_ind_215_anc_2-2,0.000150,0.000000,0.000000,0.001563
Q_ind_216_anc_2-2,0.000106,0.000000,0.000000,0.001119
Q_ind_217_anc_2-2,0.000078,0.000000,0.000000,0.000935
Q_ind_218_anc_2-2,0.000065,0.000000,0.000000,0.000643
Q_ind_219_anc_2-2,0.000097,0.000000,0.000000,0.001122
Q_ind_220_anc_2-2,0.000114,0.000000,0.000000,0.000972
Q_ind_221_anc_2-2,0.000092,0.000000,0.000000,0.001046
Q_ind_222_anc_2-2,0.000321,0.000000,0.000000,0.004604
Q_ind_223_anc_2-2,0.000090,0.000000,0.000000,0.001003
Q_ind_224_anc_2-2,0.000047,0.000000,0.000000,0.000441
Q_ind_225_anc_2-2,0.000473,0.000000,0.000000,0.006167
Q_ind_226_anc_2-2,0.000152,0.000000,0.000000,0.001850
Q_ind_227_anc_2-2,0.002261,0.000000,0.000000,0.032893
Q_ind_228_anc_2-2,0.001799,0.000000,0.000000,0.024201
Q_ind_229_anc_2-2,0.000280,0.000000,0.000000,0.003347
Q_ind_230_anc_2-2,0.001048,0.000000,0.000000,0.015673
Q_ind_231_anc_2-2,0.000088,0.000000,0.000000,0.001024
Q_ind_232_anc_2-2,0.000413,0.000000,0.000000,0.005119
Q_ind_233_anc_2-2,0.013237,0.000012,0.000000,0.062290
Q_ind_234_anc_2-2,0.000138,0.000000,0.000000,0.001766
Q_ind_235_anc_2-2,0.000092,0.000000,0.000000,0.001000
Q_ind_236_anc_2-2,0.000165,0.000000,0.000000,0.002126
Q_ind_237_anc_2-2,0.000063,0.000000,0.000000,0.000712
Q_ind_238_anc_2-2,0.000067,0.000000,0.000000,0.000750
Q_ind_239_anc_2-2,0.000094,0.000000,0.000000,0.001131
Q_ind_240_anc_2-2,0.000046,0.000000,0.000000,0.000480
Q_ind_241_anc_2-2,0.000056,0.000000,0.000000,0.000621
Q_ind_242_anc_2-2,0.000193,0.000000,0.000000,0.002702
Q_ind_243_anc_2-2,0.000036,0.000000,0.000000,0.000357
Q_ind_244_anc_2-2,0.000159,0.000000,0.000000,0.001666
Q_ind_245_anc_2-2,0.000039,0.000000,0.000000,0.000375
Q_ind_1_anc_3-1,0.000500,0.000000,0.000000,0.005780
Q_ind_2_anc_3-1,0.001866,0.000000,0.000000,0.029203
Q_ind_3_anc_3-1,0.001712,0.000000,0.000000,0.022706
Q_ind_4_anc_3-1,0.012960,0.000000,0.000000,0.073857
Q_ind_5_anc_3-1,0.000324,0.000000,0.000000,0.003574
Q_ind_6_anc_3-1,0.003503,0.000000,0.000000,0.043299
Q_ind_7_anc_3-1,0.001729,0.000000,0.000000,0.024823
Q_ind_8_anc_3-1,0.001544,0.000000,0.000000,0.023229
Q_ind_9_anc_3-1,0.000853,0.000000,0.000000,0.007905
Q_ind_10_anc_3-1,0.001150,0.000000,0.000000,0.017104
Q_ind_11_anc_3-1,0.000753,0.000000,0.000000,0.009450
Q_ind_12_anc_3-1,0.000765,0.000000,0.000000,0.008960
Q_ind_13_anc_3-1,0.022368,0.000000,0.000000,0.195854
Q_ind_14_anc_3-1,0.001182,0.000000,0.000000,0.016594
Q_ind_15_anc_3-1,0.014654,0.000000,0.000000,0.205391
Q_ind_16_anc_3-1,0.023237,0.000000,0.000000,0.167867
Q_ind_17_anc_3-1,0.056657,0.007484,0.000000,0.259820
Q_ind_18_anc_3-1,0.011525,0.000000,0.000000,0.149021
Q_ind_19_anc_3-1,0.005996,0.000000,0.000000,0.112769
Q_ind_20_anc_3-1,0.001374,0.000000,0.000000,0.006793
Q_ind_21_anc_3-1,0.000781,0.000000,0.000000,0.011546
Q_ind_22_anc_3-1,0.001457,0.000000,0.000000,0.018623
Q_ind_23_anc_3-1,0.001426,0.000000,0.000000,0.011631
Q_ind_24_anc_3-1,0.000507,0.000000,0.000000,0.007292
Q_ind_25_anc_3-1,0.002969,0.000000,0.000000,0.042428
Q_ind_26_anc_3-1,0.007040,0.000000,0.000000,0.111237
Q_ind_27_anc_3-1,0.001171,0.000000,0.000000,0.012939
Q_ind_28_anc_3-1,0.001144,0.000000,0.000000,0.015016
Q_ind_29_anc_3-1,0.000918,0.000000,0.000000,0.012733
Q_ind_30_anc_3-1,0.010031,0.000000,0.000000,0.097967
Q_ind_31_anc_3-1,0.000230,0.000000,0.000000,0.001792
Q_ind_32_anc_3-1,0.001148,0.000000,0.000000,0.013722
Q_ind_33_anc_3-1,0.000392,0.000000,0.000000,0.005181
Q_ind_34_anc_3-1,0.000169,0.000000,0.000000,0.001749
Q_ind_35_anc_3-1,0.000214,0.000000,0.000000,0.002526
Q_ind_36_anc_3-1,0.000100,0.000000,0.000000,0.000899
Q_ind_37_anc_3-1,0.000142,0.000000,0.000000,0.001610
Q_ind_38_anc_3-1,0.000194,0.000000,0.000000,0.001777
Q_ind_39_anc_3-1,0.000153,0.000000,0.000000,0.001962
Q_ind_40_anc_3-1,0.001964,0.000000,0.000000,0.023055
Q_ind_41_anc_3-1,0.000170,0.000000,0.000000,0.001492
Q_ind_42_anc_3-1,0.000449,0.000000,0.000000,0.006946
Q_ind_43_anc_3-1,0.000173,0.000000,0.000000,0.002069
Q_ind_44_anc_3-1,0.000234,0.000000,0.000000,0.001351
Q_ind_45_anc_3-1,0.000260,0.000000,0.000000,0.002686
Q_ind_46_anc_3-1,0.000115,0.000000,0.000000,0.001353
Q_ind_47_anc_3-1,0.000225,0.000000,0.000000,0.002084
Q_ind_48_anc_3-1,0.000343,0.000000,0.000000,0.003577
Q_ind_49_anc_3-1,0.000250,0.000000,0.000000,0.002119
Q_ind_50_anc_3-1,0.000133,0.000000,0.000000,0.001563
Q_ind_51_anc_3-1,0.000592,0.000000,0.000000,0.008273
Q_ind_52_anc_3-1,0.000466,0.000000,0.000000,0.005904
Q_ind_53_anc_3-1,0.000323,0.000000,0.000000,0.003617
Q_ind_54_anc_3-1,0.000580,0.000000,0.000000,0.007404
Q_ind_55_anc_3-1,0.000183,0.000000,0.000000,0.002083
Q_ind_56_anc_3-1,0.000335,0.000000,0.000000,0.004132
Q_ind_57_anc_3-1,0.002795,0.000000,0.000000,0.056049
Q_ind_58_anc_3-1,0.000204,0.000000,0.000000,0.002765
Q_ind_59_anc_3-1,0.001088,0.000000,0.000000,0.008002
Q_ind_60_anc_3-1,0.000684,0.000000,0.000000,0.009046
Q_ind_61_anc_3-1,0.000411,0.000000,0.000000,0.004376
Q_ind_62_anc_3-1,0.000379,0.000000,0.000000,0.004859
Q_ind_63_anc_3-1,0.000148,0.000000,0.000000,0.001762
Q_ind_64_anc_3-1,0.000101,0.000000,0.000000,0.001267
Q_ind_65_anc_3-1,0.000069,0.000000,0.000000,0.000571
Q_ind_66_anc_3-1,0.000050,0.000000,0.000000,0.000449
Q_ind_67_anc_3-1,0.000089,0.000000,0.000000,0.000880
Q_ind_68_anc_3-1,0.001202,0.000000,0.000000,0.017152
Q_ind_69_anc_3-1,0.000413,0.000000,0.000000,0.004382
Q_ind_70_anc_3-1,0.000151,0.000000,0.000000,0.001277
Q_ind_71_anc_3-1,0.000400,0.000000,0.000000,0.004149
Q_ind_72_anc_3-1,0.000483,0.000000,0.000000,0.005824
Q_ind_73_anc_3-1,0.000479,0.000000,0.000000,0.005175
Q_ind_74_anc_3-1,0.000304,0.000000,0.000000,0.003242
Q_ind_75_anc_3-1,0.000251,0.000000,0.000000,0.002758
Q_ind_76_anc_3-1,0.000821,0.000000,0.000000,0.011889
Q_ind_77_anc_3-1,0.017414,0.000000,0.000000,0.131956
Q_ind_78_anc_3-1,0.000860,0.000000,0.000000,0.009867
Q_ind_79_anc_3-1,0.000245,0.000000,0.000000,0.003174
Q_ind_80_anc_3-1,0.000320,0.000000,0.000000,0.002755
Q_ind_81_anc_3-1,0.001333,0.000000,0.000000,0.014051
Q_ind_82_anc_3-1,0.000793,0.000000,0.000000,0.005663
Q_ind_83_anc_3-1,0.000853,0.000000,0.000000,0.009565
Q_ind_84_anc_3-1,0.000338,0.000000,0.000000,0.003782
Q_ind_85_anc_3-1,0.002591,0.000000,0.000000,0.032705
Q_ind_86_anc_3-1,0.000534,0.000000,0.000000,0.007035
Q_ind_87_anc_3-1,0.000634,0.000000,0.000000,0.006410
Q_ind_88_anc_3-1,0.001584,0.000000,0.000000,0.020689
Q_ind_89_anc_3-1,0.035159,0.000004,0.000000,0.173654
Q_ind_90_anc_3-1,0.036866,0.000000,0.000000,0.178408
Q_ind_91_anc_3-1,0.003837,0.000000,0.000000,0.052219
Q_ind_92_anc_3-1,0.024456,0.000000,0.000000,0.139904
Q_ind_93_anc_3-1,0.002638,0.000000,0.000000,0.033751
Q_ind_94_anc_3-1,0.000692,0.000000,0.000000,0.005953
Q_ind_95_anc_3-1,0.003543,0.000000,0.000000,0.056773
Q_ind_96_anc_3-1,0.000128,0.000000,0.000000,0.001359
Q_ind_97_anc_3-1,0.000454,0.000000,0.000000,0.006299
Q_ind_98_anc_3-1,0.000155,0.000000,0.000000,0.001570
Q_ind_99_anc_3-1,0.000240,0.000000,0.000000,0.002356
Q_ind_100_anc_3-1,0.000362,0.000000,0.000000,0.003834
Q_ind_101_anc_3-1,0.000086,0.000000,0.000000,0.001024
Q_ind_102_anc_3-1,0.000103,0.000000,0.000000,0.001151
Q_ind_103_anc_3-1,0.000220,0.000000,0.000000,0.002492
Q_ind_104_anc_3-1,0.000198,0.000000,0.000000,0.002024
Q_ind_105_anc_3-1,0.000112,0.000000,0.000000,0.001332
Q_ind_106_anc_3-1,0.001190,0.000000,0.000000,0.017229
Q_ind_107_anc_3-1,0.000239,0.000000,0.000000,0.002584
Q_ind_108_anc_3-1,0.001054,0.000000,0.000000,0.013877
Q_ind_109_anc_3-1,0.002936,0.000000,0.000000,0.044392
Q_ind_110_anc_3-1,0.000963,0.000000,0.000000,0.012307
Q_ind_111_anc_3-1,0.000590,0.000000,0.000000,0.007210
Q_ind_112_anc_3-1,0.001090,0.000000,0.000000,0.016402
Q_ind_113_anc_3-1,0.016091,0.000000,0.000000,0.172279
Q_ind_114_anc_3-1,0.000752,0.000000,0.000000,0.005436
Q_ind_115_anc_3-1,0.000291,0.000000,0.000000,0.002759
Q_ind_116_anc_3-1,0.000340,0.000000,0.000000,0.004083
Q_ind_117_anc_3-1,0.000572,0.000000,0.000000,0.008242
Q_ind_118_anc_3-1,0.000555,0.000000,0.000000,0.006534
Q_ind_119_anc_3-1,0.000521,0.000000,0.000000,0.006316
Q_ind_120_anc_3-1,0.000213,0.000000,0.000000,0.002696
Q_ind_121_anc_3-1,0.000317,0.000000,0.000000,0.003687
Q_ind_122_anc_3-1,0.000183,0.000000,0.000000,0.002200
Q_ind_123_anc_3-1,0.000495,0.000000,0.000000,0.007798
Q_ind_124_anc_3-1,0.000173,0.000000,0.000000,0.002101
Q_ind_125_anc_3-1,0.002099,0.000000,0.000000,0.034416
Q_ind_126_anc_3-1,0.001991,0.000000,0.000000,0.023740
Q_ind_127_anc_3-1,0.000508,0.000000,0.000000,0.005310
Q_ind_128_anc_3-1,0.001391,0.000000,0.000000,0.017141
Q_ind_129_anc_3-1,0.001668,0.000000,0.000000,0.025186
Q_ind_130_anc_3-1,0.000420,0.000000,0.000000,0.004920
Q_ind_131_anc_3-1,0.003859,0.000000,0.000000,0.031364
Q_ind_132_anc_3-1,0.000513,0.000000,0.000000,0.006687
Q_ind_133_anc_3-1,0.054966,0.000000,0.000000,0.283278
Q_ind_134_anc_3-1,0.000621,0.000000,0.000000,0.008009
Q_ind_135_anc_3-1,0.003409,0.000000,0.000000,0.043739
Q_ind_136_anc_3-1,0.000564,0.000000,0.000000,0.004382
Q_ind_137_anc_3-1,0.000446,0.000000,0.000000,0.005469
Q_ind_138_anc_3-1,0.000962,0.000000,0.000000,0.010996
Q_ind_139_anc_3-1,0.000612,0.000000,0.000000,0.004938
Q_ind_140_anc_3-1,0.000878,0.000000,0.000000,0.011986
Q_ind_141_anc_3-1,0.007535,0.000000,0.000000,0.094243
Q_ind_142_anc_3-1,0.000408,0.000000,0.000000,0.004193
Q_ind_143_anc_3-1,0.000353,0.000000,0.000000,0.004760
Q_ind_144_anc_3-1,0.001056,0.000000,0.000000,0.012504
Q_ind_145_anc_3-1,0.000178,0.000000,0.000000,0.002075
Q_ind_146_anc_3-1,0.001313,0.000000,0.000000,0.019726
Q_ind_147_anc_3-1,0.000112,0.000000,0.000000,0.001248
Q_ind_148_anc_3-1,0.001992,0.000000,0.000000,0.034852
Q_ind_149_anc_3-1,0.000222,0.000000,0.000000,0.002858
Q_ind_150_anc_3-1,0.000169,0.000000,0.000000,0.002001
Q_ind_151_anc_3-1,0.000345,0.000000,0.000000,0.004827
Q_ind_152_anc_3-1,0.000168,0.000000,0.000000,0.001989
Q_ind_153_anc_3-1,0.000278,0.000000,0.000000,0.003945
Q_ind_154_anc_3-1,0.000342,0.000000,0.000000,0.003909
Q_ind_155_anc_3-1,0.000142,0.000000,0.000000,0.001232
Q_ind_156_anc_3-1,0.002020,0.000000,0.000000,0.030415
Q_ind_157_anc_3-1,0.000288,0.000000,0.000000,0.003484
Q_ind_158_anc_3-1,0.000515,0.000000,0.000000,0.006262
Q_ind_159_anc_3-1,0.000495,0.000000,0.000000,0.005461
Q_ind_160_anc_3-1,0.000202,0.000000,0.000000,0.002273
Q_ind_161_anc_3-1,0.000056,0.000000,0.000000,0.000542
Q_ind_162_anc_3-1,0.000992,0.000000,0.000000,0.014788
Q_ind_163_anc_3-1,0.000220,0.000000,0.000000,0.002298
Q_ind_164_anc_3-1,0.000922,0.000000,0.000000,0.011928
Q_ind_165_anc_3-1,0.001853,0.000000,0.000000,0.026087
Q_ind_166_anc_3-1,0.002754,0.000000,0.000000,0.047207
Q_ind_167_anc_3-1,0.000364,0.000000,0.000000,0.004190
Q_ind_168_anc_3-1,0.001333,0.000000,0.000000,0.023937
Q_ind_169_anc_3-1,0.001743,0.000000,0.000000,0.014530
Q_ind_170_anc_3-1,0.032219,0.000000,0.000000,0.201851
Q_ind_171_anc_3-1,0.002075,0.000000,0.000000,0.029942
Q_ind_172_anc_3-1,0.001909,0.000000,0.000000,0.024311
Q_ind_173_anc_3-1,0.003495,0.000000,0.000000,0.038250
Q_ind_174_anc_3-1,0.000694,0.000000,0.000000,0.009564
Q_ind_175_anc_3-1,0.000449,0.000000,0.000000,0.004822
Q_ind_176_anc_3-1,0.000236,0.000000,0.000000,0.002436
Q_ind_177_anc_3-1,0.002118,0.000000,0.000000,0.030101
Q_ind_178_anc_3-1,0.001104,0.000000,0.000000,0.014763
Q_ind_179_anc_3-1,0.000326,0.000000,0.000000,0.002643
Q_ind_180_anc_3-1,0.008391,0.000000,0.000000,0.076846
Q_ind_181_anc_3-1,0.000384,0.000000,0.000000,0.003667
Q_ind_182_anc_3-1,0.000446,0.000000,0.000000,0.005346
Q_ind_183_anc_3-1,0.000637,0.000000,0.000000,0.005371
Q_ind_184_anc_3-1,0.001749,0.000000,0.000000,0.022685
Q_ind_185_anc_3-1,0.005696,0.000000,0.000000,0.087547
Q_ind_186_anc_3-1,0.000859,0.000000,0.000000,0.011161
Q_ind_187_anc_3-1,0.001693,0.000000,0.000000,0.025602
Q_ind_188_anc_3-1,0.001507,0.000000,0.000000,0.022270
Q_ind_189_anc_3-1,0.051637,0.004832,0.000000,0.239868
Q_ind_190_anc_3-1,0.017091,0.000000,0.000000,0.195419
Q_ind_191_anc_3-1,0.000303,0.000000,0.000000,0.003741
Q_ind_192_anc_3-1,0.000132,0.000000,0.000000,0.001198
Q_ind_193_anc_3-1,0.000812,0.000000,0.000000,0.011878
Q_ind_194_anc_3-1,0.000035,0.000000,0.000000,0.000323
Q_ind_195_anc_3-1,0.000243,0.000000,0.000000,0.002372
Q_ind_196_anc_3-1,0.000037,0.000000,0.000000,0.000345
Q_ind_197_anc_3-1,0.000056,0.000000,0.000000,0.000512
Q_ind_198_anc_3-1,0.000043,0.000000,0.000000,0.000402
Q_ind_199_anc_3-1,0.000149,0.000000,0.000000,0.001964
Q_ind_200_anc_3-1,0.000084,0.000000,0.000000,0.000855
Q_ind_201_anc_3-1,0.000276,0.000000,0.000000,0.003722
Q_ind_202_anc_3-1,0.000139,0.000000,0.000000,0.001468
Q_ind_203_anc_3-1,0.001910,0.000000,0.000000,0.025456
Q_ind_204_anc_3-1,0.000334,0.000000,0.000000,0.002713
Q_ind_205_anc_3-1,0.000578,0.000000,0.000000,0.005224
Q_ind_206_anc_3-1,0.000523,0.000000,0.000000,0.006465
Q_ind_207_anc_3-1,0.000599,0.000000,0.000000,0.006920
Q_ind_208_anc_3-1,0.000336,0.000000,0.000000,0.004823
Q_ind_209_anc_3-1,0.001066,0.000000,0.000000,0.011735
Q_ind_210_anc_3-1,0.003509,0.000000,0.000000,0.037557
Q_ind_211_anc_3-1,0.001128,0.000000,0.000000,0.016388
Q_ind_212_anc_3-1,0.000370,0.000000,0.000000,0.003240
Q_ind_213_anc_3-1,0.017665,0.000000,0.000000,0.201750
Q_ind_214_anc_3-1,0.038707,0.000000,0.000000,0.291472
Q_ind_215_anc_3-1,0.018825,0.000000,0.000000,0.199400
Q_ind_216_anc_3-1,0.001842,0.000000,0.000000,0.022099
Q_ind_217_anc_3-1,0.039090,0.000000,0.000000,0.261910
Q_ind_218_anc_3-1,0.040677,0.000000,0.000000,0.279587
Q_ind_219_anc_3-1,0.001125,0.000000,0.000000,0.016420
Q_ind_220_anc_3-1,0.001165,0.000000,0.000000,0.011369
Q_ind_221_anc_3-1,0.003987,0.000000,0.000000,0.057127
Q_ind_222_anc_3-1,0.000680,0.000000,0.000000,0.008501
Q_ind_223_anc_3-1,0.000458,0.000000,0.000000,0.004646
Q_ind_224_anc_3-1,0.000174,0.000000,0.000000,0.001624
Q_ind_225_anc_3-1,0.000157,0.000000,0.000000,0.001608
Q_ind_226_anc_3-1,0.001036,0.000000,0.000000,0.011375
Q_ind_227_anc_3-1,0.000248,0.000000,0.000000,0.002388
Q_ind_228_anc_3-1,0.000978,0.000000,0.000000,0.012802
Q_ind_229_anc_3-1,0.000795,0.000000,0.000000,0.010974
Q_ind_230_anc_3-1,0.001054,0.000000,0.000000,0.011613
Q_ind_231_anc_3-1,0.000349,0.000000,0.000000,0.003409
Q_ind_232_anc_3-1,0.000275,0.000000,0.000000,0.003732
Q_ind_233_anc_3-1,0.000429,0.000000,0.000000,0.004838
Q_ind_234_anc_3-1,0.000141,0.000000,0.000000,0.001274
Q_ind_235_anc_3-1,0.000312,0.000000,0.000000,0.004097
Q_ind_236_anc_3-1,0.014311,0.000000,0.000000,0.119805
Q_ind_237_anc_3-1,0.000210,0.000000,0.000000,0.002881
Q_ind_238_anc_3-1,0.000216,0.000000,0.000000,0.002403
Q_ind_239_anc_3-1,0.000432,0.000000,0.000000,0.003085
Q_ind_240_anc_3-1,0.000274,0.000000,0.000000,0.003052
Q_ind_241_anc_3-1,0.000276,0.000000,0.000000,0.003977
Q_ind_242_anc_3-1,0.000373,0.000000,0.000000,0.004755
Q_ind_243_anc_3-1,0.000121,0.000000,0.000000,0.001035
Q_ind_244_anc_3-1,0.003127,0.000000,0.000000,0.039383
Q_ind_245_anc_3-1,0.000125,0.000000,0.000000,0.001080
Q_ind_1_anc_3-2,0.031089,0.000001,0.000000,0.125449
Q_ind_2_anc_3-2,0.001195,0.000000,0.000000,0.013869
Q_ind_3_anc_3-2,0.000891,0.000000,0.000000,0.012525
Q_ind_4_anc_3-2,0.002182,0.000000,0.000000,0.033125
Q_ind_5_anc_3-2,0.003863,0.000000,0.000000,0.051068
Q_ind_6_anc_3-2,0.036406,0.009066,0.000000,0.116638
Q_ind_7_anc_3-2,0.038675,0.000902,0.000000,0.134806
Q_ind_8_anc_3-2,0.000784,0.000000,0.000000,0.011259
Q_ind_9_anc_3-2,0.022551,0.000000,0.000000,0.119216
Q_ind_10_anc_3-2,0.008897,0.000000,0.000000,0.074609
Q_ind_11_anc_3-2,0.023799,0.000000,0.000000,0.122597
Q_ind_12_anc_3-2,0.019464,0.000000,0.000000,0.103282
Q_ind_13_anc_3-2,0.000279,0.000000,0.000000,0.002714
Q_ind_14_anc_3-2,0.000328,0.000000,0.000000,0.003783
Q_ind_15_anc_3-2,0.003493,0.000000,0.000000,0.043023
Q_ind_16_anc_3-2,0.000630,0.000000,0.000000,0.007583
Q_ind_17_anc_3-2,0.001425,0.000000,0.000000,0.018935
Q_ind_18_anc_3-2,0.000629,0.000000,0.000000,0.007379
Q_ind_19_anc_3-2,0.000225,0.000000,0.000000,0.002196
Q_ind_20_anc_3-2,0.002984,0.000000,0.000000,0.039354
Q_ind_21_anc_3-2,0.000326,0.000000,0.000000,0.002169
Q_ind_22_anc_3-2,0.000343,0.000000,0.000000,0.004203
Q_ind_23_anc_3-2,0.000584,0.000000,0.000000,0.007085
Q_ind_24_anc_3-2,0.001840,0.000000,0.000000,0.028432
Q_ind_25_anc_3-2,0.000143,0.000000,0.000000,0.001534
Q_ind_26_anc_3-2,0.001516,0.000000,0.000000,0.020022
Q_ind_27_anc_3-2,0.000126,0.000000,0.000000,0.001352
Q_ind_28_anc_3-2,0.003323,0.000000,0.000000,0.045290
Q_ind_29_anc_3-2,0.000493,0.000000,0.000000,0.007169
Q_ind_30_anc_3-2,0.000773,0.000000,0.000000,0.011527
Q_ind_31_anc_3-2,0.000281,0.000000,0.000000,0.003032
Q_ind_32_anc_3-2,0.000180,0.000000,0.000000,0.001810
Q_ind_33_anc_3-2,0.001141,0.000000,0.000000,0.017902
Q_ind_34_anc_3-2,0.000145,0.000000,0.000000,0.001783
Q_ind_35_anc_3-2,0.000255,0.000000,0.000000,0.002492
Q_ind_36_anc_3-2,0.000083,0.000000,0.000000,0.000644
Q_ind_37_anc_3-2,0.000351,0.000000,0.000000,0.003710
Q_ind_38_anc_3-2,0.000186,0.000000,0.000000,0.002170
Q_ind_39_anc_3-2,0.000366,0.000000,0.000000,0.004263
Q_ind_40_anc_3-2,0.000505,0.000000,0.000000,0.006557
Q_ind_41_anc_3-2,0.000248,0.000000,0.000000,0.002802
Q_ind_42_anc_3-2,0.000115,0.000000,0.000000,0.001288
Q_ind_43_anc_3-2,0.000200,0.000000,0.000000,0.001750
Q_ind_44_anc_3-2,0.000126,0.000000,0.000000,0.001463
Q_ind_45_anc_3-2,0.000118,0.000000,0.000000,0.001167
Q_ind_46_anc_3-2,0.000086,0.000000,0.000000,0.000953
Q_ind_47_anc_3-2,0.000183,0.000000,0.000000,0.001833
Q_ind_48_anc_3-2,0.000156,0.000000,0.000000,0.001647
Q_ind_49_anc_3-2,0.000083,0.000000,0.000000,0.000799
Q_ind_50_anc_3-2,0.000152,0.000000,0.000000,0.001425
Q_ind_51_anc_3-2,0.000121,0.000000,0.000000,0.001323
Q_ind_52_anc_3-2,0.000095,0.000000,0.000000,0.001230
Q_ind_53_anc_3-2,0.000071,0.000000,0.000000,0.000643
Q_ind_54_anc_3-2,0.000422,0.000000,0.000000,0.005833
Q_ind_55_anc_3-2,0.000090,0.000000,0.000000,0.000897
Q_ind_56_anc_3-2,0.000223,0.000000,0.000000,0.002802
Q_ind_57_anc_3-2,0.000276,0.000000,0.000000,0.002891
Q_ind_58_anc_3-2,0.000120,0.000000,0.000000,0.001366
Q_ind_59_anc_3-2,0.000457,0.000000,0.000000,0.005048
Q_ind_60_anc_3-2,0.000181,0.000000,0.000000,0.002181
Q_ind_61_anc_3-2,0.000100,0.000000,0.000000,0.000896
Q_ind_62_anc_3-2,0.000445,0.000000,0.000000,0.006165
Q_ind_63_anc_3-2,0.000120,0.000000,0.000000,0.001328
Q_ind_64_anc_3-2,0.000198,0.000000,0.000000,0.002433
Q_ind_65_anc_3-2,0.000080,0.000000,0.000000,0.000934
Q_ind_66_anc_3-2,0.000079,0.000000,0.000000,0.000666
Q_ind_67_anc_3-2,0.000138,0.000000,0.000000,0.001111
Q_ind_68_anc_3-2,0.000607,0.000000,0.000000,0.008279
Q_ind_69_anc_3-2,0.001014,0.000000,0.000000,0.014131
Q_ind_70_anc_3-2,0.000172,0.000000,0.000000,0.001640
Q_ind_71_anc_3-2,0.000309,0.000000,0.000000,0.003376
Q_ind_72_anc_3-2,0.000778,0.000000,0.000000,0.012115
Q_ind_73_anc_3-2,0.000422,0.000000,0.000000,0.005671
Q_ind_74_anc_3-2,0.000187,0.000000,0.000000,0.001757
Q_ind_75_anc_3-2,0.000365,0.000000,0.000000,0.004534
Q_ind_76_anc_3-2,0.000206,0.000000,0.000000,0.002060
Q_ind_77_anc_3-2,0.000898,0.000000,0.000000,0.012591
Q_ind_78_anc_3-2,0.000612,0.000000,0.000000,0.005297
Q_ind_79_anc_3-2,0.001120,0.000000,0.000000,0.015485
Q_ind_80_anc_3-2,0.015363,0.000000,0.000000,0.089434
Q_ind_81_anc_3-2,0.000330,0.000000,0.000000,0.002461
Q_ind_82_anc_3-2,0.000219,0.000000,0.000000,0.002584
Q_ind_83_anc_3-2,0.000618,0.000000,0.000000,0.007873
Q_ind_84_anc_3-2,0.000566,0.000000,0.000000,0.006203
Q_ind_85_anc_3-2,0.000656,0.000000,0.000000,0.008844
Q_ind_86_anc_3-2,0.001249,0.000000,0.000000,0.017092
Q_ind_87_anc_3-2,0.002279,0.000000,0.000000,0.036157
Q_ind_88_anc_3-2,0.000752,0.000000,0.000000,0.005534
Q_ind_89_anc_3-2,0.001853,0.000000,0.000000,0.027316
Q_ind_90_anc_3-2,0.001124,0.000000,0.000000,0.016189
Q_ind_91_anc_3-2,0.000352,0.000000,0.000000,0.004028
Q_ind_92_anc_3-2,0.000464,0.000000,0.000000,0.004485
Q_ind_93_anc_3-2,0.002301,0.000000,0.000000,0.032932
Q_ind_94_anc_3-2,0.000149,0.000000,0.000000,0.001669
Q_ind_95_anc_3-2,0.000779,0.000000,0.000000,0.009820
Q_ind_96_anc_3-2,0.000216,0.000000,0.000000,0.002711
Q_ind_97_anc_3-2,0.000699,0.000000,0.000000,0.009690
Q_ind_98_anc_3-2,0.001274,0.000000,0.000000,0.016240
Q_ind_99_anc_3-2,0.000501,0.000000,0.000000,0.005617
Q_ind_100_anc_3-2,0.000387,0.000000,0.000000,0.005473
Q_ind_101_anc_3-2,0.000065,0.000000,0.000000,0.000698
Q_ind_102_anc_3-2,0.000085,0.000000,0.000000,0.000942
Q_ind_103_anc_3-2,0.000155,0.000000,0.000000,0.001338
Q_ind_104_anc_3-2,0.000108,0.000000,0.000000,0.000985
Q_ind_105_anc_3-2,0.000444,0.000000,0.000000,0.006499
Q_ind_106_anc_3-2,0.000188,0.000000,0.000000,0.001795
Q_ind_107_anc_3-2,0.000385,0.000000,0.000000,0.004401
Q_ind_108_anc_3-2,0.012027,0.000000,0.000000,0.106363
Q_ind_109_anc_3-2,0.012904,0.000000,0.000000,0.122084
Q_ind_110_anc_3-2,0.000522,0.000000,0.000000,0.003887
Q_ind_111_anc_3-2,0.011945,0.000000,0.000000,0.133858
Q_ind_112_anc_3-2,0.001447,0.000000,0.000000,0.022916
Q_ind_113_anc_3-2,0.004091,0.000000,0.000000,0.061533
Q_ind_114_anc_3-2,0.001265,0.000000,0.000000,0.022780
Q_ind_115_anc_3-2,0.000166,0.000000,0.000000,0.002003
Q_ind_116_anc_3-2,0.000111,0.000000,0.000000,0.001008
Q_ind_117_anc_3-2,0.000247,0.000000,0.000000,0.003087
Q_ind_118_anc_3-2,0.000099,0.000000,0.000000,0.000967
Q_ind_119_anc_3-2,0.000289,0.000000,0.000000,0.003937
Q_ind_120_anc_3-2,0.000129,0.000000,0.000000,0.001422
Q_ind_121_anc_3-2,0.000112,0.000000,0.000000,0.001314
Q_ind_122_anc_3-2,0.000110,0.000000,0.000000,0.001355
Q_ind_123_anc_3-2,0.000128,0.000000,0.000000,0.001150
Q_ind_124_anc_3-2,0.000275,0.000000,0.000000,0.002155
Q_ind_125_anc_3-2,0.001343,0.000000,0.000000,0.020933
Q_ind_126_anc_3-2,0.000540,0.000000,0.000000,0.007034
Q_ind_127_anc_3-2,0.000457,0.000000,0.000000,0.004646
Q_ind_128_anc_3-2,0.000189,0.000000,0.000000,0.001728
Q_ind_129_anc_3-2,0.000473,0.000000,0.000000,0.005992
Q_ind_130_anc_3-2,0.000296,0.000000,0.000000,0.002117
Q_ind_131_anc_3-2,0.001108,0.000000,0.000000,0.016142
Q_ind_132_anc_3-2,0.000996,0.000000,0.000000,0.013941
Q_ind_133_anc_3-2,0.000411,0.000000,0.000000,0.005069
Q_ind_134_anc_3-2,0.002227,0.000000,0.000000,0.027435
Q_ind_135_anc_3-2,0.000941,0.000000,0.000000,0.011210
Q_ind_136_anc_3-2,0.001514,0.000000,0.000000,0.021005
Q_ind_137_anc_3-2,0.000282,0.000000,0.000000,0.003427
Q_ind_138_anc_3-2,0.001074,0.000000,0.000000,0.009349
Q_ind_139_anc_3-2,0.001662,0.000000,0.000000,0.024321
Q_ind_140_anc_3-2,0.000559,0.000000,0.000000,0.005281
Q_ind_141_anc_3-2,0.001297,0.000000,0.000000,0.015133
Q_ind_142_anc_3-2,0.001098,0.000000,0.000000,0.015316
Q_ind_143_anc_3-2,0.000482,0.000000,0.000000,0.005672
Q_ind_144_anc_3-2,0.000265,0.000000,0.000000,0.002541
Q_ind_145_anc_3-2,0.000178,0.000000,0.000000,0.002064
Q_ind_146_anc_3-2,0.001086,0.000000,0.000000,0.017548
Q_ind_147_anc_3-2,0.000190,0.000000,0.000000,0.002306
Q_ind_148_anc_3-2,0.000407,0.000000,0.000000,0.005672
Q_ind_149_anc_3-2,0.000189,0.000000,0.000000,0.002454
Q_ind_150_anc_3-2,0.000243,0.000000,0.000000,0.002886
Q_ind_151_anc_3-2,0.000387,0.000000,0.000000,0.005714
Q_ind_152_anc_3-2,0.000099,0.000000,0.000000,0.000867
Q_ind_153_anc_3-2,0.000184,0.000000,0.000000,0.001841
Q_ind_154_anc_3-2,0.000289,0.000000,0.000000,0.003934
Q_ind_155_anc_3-2,0.000111,0.000000,0.000000,0.001019
Q_ind_156_anc_3-2,0.001131,0.000000,0.000000,0.016603
Q_ind_157_anc_3-2,0.000115,0.000000,0.000000,0.001389
Q_ind_158_anc_3-2,0.000549,0.000000,0.000000,0.006393
Q_ind_159_anc_3-2,0.000753,0.000000,0.000000,0.008981
Q_ind_160_anc_3-2,0.002046,0.000000,0.000000,0.028320
Q_ind_161_anc_3-2,0.000073,0.000000,0.000000,0.000846
Q_ind_162_anc_3-2,0.000394,0.000000,0.000000,0.004457
Q_ind_163_anc_3-2,0.000299,0.000000,0.000000,0.003362
Q_ind_164_anc_3-2,0.000331,0.000000,0.000000,0.003822
Q_ind_165_anc_3-2,0.000708,0.000000,0.000000,0.010011
Q_ind_166_anc_3-2,0.025529,0.000000,0.000000,0.150223
Q_ind_167_anc_3-2,0.001739,0.000000,0.000000,0.018760
Q_ind_168_anc_3-2,0.001174,0.000000,0.000000,0.015637
Q_ind_169_anc_3-2,0.000237,0.000000,0.000000,0.002856
Q_ind_170_anc_3-2,0.000347,0.000000,0.000000,0.004711
Q_ind_171_anc_3-2,0.000440,0.000000,0.000000,0.006088
Q_ind_172_anc_3-2,0.000141,0.000000,0.000000,0.001843
Q_ind_173_anc_3-2,0.001104,0.000000,0.000000,0.015732
Q_ind_174_anc_3-2,0.000194,0.000000,0.000000,0.002075
Q_ind_175_anc_3-2,0.043794,0.046786,0.000000,0.116294
Q_ind_176_anc_3-2,0.000686,0.000000,0.000000,0.010373
Q_ind_177_anc_3-2,0.000454,0.000000,0.000000,0.005245
Q_ind_178_anc_3-2,0.001899,0.000000,0.000000,0.028233
Q_ind_179_anc_3-2,0.002794,0.000000,0.000000,0.037457
Q_ind_180_anc_3-2,0.000849,0.000000,0.000000,0.011103
Q_ind_181_anc_3-2,0.000564,0.000000,0.000000,0.005907
Q_ind_182_anc_3-2,0.000249,0.000000,0.000000,0.003117
Q_ind_183_anc_3-2,0.000581,0.000000,0.000000,0.007942
Q_ind_184_anc_3-2,0.000863,0.000000,0.000000,0.010213
Q_ind_185_anc_3-2,0.001747,0.000000,0.000000,0.025539
Q_ind_186_anc_3-2,0.000266,0.000000,0.000000,0.003694
Q_ind_187_anc_3-2,0.000700,0.000000,0.000000,0.009618
Q_ind_188_anc_3-2,0.001453,0.000000,0.000000,0.020476
Q_ind_189_anc_3-2,0.000779,0.000000,0.000000,0.011633
Q_ind_190_anc_3-2,0.003413,0.000000,0.000000,0.042481
Q_ind_191_anc_3-2,0.000849,0.000000,0.000000,0.012667
Q_ind_192_anc_3-2,0.000448,0.000000,0.000000,0.004481
Q_ind_193_anc_3-2,0.002772,0.000000,0.000000,0.037831
Q_ind_194_anc_3-2,0.000166,0.000000,0.000000,0.002189
Q_ind_195_anc_3-2,0.001246,0.000000,0.000000,0.017119
Q_ind_196_anc_3-2,0.000073,0.000000,0.000000,0.000699
Q_ind_197_anc_3-2,0.000115,0.000000,0.000000,0.001371
Q_ind_198_anc_3-2,0.000119,0.000000,0.000000,0.001343
Q_ind_199_anc_3-2,0.001317,0.000000,0.000000,0.018923
Q_ind_200_anc_3-2,0.000128,0.000000,0.000000,0.001296
Q_ind_201_anc_3-2,0.002589,0.000000,0.000000,0.038572
Q_ind_202_anc_3-2,0.000500,0.000000,0.000000,0.005157
Q_ind_203_anc_3-2,0.001060,0.000000,0.000000,0.013738
Q_ind_204_anc_3-2,0.000607,0.000000,0.000000,0.006616
Q_ind_205_anc_3-2,0.000412,0.000000,0.000000,0.004244
Q_ind_206_anc_3-2,0.000360,0.000000,0.000000,0.004156
Q_ind_207_anc_3-2,0.000415,0.000000,0.000000,0.006124
Q_ind_208_anc_3-2,0.035247,0.000000,0.000000,0.186423
Q_ind_209_anc_3-2,0.000963,0.000000,0.000000,0.013321
Q_ind_210_anc_3-2,0.000342,0.000000,0.000000,0.003766
Q_ind_211_anc_3-2,0.002034,0.000000,0.000000,0.028686
Q_ind_212_anc_3-2,0.001822,0.000000,0.000000,0.029203
Q_ind_213_anc_3-2,0.000331,0.000000,0.000000,0.002906
Q_ind_214_anc_3-2,0.000226,0.000000,0.000000,0.002957
Q_ind_215_anc_3-2,0.000388,0.000000,0.000000,0.004286
Q_ind_216_anc_3-2,0.000373,0.000000,0.000000,0.002788
Q_ind_217_anc_3-2,0.000184,0.000000,0.000000,0.001773
Q_ind_218_anc_3-2,0.000263,0.000000,0.000000,0.003133
Q_ind_219_anc_3-2,0.000407,0.000000,0.000000,0.005149
Q_ind_220_anc_3-2,0.000966,0.000000,0.000000,0.014058
Q_ind_221_anc_3-2,0.000204,0.000000,0.000000,0.002431
Q_ind_222_anc_3-2,0.000275,0.000000,0.000000,0.003425
Q_ind_223_anc_3-2,0.003483,0.000000,0.000000,0.044402
Q_ind_224_anc_3-2,0.004843,0.000000,0.000000,0.052806
Q_ind_225_anc_3-2,0.001471,0.000000,0.000000,0.021544
Q_ind_226_anc_3-2,0.002698,0.000000,0.000000,0.036458
Q_ind_227_anc_3-2,0.003838,0.000000,0.000000,0.049633
Q_ind_228_anc_3-2,0.000607,0.000000,0.000000,0.007207
Q_ind_229_anc_3-2,0.000137,0.000000,0.000000,0.001233
Q_ind_230_anc_3-2,0.000967,0.000000,0.000000,0.011703
Q_ind_231_anc_3-2,0.001307,0.000000,0.000000,0.017653
Q_ind_232_anc_3-2,0.001379,0.000000,0.000000,0.020490
Q_ind_233_anc_3-2,0.015213,0.000000,0.000000,0.098083
Q_ind_234_anc_3-2,0.000146,0.000000,0.000000,0.001510
Q_ind_235_anc_3-2,0.000389,0.000000,0.000000,0.004622
Q_ind_236_anc_3-2,0.000756,0.000000,0.000000,0.011675
Q_ind_237_anc_3-2,0.000098,0.000000,0.000000,0.000971
Q_ind_238_anc_3-2,0.000157,0.000000,0.000000,0.001850
Q_ind_239_anc_3-2,0.000166,0.000000,0.000000,0.001812
Q_ind_240_anc_3-2,0.000122,0.000000,0.000000,0.001024
Q_ind_241_anc_3-2,0.000149,0.000000,0.000000,0.001657
Q_ind_242_anc_3-2,0.000269,0.000000,0.000000,0.003702
Q_ind_243_anc_3-2,0.000085,0.000000,0.000000,0.000846
Q_ind_244_anc_3-2,0.000207,0.000000,0.000000,0.001954
Q_ind_245_anc_3-2,0.000103,0.000000,0.000000,0.001029
Q_ind_1_anc_3-3,0.000291,0.000000,0.000000,0.003295
Q_ind_2_anc_3-3,0.002704,0.000000,0.000000,0.039092
Q_ind_3_anc_3-3,0.004966,0.000000,0.000000,0.052785
Q_ind_4_anc_3-3,0.003982,0.000000,0.000000,0.039304
Q_ind_5_anc_3-3,0.000222,0.000000,0.000000,0.001602
Q_ind_6_anc_3-3,0.000408,0.000000,0.000000,0.004373
Q_ind_7_anc_3-3,0.004056,0.000000,0.000000,0.049777
Q_ind_8_anc_3-3,0.000539,0.000000,0.000000,0.006530
Q_ind_9_anc_3-3,0.004912,0.000000,0.000000,0.051963
Q_ind_10_anc_3-3,0.002272,0.000000,0.000000,0.030354
Q_ind_11_anc_3-3,0.002343,0.000000,0.000000,0.030112
Q_ind_12_anc_3-3,0.001103,0.000000,0.000000,0.013900
Q_ind_13_anc_3-3,0.000490,0.000000,0.000000,0.006154
Q_ind_14_anc_3-3,0.125033,0.123119,0.038969,0.233649
Q_ind_15_anc_3-3,0.136322,0.141429,0.000000,0.228195
Q_ind_16_anc_3-3,0.021335,0.000000,0.000000,0.119793
Q_ind_17_anc_3-3,0.034047,0.000000,0.000000,0.166410
Q_ind_18_anc_3-3,0.088608,0.101611,0.000000,0.190780
Q_ind_19_anc_3-3,0.032738,0.000000,0.000000,0.154026
Q_ind_20_anc_3-3,0.001148,0.000000,0.000000,0.015888
Q_ind_21_anc_3-3,0.762177,0.739888,0.681970,0.919008
Q_ind_22_anc_3-3,0.738617,0.718672,0.633492,0.929344
Q_ind_23_anc_3-3,0.793969,0.770921,0.677935,0.988551
Q_ind_24_anc_3-3,0.626500,0.604288,0.504838,0.849641
Q_ind_25_anc_3-3,0.747773,0.725267,0.660655,0.910676
Q_ind_26_anc_3-3,0.796820,0.773960,0.695039,0.983929
Q_ind_27_anc_3-3,0.802904,0.782653,0.718868,0.959023
Q_ind_28_anc_3-3,0.785451,0.764441,0.679474,0.971935
Q_ind_29_anc_3-3,0.772473,0.749253,0.675100,0.950753
Q_ind_30_anc_3-3,0.710730,0.698946,0.606037,0.877180
Q_ind_31_anc_3-3,0.000173,0.000000,0.000000,0.001633
Q_ind_32_anc_3-3,0.000568,0.000000,0.000000,0.007406
Q_ind_33_anc_3-3,0.000380,0.000000,0.000000,0.003929
Q_ind_34_anc_3-3,0.000157,0.000000,0.000000,0.001920
Q_ind_35_anc_3-3,0.000143,0.000000,0.000000,0.001502
Q_ind_36_anc_3-3,0.000050,0.000000,0.000000,0.000561
Q_ind_37_anc_3-3,0.000134,0.000000,0.000000,0.001450
Q_ind_38_anc_3-3,0.000069,0.000000,0.000000,0.000742
Q_ind_39_anc_3-3,0.000050,0.000000,0.000000,0.000477
Q_ind_40_anc_3-3,0.000221,0.000000,0.000000,0.001741
Q_ind_41_anc_3-3,0.000252,0.000000,0.000000,0.002357
Q_ind_42_anc_3-3,0.000169,0.000000,0.000000,0.001334
Q_ind_43_anc_3-3,0.000160,0.000000,0.000000,0.001640
Q_ind_44_anc_3-3,0.000098,0.000000,0.000000,0.001208
Q_ind_45_anc_3-3,0.000162,0.000000,0.000000,0.001580
Q_ind_46_anc_3-3,0.000116,0.000000,0.000000,0.001284
Q_ind_47_anc_3-3,0.000100,0.000000,0.000000,0.000960
Q_ind_48_anc_3-3,0.000221,0.000000,0.000000,0.002567
Q_ind_49_anc_3-3,0.000135,0.000000,0.000000,0.001619
Q_ind_50_anc_3-3,0.000166,0.000000,0.000000,0.001448
Q_ind_51_anc_3-3,0.000340,0.000000,0.000000,0.004697
Q_ind_52_anc_3-3,0.000208,0.000000,0.000000,0.002541
Q_ind_53_anc_3-3,0.000115,0.000000,0.000000,0.001251
Q_ind_54_anc_3-3,0.000247,0.000000,0.000000,0.003356
Q_ind_55_anc_3-3,0.000145,0.000000,0.000000,0.001559
Q_ind_56_anc_3-3,0.000413,0.000000,0.000000,0.004897
Q_ind_57_anc_3-3,0.000331,0.000000,0.000000,0.004184
Q_ind_58_anc_3-3,0.000077,0.000000,0.000000,0.000812
Q_ind_59_anc_3-3,0.000452,0.000000,0.000000,0.005908
Q_ind_60_anc_3-3,0.000174,0.000000,0.000000,0.001635
Q_ind_61_anc_3-3,0.000103,0.000000,0.000000,0.000722
Q_ind_62_anc_3-3,0.000455,0.000000,0.000000,0.003957
Q_ind_63_anc_3-3,0.000097,0.000000,0.000000,0.001088
Q_ind_64_anc_3-3,0.000192,0.000000,0.000000,0.002465
Q_ind_65_anc_3-3,0.000079,0.000000,0.000000,0.000862
Q_ind_66_anc_3-3,0.000112,0.000000,0.000000,0.001291
Q_ind_67_anc_3-3,0.000135,0.000000,0.000000,0.001684
Q_ind_68_anc_3-3,0.000696,0.000000,0.000000,0.008204
Q_ind_69_anc_3-3,0.000233,0.000000,0.000000,0.002539
Q_ind_70_anc_3-3,0.000073,0.000000,0.000000,0.000739
Q_ind_71_anc_3-3,0.026709,0.000010,0.000000,0.120393
Q_ind_72_anc_3-3,0.015979,0.000000,0.000000,0.131131
Q_ind_73_anc_3-3,0.000590,0.000000,0.000000,0.008428
Q_ind_74_anc_3-3,0.000274,0.000000,0.000000,0.002165
Q_ind_75_anc_3-3,0.000129,0.000000,0.000000,0.001710
Q_ind_76_anc_3-3,0.091392,0.090089,0.036081,0.152324
Q_ind_77_anc_3-3,0.634373,0.632699,0.430628,0.823828
Q_ind_78_anc_3-3,0.522185,0.502717,0.381648,0.704492
Q_ind_79_anc_3-3,0.541380,0.467698,0.346989,0.828781
Q_ind_80_anc_3-3,0.464151,0.452312,0.347706,0.632727
Q_ind_81_anc_3-3,0.393816,0.387796,0.292228,0.527602
Q_ind_82_anc_3-3,0.624213,0.630970,0.517825,0.700323
Q_ind_83_anc_3-3,0.657454,0.654208,0.488102,0.809690
Q_ind_84_anc_3-3,0.536556,0.453710,0.331854,0.793521
Q_ind_85_anc_3-3,0.634898,0.625614,0.404557,0.824893
Q_ind_86_anc_3-3,0.644908,0.634488,0.493446,0.798968
Q_ind_87_anc_3-3,0.582752,0.560820,0.434776,0.825659
Q_ind_88_anc_3-3,0.001088,0.000000,0.000000,0.015671
Q_ind_89_anc_3-3,0.010758,0.000000,0.000000,0.075054
Q_ind_90_anc_3-3,0.001453,0.000000,0.000000,0.018126
Q_ind_91_anc_3-3,0.021125,0.000000,0.000000,0.110753
Q_ind_92_anc_3-3,0.000636,0.000000,0.000000,0.007683
Q_ind_93_anc_3-3,0.000822,0.000000,0.000000,0.010032
Q_ind_94_anc_3-3,0.000248,0.000000,0.000000,0.002635
Q_ind_95_anc_3-3,0.024072,0.000004,0.000000,0.113615
Q_ind_96_anc_3-3,0.000255,0.000000,0.000000,0.002563
Q_ind_97_anc_3-3,0.000217,0.000000,0.000000,0.002415
Q_ind_98_anc_3-3,0.000139,0.000000,0.000000,0.001250
Q_ind_99_anc_3-3,0.000145,0.000000,0.000000,0.001132
Q_ind_100_anc_3-3,0.000581,0.000000,0.000000,0.007263
Q_ind_101_anc_3-3,0.000193,0.000000,0.000000,0.001599
Q_ind_102_anc_3-3,0.000084,0.000000,0.000000,0.000703
Q_ind_103_anc_3-3,0.000113,0.000000,0.000000,0.001051
Q_ind_104_anc_3-3,0.000152,0.000000,0.000000,0.001642
Q_ind_105_anc_3-3,0.000108,0.000000,0.000000,0.001192
Q_ind_106_anc_3-3,0.000376,0.000000,0.000000,0.003470
Q_ind_107_anc_3-3,0.001726,0.000000,0.000000,0.024715
Q_ind_108_anc_3-3,0.155668,0.194578,0.000000,0.277476
Q_ind_109_anc_3-3,0.022270,0.000000,0.000000,0.208342
Q_ind_110_anc_3-3,0.036138,0.000000,0.000000,0.229059
Q_ind_111_anc_3-3,0.166307,0.173426,0.000000,0.291412
Q_ind_112_anc_3-3,0.000492,0.000000,0.000000,0.004398
Q_ind_113_anc_3-3,0.033770,0.000000,0.000000,0.264412
Q_ind_114_anc_3-3,0.264018,0.261770,0.152179,0.388410
Q_ind_115_anc_3-3,0.000233,0.000000,0.000000,0.002599
Q_ind_116_anc_3-3,0.000274,0.000000,0.000000,0.003989
Q_ind_117_anc_3-3,0.000334,0.000000,0.000000,0.004863
Q_ind_118_anc_3-3,0.000143,0.000000,0.000000,0.001137
Q_ind_119_anc_3-3,0.000768,0.000000,0.000000,0.011668
Q_ind_120_anc_3-3,0.000159,0.000000,0.000000,0.001578
Q_ind_121_anc_3-3,0.000801,0.000000,0.000000,0.011343
Q_ind_122_anc_3-3,0.000099,0.000000,0.000000,0.001032
Q_ind_123_anc_3-3,0.000512,0.000000,0.000000,0.006884
Q_ind_124_anc_3-3,0.000480,0.000000,0.000000,0.006158
Q_ind_125_anc_3-3,0.522548,0.515431,0.399824,0.686116
Q_ind_126_anc_3-3,0.555728,0.539964,0.456034,0.733259
Q_ind_127_anc_3-3,0.609658,0.615909,0.432969,0.743140
Q_ind_128_anc_3-3,0.476787,0.472516,0.357620,0.615619
Q_ind_129_anc_3-3,0.705971,0.684976,0.576619,0.895344
Q_ind_130_anc_3-3,0.614609,0.606228,0.508640,0.772917
Q_ind_131_anc_3-3,0.034055,0.000000,0.000000,0.271951
Q_ind_132_anc_3-3,0.000133,0.000000,0.000000,0.001197
Q_ind_133_anc_3-3,0.747443,0.744536,0.545569,0.980568
Q_ind_134_anc_3-3,0.759563,0.736699,0.659448,0.940120
Q_ind_135_anc_3-3,0.772026,0.754401,0.662943,0.944247
Q_ind_136_anc_3-3,0.756811,0.732075,0.668842,0.933025
Q_ind_137_anc_3-3,0.718513,0.706355,0.627042,0.876904
Q_ind_138_anc_3-3,0.241053,0.216807,0.078105,0.471726
Q_ind_139_anc_3-3,0.617948,0.615142,0.499915,0.757028
Q_ind_140_anc_3-3,0.727010,0.711527,0.631901,0.883820
Q_ind_141_anc_3-3,0.727416,0.710778,0.627294,0.888954
Q_ind_142_anc_3-3,0.000310,0.000000,0.000000,0.002880
Q_ind_143_anc_3-3,0.699654,0.680588,0.605069,0.902096
Q_ind_144_anc_3-3,0.755964,0.740745,0.663700,0.893314
Q_ind_145_anc_3-3,0.000152,0.000000,0.000000,0.001353
Q_ind_146_anc_3-3,0.022727,0.020695,0.000000,0.067071
Q_ind_147_anc_3-3,0.000433,0.000000,0.000000,0.006143
Q_ind_148_anc_3-3,0.003416,0.000000,0.000000,0.038622
Q_ind_149_anc_3-3,0.000119,0.000000,0.000000,0.001081
Q_ind_150_anc_3-3,0.000252,0.000000,0.000000,0.002916
Q_ind_151_anc_3-3,0.000282,0.000000,0.000000,0.002962
Q_ind_152_anc_3-3,0.000202,0.000000,0.000000,0.002224
Q_ind_153_anc_3-3,0.000164,0.000000,0.000000,0.001725
Q_ind_154_anc_3-3,0.000425,0.000000,0.000000,0.005441
Q_ind_155_anc_3-3,0.000056,0.000000,0.000000,0.000495
Q_ind_156_anc_3-3,0.002039,0.000000,0.000000,0.029282
Q_ind_157_anc_3-3,0.000136,0.000000,0.000000,0.001390
Q_ind_158_anc_3-3,0.000661,0.000000,0.000000,0.008820
Q_ind_159_anc_3-3,0.001450,0.000000,0.000000,0.018804
Q_ind_160_anc_3-3,0.000514,0.000000,0.000000,0.006699
Q_ind_161_anc_3-3,0.000121,0.000000,0.000000,0.001397
Q_ind_162_anc_3-3,0.000858,0.000000,0.000000,0.011156
Q_ind_163_anc_3-3,0.000797,0.000000,0.000000,0.011072
Q_ind_164_anc_3-3,0.000679,0.000000,0.000000,0.007912
Q_ind_165_anc_3-3,0.157111,0.212769,0.000000,0.351740
Q_ind_166_anc_3-3,0.258379,0.294653,0.000000,0.374778
Q_ind_167_anc_3-3,0.383467,0.380110,0.301031,0.483487
Q_ind_168_anc_3-3,0.216052,0.209144,0.098678,0.366081
Q_ind_169_anc_3-3,0.000616,0.000000,0.000000,0.007685
Q_ind_170_anc_3-3,0.775569,0.763026,0.688932,0.983467
Q_ind_171_anc_3-3,0.786578,0.759834,0.685959,0.982135
Q_ind_172_anc_3-3,0.771014,0.744429,0.689320,0.951459
Q_ind_173_anc_3-3,0.655856,0.631069,0.572402,0.833101
Q_ind_174_anc_3-3,0.800516,0.771425,0.719264,0.998075
Q_ind_175_anc_3-3,0.315970,0.301021,0.155478,0.594322
Q_ind_176_anc_3-3,0.000514,0.000000,0.000000,0.006440
Q_ind_177_anc_3-3,0.002985,0.000000,0.000000,0.038261
Q_ind_178_anc_3-3,0.396809,0.372144,0.168241,0.595152
Q_ind_179_anc_3-3,0.313681,0.302665,0.193187,0.492669
Q_ind_180_anc_3-3,0.489403,0.487514,0.404209,0.583089
Q_ind_181_anc_3-3,0.073043,0.000000,0.000000,0.340739
Q_ind_182_anc_3-3,0.073251,0.069889,0.000000,0.205309
Q_ind_183_anc_3-3,0.254836,0.251800,0.048483,0.451016
Q_ind_184_anc_3-3,0.031502,0.000000,0.000000,0.350544
Q_ind_185_anc_3-3,0.019782,0.000000,0.000000,0.266531
Q_ind_186_anc_3-3,0.282965,0.287908,0.183548,0.364561
Q_ind_187_anc_3-3,0.248222,0.257172,0.125895,0.335025
Q_ind_188_anc_3-3,0.009052,0.000000,0.000000,0.099811
Q_ind_189_anc_3-3,0.348716,0.345402,0.228680,0.488407
Q_ind_190_anc_3-3,0.000268,0.000000,0.000000,0.003210
Q_ind_191_anc_3-3,0.301853,0.302585,0.197089,0.402865
Q_ind_192_anc_3-3,0.000136,0.000000,0.000000,0.001306
Q_ind_193_anc_3-3,0.000754,0.000000,0.000000,0.011124
Q_ind_194_anc_3-3,0.000031,0.000000,0.000000,0.000328
Q_ind_195_anc_3-3,0.000135,0.000000,0.000000,0.001076
Q_ind_196_anc_3-3,0.000049,0.000000,0.000000,0.000482
Q_ind_197_anc_3-3,0.000052,0.000000,0.000000,0.000572
Q_ind_198_anc_3-3,0.000047,0.000000,0.000000,0.000453
Q_ind_199_anc_3-3,0.000188,0.000000,0.000000,0.001787
Q_ind_200_anc_3-3,0.000080,0.000000,0.000000,0.000938
Q_ind_201_anc_3-3,0.000131,0.000000,0.000000,0.001351
Q_ind_202_anc_3-3,0.000145,0.000000,0.000000,0.001532
Q_ind_203_anc_3-3,0.000918,0.000000,0.000000,0.012194
Q_ind_204_anc_3-3,0.001040,0.000000,0.000000,0.014257
Q_ind_205_anc_3-3,0.000773,0.000000,0.000000,0.010943
Q_ind_206_anc_3-3,0.000558,0.000000,0.000000,0.008572
Q_ind_207_anc_3-3,0.000755,0.000000,0.000000,0.010075
Q_ind_208_anc_3-3,0.000217,0.000000,0.000000,0.001877
Q_ind_209_anc_3-3,0.000556,0.000000,0.000000,0.006825
Q_ind_210_anc_3-3,0.000661,0.000000,0.000000,0.008264
Q_ind_211_anc_3-3,0.000349,0.000000,0.000000,0.004567
Q_ind_212_anc_3-3,0.000365,0.000000,0.000000,0.003804
Q_ind_213_anc_3-3,0.431715,0.428067,0.301020,0.576881
Q_ind_214_anc_3-3,0.416255,0.404363,0.287711,0.625957
Q_ind_215_anc_3-3,0.374631,0.360913,0.228671,0.596117
Q_ind_216_anc_3-3,0.428639,0.404380,0.289223,0.702854
Q_ind_217_anc_3-3,0.405444,0.400580,0.276011,0.565209
Q_ind_218_anc_3-3,0.214957,0.208035,0.084206,0.400578
Q_ind_219_anc_3-3,0.384821,0.376294,0.255798,0.578205
Q_ind_220_anc_3-3,0.468891,0.436911,0.330922,0.728371
Q_ind_221_anc_3-3,0.275509,0.265248,0.152645,0.444863
Q_ind_222_anc_3-3,0.393161,0.385963,0.273009,0.553900
Q_ind_223_anc_3-3,0.000195,0.000000,0.000000,0.002327
Q_ind_224_anc_3-3,0.000095,0.000000,0.000000,0.000861
Q_ind_225_anc_3-3,0.000386,0.000000,0.000000,0.005122
Q_ind_226_anc_3-3,0.000312,0.000000,0.000000,0.003265
Q_ind_227_anc_3-3,0.000437,0.000000,0.000000,0.005139
Q_ind_228_anc_3-3,0.002353,0.000000,0.000000,0.029863
Q_ind_229_anc_3-3,0.000133,0.000000,0.000000,0.001480
Q_ind_230_anc_3-3,0.002821,0.000000,0.000000,0.033892
Q_ind_231_anc_3-3,0.000173,0.000000,0.000000,0.001147
Q_ind_232_anc_3-3,0.000451,0.000000,0.000000,0.006438
Q_ind_233_anc_3-3,0.002696,0.000000,0.000000,0.033749
Q_ind_234_anc_3-3,0.000148,0.000000,0.000000,0.001417
Q_ind_235_anc_3-3,0.001618,0.000000,0.000000,0.021746
Q_ind_236_anc_3-3,0.006004,0.000000,0.000000,0.042883
Q_ind_237_anc_3-3,0.000162,0.000000,0.000000,0.001192
Q_ind_238_anc_3-3,0.000123,0.000000,0.000000,0.001401
Q_ind_239_anc_3-3,0.000220,0.000000,0.000000,0.002408
Q_ind_240_anc_3-3,0.000173,0.000000,0.000000,0.001905
Q_ind_241_anc_3-3,0.000255,0.000000,0.000000,0.002882
Q_ind_242_anc_3-3,0.000353,0.000000,0.000000,0.004226
Q_ind_243_anc_3-3,0.000078,0.000000,0.000000,0.000674
Q_ind_244_anc_3-3,0.001424,0.000000,0.000000,0.020880
Q_ind_245_anc_3-3,0.000069,0.000000,0.000000,0.000630
Q_ind_1_anc_4-1,0.000181,0.000000,0.000000,0.001994
Q_ind_2_anc_4-1,0.000643,0.000000,0.000000,0.007868
Q_ind_3_anc_4-1,0.000532,0.000000,0.000000,0.005496
Q_ind_4_anc_4-1,0.008407,0.000000,0.000000,0.079752
Q_ind_5_anc_4-1,0.000208,0.000000,0.000000,0.001931
Q_ind_6_anc_4-1,0.000327,0.000000,0.000000,0.004436
Q_ind_7_anc_4-1,0.000510,0.000000,0.000000,0.007242
Q_ind_8_anc_4-1,0.000677,0.000000,0.000000,0.006913
Q_ind_9_anc_4-1,0.006209,0.000000,0.000000,0.073583
Q_ind_10_anc_4-1,0.000432,0.000000,0.000000,0.004832
Q_ind_11_anc_4-1,0.001264,0.000000,0.000000,0.016030
Q_ind_12_anc_4-1,0.000489,0.000000,0.000000,0.006309
Q_ind_13_anc_4-1,0.000465,0.000000,0.000000,0.006328
Q_ind_14_anc_4-1,0.000327,0.000000,0.000000,0.003115
Q_ind_15_anc_4-1,0.000205,0.000000,0.000000,0.002642
Q_ind_16_anc_4-1,0.000212,0.000000,0.000000,0.002725
Q_ind_17_anc_4-1,0.000529,0.000000,0.000000,0.006848
Q_ind_18_anc_4-1,0.001075,0.000000,0.000000,0.015854
Q_ind_19_anc_4-1,0.000131,0.000000,0.000000,0.001505
Q_ind_20_anc_4-1,0.000703,0.000000,0.000000,0.009926
Q_ind_21_anc_4-1,0.000550,0.000000,0.000000,0.007807
Q_ind_22_anc_4-1,0.000752,0.000000,0.000000,0.008914
Q_ind_23_anc_4-1,0.000568,0.000000,0.000000,0.005913
Q_ind_24_anc_4-1,0.000543,0.000000,0.000000,0.007080
Q_ind_25_anc_4-1,0.001594,0.000000,0.000000,0.023274
Q_ind_26_anc_4-1,0.000181,0.000000,0.000000,0.002230
Q_ind_27_anc_4-1,0.000326,0.000000,0.000000,0.004771
Q_ind_28_anc_4-1,0.000338,0.000000,0.000000,0.004292
Q_ind_29_anc_4-1,0.000414,0.000000,0.000000,0.005383
Q_ind_30_anc_4-1,0.000395,0.000000,0.000000,0.004947
Q_ind_31_anc_4-1,0.000212,0.000000,0.000000,0.001412
Q_ind_32_anc_4-1,0.000299,0.000000,0.000000,0.002325
Q_ind_33_anc_4-1,0.000411,0.000000,0.000000,0.004290
Q_ind_34_anc_4-1,0.000276,0.000000,0.000000,0.003468
Q_ind_35_anc_4-1,0.000641,0.000000,0.000000,0.007058
Q_ind_36_anc_4-1,0.000097,0.000000,0.000000,0.001040
Q_ind_37_anc_4-1,0.000146,0.000000,0.000000,0.001711
Q_ind_38_anc_4-1,0.000128,0.000000,0.000000,0.000969
Q_ind_39_anc_4-1,0.000176,0.000000,0.000000,0.001763
Q_ind_40_anc_4-1,0.001330,0.000000,0.000000,0.019386
Q_ind_41_anc_4-1,0.000428,0.000000,0.000000,0.005562
Q_ind_42_anc_4-1,0.000227,0.000000,0.000000,0.002647
Q_ind_43_anc_4-1,0.000207,0.000000,0.000000,0.002619
Q_ind_44_anc_4-1,0.000257,0.000000,0.000000,0.003160
Q_ind_45_anc_4-1,0.000379,0.000000,0.000000,0.004057
Q_ind_46_anc_4-1,0.000091,0.000000,0.000000,0.001048
Q_ind_47_anc_4-1,0.000163,0.000000,0.000000,0.001796
Q_ind_48_anc_4-1,0.000194,0.000000,0.000000,0.001850
Q_ind_49_anc_4-1,0.000267,0.000000,0.000000,0.002815
Q_ind_50_anc_4-1,0.000076,0.000000,0.000000,0.000818
Q_ind_51_anc_4-1,0.000132,0.000000,0.000000,0.001412
Q_ind_52_anc_4-1,0.000178,0.000000,0.000000,0.002187
Q_ind_53_anc_4-1,0.000172,0.000000,0.000000,0.001471
Q_ind_54_anc_4-1,0.000241,0.000000,0.000000,0.002959
Q_ind_55_anc_4-1,0.000238,0.000000,0.000000,0.002729
Q_ind_56_anc_4-1,0.000169,0.000000,0.000000,0.001979
Q_ind_57_anc_4-1,0.000547,0.000000,0.000000,0.005018
Q_ind_58_anc_4-1,0.000156,0.000000,0.000000,0.001782
Q_ind_59_anc_4-1,0.000154,0.000000,0.000000,0.001617
Q_ind_60_anc_4-1,0.000313,0.000000,0.000000,0.004005
Q_ind_61_anc_4-1,0.000243,0.000000,0.000000,0.002943
Q_ind_62_anc_4-1,0.001479,0.000000,0.000000,0.019286
Q_ind_63_anc_4-1,0.000565,0.000000,0.000000,0.008026
Q_ind_64_anc_4-1,0.000159,0.000000,0.000000,0.001755
Q_ind_65_anc_4-1,0.000363,0.000000,0.000000,0.005031
Q_ind_66_anc_4-1,0.000085,0.000000,0.000000,0.000718
Q_ind_67_anc_4-1,0.000088,0.000000,0.000000,0.000978
Q_ind_68_anc_4-1,0.000544,0.000000,0.000000,0.006930
Q_ind_69_anc_4-1,0.000173,0.000000,0.000000,0.001479
Q_ind_70_anc_4-1,0.000098,0.000000,0.000000,0.001098
Q_ind_71_anc_4-1,0.000338,0.000000,0.000000,0.003840
Q_ind_72_anc_4-1,0.000326,0.000000,0.000000,0.003162
Q_ind_73_anc_4-1,0.000410,0.000000,0.000000,0.005098
Q_ind_74_anc_4-1,0.000240,0.000000,0.000000,0.002191
Q_ind_75_anc_4-1,0.000157,0.000000,0.000000,0.001385
Q_ind_76_anc_4-1,0.000447,0.000000,0.000000,0.005349
Q_ind_77_anc_4-1,0.001604,0.000000,0.000000,0.023693
Q_ind_78_anc_4-1,0.001071,0.000000,0.000000,0.014303
Q_ind_79_anc_4-1,0.000226,0.000000,0.000000,0.001953
Q_ind_80_anc_4-1,0.002063,0.000000,0.000000,0.027746
Q_ind_81_anc_4-1,0.001213,0.000000,0.000000,0.015544
Q_ind_82_anc_4-1,0.000420,0.000000,0.000000,0.005757
Q_ind_83_anc_4-1,0.000340,0.000000,0.000000,0.003714
Q_ind_84_anc_4-1,0.000441,0.000000,0.000000,0.004696
Q_ind_85_anc_4-1,0.000395,0.000000,0.000000,0.004293
Q_ind_86_anc_4-1,0.000482,0.000000,0.000000,0.006409
Q_ind_87_anc_4-1,0.000206,0.000000,0.000000,0.001592
Q_ind_88_anc_4-1,0.000396,0.000000,0.000000,0.003571
Q_ind_89_anc_4-1,0.003282,0.000000,0.000000,0.047791
Q_ind_90_anc_4-1,0.000738,0.000000,0.000000,0.009303
Q_ind_91_anc_4-1,0.000609,0.000000,0.000000,0.007980
Q_ind_92_anc_4-1,0.001461,0.000000,0.000000,0.017049
Q_ind_93_anc_4-1,0.000213,0.000000,0.000000,0.002084
Q_ind_94_anc_4-1,0.000178,0.000000,0.000000,0.001338
Q_ind_95_anc_4-1,0.002121,0.000000,0.000000,0.031252
Q_ind_96_anc_4-1,0.000132,0.000000,0.000000,0.001271
Q_ind_97_anc_4-1,0.000248,0.000000,0.000000,0.002909
Q_ind_98_anc_4-1,0.000190,0.000000,0.000000,0.001940
Q_ind_99_anc_4-1,0.000150,0.000000,0.000000,0.001681
Q_ind_100_anc_4-1,0.000345,0.000000,0.000000,0.004500
Q_ind_101_anc_4-1,0.000146,0.000000,0.000000,0.001118
Q_ind_102_anc_4-1,0.000064,0.000000,0.000000,0.000798
Q_ind_103_anc_4-1,0.000182,0.000000,0.000000,0.002108
Q_ind_104_anc_4-1,0.000541,0.000000,0.000000,0.007204
Q_ind_105_anc_4-1,0.000075,0.000000,0.000000,0.000843
Q_ind_106_anc_4-1,0.000274,0.000000,0.000000,0.003274
Q_ind_107_anc_4-1,0.003625,0.000000,0.000000,0.048570
Q_ind_108_anc_4-1,0.000554,0.000000,0.000000,0.007963
Q_ind_109_anc_4-1,0.000483,0.000000,0.000000,0.005527
Q_ind_110_anc_4-1,0.000278,0.000000,0.000000,0.003267
Q_ind_111_anc_4-1,0.000172,0.000000,0.000000,0.001673
Q_ind_112_anc_4-1,0.010354,0.000000,0.000000,0.124135
Q_ind_113_anc_4-1,0.041018,0.000000,0.000000,0.195558
Q_ind_114_anc_4-1,0.000499,0.000000,0.000000,0.004899
Q_ind_115_anc_4-1,0.000160,0.000000,0.000000,0.001471
Q_ind_116_anc_4-1,0.000221,0.000000,0.000000,0.002190
Q_ind_117_anc_4-1,0.000736,0.000000,0.000000,0.012151
Q_ind_118_anc_4-1,0.000230,0.000000,0.000000,0.002564
Q_ind_119_anc_4-1,0.000368,0.000000,0.000000,0.005222
Q_ind_120_anc_4-1,0.000153,0.000000,0.000000,0.001657
Q_ind_121_anc_4-1,0.000630,0.000000,0.000000,0.007956
Q_ind_122_anc_4-1,0.000198,0.000000,0.000000,0.002376
Q_ind_123_anc_4-1,0.000373,0.000000,0.000000,0.004899
Q_ind_124_anc_4-1,0.000181,0.000000,0.000000,0.002117
Q_ind_125_anc_4-1,0.001159,0.000000,0.000000,0.014324
Q_ind_126_anc_4-1,0.000402,0.000000,0.000000,0.004396
Q_ind_127_anc_4-1,0.000734,0.000000,0.000000,0.006600
Q_ind_128_anc_4-1,0.000792,0.000000,0.000000,0.010814
Q_ind_129_anc_4-1,0.003314,0.000000,0.000000,0.039362
Q_ind_130_anc_4-1,0.000513,0.000000,0.000000,0.007736
Q_ind_131_anc_4-1,0.000289,0.000000,0.000000,0.002391
Q_ind_132_anc_4-1,0.001470,0.000000,0.000000,0.014527
Q_ind_133_anc_4-1,0.000737,0.000000,0.000000,0.009567
Q_ind_134_anc_4-1,0.000223,0.000000,0.000000,0.002067
Q_ind_135_anc_4-1,0.000672,0.000000,0.000000,0.006817
Q_ind_136_anc_4-1,0.000410,0.000000,0.000000,0.004844
Q_ind_137_anc_4-1,0.000975,0.000000,0.000000,0.014057
Q_ind_138_anc_4-1,0.000137,0.000000,0.000000,0.001498
Q_ind_139_anc_4-1,0.000517,0.000000,0.000000,0.007202
Q_ind_140_anc_4-1,0.000556,0.000000,0.000000,0.006304
Q_ind_141_anc_4-1,0.000378,0.000000,0.000000,0.003966
Q_ind_142_anc_4-1,0.000103,0.000000,0.000000,0.001012
Q_ind_143_anc_4-1,0.000243,0.000000,0.000000,0.002500
Q_ind_144_anc_4-1,0.000101,0.000000,0.000000,0.001086
Q_ind_145_anc_4-1,0.000560,0.000000,0.000000,0.007577
Q_ind_146_anc_4-1,0.000185,0.000000,0.000000,0.002214
Q_ind_147_anc_4-1,0.000252,0.000000,0.000000,0.003440
Q_ind_148_anc_4-1,0.025536,0.028838,0.000000,0.064097
Q_ind_149_anc_4-1,0.000171,0.000000,0.000000,0.001342
Q_ind_150_anc_4-1,0.000207,0.000000,0.000000,0.002214
Q_ind_151_anc_4-1,0.000312,0.000000,0.000000,0.004264
Q_ind_152_anc_4-1,0.000183,0.000000,0.000000,0.002291
Q_ind_153_anc_4-1,0.000898,0.000000,0.000000,0.011987
Q_ind_154_anc_4-1,0.000343,0.000000,0.000000,0.004305
Q_ind_155_anc_4-1,0.000212,0.000000,0.000000,0.002227
Q_ind_156_anc_4-1,0.001322,0.000000,0.000000,0.020078
Q_ind_157_anc_4-1,0.000405,0.000000,0.000000,0.004597
Q_ind_158_anc_4-1,0.000652,0.000000,0.000000,0.008678
Q_ind_159_anc_4-1,0.000251,0.000000,0.000000,0.002478
Q_ind_160_anc_4-1,0.001336,0.000000,0.000000,0.018730
Q_ind_161_anc_4-1,0.000261,0.000000,0.000000,0.002778
Q_ind_162_anc_4-1,0.001041,0.000000,0.000000,0.014157
Q_ind_163_anc_4-1,0.000275,0.000000,0.000000,0.003415
Q_ind_164_anc_4-1,0.000767,0.000000,0.000000,0.010562
Q_ind_165_anc_4-1,0.000624,0.000000,0.000000,0.007085
Q_ind_166_anc_4-1,0.001127,0.000000,0.000000,0.013100
Q_ind_167_anc_4-1,0.000214,0.000000,0.000000,0.001968
Q_ind_168_anc_4-1,0.000309,0.000000,0.000000,0.004118
Q_ind_169_anc_4-1,0.000351,0.000000,0.000000,0.003952
Q_ind_170_anc_4-1,0.006024,0.000000,0.000000,0.058644
Q_ind_171_anc_4-1,0.000689,0.000000,0.000000,0.009483
Q_ind_172_anc_4-1,0.000256,0.000000,0.000000,0.003073
Q_ind_173_anc_4-1,0.000161,0.000000,0.000000,0.001566
Q_ind_174_anc_4-1,0.000116,0.000000,0.000000,0.001056
Q_ind_175_anc_4-1,0.000217,0.000000,0.000000,0.002095
Q_ind_176_anc_4-1,0.000365,0.000000,0.000000,0.004812
Q_ind_177_anc_4-1,0.001251,0.000000,0.000000,0.017283
Q_ind_178_anc_4-1,0.000463,0.000000,0.000000,0.003677
Q_ind_179_anc_4-1,0.000226,0.000000,0.000000,0.001865
Q_ind_180_anc_4-1,0.001744,0.000000,0.000000,0.026624
Q_ind_181_anc_4-1,0.000337,0.000000,0.000000,0.004244
Q_ind_182_anc_4-1,0.000246,0.000000,0.000000,0.002903
Q_ind_183_anc_4-1,0.001276,0.000000,0.000000,0.017369
Q_ind_184_anc_4-1,0.016131,0.000000,0.000000,0.172758
Q_ind_185_anc_4-1,0.000389,0.000000,0.000000,0.004702
Q_ind_186_anc_4-1,0.000202,0.000000,0.000000,0.002220
Q_ind_187_anc_4-1,0.000190,0.000000,0.000000,0.001976
Q_ind_188_anc_4-1,0.000849,0.000000,0.000000,0.010889
Q_ind_189_anc_4-1,0.000560,0.000000,0.000000,0.005740
Q_ind_190_anc_4-1,0.000918,0.000000,0.000000,0.013687
Q_ind_191_anc_4-1,0.000202,0.000000,0.000000,0.002281
Q_ind_192_anc_4-1,0.000149,0.000000,0.000000,0.001476
Q_ind_193_anc_4-1,0.000551,0.000000,0.000000,0.006412
Q_ind_194_anc_4-1,0.000044,0.000000,0.000000,0.000558
Q_ind_195_anc_4-1,0.000124,0.000000,0.000000,0.000965
Q_ind_196_anc_4-1,0.000084,0.000000,0.000000,0.000822
Q_ind_197_anc_4-1,0.000047,0.000000,0.000000,0.000450
Q_ind_198_anc_4-1,0.000047,0.000000,0.000000,0.000510
Q_ind_199_anc_4-1,0.000104,0.000000,0.000000,0.001183
Q_ind_200_anc_4-1,0.000093,0.000000,0.000000,0.000849
Q_ind_201_anc_4-1,0.000398,0.000000,0.000000,0.004453
Q_ind_202_anc_4-1,0.000145,0.000000,0.000000,0.001484
Q_ind_203_anc_4-1,0.002469,0.000000,0.000000,0.035684
Q_ind_204_anc_4-1,0.000205,0.000000,0.000000,0.002590
Q_ind_205_anc_4-1,0.001409,0.000000,0.000000,0.021482
Q_ind_206_anc_4-1,0.000154,0.000000,0.000000,0.001784
Q_ind_207_anc_4-1,0.014371,0.000000,0.000000,0.112505
Q_ind_208_anc_4-1,0.000245,0.000000,0.000000,0.002735
Q_ind_209_anc_4-1,0.000555,0.000000,0.000000,0.007202
Q_ind_210_anc_4-1,0.000709,0.000000,0.000000,0.008042
Q_ind_211_anc_4-1,0.001369,0.000000,0.000000,0.019438
Q_ind_212_anc_4-1,0.000757,0.000000,0.000000,0.009440
Q_ind_213_anc_4-1,0.001049,0.000000,0.000000,0.012798
Q_ind_214_anc_4-1,0.000662,0.000000,0.000000,0.009114
Q_ind_215_anc_4-1,0.000757,0.000000,0.000000,0.009078
Q_ind_216_anc_4-1,0.000180,0.000000,0.000000,0.001829
Q_ind_217_anc_4-1,0.000186,0.000000,0.000000,0.001666
Q_ind_218_anc_4-1,0.000149,0.000000,0.000000,0.001414
Q_ind_219_anc_4-1,0.000518,0.000000,0.000000,0.006076
Q_ind_220_anc_4-1,0.000141,0.000000,0.000000,0.001492
Q_ind_221_anc_4-1,0.000424,0.000000,0.000000,0.006035
Q_ind_222_anc_4-1,0.001062,0.000000,0.000000,0.015331
Q_ind_223_anc_4-1,0.000236,0.000000,0.000000,0.002310
Q_ind_224_anc_4-1,0.000095,0.000000,0.000000,0.000737
Q_ind_225_anc_4-1,0.000512,0.000000,0.000000,0.004578
Q_ind_226_anc_4-1,0.010844,0.000000,0.000000,0.132819
Q_ind_227_anc_4-1,0.000199,0.000000,0.000000,0.002392
Q_ind_228_anc_4-1,0.000543,0.000000,0.000000,0.006030
Q_ind_229_anc_4-1,0.005180,0.000000,0.000000,0.098576
Q_ind_230_anc_4-1,0.000663,0.000000,0.000000,0.008068
Q_ind_231_anc_4-1,0.000628,0.000000,0.000000,0.006839
Q_ind_232_anc_4-1,0.000193,0.000000,0.000000,0.002343
Q_ind_233_anc_4-1,0.000242,0.000000,0.000000,0.002691
Q_ind_234_anc_4-1,0.000122,0.000000,0.000000,0.001212
Q_ind_235_anc_4-1,0.000096,0.000000,0.000000,0.000811
Q_ind_236_anc_4-1,0.000087,0.000000,0.000000,0.000656
Q_ind_237_anc_4-1,0.000168,0.000000,0.000000,0.001734
Q_ind_238_anc_4-1,0.000158,0.000000,0.000000,0.001466
Q_ind_239_anc_4-1,0.000106,0.000000,0.000000,0.001315
Q_ind_240_anc_4-1,0.000289,0.000000,0.000000,0.002769
Q_ind_241_anc_4-1,0.000141,0.000000,0.000000,0.001478
Q_ind_242_anc_4-1,0.000274,0.000000,0.000000,0.003001
Q_ind_243_anc_4-1,0.000104,0.000000,0.000000,0.000971
Q_ind_244_anc_4-1,0.000186,0.000000,0.000000,0.001638
Q_ind_245_anc_4-1,0.000072,0.000000,0.000000,0.000492
Q_ind_1_anc_4-2,0.004276,0.000000,0.000000,0.057630
Q_ind_2_anc_4-2,0.000709,0.000000,0.000000,0.004451
Q_ind_3_anc_4-2,0.020761,0.000000,0.000000,0.208193
Q_ind_4_anc_4-2,0.042091,0.000000,0.000000,0.221456
Q_ind_5_anc_4-2,0.000456,0.000000,0.000000,0.003935
Q_ind_6_anc_4-2,0.009157,0.000000,0.000000,0.096830
Q_ind_7_anc_4-2,0.006706,0.000000,0.000000,0.091076
Q_ind_8_anc_4-2,0.055315,0.048657,0.000000,0.160456
Q_ind_9_anc_4-2,0.005476,0.000000,0.000000,0.082526
Q_ind_10_anc_4-2,0.020590,0.000000,0.000000,0.110651
Q_ind_11_anc_4-2,0.008265,0.000000,0.000000,0.094430
Q_ind_12_anc_4-2,0.049148,0.047778,0.000000,0.135869
Q_ind_13_anc_4-2,0.000339,0.000000,0.000000,0.004701
Q_ind_14_anc_4-2,0.000338,0.000000,0.000000,0.004562
Q_ind_15_anc_4-2,0.000536,0.000000,0.000000,0.007040
Q_ind_16_anc_4-2,0.000170,0.000000,0.000000,0.001856
Q_ind_17_anc_4-2,0.000568,0.000000,0.000000,0.006537
Q_ind_18_anc_4-2,0.000296,0.000000,0.000000,0.004136
Q_ind_19_anc_4-2,0.000084,0.000000,0.000000,0.000975
Q_ind_20_anc_4-2,0.000463,0.000000,0.000000,0.006011
Q_ind_21_anc_4-2,0.000400,0.000000,0.000000,0.004127
Q_ind_22_anc_4-2,0.000486,0.000000,0.000000,0.005176
Q_ind_23_anc_4-2,0.000475,0.000000,0.000000,0.006020
Q_ind_24_anc_4-2,0.002435,0.000000,0.000000,0.033292
Q_ind_25_anc_4-2,0.000163,0.000000,0.000000,0.002189
Q_ind_26_anc_4-2,0.000508,0.000000,0.000000,0.005259
Q_ind_27_anc_4-2,0.000141,0.000000,0.000000,0.001519
Q_ind_28_anc_4-2,0.000514,0.000000,0.000000,0.006856
Q_ind_29_anc_4-2,0.000184,0.000000,0.000000,0.002279
Q_ind_30_anc_4-2,0.000166,0.000000,0.000000,0.001575
Q_ind_31_anc_4-2,0.000092,0.000000,0.000000,0.000836
Q_ind_32_anc_4-2,0.000270,0.000000,0.000000,0.003418
Q_ind_33_anc_4-2,0.000436,0.000000,0.000000,0.003265
Q_ind_34_anc_4-2,0.000186,0.000000,0.000000,0.002003
Q_ind_35_anc_4-2,0.000336,0.000000,0.000000,0.004238
Q_ind_36_anc_4-2,0.000064,0.000000,0.000000,0.000640
Q_ind_37_anc_4-2,0.000235,0.000000,0.000000,0.002756
Q_ind_38_anc_4-2,0.000086,0.000000,0.000000,0.000778
Q_ind_39_anc_4-2,0.000309,0.000000,0.000000,0.003736
Q_ind_40_anc_4-2,0.000229,0.000000,0.000000,0.002961
Q_ind_41_anc_4-2,0.000697,0.000000,0.000000,0.007067
Q_ind_42_anc_4-2,0.000137,0.000000,0.000000,0.001438
Q_ind_43_anc_4-2,0.000238,0.000000,0.000000,0.002974
Q_ind_44_anc_4-2,0.000082,0.000000,0.000000,0.000950
Q_ind_45_anc_4-2,0.000168,0.000000,0.000000,0.001952
Q_ind_46_anc_4-2,0.000064,0.000000,0.000000,0.000653
Q_ind_47_anc_4-2,0.000081,0.000000,0.000000,0.000679
Q_ind_48_anc_4-2,0.000107,0.000000,0.000000,0.001118
Q_ind_49_anc_4-2,0.000146,0.000000,0.000000,0.001559
Q_ind_50_anc_4-2,0.000100,0.000000,0.000000,0.001011
Q_ind_51_anc_4-2,0.000088,0.000000,0.000000,0.000944
Q_ind_52_anc_4-2,0.000091,0.000000,0.000000,0.001004
Q_ind_53_anc_4-2,0.000095,0.000000,0.000000,0.000969
Q_ind_54_anc_4-2,0.000349,0.000000,0.000000,0.004976
Q_ind_55_anc_4-2,0.000087,0.000000,0.000000,0.000617
Q_ind_56_anc_4-2,0.000081,0.000000,0.000000,0.000815
Q_ind_57_anc_4-2,0.000153,0.000000,0.000000,0.001894
Q_ind_58_anc_4-2,0.000075,0.000000,0.000000,0.000637
Q_ind_59_anc_4-2,0.000314,0.000000,0.000000,0.003650
Q_ind_60_anc_4-2,0.000097,0.000000,0.000000,0.000951
Q_ind_61_anc_4-2,0.000229,0.000000,0.000000,0.002836
Q_ind_62_anc_4-2,0.000322,0.000000,0.000000,0.003805
Q_ind_63_anc_4-2,0.002139,0.000000,0.000000,0.027393
Q_ind_64_anc_4-2,0.000515,0.000000,0.000000,0.006575
Q_ind_65_anc_4-2,0.000441,0.000000,0.000000,0.004945
Q_ind_66_anc_4-2,0.000075,0.000000,0.000000,0.000792
Q_ind_67_anc_4-2,0.000688,0.000000,0.000000,0.009005
Q_ind_68_anc_4-2,0.000170,0.000000,0.000000,0.002207
Q_ind_69_anc_4-2,0.000372,0.000000,0.000000,0.004806
Q_ind_70_anc_4-2,0.000124,0.000000,0.000000,0.001376
Q_ind_71_anc_4-2,0.000120,0.000000,0.000000,0.001110
Q_ind_72_anc_4-2,0.000307,0.000000,0.000000,0.003890
Q_ind_73_anc_4-2,0.000728,0.000000,0.000000,0.010261
Q_ind_74_anc_4-2,0.000349,0.000000,0.000000,0.004503
Q_ind_75_anc_4-2,0.000193,0.000000,0.000000,0.002044
Q_ind_76_anc_4-2,0.000197,0.000000,0.000000,0.002212
Q_ind_77_anc_4-2,0.001584,0.000000,0.000000,0.021263
Q_ind_78_anc_4-2,0.001555,0.000000,0.000000,0.018988
Q_ind_79_anc_4-2,0.000380,0.000000,0.000000,0.003610
Q_ind_80_anc_4-2,0.001297,0.000000,0.000000,0.016924
Q_ind_81_anc_4-2,0.000158,0.000000,0.000000,0.000973
Q_ind_82_anc_4-2,0.000591,0.000000,0.000000,0.007551
Q_ind_83_anc_4-2,0.000541,0.000000,0.000000,0.007220
Q_ind_84_anc_4-2,0.000192,0.000000,0.000000,0.002355
Q_ind_85_anc_4-2,0.000626,0.000000,0.000000,0.009504
Q_ind_86_anc_4-2,0.000330,0.000000,0.000000,0.004081
Q_ind_87_anc_4-2,0.001089,0.000000,0.000000,0.014832
Q_ind_88_anc_4-2,0.000543,0.000000,0.000000,0.006578
Q_ind_89_anc_4-2,0.000538,0.000000,0.000000,0.005070
Q_ind_90_anc_4-2,0.000462,0.000000,0.000000,0.006490
Q_ind_91_anc_4-2,0.000407,0.000000,0.000000,0.005294
Q_ind_92_anc_4-2,0.000803,0.000000,0.000000,0.011827
Q_ind_93_anc_4-2,0.000844,0.000000,0.000000,0.009361
Q_ind_94_anc_4-2,0.000251,0.000000,0.000000,0.002719
Q_ind_95_anc_4-2,0.004661,0.000000,0.000000,0.067035
Q_ind_96_anc_4-2,0.000212,0.000000,0.000000,0.002961
Q_ind_97_anc_4-2,0.000272,0.000000,0.000000,0.003071
Q_ind_98_anc_4-2,0.000286,0.000000,0.000000,0.003974
Q_ind_99_anc_4-2,0.000128,0.000000,0.000000,0.001255
Q_ind_100_anc_4-2,0.000148,0.000000,0.000000,0.001776
Q_ind_101_anc_4-2,0.000065,0.000000,0.000000,0.000671
Q_ind_102_anc_4-2,0.000064,0.000000,0.000000,0.000632
Q_ind_103_anc_4-2,0.000134,0.000000,0.000000,0.001368
Q_ind_104_anc_4-2,0.000152,0.000000,0.000000,0.001580
Q_ind_105_anc_4-2,0.000148,0.000000,0.000000,0.001191
Q_ind_106_anc_4-2,0.000101,0.000000,0.000000,0.000977
Q_ind_107_anc_4-2,0.003041,0.000000,0.000000,0.041536
Q_ind_108_anc_4-2,0.001783,0.000000,0.000000,0.015954
Q_ind_109_anc_4-2,0.056191,0.000635,0.000000,0.180200
Q_ind_110_anc_4-2,0.003457,0.000000,0.000000,0.054151
Q_ind_111_anc_4-2,0.000738,0.000000,0.000000,0.010107
Q_ind_112_anc_4-2,0.001783,0.000000,0.000000,0.025199
Q_ind_113_anc_4-2,0.016146,0.000000,0.000000,0.116499
Q_ind_114_anc_4-2,0.001620,0.000000,0.000000,0.018017
Q_ind_115_anc_4-2,0.000163,0.000000,0.000000,0.002054
Q_ind_116_anc_4-2,0.000137,0.000000,0.000000,0.001409
Q_ind_117_anc_4-2,0.000312,0.000000,0.000000,0.004436
Q_ind_118_anc_4-2,0.000097,0.000000,0.000000,0.001061
Q_ind_119_anc_4-2,0.000204,0.000000,0.000000,0.001740
Q_ind_120_anc_4-2,0.000126,0.000000,0.000000,0.001484
Q_ind_121_anc_4-2,0.000341,0.000000,0.000000,0.004309
Q_ind_122_anc_4-2,0.000206,0.000000,0.000000,0.002775
Q_ind_123_anc_4-2,0.000171,0.000000,0.000000,0.001289
Q_ind_124_anc_4-2,0.000160,0.000000,0.000000,0.002121
Q_ind_125_anc_4-2,0.000844,0.000000,0.000000,0.010780
Q_ind_126_anc_4-2,0.000559,0.000000,0.000000,0.006665
Q_ind_127_anc_4-2,0.000202,0.000000,0.000000,0.001676
Q_ind_128_anc_4-2,0.000216,0.000000,0.000000,0.001918
Q_ind_129_anc_4-2,0.000600,0.000000,0.000000,0.007041
Q_ind_130_anc_4-2,0.000313,0.000000,0.000000,0.003697
Q_ind_131_anc_4-2,0.000197,0.000000,0.000000,0.002031
Q_ind_132_anc_4-2,0.000103,0.000000,0.000000,0.001019
Q_ind_133_anc_4-2,0.000198,0.000000,0.000000,0.001736
Q_ind_134_anc_4-2,0.000477,0.000000,0.000000,0.006580
Q_ind_135_anc_4-2,0.000395,0.000000,0.000000,0.005229
Q_ind_136_anc_4-2,0.000182,0.000000,0.000000,0.001709
Q_ind_137_anc_4-2,0.000200,0.000000,0.000000,0.002466
Q_ind_138_anc_4-2,0.000151,0.000000,0.000000,0.001697
Q_ind_139_anc_4-2,0.000311,0.000000,0.000000,0.003449
Q_ind_140_anc_4-2,0.000441,0.000000,0.000000,0.004638
Q_ind_141_anc_4-2,0.001000,0.000000,0.000000,0.013968
Q_ind_142_anc_4-2,0.000095,0.000000,0.000000,0.000933
Q_ind_143_anc_4-2,0.000177,0.000000,0.000000,0.001916
Q_ind_144_anc_4-2,0.000256,0.000000,0.000000,0.002809
Q_ind_145_anc_4-2,0.000520,0.000000,0.000000,0.007652
Q_ind_146_anc_4-2,0.000880,0.000000,0.000000,0.012772
Q_ind_147_anc_4-2,0.000447,0.000000,0.000000,0.005521
Q_ind_148_anc_4-2,0.000596,0.000000,0.000000,0.008682
Q_ind_149_anc_4-2,0.000262,0.000000,0.000000,0.002868
Q_ind_150_anc_4-2,0.000955,0.000000,0.000000,0.013801
Q_ind_151_anc_4-2,0.000266,0.000000,0.000000,0.003454
Q_ind_152_anc_4-2,0.000106,0.000000,0.000000,0.001173
Q_ind_153_anc_4-2,0.000460,0.000000,0.000000,0.006290
Q_ind_154_anc_4-2,0.000398,0.000000,0.000000,0.005188
Q_ind_155_anc_4-2,0.000078,0.000000,0.000000,0.000867
Q_ind_156_anc_4-2,0.002016,0.000000,0.000000,0.030372
Q_ind_157_anc_4-2,0.001093,0.000000,0.000000,0.014455
Q_ind_158_anc_4-2,0.001972,0.000000,0.000000,0.027532
Q_ind_159_anc_4-2,0.009104,0.000000,0.000000,0.087892
Q_ind_160_anc_4-2,0.009993,0.000000,0.000000,0.090454
Q_ind_161_anc_4-2,0.000816,0.000000,0.000000,0.009912
Q_ind_162_anc_4-2,0.000362,0.000000,0.000000,0.003878
Q_ind_163_anc_4-2,0.000927,0.000000,0.000000,0.014582
Q_ind_164_anc_4-2,0.007582,0.000000,0.000000,0.076120
Q_ind_165_anc_4-2,0.000372,0.000000,0.000000,0.005143
Q_ind_166_anc_4-2,0.001968,0.000000,0.000000,0.024364
Q_ind_167_anc_4-2,0.002073,0.000000,0.000000,0.029629
Q_ind_168_anc_4-2,0.000263,0.000000,0.000000,0.002844
Q_ind_169_anc_4-2,0.000225,0.000000,0.000000,0.001436
Q_ind_170_anc_4-2,0.000873,0.000000,0.000000,0.012813
Q_ind_171_anc_4-2,0.000205,0.000000,0.000000,0.002173
Q_ind_172_anc_4-2,0.000103,0.000000,0.000000,0.001196
Q_ind_173_anc_4-2,0.000191,0.000000,0.000000,0.001862
Q_ind_174_anc_4-2,0.000072,0.000000,0.000000,0.000623
Q_ind_175_anc_4-2,0.000172,0.000000,0.000000,0.001164
Q_ind_176_anc_4-2,0.000319,0.000000,0.000000,0.002686
Q_ind_177_anc_4-2,0.000899,0.000000,0.000000,0.012600
Q_ind_178_anc_4-2,0.000268,0.000000,0.000000,0.003071
Q_ind_179_anc_4-2,0.003625,0.000000,0.000000,0.051506
Q_ind_180_anc_4-2,0.001549,0.000000,0.000000,0.022945
Q_ind_181_anc_4-2,0.000439,0.000000,0.000000,0.005696
Q_ind_182_anc_4-2,0.000198,0.000000,0.000000,0.001988
Q_ind_183_anc_4-2,0.000865,0.000000,0.000000,0.011556
Q_ind_184_anc_4-2,0.003290,0.000000,0.000000,0.046150
Q_ind_185_anc_4-2,0.000492,0.000000,0.000000,0.006616
Q_ind_186_anc_4-2,0.000150,0.000000,0.000000,0.001688
Q_ind_187_anc_4-2,0.000297,0.000000,0.000000,0.003601
Q_ind_188_anc_4-2,0.000709,0.000000,0.000000,0.011086
Q_ind_189_anc_4-2,0.000586,0.000000,0.000000,0.007584
Q_ind_190_anc_4-2,0.000457,0.000000,0.000000,0.004283
Q_ind_191_anc_4-2,0.000139,0.000000,0.000000,0.001606
Q_ind_192_anc_4-2,0.320672,0.320854,0.222718,0.417274
Q_ind_193_anc_4-2,0.293220,0.293559,0.203197,0.384240
Q_ind_194_anc_4-2,0.000291,0.000000,0.000000,0.002762
Q_ind_195_anc_4-2,0.301783,0.302041,0.218756,0.384764
Q_ind_196_anc_4-2,0.000147,0.000000,0.000000,0.001523
Q_ind_197_anc_4-2,0.000210,0.000000,0.000000,0.002501
Q_ind_198_anc_4-2,0.000383,0.000000,0.000000,0.004859
Q_ind_199_anc_4-2,0.328549,0.328815,0.241323,0.411869
Q_ind_200_anc_4-2,0.000479,0.000000,0.000000,0.006594
Q_ind_201_anc_4-2,0.000164,0.000000,0.000000,0.001970
Q_ind_202_anc_4-2,0.270030,0.279587,0.000000,0.372855
Q_ind_203_anc_4-2,0.004634,0.000000,0.000000,0.049353
Q_ind_204_anc_4-2,0.000456,0.000000,0.000000,0.003954
Q_ind_205_anc_4-2,0.000573,0.000000,0.000000,0.007426
Q_ind_206_anc_4-2,0.001442,0.000000,0.000000,0.007130
Q_ind_207_anc_4-2,0.033813,0.000000,0.000000,0.175929
Q_ind_208_anc_4-2,0.005620,0.000000,0.000000,0.102601
Q_ind_209_anc_4-2,0.001764,0.000000,0.000000,0.022451
Q_ind_210_anc_4-2,0.000355,0.000000,0.000000,0.004124
Q_ind_211_anc_4-2,0.001975,0.000000,0.000000,0.025970
Q_ind_212_anc_4-2,0.000954,0.000000,0.000000,0.014394
Q_ind_213_anc_4-2,0.000315,0.000000,0.000000,0.004010
Q_ind_214_anc_4-2,0.000402,0.000000,0.000000,0.004019
Q_ind_215_anc_4-2,0.000555,0.000000,0.000000,0.003660
Q_ind_216_anc_4-2,0.000313,0.000000,0.000000,0.003187
Q_ind_217_anc_4-2,0.000137,0.000000,0.000000,0.001354
Q_ind_218_anc_4-2,0.000128,0.000000,0.000000,0.001416
Q_ind_219_anc_4-2,0.000290,0.000000,0.000000,0.002927
Q_ind_220_anc_4-2,0.000170,0.000000,0.000000,0.001893
Q_ind_221_anc_4-2,0.000311,0.000000,0.000000,0.003728
Q_ind_222_anc_4-2,0.000510,0.000000,0.000000,0.007117
Q_ind_223_anc_4-2,0.001927,0.000000,0.000000,0.026007
Q_ind_224_anc_4-2,0.000414,0.000000,0.000000,0.004994
Q_ind_225_anc_4-2,0.004966,0.000000,0.000000,0.057706
Q_ind_226_anc_4-2,0.002413,0.000000,0.000000,0.033065
Q_ind_227_anc_4-2,0.006699,0.000000,0.000000,0.069838
Q_ind_228_anc_4-2,0.003267,0.000000,0.000000,0.046485
Q_ind_229_anc_4-2,0.000928,0.000000,0.000000,0.011042
Q_ind_230_anc_4-2,0.000986,0.000000,0.000000,0.013621
Q_ind_231_anc_4-2,0.000535,0.000000,0.000000,0.006902
Q_ind_232_anc_4-2,0.006673,0.000000,0.000000,0.062973
Q_ind_233_anc_4-2,0.015293,0.000000,0.000000,0.109424
Q_ind_234_anc_4-2,0.000118,0.000000,0.000000,0.001238
Q_ind_235_anc_4-2,0.000134,0.000000,0.000000,0.001556
Q_ind_236_anc_4-2,0.000215,0.000000,0.000000,0.002256
Q_ind_237_anc_4-2,0.000088,0.000000,0.000000,0.000873
Q_ind_238_anc_4-2,0.000101,0.000000,0.000000,0.000768
Q_ind_239_anc_4-2,0.000092,0.000000,0.000000,0.001089
Q_ind_240_anc_4-2,0.000077,0.000000,0.000000,0.000790
Q_ind_241_anc_4-2,0.000087,0.000000,0.000000,0.001044
Q_ind_242_anc_4-2,0.000122,0.000000,0.000000,0.001212
Q_ind_243_anc_4-2,0.000081,0.000000,0.000000,0.000726
Q_ind_244_anc_4-2,0.000111,0.000000,0.000000,0.000965
Q_ind_245_anc_4-2,0.000097,0.000000,0.000000,0.001044
Q_ind_1_anc_4-3,0.118728,0.134747,0.000000,0.280268
Q_ind_2_anc_4-3,0.039988,0.000000,0.000000,0.251985
Q_ind_3_anc_4-3,0.082281,0.089378,0.000000,0.203179
Q_ind_4_anc_4-3,0.000764,0.000000,0.000000,0.010238
Q_ind_5_anc_4-3,0.247791,0.238024,0.071126,0.476374
Q_ind_6_anc_4-3,0.006754,0.000000,0.000000,0.088308
Q_ind_7_anc_4-3,0.079825,0.080288,0.000000,0.219680
Q_ind_8_anc_4-3,0.009556,0.000000,0.000000,0.101359
Q_ind_9_anc_4-3,0.027989,0.000000,0.000000,0.167437
Q_ind_10_anc_4-3,0.004927,0.000000,0.000000,0.058250
Q_ind_11_anc_4-3,0.000508,0.000000,0.000000,0.004626
Q_ind_12_anc_4-3,0.000701,0.000000,0.000000,0.009382
Q_ind_13_anc_4-3,0.001991,0.000000,0.000000,0.033482
Q_ind_14_anc_4-3,0.001463,0.000000,0.000000,0.023482
Q_ind_15_anc_4-3,0.000138,0.000000,0.000000,0.001292
Q_ind_16_anc_4-3,0.000508,0.000000,0.000000,0.004486
Q_ind_17_anc_4-3,0.001765,0.000000,0.000000,0.023915
Q_ind_18_anc_4-3,0.016469,0.000000,0.000000,0.114711
Q_ind_19_anc_4-3,0.000249,0.000000,0.000000,0.002922
Q_ind_20_anc_4-3,0.001948,0.000000,0.000000,0.030556
Q_ind_21_anc_4-3,0.001606,0.000000,0.000000,0.020481
Q_ind_22_anc_4-3,0.000764,0.000000,0.000000,0.010270
Q_ind_23_anc_4-3,0.014622,0.000000,0.000000,0.084810
Q_ind_24_anc_4-3,0.001309,0.000000,0.000000,0.016386
Q_ind_25_anc_4-3,0.000617,0.000000,0.000000,0.007366
Q_ind_26_anc_4-3,0.000214,0.000000,0.000000,0.002067
Q_ind_27_anc_4-3,0.000200,0.000000,0.000000,0.001815
Q_ind_28_anc_4-3,0.001049,0.000000,0.000000,0.009748
Q_ind_29_anc_4-3,0.002983,0.000000,0.000000,0.039129
Q_ind_30_anc_4-3,0.001063,0.000000,0.000000,0.014460
Q_ind_31_anc_4-3,0.000290,0.000000,0.000000,0.003684
Q_ind_32_anc_4-3,0.000385,0.000000,0.000000,0.005032
Q_ind_33_anc_4-3,0.002163,0.000000,0.000000,0.030481
Q_ind_34_anc_4-3,0.000120,0.000000,0.000000,0.001292
Q_ind_35_anc_4-3,0.000135,0.000000,0.000000,0.001691
Q_ind_36_anc_4-3,0.000088,0.000000,0.000000,0.001022
Q_ind_37_anc_4-3,0.000219,0.000000,0.000000,0.002477
Q_ind_38_anc_4-3,0.000075,0.000000,0.000000,0.000799
Q_ind_39_anc_4-3,0.000453,0.000000,0.000000,0.005463
Q_ind_40_anc_4-3,0.002369,0.000000,0.000000,0.032542
Q_ind_41_anc_4-3,0.000474,0.000000,0.000000,0.005839
Q_ind_42_anc_4-3,0.000274,0.000000,0.000000,0.003218
Q_ind_43_anc_4-3,0.000221,0.000000,0.000000,0.002296
Q_ind_44_anc_4-3,0.000154,0.000000,0.000000,0.001503
Q_ind_45_anc_4-3,0.000263,0.000000,0.000000,0.002654
Q_ind_46_anc_4-3,0.000084,0.000000,0.000000,0.000829
Q_ind_47_anc_4-3,0.000055,0.000000,0.000000,0.000564
Q_ind_48_anc_4-3,0.000121,0.000000,0.000000,0.001123
Q_ind_49_anc_4-3,0.000164,0.000000,0.000000,0.001631
Q_ind_50_anc_4-3,0.000085,0.000000,0.000000,0.000897
Q_ind_51_anc_4-3,0.000152,0.000000,0.000000,0.001811
Q_ind_52_anc_4-3,0.000150,0.000000,0.000000,0.001428
Q_ind_53_anc_4-3,0.000107,0.000000,0.000000,0.001104
Q_ind_54_anc_4-3,0.000212,0.000000,0.000000,0.002173
Q_ind_55_anc_4-3,0.000116,0.000000,0.000000,0.001181
Q_ind_56_anc_4-3,0.000112,0.000000,0.000000,0.001219
Q_ind_57_anc_4-3,0.000350,0.000000,0.000000,0.004051
Q_ind_58_anc_4-3,0.000062,0.000000,0.000000,0.000644
Q_ind_59_anc_4-3,0.000243,0.000000,0.000000,0.002465
Q_ind_60_anc_4-3,0.000239,0.000000,0.000000,0.002918
Q_ind_61_anc_4-3,0.000160,0.000000,0.000000,0.001919
Q_ind_62_anc_4-3,0.000308,0.000000,0.000000,0.003912
Q_ind_63_anc_4-3,0.000516,0.000000,0.000000,0.006048
Q_ind_64_anc_4-3,0.000805,0.000000,0.000000,0.010896
Q_ind_65_anc_4-3,0.000158,0.000000,0.000000,0.001816
Q_ind_66_anc_4-3,0.000101,0.000000,0.000000,0.001022
Q_ind_67_anc_4-3,0.000195,0.000000,0.000000,0.001990
Q_ind_68_anc_4-3,0.000361,0.000000,0.000000,0.004022
Q_ind_69_anc_4-3,0.000431,0.000000,0.000000,0.004066
Q_ind_70_anc_4-3,0.000166,0.000000,0.000000,0.001976
Q_ind_71_anc_4-3,0.000201,0.000000,0.000000,0.002060
Q_ind_72_anc_4-3,0.001465,0.000000,0.000000,0.020450
Q_ind_73_anc_4-3,0.000793,0.000000,0.000000,0.009535
Q_ind_74_anc_4-3,0.000416,0.000000,0.000000,0.005477
Q_ind_75_anc_4-3,0.000271,0.000000,0.000000,0.002891
Q_ind_76_anc_4-3,0.000379,0.000000,0.000000,0.003189
Q_ind_77_anc_4-3,0.017904,0.000000,0.000000,0.165726
Q_ind_78_anc_4-3,0.109139,0.124736,0.000000,0.254397
Q_ind_79_anc_4-3,0.147264,0.194691,0.000000,0.308294
Q_ind_80_anc_4-3,0.272296,0.272771,0.174155,0.360620
Q_ind_81_anc_4-3,0.212074,0.210976,0.124325,0.304376
Q_ind_82_anc_4-3,0.028465,0.000000,0.000000,0.197730
Q_ind_83_anc_4-3,0.039119,0.000000,0.000000,0.237718
Q_ind_84_anc_4-3,0.153645,0.210635,0.000000,0.333451
Q_ind_85_anc_4-3,0.030972,0.000000,0.000000,0.249756
Q_ind_86_anc_4-3,0.027698,0.000000,0.000000,0.199594
Q_ind_87_anc_4-3,0.167032,0.177904,0.000000,0.304739
Q_ind_88_anc_4-3,0.002895,0.000000,0.000000,0.039402
Q_ind_89_anc_4-3,0.001319,0.000000,0.000000,0.018209
Q_ind_90_anc_4-3,0.020067,0.000000,0.000000,0.108890
Q_ind_91_anc_4-3,0.011907,0.000000,0.000000,0.105889
Q_ind_92_anc_4-3,0.005329,0.000000,0.000000,0.067158
Q_ind_93_anc_4-3,0.000903,0.000000,0.000000,0.008253
Q_ind_94_anc_4-3,0.000875,0.000000,0.000000,0.012678
Q_ind_95_anc_4-3,0.008723,0.000000,0.000000,0.101933
Q_ind_96_anc_4-3,0.000224,0.000000,0.000000,0.002441
Q_ind_97_anc_4-3,0.000125,0.000000,0.000000,0.000957
Q_ind_98_anc_4-3,0.000268,0.000000,0.000000,0.002940
Q_ind_99_anc_4-3,0.000544,0.000000,0.000000,0.006914
Q_ind_100_anc_4-3,0.000187,0.000000,0.000000,0.001923
Q_ind_101_anc_4-3,0.000077,0.000000,0.000000,0.000887
Q_ind_102_anc_4-3,0.000060,0.000000,0.000000,0.000672
Q_ind_103_anc_4-3,0.000209,0.000000,0.000000,0.002413
Q_ind_104_anc_4-3,0.000290,0.000000,0.000000,0.003851
Q_ind_105_anc_4-3,0.000159,0.000000,0.000000,0.001913
Q_ind_106_anc_4-3,0.001396,0.000000,0.000000,0.017821
Q_ind_107_anc_4-3,0.019931,0.000000,0.000000,0.179953
Q_ind_108_anc_4-3,0.002545,0.000000,0.000000,0.031639
Q_ind_109_anc_4-3,0.003554,0.000000,0.000000,0.053040
Q_ind_110_anc_4-3,0.005564,0.000000,0.000000,0.077826
Q_ind_111_anc_4-3,0.000405,0.000000,0.000000,0.004049
Q_ind_112_anc_4-3,0.000487,0.000000,0.000000,0.006868
Q_ind_113_anc_4-3,0.073557,0.008467,0.000000,0.264839
Q_ind_114_anc_4-3,0.000503,0.000000,0.000000,0.005807
Q_ind_115_anc_4-3,0.000158,0.000000,0.000000,0.001202
Q_ind_116_anc_4-3,0.000236,0.000000,0.000000,0.002597
Q_ind_117_anc_4-3,0.000218,0.000000,0.000000,0.002220
Q_ind_118_anc_4-3,0.000157,0.000000,0.000000,0.001505
Q_ind_119_anc_4-3,0.000291,0.000000,0.000000,0.003224
Q_ind_120_anc_4-3,0.000116,0.000000,0.000000,0.001239
Q_ind_121_anc_4-3,0.000490,0.000000,0.000000,0.007467
Q_ind_122_anc_4-3,0.000117,0.000000,0.000000,0.000943
Q_ind_123_anc_4-3,0.000365,0.000000,0.000000,0.004076
Q_ind_124_anc_4-3,0.000533,0.000000,0.000000,0.006794
Q_ind_125_anc_4-3,0.179106,0.191147,0.000000,0.291921
Q_ind_126_anc_4-3,0.001223,0.000000,0.000000,0.018042
Q_ind_127_anc_4-3,0.026949,0.000000,0.000000,0.191097
Q_ind_128_anc_4-3,0.115552,0.145663,0.000000,0.245689
Q_ind_129_anc_4-3,0.007124,0.000000,0.000000,0.080335
Q_ind_130_anc_4-3,0.045634,0.000000,0.000000,0.258037
Q_ind_131_anc_4-3,0.231474,0.244525,0.000000,0.336599
Q_ind_132_anc_4-3,0.229936,0.238410,0.067108,0.320535
Q_ind_133_anc_4-3,0.001192,0.000000,0.000000,0.018180
Q_ind_134_anc_4-3,0.001041,0.000000,0.000000,0.011822
Q_ind_135_anc_4-3,0.001190,0.000000,0.000000,0.014171
Q_ind_136_anc_4-3,0.000640,0.000000,0.000000,0.009590
Q_ind_137_anc_4-3,0.002530,0.000000,0.000000,0.034077
Q_ind_138_anc_4-3,0.118993,0.141172,0.000000,0.236389
Q_ind_139_anc_4-3,0.006774,0.000000,0.000000,0.075407
Q_ind_140_anc_4-3,0.003306,0.000000,0.000000,0.046056
Q_ind_141_anc_4-3,0.002116,0.000000,0.000000,0.031785
Q_ind_142_anc_4-3,0.000731,0.000000,0.000000,0.009116
Q_ind_143_anc_4-3,0.005052,0.000000,0.000000,0.075011
Q_ind_144_anc_4-3,0.000095,0.000000,0.000000,0.000669
Q_ind_145_anc_4-3,0.000213,0.000000,0.000000,0.002592
Q_ind_146_anc_4-3,0.000553,0.000000,0.000000,0.008509
Q_ind_147_anc_4-3,0.000265,0.000000,0.000000,0.002903
Q_ind_148_anc_4-3,0.003686,0.000000,0.000000,0.050415
Q_ind_149_anc_4-3,0.000551,0.000000,0.000000,0.007441
Q_ind_150_anc_4-3,0.000508,0.000000,0.000000,0.006627
Q_ind_151_anc_4-3,0.000487,0.000000,0.000000,0.005774
Q_ind_152_anc_4-3,0.000400,0.000000,0.000000,0.003860
Q_ind_153_anc_4-3,0.000251,0.000000,0.000000,0.002628
Q_ind_154_anc_4-3,0.000701,0.000000,0.000000,0.009599
Q_ind_155_anc_4-3,0.000096,0.000000,0.000000,0.000832
Q_ind_156_anc_4-3,0.000493,0.000000,0.000000,0.006094
Q_ind_157_anc_4-3,0.000955,0.000000,0.000000,0.011222
Q_ind_158_anc_4-3,0.001247,0.000000,0.000000,0.019470
Q_ind_159_anc_4-3,0.076937,0.080432,0.000000,0.193936
Q_ind_160_anc_4-3,0.005752,0.000000,0.000000,0.069111
Q_ind_161_anc_4-3,0.000312,0.000000,0.000000,0.004033
Q_ind_162_anc_4-3,0.000731,0.000000,0.000000,0.008610
Q_ind_163_anc_4-3,0.000236,0.000000,0.000000,0.002638
Q_ind_164_anc_4-3,0.000743,0.000000,0.000000,0.008817
Q_ind_165_anc_4-3,0.127220,0.014116,0.000000,0.378590
Q_ind_166_anc_4-3,0.021126,0.000000,0.000000,0.224057
Q_ind_167_anc_4-3,0.000541,0.000000,0.000000,0.007899
Q_ind_168_anc_4-3,0.003895,0.000000,0.000000,0.059119
Q_ind_169_anc_4-3,0.349417,0.351633,0.241815,0.447580
Q_ind_170_anc_4-3,0.003788,0.000000,0.000000,0.045974
Q_ind_171_anc_4-3,0.001235,0.000000,0.000000,0.014826
Q_ind_172_anc_4-3,0.000238,0.000000,0.000000,0.002214
Q_ind_173_anc_4-3,0.000137,0.000000,0.000000,0.001359
Q_ind_174_anc_4-3,0.000329,0.000000,0.000000,0.002652
Q_ind_175_anc_4-3,0.136820,0.136041,0.058920,0.219956
Q_ind_176_anc_4-3,0.468342,0.475030,0.336173,0.580970
Q_ind_177_anc_4-3,0.506676,0.512740,0.364008,0.613751
Q_ind_178_anc_4-3,0.191147,0.221152,0.000000,0.456044
Q_ind_179_anc_4-3,0.251923,0.255693,0.080572,0.385764
Q_ind_180_anc_4-3,0.004359,0.000000,0.000000,0.056993
Q_ind_181_anc_4-3,0.312494,0.380836,0.000000,0.508566
Q_ind_182_anc_4-3,0.480521,0.483257,0.364404,0.583422
Q_ind_183_anc_4-3,0.378177,0.373737,0.198262,0.565601
Q_ind_184_anc_4-3,0.402052,0.436897,0.000000,0.524272
Q_ind_185_anc_4-3,0.000353,0.000000,0.000000,0.003941
Q_ind_186_anc_4-3,0.000246,0.000000,0.000000,0.002839
Q_ind_187_anc_4-3,0.000282,0.000000,0.000000,0.003082
Q_ind_188_anc_4-3,0.001686,0.000000,0.000000,0.025325
Q_ind_189_anc_4-3,0.000522,0.000000,0.000000,0.006496
Q_ind_190_anc_4-3,0.001070,0.000000,0.000000,0.015152
Q_ind_191_anc_4-3,0.000955,0.000000,0.000000,0.013615
Q_ind_192_anc_4-3,0.000179,0.000000,0.000000,0.001717
Q_ind_193_anc_4-3,0.001077,0.000000,0.000000,0.015993
Q_ind_194_anc_4-3,0.000046,0.000000,0.000000,0.000464
Q_ind_195_anc_4-3,0.000243,0.000000,0.000000,0.003232
Q_ind_196_anc_4-3,0.000044,0.000000,0.000000,0.000444
Q_ind_197_anc_4-3,0.000040,0.000000,0.000000,0.000403
Q_ind_198_anc_4-3,0.000067,0.000000,0.000000,0.000730
Q_ind_199_anc_4-3,0.000107,0.000000,0.000000,0.001109
Q_ind_200_anc_4-3,0.000088,0.000000,0.000000,0.000839
Q_ind_201_anc_4-3,0.000353,0.000000,0.000000,0.003318
Q_ind_202_anc_4-3,0.000250,0.000000,0.000000,0.002565
Q_ind_203_anc_4-3,0.001889,0.000000,0.000000,0.023767
Q_ind_204_anc_4-3,0.000659,0.000000,0.000000,0.006969
Q_ind_205_anc_4-3,0.000773,0.000000,0.000000,0.007433
Q_ind_206_anc_4-3,0.001189,0.000000,0.000000,0.007984
Q_ind_207_anc_4-3,0.000506,0.000000,0.000000,0.006072
Q_ind_208_anc_4-3,0.000511,0.000000,0.000000,0.006063
Q_ind_209_anc_4-3,0.000172,0.000000,0.000000,0.001738
Q_ind_210_anc_4-3,0.000473,0.000000,0.000000,0.005153
Q_ind_211_anc_4-3,0.038242,0.000000,0.000000,0.248456
Q_ind_212_anc_4-3,0.002233,0.000000,0.000000,0.031293
Q_ind_213_anc_4-3,0.001621,0.000000,0.000000,0.020796
Q_ind_214_anc_4-3,0.002532,0.000000,0.000000,0.033698
Q_ind_215_anc_4-3,0.078122,0.083371,0.000000,0.185385
Q_ind_216_anc_4-3,0.004132,0.000000,0.000000,0.051126
Q_ind_217_anc_4-3,0.000694,0.000000,0.000000,0.009529
Q_ind_218_anc_4-3,0.004973,0.000000,0.000000,0.077251
Q_ind_219_anc_4-3,0.005853,0.000000,0.000000,0.081482
Q_ind_220_anc_4-3,0.001317,0.000000,0.000000,0.020070
Q_ind_221_anc_4-3,0.001531,0.000000,0.000000,0.025056
Q_ind_222_anc_4-3,0.005295,0.000000,0.000000,0.073452
Q_ind_223_anc_4-3,0.001598,0.000000,0.000000,0.024361
Q_ind_224_anc_4-3,0.005771,0.000000,0.000000,0.066901
Q_ind_225_anc_4-3,0.000916,0.000000,0.000000,0.012336
Q_ind_226_anc_4-3,0.003394,0.000000,0.000000,0.053428
Q_ind_227_anc_4-3,0.001589,0.000000,0.000000,0.015470
Q_ind_228_anc_4-3,0.001871,0.000000,0.000000,0.028801
Q_ind_229_anc_4-3,0.000898,0.000000,0.000000,0.008465
Q_ind_230_anc_4-3,0.001331,0.000000,0.000000,0.017132
Q_ind_231_anc_4-3,0.006042,0.000000,0.000000,0.091514
Q_ind_232_anc_4-3,0.001160,0.000000,0.000000,0.016063
Q_ind_233_anc_4-3,0.007182,0.000000,0.000000,0.081716
Q_ind_234_anc_4-3,0.000111,0.000000,0.000000,0.001303
Q_ind_235_anc_4-3,0.000220,0.000000,0.000000,0.001854
Q_ind_236_anc_4-3,0.000169,0.000000,0.000000,0.002101
Q_ind_237_anc_4-3,0.000188,0.000000,0.000000,0.001949
Q_ind_238_anc_4-3,0.000104,0.000000,0.000000,0.000947
Q_ind_239_anc_4-3,0.000111,0.000000,0.000000,0.001026
Q_ind_240_anc_4-3,0.000139,0.000000,0.000000,0.001774
Q_ind_241_anc_4-3,0.000127,0.000000,0.000000,0.001298
Q_ind_242_anc_4-3,0.000500,0.000000,0.000000,0.006836
Q_ind_243_anc_4-3,0.000073,0.000000,0.000000,0.000663
Q_ind_244_anc_4-3,0.000268,0.000000,0.000000,0.001937
Q_ind_245_anc_4-3,0.000097,0.000000,0.000000,0.001293
Q_ind_1_anc_4-4,0.000345,0.000000,0.000000,0.003411
Q_ind_2_anc_4-4,0.000174,0.000000,0.000000,0.001961
Q_ind_3_anc_4-4,0.005163,0.000000,0.000000,0.067414
Q_ind_4_anc_4-4,0.002640,0.000000,0.000000,0.041812
Q_ind_5_anc_4-4,0.000101,0.000000,0.000000,0.001145
Q_ind_6_anc_4-4,0.001093,0.000000,0.000000,0.014757
Q_ind_7_anc_4-4,0.001373,0.000000,0.000000,0.019300
Q_ind_8_anc_4-4,0.001982,0.000000,0.000000,0.027878
Q_ind_9_anc_4-4,0.003208,0.000000,0.000000,0.053621
Q_ind_10_anc_4-4,0.007511,0.000000,0.000000,0.069961
Q_ind_11_anc_4-4,0.001525,0.000000,0.000000,0.021647
Q_ind_12_anc_4-4,0.001770,0.000000,0.000000,0.027588
Q_ind_13_anc_4-4,0.000169,0.000000,0.000000,0.001492
Q_ind_14_anc_4-4,0.000700,0.000000,0.000000,0.010862
Q_ind_15_anc_4-4,0.000080,0.000000,0.000000,0.000615
Q_ind_16_anc_4-4,0.000239,0.000000,0.000000,0.002809
Q_ind_17_anc_4-4,0.000419,0.000000,0.000000,0.005128
Q_ind_18_anc_4-4,0.000584,0.000000,0.000000,0.008591
Q_ind_19_anc_4-4,0.000094,0.000000,0.000000,0.000994
Q_ind_20_anc_4-4,0.000180,0.000000,0.000000,0.001850
Q_ind_21_anc_4-4,0.000445,0.000000,0.000000,0.005869
Q_ind_22_anc_4-4,0.000127,0.000000,0.000000,0.001151
Q_ind_23_anc_4-4,0.000342,0.000000,0.000000,0.004058
Q_ind_24_anc_4-4,0.000272,0.000000,0.000000,0.002745
Q_ind_25_anc_4-4,0.000896,0.000000,0.000000,0.011682
Q_ind_26_anc_4-4,0.000124,0.000000,0.000000,0.001142
Q_ind_27_anc_4-4,0.000124,0.000000,0.000000,0.001300
Q_ind_28_anc_4-4,0.000164,0.000000,0.000000,0.001943
Q_ind_29_anc_4-4,0.000261,0.000000,0.000000,0.003229
Q_ind_30_anc_4-4,0.000100,0.000000,0.000000,0.000911
Q_ind_31_anc_4-4,0.000072,0.000000,0.000000,0.000782
Q_ind_32_anc_4-4,0.000221,0.000000,0.000000,0.001998
Q_ind_33_anc_4-4,0.000150,0.000000,0.000000,0.001368
Q_ind_34_anc_4-4,0.000159,0.000000,0.000000,0.001541
Q_ind_35_anc_4-4,0.000080,0.000000,0.000000,0.000775
Q_ind_36_anc_4-4,0.000042,0.000000,0.000000,0.000386
Q_ind_37_anc_4-4,0.000108,0.000000,0.000000,0.001215
Q_ind_38_anc_4-4,0.000053,0.000000,0.000000,0.000553
Q_ind_39_anc_4-4,0.000048,0.000000,0.000000,0.000460
Q_ind_40_anc_4-4,0.000106,0.000000,0.000000,0.001177
Q_ind_41_anc_4-4,0.000080,0.000000,0.000000,0.000669
Q_ind_42_anc_4-4,0.000172,0.000000,0.000000,0.001893
Q_ind_43_anc_4-4,0.000120,0.000000,0.000000,0.001302
Q_ind_44_anc_4-4,0.000160,0.000000,0.000000,0.001545
Q_ind_45_anc_4-4,0.000360,0.000000,0.000000,0.003972
Q_ind_46_anc_4-4,0.000131,0.000000,0.000000,0.001289
Q_ind_47_anc_4-4,0.000066,0.000000,0.000000,0.000621
Q_ind_48_anc_4-4,0.000104,0.000000,0.000000,0.001179
Q_ind_49_anc_4-4,0.000227,0.000000,0.000000,0.002264
Q_ind_50_anc_4-4,0.000064,0.000000,0.000000,0.000646
Q_ind_51_anc_4-4,0.000087,0.000000,0.000000,0.000832
Q_ind_52_anc_4-4,0.000101,0.000000,0.000000,0.001085
Q_ind_53_anc_4-4,0.000097,0.000000,0.000000,0.001010
Q_ind_54_anc_4-4,0.000214,0.000000,0.000000,0.002926
Q_ind_55_anc_4-4,0.000103,0.000000,0.000000,0.000908
Q_ind_56_anc_4-4,0.000082,0.000000,0.000000,0.000835
Q_ind_57_anc_4-4,0.000083,0.000000,0.000000,0.000913
Q_ind_58_anc_4-4,0.000066,0.000000,0.000000,0.000709
Q_ind_59_anc_4-4,0.000160,0.000000,0.000000,0.001967
Q_ind_60_anc_4-4,0.000151,0.000000,0.000000,0.001514
Q_ind_61_anc_4-4,0.000161,0.000000,0.000000,0.001625
Q_ind_62_anc_4-4,0.000420,0.000000,0.000000,0.005225
Q_ind_63_anc_4-4,0.028120,0.029878,0.000000,0.061288
Q_ind_64_anc_4-4,0.006685,0.000000,0.000000,0.039866
Q_ind_65_anc_4-4,0.033613,0.035029,0.000000,0.065538
Q_ind_66_anc_4-4,0.044932,0.044492,0.020439,0.072161
Q_ind_67_anc_4-4,0.064746,0.065553,0.000291,0.104832
Q_ind_68_anc_4-4,0.000146,0.000000,0.000000,0.001558
Q_ind_69_anc_4-4,0.000140,0.000000,0.000000,0.001213
Q_ind_70_anc_4-4,0.000070,0.000000,0.000000,0.000676
Q_ind_71_anc_4-4,0.000136,0.000000,0.000000,0.001758
Q_ind_72_anc_4-4,0.000209,0.000000,0.000000,0.001904
Q_ind_73_anc_4-4,0.000563,0.000000,0.000000,0.007279
Q_ind_74_anc_4-4,0.000076,0.000000,0.000000,0.000589
Q_ind_75_anc_4-4,0.000114,0.000000,0.000000,0.001298
Q_ind_76_anc_4-4,0.000130,0.000000,0.000000,0.001441
Q_ind_77_anc_4-4,0.000713,0.000000,0.000000,0.009176
Q_ind_78_anc_4-4,0.010350,0.000000,0.000000,0.070487
Q_ind_79_anc_4-4,0.000280,0.000000,0.000000,0.002572
Q_ind_80_anc_4-4,0.000286,0.000000,0.000000,0.002732
Q_ind_81_anc_4-4,0.000171,0.000000,0.000000,0.001809
Q_ind_82_anc_4-4,0.000333,0.000000,0.000000,0.003425
Q_ind_83_anc_4-4,0.000311,0.000000,0.000000,0.003986
Q_ind_84_anc_4-4,0.000545,0.000000,0.000000,0.005427
Q_ind_85_anc_4-4,0.000265,0.000000,0.000000,0.002552
Q_ind_86_anc_4-4,0.000345,0.000000,0.000000,0.004259
Q_ind_87_anc_4-4,0.000471,0.000000,0.000000,0.006599
Q_ind_88_anc_4-4,0.001304,0.000000,0.000000,0.021913
Q_ind_89_anc_4-4,0.000637,0.000000,0.000000,0.007711
Q_ind_90_anc_4-4,0.003454,0.000000,0.000000,0.041398
Q_ind_91_anc_4-4,0.002643,0.000000,0.000000,0.036194
Q_ind_92_anc_4-4,0.001146,0.000000,0.000000,0.015375
Q_ind_93_anc_4-4,0.000395,0.000000,0.000000,0.004789
Q_ind_94_anc_4-4,0.000120,0.000000,0.000000,0.001263
Q_ind_95_anc_4-4,0.005706,0.000000,0.000000,0.059533
Q_ind_96_anc_4-4,0.000533,0.000000,0.000000,0.006421
Q_ind_97_anc_4-4,0.000180,0.000000,0.000000,0.002178
Q_ind_98_anc_4-4,0.000113,0.000000,0.000000,0.001266
Q_ind_99_anc_4-4,0.000070,0.000000,0.000000,0.000795
Q_ind_100_anc_4-4,0.000162,0.000000,0.000000,0.001585
Q_ind_101_anc_4-4,0.000090,0.000000,0.000000,0.001079
Q_ind_102_anc_4-4,0.000058,0.000000,0.000000,0.000713
Q_ind_103_anc_4-4,0.000299,0.000000,0.000000,0.004199
Q_ind_104_anc_4-4,0.000301,0.000000,0.000000,0.003952
Q_ind_105_anc_4-4,0.000045,0.000000,0.000000,0.000370
Q_ind_106_anc_4-4,0.000672,0.000000,0.000000,0.009393
Q_ind_107_anc_4-4,0.000603,0.000000,0.000000,0.007547
Q_ind_108_anc_4-4,0.000257,0.000000,0.000000,0.003438
Q_ind_109_anc_4-4,0.006858,0.000000,0.000000,0.079210
Q_ind_110_anc_4-4,0.002568,0.000000,0.000000,0.033528
Q_ind_111_anc_4-4,0.000462,0.000000,0.000000,0.005519
Q_ind_112_anc_4-4,0.000109,0.000000,0.000000,0.001078
Q_ind_113_anc_4-4,0.001844,0.000000,0.000000,0.027760
Q_ind_114_anc_4-4,0.000511,0.000000,0.000000,0.003835
Q_ind_115_anc_4-4,0.000141,0.000000,0.000000,0.001351
Q_ind_116_anc_4-4,0.000096,0.000000,0.000000,0.001086
Q_ind_117_anc_4-4,0.000273,0.000000,0.000000,0.003706
Q_ind_118_anc_4-4,0.000153,0.000000,0.000000,0.001741
Q_ind_119_anc_4-4,0.000565,0.000000,0.000000,0.008528
Q_ind_120_anc_4-4,0.000101,0.000000,0.000000,0.001067
Q_ind_121_anc_4-4,0.000404,0.000000,0.000000,0.005480
Q_ind_122_anc_4-4,0.000094,0.000000,0.000000,0.000986
Q_ind_123_anc_4-4,0.000215,0.000000,0.000000,0.002432
Q_ind_124_anc_4-4,0.000076,0.000000,0.000000,0.000844
Q_ind_125_anc_4-4,0.000646,0.000000,0.000000,0.009015
Q_ind_126_anc_4-4,0.000991,0.000000,0.000000,0.014683
Q_ind_127_anc_4-4,0.000448,0.000000,0.000000,0.005042
Q_ind_128_anc_4-4,0.002174,0.000000,0.000000,0.030358
Q_ind_129_anc_4-4,0.000471,0.000000,0.000000,0.005978
Q_ind_130_anc_4-4,0.001416,0.000000,0.000000,0.019484
Q_ind_131_anc_4-4,0.000084,0.000000,0.000000,0.000655
Q_ind_132_anc_4-4,0.000036,0.000000,0.000000,0.000319
Q_ind_133_anc_4-4,0.000128,0.000000,0.000000,0.001315
Q_ind_134_anc_4-4,0.000903,0.000000,0.000000,0.012466
Q_ind_135_anc_4-4,0.000625,0.000000,0.000000,0.008580
Q_ind_136_anc_4-4,0.000166,0.000000,0.000000,0.001567
Q_ind_137_anc_4-4,0.000085,0.000000,0.000000,0.000935
Q_ind_138_anc_4-4,0.000043,0.000000,0.000000,0.000423
Q_ind_139_anc_4-4,0.000128,0.000000,0.000000,0.001470
Q_ind_140_anc_4-4,0.000281,0.000000,0.000000,0.002882
Q_ind_141_anc_4-4,0.000269,0.000000,0.000000,0.003001
Q_ind_142_anc_4-4,0.000032,0.000000,0.000000,0.000289
Q_ind_143_anc_4-4,0.000208,0.000000,0.000000,0.002194
Q_ind_144_anc_4-4,0.000123,0.000000,0.000000,0.001405
Q_ind_145_anc_4-4,0.009216,0.002552,0.000000,0.034689
Q_ind_146_anc_4-4,0.001065,0.000000,0.000000,0.014562
Q_ind_147_anc_4-4,0.003035,0.000000,0.000000,0.026386
Q_ind_148_anc_4-4,0.006710,0.000000,0.000000,0.046707
Q_ind_149_anc_4-4,0.000106,0.000000,0.000000,0.001046
Q_ind_150_anc_4-4,0.002830,0.000000,0.000000,0.027288
Q_ind_151_anc_4-4,0.000456,0.000000,0.000000,0.006352
Q_ind_152_anc_4-4,0.006472,0.000000,0.000000,0.034861
Q_ind_153_anc_4-4,0.000717,0.000000,0.000000,0.009562
Q_ind_154_anc_4-4,0.011353,0.000028,0.000000,0.046839
Q_ind_155_anc_4-4,0.000051,0.000000,0.000000,0.000492
Q_ind_156_anc_4-4,0.002756,0.000000,0.000000,0.041931
Q_ind_157_anc_4-4,0.049947,0.026507,0.000000,0.171809
Q_ind_158_anc_4-4,0.119744,0.127944,0.000000,0.229649
Q_ind_159_anc_4-4,0.005717,0.000000,0.000000,0.068744
Q_ind_160_anc_4-4,0.069114,0.072977,0.000000,0.175131
Q_ind_161_anc_4-4,0.001586,0.000000,0.000000,0.026214
Q_ind_162_anc_4-4,0.005504,0.000000,0.000000,0.066692
Q_ind_163_anc_4-4,0.133489,0.132158,0.057025,0.216581
Q_ind_164_anc_4-4,0.052264,0.050926,0.000000,0.151165
Q_ind_165_anc_4-4,0.000374,0.000000,0.000000,0.004240
Q_ind_166_anc_4-4,0.000673,0.000000,0.000000,0.006853
Q_ind_167_anc_4-4,0.001274,0.000000,0.000000,0.015793
Q_ind_168_anc_4-4,0.000102,0.000000,0.000000,0.001129
Q_ind_169_anc_4-4,0.000041,0.000000,0.000000,0.000435
Q_ind_170_anc_4-4,0.001133,0.000000,0.000000,0.015402
Q_ind_171_anc_4-4,0.000235,0.000000,0.000000,0.002251
Q_ind_172_anc_4-4,0.000066,0.000000,0.000000,0.000812
Q_ind_173_anc_4-4,0.000078,0.000000,0.000000,0.000796
Q_ind_174_anc_4-4,0.000084,0.000000,0.000000,0.000869
Q_ind_175_anc_4-4,0.000076,0.000000,0.000000,0.000913
Q_ind_176_anc_4-4,0.000181,0.000000,0.000000,0.001566
Q_ind_177_anc_4-4,0.001402,0.000000,0.000000,0.019847
Q_ind_178_anc_4-4,0.000480,0.000000,0.000000,0.004615
Q_ind_179_anc_4-4,0.000211,0.000000,0.000000,0.002507
Q_ind_180_anc_4-4,0.065614,0.064949,0.000000,0.176400
Q_ind_181_anc_4-4,0.000593,0.000000,0.000000,0.007493
Q_ind_182_anc_4-4,0.000782,0.000000,0.000000,0.008926
Q_ind_183_anc_4-4,0.001207,0.000000,0.000000,0.012773
Q_ind_184_anc_4-4,0.000397,0.000000,0.000000,0.003414
Q_ind_185_anc_4-4,0.000320,0.000000,0.000000,0.003079
Q_ind_186_anc_4-4,0.000101,0.000000,0.000000,0.000896
Q_ind_187_anc_4-4,0.000159,0.000000,0.000000,0.001887
Q_ind_188_anc_4-4,0.000118,0.000000,0.000000,0.001158
Q_ind_189_anc_4-4,0.000496,0.000000,0.000000,0.006820
Q_ind_190_anc_4-4,0.000214,0.000000,0.000000,0.002181
Q_ind_191_anc_4-4,0.000164,0.000000,0.000000,0.001951
Q_ind_192_anc_4-4,0.000078,0.000000,0.000000,0.000869
Q_ind_193_anc_4-4,0.000163,0.000000,0.000000,0.001559
Q_ind_194_anc_4-4,0.000051,0.000000,0.000000,0.000503
Q_ind_195_anc_4-4,0.000104,0.000000,0.000000,0.000931
Q_ind_196_anc_4-4,0.000068,0.000000,0.000000,0.000659
Q_ind_197_anc_4-4,0.000053,0.000000,0.000000,0.000542
Q_ind_198_anc_4-4,0.000066,0.000000,0.000000,0.000669
Q_ind_199_anc_4-4,0.000125,0.000000,0.000000,0.001445
Q_ind_200_anc_4-4,0.000095,0.000000,0.000000,0.000986
Q_ind_201_anc_4-4,0.000057,0.000000,0.000000,0.000428
Q_ind_202_anc_4-4,0.000196,0.000000,0.000000,0.002379
Q_ind_203_anc_4-4,0.000350,0.000000,0.000000,0.003584
Q_ind_204_anc_4-4,0.000294,0.000000,0.000000,0.002911
Q_ind_205_anc_4-4,0.000826,0.000000,0.000000,0.009932
Q_ind_206_anc_4-4,0.001601,0.000000,0.000000,0.007119
Q_ind_207_anc_4-4,0.001519,0.000000,0.000000,0.021517
Q_ind_208_anc_4-4,0.000065,0.000000,0.000000,0.000619
Q_ind_209_anc_4-4,0.000169,0.000000,0.000000,0.001548
Q_ind_210_anc_4-4,0.000344,0.000000,0.000000,0.003689
Q_ind_211_anc_4-4,0.023567,0.000000,0.000000,0.163698
Q_ind_212_anc_4-4,0.000048,0.000000,0.000000,0.000486
Q_ind_213_anc_4-4,0.000228,0.000000,0.000000,0.002590
Q_ind_214_anc_4-4,0.000109,0.000000,0.000000,0.001164
Q_ind_215_anc_4-4,0.000070,0.000000,0.000000,0.000724
Q_ind_216_anc_4-4,0.000203,0.000000,0.000000,0.002492
Q_ind_217_anc_4-4,0.000125,0.000000,0.000000,0.001449
Q_ind_218_anc_4-4,0.000070,0.000000,0.000000,0.000632
Q_ind_219_anc_4-4,0.000095,0.000000,0.000000,0.000863
Q_ind_220_anc_4-4,0.000112,0.000000,0.000000,0.001464
Q_ind_221_anc_4-4,0.000058,0.000000,0.000000,0.000487
Q_ind_222_anc_4-4,0.000279,0.000000,0.000000,0.003271
Q_ind_223_anc_4-4,0.000102,0.000000,0.000000,0.001036
Q_ind_224_anc_4-4,0.000063,0.000000,0.000000,0.000600
Q_ind_225_anc_4-4,0.184831,0.187674,0.080448,0.282682
Q_ind_226_anc_4-4,0.000183,0.000000,0.000000,0.002114
Q_ind_227_anc_4-4,0.021647,0.000000,0.000000,0.131615
Q_ind_228_anc_4-4,0.154257,0.151449,0.066775,0.253486
Q_ind_229_anc_4-4,0.196582,0.197515,0.078697,0.306017
Q_ind_230_anc_4-4,0.158450,0.158277,0.086271,0.231609
Q_ind_231_anc_4-4,0.000148,0.000000,0.000000,0.001326
Q_ind_232_anc_4-4,0.001733,0.000000,0.000000,0.023835
Q_ind_233_anc_4-4,0.192109,0.191565,0.100000,0.281928
Q_ind_234_anc_4-4,0.000090,0.000000,0.000000,0.000793
Q_ind_235_anc_4-4,0.000158,0.000000,0.000000,0.001580
Q_ind_236_anc_4-4,0.000152,0.000000,0.000000,0.001975
Q_ind_237_anc_4-4,0.000080,0.000000,0.000000,0.000939
Q_ind_238_anc_4-4,0.000079,0.000000,0.000000,0.000852
Q_ind_239_anc_4-4,0.000127,0.000000,0.000000,0.001393
Q_ind_240_anc_4-4,0.000072,0.000000,0.000000,0.000800
Q_ind_241_anc_4-4,0.000099,0.000000,0.000000,0.001128
Q_ind_242_anc_4-4,0.000113,0.000000,0.000000,0.001202
Q_ind_243_anc_4-4,0.000049,0.000000,0.000000,0.000470
Q_ind_244_anc_4-4,0.000385,0.000000,0.000000,0.004738
Q_ind_245_anc_4-4,0.000071,0.000000,0.000000,0.000744
Q_ind_1_anc_5-1,0.000276,0.000000,0.000000,0.003303
Q_ind_2_anc_5-1,0.003263,0.000000,0.000000,0.047348
Q_ind_3_anc_5-1,0.000374,0.000000,0.000000,0.004808
Q_ind_4_anc_5-1,0.003518,0.000000,0.000000,0.046519
Q_ind_5_anc_5-1,0.000241,0.000000,0.000000,0.002471
Q_ind_6_anc_5-1,0.000311,0.000000,0.000000,0.004133
Q_ind_7_anc_5-1,0.001255,0.000000,0.000000,0.020098
Q_ind_8_anc_5-1,0.001347,0.000000,0.000000,0.017989
Q_ind_9_anc_5-1,0.030203,0.000016,0.000000,0.115587
Q_ind_10_anc_5-1,0.001281,0.000000,0.000000,0.019063
Q_ind_11_anc_5-1,0.000953,0.000000,0.000000,0.013296
Q_ind_12_anc_5-1,0.002244,0.000000,0.000000,0.030486
Q_ind_13_anc_5-1,0.001001,0.000000,0.000000,0.013204
Q_ind_14_anc_5-1,0.002017,0.000000,0.000000,0.028079
Q_ind_15_anc_5-1,0.000503,0.000000,0.000000,0.005557
Q_ind_16_anc_5-1,0.000345,0.000000,0.000000,0.003261
Q_ind_17_anc_5-1,0.000707,0.000000,0.000000,0.006368
Q_ind_18_anc_5-1,0.001911,0.000000,0.000000,0.024829
Q_ind_19_anc_5-1,0.000174,0.000000,0.000000,0.001513
Q_ind_20_anc_5-1,0.000187,0.000000,0.000000,0.002091
Q_ind_21_anc_5-1,0.000342,0.000000,0.000000,0.004582
Q_ind_22_anc_5-1,0.000526,0.000000,0.000000,0.006564
Q_ind_23_anc_5-1,0.002359,0.000000,0.000000,0.036787
Q_ind_24_anc_5-1,0.002076,0.000000,0.000000,0.030133
Q_ind_25_anc_5-1,0.000382,0.000000,0.000000,0.003802
Q_ind_26_anc_5-1,0.000216,0.000000,0.000000,0.003132
Q_ind_27_anc_5-1,0.000449,0.000000,0.000000,0.005814
Q_ind_28_anc_5-1,0.000818,0.000000,0.000000,0.011209
Q_ind_29_anc_5-1,0.000514,0.000000,0.000000,0.006386
Q_ind_30_anc_5-1,0.000692,0.000000,0.000000,0.010032
Q_ind_31_anc_5-1,0.001351,0.000000,0.000000,0.019300
Q_ind_32_anc_5-1,0.000555,0.000000,0.000000,0.007430
Q_ind_33_anc_5-1,0.000426,0.000000,0.000000,0.004159
Q_ind_34_anc_5-1,0.001034,0.000000,0.000000,0.013912
Q_ind_35_anc_5-1,0.000811,0.000000,0.000000,0.010792
Q_ind_36_anc_5-1,0.007563,0.000000,0.000000,0.091417
Q_ind_37_anc_5-1,0.000621,0.000000,0.000000,0.006412
Q_ind_38_anc_5-1,0.004705,0.000000,0.000000,0.069996
Q_ind_39_anc_5-1,0.011559,0.000000,0.000000,0.159686
Q_ind_40_anc_5-1,0.003569,0.000000,0.000000,0.051608
Q_ind_41_anc_5-1,0.001078,0.000000,0.000000,0.013036
Q_ind_42_anc_5-1,0.000111,0.000000,0.000000,0.001151
Q_ind_43_anc_5-1,0.000315,0.000000,0.000000,0.003670
Q_ind_44_anc_5-1,0.000172,0.000000,0.000000,0.002209
Q_ind_45_anc_5-1,0.000273,0.000000,0.000000,0.002842
Q_ind_46_anc_5-1,0.000227,0.000000,0.000000,0.002393
Q_ind_47_anc_5-1,0.001308,0.000000,0.000000,0.017276
Q_ind_48_anc_5-1,0.000221,0.000000,0.000000,0.002185
Q_ind_49_anc_5-1,0.000365,0.000000,0.000000,0.004514
Q_ind_50_anc_5-1,0.000226,0.000000,0.000000,0.002442
Q_ind_51_anc_5-1,0.000340,0.000000,0.000000,0.004613
Q_ind_52_anc_5-1,0.000583,0.000000,0.000000,0.006439
Q_ind_53_anc_5-1,0.000439,0.000000,0.000000,0.005469
Q_ind_54_anc_5-1,0.000453,0.000000,0.000000,0.006414
Q_ind_55_anc_5-1,0.000276,0.000000,0.000000,0.003197
Q_ind_56_anc_5-1,0.000553,0.000000,0.000000,0.007046
Q_ind_57_anc_5-1,0.000495,0.000000,0.000000,0.004933
Q_ind_58_anc_5-1,0.000233,0.000000,0.000000,0.002966
Q_ind_59_anc_5-1,0.000594,0.000000,0.000000,0.007634
Q_ind_60_anc_5-1,0.001165,0.000000,0.000000,0.018498
Q_ind_61_anc_5-1,0.001668,0.000000,0.000000,0.021593
Q_ind_62_anc_5-1,0.000573,0.000000,0.000000,0.006238
Q_ind_63_anc_5-1,0.000230,0.000000,0.000000,0.002766
Q_ind_64_anc_5-1,0.000103,0.000000,0.000000,0.001116
Q_ind_65_anc_5-1,0.000135,0.000000,0.000000,0.001512
Q_ind_66_anc_5-1,0.000065,0.000000,0.000000,0.000755
Q_ind_67_anc_5-1,0.000129,0.000000,0.000000,0.001328
Q_ind_68_anc_5-1,0.000418,0.000000,0.000000,0.005702
Q_ind_69_anc_5-1,0.000228,0.000000,0.000000,0.002807
Q_ind_70_anc_5-1,0.000090,0.000000,0.000000,0.001061
Q_ind_71_anc_5-1,0.000198,0.000000,0.000000,0.001969
Q_ind_72_anc_5-1,0.001133,0.000000,0.000000,0.015617
Q_ind_73_anc_5-1,0.000752,0.000000,0.000000,0.010988
Q_ind_74_anc_5-1,0.000473,0.000000,0.000000,0.005696
Q_ind_75_anc_5-1,0.001951,0.000000,0.000000,0.012574
Q_ind_76_anc_5-1,0.000586,0.000000,0.000000,0.006827
Q_ind_77_anc_5-1,0.000461,0.000000,0.000000,0.005692
Q_ind_78_anc_5-1,0.000233,0.000000,0.000000,0.001954
Q_ind_79_anc_5-1,0.000346,0.000000,0.000000,0.003624
Q_ind_80_anc_5-1,0.000463,0.000000,0.000000,0.006512
Q_ind_81_anc_5-1,0.001307,0.000000,0.000000,0.019054
Q_ind_82_anc_5-1,0.000214,0.000000,0.000000,0.001937
Q_ind_83_anc_5-1,0.000283,0.000000,0.000000,0.003312
Q_ind_84_anc_5-1,0.000324,0.000000,0.000000,0.003690
Q_ind_85_anc_5-1,0.000455,0.000000,0.000000,0.004114
Q_ind_86_anc_5-1,0.000177,0.000000,0.000000,0.001885
Q_ind_87_anc_5-1,0.000235,0.000000,0.000000,0.002541
Q_ind_88_anc_5-1,0.002554,0.000000,0.000000,0.036945
Q_ind_89_anc_5-1,0.009216,0.000000,0.000000,0.077536
Q_ind_90_anc_5-1,0.141709,0.109165,0.000000,0.463261
Q_ind_91_anc_5-1,0.002867,0.000000,0.000000,0.043595
Q_ind_92_anc_5-1,0.018258,0.000000,0.000000,0.172782
Q_ind_93_anc_5-1,0.020289,0.000000,0.000000,0.164773
Q_ind_94_anc_5-1,0.000883,0.000000,0.000000,0.013085
Q_ind_95_anc_5-1,0.013687,0.000000,0.000000,0.108857
Q_ind_96_anc_5-1,0.000106,0.000000,0.000000,0.001025
Q_ind_97_anc_5-1,0.000380,0.000000,0.000000,0.003947
Q_ind_98_anc_5-1,0.000151,0.000000,0.000000,0.001737
Q_ind_99_anc_5-1,0.000483,0.000000,0.000000,0.005296
Q_ind_100_anc_5-1,0.000151,0.000000,0.000000,0.001654
Q_ind_101_anc_5-1,0.000175,0.000000,0.000000,0.002241
Q_ind_102_anc_5-1,0.000101,0.000000,0.000000,0.000873
Q_ind_103_anc_5-1,0.000540,0.000000,0.000000,0.006925
Q_ind_104_anc_5-1,0.000233,0.000000,0.000000,0.003334
Q_ind_105_anc_5-1,0.000222,0.000000,0.000000,0.002978
Q_ind_106_anc_5-1,0.000394,0.000000,0.000000,0.004363
Q_ind_107_anc_5-1,0.058229,0.053377,0.000000,0.174372
Q_ind_108_anc_5-1,0.007700,0.000000,0.000000,0.101971
Q_ind_109_anc_5-1,0.000848,0.000000,0.000000,0.010182
Q_ind_110_anc_5-1,0.000486,0.000000,0.000000,0.005813
Q_ind_111_anc_5-1,0.000778,0.000000,0.000000,0.004720
Q_ind_112_anc_5-1,0.003781,0.000000,0.000000,0.053588
Q_ind_113_anc_5-1,0.012769,0.000000,0.000000,0.178570
Q_ind_114_anc_5-1,0.005530,0.000000,0.000000,0.070980
Q_ind_115_anc_5-1,0.000265,0.000000,0.000000,0.003241
Q_ind_116_anc_5-1,0.000370,0.000000,0.000000,0.004916
Q_ind_117_anc_5-1,0.000459,0.000000,0.000000,0.006418
Q_ind_118_anc_5-1,0.000401,0.000000,0.000000,0.003947
Q_ind_119_anc_5-1,0.000308,0.000000,0.000000,0.002612
Q_ind_120_anc_5-1,0.000336,0.000000,0.000000,0.004266
Q_ind_121_anc_5-1,0.001330,0.000000,0.000000,0.019214
Q_ind_122_anc_5-1,0.000174,0.000000,0.000000,0.001630
Q_ind_123_anc_5-1,0.000267,0.000000,0.000000,0.002619
Q_ind_124_anc_5-1,0.000128,0.000000,0.000000,0.001211
Q_ind_125_anc_5-1,0.002683,0.000000,0.000000,0.034214
Q_ind_126_anc_5-1,0.024598,0.000000,0.000000,0.182730
Q_ind_127_anc_5-1,0.000763,0.000000,0.000000,0.010357
Q_ind_128_anc_5-1,0.000476,0.000000,0.000000,0.005487
Q_ind_129_anc_5-1,0.001610,0.000000,0.000000,0.015713
Q_ind_130_anc_5-1,0.001353,0.000000,0.000000,0.016690
Q_ind_131_anc_5-1,0.000205,0.000000,0.000000,0.001765
Q_ind_132_anc_5-1,0.000149,0.000000,0.000000,0.001523
Q_ind_133_anc_5-1,0.001822,0.000000,0.000000,0.026011
Q_ind_134_anc_5-1,0.000769,0.000000,0.000000,0.007020
Q_ind_135_anc_5-1,0.005699,0.000000,0.000000,0.058729
Q_ind_136_anc_5-1,0.000540,0.000000,0.000000,0.006720
Q_ind_137_anc_5-1,0.000378,0.000000,0.000000,0.004612
Q_ind_138_anc_5-1,0.000195,0.000000,0.000000,0.001903
Q_ind_139_anc_5-1,0.002136,0.000000,0.000000,0.032908
Q_ind_140_anc_5-1,0.000835,0.000000,0.000000,0.009955
Q_ind_141_anc_5-1,0.002086,0.000000,0.000000,0.034592
Q_ind_142_anc_5-1,0.000339,0.000000,0.000000,0.002767
Q_ind_143_anc_5-1,0.001633,0.000000,0.000000,0.025613
Q_ind_144_anc_5-1,0.000330,0.000000,0.000000,0.003560
Q_ind_145_anc_5-1,0.000183,0.000000,0.000000,0.001979
Q_ind_146_anc_5-1,0.000198,0.000000,0.000000,0.002237
Q_ind_147_anc_5-1,0.000318,0.000000,0.000000,0.004058
Q_ind_148_anc_5-1,0.000683,0.000000,0.000000,0.009380
Q_ind_149_anc_5-1,0.000197,0.000000,0.000000,0.002056
Q_ind_150_anc_5-1,0.000183,0.000000,0.000000,0.001782
Q_ind_151_anc_5-1,0.000849,0.000000,0.000000,0.012139
Q_ind_152_anc_5-1,0.000144,0.000000,0.000000,0.001728
Q_ind_153_anc_5-1,0.000622,0.000000,0.000000,0.008272
Q_ind_154_anc_5-1,0.000629,0.000000,0.000000,0.008551
Q_ind_155_anc_5-1,0.000119,0.000000,0.000000,0.001105
Q_ind_156_anc_5-1,0.001964,0.000000,0.000000,0.027771
Q_ind_157_anc_5-1,0.000171,0.000000,0.000000,0.001392
Q_ind_158_anc_5-1,0.000221,0.000000,0.000000,0.002388
Q_ind_159_anc_5-1,0.000607,0.000000,0.000000,0.005426
Q_ind_160_anc_5-1,0.001106,0.000000,0.000000,0.015338
Q_ind_161_anc_5-1,0.000268,0.000000,0.000000,0.003121
Q_ind_162_anc_5-1,0.000286,0.000000,0.000000,0.003473
Q_ind_163_anc_5-1,0.000351,0.000000,0.000000,0.004401
Q_ind_164_anc_5-1,0.000868,0.000000,0.000000,0.011451
Q_ind_165_anc_5-1,0.001274,0.000000,0.000000,0.016733
Q_ind_166_anc_5-1,0.001607,0.000000,0.000000,0.023855
Q_ind_167_anc_5-1,0.000575,0.000000,0.000000,0.005678
Q_ind_168_anc_5-1,0.000788,0.000000,0.000000,0.008158
Q_ind_169_anc_5-1,0.000438,0.000000,0.000000,0.003815
Q_ind_170_anc_5-1,0.000685,0.000000,0.000000,0.008638
Q_ind_171_anc_5-1,0.000716,0.000000,0.000000,0.008811
Q_ind_172_anc_5-1,0.000261,0.000000,0.000000,0.002591
Q_ind_173_anc_5-1,0.000225,0.000000,0.000000,0.002132
Q_ind_174_anc_5-1,0.000150,0.000000,0.000000,0.001499
Q_ind_175_anc_5-1,0.000921,0.000000,0.000000,0.007792
Q_ind_176_anc_5-1,0.000281,0.000000,0.000000,0.002733
Q_ind_177_anc_5-1,0.002687,0.000000,0.000000,0.039558
Q_ind_178_anc_5-1,0.000222,0.000000,0.000000,0.002233
Q_ind_179_anc_5-1,0.000505,0.000000,0.000000,0.005476
Q_ind_180_anc_5-1,0.001504,0.000000,0.000000,0.022735
Q_ind_181_anc_5-1,0.000765,0.000000,0.000000,0.008060
Q_ind_182_anc_5-1,0.000450,0.000000,0.000000,0.006011
Q_ind_183_anc_5-1,0.000437,0.000000,0.000000,0.005208
Q_ind_184_anc_5-1,0.001419,0.000000,0.000000,0.015233
Q_ind_185_anc_5-1,0.040282,0.000000,0.000000,0.182934
Q_ind_186_anc_5-1,0.000379,0.000000,0.000000,0.003491
Q_ind_187_anc_5-1,0.001329,0.000000,0.000000,0.019417
Q_ind_188_anc_5-1,0.005067,0.000000,0.000000,0.060690
Q_ind_189_anc_5-1,0.000521,0.000000,0.000000,0.006057
Q_ind_190_anc_5-1,0.012324,0.000000,0.000000,0.136133
Q_ind_191_anc_5-1,0.000411,0.000000,0.000000,0.003539
Q_ind_192_anc_5-1,0.000145,0.000000,0.000000,0.001351
Q_ind_193_anc_5-1,0.001027,0.000000,0.000000,0.014369
Q_ind_194_anc_5-1,0.000039,0.000000,0.000000,0.000486
Q_ind_195_anc_5-1,0.000208,0.000000,0.000000,0.002562
Q_ind_196_anc_5-1,0.000043,0.000000,0.000000,0.000433
Q_ind_197_anc_5-1,0.000044,0.000000,0.000000,0.000443
Q_ind_198_anc_5-1,0.000059,0.000000,0.000000,0.000518
Q_ind_199_anc_5-1,0.000175,0.000000,0.000000,0.001677
Q_ind_200_anc_5-1,0.000041,0.000000,0.000000,0.000390
Q_ind_201_anc_5-1,0.025920,0.000000,0.000000,0.207228
Q_ind_202_anc_5-1,0.000162,0.000000,0.000000,0.001790
Q_ind_203_anc_5-1,0.002995,0.000000,0.000000,0.037734
Q_ind_204_anc_5-1,0.000504,0.000000,0.000000,0.006687
Q_ind_205_anc_5-1,0.039044,0.000011,0.000000,0.147888
Q_ind_206_anc_5-1,0.001110,0.000000,0.000000,0.014899
Q_ind_207_anc_5-1,0.000681,0.000000,0.000000,0.007107
Q_ind_208_anc_5-1,0.000357,0.000000,0.000000,0.003178
Q_ind_209_anc_5-1,0.001575,0.000000,0.000000,0.021367
Q_ind_210_anc_5-1,0.002488,0.000000,0.000000,0.036154
Q_ind_211_anc_5-1,0.008321,0.000000,0.000000,0.090580
Q_ind_212_anc_5-1,0.034245,0.000000,0.000000,0.276632
Q_ind_213_anc_5-1,0.001586,0.000000,0.000000,0.024788
Q_ind_214_anc_5-1,0.000720,0.000000,0.000000,0.006901
Q_ind_215_anc_5-1,0.000294,0.000000,0.000000,0.003601
Q_ind_216_anc_5-1,0.000382,0.000000,0.000000,0.004036
Q_ind_217_anc_5-1,0.000337,0.000000,0.000000,0.003507
Q_ind_218_anc_5-1,0.000872,0.000000,0.000000,0.006613
Q_ind_219_anc_5-1,0.003824,0.000000,0.000000,0.050800
Q_ind_220_anc_5-1,0.014990,0.000000,0.000000,0.122378
Q_ind_221_anc_5-1,0.000623,0.000000,0.000000,0.008079
Q_ind_222_anc_5-1,0.000444,0.000000,0.000000,0.003987
Q_ind_223_anc_5-1,0.000132,0.000000,0.000000,0.001367
Q_ind_224_anc_5-1,0.002684,0.000000,0.000000,0.036909
Q_ind_225_anc_5-1,0.000931,0.000000,0.000000,0.013814
Q_ind_226_anc_5-1,0.000425,0.000000,0.000000,0.004766
Q_ind_227_anc_5-1,0.000672,0.000000,0.000000,0.009814
Q_ind_228_anc_5-1,0.000548,0.000000,0.000000,0.004576
Q_ind_229_anc_5-1,0.000495,0.000000,0.000000,0.006607
Q_ind_230_anc_5-1,0.049850,0.000000,0.000000,0.200757
Q_ind_231_anc_5-1,0.000332,0.000000,0.000000,0.002860
Q_ind_232_anc_5-1,0.000732,0.000000,0.000000,0.009291
Q_ind_233_anc_5-1,0.000371,0.000000,0.000000,0.004514
Q_ind_234_anc_5-1,0.000144,0.000000,0.000000,0.001576
Q_ind_235_anc_5-1,0.000478,0.000000,0.000000,0.006103
Q_ind_236_anc_5-1,0.000115,0.000000,0.000000,0.001091
Q_ind_237_anc_5-1,0.000332,0.000000,0.000000,0.003472
Q_ind_238_anc_5-1,0.000131,0.000000,0.000000,0.001384
Q_ind_239_anc_5-1,0.000154,0.000000,0.000000,0.001442
Q_ind_240_anc_5-1,0.000438,0.000000,0.000000,0.005392
Q_ind_241_anc_5-1,0.000092,0.000000,0.000000,0.000934
Q_ind_242_anc_5-1,0.000177,0.000000,0.000000,0.001657
Q_ind_243_anc_5-1,0.000092,0.000000,0.000000,0.000737
Q_ind_244_anc_5-1,0.000143,0.000000,0.000000,0.001659
Q_ind_245_anc_5-1,0.000142,0.000000,0.000000,0.001675
Q_ind_1_anc_5-2,0.010400,0.000000,0.000000,0.090643
Q_ind_2_anc_5-2,0.008927,0.000000,0.000000,0.111926
Q_ind_3_anc_5-2,0.001918,0.000000,0.000000,0.028290
Q_ind_4_anc_5-2,0.003025,0.000000,0.000000,0.037551
Q_ind_5_anc_5-2,0.001715,0.000000,0.000000,0.025379
Q_ind_6_anc_5-2,0.007544,0.000000,0.000000,0.098280
Q_ind_7_anc_5-2,0.008663,0.000000,0.000000,0.084204
Q_ind_8_anc_5-2,0.001015,0.000000,0.000000,0.012353
Q_ind_9_anc_5-2,0.009896,0.000000,0.000000,0.089984
Q_ind_10_anc_5-2,0.002732,0.000000,0.000000,0.036902
Q_ind_11_anc_5-2,0.002308,0.000000,0.000000,0.036879
Q_ind_12_anc_5-2,0.002780,0.000000,0.000000,0.037869
Q_ind_13_anc_5-2,0.000766,0.000000,0.000000,0.010772
Q_ind_14_anc_5-2,0.000478,0.000000,0.000000,0.004726
Q_ind_15_anc_5-2,0.002213,0.000000,0.000000,0.030261
Q_ind_16_anc_5-2,0.000277,0.000000,0.000000,0.002731
Q_ind_17_anc_5-2,0.000824,0.000000,0.000000,0.012903
Q_ind_18_anc_5-2,0.000613,0.000000,0.000000,0.008308
Q_ind_19_anc_5-2,0.000117,0.000000,0.000000,0.000984
Q_ind_20_anc_5-2,0.000597,0.000000,0.000000,0.007543
Q_ind_21_anc_5-2,0.000158,0.000000,0.000000,0.001556
Q_ind_22_anc_5-2,0.000284,0.000000,0.000000,0.003596
Q_ind_23_anc_5-2,0.000148,0.000000,0.000000,0.001568
Q_ind_24_anc_5-2,0.002503,0.000000,0.000000,0.031798
Q_ind_25_anc_5-2,0.000205,0.000000,0.000000,0.002099
Q_ind_26_anc_5-2,0.000250,0.000000,0.000000,0.002880
Q_ind_27_anc_5-2,0.000313,0.000000,0.000000,0.003885
Q_ind_28_anc_5-2,0.001348,0.000000,0.000000,0.019001
Q_ind_29_anc_5-2,0.000280,0.000000,0.000000,0.002874
Q_ind_30_anc_5-2,0.000796,0.000000,0.000000,0.010032
Q_ind_31_anc_5-2,0.001793,0.000000,0.000000,0.024414
Q_ind_32_anc_5-2,0.001096,0.000000,0.000000,0.014894
Q_ind_33_anc_5-2,0.012026,0.000000,0.000000,0.109331
Q_ind_34_anc_5-2,0.000245,0.000000,0.000000,0.002854
Q_ind_35_anc_5-2,0.001162,0.000000,0.000000,0.012263
Q_ind_36_anc_5-2,0.000353,0.000000,0.000000,0.003773
Q_ind_37_anc_5-2,0.001212,0.000000,0.000000,0.015556
Q_ind_38_anc_5-2,0.000209,0.000000,0.000000,0.002279
Q_ind_39_anc_5-2,0.001785,0.000000,0.000000,0.025381
Q_ind_40_anc_5-2,0.002283,0.000000,0.000000,0.032358
Q_ind_41_anc_5-2,0.003072,0.000000,0.000000,0.036192
Q_ind_42_anc_5-2,0.000082,0.000000,0.000000,0.000740
Q_ind_43_anc_5-2,0.000304,0.000000,0.000000,0.003711
Q_ind_44_anc_5-2,0.000100,0.000000,0.000000,0.001127
Q_ind_45_anc_5-2,0.000266,0.000000,0.000000,0.002932
Q_ind_46_anc_5-2,0.000121,0.000000,0.000000,0.001335
Q_ind_47_anc_5-2,0.000127,0.000000,0.000000,0.001217
Q_ind_48_anc_5-2,0.000200,0.000000,0.000000,0.002480
Q_ind_49_anc_5-2,0.000073,0.000000,0.000000,0.000769
Q_ind_50_anc_5-2,0.000182,0.000000,0.000000,0.001865
Q_ind_51_anc_5-2,0.000232,0.000000,0.000000,0.003128
Q_ind_52_anc_5-2,0.000129,0.000000,0.000000,0.001129
Q_ind_53_anc_5-2,0.000106,0.000000,0.000000,0.001272
Q_ind_54_anc_5-2,0.000592,0.000000,0.000000,0.009520
Q_ind_55_anc_5-2,0.000114,0.000000,0.000000,0.001348
Q_ind_56_anc_5-2,0.000089,0.000000,0.000000,0.000901
Q_ind_57_anc_5-2,0.000230,0.000000,0.000000,0.001979
Q_ind_58_anc_5-2,0.000112,0.000000,0.000000,0.001035
Q_ind_59_anc_5-2,0.000243,0.000000,0.000000,0.003087
Q_ind_60_anc_5-2,0.000125,0.000000,0.000000,0.001442
Q_ind_61_anc_5-2,0.000268,0.000000,0.000000,0.003441
Q_ind_62_anc_5-2,0.000482,0.000000,0.000000,0.006372
Q_ind_63_anc_5-2,0.000227,0.000000,0.000000,0.002512
Q_ind_64_anc_5-2,0.000244,0.000000,0.000000,0.002980
Q_ind_65_anc_5-2,0.000146,0.000000,0.000000,0.001299
Q_ind_66_anc_5-2,0.000088,0.000000,0.000000,0.000789
Q_ind_67_anc_5-2,0.000625,0.000000,0.000000,0.008173
Q_ind_68_anc_5-2,0.000470,0.000000,0.000000,0.005732
Q_ind_69_anc_5-2,0.000820,0.000000,0.000000,0.011598
Q_ind_70_anc_5-2,0.000138,0.000000,0.000000,0.001685
Q_ind_71_anc_5-2,0.000210,0.000000,0.000000,0.001944
Q_ind_72_anc_5-2,0.000959,0.000000,0.000000,0.012757
Q_ind_73_anc_5-2,0.000526,0.000000,0.000000,0.007038
Q_ind_74_anc_5-2,0.000386,0.000000,0.000000,0.005153
Q_ind_75_anc_5-2,0.000392,0.000000,0.000000,0.005458
Q_ind_76_anc_5-2,0.000136,0.000000,0.000000,0.001723
Q_ind_77_anc_5-2,0.000807,0.000000,0.000000,0.008629
Q_ind_78_anc_5-2,0.000323,0.000000,0.000000,0.003625
Q_ind_79_anc_5-2,0.000290,0.000000,0.000000,0.003084
Q_ind_80_anc_5-2,0.000964,0.000000,0.000000,0.014128
Q_ind_81_anc_5-2,0.000340,0.000000,0.000000,0.003285
Q_ind_82_anc_5-2,0.000402,0.000000,0.000000,0.005536
Q_ind_83_anc_5-2,0.000232,0.000000,0.000000,0.002211
Q_ind_84_anc_5-2,0.000203,0.000000,0.000000,0.001650
Q_ind_85_anc_5-2,0.000245,0.000000,0.000000,0.002319
Q_ind_86_anc_5-2,0.000331,0.000000,0.000000,0.003490
Q_ind_87_anc_5-2,0.000336,0.000000,0.000000,0.003215
Q_ind_88_anc_5-2,0.000970,0.000000,0.000000,0.014024
Q_ind_89_anc_5-2,0.000346,0.000000,0.000000,0.003450
Q_ind_90_anc_5-2,0.000847,0.000000,0.000000,0.011118
Q_ind_91_anc_5-2,0.000437,0.000000,0.000000,0.005735
Q_ind_92_anc_5-2,0.000500,0.000000,0.000000,0.006791
Q_ind_93_anc_5-2,0.000483,0.000000,0.000000,0.004462
Q_ind_94_anc_5-2,0.000364,0.000000,0.000000,0.004592
Q_ind_95_anc_5-2,0.002447,0.000000,0.000000,0.036302
Q_ind_96_anc_5-2,0.000306,0.000000,0.000000,0.004094
Q_ind_97_anc_5-2,0.000738,0.000000,0.000000,0.011237
Q_ind_98_anc_5-2,0.001013,0.000000,0.000000,0.014676
Q_ind_99_anc_5-2,0.000799,0.000000,0.000000,0.011556
Q_ind_100_anc_5-2,0.000235,0.000000,0.000000,0.003078
Q_ind_101_anc_5-2,0.000094,0.000000,0.000000,0.000981
Q_ind_102_anc_5-2,0.000066,0.000000,0.000000,0.000603
Q_ind_103_anc_5-2,0.000176,0.000000,0.000000,0.002292
Q_ind_104_anc_5-2,0.000117,0.000000,0.000000,0.001216
Q_ind_105_anc_5-2,0.000740,0.000000,0.000000,0.011344
Q_ind_106_anc_5-2,0.000122,0.000000,0.000000,0.001298
Q_ind_107_anc_5-2,0.008222,0.000000,0.000000,0.073692
Q_ind_108_anc_5-2,0.005279,0.000000,0.000000,0.072374
Q_ind_109_anc_5-2,0.019328,0.000000,0.000000,0.137130
Q_ind_110_anc_5-2,0.001697,0.000000,0.000000,0.023884
Q_ind_111_anc_5-2,0.001259,0.000000,0.000000,0.017157
Q_ind_112_anc_5-2,0.004119,0.000000,0.000000,0.057591
Q_ind_113_anc_5-2,0.002465,0.000000,0.000000,0.034136
Q_ind_114_anc_5-2,0.017909,0.000000,0.000000,0.119781
Q_ind_115_anc_5-2,0.000295,0.000000,0.000000,0.004158
Q_ind_116_anc_5-2,0.000190,0.000000,0.000000,0.002335
Q_ind_117_anc_5-2,0.000231,0.000000,0.000000,0.002983
Q_ind_118_anc_5-2,0.000183,0.000000,0.000000,0.001885
Q_ind_119_anc_5-2,0.000102,0.000000,0.000000,0.001025
Q_ind_120_anc_5-2,0.000140,0.000000,0.000000,0.001697
Q_ind_121_anc_5-2,0.000430,0.000000,0.000000,0.005497
Q_ind_122_anc_5-2,0.000199,0.000000,0.000000,0.002534
Q_ind_123_anc_5-2,0.000238,0.000000,0.000000,0.002656
Q_ind_124_anc_5-2,0.000197,0.000000,0.000000,0.001699
Q_ind_125_anc_5-2,0.000562,0.000000,0.000000,0.006585
Q_ind_126_anc_5-2,0.000500,0.000000,0.000000,0.005739
Q_ind_127_anc_5-2,0.000123,0.000000,0.000000,0.001370
Q_ind_128_anc_5-2,0.000444,0.000000,0.000000,0.004778
Q_ind_129_anc_5-2,0.000533,0.000000,0.000000,0.006805
Q_ind_130_anc_5-2,0.000588,0.000000,0.000000,0.006654
Q_ind_131_anc_5-2,0.000308,0.000000,0.000000,0.003832
Q_ind_132_anc_5-2,0.000238,0.000000,0.000000,0.002254
Q_ind_133_anc_5-2,0.000241,0.000000,0.000000,0.002661
Q_ind_134_anc_5-2,0.000567,0.000000,0.000000,0.008839
Q_ind_135_anc_5-2,0.000408,0.000000,0.000000,0.005565
Q_ind_136_anc_5-2,0.000322,0.000000,0.000000,0.003676
Q_ind_137_anc_5-2,0.000249,0.000000,0.000000,0.002730
Q_ind_138_anc_5-2,0.000236,0.000000,0.000000,0.002573
Q_ind_139_anc_5-2,0.001212,0.000000,0.000000,0.015228
Q_ind_140_anc_5-2,0.000591,0.000000,0.000000,0.006794
Q_ind_141_anc_5-2,0.001264,0.000000,0.000000,0.019996
Q_ind_142_anc_5-2,0.000082,0.000000,0.000000,0.000871
Q_ind_143_anc_5-2,0.000466,0.000000,0.000000,0.006260
Q_ind_144_anc_5-2,0.001454,0.000000,0.000000,0.022144
Q_ind_145_anc_5-2,0.000175,0.000000,0.000000,0.001858
Q_ind_146_anc_5-2,0.000425,0.000000,0.000000,0.005413
Q_ind_147_anc_5-2,0.000450,0.000000,0.000000,0.006212
Q_ind_148_anc_5-2,0.000197,0.000000,0.000000,0.001781
Q_ind_149_anc_5-2,0.000252,0.000000,0.000000,0.003193
Q_ind_150_anc_5-2,0.000660,0.000000,0.000000,0.009537
Q_ind_151_anc_5-2,0.001706,0.000000,0.000000,0.022412
Q_ind_152_anc_5-2,0.000307,0.000000,0.000000,0.003961
Q_ind_153_anc_5-2,0.000243,0.000000,0.000000,0.002584
Q_ind_154_anc_5-2,0.000219,0.000000,0.000000,0.002543
Q_ind_155_anc_5-2,0.000156,0.000000,0.000000,0.001428
Q_ind_156_anc_5-2,0.000858,0.000000,0.000000,0.011944
Q_ind_157_anc_5-2,0.000318,0.000000,0.000000,0.004132
Q_ind_158_anc_5-2,0.001008,0.000000,0.000000,0.012440
Q_ind_159_anc_5-2,0.001093,0.000000,0.000000,0.014821
Q_ind_160_anc_5-2,0.001058,0.000000,0.000000,0.014857
Q_ind_161_anc_5-2,0.000136,0.000000,0.000000,0.001350
Q_ind_162_anc_5-2,0.000365,0.000000,0.000000,0.004906
Q_ind_163_anc_5-2,0.000606,0.000000,0.000000,0.007630
Q_ind_164_anc_5-2,0.001844,0.000000,0.000000,0.023545
Q_ind_165_anc_5-2,0.082222,0.094217,0.000000,0.163588
Q_ind_166_anc_5-2,0.039706,0.000000,0.000000,0.159250
Q_ind_167_anc_5-2,0.042355,0.000000,0.000000,0.192607
Q_ind_168_anc_5-2,0.000483,0.000000,0.000000,0.005934
Q_ind_169_anc_5-2,0.000383,0.000000,0.000000,0.004899
Q_ind_170_anc_5-2,0.000294,0.000000,0.000000,0.003606
Q_ind_171_anc_5-2,0.000345,0.000000,0.000000,0.003906
Q_ind_172_anc_5-2,0.000112,0.000000,0.000000,0.001269
Q_ind_173_anc_5-2,0.000071,0.000000,0.000000,0.000636
Q_ind_174_anc_5-2,0.000061,0.000000,0.000000,0.000762
Q_ind_175_anc_5-2,0.000154,0.000000,0.000000,0.001399
Q_ind_176_anc_5-2,0.000934,0.000000,0.000000,0.011132
Q_ind_177_anc_5-2,0.000588,0.000000,0.000000,0.008242
Q_ind_178_anc_5-2,0.000326,0.000000,0.000000,0.004266
Q_ind_179_anc_5-2,0.000481,0.000000,0.000000,0.007130
Q_ind_180_anc_5-2,0.000789,0.000000,0.000000,0.009820
Q_ind_181_anc_5-2,0.000333,0.000000,0.000000,0.004273
Q_ind_182_anc_5-2,0.000317,0.000000,0.000000,0.002743
Q_ind_183_anc_5-2,0.000208,0.000000,0.000000,0.002530
Q_ind_184_anc_5-2,0.000382,0.000000,0.000000,0.005391
Q_ind_185_anc_5-2,0.002220,0.000000,0.000000,0.037033
Q_ind_186_anc_5-2,0.000407,0.000000,0.000000,0.005207
Q_ind_187_anc_5-2,0.000597,0.000000,0.000000,0.008637
Q_ind_188_anc_5-2,0.000724,0.000000,0.000000,0.010734
Q_ind_189_anc_5-2,0.001102,0.000000,0.000000,0.015853
Q_ind_190_anc_5-2,0.001477,0.000000,0.000000,0.022218
Q_ind_191_anc_5-2,0.000902,0.000000,0.000000,0.011913
Q_ind_192_anc_5-2,0.458217,0.457220,0.345326,0.573383
Q_ind_193_anc_5-2,0.431111,0.432736,0.316309,0.534828
Q_ind_194_anc_5-2,0.000402,0.000000,0.000000,0.004650
Q_ind_195_anc_5-2,0.437299,0.436096,0.350205,0.526449
Q_ind_196_anc_5-2,0.000138,0.000000,0.000000,0.001421
Q_ind_197_anc_5-2,0.000168,0.000000,0.000000,0.001738
Q_ind_198_anc_5-2,0.000333,0.000000,0.000000,0.003995
Q_ind_199_anc_5-2,0.430670,0.431777,0.338046,0.518176
Q_ind_200_anc_5-2,0.000222,0.000000,0.000000,0.002319
Q_ind_201_anc_5-2,0.000953,0.000000,0.000000,0.012875
Q_ind_202_anc_5-2,0.443450,0.443757,0.337193,0.546844
Q_ind_203_anc_5-2,0.002045,0.000000,0.000000,0.028156
Q_ind_204_anc_5-2,0.000369,0.000000,0.000000,0.004589
Q_ind_205_anc_5-2,0.000366,0.000000,0.000000,0.004670
Q_ind_206_anc_5-2,0.000414,0.000000,0.000000,0.004732
Q_ind_207_anc_5-2,0.001832,0.000000,0.000000,0.027408
Q_ind_208_anc_5-2,0.004418,0.000000,0.000000,0.052307
Q_ind_209_anc_5-2,0.012781,0.000000,0.000000,0.086207
Q_ind_210_anc_5-2,0.081236,0.093296,0.000000,0.186921
Q_ind_211_anc_5-2,0.002785,0.000000,0.000000,0.036126
Q_ind_212_anc_5-2,0.002413,0.000000,0.000000,0.037211
Q_ind_213_anc_5-2,0.000685,0.000000,0.000000,0.008770
Q_ind_214_anc_5-2,0.000170,0.000000,0.000000,0.001494
Q_ind_215_anc_5-2,0.000341,0.000000,0.000000,0.004121
Q_ind_216_anc_5-2,0.000393,0.000000,0.000000,0.004653
Q_ind_217_anc_5-2,0.000206,0.000000,0.000000,0.002023
Q_ind_218_anc_5-2,0.000117,0.000000,0.000000,0.001092
Q_ind_219_anc_5-2,0.000172,0.000000,0.000000,0.001543
Q_ind_220_anc_5-2,0.000429,0.000000,0.000000,0.004367
Q_ind_221_anc_5-2,0.000177,0.000000,0.000000,0.001971
Q_ind_222_anc_5-2,0.004147,0.000000,0.000000,0.040525
Q_ind_223_anc_5-2,0.002792,0.000000,0.000000,0.032495
Q_ind_224_anc_5-2,0.001543,0.000000,0.000000,0.021093
Q_ind_225_anc_5-2,0.016716,0.000000,0.000000,0.102905
Q_ind_226_anc_5-2,0.000949,0.000000,0.000000,0.013584
Q_ind_227_anc_5-2,0.000821,0.000000,0.000000,0.010919
Q_ind_228_anc_5-2,0.000956,0.000000,0.000000,0.013629
Q_ind_229_anc_5-2,0.000191,0.000000,0.000000,0.002149
Q_ind_230_anc_5-2,0.009078,0.000000,0.000000,0.099260
Q_ind_231_anc_5-2,0.005211,0.000000,0.000000,0.067294
Q_ind_232_anc_5-2,0.001819,0.000000,0.000000,0.028171
Q_ind_233_anc_5-2,0.003988,0.000000,0.000000,0.052300
Q_ind_234_anc_5-2,0.000133,0.000000,0.000000,0.001379
Q_ind_235_anc_5-2,0.000186,0.000000,0.000000,0.002146
Q_ind_236_anc_5-2,0.000084,0.000000,0.000000,0.000653
Q_ind_237_anc_5-2,0.000085,0.000000,0.000000,0.000956
Q_ind_238_anc_5-2,0.000125,0.000000,0.000000,0.001385
Q_ind_239_anc_5-2,0.000104,0.000000,0.000000,0.000708
Q_ind_240_anc_5-2,0.000056,0.000000,0.000000,0.000488
Q_ind_241_anc_5-2,0.000110,0.000000,0.000000,0.001125
Q_ind_242_anc_5-2,0.000134,0.000000,0.000000,0.001668
Q_ind_243_anc_5-2,0.000090,0.000000,0.000000,0.000834
Q_ind_244_anc_5-2,0.000144,0.000000,0.000000,0.001304
Q_ind_245_anc_5-2,0.000098,0.000000,0.000000,0.000988
Q_ind_1_anc_5-3,0.001470,0.000000,0.000000,0.017570
Q_ind_2_anc_5-3,0.002087,0.000000,0.000000,0.034528
Q_ind_3_anc_5-3,0.000937,0.000000,0.000000,0.012503
Q_ind_4_anc_5-3,0.000486,0.000000,0.000000,0.006541
Q_ind_5_anc_5-3,0.000412,0.000000,0.000000,0.004970
Q_ind_6_anc_5-3,0.001330,0.000000,0.000000,0.018613
Q_ind_7_anc_5-3,0.002881,0.000000,0.000000,0.041583
Q_ind_8_anc_5-3,0.000447,0.000000,0.000000,0.004051
Q_ind_9_anc_5-3,0.008267,0.000000,0.000000,0.092918
Q_ind_10_anc_5-3,0.000955,0.000000,0.000000,0.012277
Q_ind_11_anc_5-3,0.004983,0.000000,0.000000,0.064170
Q_ind_12_anc_5-3,0.000546,0.000000,0.000000,0.005207
Q_ind_13_anc_5-3,0.163094,0.161625,0.047764,0.261922
Q_ind_14_anc_5-3,0.003750,0.000000,0.000000,0.055908
Q_ind_15_anc_5-3,0.002590,0.000000,0.000000,0.035856
Q_ind_16_anc_5-3,0.195932,0.203919,0.081930,0.282339
Q_ind_17_anc_5-3,0.002292,0.000000,0.000000,0.033499
Q_ind_18_anc_5-3,0.004987,0.000000,0.000000,0.063501
Q_ind_19_anc_5-3,0.091673,0.100282,0.000000,0.195249
Q_ind_20_anc_5-3,0.027708,0.000000,0.000000,0.178762
Q_ind_21_anc_5-3,0.000245,0.000000,0.000000,0.002072
Q_ind_22_anc_5-3,0.000954,0.000000,0.000000,0.012333
Q_ind_23_anc_5-3,0.000322,0.000000,0.000000,0.002244
Q_ind_24_anc_5-3,0.009497,0.000000,0.000000,0.092546
Q_ind_25_anc_5-3,0.000874,0.000000,0.000000,0.008091
Q_ind_26_anc_5-3,0.000343,0.000000,0.000000,0.004320
Q_ind_27_anc_5-3,0.000762,0.000000,0.000000,0.007209
Q_ind_28_anc_5-3,0.005195,0.000000,0.000000,0.054343
Q_ind_29_anc_5-3,0.000749,0.000000,0.000000,0.007060
Q_ind_30_anc_5-3,0.001194,0.000000,0.000000,0.012847
Q_ind_31_anc_5-3,0.004598,0.000000,0.000000,0.070371
Q_ind_32_anc_5-3,0.001566,0.000000,0.000000,0.022683
Q_ind_33_anc_5-3,0.051860,0.009613,0.000000,0.204420
Q_ind_34_anc_5-3,0.000488,0.000000,0.000000,0.006195
Q_ind_35_anc_5-3,0.000943,0.000000,0.000000,0.013905
Q_ind_36_anc_5-3,0.000314,0.000000,0.000000,0.004016
Q_ind_37_anc_5-3,0.003939,0.000000,0.000000,0.065174
Q_ind_38_anc_5-3,0.000244,0.000000,0.000000,0.003070
Q_ind_39_anc_5-3,0.337115,0.331412,0.210302,0.494618
Q_ind_40_anc_5-3,0.029411,0.000000,0.000000,0.212781
Q_ind_41_anc_5-3,0.318206,0.314608,0.195135,0.460491
Q_ind_42_anc_5-3,0.000102,0.000000,0.000000,0.000984
Q_ind_43_anc_5-3,0.000163,0.000000,0.000000,0.001973
Q_ind_44_anc_5-3,0.000207,0.000000,0.000000,0.001978
Q_ind_45_anc_5-3,0.000676,0.000000,0.000000,0.009421
Q_ind_46_anc_5-3,0.000095,0.000000,0.000000,0.001055
Q_ind_47_anc_5-3,0.000369,0.000000,0.000000,0.004722
Q_ind_48_anc_5-3,0.000201,0.000000,0.000000,0.002732
Q_ind_49_anc_5-3,0.000140,0.000000,0.000000,0.001215
Q_ind_50_anc_5-3,0.000114,0.000000,0.000000,0.001278
Q_ind_51_anc_5-3,0.000351,0.000000,0.000000,0.004391
Q_ind_52_anc_5-3,0.000495,0.000000,0.000000,0.007260
Q_ind_53_anc_5-3,0.000223,0.000000,0.000000,0.001760
Q_ind_54_anc_5-3,0.000629,0.000000,0.000000,0.008332
Q_ind_55_anc_5-3,0.000200,0.000000,0.000000,0.002438
Q_ind_56_anc_5-3,0.000439,0.000000,0.000000,0.006423
Q_ind_57_anc_5-3,0.048490,0.000113,0.000000,0.182565
Q_ind_58_anc_5-3,0.000164,0.000000,0.000000,0.001769
Q_ind_59_anc_5-3,0.000329,0.000000,0.000000,0.004218
Q_ind_60_anc_5-3,0.000261,0.000000,0.000000,0.002643
Q_ind_61_anc_5-3,0.000289,0.000000,0.000000,0.003203
Q_ind_62_anc_5-3,0.000518,0.000000,0.000000,0.007495
Q_ind_63_anc_5-3,0.000127,0.000000,0.000000,0.001122
Q_ind_64_anc_5-3,0.000107,0.000000,0.000000,0.001173
Q_ind_65_anc_5-3,0.000116,0.000000,0.000000,0.001022
Q_ind_66_anc_5-3,0.000097,0.000000,0.000000,0.000878
Q_ind_67_anc_5-3,0.000135,0.000000,0.000000,0.001499
Q_ind_68_anc_5-3,0.000636,0.000000,0.000000,0.009199
Q_ind_69_anc_5-3,0.000231,0.000000,0.000000,0.002487
Q_ind_70_anc_5-3,0.000171,0.000000,0.000000,0.001744
Q_ind_71_anc_5-3,0.000568,0.000000,0.000000,0.007796
Q_ind_72_anc_5-3,0.002200,0.000000,0.000000,0.029488
Q_ind_73_anc_5-3,0.001846,0.000000,0.000000,0.029383
Q_ind_74_anc_5-3,0.000885,0.000000,0.000000,0.010146
Q_ind_75_anc_5-3,0.000260,0.000000,0.000000,0.002097
Q_ind_76_anc_5-3,0.000422,0.000000,0.000000,0.005124
Q_ind_77_anc_5-3,0.003359,0.000000,0.000000,0.041528
Q_ind_78_anc_5-3,0.001252,0.000000,0.000000,0.013821
Q_ind_79_anc_5-3,0.001378,0.000000,0.000000,0.017205
Q_ind_80_anc_5-3,0.000756,0.000000,0.000000,0.009114
Q_ind_81_anc_5-3,0.001223,0.000000,0.000000,0.018207
Q_ind_82_anc_5-3,0.001912,0.000000,0.000000,0.023308
Q_ind_83_anc_5-3,0.001480,0.000000,0.000000,0.020810
Q_ind_84_anc_5-3,0.000468,0.000000,0.000000,0.005649
Q_ind_85_anc_5-3,0.000207,0.000000,0.000000,0.002395
Q_ind_86_anc_5-3,0.000756,0.000000,0.000000,0.008228
Q_ind_87_anc_5-3,0.000503,0.000000,0.000000,0.005040
Q_ind_88_anc_5-3,0.012181,0.000000,0.000000,0.162461
Q_ind_89_anc_5-3,0.001432,0.000000,0.000000,0.021311
Q_ind_90_anc_5-3,0.002774,0.000000,0.000000,0.041411
Q_ind_91_anc_5-3,0.006467,0.000000,0.000000,0.084080
Q_ind_92_anc_5-3,0.022472,0.000000,0.000000,0.151779
Q_ind_93_anc_5-3,0.017775,0.000000,0.000000,0.149495
Q_ind_94_anc_5-3,0.041961,0.000000,0.000000,0.245078
Q_ind_95_anc_5-3,0.001165,0.000000,0.000000,0.014624
Q_ind_96_anc_5-3,0.000302,0.000000,0.000000,0.004239
Q_ind_97_anc_5-3,0.000267,0.000000,0.000000,0.003535
Q_ind_98_anc_5-3,0.002288,0.000000,0.000000,0.029277
Q_ind_99_anc_5-3,0.010773,0.000000,0.000000,0.090970
Q_ind_100_anc_5-3,0.000583,0.000000,0.000000,0.007805
Q_ind_101_anc_5-3,0.000089,0.000000,0.000000,0.000974
Q_ind_102_anc_5-3,0.000082,0.000000,0.000000,0.001062
Q_ind_103_anc_5-3,0.000218,0.000000,0.000000,0.001710
Q_ind_104_anc_5-3,0.000142,0.000000,0.000000,0.001350
Q_ind_105_anc_5-3,0.000465,0.000000,0.000000,0.005016
Q_ind_106_anc_5-3,0.001696,0.000000,0.000000,0.027001
Q_ind_107_anc_5-3,0.048942,0.000000,0.000000,0.408954
Q_ind_108_anc_5-3,0.143316,0.000005,0.000000,0.492584
Q_ind_109_anc_5-3,0.182001,0.000599,0.000000,0.511001
Q_ind_110_anc_5-3,0.293797,0.299407,0.138707,0.410530
Q_ind_111_anc_5-3,0.027144,0.000000,0.000000,0.213730
Q_ind_112_anc_5-3,0.296436,0.306724,0.103694,0.438260
Q_ind_113_anc_5-3,0.339836,0.386877,0.000000,0.581572
Q_ind_114_anc_5-3,0.012218,0.000000,0.000000,0.138820
Q_ind_115_anc_5-3,0.000219,0.000000,0.000000,0.002370
Q_ind_116_anc_5-3,0.000474,0.000000,0.000000,0.005315
Q_ind_117_anc_5-3,0.000079,0.000000,0.000000,0.000758
Q_ind_118_anc_5-3,0.000094,0.000000,0.000000,0.001001
Q_ind_119_anc_5-3,0.000238,0.000000,0.000000,0.002707
Q_ind_120_anc_5-3,0.000138,0.000000,0.000000,0.001270
Q_ind_121_anc_5-3,0.000596,0.000000,0.000000,0.008033
Q_ind_122_anc_5-3,0.000130,0.000000,0.000000,0.001176
Q_ind_123_anc_5-3,0.000451,0.000000,0.000000,0.005354
Q_ind_124_anc_5-3,0.000788,0.000000,0.000000,0.010187
Q_ind_125_anc_5-3,0.001716,0.000000,0.000000,0.023740
Q_ind_126_anc_5-3,0.002341,0.000000,0.000000,0.036226
Q_ind_127_anc_5-3,0.028139,0.000000,0.000000,0.187449
Q_ind_128_anc_5-3,0.003024,0.000000,0.000000,0.040281
Q_ind_129_anc_5-3,0.021441,0.000000,0.000000,0.142311
Q_ind_130_anc_5-3,0.004011,0.000000,0.000000,0.058621
Q_ind_131_anc_5-3,0.194123,0.191887,0.092018,0.310286
Q_ind_132_anc_5-3,0.271031,0.252412,0.155511,0.493383
Q_ind_133_anc_5-3,0.001680,0.000000,0.000000,0.020413
Q_ind_134_anc_5-3,0.000752,0.000000,0.000000,0.009945
Q_ind_135_anc_5-3,0.008082,0.000000,0.000000,0.093046
Q_ind_136_anc_5-3,0.000761,0.000000,0.000000,0.007031
Q_ind_137_anc_5-3,0.000615,0.000000,0.000000,0.006127
Q_ind_138_anc_5-3,0.327445,0.324729,0.214948,0.457536
Q_ind_139_anc_5-3,0.034251,0.000001,0.000000,0.180599
Q_ind_140_anc_5-3,0.005258,0.000000,0.000000,0.067814
Q_ind_141_anc_5-3,0.000957,0.000000,0.000000,0.007186
Q_ind_142_anc_5-3,0.160823,0.155487,0.038679,0.285861
Q_ind_143_anc_5-3,0.008767,0.000000,0.000000,0.113356
Q_ind_144_anc_5-3,0.007619,0.000000,0.000000,0.070692
Q_ind_145_anc_5-3,0.000128,0.000000,0.000000,0.001489
Q_ind_146_anc_5-3,0.002439,0.000000,0.000000,0.033588
Q_ind_147_anc_5-3,0.000304,0.000000,0.000000,0.003733
Q_ind_148_anc_5-3,0.000654,0.000000,0.000000,0.008326
Q_ind_149_anc_5-3,0.000236,0.000000,0.000000,0.002754
Q_ind_150_anc_5-3,0.000322,0.000000,0.000000,0.003931
Q_ind_151_anc_5-3,0.000396,0.000000,0.000000,0.004538
Q_ind_152_anc_5-3,0.000305,0.000000,0.000000,0.003930
Q_ind_153_anc_5-3,0.000174,0.000000,0.000000,0.001626
Q_ind_154_anc_5-3,0.000417,0.000000,0.000000,0.005535
Q_ind_155_anc_5-3,0.000098,0.000000,0.000000,0.001230
Q_ind_156_anc_5-3,0.000305,0.000000,0.000000,0.003504
Q_ind_157_anc_5-3,0.000277,0.000000,0.000000,0.003488
Q_ind_158_anc_5-3,0.000494,0.000000,0.000000,0.005698
Q_ind_159_anc_5-3,0.000753,0.000000,0.000000,0.010198
Q_ind_160_anc_5-3,0.000310,0.000000,0.000000,0.004001
Q_ind_161_anc_5-3,0.000254,0.000000,0.000000,0.002696
Q_ind_162_anc_5-3,0.000528,0.000000,0.000000,0.006375
Q_ind_163_anc_5-3,0.000550,0.000000,0.000000,0.008618
Q_ind_164_anc_5-3,0.000976,0.000000,0.000000,0.014247
Q_ind_165_anc_5-3,0.156686,0.000044,0.000000,0.500130
Q_ind_166_anc_5-3,0.104961,0.000000,0.000000,0.600778
Q_ind_167_anc_5-3,0.003943,0.000000,0.000000,0.051371
Q_ind_168_anc_5-3,0.075868,0.077504,0.000000,0.189777
Q_ind_169_anc_5-3,0.119644,0.123377,0.000000,0.225499
Q_ind_170_anc_5-3,0.000243,0.000000,0.000000,0.002455
Q_ind_171_anc_5-3,0.001054,0.000000,0.000000,0.016120
Q_ind_172_anc_5-3,0.000225,0.000000,0.000000,0.002486
Q_ind_173_anc_5-3,0.000176,0.000000,0.000000,0.002177
Q_ind_174_anc_5-3,0.000300,0.000000,0.000000,0.003026
Q_ind_175_anc_5-3,0.123020,0.133263,0.000000,0.230100
Q_ind_176_anc_5-3,0.001089,0.000000,0.000000,0.013443
Q_ind_177_anc_5-3,0.003279,0.000000,0.000000,0.041400
Q_ind_178_anc_5-3,0.000536,0.000000,0.000000,0.006637
Q_ind_179_anc_5-3,0.000319,0.000000,0.000000,0.003500
Q_ind_180_anc_5-3,0.000885,0.000000,0.000000,0.012409
Q_ind_181_anc_5-3,0.003477,0.000000,0.000000,0.055326
Q_ind_182_anc_5-3,0.000527,0.000000,0.000000,0.006356
Q_ind_183_anc_5-3,0.000995,0.000000,0.000000,0.013400
Q_ind_184_anc_5-3,0.000505,0.000000,0.000000,0.006482
Q_ind_185_anc_5-3,0.006275,0.000000,0.000000,0.084397
Q_ind_186_anc_5-3,0.000963,0.000000,0.000000,0.011883
Q_ind_187_anc_5-3,0.000898,0.000000,0.000000,0.010863
Q_ind_188_anc_5-3,0.003251,0.000000,0.000000,0.047808
Q_ind_189_anc_5-3,0.000464,0.000000,0.000000,0.005275
Q_ind_190_anc_5-3,0.004157,0.000000,0.000000,0.058840
Q_ind_191_anc_5-3,0.000985,0.000000,0.000000,0.010060
Q_ind_192_anc_5-3,0.000145,0.000000,0.000000,0.001305
Q_ind_193_anc_5-3,0.002087,0.000000,0.000000,0.028807
Q_ind_194_anc_5-3,0.000046,0.000000,0.000000,0.000434
Q_ind_195_anc_5-3,0.000320,0.000000,0.000000,0.003008
Q_ind_196_anc_5-3,0.000040,0.000000,0.000000,0.000341
Q_ind_197_anc_5-3,0.000048,0.000000,0.000000,0.000415
Q_ind_198_anc_5-3,0.000049,0.000000,0.000000,0.000463
Q_ind_199_anc_5-3,0.000204,0.000000,0.000000,0.001620
Q_ind_200_anc_5-3,0.000096,0.000000,0.000000,0.001101
Q_ind_201_anc_5-3,0.006083,0.000000,0.000000,0.058711
Q_ind_202_anc_5-3,0.000199,0.000000,0.000000,0.002341
Q_ind_203_anc_5-3,0.002069,0.000000,0.000000,0.029024
Q_ind_204_anc_5-3,0.001282,0.000000,0.000000,0.016052
Q_ind_205_anc_5-3,0.001385,0.000000,0.000000,0.015134
Q_ind_206_anc_5-3,0.000179,0.000000,0.000000,0.001717
Q_ind_207_anc_5-3,0.000505,0.000000,0.000000,0.006488
Q_ind_208_anc_5-3,0.142714,0.155831,0.000000,0.313561
Q_ind_209_anc_5-3,0.000759,0.000000,0.000000,0.010265
Q_ind_210_anc_5-3,0.001343,0.000000,0.000000,0.007291
Q_ind_211_anc_5-3,0.003356,0.000000,0.000000,0.044456
Q_ind_212_anc_5-3,0.005041,0.000000,0.000000,0.072100
Q_ind_213_anc_5-3,0.202897,0.202896,0.057758,0.334340
Q_ind_214_anc_5-3,0.217261,0.231338,0.000000,0.366216
Q_ind_215_anc_5-3,0.200894,0.199586,0.069372,0.344401
Q_ind_216_anc_5-3,0.167402,0.180753,0.000000,0.290280
Q_ind_217_anc_5-3,0.253163,0.254377,0.136471,0.366033
Q_ind_218_anc_5-3,0.241557,0.253732,0.000000,0.384799
Q_ind_219_anc_5-3,0.271420,0.273897,0.130082,0.393326
Q_ind_220_anc_5-3,0.138156,0.149259,0.000000,0.265388
Q_ind_221_anc_5-3,0.250406,0.253734,0.091989,0.363644
Q_ind_222_anc_5-3,0.277901,0.276431,0.155007,0.415536
Q_ind_223_anc_5-3,0.000503,0.000000,0.000000,0.006652
Q_ind_224_anc_5-3,0.040092,0.000000,0.000000,0.212440
Q_ind_225_anc_5-3,0.000643,0.000000,0.000000,0.007329
Q_ind_226_anc_5-3,0.000347,0.000000,0.000000,0.003702
Q_ind_227_anc_5-3,0.001074,0.000000,0.000000,0.013500
Q_ind_228_anc_5-3,0.000375,0.000000,0.000000,0.004891
Q_ind_229_anc_5-3,0.000157,0.000000,0.000000,0.001235
Q_ind_230_anc_5-3,0.001289,0.000000,0.000000,0.018052
Q_ind_231_anc_5-3,0.002468,0.000000,0.000000,0.040236
Q_ind_232_anc_5-3,0.000477,0.000000,0.000000,0.006057
Q_ind_233_anc_5-3,0.032349,0.000000,0.000000,0.149082
Q_ind_234_anc_5-3,0.000113,0.000000,0.000000,0.001309
Q_ind_235_anc_5-3,0.002166,0.000000,0.000000,0.027704
Q_ind_236_anc_5-3,0.000290,0.000000,0.000000,0.003597
Q_ind_237_anc_5-3,0.000375,0.000000,0.000000,0.004479
Q_ind_238_anc_5-3,0.000326,0.000000,0.000000,0.004004
Q_ind_239_anc_5-3,0.000393,0.000000,0.000000,0.004250
Q_ind_240_anc_5-3,0.000359,0.000000,0.000000,0.005017
Q_ind_241_anc_5-3,0.000161,0.000000,0.000000,0.001835
Q_ind_242_anc_5-3,0.000196,0.000000,0.000000,0.002303
Q_ind_243_anc_5-3,0.000135,0.000000,0.000000,0.001206
Q_ind_244_anc_5-3,0.000340,0.000000,0.000000,0.003657
Q_ind_245_anc_5-3,0.000229,0.000000,0.000000,0.002928
Q_ind_1_anc_5-4,0.660310,0.663927,0.531186,0.766551
Q_ind_2_anc_5-4,0.765449,0.788360,0.499707,0.861985
Q_ind_3_anc_5-4,0.747145,0.755028,0.597857,0.852444
Q_ind_4_anc_5-4,0.816626,0.819515,0.695447,0.913344
Q_ind_5_anc_5-4,0.440787,0.445893,0.282626,0.570743
Q_ind_6_anc_5-4,0.790010,0.796594,0.663403,0.881384
Q_ind_7_anc_5-4,0.816042,0.821566,0.691658,0.917398
Q_ind_8_anc_5-4,0.790103,0.795146,0.663794,0.889639
Q_ind_9_anc_5-4,0.771453,0.774549,0.654328,0.873407
Q_ind_10_anc_5-4,0.874983,0.882816,0.771309,0.951159
Q_ind_11_anc_5-4,0.846668,0.849396,0.774474,0.908277
Q_ind_12_anc_5-4,0.810686,0.811661,0.706692,0.905018
Q_ind_13_anc_5-4,0.001001,0.000000,0.000000,0.016284
Q_ind_14_anc_5-4,0.000887,0.000000,0.000000,0.011755
Q_ind_15_anc_5-4,0.000463,0.000000,0.000000,0.004751
Q_ind_16_anc_5-4,0.000644,0.000000,0.000000,0.006744
Q_ind_17_anc_5-4,0.001856,0.000000,0.000000,0.031473
Q_ind_18_anc_5-4,0.001414,0.000000,0.000000,0.018158
Q_ind_19_anc_5-4,0.000205,0.000000,0.000000,0.002439
Q_ind_20_anc_5-4,0.002215,0.000000,0.000000,0.028063
Q_ind_21_anc_5-4,0.000755,0.000000,0.000000,0.007889
Q_ind_22_anc_5-4,0.000399,0.000000,0.000000,0.004915
Q_ind_23_anc_5-4,0.001980,0.000000,0.000000,0.029731
Q_ind_24_anc_5-4,0.007872,0.000000,0.000000,0.073614
Q_ind_25_anc_5-4,0.003022,0.000000,0.000000,0.042520
Q_ind_26_anc_5-4,0.000186,0.000000,0.000000,0.001613
Q_ind_27_anc_5-4,0.000196,0.000000,0.000000,0.002023
Q_ind_28_anc_5-4,0.000333,0.000000,0.000000,0.004541
Q_ind_29_anc_5-4,0.000340,0.000000,0.000000,0.003446
Q_ind_30_anc_5-4,0.000503,0.000000,0.000000,0.005487
Q_ind_31_anc_5-4,0.016265,0.000000,0.000000,0.126620
Q_ind_32_anc_5-4,0.004191,0.000000,0.000000,0.048427
Q_ind_33_anc_5-4,0.041873,0.000454,0.000000,0.173232
Q_ind_34_anc_5-4,0.000439,0.000000,0.000000,0.005205
Q_ind_35_anc_5-4,0.033596,0.000021,0.000000,0.135664
Q_ind_36_anc_5-4,0.000143,0.000000,0.000000,0.001602
Q_ind_37_anc_5-4,0.007872,0.000000,0.000000,0.087413
Q_ind_38_anc_5-4,0.000352,0.000000,0.000000,0.003412
Q_ind_39_anc_5-4,0.040056,0.000008,0.000000,0.157471
Q_ind_40_anc_5-4,0.004184,0.000000,0.000000,0.069533
Q_ind_41_anc_5-4,0.045600,0.000006,0.000000,0.186727
Q_ind_42_anc_5-4,0.000158,0.000000,0.000000,0.001557
Q_ind_43_anc_5-4,0.000285,0.000000,0.000000,0.003160
Q_ind_44_anc_5-4,0.000134,0.000000,0.000000,0.001271
Q_ind_45_anc_5-4,0.000359,0.000000,0.000000,0.004301
Q_ind_46_anc_5-4,0.000151,0.000000,0.000000,0.001849
Q_ind_47_anc_5-4,0.000134,0.000000,0.000000,0.001565
Q_ind_48_anc_5-4,0.000111,0.000000,0.000000,0.001065
Q_ind_49_anc_5-4,0.000162,0.000000,0.000000,0.001973
Q_ind_50_anc_5-4,0.000147,0.000000,0.000000,0.001447
Q_ind_51_anc_5-4,0.000257,0.000000,0.000000,0.002532
Q_ind_52_anc_5-4,0.000175,0.000000,0.000000,0.001959
Q_ind_53_anc_5-4,0.000262,0.000000,0.000000,0.003729
Q_ind_54_anc_5-4,0.000198,0.000000,0.000000,0.001641
Q_ind_55_anc_5-4,0.000150,0.000000,0.000000,0.001542
Q_ind_56_anc_5-4,0.000112,0.000000,0.000000,0.001077
Q_ind_57_anc_5-4,0.001056,0.000000,0.000000,0.013424
Q_ind_58_anc_5-4,0.000108,0.000000,0.000000,0.001363
Q_ind_59_anc_5-4,0.000325,0.000000,0.000000,0.004001
Q_ind_60_anc_5-4,0.000140,0.000000,0.000000,0.001445
Q_ind_61_anc_5-4,0.000315,0.000000,0.000000,0.004064
Q_ind_62_anc_5-4,0.000745,0.000000,0.000000,0.010398
Q_ind_63_anc_5-4,0.001007,0.000000,0.000000,0.015436
Q_ind_64_anc_5-4,0.000341,0.000000,0.000000,0.005081
Q_ind_65_anc_5-4,0.000462,0.000000,0.000000,0.004830
Q_ind_66_anc_5-4,0.000288,0.000000,0.000000,0.004631
Q_ind_67_anc_5-4,0.001188,0.000000,0.000000,0.016520
Q_ind_68_anc_5-4,0.000357,0.000000,0.000000,0.004867
Q_ind_69_anc_5-4,0.000335,0.000000,0.000000,0.003940
Q_ind_70_anc_5-4,0.000107,0.000000,0.000000,0.001351
Q_ind_71_anc_5-4,0.000186,0.000000,0.000000,0.001819
Q_ind_72_anc_5-4,0.000920,0.000000,0.000000,0.013570
Q_ind_73_anc_5-4,0.000776,0.000000,0.000000,0.010880
Q_ind_74_anc_5-4,0.002125,0.000000,0.000000,0.027073
Q_ind_75_anc_5-4,0.000283,0.000000,0.000000,0.003375
Q_ind_76_anc_5-4,0.000164,0.000000,0.000000,0.001974
Q_ind_77_anc_5-4,0.027414,0.000000,0.000000,0.159226
Q_ind_78_anc_5-4,0.012063,0.000000,0.000000,0.124062
Q_ind_79_anc_5-4,0.002069,0.000000,0.000000,0.034989
Q_ind_80_anc_5-4,0.000588,0.000000,0.000000,0.008039
Q_ind_81_anc_5-4,0.001340,0.000000,0.000000,0.015090
Q_ind_82_anc_5-4,0.034412,0.000000,0.000000,0.174001
Q_ind_83_anc_5-4,0.002289,0.000000,0.000000,0.034690
Q_ind_84_anc_5-4,0.003968,0.000000,0.000000,0.055324
Q_ind_85_anc_5-4,0.000969,0.000000,0.000000,0.008098
Q_ind_86_anc_5-4,0.004991,0.000000,0.000000,0.062584
Q_ind_87_anc_5-4,0.002186,0.000000,0.000000,0.029578
Q_ind_88_anc_5-4,0.010088,0.000000,0.000000,0.105371
Q_ind_89_anc_5-4,0.116602,0.128118,0.000000,0.201203
Q_ind_90_anc_5-4,0.007107,0.000000,0.000000,0.082772
Q_ind_91_anc_5-4,0.014872,0.000000,0.000000,0.122470
Q_ind_92_anc_5-4,0.010339,0.000000,0.000000,0.112962
Q_ind_93_anc_5-4,0.188540,0.187850,0.105958,0.275542
Q_ind_94_anc_5-4,0.126823,0.150923,0.000000,0.220169
Q_ind_95_anc_5-4,0.021575,0.000000,0.000000,0.154248
Q_ind_96_anc_5-4,0.000134,0.000000,0.000000,0.001577
Q_ind_97_anc_5-4,0.000107,0.000000,0.000000,0.001059
Q_ind_98_anc_5-4,0.001163,0.000000,0.000000,0.017717
Q_ind_99_anc_5-4,0.004039,0.000000,0.000000,0.047666
Q_ind_100_anc_5-4,0.000150,0.000000,0.000000,0.001515
Q_ind_101_anc_5-4,0.000115,0.000000,0.000000,0.001277
Q_ind_102_anc_5-4,0.000077,0.000000,0.000000,0.000825
Q_ind_103_anc_5-4,0.000421,0.000000,0.000000,0.005234
Q_ind_104_anc_5-4,0.000202,0.000000,0.000000,0.002464
Q_ind_105_anc_5-4,0.000222,0.000000,0.000000,0.002386
Q_ind_106_anc_5-4,0.000646,0.000000,0.000000,0.008361
Q_ind_107_anc_5-4,0.226010,0.258420,0.000000,0.341527
Q_ind_108_anc_5-4,0.177119,0.249661,0.000000,0.351200
Q_ind_109_anc_5-4,0.164801,0.229959,0.000000,0.356355
Q_ind_110_anc_5-4,0.012871,0.000000,0.000000,0.166000
Q_ind_111_anc_5-4,0.210392,0.247879,0.000000,0.324559
Q_ind_112_anc_5-4,0.061566,0.000013,0.000000,0.223336
Q_ind_113_anc_5-4,0.066948,0.000154,0.000000,0.286629
Q_ind_114_anc_5-4,0.238517,0.242749,0.120205,0.322503
Q_ind_115_anc_5-4,0.000223,0.000000,0.000000,0.002083
Q_ind_116_anc_5-4,0.000352,0.000000,0.000000,0.004888
Q_ind_117_anc_5-4,0.000172,0.000000,0.000000,0.002007
Q_ind_118_anc_5-4,0.000352,0.000000,0.000000,0.004469
Q_ind_119_anc_5-4,0.000092,0.000000,0.000000,0.000808
Q_ind_120_anc_5-4,0.000087,0.000000,0.000000,0.000866
Q_ind_121_anc_5-4,0.001424,0.000000,0.000000,0.018580
Q_ind_122_anc_5-4,0.000128,0.000000,0.000000,0.001323
Q_ind_123_anc_5-4,0.000202,0.000000,0.000000,0.002165
Q_ind_124_anc_5-4,0.000476,0.000000,0.000000,0.006248
Q_ind_125_anc_5-4,0.021840,0.000000,0.000000,0.177609
Q_ind_126_anc_5-4,0.116394,0.123249,0.000000,0.194712
Q_ind_127_anc_5-4,0.013766,0.000000,0.000000,0.110761
Q_ind_128_anc_5-4,0.037279,0.000000,0.000000,0.160893
Q_ind_129_anc_5-4,0.020642,0.000000,0.000000,0.136818
Q_ind_130_anc_5-4,0.103702,0.138672,0.000000,0.231962
Q_ind_131_anc_5-4,0.000393,0.000000,0.000000,0.002570
Q_ind_132_anc_5-4,0.005718,0.000000,0.000000,0.076739
Q_ind_133_anc_5-4,0.000777,0.000000,0.000000,0.009738
Q_ind_134_anc_5-4,0.000241,0.000000,0.000000,0.002348
Q_ind_135_anc_5-4,0.002172,0.000000,0.000000,0.029227
Q_ind_136_anc_5-4,0.000374,0.000000,0.000000,0.003126
Q_ind_137_anc_5-4,0.000624,0.000000,0.000000,0.007617
Q_ind_138_anc_5-4,0.000522,0.000000,0.000000,0.005978
Q_ind_139_anc_5-4,0.006176,0.000000,0.000000,0.058697
Q_ind_140_anc_5-4,0.005516,0.000000,0.000000,0.053198
Q_ind_141_anc_5-4,0.000523,0.000000,0.000000,0.007961
Q_ind_142_anc_5-4,0.000104,0.000000,0.000000,0.001100
Q_ind_143_anc_5-4,0.043213,0.047590,0.000000,0.112365
Q_ind_144_anc_5-4,0.000226,0.000000,0.000000,0.002766
Q_ind_145_anc_5-4,0.000218,0.000000,0.000000,0.002328
Q_ind_146_anc_5-4,0.000332,0.000000,0.000000,0.003799
Q_ind_147_anc_5-4,0.000628,0.000000,0.000000,0.009013
Q_ind_148_anc_5-4,0.000749,0.000000,0.000000,0.009185
Q_ind_149_anc_5-4,0.001021,0.000000,0.000000,0.016336
Q_ind_150_anc_5-4,0.001320,0.000000,0.000000,0.018158
Q_ind_151_anc_5-4,0.001114,0.000000,0.000000,0.020165
Q_ind_152_anc_5-4,0.000621,0.000000,0.000000,0.009102
Q_ind_153_anc_5-4,0.000748,0.000000,0.000000,0.009916
Q_ind_154_anc_5-4,0.000712,0.000000,0.000000,0.011340
Q_ind_155_anc_5-4,0.000283,0.000000,0.000000,0.002304
Q_ind_156_anc_5-4,0.707957,0.707950,0.618740,0.793606
Q_ind_157_anc_5-4,0.734621,0.739835,0.609907,0.836742
Q_ind_158_anc_5-4,0.734489,0.738645,0.591122,0.857121
Q_ind_159_anc_5-4,0.736841,0.739231,0.616665,0.839809
Q_ind_160_anc_5-4,0.605984,0.605300,0.500969,0.705547
Q_ind_161_anc_5-4,0.806812,0.809586,0.720273,0.882574
Q_ind_162_anc_5-4,0.766140,0.767641,0.681188,0.839864
Q_ind_163_anc_5-4,0.657956,0.662815,0.537500,0.753718
Q_ind_164_anc_5-4,0.754611,0.754251,0.640477,0.883281
Q_ind_165_anc_5-4,0.210024,0.310713,0.000000,0.419411
Q_ind_166_anc_5-4,0.335647,0.362879,0.000000,0.449230
Q_ind_167_anc_5-4,0.280655,0.283444,0.168428,0.374181
Q_ind_168_anc_5-4,0.002927,0.000000,0.000000,0.042771
Q_ind_169_anc_5-4,0.001463,0.000000,0.000000,0.023167
Q_ind_170_anc_5-4,0.000868,0.000000,0.000000,0.010801
Q_ind_171_anc_5-4,0.000574,0.000000,0.000000,0.007510
Q_ind_172_anc_5-4,0.000100,0.000000,0.000000,0.001097
Q_ind_173_anc_5-4,0.000130,0.000000,0.000000,0.001627
Q_ind_174_anc_5-4,0.000127,0.000000,0.000000,0.001281
Q_ind_175_anc_5-4,0.000359,0.000000,0.000000,0.004357
Q_ind_176_anc_5-4,0.005213,0.000000,0.000000,0.075728
Q_ind_177_anc_5-4,0.034051,0.000032,0.000000,0.162737
Q_ind_178_anc_5-4,0.003326,0.000000,0.000000,0.045086
Q_ind_179_anc_5-4,0.001294,0.000000,0.000000,0.018434
Q_ind_180_anc_5-4,0.152966,0.182614,0.000000,0.302930
Q_ind_181_anc_5-4,0.085248,0.034494,0.000000,0.295003
Q_ind_182_anc_5-4,0.000808,0.000000,0.000000,0.011496
Q_ind_183_anc_5-4,0.002436,0.000000,0.000000,0.028437
Q_ind_184_anc_5-4,0.001540,0.000000,0.000000,0.020784
Q_ind_185_anc_5-4,0.001406,0.000000,0.000000,0.018415
Q_ind_186_anc_5-4,0.000566,0.000000,0.000000,0.007364
Q_ind_187_anc_5-4,0.000860,0.000000,0.000000,0.012757
Q_ind_188_anc_5-4,0.000625,0.000000,0.000000,0.009419
Q_ind_189_anc_5-4,0.000621,0.000000,0.000000,0.009335
Q_ind_190_anc_5-4,0.001029,0.000000,0.000000,0.011583
Q_ind_191_anc_5-4,0.000612,0.000000,0.000000,0.008438
Q_ind_192_anc_5-4,0.000184,0.000000,0.000000,0.002058
Q_ind_193_anc_5-4,0.009138,0.000000,0.000000,0.088840
Q_ind_194_anc_5-4,0.000073,0.000000,0.000000,0.000757
Q_ind_195_anc_5-4,0.001219,0.000000,0.000000,0.013757
Q_ind_196_anc_5-4,0.000089,0.000000,0.000000,0.000846
Q_ind_197_anc_5-4,0.000059,0.000000,0.000000,0.000634
Q_ind_198_anc_5-4,0.000092,0.000000,0.000000,0.000759
Q_ind_199_anc_5-4,0.000200,0.000000,0.000000,0.001767
Q_ind_200_anc_5-4,0.000117,0.000000,0.000000,0.001226
Q_ind_201_anc_5-4,0.004304,0.000000,0.000000,0.053877
Q_ind_202_anc_5-4,0.014976,0.000000,0.000000,0.122316
Q_ind_203_anc_5-4,0.562932,0.563183,0.449945,0.668563
Q_ind_204_anc_5-4,0.601760,0.602238,0.510370,0.695448
Q_ind_205_anc_5-4,0.470562,0.471730,0.373440,0.561804
Q_ind_206_anc_5-4,0.605637,0.613144,0.504258,0.703063
Q_ind_207_anc_5-4,0.386087,0.456526,0.000000,0.555352
Q_ind_208_anc_5-4,0.333790,0.330382,0.000000,0.536377
Q_ind_209_anc_5-4,0.550524,0.551210,0.453109,0.645029
Q_ind_210_anc_5-4,0.518325,0.556440,0.256335,0.686530
Q_ind_211_anc_5-4,0.422541,0.511943,0.000000,0.626623
Q_ind_212_anc_5-4,0.054144,0.019833,0.000000,0.174399
Q_ind_213_anc_5-4,0.001968,0.000000,0.000000,0.026915
Q_ind_214_anc_5-4,0.003692,0.000000,0.000000,0.055351
Q_ind_215_anc_5-4,0.000356,0.000000,0.000000,0.004740
Q_ind_216_anc_5-4,0.001852,0.000000,0.000000,0.026368
Q_ind_217_anc_5-4,0.000326,0.000000,0.000000,0.002862
Q_ind_218_anc_5-4,0.000454,0.000000,0.000000,0.005889
Q_ind_219_anc_5-4,0.001971,0.000000,0.000000,0.026339
Q_ind_220_anc_5-4,0.000662,0.000000,0.000000,0.008520
Q_ind_221_anc_5-4,0.004165,0.000000,0.000000,0.061095
Q_ind_222_anc_5-4,0.001121,0.000000,0.000000,0.015606
Q_ind_223_anc_5-4,0.233893,0.240279,0.104654,0.323035
Q_ind_224_anc_5-4,0.110383,0.132667,0.000000,0.223504
Q_ind_225_anc_5-4,0.073015,0.000002,0.000000,0.274245
Q_ind_226_anc_5-4,0.177975,0.190779,0.000000,0.318024
Q_ind_227_anc_5-4,0.319322,0.322976,0.155838,0.446876
Q_ind_228_anc_5-4,0.245902,0.249173,0.104556,0.379780
Q_ind_229_anc_5-4,0.104982,0.000000,0.000000,0.388039
Q_ind_230_anc_5-4,0.009484,0.000000,0.000000,0.118152
Q_ind_231_anc_5-4,0.150678,0.205023,0.000000,0.317716
Q_ind_232_anc_5-4,0.211291,0.213045,0.116186,0.293390
Q_ind_233_anc_5-4,0.097588,0.000030,0.000000,0.304761
Q_ind_234_anc_5-4,0.000093,0.000000,0.000000,0.000992
Q_ind_235_anc_5-4,0.000185,0.000000,0.000000,0.002096
Q_ind_236_anc_5-4,0.000193,0.000000,0.000000,0.002172
Q_ind_237_anc_5-4,0.000131,0.000000,0.000000,0.001499
Q_ind_238_anc_5-4,0.000095,0.000000,0.000000,0.000954
Q_ind_239_anc_5-4,0.000168,0.000000,0.000000,0.002108
Q_ind_240_anc_5-4,0.000244,0.000000,0.000000,0.002083
Q_ind_241_anc_5-4,0.000151,0.000000,0.000000,0.001513
Q_ind_242_anc_5-4,0.000332,0.000000,0.000000,0.003568
Q_ind_243_anc_5-4,0.000095,0.000000,0.000000,0.001014
Q_ind_244_anc_5-4,0.000223,0.000000,0.000000,0.001854
Q_ind_245_anc_5-4,0.000115,0.000000,0.000000,0.001179
Q_ind_1_anc_5-5,0.000292,0.000000,0.000000,0.003409
Q_ind_2_anc_5-5,0.004536,0.000000,0.000000,0.055912
Q_ind_3_anc_5-5,0.001504,0.000000,0.000000,0.019798
Q_ind_4_anc_5-5,0.000775,0.000000,0.000000,0.010584
Q_ind_5_anc_5-5,0.000156,0.000000,0.000000,0.001408
Q_ind_6_anc_5-5,0.000454,0.000000,0.000000,0.004745
Q_ind_7_anc_5-5,0.001959,0.000000,0.000000,0.029813
Q_ind_8_anc_5-5,0.000887,0.000000,0.000000,0.007597
Q_ind_9_anc_5-5,0.001570,0.000000,0.000000,0.023738
Q_ind_10_anc_5-5,0.000665,0.000000,0.000000,0.010303
Q_ind_11_anc_5-5,0.000348,0.000000,0.000000,0.003576
Q_ind_12_anc_5-5,0.000355,0.000000,0.000000,0.003815
Q_ind_13_anc_5-5,0.000522,0.000000,0.000000,0.002871
Q_ind_14_anc_5-5,0.000907,0.000000,0.000000,0.008392
Q_ind_15_anc_5-5,0.005514,0.000000,0.000000,0.061634
Q_ind_16_anc_5-5,0.000565,0.000000,0.000000,0.007002
Q_ind_17_anc_5-5,0.001545,0.000000,0.000000,0.021688
Q_ind_18_anc_5-5,0.000777,0.000000,0.000000,0.009007
Q_ind_19_anc_5-5,0.000213,0.000000,0.000000,0.002528
Q_ind_20_anc_5-5,0.000257,0.000000,0.000000,0.003058
Q_ind_21_anc_5-5,0.000191,0.000000,0.000000,0.002073
Q_ind_22_anc_5-5,0.000188,0.000000,0.000000,0.001999
Q_ind_23_anc_5-5,0.000349,0.000000,0.000000,0.004125
Q_ind_24_anc_5-5,0.000878,0.000000,0.000000,0.011579
Q_ind_25_anc_5-5,0.000431,0.000000,0.000000,0.006238
Q_ind_26_anc_5-5,0.000101,0.000000,0.000000,0.001141
Q_ind_27_anc_5-5,0.000321,0.000000,0.000000,0.003779
Q_ind_28_anc_5-5,0.000211,0.000000,0.000000,0.002192
Q_ind_29_anc_5-5,0.000121,0.000000,0.000000,0.001248
Q_ind_30_anc_5-5,0.000325,0.000000,0.000000,0.003668
Q_ind_31_anc_5-5,0.837938,0.825961,0.687681,0.993154
Q_ind_32_anc_5-5,0.870214,0.850777,0.780802,0.998327
Q_ind_33_anc_5-5,0.771064,0.761713,0.612745,0.938270
Q_ind_34_anc_5-5,0.924989,0.910548,0.852289,0.999639
Q_ind_35_anc_5-5,0.833780,0.825574,0.701714,0.991696
Q_ind_36_anc_5-5,0.900381,0.877917,0.823527,0.999711
Q_ind_37_anc_5-5,0.826624,0.813607,0.723950,0.967184
Q_ind_38_anc_5-5,0.882178,0.856983,0.793281,0.999615
Q_ind_39_anc_5-5,0.002043,0.000000,0.000000,0.031619
Q_ind_40_anc_5-5,0.786233,0.793296,0.655155,0.882255
Q_ind_41_anc_5-5,0.389533,0.395124,0.209626,0.545077
Q_ind_42_anc_5-5,0.000143,0.000000,0.000000,0.001938
Q_ind_43_anc_5-5,0.000446,0.000000,0.000000,0.005327
Q_ind_44_anc_5-5,0.000171,0.000000,0.000000,0.002033
Q_ind_45_anc_5-5,0.000381,0.000000,0.000000,0.005134
Q_ind_46_anc_5-5,0.000233,0.000000,0.000000,0.003091
Q_ind_47_anc_5-5,0.000665,0.000000,0.000000,0.009426
Q_ind_48_anc_5-5,0.000162,0.000000,0.000000,0.001850
Q_ind_49_anc_5-5,0.000250,0.000000,0.000000,0.003155
Q_ind_50_anc_5-5,0.000110,0.000000,0.000000,0.000998
Q_ind_51_anc_5-5,0.000857,0.000000,0.000000,0.011142
Q_ind_52_anc_5-5,0.000203,0.000000,0.000000,0.002266
Q_ind_53_anc_5-5,0.000320,0.000000,0.000000,0.003155
Q_ind_54_anc_5-5,0.000349,0.000000,0.000000,0.004796
Q_ind_55_anc_5-5,0.000232,0.000000,0.000000,0.003051
Q_ind_56_anc_5-5,0.000418,0.000000,0.000000,0.005394
Q_ind_57_anc_5-5,0.000173,0.000000,0.000000,0.001711
Q_ind_58_anc_5-5,0.000154,0.000000,0.000000,0.001781
Q_ind_59_anc_5-5,0.000293,0.000000,0.000000,0.002842
Q_ind_60_anc_5-5,0.000300,0.000000,0.000000,0.003821
Q_ind_61_anc_5-5,0.000271,0.000000,0.000000,0.003517
Q_ind_62_anc_5-5,0.000965,0.000000,0.000000,0.014040
Q_ind_63_anc_5-5,0.000305,0.000000,0.000000,0.004074
Q_ind_64_anc_5-5,0.000153,0.000000,0.000000,0.001485
Q_ind_65_anc_5-5,0.000085,0.000000,0.000000,0.000736
Q_ind_66_anc_5-5,0.000086,0.000000,0.000000,0.000859
Q_ind_67_anc_5-5,0.000296,0.000000,0.000000,0.002537
Q_ind_68_anc_5-5,0.000249,0.000000,0.000000,0.002968
Q_ind_69_anc_5-5,0.000084,0.000000,0.000000,0.000794
Q_ind_70_anc_5-5,0.000115,0.000000,0.000000,0.001322
Q_ind_71_anc_5-5,0.000181,0.000000,0.000000,0.001917
Q_ind_72_anc_5-5,0.001429,0.000000,0.000000,0.018225
Q_ind_73_anc_5-5,0.001115,0.000000,0.000000,0.018393
Q_ind_74_anc_5-5,0.000395,0.000000,0.000000,0.003299
Q_ind_75_anc_5-5,0.000129,0.000000,0.000000,0.001275
Q_ind_76_anc_5-5,0.000306,0.000000,0.000000,0.003683
Q_ind_77_anc_5-5,0.001503,0.000000,0.000000,0.018192
Q_ind_78_anc_5-5,0.000336,0.000000,0.000000,0.003068
Q_ind_79_anc_5-5,0.000787,0.000000,0.000000,0.009498
Q_ind_80_anc_5-5,0.000287,0.000000,0.000000,0.003412
Q_ind_81_anc_5-5,0.000219,0.000000,0.000000,0.003121
Q_ind_82_anc_5-5,0.000341,0.000000,0.000000,0.003309
Q_ind_83_anc_5-5,0.000323,0.000000,0.000000,0.003621
Q_ind_84_anc_5-5,0.000383,0.000000,0.000000,0.004673
Q_ind_85_anc_5-5,0.000213,0.000000,0.000000,0.002364
Q_ind_86_anc_5-5,0.000294,0.000000,0.000000,0.003489
Q_ind_87_anc_5-5,0.000200,0.000000,0.000000,0.002130
Q_ind_88_anc_5-5,0.220621,0.223075,0.129013,0.299236
Q_ind_89_anc_5-5,0.014338,0.000000,0.000000,0.124433
Q_ind_90_anc_5-5,0.090289,0.006856,0.000000,0.248186
Q_ind_91_anc_5-5,0.054773,0.000377,0.000000,0.210664
Q_ind_92_anc_5-5,0.145075,0.158429,0.000000,0.244375
Q_ind_93_anc_5-5,0.003620,0.000000,0.000000,0.061261
Q_ind_94_anc_5-5,0.000445,0.000000,0.000000,0.005633
Q_ind_95_anc_5-5,0.000634,0.000000,0.000000,0.007719
Q_ind_96_anc_5-5,0.000180,0.000000,0.000000,0.002214
Q_ind_97_anc_5-5,0.000231,0.000000,0.000000,0.002664
Q_ind_98_anc_5-5,0.000211,0.000000,0.000000,0.002385
Q_ind_99_anc_5-5,0.000222,0.000000,0.000000,0.001752
Q_ind_100_anc_5-5,0.000415,0.000000,0.000000,0.005665
Q_ind_101_anc_5-5,0.000078,0.000000,0.000000,0.000842
Q_ind_102_anc_5-5,0.000122,0.000000,0.000000,0.001239
Q_ind_103_anc_5-5,0.000232,0.000000,0.000000,0.002550
Q_ind_104_anc_5-5,0.000134,0.000000,0.000000,0.001273
Q_ind_105_anc_5-5,0.000189,0.000000,0.000000,0.001868
Q_ind_106_anc_5-5,0.000166,0.000000,0.000000,0.001917
Q_ind_107_anc_5-5,0.001008,0.000000,0.000000,0.012495
Q_ind_108_anc_5-5,0.001657,0.000000,0.000000,0.024000
Q_ind_109_anc_5-5,0.013899,0.000000,0.000000,0.124410
Q_ind_110_anc_5-5,0.000472,0.000000,0.000000,0.004608
Q_ind_111_anc_5-5,0.038757,0.000000,0.000000,0.224257
Q_ind_112_anc_5-5,0.000894,0.000000,0.000000,0.008622
Q_ind_113_anc_5-5,0.006492,0.000000,0.000000,0.107706
Q_ind_114_anc_5-5,0.003719,0.000000,0.000000,0.059506
Q_ind_115_anc_5-5,0.000459,0.000000,0.000000,0.005523
Q_ind_116_anc_5-5,0.000323,0.000000,0.000000,0.004120
Q_ind_117_anc_5-5,0.000441,0.000000,0.000000,0.005653
Q_ind_118_anc_5-5,0.000255,0.000000,0.000000,0.002770
Q_ind_119_anc_5-5,0.000142,0.000000,0.000000,0.001787
Q_ind_120_anc_5-5,0.000259,0.000000,0.000000,0.003677
Q_ind_121_anc_5-5,0.001269,0.000000,0.000000,0.020405
Q_ind_122_anc_5-5,0.000145,0.000000,0.000000,0.001548
Q_ind_123_anc_5-5,0.000217,0.000000,0.000000,0.002215
Q_ind_124_anc_5-5,0.000280,0.000000,0.000000,0.003037
Q_ind_125_anc_5-5,0.001154,0.000000,0.000000,0.015534
Q_ind_126_anc_5-5,0.000746,0.000000,0.000000,0.008827
Q_ind_127_anc_5-5,0.000982,0.000000,0.000000,0.016298
Q_ind_128_anc_5-5,0.001053,0.000000,0.000000,0.014007
Q_ind_129_anc_5-5,0.000988,0.000000,0.000000,0.015011
Q_ind_130_anc_5-5,0.001651,0.000000,0.000000,0.022704
Q_ind_131_anc_5-5,0.000125,0.000000,0.000000,0.000868
Q_ind_132_anc_5-5,0.000088,0.000000,0.000000,0.000639
Q_ind_133_anc_5-5,0.001648,0.000000,0.000000,0.020397
Q_ind_134_anc_5-5,0.000303,0.000000,0.000000,0.003609
Q_ind_135_anc_5-5,0.003920,0.000000,0.000000,0.043451
Q_ind_136_anc_5-5,0.000176,0.000000,0.000000,0.001914
Q_ind_137_anc_5-5,0.000292,0.000000,0.000000,0.002722
Q_ind_138_anc_5-5,0.000071,0.000000,0.000000,0.000785
Q_ind_139_anc_5-5,0.000264,0.000000,0.000000,0.003212
Q_ind_140_anc_5-5,0.003378,0.000000,0.000000,0.038399
Q_ind_141_anc_5-5,0.000794,0.000000,0.000000,0.011417
Q_ind_142_anc_5-5,0.000057,0.000000,0.000000,0.000539
Q_ind_143_anc_5-5,0.003554,0.000000,0.000000,0.045797
Q_ind_144_anc_5-5,0.002090,0.000000,0.000000,0.029651
Q_ind_145_anc_5-5,0.000302,0.000000,0.000000,0.003850
Q_ind_146_anc_5-5,0.000715,0.000000,0.000000,0.007807
Q_ind_147_anc_5-5,0.005562,0.000000,0.000000,0.035565
Q_ind_148_anc_5-5,0.000357,0.000000,0.000000,0.004274
Q_ind_149_anc_5-5,0.000142,0.000000,0.000000,0.001500
Q_ind_150_anc_5-5,0.000496,0.000000,0.000000,0.006388
Q_ind_151_anc_5-5,0.015111,0.013750,0.000000,0.046750
Q_ind_152_anc_5-5,0.000426,0.000000,0.000000,0.006618
Q_ind_153_anc_5-5,0.000816,0.000000,0.000000,0.012813
Q_ind_154_anc_5-5,0.000175,0.000000,0.000000,0.002212
Q_ind_155_anc_5-5,0.000059,0.000000,0.000000,0.000590
Q_ind_156_anc_5-5,0.001801,0.000000,0.000000,0.023077
Q_ind_157_anc_5-5,0.000297,0.000000,0.000000,0.003402
Q_ind_158_anc_5-5,0.001147,0.000000,0.000000,0.014133
Q_ind_159_anc_5-5,0.000581,0.000000,0.000000,0.007508
Q_ind_160_anc_5-5,0.000406,0.000000,0.000000,0.005720
Q_ind_161_anc_5-5,0.000275,0.000000,0.000000,0.002525
Q_ind_162_anc_5-5,0.000395,0.000000,0.000000,0.004184
Q_ind_163_anc_5-5,0.000939,0.000000,0.000000,0.011783
Q_ind_164_anc_5-5,0.000288,0.000000,0.000000,0.002314
Q_ind_165_anc_5-5,0.000544,0.000000,0.000000,0.004805
Q_ind_166_anc_5-5,0.002550,0.000000,0.000000,0.042585
Q_ind_167_anc_5-5,0.054140,0.038128,0.000000,0.184068
Q_ind_168_anc_5-5,0.000173,0.000000,0.000000,0.001966
Q_ind_169_anc_5-5,0.000060,0.000000,0.000000,0.000667
Q_ind_170_anc_5-5,0.000205,0.000000,0.000000,0.002486
Q_ind_171_anc_5-5,0.000150,0.000000,0.000000,0.001390
Q_ind_172_anc_5-5,0.000241,0.000000,0.000000,0.002155
Q_ind_173_anc_5-5,0.000090,0.000000,0.000000,0.000997
Q_ind_174_anc_5-5,0.000101,0.000000,0.000000,0.000950
Q_ind_175_anc_5-5,0.000074,0.000000,0.000000,0.000691
Q_ind_176_anc_5-5,0.000251,0.000000,0.000000,0.001659
Q_ind_177_anc_5-5,0.001259,0.000000,0.000000,0.017393
Q_ind_178_anc_5-5,0.000201,0.000000,0.000000,0.002070
Q_ind_179_anc_5-5,0.000622,0.000000,0.000000,0.008150
Q_ind_180_anc_5-5,0.001287,0.000000,0.000000,0.016126
Q_ind_181_anc_5-5,0.000367,0.000000,0.000000,0.003897
Q_ind_182_anc_5-5,0.001940,0.000000,0.000000,0.027934
Q_ind_183_anc_5-5,0.000241,0.000000,0.000000,0.002538
Q_ind_184_anc_5-5,0.000177,0.000000,0.000000,0.001997
Q_ind_185_anc_5-5,0.029603,0.000330,0.000000,0.116534
Q_ind_186_anc_5-5,0.000876,0.000000,0.000000,0.012302
Q_ind_187_anc_5-5,0.000587,0.000000,0.000000,0.008104
Q_ind_188_anc_5-5,0.000619,0.000000,0.000000,0.008661
Q_ind_189_anc_5-5,0.000331,0.000000,0.000000,0.003976
Q_ind_190_anc_5-5,0.000692,0.000000,0.000000,0.008350
Q_ind_191_anc_5-5,0.000523,0.000000,0.000000,0.007031
Q_ind_192_anc_5-5,0.000104,0.000000,0.000000,0.001158
Q_ind_193_anc_5-5,0.001650,0.000000,0.000000,0.023541
Q_ind_194_anc_5-5,0.000053,0.000000,0.000000,0.000589
Q_ind_195_anc_5-5,0.000172,0.000000,0.000000,0.001863
Q_ind_196_anc_5-5,0.000062,0.000000,0.000000,0.000588
Q_ind_197_anc_5-5,0.000042,0.000000,0.000000,0.000482
Q_ind_198_anc_5-5,0.000071,0.000000,0.000000,0.000843
Q_ind_199_anc_5-5,0.000133,0.000000,0.000000,0.001301
Q_ind_200_anc_5-5,0.000065,0.000000,0.000000,0.000664
Q_ind_201_anc_5-5,0.000160,0.000000,0.000000,0.001206
Q_ind_202_anc_5-5,0.000515,0.000000,0.000000,0.005060
Q_ind_203_anc_5-5,0.391403,0.391622,0.284763,0.495340
Q_ind_204_anc_5-5,0.344240,0.340946,0.247100,0.454823
Q_ind_205_anc_5-5,0.446451,0.444328,0.331683,0.572088
Q_ind_206_anc_5-5,0.361338,0.356842,0.265777,0.468572
Q_ind_207_anc_5-5,0.427754,0.388425,0.294079,0.692855
Q_ind_208_anc_5-5,0.000153,0.000000,0.000000,0.001474
Q_ind_209_anc_5-5,0.368320,0.364476,0.269748,0.494800
Q_ind_210_anc_5-5,0.088359,0.000186,0.000000,0.323186
Q_ind_211_anc_5-5,0.436370,0.391777,0.284697,0.713861
Q_ind_212_anc_5-5,0.000202,0.000000,0.000000,0.002396
Q_ind_213_anc_5-5,0.000249,0.000000,0.000000,0.002506
Q_ind_214_anc_5-5,0.000113,0.000000,0.000000,0.001227
Q_ind_215_anc_5-5,0.000123,0.000000,0.000000,0.001487
Q_ind_216_anc_5-5,0.001683,0.000000,0.000000,0.023049
Q_ind_217_anc_5-5,0.000109,0.000000,0.000000,0.001175
Q_ind_218_anc_5-5,0.000083,0.000000,0.000000,0.000727
Q_ind_219_anc_5-5,0.000720,0.000000,0.000000,0.007153
Q_ind_220_anc_5-5,0.000128,0.000000,0.000000,0.001239
Q_ind_221_anc_5-5,0.000342,0.000000,0.000000,0.003675
Q_ind_222_anc_5-5,0.000432,0.000000,0.000000,0.004756
Q_ind_223_anc_5-5,0.000164,0.000000,0.000000,0.001499
Q_ind_224_anc_5-5,0.000193,0.000000,0.000000,0.002058
Q_ind_225_anc_5-5,0.003151,0.000000,0.000000,0.050092
Q_ind_226_anc_5-5,0.000130,0.000000,0.000000,0.001230
Q_ind_227_anc_5-5,0.001443,0.000000,0.000000,0.021950
Q_ind_228_anc_5-5,0.000189,0.000000,0.000000,0.002072
Q_ind_229_anc_5-5,0.046675,0.000001,0.000000,0.171054
Q_ind_230_anc_5-5,0.095150,0.104920,0.000000,0.204191
Q_ind_231_anc_5-5,0.000141,0.000000,0.000000,0.001167
Q_ind_232_anc_5-5,0.000169,0.000000,0.000000,0.001675
Q_ind_233_anc_5-5,0.008821,0.000000,0.000000,0.099370
Q_ind_234_anc_5-5,0.000111,0.000000,0.000000,0.001292
Q_ind_235_anc_5-5,0.000325,0.000000,0.000000,0.003950
Q_ind_236_anc_5-5,0.000157,0.000000,0.000000,0.001642
Q_ind_237_anc_5-5,0.000158,0.000000,0.000000,0.001625
Q_ind_238_anc_5-5,0.000118,0.000000,0.000000,0.001429
Q_ind_239_anc_5-5,0.000246,0.000000,0.000000,0.003021
Q_ind_240_anc_5-5,0.000120,0.000000,0.000000,0.001334
Q_ind_241_anc_5-5,0.000161,0.000000,0.000000,0.001732
Q_ind_242_anc_5-5,0.000115,0.000000,0.000000,0.001099
Q_ind_243_anc_5-5,0.000086,0.000000,0.000000,0.000786
Q_ind_244_anc_5-5,0.000085,0.000000,0.000000,0.000789
Q_ind_245_anc_5-5,0.000061,0.000000,0.000000,0.000615
Q_ind_1_anc_6-1,0.000159,0.000000,0.000000,0.001867
Q_ind_2_anc_6-1,0.000150,0.000000,0.000000,0.001383
Q_ind_3_anc_6-1,0.000446,0.000000,0.000000,0.005383
Q_ind_4_anc_6-1,0.000585,0.000000,0.000000,0.006818
Q_ind_5_anc_6-1,0.000165,0.000000,0.000000,0.001784
Q_ind_6_anc_6-1,0.000381,0.000000,0.000000,0.004208
Q_ind_7_anc_6-1,0.000777,0.000000,0.000000,0.011033
Q_ind_8_anc_6-1,0.001768,0.000000,0.000000,0.026573
Q_ind_9_anc_6-1,0.000251,0.000000,0.000000,0.002932
Q_ind_10_anc_6-1,0.000257,0.000000,0.000000,0.003150
Q_ind_11_anc_6-1,0.000412,0.000000,0.000000,0.005275
Q_ind_12_anc_6-1,0.000802,0.000000,0.000000,0.009765
Q_ind_13_anc_6-1,0.000881,0.000000,0.000000,0.013587
Q_ind_14_anc_6-1,0.000767,0.000000,0.000000,0.009641
Q_ind_15_anc_6-1,0.000319,0.000000,0.000000,0.003945
Q_ind_16_anc_6-1,0.000390,0.000000,0.000000,0.005312
Q_ind_17_anc_6-1,0.000686,0.000000,0.000000,0.006122
Q_ind_18_anc_6-1,0.038022,0.017035,0.000000,0.129398
Q_ind_19_anc_6-1,0.001525,0.000000,0.000000,0.022724
Q_ind_20_anc_6-1,0.000181,0.000000,0.000000,0.002126
Q_ind_21_anc_6-1,0.000125,0.000000,0.000000,0.001181
Q_ind_22_anc_6-1,0.000336,0.000000,0.000000,0.003773
Q_ind_23_anc_6-1,0.000302,0.000000,0.000000,0.003935
Q_ind_24_anc_6-1,0.000372,0.000000,0.000000,0.003230
Q_ind_25_anc_6-1,0.000811,0.000000,0.000000,0.011738
Q_ind_26_anc_6-1,0.000166,0.000000,0.000000,0.001868
Q_ind_27_anc_6-1,0.001274,0.000000,0.000000,0.017639
Q_ind_28_anc_6-1,0.000398,0.000000,0.000000,0.003857
Q_ind_29_anc_6-1,0.000204,0.000000,0.000000,0.002050
Q_ind_30_anc_6-1,0.000759,0.000000,0.000000,0.010742
Q_ind_31_anc_6-1,0.000204,0.000000,0.000000,0.002528
Q_ind_32_anc_6-1,0.000207,0.000000,0.000000,0.002344
Q_ind_33_anc_6-1,0.000265,0.000000,0.000000,0.002892
Q_ind_34_anc_6-1,0.000185,0.000000,0.000000,0.001801
Q_ind_35_anc_6-1,0.000148,0.000000,0.000000,0.001311
Q_ind_36_anc_6-1,0.000099,0.000000,0.000000,0.000841
Q_ind_37_anc_6-1,0.000204,0.000000,0.000000,0.002313
Q_ind_38_anc_6-1,0.000119,0.000000,0.000000,0.001166
Q_ind_39_anc_6-1,0.000201,0.000000,0.000000,0.001874
Q_ind_40_anc_6-1,0.003345,0.000000,0.000000,0.043350
Q_ind_41_anc_6-1,0.000140,0.000000,0.000000,0.001397
Q_ind_42_anc_6-1,0.001009,0.000000,0.000000,0.014768
Q_ind_43_anc_6-1,0.000950,0.000000,0.000000,0.010302
Q_ind_44_anc_6-1,0.000545,0.000000,0.000000,0.005661
Q_ind_45_anc_6-1,0.000295,0.000000,0.000000,0.002350
Q_ind_46_anc_6-1,0.000337,0.000000,0.000000,0.004797
Q_ind_47_anc_6-1,0.037025,0.000000,0.000000,0.239370
Q_ind_48_anc_6-1,0.000604,0.000000,0.000000,0.008115
Q_ind_49_anc_6-1,0.000932,0.000000,0.000000,0.006953
Q_ind_50_anc_6-1,0.000486,0.000000,0.000000,0.004679
Q_ind_51_anc_6-1,0.000703,0.000000,0.000000,0.006462
Q_ind_52_anc_6-1,0.033617,0.000000,0.000000,0.165807
Q_ind_53_anc_6-1,0.025811,0.000001,0.000000,0.123803
Q_ind_54_anc_6-1,0.009863,0.000000,0.000000,0.089168
Q_ind_55_anc_6-1,0.052173,0.048270,0.000000,0.186873
Q_ind_56_anc_6-1,0.021975,0.000000,0.000000,0.140616
Q_ind_57_anc_6-1,0.000629,0.000000,0.000000,0.006337
Q_ind_58_anc_6-1,0.000406,0.000000,0.000000,0.004144
Q_ind_59_anc_6-1,0.020896,0.000000,0.000000,0.111676
Q_ind_60_anc_6-1,0.028734,0.000000,0.000000,0.173809
Q_ind_61_anc_6-1,0.038097,0.000058,0.000000,0.175981
Q_ind_62_anc_6-1,0.001532,0.000000,0.000000,0.011124
Q_ind_63_anc_6-1,0.000082,0.000000,0.000000,0.000708
Q_ind_64_anc_6-1,0.000054,0.000000,0.000000,0.000548
Q_ind_65_anc_6-1,0.000071,0.000000,0.000000,0.000806
Q_ind_66_anc_6-1,0.000085,0.000000,0.000000,0.000791
Q_ind_67_anc_6-1,0.000090,0.000000,0.000000,0.001038
Q_ind_68_anc_6-1,0.000915,0.000000,0.000000,0.012687
Q_ind_69_anc_6-1,0.011018,0.000000,0.000000,0.142509
Q_ind_70_anc_6-1,0.026302,0.000000,0.000000,0.180999
Q_ind_71_anc_6-1,0.000426,0.000000,0.000000,0.004157
Q_ind_72_anc_6-1,0.001968,0.000000,0.000000,0.030149
Q_ind_73_anc_6-1,0.000493,0.000000,0.000000,0.004158
Q_ind_74_anc_6-1,0.000851,0.000000,0.000000,0.011146
Q_ind_75_anc_6-1,0.014172,0.000000,0.000000,0.179315
Q_ind_76_anc_6-1,0.010889,0.000000,0.000000,0.096425
Q_ind_77_anc_6-1,0.000638,0.000000,0.000000,0.008627
Q_ind_78_anc_6-1,0.000274,0.000000,0.000000,0.003423
Q_ind_79_anc_6-1,0.000212,0.000000,0.000000,0.002067
Q_ind_80_anc_6-1,0.000160,0.000000,0.000000,0.001608
Q_ind_81_anc_6-1,0.000375,0.000000,0.000000,0.004611
Q_ind_82_anc_6-1,0.000501,0.000000,0.000000,0.006888
Q_ind_83_anc_6-1,0.000278,0.000000,0.000000,0.002986
Q_ind_84_anc_6-1,0.000094,0.000000,0.000000,0.001024
Q_ind_85_anc_6-1,0.000252,0.000000,0.000000,0.002170
Q_ind_86_anc_6-1,0.000652,0.000000,0.000000,0.009633
Q_ind_87_anc_6-1,0.000158,0.000000,0.000000,0.001610
Q_ind_88_anc_6-1,0.000639,0.000000,0.000000,0.006518
Q_ind_89_anc_6-1,0.000348,0.000000,0.000000,0.003969
Q_ind_90_anc_6-1,0.000770,0.000000,0.000000,0.011115
Q_ind_91_anc_6-1,0.001557,0.000000,0.000000,0.023501
Q_ind_92_anc_6-1,0.002570,0.000000,0.000000,0.040123
Q_ind_93_anc_6-1,0.003038,0.000000,0.000000,0.035039
Q_ind_94_anc_6-1,0.000158,0.000000,0.000000,0.001938
Q_ind_95_anc_6-1,0.002852,0.000000,0.000000,0.043845
Q_ind_96_anc_6-1,0.000413,0.000000,0.000000,0.006007
Q_ind_97_anc_6-1,0.000894,0.000000,0.000000,0.012521
Q_ind_98_anc_6-1,0.000617,0.000000,0.000000,0.005288
Q_ind_99_anc_6-1,0.000103,0.000000,0.000000,0.001121
Q_ind_100_anc_6-1,0.000455,0.000000,0.000000,0.005951
Q_ind_101_anc_6-1,0.000166,0.000000,0.000000,0.001759
Q_ind_102_anc_6-1,0.000116,0.000000,0.000000,0.001227
Q_ind_103_anc_6-1,0.000872,0.000000,0.000000,0.012510
Q_ind_104_anc_6-1,0.000218,0.000000,0.000000,0.002277
Q_ind_105_anc_6-1,0.000131,0.000000,0.000000,0.001185
Q_ind_106_anc_6-1,0.000715,0.000000,0.000000,0.009482
Q_ind_107_anc_6-1,0.006669,0.000000,0.000000,0.095881
Q_ind_108_anc_6-1,0.002761,0.000000,0.000000,0.037841
Q_ind_109_anc_6-1,0.005195,0.000000,0.000000,0.075809
Q_ind_110_anc_6-1,0.000985,0.000000,0.000000,0.014702
Q_ind_111_anc_6-1,0.004117,0.000000,0.000000,0.057239
Q_ind_112_anc_6-1,0.000359,0.000000,0.000000,0.003785
Q_ind_113_anc_6-1,0.029124,0.000000,0.000000,0.216158
Q_ind_114_anc_6-1,0.001423,0.000000,0.000000,0.018641
Q_ind_115_anc_6-1,0.004423,0.000000,0.000000,0.051222
Q_ind_116_anc_6-1,0.001516,0.000000,0.000000,0.021203
Q_ind_117_anc_6-1,0.001634,0.000000,0.000000,0.022307
Q_ind_118_anc_6-1,0.004272,0.000000,0.000000,0.039420
Q_ind_119_anc_6-1,0.000513,0.000000,0.000000,0.006979
Q_ind_120_anc_6-1,0.000230,0.000000,0.000000,0.003310
Q_ind_121_anc_6-1,0.000145,0.000000,0.000000,0.001478
Q_ind_122_anc_6-1,0.000254,0.000000,0.000000,0.002854
Q_ind_123_anc_6-1,0.000416,0.000000,0.000000,0.005676
Q_ind_124_anc_6-1,0.000193,0.000000,0.000000,0.002075
Q_ind_125_anc_6-1,0.000591,0.000000,0.000000,0.008390
Q_ind_126_anc_6-1,0.000436,0.000000,0.000000,0.005548
Q_ind_127_anc_6-1,0.000422,0.000000,0.000000,0.005638
Q_ind_128_anc_6-1,0.000237,0.000000,0.000000,0.002146
Q_ind_129_anc_6-1,0.000473,0.000000,0.000000,0.004924
Q_ind_130_anc_6-1,0.000178,0.000000,0.000000,0.002252
Q_ind_131_anc_6-1,0.000161,0.000000,0.000000,0.001338
Q_ind_132_anc_6-1,0.000162,0.000000,0.000000,0.001876
Q_ind_133_anc_6-1,0.003944,0.000000,0.000000,0.048131
Q_ind_134_anc_6-1,0.000877,0.000000,0.000000,0.010512
Q_ind_135_anc_6-1,0.017642,0.000000,0.000000,0.116190
Q_ind_136_anc_6-1,0.001111,0.000000,0.000000,0.018435
Q_ind_137_anc_6-1,0.008305,0.000000,0.000000,0.079408
Q_ind_138_anc_6-1,0.000162,0.000000,0.000000,0.001699
Q_ind_139_anc_6-1,0.000270,0.000000,0.000000,0.002427
Q_ind_140_anc_6-1,0.000842,0.000000,0.000000,0.013522
Q_ind_141_anc_6-1,0.034131,0.001052,0.000000,0.130498
Q_ind_142_anc_6-1,0.000217,0.000000,0.000000,0.002617
Q_ind_143_anc_6-1,0.000632,0.000000,0.000000,0.007144
Q_ind_144_anc_6-1,0.000458,0.000000,0.000000,0.005222
Q_ind_145_anc_6-1,0.000114,0.000000,0.000000,0.001130
Q_ind_146_anc_6-1,0.000189,0.000000,0.000000,0.001929
Q_ind_147_anc_6-1,0.000182,0.000000,0.000000,0.002366
Q_ind_148_anc_6-1,0.000570,0.000000,0.000000,0.008721
Q_ind_149_anc_6-1,0.000313,0.000000,0.000000,0.004025
Q_ind_150_anc_6-1,0.000111,0.000000,0.000000,0.001277
Q_ind_151_anc_6-1,0.000507,0.000000,0.000000,0.008127
Q_ind_152_anc_6-1,0.000118,0.000000,0.000000,0.001225
Q_ind_153_anc_6-1,0.000281,0.000000,0.000000,0.003605
Q_ind_154_anc_6-1,0.000203,0.000000,0.000000,0.002632
Q_ind_155_anc_6-1,0.000201,0.000000,0.000000,0.002160
Q_ind_156_anc_6-1,0.000234,0.000000,0.000000,0.002631
Q_ind_157_anc_6-1,0.000103,0.000000,0.000000,0.001172
Q_ind_158_anc_6-1,0.000171,0.000000,0.000000,0.001339
Q_ind_159_anc_6-1,0.000368,0.000000,0.000000,0.003227
Q_ind_160_anc_6-1,0.000390,0.000000,0.000000,0.005273
Q_ind_161_anc_6-1,0.000113,0.000000,0.000000,0.001317
Q_ind_162_anc_6-1,0.000688,0.000000,0.000000,0.010145
Q_ind_163_anc_6-1,0.000134,0.000000,0.000000,0.001433
Q_ind_164_anc_6-1,0.000153,0.000000,0.000000,0.001363
Q_ind_165_anc_6-1,0.001606,0.000000,0.000000,0.020439
Q_ind_166_anc_6-1,0.002727,0.000000,0.000000,0.041101
Q_ind_167_anc_6-1,0.000745,0.000000,0.000000,0.010122
Q_ind_168_anc_6-1,0.000347,0.000000,0.000000,0.004140
Q_ind_169_anc_6-1,0.000397,0.000000,0.000000,0.004829
Q_ind_170_anc_6-1,0.000340,0.000000,0.000000,0.003924
Q_ind_171_anc_6-1,0.000629,0.000000,0.000000,0.005674
Q_ind_172_anc_6-1,0.000872,0.000000,0.000000,0.012471
Q_ind_173_anc_6-1,0.000676,0.000000,0.000000,0.007811
Q_ind_174_anc_6-1,0.000156,0.000000,0.000000,0.001567
Q_ind_175_anc_6-1,0.000377,0.000000,0.000000,0.004324
Q_ind_176_anc_6-1,0.000148,0.000000,0.000000,0.001592
Q_ind_177_anc_6-1,0.000568,0.000000,0.000000,0.007226
Q_ind_178_anc_6-1,0.000309,0.000000,0.000000,0.003501
Q_ind_179_anc_6-1,0.000163,0.000000,0.000000,0.001803
Q_ind_180_anc_6-1,0.000232,0.000000,0.000000,0.002769
Q_ind_181_anc_6-1,0.001130,0.000000,0.000000,0.016332
Q_ind_182_anc_6-1,0.000353,0.000000,0.000000,0.004408
Q_ind_183_anc_6-1,0.000661,0.000000,0.000000,0.009605
Q_ind_184_anc_6-1,0.000831,0.000000,0.000000,0.013004
Q_ind_185_anc_6-1,0.003346,0.000000,0.000000,0.045418
Q_ind_186_anc_6-1,0.005465,0.000000,0.000000,0.071760
Q_ind_187_anc_6-1,0.015336,0.000000,0.000000,0.124456
Q_ind_188_anc_6-1,0.000500,0.000000,0.000000,0.006116
Q_ind_189_anc_6-1,0.000907,0.000000,0.000000,0.008793
Q_ind_190_anc_6-1,0.008106,0.000000,0.000000,0.095716
Q_ind_191_anc_6-1,0.005189,0.000000,0.000000,0.061756
Q_ind_192_anc_6-1,0.000205,0.000000,0.000000,0.001584
Q_ind_193_anc_6-1,0.000426,0.000000,0.000000,0.005428
Q_ind_194_anc_6-1,0.000025,0.000000,0.000000,0.000239
Q_ind_195_anc_6-1,0.000110,0.000000,0.000000,0.001288
Q_ind_196_anc_6-1,0.000035,0.000000,0.000000,0.000307
Q_ind_197_anc_6-1,0.000031,0.000000,0.000000,0.000290
Q_ind_198_anc_6-1,0.000032,0.000000,0.000000,0.000335
Q_ind_199_anc_6-1,0.000142,0.000000,0.000000,0.001733
Q_ind_200_anc_6-1,0.000063,0.000000,0.000000,0.000438
Q_ind_201_anc_6-1,0.000205,0.000000,0.000000,0.002089
Q_ind_202_anc_6-1,0.000165,0.000000,0.000000,0.001860
Q_ind_203_anc_6-1,0.000591,0.000000,0.000000,0.007855
Q_ind_204_anc_6-1,0.000517,0.000000,0.000000,0.007147
Q_ind_205_anc_6-1,0.000345,0.000000,0.000000,0.004340
Q_ind_206_anc_6-1,0.000603,0.000000,0.000000,0.008725
Q_ind_207_anc_6-1,0.000315,0.000000,0.000000,0.003766
Q_ind_208_anc_6-1,0.000139,0.000000,0.000000,0.001033
Q_ind_209_anc_6-1,0.000572,0.000000,0.000000,0.007187
Q_ind_210_anc_6-1,0.003629,0.000000,0.000000,0.048689
Q_ind_211_anc_6-1,0.000553,0.000000,0.000000,0.006807
Q_ind_212_anc_6-1,0.000236,0.000000,0.000000,0.002934
Q_ind_213_anc_6-1,0.006655,0.000000,0.000000,0.059864
Q_ind_214_anc_6-1,0.000808,0.000000,0.000000,0.008628
Q_ind_215_anc_6-1,0.003761,0.000000,0.000000,0.048916
Q_ind_216_anc_6-1,0.000544,0.000000,0.000000,0.003488
Q_ind_217_anc_6-1,0.007113,0.000000,0.000000,0.070767
Q_ind_218_anc_6-1,0.000467,0.000000,0.000000,0.005791
Q_ind_219_anc_6-1,0.005108,0.000000,0.000000,0.052664
Q_ind_220_anc_6-1,0.000726,0.000000,0.000000,0.009993
Q_ind_221_anc_6-1,0.000671,0.000000,0.000000,0.009382
Q_ind_222_anc_6-1,0.001009,0.000000,0.000000,0.015163
Q_ind_223_anc_6-1,0.000258,0.000000,0.000000,0.002677
Q_ind_224_anc_6-1,0.000155,0.000000,0.000000,0.001084
Q_ind_225_anc_6-1,0.000383,0.000000,0.000000,0.003414
Q_ind_226_anc_6-1,0.000186,0.000000,0.000000,0.001504
Q_ind_227_anc_6-1,0.001746,0.000000,0.000000,0.026336
Q_ind_228_anc_6-1,0.000191,0.000000,0.000000,0.001442
Q_ind_229_anc_6-1,0.011420,0.000000,0.000000,0.105753
Q_ind_230_anc_6-1,0.029710,0.000000,0.000000,0.144470
Q_ind_231_anc_6-1,0.000123,0.000000,0.000000,0.001331
Q_ind_232_anc_6-1,0.000954,0.000000,0.000000,0.013665
Q_ind_233_anc_6-1,0.000462,0.000000,0.000000,0.003541
Q_ind_234_anc_6-1,0.000306,0.000000,0.000000,0.003859
Q_ind_235_anc_6-1,0.006123,0.000000,0.000000,0.092062
Q_ind_236_anc_6-1,0.000279,0.000000,0.000000,0.003321
Q_ind_237_anc_6-1,0.000955,0.000000,0.000000,0.011315
Q_ind_238_anc_6-1,0.016947,0.000000,0.000000,0.159170
Q_ind_239_anc_6-1,0.000713,0.000000,0.000000,0.006175
Q_ind_240_anc_6-1,0.000516,0.000000,0.000000,0.005779
Q_ind_241_anc_6-1,0.000744,0.000000,0.000000,0.008736
Q_ind_242_anc_6-1,0.000288,0.000000,0.000000,0.001814
Q_ind_243_anc_6-1,0.100380,0.040315,0.000000,0.389397
Q_ind_244_anc_6-1,0.000561,0.000000,0.000000,0.007341
Q_ind_245_anc_6-1,0.052949,0.000000,0.000000,0.346922
Q_ind_1_anc_6-2,0.000226,0.000000,0.000000,0.002577
Q_ind_2_anc_6-2,0.000181,0.000000,0.000000,0.002083
Q_ind_3_anc_6-2,0.000301,0.000000,0.000000,0.003858
Q_ind_4_anc_6-2,0.000422,0.000000,0.000000,0.004640
Q_ind_5_anc_6-2,0.000293,0.000000,0.000000,0.003082
Q_ind_6_anc_6-2,0.000235,0.000000,0.000000,0.003038
Q_ind_7_anc_6-2,0.000446,0.000000,0.000000,0.004661
Q_ind_8_anc_6-2,0.000242,0.000000,0.000000,0.001664
Q_ind_9_anc_6-2,0.000392,0.000000,0.000000,0.004774
Q_ind_10_anc_6-2,0.000318,0.000000,0.000000,0.004041
Q_ind_11_anc_6-2,0.000463,0.000000,0.000000,0.005130
Q_ind_12_anc_6-2,0.000611,0.000000,0.000000,0.006602
Q_ind_13_anc_6-2,0.000386,0.000000,0.000000,0.004630
Q_ind_14_anc_6-2,0.001062,0.000000,0.000000,0.016235
Q_ind_15_anc_6-2,0.000676,0.000000,0.000000,0.010129
Q_ind_16_anc_6-2,0.000284,0.000000,0.000000,0.002926
Q_ind_17_anc_6-2,0.000551,0.000000,0.000000,0.007100
Q_ind_18_anc_6-2,0.000221,0.000000,0.000000,0.002513
Q_ind_19_anc_6-2,0.000167,0.000000,0.000000,0.001695
Q_ind_20_anc_6-2,0.001983,0.000000,0.000000,0.031280
Q_ind_21_anc_6-2,0.000303,0.000000,0.000000,0.003773
Q_ind_22_anc_6-2,0.000145,0.000000,0.000000,0.001375
Q_ind_23_anc_6-2,0.000136,0.000000,0.000000,0.001374
Q_ind_24_anc_6-2,0.000371,0.000000,0.000000,0.004668
Q_ind_25_anc_6-2,0.000121,0.000000,0.000000,0.001163
Q_ind_26_anc_6-2,0.000381,0.000000,0.000000,0.002655
Q_ind_27_anc_6-2,0.000431,0.000000,0.000000,0.004480
Q_ind_28_anc_6-2,0.000411,0.000000,0.000000,0.005150
Q_ind_29_anc_6-2,0.000265,0.000000,0.000000,0.002847
Q_ind_30_anc_6-2,0.000601,0.000000,0.000000,0.007971
Q_ind_31_anc_6-2,0.000286,0.000000,0.000000,0.003358
Q_ind_32_anc_6-2,0.000116,0.000000,0.000000,0.001128
Q_ind_33_anc_6-2,0.000636,0.000000,0.000000,0.006932
Q_ind_34_anc_6-2,0.000307,0.000000,0.000000,0.003570
Q_ind_35_anc_6-2,0.000083,0.000000,0.000000,0.000870
Q_ind_36_anc_6-2,0.000141,0.000000,0.000000,0.001555
Q_ind_37_anc_6-2,0.000368,0.000000,0.000000,0.003975
Q_ind_38_anc_6-2,0.000152,0.000000,0.000000,0.001829
Q_ind_39_anc_6-2,0.000663,0.000000,0.000000,0.008425
Q_ind_40_anc_6-2,0.001333,0.000000,0.000000,0.019114
Q_ind_41_anc_6-2,0.000584,0.000000,0.000000,0.006403
Q_ind_42_anc_6-2,0.000233,0.000000,0.000000,0.002095
Q_ind_43_anc_6-2,0.000220,0.000000,0.000000,0.002251
Q_ind_44_anc_6-2,0.000222,0.000000,0.000000,0.002290
Q_ind_45_anc_6-2,0.000239,0.000000,0.000000,0.002249
Q_ind_46_anc_6-2,0.000124,0.000000,0.000000,0.001180
Q_ind_47_anc_6-2,0.000167,0.000000,0.000000,0.001523
Q_ind_48_anc_6-2,0.000222,0.000000,0.000000,0.002817
Q_ind_49_anc_6-2,0.000090,0.000000,0.000000,0.000892
Q_ind_50_anc_6-2,0.000305,0.000000,0.000000,0.003601
Q_ind_51_anc_6-2,0.000231,0.000000,0.000000,0.002758
Q_ind_52_anc_6-2,0.000122,0.000000,0.000000,0.000820
Q_ind_53_anc_6-2,0.000094,0.000000,0.000000,0.001030
Q_ind_54_anc_6-2,0.000471,0.000000,0.000000,0.004415
Q_ind_55_anc_6-2,0.000210,0.000000,0.000000,0.002346
Q_ind_56_anc_6-2,0.000349,0.000000,0.000000,0.003348
Q_ind_57_anc_6-2,0.000575,0.000000,0.000000,0.006874
Q_ind_58_anc_6-2,0.000112,0.000000,0.000000,0.001062
Q_ind_59_anc_6-2,0.000573,0.000000,0.000000,0.007608
Q_ind_60_anc_6-2,0.000681,0.000000,0.000000,0.009494
Q_ind_61_anc_6-2,0.000657,0.000000,0.000000,0.008540
Q_ind_62_anc_6-2,0.000552,0.000000,0.000000,0.007264
Q_ind_63_anc_6-2,0.000104,0.000000,0.000000,0.001130
Q_ind_64_anc_6-2,0.000067,0.000000,0.000000,0.000695
Q_ind_65_anc_6-2,0.000067,0.000000,0.000000,0.000717
Q_ind_66_anc_6-2,0.000066,0.000000,0.000000,0.000648
Q_ind_67_anc_6-2,0.000161,0.000000,0.000000,0.001344
Q_ind_68_anc_6-2,0.000205,0.000000,0.000000,0.002019
Q_ind_69_anc_6-2,0.012957,0.000000,0.000000,0.096241
Q_ind_70_anc_6-2,0.037681,0.027231,0.000000,0.124184
Q_ind_71_anc_6-2,0.000383,0.000000,0.000000,0.005332
Q_ind_72_anc_6-2,0.000161,0.000000,0.000000,0.001823
Q_ind_73_anc_6-2,0.001307,0.000000,0.000000,0.019032
Q_ind_74_anc_6-2,0.002540,0.000000,0.000000,0.035431
Q_ind_75_anc_6-2,0.007955,0.000000,0.000000,0.069963
Q_ind_76_anc_6-2,0.000449,0.000000,0.000000,0.006133
Q_ind_77_anc_6-2,0.000444,0.000000,0.000000,0.006124
Q_ind_78_anc_6-2,0.000169,0.000000,0.000000,0.001684
Q_ind_79_anc_6-2,0.000372,0.000000,0.000000,0.004436
Q_ind_80_anc_6-2,0.000396,0.000000,0.000000,0.004814
Q_ind_81_anc_6-2,0.000166,0.000000,0.000000,0.001404
Q_ind_82_anc_6-2,0.000221,0.000000,0.000000,0.002075
Q_ind_83_anc_6-2,0.000136,0.000000,0.000000,0.001440
Q_ind_84_anc_6-2,0.000177,0.000000,0.000000,0.001792
Q_ind_85_anc_6-2,0.000189,0.000000,0.000000,0.001978
Q_ind_86_anc_6-2,0.000524,0.000000,0.000000,0.007310
Q_ind_87_anc_6-2,0.000265,0.000000,0.000000,0.002947
Q_ind_88_anc_6-2,0.000429,0.000000,0.000000,0.004277
Q_ind_89_anc_6-2,0.000585,0.000000,0.000000,0.007383
Q_ind_90_anc_6-2,0.000301,0.000000,0.000000,0.004029
Q_ind_91_anc_6-2,0.000515,0.000000,0.000000,0.006599
Q_ind_92_anc_6-2,0.001109,0.000000,0.000000,0.014776
Q_ind_93_anc_6-2,0.000642,0.000000,0.000000,0.009329
Q_ind_94_anc_6-2,0.000158,0.000000,0.000000,0.001353
Q_ind_95_anc_6-2,0.001258,0.000000,0.000000,0.019096
Q_ind_96_anc_6-2,0.000680,0.000000,0.000000,0.009995
Q_ind_97_anc_6-2,0.002040,0.000000,0.000000,0.022907
Q_ind_98_anc_6-2,0.001641,0.000000,0.000000,0.020083
Q_ind_99_anc_6-2,0.000360,0.000000,0.000000,0.004641
Q_ind_100_anc_6-2,0.000154,0.000000,0.000000,0.001946
Q_ind_101_anc_6-2,0.000084,0.000000,0.000000,0.000651
Q_ind_102_anc_6-2,0.000104,0.000000,0.000000,0.000956
Q_ind_103_anc_6-2,0.000188,0.000000,0.000000,0.002171
Q_ind_104_anc_6-2,0.000083,0.000000,0.000000,0.000720
Q_ind_105_anc_6-2,0.003153,0.000000,0.000000,0.033462
Q_ind_106_anc_6-2,0.000521,0.000000,0.000000,0.006681
Q_ind_107_anc_6-2,0.004255,0.000000,0.000000,0.048523
Q_ind_108_anc_6-2,0.029935,0.000453,0.000000,0.119849
Q_ind_109_anc_6-2,0.004143,0.000000,0.000000,0.060881
Q_ind_110_anc_6-2,0.029406,0.000000,0.000000,0.196722
Q_ind_111_anc_6-2,0.103279,0.111516,0.000000,0.187648
Q_ind_112_anc_6-2,0.003914,0.000000,0.000000,0.067589
Q_ind_113_anc_6-2,0.001159,0.000000,0.000000,0.016182
Q_ind_114_anc_6-2,0.007831,0.000000,0.000000,0.079989
Q_ind_115_anc_6-2,0.000210,0.000000,0.000000,0.002806
Q_ind_116_anc_6-2,0.000074,0.000000,0.000000,0.000729
Q_ind_117_anc_6-2,0.000201,0.000000,0.000000,0.002391
Q_ind_118_anc_6-2,0.000249,0.000000,0.000000,0.003038
Q_ind_119_anc_6-2,0.000288,0.000000,0.000000,0.003897
Q_ind_120_anc_6-2,0.000288,0.000000,0.000000,0.003245
Q_ind_121_anc_6-2,0.000237,0.000000,0.000000,0.002729
Q_ind_122_anc_6-2,0.000213,0.000000,0.000000,0.002078
Q_ind_123_anc_6-2,0.000351,0.000000,0.000000,0.004794
Q_ind_124_anc_6-2,0.000638,0.000000,0.000000,0.009270
Q_ind_125_anc_6-2,0.000847,0.000000,0.000000,0.010447
Q_ind_126_anc_6-2,0.000182,0.000000,0.000000,0.002277
Q_ind_127_anc_6-2,0.000106,0.000000,0.000000,0.000847
Q_ind_128_anc_6-2,0.000127,0.000000,0.000000,0.001108
Q_ind_129_anc_6-2,0.000364,0.000000,0.000000,0.003752
Q_ind_130_anc_6-2,0.000156,0.000000,0.000000,0.001589
Q_ind_131_anc_6-2,0.000284,0.000000,0.000000,0.004357
Q_ind_132_anc_6-2,0.000279,0.000000,0.000000,0.003468
Q_ind_133_anc_6-2,0.000186,0.000000,0.000000,0.001861
Q_ind_134_anc_6-2,0.002407,0.000000,0.000000,0.031582
Q_ind_135_anc_6-2,0.000427,0.000000,0.000000,0.004367
Q_ind_136_anc_6-2,0.002139,0.000000,0.000000,0.028222
Q_ind_137_anc_6-2,0.000879,0.000000,0.000000,0.011761
Q_ind_138_anc_6-2,0.000786,0.000000,0.000000,0.010442
Q_ind_139_anc_6-2,0.003467,0.000000,0.000000,0.044892
Q_ind_140_anc_6-2,0.000558,0.000000,0.000000,0.006275
Q_ind_141_anc_6-2,0.001261,0.000000,0.000000,0.018840
Q_ind_142_anc_6-2,0.000245,0.000000,0.000000,0.002792
Q_ind_143_anc_6-2,0.000717,0.000000,0.000000,0.010456
Q_ind_144_anc_6-2,0.002367,0.000000,0.000000,0.034589
Q_ind_145_anc_6-2,0.000112,0.000000,0.000000,0.001169
Q_ind_146_anc_6-2,0.000204,0.000000,0.000000,0.002543
Q_ind_147_anc_6-2,0.000160,0.000000,0.000000,0.001624
Q_ind_148_anc_6-2,0.000174,0.000000,0.000000,0.001869
Q_ind_149_anc_6-2,0.000468,0.000000,0.000000,0.006331
Q_ind_150_anc_6-2,0.000415,0.000000,0.000000,0.006222
Q_ind_151_anc_6-2,0.000313,0.000000,0.000000,0.004201
Q_ind_152_anc_6-2,0.000111,0.000000,0.000000,0.001364
Q_ind_153_anc_6-2,0.000249,0.000000,0.000000,0.003057
Q_ind_154_anc_6-2,0.000314,0.000000,0.000000,0.004093
Q_ind_155_anc_6-2,0.000184,0.000000,0.000000,0.002141
Q_ind_156_anc_6-2,0.000170,0.000000,0.000000,0.001546
Q_ind_157_anc_6-2,0.000117,0.000000,0.000000,0.001340
Q_ind_158_anc_6-2,0.000134,0.000000,0.000000,0.001396
Q_ind_159_anc_6-2,0.000165,0.000000,0.000000,0.002064
Q_ind_160_anc_6-2,0.000642,0.000000,0.000000,0.009049
Q_ind_161_anc_6-2,0.000269,0.000000,0.000000,0.003054
Q_ind_162_anc_6-2,0.000136,0.000000,0.000000,0.001338
Q_ind_163_anc_6-2,0.000214,0.000000,0.000000,0.002462
Q_ind_164_anc_6-2,0.000329,0.000000,0.000000,0.004727
Q_ind_165_anc_6-2,0.006300,0.000000,0.000000,0.101949
Q_ind_166_anc_6-2,0.030940,0.000000,0.000000,0.137561
Q_ind_167_anc_6-2,0.075945,0.076883,0.000000,0.192048
Q_ind_168_anc_6-2,0.000628,0.000000,0.000000,0.009095
Q_ind_169_anc_6-2,0.000539,0.000000,0.000000,0.006096
Q_ind_170_anc_6-2,0.000225,0.000000,0.000000,0.003085
Q_ind_171_anc_6-2,0.000154,0.000000,0.000000,0.001781
Q_ind_172_anc_6-2,0.000307,0.000000,0.000000,0.004134
Q_ind_173_anc_6-2,0.001499,0.000000,0.000000,0.020503
Q_ind_174_anc_6-2,0.000096,0.000000,0.000000,0.000903
Q_ind_175_anc_6-2,0.010250,0.000000,0.000000,0.072739
Q_ind_176_anc_6-2,0.000580,0.000000,0.000000,0.008055
Q_ind_177_anc_6-2,0.000395,0.000000,0.000000,0.004489
Q_ind_178_anc_6-2,0.000102,0.000000,0.000000,0.001197
Q_ind_179_anc_6-2,0.000249,0.000000,0.000000,0.003183
Q_ind_180_anc_6-2,0.000222,0.000000,0.000000,0.002498
Q_ind_181_anc_6-2,0.000857,0.000000,0.000000,0.012834
Q_ind_182_anc_6-2,0.000159,0.000000,0.000000,0.001781
Q_ind_183_anc_6-2,0.000122,0.000000,0.000000,0.001260
Q_ind_184_anc_6-2,0.000585,0.000000,0.000000,0.007230
Q_ind_185_anc_6-2,0.001070,0.000000,0.000000,0.013075
Q_ind_186_anc_6-2,0.000286,0.000000,0.000000,0.002958
Q_ind_187_anc_6-2,0.000513,0.000000,0.000000,0.006006
Q_ind_188_anc_6-2,0.000971,0.000000,0.000000,0.013041
Q_ind_189_anc_6-2,0.001695,0.000000,0.000000,0.022824
Q_ind_190_anc_6-2,0.009080,0.000000,0.000000,0.093583
Q_ind_191_anc_6-2,0.001009,0.000000,0.000000,0.013019
Q_ind_192_anc_6-2,0.003093,0.000000,0.000000,0.037565
Q_ind_193_anc_6-2,0.000233,0.000000,0.000000,0.002189
Q_ind_194_anc_6-2,0.000076,0.000000,0.000000,0.000831
Q_ind_195_anc_6-2,0.000585,0.000000,0.000000,0.006974
Q_ind_196_anc_6-2,0.000067,0.000000,0.000000,0.000757
Q_ind_197_anc_6-2,0.000069,0.000000,0.000000,0.000735
Q_ind_198_anc_6-2,0.000081,0.000000,0.000000,0.000820
Q_ind_199_anc_6-2,0.000514,0.000000,0.000000,0.006754
Q_ind_200_anc_6-2,0.000110,0.000000,0.000000,0.001165
Q_ind_201_anc_6-2,0.539746,0.537850,0.466776,0.618020
Q_ind_202_anc_6-2,0.000256,0.000000,0.000000,0.002276
Q_ind_203_anc_6-2,0.000325,0.000000,0.000000,0.003789
Q_ind_204_anc_6-2,0.000320,0.000000,0.000000,0.003114
Q_ind_205_anc_6-2,0.000724,0.000000,0.000000,0.010627
Q_ind_206_anc_6-2,0.000290,0.000000,0.000000,0.002502
Q_ind_207_anc_6-2,0.000309,0.000000,0.000000,0.003648
Q_ind_208_anc_6-2,0.001296,0.000000,0.000000,0.018033
Q_ind_209_anc_6-2,0.000667,0.000000,0.000000,0.009446
Q_ind_210_anc_6-2,0.002527,0.000000,0.000000,0.041385
Q_ind_211_anc_6-2,0.000762,0.000000,0.000000,0.009896
Q_ind_212_anc_6-2,0.020071,0.000000,0.000000,0.095130
Q_ind_213_anc_6-2,0.000440,0.000000,0.000000,0.004081
Q_ind_214_anc_6-2,0.000297,0.000000,0.000000,0.003402
Q_ind_215_anc_6-2,0.000558,0.000000,0.000000,0.005633
Q_ind_216_anc_6-2,0.000756,0.000000,0.000000,0.010930
Q_ind_217_anc_6-2,0.000229,0.000000,0.000000,0.002487
Q_ind_218_anc_6-2,0.000177,0.000000,0.000000,0.001680
Q_ind_219_anc_6-2,0.000630,0.000000,0.000000,0.008506
Q_ind_220_anc_6-2,0.000206,0.000000,0.000000,0.002675
Q_ind_221_anc_6-2,0.000358,0.000000,0.000000,0.004673
Q_ind_222_anc_6-2,0.002474,0.000000,0.000000,0.034470
Q_ind_223_anc_6-2,0.004742,0.000000,0.000000,0.053440
Q_ind_224_anc_6-2,0.005134,0.000000,0.000000,0.069246
Q_ind_225_anc_6-2,0.004233,0.000000,0.000000,0.047212
Q_ind_226_anc_6-2,0.007824,0.000000,0.000000,0.078940
Q_ind_227_anc_6-2,0.003819,0.000000,0.000000,0.056877
Q_ind_228_anc_6-2,0.000796,0.000000,0.000000,0.010915
Q_ind_229_anc_6-2,0.000402,0.000000,0.000000,0.004670
Q_ind_230_anc_6-2,0.003667,0.000000,0.000000,0.050571
Q_ind_231_anc_6-2,0.000550,0.000000,0.000000,0.004941
Q_ind_232_anc_6-2,0.001863,0.000000,0.000000,0.030455
Q_ind_233_anc_6-2,0.011647,0.000000,0.000000,0.095406
Q_ind_234_anc_6-2,0.000352,0.000000,0.000000,0.004314
Q_ind_235_anc_6-2,0.000120,0.000000,0.000000,0.001287
Q_ind_236_anc_6-2,0.000254,0.000000,0.000000,0.003311
Q_ind_237_anc_6-2,0.000200,0.000000,0.000000,0.002239
Q_ind_238_anc_6-2,0.002196,0.000000,0.000000,0.036855
Q_ind_239_anc_6-2,0.000338,0.000000,0.000000,0.003775
Q_ind_240_anc_6-2,0.000256,0.000000,0.000000,0.002772
Q_ind_241_anc_6-2,0.000284,0.000000,0.000000,0.002679
Q_ind_242_anc_6-2,0.001221,0.000000,0.000000,0.018042
Q_ind_243_anc_6-2,0.060958,0.061094,0.000000,0.127369
Q_ind_244_anc_6-2,0.000293,0.000000,0.000000,0.002901
Q_ind_245_anc_6-2,0.048336,0.043665,0.000000,0.140510
Q_ind_1_anc_6-3,0.000351,0.000000,0.000000,0.004275
Q_ind_2_anc_6-3,0.000246,0.000000,0.000000,0.002745
Q_ind_3_anc_6-3,0.000377,0.000000,0.000000,0.004828
Q_ind_4_anc_6-3,0.000489,0.000000,0.000000,0.005976
Q_ind_5_anc_6-3,0.000238,0.000000,0.000000,0.002240
Q_ind_6_anc_6-3,0.000383,0.000000,0.000000,0.005324
Q_ind_7_anc_6-3,0.000558,0.000000,0.000000,0.007154
Q_ind_8_anc_6-3,0.000292,0.000000,0.000000,0.002974
Q_ind_9_anc_6-3,0.000202,0.000000,0.000000,0.002241
Q_ind_10_anc_6-3,0.000176,0.000000,0.000000,0.001424
Q_ind_11_anc_6-3,0.000296,0.000000,0.000000,0.004318
Q_ind_12_anc_6-3,0.000273,0.000000,0.000000,0.003321
Q_ind_13_anc_6-3,0.002165,0.000000,0.000000,0.029757
Q_ind_14_anc_6-3,0.000331,0.000000,0.000000,0.002972
Q_ind_15_anc_6-3,0.002854,0.000000,0.000000,0.042594
Q_ind_16_anc_6-3,0.003071,0.000000,0.000000,0.041475
Q_ind_17_anc_6-3,0.012407,0.000000,0.000000,0.092325
Q_ind_18_anc_6-3,0.001710,0.000000,0.000000,0.021164
Q_ind_19_anc_6-3,0.016527,0.000000,0.000000,0.113613
Q_ind_20_anc_6-3,0.014402,0.000000,0.000000,0.107000
Q_ind_21_anc_6-3,0.000739,0.000000,0.000000,0.010127
Q_ind_22_anc_6-3,0.000539,0.000000,0.000000,0.006004
Q_ind_23_anc_6-3,0.000115,0.000000,0.000000,0.001080
Q_ind_24_anc_6-3,0.002192,0.000000,0.000000,0.035405
Q_ind_25_anc_6-3,0.001035,0.000000,0.000000,0.013524
Q_ind_26_anc_6-3,0.000568,0.000000,0.000000,0.006583
Q_ind_27_anc_6-3,0.006256,0.000000,0.000000,0.074682
Q_ind_28_anc_6-3,0.000745,0.000000,0.000000,0.007286
Q_ind_29_anc_6-3,0.000460,0.000000,0.000000,0.005511
Q_ind_30_anc_6-3,0.000502,0.000000,0.000000,0.006234
Q_ind_31_anc_6-3,0.000099,0.000000,0.000000,0.000897
Q_ind_32_anc_6-3,0.000364,0.000000,0.000000,0.004364
Q_ind_33_anc_6-3,0.000579,0.000000,0.000000,0.006434
Q_ind_34_anc_6-3,0.000138,0.000000,0.000000,0.001372
Q_ind_35_anc_6-3,0.000083,0.000000,0.000000,0.000655
Q_ind_36_anc_6-3,0.000085,0.000000,0.000000,0.000762
Q_ind_37_anc_6-3,0.000288,0.000000,0.000000,0.003154
Q_ind_38_anc_6-3,0.000060,0.000000,0.000000,0.000745
Q_ind_39_anc_6-3,0.000182,0.000000,0.000000,0.001861
Q_ind_40_anc_6-3,0.006691,0.000000,0.000000,0.064474
Q_ind_41_anc_6-3,0.000322,0.000000,0.000000,0.003747
Q_ind_42_anc_6-3,0.000411,0.000000,0.000000,0.005375
Q_ind_43_anc_6-3,0.000226,0.000000,0.000000,0.002799
Q_ind_44_anc_6-3,0.000225,0.000000,0.000000,0.002095
Q_ind_45_anc_6-3,0.000445,0.000000,0.000000,0.004095
Q_ind_46_anc_6-3,0.000078,0.000000,0.000000,0.000608
Q_ind_47_anc_6-3,0.000128,0.000000,0.000000,0.001230
Q_ind_48_anc_6-3,0.000239,0.000000,0.000000,0.001973
Q_ind_49_anc_6-3,0.000215,0.000000,0.000000,0.002374
Q_ind_50_anc_6-3,0.000247,0.000000,0.000000,0.002419
Q_ind_51_anc_6-3,0.003973,0.000000,0.000000,0.052718
Q_ind_52_anc_6-3,0.000717,0.000000,0.000000,0.007532
Q_ind_53_anc_6-3,0.000471,0.000000,0.000000,0.005711
Q_ind_54_anc_6-3,0.001078,0.000000,0.000000,0.015037
Q_ind_55_anc_6-3,0.000589,0.000000,0.000000,0.004778
Q_ind_56_anc_6-3,0.001090,0.000000,0.000000,0.014463
Q_ind_57_anc_6-3,0.060903,0.012126,0.000000,0.184337
Q_ind_58_anc_6-3,0.000162,0.000000,0.000000,0.001893
Q_ind_59_anc_6-3,0.008401,0.000000,0.000000,0.077697
Q_ind_60_anc_6-3,0.000357,0.000000,0.000000,0.003157
Q_ind_61_anc_6-3,0.000693,0.000000,0.000000,0.007499
Q_ind_62_anc_6-3,0.000626,0.000000,0.000000,0.007640
Q_ind_63_anc_6-3,0.000054,0.000000,0.000000,0.000569
Q_ind_64_anc_6-3,0.000053,0.000000,0.000000,0.000495
Q_ind_65_anc_6-3,0.000064,0.000000,0.000000,0.000680
Q_ind_66_anc_6-3,0.000055,0.000000,0.000000,0.000462
Q_ind_67_anc_6-3,0.000078,0.000000,0.000000,0.000848
Q_ind_68_anc_6-3,0.281071,0.272853,0.172925,0.431928
Q_ind_69_anc_6-3,0.349193,0.330765,0.206015,0.627688
Q_ind_70_anc_6-3,0.369661,0.364272,0.255808,0.513181
Q_ind_71_anc_6-3,0.200627,0.218132,0.000000,0.347834
Q_ind_72_anc_6-3,0.233939,0.248338,0.000000,0.363988
Q_ind_73_anc_6-3,0.244588,0.242879,0.124926,0.368158
Q_ind_74_anc_6-3,0.355304,0.346039,0.211433,0.530456
Q_ind_75_anc_6-3,0.409521,0.406002,0.292432,0.549085
Q_ind_76_anc_6-3,0.005731,0.000000,0.000000,0.081611
Q_ind_77_anc_6-3,0.000941,0.000000,0.000000,0.012453
Q_ind_78_anc_6-3,0.000281,0.000000,0.000000,0.004241
Q_ind_79_anc_6-3,0.000834,0.000000,0.000000,0.007910
Q_ind_80_anc_6-3,0.000352,0.000000,0.000000,0.004665
Q_ind_81_anc_6-3,0.000597,0.000000,0.000000,0.008233
Q_ind_82_anc_6-3,0.000304,0.000000,0.000000,0.002319
Q_ind_83_anc_6-3,0.001151,0.000000,0.000000,0.017303
Q_ind_84_anc_6-3,0.000788,0.000000,0.000000,0.010211
Q_ind_85_anc_6-3,0.000345,0.000000,0.000000,0.004413
Q_ind_86_anc_6-3,0.000753,0.000000,0.000000,0.009728
Q_ind_87_anc_6-3,0.000118,0.000000,0.000000,0.001224
Q_ind_88_anc_6-3,0.000433,0.000000,0.000000,0.004795
Q_ind_89_anc_6-3,0.000787,0.000000,0.000000,0.010479
Q_ind_90_anc_6-3,0.000980,0.000000,0.000000,0.014264
Q_ind_91_anc_6-3,0.001147,0.000000,0.000000,0.016077
Q_ind_92_anc_6-3,0.000568,0.000000,0.000000,0.006251
Q_ind_93_anc_6-3,0.001778,0.000000,0.000000,0.024213
Q_ind_94_anc_6-3,0.000220,0.000000,0.000000,0.001439
Q_ind_95_anc_6-3,0.003175,0.000000,0.000000,0.041006
Q_ind_96_anc_6-3,0.000445,0.000000,0.000000,0.006052
Q_ind_97_anc_6-3,0.000586,0.000000,0.000000,0.007618
Q_ind_98_anc_6-3,0.000693,0.000000,0.000000,0.010244
Q_ind_99_anc_6-3,0.000539,0.000000,0.000000,0.006967
Q_ind_100_anc_6-3,0.000303,0.000000,0.000000,0.003390
Q_ind_101_anc_6-3,0.000114,0.000000,0.000000,0.001333
Q_ind_102_anc_6-3,0.000075,0.000000,0.000000,0.000820
Q_ind_103_anc_6-3,0.000415,0.000000,0.000000,0.006072
Q_ind_104_anc_6-3,0.000163,0.000000,0.000000,0.001429
Q_ind_105_anc_6-3,0.002210,0.000000,0.000000,0.027925
Q_ind_106_anc_6-3,0.006051,0.000000,0.000000,0.050794
Q_ind_107_anc_6-3,0.383079,0.386848,0.063874,0.572411
Q_ind_108_anc_6-3,0.001197,0.000000,0.000000,0.015073
Q_ind_109_anc_6-3,0.128946,0.008170,0.000000,0.414320
Q_ind_110_anc_6-3,0.011635,0.000000,0.000000,0.162100
Q_ind_111_anc_6-3,0.000713,0.000000,0.000000,0.010226
Q_ind_112_anc_6-3,0.122446,0.123779,0.000000,0.301959
Q_ind_113_anc_6-3,0.000844,0.000000,0.000000,0.010742
Q_ind_114_anc_6-3,0.008499,0.000000,0.000000,0.121128
Q_ind_115_anc_6-3,0.000969,0.000000,0.000000,0.011488
Q_ind_116_anc_6-3,0.000227,0.000000,0.000000,0.002286
Q_ind_117_anc_6-3,0.000251,0.000000,0.000000,0.003292
Q_ind_118_anc_6-3,0.002455,0.000000,0.000000,0.030207
Q_ind_119_anc_6-3,0.000663,0.000000,0.000000,0.008961
Q_ind_120_anc_6-3,0.000101,0.000000,0.000000,0.000820
Q_ind_121_anc_6-3,0.000809,0.000000,0.000000,0.011197
Q_ind_122_anc_6-3,0.000213,0.000000,0.000000,0.002612
Q_ind_123_anc_6-3,0.000162,0.000000,0.000000,0.001352
Q_ind_124_anc_6-3,0.000920,0.000000,0.000000,0.013488
Q_ind_125_anc_6-3,0.000244,0.000000,0.000000,0.002612
Q_ind_126_anc_6-3,0.000279,0.000000,0.000000,0.003703
Q_ind_127_anc_6-3,0.000176,0.000000,0.000000,0.001995
Q_ind_128_anc_6-3,0.000465,0.000000,0.000000,0.005007
Q_ind_129_anc_6-3,0.000197,0.000000,0.000000,0.002207
Q_ind_130_anc_6-3,0.000429,0.000000,0.000000,0.004076
Q_ind_131_anc_6-3,0.000382,0.000000,0.000000,0.005189
Q_ind_132_anc_6-3,0.000394,0.000000,0.000000,0.005032
Q_ind_133_anc_6-3,0.014198,0.000000,0.000000,0.109267
Q_ind_134_anc_6-3,0.006967,0.000000,0.000000,0.063433
Q_ind_135_anc_6-3,0.005991,0.000000,0.000000,0.075427
Q_ind_136_anc_6-3,0.001275,0.000000,0.000000,0.013729
Q_ind_137_anc_6-3,0.032437,0.000000,0.000000,0.157519
Q_ind_138_anc_6-3,0.012299,0.000000,0.000000,0.092902
Q_ind_139_anc_6-3,0.032496,0.000001,0.000000,0.182705
Q_ind_140_anc_6-3,0.000820,0.000000,0.000000,0.010219
Q_ind_141_anc_6-3,0.007022,0.000000,0.000000,0.096286
Q_ind_142_anc_6-3,0.220815,0.216705,0.152054,0.320396
Q_ind_143_anc_6-3,0.003608,0.000000,0.000000,0.053403
Q_ind_144_anc_6-3,0.018656,0.000000,0.000000,0.141832
Q_ind_145_anc_6-3,0.000065,0.000000,0.000000,0.000624
Q_ind_146_anc_6-3,0.000203,0.000000,0.000000,0.002809
Q_ind_147_anc_6-3,0.000077,0.000000,0.000000,0.000710
Q_ind_148_anc_6-3,0.001995,0.000000,0.000000,0.023196
Q_ind_149_anc_6-3,0.000387,0.000000,0.000000,0.004455
Q_ind_150_anc_6-3,0.000139,0.000000,0.000000,0.001336
Q_ind_151_anc_6-3,0.000291,0.000000,0.000000,0.003732
Q_ind_152_anc_6-3,0.000112,0.000000,0.000000,0.001288
Q_ind_153_anc_6-3,0.000122,0.000000,0.000000,0.001478
Q_ind_154_anc_6-3,0.000257,0.000000,0.000000,0.003458
Q_ind_155_anc_6-3,0.000207,0.000000,0.000000,0.002641
Q_ind_156_anc_6-3,0.000238,0.000000,0.000000,0.002405
Q_ind_157_anc_6-3,0.000113,0.000000,0.000000,0.001109
Q_ind_158_anc_6-3,0.000183,0.000000,0.000000,0.001820
Q_ind_159_anc_6-3,0.000132,0.000000,0.000000,0.001222
Q_ind_160_anc_6-3,0.000187,0.000000,0.000000,0.002058
Q_ind_161_anc_6-3,0.000097,0.000000,0.000000,0.000882
Q_ind_162_anc_6-3,0.000206,0.000000,0.000000,0.002334
Q_ind_163_anc_6-3,0.000146,0.000000,0.000000,0.001590
Q_ind_164_anc_6-3,0.000206,0.000000,0.000000,0.002541
Q_ind_165_anc_6-3,0.078756,0.079315,0.000000,0.213094
Q_ind_166_anc_6-3,0.008500,0.000000,0.000000,0.112791
Q_ind_167_anc_6-3,0.001662,0.000000,0.000000,0.020755
Q_ind_168_anc_6-3,0.353519,0.350022,0.257860,0.471393
Q_ind_169_anc_6-3,0.021981,0.000000,0.000000,0.154014
Q_ind_170_anc_6-3,0.000394,0.000000,0.000000,0.004534
Q_ind_171_anc_6-3,0.000243,0.000000,0.000000,0.002913
Q_ind_172_anc_6-3,0.000968,0.000000,0.000000,0.012330
Q_ind_173_anc_6-3,0.001021,0.000000,0.000000,0.012022
Q_ind_174_anc_6-3,0.000761,0.000000,0.000000,0.010948
Q_ind_175_anc_6-3,0.074517,0.080681,0.000000,0.188704
Q_ind_176_anc_6-3,0.004813,0.000000,0.000000,0.068135
Q_ind_177_anc_6-3,0.000349,0.000000,0.000000,0.004016
Q_ind_178_anc_6-3,0.000222,0.000000,0.000000,0.002159
Q_ind_179_anc_6-3,0.000236,0.000000,0.000000,0.002557
Q_ind_180_anc_6-3,0.000212,0.000000,0.000000,0.002040
Q_ind_181_anc_6-3,0.002279,0.000000,0.000000,0.034569
Q_ind_182_anc_6-3,0.000356,0.000000,0.000000,0.003615
Q_ind_183_anc_6-3,0.000225,0.000000,0.000000,0.002513
Q_ind_184_anc_6-3,0.001058,0.000000,0.000000,0.014904
Q_ind_185_anc_6-3,0.710913,0.733300,0.126644,0.956777
Q_ind_186_anc_6-3,0.126996,0.099682,0.000000,0.407788
Q_ind_187_anc_6-3,0.147541,0.117272,0.000000,0.499937
Q_ind_188_anc_6-3,0.543304,0.531436,0.359756,0.772517
Q_ind_189_anc_6-3,0.006879,0.000000,0.000000,0.096428
Q_ind_190_anc_6-3,0.601331,0.574020,0.457272,0.862879
Q_ind_191_anc_6-3,0.061048,0.000035,0.000000,0.287949
Q_ind_192_anc_6-3,0.000103,0.000000,0.000000,0.001000
Q_ind_193_anc_6-3,0.000182,0.000000,0.000000,0.001885
Q_ind_194_anc_6-3,0.000027,0.000000,0.000000,0.000300
Q_ind_195_anc_6-3,0.000139,0.000000,0.000000,0.001477
Q_ind_196_anc_6-3,0.000038,0.000000,0.000000,0.000424
Q_ind_197_anc_6-3,0.000041,0.000000,0.000000,0.000469
Q_ind_198_anc_6-3,0.000036,0.000000,0.000000,0.000395
Q_ind_199_anc_6-3,0.000083,0.000000,0.000000,0.000863
Q_ind_200_anc_6-3,0.000065,0.000000,0.000000,0.000703
Q_ind_201_anc_6-3,0.020470,0.000000,0.000000,0.154906
Q_ind_202_anc_6-3,0.000109,0.000000,0.000000,0.001077
Q_ind_203_anc_6-3,0.000189,0.000000,0.000000,0.001872
Q_ind_204_anc_6-3,0.000251,0.000000,0.000000,0.002347
Q_ind_205_anc_6-3,0.000348,0.000000,0.000000,0.003506
Q_ind_206_anc_6-3,0.000282,0.000000,0.000000,0.002859
Q_ind_207_anc_6-3,0.000490,0.000000,0.000000,0.006653
Q_ind_208_anc_6-3,0.000345,0.000000,0.000000,0.003028
Q_ind_209_anc_6-3,0.000376,0.000000,0.000000,0.003299
Q_ind_210_anc_6-3,0.001295,0.000000,0.000000,0.016888
Q_ind_211_anc_6-3,0.000332,0.000000,0.000000,0.004165
Q_ind_212_anc_6-3,0.000775,0.000000,0.000000,0.006000
Q_ind_213_anc_6-3,0.006479,0.000000,0.000000,0.072883
Q_ind_214_anc_6-3,0.003686,0.000000,0.000000,0.051180
Q_ind_215_anc_6-3,0.006940,0.000000,0.000000,0.068554
Q_ind_216_anc_6-3,0.017204,0.000000,0.000000,0.123042
Q_ind_217_anc_6-3,0.010358,0.000000,0.000000,0.114357
Q_ind_218_anc_6-3,0.023554,0.000000,0.000000,0.132445
Q_ind_219_anc_6-3,0.011469,0.000000,0.000000,0.101088
Q_ind_220_anc_6-3,0.001224,0.000000,0.000000,0.018435
Q_ind_221_anc_6-3,0.001983,0.000000,0.000000,0.025620
Q_ind_222_anc_6-3,0.003295,0.000000,0.000000,0.044434
Q_ind_223_anc_6-3,0.000275,0.000000,0.000000,0.001398
Q_ind_224_anc_6-3,0.000450,0.000000,0.000000,0.004402
Q_ind_225_anc_6-3,0.000489,0.000000,0.000000,0.006617
Q_ind_226_anc_6-3,0.000345,0.000000,0.000000,0.004084
Q_ind_227_anc_6-3,0.001276,0.000000,0.000000,0.017197
Q_ind_228_anc_6-3,0.000473,0.000000,0.000000,0.004842
Q_ind_229_anc_6-3,0.000472,0.000000,0.000000,0.004600
Q_ind_230_anc_6-3,0.000653,0.000000,0.000000,0.005178
Q_ind_231_anc_6-3,0.000274,0.000000,0.000000,0.003135
Q_ind_232_anc_6-3,0.000929,0.000000,0.000000,0.014177
Q_ind_233_anc_6-3,0.001965,0.000000,0.000000,0.030062
Q_ind_234_anc_6-3,0.000230,0.000000,0.000000,0.002241
Q_ind_235_anc_6-3,0.014327,0.000000,0.000000,0.097478
Q_ind_236_anc_6-3,0.010602,0.000000,0.000000,0.090382
Q_ind_237_anc_6-3,0.000416,0.000000,0.000000,0.005258
Q_ind_238_anc_6-3,0.014083,0.000000,0.000000,0.106525
Q_ind_239_anc_6-3,0.001264,0.000000,0.000000,0.017853
Q_ind_240_anc_6-3,0.003907,0.000000,0.000000,0.056652
Q_ind_241_anc_6-3,0.140781,0.135783,0.058947,0.248309
Q_ind_242_anc_6-3,0.006367,0.000000,0.000000,0.083834
Q_ind_243_anc_6-3,0.175709,0.172665,0.066974,0.295442
Q_ind_244_anc_6-3,0.002545,0.000000,0.000000,0.034960
Q_ind_245_anc_6-3,0.134580,0.142353,0.000000,0.283852
Q_ind_1_anc_6-4,0.000488,0.000000,0.000000,0.006267
Q_ind_2_anc_6-4,0.000195,0.000000,0.000000,0.001546
Q_ind_3_anc_6-4,0.000759,0.000000,0.000000,0.008756
Q_ind_4_anc_6-4,0.000618,0.000000,0.000000,0.007456
Q_ind_5_anc_6-4,0.000107,0.000000,0.000000,0.001107
Q_ind_6_anc_6-4,0.000228,0.000000,0.000000,0.002384
Q_ind_7_anc_6-4,0.001685,0.000000,0.000000,0.024582
Q_ind_8_anc_6-4,0.000685,0.000000,0.000000,0.006013
Q_ind_9_anc_6-4,0.000257,0.000000,0.000000,0.002401
Q_ind_10_anc_6-4,0.000338,0.000000,0.000000,0.004545
Q_ind_11_anc_6-4,0.000692,0.000000,0.000000,0.008481
Q_ind_12_anc_6-4,0.000324,0.000000,0.000000,0.003864
Q_ind_13_anc_6-4,0.000304,0.000000,0.000000,0.003636
Q_ind_14_anc_6-4,0.001801,0.000000,0.000000,0.029637
Q_ind_15_anc_6-4,0.000289,0.000000,0.000000,0.003552
Q_ind_16_anc_6-4,0.000574,0.000000,0.000000,0.006169
Q_ind_17_anc_6-4,0.001526,0.000000,0.000000,0.018243
Q_ind_18_anc_6-4,0.001768,0.000000,0.000000,0.023643
Q_ind_19_anc_6-4,0.000325,0.000000,0.000000,0.002807
Q_ind_20_anc_6-4,0.028358,0.000014,0.000000,0.110551
Q_ind_21_anc_6-4,0.000712,0.000000,0.000000,0.010181
Q_ind_22_anc_6-4,0.000211,0.000000,0.000000,0.001988
Q_ind_23_anc_6-4,0.000330,0.000000,0.000000,0.002849
Q_ind_24_anc_6-4,0.001004,0.000000,0.000000,0.013255
Q_ind_25_anc_6-4,0.000403,0.000000,0.000000,0.004333
Q_ind_26_anc_6-4,0.000244,0.000000,0.000000,0.002801
Q_ind_27_anc_6-4,0.001504,0.000000,0.000000,0.021210
Q_ind_28_anc_6-4,0.000245,0.000000,0.000000,0.003096
Q_ind_29_anc_6-4,0.001038,0.000000,0.000000,0.014830
Q_ind_30_anc_6-4,0.000394,0.000000,0.000000,0.004834
Q_ind_31_anc_6-4,0.000131,0.000000,0.000000,0.001190
Q_ind_32_anc_6-4,0.000370,0.000000,0.000000,0.004868
Q_ind_33_anc_6-4,0.000347,0.000000,0.000000,0.003250
Q_ind_34_anc_6-4,0.000268,0.000000,0.000000,0.003839
Q_ind_35_anc_6-4,0.000266,0.000000,0.000000,0.002855
Q_ind_36_anc_6-4,0.000127,0.000000,0.000000,0.001619
Q_ind_37_anc_6-4,0.000714,0.000000,0.000000,0.008889
Q_ind_38_anc_6-4,0.000062,0.000000,0.000000,0.000595
Q_ind_39_anc_6-4,0.001330,0.000000,0.000000,0.020521
Q_ind_40_anc_6-4,0.016991,0.000000,0.000000,0.093822
Q_ind_41_anc_6-4,0.001175,0.000000,0.000000,0.015371
Q_ind_42_anc_6-4,0.000233,0.000000,0.000000,0.002235
Q_ind_43_anc_6-4,0.000540,0.000000,0.000000,0.006206
Q_ind_44_anc_6-4,0.000209,0.000000,0.000000,0.001837
Q_ind_45_anc_6-4,0.000818,0.000000,0.000000,0.011648
Q_ind_46_anc_6-4,0.000165,0.000000,0.000000,0.001709
Q_ind_47_anc_6-4,0.000238,0.000000,0.000000,0.002695
Q_ind_48_anc_6-4,0.000145,0.000000,0.000000,0.001713
Q_ind_49_anc_6-4,0.000222,0.000000,0.000000,0.001716
Q_ind_50_anc_6-4,0.000208,0.000000,0.000000,0.002634
Q_ind_51_anc_6-4,0.000199,0.000000,0.000000,0.002401
Q_ind_52_anc_6-4,0.000318,0.000000,0.000000,0.003826
Q_ind_53_anc_6-4,0.000673,0.000000,0.000000,0.008605
Q_ind_54_anc_6-4,0.000410,0.000000,0.000000,0.005010
Q_ind_55_anc_6-4,0.000338,0.000000,0.000000,0.003142
Q_ind_56_anc_6-4,0.000365,0.000000,0.000000,0.004091
Q_ind_57_anc_6-4,0.002650,0.000000,0.000000,0.040263
Q_ind_58_anc_6-4,0.000148,0.000000,0.000000,0.001540
Q_ind_59_anc_6-4,0.000378,0.000000,0.000000,0.004480
Q_ind_60_anc_6-4,0.000274,0.000000,0.000000,0.002930
Q_ind_61_anc_6-4,0.000266,0.000000,0.000000,0.002990
Q_ind_62_anc_6-4,0.000842,0.000000,0.000000,0.011575
Q_ind_63_anc_6-4,0.000071,0.000000,0.000000,0.000613
Q_ind_64_anc_6-4,0.000147,0.000000,0.000000,0.001519
Q_ind_65_anc_6-4,0.000090,0.000000,0.000000,0.000859
Q_ind_66_anc_6-4,0.000071,0.000000,0.000000,0.000762
Q_ind_67_anc_6-4,0.000222,0.000000,0.000000,0.002259
Q_ind_68_anc_6-4,0.000573,0.000000,0.000000,0.006990
Q_ind_69_anc_6-4,0.090443,0.097032,0.000000,0.186880
Q_ind_70_anc_6-4,0.062236,0.067616,0.000000,0.150960
Q_ind_71_anc_6-4,0.000374,0.000000,0.000000,0.003824
Q_ind_72_anc_6-4,0.000552,0.000000,0.000000,0.006630
Q_ind_73_anc_6-4,0.001714,0.000000,0.000000,0.025494
Q_ind_74_anc_6-4,0.004048,0.000000,0.000000,0.045690
Q_ind_75_anc_6-4,0.157126,0.157402,0.076284,0.238464
Q_ind_76_anc_6-4,0.001718,0.000000,0.000000,0.021598
Q_ind_77_anc_6-4,0.000492,0.000000,0.000000,0.005274
Q_ind_78_anc_6-4,0.000362,0.000000,0.000000,0.003209
Q_ind_79_anc_6-4,0.000160,0.000000,0.000000,0.001661
Q_ind_80_anc_6-4,0.000319,0.000000,0.000000,0.003621
Q_ind_81_anc_6-4,0.000354,0.000000,0.000000,0.004908
Q_ind_82_anc_6-4,0.000317,0.000000,0.000000,0.003678
Q_ind_83_anc_6-4,0.000688,0.000000,0.000000,0.009026
Q_ind_84_anc_6-4,0.000685,0.000000,0.000000,0.007408
Q_ind_85_anc_6-4,0.000362,0.000000,0.000000,0.001745
Q_ind_86_anc_6-4,0.000366,0.000000,0.000000,0.003701
Q_ind_87_anc_6-4,0.000160,0.000000,0.000000,0.001635
Q_ind_88_anc_6-4,0.000850,0.000000,0.000000,0.009407
Q_ind_89_anc_6-4,0.000370,0.000000,0.000000,0.004430
Q_ind_90_anc_6-4,0.000617,0.000000,0.000000,0.008759
Q_ind_91_anc_6-4,0.002290,0.000000,0.000000,0.029142
Q_ind_92_anc_6-4,0.001923,0.000000,0.000000,0.026017
Q_ind_93_anc_6-4,0.000667,0.000000,0.000000,0.009861
Q_ind_94_anc_6-4,0.001026,0.000000,0.000000,0.011789
Q_ind_95_anc_6-4,0.000657,0.000000,0.000000,0.007690
Q_ind_96_anc_6-4,0.000248,0.000000,0.000000,0.003039
Q_ind_97_anc_6-4,0.000211,0.000000,0.000000,0.001917
Q_ind_98_anc_6-4,0.004436,0.000000,0.000000,0.050696
Q_ind_99_anc_6-4,0.000460,0.000000,0.000000,0.004605
Q_ind_100_anc_6-4,0.000176,0.000000,0.000000,0.001942
Q_ind_101_anc_6-4,0.000065,0.000000,0.000000,0.000674
Q_ind_102_anc_6-4,0.000059,0.000000,0.000000,0.000581
Q_ind_103_anc_6-4,0.000321,0.000000,0.000000,0.003620
Q_ind_104_anc_6-4,0.000110,0.000000,0.000000,0.001091
Q_ind_105_anc_6-4,0.000268,0.000000,0.000000,0.002838
Q_ind_106_anc_6-4,0.001463,0.000000,0.000000,0.022292
Q_ind_107_anc_6-4,0.000263,0.000000,0.000000,0.003819
Q_ind_108_anc_6-4,0.110937,0.038486,0.000000,0.332199
Q_ind_109_anc_6-4,0.001123,0.000000,0.000000,0.010723
Q_ind_110_anc_6-4,0.208877,0.220496,0.000000,0.306702
Q_ind_111_anc_6-4,0.044671,0.000000,0.000000,0.263886
Q_ind_112_anc_6-4,0.087964,0.000400,0.000000,0.257390
Q_ind_113_anc_6-4,0.001418,0.000000,0.000000,0.013778
Q_ind_114_anc_6-4,0.001027,0.000000,0.000000,0.009912
Q_ind_115_anc_6-4,0.000242,0.000000,0.000000,0.002835
Q_ind_116_anc_6-4,0.000173,0.000000,0.000000,0.001936
Q_ind_117_anc_6-4,0.000439,0.000000,0.000000,0.006183
Q_ind_118_anc_6-4,0.000687,0.000000,0.000000,0.009081
Q_ind_119_anc_6-4,0.000525,0.000000,0.000000,0.007011
Q_ind_120_anc_6-4,0.000139,0.000000,0.000000,0.001583
Q_ind_121_anc_6-4,0.000396,0.000000,0.000000,0.005656
Q_ind_122_anc_6-4,0.000165,0.000000,0.000000,0.001734
Q_ind_123_anc_6-4,0.000479,0.000000,0.000000,0.006676
Q_ind_124_anc_6-4,0.000685,0.000000,0.000000,0.009343
Q_ind_125_anc_6-4,0.000314,0.000000,0.000000,0.003758
Q_ind_126_anc_6-4,0.000616,0.000000,0.000000,0.006618
Q_ind_127_anc_6-4,0.001137,0.000000,0.000000,0.015836
Q_ind_128_anc_6-4,0.000507,0.000000,0.000000,0.006136
Q_ind_129_anc_6-4,0.000315,0.000000,0.000000,0.003476
Q_ind_130_anc_6-4,0.000353,0.000000,0.000000,0.005157
Q_ind_131_anc_6-4,0.000199,0.000000,0.000000,0.001351
Q_ind_132_anc_6-4,0.001942,0.000000,0.000000,0.029419
Q_ind_133_anc_6-4,0.000704,0.000000,0.000000,0.008869
Q_ind_134_anc_6-4,0.001236,0.000000,0.000000,0.017358
Q_ind_135_anc_6-4,0.002103,0.000000,0.000000,0.030565
Q_ind_136_anc_6-4,0.000407,0.000000,0.000000,0.004320
Q_ind_137_anc_6-4,0.032876,0.024936,0.000000,0.104329
Q_ind_138_anc_6-4,0.028502,0.000000,0.000000,0.143596
Q_ind_139_anc_6-4,0.013388,0.000000,0.000000,0.076883
Q_ind_140_anc_6-4,0.001742,0.000000,0.000000,0.023726
Q_ind_141_anc_6-4,0.000434,0.000000,0.000000,0.005482
Q_ind_142_anc_6-4,0.000376,0.000000,0.000000,0.003916
Q_ind_143_anc_6-4,0.015131,0.000000,0.000000,0.106451
Q_ind_144_anc_6-4,0.000497,0.000000,0.000000,0.006088
Q_ind_145_anc_6-4,0.000044,0.000000,0.000000,0.000461
Q_ind_146_anc_6-4,0.000161,0.000000,0.000000,0.001878
Q_ind_147_anc_6-4,0.000140,0.000000,0.000000,0.001489
Q_ind_148_anc_6-4,0.000467,0.000000,0.000000,0.004300
Q_ind_149_anc_6-4,0.001712,0.000000,0.000000,0.025598
Q_ind_150_anc_6-4,0.000309,0.000000,0.000000,0.004106
Q_ind_151_anc_6-4,0.000193,0.000000,0.000000,0.002190
Q_ind_152_anc_6-4,0.000118,0.000000,0.000000,0.001309
Q_ind_153_anc_6-4,0.000097,0.000000,0.000000,0.001019
Q_ind_154_anc_6-4,0.000290,0.000000,0.000000,0.003545
Q_ind_155_anc_6-4,0.000313,0.000000,0.000000,0.002775
Q_ind_156_anc_6-4,0.000137,0.000000,0.000000,0.001576
Q_ind_157_anc_6-4,0.000187,0.000000,0.000000,0.002127
Q_ind_158_anc_6-4,0.000224,0.000000,0.000000,0.002531
Q_ind_159_anc_6-4,0.000128,0.000000,0.000000,0.001365
Q_ind_160_anc_6-4,0.000634,0.000000,0.000000,0.007834
Q_ind_161_anc_6-4,0.000566,0.000000,0.000000,0.008062
Q_ind_162_anc_6-4,0.000188,0.000000,0.000000,0.001941
Q_ind_163_anc_6-4,0.000208,0.000000,0.000000,0.002042
Q_ind_164_anc_6-4,0.000127,0.000000,0.000000,0.001044
Q_ind_165_anc_6-4,0.014989,0.000000,0.000000,0.162181
Q_ind_166_anc_6-4,0.000582,0.000000,0.000000,0.007508
Q_ind_167_anc_6-4,0.001790,0.000000,0.000000,0.021883
Q_ind_168_anc_6-4,0.002405,0.000000,0.000000,0.033516
Q_ind_169_anc_6-4,0.018360,0.000000,0.000000,0.108752
Q_ind_170_anc_6-4,0.000899,0.000000,0.000000,0.012673
Q_ind_171_anc_6-4,0.000656,0.000000,0.000000,0.008462
Q_ind_172_anc_6-4,0.000211,0.000000,0.000000,0.002579
Q_ind_173_anc_6-4,0.000369,0.000000,0.000000,0.004732
Q_ind_174_anc_6-4,0.000104,0.000000,0.000000,0.000944
Q_ind_175_anc_6-4,0.001291,0.000000,0.000000,0.021401
Q_ind_176_anc_6-4,0.033080,0.000000,0.000000,0.147613
Q_ind_177_anc_6-4,0.000127,0.000000,0.000000,0.001093
Q_ind_178_anc_6-4,0.000444,0.000000,0.000000,0.005913
Q_ind_179_anc_6-4,0.000117,0.000000,0.000000,0.000836
Q_ind_180_anc_6-4,0.000256,0.000000,0.000000,0.002527
Q_ind_181_anc_6-4,0.004380,0.000000,0.000000,0.070088
Q_ind_182_anc_6-4,0.000294,0.000000,0.000000,0.002787
Q_ind_183_anc_6-4,0.000249,0.000000,0.000000,0.002621
Q_ind_184_anc_6-4,0.006705,0.000000,0.000000,0.059935
Q_ind_185_anc_6-4,0.000211,0.000000,0.000000,0.002451
Q_ind_186_anc_6-4,0.000339,0.000000,0.000000,0.004030
Q_ind_187_anc_6-4,0.000451,0.000000,0.000000,0.004229
Q_ind_188_anc_6-4,0.000292,0.000000,0.000000,0.003259
Q_ind_189_anc_6-4,0.000785,0.000000,0.000000,0.010603
Q_ind_190_anc_6-4,0.002157,0.000000,0.000000,0.030512
Q_ind_191_anc_6-4,0.000478,0.000000,0.000000,0.006156
Q_ind_192_anc_6-4,0.000165,0.000000,0.000000,0.001524
Q_ind_193_anc_6-4,0.000625,0.000000,0.000000,0.006999
Q_ind_194_anc_6-4,0.000048,0.000000,0.000000,0.000488
Q_ind_195_anc_6-4,0.000230,0.000000,0.000000,0.002190
Q_ind_196_anc_6-4,0.000047,0.000000,0.000000,0.000471
Q_ind_197_anc_6-4,0.000055,0.000000,0.000000,0.000613
Q_ind_198_anc_6-4,0.000053,0.000000,0.000000,0.000530
Q_ind_199_anc_6-4,0.000215,0.000000,0.000000,0.002324
Q_ind_200_anc_6-4,0.000062,0.000000,0.000000,0.000628
Q_ind_201_anc_6-4,0.091496,0.097860,0.000000,0.187663
Q_ind_202_anc_6-4,0.000142,0.000000,0.000000,0.001491
Q_ind_203_anc_6-4,0.000332,0.000000,0.000000,0.003330
Q_ind_204_anc_6-4,0.000393,0.000000,0.000000,0.004516
Q_ind_205_anc_6-4,0.000334,0.000000,0.000000,0.004045
Q_ind_206_anc_6-4,0.000314,0.000000,0.000000,0.003422
Q_ind_207_anc_6-4,0.000534,0.000000,0.000000,0.007670
Q_ind_208_anc_6-4,0.188776,0.205123,0.000000,0.352059
Q_ind_209_anc_6-4,0.000197,0.000000,0.000000,0.001790
Q_ind_210_anc_6-4,0.076436,0.000001,0.000000,0.294435
Q_ind_211_anc_6-4,0.001199,0.000000,0.000000,0.017978
Q_ind_212_anc_6-4,0.034597,0.000000,0.000000,0.249703
Q_ind_213_anc_6-4,0.001596,0.000000,0.000000,0.023027
Q_ind_214_anc_6-4,0.001550,0.000000,0.000000,0.023016
Q_ind_215_anc_6-4,0.010756,0.000000,0.000000,0.088983
Q_ind_216_anc_6-4,0.051866,0.056908,0.000000,0.130277
Q_ind_217_anc_6-4,0.000291,0.000000,0.000000,0.003397
Q_ind_218_anc_6-4,0.003385,0.000000,0.000000,0.048044
Q_ind_219_anc_6-4,0.010860,0.000000,0.000000,0.077886
Q_ind_220_anc_6-4,0.000564,0.000000,0.000000,0.006358
Q_ind_221_anc_6-4,0.003297,0.000000,0.000000,0.045081
Q_ind_222_anc_6-4,0.009906,0.000000,0.000000,0.082106
Q_ind_223_anc_6-4,0.494347,0.486794,0.394242,0.627108
Q_ind_224_anc_6-4,0.223786,0.222271,0.141852,0.307510
Q_ind_225_anc_6-4,0.358096,0.356682,0.153645,0.560230
Q_ind_226_anc_6-4,0.442610,0.437837,0.347497,0.567569
Q_ind_227_anc_6-4,0.269967,0.269213,0.157697,0.388511
Q_ind_228_anc_6-4,0.321685,0.303139,0.186823,0.505371
Q_ind_229_anc_6-4,0.348158,0.346079,0.127889,0.559103
Q_ind_230_anc_6-4,0.396613,0.402960,0.249136,0.538697
Q_ind_231_anc_6-4,0.459842,0.448445,0.349123,0.603896
Q_ind_232_anc_6-4,0.397414,0.393884,0.285515,0.530859
Q_ind_233_anc_6-4,0.333049,0.336800,0.151025,0.509498
Q_ind_234_anc_6-4,0.000168,0.000000,0.000000,0.001525
Q_ind_235_anc_6-4,0.000676,0.000000,0.000000,0.007697
Q_ind_236_anc_6-4,0.000308,0.000000,0.000000,0.002786
Q_ind_237_anc_6-4,0.000266,0.000000,0.000000,0.002953
Q_ind_238_anc_6-4,0.002887,0.000000,0.000000,0.038397
Q_ind_239_anc_6-4,0.000846,0.000000,0.000000,0.011713
Q_ind_240_anc_6-4,0.107350,0.107738,0.033659,0.174187
Q_ind_241_anc_6-4,0.000259,0.000000,0.000000,0.002883
Q_ind_242_anc_6-4,0.003380,0.000000,0.000000,0.039550
Q_ind_243_anc_6-4,0.007084,0.000000,0.000000,0.087815
Q_ind_244_anc_6-4,0.000525,0.000000,0.000000,0.005977
Q_ind_245_anc_6-4,0.018681,0.000000,0.000000,0.107308
Q_ind_1_anc_6-5,0.000217,0.000000,0.000000,0.002955
Q_ind_2_anc_6-5,0.000093,0.000000,0.000000,0.000971
Q_ind_3_anc_6-5,0.000356,0.000000,0.000000,0.004031
Q_ind_4_anc_6-5,0.000261,0.000000,0.000000,0.002554
Q_ind_5_anc_6-5,0.000202,0.000000,0.000000,0.002237
Q_ind_6_anc_6-5,0.000161,0.000000,0.000000,0.001421
Q_ind_7_anc_6-5,0.000883,0.000000,0.000000,0.013338
Q_ind_8_anc_6-5,0.000317,0.000000,0.000000,0.004020
Q_ind_9_anc_6-5,0.000220,0.000000,0.000000,0.001903
Q_ind_10_anc_6-5,0.000195,0.000000,0.000000,0.001841
Q_ind_11_anc_6-5,0.000255,0.000000,0.000000,0.002663
Q_ind_12_anc_6-5,0.000345,0.000000,0.000000,0.004440
Q_ind_13_anc_6-5,0.000368,0.000000,0.000000,0.003597
Q_ind_14_anc_6-5,0.003482,0.000000,0.000000,0.061124
Q_ind_15_anc_6-5,0.003417,0.000000,0.000000,0.045537
Q_ind_16_anc_6-5,0.000281,0.000000,0.000000,0.002977
Q_ind_17_anc_6-5,0.042739,0.007298,0.000000,0.142875
Q_ind_18_anc_6-5,0.001940,0.000000,0.000000,0.031924
Q_ind_19_anc_6-5,0.000848,0.000000,0.000000,0.010698
Q_ind_20_anc_6-5,0.002853,0.000000,0.000000,0.044893
Q_ind_21_anc_6-5,0.000185,0.000000,0.000000,0.002004
Q_ind_22_anc_6-5,0.000661,0.000000,0.000000,0.008876
Q_ind_23_anc_6-5,0.000146,0.000000,0.000000,0.001484
Q_ind_24_anc_6-5,0.000590,0.000000,0.000000,0.006689
Q_ind_25_anc_6-5,0.000321,0.000000,0.000000,0.003053
Q_ind_26_anc_6-5,0.000132,0.000000,0.000000,0.001126
Q_ind_27_anc_6-5,0.000534,0.000000,0.000000,0.005659
Q_ind_28_anc_6-5,0.000178,0.000000,0.000000,0.002601
Q_ind_29_anc_6-5,0.000231,0.000000,0.000000,0.002913
Q_ind_30_anc_6-5,0.000502,0.000000,0.000000,0.005651
Q_ind_31_anc_6-5,0.000919,0.000000,0.000000,0.014070
Q_ind_32_anc_6-5,0.000218,0.000000,0.000000,0.002323
Q_ind_33_anc_6-5,0.000686,0.000000,0.000000,0.009665
Q_ind_34_anc_6-5,0.000300,0.000000,0.000000,0.003098
Q_ind_35_anc_6-5,0.000312,0.000000,0.000000,0.004144
Q_ind_36_anc_6-5,0.000608,0.000000,0.000000,0.008126
Q_ind_37_anc_6-5,0.000429,0.000000,0.000000,0.003982
Q_ind_38_anc_6-5,0.000185,0.000000,0.000000,0.002015
Q_ind_39_anc_6-5,0.170068,0.168012,0.094031,0.259533
Q_ind_40_anc_6-5,0.005786,0.000000,0.000000,0.091818
Q_ind_41_anc_6-5,0.000561,0.000000,0.000000,0.007434
Q_ind_42_anc_6-5,0.000166,0.000000,0.000000,0.001828
Q_ind_43_anc_6-5,0.000422,0.000000,0.000000,0.004482
Q_ind_44_anc_6-5,0.000423,0.000000,0.000000,0.004789
Q_ind_45_anc_6-5,0.000151,0.000000,0.000000,0.001358
Q_ind_46_anc_6-5,0.000292,0.000000,0.000000,0.003029
Q_ind_47_anc_6-5,0.000611,0.000000,0.000000,0.009491
Q_ind_48_anc_6-5,0.000373,0.000000,0.000000,0.004301
Q_ind_49_anc_6-5,0.000201,0.000000,0.000000,0.002077
Q_ind_50_anc_6-5,0.000497,0.000000,0.000000,0.004880
Q_ind_51_anc_6-5,0.006750,0.000000,0.000000,0.064812
Q_ind_52_anc_6-5,0.001876,0.000000,0.000000,0.025977
Q_ind_53_anc_6-5,0.001142,0.000000,0.000000,0.013621
Q_ind_54_anc_6-5,0.001913,0.000000,0.000000,0.028337
Q_ind_55_anc_6-5,0.001009,0.000000,0.000000,0.009813
Q_ind_56_anc_6-5,0.001169,0.000000,0.000000,0.016149
Q_ind_57_anc_6-5,0.064002,0.066779,0.000000,0.172323
Q_ind_58_anc_6-5,0.000481,0.000000,0.000000,0.006037
Q_ind_59_anc_6-5,0.000672,0.000000,0.000000,0.009093
Q_ind_60_anc_6-5,0.000788,0.000000,0.000000,0.011057
Q_ind_61_anc_6-5,0.000886,0.000000,0.000000,0.012489
Q_ind_62_anc_6-5,0.001444,0.000000,0.000000,0.023597
Q_ind_63_anc_6-5,0.000077,0.000000,0.000000,0.000758
Q_ind_64_anc_6-5,0.000071,0.000000,0.000000,0.000757
Q_ind_65_anc_6-5,0.000073,0.000000,0.000000,0.000858
Q_ind_66_anc_6-5,0.000066,0.000000,0.000000,0.000607
Q_ind_67_anc_6-5,0.000084,0.000000,0.000000,0.000977
Q_ind_68_anc_6-5,0.000451,0.000000,0.000000,0.004937
Q_ind_69_anc_6-5,0.004409,0.000000,0.000000,0.074341
Q_ind_70_anc_6-5,0.056055,0.002177,0.000000,0.210361
Q_ind_71_anc_6-5,0.000385,0.000000,0.000000,0.004449
Q_ind_72_anc_6-5,0.001680,0.000000,0.000000,0.019901
Q_ind_73_anc_6-5,0.001098,0.000000,0.000000,0.015645
Q_ind_74_anc_6-5,0.057768,0.000386,0.000000,0.209816
Q_ind_75_anc_6-5,0.004805,0.000000,0.000000,0.068832
Q_ind_76_anc_6-5,0.000737,0.000000,0.000000,0.009785
Q_ind_77_anc_6-5,0.000211,0.000000,0.000000,0.002874
Q_ind_78_anc_6-5,0.000124,0.000000,0.000000,0.001248
Q_ind_79_anc_6-5,0.000462,0.000000,0.000000,0.004652
Q_ind_80_anc_6-5,0.000223,0.000000,0.000000,0.001920
Q_ind_81_anc_6-5,0.000267,0.000000,0.000000,0.003221
Q_ind_82_anc_6-5,0.000146,0.000000,0.000000,0.001508
Q_ind_83_anc_6-5,0.000266,0.000000,0.000000,0.002724
Q_ind_84_anc_6-5,0.000227,0.000000,0.000000,0.002766
Q_ind_85_anc_6-5,0.000181,0.000000,0.000000,0.001565
Q_ind_86_anc_6-5,0.000242,0.000000,0.000000,0.002538
Q_ind_87_anc_6-5,0.000176,0.000000,0.000000,0.001885
Q_ind_88_anc_6-5,0.000601,0.000000,0.000000,0.006809
Q_ind_89_anc_6-5,0.000249,0.000000,0.000000,0.002105
Q_ind_90_anc_6-5,0.000553,0.000000,0.000000,0.006497
Q_ind_91_anc_6-5,0.000769,0.000000,0.000000,0.011928
Q_ind_92_anc_6-5,0.000713,0.000000,0.000000,0.007014
Q_ind_93_anc_6-5,0.001040,0.000000,0.000000,0.012606
Q_ind_94_anc_6-5,0.000368,0.000000,0.000000,0.004939
Q_ind_95_anc_6-5,0.000727,0.000000,0.000000,0.010743
Q_ind_96_anc_6-5,0.000585,0.000000,0.000000,0.008403
Q_ind_97_anc_6-5,0.000720,0.000000,0.000000,0.010509
Q_ind_98_anc_6-5,0.005391,0.000000,0.000000,0.046264
Q_ind_99_anc_6-5,0.000997,0.000000,0.000000,0.015248
Q_ind_100_anc_6-5,0.000488,0.000000,0.000000,0.006705
Q_ind_101_anc_6-5,0.000087,0.000000,0.000000,0.001083
Q_ind_102_anc_6-5,0.000114,0.000000,0.000000,0.001361
Q_ind_103_anc_6-5,0.000388,0.000000,0.000000,0.005650
Q_ind_104_anc_6-5,0.000170,0.000000,0.000000,0.001693
Q_ind_105_anc_6-5,0.004234,0.000000,0.000000,0.043546
Q_ind_106_anc_6-5,0.000732,0.000000,0.000000,0.010408
Q_ind_107_anc_6-5,0.015739,0.000000,0.000000,0.171370
Q_ind_108_anc_6-5,0.017256,0.000000,0.000000,0.169829
Q_ind_109_anc_6-5,0.000604,0.000000,0.000000,0.007867
Q_ind_110_anc_6-5,0.001016,0.000000,0.000000,0.013913
Q_ind_111_anc_6-5,0.000790,0.000000,0.000000,0.011227
Q_ind_112_anc_6-5,0.049330,0.000000,0.000000,0.232340
Q_ind_113_anc_6-5,0.019745,0.000000,0.000000,0.189596
Q_ind_114_anc_6-5,0.000766,0.000000,0.000000,0.011203
Q_ind_115_anc_6-5,0.007680,0.000000,0.000000,0.059387
Q_ind_116_anc_6-5,0.000262,0.000000,0.000000,0.002899
Q_ind_117_anc_6-5,0.000575,0.000000,0.000000,0.008592
Q_ind_118_anc_6-5,0.003028,0.000000,0.000000,0.033975
Q_ind_119_anc_6-5,0.000179,0.000000,0.000000,0.001678
Q_ind_120_anc_6-5,0.000572,0.000000,0.000000,0.007983
Q_ind_121_anc_6-5,0.002417,0.000000,0.000000,0.026044
Q_ind_122_anc_6-5,0.000153,0.000000,0.000000,0.001605
Q_ind_123_anc_6-5,0.000228,0.000000,0.000000,0.002897
Q_ind_124_anc_6-5,0.000517,0.000000,0.000000,0.005773
Q_ind_125_anc_6-5,0.000497,0.000000,0.000000,0.003696
Q_ind_126_anc_6-5,0.000260,0.000000,0.000000,0.002915
Q_ind_127_anc_6-5,0.000178,0.000000,0.000000,0.001182
Q_ind_128_anc_6-5,0.000149,0.000000,0.000000,0.001267
Q_ind_129_anc_6-5,0.000289,0.000000,0.000000,0.003300
Q_ind_130_anc_6-5,0.000211,0.000000,0.000000,0.002045
Q_ind_131_anc_6-5,0.000127,0.000000,0.000000,0.001160
Q_ind_132_anc_6-5,0.000243,0.000000,0.000000,0.002455
Q_ind_133_anc_6-5,0.000950,0.000000,0.000000,0.011797
Q_ind_134_anc_6-5,0.000445,0.000000,0.000000,0.005743
Q_ind_135_anc_6-5,0.005299,0.000000,0.000000,0.051132
Q_ind_136_anc_6-5,0.001004,0.000000,0.000000,0.013276
Q_ind_137_anc_6-5,0.000545,0.000000,0.000000,0.008353
Q_ind_138_anc_6-5,0.000348,0.000000,0.000000,0.004189
Q_ind_139_anc_6-5,0.002996,0.000000,0.000000,0.041258
Q_ind_140_anc_6-5,0.000816,0.000000,0.000000,0.009966
Q_ind_141_anc_6-5,0.002253,0.000000,0.000000,0.030579
Q_ind_142_anc_6-5,0.000315,0.000000,0.000000,0.002365
Q_ind_143_anc_6-5,0.004158,0.000000,0.000000,0.061673
Q_ind_144_anc_6-5,0.000434,0.000000,0.000000,0.005363
Q_ind_145_anc_6-5,0.000063,0.000000,0.000000,0.000578
Q_ind_146_anc_6-5,0.000093,0.000000,0.000000,0.001047
Q_ind_147_anc_6-5,0.000138,0.000000,0.000000,0.001322
Q_ind_148_anc_6-5,0.000197,0.000000,0.000000,0.001774
Q_ind_149_anc_6-5,0.000259,0.000000,0.000000,0.002973
Q_ind_150_anc_6-5,0.000326,0.000000,0.000000,0.004376
Q_ind_151_anc_6-5,0.000990,0.000000,0.000000,0.014901
Q_ind_152_anc_6-5,0.000152,0.000000,0.000000,0.001463
Q_ind_153_anc_6-5,0.000217,0.000000,0.000000,0.002580
Q_ind_154_anc_6-5,0.000158,0.000000,0.000000,0.001940
Q_ind_155_anc_6-5,0.000160,0.000000,0.000000,0.001878
Q_ind_156_anc_6-5,0.000203,0.000000,0.000000,0.002141
Q_ind_157_anc_6-5,0.000151,0.000000,0.000000,0.001466
Q_ind_158_anc_6-5,0.000142,0.000000,0.000000,0.001697
Q_ind_159_anc_6-5,0.000105,0.000000,0.000000,0.001237
Q_ind_160_anc_6-5,0.000139,0.000000,0.000000,0.001234
Q_ind_161_anc_6-5,0.000188,0.000000,0.000000,0.001824
Q_ind_162_anc_6-5,0.000237,0.000000,0.000000,0.003038
Q_ind_163_anc_6-5,0.000154,0.000000,0.000000,0.001755
Q_ind_164_anc_6-5,0.000176,0.000000,0.000000,0.001373
Q_ind_165_anc_6-5,0.026660,0.000000,0.000000,0.139572
Q_ind_166_anc_6-5,0.003848,0.000000,0.000000,0.052316
Q_ind_167_anc_6-5,0.002817,0.000000,0.000000,0.041389
Q_ind_168_anc_6-5,0.000803,0.000000,0.000000,0.007869
Q_ind_169_anc_6-5,0.003751,0.000000,0.000000,0.048035
Q_ind_170_anc_6-5,0.000320,0.000000,0.000000,0.003717
Q_ind_171_anc_6-5,0.000274,0.000000,0.000000,0.002418
Q_ind_172_anc_6-5,0.000196,0.000000,0.000000,0.001879
Q_ind_173_anc_6-5,0.000187,0.000000,0.000000,0.001821
Q_ind_174_anc_6-5,0.000171,0.000000,0.000000,0.001535
Q_ind_175_anc_6-5,0.000241,0.000000,0.000000,0.002935
Q_ind_176_anc_6-5,0.000697,0.000000,0.000000,0.010392
Q_ind_177_anc_6-5,0.000467,0.000000,0.000000,0.005900
Q_ind_178_anc_6-5,0.000184,0.000000,0.000000,0.002249
Q_ind_179_anc_6-5,0.000120,0.000000,0.000000,0.001388
Q_ind_180_anc_6-5,0.000307,0.000000,0.000000,0.003646
Q_ind_181_anc_6-5,0.000338,0.000000,0.000000,0.003366
Q_ind_182_anc_6-5,0.000276,0.000000,0.000000,0.003390
Q_ind_183_anc_6-5,0.000100,0.000000,0.000000,0.000963
Q_ind_184_anc_6-5,0.000809,0.000000,0.000000,0.011412
Q_ind_185_anc_6-5,0.006596,0.000000,0.000000,0.084715
Q_ind_186_anc_6-5,0.013521,0.000000,0.000000,0.110033
Q_ind_187_anc_6-5,0.008624,0.000000,0.000000,0.080801
Q_ind_188_anc_6-5,0.000791,0.000000,0.000000,0.012236
Q_ind_189_anc_6-5,0.001140,0.000000,0.000000,0.014957
Q_ind_190_anc_6-5,0.118510,0.123712,0.000000,0.229848
Q_ind_191_anc_6-5,0.000428,0.000000,0.000000,0.004148
Q_ind_192_anc_6-5,0.000093,0.000000,0.000000,0.000919
Q_ind_193_anc_6-5,0.000235,0.000000,0.000000,0.002330
Q_ind_194_anc_6-5,0.000038,0.000000,0.000000,0.000333
Q_ind_195_anc_6-5,0.000149,0.000000,0.000000,0.001720
Q_ind_196_anc_6-5,0.000047,0.000000,0.000000,0.000458
Q_ind_197_anc_6-5,0.000039,0.000000,0.000000,0.000520
Q_ind_198_anc_6-5,0.000061,0.000000,0.000000,0.000687
Q_ind_199_anc_6-5,0.000143,0.000000,0.000000,0.001482
Q_ind_200_anc_6-5,0.000061,0.000000,0.000000,0.000659
Q_ind_201_anc_6-5,0.007148,0.000000,0.000000,0.066600
Q_ind_202_anc_6-5,0.000141,0.000000,0.000000,0.001388
Q_ind_203_anc_6-5,0.000347,0.000000,0.000000,0.004547
Q_ind_204_anc_6-5,0.001237,0.000000,0.000000,0.018386
Q_ind_205_anc_6-5,0.000234,0.000000,0.000000,0.001986
Q_ind_206_anc_6-5,0.000336,0.000000,0.000000,0.003287
Q_ind_207_anc_6-5,0.000442,0.000000,0.000000,0.005356
Q_ind_208_anc_6-5,0.002705,0.000000,0.000000,0.038934
Q_ind_209_anc_6-5,0.000437,0.000000,0.000000,0.005403
Q_ind_210_anc_6-5,0.182945,0.243917,0.000000,0.342071
Q_ind_211_anc_6-5,0.000168,0.000000,0.000000,0.001658
Q_ind_212_anc_6-5,0.192732,0.204205,0.000000,0.322430
Q_ind_213_anc_6-5,0.000982,0.000000,0.000000,0.013492
Q_ind_214_anc_6-5,0.004473,0.000000,0.000000,0.070208
Q_ind_215_anc_6-5,0.000375,0.000000,0.000000,0.002893
Q_ind_216_anc_6-5,0.000677,0.000000,0.000000,0.007325
Q_ind_217_anc_6-5,0.004331,0.000000,0.000000,0.075679
Q_ind_218_anc_6-5,0.000717,0.000000,0.000000,0.010970
Q_ind_219_anc_6-5,0.002464,0.000000,0.000000,0.033774
Q_ind_220_anc_6-5,0.000892,0.000000,0.000000,0.013478
Q_ind_221_anc_6-5,0.000349,0.000000,0.000000,0.004400
Q_ind_222_anc_6-5,0.001107,0.000000,0.000000,0.007327
Q_ind_223_anc_6-5,0.000158,0.000000,0.000000,0.001491
Q_ind_224_anc_6-5,0.001672,0.000000,0.000000,0.022544
Q_ind_225_anc_6-5,0.012406,0.000000,0.000000,0.132429
Q_ind_226_anc_6-5,0.000588,0.000000,0.000000,0.008117
Q_ind_227_anc_6-5,0.001352,0.000000,0.000000,0.019858
Q_ind_228_anc_6-5,0.000664,0.000000,0.000000,0.005836
Q_ind_229_anc_6-5,0.042182,0.000000,0.000000,0.258623
Q_ind_230_anc_6-5,0.000684,0.000000,0.000000,0.009460
Q_ind_231_anc_6-5,0.000319,0.000000,0.000000,0.003593
Q_ind_232_anc_6-5,0.002829,0.000000,0.000000,0.036048
Q_ind_233_anc_6-5,0.019482,0.000000,0.000000,0.137738
Q_ind_234_anc_6-5,0.000119,0.000000,0.000000,0.001042
Q_ind_235_anc_6-5,0.001360,0.000000,0.000000,0.018704
Q_ind_236_anc_6-5,0.000776,0.000000,0.000000,0.010463
Q_ind_237_anc_6-5,0.000311,0.000000,0.000000,0.003105
Q_ind_238_anc_6-5,0.034326,0.000000,0.000000,0.157401
Q_ind_239_anc_6-5,0.001340,0.000000,0.000000,0.015113
Q_ind_240_anc_6-5,0.015753,0.000000,0.000000,0.100734
Q_ind_241_anc_6-5,0.000468,0.000000,0.000000,0.006841
Q_ind_242_anc_6-5,0.000369,0.000000,0.000000,0.003442
Q_ind_243_anc_6-5,0.080494,0.080866,0.000000,0.222657
Q_ind_244_anc_6-5,0.000210,0.000000,0.000000,0.001816
Q_ind_245_anc_6-5,0.105336,0.119961,0.000000,0.252777
Q_ind_1_anc_6-6,0.000080,0.000000,0.000000,0.000894
Q_ind_2_anc_6-6,0.000093,0.000000,0.000000,0.001081
Q_ind_3_anc_6-6,0.000980,0.000000,0.000000,0.011765
Q_ind_4_anc_6-6,0.000216,0.000000,0.000000,0.002511
Q_ind_5_anc_6-6,0.000059,0.000000,0.000000,0.000632
Q_ind_6_anc_6-6,0.000105,0.000000,0.000000,0.001125
Q_ind_7_anc_6-6,0.000370,0.000000,0.000000,0.004707
Q_ind_8_anc_6-6,0.000302,0.000000,0.000000,0.004540
Q_ind_9_anc_6-6,0.000080,0.000000,0.000000,0.000798
Q_ind_10_anc_6-6,0.000080,0.000000,0.000000,0.000765
Q_ind_11_anc_6-6,0.000550,0.000000,0.000000,0.007640
Q_ind_12_anc_6-6,0.000180,0.000000,0.000000,0.002050
Q_ind_13_anc_6-6,0.001385,0.000000,0.000000,0.018315
Q_ind_14_anc_6-6,0.005982,0.000000,0.000000,0.056475
Q_ind_15_anc_6-6,0.000323,0.000000,0.000000,0.002703
Q_ind_16_anc_6-6,0.000300,0.000000,0.000000,0.003281
Q_ind_17_anc_6-6,0.007885,0.000000,0.000000,0.057588
Q_ind_18_anc_6-6,0.001599,0.000000,0.000000,0.026095
Q_ind_19_anc_6-6,0.004142,0.000000,0.000000,0.041334
Q_ind_20_anc_6-6,0.000088,0.000000,0.000000,0.000804
Q_ind_21_anc_6-6,0.000216,0.000000,0.000000,0.002302
Q_ind_22_anc_6-6,0.000356,0.000000,0.000000,0.005388
Q_ind_23_anc_6-6,0.000102,0.000000,0.000000,0.001113
Q_ind_24_anc_6-6,0.000188,0.000000,0.000000,0.001950
Q_ind_25_anc_6-6,0.000251,0.000000,0.000000,0.002970
Q_ind_26_anc_6-6,0.000142,0.000000,0.000000,0.001757
Q_ind_27_anc_6-6,0.000878,0.000000,0.000000,0.012250
Q_ind_28_anc_6-6,0.000260,0.000000,0.000000,0.002836
Q_ind_29_anc_6-6,0.000128,0.000000,0.000000,0.001269
Q_ind_30_anc_6-6,0.000165,0.000000,0.000000,0.001802
Q_ind_31_anc_6-6,0.000063,0.000000,0.000000,0.000556
Q_ind_32_anc_6-6,0.000117,0.000000,0.000000,0.001424
Q_ind_33_anc_6-6,0.000162,0.000000,0.000000,0.001815
Q_ind_34_anc_6-6,0.000141,0.000000,0.000000,0.001679
Q_ind_35_anc_6-6,0.000094,0.000000,0.000000,0.000899
Q_ind_36_anc_6-6,0.000079,0.000000,0.000000,0.000697
Q_ind_37_anc_6-6,0.000119,0.000000,0.000000,0.001360
Q_ind_38_anc_6-6,0.000055,0.000000,0.000000,0.000520
Q_ind_39_anc_6-6,0.000076,0.000000,0.000000,0.000715
Q_ind_40_anc_6-6,0.000713,0.000000,0.000000,0.006571
Q_ind_41_anc_6-6,0.000088,0.000000,0.000000,0.000610
Q_ind_42_anc_6-6,0.490970,0.489947,0.404924,0.580959
Q_ind_43_anc_6-6,0.470000,0.469830,0.389676,0.552425
Q_ind_44_anc_6-6,0.500776,0.505023,0.407368,0.577995
Q_ind_45_anc_6-6,0.522255,0.526998,0.429242,0.591446
Q_ind_46_anc_6-6,0.508738,0.506853,0.404518,0.615290
Q_ind_47_anc_6-6,0.465606,0.482230,0.284122,0.569492
Q_ind_48_anc_6-6,0.404935,0.401701,0.321697,0.500995
Q_ind_49_anc_6-6,0.547163,0.545481,0.493110,0.610974
Q_ind_50_anc_6-6,0.486095,0.486688,0.387594,0.577206
Q_ind_51_anc_6-6,0.104266,0.097983,0.029878,0.189273
Q_ind_52_anc_6-6,0.021120,0.000002,0.000000,0.102508
Q_ind_53_anc_6-6,0.022855,0.000000,0.000000,0.108071
Q_ind_54_anc_6-6,0.071388,0.071959,0.000000,0.158236
Q_ind_55_anc_6-6,0.031709,0.000000,0.000000,0.168298
Q_ind_56_anc_6-6,0.037763,0.031824,0.000000,0.111543
Q_ind_57_anc_6-6,0.000558,0.000000,0.000000,0.007954
Q_ind_58_anc_6-6,0.134952,0.138150,0.070127,0.192622
Q_ind_59_anc_6-6,0.029316,0.000000,0.000000,0.131211
Q_ind_60_anc_6-6,0.071711,0.078970,0.000000,0.143017
Q_ind_61_anc_6-6,0.098041,0.112440,0.000000,0.166761
Q_ind_62_anc_6-6,0.119081,0.122461,0.042227,0.183468
Q_ind_63_anc_6-6,0.000052,0.000000,0.000000,0.000552
Q_ind_64_anc_6-6,0.000072,0.000000,0.000000,0.000727
Q_ind_65_anc_6-6,0.000095,0.000000,0.000000,0.001152
Q_ind_66_anc_6-6,0.000124,0.000000,0.000000,0.001413
Q_ind_67_anc_6-6,0.000067,0.000000,0.000000,0.000671
Q_ind_68_anc_6-6,0.499703,0.499135,0.425128,0.579383
Q_ind_69_anc_6-6,0.195651,0.194913,0.110316,0.283505
Q_ind_70_anc_6-6,0.201512,0.202872,0.102263,0.291475
Q_ind_71_anc_6-6,0.545845,0.540979,0.451565,0.655942
Q_ind_72_anc_6-6,0.493039,0.489410,0.408820,0.595635
Q_ind_73_anc_6-6,0.531252,0.531906,0.445652,0.618350
Q_ind_74_anc_6-6,0.215151,0.215804,0.131515,0.295579
Q_ind_75_anc_6-6,0.015578,0.000000,0.000000,0.104906
Q_ind_76_anc_6-6,0.669061,0.665254,0.592893,0.774386
Q_ind_77_anc_6-6,0.000147,0.000000,0.000000,0.001596
Q_ind_78_anc_6-6,0.000135,0.000000,0.000000,0.001787
Q_ind_79_anc_6-6,0.000162,0.000000,0.000000,0.001651
Q_ind_80_anc_6-6,0.000202,0.000000,0.000000,0.002025
Q_ind_81_anc_6-6,0.000156,0.000000,0.000000,0.001582
Q_ind_82_anc_6-6,0.000137,0.000000,0.000000,0.001330
Q_ind_83_anc_6-6,0.001018,0.000000,0.000000,0.012412
Q_ind_84_anc_6-6,0.000171,0.000000,0.000000,0.002019
Q_ind_85_anc_6-6,0.000073,0.000000,0.000000,0.000818
Q_ind_86_anc_6-6,0.000239,0.000000,0.000000,0.002390
Q_ind_87_anc_6-6,0.000088,0.000000,0.000000,0.000909
Q_ind_88_anc_6-6,0.000417,0.000000,0.000000,0.004229
Q_ind_89_anc_6-6,0.000255,0.000000,0.000000,0.003058
Q_ind_90_anc_6-6,0.000511,0.000000,0.000000,0.006378
Q_ind_91_anc_6-6,0.005525,0.000000,0.000000,0.049840
Q_ind_92_anc_6-6,0.000659,0.000000,0.000000,0.007439
Q_ind_93_anc_6-6,0.001153,0.000000,0.000000,0.016197
Q_ind_94_anc_6-6,0.000070,0.000000,0.000000,0.000640
Q_ind_95_anc_6-6,0.004159,0.000000,0.000000,0.041724
Q_ind_96_anc_6-6,0.001111,0.000000,0.000000,0.013889
Q_ind_97_anc_6-6,0.000489,0.000000,0.000000,0.007019
Q_ind_98_anc_6-6,0.000112,0.000000,0.000000,0.000966
Q_ind_99_anc_6-6,0.000090,0.000000,0.000000,0.001008
Q_ind_100_anc_6-6,0.000461,0.000000,0.000000,0.006376
Q_ind_101_anc_6-6,0.000095,0.000000,0.000000,0.000807
Q_ind_102_anc_6-6,0.000176,0.000000,0.000000,0.001844
Q_ind_103_anc_6-6,0.001024,0.000000,0.000000,0.014713
Q_ind_104_anc_6-6,0.000136,0.000000,0.000000,0.001307
Q_ind_105_anc_6-6,0.000056,0.000000,0.000000,0.000557
Q_ind_106_anc_6-6,0.001429,0.000000,0.000000,0.019987
Q_ind_107_anc_6-6,0.073006,0.062574,0.000000,0.281834
Q_ind_108_anc_6-6,0.168824,0.178197,0.021160,0.267830
Q_ind_109_anc_6-6,0.246896,0.262107,0.082501,0.387788
Q_ind_110_anc_6-6,0.145775,0.143587,0.073309,0.234329
Q_ind_111_anc_6-6,0.210292,0.212509,0.104469,0.301597
Q_ind_112_anc_6-6,0.000233,0.000000,0.000000,0.002680
Q_ind_113_anc_6-6,0.209681,0.217565,0.086786,0.296062
Q_ind_114_anc_6-6,0.241839,0.242591,0.160565,0.319983
Q_ind_115_anc_6-6,0.015902,0.000001,0.000000,0.069914
Q_ind_116_anc_6-6,0.000314,0.000000,0.000000,0.003812
Q_ind_117_anc_6-6,0.001119,0.000000,0.000000,0.015759
Q_ind_118_anc_6-6,0.006422,0.000000,0.000000,0.038742
Q_ind_119_anc_6-6,0.000675,0.000000,0.000000,0.009683
Q_ind_120_anc_6-6,0.000384,0.000000,0.000000,0.004949
Q_ind_121_anc_6-6,0.002037,0.000000,0.000000,0.023243
Q_ind_122_anc_6-6,0.000454,0.000000,0.000000,0.006288
Q_ind_123_anc_6-6,0.000399,0.000000,0.000000,0.003819
Q_ind_124_anc_6-6,0.000206,0.000000,0.000000,0.002298
Q_ind_125_anc_6-6,0.000305,0.000000,0.000000,0.003022
Q_ind_126_anc_6-6,0.000778,0.000000,0.000000,0.010100
Q_ind_127_anc_6-6,0.000270,0.000000,0.000000,0.003476
Q_ind_128_anc_6-6,0.000175,0.000000,0.000000,0.001484
Q_ind_129_anc_6-6,0.000124,0.000000,0.000000,0.001534
Q_ind_130_anc_6-6,0.000192,0.000000,0.000000,0.002100
Q_ind_131_anc_6-6,0.000102,0.000000,0.000000,0.000935
Q_ind_132_anc_6-6,0.000044,0.000000,0.000000,0.000508
Q_ind_133_anc_6-6,0.002727,0.000000,0.000000,0.034112
Q_ind_134_anc_6-6,0.005293,0.000000,0.000000,0.037555
Q_ind_135_anc_6-6,0.003801,0.000000,0.000000,0.037929
Q_ind_136_anc_6-6,0.001086,0.000000,0.000000,0.015256
Q_ind_137_anc_6-6,0.000189,0.000000,0.000000,0.001684
Q_ind_138_anc_6-6,0.000111,0.000000,0.000000,0.000900
Q_ind_139_anc_6-6,0.000190,0.000000,0.000000,0.001662
Q_ind_140_anc_6-6,0.001190,0.000000,0.000000,0.015260
Q_ind_141_anc_6-6,0.022937,0.018557,0.000000,0.071787
Q_ind_142_anc_6-6,0.000047,0.000000,0.000000,0.000416
Q_ind_143_anc_6-6,0.026674,0.026999,0.000000,0.068917
Q_ind_144_anc_6-6,0.021756,0.021350,0.000000,0.063348
Q_ind_145_anc_6-6,0.000072,0.000000,0.000000,0.000727
Q_ind_146_anc_6-6,0.000158,0.000000,0.000000,0.001716
Q_ind_147_anc_6-6,0.000131,0.000000,0.000000,0.001538
Q_ind_148_anc_6-6,0.001460,0.000000,0.000000,0.014324
Q_ind_149_anc_6-6,0.000245,0.000000,0.000000,0.002765
Q_ind_150_anc_6-6,0.000206,0.000000,0.000000,0.002322
Q_ind_151_anc_6-6,0.001300,0.000000,0.000000,0.018350
Q_ind_152_anc_6-6,0.000071,0.000000,0.000000,0.000832
Q_ind_153_anc_6-6,0.000168,0.000000,0.000000,0.002379
Q_ind_154_anc_6-6,0.000195,0.000000,0.000000,0.002258
Q_ind_155_anc_6-6,0.000062,0.000000,0.000000,0.000639
Q_ind_156_anc_6-6,0.000137,0.000000,0.000000,0.001341
Q_ind_157_anc_6-6,0.000139,0.000000,0.000000,0.001391
Q_ind_158_anc_6-6,0.000201,0.000000,0.000000,0.002364
Q_ind_159_anc_6-6,0.000069,0.000000,0.000000,0.000709
Q_ind_160_anc_6-6,0.000166,0.000000,0.000000,0.001813
Q_ind_161_anc_6-6,0.000080,0.000000,0.000000,0.000814
Q_ind_162_anc_6-6,0.000300,0.000000,0.000000,0.004020
Q_ind_163_anc_6-6,0.000083,0.000000,0.000000,0.000890
Q_ind_164_anc_6-6,0.000222,0.000000,0.000000,0.002746
Q_ind_165_anc_6-6,0.004775,0.000000,0.000000,0.071665
Q_ind_166_anc_6-6,0.012218,0.000000,0.000000,0.072731
Q_ind_167_anc_6-6,0.015123,0.000000,0.000000,0.081726
Q_ind_168_anc_6-6,0.000095,0.000000,0.000000,0.001035
Q_ind_169_anc_6-6,0.000098,0.000000,0.000000,0.001066
Q_ind_170_anc_6-6,0.000495,0.000000,0.000000,0.005719
Q_ind_171_anc_6-6,0.000233,0.000000,0.000000,0.002893
Q_ind_172_anc_6-6,0.001298,0.000000,0.000000,0.017678
Q_ind_173_anc_6-6,0.000256,0.000000,0.000000,0.003047
Q_ind_174_anc_6-6,0.000110,0.000000,0.000000,0.001030
Q_ind_175_anc_6-6,0.000227,0.000000,0.000000,0.002390
Q_ind_176_anc_6-6,0.000142,0.000000,0.000000,0.001412
Q_ind_177_anc_6-6,0.000237,0.000000,0.000000,0.002593
Q_ind_178_anc_6-6,0.000203,0.000000,0.000000,0.002186
Q_ind_179_anc_6-6,0.000051,0.000000,0.000000,0.000524
Q_ind_180_anc_6-6,0.000351,0.000000,0.000000,0.003571
Q_ind_181_anc_6-6,0.000166,0.000000,0.000000,0.002008
Q_ind_182_anc_6-6,0.000232,0.000000,0.000000,0.002249
Q_ind_183_anc_6-6,0.000169,0.000000,0.000000,0.002380
Q_ind_184_anc_6-6,0.000150,0.000000,0.000000,0.001324
Q_ind_185_anc_6-6,0.054328,0.000000,0.000000,0.350153
Q_ind_186_anc_6-6,0.332314,0.335806,0.222938,0.426416
Q_ind_187_anc_6-6,0.329302,0.334329,0.192715,0.433139
Q_ind_188_anc_6-6,0.171127,0.169565,0.090421,0.264120
Q_ind_189_anc_6-6,0.456149,0.455039,0.377018,0.538514
Q_ind_190_anc_6-6,0.000366,0.000000,0.000000,0.003043
Q_ind_191_anc_6-6,0.403478,0.409740,0.296838,0.481880
Q_ind_192_anc_6-6,0.000071,0.000000,0.000000,0.000664
Q_ind_193_anc_6-6,0.000201,0.000000,0.000000,0.002505
Q_ind_194_anc_6-6,0.000028,0.000000,0.000000,0.000293
Q_ind_195_anc_6-6,0.000070,0.000000,0.000000,0.000845
Q_ind_196_anc_6-6,0.000042,0.000000,0.000000,0.000395
Q_ind_197_anc_6-6,0.000038,0.000000,0.000000,0.000329
Q_ind_198_anc_6-6,0.000032,0.000000,0.000000,0.000311
Q_ind_199_anc_6-6,0.000063,0.000000,0.000000,0.000593
Q_ind_200_anc_6-6,0.000044,0.000000,0.000000,0.000489
Q_ind_201_anc_6-6,0.000054,0.000000,0.000000,0.000578
Q_ind_202_anc_6-6,0.000087,0.000000,0.000000,0.000836
Q_ind_203_anc_6-6,0.000168,0.000000,0.000000,0.001411
Q_ind_204_anc_6-6,0.000319,0.000000,0.000000,0.003835
Q_ind_205_anc_6-6,0.000243,0.000000,0.000000,0.002112
Q_ind_206_anc_6-6,0.001099,0.000000,0.000000,0.012563
Q_ind_207_anc_6-6,0.000319,0.000000,0.000000,0.003887
Q_ind_208_anc_6-6,0.000048,0.000000,0.000000,0.000456
Q_ind_209_anc_6-6,0.000430,0.000000,0.000000,0.005739
Q_ind_210_anc_6-6,0.000330,0.000000,0.000000,0.003539
Q_ind_211_anc_6-6,0.001554,0.000000,0.000000,0.017240
Q_ind_212_anc_6-6,0.000063,0.000000,0.000000,0.000708
Q_ind_213_anc_6-6,0.000264,0.000000,0.000000,0.002164
Q_ind_214_anc_6-6,0.000154,0.000000,0.000000,0.001905
Q_ind_215_anc_6-6,0.000242,0.000000,0.000000,0.003088
Q_ind_216_anc_6-6,0.000447,0.000000,0.000000,0.005006
Q_ind_217_anc_6-6,0.001255,0.000000,0.000000,0.015187
Q_ind_218_anc_6-6,0.000108,0.000000,0.000000,0.000817
Q_ind_219_anc_6-6,0.001105,0.000000,0.000000,0.015536
Q_ind_220_anc_6-6,0.000238,0.000000,0.000000,0.002422
Q_ind_221_anc_6-6,0.000133,0.000000,0.000000,0.001234
Q_ind_222_anc_6-6,0.000138,0.000000,0.000000,0.001502
Q_ind_223_anc_6-6,0.000068,0.000000,0.000000,0.000598
Q_ind_224_anc_6-6,0.000055,0.000000,0.000000,0.000465
Q_ind_225_anc_6-6,0.083245,0.088848,0.000000,0.187022
Q_ind_226_anc_6-6,0.000077,0.000000,0.000000,0.000705
Q_ind_227_anc_6-6,0.136542,0.136335,0.065823,0.212455
Q_ind_228_anc_6-6,0.082855,0.092716,0.000000,0.155530
Q_ind_229_anc_6-6,0.072508,0.071481,0.000000,0.199196
Q_ind_230_anc_6-6,0.010248,0.000000,0.000000,0.090074
Q_ind_231_anc_6-6,0.000059,0.000000,0.000000,0.000681
Q_ind_232_anc_6-6,0.007572,0.000000,0.000000,0.056104
Q_ind_233_anc_6-6,0.046487,0.037163,0.000000,0.135322
Q_ind_234_anc_6-6,0.786615,0.785239,0.738084,0.845978
Q_ind_235_anc_6-6,0.720219,0.719794,0.637023,0.816374
Q_ind_236_anc_6-6,0.730096,0.732346,0.656408,0.790426
Q_ind_237_anc_6-6,0.760840,0.754287,0.702502,0.850378
Q_ind_238_anc_6-6,0.678078,0.684326,0.573927,0.757775
Q_ind_239_anc_6-6,0.740914,0.738434,0.686930,0.806638
Q_ind_240_anc_6-6,0.538839,0.537997,0.456446,0.630832
Q_ind_241_anc_6-6,0.537708,0.537300,0.460379,0.618379
Q_ind_242_anc_6-6,0.706701,0.702277,0.634422,0.807420
Q_ind_243_anc_6-6,0.265663,0.294077,0.021335,0.393941
Q_ind_244_anc_6-6,0.764816,0.763787,0.704264,0.832146
Q_ind_245_anc_6-6,0.329927,0.346788,0.129411,0.455860
Q_ind_1_anc_7-1,0.054259,0.062082,0.000000,0.106557
Q_ind_2_anc_7-1,0.004326,0.000000,0.000000,0.055110
Q_ind_3_anc_7-1,0.001107,0.000000,0.000000,0.017764
Q_ind_4_anc_7-1,0.003171,0.000000,0.000000,0.046490
Q_ind_5_anc_7-1,0.168028,0.188428,0.000000,0.235411
Q_ind_6_anc_7-1,0.022919,0.017821,0.000000,0.070863
Q_ind_7_anc_7-1,0.000317,0.000000,0.000000,0.004517
Q_ind_8_anc_7-1,0.014935,0.000001,0.000000,0.069317
Q_ind_9_anc_7-1,0.000234,0.000000,0.000000,0.002901
Q_ind_10_anc_7-1,0.000441,0.000000,0.000000,0.005762
Q_ind_11_anc_7-1,0.016381,0.000000,0.000000,0.072342
Q_ind_12_anc_7-1,0.012534,0.000000,0.000000,0.068959
Q_ind_13_anc_7-1,0.687029,0.687083,0.622287,0.749622
Q_ind_14_anc_7-1,0.639361,0.639485,0.567343,0.709336
Q_ind_15_anc_7-1,0.646069,0.645733,0.569547,0.715890
Q_ind_16_anc_7-1,0.625396,0.625908,0.563435,0.683253
Q_ind_17_anc_7-1,0.648897,0.651740,0.557114,0.727077
Q_ind_18_anc_7-1,0.578889,0.576739,0.457252,0.719849
Q_ind_19_anc_7-1,0.695358,0.694905,0.634082,0.755694
Q_ind_20_anc_7-1,0.592787,0.601952,0.438840,0.670355
Q_ind_21_anc_7-1,0.223479,0.246349,0.062753,0.301787
Q_ind_22_anc_7-1,0.199017,0.231603,0.000000,0.283227
Q_ind_23_anc_7-1,0.159356,0.192875,0.000000,0.248397
Q_ind_24_anc_7-1,0.215897,0.243239,0.000000,0.302148
Q_ind_25_anc_7-1,0.234099,0.257482,0.067169,0.314133
Q_ind_26_anc_7-1,0.155443,0.192197,0.000000,0.243801
Q_ind_27_anc_7-1,0.171388,0.197712,0.000000,0.248030
Q_ind_28_anc_7-1,0.168246,0.193155,0.000000,0.248665
Q_ind_29_anc_7-1,0.188240,0.219994,0.000000,0.272534
Q_ind_30_anc_7-1,0.210300,0.241056,0.000000,0.297029
Q_ind_31_anc_7-1,0.132223,0.154683,0.000000,0.207894
Q_ind_32_anc_7-1,0.111807,0.133201,0.000000,0.192065
Q_ind_33_anc_7-1,0.109121,0.129425,0.000000,0.189561
Q_ind_34_anc_7-1,0.067004,0.081649,0.000000,0.137527
Q_ind_35_anc_7-1,0.122712,0.142827,0.000000,0.195146
Q_ind_36_anc_7-1,0.087694,0.115527,0.000000,0.168625
Q_ind_37_anc_7-1,0.152107,0.173528,0.000000,0.225349
Q_ind_38_anc_7-1,0.108827,0.133671,0.000000,0.190004
Q_ind_39_anc_7-1,0.302032,0.337259,0.000000,0.392255
Q_ind_40_anc_7-1,0.082404,0.093959,0.000000,0.159236
Q_ind_41_anc_7-1,0.079934,0.098570,0.000000,0.166656
Q_ind_42_anc_7-1,0.179978,0.181208,0.087439,0.259851
Q_ind_43_anc_7-1,0.202450,0.203814,0.116020,0.266625
Q_ind_44_anc_7-1,0.248122,0.263335,0.000000,0.330123
Q_ind_45_anc_7-1,0.237699,0.245357,0.093990,0.305661
Q_ind_46_anc_7-1,0.209700,0.207273,0.139688,0.290888
Q_ind_47_anc_7-1,0.151577,0.186790,0.000000,0.264620
Q_ind_48_anc_7-1,0.238662,0.241704,0.128054,0.314754
Q_ind_49_anc_7-1,0.192316,0.192900,0.123955,0.255622
Q_ind_50_anc_7-1,0.236494,0.234816,0.145507,0.330272
Q_ind_51_anc_7-1,0.680434,0.645391,0.573266,0.854347
Q_ind_52_anc_7-1,0.683593,0.676089,0.587755,0.819396
Q_ind_53_anc_7-1,0.674866,0.650741,0.566334,0.860402
Q_ind_54_anc_7-1,0.657215,0.622345,0.547044,0.847560
Q_ind_55_anc_7-1,0.640090,0.607867,0.517789,0.844639
Q_ind_56_anc_7-1,0.613068,0.600464,0.529156,0.757715
Q_ind_57_anc_7-1,0.566007,0.562297,0.492045,0.648504
Q_ind_58_anc_7-1,0.672671,0.639940,0.567924,0.861645
Q_ind_59_anc_7-1,0.569742,0.554276,0.472418,0.750181
Q_ind_60_anc_7-1,0.657583,0.649481,0.584438,0.755976
Q_ind_61_anc_7-1,0.651051,0.627659,0.545833,0.882979
Q_ind_62_anc_7-1,0.601407,0.570541,0.484511,0.830468
Q_ind_63_anc_7-1,0.000077,0.000000,0.000000,0.000868
Q_ind_64_anc_7-1,0.000061,0.000000,0.000000,0.000726
Q_ind_65_anc_7-1,0.000081,0.000000,0.000000,0.000994
Q_ind_66_anc_7-1,0.000073,0.000000,0.000000,0.000780
Q_ind_67_anc_7-1,0.000074,0.000000,0.000000,0.000671
Q_ind_68_anc_7-1,0.205945,0.226945,0.000000,0.278240
Q_ind_69_anc_7-1,0.218338,0.246319,0.000000,0.307153
Q_ind_70_anc_7-1,0.231130,0.263046,0.000000,0.314539
Q_ind_71_anc_7-1,0.215754,0.227131,0.097107,0.279666
Q_ind_72_anc_7-1,0.235769,0.248330,0.110975,0.298867
Q_ind_73_anc_7-1,0.200889,0.214387,0.044791,0.268072
Q_ind_74_anc_7-1,0.258181,0.277778,0.088184,0.334447
Q_ind_75_anc_7-1,0.244817,0.296781,0.000000,0.355776
Q_ind_76_anc_7-1,0.210390,0.223589,0.093566,0.275957
Q_ind_77_anc_7-1,0.115272,0.136588,0.000000,0.199911
Q_ind_78_anc_7-1,0.103833,0.127146,0.000000,0.178606
Q_ind_79_anc_7-1,0.135088,0.166210,0.000000,0.215919
Q_ind_80_anc_7-1,0.113022,0.135150,0.000000,0.184015
Q_ind_81_anc_7-1,0.158188,0.174456,0.034128,0.225337
Q_ind_82_anc_7-1,0.088125,0.109467,0.000000,0.162371
Q_ind_83_anc_7-1,0.106364,0.128440,0.000000,0.177675
Q_ind_84_anc_7-1,0.081273,0.100363,0.000000,0.146605
Q_ind_85_anc_7-1,0.142266,0.172093,0.000000,0.220925
Q_ind_86_anc_7-1,0.118894,0.145040,0.000000,0.193873
Q_ind_87_anc_7-1,0.120445,0.139533,0.000000,0.188847
Q_ind_88_anc_7-1,0.227010,0.242648,0.000000,0.303034
Q_ind_89_anc_7-1,0.260819,0.266593,0.167965,0.331458
Q_ind_90_anc_7-1,0.207807,0.248084,0.000000,0.366458
Q_ind_91_anc_7-1,0.294907,0.299488,0.206312,0.359747
Q_ind_92_anc_7-1,0.274132,0.275254,0.171272,0.366911
Q_ind_93_anc_7-1,0.283141,0.305122,0.000000,0.372269
Q_ind_94_anc_7-1,0.233837,0.281817,0.000000,0.339647
Q_ind_95_anc_7-1,0.209426,0.216113,0.096438,0.291203
Q_ind_96_anc_7-1,0.298713,0.299047,0.207147,0.372420
Q_ind_97_anc_7-1,0.293318,0.293640,0.208299,0.361958
Q_ind_98_anc_7-1,0.399444,0.434899,0.000000,0.498264
Q_ind_99_anc_7-1,0.369137,0.391680,0.143957,0.457558
Q_ind_100_anc_7-1,0.246213,0.248997,0.126794,0.307134
Q_ind_101_anc_7-1,0.235501,0.241036,0.090308,0.297710
Q_ind_102_anc_7-1,0.236936,0.242361,0.097247,0.289359
Q_ind_103_anc_7-1,0.241808,0.247986,0.085905,0.303574
Q_ind_104_anc_7-1,0.202063,0.210241,0.000001,0.253796
Q_ind_105_anc_7-1,0.452525,0.469761,0.247556,0.536975
Q_ind_106_anc_7-1,0.314354,0.312094,0.239666,0.397067
Q_ind_107_anc_7-1,0.129246,0.149184,0.000000,0.233137
Q_ind_108_anc_7-1,0.151609,0.177181,0.000000,0.239282
Q_ind_109_anc_7-1,0.102372,0.119899,0.000000,0.195781
Q_ind_110_anc_7-1,0.173397,0.192998,0.000000,0.248665
Q_ind_111_anc_7-1,0.169747,0.184520,0.015636,0.242737
Q_ind_112_anc_7-1,0.335794,0.353936,0.178677,0.420502
Q_ind_113_anc_7-1,0.092746,0.104983,0.000000,0.213298
Q_ind_114_anc_7-1,0.173060,0.190269,0.000000,0.258127
Q_ind_115_anc_7-1,0.404914,0.401438,0.336576,0.490447
Q_ind_116_anc_7-1,0.359097,0.353111,0.295020,0.450023
Q_ind_117_anc_7-1,0.385824,0.380083,0.320876,0.482018
Q_ind_118_anc_7-1,0.367221,0.364002,0.309323,0.439794
Q_ind_119_anc_7-1,0.343182,0.340460,0.276358,0.423356
Q_ind_120_anc_7-1,0.328403,0.324514,0.261496,0.411849
Q_ind_121_anc_7-1,0.340341,0.335409,0.279923,0.425596
Q_ind_122_anc_7-1,0.335491,0.329431,0.279339,0.422133
Q_ind_123_anc_7-1,0.350004,0.347940,0.283908,0.430648
Q_ind_124_anc_7-1,0.481535,0.477592,0.406388,0.579456
Q_ind_125_anc_7-1,0.146229,0.171553,0.000000,0.225846
Q_ind_126_anc_7-1,0.191544,0.223297,0.000000,0.284109
Q_ind_127_anc_7-1,0.207552,0.234246,0.000000,0.289053
Q_ind_128_anc_7-1,0.216860,0.234977,0.061729,0.289390
Q_ind_129_anc_7-1,0.141848,0.170826,0.000000,0.226791
Q_ind_130_anc_7-1,0.168722,0.180540,0.058552,0.236693
Q_ind_131_anc_7-1,0.278087,0.311904,0.000000,0.365506
Q_ind_132_anc_7-1,0.282124,0.325395,0.000000,0.378932
Q_ind_133_anc_7-1,0.147293,0.205055,0.000000,0.270547
Q_ind_134_anc_7-1,0.203425,0.238518,0.000000,0.290602
Q_ind_135_anc_7-1,0.158843,0.200688,0.000000,0.253110
Q_ind_136_anc_7-1,0.221589,0.252574,0.000000,0.306819
Q_ind_137_anc_7-1,0.195374,0.222993,0.000000,0.282620
Q_ind_138_anc_7-1,0.263485,0.305632,0.000000,0.360942
Q_ind_139_anc_7-1,0.268733,0.304810,0.000000,0.358476
Q_ind_140_anc_7-1,0.240405,0.261306,0.091512,0.313413
Q_ind_141_anc_7-1,0.168641,0.200615,0.000000,0.263954
Q_ind_142_anc_7-1,0.403427,0.437090,0.100633,0.488239
Q_ind_143_anc_7-1,0.180419,0.206919,0.000000,0.260759
Q_ind_144_anc_7-1,0.181166,0.210336,0.000000,0.263321
Q_ind_145_anc_7-1,0.000183,0.000000,0.000000,0.002061
Q_ind_146_anc_7-1,0.000642,0.000000,0.000000,0.009371
Q_ind_147_anc_7-1,0.000495,0.000000,0.000000,0.006964
Q_ind_148_anc_7-1,0.002255,0.000000,0.000000,0.024252
Q_ind_149_anc_7-1,0.000356,0.000000,0.000000,0.002626
Q_ind_150_anc_7-1,0.000257,0.000000,0.000000,0.003356
Q_ind_151_anc_7-1,0.000260,0.000000,0.000000,0.002954
Q_ind_152_anc_7-1,0.000161,0.000000,0.000000,0.002033
Q_ind_153_anc_7-1,0.000269,0.000000,0.000000,0.003182
Q_ind_154_anc_7-1,0.000298,0.000000,0.000000,0.003789
Q_ind_155_anc_7-1,0.152949,0.192467,0.000000,0.237015
Q_ind_156_anc_7-1,0.015451,0.000042,0.000000,0.062095
Q_ind_157_anc_7-1,0.006011,0.000000,0.000000,0.047364
Q_ind_158_anc_7-1,0.021997,0.010558,0.000000,0.074541
Q_ind_159_anc_7-1,0.011297,0.000000,0.000000,0.063961
Q_ind_160_anc_7-1,0.000430,0.000000,0.000000,0.005557
Q_ind_161_anc_7-1,0.000136,0.000000,0.000000,0.001485
Q_ind_162_anc_7-1,0.002052,0.000000,0.000000,0.026166
Q_ind_163_anc_7-1,0.000152,0.000000,0.000000,0.001738
Q_ind_164_anc_7-1,0.006723,0.000000,0.000000,0.050664
Q_ind_165_anc_7-1,0.110995,0.129674,0.000000,0.182671
Q_ind_166_anc_7-1,0.134413,0.156823,0.000000,0.216610
Q_ind_167_anc_7-1,0.100587,0.119090,0.000000,0.176692
Q_ind_168_anc_7-1,0.313495,0.339079,0.130601,0.395489
Q_ind_169_anc_7-1,0.219608,0.249033,0.010365,0.302687
Q_ind_170_anc_7-1,0.168423,0.209335,0.000000,0.264809
Q_ind_171_anc_7-1,0.183531,0.216888,0.000000,0.278637
Q_ind_172_anc_7-1,0.219043,0.246059,0.034444,0.298288
Q_ind_173_anc_7-1,0.330892,0.357021,0.156497,0.410167
Q_ind_174_anc_7-1,0.192849,0.223065,0.000000,0.272449
Q_ind_175_anc_7-1,0.278530,0.311702,0.033284,0.369458
Q_ind_176_anc_7-1,0.165936,0.182352,0.000000,0.236262
Q_ind_177_anc_7-1,0.056831,0.070398,0.000000,0.122481
Q_ind_178_anc_7-1,0.052212,0.065949,0.000000,0.116673
Q_ind_179_anc_7-1,0.082398,0.095145,0.000000,0.140470
Q_ind_180_anc_7-1,0.004376,0.000000,0.000000,0.046125
Q_ind_181_anc_7-1,0.176258,0.208717,0.000000,0.262162
Q_ind_182_anc_7-1,0.071643,0.081396,0.000000,0.127191
Q_ind_183_anc_7-1,0.069934,0.086072,0.000000,0.132415
Q_ind_184_anc_7-1,0.142898,0.165607,0.000000,0.217613
Q_ind_185_anc_7-1,0.085218,0.105508,0.000000,0.208720
Q_ind_186_anc_7-1,0.229798,0.251269,0.066303,0.311466
Q_ind_187_anc_7-1,0.239192,0.260433,0.075257,0.321344
Q_ind_188_anc_7-1,0.253380,0.274241,0.080878,0.333178
Q_ind_189_anc_7-1,0.111399,0.148523,0.000000,0.220078
Q_ind_190_anc_7-1,0.192924,0.252011,0.000000,0.319870
Q_ind_191_anc_7-1,0.216397,0.244245,0.000000,0.306203
Q_ind_192_anc_7-1,0.013940,0.000029,0.000000,0.057364
Q_ind_193_anc_7-1,0.005916,0.000000,0.000000,0.049654
Q_ind_194_anc_7-1,0.000049,0.000000,0.000000,0.000537
Q_ind_195_anc_7-1,0.000379,0.000000,0.000000,0.003743
Q_ind_196_anc_7-1,0.000043,0.000000,0.000000,0.000548
Q_ind_197_anc_7-1,0.000048,0.000000,0.000000,0.000485
Q_ind_198_anc_7-1,0.000040,0.000000,0.000000,0.000446
Q_ind_199_anc_7-1,0.000264,0.000000,0.000000,0.003499
Q_ind_200_anc_7-1,0.000056,0.000000,0.000000,0.000576
Q_ind_201_anc_7-1,0.280567,0.326956,0.000000,0.375924
Q_ind_202_anc_7-1,0.000348,0.000000,0.000000,0.004283
Q_ind_203_anc_7-1,0.002748,0.000000,0.000000,0.035722
Q_ind_204_anc_7-1,0.037360,0.041952,0.000000,0.092906
Q_ind_205_anc_7-1,0.026412,0.003270,0.000000,0.092833
Q_ind_206_anc_7-1,0.012462,0.000000,0.000000,0.060392
Q_ind_207_anc_7-1,0.072822,0.083247,0.000000,0.130779
Q_ind_208_anc_7-1,0.126230,0.153108,0.000000,0.208894
Q_ind_209_anc_7-1,0.051564,0.061952,0.000000,0.107352
Q_ind_210_anc_7-1,0.024100,0.000046,0.000000,0.092666
Q_ind_211_anc_7-1,0.040604,0.046035,0.000000,0.098994
Q_ind_212_anc_7-1,0.441673,0.472314,0.197023,0.547176
Q_ind_213_anc_7-1,0.315517,0.344070,0.112373,0.404539
Q_ind_214_anc_7-1,0.291494,0.337737,0.000000,0.395328
Q_ind_215_anc_7-1,0.256300,0.288070,0.015222,0.346841
Q_ind_216_anc_7-1,0.283693,0.308175,0.117061,0.365311
Q_ind_217_anc_7-1,0.273214,0.314597,0.000000,0.378109
Q_ind_218_anc_7-1,0.298219,0.356413,0.000000,0.412421
Q_ind_219_anc_7-1,0.284641,0.309365,0.116985,0.368716
Q_ind_220_anc_7-1,0.328301,0.358309,0.124925,0.417565
Q_ind_221_anc_7-1,0.310442,0.334541,0.125299,0.393978
Q_ind_222_anc_7-1,0.286448,0.310144,0.135125,0.364596
Q_ind_223_anc_7-1,0.197969,0.230224,0.000000,0.281524
Q_ind_224_anc_7-1,0.315242,0.362376,0.000000,0.417458
Q_ind_225_anc_7-1,0.165969,0.173982,0.031324,0.230109
Q_ind_226_anc_7-1,0.168179,0.214766,0.000000,0.270212
Q_ind_227_anc_7-1,0.084574,0.103383,0.000000,0.185045
Q_ind_228_anc_7-1,0.130968,0.143303,0.000000,0.195509
Q_ind_229_anc_7-1,0.082101,0.108372,0.000000,0.171229
Q_ind_230_anc_7-1,0.046775,0.000000,0.000000,0.207178
Q_ind_231_anc_7-1,0.158229,0.191565,0.000000,0.247080
Q_ind_232_anc_7-1,0.348000,0.352665,0.265545,0.407104
Q_ind_233_anc_7-1,0.160133,0.170721,0.015631,0.221697
Q_ind_234_anc_7-1,0.192219,0.205568,0.000000,0.253048
Q_ind_235_anc_7-1,0.242100,0.255484,0.094076,0.302138
Q_ind_236_anc_7-1,0.202016,0.234269,0.000000,0.281511
Q_ind_237_anc_7-1,0.225234,0.238334,0.054269,0.287565
Q_ind_238_anc_7-1,0.229920,0.256464,0.000000,0.308743
Q_ind_239_anc_7-1,0.229908,0.248914,0.000000,0.294690
Q_ind_240_anc_7-1,0.313870,0.324854,0.169106,0.375922
Q_ind_241_anc_7-1,0.256314,0.270890,0.111666,0.324703
Q_ind_242_anc_7-1,0.268770,0.277435,0.164380,0.324172
Q_ind_243_anc_7-1,0.229471,0.300298,0.000000,0.363417
Q_ind_244_anc_7-1,0.200834,0.217797,0.000000,0.265815
Q_ind_245_anc_7-1,0.268887,0.322724,0.000000,0.377376
Q_ind_1_anc_7-2,0.000399,0.000000,0.000000,0.004243
Q_ind_2_anc_7-2,0.000403,0.000000,0.000000,0.002441
Q_ind_3_anc_7-2,0.000312,0.000000,0.000000,0.003373
Q_ind_4_anc_7-2,0.000206,0.000000,0.000000,0.002574
Q_ind_5_anc_7-2,0.005524,0.000000,0.000000,0.068584
Q_ind_6_anc_7-2,0.002332,0.000000,0.000000,0.029344
Q_ind_7_anc_7-2,0.000162,0.000000,0.000000,0.001779
Q_ind_8_anc_7-2,0.000322,0.000000,0.000000,0.003399
Q_ind_9_anc_7-2,0.000182,0.000000,0.000000,0.001869
Q_ind_10_anc_7-2,0.000177,0.000000,0.000000,0.001684
Q_ind_11_anc_7-2,0.000963,0.000000,0.000000,0.013860
Q_ind_12_anc_7-2,0.002155,0.000000,0.000000,0.029016
Q_ind_13_anc_7-2,0.001157,0.000000,0.000000,0.015654
Q_ind_14_anc_7-2,0.000423,0.000000,0.000000,0.004723
Q_ind_15_anc_7-2,0.000375,0.000000,0.000000,0.004029
Q_ind_16_anc_7-2,0.000392,0.000000,0.000000,0.005461
Q_ind_17_anc_7-2,0.000751,0.000000,0.000000,0.009487
Q_ind_18_anc_7-2,0.000395,0.000000,0.000000,0.003821
Q_ind_19_anc_7-2,0.000268,0.000000,0.000000,0.003061
Q_ind_20_anc_7-2,0.000842,0.000000,0.000000,0.011692
Q_ind_21_anc_7-2,0.000405,0.000000,0.000000,0.004521
Q_ind_22_anc_7-2,0.000347,0.000000,0.000000,0.003074
Q_ind_23_anc_7-2,0.000108,0.000000,0.000000,0.001067
Q_ind_24_anc_7-2,0.000740,0.000000,0.000000,0.008666
Q_ind_25_anc_7-2,0.000082,0.000000,0.000000,0.000925
Q_ind_26_anc_7-2,0.000399,0.000000,0.000000,0.002849
Q_ind_27_anc_7-2,0.000208,0.000000,0.000000,0.002716
Q_ind_28_anc_7-2,0.000450,0.000000,0.000000,0.006538
Q_ind_29_anc_7-2,0.000204,0.000000,0.000000,0.001629
Q_ind_30_anc_7-2,0.000106,0.000000,0.000000,0.001111
Q_ind_31_anc_7-2,0.000141,0.000000,0.000000,0.001333
Q_ind_32_anc_7-2,0.000215,0.000000,0.000000,0.002123
Q_ind_33_anc_7-2,0.000574,0.000000,0.000000,0.007332
Q_ind_34_anc_7-2,0.000175,0.000000,0.000000,0.001707
Q_ind_35_anc_7-2,0.000256,0.000000,0.000000,0.002373
Q_ind_36_anc_7-2,0.000074,0.000000,0.000000,0.000785
Q_ind_37_anc_7-2,0.000862,0.000000,0.000000,0.012234
Q_ind_38_anc_7-2,0.000238,0.000000,0.000000,0.002450
Q_ind_39_anc_7-2,0.000387,0.000000,0.000000,0.005427
Q_ind_40_anc_7-2,0.001908,0.000000,0.000000,0.026349
Q_ind_41_anc_7-2,0.000717,0.000000,0.000000,0.008954
Q_ind_42_anc_7-2,0.000193,0.000000,0.000000,0.001380
Q_ind_43_anc_7-2,0.000748,0.000000,0.000000,0.010589
Q_ind_44_anc_7-2,0.000333,0.000000,0.000000,0.004428
Q_ind_45_anc_7-2,0.000177,0.000000,0.000000,0.001555
Q_ind_46_anc_7-2,0.000124,0.000000,0.000000,0.001199
Q_ind_47_anc_7-2,0.000691,0.000000,0.000000,0.009828
Q_ind_48_anc_7-2,0.000137,0.000000,0.000000,0.001343
Q_ind_49_anc_7-2,0.000118,0.000000,0.000000,0.001248
Q_ind_50_anc_7-2,0.000144,0.000000,0.000000,0.001454
Q_ind_51_anc_7-2,0.000127,0.000000,0.000000,0.001045
Q_ind_52_anc_7-2,0.000183,0.000000,0.000000,0.001964
Q_ind_53_anc_7-2,0.000093,0.000000,0.000000,0.000963
Q_ind_54_anc_7-2,0.000676,0.000000,0.000000,0.009567
Q_ind_55_anc_7-2,0.000575,0.000000,0.000000,0.007783
Q_ind_56_anc_7-2,0.000156,0.000000,0.000000,0.001415
Q_ind_57_anc_7-2,0.000196,0.000000,0.000000,0.002444
Q_ind_58_anc_7-2,0.000184,0.000000,0.000000,0.002251
Q_ind_59_anc_7-2,0.000244,0.000000,0.000000,0.002210
Q_ind_60_anc_7-2,0.000475,0.000000,0.000000,0.006274
Q_ind_61_anc_7-2,0.000343,0.000000,0.000000,0.005241
Q_ind_62_anc_7-2,0.000226,0.000000,0.000000,0.002736
Q_ind_63_anc_7-2,0.000063,0.000000,0.000000,0.000622
Q_ind_64_anc_7-2,0.000113,0.000000,0.000000,0.001148
Q_ind_65_anc_7-2,0.000136,0.000000,0.000000,0.001320
Q_ind_66_anc_7-2,0.000078,0.000000,0.000000,0.000858
Q_ind_67_anc_7-2,0.000074,0.000000,0.000000,0.000784
Q_ind_68_anc_7-2,0.000137,0.000000,0.000000,0.001742
Q_ind_69_anc_7-2,0.003767,0.000000,0.000000,0.049735
Q_ind_70_anc_7-2,0.000166,0.000000,0.000000,0.001682
Q_ind_71_anc_7-2,0.000181,0.000000,0.000000,0.002100
Q_ind_72_anc_7-2,0.000244,0.000000,0.000000,0.002729
Q_ind_73_anc_7-2,0.000276,0.000000,0.000000,0.003333
Q_ind_74_anc_7-2,0.000666,0.000000,0.000000,0.009375
Q_ind_75_anc_7-2,0.001625,0.000000,0.000000,0.025387
Q_ind_76_anc_7-2,0.000299,0.000000,0.000000,0.004288
Q_ind_77_anc_7-2,0.000181,0.000000,0.000000,0.001993
Q_ind_78_anc_7-2,0.000115,0.000000,0.000000,0.001012
Q_ind_79_anc_7-2,0.000689,0.000000,0.000000,0.008973
Q_ind_80_anc_7-2,0.000337,0.000000,0.000000,0.004597
Q_ind_81_anc_7-2,0.000083,0.000000,0.000000,0.000795
Q_ind_82_anc_7-2,0.000265,0.000000,0.000000,0.002917
Q_ind_83_anc_7-2,0.000192,0.000000,0.000000,0.001773
Q_ind_84_anc_7-2,0.000538,0.000000,0.000000,0.007145
Q_ind_85_anc_7-2,0.000232,0.000000,0.000000,0.002492
Q_ind_86_anc_7-2,0.000353,0.000000,0.000000,0.004379
Q_ind_87_anc_7-2,0.000396,0.000000,0.000000,0.004771
Q_ind_88_anc_7-2,0.000651,0.000000,0.000000,0.009929
Q_ind_89_anc_7-2,0.000543,0.000000,0.000000,0.003944
Q_ind_90_anc_7-2,0.000863,0.000000,0.000000,0.011479
Q_ind_91_anc_7-2,0.000619,0.000000,0.000000,0.008940
Q_ind_92_anc_7-2,0.000329,0.000000,0.000000,0.003355
Q_ind_93_anc_7-2,0.000380,0.000000,0.000000,0.004259
Q_ind_94_anc_7-2,0.000900,0.000000,0.000000,0.009479
Q_ind_95_anc_7-2,0.001273,0.000000,0.000000,0.016656
Q_ind_96_anc_7-2,0.000418,0.000000,0.000000,0.005179
Q_ind_97_anc_7-2,0.000983,0.000000,0.000000,0.014092
Q_ind_98_anc_7-2,0.003276,0.000000,0.000000,0.037845
Q_ind_99_anc_7-2,0.000424,0.000000,0.000000,0.005360
Q_ind_100_anc_7-2,0.000280,0.000000,0.000000,0.003110
Q_ind_101_anc_7-2,0.000081,0.000000,0.000000,0.000821
Q_ind_102_anc_7-2,0.000069,0.000000,0.000000,0.000641
Q_ind_103_anc_7-2,0.000139,0.000000,0.000000,0.001064
Q_ind_104_anc_7-2,0.000165,0.000000,0.000000,0.001670
Q_ind_105_anc_7-2,0.001712,0.000000,0.000000,0.024121
Q_ind_106_anc_7-2,0.000397,0.000000,0.000000,0.005145
Q_ind_107_anc_7-2,0.000219,0.000000,0.000000,0.002521
Q_ind_108_anc_7-2,0.002577,0.000000,0.000000,0.037084
Q_ind_109_anc_7-2,0.002026,0.000000,0.000000,0.026925
Q_ind_110_anc_7-2,0.000328,0.000000,0.000000,0.003523
Q_ind_111_anc_7-2,0.000454,0.000000,0.000000,0.005928
Q_ind_112_anc_7-2,0.000861,0.000000,0.000000,0.012415
Q_ind_113_anc_7-2,0.000516,0.000000,0.000000,0.004986
Q_ind_114_anc_7-2,0.000742,0.000000,0.000000,0.010078
Q_ind_115_anc_7-2,0.000311,0.000000,0.000000,0.002964
Q_ind_116_anc_7-2,0.000087,0.000000,0.000000,0.000803
Q_ind_117_anc_7-2,0.000269,0.000000,0.000000,0.003645
Q_ind_118_anc_7-2,0.000172,0.000000,0.000000,0.001374
Q_ind_119_anc_7-2,0.000409,0.000000,0.000000,0.004709
Q_ind_120_anc_7-2,0.000189,0.000000,0.000000,0.002065
Q_ind_121_anc_7-2,0.000085,0.000000,0.000000,0.000745
Q_ind_122_anc_7-2,0.000136,0.000000,0.000000,0.001455
Q_ind_123_anc_7-2,0.000117,0.000000,0.000000,0.001148
Q_ind_124_anc_7-2,0.000822,0.000000,0.000000,0.013840
Q_ind_125_anc_7-2,0.000301,0.000000,0.000000,0.003579
Q_ind_126_anc_7-2,0.000261,0.000000,0.000000,0.002988
Q_ind_127_anc_7-2,0.000223,0.000000,0.000000,0.001999
Q_ind_128_anc_7-2,0.000310,0.000000,0.000000,0.003625
Q_ind_129_anc_7-2,0.000543,0.000000,0.000000,0.007371
Q_ind_130_anc_7-2,0.000411,0.000000,0.000000,0.003186
Q_ind_131_anc_7-2,0.000521,0.000000,0.000000,0.007020
Q_ind_132_anc_7-2,0.000218,0.000000,0.000000,0.002525
Q_ind_133_anc_7-2,0.000224,0.000000,0.000000,0.002447
Q_ind_134_anc_7-2,0.000222,0.000000,0.000000,0.002635
Q_ind_135_anc_7-2,0.000142,0.000000,0.000000,0.001528
Q_ind_136_anc_7-2,0.000523,0.000000,0.000000,0.004883
Q_ind_137_anc_7-2,0.000289,0.000000,0.000000,0.002961
Q_ind_138_anc_7-2,0.000180,0.000000,0.000000,0.002147
Q_ind_139_anc_7-2,0.002375,0.000000,0.000000,0.037312
Q_ind_140_anc_7-2,0.000254,0.000000,0.000000,0.003078
Q_ind_141_anc_7-2,0.000635,0.000000,0.000000,0.007653
Q_ind_142_anc_7-2,0.000174,0.000000,0.000000,0.001728
Q_ind_143_anc_7-2,0.000373,0.000000,0.000000,0.003171
Q_ind_144_anc_7-2,0.000420,0.000000,0.000000,0.005230
Q_ind_145_anc_7-2,0.000115,0.000000,0.000000,0.001228
Q_ind_146_anc_7-2,0.000521,0.000000,0.000000,0.006810
Q_ind_147_anc_7-2,0.000232,0.000000,0.000000,0.002989
Q_ind_148_anc_7-2,0.000143,0.000000,0.000000,0.001538
Q_ind_149_anc_7-2,0.000231,0.000000,0.000000,0.003079
Q_ind_150_anc_7-2,0.000354,0.000000,0.000000,0.005083
Q_ind_151_anc_7-2,0.000391,0.000000,0.000000,0.005024
Q_ind_152_anc_7-2,0.000214,0.000000,0.000000,0.002814
Q_ind_153_anc_7-2,0.000159,0.000000,0.000000,0.001667
Q_ind_154_anc_7-2,0.000440,0.000000,0.000000,0.006552
Q_ind_155_anc_7-2,0.000145,0.000000,0.000000,0.001561
Q_ind_156_anc_7-2,0.000245,0.000000,0.000000,0.003277
Q_ind_157_anc_7-2,0.000478,0.000000,0.000000,0.006388
Q_ind_158_anc_7-2,0.000204,0.000000,0.000000,0.001758
Q_ind_159_anc_7-2,0.000394,0.000000,0.000000,0.005285
Q_ind_160_anc_7-2,0.000284,0.000000,0.000000,0.003158
Q_ind_161_anc_7-2,0.000192,0.000000,0.000000,0.002238
Q_ind_162_anc_7-2,0.000178,0.000000,0.000000,0.002057
Q_ind_163_anc_7-2,0.000193,0.000000,0.000000,0.001932
Q_ind_164_anc_7-2,0.001032,0.000000,0.000000,0.015952
Q_ind_165_anc_7-2,0.000138,0.000000,0.000000,0.001334
Q_ind_166_anc_7-2,0.000668,0.000000,0.000000,0.008077
Q_ind_167_anc_7-2,0.000758,0.000000,0.000000,0.008378
Q_ind_168_anc_7-2,0.000230,0.000000,0.000000,0.002469
Q_ind_169_anc_7-2,0.000151,0.000000,0.000000,0.001786
Q_ind_170_anc_7-2,0.000112,0.000000,0.000000,0.001242
Q_ind_171_anc_7-2,0.000226,0.000000,0.000000,0.002449
Q_ind_172_anc_7-2,0.000074,0.000000,0.000000,0.000771
Q_ind_173_anc_7-2,0.000547,0.000000,0.000000,0.006887
Q_ind_174_anc_7-2,0.000126,0.000000,0.000000,0.001186
Q_ind_175_anc_7-2,0.000844,0.000000,0.000000,0.008756
Q_ind_176_anc_7-2,0.000199,0.000000,0.000000,0.002037
Q_ind_177_anc_7-2,0.001741,0.000000,0.000000,0.028485
Q_ind_178_anc_7-2,0.000590,0.000000,0.000000,0.007277
Q_ind_179_anc_7-2,0.000220,0.000000,0.000000,0.002852
Q_ind_180_anc_7-2,0.000373,0.000000,0.000000,0.005392
Q_ind_181_anc_7-2,0.000352,0.000000,0.000000,0.004363
Q_ind_182_anc_7-2,0.000206,0.000000,0.000000,0.001971
Q_ind_183_anc_7-2,0.000144,0.000000,0.000000,0.001764
Q_ind_184_anc_7-2,0.000394,0.000000,0.000000,0.004877
Q_ind_185_anc_7-2,0.001219,0.000000,0.000000,0.015879
Q_ind_186_anc_7-2,0.000130,0.000000,0.000000,0.001356
Q_ind_187_anc_7-2,0.000293,0.000000,0.000000,0.003745
Q_ind_188_anc_7-2,0.000233,0.000000,0.000000,0.002635
Q_ind_189_anc_7-2,0.002271,0.000000,0.000000,0.034867
Q_ind_190_anc_7-2,0.009087,0.000000,0.000000,0.085385
Q_ind_191_anc_7-2,0.000314,0.000000,0.000000,0.003215
Q_ind_192_anc_7-2,0.008999,0.000000,0.000000,0.081767
Q_ind_193_anc_7-2,0.002623,0.000000,0.000000,0.032952
Q_ind_194_anc_7-2,0.000127,0.000000,0.000000,0.001489
Q_ind_195_anc_7-2,0.000204,0.000000,0.000000,0.002041
Q_ind_196_anc_7-2,0.000106,0.000000,0.000000,0.000735
Q_ind_197_anc_7-2,0.000096,0.000000,0.000000,0.000846
Q_ind_198_anc_7-2,0.000104,0.000000,0.000000,0.001348
Q_ind_199_anc_7-2,0.000180,0.000000,0.000000,0.002083
Q_ind_200_anc_7-2,0.000118,0.000000,0.000000,0.001222
Q_ind_201_anc_7-2,0.000298,0.000000,0.000000,0.003555
Q_ind_202_anc_7-2,0.000307,0.000000,0.000000,0.003154
Q_ind_203_anc_7-2,0.001136,0.000000,0.000000,0.014393
Q_ind_204_anc_7-2,0.000354,0.000000,0.000000,0.003575
Q_ind_205_anc_7-2,0.000213,0.000000,0.000000,0.002238
Q_ind_206_anc_7-2,0.000274,0.000000,0.000000,0.002863
Q_ind_207_anc_7-2,0.000211,0.000000,0.000000,0.002113
Q_ind_208_anc_7-2,0.005727,0.000000,0.000000,0.066755
Q_ind_209_anc_7-2,0.000184,0.000000,0.000000,0.002121
Q_ind_210_anc_7-2,0.004387,0.000000,0.000000,0.052907
Q_ind_211_anc_7-2,0.000237,0.000000,0.000000,0.002431
Q_ind_212_anc_7-2,0.019387,0.000000,0.000000,0.105831
Q_ind_213_anc_7-2,0.000193,0.000000,0.000000,0.002484
Q_ind_214_anc_7-2,0.000201,0.000000,0.000000,0.002050
Q_ind_215_anc_7-2,0.000108,0.000000,0.000000,0.000933
Q_ind_216_anc_7-2,0.000283,0.000000,0.000000,0.003534
Q_ind_217_anc_7-2,0.000144,0.000000,0.000000,0.001763
Q_ind_218_anc_7-2,0.000323,0.000000,0.000000,0.003310
Q_ind_219_anc_7-2,0.000233,0.000000,0.000000,0.002514
Q_ind_220_anc_7-2,0.000360,0.000000,0.000000,0.003555
Q_ind_221_anc_7-2,0.000342,0.000000,0.000000,0.003772
Q_ind_222_anc_7-2,0.000283,0.000000,0.000000,0.002930
Q_ind_223_anc_7-2,0.001306,0.000000,0.000000,0.019062
Q_ind_224_anc_7-2,0.003111,0.000000,0.000000,0.042122
Q_ind_225_anc_7-2,0.007813,0.000000,0.000000,0.070199
Q_ind_226_anc_7-2,0.003552,0.000000,0.000000,0.045130
Q_ind_227_anc_7-2,0.001936,0.000000,0.000000,0.027041
Q_ind_228_anc_7-2,0.001105,0.000000,0.000000,0.014811
Q_ind_229_anc_7-2,0.000269,0.000000,0.000000,0.003474
Q_ind_230_anc_7-2,0.035593,0.000076,0.000000,0.148294
Q_ind_231_anc_7-2,0.001888,0.000000,0.000000,0.026916
Q_ind_232_anc_7-2,0.001004,0.000000,0.000000,0.013341
Q_ind_233_anc_7-2,0.003446,0.000000,0.000000,0.041494
Q_ind_234_anc_7-2,0.000203,0.000000,0.000000,0.002947
Q_ind_235_anc_7-2,0.000102,0.000000,0.000000,0.000919
Q_ind_236_anc_7-2,0.000157,0.000000,0.000000,0.001795
Q_ind_237_anc_7-2,0.000135,0.000000,0.000000,0.001225
Q_ind_238_anc_7-2,0.000084,0.000000,0.000000,0.000779
Q_ind_239_anc_7-2,0.000304,0.000000,0.000000,0.003770
Q_ind_240_anc_7-2,0.000163,0.000000,0.000000,0.001492
Q_ind_241_anc_7-2,0.000085,0.000000,0.000000,0.000883
Q_ind_242_anc_7-2,0.000290,0.000000,0.000000,0.003461
Q_ind_243_anc_7-2,0.000134,0.000000,0.000000,0.001435
Q_ind_244_anc_7-2,0.000284,0.000000,0.000000,0.003019
Q_ind_245_anc_7-2,0.000134,0.000000,0.000000,0.001311
Q_ind_1_anc_7-3,0.000145,0.000000,0.000000,0.001615
Q_ind_2_anc_7-3,0.000760,0.000000,0.000000,0.010628
Q_ind_3_anc_7-3,0.000587,0.000000,0.000000,0.007070
Q_ind_4_anc_7-3,0.000237,0.000000,0.000000,0.002808
Q_ind_5_anc_7-3,0.000171,0.000000,0.000000,0.001565
Q_ind_6_anc_7-3,0.001283,0.000000,0.000000,0.018552
Q_ind_7_anc_7-3,0.000177,0.000000,0.000000,0.001851
Q_ind_8_anc_7-3,0.000904,0.000000,0.000000,0.013235
Q_ind_9_anc_7-3,0.000254,0.000000,0.000000,0.002910
Q_ind_10_anc_7-3,0.000236,0.000000,0.000000,0.002125
Q_ind_11_anc_7-3,0.001564,0.000000,0.000000,0.025042
Q_ind_12_anc_7-3,0.000437,0.000000,0.000000,0.005148
Q_ind_13_anc_7-3,0.085450,0.078165,0.000000,0.231267
Q_ind_14_anc_7-3,0.025650,0.000000,0.000000,0.197984
Q_ind_15_anc_7-3,0.007838,0.000000,0.000000,0.101110
Q_ind_16_anc_7-3,0.001616,0.000000,0.000000,0.025672
Q_ind_17_anc_7-3,0.097354,0.110436,0.000000,0.244773
Q_ind_18_anc_7-3,0.052309,0.000000,0.000000,0.288541
Q_ind_19_anc_7-3,0.051695,0.000483,0.000000,0.196134
Q_ind_20_anc_7-3,0.175157,0.199485,0.000000,0.333591
Q_ind_21_anc_7-3,0.000297,0.000000,0.000000,0.003364
Q_ind_22_anc_7-3,0.000282,0.000000,0.000000,0.003099
Q_ind_23_anc_7-3,0.000238,0.000000,0.000000,0.003236
Q_ind_24_anc_7-3,0.000445,0.000000,0.000000,0.005336
Q_ind_25_anc_7-3,0.000158,0.000000,0.000000,0.001630
Q_ind_26_anc_7-3,0.000095,0.000000,0.000000,0.001018
Q_ind_27_anc_7-3,0.000415,0.000000,0.000000,0.003042
Q_ind_28_anc_7-3,0.000200,0.000000,0.000000,0.002137
Q_ind_29_anc_7-3,0.000349,0.000000,0.000000,0.004513
Q_ind_30_anc_7-3,0.000162,0.000000,0.000000,0.001554
Q_ind_31_anc_7-3,0.000085,0.000000,0.000000,0.000919
Q_ind_32_anc_7-3,0.000274,0.000000,0.000000,0.002139
Q_ind_33_anc_7-3,0.000359,0.000000,0.000000,0.004595
Q_ind_34_anc_7-3,0.000133,0.000000,0.000000,0.001390
Q_ind_35_anc_7-3,0.000100,0.000000,0.000000,0.000858
Q_ind_36_anc_7-3,0.000115,0.000000,0.000000,0.001248
Q_ind_37_anc_7-3,0.000118,0.000000,0.000000,0.001054
Q_ind_38_anc_7-3,0.000094,0.000000,0.000000,0.001057
Q_ind_39_anc_7-3,0.000173,0.000000,0.000000,0.001527
Q_ind_40_anc_7-3,0.000587,0.000000,0.000000,0.007013
Q_ind_41_anc_7-3,0.000236,0.000000,0.000000,0.001969
Q_ind_42_anc_7-3,0.000177,0.000000,0.000000,0.002232
Q_ind_43_anc_7-3,0.000490,0.000000,0.000000,0.007438
Q_ind_44_anc_7-3,0.000443,0.000000,0.000000,0.005238
Q_ind_45_anc_7-3,0.000127,0.000000,0.000000,0.001225
Q_ind_46_anc_7-3,0.000165,0.000000,0.000000,0.001741
Q_ind_47_anc_7-3,0.000232,0.000000,0.000000,0.002926
Q_ind_48_anc_7-3,0.000559,0.000000,0.000000,0.007184
Q_ind_49_anc_7-3,0.000215,0.000000,0.000000,0.001791
Q_ind_50_anc_7-3,0.000224,0.000000,0.000000,0.002406
Q_ind_51_anc_7-3,0.000848,0.000000,0.000000,0.011942
Q_ind_52_anc_7-3,0.000439,0.000000,0.000000,0.006187
Q_ind_53_anc_7-3,0.000126,0.000000,0.000000,0.001130
Q_ind_54_anc_7-3,0.000635,0.000000,0.000000,0.007214
Q_ind_55_anc_7-3,0.000190,0.000000,0.000000,0.001426
Q_ind_56_anc_7-3,0.000315,0.000000,0.000000,0.003489
Q_ind_57_anc_7-3,0.032807,0.000000,0.000000,0.176854
Q_ind_58_anc_7-3,0.000220,0.000000,0.000000,0.002339
Q_ind_59_anc_7-3,0.001195,0.000000,0.000000,0.017704
Q_ind_60_anc_7-3,0.000496,0.000000,0.000000,0.005240
Q_ind_61_anc_7-3,0.000229,0.000000,0.000000,0.002857
Q_ind_62_anc_7-3,0.000714,0.000000,0.000000,0.007328
Q_ind_63_anc_7-3,0.000068,0.000000,0.000000,0.000607
Q_ind_64_anc_7-3,0.000095,0.000000,0.000000,0.000798
Q_ind_65_anc_7-3,0.000072,0.000000,0.000000,0.000711
Q_ind_66_anc_7-3,0.000079,0.000000,0.000000,0.000669
Q_ind_67_anc_7-3,0.000071,0.000000,0.000000,0.000757
Q_ind_68_anc_7-3,0.001474,0.000000,0.000000,0.026797
Q_ind_69_anc_7-3,0.000204,0.000000,0.000000,0.002038
Q_ind_70_anc_7-3,0.000177,0.000000,0.000000,0.001524
Q_ind_71_anc_7-3,0.000821,0.000000,0.000000,0.011776
Q_ind_72_anc_7-3,0.000549,0.000000,0.000000,0.007333
Q_ind_73_anc_7-3,0.000243,0.000000,0.000000,0.002109
Q_ind_74_anc_7-3,0.000798,0.000000,0.000000,0.006785
Q_ind_75_anc_7-3,0.000239,0.000000,0.000000,0.002023
Q_ind_76_anc_7-3,0.000292,0.000000,0.000000,0.002838
Q_ind_77_anc_7-3,0.000173,0.000000,0.000000,0.001536
Q_ind_78_anc_7-3,0.000289,0.000000,0.000000,0.002726
Q_ind_79_anc_7-3,0.000672,0.000000,0.000000,0.007903
Q_ind_80_anc_7-3,0.000276,0.000000,0.000000,0.003779
Q_ind_81_anc_7-3,0.000150,0.000000,0.000000,0.001662
Q_ind_82_anc_7-3,0.003406,0.000000,0.000000,0.045959
Q_ind_83_anc_7-3,0.000420,0.000000,0.000000,0.005071
Q_ind_84_anc_7-3,0.001538,0.000000,0.000000,0.020063
Q_ind_85_anc_7-3,0.002251,0.000000,0.000000,0.041620
Q_ind_86_anc_7-3,0.000139,0.000000,0.000000,0.001308
Q_ind_87_anc_7-3,0.000334,0.000000,0.000000,0.003044
Q_ind_88_anc_7-3,0.007819,0.000000,0.000000,0.139509
Q_ind_89_anc_7-3,0.000426,0.000000,0.000000,0.004874
Q_ind_90_anc_7-3,0.001098,0.000000,0.000000,0.009398
Q_ind_91_anc_7-3,0.000458,0.000000,0.000000,0.005268
Q_ind_92_anc_7-3,0.000152,0.000000,0.000000,0.001754
Q_ind_93_anc_7-3,0.011229,0.000000,0.000000,0.167318
Q_ind_94_anc_7-3,0.001141,0.000000,0.000000,0.014829
Q_ind_95_anc_7-3,0.000728,0.000000,0.000000,0.010106
Q_ind_96_anc_7-3,0.000444,0.000000,0.000000,0.004905
Q_ind_97_anc_7-3,0.000435,0.000000,0.000000,0.005218
Q_ind_98_anc_7-3,0.559617,0.535182,0.456947,0.900831
Q_ind_99_anc_7-3,0.267473,0.258162,0.171452,0.422026
Q_ind_100_anc_7-3,0.000243,0.000000,0.000000,0.002023
Q_ind_101_anc_7-3,0.000661,0.000000,0.000000,0.010364
Q_ind_102_anc_7-3,0.000078,0.000000,0.000000,0.000754
Q_ind_103_anc_7-3,0.000167,0.000000,0.000000,0.001673
Q_ind_104_anc_7-3,0.000124,0.000000,0.000000,0.001416
Q_ind_105_anc_7-3,0.337939,0.327029,0.245482,0.519527
Q_ind_106_anc_7-3,0.009164,0.000000,0.000000,0.070687
Q_ind_107_anc_7-3,0.000373,0.000000,0.000000,0.004485
Q_ind_108_anc_7-3,0.000380,0.000000,0.000000,0.004683
Q_ind_109_anc_7-3,0.001750,0.000000,0.000000,0.021934
Q_ind_110_anc_7-3,0.000935,0.000000,0.000000,0.011962
Q_ind_111_anc_7-3,0.000320,0.000000,0.000000,0.003938
Q_ind_112_anc_7-3,0.000553,0.000000,0.000000,0.006551
Q_ind_113_anc_7-3,0.001208,0.000000,0.000000,0.014153
Q_ind_114_anc_7-3,0.000767,0.000000,0.000000,0.009323
Q_ind_115_anc_7-3,0.000221,0.000000,0.000000,0.002481
Q_ind_116_anc_7-3,0.000262,0.000000,0.000000,0.003402
Q_ind_117_anc_7-3,0.000152,0.000000,0.000000,0.001452
Q_ind_118_anc_7-3,0.000553,0.000000,0.000000,0.006177
Q_ind_119_anc_7-3,0.000998,0.000000,0.000000,0.013676
Q_ind_120_anc_7-3,0.000190,0.000000,0.000000,0.001593
Q_ind_121_anc_7-3,0.000403,0.000000,0.000000,0.005325
Q_ind_122_anc_7-3,0.000292,0.000000,0.000000,0.002911
Q_ind_123_anc_7-3,0.000392,0.000000,0.000000,0.005175
Q_ind_124_anc_7-3,0.019916,0.000000,0.000000,0.141028
Q_ind_125_anc_7-3,0.000291,0.000000,0.000000,0.003632
Q_ind_126_anc_7-3,0.000263,0.000000,0.000000,0.002217
Q_ind_127_anc_7-3,0.000358,0.000000,0.000000,0.003765
Q_ind_128_anc_7-3,0.000497,0.000000,0.000000,0.005423
Q_ind_129_anc_7-3,0.002044,0.000000,0.000000,0.031610
Q_ind_130_anc_7-3,0.001068,0.000000,0.000000,0.008209
Q_ind_131_anc_7-3,0.002313,0.000000,0.000000,0.029420
Q_ind_132_anc_7-3,0.000200,0.000000,0.000000,0.001978
Q_ind_133_anc_7-3,0.013738,0.000000,0.000000,0.133969
Q_ind_134_anc_7-3,0.000156,0.000000,0.000000,0.001433
Q_ind_135_anc_7-3,0.000547,0.000000,0.000000,0.004351
Q_ind_136_anc_7-3,0.000196,0.000000,0.000000,0.002176
Q_ind_137_anc_7-3,0.000311,0.000000,0.000000,0.002471
Q_ind_138_anc_7-3,0.000275,0.000000,0.000000,0.002076
Q_ind_139_anc_7-3,0.000422,0.000000,0.000000,0.005880
Q_ind_140_anc_7-3,0.000275,0.000000,0.000000,0.002076
Q_ind_141_anc_7-3,0.001654,0.000000,0.000000,0.017891
Q_ind_142_anc_7-3,0.008138,0.000000,0.000000,0.157658
Q_ind_143_anc_7-3,0.000371,0.000000,0.000000,0.003921
Q_ind_144_anc_7-3,0.000494,0.000000,0.000000,0.004536
Q_ind_145_anc_7-3,0.000068,0.000000,0.000000,0.000612
Q_ind_146_anc_7-3,0.007749,0.000000,0.000000,0.047090
Q_ind_147_anc_7-3,0.000135,0.000000,0.000000,0.001357
Q_ind_148_anc_7-3,0.000832,0.000000,0.000000,0.010328
Q_ind_149_anc_7-3,0.000160,0.000000,0.000000,0.001896
Q_ind_150_anc_7-3,0.000151,0.000000,0.000000,0.001631
Q_ind_151_anc_7-3,0.000187,0.000000,0.000000,0.002000
Q_ind_152_anc_7-3,0.000401,0.000000,0.000000,0.005034
Q_ind_153_anc_7-3,0.000151,0.000000,0.000000,0.001546
Q_ind_154_anc_7-3,0.000622,0.000000,0.000000,0.008763
Q_ind_155_anc_7-3,0.000190,0.000000,0.000000,0.002053
Q_ind_156_anc_7-3,0.000287,0.000000,0.000000,0.003587
Q_ind_157_anc_7-3,0.000933,0.000000,0.000000,0.015300
Q_ind_158_anc_7-3,0.000397,0.000000,0.000000,0.004844
Q_ind_159_anc_7-3,0.000212,0.000000,0.000000,0.002526
Q_ind_160_anc_7-3,0.000125,0.000000,0.000000,0.001330
Q_ind_161_anc_7-3,0.000124,0.000000,0.000000,0.001137
Q_ind_162_anc_7-3,0.000819,0.000000,0.000000,0.011905
Q_ind_163_anc_7-3,0.000224,0.000000,0.000000,0.002050
Q_ind_164_anc_7-3,0.000525,0.000000,0.000000,0.007527
Q_ind_165_anc_7-3,0.000161,0.000000,0.000000,0.001963
Q_ind_166_anc_7-3,0.000595,0.000000,0.000000,0.006459
Q_ind_167_anc_7-3,0.000125,0.000000,0.000000,0.001160
Q_ind_168_anc_7-3,0.000126,0.000000,0.000000,0.001457
Q_ind_169_anc_7-3,0.000281,0.000000,0.000000,0.003669
Q_ind_170_anc_7-3,0.000525,0.000000,0.000000,0.005913
Q_ind_171_anc_7-3,0.000558,0.000000,0.000000,0.004253
Q_ind_172_anc_7-3,0.000285,0.000000,0.000000,0.003408
Q_ind_173_anc_7-3,0.000519,0.000000,0.000000,0.006460
Q_ind_174_anc_7-3,0.000637,0.000000,0.000000,0.004213
Q_ind_175_anc_7-3,0.000248,0.000000,0.000000,0.002675
Q_ind_176_anc_7-3,0.001579,0.000000,0.000000,0.018083
Q_ind_177_anc_7-3,0.001230,0.000000,0.000000,0.016345
Q_ind_178_anc_7-3,0.001065,0.000000,0.000000,0.015234
Q_ind_179_anc_7-3,0.000164,0.000000,0.000000,0.001257
Q_ind_180_anc_7-3,0.000628,0.000000,0.000000,0.005703
Q_ind_181_anc_7-3,0.000211,0.000000,0.000000,0.002334
Q_ind_182_anc_7-3,0.000405,0.000000,0.000000,0.004320
Q_ind_183_anc_7-3,0.000183,0.000000,0.000000,0.001560
Q_ind_184_anc_7-3,0.000184,0.000000,0.000000,0.001429
Q_ind_185_anc_7-3,0.016229,0.000000,0.000000,0.129417
Q_ind_186_anc_7-3,0.000254,0.000000,0.000000,0.003192
Q_ind_187_anc_7-3,0.000185,0.000000,0.000000,0.002022
Q_ind_188_anc_7-3,0.000212,0.000000,0.000000,0.002276
Q_ind_189_anc_7-3,0.000484,0.000000,0.000000,0.005951
Q_ind_190_anc_7-3,0.005977,0.000000,0.000000,0.089952
Q_ind_191_anc_7-3,0.000261,0.000000,0.000000,0.003372
Q_ind_192_anc_7-3,0.000131,0.000000,0.000000,0.001557
Q_ind_193_anc_7-3,0.000321,0.000000,0.000000,0.002815
Q_ind_194_anc_7-3,0.000030,0.000000,0.000000,0.000283
Q_ind_195_anc_7-3,0.000098,0.000000,0.000000,0.000822
Q_ind_196_anc_7-3,0.000058,0.000000,0.000000,0.000652
Q_ind_197_anc_7-3,0.000043,0.000000,0.000000,0.000433
Q_ind_198_anc_7-3,0.000033,0.000000,0.000000,0.000377
Q_ind_199_anc_7-3,0.000126,0.000000,0.000000,0.001106
Q_ind_200_anc_7-3,0.000044,0.000000,0.000000,0.000506
Q_ind_201_anc_7-3,0.000132,0.000000,0.000000,0.001254
Q_ind_202_anc_7-3,0.000107,0.000000,0.000000,0.001046
Q_ind_203_anc_7-3,0.000625,0.000000,0.000000,0.008505
Q_ind_204_anc_7-3,0.001018,0.000000,0.000000,0.016061
Q_ind_205_anc_7-3,0.000466,0.000000,0.000000,0.004539
Q_ind_206_anc_7-3,0.000454,0.000000,0.000000,0.006100
Q_ind_207_anc_7-3,0.000757,0.000000,0.000000,0.011388
Q_ind_208_anc_7-3,0.000233,0.000000,0.000000,0.002163
Q_ind_209_anc_7-3,0.000254,0.000000,0.000000,0.002031
Q_ind_210_anc_7-3,0.000311,0.000000,0.000000,0.003747
Q_ind_211_anc_7-3,0.000245,0.000000,0.000000,0.002543
Q_ind_212_anc_7-3,0.000538,0.000000,0.000000,0.006948
Q_ind_213_anc_7-3,0.000500,0.000000,0.000000,0.005704
Q_ind_214_anc_7-3,0.000315,0.000000,0.000000,0.003582
Q_ind_215_anc_7-3,0.000244,0.000000,0.000000,0.002372
Q_ind_216_anc_7-3,0.000381,0.000000,0.000000,0.002743
Q_ind_217_anc_7-3,0.000420,0.000000,0.000000,0.003659
Q_ind_218_anc_7-3,0.004507,0.000000,0.000000,0.111263
Q_ind_219_anc_7-3,0.000320,0.000000,0.000000,0.003763
Q_ind_220_anc_7-3,0.000222,0.000000,0.000000,0.002407
Q_ind_221_anc_7-3,0.000313,0.000000,0.000000,0.002529
Q_ind_222_anc_7-3,0.000634,0.000000,0.000000,0.005263
Q_ind_223_anc_7-3,0.000416,0.000000,0.000000,0.004562
Q_ind_224_anc_7-3,0.000527,0.000000,0.000000,0.004829
Q_ind_225_anc_7-3,0.000456,0.000000,0.000000,0.005975
Q_ind_226_anc_7-3,0.000454,0.000000,0.000000,0.006173
Q_ind_227_anc_7-3,0.003581,0.000000,0.000000,0.050052
Q_ind_228_anc_7-3,0.001358,0.000000,0.000000,0.018037
Q_ind_229_anc_7-3,0.000509,0.000000,0.000000,0.005519
Q_ind_230_anc_7-3,0.004384,0.000000,0.000000,0.063920
Q_ind_231_anc_7-3,0.000731,0.000000,0.000000,0.010720
Q_ind_232_anc_7-3,0.000649,0.000000,0.000000,0.007429
Q_ind_233_anc_7-3,0.003403,0.000000,0.000000,0.050041
Q_ind_234_anc_7-3,0.000342,0.000000,0.000000,0.003642
Q_ind_235_anc_7-3,0.000786,0.000000,0.000000,0.011399
Q_ind_236_anc_7-3,0.001861,0.000000,0.000000,0.028072
Q_ind_237_anc_7-3,0.000331,0.000000,0.000000,0.003334
Q_ind_238_anc_7-3,0.000279,0.000000,0.000000,0.002858
Q_ind_239_anc_7-3,0.000405,0.000000,0.000000,0.005447
Q_ind_240_anc_7-3,0.000276,0.000000,0.000000,0.002613
Q_ind_241_anc_7-3,0.000253,0.000000,0.000000,0.002292
Q_ind_242_anc_7-3,0.001069,0.000000,0.000000,0.015999
Q_ind_243_anc_7-3,0.000093,0.000000,0.000000,0.000847
Q_ind_244_anc_7-3,0.004687,0.000000,0.000000,0.086904
Q_ind_245_anc_7-3,0.000128,0.000000,0.000000,0.001209
Q_ind_1_anc_7-4,0.000236,0.000000,0.000000,0.002051
Q_ind_2_anc_7-4,0.001136,0.000000,0.000000,0.016242
Q_ind_3_anc_7-4,0.000406,0.000000,0.000000,0.005230
Q_ind_4_anc_7-4,0.000414,0.000000,0.000000,0.005657
Q_ind_5_anc_7-4,0.000442,0.000000,0.000000,0.003089
Q_ind_6_anc_7-4,0.000629,0.000000,0.000000,0.008739
Q_ind_7_anc_7-4,0.000155,0.000000,0.000000,0.001649
Q_ind_8_anc_7-4,0.000744,0.000000,0.000000,0.008592
Q_ind_9_anc_7-4,0.000275,0.000000,0.000000,0.002827
Q_ind_10_anc_7-4,0.000146,0.000000,0.000000,0.001431
Q_ind_11_anc_7-4,0.000503,0.000000,0.000000,0.006164
Q_ind_12_anc_7-4,0.000454,0.000000,0.000000,0.004167
Q_ind_13_anc_7-4,0.001348,0.000000,0.000000,0.016552
Q_ind_14_anc_7-4,0.001833,0.000000,0.000000,0.024731
Q_ind_15_anc_7-4,0.000273,0.000000,0.000000,0.003527
Q_ind_16_anc_7-4,0.000277,0.000000,0.000000,0.002047
Q_ind_17_anc_7-4,0.001297,0.000000,0.000000,0.019093
Q_ind_18_anc_7-4,0.020110,0.000000,0.000000,0.132447
Q_ind_19_anc_7-4,0.000823,0.000000,0.000000,0.012066
Q_ind_20_anc_7-4,0.066433,0.062373,0.000000,0.183582
Q_ind_21_anc_7-4,0.001287,0.000000,0.000000,0.019934
Q_ind_22_anc_7-4,0.000398,0.000000,0.000000,0.003938
Q_ind_23_anc_7-4,0.004281,0.000000,0.000000,0.046505
Q_ind_24_anc_7-4,0.000280,0.000000,0.000000,0.003084
Q_ind_25_anc_7-4,0.000611,0.000000,0.000000,0.006046
Q_ind_26_anc_7-4,0.000124,0.000000,0.000000,0.001304
Q_ind_27_anc_7-4,0.000226,0.000000,0.000000,0.002800
Q_ind_28_anc_7-4,0.000275,0.000000,0.000000,0.003436
Q_ind_29_anc_7-4,0.000523,0.000000,0.000000,0.005814
Q_ind_30_anc_7-4,0.000208,0.000000,0.000000,0.002296
Q_ind_31_anc_7-4,0.000114,0.000000,0.000000,0.001136
Q_ind_32_anc_7-4,0.000977,0.000000,0.000000,0.014351
Q_ind_33_anc_7-4,0.000763,0.000000,0.000000,0.009088
Q_ind_34_anc_7-4,0.000282,0.000000,0.000000,0.003623
Q_ind_35_anc_7-4,0.000385,0.000000,0.000000,0.005578
Q_ind_36_anc_7-4,0.000115,0.000000,0.000000,0.001226
Q_ind_37_anc_7-4,0.000297,0.000000,0.000000,0.003051
Q_ind_38_anc_7-4,0.000153,0.000000,0.000000,0.002154
Q_ind_39_anc_7-4,0.000559,0.000000,0.000000,0.007193
Q_ind_40_anc_7-4,0.000950,0.000000,0.000000,0.014222
Q_ind_41_anc_7-4,0.003450,0.000000,0.000000,0.058394
Q_ind_42_anc_7-4,0.000188,0.000000,0.000000,0.001872
Q_ind_43_anc_7-4,0.000346,0.000000,0.000000,0.004382
Q_ind_44_anc_7-4,0.000296,0.000000,0.000000,0.002864
Q_ind_45_anc_7-4,0.000572,0.000000,0.000000,0.006168
Q_ind_46_anc_7-4,0.000223,0.000000,0.000000,0.002684
Q_ind_47_anc_7-4,0.000207,0.000000,0.000000,0.002109
Q_ind_48_anc_7-4,0.000208,0.000000,0.000000,0.002303
Q_ind_49_anc_7-4,0.000194,0.000000,0.000000,0.002230
Q_ind_50_anc_7-4,0.000135,0.000000,0.000000,0.001751
Q_ind_51_anc_7-4,0.000167,0.000000,0.000000,0.001910
Q_ind_52_anc_7-4,0.000128,0.000000,0.000000,0.001056
Q_ind_53_anc_7-4,0.000179,0.000000,0.000000,0.001817
Q_ind_54_anc_7-4,0.000249,0.000000,0.000000,0.002857
Q_ind_55_anc_7-4,0.000301,0.000000,0.000000,0.003761
Q_ind_56_anc_7-4,0.000263,0.000000,0.000000,0.003109
Q_ind_57_anc_7-4,0.000849,0.000000,0.000000,0.012205
Q_ind_58_anc_7-4,0.000279,0.000000,0.000000,0.004100
Q_ind_59_anc_7-4,0.000602,0.000000,0.000000,0.007335
Q_ind_60_anc_7-4,0.000207,0.000000,0.000000,0.002807
Q_ind_61_anc_7-4,0.000386,0.000000,0.000000,0.004501
Q_ind_62_anc_7-4,0.000166,0.000000,0.000000,0.001844
Q_ind_63_anc_7-4,0.000161,0.000000,0.000000,0.001084
Q_ind_64_anc_7-4,0.000211,0.000000,0.000000,0.002650
Q_ind_65_anc_7-4,0.000182,0.000000,0.000000,0.001797
Q_ind_66_anc_7-4,0.000111,0.000000,0.000000,0.001332
Q_ind_67_anc_7-4,0.000262,0.000000,0.000000,0.002406
Q_ind_68_anc_7-4,0.000296,0.000000,0.000000,0.003079
Q_ind_69_anc_7-4,0.000261,0.000000,0.000000,0.002184
Q_ind_70_anc_7-4,0.000141,0.000000,0.000000,0.001165
Q_ind_71_anc_7-4,0.000164,0.000000,0.000000,0.001338
Q_ind_72_anc_7-4,0.000148,0.000000,0.000000,0.001577
Q_ind_73_anc_7-4,0.000535,0.000000,0.000000,0.004852
Q_ind_74_anc_7-4,0.000427,0.000000,0.000000,0.003497
Q_ind_75_anc_7-4,0.000326,0.000000,0.000000,0.004391
Q_ind_76_anc_7-4,0.000117,0.000000,0.000000,0.001150
Q_ind_77_anc_7-4,0.000331,0.000000,0.000000,0.003497
Q_ind_78_anc_7-4,0.003462,0.000000,0.000000,0.049035
Q_ind_79_anc_7-4,0.011884,0.000000,0.000000,0.097129
Q_ind_80_anc_7-4,0.000279,0.000000,0.000000,0.002706
Q_ind_81_anc_7-4,0.000198,0.000000,0.000000,0.002025
Q_ind_82_anc_7-4,0.002143,0.000000,0.000000,0.029365
Q_ind_83_anc_7-4,0.003793,0.000000,0.000000,0.056889
Q_ind_84_anc_7-4,0.001977,0.000000,0.000000,0.025468
Q_ind_85_anc_7-4,0.000275,0.000000,0.000000,0.003116
Q_ind_86_anc_7-4,0.001145,0.000000,0.000000,0.014150
Q_ind_87_anc_7-4,0.000510,0.000000,0.000000,0.006161
Q_ind_88_anc_7-4,0.000809,0.000000,0.000000,0.010096
Q_ind_89_anc_7-4,0.002469,0.000000,0.000000,0.037216
Q_ind_90_anc_7-4,0.001495,0.000000,0.000000,0.025893
Q_ind_91_anc_7-4,0.000791,0.000000,0.000000,0.009012
Q_ind_92_anc_7-4,0.001980,0.000000,0.000000,0.028739
Q_ind_93_anc_7-4,0.000487,0.000000,0.000000,0.004439
Q_ind_94_anc_7-4,0.044916,0.000000,0.000000,0.229784
Q_ind_95_anc_7-4,0.057125,0.054428,0.000000,0.164655
Q_ind_96_anc_7-4,0.000160,0.000000,0.000000,0.001820
Q_ind_97_anc_7-4,0.000185,0.000000,0.000000,0.001828
Q_ind_98_anc_7-4,0.001280,0.000000,0.000000,0.020366
Q_ind_99_anc_7-4,0.137088,0.135946,0.063171,0.218354
Q_ind_100_anc_7-4,0.000086,0.000000,0.000000,0.000653
Q_ind_101_anc_7-4,0.000149,0.000000,0.000000,0.001654
Q_ind_102_anc_7-4,0.000105,0.000000,0.000000,0.001060
Q_ind_103_anc_7-4,0.000328,0.000000,0.000000,0.003390
Q_ind_104_anc_7-4,0.000161,0.000000,0.000000,0.001489
Q_ind_105_anc_7-4,0.107197,0.105840,0.049732,0.172250
Q_ind_106_anc_7-4,0.001927,0.000000,0.000000,0.029239
Q_ind_107_anc_7-4,0.000355,0.000000,0.000000,0.003639
Q_ind_108_anc_7-4,0.001002,0.000000,0.000000,0.011612
Q_ind_109_anc_7-4,0.004950,0.000000,0.000000,0.066512
Q_ind_110_anc_7-4,0.002654,0.000000,0.000000,0.044812
Q_ind_111_anc_7-4,0.000178,0.000000,0.000000,0.001726
Q_ind_112_anc_7-4,0.005143,0.000000,0.000000,0.068901
Q_ind_113_anc_7-4,0.002127,0.000000,0.000000,0.034914
Q_ind_114_anc_7-4,0.000919,0.000000,0.000000,0.005938
Q_ind_115_anc_7-4,0.000343,0.000000,0.000000,0.004006
Q_ind_116_anc_7-4,0.000171,0.000000,0.000000,0.001725
Q_ind_117_anc_7-4,0.000506,0.000000,0.000000,0.006589
Q_ind_118_anc_7-4,0.000339,0.000000,0.000000,0.004513
Q_ind_119_anc_7-4,0.000293,0.000000,0.000000,0.002523
Q_ind_120_anc_7-4,0.000271,0.000000,0.000000,0.003253
Q_ind_121_anc_7-4,0.000385,0.000000,0.000000,0.005140
Q_ind_122_anc_7-4,0.000290,0.000000,0.000000,0.003285
Q_ind_123_anc_7-4,0.000233,0.000000,0.000000,0.002760
Q_ind_124_anc_7-4,0.136820,0.136118,0.067570,0.208657
Q_ind_125_anc_7-4,0.000171,0.000000,0.000000,0.001113
Q_ind_126_anc_7-4,0.000346,0.000000,0.000000,0.003785
Q_ind_127_anc_7-4,0.010043,0.000000,0.000000,0.104446
Q_ind_128_anc_7-4,0.000231,0.000000,0.000000,0.002520
Q_ind_129_anc_7-4,0.002421,0.000000,0.000000,0.041649
Q_ind_130_anc_7-4,0.001270,0.000000,0.000000,0.013098
Q_ind_131_anc_7-4,0.016648,0.000000,0.000000,0.193165
Q_ind_132_anc_7-4,0.017776,0.000000,0.000000,0.171851
Q_ind_133_anc_7-4,0.000463,0.000000,0.000000,0.006403
Q_ind_134_anc_7-4,0.000177,0.000000,0.000000,0.001514
Q_ind_135_anc_7-4,0.000235,0.000000,0.000000,0.002372
Q_ind_136_anc_7-4,0.000422,0.000000,0.000000,0.004386
Q_ind_137_anc_7-4,0.001216,0.000000,0.000000,0.016155
Q_ind_138_anc_7-4,0.000280,0.000000,0.000000,0.002717
Q_ind_139_anc_7-4,0.000343,0.000000,0.000000,0.003784
Q_ind_140_anc_7-4,0.000667,0.000000,0.000000,0.009846
Q_ind_141_anc_7-4,0.000552,0.000000,0.000000,0.007679
Q_ind_142_anc_7-4,0.000095,0.000000,0.000000,0.000922
Q_ind_143_anc_7-4,0.001278,0.000000,0.000000,0.014374
Q_ind_144_anc_7-4,0.000373,0.000000,0.000000,0.004643
Q_ind_145_anc_7-4,0.000069,0.000000,0.000000,0.000701
Q_ind_146_anc_7-4,0.000719,0.000000,0.000000,0.010643
Q_ind_147_anc_7-4,0.000314,0.000000,0.000000,0.002081
Q_ind_148_anc_7-4,0.001818,0.000000,0.000000,0.023652
Q_ind_149_anc_7-4,0.000330,0.000000,0.000000,0.003421
Q_ind_150_anc_7-4,0.001507,0.000000,0.000000,0.017013
Q_ind_151_anc_7-4,0.000253,0.000000,0.000000,0.003589
Q_ind_152_anc_7-4,0.000551,0.000000,0.000000,0.007290
Q_ind_153_anc_7-4,0.000276,0.000000,0.000000,0.003915
Q_ind_154_anc_7-4,0.003089,0.000000,0.000000,0.029762
Q_ind_155_anc_7-4,0.023516,0.000000,0.000000,0.127583
Q_ind_156_anc_7-4,0.000249,0.000000,0.000000,0.002131
Q_ind_157_anc_7-4,0.010583,0.000000,0.000000,0.064192
Q_ind_158_anc_7-4,0.000803,0.000000,0.000000,0.007523
Q_ind_159_anc_7-4,0.000529,0.000000,0.000000,0.005811
Q_ind_160_anc_7-4,0.000212,0.000000,0.000000,0.002296
Q_ind_161_anc_7-4,0.000554,0.000000,0.000000,0.007467
Q_ind_162_anc_7-4,0.000428,0.000000,0.000000,0.005474
Q_ind_163_anc_7-4,0.000419,0.000000,0.000000,0.004358
Q_ind_164_anc_7-4,0.001001,0.000000,0.000000,0.012999
Q_ind_165_anc_7-4,0.000267,0.000000,0.000000,0.002282
Q_ind_166_anc_7-4,0.000186,0.000000,0.000000,0.001618
Q_ind_167_anc_7-4,0.000362,0.000000,0.000000,0.003113
Q_ind_168_anc_7-4,0.000282,0.000000,0.000000,0.003029
Q_ind_169_anc_7-4,0.000418,0.000000,0.000000,0.003756
Q_ind_170_anc_7-4,0.000201,0.000000,0.000000,0.001961
Q_ind_171_anc_7-4,0.000379,0.000000,0.000000,0.004029
Q_ind_172_anc_7-4,0.000157,0.000000,0.000000,0.001680
Q_ind_173_anc_7-4,0.000328,0.000000,0.000000,0.003486
Q_ind_174_anc_7-4,0.000147,0.000000,0.000000,0.001550
Q_ind_175_anc_7-4,0.000363,0.000000,0.000000,0.004498
Q_ind_176_anc_7-4,0.005411,0.000000,0.000000,0.073558
Q_ind_177_anc_7-4,0.000333,0.000000,0.000000,0.002916
Q_ind_178_anc_7-4,0.003176,0.000000,0.000000,0.059517
Q_ind_179_anc_7-4,0.000225,0.000000,0.000000,0.003107
Q_ind_180_anc_7-4,0.000608,0.000000,0.000000,0.008198
Q_ind_181_anc_7-4,0.022495,0.000000,0.000000,0.155053
Q_ind_182_anc_7-4,0.001584,0.000000,0.000000,0.023939
Q_ind_183_anc_7-4,0.000388,0.000000,0.000000,0.004571
Q_ind_184_anc_7-4,0.002387,0.000000,0.000000,0.035441
Q_ind_185_anc_7-4,0.001221,0.000000,0.000000,0.017680
Q_ind_186_anc_7-4,0.000175,0.000000,0.000000,0.001808
Q_ind_187_anc_7-4,0.000114,0.000000,0.000000,0.001426
Q_ind_188_anc_7-4,0.000225,0.000000,0.000000,0.002182
Q_ind_189_anc_7-4,0.000678,0.000000,0.000000,0.008620
Q_ind_190_anc_7-4,0.002959,0.000000,0.000000,0.051341
Q_ind_191_anc_7-4,0.000166,0.000000,0.000000,0.001945
Q_ind_192_anc_7-4,0.000307,0.000000,0.000000,0.003144
Q_ind_193_anc_7-4,0.002360,0.000000,0.000000,0.026940
Q_ind_194_anc_7-4,0.000041,0.000000,0.000000,0.000400
Q_ind_195_anc_7-4,0.000118,0.000000,0.000000,0.001212
Q_ind_196_anc_7-4,0.000045,0.000000,0.000000,0.000459
Q_ind_197_anc_7-4,0.000056,0.000000,0.000000,0.000632
Q_ind_198_anc_7-4,0.000059,0.000000,0.000000,0.000629
Q_ind_199_anc_7-4,0.000164,0.000000,0.000000,0.001933
Q_ind_200_anc_7-4,0.000079,0.000000,0.000000,0.000946
Q_ind_201_anc_7-4,0.011385,0.000000,0.000000,0.102869
Q_ind_202_anc_7-4,0.000411,0.000000,0.000000,0.005789
Q_ind_203_anc_7-4,0.000690,0.000000,0.000000,0.009119
Q_ind_204_anc_7-4,0.000528,0.000000,0.000000,0.006895
Q_ind_205_anc_7-4,0.000283,0.000000,0.000000,0.002799
Q_ind_206_anc_7-4,0.002083,0.000000,0.000000,0.029470
Q_ind_207_anc_7-4,0.001029,0.000000,0.000000,0.013353
Q_ind_208_anc_7-4,0.007089,0.000000,0.000000,0.081182
Q_ind_209_anc_7-4,0.000294,0.000000,0.000000,0.002971
Q_ind_210_anc_7-4,0.000306,0.000000,0.000000,0.003209
Q_ind_211_anc_7-4,0.000394,0.000000,0.000000,0.005463
Q_ind_212_anc_7-4,0.071196,0.076595,0.000000,0.191709
Q_ind_213_anc_7-4,0.000406,0.000000,0.000000,0.003607
Q_ind_214_anc_7-4,0.007519,0.000000,0.000000,0.084852
Q_ind_215_anc_7-4,0.000441,0.000000,0.000000,0.003298
Q_ind_216_anc_7-4,0.000193,0.000000,0.000000,0.002482
Q_ind_217_anc_7-4,0.000171,0.000000,0.000000,0.001688
Q_ind_218_anc_7-4,0.012791,0.000000,0.000000,0.117799
Q_ind_219_anc_7-4,0.000608,0.000000,0.000000,0.006518
Q_ind_220_anc_7-4,0.000575,0.000000,0.000000,0.007730
Q_ind_221_anc_7-4,0.001912,0.000000,0.000000,0.027361
Q_ind_222_anc_7-4,0.000981,0.000000,0.000000,0.014739
Q_ind_223_anc_7-4,0.025229,0.000000,0.000000,0.190904
Q_ind_224_anc_7-4,0.049744,0.000000,0.000000,0.293584
Q_ind_225_anc_7-4,0.001382,0.000000,0.000000,0.014662
Q_ind_226_anc_7-4,0.037698,0.000000,0.000000,0.192312
Q_ind_227_anc_7-4,0.090119,0.080258,0.000000,0.244560
Q_ind_228_anc_7-4,0.003047,0.000000,0.000000,0.043224
Q_ind_229_anc_7-4,0.051009,0.000004,0.000000,0.191589
Q_ind_230_anc_7-4,0.109609,0.108814,0.000000,0.263475
Q_ind_231_anc_7-4,0.058351,0.000190,0.000000,0.242058
Q_ind_232_anc_7-4,0.003348,0.000000,0.000000,0.053360
Q_ind_233_anc_7-4,0.003080,0.000000,0.000000,0.039265
Q_ind_234_anc_7-4,0.000137,0.000000,0.000000,0.001011
Q_ind_235_anc_7-4,0.000265,0.000000,0.000000,0.002249
Q_ind_236_anc_7-4,0.000406,0.000000,0.000000,0.004169
Q_ind_237_anc_7-4,0.000088,0.000000,0.000000,0.000746
Q_ind_238_anc_7-4,0.000165,0.000000,0.000000,0.001820
Q_ind_239_anc_7-4,0.000365,0.000000,0.000000,0.004538
Q_ind_240_anc_7-4,0.000298,0.000000,0.000000,0.003146
Q_ind_241_anc_7-4,0.000113,0.000000,0.000000,0.001274
Q_ind_242_anc_7-4,0.000485,0.000000,0.000000,0.006021
Q_ind_243_anc_7-4,0.000094,0.000000,0.000000,0.000986
Q_ind_244_anc_7-4,0.000172,0.000000,0.000000,0.001565
Q_ind_245_anc_7-4,0.000212,0.000000,0.000000,0.002375
Q_ind_1_anc_7-5,0.000342,0.000000,0.000000,0.002799
Q_ind_2_anc_7-5,0.000391,0.000000,0.000000,0.004166
Q_ind_3_anc_7-5,0.000406,0.000000,0.000000,0.005955
Q_ind_4_anc_7-5,0.000325,0.000000,0.000000,0.002839
Q_ind_5_anc_7-5,0.000231,0.000000,0.000000,0.002092
Q_ind_6_anc_7-5,0.000473,0.000000,0.000000,0.005751
Q_ind_7_anc_7-5,0.000104,0.000000,0.000000,0.000931
Q_ind_8_anc_7-5,0.000274,0.000000,0.000000,0.002648
Q_ind_9_anc_7-5,0.000219,0.000000,0.000000,0.002111
Q_ind_10_anc_7-5,0.000118,0.000000,0.000000,0.001309
Q_ind_11_anc_7-5,0.000339,0.000000,0.000000,0.004162
Q_ind_12_anc_7-5,0.000442,0.000000,0.000000,0.003311
Q_ind_13_anc_7-5,0.001588,0.000000,0.000000,0.022576
Q_ind_14_anc_7-5,0.000308,0.000000,0.000000,0.003789
Q_ind_15_anc_7-5,0.014874,0.000000,0.000000,0.112792
Q_ind_16_anc_7-5,0.003041,0.000000,0.000000,0.057808
Q_ind_17_anc_7-5,0.034896,0.000000,0.000000,0.158636
Q_ind_18_anc_7-5,0.115440,0.124847,0.000000,0.260643
Q_ind_19_anc_7-5,0.018678,0.000000,0.000000,0.130430
Q_ind_20_anc_7-5,0.008177,0.000000,0.000000,0.082384
Q_ind_21_anc_7-5,0.000220,0.000000,0.000000,0.001966
Q_ind_22_anc_7-5,0.001711,0.000000,0.000000,0.030579
Q_ind_23_anc_7-5,0.000363,0.000000,0.000000,0.003973
Q_ind_24_anc_7-5,0.000248,0.000000,0.000000,0.002471
Q_ind_25_anc_7-5,0.000316,0.000000,0.000000,0.003960
Q_ind_26_anc_7-5,0.000185,0.000000,0.000000,0.002095
Q_ind_27_anc_7-5,0.000281,0.000000,0.000000,0.003342
Q_ind_28_anc_7-5,0.000235,0.000000,0.000000,0.002105
Q_ind_29_anc_7-5,0.000721,0.000000,0.000000,0.010159
Q_ind_30_anc_7-5,0.000308,0.000000,0.000000,0.002746
Q_ind_31_anc_7-5,0.000306,0.000000,0.000000,0.002357
Q_ind_32_anc_7-5,0.001437,0.000000,0.000000,0.019356
Q_ind_33_anc_7-5,0.000836,0.000000,0.000000,0.010903
Q_ind_34_anc_7-5,0.000154,0.000000,0.000000,0.001201
Q_ind_35_anc_7-5,0.000331,0.000000,0.000000,0.003417
Q_ind_36_anc_7-5,0.000290,0.000000,0.000000,0.003342
Q_ind_37_anc_7-5,0.000755,0.000000,0.000000,0.010673
Q_ind_38_anc_7-5,0.000363,0.000000,0.000000,0.003445
Q_ind_39_anc_7-5,0.015927,0.000000,0.000000,0.186535
Q_ind_40_anc_7-5,0.000708,0.000000,0.000000,0.007372
Q_ind_41_anc_7-5,0.015812,0.000000,0.000000,0.149889
Q_ind_42_anc_7-5,0.000155,0.000000,0.000000,0.001602
Q_ind_43_anc_7-5,0.000847,0.000000,0.000000,0.006713
Q_ind_44_anc_7-5,0.000242,0.000000,0.000000,0.001494
Q_ind_45_anc_7-5,0.000155,0.000000,0.000000,0.001560
Q_ind_46_anc_7-5,0.000075,0.000000,0.000000,0.000694
Q_ind_47_anc_7-5,0.001557,0.000000,0.000000,0.020336
Q_ind_48_anc_7-5,0.000606,0.000000,0.000000,0.008494
Q_ind_49_anc_7-5,0.000260,0.000000,0.000000,0.003702
Q_ind_50_anc_7-5,0.000389,0.000000,0.000000,0.005576
Q_ind_51_anc_7-5,0.004330,0.000000,0.000000,0.047069
Q_ind_52_anc_7-5,0.000240,0.000000,0.000000,0.002978
Q_ind_53_anc_7-5,0.000394,0.000000,0.000000,0.004753
Q_ind_54_anc_7-5,0.001154,0.000000,0.000000,0.017749
Q_ind_55_anc_7-5,0.000572,0.000000,0.000000,0.007162
Q_ind_56_anc_7-5,0.000575,0.000000,0.000000,0.008180
Q_ind_57_anc_7-5,0.009775,0.000000,0.000000,0.112006
Q_ind_58_anc_7-5,0.000310,0.000000,0.000000,0.003328
Q_ind_59_anc_7-5,0.000393,0.000000,0.000000,0.003765
Q_ind_60_anc_7-5,0.000676,0.000000,0.000000,0.008267
Q_ind_61_anc_7-5,0.000284,0.000000,0.000000,0.001990
Q_ind_62_anc_7-5,0.001359,0.000000,0.000000,0.020684
Q_ind_63_anc_7-5,0.000085,0.000000,0.000000,0.000958
Q_ind_64_anc_7-5,0.000122,0.000000,0.000000,0.001505
Q_ind_65_anc_7-5,0.000101,0.000000,0.000000,0.000958
Q_ind_66_anc_7-5,0.000127,0.000000,0.000000,0.001443
Q_ind_67_anc_7-5,0.000100,0.000000,0.000000,0.000971
Q_ind_68_anc_7-5,0.000170,0.000000,0.000000,0.001723
Q_ind_69_anc_7-5,0.000162,0.000000,0.000000,0.001336
Q_ind_70_anc_7-5,0.000232,0.000000,0.000000,0.002331
Q_ind_71_anc_7-5,0.000417,0.000000,0.000000,0.005781
Q_ind_72_anc_7-5,0.000375,0.000000,0.000000,0.003210
Q_ind_73_anc_7-5,0.000348,0.000000,0.000000,0.004444
Q_ind_74_anc_7-5,0.000406,0.000000,0.000000,0.003410
Q_ind_75_anc_7-5,0.000593,0.000000,0.000000,0.007358
Q_ind_76_anc_7-5,0.000091,0.000000,0.000000,0.001024
Q_ind_77_anc_7-5,0.000121,0.000000,0.000000,0.000973
Q_ind_78_anc_7-5,0.000206,0.000000,0.000000,0.001998
Q_ind_79_anc_7-5,0.000194,0.000000,0.000000,0.001936
Q_ind_80_anc_7-5,0.000121,0.000000,0.000000,0.001435
Q_ind_81_anc_7-5,0.000138,0.000000,0.000000,0.001570
Q_ind_82_anc_7-5,0.001017,0.000000,0.000000,0.016150
Q_ind_83_anc_7-5,0.000203,0.000000,0.000000,0.002035
Q_ind_84_anc_7-5,0.000244,0.000000,0.000000,0.002475
Q_ind_85_anc_7-5,0.000090,0.000000,0.000000,0.000812
Q_ind_86_anc_7-5,0.000196,0.000000,0.000000,0.002465
Q_ind_87_anc_7-5,0.000170,0.000000,0.000000,0.001938
Q_ind_88_anc_7-5,0.000423,0.000000,0.000000,0.005182
Q_ind_89_anc_7-5,0.000476,0.000000,0.000000,0.006624
Q_ind_90_anc_7-5,0.005330,0.000000,0.000000,0.082404
Q_ind_91_anc_7-5,0.000966,0.000000,0.000000,0.012007
Q_ind_92_anc_7-5,0.000807,0.000000,0.000000,0.011791
Q_ind_93_anc_7-5,0.001229,0.000000,0.000000,0.017345
Q_ind_94_anc_7-5,0.000686,0.000000,0.000000,0.007210
Q_ind_95_anc_7-5,0.002630,0.000000,0.000000,0.037067
Q_ind_96_anc_7-5,0.001038,0.000000,0.000000,0.013943
Q_ind_97_anc_7-5,0.000259,0.000000,0.000000,0.003113
Q_ind_98_anc_7-5,0.014401,0.000000,0.000000,0.093060
Q_ind_99_anc_7-5,0.020248,0.000000,0.000000,0.113321
Q_ind_100_anc_7-5,0.000299,0.000000,0.000000,0.002977
Q_ind_101_anc_7-5,0.000417,0.000000,0.000000,0.004627
Q_ind_102_anc_7-5,0.000247,0.000000,0.000000,0.002475
Q_ind_103_anc_7-5,0.000274,0.000000,0.000000,0.002626
Q_ind_104_anc_7-5,0.000182,0.000000,0.000000,0.001767
Q_ind_105_anc_7-5,0.006995,0.000000,0.000000,0.065940
Q_ind_106_anc_7-5,0.001790,0.000000,0.000000,0.019752
Q_ind_107_anc_7-5,0.000137,0.000000,0.000000,0.001186
Q_ind_108_anc_7-5,0.000654,0.000000,0.000000,0.007254
Q_ind_109_anc_7-5,0.000676,0.000000,0.000000,0.004215
Q_ind_110_anc_7-5,0.000361,0.000000,0.000000,0.004829
Q_ind_111_anc_7-5,0.000271,0.000000,0.000000,0.003282
Q_ind_112_anc_7-5,0.002619,0.000000,0.000000,0.042577
Q_ind_113_anc_7-5,0.001833,0.000000,0.000000,0.030991
Q_ind_114_anc_7-5,0.000910,0.000000,0.000000,0.008825
Q_ind_115_anc_7-5,0.000252,0.000000,0.000000,0.002313
Q_ind_116_anc_7-5,0.000831,0.000000,0.000000,0.009724
Q_ind_117_anc_7-5,0.000107,0.000000,0.000000,0.001137
Q_ind_118_anc_7-5,0.000497,0.000000,0.000000,0.004723
Q_ind_119_anc_7-5,0.000267,0.000000,0.000000,0.002927
Q_ind_120_anc_7-5,0.000726,0.000000,0.000000,0.010868
Q_ind_121_anc_7-5,0.004110,0.000000,0.000000,0.048144
Q_ind_122_anc_7-5,0.000260,0.000000,0.000000,0.003066
Q_ind_123_anc_7-5,0.000227,0.000000,0.000000,0.002889
Q_ind_124_anc_7-5,0.008687,0.000000,0.000000,0.090296
Q_ind_125_anc_7-5,0.000179,0.000000,0.000000,0.002317
Q_ind_126_anc_7-5,0.000184,0.000000,0.000000,0.002032
Q_ind_127_anc_7-5,0.000336,0.000000,0.000000,0.002658
Q_ind_128_anc_7-5,0.000151,0.000000,0.000000,0.001237
Q_ind_129_anc_7-5,0.000471,0.000000,0.000000,0.005842
Q_ind_130_anc_7-5,0.000737,0.000000,0.000000,0.009454
Q_ind_131_anc_7-5,0.000151,0.000000,0.000000,0.001680
Q_ind_132_anc_7-5,0.000107,0.000000,0.000000,0.000921
Q_ind_133_anc_7-5,0.000494,0.000000,0.000000,0.005679
Q_ind_134_anc_7-5,0.000328,0.000000,0.000000,0.003638
Q_ind_135_anc_7-5,0.000796,0.000000,0.000000,0.005433
Q_ind_136_anc_7-5,0.000548,0.000000,0.000000,0.006899
Q_ind_137_anc_7-5,0.000224,0.000000,0.000000,0.002522
Q_ind_138_anc_7-5,0.000117,0.000000,0.000000,0.001118
Q_ind_139_anc_7-5,0.000302,0.000000,0.000000,0.003462
Q_ind_140_anc_7-5,0.000328,0.000000,0.000000,0.003626
Q_ind_141_anc_7-5,0.000568,0.000000,0.000000,0.008155
Q_ind_142_anc_7-5,0.000104,0.000000,0.000000,0.000953
Q_ind_143_anc_7-5,0.000242,0.000000,0.000000,0.001597
Q_ind_144_anc_7-5,0.000667,0.000000,0.000000,0.008053
Q_ind_145_anc_7-5,0.000080,0.000000,0.000000,0.000980
Q_ind_146_anc_7-5,0.000380,0.000000,0.000000,0.005799
Q_ind_147_anc_7-5,0.000666,0.000000,0.000000,0.009015
Q_ind_148_anc_7-5,0.000446,0.000000,0.000000,0.006373
Q_ind_149_anc_7-5,0.000139,0.000000,0.000000,0.001404
Q_ind_150_anc_7-5,0.000526,0.000000,0.000000,0.006316
Q_ind_151_anc_7-5,0.000613,0.000000,0.000000,0.008664
Q_ind_152_anc_7-5,0.000623,0.000000,0.000000,0.008746
Q_ind_153_anc_7-5,0.000270,0.000000,0.000000,0.004023
Q_ind_154_anc_7-5,0.001116,0.000000,0.000000,0.015651
Q_ind_155_anc_7-5,0.000172,0.000000,0.000000,0.001916
Q_ind_156_anc_7-5,0.000204,0.000000,0.000000,0.001920
Q_ind_157_anc_7-5,0.001515,0.000000,0.000000,0.020835
Q_ind_158_anc_7-5,0.001116,0.000000,0.000000,0.015149
Q_ind_159_anc_7-5,0.000350,0.000000,0.000000,0.003703
Q_ind_160_anc_7-5,0.000301,0.000000,0.000000,0.002990
Q_ind_161_anc_7-5,0.000284,0.000000,0.000000,0.004025
Q_ind_162_anc_7-5,0.000539,0.000000,0.000000,0.007715
Q_ind_163_anc_7-5,0.000333,0.000000,0.000000,0.003439
Q_ind_164_anc_7-5,0.000514,0.000000,0.000000,0.004075
Q_ind_165_anc_7-5,0.000264,0.000000,0.000000,0.003398
Q_ind_166_anc_7-5,0.000308,0.000000,0.000000,0.003515
Q_ind_167_anc_7-5,0.000280,0.000000,0.000000,0.003309
Q_ind_168_anc_7-5,0.000313,0.000000,0.000000,0.002982
Q_ind_169_anc_7-5,0.000104,0.000000,0.000000,0.001194
Q_ind_170_anc_7-5,0.000147,0.000000,0.000000,0.001582
Q_ind_171_anc_7-5,0.000220,0.000000,0.000000,0.002235
Q_ind_172_anc_7-5,0.000225,0.000000,0.000000,0.002419
Q_ind_173_anc_7-5,0.000114,0.000000,0.000000,0.001155
Q_ind_174_anc_7-5,0.000150,0.000000,0.000000,0.001704
Q_ind_175_anc_7-5,0.001120,0.000000,0.000000,0.006021
Q_ind_176_anc_7-5,0.003399,0.000000,0.000000,0.059887
Q_ind_177_anc_7-5,0.000624,0.000000,0.000000,0.008627
Q_ind_178_anc_7-5,0.000178,0.000000,0.000000,0.001894
Q_ind_179_anc_7-5,0.000165,0.000000,0.000000,0.001433
Q_ind_180_anc_7-5,0.000350,0.000000,0.000000,0.003913
Q_ind_181_anc_7-5,0.000089,0.000000,0.000000,0.000925
Q_ind_182_anc_7-5,0.000542,0.000000,0.000000,0.006311
Q_ind_183_anc_7-5,0.000124,0.000000,0.000000,0.001430
Q_ind_184_anc_7-5,0.000142,0.000000,0.000000,0.001211
Q_ind_185_anc_7-5,0.000574,0.000000,0.000000,0.006079
Q_ind_186_anc_7-5,0.000202,0.000000,0.000000,0.002949
Q_ind_187_anc_7-5,0.000199,0.000000,0.000000,0.001771
Q_ind_188_anc_7-5,0.000353,0.000000,0.000000,0.004181
Q_ind_189_anc_7-5,0.000555,0.000000,0.000000,0.006426
Q_ind_190_anc_7-5,0.000142,0.000000,0.000000,0.001548
Q_ind_191_anc_7-5,0.000219,0.000000,0.000000,0.002150
Q_ind_192_anc_7-5,0.000161,0.000000,0.000000,0.001847
Q_ind_193_anc_7-5,0.000388,0.000000,0.000000,0.005415
Q_ind_194_anc_7-5,0.000037,0.000000,0.000000,0.000347
Q_ind_195_anc_7-5,0.000127,0.000000,0.000000,0.001172
Q_ind_196_anc_7-5,0.000054,0.000000,0.000000,0.000454
Q_ind_197_anc_7-5,0.000065,0.000000,0.000000,0.000625
Q_ind_198_anc_7-5,0.000045,0.000000,0.000000,0.000422
Q_ind_199_anc_7-5,0.000080,0.000000,0.000000,0.000778
Q_ind_200_anc_7-5,0.000043,0.000000,0.000000,0.000467
Q_ind_201_anc_7-5,0.000184,0.000000,0.000000,0.002058
Q_ind_202_anc_7-5,0.000178,0.000000,0.000000,0.002124
Q_ind_203_anc_7-5,0.000320,0.000000,0.000000,0.003215
Q_ind_204_anc_7-5,0.000737,0.000000,0.000000,0.007224
Q_ind_205_anc_7-5,0.000403,0.000000,0.000000,0.003859
Q_ind_206_anc_7-5,0.000889,0.000000,0.000000,0.013593
Q_ind_207_anc_7-5,0.000341,0.000000,0.000000,0.003755
Q_ind_208_anc_7-5,0.000136,0.000000,0.000000,0.001094
Q_ind_209_anc_7-5,0.000206,0.000000,0.000000,0.001951
Q_ind_210_anc_7-5,0.001099,0.000000,0.000000,0.014897
Q_ind_211_anc_7-5,0.000383,0.000000,0.000000,0.002805
Q_ind_212_anc_7-5,0.013538,0.000000,0.000000,0.162049
Q_ind_213_anc_7-5,0.000250,0.000000,0.000000,0.002936
Q_ind_214_anc_7-5,0.000102,0.000000,0.000000,0.001036
Q_ind_215_anc_7-5,0.000227,0.000000,0.000000,0.002433
Q_ind_216_anc_7-5,0.000206,0.000000,0.000000,0.002509
Q_ind_217_anc_7-5,0.000220,0.000000,0.000000,0.002237
Q_ind_218_anc_7-5,0.000085,0.000000,0.000000,0.000913
Q_ind_219_anc_7-5,0.000126,0.000000,0.000000,0.001139
Q_ind_220_anc_7-5,0.000311,0.000000,0.000000,0.003345
Q_ind_221_anc_7-5,0.000300,0.000000,0.000000,0.003308
Q_ind_222_anc_7-5,0.000276,0.000000,0.000000,0.003011
Q_ind_223_anc_7-5,0.000167,0.000000,0.000000,0.001598
Q_ind_224_anc_7-5,0.000246,0.000000,0.000000,0.002326
Q_ind_225_anc_7-5,0.001040,0.000000,0.000000,0.008048
Q_ind_226_anc_7-5,0.000157,0.000000,0.000000,0.001680
Q_ind_227_anc_7-5,0.003687,0.000000,0.000000,0.052451
Q_ind_228_anc_7-5,0.000523,0.000000,0.000000,0.006468
Q_ind_229_anc_7-5,0.001072,0.000000,0.000000,0.010059
Q_ind_230_anc_7-5,0.011471,0.000000,0.000000,0.125654
Q_ind_231_anc_7-5,0.000269,0.000000,0.000000,0.003260
Q_ind_232_anc_7-5,0.000866,0.000000,0.000000,0.013216
Q_ind_233_anc_7-5,0.002994,0.000000,0.000000,0.040219
Q_ind_234_anc_7-5,0.000215,0.000000,0.000000,0.002231
Q_ind_235_anc_7-5,0.000876,0.000000,0.000000,0.013589
Q_ind_236_anc_7-5,0.000122,0.000000,0.000000,0.001346
Q_ind_237_anc_7-5,0.000198,0.000000,0.000000,0.001583
Q_ind_238_anc_7-5,0.000098,0.000000,0.000000,0.001048
Q_ind_239_anc_7-5,0.000456,0.000000,0.000000,0.006264
Q_ind_240_anc_7-5,0.000370,0.000000,0.000000,0.005104
Q_ind_241_anc_7-5,0.000100,0.000000,0.000000,0.001050
Q_ind_242_anc_7-5,0.000141,0.000000,0.000000,0.001136
Q_ind_243_anc_7-5,0.000124,0.000000,0.000000,0.001532
Q_ind_244_anc_7-5,0.000236,0.000000,0.000000,0.002509
Q_ind_245_anc_7-5,0.000340,0.000000,0.000000,0.003987
Q_ind_1_anc_7-6,0.000136,0.000000,0.000000,0.001378
Q_ind_2_anc_7-6,0.000210,0.000000,0.000000,0.002036
Q_ind_3_anc_7-6,0.000202,0.000000,0.000000,0.002312
Q_ind_4_anc_7-6,0.000129,0.000000,0.000000,0.001360
Q_ind_5_anc_7-6,0.000049,0.000000,0.000000,0.000457
Q_ind_6_anc_7-6,0.000166,0.000000,0.000000,0.002003
Q_ind_7_anc_7-6,0.000140,0.000000,0.000000,0.001258
Q_ind_8_anc_7-6,0.000239,0.000000,0.000000,0.002693
Q_ind_9_anc_7-6,0.000151,0.000000,0.000000,0.001675
Q_ind_10_anc_7-6,0.000068,0.000000,0.000000,0.000764
Q_ind_11_anc_7-6,0.000181,0.000000,0.000000,0.001790
Q_ind_12_anc_7-6,0.000336,0.000000,0.000000,0.004498
Q_ind_13_anc_7-6,0.000948,0.000000,0.000000,0.013020
Q_ind_14_anc_7-6,0.022075,0.000000,0.000000,0.149806
Q_ind_15_anc_7-6,0.001346,0.000000,0.000000,0.019537
Q_ind_16_anc_7-6,0.001481,0.000000,0.000000,0.020645
Q_ind_17_anc_7-6,0.000966,0.000000,0.000000,0.016793
Q_ind_18_anc_7-6,0.007795,0.000000,0.000000,0.076901
Q_ind_19_anc_7-6,0.018547,0.000000,0.000000,0.111468
Q_ind_20_anc_7-6,0.000397,0.000000,0.000000,0.004725
Q_ind_21_anc_7-6,0.000173,0.000000,0.000000,0.001804
Q_ind_22_anc_7-6,0.000132,0.000000,0.000000,0.001258
Q_ind_23_anc_7-6,0.000185,0.000000,0.000000,0.002136
Q_ind_24_anc_7-6,0.000089,0.000000,0.000000,0.000808
Q_ind_25_anc_7-6,0.000083,0.000000,0.000000,0.000946
Q_ind_26_anc_7-6,0.000144,0.000000,0.000000,0.001585
Q_ind_27_anc_7-6,0.000226,0.000000,0.000000,0.002328
Q_ind_28_anc_7-6,0.000244,0.000000,0.000000,0.002633
Q_ind_29_anc_7-6,0.000209,0.000000,0.000000,0.002048
Q_ind_30_anc_7-6,0.000203,0.000000,0.000000,0.001375
Q_ind_31_anc_7-6,0.000101,0.000000,0.000000,0.001100
Q_ind_32_anc_7-6,0.000120,0.000000,0.000000,0.001323
Q_ind_33_anc_7-6,0.000094,0.000000,0.000000,0.000888
Q_ind_34_anc_7-6,0.000141,0.000000,0.000000,0.001133
Q_ind_35_anc_7-6,0.000073,0.000000,0.000000,0.000880
Q_ind_36_anc_7-6,0.000059,0.000000,0.000000,0.000726
Q_ind_37_anc_7-6,0.000172,0.000000,0.000000,0.001893
Q_ind_38_anc_7-6,0.000077,0.000000,0.000000,0.000873
Q_ind_39_anc_7-6,0.000131,0.000000,0.000000,0.001478
Q_ind_40_anc_7-6,0.001056,0.000000,0.000000,0.015072
Q_ind_41_anc_7-6,0.000194,0.000000,0.000000,0.002088
Q_ind_42_anc_7-6,0.228267,0.231497,0.077039,0.371841
Q_ind_43_anc_7-6,0.195492,0.191207,0.055426,0.375705
Q_ind_44_anc_7-6,0.107632,0.098074,0.000000,0.365195
Q_ind_45_anc_7-6,0.043985,0.000000,0.000000,0.243865
Q_ind_46_anc_7-6,0.118106,0.126147,0.000000,0.312549
Q_ind_47_anc_7-6,0.131963,0.137117,0.000000,0.342935
Q_ind_48_anc_7-6,0.316518,0.326279,0.141910,0.453249
Q_ind_49_anc_7-6,0.001517,0.000000,0.000000,0.018646
Q_ind_50_anc_7-6,0.123156,0.128039,0.000000,0.315638
Q_ind_51_anc_7-6,0.135920,0.164213,0.000000,0.324585
Q_ind_52_anc_7-6,0.178381,0.183818,0.051181,0.283511
Q_ind_53_anc_7-6,0.140542,0.140723,0.016151,0.254568
Q_ind_54_anc_7-6,0.131415,0.146383,0.000000,0.261886
Q_ind_55_anc_7-6,0.170628,0.200504,0.000000,0.311421
Q_ind_56_anc_7-6,0.225753,0.222715,0.120897,0.333098
Q_ind_57_anc_7-6,0.002322,0.000000,0.000000,0.035623
Q_ind_58_anc_7-6,0.062826,0.018328,0.000000,0.199629
Q_ind_59_anc_7-6,0.165672,0.171696,0.024246,0.279188
Q_ind_60_anc_7-6,0.158032,0.158171,0.060874,0.260329
Q_ind_61_anc_7-6,0.021839,0.000000,0.000000,0.170355
Q_ind_62_anc_7-6,0.063539,0.042117,0.000000,0.207905
Q_ind_63_anc_7-6,0.000095,0.000000,0.000000,0.001145
Q_ind_64_anc_7-6,0.000036,0.000000,0.000000,0.000329
Q_ind_65_anc_7-6,0.000092,0.000000,0.000000,0.001045
Q_ind_66_anc_7-6,0.000060,0.000000,0.000000,0.000624
Q_ind_67_anc_7-6,0.000047,0.000000,0.000000,0.000520
Q_ind_68_anc_7-6,0.000243,0.000000,0.000000,0.002323
Q_ind_69_anc_7-6,0.000280,0.000000,0.000000,0.002518
Q_ind_70_anc_7-6,0.010072,0.000000,0.000000,0.123935
Q_ind_71_anc_7-6,0.002184,0.000000,0.000000,0.029308
Q_ind_72_anc_7-6,0.000266,0.000000,0.000000,0.001852
Q_ind_73_anc_7-6,0.003051,0.000000,0.000000,0.051762
Q_ind_74_anc_7-6,0.000577,0.000000,0.000000,0.007442
Q_ind_75_anc_7-6,0.038719,0.000000,0.000000,0.229828
Q_ind_76_anc_7-6,0.000697,0.000000,0.000000,0.009679
Q_ind_77_anc_7-6,0.000183,0.000000,0.000000,0.001930
Q_ind_78_anc_7-6,0.000097,0.000000,0.000000,0.001030
Q_ind_79_anc_7-6,0.000213,0.000000,0.000000,0.002529
Q_ind_80_anc_7-6,0.000163,0.000000,0.000000,0.001825
Q_ind_81_anc_7-6,0.000089,0.000000,0.000000,0.000914
Q_ind_82_anc_7-6,0.000284,0.000000,0.000000,0.002941
Q_ind_83_anc_7-6,0.000225,0.000000,0.000000,0.002593
Q_ind_84_anc_7-6,0.000193,0.000000,0.000000,0.001843
Q_ind_85_anc_7-6,0.000105,0.000000,0.000000,0.000889
Q_ind_86_anc_7-6,0.000246,0.000000,0.000000,0.002547
Q_ind_87_anc_7-6,0.000105,0.000000,0.000000,0.000991
Q_ind_88_anc_7-6,0.000806,0.000000,0.000000,0.011239
Q_ind_89_anc_7-6,0.000153,0.000000,0.000000,0.001795
Q_ind_90_anc_7-6,0.000989,0.000000,0.000000,0.013213
Q_ind_91_anc_7-6,0.000956,0.000000,0.000000,0.011553
Q_ind_92_anc_7-6,0.000755,0.000000,0.000000,0.008327
Q_ind_93_anc_7-6,0.000917,0.000000,0.000000,0.012196
Q_ind_94_anc_7-6,0.000204,0.000000,0.000000,0.001725
Q_ind_95_anc_7-6,0.001125,0.000000,0.000000,0.016187
Q_ind_96_anc_7-6,0.000876,0.000000,0.000000,0.012061
Q_ind_97_anc_7-6,0.000575,0.000000,0.000000,0.007157
Q_ind_98_anc_7-6,0.000487,0.000000,0.000000,0.004904
Q_ind_99_anc_7-6,0.000147,0.000000,0.000000,0.001424
Q_ind_100_anc_7-6,0.000401,0.000000,0.000000,0.004291
Q_ind_101_anc_7-6,0.000290,0.000000,0.000000,0.004134
Q_ind_102_anc_7-6,0.000156,0.000000,0.000000,0.001690
Q_ind_103_anc_7-6,0.000372,0.000000,0.000000,0.004307
Q_ind_104_anc_7-6,0.000092,0.000000,0.000000,0.000849
Q_ind_105_anc_7-6,0.000890,0.000000,0.000000,0.011509
Q_ind_106_anc_7-6,0.022641,0.000001,0.000000,0.098358
Q_ind_107_anc_7-6,0.000286,0.000000,0.000000,0.002764
Q_ind_108_anc_7-6,0.000180,0.000000,0.000000,0.002062
Q_ind_109_anc_7-6,0.000800,0.000000,0.000000,0.008515
Q_ind_110_anc_7-6,0.000349,0.000000,0.000000,0.002883
Q_ind_111_anc_7-6,0.000387,0.000000,0.000000,0.003869
Q_ind_112_anc_7-6,0.003571,0.000000,0.000000,0.048956
Q_ind_113_anc_7-6,0.000823,0.000000,0.000000,0.007668
Q_ind_114_anc_7-6,0.002341,0.000000,0.000000,0.033225
Q_ind_115_anc_7-6,0.000891,0.000000,0.000000,0.008222
Q_ind_116_anc_7-6,0.000883,0.000000,0.000000,0.010375
Q_ind_117_anc_7-6,0.000131,0.000000,0.000000,0.001243
Q_ind_118_anc_7-6,0.019362,0.000001,0.000000,0.093585
Q_ind_119_anc_7-6,0.001653,0.000000,0.000000,0.021882
Q_ind_120_anc_7-6,0.000770,0.000000,0.000000,0.011689
Q_ind_121_anc_7-6,0.000380,0.000000,0.000000,0.004602
Q_ind_122_anc_7-6,0.000500,0.000000,0.000000,0.007133
Q_ind_123_anc_7-6,0.000868,0.000000,0.000000,0.010218
Q_ind_124_anc_7-6,0.021999,0.000003,0.000000,0.104058
Q_ind_125_anc_7-6,0.000138,0.000000,0.000000,0.000986
Q_ind_126_anc_7-6,0.000148,0.000000,0.000000,0.001361
Q_ind_127_anc_7-6,0.000149,0.000000,0.000000,0.001370
Q_ind_128_anc_7-6,0.000138,0.000000,0.000000,0.001178
Q_ind_129_anc_7-6,0.000345,0.000000,0.000000,0.002478
Q_ind_130_anc_7-6,0.000433,0.000000,0.000000,0.005193
Q_ind_131_anc_7-6,0.000121,0.000000,0.000000,0.001288
Q_ind_132_anc_7-6,0.000078,0.000000,0.000000,0.000753
Q_ind_133_anc_7-6,0.000535,0.000000,0.000000,0.006541
Q_ind_134_anc_7-6,0.007942,0.000000,0.000000,0.076659
Q_ind_135_anc_7-6,0.000327,0.000000,0.000000,0.003861
Q_ind_136_anc_7-6,0.004723,0.000000,0.000000,0.069752
Q_ind_137_anc_7-6,0.000301,0.000000,0.000000,0.004201
Q_ind_138_anc_7-6,0.000149,0.000000,0.000000,0.001473
Q_ind_139_anc_7-6,0.000226,0.000000,0.000000,0.002712
Q_ind_140_anc_7-6,0.000388,0.000000,0.000000,0.003458
Q_ind_141_anc_7-6,0.000185,0.000000,0.000000,0.001251
Q_ind_142_anc_7-6,0.000061,0.000000,0.000000,0.000662
Q_ind_143_anc_7-6,0.000218,0.000000,0.000000,0.002428
Q_ind_144_anc_7-6,0.000620,0.000000,0.000000,0.006585
Q_ind_145_anc_7-6,0.000061,0.000000,0.000000,0.000472
Q_ind_146_anc_7-6,0.000198,0.000000,0.000000,0.002113
Q_ind_147_anc_7-6,0.000289,0.000000,0.000000,0.003825
Q_ind_148_anc_7-6,0.000825,0.000000,0.000000,0.011655
Q_ind_149_anc_7-6,0.000203,0.000000,0.000000,0.002368
Q_ind_150_anc_7-6,0.000283,0.000000,0.000000,0.003749
Q_ind_151_anc_7-6,0.000430,0.000000,0.000000,0.005349
Q_ind_152_anc_7-6,0.000346,0.000000,0.000000,0.004624
Q_ind_153_anc_7-6,0.000137,0.000000,0.000000,0.001275
Q_ind_154_anc_7-6,0.000605,0.000000,0.000000,0.010112
Q_ind_155_anc_7-6,0.000199,0.000000,0.000000,0.002264
Q_ind_156_anc_7-6,0.000143,0.000000,0.000000,0.001610
Q_ind_157_anc_7-6,0.000511,0.000000,0.000000,0.006345
Q_ind_158_anc_7-6,0.000171,0.000000,0.000000,0.001692
Q_ind_159_anc_7-6,0.000152,0.000000,0.000000,0.001720
Q_ind_160_anc_7-6,0.000109,0.000000,0.000000,0.000918
Q_ind_161_anc_7-6,0.000178,0.000000,0.000000,0.002077
Q_ind_162_anc_7-6,0.000175,0.000000,0.000000,0.002300
Q_ind_163_anc_7-6,0.000168,0.000000,0.000000,0.001810
Q_ind_164_anc_7-6,0.000251,0.000000,0.000000,0.003302
Q_ind_165_anc_7-6,0.000095,0.000000,0.000000,0.001033
Q_ind_166_anc_7-6,0.000415,0.000000,0.000000,0.002855
Q_ind_167_anc_7-6,0.000439,0.000000,0.000000,0.006157
Q_ind_168_anc_7-6,0.000106,0.000000,0.000000,0.001239
Q_ind_169_anc_7-6,0.000114,0.000000,0.000000,0.001141
Q_ind_170_anc_7-6,0.000378,0.000000,0.000000,0.004777
Q_ind_171_anc_7-6,0.000127,0.000000,0.000000,0.001365
Q_ind_172_anc_7-6,0.000304,0.000000,0.000000,0.003352
Q_ind_173_anc_7-6,0.000247,0.000000,0.000000,0.003115
Q_ind_174_anc_7-6,0.000130,0.000000,0.000000,0.001304
Q_ind_175_anc_7-6,0.000123,0.000000,0.000000,0.000949
Q_ind_176_anc_7-6,0.000405,0.000000,0.000000,0.004176
Q_ind_177_anc_7-6,0.000279,0.000000,0.000000,0.002258
Q_ind_178_anc_7-6,0.000140,0.000000,0.000000,0.001472
Q_ind_179_anc_7-6,0.000096,0.000000,0.000000,0.001022
Q_ind_180_anc_7-6,0.000282,0.000000,0.000000,0.002709
Q_ind_181_anc_7-6,0.000351,0.000000,0.000000,0.004696
Q_ind_182_anc_7-6,0.000107,0.000000,0.000000,0.001142
Q_ind_183_anc_7-6,0.000069,0.000000,0.000000,0.000741
Q_ind_184_anc_7-6,0.000526,0.000000,0.000000,0.006195
Q_ind_185_anc_7-6,0.000275,0.000000,0.000000,0.003075
Q_ind_186_anc_7-6,0.000717,0.000000,0.000000,0.006644
Q_ind_187_anc_7-6,0.000397,0.000000,0.000000,0.003919
Q_ind_188_anc_7-6,0.000208,0.000000,0.000000,0.001694
Q_ind_189_anc_7-6,0.002178,0.000000,0.000000,0.030994
Q_ind_190_anc_7-6,0.000522,0.000000,0.000000,0.005546
Q_ind_191_anc_7-6,0.000427,0.000000,0.000000,0.004410
Q_ind_192_anc_7-6,0.000130,0.000000,0.000000,0.001508
Q_ind_193_anc_7-6,0.000190,0.000000,0.000000,0.001782
Q_ind_194_anc_7-6,0.000031,0.000000,0.000000,0.000274
Q_ind_195_anc_7-6,0.000114,0.000000,0.000000,0.000954
Q_ind_196_anc_7-6,0.000060,0.000000,0.000000,0.000668
Q_ind_197_anc_7-6,0.000046,0.000000,0.000000,0.000411
Q_ind_198_anc_7-6,0.000036,0.000000,0.000000,0.000324
Q_ind_199_anc_7-6,0.000078,0.000000,0.000000,0.000822
Q_ind_200_anc_7-6,0.000052,0.000000,0.000000,0.000473
Q_ind_201_anc_7-6,0.000124,0.000000,0.000000,0.001201
Q_ind_202_anc_7-6,0.000050,0.000000,0.000000,0.000417
Q_ind_203_anc_7-6,0.000264,0.000000,0.000000,0.003033
Q_ind_204_anc_7-6,0.000379,0.000000,0.000000,0.003902
Q_ind_205_anc_7-6,0.000147,0.000000,0.000000,0.001629
Q_ind_206_anc_7-6,0.000752,0.000000,0.000000,0.011334
Q_ind_207_anc_7-6,0.000354,0.000000,0.000000,0.003802
Q_ind_208_anc_7-6,0.000131,0.000000,0.000000,0.001418
Q_ind_209_anc_7-6,0.000312,0.000000,0.000000,0.004017
Q_ind_210_anc_7-6,0.000329,0.000000,0.000000,0.003493
Q_ind_211_anc_7-6,0.000198,0.000000,0.000000,0.002441
Q_ind_212_anc_7-6,0.000164,0.000000,0.000000,0.001443
Q_ind_213_anc_7-6,0.000154,0.000000,0.000000,0.001562
Q_ind_214_anc_7-6,0.000137,0.000000,0.000000,0.001321
Q_ind_215_anc_7-6,0.000142,0.000000,0.000000,0.001436
Q_ind_216_anc_7-6,0.000245,0.000000,0.000000,0.002627
Q_ind_217_anc_7-6,0.000241,0.000000,0.000000,0.003257
Q_ind_218_anc_7-6,0.000241,0.000000,0.000000,0.002871
Q_ind_219_anc_7-6,0.000226,0.000000,0.000000,0.002393
Q_ind_220_anc_7-6,0.000101,0.000000,0.000000,0.001166
Q_ind_221_anc_7-6,0.000432,0.000000,0.000000,0.003292
Q_ind_222_anc_7-6,0.000196,0.000000,0.000000,0.001778
Q_ind_223_anc_7-6,0.000079,0.000000,0.000000,0.000826
Q_ind_224_anc_7-6,0.000142,0.000000,0.000000,0.001421
Q_ind_225_anc_7-6,0.001425,0.000000,0.000000,0.015135
Q_ind_226_anc_7-6,0.000158,0.000000,0.000000,0.001715
Q_ind_227_anc_7-6,0.001427,0.000000,0.000000,0.017165
Q_ind_228_anc_7-6,0.001082,0.000000,0.000000,0.013292
Q_ind_229_anc_7-6,0.000514,0.000000,0.000000,0.004625
Q_ind_230_anc_7-6,0.000695,0.000000,0.000000,0.008811
Q_ind_231_anc_7-6,0.000101,0.000000,0.000000,0.000970
Q_ind_232_anc_7-6,0.000457,0.000000,0.000000,0.005311
Q_ind_233_anc_7-6,0.000653,0.000000,0.000000,0.006450
Q_ind_234_anc_7-6,0.013624,0.000000,0.000000,0.198308
Q_ind_235_anc_7-6,0.004717,0.000000,0.000000,0.073769
Q_ind_236_anc_7-6,0.028808,0.000000,0.000000,0.199749
Q_ind_237_anc_7-6,0.007417,0.000000,0.000000,0.112395
Q_ind_238_anc_7-6,0.017270,0.000000,0.000000,0.170439
Q_ind_239_anc_7-6,0.017745,0.000000,0.000000,0.215978
Q_ind_240_anc_7-6,0.014833,0.000000,0.000000,0.124991
Q_ind_241_anc_7-6,0.002462,0.000000,0.000000,0.033196
Q_ind_242_anc_7-6,0.000586,0.000000,0.000000,0.003477
Q_ind_243_anc_7-6,0.058974,0.000000,0.000000,0.273505
Q_ind_244_anc_7-6,0.013830,0.000000,0.000000,0.159998
Q_ind_245_anc_7-6,0.037338,0.000000,0.000000,0.241375
Q_ind_1_anc_7-7,0.000050,0.000000,0.000000,0.000414
Q_ind_2_anc_7-7,0.000068,0.000000,0.000000,0.000552
Q_ind_3_anc_7-7,0.000253,0.000000,0.000000,0.002979
Q_ind_4_anc_7-7,0.000120,0.000000,0.000000,0.001290
Q_ind_5_anc_7-7,0.000041,0.000000,0.000000,0.000393
Q_ind_6_anc_7-7,0.000146,0.000000,0.000000,0.001555
Q_ind_7_anc_7-7,0.000105,0.000000,0.000000,0.001109
Q_ind_8_anc_7-7,0.000146,0.000000,0.000000,0.001635
Q_ind_9_anc_7-7,0.000162,0.000000,0.000000,0.001601
Q_ind_10_anc_7-7,0.000073,0.000000,0.000000,0.000719
Q_ind_11_anc_7-7,0.001389,0.000000,0.000000,0.019020
Q_ind_12_anc_7-7,0.000163,0.000000,0.000000,0.001980
Q_ind_13_anc_7-7,0.018801,0.000000,0.000000,0.092559
Q_ind_14_anc_7-7,0.045960,0.004770,0.000000,0.136497
Q_ind_15_anc_7-7,0.069843,0.087566,0.000000,0.144671
Q_ind_16_anc_7-7,0.046749,0.050166,0.000000,0.126952
Q_ind_17_anc_7-7,0.003460,0.000000,0.000000,0.046459
Q_ind_18_anc_7-7,0.044063,0.002063,0.000000,0.150463
Q_ind_19_anc_7-7,0.008835,0.000000,0.000000,0.069008
Q_ind_20_anc_7-7,0.000053,0.000000,0.000000,0.000426
Q_ind_21_anc_7-7,0.000148,0.000000,0.000000,0.001668
Q_ind_22_anc_7-7,0.000146,0.000000,0.000000,0.001668
Q_ind_23_anc_7-7,0.000137,0.000000,0.000000,0.001406
Q_ind_24_anc_7-7,0.000114,0.000000,0.000000,0.001185
Q_ind_25_anc_7-7,0.000078,0.000000,0.000000,0.000715
Q_ind_26_anc_7-7,0.000053,0.000000,0.000000,0.000564
Q_ind_27_anc_7-7,0.000071,0.000000,0.000000,0.000762
Q_ind_28_anc_7-7,0.000092,0.000000,0.000000,0.000881
Q_ind_29_anc_7-7,0.000371,0.000000,0.000000,0.005045
Q_ind_30_anc_7-7,0.000068,0.000000,0.000000,0.000629
Q_ind_31_anc_7-7,0.000031,0.000000,0.000000,0.000331
Q_ind_32_anc_7-7,0.000112,0.000000,0.000000,0.001002
Q_ind_33_anc_7-7,0.000093,0.000000,0.000000,0.000840
Q_ind_34_anc_7-7,0.000047,0.000000,0.000000,0.000493
Q_ind_35_anc_7-7,0.000048,0.000000,0.000000,0.000442
Q_ind_36_anc_7-7,0.000054,0.000000,0.000000,0.000532
Q_ind_37_anc_7-7,0.000059,0.000000,0.000000,0.000458
Q_ind_38_anc_7-7,0.000034,0.000000,0.000000,0.000349
Q_ind_39_anc_7-7,0.000040,0.000000,0.000000,0.000416
Q_ind_40_anc_7-7,0.000264,0.000000,0.000000,0.003128
Q_ind_41_anc_7-7,0.000051,0.000000,0.000000,0.000504
Q_ind_42_anc_7-7,0.092445,0.093369,0.000000,0.165830
Q_ind_43_anc_7-7,0.120730,0.127428,0.000000,0.197223
Q_ind_44_anc_7-7,0.134403,0.136450,0.051819,0.203625
Q_ind_45_anc_7-7,0.186098,0.190663,0.099623,0.250852
Q_ind_46_anc_7-7,0.159180,0.161667,0.060575,0.241561
Q_ind_47_anc_7-7,0.198067,0.198612,0.119126,0.269571
Q_ind_48_anc_7-7,0.027121,0.000000,0.000000,0.147867
Q_ind_49_anc_7-7,0.252209,0.253491,0.186630,0.309834
Q_ind_50_anc_7-7,0.148501,0.145824,0.062698,0.233245
Q_ind_51_anc_7-7,0.052675,0.058281,0.000000,0.135963
Q_ind_52_anc_7-7,0.073028,0.084144,0.000000,0.158468
Q_ind_53_anc_7-7,0.126552,0.159485,0.000000,0.225075
Q_ind_54_anc_7-7,0.116426,0.131404,0.000000,0.194419
Q_ind_55_anc_7-7,0.097625,0.111565,0.000000,0.182888
Q_ind_56_anc_7-7,0.085556,0.103038,0.000000,0.164809
Q_ind_57_anc_7-7,0.000089,0.000000,0.000000,0.000844
Q_ind_58_anc_7-7,0.124095,0.142357,0.000000,0.206382
Q_ind_59_anc_7-7,0.149846,0.170264,0.000000,0.242651
Q_ind_60_anc_7-7,0.073765,0.089651,0.000000,0.149621
Q_ind_61_anc_7-7,0.174580,0.211687,0.000000,0.267114
Q_ind_62_anc_7-7,0.189105,0.222140,0.000000,0.293233
Q_ind_63_anc_7-7,0.000073,0.000000,0.000000,0.000748
Q_ind_64_anc_7-7,0.000373,0.000000,0.000000,0.004849
Q_ind_65_anc_7-7,0.000342,0.000000,0.000000,0.004630
Q_ind_66_anc_7-7,0.000333,0.000000,0.000000,0.004733
Q_ind_67_anc_7-7,0.000082,0.000000,0.000000,0.000831
Q_ind_68_anc_7-7,0.000218,0.000000,0.000000,0.002399
Q_ind_69_anc_7-7,0.000051,0.000000,0.000000,0.000476
Q_ind_70_anc_7-7,0.000053,0.000000,0.000000,0.000538
Q_ind_71_anc_7-7,0.000140,0.000000,0.000000,0.000964
Q_ind_72_anc_7-7,0.000265,0.000000,0.000000,0.002438
Q_ind_73_anc_7-7,0.001227,0.000000,0.000000,0.014124
Q_ind_74_anc_7-7,0.000107,0.000000,0.000000,0.001244
Q_ind_75_anc_7-7,0.000048,0.000000,0.000000,0.000450
Q_ind_76_anc_7-7,0.000330,0.000000,0.000000,0.004305
Q_ind_77_anc_7-7,0.000091,0.000000,0.000000,0.000764
Q_ind_78_anc_7-7,0.000127,0.000000,0.000000,0.001317
Q_ind_79_anc_7-7,0.000077,0.000000,0.000000,0.000767
Q_ind_80_anc_7-7,0.000121,0.000000,0.000000,0.001342
Q_ind_81_anc_7-7,0.000072,0.000000,0.000000,0.000819
Q_ind_82_anc_7-7,0.000751,0.000000,0.000000,0.010015
Q_ind_83_anc_7-7,0.000113,0.000000,0.000000,0.001266
Q_ind_84_anc_7-7,0.000336,0.000000,0.000000,0.004254
Q_ind_85_anc_7-7,0.000082,0.000000,0.000000,0.000917
Q_ind_86_anc_7-7,0.000127,0.000000,0.000000,0.001107
Q_ind_87_anc_7-7,0.000926,0.000000,0.000000,0.012049
Q_ind_88_anc_7-7,0.018795,0.000000,0.000000,0.085943
Q_ind_89_anc_7-7,0.020953,0.013102,0.000000,0.070070
Q_ind_90_anc_7-7,0.020241,0.000000,0.000000,0.112107
Q_ind_91_anc_7-7,0.023276,0.020281,0.000000,0.070778
Q_ind_92_anc_7-7,0.001371,0.000000,0.000000,0.020456
Q_ind_93_anc_7-7,0.036024,0.038382,0.000000,0.080733
Q_ind_94_anc_7-7,0.000120,0.000000,0.000000,0.001060
Q_ind_95_anc_7-7,0.025810,0.004250,0.000000,0.097651
Q_ind_96_anc_7-7,0.687933,0.688234,0.616836,0.780970
Q_ind_97_anc_7-7,0.685778,0.684635,0.622817,0.775104
Q_ind_98_anc_7-7,0.000087,0.000000,0.000000,0.000899
Q_ind_99_anc_7-7,0.000059,0.000000,0.000000,0.000595
Q_ind_100_anc_7-7,0.742816,0.739333,0.684346,0.866196
Q_ind_101_anc_7-7,0.759633,0.754876,0.697926,0.906148
Q_ind_102_anc_7-7,0.759577,0.754227,0.707311,0.899462
Q_ind_103_anc_7-7,0.748285,0.741562,0.689319,0.909192
Q_ind_104_anc_7-7,0.791906,0.783610,0.741843,0.987293
Q_ind_105_anc_7-7,0.000080,0.000000,0.000000,0.000895
Q_ind_106_anc_7-7,0.618854,0.617590,0.548749,0.717483
Q_ind_107_anc_7-7,0.000092,0.000000,0.000000,0.000968
Q_ind_108_anc_7-7,0.000179,0.000000,0.000000,0.002099
Q_ind_109_anc_7-7,0.000516,0.000000,0.000000,0.006432
Q_ind_110_anc_7-7,0.000217,0.000000,0.000000,0.002367
Q_ind_111_anc_7-7,0.000227,0.000000,0.000000,0.002713
Q_ind_112_anc_7-7,0.000222,0.000000,0.000000,0.002503
Q_ind_113_anc_7-7,0.000272,0.000000,0.000000,0.002933
Q_ind_114_anc_7-7,0.001026,0.000000,0.000000,0.010910
Q_ind_115_anc_7-7,0.536449,0.541808,0.447882,0.596582
Q_ind_116_anc_7-7,0.630628,0.637072,0.540574,0.688746
Q_ind_117_anc_7-7,0.598000,0.602926,0.511531,0.658785
Q_ind_118_anc_7-7,0.589862,0.596612,0.501378,0.648068
Q_ind_119_anc_7-7,0.638302,0.641416,0.559609,0.702317
Q_ind_120_anc_7-7,0.663584,0.667421,0.581248,0.731723
Q_ind_121_anc_7-7,0.628129,0.632717,0.543126,0.685127
Q_ind_122_anc_7-7,0.656816,0.662239,0.571968,0.712041
Q_ind_123_anc_7-7,0.638251,0.640439,0.557673,0.702928
Q_ind_124_anc_7-7,0.256682,0.265183,0.145353,0.329088
Q_ind_125_anc_7-7,0.000102,0.000000,0.000000,0.000900
Q_ind_126_anc_7-7,0.000093,0.000000,0.000000,0.001086
Q_ind_127_anc_7-7,0.000345,0.000000,0.000000,0.003805
Q_ind_128_anc_7-7,0.000275,0.000000,0.000000,0.003657
Q_ind_129_anc_7-7,0.000091,0.000000,0.000000,0.000861
Q_ind_130_anc_7-7,0.000459,0.000000,0.000000,0.006302
Q_ind_131_anc_7-7,0.000042,0.000000,0.000000,0.000438
Q_ind_132_anc_7-7,0.000028,0.000000,0.000000,0.000291
Q_ind_133_anc_7-7,0.000156,0.000000,0.000000,0.001798
Q_ind_134_anc_7-7,0.000105,0.000000,0.000000,0.001003
Q_ind_135_anc_7-7,0.000167,0.000000,0.000000,0.001915
Q_ind_136_anc_7-7,0.000119,0.000000,0.000000,0.001195
Q_ind_137_anc_7-7,0.000122,0.000000,0.000000,0.000941
Q_ind_138_anc_7-7,0.000028,0.000000,0.000000,0.000284
Q_ind_139_anc_7-7,0.000047,0.000000,0.000000,0.000599
Q_ind_140_anc_7-7,0.000138,0.000000,0.000000,0.001463
Q_ind_141_anc_7-7,0.000151,0.000000,0.000000,0.001354
Q_ind_142_anc_7-7,0.000031,0.000000,0.000000,0.000278
Q_ind_143_anc_7-7,0.000086,0.000000,0.000000,0.000700
Q_ind_144_anc_7-7,0.000187,0.000000,0.000000,0.002394
Q_ind_145_anc_7-7,0.000110,0.000000,0.000000,0.001275
Q_ind_146_anc_7-7,0.001776,0.000000,0.000000,0.019356
Q_ind_147_anc_7-7,0.001478,0.000000,0.000000,0.015206
Q_ind_148_anc_7-7,0.000503,0.000000,0.000000,0.006941
Q_ind_149_anc_7-7,0.000063,0.000000,0.000000,0.000637
Q_ind_150_anc_7-7,0.000978,0.000000,0.000000,0.012562
Q_ind_151_anc_7-7,0.000294,0.000000,0.000000,0.004104
Q_ind_152_anc_7-7,0.002444,0.000000,0.000000,0.018856
Q_ind_153_anc_7-7,0.000256,0.000000,0.000000,0.003435
Q_ind_154_anc_7-7,0.004556,0.000000,0.000000,0.027787
Q_ind_155_anc_7-7,0.000034,0.000000,0.000000,0.000302
Q_ind_156_anc_7-7,0.000250,0.000000,0.000000,0.002923
Q_ind_157_anc_7-7,0.003145,0.000000,0.000000,0.030136
Q_ind_158_anc_7-7,0.000355,0.000000,0.000000,0.005330
Q_ind_159_anc_7-7,0.000302,0.000000,0.000000,0.003743
Q_ind_160_anc_7-7,0.000079,0.000000,0.000000,0.000681
Q_ind_161_anc_7-7,0.000066,0.000000,0.000000,0.000765
Q_ind_162_anc_7-7,0.000500,0.000000,0.000000,0.006449
Q_ind_163_anc_7-7,0.000160,0.000000,0.000000,0.001553
Q_ind_164_anc_7-7,0.000543,0.000000,0.000000,0.007845
Q_ind_165_anc_7-7,0.000106,0.000000,0.000000,0.001028
Q_ind_166_anc_7-7,0.000105,0.000000,0.000000,0.001090
Q_ind_167_anc_7-7,0.000285,0.000000,0.000000,0.003261
Q_ind_168_anc_7-7,0.000062,0.000000,0.000000,0.000660
Q_ind_169_anc_7-7,0.000032,0.000000,0.000000,0.000300
Q_ind_170_anc_7-7,0.000198,0.000000,0.000000,0.002050
Q_ind_171_anc_7-7,0.000116,0.000000,0.000000,0.001165
Q_ind_172_anc_7-7,0.000116,0.000000,0.000000,0.001354
Q_ind_173_anc_7-7,0.000064,0.000000,0.000000,0.000593
Q_ind_174_anc_7-7,0.000110,0.000000,0.000000,0.001209
Q_ind_175_anc_7-7,0.000047,0.000000,0.000000,0.000465
Q_ind_176_anc_7-7,0.000056,0.000000,0.000000,0.000560
Q_ind_177_anc_7-7,0.000276,0.000000,0.000000,0.004000
Q_ind_178_anc_7-7,0.000254,0.000000,0.000000,0.003417
Q_ind_179_anc_7-7,0.000106,0.000000,0.000000,0.000987
Q_ind_180_anc_7-7,0.000696,0.000000,0.000000,0.009442
Q_ind_181_anc_7-7,0.000072,0.000000,0.000000,0.000863
Q_ind_182_anc_7-7,0.000279,0.000000,0.000000,0.002900
Q_ind_183_anc_7-7,0.000156,0.000000,0.000000,0.001416
Q_ind_184_anc_7-7,0.000059,0.000000,0.000000,0.000534
Q_ind_185_anc_7-7,0.000804,0.000000,0.000000,0.012552
Q_ind_186_anc_7-7,0.000149,0.000000,0.000000,0.001703
Q_ind_187_anc_7-7,0.000353,0.000000,0.000000,0.004342
Q_ind_188_anc_7-7,0.000083,0.000000,0.000000,0.000742
Q_ind_189_anc_7-7,0.001874,0.000000,0.000000,0.027734
Q_ind_190_anc_7-7,0.000132,0.000000,0.000000,0.001175
Q_ind_191_anc_7-7,0.000118,0.000000,0.000000,0.001202
Q_ind_192_anc_7-7,0.000042,0.000000,0.000000,0.000352
Q_ind_193_anc_7-7,0.000120,0.000000,0.000000,0.001304
Q_ind_194_anc_7-7,0.000026,0.000000,0.000000,0.000239
Q_ind_195_anc_7-7,0.000060,0.000000,0.000000,0.000658
Q_ind_196_anc_7-7,0.000031,0.000000,0.000000,0.000296
Q_ind_197_anc_7-7,0.000031,0.000000,0.000000,0.000291
Q_ind_198_anc_7-7,0.000025,0.000000,0.000000,0.000224
Q_ind_199_anc_7-7,0.000061,0.000000,0.000000,0.000493
Q_ind_200_anc_7-7,0.000033,0.000000,0.000000,0.000325
Q_ind_201_anc_7-7,0.000025,0.000000,0.000000,0.000230
Q_ind_202_anc_7-7,0.000094,0.000000,0.000000,0.000914
Q_ind_203_anc_7-7,0.000164,0.000000,0.000000,0.001572
Q_ind_204_anc_7-7,0.000236,0.000000,0.000000,0.002432
Q_ind_205_anc_7-7,0.000518,0.000000,0.000000,0.007141
Q_ind_206_anc_7-7,0.000409,0.000000,0.000000,0.004930
Q_ind_207_anc_7-7,0.000487,0.000000,0.000000,0.006169
Q_ind_208_anc_7-7,0.000030,0.000000,0.000000,0.000320
Q_ind_209_anc_7-7,0.000159,0.000000,0.000000,0.001731
Q_ind_210_anc_7-7,0.000153,0.000000,0.000000,0.001690
Q_ind_211_anc_7-7,0.000082,0.000000,0.000000,0.000997
Q_ind_212_anc_7-7,0.000041,0.000000,0.000000,0.000418
Q_ind_213_anc_7-7,0.000069,0.000000,0.000000,0.000567
Q_ind_214_anc_7-7,0.000038,0.000000,0.000000,0.000344
Q_ind_215_anc_7-7,0.000083,0.000000,0.000000,0.000897
Q_ind_216_anc_7-7,0.000060,0.000000,0.000000,0.000652
Q_ind_217_anc_7-7,0.000058,0.000000,0.000000,0.000593
Q_ind_218_anc_7-7,0.000033,0.000000,0.000000,0.000334
Q_ind_219_anc_7-7,0.000059,0.000000,0.000000,0.000645
Q_ind_220_anc_7-7,0.000047,0.000000,0.000000,0.000529
Q_ind_221_anc_7-7,0.000098,0.000000,0.000000,0.000888
Q_ind_222_anc_7-7,0.000087,0.000000,0.000000,0.000903
Q_ind_223_anc_7-7,0.000043,0.000000,0.000000,0.000514
Q_ind_224_anc_7-7,0.000047,0.000000,0.000000,0.000462
Q_ind_225_anc_7-7,0.000569,0.000000,0.000000,0.007900
Q_ind_226_anc_7-7,0.000057,0.000000,0.000000,0.000576
Q_ind_227_anc_7-7,0.007005,0.000000,0.000000,0.050930
Q_ind_228_anc_7-7,0.001895,0.000000,0.000000,0.025298
Q_ind_229_anc_7-7,0.002023,0.000000,0.000000,0.024689
Q_ind_230_anc_7-7,0.002256,0.000000,0.000000,0.026191
Q_ind_231_anc_7-7,0.000037,0.000000,0.000000,0.000371
Q_ind_232_anc_7-7,0.000304,0.000000,0.000000,0.003264
Q_ind_233_anc_7-7,0.000486,0.000000,0.000000,0.007002
Q_ind_234_anc_7-7,0.000709,0.000000,0.000000,0.008945
Q_ind_235_anc_7-7,0.000153,0.000000,0.000000,0.001559
Q_ind_236_anc_7-7,0.000212,0.000000,0.000000,0.001936
Q_ind_237_anc_7-7,0.000245,0.000000,0.000000,0.002912
Q_ind_238_anc_7-7,0.000056,0.000000,0.000000,0.000583
Q_ind_239_anc_7-7,0.000837,0.000000,0.000000,0.012164
Q_ind_240_anc_7-7,0.000069,0.000000,0.000000,0.000696
Q_ind_241_anc_7-7,0.000104,0.000000,0.000000,0.001185
Q_ind_242_anc_7-7,0.000131,0.000000,0.000000,0.001518
Q_ind_243_anc_7-7,0.000049,0.000000,0.000000,0.000490
Q_ind_244_anc_7-7,0.000660,0.000000,0.000000,0.008531
Q_ind_245_anc_7-7,0.000048,0.000000,0.000000,0.000394
Q_ind_1_anc_8-1,0.000396,0.000000,0.000000,0.003637
Q_ind_2_anc_8-1,0.002158,0.000000,0.000000,0.029943
Q_ind_3_anc_8-1,0.001312,0.000000,0.000000,0.022346
Q_ind_4_anc_8-1,0.010176,0.000000,0.000000,0.068867
Q_ind_5_anc_8-1,0.000837,0.000000,0.000000,0.010991
Q_ind_6_anc_8-1,0.003496,0.000000,0.000000,0.047001
Q_ind_7_anc_8-1,0.000366,0.000000,0.000000,0.004227
Q_ind_8_anc_8-1,0.022669,0.000000,0.000000,0.094699
Q_ind_9_anc_8-1,0.007453,0.000000,0.000000,0.081392
Q_ind_10_anc_8-1,0.000643,0.000000,0.000000,0.008221
Q_ind_11_anc_8-1,0.002654,0.000000,0.000000,0.036144
Q_ind_12_anc_8-1,0.021040,0.000001,0.000000,0.085458
Q_ind_13_anc_8-1,0.000447,0.000000,0.000000,0.004406
Q_ind_14_anc_8-1,0.010447,0.000000,0.000000,0.116558
Q_ind_15_anc_8-1,0.000849,0.000000,0.000000,0.011521
Q_ind_16_anc_8-1,0.000244,0.000000,0.000000,0.002276
Q_ind_17_anc_8-1,0.001761,0.000000,0.000000,0.024140
Q_ind_18_anc_8-1,0.000229,0.000000,0.000000,0.001958
Q_ind_19_anc_8-1,0.004130,0.000000,0.000000,0.048190
Q_ind_20_anc_8-1,0.007645,0.000000,0.000000,0.092148
Q_ind_21_anc_8-1,0.000139,0.000000,0.000000,0.001127
Q_ind_22_anc_8-1,0.001041,0.000000,0.000000,0.013274
Q_ind_23_anc_8-1,0.001500,0.000000,0.000000,0.023808
Q_ind_24_anc_8-1,0.000286,0.000000,0.000000,0.003140
Q_ind_25_anc_8-1,0.000355,0.000000,0.000000,0.004732
Q_ind_26_anc_8-1,0.004627,0.000000,0.000000,0.046872
Q_ind_27_anc_8-1,0.000853,0.000000,0.000000,0.011910
Q_ind_28_anc_8-1,0.001801,0.000000,0.000000,0.026433
Q_ind_29_anc_8-1,0.000900,0.000000,0.000000,0.012584
Q_ind_30_anc_8-1,0.007511,0.000000,0.000000,0.073327
Q_ind_31_anc_8-1,0.000130,0.000000,0.000000,0.001235
Q_ind_32_anc_8-1,0.000356,0.000000,0.000000,0.003196
Q_ind_33_anc_8-1,0.000277,0.000000,0.000000,0.003056
Q_ind_34_anc_8-1,0.000180,0.000000,0.000000,0.001884
Q_ind_35_anc_8-1,0.000469,0.000000,0.000000,0.006095
Q_ind_36_anc_8-1,0.000117,0.000000,0.000000,0.001063
Q_ind_37_anc_8-1,0.000122,0.000000,0.000000,0.001369
Q_ind_38_anc_8-1,0.000100,0.000000,0.000000,0.000833
Q_ind_39_anc_8-1,0.000270,0.000000,0.000000,0.002125
Q_ind_40_anc_8-1,0.001257,0.000000,0.000000,0.019822
Q_ind_41_anc_8-1,0.000331,0.000000,0.000000,0.003609
Q_ind_42_anc_8-1,0.000344,0.000000,0.000000,0.003613
Q_ind_43_anc_8-1,0.000150,0.000000,0.000000,0.001540
Q_ind_44_anc_8-1,0.000770,0.000000,0.000000,0.007514
Q_ind_45_anc_8-1,0.000361,0.000000,0.000000,0.004463
Q_ind_46_anc_8-1,0.000092,0.000000,0.000000,0.000963
Q_ind_47_anc_8-1,0.000401,0.000000,0.000000,0.005437
Q_ind_48_anc_8-1,0.001120,0.000000,0.000000,0.015024
Q_ind_49_anc_8-1,0.000229,0.000000,0.000000,0.003085
Q_ind_50_anc_8-1,0.000126,0.000000,0.000000,0.001407
Q_ind_51_anc_8-1,0.000378,0.000000,0.000000,0.005112
Q_ind_52_anc_8-1,0.000590,0.000000,0.000000,0.008575
Q_ind_53_anc_8-1,0.000428,0.000000,0.000000,0.005777
Q_ind_54_anc_8-1,0.000132,0.000000,0.000000,0.001185
Q_ind_55_anc_8-1,0.000125,0.000000,0.000000,0.001185
Q_ind_56_anc_8-1,0.002155,0.000000,0.000000,0.025182
Q_ind_57_anc_8-1,0.000366,0.000000,0.000000,0.002553
Q_ind_58_anc_8-1,0.000154,0.000000,0.000000,0.001867
Q_ind_59_anc_8-1,0.031276,0.032796,0.000000,0.075891
Q_ind_60_anc_8-1,0.000174,0.000000,0.000000,0.002061
Q_ind_61_anc_8-1,0.002270,0.000000,0.000000,0.027168
Q_ind_62_anc_8-1,0.004101,0.000000,0.000000,0.042388
Q_ind_63_anc_8-1,0.000193,0.000000,0.000000,0.001680
Q_ind_64_anc_8-1,0.000076,0.000000,0.000000,0.000781
Q_ind_65_anc_8-1,0.000151,0.000000,0.000000,0.001400
Q_ind_66_anc_8-1,0.000071,0.000000,0.000000,0.000589
Q_ind_67_anc_8-1,0.000142,0.000000,0.000000,0.001527
Q_ind_68_anc_8-1,0.000368,0.000000,0.000000,0.004542
Q_ind_69_anc_8-1,0.000708,0.000000,0.000000,0.010258
Q_ind_70_anc_8-1,0.000116,0.000000,0.000000,0.001012
Q_ind_71_anc_8-1,0.000417,0.000000,0.000000,0.005182
Q_ind_72_anc_8-1,0.000344,0.000000,0.000000,0.003740
Q_ind_73_anc_8-1,0.000164,0.000000,0.000000,0.001773
Q_ind_74_anc_8-1,0.000190,0.000000,0.000000,0.002060
Q_ind_75_anc_8-1,0.000352,0.000000,0.000000,0.003042
Q_ind_76_anc_8-1,0.000836,0.000000,0.000000,0.011510
Q_ind_77_anc_8-1,0.002342,0.000000,0.000000,0.036912
Q_ind_78_anc_8-1,0.000516,0.000000,0.000000,0.007073
Q_ind_79_anc_8-1,0.000479,0.000000,0.000000,0.006161
Q_ind_80_anc_8-1,0.000343,0.000000,0.000000,0.003136
Q_ind_81_anc_8-1,0.000616,0.000000,0.000000,0.006999
Q_ind_82_anc_8-1,0.000220,0.000000,0.000000,0.002581
Q_ind_83_anc_8-1,0.000725,0.000000,0.000000,0.007956
Q_ind_84_anc_8-1,0.000430,0.000000,0.000000,0.004100
Q_ind_85_anc_8-1,0.000528,0.000000,0.000000,0.007350
Q_ind_86_anc_8-1,0.000263,0.000000,0.000000,0.003191
Q_ind_87_anc_8-1,0.000552,0.000000,0.000000,0.007906
Q_ind_88_anc_8-1,0.030323,0.000000,0.000000,0.265695
Q_ind_89_anc_8-1,0.004235,0.000000,0.000000,0.076502
Q_ind_90_anc_8-1,0.013224,0.000000,0.000000,0.179213
Q_ind_91_anc_8-1,0.021539,0.000000,0.000000,0.229982
Q_ind_92_anc_8-1,0.038355,0.000000,0.000000,0.266872
Q_ind_93_anc_8-1,0.059099,0.000016,0.000000,0.304952
Q_ind_94_anc_8-1,0.047112,0.000000,0.000000,0.288790
Q_ind_95_anc_8-1,0.043742,0.000011,0.000000,0.252904
Q_ind_96_anc_8-1,0.000195,0.000000,0.000000,0.002338
Q_ind_97_anc_8-1,0.001304,0.000000,0.000000,0.016454
Q_ind_98_anc_8-1,0.000060,0.000000,0.000000,0.000678
Q_ind_99_anc_8-1,0.000213,0.000000,0.000000,0.002376
Q_ind_100_anc_8-1,0.000261,0.000000,0.000000,0.003326
Q_ind_101_anc_8-1,0.000125,0.000000,0.000000,0.001403
Q_ind_102_anc_8-1,0.000090,0.000000,0.000000,0.000940
Q_ind_103_anc_8-1,0.000364,0.000000,0.000000,0.005109
Q_ind_104_anc_8-1,0.000317,0.000000,0.000000,0.004132
Q_ind_105_anc_8-1,0.000225,0.000000,0.000000,0.003014
Q_ind_106_anc_8-1,0.000896,0.000000,0.000000,0.013075
Q_ind_107_anc_8-1,0.000516,0.000000,0.000000,0.007295
Q_ind_108_anc_8-1,0.000396,0.000000,0.000000,0.003489
Q_ind_109_anc_8-1,0.000179,0.000000,0.000000,0.001872
Q_ind_110_anc_8-1,0.000174,0.000000,0.000000,0.001895
Q_ind_111_anc_8-1,0.000326,0.000000,0.000000,0.004089
Q_ind_112_anc_8-1,0.000438,0.000000,0.000000,0.004980
Q_ind_113_anc_8-1,0.001536,0.000000,0.000000,0.022550
Q_ind_114_anc_8-1,0.000397,0.000000,0.000000,0.004858
Q_ind_115_anc_8-1,0.000359,0.000000,0.000000,0.005279
Q_ind_116_anc_8-1,0.000124,0.000000,0.000000,0.001332
Q_ind_117_anc_8-1,0.000524,0.000000,0.000000,0.007555
Q_ind_118_anc_8-1,0.000296,0.000000,0.000000,0.003732
Q_ind_119_anc_8-1,0.000532,0.000000,0.000000,0.006869
Q_ind_120_anc_8-1,0.000119,0.000000,0.000000,0.001460
Q_ind_121_anc_8-1,0.000716,0.000000,0.000000,0.010449
Q_ind_122_anc_8-1,0.000318,0.000000,0.000000,0.004344
Q_ind_123_anc_8-1,0.000556,0.000000,0.000000,0.008164
Q_ind_124_anc_8-1,0.000227,0.000000,0.000000,0.002567
Q_ind_125_anc_8-1,0.003403,0.000000,0.000000,0.052092
Q_ind_126_anc_8-1,0.011732,0.000000,0.000000,0.090060
Q_ind_127_anc_8-1,0.000554,0.000000,0.000000,0.006010
Q_ind_128_anc_8-1,0.004513,0.000000,0.000000,0.054461
Q_ind_129_anc_8-1,0.003893,0.000000,0.000000,0.049719
Q_ind_130_anc_8-1,0.002297,0.000000,0.000000,0.028457
Q_ind_131_anc_8-1,0.000285,0.000000,0.000000,0.002483
Q_ind_132_anc_8-1,0.000209,0.000000,0.000000,0.001704
Q_ind_133_anc_8-1,0.000294,0.000000,0.000000,0.002984
Q_ind_134_anc_8-1,0.000224,0.000000,0.000000,0.002949
Q_ind_135_anc_8-1,0.000578,0.000000,0.000000,0.006135
Q_ind_136_anc_8-1,0.000230,0.000000,0.000000,0.002613
Q_ind_137_anc_8-1,0.000233,0.000000,0.000000,0.002145
Q_ind_138_anc_8-1,0.000109,0.000000,0.000000,0.001222
Q_ind_139_anc_8-1,0.000259,0.000000,0.000000,0.002343
Q_ind_140_anc_8-1,0.000201,0.000000,0.000000,0.002460
Q_ind_141_anc_8-1,0.000338,0.000000,0.000000,0.003385
Q_ind_142_anc_8-1,0.004983,0.000000,0.000000,0.074125
Q_ind_143_anc_8-1,0.000184,0.000000,0.000000,0.002351
Q_ind_144_anc_8-1,0.000132,0.000000,0.000000,0.001325
Q_ind_145_anc_8-1,0.000104,0.000000,0.000000,0.000968
Q_ind_146_anc_8-1,0.000364,0.000000,0.000000,0.003656
Q_ind_147_anc_8-1,0.000221,0.000000,0.000000,0.002636
Q_ind_148_anc_8-1,0.000319,0.000000,0.000000,0.002747
Q_ind_149_anc_8-1,0.100945,0.100299,0.054735,0.150855
Q_ind_150_anc_8-1,0.000124,0.000000,0.000000,0.001045
Q_ind_151_anc_8-1,0.000148,0.000000,0.000000,0.001254
Q_ind_152_anc_8-1,0.000179,0.000000,0.000000,0.002205
Q_ind_153_anc_8-1,0.000138,0.000000,0.000000,0.001217
Q_ind_154_anc_8-1,0.000192,0.000000,0.000000,0.001805
Q_ind_155_anc_8-1,0.041201,0.000000,0.000000,0.213449
Q_ind_156_anc_8-1,0.001747,0.000000,0.000000,0.026636
Q_ind_157_anc_8-1,0.000182,0.000000,0.000000,0.001860
Q_ind_158_anc_8-1,0.006613,0.000000,0.000000,0.065131
Q_ind_159_anc_8-1,0.000146,0.000000,0.000000,0.001378
Q_ind_160_anc_8-1,0.000700,0.000000,0.000000,0.008956
Q_ind_161_anc_8-1,0.000235,0.000000,0.000000,0.002895
Q_ind_162_anc_8-1,0.000835,0.000000,0.000000,0.011778
Q_ind_163_anc_8-1,0.000303,0.000000,0.000000,0.003945
Q_ind_164_anc_8-1,0.000479,0.000000,0.000000,0.004441
Q_ind_165_anc_8-1,0.000163,0.000000,0.000000,0.001724
Q_ind_166_anc_8-1,0.000194,0.000000,0.000000,0.002236
Q_ind_167_anc_8-1,0.000249,0.000000,0.000000,0.003358
Q_ind_168_anc_8-1,0.000810,0.000000,0.000000,0.010914
Q_ind_169_anc_8-1,0.000247,0.000000,0.000000,0.002006
Q_ind_170_anc_8-1,0.000186,0.000000,0.000000,0.002014
Q_ind_171_anc_8-1,0.000702,0.000000,0.000000,0.008674
Q_ind_172_anc_8-1,0.000105,0.000000,0.000000,0.001075
Q_ind_173_anc_8-1,0.000117,0.000000,0.000000,0.001433
Q_ind_174_anc_8-1,0.000282,0.000000,0.000000,0.003757
Q_ind_175_anc_8-1,0.000849,0.000000,0.000000,0.009286
Q_ind_176_anc_8-1,0.001227,0.000000,0.000000,0.019343
Q_ind_177_anc_8-1,0.005324,0.000000,0.000000,0.081309
Q_ind_178_anc_8-1,0.001175,0.000000,0.000000,0.014738
Q_ind_179_anc_8-1,0.000427,0.000000,0.000000,0.003722
Q_ind_180_anc_8-1,0.000607,0.000000,0.000000,0.006522
Q_ind_181_anc_8-1,0.000213,0.000000,0.000000,0.002250
Q_ind_182_anc_8-1,0.000481,0.000000,0.000000,0.005350
Q_ind_183_anc_8-1,0.002396,0.000000,0.000000,0.038829
Q_ind_184_anc_8-1,0.001895,0.000000,0.000000,0.031486
Q_ind_185_anc_8-1,0.000254,0.000000,0.000000,0.002340
Q_ind_186_anc_8-1,0.000194,0.000000,0.000000,0.002128
Q_ind_187_anc_8-1,0.000092,0.000000,0.000000,0.000993
Q_ind_188_anc_8-1,0.000160,0.000000,0.000000,0.001361
Q_ind_189_anc_8-1,0.000274,0.000000,0.000000,0.001762
Q_ind_190_anc_8-1,0.000283,0.000000,0.000000,0.003014
Q_ind_191_anc_8-1,0.000147,0.000000,0.000000,0.001425
Q_ind_192_anc_8-1,0.000138,0.000000,0.000000,0.001653
Q_ind_193_anc_8-1,0.000178,0.000000,0.000000,0.002170
Q_ind_194_anc_8-1,0.000028,0.000000,0.000000,0.000289
Q_ind_195_anc_8-1,0.000213,0.000000,0.000000,0.002437
Q_ind_196_anc_8-1,0.000056,0.000000,0.000000,0.000529
Q_ind_197_anc_8-1,0.000034,0.000000,0.000000,0.000308
Q_ind_198_anc_8-1,0.000064,0.000000,0.000000,0.000872
Q_ind_199_anc_8-1,0.000071,0.000000,0.000000,0.000739
Q_ind_200_anc_8-1,0.000075,0.000000,0.000000,0.000825
Q_ind_201_anc_8-1,0.000165,0.000000,0.000000,0.001664
Q_ind_202_anc_8-1,0.000188,0.000000,0.000000,0.002313
Q_ind_203_anc_8-1,0.006294,0.000000,0.000000,0.052256
Q_ind_204_anc_8-1,0.000140,0.000000,0.000000,0.001571
Q_ind_205_anc_8-1,0.000453,0.000000,0.000000,0.005213
Q_ind_206_anc_8-1,0.000306,0.000000,0.000000,0.002994
Q_ind_207_anc_8-1,0.001053,0.000000,0.000000,0.015195
Q_ind_208_anc_8-1,0.000549,0.000000,0.000000,0.003741
Q_ind_209_anc_8-1,0.000420,0.000000,0.000000,0.005178
Q_ind_210_anc_8-1,0.000351,0.000000,0.000000,0.004034
Q_ind_211_anc_8-1,0.000505,0.000000,0.000000,0.006617
Q_ind_212_anc_8-1,0.000589,0.000000,0.000000,0.007426
Q_ind_213_anc_8-1,0.001303,0.000000,0.000000,0.021209
Q_ind_214_anc_8-1,0.002247,0.000000,0.000000,0.032007
Q_ind_215_anc_8-1,0.005908,0.000000,0.000000,0.054006
Q_ind_216_anc_8-1,0.002094,0.000000,0.000000,0.029561
Q_ind_217_anc_8-1,0.000215,0.000000,0.000000,0.001929
Q_ind_218_anc_8-1,0.000377,0.000000,0.000000,0.003549
Q_ind_219_anc_8-1,0.000597,0.000000,0.000000,0.008715
Q_ind_220_anc_8-1,0.009487,0.000000,0.000000,0.058189
Q_ind_221_anc_8-1,0.000399,0.000000,0.000000,0.004407
Q_ind_222_anc_8-1,0.000257,0.000000,0.000000,0.002271
Q_ind_223_anc_8-1,0.004146,0.000000,0.000000,0.057731
Q_ind_224_anc_8-1,0.013621,0.000000,0.000000,0.154453
Q_ind_225_anc_8-1,0.003815,0.000000,0.000000,0.061365
Q_ind_226_anc_8-1,0.000549,0.000000,0.000000,0.007589
Q_ind_227_anc_8-1,0.003298,0.000000,0.000000,0.044880
Q_ind_228_anc_8-1,0.000756,0.000000,0.000000,0.011325
Q_ind_229_anc_8-1,0.000982,0.000000,0.000000,0.015119
Q_ind_230_anc_8-1,0.000499,0.000000,0.000000,0.002682
Q_ind_231_anc_8-1,0.000310,0.000000,0.000000,0.003418
Q_ind_232_anc_8-1,0.000181,0.000000,0.000000,0.001636
Q_ind_233_anc_8-1,0.000495,0.000000,0.000000,0.006787
Q_ind_234_anc_8-1,0.000330,0.000000,0.000000,0.003882
Q_ind_235_anc_8-1,0.000150,0.000000,0.000000,0.001251
Q_ind_236_anc_8-1,0.000104,0.000000,0.000000,0.001076
Q_ind_237_anc_8-1,0.000136,0.000000,0.000000,0.001494
Q_ind_238_anc_8-1,0.000092,0.000000,0.000000,0.000959
Q_ind_239_anc_8-1,0.000082,0.000000,0.000000,0.000890
Q_ind_240_anc_8-1,0.000106,0.000000,0.000000,0.000945
Q_ind_241_anc_8-1,0.000286,0.000000,0.000000,0.003126
Q_ind_242_anc_8-1,0.000708,0.000000,0.000000,0.010664
Q_ind_243_anc_8-1,0.000190,0.000000,0.000000,0.002009
Q_ind_244_anc_8-1,0.000471,0.000000,0.000000,0.007023
Q_ind_245_anc_8-1,0.000101,0.000000,0.000000,0.000766
Q_ind_1_anc_8-2,0.040613,0.000347,0.000000,0.128180
Q_ind_2_anc_8-2,0.006288,0.000000,0.000000,0.076355
Q_ind_3_anc_8-2,0.002574,0.000000,0.000000,0.045172
Q_ind_4_anc_8-2,0.002109,0.000000,0.000000,0.030268
Q_ind_5_anc_8-2,0.024238,0.000000,0.000000,0.114637
Q_ind_6_anc_8-2,0.036571,0.000226,0.000000,0.138799
Q_ind_7_anc_8-2,0.002193,0.000000,0.000000,0.030665
Q_ind_8_anc_8-2,0.003458,0.000000,0.000000,0.057436
Q_ind_9_anc_8-2,0.004535,0.000000,0.000000,0.056728
Q_ind_10_anc_8-2,0.031182,0.023954,0.000000,0.095082
Q_ind_11_anc_8-2,0.013469,0.000000,0.000000,0.085929
Q_ind_12_anc_8-2,0.001201,0.000000,0.000000,0.013634
Q_ind_13_anc_8-2,0.000488,0.000000,0.000000,0.005876
Q_ind_14_anc_8-2,0.000413,0.000000,0.000000,0.005870
Q_ind_15_anc_8-2,0.001762,0.000000,0.000000,0.022934
Q_ind_16_anc_8-2,0.000165,0.000000,0.000000,0.002105
Q_ind_17_anc_8-2,0.001002,0.000000,0.000000,0.013990
Q_ind_18_anc_8-2,0.000323,0.000000,0.000000,0.003471
Q_ind_19_anc_8-2,0.000136,0.000000,0.000000,0.000962
Q_ind_20_anc_8-2,0.000501,0.000000,0.000000,0.006057
Q_ind_21_anc_8-2,0.000163,0.000000,0.000000,0.001914
Q_ind_22_anc_8-2,0.001423,0.000000,0.000000,0.024209
Q_ind_23_anc_8-2,0.000839,0.000000,0.000000,0.012402
Q_ind_24_anc_8-2,0.004143,0.000000,0.000000,0.051075
Q_ind_25_anc_8-2,0.000120,0.000000,0.000000,0.001243
Q_ind_26_anc_8-2,0.001817,0.000000,0.000000,0.026304
Q_ind_27_anc_8-2,0.000392,0.000000,0.000000,0.004763
Q_ind_28_anc_8-2,0.007601,0.000000,0.000000,0.050783
Q_ind_29_anc_8-2,0.003559,0.000000,0.000000,0.035987
Q_ind_30_anc_8-2,0.002019,0.000000,0.000000,0.029696
Q_ind_31_anc_8-2,0.000189,0.000000,0.000000,0.002329
Q_ind_32_anc_8-2,0.000241,0.000000,0.000000,0.003101
Q_ind_33_anc_8-2,0.000695,0.000000,0.000000,0.009965
Q_ind_34_anc_8-2,0.000175,0.000000,0.000000,0.002404
Q_ind_35_anc_8-2,0.000397,0.000000,0.000000,0.004537
Q_ind_36_anc_8-2,0.000116,0.000000,0.000000,0.001309
Q_ind_37_anc_8-2,0.000180,0.000000,0.000000,0.001795
Q_ind_38_anc_8-2,0.000123,0.000000,0.000000,0.001185
Q_ind_39_anc_8-2,0.000281,0.000000,0.000000,0.003068
Q_ind_40_anc_8-2,0.000920,0.000000,0.000000,0.010598
Q_ind_41_anc_8-2,0.000458,0.000000,0.000000,0.004739
Q_ind_42_anc_8-2,0.000161,0.000000,0.000000,0.001764
Q_ind_43_anc_8-2,0.000453,0.000000,0.000000,0.005989
Q_ind_44_anc_8-2,0.000254,0.000000,0.000000,0.003417
Q_ind_45_anc_8-2,0.000096,0.000000,0.000000,0.001003
Q_ind_46_anc_8-2,0.000067,0.000000,0.000000,0.000592
Q_ind_47_anc_8-2,0.000689,0.000000,0.000000,0.009825
Q_ind_48_anc_8-2,0.000141,0.000000,0.000000,0.001451
Q_ind_49_anc_8-2,0.000105,0.000000,0.000000,0.001180
Q_ind_50_anc_8-2,0.000089,0.000000,0.000000,0.000735
Q_ind_51_anc_8-2,0.000128,0.000000,0.000000,0.001499
Q_ind_52_anc_8-2,0.000096,0.000000,0.000000,0.000981
Q_ind_53_anc_8-2,0.000128,0.000000,0.000000,0.001393
Q_ind_54_anc_8-2,0.000182,0.000000,0.000000,0.002475
Q_ind_55_anc_8-2,0.000111,0.000000,0.000000,0.000869
Q_ind_56_anc_8-2,0.000167,0.000000,0.000000,0.001840
Q_ind_57_anc_8-2,0.000096,0.000000,0.000000,0.001175
Q_ind_58_anc_8-2,0.000099,0.000000,0.000000,0.001278
Q_ind_59_anc_8-2,0.000417,0.000000,0.000000,0.005709
Q_ind_60_anc_8-2,0.000182,0.000000,0.000000,0.002196
Q_ind_61_anc_8-2,0.000300,0.000000,0.000000,0.003718
Q_ind_62_anc_8-2,0.000622,0.000000,0.000000,0.009375
Q_ind_63_anc_8-2,0.000188,0.000000,0.000000,0.001963
Q_ind_64_anc_8-2,0.000321,0.000000,0.000000,0.003785
Q_ind_65_anc_8-2,0.000177,0.000000,0.000000,0.002084
Q_ind_66_anc_8-2,0.000084,0.000000,0.000000,0.000977
Q_ind_67_anc_8-2,0.208429,0.208814,0.150171,0.265862
Q_ind_68_anc_8-2,0.000233,0.000000,0.000000,0.002276
Q_ind_69_anc_8-2,0.000347,0.000000,0.000000,0.003426
Q_ind_70_anc_8-2,0.000166,0.000000,0.000000,0.001670
Q_ind_71_anc_8-2,0.000245,0.000000,0.000000,0.002921
Q_ind_72_anc_8-2,0.000228,0.000000,0.000000,0.002443
Q_ind_73_anc_8-2,0.000271,0.000000,0.000000,0.003671
Q_ind_74_anc_8-2,0.001260,0.000000,0.000000,0.018409
Q_ind_75_anc_8-2,0.000133,0.000000,0.000000,0.001131
Q_ind_76_anc_8-2,0.000199,0.000000,0.000000,0.001968
Q_ind_77_anc_8-2,0.000716,0.000000,0.000000,0.008637
Q_ind_78_anc_8-2,0.000312,0.000000,0.000000,0.003328
Q_ind_79_anc_8-2,0.000817,0.000000,0.000000,0.012117
Q_ind_80_anc_8-2,0.001137,0.000000,0.000000,0.015857
Q_ind_81_anc_8-2,0.000177,0.000000,0.000000,0.001776
Q_ind_82_anc_8-2,0.000344,0.000000,0.000000,0.004452
Q_ind_83_anc_8-2,0.000620,0.000000,0.000000,0.008036
Q_ind_84_anc_8-2,0.000242,0.000000,0.000000,0.002452
Q_ind_85_anc_8-2,0.000597,0.000000,0.000000,0.008394
Q_ind_86_anc_8-2,0.000514,0.000000,0.000000,0.006147
Q_ind_87_anc_8-2,0.002588,0.000000,0.000000,0.033083
Q_ind_88_anc_8-2,0.000658,0.000000,0.000000,0.006737
Q_ind_89_anc_8-2,0.000710,0.000000,0.000000,0.010285
Q_ind_90_anc_8-2,0.000293,0.000000,0.000000,0.002915
Q_ind_91_anc_8-2,0.000508,0.000000,0.000000,0.007176
Q_ind_92_anc_8-2,0.000331,0.000000,0.000000,0.003798
Q_ind_93_anc_8-2,0.002083,0.000000,0.000000,0.025347
Q_ind_94_anc_8-2,0.000204,0.000000,0.000000,0.002557
Q_ind_95_anc_8-2,0.001478,0.000000,0.000000,0.019738
Q_ind_96_anc_8-2,0.000302,0.000000,0.000000,0.003977
Q_ind_97_anc_8-2,0.001389,0.000000,0.000000,0.016782
Q_ind_98_anc_8-2,0.000126,0.000000,0.000000,0.001073
Q_ind_99_anc_8-2,0.000338,0.000000,0.000000,0.004529
Q_ind_100_anc_8-2,0.000544,0.000000,0.000000,0.007703
Q_ind_101_anc_8-2,0.000086,0.000000,0.000000,0.000977
Q_ind_102_anc_8-2,0.000086,0.000000,0.000000,0.000877
Q_ind_103_anc_8-2,0.000177,0.000000,0.000000,0.002114
Q_ind_104_anc_8-2,0.000163,0.000000,0.000000,0.001675
Q_ind_105_anc_8-2,0.000369,0.000000,0.000000,0.004259
Q_ind_106_anc_8-2,0.000492,0.000000,0.000000,0.006782
Q_ind_107_anc_8-2,0.001145,0.000000,0.000000,0.015840
Q_ind_108_anc_8-2,0.000119,0.000000,0.000000,0.000935
Q_ind_109_anc_8-2,0.001009,0.000000,0.000000,0.011913
Q_ind_110_anc_8-2,0.000206,0.000000,0.000000,0.001800
Q_ind_111_anc_8-2,0.000343,0.000000,0.000000,0.004213
Q_ind_112_anc_8-2,0.000399,0.000000,0.000000,0.004614
Q_ind_113_anc_8-2,0.000622,0.000000,0.000000,0.008514
Q_ind_114_anc_8-2,0.000339,0.000000,0.000000,0.004894
Q_ind_115_anc_8-2,0.000635,0.000000,0.000000,0.009050
Q_ind_116_anc_8-2,0.000140,0.000000,0.000000,0.001341
Q_ind_117_anc_8-2,0.000283,0.000000,0.000000,0.003501
Q_ind_118_anc_8-2,0.000115,0.000000,0.000000,0.001236
Q_ind_119_anc_8-2,0.000303,0.000000,0.000000,0.003733
Q_ind_120_anc_8-2,0.000131,0.000000,0.000000,0.001484
Q_ind_121_anc_8-2,0.000384,0.000000,0.000000,0.005083
Q_ind_122_anc_8-2,0.000144,0.000000,0.000000,0.001390
Q_ind_123_anc_8-2,0.000306,0.000000,0.000000,0.004628
Q_ind_124_anc_8-2,0.000216,0.000000,0.000000,0.001980
Q_ind_125_anc_8-2,0.004135,0.000000,0.000000,0.048773
Q_ind_126_anc_8-2,0.000912,0.000000,0.000000,0.013139
Q_ind_127_anc_8-2,0.000242,0.000000,0.000000,0.002976
Q_ind_128_anc_8-2,0.000172,0.000000,0.000000,0.002172
Q_ind_129_anc_8-2,0.000571,0.000000,0.000000,0.007663
Q_ind_130_anc_8-2,0.000265,0.000000,0.000000,0.002479
Q_ind_131_anc_8-2,0.000209,0.000000,0.000000,0.001349
Q_ind_132_anc_8-2,0.000198,0.000000,0.000000,0.002052
Q_ind_133_anc_8-2,0.000174,0.000000,0.000000,0.001873
Q_ind_134_anc_8-2,0.000329,0.000000,0.000000,0.004516
Q_ind_135_anc_8-2,0.000271,0.000000,0.000000,0.003667
Q_ind_136_anc_8-2,0.000144,0.000000,0.000000,0.001084
Q_ind_137_anc_8-2,0.000105,0.000000,0.000000,0.000930
Q_ind_138_anc_8-2,0.000150,0.000000,0.000000,0.001264
Q_ind_139_anc_8-2,0.000280,0.000000,0.000000,0.003146
Q_ind_140_anc_8-2,0.000112,0.000000,0.000000,0.001056
Q_ind_141_anc_8-2,0.000213,0.000000,0.000000,0.002892
Q_ind_142_anc_8-2,0.000140,0.000000,0.000000,0.001551
Q_ind_143_anc_8-2,0.000144,0.000000,0.000000,0.001405
Q_ind_144_anc_8-2,0.000178,0.000000,0.000000,0.002090
Q_ind_145_anc_8-2,0.000178,0.000000,0.000000,0.002060
Q_ind_146_anc_8-2,0.000632,0.000000,0.000000,0.008141
Q_ind_147_anc_8-2,0.000469,0.000000,0.000000,0.005436
Q_ind_148_anc_8-2,0.000343,0.000000,0.000000,0.003904
Q_ind_149_anc_8-2,0.001977,0.000000,0.000000,0.027231
Q_ind_150_anc_8-2,0.000319,0.000000,0.000000,0.003145
Q_ind_151_anc_8-2,0.000546,0.000000,0.000000,0.006507
Q_ind_152_anc_8-2,0.000063,0.000000,0.000000,0.000644
Q_ind_153_anc_8-2,0.000250,0.000000,0.000000,0.003035
Q_ind_154_anc_8-2,0.000156,0.000000,0.000000,0.001701
Q_ind_155_anc_8-2,0.003072,0.000000,0.000000,0.044608
Q_ind_156_anc_8-2,0.005266,0.000000,0.000000,0.061465
Q_ind_157_anc_8-2,0.000511,0.000000,0.000000,0.004548
Q_ind_158_anc_8-2,0.005786,0.000000,0.000000,0.070989
Q_ind_159_anc_8-2,0.000803,0.000000,0.000000,0.010720
Q_ind_160_anc_8-2,0.003869,0.000000,0.000000,0.045896
Q_ind_161_anc_8-2,0.000979,0.000000,0.000000,0.012101
Q_ind_162_anc_8-2,0.000133,0.000000,0.000000,0.001538
Q_ind_163_anc_8-2,0.001322,0.000000,0.000000,0.022268
Q_ind_164_anc_8-2,0.001547,0.000000,0.000000,0.023396
Q_ind_165_anc_8-2,0.000589,0.000000,0.000000,0.007493
Q_ind_166_anc_8-2,0.000199,0.000000,0.000000,0.002382
Q_ind_167_anc_8-2,0.000465,0.000000,0.000000,0.005566
Q_ind_168_anc_8-2,0.000247,0.000000,0.000000,0.002612
Q_ind_169_anc_8-2,0.000124,0.000000,0.000000,0.001238
Q_ind_170_anc_8-2,0.000251,0.000000,0.000000,0.003057
Q_ind_171_anc_8-2,0.000584,0.000000,0.000000,0.007090
Q_ind_172_anc_8-2,0.000095,0.000000,0.000000,0.000972
Q_ind_173_anc_8-2,0.000130,0.000000,0.000000,0.001490
Q_ind_174_anc_8-2,0.000144,0.000000,0.000000,0.001514
Q_ind_175_anc_8-2,0.001259,0.000000,0.000000,0.018823
Q_ind_176_anc_8-2,0.000622,0.000000,0.000000,0.007192
Q_ind_177_anc_8-2,0.000733,0.000000,0.000000,0.009028
Q_ind_178_anc_8-2,0.000650,0.000000,0.000000,0.008156
Q_ind_179_anc_8-2,0.000572,0.000000,0.000000,0.005866
Q_ind_180_anc_8-2,0.001525,0.000000,0.000000,0.021277
Q_ind_181_anc_8-2,0.000612,0.000000,0.000000,0.008595
Q_ind_182_anc_8-2,0.000226,0.000000,0.000000,0.002836
Q_ind_183_anc_8-2,0.000807,0.000000,0.000000,0.011095
Q_ind_184_anc_8-2,0.000620,0.000000,0.000000,0.007712
Q_ind_185_anc_8-2,0.000191,0.000000,0.000000,0.002034
Q_ind_186_anc_8-2,0.000120,0.000000,0.000000,0.001313
Q_ind_187_anc_8-2,0.000108,0.000000,0.000000,0.001104
Q_ind_188_anc_8-2,0.000097,0.000000,0.000000,0.001087
Q_ind_189_anc_8-2,0.000239,0.000000,0.000000,0.002504
Q_ind_190_anc_8-2,0.000490,0.000000,0.000000,0.004638
Q_ind_191_anc_8-2,0.000078,0.000000,0.000000,0.000733
Q_ind_192_anc_8-2,0.000582,0.000000,0.000000,0.006926
Q_ind_193_anc_8-2,0.000241,0.000000,0.000000,0.002455
Q_ind_194_anc_8-2,0.000094,0.000000,0.000000,0.000947
Q_ind_195_anc_8-2,0.001652,0.000000,0.000000,0.025286
Q_ind_196_anc_8-2,0.000184,0.000000,0.000000,0.001658
Q_ind_197_anc_8-2,0.000120,0.000000,0.000000,0.001219
Q_ind_198_anc_8-2,0.000103,0.000000,0.000000,0.000897
Q_ind_199_anc_8-2,0.000256,0.000000,0.000000,0.002246
Q_ind_200_anc_8-2,0.000308,0.000000,0.000000,0.003880
Q_ind_201_anc_8-2,0.000977,0.000000,0.000000,0.014045
Q_ind_202_anc_8-2,0.000761,0.000000,0.000000,0.004150
Q_ind_203_anc_8-2,0.004132,0.000000,0.000000,0.045080
Q_ind_204_anc_8-2,0.000244,0.000000,0.000000,0.002599
Q_ind_205_anc_8-2,0.000636,0.000000,0.000000,0.008074
Q_ind_206_anc_8-2,0.000469,0.000000,0.000000,0.004894
Q_ind_207_anc_8-2,0.004865,0.000000,0.000000,0.048885
Q_ind_208_anc_8-2,0.098752,0.118750,0.000000,0.177158
Q_ind_209_anc_8-2,0.000341,0.000000,0.000000,0.005037
Q_ind_210_anc_8-2,0.000251,0.000000,0.000000,0.002708
Q_ind_211_anc_8-2,0.000824,0.000000,0.000000,0.012134
Q_ind_212_anc_8-2,0.000658,0.000000,0.000000,0.010477
Q_ind_213_anc_8-2,0.000494,0.000000,0.000000,0.006180
Q_ind_214_anc_8-2,0.000661,0.000000,0.000000,0.009515
Q_ind_215_anc_8-2,0.000346,0.000000,0.000000,0.004220
Q_ind_216_anc_8-2,0.001006,0.000000,0.000000,0.016230
Q_ind_217_anc_8-2,0.000176,0.000000,0.000000,0.002134
Q_ind_218_anc_8-2,0.000077,0.000000,0.000000,0.000615
Q_ind_219_anc_8-2,0.000364,0.000000,0.000000,0.004126
Q_ind_220_anc_8-2,0.000870,0.000000,0.000000,0.013414
Q_ind_221_anc_8-2,0.000154,0.000000,0.000000,0.001546
Q_ind_222_anc_8-2,0.000492,0.000000,0.000000,0.006074
Q_ind_223_anc_8-2,0.015367,0.000015,0.000000,0.067921
Q_ind_224_anc_8-2,0.004077,0.000000,0.000000,0.049379
Q_ind_225_anc_8-2,0.011582,0.000000,0.000000,0.082714
Q_ind_226_anc_8-2,0.021326,0.000000,0.000000,0.099889
Q_ind_227_anc_8-2,0.001797,0.000000,0.000000,0.028155
Q_ind_228_anc_8-2,0.000792,0.000000,0.000000,0.011298
Q_ind_229_anc_8-2,0.001542,0.000000,0.000000,0.022494
Q_ind_230_anc_8-2,0.000530,0.000000,0.000000,0.007352
Q_ind_231_anc_8-2,0.066874,0.079117,0.000000,0.136730
Q_ind_232_anc_8-2,0.001524,0.000000,0.000000,0.022451
Q_ind_233_anc_8-2,0.000701,0.000000,0.000000,0.010172
Q_ind_234_anc_8-2,0.000191,0.000000,0.000000,0.002285
Q_ind_235_anc_8-2,0.000134,0.000000,0.000000,0.001442
Q_ind_236_anc_8-2,0.000133,0.000000,0.000000,0.001450
Q_ind_237_anc_8-2,0.000070,0.000000,0.000000,0.000649
Q_ind_238_anc_8-2,0.000076,0.000000,0.000000,0.000700
Q_ind_239_anc_8-2,0.000150,0.000000,0.000000,0.001534
Q_ind_240_anc_8-2,0.000069,0.000000,0.000000,0.000503
Q_ind_241_anc_8-2,0.000171,0.000000,0.000000,0.001508
Q_ind_242_anc_8-2,0.000271,0.000000,0.000000,0.003051
Q_ind_243_anc_8-2,0.000068,0.000000,0.000000,0.000741
Q_ind_244_anc_8-2,0.000332,0.000000,0.000000,0.004494
Q_ind_245_anc_8-2,0.000081,0.000000,0.000000,0.000929
Q_ind_1_anc_8-3,0.070313,0.081338,0.000000,0.179504
Q_ind_2_anc_8-3,0.094103,0.106657,0.000000,0.178679
Q_ind_3_anc_8-3,0.003565,0.000000,0.000000,0.045954
Q_ind_4_anc_8-3,0.002490,0.000000,0.000000,0.036964
Q_ind_5_anc_8-3,0.064133,0.049184,0.000000,0.173115
Q_ind_6_anc_8-3,0.017511,0.000000,0.000000,0.095317
Q_ind_7_anc_8-3,0.000827,0.000000,0.000000,0.011344
Q_ind_8_anc_8-3,0.001737,0.000000,0.000000,0.025448
Q_ind_9_anc_8-3,0.006610,0.000000,0.000000,0.085372
Q_ind_10_anc_8-3,0.001672,0.000000,0.000000,0.027566
Q_ind_11_anc_8-3,0.001581,0.000000,0.000000,0.025225
Q_ind_12_anc_8-3,0.001741,0.000000,0.000000,0.024887
Q_ind_13_anc_8-3,0.001120,0.000000,0.000000,0.017373
Q_ind_14_anc_8-3,0.033277,0.000000,0.000000,0.152203
Q_ind_15_anc_8-3,0.006264,0.000000,0.000000,0.086542
Q_ind_16_anc_8-3,0.013333,0.000000,0.000000,0.088386
Q_ind_17_anc_8-3,0.003793,0.000000,0.000000,0.050711
Q_ind_18_anc_8-3,0.000520,0.000000,0.000000,0.004815
Q_ind_19_anc_8-3,0.022934,0.000036,0.000000,0.091350
Q_ind_20_anc_8-3,0.026027,0.000000,0.000000,0.122380
Q_ind_21_anc_8-3,0.001035,0.000000,0.000000,0.014391
Q_ind_22_anc_8-3,0.041453,0.044324,0.000000,0.108038
Q_ind_23_anc_8-3,0.005260,0.000000,0.000000,0.057218
Q_ind_24_anc_8-3,0.100664,0.110607,0.000000,0.178233
Q_ind_25_anc_8-3,0.000251,0.000000,0.000000,0.002635
Q_ind_26_anc_8-3,0.024078,0.005968,0.000000,0.089154
Q_ind_27_anc_8-3,0.002046,0.000000,0.000000,0.028074
Q_ind_28_anc_8-3,0.009247,0.000000,0.000000,0.076230
Q_ind_29_anc_8-3,0.008527,0.000000,0.000000,0.067393
Q_ind_30_anc_8-3,0.040975,0.039116,0.000000,0.116808
Q_ind_31_anc_8-3,0.000291,0.000000,0.000000,0.003127
Q_ind_32_anc_8-3,0.000386,0.000000,0.000000,0.002567
Q_ind_33_anc_8-3,0.000167,0.000000,0.000000,0.001492
Q_ind_34_anc_8-3,0.000256,0.000000,0.000000,0.002191
Q_ind_35_anc_8-3,0.000185,0.000000,0.000000,0.001972
Q_ind_36_anc_8-3,0.000108,0.000000,0.000000,0.000907
Q_ind_37_anc_8-3,0.000263,0.000000,0.000000,0.003570
Q_ind_38_anc_8-3,0.000070,0.000000,0.000000,0.000827
Q_ind_39_anc_8-3,0.000679,0.000000,0.000000,0.005724
Q_ind_40_anc_8-3,0.000916,0.000000,0.000000,0.011503
Q_ind_41_anc_8-3,0.000931,0.000000,0.000000,0.009244
Q_ind_42_anc_8-3,0.000204,0.000000,0.000000,0.002300
Q_ind_43_anc_8-3,0.000251,0.000000,0.000000,0.003193
Q_ind_44_anc_8-3,0.000181,0.000000,0.000000,0.001981
Q_ind_45_anc_8-3,0.000198,0.000000,0.000000,0.002599
Q_ind_46_anc_8-3,0.000087,0.000000,0.000000,0.001051
Q_ind_47_anc_8-3,0.000371,0.000000,0.000000,0.004603
Q_ind_48_anc_8-3,0.000319,0.000000,0.000000,0.004047
Q_ind_49_anc_8-3,0.000191,0.000000,0.000000,0.002279
Q_ind_50_anc_8-3,0.000075,0.000000,0.000000,0.000766
Q_ind_51_anc_8-3,0.000663,0.000000,0.000000,0.009506
Q_ind_52_anc_8-3,0.000286,0.000000,0.000000,0.003939
Q_ind_53_anc_8-3,0.000156,0.000000,0.000000,0.001768
Q_ind_54_anc_8-3,0.000133,0.000000,0.000000,0.001345
Q_ind_55_anc_8-3,0.000113,0.000000,0.000000,0.001206
Q_ind_56_anc_8-3,0.000593,0.000000,0.000000,0.008118
Q_ind_57_anc_8-3,0.001999,0.000000,0.000000,0.029461
Q_ind_58_anc_8-3,0.000163,0.000000,0.000000,0.002011
Q_ind_59_anc_8-3,0.000698,0.000000,0.000000,0.010916
Q_ind_60_anc_8-3,0.000182,0.000000,0.000000,0.001577
Q_ind_61_anc_8-3,0.000242,0.000000,0.000000,0.002766
Q_ind_62_anc_8-3,0.001210,0.000000,0.000000,0.016278
Q_ind_63_anc_8-3,0.000117,0.000000,0.000000,0.001294
Q_ind_64_anc_8-3,0.000080,0.000000,0.000000,0.000855
Q_ind_65_anc_8-3,0.000138,0.000000,0.000000,0.001107
Q_ind_66_anc_8-3,0.000101,0.000000,0.000000,0.000928
Q_ind_67_anc_8-3,0.000093,0.000000,0.000000,0.000937
Q_ind_68_anc_8-3,0.000509,0.000000,0.000000,0.006328
Q_ind_69_anc_8-3,0.000364,0.000000,0.000000,0.003340
Q_ind_70_anc_8-3,0.000188,0.000000,0.000000,0.002204
Q_ind_71_anc_8-3,0.000340,0.000000,0.000000,0.004455
Q_ind_72_anc_8-3,0.000307,0.000000,0.000000,0.003884
Q_ind_73_anc_8-3,0.000493,0.000000,0.000000,0.004127
Q_ind_74_anc_8-3,0.000464,0.000000,0.000000,0.005716
Q_ind_75_anc_8-3,0.000250,0.000000,0.000000,0.002070
Q_ind_76_anc_8-3,0.000577,0.000000,0.000000,0.007188
Q_ind_77_anc_8-3,0.038500,0.000000,0.000000,0.202161
Q_ind_78_anc_8-3,0.221116,0.221798,0.132142,0.308131
Q_ind_79_anc_8-3,0.098398,0.122066,0.000000,0.212214
Q_ind_80_anc_8-3,0.116980,0.116371,0.045923,0.188014
Q_ind_81_anc_8-3,0.222243,0.221658,0.152145,0.294007
Q_ind_82_anc_8-3,0.061470,0.000000,0.000000,0.267822
Q_ind_83_anc_8-3,0.004390,0.000000,0.000000,0.064383
Q_ind_84_anc_8-3,0.124652,0.174660,0.000000,0.263191
Q_ind_85_anc_8-3,0.011907,0.000000,0.000000,0.148613
Q_ind_86_anc_8-3,0.003958,0.000000,0.000000,0.069583
Q_ind_87_anc_8-3,0.020824,0.000000,0.000000,0.154716
Q_ind_88_anc_8-3,0.153503,0.162938,0.000000,0.263893
Q_ind_89_anc_8-3,0.003738,0.000000,0.000000,0.052906
Q_ind_90_anc_8-3,0.000677,0.000000,0.000000,0.006618
Q_ind_91_anc_8-3,0.068533,0.000000,0.000000,0.297973
Q_ind_92_anc_8-3,0.055999,0.000196,0.000000,0.218531
Q_ind_93_anc_8-3,0.019961,0.000000,0.000000,0.164054
Q_ind_94_anc_8-3,0.273150,0.293093,0.064029,0.387029
Q_ind_95_anc_8-3,0.007907,0.000000,0.000000,0.096979
Q_ind_96_anc_8-3,0.000287,0.000000,0.000000,0.003818
Q_ind_97_anc_8-3,0.000517,0.000000,0.000000,0.007409
Q_ind_98_anc_8-3,0.000167,0.000000,0.000000,0.001324
Q_ind_99_anc_8-3,0.001477,0.000000,0.000000,0.019517
Q_ind_100_anc_8-3,0.000357,0.000000,0.000000,0.004243
Q_ind_101_anc_8-3,0.000110,0.000000,0.000000,0.001216
Q_ind_102_anc_8-3,0.000074,0.000000,0.000000,0.000693
Q_ind_103_anc_8-3,0.000165,0.000000,0.000000,0.001601
Q_ind_104_anc_8-3,0.000082,0.000000,0.000000,0.000804
Q_ind_105_anc_8-3,0.000726,0.000000,0.000000,0.009869
Q_ind_106_anc_8-3,0.001485,0.000000,0.000000,0.019669
Q_ind_107_anc_8-3,0.000581,0.000000,0.000000,0.006602
Q_ind_108_anc_8-3,0.000196,0.000000,0.000000,0.001706
Q_ind_109_anc_8-3,0.000688,0.000000,0.000000,0.006317
Q_ind_110_anc_8-3,0.000319,0.000000,0.000000,0.003582
Q_ind_111_anc_8-3,0.000283,0.000000,0.000000,0.002729
Q_ind_112_anc_8-3,0.000347,0.000000,0.000000,0.004026
Q_ind_113_anc_8-3,0.001559,0.000000,0.000000,0.019965
Q_ind_114_anc_8-3,0.000233,0.000000,0.000000,0.002369
Q_ind_115_anc_8-3,0.000208,0.000000,0.000000,0.002648
Q_ind_116_anc_8-3,0.000170,0.000000,0.000000,0.001770
Q_ind_117_anc_8-3,0.000224,0.000000,0.000000,0.002067
Q_ind_118_anc_8-3,0.000160,0.000000,0.000000,0.001658
Q_ind_119_anc_8-3,0.001079,0.000000,0.000000,0.015683
Q_ind_120_anc_8-3,0.000111,0.000000,0.000000,0.001334
Q_ind_121_anc_8-3,0.001229,0.000000,0.000000,0.016667
Q_ind_122_anc_8-3,0.000259,0.000000,0.000000,0.003750
Q_ind_123_anc_8-3,0.000177,0.000000,0.000000,0.002255
Q_ind_124_anc_8-3,0.001625,0.000000,0.000000,0.023807
Q_ind_125_anc_8-3,0.079359,0.094268,0.000000,0.184383
Q_ind_126_anc_8-3,0.055797,0.056819,0.000000,0.154126
Q_ind_127_anc_8-3,0.013757,0.000000,0.000000,0.138068
Q_ind_128_anc_8-3,0.117127,0.126404,0.000000,0.197126
Q_ind_129_anc_8-3,0.000718,0.000000,0.000000,0.008271
Q_ind_130_anc_8-3,0.001367,0.000000,0.000000,0.017093
Q_ind_131_anc_8-3,0.232722,0.232162,0.166653,0.304773
Q_ind_132_anc_8-3,0.184568,0.182459,0.120018,0.262813
Q_ind_133_anc_8-3,0.000257,0.000000,0.000000,0.002526
Q_ind_134_anc_8-3,0.000226,0.000000,0.000000,0.002585
Q_ind_135_anc_8-3,0.000298,0.000000,0.000000,0.003262
Q_ind_136_anc_8-3,0.000364,0.000000,0.000000,0.003567
Q_ind_137_anc_8-3,0.000208,0.000000,0.000000,0.001753
Q_ind_138_anc_8-3,0.000971,0.000000,0.000000,0.016079
Q_ind_139_anc_8-3,0.000640,0.000000,0.000000,0.009103
Q_ind_140_anc_8-3,0.000616,0.000000,0.000000,0.006886
Q_ind_141_anc_8-3,0.000160,0.000000,0.000000,0.001393
Q_ind_142_anc_8-3,0.194962,0.197440,0.120662,0.253348
Q_ind_143_anc_8-3,0.000233,0.000000,0.000000,0.002369
Q_ind_144_anc_8-3,0.000187,0.000000,0.000000,0.002105
Q_ind_145_anc_8-3,0.000059,0.000000,0.000000,0.000680
Q_ind_146_anc_8-3,0.000413,0.000000,0.000000,0.004441
Q_ind_147_anc_8-3,0.000177,0.000000,0.000000,0.001823
Q_ind_148_anc_8-3,0.000582,0.000000,0.000000,0.006935
Q_ind_149_anc_8-3,0.008710,0.000000,0.000000,0.085750
Q_ind_150_anc_8-3,0.000140,0.000000,0.000000,0.001219
Q_ind_151_anc_8-3,0.000129,0.000000,0.000000,0.001166
Q_ind_152_anc_8-3,0.000132,0.000000,0.000000,0.001351
Q_ind_153_anc_8-3,0.000124,0.000000,0.000000,0.001247
Q_ind_154_anc_8-3,0.000276,0.000000,0.000000,0.003554
Q_ind_155_anc_8-3,0.453891,0.447716,0.350927,0.585546
Q_ind_156_anc_8-3,0.000393,0.000000,0.000000,0.002744
Q_ind_157_anc_8-3,0.000277,0.000000,0.000000,0.003055
Q_ind_158_anc_8-3,0.001930,0.000000,0.000000,0.028490
Q_ind_159_anc_8-3,0.001855,0.000000,0.000000,0.026980
Q_ind_160_anc_8-3,0.000484,0.000000,0.000000,0.004468
Q_ind_161_anc_8-3,0.000220,0.000000,0.000000,0.002596
Q_ind_162_anc_8-3,0.001306,0.000000,0.000000,0.019246
Q_ind_163_anc_8-3,0.000344,0.000000,0.000000,0.002387
Q_ind_164_anc_8-3,0.000616,0.000000,0.000000,0.008301
Q_ind_165_anc_8-3,0.000477,0.000000,0.000000,0.005332
Q_ind_166_anc_8-3,0.000214,0.000000,0.000000,0.002454
Q_ind_167_anc_8-3,0.000186,0.000000,0.000000,0.001675
Q_ind_168_anc_8-3,0.019048,0.000000,0.000000,0.096735
Q_ind_169_anc_8-3,0.253960,0.254438,0.174164,0.327763
Q_ind_170_anc_8-3,0.000221,0.000000,0.000000,0.002507
Q_ind_171_anc_8-3,0.006225,0.000000,0.000000,0.064235
Q_ind_172_anc_8-3,0.000114,0.000000,0.000000,0.001446
Q_ind_173_anc_8-3,0.000106,0.000000,0.000000,0.000934
Q_ind_174_anc_8-3,0.000325,0.000000,0.000000,0.003138
Q_ind_175_anc_8-3,0.004071,0.000000,0.000000,0.042300
Q_ind_176_anc_8-3,0.245869,0.249609,0.139352,0.346120
Q_ind_177_anc_8-3,0.355158,0.358095,0.238767,0.448736
Q_ind_178_anc_8-3,0.026594,0.000000,0.000000,0.228494
Q_ind_179_anc_8-3,0.003923,0.000000,0.000000,0.071305
Q_ind_180_anc_8-3,0.005241,0.000000,0.000000,0.083831
Q_ind_181_anc_8-3,0.301438,0.301924,0.218169,0.382395
Q_ind_182_anc_8-3,0.358076,0.359083,0.273621,0.433519
Q_ind_183_anc_8-3,0.060104,0.000059,0.000000,0.236540
Q_ind_184_anc_8-3,0.360448,0.361066,0.272466,0.442749
Q_ind_185_anc_8-3,0.000373,0.000000,0.000000,0.004496
Q_ind_186_anc_8-3,0.000174,0.000000,0.000000,0.001322
Q_ind_187_anc_8-3,0.000091,0.000000,0.000000,0.000997
Q_ind_188_anc_8-3,0.000206,0.000000,0.000000,0.002302
Q_ind_189_anc_8-3,0.000183,0.000000,0.000000,0.001783
Q_ind_190_anc_8-3,0.000346,0.000000,0.000000,0.003803
Q_ind_191_anc_8-3,0.000143,0.000000,0.000000,0.001578
Q_ind_192_anc_8-3,0.000083,0.000000,0.000000,0.000795
Q_ind_193_anc_8-3,0.000577,0.000000,0.000000,0.006733
Q_ind_194_anc_8-3,0.000047,0.000000,0.000000,0.000517
Q_ind_195_anc_8-3,0.000408,0.000000,0.000000,0.005552
Q_ind_196_anc_8-3,0.000042,0.000000,0.000000,0.000347
Q_ind_197_anc_8-3,0.000041,0.000000,0.000000,0.000441
Q_ind_198_anc_8-3,0.000049,0.000000,0.000000,0.000476
Q_ind_199_anc_8-3,0.000132,0.000000,0.000000,0.001262
Q_ind_200_anc_8-3,0.000056,0.000000,0.000000,0.000564
Q_ind_201_anc_8-3,0.001033,0.000000,0.000000,0.014449
Q_ind_202_anc_8-3,0.000145,0.000000,0.000000,0.001512
Q_ind_203_anc_8-3,0.000718,0.000000,0.000000,0.010224
Q_ind_204_anc_8-3,0.000132,0.000000,0.000000,0.001002
Q_ind_205_anc_8-3,0.000558,0.000000,0.000000,0.007259
Q_ind_206_anc_8-3,0.000164,0.000000,0.000000,0.001912
Q_ind_207_anc_8-3,0.001326,0.000000,0.000000,0.019350
Q_ind_208_anc_8-3,0.005640,0.000000,0.000000,0.084044
Q_ind_209_anc_8-3,0.000394,0.000000,0.000000,0.005529
Q_ind_210_anc_8-3,0.000098,0.000000,0.000000,0.000895
Q_ind_211_anc_8-3,0.001336,0.000000,0.000000,0.018711
Q_ind_212_anc_8-3,0.063929,0.077136,0.000000,0.139098
Q_ind_213_anc_8-3,0.001020,0.000000,0.000000,0.014962
Q_ind_214_anc_8-3,0.001437,0.000000,0.000000,0.023042
Q_ind_215_anc_8-3,0.021227,0.000000,0.000000,0.096056
Q_ind_216_anc_8-3,0.009892,0.000000,0.000000,0.077202
Q_ind_217_anc_8-3,0.000154,0.000000,0.000000,0.001670
Q_ind_218_anc_8-3,0.148918,0.149331,0.084222,0.214285
Q_ind_219_anc_8-3,0.001285,0.000000,0.000000,0.020684
Q_ind_220_anc_8-3,0.015898,0.000000,0.000000,0.088418
Q_ind_221_anc_8-3,0.137945,0.138114,0.068572,0.205693
Q_ind_222_anc_8-3,0.001271,0.000000,0.000000,0.017690
Q_ind_223_anc_8-3,0.000845,0.000000,0.000000,0.012210
Q_ind_224_anc_8-3,0.212983,0.218368,0.101271,0.275730
Q_ind_225_anc_8-3,0.006965,0.000000,0.000000,0.082342
Q_ind_226_anc_8-3,0.065078,0.061842,0.000000,0.194637
Q_ind_227_anc_8-3,0.001849,0.000000,0.000000,0.024198
Q_ind_228_anc_8-3,0.000672,0.000000,0.000000,0.008863
Q_ind_229_anc_8-3,0.001422,0.000000,0.000000,0.021115
Q_ind_230_anc_8-3,0.000532,0.000000,0.000000,0.008249
Q_ind_231_anc_8-3,0.013485,0.000000,0.000000,0.147659
Q_ind_232_anc_8-3,0.000552,0.000000,0.000000,0.007643
Q_ind_233_anc_8-3,0.002135,0.000000,0.000000,0.030896
Q_ind_234_anc_8-3,0.000281,0.000000,0.000000,0.003235
Q_ind_235_anc_8-3,0.000390,0.000000,0.000000,0.005165
Q_ind_236_anc_8-3,0.000145,0.000000,0.000000,0.001472
Q_ind_237_anc_8-3,0.000110,0.000000,0.000000,0.001306
Q_ind_238_anc_8-3,0.000131,0.000000,0.000000,0.001325
Q_ind_239_anc_8-3,0.000249,0.000000,0.000000,0.003129
Q_ind_240_anc_8-3,0.000149,0.000000,0.000000,0.001123
Q_ind_241_anc_8-3,0.000230,0.000000,0.000000,0.002874
Q_ind_242_anc_8-3,0.000766,0.000000,0.000000,0.010383
Q_ind_243_anc_8-3,0.000079,0.000000,0.000000,0.000921
Q_ind_244_anc_8-3,0.000509,0.000000,0.000000,0.005251
Q_ind_245_anc_8-3,0.000077,0.000000,0.000000,0.000865
Q_ind_1_anc_8-4,0.000623,0.000000,0.000000,0.007056
Q_ind_2_anc_8-4,0.015943,0.000000,0.000000,0.145140
Q_ind_3_anc_8-4,0.033667,0.000000,0.000000,0.148742
Q_ind_4_anc_8-4,0.003658,0.000000,0.000000,0.053174
Q_ind_5_anc_8-4,0.001060,0.000000,0.000000,0.013640
Q_ind_6_anc_8-4,0.050800,0.011539,0.000000,0.166716
Q_ind_7_anc_8-4,0.000580,0.000000,0.000000,0.007004
Q_ind_8_anc_8-4,0.050382,0.048523,0.000000,0.142122
Q_ind_9_anc_8-4,0.001850,0.000000,0.000000,0.021486
Q_ind_10_anc_8-4,0.034801,0.000008,0.000000,0.136357
Q_ind_11_anc_8-4,0.001447,0.000000,0.000000,0.022099
Q_ind_12_anc_8-4,0.058119,0.066859,0.000000,0.145267
Q_ind_13_anc_8-4,0.000578,0.000000,0.000000,0.008068
Q_ind_14_anc_8-4,0.002048,0.000000,0.000000,0.033033
Q_ind_15_anc_8-4,0.000290,0.000000,0.000000,0.002964
Q_ind_16_anc_8-4,0.000417,0.000000,0.000000,0.005256
Q_ind_17_anc_8-4,0.001171,0.000000,0.000000,0.018785
Q_ind_18_anc_8-4,0.000508,0.000000,0.000000,0.006326
Q_ind_19_anc_8-4,0.000311,0.000000,0.000000,0.003211
Q_ind_20_anc_8-4,0.000839,0.000000,0.000000,0.011308
Q_ind_21_anc_8-4,0.000788,0.000000,0.000000,0.010342
Q_ind_22_anc_8-4,0.001687,0.000000,0.000000,0.028003
Q_ind_23_anc_8-4,0.002808,0.000000,0.000000,0.034443
Q_ind_24_anc_8-4,0.005304,0.000000,0.000000,0.056897
Q_ind_25_anc_8-4,0.000583,0.000000,0.000000,0.008253
Q_ind_26_anc_8-4,0.000745,0.000000,0.000000,0.009995
Q_ind_27_anc_8-4,0.000402,0.000000,0.000000,0.004981
Q_ind_28_anc_8-4,0.003415,0.000000,0.000000,0.037283
Q_ind_29_anc_8-4,0.003280,0.000000,0.000000,0.038733
Q_ind_30_anc_8-4,0.000477,0.000000,0.000000,0.004793
Q_ind_31_anc_8-4,0.000138,0.000000,0.000000,0.001183
Q_ind_32_anc_8-4,0.000247,0.000000,0.000000,0.002341
Q_ind_33_anc_8-4,0.000214,0.000000,0.000000,0.002391
Q_ind_34_anc_8-4,0.000120,0.000000,0.000000,0.001339
Q_ind_35_anc_8-4,0.000268,0.000000,0.000000,0.002805
Q_ind_36_anc_8-4,0.000095,0.000000,0.000000,0.001067
Q_ind_37_anc_8-4,0.000103,0.000000,0.000000,0.001047
Q_ind_38_anc_8-4,0.000125,0.000000,0.000000,0.001357
Q_ind_39_anc_8-4,0.000154,0.000000,0.000000,0.001195
Q_ind_40_anc_8-4,0.004610,0.000000,0.000000,0.051108
Q_ind_41_anc_8-4,0.001022,0.000000,0.000000,0.013272
Q_ind_42_anc_8-4,0.000248,0.000000,0.000000,0.003368
Q_ind_43_anc_8-4,0.000242,0.000000,0.000000,0.002604
Q_ind_44_anc_8-4,0.000110,0.000000,0.000000,0.000986
Q_ind_45_anc_8-4,0.000107,0.000000,0.000000,0.001185
Q_ind_46_anc_8-4,0.000102,0.000000,0.000000,0.001041
Q_ind_47_anc_8-4,0.000280,0.000000,0.000000,0.003101
Q_ind_48_anc_8-4,0.000434,0.000000,0.000000,0.006048
Q_ind_49_anc_8-4,0.000225,0.000000,0.000000,0.003168
Q_ind_50_anc_8-4,0.000092,0.000000,0.000000,0.001098
Q_ind_51_anc_8-4,0.000190,0.000000,0.000000,0.002472
Q_ind_52_anc_8-4,0.000197,0.000000,0.000000,0.002472
Q_ind_53_anc_8-4,0.000155,0.000000,0.000000,0.001739
Q_ind_54_anc_8-4,0.000213,0.000000,0.000000,0.002767
Q_ind_55_anc_8-4,0.000118,0.000000,0.000000,0.001219
Q_ind_56_anc_8-4,0.000132,0.000000,0.000000,0.001095
Q_ind_57_anc_8-4,0.000283,0.000000,0.000000,0.002250
Q_ind_58_anc_8-4,0.000103,0.000000,0.000000,0.001181
Q_ind_59_anc_8-4,0.000382,0.000000,0.000000,0.004916
Q_ind_60_anc_8-4,0.000187,0.000000,0.000000,0.002024
Q_ind_61_anc_8-4,0.000432,0.000000,0.000000,0.005275
Q_ind_62_anc_8-4,0.001658,0.000000,0.000000,0.020278
Q_ind_63_anc_8-4,0.000297,0.000000,0.000000,0.003726
Q_ind_64_anc_8-4,0.001343,0.000000,0.000000,0.021244
Q_ind_65_anc_8-4,0.000284,0.000000,0.000000,0.002594
Q_ind_66_anc_8-4,0.000129,0.000000,0.000000,0.001211
Q_ind_67_anc_8-4,0.005154,0.000000,0.000000,0.080962
Q_ind_68_anc_8-4,0.000207,0.000000,0.000000,0.002188
Q_ind_69_anc_8-4,0.000400,0.000000,0.000000,0.004188
Q_ind_70_anc_8-4,0.000149,0.000000,0.000000,0.001465
Q_ind_71_anc_8-4,0.000252,0.000000,0.000000,0.002918
Q_ind_72_anc_8-4,0.000274,0.000000,0.000000,0.002586
Q_ind_73_anc_8-4,0.000348,0.000000,0.000000,0.003605
Q_ind_74_anc_8-4,0.000647,0.000000,0.000000,0.007420
Q_ind_75_anc_8-4,0.000123,0.000000,0.000000,0.001054
Q_ind_76_anc_8-4,0.000209,0.000000,0.000000,0.002308
Q_ind_77_anc_8-4,0.129212,0.151231,0.000000,0.210763
Q_ind_78_anc_8-4,0.004720,0.000000,0.000000,0.048950
Q_ind_79_anc_8-4,0.051658,0.000000,0.000000,0.180330
Q_ind_80_anc_8-4,0.002780,0.000000,0.000000,0.043650
Q_ind_81_anc_8-4,0.000313,0.000000,0.000000,0.003292
Q_ind_82_anc_8-4,0.141688,0.180217,0.000000,0.246948
Q_ind_83_anc_8-4,0.172668,0.177427,0.091136,0.233660
Q_ind_84_anc_8-4,0.085702,0.000012,0.000000,0.250196
Q_ind_85_anc_8-4,0.160273,0.173684,0.000000,0.220119
Q_ind_86_anc_8-4,0.184245,0.187573,0.114008,0.240252
Q_ind_87_anc_8-4,0.090275,0.094136,0.000000,0.184605
Q_ind_88_anc_8-4,0.014972,0.000000,0.000000,0.123084
Q_ind_89_anc_8-4,0.006622,0.000000,0.000000,0.106579
Q_ind_90_anc_8-4,0.010676,0.000000,0.000000,0.091931
Q_ind_91_anc_8-4,0.001190,0.000000,0.000000,0.015274
Q_ind_92_anc_8-4,0.026617,0.000000,0.000000,0.136637
Q_ind_93_anc_8-4,0.002803,0.000000,0.000000,0.039793
Q_ind_94_anc_8-4,0.001163,0.000000,0.000000,0.019481
Q_ind_95_anc_8-4,0.001684,0.000000,0.000000,0.021547
Q_ind_96_anc_8-4,0.000160,0.000000,0.000000,0.001575
Q_ind_97_anc_8-4,0.000401,0.000000,0.000000,0.005699
Q_ind_98_anc_8-4,0.000129,0.000000,0.000000,0.001646
Q_ind_99_anc_8-4,0.000371,0.000000,0.000000,0.004964
Q_ind_100_anc_8-4,0.000248,0.000000,0.000000,0.003153
Q_ind_101_anc_8-4,0.000071,0.000000,0.000000,0.000775
Q_ind_102_anc_8-4,0.000050,0.000000,0.000000,0.000503
Q_ind_103_anc_8-4,0.000220,0.000000,0.000000,0.002538
Q_ind_104_anc_8-4,0.000104,0.000000,0.000000,0.001049
Q_ind_105_anc_8-4,0.000121,0.000000,0.000000,0.001387
Q_ind_106_anc_8-4,0.002889,0.000000,0.000000,0.025921
Q_ind_107_anc_8-4,0.000356,0.000000,0.000000,0.003991
Q_ind_108_anc_8-4,0.000155,0.000000,0.000000,0.001566
Q_ind_109_anc_8-4,0.000610,0.000000,0.000000,0.006129
Q_ind_110_anc_8-4,0.000537,0.000000,0.000000,0.005830
Q_ind_111_anc_8-4,0.000138,0.000000,0.000000,0.001436
Q_ind_112_anc_8-4,0.000352,0.000000,0.000000,0.003923
Q_ind_113_anc_8-4,0.001523,0.000000,0.000000,0.016283
Q_ind_114_anc_8-4,0.000381,0.000000,0.000000,0.004712
Q_ind_115_anc_8-4,0.000381,0.000000,0.000000,0.005169
Q_ind_116_anc_8-4,0.000089,0.000000,0.000000,0.000850
Q_ind_117_anc_8-4,0.000439,0.000000,0.000000,0.006214
Q_ind_118_anc_8-4,0.000156,0.000000,0.000000,0.001602
Q_ind_119_anc_8-4,0.000456,0.000000,0.000000,0.006638
Q_ind_120_anc_8-4,0.000114,0.000000,0.000000,0.001310
Q_ind_121_anc_8-4,0.001928,0.000000,0.000000,0.024489
Q_ind_122_anc_8-4,0.000220,0.000000,0.000000,0.002793
Q_ind_123_anc_8-4,0.000216,0.000000,0.000000,0.002366
Q_ind_124_anc_8-4,0.000523,0.000000,0.000000,0.006691
Q_ind_125_anc_8-4,0.003145,0.000000,0.000000,0.048408
Q_ind_126_anc_8-4,0.015787,0.000000,0.000000,0.123975
Q_ind_127_anc_8-4,0.071928,0.086782,0.000000,0.152527
Q_ind_128_anc_8-4,0.014487,0.000000,0.000000,0.135496
Q_ind_129_anc_8-4,0.071461,0.080427,0.000000,0.136913
Q_ind_130_anc_8-4,0.033439,0.000000,0.000000,0.150579
Q_ind_131_anc_8-4,0.000364,0.000000,0.000000,0.004098
Q_ind_132_anc_8-4,0.000223,0.000000,0.000000,0.002869
Q_ind_133_anc_8-4,0.000145,0.000000,0.000000,0.001755
Q_ind_134_anc_8-4,0.000248,0.000000,0.000000,0.002994
Q_ind_135_anc_8-4,0.000318,0.000000,0.000000,0.003461
Q_ind_136_anc_8-4,0.000162,0.000000,0.000000,0.001901
Q_ind_137_anc_8-4,0.000121,0.000000,0.000000,0.001260
Q_ind_138_anc_8-4,0.000156,0.000000,0.000000,0.001171
Q_ind_139_anc_8-4,0.000293,0.000000,0.000000,0.003137
Q_ind_140_anc_8-4,0.000205,0.000000,0.000000,0.002792
Q_ind_141_anc_8-4,0.000107,0.000000,0.000000,0.001200
Q_ind_142_anc_8-4,0.000083,0.000000,0.000000,0.000841
Q_ind_143_anc_8-4,0.000251,0.000000,0.000000,0.001982
Q_ind_144_anc_8-4,0.000083,0.000000,0.000000,0.000896
Q_ind_145_anc_8-4,0.000220,0.000000,0.000000,0.002415
Q_ind_146_anc_8-4,0.000232,0.000000,0.000000,0.002745
Q_ind_147_anc_8-4,0.000237,0.000000,0.000000,0.002316
Q_ind_148_anc_8-4,0.000618,0.000000,0.000000,0.008353
Q_ind_149_anc_8-4,0.072032,0.074783,0.000000,0.142717
Q_ind_150_anc_8-4,0.000516,0.000000,0.000000,0.006283
Q_ind_151_anc_8-4,0.000295,0.000000,0.000000,0.002560
Q_ind_152_anc_8-4,0.000385,0.000000,0.000000,0.004307
Q_ind_153_anc_8-4,0.000339,0.000000,0.000000,0.003522
Q_ind_154_anc_8-4,0.001309,0.000000,0.000000,0.017104
Q_ind_155_anc_8-4,0.114431,0.135246,0.000000,0.228507
Q_ind_156_anc_8-4,0.239200,0.242323,0.120016,0.337622
Q_ind_157_anc_8-4,0.183672,0.183938,0.104302,0.262971
Q_ind_158_anc_8-4,0.065623,0.001733,0.000000,0.214670
Q_ind_159_anc_8-4,0.146157,0.146401,0.059136,0.230522
Q_ind_160_anc_8-4,0.281438,0.282091,0.151503,0.391496
Q_ind_161_anc_8-4,0.180494,0.177682,0.105184,0.267412
Q_ind_162_anc_8-4,0.205749,0.206415,0.111150,0.294373
Q_ind_163_anc_8-4,0.193905,0.194371,0.104348,0.277844
Q_ind_164_anc_8-4,0.127432,0.154078,0.000000,0.248502
Q_ind_165_anc_8-4,0.000863,0.000000,0.000000,0.011283
Q_ind_166_anc_8-4,0.000181,0.000000,0.000000,0.002156
Q_ind_167_anc_8-4,0.000359,0.000000,0.000000,0.003573
Q_ind_168_anc_8-4,0.000539,0.000000,0.000000,0.004368
Q_ind_169_anc_8-4,0.000166,0.000000,0.000000,0.001741
Q_ind_170_anc_8-4,0.000370,0.000000,0.000000,0.004894
Q_ind_171_anc_8-4,0.003678,0.000000,0.000000,0.037169
Q_ind_172_anc_8-4,0.000100,0.000000,0.000000,0.001056
Q_ind_173_anc_8-4,0.000090,0.000000,0.000000,0.000835
Q_ind_174_anc_8-4,0.000123,0.000000,0.000000,0.001529
Q_ind_175_anc_8-4,0.000289,0.000000,0.000000,0.002821
Q_ind_176_anc_8-4,0.001830,0.000000,0.000000,0.027897
Q_ind_177_anc_8-4,0.008182,0.000000,0.000000,0.103709
Q_ind_178_anc_8-4,0.292042,0.311041,0.052771,0.447050
Q_ind_179_anc_8-4,0.332206,0.331467,0.251524,0.416820
Q_ind_180_anc_8-4,0.064573,0.028373,0.000000,0.213567
Q_ind_181_anc_8-4,0.001037,0.000000,0.000000,0.012237
Q_ind_182_anc_8-4,0.000497,0.000000,0.000000,0.005488
Q_ind_183_anc_8-4,0.132503,0.146103,0.000000,0.300912
Q_ind_184_anc_8-4,0.015288,0.000000,0.000000,0.159074
Q_ind_185_anc_8-4,0.000172,0.000000,0.000000,0.001318
Q_ind_186_anc_8-4,0.000074,0.000000,0.000000,0.000761
Q_ind_187_anc_8-4,0.000087,0.000000,0.000000,0.000754
Q_ind_188_anc_8-4,0.000127,0.000000,0.000000,0.001501
Q_ind_189_anc_8-4,0.000148,0.000000,0.000000,0.001595
Q_ind_190_anc_8-4,0.000199,0.000000,0.000000,0.001792
Q_ind_191_anc_8-4,0.000133,0.000000,0.000000,0.001223
Q_ind_192_anc_8-4,0.000097,0.000000,0.000000,0.000908
Q_ind_193_anc_8-4,0.000448,0.000000,0.000000,0.005188
Q_ind_194_anc_8-4,0.000055,0.000000,0.000000,0.000527
Q_ind_195_anc_8-4,0.000481,0.000000,0.000000,0.007617
Q_ind_196_anc_8-4,0.000076,0.000000,0.000000,0.000839
Q_ind_197_anc_8-4,0.000050,0.000000,0.000000,0.000516
Q_ind_198_anc_8-4,0.000058,0.000000,0.000000,0.000558
Q_ind_199_anc_8-4,0.000088,0.000000,0.000000,0.000841
Q_ind_200_anc_8-4,0.000074,0.000000,0.000000,0.000781
Q_ind_201_anc_8-4,0.000182,0.000000,0.000000,0.001999
Q_ind_202_anc_8-4,0.000206,0.000000,0.000000,0.002274
Q_ind_203_anc_8-4,0.001403,0.000000,0.000000,0.019928
Q_ind_204_anc_8-4,0.000114,0.000000,0.000000,0.001146
Q_ind_205_anc_8-4,0.000539,0.000000,0.000000,0.006281
Q_ind_206_anc_8-4,0.000547,0.000000,0.000000,0.006535
Q_ind_207_anc_8-4,0.017267,0.000000,0.000000,0.120763
Q_ind_208_anc_8-4,0.000256,0.000000,0.000000,0.002369
Q_ind_209_anc_8-4,0.000225,0.000000,0.000000,0.001932
Q_ind_210_anc_8-4,0.000210,0.000000,0.000000,0.002299
Q_ind_211_anc_8-4,0.000321,0.000000,0.000000,0.003509
Q_ind_212_anc_8-4,0.000186,0.000000,0.000000,0.001604
Q_ind_213_anc_8-4,0.000416,0.000000,0.000000,0.004836
Q_ind_214_anc_8-4,0.000246,0.000000,0.000000,0.002839
Q_ind_215_anc_8-4,0.004677,0.000000,0.000000,0.050742
Q_ind_216_anc_8-4,0.000871,0.000000,0.000000,0.009838
Q_ind_217_anc_8-4,0.000145,0.000000,0.000000,0.001690
Q_ind_218_anc_8-4,0.000172,0.000000,0.000000,0.002261
Q_ind_219_anc_8-4,0.000318,0.000000,0.000000,0.002918
Q_ind_220_anc_8-4,0.000387,0.000000,0.000000,0.004480
Q_ind_221_anc_8-4,0.000207,0.000000,0.000000,0.001691
Q_ind_222_anc_8-4,0.000755,0.000000,0.000000,0.010178
Q_ind_223_anc_8-4,0.000759,0.000000,0.000000,0.011111
Q_ind_224_anc_8-4,0.000229,0.000000,0.000000,0.002335
Q_ind_225_anc_8-4,0.015997,0.000000,0.000000,0.109785
Q_ind_226_anc_8-4,0.031092,0.000000,0.000000,0.168402
Q_ind_227_anc_8-4,0.006702,0.000000,0.000000,0.065417
Q_ind_228_anc_8-4,0.005245,0.000000,0.000000,0.071262
Q_ind_229_anc_8-4,0.004933,0.000000,0.000000,0.064325
Q_ind_230_anc_8-4,0.000333,0.000000,0.000000,0.004047
Q_ind_231_anc_8-4,0.036956,0.000000,0.000000,0.176315
Q_ind_232_anc_8-4,0.002060,0.000000,0.000000,0.026736
Q_ind_233_anc_8-4,0.001052,0.000000,0.000000,0.015207
Q_ind_234_anc_8-4,0.000116,0.000000,0.000000,0.001292
Q_ind_235_anc_8-4,0.000164,0.000000,0.000000,0.002037
Q_ind_236_anc_8-4,0.000102,0.000000,0.000000,0.001009
Q_ind_237_anc_8-4,0.000077,0.000000,0.000000,0.000728
Q_ind_238_anc_8-4,0.000061,0.000000,0.000000,0.000580
Q_ind_239_anc_8-4,0.000082,0.000000,0.000000,0.000763
Q_ind_240_anc_8-4,0.000059,0.000000,0.000000,0.000668
Q_ind_241_anc_8-4,0.000203,0.000000,0.000000,0.002270
Q_ind_242_anc_8-4,0.000836,0.000000,0.000000,0.010877
Q_ind_243_anc_8-4,0.000067,0.000000,0.000000,0.000592
Q_ind_244_anc_8-4,0.000369,0.000000,0.000000,0.004687
Q_ind_245_anc_8-4,0.000058,0.000000,0.000000,0.000427
Q_ind_1_anc_8-5,0.001557,0.000000,0.000000,0.012391
Q_ind_2_anc_8-5,0.000697,0.000000,0.000000,0.006601
Q_ind_3_anc_8-5,0.004522,0.000000,0.000000,0.057029
Q_ind_4_anc_8-5,0.001772,0.000000,0.000000,0.026374
Q_ind_5_anc_8-5,0.036528,0.000000,0.000000,0.171356
Q_ind_6_anc_8-5,0.000431,0.000000,0.000000,0.002721
Q_ind_7_anc_8-5,0.000188,0.000000,0.000000,0.002157
Q_ind_8_anc_8-5,0.010430,0.000000,0.000000,0.098506
Q_ind_9_anc_8-5,0.006791,0.000000,0.000000,0.102136
Q_ind_10_anc_8-5,0.000462,0.000000,0.000000,0.004904
Q_ind_11_anc_8-5,0.002377,0.000000,0.000000,0.032001
Q_ind_12_anc_8-5,0.001535,0.000000,0.000000,0.020317
Q_ind_13_anc_8-5,0.000530,0.000000,0.000000,0.007870
Q_ind_14_anc_8-5,0.018211,0.000000,0.000000,0.113137
Q_ind_15_anc_8-5,0.036779,0.005078,0.000000,0.110964
Q_ind_16_anc_8-5,0.000380,0.000000,0.000000,0.005141
Q_ind_17_anc_8-5,0.014488,0.000000,0.000000,0.086084
Q_ind_18_anc_8-5,0.000412,0.000000,0.000000,0.005826
Q_ind_19_anc_8-5,0.001639,0.000000,0.000000,0.027740
Q_ind_20_anc_8-5,0.012970,0.000000,0.000000,0.074515
Q_ind_21_anc_8-5,0.000283,0.000000,0.000000,0.003094
Q_ind_22_anc_8-5,0.001164,0.000000,0.000000,0.016214
Q_ind_23_anc_8-5,0.002588,0.000000,0.000000,0.031725
Q_ind_24_anc_8-5,0.002948,0.000000,0.000000,0.050504
Q_ind_25_anc_8-5,0.000293,0.000000,0.000000,0.003452
Q_ind_26_anc_8-5,0.000333,0.000000,0.000000,0.003962
Q_ind_27_anc_8-5,0.000764,0.000000,0.000000,0.010867
Q_ind_28_anc_8-5,0.001000,0.000000,0.000000,0.012990
Q_ind_29_anc_8-5,0.001292,0.000000,0.000000,0.020416
Q_ind_30_anc_8-5,0.005313,0.000000,0.000000,0.057407
Q_ind_31_anc_8-5,0.000372,0.000000,0.000000,0.005578
Q_ind_32_anc_8-5,0.000384,0.000000,0.000000,0.003769
Q_ind_33_anc_8-5,0.000526,0.000000,0.000000,0.006888
Q_ind_34_anc_8-5,0.000361,0.000000,0.000000,0.004120
Q_ind_35_anc_8-5,0.000513,0.000000,0.000000,0.005716
Q_ind_36_anc_8-5,0.000280,0.000000,0.000000,0.003579
Q_ind_37_anc_8-5,0.000208,0.000000,0.000000,0.002040
Q_ind_38_anc_8-5,0.000212,0.000000,0.000000,0.001779
Q_ind_39_anc_8-5,0.110991,0.111953,0.045990,0.176054
Q_ind_40_anc_8-5,0.030516,0.000028,0.000000,0.132458
Q_ind_41_anc_8-5,0.132741,0.132773,0.057814,0.210286
Q_ind_42_anc_8-5,0.000155,0.000000,0.000000,0.001652
Q_ind_43_anc_8-5,0.000195,0.000000,0.000000,0.002070
Q_ind_44_anc_8-5,0.000180,0.000000,0.000000,0.002084
Q_ind_45_anc_8-5,0.000092,0.000000,0.000000,0.001025
Q_ind_46_anc_8-5,0.000100,0.000000,0.000000,0.001062
Q_ind_47_anc_8-5,0.000609,0.000000,0.000000,0.008713
Q_ind_48_anc_8-5,0.000335,0.000000,0.000000,0.004613
Q_ind_49_anc_8-5,0.000119,0.000000,0.000000,0.001337
Q_ind_50_anc_8-5,0.000221,0.000000,0.000000,0.002652
Q_ind_51_anc_8-5,0.000279,0.000000,0.000000,0.003662
Q_ind_52_anc_8-5,0.000286,0.000000,0.000000,0.003302
Q_ind_53_anc_8-5,0.000226,0.000000,0.000000,0.002686
Q_ind_54_anc_8-5,0.000269,0.000000,0.000000,0.003294
Q_ind_55_anc_8-5,0.000162,0.000000,0.000000,0.001957
Q_ind_56_anc_8-5,0.001585,0.000000,0.000000,0.019488
Q_ind_57_anc_8-5,0.000554,0.000000,0.000000,0.006356
Q_ind_58_anc_8-5,0.000125,0.000000,0.000000,0.001132
Q_ind_59_anc_8-5,0.002396,0.000000,0.000000,0.028985
Q_ind_60_anc_8-5,0.000185,0.000000,0.000000,0.001755
Q_ind_61_anc_8-5,0.000815,0.000000,0.000000,0.011986
Q_ind_62_anc_8-5,0.000890,0.000000,0.000000,0.012984
Q_ind_63_anc_8-5,0.000104,0.000000,0.000000,0.001194
Q_ind_64_anc_8-5,0.000146,0.000000,0.000000,0.001125
Q_ind_65_anc_8-5,0.000120,0.000000,0.000000,0.001202
Q_ind_66_anc_8-5,0.000131,0.000000,0.000000,0.001412
Q_ind_67_anc_8-5,0.000239,0.000000,0.000000,0.002653
Q_ind_68_anc_8-5,0.000221,0.000000,0.000000,0.002750
Q_ind_69_anc_8-5,0.000234,0.000000,0.000000,0.002321
Q_ind_70_anc_8-5,0.000162,0.000000,0.000000,0.001678
Q_ind_71_anc_8-5,0.000143,0.000000,0.000000,0.001567
Q_ind_72_anc_8-5,0.001268,0.000000,0.000000,0.018872
Q_ind_73_anc_8-5,0.000242,0.000000,0.000000,0.002615
Q_ind_74_anc_8-5,0.001131,0.000000,0.000000,0.014681
Q_ind_75_anc_8-5,0.000163,0.000000,0.000000,0.001919
Q_ind_76_anc_8-5,0.000340,0.000000,0.000000,0.004127
Q_ind_77_anc_8-5,0.000450,0.000000,0.000000,0.004348
Q_ind_78_anc_8-5,0.000391,0.000000,0.000000,0.003835
Q_ind_79_anc_8-5,0.000300,0.000000,0.000000,0.003058
Q_ind_80_anc_8-5,0.000526,0.000000,0.000000,0.006462
Q_ind_81_anc_8-5,0.001041,0.000000,0.000000,0.014703
Q_ind_82_anc_8-5,0.001521,0.000000,0.000000,0.022582
Q_ind_83_anc_8-5,0.000334,0.000000,0.000000,0.003748
Q_ind_84_anc_8-5,0.000589,0.000000,0.000000,0.007475
Q_ind_85_anc_8-5,0.004206,0.000000,0.000000,0.091324
Q_ind_86_anc_8-5,0.000525,0.000000,0.000000,0.005396
Q_ind_87_anc_8-5,0.001069,0.000000,0.000000,0.014842
Q_ind_88_anc_8-5,0.010455,0.000000,0.000000,0.151832
Q_ind_89_anc_8-5,0.257595,0.256384,0.150791,0.376583
Q_ind_90_anc_8-5,0.032225,0.000000,0.000000,0.232878
Q_ind_91_anc_8-5,0.239380,0.291736,0.000000,0.412658
Q_ind_92_anc_8-5,0.016912,0.000000,0.000000,0.209692
Q_ind_93_anc_8-5,0.099893,0.106207,0.000000,0.259205
Q_ind_94_anc_8-5,0.002754,0.000000,0.000000,0.037068
Q_ind_95_anc_8-5,0.361806,0.367873,0.201843,0.479365
Q_ind_96_anc_8-5,0.000541,0.000000,0.000000,0.007562
Q_ind_97_anc_8-5,0.000461,0.000000,0.000000,0.005839
Q_ind_98_anc_8-5,0.000141,0.000000,0.000000,0.001402
Q_ind_99_anc_8-5,0.003509,0.000000,0.000000,0.040174
Q_ind_100_anc_8-5,0.000293,0.000000,0.000000,0.003517
Q_ind_101_anc_8-5,0.000153,0.000000,0.000000,0.001166
Q_ind_102_anc_8-5,0.000115,0.000000,0.000000,0.001125
Q_ind_103_anc_8-5,0.000142,0.000000,0.000000,0.001577
Q_ind_104_anc_8-5,0.000109,0.000000,0.000000,0.001200
Q_ind_105_anc_8-5,0.000342,0.000000,0.000000,0.003802
Q_ind_106_anc_8-5,0.001062,0.000000,0.000000,0.015259
Q_ind_107_anc_8-5,0.000648,0.000000,0.000000,0.008173
Q_ind_108_anc_8-5,0.000260,0.000000,0.000000,0.001989
Q_ind_109_anc_8-5,0.000146,0.000000,0.000000,0.001264
Q_ind_110_anc_8-5,0.000144,0.000000,0.000000,0.001631
Q_ind_111_anc_8-5,0.000451,0.000000,0.000000,0.005075
Q_ind_112_anc_8-5,0.000398,0.000000,0.000000,0.004861
Q_ind_113_anc_8-5,0.000826,0.000000,0.000000,0.008314
Q_ind_114_anc_8-5,0.000295,0.000000,0.000000,0.002696
Q_ind_115_anc_8-5,0.000786,0.000000,0.000000,0.010834
Q_ind_116_anc_8-5,0.000199,0.000000,0.000000,0.002323
Q_ind_117_anc_8-5,0.000095,0.000000,0.000000,0.000991
Q_ind_118_anc_8-5,0.000131,0.000000,0.000000,0.001388
Q_ind_119_anc_8-5,0.000611,0.000000,0.000000,0.007732
Q_ind_120_anc_8-5,0.000203,0.000000,0.000000,0.002048
Q_ind_121_anc_8-5,0.001166,0.000000,0.000000,0.018587
Q_ind_122_anc_8-5,0.000310,0.000000,0.000000,0.004137
Q_ind_123_anc_8-5,0.000387,0.000000,0.000000,0.005417
Q_ind_124_anc_8-5,0.001199,0.000000,0.000000,0.017607
Q_ind_125_anc_8-5,0.021683,0.000000,0.000000,0.115243
Q_ind_126_anc_8-5,0.005103,0.000000,0.000000,0.060724
Q_ind_127_anc_8-5,0.007905,0.000000,0.000000,0.098981
Q_ind_128_anc_8-5,0.002002,0.000000,0.000000,0.031717
Q_ind_129_anc_8-5,0.001175,0.000000,0.000000,0.018848
Q_ind_130_anc_8-5,0.007953,0.000000,0.000000,0.085448
Q_ind_131_anc_8-5,0.000249,0.000000,0.000000,0.002477
Q_ind_132_anc_8-5,0.000217,0.000000,0.000000,0.002349
Q_ind_133_anc_8-5,0.000236,0.000000,0.000000,0.003032
Q_ind_134_anc_8-5,0.000118,0.000000,0.000000,0.001431
Q_ind_135_anc_8-5,0.000688,0.000000,0.000000,0.009668
Q_ind_136_anc_8-5,0.000228,0.000000,0.000000,0.003061
Q_ind_137_anc_8-5,0.000188,0.000000,0.000000,0.002155
Q_ind_138_anc_8-5,0.000116,0.000000,0.000000,0.001258
Q_ind_139_anc_8-5,0.000182,0.000000,0.000000,0.001622
Q_ind_140_anc_8-5,0.000431,0.000000,0.000000,0.006493
Q_ind_141_anc_8-5,0.000218,0.000000,0.000000,0.002470
Q_ind_142_anc_8-5,0.000175,0.000000,0.000000,0.002116
Q_ind_143_anc_8-5,0.000395,0.000000,0.000000,0.003491
Q_ind_144_anc_8-5,0.000185,0.000000,0.000000,0.001880
Q_ind_145_anc_8-5,0.000192,0.000000,0.000000,0.001583
Q_ind_146_anc_8-5,0.000393,0.000000,0.000000,0.005569
Q_ind_147_anc_8-5,0.000618,0.000000,0.000000,0.007219
Q_ind_148_anc_8-5,0.000285,0.000000,0.000000,0.003480
Q_ind_149_anc_8-5,0.005725,0.000000,0.000000,0.070693
Q_ind_150_anc_8-5,0.000380,0.000000,0.000000,0.005822
Q_ind_151_anc_8-5,0.000637,0.000000,0.000000,0.009568
Q_ind_152_anc_8-5,0.000162,0.000000,0.000000,0.001626
Q_ind_153_anc_8-5,0.000524,0.000000,0.000000,0.008222
Q_ind_154_anc_8-5,0.000403,0.000000,0.000000,0.004862
Q_ind_155_anc_8-5,0.201969,0.201057,0.106915,0.302737
Q_ind_156_anc_8-5,0.001152,0.000000,0.000000,0.014732
Q_ind_157_anc_8-5,0.000212,0.000000,0.000000,0.001806
Q_ind_158_anc_8-5,0.021405,0.000000,0.000000,0.125776
Q_ind_159_anc_8-5,0.000497,0.000000,0.000000,0.005247
Q_ind_160_anc_8-5,0.001004,0.000000,0.000000,0.014600
Q_ind_161_anc_8-5,0.002698,0.000000,0.000000,0.042083
Q_ind_162_anc_8-5,0.001882,0.000000,0.000000,0.027476
Q_ind_163_anc_8-5,0.001404,0.000000,0.000000,0.018721
Q_ind_164_anc_8-5,0.001849,0.000000,0.000000,0.018645
Q_ind_165_anc_8-5,0.000381,0.000000,0.000000,0.004589
Q_ind_166_anc_8-5,0.000235,0.000000,0.000000,0.002124
Q_ind_167_anc_8-5,0.001714,0.000000,0.000000,0.024640
Q_ind_168_anc_8-5,0.000563,0.000000,0.000000,0.006561
Q_ind_169_anc_8-5,0.000287,0.000000,0.000000,0.002862
Q_ind_170_anc_8-5,0.000136,0.000000,0.000000,0.001579
Q_ind_171_anc_8-5,0.001549,0.000000,0.000000,0.020404
Q_ind_172_anc_8-5,0.000093,0.000000,0.000000,0.001069
Q_ind_173_anc_8-5,0.000087,0.000000,0.000000,0.000998
Q_ind_174_anc_8-5,0.000130,0.000000,0.000000,0.001496
Q_ind_175_anc_8-5,0.000231,0.000000,0.000000,0.002698
Q_ind_176_anc_8-5,0.004219,0.000000,0.000000,0.065573
Q_ind_177_anc_8-5,0.005462,0.000000,0.000000,0.075406
Q_ind_178_anc_8-5,0.000276,0.000000,0.000000,0.002043
Q_ind_179_anc_8-5,0.000279,0.000000,0.000000,0.003417
Q_ind_180_anc_8-5,0.007067,0.000000,0.000000,0.084565
Q_ind_181_anc_8-5,0.001354,0.000000,0.000000,0.014322
Q_ind_182_anc_8-5,0.000573,0.000000,0.000000,0.006370
Q_ind_183_anc_8-5,0.004503,0.000000,0.000000,0.080058
Q_ind_184_anc_8-5,0.000366,0.000000,0.000000,0.004268
Q_ind_185_anc_8-5,0.000543,0.000000,0.000000,0.006906
Q_ind_186_anc_8-5,0.000133,0.000000,0.000000,0.001135
Q_ind_187_anc_8-5,0.000109,0.000000,0.000000,0.001206
Q_ind_188_anc_8-5,0.000143,0.000000,0.000000,0.001478
Q_ind_189_anc_8-5,0.000182,0.000000,0.000000,0.002151
Q_ind_190_anc_8-5,0.000284,0.000000,0.000000,0.003681
Q_ind_191_anc_8-5,0.000074,0.000000,0.000000,0.000757
Q_ind_192_anc_8-5,0.000104,0.000000,0.000000,0.001004
Q_ind_193_anc_8-5,0.000277,0.000000,0.000000,0.003324
Q_ind_194_anc_8-5,0.000041,0.000000,0.000000,0.000395
Q_ind_195_anc_8-5,0.000590,0.000000,0.000000,0.007598
Q_ind_196_anc_8-5,0.000051,0.000000,0.000000,0.000505
Q_ind_197_anc_8-5,0.000031,0.000000,0.000000,0.000344
Q_ind_198_anc_8-5,0.000047,0.000000,0.000000,0.000460
Q_ind_199_anc_8-5,0.000173,0.000000,0.000000,0.001863
Q_ind_200_anc_8-5,0.000093,0.000000,0.000000,0.000889
Q_ind_201_anc_8-5,0.000576,0.000000,0.000000,0.008479
Q_ind_202_anc_8-5,0.000252,0.000000,0.000000,0.002285
Q_ind_203_anc_8-5,0.000763,0.000000,0.000000,0.009019
Q_ind_204_anc_8-5,0.000283,0.000000,0.000000,0.002495
Q_ind_205_anc_8-5,0.000665,0.000000,0.000000,0.008459
Q_ind_206_anc_8-5,0.000352,0.000000,0.000000,0.003594
Q_ind_207_anc_8-5,0.001079,0.000000,0.000000,0.011687
Q_ind_208_anc_8-5,0.012211,0.000000,0.000000,0.138396
Q_ind_209_anc_8-5,0.000543,0.000000,0.000000,0.006041
Q_ind_210_anc_8-5,0.000297,0.000000,0.000000,0.002204
Q_ind_211_anc_8-5,0.000678,0.000000,0.000000,0.006857
Q_ind_212_anc_8-5,0.017703,0.000000,0.000000,0.119627
Q_ind_213_anc_8-5,0.000245,0.000000,0.000000,0.003188
Q_ind_214_anc_8-5,0.001536,0.000000,0.000000,0.018898
Q_ind_215_anc_8-5,0.001553,0.000000,0.000000,0.019697
Q_ind_216_anc_8-5,0.004096,0.000000,0.000000,0.061192
Q_ind_217_anc_8-5,0.000168,0.000000,0.000000,0.001544
Q_ind_218_anc_8-5,0.000130,0.000000,0.000000,0.001345
Q_ind_219_anc_8-5,0.000696,0.000000,0.000000,0.009539
Q_ind_220_anc_8-5,0.003333,0.000000,0.000000,0.038670
Q_ind_221_anc_8-5,0.000382,0.000000,0.000000,0.003683
Q_ind_222_anc_8-5,0.000296,0.000000,0.000000,0.002706
Q_ind_223_anc_8-5,0.000419,0.000000,0.000000,0.005035
Q_ind_224_anc_8-5,0.001324,0.000000,0.000000,0.017068
Q_ind_225_anc_8-5,0.023809,0.000000,0.000000,0.120882
Q_ind_226_anc_8-5,0.000269,0.000000,0.000000,0.003396
Q_ind_227_anc_8-5,0.001187,0.000000,0.000000,0.016720
Q_ind_228_anc_8-5,0.001457,0.000000,0.000000,0.025744
Q_ind_229_anc_8-5,0.014191,0.000000,0.000000,0.115339
Q_ind_230_anc_8-5,0.000781,0.000000,0.000000,0.009291
Q_ind_231_anc_8-5,0.017338,0.000000,0.000000,0.158573
Q_ind_232_anc_8-5,0.000313,0.000000,0.000000,0.003032
Q_ind_233_anc_8-5,0.002327,0.000000,0.000000,0.028933
Q_ind_234_anc_8-5,0.000110,0.000000,0.000000,0.001316
Q_ind_235_anc_8-5,0.000334,0.000000,0.000000,0.004193
Q_ind_236_anc_8-5,0.000082,0.000000,0.000000,0.000848
Q_ind_237_anc_8-5,0.000067,0.000000,0.000000,0.000620
Q_ind_238_anc_8-5,0.000127,0.000000,0.000000,0.001189
Q_ind_239_anc_8-5,0.000146,0.000000,0.000000,0.001501
Q_ind_240_anc_8-5,0.000105,0.000000,0.000000,0.000839
Q_ind_241_anc_8-5,0.000174,0.000000,0.000000,0.001761
Q_ind_242_anc_8-5,0.000387,0.000000,0.000000,0.005541
Q_ind_243_anc_8-5,0.000104,0.000000,0.000000,0.001283
Q_ind_244_anc_8-5,0.000263,0.000000,0.000000,0.003239
Q_ind_245_anc_8-5,0.000169,0.000000,0.000000,0.001824
Q_ind_1_anc_8-6,0.000329,0.000000,0.000000,0.003460
Q_ind_2_anc_8-6,0.000410,0.000000,0.000000,0.004233
Q_ind_3_anc_8-6,0.000362,0.000000,0.000000,0.004662
Q_ind_4_anc_8-6,0.001622,0.000000,0.000000,0.021037
Q_ind_5_anc_8-6,0.000161,0.000000,0.000000,0.001538
Q_ind_6_anc_8-6,0.000236,0.000000,0.000000,0.001890
Q_ind_7_anc_8-6,0.000190,0.000000,0.000000,0.002117
Q_ind_8_anc_8-6,0.000501,0.000000,0.000000,0.006127
Q_ind_9_anc_8-6,0.000432,0.000000,0.000000,0.003740
Q_ind_10_anc_8-6,0.000173,0.000000,0.000000,0.001740
Q_ind_11_anc_8-6,0.000315,0.000000,0.000000,0.003260
Q_ind_12_anc_8-6,0.000911,0.000000,0.000000,0.014087
Q_ind_13_anc_8-6,0.000507,0.000000,0.000000,0.006757
Q_ind_14_anc_8-6,0.021024,0.000000,0.000000,0.113029
Q_ind_15_anc_8-6,0.011300,0.000000,0.000000,0.091955
Q_ind_16_anc_8-6,0.004588,0.000000,0.000000,0.046300
Q_ind_17_anc_8-6,0.001234,0.000000,0.000000,0.016812
Q_ind_18_anc_8-6,0.002132,0.000000,0.000000,0.032253
Q_ind_19_anc_8-6,0.010224,0.000000,0.000000,0.071801
Q_ind_20_anc_8-6,0.015831,0.000000,0.000000,0.080303
Q_ind_21_anc_8-6,0.000415,0.000000,0.000000,0.004260
Q_ind_22_anc_8-6,0.001781,0.000000,0.000000,0.023264
Q_ind_23_anc_8-6,0.000533,0.000000,0.000000,0.008035
Q_ind_24_anc_8-6,0.005690,0.000000,0.000000,0.078522
Q_ind_25_anc_8-6,0.000184,0.000000,0.000000,0.001308
Q_ind_26_anc_8-6,0.000782,0.000000,0.000000,0.012512
Q_ind_27_anc_8-6,0.003976,0.000000,0.000000,0.045112
Q_ind_28_anc_8-6,0.001281,0.000000,0.000000,0.017738
Q_ind_29_anc_8-6,0.001234,0.000000,0.000000,0.017243
Q_ind_30_anc_8-6,0.000390,0.000000,0.000000,0.003471
Q_ind_31_anc_8-6,0.000273,0.000000,0.000000,0.003327
Q_ind_32_anc_8-6,0.000172,0.000000,0.000000,0.002116
Q_ind_33_anc_8-6,0.000239,0.000000,0.000000,0.002477
Q_ind_34_anc_8-6,0.000158,0.000000,0.000000,0.001492
Q_ind_35_anc_8-6,0.000079,0.000000,0.000000,0.000708
Q_ind_36_anc_8-6,0.000109,0.000000,0.000000,0.001187
Q_ind_37_anc_8-6,0.000237,0.000000,0.000000,0.002082
Q_ind_38_anc_8-6,0.000088,0.000000,0.000000,0.000776
Q_ind_39_anc_8-6,0.000285,0.000000,0.000000,0.003167
Q_ind_40_anc_8-6,0.004596,0.000000,0.000000,0.053965
Q_ind_41_anc_8-6,0.000385,0.000000,0.000000,0.005780
Q_ind_42_anc_8-6,0.000658,0.000000,0.000000,0.007747
Q_ind_43_anc_8-6,0.000160,0.000000,0.000000,0.001904
Q_ind_44_anc_8-6,0.000416,0.000000,0.000000,0.005457
Q_ind_45_anc_8-6,0.000265,0.000000,0.000000,0.002768
Q_ind_46_anc_8-6,0.000094,0.000000,0.000000,0.000955
Q_ind_47_anc_8-6,0.002410,0.000000,0.000000,0.030410
Q_ind_48_anc_8-6,0.000772,0.000000,0.000000,0.010382
Q_ind_49_anc_8-6,0.000180,0.000000,0.000000,0.001972
Q_ind_50_anc_8-6,0.000088,0.000000,0.000000,0.000852
Q_ind_51_anc_8-6,0.001031,0.000000,0.000000,0.015181
Q_ind_52_anc_8-6,0.000347,0.000000,0.000000,0.004668
Q_ind_53_anc_8-6,0.000432,0.000000,0.000000,0.005542
Q_ind_54_anc_8-6,0.000370,0.000000,0.000000,0.004112
Q_ind_55_anc_8-6,0.000466,0.000000,0.000000,0.004995
Q_ind_56_anc_8-6,0.001211,0.000000,0.000000,0.017697
Q_ind_57_anc_8-6,0.117260,0.162484,0.000000,0.259217
Q_ind_58_anc_8-6,0.000151,0.000000,0.000000,0.001480
Q_ind_59_anc_8-6,0.004449,0.000000,0.000000,0.053408
Q_ind_60_anc_8-6,0.000206,0.000000,0.000000,0.002665
Q_ind_61_anc_8-6,0.001321,0.000000,0.000000,0.019106
Q_ind_62_anc_8-6,0.000340,0.000000,0.000000,0.004698
Q_ind_63_anc_8-6,0.000059,0.000000,0.000000,0.000611
Q_ind_64_anc_8-6,0.000066,0.000000,0.000000,0.000706
Q_ind_65_anc_8-6,0.000056,0.000000,0.000000,0.000601
Q_ind_66_anc_8-6,0.000072,0.000000,0.000000,0.000754
Q_ind_67_anc_8-6,0.000132,0.000000,0.000000,0.001311
Q_ind_68_anc_8-6,0.000400,0.000000,0.000000,0.005130
Q_ind_69_anc_8-6,0.104959,0.103579,0.042342,0.173687
Q_ind_70_anc_8-6,0.001817,0.000000,0.000000,0.023070
Q_ind_71_anc_8-6,0.000406,0.000000,0.000000,0.005523
Q_ind_72_anc_8-6,0.000475,0.000000,0.000000,0.004333
Q_ind_73_anc_8-6,0.000859,0.000000,0.000000,0.012881
Q_ind_74_anc_8-6,0.092455,0.092544,0.000058,0.161310
Q_ind_75_anc_8-6,0.097198,0.096373,0.041803,0.159070
Q_ind_76_anc_8-6,0.000580,0.000000,0.000000,0.006630
Q_ind_77_anc_8-6,0.000286,0.000000,0.000000,0.002363
Q_ind_78_anc_8-6,0.000403,0.000000,0.000000,0.003586
Q_ind_79_anc_8-6,0.000211,0.000000,0.000000,0.002086
Q_ind_80_anc_8-6,0.000147,0.000000,0.000000,0.001546
Q_ind_81_anc_8-6,0.000199,0.000000,0.000000,0.001891
Q_ind_82_anc_8-6,0.000500,0.000000,0.000000,0.005324
Q_ind_83_anc_8-6,0.000969,0.000000,0.000000,0.011189
Q_ind_84_anc_8-6,0.000824,0.000000,0.000000,0.010110
Q_ind_85_anc_8-6,0.000299,0.000000,0.000000,0.003260
Q_ind_86_anc_8-6,0.003136,0.000000,0.000000,0.045386
Q_ind_87_anc_8-6,0.000132,0.000000,0.000000,0.000994
Q_ind_88_anc_8-6,0.001838,0.000000,0.000000,0.028377
Q_ind_89_anc_8-6,0.000283,0.000000,0.000000,0.003214
Q_ind_90_anc_8-6,0.001730,0.000000,0.000000,0.020331
Q_ind_91_anc_8-6,0.004123,0.000000,0.000000,0.049656
Q_ind_92_anc_8-6,0.006438,0.000000,0.000000,0.065265
Q_ind_93_anc_8-6,0.001407,0.000000,0.000000,0.022349
Q_ind_94_anc_8-6,0.214039,0.213970,0.143235,0.288619
Q_ind_95_anc_8-6,0.001324,0.000000,0.000000,0.015296
Q_ind_96_anc_8-6,0.001276,0.000000,0.000000,0.016714
Q_ind_97_anc_8-6,0.000746,0.000000,0.000000,0.010798
Q_ind_98_anc_8-6,0.000162,0.000000,0.000000,0.002022
Q_ind_99_anc_8-6,0.000842,0.000000,0.000000,0.010108
Q_ind_100_anc_8-6,0.000322,0.000000,0.000000,0.003795
Q_ind_101_anc_8-6,0.000131,0.000000,0.000000,0.001384
Q_ind_102_anc_8-6,0.000123,0.000000,0.000000,0.001260
Q_ind_103_anc_8-6,0.000265,0.000000,0.000000,0.002947
Q_ind_104_anc_8-6,0.000098,0.000000,0.000000,0.001160
Q_ind_105_anc_8-6,0.034670,0.032749,0.000000,0.095741
Q_ind_106_anc_8-6,0.001994,0.000000,0.000000,0.024785
Q_ind_107_anc_8-6,0.000498,0.000000,0.000000,0.004915
Q_ind_108_anc_8-6,0.000540,0.000000,0.000000,0.007473
Q_ind_109_anc_8-6,0.000307,0.000000,0.000000,0.002765
Q_ind_110_anc_8-6,0.000210,0.000000,0.000000,0.001766
Q_ind_111_anc_8-6,0.000225,0.000000,0.000000,0.001839
Q_ind_112_anc_8-6,0.000552,0.000000,0.000000,0.005207
Q_ind_113_anc_8-6,0.001517,0.000000,0.000000,0.023628
Q_ind_114_anc_8-6,0.000598,0.000000,0.000000,0.007970
Q_ind_115_anc_8-6,0.012581,0.000000,0.000000,0.060473
Q_ind_116_anc_8-6,0.000179,0.000000,0.000000,0.001562
Q_ind_117_anc_8-6,0.000768,0.000000,0.000000,0.012130
Q_ind_118_anc_8-6,0.000427,0.000000,0.000000,0.005855
Q_ind_119_anc_8-6,0.000489,0.000000,0.000000,0.006704
Q_ind_120_anc_8-6,0.000292,0.000000,0.000000,0.004305
Q_ind_121_anc_8-6,0.000955,0.000000,0.000000,0.014300
Q_ind_122_anc_8-6,0.000318,0.000000,0.000000,0.004607
Q_ind_123_anc_8-6,0.000690,0.000000,0.000000,0.009109
Q_ind_124_anc_8-6,0.002193,0.000000,0.000000,0.031959
Q_ind_125_anc_8-6,0.000553,0.000000,0.000000,0.007177
Q_ind_126_anc_8-6,0.000647,0.000000,0.000000,0.009148
Q_ind_127_anc_8-6,0.000270,0.000000,0.000000,0.003484
Q_ind_128_anc_8-6,0.000286,0.000000,0.000000,0.002616
Q_ind_129_anc_8-6,0.000627,0.000000,0.000000,0.005391
Q_ind_130_anc_8-6,0.001192,0.000000,0.000000,0.016732
Q_ind_131_anc_8-6,0.000114,0.000000,0.000000,0.001076
Q_ind_132_anc_8-6,0.000186,0.000000,0.000000,0.001717
Q_ind_133_anc_8-6,0.000556,0.000000,0.000000,0.007210
Q_ind_134_anc_8-6,0.000599,0.000000,0.000000,0.008762
Q_ind_135_anc_8-6,0.000397,0.000000,0.000000,0.004500
Q_ind_136_anc_8-6,0.000323,0.000000,0.000000,0.003970
Q_ind_137_anc_8-6,0.000252,0.000000,0.000000,0.002324
Q_ind_138_anc_8-6,0.000252,0.000000,0.000000,0.002862
Q_ind_139_anc_8-6,0.000469,0.000000,0.000000,0.006707
Q_ind_140_anc_8-6,0.000242,0.000000,0.000000,0.002444
Q_ind_141_anc_8-6,0.000152,0.000000,0.000000,0.001647
Q_ind_142_anc_8-6,0.000638,0.000000,0.000000,0.009296
Q_ind_143_anc_8-6,0.000377,0.000000,0.000000,0.003173
Q_ind_144_anc_8-6,0.000152,0.000000,0.000000,0.002035
Q_ind_145_anc_8-6,0.000066,0.000000,0.000000,0.000709
Q_ind_146_anc_8-6,0.000259,0.000000,0.000000,0.002912
Q_ind_147_anc_8-6,0.000125,0.000000,0.000000,0.001290
Q_ind_148_anc_8-6,0.000337,0.000000,0.000000,0.004578
Q_ind_149_anc_8-6,0.011285,0.000000,0.000000,0.071039
Q_ind_150_anc_8-6,0.000095,0.000000,0.000000,0.001201
Q_ind_151_anc_8-6,0.000558,0.000000,0.000000,0.006578
Q_ind_152_anc_8-6,0.000067,0.000000,0.000000,0.000703
Q_ind_153_anc_8-6,0.000073,0.000000,0.000000,0.000551
Q_ind_154_anc_8-6,0.000141,0.000000,0.000000,0.001757
Q_ind_155_anc_8-6,0.004507,0.000000,0.000000,0.047103
Q_ind_156_anc_8-6,0.000210,0.000000,0.000000,0.002309
Q_ind_157_anc_8-6,0.000211,0.000000,0.000000,0.002025
Q_ind_158_anc_8-6,0.000189,0.000000,0.000000,0.001967
Q_ind_159_anc_8-6,0.000105,0.000000,0.000000,0.000798
Q_ind_160_anc_8-6,0.000219,0.000000,0.000000,0.002389
Q_ind_161_anc_8-6,0.000507,0.000000,0.000000,0.005880
Q_ind_162_anc_8-6,0.000176,0.000000,0.000000,0.001446
Q_ind_163_anc_8-6,0.000184,0.000000,0.000000,0.001670
Q_ind_164_anc_8-6,0.000225,0.000000,0.000000,0.002651
Q_ind_165_anc_8-6,0.000780,0.000000,0.000000,0.011286
Q_ind_166_anc_8-6,0.000139,0.000000,0.000000,0.001127
Q_ind_167_anc_8-6,0.000177,0.000000,0.000000,0.001788
Q_ind_168_anc_8-6,0.002242,0.000000,0.000000,0.035988
Q_ind_169_anc_8-6,0.004402,0.000000,0.000000,0.054136
Q_ind_170_anc_8-6,0.000319,0.000000,0.000000,0.003717
Q_ind_171_anc_8-6,0.001211,0.000000,0.000000,0.017132
Q_ind_172_anc_8-6,0.000117,0.000000,0.000000,0.001136
Q_ind_173_anc_8-6,0.000175,0.000000,0.000000,0.002067
Q_ind_174_anc_8-6,0.000189,0.000000,0.000000,0.001696
Q_ind_175_anc_8-6,0.000654,0.000000,0.000000,0.009634
Q_ind_176_anc_8-6,0.048903,0.053078,0.000000,0.128836
Q_ind_177_anc_8-6,0.000230,0.000000,0.000000,0.002802
Q_ind_178_anc_8-6,0.000298,0.000000,0.000000,0.002554
Q_ind_179_anc_8-6,0.000191,0.000000,0.000000,0.002120
Q_ind_180_anc_8-6,0.000211,0.000000,0.000000,0.002576
Q_ind_181_anc_8-6,0.004483,0.000000,0.000000,0.049620
Q_ind_182_anc_8-6,0.000212,0.000000,0.000000,0.002543
Q_ind_183_anc_8-6,0.000536,0.000000,0.000000,0.005472
Q_ind_184_anc_8-6,0.001914,0.000000,0.000000,0.025302
Q_ind_185_anc_8-6,0.000342,0.000000,0.000000,0.004410
Q_ind_186_anc_8-6,0.000203,0.000000,0.000000,0.002292
Q_ind_187_anc_8-6,0.000096,0.000000,0.000000,0.001163
Q_ind_188_anc_8-6,0.000116,0.000000,0.000000,0.001533
Q_ind_189_anc_8-6,0.000152,0.000000,0.000000,0.001680
Q_ind_190_anc_8-6,0.000325,0.000000,0.000000,0.003099
Q_ind_191_anc_8-6,0.000176,0.000000,0.000000,0.001551
Q_ind_192_anc_8-6,0.000156,0.000000,0.000000,0.001469
Q_ind_193_anc_8-6,0.000269,0.000000,0.000000,0.003428
Q_ind_194_anc_8-6,0.000028,0.000000,0.000000,0.000269
Q_ind_195_anc_8-6,0.000312,0.000000,0.000000,0.004031
Q_ind_196_anc_8-6,0.000033,0.000000,0.000000,0.000320
Q_ind_197_anc_8-6,0.000034,0.000000,0.000000,0.000320
Q_ind_198_anc_8-6,0.000042,0.000000,0.000000,0.000434
Q_ind_199_anc_8-6,0.000132,0.000000,0.000000,0.001443
Q_ind_200_anc_8-6,0.000068,0.000000,0.000000,0.000782
Q_ind_201_anc_8-6,0.002982,0.000000,0.000000,0.038563
Q_ind_202_anc_8-6,0.000106,0.000000,0.000000,0.001314
Q_ind_203_anc_8-6,0.000525,0.000000,0.000000,0.005960
Q_ind_204_anc_8-6,0.000249,0.000000,0.000000,0.002704
Q_ind_205_anc_8-6,0.000228,0.000000,0.000000,0.002354
Q_ind_206_anc_8-6,0.000440,0.000000,0.000000,0.005009
Q_ind_207_anc_8-6,0.000825,0.000000,0.000000,0.011537
Q_ind_208_anc_8-6,0.025194,0.000000,0.000000,0.158829
Q_ind_209_anc_8-6,0.000339,0.000000,0.000000,0.003792
Q_ind_210_anc_8-6,0.000504,0.000000,0.000000,0.004427
Q_ind_211_anc_8-6,0.000913,0.000000,0.000000,0.012168
Q_ind_212_anc_8-6,0.015937,0.000000,0.000000,0.126349
Q_ind_213_anc_8-6,0.001571,0.000000,0.000000,0.022303
Q_ind_214_anc_8-6,0.000779,0.000000,0.000000,0.011883
Q_ind_215_anc_8-6,0.009948,0.000000,0.000000,0.062593
Q_ind_216_anc_8-6,0.012887,0.000000,0.000000,0.083885
Q_ind_217_anc_8-6,0.000176,0.000000,0.000000,0.002084
Q_ind_218_anc_8-6,0.000757,0.000000,0.000000,0.011253
Q_ind_219_anc_8-6,0.006463,0.000000,0.000000,0.056774
Q_ind_220_anc_8-6,0.006591,0.000000,0.000000,0.056843
Q_ind_221_anc_8-6,0.000602,0.000000,0.000000,0.006997
Q_ind_222_anc_8-6,0.002613,0.000000,0.000000,0.031958
Q_ind_223_anc_8-6,0.000462,0.000000,0.000000,0.004620
Q_ind_224_anc_8-6,0.000303,0.000000,0.000000,0.003650
Q_ind_225_anc_8-6,0.004617,0.000000,0.000000,0.067111
Q_ind_226_anc_8-6,0.001107,0.000000,0.000000,0.012080
Q_ind_227_anc_8-6,0.000926,0.000000,0.000000,0.009030
Q_ind_228_anc_8-6,0.001383,0.000000,0.000000,0.021081
Q_ind_229_anc_8-6,0.004292,0.000000,0.000000,0.057551
Q_ind_230_anc_8-6,0.000219,0.000000,0.000000,0.002642
Q_ind_231_anc_8-6,0.000319,0.000000,0.000000,0.003626
Q_ind_232_anc_8-6,0.000684,0.000000,0.000000,0.010859
Q_ind_233_anc_8-6,0.000459,0.000000,0.000000,0.005665
Q_ind_234_anc_8-6,0.000490,0.000000,0.000000,0.005849
Q_ind_235_anc_8-6,0.000233,0.000000,0.000000,0.002936
Q_ind_236_anc_8-6,0.000120,0.000000,0.000000,0.001270
Q_ind_237_anc_8-6,0.000157,0.000000,0.000000,0.001620
Q_ind_238_anc_8-6,0.000990,0.000000,0.000000,0.015142
Q_ind_239_anc_8-6,0.000739,0.000000,0.000000,0.009821
Q_ind_240_anc_8-6,0.000296,0.000000,0.000000,0.002854
Q_ind_241_anc_8-6,0.056991,0.055615,0.018993,0.103736
Q_ind_242_anc_8-6,0.003006,0.000000,0.000000,0.029286
Q_ind_243_anc_8-6,0.018838,0.000000,0.000000,0.099758
Q_ind_244_anc_8-6,0.000379,0.000000,0.000000,0.004982
Q_ind_245_anc_8-6,0.000944,0.000000,0.000000,0.011420
Q_ind_1_anc_8-7,0.000236,0.000000,0.000000,0.002461
Q_ind_2_anc_8-7,0.000775,0.000000,0.000000,0.009415
Q_ind_3_anc_8-7,0.000437,0.000000,0.000000,0.005359
Q_ind_4_anc_8-7,0.000488,0.000000,0.000000,0.005535
Q_ind_5_anc_8-7,0.000275,0.000000,0.000000,0.002979
Q_ind_6_anc_8-7,0.001778,0.000000,0.000000,0.025581
Q_ind_7_anc_8-7,0.000166,0.000000,0.000000,0.001631
Q_ind_8_anc_8-7,0.000511,0.000000,0.000000,0.006547
Q_ind_9_anc_8-7,0.000559,0.000000,0.000000,0.004682
Q_ind_10_anc_8-7,0.000184,0.000000,0.000000,0.002157
Q_ind_11_anc_8-7,0.003471,0.000000,0.000000,0.040252
Q_ind_12_anc_8-7,0.000402,0.000000,0.000000,0.005630
Q_ind_13_anc_8-7,0.001254,0.000000,0.000000,0.018365
Q_ind_14_anc_8-7,0.021771,0.000000,0.000000,0.132322
Q_ind_15_anc_8-7,0.025519,0.000000,0.000000,0.109546
Q_ind_16_anc_8-7,0.052006,0.059118,0.000000,0.126058
Q_ind_17_anc_8-7,0.019246,0.000000,0.000000,0.091753
Q_ind_18_anc_8-7,0.001333,0.000000,0.000000,0.017780
Q_ind_19_anc_8-7,0.010332,0.000000,0.000000,0.087491
Q_ind_20_anc_8-7,0.004124,0.000000,0.000000,0.061829
Q_ind_21_anc_8-7,0.000268,0.000000,0.000000,0.002918
Q_ind_22_anc_8-7,0.000868,0.000000,0.000000,0.012647
Q_ind_23_anc_8-7,0.001276,0.000000,0.000000,0.018907
Q_ind_24_anc_8-7,0.000451,0.000000,0.000000,0.005257
Q_ind_25_anc_8-7,0.000239,0.000000,0.000000,0.002424
Q_ind_26_anc_8-7,0.000377,0.000000,0.000000,0.003212
Q_ind_27_anc_8-7,0.000245,0.000000,0.000000,0.002936
Q_ind_28_anc_8-7,0.000235,0.000000,0.000000,0.003275
Q_ind_29_anc_8-7,0.006303,0.000000,0.000000,0.059207
Q_ind_30_anc_8-7,0.000219,0.000000,0.000000,0.002322
Q_ind_31_anc_8-7,0.000089,0.000000,0.000000,0.000754
Q_ind_32_anc_8-7,0.000294,0.000000,0.000000,0.003445
Q_ind_33_anc_8-7,0.000203,0.000000,0.000000,0.002756
Q_ind_34_anc_8-7,0.000113,0.000000,0.000000,0.001389
Q_ind_35_anc_8-7,0.000124,0.000000,0.000000,0.001108
Q_ind_36_anc_8-7,0.000089,0.000000,0.000000,0.000923
Q_ind_37_anc_8-7,0.000139,0.000000,0.000000,0.001201
Q_ind_38_anc_8-7,0.000085,0.000000,0.000000,0.000869
Q_ind_39_anc_8-7,0.000400,0.000000,0.000000,0.004555
Q_ind_40_anc_8-7,0.000802,0.000000,0.000000,0.011115
Q_ind_41_anc_8-7,0.000371,0.000000,0.000000,0.005175
Q_ind_42_anc_8-7,0.000290,0.000000,0.000000,0.002833
Q_ind_43_anc_8-7,0.000685,0.000000,0.000000,0.009276
Q_ind_44_anc_8-7,0.001111,0.000000,0.000000,0.014785
Q_ind_45_anc_8-7,0.000888,0.000000,0.000000,0.011468
Q_ind_46_anc_8-7,0.000168,0.000000,0.000000,0.001906
Q_ind_47_anc_8-7,0.002640,0.000000,0.000000,0.033565
Q_ind_48_anc_8-7,0.001348,0.000000,0.000000,0.020949
Q_ind_49_anc_8-7,0.000105,0.000000,0.000000,0.000932
Q_ind_50_anc_8-7,0.000202,0.000000,0.000000,0.002171
Q_ind_51_anc_8-7,0.002280,0.000000,0.000000,0.025791
Q_ind_52_anc_8-7,0.000662,0.000000,0.000000,0.008943
Q_ind_53_anc_8-7,0.000387,0.000000,0.000000,0.005497
Q_ind_54_anc_8-7,0.000148,0.000000,0.000000,0.001575
Q_ind_55_anc_8-7,0.000272,0.000000,0.000000,0.002633
Q_ind_56_anc_8-7,0.000208,0.000000,0.000000,0.002007
Q_ind_57_anc_8-7,0.082754,0.001276,0.000000,0.221100
Q_ind_58_anc_8-7,0.000347,0.000000,0.000000,0.003870
Q_ind_59_anc_8-7,0.001536,0.000000,0.000000,0.023966
Q_ind_60_anc_8-7,0.000449,0.000000,0.000000,0.006006
Q_ind_61_anc_8-7,0.000690,0.000000,0.000000,0.009163
Q_ind_62_anc_8-7,0.000620,0.000000,0.000000,0.009255
Q_ind_63_anc_8-7,0.000098,0.000000,0.000000,0.001054
Q_ind_64_anc_8-7,0.000071,0.000000,0.000000,0.000854
Q_ind_65_anc_8-7,0.000097,0.000000,0.000000,0.000929
Q_ind_66_anc_8-7,0.000080,0.000000,0.000000,0.000784
Q_ind_67_anc_8-7,0.000072,0.000000,0.000000,0.000749
Q_ind_68_anc_8-7,0.000097,0.000000,0.000000,0.000756
Q_ind_69_anc_8-7,0.000137,0.000000,0.000000,0.001413
Q_ind_70_anc_8-7,0.000159,0.000000,0.000000,0.001860
Q_ind_71_anc_8-7,0.000120,0.000000,0.000000,0.001445
Q_ind_72_anc_8-7,0.000242,0.000000,0.000000,0.003158
Q_ind_73_anc_8-7,0.000264,0.000000,0.000000,0.003392
Q_ind_74_anc_8-7,0.000198,0.000000,0.000000,0.001402
Q_ind_75_anc_8-7,0.000330,0.000000,0.000000,0.003216
Q_ind_76_anc_8-7,0.000191,0.000000,0.000000,0.002182
Q_ind_77_anc_8-7,0.000211,0.000000,0.000000,0.002716
Q_ind_78_anc_8-7,0.000320,0.000000,0.000000,0.003461
Q_ind_79_anc_8-7,0.000552,0.000000,0.000000,0.005745
Q_ind_80_anc_8-7,0.000748,0.000000,0.000000,0.006211
Q_ind_81_anc_8-7,0.000361,0.000000,0.000000,0.003510
Q_ind_82_anc_8-7,0.000717,0.000000,0.000000,0.008726
Q_ind_83_anc_8-7,0.000517,0.000000,0.000000,0.007634
Q_ind_84_anc_8-7,0.000566,0.000000,0.000000,0.006432
Q_ind_85_anc_8-7,0.001429,0.000000,0.000000,0.022447
Q_ind_86_anc_8-7,0.000555,0.000000,0.000000,0.007113
Q_ind_87_anc_8-7,0.001728,0.000000,0.000000,0.025912
Q_ind_88_anc_8-7,0.000948,0.000000,0.000000,0.010787
Q_ind_89_anc_8-7,0.000633,0.000000,0.000000,0.006613
Q_ind_90_anc_8-7,0.141283,0.144125,0.000000,0.300581
Q_ind_91_anc_8-7,0.002922,0.000000,0.000000,0.037642
Q_ind_92_anc_8-7,0.072759,0.062519,0.000000,0.218124
Q_ind_93_anc_8-7,0.001831,0.000000,0.000000,0.027500
Q_ind_94_anc_8-7,0.003975,0.000000,0.000000,0.058405
Q_ind_95_anc_8-7,0.008819,0.000000,0.000000,0.109892
Q_ind_96_anc_8-7,0.000713,0.000000,0.000000,0.010892
Q_ind_97_anc_8-7,0.000466,0.000000,0.000000,0.006856
Q_ind_98_anc_8-7,0.000127,0.000000,0.000000,0.001043
Q_ind_99_anc_8-7,0.177772,0.177993,0.121656,0.231902
Q_ind_100_anc_8-7,0.000650,0.000000,0.000000,0.008479
Q_ind_101_anc_8-7,0.000325,0.000000,0.000000,0.003377
Q_ind_102_anc_8-7,0.000301,0.000000,0.000000,0.004005
Q_ind_103_anc_8-7,0.000241,0.000000,0.000000,0.002517
Q_ind_104_anc_8-7,0.000163,0.000000,0.000000,0.002146
Q_ind_105_anc_8-7,0.042947,0.045274,0.000000,0.117807
Q_ind_106_anc_8-7,0.002273,0.000000,0.000000,0.028611
Q_ind_107_anc_8-7,0.000170,0.000000,0.000000,0.001525
Q_ind_108_anc_8-7,0.000196,0.000000,0.000000,0.002240
Q_ind_109_anc_8-7,0.000285,0.000000,0.000000,0.003226
Q_ind_110_anc_8-7,0.000124,0.000000,0.000000,0.001295
Q_ind_111_anc_8-7,0.000158,0.000000,0.000000,0.001559
Q_ind_112_anc_8-7,0.000278,0.000000,0.000000,0.002995
Q_ind_113_anc_8-7,0.000454,0.000000,0.000000,0.005874
Q_ind_114_anc_8-7,0.000439,0.000000,0.000000,0.004404
Q_ind_115_anc_8-7,0.000563,0.000000,0.000000,0.005137
Q_ind_116_anc_8-7,0.000125,0.000000,0.000000,0.001305
Q_ind_117_anc_8-7,0.000336,0.000000,0.000000,0.003816
Q_ind_118_anc_8-7,0.000215,0.000000,0.000000,0.002550
Q_ind_119_anc_8-7,0.001803,0.000000,0.000000,0.026288
Q_ind_120_anc_8-7,0.000254,0.000000,0.000000,0.002395
Q_ind_121_anc_8-7,0.001344,0.000000,0.000000,0.018514
Q_ind_122_anc_8-7,0.000507,0.000000,0.000000,0.006353
Q_ind_123_anc_8-7,0.000533,0.000000,0.000000,0.007293
Q_ind_124_anc_8-7,0.059043,0.064834,0.000000,0.122138
Q_ind_125_anc_8-7,0.000180,0.000000,0.000000,0.001799
Q_ind_126_anc_8-7,0.000519,0.000000,0.000000,0.005643
Q_ind_127_anc_8-7,0.000541,0.000000,0.000000,0.007163
Q_ind_128_anc_8-7,0.000903,0.000000,0.000000,0.013292
Q_ind_129_anc_8-7,0.000685,0.000000,0.000000,0.006468
Q_ind_130_anc_8-7,0.002240,0.000000,0.000000,0.033030
Q_ind_131_anc_8-7,0.000309,0.000000,0.000000,0.003680
Q_ind_132_anc_8-7,0.000141,0.000000,0.000000,0.001535
Q_ind_133_anc_8-7,0.000485,0.000000,0.000000,0.004670
Q_ind_134_anc_8-7,0.000127,0.000000,0.000000,0.001492
Q_ind_135_anc_8-7,0.000148,0.000000,0.000000,0.001259
Q_ind_136_anc_8-7,0.000203,0.000000,0.000000,0.002342
Q_ind_137_anc_8-7,0.000161,0.000000,0.000000,0.001335
Q_ind_138_anc_8-7,0.000093,0.000000,0.000000,0.001009
Q_ind_139_anc_8-7,0.000157,0.000000,0.000000,0.001574
Q_ind_140_anc_8-7,0.000108,0.000000,0.000000,0.001032
Q_ind_141_anc_8-7,0.000151,0.000000,0.000000,0.001532
Q_ind_142_anc_8-7,0.000225,0.000000,0.000000,0.002279
Q_ind_143_anc_8-7,0.000115,0.000000,0.000000,0.001120
Q_ind_144_anc_8-7,0.000067,0.000000,0.000000,0.000578
Q_ind_145_anc_8-7,0.000147,0.000000,0.000000,0.001230
Q_ind_146_anc_8-7,0.001466,0.000000,0.000000,0.018730
Q_ind_147_anc_8-7,0.000169,0.000000,0.000000,0.001849
Q_ind_148_anc_8-7,0.000582,0.000000,0.000000,0.007513
Q_ind_149_anc_8-7,0.110641,0.111621,0.055470,0.160387
Q_ind_150_anc_8-7,0.000271,0.000000,0.000000,0.003253
Q_ind_151_anc_8-7,0.000163,0.000000,0.000000,0.001111
Q_ind_152_anc_8-7,0.000193,0.000000,0.000000,0.002188
Q_ind_153_anc_8-7,0.000081,0.000000,0.000000,0.000909
Q_ind_154_anc_8-7,0.000302,0.000000,0.000000,0.003458
Q_ind_155_anc_8-7,0.000724,0.000000,0.000000,0.006591
Q_ind_156_anc_8-7,0.000221,0.000000,0.000000,0.002171
Q_ind_157_anc_8-7,0.001222,0.000000,0.000000,0.018239
Q_ind_158_anc_8-7,0.003029,0.000000,0.000000,0.048283
Q_ind_159_anc_8-7,0.000519,0.000000,0.000000,0.007035
Q_ind_160_anc_8-7,0.000338,0.000000,0.000000,0.003894
Q_ind_161_anc_8-7,0.000301,0.000000,0.000000,0.002805
Q_ind_162_anc_8-7,0.000394,0.000000,0.000000,0.005214
Q_ind_163_anc_8-7,0.000880,0.000000,0.000000,0.012825
Q_ind_164_anc_8-7,0.001407,0.000000,0.000000,0.020958
Q_ind_165_anc_8-7,0.000237,0.000000,0.000000,0.001860
Q_ind_166_anc_8-7,0.000172,0.000000,0.000000,0.002251
Q_ind_167_anc_8-7,0.000130,0.000000,0.000000,0.001395
Q_ind_168_anc_8-7,0.000165,0.000000,0.000000,0.001788
Q_ind_169_anc_8-7,0.000090,0.000000,0.000000,0.000928
Q_ind_170_anc_8-7,0.000182,0.000000,0.000000,0.001603
Q_ind_171_anc_8-7,0.000343,0.000000,0.000000,0.003146
Q_ind_172_anc_8-7,0.000080,0.000000,0.000000,0.001132
Q_ind_173_anc_8-7,0.000086,0.000000,0.000000,0.000965
Q_ind_174_anc_8-7,0.000112,0.000000,0.000000,0.001267
Q_ind_175_anc_8-7,0.000109,0.000000,0.000000,0.001299
Q_ind_176_anc_8-7,0.001644,0.000000,0.000000,0.022095
Q_ind_177_anc_8-7,0.000466,0.000000,0.000000,0.006435
Q_ind_178_anc_8-7,0.001586,0.000000,0.000000,0.027880
Q_ind_179_anc_8-7,0.000579,0.000000,0.000000,0.007752
Q_ind_180_anc_8-7,0.000988,0.000000,0.000000,0.012659
Q_ind_181_anc_8-7,0.000361,0.000000,0.000000,0.003336
Q_ind_182_anc_8-7,0.000896,0.000000,0.000000,0.013970
Q_ind_183_anc_8-7,0.001051,0.000000,0.000000,0.015479
Q_ind_184_anc_8-7,0.000586,0.000000,0.000000,0.007617
Q_ind_185_anc_8-7,0.000365,0.000000,0.000000,0.004026
Q_ind_186_anc_8-7,0.000116,0.000000,0.000000,0.001161
Q_ind_187_anc_8-7,0.000081,0.000000,0.000000,0.000806
Q_ind_188_anc_8-7,0.000078,0.000000,0.000000,0.000888
Q_ind_189_anc_8-7,0.000104,0.000000,0.000000,0.000717
Q_ind_190_anc_8-7,0.000170,0.000000,0.000000,0.001668
Q_ind_191_anc_8-7,0.000121,0.000000,0.000000,0.001173
Q_ind_192_anc_8-7,0.000115,0.000000,0.000000,0.001081
Q_ind_193_anc_8-7,0.000377,0.000000,0.000000,0.004945
Q_ind_194_anc_8-7,0.000024,0.000000,0.000000,0.000228
Q_ind_195_anc_8-7,0.000105,0.000000,0.000000,0.001090
Q_ind_196_anc_8-7,0.000051,0.000000,0.000000,0.000488
Q_ind_197_anc_8-7,0.000033,0.000000,0.000000,0.000311
Q_ind_198_anc_8-7,0.000032,0.000000,0.000000,0.000242
Q_ind_199_anc_8-7,0.000149,0.000000,0.000000,0.001739
Q_ind_200_anc_8-7,0.000061,0.000000,0.000000,0.000584
Q_ind_201_anc_8-7,0.000101,0.000000,0.000000,0.000930
Q_ind_202_anc_8-7,0.000185,0.000000,0.000000,0.002035
Q_ind_203_anc_8-7,0.000315,0.000000,0.000000,0.004175
Q_ind_204_anc_8-7,0.000444,0.000000,0.000000,0.005158
Q_ind_205_anc_8-7,0.000527,0.000000,0.000000,0.006685
Q_ind_206_anc_8-7,0.000252,0.000000,0.000000,0.002370
Q_ind_207_anc_8-7,0.000859,0.000000,0.000000,0.012506
Q_ind_208_anc_8-7,0.000397,0.000000,0.000000,0.004592
Q_ind_209_anc_8-7,0.000121,0.000000,0.000000,0.001213
Q_ind_210_anc_8-7,0.000175,0.000000,0.000000,0.002235
Q_ind_211_anc_8-7,0.000264,0.000000,0.000000,0.002252
Q_ind_212_anc_8-7,0.001892,0.000000,0.000000,0.025119
Q_ind_213_anc_8-7,0.000208,0.000000,0.000000,0.001846
Q_ind_214_anc_8-7,0.000220,0.000000,0.000000,0.001926
Q_ind_215_anc_8-7,0.000217,0.000000,0.000000,0.002415
Q_ind_216_anc_8-7,0.000582,0.000000,0.000000,0.008362
Q_ind_217_anc_8-7,0.000058,0.000000,0.000000,0.000512
Q_ind_218_anc_8-7,0.000315,0.000000,0.000000,0.002843
Q_ind_219_anc_8-7,0.000415,0.000000,0.000000,0.004543
Q_ind_220_anc_8-7,0.001722,0.000000,0.000000,0.027033
Q_ind_221_anc_8-7,0.001325,0.000000,0.000000,0.005280
Q_ind_222_anc_8-7,0.000227,0.000000,0.000000,0.001926
Q_ind_223_anc_8-7,0.000876,0.000000,0.000000,0.006026
Q_ind_224_anc_8-7,0.000392,0.000000,0.000000,0.004191
Q_ind_225_anc_8-7,0.005457,0.000000,0.000000,0.066839
Q_ind_226_anc_8-7,0.001802,0.000000,0.000000,0.029045
Q_ind_227_anc_8-7,0.001201,0.000000,0.000000,0.018241
Q_ind_228_anc_8-7,0.017526,0.000000,0.000000,0.107123
Q_ind_229_anc_8-7,0.001156,0.000000,0.000000,0.019124
Q_ind_230_anc_8-7,0.000542,0.000000,0.000000,0.008088
Q_ind_231_anc_8-7,0.000492,0.000000,0.000000,0.005417
Q_ind_232_anc_8-7,0.000505,0.000000,0.000000,0.005840
Q_ind_233_anc_8-7,0.012257,0.000000,0.000000,0.092778
Q_ind_234_anc_8-7,0.000665,0.000000,0.000000,0.009156
Q_ind_235_anc_8-7,0.000141,0.000000,0.000000,0.001649
Q_ind_236_anc_8-7,0.000136,0.000000,0.000000,0.001421
Q_ind_237_anc_8-7,0.000152,0.000000,0.000000,0.001602
Q_ind_238_anc_8-7,0.000126,0.000000,0.000000,0.001357
Q_ind_239_anc_8-7,0.000285,0.000000,0.000000,0.002775
Q_ind_240_anc_8-7,0.000090,0.000000,0.000000,0.000724
Q_ind_241_anc_8-7,0.000177,0.000000,0.000000,0.002033
Q_ind_242_anc_8-7,0.000416,0.000000,0.000000,0.005379
Q_ind_243_anc_8-7,0.000125,0.000000,0.000000,0.001545
Q_ind_244_anc_8-7,0.000269,0.000000,0.000000,0.003408
Q_ind_245_anc_8-7,0.000094,0.000000,0.000000,0.000809
Q_ind_1_anc_8-8,0.000088,0.000000,0.000000,0.000849
Q_ind_2_anc_8-8,0.000450,0.000000,0.000000,0.004082
Q_ind_3_anc_8-8,0.003731,0.000000,0.000000,0.038063
Q_ind_4_anc_8-8,0.001748,0.000000,0.000000,0.023507
Q_ind_5_anc_8-8,0.000061,0.000000,0.000000,0.000657
Q_ind_6_anc_8-8,0.000998,0.000000,0.000000,0.010890
Q_ind_7_anc_8-8,0.022447,0.021386,0.000456,0.050073
Q_ind_8_anc_8-8,0.000431,0.000000,0.000000,0.005235
Q_ind_9_anc_8-8,0.060122,0.064119,0.000000,0.107185
Q_ind_10_anc_8-8,0.000666,0.000000,0.000000,0.008761
Q_ind_11_anc_8-8,0.000320,0.000000,0.000000,0.004142
Q_ind_12_anc_8-8,0.001098,0.000000,0.000000,0.014897
Q_ind_13_anc_8-8,0.000161,0.000000,0.000000,0.001432
Q_ind_14_anc_8-8,0.000448,0.000000,0.000000,0.004934
Q_ind_15_anc_8-8,0.000115,0.000000,0.000000,0.001307
Q_ind_16_anc_8-8,0.000096,0.000000,0.000000,0.001073
Q_ind_17_anc_8-8,0.000379,0.000000,0.000000,0.003276
Q_ind_18_anc_8-8,0.000302,0.000000,0.000000,0.003898
Q_ind_19_anc_8-8,0.000152,0.000000,0.000000,0.001243
Q_ind_20_anc_8-8,0.000078,0.000000,0.000000,0.000674
Q_ind_21_anc_8-8,0.000172,0.000000,0.000000,0.002147
Q_ind_22_anc_8-8,0.000769,0.000000,0.000000,0.011993
Q_ind_23_anc_8-8,0.001794,0.000000,0.000000,0.017019
Q_ind_24_anc_8-8,0.000255,0.000000,0.000000,0.003120
Q_ind_25_anc_8-8,0.000167,0.000000,0.000000,0.001529
Q_ind_26_anc_8-8,0.000575,0.000000,0.000000,0.008121
Q_ind_27_anc_8-8,0.000183,0.000000,0.000000,0.002214
Q_ind_28_anc_8-8,0.000372,0.000000,0.000000,0.004380
Q_ind_29_anc_8-8,0.001190,0.000000,0.000000,0.016243
Q_ind_30_anc_8-8,0.000242,0.000000,0.000000,0.002574
Q_ind_31_anc_8-8,0.000049,0.000000,0.000000,0.000459
Q_ind_32_anc_8-8,0.000245,0.000000,0.000000,0.002674
Q_ind_33_anc_8-8,0.000089,0.000000,0.000000,0.000913
Q_ind_34_anc_8-8,0.000068,0.000000,0.000000,0.000747
Q_ind_35_anc_8-8,0.000112,0.000000,0.000000,0.001210
Q_ind_36_anc_8-8,0.000048,0.000000,0.000000,0.000564
Q_ind_37_anc_8-8,0.000118,0.000000,0.000000,0.001353
Q_ind_38_anc_8-8,0.000046,0.000000,0.000000,0.000423
Q_ind_39_anc_8-8,0.000045,0.000000,0.000000,0.000487
Q_ind_40_anc_8-8,0.000181,0.000000,0.000000,0.002246
Q_ind_41_anc_8-8,0.000119,0.000000,0.000000,0.001295
Q_ind_42_anc_8-8,0.000477,0.000000,0.000000,0.006884
Q_ind_43_anc_8-8,0.000707,0.000000,0.000000,0.008953
Q_ind_44_anc_8-8,0.000232,0.000000,0.000000,0.002692
Q_ind_45_anc_8-8,0.000404,0.000000,0.000000,0.005628
Q_ind_46_anc_8-8,0.000128,0.000000,0.000000,0.001257
Q_ind_47_anc_8-8,0.000411,0.000000,0.000000,0.006090
Q_ind_48_anc_8-8,0.002591,0.000000,0.000000,0.023718
Q_ind_49_anc_8-8,0.000177,0.000000,0.000000,0.001744
Q_ind_50_anc_8-8,0.000227,0.000000,0.000000,0.003054
Q_ind_51_anc_8-8,0.000577,0.000000,0.000000,0.007140
Q_ind_52_anc_8-8,0.000222,0.000000,0.000000,0.002778
Q_ind_53_anc_8-8,0.000495,0.000000,0.000000,0.006540
Q_ind_54_anc_8-8,0.000122,0.000000,0.000000,0.001356
Q_ind_55_anc_8-8,0.000137,0.000000,0.000000,0.001382
Q_ind_56_anc_8-8,0.001748,0.000000,0.000000,0.015398
Q_ind_57_anc_8-8,0.000074,0.000000,0.000000,0.000643
Q_ind_58_anc_8-8,0.000131,0.000000,0.000000,0.001344
Q_ind_59_anc_8-8,0.000996,0.000000,0.000000,0.014910
Q_ind_60_anc_8-8,0.000066,0.000000,0.000000,0.000642
Q_ind_61_anc_8-8,0.000197,0.000000,0.000000,0.001787
Q_ind_62_anc_8-8,0.000564,0.000000,0.000000,0.008013
Q_ind_63_anc_8-8,0.962611,0.963001,0.933443,0.990124
Q_ind_64_anc_8-8,0.984121,0.987287,0.954233,0.999761
Q_ind_65_anc_8-8,0.959696,0.960055,0.929191,0.989776
Q_ind_66_anc_8-8,0.951747,0.952200,0.924059,0.976157
Q_ind_67_anc_8-8,0.711418,0.711876,0.657963,0.759973
Q_ind_68_anc_8-8,0.000161,0.000000,0.000000,0.002040
Q_ind_69_anc_8-8,0.000081,0.000000,0.000000,0.000758
Q_ind_70_anc_8-8,0.000056,0.000000,0.000000,0.000569
Q_ind_71_anc_8-8,0.000148,0.000000,0.000000,0.001638
Q_ind_72_anc_8-8,0.000703,0.000000,0.000000,0.010127
Q_ind_73_anc_8-8,0.000132,0.000000,0.000000,0.001489
Q_ind_74_anc_8-8,0.000072,0.000000,0.000000,0.000754
Q_ind_75_anc_8-8,0.000066,0.000000,0.000000,0.000767
Q_ind_76_anc_8-8,0.000099,0.000000,0.000000,0.001232
Q_ind_77_anc_8-8,0.000197,0.000000,0.000000,0.002271
Q_ind_78_anc_8-8,0.001816,0.000000,0.000000,0.024967
Q_ind_79_anc_8-8,0.000098,0.000000,0.000000,0.001069
Q_ind_80_anc_8-8,0.000427,0.000000,0.000000,0.005704
Q_ind_81_anc_8-8,0.000184,0.000000,0.000000,0.001820
Q_ind_82_anc_8-8,0.002869,0.000000,0.000000,0.038873
Q_ind_83_anc_8-8,0.000500,0.000000,0.000000,0.004862
Q_ind_84_anc_8-8,0.000475,0.000000,0.000000,0.006088
Q_ind_85_anc_8-8,0.000230,0.000000,0.000000,0.001925
Q_ind_86_anc_8-8,0.000306,0.000000,0.000000,0.002967
Q_ind_87_anc_8-8,0.000289,0.000000,0.000000,0.003001
Q_ind_88_anc_8-8,0.262262,0.263743,0.180584,0.339127
Q_ind_89_anc_8-8,0.220951,0.225004,0.108479,0.290222
Q_ind_90_anc_8-8,0.237926,0.239527,0.156292,0.310393
Q_ind_91_anc_8-8,0.196895,0.197083,0.130145,0.265169
Q_ind_92_anc_8-8,0.260401,0.262193,0.169489,0.341387
Q_ind_93_anc_8-8,0.219185,0.219512,0.142334,0.290615
Q_ind_94_anc_8-8,0.000221,0.000000,0.000000,0.002439
Q_ind_95_anc_8-8,0.153682,0.157473,0.053856,0.231895
Q_ind_96_anc_8-8,0.000249,0.000000,0.000000,0.003711
Q_ind_97_anc_8-8,0.000712,0.000000,0.000000,0.009277
Q_ind_98_anc_8-8,0.000039,0.000000,0.000000,0.000366
Q_ind_99_anc_8-8,0.000056,0.000000,0.000000,0.000504
Q_ind_100_anc_8-8,0.000318,0.000000,0.000000,0.004161
Q_ind_101_anc_8-8,0.000150,0.000000,0.000000,0.001926
Q_ind_102_anc_8-8,0.000128,0.000000,0.000000,0.001569
Q_ind_103_anc_8-8,0.000208,0.000000,0.000000,0.002366
Q_ind_104_anc_8-8,0.000239,0.000000,0.000000,0.003232
Q_ind_105_anc_8-8,0.000046,0.000000,0.000000,0.000500
Q_ind_106_anc_8-8,0.001178,0.000000,0.000000,0.013628
Q_ind_107_anc_8-8,0.000085,0.000000,0.000000,0.000904
Q_ind_108_anc_8-8,0.000182,0.000000,0.000000,0.001566
Q_ind_109_anc_8-8,0.000225,0.000000,0.000000,0.002366
Q_ind_110_anc_8-8,0.000225,0.000000,0.000000,0.003059
Q_ind_111_anc_8-8,0.000245,0.000000,0.000000,0.002443
Q_ind_112_anc_8-8,0.000210,0.000000,0.000000,0.002046
Q_ind_113_anc_8-8,0.000179,0.000000,0.000000,0.001690
Q_ind_114_anc_8-8,0.000937,0.000000,0.000000,0.012510
Q_ind_115_anc_8-8,0.007884,0.000077,0.000000,0.035157
Q_ind_116_anc_8-8,0.000169,0.000000,0.000000,0.001817
Q_ind_117_anc_8-8,0.000753,0.000000,0.000000,0.010740
Q_ind_118_anc_8-8,0.000154,0.000000,0.000000,0.001791
Q_ind_119_anc_8-8,0.002257,0.000000,0.000000,0.019880
Q_ind_120_anc_8-8,0.000125,0.000000,0.000000,0.001153
Q_ind_121_anc_8-8,0.003465,0.000000,0.000000,0.026724
Q_ind_122_anc_8-8,0.000189,0.000000,0.000000,0.002635
Q_ind_123_anc_8-8,0.000735,0.000000,0.000000,0.010778
Q_ind_124_anc_8-8,0.001201,0.000000,0.000000,0.015954
Q_ind_125_anc_8-8,0.000109,0.000000,0.000000,0.001116
Q_ind_126_anc_8-8,0.003242,0.000000,0.000000,0.037912
Q_ind_127_anc_8-8,0.000309,0.000000,0.000000,0.003921
Q_ind_128_anc_8-8,0.000393,0.000000,0.000000,0.005263
Q_ind_129_anc_8-8,0.005743,0.000000,0.000000,0.046541
Q_ind_130_anc_8-8,0.000987,0.000000,0.000000,0.014030
Q_ind_131_anc_8-8,0.000075,0.000000,0.000000,0.000855
Q_ind_132_anc_8-8,0.000026,0.000000,0.000000,0.000256
Q_ind_133_anc_8-8,0.000085,0.000000,0.000000,0.000893
Q_ind_134_anc_8-8,0.000062,0.000000,0.000000,0.000677
Q_ind_135_anc_8-8,0.000108,0.000000,0.000000,0.001203
Q_ind_136_anc_8-8,0.000116,0.000000,0.000000,0.001010
Q_ind_137_anc_8-8,0.000125,0.000000,0.000000,0.001346
Q_ind_138_anc_8-8,0.000039,0.000000,0.000000,0.000397
Q_ind_139_anc_8-8,0.000061,0.000000,0.000000,0.000701
Q_ind_140_anc_8-8,0.000224,0.000000,0.000000,0.002983
Q_ind_141_anc_8-8,0.000079,0.000000,0.000000,0.000754
Q_ind_142_anc_8-8,0.000031,0.000000,0.000000,0.000288
Q_ind_143_anc_8-8,0.000083,0.000000,0.000000,0.000876
Q_ind_144_anc_8-8,0.000075,0.000000,0.000000,0.000889
Q_ind_145_anc_8-8,0.980100,0.980474,0.957106,0.998840
Q_ind_146_anc_8-8,0.946199,0.946506,0.914142,0.975017
Q_ind_147_anc_8-8,0.977891,0.978517,0.951082,0.998793
Q_ind_148_anc_8-8,0.938818,0.939961,0.908705,0.962987
Q_ind_149_anc_8-8,0.680027,0.679895,0.620686,0.740665
Q_ind_150_anc_8-8,0.981594,0.982782,0.956595,0.999076
Q_ind_151_anc_8-8,0.966842,0.967241,0.939087,0.991122
Q_ind_152_anc_8-8,0.983085,0.984961,0.956631,0.999520
Q_ind_153_anc_8-8,0.987684,0.989583,0.963614,0.999796
Q_ind_154_anc_8-8,0.966454,0.967235,0.936674,0.992825
Q_ind_155_anc_8-8,0.000188,0.000000,0.000000,0.001599
Q_ind_156_anc_8-8,0.005403,0.000000,0.000000,0.053112
Q_ind_157_anc_8-8,0.000602,0.000000,0.000000,0.007998
Q_ind_158_anc_8-8,0.004859,0.000000,0.000000,0.057837
Q_ind_159_anc_8-8,0.000656,0.000000,0.000000,0.007586
Q_ind_160_anc_8-8,0.008544,0.000000,0.000000,0.069449
Q_ind_161_anc_8-8,0.000337,0.000000,0.000000,0.004599
Q_ind_162_anc_8-8,0.003930,0.000000,0.000000,0.046566
Q_ind_163_anc_8-8,0.001723,0.000000,0.000000,0.025224
Q_ind_164_anc_8-8,0.027142,0.000811,0.000000,0.103571
Q_ind_165_anc_8-8,0.001243,0.000000,0.000000,0.018074
Q_ind_166_anc_8-8,0.000300,0.000000,0.000000,0.003685
Q_ind_167_anc_8-8,0.000262,0.000000,0.000000,0.003398
Q_ind_168_anc_8-8,0.000092,0.000000,0.000000,0.000738
Q_ind_169_anc_8-8,0.000032,0.000000,0.000000,0.000274
Q_ind_170_anc_8-8,0.000095,0.000000,0.000000,0.000984
Q_ind_171_anc_8-8,0.002400,0.000000,0.000000,0.024608
Q_ind_172_anc_8-8,0.000071,0.000000,0.000000,0.000716
Q_ind_173_anc_8-8,0.000059,0.000000,0.000000,0.000494
Q_ind_174_anc_8-8,0.000084,0.000000,0.000000,0.000950
Q_ind_175_anc_8-8,0.000049,0.000000,0.000000,0.000467
Q_ind_176_anc_8-8,0.000206,0.000000,0.000000,0.002173
Q_ind_177_anc_8-8,0.000653,0.000000,0.000000,0.006186
Q_ind_178_anc_8-8,0.020359,0.000000,0.000000,0.112098
Q_ind_179_anc_8-8,0.000338,0.000000,0.000000,0.003405
Q_ind_180_anc_8-8,0.163256,0.166732,0.087065,0.227357
Q_ind_181_anc_8-8,0.002328,0.000000,0.000000,0.027842
Q_ind_182_anc_8-8,0.002405,0.000000,0.000000,0.029723
Q_ind_183_anc_8-8,0.080480,0.077233,0.020542,0.162681
Q_ind_184_anc_8-8,0.000933,0.000000,0.000000,0.013453
Q_ind_185_anc_8-8,0.000305,0.000000,0.000000,0.002622
Q_ind_186_anc_8-8,0.000145,0.000000,0.000000,0.001551
Q_ind_187_anc_8-8,0.000072,0.000000,0.000000,0.000842
Q_ind_188_anc_8-8,0.000057,0.000000,0.000000,0.000491
Q_ind_189_anc_8-8,0.000105,0.000000,0.000000,0.001127
Q_ind_190_anc_8-8,0.000259,0.000000,0.000000,0.003745
Q_ind_191_anc_8-8,0.000076,0.000000,0.000000,0.000676
Q_ind_192_anc_8-8,0.000064,0.000000,0.000000,0.000569
Q_ind_193_anc_8-8,0.000165,0.000000,0.000000,0.001456
Q_ind_194_anc_8-8,0.000030,0.000000,0.000000,0.000280
Q_ind_195_anc_8-8,0.000238,0.000000,0.000000,0.002760
Q_ind_196_anc_8-8,0.000034,0.000000,0.000000,0.000288
Q_ind_197_anc_8-8,0.000031,0.000000,0.000000,0.000336
Q_ind_198_anc_8-8,0.000029,0.000000,0.000000,0.000256
Q_ind_199_anc_8-8,0.000063,0.000000,0.000000,0.000613
Q_ind_200_anc_8-8,0.000075,0.000000,0.000000,0.000668
Q_ind_201_anc_8-8,0.000037,0.000000,0.000000,0.000322
Q_ind_202_anc_8-8,0.000155,0.000000,0.000000,0.001960
Q_ind_203_anc_8-8,0.000463,0.000000,0.000000,0.006622
Q_ind_204_anc_8-8,0.000176,0.000000,0.000000,0.002079
Q_ind_205_anc_8-8,0.000539,0.000000,0.000000,0.007530
Q_ind_206_anc_8-8,0.002047,0.000000,0.000000,0.017542
Q_ind_207_anc_8-8,0.000288,0.000000,0.000000,0.003618
Q_ind_208_anc_8-8,0.000062,0.000000,0.000000,0.000599
Q_ind_209_anc_8-8,0.000867,0.000000,0.000000,0.010952
Q_ind_210_anc_8-8,0.000104,0.000000,0.000000,0.001265
Q_ind_211_anc_8-8,0.000421,0.000000,0.000000,0.005807
Q_ind_212_anc_8-8,0.000055,0.000000,0.000000,0.000560
Q_ind_213_anc_8-8,0.000119,0.000000,0.000000,0.001119
Q_ind_214_anc_8-8,0.000190,0.000000,0.000000,0.002413
Q_ind_215_anc_8-8,0.000086,0.000000,0.000000,0.000689
Q_ind_216_anc_8-8,0.003661,0.000000,0.000000,0.027086
Q_ind_217_anc_8-8,0.000049,0.000000,0.000000,0.000429
Q_ind_218_anc_8-8,0.000060,0.000000,0.000000,0.000644
Q_ind_219_anc_8-8,0.000214,0.000000,0.000000,0.002197
Q_ind_220_anc_8-8,0.000172,0.000000,0.000000,0.001903
Q_ind_221_anc_8-8,0.000094,0.000000,0.000000,0.001117
Q_ind_222_anc_8-8,0.000478,0.000000,0.000000,0.006721
Q_ind_223_anc_8-8,0.000050,0.000000,0.000000,0.000454
Q_ind_224_anc_8-8,0.000055,0.000000,0.000000,0.000534
Q_ind_225_anc_8-8,0.001259,0.000000,0.000000,0.018798
Q_ind_226_anc_8-8,0.000127,0.000000,0.000000,0.001303
Q_ind_227_anc_8-8,0.015256,0.001134,0.000000,0.060494
Q_ind_228_anc_8-8,0.010586,0.000000,0.000000,0.048943
Q_ind_229_anc_8-8,0.000834,0.000000,0.000000,0.010238
Q_ind_230_anc_8-8,0.000456,0.000000,0.000000,0.005864
Q_ind_231_anc_8-8,0.000051,0.000000,0.000000,0.000520
Q_ind_232_anc_8-8,0.000309,0.000000,0.000000,0.004297
Q_ind_233_anc_8-8,0.002799,0.000000,0.000000,0.032006
Q_ind_234_anc_8-8,0.000648,0.000000,0.000000,0.008887
Q_ind_235_anc_8-8,0.000079,0.000000,0.000000,0.000887
Q_ind_236_anc_8-8,0.000063,0.000000,0.000000,0.000593
Q_ind_237_anc_8-8,0.000119,0.000000,0.000000,0.001380
Q_ind_238_anc_8-8,0.000043,0.000000,0.000000,0.000421
Q_ind_239_anc_8-8,0.000077,0.000000,0.000000,0.000870
Q_ind_240_anc_8-8,0.000054,0.000000,0.000000,0.000560
Q_ind_241_anc_8-8,0.000075,0.000000,0.000000,0.000709
Q_ind_242_anc_8-8,0.000376,0.000000,0.000000,0.005731
Q_ind_243_anc_8-8,0.000049,0.000000,0.000000,0.000477
Q_ind_244_anc_8-8,0.000376,0.000000,0.000000,0.005656
Q_ind_245_anc_8-8,0.000045,0.000000,0.000000,0.000503
