param,mean,median,ci_0.950_LB,ci_0.950_UB
Q_ind_1_anc_1-1,0.000135,0.000000,0.000000,0.001507
Q_ind_2_anc_1-1,0.000115,0.000000,0.000000,0.001142
Q_ind_3_anc_1-1,0.000537,0.000000,0.000000,0.006741
Q_ind_4_anc_1-1,0.000309,0.000000,0.000000,0.003721
Q_ind_5_anc_1-1,0.000087,0.000000,0.000000,0.001028
Q_ind_6_anc_1-1,0.000173,0.000000,0.000000,0.002034
Q_ind_7_anc_1-1,0.001115,0.000000,0.000000,0.013163
Q_ind_8_anc_1-1,0.001155,0.000000,0.000000,0.014221
Q_ind_9_anc_1-1,0.000165,0.000000,0.000000,0.002086
Q_ind_10_anc_1-1,0.000214,0.000000,0.000000,0.002590
Q_ind_11_anc_1-1,0.000543,0.000000,0.000000,0.006912
Q_ind_12_anc_1-1,0.000187,0.000000,0.000000,0.002415
Q_ind_13_anc_1-1,0.000758,0.000000,0.000000,0.010929
Q_ind_14_anc_1-1,0.000333,0.000000,0.000000,0.003858
Q_ind_15_anc_1-1,0.002030,0.000000,0.000000,0.027342
Q_ind_16_anc_1-1,0.000198,0.000000,0.000000,0.002507
Q_ind_17_anc_1-1,0.000239,0.000000,0.000000,0.002979
Q_ind_18_anc_1-1,0.001193,0.000000,0.000000,0.014438
Q_ind_19_anc_1-1,0.000329,0.000000,0.000000,0.004209
Q_ind_20_anc_1-1,0.000098,0.000000,0.000000,0.001135
Q_ind_21_anc_1-1,0.000545,0.000000,0.000000,0.007134
Q_ind_22_anc_1-1,0.000656,0.000000,0.000000,0.009316
Q_ind_23_anc_1-1,0.000326,0.000000,0.000000,0.003973
Q_ind_24_anc_1-1,0.000372,0.000000,0.000000,0.004605
Q_ind_25_anc_1-1,0.001055,0.000000,0.000000,0.012223
Q_ind_26_anc_1-1,0.000872,0.000000,0.000000,0.011502
Q_ind_27_anc_1-1,0.001927,0.000000,0.000000,0.022877
Q_ind_28_anc_1-1,0.000613,0.000000,0.000000,0.007879
Q_ind_29_anc_1-1,0.000338,0.000000,0.000000,0.003993
Q_ind_30_anc_1-1,0.002482,0.000000,0.000000,0.023842
Q_ind_31_anc_1-1,0.000305,0.000000,0.000000,0.003814
Q_ind_32_anc_1-1,0.000456,0.000000,0.000000,0.005829
Q_ind_33_anc_1-1,0.000837,0.000000,0.000000,0.009031
Q_ind_34_anc_1-1,0.000369,0.000000,0.000000,0.004605
Q_ind_35_anc_1-1,0.000305,0.000000,0.000000,0.003843
Q_ind_36_anc_1-1,0.000129,0.000000,0.000000,0.001407
Q_ind_37_anc_1-1,0.000508,0.000000,0.000000,0.006441
Q_ind_38_anc_1-1,0.000190,0.000000,0.000000,0.002403
Q_ind_39_anc_1-1,0.000181,0.000000,0.000000,0.001844
Q_ind_40_anc_1-1,0.002286,0.000000,0.000000,0.030480
Q_ind_41_anc_1-1,0.000164,0.000000,0.000000,0.001921
Q_ind_42_anc_1-1,0.453708,0.451879,0.369069,0.551940
Q_ind_43_anc_1-1,0.426516,0.427999,0.330996,0.519209
Q_ind_44_anc_1-1,0.471870,0.469184,0.364894,0.602407
Q_ind_45_anc_1-1,0.463235,0.461942,0.371783,0.562921
Q_ind_46_anc_1-1,0.410366,0.403810,0.310133,0.598472
Q_ind_47_anc_1-1,0.538516,0.540455,0.452886,0.621920
Q_ind_48_anc_1-1,0.436480,0.436169,0.343370,0.534673
Q_ind_49_anc_1-1,0.001700,0.000000,0.000000,0.020819
Q_ind_50_anc_1-1,0.000405,0.000000,0.000000,0.005014
Q_ind_51_anc_1-1,0.000523,0.000000,0.000000,0.006157
Q_ind_52_anc_1-1,0.000616,0.000000,0.000000,0.007202
Q_ind_53_anc_1-1,0.000443,0.000000,0.000000,0.005833
Q_ind_54_anc_1-1,0.000315,0.000000,0.000000,0.003840
Q_ind_55_anc_1-1,0.000296,0.000000,0.000000,0.003832
Q_ind_56_anc_1-1,0.002021,0.000000,0.000000,0.025911
Q_ind_57_anc_1-1,0.001711,0.000000,0.000000,0.024920
Q_ind_58_anc_1-1,0.000374,0.000000,0.000000,0.004612
Q_ind_59_anc_1-1,0.001691,0.000000,0.000000,0.021240
Q_ind_60_anc_1-1,0.003045,0.000000,0.000000,0.034683
Q_ind_61_anc_1-1,0.657182,0.658157,0.584171,0.725630
Q_ind_62_anc_1-1,0.395767,0.397690,0.302080,0.491763
Q_ind_63_anc_1-1,0.240840,0.241178,0.135014,0.354060
Q_ind_64_anc_1-1,0.576391,0.577862,0.440031,0.677791
Q_ind_65_anc_1-1,0.598816,0.597752,0.498838,0.693306
Q_ind_66_anc_1-1,0.611375,0.611845,0.513532,0.706516
Q_ind_67_anc_1-1,0.323988,0.320203,0.231018,0.427316
Q_ind_68_anc_1-1,0.140960,0.142214,0.046377,0.228857
Q_ind_69_anc_1-1,0.707426,0.710367,0.618331,0.787671
Q_ind_70_anc_1-1,0.000259,0.000000,0.000000,0.003105
Q_ind_71_anc_1-1,0.000208,0.000000,0.000000,0.002469
Q_ind_72_anc_1-1,0.000256,0.000000,0.000000,0.002909
Q_ind_73_anc_1-1,0.000257,0.000000,0.000000,0.003113
Q_ind_74_anc_1-1,0.000378,0.000000,0.000000,0.004762
Q_ind_75_anc_1-1,0.000463,0.000000,0.000000,0.005648
Q_ind_76_anc_1-1,0.001206,0.000000,0.000000,0.013839
Q_ind_77_anc_1-1,0.000165,0.000000,0.000000,0.002016
Q_ind_78_anc_1-1,0.000184,0.000000,0.000000,0.002177
Q_ind_79_anc_1-1,0.000556,0.000000,0.000000,0.006722
Q_ind_80_anc_1-1,0.000145,0.000000,0.000000,0.001804
Q_ind_81_anc_1-1,0.002370,0.000000,0.000000,0.027213
Q_ind_82_anc_1-1,0.000320,0.000000,0.000000,0.003275
Q_ind_83_anc_1-1,0.000679,0.000000,0.000000,0.007266
Q_ind_84_anc_1-1,0.004255,0.000000,0.000000,0.040525
Q_ind_85_anc_1-1,0.000423,0.000000,0.000000,0.005483
Q_ind_86_anc_1-1,0.002285,0.000000,0.000000,0.021134
Q_ind_87_anc_1-1,0.000221,0.000000,0.000000,0.002544
Q_ind_88_anc_1-1,0.002380,0.000000,0.000000,0.027027
Q_ind_89_anc_1-1,0.001731,0.000000,0.000000,0.020992
Q_ind_90_anc_1-1,0.001893,0.000000,0.000000,0.019668
Q_ind_91_anc_1-1,0.000115,0.000000,0.000000,0.001445
Q_ind_92_anc_1-1,0.000102,0.000000,0.000000,0.001096
Q_ind_93_anc_1-1,0.000148,0.000000,0.000000,0.001713
Q_ind_94_anc_1-1,0.000177,0.000000,0.000000,0.002140
Q_ind_95_anc_1-1,0.000846,0.000000,0.000000,0.011995
Q_ind_96_anc_1-1,0.000228,0.000000,0.000000,0.002886
Q_ind_97_anc_1-1,0.000079,0.000000,0.000000,0.000896
Q_ind_98_anc_1-1,0.000932,0.000000,0.000000,0.011922
Q_ind_99_anc_1-1,0.172018,0.170832,0.088966,0.257450
Q_ind_100_anc_1-1,0.219408,0.220496,0.103799,0.314406
Q_ind_101_anc_1-1,0.277605,0.287440,0.151895,0.368473
Q_ind_102_anc_1-1,0.148573,0.153081,0.033068,0.247112
Q_ind_103_anc_1-1,0.253308,0.253788,0.163109,0.340322
Q_ind_104_anc_1-1,0.000747,0.000000,0.000000,0.007148
Q_ind_105_anc_1-1,0.231645,0.233118,0.158457,0.293290
Q_ind_106_anc_1-1,0.278187,0.280622,0.191140,0.350853
Q_ind_107_anc_1-1,0.001303,0.000000,0.000000,0.015933
Q_ind_108_anc_1-1,0.001262,0.000000,0.000000,0.016978
Q_ind_109_anc_1-1,0.000739,0.000000,0.000000,0.009625
Q_ind_110_anc_1-1,0.000886,0.000000,0.000000,0.010923
Q_ind_111_anc_1-1,0.000600,0.000000,0.000000,0.008058
Q_ind_112_anc_1-1,0.002960,0.000000,0.000000,0.027019
Q_ind_113_anc_1-1,0.001115,0.000000,0.000000,0.013449
Q_ind_114_anc_1-1,0.002019,0.000000,0.000000,0.027622
Q_ind_115_anc_1-1,0.000267,0.000000,0.000000,0.003182
Q_ind_116_anc_1-1,0.000385,0.000000,0.000000,0.005106
Q_ind_117_anc_1-1,0.007386,0.000393,0.000000,0.036766
Q_ind_118_anc_1-1,0.000253,0.000000,0.000000,0.002741
Q_ind_119_anc_1-1,0.000598,0.000000,0.000000,0.008453
Q_ind_120_anc_1-1,0.000379,0.000000,0.000000,0.004787
Q_ind_121_anc_1-1,0.000511,0.000000,0.000000,0.005696
Q_ind_122_anc_1-1,0.000120,0.000000,0.000000,0.001459
Q_ind_123_anc_1-1,0.000064,0.000000,0.000000,0.000712
Q_ind_124_anc_1-1,0.006388,0.000000,0.000000,0.050103
Q_ind_125_anc_1-1,0.026741,0.028007,0.000000,0.068169
Q_ind_126_anc_1-1,0.020592,0.016431,0.000000,0.064164
Q_ind_127_anc_1-1,0.010239,0.000003,0.000000,0.058792
Q_ind_128_anc_1-1,0.000506,0.000000,0.000000,0.004652
Q_ind_129_anc_1-1,0.000099,0.000000,0.000000,0.001151
Q_ind_130_anc_1-1,0.000250,0.000000,0.000000,0.002727
Q_ind_131_anc_1-1,0.002572,0.000000,0.000000,0.034717
Q_ind_132_anc_1-1,0.020615,0.000728,0.000000,0.076455
Q_ind_133_anc_1-1,0.000123,0.000000,0.000000,0.001462
Q_ind_134_anc_1-1,0.055571,0.055189,0.021022,0.091926
Q_ind_135_anc_1-1,0.035233,0.039424,0.000000,0.080922
Q_ind_136_anc_1-1,0.000156,0.000000,0.000000,0.002035
Q_ind_137_anc_1-1,0.000366,0.000000,0.000000,0.004599
Q_ind_138_anc_1-1,0.000148,0.000000,0.000000,0.001632
Q_ind_139_anc_1-1,0.000149,0.000000,0.000000,0.001670
Q_ind_140_anc_1-1,0.000195,0.000000,0.000000,0.002527
Q_ind_141_anc_1-1,0.000109,0.000000,0.000000,0.001229
Q_ind_142_anc_1-1,0.000482,0.000000,0.000000,0.005901
Q_ind_143_anc_1-1,0.000079,0.000000,0.000000,0.000896
Q_ind_144_anc_1-1,0.000453,0.000000,0.000000,0.005641
Q_ind_145_anc_1-1,0.033072,0.033142,0.000000,0.090056
Q_ind_146_anc_1-1,0.046316,0.056458,0.000000,0.107980
Q_ind_147_anc_1-1,0.037378,0.038202,0.000000,0.099926
Q_ind_148_anc_1-1,0.000284,0.000000,0.000000,0.003309
Q_ind_149_anc_1-1,0.000116,0.000000,0.000000,0.001411
Q_ind_150_anc_1-1,0.002292,0.000000,0.000000,0.026467
Q_ind_151_anc_1-1,0.000608,0.000000,0.000000,0.008006
Q_ind_152_anc_1-1,0.008274,0.000000,0.000000,0.047442
Q_ind_153_anc_1-1,0.000758,0.000000,0.000000,0.010009
Q_ind_154_anc_1-1,0.000496,0.000000,0.000000,0.005928
Q_ind_155_anc_1-1,0.000160,0.000000,0.000000,0.001841
Q_ind_156_anc_1-1,0.000677,0.000000,0.000000,0.009207
Q_ind_157_anc_1-1,0.000243,0.000000,0.000000,0.002994
Q_ind_158_anc_1-1,0.000184,0.000000,0.000000,0.002171
Q_ind_159_anc_1-1,0.000133,0.000000,0.000000,0.001617
Q_ind_160_anc_1-1,0.000131,0.000000,0.000000,0.001488
Q_ind_161_anc_1-1,0.000855,0.000000,0.000000,0.010697
Q_ind_162_anc_1-1,0.000162,0.000000,0.000000,0.002051
Q_ind_163_anc_1-1,0.000250,0.000000,0.000000,0.003123
Q_ind_164_anc_1-1,0.001102,0.000000,0.000000,0.013493
Q_ind_165_anc_1-1,0.371206,0.377609,0.255590,0.460245
Q_ind_166_anc_1-1,0.376917,0.376889,0.257042,0.478051
Q_ind_167_anc_1-1,0.257134,0.256255,0.160242,0.353976
Q_ind_168_anc_1-1,0.480048,0.479779,0.422043,0.539198
Q_ind_169_anc_1-1,0.089887,0.106178,0.000000,0.214881
Q_ind_170_anc_1-1,0.388186,0.400105,0.250832,0.479163
Q_ind_171_anc_1-1,0.000135,0.000000,0.000000,0.001539
Q_ind_172_anc_1-1,0.000534,0.000000,0.000000,0.007514
Q_ind_173_anc_1-1,0.000108,0.000000,0.000000,0.001088
Q_ind_174_anc_1-1,0.000398,0.000000,0.000000,0.005280
Q_ind_175_anc_1-1,0.000242,0.000000,0.000000,0.002704
Q_ind_176_anc_1-1,0.000218,0.000000,0.000000,0.002794
Q_ind_177_anc_1-1,0.000198,0.000000,0.000000,0.002092
Q_ind_178_anc_1-1,0.000162,0.000000,0.000000,0.001723
Q_ind_179_anc_1-1,0.000147,0.000000,0.000000,0.001670
Q_ind_180_anc_1-1,0.000639,0.000000,0.000000,0.008450
Q_ind_181_anc_1-1,0.000282,0.000000,0.000000,0.002713
Q_ind_182_anc_1-1,0.000465,0.000000,0.000000,0.005779
Q_ind_183_anc_1-1,0.001382,0.000000,0.000000,0.015776
Q_ind_184_anc_1-1,0.000320,0.000000,0.000000,0.003983
Q_ind_185_anc_1-1,0.000083,0.000000,0.000000,0.000955
Q_ind_186_anc_1-1,0.000297,0.000000,0.000000,0.003622
Q_ind_187_anc_1-1,0.002366,0.000000,0.000000,0.025296
Q_ind_188_anc_1-1,0.004543,0.000062,0.000000,0.024007
Q_ind_189_anc_1-1,0.000145,0.000000,0.000000,0.001576
Q_ind_190_anc_1-1,0.001632,0.000000,0.000000,0.023189
Q_ind_191_anc_1-1,0.000348,0.000000,0.000000,0.003811
Q_ind_192_anc_1-1,0.001384,0.000000,0.000000,0.017654
Q_ind_193_anc_1-1,0.000636,0.000000,0.000000,0.008260
Q_ind_194_anc_1-1,0.001933,0.000000,0.000000,0.021145
Q_ind_195_anc_1-1,0.000135,0.000000,0.000000,0.001558
Q_ind_196_anc_1-1,0.031671,0.027839,0.000000,0.090516
Q_ind_197_anc_1-1,0.000533,0.000000,0.000000,0.006654
Q_ind_198_anc_1-1,0.000297,0.000000,0.000000,0.003809
Q_ind_199_anc_1-1,0.001517,0.000000,0.000000,0.019154
Q_ind_200_anc_1-1,0.000181,0.000000,0.000000,0.002356
Q_ind_201_anc_1-1,0.000111,0.000000,0.000000,0.001049
Q_ind_202_anc_1-1,0.204165,0.203945,0.121158,0.284986
Q_ind_203_anc_1-1,0.000305,0.000000,0.000000,0.003554
Q_ind_204_anc_1-1,0.098658,0.099702,0.000000,0.218624
Q_ind_205_anc_1-1,0.174175,0.172172,0.106085,0.255790
Q_ind_206_anc_1-1,0.113377,0.113675,0.035241,0.191159
Q_ind_207_anc_1-1,0.111611,0.113824,0.000008,0.193214
Q_ind_208_anc_1-1,0.000125,0.000000,0.000000,0.001519
Q_ind_209_anc_1-1,0.067922,0.075867,0.000000,0.162797
Q_ind_210_anc_1-1,0.128360,0.127515,0.068469,0.202534
Q_ind_211_anc_1-1,0.747868,0.745088,0.663658,0.859692
Q_ind_212_anc_1-1,0.721899,0.715337,0.638467,0.873284
Q_ind_213_anc_1-1,0.732913,0.725218,0.650791,0.898293
Q_ind_214_anc_1-1,0.740711,0.732642,0.654368,0.923677
Q_ind_215_anc_1-1,0.635125,0.634135,0.512860,0.780382
Q_ind_216_anc_1-1,0.735357,0.734292,0.656872,0.840459
Q_ind_217_anc_1-1,0.505171,0.505217,0.422094,0.592364
Q_ind_218_anc_1-1,0.609981,0.606892,0.528337,0.713229
Q_ind_219_anc_1-1,0.679450,0.677098,0.603249,0.787483
Q_ind_220_anc_1-1,0.252452,0.255057,0.087461,0.394987
Q_ind_221_anc_1-1,0.749980,0.743366,0.664148,0.889862
Q_ind_222_anc_1-1,0.333658,0.347425,0.172810,0.456015
Q_ind_1_anc_2-1,0.000368,0.000000,0.000000,0.004434
Q_ind_2_anc_2-1,0.000580,0.000000,0.000000,0.008036
Q_ind_3_anc_2-1,0.000636,0.000000,0.000000,0.008336
Q_ind_4_anc_2-1,0.000448,0.000000,0.000000,0.005883
Q_ind_5_anc_2-1,0.000319,0.000000,0.000000,0.003754
Q_ind_6_anc_2-1,0.000455,0.000000,0.000000,0.006426
Q_ind_7_anc_2-1,0.000618,0.000000,0.000000,0.007998
Q_ind_8_anc_2-1,0.002818,0.000000,0.000000,0.028305
Q_ind_9_anc_2-1,0.000299,0.000000,0.000000,0.003179
Q_ind_10_anc_2-1,0.000283,0.000000,0.000000,0.003579
Q_ind_11_anc_2-1,0.000990,0.000000,0.000000,0.012469
Q_ind_12_anc_2-1,0.000371,0.000000,0.000000,0.004633
Q_ind_13_anc_2-1,0.000702,0.000000,0.000000,0.008354
Q_ind_14_anc_2-1,0.000427,0.000000,0.000000,0.004514
Q_ind_15_anc_2-1,0.001634,0.000000,0.000000,0.022497
Q_ind_16_anc_2-1,0.000409,0.000000,0.000000,0.005196
Q_ind_17_anc_2-1,0.001083,0.000000,0.000000,0.013504
Q_ind_18_anc_2-1,0.000839,0.000000,0.000000,0.008916
Q_ind_19_anc_2-1,0.000325,0.000000,0.000000,0.003772
Q_ind_20_anc_2-1,0.000157,0.000000,0.000000,0.001767
Q_ind_21_anc_2-1,0.000700,0.000000,0.000000,0.009515
Q_ind_22_anc_2-1,0.001099,0.000000,0.000000,0.014264
Q_ind_23_anc_2-1,0.001010,0.000000,0.000000,0.013457
Q_ind_24_anc_2-1,0.001571,0.000000,0.000000,0.018160
Q_ind_25_anc_2-1,0.003626,0.000000,0.000000,0.040070
Q_ind_26_anc_2-1,0.000651,0.000000,0.000000,0.008340
Q_ind_27_anc_2-1,0.009126,0.000000,0.000000,0.081975
Q_ind_28_anc_2-1,0.000617,0.000000,0.000000,0.008074
Q_ind_29_anc_2-1,0.000889,0.000000,0.000000,0.011039
Q_ind_30_anc_2-1,0.002077,0.000000,0.000000,0.025990
Q_ind_31_anc_2-1,0.000462,0.000000,0.000000,0.006292
Q_ind_32_anc_2-1,0.001360,0.000000,0.000000,0.020280
Q_ind_33_anc_2-1,0.003452,0.000000,0.000000,0.039392
Q_ind_34_anc_2-1,0.000469,0.000000,0.000000,0.006161
Q_ind_35_anc_2-1,0.000691,0.000000,0.000000,0.008044
Q_ind_36_anc_2-1,0.000127,0.000000,0.000000,0.001589
Q_ind_37_anc_2-1,0.000278,0.000000,0.000000,0.003050
Q_ind_38_anc_2-1,0.000242,0.000000,0.000000,0.002973
Q_ind_39_anc_2-1,0.023901,0.000001,0.000000,0.203451
Q_ind_40_anc_2-1,0.002267,0.000000,0.000000,0.036165
Q_ind_41_anc_2-1,0.000400,0.000000,0.000000,0.004772
Q_ind_42_anc_2-1,0.000413,0.000000,0.000000,0.005099
Q_ind_43_anc_2-1,0.000437,0.000000,0.000000,0.005391
Q_ind_44_anc_2-1,0.000289,0.000000,0.000000,0.003903
Q_ind_45_anc_2-1,0.000252,0.000000,0.000000,0.003099
Q_ind_46_anc_2-1,0.000220,0.000000,0.000000,0.002618
Q_ind_47_anc_2-1,0.000185,0.000000,0.000000,0.002347
Q_ind_48_anc_2-1,0.000459,0.000000,0.000000,0.004968
Q_ind_49_anc_2-1,0.000543,0.000000,0.000000,0.006850
Q_ind_50_anc_2-1,0.000136,0.000000,0.000000,0.001724
Q_ind_51_anc_2-1,0.000353,0.000000,0.000000,0.004022
Q_ind_52_anc_2-1,0.000298,0.000000,0.000000,0.002985
Q_ind_53_anc_2-1,0.000178,0.000000,0.000000,0.001868
Q_ind_54_anc_2-1,0.000544,0.000000,0.000000,0.006355
Q_ind_55_anc_2-1,0.000567,0.000000,0.000000,0.007212
Q_ind_56_anc_2-1,0.000205,0.000000,0.000000,0.002213
Q_ind_57_anc_2-1,0.000370,0.000000,0.000000,0.004150
Q_ind_58_anc_2-1,0.000396,0.000000,0.000000,0.004244
Q_ind_59_anc_2-1,0.000713,0.000000,0.000000,0.009230
Q_ind_60_anc_2-1,0.000561,0.000000,0.000000,0.007345
Q_ind_61_anc_2-1,0.100667,0.101627,0.000000,0.230983
Q_ind_62_anc_2-1,0.056550,0.005252,0.000000,0.211551
Q_ind_63_anc_2-1,0.161117,0.162602,0.056315,0.278144
Q_ind_64_anc_2-1,0.106261,0.107510,0.000000,0.275210
Q_ind_65_anc_2-1,0.072780,0.071077,0.000000,0.200596
Q_ind_66_anc_2-1,0.116844,0.129227,0.000000,0.233856
Q_ind_67_anc_2-1,0.226357,0.225819,0.118083,0.341097
Q_ind_68_anc_2-1,0.172113,0.166592,0.079552,0.309338
Q_ind_69_anc_2-1,0.022654,0.000001,0.000000,0.141116
Q_ind_70_anc_2-1,0.000374,0.000000,0.000000,0.003992
Q_ind_71_anc_2-1,0.000286,0.000000,0.000000,0.002822
Q_ind_72_anc_2-1,0.000557,0.000000,0.000000,0.006498
Q_ind_73_anc_2-1,0.000331,0.000000,0.000000,0.003396
Q_ind_74_anc_2-1,0.000281,0.000000,0.000000,0.003552
Q_ind_75_anc_2-1,0.000654,0.000000,0.000000,0.007909
Q_ind_76_anc_2-1,0.000997,0.000000,0.000000,0.013288
Q_ind_77_anc_2-1,0.000695,0.000000,0.000000,0.007859
Q_ind_78_anc_2-1,0.000289,0.000000,0.000000,0.003233
Q_ind_79_anc_2-1,0.000758,0.000000,0.000000,0.009377
Q_ind_80_anc_2-1,0.000249,0.000000,0.000000,0.002719
Q_ind_81_anc_2-1,0.000616,0.000000,0.000000,0.007764
Q_ind_82_anc_2-1,0.000188,0.000000,0.000000,0.002006
Q_ind_83_anc_2-1,0.000554,0.000000,0.000000,0.005537
Q_ind_84_anc_2-1,0.000198,0.000000,0.000000,0.002103
Q_ind_85_anc_2-1,0.000918,0.000000,0.000000,0.012676
Q_ind_86_anc_2-1,0.000928,0.000000,0.000000,0.011966
Q_ind_87_anc_2-1,0.015795,0.000000,0.000000,0.132654
Q_ind_88_anc_2-1,0.000478,0.000000,0.000000,0.006352
Q_ind_89_anc_2-1,0.001236,0.000000,0.000000,0.014533
Q_ind_90_anc_2-1,0.003039,0.000000,0.000000,0.032001
Q_ind_91_anc_2-1,0.000162,0.000000,0.000000,0.001992
Q_ind_92_anc_2-1,0.000219,0.000000,0.000000,0.002519
Q_ind_93_anc_2-1,0.000207,0.000000,0.000000,0.002206
Q_ind_94_anc_2-1,0.000144,0.000000,0.000000,0.001690
Q_ind_95_anc_2-1,0.000754,0.000000,0.000000,0.009128
Q_ind_96_anc_2-1,0.000133,0.000000,0.000000,0.001704
Q_ind_97_anc_2-1,0.000141,0.000000,0.000000,0.001654
Q_ind_98_anc_2-1,0.002400,0.000000,0.000000,0.030884
Q_ind_99_anc_2-1,0.121182,0.059357,0.000000,0.364695
Q_ind_100_anc_2-1,0.015247,0.000000,0.000000,0.126881
Q_ind_101_anc_2-1,0.003056,0.000000,0.000000,0.038162
Q_ind_102_anc_2-1,0.148387,0.151119,0.000000,0.371180
Q_ind_103_anc_2-1,0.007531,0.000000,0.000000,0.088978
Q_ind_104_anc_2-1,0.232880,0.230440,0.080878,0.383749
Q_ind_105_anc_2-1,0.003474,0.000000,0.000000,0.047068
Q_ind_106_anc_2-1,0.000820,0.000000,0.000000,0.009693
Q_ind_107_anc_2-1,0.000440,0.000000,0.000000,0.005545
Q_ind_108_anc_2-1,0.001162,0.000000,0.000000,0.013520
Q_ind_109_anc_2-1,0.000433,0.000000,0.000000,0.006190
Q_ind_110_anc_2-1,0.002157,0.000000,0.000000,0.026610
Q_ind_111_anc_2-1,0.000196,0.000000,0.000000,0.002425
Q_ind_112_anc_2-1,0.000386,0.000000,0.000000,0.005062
Q_ind_113_anc_2-1,0.000762,0.000000,0.000000,0.009278
Q_ind_114_anc_2-1,0.004036,0.000000,0.000000,0.037943
Q_ind_115_anc_2-1,0.000441,0.000000,0.000000,0.005491
Q_ind_116_anc_2-1,0.000510,0.000000,0.000000,0.005925
Q_ind_117_anc_2-1,0.000498,0.000000,0.000000,0.005628
Q_ind_118_anc_2-1,0.000253,0.000000,0.000000,0.002967
Q_ind_119_anc_2-1,0.000923,0.000000,0.000000,0.011448
Q_ind_120_anc_2-1,0.000631,0.000000,0.000000,0.007877
Q_ind_121_anc_2-1,0.000272,0.000000,0.000000,0.003296
Q_ind_122_anc_2-1,0.002053,0.000000,0.000000,0.026379
Q_ind_123_anc_2-1,0.002903,0.000000,0.000000,0.033379
Q_ind_124_anc_2-1,0.023629,0.000014,0.000000,0.118724
Q_ind_125_anc_2-1,0.012190,0.000000,0.000000,0.102825
Q_ind_126_anc_2-1,0.014106,0.000001,0.000000,0.097659
Q_ind_127_anc_2-1,0.031859,0.000426,0.000000,0.138671
Q_ind_128_anc_2-1,0.053314,0.029525,0.000000,0.171646
Q_ind_129_anc_2-1,0.156852,0.155473,0.092701,0.228084
Q_ind_130_anc_2-1,0.134364,0.138071,0.000001,0.212295
Q_ind_131_anc_2-1,0.014584,0.000000,0.000000,0.092435
Q_ind_132_anc_2-1,0.042280,0.015074,0.000000,0.149792
Q_ind_133_anc_2-1,0.188587,0.189356,0.097657,0.275168
Q_ind_134_anc_2-1,0.002518,0.000000,0.000000,0.033541
Q_ind_135_anc_2-1,0.033925,0.000043,0.000000,0.150749
Q_ind_136_anc_2-1,0.000134,0.000000,0.000000,0.001556
Q_ind_137_anc_2-1,0.000333,0.000000,0.000000,0.003782
Q_ind_138_anc_2-1,0.000132,0.000000,0.000000,0.001551
Q_ind_139_anc_2-1,0.000225,0.000000,0.000000,0.002728
Q_ind_140_anc_2-1,0.000145,0.000000,0.000000,0.001883
Q_ind_141_anc_2-1,0.000143,0.000000,0.000000,0.001679
Q_ind_142_anc_2-1,0.000531,0.000000,0.000000,0.006521
Q_ind_143_anc_2-1,0.000124,0.000000,0.000000,0.001371
Q_ind_144_anc_2-1,0.000323,0.000000,0.000000,0.003415
Q_ind_145_anc_2-1,0.003103,0.000000,0.000000,0.037408
Q_ind_146_anc_2-1,0.006748,0.000000,0.000000,0.073108
Q_ind_147_anc_2-1,0.001101,0.000000,0.000000,0.012255
Q_ind_148_anc_2-1,0.355937,0.353728,0.284609,0.442456
Q_ind_149_anc_2-1,0.075343,0.076217,0.000000,0.133945
Q_ind_150_anc_2-1,0.003865,0.000000,0.000000,0.048637
Q_ind_151_anc_2-1,0.001253,0.000000,0.000000,0.015360
Q_ind_152_anc_2-1,0.013452,0.000000,0.000000,0.089038
Q_ind_153_anc_2-1,0.022970,0.000184,0.000000,0.108989
Q_ind_154_anc_2-1,0.001409,0.000000,0.000000,0.017783
Q_ind_155_anc_2-1,0.252821,0.250189,0.172377,0.358672
Q_ind_156_anc_2-1,0.019802,0.000001,0.000000,0.103861
Q_ind_157_anc_2-1,0.000344,0.000000,0.000000,0.004293
Q_ind_158_anc_2-1,0.000163,0.000000,0.000000,0.001697
Q_ind_159_anc_2-1,0.000183,0.000000,0.000000,0.002336
Q_ind_160_anc_2-1,0.000228,0.000000,0.000000,0.002838
Q_ind_161_anc_2-1,0.006672,0.000000,0.000000,0.055552
Q_ind_162_anc_2-1,0.000206,0.000000,0.000000,0.002572
Q_ind_163_anc_2-1,0.000199,0.000000,0.000000,0.002349
Q_ind_164_anc_2-1,0.008981,0.000000,0.000000,0.057864
Q_ind_165_anc_2-1,0.116490,0.102992,0.000000,0.365403
Q_ind_166_anc_2-1,0.143884,0.155443,0.000000,0.383331
Q_ind_167_anc_2-1,0.416264,0.417886,0.217373,0.623114
Q_ind_168_anc_2-1,0.000716,0.000000,0.000000,0.008591
Q_ind_169_anc_2-1,0.428334,0.421673,0.234764,0.660107
Q_ind_170_anc_2-1,0.106510,0.063233,0.000000,0.394008
Q_ind_171_anc_2-1,0.000274,0.000000,0.000000,0.002665
Q_ind_172_anc_2-1,0.001268,0.000000,0.000000,0.016931
Q_ind_173_anc_2-1,0.000115,0.000000,0.000000,0.001422
Q_ind_174_anc_2-1,0.000508,0.000000,0.000000,0.006809
Q_ind_175_anc_2-1,0.000250,0.000000,0.000000,0.002975
Q_ind_176_anc_2-1,0.000198,0.000000,0.000000,0.002483
Q_ind_177_anc_2-1,0.000774,0.000000,0.000000,0.010376
Q_ind_178_anc_2-1,0.004553,0.000000,0.000000,0.066526
Q_ind_179_anc_2-1,0.000304,0.000000,0.000000,0.003524
Q_ind_180_anc_2-1,0.001178,0.000000,0.000000,0.014830
Q_ind_181_anc_2-1,0.000474,0.000000,0.000000,0.005262
Q_ind_182_anc_2-1,0.000887,0.000000,0.000000,0.011015
Q_ind_183_anc_2-1,0.000483,0.000000,0.000000,0.005772
Q_ind_184_anc_2-1,0.000258,0.000000,0.000000,0.002821
Q_ind_185_anc_2-1,0.000280,0.000000,0.000000,0.003089
Q_ind_186_anc_2-1,0.000507,0.000000,0.000000,0.006295
Q_ind_187_anc_2-1,0.009894,0.000000,0.000000,0.078124
Q_ind_188_anc_2-1,0.000638,0.000000,0.000000,0.007571
Q_ind_189_anc_2-1,0.016444,0.000000,0.000000,0.133803
Q_ind_190_anc_2-1,0.089800,0.100142,0.000000,0.206180
Q_ind_191_anc_2-1,0.064096,0.066541,0.000000,0.170451
Q_ind_192_anc_2-1,0.087632,0.099258,0.000000,0.195156
Q_ind_193_anc_2-1,0.119263,0.135746,0.000000,0.223983
Q_ind_194_anc_2-1,0.120054,0.124557,0.000008,0.207294
Q_ind_195_anc_2-1,0.072544,0.076594,0.000000,0.160307
Q_ind_196_anc_2-1,0.039509,0.000009,0.000000,0.190014
Q_ind_197_anc_2-1,0.022392,0.000001,0.000000,0.134417
Q_ind_198_anc_2-1,0.085711,0.092233,0.000000,0.216571
Q_ind_199_anc_2-1,0.074110,0.082850,0.000000,0.180114
Q_ind_200_anc_2-1,0.000444,0.000000,0.000000,0.005471
Q_ind_201_anc_2-1,0.022981,0.000000,0.000000,0.179267
Q_ind_202_anc_2-1,0.003398,0.000000,0.000000,0.038750
Q_ind_203_anc_2-1,0.000744,0.000000,0.000000,0.009223
Q_ind_204_anc_2-1,0.001680,0.000000,0.000000,0.024076
Q_ind_205_anc_2-1,0.000336,0.000000,0.000000,0.004120
Q_ind_206_anc_2-1,0.000296,0.000000,0.000000,0.004044
Q_ind_207_anc_2-1,0.000869,0.000000,0.000000,0.011494
Q_ind_208_anc_2-1,0.000319,0.000000,0.000000,0.004270
Q_ind_209_anc_2-1,0.001096,0.000000,0.000000,0.015740
Q_ind_210_anc_2-1,0.000936,0.000000,0.000000,0.012979
Q_ind_211_anc_2-1,0.000922,0.000000,0.000000,0.011402
Q_ind_212_anc_2-1,0.000643,0.000000,0.000000,0.006462
Q_ind_213_anc_2-1,0.001426,0.000000,0.000000,0.018179
Q_ind_214_anc_2-1,0.000400,0.000000,0.000000,0.004790
Q_ind_215_anc_2-1,0.000801,0.000000,0.000000,0.009351
Q_ind_216_anc_2-1,0.000666,0.000000,0.000000,0.008378
Q_ind_217_anc_2-1,0.001337,0.000000,0.000000,0.014692
Q_ind_218_anc_2-1,0.007839,0.000000,0.000000,0.065818
Q_ind_219_anc_2-1,0.000794,0.000000,0.000000,0.008750
Q_ind_220_anc_2-1,0.024243,0.000000,0.000000,0.190252
Q_ind_221_anc_2-1,0.008946,0.000000,0.000000,0.107816
Q_ind_222_anc_2-1,0.035626,0.000203,0.000000,0.165954
Q_ind_1_anc_2-2,0.000397,0.000000,0.000000,0.004222
Q_ind_2_anc_2-2,0.002431,0.000000,0.000000,0.028893
Q_ind_3_anc_2-2,0.025175,0.022700,0.000000,0.075831
Q_ind_4_anc_2-2,0.003881,0.000000,0.000000,0.029826
Q_ind_5_anc_2-2,0.000124,0.000000,0.000000,0.001270
Q_ind_6_anc_2-2,0.001712,0.000000,0.000000,0.021720
Q_ind_7_anc_2-2,0.005003,0.000000,0.000000,0.042824
Q_ind_8_anc_2-2,0.009422,0.000007,0.000000,0.047867
Q_ind_9_anc_2-2,0.014145,0.000296,0.000000,0.067567
Q_ind_10_anc_2-2,0.003266,0.000000,0.000000,0.032001
Q_ind_11_anc_2-2,0.004084,0.000000,0.000000,0.036521
Q_ind_12_anc_2-2,0.006827,0.000000,0.000000,0.044929
Q_ind_13_anc_2-2,0.000172,0.000000,0.000000,0.001911
Q_ind_14_anc_2-2,0.001241,0.000000,0.000000,0.015315
Q_ind_15_anc_2-2,0.000492,0.000000,0.000000,0.005667
Q_ind_16_anc_2-2,0.000418,0.000000,0.000000,0.004774
Q_ind_17_anc_2-2,0.000433,0.000000,0.000000,0.004338
Q_ind_18_anc_2-2,0.005802,0.000000,0.000000,0.041017
Q_ind_19_anc_2-2,0.000253,0.000000,0.000000,0.003206
Q_ind_20_anc_2-2,0.000083,0.000000,0.000000,0.000996
Q_ind_21_anc_2-2,0.538702,0.533526,0.460536,0.645500
Q_ind_22_anc_2-2,0.512576,0.507507,0.437831,0.615128
Q_ind_23_anc_2-2,0.526141,0.522364,0.458084,0.618743
Q_ind_24_anc_2-2,0.341114,0.342722,0.208522,0.514056
Q_ind_25_anc_2-2,0.476155,0.475562,0.391880,0.571741
Q_ind_26_anc_2-2,0.555406,0.551738,0.480054,0.660392
Q_ind_27_anc_2-2,0.528723,0.528182,0.444681,0.612580
Q_ind_28_anc_2-2,0.525296,0.519061,0.458896,0.625381
Q_ind_29_anc_2-2,0.522378,0.523089,0.407846,0.636889
Q_ind_30_anc_2-2,0.507267,0.502885,0.441083,0.603482
Q_ind_31_anc_2-2,0.001518,0.000000,0.000000,0.017049
Q_ind_32_anc_2-2,0.001319,0.000000,0.000000,0.018135
Q_ind_33_anc_2-2,0.001321,0.000000,0.000000,0.017241
Q_ind_34_anc_2-2,0.000800,0.000000,0.000000,0.011384
Q_ind_35_anc_2-2,0.000336,0.000000,0.000000,0.004261
Q_ind_36_anc_2-2,0.000098,0.000000,0.000000,0.000964
Q_ind_37_anc_2-2,0.000429,0.000000,0.000000,0.005651
Q_ind_38_anc_2-2,0.000557,0.000000,0.000000,0.007538
Q_ind_39_anc_2-2,0.000146,0.000000,0.000000,0.001741
Q_ind_40_anc_2-2,0.001146,0.000000,0.000000,0.015534
Q_ind_41_anc_2-2,0.000448,0.000000,0.000000,0.004548
Q_ind_42_anc_2-2,0.000207,0.000000,0.000000,0.002518
Q_ind_43_anc_2-2,0.000368,0.000000,0.000000,0.004767
Q_ind_44_anc_2-2,0.000696,0.000000,0.000000,0.008579
Q_ind_45_anc_2-2,0.000203,0.000000,0.000000,0.002283
Q_ind_46_anc_2-2,0.000151,0.000000,0.000000,0.001696
Q_ind_47_anc_2-2,0.000250,0.000000,0.000000,0.002757
Q_ind_48_anc_2-2,0.000162,0.000000,0.000000,0.001825
Q_ind_49_anc_2-2,0.000319,0.000000,0.000000,0.003135
Q_ind_50_anc_2-2,0.000176,0.000000,0.000000,0.002119
Q_ind_51_anc_2-2,0.000181,0.000000,0.000000,0.002008
Q_ind_52_anc_2-2,0.000183,0.000000,0.000000,0.002202
Q_ind_53_anc_2-2,0.000117,0.000000,0.000000,0.001253
Q_ind_54_anc_2-2,0.000456,0.000000,0.000000,0.006116
Q_ind_55_anc_2-2,0.000376,0.000000,0.000000,0.004463
Q_ind_56_anc_2-2,0.000173,0.000000,0.000000,0.001998
Q_ind_57_anc_2-2,0.000494,0.000000,0.000000,0.006265
Q_ind_58_anc_2-2,0.000179,0.000000,0.000000,0.001915
Q_ind_59_anc_2-2,0.000115,0.000000,0.000000,0.001278
Q_ind_60_anc_2-2,0.000215,0.000000,0.000000,0.002451
Q_ind_61_anc_2-2,0.000786,0.000000,0.000000,0.009918
Q_ind_62_anc_2-2,0.000320,0.000000,0.000000,0.003047
Q_ind_63_anc_2-2,0.000197,0.000000,0.000000,0.002246
Q_ind_64_anc_2-2,0.011026,0.000001,0.000000,0.058761
Q_ind_65_anc_2-2,0.008556,0.000000,0.000000,0.062611
Q_ind_66_anc_2-2,0.006838,0.000000,0.000000,0.062484
Q_ind_67_anc_2-2,0.000151,0.000000,0.000000,0.001953
Q_ind_68_anc_2-2,0.000178,0.000000,0.000000,0.001656
Q_ind_69_anc_2-2,0.028744,0.028613,0.000000,0.078960
Q_ind_70_anc_2-2,0.364256,0.363022,0.298105,0.438331
Q_ind_71_anc_2-2,0.381715,0.380256,0.323054,0.451018
Q_ind_72_anc_2-2,0.281741,0.276375,0.179834,0.429603
Q_ind_73_anc_2-2,0.393572,0.392739,0.318364,0.484632
Q_ind_74_anc_2-2,0.363295,0.363590,0.284455,0.432644
Q_ind_75_anc_2-2,0.380205,0.379213,0.298093,0.467170
Q_ind_76_anc_2-2,0.403843,0.401912,0.332681,0.478689
Q_ind_77_anc_2-2,0.375743,0.374533,0.296319,0.458989
Q_ind_78_anc_2-2,0.360452,0.357760,0.293522,0.436310
Q_ind_79_anc_2-2,0.367440,0.365416,0.307227,0.444063
Q_ind_80_anc_2-2,0.371796,0.371291,0.277279,0.471602
Q_ind_81_anc_2-2,0.003790,0.000000,0.000000,0.035259
Q_ind_82_anc_2-2,0.000751,0.000000,0.000000,0.010077
Q_ind_83_anc_2-2,0.000367,0.000000,0.000000,0.004853
Q_ind_84_anc_2-2,0.000162,0.000000,0.000000,0.001871
Q_ind_85_anc_2-2,0.000241,0.000000,0.000000,0.002892
Q_ind_86_anc_2-2,0.000434,0.000000,0.000000,0.005404
Q_ind_87_anc_2-2,0.000365,0.000000,0.000000,0.004539
Q_ind_88_anc_2-2,0.001034,0.000000,0.000000,0.014971
Q_ind_89_anc_2-2,0.000534,0.000000,0.000000,0.006513
Q_ind_90_anc_2-2,0.000903,0.000000,0.000000,0.011008
Q_ind_91_anc_2-2,0.000083,0.000000,0.000000,0.000890
Q_ind_92_anc_2-2,0.000070,0.000000,0.000000,0.000742
Q_ind_93_anc_2-2,0.000212,0.000000,0.000000,0.002599
Q_ind_94_anc_2-2,0.000113,0.000000,0.000000,0.001387
Q_ind_95_anc_2-2,0.000435,0.000000,0.000000,0.005315
Q_ind_96_anc_2-2,0.000131,0.000000,0.000000,0.001660
Q_ind_97_anc_2-2,0.000095,0.000000,0.000000,0.000992
Q_ind_98_anc_2-2,0.000652,0.000000,0.000000,0.007288
Q_ind_99_anc_2-2,0.009674,0.000000,0.000000,0.109315
Q_ind_100_anc_2-2,0.143459,0.141961,0.051709,0.232793
Q_ind_101_anc_2-2,0.130168,0.129354,0.061000,0.205125
Q_ind_102_anc_2-2,0.062998,0.050688,0.000000,0.190998
Q_ind_103_anc_2-2,0.092267,0.102074,0.000000,0.189569
Q_ind_104_anc_2-2,0.000804,0.000000,0.000000,0.010683
Q_ind_105_anc_2-2,0.165271,0.164666,0.098329,0.235528
Q_ind_106_anc_2-2,0.129740,0.133293,0.000017,0.209539
Q_ind_107_anc_2-2,0.000193,0.000000,0.000000,0.002193
Q_ind_108_anc_2-2,0.000260,0.000000,0.000000,0.003095
Q_ind_109_anc_2-2,0.000194,0.000000,0.000000,0.002372
Q_ind_110_anc_2-2,0.000381,0.000000,0.000000,0.004810
Q_ind_111_anc_2-2,0.000228,0.000000,0.000000,0.002604
Q_ind_112_anc_2-2,0.000308,0.000000,0.000000,0.003864
Q_ind_113_anc_2-2,0.000179,0.000000,0.000000,0.002214
Q_ind_114_anc_2-2,0.000726,0.000000,0.000000,0.009739
Q_ind_115_anc_2-2,0.000163,0.000000,0.000000,0.001744
Q_ind_116_anc_2-2,0.333769,0.332816,0.253369,0.425882
Q_ind_117_anc_2-2,0.314023,0.310392,0.243883,0.407111
Q_ind_118_anc_2-2,0.337989,0.336230,0.269339,0.410709
Q_ind_119_anc_2-2,0.305398,0.303185,0.217790,0.411375
Q_ind_120_anc_2-2,0.372633,0.361626,0.297023,0.490270
Q_ind_121_anc_2-2,0.399825,0.398322,0.327205,0.480398
Q_ind_122_anc_2-2,0.000968,0.000000,0.000000,0.012495
Q_ind_123_anc_2-2,0.000181,0.000000,0.000000,0.001966
Q_ind_124_anc_2-2,0.523632,0.515968,0.412140,0.669430
Q_ind_125_anc_2-2,0.500885,0.494003,0.415365,0.632304
Q_ind_126_anc_2-2,0.510948,0.504111,0.431892,0.639089
Q_ind_127_anc_2-2,0.515706,0.508513,0.416129,0.663685
Q_ind_128_anc_2-2,0.438039,0.436547,0.369201,0.519022
Q_ind_129_anc_2-2,0.024290,0.000001,0.000000,0.179840
Q_ind_130_anc_2-2,0.334163,0.326143,0.243130,0.453209
Q_ind_131_anc_2-2,0.469884,0.465506,0.376568,0.589958
Q_ind_132_anc_2-2,0.489806,0.482528,0.396867,0.631528
Q_ind_133_anc_2-2,0.000142,0.000000,0.000000,0.001510
Q_ind_134_anc_2-2,0.436691,0.431202,0.342132,0.550388
Q_ind_135_anc_2-2,0.496692,0.493222,0.421608,0.592026
Q_ind_136_anc_2-2,0.003184,0.000000,0.000000,0.031237
Q_ind_137_anc_2-2,0.000284,0.000000,0.000000,0.003455
Q_ind_138_anc_2-2,0.001094,0.000000,0.000000,0.013780
Q_ind_139_anc_2-2,0.001143,0.000000,0.000000,0.014467
Q_ind_140_anc_2-2,0.000945,0.000000,0.000000,0.011822
Q_ind_141_anc_2-2,0.000168,0.000000,0.000000,0.002049
Q_ind_142_anc_2-2,0.002053,0.000000,0.000000,0.025977
Q_ind_143_anc_2-2,0.001136,0.000000,0.000000,0.015474
Q_ind_144_anc_2-2,0.004604,0.000000,0.000000,0.038876
Q_ind_145_anc_2-2,0.185339,0.186784,0.117145,0.247401
Q_ind_146_anc_2-2,0.202531,0.201703,0.138292,0.271141
Q_ind_147_anc_2-2,0.277142,0.277621,0.213747,0.334788
Q_ind_148_anc_2-2,0.006539,0.000000,0.000000,0.084342
Q_ind_149_anc_2-2,0.000244,0.000000,0.000000,0.003202
Q_ind_150_anc_2-2,0.563083,0.563270,0.427237,0.690201
Q_ind_151_anc_2-2,0.540239,0.534651,0.471326,0.645624
Q_ind_152_anc_2-2,0.539624,0.533145,0.456448,0.662741
Q_ind_153_anc_2-2,0.405905,0.402700,0.301788,0.565200
Q_ind_154_anc_2-2,0.529274,0.520447,0.453287,0.663773
Q_ind_155_anc_2-2,0.005146,0.000000,0.000000,0.052856
Q_ind_156_anc_2-2,0.001173,0.000000,0.000000,0.017696
Q_ind_157_anc_2-2,0.087629,0.081945,0.000000,0.264474
Q_ind_158_anc_2-2,0.183733,0.164617,0.105935,0.334140
Q_ind_159_anc_2-2,0.152780,0.138567,0.081723,0.279260
Q_ind_160_anc_2-2,0.211724,0.199467,0.143335,0.329159
Q_ind_161_anc_2-2,0.112738,0.121017,0.000000,0.224865
Q_ind_162_anc_2-2,0.134261,0.112945,0.049359,0.292207
Q_ind_163_anc_2-2,0.175691,0.161537,0.100423,0.304142
Q_ind_164_anc_2-2,0.001437,0.000000,0.000000,0.018863
Q_ind_165_anc_2-2,0.175257,0.175515,0.094351,0.249474
Q_ind_166_anc_2-2,0.161509,0.162239,0.078572,0.236057
Q_ind_167_anc_2-2,0.001335,0.000000,0.000000,0.017796
Q_ind_168_anc_2-2,0.242025,0.240614,0.157070,0.335704
Q_ind_169_anc_2-2,0.000296,0.000000,0.000000,0.003061
Q_ind_170_anc_2-2,0.175489,0.170827,0.054269,0.309022
Q_ind_171_anc_2-2,0.000285,0.000000,0.000000,0.003238
Q_ind_172_anc_2-2,0.000781,0.000000,0.000000,0.009823
Q_ind_173_anc_2-2,0.000139,0.000000,0.000000,0.001609
Q_ind_174_anc_2-2,0.000523,0.000000,0.000000,0.006580
Q_ind_175_anc_2-2,0.000403,0.000000,0.000000,0.004950
Q_ind_176_anc_2-2,0.000270,0.000000,0.000000,0.003227
Q_ind_177_anc_2-2,0.004722,0.000000,0.000000,0.045552
Q_ind_178_anc_2-2,0.000108,0.000000,0.000000,0.001188
Q_ind_179_anc_2-2,0.000721,0.000000,0.000000,0.010566
Q_ind_180_anc_2-2,0.012780,0.000116,0.000000,0.057331
Q_ind_181_anc_2-2,0.019109,0.003919,0.000000,0.066542
Q_ind_182_anc_2-2,0.000442,0.000000,0.000000,0.004444
Q_ind_183_anc_2-2,0.000347,0.000000,0.000000,0.004379
Q_ind_184_anc_2-2,0.013352,0.010883,0.000000,0.044878
Q_ind_185_anc_2-2,0.000104,0.000000,0.000000,0.001255
Q_ind_186_anc_2-2,0.002310,0.000000,0.000000,0.027749
Q_ind_187_anc_2-2,0.002853,0.000000,0.000000,0.032541
Q_ind_188_anc_2-2,0.002545,0.000000,0.000000,0.024455
Q_ind_189_anc_2-2,0.000108,0.000000,0.000000,0.001082
Q_ind_190_anc_2-2,0.210288,0.209150,0.099668,0.321348
Q_ind_191_anc_2-2,0.224596,0.219999,0.138959,0.351420
Q_ind_192_anc_2-2,0.115912,0.112550,0.000000,0.291713
Q_ind_193_anc_2-2,0.193303,0.191912,0.097012,0.292826
Q_ind_194_anc_2-2,0.200437,0.196858,0.087423,0.332036
Q_ind_195_anc_2-2,0.023802,0.000002,0.000000,0.138568
Q_ind_196_anc_2-2,0.221323,0.220976,0.134012,0.314181
Q_ind_197_anc_2-2,0.233002,0.232896,0.154855,0.313277
Q_ind_198_anc_2-2,0.054089,0.022872,0.000000,0.187039
Q_ind_199_anc_2-2,0.226592,0.223903,0.129893,0.361107
Q_ind_200_anc_2-2,0.000147,0.000000,0.000000,0.001670
Q_ind_201_anc_2-2,0.000190,0.000000,0.000000,0.002231
Q_ind_202_anc_2-2,0.000540,0.000000,0.000000,0.007134
Q_ind_203_anc_2-2,0.000168,0.000000,0.000000,0.002202
Q_ind_204_anc_2-2,0.001576,0.000000,0.000000,0.022919
Q_ind_205_anc_2-2,0.000408,0.000000,0.000000,0.004630
Q_ind_206_anc_2-2,0.000285,0.000000,0.000000,0.003764
Q_ind_207_anc_2-2,0.004481,0.000000,0.000000,0.035601
Q_ind_208_anc_2-2,0.000169,0.000000,0.000000,0.002282
Q_ind_209_anc_2-2,0.000209,0.000000,0.000000,0.002360
Q_ind_210_anc_2-2,0.001874,0.000000,0.000000,0.021449
Q_ind_211_anc_2-2,0.000246,0.000000,0.000000,0.002513
Q_ind_212_anc_2-2,0.000388,0.000000,0.000000,0.004685
Q_ind_213_anc_2-2,0.002221,0.000000,0.000000,0.020892
Q_ind_214_anc_2-2,0.000198,0.000000,0.000000,0.002471
Q_ind_215_anc_2-2,0.000172,0.000000,0.000000,0.002348
Q_ind_216_anc_2-2,0.000123,0.000000,0.000000,0.001433
Q_ind_217_anc_2-2,0.000228,0.000000,0.000000,0.002754
Q_ind_218_anc_2-2,0.000446,0.000000,0.000000,0.005662
Q_ind_219_anc_2-2,0.000236,0.000000,0.000000,0.002781
Q_ind_220_anc_2-2,0.000103,0.000000,0.000000,0.001228
Q_ind_221_anc_2-2,0.006870,0.000000,0.000000,0.047038
Q_ind_222_anc_2-2,0.000110,0.000000,0.000000,0.001221
Q_ind_1_anc_3-1,0.000527,0.000000,0.000000,0.007752
Q_ind_2_anc_3-1,0.000212,0.000000,0.000000,0.002488
Q_ind_3_anc_3-1,0.000690,0.000000,0.000000,0.008368
Q_ind_4_anc_3-1,0.000323,0.000000,0.000000,0.003600
Q_ind_5_anc_3-1,0.000349,0.000000,0.000000,0.004277
Q_ind_6_anc_3-1,0.000257,0.000000,0.000000,0.003459
Q_ind_7_anc_3-1,0.000660,0.000000,0.000000,0.008384
Q_ind_8_anc_3-1,0.000197,0.000000,0.000000,0.002158
Q_ind_9_anc_3-1,0.000303,0.000000,0.000000,0.003461
Q_ind_10_anc_3-1,0.000156,0.000000,0.000000,0.001727
Q_ind_11_anc_3-1,0.000653,0.000000,0.000000,0.007931
Q_ind_12_anc_3-1,0.000297,0.000000,0.000000,0.003496
Q_ind_13_anc_3-1,0.000389,0.000000,0.000000,0.004170
Q_ind_14_anc_3-1,0.000445,0.000000,0.000000,0.005253
Q_ind_15_anc_3-1,0.001428,0.000000,0.000000,0.017374
Q_ind_16_anc_3-1,0.000396,0.000000,0.000000,0.004505
Q_ind_17_anc_3-1,0.000727,0.000000,0.000000,0.008797
Q_ind_18_anc_3-1,0.000636,0.000000,0.000000,0.007973
Q_ind_19_anc_3-1,0.000421,0.000000,0.000000,0.004242
Q_ind_20_anc_3-1,0.000141,0.000000,0.000000,0.001752
Q_ind_21_anc_3-1,0.000258,0.000000,0.000000,0.003271
Q_ind_22_anc_3-1,0.000642,0.000000,0.000000,0.008866
Q_ind_23_anc_3-1,0.000244,0.000000,0.000000,0.003000
Q_ind_24_anc_3-1,0.000541,0.000000,0.000000,0.006997
Q_ind_25_anc_3-1,0.000602,0.000000,0.000000,0.008237
Q_ind_26_anc_3-1,0.000404,0.000000,0.000000,0.004476
Q_ind_27_anc_3-1,0.000498,0.000000,0.000000,0.005046
Q_ind_28_anc_3-1,0.000290,0.000000,0.000000,0.003412
Q_ind_29_anc_3-1,0.000655,0.000000,0.000000,0.008468
Q_ind_30_anc_3-1,0.001209,0.000000,0.000000,0.014917
Q_ind_31_anc_3-1,0.000543,0.000000,0.000000,0.007644
Q_ind_32_anc_3-1,0.000277,0.000000,0.000000,0.002986
Q_ind_33_anc_3-1,0.001282,0.000000,0.000000,0.017375
Q_ind_34_anc_3-1,0.000517,0.000000,0.000000,0.006188
Q_ind_35_anc_3-1,0.001762,0.000000,0.000000,0.022473
Q_ind_36_anc_3-1,0.000595,0.000000,0.000000,0.007727
Q_ind_37_anc_3-1,0.000735,0.000000,0.000000,0.008793
Q_ind_38_anc_3-1,0.000598,0.000000,0.000000,0.007125
Q_ind_39_anc_3-1,0.067966,0.076347,0.000000,0.173865
Q_ind_40_anc_3-1,0.006645,0.000000,0.000000,0.085615
Q_ind_41_anc_3-1,0.000432,0.000000,0.000000,0.005036
Q_ind_42_anc_3-1,0.000307,0.000000,0.000000,0.003116
Q_ind_43_anc_3-1,0.000119,0.000000,0.000000,0.001323
Q_ind_44_anc_3-1,0.000533,0.000000,0.000000,0.006343
Q_ind_45_anc_3-1,0.001582,0.000000,0.000000,0.021416
Q_ind_46_anc_3-1,0.001374,0.000000,0.000000,0.018238
Q_ind_47_anc_3-1,0.000291,0.000000,0.000000,0.003685
Q_ind_48_anc_3-1,0.000631,0.000000,0.000000,0.007685
Q_ind_49_anc_3-1,0.001463,0.000000,0.000000,0.017140
Q_ind_50_anc_3-1,0.000207,0.000000,0.000000,0.002355
Q_ind_51_anc_3-1,0.000311,0.000000,0.000000,0.003908
Q_ind_52_anc_3-1,0.000447,0.000000,0.000000,0.004350
Q_ind_53_anc_3-1,0.000281,0.000000,0.000000,0.003231
Q_ind_54_anc_3-1,0.000319,0.000000,0.000000,0.004043
Q_ind_55_anc_3-1,0.000601,0.000000,0.000000,0.009043
Q_ind_56_anc_3-1,0.000177,0.000000,0.000000,0.002291
Q_ind_57_anc_3-1,0.000326,0.000000,0.000000,0.004032
Q_ind_58_anc_3-1,0.000442,0.000000,0.000000,0.005886
Q_ind_59_anc_3-1,0.000976,0.000000,0.000000,0.012775
Q_ind_60_anc_3-1,0.001061,0.000000,0.000000,0.013663
Q_ind_61_anc_3-1,0.001012,0.000000,0.000000,0.013748
Q_ind_62_anc_3-1,0.000552,0.000000,0.000000,0.006593
Q_ind_63_anc_3-1,0.001122,0.000000,0.000000,0.012930
Q_ind_64_anc_3-1,0.000327,0.000000,0.000000,0.003934
Q_ind_65_anc_3-1,0.002019,0.000000,0.000000,0.025555
Q_ind_66_anc_3-1,0.000747,0.000000,0.000000,0.010008
Q_ind_67_anc_3-1,0.034424,0.009497,0.000000,0.114099
Q_ind_68_anc_3-1,0.002861,0.000000,0.000000,0.035336
Q_ind_69_anc_3-1,0.000270,0.000000,0.000000,0.003503
Q_ind_70_anc_3-1,0.000226,0.000000,0.000000,0.002887
Q_ind_71_anc_3-1,0.000146,0.000000,0.000000,0.001767
Q_ind_72_anc_3-1,0.000140,0.000000,0.000000,0.001666
Q_ind_73_anc_3-1,0.000131,0.000000,0.000000,0.001337
Q_ind_74_anc_3-1,0.000388,0.000000,0.000000,0.004892
Q_ind_75_anc_3-1,0.000280,0.000000,0.000000,0.003591
Q_ind_76_anc_3-1,0.000278,0.000000,0.000000,0.003539
Q_ind_77_anc_3-1,0.000148,0.000000,0.000000,0.001723
Q_ind_78_anc_3-1,0.000286,0.000000,0.000000,0.003533
Q_ind_79_anc_3-1,0.000245,0.000000,0.000000,0.002644
Q_ind_80_anc_3-1,0.000131,0.000000,0.000000,0.001683
Q_ind_81_anc_3-1,0.000846,0.000000,0.000000,0.010870
Q_ind_82_anc_3-1,0.000464,0.000000,0.000000,0.005927
Q_ind_83_anc_3-1,0.000517,0.000000,0.000000,0.006034
Q_ind_84_anc_3-1,0.001042,0.000000,0.000000,0.012732
Q_ind_85_anc_3-1,0.000947,0.000000,0.000000,0.009449
Q_ind_86_anc_3-1,0.001106,0.000000,0.000000,0.014609
Q_ind_87_anc_3-1,0.000557,0.000000,0.000000,0.007314
Q_ind_88_anc_3-1,0.002575,0.000000,0.000000,0.026676
Q_ind_89_anc_3-1,0.000566,0.000000,0.000000,0.007841
Q_ind_90_anc_3-1,0.000479,0.000000,0.000000,0.004721
Q_ind_91_anc_3-1,0.000169,0.000000,0.000000,0.002218
Q_ind_92_anc_3-1,0.000243,0.000000,0.000000,0.003186
Q_ind_93_anc_3-1,0.000143,0.000000,0.000000,0.001746
Q_ind_94_anc_3-1,0.000129,0.000000,0.000000,0.001649
Q_ind_95_anc_3-1,0.000321,0.000000,0.000000,0.004270
Q_ind_96_anc_3-1,0.000110,0.000000,0.000000,0.001224
Q_ind_97_anc_3-1,0.000530,0.000000,0.000000,0.006295
Q_ind_98_anc_3-1,0.000834,0.000000,0.000000,0.010877
Q_ind_99_anc_3-1,0.000913,0.000000,0.000000,0.010388
Q_ind_100_anc_3-1,0.022063,0.000001,0.000000,0.123955
Q_ind_101_anc_3-1,0.019599,0.000001,0.000000,0.121437
Q_ind_102_anc_3-1,0.003128,0.000000,0.000000,0.036584
Q_ind_103_anc_3-1,0.000956,0.000000,0.000000,0.011751
Q_ind_104_anc_3-1,0.020908,0.000000,0.000000,0.134181
Q_ind_105_anc_3-1,0.004186,0.000000,0.000000,0.059798
Q_ind_106_anc_3-1,0.001503,0.000000,0.000000,0.019413
Q_ind_107_anc_3-1,0.000531,0.000000,0.000000,0.006095
Q_ind_108_anc_3-1,0.001100,0.000000,0.000000,0.014665
Q_ind_109_anc_3-1,0.000230,0.000000,0.000000,0.002534
Q_ind_110_anc_3-1,0.000510,0.000000,0.000000,0.006360
Q_ind_111_anc_3-1,0.000493,0.000000,0.000000,0.005886
Q_ind_112_anc_3-1,0.000243,0.000000,0.000000,0.002595
Q_ind_113_anc_3-1,0.000193,0.000000,0.000000,0.002237
Q_ind_114_anc_3-1,0.000338,0.000000,0.000000,0.003959
Q_ind_115_anc_3-1,0.000100,0.000000,0.000000,0.001056
Q_ind_116_anc_3-1,0.000294,0.000000,0.000000,0.003587
Q_ind_117_anc_3-1,0.004782,0.000000,0.000000,0.039514
Q_ind_118_anc_3-1,0.000367,0.000000,0.000000,0.004288
Q_ind_119_anc_3-1,0.000470,0.000000,0.000000,0.006234
Q_ind_120_anc_3-1,0.000219,0.000000,0.000000,0.002254
Q_ind_121_anc_3-1,0.000525,0.000000,0.000000,0.007290
Q_ind_122_anc_3-1,0.001866,0.000000,0.000000,0.021627
Q_ind_123_anc_3-1,0.000595,0.000000,0.000000,0.007876
Q_ind_124_anc_3-1,0.003217,0.000000,0.000000,0.030740
Q_ind_125_anc_3-1,0.001507,0.000000,0.000000,0.019054
Q_ind_126_anc_3-1,0.005396,0.000000,0.000000,0.046558
Q_ind_127_anc_3-1,0.000974,0.000000,0.000000,0.013552
Q_ind_128_anc_3-1,0.000346,0.000000,0.000000,0.004148
Q_ind_129_anc_3-1,0.000203,0.000000,0.000000,0.002403
Q_ind_130_anc_3-1,0.001219,0.000000,0.000000,0.016459
Q_ind_131_anc_3-1,0.002303,0.000000,0.000000,0.025592
Q_ind_132_anc_3-1,0.004086,0.000000,0.000000,0.037633
Q_ind_133_anc_3-1,0.015586,0.000000,0.000000,0.110050
Q_ind_134_anc_3-1,0.001694,0.000000,0.000000,0.021846
Q_ind_135_anc_3-1,0.001066,0.000000,0.000000,0.014252
Q_ind_136_anc_3-1,0.000214,0.000000,0.000000,0.002788
Q_ind_137_anc_3-1,0.000662,0.000000,0.000000,0.008805
Q_ind_138_anc_3-1,0.000196,0.000000,0.000000,0.002272
Q_ind_139_anc_3-1,0.000215,0.000000,0.000000,0.002458
Q_ind_140_anc_3-1,0.000168,0.000000,0.000000,0.001706
Q_ind_141_anc_3-1,0.000263,0.000000,0.000000,0.003055
Q_ind_142_anc_3-1,0.000140,0.000000,0.000000,0.001357
Q_ind_143_anc_3-1,0.000159,0.000000,0.000000,0.001737
Q_ind_144_anc_3-1,0.000500,0.000000,0.000000,0.006207
Q_ind_145_anc_3-1,0.003690,0.000000,0.000000,0.053045
Q_ind_146_anc_3-1,0.002344,0.000000,0.000000,0.030490
Q_ind_147_anc_3-1,0.001058,0.000000,0.000000,0.014897
Q_ind_148_anc_3-1,0.001704,0.000000,0.000000,0.021530
Q_ind_149_anc_3-1,0.000885,0.000000,0.000000,0.010799
Q_ind_150_anc_3-1,0.000292,0.000000,0.000000,0.003603
Q_ind_151_anc_3-1,0.000248,0.000000,0.000000,0.003105
Q_ind_152_anc_3-1,0.000518,0.000000,0.000000,0.006445
Q_ind_153_anc_3-1,0.000145,0.000000,0.000000,0.001442
Q_ind_154_anc_3-1,0.000759,0.000000,0.000000,0.009428
Q_ind_155_anc_3-1,0.000512,0.000000,0.000000,0.006835
Q_ind_156_anc_3-1,0.001750,0.000000,0.000000,0.023199
Q_ind_157_anc_3-1,0.000175,0.000000,0.000000,0.001709
Q_ind_158_anc_3-1,0.000090,0.000000,0.000000,0.001037
Q_ind_159_anc_3-1,0.000099,0.000000,0.000000,0.001105
Q_ind_160_anc_3-1,0.000129,0.000000,0.000000,0.001372
Q_ind_161_anc_3-1,0.000637,0.000000,0.000000,0.007844
Q_ind_162_anc_3-1,0.000209,0.000000,0.000000,0.002687
Q_ind_163_anc_3-1,0.000116,0.000000,0.000000,0.001363
Q_ind_164_anc_3-1,0.000352,0.000000,0.000000,0.004917
Q_ind_165_anc_3-1,0.002602,0.000000,0.000000,0.029608
Q_ind_166_anc_3-1,0.001469,0.000000,0.000000,0.018442
Q_ind_167_anc_3-1,0.004225,0.000000,0.000000,0.043748
Q_ind_168_anc_3-1,0.001763,0.000000,0.000000,0.023436
Q_ind_169_anc_3-1,0.058839,0.060609,0.000000,0.140526
Q_ind_170_anc_3-1,0.000909,0.000000,0.000000,0.011065
Q_ind_171_anc_3-1,0.000227,0.000000,0.000000,0.002474
Q_ind_172_anc_3-1,0.001586,0.000000,0.000000,0.019307
Q_ind_173_anc_3-1,0.000156,0.000000,0.000000,0.001883
Q_ind_174_anc_3-1,0.001434,0.000000,0.000000,0.021282
Q_ind_175_anc_3-1,0.000288,0.000000,0.000000,0.003908
Q_ind_176_anc_3-1,0.000159,0.000000,0.000000,0.001757
Q_ind_177_anc_3-1,0.000465,0.000000,0.000000,0.005824
Q_ind_178_anc_3-1,0.001899,0.000000,0.000000,0.024842
Q_ind_179_anc_3-1,0.000379,0.000000,0.000000,0.004964
Q_ind_180_anc_3-1,0.000552,0.000000,0.000000,0.007703
Q_ind_181_anc_3-1,0.000471,0.000000,0.000000,0.006002
Q_ind_182_anc_3-1,0.000757,0.000000,0.000000,0.010021
Q_ind_183_anc_3-1,0.000694,0.000000,0.000000,0.007903
Q_ind_184_anc_3-1,0.000442,0.000000,0.000000,0.005865
Q_ind_185_anc_3-1,0.000991,0.000000,0.000000,0.014057
Q_ind_186_anc_3-1,0.000502,0.000000,0.000000,0.006733
Q_ind_187_anc_3-1,0.052023,0.000099,0.000000,0.215411
Q_ind_188_anc_3-1,0.000656,0.000000,0.000000,0.007629
Q_ind_189_anc_3-1,0.004511,0.000000,0.000000,0.066715
Q_ind_190_anc_3-1,0.001286,0.000000,0.000000,0.015860
Q_ind_191_anc_3-1,0.016136,0.000004,0.000000,0.079445
Q_ind_192_anc_3-1,0.004516,0.000000,0.000000,0.044939
Q_ind_193_anc_3-1,0.001838,0.000000,0.000000,0.024663
Q_ind_194_anc_3-1,0.001259,0.000000,0.000000,0.016312
Q_ind_195_anc_3-1,0.000861,0.000000,0.000000,0.007883
Q_ind_196_anc_3-1,0.003634,0.000000,0.000000,0.057150
Q_ind_197_anc_3-1,0.007238,0.000000,0.000000,0.048030
Q_ind_198_anc_3-1,0.021445,0.000002,0.000000,0.102134
Q_ind_199_anc_3-1,0.003395,0.000000,0.000000,0.043724
Q_ind_200_anc_3-1,0.000384,0.000000,0.000000,0.004873
Q_ind_201_anc_3-1,0.001961,0.000000,0.000000,0.025504
Q_ind_202_anc_3-1,0.001663,0.000000,0.000000,0.022665
Q_ind_203_anc_3-1,0.000656,0.000000,0.000000,0.007030
Q_ind_204_anc_3-1,0.019238,0.000009,0.000000,0.089747
Q_ind_205_anc_3-1,0.001240,0.000000,0.000000,0.015916
Q_ind_206_anc_3-1,0.005244,0.000000,0.000000,0.050313
Q_ind_207_anc_3-1,0.003426,0.000000,0.000000,0.050672
Q_ind_208_anc_3-1,0.000627,0.000000,0.000000,0.008102
Q_ind_209_anc_3-1,0.015168,0.000002,0.000000,0.087879
Q_ind_210_anc_3-1,0.000759,0.000000,0.000000,0.010749
Q_ind_211_anc_3-1,0.000294,0.000000,0.000000,0.003634
Q_ind_212_anc_3-1,0.001450,0.000000,0.000000,0.020776
Q_ind_213_anc_3-1,0.000382,0.000000,0.000000,0.004686
Q_ind_214_anc_3-1,0.000368,0.000000,0.000000,0.004123
Q_ind_215_anc_3-1,0.006139,0.000000,0.000000,0.048121
Q_ind_216_anc_3-1,0.000453,0.000000,0.000000,0.005201
Q_ind_217_anc_3-1,0.001529,0.000000,0.000000,0.020410
Q_ind_218_anc_3-1,0.000322,0.000000,0.000000,0.004207
Q_ind_219_anc_3-1,0.000163,0.000000,0.000000,0.001845
Q_ind_220_anc_3-1,0.001289,0.000000,0.000000,0.016709
Q_ind_221_anc_3-1,0.000198,0.000000,0.000000,0.002356
Q_ind_222_anc_3-1,0.001264,0.000000,0.000000,0.016079
Q_ind_1_anc_3-2,0.065013,0.082302,0.000000,0.136882
Q_ind_2_anc_3-2,0.004923,0.000000,0.000000,0.062873
Q_ind_3_anc_3-2,0.001253,0.000000,0.000000,0.018587
Q_ind_4_anc_3-2,0.004171,0.000000,0.000000,0.041630
Q_ind_5_anc_3-2,0.001607,0.000000,0.000000,0.019529
Q_ind_6_anc_3-2,0.008589,0.000000,0.000000,0.066967
Q_ind_7_anc_3-2,0.030833,0.000769,0.000000,0.123466
Q_ind_8_anc_3-2,0.000715,0.000000,0.000000,0.007860
Q_ind_9_anc_3-2,0.007452,0.000000,0.000000,0.068326
Q_ind_10_anc_3-2,0.000614,0.000000,0.000000,0.008030
Q_ind_11_anc_3-2,0.009511,0.000000,0.000000,0.073794
Q_ind_12_anc_3-2,0.000383,0.000000,0.000000,0.004595
Q_ind_13_anc_3-2,0.000179,0.000000,0.000000,0.002098
Q_ind_14_anc_3-2,0.000251,0.000000,0.000000,0.002568
Q_ind_15_anc_3-2,0.000712,0.000000,0.000000,0.009272
Q_ind_16_anc_3-2,0.000494,0.000000,0.000000,0.006077
Q_ind_17_anc_3-2,0.000369,0.000000,0.000000,0.004315
Q_ind_18_anc_3-2,0.000696,0.000000,0.000000,0.009234
Q_ind_19_anc_3-2,0.000968,0.000000,0.000000,0.012118
Q_ind_20_anc_3-2,0.000128,0.000000,0.000000,0.001588
Q_ind_21_anc_3-2,0.000313,0.000000,0.000000,0.003205
Q_ind_22_anc_3-2,0.000692,0.000000,0.000000,0.008097
Q_ind_23_anc_3-2,0.000662,0.000000,0.000000,0.008165
Q_ind_24_anc_3-2,0.027968,0.008119,0.000000,0.097172
Q_ind_25_anc_3-2,0.000603,0.000000,0.000000,0.008292
Q_ind_26_anc_3-2,0.000854,0.000000,0.000000,0.009705
Q_ind_27_anc_3-2,0.000315,0.000000,0.000000,0.003879
Q_ind_28_anc_3-2,0.001516,0.000000,0.000000,0.019918
Q_ind_29_anc_3-2,0.000782,0.000000,0.000000,0.009057
Q_ind_30_anc_3-2,0.000457,0.000000,0.000000,0.005381
Q_ind_31_anc_3-2,0.001141,0.000000,0.000000,0.015236
Q_ind_32_anc_3-2,0.001644,0.000000,0.000000,0.020444
Q_ind_33_anc_3-2,0.003616,0.000000,0.000000,0.043859
Q_ind_34_anc_3-2,0.000479,0.000000,0.000000,0.003942
Q_ind_35_anc_3-2,0.002330,0.000000,0.000000,0.032635
Q_ind_36_anc_3-2,0.000489,0.000000,0.000000,0.005378
Q_ind_37_anc_3-2,0.000804,0.000000,0.000000,0.011055
Q_ind_38_anc_3-2,0.001917,0.000000,0.000000,0.025583
Q_ind_39_anc_3-2,0.048401,0.000022,0.000000,0.186144
Q_ind_40_anc_3-2,0.008044,0.000000,0.000000,0.061517
Q_ind_41_anc_3-2,0.115989,0.118764,0.000000,0.194509
Q_ind_42_anc_3-2,0.000188,0.000000,0.000000,0.002043
Q_ind_43_anc_3-2,0.000172,0.000000,0.000000,0.002190
Q_ind_44_anc_3-2,0.000438,0.000000,0.000000,0.005977
Q_ind_45_anc_3-2,0.000202,0.000000,0.000000,0.001917
Q_ind_46_anc_3-2,0.000424,0.000000,0.000000,0.005484
Q_ind_47_anc_3-2,0.000212,0.000000,0.000000,0.002122
Q_ind_48_anc_3-2,0.000322,0.000000,0.000000,0.003433
Q_ind_49_anc_3-2,0.000329,0.000000,0.000000,0.004028
Q_ind_50_anc_3-2,0.000135,0.000000,0.000000,0.001512
Q_ind_51_anc_3-2,0.000151,0.000000,0.000000,0.001852
Q_ind_52_anc_3-2,0.000200,0.000000,0.000000,0.002445
Q_ind_53_anc_3-2,0.000154,0.000000,0.000000,0.001638
Q_ind_54_anc_3-2,0.000292,0.000000,0.000000,0.003393
Q_ind_55_anc_3-2,0.000791,0.000000,0.000000,0.010998
Q_ind_56_anc_3-2,0.000130,0.000000,0.000000,0.001413
Q_ind_57_anc_3-2,0.000168,0.000000,0.000000,0.001547
Q_ind_58_anc_3-2,0.000214,0.000000,0.000000,0.002482
Q_ind_59_anc_3-2,0.000491,0.000000,0.000000,0.006082
Q_ind_60_anc_3-2,0.000263,0.000000,0.000000,0.003207
Q_ind_61_anc_3-2,0.000746,0.000000,0.000000,0.009900
Q_ind_62_anc_3-2,0.000312,0.000000,0.000000,0.003752
Q_ind_63_anc_3-2,0.000225,0.000000,0.000000,0.002761
Q_ind_64_anc_3-2,0.000204,0.000000,0.000000,0.002475
Q_ind_65_anc_3-2,0.002269,0.000000,0.000000,0.026803
Q_ind_66_anc_3-2,0.000464,0.000000,0.000000,0.005758
Q_ind_67_anc_3-2,0.000454,0.000000,0.000000,0.006218
Q_ind_68_anc_3-2,0.000263,0.000000,0.000000,0.002621
Q_ind_69_anc_3-2,0.000165,0.000000,0.000000,0.002051
Q_ind_70_anc_3-2,0.000266,0.000000,0.000000,0.002995
Q_ind_71_anc_3-2,0.000240,0.000000,0.000000,0.002858
Q_ind_72_anc_3-2,0.000213,0.000000,0.000000,0.002403
Q_ind_73_anc_3-2,0.000228,0.000000,0.000000,0.002516
Q_ind_74_anc_3-2,0.000416,0.000000,0.000000,0.004536
Q_ind_75_anc_3-2,0.000603,0.000000,0.000000,0.007088
Q_ind_76_anc_3-2,0.000497,0.000000,0.000000,0.006280
Q_ind_77_anc_3-2,0.000482,0.000000,0.000000,0.005621
Q_ind_78_anc_3-2,0.000355,0.000000,0.000000,0.004409
Q_ind_79_anc_3-2,0.000291,0.000000,0.000000,0.003650
Q_ind_80_anc_3-2,0.000383,0.000000,0.000000,0.003545
Q_ind_81_anc_3-2,0.004318,0.000000,0.000000,0.041238
Q_ind_82_anc_3-2,0.000417,0.000000,0.000000,0.004755
Q_ind_83_anc_3-2,0.001310,0.000000,0.000000,0.016859
Q_ind_84_anc_3-2,0.000230,0.000000,0.000000,0.002295
Q_ind_85_anc_3-2,0.001608,0.000000,0.000000,0.019699
Q_ind_86_anc_3-2,0.000395,0.000000,0.000000,0.004979
Q_ind_87_anc_3-2,0.000878,0.000000,0.000000,0.008553
Q_ind_88_anc_3-2,0.001267,0.000000,0.000000,0.016494
Q_ind_89_anc_3-2,0.000318,0.000000,0.000000,0.003455
Q_ind_90_anc_3-2,0.000258,0.000000,0.000000,0.002896
Q_ind_91_anc_3-2,0.000249,0.000000,0.000000,0.003088
Q_ind_92_anc_3-2,0.000215,0.000000,0.000000,0.002133
Q_ind_93_anc_3-2,0.000149,0.000000,0.000000,0.001706
Q_ind_94_anc_3-2,0.000128,0.000000,0.000000,0.001506
Q_ind_95_anc_3-2,0.000219,0.000000,0.000000,0.002462
Q_ind_96_anc_3-2,0.000089,0.000000,0.000000,0.001016
Q_ind_97_anc_3-2,0.000165,0.000000,0.000000,0.001721
Q_ind_98_anc_3-2,0.000616,0.000000,0.000000,0.007582
Q_ind_99_anc_3-2,0.001217,0.000000,0.000000,0.012913
Q_ind_100_anc_3-2,0.017421,0.000000,0.000000,0.114662
Q_ind_101_anc_3-2,0.000405,0.000000,0.000000,0.004684
Q_ind_102_anc_3-2,0.006918,0.000000,0.000000,0.071683
Q_ind_103_anc_3-2,0.043240,0.000054,0.000000,0.159521
Q_ind_104_anc_3-2,0.004278,0.000000,0.000000,0.071256
Q_ind_105_anc_3-2,0.001835,0.000000,0.000000,0.019541
Q_ind_106_anc_3-2,0.002616,0.000000,0.000000,0.033239
Q_ind_107_anc_3-2,0.000141,0.000000,0.000000,0.001578
Q_ind_108_anc_3-2,0.001176,0.000000,0.000000,0.015487
Q_ind_109_anc_3-2,0.000144,0.000000,0.000000,0.001655
Q_ind_110_anc_3-2,0.000384,0.000000,0.000000,0.004576
Q_ind_111_anc_3-2,0.000368,0.000000,0.000000,0.004780
Q_ind_112_anc_3-2,0.000218,0.000000,0.000000,0.002287
Q_ind_113_anc_3-2,0.000157,0.000000,0.000000,0.001665
Q_ind_114_anc_3-2,0.000213,0.000000,0.000000,0.002117
Q_ind_115_anc_3-2,0.000206,0.000000,0.000000,0.002414
Q_ind_116_anc_3-2,0.000443,0.000000,0.000000,0.005108
Q_ind_117_anc_3-2,0.002985,0.000000,0.000000,0.044182
Q_ind_118_anc_3-2,0.001169,0.000000,0.000000,0.015046
Q_ind_119_anc_3-2,0.000538,0.000000,0.000000,0.006575
Q_ind_120_anc_3-2,0.000515,0.000000,0.000000,0.006143
Q_ind_121_anc_3-2,0.001204,0.000000,0.000000,0.016440
Q_ind_122_anc_3-2,0.020530,0.000048,0.000000,0.095275
Q_ind_123_anc_3-2,0.067225,0.080017,0.000000,0.152268
Q_ind_124_anc_3-2,0.001906,0.000000,0.000000,0.022092
Q_ind_125_anc_3-2,0.001302,0.000000,0.000000,0.015589
Q_ind_126_anc_3-2,0.005455,0.000000,0.000000,0.043307
Q_ind_127_anc_3-2,0.000588,0.000000,0.000000,0.007235
Q_ind_128_anc_3-2,0.000633,0.000000,0.000000,0.007674
Q_ind_129_anc_3-2,0.106788,0.114142,0.000000,0.168507
Q_ind_130_anc_3-2,0.010693,0.000005,0.000000,0.058483
Q_ind_131_anc_3-2,0.001794,0.000000,0.000000,0.025479
Q_ind_132_anc_3-2,0.000568,0.000000,0.000000,0.006780
Q_ind_133_anc_3-2,0.053561,0.056973,0.000000,0.137108
Q_ind_134_anc_3-2,0.005350,0.000000,0.000000,0.052473
Q_ind_135_anc_3-2,0.011043,0.000001,0.000000,0.066546
Q_ind_136_anc_3-2,0.000922,0.000000,0.000000,0.011861
Q_ind_137_anc_3-2,0.000234,0.000000,0.000000,0.003033
Q_ind_138_anc_3-2,0.000218,0.000000,0.000000,0.002232
Q_ind_139_anc_3-2,0.002142,0.000000,0.000000,0.025636
Q_ind_140_anc_3-2,0.000210,0.000000,0.000000,0.002068
Q_ind_141_anc_3-2,0.000135,0.000000,0.000000,0.001538
Q_ind_142_anc_3-2,0.000754,0.000000,0.000000,0.010185
Q_ind_143_anc_3-2,0.000903,0.000000,0.000000,0.012503
Q_ind_144_anc_3-2,0.002149,0.000000,0.000000,0.027015
Q_ind_145_anc_3-2,0.004083,0.000000,0.000000,0.068649
Q_ind_146_anc_3-2,0.003428,0.000000,0.000000,0.038830
Q_ind_147_anc_3-2,0.000404,0.000000,0.000000,0.004681
Q_ind_148_anc_3-2,0.046208,0.048540,0.000000,0.094931
Q_ind_149_anc_3-2,0.050337,0.051320,0.000000,0.103435
Q_ind_150_anc_3-2,0.000261,0.000000,0.000000,0.002994
Q_ind_151_anc_3-2,0.000175,0.000000,0.000000,0.001963
Q_ind_152_anc_3-2,0.000323,0.000000,0.000000,0.004301
Q_ind_153_anc_3-2,0.000215,0.000000,0.000000,0.002566
Q_ind_154_anc_3-2,0.000577,0.000000,0.000000,0.006566
Q_ind_155_anc_3-2,0.008889,0.000000,0.000000,0.065509
Q_ind_156_anc_3-2,0.000714,0.000000,0.000000,0.008450
Q_ind_157_anc_3-2,0.000256,0.000000,0.000000,0.003031
Q_ind_158_anc_3-2,0.000180,0.000000,0.000000,0.001957
Q_ind_159_anc_3-2,0.000367,0.000000,0.000000,0.004439
Q_ind_160_anc_3-2,0.000575,0.000000,0.000000,0.006540
Q_ind_161_anc_3-2,0.000866,0.000000,0.000000,0.011642
Q_ind_162_anc_3-2,0.000634,0.000000,0.000000,0.008220
Q_ind_163_anc_3-2,0.000210,0.000000,0.000000,0.002702
Q_ind_164_anc_3-2,0.000503,0.000000,0.000000,0.006271
Q_ind_165_anc_3-2,0.001101,0.000000,0.000000,0.016456
Q_ind_166_anc_3-2,0.001795,0.000000,0.000000,0.025121
Q_ind_167_anc_3-2,0.002852,0.000000,0.000000,0.034083
Q_ind_168_anc_3-2,0.000591,0.000000,0.000000,0.007019
Q_ind_169_anc_3-2,0.000584,0.000000,0.000000,0.006538
Q_ind_170_anc_3-2,0.000635,0.000000,0.000000,0.009053
Q_ind_171_anc_3-2,0.000521,0.000000,0.000000,0.006968
Q_ind_172_anc_3-2,0.027613,0.000241,0.000000,0.106640
Q_ind_173_anc_3-2,0.000122,0.000000,0.000000,0.001405
Q_ind_174_anc_3-2,0.013281,0.000000,0.000000,0.091990
Q_ind_175_anc_3-2,0.000470,0.000000,0.000000,0.006013
Q_ind_176_anc_3-2,0.000139,0.000000,0.000000,0.001461
Q_ind_177_anc_3-2,0.017734,0.000002,0.000000,0.092800
Q_ind_178_anc_3-2,0.000853,0.000000,0.000000,0.010811
Q_ind_179_anc_3-2,0.000573,0.000000,0.000000,0.006387
Q_ind_180_anc_3-2,0.007056,0.000000,0.000000,0.075400
Q_ind_181_anc_3-2,0.010598,0.000000,0.000000,0.079692
Q_ind_182_anc_3-2,0.001712,0.000000,0.000000,0.020440
Q_ind_183_anc_3-2,0.000606,0.000000,0.000000,0.007380
Q_ind_184_anc_3-2,0.000491,0.000000,0.000000,0.005415
Q_ind_185_anc_3-2,0.014100,0.000000,0.000000,0.102523
Q_ind_186_anc_3-2,0.000614,0.000000,0.000000,0.006595
Q_ind_187_anc_3-2,0.001787,0.000000,0.000000,0.025290
Q_ind_188_anc_3-2,0.000595,0.000000,0.000000,0.007026
Q_ind_189_anc_3-2,0.000764,0.000000,0.000000,0.009870
Q_ind_190_anc_3-2,0.032170,0.016889,0.000000,0.109065
Q_ind_191_anc_3-2,0.030986,0.000200,0.000000,0.120969
Q_ind_192_anc_3-2,0.031041,0.004739,0.000000,0.115187
Q_ind_193_anc_3-2,0.004120,0.000000,0.000000,0.044650
Q_ind_194_anc_3-2,0.026257,0.001028,0.000000,0.097086
Q_ind_195_anc_3-2,0.071233,0.071715,0.000000,0.128831
Q_ind_196_anc_3-2,0.045223,0.048926,0.000000,0.112578
Q_ind_197_anc_3-2,0.003817,0.000000,0.000000,0.040614
Q_ind_198_anc_3-2,0.011534,0.000000,0.000000,0.091564
Q_ind_199_anc_3-2,0.002744,0.000000,0.000000,0.036504
Q_ind_200_anc_3-2,0.000209,0.000000,0.000000,0.002264
Q_ind_201_anc_3-2,0.022385,0.000326,0.000000,0.097287
Q_ind_202_anc_3-2,0.001713,0.000000,0.000000,0.020654
Q_ind_203_anc_3-2,0.000531,0.000000,0.000000,0.006543
Q_ind_204_anc_3-2,0.001828,0.000000,0.000000,0.024255
Q_ind_205_anc_3-2,0.000308,0.000000,0.000000,0.003201
Q_ind_206_anc_3-2,0.000754,0.000000,0.000000,0.009272
Q_ind_207_anc_3-2,0.004102,0.000000,0.000000,0.042700
Q_ind_208_anc_3-2,0.000745,0.000000,0.000000,0.009767
Q_ind_209_anc_3-2,0.000746,0.000000,0.000000,0.009816
Q_ind_210_anc_3-2,0.001951,0.000000,0.000000,0.024496
Q_ind_211_anc_3-2,0.000312,0.000000,0.000000,0.003498
Q_ind_212_anc_3-2,0.000426,0.000000,0.000000,0.004588
Q_ind_213_anc_3-2,0.000224,0.000000,0.000000,0.002646
Q_ind_214_anc_3-2,0.000197,0.000000,0.000000,0.002303
Q_ind_215_anc_3-2,0.000332,0.000000,0.000000,0.004118
Q_ind_216_anc_3-2,0.000237,0.000000,0.000000,0.003112
Q_ind_217_anc_3-2,0.000226,0.000000,0.000000,0.002707
Q_ind_218_anc_3-2,0.000162,0.000000,0.000000,0.002149
Q_ind_219_anc_3-2,0.000172,0.000000,0.000000,0.001766
Q_ind_220_anc_3-2,0.000231,0.000000,0.000000,0.002786
Q_ind_221_anc_3-2,0.000249,0.000000,0.000000,0.002801
Q_ind_222_anc_3-2,0.000157,0.000000,0.000000,0.001658
Q_ind_1_anc_3-3,0.000156,0.000000,0.000000,0.001705
Q_ind_2_anc_3-3,0.001108,0.000000,0.000000,0.014568
Q_ind_3_anc_3-3,0.032397,0.034270,0.000000,0.076267
Q_ind_4_anc_3-3,0.009461,0.000051,0.000000,0.046375
Q_ind_5_anc_3-3,0.000081,0.000000,0.000000,0.000779
Q_ind_6_anc_3-3,0.001362,0.000000,0.000000,0.017976
Q_ind_7_anc_3-3,0.033909,0.034866,0.000000,0.083958
Q_ind_8_anc_3-3,0.000285,0.000000,0.000000,0.003127
Q_ind_9_anc_3-3,0.002827,0.000000,0.000000,0.036947
Q_ind_10_anc_3-3,0.000614,0.000000,0.000000,0.007624
Q_ind_11_anc_3-3,0.011622,0.004013,0.000000,0.046785
Q_ind_12_anc_3-3,0.003798,0.000000,0.000000,0.030932
Q_ind_13_anc_3-3,0.000094,0.000000,0.000000,0.001151
Q_ind_14_anc_3-3,0.000361,0.000000,0.000000,0.004293
Q_ind_15_anc_3-3,0.000402,0.000000,0.000000,0.005423
Q_ind_16_anc_3-3,0.000171,0.000000,0.000000,0.001957
Q_ind_17_anc_3-3,0.000124,0.000000,0.000000,0.001360
Q_ind_18_anc_3-3,0.000273,0.000000,0.000000,0.003656
Q_ind_19_anc_3-3,0.000134,0.000000,0.000000,0.001691
Q_ind_20_anc_3-3,0.000062,0.000000,0.000000,0.000733
Q_ind_21_anc_3-3,0.000111,0.000000,0.000000,0.001364
Q_ind_22_anc_3-3,0.000190,0.000000,0.000000,0.002284
Q_ind_23_anc_3-3,0.000203,0.000000,0.000000,0.002514
Q_ind_24_anc_3-3,0.000271,0.000000,0.000000,0.002928
Q_ind_25_anc_3-3,0.000231,0.000000,0.000000,0.002839
Q_ind_26_anc_3-3,0.000199,0.000000,0.000000,0.002471
Q_ind_27_anc_3-3,0.000623,0.000000,0.000000,0.007826
Q_ind_28_anc_3-3,0.000244,0.000000,0.000000,0.002835
Q_ind_29_anc_3-3,0.000207,0.000000,0.000000,0.002367
Q_ind_30_anc_3-3,0.000189,0.000000,0.000000,0.002240
Q_ind_31_anc_3-3,0.096657,0.097321,0.052158,0.139403
Q_ind_32_anc_3-3,0.146119,0.146690,0.090719,0.199305
Q_ind_33_anc_3-3,0.123760,0.124267,0.076295,0.167434
Q_ind_34_anc_3-3,0.153938,0.155463,0.090218,0.208943
Q_ind_35_anc_3-3,0.144330,0.145591,0.095813,0.187365
Q_ind_36_anc_3-3,0.146656,0.146422,0.108247,0.185993
Q_ind_37_anc_3-3,0.090695,0.090267,0.048487,0.134597
Q_ind_38_anc_3-3,0.113835,0.113505,0.075751,0.154126
Q_ind_39_anc_3-3,0.000120,0.000000,0.000000,0.001357
Q_ind_40_anc_3-3,0.040107,0.035570,0.000000,0.116886
Q_ind_41_anc_3-3,0.000337,0.000000,0.000000,0.004437
Q_ind_42_anc_3-3,0.001323,0.000000,0.000000,0.013535
Q_ind_43_anc_3-3,0.000271,0.000000,0.000000,0.003255
Q_ind_44_anc_3-3,0.000464,0.000000,0.000000,0.005919
Q_ind_45_anc_3-3,0.000385,0.000000,0.000000,0.005392
Q_ind_46_anc_3-3,0.000377,0.000000,0.000000,0.004865
Q_ind_47_anc_3-3,0.000617,0.000000,0.000000,0.007511
Q_ind_48_anc_3-3,0.000126,0.000000,0.000000,0.001500
Q_ind_49_anc_3-3,0.000331,0.000000,0.000000,0.004012
Q_ind_50_anc_3-3,0.000083,0.000000,0.000000,0.000904
Q_ind_51_anc_3-3,0.000090,0.000000,0.000000,0.001109
Q_ind_52_anc_3-3,0.000109,0.000000,0.000000,0.001168
Q_ind_53_anc_3-3,0.000145,0.000000,0.000000,0.001626
Q_ind_54_anc_3-3,0.000084,0.000000,0.000000,0.000938
Q_ind_55_anc_3-3,0.000074,0.000000,0.000000,0.000803
Q_ind_56_anc_3-3,0.000119,0.000000,0.000000,0.001421
Q_ind_57_anc_3-3,0.000112,0.000000,0.000000,0.001442
Q_ind_58_anc_3-3,0.000080,0.000000,0.000000,0.000917
Q_ind_59_anc_3-3,0.000143,0.000000,0.000000,0.001805
Q_ind_60_anc_3-3,0.000535,0.000000,0.000000,0.006861
Q_ind_61_anc_3-3,0.000711,0.000000,0.000000,0.009085
Q_ind_62_anc_3-3,0.000076,0.000000,0.000000,0.000852
Q_ind_63_anc_3-3,0.000069,0.000000,0.000000,0.000837
Q_ind_64_anc_3-3,0.000191,0.000000,0.000000,0.002561
Q_ind_65_anc_3-3,0.001352,0.000000,0.000000,0.015040
Q_ind_66_anc_3-3,0.000386,0.000000,0.000000,0.005009
Q_ind_67_anc_3-3,0.000088,0.000000,0.000000,0.001006
Q_ind_68_anc_3-3,0.000131,0.000000,0.000000,0.001731
Q_ind_69_anc_3-3,0.000153,0.000000,0.000000,0.001625
Q_ind_70_anc_3-3,0.002511,0.001275,0.000000,0.011023
Q_ind_71_anc_3-3,0.000169,0.000000,0.000000,0.002102
Q_ind_72_anc_3-3,0.000143,0.000000,0.000000,0.001626
Q_ind_73_anc_3-3,0.000121,0.000000,0.000000,0.001536
Q_ind_74_anc_3-3,0.000343,0.000000,0.000000,0.004747
Q_ind_75_anc_3-3,0.000213,0.000000,0.000000,0.002579
Q_ind_76_anc_3-3,0.000219,0.000000,0.000000,0.002530
Q_ind_77_anc_3-3,0.000490,0.000000,0.000000,0.006475
Q_ind_78_anc_3-3,0.001657,0.000000,0.000000,0.017033
Q_ind_79_anc_3-3,0.000721,0.000000,0.000000,0.009023
Q_ind_80_anc_3-3,0.000142,0.000000,0.000000,0.001775
Q_ind_81_anc_3-3,0.002806,0.000000,0.000000,0.033199
Q_ind_82_anc_3-3,0.008840,0.000013,0.000000,0.047887
Q_ind_83_anc_3-3,0.005174,0.000000,0.000000,0.045378
Q_ind_84_anc_3-3,0.004638,0.000000,0.000000,0.034289
Q_ind_85_anc_3-3,0.004135,0.000000,0.000000,0.035275
Q_ind_86_anc_3-3,0.002240,0.000000,0.000000,0.020982
Q_ind_87_anc_3-3,0.000157,0.000000,0.000000,0.001546
Q_ind_88_anc_3-3,0.003603,0.000000,0.000000,0.036591
Q_ind_89_anc_3-3,0.000131,0.000000,0.000000,0.001470
Q_ind_90_anc_3-3,0.000096,0.000000,0.000000,0.001302
Q_ind_91_anc_3-3,0.000056,0.000000,0.000000,0.000650
Q_ind_92_anc_3-3,0.000064,0.000000,0.000000,0.000712
Q_ind_93_anc_3-3,0.000076,0.000000,0.000000,0.000847
Q_ind_94_anc_3-3,0.000172,0.000000,0.000000,0.002024
Q_ind_95_anc_3-3,0.000264,0.000000,0.000000,0.003508
Q_ind_96_anc_3-3,0.000076,0.000000,0.000000,0.000830
Q_ind_97_anc_3-3,0.000051,0.000000,0.000000,0.000529
Q_ind_98_anc_3-3,0.000124,0.000000,0.000000,0.001473
Q_ind_99_anc_3-3,0.001110,0.000000,0.000000,0.014326
Q_ind_100_anc_3-3,0.013521,0.000076,0.000000,0.063259
Q_ind_101_anc_3-3,0.010945,0.000001,0.000000,0.066490
Q_ind_102_anc_3-3,0.000984,0.000000,0.000000,0.013303
Q_ind_103_anc_3-3,0.003838,0.000000,0.000000,0.042238
Q_ind_104_anc_3-3,0.000217,0.000000,0.000000,0.002813
Q_ind_105_anc_3-3,0.013745,0.000000,0.000000,0.076859
Q_ind_106_anc_3-3,0.000502,0.000000,0.000000,0.005827
Q_ind_107_anc_3-3,0.000164,0.000000,0.000000,0.002126
Q_ind_108_anc_3-3,0.000265,0.000000,0.000000,0.003201
Q_ind_109_anc_3-3,0.000248,0.000000,0.000000,0.003121
Q_ind_110_anc_3-3,0.000253,0.000000,0.000000,0.003114
Q_ind_111_anc_3-3,0.000456,0.000000,0.000000,0.005768
Q_ind_112_anc_3-3,0.000144,0.000000,0.000000,0.001736
Q_ind_113_anc_3-3,0.000106,0.000000,0.000000,0.001320
Q_ind_114_anc_3-3,0.000143,0.000000,0.000000,0.001602
Q_ind_115_anc_3-3,0.000056,0.000000,0.000000,0.000682
Q_ind_116_anc_3-3,0.000296,0.000000,0.000000,0.003407
Q_ind_117_anc_3-3,0.000954,0.000000,0.000000,0.011647
Q_ind_118_anc_3-3,0.003199,0.000000,0.000000,0.024592
Q_ind_119_anc_3-3,0.000693,0.000000,0.000000,0.008705
Q_ind_120_anc_3-3,0.000436,0.000000,0.000000,0.005668
Q_ind_121_anc_3-3,0.001070,0.000000,0.000000,0.013843
Q_ind_122_anc_3-3,0.000102,0.000000,0.000000,0.001213
Q_ind_123_anc_3-3,0.000051,0.000000,0.000000,0.000649
Q_ind_124_anc_3-3,0.001939,0.000000,0.000000,0.018280
Q_ind_125_anc_3-3,0.000168,0.000000,0.000000,0.002040
Q_ind_126_anc_3-3,0.000333,0.000000,0.000000,0.004284
Q_ind_127_anc_3-3,0.000206,0.000000,0.000000,0.002442
Q_ind_128_anc_3-3,0.000191,0.000000,0.000000,0.002225
Q_ind_129_anc_3-3,0.000070,0.000000,0.000000,0.000820
Q_ind_130_anc_3-3,0.000109,0.000000,0.000000,0.001358
Q_ind_131_anc_3-3,0.000818,0.000000,0.000000,0.009898
Q_ind_132_anc_3-3,0.000779,0.000000,0.000000,0.009918
Q_ind_133_anc_3-3,0.000052,0.000000,0.000000,0.000635
Q_ind_134_anc_3-3,0.000405,0.000000,0.000000,0.005558
Q_ind_135_anc_3-3,0.001434,0.000000,0.000000,0.015506
Q_ind_136_anc_3-3,0.006668,0.003520,0.000000,0.026817
Q_ind_137_anc_3-3,0.003534,0.000000,0.000000,0.026322
Q_ind_138_anc_3-3,0.000415,0.000000,0.000000,0.005328
Q_ind_139_anc_3-3,0.013416,0.010829,0.000000,0.043665
Q_ind_140_anc_3-3,0.000307,0.000000,0.000000,0.004041
Q_ind_141_anc_3-3,0.000427,0.000000,0.000000,0.005162
Q_ind_142_anc_3-3,0.000271,0.000000,0.000000,0.003248
Q_ind_143_anc_3-3,0.000979,0.000000,0.000000,0.012106
Q_ind_144_anc_3-3,0.002485,0.000000,0.000000,0.022161
Q_ind_145_anc_3-3,0.001787,0.000000,0.000000,0.022911
Q_ind_146_anc_3-3,0.003411,0.000000,0.000000,0.032262
Q_ind_147_anc_3-3,0.001023,0.000000,0.000000,0.015217
Q_ind_148_anc_3-3,0.000149,0.000000,0.000000,0.001800
Q_ind_149_anc_3-3,0.000047,0.000000,0.000000,0.000578
Q_ind_150_anc_3-3,0.000133,0.000000,0.000000,0.001544
Q_ind_151_anc_3-3,0.000374,0.000000,0.000000,0.004865
Q_ind_152_anc_3-3,0.000197,0.000000,0.000000,0.002577
Q_ind_153_anc_3-3,0.000156,0.000000,0.000000,0.001795
Q_ind_154_anc_3-3,0.000136,0.000000,0.000000,0.001595
Q_ind_155_anc_3-3,0.000096,0.000000,0.000000,0.001041
Q_ind_156_anc_3-3,0.000095,0.000000,0.000000,0.001218
Q_ind_157_anc_3-3,0.000275,0.000000,0.000000,0.003435
Q_ind_158_anc_3-3,0.000100,0.000000,0.000000,0.001054
Q_ind_159_anc_3-3,0.000203,0.000000,0.000000,0.002595
Q_ind_160_anc_3-3,0.019976,0.020146,0.000000,0.046387
Q_ind_161_anc_3-3,0.000237,0.000000,0.000000,0.002453
Q_ind_162_anc_3-3,0.008906,0.005148,0.000000,0.032709
Q_ind_163_anc_3-3,0.000203,0.000000,0.000000,0.002354
Q_ind_164_anc_3-3,0.000422,0.000000,0.000000,0.004485
Q_ind_165_anc_3-3,0.000273,0.000000,0.000000,0.003405
Q_ind_166_anc_3-3,0.000641,0.000000,0.000000,0.008410
Q_ind_167_anc_3-3,0.000177,0.000000,0.000000,0.002143
Q_ind_168_anc_3-3,0.000594,0.000000,0.000000,0.007557
Q_ind_169_anc_3-3,0.000172,0.000000,0.000000,0.001871
Q_ind_170_anc_3-3,0.001644,0.000000,0.000000,0.015877
Q_ind_171_anc_3-3,0.000159,0.000000,0.000000,0.001766
Q_ind_172_anc_3-3,0.001465,0.000000,0.000000,0.017594
Q_ind_173_anc_3-3,0.000123,0.000000,0.000000,0.001297
Q_ind_174_anc_3-3,0.000295,0.000000,0.000000,0.004071
Q_ind_175_anc_3-3,0.000392,0.000000,0.000000,0.005050
Q_ind_176_anc_3-3,0.000263,0.000000,0.000000,0.002745
Q_ind_177_anc_3-3,0.000256,0.000000,0.000000,0.002618
Q_ind_178_anc_3-3,0.000056,0.000000,0.000000,0.000695
Q_ind_179_anc_3-3,0.000246,0.000000,0.000000,0.002943
Q_ind_180_anc_3-3,0.049147,0.053429,0.000000,0.109429
Q_ind_181_anc_3-3,0.034914,0.034077,0.000000,0.098829
Q_ind_182_anc_3-3,0.102792,0.104294,0.039806,0.157813
Q_ind_183_anc_3-3,0.085689,0.085234,0.044273,0.130447
Q_ind_184_anc_3-3,0.027467,0.022518,0.000000,0.086474
Q_ind_185_anc_3-3,0.000080,0.000000,0.000000,0.000877
Q_ind_186_anc_3-3,0.084729,0.087429,0.000698,0.144004
Q_ind_187_anc_3-3,0.005540,0.000000,0.000000,0.046485
Q_ind_188_anc_3-3,0.015952,0.000374,0.000000,0.069902
Q_ind_189_anc_3-3,0.000057,0.000000,0.000000,0.000576
Q_ind_190_anc_3-3,0.000414,0.000000,0.000000,0.005180
Q_ind_191_anc_3-3,0.000298,0.000000,0.000000,0.003593
Q_ind_192_anc_3-3,0.000104,0.000000,0.000000,0.001226
Q_ind_193_anc_3-3,0.000234,0.000000,0.000000,0.002562
Q_ind_194_anc_3-3,0.000351,0.000000,0.000000,0.003575
Q_ind_195_anc_3-3,0.000081,0.000000,0.000000,0.000857
Q_ind_196_anc_3-3,0.001408,0.000000,0.000000,0.017140
Q_ind_197_anc_3-3,0.001807,0.000000,0.000000,0.018609
Q_ind_198_anc_3-3,0.000155,0.000000,0.000000,0.001579
Q_ind_199_anc_3-3,0.000890,0.000000,0.000000,0.011805
Q_ind_200_anc_3-3,0.000059,0.000000,0.000000,0.000638
Q_ind_201_anc_3-3,0.000051,0.000000,0.000000,0.000533
Q_ind_202_anc_3-3,0.000350,0.000000,0.000000,0.004158
Q_ind_203_anc_3-3,0.000181,0.000000,0.000000,0.002237
Q_ind_204_anc_3-3,0.001616,0.000000,0.000000,0.020815
Q_ind_205_anc_3-3,0.001902,0.000000,0.000000,0.015435
Q_ind_206_anc_3-3,0.000885,0.000000,0.000000,0.011455
Q_ind_207_anc_3-3,0.001173,0.000000,0.000000,0.016300
Q_ind_208_anc_3-3,0.000106,0.000000,0.000000,0.001128
Q_ind_209_anc_3-3,0.000662,0.000000,0.000000,0.008496
Q_ind_210_anc_3-3,0.000514,0.000000,0.000000,0.007303
Q_ind_211_anc_3-3,0.000347,0.000000,0.000000,0.004260
Q_ind_212_anc_3-3,0.000254,0.000000,0.000000,0.003167
Q_ind_213_anc_3-3,0.000124,0.000000,0.000000,0.001268
Q_ind_214_anc_3-3,0.000140,0.000000,0.000000,0.001328
Q_ind_215_anc_3-3,0.000109,0.000000,0.000000,0.001352
Q_ind_216_anc_3-3,0.000118,0.000000,0.000000,0.001345
Q_ind_217_anc_3-3,0.000112,0.000000,0.000000,0.001335
Q_ind_218_anc_3-3,0.000060,0.000000,0.000000,0.000705
Q_ind_219_anc_3-3,0.000143,0.000000,0.000000,0.001596
Q_ind_220_anc_3-3,0.000063,0.000000,0.000000,0.000729
Q_ind_221_anc_3-3,0.000172,0.000000,0.000000,0.001947
Q_ind_222_anc_3-3,0.000043,0.000000,0.000000,0.000482
Q_ind_1_anc_4-1,0.000901,0.000000,0.000000,0.010710
Q_ind_2_anc_4-1,0.000520,0.000000,0.000000,0.005840
Q_ind_3_anc_4-1,0.000648,0.000000,0.000000,0.007963
Q_ind_4_anc_4-1,0.000465,0.000000,0.000000,0.005909
Q_ind_5_anc_4-1,0.001279,0.000000,0.000000,0.016781
Q_ind_6_anc_4-1,0.000282,0.000000,0.000000,0.003552
Q_ind_7_anc_4-1,0.000378,0.000000,0.000000,0.004868
Q_ind_8_anc_4-1,0.001118,0.000000,0.000000,0.016593
Q_ind_9_anc_4-1,0.000454,0.000000,0.000000,0.003680
Q_ind_10_anc_4-1,0.000176,0.000000,0.000000,0.002035
Q_ind_11_anc_4-1,0.000409,0.000000,0.000000,0.004887
Q_ind_12_anc_4-1,0.000482,0.000000,0.000000,0.004839
Q_ind_13_anc_4-1,0.000286,0.000000,0.000000,0.003201
Q_ind_14_anc_4-1,0.000487,0.000000,0.000000,0.006070
Q_ind_15_anc_4-1,0.001254,0.000000,0.000000,0.015420
Q_ind_16_anc_4-1,0.000279,0.000000,0.000000,0.003785
Q_ind_17_anc_4-1,0.000538,0.000000,0.000000,0.006981
Q_ind_18_anc_4-1,0.000420,0.000000,0.000000,0.005247
Q_ind_19_anc_4-1,0.000195,0.000000,0.000000,0.002434
Q_ind_20_anc_4-1,0.000245,0.000000,0.000000,0.002549
Q_ind_21_anc_4-1,0.000387,0.000000,0.000000,0.004996
Q_ind_22_anc_4-1,0.000666,0.000000,0.000000,0.008890
Q_ind_23_anc_4-1,0.000474,0.000000,0.000000,0.006119
Q_ind_24_anc_4-1,0.000745,0.000000,0.000000,0.010131
Q_ind_25_anc_4-1,0.000321,0.000000,0.000000,0.004267
Q_ind_26_anc_4-1,0.001213,0.000000,0.000000,0.014517
Q_ind_27_anc_4-1,0.001876,0.000000,0.000000,0.022945
Q_ind_28_anc_4-1,0.001389,0.000000,0.000000,0.016901
Q_ind_29_anc_4-1,0.000606,0.000000,0.000000,0.008346
Q_ind_30_anc_4-1,0.001794,0.000000,0.000000,0.020965
Q_ind_31_anc_4-1,0.000667,0.000000,0.000000,0.008111
Q_ind_32_anc_4-1,0.000888,0.000000,0.000000,0.011312
Q_ind_33_anc_4-1,0.003300,0.000000,0.000000,0.034484
Q_ind_34_anc_4-1,0.000734,0.000000,0.000000,0.009796
Q_ind_35_anc_4-1,0.003720,0.000000,0.000000,0.049068
Q_ind_36_anc_4-1,0.000227,0.000000,0.000000,0.002949
Q_ind_37_anc_4-1,0.000684,0.000000,0.000000,0.008604
Q_ind_38_anc_4-1,0.000427,0.000000,0.000000,0.005277
Q_ind_39_anc_4-1,0.007992,0.000000,0.000000,0.072522
Q_ind_40_anc_4-1,0.028697,0.000002,0.000000,0.139093
Q_ind_41_anc_4-1,0.000463,0.000000,0.000000,0.005066
Q_ind_42_anc_4-1,0.001063,0.000000,0.000000,0.014022
Q_ind_43_anc_4-1,0.000159,0.000000,0.000000,0.002039
Q_ind_44_anc_4-1,0.000702,0.000000,0.000000,0.007377
Q_ind_45_anc_4-1,0.000268,0.000000,0.000000,0.002893
Q_ind_46_anc_4-1,0.000462,0.000000,0.000000,0.004893
Q_ind_47_anc_4-1,0.000176,0.000000,0.000000,0.002068
Q_ind_48_anc_4-1,0.000283,0.000000,0.000000,0.003559
Q_ind_49_anc_4-1,0.000192,0.000000,0.000000,0.002257
Q_ind_50_anc_4-1,0.000205,0.000000,0.000000,0.002411
Q_ind_51_anc_4-1,0.000114,0.000000,0.000000,0.001235
Q_ind_52_anc_4-1,0.000238,0.000000,0.000000,0.002796
Q_ind_53_anc_4-1,0.000212,0.000000,0.000000,0.002388
Q_ind_54_anc_4-1,0.000243,0.000000,0.000000,0.002465
Q_ind_55_anc_4-1,0.000923,0.000000,0.000000,0.012840
Q_ind_56_anc_4-1,0.000142,0.000000,0.000000,0.001524
Q_ind_57_anc_4-1,0.000167,0.000000,0.000000,0.001813
Q_ind_58_anc_4-1,0.000247,0.000000,0.000000,0.002806
Q_ind_59_anc_4-1,0.000404,0.000000,0.000000,0.003934
Q_ind_60_anc_4-1,0.000213,0.000000,0.000000,0.002495
Q_ind_61_anc_4-1,0.001061,0.000000,0.000000,0.014031
Q_ind_62_anc_4-1,0.156204,0.155866,0.098249,0.217276
Q_ind_63_anc_4-1,0.111891,0.112127,0.055269,0.168004
Q_ind_64_anc_4-1,0.000312,0.000000,0.000000,0.003445
Q_ind_65_anc_4-1,0.000484,0.000000,0.000000,0.006124
Q_ind_66_anc_4-1,0.002488,0.000000,0.000000,0.032144
Q_ind_67_anc_4-1,0.004323,0.000000,0.000000,0.043870
Q_ind_68_anc_4-1,0.109518,0.110680,0.043908,0.165558
Q_ind_69_anc_4-1,0.000749,0.000000,0.000000,0.009421
Q_ind_70_anc_4-1,0.000563,0.000000,0.000000,0.007114
Q_ind_71_anc_4-1,0.000163,0.000000,0.000000,0.002154
Q_ind_72_anc_4-1,0.000331,0.000000,0.000000,0.004152
Q_ind_73_anc_4-1,0.000414,0.000000,0.000000,0.004892
Q_ind_74_anc_4-1,0.001244,0.000000,0.000000,0.015886
Q_ind_75_anc_4-1,0.000319,0.000000,0.000000,0.003185
Q_ind_76_anc_4-1,0.001892,0.000000,0.000000,0.027926
Q_ind_77_anc_4-1,0.000344,0.000000,0.000000,0.003764
Q_ind_78_anc_4-1,0.000415,0.000000,0.000000,0.005502
Q_ind_79_anc_4-1,0.001497,0.000000,0.000000,0.019050
Q_ind_80_anc_4-1,0.000644,0.000000,0.000000,0.008092
Q_ind_81_anc_4-1,0.001728,0.000000,0.000000,0.021514
Q_ind_82_anc_4-1,0.001012,0.000000,0.000000,0.011400
Q_ind_83_anc_4-1,0.003658,0.000000,0.000000,0.048330
Q_ind_84_anc_4-1,0.001195,0.000000,0.000000,0.014772
Q_ind_85_anc_4-1,0.001262,0.000000,0.000000,0.017113
Q_ind_86_anc_4-1,0.000961,0.000000,0.000000,0.011529
Q_ind_87_anc_4-1,0.005972,0.000000,0.000000,0.099407
Q_ind_88_anc_4-1,0.001583,0.000000,0.000000,0.021827
Q_ind_89_anc_4-1,0.001004,0.000000,0.000000,0.012638
Q_ind_90_anc_4-1,0.000518,0.000000,0.000000,0.006159
Q_ind_91_anc_4-1,0.000178,0.000000,0.000000,0.001813
Q_ind_92_anc_4-1,0.000175,0.000000,0.000000,0.001872
Q_ind_93_anc_4-1,0.000177,0.000000,0.000000,0.001975
Q_ind_94_anc_4-1,0.000112,0.000000,0.000000,0.001332
Q_ind_95_anc_4-1,0.000269,0.000000,0.000000,0.003611
Q_ind_96_anc_4-1,0.000148,0.000000,0.000000,0.001838
Q_ind_97_anc_4-1,0.000120,0.000000,0.000000,0.001492
Q_ind_98_anc_4-1,0.000518,0.000000,0.000000,0.006519
Q_ind_99_anc_4-1,0.122306,0.147995,0.000000,0.264576
Q_ind_100_anc_4-1,0.059788,0.000095,0.000000,0.249749
Q_ind_101_anc_4-1,0.009239,0.000000,0.000000,0.116265
Q_ind_102_anc_4-1,0.046713,0.000015,0.000000,0.209812
Q_ind_103_anc_4-1,0.112569,0.122070,0.000000,0.266015
Q_ind_104_anc_4-1,0.038628,0.000010,0.000000,0.195472
Q_ind_105_anc_4-1,0.017681,0.000000,0.000000,0.154549
Q_ind_106_anc_4-1,0.009733,0.000000,0.000000,0.082365
Q_ind_107_anc_4-1,0.000234,0.000000,0.000000,0.002701
Q_ind_108_anc_4-1,0.000762,0.000000,0.000000,0.008407
Q_ind_109_anc_4-1,0.000501,0.000000,0.000000,0.005786
Q_ind_110_anc_4-1,0.000972,0.000000,0.000000,0.012074
Q_ind_111_anc_4-1,0.000249,0.000000,0.000000,0.002793
Q_ind_112_anc_4-1,0.000154,0.000000,0.000000,0.001835
Q_ind_113_anc_4-1,0.000336,0.000000,0.000000,0.003756
Q_ind_114_anc_4-1,0.000266,0.000000,0.000000,0.003390
Q_ind_115_anc_4-1,0.000298,0.000000,0.000000,0.003585
Q_ind_116_anc_4-1,0.000596,0.000000,0.000000,0.007527
Q_ind_117_anc_4-1,0.004874,0.000000,0.000000,0.055851
Q_ind_118_anc_4-1,0.000368,0.000000,0.000000,0.004233
Q_ind_119_anc_4-1,0.001692,0.000000,0.000000,0.025241
Q_ind_120_anc_4-1,0.000602,0.000000,0.000000,0.007103
Q_ind_121_anc_4-1,0.001069,0.000000,0.000000,0.013749
Q_ind_122_anc_4-1,0.000566,0.000000,0.000000,0.007828
Q_ind_123_anc_4-1,0.003012,0.000000,0.000000,0.031323
Q_ind_124_anc_4-1,0.001101,0.000000,0.000000,0.013055
Q_ind_125_anc_4-1,0.006430,0.000000,0.000000,0.049942
Q_ind_126_anc_4-1,0.002901,0.000000,0.000000,0.034031
Q_ind_127_anc_4-1,0.000492,0.000000,0.000000,0.005411
Q_ind_128_anc_4-1,0.001732,0.000000,0.000000,0.022852
Q_ind_129_anc_4-1,0.000229,0.000000,0.000000,0.002637
Q_ind_130_anc_4-1,0.004570,0.000000,0.000000,0.053613
Q_ind_131_anc_4-1,0.002308,0.000000,0.000000,0.024496
Q_ind_132_anc_4-1,0.002088,0.000000,0.000000,0.028017
Q_ind_133_anc_4-1,0.000596,0.000000,0.000000,0.007158
Q_ind_134_anc_4-1,0.003974,0.000000,0.000000,0.036792
Q_ind_135_anc_4-1,0.000631,0.000000,0.000000,0.008538
Q_ind_136_anc_4-1,0.000237,0.000000,0.000000,0.002726
Q_ind_137_anc_4-1,0.000263,0.000000,0.000000,0.002992
Q_ind_138_anc_4-1,0.000192,0.000000,0.000000,0.002434
Q_ind_139_anc_4-1,0.000284,0.000000,0.000000,0.003603
Q_ind_140_anc_4-1,0.000159,0.000000,0.000000,0.001563
Q_ind_141_anc_4-1,0.000432,0.000000,0.000000,0.005164
Q_ind_142_anc_4-1,0.000482,0.000000,0.000000,0.005044
Q_ind_143_anc_4-1,0.000157,0.000000,0.000000,0.001809
Q_ind_144_anc_4-1,0.000216,0.000000,0.000000,0.002355
Q_ind_145_anc_4-1,0.000408,0.000000,0.000000,0.004001
Q_ind_146_anc_4-1,0.031197,0.000010,0.000000,0.152894
Q_ind_147_anc_4-1,0.000872,0.000000,0.000000,0.010150
Q_ind_148_anc_4-1,0.000351,0.000000,0.000000,0.004243
Q_ind_149_anc_4-1,0.003571,0.000000,0.000000,0.041302
Q_ind_150_anc_4-1,0.000344,0.000000,0.000000,0.004005
Q_ind_151_anc_4-1,0.000510,0.000000,0.000000,0.005904
Q_ind_152_anc_4-1,0.000751,0.000000,0.000000,0.009259
Q_ind_153_anc_4-1,0.000815,0.000000,0.000000,0.011158
Q_ind_154_anc_4-1,0.000263,0.000000,0.000000,0.003309
Q_ind_155_anc_4-1,0.000319,0.000000,0.000000,0.004192
Q_ind_156_anc_4-1,0.011106,0.000000,0.000000,0.077945
Q_ind_157_anc_4-1,0.000347,0.000000,0.000000,0.004357
Q_ind_158_anc_4-1,0.000122,0.000000,0.000000,0.001500
Q_ind_159_anc_4-1,0.000288,0.000000,0.000000,0.003350
Q_ind_160_anc_4-1,0.000189,0.000000,0.000000,0.002189
Q_ind_161_anc_4-1,0.003800,0.000000,0.000000,0.045189
Q_ind_162_anc_4-1,0.000250,0.000000,0.000000,0.002825
Q_ind_163_anc_4-1,0.000181,0.000000,0.000000,0.002312
Q_ind_164_anc_4-1,0.011321,0.000000,0.000000,0.089809
Q_ind_165_anc_4-1,0.000296,0.000000,0.000000,0.002955
Q_ind_166_anc_4-1,0.000680,0.000000,0.000000,0.009826
Q_ind_167_anc_4-1,0.001078,0.000000,0.000000,0.014263
Q_ind_168_anc_4-1,0.001688,0.000000,0.000000,0.021928
Q_ind_169_anc_4-1,0.047388,0.048451,0.000000,0.128548
Q_ind_170_anc_4-1,0.000915,0.000000,0.000000,0.010394
Q_ind_171_anc_4-1,0.003939,0.000000,0.000000,0.040481
Q_ind_172_anc_4-1,0.002056,0.000000,0.000000,0.028952
Q_ind_173_anc_4-1,0.000196,0.000000,0.000000,0.002272
Q_ind_174_anc_4-1,0.001370,0.000000,0.000000,0.018574
Q_ind_175_anc_4-1,0.000580,0.000000,0.000000,0.006325
Q_ind_176_anc_4-1,0.000272,0.000000,0.000000,0.003286
Q_ind_177_anc_4-1,0.001766,0.000000,0.000000,0.024157
Q_ind_178_anc_4-1,0.593738,0.591983,0.532871,0.659934
Q_ind_179_anc_4-1,0.001500,0.000000,0.000000,0.020699
Q_ind_180_anc_4-1,0.000340,0.000000,0.000000,0.004261
Q_ind_181_anc_4-1,0.000397,0.000000,0.000000,0.004617
Q_ind_182_anc_4-1,0.001048,0.000000,0.000000,0.012062
Q_ind_183_anc_4-1,0.000550,0.000000,0.000000,0.006764
Q_ind_184_anc_4-1,0.000434,0.000000,0.000000,0.005318
Q_ind_185_anc_4-1,0.196992,0.195429,0.125152,0.275803
Q_ind_186_anc_4-1,0.000552,0.000000,0.000000,0.007302
Q_ind_187_anc_4-1,0.135520,0.162001,0.000000,0.287157
Q_ind_188_anc_4-1,0.000994,0.000000,0.000000,0.013633
Q_ind_189_anc_4-1,0.181755,0.190456,0.005819,0.261405
Q_ind_190_anc_4-1,0.001684,0.000000,0.000000,0.024115
Q_ind_191_anc_4-1,0.001179,0.000000,0.000000,0.015084
Q_ind_192_anc_4-1,0.000552,0.000000,0.000000,0.007035
Q_ind_193_anc_4-1,0.013257,0.000000,0.000000,0.086607
Q_ind_194_anc_4-1,0.000514,0.000000,0.000000,0.006552
Q_ind_195_anc_4-1,0.002321,0.000000,0.000000,0.030747
Q_ind_196_anc_4-1,0.006281,0.000000,0.000000,0.062439
Q_ind_197_anc_4-1,0.000998,0.000000,0.000000,0.012644
Q_ind_198_anc_4-1,0.006979,0.000000,0.000000,0.055684
Q_ind_199_anc_4-1,0.008928,0.000000,0.000000,0.068197
Q_ind_200_anc_4-1,0.396468,0.396104,0.317673,0.473350
Q_ind_201_anc_4-1,0.151472,0.163915,0.000000,0.228987
Q_ind_202_anc_4-1,0.009579,0.000000,0.000000,0.100260
Q_ind_203_anc_4-1,0.392593,0.392167,0.313957,0.473900
Q_ind_204_anc_4-1,0.211848,0.212836,0.064415,0.356773
Q_ind_205_anc_4-1,0.111202,0.113900,0.000000,0.243064
Q_ind_206_anc_4-1,0.205215,0.205079,0.070384,0.333904
Q_ind_207_anc_4-1,0.169234,0.182048,0.000000,0.326559
Q_ind_208_anc_4-1,0.343170,0.340261,0.266829,0.434984
Q_ind_209_anc_4-1,0.230858,0.234000,0.028019,0.372950
Q_ind_210_anc_4-1,0.102183,0.109624,0.000000,0.251078
Q_ind_211_anc_4-1,0.000396,0.000000,0.000000,0.004353
Q_ind_212_anc_4-1,0.000265,0.000000,0.000000,0.002989
Q_ind_213_anc_4-1,0.000317,0.000000,0.000000,0.003642
Q_ind_214_anc_4-1,0.000279,0.000000,0.000000,0.003480
Q_ind_215_anc_4-1,0.003074,0.000000,0.000000,0.029591
Q_ind_216_anc_4-1,0.000508,0.000000,0.000000,0.006529
Q_ind_217_anc_4-1,0.009274,0.000000,0.000000,0.065287
Q_ind_218_anc_4-1,0.000747,0.000000,0.000000,0.008115
Q_ind_219_anc_4-1,0.000600,0.000000,0.000000,0.007562
Q_ind_220_anc_4-1,0.075483,0.074096,0.032095,0.128367
Q_ind_221_anc_4-1,0.000320,0.000000,0.000000,0.004489
Q_ind_222_anc_4-1,0.065168,0.069619,0.000000,0.134098
Q_ind_1_anc_4-2,0.038992,0.000458,0.000000,0.146090
Q_ind_2_anc_4-2,0.045897,0.043189,0.000000,0.139494
Q_ind_3_anc_4-2,0.001595,0.000000,0.000000,0.020579
Q_ind_4_anc_4-2,0.000805,0.000000,0.000000,0.009996
Q_ind_5_anc_4-2,0.253203,0.243328,0.172619,0.385182
Q_ind_6_anc_4-2,0.001872,0.000000,0.000000,0.025037
Q_ind_7_anc_4-2,0.001310,0.000000,0.000000,0.014814
Q_ind_8_anc_4-2,0.001061,0.000000,0.000000,0.013425
Q_ind_9_anc_4-2,0.002012,0.000000,0.000000,0.023984
Q_ind_10_anc_4-2,0.001007,0.000000,0.000000,0.012137
Q_ind_11_anc_4-2,0.000783,0.000000,0.000000,0.008588
Q_ind_12_anc_4-2,0.001203,0.000000,0.000000,0.015047
Q_ind_13_anc_4-2,0.000145,0.000000,0.000000,0.001632
Q_ind_14_anc_4-2,0.000346,0.000000,0.000000,0.004456
Q_ind_15_anc_4-2,0.000799,0.000000,0.000000,0.009225
Q_ind_16_anc_4-2,0.000276,0.000000,0.000000,0.002796
Q_ind_17_anc_4-2,0.000308,0.000000,0.000000,0.003790
Q_ind_18_anc_4-2,0.000353,0.000000,0.000000,0.004345
Q_ind_19_anc_4-2,0.000189,0.000000,0.000000,0.002157
Q_ind_20_anc_4-2,0.000169,0.000000,0.000000,0.002132
Q_ind_21_anc_4-2,0.000280,0.000000,0.000000,0.003353
Q_ind_22_anc_4-2,0.003418,0.000000,0.000000,0.037755
Q_ind_23_anc_4-2,0.003215,0.000000,0.000000,0.033626
Q_ind_24_anc_4-2,0.001278,0.000000,0.000000,0.014860
Q_ind_25_anc_4-2,0.000183,0.000000,0.000000,0.002165
Q_ind_26_anc_4-2,0.003027,0.000000,0.000000,0.035052
Q_ind_27_anc_4-2,0.000728,0.000000,0.000000,0.008965
Q_ind_28_anc_4-2,0.001256,0.000000,0.000000,0.017146
Q_ind_29_anc_4-2,0.000581,0.000000,0.000000,0.007393
Q_ind_30_anc_4-2,0.001405,0.000000,0.000000,0.019490
Q_ind_31_anc_4-2,0.004178,0.000000,0.000000,0.035954
Q_ind_32_anc_4-2,0.001453,0.000000,0.000000,0.014838
Q_ind_33_anc_4-2,0.013334,0.000000,0.000000,0.085372
Q_ind_34_anc_4-2,0.001679,0.000000,0.000000,0.023810
Q_ind_35_anc_4-2,0.002477,0.000000,0.000000,0.033563
Q_ind_36_anc_4-2,0.000111,0.000000,0.000000,0.001301
Q_ind_37_anc_4-2,0.000948,0.000000,0.000000,0.012145
Q_ind_38_anc_4-2,0.000537,0.000000,0.000000,0.007200
Q_ind_39_anc_4-2,0.001691,0.000000,0.000000,0.024007
Q_ind_40_anc_4-2,0.024942,0.000030,0.000000,0.120719
Q_ind_41_anc_4-2,0.022867,0.000001,0.000000,0.135320
Q_ind_42_anc_4-2,0.000219,0.000000,0.000000,0.002390
Q_ind_43_anc_4-2,0.000238,0.000000,0.000000,0.002593
Q_ind_44_anc_4-2,0.000378,0.000000,0.000000,0.004551
Q_ind_45_anc_4-2,0.000157,0.000000,0.000000,0.001762
Q_ind_46_anc_4-2,0.000194,0.000000,0.000000,0.002275
Q_ind_47_anc_4-2,0.000141,0.000000,0.000000,0.001642
Q_ind_48_anc_4-2,0.000149,0.000000,0.000000,0.001680
Q_ind_49_anc_4-2,0.000140,0.000000,0.000000,0.001698
Q_ind_50_anc_4-2,0.000114,0.000000,0.000000,0.001368
Q_ind_51_anc_4-2,0.000092,0.000000,0.000000,0.001092
Q_ind_52_anc_4-2,0.000147,0.000000,0.000000,0.001755
Q_ind_53_anc_4-2,0.000137,0.000000,0.000000,0.001695
Q_ind_54_anc_4-2,0.000182,0.000000,0.000000,0.001945
Q_ind_55_anc_4-2,0.000219,0.000000,0.000000,0.002925
Q_ind_56_anc_4-2,0.000115,0.000000,0.000000,0.001456
Q_ind_57_anc_4-2,0.000125,0.000000,0.000000,0.001541
Q_ind_58_anc_4-2,0.000107,0.000000,0.000000,0.001329
Q_ind_59_anc_4-2,0.000162,0.000000,0.000000,0.001813
Q_ind_60_anc_4-2,0.000165,0.000000,0.000000,0.001743
Q_ind_61_anc_4-2,0.000470,0.000000,0.000000,0.004898
Q_ind_62_anc_4-2,0.000402,0.000000,0.000000,0.005058
Q_ind_63_anc_4-2,0.000149,0.000000,0.000000,0.001690
Q_ind_64_anc_4-2,0.000188,0.000000,0.000000,0.002295
Q_ind_65_anc_4-2,0.000478,0.000000,0.000000,0.005857
Q_ind_66_anc_4-2,0.000559,0.000000,0.000000,0.006779
Q_ind_67_anc_4-2,0.000486,0.000000,0.000000,0.006464
Q_ind_68_anc_4-2,0.000203,0.000000,0.000000,0.002373
Q_ind_69_anc_4-2,0.000430,0.000000,0.000000,0.005057
Q_ind_70_anc_4-2,0.008654,0.000000,0.000000,0.083041
Q_ind_71_anc_4-2,0.000412,0.000000,0.000000,0.004453
Q_ind_72_anc_4-2,0.106289,0.114427,0.000000,0.178018
Q_ind_73_anc_4-2,0.036099,0.000012,0.000000,0.175574
Q_ind_74_anc_4-2,0.020384,0.000000,0.000000,0.124100
Q_ind_75_anc_4-2,0.016540,0.000000,0.000000,0.145502
Q_ind_76_anc_4-2,0.008756,0.000000,0.000000,0.092685
Q_ind_77_anc_4-2,0.001822,0.000000,0.000000,0.024812
Q_ind_78_anc_4-2,0.011254,0.000000,0.000000,0.097970
Q_ind_79_anc_4-2,0.004383,0.000000,0.000000,0.058359
Q_ind_80_anc_4-2,0.062435,0.060685,0.000000,0.168952
Q_ind_81_anc_4-2,0.004828,0.000000,0.000000,0.049164
Q_ind_82_anc_4-2,0.000503,0.000000,0.000000,0.006254
Q_ind_83_anc_4-2,0.001698,0.000000,0.000000,0.024500
Q_ind_84_anc_4-2,0.000220,0.000000,0.000000,0.002804
Q_ind_85_anc_4-2,0.000845,0.000000,0.000000,0.011205
Q_ind_86_anc_4-2,0.000276,0.000000,0.000000,0.003334
Q_ind_87_anc_4-2,0.001146,0.000000,0.000000,0.016494
Q_ind_88_anc_4-2,0.001179,0.000000,0.000000,0.015866
Q_ind_89_anc_4-2,0.000227,0.000000,0.000000,0.002839
Q_ind_90_anc_4-2,0.000239,0.000000,0.000000,0.002685
Q_ind_91_anc_4-2,0.000125,0.000000,0.000000,0.001527
Q_ind_92_anc_4-2,0.000142,0.000000,0.000000,0.001651
Q_ind_93_anc_4-2,0.000190,0.000000,0.000000,0.002386
Q_ind_94_anc_4-2,0.000082,0.000000,0.000000,0.000962
Q_ind_95_anc_4-2,0.000113,0.000000,0.000000,0.001220
Q_ind_96_anc_4-2,0.000127,0.000000,0.000000,0.001359
Q_ind_97_anc_4-2,0.000129,0.000000,0.000000,0.001504
Q_ind_98_anc_4-2,0.000304,0.000000,0.000000,0.003713
Q_ind_99_anc_4-2,0.001423,0.000000,0.000000,0.017731
Q_ind_100_anc_4-2,0.001392,0.000000,0.000000,0.017650
Q_ind_101_anc_4-2,0.002550,0.000000,0.000000,0.037362
Q_ind_102_anc_4-2,0.021915,0.000000,0.000000,0.178444
Q_ind_103_anc_4-2,0.008213,0.000000,0.000000,0.110217
Q_ind_104_anc_4-2,0.001561,0.000000,0.000000,0.019998
Q_ind_105_anc_4-2,0.009836,0.000000,0.000000,0.114560
Q_ind_106_anc_4-2,0.003937,0.000000,0.000000,0.048804
Q_ind_107_anc_4-2,0.000093,0.000000,0.000000,0.001094
Q_ind_108_anc_4-2,0.000485,0.000000,0.000000,0.005513
Q_ind_109_anc_4-2,0.000175,0.000000,0.000000,0.002073
Q_ind_110_anc_4-2,0.000199,0.000000,0.000000,0.002070
Q_ind_111_anc_4-2,0.000169,0.000000,0.000000,0.001935
Q_ind_112_anc_4-2,0.000162,0.000000,0.000000,0.001978
Q_ind_113_anc_4-2,0.000187,0.000000,0.000000,0.001880
Q_ind_114_anc_4-2,0.000267,0.000000,0.000000,0.002081
Q_ind_115_anc_4-2,0.000134,0.000000,0.000000,0.001519
Q_ind_116_anc_4-2,0.005367,0.000000,0.000000,0.061918
Q_ind_117_anc_4-2,0.001514,0.000000,0.000000,0.020265
Q_ind_118_anc_4-2,0.001400,0.000000,0.000000,0.017438
Q_ind_119_anc_4-2,0.040622,0.029744,0.000000,0.127917
Q_ind_120_anc_4-2,0.000347,0.000000,0.000000,0.004315
Q_ind_121_anc_4-2,0.005440,0.000000,0.000000,0.067671
Q_ind_122_anc_4-2,0.146350,0.146329,0.078127,0.214881
Q_ind_123_anc_4-2,0.238985,0.240062,0.171678,0.302548
Q_ind_124_anc_4-2,0.000777,0.000000,0.000000,0.009947
Q_ind_125_anc_4-2,0.006733,0.000000,0.000000,0.048435
Q_ind_126_anc_4-2,0.007358,0.000000,0.000000,0.054924
Q_ind_127_anc_4-2,0.000683,0.000000,0.000000,0.009023
Q_ind_128_anc_4-2,0.003732,0.000000,0.000000,0.040668
Q_ind_129_anc_4-2,0.153791,0.153362,0.099167,0.210517
Q_ind_130_anc_4-2,0.016895,0.000030,0.000000,0.079160
Q_ind_131_anc_4-2,0.002663,0.000000,0.000000,0.034583
Q_ind_132_anc_4-2,0.000724,0.000000,0.000000,0.009943
Q_ind_133_anc_4-2,0.000513,0.000000,0.000000,0.004876
Q_ind_134_anc_4-2,0.002988,0.000000,0.000000,0.038747
Q_ind_135_anc_4-2,0.001239,0.000000,0.000000,0.015145
Q_ind_136_anc_4-2,0.000565,0.000000,0.000000,0.006485
Q_ind_137_anc_4-2,0.000513,0.000000,0.000000,0.005773
Q_ind_138_anc_4-2,0.000418,0.000000,0.000000,0.005308
Q_ind_139_anc_4-2,0.002002,0.000000,0.000000,0.023031
Q_ind_140_anc_4-2,0.000605,0.000000,0.000000,0.007496
Q_ind_141_anc_4-2,0.000195,0.000000,0.000000,0.002214
Q_ind_142_anc_4-2,0.000571,0.000000,0.000000,0.007415
Q_ind_143_anc_4-2,0.000355,0.000000,0.000000,0.004664
Q_ind_144_anc_4-2,0.000596,0.000000,0.000000,0.007729
Q_ind_145_anc_4-2,0.001962,0.000000,0.000000,0.025251
Q_ind_146_anc_4-2,0.002035,0.000000,0.000000,0.018266
Q_ind_147_anc_4-2,0.001872,0.000000,0.000000,0.021370
Q_ind_148_anc_4-2,0.000469,0.000000,0.000000,0.005793
Q_ind_149_anc_4-2,0.230503,0.234194,0.106996,0.320704
Q_ind_150_anc_4-2,0.000607,0.000000,0.000000,0.007254
Q_ind_151_anc_4-2,0.001155,0.000000,0.000000,0.015611
Q_ind_152_anc_4-2,0.000217,0.000000,0.000000,0.002449
Q_ind_153_anc_4-2,0.000555,0.000000,0.000000,0.006983
Q_ind_154_anc_4-2,0.000280,0.000000,0.000000,0.002916
Q_ind_155_anc_4-2,0.156807,0.156842,0.104420,0.209775
Q_ind_156_anc_4-2,0.158697,0.156544,0.077160,0.253744
Q_ind_157_anc_4-2,0.046125,0.000012,0.000000,0.203033
Q_ind_158_anc_4-2,0.000384,0.000000,0.000000,0.004575
Q_ind_159_anc_4-2,0.002145,0.000000,0.000000,0.031448
Q_ind_160_anc_4-2,0.000451,0.000000,0.000000,0.004505
Q_ind_161_anc_4-2,0.079379,0.021688,0.000000,0.262021
Q_ind_162_anc_4-2,0.127976,0.156234,0.000000,0.235373
Q_ind_163_anc_4-2,0.008082,0.000000,0.000000,0.089349
Q_ind_164_anc_4-2,0.020154,0.000000,0.000000,0.161010
Q_ind_165_anc_4-2,0.000179,0.000000,0.000000,0.001921
Q_ind_166_anc_4-2,0.001357,0.000000,0.000000,0.019202
Q_ind_167_anc_4-2,0.000627,0.000000,0.000000,0.007555
Q_ind_168_anc_4-2,0.000847,0.000000,0.000000,0.012492
Q_ind_169_anc_4-2,0.002213,0.000000,0.000000,0.026940
Q_ind_170_anc_4-2,0.001411,0.000000,0.000000,0.016776
Q_ind_171_anc_4-2,0.013291,0.000000,0.000000,0.104941
Q_ind_172_anc_4-2,0.028347,0.000136,0.000000,0.126189
Q_ind_173_anc_4-2,0.000352,0.000000,0.000000,0.004392
Q_ind_174_anc_4-2,0.003732,0.000000,0.000000,0.043212
Q_ind_175_anc_4-2,0.000246,0.000000,0.000000,0.002967
Q_ind_176_anc_4-2,0.000293,0.000000,0.000000,0.003189
Q_ind_177_anc_4-2,0.014707,0.000000,0.000000,0.095837
Q_ind_178_anc_4-2,0.000244,0.000000,0.000000,0.002847
Q_ind_179_anc_4-2,0.003390,0.000000,0.000000,0.040410
Q_ind_180_anc_4-2,0.006844,0.000000,0.000000,0.063115
Q_ind_181_anc_4-2,0.001126,0.000000,0.000000,0.014097
Q_ind_182_anc_4-2,0.001043,0.000000,0.000000,0.014088
Q_ind_183_anc_4-2,0.000671,0.000000,0.000000,0.008398
Q_ind_184_anc_4-2,0.000619,0.000000,0.000000,0.006025
Q_ind_185_anc_4-2,0.062513,0.067620,0.000000,0.151555
Q_ind_186_anc_4-2,0.000718,0.000000,0.000000,0.009011
Q_ind_187_anc_4-2,0.001006,0.000000,0.000000,0.011851
Q_ind_188_anc_4-2,0.000973,0.000000,0.000000,0.013323
Q_ind_189_anc_4-2,0.000358,0.000000,0.000000,0.004287
Q_ind_190_anc_4-2,0.002619,0.000000,0.000000,0.036623
Q_ind_191_anc_4-2,0.003651,0.000000,0.000000,0.041513
Q_ind_192_anc_4-2,0.056026,0.058367,0.000000,0.145066
Q_ind_193_anc_4-2,0.002206,0.000000,0.000000,0.028888
Q_ind_194_anc_4-2,0.000888,0.000000,0.000000,0.011815
Q_ind_195_anc_4-2,0.010012,0.000000,0.000000,0.064194
Q_ind_196_anc_4-2,0.004089,0.000000,0.000000,0.042191
Q_ind_197_anc_4-2,0.000703,0.000000,0.000000,0.008702
Q_ind_198_anc_4-2,0.016047,0.000001,0.000000,0.097870
Q_ind_199_anc_4-2,0.001479,0.000000,0.000000,0.019842
Q_ind_200_anc_4-2,0.000479,0.000000,0.000000,0.006203
Q_ind_201_anc_4-2,0.000417,0.000000,0.000000,0.005174
Q_ind_202_anc_4-2,0.001379,0.000000,0.000000,0.018111
Q_ind_203_anc_4-2,0.000509,0.000000,0.000000,0.006221
Q_ind_204_anc_4-2,0.001676,0.000000,0.000000,0.024532
Q_ind_205_anc_4-2,0.000366,0.000000,0.000000,0.004310
Q_ind_206_anc_4-2,0.000613,0.000000,0.000000,0.008616
Q_ind_207_anc_4-2,0.000414,0.000000,0.000000,0.005036
Q_ind_208_anc_4-2,0.000906,0.000000,0.000000,0.011486
Q_ind_209_anc_4-2,0.000958,0.000000,0.000000,0.011106
Q_ind_210_anc_4-2,0.001276,0.000000,0.000000,0.016249
Q_ind_211_anc_4-2,0.000163,0.000000,0.000000,0.002017
Q_ind_212_anc_4-2,0.000180,0.000000,0.000000,0.002193
Q_ind_213_anc_4-2,0.000380,0.000000,0.000000,0.004912
Q_ind_214_anc_4-2,0.000125,0.000000,0.000000,0.001512
Q_ind_215_anc_4-2,0.000197,0.000000,0.000000,0.002384
Q_ind_216_anc_4-2,0.000118,0.000000,0.000000,0.001521
Q_ind_217_anc_4-2,0.000434,0.000000,0.000000,0.005026
Q_ind_218_anc_4-2,0.000232,0.000000,0.000000,0.003012
Q_ind_219_anc_4-2,0.000347,0.000000,0.000000,0.004335
Q_ind_220_anc_4-2,0.000179,0.000000,0.000000,0.001833
Q_ind_221_anc_4-2,0.000363,0.000000,0.000000,0.004849
Q_ind_222_anc_4-2,0.000148,0.000000,0.000000,0.001794
Q_ind_1_anc_4-3,0.022982,0.000004,0.000000,0.135581
Q_ind_2_anc_4-3,0.054852,0.012594,0.000000,0.182693
Q_ind_3_anc_4-3,0.002545,0.000000,0.000000,0.030549
Q_ind_4_anc_4-3,0.001235,0.000000,0.000000,0.016086
Q_ind_5_anc_4-3,0.015019,0.000000,0.000000,0.092844
Q_ind_6_anc_4-3,0.001742,0.000000,0.000000,0.019423
Q_ind_7_anc_4-3,0.000807,0.000000,0.000000,0.011630
Q_ind_8_anc_4-3,0.000610,0.000000,0.000000,0.007281
Q_ind_9_anc_4-3,0.002223,0.000000,0.000000,0.027304
Q_ind_10_anc_4-3,0.001042,0.000000,0.000000,0.014168
Q_ind_11_anc_4-3,0.041507,0.015187,0.000000,0.139856
Q_ind_12_anc_4-3,0.024758,0.000002,0.000000,0.137140
Q_ind_13_anc_4-3,0.000345,0.000000,0.000000,0.004552
Q_ind_14_anc_4-3,0.000331,0.000000,0.000000,0.004306
Q_ind_15_anc_4-3,0.000777,0.000000,0.000000,0.009866
Q_ind_16_anc_4-3,0.000520,0.000000,0.000000,0.007085
Q_ind_17_anc_4-3,0.000271,0.000000,0.000000,0.002985
Q_ind_18_anc_4-3,0.000201,0.000000,0.000000,0.002312
Q_ind_19_anc_4-3,0.000102,0.000000,0.000000,0.001216
Q_ind_20_anc_4-3,0.000092,0.000000,0.000000,0.000872
Q_ind_21_anc_4-3,0.000187,0.000000,0.000000,0.002087
Q_ind_22_anc_4-3,0.000200,0.000000,0.000000,0.002390
Q_ind_23_anc_4-3,0.000325,0.000000,0.000000,0.003922
Q_ind_24_anc_4-3,0.000885,0.000000,0.000000,0.012206
Q_ind_25_anc_4-3,0.000174,0.000000,0.000000,0.002138
Q_ind_26_anc_4-3,0.000241,0.000000,0.000000,0.002988
Q_ind_27_anc_4-3,0.000483,0.000000,0.000000,0.006126
Q_ind_28_anc_4-3,0.000561,0.000000,0.000000,0.006868
Q_ind_29_anc_4-3,0.000390,0.000000,0.000000,0.005123
Q_ind_30_anc_4-3,0.000627,0.000000,0.000000,0.008449
Q_ind_31_anc_4-3,0.039968,0.036515,0.000000,0.116210
Q_ind_32_anc_4-3,0.007557,0.000000,0.000000,0.071249
Q_ind_33_anc_4-3,0.015484,0.000000,0.000000,0.117598
Q_ind_34_anc_4-3,0.022984,0.000011,0.000000,0.122417
Q_ind_35_anc_4-3,0.012707,0.000000,0.000000,0.091799
Q_ind_36_anc_4-3,0.008725,0.000000,0.000000,0.070062
Q_ind_37_anc_4-3,0.088877,0.088987,0.026494,0.150297
Q_ind_38_anc_4-3,0.002515,0.000000,0.000000,0.030761
Q_ind_39_anc_4-3,0.000758,0.000000,0.000000,0.008865
Q_ind_40_anc_4-3,0.002001,0.000000,0.000000,0.021884
Q_ind_41_anc_4-3,0.079714,0.089936,0.000000,0.170379
Q_ind_42_anc_4-3,0.000324,0.000000,0.000000,0.004287
Q_ind_43_anc_4-3,0.000193,0.000000,0.000000,0.002272
Q_ind_44_anc_4-3,0.000546,0.000000,0.000000,0.006633
Q_ind_45_anc_4-3,0.000177,0.000000,0.000000,0.002061
Q_ind_46_anc_4-3,0.000394,0.000000,0.000000,0.004038
Q_ind_47_anc_4-3,0.000107,0.000000,0.000000,0.001198
Q_ind_48_anc_4-3,0.000201,0.000000,0.000000,0.002513
Q_ind_49_anc_4-3,0.000308,0.000000,0.000000,0.003709
Q_ind_50_anc_4-3,0.000143,0.000000,0.000000,0.001470
Q_ind_51_anc_4-3,0.000099,0.000000,0.000000,0.001187
Q_ind_52_anc_4-3,0.000129,0.000000,0.000000,0.001606
Q_ind_53_anc_4-3,0.000097,0.000000,0.000000,0.001124
Q_ind_54_anc_4-3,0.000085,0.000000,0.000000,0.001011
Q_ind_55_anc_4-3,0.000366,0.000000,0.000000,0.004132
Q_ind_56_anc_4-3,0.000099,0.000000,0.000000,0.001073
Q_ind_57_anc_4-3,0.000110,0.000000,0.000000,0.001267
Q_ind_58_anc_4-3,0.000119,0.000000,0.000000,0.001466
Q_ind_59_anc_4-3,0.000193,0.000000,0.000000,0.002355
Q_ind_60_anc_4-3,0.000228,0.000000,0.000000,0.002932
Q_ind_61_anc_4-3,0.000413,0.000000,0.000000,0.005430
Q_ind_62_anc_4-3,0.000200,0.000000,0.000000,0.002452
Q_ind_63_anc_4-3,0.000160,0.000000,0.000000,0.001806
Q_ind_64_anc_4-3,0.000191,0.000000,0.000000,0.002332
Q_ind_65_anc_4-3,0.000554,0.000000,0.000000,0.007102
Q_ind_66_anc_4-3,0.000279,0.000000,0.000000,0.003464
Q_ind_67_anc_4-3,0.000583,0.000000,0.000000,0.006765
Q_ind_68_anc_4-3,0.000213,0.000000,0.000000,0.002794
Q_ind_69_anc_4-3,0.000146,0.000000,0.000000,0.001722
Q_ind_70_anc_4-3,0.000566,0.000000,0.000000,0.007112
Q_ind_71_anc_4-3,0.000207,0.000000,0.000000,0.002560
Q_ind_72_anc_4-3,0.000229,0.000000,0.000000,0.002687
Q_ind_73_anc_4-3,0.000283,0.000000,0.000000,0.003271
Q_ind_74_anc_4-3,0.000498,0.000000,0.000000,0.006414
Q_ind_75_anc_4-3,0.000282,0.000000,0.000000,0.003040
Q_ind_76_anc_4-3,0.000320,0.000000,0.000000,0.004127
Q_ind_77_anc_4-3,0.000364,0.000000,0.000000,0.003737
Q_ind_78_anc_4-3,0.000518,0.000000,0.000000,0.006674
Q_ind_79_anc_4-3,0.000469,0.000000,0.000000,0.005566
Q_ind_80_anc_4-3,0.000301,0.000000,0.000000,0.003426
Q_ind_81_anc_4-3,0.003028,0.000000,0.000000,0.039714
Q_ind_82_anc_4-3,0.000740,0.000000,0.000000,0.008147
Q_ind_83_anc_4-3,0.013970,0.000000,0.000000,0.076734
Q_ind_84_anc_4-3,0.002530,0.000000,0.000000,0.032062
Q_ind_85_anc_4-3,0.006956,0.000000,0.000000,0.059753
Q_ind_86_anc_4-3,0.000594,0.000000,0.000000,0.006920
Q_ind_87_anc_4-3,0.000344,0.000000,0.000000,0.003670
Q_ind_88_anc_4-3,0.004712,0.000000,0.000000,0.050864
Q_ind_89_anc_4-3,0.000210,0.000000,0.000000,0.002502
Q_ind_90_anc_4-3,0.000154,0.000000,0.000000,0.001926
Q_ind_91_anc_4-3,0.000123,0.000000,0.000000,0.001418
Q_ind_92_anc_4-3,0.000134,0.000000,0.000000,0.001631
Q_ind_93_anc_4-3,0.000118,0.000000,0.000000,0.001412
Q_ind_94_anc_4-3,0.000146,0.000000,0.000000,0.001657
Q_ind_95_anc_4-3,0.000241,0.000000,0.000000,0.002886
Q_ind_96_anc_4-3,0.000063,0.000000,0.000000,0.000664
Q_ind_97_anc_4-3,0.000135,0.000000,0.000000,0.001613
Q_ind_98_anc_4-3,0.000256,0.000000,0.000000,0.002810
Q_ind_99_anc_4-3,0.002962,0.000000,0.000000,0.033831
Q_ind_100_anc_4-3,0.001039,0.000000,0.000000,0.011140
Q_ind_101_anc_4-3,0.005989,0.000000,0.000000,0.068087
Q_ind_102_anc_4-3,0.001965,0.000000,0.000000,0.023281
Q_ind_103_anc_4-3,0.001961,0.000000,0.000000,0.023909
Q_ind_104_anc_4-3,0.000597,0.000000,0.000000,0.007450
Q_ind_105_anc_4-3,0.000985,0.000000,0.000000,0.012439
Q_ind_106_anc_4-3,0.000746,0.000000,0.000000,0.009071
Q_ind_107_anc_4-3,0.000117,0.000000,0.000000,0.001185
Q_ind_108_anc_4-3,0.000564,0.000000,0.000000,0.006677
Q_ind_109_anc_4-3,0.000143,0.000000,0.000000,0.001491
Q_ind_110_anc_4-3,0.000195,0.000000,0.000000,0.002349
Q_ind_111_anc_4-3,0.000311,0.000000,0.000000,0.003824
Q_ind_112_anc_4-3,0.000149,0.000000,0.000000,0.001601
Q_ind_113_anc_4-3,0.000186,0.000000,0.000000,0.001951
Q_ind_114_anc_4-3,0.000154,0.000000,0.000000,0.002045
Q_ind_115_anc_4-3,0.000135,0.000000,0.000000,0.001610
Q_ind_116_anc_4-3,0.000299,0.000000,0.000000,0.003924
Q_ind_117_anc_4-3,0.007390,0.000000,0.000000,0.061700
Q_ind_118_anc_4-3,0.000655,0.000000,0.000000,0.008214
Q_ind_119_anc_4-3,0.000605,0.000000,0.000000,0.007677
Q_ind_120_anc_4-3,0.000737,0.000000,0.000000,0.009035
Q_ind_121_anc_4-3,0.000685,0.000000,0.000000,0.008199
Q_ind_122_anc_4-3,0.000459,0.000000,0.000000,0.006282
Q_ind_123_anc_4-3,0.000271,0.000000,0.000000,0.003328
Q_ind_124_anc_4-3,0.001059,0.000000,0.000000,0.013500
Q_ind_125_anc_4-3,0.000629,0.000000,0.000000,0.007660
Q_ind_126_anc_4-3,0.002579,0.000000,0.000000,0.026111
Q_ind_127_anc_4-3,0.000193,0.000000,0.000000,0.002276
Q_ind_128_anc_4-3,0.000603,0.000000,0.000000,0.007748
Q_ind_129_anc_4-3,0.000236,0.000000,0.000000,0.002679
Q_ind_130_anc_4-3,0.000681,0.000000,0.000000,0.008500
Q_ind_131_anc_4-3,0.001244,0.000000,0.000000,0.016278
Q_ind_132_anc_4-3,0.000875,0.000000,0.000000,0.010808
Q_ind_133_anc_4-3,0.000196,0.000000,0.000000,0.002189
Q_ind_134_anc_4-3,0.001995,0.000000,0.000000,0.022244
Q_ind_135_anc_4-3,0.003583,0.000000,0.000000,0.032977
Q_ind_136_anc_4-3,0.000799,0.000000,0.000000,0.010661
Q_ind_137_anc_4-3,0.001514,0.000000,0.000000,0.021082
Q_ind_138_anc_4-3,0.000450,0.000000,0.000000,0.005159
Q_ind_139_anc_4-3,0.000864,0.000000,0.000000,0.010329
Q_ind_140_anc_4-3,0.000401,0.000000,0.000000,0.005432
Q_ind_141_anc_4-3,0.001096,0.000000,0.000000,0.013834
Q_ind_142_anc_4-3,0.000501,0.000000,0.000000,0.006096
Q_ind_143_anc_4-3,0.001146,0.000000,0.000000,0.015398
Q_ind_144_anc_4-3,0.000873,0.000000,0.000000,0.010477
Q_ind_145_anc_4-3,0.003717,0.000000,0.000000,0.044755
Q_ind_146_anc_4-3,0.004379,0.000000,0.000000,0.052906
Q_ind_147_anc_4-3,0.000846,0.000000,0.000000,0.012229
Q_ind_148_anc_4-3,0.000728,0.000000,0.000000,0.009910
Q_ind_149_anc_4-3,0.000264,0.000000,0.000000,0.003170
Q_ind_150_anc_4-3,0.000216,0.000000,0.000000,0.002431
Q_ind_151_anc_4-3,0.000245,0.000000,0.000000,0.003243
Q_ind_152_anc_4-3,0.000103,0.000000,0.000000,0.001199
Q_ind_153_anc_4-3,0.000178,0.000000,0.000000,0.001853
Q_ind_154_anc_4-3,0.000136,0.000000,0.000000,0.001396
Q_ind_155_anc_4-3,0.000241,0.000000,0.000000,0.002686
Q_ind_156_anc_4-3,0.000461,0.000000,0.000000,0.005578
Q_ind_157_anc_4-3,0.000258,0.000000,0.000000,0.003261
Q_ind_158_anc_4-3,0.000208,0.000000,0.000000,0.002192
Q_ind_159_anc_4-3,0.000207,0.000000,0.000000,0.002817
Q_ind_160_anc_4-3,0.000254,0.000000,0.000000,0.002145
Q_ind_161_anc_4-3,0.000362,0.000000,0.000000,0.004641
Q_ind_162_anc_4-3,0.000751,0.000000,0.000000,0.007507
Q_ind_163_anc_4-3,0.000286,0.000000,0.000000,0.003126
Q_ind_164_anc_4-3,0.000246,0.000000,0.000000,0.002647
Q_ind_165_anc_4-3,0.000209,0.000000,0.000000,0.002045
Q_ind_166_anc_4-3,0.000569,0.000000,0.000000,0.006626
Q_ind_167_anc_4-3,0.000402,0.000000,0.000000,0.004603
Q_ind_168_anc_4-3,0.001445,0.000000,0.000000,0.018230
Q_ind_169_anc_4-3,0.000525,0.000000,0.000000,0.005360
Q_ind_170_anc_4-3,0.000527,0.000000,0.000000,0.006578
Q_ind_171_anc_4-3,0.106375,0.105154,0.050987,0.165945
Q_ind_172_anc_4-3,0.023202,0.000004,0.000000,0.114080
Q_ind_173_anc_4-3,0.000237,0.000000,0.000000,0.002334
Q_ind_174_anc_4-3,0.021396,0.000007,0.000000,0.113947
Q_ind_175_anc_4-3,0.000421,0.000000,0.000000,0.005537
Q_ind_176_anc_4-3,0.000275,0.000000,0.000000,0.003018
Q_ind_177_anc_4-3,0.026044,0.000014,0.000000,0.110923
Q_ind_178_anc_4-3,0.000166,0.000000,0.000000,0.001848
Q_ind_179_anc_4-3,0.002861,0.000000,0.000000,0.039593
Q_ind_180_anc_4-3,0.000759,0.000000,0.000000,0.010634
Q_ind_181_anc_4-3,0.000765,0.000000,0.000000,0.007805
Q_ind_182_anc_4-3,0.003274,0.000000,0.000000,0.045487
Q_ind_183_anc_4-3,0.001642,0.000000,0.000000,0.019586
Q_ind_184_anc_4-3,0.000984,0.000000,0.000000,0.010714
Q_ind_185_anc_4-3,0.001157,0.000000,0.000000,0.012726
Q_ind_186_anc_4-3,0.000680,0.000000,0.000000,0.007938
Q_ind_187_anc_4-3,0.002757,0.000000,0.000000,0.037727
Q_ind_188_anc_4-3,0.000385,0.000000,0.000000,0.004216
Q_ind_189_anc_4-3,0.000194,0.000000,0.000000,0.002337
Q_ind_190_anc_4-3,0.000548,0.000000,0.000000,0.007032
Q_ind_191_anc_4-3,0.005978,0.000000,0.000000,0.050296
Q_ind_192_anc_4-3,0.000362,0.000000,0.000000,0.003636
Q_ind_193_anc_4-3,0.001228,0.000000,0.000000,0.016774
Q_ind_194_anc_4-3,0.000815,0.000000,0.000000,0.011080
Q_ind_195_anc_4-3,0.000372,0.000000,0.000000,0.003391
Q_ind_196_anc_4-3,0.000551,0.000000,0.000000,0.007068
Q_ind_197_anc_4-3,0.000748,0.000000,0.000000,0.010420
Q_ind_198_anc_4-3,0.000491,0.000000,0.000000,0.004868
Q_ind_199_anc_4-3,0.004569,0.000000,0.000000,0.036962
Q_ind_200_anc_4-3,0.000378,0.000000,0.000000,0.004514
Q_ind_201_anc_4-3,0.000335,0.000000,0.000000,0.003825
Q_ind_202_anc_4-3,0.000914,0.000000,0.000000,0.012052
Q_ind_203_anc_4-3,0.000278,0.000000,0.000000,0.003305
Q_ind_204_anc_4-3,0.004015,0.000000,0.000000,0.048068
Q_ind_205_anc_4-3,0.000899,0.000000,0.000000,0.011690
Q_ind_206_anc_4-3,0.000937,0.000000,0.000000,0.011516
Q_ind_207_anc_4-3,0.000443,0.000000,0.000000,0.005519
Q_ind_208_anc_4-3,0.000398,0.000000,0.000000,0.005240
Q_ind_209_anc_4-3,0.001022,0.000000,0.000000,0.013151
Q_ind_210_anc_4-3,0.000916,0.000000,0.000000,0.012282
Q_ind_211_anc_4-3,0.000205,0.000000,0.000000,0.002279
Q_ind_212_anc_4-3,0.000111,0.000000,0.000000,0.001310
Q_ind_213_anc_4-3,0.000129,0.000000,0.000000,0.001561
Q_ind_214_anc_4-3,0.000143,0.000000,0.000000,0.001430
Q_ind_215_anc_4-3,0.000218,0.000000,0.000000,0.002846
Q_ind_216_anc_4-3,0.000169,0.000000,0.000000,0.002089
Q_ind_217_anc_4-3,0.000414,0.000000,0.000000,0.005051
Q_ind_218_anc_4-3,0.000084,0.000000,0.000000,0.000927
Q_ind_219_anc_4-3,0.000188,0.000000,0.000000,0.002089
Q_ind_220_anc_4-3,0.000134,0.000000,0.000000,0.001717
Q_ind_221_anc_4-3,0.000113,0.000000,0.000000,0.001137
Q_ind_222_anc_4-3,0.000110,0.000000,0.000000,0.001324
Q_ind_1_anc_4-4,0.060688,0.058731,0.008553,0.115276
Q_ind_2_anc_4-4,0.062933,0.062430,0.000000,0.188120
Q_ind_3_anc_4-4,0.209710,0.192768,0.114244,0.336365
Q_ind_4_anc_4-4,0.258996,0.247938,0.171559,0.367587
Q_ind_5_anc_4-4,0.000957,0.000000,0.000000,0.011693
Q_ind_6_anc_4-4,0.196409,0.187962,0.123998,0.294209
Q_ind_7_anc_4-4,0.191992,0.177177,0.108406,0.316495
Q_ind_8_anc_4-4,0.205675,0.197092,0.133585,0.297304
Q_ind_9_anc_4-4,0.229641,0.221446,0.152292,0.333721
Q_ind_10_anc_4-4,0.218421,0.210317,0.148824,0.304701
Q_ind_11_anc_4-4,0.194020,0.191631,0.104732,0.282709
Q_ind_12_anc_4-4,0.178341,0.173207,0.113819,0.270256
Q_ind_13_anc_4-4,0.000107,0.000000,0.000000,0.001156
Q_ind_14_anc_4-4,0.000225,0.000000,0.000000,0.002515
Q_ind_15_anc_4-4,0.000516,0.000000,0.000000,0.007080
Q_ind_16_anc_4-4,0.000348,0.000000,0.000000,0.004427
Q_ind_17_anc_4-4,0.000177,0.000000,0.000000,0.001812
Q_ind_18_anc_4-4,0.000171,0.000000,0.000000,0.001853
Q_ind_19_anc_4-4,0.000132,0.000000,0.000000,0.001474
Q_ind_20_anc_4-4,0.000070,0.000000,0.000000,0.000817
Q_ind_21_anc_4-4,0.000306,0.000000,0.000000,0.003820
Q_ind_22_anc_4-4,0.000380,0.000000,0.000000,0.004682
Q_ind_23_anc_4-4,0.000283,0.000000,0.000000,0.003584
Q_ind_24_anc_4-4,0.000182,0.000000,0.000000,0.001921
Q_ind_25_anc_4-4,0.000410,0.000000,0.000000,0.005731
Q_ind_26_anc_4-4,0.000933,0.000000,0.000000,0.011063
Q_ind_27_anc_4-4,0.000538,0.000000,0.000000,0.006776
Q_ind_28_anc_4-4,0.002977,0.000000,0.000000,0.023145
Q_ind_29_anc_4-4,0.000489,0.000000,0.000000,0.006489
Q_ind_30_anc_4-4,0.000593,0.000000,0.000000,0.008004
Q_ind_31_anc_4-4,0.000679,0.000000,0.000000,0.008923
Q_ind_32_anc_4-4,0.001671,0.000000,0.000000,0.019306
Q_ind_33_anc_4-4,0.000932,0.000000,0.000000,0.011702
Q_ind_34_anc_4-4,0.001944,0.000000,0.000000,0.023833
Q_ind_35_anc_4-4,0.000915,0.000000,0.000000,0.012909
Q_ind_36_anc_4-4,0.000208,0.000000,0.000000,0.002442
Q_ind_37_anc_4-4,0.003084,0.000000,0.000000,0.029313
Q_ind_38_anc_4-4,0.000266,0.000000,0.000000,0.003332
Q_ind_39_anc_4-4,0.000084,0.000000,0.000000,0.000973
Q_ind_40_anc_4-4,0.000411,0.000000,0.000000,0.004351
Q_ind_41_anc_4-4,0.000820,0.000000,0.000000,0.009269
Q_ind_42_anc_4-4,0.000514,0.000000,0.000000,0.006455
Q_ind_43_anc_4-4,0.000308,0.000000,0.000000,0.003713
Q_ind_44_anc_4-4,0.001431,0.000000,0.000000,0.018499
Q_ind_45_anc_4-4,0.000137,0.000000,0.000000,0.001521
Q_ind_46_anc_4-4,0.000232,0.000000,0.000000,0.002783
Q_ind_47_anc_4-4,0.000208,0.000000,0.000000,0.002349
Q_ind_48_anc_4-4,0.000202,0.000000,0.000000,0.002397
Q_ind_49_anc_4-4,0.000175,0.000000,0.000000,0.002176
Q_ind_50_anc_4-4,0.000080,0.000000,0.000000,0.000924
Q_ind_51_anc_4-4,0.000103,0.000000,0.000000,0.001094
Q_ind_52_anc_4-4,0.000085,0.000000,0.000000,0.000967
Q_ind_53_anc_4-4,0.000091,0.000000,0.000000,0.001092
Q_ind_54_anc_4-4,0.000082,0.000000,0.000000,0.000977
Q_ind_55_anc_4-4,0.000121,0.000000,0.000000,0.001174
Q_ind_56_anc_4-4,0.000068,0.000000,0.000000,0.000758
Q_ind_57_anc_4-4,0.000234,0.000000,0.000000,0.002967
Q_ind_58_anc_4-4,0.000073,0.000000,0.000000,0.000869
Q_ind_59_anc_4-4,0.000087,0.000000,0.000000,0.000979
Q_ind_60_anc_4-4,0.000146,0.000000,0.000000,0.001687
Q_ind_61_anc_4-4,0.000341,0.000000,0.000000,0.004635
Q_ind_62_anc_4-4,0.000107,0.000000,0.000000,0.001339
Q_ind_63_anc_4-4,0.000106,0.000000,0.000000,0.001220
Q_ind_64_anc_4-4,0.000153,0.000000,0.000000,0.001813
Q_ind_65_anc_4-4,0.000210,0.000000,0.000000,0.002851
Q_ind_66_anc_4-4,0.000560,0.000000,0.000000,0.007355
Q_ind_67_anc_4-4,0.000120,0.000000,0.000000,0.001330
Q_ind_68_anc_4-4,0.000117,0.000000,0.000000,0.001087
Q_ind_69_anc_4-4,0.000171,0.000000,0.000000,0.002080
Q_ind_70_anc_4-4,0.024983,0.007364,0.000000,0.084321
Q_ind_71_anc_4-4,0.021847,0.017198,0.000000,0.069969
Q_ind_72_anc_4-4,0.000777,0.000000,0.000000,0.011088
Q_ind_73_anc_4-4,0.003558,0.000000,0.000000,0.041406
Q_ind_74_anc_4-4,0.001820,0.000000,0.000000,0.029652
Q_ind_75_anc_4-4,0.044851,0.050049,0.000000,0.100718
Q_ind_76_anc_4-4,0.000958,0.000000,0.000000,0.010739
Q_ind_77_anc_4-4,0.039077,0.028398,0.000000,0.113534
Q_ind_78_anc_4-4,0.017165,0.000183,0.000000,0.068090
Q_ind_79_anc_4-4,0.005436,0.000000,0.000000,0.058030
Q_ind_80_anc_4-4,0.001684,0.000000,0.000000,0.019951
Q_ind_81_anc_4-4,0.052457,0.058954,0.000000,0.115878
Q_ind_82_anc_4-4,0.031885,0.000809,0.000000,0.115506
Q_ind_83_anc_4-4,0.021735,0.001475,0.000000,0.081117
Q_ind_84_anc_4-4,0.003669,0.000000,0.000000,0.039594
Q_ind_85_anc_4-4,0.046807,0.050445,0.000000,0.093513
Q_ind_86_anc_4-4,0.058823,0.060052,0.003492,0.104397
Q_ind_87_anc_4-4,0.000216,0.000000,0.000000,0.002711
Q_ind_88_anc_4-4,0.057244,0.060949,0.000000,0.122212
Q_ind_89_anc_4-4,0.000308,0.000000,0.000000,0.004032
Q_ind_90_anc_4-4,0.000168,0.000000,0.000000,0.002063
Q_ind_91_anc_4-4,0.000065,0.000000,0.000000,0.000724
Q_ind_92_anc_4-4,0.000056,0.000000,0.000000,0.000589
Q_ind_93_anc_4-4,0.000079,0.000000,0.000000,0.001010
Q_ind_94_anc_4-4,0.000070,0.000000,0.000000,0.000856
Q_ind_95_anc_4-4,0.000176,0.000000,0.000000,0.002197
Q_ind_96_anc_4-4,0.000115,0.000000,0.000000,0.001298
Q_ind_97_anc_4-4,0.000058,0.000000,0.000000,0.000661
Q_ind_98_anc_4-4,0.000215,0.000000,0.000000,0.003136
Q_ind_99_anc_4-4,0.042382,0.033850,0.000000,0.138093
Q_ind_100_anc_4-4,0.000919,0.000000,0.000000,0.010932
Q_ind_101_anc_4-4,0.099093,0.094632,0.002317,0.193989
Q_ind_102_anc_4-4,0.103544,0.097945,0.043130,0.189756
Q_ind_103_anc_4-4,0.022484,0.001555,0.000000,0.092045
Q_ind_104_anc_4-4,0.000327,0.000000,0.000000,0.003449
Q_ind_105_anc_4-4,0.051827,0.027174,0.000000,0.161965
Q_ind_106_anc_4-4,0.140597,0.140973,0.081699,0.195898
Q_ind_107_anc_4-4,0.000129,0.000000,0.000000,0.001479
Q_ind_108_anc_4-4,0.000293,0.000000,0.000000,0.003719
Q_ind_109_anc_4-4,0.000166,0.000000,0.000000,0.002033
Q_ind_110_anc_4-4,0.000178,0.000000,0.000000,0.002296
Q_ind_111_anc_4-4,0.000234,0.000000,0.000000,0.003125
Q_ind_112_anc_4-4,0.000144,0.000000,0.000000,0.001821
Q_ind_113_anc_4-4,0.000398,0.000000,0.000000,0.005417
Q_ind_114_anc_4-4,0.000157,0.000000,0.000000,0.001692
Q_ind_115_anc_4-4,0.000096,0.000000,0.000000,0.001189
Q_ind_116_anc_4-4,0.016670,0.000022,0.000000,0.071160
Q_ind_117_anc_4-4,0.033003,0.034530,0.000000,0.082002
Q_ind_118_anc_4-4,0.002671,0.000000,0.000000,0.025952
Q_ind_119_anc_4-4,0.004540,0.000000,0.000000,0.039783
Q_ind_120_anc_4-4,0.002164,0.000000,0.000000,0.027457
Q_ind_121_anc_4-4,0.003563,0.000000,0.000000,0.039930
Q_ind_122_anc_4-4,0.000179,0.000000,0.000000,0.002303
Q_ind_123_anc_4-4,0.000052,0.000000,0.000000,0.000554
Q_ind_124_anc_4-4,0.000272,0.000000,0.000000,0.002966
Q_ind_125_anc_4-4,0.001134,0.000000,0.000000,0.013311
Q_ind_126_anc_4-4,0.003009,0.000000,0.000000,0.026907
Q_ind_127_anc_4-4,0.000172,0.000000,0.000000,0.001742
Q_ind_128_anc_4-4,0.000315,0.000000,0.000000,0.004228
Q_ind_129_anc_4-4,0.000091,0.000000,0.000000,0.001041
Q_ind_130_anc_4-4,0.000363,0.000000,0.000000,0.004696
Q_ind_131_anc_4-4,0.000457,0.000000,0.000000,0.005821
Q_ind_132_anc_4-4,0.009615,0.001719,0.000000,0.040413
Q_ind_133_anc_4-4,0.000048,0.000000,0.000000,0.000515
Q_ind_134_anc_4-4,0.002476,0.000000,0.000000,0.023248
Q_ind_135_anc_4-4,0.008312,0.003337,0.000000,0.033841
Q_ind_136_anc_4-4,0.161228,0.156963,0.105065,0.233052
Q_ind_137_anc_4-4,0.182041,0.176450,0.122347,0.257646
Q_ind_138_anc_4-4,0.160028,0.153093,0.094705,0.243113
Q_ind_139_anc_4-4,0.116312,0.113394,0.058922,0.189778
Q_ind_140_anc_4-4,0.166819,0.161062,0.101595,0.250174
Q_ind_141_anc_4-4,0.105229,0.103114,0.059238,0.165447
Q_ind_142_anc_4-4,0.163999,0.155486,0.105269,0.249404
Q_ind_143_anc_4-4,0.195364,0.189006,0.130375,0.274329
Q_ind_144_anc_4-4,0.194556,0.185145,0.123987,0.290726
Q_ind_145_anc_4-4,0.113948,0.104565,0.042985,0.204532
Q_ind_146_anc_4-4,0.039997,0.038742,0.000000,0.113294
Q_ind_147_anc_4-4,0.146163,0.134217,0.059494,0.243993
Q_ind_148_anc_4-4,0.000105,0.000000,0.000000,0.001294
Q_ind_149_anc_4-4,0.000081,0.000000,0.000000,0.000810
Q_ind_150_anc_4-4,0.001598,0.000000,0.000000,0.016288
Q_ind_151_anc_4-4,0.000318,0.000000,0.000000,0.003730
Q_ind_152_anc_4-4,0.000178,0.000000,0.000000,0.002188
Q_ind_153_anc_4-4,0.000164,0.000000,0.000000,0.002169
Q_ind_154_anc_4-4,0.000108,0.000000,0.000000,0.001298
Q_ind_155_anc_4-4,0.000087,0.000000,0.000000,0.001027
Q_ind_156_anc_4-4,0.001165,0.000000,0.000000,0.015884
Q_ind_157_anc_4-4,0.089502,0.085631,0.000006,0.180295
Q_ind_158_anc_4-4,0.009302,0.000000,0.000000,0.077437
Q_ind_159_anc_4-4,0.065534,0.059547,0.001380,0.160142
Q_ind_160_anc_4-4,0.148832,0.151315,0.085821,0.195017
Q_ind_161_anc_4-4,0.032485,0.027722,0.000000,0.098588
Q_ind_162_anc_4-4,0.002545,0.000000,0.000000,0.030635
Q_ind_163_anc_4-4,0.046667,0.041304,0.000000,0.127052
Q_ind_164_anc_4-4,0.003360,0.000000,0.000000,0.044034
Q_ind_165_anc_4-4,0.000164,0.000000,0.000000,0.002118
Q_ind_166_anc_4-4,0.003632,0.000000,0.000000,0.027659
Q_ind_167_anc_4-4,0.003521,0.000000,0.000000,0.023637
Q_ind_168_anc_4-4,0.005752,0.000001,0.000000,0.035007
Q_ind_169_anc_4-4,0.000229,0.000000,0.000000,0.002817
Q_ind_170_anc_4-4,0.000718,0.000000,0.000000,0.008669
Q_ind_171_anc_4-4,0.314960,0.266579,0.141669,0.542031
Q_ind_172_anc_4-4,0.412113,0.388521,0.266464,0.600933
Q_ind_173_anc_4-4,0.743399,0.651189,0.535200,0.999505
Q_ind_174_anc_4-4,0.458088,0.422417,0.313825,0.639621
Q_ind_175_anc_4-4,0.738967,0.641332,0.525610,0.999548
Q_ind_176_anc_4-4,0.729783,0.635241,0.526138,0.999201
Q_ind_177_anc_4-4,0.444242,0.398896,0.293213,0.632660
Q_ind_178_anc_4-4,0.000074,0.000000,0.000000,0.000843
Q_ind_179_anc_4-4,0.422660,0.376729,0.284407,0.610214
Q_ind_180_anc_4-4,0.165891,0.154373,0.067314,0.292359
Q_ind_181_anc_4-4,0.126871,0.114109,0.043862,0.231862
Q_ind_182_anc_4-4,0.162990,0.154165,0.086851,0.265279
Q_ind_183_anc_4-4,0.121411,0.116832,0.055365,0.209752
Q_ind_184_anc_4-4,0.188978,0.171031,0.076956,0.308482
Q_ind_185_anc_4-4,0.000245,0.000000,0.000000,0.002981
Q_ind_186_anc_4-4,0.125536,0.103713,0.030226,0.256588
Q_ind_187_anc_4-4,0.065331,0.062559,0.000000,0.161625
Q_ind_188_anc_4-4,0.198788,0.188709,0.108752,0.301517
Q_ind_189_anc_4-4,0.000078,0.000000,0.000000,0.000899
Q_ind_190_anc_4-4,0.000183,0.000000,0.000000,0.001964
Q_ind_191_anc_4-4,0.000274,0.000000,0.000000,0.003166
Q_ind_192_anc_4-4,0.000195,0.000000,0.000000,0.002243
Q_ind_193_anc_4-4,0.000464,0.000000,0.000000,0.005955
Q_ind_194_anc_4-4,0.000282,0.000000,0.000000,0.003292
Q_ind_195_anc_4-4,0.000082,0.000000,0.000000,0.000916
Q_ind_196_anc_4-4,0.000182,0.000000,0.000000,0.002194
Q_ind_197_anc_4-4,0.000298,0.000000,0.000000,0.003012
Q_ind_198_anc_4-4,0.000299,0.000000,0.000000,0.003329
Q_ind_199_anc_4-4,0.001495,0.000000,0.000000,0.015452
Q_ind_200_anc_4-4,0.000132,0.000000,0.000000,0.001626
Q_ind_201_anc_4-4,0.000093,0.000000,0.000000,0.001074
Q_ind_202_anc_4-4,0.194266,0.191200,0.125248,0.273234
Q_ind_203_anc_4-4,0.000268,0.000000,0.000000,0.002682
Q_ind_204_anc_4-4,0.160943,0.156989,0.088132,0.246720
Q_ind_205_anc_4-4,0.168280,0.161069,0.097054,0.260004
Q_ind_206_anc_4-4,0.205879,0.206018,0.127915,0.284494
Q_ind_207_anc_4-4,0.176358,0.174843,0.104246,0.255268
Q_ind_208_anc_4-4,0.000226,0.000000,0.000000,0.002757
Q_ind_209_anc_4-4,0.008085,0.000000,0.000000,0.052637
Q_ind_210_anc_4-4,0.193254,0.187914,0.124206,0.272581
Q_ind_211_anc_4-4,0.000116,0.000000,0.000000,0.001274
Q_ind_212_anc_4-4,0.000146,0.000000,0.000000,0.001687
Q_ind_213_anc_4-4,0.000160,0.000000,0.000000,0.001768
Q_ind_214_anc_4-4,0.000308,0.000000,0.000000,0.003948
Q_ind_215_anc_4-4,0.000093,0.000000,0.000000,0.001062
Q_ind_216_anc_4-4,0.000119,0.000000,0.000000,0.001339
Q_ind_217_anc_4-4,0.000111,0.000000,0.000000,0.001183
Q_ind_218_anc_4-4,0.000109,0.000000,0.000000,0.001222
Q_ind_219_anc_4-4,0.000154,0.000000,0.000000,0.001920
Q_ind_220_anc_4-4,0.000072,0.000000,0.000000,0.000822
Q_ind_221_anc_4-4,0.000242,0.000000,0.000000,0.003055
Q_ind_222_anc_4-4,0.000072,0.000000,0.000000,0.000773
Q_ind_1_anc_5-1,0.000303,0.000000,0.000000,0.003092
Q_ind_2_anc_5-1,0.000252,0.000000,0.000000,0.003146
Q_ind_3_anc_5-1,0.000300,0.000000,0.000000,0.003307
Q_ind_4_anc_5-1,0.000534,0.000000,0.000000,0.006448
Q_ind_5_anc_5-1,0.000224,0.000000,0.000000,0.002668
Q_ind_6_anc_5-1,0.000347,0.000000,0.000000,0.004505
Q_ind_7_anc_5-1,0.000657,0.000000,0.000000,0.009035
Q_ind_8_anc_5-1,0.000313,0.000000,0.000000,0.003820
Q_ind_9_anc_5-1,0.000201,0.000000,0.000000,0.002434
Q_ind_10_anc_5-1,0.000196,0.000000,0.000000,0.002407
Q_ind_11_anc_5-1,0.000378,0.000000,0.000000,0.005106
Q_ind_12_anc_5-1,0.000274,0.000000,0.000000,0.003242
Q_ind_13_anc_5-1,0.000386,0.000000,0.000000,0.005012
Q_ind_14_anc_5-1,0.000289,0.000000,0.000000,0.003453
Q_ind_15_anc_5-1,0.000921,0.000000,0.000000,0.009054
Q_ind_16_anc_5-1,0.000278,0.000000,0.000000,0.003184
Q_ind_17_anc_5-1,0.000897,0.000000,0.000000,0.010792
Q_ind_18_anc_5-1,0.001060,0.000000,0.000000,0.015051
Q_ind_19_anc_5-1,0.000314,0.000000,0.000000,0.003339
Q_ind_20_anc_5-1,0.000155,0.000000,0.000000,0.001730
Q_ind_21_anc_5-1,0.000547,0.000000,0.000000,0.007025
Q_ind_22_anc_5-1,0.000709,0.000000,0.000000,0.010123
Q_ind_23_anc_5-1,0.000595,0.000000,0.000000,0.007501
Q_ind_24_anc_5-1,0.001408,0.000000,0.000000,0.020175
Q_ind_25_anc_5-1,0.003514,0.000000,0.000000,0.040450
Q_ind_26_anc_5-1,0.000357,0.000000,0.000000,0.004117
Q_ind_27_anc_5-1,0.003565,0.000000,0.000000,0.042736
Q_ind_28_anc_5-1,0.000948,0.000000,0.000000,0.010141
Q_ind_29_anc_5-1,0.002460,0.000000,0.000000,0.031685
Q_ind_30_anc_5-1,0.000657,0.000000,0.000000,0.007586
Q_ind_31_anc_5-1,0.000308,0.000000,0.000000,0.003375
Q_ind_32_anc_5-1,0.001665,0.000000,0.000000,0.019398
Q_ind_33_anc_5-1,0.001110,0.000000,0.000000,0.015305
Q_ind_34_anc_5-1,0.000499,0.000000,0.000000,0.005881
Q_ind_35_anc_5-1,0.000317,0.000000,0.000000,0.004116
Q_ind_36_anc_5-1,0.000130,0.000000,0.000000,0.001518
Q_ind_37_anc_5-1,0.000231,0.000000,0.000000,0.002638
Q_ind_38_anc_5-1,0.000164,0.000000,0.000000,0.001988
Q_ind_39_anc_5-1,0.000403,0.000000,0.000000,0.005003
Q_ind_40_anc_5-1,0.028252,0.000016,0.000000,0.128545
Q_ind_41_anc_5-1,0.000255,0.000000,0.000000,0.002729
Q_ind_42_anc_5-1,0.008808,0.000000,0.000000,0.091895
Q_ind_43_anc_5-1,0.014659,0.000000,0.000000,0.161470
Q_ind_44_anc_5-1,0.019234,0.000000,0.000000,0.144866
Q_ind_45_anc_5-1,0.004224,0.000000,0.000000,0.046497
Q_ind_46_anc_5-1,0.000867,0.000000,0.000000,0.010092
Q_ind_47_anc_5-1,0.004642,0.000000,0.000000,0.059985
Q_ind_48_anc_5-1,0.000668,0.000000,0.000000,0.008010
Q_ind_49_anc_5-1,0.000416,0.000000,0.000000,0.005223
Q_ind_50_anc_5-1,0.002787,0.000000,0.000000,0.046199
Q_ind_51_anc_5-1,0.001317,0.000000,0.000000,0.017242
Q_ind_52_anc_5-1,0.000353,0.000000,0.000000,0.004409
Q_ind_53_anc_5-1,0.000349,0.000000,0.000000,0.004863
Q_ind_54_anc_5-1,0.000474,0.000000,0.000000,0.006345
Q_ind_55_anc_5-1,0.000315,0.000000,0.000000,0.003022
Q_ind_56_anc_5-1,0.000475,0.000000,0.000000,0.005509
Q_ind_57_anc_5-1,0.000524,0.000000,0.000000,0.006678
Q_ind_58_anc_5-1,0.000171,0.000000,0.000000,0.002094
Q_ind_59_anc_5-1,0.000427,0.000000,0.000000,0.005985
Q_ind_60_anc_5-1,0.001363,0.000000,0.000000,0.016070
Q_ind_61_anc_5-1,0.001657,0.000000,0.000000,0.021079
Q_ind_62_anc_5-1,0.013284,0.000000,0.000000,0.096792
Q_ind_63_anc_5-1,0.129596,0.121303,0.000000,0.301942
Q_ind_64_anc_5-1,0.032005,0.000000,0.000000,0.213738
Q_ind_65_anc_5-1,0.002798,0.000000,0.000000,0.032514
Q_ind_66_anc_5-1,0.004332,0.000000,0.000000,0.065716
Q_ind_67_anc_5-1,0.021750,0.000000,0.000000,0.129280
Q_ind_68_anc_5-1,0.006961,0.000000,0.000000,0.069483
Q_ind_69_anc_5-1,0.013660,0.000000,0.000000,0.114295
Q_ind_70_anc_5-1,0.000542,0.000000,0.000000,0.006845
Q_ind_71_anc_5-1,0.000304,0.000000,0.000000,0.003667
Q_ind_72_anc_5-1,0.000226,0.000000,0.000000,0.002741
Q_ind_73_anc_5-1,0.000333,0.000000,0.000000,0.003463
Q_ind_74_anc_5-1,0.000383,0.000000,0.000000,0.004395
Q_ind_75_anc_5-1,0.000152,0.000000,0.000000,0.001566
Q_ind_76_anc_5-1,0.000423,0.000000,0.000000,0.004701
Q_ind_77_anc_5-1,0.000288,0.000000,0.000000,0.003736
Q_ind_78_anc_5-1,0.000190,0.000000,0.000000,0.002212
Q_ind_79_anc_5-1,0.000457,0.000000,0.000000,0.004096
Q_ind_80_anc_5-1,0.000240,0.000000,0.000000,0.002738
Q_ind_81_anc_5-1,0.001012,0.000000,0.000000,0.014193
Q_ind_82_anc_5-1,0.000624,0.000000,0.000000,0.007151
Q_ind_83_anc_5-1,0.000679,0.000000,0.000000,0.008276
Q_ind_84_anc_5-1,0.000797,0.000000,0.000000,0.011471
Q_ind_85_anc_5-1,0.000899,0.000000,0.000000,0.011323
Q_ind_86_anc_5-1,0.002214,0.000000,0.000000,0.030061
Q_ind_87_anc_5-1,0.165055,0.169606,0.055715,0.239239
Q_ind_88_anc_5-1,0.001512,0.000000,0.000000,0.021247
Q_ind_89_anc_5-1,0.001091,0.000000,0.000000,0.015599
Q_ind_90_anc_5-1,0.005986,0.000000,0.000000,0.050122
Q_ind_91_anc_5-1,0.000186,0.000000,0.000000,0.002270
Q_ind_92_anc_5-1,0.000190,0.000000,0.000000,0.001935
Q_ind_93_anc_5-1,0.000972,0.000000,0.000000,0.012815
Q_ind_94_anc_5-1,0.000215,0.000000,0.000000,0.002491
Q_ind_95_anc_5-1,0.009890,0.000014,0.000000,0.047984
Q_ind_96_anc_5-1,0.000740,0.000000,0.000000,0.009970
Q_ind_97_anc_5-1,0.000157,0.000000,0.000000,0.001791
Q_ind_98_anc_5-1,0.000433,0.000000,0.000000,0.004945
Q_ind_99_anc_5-1,0.005821,0.000000,0.000000,0.079709
Q_ind_100_anc_5-1,0.017673,0.000000,0.000000,0.122523
Q_ind_101_anc_5-1,0.053101,0.003936,0.000000,0.223525
Q_ind_102_anc_5-1,0.091976,0.106650,0.000000,0.232817
Q_ind_103_anc_5-1,0.003836,0.000000,0.000000,0.051215
Q_ind_104_anc_5-1,0.010497,0.000000,0.000000,0.088420
Q_ind_105_anc_5-1,0.003454,0.000000,0.000000,0.045587
Q_ind_106_anc_5-1,0.013630,0.000000,0.000000,0.125441
Q_ind_107_anc_5-1,0.001450,0.000000,0.000000,0.018916
Q_ind_108_anc_5-1,0.003684,0.000000,0.000000,0.049403
Q_ind_109_anc_5-1,0.000582,0.000000,0.000000,0.007275
Q_ind_110_anc_5-1,0.001853,0.000000,0.000000,0.023029
Q_ind_111_anc_5-1,0.000864,0.000000,0.000000,0.011270
Q_ind_112_anc_5-1,0.000863,0.000000,0.000000,0.011700
Q_ind_113_anc_5-1,0.001008,0.000000,0.000000,0.012275
Q_ind_114_anc_5-1,0.002812,0.000000,0.000000,0.032244
Q_ind_115_anc_5-1,0.000351,0.000000,0.000000,0.004477
Q_ind_116_anc_5-1,0.000779,0.000000,0.000000,0.010058
Q_ind_117_anc_5-1,0.001070,0.000000,0.000000,0.013596
Q_ind_118_anc_5-1,0.000330,0.000000,0.000000,0.003757
Q_ind_119_anc_5-1,0.000828,0.000000,0.000000,0.010179
Q_ind_120_anc_5-1,0.001482,0.000000,0.000000,0.020656
Q_ind_121_anc_5-1,0.000437,0.000000,0.000000,0.005304
Q_ind_122_anc_5-1,0.000514,0.000000,0.000000,0.006167
Q_ind_123_anc_5-1,0.000290,0.000000,0.000000,0.003496
Q_ind_124_anc_5-1,0.002461,0.000000,0.000000,0.028663
Q_ind_125_anc_5-1,0.000509,0.000000,0.000000,0.006473
Q_ind_126_anc_5-1,0.000833,0.000000,0.000000,0.011655
Q_ind_127_anc_5-1,0.002836,0.000000,0.000000,0.033184
Q_ind_128_anc_5-1,0.043629,0.035711,0.000000,0.127443
Q_ind_129_anc_5-1,0.000176,0.000000,0.000000,0.001917
Q_ind_130_anc_5-1,0.000707,0.000000,0.000000,0.008495
Q_ind_131_anc_5-1,0.020689,0.000988,0.000000,0.089037
Q_ind_132_anc_5-1,0.002827,0.000000,0.000000,0.038417
Q_ind_133_anc_5-1,0.000206,0.000000,0.000000,0.002471
Q_ind_134_anc_5-1,0.001921,0.000000,0.000000,0.023356
Q_ind_135_anc_5-1,0.001733,0.000000,0.000000,0.026671
Q_ind_136_anc_5-1,0.000156,0.000000,0.000000,0.001761
Q_ind_137_anc_5-1,0.000263,0.000000,0.000000,0.003280
Q_ind_138_anc_5-1,0.000243,0.000000,0.000000,0.003052
Q_ind_139_anc_5-1,0.000154,0.000000,0.000000,0.001794
Q_ind_140_anc_5-1,0.000217,0.000000,0.000000,0.002553
Q_ind_141_anc_5-1,0.000520,0.000000,0.000000,0.006822
Q_ind_142_anc_5-1,0.000381,0.000000,0.000000,0.004743
Q_ind_143_anc_5-1,0.000146,0.000000,0.000000,0.001574
Q_ind_144_anc_5-1,0.000253,0.000000,0.000000,0.003083
Q_ind_145_anc_5-1,0.030612,0.000038,0.000000,0.133809
Q_ind_146_anc_5-1,0.000552,0.000000,0.000000,0.005876
Q_ind_147_anc_5-1,0.035889,0.006740,0.000000,0.125172
Q_ind_148_anc_5-1,0.000321,0.000000,0.000000,0.003522
Q_ind_149_anc_5-1,0.000294,0.000000,0.000000,0.003602
Q_ind_150_anc_5-1,0.000789,0.000000,0.000000,0.011651
Q_ind_151_anc_5-1,0.000630,0.000000,0.000000,0.005084
Q_ind_152_anc_5-1,0.000865,0.000000,0.000000,0.011509
Q_ind_153_anc_5-1,0.000352,0.000000,0.000000,0.003751
Q_ind_154_anc_5-1,0.000402,0.000000,0.000000,0.005456
Q_ind_155_anc_5-1,0.000280,0.000000,0.000000,0.002821
Q_ind_156_anc_5-1,0.013627,0.000000,0.000000,0.079401
Q_ind_157_anc_5-1,0.000290,0.000000,0.000000,0.003022
Q_ind_158_anc_5-1,0.000166,0.000000,0.000000,0.002023
Q_ind_159_anc_5-1,0.000205,0.000000,0.000000,0.001961
Q_ind_160_anc_5-1,0.000216,0.000000,0.000000,0.002235
Q_ind_161_anc_5-1,0.004740,0.000000,0.000000,0.051701
Q_ind_162_anc_5-1,0.000202,0.000000,0.000000,0.002551
Q_ind_163_anc_5-1,0.000292,0.000000,0.000000,0.003598
Q_ind_164_anc_5-1,0.002106,0.000000,0.000000,0.027424
Q_ind_165_anc_5-1,0.001437,0.000000,0.000000,0.018088
Q_ind_166_anc_5-1,0.003493,0.000000,0.000000,0.042256
Q_ind_167_anc_5-1,0.000997,0.000000,0.000000,0.008208
Q_ind_168_anc_5-1,0.003230,0.000000,0.000000,0.036090
Q_ind_169_anc_5-1,0.007435,0.000000,0.000000,0.074474
Q_ind_170_anc_5-1,0.001614,0.000000,0.000000,0.020012
Q_ind_171_anc_5-1,0.000169,0.000000,0.000000,0.001815
Q_ind_172_anc_5-1,0.000251,0.000000,0.000000,0.003225
Q_ind_173_anc_5-1,0.000144,0.000000,0.000000,0.001594
Q_ind_174_anc_5-1,0.000247,0.000000,0.000000,0.002883
Q_ind_175_anc_5-1,0.000292,0.000000,0.000000,0.003520
Q_ind_176_anc_5-1,0.000487,0.000000,0.000000,0.006551
Q_ind_177_anc_5-1,0.000172,0.000000,0.000000,0.002054
Q_ind_178_anc_5-1,0.000362,0.000000,0.000000,0.004132
Q_ind_179_anc_5-1,0.000344,0.000000,0.000000,0.004314
Q_ind_180_anc_5-1,0.000466,0.000000,0.000000,0.006289
Q_ind_181_anc_5-1,0.000360,0.000000,0.000000,0.003485
Q_ind_182_anc_5-1,0.000712,0.000000,0.000000,0.008969
Q_ind_183_anc_5-1,0.000403,0.000000,0.000000,0.004141
Q_ind_184_anc_5-1,0.000407,0.000000,0.000000,0.004721
Q_ind_185_anc_5-1,0.000307,0.000000,0.000000,0.004107
Q_ind_186_anc_5-1,0.000721,0.000000,0.000000,0.008883
Q_ind_187_anc_5-1,0.059338,0.051449,0.000000,0.176069
Q_ind_188_anc_5-1,0.000794,0.000000,0.000000,0.009789
Q_ind_189_anc_5-1,0.005244,0.000000,0.000000,0.085916
Q_ind_190_anc_5-1,0.019821,0.000001,0.000000,0.113240
Q_ind_191_anc_5-1,0.000674,0.000000,0.000000,0.008574
Q_ind_192_anc_5-1,0.000265,0.000000,0.000000,0.003145
Q_ind_193_anc_5-1,0.002555,0.000000,0.000000,0.037523
Q_ind_194_anc_5-1,0.000967,0.000000,0.000000,0.012216
Q_ind_195_anc_5-1,0.000199,0.000000,0.000000,0.002060
Q_ind_196_anc_5-1,0.002618,0.000000,0.000000,0.033093
Q_ind_197_anc_5-1,0.000718,0.000000,0.000000,0.009051
Q_ind_198_anc_5-1,0.000993,0.000000,0.000000,0.012143
Q_ind_199_anc_5-1,0.003497,0.000000,0.000000,0.043188
Q_ind_200_anc_5-1,0.001158,0.000000,0.000000,0.013986
Q_ind_201_anc_5-1,0.001360,0.000000,0.000000,0.011861
Q_ind_202_anc_5-1,0.023931,0.000000,0.000000,0.170442
Q_ind_203_anc_5-1,0.002064,0.000000,0.000000,0.025300
Q_ind_204_anc_5-1,0.003571,0.000000,0.000000,0.051759
Q_ind_205_anc_5-1,0.000948,0.000000,0.000000,0.011968
Q_ind_206_anc_5-1,0.020337,0.000000,0.000000,0.250504
Q_ind_207_anc_5-1,0.002997,0.000000,0.000000,0.036345
Q_ind_208_anc_5-1,0.000466,0.000000,0.000000,0.004746
Q_ind_209_anc_5-1,0.006350,0.000000,0.000000,0.071306
Q_ind_210_anc_5-1,0.048249,0.013667,0.000000,0.171526
Q_ind_211_anc_5-1,0.010301,0.000000,0.000000,0.094296
Q_ind_212_anc_5-1,0.000693,0.000000,0.000000,0.009236
Q_ind_213_anc_5-1,0.001210,0.000000,0.000000,0.017572
Q_ind_214_anc_5-1,0.001321,0.000000,0.000000,0.016252
Q_ind_215_anc_5-1,0.053257,0.048433,0.000000,0.162049
Q_ind_216_anc_5-1,0.010314,0.000000,0.000000,0.103867
Q_ind_217_anc_5-1,0.009934,0.000000,0.000000,0.143336
Q_ind_218_anc_5-1,0.001620,0.000000,0.000000,0.020037
Q_ind_219_anc_5-1,0.002835,0.000000,0.000000,0.035707
Q_ind_220_anc_5-1,0.199625,0.198547,0.068296,0.334668
Q_ind_221_anc_5-1,0.002119,0.000000,0.000000,0.025047
Q_ind_222_anc_5-1,0.079070,0.004537,0.000000,0.288661
Q_ind_1_anc_5-2,0.000342,0.000000,0.000000,0.004338
Q_ind_2_anc_5-2,0.002941,0.000000,0.000000,0.032927
Q_ind_3_anc_5-2,0.000977,0.000000,0.000000,0.012715
Q_ind_4_anc_5-2,0.000771,0.000000,0.000000,0.009761
Q_ind_5_anc_5-2,0.000840,0.000000,0.000000,0.010429
Q_ind_6_anc_5-2,0.003104,0.000000,0.000000,0.038683
Q_ind_7_anc_5-2,0.006391,0.000000,0.000000,0.070492
Q_ind_8_anc_5-2,0.000939,0.000000,0.000000,0.012609
Q_ind_9_anc_5-2,0.003275,0.000000,0.000000,0.045211
Q_ind_10_anc_5-2,0.000702,0.000000,0.000000,0.007239
Q_ind_11_anc_5-2,0.001908,0.000000,0.000000,0.024850
Q_ind_12_anc_5-2,0.001065,0.000000,0.000000,0.013867
Q_ind_13_anc_5-2,0.000298,0.000000,0.000000,0.003128
Q_ind_14_anc_5-2,0.000317,0.000000,0.000000,0.003238
Q_ind_15_anc_5-2,0.000321,0.000000,0.000000,0.002746
Q_ind_16_anc_5-2,0.000283,0.000000,0.000000,0.003446
Q_ind_17_anc_5-2,0.000464,0.000000,0.000000,0.005738
Q_ind_18_anc_5-2,0.001008,0.000000,0.000000,0.013575
Q_ind_19_anc_5-2,0.000194,0.000000,0.000000,0.001970
Q_ind_20_anc_5-2,0.000188,0.000000,0.000000,0.002069
Q_ind_21_anc_5-2,0.004257,0.000000,0.000000,0.057373
Q_ind_22_anc_5-2,0.001478,0.000000,0.000000,0.018568
Q_ind_23_anc_5-2,0.002410,0.000000,0.000000,0.028223
Q_ind_24_anc_5-2,0.086704,0.084152,0.000000,0.235454
Q_ind_25_anc_5-2,0.008419,0.000000,0.000000,0.080576
Q_ind_26_anc_5-2,0.000929,0.000000,0.000000,0.011858
Q_ind_27_anc_5-2,0.002628,0.000000,0.000000,0.029894
Q_ind_28_anc_5-2,0.001729,0.000000,0.000000,0.017334
Q_ind_29_anc_5-2,0.020589,0.000000,0.000000,0.130406
Q_ind_30_anc_5-2,0.000607,0.000000,0.000000,0.005891
Q_ind_31_anc_5-2,0.000879,0.000000,0.000000,0.011478
Q_ind_32_anc_5-2,0.013574,0.000000,0.000000,0.086758
Q_ind_33_anc_5-2,0.004913,0.000000,0.000000,0.045971
Q_ind_34_anc_5-2,0.000443,0.000000,0.000000,0.005713
Q_ind_35_anc_5-2,0.000466,0.000000,0.000000,0.005760
Q_ind_36_anc_5-2,0.000111,0.000000,0.000000,0.001385
Q_ind_37_anc_5-2,0.000356,0.000000,0.000000,0.004370
Q_ind_38_anc_5-2,0.000119,0.000000,0.000000,0.001182
Q_ind_39_anc_5-2,0.001011,0.000000,0.000000,0.013868
Q_ind_40_anc_5-2,0.003339,0.000000,0.000000,0.037201
Q_ind_41_anc_5-2,0.000594,0.000000,0.000000,0.007456
Q_ind_42_anc_5-2,0.000346,0.000000,0.000000,0.003801
Q_ind_43_anc_5-2,0.000318,0.000000,0.000000,0.003225
Q_ind_44_anc_5-2,0.000514,0.000000,0.000000,0.006939
Q_ind_45_anc_5-2,0.000373,0.000000,0.000000,0.004916
Q_ind_46_anc_5-2,0.000262,0.000000,0.000000,0.003120
Q_ind_47_anc_5-2,0.000806,0.000000,0.000000,0.009917
Q_ind_48_anc_5-2,0.000315,0.000000,0.000000,0.003811
Q_ind_49_anc_5-2,0.000163,0.000000,0.000000,0.001693
Q_ind_50_anc_5-2,0.000197,0.000000,0.000000,0.002135
Q_ind_51_anc_5-2,0.000136,0.000000,0.000000,0.001602
Q_ind_52_anc_5-2,0.000318,0.000000,0.000000,0.003185
Q_ind_53_anc_5-2,0.000669,0.000000,0.000000,0.006683
Q_ind_54_anc_5-2,0.000254,0.000000,0.000000,0.002868
Q_ind_55_anc_5-2,0.000544,0.000000,0.000000,0.007115
Q_ind_56_anc_5-2,0.000175,0.000000,0.000000,0.002246
Q_ind_57_anc_5-2,0.000346,0.000000,0.000000,0.004654
Q_ind_58_anc_5-2,0.000136,0.000000,0.000000,0.001398
Q_ind_59_anc_5-2,0.000183,0.000000,0.000000,0.002150
Q_ind_60_anc_5-2,0.000444,0.000000,0.000000,0.004441
Q_ind_61_anc_5-2,0.000522,0.000000,0.000000,0.006540
Q_ind_62_anc_5-2,0.000730,0.000000,0.000000,0.008162
Q_ind_63_anc_5-2,0.000206,0.000000,0.000000,0.002482
Q_ind_64_anc_5-2,0.000446,0.000000,0.000000,0.005060
Q_ind_65_anc_5-2,0.001583,0.000000,0.000000,0.017302
Q_ind_66_anc_5-2,0.001311,0.000000,0.000000,0.020657
Q_ind_67_anc_5-2,0.000312,0.000000,0.000000,0.004010
Q_ind_68_anc_5-2,0.000324,0.000000,0.000000,0.003250
Q_ind_69_anc_5-2,0.000685,0.000000,0.000000,0.008169
Q_ind_70_anc_5-2,0.002236,0.000000,0.000000,0.033180
Q_ind_71_anc_5-2,0.005311,0.000000,0.000000,0.081040
Q_ind_72_anc_5-2,0.056707,0.000023,0.000000,0.229997
Q_ind_73_anc_5-2,0.003597,0.000000,0.000000,0.048205
Q_ind_74_anc_5-2,0.008648,0.000000,0.000000,0.085129
Q_ind_75_anc_5-2,0.001427,0.000000,0.000000,0.018063
Q_ind_76_anc_5-2,0.002925,0.000000,0.000000,0.038949
Q_ind_77_anc_5-2,0.021244,0.000000,0.000000,0.179221
Q_ind_78_anc_5-2,0.001311,0.000000,0.000000,0.015434
Q_ind_79_anc_5-2,0.001150,0.000000,0.000000,0.014514
Q_ind_80_anc_5-2,0.005946,0.000000,0.000000,0.072724
Q_ind_81_anc_5-2,0.001102,0.000000,0.000000,0.013740
Q_ind_82_anc_5-2,0.000224,0.000000,0.000000,0.002638
Q_ind_83_anc_5-2,0.000763,0.000000,0.000000,0.007738
Q_ind_84_anc_5-2,0.000267,0.000000,0.000000,0.003593
Q_ind_85_anc_5-2,0.001070,0.000000,0.000000,0.015298
Q_ind_86_anc_5-2,0.000792,0.000000,0.000000,0.009686
Q_ind_87_anc_5-2,0.004343,0.000000,0.000000,0.052101
Q_ind_88_anc_5-2,0.001663,0.000000,0.000000,0.022843
Q_ind_89_anc_5-2,0.000708,0.000000,0.000000,0.010074
Q_ind_90_anc_5-2,0.001704,0.000000,0.000000,0.022413
Q_ind_91_anc_5-2,0.000166,0.000000,0.000000,0.001995
Q_ind_92_anc_5-2,0.000168,0.000000,0.000000,0.002020
Q_ind_93_anc_5-2,0.000646,0.000000,0.000000,0.008511
Q_ind_94_anc_5-2,0.000266,0.000000,0.000000,0.003037
Q_ind_95_anc_5-2,0.000770,0.000000,0.000000,0.011087
Q_ind_96_anc_5-2,0.000260,0.000000,0.000000,0.003150
Q_ind_97_anc_5-2,0.000194,0.000000,0.000000,0.002478
Q_ind_98_anc_5-2,0.000812,0.000000,0.000000,0.008722
Q_ind_99_anc_5-2,0.090732,0.098381,0.000000,0.226945
Q_ind_100_anc_5-2,0.003306,0.000000,0.000000,0.046942
Q_ind_101_anc_5-2,0.001008,0.000000,0.000000,0.012934
Q_ind_102_anc_5-2,0.005955,0.000000,0.000000,0.087788
Q_ind_103_anc_5-2,0.001715,0.000000,0.000000,0.019894
Q_ind_104_anc_5-2,0.000607,0.000000,0.000000,0.007599
Q_ind_105_anc_5-2,0.000598,0.000000,0.000000,0.006591
Q_ind_106_anc_5-2,0.001300,0.000000,0.000000,0.014134
Q_ind_107_anc_5-2,0.000321,0.000000,0.000000,0.004234
Q_ind_108_anc_5-2,0.000433,0.000000,0.000000,0.005334
Q_ind_109_anc_5-2,0.000429,0.000000,0.000000,0.004498
Q_ind_110_anc_5-2,0.000492,0.000000,0.000000,0.006020
Q_ind_111_anc_5-2,0.000947,0.000000,0.000000,0.012501
Q_ind_112_anc_5-2,0.000301,0.000000,0.000000,0.003846
Q_ind_113_anc_5-2,0.000401,0.000000,0.000000,0.005102
Q_ind_114_anc_5-2,0.001566,0.000000,0.000000,0.020680
Q_ind_115_anc_5-2,0.000201,0.000000,0.000000,0.002180
Q_ind_116_anc_5-2,0.002623,0.000000,0.000000,0.036020
Q_ind_117_anc_5-2,0.004195,0.000000,0.000000,0.042999
Q_ind_118_anc_5-2,0.002798,0.000000,0.000000,0.039146
Q_ind_119_anc_5-2,0.002029,0.000000,0.000000,0.028896
Q_ind_120_anc_5-2,0.017432,0.000000,0.000000,0.162605
Q_ind_121_anc_5-2,0.005174,0.000000,0.000000,0.065661
Q_ind_122_anc_5-2,0.102590,0.111633,0.000000,0.201671
Q_ind_123_anc_5-2,0.000555,0.000000,0.000000,0.005524
Q_ind_124_anc_5-2,0.001057,0.000000,0.000000,0.015444
Q_ind_125_anc_5-2,0.000454,0.000000,0.000000,0.005783
Q_ind_126_anc_5-2,0.000872,0.000000,0.000000,0.010772
Q_ind_127_anc_5-2,0.000454,0.000000,0.000000,0.005503
Q_ind_128_anc_5-2,0.003498,0.000000,0.000000,0.045871
Q_ind_129_anc_5-2,0.002017,0.000000,0.000000,0.026826
Q_ind_130_anc_5-2,0.001949,0.000000,0.000000,0.025606
Q_ind_131_anc_5-2,0.002562,0.000000,0.000000,0.036753
Q_ind_132_anc_5-2,0.003213,0.000000,0.000000,0.038851
Q_ind_133_anc_5-2,0.000327,0.000000,0.000000,0.003180
Q_ind_134_anc_5-2,0.010372,0.000000,0.000000,0.096502
Q_ind_135_anc_5-2,0.001504,0.000000,0.000000,0.017850
Q_ind_136_anc_5-2,0.000305,0.000000,0.000000,0.003954
Q_ind_137_anc_5-2,0.000377,0.000000,0.000000,0.004359
Q_ind_138_anc_5-2,0.000246,0.000000,0.000000,0.002809
Q_ind_139_anc_5-2,0.025385,0.000042,0.000000,0.134370
Q_ind_140_anc_5-2,0.000532,0.000000,0.000000,0.005163
Q_ind_141_anc_5-2,0.000206,0.000000,0.000000,0.001958
Q_ind_142_anc_5-2,0.000708,0.000000,0.000000,0.009262
Q_ind_143_anc_5-2,0.000747,0.000000,0.000000,0.009420
Q_ind_144_anc_5-2,0.000496,0.000000,0.000000,0.005422
Q_ind_145_anc_5-2,0.016236,0.000000,0.000000,0.123607
Q_ind_146_anc_5-2,0.001828,0.000000,0.000000,0.024669
Q_ind_147_anc_5-2,0.004971,0.000000,0.000000,0.058394
Q_ind_148_anc_5-2,0.001055,0.000000,0.000000,0.012432
Q_ind_149_anc_5-2,0.001643,0.000000,0.000000,0.020139
Q_ind_150_anc_5-2,0.018605,0.000001,0.000000,0.145381
Q_ind_151_anc_5-2,0.002785,0.000000,0.000000,0.044915
Q_ind_152_anc_5-2,0.000619,0.000000,0.000000,0.007694
Q_ind_153_anc_5-2,0.000905,0.000000,0.000000,0.010919
Q_ind_154_anc_5-2,0.001653,0.000000,0.000000,0.018147
Q_ind_155_anc_5-2,0.015926,0.000001,0.000000,0.109502
Q_ind_156_anc_5-2,0.011514,0.000000,0.000000,0.117609
Q_ind_157_anc_5-2,0.020490,0.000000,0.000000,0.158946
Q_ind_158_anc_5-2,0.004523,0.000000,0.000000,0.054818
Q_ind_159_anc_5-2,0.000862,0.000000,0.000000,0.008993
Q_ind_160_anc_5-2,0.001101,0.000000,0.000000,0.013843
Q_ind_161_anc_5-2,0.004504,0.000000,0.000000,0.068953
Q_ind_162_anc_5-2,0.020157,0.000000,0.000000,0.187554
Q_ind_163_anc_5-2,0.001330,0.000000,0.000000,0.020668
Q_ind_164_anc_5-2,0.051516,0.000020,0.000000,0.228194
Q_ind_165_anc_5-2,0.001396,0.000000,0.000000,0.018719
Q_ind_166_anc_5-2,0.000387,0.000000,0.000000,0.003626
Q_ind_167_anc_5-2,0.000438,0.000000,0.000000,0.003854
Q_ind_168_anc_5-2,0.000550,0.000000,0.000000,0.006683
Q_ind_169_anc_5-2,0.000798,0.000000,0.000000,0.010569
Q_ind_170_anc_5-2,0.003482,0.000000,0.000000,0.043478
Q_ind_171_anc_5-2,0.000230,0.000000,0.000000,0.002876
Q_ind_172_anc_5-2,0.000319,0.000000,0.000000,0.003754
Q_ind_173_anc_5-2,0.000140,0.000000,0.000000,0.001692
Q_ind_174_anc_5-2,0.000381,0.000000,0.000000,0.004024
Q_ind_175_anc_5-2,0.000398,0.000000,0.000000,0.005088
Q_ind_176_anc_5-2,0.000463,0.000000,0.000000,0.006438
Q_ind_177_anc_5-2,0.000918,0.000000,0.000000,0.011866
Q_ind_178_anc_5-2,0.000156,0.000000,0.000000,0.002047
Q_ind_179_anc_5-2,0.000207,0.000000,0.000000,0.002130
Q_ind_180_anc_5-2,0.005712,0.000000,0.000000,0.070798
Q_ind_181_anc_5-2,0.000484,0.000000,0.000000,0.006682
Q_ind_182_anc_5-2,0.001671,0.000000,0.000000,0.021444
Q_ind_183_anc_5-2,0.001268,0.000000,0.000000,0.016250
Q_ind_184_anc_5-2,0.000268,0.000000,0.000000,0.002739
Q_ind_185_anc_5-2,0.000646,0.000000,0.000000,0.008854
Q_ind_186_anc_5-2,0.000564,0.000000,0.000000,0.006345
Q_ind_187_anc_5-2,0.000852,0.000000,0.000000,0.009534
Q_ind_188_anc_5-2,0.000707,0.000000,0.000000,0.007885
Q_ind_189_anc_5-2,0.000493,0.000000,0.000000,0.005781
Q_ind_190_anc_5-2,0.013424,0.000000,0.000000,0.123640
Q_ind_191_anc_5-2,0.015280,0.000000,0.000000,0.103970
Q_ind_192_anc_5-2,0.073031,0.078580,0.000000,0.199708
Q_ind_193_anc_5-2,0.045736,0.014178,0.000000,0.171739
Q_ind_194_anc_5-2,0.028536,0.000021,0.000000,0.140313
Q_ind_195_anc_5-2,0.085498,0.095871,0.000000,0.204952
Q_ind_196_anc_5-2,0.003584,0.000000,0.000000,0.048796
Q_ind_197_anc_5-2,0.007704,0.000000,0.000000,0.088690
Q_ind_198_anc_5-2,0.123967,0.141764,0.000000,0.279725
Q_ind_199_anc_5-2,0.026242,0.000006,0.000000,0.142855
Q_ind_200_anc_5-2,0.000594,0.000000,0.000000,0.007487
Q_ind_201_anc_5-2,0.005253,0.000000,0.000000,0.066557
Q_ind_202_anc_5-2,0.001332,0.000000,0.000000,0.017047
Q_ind_203_anc_5-2,0.000447,0.000000,0.000000,0.005250
Q_ind_204_anc_5-2,0.002039,0.000000,0.000000,0.021879
Q_ind_205_anc_5-2,0.000367,0.000000,0.000000,0.004870
Q_ind_206_anc_5-2,0.000322,0.000000,0.000000,0.002926
Q_ind_207_anc_5-2,0.000608,0.000000,0.000000,0.006616
Q_ind_208_anc_5-2,0.000434,0.000000,0.000000,0.005306
Q_ind_209_anc_5-2,0.000407,0.000000,0.000000,0.005755
Q_ind_210_anc_5-2,0.000886,0.000000,0.000000,0.012246
Q_ind_211_anc_5-2,0.000227,0.000000,0.000000,0.003047
Q_ind_212_anc_5-2,0.000251,0.000000,0.000000,0.002928
Q_ind_213_anc_5-2,0.001030,0.000000,0.000000,0.014589
Q_ind_214_anc_5-2,0.000174,0.000000,0.000000,0.001991
Q_ind_215_anc_5-2,0.000188,0.000000,0.000000,0.002287
Q_ind_216_anc_5-2,0.000254,0.000000,0.000000,0.002434
Q_ind_217_anc_5-2,0.000282,0.000000,0.000000,0.003213
Q_ind_218_anc_5-2,0.000276,0.000000,0.000000,0.003171
Q_ind_219_anc_5-2,0.000359,0.000000,0.000000,0.004673
Q_ind_220_anc_5-2,0.000199,0.000000,0.000000,0.002163
Q_ind_221_anc_5-2,0.000511,0.000000,0.000000,0.006863
Q_ind_222_anc_5-2,0.000245,0.000000,0.000000,0.002882
Q_ind_1_anc_5-3,0.029356,0.000034,0.000000,0.133607
Q_ind_2_anc_5-3,0.108154,0.125870,0.000000,0.209314
Q_ind_3_anc_5-3,0.037557,0.021589,0.000000,0.126657
Q_ind_4_anc_5-3,0.151115,0.152245,0.084727,0.212177
Q_ind_5_anc_5-3,0.045333,0.048733,0.000000,0.112917
Q_ind_6_anc_5-3,0.097420,0.105795,0.000000,0.165280
Q_ind_7_anc_5-3,0.052999,0.048805,0.000000,0.150780
Q_ind_8_anc_5-3,0.094506,0.093691,0.042089,0.149705
Q_ind_9_anc_5-3,0.151995,0.152086,0.083327,0.217980
Q_ind_10_anc_5-3,0.188130,0.188170,0.129335,0.245034
Q_ind_11_anc_5-3,0.057936,0.060896,0.000000,0.159176
Q_ind_12_anc_5-3,0.107802,0.125165,0.000000,0.191091
Q_ind_13_anc_5-3,0.000841,0.000000,0.000000,0.010119
Q_ind_14_anc_5-3,0.002490,0.000000,0.000000,0.029296
Q_ind_15_anc_5-3,0.000796,0.000000,0.000000,0.011425
Q_ind_16_anc_5-3,0.002722,0.000000,0.000000,0.032896
Q_ind_17_anc_5-3,0.000616,0.000000,0.000000,0.007852
Q_ind_18_anc_5-3,0.000776,0.000000,0.000000,0.007952
Q_ind_19_anc_5-3,0.001986,0.000000,0.000000,0.022622
Q_ind_20_anc_5-3,0.000253,0.000000,0.000000,0.003458
Q_ind_21_anc_5-3,0.000637,0.000000,0.000000,0.008054
Q_ind_22_anc_5-3,0.000406,0.000000,0.000000,0.005212
Q_ind_23_anc_5-3,0.000529,0.000000,0.000000,0.005572
Q_ind_24_anc_5-3,0.018317,0.000031,0.000000,0.085014
Q_ind_25_anc_5-3,0.000617,0.000000,0.000000,0.008030
Q_ind_26_anc_5-3,0.000261,0.000000,0.000000,0.002979
Q_ind_27_anc_5-3,0.000774,0.000000,0.000000,0.010377
Q_ind_28_anc_5-3,0.000566,0.000000,0.000000,0.007230
Q_ind_29_anc_5-3,0.000861,0.000000,0.000000,0.009616
Q_ind_30_anc_5-3,0.000869,0.000000,0.000000,0.010347
Q_ind_31_anc_5-3,0.781968,0.781494,0.711382,0.852833
Q_ind_32_anc_5-3,0.748299,0.750883,0.642528,0.837755
Q_ind_33_anc_5-3,0.691362,0.691600,0.614567,0.769157
Q_ind_34_anc_5-3,0.807277,0.810768,0.737842,0.863058
Q_ind_35_anc_5-3,0.718588,0.714082,0.642820,0.823674
Q_ind_36_anc_5-3,0.839461,0.841628,0.788127,0.879736
Q_ind_37_anc_5-3,0.703100,0.701458,0.628714,0.794385
Q_ind_38_anc_5-3,0.872430,0.873705,0.827666,0.910031
Q_ind_39_anc_5-3,0.420843,0.416278,0.343069,0.540521
Q_ind_40_anc_5-3,0.687525,0.690265,0.562350,0.801686
Q_ind_41_anc_5-3,0.592874,0.594469,0.497894,0.680823
Q_ind_42_anc_5-3,0.000845,0.000000,0.000000,0.010447
Q_ind_43_anc_5-3,0.000248,0.000000,0.000000,0.003204
Q_ind_44_anc_5-3,0.002356,0.000000,0.000000,0.029283
Q_ind_45_anc_5-3,0.004782,0.000000,0.000000,0.044433
Q_ind_46_anc_5-3,0.002277,0.000000,0.000000,0.030263
Q_ind_47_anc_5-3,0.000411,0.000000,0.000000,0.004723
Q_ind_48_anc_5-3,0.002522,0.000000,0.000000,0.029477
Q_ind_49_anc_5-3,0.000258,0.000000,0.000000,0.003106
Q_ind_50_anc_5-3,0.000152,0.000000,0.000000,0.001854
Q_ind_51_anc_5-3,0.000797,0.000000,0.000000,0.006622
Q_ind_52_anc_5-3,0.000282,0.000000,0.000000,0.003392
Q_ind_53_anc_5-3,0.001913,0.000000,0.000000,0.034256
Q_ind_54_anc_5-3,0.000269,0.000000,0.000000,0.002876
Q_ind_55_anc_5-3,0.002155,0.000000,0.000000,0.031846
Q_ind_56_anc_5-3,0.002896,0.000000,0.000000,0.041167
Q_ind_57_anc_5-3,0.000221,0.000000,0.000000,0.002490
Q_ind_58_anc_5-3,0.000180,0.000000,0.000000,0.002204
Q_ind_59_anc_5-3,0.000757,0.000000,0.000000,0.009296
Q_ind_60_anc_5-3,0.001729,0.000000,0.000000,0.019877
Q_ind_61_anc_5-3,0.001215,0.000000,0.000000,0.014620
Q_ind_62_anc_5-3,0.000426,0.000000,0.000000,0.005266
Q_ind_63_anc_5-3,0.000241,0.000000,0.000000,0.002878
Q_ind_64_anc_5-3,0.000383,0.000000,0.000000,0.005050
Q_ind_65_anc_5-3,0.005731,0.000000,0.000000,0.043111
Q_ind_66_anc_5-3,0.000731,0.000000,0.000000,0.008265
Q_ind_67_anc_5-3,0.016264,0.000004,0.000000,0.081981
Q_ind_68_anc_5-3,0.000999,0.000000,0.000000,0.013575
Q_ind_69_anc_5-3,0.000343,0.000000,0.000000,0.003776
Q_ind_70_anc_5-3,0.000293,0.000000,0.000000,0.003478
Q_ind_71_anc_5-3,0.000278,0.000000,0.000000,0.003430
Q_ind_72_anc_5-3,0.000221,0.000000,0.000000,0.002819
Q_ind_73_anc_5-3,0.000231,0.000000,0.000000,0.003336
Q_ind_74_anc_5-3,0.000343,0.000000,0.000000,0.004179
Q_ind_75_anc_5-3,0.000374,0.000000,0.000000,0.004569
Q_ind_76_anc_5-3,0.000520,0.000000,0.000000,0.006328
Q_ind_77_anc_5-3,0.000426,0.000000,0.000000,0.005640
Q_ind_78_anc_5-3,0.000566,0.000000,0.000000,0.007545
Q_ind_79_anc_5-3,0.000446,0.000000,0.000000,0.006234
Q_ind_80_anc_5-3,0.000569,0.000000,0.000000,0.006999
Q_ind_81_anc_5-3,0.005264,0.000000,0.000000,0.049779
Q_ind_82_anc_5-3,0.012538,0.000000,0.000000,0.089255
Q_ind_83_anc_5-3,0.001012,0.000000,0.000000,0.014810
Q_ind_84_anc_5-3,0.004004,0.000000,0.000000,0.047294
Q_ind_85_anc_5-3,0.002440,0.000000,0.000000,0.029229
Q_ind_86_anc_5-3,0.002360,0.000000,0.000000,0.029200
Q_ind_87_anc_5-3,0.078189,0.078565,0.012616,0.138796
Q_ind_88_anc_5-3,0.009513,0.000000,0.000000,0.074969
Q_ind_89_anc_5-3,0.001055,0.000000,0.000000,0.014968
Q_ind_90_anc_5-3,0.000634,0.000000,0.000000,0.008297
Q_ind_91_anc_5-3,0.001514,0.000000,0.000000,0.022188
Q_ind_92_anc_5-3,0.005672,0.000000,0.000000,0.083645
Q_ind_93_anc_5-3,0.000381,0.000000,0.000000,0.005442
Q_ind_94_anc_5-3,0.000484,0.000000,0.000000,0.005991
Q_ind_95_anc_5-3,0.000481,0.000000,0.000000,0.006320
Q_ind_96_anc_5-3,0.000174,0.000000,0.000000,0.001825
Q_ind_97_anc_5-3,0.002893,0.000000,0.000000,0.050977
Q_ind_98_anc_5-3,0.000707,0.000000,0.000000,0.009661
Q_ind_99_anc_5-3,0.101958,0.100477,0.044681,0.166268
Q_ind_100_anc_5-3,0.034378,0.000669,0.000000,0.148550
Q_ind_101_anc_5-3,0.043953,0.004438,0.000000,0.151716
Q_ind_102_anc_5-3,0.010817,0.000000,0.000000,0.070306
Q_ind_103_anc_5-3,0.074390,0.087800,0.000000,0.177335
Q_ind_104_anc_5-3,0.123511,0.133060,0.000000,0.202665
Q_ind_105_anc_5-3,0.083412,0.094268,0.000000,0.176906
Q_ind_106_anc_5-3,0.099054,0.103616,0.000000,0.175161
Q_ind_107_anc_5-3,0.000464,0.000000,0.000000,0.004073
Q_ind_108_anc_5-3,0.028465,0.022762,0.000000,0.084513
Q_ind_109_anc_5-3,0.000396,0.000000,0.000000,0.004717
Q_ind_110_anc_5-3,0.000968,0.000000,0.000000,0.011803
Q_ind_111_anc_5-3,0.006028,0.000000,0.000000,0.038158
Q_ind_112_anc_5-3,0.000669,0.000000,0.000000,0.010158
Q_ind_113_anc_5-3,0.000361,0.000000,0.000000,0.004213
Q_ind_114_anc_5-3,0.000532,0.000000,0.000000,0.006381
Q_ind_115_anc_5-3,0.000207,0.000000,0.000000,0.002413
Q_ind_116_anc_5-3,0.000821,0.000000,0.000000,0.010250
Q_ind_117_anc_5-3,0.002673,0.000000,0.000000,0.034511
Q_ind_118_anc_5-3,0.001982,0.000000,0.000000,0.025692
Q_ind_119_anc_5-3,0.001565,0.000000,0.000000,0.019944
Q_ind_120_anc_5-3,0.000637,0.000000,0.000000,0.008542
Q_ind_121_anc_5-3,0.001043,0.000000,0.000000,0.013726
Q_ind_122_anc_5-3,0.018367,0.000005,0.000000,0.082959
Q_ind_123_anc_5-3,0.026810,0.000011,0.000000,0.109918
Q_ind_124_anc_5-3,0.001955,0.000000,0.000000,0.024257
Q_ind_125_anc_5-3,0.001048,0.000000,0.000000,0.014021
Q_ind_126_anc_5-3,0.001282,0.000000,0.000000,0.014500
Q_ind_127_anc_5-3,0.000446,0.000000,0.000000,0.006173
Q_ind_128_anc_5-3,0.000516,0.000000,0.000000,0.006171
Q_ind_129_anc_5-3,0.007472,0.000000,0.000000,0.081722
Q_ind_130_anc_5-3,0.002006,0.000000,0.000000,0.024591
Q_ind_131_anc_5-3,0.001942,0.000000,0.000000,0.023005
Q_ind_132_anc_5-3,0.003281,0.000000,0.000000,0.034309
Q_ind_133_anc_5-3,0.008921,0.000000,0.000000,0.075367
Q_ind_134_anc_5-3,0.026086,0.016735,0.000000,0.086662
Q_ind_135_anc_5-3,0.009515,0.000000,0.000000,0.055227
Q_ind_136_anc_5-3,0.004669,0.000000,0.000000,0.055393
Q_ind_137_anc_5-3,0.003131,0.000000,0.000000,0.036769
Q_ind_138_anc_5-3,0.003658,0.000000,0.000000,0.043868
Q_ind_139_anc_5-3,0.017221,0.000001,0.000000,0.097376
Q_ind_140_anc_5-3,0.000355,0.000000,0.000000,0.003898
Q_ind_141_anc_5-3,0.003036,0.000000,0.000000,0.035826
Q_ind_142_anc_5-3,0.044850,0.045654,0.000000,0.099977
Q_ind_143_anc_5-3,0.004831,0.000000,0.000000,0.040917
Q_ind_144_anc_5-3,0.018510,0.000063,0.000000,0.081680
Q_ind_145_anc_5-3,0.130136,0.133847,0.033235,0.200216
Q_ind_146_anc_5-3,0.155326,0.156221,0.085729,0.218935
Q_ind_147_anc_5-3,0.148562,0.149350,0.084118,0.207792
Q_ind_148_anc_5-3,0.000515,0.000000,0.000000,0.005624
Q_ind_149_anc_5-3,0.000953,0.000000,0.000000,0.012836
Q_ind_150_anc_5-3,0.000260,0.000000,0.000000,0.003094
Q_ind_151_anc_5-3,0.000256,0.000000,0.000000,0.003122
Q_ind_152_anc_5-3,0.000207,0.000000,0.000000,0.002458
Q_ind_153_anc_5-3,0.000147,0.000000,0.000000,0.001736
Q_ind_154_anc_5-3,0.000330,0.000000,0.000000,0.003706
Q_ind_155_anc_5-3,0.000492,0.000000,0.000000,0.006527
Q_ind_156_anc_5-3,0.000736,0.000000,0.000000,0.007764
Q_ind_157_anc_5-3,0.000246,0.000000,0.000000,0.002644
Q_ind_158_anc_5-3,0.000244,0.000000,0.000000,0.002736
Q_ind_159_anc_5-3,0.000233,0.000000,0.000000,0.002351
Q_ind_160_anc_5-3,0.000501,0.000000,0.000000,0.006459
Q_ind_161_anc_5-3,0.001107,0.000000,0.000000,0.013457
Q_ind_162_anc_5-3,0.000364,0.000000,0.000000,0.004177
Q_ind_163_anc_5-3,0.000414,0.000000,0.000000,0.005566
Q_ind_164_anc_5-3,0.000554,0.000000,0.000000,0.006729
Q_ind_165_anc_5-3,0.012374,0.000011,0.000000,0.071771
Q_ind_166_anc_5-3,0.003775,0.000000,0.000000,0.059423
Q_ind_167_anc_5-3,0.000783,0.000000,0.000000,0.010925
Q_ind_168_anc_5-3,0.000799,0.000000,0.000000,0.011110
Q_ind_169_anc_5-3,0.006189,0.000000,0.000000,0.071591
Q_ind_170_anc_5-3,0.000687,0.000000,0.000000,0.008372
Q_ind_171_anc_5-3,0.000984,0.000000,0.000000,0.012351
Q_ind_172_anc_5-3,0.022153,0.000006,0.000000,0.108566
Q_ind_173_anc_5-3,0.000467,0.000000,0.000000,0.006021
Q_ind_174_anc_5-3,0.055404,0.063577,0.000000,0.141065
Q_ind_175_anc_5-3,0.000893,0.000000,0.000000,0.010959
Q_ind_176_anc_5-3,0.001743,0.000000,0.000000,0.025287
Q_ind_177_anc_5-3,0.033083,0.001191,0.000000,0.114160
Q_ind_178_anc_5-3,0.001612,0.000000,0.000000,0.019595
Q_ind_179_anc_5-3,0.070643,0.075958,0.000000,0.131567
Q_ind_180_anc_5-3,0.378849,0.378140,0.279379,0.478079
Q_ind_181_anc_5-3,0.385345,0.384710,0.302982,0.474066
Q_ind_182_anc_5-3,0.316155,0.317103,0.228036,0.401694
Q_ind_183_anc_5-3,0.340781,0.341886,0.254839,0.416940
Q_ind_184_anc_5-3,0.343501,0.344117,0.241522,0.439709
Q_ind_185_anc_5-3,0.128317,0.134803,0.000000,0.194027
Q_ind_186_anc_5-3,0.350690,0.350820,0.265781,0.440451
Q_ind_187_anc_5-3,0.310306,0.321325,0.174768,0.411913
Q_ind_188_anc_5-3,0.378218,0.379260,0.295972,0.453069
Q_ind_189_anc_5-3,0.002696,0.000000,0.000000,0.032301
Q_ind_190_anc_5-3,0.013534,0.000001,0.000000,0.082239
Q_ind_191_anc_5-3,0.017085,0.000002,0.000000,0.092780
Q_ind_192_anc_5-3,0.003399,0.000000,0.000000,0.042073
Q_ind_193_anc_5-3,0.018777,0.000161,0.000000,0.082778
Q_ind_194_anc_5-3,0.031647,0.022503,0.000000,0.095524
Q_ind_195_anc_5-3,0.001235,0.000000,0.000000,0.012825
Q_ind_196_anc_5-3,0.011350,0.000000,0.000000,0.078681
Q_ind_197_anc_5-3,0.004410,0.000000,0.000000,0.045764
Q_ind_198_anc_5-3,0.040963,0.037481,0.000000,0.120922
Q_ind_199_anc_5-3,0.044189,0.046802,0.000000,0.103065
Q_ind_200_anc_5-3,0.002040,0.000000,0.000000,0.027766
Q_ind_201_anc_5-3,0.038025,0.031057,0.000000,0.114689
Q_ind_202_anc_5-3,0.003963,0.000000,0.000000,0.042984
Q_ind_203_anc_5-3,0.002179,0.000000,0.000000,0.030331
Q_ind_204_anc_5-3,0.003118,0.000000,0.000000,0.040685
Q_ind_205_anc_5-3,0.003097,0.000000,0.000000,0.039351
Q_ind_206_anc_5-3,0.007312,0.000000,0.000000,0.074371
Q_ind_207_anc_5-3,0.048674,0.050521,0.000000,0.130510
Q_ind_208_anc_5-3,0.002840,0.000000,0.000000,0.033972
Q_ind_209_anc_5-3,0.016752,0.000004,0.000000,0.078388
Q_ind_210_anc_5-3,0.005035,0.000000,0.000000,0.057557
Q_ind_211_anc_5-3,0.000644,0.000000,0.000000,0.008065
Q_ind_212_anc_5-3,0.000946,0.000000,0.000000,0.012667
Q_ind_213_anc_5-3,0.000296,0.000000,0.000000,0.003260
Q_ind_214_anc_5-3,0.000157,0.000000,0.000000,0.002028
Q_ind_215_anc_5-3,0.001071,0.000000,0.000000,0.012768
Q_ind_216_anc_5-3,0.000534,0.000000,0.000000,0.006964
Q_ind_217_anc_5-3,0.000536,0.000000,0.000000,0.006443
Q_ind_218_anc_5-3,0.000180,0.000000,0.000000,0.001884
Q_ind_219_anc_5-3,0.000176,0.000000,0.000000,0.002057
Q_ind_220_anc_5-3,0.000231,0.000000,0.000000,0.002872
Q_ind_221_anc_5-3,0.000290,0.000000,0.000000,0.002614
Q_ind_222_anc_5-3,0.000327,0.000000,0.000000,0.004052
Q_ind_1_anc_5-4,0.446133,0.485470,0.208260,0.599562
Q_ind_2_anc_5-4,0.440440,0.438368,0.296076,0.592538
Q_ind_3_anc_5-4,0.466060,0.507627,0.227758,0.646167
Q_ind_4_anc_5-4,0.351972,0.384463,0.151730,0.506419
Q_ind_5_anc_5-4,0.225486,0.259678,0.000000,0.359677
Q_ind_6_anc_5-4,0.423329,0.438142,0.239127,0.559828
Q_ind_7_anc_5-4,0.446900,0.479976,0.234802,0.609204
Q_ind_8_anc_5-4,0.447902,0.468179,0.247679,0.587666
Q_ind_9_anc_5-4,0.344849,0.345281,0.215221,0.463662
Q_ind_10_anc_5-4,0.384875,0.409659,0.194625,0.519568
Q_ind_11_anc_5-4,0.452592,0.468294,0.280543,0.601838
Q_ind_12_anc_5-4,0.414200,0.417332,0.261421,0.547353
Q_ind_13_anc_5-4,0.000321,0.000000,0.000000,0.003876
Q_ind_14_anc_5-4,0.000301,0.000000,0.000000,0.003833
Q_ind_15_anc_5-4,0.000792,0.000000,0.000000,0.010059
Q_ind_16_anc_5-4,0.000344,0.000000,0.000000,0.004382
Q_ind_17_anc_5-4,0.000485,0.000000,0.000000,0.003869
Q_ind_18_anc_5-4,0.000292,0.000000,0.000000,0.003598
Q_ind_19_anc_5-4,0.000252,0.000000,0.000000,0.003133
Q_ind_20_anc_5-4,0.000148,0.000000,0.000000,0.001690
Q_ind_21_anc_5-4,0.000806,0.000000,0.000000,0.009984
Q_ind_22_anc_5-4,0.000446,0.000000,0.000000,0.004698
Q_ind_23_anc_5-4,0.002942,0.000000,0.000000,0.031699
Q_ind_24_anc_5-4,0.001796,0.000000,0.000000,0.023015
Q_ind_25_anc_5-4,0.000287,0.000000,0.000000,0.003179
Q_ind_26_anc_5-4,0.001324,0.000000,0.000000,0.018181
Q_ind_27_anc_5-4,0.000939,0.000000,0.000000,0.011391
Q_ind_28_anc_5-4,0.013796,0.000009,0.000000,0.071951
Q_ind_29_anc_5-4,0.000651,0.000000,0.000000,0.007725
Q_ind_30_anc_5-4,0.004239,0.000000,0.000000,0.044997
Q_ind_31_anc_5-4,0.002162,0.000000,0.000000,0.025603
Q_ind_32_anc_5-4,0.015337,0.000001,0.000000,0.089403
Q_ind_33_anc_5-4,0.042892,0.037630,0.000000,0.126360
Q_ind_34_anc_5-4,0.002945,0.000000,0.000000,0.041294
Q_ind_35_anc_5-4,0.013554,0.000001,0.000000,0.078563
Q_ind_36_anc_5-4,0.000206,0.000000,0.000000,0.002022
Q_ind_37_anc_5-4,0.000506,0.000000,0.000000,0.006504
Q_ind_38_anc_5-4,0.000299,0.000000,0.000000,0.003417
Q_ind_39_anc_5-4,0.000387,0.000000,0.000000,0.004798
Q_ind_40_anc_5-4,0.045825,0.002557,0.000000,0.159768
Q_ind_41_anc_5-4,0.004389,0.000000,0.000000,0.047683
Q_ind_42_anc_5-4,0.000711,0.000000,0.000000,0.009947
Q_ind_43_anc_5-4,0.000661,0.000000,0.000000,0.008461
Q_ind_44_anc_5-4,0.002343,0.000000,0.000000,0.031427
Q_ind_45_anc_5-4,0.000781,0.000000,0.000000,0.008461
Q_ind_46_anc_5-4,0.000281,0.000000,0.000000,0.003797
Q_ind_47_anc_5-4,0.000306,0.000000,0.000000,0.003746
Q_ind_48_anc_5-4,0.000755,0.000000,0.000000,0.010354
Q_ind_49_anc_5-4,0.000164,0.000000,0.000000,0.001909
Q_ind_50_anc_5-4,0.000151,0.000000,0.000000,0.001697
Q_ind_51_anc_5-4,0.000099,0.000000,0.000000,0.001170
Q_ind_52_anc_5-4,0.000219,0.000000,0.000000,0.002558
Q_ind_53_anc_5-4,0.000106,0.000000,0.000000,0.001280
Q_ind_54_anc_5-4,0.000114,0.000000,0.000000,0.001213
Q_ind_55_anc_5-4,0.000301,0.000000,0.000000,0.003293
Q_ind_56_anc_5-4,0.000141,0.000000,0.000000,0.001576
Q_ind_57_anc_5-4,0.000239,0.000000,0.000000,0.003144
Q_ind_58_anc_5-4,0.000141,0.000000,0.000000,0.001410
Q_ind_59_anc_5-4,0.000132,0.000000,0.000000,0.001638
Q_ind_60_anc_5-4,0.000289,0.000000,0.000000,0.003554
Q_ind_61_anc_5-4,0.000503,0.000000,0.000000,0.006232
Q_ind_62_anc_5-4,0.000315,0.000000,0.000000,0.003725
Q_ind_63_anc_5-4,0.000144,0.000000,0.000000,0.001397
Q_ind_64_anc_5-4,0.000259,0.000000,0.000000,0.003105
Q_ind_65_anc_5-4,0.000328,0.000000,0.000000,0.003859
Q_ind_66_anc_5-4,0.000557,0.000000,0.000000,0.006996
Q_ind_67_anc_5-4,0.001124,0.000000,0.000000,0.018656
Q_ind_68_anc_5-4,0.000186,0.000000,0.000000,0.002221
Q_ind_69_anc_5-4,0.000229,0.000000,0.000000,0.002650
Q_ind_70_anc_5-4,0.057223,0.048051,0.000000,0.161919
Q_ind_71_anc_5-4,0.070535,0.075783,0.000000,0.175585
Q_ind_72_anc_5-4,0.001154,0.000000,0.000000,0.014461
Q_ind_73_anc_5-4,0.102472,0.126004,0.000000,0.199519
Q_ind_74_anc_5-4,0.054512,0.056044,0.000000,0.161533
Q_ind_75_anc_5-4,0.027136,0.000003,0.000000,0.192586
Q_ind_76_anc_5-4,0.085203,0.097641,0.000000,0.192746
Q_ind_77_anc_5-4,0.094836,0.110140,0.000000,0.236463
Q_ind_78_anc_5-4,0.040921,0.009500,0.000000,0.152179
Q_ind_79_anc_5-4,0.097108,0.112062,0.000000,0.211489
Q_ind_80_anc_5-4,0.052578,0.000063,0.000000,0.193142
Q_ind_81_anc_5-4,0.048270,0.000086,0.000000,0.187844
Q_ind_82_anc_5-4,0.099119,0.129890,0.000000,0.228691
Q_ind_83_anc_5-4,0.013897,0.000000,0.000000,0.118261
Q_ind_84_anc_5-4,0.088504,0.090535,0.000000,0.151590
Q_ind_85_anc_5-4,0.006337,0.000000,0.000000,0.067010
Q_ind_86_anc_5-4,0.027923,0.000001,0.000000,0.167222
Q_ind_87_anc_5-4,0.031153,0.000000,0.000000,0.186797
Q_ind_88_anc_5-4,0.032957,0.000000,0.000000,0.188367
Q_ind_89_anc_5-4,0.000415,0.000000,0.000000,0.005401
Q_ind_90_anc_5-4,0.001086,0.000000,0.000000,0.013945
Q_ind_91_anc_5-4,0.000161,0.000000,0.000000,0.001813
Q_ind_92_anc_5-4,0.000168,0.000000,0.000000,0.001783
Q_ind_93_anc_5-4,0.000201,0.000000,0.000000,0.002390
Q_ind_94_anc_5-4,0.000159,0.000000,0.000000,0.001919
Q_ind_95_anc_5-4,0.000340,0.000000,0.000000,0.004548
Q_ind_96_anc_5-4,0.000486,0.000000,0.000000,0.006077
Q_ind_97_anc_5-4,0.000163,0.000000,0.000000,0.001886
Q_ind_98_anc_5-4,0.000321,0.000000,0.000000,0.004248
Q_ind_99_anc_5-4,0.025212,0.000000,0.000000,0.147849
Q_ind_100_anc_5-4,0.190803,0.218054,0.003817,0.296784
Q_ind_101_anc_5-4,0.104483,0.114717,0.000000,0.268651
Q_ind_102_anc_5-4,0.076872,0.002447,0.000000,0.238575
Q_ind_103_anc_5-4,0.117062,0.117997,0.000000,0.279960
Q_ind_104_anc_5-4,0.040080,0.000008,0.000000,0.190624
Q_ind_105_anc_5-4,0.123694,0.146424,0.000000,0.298803
Q_ind_106_anc_5-4,0.006704,0.000000,0.000000,0.081779
Q_ind_107_anc_5-4,0.000193,0.000000,0.000000,0.002371
Q_ind_108_anc_5-4,0.000282,0.000000,0.000000,0.003528
Q_ind_109_anc_5-4,0.000624,0.000000,0.000000,0.007229
Q_ind_110_anc_5-4,0.000236,0.000000,0.000000,0.002280
Q_ind_111_anc_5-4,0.000285,0.000000,0.000000,0.003160
Q_ind_112_anc_5-4,0.000240,0.000000,0.000000,0.002805
Q_ind_113_anc_5-4,0.000308,0.000000,0.000000,0.004363
Q_ind_114_anc_5-4,0.000319,0.000000,0.000000,0.003851
Q_ind_115_anc_5-4,0.000204,0.000000,0.000000,0.002210
Q_ind_116_anc_5-4,0.041009,0.007697,0.000000,0.136350
Q_ind_117_anc_5-4,0.004792,0.000000,0.000000,0.049879
Q_ind_118_anc_5-4,0.002782,0.000000,0.000000,0.036752
Q_ind_119_anc_5-4,0.018133,0.000000,0.000000,0.117837
Q_ind_120_anc_5-4,0.001938,0.000000,0.000000,0.028116
Q_ind_121_anc_5-4,0.072204,0.079551,0.000000,0.151684
Q_ind_122_anc_5-4,0.001595,0.000000,0.000000,0.021245
Q_ind_123_anc_5-4,0.000502,0.000000,0.000000,0.006795
Q_ind_124_anc_5-4,0.000907,0.000000,0.000000,0.011352
Q_ind_125_anc_5-4,0.001479,0.000000,0.000000,0.019647
Q_ind_126_anc_5-4,0.001523,0.000000,0.000000,0.020267
Q_ind_127_anc_5-4,0.000653,0.000000,0.000000,0.009167
Q_ind_128_anc_5-4,0.001699,0.000000,0.000000,0.022041
Q_ind_129_anc_5-4,0.000415,0.000000,0.000000,0.005631
Q_ind_130_anc_5-4,0.000796,0.000000,0.000000,0.010726
Q_ind_131_anc_5-4,0.004906,0.000000,0.000000,0.040787
Q_ind_132_anc_5-4,0.002010,0.000000,0.000000,0.022873
Q_ind_133_anc_5-4,0.000162,0.000000,0.000000,0.001670
Q_ind_134_anc_5-4,0.006871,0.000000,0.000000,0.054076
Q_ind_135_anc_5-4,0.000780,0.000000,0.000000,0.010127
Q_ind_136_anc_5-4,0.438286,0.453900,0.163235,0.589278
Q_ind_137_anc_5-4,0.440611,0.460961,0.188176,0.590009
Q_ind_138_anc_5-4,0.496008,0.515132,0.218011,0.661745
Q_ind_139_anc_5-4,0.460276,0.474746,0.223543,0.616257
Q_ind_140_anc_5-4,0.452601,0.480591,0.026743,0.618621
Q_ind_141_anc_5-4,0.538168,0.553866,0.272997,0.688868
Q_ind_142_anc_5-4,0.400768,0.425289,0.000000,0.567987
Q_ind_143_anc_5-4,0.392186,0.407484,0.120154,0.576691
Q_ind_144_anc_5-4,0.381392,0.415222,0.000000,0.552677
Q_ind_145_anc_5-4,0.132059,0.151676,0.000000,0.252147
Q_ind_146_anc_5-4,0.205607,0.219272,0.000000,0.309691
Q_ind_147_anc_5-4,0.097798,0.107147,0.000000,0.243322
Q_ind_148_anc_5-4,0.000234,0.000000,0.000000,0.002997
Q_ind_149_anc_5-4,0.000568,0.000000,0.000000,0.007449
Q_ind_150_anc_5-4,0.001154,0.000000,0.000000,0.015544
Q_ind_151_anc_5-4,0.000626,0.000000,0.000000,0.008526
Q_ind_152_anc_5-4,0.000160,0.000000,0.000000,0.001966
Q_ind_153_anc_5-4,0.000357,0.000000,0.000000,0.004459
Q_ind_154_anc_5-4,0.000242,0.000000,0.000000,0.002771
Q_ind_155_anc_5-4,0.000301,0.000000,0.000000,0.003909
Q_ind_156_anc_5-4,0.108272,0.117818,0.000000,0.283750
Q_ind_157_anc_5-4,0.079205,0.000007,0.000000,0.323439
Q_ind_158_anc_5-4,0.202721,0.217507,0.000000,0.330513
Q_ind_159_anc_5-4,0.197496,0.225136,0.000000,0.344594
Q_ind_160_anc_5-4,0.004816,0.000000,0.000000,0.074252
Q_ind_161_anc_5-4,0.088351,0.001529,0.000000,0.299009
Q_ind_162_anc_5-4,0.065243,0.000000,0.000000,0.296015
Q_ind_163_anc_5-4,0.118583,0.130316,0.000000,0.314100
Q_ind_164_anc_5-4,0.208822,0.232721,0.000000,0.314603
Q_ind_165_anc_5-4,0.000312,0.000000,0.000000,0.004310
Q_ind_166_anc_5-4,0.000492,0.000000,0.000000,0.005939
Q_ind_167_anc_5-4,0.000948,0.000000,0.000000,0.013342
Q_ind_168_anc_5-4,0.004370,0.000000,0.000000,0.039801
Q_ind_169_anc_5-4,0.003546,0.000000,0.000000,0.044463
Q_ind_170_anc_5-4,0.000589,0.000000,0.000000,0.008095
Q_ind_171_anc_5-4,0.491519,0.551149,0.234476,0.688025
Q_ind_172_anc_5-4,0.420493,0.469558,0.164879,0.595224
Q_ind_173_anc_5-4,0.252737,0.344748,0.000000,0.460281
Q_ind_174_anc_5-4,0.381311,0.434527,0.156109,0.579802
Q_ind_175_anc_5-4,0.253247,0.351029,0.000000,0.468120
Q_ind_176_anc_5-4,0.262694,0.358256,0.000000,0.467941
Q_ind_177_anc_5-4,0.395430,0.442914,0.150241,0.601389
Q_ind_178_anc_5-4,0.000264,0.000000,0.000000,0.003163
Q_ind_179_anc_5-4,0.458356,0.508337,0.216708,0.626851
Q_ind_180_anc_5-4,0.232651,0.248200,0.000000,0.385618
Q_ind_181_anc_5-4,0.266328,0.288991,0.000000,0.422234
Q_ind_182_anc_5-4,0.172626,0.196890,0.000000,0.303195
Q_ind_183_anc_5-4,0.295853,0.293850,0.154394,0.433427
Q_ind_184_anc_5-4,0.139886,0.173350,0.000000,0.336583
Q_ind_185_anc_5-4,0.183128,0.208526,0.000000,0.350438
Q_ind_186_anc_5-4,0.268724,0.303500,0.040247,0.436917
Q_ind_187_anc_5-4,0.255160,0.257826,0.000001,0.479387
Q_ind_188_anc_5-4,0.125715,0.139426,0.000000,0.273641
Q_ind_189_anc_5-4,0.000248,0.000000,0.000000,0.002958
Q_ind_190_anc_5-4,0.001593,0.000000,0.000000,0.021021
Q_ind_191_anc_5-4,0.005981,0.000000,0.000000,0.059895
Q_ind_192_anc_5-4,0.000879,0.000000,0.000000,0.012506
Q_ind_193_anc_5-4,0.004397,0.000000,0.000000,0.049516
Q_ind_194_anc_5-4,0.000647,0.000000,0.000000,0.008199
Q_ind_195_anc_5-4,0.000371,0.000000,0.000000,0.004108
Q_ind_196_anc_5-4,0.004397,0.000000,0.000000,0.051917
Q_ind_197_anc_5-4,0.000674,0.000000,0.000000,0.007687
Q_ind_198_anc_5-4,0.003422,0.000000,0.000000,0.038327
Q_ind_199_anc_5-4,0.008874,0.000000,0.000000,0.073703
Q_ind_200_anc_5-4,0.066852,0.051757,0.000000,0.214289
Q_ind_201_anc_5-4,0.002472,0.000000,0.000000,0.035414
Q_ind_202_anc_5-4,0.208628,0.216865,0.014647,0.338371
Q_ind_203_anc_5-4,0.096753,0.101541,0.000000,0.256920
Q_ind_204_anc_5-4,0.101985,0.097883,0.000000,0.285878
Q_ind_205_anc_5-4,0.192466,0.231651,0.000000,0.370939
Q_ind_206_anc_5-4,0.031509,0.000000,0.000000,0.247428
Q_ind_207_anc_5-4,0.098402,0.000479,0.000000,0.348860
Q_ind_208_anc_5-4,0.192863,0.204162,0.000000,0.337062
Q_ind_209_anc_5-4,0.075130,0.026583,0.000000,0.258879
Q_ind_210_anc_5-4,0.115962,0.142478,0.000000,0.278154
Q_ind_211_anc_5-4,0.000318,0.000000,0.000000,0.003386
Q_ind_212_anc_5-4,0.000418,0.000000,0.000000,0.005183
Q_ind_213_anc_5-4,0.000354,0.000000,0.000000,0.004107
Q_ind_214_anc_5-4,0.000306,0.000000,0.000000,0.003213
Q_ind_215_anc_5-4,0.000265,0.000000,0.000000,0.003083
Q_ind_216_anc_5-4,0.000204,0.000000,0.000000,0.002315
Q_ind_217_anc_5-4,0.000657,0.000000,0.000000,0.008213
Q_ind_218_anc_5-4,0.000208,0.000000,0.000000,0.002146
Q_ind_219_anc_5-4,0.000314,0.000000,0.000000,0.004012
Q_ind_220_anc_5-4,0.000169,0.000000,0.000000,0.001967
Q_ind_221_anc_5-4,0.000262,0.000000,0.000000,0.003060
Q_ind_222_anc_5-4,0.000189,0.000000,0.000000,0.001971
Q_ind_1_anc_5-5,0.000117,0.000000,0.000000,0.001377
Q_ind_2_anc_5-5,0.000722,0.000000,0.000000,0.009198
Q_ind_3_anc_5-5,0.010619,0.000002,0.000000,0.064077
Q_ind_4_anc_5-5,0.000969,0.000000,0.000000,0.012619
Q_ind_5_anc_5-5,0.000093,0.000000,0.000000,0.001069
Q_ind_6_anc_5-5,0.003192,0.000000,0.000000,0.035578
Q_ind_7_anc_5-5,0.003638,0.000000,0.000000,0.037744
Q_ind_8_anc_5-5,0.001412,0.000000,0.000000,0.019432
Q_ind_9_anc_5-5,0.037535,0.025358,0.000000,0.118354
Q_ind_10_anc_5-5,0.001771,0.000000,0.000000,0.023888
Q_ind_11_anc_5-5,0.003067,0.000000,0.000000,0.032939
Q_ind_12_anc_5-5,0.006596,0.000000,0.000000,0.051091
Q_ind_13_anc_5-5,0.000161,0.000000,0.000000,0.001798
Q_ind_14_anc_5-5,0.000191,0.000000,0.000000,0.002084
Q_ind_15_anc_5-5,0.000244,0.000000,0.000000,0.002822
Q_ind_16_anc_5-5,0.000200,0.000000,0.000000,0.002418
Q_ind_17_anc_5-5,0.000187,0.000000,0.000000,0.002219
Q_ind_18_anc_5-5,0.000342,0.000000,0.000000,0.004414
Q_ind_19_anc_5-5,0.000079,0.000000,0.000000,0.000872
Q_ind_20_anc_5-5,0.000065,0.000000,0.000000,0.000801
Q_ind_21_anc_5-5,0.000501,0.000000,0.000000,0.006435
Q_ind_22_anc_5-5,0.000257,0.000000,0.000000,0.003312
Q_ind_23_anc_5-5,0.000349,0.000000,0.000000,0.004117
Q_ind_24_anc_5-5,0.000780,0.000000,0.000000,0.009003
Q_ind_25_anc_5-5,0.002507,0.000000,0.000000,0.033340
Q_ind_26_anc_5-5,0.000545,0.000000,0.000000,0.007722
Q_ind_27_anc_5-5,0.000761,0.000000,0.000000,0.009924
Q_ind_28_anc_5-5,0.000771,0.000000,0.000000,0.011097
Q_ind_29_anc_5-5,0.000907,0.000000,0.000000,0.010844
Q_ind_30_anc_5-5,0.000533,0.000000,0.000000,0.006365
Q_ind_31_anc_5-5,0.000190,0.000000,0.000000,0.002408
Q_ind_32_anc_5-5,0.007601,0.000000,0.000000,0.065449
Q_ind_33_anc_5-5,0.000366,0.000000,0.000000,0.004405
Q_ind_34_anc_5-5,0.000490,0.000000,0.000000,0.006159
Q_ind_35_anc_5-5,0.000283,0.000000,0.000000,0.003345
Q_ind_36_anc_5-5,0.000083,0.000000,0.000000,0.000939
Q_ind_37_anc_5-5,0.000163,0.000000,0.000000,0.001776
Q_ind_38_anc_5-5,0.000112,0.000000,0.000000,0.001247
Q_ind_39_anc_5-5,0.000095,0.000000,0.000000,0.001066
Q_ind_40_anc_5-5,0.015150,0.000002,0.000000,0.092751
Q_ind_41_anc_5-5,0.000285,0.000000,0.000000,0.003259
Q_ind_42_anc_5-5,0.000690,0.000000,0.000000,0.008159
Q_ind_43_anc_5-5,0.000255,0.000000,0.000000,0.002928
Q_ind_44_anc_5-5,0.010515,0.000000,0.000000,0.065860
Q_ind_45_anc_5-5,0.000384,0.000000,0.000000,0.005138
Q_ind_46_anc_5-5,0.000672,0.000000,0.000000,0.009191
Q_ind_47_anc_5-5,0.012891,0.000116,0.000000,0.067757
Q_ind_48_anc_5-5,0.000806,0.000000,0.000000,0.010153
Q_ind_49_anc_5-5,0.000106,0.000000,0.000000,0.001241
Q_ind_50_anc_5-5,0.000098,0.000000,0.000000,0.001078
Q_ind_51_anc_5-5,0.000449,0.000000,0.000000,0.005451
Q_ind_52_anc_5-5,0.000143,0.000000,0.000000,0.001508
Q_ind_53_anc_5-5,0.000100,0.000000,0.000000,0.001118
Q_ind_54_anc_5-5,0.000136,0.000000,0.000000,0.001442
Q_ind_55_anc_5-5,0.000119,0.000000,0.000000,0.001272
Q_ind_56_anc_5-5,0.000094,0.000000,0.000000,0.001118
Q_ind_57_anc_5-5,0.000281,0.000000,0.000000,0.002691
Q_ind_58_anc_5-5,0.000114,0.000000,0.000000,0.001276
Q_ind_59_anc_5-5,0.000141,0.000000,0.000000,0.001715
Q_ind_60_anc_5-5,0.000628,0.000000,0.000000,0.006749
Q_ind_61_anc_5-5,0.000194,0.000000,0.000000,0.002307
Q_ind_62_anc_5-5,0.000137,0.000000,0.000000,0.001637
Q_ind_63_anc_5-5,0.000048,0.000000,0.000000,0.000500
Q_ind_64_anc_5-5,0.000403,0.000000,0.000000,0.004835
Q_ind_65_anc_5-5,0.000299,0.000000,0.000000,0.003995
Q_ind_66_anc_5-5,0.000289,0.000000,0.000000,0.003405
Q_ind_67_anc_5-5,0.000158,0.000000,0.000000,0.002025
Q_ind_68_anc_5-5,0.000101,0.000000,0.000000,0.001168
Q_ind_69_anc_5-5,0.000332,0.000000,0.000000,0.004380
Q_ind_70_anc_5-5,0.004501,0.000000,0.000000,0.039950
Q_ind_71_anc_5-5,0.004307,0.000000,0.000000,0.044600
Q_ind_72_anc_5-5,0.025685,0.017632,0.000000,0.084982
Q_ind_73_anc_5-5,0.001001,0.000000,0.000000,0.012968
Q_ind_74_anc_5-5,0.000541,0.000000,0.000000,0.006908
Q_ind_75_anc_5-5,0.044659,0.043692,0.000000,0.129584
Q_ind_76_anc_5-5,0.012709,0.000016,0.000000,0.067403
Q_ind_77_anc_5-5,0.001616,0.000000,0.000000,0.022708
Q_ind_78_anc_5-5,0.030460,0.026390,0.000000,0.092552
Q_ind_79_anc_5-5,0.019451,0.001857,0.000000,0.081029
Q_ind_80_anc_5-5,0.002519,0.000000,0.000000,0.030140
Q_ind_81_anc_5-5,0.300719,0.308047,0.188489,0.371474
Q_ind_82_anc_5-5,0.193715,0.200032,0.077113,0.253742
Q_ind_83_anc_5-5,0.248964,0.252501,0.141923,0.320901
Q_ind_84_anc_5-5,0.224592,0.232579,0.091858,0.294177
Q_ind_85_anc_5-5,0.223550,0.229353,0.083327,0.310395
Q_ind_86_anc_5-5,0.208644,0.214418,0.084076,0.278410
Q_ind_87_anc_5-5,0.000584,0.000000,0.000000,0.006839
Q_ind_88_anc_5-5,0.276742,0.281251,0.154502,0.359136
Q_ind_89_anc_5-5,0.000313,0.000000,0.000000,0.003983
Q_ind_90_anc_5-5,0.000519,0.000000,0.000000,0.006119
Q_ind_91_anc_5-5,0.000047,0.000000,0.000000,0.000535
Q_ind_92_anc_5-5,0.000061,0.000000,0.000000,0.000815
Q_ind_93_anc_5-5,0.000396,0.000000,0.000000,0.005124
Q_ind_94_anc_5-5,0.000384,0.000000,0.000000,0.004941
Q_ind_95_anc_5-5,0.001239,0.000000,0.000000,0.016838
Q_ind_96_anc_5-5,0.001470,0.000000,0.000000,0.017393
Q_ind_97_anc_5-5,0.000047,0.000000,0.000000,0.000471
Q_ind_98_anc_5-5,0.000216,0.000000,0.000000,0.002857
Q_ind_99_anc_5-5,0.002062,0.000000,0.000000,0.028327
Q_ind_100_anc_5-5,0.000924,0.000000,0.000000,0.012623
Q_ind_101_anc_5-5,0.003458,0.000000,0.000000,0.055331
Q_ind_102_anc_5-5,0.000378,0.000000,0.000000,0.004573
Q_ind_103_anc_5-5,0.000391,0.000000,0.000000,0.004614
Q_ind_104_anc_5-5,0.000329,0.000000,0.000000,0.003677
Q_ind_105_anc_5-5,0.001206,0.000000,0.000000,0.015627
Q_ind_106_anc_5-5,0.002856,0.000000,0.000000,0.037629
Q_ind_107_anc_5-5,0.000372,0.000000,0.000000,0.004330
Q_ind_108_anc_5-5,0.000411,0.000000,0.000000,0.005584
Q_ind_109_anc_5-5,0.000335,0.000000,0.000000,0.004181
Q_ind_110_anc_5-5,0.000140,0.000000,0.000000,0.001678
Q_ind_111_anc_5-5,0.000244,0.000000,0.000000,0.003448
Q_ind_112_anc_5-5,0.000288,0.000000,0.000000,0.002750
Q_ind_113_anc_5-5,0.000251,0.000000,0.000000,0.002801
Q_ind_114_anc_5-5,0.001900,0.000000,0.000000,0.022896
Q_ind_115_anc_5-5,0.000081,0.000000,0.000000,0.000879
Q_ind_116_anc_5-5,0.030871,0.019555,0.000000,0.097866
Q_ind_117_anc_5-5,0.074020,0.080419,0.000000,0.142049
Q_ind_118_anc_5-5,0.036702,0.034073,0.000000,0.103871
Q_ind_119_anc_5-5,0.060533,0.068456,0.000000,0.117992
Q_ind_120_anc_5-5,0.064345,0.083965,0.000000,0.154988
Q_ind_121_anc_5-5,0.054457,0.059149,0.000000,0.146860
Q_ind_122_anc_5-5,0.000306,0.000000,0.000000,0.003518
Q_ind_123_anc_5-5,0.000048,0.000000,0.000000,0.000580
Q_ind_124_anc_5-5,0.000332,0.000000,0.000000,0.004505
Q_ind_125_anc_5-5,0.000408,0.000000,0.000000,0.004979
Q_ind_126_anc_5-5,0.000639,0.000000,0.000000,0.007769
Q_ind_127_anc_5-5,0.001600,0.000000,0.000000,0.019963
Q_ind_128_anc_5-5,0.000633,0.000000,0.000000,0.007682
Q_ind_129_anc_5-5,0.000092,0.000000,0.000000,0.001141
Q_ind_130_anc_5-5,0.000119,0.000000,0.000000,0.001457
Q_ind_131_anc_5-5,0.000922,0.000000,0.000000,0.012834
Q_ind_132_anc_5-5,0.000712,0.000000,0.000000,0.009360
Q_ind_133_anc_5-5,0.000051,0.000000,0.000000,0.000638
Q_ind_134_anc_5-5,0.000341,0.000000,0.000000,0.003919
Q_ind_135_anc_5-5,0.000274,0.000000,0.000000,0.002886
Q_ind_136_anc_5-5,0.079110,0.090365,0.000000,0.144498
Q_ind_137_anc_5-5,0.116418,0.116725,0.064183,0.166981
Q_ind_138_anc_5-5,0.088197,0.089116,0.020697,0.149495
Q_ind_139_anc_5-5,0.040720,0.042990,0.000000,0.106844
Q_ind_140_anc_5-5,0.111928,0.116190,0.000000,0.174268
Q_ind_141_anc_5-5,0.113273,0.112694,0.066812,0.161901
Q_ind_142_anc_5-5,0.131205,0.130914,0.080669,0.184797
Q_ind_143_anc_5-5,0.104206,0.104401,0.053576,0.155340
Q_ind_144_anc_5-5,0.129620,0.127514,0.076186,0.196150
Q_ind_145_anc_5-5,0.003374,0.000000,0.000000,0.038050
Q_ind_146_anc_5-5,0.000489,0.000000,0.000000,0.004485
Q_ind_147_anc_5-5,0.005987,0.000000,0.000000,0.053629
Q_ind_148_anc_5-5,0.000097,0.000000,0.000000,0.001050
Q_ind_149_anc_5-5,0.000070,0.000000,0.000000,0.000761
Q_ind_150_anc_5-5,0.000811,0.000000,0.000000,0.010309
Q_ind_151_anc_5-5,0.000359,0.000000,0.000000,0.004684
Q_ind_152_anc_5-5,0.000257,0.000000,0.000000,0.003244
Q_ind_153_anc_5-5,0.000119,0.000000,0.000000,0.001430
Q_ind_154_anc_5-5,0.000351,0.000000,0.000000,0.003423
Q_ind_155_anc_5-5,0.000067,0.000000,0.000000,0.000795
Q_ind_156_anc_5-5,0.000361,0.000000,0.000000,0.004775
Q_ind_157_anc_5-5,0.105873,0.108865,0.000000,0.193727
Q_ind_158_anc_5-5,0.068603,0.074333,0.000000,0.147269
Q_ind_159_anc_5-5,0.001452,0.000000,0.000000,0.018174
Q_ind_160_anc_5-5,0.182526,0.189242,0.096038,0.249192
Q_ind_161_anc_5-5,0.002196,0.000000,0.000000,0.026776
Q_ind_162_anc_5-5,0.105763,0.114022,0.000000,0.193980
Q_ind_163_anc_5-5,0.102816,0.110121,0.000000,0.166367
Q_ind_164_anc_5-5,0.002649,0.000000,0.000000,0.037616
Q_ind_165_anc_5-5,0.000437,0.000000,0.000000,0.005580
Q_ind_166_anc_5-5,0.000257,0.000000,0.000000,0.002797
Q_ind_167_anc_5-5,0.000176,0.000000,0.000000,0.002237
Q_ind_168_anc_5-5,0.000808,0.000000,0.000000,0.009950
Q_ind_169_anc_5-5,0.000208,0.000000,0.000000,0.002197
Q_ind_170_anc_5-5,0.000643,0.000000,0.000000,0.007552
Q_ind_171_anc_5-5,0.000104,0.000000,0.000000,0.001243
Q_ind_172_anc_5-5,0.000179,0.000000,0.000000,0.002254
Q_ind_173_anc_5-5,0.000177,0.000000,0.000000,0.002091
Q_ind_174_anc_5-5,0.000128,0.000000,0.000000,0.001501
Q_ind_175_anc_5-5,0.000264,0.000000,0.000000,0.002971
Q_ind_176_anc_5-5,0.001048,0.000000,0.000000,0.013696
Q_ind_177_anc_5-5,0.000128,0.000000,0.000000,0.001334
Q_ind_178_anc_5-5,0.000043,0.000000,0.000000,0.000465
Q_ind_179_anc_5-5,0.000171,0.000000,0.000000,0.001983
Q_ind_180_anc_5-5,0.051170,0.057619,0.000000,0.126734
Q_ind_181_anc_5-5,0.013239,0.000000,0.000000,0.093114
Q_ind_182_anc_5-5,0.072112,0.077311,0.000000,0.149140
Q_ind_183_anc_5-5,0.028583,0.007804,0.000000,0.098521
Q_ind_184_anc_5-5,0.115709,0.114743,0.065929,0.170092
Q_ind_185_anc_5-5,0.000095,0.000000,0.000000,0.001131
Q_ind_186_anc_5-5,0.004920,0.000000,0.000000,0.049106
Q_ind_187_anc_5-5,0.002153,0.000000,0.000000,0.031452
Q_ind_188_anc_5-5,0.119216,0.119038,0.064616,0.172518
Q_ind_189_anc_5-5,0.000073,0.000000,0.000000,0.000830
Q_ind_190_anc_5-5,0.000317,0.000000,0.000000,0.003835
Q_ind_191_anc_5-5,0.000255,0.000000,0.000000,0.002820
Q_ind_192_anc_5-5,0.000153,0.000000,0.000000,0.001768
Q_ind_193_anc_5-5,0.000367,0.000000,0.000000,0.004582
Q_ind_194_anc_5-5,0.000314,0.000000,0.000000,0.003839
Q_ind_195_anc_5-5,0.000069,0.000000,0.000000,0.000713
Q_ind_196_anc_5-5,0.002346,0.000000,0.000000,0.025901
Q_ind_197_anc_5-5,0.000882,0.000000,0.000000,0.010588
Q_ind_198_anc_5-5,0.000336,0.000000,0.000000,0.004410
Q_ind_199_anc_5-5,0.001042,0.000000,0.000000,0.012099
Q_ind_200_anc_5-5,0.000094,0.000000,0.000000,0.001040
Q_ind_201_anc_5-5,0.000068,0.000000,0.000000,0.000831
Q_ind_202_anc_5-5,0.009338,0.000000,0.000000,0.065850
Q_ind_203_anc_5-5,0.000212,0.000000,0.000000,0.002547
Q_ind_204_anc_5-5,0.057812,0.058003,0.000000,0.147803
Q_ind_205_anc_5-5,0.002305,0.000000,0.000000,0.025514
Q_ind_206_anc_5-5,0.053767,0.050741,0.000000,0.144188
Q_ind_207_anc_5-5,0.013173,0.000001,0.000000,0.084903
Q_ind_208_anc_5-5,0.000139,0.000000,0.000000,0.001708
Q_ind_209_anc_5-5,0.000369,0.000000,0.000000,0.004977
Q_ind_210_anc_5-5,0.003495,0.000000,0.000000,0.039849
Q_ind_211_anc_5-5,0.000253,0.000000,0.000000,0.003453
Q_ind_212_anc_5-5,0.000209,0.000000,0.000000,0.002393
Q_ind_213_anc_5-5,0.000287,0.000000,0.000000,0.003412
Q_ind_214_anc_5-5,0.000167,0.000000,0.000000,0.002062
Q_ind_215_anc_5-5,0.000077,0.000000,0.000000,0.000851
Q_ind_216_anc_5-5,0.000231,0.000000,0.000000,0.002925
Q_ind_217_anc_5-5,0.000119,0.000000,0.000000,0.001528
Q_ind_218_anc_5-5,0.000109,0.000000,0.000000,0.001020
Q_ind_219_anc_5-5,0.000208,0.000000,0.000000,0.002492
Q_ind_220_anc_5-5,0.000060,0.000000,0.000000,0.000629
Q_ind_221_anc_5-5,0.000442,0.000000,0.000000,0.005778
Q_ind_222_anc_5-5,0.000063,0.000000,0.000000,0.000757
Q_ind_1_anc_6-1,0.000087,0.000000,0.000000,0.001058
Q_ind_2_anc_6-1,0.000150,0.000000,0.000000,0.001889
Q_ind_3_anc_6-1,0.000238,0.000000,0.000000,0.002704
Q_ind_4_anc_6-1,0.000237,0.000000,0.000000,0.002829
Q_ind_5_anc_6-1,0.000181,0.000000,0.000000,0.002003
Q_ind_6_anc_6-1,0.000205,0.000000,0.000000,0.002593
Q_ind_7_anc_6-1,0.000286,0.000000,0.000000,0.003462
Q_ind_8_anc_6-1,0.000360,0.000000,0.000000,0.004277
Q_ind_9_anc_6-1,0.000219,0.000000,0.000000,0.002643
Q_ind_10_anc_6-1,0.000122,0.000000,0.000000,0.001311
Q_ind_11_anc_6-1,0.000664,0.000000,0.000000,0.008323
Q_ind_12_anc_6-1,0.000224,0.000000,0.000000,0.002599
Q_ind_13_anc_6-1,0.105535,0.114308,0.000000,0.190546
Q_ind_14_anc_6-1,0.165699,0.166858,0.059618,0.278513
Q_ind_15_anc_6-1,0.100453,0.112675,0.000000,0.204662
Q_ind_16_anc_6-1,0.138616,0.137054,0.061830,0.219685
Q_ind_17_anc_6-1,0.181208,0.180503,0.091294,0.273222
Q_ind_18_anc_6-1,0.109429,0.110647,0.000000,0.205838
Q_ind_19_anc_6-1,0.161283,0.165077,0.000002,0.260635
Q_ind_20_anc_6-1,0.154998,0.155926,0.070892,0.236730
Q_ind_21_anc_6-1,0.001128,0.000000,0.000000,0.015431
Q_ind_22_anc_6-1,0.001254,0.000000,0.000000,0.015270
Q_ind_23_anc_6-1,0.000356,0.000000,0.000000,0.004840
Q_ind_24_anc_6-1,0.000530,0.000000,0.000000,0.007138
Q_ind_25_anc_6-1,0.002378,0.000000,0.000000,0.028519
Q_ind_26_anc_6-1,0.000418,0.000000,0.000000,0.005268
Q_ind_27_anc_6-1,0.000781,0.000000,0.000000,0.010782
Q_ind_28_anc_6-1,0.000699,0.000000,0.000000,0.008815
Q_ind_29_anc_6-1,0.000801,0.000000,0.000000,0.010321
Q_ind_30_anc_6-1,0.000538,0.000000,0.000000,0.006752
Q_ind_31_anc_6-1,0.000518,0.000000,0.000000,0.006946
Q_ind_32_anc_6-1,0.000543,0.000000,0.000000,0.007593
Q_ind_33_anc_6-1,0.000779,0.000000,0.000000,0.009560
Q_ind_34_anc_6-1,0.000167,0.000000,0.000000,0.001948
Q_ind_35_anc_6-1,0.000571,0.000000,0.000000,0.006486
Q_ind_36_anc_6-1,0.000172,0.000000,0.000000,0.001986
Q_ind_37_anc_6-1,0.000997,0.000000,0.000000,0.012887
Q_ind_38_anc_6-1,0.000271,0.000000,0.000000,0.003212
Q_ind_39_anc_6-1,0.035261,0.000021,0.000000,0.150053
Q_ind_40_anc_6-1,0.001938,0.000000,0.000000,0.028588
Q_ind_41_anc_6-1,0.000209,0.000000,0.000000,0.002468
Q_ind_42_anc_6-1,0.220889,0.216689,0.099789,0.349752
Q_ind_43_anc_6-1,0.274169,0.267531,0.152774,0.419130
Q_ind_44_anc_6-1,0.190053,0.196193,0.003285,0.348245
Q_ind_45_anc_6-1,0.259353,0.253596,0.131979,0.419691
Q_ind_46_anc_6-1,0.297979,0.300683,0.000011,0.500840
Q_ind_47_anc_6-1,0.017036,0.000000,0.000000,0.131556
Q_ind_48_anc_6-1,0.275667,0.276245,0.141722,0.405737
Q_ind_49_anc_6-1,0.473290,0.472076,0.340483,0.613077
Q_ind_50_anc_6-1,0.437826,0.439491,0.317419,0.580418
Q_ind_51_anc_6-1,0.421317,0.419732,0.299041,0.564291
Q_ind_52_anc_6-1,0.455575,0.452249,0.340367,0.597122
Q_ind_53_anc_6-1,0.494945,0.493406,0.361501,0.650362
Q_ind_54_anc_6-1,0.501740,0.502603,0.375721,0.637816
Q_ind_55_anc_6-1,0.384699,0.386952,0.290838,0.472858
Q_ind_56_anc_6-1,0.493554,0.491739,0.373618,0.637007
Q_ind_57_anc_6-1,0.400090,0.399196,0.294273,0.520294
Q_ind_58_anc_6-1,0.491843,0.491961,0.374338,0.629402
Q_ind_59_anc_6-1,0.404281,0.407435,0.260335,0.538272
Q_ind_60_anc_6-1,0.425374,0.427490,0.297668,0.541875
Q_ind_61_anc_6-1,0.001910,0.000000,0.000000,0.022871
Q_ind_62_anc_6-1,0.052292,0.052960,0.000000,0.137506
Q_ind_63_anc_6-1,0.132719,0.131764,0.066446,0.200539
Q_ind_64_anc_6-1,0.086025,0.087296,0.000000,0.152433
Q_ind_65_anc_6-1,0.052420,0.054547,0.000000,0.137792
Q_ind_66_anc_6-1,0.057016,0.060804,0.000000,0.135532
Q_ind_67_anc_6-1,0.060159,0.064815,0.000000,0.164255
Q_ind_68_anc_6-1,0.208695,0.207692,0.134998,0.289804
Q_ind_69_anc_6-1,0.014371,0.000000,0.000000,0.089859
Q_ind_70_anc_6-1,0.000250,0.000000,0.000000,0.003042
Q_ind_71_anc_6-1,0.000126,0.000000,0.000000,0.001492
Q_ind_72_anc_6-1,0.000331,0.000000,0.000000,0.004370
Q_ind_73_anc_6-1,0.000174,0.000000,0.000000,0.002101
Q_ind_74_anc_6-1,0.000685,0.000000,0.000000,0.008930
Q_ind_75_anc_6-1,0.000176,0.000000,0.000000,0.002149
Q_ind_76_anc_6-1,0.000411,0.000000,0.000000,0.005279
Q_ind_77_anc_6-1,0.000220,0.000000,0.000000,0.002930
Q_ind_78_anc_6-1,0.000299,0.000000,0.000000,0.003456
Q_ind_79_anc_6-1,0.000395,0.000000,0.000000,0.004680
Q_ind_80_anc_6-1,0.000152,0.000000,0.000000,0.001801
Q_ind_81_anc_6-1,0.000387,0.000000,0.000000,0.004864
Q_ind_82_anc_6-1,0.000446,0.000000,0.000000,0.005921
Q_ind_83_anc_6-1,0.000621,0.000000,0.000000,0.007466
Q_ind_84_anc_6-1,0.001012,0.000000,0.000000,0.013401
Q_ind_85_anc_6-1,0.001637,0.000000,0.000000,0.022104
Q_ind_86_anc_6-1,0.005063,0.000000,0.000000,0.053937
Q_ind_87_anc_6-1,0.001646,0.000000,0.000000,0.020752
Q_ind_88_anc_6-1,0.001414,0.000000,0.000000,0.019023
Q_ind_89_anc_6-1,0.001226,0.000000,0.000000,0.014855
Q_ind_90_anc_6-1,0.001716,0.000000,0.000000,0.024271
Q_ind_91_anc_6-1,0.095173,0.095400,0.015081,0.164172
Q_ind_92_anc_6-1,0.001189,0.000000,0.000000,0.014179
Q_ind_93_anc_6-1,0.000424,0.000000,0.000000,0.005321
Q_ind_94_anc_6-1,0.000314,0.000000,0.000000,0.003739
Q_ind_95_anc_6-1,0.000951,0.000000,0.000000,0.012329
Q_ind_96_anc_6-1,0.000390,0.000000,0.000000,0.005101
Q_ind_97_anc_6-1,0.131308,0.131008,0.074544,0.190013
Q_ind_98_anc_6-1,0.013201,0.000001,0.000000,0.087868
Q_ind_99_anc_6-1,0.000410,0.000000,0.000000,0.004359
Q_ind_100_anc_6-1,0.002369,0.000000,0.000000,0.031128
Q_ind_101_anc_6-1,0.000978,0.000000,0.000000,0.012532
Q_ind_102_anc_6-1,0.000976,0.000000,0.000000,0.012138
Q_ind_103_anc_6-1,0.004319,0.000000,0.000000,0.048242
Q_ind_104_anc_6-1,0.049484,0.000018,0.000000,0.210198
Q_ind_105_anc_6-1,0.000767,0.000000,0.000000,0.006760
Q_ind_106_anc_6-1,0.006203,0.000000,0.000000,0.057965
Q_ind_107_anc_6-1,0.063762,0.063488,0.000000,0.150006
Q_ind_108_anc_6-1,0.005576,0.000000,0.000000,0.050024
Q_ind_109_anc_6-1,0.001390,0.000000,0.000000,0.021949
Q_ind_110_anc_6-1,0.040782,0.034181,0.000000,0.119040
Q_ind_111_anc_6-1,0.001078,0.000000,0.000000,0.013815
Q_ind_112_anc_6-1,0.000585,0.000000,0.000000,0.008355
Q_ind_113_anc_6-1,0.009044,0.000000,0.000000,0.070718
Q_ind_114_anc_6-1,0.002318,0.000000,0.000000,0.028194
Q_ind_115_anc_6-1,0.112986,0.122044,0.000000,0.203389
Q_ind_116_anc_6-1,0.000270,0.000000,0.000000,0.003104
Q_ind_117_anc_6-1,0.000705,0.000000,0.000000,0.009283
Q_ind_118_anc_6-1,0.000691,0.000000,0.000000,0.007957
Q_ind_119_anc_6-1,0.001264,0.000000,0.000000,0.015585
Q_ind_120_anc_6-1,0.001074,0.000000,0.000000,0.013516
Q_ind_121_anc_6-1,0.001771,0.000000,0.000000,0.020498
Q_ind_122_anc_6-1,0.000208,0.000000,0.000000,0.002166
Q_ind_123_anc_6-1,0.000273,0.000000,0.000000,0.002971
Q_ind_124_anc_6-1,0.001842,0.000000,0.000000,0.027064
Q_ind_125_anc_6-1,0.002403,0.000000,0.000000,0.028853
Q_ind_126_anc_6-1,0.000486,0.000000,0.000000,0.006239
Q_ind_127_anc_6-1,0.003084,0.000000,0.000000,0.037024
Q_ind_128_anc_6-1,0.001056,0.000000,0.000000,0.013932
Q_ind_129_anc_6-1,0.000170,0.000000,0.000000,0.002068
Q_ind_130_anc_6-1,0.003137,0.000000,0.000000,0.041519
Q_ind_131_anc_6-1,0.008149,0.000000,0.000000,0.058869
Q_ind_132_anc_6-1,0.001526,0.000000,0.000000,0.019973
Q_ind_133_anc_6-1,0.000779,0.000000,0.000000,0.007870
Q_ind_134_anc_6-1,0.002166,0.000000,0.000000,0.025987
Q_ind_135_anc_6-1,0.001615,0.000000,0.000000,0.021540
Q_ind_136_anc_6-1,0.000122,0.000000,0.000000,0.001468
Q_ind_137_anc_6-1,0.000542,0.000000,0.000000,0.006894
Q_ind_138_anc_6-1,0.000114,0.000000,0.000000,0.001461
Q_ind_139_anc_6-1,0.000142,0.000000,0.000000,0.001504
Q_ind_140_anc_6-1,0.000105,0.000000,0.000000,0.001158
Q_ind_141_anc_6-1,0.000161,0.000000,0.000000,0.002074
Q_ind_142_anc_6-1,0.000330,0.000000,0.000000,0.004207
Q_ind_143_anc_6-1,0.000090,0.000000,0.000000,0.001006
Q_ind_144_anc_6-1,0.000220,0.000000,0.000000,0.002929
Q_ind_145_anc_6-1,0.003009,0.000000,0.000000,0.033415
Q_ind_146_anc_6-1,0.001026,0.000000,0.000000,0.012970
Q_ind_147_anc_6-1,0.001109,0.000000,0.000000,0.013925
Q_ind_148_anc_6-1,0.000674,0.000000,0.000000,0.007972
Q_ind_149_anc_6-1,0.000284,0.000000,0.000000,0.003372
Q_ind_150_anc_6-1,0.001353,0.000000,0.000000,0.015835
Q_ind_151_anc_6-1,0.000526,0.000000,0.000000,0.006010
Q_ind_152_anc_6-1,0.001817,0.000000,0.000000,0.021680
Q_ind_153_anc_6-1,0.002473,0.000000,0.000000,0.027890
Q_ind_154_anc_6-1,0.000298,0.000000,0.000000,0.003507
Q_ind_155_anc_6-1,0.000529,0.000000,0.000000,0.005454
Q_ind_156_anc_6-1,0.002998,0.000000,0.000000,0.043634
Q_ind_157_anc_6-1,0.000163,0.000000,0.000000,0.001837
Q_ind_158_anc_6-1,0.000219,0.000000,0.000000,0.002826
Q_ind_159_anc_6-1,0.000144,0.000000,0.000000,0.001727
Q_ind_160_anc_6-1,0.000090,0.000000,0.000000,0.001049
Q_ind_161_anc_6-1,0.000959,0.000000,0.000000,0.012137
Q_ind_162_anc_6-1,0.000127,0.000000,0.000000,0.001542
Q_ind_163_anc_6-1,0.000103,0.000000,0.000000,0.001116
Q_ind_164_anc_6-1,0.000839,0.000000,0.000000,0.009958
Q_ind_165_anc_6-1,0.003334,0.000000,0.000000,0.036305
Q_ind_166_anc_6-1,0.002434,0.000000,0.000000,0.032516
Q_ind_167_anc_6-1,0.006969,0.000000,0.000000,0.066378
Q_ind_168_anc_6-1,0.000744,0.000000,0.000000,0.009649
Q_ind_169_anc_6-1,0.003346,0.000000,0.000000,0.033894
Q_ind_170_anc_6-1,0.000729,0.000000,0.000000,0.008941
Q_ind_171_anc_6-1,0.000432,0.000000,0.000000,0.005317
Q_ind_172_anc_6-1,0.000348,0.000000,0.000000,0.004369
Q_ind_173_anc_6-1,0.000071,0.000000,0.000000,0.000780
Q_ind_174_anc_6-1,0.000173,0.000000,0.000000,0.002101
Q_ind_175_anc_6-1,0.000192,0.000000,0.000000,0.002341
Q_ind_176_anc_6-1,0.000113,0.000000,0.000000,0.001376
Q_ind_177_anc_6-1,0.000231,0.000000,0.000000,0.002766
Q_ind_178_anc_6-1,0.036142,0.031821,0.000000,0.105829
Q_ind_179_anc_6-1,0.000139,0.000000,0.000000,0.001707
Q_ind_180_anc_6-1,0.000282,0.000000,0.000000,0.003389
Q_ind_181_anc_6-1,0.000370,0.000000,0.000000,0.004399
Q_ind_182_anc_6-1,0.000383,0.000000,0.000000,0.004248
Q_ind_183_anc_6-1,0.000830,0.000000,0.000000,0.011317
Q_ind_184_anc_6-1,0.000766,0.000000,0.000000,0.009891
Q_ind_185_anc_6-1,0.000143,0.000000,0.000000,0.001652
Q_ind_186_anc_6-1,0.000344,0.000000,0.000000,0.003919
Q_ind_187_anc_6-1,0.000913,0.000000,0.000000,0.012113
Q_ind_188_anc_6-1,0.000294,0.000000,0.000000,0.003448
Q_ind_189_anc_6-1,0.048487,0.044098,0.000000,0.143141
Q_ind_190_anc_6-1,0.001743,0.000000,0.000000,0.023176
Q_ind_191_anc_6-1,0.000562,0.000000,0.000000,0.006261
Q_ind_192_anc_6-1,0.000386,0.000000,0.000000,0.004768
Q_ind_193_anc_6-1,0.002796,0.000000,0.000000,0.033450
Q_ind_194_anc_6-1,0.000902,0.000000,0.000000,0.011590
Q_ind_195_anc_6-1,0.000613,0.000000,0.000000,0.007898
Q_ind_196_anc_6-1,0.011737,0.000000,0.000000,0.079530
Q_ind_197_anc_6-1,0.001379,0.000000,0.000000,0.015740
Q_ind_198_anc_6-1,0.000402,0.000000,0.000000,0.005051
Q_ind_199_anc_6-1,0.009155,0.000000,0.000000,0.066235
Q_ind_200_anc_6-1,0.000423,0.000000,0.000000,0.005338
Q_ind_201_anc_6-1,0.000545,0.000000,0.000000,0.006527
Q_ind_202_anc_6-1,0.047215,0.007068,0.000000,0.154727
Q_ind_203_anc_6-1,0.005250,0.000000,0.000000,0.059011
Q_ind_204_anc_6-1,0.066133,0.069136,0.000000,0.177244
Q_ind_205_anc_6-1,0.011928,0.000000,0.000000,0.100249
Q_ind_206_anc_6-1,0.000883,0.000000,0.000000,0.011148
Q_ind_207_anc_6-1,0.032108,0.000009,0.000000,0.158376
Q_ind_208_anc_6-1,0.000305,0.000000,0.000000,0.003345
Q_ind_209_anc_6-1,0.056178,0.001091,0.000000,0.208434
Q_ind_210_anc_6-1,0.000599,0.000000,0.000000,0.007809
Q_ind_211_anc_6-1,0.126056,0.128496,0.001642,0.201399
Q_ind_212_anc_6-1,0.084910,0.086501,0.000000,0.151360
Q_ind_213_anc_6-1,0.114070,0.116982,0.000000,0.188264
Q_ind_214_anc_6-1,0.115554,0.120521,0.000000,0.188349
Q_ind_215_anc_6-1,0.149232,0.147681,0.080121,0.221670
Q_ind_216_anc_6-1,0.112609,0.112109,0.047171,0.180363
Q_ind_217_anc_6-1,0.245881,0.245327,0.175031,0.320032
Q_ind_218_anc_6-1,0.124509,0.125472,0.050303,0.200159
Q_ind_219_anc_6-1,0.140146,0.140092,0.071033,0.215002
Q_ind_220_anc_6-1,0.208079,0.208468,0.130032,0.281197
Q_ind_221_anc_6-1,0.099753,0.109296,0.000000,0.183005
Q_ind_222_anc_6-1,0.240931,0.240112,0.163411,0.322457
Q_ind_1_anc_6-2,0.000222,0.000000,0.000000,0.002699
Q_ind_2_anc_6-2,0.000458,0.000000,0.000000,0.006027
Q_ind_3_anc_6-2,0.000190,0.000000,0.000000,0.002029
Q_ind_4_anc_6-2,0.000378,0.000000,0.000000,0.004735
Q_ind_5_anc_6-2,0.000598,0.000000,0.000000,0.007259
Q_ind_6_anc_6-2,0.000441,0.000000,0.000000,0.005535
Q_ind_7_anc_6-2,0.000485,0.000000,0.000000,0.006127
Q_ind_8_anc_6-2,0.000543,0.000000,0.000000,0.007173
Q_ind_9_anc_6-2,0.000497,0.000000,0.000000,0.007093
Q_ind_10_anc_6-2,0.000234,0.000000,0.000000,0.002945
Q_ind_11_anc_6-2,0.000319,0.000000,0.000000,0.003924
Q_ind_12_anc_6-2,0.000977,0.000000,0.000000,0.012807
Q_ind_13_anc_6-2,0.219305,0.200964,0.101080,0.437722
Q_ind_14_anc_6-2,0.168921,0.166320,0.000000,0.408981
Q_ind_15_anc_6-2,0.140669,0.127872,0.000000,0.335718
Q_ind_16_anc_6-2,0.177342,0.163986,0.063186,0.362124
Q_ind_17_anc_6-2,0.201469,0.191474,0.092469,0.380356
Q_ind_18_anc_6-2,0.109936,0.104087,0.000000,0.287530
Q_ind_19_anc_6-2,0.145453,0.137237,0.048127,0.300419
Q_ind_20_anc_6-2,0.224955,0.215537,0.133340,0.366594
Q_ind_21_anc_6-2,0.003610,0.000000,0.000000,0.037624
Q_ind_22_anc_6-2,0.002467,0.000000,0.000000,0.032295
Q_ind_23_anc_6-2,0.000831,0.000000,0.000000,0.009550
Q_ind_24_anc_6-2,0.012275,0.000000,0.000000,0.088420
Q_ind_25_anc_6-2,0.010356,0.000000,0.000000,0.076745
Q_ind_26_anc_6-2,0.001362,0.000000,0.000000,0.016992
Q_ind_27_anc_6-2,0.000639,0.000000,0.000000,0.006661
Q_ind_28_anc_6-2,0.000774,0.000000,0.000000,0.009298
Q_ind_29_anc_6-2,0.003863,0.000000,0.000000,0.038001
Q_ind_30_anc_6-2,0.000328,0.000000,0.000000,0.004159
Q_ind_31_anc_6-2,0.000778,0.000000,0.000000,0.010269
Q_ind_32_anc_6-2,0.003163,0.000000,0.000000,0.043602
Q_ind_33_anc_6-2,0.000667,0.000000,0.000000,0.008903
Q_ind_34_anc_6-2,0.000149,0.000000,0.000000,0.001556
Q_ind_35_anc_6-2,0.000705,0.000000,0.000000,0.009534
Q_ind_36_anc_6-2,0.000127,0.000000,0.000000,0.001564
Q_ind_37_anc_6-2,0.000368,0.000000,0.000000,0.004227
Q_ind_38_anc_6-2,0.000413,0.000000,0.000000,0.005102
Q_ind_39_anc_6-2,0.046321,0.029872,0.000000,0.142641
Q_ind_40_anc_6-2,0.000652,0.000000,0.000000,0.005967
Q_ind_41_anc_6-2,0.000428,0.000000,0.000000,0.004747
Q_ind_42_anc_6-2,0.000721,0.000000,0.000000,0.008426
Q_ind_43_anc_6-2,0.000361,0.000000,0.000000,0.004638
Q_ind_44_anc_6-2,0.000351,0.000000,0.000000,0.003970
Q_ind_45_anc_6-2,0.000343,0.000000,0.000000,0.004037
Q_ind_46_anc_6-2,0.000536,0.000000,0.000000,0.006778
Q_ind_47_anc_6-2,0.000631,0.000000,0.000000,0.008167
Q_ind_48_anc_6-2,0.000319,0.000000,0.000000,0.003843
Q_ind_49_anc_6-2,0.001017,0.000000,0.000000,0.013434
Q_ind_50_anc_6-2,0.000698,0.000000,0.000000,0.008866
Q_ind_51_anc_6-2,0.000346,0.000000,0.000000,0.004106
Q_ind_52_anc_6-2,0.001673,0.000000,0.000000,0.020583
Q_ind_53_anc_6-2,0.000674,0.000000,0.000000,0.008587
Q_ind_54_anc_6-2,0.003653,0.000000,0.000000,0.047174
Q_ind_55_anc_6-2,0.091716,0.093187,0.000000,0.181647
Q_ind_56_anc_6-2,0.000323,0.000000,0.000000,0.003971
Q_ind_57_anc_6-2,0.003350,0.000000,0.000000,0.039826
Q_ind_58_anc_6-2,0.002175,0.000000,0.000000,0.028785
Q_ind_59_anc_6-2,0.000492,0.000000,0.000000,0.006196
Q_ind_60_anc_6-2,0.000659,0.000000,0.000000,0.008519
Q_ind_61_anc_6-2,0.002565,0.000000,0.000000,0.028558
Q_ind_62_anc_6-2,0.000952,0.000000,0.000000,0.011972
Q_ind_63_anc_6-2,0.000409,0.000000,0.000000,0.004159
Q_ind_64_anc_6-2,0.000676,0.000000,0.000000,0.008723
Q_ind_65_anc_6-2,0.017408,0.000000,0.000000,0.096627
Q_ind_66_anc_6-2,0.000750,0.000000,0.000000,0.008295
Q_ind_67_anc_6-2,0.000717,0.000000,0.000000,0.009634
Q_ind_68_anc_6-2,0.000251,0.000000,0.000000,0.002977
Q_ind_69_anc_6-2,0.000852,0.000000,0.000000,0.011815
Q_ind_70_anc_6-2,0.000183,0.000000,0.000000,0.002027
Q_ind_71_anc_6-2,0.000147,0.000000,0.000000,0.001653
Q_ind_72_anc_6-2,0.001201,0.000000,0.000000,0.016236
Q_ind_73_anc_6-2,0.000254,0.000000,0.000000,0.002446
Q_ind_74_anc_6-2,0.001767,0.000000,0.000000,0.021597
Q_ind_75_anc_6-2,0.000358,0.000000,0.000000,0.004756
Q_ind_76_anc_6-2,0.001027,0.000000,0.000000,0.014289
Q_ind_77_anc_6-2,0.000705,0.000000,0.000000,0.007997
Q_ind_78_anc_6-2,0.000388,0.000000,0.000000,0.004490
Q_ind_79_anc_6-2,0.000236,0.000000,0.000000,0.002473
Q_ind_80_anc_6-2,0.000602,0.000000,0.000000,0.008509
Q_ind_81_anc_6-2,0.001321,0.000000,0.000000,0.015582
Q_ind_82_anc_6-2,0.000369,0.000000,0.000000,0.004107
Q_ind_83_anc_6-2,0.000368,0.000000,0.000000,0.004659
Q_ind_84_anc_6-2,0.000240,0.000000,0.000000,0.002887
Q_ind_85_anc_6-2,0.002664,0.000000,0.000000,0.035507
Q_ind_86_anc_6-2,0.000533,0.000000,0.000000,0.006355
Q_ind_87_anc_6-2,0.094243,0.097761,0.000000,0.193217
Q_ind_88_anc_6-2,0.000743,0.000000,0.000000,0.009426
Q_ind_89_anc_6-2,0.001828,0.000000,0.000000,0.025357
Q_ind_90_anc_6-2,0.001362,0.000000,0.000000,0.020552
Q_ind_91_anc_6-2,0.523244,0.519077,0.415846,0.672843
Q_ind_92_anc_6-2,0.271012,0.268266,0.182701,0.370953
Q_ind_93_anc_6-2,0.000695,0.000000,0.000000,0.009912
Q_ind_94_anc_6-2,0.000248,0.000000,0.000000,0.002648
Q_ind_95_anc_6-2,0.000581,0.000000,0.000000,0.007064
Q_ind_96_anc_6-2,0.000139,0.000000,0.000000,0.001742
Q_ind_97_anc_6-2,0.387560,0.385580,0.295733,0.490196
Q_ind_98_anc_6-2,0.050993,0.053392,0.000000,0.121617
Q_ind_99_anc_6-2,0.000259,0.000000,0.000000,0.003181
Q_ind_100_anc_6-2,0.001491,0.000000,0.000000,0.019408
Q_ind_101_anc_6-2,0.000432,0.000000,0.000000,0.005732
Q_ind_102_anc_6-2,0.004994,0.000000,0.000000,0.045959
Q_ind_103_anc_6-2,0.001739,0.000000,0.000000,0.021521
Q_ind_104_anc_6-2,0.011140,0.000000,0.000000,0.101335
Q_ind_105_anc_6-2,0.000490,0.000000,0.000000,0.005402
Q_ind_106_anc_6-2,0.006330,0.000000,0.000000,0.068649
Q_ind_107_anc_6-2,0.000431,0.000000,0.000000,0.005563
Q_ind_108_anc_6-2,0.000873,0.000000,0.000000,0.011210
Q_ind_109_anc_6-2,0.000303,0.000000,0.000000,0.003137
Q_ind_110_anc_6-2,0.002728,0.000000,0.000000,0.030468
Q_ind_111_anc_6-2,0.000398,0.000000,0.000000,0.004402
Q_ind_112_anc_6-2,0.000198,0.000000,0.000000,0.002402
Q_ind_113_anc_6-2,0.000752,0.000000,0.000000,0.008493
Q_ind_114_anc_6-2,0.000663,0.000000,0.000000,0.009058
Q_ind_115_anc_6-2,0.002431,0.000000,0.000000,0.026215
Q_ind_116_anc_6-2,0.000206,0.000000,0.000000,0.002213
Q_ind_117_anc_6-2,0.001532,0.000000,0.000000,0.018718
Q_ind_118_anc_6-2,0.009482,0.000000,0.000000,0.063424
Q_ind_119_anc_6-2,0.001500,0.000000,0.000000,0.020066
Q_ind_120_anc_6-2,0.001597,0.000000,0.000000,0.020441
Q_ind_121_anc_6-2,0.001142,0.000000,0.000000,0.015515
Q_ind_122_anc_6-2,0.137523,0.134080,0.071197,0.219918
Q_ind_123_anc_6-2,0.033166,0.028634,0.000000,0.110672
Q_ind_124_anc_6-2,0.000763,0.000000,0.000000,0.009675
Q_ind_125_anc_6-2,0.005027,0.000000,0.000000,0.048359
Q_ind_126_anc_6-2,0.000507,0.000000,0.000000,0.004710
Q_ind_127_anc_6-2,0.002031,0.000000,0.000000,0.030235
Q_ind_128_anc_6-2,0.001572,0.000000,0.000000,0.019004
Q_ind_129_anc_6-2,0.004041,0.000000,0.000000,0.040372
Q_ind_130_anc_6-2,0.009656,0.000000,0.000000,0.062620
Q_ind_131_anc_6-2,0.019991,0.000004,0.000000,0.106305
Q_ind_132_anc_6-2,0.001200,0.000000,0.000000,0.015015
Q_ind_133_anc_6-2,0.160984,0.169713,0.000039,0.254968
Q_ind_134_anc_6-2,0.001837,0.000000,0.000000,0.025302
Q_ind_135_anc_6-2,0.001004,0.000000,0.000000,0.013662
Q_ind_136_anc_6-2,0.000265,0.000000,0.000000,0.003492
Q_ind_137_anc_6-2,0.000378,0.000000,0.000000,0.004299
Q_ind_138_anc_6-2,0.000238,0.000000,0.000000,0.003002
Q_ind_139_anc_6-2,0.000427,0.000000,0.000000,0.005075
Q_ind_140_anc_6-2,0.000211,0.000000,0.000000,0.002887
Q_ind_141_anc_6-2,0.000099,0.000000,0.000000,0.001092
Q_ind_142_anc_6-2,0.000250,0.000000,0.000000,0.003056
Q_ind_143_anc_6-2,0.000195,0.000000,0.000000,0.002219
Q_ind_144_anc_6-2,0.000283,0.000000,0.000000,0.003528
Q_ind_145_anc_6-2,0.003084,0.000000,0.000000,0.032034
Q_ind_146_anc_6-2,0.000562,0.000000,0.000000,0.006889
Q_ind_147_anc_6-2,0.000837,0.000000,0.000000,0.009801
Q_ind_148_anc_6-2,0.070358,0.074374,0.000000,0.148078
Q_ind_149_anc_6-2,0.001077,0.000000,0.000000,0.014440
Q_ind_150_anc_6-2,0.000742,0.000000,0.000000,0.009855
Q_ind_151_anc_6-2,0.001390,0.000000,0.000000,0.018483
Q_ind_152_anc_6-2,0.000609,0.000000,0.000000,0.008290
Q_ind_153_anc_6-2,0.079370,0.091809,0.000000,0.186817
Q_ind_154_anc_6-2,0.001233,0.000000,0.000000,0.016891
Q_ind_155_anc_6-2,0.065828,0.069232,0.000000,0.141680
Q_ind_156_anc_6-2,0.013767,0.000000,0.000000,0.092245
Q_ind_157_anc_6-2,0.000278,0.000000,0.000000,0.003384
Q_ind_158_anc_6-2,0.000275,0.000000,0.000000,0.003064
Q_ind_159_anc_6-2,0.000441,0.000000,0.000000,0.005614
Q_ind_160_anc_6-2,0.000170,0.000000,0.000000,0.002060
Q_ind_161_anc_6-2,0.024540,0.000002,0.000000,0.128778
Q_ind_162_anc_6-2,0.000249,0.000000,0.000000,0.002453
Q_ind_163_anc_6-2,0.000311,0.000000,0.000000,0.003255
Q_ind_164_anc_6-2,0.002330,0.000000,0.000000,0.027767
Q_ind_165_anc_6-2,0.005850,0.000000,0.000000,0.056579
Q_ind_166_anc_6-2,0.002563,0.000000,0.000000,0.035210
Q_ind_167_anc_6-2,0.001378,0.000000,0.000000,0.017827
Q_ind_168_anc_6-2,0.000469,0.000000,0.000000,0.006063
Q_ind_169_anc_6-2,0.001106,0.000000,0.000000,0.013783
Q_ind_170_anc_6-2,0.000390,0.000000,0.000000,0.004511
Q_ind_171_anc_6-2,0.000483,0.000000,0.000000,0.006168
Q_ind_172_anc_6-2,0.000683,0.000000,0.000000,0.009604
Q_ind_173_anc_6-2,0.000106,0.000000,0.000000,0.001213
Q_ind_174_anc_6-2,0.000206,0.000000,0.000000,0.001891
Q_ind_175_anc_6-2,0.000253,0.000000,0.000000,0.002720
Q_ind_176_anc_6-2,0.000112,0.000000,0.000000,0.001236
Q_ind_177_anc_6-2,0.000233,0.000000,0.000000,0.002662
Q_ind_178_anc_6-2,0.004527,0.000000,0.000000,0.045426
Q_ind_179_anc_6-2,0.000173,0.000000,0.000000,0.002002
Q_ind_180_anc_6-2,0.000358,0.000000,0.000000,0.004638
Q_ind_181_anc_6-2,0.000709,0.000000,0.000000,0.008960
Q_ind_182_anc_6-2,0.000421,0.000000,0.000000,0.004781
Q_ind_183_anc_6-2,0.000410,0.000000,0.000000,0.004810
Q_ind_184_anc_6-2,0.000962,0.000000,0.000000,0.012569
Q_ind_185_anc_6-2,0.000487,0.000000,0.000000,0.006852
Q_ind_186_anc_6-2,0.000255,0.000000,0.000000,0.003107
Q_ind_187_anc_6-2,0.000673,0.000000,0.000000,0.009076
Q_ind_188_anc_6-2,0.000335,0.000000,0.000000,0.004462
Q_ind_189_anc_6-2,0.005177,0.000000,0.000000,0.062965
Q_ind_190_anc_6-2,0.016524,0.000000,0.000000,0.112148
Q_ind_191_anc_6-2,0.018806,0.000018,0.000000,0.097273
Q_ind_192_anc_6-2,0.004927,0.000000,0.000000,0.052342
Q_ind_193_anc_6-2,0.031274,0.002907,0.000000,0.129724
Q_ind_194_anc_6-2,0.002885,0.000000,0.000000,0.033891
Q_ind_195_anc_6-2,0.128146,0.125028,0.052438,0.213252
Q_ind_196_anc_6-2,0.034081,0.021477,0.000000,0.114629
Q_ind_197_anc_6-2,0.091874,0.090736,0.027186,0.162667
Q_ind_198_anc_6-2,0.121372,0.121279,0.042711,0.200271
Q_ind_199_anc_6-2,0.001537,0.000000,0.000000,0.021163
Q_ind_200_anc_6-2,0.000408,0.000000,0.000000,0.004537
Q_ind_201_anc_6-2,0.058259,0.066957,0.000000,0.137217
Q_ind_202_anc_6-2,0.000630,0.000000,0.000000,0.008225
Q_ind_203_anc_6-2,0.005085,0.000000,0.000000,0.045770
Q_ind_204_anc_6-2,0.000549,0.000000,0.000000,0.005930
Q_ind_205_anc_6-2,0.000559,0.000000,0.000000,0.006135
Q_ind_206_anc_6-2,0.000304,0.000000,0.000000,0.003943
Q_ind_207_anc_6-2,0.001819,0.000000,0.000000,0.022506
Q_ind_208_anc_6-2,0.000721,0.000000,0.000000,0.009626
Q_ind_209_anc_6-2,0.000740,0.000000,0.000000,0.009309
Q_ind_210_anc_6-2,0.000838,0.000000,0.000000,0.010690
Q_ind_211_anc_6-2,0.000891,0.000000,0.000000,0.009923
Q_ind_212_anc_6-2,0.000371,0.000000,0.000000,0.004441
Q_ind_213_anc_6-2,0.003214,0.000000,0.000000,0.034793
Q_ind_214_anc_6-2,0.000361,0.000000,0.000000,0.004734
Q_ind_215_anc_6-2,0.000271,0.000000,0.000000,0.003388
Q_ind_216_anc_6-2,0.000570,0.000000,0.000000,0.007529
Q_ind_217_anc_6-2,0.000371,0.000000,0.000000,0.003818
Q_ind_218_anc_6-2,0.000437,0.000000,0.000000,0.003678
Q_ind_219_anc_6-2,0.000252,0.000000,0.000000,0.003222
Q_ind_220_anc_6-2,0.000225,0.000000,0.000000,0.002329
Q_ind_221_anc_6-2,0.007448,0.000000,0.000000,0.080409
Q_ind_222_anc_6-2,0.000316,0.000000,0.000000,0.004002
Q_ind_1_anc_6-3,0.000330,0.000000,0.000000,0.004179
Q_ind_2_anc_6-3,0.000325,0.000000,0.000000,0.003806
Q_ind_3_anc_6-3,0.000555,0.000000,0.000000,0.006994
Q_ind_4_anc_6-3,0.000382,0.000000,0.000000,0.004302
Q_ind_5_anc_6-3,0.000564,0.000000,0.000000,0.006957
Q_ind_6_anc_6-3,0.000349,0.000000,0.000000,0.004148
Q_ind_7_anc_6-3,0.000240,0.000000,0.000000,0.002922
Q_ind_8_anc_6-3,0.000528,0.000000,0.000000,0.006546
Q_ind_9_anc_6-3,0.000701,0.000000,0.000000,0.009064
Q_ind_10_anc_6-3,0.000237,0.000000,0.000000,0.002949
Q_ind_11_anc_6-3,0.001082,0.000000,0.000000,0.012858
Q_ind_12_anc_6-3,0.000971,0.000000,0.000000,0.012847
Q_ind_13_anc_6-3,0.002479,0.000000,0.000000,0.030162
Q_ind_14_anc_6-3,0.004374,0.000000,0.000000,0.054106
Q_ind_15_anc_6-3,0.004180,0.000000,0.000000,0.055575
Q_ind_16_anc_6-3,0.001490,0.000000,0.000000,0.020985
Q_ind_17_anc_6-3,0.003123,0.000000,0.000000,0.037845
Q_ind_18_anc_6-3,0.001127,0.000000,0.000000,0.014428
Q_ind_19_anc_6-3,0.011471,0.000001,0.000000,0.080262
Q_ind_20_anc_6-3,0.001835,0.000000,0.000000,0.024650
Q_ind_21_anc_6-3,0.000579,0.000000,0.000000,0.007970
Q_ind_22_anc_6-3,0.000863,0.000000,0.000000,0.010691
Q_ind_23_anc_6-3,0.000247,0.000000,0.000000,0.003208
Q_ind_24_anc_6-3,0.002392,0.000000,0.000000,0.033494
Q_ind_25_anc_6-3,0.000485,0.000000,0.000000,0.006567
Q_ind_26_anc_6-3,0.000339,0.000000,0.000000,0.004390
Q_ind_27_anc_6-3,0.000270,0.000000,0.000000,0.003178
Q_ind_28_anc_6-3,0.000410,0.000000,0.000000,0.005279
Q_ind_29_anc_6-3,0.000623,0.000000,0.000000,0.008657
Q_ind_30_anc_6-3,0.000404,0.000000,0.000000,0.005373
Q_ind_31_anc_6-3,0.001043,0.000000,0.000000,0.013355
Q_ind_32_anc_6-3,0.001255,0.000000,0.000000,0.018077
Q_ind_33_anc_6-3,0.000766,0.000000,0.000000,0.008706
Q_ind_34_anc_6-3,0.000459,0.000000,0.000000,0.005685
Q_ind_35_anc_6-3,0.001433,0.000000,0.000000,0.020290
Q_ind_36_anc_6-3,0.000491,0.000000,0.000000,0.006584
Q_ind_37_anc_6-3,0.001929,0.000000,0.000000,0.022821
Q_ind_38_anc_6-3,0.000643,0.000000,0.000000,0.007399
Q_ind_39_anc_6-3,0.003452,0.000000,0.000000,0.045188
Q_ind_40_anc_6-3,0.001693,0.000000,0.000000,0.022812
Q_ind_41_anc_6-3,0.000767,0.000000,0.000000,0.010152
Q_ind_42_anc_6-3,0.000821,0.000000,0.000000,0.010797
Q_ind_43_anc_6-3,0.000204,0.000000,0.000000,0.001792
Q_ind_44_anc_6-3,0.000978,0.000000,0.000000,0.011771
Q_ind_45_anc_6-3,0.000847,0.000000,0.000000,0.011457
Q_ind_46_anc_6-3,0.001199,0.000000,0.000000,0.015237
Q_ind_47_anc_6-3,0.000566,0.000000,0.000000,0.007475
Q_ind_48_anc_6-3,0.000432,0.000000,0.000000,0.004875
Q_ind_49_anc_6-3,0.003013,0.000000,0.000000,0.042016
Q_ind_50_anc_6-3,0.000837,0.000000,0.000000,0.010045
Q_ind_51_anc_6-3,0.001326,0.000000,0.000000,0.010517
Q_ind_52_anc_6-3,0.000628,0.000000,0.000000,0.008148
Q_ind_53_anc_6-3,0.000412,0.000000,0.000000,0.004966
Q_ind_54_anc_6-3,0.002234,0.000000,0.000000,0.027268
Q_ind_55_anc_6-3,0.114774,0.114926,0.054105,0.172324
Q_ind_56_anc_6-3,0.000681,0.000000,0.000000,0.006369
Q_ind_57_anc_6-3,0.000572,0.000000,0.000000,0.007471
Q_ind_58_anc_6-3,0.001222,0.000000,0.000000,0.014324
Q_ind_59_anc_6-3,0.002938,0.000000,0.000000,0.031259
Q_ind_60_anc_6-3,0.006623,0.000000,0.000000,0.073941
Q_ind_61_anc_6-3,0.000670,0.000000,0.000000,0.008822
Q_ind_62_anc_6-3,0.000437,0.000000,0.000000,0.006291
Q_ind_63_anc_6-3,0.000269,0.000000,0.000000,0.002894
Q_ind_64_anc_6-3,0.000282,0.000000,0.000000,0.003738
Q_ind_65_anc_6-3,0.007007,0.000000,0.000000,0.046029
Q_ind_66_anc_6-3,0.000559,0.000000,0.000000,0.007037
Q_ind_67_anc_6-3,0.009177,0.000000,0.000000,0.065183
Q_ind_68_anc_6-3,0.000512,0.000000,0.000000,0.006396
Q_ind_69_anc_6-3,0.000225,0.000000,0.000000,0.002598
Q_ind_70_anc_6-3,0.000137,0.000000,0.000000,0.001772
Q_ind_71_anc_6-3,0.000122,0.000000,0.000000,0.001331
Q_ind_72_anc_6-3,0.000151,0.000000,0.000000,0.001844
Q_ind_73_anc_6-3,0.000131,0.000000,0.000000,0.001492
Q_ind_74_anc_6-3,0.000525,0.000000,0.000000,0.006612
Q_ind_75_anc_6-3,0.000192,0.000000,0.000000,0.002172
Q_ind_76_anc_6-3,0.000263,0.000000,0.000000,0.003182
Q_ind_77_anc_6-3,0.000219,0.000000,0.000000,0.002604
Q_ind_78_anc_6-3,0.000935,0.000000,0.000000,0.011149
Q_ind_79_anc_6-3,0.000189,0.000000,0.000000,0.002447
Q_ind_80_anc_6-3,0.000219,0.000000,0.000000,0.002653
Q_ind_81_anc_6-3,0.001141,0.000000,0.000000,0.014962
Q_ind_82_anc_6-3,0.000983,0.000000,0.000000,0.011861
Q_ind_83_anc_6-3,0.002158,0.000000,0.000000,0.023796
Q_ind_84_anc_6-3,0.000549,0.000000,0.000000,0.006503
Q_ind_85_anc_6-3,0.001951,0.000000,0.000000,0.027389
Q_ind_86_anc_6-3,0.000500,0.000000,0.000000,0.004943
Q_ind_87_anc_6-3,0.000338,0.000000,0.000000,0.003821
Q_ind_88_anc_6-3,0.005230,0.000000,0.000000,0.055525
Q_ind_89_anc_6-3,0.000843,0.000000,0.000000,0.011203
Q_ind_90_anc_6-3,0.000348,0.000000,0.000000,0.004917
Q_ind_91_anc_6-3,0.072037,0.073884,0.000000,0.122973
Q_ind_92_anc_6-3,0.101903,0.104967,0.000000,0.170653
Q_ind_93_anc_6-3,0.000202,0.000000,0.000000,0.002359
Q_ind_94_anc_6-3,0.000369,0.000000,0.000000,0.004700
Q_ind_95_anc_6-3,0.000185,0.000000,0.000000,0.002030
Q_ind_96_anc_6-3,0.000129,0.000000,0.000000,0.001541
Q_ind_97_anc_6-3,0.058505,0.060651,0.000000,0.111163
Q_ind_98_anc_6-3,0.000529,0.000000,0.000000,0.006389
Q_ind_99_anc_6-3,0.000473,0.000000,0.000000,0.006230
Q_ind_100_anc_6-3,0.001671,0.000000,0.000000,0.022628
Q_ind_101_anc_6-3,0.000974,0.000000,0.000000,0.012521
Q_ind_102_anc_6-3,0.001225,0.000000,0.000000,0.016721
Q_ind_103_anc_6-3,0.001815,0.000000,0.000000,0.024965
Q_ind_104_anc_6-3,0.002054,0.000000,0.000000,0.023500
Q_ind_105_anc_6-3,0.002078,0.000000,0.000000,0.025918
Q_ind_106_anc_6-3,0.003116,0.000000,0.000000,0.035085
Q_ind_107_anc_6-3,0.000779,0.000000,0.000000,0.011118
Q_ind_108_anc_6-3,0.001717,0.000000,0.000000,0.022405
Q_ind_109_anc_6-3,0.000201,0.000000,0.000000,0.002087
Q_ind_110_anc_6-3,0.000313,0.000000,0.000000,0.003642
Q_ind_111_anc_6-3,0.000795,0.000000,0.000000,0.011421
Q_ind_112_anc_6-3,0.000419,0.000000,0.000000,0.004683
Q_ind_113_anc_6-3,0.000247,0.000000,0.000000,0.002859
Q_ind_114_anc_6-3,0.000291,0.000000,0.000000,0.003930
Q_ind_115_anc_6-3,0.000800,0.000000,0.000000,0.010908
Q_ind_116_anc_6-3,0.000181,0.000000,0.000000,0.002190
Q_ind_117_anc_6-3,0.002767,0.000000,0.000000,0.029814
Q_ind_118_anc_6-3,0.004930,0.000000,0.000000,0.039045
Q_ind_119_anc_6-3,0.001675,0.000000,0.000000,0.021172
Q_ind_120_anc_6-3,0.000549,0.000000,0.000000,0.007401
Q_ind_121_anc_6-3,0.001131,0.000000,0.000000,0.014717
Q_ind_122_anc_6-3,0.000568,0.000000,0.000000,0.007988
Q_ind_123_anc_6-3,0.004159,0.000000,0.000000,0.044971
Q_ind_124_anc_6-3,0.001558,0.000000,0.000000,0.019598
Q_ind_125_anc_6-3,0.000567,0.000000,0.000000,0.007380
Q_ind_126_anc_6-3,0.000729,0.000000,0.000000,0.008935
Q_ind_127_anc_6-3,0.000873,0.000000,0.000000,0.010999
Q_ind_128_anc_6-3,0.000615,0.000000,0.000000,0.007848
Q_ind_129_anc_6-3,0.000219,0.000000,0.000000,0.002595
Q_ind_130_anc_6-3,0.001383,0.000000,0.000000,0.018170
Q_ind_131_anc_6-3,0.003973,0.000000,0.000000,0.039203
Q_ind_132_anc_6-3,0.000621,0.000000,0.000000,0.006985
Q_ind_133_anc_6-3,0.027584,0.000104,0.000000,0.121529
Q_ind_134_anc_6-3,0.002604,0.000000,0.000000,0.029279
Q_ind_135_anc_6-3,0.000537,0.000000,0.000000,0.007070
Q_ind_136_anc_6-3,0.001032,0.000000,0.000000,0.012493
Q_ind_137_anc_6-3,0.000936,0.000000,0.000000,0.011165
Q_ind_138_anc_6-3,0.000218,0.000000,0.000000,0.002573
Q_ind_139_anc_6-3,0.000896,0.000000,0.000000,0.011380
Q_ind_140_anc_6-3,0.000123,0.000000,0.000000,0.001358
Q_ind_141_anc_6-3,0.000259,0.000000,0.000000,0.002698
Q_ind_142_anc_6-3,0.000273,0.000000,0.000000,0.003318
Q_ind_143_anc_6-3,0.000188,0.000000,0.000000,0.002442
Q_ind_144_anc_6-3,0.000716,0.000000,0.000000,0.009649
Q_ind_145_anc_6-3,0.003124,0.000000,0.000000,0.037675
Q_ind_146_anc_6-3,0.000737,0.000000,0.000000,0.010101
Q_ind_147_anc_6-3,0.000586,0.000000,0.000000,0.006066
Q_ind_148_anc_6-3,0.001185,0.000000,0.000000,0.009679
Q_ind_149_anc_6-3,0.000717,0.000000,0.000000,0.010084
Q_ind_150_anc_6-3,0.000156,0.000000,0.000000,0.001814
Q_ind_151_anc_6-3,0.000359,0.000000,0.000000,0.004110
Q_ind_152_anc_6-3,0.000196,0.000000,0.000000,0.002266
Q_ind_153_anc_6-3,0.000299,0.000000,0.000000,0.003641
Q_ind_154_anc_6-3,0.000440,0.000000,0.000000,0.006285
Q_ind_155_anc_6-3,0.000770,0.000000,0.000000,0.008970
Q_ind_156_anc_6-3,0.001012,0.000000,0.000000,0.014224
Q_ind_157_anc_6-3,0.000195,0.000000,0.000000,0.002136
Q_ind_158_anc_6-3,0.000172,0.000000,0.000000,0.001948
Q_ind_159_anc_6-3,0.000228,0.000000,0.000000,0.002985
Q_ind_160_anc_6-3,0.000166,0.000000,0.000000,0.002064
Q_ind_161_anc_6-3,0.000759,0.000000,0.000000,0.008890
Q_ind_162_anc_6-3,0.000433,0.000000,0.000000,0.005040
Q_ind_163_anc_6-3,0.000099,0.000000,0.000000,0.001191
Q_ind_164_anc_6-3,0.000245,0.000000,0.000000,0.003099
Q_ind_165_anc_6-3,0.002532,0.000000,0.000000,0.027868
Q_ind_166_anc_6-3,0.001559,0.000000,0.000000,0.018560
Q_ind_167_anc_6-3,0.004407,0.000000,0.000000,0.041333
Q_ind_168_anc_6-3,0.000548,0.000000,0.000000,0.006583
Q_ind_169_anc_6-3,0.000981,0.000000,0.000000,0.014110
Q_ind_170_anc_6-3,0.000429,0.000000,0.000000,0.004935
Q_ind_171_anc_6-3,0.001033,0.000000,0.000000,0.013835
Q_ind_172_anc_6-3,0.001015,0.000000,0.000000,0.012361
Q_ind_173_anc_6-3,0.000136,0.000000,0.000000,0.001655
Q_ind_174_anc_6-3,0.000480,0.000000,0.000000,0.005949
Q_ind_175_anc_6-3,0.000287,0.000000,0.000000,0.003885
Q_ind_176_anc_6-3,0.000117,0.000000,0.000000,0.001263
Q_ind_177_anc_6-3,0.000413,0.000000,0.000000,0.005882
Q_ind_178_anc_6-3,0.004034,0.000000,0.000000,0.041660
Q_ind_179_anc_6-3,0.000279,0.000000,0.000000,0.003559
Q_ind_180_anc_6-3,0.000325,0.000000,0.000000,0.004087
Q_ind_181_anc_6-3,0.001309,0.000000,0.000000,0.016280
Q_ind_182_anc_6-3,0.000324,0.000000,0.000000,0.003293
Q_ind_183_anc_6-3,0.000658,0.000000,0.000000,0.008168
Q_ind_184_anc_6-3,0.000741,0.000000,0.000000,0.008944
Q_ind_185_anc_6-3,0.000346,0.000000,0.000000,0.004624
Q_ind_186_anc_6-3,0.000249,0.000000,0.000000,0.002865
Q_ind_187_anc_6-3,0.000286,0.000000,0.000000,0.003613
Q_ind_188_anc_6-3,0.000339,0.000000,0.000000,0.003870
Q_ind_189_anc_6-3,0.209490,0.213165,0.115847,0.273423
Q_ind_190_anc_6-3,0.015122,0.000010,0.000000,0.074900
Q_ind_191_anc_6-3,0.002146,0.000000,0.000000,0.024612
Q_ind_192_anc_6-3,0.001233,0.000000,0.000000,0.017445
Q_ind_193_anc_6-3,0.001881,0.000000,0.000000,0.023679
Q_ind_194_anc_6-3,0.000938,0.000000,0.000000,0.013234
Q_ind_195_anc_6-3,0.000640,0.000000,0.000000,0.005459
Q_ind_196_anc_6-3,0.001099,0.000000,0.000000,0.012947
Q_ind_197_anc_6-3,0.000791,0.000000,0.000000,0.009325
Q_ind_198_anc_6-3,0.001168,0.000000,0.000000,0.016399
Q_ind_199_anc_6-3,0.005373,0.000000,0.000000,0.057516
Q_ind_200_anc_6-3,0.000428,0.000000,0.000000,0.005058
Q_ind_201_anc_6-3,0.001024,0.000000,0.000000,0.010417
Q_ind_202_anc_6-3,0.001230,0.000000,0.000000,0.016165
Q_ind_203_anc_6-3,0.002849,0.000000,0.000000,0.034139
Q_ind_204_anc_6-3,0.002800,0.000000,0.000000,0.033214
Q_ind_205_anc_6-3,0.003359,0.000000,0.000000,0.038009
Q_ind_206_anc_6-3,0.021020,0.000417,0.000000,0.083850
Q_ind_207_anc_6-3,0.000660,0.000000,0.000000,0.008600
Q_ind_208_anc_6-3,0.000258,0.000000,0.000000,0.003198
Q_ind_209_anc_6-3,0.004311,0.000000,0.000000,0.048882
Q_ind_210_anc_6-3,0.001463,0.000000,0.000000,0.014520
Q_ind_211_anc_6-3,0.000282,0.000000,0.000000,0.003932
Q_ind_212_anc_6-3,0.000790,0.000000,0.000000,0.008799
Q_ind_213_anc_6-3,0.000163,0.000000,0.000000,0.001914
Q_ind_214_anc_6-3,0.000435,0.000000,0.000000,0.004027
Q_ind_215_anc_6-3,0.000315,0.000000,0.000000,0.003923
Q_ind_216_anc_6-3,0.000491,0.000000,0.000000,0.006406
Q_ind_217_anc_6-3,0.000354,0.000000,0.000000,0.004575
Q_ind_218_anc_6-3,0.000124,0.000000,0.000000,0.001355
Q_ind_219_anc_6-3,0.000244,0.000000,0.000000,0.002310
Q_ind_220_anc_6-3,0.000202,0.000000,0.000000,0.002611
Q_ind_221_anc_6-3,0.000251,0.000000,0.000000,0.003087
Q_ind_222_anc_6-3,0.000199,0.000000,0.000000,0.002243
Q_ind_1_anc_6-4,0.000678,0.000000,0.000000,0.007762
Q_ind_2_anc_6-4,0.000599,0.000000,0.000000,0.006998
Q_ind_3_anc_6-4,0.000313,0.000000,0.000000,0.003620
Q_ind_4_anc_6-4,0.000270,0.000000,0.000000,0.002940
Q_ind_5_anc_6-4,0.012715,0.000004,0.000000,0.068225
Q_ind_6_anc_6-4,0.000355,0.000000,0.000000,0.004225
Q_ind_7_anc_6-4,0.000149,0.000000,0.000000,0.001720
Q_ind_8_anc_6-4,0.000812,0.000000,0.000000,0.010217
Q_ind_9_anc_6-4,0.000341,0.000000,0.000000,0.004044
Q_ind_10_anc_6-4,0.000219,0.000000,0.000000,0.002446
Q_ind_11_anc_6-4,0.000279,0.000000,0.000000,0.003099
Q_ind_12_anc_6-4,0.000488,0.000000,0.000000,0.005651
Q_ind_13_anc_6-4,0.000717,0.000000,0.000000,0.009138
Q_ind_14_anc_6-4,0.001256,0.000000,0.000000,0.017646
Q_ind_15_anc_6-4,0.002218,0.000000,0.000000,0.027426
Q_ind_16_anc_6-4,0.000674,0.000000,0.000000,0.009000
Q_ind_17_anc_6-4,0.001090,0.000000,0.000000,0.012841
Q_ind_18_anc_6-4,0.000464,0.000000,0.000000,0.006241
Q_ind_19_anc_6-4,0.000410,0.000000,0.000000,0.004859
Q_ind_20_anc_6-4,0.111681,0.110962,0.058195,0.167843
Q_ind_21_anc_6-4,0.001427,0.000000,0.000000,0.017529
Q_ind_22_anc_6-4,0.000745,0.000000,0.000000,0.009627
Q_ind_23_anc_6-4,0.000701,0.000000,0.000000,0.009266
Q_ind_24_anc_6-4,0.001344,0.000000,0.000000,0.016189
Q_ind_25_anc_6-4,0.000374,0.000000,0.000000,0.005071
Q_ind_26_anc_6-4,0.000599,0.000000,0.000000,0.007937
Q_ind_27_anc_6-4,0.000203,0.000000,0.000000,0.002344
Q_ind_28_anc_6-4,0.001563,0.000000,0.000000,0.019694
Q_ind_29_anc_6-4,0.000814,0.000000,0.000000,0.011355
Q_ind_30_anc_6-4,0.000667,0.000000,0.000000,0.008617
Q_ind_31_anc_6-4,0.001318,0.000000,0.000000,0.017483
Q_ind_32_anc_6-4,0.003504,0.000000,0.000000,0.037023
Q_ind_33_anc_6-4,0.005810,0.000000,0.000000,0.051160
Q_ind_34_anc_6-4,0.000255,0.000000,0.000000,0.003095
Q_ind_35_anc_6-4,0.002341,0.000000,0.000000,0.027590
Q_ind_36_anc_6-4,0.000174,0.000000,0.000000,0.002253
Q_ind_37_anc_6-4,0.002528,0.000000,0.000000,0.026400
Q_ind_38_anc_6-4,0.000367,0.000000,0.000000,0.004329
Q_ind_39_anc_6-4,0.040780,0.040124,0.000000,0.120214
Q_ind_40_anc_6-4,0.002215,0.000000,0.000000,0.030964
Q_ind_41_anc_6-4,0.001213,0.000000,0.000000,0.015111
Q_ind_42_anc_6-4,0.000732,0.000000,0.000000,0.010731
Q_ind_43_anc_6-4,0.000476,0.000000,0.000000,0.005526
Q_ind_44_anc_6-4,0.000648,0.000000,0.000000,0.009159
Q_ind_45_anc_6-4,0.000447,0.000000,0.000000,0.004432
Q_ind_46_anc_6-4,0.000234,0.000000,0.000000,0.002481
Q_ind_47_anc_6-4,0.000243,0.000000,0.000000,0.002502
Q_ind_48_anc_6-4,0.000291,0.000000,0.000000,0.003585
Q_ind_49_anc_6-4,0.000135,0.000000,0.000000,0.001311
Q_ind_50_anc_6-4,0.000194,0.000000,0.000000,0.001902
Q_ind_51_anc_6-4,0.000259,0.000000,0.000000,0.003021
Q_ind_52_anc_6-4,0.000403,0.000000,0.000000,0.005088
Q_ind_53_anc_6-4,0.000252,0.000000,0.000000,0.003019
Q_ind_54_anc_6-4,0.000309,0.000000,0.000000,0.003504
Q_ind_55_anc_6-4,0.002261,0.000000,0.000000,0.026210
Q_ind_56_anc_6-4,0.000275,0.000000,0.000000,0.002933
Q_ind_57_anc_6-4,0.000343,0.000000,0.000000,0.004153
Q_ind_58_anc_6-4,0.000408,0.000000,0.000000,0.004818
Q_ind_59_anc_6-4,0.000295,0.000000,0.000000,0.003582
Q_ind_60_anc_6-4,0.000199,0.000000,0.000000,0.002531
Q_ind_61_anc_6-4,0.000226,0.000000,0.000000,0.002753
Q_ind_62_anc_6-4,0.000466,0.000000,0.000000,0.004893
Q_ind_63_anc_6-4,0.000317,0.000000,0.000000,0.003774
Q_ind_64_anc_6-4,0.000256,0.000000,0.000000,0.003398
Q_ind_65_anc_6-4,0.000276,0.000000,0.000000,0.002844
Q_ind_66_anc_6-4,0.000480,0.000000,0.000000,0.004695
Q_ind_67_anc_6-4,0.004379,0.000000,0.000000,0.040628
Q_ind_68_anc_6-4,0.000235,0.000000,0.000000,0.002833
Q_ind_69_anc_6-4,0.000356,0.000000,0.000000,0.004627
Q_ind_70_anc_6-4,0.000185,0.000000,0.000000,0.002242
Q_ind_71_anc_6-4,0.000191,0.000000,0.000000,0.002210
Q_ind_72_anc_6-4,0.001771,0.000000,0.000000,0.021213
Q_ind_73_anc_6-4,0.000283,0.000000,0.000000,0.003756
Q_ind_74_anc_6-4,0.002377,0.000000,0.000000,0.035673
Q_ind_75_anc_6-4,0.000279,0.000000,0.000000,0.003330
Q_ind_76_anc_6-4,0.000413,0.000000,0.000000,0.005218
Q_ind_77_anc_6-4,0.000239,0.000000,0.000000,0.002471
Q_ind_78_anc_6-4,0.000971,0.000000,0.000000,0.012337
Q_ind_79_anc_6-4,0.000376,0.000000,0.000000,0.004292
Q_ind_80_anc_6-4,0.000441,0.000000,0.000000,0.005804
Q_ind_81_anc_6-4,0.001050,0.000000,0.000000,0.012099
Q_ind_82_anc_6-4,0.001715,0.000000,0.000000,0.023896
Q_ind_83_anc_6-4,0.010680,0.000000,0.000000,0.077145
Q_ind_84_anc_6-4,0.001344,0.000000,0.000000,0.021291
Q_ind_85_anc_6-4,0.008943,0.000000,0.000000,0.095508
Q_ind_86_anc_6-4,0.002755,0.000000,0.000000,0.038122
Q_ind_87_anc_6-4,0.108872,0.121547,0.000000,0.198518
Q_ind_88_anc_6-4,0.001435,0.000000,0.000000,0.017789
Q_ind_89_anc_6-4,0.000391,0.000000,0.000000,0.004572
Q_ind_90_anc_6-4,0.000465,0.000000,0.000000,0.006325
Q_ind_91_anc_6-4,0.006460,0.000000,0.000000,0.047835
Q_ind_92_anc_6-4,0.177331,0.176989,0.114711,0.244021
Q_ind_93_anc_6-4,0.000293,0.000000,0.000000,0.002744
Q_ind_94_anc_6-4,0.000160,0.000000,0.000000,0.001824
Q_ind_95_anc_6-4,0.000290,0.000000,0.000000,0.002904
Q_ind_96_anc_6-4,0.000102,0.000000,0.000000,0.001238
Q_ind_97_anc_6-4,0.116961,0.116132,0.066259,0.172442
Q_ind_98_anc_6-4,0.000461,0.000000,0.000000,0.006236
Q_ind_99_anc_6-4,0.000403,0.000000,0.000000,0.004508
Q_ind_100_anc_6-4,0.000703,0.000000,0.000000,0.008400
Q_ind_101_anc_6-4,0.001855,0.000000,0.000000,0.026338
Q_ind_102_anc_6-4,0.000933,0.000000,0.000000,0.010485
Q_ind_103_anc_6-4,0.003513,0.000000,0.000000,0.043135
Q_ind_104_anc_6-4,0.101506,0.131249,0.000000,0.224975
Q_ind_105_anc_6-4,0.000973,0.000000,0.000000,0.012743
Q_ind_106_anc_6-4,0.004543,0.000000,0.000000,0.049190
Q_ind_107_anc_6-4,0.000299,0.000000,0.000000,0.002984
Q_ind_108_anc_6-4,0.000191,0.000000,0.000000,0.002334
Q_ind_109_anc_6-4,0.000399,0.000000,0.000000,0.004962
Q_ind_110_anc_6-4,0.000549,0.000000,0.000000,0.007238
Q_ind_111_anc_6-4,0.000349,0.000000,0.000000,0.004435
Q_ind_112_anc_6-4,0.000454,0.000000,0.000000,0.006014
Q_ind_113_anc_6-4,0.000294,0.000000,0.000000,0.003200
Q_ind_114_anc_6-4,0.000321,0.000000,0.000000,0.003649
Q_ind_115_anc_6-4,0.073214,0.070818,0.024290,0.130380
Q_ind_116_anc_6-4,0.000401,0.000000,0.000000,0.004752
Q_ind_117_anc_6-4,0.004886,0.000000,0.000000,0.051520
Q_ind_118_anc_6-4,0.001120,0.000000,0.000000,0.014049
Q_ind_119_anc_6-4,0.006313,0.000000,0.000000,0.061593
Q_ind_120_anc_6-4,0.000631,0.000000,0.000000,0.007717
Q_ind_121_anc_6-4,0.001124,0.000000,0.000000,0.015532
Q_ind_122_anc_6-4,0.000946,0.000000,0.000000,0.012614
Q_ind_123_anc_6-4,0.006863,0.000000,0.000000,0.061938
Q_ind_124_anc_6-4,0.000386,0.000000,0.000000,0.004242
Q_ind_125_anc_6-4,0.000607,0.000000,0.000000,0.008269
Q_ind_126_anc_6-4,0.001015,0.000000,0.000000,0.012941
Q_ind_127_anc_6-4,0.000576,0.000000,0.000000,0.007363
Q_ind_128_anc_6-4,0.001595,0.000000,0.000000,0.019139
Q_ind_129_anc_6-4,0.000257,0.000000,0.000000,0.003099
Q_ind_130_anc_6-4,0.006093,0.000000,0.000000,0.045034
Q_ind_131_anc_6-4,0.002196,0.000000,0.000000,0.029806
Q_ind_132_anc_6-4,0.001297,0.000000,0.000000,0.014107
Q_ind_133_anc_6-4,0.000668,0.000000,0.000000,0.008308
Q_ind_134_anc_6-4,0.001439,0.000000,0.000000,0.019765
Q_ind_135_anc_6-4,0.000645,0.000000,0.000000,0.008834
Q_ind_136_anc_6-4,0.000147,0.000000,0.000000,0.001573
Q_ind_137_anc_6-4,0.000864,0.000000,0.000000,0.010884
Q_ind_138_anc_6-4,0.000283,0.000000,0.000000,0.003572
Q_ind_139_anc_6-4,0.000213,0.000000,0.000000,0.002288
Q_ind_140_anc_6-4,0.000253,0.000000,0.000000,0.002936
Q_ind_141_anc_6-4,0.000399,0.000000,0.000000,0.005064
Q_ind_142_anc_6-4,0.000344,0.000000,0.000000,0.003958
Q_ind_143_anc_6-4,0.000159,0.000000,0.000000,0.002072
Q_ind_144_anc_6-4,0.000509,0.000000,0.000000,0.006334
Q_ind_145_anc_6-4,0.001631,0.000000,0.000000,0.023695
Q_ind_146_anc_6-4,0.000440,0.000000,0.000000,0.005416
Q_ind_147_anc_6-4,0.000339,0.000000,0.000000,0.004206
Q_ind_148_anc_6-4,0.001384,0.000000,0.000000,0.018050
Q_ind_149_anc_6-4,0.000811,0.000000,0.000000,0.009782
Q_ind_150_anc_6-4,0.000203,0.000000,0.000000,0.002435
Q_ind_151_anc_6-4,0.000549,0.000000,0.000000,0.005915
Q_ind_152_anc_6-4,0.000291,0.000000,0.000000,0.003390
Q_ind_153_anc_6-4,0.001192,0.000000,0.000000,0.015172
Q_ind_154_anc_6-4,0.000152,0.000000,0.000000,0.001918
Q_ind_155_anc_6-4,0.000729,0.000000,0.000000,0.008591
Q_ind_156_anc_6-4,0.012899,0.000000,0.000000,0.090753
Q_ind_157_anc_6-4,0.000461,0.000000,0.000000,0.005559
Q_ind_158_anc_6-4,0.000268,0.000000,0.000000,0.002995
Q_ind_159_anc_6-4,0.000613,0.000000,0.000000,0.008380
Q_ind_160_anc_6-4,0.000175,0.000000,0.000000,0.001565
Q_ind_161_anc_6-4,0.010772,0.000000,0.000000,0.101011
Q_ind_162_anc_6-4,0.000346,0.000000,0.000000,0.004136
Q_ind_163_anc_6-4,0.000195,0.000000,0.000000,0.002343
Q_ind_164_anc_6-4,0.001377,0.000000,0.000000,0.019041
Q_ind_165_anc_6-4,0.000261,0.000000,0.000000,0.002843
Q_ind_166_anc_6-4,0.000698,0.000000,0.000000,0.008632
Q_ind_167_anc_6-4,0.000862,0.000000,0.000000,0.012843
Q_ind_168_anc_6-4,0.000640,0.000000,0.000000,0.007543
Q_ind_169_anc_6-4,0.001940,0.000000,0.000000,0.027059
Q_ind_170_anc_6-4,0.000413,0.000000,0.000000,0.004899
Q_ind_171_anc_6-4,0.014690,0.000006,0.000000,0.080729
Q_ind_172_anc_6-4,0.001756,0.000000,0.000000,0.022993
Q_ind_173_anc_6-4,0.000183,0.000000,0.000000,0.002270
Q_ind_174_anc_6-4,0.000186,0.000000,0.000000,0.002146
Q_ind_175_anc_6-4,0.000354,0.000000,0.000000,0.004213
Q_ind_176_anc_6-4,0.000173,0.000000,0.000000,0.002062
Q_ind_177_anc_6-4,0.000455,0.000000,0.000000,0.005570
Q_ind_178_anc_6-4,0.004421,0.000000,0.000000,0.047110
Q_ind_179_anc_6-4,0.000199,0.000000,0.000000,0.002266
Q_ind_180_anc_6-4,0.000392,0.000000,0.000000,0.004300
Q_ind_181_anc_6-4,0.000559,0.000000,0.000000,0.007783
Q_ind_182_anc_6-4,0.000687,0.000000,0.000000,0.008193
Q_ind_183_anc_6-4,0.001014,0.000000,0.000000,0.013615
Q_ind_184_anc_6-4,0.001850,0.000000,0.000000,0.024204
Q_ind_185_anc_6-4,0.002561,0.000000,0.000000,0.029646
Q_ind_186_anc_6-4,0.000278,0.000000,0.000000,0.003608
Q_ind_187_anc_6-4,0.000447,0.000000,0.000000,0.006041
Q_ind_188_anc_6-4,0.000432,0.000000,0.000000,0.005183
Q_ind_189_anc_6-4,0.050510,0.016597,0.000000,0.194364
Q_ind_190_anc_6-4,0.002721,0.000000,0.000000,0.036897
Q_ind_191_anc_6-4,0.002581,0.000000,0.000000,0.029972
Q_ind_192_anc_6-4,0.000534,0.000000,0.000000,0.007054
Q_ind_193_anc_6-4,0.002966,0.000000,0.000000,0.038984
Q_ind_194_anc_6-4,0.000553,0.000000,0.000000,0.006994
Q_ind_195_anc_6-4,0.000849,0.000000,0.000000,0.011959
Q_ind_196_anc_6-4,0.002025,0.000000,0.000000,0.024506
Q_ind_197_anc_6-4,0.001311,0.000000,0.000000,0.018248
Q_ind_198_anc_6-4,0.003935,0.000000,0.000000,0.041922
Q_ind_199_anc_6-4,0.001068,0.000000,0.000000,0.013309
Q_ind_200_anc_6-4,0.081573,0.083638,0.000001,0.143559
Q_ind_201_anc_6-4,0.194472,0.189100,0.107254,0.306641
Q_ind_202_anc_6-4,0.047257,0.041357,0.000000,0.143051
Q_ind_203_anc_6-4,0.024667,0.000039,0.000000,0.115243
Q_ind_204_anc_6-4,0.009592,0.000000,0.000000,0.123076
Q_ind_205_anc_6-4,0.013138,0.000000,0.000000,0.104209
Q_ind_206_anc_6-4,0.019410,0.000002,0.000000,0.111604
Q_ind_207_anc_6-4,0.023337,0.000000,0.000000,0.152705
Q_ind_208_anc_6-4,0.092070,0.092431,0.024760,0.154107
Q_ind_209_anc_6-4,0.146348,0.175472,0.000000,0.267370
Q_ind_210_anc_6-4,0.042142,0.000622,0.000000,0.144036
Q_ind_211_anc_6-4,0.000235,0.000000,0.000000,0.002895
Q_ind_212_anc_6-4,0.000192,0.000000,0.000000,0.002251
Q_ind_213_anc_6-4,0.000455,0.000000,0.000000,0.005107
Q_ind_214_anc_6-4,0.000212,0.000000,0.000000,0.002493
Q_ind_215_anc_6-4,0.000199,0.000000,0.000000,0.002227
Q_ind_216_anc_6-4,0.000309,0.000000,0.000000,0.003890
Q_ind_217_anc_6-4,0.000848,0.000000,0.000000,0.010760
Q_ind_218_anc_6-4,0.000187,0.000000,0.000000,0.002242
Q_ind_219_anc_6-4,0.000372,0.000000,0.000000,0.004434
Q_ind_220_anc_6-4,0.000178,0.000000,0.000000,0.001871
Q_ind_221_anc_6-4,0.000206,0.000000,0.000000,0.002457
Q_ind_222_anc_6-4,0.000286,0.000000,0.000000,0.003265
Q_ind_1_anc_6-5,0.000320,0.000000,0.000000,0.003760
Q_ind_2_anc_6-5,0.000230,0.000000,0.000000,0.002766
Q_ind_3_anc_6-5,0.000289,0.000000,0.000000,0.003074
Q_ind_4_anc_6-5,0.000161,0.000000,0.000000,0.002096
Q_ind_5_anc_6-5,0.000407,0.000000,0.000000,0.005313
Q_ind_6_anc_6-5,0.000339,0.000000,0.000000,0.003819
Q_ind_7_anc_6-5,0.000194,0.000000,0.000000,0.002305
Q_ind_8_anc_6-5,0.000738,0.000000,0.000000,0.008146
Q_ind_9_anc_6-5,0.000217,0.000000,0.000000,0.002203
Q_ind_10_anc_6-5,0.000136,0.000000,0.000000,0.001524
Q_ind_11_anc_6-5,0.000451,0.000000,0.000000,0.005891
Q_ind_12_anc_6-5,0.001213,0.000000,0.000000,0.015608
Q_ind_13_anc_6-5,0.001736,0.000000,0.000000,0.024520
Q_ind_14_anc_6-5,0.099915,0.066337,0.000000,0.319840
Q_ind_15_anc_6-5,0.011705,0.000000,0.000000,0.109730
Q_ind_16_anc_6-5,0.017223,0.000002,0.000000,0.103650
Q_ind_17_anc_6-5,0.004902,0.000000,0.000000,0.059217
Q_ind_18_anc_6-5,0.124537,0.128863,0.000000,0.235400
Q_ind_19_anc_6-5,0.014655,0.000000,0.000000,0.100639
Q_ind_20_anc_6-5,0.083573,0.096491,0.000000,0.188013
Q_ind_21_anc_6-5,0.001869,0.000000,0.000000,0.027842
Q_ind_22_anc_6-5,0.000239,0.000000,0.000000,0.002610
Q_ind_23_anc_6-5,0.000387,0.000000,0.000000,0.004571
Q_ind_24_anc_6-5,0.001903,0.000000,0.000000,0.024837
Q_ind_25_anc_6-5,0.022184,0.010049,0.000000,0.078760
Q_ind_26_anc_6-5,0.000600,0.000000,0.000000,0.007330
Q_ind_27_anc_6-5,0.000397,0.000000,0.000000,0.005049
Q_ind_28_anc_6-5,0.000510,0.000000,0.000000,0.007080
Q_ind_29_anc_6-5,0.003256,0.000000,0.000000,0.034906
Q_ind_30_anc_6-5,0.000421,0.000000,0.000000,0.004124
Q_ind_31_anc_6-5,0.000313,0.000000,0.000000,0.003925
Q_ind_32_anc_6-5,0.001036,0.000000,0.000000,0.012937
Q_ind_33_anc_6-5,0.000922,0.000000,0.000000,0.012951
Q_ind_34_anc_6-5,0.000524,0.000000,0.000000,0.006062
Q_ind_35_anc_6-5,0.000311,0.000000,0.000000,0.003169
Q_ind_36_anc_6-5,0.000135,0.000000,0.000000,0.001815
Q_ind_37_anc_6-5,0.000559,0.000000,0.000000,0.007516
Q_ind_38_anc_6-5,0.000171,0.000000,0.000000,0.001825
Q_ind_39_anc_6-5,0.000780,0.000000,0.000000,0.009947
Q_ind_40_anc_6-5,0.001177,0.000000,0.000000,0.014894
Q_ind_41_anc_6-5,0.000479,0.000000,0.000000,0.005884
Q_ind_42_anc_6-5,0.013895,0.000000,0.000000,0.097306
Q_ind_43_anc_6-5,0.002513,0.000000,0.000000,0.029452
Q_ind_44_anc_6-5,0.009067,0.000000,0.000000,0.114723
Q_ind_45_anc_6-5,0.001394,0.000000,0.000000,0.018618
Q_ind_46_anc_6-5,0.043772,0.010282,0.000000,0.159504
Q_ind_47_anc_6-5,0.006457,0.000000,0.000000,0.064581
Q_ind_48_anc_6-5,0.002106,0.000000,0.000000,0.027266
Q_ind_49_anc_6-5,0.000689,0.000000,0.000000,0.009473
Q_ind_50_anc_6-5,0.001466,0.000000,0.000000,0.017301
Q_ind_51_anc_6-5,0.004292,0.000000,0.000000,0.054057
Q_ind_52_anc_6-5,0.002389,0.000000,0.000000,0.031544
Q_ind_53_anc_6-5,0.001318,0.000000,0.000000,0.016750
Q_ind_54_anc_6-5,0.000827,0.000000,0.000000,0.010596
Q_ind_55_anc_6-5,0.000965,0.000000,0.000000,0.012018
Q_ind_56_anc_6-5,0.000577,0.000000,0.000000,0.007421
Q_ind_57_anc_6-5,0.001143,0.000000,0.000000,0.013754
Q_ind_58_anc_6-5,0.001439,0.000000,0.000000,0.015787
Q_ind_59_anc_6-5,0.001585,0.000000,0.000000,0.019838
Q_ind_60_anc_6-5,0.007657,0.000000,0.000000,0.093315
Q_ind_61_anc_6-5,0.000246,0.000000,0.000000,0.002677
Q_ind_62_anc_6-5,0.000342,0.000000,0.000000,0.004328
Q_ind_63_anc_6-5,0.000301,0.000000,0.000000,0.003637
Q_ind_64_anc_6-5,0.000551,0.000000,0.000000,0.006827
Q_ind_65_anc_6-5,0.000770,0.000000,0.000000,0.009239
Q_ind_66_anc_6-5,0.001056,0.000000,0.000000,0.015249
Q_ind_67_anc_6-5,0.000598,0.000000,0.000000,0.008428
Q_ind_68_anc_6-5,0.000219,0.000000,0.000000,0.002654
Q_ind_69_anc_6-5,0.000861,0.000000,0.000000,0.010161
Q_ind_70_anc_6-5,0.000300,0.000000,0.000000,0.003529
Q_ind_71_anc_6-5,0.000229,0.000000,0.000000,0.002794
Q_ind_72_anc_6-5,0.000499,0.000000,0.000000,0.006538
Q_ind_73_anc_6-5,0.000266,0.000000,0.000000,0.003339
Q_ind_74_anc_6-5,0.001138,0.000000,0.000000,0.015198
Q_ind_75_anc_6-5,0.000179,0.000000,0.000000,0.002321
Q_ind_76_anc_6-5,0.000454,0.000000,0.000000,0.005152
Q_ind_77_anc_6-5,0.000505,0.000000,0.000000,0.006181
Q_ind_78_anc_6-5,0.000553,0.000000,0.000000,0.007221
Q_ind_79_anc_6-5,0.000375,0.000000,0.000000,0.003770
Q_ind_80_anc_6-5,0.000264,0.000000,0.000000,0.003402
Q_ind_81_anc_6-5,0.000357,0.000000,0.000000,0.003926
Q_ind_82_anc_6-5,0.002507,0.000000,0.000000,0.032158
Q_ind_83_anc_6-5,0.000718,0.000000,0.000000,0.007434
Q_ind_84_anc_6-5,0.000884,0.000000,0.000000,0.011266
Q_ind_85_anc_6-5,0.014352,0.000000,0.000000,0.110167
Q_ind_86_anc_6-5,0.004559,0.000000,0.000000,0.054187
Q_ind_87_anc_6-5,0.019201,0.000000,0.000000,0.174096
Q_ind_88_anc_6-5,0.007519,0.000000,0.000000,0.095375
Q_ind_89_anc_6-5,0.019206,0.000003,0.000000,0.098474
Q_ind_90_anc_6-5,0.000888,0.000000,0.000000,0.011592
Q_ind_91_anc_6-5,0.000927,0.000000,0.000000,0.013491
Q_ind_92_anc_6-5,0.073321,0.076781,0.000000,0.184336
Q_ind_93_anc_6-5,0.007849,0.000000,0.000000,0.062679
Q_ind_94_anc_6-5,0.008548,0.000000,0.000000,0.060251
Q_ind_95_anc_6-5,0.048528,0.048517,0.000000,0.130724
Q_ind_96_anc_6-5,0.001449,0.000000,0.000000,0.018279
Q_ind_97_anc_6-5,0.002589,0.000000,0.000000,0.032828
Q_ind_98_anc_6-5,0.003772,0.000000,0.000000,0.050268
Q_ind_99_anc_6-5,0.000381,0.000000,0.000000,0.004590
Q_ind_100_anc_6-5,0.001372,0.000000,0.000000,0.018881
Q_ind_101_anc_6-5,0.002337,0.000000,0.000000,0.030177
Q_ind_102_anc_6-5,0.000696,0.000000,0.000000,0.009290
Q_ind_103_anc_6-5,0.002113,0.000000,0.000000,0.025391
Q_ind_104_anc_6-5,0.014100,0.000000,0.000000,0.107376
Q_ind_105_anc_6-5,0.000576,0.000000,0.000000,0.006022
Q_ind_106_anc_6-5,0.006833,0.000000,0.000000,0.069362
Q_ind_107_anc_6-5,0.001936,0.000000,0.000000,0.024088
Q_ind_108_anc_6-5,0.003292,0.000000,0.000000,0.045738
Q_ind_109_anc_6-5,0.000688,0.000000,0.000000,0.008273
Q_ind_110_anc_6-5,0.000877,0.000000,0.000000,0.009068
Q_ind_111_anc_6-5,0.002356,0.000000,0.000000,0.028430
Q_ind_112_anc_6-5,0.004577,0.000000,0.000000,0.065098
Q_ind_113_anc_6-5,0.005454,0.000000,0.000000,0.061423
Q_ind_114_anc_6-5,0.011268,0.000000,0.000000,0.105402
Q_ind_115_anc_6-5,0.135700,0.148697,0.000000,0.250018
Q_ind_116_anc_6-5,0.000213,0.000000,0.000000,0.002504
Q_ind_117_anc_6-5,0.000715,0.000000,0.000000,0.008801
Q_ind_118_anc_6-5,0.001720,0.000000,0.000000,0.022786
Q_ind_119_anc_6-5,0.003006,0.000000,0.000000,0.034627
Q_ind_120_anc_6-5,0.003532,0.000000,0.000000,0.037519
Q_ind_121_anc_6-5,0.005182,0.000000,0.000000,0.055661
Q_ind_122_anc_6-5,0.000519,0.000000,0.000000,0.006046
Q_ind_123_anc_6-5,0.000480,0.000000,0.000000,0.005993
Q_ind_124_anc_6-5,0.000231,0.000000,0.000000,0.002937
Q_ind_125_anc_6-5,0.000693,0.000000,0.000000,0.009117
Q_ind_126_anc_6-5,0.000211,0.000000,0.000000,0.002263
Q_ind_127_anc_6-5,0.001528,0.000000,0.000000,0.018102
Q_ind_128_anc_6-5,0.000799,0.000000,0.000000,0.010025
Q_ind_129_anc_6-5,0.000252,0.000000,0.000000,0.002960
Q_ind_130_anc_6-5,0.000393,0.000000,0.000000,0.005027
Q_ind_131_anc_6-5,0.005012,0.000000,0.000000,0.052206
Q_ind_132_anc_6-5,0.001444,0.000000,0.000000,0.019726
Q_ind_133_anc_6-5,0.000230,0.000000,0.000000,0.002572
Q_ind_134_anc_6-5,0.001420,0.000000,0.000000,0.019485
Q_ind_135_anc_6-5,0.000241,0.000000,0.000000,0.002090
Q_ind_136_anc_6-5,0.000337,0.000000,0.000000,0.004042
Q_ind_137_anc_6-5,0.001434,0.000000,0.000000,0.018219
Q_ind_138_anc_6-5,0.000251,0.000000,0.000000,0.003075
Q_ind_139_anc_6-5,0.000322,0.000000,0.000000,0.004125
Q_ind_140_anc_6-5,0.000351,0.000000,0.000000,0.004062
Q_ind_141_anc_6-5,0.000336,0.000000,0.000000,0.004997
Q_ind_142_anc_6-5,0.000341,0.000000,0.000000,0.003835
Q_ind_143_anc_6-5,0.000202,0.000000,0.000000,0.002283
Q_ind_144_anc_6-5,0.000297,0.000000,0.000000,0.003342
Q_ind_145_anc_6-5,0.001606,0.000000,0.000000,0.019669
Q_ind_146_anc_6-5,0.000558,0.000000,0.000000,0.006927
Q_ind_147_anc_6-5,0.000956,0.000000,0.000000,0.013151
Q_ind_148_anc_6-5,0.000411,0.000000,0.000000,0.004734
Q_ind_149_anc_6-5,0.000201,0.000000,0.000000,0.002211
Q_ind_150_anc_6-5,0.000503,0.000000,0.000000,0.005788
Q_ind_151_anc_6-5,0.000615,0.000000,0.000000,0.007672
Q_ind_152_anc_6-5,0.000345,0.000000,0.000000,0.004304
Q_ind_153_anc_6-5,0.000397,0.000000,0.000000,0.005119
Q_ind_154_anc_6-5,0.000267,0.000000,0.000000,0.003187
Q_ind_155_anc_6-5,0.000238,0.000000,0.000000,0.002727
Q_ind_156_anc_6-5,0.020806,0.000454,0.000000,0.081568
Q_ind_157_anc_6-5,0.000394,0.000000,0.000000,0.003792
Q_ind_158_anc_6-5,0.000462,0.000000,0.000000,0.005999
Q_ind_159_anc_6-5,0.000440,0.000000,0.000000,0.005521
Q_ind_160_anc_6-5,0.000136,0.000000,0.000000,0.001557
Q_ind_161_anc_6-5,0.056000,0.063355,0.000000,0.134319
Q_ind_162_anc_6-5,0.000477,0.000000,0.000000,0.006298
Q_ind_163_anc_6-5,0.000203,0.000000,0.000000,0.002414
Q_ind_164_anc_6-5,0.000524,0.000000,0.000000,0.007262
Q_ind_165_anc_6-5,0.000431,0.000000,0.000000,0.005300
Q_ind_166_anc_6-5,0.001128,0.000000,0.000000,0.013927
Q_ind_167_anc_6-5,0.000589,0.000000,0.000000,0.007838
Q_ind_168_anc_6-5,0.000358,0.000000,0.000000,0.004675
Q_ind_169_anc_6-5,0.000810,0.000000,0.000000,0.006271
Q_ind_170_anc_6-5,0.000395,0.000000,0.000000,0.004743
Q_ind_171_anc_6-5,0.000374,0.000000,0.000000,0.004700
Q_ind_172_anc_6-5,0.000342,0.000000,0.000000,0.003588
Q_ind_173_anc_6-5,0.000137,0.000000,0.000000,0.001516
Q_ind_174_anc_6-5,0.000099,0.000000,0.000000,0.001099
Q_ind_175_anc_6-5,0.000229,0.000000,0.000000,0.002754
Q_ind_176_anc_6-5,0.000183,0.000000,0.000000,0.002059
Q_ind_177_anc_6-5,0.000141,0.000000,0.000000,0.001603
Q_ind_178_anc_6-5,0.000416,0.000000,0.000000,0.005469
Q_ind_179_anc_6-5,0.000161,0.000000,0.000000,0.001915
Q_ind_180_anc_6-5,0.000369,0.000000,0.000000,0.004623
Q_ind_181_anc_6-5,0.000767,0.000000,0.000000,0.009417
Q_ind_182_anc_6-5,0.000772,0.000000,0.000000,0.010178
Q_ind_183_anc_6-5,0.000606,0.000000,0.000000,0.006995
Q_ind_184_anc_6-5,0.001456,0.000000,0.000000,0.020109
Q_ind_185_anc_6-5,0.000276,0.000000,0.000000,0.003404
Q_ind_186_anc_6-5,0.000175,0.000000,0.000000,0.001879
Q_ind_187_anc_6-5,0.000678,0.000000,0.000000,0.008174
Q_ind_188_anc_6-5,0.000319,0.000000,0.000000,0.004125
Q_ind_189_anc_6-5,0.004775,0.000000,0.000000,0.053163
Q_ind_190_anc_6-5,0.025025,0.002325,0.000000,0.091922
Q_ind_191_anc_6-5,0.001024,0.000000,0.000000,0.013510
Q_ind_192_anc_6-5,0.000339,0.000000,0.000000,0.004242
Q_ind_193_anc_6-5,0.007419,0.000000,0.000000,0.060599
Q_ind_194_anc_6-5,0.000326,0.000000,0.000000,0.004049
Q_ind_195_anc_6-5,0.000304,0.000000,0.000000,0.003378
Q_ind_196_anc_6-5,0.002044,0.000000,0.000000,0.024325
Q_ind_197_anc_6-5,0.001399,0.000000,0.000000,0.020061
Q_ind_198_anc_6-5,0.000731,0.000000,0.000000,0.009385
Q_ind_199_anc_6-5,0.007603,0.000000,0.000000,0.063743
Q_ind_200_anc_6-5,0.000559,0.000000,0.000000,0.006805
Q_ind_201_anc_6-5,0.001175,0.000000,0.000000,0.015685
Q_ind_202_anc_6-5,0.002528,0.000000,0.000000,0.035148
Q_ind_203_anc_6-5,0.015339,0.000001,0.000000,0.081112
Q_ind_204_anc_6-5,0.035913,0.000182,0.000000,0.150842
Q_ind_205_anc_6-5,0.008310,0.000000,0.000000,0.073446
Q_ind_206_anc_6-5,0.016033,0.000000,0.000000,0.100541
Q_ind_207_anc_6-5,0.068987,0.071553,0.000000,0.173241
Q_ind_208_anc_6-5,0.000622,0.000000,0.000000,0.006806
Q_ind_209_anc_6-5,0.002630,0.000000,0.000000,0.042287
Q_ind_210_anc_6-5,0.057869,0.061565,0.000000,0.146397
Q_ind_211_anc_6-5,0.001750,0.000000,0.000000,0.020670
Q_ind_212_anc_6-5,0.000939,0.000000,0.000000,0.011384
Q_ind_213_anc_6-5,0.001070,0.000000,0.000000,0.015198
Q_ind_214_anc_6-5,0.000992,0.000000,0.000000,0.013777
Q_ind_215_anc_6-5,0.000216,0.000000,0.000000,0.002753
Q_ind_216_anc_6-5,0.000486,0.000000,0.000000,0.006004
Q_ind_217_anc_6-5,0.000349,0.000000,0.000000,0.003854
Q_ind_218_anc_6-5,0.000242,0.000000,0.000000,0.002595
Q_ind_219_anc_6-5,0.000777,0.000000,0.000000,0.010204
Q_ind_220_anc_6-5,0.000230,0.000000,0.000000,0.002774
Q_ind_221_anc_6-5,0.000720,0.000000,0.000000,0.008704
Q_ind_222_anc_6-5,0.000178,0.000000,0.000000,0.002209
Q_ind_1_anc_6-6,0.000168,0.000000,0.000000,0.001861
Q_ind_2_anc_6-6,0.000168,0.000000,0.000000,0.002282
Q_ind_3_anc_6-6,0.000183,0.000000,0.000000,0.002162
Q_ind_4_anc_6-6,0.000208,0.000000,0.000000,0.002769
Q_ind_5_anc_6-6,0.000088,0.000000,0.000000,0.001012
Q_ind_6_anc_6-6,0.000181,0.000000,0.000000,0.002077
Q_ind_7_anc_6-6,0.000186,0.000000,0.000000,0.001992
Q_ind_8_anc_6-6,0.000492,0.000000,0.000000,0.006087
Q_ind_9_anc_6-6,0.000261,0.000000,0.000000,0.003390
Q_ind_10_anc_6-6,0.000159,0.000000,0.000000,0.001773
Q_ind_11_anc_6-6,0.003933,0.000004,0.000000,0.023513
Q_ind_12_anc_6-6,0.000219,0.000000,0.000000,0.002840
Q_ind_13_anc_6-6,0.228008,0.228268,0.132232,0.317351
Q_ind_14_anc_6-6,0.123102,0.140260,0.000000,0.233569
Q_ind_15_anc_6-6,0.271418,0.267357,0.184257,0.373916
Q_ind_16_anc_6-6,0.200142,0.200297,0.115273,0.276681
Q_ind_17_anc_6-6,0.169321,0.171546,0.082478,0.244036
Q_ind_18_anc_6-6,0.260967,0.263541,0.169375,0.345779
Q_ind_19_anc_6-6,0.177895,0.182024,0.016344,0.271272
Q_ind_20_anc_6-6,0.000784,0.000000,0.000000,0.009663
Q_ind_21_anc_6-6,0.001632,0.000000,0.000000,0.021407
Q_ind_22_anc_6-6,0.002721,0.000000,0.000000,0.024603
Q_ind_23_anc_6-6,0.000226,0.000000,0.000000,0.002276
Q_ind_24_anc_6-6,0.000717,0.000000,0.000000,0.009837
Q_ind_25_anc_6-6,0.000890,0.000000,0.000000,0.012166
Q_ind_26_anc_6-6,0.000329,0.000000,0.000000,0.003729
Q_ind_27_anc_6-6,0.000191,0.000000,0.000000,0.001797
Q_ind_28_anc_6-6,0.000245,0.000000,0.000000,0.003103
Q_ind_29_anc_6-6,0.000677,0.000000,0.000000,0.009229
Q_ind_30_anc_6-6,0.000315,0.000000,0.000000,0.003664
Q_ind_31_anc_6-6,0.000275,0.000000,0.000000,0.003542
Q_ind_32_anc_6-6,0.003359,0.000000,0.000000,0.030917
Q_ind_33_anc_6-6,0.000217,0.000000,0.000000,0.002548
Q_ind_34_anc_6-6,0.000131,0.000000,0.000000,0.001485
Q_ind_35_anc_6-6,0.000230,0.000000,0.000000,0.003080
Q_ind_36_anc_6-6,0.000098,0.000000,0.000000,0.001082
Q_ind_37_anc_6-6,0.000477,0.000000,0.000000,0.006568
Q_ind_38_anc_6-6,0.000144,0.000000,0.000000,0.001561
Q_ind_39_anc_6-6,0.000146,0.000000,0.000000,0.001799
Q_ind_40_anc_6-6,0.000592,0.000000,0.000000,0.007313
Q_ind_41_anc_6-6,0.000172,0.000000,0.000000,0.002310
Q_ind_42_anc_6-6,0.201454,0.200575,0.129447,0.277370
Q_ind_43_anc_6-6,0.174838,0.176937,0.088375,0.249057
Q_ind_44_anc_6-6,0.248504,0.250646,0.152781,0.335213
Q_ind_45_anc_6-6,0.211018,0.213201,0.120474,0.291684
Q_ind_46_anc_6-6,0.153119,0.155063,0.000007,0.279504
Q_ind_47_anc_6-6,0.350248,0.352563,0.277944,0.411228
Q_ind_48_anc_6-6,0.214483,0.214656,0.141360,0.286741
Q_ind_49_anc_6-6,0.242997,0.244807,0.165539,0.309202
Q_ind_50_anc_6-6,0.277281,0.281280,0.190101,0.344364
Q_ind_51_anc_6-6,0.320919,0.322670,0.250087,0.385726
Q_ind_52_anc_6-6,0.287832,0.292383,0.178939,0.363367
Q_ind_53_anc_6-6,0.277610,0.278997,0.190999,0.349635
Q_ind_54_anc_6-6,0.263243,0.263567,0.191110,0.330520
Q_ind_55_anc_6-6,0.000425,0.000000,0.000000,0.005506
Q_ind_56_anc_6-6,0.274575,0.276383,0.189401,0.342092
Q_ind_57_anc_6-6,0.333235,0.333316,0.265265,0.401151
Q_ind_58_anc_6-6,0.236838,0.237752,0.166132,0.302796
Q_ind_59_anc_6-6,0.321882,0.324045,0.240599,0.394148
Q_ind_60_anc_6-6,0.338087,0.339539,0.253417,0.415545
Q_ind_61_anc_6-6,0.000837,0.000000,0.000000,0.010744
Q_ind_62_anc_6-6,0.000207,0.000000,0.000000,0.002760
Q_ind_63_anc_6-6,0.000121,0.000000,0.000000,0.001332
Q_ind_64_anc_6-6,0.000525,0.000000,0.000000,0.006182
Q_ind_65_anc_6-6,0.002257,0.000000,0.000000,0.029433
Q_ind_66_anc_6-6,0.005455,0.000001,0.000000,0.037549
Q_ind_67_anc_6-6,0.000398,0.000000,0.000000,0.003805
Q_ind_68_anc_6-6,0.000112,0.000000,0.000000,0.001119
Q_ind_69_anc_6-6,0.002463,0.000000,0.000000,0.023169
Q_ind_70_anc_6-6,0.000151,0.000000,0.000000,0.001768
Q_ind_71_anc_6-6,0.000204,0.000000,0.000000,0.002264
Q_ind_72_anc_6-6,0.000286,0.000000,0.000000,0.003540
Q_ind_73_anc_6-6,0.000524,0.000000,0.000000,0.006341
Q_ind_74_anc_6-6,0.000424,0.000000,0.000000,0.005189
Q_ind_75_anc_6-6,0.002732,0.000000,0.000000,0.022002
Q_ind_76_anc_6-6,0.000293,0.000000,0.000000,0.003442
Q_ind_77_anc_6-6,0.000354,0.000000,0.000000,0.004698
Q_ind_78_anc_6-6,0.000505,0.000000,0.000000,0.005927
Q_ind_79_anc_6-6,0.000228,0.000000,0.000000,0.002811
Q_ind_80_anc_6-6,0.008085,0.005552,0.000000,0.028999
Q_ind_81_anc_6-6,0.168244,0.167566,0.120927,0.220347
Q_ind_82_anc_6-6,0.181603,0.181084,0.134274,0.231414
Q_ind_83_anc_6-6,0.211965,0.211373,0.154222,0.271107
Q_ind_84_anc_6-6,0.178347,0.176808,0.135999,0.228626
Q_ind_85_anc_6-6,0.176500,0.179688,0.091635,0.238057
Q_ind_86_anc_6-6,0.173344,0.172482,0.121619,0.230006
Q_ind_87_anc_6-6,0.000840,0.000000,0.000000,0.010217
Q_ind_88_anc_6-6,0.162410,0.163580,0.098177,0.218910
Q_ind_89_anc_6-6,0.933004,0.932994,0.879245,0.984155
Q_ind_90_anc_6-6,0.950041,0.950606,0.901273,0.993003
Q_ind_91_anc_6-6,0.000751,0.000000,0.000000,0.009720
Q_ind_92_anc_6-6,0.000875,0.000000,0.000000,0.011577
Q_ind_93_anc_6-6,0.982611,0.988696,0.932554,0.999735
Q_ind_94_anc_6-6,0.986015,0.993803,0.934396,0.999849
Q_ind_95_anc_6-6,0.929408,0.933480,0.857415,0.987018
Q_ind_96_anc_6-6,0.991746,0.994926,0.967939,0.999854
Q_ind_97_anc_6-6,0.000283,0.000000,0.000000,0.003118
Q_ind_98_anc_6-6,0.849532,0.850435,0.785640,0.909416
Q_ind_99_anc_6-6,0.000188,0.000000,0.000000,0.002256
Q_ind_100_anc_6-6,0.000517,0.000000,0.000000,0.007441
Q_ind_101_anc_6-6,0.000411,0.000000,0.000000,0.005219
Q_ind_102_anc_6-6,0.001778,0.000000,0.000000,0.019316
Q_ind_103_anc_6-6,0.002251,0.000000,0.000000,0.026398
Q_ind_104_anc_6-6,0.000436,0.000000,0.000000,0.004953
Q_ind_105_anc_6-6,0.000611,0.000000,0.000000,0.007412
Q_ind_106_anc_6-6,0.002453,0.000000,0.000000,0.027172
Q_ind_107_anc_6-6,0.811007,0.811083,0.740177,0.878385
Q_ind_108_anc_6-6,0.910759,0.911538,0.857311,0.963044
Q_ind_109_anc_6-6,0.919439,0.919547,0.869568,0.975868
Q_ind_110_anc_6-6,0.845107,0.845142,0.785638,0.905773
Q_ind_111_anc_6-6,0.967020,0.969512,0.919650,0.998928
Q_ind_112_anc_6-6,0.909955,0.911370,0.861801,0.952354
Q_ind_113_anc_6-6,0.944827,0.945698,0.882109,0.996148
Q_ind_114_anc_6-6,0.918985,0.920718,0.854068,0.972838
Q_ind_115_anc_6-6,0.487449,0.485256,0.387067,0.593088
Q_ind_116_anc_6-6,0.000240,0.000000,0.000000,0.002841
Q_ind_117_anc_6-6,0.000876,0.000000,0.000000,0.011638
Q_ind_118_anc_6-6,0.016893,0.015125,0.000000,0.050993
Q_ind_119_anc_6-6,0.005792,0.000000,0.000000,0.039492
Q_ind_120_anc_6-6,0.000611,0.000000,0.000000,0.007010
Q_ind_121_anc_6-6,0.006687,0.000001,0.000000,0.040433
Q_ind_122_anc_6-6,0.000113,0.000000,0.000000,0.001335
Q_ind_123_anc_6-6,0.000062,0.000000,0.000000,0.000722
Q_ind_124_anc_6-6,0.001347,0.000000,0.000000,0.016659
Q_ind_125_anc_6-6,0.000298,0.000000,0.000000,0.003197
Q_ind_126_anc_6-6,0.000870,0.000000,0.000000,0.011359
Q_ind_127_anc_6-6,0.001079,0.000000,0.000000,0.014748
Q_ind_128_anc_6-6,0.000391,0.000000,0.000000,0.005011
Q_ind_129_anc_6-6,0.000085,0.000000,0.000000,0.000896
Q_ind_130_anc_6-6,0.000351,0.000000,0.000000,0.004702
Q_ind_131_anc_6-6,0.003586,0.000000,0.000000,0.034186
Q_ind_132_anc_6-6,0.000903,0.000000,0.000000,0.011680
Q_ind_133_anc_6-6,0.000066,0.000000,0.000000,0.000741
Q_ind_134_anc_6-6,0.000749,0.000000,0.000000,0.010365
Q_ind_135_anc_6-6,0.004030,0.000000,0.000000,0.027713
Q_ind_136_anc_6-6,0.000234,0.000000,0.000000,0.002786
Q_ind_137_anc_6-6,0.004565,0.000002,0.000000,0.025679
Q_ind_138_anc_6-6,0.000232,0.000000,0.000000,0.002928
Q_ind_139_anc_6-6,0.000473,0.000000,0.000000,0.005939
Q_ind_140_anc_6-6,0.000134,0.000000,0.000000,0.001457
Q_ind_141_anc_6-6,0.000124,0.000000,0.000000,0.001308
Q_ind_142_anc_6-6,0.000217,0.000000,0.000000,0.002529
Q_ind_143_anc_6-6,0.000170,0.000000,0.000000,0.001822
Q_ind_144_anc_6-6,0.000297,0.000000,0.000000,0.004038
Q_ind_145_anc_6-6,0.000504,0.000000,0.000000,0.006231
Q_ind_146_anc_6-6,0.000387,0.000000,0.000000,0.004488
Q_ind_147_anc_6-6,0.000837,0.000000,0.000000,0.010512
Q_ind_148_anc_6-6,0.000190,0.000000,0.000000,0.002280
Q_ind_149_anc_6-6,0.000092,0.000000,0.000000,0.001126
Q_ind_150_anc_6-6,0.000643,0.000000,0.000000,0.008304
Q_ind_151_anc_6-6,0.000410,0.000000,0.000000,0.005560
Q_ind_152_anc_6-6,0.000492,0.000000,0.000000,0.007083
Q_ind_153_anc_6-6,0.000609,0.000000,0.000000,0.008169
Q_ind_154_anc_6-6,0.000317,0.000000,0.000000,0.003773
Q_ind_155_anc_6-6,0.000096,0.000000,0.000000,0.001069
Q_ind_156_anc_6-6,0.000387,0.000000,0.000000,0.004528
Q_ind_157_anc_6-6,0.000252,0.000000,0.000000,0.002962
Q_ind_158_anc_6-6,0.000488,0.000000,0.000000,0.006357
Q_ind_159_anc_6-6,0.000232,0.000000,0.000000,0.003118
Q_ind_160_anc_6-6,0.000195,0.000000,0.000000,0.002065
Q_ind_161_anc_6-6,0.000471,0.000000,0.000000,0.005244
Q_ind_162_anc_6-6,0.000666,0.000000,0.000000,0.008611
Q_ind_163_anc_6-6,0.000163,0.000000,0.000000,0.001913
Q_ind_164_anc_6-6,0.000358,0.000000,0.000000,0.003819
Q_ind_165_anc_6-6,0.001650,0.000000,0.000000,0.020130
Q_ind_166_anc_6-6,0.007097,0.000000,0.000000,0.042564
Q_ind_167_anc_6-6,0.000649,0.000000,0.000000,0.008662
Q_ind_168_anc_6-6,0.000455,0.000000,0.000000,0.005897
Q_ind_169_anc_6-6,0.000331,0.000000,0.000000,0.004035
Q_ind_170_anc_6-6,0.000393,0.000000,0.000000,0.004935
Q_ind_171_anc_6-6,0.000245,0.000000,0.000000,0.002967
Q_ind_172_anc_6-6,0.000344,0.000000,0.000000,0.003977
Q_ind_173_anc_6-6,0.000089,0.000000,0.000000,0.001123
Q_ind_174_anc_6-6,0.000134,0.000000,0.000000,0.001473
Q_ind_175_anc_6-6,0.000260,0.000000,0.000000,0.003207
Q_ind_176_anc_6-6,0.000144,0.000000,0.000000,0.001720
Q_ind_177_anc_6-6,0.000152,0.000000,0.000000,0.001703
Q_ind_178_anc_6-6,0.000084,0.000000,0.000000,0.000893
Q_ind_179_anc_6-6,0.000218,0.000000,0.000000,0.002840
Q_ind_180_anc_6-6,0.000202,0.000000,0.000000,0.002424
Q_ind_181_anc_6-6,0.000459,0.000000,0.000000,0.006090
Q_ind_182_anc_6-6,0.000631,0.000000,0.000000,0.007863
Q_ind_183_anc_6-6,0.001073,0.000000,0.000000,0.012945
Q_ind_184_anc_6-6,0.002863,0.000000,0.000000,0.029572
Q_ind_185_anc_6-6,0.000097,0.000000,0.000000,0.001115
Q_ind_186_anc_6-6,0.000208,0.000000,0.000000,0.002406
Q_ind_187_anc_6-6,0.000582,0.000000,0.000000,0.008064
Q_ind_188_anc_6-6,0.000253,0.000000,0.000000,0.003170
Q_ind_189_anc_6-6,0.000170,0.000000,0.000000,0.002223
Q_ind_190_anc_6-6,0.000732,0.000000,0.000000,0.009537
Q_ind_191_anc_6-6,0.000315,0.000000,0.000000,0.003514
Q_ind_192_anc_6-6,0.000246,0.000000,0.000000,0.003007
Q_ind_193_anc_6-6,0.000336,0.000000,0.000000,0.004211
Q_ind_194_anc_6-6,0.000302,0.000000,0.000000,0.003637
Q_ind_195_anc_6-6,0.000114,0.000000,0.000000,0.001224
Q_ind_196_anc_6-6,0.001484,0.000000,0.000000,0.019507
Q_ind_197_anc_6-6,0.000355,0.000000,0.000000,0.004428
Q_ind_198_anc_6-6,0.000439,0.000000,0.000000,0.005555
Q_ind_199_anc_6-6,0.002119,0.000000,0.000000,0.022921
Q_ind_200_anc_6-6,0.000119,0.000000,0.000000,0.001283
Q_ind_201_anc_6-6,0.000107,0.000000,0.000000,0.001175
Q_ind_202_anc_6-6,0.002153,0.000000,0.000000,0.028145
Q_ind_203_anc_6-6,0.000304,0.000000,0.000000,0.003960
Q_ind_204_anc_6-6,0.004564,0.000000,0.000000,0.051463
Q_ind_205_anc_6-6,0.019969,0.008073,0.000000,0.067107
Q_ind_206_anc_6-6,0.013642,0.000075,0.000000,0.065597
Q_ind_207_anc_6-6,0.006142,0.000000,0.000000,0.046028
Q_ind_208_anc_6-6,0.000118,0.000000,0.000000,0.001312
Q_ind_209_anc_6-6,0.001302,0.000000,0.000000,0.015670
Q_ind_210_anc_6-6,0.004271,0.000000,0.000000,0.045979
Q_ind_211_anc_6-6,0.002141,0.000000,0.000000,0.037764
Q_ind_212_anc_6-6,0.000315,0.000000,0.000000,0.003368
Q_ind_213_anc_6-6,0.002457,0.000000,0.000000,0.035323
Q_ind_214_anc_6-6,0.000733,0.000000,0.000000,0.008975
Q_ind_215_anc_6-6,0.000153,0.000000,0.000000,0.001899
Q_ind_216_anc_6-6,0.000478,0.000000,0.000000,0.005544
Q_ind_217_anc_6-6,0.000152,0.000000,0.000000,0.001958
Q_ind_218_anc_6-6,0.000150,0.000000,0.000000,0.001768
Q_ind_219_anc_6-6,0.000246,0.000000,0.000000,0.003304
Q_ind_220_anc_6-6,0.000075,0.000000,0.000000,0.000898
Q_ind_221_anc_6-6,0.006257,0.000000,0.000000,0.071163
Q_ind_222_anc_6-6,0.000085,0.000000,0.000000,0.001049
Q_ind_1_anc_7-1,0.000170,0.000000,0.000000,0.002018
Q_ind_2_anc_7-1,0.000265,0.000000,0.000000,0.003640
Q_ind_3_anc_7-1,0.000876,0.000000,0.000000,0.012404
Q_ind_4_anc_7-1,0.000461,0.000000,0.000000,0.004411
Q_ind_5_anc_7-1,0.000136,0.000000,0.000000,0.001686
Q_ind_6_anc_7-1,0.000293,0.000000,0.000000,0.003597
Q_ind_7_anc_7-1,0.000380,0.000000,0.000000,0.004415
Q_ind_8_anc_7-1,0.000386,0.000000,0.000000,0.005210
Q_ind_9_anc_7-1,0.000243,0.000000,0.000000,0.002619
Q_ind_10_anc_7-1,0.000134,0.000000,0.000000,0.001450
Q_ind_11_anc_7-1,0.000352,0.000000,0.000000,0.003568
Q_ind_12_anc_7-1,0.000248,0.000000,0.000000,0.002665
Q_ind_13_anc_7-1,0.001211,0.000000,0.000000,0.014656
Q_ind_14_anc_7-1,0.000257,0.000000,0.000000,0.003011
Q_ind_15_anc_7-1,0.001750,0.000000,0.000000,0.027504
Q_ind_16_anc_7-1,0.000295,0.000000,0.000000,0.003350
Q_ind_17_anc_7-1,0.000295,0.000000,0.000000,0.003502
Q_ind_18_anc_7-1,0.002364,0.000000,0.000000,0.028594
Q_ind_19_anc_7-1,0.000538,0.000000,0.000000,0.005707
Q_ind_20_anc_7-1,0.000179,0.000000,0.000000,0.001906
Q_ind_21_anc_7-1,0.000485,0.000000,0.000000,0.005818
Q_ind_22_anc_7-1,0.002995,0.000000,0.000000,0.029393
Q_ind_23_anc_7-1,0.000860,0.000000,0.000000,0.010270
Q_ind_24_anc_7-1,0.000501,0.000000,0.000000,0.005694
Q_ind_25_anc_7-1,0.000551,0.000000,0.000000,0.006124
Q_ind_26_anc_7-1,0.000902,0.000000,0.000000,0.011498
Q_ind_27_anc_7-1,0.000760,0.000000,0.000000,0.010181
Q_ind_28_anc_7-1,0.000755,0.000000,0.000000,0.008649
Q_ind_29_anc_7-1,0.000934,0.000000,0.000000,0.011320
Q_ind_30_anc_7-1,0.000372,0.000000,0.000000,0.004316
Q_ind_31_anc_7-1,0.000458,0.000000,0.000000,0.005491
Q_ind_32_anc_7-1,0.000777,0.000000,0.000000,0.009519
Q_ind_33_anc_7-1,0.000315,0.000000,0.000000,0.004161
Q_ind_34_anc_7-1,0.000296,0.000000,0.000000,0.003698
Q_ind_35_anc_7-1,0.000268,0.000000,0.000000,0.003364
Q_ind_36_anc_7-1,0.000152,0.000000,0.000000,0.001855
Q_ind_37_anc_7-1,0.000659,0.000000,0.000000,0.008399
Q_ind_38_anc_7-1,0.000340,0.000000,0.000000,0.003652
Q_ind_39_anc_7-1,0.001807,0.000000,0.000000,0.025199
Q_ind_40_anc_7-1,0.027501,0.000002,0.000000,0.126902
Q_ind_41_anc_7-1,0.000575,0.000000,0.000000,0.005629
Q_ind_42_anc_7-1,0.000449,0.000000,0.000000,0.005514
Q_ind_43_anc_7-1,0.000733,0.000000,0.000000,0.010718
Q_ind_44_anc_7-1,0.000551,0.000000,0.000000,0.006537
Q_ind_45_anc_7-1,0.001012,0.000000,0.000000,0.011689
Q_ind_46_anc_7-1,0.001920,0.000000,0.000000,0.027053
Q_ind_47_anc_7-1,0.001133,0.000000,0.000000,0.013316
Q_ind_48_anc_7-1,0.000442,0.000000,0.000000,0.004430
Q_ind_49_anc_7-1,0.000669,0.000000,0.000000,0.008726
Q_ind_50_anc_7-1,0.000234,0.000000,0.000000,0.002509
Q_ind_51_anc_7-1,0.000272,0.000000,0.000000,0.003384
Q_ind_52_anc_7-1,0.000503,0.000000,0.000000,0.005807
Q_ind_53_anc_7-1,0.000404,0.000000,0.000000,0.005005
Q_ind_54_anc_7-1,0.000727,0.000000,0.000000,0.008248
Q_ind_55_anc_7-1,0.000494,0.000000,0.000000,0.006607
Q_ind_56_anc_7-1,0.000891,0.000000,0.000000,0.010551
Q_ind_57_anc_7-1,0.000573,0.000000,0.000000,0.006624
Q_ind_58_anc_7-1,0.000278,0.000000,0.000000,0.003259
Q_ind_59_anc_7-1,0.001166,0.000000,0.000000,0.014939
Q_ind_60_anc_7-1,0.001505,0.000000,0.000000,0.015046
Q_ind_61_anc_7-1,0.001097,0.000000,0.000000,0.012901
Q_ind_62_anc_7-1,0.001374,0.000000,0.000000,0.017961
Q_ind_63_anc_7-1,0.030027,0.000039,0.000000,0.150658
Q_ind_64_anc_7-1,0.000849,0.000000,0.000000,0.008238
Q_ind_65_anc_7-1,0.000516,0.000000,0.000000,0.006752
Q_ind_66_anc_7-1,0.007217,0.000000,0.000000,0.081065
Q_ind_67_anc_7-1,0.000300,0.000000,0.000000,0.002372
Q_ind_68_anc_7-1,0.001126,0.000000,0.000000,0.012169
Q_ind_69_anc_7-1,0.002722,0.000000,0.000000,0.036007
Q_ind_70_anc_7-1,0.000466,0.000000,0.000000,0.004720
Q_ind_71_anc_7-1,0.000106,0.000000,0.000000,0.001191
Q_ind_72_anc_7-1,0.000370,0.000000,0.000000,0.003966
Q_ind_73_anc_7-1,0.000259,0.000000,0.000000,0.002848
Q_ind_74_anc_7-1,0.000604,0.000000,0.000000,0.007822
Q_ind_75_anc_7-1,0.000532,0.000000,0.000000,0.006796
Q_ind_76_anc_7-1,0.001200,0.000000,0.000000,0.015411
Q_ind_77_anc_7-1,0.000304,0.000000,0.000000,0.003684
Q_ind_78_anc_7-1,0.000179,0.000000,0.000000,0.001987
Q_ind_79_anc_7-1,0.000602,0.000000,0.000000,0.006850
Q_ind_80_anc_7-1,0.000247,0.000000,0.000000,0.002549
Q_ind_81_anc_7-1,0.000877,0.000000,0.000000,0.011560
Q_ind_82_anc_7-1,0.000300,0.000000,0.000000,0.003872
Q_ind_83_anc_7-1,0.000829,0.000000,0.000000,0.011429
Q_ind_84_anc_7-1,0.001456,0.000000,0.000000,0.018047
Q_ind_85_anc_7-1,0.001297,0.000000,0.000000,0.017126
Q_ind_86_anc_7-1,0.001453,0.000000,0.000000,0.016168
Q_ind_87_anc_7-1,0.000985,0.000000,0.000000,0.010409
Q_ind_88_anc_7-1,0.005523,0.000000,0.000000,0.066580
Q_ind_89_anc_7-1,0.000963,0.000000,0.000000,0.012400
Q_ind_90_anc_7-1,0.000532,0.000000,0.000000,0.006776
Q_ind_91_anc_7-1,0.000183,0.000000,0.000000,0.002290
Q_ind_92_anc_7-1,0.000240,0.000000,0.000000,0.003127
Q_ind_93_anc_7-1,0.000285,0.000000,0.000000,0.003263
Q_ind_94_anc_7-1,0.000172,0.000000,0.000000,0.002013
Q_ind_95_anc_7-1,0.000650,0.000000,0.000000,0.008831
Q_ind_96_anc_7-1,0.000127,0.000000,0.000000,0.001483
Q_ind_97_anc_7-1,0.000155,0.000000,0.000000,0.001568
Q_ind_98_anc_7-1,0.001086,0.000000,0.000000,0.014764
Q_ind_99_anc_7-1,0.000840,0.000000,0.000000,0.009547
Q_ind_100_anc_7-1,0.000803,0.000000,0.000000,0.007867
Q_ind_101_anc_7-1,0.000503,0.000000,0.000000,0.006278
Q_ind_102_anc_7-1,0.000522,0.000000,0.000000,0.007333
Q_ind_103_anc_7-1,0.000716,0.000000,0.000000,0.009430
Q_ind_104_anc_7-1,0.001970,0.000000,0.000000,0.029048
Q_ind_105_anc_7-1,0.000364,0.000000,0.000000,0.004251
Q_ind_106_anc_7-1,0.001267,0.000000,0.000000,0.013724
Q_ind_107_anc_7-1,0.000517,0.000000,0.000000,0.005139
Q_ind_108_anc_7-1,0.001153,0.000000,0.000000,0.014546
Q_ind_109_anc_7-1,0.000622,0.000000,0.000000,0.007984
Q_ind_110_anc_7-1,0.000528,0.000000,0.000000,0.006998
Q_ind_111_anc_7-1,0.000376,0.000000,0.000000,0.004580
Q_ind_112_anc_7-1,0.000467,0.000000,0.000000,0.005250
Q_ind_113_anc_7-1,0.000743,0.000000,0.000000,0.010730
Q_ind_114_anc_7-1,0.000474,0.000000,0.000000,0.004015
Q_ind_115_anc_7-1,0.000269,0.000000,0.000000,0.002587
Q_ind_116_anc_7-1,0.000502,0.000000,0.000000,0.006350
Q_ind_117_anc_7-1,0.000492,0.000000,0.000000,0.005807
Q_ind_118_anc_7-1,0.000272,0.000000,0.000000,0.003186
Q_ind_119_anc_7-1,0.000620,0.000000,0.000000,0.007783
Q_ind_120_anc_7-1,0.000638,0.000000,0.000000,0.008495
Q_ind_121_anc_7-1,0.000703,0.000000,0.000000,0.008400
Q_ind_122_anc_7-1,0.000305,0.000000,0.000000,0.003798
Q_ind_123_anc_7-1,0.000240,0.000000,0.000000,0.002355
Q_ind_124_anc_7-1,0.012390,0.000002,0.000000,0.075170
Q_ind_125_anc_7-1,0.000786,0.000000,0.000000,0.006629
Q_ind_126_anc_7-1,0.003542,0.000000,0.000000,0.042146
Q_ind_127_anc_7-1,0.001333,0.000000,0.000000,0.017388
Q_ind_128_anc_7-1,0.000875,0.000000,0.000000,0.010403
Q_ind_129_anc_7-1,0.000229,0.000000,0.000000,0.002960
Q_ind_130_anc_7-1,0.000228,0.000000,0.000000,0.002650
Q_ind_131_anc_7-1,0.000428,0.000000,0.000000,0.004905
Q_ind_132_anc_7-1,0.002414,0.000000,0.000000,0.031740
Q_ind_133_anc_7-1,0.000319,0.000000,0.000000,0.002840
Q_ind_134_anc_7-1,0.000481,0.000000,0.000000,0.006416
Q_ind_135_anc_7-1,0.000884,0.000000,0.000000,0.009589
Q_ind_136_anc_7-1,0.000161,0.000000,0.000000,0.001826
Q_ind_137_anc_7-1,0.000324,0.000000,0.000000,0.004170
Q_ind_138_anc_7-1,0.000229,0.000000,0.000000,0.002378
Q_ind_139_anc_7-1,0.000136,0.000000,0.000000,0.001647
Q_ind_140_anc_7-1,0.000320,0.000000,0.000000,0.003431
Q_ind_141_anc_7-1,0.000155,0.000000,0.000000,0.001900
Q_ind_142_anc_7-1,0.000697,0.000000,0.000000,0.008988
Q_ind_143_anc_7-1,0.000139,0.000000,0.000000,0.001455
Q_ind_144_anc_7-1,0.000218,0.000000,0.000000,0.002602
Q_ind_145_anc_7-1,0.000584,0.000000,0.000000,0.007065
Q_ind_146_anc_7-1,0.001474,0.000000,0.000000,0.015979
Q_ind_147_anc_7-1,0.000417,0.000000,0.000000,0.004327
Q_ind_148_anc_7-1,0.000407,0.000000,0.000000,0.004609
Q_ind_149_anc_7-1,0.000218,0.000000,0.000000,0.002704
Q_ind_150_anc_7-1,0.002193,0.000000,0.000000,0.027158
Q_ind_151_anc_7-1,0.000919,0.000000,0.000000,0.013118
Q_ind_152_anc_7-1,0.007806,0.000000,0.000000,0.056919
Q_ind_153_anc_7-1,0.010082,0.000000,0.000000,0.065872
Q_ind_154_anc_7-1,0.000749,0.000000,0.000000,0.008976
Q_ind_155_anc_7-1,0.000272,0.000000,0.000000,0.003333
Q_ind_156_anc_7-1,0.009198,0.000000,0.000000,0.069516
Q_ind_157_anc_7-1,0.000761,0.000000,0.000000,0.009140
Q_ind_158_anc_7-1,0.000220,0.000000,0.000000,0.002251
Q_ind_159_anc_7-1,0.000223,0.000000,0.000000,0.002671
Q_ind_160_anc_7-1,0.000193,0.000000,0.000000,0.002039
Q_ind_161_anc_7-1,0.002069,0.000000,0.000000,0.028409
Q_ind_162_anc_7-1,0.000187,0.000000,0.000000,0.002070
Q_ind_163_anc_7-1,0.000279,0.000000,0.000000,0.003325
Q_ind_164_anc_7-1,0.002785,0.000000,0.000000,0.033718
Q_ind_165_anc_7-1,0.001099,0.000000,0.000000,0.012654
Q_ind_166_anc_7-1,0.000890,0.000000,0.000000,0.011750
Q_ind_167_anc_7-1,0.006222,0.000000,0.000000,0.082670
Q_ind_168_anc_7-1,0.000599,0.000000,0.000000,0.005435
Q_ind_169_anc_7-1,0.007329,0.000000,0.000000,0.068225
Q_ind_170_anc_7-1,0.000564,0.000000,0.000000,0.007119
Q_ind_171_anc_7-1,0.000641,0.000000,0.000000,0.010120
Q_ind_172_anc_7-1,0.003556,0.000000,0.000000,0.039564
Q_ind_173_anc_7-1,0.000090,0.000000,0.000000,0.001094
Q_ind_174_anc_7-1,0.000388,0.000000,0.000000,0.004667
Q_ind_175_anc_7-1,0.000120,0.000000,0.000000,0.001459
Q_ind_176_anc_7-1,0.000082,0.000000,0.000000,0.000957
Q_ind_177_anc_7-1,0.000269,0.000000,0.000000,0.003017
Q_ind_178_anc_7-1,0.000273,0.000000,0.000000,0.003018
Q_ind_179_anc_7-1,0.000661,0.000000,0.000000,0.008693
Q_ind_180_anc_7-1,0.002581,0.000000,0.000000,0.034656
Q_ind_181_anc_7-1,0.000522,0.000000,0.000000,0.006399
Q_ind_182_anc_7-1,0.000661,0.000000,0.000000,0.009562
Q_ind_183_anc_7-1,0.000512,0.000000,0.000000,0.006697
Q_ind_184_anc_7-1,0.000385,0.000000,0.000000,0.005114
Q_ind_185_anc_7-1,0.000360,0.000000,0.000000,0.004424
Q_ind_186_anc_7-1,0.000495,0.000000,0.000000,0.005798
Q_ind_187_anc_7-1,0.001995,0.000000,0.000000,0.025425
Q_ind_188_anc_7-1,0.000546,0.000000,0.000000,0.006830
Q_ind_189_anc_7-1,0.000230,0.000000,0.000000,0.002527
Q_ind_190_anc_7-1,0.000383,0.000000,0.000000,0.003601
Q_ind_191_anc_7-1,0.000574,0.000000,0.000000,0.007023
Q_ind_192_anc_7-1,0.005666,0.000000,0.000000,0.054966
Q_ind_193_anc_7-1,0.001174,0.000000,0.000000,0.015805
Q_ind_194_anc_7-1,0.001620,0.000000,0.000000,0.027067
Q_ind_195_anc_7-1,0.000782,0.000000,0.000000,0.010868
Q_ind_196_anc_7-1,0.001199,0.000000,0.000000,0.014143
Q_ind_197_anc_7-1,0.001106,0.000000,0.000000,0.013773
Q_ind_198_anc_7-1,0.003160,0.000000,0.000000,0.052704
Q_ind_199_anc_7-1,0.000700,0.000000,0.000000,0.008077
Q_ind_200_anc_7-1,0.000257,0.000000,0.000000,0.002784
Q_ind_201_anc_7-1,0.000302,0.000000,0.000000,0.003914
Q_ind_202_anc_7-1,0.000626,0.000000,0.000000,0.006868
Q_ind_203_anc_7-1,0.000452,0.000000,0.000000,0.004431
Q_ind_204_anc_7-1,0.001490,0.000000,0.000000,0.019753
Q_ind_205_anc_7-1,0.001490,0.000000,0.000000,0.018516
Q_ind_206_anc_7-1,0.001910,0.000000,0.000000,0.020453
Q_ind_207_anc_7-1,0.000559,0.000000,0.000000,0.005934
Q_ind_208_anc_7-1,0.000446,0.000000,0.000000,0.005919
Q_ind_209_anc_7-1,0.000738,0.000000,0.000000,0.009774
Q_ind_210_anc_7-1,0.000646,0.000000,0.000000,0.007353
Q_ind_211_anc_7-1,0.000706,0.000000,0.000000,0.010589
Q_ind_212_anc_7-1,0.000806,0.000000,0.000000,0.008073
Q_ind_213_anc_7-1,0.000428,0.000000,0.000000,0.004267
Q_ind_214_anc_7-1,0.001181,0.000000,0.000000,0.017646
Q_ind_215_anc_7-1,0.004005,0.000000,0.000000,0.062637
Q_ind_216_anc_7-1,0.000478,0.000000,0.000000,0.006024
Q_ind_217_anc_7-1,0.016207,0.000000,0.000000,0.158565
Q_ind_218_anc_7-1,0.000551,0.000000,0.000000,0.006271
Q_ind_219_anc_7-1,0.000517,0.000000,0.000000,0.006866
Q_ind_220_anc_7-1,0.130285,0.133667,0.000000,0.310888
Q_ind_221_anc_7-1,0.000749,0.000000,0.000000,0.011249
Q_ind_222_anc_7-1,0.058578,0.015824,0.000000,0.233068
Q_ind_1_anc_7-2,0.000408,0.000000,0.000000,0.004686
Q_ind_2_anc_7-2,0.002519,0.000000,0.000000,0.033677
Q_ind_3_anc_7-2,0.000793,0.000000,0.000000,0.010449
Q_ind_4_anc_7-2,0.001041,0.000000,0.000000,0.012465
Q_ind_5_anc_7-2,0.000433,0.000000,0.000000,0.005544
Q_ind_6_anc_7-2,0.004015,0.000000,0.000000,0.038086
Q_ind_7_anc_7-2,0.002377,0.000000,0.000000,0.030952
Q_ind_8_anc_7-2,0.000872,0.000000,0.000000,0.009745
Q_ind_9_anc_7-2,0.001068,0.000000,0.000000,0.013105
Q_ind_10_anc_7-2,0.000562,0.000000,0.000000,0.006645
Q_ind_11_anc_7-2,0.000499,0.000000,0.000000,0.006025
Q_ind_12_anc_7-2,0.000329,0.000000,0.000000,0.004266
Q_ind_13_anc_7-2,0.000333,0.000000,0.000000,0.003311
Q_ind_14_anc_7-2,0.000231,0.000000,0.000000,0.003174
Q_ind_15_anc_7-2,0.001266,0.000000,0.000000,0.017280
Q_ind_16_anc_7-2,0.000387,0.000000,0.000000,0.004491
Q_ind_17_anc_7-2,0.001616,0.000000,0.000000,0.021277
Q_ind_18_anc_7-2,0.000832,0.000000,0.000000,0.011540
Q_ind_19_anc_7-2,0.000407,0.000000,0.000000,0.004912
Q_ind_20_anc_7-2,0.000173,0.000000,0.000000,0.001841
Q_ind_21_anc_7-2,0.001572,0.000000,0.000000,0.021376
Q_ind_22_anc_7-2,0.005988,0.000000,0.000000,0.059469
Q_ind_23_anc_7-2,0.003237,0.000000,0.000000,0.046826
Q_ind_24_anc_7-2,0.000908,0.000000,0.000000,0.010120
Q_ind_25_anc_7-2,0.000548,0.000000,0.000000,0.006858
Q_ind_26_anc_7-2,0.010799,0.000000,0.000000,0.085577
Q_ind_27_anc_7-2,0.000594,0.000000,0.000000,0.007183
Q_ind_28_anc_7-2,0.003218,0.000000,0.000000,0.040666
Q_ind_29_anc_7-2,0.000645,0.000000,0.000000,0.009183
Q_ind_30_anc_7-2,0.000459,0.000000,0.000000,0.004655
Q_ind_31_anc_7-2,0.000533,0.000000,0.000000,0.006783
Q_ind_32_anc_7-2,0.006074,0.000000,0.000000,0.047029
Q_ind_33_anc_7-2,0.000751,0.000000,0.000000,0.008579
Q_ind_34_anc_7-2,0.000362,0.000000,0.000000,0.004046
Q_ind_35_anc_7-2,0.000686,0.000000,0.000000,0.009196
Q_ind_36_anc_7-2,0.000112,0.000000,0.000000,0.001257
Q_ind_37_anc_7-2,0.000391,0.000000,0.000000,0.004755
Q_ind_38_anc_7-2,0.000736,0.000000,0.000000,0.008878
Q_ind_39_anc_7-2,0.002281,0.000000,0.000000,0.031132
Q_ind_40_anc_7-2,0.008547,0.000000,0.000000,0.075202
Q_ind_41_anc_7-2,0.000454,0.000000,0.000000,0.005824
Q_ind_42_anc_7-2,0.000188,0.000000,0.000000,0.002258
Q_ind_43_anc_7-2,0.000343,0.000000,0.000000,0.004376
Q_ind_44_anc_7-2,0.000454,0.000000,0.000000,0.004810
Q_ind_45_anc_7-2,0.000436,0.000000,0.000000,0.005392
Q_ind_46_anc_7-2,0.000429,0.000000,0.000000,0.005402
Q_ind_47_anc_7-2,0.000227,0.000000,0.000000,0.002539
Q_ind_48_anc_7-2,0.000292,0.000000,0.000000,0.003483
Q_ind_49_anc_7-2,0.000319,0.000000,0.000000,0.003866
Q_ind_50_anc_7-2,0.000254,0.000000,0.000000,0.002725
Q_ind_51_anc_7-2,0.000207,0.000000,0.000000,0.002560
Q_ind_52_anc_7-2,0.000229,0.000000,0.000000,0.002513
Q_ind_53_anc_7-2,0.000197,0.000000,0.000000,0.002211
Q_ind_54_anc_7-2,0.000179,0.000000,0.000000,0.001622
Q_ind_55_anc_7-2,0.000352,0.000000,0.000000,0.004262
Q_ind_56_anc_7-2,0.000198,0.000000,0.000000,0.002253
Q_ind_57_anc_7-2,0.000269,0.000000,0.000000,0.003147
Q_ind_58_anc_7-2,0.000466,0.000000,0.000000,0.006639
Q_ind_59_anc_7-2,0.000206,0.000000,0.000000,0.002370
Q_ind_60_anc_7-2,0.000315,0.000000,0.000000,0.003950
Q_ind_61_anc_7-2,0.001056,0.000000,0.000000,0.012640
Q_ind_62_anc_7-2,0.000698,0.000000,0.000000,0.008924
Q_ind_63_anc_7-2,0.000266,0.000000,0.000000,0.003277
Q_ind_64_anc_7-2,0.000935,0.000000,0.000000,0.013180
Q_ind_65_anc_7-2,0.000408,0.000000,0.000000,0.005312
Q_ind_66_anc_7-2,0.000748,0.000000,0.000000,0.009029
Q_ind_67_anc_7-2,0.000237,0.000000,0.000000,0.003248
Q_ind_68_anc_7-2,0.000273,0.000000,0.000000,0.003388
Q_ind_69_anc_7-2,0.000522,0.000000,0.000000,0.007041
Q_ind_70_anc_7-2,0.004021,0.000000,0.000000,0.050162
Q_ind_71_anc_7-2,0.001431,0.000000,0.000000,0.020265
Q_ind_72_anc_7-2,0.002418,0.000000,0.000000,0.032536
Q_ind_73_anc_7-2,0.001129,0.000000,0.000000,0.011560
Q_ind_74_anc_7-2,0.000880,0.000000,0.000000,0.011158
Q_ind_75_anc_7-2,0.001368,0.000000,0.000000,0.013208
Q_ind_76_anc_7-2,0.002213,0.000000,0.000000,0.029423
Q_ind_77_anc_7-2,0.000711,0.000000,0.000000,0.009400
Q_ind_78_anc_7-2,0.004712,0.000000,0.000000,0.053247
Q_ind_79_anc_7-2,0.001317,0.000000,0.000000,0.018590
Q_ind_80_anc_7-2,0.000571,0.000000,0.000000,0.006775
Q_ind_81_anc_7-2,0.005975,0.000000,0.000000,0.054711
Q_ind_82_anc_7-2,0.000429,0.000000,0.000000,0.004192
Q_ind_83_anc_7-2,0.000845,0.000000,0.000000,0.009720
Q_ind_84_anc_7-2,0.000321,0.000000,0.000000,0.003637
Q_ind_85_anc_7-2,0.001369,0.000000,0.000000,0.018832
Q_ind_86_anc_7-2,0.000645,0.000000,0.000000,0.007784
Q_ind_87_anc_7-2,0.000548,0.000000,0.000000,0.006051
Q_ind_88_anc_7-2,0.001221,0.000000,0.000000,0.016809
Q_ind_89_anc_7-2,0.000457,0.000000,0.000000,0.005331
Q_ind_90_anc_7-2,0.000336,0.000000,0.000000,0.003624
Q_ind_91_anc_7-2,0.000215,0.000000,0.000000,0.002251
Q_ind_92_anc_7-2,0.000146,0.000000,0.000000,0.001492
Q_ind_93_anc_7-2,0.000235,0.000000,0.000000,0.002889
Q_ind_94_anc_7-2,0.000093,0.000000,0.000000,0.001047
Q_ind_95_anc_7-2,0.000252,0.000000,0.000000,0.003100
Q_ind_96_anc_7-2,0.000107,0.000000,0.000000,0.001280
Q_ind_97_anc_7-2,0.000183,0.000000,0.000000,0.002124
Q_ind_98_anc_7-2,0.002506,0.000000,0.000000,0.037418
Q_ind_99_anc_7-2,0.000854,0.000000,0.000000,0.010385
Q_ind_100_anc_7-2,0.000461,0.000000,0.000000,0.004850
Q_ind_101_anc_7-2,0.000591,0.000000,0.000000,0.006453
Q_ind_102_anc_7-2,0.001971,0.000000,0.000000,0.026604
Q_ind_103_anc_7-2,0.000800,0.000000,0.000000,0.007410
Q_ind_104_anc_7-2,0.001650,0.000000,0.000000,0.022758
Q_ind_105_anc_7-2,0.001664,0.000000,0.000000,0.018883
Q_ind_106_anc_7-2,0.005677,0.000000,0.000000,0.080313
Q_ind_107_anc_7-2,0.000166,0.000000,0.000000,0.001711
Q_ind_108_anc_7-2,0.000401,0.000000,0.000000,0.003649
Q_ind_109_anc_7-2,0.000337,0.000000,0.000000,0.003954
Q_ind_110_anc_7-2,0.000355,0.000000,0.000000,0.004534
Q_ind_111_anc_7-2,0.000136,0.000000,0.000000,0.001839
Q_ind_112_anc_7-2,0.000243,0.000000,0.000000,0.003243
Q_ind_113_anc_7-2,0.000516,0.000000,0.000000,0.006758
Q_ind_114_anc_7-2,0.000463,0.000000,0.000000,0.005777
Q_ind_115_anc_7-2,0.000214,0.000000,0.000000,0.002170
Q_ind_116_anc_7-2,0.000524,0.000000,0.000000,0.005742
Q_ind_117_anc_7-2,0.000507,0.000000,0.000000,0.006547
Q_ind_118_anc_7-2,0.000717,0.000000,0.000000,0.008307
Q_ind_119_anc_7-2,0.001405,0.000000,0.000000,0.018427
Q_ind_120_anc_7-2,0.001548,0.000000,0.000000,0.021024
Q_ind_121_anc_7-2,0.001332,0.000000,0.000000,0.018620
Q_ind_122_anc_7-2,0.007699,0.000000,0.000000,0.111734
Q_ind_123_anc_7-2,0.000689,0.000000,0.000000,0.008176
Q_ind_124_anc_7-2,0.003870,0.000000,0.000000,0.054054
Q_ind_125_anc_7-2,0.000836,0.000000,0.000000,0.007949
Q_ind_126_anc_7-2,0.001378,0.000000,0.000000,0.016464
Q_ind_127_anc_7-2,0.001047,0.000000,0.000000,0.012621
Q_ind_128_anc_7-2,0.000602,0.000000,0.000000,0.007745
Q_ind_129_anc_7-2,0.002459,0.000000,0.000000,0.038463
Q_ind_130_anc_7-2,0.000859,0.000000,0.000000,0.010980
Q_ind_131_anc_7-2,0.000465,0.000000,0.000000,0.005817
Q_ind_132_anc_7-2,0.000525,0.000000,0.000000,0.006268
Q_ind_133_anc_7-2,0.000362,0.000000,0.000000,0.004110
Q_ind_134_anc_7-2,0.000460,0.000000,0.000000,0.005026
Q_ind_135_anc_7-2,0.000508,0.000000,0.000000,0.005531
Q_ind_136_anc_7-2,0.001608,0.000000,0.000000,0.019899
Q_ind_137_anc_7-2,0.000533,0.000000,0.000000,0.006037
Q_ind_138_anc_7-2,0.000533,0.000000,0.000000,0.006912
Q_ind_139_anc_7-2,0.000594,0.000000,0.000000,0.007420
Q_ind_140_anc_7-2,0.000227,0.000000,0.000000,0.002410
Q_ind_141_anc_7-2,0.000113,0.000000,0.000000,0.001321
Q_ind_142_anc_7-2,0.000784,0.000000,0.000000,0.010088
Q_ind_143_anc_7-2,0.000237,0.000000,0.000000,0.002521
Q_ind_144_anc_7-2,0.000732,0.000000,0.000000,0.009672
Q_ind_145_anc_7-2,0.000717,0.000000,0.000000,0.007933
Q_ind_146_anc_7-2,0.001505,0.000000,0.000000,0.020482
Q_ind_147_anc_7-2,0.000331,0.000000,0.000000,0.004052
Q_ind_148_anc_7-2,0.003114,0.000000,0.000000,0.035555
Q_ind_149_anc_7-2,0.021046,0.000000,0.000000,0.185433
Q_ind_150_anc_7-2,0.002535,0.000000,0.000000,0.029677
Q_ind_151_anc_7-2,0.000912,0.000000,0.000000,0.011502
Q_ind_152_anc_7-2,0.001178,0.000000,0.000000,0.014908
Q_ind_153_anc_7-2,0.008552,0.000000,0.000000,0.098740
Q_ind_154_anc_7-2,0.005094,0.000000,0.000000,0.065549
Q_ind_155_anc_7-2,0.015678,0.000000,0.000000,0.144214
Q_ind_156_anc_7-2,0.000852,0.000000,0.000000,0.009441
Q_ind_157_anc_7-2,0.009748,0.000000,0.000000,0.099981
Q_ind_158_anc_7-2,0.000674,0.000000,0.000000,0.009397
Q_ind_159_anc_7-2,0.005268,0.000000,0.000000,0.063854
Q_ind_160_anc_7-2,0.000279,0.000000,0.000000,0.002604
Q_ind_161_anc_7-2,0.001465,0.000000,0.000000,0.018757
Q_ind_162_anc_7-2,0.000822,0.000000,0.000000,0.009977
Q_ind_163_anc_7-2,0.000266,0.000000,0.000000,0.003098
Q_ind_164_anc_7-2,0.158109,0.157672,0.068200,0.254226
Q_ind_165_anc_7-2,0.000575,0.000000,0.000000,0.005742
Q_ind_166_anc_7-2,0.001317,0.000000,0.000000,0.016610
Q_ind_167_anc_7-2,0.000635,0.000000,0.000000,0.008570
Q_ind_168_anc_7-2,0.000395,0.000000,0.000000,0.005368
Q_ind_169_anc_7-2,0.000405,0.000000,0.000000,0.004799
Q_ind_170_anc_7-2,0.000706,0.000000,0.000000,0.008987
Q_ind_171_anc_7-2,0.000402,0.000000,0.000000,0.005464
Q_ind_172_anc_7-2,0.004390,0.000000,0.000000,0.046183
Q_ind_173_anc_7-2,0.000072,0.000000,0.000000,0.000878
Q_ind_174_anc_7-2,0.000608,0.000000,0.000000,0.008070
Q_ind_175_anc_7-2,0.000158,0.000000,0.000000,0.001727
Q_ind_176_anc_7-2,0.000105,0.000000,0.000000,0.001251
Q_ind_177_anc_7-2,0.001821,0.000000,0.000000,0.028679
Q_ind_178_anc_7-2,0.000185,0.000000,0.000000,0.002059
Q_ind_179_anc_7-2,0.001250,0.000000,0.000000,0.016332
Q_ind_180_anc_7-2,0.002521,0.000000,0.000000,0.032077
Q_ind_181_anc_7-2,0.001169,0.000000,0.000000,0.017388
Q_ind_182_anc_7-2,0.000868,0.000000,0.000000,0.009980
Q_ind_183_anc_7-2,0.000634,0.000000,0.000000,0.008221
Q_ind_184_anc_7-2,0.001523,0.000000,0.000000,0.020032
Q_ind_185_anc_7-2,0.000513,0.000000,0.000000,0.005839
Q_ind_186_anc_7-2,0.000425,0.000000,0.000000,0.005205
Q_ind_187_anc_7-2,0.001183,0.000000,0.000000,0.015878
Q_ind_188_anc_7-2,0.000311,0.000000,0.000000,0.003760
Q_ind_189_anc_7-2,0.000253,0.000000,0.000000,0.002738
Q_ind_190_anc_7-2,0.000907,0.000000,0.000000,0.010952
Q_ind_191_anc_7-2,0.000808,0.000000,0.000000,0.009226
Q_ind_192_anc_7-2,0.016614,0.000000,0.000000,0.117456
Q_ind_193_anc_7-2,0.000951,0.000000,0.000000,0.011950
Q_ind_194_anc_7-2,0.001564,0.000000,0.000000,0.018763
Q_ind_195_anc_7-2,0.003140,0.000000,0.000000,0.035297
Q_ind_196_anc_7-2,0.001600,0.000000,0.000000,0.019920
Q_ind_197_anc_7-2,0.000781,0.000000,0.000000,0.010376
Q_ind_198_anc_7-2,0.009078,0.000000,0.000000,0.090061
Q_ind_199_anc_7-2,0.000905,0.000000,0.000000,0.011706
Q_ind_200_anc_7-2,0.000275,0.000000,0.000000,0.003681
Q_ind_201_anc_7-2,0.000460,0.000000,0.000000,0.005343
Q_ind_202_anc_7-2,0.000559,0.000000,0.000000,0.007245
Q_ind_203_anc_7-2,0.000290,0.000000,0.000000,0.003533
Q_ind_204_anc_7-2,0.000504,0.000000,0.000000,0.006225
Q_ind_205_anc_7-2,0.000320,0.000000,0.000000,0.003408
Q_ind_206_anc_7-2,0.000341,0.000000,0.000000,0.004163
Q_ind_207_anc_7-2,0.001182,0.000000,0.000000,0.014897
Q_ind_208_anc_7-2,0.000246,0.000000,0.000000,0.003046
Q_ind_209_anc_7-2,0.000293,0.000000,0.000000,0.003131
Q_ind_210_anc_7-2,0.000343,0.000000,0.000000,0.004438
Q_ind_211_anc_7-2,0.001504,0.000000,0.000000,0.024989
Q_ind_212_anc_7-2,0.000354,0.000000,0.000000,0.004832
Q_ind_213_anc_7-2,0.000638,0.000000,0.000000,0.008310
Q_ind_214_anc_7-2,0.000493,0.000000,0.000000,0.006112
Q_ind_215_anc_7-2,0.000192,0.000000,0.000000,0.001974
Q_ind_216_anc_7-2,0.000136,0.000000,0.000000,0.001261
Q_ind_217_anc_7-2,0.000347,0.000000,0.000000,0.004076
Q_ind_218_anc_7-2,0.000239,0.000000,0.000000,0.002999
Q_ind_219_anc_7-2,0.000690,0.000000,0.000000,0.007600
Q_ind_220_anc_7-2,0.000195,0.000000,0.000000,0.002228
Q_ind_221_anc_7-2,0.002131,0.000000,0.000000,0.024845
Q_ind_222_anc_7-2,0.000182,0.000000,0.000000,0.002049
Q_ind_1_anc_7-3,0.000269,0.000000,0.000000,0.003356
Q_ind_2_anc_7-3,0.001267,0.000000,0.000000,0.016395
Q_ind_3_anc_7-3,0.000888,0.000000,0.000000,0.012594
Q_ind_4_anc_7-3,0.000509,0.000000,0.000000,0.006636
Q_ind_5_anc_7-3,0.000177,0.000000,0.000000,0.002144
Q_ind_6_anc_7-3,0.001687,0.000000,0.000000,0.023211
Q_ind_7_anc_7-3,0.000468,0.000000,0.000000,0.005916
Q_ind_8_anc_7-3,0.000349,0.000000,0.000000,0.004396
Q_ind_9_anc_7-3,0.001472,0.000000,0.000000,0.020210
Q_ind_10_anc_7-3,0.000301,0.000000,0.000000,0.003679
Q_ind_11_anc_7-3,0.000468,0.000000,0.000000,0.005975
Q_ind_12_anc_7-3,0.000531,0.000000,0.000000,0.006455
Q_ind_13_anc_7-3,0.000182,0.000000,0.000000,0.002178
Q_ind_14_anc_7-3,0.000421,0.000000,0.000000,0.004362
Q_ind_15_anc_7-3,0.000667,0.000000,0.000000,0.008393
Q_ind_16_anc_7-3,0.000198,0.000000,0.000000,0.002636
Q_ind_17_anc_7-3,0.000224,0.000000,0.000000,0.002618
Q_ind_18_anc_7-3,0.000237,0.000000,0.000000,0.002537
Q_ind_19_anc_7-3,0.000308,0.000000,0.000000,0.003939
Q_ind_20_anc_7-3,0.000106,0.000000,0.000000,0.001220
Q_ind_21_anc_7-3,0.000176,0.000000,0.000000,0.001973
Q_ind_22_anc_7-3,0.000514,0.000000,0.000000,0.006426
Q_ind_23_anc_7-3,0.000268,0.000000,0.000000,0.003304
Q_ind_24_anc_7-3,0.001356,0.000000,0.000000,0.018860
Q_ind_25_anc_7-3,0.000301,0.000000,0.000000,0.004144
Q_ind_26_anc_7-3,0.000381,0.000000,0.000000,0.004841
Q_ind_27_anc_7-3,0.000211,0.000000,0.000000,0.002092
Q_ind_28_anc_7-3,0.000844,0.000000,0.000000,0.011800
Q_ind_29_anc_7-3,0.000620,0.000000,0.000000,0.007884
Q_ind_30_anc_7-3,0.000338,0.000000,0.000000,0.004313
Q_ind_31_anc_7-3,0.000212,0.000000,0.000000,0.002546
Q_ind_32_anc_7-3,0.001864,0.000000,0.000000,0.025693
Q_ind_33_anc_7-3,0.000540,0.000000,0.000000,0.006950
Q_ind_34_anc_7-3,0.000405,0.000000,0.000000,0.005245
Q_ind_35_anc_7-3,0.000534,0.000000,0.000000,0.005870
Q_ind_36_anc_7-3,0.000456,0.000000,0.000000,0.005573
Q_ind_37_anc_7-3,0.000523,0.000000,0.000000,0.006190
Q_ind_38_anc_7-3,0.001099,0.000000,0.000000,0.013884
Q_ind_39_anc_7-3,0.000271,0.000000,0.000000,0.003377
Q_ind_40_anc_7-3,0.031299,0.000006,0.000000,0.130048
Q_ind_41_anc_7-3,0.008794,0.000000,0.000000,0.112482
Q_ind_42_anc_7-3,0.000247,0.000000,0.000000,0.003133
Q_ind_43_anc_7-3,0.000217,0.000000,0.000000,0.002750
Q_ind_44_anc_7-3,0.000729,0.000000,0.000000,0.010440
Q_ind_45_anc_7-3,0.000413,0.000000,0.000000,0.005872
Q_ind_46_anc_7-3,0.000546,0.000000,0.000000,0.006515
Q_ind_47_anc_7-3,0.000268,0.000000,0.000000,0.002862
Q_ind_48_anc_7-3,0.000156,0.000000,0.000000,0.001894
Q_ind_49_anc_7-3,0.000274,0.000000,0.000000,0.003716
Q_ind_50_anc_7-3,0.000147,0.000000,0.000000,0.001689
Q_ind_51_anc_7-3,0.000097,0.000000,0.000000,0.001152
Q_ind_52_anc_7-3,0.000174,0.000000,0.000000,0.002227
Q_ind_53_anc_7-3,0.000153,0.000000,0.000000,0.001595
Q_ind_54_anc_7-3,0.000203,0.000000,0.000000,0.002156
Q_ind_55_anc_7-3,0.000261,0.000000,0.000000,0.003216
Q_ind_56_anc_7-3,0.000124,0.000000,0.000000,0.001364
Q_ind_57_anc_7-3,0.000239,0.000000,0.000000,0.003015
Q_ind_58_anc_7-3,0.000137,0.000000,0.000000,0.001438
Q_ind_59_anc_7-3,0.000342,0.000000,0.000000,0.004523
Q_ind_60_anc_7-3,0.000798,0.000000,0.000000,0.010350
Q_ind_61_anc_7-3,0.000228,0.000000,0.000000,0.002706
Q_ind_62_anc_7-3,0.000149,0.000000,0.000000,0.001814
Q_ind_63_anc_7-3,0.000125,0.000000,0.000000,0.001409
Q_ind_64_anc_7-3,0.000113,0.000000,0.000000,0.001120
Q_ind_65_anc_7-3,0.000320,0.000000,0.000000,0.003396
Q_ind_66_anc_7-3,0.000268,0.000000,0.000000,0.003008
Q_ind_67_anc_7-3,0.000163,0.000000,0.000000,0.002039
Q_ind_68_anc_7-3,0.000263,0.000000,0.000000,0.003179
Q_ind_69_anc_7-3,0.000174,0.000000,0.000000,0.002220
Q_ind_70_anc_7-3,0.000311,0.000000,0.000000,0.004229
Q_ind_71_anc_7-3,0.000136,0.000000,0.000000,0.001383
Q_ind_72_anc_7-3,0.000245,0.000000,0.000000,0.002715
Q_ind_73_anc_7-3,0.000167,0.000000,0.000000,0.001947
Q_ind_74_anc_7-3,0.001031,0.000000,0.000000,0.014813
Q_ind_75_anc_7-3,0.000464,0.000000,0.000000,0.005807
Q_ind_76_anc_7-3,0.000400,0.000000,0.000000,0.005297
Q_ind_77_anc_7-3,0.000508,0.000000,0.000000,0.006391
Q_ind_78_anc_7-3,0.000876,0.000000,0.000000,0.011934
Q_ind_79_anc_7-3,0.000213,0.000000,0.000000,0.002684
Q_ind_80_anc_7-3,0.000197,0.000000,0.000000,0.002187
Q_ind_81_anc_7-3,0.001163,0.000000,0.000000,0.015277
Q_ind_82_anc_7-3,0.000997,0.000000,0.000000,0.013400
Q_ind_83_anc_7-3,0.002551,0.000000,0.000000,0.034659
Q_ind_84_anc_7-3,0.002664,0.000000,0.000000,0.031263
Q_ind_85_anc_7-3,0.002867,0.000000,0.000000,0.028537
Q_ind_86_anc_7-3,0.000682,0.000000,0.000000,0.010022
Q_ind_87_anc_7-3,0.000236,0.000000,0.000000,0.002310
Q_ind_88_anc_7-3,0.003937,0.000000,0.000000,0.042892
Q_ind_89_anc_7-3,0.000312,0.000000,0.000000,0.003610
Q_ind_90_anc_7-3,0.000222,0.000000,0.000000,0.002960
Q_ind_91_anc_7-3,0.000149,0.000000,0.000000,0.001704
Q_ind_92_anc_7-3,0.000107,0.000000,0.000000,0.001268
Q_ind_93_anc_7-3,0.000138,0.000000,0.000000,0.001448
Q_ind_94_anc_7-3,0.000207,0.000000,0.000000,0.002585
Q_ind_95_anc_7-3,0.000177,0.000000,0.000000,0.001892
Q_ind_96_anc_7-3,0.000115,0.000000,0.000000,0.001413
Q_ind_97_anc_7-3,0.000113,0.000000,0.000000,0.001403
Q_ind_98_anc_7-3,0.000213,0.000000,0.000000,0.002645
Q_ind_99_anc_7-3,0.000270,0.000000,0.000000,0.002530
Q_ind_100_anc_7-3,0.000802,0.000000,0.000000,0.010100
Q_ind_101_anc_7-3,0.002840,0.000000,0.000000,0.046031
Q_ind_102_anc_7-3,0.000407,0.000000,0.000000,0.005126
Q_ind_103_anc_7-3,0.000509,0.000000,0.000000,0.005344
Q_ind_104_anc_7-3,0.001103,0.000000,0.000000,0.013633
Q_ind_105_anc_7-3,0.004253,0.000000,0.000000,0.061939
Q_ind_106_anc_7-3,0.001705,0.000000,0.000000,0.021887
Q_ind_107_anc_7-3,0.000173,0.000000,0.000000,0.002135
Q_ind_108_anc_7-3,0.000534,0.000000,0.000000,0.006972
Q_ind_109_anc_7-3,0.000197,0.000000,0.000000,0.002277
Q_ind_110_anc_7-3,0.000165,0.000000,0.000000,0.002072
Q_ind_111_anc_7-3,0.000227,0.000000,0.000000,0.003053
Q_ind_112_anc_7-3,0.000219,0.000000,0.000000,0.002689
Q_ind_113_anc_7-3,0.000138,0.000000,0.000000,0.001650
Q_ind_114_anc_7-3,0.000119,0.000000,0.000000,0.001373
Q_ind_115_anc_7-3,0.000127,0.000000,0.000000,0.001676
Q_ind_116_anc_7-3,0.000277,0.000000,0.000000,0.003621
Q_ind_117_anc_7-3,0.001621,0.000000,0.000000,0.022180
Q_ind_118_anc_7-3,0.001297,0.000000,0.000000,0.017262
Q_ind_119_anc_7-3,0.001141,0.000000,0.000000,0.015310
Q_ind_120_anc_7-3,0.000586,0.000000,0.000000,0.007899
Q_ind_121_anc_7-3,0.001725,0.000000,0.000000,0.021981
Q_ind_122_anc_7-3,0.000332,0.000000,0.000000,0.003419
Q_ind_123_anc_7-3,0.000114,0.000000,0.000000,0.001191
Q_ind_124_anc_7-3,0.002141,0.000000,0.000000,0.028004
Q_ind_125_anc_7-3,0.000386,0.000000,0.000000,0.004345
Q_ind_126_anc_7-3,0.000729,0.000000,0.000000,0.008729
Q_ind_127_anc_7-3,0.000224,0.000000,0.000000,0.002813
Q_ind_128_anc_7-3,0.000459,0.000000,0.000000,0.005789
Q_ind_129_anc_7-3,0.000096,0.000000,0.000000,0.001213
Q_ind_130_anc_7-3,0.000249,0.000000,0.000000,0.003091
Q_ind_131_anc_7-3,0.000440,0.000000,0.000000,0.005635
Q_ind_132_anc_7-3,0.000530,0.000000,0.000000,0.006113
Q_ind_133_anc_7-3,0.000140,0.000000,0.000000,0.001604
Q_ind_134_anc_7-3,0.000409,0.000000,0.000000,0.004724
Q_ind_135_anc_7-3,0.000467,0.000000,0.000000,0.005666
Q_ind_136_anc_7-3,0.000454,0.000000,0.000000,0.006322
Q_ind_137_anc_7-3,0.000621,0.000000,0.000000,0.008212
Q_ind_138_anc_7-3,0.000232,0.000000,0.000000,0.002757
Q_ind_139_anc_7-3,0.000311,0.000000,0.000000,0.003931
Q_ind_140_anc_7-3,0.000463,0.000000,0.000000,0.005944
Q_ind_141_anc_7-3,0.000122,0.000000,0.000000,0.001595
Q_ind_142_anc_7-3,0.000148,0.000000,0.000000,0.001531
Q_ind_143_anc_7-3,0.000542,0.000000,0.000000,0.007146
Q_ind_144_anc_7-3,0.000486,0.000000,0.000000,0.005879
Q_ind_145_anc_7-3,0.000519,0.000000,0.000000,0.006466
Q_ind_146_anc_7-3,0.000644,0.000000,0.000000,0.008315
Q_ind_147_anc_7-3,0.000193,0.000000,0.000000,0.002140
Q_ind_148_anc_7-3,0.000366,0.000000,0.000000,0.004503
Q_ind_149_anc_7-3,0.000259,0.000000,0.000000,0.002944
Q_ind_150_anc_7-3,0.000248,0.000000,0.000000,0.002656
Q_ind_151_anc_7-3,0.000155,0.000000,0.000000,0.001889
Q_ind_152_anc_7-3,0.000222,0.000000,0.000000,0.002767
Q_ind_153_anc_7-3,0.000205,0.000000,0.000000,0.002622
Q_ind_154_anc_7-3,0.000338,0.000000,0.000000,0.003832
Q_ind_155_anc_7-3,0.000301,0.000000,0.000000,0.003965
Q_ind_156_anc_7-3,0.000557,0.000000,0.000000,0.007201
Q_ind_157_anc_7-3,0.000446,0.000000,0.000000,0.005552
Q_ind_158_anc_7-3,0.000133,0.000000,0.000000,0.001541
Q_ind_159_anc_7-3,0.000264,0.000000,0.000000,0.002977
Q_ind_160_anc_7-3,0.000295,0.000000,0.000000,0.004128
Q_ind_161_anc_7-3,0.000464,0.000000,0.000000,0.005589
Q_ind_162_anc_7-3,0.000578,0.000000,0.000000,0.007009
Q_ind_163_anc_7-3,0.000240,0.000000,0.000000,0.002798
Q_ind_164_anc_7-3,0.000261,0.000000,0.000000,0.003013
Q_ind_165_anc_7-3,0.000332,0.000000,0.000000,0.003859
Q_ind_166_anc_7-3,0.000369,0.000000,0.000000,0.004267
Q_ind_167_anc_7-3,0.000479,0.000000,0.000000,0.006183
Q_ind_168_anc_7-3,0.000336,0.000000,0.000000,0.003669
Q_ind_169_anc_7-3,0.000332,0.000000,0.000000,0.004117
Q_ind_170_anc_7-3,0.000409,0.000000,0.000000,0.004880
Q_ind_171_anc_7-3,0.000426,0.000000,0.000000,0.005693
Q_ind_172_anc_7-3,0.001224,0.000000,0.000000,0.014502
Q_ind_173_anc_7-3,0.000092,0.000000,0.000000,0.001153
Q_ind_174_anc_7-3,0.000341,0.000000,0.000000,0.003886
Q_ind_175_anc_7-3,0.000131,0.000000,0.000000,0.001393
Q_ind_176_anc_7-3,0.000100,0.000000,0.000000,0.001102
Q_ind_177_anc_7-3,0.000394,0.000000,0.000000,0.004770
Q_ind_178_anc_7-3,0.000145,0.000000,0.000000,0.001720
Q_ind_179_anc_7-3,0.000493,0.000000,0.000000,0.006398
Q_ind_180_anc_7-3,0.002364,0.000000,0.000000,0.029140
Q_ind_181_anc_7-3,0.001024,0.000000,0.000000,0.013471
Q_ind_182_anc_7-3,0.000362,0.000000,0.000000,0.004751
Q_ind_183_anc_7-3,0.000257,0.000000,0.000000,0.003240
Q_ind_184_anc_7-3,0.000293,0.000000,0.000000,0.003547
Q_ind_185_anc_7-3,0.000264,0.000000,0.000000,0.003123
Q_ind_186_anc_7-3,0.000467,0.000000,0.000000,0.005295
Q_ind_187_anc_7-3,0.001028,0.000000,0.000000,0.013546
Q_ind_188_anc_7-3,0.000599,0.000000,0.000000,0.007300
Q_ind_189_anc_7-3,0.000132,0.000000,0.000000,0.001571
Q_ind_190_anc_7-3,0.000258,0.000000,0.000000,0.002972
Q_ind_191_anc_7-3,0.000351,0.000000,0.000000,0.004230
Q_ind_192_anc_7-3,0.001436,0.000000,0.000000,0.015106
Q_ind_193_anc_7-3,0.000349,0.000000,0.000000,0.004332
Q_ind_194_anc_7-3,0.000166,0.000000,0.000000,0.001657
Q_ind_195_anc_7-3,0.000273,0.000000,0.000000,0.002785
Q_ind_196_anc_7-3,0.000625,0.000000,0.000000,0.007679
Q_ind_197_anc_7-3,0.000732,0.000000,0.000000,0.008661
Q_ind_198_anc_7-3,0.000463,0.000000,0.000000,0.005693
Q_ind_199_anc_7-3,0.001057,0.000000,0.000000,0.013932
Q_ind_200_anc_7-3,0.000112,0.000000,0.000000,0.001233
Q_ind_201_anc_7-3,0.000162,0.000000,0.000000,0.002133
Q_ind_202_anc_7-3,0.000321,0.000000,0.000000,0.003844
Q_ind_203_anc_7-3,0.000273,0.000000,0.000000,0.003469
Q_ind_204_anc_7-3,0.000936,0.000000,0.000000,0.011384
Q_ind_205_anc_7-3,0.000656,0.000000,0.000000,0.007986
Q_ind_206_anc_7-3,0.000955,0.000000,0.000000,0.011588
Q_ind_207_anc_7-3,0.000599,0.000000,0.000000,0.007561
Q_ind_208_anc_7-3,0.000254,0.000000,0.000000,0.002942
Q_ind_209_anc_7-3,0.000190,0.000000,0.000000,0.002393
Q_ind_210_anc_7-3,0.000396,0.000000,0.000000,0.005518
Q_ind_211_anc_7-3,0.000182,0.000000,0.000000,0.001807
Q_ind_212_anc_7-3,0.000188,0.000000,0.000000,0.002295
Q_ind_213_anc_7-3,0.000162,0.000000,0.000000,0.001991
Q_ind_214_anc_7-3,0.000106,0.000000,0.000000,0.001196
Q_ind_215_anc_7-3,0.000150,0.000000,0.000000,0.001503
Q_ind_216_anc_7-3,0.000140,0.000000,0.000000,0.001749
Q_ind_217_anc_7-3,0.000249,0.000000,0.000000,0.003161
Q_ind_218_anc_7-3,0.000117,0.000000,0.000000,0.001353
Q_ind_219_anc_7-3,0.000149,0.000000,0.000000,0.001883
Q_ind_220_anc_7-3,0.000089,0.000000,0.000000,0.000928
Q_ind_221_anc_7-3,0.000150,0.000000,0.000000,0.001710
Q_ind_222_anc_7-3,0.000110,0.000000,0.000000,0.001295
Q_ind_1_anc_7-4,0.000685,0.000000,0.000000,0.008649
Q_ind_2_anc_7-4,0.001611,0.000000,0.000000,0.022456
Q_ind_3_anc_7-4,0.000739,0.000000,0.000000,0.008431
Q_ind_4_anc_7-4,0.000213,0.000000,0.000000,0.002479
Q_ind_5_anc_7-4,0.000349,0.000000,0.000000,0.004322
Q_ind_6_anc_7-4,0.000407,0.000000,0.000000,0.004553
Q_ind_7_anc_7-4,0.000586,0.000000,0.000000,0.006648
Q_ind_8_anc_7-4,0.000851,0.000000,0.000000,0.011251
Q_ind_9_anc_7-4,0.001989,0.000000,0.000000,0.025694
Q_ind_10_anc_7-4,0.000473,0.000000,0.000000,0.005263
Q_ind_11_anc_7-4,0.000843,0.000000,0.000000,0.009429
Q_ind_12_anc_7-4,0.000787,0.000000,0.000000,0.008726
Q_ind_13_anc_7-4,0.000221,0.000000,0.000000,0.002685
Q_ind_14_anc_7-4,0.000284,0.000000,0.000000,0.003062
Q_ind_15_anc_7-4,0.000616,0.000000,0.000000,0.007653
Q_ind_16_anc_7-4,0.000517,0.000000,0.000000,0.006575
Q_ind_17_anc_7-4,0.000268,0.000000,0.000000,0.003145
Q_ind_18_anc_7-4,0.000225,0.000000,0.000000,0.002824
Q_ind_19_anc_7-4,0.000184,0.000000,0.000000,0.002448
Q_ind_20_anc_7-4,0.000097,0.000000,0.000000,0.001121
Q_ind_21_anc_7-4,0.000400,0.000000,0.000000,0.005005
Q_ind_22_anc_7-4,0.000469,0.000000,0.000000,0.005763
Q_ind_23_anc_7-4,0.000585,0.000000,0.000000,0.007465
Q_ind_24_anc_7-4,0.000628,0.000000,0.000000,0.008763
Q_ind_25_anc_7-4,0.000197,0.000000,0.000000,0.002417
Q_ind_26_anc_7-4,0.000625,0.000000,0.000000,0.008159
Q_ind_27_anc_7-4,0.000194,0.000000,0.000000,0.002037
Q_ind_28_anc_7-4,0.000838,0.000000,0.000000,0.011033
Q_ind_29_anc_7-4,0.000675,0.000000,0.000000,0.009747
Q_ind_30_anc_7-4,0.000484,0.000000,0.000000,0.005928
Q_ind_31_anc_7-4,0.000546,0.000000,0.000000,0.006894
Q_ind_32_anc_7-4,0.001559,0.000000,0.000000,0.021572
Q_ind_33_anc_7-4,0.000400,0.000000,0.000000,0.004439
Q_ind_34_anc_7-4,0.000309,0.000000,0.000000,0.003399
Q_ind_35_anc_7-4,0.000406,0.000000,0.000000,0.005278
Q_ind_36_anc_7-4,0.000184,0.000000,0.000000,0.002021
Q_ind_37_anc_7-4,0.000619,0.000000,0.000000,0.006954
Q_ind_38_anc_7-4,0.000270,0.000000,0.000000,0.003402
Q_ind_39_anc_7-4,0.000251,0.000000,0.000000,0.002503
Q_ind_40_anc_7-4,0.001764,0.000000,0.000000,0.021618
Q_ind_41_anc_7-4,0.001588,0.000000,0.000000,0.022004
Q_ind_42_anc_7-4,0.000390,0.000000,0.000000,0.005399
Q_ind_43_anc_7-4,0.000274,0.000000,0.000000,0.003524
Q_ind_44_anc_7-4,0.001577,0.000000,0.000000,0.020878
Q_ind_45_anc_7-4,0.000195,0.000000,0.000000,0.002346
Q_ind_46_anc_7-4,0.000221,0.000000,0.000000,0.002434
Q_ind_47_anc_7-4,0.000250,0.000000,0.000000,0.002739
Q_ind_48_anc_7-4,0.000229,0.000000,0.000000,0.002735
Q_ind_49_anc_7-4,0.000111,0.000000,0.000000,0.001349
Q_ind_50_anc_7-4,0.000107,0.000000,0.000000,0.001358
Q_ind_51_anc_7-4,0.000123,0.000000,0.000000,0.001498
Q_ind_52_anc_7-4,0.000114,0.000000,0.000000,0.001337
Q_ind_53_anc_7-4,0.000185,0.000000,0.000000,0.002138
Q_ind_54_anc_7-4,0.000153,0.000000,0.000000,0.001791
Q_ind_55_anc_7-4,0.000325,0.000000,0.000000,0.003970
Q_ind_56_anc_7-4,0.000166,0.000000,0.000000,0.001969
Q_ind_57_anc_7-4,0.000182,0.000000,0.000000,0.002420
Q_ind_58_anc_7-4,0.000173,0.000000,0.000000,0.001938
Q_ind_59_anc_7-4,0.000177,0.000000,0.000000,0.001976
Q_ind_60_anc_7-4,0.000260,0.000000,0.000000,0.002875
Q_ind_61_anc_7-4,0.000424,0.000000,0.000000,0.005374
Q_ind_62_anc_7-4,0.000156,0.000000,0.000000,0.001809
Q_ind_63_anc_7-4,0.000297,0.000000,0.000000,0.003930
Q_ind_64_anc_7-4,0.000186,0.000000,0.000000,0.002407
Q_ind_65_anc_7-4,0.000271,0.000000,0.000000,0.003376
Q_ind_66_anc_7-4,0.000299,0.000000,0.000000,0.003373
Q_ind_67_anc_7-4,0.000204,0.000000,0.000000,0.001920
Q_ind_68_anc_7-4,0.000138,0.000000,0.000000,0.001512
Q_ind_69_anc_7-4,0.000236,0.000000,0.000000,0.003079
Q_ind_70_anc_7-4,0.004333,0.000000,0.000000,0.046383
Q_ind_71_anc_7-4,0.000290,0.000000,0.000000,0.002997
Q_ind_72_anc_7-4,0.005756,0.000000,0.000000,0.060760
Q_ind_73_anc_7-4,0.002201,0.000000,0.000000,0.028667
Q_ind_74_anc_7-4,0.000666,0.000000,0.000000,0.008741
Q_ind_75_anc_7-4,0.001141,0.000000,0.000000,0.013650
Q_ind_76_anc_7-4,0.002175,0.000000,0.000000,0.034883
Q_ind_77_anc_7-4,0.000579,0.000000,0.000000,0.007861
Q_ind_78_anc_7-4,0.008243,0.000000,0.000000,0.061125
Q_ind_79_anc_7-4,0.000637,0.000000,0.000000,0.006697
Q_ind_80_anc_7-4,0.004990,0.000000,0.000000,0.052843
Q_ind_81_anc_7-4,0.001145,0.000000,0.000000,0.013808
Q_ind_82_anc_7-4,0.000664,0.000000,0.000000,0.007182
Q_ind_83_anc_7-4,0.003114,0.000000,0.000000,0.038083
Q_ind_84_anc_7-4,0.000347,0.000000,0.000000,0.004123
Q_ind_85_anc_7-4,0.003756,0.000000,0.000000,0.045419
Q_ind_86_anc_7-4,0.000748,0.000000,0.000000,0.008246
Q_ind_87_anc_7-4,0.000253,0.000000,0.000000,0.002998
Q_ind_88_anc_7-4,0.003220,0.000000,0.000000,0.045668
Q_ind_89_anc_7-4,0.000504,0.000000,0.000000,0.006019
Q_ind_90_anc_7-4,0.000235,0.000000,0.000000,0.002583
Q_ind_91_anc_7-4,0.000116,0.000000,0.000000,0.001354
Q_ind_92_anc_7-4,0.000084,0.000000,0.000000,0.000856
Q_ind_93_anc_7-4,0.000137,0.000000,0.000000,0.001706
Q_ind_94_anc_7-4,0.000060,0.000000,0.000000,0.000699
Q_ind_95_anc_7-4,0.000097,0.000000,0.000000,0.001143
Q_ind_96_anc_7-4,0.000104,0.000000,0.000000,0.001167
Q_ind_97_anc_7-4,0.000110,0.000000,0.000000,0.001242
Q_ind_98_anc_7-4,0.000313,0.000000,0.000000,0.003139
Q_ind_99_anc_7-4,0.000344,0.000000,0.000000,0.003419
Q_ind_100_anc_7-4,0.000362,0.000000,0.000000,0.003713
Q_ind_101_anc_7-4,0.000806,0.000000,0.000000,0.010452
Q_ind_102_anc_7-4,0.001123,0.000000,0.000000,0.014768
Q_ind_103_anc_7-4,0.000544,0.000000,0.000000,0.006876
Q_ind_104_anc_7-4,0.000717,0.000000,0.000000,0.009780
Q_ind_105_anc_7-4,0.001995,0.000000,0.000000,0.025736
Q_ind_106_anc_7-4,0.001649,0.000000,0.000000,0.023129
Q_ind_107_anc_7-4,0.000125,0.000000,0.000000,0.001455
Q_ind_108_anc_7-4,0.000364,0.000000,0.000000,0.004424
Q_ind_109_anc_7-4,0.000315,0.000000,0.000000,0.003965
Q_ind_110_anc_7-4,0.000147,0.000000,0.000000,0.001600
Q_ind_111_anc_7-4,0.000353,0.000000,0.000000,0.004631
Q_ind_112_anc_7-4,0.000234,0.000000,0.000000,0.002724
Q_ind_113_anc_7-4,0.000294,0.000000,0.000000,0.003672
Q_ind_114_anc_7-4,0.000095,0.000000,0.000000,0.001098
Q_ind_115_anc_7-4,0.000118,0.000000,0.000000,0.001368
Q_ind_116_anc_7-4,0.001870,0.000000,0.000000,0.025011
Q_ind_117_anc_7-4,0.000841,0.000000,0.000000,0.009076
Q_ind_118_anc_7-4,0.001215,0.000000,0.000000,0.015909
Q_ind_119_anc_7-4,0.005210,0.000000,0.000000,0.053940
Q_ind_120_anc_7-4,0.000535,0.000000,0.000000,0.006271
Q_ind_121_anc_7-4,0.001051,0.000000,0.000000,0.013729
Q_ind_122_anc_7-4,0.000316,0.000000,0.000000,0.003871
Q_ind_123_anc_7-4,0.000208,0.000000,0.000000,0.002349
Q_ind_124_anc_7-4,0.000856,0.000000,0.000000,0.011110
Q_ind_125_anc_7-4,0.000411,0.000000,0.000000,0.005646
Q_ind_126_anc_7-4,0.001858,0.000000,0.000000,0.027562
Q_ind_127_anc_7-4,0.000325,0.000000,0.000000,0.004007
Q_ind_128_anc_7-4,0.001224,0.000000,0.000000,0.016145
Q_ind_129_anc_7-4,0.000223,0.000000,0.000000,0.002204
Q_ind_130_anc_7-4,0.000315,0.000000,0.000000,0.003681
Q_ind_131_anc_7-4,0.000727,0.000000,0.000000,0.008532
Q_ind_132_anc_7-4,0.000809,0.000000,0.000000,0.010027
Q_ind_133_anc_7-4,0.000137,0.000000,0.000000,0.001595
Q_ind_134_anc_7-4,0.000904,0.000000,0.000000,0.011364
Q_ind_135_anc_7-4,0.000613,0.000000,0.000000,0.008244
Q_ind_136_anc_7-4,0.000687,0.000000,0.000000,0.008533
Q_ind_137_anc_7-4,0.000242,0.000000,0.000000,0.002542
Q_ind_138_anc_7-4,0.000677,0.000000,0.000000,0.008176
Q_ind_139_anc_7-4,0.000304,0.000000,0.000000,0.003767
Q_ind_140_anc_7-4,0.000399,0.000000,0.000000,0.004736
Q_ind_141_anc_7-4,0.000316,0.000000,0.000000,0.004501
Q_ind_142_anc_7-4,0.000325,0.000000,0.000000,0.004279
Q_ind_143_anc_7-4,0.000419,0.000000,0.000000,0.004737
Q_ind_144_anc_7-4,0.000665,0.000000,0.000000,0.008652
Q_ind_145_anc_7-4,0.000851,0.000000,0.000000,0.007951
Q_ind_146_anc_7-4,0.001017,0.000000,0.000000,0.012881
Q_ind_147_anc_7-4,0.000276,0.000000,0.000000,0.003691
Q_ind_148_anc_7-4,0.000322,0.000000,0.000000,0.004165
Q_ind_149_anc_7-4,0.000218,0.000000,0.000000,0.002406
Q_ind_150_anc_7-4,0.000443,0.000000,0.000000,0.004681
Q_ind_151_anc_7-4,0.000409,0.000000,0.000000,0.004607
Q_ind_152_anc_7-4,0.000148,0.000000,0.000000,0.001622
Q_ind_153_anc_7-4,0.000513,0.000000,0.000000,0.007310
Q_ind_154_anc_7-4,0.000183,0.000000,0.000000,0.002065
Q_ind_155_anc_7-4,0.000178,0.000000,0.000000,0.002284
Q_ind_156_anc_7-4,0.000719,0.000000,0.000000,0.008780
Q_ind_157_anc_7-4,0.000776,0.000000,0.000000,0.010802
Q_ind_158_anc_7-4,0.001146,0.000000,0.000000,0.009629
Q_ind_159_anc_7-4,0.001355,0.000000,0.000000,0.018555
Q_ind_160_anc_7-4,0.000185,0.000000,0.000000,0.001878
Q_ind_161_anc_7-4,0.001788,0.000000,0.000000,0.022707
Q_ind_162_anc_7-4,0.001065,0.000000,0.000000,0.012507
Q_ind_163_anc_7-4,0.001730,0.000000,0.000000,0.025054
Q_ind_164_anc_7-4,0.003331,0.000000,0.000000,0.046463
Q_ind_165_anc_7-4,0.000175,0.000000,0.000000,0.002000
Q_ind_166_anc_7-4,0.000251,0.000000,0.000000,0.002607
Q_ind_167_anc_7-4,0.000570,0.000000,0.000000,0.006376
Q_ind_168_anc_7-4,0.000815,0.000000,0.000000,0.009561
Q_ind_169_anc_7-4,0.000176,0.000000,0.000000,0.002037
Q_ind_170_anc_7-4,0.000281,0.000000,0.000000,0.003349
Q_ind_171_anc_7-4,0.004312,0.000000,0.000000,0.054324
Q_ind_172_anc_7-4,0.002448,0.000000,0.000000,0.029875
Q_ind_173_anc_7-4,0.000105,0.000000,0.000000,0.001326
Q_ind_174_anc_7-4,0.000488,0.000000,0.000000,0.005858
Q_ind_175_anc_7-4,0.000151,0.000000,0.000000,0.001874
Q_ind_176_anc_7-4,0.000130,0.000000,0.000000,0.001481
Q_ind_177_anc_7-4,0.000326,0.000000,0.000000,0.004331
Q_ind_178_anc_7-4,0.000120,0.000000,0.000000,0.001294
Q_ind_179_anc_7-4,0.000952,0.000000,0.000000,0.012029
Q_ind_180_anc_7-4,0.003418,0.000000,0.000000,0.044107
Q_ind_181_anc_7-4,0.000706,0.000000,0.000000,0.008817
Q_ind_182_anc_7-4,0.000471,0.000000,0.000000,0.006193
Q_ind_183_anc_7-4,0.000581,0.000000,0.000000,0.006586
Q_ind_184_anc_7-4,0.001673,0.000000,0.000000,0.021480
Q_ind_185_anc_7-4,0.000484,0.000000,0.000000,0.005660
Q_ind_186_anc_7-4,0.000449,0.000000,0.000000,0.005013
Q_ind_187_anc_7-4,0.000356,0.000000,0.000000,0.004605
Q_ind_188_anc_7-4,0.000466,0.000000,0.000000,0.005579
Q_ind_189_anc_7-4,0.000167,0.000000,0.000000,0.002045
Q_ind_190_anc_7-4,0.000758,0.000000,0.000000,0.009644
Q_ind_191_anc_7-4,0.000868,0.000000,0.000000,0.011543
Q_ind_192_anc_7-4,0.000377,0.000000,0.000000,0.004720
Q_ind_193_anc_7-4,0.000777,0.000000,0.000000,0.010080
Q_ind_194_anc_7-4,0.000374,0.000000,0.000000,0.004713
Q_ind_195_anc_7-4,0.000482,0.000000,0.000000,0.006434
Q_ind_196_anc_7-4,0.000381,0.000000,0.000000,0.005300
Q_ind_197_anc_7-4,0.000383,0.000000,0.000000,0.004981
Q_ind_198_anc_7-4,0.000391,0.000000,0.000000,0.005084
Q_ind_199_anc_7-4,0.000286,0.000000,0.000000,0.003913
Q_ind_200_anc_7-4,0.000254,0.000000,0.000000,0.002990
Q_ind_201_anc_7-4,0.000174,0.000000,0.000000,0.001984
Q_ind_202_anc_7-4,0.000568,0.000000,0.000000,0.007984
Q_ind_203_anc_7-4,0.000317,0.000000,0.000000,0.003722
Q_ind_204_anc_7-4,0.000782,0.000000,0.000000,0.008895
Q_ind_205_anc_7-4,0.000490,0.000000,0.000000,0.005910
Q_ind_206_anc_7-4,0.000417,0.000000,0.000000,0.004510
Q_ind_207_anc_7-4,0.000857,0.000000,0.000000,0.011848
Q_ind_208_anc_7-4,0.000254,0.000000,0.000000,0.002461
Q_ind_209_anc_7-4,0.000411,0.000000,0.000000,0.005177
Q_ind_210_anc_7-4,0.000591,0.000000,0.000000,0.006667
Q_ind_211_anc_7-4,0.000230,0.000000,0.000000,0.002745
Q_ind_212_anc_7-4,0.000183,0.000000,0.000000,0.001887
Q_ind_213_anc_7-4,0.000189,0.000000,0.000000,0.002183
Q_ind_214_anc_7-4,0.000280,0.000000,0.000000,0.003363
Q_ind_215_anc_7-4,0.000186,0.000000,0.000000,0.002201
Q_ind_216_anc_7-4,0.000123,0.000000,0.000000,0.001085
Q_ind_217_anc_7-4,0.000295,0.000000,0.000000,0.003829
Q_ind_218_anc_7-4,0.000089,0.000000,0.000000,0.001008
Q_ind_219_anc_7-4,0.000114,0.000000,0.000000,0.001225
Q_ind_220_anc_7-4,0.000168,0.000000,0.000000,0.001994
Q_ind_221_anc_7-4,0.000307,0.000000,0.000000,0.003499
Q_ind_222_anc_7-4,0.000161,0.000000,0.000000,0.001670
Q_ind_1_anc_7-5,0.330046,0.327029,0.211223,0.482539
Q_ind_2_anc_7-5,0.265365,0.256441,0.144437,0.439806
Q_ind_3_anc_7-5,0.203637,0.197904,0.068849,0.387362
Q_ind_4_anc_7-5,0.209752,0.197354,0.107160,0.383668
Q_ind_5_anc_7-5,0.438901,0.435232,0.342507,0.560585
Q_ind_6_anc_7-5,0.248896,0.242710,0.115628,0.423451
Q_ind_7_anc_7-5,0.216962,0.207856,0.095811,0.420197
Q_ind_8_anc_7-5,0.225212,0.216079,0.101043,0.407623
Q_ind_9_anc_7-5,0.188022,0.185239,0.087868,0.307407
Q_ind_10_anc_7-5,0.195566,0.187473,0.074982,0.386015
Q_ind_11_anc_7-5,0.210414,0.195416,0.087340,0.403521
Q_ind_12_anc_7-5,0.246154,0.236302,0.116573,0.430827
Q_ind_13_anc_7-5,0.433963,0.437276,0.276679,0.555723
Q_ind_14_anc_7-5,0.374270,0.382310,0.267053,0.457989
Q_ind_15_anc_7-5,0.449369,0.453923,0.297995,0.585887
Q_ind_16_anc_7-5,0.451860,0.456408,0.297134,0.559864
Q_ind_17_anc_7-5,0.424328,0.427781,0.269897,0.535449
Q_ind_18_anc_7-5,0.366990,0.368901,0.255527,0.469287
Q_ind_19_anc_7-5,0.480036,0.482970,0.336088,0.583924
Q_ind_20_anc_7-5,0.412481,0.417397,0.315833,0.484469
Q_ind_21_anc_7-5,0.434962,0.440871,0.337791,0.501455
Q_ind_22_anc_7-5,0.454473,0.460065,0.354999,0.520321
Q_ind_23_anc_7-5,0.451322,0.454793,0.367941,0.513582
Q_ind_24_anc_7-5,0.492697,0.490794,0.409287,0.578010
Q_ind_25_anc_7-5,0.460508,0.462449,0.377827,0.528166
Q_ind_26_anc_7-5,0.414093,0.418932,0.322627,0.473454
Q_ind_27_anc_7-5,0.441726,0.444270,0.357486,0.506342
Q_ind_28_anc_7-5,0.436082,0.439781,0.350297,0.499619
Q_ind_29_anc_7-5,0.432540,0.436594,0.331062,0.501253
Q_ind_30_anc_7-5,0.470012,0.473760,0.381785,0.530878
Q_ind_31_anc_7-5,0.061995,0.065643,0.000000,0.110992
Q_ind_32_anc_7-5,0.025094,0.000163,0.000000,0.109823
Q_ind_33_anc_7-5,0.080479,0.083013,0.000000,0.142796
Q_ind_34_anc_7-5,0.000944,0.000000,0.000000,0.011841
Q_ind_35_anc_7-5,0.088504,0.094110,0.000000,0.143956
Q_ind_36_anc_7-5,0.000358,0.000000,0.000000,0.004520
Q_ind_37_anc_7-5,0.094728,0.100333,0.000000,0.148051
Q_ind_38_anc_7-5,0.000472,0.000000,0.000000,0.005809
Q_ind_39_anc_7-5,0.290798,0.298628,0.142347,0.378542
Q_ind_40_anc_7-5,0.022699,0.000001,0.000000,0.123348
Q_ind_41_anc_7-5,0.164604,0.168615,0.071777,0.227580
Q_ind_42_anc_7-5,0.089323,0.089947,0.024815,0.147131
Q_ind_43_anc_7-5,0.095600,0.100651,0.000000,0.175153
Q_ind_44_anc_7-5,0.031262,0.000785,0.000000,0.124337
Q_ind_45_anc_7-5,0.046459,0.046735,0.000000,0.125936
Q_ind_46_anc_7-5,0.080202,0.090014,0.000000,0.176507
Q_ind_47_anc_7-5,0.055332,0.059440,0.000000,0.113151
Q_ind_48_anc_7-5,0.060240,0.063558,0.000000,0.128739
Q_ind_49_anc_7-5,0.267912,0.270297,0.140442,0.365869
Q_ind_50_anc_7-5,0.260179,0.270101,0.000000,0.368911
Q_ind_51_anc_7-5,0.242039,0.245175,0.000098,0.344558
Q_ind_52_anc_7-5,0.227707,0.240888,0.000000,0.333132
Q_ind_53_anc_7-5,0.209019,0.216434,0.000000,0.316145
Q_ind_54_anc_7-5,0.222235,0.219796,0.112794,0.323925
Q_ind_55_anc_7-5,0.394129,0.398859,0.281206,0.473350
Q_ind_56_anc_7-5,0.210228,0.219680,0.000000,0.310464
Q_ind_57_anc_7-5,0.250625,0.252911,0.132113,0.337831
Q_ind_58_anc_7-5,0.257735,0.258559,0.141173,0.362195
Q_ind_59_anc_7-5,0.227126,0.234185,0.006593,0.327599
Q_ind_60_anc_7-5,0.204596,0.204814,0.103167,0.289422
Q_ind_61_anc_7-5,0.222005,0.222215,0.113305,0.316879
Q_ind_62_anc_7-5,0.317045,0.319057,0.220342,0.404559
Q_ind_63_anc_7-5,0.188736,0.205918,0.000000,0.300881
Q_ind_64_anc_7-5,0.179046,0.199731,0.000000,0.271562
Q_ind_65_anc_7-5,0.219054,0.222118,0.100379,0.300092
Q_ind_66_anc_7-5,0.177228,0.177617,0.090521,0.257524
Q_ind_67_anc_7-5,0.292594,0.300383,0.179009,0.366652
Q_ind_68_anc_7-5,0.352734,0.355149,0.260477,0.425431
Q_ind_69_anc_7-5,0.199743,0.203896,0.095314,0.276347
Q_ind_70_anc_7-5,0.521457,0.529388,0.428261,0.589508
Q_ind_71_anc_7-5,0.510196,0.517234,0.405356,0.586805
Q_ind_72_anc_7-5,0.511369,0.519285,0.408334,0.579702
Q_ind_73_anc_7-5,0.450771,0.455271,0.365889,0.521907
Q_ind_74_anc_7-5,0.532332,0.544097,0.408182,0.607524
Q_ind_75_anc_7-5,0.467531,0.482127,0.330022,0.545972
Q_ind_76_anc_7-5,0.462139,0.470706,0.340098,0.558846
Q_ind_77_anc_7-5,0.456503,0.470794,0.305155,0.555682
Q_ind_78_anc_7-5,0.512499,0.519484,0.413957,0.577852
Q_ind_79_anc_7-5,0.494030,0.499307,0.382728,0.585807
Q_ind_80_anc_7-5,0.483776,0.500380,0.347596,0.562810
Q_ind_81_anc_7-5,0.370651,0.376565,0.267810,0.449824
Q_ind_82_anc_7-5,0.418314,0.412185,0.308965,0.529448
Q_ind_83_anc_7-5,0.423939,0.424474,0.350321,0.492864
Q_ind_84_anc_7-5,0.437364,0.437127,0.375425,0.501101
Q_ind_85_anc_7-5,0.472579,0.475107,0.385089,0.539323
Q_ind_86_anc_7-5,0.490931,0.493377,0.405761,0.563895
Q_ind_87_anc_7-5,0.448944,0.453107,0.355145,0.524116
Q_ind_88_anc_7-5,0.397567,0.407167,0.257940,0.495720
Q_ind_89_anc_7-5,0.030748,0.024622,0.000000,0.092897
Q_ind_90_anc_7-5,0.025493,0.011777,0.000000,0.085516
Q_ind_91_anc_7-5,0.295478,0.299938,0.174569,0.378465
Q_ind_92_anc_7-5,0.323179,0.337712,0.137629,0.396905
Q_ind_93_anc_7-5,0.002266,0.000000,0.000000,0.024052
Q_ind_94_anc_7-5,0.000680,0.000000,0.000000,0.008492
Q_ind_95_anc_7-5,0.001838,0.000000,0.000000,0.021682
Q_ind_96_anc_7-5,0.000955,0.000000,0.000000,0.011058
Q_ind_97_anc_7-5,0.263318,0.276306,0.063078,0.356507
Q_ind_98_anc_7-5,0.065207,0.065708,0.000000,0.115759
Q_ind_99_anc_7-5,0.294071,0.294387,0.214700,0.374885
Q_ind_100_anc_7-5,0.247370,0.246291,0.176115,0.322930
Q_ind_101_anc_7-5,0.222558,0.221073,0.147704,0.307124
Q_ind_102_anc_7-5,0.253446,0.254432,0.179926,0.319347
Q_ind_103_anc_7-5,0.237247,0.236560,0.163226,0.315683
Q_ind_104_anc_7-5,0.338073,0.339091,0.239341,0.427508
Q_ind_105_anc_7-5,0.271951,0.272638,0.193838,0.345453
Q_ind_106_anc_7-5,0.264282,0.263520,0.180110,0.354431
Q_ind_107_anc_7-5,0.114124,0.113404,0.053451,0.178546
Q_ind_108_anc_7-5,0.033588,0.006700,0.000000,0.118138
Q_ind_109_anc_7-5,0.067739,0.069493,0.000000,0.117487
Q_ind_110_anc_7-5,0.098287,0.097101,0.027294,0.157492
Q_ind_111_anc_7-5,0.014553,0.000002,0.000000,0.071100
Q_ind_112_anc_7-5,0.074869,0.074927,0.031511,0.120070
Q_ind_113_anc_7-5,0.030488,0.030497,0.000000,0.086389
Q_ind_114_anc_7-5,0.048399,0.052636,0.000000,0.107868
Q_ind_115_anc_7-5,0.176946,0.179733,0.037198,0.247215
Q_ind_116_anc_7-5,0.558503,0.562613,0.478806,0.621194
Q_ind_117_anc_7-5,0.518462,0.518446,0.452338,0.582086
Q_ind_118_anc_7-5,0.565971,0.567049,0.496443,0.630681
Q_ind_119_anc_7-5,0.526924,0.529338,0.453546,0.591158
Q_ind_120_anc_7-5,0.522395,0.523408,0.459251,0.581272
Q_ind_121_anc_7-5,0.428344,0.430608,0.347020,0.494511
Q_ind_122_anc_7-5,0.554534,0.556218,0.476582,0.622541
Q_ind_123_anc_7-5,0.611605,0.612127,0.551081,0.668399
Q_ind_124_anc_7-5,0.401635,0.405191,0.289877,0.477830
Q_ind_125_anc_7-5,0.425428,0.432212,0.314537,0.491771
Q_ind_126_anc_7-5,0.408359,0.413410,0.308758,0.474344
Q_ind_127_anc_7-5,0.419571,0.427655,0.305291,0.496185
Q_ind_128_anc_7-5,0.440452,0.443896,0.352701,0.503787
Q_ind_129_anc_7-5,0.538901,0.547855,0.408843,0.607943
Q_ind_130_anc_7-5,0.468071,0.473915,0.362756,0.539344
Q_ind_131_anc_7-5,0.424749,0.426223,0.336125,0.498707
Q_ind_132_anc_7-5,0.403912,0.409002,0.298925,0.477154
Q_ind_133_anc_7-5,0.539395,0.547540,0.384384,0.635401
Q_ind_134_anc_7-5,0.427500,0.432783,0.331817,0.490638
Q_ind_135_anc_7-5,0.381583,0.389893,0.250252,0.456840
Q_ind_136_anc_7-5,0.297269,0.288074,0.147360,0.529735
Q_ind_137_anc_7-5,0.237681,0.222575,0.114355,0.469731
Q_ind_138_anc_7-5,0.244755,0.231841,0.118891,0.481149
Q_ind_139_anc_7-5,0.315147,0.310170,0.151806,0.543166
Q_ind_140_anc_7-5,0.258641,0.237516,0.124114,0.554175
Q_ind_141_anc_7-5,0.234225,0.220659,0.105892,0.490758
Q_ind_142_anc_7-5,0.247937,0.234911,0.104280,0.530866
Q_ind_143_anc_7-5,0.293810,0.284563,0.148002,0.540337
Q_ind_144_anc_7-5,0.257300,0.245157,0.112950,0.526708
Q_ind_145_anc_7-5,0.319883,0.318831,0.246652,0.394193
Q_ind_146_anc_7-5,0.283836,0.283355,0.219109,0.355127
Q_ind_147_anc_7-5,0.232541,0.233171,0.166359,0.296751
Q_ind_148_anc_7-5,0.505239,0.512940,0.384562,0.587395
Q_ind_149_anc_7-5,0.609782,0.615389,0.514961,0.668982
Q_ind_150_anc_7-5,0.390256,0.394853,0.291672,0.459376
Q_ind_151_anc_7-5,0.443515,0.449432,0.336833,0.512043
Q_ind_152_anc_7-5,0.420114,0.426733,0.297940,0.498595
Q_ind_153_anc_7-5,0.439012,0.451629,0.290021,0.528528
Q_ind_154_anc_7-5,0.453499,0.463332,0.329917,0.526581
Q_ind_155_anc_7-5,0.472883,0.480703,0.325924,0.560938
Q_ind_156_anc_7-5,0.595192,0.613322,0.394334,0.723501
Q_ind_157_anc_7-5,0.513692,0.542634,0.318679,0.632074
Q_ind_158_anc_7-5,0.468905,0.475770,0.276804,0.661358
Q_ind_159_anc_7-5,0.511179,0.511133,0.340823,0.666875
Q_ind_160_anc_7-5,0.357295,0.362883,0.268559,0.427535
Q_ind_161_anc_7-5,0.558583,0.583734,0.376169,0.670913
Q_ind_162_anc_7-5,0.492192,0.515398,0.294155,0.614910
Q_ind_163_anc_7-5,0.476422,0.487585,0.279847,0.643468
Q_ind_164_anc_7-5,0.514493,0.531666,0.306283,0.678292
Q_ind_165_anc_7-5,0.299263,0.300171,0.138061,0.422832
Q_ind_166_anc_7-5,0.279713,0.276957,0.106370,0.413424
Q_ind_167_anc_7-5,0.284662,0.282677,0.158782,0.396839
Q_ind_168_anc_7-5,0.247763,0.248056,0.128530,0.349975
Q_ind_169_anc_7-5,0.335983,0.336372,0.179975,0.456267
Q_ind_170_anc_7-5,0.310550,0.309838,0.170280,0.434487
Q_ind_171_anc_7-5,0.043015,0.041175,0.000000,0.121525
Q_ind_172_anc_7-5,0.040010,0.034036,0.000000,0.121770
Q_ind_173_anc_7-5,0.000168,0.000000,0.000000,0.001689
Q_ind_174_anc_7-5,0.057935,0.044486,0.000000,0.164129
Q_ind_175_anc_7-5,0.000314,0.000000,0.000000,0.003379
Q_ind_176_anc_7-5,0.000322,0.000000,0.000000,0.003510
Q_ind_177_anc_7-5,0.054579,0.050736,0.000000,0.146855
Q_ind_178_anc_7-5,0.344942,0.347937,0.244891,0.430780
Q_ind_179_anc_7-5,0.032423,0.000488,0.000000,0.126878
Q_ind_180_anc_7-5,0.070989,0.064488,0.000000,0.210575
Q_ind_181_anc_7-5,0.130441,0.123917,0.040453,0.254780
Q_ind_182_anc_7-5,0.154561,0.149708,0.070304,0.252610
Q_ind_183_anc_7-5,0.110398,0.104544,0.000000,0.242318
Q_ind_184_anc_7-5,0.147726,0.145569,0.062848,0.246163
Q_ind_185_anc_7-5,0.405191,0.402163,0.302529,0.522282
Q_ind_186_anc_7-5,0.154229,0.145803,0.066590,0.278689
Q_ind_187_anc_7-5,0.082547,0.080826,0.000000,0.204941
Q_ind_188_anc_7-5,0.144730,0.137905,0.065008,0.254864
Q_ind_189_anc_7-5,0.466838,0.471081,0.339049,0.559667
Q_ind_190_anc_7-5,0.545581,0.551838,0.398313,0.638741
Q_ind_191_anc_7-5,0.584294,0.593824,0.439858,0.676412
Q_ind_192_anc_7-5,0.590410,0.594209,0.504206,0.659301
Q_ind_193_anc_7-5,0.541025,0.545119,0.423985,0.628718
Q_ind_194_anc_7-5,0.574949,0.583340,0.421231,0.670364
Q_ind_195_anc_7-5,0.595218,0.599429,0.494041,0.665857
Q_ind_196_anc_7-5,0.562221,0.573805,0.416448,0.650029
Q_ind_197_anc_7-5,0.612779,0.622070,0.471601,0.690779
Q_ind_198_anc_7-5,0.490989,0.493007,0.401665,0.567278
Q_ind_199_anc_7-5,0.559754,0.564741,0.448415,0.641193
Q_ind_200_anc_7-5,0.445279,0.448245,0.359370,0.522157
Q_ind_201_anc_7-5,0.495887,0.495680,0.435495,0.557996
Q_ind_202_anc_7-5,0.231105,0.224607,0.139631,0.359844
Q_ind_203_anc_7-5,0.446818,0.447757,0.341097,0.550745
Q_ind_204_anc_7-5,0.204031,0.205074,0.089887,0.308911
Q_ind_205_anc_7-5,0.275359,0.262556,0.159014,0.434020
Q_ind_206_anc_7-5,0.276975,0.276098,0.180857,0.379345
Q_ind_207_anc_7-5,0.226809,0.228238,0.136170,0.320340
Q_ind_208_anc_7-5,0.360745,0.355376,0.271534,0.489420
Q_ind_209_anc_7-5,0.360170,0.360885,0.285784,0.433028
Q_ind_210_anc_7-5,0.284113,0.279377,0.184079,0.401773
Q_ind_211_anc_7-5,0.102555,0.108911,0.000000,0.183741
Q_ind_212_anc_7-5,0.182248,0.183902,0.108165,0.240810
Q_ind_213_anc_7-5,0.134401,0.137779,0.001295,0.202408
Q_ind_214_anc_7-5,0.131722,0.136134,0.000000,0.212697
Q_ind_215_anc_7-5,0.143623,0.148372,0.058374,0.205991
Q_ind_216_anc_7-5,0.134509,0.140836,0.000000,0.208137
Q_ind_217_anc_7-5,0.204138,0.216996,0.000000,0.287396
Q_ind_218_anc_7-5,0.250681,0.253326,0.161661,0.319400
Q_ind_219_anc_7-5,0.169433,0.170584,0.084016,0.244333
Q_ind_220_anc_7-5,0.105571,0.110908,0.000000,0.223350
Q_ind_221_anc_7-5,0.110144,0.118421,0.000000,0.185394
Q_ind_222_anc_7-5,0.182465,0.226307,0.000000,0.304716
Q_ind_1_anc_7-6,0.000130,0.000000,0.000000,0.001637
Q_ind_2_anc_7-6,0.000394,0.000000,0.000000,0.004774
Q_ind_3_anc_7-6,0.000200,0.000000,0.000000,0.002281
Q_ind_4_anc_7-6,0.000375,0.000000,0.000000,0.004489
Q_ind_5_anc_7-6,0.000396,0.000000,0.000000,0.005158
Q_ind_6_anc_7-6,0.000751,0.000000,0.000000,0.009782
Q_ind_7_anc_7-6,0.000205,0.000000,0.000000,0.002538
Q_ind_8_anc_7-6,0.000508,0.000000,0.000000,0.005985
Q_ind_9_anc_7-6,0.000899,0.000000,0.000000,0.012674
Q_ind_10_anc_7-6,0.000170,0.000000,0.000000,0.002125
Q_ind_11_anc_7-6,0.000505,0.000000,0.000000,0.006734
Q_ind_12_anc_7-6,0.000998,0.000000,0.000000,0.012390
Q_ind_13_anc_7-6,0.000909,0.000000,0.000000,0.011611
Q_ind_14_anc_7-6,0.052987,0.000000,0.000000,0.277988
Q_ind_15_anc_7-6,0.002189,0.000000,0.000000,0.031637
Q_ind_16_anc_7-6,0.003690,0.000000,0.000000,0.045812
Q_ind_17_anc_7-6,0.005120,0.000000,0.000000,0.065264
Q_ind_18_anc_7-6,0.008534,0.000000,0.000000,0.096476
Q_ind_19_anc_7-6,0.001373,0.000000,0.000000,0.020498
Q_ind_20_anc_7-6,0.007026,0.000000,0.000000,0.077462
Q_ind_21_anc_7-6,0.003255,0.000000,0.000000,0.035467
Q_ind_22_anc_7-6,0.003015,0.000000,0.000000,0.030653
Q_ind_23_anc_7-6,0.000992,0.000000,0.000000,0.013018
Q_ind_24_anc_7-6,0.000561,0.000000,0.000000,0.006303
Q_ind_25_anc_7-6,0.002138,0.000000,0.000000,0.029046
Q_ind_26_anc_7-6,0.001555,0.000000,0.000000,0.018936
Q_ind_27_anc_7-6,0.000331,0.000000,0.000000,0.004396
Q_ind_28_anc_7-6,0.001155,0.000000,0.000000,0.014262
Q_ind_29_anc_7-6,0.001289,0.000000,0.000000,0.015689
Q_ind_30_anc_7-6,0.000388,0.000000,0.000000,0.003556
Q_ind_31_anc_7-6,0.000278,0.000000,0.000000,0.003557
Q_ind_32_anc_7-6,0.001813,0.000000,0.000000,0.025365
Q_ind_33_anc_7-6,0.000306,0.000000,0.000000,0.003980
Q_ind_34_anc_7-6,0.000249,0.000000,0.000000,0.003040
Q_ind_35_anc_7-6,0.001091,0.000000,0.000000,0.015827
Q_ind_36_anc_7-6,0.000108,0.000000,0.000000,0.001263
Q_ind_37_anc_7-6,0.004600,0.000000,0.000000,0.046514
Q_ind_38_anc_7-6,0.000595,0.000000,0.000000,0.007724
Q_ind_39_anc_7-6,0.003786,0.000000,0.000000,0.062623
Q_ind_40_anc_7-6,0.001382,0.000000,0.000000,0.020913
Q_ind_41_anc_7-6,0.000522,0.000000,0.000000,0.006550
Q_ind_42_anc_7-6,0.001013,0.000000,0.000000,0.014218
Q_ind_43_anc_7-6,0.005072,0.000000,0.000000,0.066910
Q_ind_44_anc_7-6,0.003077,0.000000,0.000000,0.038584
Q_ind_45_anc_7-6,0.000489,0.000000,0.000000,0.005727
Q_ind_46_anc_7-6,0.001003,0.000000,0.000000,0.013115
Q_ind_47_anc_7-6,0.006753,0.000000,0.000000,0.067809
Q_ind_48_anc_7-6,0.001048,0.000000,0.000000,0.013314
Q_ind_49_anc_7-6,0.002811,0.000000,0.000000,0.027975
Q_ind_50_anc_7-6,0.015536,0.000000,0.000000,0.202143
Q_ind_51_anc_7-6,0.003886,0.000000,0.000000,0.078256
Q_ind_52_anc_7-6,0.018912,0.000000,0.000000,0.209816
Q_ind_53_anc_7-6,0.009698,0.000000,0.000000,0.122973
Q_ind_54_anc_7-6,0.000560,0.000000,0.000000,0.007406
Q_ind_55_anc_7-6,0.001736,0.000000,0.000000,0.024688
Q_ind_56_anc_7-6,0.011290,0.000000,0.000000,0.143002
Q_ind_57_anc_7-6,0.003551,0.000000,0.000000,0.053300
Q_ind_58_anc_7-6,0.004171,0.000000,0.000000,0.059346
Q_ind_59_anc_7-6,0.032697,0.000130,0.000000,0.158017
Q_ind_60_anc_7-6,0.002813,0.000000,0.000000,0.038409
Q_ind_61_anc_7-6,0.001009,0.000000,0.000000,0.013640
Q_ind_62_anc_7-6,0.000392,0.000000,0.000000,0.004380
Q_ind_63_anc_7-6,0.000226,0.000000,0.000000,0.002547
Q_ind_64_anc_7-6,0.001607,0.000000,0.000000,0.026000
Q_ind_65_anc_7-6,0.000905,0.000000,0.000000,0.011872
Q_ind_66_anc_7-6,0.001012,0.000000,0.000000,0.013578
Q_ind_67_anc_7-6,0.000420,0.000000,0.000000,0.004681
Q_ind_68_anc_7-6,0.000221,0.000000,0.000000,0.002403
Q_ind_69_anc_7-6,0.001094,0.000000,0.000000,0.014926
Q_ind_70_anc_7-6,0.000310,0.000000,0.000000,0.003948
Q_ind_71_anc_7-6,0.000251,0.000000,0.000000,0.002846
Q_ind_72_anc_7-6,0.000446,0.000000,0.000000,0.005774
Q_ind_73_anc_7-6,0.000199,0.000000,0.000000,0.002431
Q_ind_74_anc_7-6,0.002113,0.000000,0.000000,0.024851
Q_ind_75_anc_7-6,0.000926,0.000000,0.000000,0.013160
Q_ind_76_anc_7-6,0.001021,0.000000,0.000000,0.013026
Q_ind_77_anc_7-6,0.000379,0.000000,0.000000,0.004625
Q_ind_78_anc_7-6,0.000682,0.000000,0.000000,0.008093
Q_ind_79_anc_7-6,0.000383,0.000000,0.000000,0.004854
Q_ind_80_anc_7-6,0.000496,0.000000,0.000000,0.005653
Q_ind_81_anc_7-6,0.002388,0.000000,0.000000,0.030684
Q_ind_82_anc_7-6,0.001124,0.000000,0.000000,0.018018
Q_ind_83_anc_7-6,0.003485,0.000000,0.000000,0.042783
Q_ind_84_anc_7-6,0.001077,0.000000,0.000000,0.012158
Q_ind_85_anc_7-6,0.003989,0.000000,0.000000,0.055687
Q_ind_86_anc_7-6,0.003731,0.000000,0.000000,0.053523
Q_ind_87_anc_7-6,0.018782,0.000000,0.000000,0.196232
Q_ind_88_anc_7-6,0.001589,0.000000,0.000000,0.018383
Q_ind_89_anc_7-6,0.000389,0.000000,0.000000,0.004780
Q_ind_90_anc_7-6,0.000493,0.000000,0.000000,0.006033
Q_ind_91_anc_7-6,0.001813,0.000000,0.000000,0.025628
Q_ind_92_anc_7-6,0.042877,0.000059,0.000000,0.282238
Q_ind_93_anc_7-6,0.000640,0.000000,0.000000,0.007845
Q_ind_94_anc_7-6,0.000252,0.000000,0.000000,0.003019
Q_ind_95_anc_7-6,0.000544,0.000000,0.000000,0.006740
Q_ind_96_anc_7-6,0.000171,0.000000,0.000000,0.001763
Q_ind_97_anc_7-6,0.033908,0.000003,0.000000,0.205629
Q_ind_98_anc_7-6,0.002606,0.000000,0.000000,0.035275
Q_ind_99_anc_7-6,0.000298,0.000000,0.000000,0.003720
Q_ind_100_anc_7-6,0.000271,0.000000,0.000000,0.003301
Q_ind_101_anc_7-6,0.000595,0.000000,0.000000,0.007950
Q_ind_102_anc_7-6,0.000561,0.000000,0.000000,0.007131
Q_ind_103_anc_7-6,0.000428,0.000000,0.000000,0.004167
Q_ind_104_anc_7-6,0.001579,0.000000,0.000000,0.019506
Q_ind_105_anc_7-6,0.000893,0.000000,0.000000,0.012847
Q_ind_106_anc_7-6,0.001701,0.000000,0.000000,0.022984
Q_ind_107_anc_7-6,0.000352,0.000000,0.000000,0.003902
Q_ind_108_anc_7-6,0.000636,0.000000,0.000000,0.007382
Q_ind_109_anc_7-6,0.002836,0.000000,0.000000,0.035164
Q_ind_110_anc_7-6,0.000261,0.000000,0.000000,0.003125
Q_ind_111_anc_7-6,0.000479,0.000000,0.000000,0.005430
Q_ind_112_anc_7-6,0.000397,0.000000,0.000000,0.004509
Q_ind_113_anc_7-6,0.001062,0.000000,0.000000,0.013560
Q_ind_114_anc_7-6,0.000842,0.000000,0.000000,0.010805
Q_ind_115_anc_7-6,0.006680,0.000000,0.000000,0.108429
Q_ind_116_anc_7-6,0.000244,0.000000,0.000000,0.003120
Q_ind_117_anc_7-6,0.000933,0.000000,0.000000,0.013176
Q_ind_118_anc_7-6,0.001752,0.000000,0.000000,0.022717
Q_ind_119_anc_7-6,0.001704,0.000000,0.000000,0.020704
Q_ind_120_anc_7-6,0.001125,0.000000,0.000000,0.013521
Q_ind_121_anc_7-6,0.001292,0.000000,0.000000,0.015959
Q_ind_122_anc_7-6,0.000293,0.000000,0.000000,0.003523
Q_ind_123_anc_7-6,0.000543,0.000000,0.000000,0.006204
Q_ind_124_anc_7-6,0.001029,0.000000,0.000000,0.013111
Q_ind_125_anc_7-6,0.000790,0.000000,0.000000,0.009706
Q_ind_126_anc_7-6,0.001825,0.000000,0.000000,0.022407
Q_ind_127_anc_7-6,0.001093,0.000000,0.000000,0.012998
Q_ind_128_anc_7-6,0.000801,0.000000,0.000000,0.011741
Q_ind_129_anc_7-6,0.000192,0.000000,0.000000,0.002220
Q_ind_130_anc_7-6,0.000231,0.000000,0.000000,0.002829
Q_ind_131_anc_7-6,0.000450,0.000000,0.000000,0.005096
Q_ind_132_anc_7-6,0.000821,0.000000,0.000000,0.010989
Q_ind_133_anc_7-6,0.000216,0.000000,0.000000,0.002336
Q_ind_134_anc_7-6,0.000636,0.000000,0.000000,0.008136
Q_ind_135_anc_7-6,0.000638,0.000000,0.000000,0.008345
Q_ind_136_anc_7-6,0.000259,0.000000,0.000000,0.003240
Q_ind_137_anc_7-6,0.000853,0.000000,0.000000,0.011033
Q_ind_138_anc_7-6,0.000393,0.000000,0.000000,0.004928
Q_ind_139_anc_7-6,0.000196,0.000000,0.000000,0.002291
Q_ind_140_anc_7-6,0.000221,0.000000,0.000000,0.002631
Q_ind_141_anc_7-6,0.000186,0.000000,0.000000,0.002250
Q_ind_142_anc_7-6,0.000378,0.000000,0.000000,0.004257
Q_ind_143_anc_7-6,0.000209,0.000000,0.000000,0.002321
Q_ind_144_anc_7-6,0.000320,0.000000,0.000000,0.003743
Q_ind_145_anc_7-6,0.000803,0.000000,0.000000,0.010631
Q_ind_146_anc_7-6,0.000443,0.000000,0.000000,0.004919
Q_ind_147_anc_7-6,0.000303,0.000000,0.000000,0.003627
Q_ind_148_anc_7-6,0.001449,0.000000,0.000000,0.020127
Q_ind_149_anc_7-6,0.000309,0.000000,0.000000,0.003621
Q_ind_150_anc_7-6,0.001018,0.000000,0.000000,0.012173
Q_ind_151_anc_7-6,0.000248,0.000000,0.000000,0.003063
Q_ind_152_anc_7-6,0.000740,0.000000,0.000000,0.009134
Q_ind_153_anc_7-6,0.023306,0.002173,0.000000,0.095952
Q_ind_154_anc_7-6,0.000683,0.000000,0.000000,0.008542
Q_ind_155_anc_7-6,0.000258,0.000000,0.000000,0.002998
Q_ind_156_anc_7-6,0.011243,0.000000,0.000000,0.098140
Q_ind_157_anc_7-6,0.000404,0.000000,0.000000,0.005112
Q_ind_158_anc_7-6,0.000298,0.000000,0.000000,0.003618
Q_ind_159_anc_7-6,0.000416,0.000000,0.000000,0.004813
Q_ind_160_anc_7-6,0.000160,0.000000,0.000000,0.001805
Q_ind_161_anc_7-6,0.000446,0.000000,0.000000,0.005037
Q_ind_162_anc_7-6,0.000497,0.000000,0.000000,0.006817
Q_ind_163_anc_7-6,0.000161,0.000000,0.000000,0.001903
Q_ind_164_anc_7-6,0.000841,0.000000,0.000000,0.009587
Q_ind_165_anc_7-6,0.000568,0.000000,0.000000,0.007064
Q_ind_166_anc_7-6,0.000909,0.000000,0.000000,0.011836
Q_ind_167_anc_7-6,0.001443,0.000000,0.000000,0.020393
Q_ind_168_anc_7-6,0.000422,0.000000,0.000000,0.004205
Q_ind_169_anc_7-6,0.000456,0.000000,0.000000,0.005599
Q_ind_170_anc_7-6,0.000518,0.000000,0.000000,0.006562
Q_ind_171_anc_7-6,0.000669,0.000000,0.000000,0.007955
Q_ind_172_anc_7-6,0.001185,0.000000,0.000000,0.017169
Q_ind_173_anc_7-6,0.000090,0.000000,0.000000,0.001148
Q_ind_174_anc_7-6,0.000297,0.000000,0.000000,0.003291
Q_ind_175_anc_7-6,0.000098,0.000000,0.000000,0.001029
Q_ind_176_anc_7-6,0.000062,0.000000,0.000000,0.000707
Q_ind_177_anc_7-6,0.000236,0.000000,0.000000,0.002656
Q_ind_178_anc_7-6,0.000379,0.000000,0.000000,0.004846
Q_ind_179_anc_7-6,0.000304,0.000000,0.000000,0.003327
Q_ind_180_anc_7-6,0.000373,0.000000,0.000000,0.003898
Q_ind_181_anc_7-6,0.000609,0.000000,0.000000,0.007429
Q_ind_182_anc_7-6,0.000677,0.000000,0.000000,0.009222
Q_ind_183_anc_7-6,0.002241,0.000000,0.000000,0.024795
Q_ind_184_anc_7-6,0.005184,0.000000,0.000000,0.048231
Q_ind_185_anc_7-6,0.000179,0.000000,0.000000,0.001908
Q_ind_186_anc_7-6,0.000189,0.000000,0.000000,0.002196
Q_ind_187_anc_7-6,0.000679,0.000000,0.000000,0.008872
Q_ind_188_anc_7-6,0.000219,0.000000,0.000000,0.002626
Q_ind_189_anc_7-6,0.000550,0.000000,0.000000,0.006483
Q_ind_190_anc_7-6,0.000712,0.000000,0.000000,0.008954
Q_ind_191_anc_7-6,0.000748,0.000000,0.000000,0.009769
Q_ind_192_anc_7-6,0.001837,0.000000,0.000000,0.022592
Q_ind_193_anc_7-6,0.000470,0.000000,0.000000,0.005520
Q_ind_194_anc_7-6,0.000411,0.000000,0.000000,0.005090
Q_ind_195_anc_7-6,0.000537,0.000000,0.000000,0.005118
Q_ind_196_anc_7-6,0.002743,0.000000,0.000000,0.038192
Q_ind_197_anc_7-6,0.000975,0.000000,0.000000,0.010816
Q_ind_198_anc_7-6,0.000881,0.000000,0.000000,0.011892
Q_ind_199_anc_7-6,0.000581,0.000000,0.000000,0.007381
Q_ind_200_anc_7-6,0.000633,0.000000,0.000000,0.007392
Q_ind_201_anc_7-6,0.000207,0.000000,0.000000,0.002376
Q_ind_202_anc_7-6,0.000386,0.000000,0.000000,0.004481
Q_ind_203_anc_7-6,0.000375,0.000000,0.000000,0.003914
Q_ind_204_anc_7-6,0.000736,0.000000,0.000000,0.009082
Q_ind_205_anc_7-6,0.000748,0.000000,0.000000,0.009581
Q_ind_206_anc_7-6,0.000592,0.000000,0.000000,0.006989
Q_ind_207_anc_7-6,0.000357,0.000000,0.000000,0.004209
Q_ind_208_anc_7-6,0.000358,0.000000,0.000000,0.004233
Q_ind_209_anc_7-6,0.000863,0.000000,0.000000,0.011071
Q_ind_210_anc_7-6,0.000817,0.000000,0.000000,0.010935
Q_ind_211_anc_7-6,0.000520,0.000000,0.000000,0.007041
Q_ind_212_anc_7-6,0.000329,0.000000,0.000000,0.004057
Q_ind_213_anc_7-6,0.001184,0.000000,0.000000,0.016128
Q_ind_214_anc_7-6,0.002811,0.000000,0.000000,0.044850
Q_ind_215_anc_7-6,0.000242,0.000000,0.000000,0.003183
Q_ind_216_anc_7-6,0.000182,0.000000,0.000000,0.002438
Q_ind_217_anc_7-6,0.000358,0.000000,0.000000,0.004620
Q_ind_218_anc_7-6,0.000209,0.000000,0.000000,0.002342
Q_ind_219_anc_7-6,0.000775,0.000000,0.000000,0.010376
Q_ind_220_anc_7-6,0.000116,0.000000,0.000000,0.001328
Q_ind_221_anc_7-6,0.000563,0.000000,0.000000,0.007279
Q_ind_222_anc_7-6,0.000199,0.000000,0.000000,0.002178
Q_ind_1_anc_7-7,0.000078,0.000000,0.000000,0.000946
Q_ind_2_anc_7-7,0.000570,0.000000,0.000000,0.006879
Q_ind_3_anc_7-7,0.000398,0.000000,0.000000,0.005334
Q_ind_4_anc_7-7,0.000559,0.000000,0.000000,0.007656
Q_ind_5_anc_7-7,0.000054,0.000000,0.000000,0.000666
Q_ind_6_anc_7-7,0.001837,0.000000,0.000000,0.017884
Q_ind_7_anc_7-7,0.000270,0.000000,0.000000,0.003113
Q_ind_8_anc_7-7,0.000222,0.000000,0.000000,0.002672
Q_ind_9_anc_7-7,0.006697,0.000000,0.000000,0.062983
Q_ind_10_anc_7-7,0.000221,0.000000,0.000000,0.002353
Q_ind_11_anc_7-7,0.000186,0.000000,0.000000,0.001752
Q_ind_12_anc_7-7,0.000277,0.000000,0.000000,0.002949
Q_ind_13_anc_7-7,0.000215,0.000000,0.000000,0.002686
Q_ind_14_anc_7-7,0.000248,0.000000,0.000000,0.002831
Q_ind_15_anc_7-7,0.000383,0.000000,0.000000,0.004938
Q_ind_16_anc_7-7,0.000230,0.000000,0.000000,0.002934
Q_ind_17_anc_7-7,0.000119,0.000000,0.000000,0.001479
Q_ind_18_anc_7-7,0.000298,0.000000,0.000000,0.002937
Q_ind_19_anc_7-7,0.000115,0.000000,0.000000,0.001294
Q_ind_20_anc_7-7,0.000058,0.000000,0.000000,0.000698
Q_ind_21_anc_7-7,0.000368,0.000000,0.000000,0.005044
Q_ind_22_anc_7-7,0.000442,0.000000,0.000000,0.006310
Q_ind_23_anc_7-7,0.000279,0.000000,0.000000,0.003405
Q_ind_24_anc_7-7,0.000256,0.000000,0.000000,0.002438
Q_ind_25_anc_7-7,0.000384,0.000000,0.000000,0.004818
Q_ind_26_anc_7-7,0.000782,0.000000,0.000000,0.010883
Q_ind_27_anc_7-7,0.000200,0.000000,0.000000,0.002472
Q_ind_28_anc_7-7,0.000338,0.000000,0.000000,0.004002
Q_ind_29_anc_7-7,0.000482,0.000000,0.000000,0.006207
Q_ind_30_anc_7-7,0.000269,0.000000,0.000000,0.003654
Q_ind_31_anc_7-7,0.000107,0.000000,0.000000,0.001281
Q_ind_32_anc_7-7,0.000739,0.000000,0.000000,0.008809
Q_ind_33_anc_7-7,0.000089,0.000000,0.000000,0.001125
Q_ind_34_anc_7-7,0.000186,0.000000,0.000000,0.002537
Q_ind_35_anc_7-7,0.000139,0.000000,0.000000,0.001474
Q_ind_36_anc_7-7,0.000074,0.000000,0.000000,0.000892
Q_ind_37_anc_7-7,0.000223,0.000000,0.000000,0.002729
Q_ind_38_anc_7-7,0.000272,0.000000,0.000000,0.003587
Q_ind_39_anc_7-7,0.000086,0.000000,0.000000,0.001119
Q_ind_40_anc_7-7,0.001905,0.000000,0.000000,0.031197
Q_ind_41_anc_7-7,0.000166,0.000000,0.000000,0.002004
Q_ind_42_anc_7-7,0.000213,0.000000,0.000000,0.002403
Q_ind_43_anc_7-7,0.000276,0.000000,0.000000,0.003306
Q_ind_44_anc_7-7,0.000441,0.000000,0.000000,0.005865
Q_ind_45_anc_7-7,0.000450,0.000000,0.000000,0.005571
Q_ind_46_anc_7-7,0.000287,0.000000,0.000000,0.003488
Q_ind_47_anc_7-7,0.001098,0.000000,0.000000,0.014473
Q_ind_48_anc_7-7,0.000213,0.000000,0.000000,0.002430
Q_ind_49_anc_7-7,0.000155,0.000000,0.000000,0.002020
Q_ind_50_anc_7-7,0.000174,0.000000,0.000000,0.001973
Q_ind_51_anc_7-7,0.000099,0.000000,0.000000,0.001081
Q_ind_52_anc_7-7,0.000096,0.000000,0.000000,0.001110
Q_ind_53_anc_7-7,0.000143,0.000000,0.000000,0.001620
Q_ind_54_anc_7-7,0.000089,0.000000,0.000000,0.000965
Q_ind_55_anc_7-7,0.000097,0.000000,0.000000,0.001072
Q_ind_56_anc_7-7,0.000088,0.000000,0.000000,0.000953
Q_ind_57_anc_7-7,0.000402,0.000000,0.000000,0.004899
Q_ind_58_anc_7-7,0.000140,0.000000,0.000000,0.001750
Q_ind_59_anc_7-7,0.000195,0.000000,0.000000,0.002566
Q_ind_60_anc_7-7,0.000228,0.000000,0.000000,0.002645
Q_ind_61_anc_7-7,0.000244,0.000000,0.000000,0.002698
Q_ind_62_anc_7-7,0.000107,0.000000,0.000000,0.001148
Q_ind_63_anc_7-7,0.000075,0.000000,0.000000,0.000823
Q_ind_64_anc_7-7,0.000207,0.000000,0.000000,0.002405
Q_ind_65_anc_7-7,0.000131,0.000000,0.000000,0.001643
Q_ind_66_anc_7-7,0.000154,0.000000,0.000000,0.001727
Q_ind_67_anc_7-7,0.000074,0.000000,0.000000,0.000969
Q_ind_68_anc_7-7,0.000095,0.000000,0.000000,0.001000
Q_ind_69_anc_7-7,0.000224,0.000000,0.000000,0.002660
Q_ind_70_anc_7-7,0.000447,0.000000,0.000000,0.005978
Q_ind_71_anc_7-7,0.000442,0.000000,0.000000,0.005342
Q_ind_72_anc_7-7,0.000487,0.000000,0.000000,0.006012
Q_ind_73_anc_7-7,0.001012,0.000000,0.000000,0.013153
Q_ind_74_anc_7-7,0.001982,0.000000,0.000000,0.027666
Q_ind_75_anc_7-7,0.005966,0.000000,0.000000,0.050004
Q_ind_76_anc_7-7,0.007246,0.000006,0.000000,0.037375
Q_ind_77_anc_7-7,0.001035,0.000000,0.000000,0.012229
Q_ind_78_anc_7-7,0.003135,0.000000,0.000000,0.030726
Q_ind_79_anc_7-7,0.000614,0.000000,0.000000,0.008410
Q_ind_80_anc_7-7,0.000198,0.000000,0.000000,0.002441
Q_ind_81_anc_7-7,0.012146,0.000000,0.000000,0.083117
Q_ind_82_anc_7-7,0.039211,0.039586,0.000000,0.102193
Q_ind_83_anc_7-7,0.023751,0.013038,0.000000,0.101070
Q_ind_84_anc_7-7,0.038089,0.038821,0.000000,0.102591
Q_ind_85_anc_7-7,0.009657,0.000000,0.000000,0.079151
Q_ind_86_anc_7-7,0.005082,0.000000,0.000000,0.053544
Q_ind_87_anc_7-7,0.000137,0.000000,0.000000,0.001666
Q_ind_88_anc_7-7,0.009750,0.000000,0.000000,0.069179
Q_ind_89_anc_7-7,0.000281,0.000000,0.000000,0.003528
Q_ind_90_anc_7-7,0.000193,0.000000,0.000000,0.002509
Q_ind_91_anc_7-7,0.000053,0.000000,0.000000,0.000549
Q_ind_92_anc_7-7,0.000057,0.000000,0.000000,0.000682
Q_ind_93_anc_7-7,0.000131,0.000000,0.000000,0.001578
Q_ind_94_anc_7-7,0.000103,0.000000,0.000000,0.001203
Q_ind_95_anc_7-7,0.000141,0.000000,0.000000,0.001634
Q_ind_96_anc_7-7,0.000117,0.000000,0.000000,0.001338
Q_ind_97_anc_7-7,0.000051,0.000000,0.000000,0.000587
Q_ind_98_anc_7-7,0.000239,0.000000,0.000000,0.002784
Q_ind_99_anc_7-7,0.000236,0.000000,0.000000,0.002955
Q_ind_100_anc_7-7,0.000465,0.000000,0.000000,0.006178
Q_ind_101_anc_7-7,0.000470,0.000000,0.000000,0.005411
Q_ind_102_anc_7-7,0.000247,0.000000,0.000000,0.002759
Q_ind_103_anc_7-7,0.000245,0.000000,0.000000,0.003221
Q_ind_104_anc_7-7,0.000217,0.000000,0.000000,0.001909
Q_ind_105_anc_7-7,0.000537,0.000000,0.000000,0.005532
Q_ind_106_anc_7-7,0.002316,0.000000,0.000000,0.028782
Q_ind_107_anc_7-7,0.000185,0.000000,0.000000,0.002160
Q_ind_108_anc_7-7,0.000313,0.000000,0.000000,0.003338
Q_ind_109_anc_7-7,0.000194,0.000000,0.000000,0.002571
Q_ind_110_anc_7-7,0.000098,0.000000,0.000000,0.001076
Q_ind_111_anc_7-7,0.000207,0.000000,0.000000,0.002588
Q_ind_112_anc_7-7,0.000154,0.000000,0.000000,0.001730
Q_ind_113_anc_7-7,0.000192,0.000000,0.000000,0.002522
Q_ind_114_anc_7-7,0.000313,0.000000,0.000000,0.004317
Q_ind_115_anc_7-7,0.000127,0.000000,0.000000,0.001576
Q_ind_116_anc_7-7,0.001837,0.000000,0.000000,0.022395
Q_ind_117_anc_7-7,0.001506,0.000000,0.000000,0.019100
Q_ind_118_anc_7-7,0.001022,0.000000,0.000000,0.011743
Q_ind_119_anc_7-7,0.004277,0.000000,0.000000,0.046015
Q_ind_120_anc_7-7,0.000680,0.000000,0.000000,0.008791
Q_ind_121_anc_7-7,0.001037,0.000000,0.000000,0.013043
Q_ind_122_anc_7-7,0.000079,0.000000,0.000000,0.000893
Q_ind_123_anc_7-7,0.000054,0.000000,0.000000,0.000623
Q_ind_124_anc_7-7,0.001321,0.000000,0.000000,0.019160
Q_ind_125_anc_7-7,0.000148,0.000000,0.000000,0.001638
Q_ind_126_anc_7-7,0.000664,0.000000,0.000000,0.009664
Q_ind_127_anc_7-7,0.000133,0.000000,0.000000,0.001272
Q_ind_128_anc_7-7,0.000175,0.000000,0.000000,0.002083
Q_ind_129_anc_7-7,0.000055,0.000000,0.000000,0.000652
Q_ind_130_anc_7-7,0.000149,0.000000,0.000000,0.001796
Q_ind_131_anc_7-7,0.000185,0.000000,0.000000,0.002226
Q_ind_132_anc_7-7,0.000519,0.000000,0.000000,0.006997
Q_ind_133_anc_7-7,0.000048,0.000000,0.000000,0.000625
Q_ind_134_anc_7-7,0.000143,0.000000,0.000000,0.001731
Q_ind_135_anc_7-7,0.000269,0.000000,0.000000,0.003185
Q_ind_136_anc_7-7,0.000794,0.000000,0.000000,0.009906
Q_ind_137_anc_7-7,0.000484,0.000000,0.000000,0.005829
Q_ind_138_anc_7-7,0.000203,0.000000,0.000000,0.002164
Q_ind_139_anc_7-7,0.000329,0.000000,0.000000,0.003202
Q_ind_140_anc_7-7,0.002964,0.000000,0.000000,0.025237
Q_ind_141_anc_7-7,0.000103,0.000000,0.000000,0.001179
Q_ind_142_anc_7-7,0.000281,0.000000,0.000000,0.003310
Q_ind_143_anc_7-7,0.001125,0.000000,0.000000,0.015479
Q_ind_144_anc_7-7,0.000930,0.000000,0.000000,0.010524
Q_ind_145_anc_7-7,0.000161,0.000000,0.000000,0.001947
Q_ind_146_anc_7-7,0.001179,0.000000,0.000000,0.018329
Q_ind_147_anc_7-7,0.000207,0.000000,0.000000,0.002854
Q_ind_148_anc_7-7,0.000205,0.000000,0.000000,0.002207
Q_ind_149_anc_7-7,0.000065,0.000000,0.000000,0.000775
Q_ind_150_anc_7-7,0.005397,0.000000,0.000000,0.048285
Q_ind_151_anc_7-7,0.000213,0.000000,0.000000,0.002441
Q_ind_152_anc_7-7,0.000295,0.000000,0.000000,0.003675
Q_ind_153_anc_7-7,0.000248,0.000000,0.000000,0.003340
Q_ind_154_anc_7-7,0.000331,0.000000,0.000000,0.004148
Q_ind_155_anc_7-7,0.000100,0.000000,0.000000,0.001196
Q_ind_156_anc_7-7,0.000219,0.000000,0.000000,0.002243
Q_ind_157_anc_7-7,0.041172,0.028291,0.000000,0.166354
Q_ind_158_anc_7-7,0.056014,0.059624,0.000000,0.124810
Q_ind_159_anc_7-7,0.057010,0.061229,0.000000,0.125540
Q_ind_160_anc_7-7,0.069009,0.067740,0.000000,0.175710
Q_ind_161_anc_7-7,0.002756,0.000000,0.000000,0.026750
Q_ind_162_anc_7-7,0.034731,0.029254,0.000000,0.107611
Q_ind_163_anc_7-7,0.064510,0.063522,0.000000,0.135624
Q_ind_164_anc_7-7,0.000980,0.000000,0.000000,0.013284
Q_ind_165_anc_7-7,0.000196,0.000000,0.000000,0.002394
Q_ind_166_anc_7-7,0.000214,0.000000,0.000000,0.002599
Q_ind_167_anc_7-7,0.000178,0.000000,0.000000,0.002080
Q_ind_168_anc_7-7,0.001230,0.000000,0.000000,0.016614
Q_ind_169_anc_7-7,0.000162,0.000000,0.000000,0.001816
Q_ind_170_anc_7-7,0.000264,0.000000,0.000000,0.003180
Q_ind_171_anc_7-7,0.000105,0.000000,0.000000,0.001157
Q_ind_172_anc_7-7,0.000341,0.000000,0.000000,0.004660
Q_ind_173_anc_7-7,0.000051,0.000000,0.000000,0.000613
Q_ind_174_anc_7-7,0.000168,0.000000,0.000000,0.001820
Q_ind_175_anc_7-7,0.000100,0.000000,0.000000,0.001231
Q_ind_176_anc_7-7,0.000050,0.000000,0.000000,0.000636
Q_ind_177_anc_7-7,0.000111,0.000000,0.000000,0.001267
Q_ind_178_anc_7-7,0.000043,0.000000,0.000000,0.000538
Q_ind_179_anc_7-7,0.000247,0.000000,0.000000,0.003061
Q_ind_180_anc_7-7,0.001793,0.000000,0.000000,0.024168
Q_ind_181_anc_7-7,0.000591,0.000000,0.000000,0.008423
Q_ind_182_anc_7-7,0.000497,0.000000,0.000000,0.006424
Q_ind_183_anc_7-7,0.000425,0.000000,0.000000,0.005785
Q_ind_184_anc_7-7,0.001463,0.000000,0.000000,0.019326
Q_ind_185_anc_7-7,0.000059,0.000000,0.000000,0.000614
Q_ind_186_anc_7-7,0.000175,0.000000,0.000000,0.001984
Q_ind_187_anc_7-7,0.001746,0.000000,0.000000,0.019558
Q_ind_188_anc_7-7,0.000437,0.000000,0.000000,0.005366
Q_ind_189_anc_7-7,0.000053,0.000000,0.000000,0.000593
Q_ind_190_anc_7-7,0.000220,0.000000,0.000000,0.002741
Q_ind_191_anc_7-7,0.000105,0.000000,0.000000,0.001199
Q_ind_192_anc_7-7,0.000544,0.000000,0.000000,0.006625
Q_ind_193_anc_7-7,0.000200,0.000000,0.000000,0.002202
Q_ind_194_anc_7-7,0.000109,0.000000,0.000000,0.001331
Q_ind_195_anc_7-7,0.000088,0.000000,0.000000,0.001069
Q_ind_196_anc_7-7,0.000594,0.000000,0.000000,0.006992
Q_ind_197_anc_7-7,0.000212,0.000000,0.000000,0.002550
Q_ind_198_anc_7-7,0.000261,0.000000,0.000000,0.003247
Q_ind_199_anc_7-7,0.000298,0.000000,0.000000,0.003432
Q_ind_200_anc_7-7,0.000058,0.000000,0.000000,0.000598
Q_ind_201_anc_7-7,0.000053,0.000000,0.000000,0.000649
Q_ind_202_anc_7-7,0.000264,0.000000,0.000000,0.003036
Q_ind_203_anc_7-7,0.000091,0.000000,0.000000,0.000940
Q_ind_204_anc_7-7,0.000365,0.000000,0.000000,0.004088
Q_ind_205_anc_7-7,0.005376,0.000000,0.000000,0.037365
Q_ind_206_anc_7-7,0.000784,0.000000,0.000000,0.010842
Q_ind_207_anc_7-7,0.000620,0.000000,0.000000,0.006600
Q_ind_208_anc_7-7,0.000071,0.000000,0.000000,0.000852
Q_ind_209_anc_7-7,0.000093,0.000000,0.000000,0.001129
Q_ind_210_anc_7-7,0.000262,0.000000,0.000000,0.002573
Q_ind_211_anc_7-7,0.000336,0.000000,0.000000,0.004096
Q_ind_212_anc_7-7,0.000097,0.000000,0.000000,0.001126
Q_ind_213_anc_7-7,0.000117,0.000000,0.000000,0.001400
Q_ind_214_anc_7-7,0.000127,0.000000,0.000000,0.001509
Q_ind_215_anc_7-7,0.000097,0.000000,0.000000,0.001078
Q_ind_216_anc_7-7,0.000085,0.000000,0.000000,0.000951
Q_ind_217_anc_7-7,0.000085,0.000000,0.000000,0.000917
Q_ind_218_anc_7-7,0.000089,0.000000,0.000000,0.000982
Q_ind_219_anc_7-7,0.000146,0.000000,0.000000,0.001869
Q_ind_220_anc_7-7,0.000054,0.000000,0.000000,0.000581
Q_ind_221_anc_7-7,0.000244,0.000000,0.000000,0.002939
Q_ind_222_anc_7-7,0.000060,0.000000,0.000000,0.000716
