param,mean,median,ci_0.950_LB,ci_0.950_UB
Q_ind_1_anc_1-1,0.000053,0.000000,0.000000,0.000503
Q_ind_2_anc_1-1,0.000242,0.000000,0.000000,0.002536
Q_ind_3_anc_1-1,0.000257,0.000000,0.000000,0.002728
Q_ind_4_anc_1-1,0.000915,0.000000,0.000000,0.013579
Q_ind_5_anc_1-1,0.000038,0.000000,0.000000,0.000335
Q_ind_6_anc_1-1,0.004779,0.000000,0.000000,0.048383
Q_ind_7_anc_1-1,0.000158,0.000000,0.000000,0.001511
Q_ind_8_anc_1-1,0.000367,0.000000,0.000000,0.003897
Q_ind_9_anc_1-1,0.002596,0.000000,0.000000,0.040570
Q_ind_10_anc_1-1,0.000164,0.000000,0.000000,0.001759
Q_ind_11_anc_1-1,0.009063,0.000000,0.000000,0.071371
Q_ind_12_anc_1-1,0.000621,0.000000,0.000000,0.008226
Q_ind_13_anc_1-1,0.000151,0.000000,0.000000,0.001215
Q_ind_14_anc_1-1,0.000208,0.000000,0.000000,0.002576
Q_ind_15_anc_1-1,0.000098,0.000000,0.000000,0.001018
Q_ind_16_anc_1-1,0.000165,0.000000,0.000000,0.001977
Q_ind_17_anc_1-1,0.000144,0.000000,0.000000,0.001502
Q_ind_18_anc_1-1,0.000536,0.000000,0.000000,0.006827
Q_ind_19_anc_1-1,0.000058,0.000000,0.000000,0.000524
Q_ind_20_anc_1-1,0.000046,0.000000,0.000000,0.000536
Q_ind_21_anc_1-1,0.004045,0.000000,0.000000,0.046812
Q_ind_22_anc_1-1,0.000413,0.000000,0.000000,0.005372
Q_ind_23_anc_1-1,0.001328,0.000000,0.000000,0.016274
Q_ind_24_anc_1-1,0.000157,0.000000,0.000000,0.001466
Q_ind_25_anc_1-1,0.008881,0.000000,0.000000,0.129514
Q_ind_26_anc_1-1,0.001112,0.000000,0.000000,0.016884
Q_ind_27_anc_1-1,0.000368,0.000000,0.000000,0.004424
Q_ind_28_anc_1-1,0.000549,0.000000,0.000000,0.007024
Q_ind_29_anc_1-1,0.000309,0.000000,0.000000,0.003249
Q_ind_30_anc_1-1,0.000564,0.000000,0.000000,0.005459
Q_ind_31_anc_1-1,0.000056,0.000000,0.000000,0.000503
Q_ind_32_anc_1-1,0.020279,0.000000,0.000000,0.107914
Q_ind_33_anc_1-1,0.000318,0.000000,0.000000,0.002453
Q_ind_34_anc_1-1,0.000200,0.000000,0.000000,0.002459
Q_ind_35_anc_1-1,0.000208,0.000000,0.000000,0.001937
Q_ind_36_anc_1-1,0.000049,0.000000,0.000000,0.000389
Q_ind_37_anc_1-1,0.000098,0.000000,0.000000,0.001146
Q_ind_38_anc_1-1,0.000070,0.000000,0.000000,0.000499
Q_ind_39_anc_1-1,0.000038,0.000000,0.000000,0.000325
Q_ind_40_anc_1-1,0.004026,0.000000,0.000000,0.061063
Q_ind_41_anc_1-1,0.000201,0.000000,0.000000,0.001668
Q_ind_42_anc_1-1,0.000482,0.000000,0.000000,0.004438
Q_ind_43_anc_1-1,0.001836,0.000000,0.000000,0.024870
Q_ind_44_anc_1-1,0.003515,0.000000,0.000000,0.044001
Q_ind_45_anc_1-1,0.002470,0.000000,0.000000,0.031392
Q_ind_46_anc_1-1,0.002535,0.000000,0.000000,0.033944
Q_ind_47_anc_1-1,0.002644,0.000000,0.000000,0.037896
Q_ind_48_anc_1-1,0.000307,0.000000,0.000000,0.002837
Q_ind_49_anc_1-1,0.007096,0.000000,0.000000,0.060474
Q_ind_50_anc_1-1,0.000917,0.000000,0.000000,0.012737
Q_ind_51_anc_1-1,0.000092,0.000000,0.000000,0.001026
Q_ind_52_anc_1-1,0.000157,0.000000,0.000000,0.001263
Q_ind_53_anc_1-1,0.000411,0.000000,0.000000,0.005473
Q_ind_54_anc_1-1,0.000305,0.000000,0.000000,0.002720
Q_ind_55_anc_1-1,0.000145,0.000000,0.000000,0.001595
Q_ind_56_anc_1-1,0.000159,0.000000,0.000000,0.001512
Q_ind_57_anc_1-1,0.000077,0.000000,0.000000,0.000611
Q_ind_58_anc_1-1,0.000151,0.000000,0.000000,0.001900
Q_ind_59_anc_1-1,0.000492,0.000000,0.000000,0.007316
Q_ind_60_anc_1-1,0.000214,0.000000,0.000000,0.001796
Q_ind_61_anc_1-1,0.000229,0.000000,0.000000,0.002585
Q_ind_62_anc_1-1,0.000970,0.000000,0.000000,0.012575
Q_ind_63_anc_1-1,0.000315,0.000000,0.000000,0.004005
Q_ind_64_anc_1-1,0.001115,0.000000,0.000000,0.013505
Q_ind_65_anc_1-1,0.002494,0.000000,0.000000,0.036149
Q_ind_66_anc_1-1,0.004709,0.000000,0.000000,0.047640
Q_ind_67_anc_1-1,0.000753,0.000000,0.000000,0.010938
Q_ind_68_anc_1-1,0.000194,0.000000,0.000000,0.002110
Q_ind_69_anc_1-1,0.000159,0.000000,0.000000,0.001818
Q_ind_70_anc_1-1,0.000056,0.000000,0.000000,0.000533
Q_ind_71_anc_1-1,0.000542,0.000000,0.000000,0.007933
Q_ind_72_anc_1-1,0.000296,0.000000,0.000000,0.002782
Q_ind_73_anc_1-1,0.002042,0.000000,0.000000,0.029978
Q_ind_74_anc_1-1,0.000084,0.000000,0.000000,0.000601
Q_ind_75_anc_1-1,0.000095,0.000000,0.000000,0.000908
Q_ind_76_anc_1-1,0.000622,0.000000,0.000000,0.004525
Q_ind_77_anc_1-1,0.001112,0.000000,0.000000,0.015060
Q_ind_78_anc_1-1,0.000387,0.000000,0.000000,0.002775
Q_ind_79_anc_1-1,0.040392,0.041088,0.000000,0.108048
Q_ind_80_anc_1-1,0.001047,0.000000,0.000000,0.016107
Q_ind_81_anc_1-1,0.001523,0.000000,0.000000,0.023232
Q_ind_82_anc_1-1,0.003519,0.000000,0.000000,0.049816
Q_ind_83_anc_1-1,0.003171,0.000000,0.000000,0.049335
Q_ind_84_anc_1-1,0.000386,0.000000,0.000000,0.004026
Q_ind_85_anc_1-1,0.000367,0.000000,0.000000,0.002506
Q_ind_86_anc_1-1,0.002309,0.000000,0.000000,0.028996
Q_ind_87_anc_1-1,0.000418,0.000000,0.000000,0.004704
Q_ind_88_anc_1-1,0.000217,0.000000,0.000000,0.002154
Q_ind_89_anc_1-1,0.000282,0.000000,0.000000,0.001764
Q_ind_90_anc_1-1,0.000558,0.000000,0.000000,0.005976
Q_ind_91_anc_1-1,0.000946,0.000000,0.000000,0.013160
Q_ind_92_anc_1-1,0.000153,0.000000,0.000000,0.001641
Q_ind_93_anc_1-1,0.000247,0.000000,0.000000,0.003025
Q_ind_94_anc_1-1,0.000136,0.000000,0.000000,0.001482
Q_ind_95_anc_1-1,0.000262,0.000000,0.000000,0.002530
Q_ind_96_anc_1-1,0.000104,0.000000,0.000000,0.001090
Q_ind_97_anc_1-1,0.000345,0.000000,0.000000,0.003835
Q_ind_98_anc_1-1,0.000038,0.000000,0.000000,0.000323
Q_ind_99_anc_1-1,0.000037,0.000000,0.000000,0.000327
Q_ind_100_anc_1-1,0.000159,0.000000,0.000000,0.001362
Q_ind_101_anc_1-1,0.000127,0.000000,0.000000,0.000947
Q_ind_102_anc_1-1,0.000096,0.000000,0.000000,0.000759
Q_ind_103_anc_1-1,0.000198,0.000000,0.000000,0.002696
Q_ind_104_anc_1-1,0.000194,0.000000,0.000000,0.002481
Q_ind_105_anc_1-1,0.000027,0.000000,0.000000,0.000245
Q_ind_106_anc_1-1,0.000228,0.000000,0.000000,0.002913
Q_ind_107_anc_1-1,0.000687,0.000000,0.000000,0.009034
Q_ind_108_anc_1-1,0.000316,0.000000,0.000000,0.002870
Q_ind_109_anc_1-1,0.006476,0.000000,0.000000,0.078524
Q_ind_110_anc_1-1,0.000249,0.000000,0.000000,0.002326
Q_ind_111_anc_1-1,0.000870,0.000000,0.000000,0.013000
Q_ind_112_anc_1-1,0.000460,0.000000,0.000000,0.005273
Q_ind_113_anc_1-1,0.015182,0.000000,0.000000,0.113327
Q_ind_114_anc_1-1,0.004063,0.000000,0.000000,0.054405
Q_ind_115_anc_1-1,0.000273,0.000000,0.000000,0.001679
Q_ind_116_anc_1-1,0.000216,0.000000,0.000000,0.001962
Q_ind_117_anc_1-1,0.000478,0.000000,0.000000,0.006318
Q_ind_118_anc_1-1,0.000222,0.000000,0.000000,0.002407
Q_ind_119_anc_1-1,0.000804,0.000000,0.000000,0.011264
Q_ind_120_anc_1-1,0.000130,0.000000,0.000000,0.000945
Q_ind_121_anc_1-1,0.000945,0.000000,0.000000,0.013850
Q_ind_122_anc_1-1,0.000174,0.000000,0.000000,0.001842
Q_ind_123_anc_1-1,0.001881,0.000000,0.000000,0.022850
Q_ind_124_anc_1-1,0.000096,0.000000,0.000000,0.001007
Q_ind_125_anc_1-1,0.000817,0.000000,0.000000,0.011352
Q_ind_126_anc_1-1,0.022035,0.000000,0.000000,0.108961
Q_ind_127_anc_1-1,0.000960,0.000000,0.000000,0.013847
Q_ind_128_anc_1-1,0.003675,0.000000,0.000000,0.053907
Q_ind_129_anc_1-1,0.023611,0.000000,0.000000,0.112371
Q_ind_130_anc_1-1,0.021370,0.000000,0.000000,0.103471
Q_ind_131_anc_1-1,0.000074,0.000000,0.000000,0.000718
Q_ind_132_anc_1-1,0.000032,0.000000,0.000000,0.000306
Q_ind_133_anc_1-1,0.004156,0.000000,0.000000,0.047458
Q_ind_134_anc_1-1,0.000325,0.000000,0.000000,0.003737
Q_ind_135_anc_1-1,0.026394,0.000000,0.000000,0.109154
Q_ind_136_anc_1-1,0.017011,0.000000,0.000000,0.094867
Q_ind_137_anc_1-1,0.027122,0.000004,0.000000,0.099876
Q_ind_138_anc_1-1,0.000039,0.000000,0.000000,0.000349
Q_ind_139_anc_1-1,0.000114,0.000000,0.000000,0.000953
Q_ind_140_anc_1-1,0.004317,0.000000,0.000000,0.052441
Q_ind_141_anc_1-1,0.034777,0.000000,0.000000,0.147954
Q_ind_142_anc_1-1,0.000030,0.000000,0.000000,0.000242
Q_ind_143_anc_1-1,0.000334,0.000000,0.000000,0.004088
Q_ind_144_anc_1-1,0.001437,0.000000,0.000000,0.019164
Q_ind_145_anc_1-1,0.000168,0.000000,0.000000,0.002093
Q_ind_146_anc_1-1,0.022462,0.001109,0.000000,0.080825
Q_ind_147_anc_1-1,0.008178,0.000000,0.000000,0.055606
Q_ind_148_anc_1-1,0.000956,0.000000,0.000000,0.014175
Q_ind_149_anc_1-1,0.000074,0.000000,0.000000,0.000653
Q_ind_150_anc_1-1,0.001888,0.000000,0.000000,0.024281
Q_ind_151_anc_1-1,0.000184,0.000000,0.000000,0.001997
Q_ind_152_anc_1-1,0.011116,0.000000,0.000000,0.052462
Q_ind_153_anc_1-1,0.002411,0.000000,0.000000,0.031977
Q_ind_154_anc_1-1,0.001813,0.000000,0.000000,0.023281
Q_ind_155_anc_1-1,0.000054,0.000000,0.000000,0.000503
Q_ind_156_anc_1-1,0.001152,0.000000,0.000000,0.014861
Q_ind_157_anc_1-1,0.003571,0.000000,0.000000,0.044926
Q_ind_158_anc_1-1,0.002877,0.000000,0.000000,0.045459
Q_ind_159_anc_1-1,0.000181,0.000000,0.000000,0.001873
Q_ind_160_anc_1-1,0.000321,0.000000,0.000000,0.002763
Q_ind_161_anc_1-1,0.002339,0.000000,0.000000,0.029812
Q_ind_162_anc_1-1,0.000668,0.000000,0.000000,0.009273
Q_ind_163_anc_1-1,0.004571,0.000000,0.000000,0.069392
Q_ind_164_anc_1-1,0.002604,0.000000,0.000000,0.039891
Q_ind_165_anc_1-1,0.020829,0.000000,0.000000,0.096779
Q_ind_166_anc_1-1,0.000279,0.000000,0.000000,0.002892
Q_ind_167_anc_1-1,0.030525,0.000000,0.000000,0.147539
Q_ind_168_anc_1-1,0.000037,0.000000,0.000000,0.000409
Q_ind_169_anc_1-1,0.000039,0.000000,0.000000,0.000348
Q_ind_170_anc_1-1,0.033526,0.000000,0.000000,0.124823
Q_ind_171_anc_1-1,0.000376,0.000000,0.000000,0.004524
Q_ind_172_anc_1-1,0.002608,0.000000,0.000000,0.033215
Q_ind_173_anc_1-1,0.000155,0.000000,0.000000,0.001563
Q_ind_174_anc_1-1,0.000252,0.000000,0.000000,0.003164
Q_ind_175_anc_1-1,0.000082,0.000000,0.000000,0.000894
Q_ind_176_anc_1-1,0.000108,0.000000,0.000000,0.001049
Q_ind_177_anc_1-1,0.104997,0.114352,0.000000,0.196424
Q_ind_178_anc_1-1,0.008759,0.000000,0.000000,0.083404
Q_ind_179_anc_1-1,0.000959,0.000000,0.000000,0.012050
Q_ind_180_anc_1-1,0.161180,0.161586,0.084788,0.239241
Q_ind_181_anc_1-1,0.000204,0.000000,0.000000,0.001794
Q_ind_182_anc_1-1,0.008056,0.000000,0.000000,0.125872
Q_ind_183_anc_1-1,0.002273,0.000000,0.000000,0.027907
Q_ind_184_anc_1-1,0.000413,0.000000,0.000000,0.003282
Q_ind_185_anc_1-1,0.105970,0.113665,0.000000,0.249303
Q_ind_186_anc_1-1,0.000297,0.000000,0.000000,0.003217
Q_ind_187_anc_1-1,0.000255,0.000000,0.000000,0.002334
Q_ind_188_anc_1-1,0.000308,0.000000,0.000000,0.003820
Q_ind_189_anc_1-1,0.001466,0.000000,0.000000,0.021401
Q_ind_190_anc_1-1,0.000179,0.000000,0.000000,0.002269
Q_ind_191_anc_1-1,0.000323,0.000000,0.000000,0.003782
Q_ind_192_anc_1-1,0.000045,0.000000,0.000000,0.000381
Q_ind_193_anc_1-1,0.000061,0.000000,0.000000,0.000550
Q_ind_194_anc_1-1,0.000044,0.000000,0.000000,0.000336
Q_ind_195_anc_1-1,0.000063,0.000000,0.000000,0.000571
Q_ind_196_anc_1-1,0.000078,0.000000,0.000000,0.000827
Q_ind_197_anc_1-1,0.000155,0.000000,0.000000,0.000898
Q_ind_198_anc_1-1,0.000094,0.000000,0.000000,0.000876
Q_ind_199_anc_1-1,0.000072,0.000000,0.000000,0.000685
Q_ind_200_anc_1-1,0.001117,0.000000,0.000000,0.013457
Q_ind_201_anc_1-1,0.000029,0.000000,0.000000,0.000239
Q_ind_202_anc_1-1,0.000109,0.000000,0.000000,0.001039
Q_ind_203_anc_1-1,0.046504,0.049741,0.000000,0.126268
Q_ind_204_anc_1-1,0.000451,0.000000,0.000000,0.005351
Q_ind_205_anc_1-1,0.013237,0.000000,0.000000,0.096594
Q_ind_206_anc_1-1,0.000433,0.000000,0.000000,0.004466
Q_ind_207_anc_1-1,0.006742,0.000000,0.000000,0.076671
Q_ind_208_anc_1-1,0.000038,0.000000,0.000000,0.000338
Q_ind_209_anc_1-1,0.000491,0.000000,0.000000,0.004981
Q_ind_210_anc_1-1,0.000575,0.000000,0.000000,0.005055
Q_ind_211_anc_1-1,0.004319,0.000000,0.000000,0.067883
Q_ind_212_anc_1-1,0.000039,0.000000,0.000000,0.000425
Q_ind_213_anc_1-1,0.000592,0.000000,0.000000,0.007523
Q_ind_214_anc_1-1,0.000101,0.000000,0.000000,0.001121
Q_ind_215_anc_1-1,0.000100,0.000000,0.000000,0.001100
Q_ind_216_anc_1-1,0.000211,0.000000,0.000000,0.002489
Q_ind_217_anc_1-1,0.000167,0.000000,0.000000,0.001820
Q_ind_218_anc_1-1,0.000059,0.000000,0.000000,0.000558
Q_ind_219_anc_1-1,0.000592,0.000000,0.000000,0.007948
Q_ind_220_anc_1-1,0.000299,0.000000,0.000000,0.002680
Q_ind_221_anc_1-1,0.000092,0.000000,0.000000,0.000877
Q_ind_222_anc_1-1,0.000494,0.000000,0.000000,0.006621
Q_ind_223_anc_1-1,0.000053,0.000000,0.000000,0.000555
Q_ind_224_anc_1-1,0.000040,0.000000,0.000000,0.000404
Q_ind_225_anc_1-1,0.000419,0.000000,0.000000,0.004059
Q_ind_226_anc_1-1,0.000073,0.000000,0.000000,0.000706
Q_ind_227_anc_1-1,0.002047,0.000000,0.000000,0.033901
Q_ind_228_anc_1-1,0.000146,0.000000,0.000000,0.001696
Q_ind_229_anc_1-1,0.002561,0.000000,0.000000,0.036161
Q_ind_230_anc_1-1,0.001155,0.000000,0.000000,0.016143
Q_ind_231_anc_1-1,0.000053,0.000000,0.000000,0.000477
Q_ind_232_anc_1-1,0.000101,0.000000,0.000000,0.001152
Q_ind_233_anc_1-1,0.000996,0.000000,0.000000,0.012989
Q_ind_234_anc_1-1,0.000603,0.000000,0.000000,0.006392
Q_ind_235_anc_1-1,0.000269,0.000000,0.000000,0.003015
Q_ind_236_anc_1-1,0.000499,0.000000,0.000000,0.004436
Q_ind_237_anc_1-1,0.000879,0.000000,0.000000,0.012412
Q_ind_238_anc_1-1,0.000130,0.000000,0.000000,0.001478
Q_ind_239_anc_1-1,0.000505,0.000000,0.000000,0.005207
Q_ind_240_anc_1-1,0.000078,0.000000,0.000000,0.000692
Q_ind_241_anc_1-1,0.000203,0.000000,0.000000,0.002251
Q_ind_242_anc_1-1,0.000184,0.000000,0.000000,0.001948
Q_ind_243_anc_1-1,0.000071,0.000000,0.000000,0.000616
Q_ind_244_anc_1-1,0.001913,0.000000,0.000000,0.028025
Q_ind_245_anc_1-1,0.000066,0.000000,0.000000,0.000623
Q_ind_1_anc_2-1,0.000135,0.000000,0.000000,0.001664
Q_ind_2_anc_2-1,0.000267,0.000000,0.000000,0.002746
Q_ind_3_anc_2-1,0.000211,0.000000,0.000000,0.002308
Q_ind_4_anc_2-1,0.001130,0.000000,0.000000,0.015708
Q_ind_5_anc_2-1,0.000126,0.000000,0.000000,0.001200
Q_ind_6_anc_2-1,0.000202,0.000000,0.000000,0.002151
Q_ind_7_anc_2-1,0.000348,0.000000,0.000000,0.003795
Q_ind_8_anc_2-1,0.000892,0.000000,0.000000,0.011846
Q_ind_9_anc_2-1,0.000321,0.000000,0.000000,0.003561
Q_ind_10_anc_2-1,0.000181,0.000000,0.000000,0.002225
Q_ind_11_anc_2-1,0.000410,0.000000,0.000000,0.004866
Q_ind_12_anc_2-1,0.000226,0.000000,0.000000,0.002642
Q_ind_13_anc_2-1,0.001056,0.000000,0.000000,0.013390
Q_ind_14_anc_2-1,0.000518,0.000000,0.000000,0.005874
Q_ind_15_anc_2-1,0.001278,0.000000,0.000000,0.018151
Q_ind_16_anc_2-1,0.004232,0.000000,0.000000,0.065194
Q_ind_17_anc_2-1,0.041636,0.000000,0.000000,0.176229
Q_ind_18_anc_2-1,0.000580,0.000000,0.000000,0.006444
Q_ind_19_anc_2-1,0.000176,0.000000,0.000000,0.001211
Q_ind_20_anc_2-1,0.000418,0.000000,0.000000,0.003831
Q_ind_21_anc_2-1,0.005038,0.000000,0.000000,0.072810
Q_ind_22_anc_2-1,0.000730,0.000000,0.000000,0.010008
Q_ind_23_anc_2-1,0.000755,0.000000,0.000000,0.008767
Q_ind_24_anc_2-1,0.005067,0.000000,0.000000,0.058758
Q_ind_25_anc_2-1,0.071492,0.078521,0.000000,0.144630
Q_ind_26_anc_2-1,0.000163,0.000000,0.000000,0.001502
Q_ind_27_anc_2-1,0.000684,0.000000,0.000000,0.007441
Q_ind_28_anc_2-1,0.001579,0.000000,0.000000,0.022522
Q_ind_29_anc_2-1,0.002113,0.000000,0.000000,0.029469
Q_ind_30_anc_2-1,0.000816,0.000000,0.000000,0.014457
Q_ind_31_anc_2-1,0.000225,0.000000,0.000000,0.002432
Q_ind_32_anc_2-1,0.001310,0.000000,0.000000,0.016893
Q_ind_33_anc_2-1,0.000393,0.000000,0.000000,0.004757
Q_ind_34_anc_2-1,0.000223,0.000000,0.000000,0.002520
Q_ind_35_anc_2-1,0.000446,0.000000,0.000000,0.005611
Q_ind_36_anc_2-1,0.000107,0.000000,0.000000,0.001219
Q_ind_37_anc_2-1,0.000188,0.000000,0.000000,0.001593
Q_ind_38_anc_2-1,0.000245,0.000000,0.000000,0.002363
Q_ind_39_anc_2-1,0.000254,0.000000,0.000000,0.003031
Q_ind_40_anc_2-1,0.002026,0.000000,0.000000,0.027917
Q_ind_41_anc_2-1,0.000219,0.000000,0.000000,0.002626
Q_ind_42_anc_2-1,0.000699,0.000000,0.000000,0.009383
Q_ind_43_anc_2-1,0.004564,0.000000,0.000000,0.063344
Q_ind_44_anc_2-1,0.000806,0.000000,0.000000,0.007873
Q_ind_45_anc_2-1,0.004970,0.000000,0.000000,0.065769
Q_ind_46_anc_2-1,0.000710,0.000000,0.000000,0.008704
Q_ind_47_anc_2-1,0.006281,0.000000,0.000000,0.101617
Q_ind_48_anc_2-1,0.000618,0.000000,0.000000,0.007285
Q_ind_49_anc_2-1,0.000527,0.000000,0.000000,0.006868
Q_ind_50_anc_2-1,0.000718,0.000000,0.000000,0.009900
Q_ind_51_anc_2-1,0.001194,0.000000,0.000000,0.013946
Q_ind_52_anc_2-1,0.002927,0.000000,0.000000,0.038209
Q_ind_53_anc_2-1,0.000259,0.000000,0.000000,0.002889
Q_ind_54_anc_2-1,0.033099,0.000000,0.000000,0.151931
Q_ind_55_anc_2-1,0.094000,0.108642,0.000000,0.180503
Q_ind_56_anc_2-1,0.003644,0.000000,0.000000,0.053753
Q_ind_57_anc_2-1,0.000292,0.000000,0.000000,0.002662
Q_ind_58_anc_2-1,0.001024,0.000000,0.000000,0.013978
Q_ind_59_anc_2-1,0.080967,0.091701,0.000000,0.204246
Q_ind_60_anc_2-1,0.008509,0.000000,0.000000,0.096230
Q_ind_61_anc_2-1,0.032826,0.000001,0.000000,0.138785
Q_ind_62_anc_2-1,0.033858,0.000000,0.000000,0.171539
Q_ind_63_anc_2-1,0.000145,0.000000,0.000000,0.001499
Q_ind_64_anc_2-1,0.000122,0.000000,0.000000,0.001520
Q_ind_65_anc_2-1,0.000160,0.000000,0.000000,0.001758
Q_ind_66_anc_2-1,0.000127,0.000000,0.000000,0.001154
Q_ind_67_anc_2-1,0.000176,0.000000,0.000000,0.002172
Q_ind_68_anc_2-1,0.001770,0.000000,0.000000,0.025185
Q_ind_69_anc_2-1,0.000322,0.000000,0.000000,0.003908
Q_ind_70_anc_2-1,0.001718,0.000000,0.000000,0.028503
Q_ind_71_anc_2-1,0.000351,0.000000,0.000000,0.004590
Q_ind_72_anc_2-1,0.003765,0.000000,0.000000,0.061213
Q_ind_73_anc_2-1,0.001236,0.000000,0.000000,0.014754
Q_ind_74_anc_2-1,0.000563,0.000000,0.000000,0.006550
Q_ind_75_anc_2-1,0.000254,0.000000,0.000000,0.001858
Q_ind_76_anc_2-1,0.007967,0.000000,0.000000,0.085960
Q_ind_77_anc_2-1,0.000264,0.000000,0.000000,0.002732
Q_ind_78_anc_2-1,0.000130,0.000000,0.000000,0.001063
Q_ind_79_anc_2-1,0.000196,0.000000,0.000000,0.001641
Q_ind_80_anc_2-1,0.000312,0.000000,0.000000,0.003463
Q_ind_81_anc_2-1,0.000253,0.000000,0.000000,0.002593
Q_ind_82_anc_2-1,0.000762,0.000000,0.000000,0.011431
Q_ind_83_anc_2-1,0.000314,0.000000,0.000000,0.003575
Q_ind_84_anc_2-1,0.000183,0.000000,0.000000,0.002024
Q_ind_85_anc_2-1,0.000128,0.000000,0.000000,0.001470
Q_ind_86_anc_2-1,0.000552,0.000000,0.000000,0.008106
Q_ind_87_anc_2-1,0.000478,0.000000,0.000000,0.005694
Q_ind_88_anc_2-1,0.004955,0.000000,0.000000,0.075512
Q_ind_89_anc_2-1,0.015350,0.000000,0.000000,0.111157
Q_ind_90_anc_2-1,0.021165,0.000000,0.000000,0.159765
Q_ind_91_anc_2-1,0.055502,0.001257,0.000000,0.200777
Q_ind_92_anc_2-1,0.023501,0.000000,0.000000,0.134627
Q_ind_93_anc_2-1,0.003231,0.000000,0.000000,0.045639
Q_ind_94_anc_2-1,0.004266,0.000000,0.000000,0.058545
Q_ind_95_anc_2-1,0.001270,0.000000,0.000000,0.019976
Q_ind_96_anc_2-1,0.000197,0.000000,0.000000,0.002302
Q_ind_97_anc_2-1,0.000329,0.000000,0.000000,0.004257
Q_ind_98_anc_2-1,0.000175,0.000000,0.000000,0.001497
Q_ind_99_anc_2-1,0.000252,0.000000,0.000000,0.001638
Q_ind_100_anc_2-1,0.000180,0.000000,0.000000,0.001697
Q_ind_101_anc_2-1,0.000201,0.000000,0.000000,0.002321
Q_ind_102_anc_2-1,0.000099,0.000000,0.000000,0.000889
Q_ind_103_anc_2-1,0.000822,0.000000,0.000000,0.010389
Q_ind_104_anc_2-1,0.000166,0.000000,0.000000,0.001408
Q_ind_105_anc_2-1,0.000286,0.000000,0.000000,0.002952
Q_ind_106_anc_2-1,0.000745,0.000000,0.000000,0.010669
Q_ind_107_anc_2-1,0.000456,0.000000,0.000000,0.004148
Q_ind_108_anc_2-1,0.057040,0.000001,0.000000,0.221774
Q_ind_109_anc_2-1,0.000636,0.000000,0.000000,0.006332
Q_ind_110_anc_2-1,0.087898,0.082262,0.000000,0.228640
Q_ind_111_anc_2-1,0.000340,0.000000,0.000000,0.004052
Q_ind_112_anc_2-1,0.001007,0.000000,0.000000,0.014132
Q_ind_113_anc_2-1,0.003317,0.000000,0.000000,0.050457
Q_ind_114_anc_2-1,0.063318,0.000001,0.000000,0.235540
Q_ind_115_anc_2-1,0.000449,0.000000,0.000000,0.005216
Q_ind_116_anc_2-1,0.000593,0.000000,0.000000,0.008713
Q_ind_117_anc_2-1,0.000742,0.000000,0.000000,0.009832
Q_ind_118_anc_2-1,0.005103,0.000000,0.000000,0.053007
Q_ind_119_anc_2-1,0.001915,0.000000,0.000000,0.027606
Q_ind_120_anc_2-1,0.000127,0.000000,0.000000,0.001121
Q_ind_121_anc_2-1,0.001743,0.000000,0.000000,0.026672
Q_ind_122_anc_2-1,0.000117,0.000000,0.000000,0.001172
Q_ind_123_anc_2-1,0.000672,0.000000,0.000000,0.010045
Q_ind_124_anc_2-1,0.000151,0.000000,0.000000,0.001420
Q_ind_125_anc_2-1,0.000479,0.000000,0.000000,0.003814
Q_ind_126_anc_2-1,0.000690,0.000000,0.000000,0.005191
Q_ind_127_anc_2-1,0.000947,0.000000,0.000000,0.011628
Q_ind_128_anc_2-1,0.000294,0.000000,0.000000,0.003333
Q_ind_129_anc_2-1,0.000198,0.000000,0.000000,0.002241
Q_ind_130_anc_2-1,0.000824,0.000000,0.000000,0.012931
Q_ind_131_anc_2-1,0.001389,0.000000,0.000000,0.024048
Q_ind_132_anc_2-1,0.000142,0.000000,0.000000,0.001581
Q_ind_133_anc_2-1,0.007056,0.000000,0.000000,0.066280
Q_ind_134_anc_2-1,0.000789,0.000000,0.000000,0.010313
Q_ind_135_anc_2-1,0.008653,0.000000,0.000000,0.073445
Q_ind_136_anc_2-1,0.005730,0.000000,0.000000,0.064937
Q_ind_137_anc_2-1,0.002160,0.000000,0.000000,0.031111
Q_ind_138_anc_2-1,0.000307,0.000000,0.000000,0.004345
Q_ind_139_anc_2-1,0.000467,0.000000,0.000000,0.006361
Q_ind_140_anc_2-1,0.000985,0.000000,0.000000,0.014319
Q_ind_141_anc_2-1,0.002240,0.000000,0.000000,0.037660
Q_ind_142_anc_2-1,0.000328,0.000000,0.000000,0.003342
Q_ind_143_anc_2-1,0.000455,0.000000,0.000000,0.004210
Q_ind_144_anc_2-1,0.000841,0.000000,0.000000,0.011349
Q_ind_145_anc_2-1,0.000070,0.000000,0.000000,0.000672
Q_ind_146_anc_2-1,0.000217,0.000000,0.000000,0.002331
Q_ind_147_anc_2-1,0.000212,0.000000,0.000000,0.002734
Q_ind_148_anc_2-1,0.000838,0.000000,0.000000,0.014003
Q_ind_149_anc_2-1,0.000120,0.000000,0.000000,0.001377
Q_ind_150_anc_2-1,0.000259,0.000000,0.000000,0.003460
Q_ind_151_anc_2-1,0.000227,0.000000,0.000000,0.002233
Q_ind_152_anc_2-1,0.000112,0.000000,0.000000,0.001006
Q_ind_153_anc_2-1,0.000276,0.000000,0.000000,0.002956
Q_ind_154_anc_2-1,0.000179,0.000000,0.000000,0.002388
Q_ind_155_anc_2-1,0.000251,0.000000,0.000000,0.003020
Q_ind_156_anc_2-1,0.000266,0.000000,0.000000,0.001990
Q_ind_157_anc_2-1,0.000508,0.000000,0.000000,0.004310
Q_ind_158_anc_2-1,0.000422,0.000000,0.000000,0.004951
Q_ind_159_anc_2-1,0.000732,0.000000,0.000000,0.011314
Q_ind_160_anc_2-1,0.000153,0.000000,0.000000,0.001483
Q_ind_161_anc_2-1,0.000144,0.000000,0.000000,0.000958
Q_ind_162_anc_2-1,0.000260,0.000000,0.000000,0.003098
Q_ind_163_anc_2-1,0.000119,0.000000,0.000000,0.001084
Q_ind_164_anc_2-1,0.000238,0.000000,0.000000,0.002419
Q_ind_165_anc_2-1,0.004709,0.000000,0.000000,0.060683
Q_ind_166_anc_2-1,0.004229,0.000000,0.000000,0.052390
Q_ind_167_anc_2-1,0.000622,0.000000,0.000000,0.006200
Q_ind_168_anc_2-1,0.000489,0.000000,0.000000,0.003763
Q_ind_169_anc_2-1,0.000101,0.000000,0.000000,0.000690
Q_ind_170_anc_2-1,0.013495,0.000000,0.000000,0.103106
Q_ind_171_anc_2-1,0.002625,0.000000,0.000000,0.040535
Q_ind_172_anc_2-1,0.004396,0.000000,0.000000,0.055448
Q_ind_173_anc_2-1,0.000380,0.000000,0.000000,0.003708
Q_ind_174_anc_2-1,0.031170,0.018757,0.000000,0.101691
Q_ind_175_anc_2-1,0.000188,0.000000,0.000000,0.002125
Q_ind_176_anc_2-1,0.001884,0.000000,0.000000,0.028734
Q_ind_177_anc_2-1,0.000509,0.000000,0.000000,0.006449
Q_ind_178_anc_2-1,0.000205,0.000000,0.000000,0.001746
Q_ind_179_anc_2-1,0.000258,0.000000,0.000000,0.002231
Q_ind_180_anc_2-1,0.000253,0.000000,0.000000,0.002670
Q_ind_181_anc_2-1,0.000260,0.000000,0.000000,0.002112
Q_ind_182_anc_2-1,0.000847,0.000000,0.000000,0.012611
Q_ind_183_anc_2-1,0.000731,0.000000,0.000000,0.008973
Q_ind_184_anc_2-1,0.000713,0.000000,0.000000,0.009662
Q_ind_185_anc_2-1,0.008807,0.000000,0.000000,0.098120
Q_ind_186_anc_2-1,0.000513,0.000000,0.000000,0.005768
Q_ind_187_anc_2-1,0.009362,0.000000,0.000000,0.130847
Q_ind_188_anc_2-1,0.002095,0.000000,0.000000,0.025549
Q_ind_189_anc_2-1,0.000289,0.000000,0.000000,0.003859
Q_ind_190_anc_2-1,0.001245,0.000000,0.000000,0.016407
Q_ind_191_anc_2-1,0.000266,0.000000,0.000000,0.003177
Q_ind_192_anc_2-1,0.000274,0.000000,0.000000,0.003154
Q_ind_193_anc_2-1,0.000224,0.000000,0.000000,0.002526
Q_ind_194_anc_2-1,0.000038,0.000000,0.000000,0.000341
Q_ind_195_anc_2-1,0.000091,0.000000,0.000000,0.000780
Q_ind_196_anc_2-1,0.000050,0.000000,0.000000,0.000536
Q_ind_197_anc_2-1,0.000051,0.000000,0.000000,0.000423
Q_ind_198_anc_2-1,0.000075,0.000000,0.000000,0.000677
Q_ind_199_anc_2-1,0.000124,0.000000,0.000000,0.001171
Q_ind_200_anc_2-1,0.000055,0.000000,0.000000,0.000454
Q_ind_201_anc_2-1,0.000137,0.000000,0.000000,0.001301
Q_ind_202_anc_2-1,0.000102,0.000000,0.000000,0.001043
Q_ind_203_anc_2-1,0.000198,0.000000,0.000000,0.001473
Q_ind_204_anc_2-1,0.000170,0.000000,0.000000,0.001733
Q_ind_205_anc_2-1,0.006841,0.000000,0.000000,0.079158
Q_ind_206_anc_2-1,0.000744,0.000000,0.000000,0.012738
Q_ind_207_anc_2-1,0.000804,0.000000,0.000000,0.008481
Q_ind_208_anc_2-1,0.000116,0.000000,0.000000,0.001152
Q_ind_209_anc_2-1,0.000388,0.000000,0.000000,0.004550
Q_ind_210_anc_2-1,0.000689,0.000000,0.000000,0.009345
Q_ind_211_anc_2-1,0.000158,0.000000,0.000000,0.001344
Q_ind_212_anc_2-1,0.000351,0.000000,0.000000,0.003511
Q_ind_213_anc_2-1,0.001783,0.000000,0.000000,0.027599
Q_ind_214_anc_2-1,0.001694,0.000000,0.000000,0.025197
Q_ind_215_anc_2-1,0.000611,0.000000,0.000000,0.007594
Q_ind_216_anc_2-1,0.000298,0.000000,0.000000,0.003319
Q_ind_217_anc_2-1,0.000264,0.000000,0.000000,0.002009
Q_ind_218_anc_2-1,0.000603,0.000000,0.000000,0.005311
Q_ind_219_anc_2-1,0.000830,0.000000,0.000000,0.009391
Q_ind_220_anc_2-1,0.000593,0.000000,0.000000,0.007070
Q_ind_221_anc_2-1,0.000458,0.000000,0.000000,0.004499
Q_ind_222_anc_2-1,0.000378,0.000000,0.000000,0.003305
Q_ind_223_anc_2-1,0.000982,0.000000,0.000000,0.010874
Q_ind_224_anc_2-1,0.000395,0.000000,0.000000,0.005066
Q_ind_225_anc_2-1,0.000641,0.000000,0.000000,0.003971
Q_ind_226_anc_2-1,0.000934,0.000000,0.000000,0.011844
Q_ind_227_anc_2-1,0.002532,0.000000,0.000000,0.036466
Q_ind_228_anc_2-1,0.000714,0.000000,0.000000,0.010873
Q_ind_229_anc_2-1,0.013515,0.000000,0.000000,0.180560
Q_ind_230_anc_2-1,0.002655,0.000000,0.000000,0.036014
Q_ind_231_anc_2-1,0.000451,0.000000,0.000000,0.006639
Q_ind_232_anc_2-1,0.000469,0.000000,0.000000,0.002088
Q_ind_233_anc_2-1,0.004638,0.000000,0.000000,0.077561
Q_ind_234_anc_2-1,0.000722,0.000000,0.000000,0.008192
Q_ind_235_anc_2-1,0.001147,0.000000,0.000000,0.016642
Q_ind_236_anc_2-1,0.002201,0.000000,0.000000,0.027706
Q_ind_237_anc_2-1,0.000636,0.000000,0.000000,0.008332
Q_ind_238_anc_2-1,0.000233,0.000000,0.000000,0.001702
Q_ind_239_anc_2-1,0.000935,0.000000,0.000000,0.011020
Q_ind_240_anc_2-1,0.001192,0.000000,0.000000,0.018275
Q_ind_241_anc_2-1,0.017303,0.000000,0.000000,0.135420
Q_ind_242_anc_2-1,0.000280,0.000000,0.000000,0.002491
Q_ind_243_anc_2-1,0.000182,0.000000,0.000000,0.001807
Q_ind_244_anc_2-1,0.000527,0.000000,0.000000,0.005398
Q_ind_245_anc_2-1,0.000312,0.000000,0.000000,0.002507
Q_ind_1_anc_2-2,0.000080,0.000000,0.000000,0.000826
Q_ind_2_anc_2-2,0.000184,0.000000,0.000000,0.002396
Q_ind_3_anc_2-2,0.000292,0.000000,0.000000,0.003243
Q_ind_4_anc_2-2,0.000189,0.000000,0.000000,0.001965
Q_ind_5_anc_2-2,0.000047,0.000000,0.000000,0.000510
Q_ind_6_anc_2-2,0.000167,0.000000,0.000000,0.002034
Q_ind_7_anc_2-2,0.000107,0.000000,0.000000,0.001049
Q_ind_8_anc_2-2,0.000085,0.000000,0.000000,0.000679
Q_ind_9_anc_2-2,0.000175,0.000000,0.000000,0.001834
Q_ind_10_anc_2-2,0.000126,0.000000,0.000000,0.001335
Q_ind_11_anc_2-2,0.000891,0.000000,0.000000,0.011804
Q_ind_12_anc_2-2,0.000078,0.000000,0.000000,0.000779
Q_ind_13_anc_2-2,0.000099,0.000000,0.000000,0.000892
Q_ind_14_anc_2-2,0.000314,0.000000,0.000000,0.002703
Q_ind_15_anc_2-2,0.000399,0.000000,0.000000,0.004343
Q_ind_16_anc_2-2,0.000263,0.000000,0.000000,0.003211
Q_ind_17_anc_2-2,0.000138,0.000000,0.000000,0.001225
Q_ind_18_anc_2-2,0.000321,0.000000,0.000000,0.003913
Q_ind_19_anc_2-2,0.000160,0.000000,0.000000,0.001891
Q_ind_20_anc_2-2,0.000041,0.000000,0.000000,0.000322
Q_ind_21_anc_2-2,0.000393,0.000000,0.000000,0.003455
Q_ind_22_anc_2-2,0.000297,0.000000,0.000000,0.003230
Q_ind_23_anc_2-2,0.000336,0.000000,0.000000,0.003923
Q_ind_24_anc_2-2,0.000555,0.000000,0.000000,0.007961
Q_ind_25_anc_2-2,0.002391,0.000000,0.000000,0.034206
Q_ind_26_anc_2-2,0.000310,0.000000,0.000000,0.004115
Q_ind_27_anc_2-2,0.000626,0.000000,0.000000,0.007120
Q_ind_28_anc_2-2,0.000348,0.000000,0.000000,0.004318
Q_ind_29_anc_2-2,0.000359,0.000000,0.000000,0.002835
Q_ind_30_anc_2-2,0.001655,0.000000,0.000000,0.025422
Q_ind_31_anc_2-2,0.000062,0.000000,0.000000,0.000676
Q_ind_32_anc_2-2,0.000449,0.000000,0.000000,0.005903
Q_ind_33_anc_2-2,0.000196,0.000000,0.000000,0.001922
Q_ind_34_anc_2-2,0.000050,0.000000,0.000000,0.000450
Q_ind_35_anc_2-2,0.000152,0.000000,0.000000,0.001174
Q_ind_36_anc_2-2,0.000035,0.000000,0.000000,0.000313
Q_ind_37_anc_2-2,0.000104,0.000000,0.000000,0.000591
Q_ind_38_anc_2-2,0.000054,0.000000,0.000000,0.000541
Q_ind_39_anc_2-2,0.000071,0.000000,0.000000,0.000772
Q_ind_40_anc_2-2,0.000130,0.000000,0.000000,0.001267
Q_ind_41_anc_2-2,0.000082,0.000000,0.000000,0.000722
Q_ind_42_anc_2-2,0.049586,0.052579,0.000000,0.131695
Q_ind_43_anc_2-2,0.000433,0.000000,0.000000,0.005680
Q_ind_44_anc_2-2,0.026660,0.000000,0.000000,0.121381
Q_ind_45_anc_2-2,0.084610,0.094302,0.000000,0.165684
Q_ind_46_anc_2-2,0.005746,0.000000,0.000000,0.064054
Q_ind_47_anc_2-2,0.016896,0.000000,0.000000,0.096498
Q_ind_48_anc_2-2,0.005276,0.000000,0.000000,0.068163
Q_ind_49_anc_2-2,0.098441,0.099866,0.000001,0.164693
Q_ind_50_anc_2-2,0.003941,0.000000,0.000000,0.060434
Q_ind_51_anc_2-2,0.000177,0.000000,0.000000,0.001194
Q_ind_52_anc_2-2,0.000158,0.000000,0.000000,0.001525
Q_ind_53_anc_2-2,0.000278,0.000000,0.000000,0.002440
Q_ind_54_anc_2-2,0.004748,0.000000,0.000000,0.055705
Q_ind_55_anc_2-2,0.000917,0.000000,0.000000,0.012722
Q_ind_56_anc_2-2,0.000912,0.000000,0.000000,0.011821
Q_ind_57_anc_2-2,0.000067,0.000000,0.000000,0.000611
Q_ind_58_anc_2-2,0.006530,0.000000,0.000000,0.056272
Q_ind_59_anc_2-2,0.001782,0.000000,0.000000,0.022732
Q_ind_60_anc_2-2,0.000178,0.000000,0.000000,0.001381
Q_ind_61_anc_2-2,0.001061,0.000000,0.000000,0.015640
Q_ind_62_anc_2-2,0.001401,0.000000,0.000000,0.018137
Q_ind_63_anc_2-2,0.000156,0.000000,0.000000,0.001451
Q_ind_64_anc_2-2,0.000376,0.000000,0.000000,0.005330
Q_ind_65_anc_2-2,0.001905,0.000000,0.000000,0.018599
Q_ind_66_anc_2-2,0.000139,0.000000,0.000000,0.001400
Q_ind_67_anc_2-2,0.000136,0.000000,0.000000,0.001557
Q_ind_68_anc_2-2,0.000757,0.000000,0.000000,0.011098
Q_ind_69_anc_2-2,0.000067,0.000000,0.000000,0.000621
Q_ind_70_anc_2-2,0.000062,0.000000,0.000000,0.000664
Q_ind_71_anc_2-2,0.000634,0.000000,0.000000,0.006920
Q_ind_72_anc_2-2,0.001148,0.000000,0.000000,0.017089
Q_ind_73_anc_2-2,0.000343,0.000000,0.000000,0.004743
Q_ind_74_anc_2-2,0.000052,0.000000,0.000000,0.000518
Q_ind_75_anc_2-2,0.000095,0.000000,0.000000,0.000983
Q_ind_76_anc_2-2,0.009675,0.000000,0.000000,0.059735
Q_ind_77_anc_2-2,0.000197,0.000000,0.000000,0.002404
Q_ind_78_anc_2-2,0.000102,0.000000,0.000000,0.000649
Q_ind_79_anc_2-2,0.000288,0.000000,0.000000,0.003253
Q_ind_80_anc_2-2,0.000115,0.000000,0.000000,0.000905
Q_ind_81_anc_2-2,0.000157,0.000000,0.000000,0.001527
Q_ind_82_anc_2-2,0.000526,0.000000,0.000000,0.007021
Q_ind_83_anc_2-2,0.000145,0.000000,0.000000,0.001417
Q_ind_84_anc_2-2,0.000193,0.000000,0.000000,0.001995
Q_ind_85_anc_2-2,0.000249,0.000000,0.000000,0.002652
Q_ind_86_anc_2-2,0.000150,0.000000,0.000000,0.001478
Q_ind_87_anc_2-2,0.001496,0.000000,0.000000,0.018587
Q_ind_88_anc_2-2,0.000348,0.000000,0.000000,0.003134
Q_ind_89_anc_2-2,0.000629,0.000000,0.000000,0.008439
Q_ind_90_anc_2-2,0.000584,0.000000,0.000000,0.007385
Q_ind_91_anc_2-2,0.000356,0.000000,0.000000,0.004830
Q_ind_92_anc_2-2,0.000273,0.000000,0.000000,0.002619
Q_ind_93_anc_2-2,0.000766,0.000000,0.000000,0.010787
Q_ind_94_anc_2-2,0.000145,0.000000,0.000000,0.001411
Q_ind_95_anc_2-2,0.001571,0.000000,0.000000,0.026938
Q_ind_96_anc_2-2,0.000123,0.000000,0.000000,0.001452
Q_ind_97_anc_2-2,0.000550,0.000000,0.000000,0.007857
Q_ind_98_anc_2-2,0.000032,0.000000,0.000000,0.000302
Q_ind_99_anc_2-2,0.000038,0.000000,0.000000,0.000363
Q_ind_100_anc_2-2,0.000291,0.000000,0.000000,0.003339
Q_ind_101_anc_2-2,0.000782,0.000000,0.000000,0.009993
Q_ind_102_anc_2-2,0.000082,0.000000,0.000000,0.000542
Q_ind_103_anc_2-2,0.000063,0.000000,0.000000,0.000660
Q_ind_104_anc_2-2,0.000136,0.000000,0.000000,0.001605
Q_ind_105_anc_2-2,0.000031,0.000000,0.000000,0.000269
Q_ind_106_anc_2-2,0.000152,0.000000,0.000000,0.001597
Q_ind_107_anc_2-2,0.000307,0.000000,0.000000,0.003884
Q_ind_108_anc_2-2,0.000453,0.000000,0.000000,0.006133
Q_ind_109_anc_2-2,0.009286,0.000000,0.000000,0.084970
Q_ind_110_anc_2-2,0.000520,0.000000,0.000000,0.007615
Q_ind_111_anc_2-2,0.001598,0.000000,0.000000,0.025413
Q_ind_112_anc_2-2,0.000159,0.000000,0.000000,0.001521
Q_ind_113_anc_2-2,0.032480,0.000536,0.000000,0.119905
Q_ind_114_anc_2-2,0.001116,0.000000,0.000000,0.015693
Q_ind_115_anc_2-2,0.000611,0.000000,0.000000,0.007598
Q_ind_116_anc_2-2,0.001251,0.000000,0.000000,0.018011
Q_ind_117_anc_2-2,0.003221,0.000000,0.000000,0.036273
Q_ind_118_anc_2-2,0.002372,0.000000,0.000000,0.030365
Q_ind_119_anc_2-2,0.000834,0.000000,0.000000,0.009242
Q_ind_120_anc_2-2,0.000633,0.000000,0.000000,0.008874
Q_ind_121_anc_2-2,0.000456,0.000000,0.000000,0.005471
Q_ind_122_anc_2-2,0.000176,0.000000,0.000000,0.001749
Q_ind_123_anc_2-2,0.000388,0.000000,0.000000,0.004072
Q_ind_124_anc_2-2,0.000055,0.000000,0.000000,0.000559
Q_ind_125_anc_2-2,0.000196,0.000000,0.000000,0.002475
Q_ind_126_anc_2-2,0.019187,0.000204,0.000000,0.078593
Q_ind_127_anc_2-2,0.000375,0.000000,0.000000,0.004211
Q_ind_128_anc_2-2,0.000475,0.000000,0.000000,0.005118
Q_ind_129_anc_2-2,0.000330,0.000000,0.000000,0.003795
Q_ind_130_anc_2-2,0.001222,0.000000,0.000000,0.018442
Q_ind_131_anc_2-2,0.000074,0.000000,0.000000,0.000551
Q_ind_132_anc_2-2,0.000025,0.000000,0.000000,0.000217
Q_ind_133_anc_2-2,0.001365,0.000000,0.000000,0.020977
Q_ind_134_anc_2-2,0.000568,0.000000,0.000000,0.008317
Q_ind_135_anc_2-2,0.007496,0.000000,0.000000,0.058639
Q_ind_136_anc_2-2,0.000755,0.000000,0.000000,0.010492
Q_ind_137_anc_2-2,0.000390,0.000000,0.000000,0.005049
Q_ind_138_anc_2-2,0.000063,0.000000,0.000000,0.000634
Q_ind_139_anc_2-2,0.000125,0.000000,0.000000,0.001488
Q_ind_140_anc_2-2,0.002608,0.000000,0.000000,0.039441
Q_ind_141_anc_2-2,0.017315,0.000014,0.000000,0.070270
Q_ind_142_anc_2-2,0.000033,0.000000,0.000000,0.000309
Q_ind_143_anc_2-2,0.000981,0.000000,0.000000,0.015841
Q_ind_144_anc_2-2,0.000314,0.000000,0.000000,0.003761
Q_ind_145_anc_2-2,0.000111,0.000000,0.000000,0.000814
Q_ind_146_anc_2-2,0.000197,0.000000,0.000000,0.002281
Q_ind_147_anc_2-2,0.000122,0.000000,0.000000,0.001462
Q_ind_148_anc_2-2,0.000182,0.000000,0.000000,0.002166
Q_ind_149_anc_2-2,0.000048,0.000000,0.000000,0.000467
Q_ind_150_anc_2-2,0.000191,0.000000,0.000000,0.001711
Q_ind_151_anc_2-2,0.000131,0.000000,0.000000,0.001169
Q_ind_152_anc_2-2,0.000190,0.000000,0.000000,0.002041
Q_ind_153_anc_2-2,0.000086,0.000000,0.000000,0.000904
Q_ind_154_anc_2-2,0.000128,0.000000,0.000000,0.001158
Q_ind_155_anc_2-2,0.000049,0.000000,0.000000,0.000419
Q_ind_156_anc_2-2,0.000153,0.000000,0.000000,0.001767
Q_ind_157_anc_2-2,0.000165,0.000000,0.000000,0.001633
Q_ind_158_anc_2-2,0.000324,0.000000,0.000000,0.003214
Q_ind_159_anc_2-2,0.000071,0.000000,0.000000,0.000650
Q_ind_160_anc_2-2,0.000091,0.000000,0.000000,0.000786
Q_ind_161_anc_2-2,0.000079,0.000000,0.000000,0.000908
Q_ind_162_anc_2-2,0.000181,0.000000,0.000000,0.002391
Q_ind_163_anc_2-2,0.000080,0.000000,0.000000,0.000657
Q_ind_164_anc_2-2,0.000352,0.000000,0.000000,0.005041
Q_ind_165_anc_2-2,0.004058,0.000000,0.000000,0.039488
Q_ind_166_anc_2-2,0.000194,0.000000,0.000000,0.002208
Q_ind_167_anc_2-2,0.001170,0.000000,0.000000,0.017502
Q_ind_168_anc_2-2,0.000054,0.000000,0.000000,0.000403
Q_ind_169_anc_2-2,0.000043,0.000000,0.000000,0.000373
Q_ind_170_anc_2-2,0.023514,0.000001,0.000000,0.091864
Q_ind_171_anc_2-2,0.002438,0.000000,0.000000,0.031597
Q_ind_172_anc_2-2,0.002701,0.000000,0.000000,0.030740
Q_ind_173_anc_2-2,0.000110,0.000000,0.000000,0.001096
Q_ind_174_anc_2-2,0.000984,0.000000,0.000000,0.015192
Q_ind_175_anc_2-2,0.000150,0.000000,0.000000,0.000941
Q_ind_176_anc_2-2,0.000101,0.000000,0.000000,0.001034
Q_ind_177_anc_2-2,0.000212,0.000000,0.000000,0.002456
Q_ind_178_anc_2-2,0.000498,0.000000,0.000000,0.006422
Q_ind_179_anc_2-2,0.000137,0.000000,0.000000,0.001436
Q_ind_180_anc_2-2,0.000173,0.000000,0.000000,0.001573
Q_ind_181_anc_2-2,0.000077,0.000000,0.000000,0.000742
Q_ind_182_anc_2-2,0.000135,0.000000,0.000000,0.001576
Q_ind_183_anc_2-2,0.002665,0.000000,0.000000,0.026295
Q_ind_184_anc_2-2,0.000348,0.000000,0.000000,0.004102
Q_ind_185_anc_2-2,0.005459,0.000000,0.000000,0.065775
Q_ind_186_anc_2-2,0.000177,0.000000,0.000000,0.001336
Q_ind_187_anc_2-2,0.000160,0.000000,0.000000,0.001704
Q_ind_188_anc_2-2,0.000246,0.000000,0.000000,0.003190
Q_ind_189_anc_2-2,0.006694,0.000000,0.000000,0.054850
Q_ind_190_anc_2-2,0.000116,0.000000,0.000000,0.001071
Q_ind_191_anc_2-2,0.000532,0.000000,0.000000,0.007320
Q_ind_192_anc_2-2,0.000052,0.000000,0.000000,0.000520
Q_ind_193_anc_2-2,0.000075,0.000000,0.000000,0.000734
Q_ind_194_anc_2-2,0.000024,0.000000,0.000000,0.000193
Q_ind_195_anc_2-2,0.000050,0.000000,0.000000,0.000564
Q_ind_196_anc_2-2,0.000041,0.000000,0.000000,0.000348
Q_ind_197_anc_2-2,0.000032,0.000000,0.000000,0.000292
Q_ind_198_anc_2-2,0.000026,0.000000,0.000000,0.000233
Q_ind_199_anc_2-2,0.000069,0.000000,0.000000,0.000553
Q_ind_200_anc_2-2,0.000031,0.000000,0.000000,0.000359
Q_ind_201_anc_2-2,0.000023,0.000000,0.000000,0.000219
Q_ind_202_anc_2-2,0.000037,0.000000,0.000000,0.000371
Q_ind_203_anc_2-2,0.000145,0.000000,0.000000,0.000875
Q_ind_204_anc_2-2,0.000506,0.000000,0.000000,0.006452
Q_ind_205_anc_2-2,0.000247,0.000000,0.000000,0.002476
Q_ind_206_anc_2-2,0.000972,0.000000,0.000000,0.014508
Q_ind_207_anc_2-2,0.000186,0.000000,0.000000,0.001995
Q_ind_208_anc_2-2,0.000048,0.000000,0.000000,0.000528
Q_ind_209_anc_2-2,0.000189,0.000000,0.000000,0.001454
Q_ind_210_anc_2-2,0.001257,0.000000,0.000000,0.016763
Q_ind_211_anc_2-2,0.000386,0.000000,0.000000,0.004558
Q_ind_212_anc_2-2,0.000045,0.000000,0.000000,0.000395
Q_ind_213_anc_2-2,0.000097,0.000000,0.000000,0.000835
Q_ind_214_anc_2-2,0.000113,0.000000,0.000000,0.000956
Q_ind_215_anc_2-2,0.000123,0.000000,0.000000,0.001136
Q_ind_216_anc_2-2,0.000319,0.000000,0.000000,0.003897
Q_ind_217_anc_2-2,0.000072,0.000000,0.000000,0.000659
Q_ind_218_anc_2-2,0.000075,0.000000,0.000000,0.000689
Q_ind_219_anc_2-2,0.001147,0.000000,0.000000,0.016720
Q_ind_220_anc_2-2,0.000372,0.000000,0.000000,0.003639
Q_ind_221_anc_2-2,0.000202,0.000000,0.000000,0.002096
Q_ind_222_anc_2-2,0.000255,0.000000,0.000000,0.002598
Q_ind_223_anc_2-2,0.000060,0.000000,0.000000,0.000487
Q_ind_224_anc_2-2,0.000027,0.000000,0.000000,0.000240
Q_ind_225_anc_2-2,0.000351,0.000000,0.000000,0.004152
Q_ind_226_anc_2-2,0.000127,0.000000,0.000000,0.000893
Q_ind_227_anc_2-2,0.000248,0.000000,0.000000,0.001703
Q_ind_228_anc_2-2,0.015912,0.000000,0.000000,0.089902
Q_ind_229_anc_2-2,0.010213,0.000000,0.000000,0.088603
Q_ind_230_anc_2-2,0.000707,0.000000,0.000000,0.006380
Q_ind_231_anc_2-2,0.000075,0.000000,0.000000,0.000904
Q_ind_232_anc_2-2,0.000589,0.000000,0.000000,0.007349
Q_ind_233_anc_2-2,0.000778,0.000000,0.000000,0.009526
Q_ind_234_anc_2-2,0.000189,0.000000,0.000000,0.002054
Q_ind_235_anc_2-2,0.000658,0.000000,0.000000,0.009693
Q_ind_236_anc_2-2,0.000422,0.000000,0.000000,0.004593
Q_ind_237_anc_2-2,0.002831,0.000000,0.000000,0.038780
Q_ind_238_anc_2-2,0.000065,0.000000,0.000000,0.000574
Q_ind_239_anc_2-2,0.000143,0.000000,0.000000,0.001646
Q_ind_240_anc_2-2,0.000104,0.000000,0.000000,0.001095
Q_ind_241_anc_2-2,0.000085,0.000000,0.000000,0.000917
Q_ind_242_anc_2-2,0.000312,0.000000,0.000000,0.003039
Q_ind_243_anc_2-2,0.000031,0.000000,0.000000,0.000267
Q_ind_244_anc_2-2,0.000743,0.000000,0.000000,0.010834
Q_ind_245_anc_2-2,0.000049,0.000000,0.000000,0.000448
Q_ind_1_anc_3-1,0.000291,0.000000,0.000000,0.003048
Q_ind_2_anc_3-1,0.001715,0.000000,0.000000,0.020590
Q_ind_3_anc_3-1,0.008146,0.000000,0.000000,0.083775
Q_ind_4_anc_3-1,0.033006,0.000000,0.000000,0.148132
Q_ind_5_anc_3-1,0.000387,0.000000,0.000000,0.003427
Q_ind_6_anc_3-1,0.010633,0.000000,0.000000,0.135769
Q_ind_7_anc_3-1,0.006665,0.000000,0.000000,0.077052
Q_ind_8_anc_3-1,0.000380,0.000000,0.000000,0.004917
Q_ind_9_anc_3-1,0.028079,0.000000,0.000000,0.118900
Q_ind_10_anc_3-1,0.050386,0.055914,0.000000,0.121478
Q_ind_11_anc_3-1,0.006642,0.000000,0.000000,0.070781
Q_ind_12_anc_3-1,0.016160,0.000000,0.000000,0.094608
Q_ind_13_anc_3-1,0.000151,0.000000,0.000000,0.001712
Q_ind_14_anc_3-1,0.000159,0.000000,0.000000,0.001654
Q_ind_15_anc_3-1,0.000217,0.000000,0.000000,0.002685
Q_ind_16_anc_3-1,0.000211,0.000000,0.000000,0.002497
Q_ind_17_anc_3-1,0.000295,0.000000,0.000000,0.003249
Q_ind_18_anc_3-1,0.000115,0.000000,0.000000,0.001340
Q_ind_19_anc_3-1,0.000061,0.000000,0.000000,0.000624
Q_ind_20_anc_3-1,0.000138,0.000000,0.000000,0.001449
Q_ind_21_anc_3-1,0.000406,0.000000,0.000000,0.005333
Q_ind_22_anc_3-1,0.000426,0.000000,0.000000,0.005367
Q_ind_23_anc_3-1,0.000393,0.000000,0.000000,0.004897
Q_ind_24_anc_3-1,0.000613,0.000000,0.000000,0.007884
Q_ind_25_anc_3-1,0.000095,0.000000,0.000000,0.000917
Q_ind_26_anc_3-1,0.001613,0.000000,0.000000,0.025903
Q_ind_27_anc_3-1,0.000217,0.000000,0.000000,0.002255
Q_ind_28_anc_3-1,0.001559,0.000000,0.000000,0.024125
Q_ind_29_anc_3-1,0.000237,0.000000,0.000000,0.002369
Q_ind_30_anc_3-1,0.000279,0.000000,0.000000,0.002189
Q_ind_31_anc_3-1,0.000357,0.000000,0.000000,0.004712
Q_ind_32_anc_3-1,0.000368,0.000000,0.000000,0.003835
Q_ind_33_anc_3-1,0.005882,0.000000,0.000000,0.059479
Q_ind_34_anc_3-1,0.000386,0.000000,0.000000,0.005481
Q_ind_35_anc_3-1,0.000238,0.000000,0.000000,0.002882
Q_ind_36_anc_3-1,0.000179,0.000000,0.000000,0.001655
Q_ind_37_anc_3-1,0.000407,0.000000,0.000000,0.004080
Q_ind_38_anc_3-1,0.000204,0.000000,0.000000,0.002571
Q_ind_39_anc_3-1,0.000187,0.000000,0.000000,0.002260
Q_ind_40_anc_3-1,0.002041,0.000000,0.000000,0.031391
Q_ind_41_anc_3-1,0.001546,0.000000,0.000000,0.021488
Q_ind_42_anc_3-1,0.000086,0.000000,0.000000,0.000994
Q_ind_43_anc_3-1,0.000513,0.000000,0.000000,0.006981
Q_ind_44_anc_3-1,0.000459,0.000000,0.000000,0.006309
Q_ind_45_anc_3-1,0.000285,0.000000,0.000000,0.002676
Q_ind_46_anc_3-1,0.000165,0.000000,0.000000,0.001498
Q_ind_47_anc_3-1,0.000666,0.000000,0.000000,0.009252
Q_ind_48_anc_3-1,0.000101,0.000000,0.000000,0.001012
Q_ind_49_anc_3-1,0.000064,0.000000,0.000000,0.000555
Q_ind_50_anc_3-1,0.000382,0.000000,0.000000,0.003639
Q_ind_51_anc_3-1,0.000087,0.000000,0.000000,0.000800
Q_ind_52_anc_3-1,0.000156,0.000000,0.000000,0.001619
Q_ind_53_anc_3-1,0.000093,0.000000,0.000000,0.000948
Q_ind_54_anc_3-1,0.000270,0.000000,0.000000,0.002369
Q_ind_55_anc_3-1,0.000133,0.000000,0.000000,0.001165
Q_ind_56_anc_3-1,0.000115,0.000000,0.000000,0.001259
Q_ind_57_anc_3-1,0.000081,0.000000,0.000000,0.000875
Q_ind_58_anc_3-1,0.000127,0.000000,0.000000,0.001328
Q_ind_59_anc_3-1,0.000284,0.000000,0.000000,0.003114
Q_ind_60_anc_3-1,0.000134,0.000000,0.000000,0.001088
Q_ind_61_anc_3-1,0.000204,0.000000,0.000000,0.002531
Q_ind_62_anc_3-1,0.000281,0.000000,0.000000,0.002446
Q_ind_63_anc_3-1,0.000354,0.000000,0.000000,0.003920
Q_ind_64_anc_3-1,0.000598,0.000000,0.000000,0.009076
Q_ind_65_anc_3-1,0.000361,0.000000,0.000000,0.004347
Q_ind_66_anc_3-1,0.000107,0.000000,0.000000,0.001090
Q_ind_67_anc_3-1,0.016192,0.000000,0.000000,0.094612
Q_ind_68_anc_3-1,0.000404,0.000000,0.000000,0.005040
Q_ind_69_anc_3-1,0.000937,0.000000,0.000000,0.012580
Q_ind_70_anc_3-1,0.000550,0.000000,0.000000,0.005812
Q_ind_71_anc_3-1,0.000748,0.000000,0.000000,0.010299
Q_ind_72_anc_3-1,0.000362,0.000000,0.000000,0.004154
Q_ind_73_anc_3-1,0.002061,0.000000,0.000000,0.028294
Q_ind_74_anc_3-1,0.000602,0.000000,0.000000,0.006276
Q_ind_75_anc_3-1,0.000565,0.000000,0.000000,0.007400
Q_ind_76_anc_3-1,0.000608,0.000000,0.000000,0.008975
Q_ind_77_anc_3-1,0.000390,0.000000,0.000000,0.004372
Q_ind_78_anc_3-1,0.000270,0.000000,0.000000,0.003760
Q_ind_79_anc_3-1,0.001711,0.000000,0.000000,0.026753
Q_ind_80_anc_3-1,0.018897,0.000000,0.000000,0.089326
Q_ind_81_anc_3-1,0.000456,0.000000,0.000000,0.004654
Q_ind_82_anc_3-1,0.000474,0.000000,0.000000,0.005332
Q_ind_83_anc_3-1,0.000580,0.000000,0.000000,0.007946
Q_ind_84_anc_3-1,0.001475,0.000000,0.000000,0.021080
Q_ind_85_anc_3-1,0.001073,0.000000,0.000000,0.016100
Q_ind_86_anc_3-1,0.000539,0.000000,0.000000,0.006134
Q_ind_87_anc_3-1,0.007917,0.000000,0.000000,0.069959
Q_ind_88_anc_3-1,0.000638,0.000000,0.000000,0.007471
Q_ind_89_anc_3-1,0.000385,0.000000,0.000000,0.004253
Q_ind_90_anc_3-1,0.000144,0.000000,0.000000,0.001552
Q_ind_91_anc_3-1,0.000397,0.000000,0.000000,0.004606
Q_ind_92_anc_3-1,0.000370,0.000000,0.000000,0.002804
Q_ind_93_anc_3-1,0.000395,0.000000,0.000000,0.003735
Q_ind_94_anc_3-1,0.000416,0.000000,0.000000,0.004527
Q_ind_95_anc_3-1,0.001171,0.000000,0.000000,0.017116
Q_ind_96_anc_3-1,0.000129,0.000000,0.000000,0.001049
Q_ind_97_anc_3-1,0.000412,0.000000,0.000000,0.004780
Q_ind_98_anc_3-1,0.000251,0.000000,0.000000,0.002442
Q_ind_99_anc_3-1,0.000083,0.000000,0.000000,0.000695
Q_ind_100_anc_3-1,0.000159,0.000000,0.000000,0.001441
Q_ind_101_anc_3-1,0.000077,0.000000,0.000000,0.000754
Q_ind_102_anc_3-1,0.000046,0.000000,0.000000,0.000349
Q_ind_103_anc_3-1,0.000176,0.000000,0.000000,0.002068
Q_ind_104_anc_3-1,0.000131,0.000000,0.000000,0.001226
Q_ind_105_anc_3-1,0.000223,0.000000,0.000000,0.002423
Q_ind_106_anc_3-1,0.000094,0.000000,0.000000,0.001091
Q_ind_107_anc_3-1,0.005037,0.000000,0.000000,0.064962
Q_ind_108_anc_3-1,0.033065,0.017828,0.000000,0.116056
Q_ind_109_anc_3-1,0.004120,0.000000,0.000000,0.068005
Q_ind_110_anc_3-1,0.002520,0.000000,0.000000,0.037152
Q_ind_111_anc_3-1,0.002549,0.000000,0.000000,0.048466
Q_ind_112_anc_3-1,0.004193,0.000000,0.000000,0.048993
Q_ind_113_anc_3-1,0.005428,0.000000,0.000000,0.063297
Q_ind_114_anc_3-1,0.007689,0.000000,0.000000,0.084824
Q_ind_115_anc_3-1,0.000252,0.000000,0.000000,0.002200
Q_ind_116_anc_3-1,0.000096,0.000000,0.000000,0.000778
Q_ind_117_anc_3-1,0.000152,0.000000,0.000000,0.001267
Q_ind_118_anc_3-1,0.000240,0.000000,0.000000,0.002897
Q_ind_119_anc_3-1,0.000364,0.000000,0.000000,0.004831
Q_ind_120_anc_3-1,0.000176,0.000000,0.000000,0.001829
Q_ind_121_anc_3-1,0.000222,0.000000,0.000000,0.002593
Q_ind_122_anc_3-1,0.000152,0.000000,0.000000,0.001660
Q_ind_123_anc_3-1,0.000123,0.000000,0.000000,0.001424
Q_ind_124_anc_3-1,0.000280,0.000000,0.000000,0.003088
Q_ind_125_anc_3-1,0.000489,0.000000,0.000000,0.005041
Q_ind_126_anc_3-1,0.001241,0.000000,0.000000,0.018887
Q_ind_127_anc_3-1,0.000077,0.000000,0.000000,0.000594
Q_ind_128_anc_3-1,0.000571,0.000000,0.000000,0.006376
Q_ind_129_anc_3-1,0.000735,0.000000,0.000000,0.008484
Q_ind_130_anc_3-1,0.000246,0.000000,0.000000,0.002277
Q_ind_131_anc_3-1,0.000329,0.000000,0.000000,0.003724
Q_ind_132_anc_3-1,0.000223,0.000000,0.000000,0.002549
Q_ind_133_anc_3-1,0.000232,0.000000,0.000000,0.002601
Q_ind_134_anc_3-1,0.000271,0.000000,0.000000,0.003247
Q_ind_135_anc_3-1,0.000511,0.000000,0.000000,0.007096
Q_ind_136_anc_3-1,0.000626,0.000000,0.000000,0.007704
Q_ind_137_anc_3-1,0.000657,0.000000,0.000000,0.009100
Q_ind_138_anc_3-1,0.000215,0.000000,0.000000,0.001576
Q_ind_139_anc_3-1,0.000653,0.000000,0.000000,0.007392
Q_ind_140_anc_3-1,0.000538,0.000000,0.000000,0.006427
Q_ind_141_anc_3-1,0.001214,0.000000,0.000000,0.012418
Q_ind_142_anc_3-1,0.000125,0.000000,0.000000,0.001426
Q_ind_143_anc_3-1,0.000179,0.000000,0.000000,0.002170
Q_ind_144_anc_3-1,0.000544,0.000000,0.000000,0.005433
Q_ind_145_anc_3-1,0.000109,0.000000,0.000000,0.001090
Q_ind_146_anc_3-1,0.001473,0.000000,0.000000,0.021458
Q_ind_147_anc_3-1,0.000708,0.000000,0.000000,0.010157
Q_ind_148_anc_3-1,0.000405,0.000000,0.000000,0.004854
Q_ind_149_anc_3-1,0.000335,0.000000,0.000000,0.004106
Q_ind_150_anc_3-1,0.000266,0.000000,0.000000,0.002881
Q_ind_151_anc_3-1,0.000213,0.000000,0.000000,0.002320
Q_ind_152_anc_3-1,0.000167,0.000000,0.000000,0.001344
Q_ind_153_anc_3-1,0.000116,0.000000,0.000000,0.001292
Q_ind_154_anc_3-1,0.000224,0.000000,0.000000,0.002727
Q_ind_155_anc_3-1,0.000186,0.000000,0.000000,0.001984
Q_ind_156_anc_3-1,0.000773,0.000000,0.000000,0.008162
Q_ind_157_anc_3-1,0.001017,0.000000,0.000000,0.016601
Q_ind_158_anc_3-1,0.006486,0.000000,0.000000,0.065682
Q_ind_159_anc_3-1,0.007048,0.000000,0.000000,0.060583
Q_ind_160_anc_3-1,0.000917,0.000000,0.000000,0.011840
Q_ind_161_anc_3-1,0.000616,0.000000,0.000000,0.006449
Q_ind_162_anc_3-1,0.000253,0.000000,0.000000,0.002524
Q_ind_163_anc_3-1,0.000832,0.000000,0.000000,0.011854
Q_ind_164_anc_3-1,0.000887,0.000000,0.000000,0.010422
Q_ind_165_anc_3-1,0.001259,0.000000,0.000000,0.021716
Q_ind_166_anc_3-1,0.046492,0.001986,0.000000,0.141661
Q_ind_167_anc_3-1,0.070855,0.064776,0.000000,0.199006
Q_ind_168_anc_3-1,0.000148,0.000000,0.000000,0.001328
Q_ind_169_anc_3-1,0.000143,0.000000,0.000000,0.001603
Q_ind_170_anc_3-1,0.000342,0.000000,0.000000,0.003840
Q_ind_171_anc_3-1,0.000130,0.000000,0.000000,0.001239
Q_ind_172_anc_3-1,0.000149,0.000000,0.000000,0.001400
Q_ind_173_anc_3-1,0.000215,0.000000,0.000000,0.002366
Q_ind_174_anc_3-1,0.000072,0.000000,0.000000,0.000634
Q_ind_175_anc_3-1,0.000240,0.000000,0.000000,0.001301
Q_ind_176_anc_3-1,0.000390,0.000000,0.000000,0.003719
Q_ind_177_anc_3-1,0.000278,0.000000,0.000000,0.002813
Q_ind_178_anc_3-1,0.000401,0.000000,0.000000,0.003867
Q_ind_179_anc_3-1,0.001366,0.000000,0.000000,0.018662
Q_ind_180_anc_3-1,0.000552,0.000000,0.000000,0.006938
Q_ind_181_anc_3-1,0.001523,0.000000,0.000000,0.020661
Q_ind_182_anc_3-1,0.000271,0.000000,0.000000,0.002881
Q_ind_183_anc_3-1,0.000834,0.000000,0.000000,0.013157
Q_ind_184_anc_3-1,0.000335,0.000000,0.000000,0.002766
Q_ind_185_anc_3-1,0.001160,0.000000,0.000000,0.015956
Q_ind_186_anc_3-1,0.000205,0.000000,0.000000,0.002303
Q_ind_187_anc_3-1,0.000258,0.000000,0.000000,0.003078
Q_ind_188_anc_3-1,0.000359,0.000000,0.000000,0.003603
Q_ind_189_anc_3-1,0.001365,0.000000,0.000000,0.020798
Q_ind_190_anc_3-1,0.000694,0.000000,0.000000,0.008180
Q_ind_191_anc_3-1,0.002067,0.000000,0.000000,0.032252
Q_ind_192_anc_3-1,0.566592,0.569920,0.265658,0.800601
Q_ind_193_anc_3-1,0.281141,0.286520,0.000000,0.552777
Q_ind_194_anc_3-1,0.234444,0.000000,0.000000,0.706209
Q_ind_195_anc_3-1,0.407747,0.361985,0.186118,0.644584
Q_ind_196_anc_3-1,0.206981,0.000000,0.000000,0.653804
Q_ind_197_anc_3-1,0.227113,0.000000,0.000000,0.695208
Q_ind_198_anc_3-1,0.257991,0.087302,0.000000,0.720007
Q_ind_199_anc_3-1,0.452500,0.458872,0.034121,0.700398
Q_ind_200_anc_3-1,0.189577,0.000000,0.000000,0.686431
Q_ind_201_anc_3-1,0.005661,0.000000,0.000000,0.083445
Q_ind_202_anc_3-1,0.337714,0.326590,0.000000,0.622905
Q_ind_203_anc_3-1,0.003308,0.000000,0.000000,0.047805
Q_ind_204_anc_3-1,0.001095,0.000000,0.000000,0.016155
Q_ind_205_anc_3-1,0.000970,0.000000,0.000000,0.012881
Q_ind_206_anc_3-1,0.000439,0.000000,0.000000,0.004784
Q_ind_207_anc_3-1,0.008133,0.000000,0.000000,0.089991
Q_ind_208_anc_3-1,0.000582,0.000000,0.000000,0.006416
Q_ind_209_anc_3-1,0.018185,0.000000,0.000000,0.082700
Q_ind_210_anc_3-1,0.028832,0.000000,0.000000,0.115133
Q_ind_211_anc_3-1,0.002886,0.000000,0.000000,0.040938
Q_ind_212_anc_3-1,0.000254,0.000000,0.000000,0.002574
Q_ind_213_anc_3-1,0.000638,0.000000,0.000000,0.009048
Q_ind_214_anc_3-1,0.000215,0.000000,0.000000,0.002370
Q_ind_215_anc_3-1,0.000232,0.000000,0.000000,0.002151
Q_ind_216_anc_3-1,0.000413,0.000000,0.000000,0.003263
Q_ind_217_anc_3-1,0.000281,0.000000,0.000000,0.002032
Q_ind_218_anc_3-1,0.000114,0.000000,0.000000,0.000978
Q_ind_219_anc_3-1,0.000511,0.000000,0.000000,0.007633
Q_ind_220_anc_3-1,0.000127,0.000000,0.000000,0.001231
Q_ind_221_anc_3-1,0.000276,0.000000,0.000000,0.003853
Q_ind_222_anc_3-1,0.000788,0.000000,0.000000,0.010901
Q_ind_223_anc_3-1,0.000205,0.000000,0.000000,0.001908
Q_ind_224_anc_3-1,0.000771,0.000000,0.000000,0.009551
Q_ind_225_anc_3-1,0.008110,0.000000,0.000000,0.062962
Q_ind_226_anc_3-1,0.001131,0.000000,0.000000,0.016386
Q_ind_227_anc_3-1,0.005270,0.000000,0.000000,0.060793
Q_ind_228_anc_3-1,0.000613,0.000000,0.000000,0.007894
Q_ind_229_anc_3-1,0.000191,0.000000,0.000000,0.001487
Q_ind_230_anc_3-1,0.006861,0.000000,0.000000,0.075240
Q_ind_231_anc_3-1,0.000414,0.000000,0.000000,0.002216
Q_ind_232_anc_3-1,0.002636,0.000000,0.000000,0.034941
Q_ind_233_anc_3-1,0.001402,0.000000,0.000000,0.020889
Q_ind_234_anc_3-1,0.000158,0.000000,0.000000,0.001863
Q_ind_235_anc_3-1,0.000172,0.000000,0.000000,0.001644
Q_ind_236_anc_3-1,0.000676,0.000000,0.000000,0.010711
Q_ind_237_anc_3-1,0.000326,0.000000,0.000000,0.003832
Q_ind_238_anc_3-1,0.000341,0.000000,0.000000,0.004794
Q_ind_239_anc_3-1,0.000641,0.000000,0.000000,0.008950
Q_ind_240_anc_3-1,0.000130,0.000000,0.000000,0.001440
Q_ind_241_anc_3-1,0.000104,0.000000,0.000000,0.001018
Q_ind_242_anc_3-1,0.000360,0.000000,0.000000,0.004219
Q_ind_243_anc_3-1,0.000220,0.000000,0.000000,0.002221
Q_ind_244_anc_3-1,0.000249,0.000000,0.000000,0.003027
Q_ind_245_anc_3-1,0.001591,0.000000,0.000000,0.022153
Q_ind_1_anc_3-2,0.000342,0.000000,0.000000,0.003912
Q_ind_2_anc_3-2,0.000304,0.000000,0.000000,0.003097
Q_ind_3_anc_3-2,0.000338,0.000000,0.000000,0.003180
Q_ind_4_anc_3-2,0.000590,0.000000,0.000000,0.008082
Q_ind_5_anc_3-2,0.007860,0.000000,0.000000,0.065658
Q_ind_6_anc_3-2,0.000192,0.000000,0.000000,0.001429
Q_ind_7_anc_3-2,0.000231,0.000000,0.000000,0.001976
Q_ind_8_anc_3-2,0.000444,0.000000,0.000000,0.004739
Q_ind_9_anc_3-2,0.000210,0.000000,0.000000,0.001836
Q_ind_10_anc_3-2,0.000205,0.000000,0.000000,0.002218
Q_ind_11_anc_3-2,0.002475,0.000000,0.000000,0.032182
Q_ind_12_anc_3-2,0.000765,0.000000,0.000000,0.011394
Q_ind_13_anc_3-2,0.000168,0.000000,0.000000,0.002221
Q_ind_14_anc_3-2,0.000136,0.000000,0.000000,0.001326
Q_ind_15_anc_3-2,0.000369,0.000000,0.000000,0.003089
Q_ind_16_anc_3-2,0.000159,0.000000,0.000000,0.000812
Q_ind_17_anc_3-2,0.000437,0.000000,0.000000,0.005656
Q_ind_18_anc_3-2,0.000200,0.000000,0.000000,0.002066
Q_ind_19_anc_3-2,0.000108,0.000000,0.000000,0.001207
Q_ind_20_anc_3-2,0.000229,0.000000,0.000000,0.002273
Q_ind_21_anc_3-2,0.000494,0.000000,0.000000,0.004570
Q_ind_22_anc_3-2,0.000216,0.000000,0.000000,0.002091
Q_ind_23_anc_3-2,0.000343,0.000000,0.000000,0.004538
Q_ind_24_anc_3-2,0.000376,0.000000,0.000000,0.003569
Q_ind_25_anc_3-2,0.000205,0.000000,0.000000,0.001477
Q_ind_26_anc_3-2,0.000297,0.000000,0.000000,0.002709
Q_ind_27_anc_3-2,0.000118,0.000000,0.000000,0.001224
Q_ind_28_anc_3-2,0.001324,0.000000,0.000000,0.019619
Q_ind_29_anc_3-2,0.000461,0.000000,0.000000,0.006347
Q_ind_30_anc_3-2,0.000909,0.000000,0.000000,0.012664
Q_ind_31_anc_3-2,0.000287,0.000000,0.000000,0.003473
Q_ind_32_anc_3-2,0.000163,0.000000,0.000000,0.002081
Q_ind_33_anc_3-2,0.000546,0.000000,0.000000,0.004118
Q_ind_34_anc_3-2,0.000208,0.000000,0.000000,0.002365
Q_ind_35_anc_3-2,0.000665,0.000000,0.000000,0.010845
Q_ind_36_anc_3-2,0.000087,0.000000,0.000000,0.000803
Q_ind_37_anc_3-2,0.000840,0.000000,0.000000,0.012755
Q_ind_38_anc_3-2,0.000123,0.000000,0.000000,0.000929
Q_ind_39_anc_3-2,0.002386,0.000000,0.000000,0.029764
Q_ind_40_anc_3-2,0.000818,0.000000,0.000000,0.009835
Q_ind_41_anc_3-2,0.000612,0.000000,0.000000,0.007800
Q_ind_42_anc_3-2,0.000086,0.000000,0.000000,0.000843
Q_ind_43_anc_3-2,0.000530,0.000000,0.000000,0.006616
Q_ind_44_anc_3-2,0.000155,0.000000,0.000000,0.001577
Q_ind_45_anc_3-2,0.000154,0.000000,0.000000,0.001780
Q_ind_46_anc_3-2,0.000158,0.000000,0.000000,0.001642
Q_ind_47_anc_3-2,0.000493,0.000000,0.000000,0.006518
Q_ind_48_anc_3-2,0.000080,0.000000,0.000000,0.000600
Q_ind_49_anc_3-2,0.000100,0.000000,0.000000,0.000951
Q_ind_50_anc_3-2,0.000257,0.000000,0.000000,0.002432
Q_ind_51_anc_3-2,0.000068,0.000000,0.000000,0.000578
Q_ind_52_anc_3-2,0.000192,0.000000,0.000000,0.002152
Q_ind_53_anc_3-2,0.000144,0.000000,0.000000,0.001206
Q_ind_54_anc_3-2,0.000812,0.000000,0.000000,0.011880
Q_ind_55_anc_3-2,0.000143,0.000000,0.000000,0.001227
Q_ind_56_anc_3-2,0.000070,0.000000,0.000000,0.000745
Q_ind_57_anc_3-2,0.000305,0.000000,0.000000,0.003467
Q_ind_58_anc_3-2,0.000371,0.000000,0.000000,0.003947
Q_ind_59_anc_3-2,0.000159,0.000000,0.000000,0.001340
Q_ind_60_anc_3-2,0.000622,0.000000,0.000000,0.009484
Q_ind_61_anc_3-2,0.000506,0.000000,0.000000,0.006546
Q_ind_62_anc_3-2,0.000162,0.000000,0.000000,0.001814
Q_ind_63_anc_3-2,0.000152,0.000000,0.000000,0.001749
Q_ind_64_anc_3-2,0.000139,0.000000,0.000000,0.001440
Q_ind_65_anc_3-2,0.000545,0.000000,0.000000,0.008419
Q_ind_66_anc_3-2,0.000057,0.000000,0.000000,0.000594
Q_ind_67_anc_3-2,0.000155,0.000000,0.000000,0.001728
Q_ind_68_anc_3-2,0.000282,0.000000,0.000000,0.002838
Q_ind_69_anc_3-2,0.001205,0.000000,0.000000,0.016979
Q_ind_70_anc_3-2,0.000145,0.000000,0.000000,0.001385
Q_ind_71_anc_3-2,0.000139,0.000000,0.000000,0.001619
Q_ind_72_anc_3-2,0.000642,0.000000,0.000000,0.007132
Q_ind_73_anc_3-2,0.000382,0.000000,0.000000,0.004322
Q_ind_74_anc_3-2,0.000540,0.000000,0.000000,0.007152
Q_ind_75_anc_3-2,0.000531,0.000000,0.000000,0.006008
Q_ind_76_anc_3-2,0.000526,0.000000,0.000000,0.007553
Q_ind_77_anc_3-2,0.000161,0.000000,0.000000,0.001554
Q_ind_78_anc_3-2,0.000244,0.000000,0.000000,0.002335
Q_ind_79_anc_3-2,0.000332,0.000000,0.000000,0.003492
Q_ind_80_anc_3-2,0.000228,0.000000,0.000000,0.002316
Q_ind_81_anc_3-2,0.000257,0.000000,0.000000,0.002571
Q_ind_82_anc_3-2,0.000125,0.000000,0.000000,0.001498
Q_ind_83_anc_3-2,0.000229,0.000000,0.000000,0.002503
Q_ind_84_anc_3-2,0.000178,0.000000,0.000000,0.001620
Q_ind_85_anc_3-2,0.000894,0.000000,0.000000,0.012977
Q_ind_86_anc_3-2,0.000222,0.000000,0.000000,0.002451
Q_ind_87_anc_3-2,0.001213,0.000000,0.000000,0.017356
Q_ind_88_anc_3-2,0.000220,0.000000,0.000000,0.002422
Q_ind_89_anc_3-2,0.001342,0.000000,0.000000,0.021446
Q_ind_90_anc_3-2,0.000275,0.000000,0.000000,0.002389
Q_ind_91_anc_3-2,0.000159,0.000000,0.000000,0.001714
Q_ind_92_anc_3-2,0.000393,0.000000,0.000000,0.005310
Q_ind_93_anc_3-2,0.000410,0.000000,0.000000,0.003724
Q_ind_94_anc_3-2,0.000498,0.000000,0.000000,0.005399
Q_ind_95_anc_3-2,0.001169,0.000000,0.000000,0.015911
Q_ind_96_anc_3-2,0.000159,0.000000,0.000000,0.001676
Q_ind_97_anc_3-2,0.000889,0.000000,0.000000,0.012794
Q_ind_98_anc_3-2,0.000225,0.000000,0.000000,0.002392
Q_ind_99_anc_3-2,0.000183,0.000000,0.000000,0.001701
Q_ind_100_anc_3-2,0.000198,0.000000,0.000000,0.002409
Q_ind_101_anc_3-2,0.000079,0.000000,0.000000,0.000810
Q_ind_102_anc_3-2,0.000058,0.000000,0.000000,0.000592
Q_ind_103_anc_3-2,0.000097,0.000000,0.000000,0.000987
Q_ind_104_anc_3-2,0.000128,0.000000,0.000000,0.001221
Q_ind_105_anc_3-2,0.000131,0.000000,0.000000,0.001250
Q_ind_106_anc_3-2,0.000093,0.000000,0.000000,0.000680
Q_ind_107_anc_3-2,0.002297,0.000000,0.000000,0.028050
Q_ind_108_anc_3-2,0.002509,0.000000,0.000000,0.040120
Q_ind_109_anc_3-2,0.001830,0.000000,0.000000,0.010374
Q_ind_110_anc_3-2,0.002746,0.000000,0.000000,0.038860
Q_ind_111_anc_3-2,0.000325,0.000000,0.000000,0.003418
Q_ind_112_anc_3-2,0.015109,0.000000,0.000000,0.098008
Q_ind_113_anc_3-2,0.000910,0.000000,0.000000,0.010520
Q_ind_114_anc_3-2,0.026999,0.000000,0.000000,0.152560
Q_ind_115_anc_3-2,0.000079,0.000000,0.000000,0.000527
Q_ind_116_anc_3-2,0.000195,0.000000,0.000000,0.002631
Q_ind_117_anc_3-2,0.000182,0.000000,0.000000,0.001763
Q_ind_118_anc_3-2,0.000216,0.000000,0.000000,0.001974
Q_ind_119_anc_3-2,0.000264,0.000000,0.000000,0.003119
Q_ind_120_anc_3-2,0.000178,0.000000,0.000000,0.002222
Q_ind_121_anc_3-2,0.000105,0.000000,0.000000,0.001028
Q_ind_122_anc_3-2,0.000107,0.000000,0.000000,0.001059
Q_ind_123_anc_3-2,0.000176,0.000000,0.000000,0.001344
Q_ind_124_anc_3-2,0.000132,0.000000,0.000000,0.001565
Q_ind_125_anc_3-2,0.000422,0.000000,0.000000,0.005559
Q_ind_126_anc_3-2,0.000396,0.000000,0.000000,0.005193
Q_ind_127_anc_3-2,0.000088,0.000000,0.000000,0.000867
Q_ind_128_anc_3-2,0.000116,0.000000,0.000000,0.001207
Q_ind_129_anc_3-2,0.000238,0.000000,0.000000,0.002854
Q_ind_130_anc_3-2,0.000305,0.000000,0.000000,0.002634
Q_ind_131_anc_3-2,0.000912,0.000000,0.000000,0.016182
Q_ind_132_anc_3-2,0.001038,0.000000,0.000000,0.016844
Q_ind_133_anc_3-2,0.000102,0.000000,0.000000,0.000879
Q_ind_134_anc_3-2,0.000487,0.000000,0.000000,0.006037
Q_ind_135_anc_3-2,0.000130,0.000000,0.000000,0.001182
Q_ind_136_anc_3-2,0.000768,0.000000,0.000000,0.012216
Q_ind_137_anc_3-2,0.000910,0.000000,0.000000,0.013004
Q_ind_138_anc_3-2,0.003677,0.000000,0.000000,0.034245
Q_ind_139_anc_3-2,0.001632,0.000000,0.000000,0.023546
Q_ind_140_anc_3-2,0.000623,0.000000,0.000000,0.008404
Q_ind_141_anc_3-2,0.000313,0.000000,0.000000,0.003747
Q_ind_142_anc_3-2,0.000357,0.000000,0.000000,0.003452
Q_ind_143_anc_3-2,0.000281,0.000000,0.000000,0.002397
Q_ind_144_anc_3-2,0.000359,0.000000,0.000000,0.003297
Q_ind_145_anc_3-2,0.000061,0.000000,0.000000,0.000491
Q_ind_146_anc_3-2,0.000188,0.000000,0.000000,0.002033
Q_ind_147_anc_3-2,0.000183,0.000000,0.000000,0.001391
Q_ind_148_anc_3-2,0.000153,0.000000,0.000000,0.001768
Q_ind_149_anc_3-2,0.000235,0.000000,0.000000,0.002670
Q_ind_150_anc_3-2,0.000353,0.000000,0.000000,0.004450
Q_ind_151_anc_3-2,0.000136,0.000000,0.000000,0.001404
Q_ind_152_anc_3-2,0.000104,0.000000,0.000000,0.001020
Q_ind_153_anc_3-2,0.000123,0.000000,0.000000,0.001390
Q_ind_154_anc_3-2,0.000140,0.000000,0.000000,0.001278
Q_ind_155_anc_3-2,0.000313,0.000000,0.000000,0.002770
Q_ind_156_anc_3-2,0.000214,0.000000,0.000000,0.002248
Q_ind_157_anc_3-2,0.000172,0.000000,0.000000,0.001989
Q_ind_158_anc_3-2,0.000201,0.000000,0.000000,0.001789
Q_ind_159_anc_3-2,0.000485,0.000000,0.000000,0.006432
Q_ind_160_anc_3-2,0.000179,0.000000,0.000000,0.001770
Q_ind_161_anc_3-2,0.000105,0.000000,0.000000,0.000929
Q_ind_162_anc_3-2,0.000229,0.000000,0.000000,0.002428
Q_ind_163_anc_3-2,0.000139,0.000000,0.000000,0.001244
Q_ind_164_anc_3-2,0.000203,0.000000,0.000000,0.002031
Q_ind_165_anc_3-2,0.001618,0.000000,0.000000,0.024218
Q_ind_166_anc_3-2,0.003401,0.000000,0.000000,0.042134
Q_ind_167_anc_3-2,0.000711,0.000000,0.000000,0.010899
Q_ind_168_anc_3-2,0.000317,0.000000,0.000000,0.004152
Q_ind_169_anc_3-2,0.000516,0.000000,0.000000,0.007335
Q_ind_170_anc_3-2,0.000220,0.000000,0.000000,0.002065
Q_ind_171_anc_3-2,0.000500,0.000000,0.000000,0.005918
Q_ind_172_anc_3-2,0.000170,0.000000,0.000000,0.001594
Q_ind_173_anc_3-2,0.000402,0.000000,0.000000,0.005097
Q_ind_174_anc_3-2,0.000107,0.000000,0.000000,0.000998
Q_ind_175_anc_3-2,0.015772,0.000000,0.000000,0.082153
Q_ind_176_anc_3-2,0.000294,0.000000,0.000000,0.003147
Q_ind_177_anc_3-2,0.000356,0.000000,0.000000,0.003707
Q_ind_178_anc_3-2,0.000147,0.000000,0.000000,0.001630
Q_ind_179_anc_3-2,0.000219,0.000000,0.000000,0.002486
Q_ind_180_anc_3-2,0.000081,0.000000,0.000000,0.000871
Q_ind_181_anc_3-2,0.001747,0.000000,0.000000,0.024291
Q_ind_182_anc_3-2,0.000241,0.000000,0.000000,0.002471
Q_ind_183_anc_3-2,0.000244,0.000000,0.000000,0.002277
Q_ind_184_anc_3-2,0.001309,0.000000,0.000000,0.020515
Q_ind_185_anc_3-2,0.001114,0.000000,0.000000,0.015235
Q_ind_186_anc_3-2,0.000125,0.000000,0.000000,0.001187
Q_ind_187_anc_3-2,0.000246,0.000000,0.000000,0.002501
Q_ind_188_anc_3-2,0.000468,0.000000,0.000000,0.005952
Q_ind_189_anc_3-2,0.000396,0.000000,0.000000,0.004619
Q_ind_190_anc_3-2,0.001106,0.000000,0.000000,0.017142
Q_ind_191_anc_3-2,0.000386,0.000000,0.000000,0.004678
Q_ind_192_anc_3-2,0.004183,0.000000,0.000000,0.055445
Q_ind_193_anc_3-2,0.000158,0.000000,0.000000,0.001126
Q_ind_194_anc_3-2,0.000084,0.000000,0.000000,0.000666
Q_ind_195_anc_3-2,0.000068,0.000000,0.000000,0.000673
Q_ind_196_anc_3-2,0.000084,0.000000,0.000000,0.000829
Q_ind_197_anc_3-2,0.000099,0.000000,0.000000,0.001000
Q_ind_198_anc_3-2,0.000083,0.000000,0.000000,0.000624
Q_ind_199_anc_3-2,0.000189,0.000000,0.000000,0.002277
Q_ind_200_anc_3-2,0.000087,0.000000,0.000000,0.000930
Q_ind_201_anc_3-2,0.020471,0.000000,0.000000,0.148819
Q_ind_202_anc_3-2,0.000119,0.000000,0.000000,0.001083
Q_ind_203_anc_3-2,0.000813,0.000000,0.000000,0.012502
Q_ind_204_anc_3-2,0.000344,0.000000,0.000000,0.004167
Q_ind_205_anc_3-2,0.002197,0.000000,0.000000,0.032074
Q_ind_206_anc_3-2,0.000299,0.000000,0.000000,0.003908
Q_ind_207_anc_3-2,0.000245,0.000000,0.000000,0.003330
Q_ind_208_anc_3-2,0.001880,0.000000,0.000000,0.027345
Q_ind_209_anc_3-2,0.001168,0.000000,0.000000,0.016963
Q_ind_210_anc_3-2,0.001395,0.000000,0.000000,0.020695
Q_ind_211_anc_3-2,0.002569,0.000000,0.000000,0.032593
Q_ind_212_anc_3-2,0.009230,0.000000,0.000000,0.078893
Q_ind_213_anc_3-2,0.002063,0.000000,0.000000,0.028125
Q_ind_214_anc_3-2,0.001046,0.000000,0.000000,0.015550
Q_ind_215_anc_3-2,0.000193,0.000000,0.000000,0.001791
Q_ind_216_anc_3-2,0.001318,0.000000,0.000000,0.018873
Q_ind_217_anc_3-2,0.000246,0.000000,0.000000,0.001930
Q_ind_218_anc_3-2,0.000271,0.000000,0.000000,0.002914
Q_ind_219_anc_3-2,0.000091,0.000000,0.000000,0.000923
Q_ind_220_anc_3-2,0.000425,0.000000,0.000000,0.004334
Q_ind_221_anc_3-2,0.000487,0.000000,0.000000,0.005437
Q_ind_222_anc_3-2,0.000238,0.000000,0.000000,0.001615
Q_ind_223_anc_3-2,0.053188,0.054813,0.000000,0.142813
Q_ind_224_anc_3-2,0.004216,0.000000,0.000000,0.052305
Q_ind_225_anc_3-2,0.001289,0.000000,0.000000,0.020663
Q_ind_226_anc_3-2,0.001293,0.000000,0.000000,0.019662
Q_ind_227_anc_3-2,0.006786,0.000000,0.000000,0.071846
Q_ind_228_anc_3-2,0.000296,0.000000,0.000000,0.002054
Q_ind_229_anc_3-2,0.000214,0.000000,0.000000,0.001404
Q_ind_230_anc_3-2,0.002544,0.000000,0.000000,0.037566
Q_ind_231_anc_3-2,0.086019,0.109866,0.000000,0.178368
Q_ind_232_anc_3-2,0.002215,0.000000,0.000000,0.033377
Q_ind_233_anc_3-2,0.013276,0.000000,0.000000,0.093060
Q_ind_234_anc_3-2,0.000100,0.000000,0.000000,0.001017
Q_ind_235_anc_3-2,0.000284,0.000000,0.000000,0.002199
Q_ind_236_anc_3-2,0.000377,0.000000,0.000000,0.004545
Q_ind_237_anc_3-2,0.000265,0.000000,0.000000,0.002869
Q_ind_238_anc_3-2,0.000099,0.000000,0.000000,0.000906
Q_ind_239_anc_3-2,0.000236,0.000000,0.000000,0.002621
Q_ind_240_anc_3-2,0.000081,0.000000,0.000000,0.000726
Q_ind_241_anc_3-2,0.000069,0.000000,0.000000,0.000594
Q_ind_242_anc_3-2,0.000376,0.000000,0.000000,0.004863
Q_ind_243_anc_3-2,0.000200,0.000000,0.000000,0.001885
Q_ind_244_anc_3-2,0.000106,0.000000,0.000000,0.001081
Q_ind_245_anc_3-2,0.000233,0.000000,0.000000,0.002568
Q_ind_1_anc_3-3,0.000399,0.000000,0.000000,0.005408
Q_ind_2_anc_3-3,0.003270,0.000000,0.000000,0.037130
Q_ind_3_anc_3-3,0.093144,0.101841,0.015642,0.152780
Q_ind_4_anc_3-3,0.085308,0.099238,0.000000,0.153427
Q_ind_5_anc_3-3,0.000062,0.000000,0.000000,0.000510
Q_ind_6_anc_3-3,0.001599,0.000000,0.000000,0.020374
Q_ind_7_anc_3-3,0.000917,0.000000,0.000000,0.013845
Q_ind_8_anc_3-3,0.064082,0.065968,0.019933,0.109884
Q_ind_9_anc_3-3,0.035896,0.032755,0.000000,0.103452
Q_ind_10_anc_3-3,0.001635,0.000000,0.000000,0.024029
Q_ind_11_anc_3-3,0.042800,0.045062,0.000000,0.113403
Q_ind_12_anc_3-3,0.001372,0.000000,0.000000,0.020019
Q_ind_13_anc_3-3,0.000071,0.000000,0.000000,0.000771
Q_ind_14_anc_3-3,0.000100,0.000000,0.000000,0.000896
Q_ind_15_anc_3-3,0.000092,0.000000,0.000000,0.000874
Q_ind_16_anc_3-3,0.000206,0.000000,0.000000,0.002897
Q_ind_17_anc_3-3,0.000060,0.000000,0.000000,0.000673
Q_ind_18_anc_3-3,0.000087,0.000000,0.000000,0.000731
Q_ind_19_anc_3-3,0.000040,0.000000,0.000000,0.000374
Q_ind_20_anc_3-3,0.000025,0.000000,0.000000,0.000241
Q_ind_21_anc_3-3,0.000136,0.000000,0.000000,0.001122
Q_ind_22_anc_3-3,0.000250,0.000000,0.000000,0.002802
Q_ind_23_anc_3-3,0.000110,0.000000,0.000000,0.001248
Q_ind_24_anc_3-3,0.000073,0.000000,0.000000,0.000720
Q_ind_25_anc_3-3,0.000129,0.000000,0.000000,0.001508
Q_ind_26_anc_3-3,0.000663,0.000000,0.000000,0.009475
Q_ind_27_anc_3-3,0.000281,0.000000,0.000000,0.002612
Q_ind_28_anc_3-3,0.003425,0.000000,0.000000,0.026134
Q_ind_29_anc_3-3,0.001306,0.000000,0.000000,0.014273
Q_ind_30_anc_3-3,0.001024,0.000000,0.000000,0.013927
Q_ind_31_anc_3-3,0.000248,0.000000,0.000000,0.003459
Q_ind_32_anc_3-3,0.000234,0.000000,0.000000,0.002039
Q_ind_33_anc_3-3,0.000575,0.000000,0.000000,0.008268
Q_ind_34_anc_3-3,0.000157,0.000000,0.000000,0.001961
Q_ind_35_anc_3-3,0.000137,0.000000,0.000000,0.001167
Q_ind_36_anc_3-3,0.000053,0.000000,0.000000,0.000512
Q_ind_37_anc_3-3,0.000430,0.000000,0.000000,0.004968
Q_ind_38_anc_3-3,0.000062,0.000000,0.000000,0.000519
Q_ind_39_anc_3-3,0.000036,0.000000,0.000000,0.000402
Q_ind_40_anc_3-3,0.000640,0.000000,0.000000,0.008166
Q_ind_41_anc_3-3,0.000120,0.000000,0.000000,0.001436
Q_ind_42_anc_3-3,0.000110,0.000000,0.000000,0.000917
Q_ind_43_anc_3-3,0.000232,0.000000,0.000000,0.002735
Q_ind_44_anc_3-3,0.000102,0.000000,0.000000,0.001100
Q_ind_45_anc_3-3,0.000259,0.000000,0.000000,0.003453
Q_ind_46_anc_3-3,0.000051,0.000000,0.000000,0.000370
Q_ind_47_anc_3-3,0.000250,0.000000,0.000000,0.003068
Q_ind_48_anc_3-3,0.000122,0.000000,0.000000,0.001139
Q_ind_49_anc_3-3,0.000138,0.000000,0.000000,0.001524
Q_ind_50_anc_3-3,0.000106,0.000000,0.000000,0.000826
Q_ind_51_anc_3-3,0.000086,0.000000,0.000000,0.001024
Q_ind_52_anc_3-3,0.000046,0.000000,0.000000,0.000525
Q_ind_53_anc_3-3,0.000044,0.000000,0.000000,0.000384
Q_ind_54_anc_3-3,0.000111,0.000000,0.000000,0.001128
Q_ind_55_anc_3-3,0.000042,0.000000,0.000000,0.000429
Q_ind_56_anc_3-3,0.000121,0.000000,0.000000,0.001374
Q_ind_57_anc_3-3,0.000030,0.000000,0.000000,0.000292
Q_ind_58_anc_3-3,0.000056,0.000000,0.000000,0.000445
Q_ind_59_anc_3-3,0.000361,0.000000,0.000000,0.004843
Q_ind_60_anc_3-3,0.000051,0.000000,0.000000,0.000458
Q_ind_61_anc_3-3,0.000074,0.000000,0.000000,0.000715
Q_ind_62_anc_3-3,0.000228,0.000000,0.000000,0.002663
Q_ind_63_anc_3-3,0.008736,0.000000,0.000000,0.038408
Q_ind_64_anc_3-3,0.002566,0.000000,0.000000,0.019693
Q_ind_65_anc_3-3,0.001722,0.000000,0.000000,0.021926
Q_ind_66_anc_3-3,0.000089,0.000000,0.000000,0.000913
Q_ind_67_anc_3-3,0.028064,0.021237,0.000000,0.088156
Q_ind_68_anc_3-3,0.000100,0.000000,0.000000,0.000970
Q_ind_69_anc_3-3,0.000245,0.000000,0.000000,0.002479
Q_ind_70_anc_3-3,0.000046,0.000000,0.000000,0.000384
Q_ind_71_anc_3-3,0.000100,0.000000,0.000000,0.001027
Q_ind_72_anc_3-3,0.000669,0.000000,0.000000,0.009601
Q_ind_73_anc_3-3,0.001330,0.000000,0.000000,0.017286
Q_ind_74_anc_3-3,0.000069,0.000000,0.000000,0.000664
Q_ind_75_anc_3-3,0.000112,0.000000,0.000000,0.001348
Q_ind_76_anc_3-3,0.000100,0.000000,0.000000,0.000988
Q_ind_77_anc_3-3,0.000251,0.000000,0.000000,0.002738
Q_ind_78_anc_3-3,0.004991,0.000000,0.000000,0.034356
Q_ind_79_anc_3-3,0.000878,0.000000,0.000000,0.011534
Q_ind_80_anc_3-3,0.000580,0.000000,0.000000,0.008631
Q_ind_81_anc_3-3,0.000140,0.000000,0.000000,0.001741
Q_ind_82_anc_3-3,0.004201,0.000000,0.000000,0.038221
Q_ind_83_anc_3-3,0.000115,0.000000,0.000000,0.001157
Q_ind_84_anc_3-3,0.000220,0.000000,0.000000,0.002478
Q_ind_85_anc_3-3,0.000389,0.000000,0.000000,0.004242
Q_ind_86_anc_3-3,0.001157,0.000000,0.000000,0.016183
Q_ind_87_anc_3-3,0.000951,0.000000,0.000000,0.011974
Q_ind_88_anc_3-3,0.000126,0.000000,0.000000,0.001320
Q_ind_89_anc_3-3,0.000100,0.000000,0.000000,0.000852
Q_ind_90_anc_3-3,0.000097,0.000000,0.000000,0.001000
Q_ind_91_anc_3-3,0.000080,0.000000,0.000000,0.000672
Q_ind_92_anc_3-3,0.000734,0.000000,0.000000,0.009540
Q_ind_93_anc_3-3,0.000204,0.000000,0.000000,0.001951
Q_ind_94_anc_3-3,0.000052,0.000000,0.000000,0.000449
Q_ind_95_anc_3-3,0.000531,0.000000,0.000000,0.006554
Q_ind_96_anc_3-3,0.000074,0.000000,0.000000,0.000761
Q_ind_97_anc_3-3,0.000313,0.000000,0.000000,0.004569
Q_ind_98_anc_3-3,0.000042,0.000000,0.000000,0.000363
Q_ind_99_anc_3-3,0.000036,0.000000,0.000000,0.000258
Q_ind_100_anc_3-3,0.000226,0.000000,0.000000,0.002782
Q_ind_101_anc_3-3,0.000058,0.000000,0.000000,0.000472
Q_ind_102_anc_3-3,0.000038,0.000000,0.000000,0.000366
Q_ind_103_anc_3-3,0.000135,0.000000,0.000000,0.001342
Q_ind_104_anc_3-3,0.000079,0.000000,0.000000,0.000762
Q_ind_105_anc_3-3,0.000034,0.000000,0.000000,0.000307
Q_ind_106_anc_3-3,0.000081,0.000000,0.000000,0.000839
Q_ind_107_anc_3-3,0.002858,0.000000,0.000000,0.032278
Q_ind_108_anc_3-3,0.000361,0.000000,0.000000,0.004647
Q_ind_109_anc_3-3,0.028166,0.019328,0.000000,0.095873
Q_ind_110_anc_3-3,0.050040,0.048548,0.000000,0.114595
Q_ind_111_anc_3-3,0.015584,0.000000,0.000000,0.078879
Q_ind_112_anc_3-3,0.000569,0.000000,0.000000,0.006661
Q_ind_113_anc_3-3,0.006578,0.000000,0.000000,0.060865
Q_ind_114_anc_3-3,0.008048,0.000000,0.000000,0.054425
Q_ind_115_anc_3-3,0.000095,0.000000,0.000000,0.000903
Q_ind_116_anc_3-3,0.000272,0.000000,0.000000,0.003659
Q_ind_117_anc_3-3,0.000240,0.000000,0.000000,0.003097
Q_ind_118_anc_3-3,0.000179,0.000000,0.000000,0.002434
Q_ind_119_anc_3-3,0.000134,0.000000,0.000000,0.001015
Q_ind_120_anc_3-3,0.000134,0.000000,0.000000,0.001412
Q_ind_121_anc_3-3,0.000241,0.000000,0.000000,0.003218
Q_ind_122_anc_3-3,0.000291,0.000000,0.000000,0.004383
Q_ind_123_anc_3-3,0.000101,0.000000,0.000000,0.000905
Q_ind_124_anc_3-3,0.000049,0.000000,0.000000,0.000460
Q_ind_125_anc_3-3,0.000943,0.000000,0.000000,0.013671
Q_ind_126_anc_3-3,0.000447,0.000000,0.000000,0.005286
Q_ind_127_anc_3-3,0.000192,0.000000,0.000000,0.002017
Q_ind_128_anc_3-3,0.000213,0.000000,0.000000,0.003057
Q_ind_129_anc_3-3,0.000091,0.000000,0.000000,0.000853
Q_ind_130_anc_3-3,0.000126,0.000000,0.000000,0.001134
Q_ind_131_anc_3-3,0.000047,0.000000,0.000000,0.000461
Q_ind_132_anc_3-3,0.000023,0.000000,0.000000,0.000216
Q_ind_133_anc_3-3,0.000218,0.000000,0.000000,0.002729
Q_ind_134_anc_3-3,0.000175,0.000000,0.000000,0.002227
Q_ind_135_anc_3-3,0.001327,0.000000,0.000000,0.017887
Q_ind_136_anc_3-3,0.000097,0.000000,0.000000,0.000994
Q_ind_137_anc_3-3,0.000128,0.000000,0.000000,0.001368
Q_ind_138_anc_3-3,0.000073,0.000000,0.000000,0.000627
Q_ind_139_anc_3-3,0.000111,0.000000,0.000000,0.001042
Q_ind_140_anc_3-3,0.000196,0.000000,0.000000,0.002284
Q_ind_141_anc_3-3,0.025693,0.025522,0.000000,0.062645
Q_ind_142_anc_3-3,0.000025,0.000000,0.000000,0.000269
Q_ind_143_anc_3-3,0.000329,0.000000,0.000000,0.005047
Q_ind_144_anc_3-3,0.002718,0.000000,0.000000,0.023256
Q_ind_145_anc_3-3,0.000606,0.000000,0.000000,0.008561
Q_ind_146_anc_3-3,0.005397,0.000000,0.000000,0.036441
Q_ind_147_anc_3-3,0.001090,0.000000,0.000000,0.017671
Q_ind_148_anc_3-3,0.000186,0.000000,0.000000,0.002387
Q_ind_149_anc_3-3,0.000082,0.000000,0.000000,0.000722
Q_ind_150_anc_3-3,0.001096,0.000000,0.000000,0.013909
Q_ind_151_anc_3-3,0.000380,0.000000,0.000000,0.005168
Q_ind_152_anc_3-3,0.000332,0.000000,0.000000,0.004814
Q_ind_153_anc_3-3,0.000208,0.000000,0.000000,0.002299
Q_ind_154_anc_3-3,0.001339,0.000000,0.000000,0.014773
Q_ind_155_anc_3-3,0.000030,0.000000,0.000000,0.000228
Q_ind_156_anc_3-3,0.000346,0.000000,0.000000,0.004178
Q_ind_157_anc_3-3,0.000280,0.000000,0.000000,0.002718
Q_ind_158_anc_3-3,0.010695,0.000000,0.000000,0.062785
Q_ind_159_anc_3-3,0.000383,0.000000,0.000000,0.003456
Q_ind_160_anc_3-3,0.000219,0.000000,0.000000,0.002743
Q_ind_161_anc_3-3,0.000583,0.000000,0.000000,0.007435
Q_ind_162_anc_3-3,0.000387,0.000000,0.000000,0.004229
Q_ind_163_anc_3-3,0.000365,0.000000,0.000000,0.004079
Q_ind_164_anc_3-3,0.004521,0.000000,0.000000,0.048037
Q_ind_165_anc_3-3,0.001835,0.000000,0.000000,0.024798
Q_ind_166_anc_3-3,0.012661,0.000000,0.000000,0.083725
Q_ind_167_anc_3-3,0.062011,0.072752,0.000000,0.146286
Q_ind_168_anc_3-3,0.000060,0.000000,0.000000,0.000613
Q_ind_169_anc_3-3,0.000031,0.000000,0.000000,0.000295
Q_ind_170_anc_3-3,0.007209,0.004828,0.000000,0.026675
Q_ind_171_anc_3-3,0.000314,0.000000,0.000000,0.004081
Q_ind_172_anc_3-3,0.000120,0.000000,0.000000,0.001470
Q_ind_173_anc_3-3,0.000051,0.000000,0.000000,0.000551
Q_ind_174_anc_3-3,0.000081,0.000000,0.000000,0.000806
Q_ind_175_anc_3-3,0.000057,0.000000,0.000000,0.000443
Q_ind_176_anc_3-3,0.000274,0.000000,0.000000,0.003833
Q_ind_177_anc_3-3,0.005574,0.000000,0.000000,0.031343
Q_ind_178_anc_3-3,0.000416,0.000000,0.000000,0.005388
Q_ind_179_anc_3-3,0.006574,0.000000,0.000000,0.034700
Q_ind_180_anc_3-3,0.028360,0.027929,0.000000,0.061828
Q_ind_181_anc_3-3,0.001110,0.000000,0.000000,0.012597
Q_ind_182_anc_3-3,0.000115,0.000000,0.000000,0.001163
Q_ind_183_anc_3-3,0.000870,0.000000,0.000000,0.013818
Q_ind_184_anc_3-3,0.000164,0.000000,0.000000,0.001707
Q_ind_185_anc_3-3,0.000705,0.000000,0.000000,0.010694
Q_ind_186_anc_3-3,0.000088,0.000000,0.000000,0.000653
Q_ind_187_anc_3-3,0.000657,0.000000,0.000000,0.008936
Q_ind_188_anc_3-3,0.000629,0.000000,0.000000,0.009546
Q_ind_189_anc_3-3,0.002372,0.000000,0.000000,0.026861
Q_ind_190_anc_3-3,0.000103,0.000000,0.000000,0.001118
Q_ind_191_anc_3-3,0.001181,0.000000,0.000000,0.016006
Q_ind_192_anc_3-3,0.106132,0.129671,0.000000,0.240501
Q_ind_193_anc_3-3,0.271718,0.287441,0.118083,0.430986
Q_ind_194_anc_3-3,0.763370,0.995417,0.291691,0.999914
Q_ind_195_anc_3-3,0.211487,0.246707,0.054813,0.347921
Q_ind_196_anc_3-3,0.790191,0.995629,0.344517,0.999899
Q_ind_197_anc_3-3,0.770260,0.995647,0.301404,0.999882
Q_ind_198_anc_3-3,0.739235,0.910602,0.277884,0.999840
Q_ind_199_anc_3-3,0.183685,0.194704,0.037660,0.367331
Q_ind_200_anc_3-3,0.797348,0.994412,0.310046,0.999879
Q_ind_201_anc_3-3,0.000036,0.000000,0.000000,0.000322
Q_ind_202_anc_3-3,0.292755,0.315650,0.127248,0.469403
Q_ind_203_anc_3-3,0.003032,0.000000,0.000000,0.039013
Q_ind_204_anc_3-3,0.012121,0.000000,0.000000,0.060251
Q_ind_205_anc_3-3,0.002613,0.000000,0.000000,0.031916
Q_ind_206_anc_3-3,0.000252,0.000000,0.000000,0.003265
Q_ind_207_anc_3-3,0.038913,0.041017,0.000000,0.090703
Q_ind_208_anc_3-3,0.000045,0.000000,0.000000,0.000409
Q_ind_209_anc_3-3,0.001745,0.000000,0.000000,0.028928
Q_ind_210_anc_3-3,0.000421,0.000000,0.000000,0.005945
Q_ind_211_anc_3-3,0.009509,0.000000,0.000000,0.063807
Q_ind_212_anc_3-3,0.000030,0.000000,0.000000,0.000307
Q_ind_213_anc_3-3,0.000106,0.000000,0.000000,0.000995
Q_ind_214_anc_3-3,0.000143,0.000000,0.000000,0.001446
Q_ind_215_anc_3-3,0.000391,0.000000,0.000000,0.005989
Q_ind_216_anc_3-3,0.000228,0.000000,0.000000,0.002358
Q_ind_217_anc_3-3,0.000327,0.000000,0.000000,0.005312
Q_ind_218_anc_3-3,0.000050,0.000000,0.000000,0.000488
Q_ind_219_anc_3-3,0.000088,0.000000,0.000000,0.000898
Q_ind_220_anc_3-3,0.000102,0.000000,0.000000,0.000879
Q_ind_221_anc_3-3,0.000109,0.000000,0.000000,0.001218
Q_ind_222_anc_3-3,0.001324,0.000000,0.000000,0.013384
Q_ind_223_anc_3-3,0.000035,0.000000,0.000000,0.000375
Q_ind_224_anc_3-3,0.000040,0.000000,0.000000,0.000400
Q_ind_225_anc_3-3,0.000622,0.000000,0.000000,0.009690
Q_ind_226_anc_3-3,0.000087,0.000000,0.000000,0.000768
Q_ind_227_anc_3-3,0.001128,0.000000,0.000000,0.016202
Q_ind_228_anc_3-3,0.005955,0.000000,0.000000,0.048057
Q_ind_229_anc_3-3,0.000143,0.000000,0.000000,0.001194
Q_ind_230_anc_3-3,0.001571,0.000000,0.000000,0.023489
Q_ind_231_anc_3-3,0.000043,0.000000,0.000000,0.000377
Q_ind_232_anc_3-3,0.000458,0.000000,0.000000,0.006159
Q_ind_233_anc_3-3,0.010979,0.000000,0.000000,0.062961
Q_ind_234_anc_3-3,0.000138,0.000000,0.000000,0.001269
Q_ind_235_anc_3-3,0.000051,0.000000,0.000000,0.000526
Q_ind_236_anc_3-3,0.000245,0.000000,0.000000,0.002316
Q_ind_237_anc_3-3,0.000120,0.000000,0.000000,0.000899
Q_ind_238_anc_3-3,0.000063,0.000000,0.000000,0.000620
Q_ind_239_anc_3-3,0.000106,0.000000,0.000000,0.000893
Q_ind_240_anc_3-3,0.000057,0.000000,0.000000,0.000432
Q_ind_241_anc_3-3,0.000066,0.000000,0.000000,0.000524
Q_ind_242_anc_3-3,0.000242,0.000000,0.000000,0.003154
Q_ind_243_anc_3-3,0.000035,0.000000,0.000000,0.000326
Q_ind_244_anc_3-3,0.000167,0.000000,0.000000,0.001547
Q_ind_245_anc_3-3,0.000048,0.000000,0.000000,0.000458
Q_ind_1_anc_4-1,0.000373,0.000000,0.000000,0.004564
Q_ind_2_anc_4-1,0.000253,0.000000,0.000000,0.002974
Q_ind_3_anc_4-1,0.000526,0.000000,0.000000,0.005737
Q_ind_4_anc_4-1,0.002517,0.000000,0.000000,0.037793
Q_ind_5_anc_4-1,0.000668,0.000000,0.000000,0.009717
Q_ind_6_anc_4-1,0.000393,0.000000,0.000000,0.003678
Q_ind_7_anc_4-1,0.000147,0.000000,0.000000,0.001326
Q_ind_8_anc_4-1,0.000194,0.000000,0.000000,0.001668
Q_ind_9_anc_4-1,0.000404,0.000000,0.000000,0.004508
Q_ind_10_anc_4-1,0.000187,0.000000,0.000000,0.001877
Q_ind_11_anc_4-1,0.000193,0.000000,0.000000,0.001936
Q_ind_12_anc_4-1,0.000176,0.000000,0.000000,0.001932
Q_ind_13_anc_4-1,0.059666,0.000000,0.000000,0.259322
Q_ind_14_anc_4-1,0.028834,0.000000,0.000000,0.217698
Q_ind_15_anc_4-1,0.138293,0.146706,0.000000,0.294565
Q_ind_16_anc_4-1,0.101899,0.010768,0.000000,0.290812
Q_ind_17_anc_4-1,0.060263,0.000027,0.000000,0.215291
Q_ind_18_anc_4-1,0.020044,0.000000,0.000000,0.266709
Q_ind_19_anc_4-1,0.059907,0.000000,0.000000,0.250974
Q_ind_20_anc_4-1,0.034624,0.000000,0.000000,0.166511
Q_ind_21_anc_4-1,0.000568,0.000000,0.000000,0.009329
Q_ind_22_anc_4-1,0.000561,0.000000,0.000000,0.006017
Q_ind_23_anc_4-1,0.001823,0.000000,0.000000,0.024695
Q_ind_24_anc_4-1,0.000249,0.000000,0.000000,0.002721
Q_ind_25_anc_4-1,0.007434,0.000000,0.000000,0.110331
Q_ind_26_anc_4-1,0.000119,0.000000,0.000000,0.001218
Q_ind_27_anc_4-1,0.000546,0.000000,0.000000,0.006518
Q_ind_28_anc_4-1,0.000467,0.000000,0.000000,0.003929
Q_ind_29_anc_4-1,0.001067,0.000000,0.000000,0.015616
Q_ind_30_anc_4-1,0.000581,0.000000,0.000000,0.005723
Q_ind_31_anc_4-1,0.001053,0.000000,0.000000,0.016484
Q_ind_32_anc_4-1,0.022683,0.000000,0.000000,0.130774
Q_ind_33_anc_4-1,0.000258,0.000000,0.000000,0.003185
Q_ind_34_anc_4-1,0.000214,0.000000,0.000000,0.002381
Q_ind_35_anc_4-1,0.000287,0.000000,0.000000,0.001948
Q_ind_36_anc_4-1,0.000180,0.000000,0.000000,0.001251
Q_ind_37_anc_4-1,0.000789,0.000000,0.000000,0.010952
Q_ind_38_anc_4-1,0.000093,0.000000,0.000000,0.000806
Q_ind_39_anc_4-1,0.001100,0.000000,0.000000,0.018432
Q_ind_40_anc_4-1,0.006590,0.000000,0.000000,0.095936
Q_ind_41_anc_4-1,0.000170,0.000000,0.000000,0.001433
Q_ind_42_anc_4-1,0.000145,0.000000,0.000000,0.001262
Q_ind_43_anc_4-1,0.000260,0.000000,0.000000,0.003084
Q_ind_44_anc_4-1,0.000452,0.000000,0.000000,0.004036
Q_ind_45_anc_4-1,0.000568,0.000000,0.000000,0.008178
Q_ind_46_anc_4-1,0.000406,0.000000,0.000000,0.005988
Q_ind_47_anc_4-1,0.000268,0.000000,0.000000,0.002551
Q_ind_48_anc_4-1,0.000852,0.000000,0.000000,0.009713
Q_ind_49_anc_4-1,0.000947,0.000000,0.000000,0.012158
Q_ind_50_anc_4-1,0.000166,0.000000,0.000000,0.001654
Q_ind_51_anc_4-1,0.032956,0.000000,0.000000,0.141461
Q_ind_52_anc_4-1,0.000705,0.000000,0.000000,0.002872
Q_ind_53_anc_4-1,0.036701,0.000000,0.000000,0.144839
Q_ind_54_anc_4-1,0.035930,0.000000,0.000000,0.145452
Q_ind_55_anc_4-1,0.006804,0.000000,0.000000,0.061308
Q_ind_56_anc_4-1,0.004852,0.000000,0.000000,0.057100
Q_ind_57_anc_4-1,0.000851,0.000000,0.000000,0.010004
Q_ind_58_anc_4-1,0.042126,0.018055,0.000000,0.124988
Q_ind_59_anc_4-1,0.029588,0.000000,0.000000,0.126564
Q_ind_60_anc_4-1,0.027887,0.000000,0.000000,0.139205
Q_ind_61_anc_4-1,0.013057,0.000000,0.000000,0.130045
Q_ind_62_anc_4-1,0.073459,0.089458,0.000000,0.163189
Q_ind_63_anc_4-1,0.000121,0.000000,0.000000,0.001139
Q_ind_64_anc_4-1,0.000116,0.000000,0.000000,0.000955
Q_ind_65_anc_4-1,0.000331,0.000000,0.000000,0.004099
Q_ind_66_anc_4-1,0.000207,0.000000,0.000000,0.002205
Q_ind_67_anc_4-1,0.000493,0.000000,0.000000,0.005154
Q_ind_68_anc_4-1,0.001840,0.000000,0.000000,0.028754
Q_ind_69_anc_4-1,0.000424,0.000000,0.000000,0.005877
Q_ind_70_anc_4-1,0.000511,0.000000,0.000000,0.005386
Q_ind_71_anc_4-1,0.000368,0.000000,0.000000,0.004143
Q_ind_72_anc_4-1,0.001030,0.000000,0.000000,0.014063
Q_ind_73_anc_4-1,0.000169,0.000000,0.000000,0.001686
Q_ind_74_anc_4-1,0.000738,0.000000,0.000000,0.006925
Q_ind_75_anc_4-1,0.002027,0.000000,0.000000,0.034988
Q_ind_76_anc_4-1,0.000439,0.000000,0.000000,0.003930
Q_ind_77_anc_4-1,0.000291,0.000000,0.000000,0.002468
Q_ind_78_anc_4-1,0.000351,0.000000,0.000000,0.004018
Q_ind_79_anc_4-1,0.000280,0.000000,0.000000,0.002964
Q_ind_80_anc_4-1,0.001743,0.000000,0.000000,0.027023
Q_ind_81_anc_4-1,0.000232,0.000000,0.000000,0.002708
Q_ind_82_anc_4-1,0.000371,0.000000,0.000000,0.004083
Q_ind_83_anc_4-1,0.000265,0.000000,0.000000,0.002659
Q_ind_84_anc_4-1,0.000482,0.000000,0.000000,0.007485
Q_ind_85_anc_4-1,0.000117,0.000000,0.000000,0.000844
Q_ind_86_anc_4-1,0.000213,0.000000,0.000000,0.001557
Q_ind_87_anc_4-1,0.000417,0.000000,0.000000,0.004849
Q_ind_88_anc_4-1,0.200516,0.265869,0.000000,0.439527
Q_ind_89_anc_4-1,0.213565,0.134410,0.000000,0.531685
Q_ind_90_anc_4-1,0.246477,0.295628,0.000000,0.465252
Q_ind_91_anc_4-1,0.181073,0.125335,0.000000,0.456700
Q_ind_92_anc_4-1,0.192998,0.000494,0.000000,0.495762
Q_ind_93_anc_4-1,0.130527,0.000002,0.000000,0.436462
Q_ind_94_anc_4-1,0.064840,0.000000,0.000000,0.343996
Q_ind_95_anc_4-1,0.170735,0.178059,0.000000,0.413767
Q_ind_96_anc_4-1,0.000104,0.000000,0.000000,0.001041
Q_ind_97_anc_4-1,0.000389,0.000000,0.000000,0.003994
Q_ind_98_anc_4-1,0.000115,0.000000,0.000000,0.000807
Q_ind_99_anc_4-1,0.000233,0.000000,0.000000,0.001736
Q_ind_100_anc_4-1,0.000140,0.000000,0.000000,0.001372
Q_ind_101_anc_4-1,0.000117,0.000000,0.000000,0.001231
Q_ind_102_anc_4-1,0.000204,0.000000,0.000000,0.002715
Q_ind_103_anc_4-1,0.000287,0.000000,0.000000,0.003108
Q_ind_104_anc_4-1,0.000148,0.000000,0.000000,0.001513
Q_ind_105_anc_4-1,0.000140,0.000000,0.000000,0.001856
Q_ind_106_anc_4-1,0.000480,0.000000,0.000000,0.005953
Q_ind_107_anc_4-1,0.002619,0.000000,0.000000,0.044680
Q_ind_108_anc_4-1,0.000544,0.000000,0.000000,0.004490
Q_ind_109_anc_4-1,0.001134,0.000000,0.000000,0.019065
Q_ind_110_anc_4-1,0.000338,0.000000,0.000000,0.002626
Q_ind_111_anc_4-1,0.000349,0.000000,0.000000,0.003121
Q_ind_112_anc_4-1,0.032016,0.000000,0.000000,0.147473
Q_ind_113_anc_4-1,0.007460,0.000000,0.000000,0.127097
Q_ind_114_anc_4-1,0.000812,0.000000,0.000000,0.009005
Q_ind_115_anc_4-1,0.006926,0.000000,0.000000,0.072934
Q_ind_116_anc_4-1,0.000274,0.000000,0.000000,0.002937
Q_ind_117_anc_4-1,0.000605,0.000000,0.000000,0.006651
Q_ind_118_anc_4-1,0.008959,0.000000,0.000000,0.064258
Q_ind_119_anc_4-1,0.001957,0.000000,0.000000,0.028096
Q_ind_120_anc_4-1,0.000096,0.000000,0.000000,0.000948
Q_ind_121_anc_4-1,0.005758,0.000000,0.000000,0.048898
Q_ind_122_anc_4-1,0.000186,0.000000,0.000000,0.001997
Q_ind_123_anc_4-1,0.000714,0.000000,0.000000,0.010377
Q_ind_124_anc_4-1,0.000843,0.000000,0.000000,0.009249
Q_ind_125_anc_4-1,0.013102,0.000000,0.000000,0.118097
Q_ind_126_anc_4-1,0.040703,0.000000,0.000000,0.197450
Q_ind_127_anc_4-1,0.009494,0.000000,0.000000,0.091834
Q_ind_128_anc_4-1,0.055738,0.000000,0.000000,0.269026
Q_ind_129_anc_4-1,0.002212,0.000000,0.000000,0.031848
Q_ind_130_anc_4-1,0.034097,0.000000,0.000000,0.185155
Q_ind_131_anc_4-1,0.007815,0.000000,0.000000,0.128666
Q_ind_132_anc_4-1,0.001423,0.000000,0.000000,0.022672
Q_ind_133_anc_4-1,0.002275,0.000000,0.000000,0.027993
Q_ind_134_anc_4-1,0.000189,0.000000,0.000000,0.001954
Q_ind_135_anc_4-1,0.000318,0.000000,0.000000,0.003032
Q_ind_136_anc_4-1,0.000374,0.000000,0.000000,0.004581
Q_ind_137_anc_4-1,0.000675,0.000000,0.000000,0.004833
Q_ind_138_anc_4-1,0.000646,0.000000,0.000000,0.008397
Q_ind_139_anc_4-1,0.000150,0.000000,0.000000,0.001372
Q_ind_140_anc_4-1,0.001132,0.000000,0.000000,0.017547
Q_ind_141_anc_4-1,0.000233,0.000000,0.000000,0.001960
Q_ind_142_anc_4-1,0.000510,0.000000,0.000000,0.007288
Q_ind_143_anc_4-1,0.000341,0.000000,0.000000,0.003042
Q_ind_144_anc_4-1,0.000323,0.000000,0.000000,0.004312
Q_ind_145_anc_4-1,0.000146,0.000000,0.000000,0.001294
Q_ind_146_anc_4-1,0.005555,0.000000,0.000000,0.073267
Q_ind_147_anc_4-1,0.000555,0.000000,0.000000,0.008810
Q_ind_148_anc_4-1,0.011798,0.000000,0.000000,0.069342
Q_ind_149_anc_4-1,0.000639,0.000000,0.000000,0.007642
Q_ind_150_anc_4-1,0.000692,0.000000,0.000000,0.010398
Q_ind_151_anc_4-1,0.000338,0.000000,0.000000,0.002825
Q_ind_152_anc_4-1,0.001629,0.000000,0.000000,0.027054
Q_ind_153_anc_4-1,0.004462,0.000000,0.000000,0.043635
Q_ind_154_anc_4-1,0.006913,0.000000,0.000000,0.056255
Q_ind_155_anc_4-1,0.000263,0.000000,0.000000,0.002049
Q_ind_156_anc_4-1,0.002137,0.000000,0.000000,0.029168
Q_ind_157_anc_4-1,0.000402,0.000000,0.000000,0.003190
Q_ind_158_anc_4-1,0.010920,0.000000,0.000000,0.082878
Q_ind_159_anc_4-1,0.006249,0.000000,0.000000,0.075938
Q_ind_160_anc_4-1,0.001446,0.000000,0.000000,0.021775
Q_ind_161_anc_4-1,0.000422,0.000000,0.000000,0.004133
Q_ind_162_anc_4-1,0.000851,0.000000,0.000000,0.012901
Q_ind_163_anc_4-1,0.000968,0.000000,0.000000,0.012118
Q_ind_164_anc_4-1,0.000407,0.000000,0.000000,0.003939
Q_ind_165_anc_4-1,0.000546,0.000000,0.000000,0.004982
Q_ind_166_anc_4-1,0.000750,0.000000,0.000000,0.010423
Q_ind_167_anc_4-1,0.000293,0.000000,0.000000,0.003527
Q_ind_168_anc_4-1,0.000205,0.000000,0.000000,0.001620
Q_ind_169_anc_4-1,0.000561,0.000000,0.000000,0.006711
Q_ind_170_anc_4-1,0.000321,0.000000,0.000000,0.003629
Q_ind_171_anc_4-1,0.000355,0.000000,0.000000,0.003585
Q_ind_172_anc_4-1,0.000728,0.000000,0.000000,0.009186
Q_ind_173_anc_4-1,0.000151,0.000000,0.000000,0.001757
Q_ind_174_anc_4-1,0.000508,0.000000,0.000000,0.007386
Q_ind_175_anc_4-1,0.000529,0.000000,0.000000,0.002872
Q_ind_176_anc_4-1,0.001293,0.000000,0.000000,0.018433
Q_ind_177_anc_4-1,0.005161,0.000000,0.000000,0.080846
Q_ind_178_anc_4-1,0.004403,0.000000,0.000000,0.048670
Q_ind_179_anc_4-1,0.001588,0.000000,0.000000,0.022186
Q_ind_180_anc_4-1,0.001331,0.000000,0.000000,0.017277
Q_ind_181_anc_4-1,0.000389,0.000000,0.000000,0.004316
Q_ind_182_anc_4-1,0.001592,0.000000,0.000000,0.021891
Q_ind_183_anc_4-1,0.001472,0.000000,0.000000,0.020937
Q_ind_184_anc_4-1,0.000316,0.000000,0.000000,0.001851
Q_ind_185_anc_4-1,0.010255,0.000000,0.000000,0.106121
Q_ind_186_anc_4-1,0.000544,0.000000,0.000000,0.005662
Q_ind_187_anc_4-1,0.000475,0.000000,0.000000,0.006663
Q_ind_188_anc_4-1,0.001195,0.000000,0.000000,0.018488
Q_ind_189_anc_4-1,0.000447,0.000000,0.000000,0.004580
Q_ind_190_anc_4-1,0.000853,0.000000,0.000000,0.011584
Q_ind_191_anc_4-1,0.000347,0.000000,0.000000,0.004529
Q_ind_192_anc_4-1,0.000177,0.000000,0.000000,0.002118
Q_ind_193_anc_4-1,0.000575,0.000000,0.000000,0.006680
Q_ind_194_anc_4-1,0.000038,0.000000,0.000000,0.000407
Q_ind_195_anc_4-1,0.000142,0.000000,0.000000,0.001275
Q_ind_196_anc_4-1,0.000069,0.000000,0.000000,0.000615
Q_ind_197_anc_4-1,0.000027,0.000000,0.000000,0.000226
Q_ind_198_anc_4-1,0.000076,0.000000,0.000000,0.000777
Q_ind_199_anc_4-1,0.000208,0.000000,0.000000,0.002248
Q_ind_200_anc_4-1,0.000077,0.000000,0.000000,0.000585
Q_ind_201_anc_4-1,0.000579,0.000000,0.000000,0.007491
Q_ind_202_anc_4-1,0.000103,0.000000,0.000000,0.000858
Q_ind_203_anc_4-1,0.000462,0.000000,0.000000,0.004971
Q_ind_204_anc_4-1,0.000191,0.000000,0.000000,0.001625
Q_ind_205_anc_4-1,0.000263,0.000000,0.000000,0.002024
Q_ind_206_anc_4-1,0.000228,0.000000,0.000000,0.002077
Q_ind_207_anc_4-1,0.018143,0.000000,0.000000,0.114917
Q_ind_208_anc_4-1,0.000279,0.000000,0.000000,0.002529
Q_ind_209_anc_4-1,0.000714,0.000000,0.000000,0.006971
Q_ind_210_anc_4-1,0.000733,0.000000,0.000000,0.005864
Q_ind_211_anc_4-1,0.002470,0.000000,0.000000,0.035937
Q_ind_212_anc_4-1,0.002984,0.000000,0.000000,0.042046
Q_ind_213_anc_4-1,0.002945,0.000000,0.000000,0.041698
Q_ind_214_anc_4-1,0.000444,0.000000,0.000000,0.004473
Q_ind_215_anc_4-1,0.000671,0.000000,0.000000,0.004538
Q_ind_216_anc_4-1,0.003948,0.000000,0.000000,0.060689
Q_ind_217_anc_4-1,0.001328,0.000000,0.000000,0.013778
Q_ind_218_anc_4-1,0.000559,0.000000,0.000000,0.006030
Q_ind_219_anc_4-1,0.001640,0.000000,0.000000,0.023103
Q_ind_220_anc_4-1,0.001693,0.000000,0.000000,0.022764
Q_ind_221_anc_4-1,0.019276,0.000000,0.000000,0.143085
Q_ind_222_anc_4-1,0.007616,0.000000,0.000000,0.076537
Q_ind_223_anc_4-1,0.000831,0.000000,0.000000,0.010115
Q_ind_224_anc_4-1,0.000333,0.000000,0.000000,0.003769
Q_ind_225_anc_4-1,0.000890,0.000000,0.000000,0.012246
Q_ind_226_anc_4-1,0.000413,0.000000,0.000000,0.003906
Q_ind_227_anc_4-1,0.000192,0.000000,0.000000,0.001858
Q_ind_228_anc_4-1,0.000245,0.000000,0.000000,0.002630
Q_ind_229_anc_4-1,0.000986,0.000000,0.000000,0.014649
Q_ind_230_anc_4-1,0.000443,0.000000,0.000000,0.005816
Q_ind_231_anc_4-1,0.000254,0.000000,0.000000,0.002250
Q_ind_232_anc_4-1,0.000337,0.000000,0.000000,0.002450
Q_ind_233_anc_4-1,0.000382,0.000000,0.000000,0.004603
Q_ind_234_anc_4-1,0.000394,0.000000,0.000000,0.005487
Q_ind_235_anc_4-1,0.000369,0.000000,0.000000,0.004617
Q_ind_236_anc_4-1,0.000354,0.000000,0.000000,0.003210
Q_ind_237_anc_4-1,0.002143,0.000000,0.000000,0.034016
Q_ind_238_anc_4-1,0.000359,0.000000,0.000000,0.004296
Q_ind_239_anc_4-1,0.000332,0.000000,0.000000,0.003448
Q_ind_240_anc_4-1,0.004944,0.000000,0.000000,0.053249
Q_ind_241_anc_4-1,0.000176,0.000000,0.000000,0.001230
Q_ind_242_anc_4-1,0.000373,0.000000,0.000000,0.004446
Q_ind_243_anc_4-1,0.002197,0.000000,0.000000,0.038083
Q_ind_244_anc_4-1,0.000255,0.000000,0.000000,0.001464
Q_ind_245_anc_4-1,0.002286,0.000000,0.000000,0.034386
Q_ind_1_anc_4-2,0.000311,0.000000,0.000000,0.004350
Q_ind_2_anc_4-2,0.000742,0.000000,0.000000,0.011082
Q_ind_3_anc_4-2,0.000296,0.000000,0.000000,0.003375
Q_ind_4_anc_4-2,0.000904,0.000000,0.000000,0.013319
Q_ind_5_anc_4-2,0.000692,0.000000,0.000000,0.010676
Q_ind_6_anc_4-2,0.000165,0.000000,0.000000,0.001568
Q_ind_7_anc_4-2,0.000092,0.000000,0.000000,0.000887
Q_ind_8_anc_4-2,0.000106,0.000000,0.000000,0.000988
Q_ind_9_anc_4-2,0.000118,0.000000,0.000000,0.000997
Q_ind_10_anc_4-2,0.000138,0.000000,0.000000,0.001250
Q_ind_11_anc_4-2,0.000298,0.000000,0.000000,0.002553
Q_ind_12_anc_4-2,0.000432,0.000000,0.000000,0.005983
Q_ind_13_anc_4-2,0.039869,0.000000,0.000000,0.194191
Q_ind_14_anc_4-2,0.185920,0.179859,0.068558,0.326062
Q_ind_15_anc_4-2,0.001741,0.000000,0.000000,0.027130
Q_ind_16_anc_4-2,0.058353,0.000376,0.000000,0.204949
Q_ind_17_anc_4-2,0.019871,0.000000,0.000000,0.144389
Q_ind_18_anc_4-2,0.190269,0.193815,0.000000,0.312934
Q_ind_19_anc_4-2,0.065786,0.058613,0.000000,0.191478
Q_ind_20_anc_4-2,0.019226,0.000000,0.000000,0.118265
Q_ind_21_anc_4-2,0.000890,0.000000,0.000000,0.011244
Q_ind_22_anc_4-2,0.000797,0.000000,0.000000,0.011344
Q_ind_23_anc_4-2,0.000192,0.000000,0.000000,0.002119
Q_ind_24_anc_4-2,0.000351,0.000000,0.000000,0.004133
Q_ind_25_anc_4-2,0.000507,0.000000,0.000000,0.005243
Q_ind_26_anc_4-2,0.000392,0.000000,0.000000,0.004866
Q_ind_27_anc_4-2,0.000593,0.000000,0.000000,0.007768
Q_ind_28_anc_4-2,0.000561,0.000000,0.000000,0.008183
Q_ind_29_anc_4-2,0.003650,0.000000,0.000000,0.041950
Q_ind_30_anc_4-2,0.002889,0.000000,0.000000,0.035253
Q_ind_31_anc_4-2,0.000753,0.000000,0.000000,0.012072
Q_ind_32_anc_4-2,0.000557,0.000000,0.000000,0.004544
Q_ind_33_anc_4-2,0.000517,0.000000,0.000000,0.005405
Q_ind_34_anc_4-2,0.000092,0.000000,0.000000,0.001078
Q_ind_35_anc_4-2,0.000212,0.000000,0.000000,0.002448
Q_ind_36_anc_4-2,0.000096,0.000000,0.000000,0.000966
Q_ind_37_anc_4-2,0.000466,0.000000,0.000000,0.004913
Q_ind_38_anc_4-2,0.000077,0.000000,0.000000,0.000746
Q_ind_39_anc_4-2,0.006358,0.000000,0.000000,0.075744
Q_ind_40_anc_4-2,0.006269,0.000000,0.000000,0.064229
Q_ind_41_anc_4-2,0.000139,0.000000,0.000000,0.001219
Q_ind_42_anc_4-2,0.000212,0.000000,0.000000,0.002724
Q_ind_43_anc_4-2,0.000307,0.000000,0.000000,0.002775
Q_ind_44_anc_4-2,0.000972,0.000000,0.000000,0.015836
Q_ind_45_anc_4-2,0.000170,0.000000,0.000000,0.001816
Q_ind_46_anc_4-2,0.000628,0.000000,0.000000,0.008127
Q_ind_47_anc_4-2,0.000535,0.000000,0.000000,0.007356
Q_ind_48_anc_4-2,0.001875,0.000000,0.000000,0.028134
Q_ind_49_anc_4-2,0.000724,0.000000,0.000000,0.009187
Q_ind_50_anc_4-2,0.000206,0.000000,0.000000,0.002094
Q_ind_51_anc_4-2,0.019205,0.000000,0.000000,0.103718
Q_ind_52_anc_4-2,0.066200,0.069520,0.000000,0.136200
Q_ind_53_anc_4-2,0.055817,0.046665,0.000000,0.160274
Q_ind_54_anc_4-2,0.005412,0.000000,0.000000,0.061805
Q_ind_55_anc_4-2,0.004710,0.000000,0.000000,0.061690
Q_ind_56_anc_4-2,0.013627,0.000000,0.000000,0.131333
Q_ind_57_anc_4-2,0.014791,0.000000,0.000000,0.096762
Q_ind_58_anc_4-2,0.029996,0.000000,0.000000,0.128283
Q_ind_59_anc_4-2,0.001017,0.000000,0.000000,0.012733
Q_ind_60_anc_4-2,0.014262,0.000000,0.000000,0.102974
Q_ind_61_anc_4-2,0.060637,0.063967,0.000000,0.160579
Q_ind_62_anc_4-2,0.002309,0.000000,0.000000,0.023975
Q_ind_63_anc_4-2,0.000171,0.000000,0.000000,0.002043
Q_ind_64_anc_4-2,0.000123,0.000000,0.000000,0.001519
Q_ind_65_anc_4-2,0.000673,0.000000,0.000000,0.009538
Q_ind_66_anc_4-2,0.000074,0.000000,0.000000,0.000715
Q_ind_67_anc_4-2,0.000242,0.000000,0.000000,0.003311
Q_ind_68_anc_4-2,0.000813,0.000000,0.000000,0.010740
Q_ind_69_anc_4-2,0.000146,0.000000,0.000000,0.001549
Q_ind_70_anc_4-2,0.000504,0.000000,0.000000,0.006618
Q_ind_71_anc_4-2,0.000145,0.000000,0.000000,0.001174
Q_ind_72_anc_4-2,0.000391,0.000000,0.000000,0.003827
Q_ind_73_anc_4-2,0.000272,0.000000,0.000000,0.002171
Q_ind_74_anc_4-2,0.000622,0.000000,0.000000,0.003137
Q_ind_75_anc_4-2,0.000894,0.000000,0.000000,0.010501
Q_ind_76_anc_4-2,0.023290,0.000000,0.000000,0.170615
Q_ind_77_anc_4-2,0.000349,0.000000,0.000000,0.003727
Q_ind_78_anc_4-2,0.000238,0.000000,0.000000,0.001552
Q_ind_79_anc_4-2,0.000225,0.000000,0.000000,0.002204
Q_ind_80_anc_4-2,0.000155,0.000000,0.000000,0.001480
Q_ind_81_anc_4-2,0.004665,0.000000,0.000000,0.063333
Q_ind_82_anc_4-2,0.000225,0.000000,0.000000,0.002736
Q_ind_83_anc_4-2,0.000230,0.000000,0.000000,0.001989
Q_ind_84_anc_4-2,0.000131,0.000000,0.000000,0.001398
Q_ind_85_anc_4-2,0.000103,0.000000,0.000000,0.000945
Q_ind_86_anc_4-2,0.000077,0.000000,0.000000,0.000720
Q_ind_87_anc_4-2,0.000211,0.000000,0.000000,0.002443
Q_ind_88_anc_4-2,0.001514,0.000000,0.000000,0.020073
Q_ind_89_anc_4-2,0.004428,0.000000,0.000000,0.050520
Q_ind_90_anc_4-2,0.042300,0.000000,0.000000,0.205464
Q_ind_91_anc_4-2,0.006893,0.000000,0.000000,0.103305
Q_ind_92_anc_4-2,0.022444,0.000000,0.000000,0.140548
Q_ind_93_anc_4-2,0.000737,0.000000,0.000000,0.003781
Q_ind_94_anc_4-2,0.065135,0.067947,0.000000,0.185851
Q_ind_95_anc_4-2,0.000519,0.000000,0.000000,0.005242
Q_ind_96_anc_4-2,0.000242,0.000000,0.000000,0.002970
Q_ind_97_anc_4-2,0.000292,0.000000,0.000000,0.002989
Q_ind_98_anc_4-2,0.000093,0.000000,0.000000,0.000776
Q_ind_99_anc_4-2,0.000146,0.000000,0.000000,0.001395
Q_ind_100_anc_4-2,0.000316,0.000000,0.000000,0.004146
Q_ind_101_anc_4-2,0.000164,0.000000,0.000000,0.001372
Q_ind_102_anc_4-2,0.000130,0.000000,0.000000,0.001136
Q_ind_103_anc_4-2,0.000123,0.000000,0.000000,0.001113
Q_ind_104_anc_4-2,0.000195,0.000000,0.000000,0.002409
Q_ind_105_anc_4-2,0.000204,0.000000,0.000000,0.002234
Q_ind_106_anc_4-2,0.000359,0.000000,0.000000,0.004319
Q_ind_107_anc_4-2,0.000533,0.000000,0.000000,0.006687
Q_ind_108_anc_4-2,0.000349,0.000000,0.000000,0.003613
Q_ind_109_anc_4-2,0.000360,0.000000,0.000000,0.004563
Q_ind_110_anc_4-2,0.000831,0.000000,0.000000,0.009818
Q_ind_111_anc_4-2,0.000161,0.000000,0.000000,0.002095
Q_ind_112_anc_4-2,0.037248,0.000000,0.000000,0.169039
Q_ind_113_anc_4-2,0.000525,0.000000,0.000000,0.005291
Q_ind_114_anc_4-2,0.001212,0.000000,0.000000,0.016069
Q_ind_115_anc_4-2,0.000447,0.000000,0.000000,0.004583
Q_ind_116_anc_4-2,0.000954,0.000000,0.000000,0.013105
Q_ind_117_anc_4-2,0.000417,0.000000,0.000000,0.004150
Q_ind_118_anc_4-2,0.000789,0.000000,0.000000,0.011738
Q_ind_119_anc_4-2,0.000161,0.000000,0.000000,0.001990
Q_ind_120_anc_4-2,0.000116,0.000000,0.000000,0.001262
Q_ind_121_anc_4-2,0.000966,0.000000,0.000000,0.013008
Q_ind_122_anc_4-2,0.000204,0.000000,0.000000,0.002091
Q_ind_123_anc_4-2,0.001325,0.000000,0.000000,0.019016
Q_ind_124_anc_4-2,0.000263,0.000000,0.000000,0.003073
Q_ind_125_anc_4-2,0.000434,0.000000,0.000000,0.004097
Q_ind_126_anc_4-2,0.000601,0.000000,0.000000,0.007429
Q_ind_127_anc_4-2,0.000281,0.000000,0.000000,0.002945
Q_ind_128_anc_4-2,0.002662,0.000000,0.000000,0.038758
Q_ind_129_anc_4-2,0.000389,0.000000,0.000000,0.004797
Q_ind_130_anc_4-2,0.001184,0.000000,0.000000,0.018872
Q_ind_131_anc_4-2,0.001227,0.000000,0.000000,0.013728
Q_ind_132_anc_4-2,0.000783,0.000000,0.000000,0.012124
Q_ind_133_anc_4-2,0.000573,0.000000,0.000000,0.008006
Q_ind_134_anc_4-2,0.000367,0.000000,0.000000,0.004008
Q_ind_135_anc_4-2,0.000421,0.000000,0.000000,0.003530
Q_ind_136_anc_4-2,0.001962,0.000000,0.000000,0.026393
Q_ind_137_anc_4-2,0.000669,0.000000,0.000000,0.008707
Q_ind_138_anc_4-2,0.000461,0.000000,0.000000,0.006583
Q_ind_139_anc_4-2,0.000286,0.000000,0.000000,0.002684
Q_ind_140_anc_4-2,0.004462,0.000000,0.000000,0.061774
Q_ind_141_anc_4-2,0.000740,0.000000,0.000000,0.006223
Q_ind_142_anc_4-2,0.000699,0.000000,0.000000,0.008714
Q_ind_143_anc_4-2,0.000275,0.000000,0.000000,0.003401
Q_ind_144_anc_4-2,0.000252,0.000000,0.000000,0.001811
Q_ind_145_anc_4-2,0.000091,0.000000,0.000000,0.000952
Q_ind_146_anc_4-2,0.000125,0.000000,0.000000,0.001169
Q_ind_147_anc_4-2,0.000113,0.000000,0.000000,0.001016
Q_ind_148_anc_4-2,0.001229,0.000000,0.000000,0.020589
Q_ind_149_anc_4-2,0.000123,0.000000,0.000000,0.001426
Q_ind_150_anc_4-2,0.000135,0.000000,0.000000,0.001237
Q_ind_151_anc_4-2,0.000373,0.000000,0.000000,0.003122
Q_ind_152_anc_4-2,0.000096,0.000000,0.000000,0.000953
Q_ind_153_anc_4-2,0.000190,0.000000,0.000000,0.001403
Q_ind_154_anc_4-2,0.000339,0.000000,0.000000,0.003724
Q_ind_155_anc_4-2,0.000189,0.000000,0.000000,0.002190
Q_ind_156_anc_4-2,0.000261,0.000000,0.000000,0.002716
Q_ind_157_anc_4-2,0.000167,0.000000,0.000000,0.001761
Q_ind_158_anc_4-2,0.000297,0.000000,0.000000,0.002684
Q_ind_159_anc_4-2,0.000406,0.000000,0.000000,0.005287
Q_ind_160_anc_4-2,0.000150,0.000000,0.000000,0.001625
Q_ind_161_anc_4-2,0.000174,0.000000,0.000000,0.001923
Q_ind_162_anc_4-2,0.000215,0.000000,0.000000,0.002366
Q_ind_163_anc_4-2,0.000076,0.000000,0.000000,0.000773
Q_ind_164_anc_4-2,0.000159,0.000000,0.000000,0.001638
Q_ind_165_anc_4-2,0.001322,0.000000,0.000000,0.019872
Q_ind_166_anc_4-2,0.000438,0.000000,0.000000,0.005112
Q_ind_167_anc_4-2,0.000447,0.000000,0.000000,0.003677
Q_ind_168_anc_4-2,0.074956,0.086463,0.000000,0.169181
Q_ind_169_anc_4-2,0.002132,0.000000,0.000000,0.032691
Q_ind_170_anc_4-2,0.000333,0.000000,0.000000,0.002690
Q_ind_171_anc_4-2,0.000494,0.000000,0.000000,0.006124
Q_ind_172_anc_4-2,0.002798,0.000000,0.000000,0.046980
Q_ind_173_anc_4-2,0.000404,0.000000,0.000000,0.003931
Q_ind_174_anc_4-2,0.000261,0.000000,0.000000,0.002483
Q_ind_175_anc_4-2,0.001349,0.000000,0.000000,0.019912
Q_ind_176_anc_4-2,0.000878,0.000000,0.000000,0.012387
Q_ind_177_anc_4-2,0.000479,0.000000,0.000000,0.006156
Q_ind_178_anc_4-2,0.000259,0.000000,0.000000,0.003051
Q_ind_179_anc_4-2,0.000240,0.000000,0.000000,0.002839
Q_ind_180_anc_4-2,0.000154,0.000000,0.000000,0.001880
Q_ind_181_anc_4-2,0.001591,0.000000,0.000000,0.024845
Q_ind_182_anc_4-2,0.000446,0.000000,0.000000,0.004986
Q_ind_183_anc_4-2,0.001477,0.000000,0.000000,0.020290
Q_ind_184_anc_4-2,0.000757,0.000000,0.000000,0.010950
Q_ind_185_anc_4-2,0.000458,0.000000,0.000000,0.003636
Q_ind_186_anc_4-2,0.007111,0.000000,0.000000,0.082118
Q_ind_187_anc_4-2,0.000718,0.000000,0.000000,0.008941
Q_ind_188_anc_4-2,0.001161,0.000000,0.000000,0.013432
Q_ind_189_anc_4-2,0.001539,0.000000,0.000000,0.020407
Q_ind_190_anc_4-2,0.000383,0.000000,0.000000,0.001533
Q_ind_191_anc_4-2,0.000884,0.000000,0.000000,0.012755
Q_ind_192_anc_4-2,0.000136,0.000000,0.000000,0.001464
Q_ind_193_anc_4-2,0.000194,0.000000,0.000000,0.001966
Q_ind_194_anc_4-2,0.000030,0.000000,0.000000,0.000273
Q_ind_195_anc_4-2,0.000081,0.000000,0.000000,0.000835
Q_ind_196_anc_4-2,0.000047,0.000000,0.000000,0.000425
Q_ind_197_anc_4-2,0.000042,0.000000,0.000000,0.000373
Q_ind_198_anc_4-2,0.000023,0.000000,0.000000,0.000193
Q_ind_199_anc_4-2,0.000093,0.000000,0.000000,0.001031
Q_ind_200_anc_4-2,0.000054,0.000000,0.000000,0.000455
Q_ind_201_anc_4-2,0.000675,0.000000,0.000000,0.010057
Q_ind_202_anc_4-2,0.000035,0.000000,0.000000,0.000337
Q_ind_203_anc_4-2,0.000347,0.000000,0.000000,0.002376
Q_ind_204_anc_4-2,0.000261,0.000000,0.000000,0.002804
Q_ind_205_anc_4-2,0.001018,0.000000,0.000000,0.013097
Q_ind_206_anc_4-2,0.000350,0.000000,0.000000,0.004816
Q_ind_207_anc_4-2,0.000475,0.000000,0.000000,0.005913
Q_ind_208_anc_4-2,0.000190,0.000000,0.000000,0.001900
Q_ind_209_anc_4-2,0.000211,0.000000,0.000000,0.001762
Q_ind_210_anc_4-2,0.000533,0.000000,0.000000,0.005535
Q_ind_211_anc_4-2,0.000571,0.000000,0.000000,0.007692
Q_ind_212_anc_4-2,0.026212,0.000000,0.000000,0.155495
Q_ind_213_anc_4-2,0.039734,0.007003,0.000000,0.140776
Q_ind_214_anc_4-2,0.002307,0.000000,0.000000,0.041341
Q_ind_215_anc_4-2,0.008322,0.000000,0.000000,0.086343
Q_ind_216_anc_4-2,0.001579,0.000000,0.000000,0.027597
Q_ind_217_anc_4-2,0.000271,0.000000,0.000000,0.003807
Q_ind_218_anc_4-2,0.008580,0.000000,0.000000,0.076816
Q_ind_219_anc_4-2,0.002767,0.000000,0.000000,0.038215
Q_ind_220_anc_4-2,0.031358,0.000385,0.000000,0.107002
Q_ind_221_anc_4-2,0.009875,0.000000,0.000000,0.089845
Q_ind_222_anc_4-2,0.001142,0.000000,0.000000,0.012102
Q_ind_223_anc_4-2,0.005484,0.000000,0.000000,0.074074
Q_ind_224_anc_4-2,0.001200,0.000000,0.000000,0.018006
Q_ind_225_anc_4-2,0.000337,0.000000,0.000000,0.003654
Q_ind_226_anc_4-2,0.000448,0.000000,0.000000,0.005835
Q_ind_227_anc_4-2,0.000172,0.000000,0.000000,0.001417
Q_ind_228_anc_4-2,0.000268,0.000000,0.000000,0.001949
Q_ind_229_anc_4-2,0.002981,0.000000,0.000000,0.036965
Q_ind_230_anc_4-2,0.000447,0.000000,0.000000,0.005105
Q_ind_231_anc_4-2,0.001299,0.000000,0.000000,0.018596
Q_ind_232_anc_4-2,0.000232,0.000000,0.000000,0.002657
Q_ind_233_anc_4-2,0.002556,0.000000,0.000000,0.035359
Q_ind_234_anc_4-2,0.000198,0.000000,0.000000,0.002280
Q_ind_235_anc_4-2,0.000249,0.000000,0.000000,0.001827
Q_ind_236_anc_4-2,0.000277,0.000000,0.000000,0.003139
Q_ind_237_anc_4-2,0.001038,0.000000,0.000000,0.016618
Q_ind_238_anc_4-2,0.000243,0.000000,0.000000,0.002434
Q_ind_239_anc_4-2,0.000139,0.000000,0.000000,0.001142
Q_ind_240_anc_4-2,0.000240,0.000000,0.000000,0.001842
Q_ind_241_anc_4-2,0.000582,0.000000,0.000000,0.007076
Q_ind_242_anc_4-2,0.000167,0.000000,0.000000,0.001831
Q_ind_243_anc_4-2,0.000116,0.000000,0.000000,0.001039
Q_ind_244_anc_4-2,0.000163,0.000000,0.000000,0.001521
Q_ind_245_anc_4-2,0.000218,0.000000,0.000000,0.002760
Q_ind_1_anc_4-3,0.002336,0.000000,0.000000,0.039086
Q_ind_2_anc_4-3,0.000870,0.000000,0.000000,0.011678
Q_ind_3_anc_4-3,0.000772,0.000000,0.000000,0.009960
Q_ind_4_anc_4-3,0.000785,0.000000,0.000000,0.012013
Q_ind_5_anc_4-3,0.004122,0.000000,0.000000,0.048225
Q_ind_6_anc_4-3,0.000223,0.000000,0.000000,0.002557
Q_ind_7_anc_4-3,0.000283,0.000000,0.000000,0.003500
Q_ind_8_anc_4-3,0.000115,0.000000,0.000000,0.001106
Q_ind_9_anc_4-3,0.000773,0.000000,0.000000,0.011462
Q_ind_10_anc_4-3,0.001758,0.000000,0.000000,0.029653
Q_ind_11_anc_4-3,0.000232,0.000000,0.000000,0.001956
Q_ind_12_anc_4-3,0.001195,0.000000,0.000000,0.013545
Q_ind_13_anc_4-3,0.000151,0.000000,0.000000,0.001667
Q_ind_14_anc_4-3,0.000218,0.000000,0.000000,0.001603
Q_ind_15_anc_4-3,0.001014,0.000000,0.000000,0.014925
Q_ind_16_anc_4-3,0.000285,0.000000,0.000000,0.002097
Q_ind_17_anc_4-3,0.000340,0.000000,0.000000,0.004216
Q_ind_18_anc_4-3,0.000151,0.000000,0.000000,0.001479
Q_ind_19_anc_4-3,0.000093,0.000000,0.000000,0.000878
Q_ind_20_anc_4-3,0.000438,0.000000,0.000000,0.006181
Q_ind_21_anc_4-3,0.000136,0.000000,0.000000,0.001251
Q_ind_22_anc_4-3,0.000221,0.000000,0.000000,0.001949
Q_ind_23_anc_4-3,0.000495,0.000000,0.000000,0.005223
Q_ind_24_anc_4-3,0.000508,0.000000,0.000000,0.006612
Q_ind_25_anc_4-3,0.000158,0.000000,0.000000,0.001323
Q_ind_26_anc_4-3,0.000295,0.000000,0.000000,0.003721
Q_ind_27_anc_4-3,0.000135,0.000000,0.000000,0.001451
Q_ind_28_anc_4-3,0.001083,0.000000,0.000000,0.015132
Q_ind_29_anc_4-3,0.000250,0.000000,0.000000,0.002440
Q_ind_30_anc_4-3,0.000810,0.000000,0.000000,0.012000
Q_ind_31_anc_4-3,0.000270,0.000000,0.000000,0.002599
Q_ind_32_anc_4-3,0.000265,0.000000,0.000000,0.002644
Q_ind_33_anc_4-3,0.000473,0.000000,0.000000,0.006358
Q_ind_34_anc_4-3,0.000209,0.000000,0.000000,0.001786
Q_ind_35_anc_4-3,0.000348,0.000000,0.000000,0.003006
Q_ind_36_anc_4-3,0.000085,0.000000,0.000000,0.000906
Q_ind_37_anc_4-3,0.000852,0.000000,0.000000,0.013503
Q_ind_38_anc_4-3,0.000231,0.000000,0.000000,0.002855
Q_ind_39_anc_4-3,0.000471,0.000000,0.000000,0.006405
Q_ind_40_anc_4-3,0.004382,0.000000,0.000000,0.061831
Q_ind_41_anc_4-3,0.000245,0.000000,0.000000,0.003081
Q_ind_42_anc_4-3,0.000106,0.000000,0.000000,0.001056
Q_ind_43_anc_4-3,0.000219,0.000000,0.000000,0.002667
Q_ind_44_anc_4-3,0.000283,0.000000,0.000000,0.003307
Q_ind_45_anc_4-3,0.000192,0.000000,0.000000,0.002263
Q_ind_46_anc_4-3,0.000127,0.000000,0.000000,0.001402
Q_ind_47_anc_4-3,0.000242,0.000000,0.000000,0.002646
Q_ind_48_anc_4-3,0.000145,0.000000,0.000000,0.001611
Q_ind_49_anc_4-3,0.000162,0.000000,0.000000,0.002299
Q_ind_50_anc_4-3,0.000150,0.000000,0.000000,0.001295
Q_ind_51_anc_4-3,0.000159,0.000000,0.000000,0.001771
Q_ind_52_anc_4-3,0.000123,0.000000,0.000000,0.001309
Q_ind_53_anc_4-3,0.000087,0.000000,0.000000,0.000754
Q_ind_54_anc_4-3,0.000940,0.000000,0.000000,0.015679
Q_ind_55_anc_4-3,0.000081,0.000000,0.000000,0.000676
Q_ind_56_anc_4-3,0.000279,0.000000,0.000000,0.003877
Q_ind_57_anc_4-3,0.000390,0.000000,0.000000,0.005700
Q_ind_58_anc_4-3,0.000123,0.000000,0.000000,0.001312
Q_ind_59_anc_4-3,0.000268,0.000000,0.000000,0.002992
Q_ind_60_anc_4-3,0.000637,0.000000,0.000000,0.006925
Q_ind_61_anc_4-3,0.000520,0.000000,0.000000,0.006578
Q_ind_62_anc_4-3,0.000503,0.000000,0.000000,0.006063
Q_ind_63_anc_4-3,0.000175,0.000000,0.000000,0.001789
Q_ind_64_anc_4-3,0.000370,0.000000,0.000000,0.005305
Q_ind_65_anc_4-3,0.000563,0.000000,0.000000,0.006915
Q_ind_66_anc_4-3,0.000095,0.000000,0.000000,0.000796
Q_ind_67_anc_4-3,0.000184,0.000000,0.000000,0.001578
Q_ind_68_anc_4-3,0.000222,0.000000,0.000000,0.001992
Q_ind_69_anc_4-3,0.002619,0.000000,0.000000,0.043589
Q_ind_70_anc_4-3,0.000309,0.000000,0.000000,0.002888
Q_ind_71_anc_4-3,0.000173,0.000000,0.000000,0.000866
Q_ind_72_anc_4-3,0.000310,0.000000,0.000000,0.002689
Q_ind_73_anc_4-3,0.000185,0.000000,0.000000,0.001847
Q_ind_74_anc_4-3,0.000447,0.000000,0.000000,0.004470
Q_ind_75_anc_4-3,0.001556,0.000000,0.000000,0.024611
Q_ind_76_anc_4-3,0.000094,0.000000,0.000000,0.000863
Q_ind_77_anc_4-3,0.000505,0.000000,0.000000,0.007151
Q_ind_78_anc_4-3,0.000232,0.000000,0.000000,0.002247
Q_ind_79_anc_4-3,0.000368,0.000000,0.000000,0.003407
Q_ind_80_anc_4-3,0.002523,0.000000,0.000000,0.031715
Q_ind_81_anc_4-3,0.000322,0.000000,0.000000,0.003497
Q_ind_82_anc_4-3,0.000101,0.000000,0.000000,0.000895
Q_ind_83_anc_4-3,0.000334,0.000000,0.000000,0.003622
Q_ind_84_anc_4-3,0.000081,0.000000,0.000000,0.000696
Q_ind_85_anc_4-3,0.000170,0.000000,0.000000,0.001602
Q_ind_86_anc_4-3,0.000227,0.000000,0.000000,0.002833
Q_ind_87_anc_4-3,0.000483,0.000000,0.000000,0.005848
Q_ind_88_anc_4-3,0.000223,0.000000,0.000000,0.002337
Q_ind_89_anc_4-3,0.000214,0.000000,0.000000,0.002149
Q_ind_90_anc_4-3,0.000226,0.000000,0.000000,0.002175
Q_ind_91_anc_4-3,0.000196,0.000000,0.000000,0.002143
Q_ind_92_anc_4-3,0.000518,0.000000,0.000000,0.005850
Q_ind_93_anc_4-3,0.000227,0.000000,0.000000,0.002988
Q_ind_94_anc_4-3,0.000372,0.000000,0.000000,0.003770
Q_ind_95_anc_4-3,0.000517,0.000000,0.000000,0.006295
Q_ind_96_anc_4-3,0.000161,0.000000,0.000000,0.001607
Q_ind_97_anc_4-3,0.001300,0.000000,0.000000,0.016543
Q_ind_98_anc_4-3,0.000096,0.000000,0.000000,0.001018
Q_ind_99_anc_4-3,0.000184,0.000000,0.000000,0.002053
Q_ind_100_anc_4-3,0.000161,0.000000,0.000000,0.001724
Q_ind_101_anc_4-3,0.000058,0.000000,0.000000,0.000380
Q_ind_102_anc_4-3,0.000065,0.000000,0.000000,0.000674
Q_ind_103_anc_4-3,0.000135,0.000000,0.000000,0.001386
Q_ind_104_anc_4-3,0.000069,0.000000,0.000000,0.000604
Q_ind_105_anc_4-3,0.000251,0.000000,0.000000,0.002173
Q_ind_106_anc_4-3,0.000124,0.000000,0.000000,0.001511
Q_ind_107_anc_4-3,0.000758,0.000000,0.000000,0.011538
Q_ind_108_anc_4-3,0.001085,0.000000,0.000000,0.017374
Q_ind_109_anc_4-3,0.000612,0.000000,0.000000,0.007831
Q_ind_110_anc_4-3,0.001879,0.000000,0.000000,0.026811
Q_ind_111_anc_4-3,0.000547,0.000000,0.000000,0.006328
Q_ind_112_anc_4-3,0.001008,0.000000,0.000000,0.011084
Q_ind_113_anc_4-3,0.005118,0.000000,0.000000,0.073823
Q_ind_114_anc_4-3,0.002133,0.000000,0.000000,0.030168
Q_ind_115_anc_4-3,0.000184,0.000000,0.000000,0.002100
Q_ind_116_anc_4-3,0.000413,0.000000,0.000000,0.006038
Q_ind_117_anc_4-3,0.000570,0.000000,0.000000,0.008888
Q_ind_118_anc_4-3,0.000336,0.000000,0.000000,0.004850
Q_ind_119_anc_4-3,0.000254,0.000000,0.000000,0.003473
Q_ind_120_anc_4-3,0.000076,0.000000,0.000000,0.000870
Q_ind_121_anc_4-3,0.000156,0.000000,0.000000,0.001391
Q_ind_122_anc_4-3,0.000129,0.000000,0.000000,0.001287
Q_ind_123_anc_4-3,0.000232,0.000000,0.000000,0.002413
Q_ind_124_anc_4-3,0.000230,0.000000,0.000000,0.002382
Q_ind_125_anc_4-3,0.001024,0.000000,0.000000,0.014475
Q_ind_126_anc_4-3,0.000199,0.000000,0.000000,0.001683
Q_ind_127_anc_4-3,0.000344,0.000000,0.000000,0.004671
Q_ind_128_anc_4-3,0.000512,0.000000,0.000000,0.006236
Q_ind_129_anc_4-3,0.000340,0.000000,0.000000,0.003124
Q_ind_130_anc_4-3,0.000212,0.000000,0.000000,0.002766
Q_ind_131_anc_4-3,0.001342,0.000000,0.000000,0.018607
Q_ind_132_anc_4-3,0.000345,0.000000,0.000000,0.003267
Q_ind_133_anc_4-3,0.000288,0.000000,0.000000,0.004176
Q_ind_134_anc_4-3,0.000227,0.000000,0.000000,0.002675
Q_ind_135_anc_4-3,0.000388,0.000000,0.000000,0.005271
Q_ind_136_anc_4-3,0.000797,0.000000,0.000000,0.010064
Q_ind_137_anc_4-3,0.000385,0.000000,0.000000,0.004715
Q_ind_138_anc_4-3,0.001376,0.000000,0.000000,0.020015
Q_ind_139_anc_4-3,0.000179,0.000000,0.000000,0.001813
Q_ind_140_anc_4-3,0.000265,0.000000,0.000000,0.002453
Q_ind_141_anc_4-3,0.000129,0.000000,0.000000,0.001207
Q_ind_142_anc_4-3,0.000236,0.000000,0.000000,0.002459
Q_ind_143_anc_4-3,0.000254,0.000000,0.000000,0.002327
Q_ind_144_anc_4-3,0.002099,0.000000,0.000000,0.026146
Q_ind_145_anc_4-3,0.000230,0.000000,0.000000,0.002358
Q_ind_146_anc_4-3,0.000249,0.000000,0.000000,0.002981
Q_ind_147_anc_4-3,0.000288,0.000000,0.000000,0.003884
Q_ind_148_anc_4-3,0.000849,0.000000,0.000000,0.013402
Q_ind_149_anc_4-3,0.000225,0.000000,0.000000,0.002266
Q_ind_150_anc_4-3,0.000139,0.000000,0.000000,0.001428
Q_ind_151_anc_4-3,0.000369,0.000000,0.000000,0.004235
Q_ind_152_anc_4-3,0.000075,0.000000,0.000000,0.000764
Q_ind_153_anc_4-3,0.000222,0.000000,0.000000,0.002803
Q_ind_154_anc_4-3,0.000407,0.000000,0.000000,0.005966
Q_ind_155_anc_4-3,0.000219,0.000000,0.000000,0.002040
Q_ind_156_anc_4-3,0.000386,0.000000,0.000000,0.003396
Q_ind_157_anc_4-3,0.000220,0.000000,0.000000,0.002467
Q_ind_158_anc_4-3,0.002466,0.000000,0.000000,0.035450
Q_ind_159_anc_4-3,0.000873,0.000000,0.000000,0.011550
Q_ind_160_anc_4-3,0.000863,0.000000,0.000000,0.013133
Q_ind_161_anc_4-3,0.000293,0.000000,0.000000,0.002742
Q_ind_162_anc_4-3,0.000223,0.000000,0.000000,0.002082
Q_ind_163_anc_4-3,0.000456,0.000000,0.000000,0.005629
Q_ind_164_anc_4-3,0.000173,0.000000,0.000000,0.001962
Q_ind_165_anc_4-3,0.000462,0.000000,0.000000,0.003584
Q_ind_166_anc_4-3,0.000621,0.000000,0.000000,0.006934
Q_ind_167_anc_4-3,0.000327,0.000000,0.000000,0.003429
Q_ind_168_anc_4-3,0.000327,0.000000,0.000000,0.002696
Q_ind_169_anc_4-3,0.000816,0.000000,0.000000,0.012201
Q_ind_170_anc_4-3,0.000388,0.000000,0.000000,0.003610
Q_ind_171_anc_4-3,0.000162,0.000000,0.000000,0.001555
Q_ind_172_anc_4-3,0.000176,0.000000,0.000000,0.001466
Q_ind_173_anc_4-3,0.000101,0.000000,0.000000,0.000884
Q_ind_174_anc_4-3,0.000220,0.000000,0.000000,0.001716
Q_ind_175_anc_4-3,0.000535,0.000000,0.000000,0.004109
Q_ind_176_anc_4-3,0.000178,0.000000,0.000000,0.001699
Q_ind_177_anc_4-3,0.001242,0.000000,0.000000,0.016902
Q_ind_178_anc_4-3,0.017237,0.008182,0.000000,0.064212
Q_ind_179_anc_4-3,0.000985,0.000000,0.000000,0.014683
Q_ind_180_anc_4-3,0.000976,0.000000,0.000000,0.013888
Q_ind_181_anc_4-3,0.001876,0.000000,0.000000,0.031147
Q_ind_182_anc_4-3,0.000214,0.000000,0.000000,0.002529
Q_ind_183_anc_4-3,0.000729,0.000000,0.000000,0.010959
Q_ind_184_anc_4-3,0.000373,0.000000,0.000000,0.004876
Q_ind_185_anc_4-3,0.000789,0.000000,0.000000,0.010766
Q_ind_186_anc_4-3,0.000428,0.000000,0.000000,0.006350
Q_ind_187_anc_4-3,0.000634,0.000000,0.000000,0.008264
Q_ind_188_anc_4-3,0.000372,0.000000,0.000000,0.005242
Q_ind_189_anc_4-3,0.001885,0.000000,0.000000,0.027578
Q_ind_190_anc_4-3,0.002656,0.000000,0.000000,0.039998
Q_ind_191_anc_4-3,0.000235,0.000000,0.000000,0.002831
Q_ind_192_anc_4-3,0.000200,0.000000,0.000000,0.001171
Q_ind_193_anc_4-3,0.002968,0.000000,0.000000,0.038794
Q_ind_194_anc_4-3,0.000069,0.000000,0.000000,0.000563
Q_ind_195_anc_4-3,0.000087,0.000000,0.000000,0.001074
Q_ind_196_anc_4-3,0.000073,0.000000,0.000000,0.000629
Q_ind_197_anc_4-3,0.000031,0.000000,0.000000,0.000261
Q_ind_198_anc_4-3,0.000067,0.000000,0.000000,0.000398
Q_ind_199_anc_4-3,0.000495,0.000000,0.000000,0.005870
Q_ind_200_anc_4-3,0.000138,0.000000,0.000000,0.000986
Q_ind_201_anc_4-3,0.004865,0.000000,0.000000,0.048446
Q_ind_202_anc_4-3,0.000349,0.000000,0.000000,0.004302
Q_ind_203_anc_4-3,0.001041,0.000000,0.000000,0.015487
Q_ind_204_anc_4-3,0.000700,0.000000,0.000000,0.008626
Q_ind_205_anc_4-3,0.000130,0.000000,0.000000,0.001272
Q_ind_206_anc_4-3,0.000364,0.000000,0.000000,0.004147
Q_ind_207_anc_4-3,0.006292,0.000000,0.000000,0.076783
Q_ind_208_anc_4-3,0.000482,0.000000,0.000000,0.005567
Q_ind_209_anc_4-3,0.000683,0.000000,0.000000,0.008804
Q_ind_210_anc_4-3,0.000756,0.000000,0.000000,0.011152
Q_ind_211_anc_4-3,0.000970,0.000000,0.000000,0.013915
Q_ind_212_anc_4-3,0.013681,0.000000,0.000000,0.085843
Q_ind_213_anc_4-3,0.000275,0.000000,0.000000,0.003036
Q_ind_214_anc_4-3,0.000711,0.000000,0.000000,0.009490
Q_ind_215_anc_4-3,0.000634,0.000000,0.000000,0.007917
Q_ind_216_anc_4-3,0.001006,0.000000,0.000000,0.015239
Q_ind_217_anc_4-3,0.000249,0.000000,0.000000,0.002098
Q_ind_218_anc_4-3,0.000254,0.000000,0.000000,0.002967
Q_ind_219_anc_4-3,0.000193,0.000000,0.000000,0.001831
Q_ind_220_anc_4-3,0.000562,0.000000,0.000000,0.006938
Q_ind_221_anc_4-3,0.000175,0.000000,0.000000,0.002132
Q_ind_222_anc_4-3,0.003450,0.000000,0.000000,0.045990
Q_ind_223_anc_4-3,0.000310,0.000000,0.000000,0.002718
Q_ind_224_anc_4-3,0.002642,0.000000,0.000000,0.037052
Q_ind_225_anc_4-3,0.000309,0.000000,0.000000,0.003268
Q_ind_226_anc_4-3,0.000177,0.000000,0.000000,0.001964
Q_ind_227_anc_4-3,0.000956,0.000000,0.000000,0.013821
Q_ind_228_anc_4-3,0.003456,0.000000,0.000000,0.043711
Q_ind_229_anc_4-3,0.000145,0.000000,0.000000,0.001238
Q_ind_230_anc_4-3,0.000190,0.000000,0.000000,0.001901
Q_ind_231_anc_4-3,0.000729,0.000000,0.000000,0.006234
Q_ind_232_anc_4-3,0.001249,0.000000,0.000000,0.019466
Q_ind_233_anc_4-3,0.000671,0.000000,0.000000,0.009676
Q_ind_234_anc_4-3,0.000116,0.000000,0.000000,0.001215
Q_ind_235_anc_4-3,0.000056,0.000000,0.000000,0.000489
Q_ind_236_anc_4-3,0.000177,0.000000,0.000000,0.001335
Q_ind_237_anc_4-3,0.000086,0.000000,0.000000,0.000847
Q_ind_238_anc_4-3,0.000271,0.000000,0.000000,0.003015
Q_ind_239_anc_4-3,0.000205,0.000000,0.000000,0.002461
Q_ind_240_anc_4-3,0.000116,0.000000,0.000000,0.001182
Q_ind_241_anc_4-3,0.000066,0.000000,0.000000,0.000537
Q_ind_242_anc_4-3,0.000558,0.000000,0.000000,0.007378
Q_ind_243_anc_4-3,0.000135,0.000000,0.000000,0.001252
Q_ind_244_anc_4-3,0.000087,0.000000,0.000000,0.000887
Q_ind_245_anc_4-3,0.000206,0.000000,0.000000,0.002310
Q_ind_1_anc_4-4,0.000272,0.000000,0.000000,0.003782
Q_ind_2_anc_4-4,0.000313,0.000000,0.000000,0.003802
Q_ind_3_anc_4-4,0.001402,0.000000,0.000000,0.019415
Q_ind_4_anc_4-4,0.002194,0.000000,0.000000,0.024463
Q_ind_5_anc_4-4,0.000036,0.000000,0.000000,0.000360
Q_ind_6_anc_4-4,0.000219,0.000000,0.000000,0.001607
Q_ind_7_anc_4-4,0.000174,0.000000,0.000000,0.002011
Q_ind_8_anc_4-4,0.000328,0.000000,0.000000,0.004633
Q_ind_9_anc_4-4,0.000341,0.000000,0.000000,0.002988
Q_ind_10_anc_4-4,0.000119,0.000000,0.000000,0.001049
Q_ind_11_anc_4-4,0.000108,0.000000,0.000000,0.001021
Q_ind_12_anc_4-4,0.001275,0.000000,0.000000,0.016328
Q_ind_13_anc_4-4,0.000475,0.000000,0.000000,0.004258
Q_ind_14_anc_4-4,0.010817,0.000000,0.000000,0.055604
Q_ind_15_anc_4-4,0.004007,0.000000,0.000000,0.039615
Q_ind_16_anc_4-4,0.000520,0.000000,0.000000,0.005557
Q_ind_17_anc_4-4,0.000153,0.000000,0.000000,0.001660
Q_ind_18_anc_4-4,0.000773,0.000000,0.000000,0.007795
Q_ind_19_anc_4-4,0.000486,0.000000,0.000000,0.007640
Q_ind_20_anc_4-4,0.000064,0.000000,0.000000,0.000546
Q_ind_21_anc_4-4,0.000413,0.000000,0.000000,0.006096
Q_ind_22_anc_4-4,0.000399,0.000000,0.000000,0.005180
Q_ind_23_anc_4-4,0.000158,0.000000,0.000000,0.001273
Q_ind_24_anc_4-4,0.000374,0.000000,0.000000,0.005465
Q_ind_25_anc_4-4,0.007975,0.000000,0.000000,0.039579
Q_ind_26_anc_4-4,0.000448,0.000000,0.000000,0.006097
Q_ind_27_anc_4-4,0.000758,0.000000,0.000000,0.011816
Q_ind_28_anc_4-4,0.000615,0.000000,0.000000,0.009637
Q_ind_29_anc_4-4,0.000997,0.000000,0.000000,0.014788
Q_ind_30_anc_4-4,0.000813,0.000000,0.000000,0.011336
Q_ind_31_anc_4-4,0.000175,0.000000,0.000000,0.001941
Q_ind_32_anc_4-4,0.000338,0.000000,0.000000,0.003499
Q_ind_33_anc_4-4,0.000073,0.000000,0.000000,0.000672
Q_ind_34_anc_4-4,0.000147,0.000000,0.000000,0.001466
Q_ind_35_anc_4-4,0.000229,0.000000,0.000000,0.002090
Q_ind_36_anc_4-4,0.000062,0.000000,0.000000,0.000593
Q_ind_37_anc_4-4,0.000201,0.000000,0.000000,0.002041
Q_ind_38_anc_4-4,0.000101,0.000000,0.000000,0.000861
Q_ind_39_anc_4-4,0.000043,0.000000,0.000000,0.000386
Q_ind_40_anc_4-4,0.000833,0.000000,0.000000,0.010807
Q_ind_41_anc_4-4,0.000117,0.000000,0.000000,0.001050
Q_ind_42_anc_4-4,0.000169,0.000000,0.000000,0.001844
Q_ind_43_anc_4-4,0.000219,0.000000,0.000000,0.002615
Q_ind_44_anc_4-4,0.000561,0.000000,0.000000,0.007587
Q_ind_45_anc_4-4,0.001416,0.000000,0.000000,0.018413
Q_ind_46_anc_4-4,0.000643,0.000000,0.000000,0.008943
Q_ind_47_anc_4-4,0.002527,0.000000,0.000000,0.025723
Q_ind_48_anc_4-4,0.000242,0.000000,0.000000,0.003125
Q_ind_49_anc_4-4,0.000513,0.000000,0.000000,0.007055
Q_ind_50_anc_4-4,0.000532,0.000000,0.000000,0.007459
Q_ind_51_anc_4-4,0.000311,0.000000,0.000000,0.003791
Q_ind_52_anc_4-4,0.000235,0.000000,0.000000,0.002359
Q_ind_53_anc_4-4,0.000235,0.000000,0.000000,0.002829
Q_ind_54_anc_4-4,0.000155,0.000000,0.000000,0.001317
Q_ind_55_anc_4-4,0.000210,0.000000,0.000000,0.002085
Q_ind_56_anc_4-4,0.001315,0.000000,0.000000,0.017947
Q_ind_57_anc_4-4,0.000074,0.000000,0.000000,0.000574
Q_ind_58_anc_4-4,0.000312,0.000000,0.000000,0.002796
Q_ind_59_anc_4-4,0.001267,0.000000,0.000000,0.018490
Q_ind_60_anc_4-4,0.000161,0.000000,0.000000,0.001665
Q_ind_61_anc_4-4,0.000319,0.000000,0.000000,0.003787
Q_ind_62_anc_4-4,0.000457,0.000000,0.000000,0.004823
Q_ind_63_anc_4-4,0.000188,0.000000,0.000000,0.002086
Q_ind_64_anc_4-4,0.002285,0.000000,0.000000,0.018396
Q_ind_65_anc_4-4,0.001430,0.000000,0.000000,0.020309
Q_ind_66_anc_4-4,0.000167,0.000000,0.000000,0.001726
Q_ind_67_anc_4-4,0.001497,0.000000,0.000000,0.018879
Q_ind_68_anc_4-4,0.000395,0.000000,0.000000,0.004221
Q_ind_69_anc_4-4,0.000069,0.000000,0.000000,0.000678
Q_ind_70_anc_4-4,0.000064,0.000000,0.000000,0.000552
Q_ind_71_anc_4-4,0.000808,0.000000,0.000000,0.010980
Q_ind_72_anc_4-4,0.000279,0.000000,0.000000,0.003626
Q_ind_73_anc_4-4,0.000385,0.000000,0.000000,0.005086
Q_ind_74_anc_4-4,0.000066,0.000000,0.000000,0.000601
Q_ind_75_anc_4-4,0.000110,0.000000,0.000000,0.001047
Q_ind_76_anc_4-4,0.000588,0.000000,0.000000,0.007787
Q_ind_77_anc_4-4,0.000487,0.000000,0.000000,0.006816
Q_ind_78_anc_4-4,0.000629,0.000000,0.000000,0.008299
Q_ind_79_anc_4-4,0.000271,0.000000,0.000000,0.002405
Q_ind_80_anc_4-4,0.001733,0.000000,0.000000,0.022664
Q_ind_81_anc_4-4,0.001150,0.000000,0.000000,0.017887
Q_ind_82_anc_4-4,0.000291,0.000000,0.000000,0.003612
Q_ind_83_anc_4-4,0.000866,0.000000,0.000000,0.011771
Q_ind_84_anc_4-4,0.000812,0.000000,0.000000,0.011626
Q_ind_85_anc_4-4,0.000164,0.000000,0.000000,0.002054
Q_ind_86_anc_4-4,0.000157,0.000000,0.000000,0.001695
Q_ind_87_anc_4-4,0.000065,0.000000,0.000000,0.000575
Q_ind_88_anc_4-4,0.279005,0.265573,0.162012,0.438099
Q_ind_89_anc_4-4,0.205822,0.207035,0.078629,0.362439
Q_ind_90_anc_4-4,0.241649,0.228400,0.140566,0.398493
Q_ind_91_anc_4-4,0.185086,0.173974,0.086283,0.334421
Q_ind_92_anc_4-4,0.158886,0.146628,0.069663,0.328595
Q_ind_93_anc_4-4,0.198262,0.196655,0.085990,0.338827
Q_ind_94_anc_4-4,0.000163,0.000000,0.000000,0.001530
Q_ind_95_anc_4-4,0.244487,0.242370,0.132437,0.366406
Q_ind_96_anc_4-4,0.000203,0.000000,0.000000,0.002778
Q_ind_97_anc_4-4,0.000391,0.000000,0.000000,0.004677
Q_ind_98_anc_4-4,0.000031,0.000000,0.000000,0.000310
Q_ind_99_anc_4-4,0.000050,0.000000,0.000000,0.000526
Q_ind_100_anc_4-4,0.000332,0.000000,0.000000,0.003932
Q_ind_101_anc_4-4,0.000078,0.000000,0.000000,0.000717
Q_ind_102_anc_4-4,0.000199,0.000000,0.000000,0.002258
Q_ind_103_anc_4-4,0.000168,0.000000,0.000000,0.002216
Q_ind_104_anc_4-4,0.000180,0.000000,0.000000,0.001998
Q_ind_105_anc_4-4,0.000044,0.000000,0.000000,0.000519
Q_ind_106_anc_4-4,0.000674,0.000000,0.000000,0.009570
Q_ind_107_anc_4-4,0.000159,0.000000,0.000000,0.001300
Q_ind_108_anc_4-4,0.000235,0.000000,0.000000,0.002140
Q_ind_109_anc_4-4,0.000244,0.000000,0.000000,0.002550
Q_ind_110_anc_4-4,0.001182,0.000000,0.000000,0.013813
Q_ind_111_anc_4-4,0.000185,0.000000,0.000000,0.002270
Q_ind_112_anc_4-4,0.000162,0.000000,0.000000,0.001856
Q_ind_113_anc_4-4,0.000737,0.000000,0.000000,0.010363
Q_ind_114_anc_4-4,0.000870,0.000000,0.000000,0.012914
Q_ind_115_anc_4-4,0.026935,0.022336,0.000000,0.081198
Q_ind_116_anc_4-4,0.001347,0.000000,0.000000,0.015890
Q_ind_117_anc_4-4,0.004656,0.000000,0.000000,0.037263
Q_ind_118_anc_4-4,0.000909,0.000000,0.000000,0.012379
Q_ind_119_anc_4-4,0.001125,0.000000,0.000000,0.016621
Q_ind_120_anc_4-4,0.000115,0.000000,0.000000,0.000921
Q_ind_121_anc_4-4,0.000565,0.000000,0.000000,0.007436
Q_ind_122_anc_4-4,0.000360,0.000000,0.000000,0.005301
Q_ind_123_anc_4-4,0.000744,0.000000,0.000000,0.010959
Q_ind_124_anc_4-4,0.000212,0.000000,0.000000,0.002424
Q_ind_125_anc_4-4,0.083215,0.084488,0.000000,0.157263
Q_ind_126_anc_4-4,0.065287,0.071917,0.000000,0.150501
Q_ind_127_anc_4-4,0.102198,0.107350,0.000000,0.163253
Q_ind_128_anc_4-4,0.065072,0.077201,0.000000,0.133946
Q_ind_129_anc_4-4,0.096408,0.098652,0.000000,0.168387
Q_ind_130_anc_4-4,0.057334,0.061752,0.000000,0.150638
Q_ind_131_anc_4-4,0.000057,0.000000,0.000000,0.000617
Q_ind_132_anc_4-4,0.000035,0.000000,0.000000,0.000257
Q_ind_133_anc_4-4,0.000842,0.000000,0.000000,0.011782
Q_ind_134_anc_4-4,0.000086,0.000000,0.000000,0.000728
Q_ind_135_anc_4-4,0.000637,0.000000,0.000000,0.007952
Q_ind_136_anc_4-4,0.000276,0.000000,0.000000,0.002922
Q_ind_137_anc_4-4,0.001220,0.000000,0.000000,0.021153
Q_ind_138_anc_4-4,0.000089,0.000000,0.000000,0.000833
Q_ind_139_anc_4-4,0.000138,0.000000,0.000000,0.001286
Q_ind_140_anc_4-4,0.010953,0.000447,0.000000,0.045563
Q_ind_141_anc_4-4,0.000227,0.000000,0.000000,0.001697
Q_ind_142_anc_4-4,0.000036,0.000000,0.000000,0.000367
Q_ind_143_anc_4-4,0.000337,0.000000,0.000000,0.004624
Q_ind_144_anc_4-4,0.000968,0.000000,0.000000,0.014784
Q_ind_145_anc_4-4,0.047477,0.050591,0.000000,0.082271
Q_ind_146_anc_4-4,0.005211,0.000000,0.000000,0.046358
Q_ind_147_anc_4-4,0.029067,0.031546,0.000000,0.074740
Q_ind_148_anc_4-4,0.000837,0.000000,0.000000,0.013022
Q_ind_149_anc_4-4,0.000118,0.000000,0.000000,0.001113
Q_ind_150_anc_4-4,0.020038,0.019202,0.000000,0.057146
Q_ind_151_anc_4-4,0.044706,0.049607,0.000000,0.089781
Q_ind_152_anc_4-4,0.019972,0.020776,0.000000,0.053609
Q_ind_153_anc_4-4,0.034971,0.038297,0.000000,0.070870
Q_ind_154_anc_4-4,0.018665,0.005179,0.000000,0.064930
Q_ind_155_anc_4-4,0.000050,0.000000,0.000000,0.000514
Q_ind_156_anc_4-4,0.000500,0.000000,0.000000,0.004994
Q_ind_157_anc_4-4,0.000421,0.000000,0.000000,0.004717
Q_ind_158_anc_4-4,0.001583,0.000000,0.000000,0.023297
Q_ind_159_anc_4-4,0.000321,0.000000,0.000000,0.003368
Q_ind_160_anc_4-4,0.000585,0.000000,0.000000,0.008672
Q_ind_161_anc_4-4,0.000230,0.000000,0.000000,0.002823
Q_ind_162_anc_4-4,0.001293,0.000000,0.000000,0.017554
Q_ind_163_anc_4-4,0.000406,0.000000,0.000000,0.004623
Q_ind_164_anc_4-4,0.001060,0.000000,0.000000,0.016865
Q_ind_165_anc_4-4,0.009088,0.000000,0.000000,0.077749
Q_ind_166_anc_4-4,0.000222,0.000000,0.000000,0.002722
Q_ind_167_anc_4-4,0.002151,0.000000,0.000000,0.028864
Q_ind_168_anc_4-4,0.000077,0.000000,0.000000,0.000801
Q_ind_169_anc_4-4,0.000058,0.000000,0.000000,0.000515
Q_ind_170_anc_4-4,0.001161,0.000000,0.000000,0.017022
Q_ind_171_anc_4-4,0.003530,0.000000,0.000000,0.036128
Q_ind_172_anc_4-4,0.001973,0.000000,0.000000,0.024424
Q_ind_173_anc_4-4,0.000094,0.000000,0.000000,0.000775
Q_ind_174_anc_4-4,0.000269,0.000000,0.000000,0.003429
Q_ind_175_anc_4-4,0.000055,0.000000,0.000000,0.000525
Q_ind_176_anc_4-4,0.000097,0.000000,0.000000,0.001089
Q_ind_177_anc_4-4,0.003214,0.000000,0.000000,0.041362
Q_ind_178_anc_4-4,0.003664,0.000000,0.000000,0.036022
Q_ind_179_anc_4-4,0.005848,0.000000,0.000000,0.037856
Q_ind_180_anc_4-4,0.013047,0.000000,0.000000,0.067936
Q_ind_181_anc_4-4,0.000210,0.000000,0.000000,0.001928
Q_ind_182_anc_4-4,0.005357,0.000000,0.000000,0.057128
Q_ind_183_anc_4-4,0.005269,0.000000,0.000000,0.049242
Q_ind_184_anc_4-4,0.000137,0.000000,0.000000,0.001423
Q_ind_185_anc_4-4,0.000230,0.000000,0.000000,0.002424
Q_ind_186_anc_4-4,0.007378,0.000000,0.000000,0.048373
Q_ind_187_anc_4-4,0.000453,0.000000,0.000000,0.005153
Q_ind_188_anc_4-4,0.000140,0.000000,0.000000,0.001341
Q_ind_189_anc_4-4,0.000817,0.000000,0.000000,0.012442
Q_ind_190_anc_4-4,0.000144,0.000000,0.000000,0.001255
Q_ind_191_anc_4-4,0.000692,0.000000,0.000000,0.009917
Q_ind_192_anc_4-4,0.000049,0.000000,0.000000,0.000539
Q_ind_193_anc_4-4,0.000105,0.000000,0.000000,0.000686
Q_ind_194_anc_4-4,0.000028,0.000000,0.000000,0.000217
Q_ind_195_anc_4-4,0.000064,0.000000,0.000000,0.000482
Q_ind_196_anc_4-4,0.000027,0.000000,0.000000,0.000185
Q_ind_197_anc_4-4,0.000026,0.000000,0.000000,0.000250
Q_ind_198_anc_4-4,0.000036,0.000000,0.000000,0.000323
Q_ind_199_anc_4-4,0.000083,0.000000,0.000000,0.000674
Q_ind_200_anc_4-4,0.000051,0.000000,0.000000,0.000486
Q_ind_201_anc_4-4,0.000025,0.000000,0.000000,0.000212
Q_ind_202_anc_4-4,0.000079,0.000000,0.000000,0.000862
Q_ind_203_anc_4-4,0.000626,0.000000,0.000000,0.009057
Q_ind_204_anc_4-4,0.000286,0.000000,0.000000,0.002950
Q_ind_205_anc_4-4,0.000401,0.000000,0.000000,0.005300
Q_ind_206_anc_4-4,0.000591,0.000000,0.000000,0.008113
Q_ind_207_anc_4-4,0.002942,0.000000,0.000000,0.048399
Q_ind_208_anc_4-4,0.000036,0.000000,0.000000,0.000260
Q_ind_209_anc_4-4,0.000108,0.000000,0.000000,0.000887
Q_ind_210_anc_4-4,0.000514,0.000000,0.000000,0.007466
Q_ind_211_anc_4-4,0.000819,0.000000,0.000000,0.011034
Q_ind_212_anc_4-4,0.000046,0.000000,0.000000,0.000485
Q_ind_213_anc_4-4,0.000467,0.000000,0.000000,0.005835
Q_ind_214_anc_4-4,0.000132,0.000000,0.000000,0.001441
Q_ind_215_anc_4-4,0.002160,0.000000,0.000000,0.028515
Q_ind_216_anc_4-4,0.001970,0.000000,0.000000,0.027797
Q_ind_217_anc_4-4,0.000438,0.000000,0.000000,0.005079
Q_ind_218_anc_4-4,0.000085,0.000000,0.000000,0.000778
Q_ind_219_anc_4-4,0.016831,0.000000,0.000000,0.086953
Q_ind_220_anc_4-4,0.000793,0.000000,0.000000,0.012635
Q_ind_221_anc_4-4,0.000183,0.000000,0.000000,0.001997
Q_ind_222_anc_4-4,0.001403,0.000000,0.000000,0.018832
Q_ind_223_anc_4-4,0.000051,0.000000,0.000000,0.000489
Q_ind_224_anc_4-4,0.000033,0.000000,0.000000,0.000337
Q_ind_225_anc_4-4,0.000250,0.000000,0.000000,0.002958
Q_ind_226_anc_4-4,0.000059,0.000000,0.000000,0.000612
Q_ind_227_anc_4-4,0.000186,0.000000,0.000000,0.002514
Q_ind_228_anc_4-4,0.017539,0.003190,0.000000,0.063137
Q_ind_229_anc_4-4,0.000901,0.000000,0.000000,0.012171
Q_ind_230_anc_4-4,0.000320,0.000000,0.000000,0.004064
Q_ind_231_anc_4-4,0.000049,0.000000,0.000000,0.000446
Q_ind_232_anc_4-4,0.000165,0.000000,0.000000,0.001877
Q_ind_233_anc_4-4,0.014637,0.004001,0.000000,0.055162
Q_ind_234_anc_4-4,0.000315,0.000000,0.000000,0.003462
Q_ind_235_anc_4-4,0.000091,0.000000,0.000000,0.000736
Q_ind_236_anc_4-4,0.000166,0.000000,0.000000,0.001537
Q_ind_237_anc_4-4,0.000498,0.000000,0.000000,0.007560
Q_ind_238_anc_4-4,0.000072,0.000000,0.000000,0.000565
Q_ind_239_anc_4-4,0.000127,0.000000,0.000000,0.001555
Q_ind_240_anc_4-4,0.000097,0.000000,0.000000,0.000992
Q_ind_241_anc_4-4,0.000070,0.000000,0.000000,0.000852
Q_ind_242_anc_4-4,0.000311,0.000000,0.000000,0.003675
Q_ind_243_anc_4-4,0.000047,0.000000,0.000000,0.000391
Q_ind_244_anc_4-4,0.000362,0.000000,0.000000,0.003526
Q_ind_245_anc_4-4,0.000057,0.000000,0.000000,0.000556
Q_ind_1_anc_5-1,0.140433,0.169287,0.000000,0.235500
Q_ind_2_anc_5-1,0.000415,0.000000,0.000000,0.004894
Q_ind_3_anc_5-1,0.000363,0.000000,0.000000,0.003959
Q_ind_4_anc_5-1,0.001196,0.000000,0.000000,0.016788
Q_ind_5_anc_5-1,0.269063,0.299906,0.000000,0.373770
Q_ind_6_anc_5-1,0.010785,0.000000,0.000000,0.078774
Q_ind_7_anc_5-1,0.024176,0.000000,0.000000,0.124539
Q_ind_8_anc_5-1,0.001270,0.000000,0.000000,0.018970
Q_ind_9_anc_5-1,0.001867,0.000000,0.000000,0.029806
Q_ind_10_anc_5-1,0.000192,0.000000,0.000000,0.001991
Q_ind_11_anc_5-1,0.004810,0.000000,0.000000,0.057169
Q_ind_12_anc_5-1,0.002330,0.000000,0.000000,0.034987
Q_ind_13_anc_5-1,0.266548,0.279397,0.063715,0.388618
Q_ind_14_anc_5-1,0.228345,0.249205,0.000000,0.338543
Q_ind_15_anc_5-1,0.189832,0.213064,0.000000,0.300217
Q_ind_16_anc_5-1,0.249612,0.273684,0.000000,0.383698
Q_ind_17_anc_5-1,0.194567,0.212258,0.000000,0.297338
Q_ind_18_anc_5-1,0.218968,0.238035,0.000000,0.323769
Q_ind_19_anc_5-1,0.279990,0.296193,0.000000,0.395410
Q_ind_20_anc_5-1,0.294497,0.339899,0.000000,0.409686
Q_ind_21_anc_5-1,0.796698,0.809728,0.610737,0.881819
Q_ind_22_anc_5-1,0.747135,0.758968,0.564323,0.823656
Q_ind_23_anc_5-1,0.777223,0.787430,0.623423,0.852567
Q_ind_24_anc_5-1,0.808278,0.826514,0.576131,0.899831
Q_ind_25_anc_5-1,0.654902,0.752260,0.000000,0.850014
Q_ind_26_anc_5-1,0.726774,0.736633,0.579587,0.802324
Q_ind_27_anc_5-1,0.807380,0.820784,0.641830,0.876068
Q_ind_28_anc_5-1,0.802552,0.815111,0.638396,0.875265
Q_ind_29_anc_5-1,0.752862,0.766853,0.588283,0.834432
Q_ind_30_anc_5-1,0.790371,0.800788,0.634273,0.863272
Q_ind_31_anc_5-1,0.002131,0.000000,0.000000,0.032850
Q_ind_32_anc_5-1,0.000370,0.000000,0.000000,0.003672
Q_ind_33_anc_5-1,0.044766,0.044723,0.000000,0.130808
Q_ind_34_anc_5-1,0.000179,0.000000,0.000000,0.001852
Q_ind_35_anc_5-1,0.000678,0.000000,0.000000,0.008970
Q_ind_36_anc_5-1,0.000136,0.000000,0.000000,0.001676
Q_ind_37_anc_5-1,0.001736,0.000000,0.000000,0.021742
Q_ind_38_anc_5-1,0.000204,0.000000,0.000000,0.001451
Q_ind_39_anc_5-1,0.200351,0.214168,0.000000,0.385660
Q_ind_40_anc_5-1,0.002080,0.000000,0.000000,0.028131
Q_ind_41_anc_5-1,0.001495,0.000000,0.000000,0.025099
Q_ind_42_anc_5-1,0.000110,0.000000,0.000000,0.001028
Q_ind_43_anc_5-1,0.000323,0.000000,0.000000,0.003766
Q_ind_44_anc_5-1,0.000635,0.000000,0.000000,0.009326
Q_ind_45_anc_5-1,0.000785,0.000000,0.000000,0.009320
Q_ind_46_anc_5-1,0.000225,0.000000,0.000000,0.001947
Q_ind_47_anc_5-1,0.000156,0.000000,0.000000,0.001236
Q_ind_48_anc_5-1,0.000409,0.000000,0.000000,0.004881
Q_ind_49_anc_5-1,0.000373,0.000000,0.000000,0.004517
Q_ind_50_anc_5-1,0.000285,0.000000,0.000000,0.003005
Q_ind_51_anc_5-1,0.048086,0.053247,0.000000,0.120699
Q_ind_52_anc_5-1,0.059034,0.068473,0.000000,0.120356
Q_ind_53_anc_5-1,0.006469,0.000000,0.000000,0.061493
Q_ind_54_anc_5-1,0.025143,0.000000,0.000000,0.109709
Q_ind_55_anc_5-1,0.001432,0.000000,0.000000,0.022382
Q_ind_56_anc_5-1,0.001514,0.000000,0.000000,0.025713
Q_ind_57_anc_5-1,0.197880,0.208125,0.000000,0.278288
Q_ind_58_anc_5-1,0.005387,0.000000,0.000000,0.048879
Q_ind_59_anc_5-1,0.009123,0.000000,0.000000,0.073042
Q_ind_60_anc_5-1,0.040204,0.036653,0.000000,0.114491
Q_ind_61_anc_5-1,0.000703,0.000000,0.000000,0.005461
Q_ind_62_anc_5-1,0.001122,0.000000,0.000000,0.018334
Q_ind_63_anc_5-1,0.000089,0.000000,0.000000,0.000792
Q_ind_64_anc_5-1,0.000243,0.000000,0.000000,0.002890
Q_ind_65_anc_5-1,0.000133,0.000000,0.000000,0.001265
Q_ind_66_anc_5-1,0.000127,0.000000,0.000000,0.001568
Q_ind_67_anc_5-1,0.000113,0.000000,0.000000,0.000876
Q_ind_68_anc_5-1,0.120803,0.147190,0.000000,0.272348
Q_ind_69_anc_5-1,0.169849,0.213819,0.000000,0.315772
Q_ind_70_anc_5-1,0.084899,0.089871,0.000000,0.220041
Q_ind_71_anc_5-1,0.161102,0.197840,0.000000,0.273364
Q_ind_72_anc_5-1,0.151924,0.209008,0.000000,0.295677
Q_ind_73_anc_5-1,0.106796,0.132342,0.000000,0.251790
Q_ind_74_anc_5-1,0.198059,0.257893,0.000000,0.333960
Q_ind_75_anc_5-1,0.147610,0.177368,0.000000,0.306807
Q_ind_76_anc_5-1,0.129725,0.182282,0.000000,0.251469
Q_ind_77_anc_5-1,0.755612,0.747103,0.643944,0.862363
Q_ind_78_anc_5-1,0.722163,0.714053,0.605023,0.851694
Q_ind_79_anc_5-1,0.733200,0.735387,0.613777,0.847044
Q_ind_80_anc_5-1,0.696625,0.693278,0.601153,0.802991
Q_ind_81_anc_5-1,0.667458,0.661159,0.558719,0.792914
Q_ind_82_anc_5-1,0.614439,0.593850,0.479317,0.808360
Q_ind_83_anc_5-1,0.643742,0.647601,0.539674,0.737477
Q_ind_84_anc_5-1,0.681317,0.688017,0.548382,0.789600
Q_ind_85_anc_5-1,0.628669,0.624242,0.529052,0.743167
Q_ind_86_anc_5-1,0.674781,0.678557,0.570682,0.778680
Q_ind_87_anc_5-1,0.708986,0.706168,0.598553,0.816780
Q_ind_88_anc_5-1,0.020668,0.000000,0.000000,0.183505
Q_ind_89_anc_5-1,0.007407,0.000000,0.000000,0.076031
Q_ind_90_anc_5-1,0.018357,0.000000,0.000000,0.160865
Q_ind_91_anc_5-1,0.042390,0.000036,0.000000,0.152147
Q_ind_92_anc_5-1,0.027472,0.000000,0.000000,0.136055
Q_ind_93_anc_5-1,0.032302,0.000000,0.000000,0.141319
Q_ind_94_anc_5-1,0.157194,0.200517,0.000000,0.298623
Q_ind_95_anc_5-1,0.005433,0.000000,0.000000,0.083539
Q_ind_96_anc_5-1,0.000360,0.000000,0.000000,0.004726
Q_ind_97_anc_5-1,0.000651,0.000000,0.000000,0.009483
Q_ind_98_anc_5-1,0.216169,0.243780,0.000000,0.336083
Q_ind_99_anc_5-1,0.241131,0.251977,0.077939,0.334159
Q_ind_100_anc_5-1,0.000453,0.000000,0.000000,0.005994
Q_ind_101_anc_5-1,0.000161,0.000000,0.000000,0.001557
Q_ind_102_anc_5-1,0.000060,0.000000,0.000000,0.000595
Q_ind_103_anc_5-1,0.000231,0.000000,0.000000,0.001914
Q_ind_104_anc_5-1,0.000144,0.000000,0.000000,0.001746
Q_ind_105_anc_5-1,0.126159,0.151470,0.000000,0.232955
Q_ind_106_anc_5-1,0.003035,0.000000,0.000000,0.037237
Q_ind_107_anc_5-1,0.214844,0.293080,0.000000,0.409162
Q_ind_108_anc_5-1,0.156180,0.074069,0.000000,0.381019
Q_ind_109_anc_5-1,0.220055,0.245061,0.000000,0.371846
Q_ind_110_anc_5-1,0.093832,0.000000,0.000000,0.405376
Q_ind_111_anc_5-1,0.226628,0.269571,0.000000,0.358484
Q_ind_112_anc_5-1,0.290446,0.357763,0.000000,0.499396
Q_ind_113_anc_5-1,0.210938,0.247763,0.000000,0.399863
Q_ind_114_anc_5-1,0.201317,0.264799,0.000000,0.405581
Q_ind_115_anc_5-1,0.000819,0.000000,0.000000,0.010965
Q_ind_116_anc_5-1,0.000095,0.000000,0.000000,0.000787
Q_ind_117_anc_5-1,0.000307,0.000000,0.000000,0.002725
Q_ind_118_anc_5-1,0.004978,0.000000,0.000000,0.051937
Q_ind_119_anc_5-1,0.000678,0.000000,0.000000,0.006742
Q_ind_120_anc_5-1,0.000121,0.000000,0.000000,0.001296
Q_ind_121_anc_5-1,0.000796,0.000000,0.000000,0.010798
Q_ind_122_anc_5-1,0.000110,0.000000,0.000000,0.001187
Q_ind_123_anc_5-1,0.000898,0.000000,0.000000,0.013547
Q_ind_124_anc_5-1,0.034097,0.008535,0.000000,0.110875
Q_ind_125_anc_5-1,0.714333,0.722099,0.577014,0.821894
Q_ind_126_anc_5-1,0.659710,0.672715,0.487020,0.774866
Q_ind_127_anc_5-1,0.779650,0.788246,0.624517,0.851403
Q_ind_128_anc_5-1,0.476478,0.598943,0.000000,0.689708
Q_ind_129_anc_5-1,0.770607,0.785499,0.600419,0.852590
Q_ind_130_anc_5-1,0.621187,0.619252,0.415452,0.791255
Q_ind_131_anc_5-1,0.689047,0.705301,0.534312,0.763899
Q_ind_132_anc_5-1,0.558579,0.561481,0.461337,0.637240
Q_ind_133_anc_5-1,0.679950,0.721159,0.000000,0.792982
Q_ind_134_anc_5-1,0.783913,0.802633,0.530800,0.862397
Q_ind_135_anc_5-1,0.689981,0.706539,0.455008,0.788500
Q_ind_136_anc_5-1,0.721064,0.742073,0.512796,0.824202
Q_ind_137_anc_5-1,0.757881,0.764905,0.621686,0.856849
Q_ind_138_anc_5-1,0.779000,0.796246,0.531142,0.858739
Q_ind_139_anc_5-1,0.760938,0.780514,0.544931,0.835117
Q_ind_140_anc_5-1,0.702688,0.743392,0.000000,0.813460
Q_ind_141_anc_5-1,0.715178,0.726820,0.561702,0.828780
Q_ind_142_anc_5-1,0.576298,0.643944,0.000000,0.703025
Q_ind_143_anc_5-1,0.753129,0.765930,0.598473,0.823720
Q_ind_144_anc_5-1,0.721011,0.760474,0.000000,0.824067
Q_ind_145_anc_5-1,0.000109,0.000000,0.000000,0.000754
Q_ind_146_anc_5-1,0.007850,0.000000,0.000000,0.064287
Q_ind_147_anc_5-1,0.000274,0.000000,0.000000,0.003363
Q_ind_148_anc_5-1,0.001188,0.000000,0.000000,0.018929
Q_ind_149_anc_5-1,0.000345,0.000000,0.000000,0.003390
Q_ind_150_anc_5-1,0.000217,0.000000,0.000000,0.001903
Q_ind_151_anc_5-1,0.000392,0.000000,0.000000,0.004446
Q_ind_152_anc_5-1,0.000112,0.000000,0.000000,0.001282
Q_ind_153_anc_5-1,0.000067,0.000000,0.000000,0.000478
Q_ind_154_anc_5-1,0.000772,0.000000,0.000000,0.009499
Q_ind_155_anc_5-1,0.006946,0.000000,0.000000,0.112664
Q_ind_156_anc_5-1,0.000224,0.000000,0.000000,0.001983
Q_ind_157_anc_5-1,0.000315,0.000000,0.000000,0.003480
Q_ind_158_anc_5-1,0.000514,0.000000,0.000000,0.007067
Q_ind_159_anc_5-1,0.014460,0.000000,0.000000,0.095409
Q_ind_160_anc_5-1,0.000305,0.000000,0.000000,0.003046
Q_ind_161_anc_5-1,0.000161,0.000000,0.000000,0.001414
Q_ind_162_anc_5-1,0.000419,0.000000,0.000000,0.004695
Q_ind_163_anc_5-1,0.000295,0.000000,0.000000,0.002843
Q_ind_164_anc_5-1,0.000386,0.000000,0.000000,0.004243
Q_ind_165_anc_5-1,0.378877,0.389819,0.232939,0.478225
Q_ind_166_anc_5-1,0.305893,0.312844,0.000000,0.453523
Q_ind_167_anc_5-1,0.390399,0.416248,0.000000,0.502322
Q_ind_168_anc_5-1,0.604113,0.610964,0.386024,0.720913
Q_ind_169_anc_5-1,0.510648,0.516117,0.399518,0.590474
Q_ind_170_anc_5-1,0.718307,0.725505,0.574179,0.830804
Q_ind_171_anc_5-1,0.803526,0.815406,0.593791,0.886078
Q_ind_172_anc_5-1,0.708678,0.737853,0.054245,0.805441
Q_ind_173_anc_5-1,0.738430,0.749569,0.577014,0.804664
Q_ind_174_anc_5-1,0.721746,0.775465,0.000000,0.855658
Q_ind_175_anc_5-1,0.748887,0.783405,0.439721,0.844637
Q_ind_176_anc_5-1,0.412513,0.413945,0.332340,0.483368
Q_ind_177_anc_5-1,0.208316,0.206290,0.082058,0.345747
Q_ind_178_anc_5-1,0.474470,0.473312,0.370247,0.603297
Q_ind_179_anc_5-1,0.451786,0.447763,0.343881,0.571390
Q_ind_180_anc_5-1,0.300132,0.300765,0.203578,0.391282
Q_ind_181_anc_5-1,0.500932,0.501439,0.388449,0.602942
Q_ind_182_anc_5-1,0.434774,0.441941,0.304037,0.537115
Q_ind_183_anc_5-1,0.431995,0.427075,0.322769,0.572948
Q_ind_184_anc_5-1,0.460112,0.460581,0.367945,0.549912
Q_ind_185_anc_5-1,0.065971,0.000000,0.000000,0.274443
Q_ind_186_anc_5-1,0.350386,0.412190,0.000000,0.507193
Q_ind_187_anc_5-1,0.350125,0.429537,0.000000,0.501222
Q_ind_188_anc_5-1,0.318925,0.355743,0.000000,0.485201
Q_ind_189_anc_5-1,0.354083,0.396310,0.000000,0.502864
Q_ind_190_anc_5-1,0.335479,0.388522,0.000000,0.505916
Q_ind_191_anc_5-1,0.346705,0.435238,0.000000,0.518948
Q_ind_192_anc_5-1,0.000876,0.000000,0.000000,0.013026
Q_ind_193_anc_5-1,0.003156,0.000000,0.000000,0.044741
Q_ind_194_anc_5-1,0.000035,0.000000,0.000000,0.000315
Q_ind_195_anc_5-1,0.000427,0.000000,0.000000,0.005630
Q_ind_196_anc_5-1,0.000055,0.000000,0.000000,0.000360
Q_ind_197_anc_5-1,0.000052,0.000000,0.000000,0.000457
Q_ind_198_anc_5-1,0.000056,0.000000,0.000000,0.000508
Q_ind_199_anc_5-1,0.001339,0.000000,0.000000,0.019772
Q_ind_200_anc_5-1,0.000098,0.000000,0.000000,0.001070
Q_ind_201_anc_5-1,0.181575,0.200089,0.000000,0.269137
Q_ind_202_anc_5-1,0.000254,0.000000,0.000000,0.002462
Q_ind_203_anc_5-1,0.000206,0.000000,0.000000,0.001934
Q_ind_204_anc_5-1,0.001063,0.000000,0.000000,0.015986
Q_ind_205_anc_5-1,0.001403,0.000000,0.000000,0.018924
Q_ind_206_anc_5-1,0.000134,0.000000,0.000000,0.001444
Q_ind_207_anc_5-1,0.000881,0.000000,0.000000,0.012679
Q_ind_208_anc_5-1,0.234373,0.227257,0.156890,0.353088
Q_ind_209_anc_5-1,0.001984,0.000000,0.000000,0.030626
Q_ind_210_anc_5-1,0.000437,0.000000,0.000000,0.002966
Q_ind_211_anc_5-1,0.006991,0.000000,0.000000,0.061139
Q_ind_212_anc_5-1,0.227759,0.234960,0.089097,0.328918
Q_ind_213_anc_5-1,0.679883,0.751515,0.237376,0.824683
Q_ind_214_anc_5-1,0.725609,0.801291,0.127133,0.865022
Q_ind_215_anc_5-1,0.702045,0.776727,0.262196,0.850509
Q_ind_216_anc_5-1,0.690228,0.763201,0.000000,0.833134
Q_ind_217_anc_5-1,0.694975,0.782407,0.000000,0.854933
Q_ind_218_anc_5-1,0.706382,0.798281,0.000000,0.857706
Q_ind_219_anc_5-1,0.633958,0.756705,0.000000,0.824862
Q_ind_220_anc_5-1,0.734036,0.790599,0.321062,0.861561
Q_ind_221_anc_5-1,0.561036,0.642499,0.000000,0.753108
Q_ind_222_anc_5-1,0.613854,0.720278,0.000000,0.806771
Q_ind_223_anc_5-1,0.135723,0.156939,0.000000,0.234142
Q_ind_224_anc_5-1,0.271155,0.350540,0.000000,0.434599
Q_ind_225_anc_5-1,0.001518,0.000000,0.000000,0.022171
Q_ind_226_anc_5-1,0.113981,0.114619,0.037683,0.181318
Q_ind_227_anc_5-1,0.002897,0.000000,0.000000,0.045609
Q_ind_228_anc_5-1,0.000758,0.000000,0.000000,0.008290
Q_ind_229_anc_5-1,0.000303,0.000000,0.000000,0.002667
Q_ind_230_anc_5-1,0.002043,0.000000,0.000000,0.028198
Q_ind_231_anc_5-1,0.043352,0.018551,0.000000,0.140247
Q_ind_232_anc_5-1,0.004412,0.000000,0.000000,0.057011
Q_ind_233_anc_5-1,0.025943,0.000000,0.000000,0.119198
Q_ind_234_anc_5-1,0.001278,0.000000,0.000000,0.020481
Q_ind_235_anc_5-1,0.081764,0.098208,0.000000,0.157119
Q_ind_236_anc_5-1,0.057302,0.070668,0.000000,0.145931
Q_ind_237_anc_5-1,0.020822,0.000000,0.000000,0.100751
Q_ind_238_anc_5-1,0.021055,0.000000,0.000000,0.092253
Q_ind_239_anc_5-1,0.010945,0.000000,0.000000,0.085110
Q_ind_240_anc_5-1,0.020615,0.000000,0.000000,0.132343
Q_ind_241_anc_5-1,0.088774,0.077416,0.000000,0.219532
Q_ind_242_anc_5-1,0.039187,0.000000,0.000000,0.141359
Q_ind_243_anc_5-1,0.031218,0.000000,0.000000,0.159677
Q_ind_244_anc_5-1,0.059429,0.071727,0.000000,0.137478
Q_ind_245_anc_5-1,0.006930,0.000000,0.000000,0.073134
Q_ind_1_anc_5-2,0.000159,0.000000,0.000000,0.001772
Q_ind_2_anc_5-2,0.000149,0.000000,0.000000,0.001408
Q_ind_3_anc_5-2,0.000312,0.000000,0.000000,0.003324
Q_ind_4_anc_5-2,0.000347,0.000000,0.000000,0.003579
Q_ind_5_anc_5-2,0.000372,0.000000,0.000000,0.003558
Q_ind_6_anc_5-2,0.000710,0.000000,0.000000,0.012285
Q_ind_7_anc_5-2,0.000210,0.000000,0.000000,0.001508
Q_ind_8_anc_5-2,0.000142,0.000000,0.000000,0.001571
Q_ind_9_anc_5-2,0.000207,0.000000,0.000000,0.002459
Q_ind_10_anc_5-2,0.000102,0.000000,0.000000,0.000965
Q_ind_11_anc_5-2,0.000396,0.000000,0.000000,0.004178
Q_ind_12_anc_5-2,0.000798,0.000000,0.000000,0.012097
Q_ind_13_anc_5-2,0.000411,0.000000,0.000000,0.003995
Q_ind_14_anc_5-2,0.000247,0.000000,0.000000,0.002047
Q_ind_15_anc_5-2,0.000394,0.000000,0.000000,0.003530
Q_ind_16_anc_5-2,0.000466,0.000000,0.000000,0.006030
Q_ind_17_anc_5-2,0.001199,0.000000,0.000000,0.008564
Q_ind_18_anc_5-2,0.000200,0.000000,0.000000,0.001518
Q_ind_19_anc_5-2,0.000204,0.000000,0.000000,0.002122
Q_ind_20_anc_5-2,0.000191,0.000000,0.000000,0.001912
Q_ind_21_anc_5-2,0.001234,0.000000,0.000000,0.021623
Q_ind_22_anc_5-2,0.000148,0.000000,0.000000,0.001499
Q_ind_23_anc_5-2,0.001203,0.000000,0.000000,0.017363
Q_ind_24_anc_5-2,0.001343,0.000000,0.000000,0.018568
Q_ind_25_anc_5-2,0.016029,0.000000,0.000000,0.144798
Q_ind_26_anc_5-2,0.000266,0.000000,0.000000,0.003114
Q_ind_27_anc_5-2,0.001490,0.000000,0.000000,0.019587
Q_ind_28_anc_5-2,0.000603,0.000000,0.000000,0.008347
Q_ind_29_anc_5-2,0.001291,0.000000,0.000000,0.015562
Q_ind_30_anc_5-2,0.000247,0.000000,0.000000,0.002700
Q_ind_31_anc_5-2,0.000177,0.000000,0.000000,0.001613
Q_ind_32_anc_5-2,0.000149,0.000000,0.000000,0.001574
Q_ind_33_anc_5-2,0.000214,0.000000,0.000000,0.002223
Q_ind_34_anc_5-2,0.000146,0.000000,0.000000,0.001376
Q_ind_35_anc_5-2,0.000222,0.000000,0.000000,0.002615
Q_ind_36_anc_5-2,0.000068,0.000000,0.000000,0.000651
Q_ind_37_anc_5-2,0.000495,0.000000,0.000000,0.004968
Q_ind_38_anc_5-2,0.000065,0.000000,0.000000,0.000597
Q_ind_39_anc_5-2,0.000370,0.000000,0.000000,0.003057
Q_ind_40_anc_5-2,0.003383,0.000000,0.000000,0.046672
Q_ind_41_anc_5-2,0.000234,0.000000,0.000000,0.002541
Q_ind_42_anc_5-2,0.000266,0.000000,0.000000,0.002549
Q_ind_43_anc_5-2,0.000260,0.000000,0.000000,0.001535
Q_ind_44_anc_5-2,0.000536,0.000000,0.000000,0.005930
Q_ind_45_anc_5-2,0.000213,0.000000,0.000000,0.001767
Q_ind_46_anc_5-2,0.000169,0.000000,0.000000,0.001535
Q_ind_47_anc_5-2,0.000254,0.000000,0.000000,0.001232
Q_ind_48_anc_5-2,0.000591,0.000000,0.000000,0.006107
Q_ind_49_anc_5-2,0.000131,0.000000,0.000000,0.000936
Q_ind_50_anc_5-2,0.000140,0.000000,0.000000,0.001256
Q_ind_51_anc_5-2,0.000395,0.000000,0.000000,0.005401
Q_ind_52_anc_5-2,0.001005,0.000000,0.000000,0.012510
Q_ind_53_anc_5-2,0.000497,0.000000,0.000000,0.005722
Q_ind_54_anc_5-2,0.001628,0.000000,0.000000,0.024526
Q_ind_55_anc_5-2,0.004090,0.000000,0.000000,0.049304
Q_ind_56_anc_5-2,0.000483,0.000000,0.000000,0.006314
Q_ind_57_anc_5-2,0.000257,0.000000,0.000000,0.002428
Q_ind_58_anc_5-2,0.001083,0.000000,0.000000,0.015286
Q_ind_59_anc_5-2,0.000934,0.000000,0.000000,0.012131
Q_ind_60_anc_5-2,0.006004,0.000000,0.000000,0.055684
Q_ind_61_anc_5-2,0.000291,0.000000,0.000000,0.003875
Q_ind_62_anc_5-2,0.000432,0.000000,0.000000,0.005160
Q_ind_63_anc_5-2,0.000073,0.000000,0.000000,0.000722
Q_ind_64_anc_5-2,0.000068,0.000000,0.000000,0.000695
Q_ind_65_anc_5-2,0.000109,0.000000,0.000000,0.001042
Q_ind_66_anc_5-2,0.000074,0.000000,0.000000,0.000808
Q_ind_67_anc_5-2,0.000055,0.000000,0.000000,0.000408
Q_ind_68_anc_5-2,0.002655,0.000000,0.000000,0.044621
Q_ind_69_anc_5-2,0.000339,0.000000,0.000000,0.004484
Q_ind_70_anc_5-2,0.000133,0.000000,0.000000,0.001106
Q_ind_71_anc_5-2,0.000609,0.000000,0.000000,0.003125
Q_ind_72_anc_5-2,0.000504,0.000000,0.000000,0.004188
Q_ind_73_anc_5-2,0.000359,0.000000,0.000000,0.003441
Q_ind_74_anc_5-2,0.000189,0.000000,0.000000,0.002023
Q_ind_75_anc_5-2,0.000210,0.000000,0.000000,0.002190
Q_ind_76_anc_5-2,0.001037,0.000000,0.000000,0.007570
Q_ind_77_anc_5-2,0.000301,0.000000,0.000000,0.002864
Q_ind_78_anc_5-2,0.000365,0.000000,0.000000,0.002797
Q_ind_79_anc_5-2,0.000809,0.000000,0.000000,0.010970
Q_ind_80_anc_5-2,0.000224,0.000000,0.000000,0.001633
Q_ind_81_anc_5-2,0.000262,0.000000,0.000000,0.002152
Q_ind_82_anc_5-2,0.000405,0.000000,0.000000,0.004231
Q_ind_83_anc_5-2,0.000269,0.000000,0.000000,0.002081
Q_ind_84_anc_5-2,0.000158,0.000000,0.000000,0.001695
Q_ind_85_anc_5-2,0.000198,0.000000,0.000000,0.001451
Q_ind_86_anc_5-2,0.000225,0.000000,0.000000,0.002286
Q_ind_87_anc_5-2,0.000109,0.000000,0.000000,0.000952
Q_ind_88_anc_5-2,0.000307,0.000000,0.000000,0.002278
Q_ind_89_anc_5-2,0.000502,0.000000,0.000000,0.007154
Q_ind_90_anc_5-2,0.001069,0.000000,0.000000,0.015133
Q_ind_91_anc_5-2,0.000208,0.000000,0.000000,0.002197
Q_ind_92_anc_5-2,0.001383,0.000000,0.000000,0.022247
Q_ind_93_anc_5-2,0.000264,0.000000,0.000000,0.003046
Q_ind_94_anc_5-2,0.000525,0.000000,0.000000,0.006299
Q_ind_95_anc_5-2,0.000198,0.000000,0.000000,0.001692
Q_ind_96_anc_5-2,0.000454,0.000000,0.000000,0.006423
Q_ind_97_anc_5-2,0.000286,0.000000,0.000000,0.004472
Q_ind_98_anc_5-2,0.000113,0.000000,0.000000,0.000818
Q_ind_99_anc_5-2,0.000123,0.000000,0.000000,0.001528
Q_ind_100_anc_5-2,0.000184,0.000000,0.000000,0.002122
Q_ind_101_anc_5-2,0.000957,0.000000,0.000000,0.007314
Q_ind_102_anc_5-2,0.000044,0.000000,0.000000,0.000334
Q_ind_103_anc_5-2,0.000141,0.000000,0.000000,0.001514
Q_ind_104_anc_5-2,0.000145,0.000000,0.000000,0.001128
Q_ind_105_anc_5-2,0.000056,0.000000,0.000000,0.000495
Q_ind_106_anc_5-2,0.000198,0.000000,0.000000,0.002069
Q_ind_107_anc_5-2,0.000874,0.000000,0.000000,0.008781
Q_ind_108_anc_5-2,0.001055,0.000000,0.000000,0.008499
Q_ind_109_anc_5-2,0.001769,0.000000,0.000000,0.025642
Q_ind_110_anc_5-2,0.004847,0.000000,0.000000,0.055869
Q_ind_111_anc_5-2,0.001200,0.000000,0.000000,0.016627
Q_ind_112_anc_5-2,0.000754,0.000000,0.000000,0.003927
Q_ind_113_anc_5-2,0.006291,0.000000,0.000000,0.095322
Q_ind_114_anc_5-2,0.000399,0.000000,0.000000,0.004124
Q_ind_115_anc_5-2,0.000478,0.000000,0.000000,0.004066
Q_ind_116_anc_5-2,0.000334,0.000000,0.000000,0.004131
Q_ind_117_anc_5-2,0.000235,0.000000,0.000000,0.001523
Q_ind_118_anc_5-2,0.003716,0.000000,0.000000,0.049639
Q_ind_119_anc_5-2,0.000537,0.000000,0.000000,0.006274
Q_ind_120_anc_5-2,0.000084,0.000000,0.000000,0.000908
Q_ind_121_anc_5-2,0.000227,0.000000,0.000000,0.001626
Q_ind_122_anc_5-2,0.000252,0.000000,0.000000,0.002950
Q_ind_123_anc_5-2,0.000241,0.000000,0.000000,0.001632
Q_ind_124_anc_5-2,0.000159,0.000000,0.000000,0.001694
Q_ind_125_anc_5-2,0.000620,0.000000,0.000000,0.008636
Q_ind_126_anc_5-2,0.000624,0.000000,0.000000,0.006957
Q_ind_127_anc_5-2,0.000567,0.000000,0.000000,0.007213
Q_ind_128_anc_5-2,0.000305,0.000000,0.000000,0.002866
Q_ind_129_anc_5-2,0.000307,0.000000,0.000000,0.003053
Q_ind_130_anc_5-2,0.001712,0.000000,0.000000,0.025697
Q_ind_131_anc_5-2,0.000330,0.000000,0.000000,0.003033
Q_ind_132_anc_5-2,0.000164,0.000000,0.000000,0.001932
Q_ind_133_anc_5-2,0.003755,0.000000,0.000000,0.058216
Q_ind_134_anc_5-2,0.000759,0.000000,0.000000,0.010497
Q_ind_135_anc_5-2,0.000378,0.000000,0.000000,0.003814
Q_ind_136_anc_5-2,0.001354,0.000000,0.000000,0.020954
Q_ind_137_anc_5-2,0.002009,0.000000,0.000000,0.032589
Q_ind_138_anc_5-2,0.000404,0.000000,0.000000,0.005163
Q_ind_139_anc_5-2,0.002196,0.000000,0.000000,0.034628
Q_ind_140_anc_5-2,0.001265,0.000000,0.000000,0.014999
Q_ind_141_anc_5-2,0.001445,0.000000,0.000000,0.020253
Q_ind_142_anc_5-2,0.028049,0.000000,0.000000,0.280095
Q_ind_143_anc_5-2,0.000648,0.000000,0.000000,0.007453
Q_ind_144_anc_5-2,0.000476,0.000000,0.000000,0.005526
Q_ind_145_anc_5-2,0.000049,0.000000,0.000000,0.000488
Q_ind_146_anc_5-2,0.000211,0.000000,0.000000,0.002067
Q_ind_147_anc_5-2,0.000119,0.000000,0.000000,0.001151
Q_ind_148_anc_5-2,0.000598,0.000000,0.000000,0.009076
Q_ind_149_anc_5-2,0.000108,0.000000,0.000000,0.001156
Q_ind_150_anc_5-2,0.000075,0.000000,0.000000,0.000878
Q_ind_151_anc_5-2,0.000091,0.000000,0.000000,0.000782
Q_ind_152_anc_5-2,0.000064,0.000000,0.000000,0.000654
Q_ind_153_anc_5-2,0.000053,0.000000,0.000000,0.000513
Q_ind_154_anc_5-2,0.000098,0.000000,0.000000,0.001025
Q_ind_155_anc_5-2,0.000140,0.000000,0.000000,0.001036
Q_ind_156_anc_5-2,0.000174,0.000000,0.000000,0.001659
Q_ind_157_anc_5-2,0.000108,0.000000,0.000000,0.001046
Q_ind_158_anc_5-2,0.000121,0.000000,0.000000,0.000976
Q_ind_159_anc_5-2,0.000218,0.000000,0.000000,0.002473
Q_ind_160_anc_5-2,0.000065,0.000000,0.000000,0.000715
Q_ind_161_anc_5-2,0.000037,0.000000,0.000000,0.000388
Q_ind_162_anc_5-2,0.000223,0.000000,0.000000,0.002497
Q_ind_163_anc_5-2,0.000085,0.000000,0.000000,0.000847
Q_ind_164_anc_5-2,0.000279,0.000000,0.000000,0.003244
Q_ind_165_anc_5-2,0.002233,0.000000,0.000000,0.033490
Q_ind_166_anc_5-2,0.000176,0.000000,0.000000,0.001757
Q_ind_167_anc_5-2,0.000415,0.000000,0.000000,0.004613
Q_ind_168_anc_5-2,0.000745,0.000000,0.000000,0.010251
Q_ind_169_anc_5-2,0.000462,0.000000,0.000000,0.004864
Q_ind_170_anc_5-2,0.005436,0.000000,0.000000,0.069339
Q_ind_171_anc_5-2,0.005169,0.000000,0.000000,0.062043
Q_ind_172_anc_5-2,0.000932,0.000000,0.000000,0.014586
Q_ind_173_anc_5-2,0.003500,0.000000,0.000000,0.054466
Q_ind_174_anc_5-2,0.002609,0.000000,0.000000,0.038349
Q_ind_175_anc_5-2,0.003494,0.000000,0.000000,0.050223
Q_ind_176_anc_5-2,0.000661,0.000000,0.000000,0.007507
Q_ind_177_anc_5-2,0.000592,0.000000,0.000000,0.008589
Q_ind_178_anc_5-2,0.000326,0.000000,0.000000,0.004002
Q_ind_179_anc_5-2,0.000120,0.000000,0.000000,0.001334
Q_ind_180_anc_5-2,0.000205,0.000000,0.000000,0.001981
Q_ind_181_anc_5-2,0.000622,0.000000,0.000000,0.009632
Q_ind_182_anc_5-2,0.000464,0.000000,0.000000,0.005653
Q_ind_183_anc_5-2,0.000793,0.000000,0.000000,0.009203
Q_ind_184_anc_5-2,0.002254,0.000000,0.000000,0.032536
Q_ind_185_anc_5-2,0.001191,0.000000,0.000000,0.015502
Q_ind_186_anc_5-2,0.000587,0.000000,0.000000,0.008598
Q_ind_187_anc_5-2,0.000288,0.000000,0.000000,0.002287
Q_ind_188_anc_5-2,0.000232,0.000000,0.000000,0.002325
Q_ind_189_anc_5-2,0.024102,0.000000,0.000000,0.154363
Q_ind_190_anc_5-2,0.000562,0.000000,0.000000,0.007460
Q_ind_191_anc_5-2,0.000272,0.000000,0.000000,0.002069
Q_ind_192_anc_5-2,0.000190,0.000000,0.000000,0.001528
Q_ind_193_anc_5-2,0.000233,0.000000,0.000000,0.002548
Q_ind_194_anc_5-2,0.000023,0.000000,0.000000,0.000215
Q_ind_195_anc_5-2,0.000067,0.000000,0.000000,0.000554
Q_ind_196_anc_5-2,0.000042,0.000000,0.000000,0.000408
Q_ind_197_anc_5-2,0.000041,0.000000,0.000000,0.000369
Q_ind_198_anc_5-2,0.000029,0.000000,0.000000,0.000238
Q_ind_199_anc_5-2,0.000072,0.000000,0.000000,0.000637
Q_ind_200_anc_5-2,0.000045,0.000000,0.000000,0.000416
Q_ind_201_anc_5-2,0.000088,0.000000,0.000000,0.000880
Q_ind_202_anc_5-2,0.000053,0.000000,0.000000,0.000435
Q_ind_203_anc_5-2,0.000207,0.000000,0.000000,0.002472
Q_ind_204_anc_5-2,0.000692,0.000000,0.000000,0.009659
Q_ind_205_anc_5-2,0.000701,0.000000,0.000000,0.009433
Q_ind_206_anc_5-2,0.000091,0.000000,0.000000,0.000830
Q_ind_207_anc_5-2,0.000204,0.000000,0.000000,0.001770
Q_ind_208_anc_5-2,0.000224,0.000000,0.000000,0.002311
Q_ind_209_anc_5-2,0.000335,0.000000,0.000000,0.004473
Q_ind_210_anc_5-2,0.000657,0.000000,0.000000,0.008289
Q_ind_211_anc_5-2,0.000236,0.000000,0.000000,0.001930
Q_ind_212_anc_5-2,0.000272,0.000000,0.000000,0.002160
Q_ind_213_anc_5-2,0.000233,0.000000,0.000000,0.002010
Q_ind_214_anc_5-2,0.000410,0.000000,0.000000,0.003145
Q_ind_215_anc_5-2,0.000457,0.000000,0.000000,0.005717
Q_ind_216_anc_5-2,0.000937,0.000000,0.000000,0.014930
Q_ind_217_anc_5-2,0.000740,0.000000,0.000000,0.005208
Q_ind_218_anc_5-2,0.000618,0.000000,0.000000,0.006322
Q_ind_219_anc_5-2,0.000725,0.000000,0.000000,0.010935
Q_ind_220_anc_5-2,0.000828,0.000000,0.000000,0.011864
Q_ind_221_anc_5-2,0.000363,0.000000,0.000000,0.003510
Q_ind_222_anc_5-2,0.000288,0.000000,0.000000,0.002646
Q_ind_223_anc_5-2,0.001732,0.000000,0.000000,0.026932
Q_ind_224_anc_5-2,0.000441,0.000000,0.000000,0.004697
Q_ind_225_anc_5-2,0.000181,0.000000,0.000000,0.002017
Q_ind_226_anc_5-2,0.000500,0.000000,0.000000,0.005971
Q_ind_227_anc_5-2,0.000934,0.000000,0.000000,0.008143
Q_ind_228_anc_5-2,0.001202,0.000000,0.000000,0.017409
Q_ind_229_anc_5-2,0.000735,0.000000,0.000000,0.010151
Q_ind_230_anc_5-2,0.000177,0.000000,0.000000,0.001516
Q_ind_231_anc_5-2,0.001002,0.000000,0.000000,0.015378
Q_ind_232_anc_5-2,0.001244,0.000000,0.000000,0.018605
Q_ind_233_anc_5-2,0.004720,0.000000,0.000000,0.072946
Q_ind_234_anc_5-2,0.000514,0.000000,0.000000,0.006226
Q_ind_235_anc_5-2,0.000249,0.000000,0.000000,0.002528
Q_ind_236_anc_5-2,0.000698,0.000000,0.000000,0.004634
Q_ind_237_anc_5-2,0.000593,0.000000,0.000000,0.004538
Q_ind_238_anc_5-2,0.000140,0.000000,0.000000,0.001303
Q_ind_239_anc_5-2,0.000411,0.000000,0.000000,0.005549
Q_ind_240_anc_5-2,0.000147,0.000000,0.000000,0.001271
Q_ind_241_anc_5-2,0.001207,0.000000,0.000000,0.005220
Q_ind_242_anc_5-2,0.000921,0.000000,0.000000,0.013155
Q_ind_243_anc_5-2,0.000064,0.000000,0.000000,0.000665
Q_ind_244_anc_5-2,0.010696,0.000000,0.000000,0.107868
Q_ind_245_anc_5-2,0.000127,0.000000,0.000000,0.001277
Q_ind_1_anc_5-3,0.030779,0.000000,0.000000,0.161874
Q_ind_2_anc_5-3,0.001043,0.000000,0.000000,0.014112
Q_ind_3_anc_5-3,0.002014,0.000000,0.000000,0.026754
Q_ind_4_anc_5-3,0.000843,0.000000,0.000000,0.011202
Q_ind_5_anc_5-3,0.004130,0.000000,0.000000,0.090540
Q_ind_6_anc_5-3,0.000422,0.000000,0.000000,0.004023
Q_ind_7_anc_5-3,0.005662,0.000000,0.000000,0.080340
Q_ind_8_anc_5-3,0.000473,0.000000,0.000000,0.004201
Q_ind_9_anc_5-3,0.005429,0.000000,0.000000,0.067549
Q_ind_10_anc_5-3,0.000354,0.000000,0.000000,0.004130
Q_ind_11_anc_5-3,0.007738,0.000000,0.000000,0.071669
Q_ind_12_anc_5-3,0.000236,0.000000,0.000000,0.001521
Q_ind_13_anc_5-3,0.000253,0.000000,0.000000,0.002295
Q_ind_14_anc_5-3,0.000202,0.000000,0.000000,0.002289
Q_ind_15_anc_5-3,0.000379,0.000000,0.000000,0.004267
Q_ind_16_anc_5-3,0.000271,0.000000,0.000000,0.003274
Q_ind_17_anc_5-3,0.000186,0.000000,0.000000,0.001620
Q_ind_18_anc_5-3,0.000127,0.000000,0.000000,0.001276
Q_ind_19_anc_5-3,0.000096,0.000000,0.000000,0.000959
Q_ind_20_anc_5-3,0.000135,0.000000,0.000000,0.001091
Q_ind_21_anc_5-3,0.000145,0.000000,0.000000,0.001378
Q_ind_22_anc_5-3,0.000323,0.000000,0.000000,0.003867
Q_ind_23_anc_5-3,0.000148,0.000000,0.000000,0.001713
Q_ind_24_anc_5-3,0.000280,0.000000,0.000000,0.002924
Q_ind_25_anc_5-3,0.000092,0.000000,0.000000,0.000942
Q_ind_26_anc_5-3,0.000703,0.000000,0.000000,0.010763
Q_ind_27_anc_5-3,0.000175,0.000000,0.000000,0.001731
Q_ind_28_anc_5-3,0.001732,0.000000,0.000000,0.024866
Q_ind_29_anc_5-3,0.000249,0.000000,0.000000,0.002540
Q_ind_30_anc_5-3,0.000202,0.000000,0.000000,0.001548
Q_ind_31_anc_5-3,0.000610,0.000000,0.000000,0.008950
Q_ind_32_anc_5-3,0.000108,0.000000,0.000000,0.000986
Q_ind_33_anc_5-3,0.001476,0.000000,0.000000,0.020574
Q_ind_34_anc_5-3,0.000154,0.000000,0.000000,0.001432
Q_ind_35_anc_5-3,0.000335,0.000000,0.000000,0.003386
Q_ind_36_anc_5-3,0.000057,0.000000,0.000000,0.000571
Q_ind_37_anc_5-3,0.000729,0.000000,0.000000,0.011507
Q_ind_38_anc_5-3,0.000108,0.000000,0.000000,0.000939
Q_ind_39_anc_5-3,0.000215,0.000000,0.000000,0.002151
Q_ind_40_anc_5-3,0.001017,0.000000,0.000000,0.011070
Q_ind_41_anc_5-3,0.000204,0.000000,0.000000,0.002653
Q_ind_42_anc_5-3,0.000164,0.000000,0.000000,0.001488
Q_ind_43_anc_5-3,0.000498,0.000000,0.000000,0.007786
Q_ind_44_anc_5-3,0.000152,0.000000,0.000000,0.001654
Q_ind_45_anc_5-3,0.000126,0.000000,0.000000,0.001280
Q_ind_46_anc_5-3,0.000065,0.000000,0.000000,0.000614
Q_ind_47_anc_5-3,0.000180,0.000000,0.000000,0.001894
Q_ind_48_anc_5-3,0.000191,0.000000,0.000000,0.002390
Q_ind_49_anc_5-3,0.000090,0.000000,0.000000,0.000782
Q_ind_50_anc_5-3,0.000060,0.000000,0.000000,0.000479
Q_ind_51_anc_5-3,0.000140,0.000000,0.000000,0.001476
Q_ind_52_anc_5-3,0.000145,0.000000,0.000000,0.001833
Q_ind_53_anc_5-3,0.000081,0.000000,0.000000,0.000770
Q_ind_54_anc_5-3,0.000207,0.000000,0.000000,0.002324
Q_ind_55_anc_5-3,0.000144,0.000000,0.000000,0.001629
Q_ind_56_anc_5-3,0.000151,0.000000,0.000000,0.001484
Q_ind_57_anc_5-3,0.000116,0.000000,0.000000,0.000951
Q_ind_58_anc_5-3,0.000090,0.000000,0.000000,0.000742
Q_ind_59_anc_5-3,0.000308,0.000000,0.000000,0.003495
Q_ind_60_anc_5-3,0.000274,0.000000,0.000000,0.003194
Q_ind_61_anc_5-3,0.000172,0.000000,0.000000,0.001720
Q_ind_62_anc_5-3,0.000411,0.000000,0.000000,0.004519
Q_ind_63_anc_5-3,0.000229,0.000000,0.000000,0.002613
Q_ind_64_anc_5-3,0.000136,0.000000,0.000000,0.001195
Q_ind_65_anc_5-3,0.000121,0.000000,0.000000,0.000871
Q_ind_66_anc_5-3,0.000075,0.000000,0.000000,0.000617
Q_ind_67_anc_5-3,0.000083,0.000000,0.000000,0.000706
Q_ind_68_anc_5-3,0.000672,0.000000,0.000000,0.006896
Q_ind_69_anc_5-3,0.000471,0.000000,0.000000,0.007122
Q_ind_70_anc_5-3,0.000225,0.000000,0.000000,0.001887
Q_ind_71_anc_5-3,0.000311,0.000000,0.000000,0.003947
Q_ind_72_anc_5-3,0.000367,0.000000,0.000000,0.004923
Q_ind_73_anc_5-3,0.000241,0.000000,0.000000,0.003405
Q_ind_74_anc_5-3,0.000125,0.000000,0.000000,0.001318
Q_ind_75_anc_5-3,0.001422,0.000000,0.000000,0.017867
Q_ind_76_anc_5-3,0.000188,0.000000,0.000000,0.002111
Q_ind_77_anc_5-3,0.000865,0.000000,0.000000,0.010931
Q_ind_78_anc_5-3,0.000134,0.000000,0.000000,0.001182
Q_ind_79_anc_5-3,0.001568,0.000000,0.000000,0.025174
Q_ind_80_anc_5-3,0.011565,0.000000,0.000000,0.084261
Q_ind_81_anc_5-3,0.000208,0.000000,0.000000,0.002499
Q_ind_82_anc_5-3,0.000187,0.000000,0.000000,0.002123
Q_ind_83_anc_5-3,0.000185,0.000000,0.000000,0.002097
Q_ind_84_anc_5-3,0.000265,0.000000,0.000000,0.003087
Q_ind_85_anc_5-3,0.000820,0.000000,0.000000,0.008899
Q_ind_86_anc_5-3,0.000587,0.000000,0.000000,0.007459
Q_ind_87_anc_5-3,0.005400,0.000000,0.000000,0.079053
Q_ind_88_anc_5-3,0.000278,0.000000,0.000000,0.003279
Q_ind_89_anc_5-3,0.000136,0.000000,0.000000,0.001249
Q_ind_90_anc_5-3,0.000145,0.000000,0.000000,0.001118
Q_ind_91_anc_5-3,0.000417,0.000000,0.000000,0.003770
Q_ind_92_anc_5-3,0.000136,0.000000,0.000000,0.001460
Q_ind_93_anc_5-3,0.000175,0.000000,0.000000,0.001303
Q_ind_94_anc_5-3,0.000177,0.000000,0.000000,0.001600
Q_ind_95_anc_5-3,0.000445,0.000000,0.000000,0.005856
Q_ind_96_anc_5-3,0.000299,0.000000,0.000000,0.004063
Q_ind_97_anc_5-3,0.000836,0.000000,0.000000,0.011564
Q_ind_98_anc_5-3,0.000141,0.000000,0.000000,0.001140
Q_ind_99_anc_5-3,0.000095,0.000000,0.000000,0.000776
Q_ind_100_anc_5-3,0.000085,0.000000,0.000000,0.000821
Q_ind_101_anc_5-3,0.000064,0.000000,0.000000,0.000595
Q_ind_102_anc_5-3,0.000036,0.000000,0.000000,0.000357
Q_ind_103_anc_5-3,0.000082,0.000000,0.000000,0.000696
Q_ind_104_anc_5-3,0.000061,0.000000,0.000000,0.000653
Q_ind_105_anc_5-3,0.000158,0.000000,0.000000,0.001655
Q_ind_106_anc_5-3,0.000221,0.000000,0.000000,0.002345
Q_ind_107_anc_5-3,0.005014,0.000000,0.000000,0.070095
Q_ind_108_anc_5-3,0.001031,0.000000,0.000000,0.015057
Q_ind_109_anc_5-3,0.002062,0.000000,0.000000,0.037113
Q_ind_110_anc_5-3,0.003151,0.000000,0.000000,0.042122
Q_ind_111_anc_5-3,0.030354,0.000000,0.000000,0.158950
Q_ind_112_anc_5-3,0.000374,0.000000,0.000000,0.004946
Q_ind_113_anc_5-3,0.009502,0.000000,0.000000,0.103040
Q_ind_114_anc_5-3,0.001102,0.000000,0.000000,0.013961
Q_ind_115_anc_5-3,0.000192,0.000000,0.000000,0.001835
Q_ind_116_anc_5-3,0.000115,0.000000,0.000000,0.001302
Q_ind_117_anc_5-3,0.000182,0.000000,0.000000,0.002250
Q_ind_118_anc_5-3,0.000274,0.000000,0.000000,0.002765
Q_ind_119_anc_5-3,0.000275,0.000000,0.000000,0.002361
Q_ind_120_anc_5-3,0.000149,0.000000,0.000000,0.001442
Q_ind_121_anc_5-3,0.000177,0.000000,0.000000,0.002410
Q_ind_122_anc_5-3,0.000123,0.000000,0.000000,0.001308
Q_ind_123_anc_5-3,0.000087,0.000000,0.000000,0.000743
Q_ind_124_anc_5-3,0.000149,0.000000,0.000000,0.001394
Q_ind_125_anc_5-3,0.000474,0.000000,0.000000,0.005704
Q_ind_126_anc_5-3,0.000282,0.000000,0.000000,0.003028
Q_ind_127_anc_5-3,0.000125,0.000000,0.000000,0.000704
Q_ind_128_anc_5-3,0.000190,0.000000,0.000000,0.001693
Q_ind_129_anc_5-3,0.000200,0.000000,0.000000,0.002126
Q_ind_130_anc_5-3,0.000074,0.000000,0.000000,0.000647
Q_ind_131_anc_5-3,0.000483,0.000000,0.000000,0.005985
Q_ind_132_anc_5-3,0.000838,0.000000,0.000000,0.011898
Q_ind_133_anc_5-3,0.000896,0.000000,0.000000,0.005952
Q_ind_134_anc_5-3,0.000949,0.000000,0.000000,0.012586
Q_ind_135_anc_5-3,0.000420,0.000000,0.000000,0.005809
Q_ind_136_anc_5-3,0.000770,0.000000,0.000000,0.010787
Q_ind_137_anc_5-3,0.000500,0.000000,0.000000,0.005415
Q_ind_138_anc_5-3,0.000609,0.000000,0.000000,0.008836
Q_ind_139_anc_5-3,0.001874,0.000000,0.000000,0.027906
Q_ind_140_anc_5-3,0.000417,0.000000,0.000000,0.003660
Q_ind_141_anc_5-3,0.000712,0.000000,0.000000,0.007788
Q_ind_142_anc_5-3,0.000558,0.000000,0.000000,0.005793
Q_ind_143_anc_5-3,0.000186,0.000000,0.000000,0.001787
Q_ind_144_anc_5-3,0.000522,0.000000,0.000000,0.006666
Q_ind_145_anc_5-3,0.000058,0.000000,0.000000,0.000431
Q_ind_146_anc_5-3,0.000501,0.000000,0.000000,0.006288
Q_ind_147_anc_5-3,0.000102,0.000000,0.000000,0.000861
Q_ind_148_anc_5-3,0.000298,0.000000,0.000000,0.003792
Q_ind_149_anc_5-3,0.000129,0.000000,0.000000,0.001352
Q_ind_150_anc_5-3,0.000128,0.000000,0.000000,0.001270
Q_ind_151_anc_5-3,0.000163,0.000000,0.000000,0.001865
Q_ind_152_anc_5-3,0.000069,0.000000,0.000000,0.000638
Q_ind_153_anc_5-3,0.000149,0.000000,0.000000,0.001455
Q_ind_154_anc_5-3,0.000203,0.000000,0.000000,0.002591
Q_ind_155_anc_5-3,0.000143,0.000000,0.000000,0.001479
Q_ind_156_anc_5-3,0.000196,0.000000,0.000000,0.001406
Q_ind_157_anc_5-3,0.000131,0.000000,0.000000,0.001498
Q_ind_158_anc_5-3,0.000386,0.000000,0.000000,0.004239
Q_ind_159_anc_5-3,0.000201,0.000000,0.000000,0.001808
Q_ind_160_anc_5-3,0.000126,0.000000,0.000000,0.001216
Q_ind_161_anc_5-3,0.000125,0.000000,0.000000,0.001111
Q_ind_162_anc_5-3,0.000138,0.000000,0.000000,0.000898
Q_ind_163_anc_5-3,0.000179,0.000000,0.000000,0.001816
Q_ind_164_anc_5-3,0.000210,0.000000,0.000000,0.002275
Q_ind_165_anc_5-3,0.000512,0.000000,0.000000,0.006702
Q_ind_166_anc_5-3,0.007962,0.000000,0.000000,0.089088
Q_ind_167_anc_5-3,0.000200,0.000000,0.000000,0.002181
Q_ind_168_anc_5-3,0.000617,0.000000,0.000000,0.008343
Q_ind_169_anc_5-3,0.000306,0.000000,0.000000,0.003024
Q_ind_170_anc_5-3,0.000145,0.000000,0.000000,0.001122
Q_ind_171_anc_5-3,0.000440,0.000000,0.000000,0.004529
Q_ind_172_anc_5-3,0.000158,0.000000,0.000000,0.001060
Q_ind_173_anc_5-3,0.000208,0.000000,0.000000,0.002031
Q_ind_174_anc_5-3,0.000118,0.000000,0.000000,0.000704
Q_ind_175_anc_5-3,0.027003,0.016481,0.000000,0.089442
Q_ind_176_anc_5-3,0.000330,0.000000,0.000000,0.003299
Q_ind_177_anc_5-3,0.001173,0.000000,0.000000,0.014126
Q_ind_178_anc_5-3,0.000143,0.000000,0.000000,0.001225
Q_ind_179_anc_5-3,0.007046,0.000000,0.000000,0.068549
Q_ind_180_anc_5-3,0.000110,0.000000,0.000000,0.001067
Q_ind_181_anc_5-3,0.000353,0.000000,0.000000,0.002917
Q_ind_182_anc_5-3,0.000334,0.000000,0.000000,0.003783
Q_ind_183_anc_5-3,0.000594,0.000000,0.000000,0.007528
Q_ind_184_anc_5-3,0.000961,0.000000,0.000000,0.015245
Q_ind_185_anc_5-3,0.000185,0.000000,0.000000,0.001472
Q_ind_186_anc_5-3,0.000374,0.000000,0.000000,0.003270
Q_ind_187_anc_5-3,0.000302,0.000000,0.000000,0.003345
Q_ind_188_anc_5-3,0.000532,0.000000,0.000000,0.006983
Q_ind_189_anc_5-3,0.000455,0.000000,0.000000,0.005638
Q_ind_190_anc_5-3,0.000426,0.000000,0.000000,0.004015
Q_ind_191_anc_5-3,0.000763,0.000000,0.000000,0.012244
Q_ind_192_anc_5-3,0.000345,0.000000,0.000000,0.003661
Q_ind_193_anc_5-3,0.007652,0.000000,0.000000,0.087422
Q_ind_194_anc_5-3,0.000096,0.000000,0.000000,0.000708
Q_ind_195_anc_5-3,0.000223,0.000000,0.000000,0.001684
Q_ind_196_anc_5-3,0.000071,0.000000,0.000000,0.000502
Q_ind_197_anc_5-3,0.000070,0.000000,0.000000,0.000835
Q_ind_198_anc_5-3,0.000077,0.000000,0.000000,0.000508
Q_ind_199_anc_5-3,0.000421,0.000000,0.000000,0.004849
Q_ind_200_anc_5-3,0.000042,0.000000,0.000000,0.000335
Q_ind_201_anc_5-3,0.001599,0.000000,0.000000,0.026241
Q_ind_202_anc_5-3,0.000274,0.000000,0.000000,0.001913
Q_ind_203_anc_5-3,0.001128,0.000000,0.000000,0.015710
Q_ind_204_anc_5-3,0.000198,0.000000,0.000000,0.002063
Q_ind_205_anc_5-3,0.000752,0.000000,0.000000,0.009707
Q_ind_206_anc_5-3,0.000470,0.000000,0.000000,0.006375
Q_ind_207_anc_5-3,0.000235,0.000000,0.000000,0.002004
Q_ind_208_anc_5-3,0.000205,0.000000,0.000000,0.001578
Q_ind_209_anc_5-3,0.001107,0.000000,0.000000,0.016411
Q_ind_210_anc_5-3,0.000125,0.000000,0.000000,0.000948
Q_ind_211_anc_5-3,0.001685,0.000000,0.000000,0.026831
Q_ind_212_anc_5-3,0.000441,0.000000,0.000000,0.002988
Q_ind_213_anc_5-3,0.000295,0.000000,0.000000,0.003391
Q_ind_214_anc_5-3,0.000483,0.000000,0.000000,0.006618
Q_ind_215_anc_5-3,0.000306,0.000000,0.000000,0.003620
Q_ind_216_anc_5-3,0.000396,0.000000,0.000000,0.004485
Q_ind_217_anc_5-3,0.000284,0.000000,0.000000,0.003410
Q_ind_218_anc_5-3,0.000120,0.000000,0.000000,0.001250
Q_ind_219_anc_5-3,0.000223,0.000000,0.000000,0.001962
Q_ind_220_anc_5-3,0.000167,0.000000,0.000000,0.001880
Q_ind_221_anc_5-3,0.000131,0.000000,0.000000,0.001043
Q_ind_222_anc_5-3,0.000502,0.000000,0.000000,0.003788
Q_ind_223_anc_5-3,0.000188,0.000000,0.000000,0.001917
Q_ind_224_anc_5-3,0.001303,0.000000,0.000000,0.018245
Q_ind_225_anc_5-3,0.000393,0.000000,0.000000,0.004416
Q_ind_226_anc_5-3,0.000188,0.000000,0.000000,0.001838
Q_ind_227_anc_5-3,0.000203,0.000000,0.000000,0.001934
Q_ind_228_anc_5-3,0.000812,0.000000,0.000000,0.010961
Q_ind_229_anc_5-3,0.000161,0.000000,0.000000,0.001546
Q_ind_230_anc_5-3,0.000362,0.000000,0.000000,0.002583
Q_ind_231_anc_5-3,0.000105,0.000000,0.000000,0.000790
Q_ind_232_anc_5-3,0.001765,0.000000,0.000000,0.023608
Q_ind_233_anc_5-3,0.009838,0.000000,0.000000,0.076243
Q_ind_234_anc_5-3,0.000207,0.000000,0.000000,0.001735
Q_ind_235_anc_5-3,0.000134,0.000000,0.000000,0.001053
Q_ind_236_anc_5-3,0.000377,0.000000,0.000000,0.003341
Q_ind_237_anc_5-3,0.000216,0.000000,0.000000,0.002687
Q_ind_238_anc_5-3,0.000094,0.000000,0.000000,0.001143
Q_ind_239_anc_5-3,0.000571,0.000000,0.000000,0.006125
Q_ind_240_anc_5-3,0.000091,0.000000,0.000000,0.000870
Q_ind_241_anc_5-3,0.000171,0.000000,0.000000,0.001430
Q_ind_242_anc_5-3,0.000101,0.000000,0.000000,0.000576
Q_ind_243_anc_5-3,0.000088,0.000000,0.000000,0.000751
Q_ind_244_anc_5-3,0.000394,0.000000,0.000000,0.004778
Q_ind_245_anc_5-3,0.000085,0.000000,0.000000,0.000606
Q_ind_1_anc_5-4,0.000248,0.000000,0.000000,0.003022
Q_ind_2_anc_5-4,0.002356,0.000000,0.000000,0.028396
Q_ind_3_anc_5-4,0.000586,0.000000,0.000000,0.008711
Q_ind_4_anc_5-4,0.000206,0.000000,0.000000,0.002226
Q_ind_5_anc_5-4,0.007066,0.000000,0.000000,0.114168
Q_ind_6_anc_5-4,0.000367,0.000000,0.000000,0.005158
Q_ind_7_anc_5-4,0.000219,0.000000,0.000000,0.001885
Q_ind_8_anc_5-4,0.000333,0.000000,0.000000,0.004378
Q_ind_9_anc_5-4,0.000956,0.000000,0.000000,0.013892
Q_ind_10_anc_5-4,0.000323,0.000000,0.000000,0.004648
Q_ind_11_anc_5-4,0.000330,0.000000,0.000000,0.003418
Q_ind_12_anc_5-4,0.001094,0.000000,0.000000,0.016513
Q_ind_13_anc_5-4,0.076793,0.000003,0.000000,0.329769
Q_ind_14_anc_5-4,0.000243,0.000000,0.000000,0.002169
Q_ind_15_anc_5-4,0.098815,0.041789,0.000000,0.395617
Q_ind_16_anc_5-4,0.081096,0.000003,0.000000,0.402668
Q_ind_17_anc_5-4,0.132782,0.131852,0.000000,0.363112
Q_ind_18_anc_5-4,0.001456,0.000000,0.000000,0.018739
Q_ind_19_anc_5-4,0.074657,0.000000,0.000000,0.377160
Q_ind_20_anc_5-4,0.044184,0.000000,0.000000,0.300023
Q_ind_21_anc_5-4,0.000588,0.000000,0.000000,0.006733
Q_ind_22_anc_5-4,0.002521,0.000000,0.000000,0.039297
Q_ind_23_anc_5-4,0.000644,0.000000,0.000000,0.007293
Q_ind_24_anc_5-4,0.017365,0.000000,0.000000,0.181812
Q_ind_25_anc_5-4,0.027254,0.000000,0.000000,0.284294
Q_ind_26_anc_5-4,0.000234,0.000000,0.000000,0.002604
Q_ind_27_anc_5-4,0.000218,0.000000,0.000000,0.002206
Q_ind_28_anc_5-4,0.000876,0.000000,0.000000,0.012929
Q_ind_29_anc_5-4,0.007154,0.000000,0.000000,0.089536
Q_ind_30_anc_5-4,0.000336,0.000000,0.000000,0.003359
Q_ind_31_anc_5-4,0.000871,0.000000,0.000000,0.012975
Q_ind_32_anc_5-4,0.000457,0.000000,0.000000,0.004478
Q_ind_33_anc_5-4,0.000649,0.000000,0.000000,0.006553
Q_ind_34_anc_5-4,0.000101,0.000000,0.000000,0.000762
Q_ind_35_anc_5-4,0.000576,0.000000,0.000000,0.008193
Q_ind_36_anc_5-4,0.000072,0.000000,0.000000,0.000782
Q_ind_37_anc_5-4,0.001615,0.000000,0.000000,0.023489
Q_ind_38_anc_5-4,0.000178,0.000000,0.000000,0.001856
Q_ind_39_anc_5-4,0.003497,0.000000,0.000000,0.054039
Q_ind_40_anc_5-4,0.001613,0.000000,0.000000,0.024172
Q_ind_41_anc_5-4,0.000937,0.000000,0.000000,0.014538
Q_ind_42_anc_5-4,0.000120,0.000000,0.000000,0.000770
Q_ind_43_anc_5-4,0.000277,0.000000,0.000000,0.003572
Q_ind_44_anc_5-4,0.000262,0.000000,0.000000,0.003267
Q_ind_45_anc_5-4,0.000152,0.000000,0.000000,0.001632
Q_ind_46_anc_5-4,0.000099,0.000000,0.000000,0.000860
Q_ind_47_anc_5-4,0.000366,0.000000,0.000000,0.004229
Q_ind_48_anc_5-4,0.000416,0.000000,0.000000,0.004500
Q_ind_49_anc_5-4,0.000150,0.000000,0.000000,0.001337
Q_ind_50_anc_5-4,0.000159,0.000000,0.000000,0.001769
Q_ind_51_anc_5-4,0.005258,0.000000,0.000000,0.064581
Q_ind_52_anc_5-4,0.009959,0.000000,0.000000,0.081132
Q_ind_53_anc_5-4,0.000378,0.000000,0.000000,0.004023
Q_ind_54_anc_5-4,0.001697,0.000000,0.000000,0.027710
Q_ind_55_anc_5-4,0.001705,0.000000,0.000000,0.021042
Q_ind_56_anc_5-4,0.041082,0.038875,0.000000,0.112630
Q_ind_57_anc_5-4,0.000911,0.000000,0.000000,0.010726
Q_ind_58_anc_5-4,0.000980,0.000000,0.000000,0.012551
Q_ind_59_anc_5-4,0.002601,0.000000,0.000000,0.034754
Q_ind_60_anc_5-4,0.000866,0.000000,0.000000,0.010869
Q_ind_61_anc_5-4,0.003588,0.000000,0.000000,0.051323
Q_ind_62_anc_5-4,0.001437,0.000000,0.000000,0.025399
Q_ind_63_anc_5-4,0.000149,0.000000,0.000000,0.001363
Q_ind_64_anc_5-4,0.000075,0.000000,0.000000,0.000618
Q_ind_65_anc_5-4,0.000089,0.000000,0.000000,0.000992
Q_ind_66_anc_5-4,0.000141,0.000000,0.000000,0.001579
Q_ind_67_anc_5-4,0.000064,0.000000,0.000000,0.000576
Q_ind_68_anc_5-4,0.002684,0.000000,0.000000,0.038985
Q_ind_69_anc_5-4,0.000627,0.000000,0.000000,0.005999
Q_ind_70_anc_5-4,0.000086,0.000000,0.000000,0.000938
Q_ind_71_anc_5-4,0.000222,0.000000,0.000000,0.002070
Q_ind_72_anc_5-4,0.000511,0.000000,0.000000,0.005897
Q_ind_73_anc_5-4,0.000192,0.000000,0.000000,0.002200
Q_ind_74_anc_5-4,0.000332,0.000000,0.000000,0.003693
Q_ind_75_anc_5-4,0.002822,0.000000,0.000000,0.039366
Q_ind_76_anc_5-4,0.000236,0.000000,0.000000,0.001664
Q_ind_77_anc_5-4,0.000763,0.000000,0.000000,0.011120
Q_ind_78_anc_5-4,0.000282,0.000000,0.000000,0.003122
Q_ind_79_anc_5-4,0.000400,0.000000,0.000000,0.005083
Q_ind_80_anc_5-4,0.000627,0.000000,0.000000,0.008975
Q_ind_81_anc_5-4,0.000715,0.000000,0.000000,0.009390
Q_ind_82_anc_5-4,0.000721,0.000000,0.000000,0.005267
Q_ind_83_anc_5-4,0.000616,0.000000,0.000000,0.007589
Q_ind_84_anc_5-4,0.000315,0.000000,0.000000,0.001601
Q_ind_85_anc_5-4,0.000337,0.000000,0.000000,0.003471
Q_ind_86_anc_5-4,0.000176,0.000000,0.000000,0.002025
Q_ind_87_anc_5-4,0.000992,0.000000,0.000000,0.016513
Q_ind_88_anc_5-4,0.000225,0.000000,0.000000,0.002009
Q_ind_89_anc_5-4,0.000301,0.000000,0.000000,0.001859
Q_ind_90_anc_5-4,0.000619,0.000000,0.000000,0.008047
Q_ind_91_anc_5-4,0.000378,0.000000,0.000000,0.005094
Q_ind_92_anc_5-4,0.000215,0.000000,0.000000,0.002395
Q_ind_93_anc_5-4,0.000495,0.000000,0.000000,0.005263
Q_ind_94_anc_5-4,0.059659,0.000000,0.000000,0.256686
Q_ind_95_anc_5-4,0.000366,0.000000,0.000000,0.003491
Q_ind_96_anc_5-4,0.000243,0.000000,0.000000,0.002697
Q_ind_97_anc_5-4,0.000394,0.000000,0.000000,0.004616
Q_ind_98_anc_5-4,0.000100,0.000000,0.000000,0.000937
Q_ind_99_anc_5-4,0.000307,0.000000,0.000000,0.001798
Q_ind_100_anc_5-4,0.000596,0.000000,0.000000,0.007359
Q_ind_101_anc_5-4,0.000139,0.000000,0.000000,0.001219
Q_ind_102_anc_5-4,0.000045,0.000000,0.000000,0.000420
Q_ind_103_anc_5-4,0.000140,0.000000,0.000000,0.001636
Q_ind_104_anc_5-4,0.000099,0.000000,0.000000,0.000883
Q_ind_105_anc_5-4,0.000911,0.000000,0.000000,0.004995
Q_ind_106_anc_5-4,0.000706,0.000000,0.000000,0.007727
Q_ind_107_anc_5-4,0.029971,0.000000,0.000000,0.290141
Q_ind_108_anc_5-4,0.021367,0.000000,0.000000,0.199232
Q_ind_109_anc_5-4,0.006407,0.000000,0.000000,0.102249
Q_ind_110_anc_5-4,0.000740,0.000000,0.000000,0.008828
Q_ind_111_anc_5-4,0.016611,0.000000,0.000000,0.165702
Q_ind_112_anc_5-4,0.059016,0.000000,0.000000,0.337255
Q_ind_113_anc_5-4,0.000243,0.000000,0.000000,0.003157
Q_ind_114_anc_5-4,0.005298,0.000000,0.000000,0.067414
Q_ind_115_anc_5-4,0.000639,0.000000,0.000000,0.007909
Q_ind_116_anc_5-4,0.000446,0.000000,0.000000,0.004402
Q_ind_117_anc_5-4,0.000232,0.000000,0.000000,0.002701
Q_ind_118_anc_5-4,0.001515,0.000000,0.000000,0.024523
Q_ind_119_anc_5-4,0.000266,0.000000,0.000000,0.003313
Q_ind_120_anc_5-4,0.000126,0.000000,0.000000,0.001230
Q_ind_121_anc_5-4,0.000296,0.000000,0.000000,0.003649
Q_ind_122_anc_5-4,0.000119,0.000000,0.000000,0.001224
Q_ind_123_anc_5-4,0.000387,0.000000,0.000000,0.005019
Q_ind_124_anc_5-4,0.000125,0.000000,0.000000,0.001149
Q_ind_125_anc_5-4,0.021945,0.000000,0.000000,0.262201
Q_ind_126_anc_5-4,0.027578,0.000000,0.000000,0.235769
Q_ind_127_anc_5-4,0.017301,0.000000,0.000000,0.246517
Q_ind_128_anc_5-4,0.040115,0.000000,0.000000,0.276334
Q_ind_129_anc_5-4,0.029025,0.000000,0.000000,0.301041
Q_ind_130_anc_5-4,0.004289,0.000000,0.000000,0.074905
Q_ind_131_anc_5-4,0.006030,0.000000,0.000000,0.120188
Q_ind_132_anc_5-4,0.012675,0.000000,0.000000,0.111781
Q_ind_133_anc_5-4,0.008671,0.000000,0.000000,0.146539
Q_ind_134_anc_5-4,0.000336,0.000000,0.000000,0.001459
Q_ind_135_anc_5-4,0.000226,0.000000,0.000000,0.001619
Q_ind_136_anc_5-4,0.000473,0.000000,0.000000,0.005960
Q_ind_137_anc_5-4,0.000827,0.000000,0.000000,0.005238
Q_ind_138_anc_5-4,0.017706,0.000000,0.000000,0.181067
Q_ind_139_anc_5-4,0.000575,0.000000,0.000000,0.005113
Q_ind_140_anc_5-4,0.000154,0.000000,0.000000,0.001790
Q_ind_141_anc_5-4,0.000312,0.000000,0.000000,0.003386
Q_ind_142_anc_5-4,0.005530,0.000000,0.000000,0.075635
Q_ind_143_anc_5-4,0.000239,0.000000,0.000000,0.002547
Q_ind_144_anc_5-4,0.010994,0.000000,0.000000,0.137937
Q_ind_145_anc_5-4,0.000054,0.000000,0.000000,0.000540
Q_ind_146_anc_5-4,0.001577,0.000000,0.000000,0.021801
Q_ind_147_anc_5-4,0.000132,0.000000,0.000000,0.001201
Q_ind_148_anc_5-4,0.002568,0.000000,0.000000,0.033397
Q_ind_149_anc_5-4,0.000163,0.000000,0.000000,0.001840
Q_ind_150_anc_5-4,0.000065,0.000000,0.000000,0.000596
Q_ind_151_anc_5-4,0.000222,0.000000,0.000000,0.001780
Q_ind_152_anc_5-4,0.000132,0.000000,0.000000,0.001231
Q_ind_153_anc_5-4,0.000155,0.000000,0.000000,0.001851
Q_ind_154_anc_5-4,0.000485,0.000000,0.000000,0.006225
Q_ind_155_anc_5-4,0.000124,0.000000,0.000000,0.001003
Q_ind_156_anc_5-4,0.000219,0.000000,0.000000,0.002096
Q_ind_157_anc_5-4,0.000200,0.000000,0.000000,0.002210
Q_ind_158_anc_5-4,0.000932,0.000000,0.000000,0.014415
Q_ind_159_anc_5-4,0.000261,0.000000,0.000000,0.002520
Q_ind_160_anc_5-4,0.000161,0.000000,0.000000,0.001620
Q_ind_161_anc_5-4,0.000113,0.000000,0.000000,0.000741
Q_ind_162_anc_5-4,0.000259,0.000000,0.000000,0.001701
Q_ind_163_anc_5-4,0.000177,0.000000,0.000000,0.001566
Q_ind_164_anc_5-4,0.000305,0.000000,0.000000,0.003541
Q_ind_165_anc_5-4,0.000677,0.000000,0.000000,0.009591
Q_ind_166_anc_5-4,0.000335,0.000000,0.000000,0.003823
Q_ind_167_anc_5-4,0.000238,0.000000,0.000000,0.002140
Q_ind_168_anc_5-4,0.012402,0.000000,0.000000,0.176778
Q_ind_169_anc_5-4,0.009888,0.000000,0.000000,0.084019
Q_ind_170_anc_5-4,0.000258,0.000000,0.000000,0.003202
Q_ind_171_anc_5-4,0.000768,0.000000,0.000000,0.009712
Q_ind_172_anc_5-4,0.009874,0.000000,0.000000,0.181157
Q_ind_173_anc_5-4,0.000184,0.000000,0.000000,0.001637
Q_ind_174_anc_5-4,0.000139,0.000000,0.000000,0.001495
Q_ind_175_anc_5-4,0.042919,0.000000,0.000000,0.350810
Q_ind_176_anc_5-4,0.000659,0.000000,0.000000,0.008393
Q_ind_177_anc_5-4,0.006850,0.000000,0.000000,0.069613
Q_ind_178_anc_5-4,0.003109,0.000000,0.000000,0.043752
Q_ind_179_anc_5-4,0.001089,0.000000,0.000000,0.014918
Q_ind_180_anc_5-4,0.004576,0.000000,0.000000,0.062681
Q_ind_181_anc_5-4,0.000412,0.000000,0.000000,0.004283
Q_ind_182_anc_5-4,0.017216,0.000000,0.000000,0.085403
Q_ind_183_anc_5-4,0.002494,0.000000,0.000000,0.041509
Q_ind_184_anc_5-4,0.000323,0.000000,0.000000,0.003041
Q_ind_185_anc_5-4,0.001710,0.000000,0.000000,0.025522
Q_ind_186_anc_5-4,0.053240,0.000000,0.000000,0.345551
Q_ind_187_anc_5-4,0.019013,0.000000,0.000000,0.195206
Q_ind_188_anc_5-4,0.000323,0.000000,0.000000,0.003376
Q_ind_189_anc_5-4,0.002221,0.000000,0.000000,0.034719
Q_ind_190_anc_5-4,0.006914,0.000000,0.000000,0.102111
Q_ind_191_anc_5-4,0.048825,0.000000,0.000000,0.403396
Q_ind_192_anc_5-4,0.000105,0.000000,0.000000,0.001083
Q_ind_193_anc_5-4,0.000452,0.000000,0.000000,0.006471
Q_ind_194_anc_5-4,0.000032,0.000000,0.000000,0.000274
Q_ind_195_anc_5-4,0.000119,0.000000,0.000000,0.001266
Q_ind_196_anc_5-4,0.000030,0.000000,0.000000,0.000250
Q_ind_197_anc_5-4,0.000030,0.000000,0.000000,0.000291
Q_ind_198_anc_5-4,0.000030,0.000000,0.000000,0.000296
Q_ind_199_anc_5-4,0.000088,0.000000,0.000000,0.000737
Q_ind_200_anc_5-4,0.000049,0.000000,0.000000,0.000425
Q_ind_201_anc_5-4,0.023430,0.000000,0.000000,0.167510
Q_ind_202_anc_5-4,0.000086,0.000000,0.000000,0.000899
Q_ind_203_anc_5-4,0.000209,0.000000,0.000000,0.001899
Q_ind_204_anc_5-4,0.000220,0.000000,0.000000,0.002237
Q_ind_205_anc_5-4,0.000231,0.000000,0.000000,0.002072
Q_ind_206_anc_5-4,0.000159,0.000000,0.000000,0.001259
Q_ind_207_anc_5-4,0.001889,0.000000,0.000000,0.027677
Q_ind_208_anc_5-4,0.000264,0.000000,0.000000,0.002021
Q_ind_209_anc_5-4,0.000177,0.000000,0.000000,0.001419
Q_ind_210_anc_5-4,0.000228,0.000000,0.000000,0.002529
Q_ind_211_anc_5-4,0.000714,0.000000,0.000000,0.009907
Q_ind_212_anc_5-4,0.018764,0.000000,0.000000,0.160940
Q_ind_213_anc_5-4,0.161802,0.047759,0.000000,0.715625
Q_ind_214_anc_5-4,0.136330,0.029506,0.000000,0.713625
Q_ind_215_anc_5-4,0.124728,0.024584,0.000000,0.625928
Q_ind_216_anc_5-4,0.102189,0.000000,0.000000,0.793048
Q_ind_217_anc_5-4,0.153634,0.055245,0.000000,0.817777
Q_ind_218_anc_5-4,0.118141,0.000000,0.000000,0.765009
Q_ind_219_anc_5-4,0.150598,0.000000,0.000000,0.821685
Q_ind_220_anc_5-4,0.105657,0.000001,0.000000,0.605439
Q_ind_221_anc_5-4,0.157324,0.071174,0.000000,0.768426
Q_ind_222_anc_5-4,0.141906,0.000009,0.000000,0.784092
Q_ind_223_anc_5-4,0.008360,0.000000,0.000000,0.100699
Q_ind_224_anc_5-4,0.000172,0.000000,0.000000,0.001682
Q_ind_225_anc_5-4,0.000193,0.000000,0.000000,0.002263
Q_ind_226_anc_5-4,0.000212,0.000000,0.000000,0.001684
Q_ind_227_anc_5-4,0.000129,0.000000,0.000000,0.001029
Q_ind_228_anc_5-4,0.000445,0.000000,0.000000,0.004649
Q_ind_229_anc_5-4,0.000271,0.000000,0.000000,0.002380
Q_ind_230_anc_5-4,0.000205,0.000000,0.000000,0.001279
Q_ind_231_anc_5-4,0.000373,0.000000,0.000000,0.005726
Q_ind_232_anc_5-4,0.000680,0.000000,0.000000,0.008595
Q_ind_233_anc_5-4,0.000415,0.000000,0.000000,0.004232
Q_ind_234_anc_5-4,0.000182,0.000000,0.000000,0.002246
Q_ind_235_anc_5-4,0.000176,0.000000,0.000000,0.001995
Q_ind_236_anc_5-4,0.000402,0.000000,0.000000,0.004105
Q_ind_237_anc_5-4,0.003827,0.000000,0.000000,0.051269
Q_ind_238_anc_5-4,0.000246,0.000000,0.000000,0.002929
Q_ind_239_anc_5-4,0.000421,0.000000,0.000000,0.003781
Q_ind_240_anc_5-4,0.000340,0.000000,0.000000,0.003366
Q_ind_241_anc_5-4,0.000122,0.000000,0.000000,0.001308
Q_ind_242_anc_5-4,0.000427,0.000000,0.000000,0.004608
Q_ind_243_anc_5-4,0.000139,0.000000,0.000000,0.000970
Q_ind_244_anc_5-4,0.000170,0.000000,0.000000,0.001350
Q_ind_245_anc_5-4,0.000122,0.000000,0.000000,0.000893
Q_ind_1_anc_5-5,0.000133,0.000000,0.000000,0.001426
Q_ind_2_anc_5-5,0.000548,0.000000,0.000000,0.008122
Q_ind_3_anc_5-5,0.000768,0.000000,0.000000,0.012074
Q_ind_4_anc_5-5,0.000753,0.000000,0.000000,0.011006
Q_ind_5_anc_5-5,0.000098,0.000000,0.000000,0.000963
Q_ind_6_anc_5-5,0.000498,0.000000,0.000000,0.007922
Q_ind_7_anc_5-5,0.000750,0.000000,0.000000,0.011064
Q_ind_8_anc_5-5,0.000337,0.000000,0.000000,0.003954
Q_ind_9_anc_5-5,0.000957,0.000000,0.000000,0.016911
Q_ind_10_anc_5-5,0.000148,0.000000,0.000000,0.001683
Q_ind_11_anc_5-5,0.000896,0.000000,0.000000,0.013193
Q_ind_12_anc_5-5,0.000314,0.000000,0.000000,0.002979
Q_ind_13_anc_5-5,0.000131,0.000000,0.000000,0.001306
Q_ind_14_anc_5-5,0.000102,0.000000,0.000000,0.001152
Q_ind_15_anc_5-5,0.000584,0.000000,0.000000,0.006184
Q_ind_16_anc_5-5,0.000379,0.000000,0.000000,0.004708
Q_ind_17_anc_5-5,0.000144,0.000000,0.000000,0.001800
Q_ind_18_anc_5-5,0.000543,0.000000,0.000000,0.007689
Q_ind_19_anc_5-5,0.000100,0.000000,0.000000,0.000922
Q_ind_20_anc_5-5,0.000059,0.000000,0.000000,0.000404
Q_ind_21_anc_5-5,0.135005,0.123632,0.064344,0.303846
Q_ind_22_anc_5-5,0.185200,0.179317,0.118659,0.281594
Q_ind_23_anc_5-5,0.172060,0.165194,0.105629,0.304429
Q_ind_24_anc_5-5,0.034837,0.011672,0.000000,0.188042
Q_ind_25_anc_5-5,0.144557,0.124031,0.068046,0.423793
Q_ind_26_anc_5-5,0.222326,0.213304,0.159298,0.372946
Q_ind_27_anc_5-5,0.119408,0.109421,0.058412,0.251813
Q_ind_28_anc_5-5,0.142765,0.133973,0.080960,0.299343
Q_ind_29_anc_5-5,0.164397,0.154084,0.099277,0.305825
Q_ind_30_anc_5-5,0.116992,0.109942,0.061035,0.251647
Q_ind_31_anc_5-5,0.000192,0.000000,0.000000,0.002461
Q_ind_32_anc_5-5,0.000215,0.000000,0.000000,0.002553
Q_ind_33_anc_5-5,0.000129,0.000000,0.000000,0.001077
Q_ind_34_anc_5-5,0.000123,0.000000,0.000000,0.000933
Q_ind_35_anc_5-5,0.000080,0.000000,0.000000,0.000762
Q_ind_36_anc_5-5,0.000034,0.000000,0.000000,0.000300
Q_ind_37_anc_5-5,0.000118,0.000000,0.000000,0.000804
Q_ind_38_anc_5-5,0.000091,0.000000,0.000000,0.000804
Q_ind_39_anc_5-5,0.000053,0.000000,0.000000,0.000341
Q_ind_40_anc_5-5,0.000212,0.000000,0.000000,0.001809
Q_ind_41_anc_5-5,0.000079,0.000000,0.000000,0.000612
Q_ind_42_anc_5-5,0.000253,0.000000,0.000000,0.003122
Q_ind_43_anc_5-5,0.000279,0.000000,0.000000,0.003242
Q_ind_44_anc_5-5,0.000170,0.000000,0.000000,0.001269
Q_ind_45_anc_5-5,0.000256,0.000000,0.000000,0.002714
Q_ind_46_anc_5-5,0.000128,0.000000,0.000000,0.001334
Q_ind_47_anc_5-5,0.000095,0.000000,0.000000,0.000797
Q_ind_48_anc_5-5,0.000258,0.000000,0.000000,0.002316
Q_ind_49_anc_5-5,0.000226,0.000000,0.000000,0.002808
Q_ind_50_anc_5-5,0.000051,0.000000,0.000000,0.000522
Q_ind_51_anc_5-5,0.000118,0.000000,0.000000,0.001188
Q_ind_52_anc_5-5,0.000091,0.000000,0.000000,0.000905
Q_ind_53_anc_5-5,0.000131,0.000000,0.000000,0.001279
Q_ind_54_anc_5-5,0.000353,0.000000,0.000000,0.004535
Q_ind_55_anc_5-5,0.000156,0.000000,0.000000,0.001331
Q_ind_56_anc_5-5,0.000311,0.000000,0.000000,0.003154
Q_ind_57_anc_5-5,0.000136,0.000000,0.000000,0.001424
Q_ind_58_anc_5-5,0.000247,0.000000,0.000000,0.002325
Q_ind_59_anc_5-5,0.000593,0.000000,0.000000,0.007915
Q_ind_60_anc_5-5,0.000316,0.000000,0.000000,0.003398
Q_ind_61_anc_5-5,0.000122,0.000000,0.000000,0.001154
Q_ind_62_anc_5-5,0.000515,0.000000,0.000000,0.006603
Q_ind_63_anc_5-5,0.000196,0.000000,0.000000,0.002004
Q_ind_64_anc_5-5,0.000168,0.000000,0.000000,0.002050
Q_ind_65_anc_5-5,0.000063,0.000000,0.000000,0.000553
Q_ind_66_anc_5-5,0.000097,0.000000,0.000000,0.000785
Q_ind_67_anc_5-5,0.000063,0.000000,0.000000,0.000549
Q_ind_68_anc_5-5,0.000388,0.000000,0.000000,0.003243
Q_ind_69_anc_5-5,0.000095,0.000000,0.000000,0.001020
Q_ind_70_anc_5-5,0.000062,0.000000,0.000000,0.000519
Q_ind_71_anc_5-5,0.005459,0.000000,0.000000,0.051107
Q_ind_72_anc_5-5,0.000322,0.000000,0.000000,0.003354
Q_ind_73_anc_5-5,0.000283,0.000000,0.000000,0.003093
Q_ind_74_anc_5-5,0.000180,0.000000,0.000000,0.002069
Q_ind_75_anc_5-5,0.000131,0.000000,0.000000,0.001190
Q_ind_76_anc_5-5,0.014030,0.000000,0.000000,0.095205
Q_ind_77_anc_5-5,0.047026,0.051679,0.000000,0.117082
Q_ind_78_anc_5-5,0.067027,0.075640,0.000000,0.134424
Q_ind_79_anc_5-5,0.031680,0.027406,0.000000,0.102098
Q_ind_80_anc_5-5,0.044559,0.051670,0.000000,0.109289
Q_ind_81_anc_5-5,0.050890,0.056217,0.000000,0.110662
Q_ind_82_anc_5-5,0.095661,0.107070,0.000000,0.168885
Q_ind_83_anc_5-5,0.109831,0.107041,0.055008,0.173002
Q_ind_84_anc_5-5,0.043472,0.043018,0.000000,0.121930
Q_ind_85_anc_5-5,0.134633,0.135299,0.064192,0.199838
Q_ind_86_anc_5-5,0.047797,0.047805,0.000000,0.111227
Q_ind_87_anc_5-5,0.072662,0.075720,0.000000,0.144058
Q_ind_88_anc_5-5,0.000226,0.000000,0.000000,0.002080
Q_ind_89_anc_5-5,0.000136,0.000000,0.000000,0.001524
Q_ind_90_anc_5-5,0.000227,0.000000,0.000000,0.002363
Q_ind_91_anc_5-5,0.000088,0.000000,0.000000,0.000702
Q_ind_92_anc_5-5,0.000132,0.000000,0.000000,0.001422
Q_ind_93_anc_5-5,0.000721,0.000000,0.000000,0.007925
Q_ind_94_anc_5-5,0.000088,0.000000,0.000000,0.000767
Q_ind_95_anc_5-5,0.000199,0.000000,0.000000,0.002189
Q_ind_96_anc_5-5,0.000201,0.000000,0.000000,0.002445
Q_ind_97_anc_5-5,0.000161,0.000000,0.000000,0.001896
Q_ind_98_anc_5-5,0.000070,0.000000,0.000000,0.000677
Q_ind_99_anc_5-5,0.000042,0.000000,0.000000,0.000386
Q_ind_100_anc_5-5,0.000176,0.000000,0.000000,0.001560
Q_ind_101_anc_5-5,0.000087,0.000000,0.000000,0.000904
Q_ind_102_anc_5-5,0.000053,0.000000,0.000000,0.000490
Q_ind_103_anc_5-5,0.000051,0.000000,0.000000,0.000480
Q_ind_104_anc_5-5,0.000055,0.000000,0.000000,0.000480
Q_ind_105_anc_5-5,0.000056,0.000000,0.000000,0.000531
Q_ind_106_anc_5-5,0.000520,0.000000,0.000000,0.007300
Q_ind_107_anc_5-5,0.004440,0.000000,0.000000,0.069276
Q_ind_108_anc_5-5,0.001606,0.000000,0.000000,0.024050
Q_ind_109_anc_5-5,0.017913,0.000000,0.000000,0.158422
Q_ind_110_anc_5-5,0.004717,0.000000,0.000000,0.051078
Q_ind_111_anc_5-5,0.010945,0.000000,0.000000,0.119310
Q_ind_112_anc_5-5,0.000158,0.000000,0.000000,0.001316
Q_ind_113_anc_5-5,0.005670,0.000000,0.000000,0.079110
Q_ind_114_anc_5-5,0.063813,0.000065,0.000000,0.237606
Q_ind_115_anc_5-5,0.000394,0.000000,0.000000,0.005394
Q_ind_116_anc_5-5,0.000225,0.000000,0.000000,0.002244
Q_ind_117_anc_5-5,0.000556,0.000000,0.000000,0.007528
Q_ind_118_anc_5-5,0.000292,0.000000,0.000000,0.003367
Q_ind_119_anc_5-5,0.000315,0.000000,0.000000,0.003335
Q_ind_120_anc_5-5,0.000119,0.000000,0.000000,0.001359
Q_ind_121_anc_5-5,0.000272,0.000000,0.000000,0.002835
Q_ind_122_anc_5-5,0.000291,0.000000,0.000000,0.003384
Q_ind_123_anc_5-5,0.000264,0.000000,0.000000,0.003148
Q_ind_124_anc_5-5,0.000088,0.000000,0.000000,0.000789
Q_ind_125_anc_5-5,0.033588,0.022735,0.000000,0.109833
Q_ind_126_anc_5-5,0.014592,0.000000,0.000000,0.103461
Q_ind_127_anc_5-5,0.003468,0.000000,0.000000,0.039865
Q_ind_128_anc_5-5,0.105821,0.083443,0.034537,0.325145
Q_ind_129_anc_5-5,0.011678,0.000000,0.000000,0.085023
Q_ind_130_anc_5-5,0.091495,0.092312,0.000000,0.208001
Q_ind_131_anc_5-5,0.000165,0.000000,0.000000,0.001741
Q_ind_132_anc_5-5,0.000042,0.000000,0.000000,0.000386
Q_ind_133_anc_5-5,0.196688,0.175053,0.113199,0.622865
Q_ind_134_anc_5-5,0.104520,0.095575,0.019701,0.250742
Q_ind_135_anc_5-5,0.182311,0.166919,0.114978,0.386346
Q_ind_136_anc_5-5,0.138857,0.128204,0.070426,0.286492
Q_ind_137_anc_5-5,0.090763,0.089322,0.000000,0.197051
Q_ind_138_anc_5-5,0.000079,0.000000,0.000000,0.000733
Q_ind_139_anc_5-5,0.050918,0.054526,0.000000,0.116731
Q_ind_140_anc_5-5,0.121606,0.104507,0.053821,0.428411
Q_ind_141_anc_5-5,0.092693,0.093069,0.000000,0.177089
Q_ind_142_anc_5-5,0.000049,0.000000,0.000000,0.000407
Q_ind_143_anc_5-5,0.113909,0.108396,0.054716,0.198054
Q_ind_144_anc_5-5,0.131080,0.113267,0.068994,0.454845
Q_ind_145_anc_5-5,0.000080,0.000000,0.000000,0.000648
Q_ind_146_anc_5-5,0.002465,0.000000,0.000000,0.030204
Q_ind_147_anc_5-5,0.000179,0.000000,0.000000,0.002303
Q_ind_148_anc_5-5,0.011236,0.000210,0.000000,0.044716
Q_ind_149_anc_5-5,0.000113,0.000000,0.000000,0.001179
Q_ind_150_anc_5-5,0.000095,0.000000,0.000000,0.000805
Q_ind_151_anc_5-5,0.000100,0.000000,0.000000,0.000997
Q_ind_152_anc_5-5,0.000082,0.000000,0.000000,0.000847
Q_ind_153_anc_5-5,0.000070,0.000000,0.000000,0.000734
Q_ind_154_anc_5-5,0.000261,0.000000,0.000000,0.003457
Q_ind_155_anc_5-5,0.000064,0.000000,0.000000,0.000682
Q_ind_156_anc_5-5,0.000227,0.000000,0.000000,0.002742
Q_ind_157_anc_5-5,0.000117,0.000000,0.000000,0.001141
Q_ind_158_anc_5-5,0.000484,0.000000,0.000000,0.006752
Q_ind_159_anc_5-5,0.000178,0.000000,0.000000,0.002512
Q_ind_160_anc_5-5,0.000157,0.000000,0.000000,0.001558
Q_ind_161_anc_5-5,0.000053,0.000000,0.000000,0.000451
Q_ind_162_anc_5-5,0.000187,0.000000,0.000000,0.001852
Q_ind_163_anc_5-5,0.000202,0.000000,0.000000,0.002258
Q_ind_164_anc_5-5,0.000264,0.000000,0.000000,0.002822
Q_ind_165_anc_5-5,0.003530,0.000000,0.000000,0.043161
Q_ind_166_anc_5-5,0.049827,0.045725,0.000000,0.248504
Q_ind_167_anc_5-5,0.018878,0.000000,0.000000,0.253996
Q_ind_168_anc_5-5,0.000432,0.000000,0.000000,0.003518
Q_ind_169_anc_5-5,0.000061,0.000000,0.000000,0.000440
Q_ind_170_anc_5-5,0.172317,0.166958,0.092964,0.314199
Q_ind_171_anc_5-5,0.141166,0.130393,0.066273,0.342490
Q_ind_172_anc_5-5,0.192417,0.178311,0.126257,0.452599
Q_ind_173_anc_5-5,0.127602,0.121484,0.067082,0.244584
Q_ind_174_anc_5-5,0.196826,0.169977,0.121216,0.587269
Q_ind_175_anc_5-5,0.000904,0.000000,0.000000,0.001394
Q_ind_176_anc_5-5,0.000086,0.000000,0.000000,0.000779
Q_ind_177_anc_5-5,0.001874,0.000000,0.000000,0.026618
Q_ind_178_anc_5-5,0.010620,0.000000,0.000000,0.074355
Q_ind_179_anc_5-5,0.015144,0.000000,0.000000,0.093655
Q_ind_180_anc_5-5,0.066456,0.068433,0.000000,0.140911
Q_ind_181_anc_5-5,0.000293,0.000000,0.000000,0.002957
Q_ind_182_anc_5-5,0.016145,0.000000,0.000000,0.085237
Q_ind_183_anc_5-5,0.041977,0.045359,0.000000,0.110575
Q_ind_184_anc_5-5,0.001126,0.000000,0.000000,0.016591
Q_ind_185_anc_5-5,0.012416,0.000000,0.000000,0.150490
Q_ind_186_anc_5-5,0.000286,0.000000,0.000000,0.002668
Q_ind_187_anc_5-5,0.006409,0.000000,0.000000,0.093548
Q_ind_188_anc_5-5,0.000254,0.000000,0.000000,0.002847
Q_ind_189_anc_5-5,0.087211,0.049442,0.000000,0.385223
Q_ind_190_anc_5-5,0.000298,0.000000,0.000000,0.003354
Q_ind_191_anc_5-5,0.011091,0.000000,0.000000,0.150342
Q_ind_192_anc_5-5,0.000056,0.000000,0.000000,0.000478
Q_ind_193_anc_5-5,0.000154,0.000000,0.000000,0.001262
Q_ind_194_anc_5-5,0.000017,0.000000,0.000000,0.000123
Q_ind_195_anc_5-5,0.000096,0.000000,0.000000,0.001080
Q_ind_196_anc_5-5,0.000036,0.000000,0.000000,0.000324
Q_ind_197_anc_5-5,0.000030,0.000000,0.000000,0.000339
Q_ind_198_anc_5-5,0.000020,0.000000,0.000000,0.000161
Q_ind_199_anc_5-5,0.000090,0.000000,0.000000,0.001108
Q_ind_200_anc_5-5,0.000024,0.000000,0.000000,0.000245
Q_ind_201_anc_5-5,0.000049,0.000000,0.000000,0.000378
Q_ind_202_anc_5-5,0.000055,0.000000,0.000000,0.000474
Q_ind_203_anc_5-5,0.000074,0.000000,0.000000,0.000670
Q_ind_204_anc_5-5,0.000671,0.000000,0.000000,0.009247
Q_ind_205_anc_5-5,0.000213,0.000000,0.000000,0.002554
Q_ind_206_anc_5-5,0.000133,0.000000,0.000000,0.001261
Q_ind_207_anc_5-5,0.000238,0.000000,0.000000,0.002347
Q_ind_208_anc_5-5,0.000060,0.000000,0.000000,0.000524
Q_ind_209_anc_5-5,0.000161,0.000000,0.000000,0.001791
Q_ind_210_anc_5-5,0.000691,0.000000,0.000000,0.009771
Q_ind_211_anc_5-5,0.000978,0.000000,0.000000,0.013010
Q_ind_212_anc_5-5,0.000041,0.000000,0.000000,0.000288
Q_ind_213_anc_5-5,0.000389,0.000000,0.000000,0.004193
Q_ind_214_anc_5-5,0.000618,0.000000,0.000000,0.008099
Q_ind_215_anc_5-5,0.000262,0.000000,0.000000,0.003009
Q_ind_216_anc_5-5,0.000501,0.000000,0.000000,0.005157
Q_ind_217_anc_5-5,0.000564,0.000000,0.000000,0.006686
Q_ind_218_anc_5-5,0.000094,0.000000,0.000000,0.000787
Q_ind_219_anc_5-5,0.000666,0.000000,0.000000,0.009850
Q_ind_220_anc_5-5,0.000582,0.000000,0.000000,0.007439
Q_ind_221_anc_5-5,0.000567,0.000000,0.000000,0.006093
Q_ind_222_anc_5-5,0.000865,0.000000,0.000000,0.012900
Q_ind_223_anc_5-5,0.000062,0.000000,0.000000,0.000480
Q_ind_224_anc_5-5,0.000045,0.000000,0.000000,0.000300
Q_ind_225_anc_5-5,0.000167,0.000000,0.000000,0.001793
Q_ind_226_anc_5-5,0.000082,0.000000,0.000000,0.000756
Q_ind_227_anc_5-5,0.000109,0.000000,0.000000,0.000971
Q_ind_228_anc_5-5,0.000585,0.000000,0.000000,0.008606
Q_ind_229_anc_5-5,0.000167,0.000000,0.000000,0.001640
Q_ind_230_anc_5-5,0.001757,0.000000,0.000000,0.024405
Q_ind_231_anc_5-5,0.000045,0.000000,0.000000,0.000315
Q_ind_232_anc_5-5,0.000242,0.000000,0.000000,0.002650
Q_ind_233_anc_5-5,0.000152,0.000000,0.000000,0.001681
Q_ind_234_anc_5-5,0.000543,0.000000,0.000000,0.005634
Q_ind_235_anc_5-5,0.000169,0.000000,0.000000,0.001813
Q_ind_236_anc_5-5,0.000215,0.000000,0.000000,0.002187
Q_ind_237_anc_5-5,0.000463,0.000000,0.000000,0.004998
Q_ind_238_anc_5-5,0.000067,0.000000,0.000000,0.000630
Q_ind_239_anc_5-5,0.000221,0.000000,0.000000,0.002318
Q_ind_240_anc_5-5,0.000183,0.000000,0.000000,0.002016
Q_ind_241_anc_5-5,0.000152,0.000000,0.000000,0.001158
Q_ind_242_anc_5-5,0.000391,0.000000,0.000000,0.004838
Q_ind_243_anc_5-5,0.000072,0.000000,0.000000,0.000732
Q_ind_244_anc_5-5,0.004191,0.000000,0.000000,0.052448
Q_ind_245_anc_5-5,0.000049,0.000000,0.000000,0.000428
Q_ind_1_anc_6-1,0.000124,0.000000,0.000000,0.001059
Q_ind_2_anc_6-1,0.000184,0.000000,0.000000,0.001984
Q_ind_3_anc_6-1,0.000520,0.000000,0.000000,0.007810
Q_ind_4_anc_6-1,0.000346,0.000000,0.000000,0.003882
Q_ind_5_anc_6-1,0.000080,0.000000,0.000000,0.000845
Q_ind_6_anc_6-1,0.000133,0.000000,0.000000,0.001299
Q_ind_7_anc_6-1,0.001251,0.000000,0.000000,0.018279
Q_ind_8_anc_6-1,0.000463,0.000000,0.000000,0.004995
Q_ind_9_anc_6-1,0.000122,0.000000,0.000000,0.001067
Q_ind_10_anc_6-1,0.000157,0.000000,0.000000,0.001299
Q_ind_11_anc_6-1,0.000419,0.000000,0.000000,0.004778
Q_ind_12_anc_6-1,0.000373,0.000000,0.000000,0.005204
Q_ind_13_anc_6-1,0.000200,0.000000,0.000000,0.002182
Q_ind_14_anc_6-1,0.000414,0.000000,0.000000,0.003111
Q_ind_15_anc_6-1,0.000117,0.000000,0.000000,0.001338
Q_ind_16_anc_6-1,0.000226,0.000000,0.000000,0.001753
Q_ind_17_anc_6-1,0.000414,0.000000,0.000000,0.004212
Q_ind_18_anc_6-1,0.001053,0.000000,0.000000,0.016026
Q_ind_19_anc_6-1,0.000149,0.000000,0.000000,0.001877
Q_ind_20_anc_6-1,0.000202,0.000000,0.000000,0.001526
Q_ind_21_anc_6-1,0.000531,0.000000,0.000000,0.006248
Q_ind_22_anc_6-1,0.000176,0.000000,0.000000,0.001929
Q_ind_23_anc_6-1,0.000374,0.000000,0.000000,0.002653
Q_ind_24_anc_6-1,0.000350,0.000000,0.000000,0.004207
Q_ind_25_anc_6-1,0.000411,0.000000,0.000000,0.003442
Q_ind_26_anc_6-1,0.000300,0.000000,0.000000,0.003434
Q_ind_27_anc_6-1,0.002010,0.000000,0.000000,0.033392
Q_ind_28_anc_6-1,0.000481,0.000000,0.000000,0.005730
Q_ind_29_anc_6-1,0.000799,0.000000,0.000000,0.008808
Q_ind_30_anc_6-1,0.000501,0.000000,0.000000,0.004355
Q_ind_31_anc_6-1,0.000177,0.000000,0.000000,0.002124
Q_ind_32_anc_6-1,0.000249,0.000000,0.000000,0.001698
Q_ind_33_anc_6-1,0.000447,0.000000,0.000000,0.003662
Q_ind_34_anc_6-1,0.000169,0.000000,0.000000,0.002131
Q_ind_35_anc_6-1,0.000226,0.000000,0.000000,0.002769
Q_ind_36_anc_6-1,0.000094,0.000000,0.000000,0.001032
Q_ind_37_anc_6-1,0.000162,0.000000,0.000000,0.001292
Q_ind_38_anc_6-1,0.000111,0.000000,0.000000,0.001256
Q_ind_39_anc_6-1,0.000306,0.000000,0.000000,0.003456
Q_ind_40_anc_6-1,0.001482,0.000000,0.000000,0.020068
Q_ind_41_anc_6-1,0.000510,0.000000,0.000000,0.006140
Q_ind_42_anc_6-1,0.000335,0.000000,0.000000,0.002312
Q_ind_43_anc_6-1,0.002503,0.000000,0.000000,0.040848
Q_ind_44_anc_6-1,0.002774,0.000000,0.000000,0.042583
Q_ind_45_anc_6-1,0.002053,0.000000,0.000000,0.031296
Q_ind_46_anc_6-1,0.000364,0.000000,0.000000,0.004476
Q_ind_47_anc_6-1,0.000728,0.000000,0.000000,0.007175
Q_ind_48_anc_6-1,0.000446,0.000000,0.000000,0.004719
Q_ind_49_anc_6-1,0.000822,0.000000,0.000000,0.012660
Q_ind_50_anc_6-1,0.000249,0.000000,0.000000,0.002907
Q_ind_51_anc_6-1,0.000488,0.000000,0.000000,0.005263
Q_ind_52_anc_6-1,0.000227,0.000000,0.000000,0.002269
Q_ind_53_anc_6-1,0.000225,0.000000,0.000000,0.002326
Q_ind_54_anc_6-1,0.000708,0.000000,0.000000,0.010223
Q_ind_55_anc_6-1,0.000261,0.000000,0.000000,0.002631
Q_ind_56_anc_6-1,0.002538,0.000000,0.000000,0.036158
Q_ind_57_anc_6-1,0.000566,0.000000,0.000000,0.004120
Q_ind_58_anc_6-1,0.000144,0.000000,0.000000,0.001313
Q_ind_59_anc_6-1,0.001606,0.000000,0.000000,0.026165
Q_ind_60_anc_6-1,0.000644,0.000000,0.000000,0.007162
Q_ind_61_anc_6-1,0.001078,0.000000,0.000000,0.015311
Q_ind_62_anc_6-1,0.002505,0.000000,0.000000,0.037700
Q_ind_63_anc_6-1,0.000060,0.000000,0.000000,0.000610
Q_ind_64_anc_6-1,0.000070,0.000000,0.000000,0.000685
Q_ind_65_anc_6-1,0.000069,0.000000,0.000000,0.000445
Q_ind_66_anc_6-1,0.000089,0.000000,0.000000,0.000685
Q_ind_67_anc_6-1,0.000157,0.000000,0.000000,0.001465
Q_ind_68_anc_6-1,0.002456,0.000000,0.000000,0.030673
Q_ind_69_anc_6-1,0.049002,0.000368,0.000000,0.186187
Q_ind_70_anc_6-1,0.005414,0.000000,0.000000,0.075056
Q_ind_71_anc_6-1,0.000497,0.000000,0.000000,0.006887
Q_ind_72_anc_6-1,0.000455,0.000000,0.000000,0.004552
Q_ind_73_anc_6-1,0.004365,0.000000,0.000000,0.060614
Q_ind_74_anc_6-1,0.000743,0.000000,0.000000,0.006658
Q_ind_75_anc_6-1,0.000205,0.000000,0.000000,0.002384
Q_ind_76_anc_6-1,0.001046,0.000000,0.000000,0.014420
Q_ind_77_anc_6-1,0.000816,0.000000,0.000000,0.011172
Q_ind_78_anc_6-1,0.000323,0.000000,0.000000,0.003708
Q_ind_79_anc_6-1,0.000355,0.000000,0.000000,0.004355
Q_ind_80_anc_6-1,0.000707,0.000000,0.000000,0.010336
Q_ind_81_anc_6-1,0.000254,0.000000,0.000000,0.003305
Q_ind_82_anc_6-1,0.000212,0.000000,0.000000,0.002663
Q_ind_83_anc_6-1,0.000697,0.000000,0.000000,0.009650
Q_ind_84_anc_6-1,0.000321,0.000000,0.000000,0.002739
Q_ind_85_anc_6-1,0.000128,0.000000,0.000000,0.001052
Q_ind_86_anc_6-1,0.000380,0.000000,0.000000,0.003483
Q_ind_87_anc_6-1,0.000161,0.000000,0.000000,0.001899
Q_ind_88_anc_6-1,0.000733,0.000000,0.000000,0.009436
Q_ind_89_anc_6-1,0.000241,0.000000,0.000000,0.002140
Q_ind_90_anc_6-1,0.000284,0.000000,0.000000,0.002455
Q_ind_91_anc_6-1,0.000192,0.000000,0.000000,0.001725
Q_ind_92_anc_6-1,0.003343,0.000000,0.000000,0.046067
Q_ind_93_anc_6-1,0.000411,0.000000,0.000000,0.003106
Q_ind_94_anc_6-1,0.004318,0.000000,0.000000,0.061764
Q_ind_95_anc_6-1,0.000156,0.000000,0.000000,0.001320
Q_ind_96_anc_6-1,0.000267,0.000000,0.000000,0.003581
Q_ind_97_anc_6-1,0.000411,0.000000,0.000000,0.005038
Q_ind_98_anc_6-1,0.000669,0.000000,0.000000,0.007811
Q_ind_99_anc_6-1,0.001031,0.000000,0.000000,0.008042
Q_ind_100_anc_6-1,0.000318,0.000000,0.000000,0.003354
Q_ind_101_anc_6-1,0.000157,0.000000,0.000000,0.001301
Q_ind_102_anc_6-1,0.000072,0.000000,0.000000,0.000565
Q_ind_103_anc_6-1,0.000925,0.000000,0.000000,0.013654
Q_ind_104_anc_6-1,0.000139,0.000000,0.000000,0.001342
Q_ind_105_anc_6-1,0.001026,0.000000,0.000000,0.014699
Q_ind_106_anc_6-1,0.000263,0.000000,0.000000,0.003047
Q_ind_107_anc_6-1,0.002077,0.000000,0.000000,0.030541
Q_ind_108_anc_6-1,0.000816,0.000000,0.000000,0.011192
Q_ind_109_anc_6-1,0.033430,0.000000,0.000000,0.211832
Q_ind_110_anc_6-1,0.010804,0.000000,0.000000,0.092878
Q_ind_111_anc_6-1,0.001736,0.000000,0.000000,0.026044
Q_ind_112_anc_6-1,0.002869,0.000000,0.000000,0.048435
Q_ind_113_anc_6-1,0.029880,0.000000,0.000000,0.225386
Q_ind_114_anc_6-1,0.017036,0.000000,0.000000,0.156484
Q_ind_115_anc_6-1,0.001144,0.000000,0.000000,0.017512
Q_ind_116_anc_6-1,0.000205,0.000000,0.000000,0.002063
Q_ind_117_anc_6-1,0.000266,0.000000,0.000000,0.002575
Q_ind_118_anc_6-1,0.001848,0.000000,0.000000,0.025424
Q_ind_119_anc_6-1,0.000656,0.000000,0.000000,0.006053
Q_ind_120_anc_6-1,0.000102,0.000000,0.000000,0.001077
Q_ind_121_anc_6-1,0.001535,0.000000,0.000000,0.021719
Q_ind_122_anc_6-1,0.000138,0.000000,0.000000,0.001509
Q_ind_123_anc_6-1,0.000203,0.000000,0.000000,0.002074
Q_ind_124_anc_6-1,0.000597,0.000000,0.000000,0.007116
Q_ind_125_anc_6-1,0.000244,0.000000,0.000000,0.003150
Q_ind_126_anc_6-1,0.000782,0.000000,0.000000,0.008683
Q_ind_127_anc_6-1,0.000233,0.000000,0.000000,0.002327
Q_ind_128_anc_6-1,0.000204,0.000000,0.000000,0.002502
Q_ind_129_anc_6-1,0.000443,0.000000,0.000000,0.005675
Q_ind_130_anc_6-1,0.000229,0.000000,0.000000,0.002196
Q_ind_131_anc_6-1,0.000188,0.000000,0.000000,0.001583
Q_ind_132_anc_6-1,0.000041,0.000000,0.000000,0.000424
Q_ind_133_anc_6-1,0.000883,0.000000,0.000000,0.010001
Q_ind_134_anc_6-1,0.000218,0.000000,0.000000,0.001852
Q_ind_135_anc_6-1,0.007006,0.000000,0.000000,0.074758
Q_ind_136_anc_6-1,0.001696,0.000000,0.000000,0.019201
Q_ind_137_anc_6-1,0.008299,0.000000,0.000000,0.099760
Q_ind_138_anc_6-1,0.000076,0.000000,0.000000,0.000781
Q_ind_139_anc_6-1,0.000188,0.000000,0.000000,0.001934
Q_ind_140_anc_6-1,0.005980,0.000000,0.000000,0.060103
Q_ind_141_anc_6-1,0.007072,0.000000,0.000000,0.102732
Q_ind_142_anc_6-1,0.000069,0.000000,0.000000,0.000694
Q_ind_143_anc_6-1,0.000272,0.000000,0.000000,0.002760
Q_ind_144_anc_6-1,0.000801,0.000000,0.000000,0.010322
Q_ind_145_anc_6-1,0.000035,0.000000,0.000000,0.000393
Q_ind_146_anc_6-1,0.000234,0.000000,0.000000,0.002702
Q_ind_147_anc_6-1,0.000095,0.000000,0.000000,0.000839
Q_ind_148_anc_6-1,0.000178,0.000000,0.000000,0.001414
Q_ind_149_anc_6-1,0.000452,0.000000,0.000000,0.006344
Q_ind_150_anc_6-1,0.000205,0.000000,0.000000,0.002138
Q_ind_151_anc_6-1,0.000275,0.000000,0.000000,0.003327
Q_ind_152_anc_6-1,0.000131,0.000000,0.000000,0.001397
Q_ind_153_anc_6-1,0.000205,0.000000,0.000000,0.002044
Q_ind_154_anc_6-1,0.000202,0.000000,0.000000,0.002113
Q_ind_155_anc_6-1,0.000190,0.000000,0.000000,0.001997
Q_ind_156_anc_6-1,0.000087,0.000000,0.000000,0.000877
Q_ind_157_anc_6-1,0.000229,0.000000,0.000000,0.001689
Q_ind_158_anc_6-1,0.000107,0.000000,0.000000,0.001038
Q_ind_159_anc_6-1,0.000277,0.000000,0.000000,0.003366
Q_ind_160_anc_6-1,0.000092,0.000000,0.000000,0.000870
Q_ind_161_anc_6-1,0.000361,0.000000,0.000000,0.004785
Q_ind_162_anc_6-1,0.000102,0.000000,0.000000,0.000960
Q_ind_163_anc_6-1,0.000106,0.000000,0.000000,0.000760
Q_ind_164_anc_6-1,0.000060,0.000000,0.000000,0.000560
Q_ind_165_anc_6-1,0.004328,0.000000,0.000000,0.049291
Q_ind_166_anc_6-1,0.000578,0.000000,0.000000,0.009029
Q_ind_167_anc_6-1,0.001289,0.000000,0.000000,0.018680
Q_ind_168_anc_6-1,0.000347,0.000000,0.000000,0.002591
Q_ind_169_anc_6-1,0.000171,0.000000,0.000000,0.001674
Q_ind_170_anc_6-1,0.001017,0.000000,0.000000,0.015353
Q_ind_171_anc_6-1,0.000214,0.000000,0.000000,0.002489
Q_ind_172_anc_6-1,0.008258,0.000000,0.000000,0.087906
Q_ind_173_anc_6-1,0.001740,0.000000,0.000000,0.024083
Q_ind_174_anc_6-1,0.000651,0.000000,0.000000,0.008857
Q_ind_175_anc_6-1,0.000175,0.000000,0.000000,0.001986
Q_ind_176_anc_6-1,0.000143,0.000000,0.000000,0.001349
Q_ind_177_anc_6-1,0.000125,0.000000,0.000000,0.001600
Q_ind_178_anc_6-1,0.000185,0.000000,0.000000,0.001702
Q_ind_179_anc_6-1,0.000090,0.000000,0.000000,0.000882
Q_ind_180_anc_6-1,0.000129,0.000000,0.000000,0.001483
Q_ind_181_anc_6-1,0.000296,0.000000,0.000000,0.003021
Q_ind_182_anc_6-1,0.000157,0.000000,0.000000,0.000994
Q_ind_183_anc_6-1,0.000177,0.000000,0.000000,0.001549
Q_ind_184_anc_6-1,0.000363,0.000000,0.000000,0.002389
Q_ind_185_anc_6-1,0.117084,0.118299,0.000000,0.345200
Q_ind_186_anc_6-1,0.000376,0.000000,0.000000,0.003469
Q_ind_187_anc_6-1,0.000374,0.000000,0.000000,0.003335
Q_ind_188_anc_6-1,0.000383,0.000000,0.000000,0.002768
Q_ind_189_anc_6-1,0.000939,0.000000,0.000000,0.009996
Q_ind_190_anc_6-1,0.013630,0.000000,0.000000,0.106605
Q_ind_191_anc_6-1,0.000254,0.000000,0.000000,0.002070
Q_ind_192_anc_6-1,0.000240,0.000000,0.000000,0.002518
Q_ind_193_anc_6-1,0.000156,0.000000,0.000000,0.001669
Q_ind_194_anc_6-1,0.000025,0.000000,0.000000,0.000194
Q_ind_195_anc_6-1,0.000116,0.000000,0.000000,0.000926
Q_ind_196_anc_6-1,0.000060,0.000000,0.000000,0.000633
Q_ind_197_anc_6-1,0.000059,0.000000,0.000000,0.000698
Q_ind_198_anc_6-1,0.000049,0.000000,0.000000,0.000354
Q_ind_199_anc_6-1,0.000216,0.000000,0.000000,0.001849
Q_ind_200_anc_6-1,0.000115,0.000000,0.000000,0.001083
Q_ind_201_anc_6-1,0.000075,0.000000,0.000000,0.000607
Q_ind_202_anc_6-1,0.000084,0.000000,0.000000,0.000735
Q_ind_203_anc_6-1,0.000213,0.000000,0.000000,0.002673
Q_ind_204_anc_6-1,0.000396,0.000000,0.000000,0.004735
Q_ind_205_anc_6-1,0.001081,0.000000,0.000000,0.014165
Q_ind_206_anc_6-1,0.000305,0.000000,0.000000,0.002612
Q_ind_207_anc_6-1,0.001123,0.000000,0.000000,0.014808
Q_ind_208_anc_6-1,0.000117,0.000000,0.000000,0.001116
Q_ind_209_anc_6-1,0.000161,0.000000,0.000000,0.001722
Q_ind_210_anc_6-1,0.000397,0.000000,0.000000,0.003700
Q_ind_211_anc_6-1,0.000339,0.000000,0.000000,0.003093
Q_ind_212_anc_6-1,0.000156,0.000000,0.000000,0.001572
Q_ind_213_anc_6-1,0.005250,0.000000,0.000000,0.056938
Q_ind_214_anc_6-1,0.001397,0.000000,0.000000,0.020821
Q_ind_215_anc_6-1,0.000402,0.000000,0.000000,0.004164
Q_ind_216_anc_6-1,0.009507,0.000000,0.000000,0.098102
Q_ind_217_anc_6-1,0.000677,0.000000,0.000000,0.009689
Q_ind_218_anc_6-1,0.000122,0.000000,0.000000,0.001022
Q_ind_219_anc_6-1,0.002675,0.000000,0.000000,0.049679
Q_ind_220_anc_6-1,0.001129,0.000000,0.000000,0.016992
Q_ind_221_anc_6-1,0.000431,0.000000,0.000000,0.004328
Q_ind_222_anc_6-1,0.000921,0.000000,0.000000,0.009830
Q_ind_223_anc_6-1,0.000206,0.000000,0.000000,0.001901
Q_ind_224_anc_6-1,0.000110,0.000000,0.000000,0.000822
Q_ind_225_anc_6-1,0.001190,0.000000,0.000000,0.017652
Q_ind_226_anc_6-1,0.000353,0.000000,0.000000,0.004355
Q_ind_227_anc_6-1,0.017738,0.000000,0.000000,0.133745
Q_ind_228_anc_6-1,0.000307,0.000000,0.000000,0.002830
Q_ind_229_anc_6-1,0.002519,0.000000,0.000000,0.030619
Q_ind_230_anc_6-1,0.000943,0.000000,0.000000,0.015352
Q_ind_231_anc_6-1,0.000186,0.000000,0.000000,0.002012
Q_ind_232_anc_6-1,0.000250,0.000000,0.000000,0.002249
Q_ind_233_anc_6-1,0.001221,0.000000,0.000000,0.018680
Q_ind_234_anc_6-1,0.013203,0.000000,0.000000,0.117541
Q_ind_235_anc_6-1,0.001285,0.000000,0.000000,0.018211
Q_ind_236_anc_6-1,0.001294,0.000000,0.000000,0.017518
Q_ind_237_anc_6-1,0.010850,0.000000,0.000000,0.128521
Q_ind_238_anc_6-1,0.017952,0.000000,0.000000,0.165086
Q_ind_239_anc_6-1,0.025867,0.000000,0.000000,0.184658
Q_ind_240_anc_6-1,0.040376,0.000073,0.000000,0.153607
Q_ind_241_anc_6-1,0.001779,0.000000,0.000000,0.022173
Q_ind_242_anc_6-1,0.003494,0.000000,0.000000,0.046196
Q_ind_243_anc_6-1,0.034738,0.000003,0.000000,0.158320
Q_ind_244_anc_6-1,0.001024,0.000000,0.000000,0.013427
Q_ind_245_anc_6-1,0.001492,0.000000,0.000000,0.020620
Q_ind_1_anc_6-2,0.000115,0.000000,0.000000,0.001085
Q_ind_2_anc_6-2,0.000145,0.000000,0.000000,0.001356
Q_ind_3_anc_6-2,0.000487,0.000000,0.000000,0.006983
Q_ind_4_anc_6-2,0.000199,0.000000,0.000000,0.002196
Q_ind_5_anc_6-2,0.000174,0.000000,0.000000,0.001946
Q_ind_6_anc_6-2,0.000179,0.000000,0.000000,0.002009
Q_ind_7_anc_6-2,0.000310,0.000000,0.000000,0.003137
Q_ind_8_anc_6-2,0.000229,0.000000,0.000000,0.002941
Q_ind_9_anc_6-2,0.000142,0.000000,0.000000,0.001167
Q_ind_10_anc_6-2,0.000061,0.000000,0.000000,0.000745
Q_ind_11_anc_6-2,0.000435,0.000000,0.000000,0.005778
Q_ind_12_anc_6-2,0.000101,0.000000,0.000000,0.000905
Q_ind_13_anc_6-2,0.002039,0.000000,0.000000,0.030171
Q_ind_14_anc_6-2,0.000665,0.000000,0.000000,0.008678
Q_ind_15_anc_6-2,0.001540,0.000000,0.000000,0.022537
Q_ind_16_anc_6-2,0.001827,0.000000,0.000000,0.028260
Q_ind_17_anc_6-2,0.004400,0.000000,0.000000,0.058119
Q_ind_18_anc_6-2,0.000597,0.000000,0.000000,0.004162
Q_ind_19_anc_6-2,0.001346,0.000000,0.000000,0.019995
Q_ind_20_anc_6-2,0.001031,0.000000,0.000000,0.013745
Q_ind_21_anc_6-2,0.003343,0.000000,0.000000,0.049732
Q_ind_22_anc_6-2,0.000476,0.000000,0.000000,0.006708
Q_ind_23_anc_6-2,0.000790,0.000000,0.000000,0.010369
Q_ind_24_anc_6-2,0.000865,0.000000,0.000000,0.012685
Q_ind_25_anc_6-2,0.002042,0.000000,0.000000,0.028243
Q_ind_26_anc_6-2,0.000502,0.000000,0.000000,0.007039
Q_ind_27_anc_6-2,0.018426,0.000000,0.000000,0.084723
Q_ind_28_anc_6-2,0.000355,0.000000,0.000000,0.004320
Q_ind_29_anc_6-2,0.002926,0.000000,0.000000,0.034128
Q_ind_30_anc_6-2,0.020096,0.000379,0.000000,0.077712
Q_ind_31_anc_6-2,0.000322,0.000000,0.000000,0.003066
Q_ind_32_anc_6-2,0.000264,0.000000,0.000000,0.002986
Q_ind_33_anc_6-2,0.000298,0.000000,0.000000,0.002978
Q_ind_34_anc_6-2,0.000123,0.000000,0.000000,0.001205
Q_ind_35_anc_6-2,0.000250,0.000000,0.000000,0.003216
Q_ind_36_anc_6-2,0.000158,0.000000,0.000000,0.001590
Q_ind_37_anc_6-2,0.004048,0.000000,0.000000,0.045846
Q_ind_38_anc_6-2,0.000110,0.000000,0.000000,0.000822
Q_ind_39_anc_6-2,0.044539,0.013448,0.000000,0.135224
Q_ind_40_anc_6-2,0.000707,0.000000,0.000000,0.009642
Q_ind_41_anc_6-2,0.000179,0.000000,0.000000,0.001366
Q_ind_42_anc_6-2,0.225787,0.255314,0.000000,0.375991
Q_ind_43_anc_6-2,0.349942,0.408169,0.000000,0.554178
Q_ind_44_anc_6-2,0.293916,0.335387,0.000000,0.478781
Q_ind_45_anc_6-2,0.225333,0.261497,0.000000,0.424737
Q_ind_46_anc_6-2,0.242128,0.285455,0.000000,0.398611
Q_ind_47_anc_6-2,0.504111,0.499776,0.301749,0.724092
Q_ind_48_anc_6-2,0.267832,0.308461,0.000000,0.425214
Q_ind_49_anc_6-2,0.199899,0.239246,0.000000,0.409286
Q_ind_50_anc_6-2,0.290023,0.332459,0.000000,0.468152
Q_ind_51_anc_6-2,0.204607,0.204383,0.145340,0.266820
Q_ind_52_anc_6-2,0.153222,0.152356,0.088879,0.221542
Q_ind_53_anc_6-2,0.171455,0.170793,0.107834,0.238909
Q_ind_54_anc_6-2,0.173541,0.173258,0.107362,0.241032
Q_ind_55_anc_6-2,0.172227,0.170876,0.105866,0.246450
Q_ind_56_anc_6-2,0.191972,0.196224,0.094117,0.265103
Q_ind_57_anc_6-2,0.167121,0.177542,0.000000,0.262358
Q_ind_58_anc_6-2,0.208808,0.207789,0.143780,0.279447
Q_ind_59_anc_6-2,0.086099,0.104894,0.000000,0.184762
Q_ind_60_anc_6-2,0.210091,0.210164,0.138733,0.275467
Q_ind_61_anc_6-2,0.155041,0.153323,0.080053,0.235506
Q_ind_62_anc_6-2,0.144135,0.144602,0.062924,0.219595
Q_ind_63_anc_6-2,0.000064,0.000000,0.000000,0.000611
Q_ind_64_anc_6-2,0.000048,0.000000,0.000000,0.000499
Q_ind_65_anc_6-2,0.000050,0.000000,0.000000,0.000440
Q_ind_66_anc_6-2,0.000073,0.000000,0.000000,0.000645
Q_ind_67_anc_6-2,0.000092,0.000000,0.000000,0.000876
Q_ind_68_anc_6-2,0.420980,0.464059,0.176260,0.555938
Q_ind_69_anc_6-2,0.437171,0.459303,0.240802,0.558317
Q_ind_70_anc_6-2,0.471548,0.512629,0.248113,0.603813
Q_ind_71_anc_6-2,0.347595,0.441392,0.000000,0.534884
Q_ind_72_anc_6-2,0.323315,0.405408,0.000000,0.494835
Q_ind_73_anc_6-2,0.391991,0.452956,0.000000,0.544966
Q_ind_74_anc_6-2,0.407074,0.462429,0.000000,0.560215
Q_ind_75_anc_6-2,0.357539,0.391732,0.150022,0.483056
Q_ind_76_anc_6-2,0.367398,0.426453,0.000000,0.523223
Q_ind_77_anc_6-2,0.001290,0.000000,0.000000,0.017636
Q_ind_78_anc_6-2,0.000150,0.000000,0.000000,0.001657
Q_ind_79_anc_6-2,0.000401,0.000000,0.000000,0.005334
Q_ind_80_anc_6-2,0.000280,0.000000,0.000000,0.003569
Q_ind_81_anc_6-2,0.000322,0.000000,0.000000,0.003147
Q_ind_82_anc_6-2,0.000211,0.000000,0.000000,0.002096
Q_ind_83_anc_6-2,0.001942,0.000000,0.000000,0.022816
Q_ind_84_anc_6-2,0.000161,0.000000,0.000000,0.002136
Q_ind_85_anc_6-2,0.000240,0.000000,0.000000,0.002080
Q_ind_86_anc_6-2,0.000982,0.000000,0.000000,0.013733
Q_ind_87_anc_6-2,0.000097,0.000000,0.000000,0.000905
Q_ind_88_anc_6-2,0.000643,0.000000,0.000000,0.005666
Q_ind_89_anc_6-2,0.000562,0.000000,0.000000,0.005452
Q_ind_90_anc_6-2,0.000184,0.000000,0.000000,0.001407
Q_ind_91_anc_6-2,0.000357,0.000000,0.000000,0.003745
Q_ind_92_anc_6-2,0.001149,0.000000,0.000000,0.016930
Q_ind_93_anc_6-2,0.001207,0.000000,0.000000,0.017514
Q_ind_94_anc_6-2,0.005687,0.000000,0.000000,0.081746
Q_ind_95_anc_6-2,0.001223,0.000000,0.000000,0.018774
Q_ind_96_anc_6-2,0.001027,0.000000,0.000000,0.014000
Q_ind_97_anc_6-2,0.000413,0.000000,0.000000,0.004992
Q_ind_98_anc_6-2,0.000820,0.000000,0.000000,0.011792
Q_ind_99_anc_6-2,0.001070,0.000000,0.000000,0.015366
Q_ind_100_anc_6-2,0.013710,0.000000,0.000000,0.102077
Q_ind_101_anc_6-2,0.000169,0.000000,0.000000,0.002028
Q_ind_102_anc_6-2,0.000077,0.000000,0.000000,0.000647
Q_ind_103_anc_6-2,0.000146,0.000000,0.000000,0.001566
Q_ind_104_anc_6-2,0.000441,0.000000,0.000000,0.005871
Q_ind_105_anc_6-2,0.001791,0.000000,0.000000,0.027431
Q_ind_106_anc_6-2,0.000309,0.000000,0.000000,0.004058
Q_ind_107_anc_6-2,0.113480,0.149705,0.000000,0.255843
Q_ind_108_anc_6-2,0.063092,0.000001,0.000000,0.238212
Q_ind_109_anc_6-2,0.073347,0.004806,0.000000,0.237534
Q_ind_110_anc_6-2,0.025888,0.000000,0.000000,0.209879
Q_ind_111_anc_6-2,0.141845,0.174581,0.000000,0.268526
Q_ind_112_anc_6-2,0.029682,0.000000,0.000000,0.168017
Q_ind_113_anc_6-2,0.050475,0.000000,0.000000,0.226036
Q_ind_114_anc_6-2,0.010841,0.000000,0.000000,0.108508
Q_ind_115_anc_6-2,0.010964,0.000000,0.000000,0.072110
Q_ind_116_anc_6-2,0.001000,0.000000,0.000000,0.012472
Q_ind_117_anc_6-2,0.000507,0.000000,0.000000,0.006953
Q_ind_118_anc_6-2,0.009306,0.000000,0.000000,0.067144
Q_ind_119_anc_6-2,0.000465,0.000000,0.000000,0.006220
Q_ind_120_anc_6-2,0.000156,0.000000,0.000000,0.001450
Q_ind_121_anc_6-2,0.000643,0.000000,0.000000,0.006796
Q_ind_122_anc_6-2,0.000214,0.000000,0.000000,0.002326
Q_ind_123_anc_6-2,0.000582,0.000000,0.000000,0.008193
Q_ind_124_anc_6-2,0.000443,0.000000,0.000000,0.003449
Q_ind_125_anc_6-2,0.000159,0.000000,0.000000,0.001542
Q_ind_126_anc_6-2,0.001450,0.000000,0.000000,0.021456
Q_ind_127_anc_6-2,0.000225,0.000000,0.000000,0.002038
Q_ind_128_anc_6-2,0.000588,0.000000,0.000000,0.007262
Q_ind_129_anc_6-2,0.000255,0.000000,0.000000,0.002419
Q_ind_130_anc_6-2,0.000767,0.000000,0.000000,0.010000
Q_ind_131_anc_6-2,0.000219,0.000000,0.000000,0.002316
Q_ind_132_anc_6-2,0.000295,0.000000,0.000000,0.002600
Q_ind_133_anc_6-2,0.019533,0.000000,0.000000,0.095227
Q_ind_134_anc_6-2,0.000309,0.000000,0.000000,0.003069
Q_ind_135_anc_6-2,0.033358,0.033644,0.000000,0.093924
Q_ind_136_anc_6-2,0.002810,0.000000,0.000000,0.051005
Q_ind_137_anc_6-2,0.028355,0.000000,0.000000,0.109015
Q_ind_138_anc_6-2,0.004272,0.000000,0.000000,0.046429
Q_ind_139_anc_6-2,0.069284,0.089713,0.000000,0.145451
Q_ind_140_anc_6-2,0.033832,0.010127,0.000000,0.113408
Q_ind_141_anc_6-2,0.031910,0.000001,0.000000,0.121042
Q_ind_142_anc_6-2,0.002094,0.000000,0.000000,0.029287
Q_ind_143_anc_6-2,0.006199,0.000000,0.000000,0.058361
Q_ind_144_anc_6-2,0.001455,0.000000,0.000000,0.021092
Q_ind_145_anc_6-2,0.000038,0.000000,0.000000,0.000341
Q_ind_146_anc_6-2,0.000144,0.000000,0.000000,0.001043
Q_ind_147_anc_6-2,0.000171,0.000000,0.000000,0.001927
Q_ind_148_anc_6-2,0.000423,0.000000,0.000000,0.006201
Q_ind_149_anc_6-2,0.000202,0.000000,0.000000,0.002140
Q_ind_150_anc_6-2,0.000091,0.000000,0.000000,0.000870
Q_ind_151_anc_6-2,0.000219,0.000000,0.000000,0.002471
Q_ind_152_anc_6-2,0.000101,0.000000,0.000000,0.000889
Q_ind_153_anc_6-2,0.000047,0.000000,0.000000,0.000397
Q_ind_154_anc_6-2,0.000117,0.000000,0.000000,0.001215
Q_ind_155_anc_6-2,0.000350,0.000000,0.000000,0.004439
Q_ind_156_anc_6-2,0.000227,0.000000,0.000000,0.002273
Q_ind_157_anc_6-2,0.000226,0.000000,0.000000,0.002671
Q_ind_158_anc_6-2,0.000089,0.000000,0.000000,0.000954
Q_ind_159_anc_6-2,0.000120,0.000000,0.000000,0.001318
Q_ind_160_anc_6-2,0.000149,0.000000,0.000000,0.001649
Q_ind_161_anc_6-2,0.000146,0.000000,0.000000,0.001337
Q_ind_162_anc_6-2,0.000158,0.000000,0.000000,0.001820
Q_ind_163_anc_6-2,0.000066,0.000000,0.000000,0.000577
Q_ind_164_anc_6-2,0.000106,0.000000,0.000000,0.001194
Q_ind_165_anc_6-2,0.006697,0.000000,0.000000,0.081869
Q_ind_166_anc_6-2,0.003623,0.000000,0.000000,0.044978
Q_ind_167_anc_6-2,0.000463,0.000000,0.000000,0.006076
Q_ind_168_anc_6-2,0.073651,0.037252,0.000000,0.214860
Q_ind_169_anc_6-2,0.000464,0.000000,0.000000,0.005603
Q_ind_170_anc_6-2,0.009425,0.000000,0.000000,0.068750
Q_ind_171_anc_6-2,0.003566,0.000000,0.000000,0.041462
Q_ind_172_anc_6-2,0.010454,0.000000,0.000000,0.074350
Q_ind_173_anc_6-2,0.003168,0.000000,0.000000,0.045247
Q_ind_174_anc_6-2,0.000671,0.000000,0.000000,0.010174
Q_ind_175_anc_6-2,0.015359,0.000000,0.000000,0.088938
Q_ind_176_anc_6-2,0.000883,0.000000,0.000000,0.012480
Q_ind_177_anc_6-2,0.000239,0.000000,0.000000,0.002588
Q_ind_178_anc_6-2,0.000106,0.000000,0.000000,0.001038
Q_ind_179_anc_6-2,0.000078,0.000000,0.000000,0.000623
Q_ind_180_anc_6-2,0.000154,0.000000,0.000000,0.001876
Q_ind_181_anc_6-2,0.001202,0.000000,0.000000,0.019830
Q_ind_182_anc_6-2,0.000165,0.000000,0.000000,0.001514
Q_ind_183_anc_6-2,0.000085,0.000000,0.000000,0.000757
Q_ind_184_anc_6-2,0.002805,0.000000,0.000000,0.031578
Q_ind_185_anc_6-2,0.026643,0.000000,0.000000,0.172859
Q_ind_186_anc_6-2,0.215837,0.277979,0.000000,0.377300
Q_ind_187_anc_6-2,0.224835,0.276679,0.000000,0.361300
Q_ind_188_anc_6-2,0.238190,0.335753,0.000000,0.441423
Q_ind_189_anc_6-2,0.092497,0.083884,0.000000,0.251799
Q_ind_190_anc_6-2,0.219124,0.301133,0.000000,0.417389
Q_ind_191_anc_6-2,0.190129,0.254225,0.000000,0.356716
Q_ind_192_anc_6-2,0.001762,0.000000,0.000000,0.026405
Q_ind_193_anc_6-2,0.000179,0.000000,0.000000,0.002026
Q_ind_194_anc_6-2,0.000023,0.000000,0.000000,0.000220
Q_ind_195_anc_6-2,0.000055,0.000000,0.000000,0.000489
Q_ind_196_anc_6-2,0.000029,0.000000,0.000000,0.000246
Q_ind_197_anc_6-2,0.000053,0.000000,0.000000,0.000568
Q_ind_198_anc_6-2,0.000031,0.000000,0.000000,0.000277
Q_ind_199_anc_6-2,0.000070,0.000000,0.000000,0.000732
Q_ind_200_anc_6-2,0.000043,0.000000,0.000000,0.000364
Q_ind_201_anc_6-2,0.184080,0.191317,0.069278,0.271474
Q_ind_202_anc_6-2,0.000072,0.000000,0.000000,0.000734
Q_ind_203_anc_6-2,0.000149,0.000000,0.000000,0.001127
Q_ind_204_anc_6-2,0.000489,0.000000,0.000000,0.007105
Q_ind_205_anc_6-2,0.000872,0.000000,0.000000,0.012580
Q_ind_206_anc_6-2,0.000492,0.000000,0.000000,0.006613
Q_ind_207_anc_6-2,0.000385,0.000000,0.000000,0.003976
Q_ind_208_anc_6-2,0.000288,0.000000,0.000000,0.004191
Q_ind_209_anc_6-2,0.000398,0.000000,0.000000,0.004799
Q_ind_210_anc_6-2,0.001823,0.000000,0.000000,0.028668
Q_ind_211_anc_6-2,0.000451,0.000000,0.000000,0.005565
Q_ind_212_anc_6-2,0.004643,0.000000,0.000000,0.071276
Q_ind_213_anc_6-2,0.017544,0.000000,0.000000,0.103953
Q_ind_214_anc_6-2,0.019078,0.000000,0.000000,0.096229
Q_ind_215_anc_6-2,0.017263,0.000000,0.000000,0.095917
Q_ind_216_anc_6-2,0.035979,0.000005,0.000000,0.131515
Q_ind_217_anc_6-2,0.072522,0.083545,0.000000,0.137450
Q_ind_218_anc_6-2,0.002063,0.000000,0.000000,0.028904
Q_ind_219_anc_6-2,0.001164,0.000000,0.000000,0.011853
Q_ind_220_anc_6-2,0.009866,0.000000,0.000000,0.085523
Q_ind_221_anc_6-2,0.000281,0.000000,0.000000,0.002985
Q_ind_222_anc_6-2,0.006099,0.000000,0.000000,0.074075
Q_ind_223_anc_6-2,0.004798,0.000000,0.000000,0.055693
Q_ind_224_anc_6-2,0.000678,0.000000,0.000000,0.009564
Q_ind_225_anc_6-2,0.246873,0.286587,0.000000,0.359591
Q_ind_226_anc_6-2,0.002522,0.000000,0.000000,0.052700
Q_ind_227_anc_6-2,0.132753,0.143679,0.000000,0.270615
Q_ind_228_anc_6-2,0.195240,0.224237,0.000000,0.306670
Q_ind_229_anc_6-2,0.127286,0.164007,0.000000,0.312697
Q_ind_230_anc_6-2,0.253966,0.283918,0.000000,0.341816
Q_ind_231_anc_6-2,0.021754,0.000000,0.000000,0.164507
Q_ind_232_anc_6-2,0.243798,0.244256,0.107546,0.375545
Q_ind_233_anc_6-2,0.177547,0.231457,0.000000,0.300965
Q_ind_234_anc_6-2,0.507181,0.571951,0.064048,0.671760
Q_ind_235_anc_6-2,0.514288,0.600403,0.000000,0.679646
Q_ind_236_anc_6-2,0.411390,0.488359,0.000000,0.612867
Q_ind_237_anc_6-2,0.505547,0.589633,0.000000,0.690656
Q_ind_238_anc_6-2,0.631401,0.690791,0.270945,0.792715
Q_ind_239_anc_6-2,0.525611,0.612837,0.000000,0.706549
Q_ind_240_anc_6-2,0.618343,0.666701,0.334225,0.755565
Q_ind_241_anc_6-2,0.433965,0.565565,0.000000,0.660272
Q_ind_242_anc_6-2,0.488252,0.578480,0.000000,0.663619
Q_ind_243_anc_6-2,0.618741,0.656308,0.353215,0.761755
Q_ind_244_anc_6-2,0.419703,0.501689,0.000000,0.609458
Q_ind_245_anc_6-2,0.605022,0.654507,0.335727,0.741182
Q_ind_1_anc_6-3,0.000214,0.000000,0.000000,0.001781
Q_ind_2_anc_6-3,0.000217,0.000000,0.000000,0.002079
Q_ind_3_anc_6-3,0.000236,0.000000,0.000000,0.002859
Q_ind_4_anc_6-3,0.000105,0.000000,0.000000,0.000910
Q_ind_5_anc_6-3,0.000233,0.000000,0.000000,0.002034
Q_ind_6_anc_6-3,0.000229,0.000000,0.000000,0.002262
Q_ind_7_anc_6-3,0.000670,0.000000,0.000000,0.010352
Q_ind_8_anc_6-3,0.000584,0.000000,0.000000,0.007129
Q_ind_9_anc_6-3,0.000413,0.000000,0.000000,0.005887
Q_ind_10_anc_6-3,0.000146,0.000000,0.000000,0.001699
Q_ind_11_anc_6-3,0.000638,0.000000,0.000000,0.008935
Q_ind_12_anc_6-3,0.000338,0.000000,0.000000,0.004431
Q_ind_13_anc_6-3,0.000293,0.000000,0.000000,0.003716
Q_ind_14_anc_6-3,0.000143,0.000000,0.000000,0.001586
Q_ind_15_anc_6-3,0.000445,0.000000,0.000000,0.006042
Q_ind_16_anc_6-3,0.000308,0.000000,0.000000,0.004292
Q_ind_17_anc_6-3,0.000776,0.000000,0.000000,0.012011
Q_ind_18_anc_6-3,0.000169,0.000000,0.000000,0.001398
Q_ind_19_anc_6-3,0.000136,0.000000,0.000000,0.000937
Q_ind_20_anc_6-3,0.000772,0.000000,0.000000,0.011057
Q_ind_21_anc_6-3,0.000215,0.000000,0.000000,0.002463
Q_ind_22_anc_6-3,0.000450,0.000000,0.000000,0.006018
Q_ind_23_anc_6-3,0.000529,0.000000,0.000000,0.006795
Q_ind_24_anc_6-3,0.000415,0.000000,0.000000,0.005134
Q_ind_25_anc_6-3,0.000061,0.000000,0.000000,0.000644
Q_ind_26_anc_6-3,0.000585,0.000000,0.000000,0.009019
Q_ind_27_anc_6-3,0.000392,0.000000,0.000000,0.003675
Q_ind_28_anc_6-3,0.000643,0.000000,0.000000,0.009209
Q_ind_29_anc_6-3,0.000372,0.000000,0.000000,0.003807
Q_ind_30_anc_6-3,0.000484,0.000000,0.000000,0.005584
Q_ind_31_anc_6-3,0.000797,0.000000,0.000000,0.011862
Q_ind_32_anc_6-3,0.000257,0.000000,0.000000,0.002628
Q_ind_33_anc_6-3,0.001733,0.000000,0.000000,0.022932
Q_ind_34_anc_6-3,0.000159,0.000000,0.000000,0.001748
Q_ind_35_anc_6-3,0.000201,0.000000,0.000000,0.002336
Q_ind_36_anc_6-3,0.000088,0.000000,0.000000,0.000892
Q_ind_37_anc_6-3,0.000988,0.000000,0.000000,0.015703
Q_ind_38_anc_6-3,0.000080,0.000000,0.000000,0.000717
Q_ind_39_anc_6-3,0.000633,0.000000,0.000000,0.008704
Q_ind_40_anc_6-3,0.001193,0.000000,0.000000,0.014591
Q_ind_41_anc_6-3,0.000264,0.000000,0.000000,0.003241
Q_ind_42_anc_6-3,0.000105,0.000000,0.000000,0.000911
Q_ind_43_anc_6-3,0.000123,0.000000,0.000000,0.001101
Q_ind_44_anc_6-3,0.000185,0.000000,0.000000,0.001454
Q_ind_45_anc_6-3,0.000085,0.000000,0.000000,0.000865
Q_ind_46_anc_6-3,0.000070,0.000000,0.000000,0.000636
Q_ind_47_anc_6-3,0.000497,0.000000,0.000000,0.005145
Q_ind_48_anc_6-3,0.000258,0.000000,0.000000,0.002602
Q_ind_49_anc_6-3,0.000102,0.000000,0.000000,0.001059
Q_ind_50_anc_6-3,0.000257,0.000000,0.000000,0.002909
Q_ind_51_anc_6-3,0.000108,0.000000,0.000000,0.001094
Q_ind_52_anc_6-3,0.000106,0.000000,0.000000,0.000818
Q_ind_53_anc_6-3,0.000079,0.000000,0.000000,0.000610
Q_ind_54_anc_6-3,0.000324,0.000000,0.000000,0.004164
Q_ind_55_anc_6-3,0.000113,0.000000,0.000000,0.000990
Q_ind_56_anc_6-3,0.000139,0.000000,0.000000,0.001362
Q_ind_57_anc_6-3,0.000314,0.000000,0.000000,0.003563
Q_ind_58_anc_6-3,0.000210,0.000000,0.000000,0.002468
Q_ind_59_anc_6-3,0.000309,0.000000,0.000000,0.003840
Q_ind_60_anc_6-3,0.000144,0.000000,0.000000,0.001677
Q_ind_61_anc_6-3,0.000136,0.000000,0.000000,0.000962
Q_ind_62_anc_6-3,0.000162,0.000000,0.000000,0.001483
Q_ind_63_anc_6-3,0.000067,0.000000,0.000000,0.000568
Q_ind_64_anc_6-3,0.000115,0.000000,0.000000,0.001263
Q_ind_65_anc_6-3,0.000120,0.000000,0.000000,0.001456
Q_ind_66_anc_6-3,0.000056,0.000000,0.000000,0.000464
Q_ind_67_anc_6-3,0.000203,0.000000,0.000000,0.002063
Q_ind_68_anc_6-3,0.000245,0.000000,0.000000,0.002928
Q_ind_69_anc_6-3,0.026203,0.000000,0.000000,0.112598
Q_ind_70_anc_6-3,0.038074,0.037545,0.000000,0.108717
Q_ind_71_anc_6-3,0.000407,0.000000,0.000000,0.002252
Q_ind_72_anc_6-3,0.000398,0.000000,0.000000,0.004908
Q_ind_73_anc_6-3,0.000293,0.000000,0.000000,0.003240
Q_ind_74_anc_6-3,0.001280,0.000000,0.000000,0.019063
Q_ind_75_anc_6-3,0.005224,0.000000,0.000000,0.053677
Q_ind_76_anc_6-3,0.000208,0.000000,0.000000,0.002423
Q_ind_77_anc_6-3,0.000771,0.000000,0.000000,0.011528
Q_ind_78_anc_6-3,0.000204,0.000000,0.000000,0.002250
Q_ind_79_anc_6-3,0.000945,0.000000,0.000000,0.014389
Q_ind_80_anc_6-3,0.000424,0.000000,0.000000,0.005508
Q_ind_81_anc_6-3,0.000158,0.000000,0.000000,0.001909
Q_ind_82_anc_6-3,0.000216,0.000000,0.000000,0.002710
Q_ind_83_anc_6-3,0.000604,0.000000,0.000000,0.007935
Q_ind_84_anc_6-3,0.000162,0.000000,0.000000,0.001838
Q_ind_85_anc_6-3,0.000541,0.000000,0.000000,0.007488
Q_ind_86_anc_6-3,0.000745,0.000000,0.000000,0.009633
Q_ind_87_anc_6-3,0.000343,0.000000,0.000000,0.003115
Q_ind_88_anc_6-3,0.000113,0.000000,0.000000,0.001057
Q_ind_89_anc_6-3,0.000201,0.000000,0.000000,0.002115
Q_ind_90_anc_6-3,0.000122,0.000000,0.000000,0.001154
Q_ind_91_anc_6-3,0.000403,0.000000,0.000000,0.005600
Q_ind_92_anc_6-3,0.000226,0.000000,0.000000,0.002438
Q_ind_93_anc_6-3,0.000422,0.000000,0.000000,0.005758
Q_ind_94_anc_6-3,0.000584,0.000000,0.000000,0.007450
Q_ind_95_anc_6-3,0.000243,0.000000,0.000000,0.002358
Q_ind_96_anc_6-3,0.000196,0.000000,0.000000,0.002338
Q_ind_97_anc_6-3,0.001094,0.000000,0.000000,0.014511
Q_ind_98_anc_6-3,0.000594,0.000000,0.000000,0.008529
Q_ind_99_anc_6-3,0.000187,0.000000,0.000000,0.002012
Q_ind_100_anc_6-3,0.000218,0.000000,0.000000,0.003105
Q_ind_101_anc_6-3,0.000137,0.000000,0.000000,0.001507
Q_ind_102_anc_6-3,0.000045,0.000000,0.000000,0.000412
Q_ind_103_anc_6-3,0.000136,0.000000,0.000000,0.001132
Q_ind_104_anc_6-3,0.000061,0.000000,0.000000,0.000520
Q_ind_105_anc_6-3,0.000625,0.000000,0.000000,0.008967
Q_ind_106_anc_6-3,0.000260,0.000000,0.000000,0.003363
Q_ind_107_anc_6-3,0.003561,0.000000,0.000000,0.063625
Q_ind_108_anc_6-3,0.015879,0.000000,0.000000,0.105239
Q_ind_109_anc_6-3,0.000852,0.000000,0.000000,0.007242
Q_ind_110_anc_6-3,0.015014,0.000000,0.000000,0.105077
Q_ind_111_anc_6-3,0.033921,0.000058,0.000000,0.129139
Q_ind_112_anc_6-3,0.006756,0.000000,0.000000,0.069382
Q_ind_113_anc_6-3,0.004592,0.000000,0.000000,0.055882
Q_ind_114_anc_6-3,0.001240,0.000000,0.000000,0.015823
Q_ind_115_anc_6-3,0.000380,0.000000,0.000000,0.005351
Q_ind_116_anc_6-3,0.000155,0.000000,0.000000,0.001073
Q_ind_117_anc_6-3,0.000230,0.000000,0.000000,0.002239
Q_ind_118_anc_6-3,0.000300,0.000000,0.000000,0.003501
Q_ind_119_anc_6-3,0.000149,0.000000,0.000000,0.001472
Q_ind_120_anc_6-3,0.000149,0.000000,0.000000,0.001330
Q_ind_121_anc_6-3,0.000175,0.000000,0.000000,0.001711
Q_ind_122_anc_6-3,0.000087,0.000000,0.000000,0.000842
Q_ind_123_anc_6-3,0.000065,0.000000,0.000000,0.000534
Q_ind_124_anc_6-3,0.000287,0.000000,0.000000,0.002926
Q_ind_125_anc_6-3,0.000443,0.000000,0.000000,0.005953
Q_ind_126_anc_6-3,0.000342,0.000000,0.000000,0.004152
Q_ind_127_anc_6-3,0.000096,0.000000,0.000000,0.000838
Q_ind_128_anc_6-3,0.000230,0.000000,0.000000,0.002258
Q_ind_129_anc_6-3,0.000286,0.000000,0.000000,0.002476
Q_ind_130_anc_6-3,0.000171,0.000000,0.000000,0.001611
Q_ind_131_anc_6-3,0.000550,0.000000,0.000000,0.008352
Q_ind_132_anc_6-3,0.000288,0.000000,0.000000,0.003596
Q_ind_133_anc_6-3,0.000164,0.000000,0.000000,0.001847
Q_ind_134_anc_6-3,0.000732,0.000000,0.000000,0.011852
Q_ind_135_anc_6-3,0.000333,0.000000,0.000000,0.004179
Q_ind_136_anc_6-3,0.000965,0.000000,0.000000,0.013921
Q_ind_137_anc_6-3,0.000599,0.000000,0.000000,0.008178
Q_ind_138_anc_6-3,0.000275,0.000000,0.000000,0.002304
Q_ind_139_anc_6-3,0.000905,0.000000,0.000000,0.013040
Q_ind_140_anc_6-3,0.000571,0.000000,0.000000,0.008458
Q_ind_141_anc_6-3,0.000346,0.000000,0.000000,0.003331
Q_ind_142_anc_6-3,0.000283,0.000000,0.000000,0.003532
Q_ind_143_anc_6-3,0.000249,0.000000,0.000000,0.002465
Q_ind_144_anc_6-3,0.001562,0.000000,0.000000,0.024633
Q_ind_145_anc_6-3,0.000076,0.000000,0.000000,0.000601
Q_ind_146_anc_6-3,0.000261,0.000000,0.000000,0.003206
Q_ind_147_anc_6-3,0.000087,0.000000,0.000000,0.000852
Q_ind_148_anc_6-3,0.000128,0.000000,0.000000,0.001292
Q_ind_149_anc_6-3,0.000185,0.000000,0.000000,0.002107
Q_ind_150_anc_6-3,0.000261,0.000000,0.000000,0.003329
Q_ind_151_anc_6-3,0.000188,0.000000,0.000000,0.002235
Q_ind_152_anc_6-3,0.000062,0.000000,0.000000,0.000632
Q_ind_153_anc_6-3,0.000072,0.000000,0.000000,0.000636
Q_ind_154_anc_6-3,0.000146,0.000000,0.000000,0.001739
Q_ind_155_anc_6-3,0.000372,0.000000,0.000000,0.005273
Q_ind_156_anc_6-3,0.000173,0.000000,0.000000,0.001359
Q_ind_157_anc_6-3,0.000221,0.000000,0.000000,0.002114
Q_ind_158_anc_6-3,0.000084,0.000000,0.000000,0.000811
Q_ind_159_anc_6-3,0.000208,0.000000,0.000000,0.002812
Q_ind_160_anc_6-3,0.000162,0.000000,0.000000,0.001883
Q_ind_161_anc_6-3,0.000310,0.000000,0.000000,0.003399
Q_ind_162_anc_6-3,0.000136,0.000000,0.000000,0.001650
Q_ind_163_anc_6-3,0.000091,0.000000,0.000000,0.000862
Q_ind_164_anc_6-3,0.000265,0.000000,0.000000,0.002754
Q_ind_165_anc_6-3,0.000614,0.000000,0.000000,0.006556
Q_ind_166_anc_6-3,0.025694,0.000000,0.000000,0.133634
Q_ind_167_anc_6-3,0.000982,0.000000,0.000000,0.004370
Q_ind_168_anc_6-3,0.000551,0.000000,0.000000,0.007559
Q_ind_169_anc_6-3,0.000197,0.000000,0.000000,0.002580
Q_ind_170_anc_6-3,0.000447,0.000000,0.000000,0.005114
Q_ind_171_anc_6-3,0.000198,0.000000,0.000000,0.001731
Q_ind_172_anc_6-3,0.000270,0.000000,0.000000,0.003463
Q_ind_173_anc_6-3,0.001376,0.000000,0.000000,0.018743
Q_ind_174_anc_6-3,0.000089,0.000000,0.000000,0.000788
Q_ind_175_anc_6-3,0.001269,0.000000,0.000000,0.019954
Q_ind_176_anc_6-3,0.000164,0.000000,0.000000,0.001318
Q_ind_177_anc_6-3,0.000159,0.000000,0.000000,0.001390
Q_ind_178_anc_6-3,0.000151,0.000000,0.000000,0.001571
Q_ind_179_anc_6-3,0.000220,0.000000,0.000000,0.002820
Q_ind_180_anc_6-3,0.000137,0.000000,0.000000,0.001540
Q_ind_181_anc_6-3,0.000370,0.000000,0.000000,0.004938
Q_ind_182_anc_6-3,0.000164,0.000000,0.000000,0.001835
Q_ind_183_anc_6-3,0.000077,0.000000,0.000000,0.000600
Q_ind_184_anc_6-3,0.000179,0.000000,0.000000,0.001749
Q_ind_185_anc_6-3,0.000407,0.000000,0.000000,0.004743
Q_ind_186_anc_6-3,0.000318,0.000000,0.000000,0.003622
Q_ind_187_anc_6-3,0.000565,0.000000,0.000000,0.006891
Q_ind_188_anc_6-3,0.000593,0.000000,0.000000,0.007486
Q_ind_189_anc_6-3,0.001810,0.000000,0.000000,0.024853
Q_ind_190_anc_6-3,0.046335,0.048208,0.000000,0.122601
Q_ind_191_anc_6-3,0.000402,0.000000,0.000000,0.004894
Q_ind_192_anc_6-3,0.000720,0.000000,0.000000,0.010955
Q_ind_193_anc_6-3,0.000821,0.000000,0.000000,0.010872
Q_ind_194_anc_6-3,0.000174,0.000000,0.000000,0.001951
Q_ind_195_anc_6-3,0.000343,0.000000,0.000000,0.004305
Q_ind_196_anc_6-3,0.000114,0.000000,0.000000,0.000912
Q_ind_197_anc_6-3,0.000072,0.000000,0.000000,0.000634
Q_ind_198_anc_6-3,0.000096,0.000000,0.000000,0.000744
Q_ind_199_anc_6-3,0.000155,0.000000,0.000000,0.001279
Q_ind_200_anc_6-3,0.000201,0.000000,0.000000,0.001304
Q_ind_201_anc_6-3,0.367454,0.347087,0.256746,0.558180
Q_ind_202_anc_6-3,0.000167,0.000000,0.000000,0.001478
Q_ind_203_anc_6-3,0.000434,0.000000,0.000000,0.004434
Q_ind_204_anc_6-3,0.000363,0.000000,0.000000,0.003823
Q_ind_205_anc_6-3,0.000547,0.000000,0.000000,0.008041
Q_ind_206_anc_6-3,0.000202,0.000000,0.000000,0.002027
Q_ind_207_anc_6-3,0.000401,0.000000,0.000000,0.004881
Q_ind_208_anc_6-3,0.000563,0.000000,0.000000,0.005680
Q_ind_209_anc_6-3,0.000590,0.000000,0.000000,0.007165
Q_ind_210_anc_6-3,0.001165,0.000000,0.000000,0.013617
Q_ind_211_anc_6-3,0.000531,0.000000,0.000000,0.007270
Q_ind_212_anc_6-3,0.014401,0.000000,0.000000,0.090737
Q_ind_213_anc_6-3,0.000486,0.000000,0.000000,0.007562
Q_ind_214_anc_6-3,0.001034,0.000000,0.000000,0.014793
Q_ind_215_anc_6-3,0.000671,0.000000,0.000000,0.008152
Q_ind_216_anc_6-3,0.000220,0.000000,0.000000,0.001896
Q_ind_217_anc_6-3,0.000653,0.000000,0.000000,0.009694
Q_ind_218_anc_6-3,0.000122,0.000000,0.000000,0.001583
Q_ind_219_anc_6-3,0.000688,0.000000,0.000000,0.007203
Q_ind_220_anc_6-3,0.000240,0.000000,0.000000,0.002027
Q_ind_221_anc_6-3,0.000421,0.000000,0.000000,0.005204
Q_ind_222_anc_6-3,0.001116,0.000000,0.000000,0.015789
Q_ind_223_anc_6-3,0.000144,0.000000,0.000000,0.001633
Q_ind_224_anc_6-3,0.003574,0.000000,0.000000,0.064257
Q_ind_225_anc_6-3,0.003455,0.000000,0.000000,0.044065
Q_ind_226_anc_6-3,0.002464,0.000000,0.000000,0.033441
Q_ind_227_anc_6-3,0.012028,0.000000,0.000000,0.103444
Q_ind_228_anc_6-3,0.001745,0.000000,0.000000,0.027116
Q_ind_229_anc_6-3,0.000196,0.000000,0.000000,0.001740
Q_ind_230_anc_6-3,0.001179,0.000000,0.000000,0.012662
Q_ind_231_anc_6-3,0.000383,0.000000,0.000000,0.003700
Q_ind_232_anc_6-3,0.003419,0.000000,0.000000,0.042333
Q_ind_233_anc_6-3,0.016852,0.000000,0.000000,0.101293
Q_ind_234_anc_6-3,0.000171,0.000000,0.000000,0.002014
Q_ind_235_anc_6-3,0.000170,0.000000,0.000000,0.001111
Q_ind_236_anc_6-3,0.000183,0.000000,0.000000,0.002312
Q_ind_237_anc_6-3,0.000226,0.000000,0.000000,0.002904
Q_ind_238_anc_6-3,0.002690,0.000000,0.000000,0.033831
Q_ind_239_anc_6-3,0.001070,0.000000,0.000000,0.013685
Q_ind_240_anc_6-3,0.000250,0.000000,0.000000,0.002619
Q_ind_241_anc_6-3,0.000170,0.000000,0.000000,0.001516
Q_ind_242_anc_6-3,0.000569,0.000000,0.000000,0.007032
Q_ind_243_anc_6-3,0.024427,0.000099,0.000000,0.097576
Q_ind_244_anc_6-3,0.000378,0.000000,0.000000,0.003440
Q_ind_245_anc_6-3,0.025746,0.000224,0.000000,0.113832
Q_ind_1_anc_6-4,0.000228,0.000000,0.000000,0.002584
Q_ind_2_anc_6-4,0.000082,0.000000,0.000000,0.000645
Q_ind_3_anc_6-4,0.000495,0.000000,0.000000,0.006683
Q_ind_4_anc_6-4,0.000128,0.000000,0.000000,0.001330
Q_ind_5_anc_6-4,0.000130,0.000000,0.000000,0.001342
Q_ind_6_anc_6-4,0.000089,0.000000,0.000000,0.000565
Q_ind_7_anc_6-4,0.000313,0.000000,0.000000,0.003536
Q_ind_8_anc_6-4,0.000218,0.000000,0.000000,0.002091
Q_ind_9_anc_6-4,0.000187,0.000000,0.000000,0.001495
Q_ind_10_anc_6-4,0.000113,0.000000,0.000000,0.001123
Q_ind_11_anc_6-4,0.000172,0.000000,0.000000,0.001786
Q_ind_12_anc_6-4,0.000194,0.000000,0.000000,0.001379
Q_ind_13_anc_6-4,0.001721,0.000000,0.000000,0.025580
Q_ind_14_anc_6-4,0.000815,0.000000,0.000000,0.005472
Q_ind_15_anc_6-4,0.000907,0.000000,0.000000,0.013472
Q_ind_16_anc_6-4,0.001320,0.000000,0.000000,0.020607
Q_ind_17_anc_6-4,0.002749,0.000000,0.000000,0.047252
Q_ind_18_anc_6-4,0.000415,0.000000,0.000000,0.004567
Q_ind_19_anc_6-4,0.003047,0.000000,0.000000,0.043244
Q_ind_20_anc_6-4,0.006167,0.000000,0.000000,0.065294
Q_ind_21_anc_6-4,0.000307,0.000000,0.000000,0.003595
Q_ind_22_anc_6-4,0.000723,0.000000,0.000000,0.010099
Q_ind_23_anc_6-4,0.000356,0.000000,0.000000,0.003651
Q_ind_24_anc_6-4,0.000245,0.000000,0.000000,0.002881
Q_ind_25_anc_6-4,0.000314,0.000000,0.000000,0.003676
Q_ind_26_anc_6-4,0.000161,0.000000,0.000000,0.001749
Q_ind_27_anc_6-4,0.001739,0.000000,0.000000,0.026742
Q_ind_28_anc_6-4,0.000161,0.000000,0.000000,0.002054
Q_ind_29_anc_6-4,0.001554,0.000000,0.000000,0.021398
Q_ind_30_anc_6-4,0.000453,0.000000,0.000000,0.004269
Q_ind_31_anc_6-4,0.001164,0.000000,0.000000,0.016194
Q_ind_32_anc_6-4,0.000173,0.000000,0.000000,0.002066
Q_ind_33_anc_6-4,0.000150,0.000000,0.000000,0.001456
Q_ind_34_anc_6-4,0.000240,0.000000,0.000000,0.002229
Q_ind_35_anc_6-4,0.000173,0.000000,0.000000,0.001931
Q_ind_36_anc_6-4,0.000055,0.000000,0.000000,0.000524
Q_ind_37_anc_6-4,0.001206,0.000000,0.000000,0.018346
Q_ind_38_anc_6-4,0.000104,0.000000,0.000000,0.000992
Q_ind_39_anc_6-4,0.001157,0.000000,0.000000,0.014452
Q_ind_40_anc_6-4,0.001327,0.000000,0.000000,0.018694
Q_ind_41_anc_6-4,0.000385,0.000000,0.000000,0.005737
Q_ind_42_anc_6-4,0.000210,0.000000,0.000000,0.002328
Q_ind_43_anc_6-4,0.000311,0.000000,0.000000,0.003714
Q_ind_44_anc_6-4,0.000452,0.000000,0.000000,0.006125
Q_ind_45_anc_6-4,0.000186,0.000000,0.000000,0.001606
Q_ind_46_anc_6-4,0.000312,0.000000,0.000000,0.003354
Q_ind_47_anc_6-4,0.000391,0.000000,0.000000,0.003799
Q_ind_48_anc_6-4,0.000740,0.000000,0.000000,0.009797
Q_ind_49_anc_6-4,0.000730,0.000000,0.000000,0.008664
Q_ind_50_anc_6-4,0.000223,0.000000,0.000000,0.002399
Q_ind_51_anc_6-4,0.000367,0.000000,0.000000,0.004745
Q_ind_52_anc_6-4,0.000550,0.000000,0.000000,0.005875
Q_ind_53_anc_6-4,0.000595,0.000000,0.000000,0.006577
Q_ind_54_anc_6-4,0.000638,0.000000,0.000000,0.007084
Q_ind_55_anc_6-4,0.001230,0.000000,0.000000,0.015065
Q_ind_56_anc_6-4,0.014266,0.000000,0.000000,0.124481
Q_ind_57_anc_6-4,0.007420,0.000000,0.000000,0.077039
Q_ind_58_anc_6-4,0.000149,0.000000,0.000000,0.001584
Q_ind_59_anc_6-4,0.038945,0.000000,0.000000,0.149280
Q_ind_60_anc_6-4,0.007666,0.000000,0.000000,0.070345
Q_ind_61_anc_6-4,0.000218,0.000000,0.000000,0.002512
Q_ind_62_anc_6-4,0.001240,0.000000,0.000000,0.016980
Q_ind_63_anc_6-4,0.000047,0.000000,0.000000,0.000435
Q_ind_64_anc_6-4,0.000092,0.000000,0.000000,0.000772
Q_ind_65_anc_6-4,0.000066,0.000000,0.000000,0.000698
Q_ind_66_anc_6-4,0.000063,0.000000,0.000000,0.000658
Q_ind_67_anc_6-4,0.000079,0.000000,0.000000,0.000751
Q_ind_68_anc_6-4,0.001243,0.000000,0.000000,0.016346
Q_ind_69_anc_6-4,0.000367,0.000000,0.000000,0.003922
Q_ind_70_anc_6-4,0.003294,0.000000,0.000000,0.045852
Q_ind_71_anc_6-4,0.000240,0.000000,0.000000,0.002588
Q_ind_72_anc_6-4,0.000172,0.000000,0.000000,0.001536
Q_ind_73_anc_6-4,0.001420,0.000000,0.000000,0.020070
Q_ind_74_anc_6-4,0.013160,0.000000,0.000000,0.168245
Q_ind_75_anc_6-4,0.026440,0.000000,0.000000,0.145555
Q_ind_76_anc_6-4,0.000221,0.000000,0.000000,0.002725
Q_ind_77_anc_6-4,0.000619,0.000000,0.000000,0.008343
Q_ind_78_anc_6-4,0.000273,0.000000,0.000000,0.002936
Q_ind_79_anc_6-4,0.000213,0.000000,0.000000,0.002294
Q_ind_80_anc_6-4,0.000212,0.000000,0.000000,0.002339
Q_ind_81_anc_6-4,0.000617,0.000000,0.000000,0.007344
Q_ind_82_anc_6-4,0.000317,0.000000,0.000000,0.002591
Q_ind_83_anc_6-4,0.000488,0.000000,0.000000,0.005743
Q_ind_84_anc_6-4,0.000271,0.000000,0.000000,0.003695
Q_ind_85_anc_6-4,0.000565,0.000000,0.000000,0.007090
Q_ind_86_anc_6-4,0.000200,0.000000,0.000000,0.002312
Q_ind_87_anc_6-4,0.000099,0.000000,0.000000,0.000868
Q_ind_88_anc_6-4,0.000162,0.000000,0.000000,0.001743
Q_ind_89_anc_6-4,0.000266,0.000000,0.000000,0.003262
Q_ind_90_anc_6-4,0.000397,0.000000,0.000000,0.004514
Q_ind_91_anc_6-4,0.000422,0.000000,0.000000,0.005021
Q_ind_92_anc_6-4,0.001034,0.000000,0.000000,0.013980
Q_ind_93_anc_6-4,0.000279,0.000000,0.000000,0.002554
Q_ind_94_anc_6-4,0.042473,0.000021,0.000000,0.146691
Q_ind_95_anc_6-4,0.000542,0.000000,0.000000,0.007447
Q_ind_96_anc_6-4,0.000423,0.000000,0.000000,0.005787
Q_ind_97_anc_6-4,0.000592,0.000000,0.000000,0.008036
Q_ind_98_anc_6-4,0.000211,0.000000,0.000000,0.002335
Q_ind_99_anc_6-4,0.000158,0.000000,0.000000,0.001972
Q_ind_100_anc_6-4,0.000148,0.000000,0.000000,0.001746
Q_ind_101_anc_6-4,0.000131,0.000000,0.000000,0.001302
Q_ind_102_anc_6-4,0.000066,0.000000,0.000000,0.000778
Q_ind_103_anc_6-4,0.000140,0.000000,0.000000,0.001551
Q_ind_104_anc_6-4,0.000117,0.000000,0.000000,0.001430
Q_ind_105_anc_6-4,0.000469,0.000000,0.000000,0.006288
Q_ind_106_anc_6-4,0.000190,0.000000,0.000000,0.002014
Q_ind_107_anc_6-4,0.005053,0.000000,0.000000,0.066208
Q_ind_108_anc_6-4,0.000162,0.000000,0.000000,0.001493
Q_ind_109_anc_6-4,0.000677,0.000000,0.000000,0.006788
Q_ind_110_anc_6-4,0.000319,0.000000,0.000000,0.004105
Q_ind_111_anc_6-4,0.000247,0.000000,0.000000,0.001567
Q_ind_112_anc_6-4,0.002595,0.000000,0.000000,0.035766
Q_ind_113_anc_6-4,0.000789,0.000000,0.000000,0.011085
Q_ind_114_anc_6-4,0.000577,0.000000,0.000000,0.004285
Q_ind_115_anc_6-4,0.009586,0.000000,0.000000,0.073312
Q_ind_116_anc_6-4,0.000599,0.000000,0.000000,0.007813
Q_ind_117_anc_6-4,0.000751,0.000000,0.000000,0.011282
Q_ind_118_anc_6-4,0.003704,0.000000,0.000000,0.044036
Q_ind_119_anc_6-4,0.000400,0.000000,0.000000,0.004314
Q_ind_120_anc_6-4,0.000189,0.000000,0.000000,0.001559
Q_ind_121_anc_6-4,0.000683,0.000000,0.000000,0.009695
Q_ind_122_anc_6-4,0.000100,0.000000,0.000000,0.001001
Q_ind_123_anc_6-4,0.000232,0.000000,0.000000,0.002792
Q_ind_124_anc_6-4,0.000532,0.000000,0.000000,0.006792
Q_ind_125_anc_6-4,0.000572,0.000000,0.000000,0.006953
Q_ind_126_anc_6-4,0.000386,0.000000,0.000000,0.003322
Q_ind_127_anc_6-4,0.000751,0.000000,0.000000,0.010846
Q_ind_128_anc_6-4,0.000616,0.000000,0.000000,0.006270
Q_ind_129_anc_6-4,0.000673,0.000000,0.000000,0.007575
Q_ind_130_anc_6-4,0.001041,0.000000,0.000000,0.013954
Q_ind_131_anc_6-4,0.000208,0.000000,0.000000,0.002531
Q_ind_132_anc_6-4,0.000337,0.000000,0.000000,0.003753
Q_ind_133_anc_6-4,0.000768,0.000000,0.000000,0.011518
Q_ind_134_anc_6-4,0.000189,0.000000,0.000000,0.002049
Q_ind_135_anc_6-4,0.000340,0.000000,0.000000,0.002631
Q_ind_136_anc_6-4,0.001151,0.000000,0.000000,0.017819
Q_ind_137_anc_6-4,0.000777,0.000000,0.000000,0.008144
Q_ind_138_anc_6-4,0.000196,0.000000,0.000000,0.001435
Q_ind_139_anc_6-4,0.000190,0.000000,0.000000,0.002073
Q_ind_140_anc_6-4,0.000268,0.000000,0.000000,0.002572
Q_ind_141_anc_6-4,0.000242,0.000000,0.000000,0.002807
Q_ind_142_anc_6-4,0.001005,0.000000,0.000000,0.012415
Q_ind_143_anc_6-4,0.000568,0.000000,0.000000,0.006963
Q_ind_144_anc_6-4,0.000285,0.000000,0.000000,0.002722
Q_ind_145_anc_6-4,0.000060,0.000000,0.000000,0.000539
Q_ind_146_anc_6-4,0.000267,0.000000,0.000000,0.003140
Q_ind_147_anc_6-4,0.000095,0.000000,0.000000,0.000770
Q_ind_148_anc_6-4,0.000255,0.000000,0.000000,0.002693
Q_ind_149_anc_6-4,0.000504,0.000000,0.000000,0.007124
Q_ind_150_anc_6-4,0.000142,0.000000,0.000000,0.001171
Q_ind_151_anc_6-4,0.000427,0.000000,0.000000,0.003647
Q_ind_152_anc_6-4,0.000115,0.000000,0.000000,0.001151
Q_ind_153_anc_6-4,0.000126,0.000000,0.000000,0.001358
Q_ind_154_anc_6-4,0.000251,0.000000,0.000000,0.003388
Q_ind_155_anc_6-4,0.000273,0.000000,0.000000,0.002211
Q_ind_156_anc_6-4,0.000117,0.000000,0.000000,0.001177
Q_ind_157_anc_6-4,0.000254,0.000000,0.000000,0.002000
Q_ind_158_anc_6-4,0.000141,0.000000,0.000000,0.001234
Q_ind_159_anc_6-4,0.000092,0.000000,0.000000,0.000775
Q_ind_160_anc_6-4,0.000175,0.000000,0.000000,0.001230
Q_ind_161_anc_6-4,0.000201,0.000000,0.000000,0.002228
Q_ind_162_anc_6-4,0.000240,0.000000,0.000000,0.002345
Q_ind_163_anc_6-4,0.000197,0.000000,0.000000,0.002398
Q_ind_164_anc_6-4,0.000202,0.000000,0.000000,0.001986
Q_ind_165_anc_6-4,0.000521,0.000000,0.000000,0.007688
Q_ind_166_anc_6-4,0.000262,0.000000,0.000000,0.002423
Q_ind_167_anc_6-4,0.002878,0.000000,0.000000,0.051475
Q_ind_168_anc_6-4,0.010568,0.000000,0.000000,0.110466
Q_ind_169_anc_6-4,0.002303,0.000000,0.000000,0.037154
Q_ind_170_anc_6-4,0.000216,0.000000,0.000000,0.002653
Q_ind_171_anc_6-4,0.000257,0.000000,0.000000,0.001979
Q_ind_172_anc_6-4,0.000871,0.000000,0.000000,0.013968
Q_ind_173_anc_6-4,0.000330,0.000000,0.000000,0.003777
Q_ind_174_anc_6-4,0.000177,0.000000,0.000000,0.002120
Q_ind_175_anc_6-4,0.000756,0.000000,0.000000,0.010749
Q_ind_176_anc_6-4,0.000368,0.000000,0.000000,0.003710
Q_ind_177_anc_6-4,0.000396,0.000000,0.000000,0.005007
Q_ind_178_anc_6-4,0.000262,0.000000,0.000000,0.003000
Q_ind_179_anc_6-4,0.000096,0.000000,0.000000,0.000862
Q_ind_180_anc_6-4,0.000187,0.000000,0.000000,0.001804
Q_ind_181_anc_6-4,0.000614,0.000000,0.000000,0.008608
Q_ind_182_anc_6-4,0.000129,0.000000,0.000000,0.001227
Q_ind_183_anc_6-4,0.000145,0.000000,0.000000,0.001195
Q_ind_184_anc_6-4,0.000254,0.000000,0.000000,0.003114
Q_ind_185_anc_6-4,0.000775,0.000000,0.000000,0.005907
Q_ind_186_anc_6-4,0.000382,0.000000,0.000000,0.005343
Q_ind_187_anc_6-4,0.001236,0.000000,0.000000,0.019854
Q_ind_188_anc_6-4,0.000623,0.000000,0.000000,0.008198
Q_ind_189_anc_6-4,0.007647,0.000000,0.000000,0.141405
Q_ind_190_anc_6-4,0.000308,0.000000,0.000000,0.002892
Q_ind_191_anc_6-4,0.000361,0.000000,0.000000,0.003043
Q_ind_192_anc_6-4,0.000110,0.000000,0.000000,0.000867
Q_ind_193_anc_6-4,0.000306,0.000000,0.000000,0.002635
Q_ind_194_anc_6-4,0.000024,0.000000,0.000000,0.000241
Q_ind_195_anc_6-4,0.000097,0.000000,0.000000,0.001000
Q_ind_196_anc_6-4,0.000043,0.000000,0.000000,0.000435
Q_ind_197_anc_6-4,0.000032,0.000000,0.000000,0.000312
Q_ind_198_anc_6-4,0.000030,0.000000,0.000000,0.000267
Q_ind_199_anc_6-4,0.000076,0.000000,0.000000,0.000668
Q_ind_200_anc_6-4,0.000042,0.000000,0.000000,0.000428
Q_ind_201_anc_6-4,0.000625,0.000000,0.000000,0.006447
Q_ind_202_anc_6-4,0.000086,0.000000,0.000000,0.000694
Q_ind_203_anc_6-4,0.000363,0.000000,0.000000,0.004407
Q_ind_204_anc_6-4,0.000215,0.000000,0.000000,0.002502
Q_ind_205_anc_6-4,0.000175,0.000000,0.000000,0.001840
Q_ind_206_anc_6-4,0.000398,0.000000,0.000000,0.005098
Q_ind_207_anc_6-4,0.005229,0.000000,0.000000,0.050956
Q_ind_208_anc_6-4,0.000161,0.000000,0.000000,0.001441
Q_ind_209_anc_6-4,0.000392,0.000000,0.000000,0.004716
Q_ind_210_anc_6-4,0.000139,0.000000,0.000000,0.001499
Q_ind_211_anc_6-4,0.000413,0.000000,0.000000,0.004220
Q_ind_212_anc_6-4,0.030859,0.000000,0.000000,0.154176
Q_ind_213_anc_6-4,0.028635,0.000000,0.000000,0.139417
Q_ind_214_anc_6-4,0.016705,0.000000,0.000000,0.105748
Q_ind_215_anc_6-4,0.027040,0.000000,0.000000,0.136014
Q_ind_216_anc_6-4,0.056979,0.046998,0.000000,0.165366
Q_ind_217_anc_6-4,0.009344,0.000000,0.000000,0.098334
Q_ind_218_anc_6-4,0.024304,0.000000,0.000000,0.124168
Q_ind_219_anc_6-4,0.068618,0.079430,0.000000,0.166062
Q_ind_220_anc_6-4,0.013974,0.000000,0.000000,0.098144
Q_ind_221_anc_6-4,0.001328,0.000000,0.000000,0.021353
Q_ind_222_anc_6-4,0.058355,0.065695,0.000000,0.144745
Q_ind_223_anc_6-4,0.000348,0.000000,0.000000,0.004422
Q_ind_224_anc_6-4,0.000216,0.000000,0.000000,0.001716
Q_ind_225_anc_6-4,0.000787,0.000000,0.000000,0.007185
Q_ind_226_anc_6-4,0.000139,0.000000,0.000000,0.001345
Q_ind_227_anc_6-4,0.000163,0.000000,0.000000,0.001769
Q_ind_228_anc_6-4,0.000473,0.000000,0.000000,0.005338
Q_ind_229_anc_6-4,0.000879,0.000000,0.000000,0.007626
Q_ind_230_anc_6-4,0.000177,0.000000,0.000000,0.001488
Q_ind_231_anc_6-4,0.000288,0.000000,0.000000,0.002298
Q_ind_232_anc_6-4,0.000456,0.000000,0.000000,0.005769
Q_ind_233_anc_6-4,0.001326,0.000000,0.000000,0.017439
Q_ind_234_anc_6-4,0.000180,0.000000,0.000000,0.001541
Q_ind_235_anc_6-4,0.000188,0.000000,0.000000,0.001964
Q_ind_236_anc_6-4,0.000115,0.000000,0.000000,0.001156
Q_ind_237_anc_6-4,0.000480,0.000000,0.000000,0.004392
Q_ind_238_anc_6-4,0.000989,0.000000,0.000000,0.011602
Q_ind_239_anc_6-4,0.000361,0.000000,0.000000,0.003835
Q_ind_240_anc_6-4,0.005569,0.000000,0.000000,0.062034
Q_ind_241_anc_6-4,0.001044,0.000000,0.000000,0.016166
Q_ind_242_anc_6-4,0.000575,0.000000,0.000000,0.007643
Q_ind_243_anc_6-4,0.002033,0.000000,0.000000,0.025882
Q_ind_244_anc_6-4,0.000206,0.000000,0.000000,0.002046
Q_ind_245_anc_6-4,0.014304,0.000000,0.000000,0.090658
Q_ind_1_anc_6-5,0.000281,0.000000,0.000000,0.002354
Q_ind_2_anc_6-5,0.000233,0.000000,0.000000,0.002537
Q_ind_3_anc_6-5,0.000671,0.000000,0.000000,0.009808
Q_ind_4_anc_6-5,0.000238,0.000000,0.000000,0.002666
Q_ind_5_anc_6-5,0.000233,0.000000,0.000000,0.002401
Q_ind_6_anc_6-5,0.000454,0.000000,0.000000,0.004982
Q_ind_7_anc_6-5,0.000153,0.000000,0.000000,0.001484
Q_ind_8_anc_6-5,0.000531,0.000000,0.000000,0.006971
Q_ind_9_anc_6-5,0.000816,0.000000,0.000000,0.012411
Q_ind_10_anc_6-5,0.000102,0.000000,0.000000,0.001025
Q_ind_11_anc_6-5,0.001215,0.000000,0.000000,0.017054
Q_ind_12_anc_6-5,0.000414,0.000000,0.000000,0.003910
Q_ind_13_anc_6-5,0.000744,0.000000,0.000000,0.010573
Q_ind_14_anc_6-5,0.000365,0.000000,0.000000,0.002976
Q_ind_15_anc_6-5,0.001207,0.000000,0.000000,0.019953
Q_ind_16_anc_6-5,0.000222,0.000000,0.000000,0.002511
Q_ind_17_anc_6-5,0.000348,0.000000,0.000000,0.002894
Q_ind_18_anc_6-5,0.000903,0.000000,0.000000,0.013884
Q_ind_19_anc_6-5,0.000931,0.000000,0.000000,0.013131
Q_ind_20_anc_6-5,0.000583,0.000000,0.000000,0.003962
Q_ind_21_anc_6-5,0.001192,0.000000,0.000000,0.016661
Q_ind_22_anc_6-5,0.000889,0.000000,0.000000,0.013226
Q_ind_23_anc_6-5,0.000278,0.000000,0.000000,0.002157
Q_ind_24_anc_6-5,0.000208,0.000000,0.000000,0.001180
Q_ind_25_anc_6-5,0.004874,0.000000,0.000000,0.080097
Q_ind_26_anc_6-5,0.000489,0.000000,0.000000,0.005641
Q_ind_27_anc_6-5,0.014914,0.000000,0.000000,0.126927
Q_ind_28_anc_6-5,0.000863,0.000000,0.000000,0.009577
Q_ind_29_anc_6-5,0.002576,0.000000,0.000000,0.034200
Q_ind_30_anc_6-5,0.008666,0.000000,0.000000,0.097063
Q_ind_31_anc_6-5,0.000194,0.000000,0.000000,0.002288
Q_ind_32_anc_6-5,0.000103,0.000000,0.000000,0.000958
Q_ind_33_anc_6-5,0.000416,0.000000,0.000000,0.004277
Q_ind_34_anc_6-5,0.000103,0.000000,0.000000,0.000946
Q_ind_35_anc_6-5,0.000148,0.000000,0.000000,0.001218
Q_ind_36_anc_6-5,0.000096,0.000000,0.000000,0.001120
Q_ind_37_anc_6-5,0.000573,0.000000,0.000000,0.006480
Q_ind_38_anc_6-5,0.000093,0.000000,0.000000,0.000854
Q_ind_39_anc_6-5,0.000334,0.000000,0.000000,0.002964
Q_ind_40_anc_6-5,0.003101,0.000000,0.000000,0.042405
Q_ind_41_anc_6-5,0.000588,0.000000,0.000000,0.008091
Q_ind_42_anc_6-5,0.000135,0.000000,0.000000,0.000970
Q_ind_43_anc_6-5,0.000605,0.000000,0.000000,0.008413
Q_ind_44_anc_6-5,0.000248,0.000000,0.000000,0.002852
Q_ind_45_anc_6-5,0.000181,0.000000,0.000000,0.001754
Q_ind_46_anc_6-5,0.000137,0.000000,0.000000,0.000993
Q_ind_47_anc_6-5,0.000285,0.000000,0.000000,0.003910
Q_ind_48_anc_6-5,0.000205,0.000000,0.000000,0.001429
Q_ind_49_anc_6-5,0.000164,0.000000,0.000000,0.001573
Q_ind_50_anc_6-5,0.000227,0.000000,0.000000,0.002425
Q_ind_51_anc_6-5,0.001375,0.000000,0.000000,0.017081
Q_ind_52_anc_6-5,0.000541,0.000000,0.000000,0.003824
Q_ind_53_anc_6-5,0.000318,0.000000,0.000000,0.002237
Q_ind_54_anc_6-5,0.000225,0.000000,0.000000,0.002644
Q_ind_55_anc_6-5,0.000402,0.000000,0.000000,0.005493
Q_ind_56_anc_6-5,0.003474,0.000000,0.000000,0.050083
Q_ind_57_anc_6-5,0.001219,0.000000,0.000000,0.016902
Q_ind_58_anc_6-5,0.000442,0.000000,0.000000,0.003482
Q_ind_59_anc_6-5,0.001777,0.000000,0.000000,0.024672
Q_ind_60_anc_6-5,0.003928,0.000000,0.000000,0.060176
Q_ind_61_anc_6-5,0.000383,0.000000,0.000000,0.004322
Q_ind_62_anc_6-5,0.001213,0.000000,0.000000,0.013461
Q_ind_63_anc_6-5,0.000058,0.000000,0.000000,0.000508
Q_ind_64_anc_6-5,0.000069,0.000000,0.000000,0.000762
Q_ind_65_anc_6-5,0.000049,0.000000,0.000000,0.000493
Q_ind_66_anc_6-5,0.000072,0.000000,0.000000,0.000723
Q_ind_67_anc_6-5,0.000055,0.000000,0.000000,0.000521
Q_ind_68_anc_6-5,0.180150,0.134168,0.000000,0.467389
Q_ind_69_anc_6-5,0.131351,0.000005,0.000000,0.455124
Q_ind_70_anc_6-5,0.248342,0.214216,0.037514,0.493712
Q_ind_71_anc_6-5,0.123157,0.000000,0.000000,0.511601
Q_ind_72_anc_6-5,0.163105,0.044015,0.000000,0.504099
Q_ind_73_anc_6-5,0.141759,0.018337,0.000000,0.413889
Q_ind_74_anc_6-5,0.135791,0.000000,0.000000,0.501821
Q_ind_75_anc_6-5,0.181518,0.144589,0.000000,0.473916
Q_ind_76_anc_6-5,0.087918,0.000000,0.000000,0.357728
Q_ind_77_anc_6-5,0.001742,0.000000,0.000000,0.027745
Q_ind_78_anc_6-5,0.000096,0.000000,0.000000,0.000887
Q_ind_79_anc_6-5,0.000670,0.000000,0.000000,0.007922
Q_ind_80_anc_6-5,0.000284,0.000000,0.000000,0.002881
Q_ind_81_anc_6-5,0.000552,0.000000,0.000000,0.007033
Q_ind_82_anc_6-5,0.000869,0.000000,0.000000,0.010657
Q_ind_83_anc_6-5,0.000436,0.000000,0.000000,0.006254
Q_ind_84_anc_6-5,0.000210,0.000000,0.000000,0.002015
Q_ind_85_anc_6-5,0.000471,0.000000,0.000000,0.004232
Q_ind_86_anc_6-5,0.001579,0.000000,0.000000,0.024526
Q_ind_87_anc_6-5,0.000165,0.000000,0.000000,0.001665
Q_ind_88_anc_6-5,0.000328,0.000000,0.000000,0.003768
Q_ind_89_anc_6-5,0.000080,0.000000,0.000000,0.000619
Q_ind_90_anc_6-5,0.000202,0.000000,0.000000,0.002370
Q_ind_91_anc_6-5,0.000166,0.000000,0.000000,0.001550
Q_ind_92_anc_6-5,0.000189,0.000000,0.000000,0.002311
Q_ind_93_anc_6-5,0.000866,0.000000,0.000000,0.011522
Q_ind_94_anc_6-5,0.002887,0.000000,0.000000,0.048878
Q_ind_95_anc_6-5,0.000335,0.000000,0.000000,0.003455
Q_ind_96_anc_6-5,0.000354,0.000000,0.000000,0.005020
Q_ind_97_anc_6-5,0.000721,0.000000,0.000000,0.010666
Q_ind_98_anc_6-5,0.000324,0.000000,0.000000,0.004115
Q_ind_99_anc_6-5,0.000413,0.000000,0.000000,0.003418
Q_ind_100_anc_6-5,0.000303,0.000000,0.000000,0.003621
Q_ind_101_anc_6-5,0.000104,0.000000,0.000000,0.001147
Q_ind_102_anc_6-5,0.000066,0.000000,0.000000,0.000618
Q_ind_103_anc_6-5,0.000158,0.000000,0.000000,0.001922
Q_ind_104_anc_6-5,0.000116,0.000000,0.000000,0.001178
Q_ind_105_anc_6-5,0.001968,0.000000,0.000000,0.027235
Q_ind_106_anc_6-5,0.002052,0.000000,0.000000,0.025362
Q_ind_107_anc_6-5,0.131826,0.000004,0.000000,0.492554
Q_ind_108_anc_6-5,0.101732,0.000000,0.000000,0.386469
Q_ind_109_anc_6-5,0.018286,0.000000,0.000000,0.181943
Q_ind_110_anc_6-5,0.277349,0.333080,0.000000,0.514805
Q_ind_111_anc_6-5,0.000397,0.000000,0.000000,0.005326
Q_ind_112_anc_6-5,0.008754,0.000000,0.000000,0.123104
Q_ind_113_anc_6-5,0.139131,0.122520,0.000000,0.405791
Q_ind_114_anc_6-5,0.000375,0.000000,0.000000,0.004378
Q_ind_115_anc_6-5,0.005128,0.000000,0.000000,0.050091
Q_ind_116_anc_6-5,0.000256,0.000000,0.000000,0.002755
Q_ind_117_anc_6-5,0.000149,0.000000,0.000000,0.001806
Q_ind_118_anc_6-5,0.001182,0.000000,0.000000,0.016154
Q_ind_119_anc_6-5,0.001003,0.000000,0.000000,0.014919
Q_ind_120_anc_6-5,0.000142,0.000000,0.000000,0.001394
Q_ind_121_anc_6-5,0.000332,0.000000,0.000000,0.004063
Q_ind_122_anc_6-5,0.000166,0.000000,0.000000,0.001070
Q_ind_123_anc_6-5,0.000270,0.000000,0.000000,0.003370
Q_ind_124_anc_6-5,0.002049,0.000000,0.000000,0.033636
Q_ind_125_anc_6-5,0.000534,0.000000,0.000000,0.004589
Q_ind_126_anc_6-5,0.000337,0.000000,0.000000,0.003513
Q_ind_127_anc_6-5,0.000439,0.000000,0.000000,0.005590
Q_ind_128_anc_6-5,0.000446,0.000000,0.000000,0.005895
Q_ind_129_anc_6-5,0.000555,0.000000,0.000000,0.007658
Q_ind_130_anc_6-5,0.000267,0.000000,0.000000,0.003593
Q_ind_131_anc_6-5,0.000126,0.000000,0.000000,0.001317
Q_ind_132_anc_6-5,0.000222,0.000000,0.000000,0.002365
Q_ind_133_anc_6-5,0.028409,0.000000,0.000000,0.154733
Q_ind_134_anc_6-5,0.014912,0.000000,0.000000,0.135279
Q_ind_135_anc_6-5,0.000571,0.000000,0.000000,0.003619
Q_ind_136_anc_6-5,0.045453,0.000000,0.000000,0.194887
Q_ind_137_anc_6-5,0.057137,0.050366,0.000000,0.174685
Q_ind_138_anc_6-5,0.028295,0.000000,0.000000,0.129943
Q_ind_139_anc_6-5,0.053445,0.000000,0.000000,0.219371
Q_ind_140_anc_6-5,0.023307,0.000000,0.000000,0.205433
Q_ind_141_anc_6-5,0.015259,0.000000,0.000000,0.187209
Q_ind_142_anc_6-5,0.002739,0.000000,0.000000,0.038612
Q_ind_143_anc_6-5,0.001246,0.000000,0.000000,0.017750
Q_ind_144_anc_6-5,0.002203,0.000000,0.000000,0.031392
Q_ind_145_anc_6-5,0.000041,0.000000,0.000000,0.000401
Q_ind_146_anc_6-5,0.000764,0.000000,0.000000,0.011692
Q_ind_147_anc_6-5,0.000099,0.000000,0.000000,0.000836
Q_ind_148_anc_6-5,0.001648,0.000000,0.000000,0.023397
Q_ind_149_anc_6-5,0.000464,0.000000,0.000000,0.005933
Q_ind_150_anc_6-5,0.000090,0.000000,0.000000,0.000818
Q_ind_151_anc_6-5,0.000164,0.000000,0.000000,0.001746
Q_ind_152_anc_6-5,0.000083,0.000000,0.000000,0.000812
Q_ind_153_anc_6-5,0.000068,0.000000,0.000000,0.000710
Q_ind_154_anc_6-5,0.000189,0.000000,0.000000,0.002304
Q_ind_155_anc_6-5,0.000140,0.000000,0.000000,0.001368
Q_ind_156_anc_6-5,0.000121,0.000000,0.000000,0.001202
Q_ind_157_anc_6-5,0.000097,0.000000,0.000000,0.000828
Q_ind_158_anc_6-5,0.000083,0.000000,0.000000,0.000750
Q_ind_159_anc_6-5,0.000225,0.000000,0.000000,0.002367
Q_ind_160_anc_6-5,0.000155,0.000000,0.000000,0.001402
Q_ind_161_anc_6-5,0.000070,0.000000,0.000000,0.000575
Q_ind_162_anc_6-5,0.000266,0.000000,0.000000,0.003534
Q_ind_163_anc_6-5,0.000059,0.000000,0.000000,0.000512
Q_ind_164_anc_6-5,0.000121,0.000000,0.000000,0.001203
Q_ind_165_anc_6-5,0.022362,0.000000,0.000000,0.165127
Q_ind_166_anc_6-5,0.019309,0.000000,0.000000,0.128353
Q_ind_167_anc_6-5,0.007017,0.000000,0.000000,0.086897
Q_ind_168_anc_6-5,0.173778,0.207565,0.000000,0.324391
Q_ind_169_anc_6-5,0.000884,0.000000,0.000000,0.014226
Q_ind_170_anc_6-5,0.000200,0.000000,0.000000,0.001287
Q_ind_171_anc_6-5,0.000854,0.000000,0.000000,0.008351
Q_ind_172_anc_6-5,0.011225,0.000000,0.000000,0.101950
Q_ind_173_anc_6-5,0.000626,0.000000,0.000000,0.008231
Q_ind_174_anc_6-5,0.011637,0.000000,0.000000,0.181164
Q_ind_175_anc_6-5,0.001438,0.000000,0.000000,0.021643
Q_ind_176_anc_6-5,0.000677,0.000000,0.000000,0.006377
Q_ind_177_anc_6-5,0.000260,0.000000,0.000000,0.002577
Q_ind_178_anc_6-5,0.000113,0.000000,0.000000,0.001180
Q_ind_179_anc_6-5,0.000114,0.000000,0.000000,0.001154
Q_ind_180_anc_6-5,0.000295,0.000000,0.000000,0.003608
Q_ind_181_anc_6-5,0.001330,0.000000,0.000000,0.019346
Q_ind_182_anc_6-5,0.000235,0.000000,0.000000,0.002656
Q_ind_183_anc_6-5,0.000215,0.000000,0.000000,0.001681
Q_ind_184_anc_6-5,0.000660,0.000000,0.000000,0.009638
Q_ind_185_anc_6-5,0.550686,0.554122,0.283121,0.812503
Q_ind_186_anc_6-5,0.154845,0.092063,0.000000,0.471918
Q_ind_187_anc_6-5,0.131248,0.000019,0.000000,0.509339
Q_ind_188_anc_6-5,0.252921,0.163610,0.000000,0.714354
Q_ind_189_anc_6-5,0.042111,0.000000,0.000000,0.339129
Q_ind_190_anc_6-5,0.230473,0.145076,0.000000,0.679686
Q_ind_191_anc_6-5,0.150821,0.000318,0.000000,0.629147
Q_ind_192_anc_6-5,0.000182,0.000000,0.000000,0.001797
Q_ind_193_anc_6-5,0.000273,0.000000,0.000000,0.003348
Q_ind_194_anc_6-5,0.000025,0.000000,0.000000,0.000211
Q_ind_195_anc_6-5,0.000105,0.000000,0.000000,0.000977
Q_ind_196_anc_6-5,0.000033,0.000000,0.000000,0.000306
Q_ind_197_anc_6-5,0.000039,0.000000,0.000000,0.000327
Q_ind_198_anc_6-5,0.000035,0.000000,0.000000,0.000317
Q_ind_199_anc_6-5,0.000188,0.000000,0.000000,0.001915
Q_ind_200_anc_6-5,0.000062,0.000000,0.000000,0.000624
Q_ind_201_anc_6-5,0.000293,0.000000,0.000000,0.001816
Q_ind_202_anc_6-5,0.000053,0.000000,0.000000,0.000566
Q_ind_203_anc_6-5,0.000154,0.000000,0.000000,0.001346
Q_ind_204_anc_6-5,0.000368,0.000000,0.000000,0.004300
Q_ind_205_anc_6-5,0.000261,0.000000,0.000000,0.002932
Q_ind_206_anc_6-5,0.000199,0.000000,0.000000,0.002095
Q_ind_207_anc_6-5,0.000981,0.000000,0.000000,0.015611
Q_ind_208_anc_6-5,0.000129,0.000000,0.000000,0.001430
Q_ind_209_anc_6-5,0.000518,0.000000,0.000000,0.006305
Q_ind_210_anc_6-5,0.000286,0.000000,0.000000,0.002404
Q_ind_211_anc_6-5,0.000669,0.000000,0.000000,0.009226
Q_ind_212_anc_6-5,0.000174,0.000000,0.000000,0.001477
Q_ind_213_anc_6-5,0.004205,0.000000,0.000000,0.058370
Q_ind_214_anc_6-5,0.001282,0.000000,0.000000,0.016880
Q_ind_215_anc_6-5,0.009025,0.000000,0.000000,0.081408
Q_ind_216_anc_6-5,0.001523,0.000000,0.000000,0.021728
Q_ind_217_anc_6-5,0.010557,0.000000,0.000000,0.095227
Q_ind_218_anc_6-5,0.001834,0.000000,0.000000,0.027293
Q_ind_219_anc_6-5,0.007909,0.000000,0.000000,0.096625
Q_ind_220_anc_6-5,0.001512,0.000000,0.000000,0.023493
Q_ind_221_anc_6-5,0.036277,0.000854,0.000000,0.131149
Q_ind_222_anc_6-5,0.001743,0.000000,0.000000,0.023487
Q_ind_223_anc_6-5,0.000185,0.000000,0.000000,0.001699
Q_ind_224_anc_6-5,0.015161,0.000000,0.000000,0.168484
Q_ind_225_anc_6-5,0.000470,0.000000,0.000000,0.006178
Q_ind_226_anc_6-5,0.000171,0.000000,0.000000,0.001785
Q_ind_227_anc_6-5,0.000356,0.000000,0.000000,0.004441
Q_ind_228_anc_6-5,0.000302,0.000000,0.000000,0.003204
Q_ind_229_anc_6-5,0.000367,0.000000,0.000000,0.005489
Q_ind_230_anc_6-5,0.001676,0.000000,0.000000,0.022547
Q_ind_231_anc_6-5,0.000214,0.000000,0.000000,0.002651
Q_ind_232_anc_6-5,0.010945,0.000000,0.000000,0.088896
Q_ind_233_anc_6-5,0.019464,0.000000,0.000000,0.136374
Q_ind_234_anc_6-5,0.001709,0.000000,0.000000,0.024392
Q_ind_235_anc_6-5,0.046335,0.000000,0.000000,0.231144
Q_ind_236_anc_6-5,0.075066,0.001208,0.000000,0.255368
Q_ind_237_anc_6-5,0.032109,0.000000,0.000000,0.208803
Q_ind_238_anc_6-5,0.072790,0.052309,0.000000,0.265915
Q_ind_239_anc_6-5,0.003185,0.000000,0.000000,0.045725
Q_ind_240_anc_6-5,0.107143,0.107783,0.000000,0.244788
Q_ind_241_anc_6-5,0.121771,0.096440,0.000000,0.390182
Q_ind_242_anc_6-5,0.075070,0.000579,0.000000,0.273675
Q_ind_243_anc_6-5,0.164253,0.172352,0.000000,0.354174
Q_ind_244_anc_6-5,0.031390,0.000000,0.000000,0.215929
Q_ind_245_anc_6-5,0.192233,0.176526,0.071297,0.369835
Q_ind_1_anc_6-6,0.000085,0.000000,0.000000,0.000543
Q_ind_2_anc_6-6,0.000069,0.000000,0.000000,0.000661
Q_ind_3_anc_6-6,0.001264,0.000000,0.000000,0.015696
Q_ind_4_anc_6-6,0.000099,0.000000,0.000000,0.000933
Q_ind_5_anc_6-6,0.000047,0.000000,0.000000,0.000406
Q_ind_6_anc_6-6,0.000132,0.000000,0.000000,0.001465
Q_ind_7_anc_6-6,0.000225,0.000000,0.000000,0.002624
Q_ind_8_anc_6-6,0.000495,0.000000,0.000000,0.007745
Q_ind_9_anc_6-6,0.000067,0.000000,0.000000,0.000549
Q_ind_10_anc_6-6,0.000039,0.000000,0.000000,0.000326
Q_ind_11_anc_6-6,0.001580,0.000000,0.000000,0.020411
Q_ind_12_anc_6-6,0.000093,0.000000,0.000000,0.000762
Q_ind_13_anc_6-6,0.000366,0.000000,0.000000,0.005043
Q_ind_14_anc_6-6,0.000436,0.000000,0.000000,0.005786
Q_ind_15_anc_6-6,0.000384,0.000000,0.000000,0.005457
Q_ind_16_anc_6-6,0.000173,0.000000,0.000000,0.001879
Q_ind_17_anc_6-6,0.000176,0.000000,0.000000,0.001673
Q_ind_18_anc_6-6,0.000175,0.000000,0.000000,0.001571
Q_ind_19_anc_6-6,0.000245,0.000000,0.000000,0.003474
Q_ind_20_anc_6-6,0.000052,0.000000,0.000000,0.000417
Q_ind_21_anc_6-6,0.000496,0.000000,0.000000,0.007051
Q_ind_22_anc_6-6,0.003999,0.000000,0.000000,0.029585
Q_ind_23_anc_6-6,0.000407,0.000000,0.000000,0.004852
Q_ind_24_anc_6-6,0.000220,0.000000,0.000000,0.002451
Q_ind_25_anc_6-6,0.000189,0.000000,0.000000,0.002064
Q_ind_26_anc_6-6,0.000521,0.000000,0.000000,0.007341
Q_ind_27_anc_6-6,0.010317,0.000000,0.000000,0.058645
Q_ind_28_anc_6-6,0.000591,0.000000,0.000000,0.009123
Q_ind_29_anc_6-6,0.000494,0.000000,0.000000,0.006775
Q_ind_30_anc_6-6,0.000346,0.000000,0.000000,0.002957
Q_ind_31_anc_6-6,0.000063,0.000000,0.000000,0.000635
Q_ind_32_anc_6-6,0.000112,0.000000,0.000000,0.000782
Q_ind_33_anc_6-6,0.000364,0.000000,0.000000,0.005117
Q_ind_34_anc_6-6,0.000079,0.000000,0.000000,0.000839
Q_ind_35_anc_6-6,0.000131,0.000000,0.000000,0.001516
Q_ind_36_anc_6-6,0.000033,0.000000,0.000000,0.000335
Q_ind_37_anc_6-6,0.000166,0.000000,0.000000,0.001716
Q_ind_38_anc_6-6,0.000064,0.000000,0.000000,0.000692
Q_ind_39_anc_6-6,0.000051,0.000000,0.000000,0.000471
Q_ind_40_anc_6-6,0.000152,0.000000,0.000000,0.001123
Q_ind_41_anc_6-6,0.000194,0.000000,0.000000,0.002487
Q_ind_42_anc_6-6,0.344824,0.309912,0.234433,0.576917
Q_ind_43_anc_6-6,0.262152,0.210228,0.121865,0.554657
Q_ind_44_anc_6-6,0.288662,0.249455,0.161937,0.549413
Q_ind_45_anc_6-6,0.304437,0.267515,0.168390,0.540645
Q_ind_46_anc_6-6,0.336932,0.297599,0.217101,0.572776
Q_ind_47_anc_6-6,0.160435,0.141921,0.000000,0.362387
Q_ind_48_anc_6-6,0.298507,0.260154,0.190835,0.552661
Q_ind_49_anc_6-6,0.326287,0.285135,0.168722,0.542490
Q_ind_50_anc_6-6,0.284980,0.246832,0.166793,0.542333
Q_ind_51_anc_6-6,0.000368,0.000000,0.000000,0.005483
Q_ind_52_anc_6-6,0.000116,0.000000,0.000000,0.000995
Q_ind_53_anc_6-6,0.000270,0.000000,0.000000,0.002935
Q_ind_54_anc_6-6,0.000105,0.000000,0.000000,0.001051
Q_ind_55_anc_6-6,0.000103,0.000000,0.000000,0.000910
Q_ind_56_anc_6-6,0.000105,0.000000,0.000000,0.001120
Q_ind_57_anc_6-6,0.000110,0.000000,0.000000,0.000773
Q_ind_58_anc_6-6,0.002414,0.000000,0.000000,0.034409
Q_ind_59_anc_6-6,0.000216,0.000000,0.000000,0.002563
Q_ind_60_anc_6-6,0.000281,0.000000,0.000000,0.003476
Q_ind_61_anc_6-6,0.000694,0.000000,0.000000,0.009626
Q_ind_62_anc_6-6,0.001556,0.000000,0.000000,0.022712
Q_ind_63_anc_6-6,0.000072,0.000000,0.000000,0.000425
Q_ind_64_anc_6-6,0.000066,0.000000,0.000000,0.000801
Q_ind_65_anc_6-6,0.000127,0.000000,0.000000,0.001678
Q_ind_66_anc_6-6,0.000110,0.000000,0.000000,0.001072
Q_ind_67_anc_6-6,0.000067,0.000000,0.000000,0.000570
Q_ind_68_anc_6-6,0.239362,0.230654,0.141805,0.396027
Q_ind_69_anc_6-6,0.006661,0.000000,0.000000,0.067439
Q_ind_70_anc_6-6,0.000343,0.000000,0.000000,0.003529
Q_ind_71_anc_6-6,0.300256,0.275726,0.211579,0.532960
Q_ind_72_anc_6-6,0.271483,0.256869,0.175890,0.466410
Q_ind_73_anc_6-6,0.283857,0.265627,0.193630,0.515616
Q_ind_74_anc_6-6,0.042558,0.032487,0.000000,0.173097
Q_ind_75_anc_6-6,0.000300,0.000000,0.000000,0.002831
Q_ind_76_anc_6-6,0.329964,0.304388,0.238418,0.567570
Q_ind_77_anc_6-6,0.000262,0.000000,0.000000,0.002470
Q_ind_78_anc_6-6,0.000203,0.000000,0.000000,0.002441
Q_ind_79_anc_6-6,0.000536,0.000000,0.000000,0.008143
Q_ind_80_anc_6-6,0.000206,0.000000,0.000000,0.002282
Q_ind_81_anc_6-6,0.000280,0.000000,0.000000,0.002277
Q_ind_82_anc_6-6,0.000845,0.000000,0.000000,0.012407
Q_ind_83_anc_6-6,0.004651,0.000000,0.000000,0.026537
Q_ind_84_anc_6-6,0.000296,0.000000,0.000000,0.004087
Q_ind_85_anc_6-6,0.000518,0.000000,0.000000,0.007682
Q_ind_86_anc_6-6,0.000400,0.000000,0.000000,0.005565
Q_ind_87_anc_6-6,0.000185,0.000000,0.000000,0.001926
Q_ind_88_anc_6-6,0.000233,0.000000,0.000000,0.002628
Q_ind_89_anc_6-6,0.000059,0.000000,0.000000,0.000558
Q_ind_90_anc_6-6,0.000203,0.000000,0.000000,0.002024
Q_ind_91_anc_6-6,0.000329,0.000000,0.000000,0.003702
Q_ind_92_anc_6-6,0.000205,0.000000,0.000000,0.001961
Q_ind_93_anc_6-6,0.000226,0.000000,0.000000,0.003137
Q_ind_94_anc_6-6,0.000082,0.000000,0.000000,0.000682
Q_ind_95_anc_6-6,0.000187,0.000000,0.000000,0.001838
Q_ind_96_anc_6-6,0.000672,0.000000,0.000000,0.009555
Q_ind_97_anc_6-6,0.000300,0.000000,0.000000,0.003698
Q_ind_98_anc_6-6,0.000079,0.000000,0.000000,0.000779
Q_ind_99_anc_6-6,0.000050,0.000000,0.000000,0.000401
Q_ind_100_anc_6-6,0.000168,0.000000,0.000000,0.001722
Q_ind_101_anc_6-6,0.000093,0.000000,0.000000,0.000679
Q_ind_102_anc_6-6,0.000080,0.000000,0.000000,0.000856
Q_ind_103_anc_6-6,0.000199,0.000000,0.000000,0.002158
Q_ind_104_anc_6-6,0.000200,0.000000,0.000000,0.002437
Q_ind_105_anc_6-6,0.000052,0.000000,0.000000,0.000557
Q_ind_106_anc_6-6,0.000505,0.000000,0.000000,0.007736
Q_ind_107_anc_6-6,0.096112,0.109808,0.000000,0.206634
Q_ind_108_anc_6-6,0.117614,0.105769,0.000000,0.286490
Q_ind_109_anc_6-6,0.197224,0.189359,0.090354,0.325730
Q_ind_110_anc_6-6,0.053247,0.047368,0.000000,0.153331
Q_ind_111_anc_6-6,0.123746,0.113034,0.049023,0.275593
Q_ind_112_anc_6-6,0.000250,0.000000,0.000000,0.002475
Q_ind_113_anc_6-6,0.049943,0.000000,0.000000,0.205994
Q_ind_114_anc_6-6,0.206380,0.204668,0.109696,0.301240
Q_ind_115_anc_6-6,0.001877,0.000000,0.000000,0.028315
Q_ind_116_anc_6-6,0.000368,0.000000,0.000000,0.004465
Q_ind_117_anc_6-6,0.000189,0.000000,0.000000,0.002428
Q_ind_118_anc_6-6,0.001137,0.000000,0.000000,0.018999
Q_ind_119_anc_6-6,0.000251,0.000000,0.000000,0.002542
Q_ind_120_anc_6-6,0.000170,0.000000,0.000000,0.001643
Q_ind_121_anc_6-6,0.000836,0.000000,0.000000,0.012858
Q_ind_122_anc_6-6,0.000150,0.000000,0.000000,0.001728
Q_ind_123_anc_6-6,0.000130,0.000000,0.000000,0.001103
Q_ind_124_anc_6-6,0.000154,0.000000,0.000000,0.001711
Q_ind_125_anc_6-6,0.000272,0.000000,0.000000,0.002588
Q_ind_126_anc_6-6,0.003054,0.000000,0.000000,0.023779
Q_ind_127_anc_6-6,0.000739,0.000000,0.000000,0.010013
Q_ind_128_anc_6-6,0.000297,0.000000,0.000000,0.003960
Q_ind_129_anc_6-6,0.000277,0.000000,0.000000,0.002384
Q_ind_130_anc_6-6,0.000191,0.000000,0.000000,0.001708
Q_ind_131_anc_6-6,0.000070,0.000000,0.000000,0.000697
Q_ind_132_anc_6-6,0.000035,0.000000,0.000000,0.000300
Q_ind_133_anc_6-6,0.021587,0.000197,0.000000,0.076378
Q_ind_134_anc_6-6,0.044938,0.047764,0.000000,0.081126
Q_ind_135_anc_6-6,0.008836,0.000000,0.000000,0.056271
Q_ind_136_anc_6-6,0.025300,0.017194,0.000000,0.079352
Q_ind_137_anc_6-6,0.000676,0.000000,0.000000,0.008621
Q_ind_138_anc_6-6,0.000067,0.000000,0.000000,0.000642
Q_ind_139_anc_6-6,0.000159,0.000000,0.000000,0.001418
Q_ind_140_anc_6-6,0.000781,0.000000,0.000000,0.011164
Q_ind_141_anc_6-6,0.036517,0.039206,0.000000,0.101655
Q_ind_142_anc_6-6,0.000043,0.000000,0.000000,0.000315
Q_ind_143_anc_6-6,0.044212,0.047615,0.000000,0.086329
Q_ind_144_anc_6-6,0.075774,0.075892,0.041320,0.109741
Q_ind_145_anc_6-6,0.000046,0.000000,0.000000,0.000537
Q_ind_146_anc_6-6,0.000142,0.000000,0.000000,0.001374
Q_ind_147_anc_6-6,0.000080,0.000000,0.000000,0.000840
Q_ind_148_anc_6-6,0.000644,0.000000,0.000000,0.008820
Q_ind_149_anc_6-6,0.000125,0.000000,0.000000,0.001164
Q_ind_150_anc_6-6,0.000210,0.000000,0.000000,0.002081
Q_ind_151_anc_6-6,0.000268,0.000000,0.000000,0.003241
Q_ind_152_anc_6-6,0.000085,0.000000,0.000000,0.000991
Q_ind_153_anc_6-6,0.000114,0.000000,0.000000,0.001096
Q_ind_154_anc_6-6,0.000100,0.000000,0.000000,0.000946
Q_ind_155_anc_6-6,0.000050,0.000000,0.000000,0.000497
Q_ind_156_anc_6-6,0.000148,0.000000,0.000000,0.001530
Q_ind_157_anc_6-6,0.000143,0.000000,0.000000,0.001599
Q_ind_158_anc_6-6,0.000109,0.000000,0.000000,0.001171
Q_ind_159_anc_6-6,0.000101,0.000000,0.000000,0.000895
Q_ind_160_anc_6-6,0.000137,0.000000,0.000000,0.001698
Q_ind_161_anc_6-6,0.000076,0.000000,0.000000,0.000704
Q_ind_162_anc_6-6,0.000262,0.000000,0.000000,0.003459
Q_ind_163_anc_6-6,0.000066,0.000000,0.000000,0.000727
Q_ind_164_anc_6-6,0.000135,0.000000,0.000000,0.001503
Q_ind_165_anc_6-6,0.043126,0.047091,0.000000,0.100202
Q_ind_166_anc_6-6,0.034536,0.034034,0.000000,0.093366
Q_ind_167_anc_6-6,0.065323,0.071740,0.000000,0.114914
Q_ind_168_anc_6-6,0.000077,0.000000,0.000000,0.000669
Q_ind_169_anc_6-6,0.000038,0.000000,0.000000,0.000396
Q_ind_170_anc_6-6,0.001284,0.000000,0.000000,0.018963
Q_ind_171_anc_6-6,0.000272,0.000000,0.000000,0.003838
Q_ind_172_anc_6-6,0.026395,0.025595,0.000000,0.075462
Q_ind_173_anc_6-6,0.000416,0.000000,0.000000,0.005227
Q_ind_174_anc_6-6,0.000346,0.000000,0.000000,0.004383
Q_ind_175_anc_6-6,0.000100,0.000000,0.000000,0.001036
Q_ind_176_anc_6-6,0.000101,0.000000,0.000000,0.000976
Q_ind_177_anc_6-6,0.000213,0.000000,0.000000,0.002453
Q_ind_178_anc_6-6,0.000069,0.000000,0.000000,0.000680
Q_ind_179_anc_6-6,0.000073,0.000000,0.000000,0.000724
Q_ind_180_anc_6-6,0.000350,0.000000,0.000000,0.003872
Q_ind_181_anc_6-6,0.000184,0.000000,0.000000,0.002026
Q_ind_182_anc_6-6,0.000132,0.000000,0.000000,0.001480
Q_ind_183_anc_6-6,0.000211,0.000000,0.000000,0.002105
Q_ind_184_anc_6-6,0.000099,0.000000,0.000000,0.001029
Q_ind_185_anc_6-6,0.022423,0.000000,0.000000,0.199324
Q_ind_186_anc_6-6,0.182863,0.175410,0.111376,0.301683
Q_ind_187_anc_6-6,0.192837,0.191118,0.123809,0.269063
Q_ind_188_anc_6-6,0.126770,0.126488,0.056116,0.198546
Q_ind_189_anc_6-6,0.345674,0.327484,0.241393,0.521563
Q_ind_190_anc_6-6,0.004716,0.000000,0.000000,0.065769
Q_ind_191_anc_6-6,0.223093,0.208945,0.119306,0.471512
Q_ind_192_anc_6-6,0.000086,0.000000,0.000000,0.000847
Q_ind_193_anc_6-6,0.000219,0.000000,0.000000,0.002912
Q_ind_194_anc_6-6,0.000020,0.000000,0.000000,0.000218
Q_ind_195_anc_6-6,0.000081,0.000000,0.000000,0.000738
Q_ind_196_anc_6-6,0.000031,0.000000,0.000000,0.000335
Q_ind_197_anc_6-6,0.000052,0.000000,0.000000,0.000478
Q_ind_198_anc_6-6,0.000028,0.000000,0.000000,0.000245
Q_ind_199_anc_6-6,0.000072,0.000000,0.000000,0.000540
Q_ind_200_anc_6-6,0.000042,0.000000,0.000000,0.000455
Q_ind_201_anc_6-6,0.000041,0.000000,0.000000,0.000384
Q_ind_202_anc_6-6,0.000065,0.000000,0.000000,0.000633
Q_ind_203_anc_6-6,0.000220,0.000000,0.000000,0.002709
Q_ind_204_anc_6-6,0.000477,0.000000,0.000000,0.006849
Q_ind_205_anc_6-6,0.000354,0.000000,0.000000,0.004359
Q_ind_206_anc_6-6,0.001070,0.000000,0.000000,0.014451
Q_ind_207_anc_6-6,0.001295,0.000000,0.000000,0.018480
Q_ind_208_anc_6-6,0.000044,0.000000,0.000000,0.000479
Q_ind_209_anc_6-6,0.000265,0.000000,0.000000,0.003301
Q_ind_210_anc_6-6,0.000895,0.000000,0.000000,0.012195
Q_ind_211_anc_6-6,0.003846,0.000000,0.000000,0.028991
Q_ind_212_anc_6-6,0.000046,0.000000,0.000000,0.000423
Q_ind_213_anc_6-6,0.000329,0.000000,0.000000,0.004085
Q_ind_214_anc_6-6,0.000777,0.000000,0.000000,0.011408
Q_ind_215_anc_6-6,0.000479,0.000000,0.000000,0.006212
Q_ind_216_anc_6-6,0.002853,0.000000,0.000000,0.042118
Q_ind_217_anc_6-6,0.000949,0.000000,0.000000,0.013938
Q_ind_218_anc_6-6,0.000090,0.000000,0.000000,0.000771
Q_ind_219_anc_6-6,0.000769,0.000000,0.000000,0.010645
Q_ind_220_anc_6-6,0.002265,0.000000,0.000000,0.031086
Q_ind_221_anc_6-6,0.000127,0.000000,0.000000,0.001320
Q_ind_222_anc_6-6,0.000253,0.000000,0.000000,0.003262
Q_ind_223_anc_6-6,0.000052,0.000000,0.000000,0.000485
Q_ind_224_anc_6-6,0.000041,0.000000,0.000000,0.000354
Q_ind_225_anc_6-6,0.024047,0.000000,0.000000,0.171316
Q_ind_226_anc_6-6,0.000080,0.000000,0.000000,0.000802
Q_ind_227_anc_6-6,0.079009,0.081199,0.000000,0.162498
Q_ind_228_anc_6-6,0.009825,0.000000,0.000000,0.109640
Q_ind_229_anc_6-6,0.061375,0.064994,0.000000,0.137931
Q_ind_230_anc_6-6,0.005346,0.000000,0.000000,0.067427
Q_ind_231_anc_6-6,0.000062,0.000000,0.000000,0.000526
Q_ind_232_anc_6-6,0.000201,0.000000,0.000000,0.002186
Q_ind_233_anc_6-6,0.007221,0.000000,0.000000,0.073832
Q_ind_234_anc_6-6,0.395856,0.342656,0.231072,0.766787
Q_ind_235_anc_6-6,0.301277,0.255232,0.190803,0.664223
Q_ind_236_anc_6-6,0.378989,0.337406,0.259645,0.695543
Q_ind_237_anc_6-6,0.358851,0.301786,0.214790,0.797961
Q_ind_238_anc_6-6,0.216756,0.185529,0.089266,0.513203
Q_ind_239_anc_6-6,0.338791,0.269988,0.174806,0.782695
Q_ind_240_anc_6-6,0.092578,0.087476,0.000000,0.288148
Q_ind_241_anc_6-6,0.229353,0.184613,0.102599,0.533095
Q_ind_242_anc_6-6,0.304183,0.258787,0.193264,0.677462
Q_ind_243_anc_6-6,0.003240,0.000000,0.000000,0.059010
Q_ind_244_anc_6-6,0.398318,0.341874,0.271016,0.775270
Q_ind_245_anc_6-6,0.012365,0.000000,0.000000,0.134230
Q_ind_1_anc_7-1,0.000320,0.000000,0.000000,0.004445
Q_ind_2_anc_7-1,0.000747,0.000000,0.000000,0.010888
Q_ind_3_anc_7-1,0.001024,0.000000,0.000000,0.014736
Q_ind_4_anc_7-1,0.000925,0.000000,0.000000,0.012401
Q_ind_5_anc_7-1,0.000133,0.000000,0.000000,0.000960
Q_ind_6_anc_7-1,0.004247,0.000000,0.000000,0.057107
Q_ind_7_anc_7-1,0.000227,0.000000,0.000000,0.002944
Q_ind_8_anc_7-1,0.000206,0.000000,0.000000,0.002017
Q_ind_9_anc_7-1,0.000387,0.000000,0.000000,0.005398
Q_ind_10_anc_7-1,0.000687,0.000000,0.000000,0.005053
Q_ind_11_anc_7-1,0.001566,0.000000,0.000000,0.023564
Q_ind_12_anc_7-1,0.000468,0.000000,0.000000,0.004252
Q_ind_13_anc_7-1,0.000250,0.000000,0.000000,0.002475
Q_ind_14_anc_7-1,0.005322,0.000000,0.000000,0.058112
Q_ind_15_anc_7-1,0.007089,0.000000,0.000000,0.070529
Q_ind_16_anc_7-1,0.001286,0.000000,0.000000,0.017291
Q_ind_17_anc_7-1,0.000183,0.000000,0.000000,0.002330
Q_ind_18_anc_7-1,0.000146,0.000000,0.000000,0.001569
Q_ind_19_anc_7-1,0.000236,0.000000,0.000000,0.002335
Q_ind_20_anc_7-1,0.000217,0.000000,0.000000,0.002986
Q_ind_21_anc_7-1,0.001076,0.000000,0.000000,0.017721
Q_ind_22_anc_7-1,0.003063,0.000000,0.000000,0.040033
Q_ind_23_anc_7-1,0.006777,0.000000,0.000000,0.057186
Q_ind_24_anc_7-1,0.001467,0.000000,0.000000,0.015353
Q_ind_25_anc_7-1,0.000340,0.000000,0.000000,0.004137
Q_ind_26_anc_7-1,0.010313,0.000000,0.000000,0.062544
Q_ind_27_anc_7-1,0.001161,0.000000,0.000000,0.017921
Q_ind_28_anc_7-1,0.001665,0.000000,0.000000,0.030442
Q_ind_29_anc_7-1,0.003514,0.000000,0.000000,0.041173
Q_ind_30_anc_7-1,0.007490,0.000000,0.000000,0.063756
Q_ind_31_anc_7-1,0.000110,0.000000,0.000000,0.001069
Q_ind_32_anc_7-1,0.000375,0.000000,0.000000,0.004803
Q_ind_33_anc_7-1,0.000376,0.000000,0.000000,0.003308
Q_ind_34_anc_7-1,0.000334,0.000000,0.000000,0.003094
Q_ind_35_anc_7-1,0.000148,0.000000,0.000000,0.001470
Q_ind_36_anc_7-1,0.000046,0.000000,0.000000,0.000394
Q_ind_37_anc_7-1,0.000196,0.000000,0.000000,0.001788
Q_ind_38_anc_7-1,0.000076,0.000000,0.000000,0.000773
Q_ind_39_anc_7-1,0.000200,0.000000,0.000000,0.002258
Q_ind_40_anc_7-1,0.009483,0.000000,0.000000,0.087542
Q_ind_41_anc_7-1,0.000252,0.000000,0.000000,0.003214
Q_ind_42_anc_7-1,0.000650,0.000000,0.000000,0.009734
Q_ind_43_anc_7-1,0.000475,0.000000,0.000000,0.005738
Q_ind_44_anc_7-1,0.000308,0.000000,0.000000,0.003793
Q_ind_45_anc_7-1,0.001585,0.000000,0.000000,0.024258
Q_ind_46_anc_7-1,0.000093,0.000000,0.000000,0.000846
Q_ind_47_anc_7-1,0.002292,0.000000,0.000000,0.035473
Q_ind_48_anc_7-1,0.000877,0.000000,0.000000,0.012437
Q_ind_49_anc_7-1,0.000176,0.000000,0.000000,0.001370
Q_ind_50_anc_7-1,0.000351,0.000000,0.000000,0.003385
Q_ind_51_anc_7-1,0.000279,0.000000,0.000000,0.003383
Q_ind_52_anc_7-1,0.000172,0.000000,0.000000,0.001546
Q_ind_53_anc_7-1,0.000277,0.000000,0.000000,0.003343
Q_ind_54_anc_7-1,0.000091,0.000000,0.000000,0.000655
Q_ind_55_anc_7-1,0.000158,0.000000,0.000000,0.001761
Q_ind_56_anc_7-1,0.000113,0.000000,0.000000,0.001036
Q_ind_57_anc_7-1,0.000433,0.000000,0.000000,0.005261
Q_ind_58_anc_7-1,0.000191,0.000000,0.000000,0.002215
Q_ind_59_anc_7-1,0.001324,0.000000,0.000000,0.019804
Q_ind_60_anc_7-1,0.000129,0.000000,0.000000,0.001539
Q_ind_61_anc_7-1,0.001361,0.000000,0.000000,0.020758
Q_ind_62_anc_7-1,0.001252,0.000000,0.000000,0.018025
Q_ind_63_anc_7-1,0.000136,0.000000,0.000000,0.001177
Q_ind_64_anc_7-1,0.000293,0.000000,0.000000,0.003690
Q_ind_65_anc_7-1,0.000694,0.000000,0.000000,0.005639
Q_ind_66_anc_7-1,0.000139,0.000000,0.000000,0.001205
Q_ind_67_anc_7-1,0.001137,0.000000,0.000000,0.014447
Q_ind_68_anc_7-1,0.000204,0.000000,0.000000,0.002553
Q_ind_69_anc_7-1,0.000201,0.000000,0.000000,0.001918
Q_ind_70_anc_7-1,0.000135,0.000000,0.000000,0.001474
Q_ind_71_anc_7-1,0.000422,0.000000,0.000000,0.003320
Q_ind_72_anc_7-1,0.001095,0.000000,0.000000,0.015715
Q_ind_73_anc_7-1,0.000133,0.000000,0.000000,0.001214
Q_ind_74_anc_7-1,0.001521,0.000000,0.000000,0.022459
Q_ind_75_anc_7-1,0.000102,0.000000,0.000000,0.000963
Q_ind_76_anc_7-1,0.001418,0.000000,0.000000,0.020428
Q_ind_77_anc_7-1,0.074624,0.089408,0.000000,0.172594
Q_ind_78_anc_7-1,0.112798,0.130887,0.000000,0.212658
Q_ind_79_anc_7-1,0.010093,0.000000,0.000000,0.117856
Q_ind_80_anc_7-1,0.016776,0.000000,0.000000,0.115706
Q_ind_81_anc_7-1,0.031356,0.000000,0.000000,0.138479
Q_ind_82_anc_7-1,0.130361,0.144782,0.000000,0.253173
Q_ind_83_anc_7-1,0.141469,0.144156,0.063345,0.204573
Q_ind_84_anc_7-1,0.142361,0.154425,0.000000,0.225059
Q_ind_85_anc_7-1,0.134082,0.136833,0.065006,0.189442
Q_ind_86_anc_7-1,0.037306,0.000155,0.000000,0.146127
Q_ind_87_anc_7-1,0.004856,0.000000,0.000000,0.087601
Q_ind_88_anc_7-1,0.133754,0.152459,0.000000,0.303496
Q_ind_89_anc_7-1,0.027200,0.000000,0.000000,0.145508
Q_ind_90_anc_7-1,0.081477,0.013726,0.000000,0.254114
Q_ind_91_anc_7-1,0.099140,0.100611,0.000000,0.266218
Q_ind_92_anc_7-1,0.048330,0.000001,0.000000,0.191740
Q_ind_93_anc_7-1,0.033306,0.000000,0.000000,0.192751
Q_ind_94_anc_7-1,0.000865,0.000000,0.000000,0.011134
Q_ind_95_anc_7-1,0.134414,0.139292,0.000000,0.338885
Q_ind_96_anc_7-1,0.000122,0.000000,0.000000,0.001584
Q_ind_97_anc_7-1,0.000378,0.000000,0.000000,0.004959
Q_ind_98_anc_7-1,0.000083,0.000000,0.000000,0.000803
Q_ind_99_anc_7-1,0.000084,0.000000,0.000000,0.000603
Q_ind_100_anc_7-1,0.000076,0.000000,0.000000,0.000663
Q_ind_101_anc_7-1,0.000112,0.000000,0.000000,0.001201
Q_ind_102_anc_7-1,0.000077,0.000000,0.000000,0.000792
Q_ind_103_anc_7-1,0.000181,0.000000,0.000000,0.001856
Q_ind_104_anc_7-1,0.000107,0.000000,0.000000,0.000865
Q_ind_105_anc_7-1,0.000057,0.000000,0.000000,0.000564
Q_ind_106_anc_7-1,0.000783,0.000000,0.000000,0.011546
Q_ind_107_anc_7-1,0.000231,0.000000,0.000000,0.002133
Q_ind_108_anc_7-1,0.000156,0.000000,0.000000,0.001500
Q_ind_109_anc_7-1,0.000525,0.000000,0.000000,0.005528
Q_ind_110_anc_7-1,0.000079,0.000000,0.000000,0.000584
Q_ind_111_anc_7-1,0.000215,0.000000,0.000000,0.001229
Q_ind_112_anc_7-1,0.000103,0.000000,0.000000,0.000835
Q_ind_113_anc_7-1,0.001734,0.000000,0.000000,0.027748
Q_ind_114_anc_7-1,0.000278,0.000000,0.000000,0.002980
Q_ind_115_anc_7-1,0.000220,0.000000,0.000000,0.002232
Q_ind_116_anc_7-1,0.000098,0.000000,0.000000,0.001011
Q_ind_117_anc_7-1,0.000198,0.000000,0.000000,0.002013
Q_ind_118_anc_7-1,0.000122,0.000000,0.000000,0.000977
Q_ind_119_anc_7-1,0.001877,0.000000,0.000000,0.026454
Q_ind_120_anc_7-1,0.000072,0.000000,0.000000,0.000682
Q_ind_121_anc_7-1,0.002491,0.000000,0.000000,0.030897
Q_ind_122_anc_7-1,0.000105,0.000000,0.000000,0.000754
Q_ind_123_anc_7-1,0.000591,0.000000,0.000000,0.009349
Q_ind_124_anc_7-1,0.000456,0.000000,0.000000,0.006215
Q_ind_125_anc_7-1,0.016870,0.000000,0.000000,0.084568
Q_ind_126_anc_7-1,0.019105,0.000000,0.000000,0.107423
Q_ind_127_anc_7-1,0.001835,0.000000,0.000000,0.027514
Q_ind_128_anc_7-1,0.052615,0.056855,0.000000,0.131135
Q_ind_129_anc_7-1,0.000380,0.000000,0.000000,0.003315
Q_ind_130_anc_7-1,0.002487,0.000000,0.000000,0.036763
Q_ind_131_anc_7-1,0.000664,0.000000,0.000000,0.010084
Q_ind_132_anc_7-1,0.000081,0.000000,0.000000,0.000803
Q_ind_133_anc_7-1,0.000659,0.000000,0.000000,0.010517
Q_ind_134_anc_7-1,0.000113,0.000000,0.000000,0.001406
Q_ind_135_anc_7-1,0.000250,0.000000,0.000000,0.003189
Q_ind_136_anc_7-1,0.000152,0.000000,0.000000,0.001195
Q_ind_137_anc_7-1,0.000164,0.000000,0.000000,0.001466
Q_ind_138_anc_7-1,0.000072,0.000000,0.000000,0.000639
Q_ind_139_anc_7-1,0.000079,0.000000,0.000000,0.000564
Q_ind_140_anc_7-1,0.000327,0.000000,0.000000,0.003254
Q_ind_141_anc_7-1,0.000138,0.000000,0.000000,0.001335
Q_ind_142_anc_7-1,0.000100,0.000000,0.000000,0.000801
Q_ind_143_anc_7-1,0.000135,0.000000,0.000000,0.001229
Q_ind_144_anc_7-1,0.000195,0.000000,0.000000,0.002064
Q_ind_145_anc_7-1,0.000143,0.000000,0.000000,0.001619
Q_ind_146_anc_7-1,0.021597,0.000000,0.000000,0.130645
Q_ind_147_anc_7-1,0.001674,0.000000,0.000000,0.026171
Q_ind_148_anc_7-1,0.000301,0.000000,0.000000,0.003098
Q_ind_149_anc_7-1,0.030718,0.000000,0.000000,0.140308
Q_ind_150_anc_7-1,0.000475,0.000000,0.000000,0.004554
Q_ind_151_anc_7-1,0.000326,0.000000,0.000000,0.003580
Q_ind_152_anc_7-1,0.000838,0.000000,0.000000,0.010300
Q_ind_153_anc_7-1,0.000761,0.000000,0.000000,0.008737
Q_ind_154_anc_7-1,0.000324,0.000000,0.000000,0.003657
Q_ind_155_anc_7-1,0.178202,0.188080,0.000000,0.288746
Q_ind_156_anc_7-1,0.004341,0.000000,0.000000,0.088714
Q_ind_157_anc_7-1,0.007780,0.000000,0.000000,0.093809
Q_ind_158_anc_7-1,0.000489,0.000000,0.000000,0.003324
Q_ind_159_anc_7-1,0.005156,0.000000,0.000000,0.086549
Q_ind_160_anc_7-1,0.009619,0.000000,0.000000,0.114730
Q_ind_161_anc_7-1,0.000671,0.000000,0.000000,0.008040
Q_ind_162_anc_7-1,0.012776,0.000000,0.000000,0.106364
Q_ind_163_anc_7-1,0.068923,0.073498,0.000000,0.170955
Q_ind_164_anc_7-1,0.042977,0.000008,0.000000,0.158112
Q_ind_165_anc_7-1,0.000162,0.000000,0.000000,0.001628
Q_ind_166_anc_7-1,0.000221,0.000000,0.000000,0.002137
Q_ind_167_anc_7-1,0.000202,0.000000,0.000000,0.001986
Q_ind_168_anc_7-1,0.000210,0.000000,0.000000,0.002515
Q_ind_169_anc_7-1,0.000300,0.000000,0.000000,0.003529
Q_ind_170_anc_7-1,0.000477,0.000000,0.000000,0.004278
Q_ind_171_anc_7-1,0.000307,0.000000,0.000000,0.002403
Q_ind_172_anc_7-1,0.000096,0.000000,0.000000,0.000865
Q_ind_173_anc_7-1,0.000145,0.000000,0.000000,0.001741
Q_ind_174_anc_7-1,0.000197,0.000000,0.000000,0.002085
Q_ind_175_anc_7-1,0.000135,0.000000,0.000000,0.000905
Q_ind_176_anc_7-1,0.010552,0.000000,0.000000,0.101105
Q_ind_177_anc_7-1,0.028720,0.000000,0.000000,0.203304
Q_ind_178_anc_7-1,0.091617,0.100022,0.000000,0.213536
Q_ind_179_anc_7-1,0.092161,0.090305,0.000000,0.238269
Q_ind_180_anc_7-1,0.044646,0.035243,0.000000,0.140611
Q_ind_181_anc_7-1,0.041636,0.000000,0.000000,0.196168
Q_ind_182_anc_7-1,0.168771,0.175564,0.000000,0.312084
Q_ind_183_anc_7-1,0.088316,0.092464,0.000000,0.176957
Q_ind_184_anc_7-1,0.095288,0.110313,0.000000,0.207153
Q_ind_185_anc_7-1,0.000349,0.000000,0.000000,0.003813
Q_ind_186_anc_7-1,0.000182,0.000000,0.000000,0.002042
Q_ind_187_anc_7-1,0.000084,0.000000,0.000000,0.000683
Q_ind_188_anc_7-1,0.000140,0.000000,0.000000,0.001557
Q_ind_189_anc_7-1,0.000083,0.000000,0.000000,0.000864
Q_ind_190_anc_7-1,0.000293,0.000000,0.000000,0.003087
Q_ind_191_anc_7-1,0.000099,0.000000,0.000000,0.000865
Q_ind_192_anc_7-1,0.000149,0.000000,0.000000,0.001365
Q_ind_193_anc_7-1,0.000154,0.000000,0.000000,0.001490
Q_ind_194_anc_7-1,0.000041,0.000000,0.000000,0.000413
Q_ind_195_anc_7-1,0.000403,0.000000,0.000000,0.004992
Q_ind_196_anc_7-1,0.000070,0.000000,0.000000,0.000736
Q_ind_197_anc_7-1,0.000056,0.000000,0.000000,0.000449
Q_ind_198_anc_7-1,0.000070,0.000000,0.000000,0.000629
Q_ind_199_anc_7-1,0.000297,0.000000,0.000000,0.003585
Q_ind_200_anc_7-1,0.002141,0.000000,0.000000,0.024051
Q_ind_201_anc_7-1,0.000124,0.000000,0.000000,0.000903
Q_ind_202_anc_7-1,0.000107,0.000000,0.000000,0.000757
Q_ind_203_anc_7-1,0.000715,0.000000,0.000000,0.010864
Q_ind_204_anc_7-1,0.000180,0.000000,0.000000,0.001920
Q_ind_205_anc_7-1,0.000762,0.000000,0.000000,0.009256
Q_ind_206_anc_7-1,0.001581,0.000000,0.000000,0.024939
Q_ind_207_anc_7-1,0.001227,0.000000,0.000000,0.014148
Q_ind_208_anc_7-1,0.000147,0.000000,0.000000,0.001672
Q_ind_209_anc_7-1,0.000182,0.000000,0.000000,0.001852
Q_ind_210_anc_7-1,0.000090,0.000000,0.000000,0.000844
Q_ind_211_anc_7-1,0.001367,0.000000,0.000000,0.018970
Q_ind_212_anc_7-1,0.000225,0.000000,0.000000,0.002241
Q_ind_213_anc_7-1,0.000462,0.000000,0.000000,0.006028
Q_ind_214_anc_7-1,0.000124,0.000000,0.000000,0.001203
Q_ind_215_anc_7-1,0.000161,0.000000,0.000000,0.001767
Q_ind_216_anc_7-1,0.000968,0.000000,0.000000,0.011960
Q_ind_217_anc_7-1,0.000116,0.000000,0.000000,0.000994
Q_ind_218_anc_7-1,0.000471,0.000000,0.000000,0.006704
Q_ind_219_anc_7-1,0.000519,0.000000,0.000000,0.006510
Q_ind_220_anc_7-1,0.001310,0.000000,0.000000,0.018204
Q_ind_221_anc_7-1,0.000366,0.000000,0.000000,0.004372
Q_ind_222_anc_7-1,0.000324,0.000000,0.000000,0.003123
Q_ind_223_anc_7-1,0.000196,0.000000,0.000000,0.002201
Q_ind_224_anc_7-1,0.000239,0.000000,0.000000,0.002110
Q_ind_225_anc_7-1,0.003572,0.000000,0.000000,0.053567
Q_ind_226_anc_7-1,0.000247,0.000000,0.000000,0.002738
Q_ind_227_anc_7-1,0.000516,0.000000,0.000000,0.005811
Q_ind_228_anc_7-1,0.000826,0.000000,0.000000,0.012939
Q_ind_229_anc_7-1,0.002744,0.000000,0.000000,0.051241
Q_ind_230_anc_7-1,0.000263,0.000000,0.000000,0.002773
Q_ind_231_anc_7-1,0.000524,0.000000,0.000000,0.005793
Q_ind_232_anc_7-1,0.000253,0.000000,0.000000,0.002426
Q_ind_233_anc_7-1,0.000823,0.000000,0.000000,0.010825
Q_ind_234_anc_7-1,0.000334,0.000000,0.000000,0.005038
Q_ind_235_anc_7-1,0.000299,0.000000,0.000000,0.003414
Q_ind_236_anc_7-1,0.000145,0.000000,0.000000,0.001377
Q_ind_237_anc_7-1,0.000198,0.000000,0.000000,0.001407
Q_ind_238_anc_7-1,0.000195,0.000000,0.000000,0.002424
Q_ind_239_anc_7-1,0.000431,0.000000,0.000000,0.004970
Q_ind_240_anc_7-1,0.000153,0.000000,0.000000,0.001651
Q_ind_241_anc_7-1,0.014214,0.000000,0.000000,0.080207
Q_ind_242_anc_7-1,0.000276,0.000000,0.000000,0.003130
Q_ind_243_anc_7-1,0.000338,0.000000,0.000000,0.004430
Q_ind_244_anc_7-1,0.000348,0.000000,0.000000,0.004944
Q_ind_245_anc_7-1,0.000140,0.000000,0.000000,0.000974
Q_ind_1_anc_7-2,0.000227,0.000000,0.000000,0.002842
Q_ind_2_anc_7-2,0.000728,0.000000,0.000000,0.009151
Q_ind_3_anc_7-2,0.000317,0.000000,0.000000,0.003552
Q_ind_4_anc_7-2,0.000769,0.000000,0.000000,0.010558
Q_ind_5_anc_7-2,0.000448,0.000000,0.000000,0.006208
Q_ind_6_anc_7-2,0.000381,0.000000,0.000000,0.003258
Q_ind_7_anc_7-2,0.000160,0.000000,0.000000,0.001467
Q_ind_8_anc_7-2,0.000493,0.000000,0.000000,0.004344
Q_ind_9_anc_7-2,0.000381,0.000000,0.000000,0.004393
Q_ind_10_anc_7-2,0.000184,0.000000,0.000000,0.001675
Q_ind_11_anc_7-2,0.001003,0.000000,0.000000,0.016359
Q_ind_12_anc_7-2,0.003037,0.000000,0.000000,0.041389
Q_ind_13_anc_7-2,0.000188,0.000000,0.000000,0.001814
Q_ind_14_anc_7-2,0.001570,0.000000,0.000000,0.024214
Q_ind_15_anc_7-2,0.003050,0.000000,0.000000,0.036599
Q_ind_16_anc_7-2,0.000358,0.000000,0.000000,0.004308
Q_ind_17_anc_7-2,0.001218,0.000000,0.000000,0.016097
Q_ind_18_anc_7-2,0.000210,0.000000,0.000000,0.001572
Q_ind_19_anc_7-2,0.000786,0.000000,0.000000,0.010736
Q_ind_20_anc_7-2,0.000529,0.000000,0.000000,0.006548
Q_ind_21_anc_7-2,0.001416,0.000000,0.000000,0.022043
Q_ind_22_anc_7-2,0.005365,0.000000,0.000000,0.051642
Q_ind_23_anc_7-2,0.000504,0.000000,0.000000,0.005710
Q_ind_24_anc_7-2,0.031113,0.001380,0.000000,0.112290
Q_ind_25_anc_7-2,0.000259,0.000000,0.000000,0.002088
Q_ind_26_anc_7-2,0.004609,0.000000,0.000000,0.041562
Q_ind_27_anc_7-2,0.001166,0.000000,0.000000,0.016072
Q_ind_28_anc_7-2,0.002459,0.000000,0.000000,0.032170
Q_ind_29_anc_7-2,0.002354,0.000000,0.000000,0.034863
Q_ind_30_anc_7-2,0.004171,0.000000,0.000000,0.050280
Q_ind_31_anc_7-2,0.000122,0.000000,0.000000,0.001352
Q_ind_32_anc_7-2,0.000413,0.000000,0.000000,0.004953
Q_ind_33_anc_7-2,0.000379,0.000000,0.000000,0.004265
Q_ind_34_anc_7-2,0.000116,0.000000,0.000000,0.000969
Q_ind_35_anc_7-2,0.000360,0.000000,0.000000,0.003601
Q_ind_36_anc_7-2,0.000065,0.000000,0.000000,0.000634
Q_ind_37_anc_7-2,0.000698,0.000000,0.000000,0.008993
Q_ind_38_anc_7-2,0.000082,0.000000,0.000000,0.000769
Q_ind_39_anc_7-2,0.000998,0.000000,0.000000,0.012590
Q_ind_40_anc_7-2,0.000267,0.000000,0.000000,0.003689
Q_ind_41_anc_7-2,0.000327,0.000000,0.000000,0.003207
Q_ind_42_anc_7-2,0.000260,0.000000,0.000000,0.003366
Q_ind_43_anc_7-2,0.000437,0.000000,0.000000,0.005633
Q_ind_44_anc_7-2,0.000460,0.000000,0.000000,0.005116
Q_ind_45_anc_7-2,0.000419,0.000000,0.000000,0.004425
Q_ind_46_anc_7-2,0.000092,0.000000,0.000000,0.000955
Q_ind_47_anc_7-2,0.001355,0.000000,0.000000,0.020320
Q_ind_48_anc_7-2,0.001736,0.000000,0.000000,0.028546
Q_ind_49_anc_7-2,0.000156,0.000000,0.000000,0.001130
Q_ind_50_anc_7-2,0.000152,0.000000,0.000000,0.001673
Q_ind_51_anc_7-2,0.000378,0.000000,0.000000,0.003911
Q_ind_52_anc_7-2,0.000386,0.000000,0.000000,0.005140
Q_ind_53_anc_7-2,0.000162,0.000000,0.000000,0.001637
Q_ind_54_anc_7-2,0.000325,0.000000,0.000000,0.002681
Q_ind_55_anc_7-2,0.000385,0.000000,0.000000,0.004492
Q_ind_56_anc_7-2,0.000201,0.000000,0.000000,0.002140
Q_ind_57_anc_7-2,0.105289,0.133334,0.000000,0.217691
Q_ind_58_anc_7-2,0.000110,0.000000,0.000000,0.001016
Q_ind_59_anc_7-2,0.008153,0.000000,0.000000,0.053767
Q_ind_60_anc_7-2,0.000113,0.000000,0.000000,0.001214
Q_ind_61_anc_7-2,0.003777,0.000000,0.000000,0.039177
Q_ind_62_anc_7-2,0.000310,0.000000,0.000000,0.003479
Q_ind_63_anc_7-2,0.000130,0.000000,0.000000,0.001269
Q_ind_64_anc_7-2,0.000056,0.000000,0.000000,0.000500
Q_ind_65_anc_7-2,0.000122,0.000000,0.000000,0.001117
Q_ind_66_anc_7-2,0.000080,0.000000,0.000000,0.000874
Q_ind_67_anc_7-2,0.000118,0.000000,0.000000,0.000972
Q_ind_68_anc_7-2,0.000330,0.000000,0.000000,0.003615
Q_ind_69_anc_7-2,0.000410,0.000000,0.000000,0.004776
Q_ind_70_anc_7-2,0.000218,0.000000,0.000000,0.002185
Q_ind_71_anc_7-2,0.000525,0.000000,0.000000,0.005611
Q_ind_72_anc_7-2,0.000166,0.000000,0.000000,0.001655
Q_ind_73_anc_7-2,0.000164,0.000000,0.000000,0.001726
Q_ind_74_anc_7-2,0.000374,0.000000,0.000000,0.004204
Q_ind_75_anc_7-2,0.001091,0.000000,0.000000,0.011597
Q_ind_76_anc_7-2,0.000454,0.000000,0.000000,0.004764
Q_ind_77_anc_7-2,0.002674,0.000000,0.000000,0.038380
Q_ind_78_anc_7-2,0.000304,0.000000,0.000000,0.004006
Q_ind_79_anc_7-2,0.000500,0.000000,0.000000,0.005467
Q_ind_80_anc_7-2,0.000196,0.000000,0.000000,0.002487
Q_ind_81_anc_7-2,0.055727,0.059809,0.000000,0.134301
Q_ind_82_anc_7-2,0.000229,0.000000,0.000000,0.002153
Q_ind_83_anc_7-2,0.000084,0.000000,0.000000,0.000656
Q_ind_84_anc_7-2,0.000129,0.000000,0.000000,0.001023
Q_ind_85_anc_7-2,0.000349,0.000000,0.000000,0.004311
Q_ind_86_anc_7-2,0.001270,0.000000,0.000000,0.018181
Q_ind_87_anc_7-2,0.000296,0.000000,0.000000,0.003483
Q_ind_88_anc_7-2,0.000992,0.000000,0.000000,0.012829
Q_ind_89_anc_7-2,0.002368,0.000000,0.000000,0.036210
Q_ind_90_anc_7-2,0.002523,0.000000,0.000000,0.040434
Q_ind_91_anc_7-2,0.000264,0.000000,0.000000,0.002237
Q_ind_92_anc_7-2,0.003595,0.000000,0.000000,0.069962
Q_ind_93_anc_7-2,0.002439,0.000000,0.000000,0.039552
Q_ind_94_anc_7-2,0.030350,0.000000,0.000000,0.177438
Q_ind_95_anc_7-2,0.005528,0.000000,0.000000,0.078848
Q_ind_96_anc_7-2,0.000343,0.000000,0.000000,0.004743
Q_ind_97_anc_7-2,0.000280,0.000000,0.000000,0.002750
Q_ind_98_anc_7-2,0.000073,0.000000,0.000000,0.000669
Q_ind_99_anc_7-2,0.000367,0.000000,0.000000,0.004427
Q_ind_100_anc_7-2,0.000176,0.000000,0.000000,0.001655
Q_ind_101_anc_7-2,0.000132,0.000000,0.000000,0.001467
Q_ind_102_anc_7-2,0.000068,0.000000,0.000000,0.000617
Q_ind_103_anc_7-2,0.000159,0.000000,0.000000,0.001886
Q_ind_104_anc_7-2,0.000097,0.000000,0.000000,0.000825
Q_ind_105_anc_7-2,0.000194,0.000000,0.000000,0.002582
Q_ind_106_anc_7-2,0.000284,0.000000,0.000000,0.002960
Q_ind_107_anc_7-2,0.000302,0.000000,0.000000,0.002719
Q_ind_108_anc_7-2,0.000254,0.000000,0.000000,0.002905
Q_ind_109_anc_7-2,0.000370,0.000000,0.000000,0.004430
Q_ind_110_anc_7-2,0.000080,0.000000,0.000000,0.000522
Q_ind_111_anc_7-2,0.000264,0.000000,0.000000,0.002320
Q_ind_112_anc_7-2,0.000299,0.000000,0.000000,0.003985
Q_ind_113_anc_7-2,0.000497,0.000000,0.000000,0.005456
Q_ind_114_anc_7-2,0.000066,0.000000,0.000000,0.000468
Q_ind_115_anc_7-2,0.000378,0.000000,0.000000,0.004623
Q_ind_116_anc_7-2,0.000136,0.000000,0.000000,0.001530
Q_ind_117_anc_7-2,0.000234,0.000000,0.000000,0.003185
Q_ind_118_anc_7-2,0.000238,0.000000,0.000000,0.002805
Q_ind_119_anc_7-2,0.000705,0.000000,0.000000,0.011165
Q_ind_120_anc_7-2,0.000153,0.000000,0.000000,0.001655
Q_ind_121_anc_7-2,0.000994,0.000000,0.000000,0.015499
Q_ind_122_anc_7-2,0.000310,0.000000,0.000000,0.003447
Q_ind_123_anc_7-2,0.000390,0.000000,0.000000,0.004833
Q_ind_124_anc_7-2,0.000314,0.000000,0.000000,0.003664
Q_ind_125_anc_7-2,0.000724,0.000000,0.000000,0.009862
Q_ind_126_anc_7-2,0.003504,0.000000,0.000000,0.057113
Q_ind_127_anc_7-2,0.000740,0.000000,0.000000,0.009797
Q_ind_128_anc_7-2,0.000587,0.000000,0.000000,0.005354
Q_ind_129_anc_7-2,0.000236,0.000000,0.000000,0.002561
Q_ind_130_anc_7-2,0.000368,0.000000,0.000000,0.004835
Q_ind_131_anc_7-2,0.004312,0.000000,0.000000,0.052287
Q_ind_132_anc_7-2,0.002437,0.000000,0.000000,0.034773
Q_ind_133_anc_7-2,0.000345,0.000000,0.000000,0.003807
Q_ind_134_anc_7-2,0.000161,0.000000,0.000000,0.001803
Q_ind_135_anc_7-2,0.000196,0.000000,0.000000,0.002122
Q_ind_136_anc_7-2,0.000376,0.000000,0.000000,0.003805
Q_ind_137_anc_7-2,0.000209,0.000000,0.000000,0.001926
Q_ind_138_anc_7-2,0.000208,0.000000,0.000000,0.002424
Q_ind_139_anc_7-2,0.000339,0.000000,0.000000,0.003258
Q_ind_140_anc_7-2,0.000141,0.000000,0.000000,0.001501
Q_ind_141_anc_7-2,0.000126,0.000000,0.000000,0.001106
Q_ind_142_anc_7-2,0.006986,0.000000,0.000000,0.068234
Q_ind_143_anc_7-2,0.000303,0.000000,0.000000,0.003891
Q_ind_144_anc_7-2,0.000105,0.000000,0.000000,0.000727
Q_ind_145_anc_7-2,0.000070,0.000000,0.000000,0.000726
Q_ind_146_anc_7-2,0.000129,0.000000,0.000000,0.001260
Q_ind_147_anc_7-2,0.000222,0.000000,0.000000,0.002063
Q_ind_148_anc_7-2,0.000284,0.000000,0.000000,0.002414
Q_ind_149_anc_7-2,0.100078,0.099770,0.037804,0.163123
Q_ind_150_anc_7-2,0.000107,0.000000,0.000000,0.000966
Q_ind_151_anc_7-2,0.000103,0.000000,0.000000,0.000958
Q_ind_152_anc_7-2,0.000165,0.000000,0.000000,0.001675
Q_ind_153_anc_7-2,0.000080,0.000000,0.000000,0.000764
Q_ind_154_anc_7-2,0.000121,0.000000,0.000000,0.001112
Q_ind_155_anc_7-2,0.028120,0.000561,0.000000,0.115971
Q_ind_156_anc_7-2,0.000214,0.000000,0.000000,0.002419
Q_ind_157_anc_7-2,0.000264,0.000000,0.000000,0.003326
Q_ind_158_anc_7-2,0.000559,0.000000,0.000000,0.006198
Q_ind_159_anc_7-2,0.000265,0.000000,0.000000,0.002798
Q_ind_160_anc_7-2,0.000114,0.000000,0.000000,0.001069
Q_ind_161_anc_7-2,0.000208,0.000000,0.000000,0.002013
Q_ind_162_anc_7-2,0.000308,0.000000,0.000000,0.003189
Q_ind_163_anc_7-2,0.000212,0.000000,0.000000,0.001944
Q_ind_164_anc_7-2,0.000200,0.000000,0.000000,0.002087
Q_ind_165_anc_7-2,0.000307,0.000000,0.000000,0.003226
Q_ind_166_anc_7-2,0.000139,0.000000,0.000000,0.001643
Q_ind_167_anc_7-2,0.000375,0.000000,0.000000,0.005505
Q_ind_168_anc_7-2,0.000770,0.000000,0.000000,0.009961
Q_ind_169_anc_7-2,0.003141,0.000000,0.000000,0.047324
Q_ind_170_anc_7-2,0.000469,0.000000,0.000000,0.005333
Q_ind_171_anc_7-2,0.001776,0.000000,0.000000,0.025571
Q_ind_172_anc_7-2,0.000108,0.000000,0.000000,0.001001
Q_ind_173_anc_7-2,0.000127,0.000000,0.000000,0.001276
Q_ind_174_anc_7-2,0.000418,0.000000,0.000000,0.005915
Q_ind_175_anc_7-2,0.001087,0.000000,0.000000,0.014537
Q_ind_176_anc_7-2,0.018097,0.000000,0.000000,0.097550
Q_ind_177_anc_7-2,0.000493,0.000000,0.000000,0.006474
Q_ind_178_anc_7-2,0.000257,0.000000,0.000000,0.003128
Q_ind_179_anc_7-2,0.000235,0.000000,0.000000,0.003108
Q_ind_180_anc_7-2,0.000131,0.000000,0.000000,0.001341
Q_ind_181_anc_7-2,0.011263,0.000000,0.000000,0.082911
Q_ind_182_anc_7-2,0.000999,0.000000,0.000000,0.012134
Q_ind_183_anc_7-2,0.000462,0.000000,0.000000,0.003940
Q_ind_184_anc_7-2,0.024495,0.000195,0.000000,0.106909
Q_ind_185_anc_7-2,0.000182,0.000000,0.000000,0.001706
Q_ind_186_anc_7-2,0.000135,0.000000,0.000000,0.001413
Q_ind_187_anc_7-2,0.000077,0.000000,0.000000,0.000742
Q_ind_188_anc_7-2,0.000231,0.000000,0.000000,0.002527
Q_ind_189_anc_7-2,0.000109,0.000000,0.000000,0.001281
Q_ind_190_anc_7-2,0.000285,0.000000,0.000000,0.002251
Q_ind_191_anc_7-2,0.000129,0.000000,0.000000,0.001282
Q_ind_192_anc_7-2,0.000258,0.000000,0.000000,0.003293
Q_ind_193_anc_7-2,0.000097,0.000000,0.000000,0.000744
Q_ind_194_anc_7-2,0.000036,0.000000,0.000000,0.000371
Q_ind_195_anc_7-2,0.000053,0.000000,0.000000,0.000465
Q_ind_196_anc_7-2,0.000034,0.000000,0.000000,0.000267
Q_ind_197_anc_7-2,0.000035,0.000000,0.000000,0.000270
Q_ind_198_anc_7-2,0.000039,0.000000,0.000000,0.000347
Q_ind_199_anc_7-2,0.000066,0.000000,0.000000,0.000683
Q_ind_200_anc_7-2,0.000074,0.000000,0.000000,0.000505
Q_ind_201_anc_7-2,0.000385,0.000000,0.000000,0.005234
Q_ind_202_anc_7-2,0.000077,0.000000,0.000000,0.000624
Q_ind_203_anc_7-2,0.000366,0.000000,0.000000,0.005206
Q_ind_204_anc_7-2,0.000420,0.000000,0.000000,0.004774
Q_ind_205_anc_7-2,0.000333,0.000000,0.000000,0.004025
Q_ind_206_anc_7-2,0.000460,0.000000,0.000000,0.006759
Q_ind_207_anc_7-2,0.000485,0.000000,0.000000,0.006049
Q_ind_208_anc_7-2,0.002028,0.000000,0.000000,0.025570
Q_ind_209_anc_7-2,0.000204,0.000000,0.000000,0.002126
Q_ind_210_anc_7-2,0.000314,0.000000,0.000000,0.003127
Q_ind_211_anc_7-2,0.000212,0.000000,0.000000,0.002326
Q_ind_212_anc_7-2,0.057658,0.066010,0.000000,0.131722
Q_ind_213_anc_7-2,0.000425,0.000000,0.000000,0.005623
Q_ind_214_anc_7-2,0.001470,0.000000,0.000000,0.019555
Q_ind_215_anc_7-2,0.002850,0.000000,0.000000,0.039369
Q_ind_216_anc_7-2,0.001585,0.000000,0.000000,0.024821
Q_ind_217_anc_7-2,0.000089,0.000000,0.000000,0.000985
Q_ind_218_anc_7-2,0.004301,0.000000,0.000000,0.053376
Q_ind_219_anc_7-2,0.000251,0.000000,0.000000,0.002039
Q_ind_220_anc_7-2,0.001304,0.000000,0.000000,0.018009
Q_ind_221_anc_7-2,0.004879,0.000000,0.000000,0.061970
Q_ind_222_anc_7-2,0.000159,0.000000,0.000000,0.001835
Q_ind_223_anc_7-2,0.005963,0.000000,0.000000,0.065180
Q_ind_224_anc_7-2,0.096628,0.135171,0.000000,0.207712
Q_ind_225_anc_7-2,0.004194,0.000000,0.000000,0.070364
Q_ind_226_anc_7-2,0.153478,0.154031,0.098432,0.204120
Q_ind_227_anc_7-2,0.001760,0.000000,0.000000,0.024995
Q_ind_228_anc_7-2,0.004743,0.000000,0.000000,0.051678
Q_ind_229_anc_7-2,0.015698,0.000000,0.000000,0.094363
Q_ind_230_anc_7-2,0.000209,0.000000,0.000000,0.002670
Q_ind_231_anc_7-2,0.007647,0.000000,0.000000,0.089830
Q_ind_232_anc_7-2,0.000569,0.000000,0.000000,0.007593
Q_ind_233_anc_7-2,0.007872,0.000000,0.000000,0.077705
Q_ind_234_anc_7-2,0.000355,0.000000,0.000000,0.003328
Q_ind_235_anc_7-2,0.000147,0.000000,0.000000,0.001264
Q_ind_236_anc_7-2,0.000140,0.000000,0.000000,0.001544
Q_ind_237_anc_7-2,0.000097,0.000000,0.000000,0.001028
Q_ind_238_anc_7-2,0.000107,0.000000,0.000000,0.001265
Q_ind_239_anc_7-2,0.000124,0.000000,0.000000,0.000967
Q_ind_240_anc_7-2,0.000094,0.000000,0.000000,0.000636
Q_ind_241_anc_7-2,0.000624,0.000000,0.000000,0.004583
Q_ind_242_anc_7-2,0.001455,0.000000,0.000000,0.018687
Q_ind_243_anc_7-2,0.000111,0.000000,0.000000,0.000875
Q_ind_244_anc_7-2,0.000313,0.000000,0.000000,0.003187
Q_ind_245_anc_7-2,0.000110,0.000000,0.000000,0.001111
Q_ind_1_anc_7-3,0.021675,0.000000,0.000000,0.104343
Q_ind_2_anc_7-3,0.045358,0.002862,0.000000,0.140437
Q_ind_3_anc_7-3,0.003947,0.000000,0.000000,0.057294
Q_ind_4_anc_7-3,0.000925,0.000000,0.000000,0.011861
Q_ind_5_anc_7-3,0.020360,0.000002,0.000000,0.097536
Q_ind_6_anc_7-3,0.055697,0.057918,0.000000,0.152995
Q_ind_7_anc_7-3,0.001498,0.000000,0.000000,0.022562
Q_ind_8_anc_7-3,0.001347,0.000000,0.000000,0.021468
Q_ind_9_anc_7-3,0.001056,0.000000,0.000000,0.013808
Q_ind_10_anc_7-3,0.029604,0.000000,0.000000,0.121920
Q_ind_11_anc_7-3,0.013603,0.000000,0.000000,0.086947
Q_ind_12_anc_7-3,0.009660,0.000000,0.000000,0.084020
Q_ind_13_anc_7-3,0.000144,0.000000,0.000000,0.001275
Q_ind_14_anc_7-3,0.000193,0.000000,0.000000,0.001477
Q_ind_15_anc_7-3,0.001183,0.000000,0.000000,0.018220
Q_ind_16_anc_7-3,0.000225,0.000000,0.000000,0.001550
Q_ind_17_anc_7-3,0.000160,0.000000,0.000000,0.002107
Q_ind_18_anc_7-3,0.000146,0.000000,0.000000,0.001404
Q_ind_19_anc_7-3,0.000081,0.000000,0.000000,0.000941
Q_ind_20_anc_7-3,0.000529,0.000000,0.000000,0.006198
Q_ind_21_anc_7-3,0.000280,0.000000,0.000000,0.003339
Q_ind_22_anc_7-3,0.000933,0.000000,0.000000,0.014621
Q_ind_23_anc_7-3,0.000701,0.000000,0.000000,0.010343
Q_ind_24_anc_7-3,0.001310,0.000000,0.000000,0.021492
Q_ind_25_anc_7-3,0.000075,0.000000,0.000000,0.000747
Q_ind_26_anc_7-3,0.000478,0.000000,0.000000,0.006389
Q_ind_27_anc_7-3,0.000183,0.000000,0.000000,0.001774
Q_ind_28_anc_7-3,0.001317,0.000000,0.000000,0.020247
Q_ind_29_anc_7-3,0.003005,0.000000,0.000000,0.032936
Q_ind_30_anc_7-3,0.004965,0.000000,0.000000,0.045015
Q_ind_31_anc_7-3,0.000424,0.000000,0.000000,0.005957
Q_ind_32_anc_7-3,0.000211,0.000000,0.000000,0.002138
Q_ind_33_anc_7-3,0.001615,0.000000,0.000000,0.022463
Q_ind_34_anc_7-3,0.000198,0.000000,0.000000,0.001471
Q_ind_35_anc_7-3,0.000101,0.000000,0.000000,0.000927
Q_ind_36_anc_7-3,0.000051,0.000000,0.000000,0.000449
Q_ind_37_anc_7-3,0.000330,0.000000,0.000000,0.002440
Q_ind_38_anc_7-3,0.000141,0.000000,0.000000,0.001203
Q_ind_39_anc_7-3,0.000278,0.000000,0.000000,0.002968
Q_ind_40_anc_7-3,0.001818,0.000000,0.000000,0.024482
Q_ind_41_anc_7-3,0.000912,0.000000,0.000000,0.011950
Q_ind_42_anc_7-3,0.000220,0.000000,0.000000,0.002354
Q_ind_43_anc_7-3,0.000308,0.000000,0.000000,0.003677
Q_ind_44_anc_7-3,0.000519,0.000000,0.000000,0.006594
Q_ind_45_anc_7-3,0.000311,0.000000,0.000000,0.003528
Q_ind_46_anc_7-3,0.000064,0.000000,0.000000,0.000583
Q_ind_47_anc_7-3,0.000599,0.000000,0.000000,0.007975
Q_ind_48_anc_7-3,0.000195,0.000000,0.000000,0.001590
Q_ind_49_anc_7-3,0.000063,0.000000,0.000000,0.000618
Q_ind_50_anc_7-3,0.000162,0.000000,0.000000,0.001630
Q_ind_51_anc_7-3,0.000047,0.000000,0.000000,0.000437
Q_ind_52_anc_7-3,0.000079,0.000000,0.000000,0.000860
Q_ind_53_anc_7-3,0.000042,0.000000,0.000000,0.000366
Q_ind_54_anc_7-3,0.000119,0.000000,0.000000,0.000995
Q_ind_55_anc_7-3,0.000073,0.000000,0.000000,0.000736
Q_ind_56_anc_7-3,0.000131,0.000000,0.000000,0.001221
Q_ind_57_anc_7-3,0.000102,0.000000,0.000000,0.000984
Q_ind_58_anc_7-3,0.000097,0.000000,0.000000,0.000972
Q_ind_59_anc_7-3,0.000459,0.000000,0.000000,0.006218
Q_ind_60_anc_7-3,0.000104,0.000000,0.000000,0.001079
Q_ind_61_anc_7-3,0.000212,0.000000,0.000000,0.002540
Q_ind_62_anc_7-3,0.000223,0.000000,0.000000,0.002568
Q_ind_63_anc_7-3,0.000169,0.000000,0.000000,0.001376
Q_ind_64_anc_7-3,0.000554,0.000000,0.000000,0.008470
Q_ind_65_anc_7-3,0.000164,0.000000,0.000000,0.001157
Q_ind_66_anc_7-3,0.000130,0.000000,0.000000,0.001306
Q_ind_67_anc_7-3,0.149517,0.150789,0.070501,0.222743
Q_ind_68_anc_7-3,0.000246,0.000000,0.000000,0.002621
Q_ind_69_anc_7-3,0.000299,0.000000,0.000000,0.003520
Q_ind_70_anc_7-3,0.000173,0.000000,0.000000,0.001488
Q_ind_71_anc_7-3,0.000107,0.000000,0.000000,0.001031
Q_ind_72_anc_7-3,0.000320,0.000000,0.000000,0.003245
Q_ind_73_anc_7-3,0.000439,0.000000,0.000000,0.006150
Q_ind_74_anc_7-3,0.000654,0.000000,0.000000,0.009478
Q_ind_75_anc_7-3,0.000201,0.000000,0.000000,0.001824
Q_ind_76_anc_7-3,0.000230,0.000000,0.000000,0.001507
Q_ind_77_anc_7-3,0.004928,0.000000,0.000000,0.055260
Q_ind_78_anc_7-3,0.001050,0.000000,0.000000,0.009503
Q_ind_79_anc_7-3,0.002658,0.000000,0.000000,0.045213
Q_ind_80_anc_7-3,0.011152,0.000000,0.000000,0.079551
Q_ind_81_anc_7-3,0.000698,0.000000,0.000000,0.008662
Q_ind_82_anc_7-3,0.000831,0.000000,0.000000,0.011586
Q_ind_83_anc_7-3,0.000492,0.000000,0.000000,0.005018
Q_ind_84_anc_7-3,0.000865,0.000000,0.000000,0.012043
Q_ind_85_anc_7-3,0.000529,0.000000,0.000000,0.006818
Q_ind_86_anc_7-3,0.000668,0.000000,0.000000,0.007797
Q_ind_87_anc_7-3,0.002928,0.000000,0.000000,0.050699
Q_ind_88_anc_7-3,0.000125,0.000000,0.000000,0.001118
Q_ind_89_anc_7-3,0.000313,0.000000,0.000000,0.004051
Q_ind_90_anc_7-3,0.000104,0.000000,0.000000,0.000981
Q_ind_91_anc_7-3,0.000378,0.000000,0.000000,0.004833
Q_ind_92_anc_7-3,0.000061,0.000000,0.000000,0.000614
Q_ind_93_anc_7-3,0.000217,0.000000,0.000000,0.001708
Q_ind_94_anc_7-3,0.000179,0.000000,0.000000,0.002149
Q_ind_95_anc_7-3,0.000300,0.000000,0.000000,0.003704
Q_ind_96_anc_7-3,0.000289,0.000000,0.000000,0.004009
Q_ind_97_anc_7-3,0.000604,0.000000,0.000000,0.008375
Q_ind_98_anc_7-3,0.000088,0.000000,0.000000,0.000892
Q_ind_99_anc_7-3,0.000156,0.000000,0.000000,0.001696
Q_ind_100_anc_7-3,0.000277,0.000000,0.000000,0.003706
Q_ind_101_anc_7-3,0.000071,0.000000,0.000000,0.000825
Q_ind_102_anc_7-3,0.000064,0.000000,0.000000,0.000575
Q_ind_103_anc_7-3,0.000087,0.000000,0.000000,0.001048
Q_ind_104_anc_7-3,0.000066,0.000000,0.000000,0.000685
Q_ind_105_anc_7-3,0.000112,0.000000,0.000000,0.001095
Q_ind_106_anc_7-3,0.000205,0.000000,0.000000,0.002196
Q_ind_107_anc_7-3,0.000937,0.000000,0.000000,0.009341
Q_ind_108_anc_7-3,0.000178,0.000000,0.000000,0.001321
Q_ind_109_anc_7-3,0.001151,0.000000,0.000000,0.014903
Q_ind_110_anc_7-3,0.000242,0.000000,0.000000,0.002210
Q_ind_111_anc_7-3,0.000182,0.000000,0.000000,0.001451
Q_ind_112_anc_7-3,0.000347,0.000000,0.000000,0.004450
Q_ind_113_anc_7-3,0.000430,0.000000,0.000000,0.004710
Q_ind_114_anc_7-3,0.000781,0.000000,0.000000,0.007599
Q_ind_115_anc_7-3,0.000172,0.000000,0.000000,0.001690
Q_ind_116_anc_7-3,0.000094,0.000000,0.000000,0.000771
Q_ind_117_anc_7-3,0.000233,0.000000,0.000000,0.002757
Q_ind_118_anc_7-3,0.000183,0.000000,0.000000,0.001514
Q_ind_119_anc_7-3,0.000413,0.000000,0.000000,0.005688
Q_ind_120_anc_7-3,0.000060,0.000000,0.000000,0.000578
Q_ind_121_anc_7-3,0.000428,0.000000,0.000000,0.006515
Q_ind_122_anc_7-3,0.000137,0.000000,0.000000,0.001498
Q_ind_123_anc_7-3,0.000138,0.000000,0.000000,0.001353
Q_ind_124_anc_7-3,0.000425,0.000000,0.000000,0.004855
Q_ind_125_anc_7-3,0.002006,0.000000,0.000000,0.030525
Q_ind_126_anc_7-3,0.000316,0.000000,0.000000,0.003862
Q_ind_127_anc_7-3,0.000244,0.000000,0.000000,0.002641
Q_ind_128_anc_7-3,0.000268,0.000000,0.000000,0.002827
Q_ind_129_anc_7-3,0.000305,0.000000,0.000000,0.003356
Q_ind_130_anc_7-3,0.000127,0.000000,0.000000,0.001155
Q_ind_131_anc_7-3,0.000926,0.000000,0.000000,0.011771
Q_ind_132_anc_7-3,0.000157,0.000000,0.000000,0.001490
Q_ind_133_anc_7-3,0.000134,0.000000,0.000000,0.001706
Q_ind_134_anc_7-3,0.000309,0.000000,0.000000,0.004159
Q_ind_135_anc_7-3,0.000145,0.000000,0.000000,0.001446
Q_ind_136_anc_7-3,0.000071,0.000000,0.000000,0.000511
Q_ind_137_anc_7-3,0.000073,0.000000,0.000000,0.000850
Q_ind_138_anc_7-3,0.000278,0.000000,0.000000,0.003076
Q_ind_139_anc_7-3,0.000245,0.000000,0.000000,0.003047
Q_ind_140_anc_7-3,0.000117,0.000000,0.000000,0.001101
Q_ind_141_anc_7-3,0.000127,0.000000,0.000000,0.001634
Q_ind_142_anc_7-3,0.000163,0.000000,0.000000,0.002199
Q_ind_143_anc_7-3,0.000169,0.000000,0.000000,0.001503
Q_ind_144_anc_7-3,0.000184,0.000000,0.000000,0.002012
Q_ind_145_anc_7-3,0.000146,0.000000,0.000000,0.001863
Q_ind_146_anc_7-3,0.000411,0.000000,0.000000,0.004704
Q_ind_147_anc_7-3,0.000249,0.000000,0.000000,0.003304
Q_ind_148_anc_7-3,0.000171,0.000000,0.000000,0.001483
Q_ind_149_anc_7-3,0.001349,0.000000,0.000000,0.020538
Q_ind_150_anc_7-3,0.000099,0.000000,0.000000,0.000921
Q_ind_151_anc_7-3,0.000405,0.000000,0.000000,0.004500
Q_ind_152_anc_7-3,0.000090,0.000000,0.000000,0.000831
Q_ind_153_anc_7-3,0.000139,0.000000,0.000000,0.001637
Q_ind_154_anc_7-3,0.000228,0.000000,0.000000,0.003009
Q_ind_155_anc_7-3,0.000444,0.000000,0.000000,0.005432
Q_ind_156_anc_7-3,0.063469,0.068303,0.000000,0.134029
Q_ind_157_anc_7-3,0.001661,0.000000,0.000000,0.022446
Q_ind_158_anc_7-3,0.000404,0.000000,0.000000,0.002191
Q_ind_159_anc_7-3,0.000301,0.000000,0.000000,0.002748
Q_ind_160_anc_7-3,0.061179,0.065053,0.000000,0.134173
Q_ind_161_anc_7-3,0.000914,0.000000,0.000000,0.012641
Q_ind_162_anc_7-3,0.000957,0.000000,0.000000,0.013594
Q_ind_163_anc_7-3,0.013076,0.000000,0.000000,0.095709
Q_ind_164_anc_7-3,0.004332,0.000000,0.000000,0.055962
Q_ind_165_anc_7-3,0.000608,0.000000,0.000000,0.008067
Q_ind_166_anc_7-3,0.000164,0.000000,0.000000,0.002242
Q_ind_167_anc_7-3,0.000488,0.000000,0.000000,0.005440
Q_ind_168_anc_7-3,0.000180,0.000000,0.000000,0.001938
Q_ind_169_anc_7-3,0.000286,0.000000,0.000000,0.003432
Q_ind_170_anc_7-3,0.000094,0.000000,0.000000,0.000963
Q_ind_171_anc_7-3,0.000671,0.000000,0.000000,0.008401
Q_ind_172_anc_7-3,0.000052,0.000000,0.000000,0.000450
Q_ind_173_anc_7-3,0.000088,0.000000,0.000000,0.000797
Q_ind_174_anc_7-3,0.000103,0.000000,0.000000,0.001000
Q_ind_175_anc_7-3,0.000281,0.000000,0.000000,0.002728
Q_ind_176_anc_7-3,0.000700,0.000000,0.000000,0.008978
Q_ind_177_anc_7-3,0.001368,0.000000,0.000000,0.020578
Q_ind_178_anc_7-3,0.000334,0.000000,0.000000,0.004283
Q_ind_179_anc_7-3,0.000422,0.000000,0.000000,0.005726
Q_ind_180_anc_7-3,0.000390,0.000000,0.000000,0.004521
Q_ind_181_anc_7-3,0.007111,0.000000,0.000000,0.073371
Q_ind_182_anc_7-3,0.000191,0.000000,0.000000,0.002173
Q_ind_183_anc_7-3,0.000431,0.000000,0.000000,0.004710
Q_ind_184_anc_7-3,0.000673,0.000000,0.000000,0.008422
Q_ind_185_anc_7-3,0.000119,0.000000,0.000000,0.001112
Q_ind_186_anc_7-3,0.000085,0.000000,0.000000,0.000689
Q_ind_187_anc_7-3,0.000082,0.000000,0.000000,0.000690
Q_ind_188_anc_7-3,0.000079,0.000000,0.000000,0.000892
Q_ind_189_anc_7-3,0.000213,0.000000,0.000000,0.001792
Q_ind_190_anc_7-3,0.000346,0.000000,0.000000,0.004008
Q_ind_191_anc_7-3,0.000131,0.000000,0.000000,0.001461
Q_ind_192_anc_7-3,0.000398,0.000000,0.000000,0.004553
Q_ind_193_anc_7-3,0.000295,0.000000,0.000000,0.003622
Q_ind_194_anc_7-3,0.000073,0.000000,0.000000,0.000696
Q_ind_195_anc_7-3,0.000842,0.000000,0.000000,0.012438
Q_ind_196_anc_7-3,0.000148,0.000000,0.000000,0.001337
Q_ind_197_anc_7-3,0.000056,0.000000,0.000000,0.000493
Q_ind_198_anc_7-3,0.000088,0.000000,0.000000,0.000822
Q_ind_199_anc_7-3,0.000307,0.000000,0.000000,0.002524
Q_ind_200_anc_7-3,0.000093,0.000000,0.000000,0.000940
Q_ind_201_anc_7-3,0.000477,0.000000,0.000000,0.006285
Q_ind_202_anc_7-3,0.000334,0.000000,0.000000,0.003963
Q_ind_203_anc_7-3,0.004173,0.000000,0.000000,0.046829
Q_ind_204_anc_7-3,0.000159,0.000000,0.000000,0.001690
Q_ind_205_anc_7-3,0.000995,0.000000,0.000000,0.013265
Q_ind_206_anc_7-3,0.000412,0.000000,0.000000,0.005233
Q_ind_207_anc_7-3,0.003175,0.000000,0.000000,0.039725
Q_ind_208_anc_7-3,0.130024,0.129314,0.084384,0.178160
Q_ind_209_anc_7-3,0.000355,0.000000,0.000000,0.004810
Q_ind_210_anc_7-3,0.000337,0.000000,0.000000,0.003560
Q_ind_211_anc_7-3,0.000872,0.000000,0.000000,0.012260
Q_ind_212_anc_7-3,0.000480,0.000000,0.000000,0.005148
Q_ind_213_anc_7-3,0.000148,0.000000,0.000000,0.001454
Q_ind_214_anc_7-3,0.000551,0.000000,0.000000,0.008086
Q_ind_215_anc_7-3,0.000578,0.000000,0.000000,0.005328
Q_ind_216_anc_7-3,0.000269,0.000000,0.000000,0.003269
Q_ind_217_anc_7-3,0.000100,0.000000,0.000000,0.000891
Q_ind_218_anc_7-3,0.000135,0.000000,0.000000,0.001109
Q_ind_219_anc_7-3,0.000115,0.000000,0.000000,0.001106
Q_ind_220_anc_7-3,0.000269,0.000000,0.000000,0.002366
Q_ind_221_anc_7-3,0.000462,0.000000,0.000000,0.006114
Q_ind_222_anc_7-3,0.000166,0.000000,0.000000,0.001641
Q_ind_223_anc_7-3,0.000379,0.000000,0.000000,0.004524
Q_ind_224_anc_7-3,0.001236,0.000000,0.000000,0.020409
Q_ind_225_anc_7-3,0.004428,0.000000,0.000000,0.052160
Q_ind_226_anc_7-3,0.000473,0.000000,0.000000,0.004779
Q_ind_227_anc_7-3,0.002419,0.000000,0.000000,0.034745
Q_ind_228_anc_7-3,0.000344,0.000000,0.000000,0.004147
Q_ind_229_anc_7-3,0.000357,0.000000,0.000000,0.003029
Q_ind_230_anc_7-3,0.000741,0.000000,0.000000,0.010518
Q_ind_231_anc_7-3,0.008121,0.000000,0.000000,0.087538
Q_ind_232_anc_7-3,0.000541,0.000000,0.000000,0.007185
Q_ind_233_anc_7-3,0.000402,0.000000,0.000000,0.005098
Q_ind_234_anc_7-3,0.000584,0.000000,0.000000,0.008561
Q_ind_235_anc_7-3,0.000061,0.000000,0.000000,0.000551
Q_ind_236_anc_7-3,0.000119,0.000000,0.000000,0.001099
Q_ind_237_anc_7-3,0.000083,0.000000,0.000000,0.000623
Q_ind_238_anc_7-3,0.000143,0.000000,0.000000,0.001408
Q_ind_239_anc_7-3,0.000066,0.000000,0.000000,0.000550
Q_ind_240_anc_7-3,0.000083,0.000000,0.000000,0.001042
Q_ind_241_anc_7-3,0.000170,0.000000,0.000000,0.001938
Q_ind_242_anc_7-3,0.000512,0.000000,0.000000,0.007927
Q_ind_243_anc_7-3,0.000309,0.000000,0.000000,0.003611
Q_ind_244_anc_7-3,0.000213,0.000000,0.000000,0.002328
Q_ind_245_anc_7-3,0.000083,0.000000,0.000000,0.000658
Q_ind_1_anc_7-4,0.001790,0.000000,0.000000,0.032800
Q_ind_2_anc_7-4,0.000949,0.000000,0.000000,0.014505
Q_ind_3_anc_7-4,0.000602,0.000000,0.000000,0.006399
Q_ind_4_anc_7-4,0.001340,0.000000,0.000000,0.019403
Q_ind_5_anc_7-4,0.002673,0.000000,0.000000,0.030952
Q_ind_6_anc_7-4,0.000253,0.000000,0.000000,0.002092
Q_ind_7_anc_7-4,0.000096,0.000000,0.000000,0.000705
Q_ind_8_anc_7-4,0.000375,0.000000,0.000000,0.004801
Q_ind_9_anc_7-4,0.000349,0.000000,0.000000,0.003076
Q_ind_10_anc_7-4,0.000415,0.000000,0.000000,0.004020
Q_ind_11_anc_7-4,0.000404,0.000000,0.000000,0.004449
Q_ind_12_anc_7-4,0.007883,0.000000,0.000000,0.068308
Q_ind_13_anc_7-4,0.000219,0.000000,0.000000,0.001653
Q_ind_14_anc_7-4,0.036177,0.026373,0.000000,0.115322
Q_ind_15_anc_7-4,0.009933,0.000000,0.000000,0.065751
Q_ind_16_anc_7-4,0.001343,0.000000,0.000000,0.019267
Q_ind_17_anc_7-4,0.005168,0.000000,0.000000,0.049562
Q_ind_18_anc_7-4,0.000272,0.000000,0.000000,0.001600
Q_ind_19_anc_7-4,0.002576,0.000000,0.000000,0.031743
Q_ind_20_anc_7-4,0.002350,0.000000,0.000000,0.036279
Q_ind_21_anc_7-4,0.000151,0.000000,0.000000,0.001358
Q_ind_22_anc_7-4,0.001313,0.000000,0.000000,0.019817
Q_ind_23_anc_7-4,0.001446,0.000000,0.000000,0.020013
Q_ind_24_anc_7-4,0.000954,0.000000,0.000000,0.014048
Q_ind_25_anc_7-4,0.000210,0.000000,0.000000,0.002212
Q_ind_26_anc_7-4,0.000727,0.000000,0.000000,0.011763
Q_ind_27_anc_7-4,0.000747,0.000000,0.000000,0.010613
Q_ind_28_anc_7-4,0.003926,0.000000,0.000000,0.050729
Q_ind_29_anc_7-4,0.001990,0.000000,0.000000,0.031922
Q_ind_30_anc_7-4,0.019754,0.002042,0.000000,0.073099
Q_ind_31_anc_7-4,0.000159,0.000000,0.000000,0.001710
Q_ind_32_anc_7-4,0.000362,0.000000,0.000000,0.004133
Q_ind_33_anc_7-4,0.000329,0.000000,0.000000,0.002625
Q_ind_34_anc_7-4,0.000283,0.000000,0.000000,0.003026
Q_ind_35_anc_7-4,0.001894,0.000000,0.000000,0.024574
Q_ind_36_anc_7-4,0.000119,0.000000,0.000000,0.001146
Q_ind_37_anc_7-4,0.000373,0.000000,0.000000,0.004082
Q_ind_38_anc_7-4,0.000084,0.000000,0.000000,0.000674
Q_ind_39_anc_7-4,0.000304,0.000000,0.000000,0.003331
Q_ind_40_anc_7-4,0.013209,0.000000,0.000000,0.091362
Q_ind_41_anc_7-4,0.000564,0.000000,0.000000,0.006491
Q_ind_42_anc_7-4,0.000212,0.000000,0.000000,0.001772
Q_ind_43_anc_7-4,0.000227,0.000000,0.000000,0.002705
Q_ind_44_anc_7-4,0.000666,0.000000,0.000000,0.008892
Q_ind_45_anc_7-4,0.000559,0.000000,0.000000,0.007441
Q_ind_46_anc_7-4,0.000104,0.000000,0.000000,0.001059
Q_ind_47_anc_7-4,0.000715,0.000000,0.000000,0.009953
Q_ind_48_anc_7-4,0.001194,0.000000,0.000000,0.017158
Q_ind_49_anc_7-4,0.000133,0.000000,0.000000,0.001176
Q_ind_50_anc_7-4,0.000323,0.000000,0.000000,0.003772
Q_ind_51_anc_7-4,0.000365,0.000000,0.000000,0.005109
Q_ind_52_anc_7-4,0.000306,0.000000,0.000000,0.004369
Q_ind_53_anc_7-4,0.000248,0.000000,0.000000,0.002701
Q_ind_54_anc_7-4,0.000154,0.000000,0.000000,0.001029
Q_ind_55_anc_7-4,0.000312,0.000000,0.000000,0.004362
Q_ind_56_anc_7-4,0.001699,0.000000,0.000000,0.024773
Q_ind_57_anc_7-4,0.006681,0.000000,0.000000,0.090804
Q_ind_58_anc_7-4,0.000134,0.000000,0.000000,0.001283
Q_ind_59_anc_7-4,0.004961,0.000000,0.000000,0.048682
Q_ind_60_anc_7-4,0.000214,0.000000,0.000000,0.001998
Q_ind_61_anc_7-4,0.000928,0.000000,0.000000,0.015470
Q_ind_62_anc_7-4,0.000340,0.000000,0.000000,0.004184
Q_ind_63_anc_7-4,0.000144,0.000000,0.000000,0.001762
Q_ind_64_anc_7-4,0.000091,0.000000,0.000000,0.000885
Q_ind_65_anc_7-4,0.000277,0.000000,0.000000,0.003392
Q_ind_66_anc_7-4,0.000142,0.000000,0.000000,0.001318
Q_ind_67_anc_7-4,0.000326,0.000000,0.000000,0.003203
Q_ind_68_anc_7-4,0.000511,0.000000,0.000000,0.007265
Q_ind_69_anc_7-4,0.000149,0.000000,0.000000,0.001593
Q_ind_70_anc_7-4,0.000127,0.000000,0.000000,0.001070
Q_ind_71_anc_7-4,0.000138,0.000000,0.000000,0.001235
Q_ind_72_anc_7-4,0.000258,0.000000,0.000000,0.003409
Q_ind_73_anc_7-4,0.000302,0.000000,0.000000,0.003951
Q_ind_74_anc_7-4,0.000530,0.000000,0.000000,0.005003
Q_ind_75_anc_7-4,0.000162,0.000000,0.000000,0.001370
Q_ind_76_anc_7-4,0.000247,0.000000,0.000000,0.002478
Q_ind_77_anc_7-4,0.001855,0.000000,0.000000,0.030043
Q_ind_78_anc_7-4,0.000979,0.000000,0.000000,0.014932
Q_ind_79_anc_7-4,0.000968,0.000000,0.000000,0.011078
Q_ind_80_anc_7-4,0.001066,0.000000,0.000000,0.016408
Q_ind_81_anc_7-4,0.039076,0.008354,0.000000,0.132947
Q_ind_82_anc_7-4,0.000135,0.000000,0.000000,0.001415
Q_ind_83_anc_7-4,0.000663,0.000000,0.000000,0.010379
Q_ind_84_anc_7-4,0.000347,0.000000,0.000000,0.002238
Q_ind_85_anc_7-4,0.000311,0.000000,0.000000,0.003792
Q_ind_86_anc_7-4,0.000220,0.000000,0.000000,0.001224
Q_ind_87_anc_7-4,0.001453,0.000000,0.000000,0.020286
Q_ind_88_anc_7-4,0.168948,0.167816,0.000000,0.404963
Q_ind_89_anc_7-4,0.346801,0.375210,0.112844,0.533479
Q_ind_90_anc_7-4,0.242891,0.253225,0.055408,0.425472
Q_ind_91_anc_7-4,0.339235,0.346868,0.088064,0.549876
Q_ind_92_anc_7-4,0.363057,0.378327,0.143705,0.575993
Q_ind_93_anc_7-4,0.335657,0.352310,0.138627,0.469614
Q_ind_94_anc_7-4,0.265152,0.272234,0.114953,0.379820
Q_ind_95_anc_7-4,0.314968,0.315127,0.000000,0.561984
Q_ind_96_anc_7-4,0.000382,0.000000,0.000000,0.005721
Q_ind_97_anc_7-4,0.001334,0.000000,0.000000,0.016713
Q_ind_98_anc_7-4,0.000046,0.000000,0.000000,0.000419
Q_ind_99_anc_7-4,0.000180,0.000000,0.000000,0.001255
Q_ind_100_anc_7-4,0.000376,0.000000,0.000000,0.004508
Q_ind_101_anc_7-4,0.000159,0.000000,0.000000,0.001905
Q_ind_102_anc_7-4,0.000082,0.000000,0.000000,0.000890
Q_ind_103_anc_7-4,0.000142,0.000000,0.000000,0.001654
Q_ind_104_anc_7-4,0.000141,0.000000,0.000000,0.001556
Q_ind_105_anc_7-4,0.000083,0.000000,0.000000,0.000670
Q_ind_106_anc_7-4,0.002349,0.000000,0.000000,0.029901
Q_ind_107_anc_7-4,0.000441,0.000000,0.000000,0.004902
Q_ind_108_anc_7-4,0.000152,0.000000,0.000000,0.001410
Q_ind_109_anc_7-4,0.000213,0.000000,0.000000,0.001677
Q_ind_110_anc_7-4,0.000121,0.000000,0.000000,0.001071
Q_ind_111_anc_7-4,0.000289,0.000000,0.000000,0.003262
Q_ind_112_anc_7-4,0.000218,0.000000,0.000000,0.002071
Q_ind_113_anc_7-4,0.000871,0.000000,0.000000,0.012379
Q_ind_114_anc_7-4,0.000306,0.000000,0.000000,0.003056
Q_ind_115_anc_7-4,0.003932,0.000000,0.000000,0.049833
Q_ind_116_anc_7-4,0.000251,0.000000,0.000000,0.002507
Q_ind_117_anc_7-4,0.000353,0.000000,0.000000,0.005422
Q_ind_118_anc_7-4,0.000557,0.000000,0.000000,0.007340
Q_ind_119_anc_7-4,0.000806,0.000000,0.000000,0.011889
Q_ind_120_anc_7-4,0.000113,0.000000,0.000000,0.001215
Q_ind_121_anc_7-4,0.000638,0.000000,0.000000,0.009852
Q_ind_122_anc_7-4,0.000155,0.000000,0.000000,0.002000
Q_ind_123_anc_7-4,0.000296,0.000000,0.000000,0.003132
Q_ind_124_anc_7-4,0.001513,0.000000,0.000000,0.021570
Q_ind_125_anc_7-4,0.001515,0.000000,0.000000,0.022232
Q_ind_126_anc_7-4,0.014907,0.000000,0.000000,0.106768
Q_ind_127_anc_7-4,0.001389,0.000000,0.000000,0.017889
Q_ind_128_anc_7-4,0.008221,0.000000,0.000000,0.091248
Q_ind_129_anc_7-4,0.000488,0.000000,0.000000,0.006485
Q_ind_130_anc_7-4,0.006095,0.000000,0.000000,0.064175
Q_ind_131_anc_7-4,0.090399,0.106808,0.000000,0.167280
Q_ind_132_anc_7-4,0.000369,0.000000,0.000000,0.004297
Q_ind_133_anc_7-4,0.000191,0.000000,0.000000,0.002519
Q_ind_134_anc_7-4,0.000094,0.000000,0.000000,0.000893
Q_ind_135_anc_7-4,0.000163,0.000000,0.000000,0.001086
Q_ind_136_anc_7-4,0.000181,0.000000,0.000000,0.001566
Q_ind_137_anc_7-4,0.000187,0.000000,0.000000,0.001671
Q_ind_138_anc_7-4,0.000366,0.000000,0.000000,0.004347
Q_ind_139_anc_7-4,0.000130,0.000000,0.000000,0.001271
Q_ind_140_anc_7-4,0.000382,0.000000,0.000000,0.004383
Q_ind_141_anc_7-4,0.000056,0.000000,0.000000,0.000580
Q_ind_142_anc_7-4,0.000288,0.000000,0.000000,0.003647
Q_ind_143_anc_7-4,0.000251,0.000000,0.000000,0.002890
Q_ind_144_anc_7-4,0.000066,0.000000,0.000000,0.000438
Q_ind_145_anc_7-4,0.000101,0.000000,0.000000,0.001052
Q_ind_146_anc_7-4,0.000550,0.000000,0.000000,0.008632
Q_ind_147_anc_7-4,0.000230,0.000000,0.000000,0.002424
Q_ind_148_anc_7-4,0.000579,0.000000,0.000000,0.005691
Q_ind_149_anc_7-4,0.083073,0.090756,0.000000,0.169723
Q_ind_150_anc_7-4,0.000102,0.000000,0.000000,0.001032
Q_ind_151_anc_7-4,0.000244,0.000000,0.000000,0.002517
Q_ind_152_anc_7-4,0.000183,0.000000,0.000000,0.001871
Q_ind_153_anc_7-4,0.000277,0.000000,0.000000,0.003639
Q_ind_154_anc_7-4,0.000715,0.000000,0.000000,0.007137
Q_ind_155_anc_7-4,0.172513,0.171615,0.084765,0.255710
Q_ind_156_anc_7-4,0.050272,0.053951,0.000000,0.134561
Q_ind_157_anc_7-4,0.000358,0.000000,0.000000,0.002674
Q_ind_158_anc_7-4,0.012089,0.000000,0.000000,0.102594
Q_ind_159_anc_7-4,0.001088,0.000000,0.000000,0.015041
Q_ind_160_anc_7-4,0.002760,0.000000,0.000000,0.037425
Q_ind_161_anc_7-4,0.000525,0.000000,0.000000,0.005868
Q_ind_162_anc_7-4,0.001073,0.000000,0.000000,0.016477
Q_ind_163_anc_7-4,0.013820,0.000000,0.000000,0.126551
Q_ind_164_anc_7-4,0.002696,0.000000,0.000000,0.033646
Q_ind_165_anc_7-4,0.000657,0.000000,0.000000,0.008576
Q_ind_166_anc_7-4,0.000105,0.000000,0.000000,0.001043
Q_ind_167_anc_7-4,0.000313,0.000000,0.000000,0.004534
Q_ind_168_anc_7-4,0.000295,0.000000,0.000000,0.002931
Q_ind_169_anc_7-4,0.001897,0.000000,0.000000,0.031634
Q_ind_170_anc_7-4,0.000185,0.000000,0.000000,0.002240
Q_ind_171_anc_7-4,0.002397,0.000000,0.000000,0.029348
Q_ind_172_anc_7-4,0.000161,0.000000,0.000000,0.001650
Q_ind_173_anc_7-4,0.000079,0.000000,0.000000,0.000736
Q_ind_174_anc_7-4,0.000374,0.000000,0.000000,0.003991
Q_ind_175_anc_7-4,0.000175,0.000000,0.000000,0.001747
Q_ind_176_anc_7-4,0.031612,0.001472,0.000000,0.119306
Q_ind_177_anc_7-4,0.003034,0.000000,0.000000,0.057096
Q_ind_178_anc_7-4,0.013406,0.000000,0.000000,0.127981
Q_ind_179_anc_7-4,0.001155,0.000000,0.000000,0.015058
Q_ind_180_anc_7-4,0.002350,0.000000,0.000000,0.034378
Q_ind_181_anc_7-4,0.080907,0.095528,0.000000,0.179789
Q_ind_182_anc_7-4,0.005515,0.000000,0.000000,0.072946
Q_ind_183_anc_7-4,0.000653,0.000000,0.000000,0.009497
Q_ind_184_anc_7-4,0.092841,0.093148,0.000000,0.192207
Q_ind_185_anc_7-4,0.000164,0.000000,0.000000,0.001714
Q_ind_186_anc_7-4,0.000219,0.000000,0.000000,0.002288
Q_ind_187_anc_7-4,0.000096,0.000000,0.000000,0.000866
Q_ind_188_anc_7-4,0.000127,0.000000,0.000000,0.000961
Q_ind_189_anc_7-4,0.000127,0.000000,0.000000,0.001019
Q_ind_190_anc_7-4,0.000327,0.000000,0.000000,0.004272
Q_ind_191_anc_7-4,0.000128,0.000000,0.000000,0.001253
Q_ind_192_anc_7-4,0.000107,0.000000,0.000000,0.001022
Q_ind_193_anc_7-4,0.000271,0.000000,0.000000,0.003443
Q_ind_194_anc_7-4,0.000027,0.000000,0.000000,0.000259
Q_ind_195_anc_7-4,0.000188,0.000000,0.000000,0.001058
Q_ind_196_anc_7-4,0.000040,0.000000,0.000000,0.000335
Q_ind_197_anc_7-4,0.000038,0.000000,0.000000,0.000345
Q_ind_198_anc_7-4,0.000040,0.000000,0.000000,0.000387
Q_ind_199_anc_7-4,0.000212,0.000000,0.000000,0.001888
Q_ind_200_anc_7-4,0.000050,0.000000,0.000000,0.000485
Q_ind_201_anc_7-4,0.000163,0.000000,0.000000,0.001848
Q_ind_202_anc_7-4,0.000102,0.000000,0.000000,0.000953
Q_ind_203_anc_7-4,0.000248,0.000000,0.000000,0.002196
Q_ind_204_anc_7-4,0.000273,0.000000,0.000000,0.002734
Q_ind_205_anc_7-4,0.000554,0.000000,0.000000,0.007531
Q_ind_206_anc_7-4,0.000893,0.000000,0.000000,0.013568
Q_ind_207_anc_7-4,0.007178,0.000000,0.000000,0.061393
Q_ind_208_anc_7-4,0.000290,0.000000,0.000000,0.003426
Q_ind_209_anc_7-4,0.000305,0.000000,0.000000,0.002766
Q_ind_210_anc_7-4,0.000270,0.000000,0.000000,0.002759
Q_ind_211_anc_7-4,0.000170,0.000000,0.000000,0.001483
Q_ind_212_anc_7-4,0.002453,0.000000,0.000000,0.038237
Q_ind_213_anc_7-4,0.000359,0.000000,0.000000,0.002674
Q_ind_214_anc_7-4,0.000312,0.000000,0.000000,0.002804
Q_ind_215_anc_7-4,0.008017,0.000000,0.000000,0.076402
Q_ind_216_anc_7-4,0.024008,0.000155,0.000000,0.087236
Q_ind_217_anc_7-4,0.000321,0.000000,0.000000,0.003546
Q_ind_218_anc_7-4,0.003425,0.000000,0.000000,0.046741
Q_ind_219_anc_7-4,0.000336,0.000000,0.000000,0.003983
Q_ind_220_anc_7-4,0.002656,0.000000,0.000000,0.035329
Q_ind_221_anc_7-4,0.006532,0.000000,0.000000,0.084078
Q_ind_222_anc_7-4,0.001415,0.000000,0.000000,0.021551
Q_ind_223_anc_7-4,0.000346,0.000000,0.000000,0.004551
Q_ind_224_anc_7-4,0.001344,0.000000,0.000000,0.019661
Q_ind_225_anc_7-4,0.000269,0.000000,0.000000,0.002914
Q_ind_226_anc_7-4,0.000355,0.000000,0.000000,0.004240
Q_ind_227_anc_7-4,0.000897,0.000000,0.000000,0.013752
Q_ind_228_anc_7-4,0.001686,0.000000,0.000000,0.025352
Q_ind_229_anc_7-4,0.000760,0.000000,0.000000,0.011638
Q_ind_230_anc_7-4,0.000235,0.000000,0.000000,0.001975
Q_ind_231_anc_7-4,0.005538,0.000000,0.000000,0.070097
Q_ind_232_anc_7-4,0.000215,0.000000,0.000000,0.001855
Q_ind_233_anc_7-4,0.001276,0.000000,0.000000,0.017743
Q_ind_234_anc_7-4,0.000288,0.000000,0.000000,0.003156
Q_ind_235_anc_7-4,0.000192,0.000000,0.000000,0.002179
Q_ind_236_anc_7-4,0.000107,0.000000,0.000000,0.001043
Q_ind_237_anc_7-4,0.000159,0.000000,0.000000,0.001672
Q_ind_238_anc_7-4,0.000123,0.000000,0.000000,0.001243
Q_ind_239_anc_7-4,0.000210,0.000000,0.000000,0.002255
Q_ind_240_anc_7-4,0.000171,0.000000,0.000000,0.002240
Q_ind_241_anc_7-4,0.000139,0.000000,0.000000,0.001532
Q_ind_242_anc_7-4,0.001210,0.000000,0.000000,0.016813
Q_ind_243_anc_7-4,0.000098,0.000000,0.000000,0.001006
Q_ind_244_anc_7-4,0.000391,0.000000,0.000000,0.005878
Q_ind_245_anc_7-4,0.000109,0.000000,0.000000,0.001259
Q_ind_1_anc_7-5,0.000519,0.000000,0.000000,0.006408
Q_ind_2_anc_7-5,0.052911,0.053134,0.000000,0.144974
Q_ind_3_anc_7-5,0.002847,0.000000,0.000000,0.042121
Q_ind_4_anc_7-5,0.000925,0.000000,0.000000,0.013535
Q_ind_5_anc_7-5,0.036347,0.000000,0.000000,0.161780
Q_ind_6_anc_7-5,0.007407,0.000000,0.000000,0.077453
Q_ind_7_anc_7-5,0.001317,0.000000,0.000000,0.018176
Q_ind_8_anc_7-5,0.001679,0.000000,0.000000,0.023834
Q_ind_9_anc_7-5,0.001371,0.000000,0.000000,0.016808
Q_ind_10_anc_7-5,0.000925,0.000000,0.000000,0.014427
Q_ind_11_anc_7-5,0.000742,0.000000,0.000000,0.009819
Q_ind_12_anc_7-5,0.003862,0.000000,0.000000,0.047352
Q_ind_13_anc_7-5,0.000344,0.000000,0.000000,0.004263
Q_ind_14_anc_7-5,0.001325,0.000000,0.000000,0.017765
Q_ind_15_anc_7-5,0.001420,0.000000,0.000000,0.019325
Q_ind_16_anc_7-5,0.000585,0.000000,0.000000,0.003260
Q_ind_17_anc_7-5,0.000369,0.000000,0.000000,0.002977
Q_ind_18_anc_7-5,0.000114,0.000000,0.000000,0.001415
Q_ind_19_anc_7-5,0.000217,0.000000,0.000000,0.002292
Q_ind_20_anc_7-5,0.001095,0.000000,0.000000,0.014954
Q_ind_21_anc_7-5,0.000263,0.000000,0.000000,0.002821
Q_ind_22_anc_7-5,0.007704,0.000000,0.000000,0.069145
Q_ind_23_anc_7-5,0.000838,0.000000,0.000000,0.012941
Q_ind_24_anc_7-5,0.026963,0.000000,0.000000,0.136953
Q_ind_25_anc_7-5,0.000162,0.000000,0.000000,0.001407
Q_ind_26_anc_7-5,0.016083,0.000000,0.000000,0.082140
Q_ind_27_anc_7-5,0.001125,0.000000,0.000000,0.019915
Q_ind_28_anc_7-5,0.003788,0.000000,0.000000,0.047426
Q_ind_29_anc_7-5,0.002056,0.000000,0.000000,0.031779
Q_ind_30_anc_7-5,0.002051,0.000000,0.000000,0.037485
Q_ind_31_anc_7-5,0.000289,0.000000,0.000000,0.002916
Q_ind_32_anc_7-5,0.000219,0.000000,0.000000,0.002382
Q_ind_33_anc_7-5,0.000427,0.000000,0.000000,0.005010
Q_ind_34_anc_7-5,0.000075,0.000000,0.000000,0.000668
Q_ind_35_anc_7-5,0.000145,0.000000,0.000000,0.001205
Q_ind_36_anc_7-5,0.000040,0.000000,0.000000,0.000383
Q_ind_37_anc_7-5,0.001653,0.000000,0.000000,0.022454
Q_ind_38_anc_7-5,0.000063,0.000000,0.000000,0.000552
Q_ind_39_anc_7-5,0.000292,0.000000,0.000000,0.003352
Q_ind_40_anc_7-5,0.000444,0.000000,0.000000,0.003706
Q_ind_41_anc_7-5,0.087914,0.111146,0.000000,0.175065
Q_ind_42_anc_7-5,0.000153,0.000000,0.000000,0.001506
Q_ind_43_anc_7-5,0.000181,0.000000,0.000000,0.001558
Q_ind_44_anc_7-5,0.000387,0.000000,0.000000,0.004447
Q_ind_45_anc_7-5,0.000223,0.000000,0.000000,0.002525
Q_ind_46_anc_7-5,0.000093,0.000000,0.000000,0.000820
Q_ind_47_anc_7-5,0.000220,0.000000,0.000000,0.002116
Q_ind_48_anc_7-5,0.000904,0.000000,0.000000,0.013015
Q_ind_49_anc_7-5,0.000094,0.000000,0.000000,0.001035
Q_ind_50_anc_7-5,0.000046,0.000000,0.000000,0.000506
Q_ind_51_anc_7-5,0.000287,0.000000,0.000000,0.002119
Q_ind_52_anc_7-5,0.000142,0.000000,0.000000,0.001555
Q_ind_53_anc_7-5,0.000277,0.000000,0.000000,0.002905
Q_ind_54_anc_7-5,0.000196,0.000000,0.000000,0.001364
Q_ind_55_anc_7-5,0.000240,0.000000,0.000000,0.003090
Q_ind_56_anc_7-5,0.000389,0.000000,0.000000,0.004203
Q_ind_57_anc_7-5,0.003629,0.000000,0.000000,0.045417
Q_ind_58_anc_7-5,0.000318,0.000000,0.000000,0.003202
Q_ind_59_anc_7-5,0.003793,0.000000,0.000000,0.035969
Q_ind_60_anc_7-5,0.000278,0.000000,0.000000,0.002313
Q_ind_61_anc_7-5,0.000555,0.000000,0.000000,0.004635
Q_ind_62_anc_7-5,0.000438,0.000000,0.000000,0.005524
Q_ind_63_anc_7-5,0.000090,0.000000,0.000000,0.001000
Q_ind_64_anc_7-5,0.000079,0.000000,0.000000,0.000605
Q_ind_65_anc_7-5,0.000080,0.000000,0.000000,0.000752
Q_ind_66_anc_7-5,0.000101,0.000000,0.000000,0.001197
Q_ind_67_anc_7-5,0.000088,0.000000,0.000000,0.000810
Q_ind_68_anc_7-5,0.000437,0.000000,0.000000,0.005813
Q_ind_69_anc_7-5,0.000253,0.000000,0.000000,0.002548
Q_ind_70_anc_7-5,0.000290,0.000000,0.000000,0.002066
Q_ind_71_anc_7-5,0.000237,0.000000,0.000000,0.002987
Q_ind_72_anc_7-5,0.000343,0.000000,0.000000,0.002531
Q_ind_73_anc_7-5,0.000246,0.000000,0.000000,0.002511
Q_ind_74_anc_7-5,0.000206,0.000000,0.000000,0.001694
Q_ind_75_anc_7-5,0.003831,0.000000,0.000000,0.058606
Q_ind_76_anc_7-5,0.000274,0.000000,0.000000,0.002526
Q_ind_77_anc_7-5,0.005183,0.000000,0.000000,0.068703
Q_ind_78_anc_7-5,0.004927,0.000000,0.000000,0.095818
Q_ind_79_anc_7-5,0.083881,0.095025,0.000000,0.176136
Q_ind_80_anc_7-5,0.016921,0.000000,0.000000,0.111391
Q_ind_81_anc_7-5,0.020424,0.000000,0.000000,0.176666
Q_ind_82_anc_7-5,0.003253,0.000000,0.000000,0.022089
Q_ind_83_anc_7-5,0.000570,0.000000,0.000000,0.005753
Q_ind_84_anc_7-5,0.016894,0.000000,0.000000,0.160297
Q_ind_85_anc_7-5,0.000516,0.000000,0.000000,0.005669
Q_ind_86_anc_7-5,0.015190,0.000000,0.000000,0.139639
Q_ind_87_anc_7-5,0.006513,0.000000,0.000000,0.087635
Q_ind_88_anc_7-5,0.002739,0.000000,0.000000,0.045257
Q_ind_89_anc_7-5,0.000439,0.000000,0.000000,0.005241
Q_ind_90_anc_7-5,0.001205,0.000000,0.000000,0.015131
Q_ind_91_anc_7-5,0.000276,0.000000,0.000000,0.003702
Q_ind_92_anc_7-5,0.000282,0.000000,0.000000,0.002168
Q_ind_93_anc_7-5,0.004312,0.000000,0.000000,0.059130
Q_ind_94_anc_7-5,0.001042,0.000000,0.000000,0.013250
Q_ind_95_anc_7-5,0.000412,0.000000,0.000000,0.004605
Q_ind_96_anc_7-5,0.000175,0.000000,0.000000,0.002057
Q_ind_97_anc_7-5,0.000516,0.000000,0.000000,0.008219
Q_ind_98_anc_7-5,0.000138,0.000000,0.000000,0.001239
Q_ind_99_anc_7-5,0.000299,0.000000,0.000000,0.003003
Q_ind_100_anc_7-5,0.000544,0.000000,0.000000,0.007487
Q_ind_101_anc_7-5,0.000104,0.000000,0.000000,0.001127
Q_ind_102_anc_7-5,0.000041,0.000000,0.000000,0.000423
Q_ind_103_anc_7-5,0.000098,0.000000,0.000000,0.000873
Q_ind_104_anc_7-5,0.000049,0.000000,0.000000,0.000495
Q_ind_105_anc_7-5,0.000179,0.000000,0.000000,0.002123
Q_ind_106_anc_7-5,0.002369,0.000000,0.000000,0.031497
Q_ind_107_anc_7-5,0.000489,0.000000,0.000000,0.003843
Q_ind_108_anc_7-5,0.000188,0.000000,0.000000,0.001921
Q_ind_109_anc_7-5,0.000384,0.000000,0.000000,0.004291
Q_ind_110_anc_7-5,0.000223,0.000000,0.000000,0.002710
Q_ind_111_anc_7-5,0.000302,0.000000,0.000000,0.003655
Q_ind_112_anc_7-5,0.000223,0.000000,0.000000,0.002569
Q_ind_113_anc_7-5,0.000989,0.000000,0.000000,0.004700
Q_ind_114_anc_7-5,0.000212,0.000000,0.000000,0.002081
Q_ind_115_anc_7-5,0.000503,0.000000,0.000000,0.006605
Q_ind_116_anc_7-5,0.000202,0.000000,0.000000,0.002307
Q_ind_117_anc_7-5,0.000212,0.000000,0.000000,0.002624
Q_ind_118_anc_7-5,0.000473,0.000000,0.000000,0.007097
Q_ind_119_anc_7-5,0.000728,0.000000,0.000000,0.010481
Q_ind_120_anc_7-5,0.000093,0.000000,0.000000,0.000745
Q_ind_121_anc_7-5,0.000968,0.000000,0.000000,0.014839
Q_ind_122_anc_7-5,0.000245,0.000000,0.000000,0.002833
Q_ind_123_anc_7-5,0.000185,0.000000,0.000000,0.001891
Q_ind_124_anc_7-5,0.001704,0.000000,0.000000,0.027394
Q_ind_125_anc_7-5,0.000336,0.000000,0.000000,0.003144
Q_ind_126_anc_7-5,0.003519,0.000000,0.000000,0.052237
Q_ind_127_anc_7-5,0.000645,0.000000,0.000000,0.007335
Q_ind_128_anc_7-5,0.030514,0.000000,0.000000,0.179533
Q_ind_129_anc_7-5,0.000535,0.000000,0.000000,0.007202
Q_ind_130_anc_7-5,0.000333,0.000000,0.000000,0.002589
Q_ind_131_anc_7-5,0.027929,0.000000,0.000000,0.183557
Q_ind_132_anc_7-5,0.132833,0.133087,0.070327,0.192462
Q_ind_133_anc_7-5,0.000254,0.000000,0.000000,0.002414
Q_ind_134_anc_7-5,0.000314,0.000000,0.000000,0.003971
Q_ind_135_anc_7-5,0.000422,0.000000,0.000000,0.003620
Q_ind_136_anc_7-5,0.000485,0.000000,0.000000,0.007471
Q_ind_137_anc_7-5,0.000099,0.000000,0.000000,0.000776
Q_ind_138_anc_7-5,0.000529,0.000000,0.000000,0.006658
Q_ind_139_anc_7-5,0.000405,0.000000,0.000000,0.004595
Q_ind_140_anc_7-5,0.000173,0.000000,0.000000,0.001628
Q_ind_141_anc_7-5,0.000069,0.000000,0.000000,0.000620
Q_ind_142_anc_7-5,0.003467,0.000000,0.000000,0.041614
Q_ind_143_anc_7-5,0.000226,0.000000,0.000000,0.002267
Q_ind_144_anc_7-5,0.000141,0.000000,0.000000,0.001349
Q_ind_145_anc_7-5,0.000049,0.000000,0.000000,0.000375
Q_ind_146_anc_7-5,0.000766,0.000000,0.000000,0.009140
Q_ind_147_anc_7-5,0.000225,0.000000,0.000000,0.001964
Q_ind_148_anc_7-5,0.000387,0.000000,0.000000,0.003133
Q_ind_149_anc_7-5,0.006925,0.000000,0.000000,0.070699
Q_ind_150_anc_7-5,0.000082,0.000000,0.000000,0.000674
Q_ind_151_anc_7-5,0.000092,0.000000,0.000000,0.001001
Q_ind_152_anc_7-5,0.000089,0.000000,0.000000,0.000784
Q_ind_153_anc_7-5,0.000059,0.000000,0.000000,0.000645
Q_ind_154_anc_7-5,0.000177,0.000000,0.000000,0.002107
Q_ind_155_anc_7-5,0.356961,0.359070,0.253560,0.443198
Q_ind_156_anc_7-5,0.000606,0.000000,0.000000,0.009430
Q_ind_157_anc_7-5,0.000175,0.000000,0.000000,0.001817
Q_ind_158_anc_7-5,0.000493,0.000000,0.000000,0.004782
Q_ind_159_anc_7-5,0.012253,0.000000,0.000000,0.085191
Q_ind_160_anc_7-5,0.000259,0.000000,0.000000,0.002065
Q_ind_161_anc_7-5,0.000143,0.000000,0.000000,0.001274
Q_ind_162_anc_7-5,0.000441,0.000000,0.000000,0.005212
Q_ind_163_anc_7-5,0.000152,0.000000,0.000000,0.001246
Q_ind_164_anc_7-5,0.000346,0.000000,0.000000,0.003891
Q_ind_165_anc_7-5,0.001000,0.000000,0.000000,0.011295
Q_ind_166_anc_7-5,0.000195,0.000000,0.000000,0.002134
Q_ind_167_anc_7-5,0.000178,0.000000,0.000000,0.002014
Q_ind_168_anc_7-5,0.000802,0.000000,0.000000,0.010386
Q_ind_169_anc_7-5,0.159820,0.160684,0.087424,0.228389
Q_ind_170_anc_7-5,0.000236,0.000000,0.000000,0.001684
Q_ind_171_anc_7-5,0.003796,0.000000,0.000000,0.045540
Q_ind_172_anc_7-5,0.000086,0.000000,0.000000,0.000819
Q_ind_173_anc_7-5,0.000075,0.000000,0.000000,0.000895
Q_ind_174_anc_7-5,0.000360,0.000000,0.000000,0.004562
Q_ind_175_anc_7-5,0.000525,0.000000,0.000000,0.004342
Q_ind_176_anc_7-5,0.012100,0.000000,0.000000,0.146434
Q_ind_177_anc_7-5,0.243626,0.255403,0.093158,0.342240
Q_ind_178_anc_7-5,0.000299,0.000000,0.000000,0.003569
Q_ind_179_anc_7-5,0.001448,0.000000,0.000000,0.021609
Q_ind_180_anc_7-5,0.000433,0.000000,0.000000,0.004740
Q_ind_181_anc_7-5,0.021128,0.000000,0.000000,0.154044
Q_ind_182_anc_7-5,0.036329,0.000000,0.000000,0.263775
Q_ind_183_anc_7-5,0.004777,0.000000,0.000000,0.070774
Q_ind_184_anc_7-5,0.039014,0.000002,0.000000,0.172759
Q_ind_185_anc_7-5,0.000158,0.000000,0.000000,0.001450
Q_ind_186_anc_7-5,0.000069,0.000000,0.000000,0.000625
Q_ind_187_anc_7-5,0.000050,0.000000,0.000000,0.000412
Q_ind_188_anc_7-5,0.000115,0.000000,0.000000,0.001064
Q_ind_189_anc_7-5,0.000237,0.000000,0.000000,0.002300
Q_ind_190_anc_7-5,0.000225,0.000000,0.000000,0.002196
Q_ind_191_anc_7-5,0.000207,0.000000,0.000000,0.001544
Q_ind_192_anc_7-5,0.000095,0.000000,0.000000,0.000973
Q_ind_193_anc_7-5,0.000256,0.000000,0.000000,0.002742
Q_ind_194_anc_7-5,0.000026,0.000000,0.000000,0.000214
Q_ind_195_anc_7-5,0.000107,0.000000,0.000000,0.001036
Q_ind_196_anc_7-5,0.000033,0.000000,0.000000,0.000291
Q_ind_197_anc_7-5,0.000033,0.000000,0.000000,0.000285
Q_ind_198_anc_7-5,0.000034,0.000000,0.000000,0.000351
Q_ind_199_anc_7-5,0.000118,0.000000,0.000000,0.001399
Q_ind_200_anc_7-5,0.000068,0.000000,0.000000,0.000709
Q_ind_201_anc_7-5,0.000246,0.000000,0.000000,0.002782
Q_ind_202_anc_7-5,0.000088,0.000000,0.000000,0.000805
Q_ind_203_anc_7-5,0.000149,0.000000,0.000000,0.001682
Q_ind_204_anc_7-5,0.000189,0.000000,0.000000,0.001923
Q_ind_205_anc_7-5,0.000271,0.000000,0.000000,0.002369
Q_ind_206_anc_7-5,0.000229,0.000000,0.000000,0.002138
Q_ind_207_anc_7-5,0.000546,0.000000,0.000000,0.006777
Q_ind_208_anc_7-5,0.000712,0.000000,0.000000,0.009810
Q_ind_209_anc_7-5,0.000296,0.000000,0.000000,0.003425
Q_ind_210_anc_7-5,0.000155,0.000000,0.000000,0.001221
Q_ind_211_anc_7-5,0.000648,0.000000,0.000000,0.009576
Q_ind_212_anc_7-5,0.000541,0.000000,0.000000,0.006590
Q_ind_213_anc_7-5,0.000164,0.000000,0.000000,0.001775
Q_ind_214_anc_7-5,0.000308,0.000000,0.000000,0.003565
Q_ind_215_anc_7-5,0.001213,0.000000,0.000000,0.019226
Q_ind_216_anc_7-5,0.002247,0.000000,0.000000,0.035673
Q_ind_217_anc_7-5,0.000104,0.000000,0.000000,0.000880
Q_ind_218_anc_7-5,0.001662,0.000000,0.000000,0.025323
Q_ind_219_anc_7-5,0.000147,0.000000,0.000000,0.001556
Q_ind_220_anc_7-5,0.001198,0.000000,0.000000,0.016848
Q_ind_221_anc_7-5,0.016177,0.000000,0.000000,0.115305
Q_ind_222_anc_7-5,0.000101,0.000000,0.000000,0.000860
Q_ind_223_anc_7-5,0.000826,0.000000,0.000000,0.009532
Q_ind_224_anc_7-5,0.076379,0.000001,0.000000,0.280811
Q_ind_225_anc_7-5,0.000427,0.000000,0.000000,0.003997
Q_ind_226_anc_7-5,0.000883,0.000000,0.000000,0.010946
Q_ind_227_anc_7-5,0.002111,0.000000,0.000000,0.030355
Q_ind_228_anc_7-5,0.001011,0.000000,0.000000,0.014708
Q_ind_229_anc_7-5,0.000458,0.000000,0.000000,0.005652
Q_ind_230_anc_7-5,0.000180,0.000000,0.000000,0.001743
Q_ind_231_anc_7-5,0.046130,0.024619,0.000000,0.145139
Q_ind_232_anc_7-5,0.001868,0.000000,0.000000,0.027850
Q_ind_233_anc_7-5,0.000458,0.000000,0.000000,0.005063
Q_ind_234_anc_7-5,0.000523,0.000000,0.000000,0.007073
Q_ind_235_anc_7-5,0.000108,0.000000,0.000000,0.001101
Q_ind_236_anc_7-5,0.000091,0.000000,0.000000,0.000936
Q_ind_237_anc_7-5,0.000172,0.000000,0.000000,0.001795
Q_ind_238_anc_7-5,0.000136,0.000000,0.000000,0.001502
Q_ind_239_anc_7-5,0.000306,0.000000,0.000000,0.003541
Q_ind_240_anc_7-5,0.000219,0.000000,0.000000,0.002299
Q_ind_241_anc_7-5,0.001211,0.000000,0.000000,0.019585
Q_ind_242_anc_7-5,0.001641,0.000000,0.000000,0.024833
Q_ind_243_anc_7-5,0.000125,0.000000,0.000000,0.001527
Q_ind_244_anc_7-5,0.000646,0.000000,0.000000,0.008846
Q_ind_245_anc_7-5,0.000103,0.000000,0.000000,0.001091
Q_ind_1_anc_7-6,0.000270,0.000000,0.000000,0.002467
Q_ind_2_anc_7-6,0.000142,0.000000,0.000000,0.001690
Q_ind_3_anc_7-6,0.000179,0.000000,0.000000,0.001793
Q_ind_4_anc_7-6,0.000346,0.000000,0.000000,0.003308
Q_ind_5_anc_7-6,0.000102,0.000000,0.000000,0.000850
Q_ind_6_anc_7-6,0.000190,0.000000,0.000000,0.001640
Q_ind_7_anc_7-6,0.000463,0.000000,0.000000,0.006087
Q_ind_8_anc_7-6,0.000178,0.000000,0.000000,0.002012
Q_ind_9_anc_7-6,0.000149,0.000000,0.000000,0.001532
Q_ind_10_anc_7-6,0.000156,0.000000,0.000000,0.001629
Q_ind_11_anc_7-6,0.000348,0.000000,0.000000,0.004161
Q_ind_12_anc_7-6,0.000374,0.000000,0.000000,0.003858
Q_ind_13_anc_7-6,0.000187,0.000000,0.000000,0.001822
Q_ind_14_anc_7-6,0.004875,0.000000,0.000000,0.049430
Q_ind_15_anc_7-6,0.000970,0.000000,0.000000,0.015261
Q_ind_16_anc_7-6,0.000356,0.000000,0.000000,0.004350
Q_ind_17_anc_7-6,0.000506,0.000000,0.000000,0.005770
Q_ind_18_anc_7-6,0.000340,0.000000,0.000000,0.003019
Q_ind_19_anc_7-6,0.002598,0.000000,0.000000,0.032771
Q_ind_20_anc_7-6,0.002063,0.000000,0.000000,0.036943
Q_ind_21_anc_7-6,0.000307,0.000000,0.000000,0.003576
Q_ind_22_anc_7-6,0.001163,0.000000,0.000000,0.017403
Q_ind_23_anc_7-6,0.000355,0.000000,0.000000,0.003978
Q_ind_24_anc_7-6,0.000373,0.000000,0.000000,0.004699
Q_ind_25_anc_7-6,0.000112,0.000000,0.000000,0.001163
Q_ind_26_anc_7-6,0.000997,0.000000,0.000000,0.014802
Q_ind_27_anc_7-6,0.004507,0.000000,0.000000,0.044101
Q_ind_28_anc_7-6,0.001951,0.000000,0.000000,0.025881
Q_ind_29_anc_7-6,0.001227,0.000000,0.000000,0.019451
Q_ind_30_anc_7-6,0.001087,0.000000,0.000000,0.015250
Q_ind_31_anc_7-6,0.000103,0.000000,0.000000,0.001068
Q_ind_32_anc_7-6,0.000221,0.000000,0.000000,0.002042
Q_ind_33_anc_7-6,0.000239,0.000000,0.000000,0.002717
Q_ind_34_anc_7-6,0.000154,0.000000,0.000000,0.001552
Q_ind_35_anc_7-6,0.000088,0.000000,0.000000,0.000895
Q_ind_36_anc_7-6,0.000052,0.000000,0.000000,0.000444
Q_ind_37_anc_7-6,0.000661,0.000000,0.000000,0.007046
Q_ind_38_anc_7-6,0.000083,0.000000,0.000000,0.000934
Q_ind_39_anc_7-6,0.022814,0.000001,0.000000,0.089717
Q_ind_40_anc_7-6,0.000919,0.000000,0.000000,0.013950
Q_ind_41_anc_7-6,0.000443,0.000000,0.000000,0.003215
Q_ind_42_anc_7-6,0.000242,0.000000,0.000000,0.002710
Q_ind_43_anc_7-6,0.000317,0.000000,0.000000,0.003590
Q_ind_44_anc_7-6,0.000323,0.000000,0.000000,0.003543
Q_ind_45_anc_7-6,0.000647,0.000000,0.000000,0.006475
Q_ind_46_anc_7-6,0.000076,0.000000,0.000000,0.000827
Q_ind_47_anc_7-6,0.001340,0.000000,0.000000,0.022924
Q_ind_48_anc_7-6,0.001051,0.000000,0.000000,0.016463
Q_ind_49_anc_7-6,0.000216,0.000000,0.000000,0.002377
Q_ind_50_anc_7-6,0.000311,0.000000,0.000000,0.003798
Q_ind_51_anc_7-6,0.000165,0.000000,0.000000,0.001286
Q_ind_52_anc_7-6,0.000112,0.000000,0.000000,0.001087
Q_ind_53_anc_7-6,0.000220,0.000000,0.000000,0.002516
Q_ind_54_anc_7-6,0.000105,0.000000,0.000000,0.001050
Q_ind_55_anc_7-6,0.000201,0.000000,0.000000,0.002192
Q_ind_56_anc_7-6,0.000884,0.000000,0.000000,0.011402
Q_ind_57_anc_7-6,0.000253,0.000000,0.000000,0.003064
Q_ind_58_anc_7-6,0.000083,0.000000,0.000000,0.000585
Q_ind_59_anc_7-6,0.001976,0.000000,0.000000,0.026170
Q_ind_60_anc_7-6,0.000153,0.000000,0.000000,0.001218
Q_ind_61_anc_7-6,0.000491,0.000000,0.000000,0.006612
Q_ind_62_anc_7-6,0.000215,0.000000,0.000000,0.002429
Q_ind_63_anc_7-6,0.000049,0.000000,0.000000,0.000522
Q_ind_64_anc_7-6,0.000071,0.000000,0.000000,0.000641
Q_ind_65_anc_7-6,0.000085,0.000000,0.000000,0.000703
Q_ind_66_anc_7-6,0.000066,0.000000,0.000000,0.000634
Q_ind_67_anc_7-6,0.000054,0.000000,0.000000,0.000574
Q_ind_68_anc_7-6,0.000486,0.000000,0.000000,0.005796
Q_ind_69_anc_7-6,0.101067,0.100345,0.046152,0.161578
Q_ind_70_anc_7-6,0.001913,0.000000,0.000000,0.028407
Q_ind_71_anc_7-6,0.000694,0.000000,0.000000,0.010464
Q_ind_72_anc_7-6,0.000500,0.000000,0.000000,0.005270
Q_ind_73_anc_7-6,0.000797,0.000000,0.000000,0.010367
Q_ind_74_anc_7-6,0.089296,0.098203,0.000000,0.161421
Q_ind_75_anc_7-6,0.047248,0.049153,0.000000,0.128823
Q_ind_76_anc_7-6,0.000294,0.000000,0.000000,0.003515
Q_ind_77_anc_7-6,0.000300,0.000000,0.000000,0.003822
Q_ind_78_anc_7-6,0.000320,0.000000,0.000000,0.003000
Q_ind_79_anc_7-6,0.000475,0.000000,0.000000,0.006090
Q_ind_80_anc_7-6,0.000518,0.000000,0.000000,0.005469
Q_ind_81_anc_7-6,0.000964,0.000000,0.000000,0.011408
Q_ind_82_anc_7-6,0.000379,0.000000,0.000000,0.004624
Q_ind_83_anc_7-6,0.000442,0.000000,0.000000,0.005354
Q_ind_84_anc_7-6,0.000625,0.000000,0.000000,0.008358
Q_ind_85_anc_7-6,0.000494,0.000000,0.000000,0.005017
Q_ind_86_anc_7-6,0.018592,0.000000,0.000000,0.112871
Q_ind_87_anc_7-6,0.000202,0.000000,0.000000,0.001822
Q_ind_88_anc_7-6,0.000926,0.000000,0.000000,0.013039
Q_ind_89_anc_7-6,0.000251,0.000000,0.000000,0.002595
Q_ind_90_anc_7-6,0.001084,0.000000,0.000000,0.013000
Q_ind_91_anc_7-6,0.000733,0.000000,0.000000,0.011452
Q_ind_92_anc_7-6,0.000585,0.000000,0.000000,0.008447
Q_ind_93_anc_7-6,0.000270,0.000000,0.000000,0.002432
Q_ind_94_anc_7-6,0.056310,0.000366,0.000000,0.191309
Q_ind_95_anc_7-6,0.000812,0.000000,0.000000,0.012132
Q_ind_96_anc_7-6,0.000531,0.000000,0.000000,0.007114
Q_ind_97_anc_7-6,0.000627,0.000000,0.000000,0.009811
Q_ind_98_anc_7-6,0.000174,0.000000,0.000000,0.001724
Q_ind_99_anc_7-6,0.000219,0.000000,0.000000,0.001377
Q_ind_100_anc_7-6,0.000216,0.000000,0.000000,0.002351
Q_ind_101_anc_7-6,0.000157,0.000000,0.000000,0.001366
Q_ind_102_anc_7-6,0.000082,0.000000,0.000000,0.000653
Q_ind_103_anc_7-6,0.000142,0.000000,0.000000,0.001660
Q_ind_104_anc_7-6,0.000104,0.000000,0.000000,0.001081
Q_ind_105_anc_7-6,0.007682,0.000000,0.000000,0.066982
Q_ind_106_anc_7-6,0.000605,0.000000,0.000000,0.008429
Q_ind_107_anc_7-6,0.000285,0.000000,0.000000,0.002617
Q_ind_108_anc_7-6,0.000232,0.000000,0.000000,0.002425
Q_ind_109_anc_7-6,0.000283,0.000000,0.000000,0.003088
Q_ind_110_anc_7-6,0.000308,0.000000,0.000000,0.003640
Q_ind_111_anc_7-6,0.000339,0.000000,0.000000,0.003393
Q_ind_112_anc_7-6,0.000375,0.000000,0.000000,0.005236
Q_ind_113_anc_7-6,0.002222,0.000000,0.000000,0.035733
Q_ind_114_anc_7-6,0.000582,0.000000,0.000000,0.008590
Q_ind_115_anc_7-6,0.002333,0.000000,0.000000,0.032283
Q_ind_116_anc_7-6,0.000177,0.000000,0.000000,0.002084
Q_ind_117_anc_7-6,0.000248,0.000000,0.000000,0.003075
Q_ind_118_anc_7-6,0.000478,0.000000,0.000000,0.005641
Q_ind_119_anc_7-6,0.000828,0.000000,0.000000,0.012293
Q_ind_120_anc_7-6,0.000110,0.000000,0.000000,0.001183
Q_ind_121_anc_7-6,0.000832,0.000000,0.000000,0.012102
Q_ind_122_anc_7-6,0.000114,0.000000,0.000000,0.001239
Q_ind_123_anc_7-6,0.000141,0.000000,0.000000,0.001173
Q_ind_124_anc_7-6,0.000832,0.000000,0.000000,0.012090
Q_ind_125_anc_7-6,0.001446,0.000000,0.000000,0.024806
Q_ind_126_anc_7-6,0.000290,0.000000,0.000000,0.002366
Q_ind_127_anc_7-6,0.000251,0.000000,0.000000,0.003472
Q_ind_128_anc_7-6,0.000188,0.000000,0.000000,0.001992
Q_ind_129_anc_7-6,0.000189,0.000000,0.000000,0.001841
Q_ind_130_anc_7-6,0.000202,0.000000,0.000000,0.001656
Q_ind_131_anc_7-6,0.000281,0.000000,0.000000,0.002434
Q_ind_132_anc_7-6,0.000276,0.000000,0.000000,0.002882
Q_ind_133_anc_7-6,0.000120,0.000000,0.000000,0.001371
Q_ind_134_anc_7-6,0.000261,0.000000,0.000000,0.003384
Q_ind_135_anc_7-6,0.000414,0.000000,0.000000,0.005160
Q_ind_136_anc_7-6,0.000225,0.000000,0.000000,0.002204
Q_ind_137_anc_7-6,0.000146,0.000000,0.000000,0.001225
Q_ind_138_anc_7-6,0.000169,0.000000,0.000000,0.001879
Q_ind_139_anc_7-6,0.000189,0.000000,0.000000,0.002537
Q_ind_140_anc_7-6,0.000138,0.000000,0.000000,0.001317
Q_ind_141_anc_7-6,0.000151,0.000000,0.000000,0.001306
Q_ind_142_anc_7-6,0.133508,0.133709,0.071408,0.192061
Q_ind_143_anc_7-6,0.000162,0.000000,0.000000,0.001601
Q_ind_144_anc_7-6,0.000121,0.000000,0.000000,0.001295
Q_ind_145_anc_7-6,0.000049,0.000000,0.000000,0.000444
Q_ind_146_anc_7-6,0.000096,0.000000,0.000000,0.000853
Q_ind_147_anc_7-6,0.000085,0.000000,0.000000,0.000898
Q_ind_148_anc_7-6,0.000075,0.000000,0.000000,0.000783
Q_ind_149_anc_7-6,0.007310,0.000000,0.000000,0.061293
Q_ind_150_anc_7-6,0.000146,0.000000,0.000000,0.001566
Q_ind_151_anc_7-6,0.000154,0.000000,0.000000,0.001585
Q_ind_152_anc_7-6,0.000075,0.000000,0.000000,0.000605
Q_ind_153_anc_7-6,0.000094,0.000000,0.000000,0.001046
Q_ind_154_anc_7-6,0.000122,0.000000,0.000000,0.001252
Q_ind_155_anc_7-6,0.004571,0.000000,0.000000,0.042703
Q_ind_156_anc_7-6,0.000144,0.000000,0.000000,0.001414
Q_ind_157_anc_7-6,0.000229,0.000000,0.000000,0.002640
Q_ind_158_anc_7-6,0.000114,0.000000,0.000000,0.001074
Q_ind_159_anc_7-6,0.000211,0.000000,0.000000,0.002456
Q_ind_160_anc_7-6,0.000179,0.000000,0.000000,0.001847
Q_ind_161_anc_7-6,0.000443,0.000000,0.000000,0.005448
Q_ind_162_anc_7-6,0.000155,0.000000,0.000000,0.001774
Q_ind_163_anc_7-6,0.000180,0.000000,0.000000,0.002315
Q_ind_164_anc_7-6,0.000081,0.000000,0.000000,0.000933
Q_ind_165_anc_7-6,0.001120,0.000000,0.000000,0.014429
Q_ind_166_anc_7-6,0.000254,0.000000,0.000000,0.002917
Q_ind_167_anc_7-6,0.000207,0.000000,0.000000,0.002272
Q_ind_168_anc_7-6,0.000420,0.000000,0.000000,0.004487
Q_ind_169_anc_7-6,0.012730,0.000000,0.000000,0.087192
Q_ind_170_anc_7-6,0.000435,0.000000,0.000000,0.005739
Q_ind_171_anc_7-6,0.000546,0.000000,0.000000,0.006755
Q_ind_172_anc_7-6,0.000307,0.000000,0.000000,0.003945
Q_ind_173_anc_7-6,0.000226,0.000000,0.000000,0.001589
Q_ind_174_anc_7-6,0.000310,0.000000,0.000000,0.003798
Q_ind_175_anc_7-6,0.000346,0.000000,0.000000,0.004055
Q_ind_176_anc_7-6,0.087077,0.089518,0.000000,0.152804
Q_ind_177_anc_7-6,0.000212,0.000000,0.000000,0.002706
Q_ind_178_anc_7-6,0.000119,0.000000,0.000000,0.001085
Q_ind_179_anc_7-6,0.000114,0.000000,0.000000,0.001066
Q_ind_180_anc_7-6,0.000141,0.000000,0.000000,0.001242
Q_ind_181_anc_7-6,0.023172,0.000015,0.000000,0.096245
Q_ind_182_anc_7-6,0.000127,0.000000,0.000000,0.001253
Q_ind_183_anc_7-6,0.000132,0.000000,0.000000,0.001114
Q_ind_184_anc_7-6,0.007901,0.000000,0.000000,0.068358
Q_ind_185_anc_7-6,0.000228,0.000000,0.000000,0.002276
Q_ind_186_anc_7-6,0.000120,0.000000,0.000000,0.000817
Q_ind_187_anc_7-6,0.000054,0.000000,0.000000,0.000503
Q_ind_188_anc_7-6,0.000085,0.000000,0.000000,0.000732
Q_ind_189_anc_7-6,0.000188,0.000000,0.000000,0.002074
Q_ind_190_anc_7-6,0.000867,0.000000,0.000000,0.012399
Q_ind_191_anc_7-6,0.000198,0.000000,0.000000,0.002115
Q_ind_192_anc_7-6,0.000268,0.000000,0.000000,0.002628
Q_ind_193_anc_7-6,0.000428,0.000000,0.000000,0.006141
Q_ind_194_anc_7-6,0.000023,0.000000,0.000000,0.000184
Q_ind_195_anc_7-6,0.000264,0.000000,0.000000,0.002760
Q_ind_196_anc_7-6,0.000034,0.000000,0.000000,0.000302
Q_ind_197_anc_7-6,0.000038,0.000000,0.000000,0.000357
Q_ind_198_anc_7-6,0.000034,0.000000,0.000000,0.000283
Q_ind_199_anc_7-6,0.000195,0.000000,0.000000,0.001927
Q_ind_200_anc_7-6,0.000073,0.000000,0.000000,0.000719
Q_ind_201_anc_7-6,0.000177,0.000000,0.000000,0.001830
Q_ind_202_anc_7-6,0.000062,0.000000,0.000000,0.000579
Q_ind_203_anc_7-6,0.000378,0.000000,0.000000,0.005291
Q_ind_204_anc_7-6,0.000269,0.000000,0.000000,0.003071
Q_ind_205_anc_7-6,0.000110,0.000000,0.000000,0.001019
Q_ind_206_anc_7-6,0.000261,0.000000,0.000000,0.002592
Q_ind_207_anc_7-6,0.000616,0.000000,0.000000,0.006687
Q_ind_208_anc_7-6,0.000354,0.000000,0.000000,0.004413
Q_ind_209_anc_7-6,0.000202,0.000000,0.000000,0.002023
Q_ind_210_anc_7-6,0.000420,0.000000,0.000000,0.004592
Q_ind_211_anc_7-6,0.001025,0.000000,0.000000,0.016322
Q_ind_212_anc_7-6,0.002031,0.000000,0.000000,0.029645
Q_ind_213_anc_7-6,0.000748,0.000000,0.000000,0.010726
Q_ind_214_anc_7-6,0.005185,0.000000,0.000000,0.053221
Q_ind_215_anc_7-6,0.003368,0.000000,0.000000,0.053910
Q_ind_216_anc_7-6,0.001559,0.000000,0.000000,0.020250
Q_ind_217_anc_7-6,0.000189,0.000000,0.000000,0.002106
Q_ind_218_anc_7-6,0.037061,0.039038,0.000000,0.100284
Q_ind_219_anc_7-6,0.000362,0.000000,0.000000,0.005012
Q_ind_220_anc_7-6,0.004037,0.000000,0.000000,0.052103
Q_ind_221_anc_7-6,0.001243,0.000000,0.000000,0.020516
Q_ind_222_anc_7-6,0.002491,0.000000,0.000000,0.028752
Q_ind_223_anc_7-6,0.000666,0.000000,0.000000,0.006206
Q_ind_224_anc_7-6,0.003998,0.000000,0.000000,0.054045
Q_ind_225_anc_7-6,0.042612,0.036185,0.000000,0.131030
Q_ind_226_anc_7-6,0.000839,0.000000,0.000000,0.007267
Q_ind_227_anc_7-6,0.005856,0.000000,0.000000,0.066944
Q_ind_228_anc_7-6,0.000546,0.000000,0.000000,0.005230
Q_ind_229_anc_7-6,0.005303,0.000000,0.000000,0.062241
Q_ind_230_anc_7-6,0.000422,0.000000,0.000000,0.005233
Q_ind_231_anc_7-6,0.037406,0.000000,0.000000,0.146456
Q_ind_232_anc_7-6,0.000356,0.000000,0.000000,0.002549
Q_ind_233_anc_7-6,0.002029,0.000000,0.000000,0.026627
Q_ind_234_anc_7-6,0.000665,0.000000,0.000000,0.007870
Q_ind_235_anc_7-6,0.000177,0.000000,0.000000,0.001963
Q_ind_236_anc_7-6,0.000091,0.000000,0.000000,0.000968
Q_ind_237_anc_7-6,0.000164,0.000000,0.000000,0.001714
Q_ind_238_anc_7-6,0.001006,0.000000,0.000000,0.010910
Q_ind_239_anc_7-6,0.000569,0.000000,0.000000,0.007048
Q_ind_240_anc_7-6,0.000410,0.000000,0.000000,0.004614
Q_ind_241_anc_7-6,0.033761,0.032627,0.000000,0.099591
Q_ind_242_anc_7-6,0.001022,0.000000,0.000000,0.016050
Q_ind_243_anc_7-6,0.006643,0.000000,0.000000,0.068169
Q_ind_244_anc_7-6,0.000474,0.000000,0.000000,0.006279
Q_ind_245_anc_7-6,0.000752,0.000000,0.000000,0.007931
Q_ind_1_anc_7-7,0.000105,0.000000,0.000000,0.000963
Q_ind_2_anc_7-7,0.000629,0.000000,0.000000,0.008157
Q_ind_3_anc_7-7,0.011692,0.000000,0.000000,0.058152
Q_ind_4_anc_7-7,0.001820,0.000000,0.000000,0.021731
Q_ind_5_anc_7-7,0.000061,0.000000,0.000000,0.000644
Q_ind_6_anc_7-7,0.029445,0.001024,0.000000,0.104013
Q_ind_7_anc_7-7,0.028561,0.027862,0.001342,0.059224
Q_ind_8_anc_7-7,0.000486,0.000000,0.000000,0.007140
Q_ind_9_anc_7-7,0.077053,0.077463,0.035117,0.118014
Q_ind_10_anc_7-7,0.002636,0.000000,0.000000,0.035343
Q_ind_11_anc_7-7,0.000226,0.000000,0.000000,0.002429
Q_ind_12_anc_7-7,0.005900,0.000000,0.000000,0.043715
Q_ind_13_anc_7-7,0.000081,0.000000,0.000000,0.000722
Q_ind_14_anc_7-7,0.000178,0.000000,0.000000,0.001942
Q_ind_15_anc_7-7,0.000377,0.000000,0.000000,0.005057
Q_ind_16_anc_7-7,0.000158,0.000000,0.000000,0.002065
Q_ind_17_anc_7-7,0.000100,0.000000,0.000000,0.000972
Q_ind_18_anc_7-7,0.000072,0.000000,0.000000,0.000675
Q_ind_19_anc_7-7,0.000060,0.000000,0.000000,0.000527
Q_ind_20_anc_7-7,0.000041,0.000000,0.000000,0.000364
Q_ind_21_anc_7-7,0.000230,0.000000,0.000000,0.002939
Q_ind_22_anc_7-7,0.007687,0.000000,0.000000,0.038438
Q_ind_23_anc_7-7,0.007202,0.000000,0.000000,0.036374
Q_ind_24_anc_7-7,0.000225,0.000000,0.000000,0.002764
Q_ind_25_anc_7-7,0.000170,0.000000,0.000000,0.002148
Q_ind_26_anc_7-7,0.001647,0.000000,0.000000,0.022960
Q_ind_27_anc_7-7,0.000211,0.000000,0.000000,0.001698
Q_ind_28_anc_7-7,0.007502,0.000000,0.000000,0.036837
Q_ind_29_anc_7-7,0.009516,0.000277,0.000000,0.040003
Q_ind_30_anc_7-7,0.000334,0.000000,0.000000,0.003971
Q_ind_31_anc_7-7,0.000056,0.000000,0.000000,0.000550
Q_ind_32_anc_7-7,0.000110,0.000000,0.000000,0.001188
Q_ind_33_anc_7-7,0.000190,0.000000,0.000000,0.001342
Q_ind_34_anc_7-7,0.000122,0.000000,0.000000,0.001074
Q_ind_35_anc_7-7,0.000118,0.000000,0.000000,0.001229
Q_ind_36_anc_7-7,0.000069,0.000000,0.000000,0.000599
Q_ind_37_anc_7-7,0.000139,0.000000,0.000000,0.001104
Q_ind_38_anc_7-7,0.000043,0.000000,0.000000,0.000382
Q_ind_39_anc_7-7,0.000050,0.000000,0.000000,0.000533
Q_ind_40_anc_7-7,0.000181,0.000000,0.000000,0.001932
Q_ind_41_anc_7-7,0.000102,0.000000,0.000000,0.000872
Q_ind_42_anc_7-7,0.000868,0.000000,0.000000,0.014655
Q_ind_43_anc_7-7,0.000854,0.000000,0.000000,0.011649
Q_ind_44_anc_7-7,0.000641,0.000000,0.000000,0.010590
Q_ind_45_anc_7-7,0.002084,0.000000,0.000000,0.027682
Q_ind_46_anc_7-7,0.000174,0.000000,0.000000,0.002177
Q_ind_47_anc_7-7,0.000336,0.000000,0.000000,0.003578
Q_ind_48_anc_7-7,0.004076,0.000000,0.000000,0.037241
Q_ind_49_anc_7-7,0.000265,0.000000,0.000000,0.003104
Q_ind_50_anc_7-7,0.001937,0.000000,0.000000,0.017793
Q_ind_51_anc_7-7,0.000189,0.000000,0.000000,0.002166
Q_ind_52_anc_7-7,0.000068,0.000000,0.000000,0.000704
Q_ind_53_anc_7-7,0.000141,0.000000,0.000000,0.001671
Q_ind_54_anc_7-7,0.000185,0.000000,0.000000,0.002319
Q_ind_55_anc_7-7,0.000082,0.000000,0.000000,0.000758
Q_ind_56_anc_7-7,0.000166,0.000000,0.000000,0.002162
Q_ind_57_anc_7-7,0.000057,0.000000,0.000000,0.000565
Q_ind_58_anc_7-7,0.000075,0.000000,0.000000,0.000582
Q_ind_59_anc_7-7,0.000689,0.000000,0.000000,0.010135
Q_ind_60_anc_7-7,0.000054,0.000000,0.000000,0.000469
Q_ind_61_anc_7-7,0.000160,0.000000,0.000000,0.001724
Q_ind_62_anc_7-7,0.000489,0.000000,0.000000,0.007467
Q_ind_63_anc_7-7,0.967126,0.967758,0.943416,0.987935
Q_ind_64_anc_7-7,0.984421,0.985984,0.959216,0.999279
Q_ind_65_anc_7-7,0.970652,0.972035,0.940064,0.993002
Q_ind_66_anc_7-7,0.967266,0.967173,0.938550,0.995603
Q_ind_67_anc_7-7,0.718262,0.718237,0.657826,0.779424
Q_ind_68_anc_7-7,0.000131,0.000000,0.000000,0.001485
Q_ind_69_anc_7-7,0.000087,0.000000,0.000000,0.000638
Q_ind_70_anc_7-7,0.000049,0.000000,0.000000,0.000436
Q_ind_71_anc_7-7,0.000099,0.000000,0.000000,0.001054
Q_ind_72_anc_7-7,0.000669,0.000000,0.000000,0.009617
Q_ind_73_anc_7-7,0.000378,0.000000,0.000000,0.005100
Q_ind_74_anc_7-7,0.000132,0.000000,0.000000,0.001024
Q_ind_75_anc_7-7,0.000065,0.000000,0.000000,0.000652
Q_ind_76_anc_7-7,0.000108,0.000000,0.000000,0.001011
Q_ind_77_anc_7-7,0.010628,0.000000,0.000000,0.073789
Q_ind_78_anc_7-7,0.038865,0.035068,0.000000,0.114895
Q_ind_79_anc_7-7,0.000407,0.000000,0.000000,0.005473
Q_ind_80_anc_7-7,0.024375,0.025800,0.000000,0.062937
Q_ind_81_anc_7-7,0.000777,0.000000,0.000000,0.009655
Q_ind_82_anc_7-7,0.041846,0.036990,0.000000,0.126232
Q_ind_83_anc_7-7,0.001744,0.000000,0.000000,0.029641
Q_ind_84_anc_7-7,0.010801,0.000000,0.000000,0.061164
Q_ind_85_anc_7-7,0.002687,0.000000,0.000000,0.037827
Q_ind_86_anc_7-7,0.047508,0.050471,0.000000,0.106206
Q_ind_87_anc_7-7,0.038362,0.044399,0.000000,0.092291
Q_ind_88_anc_7-7,0.079190,0.088152,0.000000,0.181970
Q_ind_89_anc_7-7,0.048695,0.031243,0.000000,0.153977
Q_ind_90_anc_7-7,0.027021,0.004537,0.000000,0.112983
Q_ind_91_anc_7-7,0.015042,0.000000,0.000000,0.090888
Q_ind_92_anc_7-7,0.009159,0.000000,0.000000,0.092694
Q_ind_93_anc_7-7,0.016816,0.000000,0.000000,0.110599
Q_ind_94_anc_7-7,0.000111,0.000000,0.000000,0.000973
Q_ind_95_anc_7-7,0.000681,0.000000,0.000000,0.007378
Q_ind_96_anc_7-7,0.000130,0.000000,0.000000,0.001365
Q_ind_97_anc_7-7,0.000518,0.000000,0.000000,0.008470
Q_ind_98_anc_7-7,0.000032,0.000000,0.000000,0.000255
Q_ind_99_anc_7-7,0.000031,0.000000,0.000000,0.000288
Q_ind_100_anc_7-7,0.000290,0.000000,0.000000,0.003914
Q_ind_101_anc_7-7,0.000109,0.000000,0.000000,0.001144
Q_ind_102_anc_7-7,0.000085,0.000000,0.000000,0.000644
Q_ind_103_anc_7-7,0.000182,0.000000,0.000000,0.001866
Q_ind_104_anc_7-7,0.000058,0.000000,0.000000,0.000586
Q_ind_105_anc_7-7,0.000036,0.000000,0.000000,0.000399
Q_ind_106_anc_7-7,0.000346,0.000000,0.000000,0.004646
Q_ind_107_anc_7-7,0.000118,0.000000,0.000000,0.000754
Q_ind_108_anc_7-7,0.000288,0.000000,0.000000,0.003488
Q_ind_109_anc_7-7,0.000243,0.000000,0.000000,0.002420
Q_ind_110_anc_7-7,0.000357,0.000000,0.000000,0.004983
Q_ind_111_anc_7-7,0.000523,0.000000,0.000000,0.007548
Q_ind_112_anc_7-7,0.000098,0.000000,0.000000,0.000829
Q_ind_113_anc_7-7,0.000749,0.000000,0.000000,0.010804
Q_ind_114_anc_7-7,0.000337,0.000000,0.000000,0.004427
Q_ind_115_anc_7-7,0.007275,0.000001,0.000000,0.033768
Q_ind_116_anc_7-7,0.000124,0.000000,0.000000,0.001423
Q_ind_117_anc_7-7,0.000173,0.000000,0.000000,0.001642
Q_ind_118_anc_7-7,0.000081,0.000000,0.000000,0.000748
Q_ind_119_anc_7-7,0.000619,0.000000,0.000000,0.008735
Q_ind_120_anc_7-7,0.000101,0.000000,0.000000,0.001025
Q_ind_121_anc_7-7,0.001894,0.000000,0.000000,0.021381
Q_ind_122_anc_7-7,0.000151,0.000000,0.000000,0.001764
Q_ind_123_anc_7-7,0.000255,0.000000,0.000000,0.003078
Q_ind_124_anc_7-7,0.000447,0.000000,0.000000,0.006895
Q_ind_125_anc_7-7,0.006572,0.000000,0.000000,0.053113
Q_ind_126_anc_7-7,0.012833,0.000000,0.000000,0.070171
Q_ind_127_anc_7-7,0.003768,0.000000,0.000000,0.039882
Q_ind_128_anc_7-7,0.000700,0.000000,0.000000,0.008801
Q_ind_129_anc_7-7,0.037866,0.038583,0.000000,0.071672
Q_ind_130_anc_7-7,0.002754,0.000000,0.000000,0.032172
Q_ind_131_anc_7-7,0.000082,0.000000,0.000000,0.000756
Q_ind_132_anc_7-7,0.000024,0.000000,0.000000,0.000217
Q_ind_133_anc_7-7,0.000220,0.000000,0.000000,0.002799
Q_ind_134_anc_7-7,0.000115,0.000000,0.000000,0.001614
Q_ind_135_anc_7-7,0.000127,0.000000,0.000000,0.001466
Q_ind_136_anc_7-7,0.000117,0.000000,0.000000,0.001360
Q_ind_137_anc_7-7,0.000131,0.000000,0.000000,0.001587
Q_ind_138_anc_7-7,0.000042,0.000000,0.000000,0.000323
Q_ind_139_anc_7-7,0.000044,0.000000,0.000000,0.000428
Q_ind_140_anc_7-7,0.000263,0.000000,0.000000,0.003737
Q_ind_141_anc_7-7,0.000125,0.000000,0.000000,0.001205
Q_ind_142_anc_7-7,0.000025,0.000000,0.000000,0.000266
Q_ind_143_anc_7-7,0.000145,0.000000,0.000000,0.001713
Q_ind_144_anc_7-7,0.000068,0.000000,0.000000,0.000563
Q_ind_145_anc_7-7,0.945008,0.944335,0.912946,0.980007
Q_ind_146_anc_7-7,0.908663,0.914160,0.831158,0.955434
Q_ind_147_anc_7-7,0.946107,0.946007,0.907914,0.984288
Q_ind_148_anc_7-7,0.924792,0.925517,0.889864,0.956084
Q_ind_149_anc_7-7,0.647144,0.642801,0.562659,0.744258
Q_ind_150_anc_7-7,0.962667,0.962670,0.931257,0.992385
Q_ind_151_anc_7-7,0.934544,0.934185,0.896770,0.972227
Q_ind_152_anc_7-7,0.957051,0.958077,0.926144,0.983398
Q_ind_153_anc_7-7,0.950756,0.950481,0.920160,0.983057
Q_ind_154_anc_7-7,0.948900,0.949867,0.914523,0.978940
Q_ind_155_anc_7-7,0.000129,0.000000,0.000000,0.001142
Q_ind_156_anc_7-7,0.045144,0.049449,0.000000,0.118442
Q_ind_157_anc_7-7,0.076292,0.079581,0.000000,0.124936
Q_ind_158_anc_7-7,0.052537,0.057804,0.000000,0.107412
Q_ind_159_anc_7-7,0.038473,0.043666,0.000000,0.089098
Q_ind_160_anc_7-7,0.098079,0.098965,0.021802,0.150402
Q_ind_161_anc_7-7,0.000771,0.000000,0.000000,0.006568
Q_ind_162_anc_7-7,0.077258,0.079078,0.018979,0.125427
Q_ind_163_anc_7-7,0.021059,0.000000,0.000000,0.095129
Q_ind_164_anc_7-7,0.063616,0.070284,0.000000,0.130621
Q_ind_165_anc_7-7,0.004408,0.000000,0.000000,0.032952
Q_ind_166_anc_7-7,0.000621,0.000000,0.000000,0.008180
Q_ind_167_anc_7-7,0.000297,0.000000,0.000000,0.002427
Q_ind_168_anc_7-7,0.000064,0.000000,0.000000,0.000547
Q_ind_169_anc_7-7,0.000049,0.000000,0.000000,0.000478
Q_ind_170_anc_7-7,0.000238,0.000000,0.000000,0.002952
Q_ind_171_anc_7-7,0.005863,0.000000,0.000000,0.036655
Q_ind_172_anc_7-7,0.000119,0.000000,0.000000,0.001273
Q_ind_173_anc_7-7,0.000042,0.000000,0.000000,0.000389
Q_ind_174_anc_7-7,0.000223,0.000000,0.000000,0.002597
Q_ind_175_anc_7-7,0.000063,0.000000,0.000000,0.000614
Q_ind_176_anc_7-7,0.000114,0.000000,0.000000,0.001055
Q_ind_177_anc_7-7,0.003107,0.000000,0.000000,0.042112
Q_ind_178_anc_7-7,0.118648,0.115791,0.062143,0.184919
Q_ind_179_anc_7-7,0.049393,0.051970,0.000000,0.120761
Q_ind_180_anc_7-7,0.164208,0.164509,0.110177,0.215845
Q_ind_181_anc_7-7,0.022017,0.008972,0.000000,0.082762
Q_ind_182_anc_7-7,0.051600,0.057628,0.000000,0.119856
Q_ind_183_anc_7-7,0.133091,0.132002,0.081940,0.190175
Q_ind_184_anc_7-7,0.001961,0.000000,0.000000,0.027416
Q_ind_185_anc_7-7,0.000186,0.000000,0.000000,0.001481
Q_ind_186_anc_7-7,0.000227,0.000000,0.000000,0.002955
Q_ind_187_anc_7-7,0.000055,0.000000,0.000000,0.000530
Q_ind_188_anc_7-7,0.000037,0.000000,0.000000,0.000311
Q_ind_189_anc_7-7,0.000148,0.000000,0.000000,0.001322
Q_ind_190_anc_7-7,0.000274,0.000000,0.000000,0.003695
Q_ind_191_anc_7-7,0.000077,0.000000,0.000000,0.000629
Q_ind_192_anc_7-7,0.000052,0.000000,0.000000,0.000429
Q_ind_193_anc_7-7,0.000114,0.000000,0.000000,0.000877
Q_ind_194_anc_7-7,0.000028,0.000000,0.000000,0.000245
Q_ind_195_anc_7-7,0.000290,0.000000,0.000000,0.003199
Q_ind_196_anc_7-7,0.000038,0.000000,0.000000,0.000312
Q_ind_197_anc_7-7,0.000047,0.000000,0.000000,0.000472
Q_ind_198_anc_7-7,0.000038,0.000000,0.000000,0.000325
Q_ind_199_anc_7-7,0.000085,0.000000,0.000000,0.000819
Q_ind_200_anc_7-7,0.000064,0.000000,0.000000,0.000667
Q_ind_201_anc_7-7,0.000028,0.000000,0.000000,0.000283
Q_ind_202_anc_7-7,0.000145,0.000000,0.000000,0.001627
Q_ind_203_anc_7-7,0.000226,0.000000,0.000000,0.002905
Q_ind_204_anc_7-7,0.000264,0.000000,0.000000,0.003481
Q_ind_205_anc_7-7,0.000967,0.000000,0.000000,0.013721
Q_ind_206_anc_7-7,0.003115,0.000000,0.000000,0.026462
Q_ind_207_anc_7-7,0.001688,0.000000,0.000000,0.024016
Q_ind_208_anc_7-7,0.000038,0.000000,0.000000,0.000297
Q_ind_209_anc_7-7,0.004872,0.000000,0.000000,0.032541
Q_ind_210_anc_7-7,0.000243,0.000000,0.000000,0.003186
Q_ind_211_anc_7-7,0.001110,0.000000,0.000000,0.015306
Q_ind_212_anc_7-7,0.000039,0.000000,0.000000,0.000387
Q_ind_213_anc_7-7,0.000090,0.000000,0.000000,0.000918
Q_ind_214_anc_7-7,0.000271,0.000000,0.000000,0.003638
Q_ind_215_anc_7-7,0.000123,0.000000,0.000000,0.001544
Q_ind_216_anc_7-7,0.006747,0.000000,0.000000,0.039482
Q_ind_217_anc_7-7,0.000066,0.000000,0.000000,0.000513
Q_ind_218_anc_7-7,0.000038,0.000000,0.000000,0.000369
Q_ind_219_anc_7-7,0.000390,0.000000,0.000000,0.005827
Q_ind_220_anc_7-7,0.000200,0.000000,0.000000,0.002306
Q_ind_221_anc_7-7,0.000099,0.000000,0.000000,0.000835
Q_ind_222_anc_7-7,0.000294,0.000000,0.000000,0.003645
Q_ind_223_anc_7-7,0.000044,0.000000,0.000000,0.000368
Q_ind_224_anc_7-7,0.000056,0.000000,0.000000,0.000428
Q_ind_225_anc_7-7,0.000723,0.000000,0.000000,0.008778
Q_ind_226_anc_7-7,0.000096,0.000000,0.000000,0.000842
Q_ind_227_anc_7-7,0.009625,0.000000,0.000000,0.053933
Q_ind_228_anc_7-7,0.010094,0.000000,0.000000,0.052841
Q_ind_229_anc_7-7,0.000746,0.000000,0.000000,0.010859
Q_ind_230_anc_7-7,0.000941,0.000000,0.000000,0.013348
Q_ind_231_anc_7-7,0.000038,0.000000,0.000000,0.000358
Q_ind_232_anc_7-7,0.000162,0.000000,0.000000,0.002195
Q_ind_233_anc_7-7,0.001170,0.000000,0.000000,0.017902
Q_ind_234_anc_7-7,0.003390,0.000000,0.000000,0.027619
Q_ind_235_anc_7-7,0.000073,0.000000,0.000000,0.000723
Q_ind_236_anc_7-7,0.000065,0.000000,0.000000,0.000708
Q_ind_237_anc_7-7,0.000075,0.000000,0.000000,0.000740
Q_ind_238_anc_7-7,0.000044,0.000000,0.000000,0.000341
Q_ind_239_anc_7-7,0.000094,0.000000,0.000000,0.000996
Q_ind_240_anc_7-7,0.000061,0.000000,0.000000,0.000453
Q_ind_241_anc_7-7,0.000075,0.000000,0.000000,0.000716
Q_ind_242_anc_7-7,0.000566,0.000000,0.000000,0.008616
Q_ind_243_anc_7-7,0.000047,0.000000,0.000000,0.000431
Q_ind_244_anc_7-7,0.000665,0.000000,0.000000,0.009997
Q_ind_245_anc_7-7,0.000028,0.000000,0.000000,0.000232
Q_ind_1_anc_8-1,0.639309,0.636305,0.551238,0.731757
Q_ind_2_anc_8-1,0.727502,0.736640,0.590112,0.811901
Q_ind_3_anc_8-1,0.713881,0.720047,0.613563,0.793059
Q_ind_4_anc_8-1,0.702779,0.707185,0.585970,0.792755
Q_ind_5_anc_8-1,0.529336,0.527479,0.425485,0.631382
Q_ind_6_anc_8-1,0.719872,0.721538,0.631496,0.802969
Q_ind_7_anc_8-1,0.726560,0.728307,0.613974,0.816659
Q_ind_8_anc_8-1,0.752412,0.758049,0.661101,0.814669
Q_ind_9_anc_8-1,0.628446,0.623359,0.505961,0.750707
Q_ind_10_anc_8-1,0.684312,0.680241,0.575730,0.795430
Q_ind_11_anc_8-1,0.696674,0.697730,0.600796,0.782491
Q_ind_12_anc_8-1,0.684876,0.688729,0.570985,0.779548
Q_ind_13_anc_8-1,0.000486,0.000000,0.000000,0.005462
Q_ind_14_anc_8-1,0.000288,0.000000,0.000000,0.002737
Q_ind_15_anc_8-1,0.000138,0.000000,0.000000,0.001188
Q_ind_16_anc_8-1,0.003411,0.000000,0.000000,0.055850
Q_ind_17_anc_8-1,0.000193,0.000000,0.000000,0.002063
Q_ind_18_anc_8-1,0.008823,0.000000,0.000000,0.100907
Q_ind_19_anc_8-1,0.000313,0.000000,0.000000,0.003453
Q_ind_20_anc_8-1,0.008117,0.000000,0.000000,0.105744
Q_ind_21_anc_8-1,0.000765,0.000000,0.000000,0.011922
Q_ind_22_anc_8-1,0.002671,0.000000,0.000000,0.030855
Q_ind_23_anc_8-1,0.004908,0.000000,0.000000,0.051963
Q_ind_24_anc_8-1,0.000605,0.000000,0.000000,0.006505
Q_ind_25_anc_8-1,0.031147,0.000000,0.000000,0.241982
Q_ind_26_anc_8-1,0.000152,0.000000,0.000000,0.001356
Q_ind_27_anc_8-1,0.000528,0.000000,0.000000,0.003884
Q_ind_28_anc_8-1,0.000382,0.000000,0.000000,0.004484
Q_ind_29_anc_8-1,0.000192,0.000000,0.000000,0.001920
Q_ind_30_anc_8-1,0.000638,0.000000,0.000000,0.005416
Q_ind_31_anc_8-1,0.057972,0.003356,0.000000,0.236406
Q_ind_32_anc_8-1,0.099328,0.095760,0.000000,0.243271
Q_ind_33_anc_8-1,0.080724,0.026970,0.000000,0.288560
Q_ind_34_anc_8-1,0.040302,0.000000,0.000000,0.256908
Q_ind_35_anc_8-1,0.145598,0.125125,0.064823,0.328461
Q_ind_36_anc_8-1,0.034250,0.000000,0.000000,0.266484
Q_ind_37_anc_8-1,0.052090,0.000022,0.000000,0.206624
Q_ind_38_anc_8-1,0.026173,0.000000,0.000000,0.174040
Q_ind_39_anc_8-1,0.058396,0.000003,0.000000,0.214362
Q_ind_40_anc_8-1,0.001838,0.000000,0.000000,0.027312
Q_ind_41_anc_8-1,0.010418,0.000000,0.000000,0.146344
Q_ind_42_anc_8-1,0.000239,0.000000,0.000000,0.002862
Q_ind_43_anc_8-1,0.001255,0.000000,0.000000,0.016881
Q_ind_44_anc_8-1,0.000256,0.000000,0.000000,0.002719
Q_ind_45_anc_8-1,0.000952,0.000000,0.000000,0.012656
Q_ind_46_anc_8-1,0.000463,0.000000,0.000000,0.005487
Q_ind_47_anc_8-1,0.000117,0.000000,0.000000,0.001104
Q_ind_48_anc_8-1,0.000276,0.000000,0.000000,0.002819
Q_ind_49_anc_8-1,0.000871,0.000000,0.000000,0.012647
Q_ind_50_anc_8-1,0.000071,0.000000,0.000000,0.000702
Q_ind_51_anc_8-1,0.000093,0.000000,0.000000,0.000693
Q_ind_52_anc_8-1,0.000204,0.000000,0.000000,0.002362
Q_ind_53_anc_8-1,0.000141,0.000000,0.000000,0.001180
Q_ind_54_anc_8-1,0.000365,0.000000,0.000000,0.003280
Q_ind_55_anc_8-1,0.000392,0.000000,0.000000,0.004647
Q_ind_56_anc_8-1,0.000163,0.000000,0.000000,0.001634
Q_ind_57_anc_8-1,0.000568,0.000000,0.000000,0.007075
Q_ind_58_anc_8-1,0.000264,0.000000,0.000000,0.002573
Q_ind_59_anc_8-1,0.000199,0.000000,0.000000,0.001606
Q_ind_60_anc_8-1,0.000225,0.000000,0.000000,0.002559
Q_ind_61_anc_8-1,0.000946,0.000000,0.000000,0.013157
Q_ind_62_anc_8-1,0.000391,0.000000,0.000000,0.002662
Q_ind_63_anc_8-1,0.000248,0.000000,0.000000,0.002600
Q_ind_64_anc_8-1,0.000494,0.000000,0.000000,0.006900
Q_ind_65_anc_8-1,0.003277,0.000000,0.000000,0.035497
Q_ind_66_anc_8-1,0.000377,0.000000,0.000000,0.002893
Q_ind_67_anc_8-1,0.019872,0.000000,0.000000,0.101343
Q_ind_68_anc_8-1,0.004455,0.000000,0.000000,0.046496
Q_ind_69_anc_8-1,0.015936,0.000000,0.000000,0.115868
Q_ind_70_anc_8-1,0.000128,0.000000,0.000000,0.001212
Q_ind_71_anc_8-1,0.002026,0.000000,0.000000,0.032100
Q_ind_72_anc_8-1,0.001766,0.000000,0.000000,0.023654
Q_ind_73_anc_8-1,0.028634,0.004128,0.000000,0.107863
Q_ind_74_anc_8-1,0.012590,0.000000,0.000000,0.096155
Q_ind_75_anc_8-1,0.001446,0.000000,0.000000,0.021623
Q_ind_76_anc_8-1,0.010272,0.000000,0.000000,0.090229
Q_ind_77_anc_8-1,0.002824,0.000000,0.000000,0.042169
Q_ind_78_anc_8-1,0.018722,0.000000,0.000000,0.105150
Q_ind_79_anc_8-1,0.033610,0.000000,0.000000,0.144483
Q_ind_80_anc_8-1,0.137709,0.139426,0.052672,0.214851
Q_ind_81_anc_8-1,0.091758,0.102719,0.000000,0.183288
Q_ind_82_anc_8-1,0.070296,0.078468,0.000000,0.177005
Q_ind_83_anc_8-1,0.046300,0.004305,0.000000,0.150811
Q_ind_84_anc_8-1,0.056171,0.010848,0.000000,0.180033
Q_ind_85_anc_8-1,0.063552,0.071578,0.000000,0.144950
Q_ind_86_anc_8-1,0.138776,0.137770,0.073789,0.207131
Q_ind_87_anc_8-1,0.096632,0.112391,0.000000,0.194427
Q_ind_88_anc_8-1,0.050012,0.000370,0.000000,0.185945
Q_ind_89_anc_8-1,0.078397,0.083514,0.000000,0.182746
Q_ind_90_anc_8-1,0.001431,0.000000,0.000000,0.019306
Q_ind_91_anc_8-1,0.001195,0.000000,0.000000,0.018657
Q_ind_92_anc_8-1,0.031100,0.000001,0.000000,0.148583
Q_ind_93_anc_8-1,0.118135,0.134306,0.000000,0.215079
Q_ind_94_anc_8-1,0.109485,0.113943,0.000000,0.231027
Q_ind_95_anc_8-1,0.029809,0.000000,0.000000,0.176068
Q_ind_96_anc_8-1,0.000270,0.000000,0.000000,0.003272
Q_ind_97_anc_8-1,0.000107,0.000000,0.000000,0.001031
Q_ind_98_anc_8-1,0.000262,0.000000,0.000000,0.002097
Q_ind_99_anc_8-1,0.000495,0.000000,0.000000,0.006012
Q_ind_100_anc_8-1,0.000160,0.000000,0.000000,0.001505
Q_ind_101_anc_8-1,0.000125,0.000000,0.000000,0.001137
Q_ind_102_anc_8-1,0.000049,0.000000,0.000000,0.000440
Q_ind_103_anc_8-1,0.000403,0.000000,0.000000,0.004588
Q_ind_104_anc_8-1,0.000136,0.000000,0.000000,0.001440
Q_ind_105_anc_8-1,0.017825,0.000000,0.000000,0.121763
Q_ind_106_anc_8-1,0.000542,0.000000,0.000000,0.006827
Q_ind_107_anc_8-1,0.269320,0.268331,0.154381,0.381786
Q_ind_108_anc_8-1,0.297986,0.294327,0.200758,0.414904
Q_ind_109_anc_8-1,0.214563,0.233534,0.000000,0.337614
Q_ind_110_anc_8-1,0.232996,0.285288,0.000000,0.368092
Q_ind_111_anc_8-1,0.247892,0.245178,0.149261,0.352075
Q_ind_112_anc_8-1,0.107263,0.128868,0.000000,0.263308
Q_ind_113_anc_8-1,0.220630,0.248166,0.000000,0.371884
Q_ind_114_anc_8-1,0.226842,0.226293,0.101257,0.355072
Q_ind_115_anc_8-1,0.000168,0.000000,0.000000,0.001563
Q_ind_116_anc_8-1,0.000439,0.000000,0.000000,0.006924
Q_ind_117_anc_8-1,0.000229,0.000000,0.000000,0.002541
Q_ind_118_anc_8-1,0.000185,0.000000,0.000000,0.002182
Q_ind_119_anc_8-1,0.000515,0.000000,0.000000,0.006363
Q_ind_120_anc_8-1,0.000100,0.000000,0.000000,0.000920
Q_ind_121_anc_8-1,0.002006,0.000000,0.000000,0.025981
Q_ind_122_anc_8-1,0.000169,0.000000,0.000000,0.001633
Q_ind_123_anc_8-1,0.000544,0.000000,0.000000,0.006920
Q_ind_124_anc_8-1,0.008108,0.000000,0.000000,0.080475
Q_ind_125_anc_8-1,0.052248,0.001034,0.000000,0.172869
Q_ind_126_anc_8-1,0.040605,0.014679,0.000000,0.135572
Q_ind_127_anc_8-1,0.004937,0.000000,0.000000,0.063518
Q_ind_128_anc_8-1,0.135920,0.110909,0.049006,0.309172
Q_ind_129_anc_8-1,0.005537,0.000000,0.000000,0.063592
Q_ind_130_anc_8-1,0.079050,0.091442,0.000000,0.195628
Q_ind_131_anc_8-1,0.002707,0.000000,0.000000,0.039565
Q_ind_132_anc_8-1,0.057658,0.009555,0.000000,0.203907
Q_ind_133_anc_8-1,0.008342,0.000000,0.000000,0.157372
Q_ind_134_anc_8-1,0.004297,0.000000,0.000000,0.051664
Q_ind_135_anc_8-1,0.002378,0.000000,0.000000,0.031447
Q_ind_136_anc_8-1,0.001870,0.000000,0.000000,0.013162
Q_ind_137_anc_8-1,0.000914,0.000000,0.000000,0.011271
Q_ind_138_anc_8-1,0.001971,0.000000,0.000000,0.026803
Q_ind_139_anc_8-1,0.000668,0.000000,0.000000,0.008078
Q_ind_140_anc_8-1,0.016123,0.000000,0.000000,0.230466
Q_ind_141_anc_8-1,0.000601,0.000000,0.000000,0.009435
Q_ind_142_anc_8-1,0.012369,0.000000,0.000000,0.141959
Q_ind_143_anc_8-1,0.002729,0.000000,0.000000,0.044248
Q_ind_144_anc_8-1,0.007436,0.000000,0.000000,0.144524
Q_ind_145_anc_8-1,0.000127,0.000000,0.000000,0.001102
Q_ind_146_anc_8-1,0.001566,0.000000,0.000000,0.025764
Q_ind_147_anc_8-1,0.000280,0.000000,0.000000,0.002930
Q_ind_148_anc_8-1,0.011579,0.000000,0.000000,0.066286
Q_ind_149_anc_8-1,0.014528,0.000000,0.000000,0.083925
Q_ind_150_anc_8-1,0.001179,0.000000,0.000000,0.018629
Q_ind_151_anc_8-1,0.000111,0.000000,0.000000,0.000803
Q_ind_152_anc_8-1,0.000450,0.000000,0.000000,0.005481
Q_ind_153_anc_8-1,0.000349,0.000000,0.000000,0.003850
Q_ind_154_anc_8-1,0.001883,0.000000,0.000000,0.027744
Q_ind_155_anc_8-1,0.115415,0.131882,0.000000,0.208757
Q_ind_156_anc_8-1,0.703782,0.702504,0.631859,0.778197
Q_ind_157_anc_8-1,0.725887,0.726615,0.648174,0.801666
Q_ind_158_anc_8-1,0.774419,0.776004,0.681185,0.859910
Q_ind_159_anc_8-1,0.768958,0.772985,0.671363,0.849086
Q_ind_160_anc_8-1,0.729921,0.731682,0.650834,0.799640
Q_ind_161_anc_8-1,0.757473,0.760873,0.674423,0.824869
Q_ind_162_anc_8-1,0.732827,0.734133,0.631769,0.821537
Q_ind_163_anc_8-1,0.687474,0.684975,0.593884,0.793014
Q_ind_164_anc_8-1,0.719960,0.725725,0.614592,0.805005
Q_ind_165_anc_8-1,0.295556,0.302400,0.139365,0.394063
Q_ind_166_anc_8-1,0.288258,0.286404,0.191983,0.405878
Q_ind_167_anc_8-1,0.191157,0.195469,0.000000,0.347956
Q_ind_168_anc_8-1,0.000861,0.000000,0.000000,0.009733
Q_ind_169_anc_8-1,0.204856,0.205479,0.125552,0.280115
Q_ind_170_anc_8-1,0.001017,0.000000,0.000000,0.012204
Q_ind_171_anc_8-1,0.000768,0.000000,0.000000,0.009073
Q_ind_172_anc_8-1,0.003563,0.000000,0.000000,0.033430
Q_ind_173_anc_8-1,0.000091,0.000000,0.000000,0.001002
Q_ind_174_anc_8-1,0.016592,0.000000,0.000000,0.240152
Q_ind_175_anc_8-1,0.000224,0.000000,0.000000,0.002169
Q_ind_176_anc_8-1,0.338160,0.339772,0.254644,0.410573
Q_ind_177_anc_8-1,0.363044,0.366983,0.253632,0.449466
Q_ind_178_anc_8-1,0.243066,0.244003,0.144176,0.332042
Q_ind_179_anc_8-1,0.239474,0.241815,0.123283,0.341272
Q_ind_180_anc_8-1,0.199112,0.198684,0.120162,0.278494
Q_ind_181_anc_8-1,0.174848,0.241901,0.000000,0.341199
Q_ind_182_anc_8-1,0.203318,0.207157,0.077243,0.312146
Q_ind_183_anc_8-1,0.270306,0.270893,0.187679,0.345160
Q_ind_184_anc_8-1,0.233213,0.233670,0.127822,0.324476
Q_ind_185_anc_8-1,0.000129,0.000000,0.000000,0.000856
Q_ind_186_anc_8-1,0.002865,0.000000,0.000000,0.046257
Q_ind_187_anc_8-1,0.005447,0.000000,0.000000,0.080895
Q_ind_188_anc_8-1,0.000428,0.000000,0.000000,0.002500
Q_ind_189_anc_8-1,0.000533,0.000000,0.000000,0.006960
Q_ind_190_anc_8-1,0.014075,0.000000,0.000000,0.105880
Q_ind_191_anc_8-1,0.006402,0.000000,0.000000,0.073260
Q_ind_192_anc_8-1,0.002493,0.000000,0.000000,0.048176
Q_ind_193_anc_8-1,0.162386,0.167842,0.000000,0.296795
Q_ind_194_anc_8-1,0.000056,0.000000,0.000000,0.000581
Q_ind_195_anc_8-1,0.016983,0.000000,0.000000,0.142287
Q_ind_196_anc_8-1,0.000069,0.000000,0.000000,0.000576
Q_ind_197_anc_8-1,0.000055,0.000000,0.000000,0.000551
Q_ind_198_anc_8-1,0.000110,0.000000,0.000000,0.001168
Q_ind_199_anc_8-1,0.051222,0.000000,0.000000,0.222574
Q_ind_200_anc_8-1,0.006508,0.000000,0.000000,0.138324
Q_ind_201_anc_8-1,0.015214,0.000000,0.000000,0.132992
Q_ind_202_anc_8-1,0.168316,0.179587,0.044415,0.255433
Q_ind_203_anc_8-1,0.468122,0.465666,0.287553,0.656631
Q_ind_204_anc_8-1,0.498256,0.496086,0.293386,0.672541
Q_ind_205_anc_8-1,0.499498,0.498332,0.359993,0.650857
Q_ind_206_anc_8-1,0.578764,0.569456,0.475535,0.729685
Q_ind_207_anc_8-1,0.270872,0.343873,0.000000,0.458095
Q_ind_208_anc_8-1,0.242781,0.264480,0.000000,0.374417
Q_ind_209_anc_8-1,0.567563,0.560951,0.449834,0.699296
Q_ind_210_anc_8-1,0.343963,0.345287,0.207389,0.471076
Q_ind_211_anc_8-1,0.562968,0.564715,0.395766,0.711009
Q_ind_212_anc_8-1,0.000362,0.000000,0.000000,0.003799
Q_ind_213_anc_8-1,0.000328,0.000000,0.000000,0.003101
Q_ind_214_anc_8-1,0.007226,0.000000,0.000000,0.108059
Q_ind_215_anc_8-1,0.030692,0.000000,0.000000,0.151966
Q_ind_216_anc_8-1,0.004098,0.000000,0.000000,0.063859
Q_ind_217_anc_8-1,0.009067,0.000000,0.000000,0.100625
Q_ind_218_anc_8-1,0.011644,0.000000,0.000000,0.153498
Q_ind_219_anc_8-1,0.033282,0.000000,0.000000,0.210777
Q_ind_220_anc_8-1,0.000344,0.000000,0.000000,0.003553
Q_ind_221_anc_8-1,0.022015,0.000000,0.000000,0.154003
Q_ind_222_anc_8-1,0.035832,0.000000,0.000000,0.195383
Q_ind_223_anc_8-1,0.283391,0.281109,0.183965,0.389524
Q_ind_224_anc_8-1,0.097895,0.000009,0.000000,0.392549
Q_ind_225_anc_8-1,0.373974,0.380640,0.253700,0.468302
Q_ind_226_anc_8-1,0.341610,0.341709,0.250431,0.431789
Q_ind_227_anc_8-1,0.439198,0.445339,0.301231,0.547371
Q_ind_228_anc_8-1,0.472266,0.479512,0.343086,0.564129
Q_ind_229_anc_8-1,0.394025,0.412821,0.223568,0.521817
Q_ind_230_anc_8-1,0.429464,0.442483,0.262308,0.527727
Q_ind_231_anc_8-1,0.367756,0.364445,0.253698,0.504640
Q_ind_232_anc_8-1,0.414816,0.422818,0.269364,0.524691
Q_ind_233_anc_8-1,0.384175,0.403225,0.000000,0.498250
Q_ind_234_anc_8-1,0.000272,0.000000,0.000000,0.003199
Q_ind_235_anc_8-1,0.001541,0.000000,0.000000,0.023817
Q_ind_236_anc_8-1,0.000643,0.000000,0.000000,0.008809
Q_ind_237_anc_8-1,0.000220,0.000000,0.000000,0.001954
Q_ind_238_anc_8-1,0.000631,0.000000,0.000000,0.009117
Q_ind_239_anc_8-1,0.000461,0.000000,0.000000,0.004752
Q_ind_240_anc_8-1,0.008207,0.000000,0.000000,0.070452
Q_ind_241_anc_8-1,0.002808,0.000000,0.000000,0.048663
Q_ind_242_anc_8-1,0.001138,0.000000,0.000000,0.017570
Q_ind_243_anc_8-1,0.000914,0.000000,0.000000,0.012892
Q_ind_244_anc_8-1,0.000252,0.000000,0.000000,0.002191
Q_ind_245_anc_8-1,0.002460,0.000000,0.000000,0.038237
Q_ind_1_anc_8-2,0.000443,0.000000,0.000000,0.005411
Q_ind_2_anc_8-2,0.000381,0.000000,0.000000,0.004612
Q_ind_3_anc_8-2,0.000218,0.000000,0.000000,0.002214
Q_ind_4_anc_8-2,0.000588,0.000000,0.000000,0.005384
Q_ind_5_anc_8-2,0.000597,0.000000,0.000000,0.005156
Q_ind_6_anc_8-2,0.000150,0.000000,0.000000,0.001289
Q_ind_7_anc_8-2,0.000277,0.000000,0.000000,0.003211
Q_ind_8_anc_8-2,0.000294,0.000000,0.000000,0.003216
Q_ind_9_anc_8-2,0.000346,0.000000,0.000000,0.003331
Q_ind_10_anc_8-2,0.000150,0.000000,0.000000,0.001439
Q_ind_11_anc_8-2,0.000464,0.000000,0.000000,0.004359
Q_ind_12_anc_8-2,0.000397,0.000000,0.000000,0.006193
Q_ind_13_anc_8-2,0.000488,0.000000,0.000000,0.005664
Q_ind_14_anc_8-2,0.000169,0.000000,0.000000,0.001644
Q_ind_15_anc_8-2,0.000123,0.000000,0.000000,0.001114
Q_ind_16_anc_8-2,0.000227,0.000000,0.000000,0.002036
Q_ind_17_anc_8-2,0.000281,0.000000,0.000000,0.002219
Q_ind_18_anc_8-2,0.000506,0.000000,0.000000,0.005576
Q_ind_19_anc_8-2,0.000112,0.000000,0.000000,0.000943
Q_ind_20_anc_8-2,0.000204,0.000000,0.000000,0.002184
Q_ind_21_anc_8-2,0.000696,0.000000,0.000000,0.009577
Q_ind_22_anc_8-2,0.000292,0.000000,0.000000,0.002876
Q_ind_23_anc_8-2,0.000916,0.000000,0.000000,0.013308
Q_ind_24_anc_8-2,0.001272,0.000000,0.000000,0.018993
Q_ind_25_anc_8-2,0.000685,0.000000,0.000000,0.008555
Q_ind_26_anc_8-2,0.000101,0.000000,0.000000,0.000826
Q_ind_27_anc_8-2,0.000204,0.000000,0.000000,0.002629
Q_ind_28_anc_8-2,0.000513,0.000000,0.000000,0.007336
Q_ind_29_anc_8-2,0.000594,0.000000,0.000000,0.008721
Q_ind_30_anc_8-2,0.000358,0.000000,0.000000,0.003862
Q_ind_31_anc_8-2,0.000322,0.000000,0.000000,0.004277
Q_ind_32_anc_8-2,0.001824,0.000000,0.000000,0.030230
Q_ind_33_anc_8-2,0.000263,0.000000,0.000000,0.002667
Q_ind_34_anc_8-2,0.000135,0.000000,0.000000,0.001191
Q_ind_35_anc_8-2,0.000750,0.000000,0.000000,0.010030
Q_ind_36_anc_8-2,0.000099,0.000000,0.000000,0.001186
Q_ind_37_anc_8-2,0.000395,0.000000,0.000000,0.005119
Q_ind_38_anc_8-2,0.000105,0.000000,0.000000,0.000975
Q_ind_39_anc_8-2,0.000213,0.000000,0.000000,0.002154
Q_ind_40_anc_8-2,0.001022,0.000000,0.000000,0.013711
Q_ind_41_anc_8-2,0.000648,0.000000,0.000000,0.003467
Q_ind_42_anc_8-2,0.000220,0.000000,0.000000,0.001844
Q_ind_43_anc_8-2,0.000429,0.000000,0.000000,0.004920
Q_ind_44_anc_8-2,0.000296,0.000000,0.000000,0.002753
Q_ind_45_anc_8-2,0.000607,0.000000,0.000000,0.006024
Q_ind_46_anc_8-2,0.000206,0.000000,0.000000,0.001365
Q_ind_47_anc_8-2,0.000157,0.000000,0.000000,0.001029
Q_ind_48_anc_8-2,0.000469,0.000000,0.000000,0.005498
Q_ind_49_anc_8-2,0.000124,0.000000,0.000000,0.001428
Q_ind_50_anc_8-2,0.000094,0.000000,0.000000,0.000890
Q_ind_51_anc_8-2,0.000133,0.000000,0.000000,0.001231
Q_ind_52_anc_8-2,0.000204,0.000000,0.000000,0.001974
Q_ind_53_anc_8-2,0.000075,0.000000,0.000000,0.000483
Q_ind_54_anc_8-2,0.000265,0.000000,0.000000,0.003457
Q_ind_55_anc_8-2,0.000238,0.000000,0.000000,0.002122
Q_ind_56_anc_8-2,0.000203,0.000000,0.000000,0.001974
Q_ind_57_anc_8-2,0.000142,0.000000,0.000000,0.001404
Q_ind_58_anc_8-2,0.000245,0.000000,0.000000,0.002681
Q_ind_59_anc_8-2,0.000156,0.000000,0.000000,0.001765
Q_ind_60_anc_8-2,0.000174,0.000000,0.000000,0.002304
Q_ind_61_anc_8-2,0.000445,0.000000,0.000000,0.006575
Q_ind_62_anc_8-2,0.000206,0.000000,0.000000,0.002640
Q_ind_63_anc_8-2,0.000165,0.000000,0.000000,0.001562
Q_ind_64_anc_8-2,0.000138,0.000000,0.000000,0.001332
Q_ind_65_anc_8-2,0.000503,0.000000,0.000000,0.007501
Q_ind_66_anc_8-2,0.000118,0.000000,0.000000,0.001190
Q_ind_67_anc_8-2,0.000137,0.000000,0.000000,0.000935
Q_ind_68_anc_8-2,0.000231,0.000000,0.000000,0.002618
Q_ind_69_anc_8-2,0.000152,0.000000,0.000000,0.001750
Q_ind_70_anc_8-2,0.000194,0.000000,0.000000,0.001910
Q_ind_71_anc_8-2,0.000373,0.000000,0.000000,0.005335
Q_ind_72_anc_8-2,0.000443,0.000000,0.000000,0.005337
Q_ind_73_anc_8-2,0.000319,0.000000,0.000000,0.003467
Q_ind_74_anc_8-2,0.000202,0.000000,0.000000,0.002666
Q_ind_75_anc_8-2,0.000109,0.000000,0.000000,0.001033
Q_ind_76_anc_8-2,0.000474,0.000000,0.000000,0.006238
Q_ind_77_anc_8-2,0.000259,0.000000,0.000000,0.002401
Q_ind_78_anc_8-2,0.000284,0.000000,0.000000,0.003701
Q_ind_79_anc_8-2,0.000232,0.000000,0.000000,0.002594
Q_ind_80_anc_8-2,0.000160,0.000000,0.000000,0.001584
Q_ind_81_anc_8-2,0.000434,0.000000,0.000000,0.004611
Q_ind_82_anc_8-2,0.000214,0.000000,0.000000,0.002320
Q_ind_83_anc_8-2,0.000130,0.000000,0.000000,0.001222
Q_ind_84_anc_8-2,0.000427,0.000000,0.000000,0.003372
Q_ind_85_anc_8-2,0.000301,0.000000,0.000000,0.002041
Q_ind_86_anc_8-2,0.000139,0.000000,0.000000,0.001531
Q_ind_87_anc_8-2,0.000263,0.000000,0.000000,0.003075
Q_ind_88_anc_8-2,0.000436,0.000000,0.000000,0.004361
Q_ind_89_anc_8-2,0.000476,0.000000,0.000000,0.006548
Q_ind_90_anc_8-2,0.000359,0.000000,0.000000,0.004039
Q_ind_91_anc_8-2,0.000213,0.000000,0.000000,0.001716
Q_ind_92_anc_8-2,0.000330,0.000000,0.000000,0.002089
Q_ind_93_anc_8-2,0.000190,0.000000,0.000000,0.002112
Q_ind_94_anc_8-2,0.000320,0.000000,0.000000,0.003141
Q_ind_95_anc_8-2,0.000524,0.000000,0.000000,0.007470
Q_ind_96_anc_8-2,0.000112,0.000000,0.000000,0.000914
Q_ind_97_anc_8-2,0.000145,0.000000,0.000000,0.001498
Q_ind_98_anc_8-2,0.000096,0.000000,0.000000,0.000712
Q_ind_99_anc_8-2,0.000103,0.000000,0.000000,0.000949
Q_ind_100_anc_8-2,0.000165,0.000000,0.000000,0.001669
Q_ind_101_anc_8-2,0.000105,0.000000,0.000000,0.000922
Q_ind_102_anc_8-2,0.000033,0.000000,0.000000,0.000292
Q_ind_103_anc_8-2,0.000098,0.000000,0.000000,0.000924
Q_ind_104_anc_8-2,0.000076,0.000000,0.000000,0.000887
Q_ind_105_anc_8-2,0.000172,0.000000,0.000000,0.001486
Q_ind_106_anc_8-2,0.000293,0.000000,0.000000,0.003771
Q_ind_107_anc_8-2,0.000293,0.000000,0.000000,0.001569
Q_ind_108_anc_8-2,0.000750,0.000000,0.000000,0.009829
Q_ind_109_anc_8-2,0.000862,0.000000,0.000000,0.011478
Q_ind_110_anc_8-2,0.000640,0.000000,0.000000,0.007904
Q_ind_111_anc_8-2,0.001720,0.000000,0.000000,0.026657
Q_ind_112_anc_8-2,0.046465,0.000000,0.000000,0.202670
Q_ind_113_anc_8-2,0.000208,0.000000,0.000000,0.002553
Q_ind_114_anc_8-2,0.002187,0.000000,0.000000,0.034544
Q_ind_115_anc_8-2,0.000101,0.000000,0.000000,0.000891
Q_ind_116_anc_8-2,0.000367,0.000000,0.000000,0.002943
Q_ind_117_anc_8-2,0.000285,0.000000,0.000000,0.003713
Q_ind_118_anc_8-2,0.000148,0.000000,0.000000,0.001478
Q_ind_119_anc_8-2,0.000156,0.000000,0.000000,0.001517
Q_ind_120_anc_8-2,0.000099,0.000000,0.000000,0.000800
Q_ind_121_anc_8-2,0.000229,0.000000,0.000000,0.002349
Q_ind_122_anc_8-2,0.000115,0.000000,0.000000,0.000864
Q_ind_123_anc_8-2,0.000159,0.000000,0.000000,0.001265
Q_ind_124_anc_8-2,0.000153,0.000000,0.000000,0.001411
Q_ind_125_anc_8-2,0.000377,0.000000,0.000000,0.002839
Q_ind_126_anc_8-2,0.009742,0.000000,0.000000,0.071102
Q_ind_127_anc_8-2,0.000165,0.000000,0.000000,0.002073
Q_ind_128_anc_8-2,0.000252,0.000000,0.000000,0.002499
Q_ind_129_anc_8-2,0.000515,0.000000,0.000000,0.006384
Q_ind_130_anc_8-2,0.000965,0.000000,0.000000,0.015141
Q_ind_131_anc_8-2,0.000264,0.000000,0.000000,0.002803
Q_ind_132_anc_8-2,0.014647,0.000000,0.000000,0.090690
Q_ind_133_anc_8-2,0.000401,0.000000,0.000000,0.005484
Q_ind_134_anc_8-2,0.000335,0.000000,0.000000,0.004300
Q_ind_135_anc_8-2,0.000315,0.000000,0.000000,0.003594
Q_ind_136_anc_8-2,0.000298,0.000000,0.000000,0.004017
Q_ind_137_anc_8-2,0.000862,0.000000,0.000000,0.011771
Q_ind_138_anc_8-2,0.000424,0.000000,0.000000,0.004608
Q_ind_139_anc_8-2,0.000450,0.000000,0.000000,0.006327
Q_ind_140_anc_8-2,0.000456,0.000000,0.000000,0.005272
Q_ind_141_anc_8-2,0.000336,0.000000,0.000000,0.002869
Q_ind_142_anc_8-2,0.000130,0.000000,0.000000,0.001248
Q_ind_143_anc_8-2,0.004381,0.000000,0.000000,0.050055
Q_ind_144_anc_8-2,0.000168,0.000000,0.000000,0.001727
Q_ind_145_anc_8-2,0.000052,0.000000,0.000000,0.000479
Q_ind_146_anc_8-2,0.000131,0.000000,0.000000,0.001424
Q_ind_147_anc_8-2,0.000101,0.000000,0.000000,0.000970
Q_ind_148_anc_8-2,0.000224,0.000000,0.000000,0.002329
Q_ind_149_anc_8-2,0.000126,0.000000,0.000000,0.001200
Q_ind_150_anc_8-2,0.000213,0.000000,0.000000,0.002201
Q_ind_151_anc_8-2,0.000101,0.000000,0.000000,0.001117
Q_ind_152_anc_8-2,0.000192,0.000000,0.000000,0.001869
Q_ind_153_anc_8-2,0.000086,0.000000,0.000000,0.000829
Q_ind_154_anc_8-2,0.000435,0.000000,0.000000,0.003642
Q_ind_155_anc_8-2,0.000359,0.000000,0.000000,0.003850
Q_ind_156_anc_8-2,0.000112,0.000000,0.000000,0.000919
Q_ind_157_anc_8-2,0.000295,0.000000,0.000000,0.002514
Q_ind_158_anc_8-2,0.000199,0.000000,0.000000,0.001688
Q_ind_159_anc_8-2,0.000120,0.000000,0.000000,0.001416
Q_ind_160_anc_8-2,0.000160,0.000000,0.000000,0.001522
Q_ind_161_anc_8-2,0.000122,0.000000,0.000000,0.001267
Q_ind_162_anc_8-2,0.000411,0.000000,0.000000,0.005001
Q_ind_163_anc_8-2,0.000104,0.000000,0.000000,0.001010
Q_ind_164_anc_8-2,0.000265,0.000000,0.000000,0.003366
Q_ind_165_anc_8-2,0.001226,0.000000,0.000000,0.012167
Q_ind_166_anc_8-2,0.000234,0.000000,0.000000,0.001701
Q_ind_167_anc_8-2,0.000169,0.000000,0.000000,0.002008
Q_ind_168_anc_8-2,0.000870,0.000000,0.000000,0.011290
Q_ind_169_anc_8-2,0.002431,0.000000,0.000000,0.033881
Q_ind_170_anc_8-2,0.001100,0.000000,0.000000,0.016141
Q_ind_171_anc_8-2,0.001122,0.000000,0.000000,0.018315
Q_ind_172_anc_8-2,0.000335,0.000000,0.000000,0.003825
Q_ind_173_anc_8-2,0.000151,0.000000,0.000000,0.001285
Q_ind_174_anc_8-2,0.000098,0.000000,0.000000,0.000996
Q_ind_175_anc_8-2,0.001485,0.000000,0.000000,0.024190
Q_ind_176_anc_8-2,0.001531,0.000000,0.000000,0.022749
Q_ind_177_anc_8-2,0.000118,0.000000,0.000000,0.001185
Q_ind_178_anc_8-2,0.000135,0.000000,0.000000,0.001467
Q_ind_179_anc_8-2,0.000150,0.000000,0.000000,0.001809
Q_ind_180_anc_8-2,0.000099,0.000000,0.000000,0.000979
Q_ind_181_anc_8-2,0.002332,0.000000,0.000000,0.036131
Q_ind_182_anc_8-2,0.000268,0.000000,0.000000,0.003966
Q_ind_183_anc_8-2,0.000439,0.000000,0.000000,0.004805
Q_ind_184_anc_8-2,0.000274,0.000000,0.000000,0.003586
Q_ind_185_anc_8-2,0.000886,0.000000,0.000000,0.014279
Q_ind_186_anc_8-2,0.000352,0.000000,0.000000,0.004101
Q_ind_187_anc_8-2,0.000296,0.000000,0.000000,0.003651
Q_ind_188_anc_8-2,0.000757,0.000000,0.000000,0.010377
Q_ind_189_anc_8-2,0.000556,0.000000,0.000000,0.007871
Q_ind_190_anc_8-2,0.000680,0.000000,0.000000,0.009045
Q_ind_191_anc_8-2,0.000145,0.000000,0.000000,0.001114
Q_ind_192_anc_8-2,0.001699,0.000000,0.000000,0.026588
Q_ind_193_anc_8-2,0.000243,0.000000,0.000000,0.001780
Q_ind_194_anc_8-2,0.000025,0.000000,0.000000,0.000239
Q_ind_195_anc_8-2,0.000107,0.000000,0.000000,0.001259
Q_ind_196_anc_8-2,0.000050,0.000000,0.000000,0.000458
Q_ind_197_anc_8-2,0.000058,0.000000,0.000000,0.000564
Q_ind_198_anc_8-2,0.000044,0.000000,0.000000,0.000454
Q_ind_199_anc_8-2,0.000342,0.000000,0.000000,0.003435
Q_ind_200_anc_8-2,0.000083,0.000000,0.000000,0.000713
Q_ind_201_anc_8-2,0.000498,0.000000,0.000000,0.005629
Q_ind_202_anc_8-2,0.000115,0.000000,0.000000,0.001190
Q_ind_203_anc_8-2,0.000297,0.000000,0.000000,0.002698
Q_ind_204_anc_8-2,0.000114,0.000000,0.000000,0.001034
Q_ind_205_anc_8-2,0.000705,0.000000,0.000000,0.010496
Q_ind_206_anc_8-2,0.000584,0.000000,0.000000,0.008874
Q_ind_207_anc_8-2,0.000698,0.000000,0.000000,0.006576
Q_ind_208_anc_8-2,0.000923,0.000000,0.000000,0.012293
Q_ind_209_anc_8-2,0.000217,0.000000,0.000000,0.002974
Q_ind_210_anc_8-2,0.000821,0.000000,0.000000,0.012000
Q_ind_211_anc_8-2,0.001377,0.000000,0.000000,0.019544
Q_ind_212_anc_8-2,0.000825,0.000000,0.000000,0.011840
Q_ind_213_anc_8-2,0.000295,0.000000,0.000000,0.003155
Q_ind_214_anc_8-2,0.000305,0.000000,0.000000,0.003267
Q_ind_215_anc_8-2,0.001823,0.000000,0.000000,0.026043
Q_ind_216_anc_8-2,0.000728,0.000000,0.000000,0.012956
Q_ind_217_anc_8-2,0.000345,0.000000,0.000000,0.004337
Q_ind_218_anc_8-2,0.000301,0.000000,0.000000,0.003960
Q_ind_219_anc_8-2,0.000168,0.000000,0.000000,0.001457
Q_ind_220_anc_8-2,0.000322,0.000000,0.000000,0.002774
Q_ind_221_anc_8-2,0.000502,0.000000,0.000000,0.005801
Q_ind_222_anc_8-2,0.000259,0.000000,0.000000,0.001762
Q_ind_223_anc_8-2,0.088749,0.094719,0.000000,0.228421
Q_ind_224_anc_8-2,0.001410,0.000000,0.000000,0.022430
Q_ind_225_anc_8-2,0.000432,0.000000,0.000000,0.002393
Q_ind_226_anc_8-2,0.001153,0.000000,0.000000,0.016895
Q_ind_227_anc_8-2,0.000901,0.000000,0.000000,0.011831
Q_ind_228_anc_8-2,0.004506,0.000000,0.000000,0.060961
Q_ind_229_anc_8-2,0.004016,0.000000,0.000000,0.065861
Q_ind_230_anc_8-2,0.000986,0.000000,0.000000,0.013327
Q_ind_231_anc_8-2,0.021088,0.000000,0.000000,0.138234
Q_ind_232_anc_8-2,0.009413,0.000000,0.000000,0.108391
Q_ind_233_anc_8-2,0.005417,0.000000,0.000000,0.061236
Q_ind_234_anc_8-2,0.000199,0.000000,0.000000,0.001625
Q_ind_235_anc_8-2,0.000146,0.000000,0.000000,0.001699
Q_ind_236_anc_8-2,0.000581,0.000000,0.000000,0.008060
Q_ind_237_anc_8-2,0.000691,0.000000,0.000000,0.009002
Q_ind_238_anc_8-2,0.000177,0.000000,0.000000,0.001514
Q_ind_239_anc_8-2,0.000094,0.000000,0.000000,0.000931
Q_ind_240_anc_8-2,0.000553,0.000000,0.000000,0.008087
Q_ind_241_anc_8-2,0.000192,0.000000,0.000000,0.001918
Q_ind_242_anc_8-2,0.000601,0.000000,0.000000,0.008273
Q_ind_243_anc_8-2,0.000124,0.000000,0.000000,0.001240
Q_ind_244_anc_8-2,0.000200,0.000000,0.000000,0.002465
Q_ind_245_anc_8-2,0.000260,0.000000,0.000000,0.001808
Q_ind_1_anc_8-3,0.049043,0.007566,0.000000,0.147788
Q_ind_2_anc_8-3,0.000774,0.000000,0.000000,0.009172
Q_ind_3_anc_8-3,0.001359,0.000000,0.000000,0.016054
Q_ind_4_anc_8-3,0.008014,0.000000,0.000000,0.093025
Q_ind_5_anc_8-3,0.013344,0.000000,0.000000,0.090779
Q_ind_6_anc_8-3,0.004603,0.000000,0.000000,0.079650
Q_ind_7_anc_8-3,0.056807,0.012001,0.000000,0.167982
Q_ind_8_anc_8-3,0.002230,0.000000,0.000000,0.034289
Q_ind_9_anc_8-3,0.004430,0.000000,0.000000,0.069458
Q_ind_10_anc_8-3,0.001672,0.000000,0.000000,0.019348
Q_ind_11_anc_8-3,0.008483,0.000000,0.000000,0.092803
Q_ind_12_anc_8-3,0.063513,0.057698,0.000000,0.178376
Q_ind_13_anc_8-3,0.000053,0.000000,0.000000,0.000513
Q_ind_14_anc_8-3,0.000074,0.000000,0.000000,0.000777
Q_ind_15_anc_8-3,0.000124,0.000000,0.000000,0.001353
Q_ind_16_anc_8-3,0.000110,0.000000,0.000000,0.000967
Q_ind_17_anc_8-3,0.000196,0.000000,0.000000,0.002178
Q_ind_18_anc_8-3,0.000154,0.000000,0.000000,0.001546
Q_ind_19_anc_8-3,0.000061,0.000000,0.000000,0.000509
Q_ind_20_anc_8-3,0.000092,0.000000,0.000000,0.000850
Q_ind_21_anc_8-3,0.000194,0.000000,0.000000,0.002027
Q_ind_22_anc_8-3,0.000254,0.000000,0.000000,0.003356
Q_ind_23_anc_8-3,0.000618,0.000000,0.000000,0.006895
Q_ind_24_anc_8-3,0.000426,0.000000,0.000000,0.006166
Q_ind_25_anc_8-3,0.000160,0.000000,0.000000,0.001522
Q_ind_26_anc_8-3,0.000209,0.000000,0.000000,0.002475
Q_ind_27_anc_8-3,0.000083,0.000000,0.000000,0.000876
Q_ind_28_anc_8-3,0.000521,0.000000,0.000000,0.007037
Q_ind_29_anc_8-3,0.000174,0.000000,0.000000,0.002046
Q_ind_30_anc_8-3,0.000182,0.000000,0.000000,0.001695
Q_ind_31_anc_8-3,0.000462,0.000000,0.000000,0.005775
Q_ind_32_anc_8-3,0.000409,0.000000,0.000000,0.004976
Q_ind_33_anc_8-3,0.001338,0.000000,0.000000,0.019979
Q_ind_34_anc_8-3,0.000556,0.000000,0.000000,0.006559
Q_ind_35_anc_8-3,0.000245,0.000000,0.000000,0.003127
Q_ind_36_anc_8-3,0.000083,0.000000,0.000000,0.000822
Q_ind_37_anc_8-3,0.001371,0.000000,0.000000,0.020259
Q_ind_38_anc_8-3,0.000183,0.000000,0.000000,0.002022
Q_ind_39_anc_8-3,0.000138,0.000000,0.000000,0.001544
Q_ind_40_anc_8-3,0.000696,0.000000,0.000000,0.009791
Q_ind_41_anc_8-3,0.002615,0.000000,0.000000,0.039985
Q_ind_42_anc_8-3,0.000207,0.000000,0.000000,0.002212
Q_ind_43_anc_8-3,0.000357,0.000000,0.000000,0.004668
Q_ind_44_anc_8-3,0.000105,0.000000,0.000000,0.001006
Q_ind_45_anc_8-3,0.000317,0.000000,0.000000,0.003185
Q_ind_46_anc_8-3,0.000077,0.000000,0.000000,0.000795
Q_ind_47_anc_8-3,0.000092,0.000000,0.000000,0.001016
Q_ind_48_anc_8-3,0.000118,0.000000,0.000000,0.001175
Q_ind_49_anc_8-3,0.000125,0.000000,0.000000,0.001139
Q_ind_50_anc_8-3,0.000092,0.000000,0.000000,0.000784
Q_ind_51_anc_8-3,0.000141,0.000000,0.000000,0.001679
Q_ind_52_anc_8-3,0.000048,0.000000,0.000000,0.000564
Q_ind_53_anc_8-3,0.000076,0.000000,0.000000,0.000518
Q_ind_54_anc_8-3,0.000183,0.000000,0.000000,0.001751
Q_ind_55_anc_8-3,0.000064,0.000000,0.000000,0.000539
Q_ind_56_anc_8-3,0.000061,0.000000,0.000000,0.000630
Q_ind_57_anc_8-3,0.000089,0.000000,0.000000,0.000892
Q_ind_58_anc_8-3,0.000083,0.000000,0.000000,0.000800
Q_ind_59_anc_8-3,0.000142,0.000000,0.000000,0.001511
Q_ind_60_anc_8-3,0.000059,0.000000,0.000000,0.000578
Q_ind_61_anc_8-3,0.000166,0.000000,0.000000,0.001984
Q_ind_62_anc_8-3,0.000198,0.000000,0.000000,0.001349
Q_ind_63_anc_8-3,0.001944,0.000000,0.000000,0.027162
Q_ind_64_anc_8-3,0.000316,0.000000,0.000000,0.004140
Q_ind_65_anc_8-3,0.001650,0.000000,0.000000,0.020609
Q_ind_66_anc_8-3,0.000170,0.000000,0.000000,0.001980
Q_ind_67_anc_8-3,0.000220,0.000000,0.000000,0.002623
Q_ind_68_anc_8-3,0.000463,0.000000,0.000000,0.007367
Q_ind_69_anc_8-3,0.000448,0.000000,0.000000,0.006153
Q_ind_70_anc_8-3,0.000052,0.000000,0.000000,0.000505
Q_ind_71_anc_8-3,0.000175,0.000000,0.000000,0.001697
Q_ind_72_anc_8-3,0.000457,0.000000,0.000000,0.005648
Q_ind_73_anc_8-3,0.000227,0.000000,0.000000,0.002631
Q_ind_74_anc_8-3,0.000178,0.000000,0.000000,0.001225
Q_ind_75_anc_8-3,0.000174,0.000000,0.000000,0.001335
Q_ind_76_anc_8-3,0.000265,0.000000,0.000000,0.002674
Q_ind_77_anc_8-3,0.000903,0.000000,0.000000,0.012122
Q_ind_78_anc_8-3,0.000687,0.000000,0.000000,0.010553
Q_ind_79_anc_8-3,0.003921,0.000000,0.000000,0.050382
Q_ind_80_anc_8-3,0.000314,0.000000,0.000000,0.003655
Q_ind_81_anc_8-3,0.000229,0.000000,0.000000,0.002377
Q_ind_82_anc_8-3,0.000512,0.000000,0.000000,0.006039
Q_ind_83_anc_8-3,0.000212,0.000000,0.000000,0.001783
Q_ind_84_anc_8-3,0.000577,0.000000,0.000000,0.006623
Q_ind_85_anc_8-3,0.002721,0.000000,0.000000,0.046079
Q_ind_86_anc_8-3,0.000098,0.000000,0.000000,0.000709
Q_ind_87_anc_8-3,0.000221,0.000000,0.000000,0.002329
Q_ind_88_anc_8-3,0.000296,0.000000,0.000000,0.002205
Q_ind_89_anc_8-3,0.000200,0.000000,0.000000,0.001970
Q_ind_90_anc_8-3,0.000124,0.000000,0.000000,0.001126
Q_ind_91_anc_8-3,0.000133,0.000000,0.000000,0.001394
Q_ind_92_anc_8-3,0.000216,0.000000,0.000000,0.001895
Q_ind_93_anc_8-3,0.000318,0.000000,0.000000,0.003998
Q_ind_94_anc_8-3,0.000150,0.000000,0.000000,0.001572
Q_ind_95_anc_8-3,0.000374,0.000000,0.000000,0.003950
Q_ind_96_anc_8-3,0.000096,0.000000,0.000000,0.000987
Q_ind_97_anc_8-3,0.000178,0.000000,0.000000,0.002226
Q_ind_98_anc_8-3,0.000234,0.000000,0.000000,0.002386
Q_ind_99_anc_8-3,0.000067,0.000000,0.000000,0.000673
Q_ind_100_anc_8-3,0.000105,0.000000,0.000000,0.001098
Q_ind_101_anc_8-3,0.000072,0.000000,0.000000,0.000723
Q_ind_102_anc_8-3,0.000024,0.000000,0.000000,0.000165
Q_ind_103_anc_8-3,0.000160,0.000000,0.000000,0.001547
Q_ind_104_anc_8-3,0.000076,0.000000,0.000000,0.000744
Q_ind_105_anc_8-3,0.000115,0.000000,0.000000,0.000765
Q_ind_106_anc_8-3,0.000167,0.000000,0.000000,0.001680
Q_ind_107_anc_8-3,0.005935,0.000000,0.000000,0.058247
Q_ind_108_anc_8-3,0.001987,0.000000,0.000000,0.029191
Q_ind_109_anc_8-3,0.000450,0.000000,0.000000,0.005568
Q_ind_110_anc_8-3,0.005453,0.000000,0.000000,0.071003
Q_ind_111_anc_8-3,0.000539,0.000000,0.000000,0.006047
Q_ind_112_anc_8-3,0.000907,0.000000,0.000000,0.013357
Q_ind_113_anc_8-3,0.011825,0.000000,0.000000,0.091967
Q_ind_114_anc_8-3,0.006978,0.000000,0.000000,0.076408
Q_ind_115_anc_8-3,0.000087,0.000000,0.000000,0.000985
Q_ind_116_anc_8-3,0.000192,0.000000,0.000000,0.002060
Q_ind_117_anc_8-3,0.000118,0.000000,0.000000,0.001376
Q_ind_118_anc_8-3,0.000109,0.000000,0.000000,0.000970
Q_ind_119_anc_8-3,0.000116,0.000000,0.000000,0.001155
Q_ind_120_anc_8-3,0.000101,0.000000,0.000000,0.000950
Q_ind_121_anc_8-3,0.000212,0.000000,0.000000,0.002092
Q_ind_122_anc_8-3,0.000113,0.000000,0.000000,0.001025
Q_ind_123_anc_8-3,0.000078,0.000000,0.000000,0.000706
Q_ind_124_anc_8-3,0.000087,0.000000,0.000000,0.000680
Q_ind_125_anc_8-3,0.000681,0.000000,0.000000,0.009939
Q_ind_126_anc_8-3,0.000215,0.000000,0.000000,0.002534
Q_ind_127_anc_8-3,0.000183,0.000000,0.000000,0.001598
Q_ind_128_anc_8-3,0.000084,0.000000,0.000000,0.000730
Q_ind_129_anc_8-3,0.000239,0.000000,0.000000,0.002572
Q_ind_130_anc_8-3,0.000160,0.000000,0.000000,0.001404
Q_ind_131_anc_8-3,0.000290,0.000000,0.000000,0.002993
Q_ind_132_anc_8-3,0.000150,0.000000,0.000000,0.001654
Q_ind_133_anc_8-3,0.000118,0.000000,0.000000,0.001074
Q_ind_134_anc_8-3,0.000362,0.000000,0.000000,0.004297
Q_ind_135_anc_8-3,0.000464,0.000000,0.000000,0.007023
Q_ind_136_anc_8-3,0.000060,0.000000,0.000000,0.000565
Q_ind_137_anc_8-3,0.000194,0.000000,0.000000,0.002279
Q_ind_138_anc_8-3,0.000126,0.000000,0.000000,0.001191
Q_ind_139_anc_8-3,0.000530,0.000000,0.000000,0.007134
Q_ind_140_anc_8-3,0.000398,0.000000,0.000000,0.005360
Q_ind_141_anc_8-3,0.000449,0.000000,0.000000,0.007186
Q_ind_142_anc_8-3,0.000070,0.000000,0.000000,0.000621
Q_ind_143_anc_8-3,0.000299,0.000000,0.000000,0.002940
Q_ind_144_anc_8-3,0.000153,0.000000,0.000000,0.001970
Q_ind_145_anc_8-3,0.000126,0.000000,0.000000,0.001434
Q_ind_146_anc_8-3,0.000216,0.000000,0.000000,0.002284
Q_ind_147_anc_8-3,0.000203,0.000000,0.000000,0.002450
Q_ind_148_anc_8-3,0.000642,0.000000,0.000000,0.008720
Q_ind_149_anc_8-3,0.000240,0.000000,0.000000,0.002346
Q_ind_150_anc_8-3,0.000387,0.000000,0.000000,0.005310
Q_ind_151_anc_8-3,0.000189,0.000000,0.000000,0.001990
Q_ind_152_anc_8-3,0.000124,0.000000,0.000000,0.001176
Q_ind_153_anc_8-3,0.000140,0.000000,0.000000,0.001399
Q_ind_154_anc_8-3,0.000238,0.000000,0.000000,0.002607
Q_ind_155_anc_8-3,0.000115,0.000000,0.000000,0.000892
Q_ind_156_anc_8-3,0.001486,0.000000,0.000000,0.018334
Q_ind_157_anc_8-3,0.000187,0.000000,0.000000,0.001377
Q_ind_158_anc_8-3,0.000121,0.000000,0.000000,0.001224
Q_ind_159_anc_8-3,0.002504,0.000000,0.000000,0.037903
Q_ind_160_anc_8-3,0.000605,0.000000,0.000000,0.003873
Q_ind_161_anc_8-3,0.001444,0.000000,0.000000,0.016796
Q_ind_162_anc_8-3,0.000383,0.000000,0.000000,0.004011
Q_ind_163_anc_8-3,0.003870,0.000000,0.000000,0.054548
Q_ind_164_anc_8-3,0.031034,0.004840,0.000000,0.120604
Q_ind_165_anc_8-3,0.000562,0.000000,0.000000,0.007104
Q_ind_166_anc_8-3,0.001823,0.000000,0.000000,0.032406
Q_ind_167_anc_8-3,0.000464,0.000000,0.000000,0.003827
Q_ind_168_anc_8-3,0.000110,0.000000,0.000000,0.001078
Q_ind_169_anc_8-3,0.000194,0.000000,0.000000,0.002215
Q_ind_170_anc_8-3,0.000540,0.000000,0.000000,0.007892
Q_ind_171_anc_8-3,0.000186,0.000000,0.000000,0.002194
Q_ind_172_anc_8-3,0.000082,0.000000,0.000000,0.000645
Q_ind_173_anc_8-3,0.000112,0.000000,0.000000,0.000694
Q_ind_174_anc_8-3,0.000086,0.000000,0.000000,0.000698
Q_ind_175_anc_8-3,0.000088,0.000000,0.000000,0.000758
Q_ind_176_anc_8-3,0.000136,0.000000,0.000000,0.001368
Q_ind_177_anc_8-3,0.001913,0.000000,0.000000,0.026748
Q_ind_178_anc_8-3,0.000408,0.000000,0.000000,0.004018
Q_ind_179_anc_8-3,0.000595,0.000000,0.000000,0.007582
Q_ind_180_anc_8-3,0.000277,0.000000,0.000000,0.002419
Q_ind_181_anc_8-3,0.001302,0.000000,0.000000,0.016031
Q_ind_182_anc_8-3,0.000131,0.000000,0.000000,0.001057
Q_ind_183_anc_8-3,0.000419,0.000000,0.000000,0.005446
Q_ind_184_anc_8-3,0.000883,0.000000,0.000000,0.011982
Q_ind_185_anc_8-3,0.000289,0.000000,0.000000,0.003074
Q_ind_186_anc_8-3,0.000172,0.000000,0.000000,0.002225
Q_ind_187_anc_8-3,0.000858,0.000000,0.000000,0.011776
Q_ind_188_anc_8-3,0.001604,0.000000,0.000000,0.026199
Q_ind_189_anc_8-3,0.001194,0.000000,0.000000,0.017723
Q_ind_190_anc_8-3,0.001658,0.000000,0.000000,0.026352
Q_ind_191_anc_8-3,0.000726,0.000000,0.000000,0.011105
Q_ind_192_anc_8-3,0.214663,0.217219,0.105805,0.323987
Q_ind_193_anc_8-3,0.162982,0.184050,0.000000,0.349758
Q_ind_194_anc_8-3,0.000066,0.000000,0.000000,0.000533
Q_ind_195_anc_8-3,0.240066,0.249244,0.076877,0.364454
Q_ind_196_anc_8-3,0.000211,0.000000,0.000000,0.002343
Q_ind_197_anc_8-3,0.000178,0.000000,0.000000,0.001551
Q_ind_198_anc_8-3,0.000241,0.000000,0.000000,0.002025
Q_ind_199_anc_8-3,0.212424,0.230671,0.000000,0.378226
Q_ind_200_anc_8-3,0.000127,0.000000,0.000000,0.001194
Q_ind_201_anc_8-3,0.000159,0.000000,0.000000,0.001854
Q_ind_202_anc_8-3,0.085662,0.074701,0.000000,0.252494
Q_ind_203_anc_8-3,0.001964,0.000000,0.000000,0.028436
Q_ind_204_anc_8-3,0.000607,0.000000,0.000000,0.008274
Q_ind_205_anc_8-3,0.002416,0.000000,0.000000,0.039138
Q_ind_206_anc_8-3,0.000893,0.000000,0.000000,0.012666
Q_ind_207_anc_8-3,0.002693,0.000000,0.000000,0.036635
Q_ind_208_anc_8-3,0.000886,0.000000,0.000000,0.013431
Q_ind_209_anc_8-3,0.002205,0.000000,0.000000,0.031010
Q_ind_210_anc_8-3,0.002755,0.000000,0.000000,0.043029
Q_ind_211_anc_8-3,0.004612,0.000000,0.000000,0.051751
Q_ind_212_anc_8-3,0.000174,0.000000,0.000000,0.002187
Q_ind_213_anc_8-3,0.000251,0.000000,0.000000,0.002783
Q_ind_214_anc_8-3,0.001206,0.000000,0.000000,0.017382
Q_ind_215_anc_8-3,0.000501,0.000000,0.000000,0.005409
Q_ind_216_anc_8-3,0.000228,0.000000,0.000000,0.002389
Q_ind_217_anc_8-3,0.000252,0.000000,0.000000,0.002995
Q_ind_218_anc_8-3,0.000118,0.000000,0.000000,0.001080
Q_ind_219_anc_8-3,0.000086,0.000000,0.000000,0.000963
Q_ind_220_anc_8-3,0.000190,0.000000,0.000000,0.002065
Q_ind_221_anc_8-3,0.000154,0.000000,0.000000,0.001577
Q_ind_222_anc_8-3,0.000151,0.000000,0.000000,0.001581
Q_ind_223_anc_8-3,0.000320,0.000000,0.000000,0.002964
Q_ind_224_anc_8-3,0.000282,0.000000,0.000000,0.002814
Q_ind_225_anc_8-3,0.001453,0.000000,0.000000,0.020427
Q_ind_226_anc_8-3,0.000345,0.000000,0.000000,0.003279
Q_ind_227_anc_8-3,0.001015,0.000000,0.000000,0.014972
Q_ind_228_anc_8-3,0.000266,0.000000,0.000000,0.002951
Q_ind_229_anc_8-3,0.000185,0.000000,0.000000,0.001666
Q_ind_230_anc_8-3,0.000892,0.000000,0.000000,0.012708
Q_ind_231_anc_8-3,0.000141,0.000000,0.000000,0.001302
Q_ind_232_anc_8-3,0.003090,0.000000,0.000000,0.039230
Q_ind_233_anc_8-3,0.006904,0.000000,0.000000,0.092995
Q_ind_234_anc_8-3,0.000126,0.000000,0.000000,0.001193
Q_ind_235_anc_8-3,0.000080,0.000000,0.000000,0.000636
Q_ind_236_anc_8-3,0.000167,0.000000,0.000000,0.001822
Q_ind_237_anc_8-3,0.000203,0.000000,0.000000,0.002410
Q_ind_238_anc_8-3,0.000110,0.000000,0.000000,0.001029
Q_ind_239_anc_8-3,0.000108,0.000000,0.000000,0.001278
Q_ind_240_anc_8-3,0.000184,0.000000,0.000000,0.001582
Q_ind_241_anc_8-3,0.000078,0.000000,0.000000,0.000790
Q_ind_242_anc_8-3,0.000325,0.000000,0.000000,0.004132
Q_ind_243_anc_8-3,0.000106,0.000000,0.000000,0.001005
Q_ind_244_anc_8-3,0.000126,0.000000,0.000000,0.001144
Q_ind_245_anc_8-3,0.000168,0.000000,0.000000,0.000984
Q_ind_1_anc_8-4,0.001659,0.000000,0.000000,0.023985
Q_ind_2_anc_8-4,0.000547,0.000000,0.000000,0.007846
Q_ind_3_anc_8-4,0.000295,0.000000,0.000000,0.002781
Q_ind_4_anc_8-4,0.004894,0.000000,0.000000,0.054795
Q_ind_5_anc_8-4,0.003727,0.000000,0.000000,0.051523
Q_ind_6_anc_8-4,0.000445,0.000000,0.000000,0.004275
Q_ind_7_anc_8-4,0.000262,0.000000,0.000000,0.002045
Q_ind_8_anc_8-4,0.000593,0.000000,0.000000,0.006228
Q_ind_9_anc_8-4,0.000509,0.000000,0.000000,0.005188
Q_ind_10_anc_8-4,0.000694,0.000000,0.000000,0.009831
Q_ind_11_anc_8-4,0.000235,0.000000,0.000000,0.002287
Q_ind_12_anc_8-4,0.000907,0.000000,0.000000,0.012061
Q_ind_13_anc_8-4,0.000665,0.000000,0.000000,0.009482
Q_ind_14_anc_8-4,0.000196,0.000000,0.000000,0.001802
Q_ind_15_anc_8-4,0.000255,0.000000,0.000000,0.002265
Q_ind_16_anc_8-4,0.000284,0.000000,0.000000,0.002900
Q_ind_17_anc_8-4,0.001227,0.000000,0.000000,0.016922
Q_ind_18_anc_8-4,0.001169,0.000000,0.000000,0.006760
Q_ind_19_anc_8-4,0.000302,0.000000,0.000000,0.003684
Q_ind_20_anc_8-4,0.000219,0.000000,0.000000,0.002012
Q_ind_21_anc_8-4,0.000275,0.000000,0.000000,0.003355
Q_ind_22_anc_8-4,0.000236,0.000000,0.000000,0.002910
Q_ind_23_anc_8-4,0.001480,0.000000,0.000000,0.020434
Q_ind_24_anc_8-4,0.000556,0.000000,0.000000,0.006548
Q_ind_25_anc_8-4,0.001423,0.000000,0.000000,0.019697
Q_ind_26_anc_8-4,0.000168,0.000000,0.000000,0.001785
Q_ind_27_anc_8-4,0.000391,0.000000,0.000000,0.003328
Q_ind_28_anc_8-4,0.000370,0.000000,0.000000,0.004188
Q_ind_29_anc_8-4,0.000322,0.000000,0.000000,0.003109
Q_ind_30_anc_8-4,0.000682,0.000000,0.000000,0.009662
Q_ind_31_anc_8-4,0.000597,0.000000,0.000000,0.007994
Q_ind_32_anc_8-4,0.000528,0.000000,0.000000,0.004953
Q_ind_33_anc_8-4,0.000312,0.000000,0.000000,0.003644
Q_ind_34_anc_8-4,0.000382,0.000000,0.000000,0.004108
Q_ind_35_anc_8-4,0.001190,0.000000,0.000000,0.018601
Q_ind_36_anc_8-4,0.000160,0.000000,0.000000,0.001530
Q_ind_37_anc_8-4,0.001177,0.000000,0.000000,0.016054
Q_ind_38_anc_8-4,0.000704,0.000000,0.000000,0.008033
Q_ind_39_anc_8-4,0.000145,0.000000,0.000000,0.001870
Q_ind_40_anc_8-4,0.006191,0.000000,0.000000,0.067442
Q_ind_41_anc_8-4,0.001824,0.000000,0.000000,0.030603
Q_ind_42_anc_8-4,0.000155,0.000000,0.000000,0.001630
Q_ind_43_anc_8-4,0.000139,0.000000,0.000000,0.001435
Q_ind_44_anc_8-4,0.000197,0.000000,0.000000,0.002146
Q_ind_45_anc_8-4,0.000208,0.000000,0.000000,0.002021
Q_ind_46_anc_8-4,0.000240,0.000000,0.000000,0.001867
Q_ind_47_anc_8-4,0.000182,0.000000,0.000000,0.002134
Q_ind_48_anc_8-4,0.000208,0.000000,0.000000,0.001497
Q_ind_49_anc_8-4,0.000182,0.000000,0.000000,0.001398
Q_ind_50_anc_8-4,0.000099,0.000000,0.000000,0.001057
Q_ind_51_anc_8-4,0.000163,0.000000,0.000000,0.001521
Q_ind_52_anc_8-4,0.000163,0.000000,0.000000,0.001296
Q_ind_53_anc_8-4,0.000227,0.000000,0.000000,0.002056
Q_ind_54_anc_8-4,0.000491,0.000000,0.000000,0.006421
Q_ind_55_anc_8-4,0.000633,0.000000,0.000000,0.010250
Q_ind_56_anc_8-4,0.000423,0.000000,0.000000,0.004254
Q_ind_57_anc_8-4,0.000663,0.000000,0.000000,0.007092
Q_ind_58_anc_8-4,0.000252,0.000000,0.000000,0.003180
Q_ind_59_anc_8-4,0.000246,0.000000,0.000000,0.002001
Q_ind_60_anc_8-4,0.000173,0.000000,0.000000,0.001789
Q_ind_61_anc_8-4,0.000688,0.000000,0.000000,0.006454
Q_ind_62_anc_8-4,0.000329,0.000000,0.000000,0.003945
Q_ind_63_anc_8-4,0.000656,0.000000,0.000000,0.009381
Q_ind_64_anc_8-4,0.000311,0.000000,0.000000,0.004316
Q_ind_65_anc_8-4,0.000873,0.000000,0.000000,0.016035
Q_ind_66_anc_8-4,0.000157,0.000000,0.000000,0.002096
Q_ind_67_anc_8-4,0.000342,0.000000,0.000000,0.004752
Q_ind_68_anc_8-4,0.000678,0.000000,0.000000,0.007327
Q_ind_69_anc_8-4,0.000970,0.000000,0.000000,0.008688
Q_ind_70_anc_8-4,0.000120,0.000000,0.000000,0.000970
Q_ind_71_anc_8-4,0.000185,0.000000,0.000000,0.002404
Q_ind_72_anc_8-4,0.000458,0.000000,0.000000,0.003165
Q_ind_73_anc_8-4,0.000300,0.000000,0.000000,0.003911
Q_ind_74_anc_8-4,0.000227,0.000000,0.000000,0.002208
Q_ind_75_anc_8-4,0.000824,0.000000,0.000000,0.011647
Q_ind_76_anc_8-4,0.000193,0.000000,0.000000,0.001025
Q_ind_77_anc_8-4,0.003149,0.000000,0.000000,0.045054
Q_ind_78_anc_8-4,0.000205,0.000000,0.000000,0.001576
Q_ind_79_anc_8-4,0.000617,0.000000,0.000000,0.008390
Q_ind_80_anc_8-4,0.000696,0.000000,0.000000,0.009110
Q_ind_81_anc_8-4,0.000728,0.000000,0.000000,0.007875
Q_ind_82_anc_8-4,0.000355,0.000000,0.000000,0.004385
Q_ind_83_anc_8-4,0.000322,0.000000,0.000000,0.001677
Q_ind_84_anc_8-4,0.000158,0.000000,0.000000,0.001138
Q_ind_85_anc_8-4,0.001152,0.000000,0.000000,0.010330
Q_ind_86_anc_8-4,0.000162,0.000000,0.000000,0.001882
Q_ind_87_anc_8-4,0.000350,0.000000,0.000000,0.003503
Q_ind_88_anc_8-4,0.000569,0.000000,0.000000,0.007949
Q_ind_89_anc_8-4,0.001730,0.000000,0.000000,0.021330
Q_ind_90_anc_8-4,0.000299,0.000000,0.000000,0.003413
Q_ind_91_anc_8-4,0.001179,0.000000,0.000000,0.008071
Q_ind_92_anc_8-4,0.007627,0.000000,0.000000,0.096203
Q_ind_93_anc_8-4,0.000177,0.000000,0.000000,0.001468
Q_ind_94_anc_8-4,0.000484,0.000000,0.000000,0.006642
Q_ind_95_anc_8-4,0.000337,0.000000,0.000000,0.002286
Q_ind_96_anc_8-4,0.000190,0.000000,0.000000,0.001773
Q_ind_97_anc_8-4,0.000218,0.000000,0.000000,0.002993
Q_ind_98_anc_8-4,0.000089,0.000000,0.000000,0.000910
Q_ind_99_anc_8-4,0.000148,0.000000,0.000000,0.001629
Q_ind_100_anc_8-4,0.000295,0.000000,0.000000,0.003336
Q_ind_101_anc_8-4,0.000071,0.000000,0.000000,0.000697
Q_ind_102_anc_8-4,0.000044,0.000000,0.000000,0.000465
Q_ind_103_anc_8-4,0.000106,0.000000,0.000000,0.001009
Q_ind_104_anc_8-4,0.000160,0.000000,0.000000,0.001946
Q_ind_105_anc_8-4,0.000131,0.000000,0.000000,0.001277
Q_ind_106_anc_8-4,0.000270,0.000000,0.000000,0.002903
Q_ind_107_anc_8-4,0.000906,0.000000,0.000000,0.011759
Q_ind_108_anc_8-4,0.000378,0.000000,0.000000,0.004757
Q_ind_109_anc_8-4,0.014735,0.000000,0.000000,0.173070
Q_ind_110_anc_8-4,0.001956,0.000000,0.000000,0.028091
Q_ind_111_anc_8-4,0.000171,0.000000,0.000000,0.001636
Q_ind_112_anc_8-4,0.001461,0.000000,0.000000,0.015699
Q_ind_113_anc_8-4,0.000573,0.000000,0.000000,0.004754
Q_ind_114_anc_8-4,0.000330,0.000000,0.000000,0.003320
Q_ind_115_anc_8-4,0.000270,0.000000,0.000000,0.002585
Q_ind_116_anc_8-4,0.000520,0.000000,0.000000,0.007103
Q_ind_117_anc_8-4,0.000374,0.000000,0.000000,0.005619
Q_ind_118_anc_8-4,0.000369,0.000000,0.000000,0.005424
Q_ind_119_anc_8-4,0.000219,0.000000,0.000000,0.002492
Q_ind_120_anc_8-4,0.000061,0.000000,0.000000,0.000564
Q_ind_121_anc_8-4,0.000194,0.000000,0.000000,0.002199
Q_ind_122_anc_8-4,0.000078,0.000000,0.000000,0.000792
Q_ind_123_anc_8-4,0.000280,0.000000,0.000000,0.003023
Q_ind_124_anc_8-4,0.002813,0.000000,0.000000,0.044762
Q_ind_125_anc_8-4,0.000393,0.000000,0.000000,0.001986
Q_ind_126_anc_8-4,0.000788,0.000000,0.000000,0.008756
Q_ind_127_anc_8-4,0.001379,0.000000,0.000000,0.020196
Q_ind_128_anc_8-4,0.000248,0.000000,0.000000,0.003082
Q_ind_129_anc_8-4,0.001169,0.000000,0.000000,0.015287
Q_ind_130_anc_8-4,0.044721,0.000005,0.000000,0.188891
Q_ind_131_anc_8-4,0.015492,0.000000,0.000000,0.160371
Q_ind_132_anc_8-4,0.001272,0.000000,0.000000,0.017498
Q_ind_133_anc_8-4,0.000175,0.000000,0.000000,0.002062
Q_ind_134_anc_8-4,0.000190,0.000000,0.000000,0.001429
Q_ind_135_anc_8-4,0.000174,0.000000,0.000000,0.002235
Q_ind_136_anc_8-4,0.000254,0.000000,0.000000,0.002331
Q_ind_137_anc_8-4,0.000317,0.000000,0.000000,0.003603
Q_ind_138_anc_8-4,0.000721,0.000000,0.000000,0.009972
Q_ind_139_anc_8-4,0.000309,0.000000,0.000000,0.002648
Q_ind_140_anc_8-4,0.001766,0.000000,0.000000,0.028506
Q_ind_141_anc_8-4,0.000087,0.000000,0.000000,0.000888
Q_ind_142_anc_8-4,0.000118,0.000000,0.000000,0.001176
Q_ind_143_anc_8-4,0.000510,0.000000,0.000000,0.003796
Q_ind_144_anc_8-4,0.000218,0.000000,0.000000,0.002414
Q_ind_145_anc_8-4,0.000160,0.000000,0.000000,0.001051
Q_ind_146_anc_8-4,0.000192,0.000000,0.000000,0.002079
Q_ind_147_anc_8-4,0.000214,0.000000,0.000000,0.001900
Q_ind_148_anc_8-4,0.004974,0.000000,0.000000,0.051786
Q_ind_149_anc_8-4,0.000151,0.000000,0.000000,0.001066
Q_ind_150_anc_8-4,0.000437,0.000000,0.000000,0.005841
Q_ind_151_anc_8-4,0.000529,0.000000,0.000000,0.006365
Q_ind_152_anc_8-4,0.000309,0.000000,0.000000,0.004009
Q_ind_153_anc_8-4,0.000300,0.000000,0.000000,0.004234
Q_ind_154_anc_8-4,0.000532,0.000000,0.000000,0.004905
Q_ind_155_anc_8-4,0.000145,0.000000,0.000000,0.001293
Q_ind_156_anc_8-4,0.000412,0.000000,0.000000,0.004345
Q_ind_157_anc_8-4,0.000651,0.000000,0.000000,0.008391
Q_ind_158_anc_8-4,0.001961,0.000000,0.000000,0.028007
Q_ind_159_anc_8-4,0.000785,0.000000,0.000000,0.006748
Q_ind_160_anc_8-4,0.000208,0.000000,0.000000,0.001254
Q_ind_161_anc_8-4,0.000319,0.000000,0.000000,0.003851
Q_ind_162_anc_8-4,0.000634,0.000000,0.000000,0.007534
Q_ind_163_anc_8-4,0.000761,0.000000,0.000000,0.008878
Q_ind_164_anc_8-4,0.000202,0.000000,0.000000,0.001714
Q_ind_165_anc_8-4,0.000783,0.000000,0.000000,0.011797
Q_ind_166_anc_8-4,0.000257,0.000000,0.000000,0.003293
Q_ind_167_anc_8-4,0.000421,0.000000,0.000000,0.005866
Q_ind_168_anc_8-4,0.000754,0.000000,0.000000,0.008684
Q_ind_169_anc_8-4,0.000861,0.000000,0.000000,0.010226
Q_ind_170_anc_8-4,0.000256,0.000000,0.000000,0.003084
Q_ind_171_anc_8-4,0.000669,0.000000,0.000000,0.009052
Q_ind_172_anc_8-4,0.000473,0.000000,0.000000,0.005183
Q_ind_173_anc_8-4,0.000081,0.000000,0.000000,0.000716
Q_ind_174_anc_8-4,0.000138,0.000000,0.000000,0.001639
Q_ind_175_anc_8-4,0.000329,0.000000,0.000000,0.003354
Q_ind_176_anc_8-4,0.000248,0.000000,0.000000,0.002548
Q_ind_177_anc_8-4,0.000359,0.000000,0.000000,0.003889
Q_ind_178_anc_8-4,0.001106,0.000000,0.000000,0.016147
Q_ind_179_anc_8-4,0.001076,0.000000,0.000000,0.013552
Q_ind_180_anc_8-4,0.001396,0.000000,0.000000,0.022078
Q_ind_181_anc_8-4,0.033613,0.000000,0.000000,0.185568
Q_ind_182_anc_8-4,0.007883,0.000000,0.000000,0.078351
Q_ind_183_anc_8-4,0.000365,0.000000,0.000000,0.004704
Q_ind_184_anc_8-4,0.000417,0.000000,0.000000,0.004206
Q_ind_185_anc_8-4,0.000318,0.000000,0.000000,0.002982
Q_ind_186_anc_8-4,0.001256,0.000000,0.000000,0.016175
Q_ind_187_anc_8-4,0.000307,0.000000,0.000000,0.003013
Q_ind_188_anc_8-4,0.003630,0.000000,0.000000,0.056269
Q_ind_189_anc_8-4,0.007255,0.000000,0.000000,0.093870
Q_ind_190_anc_8-4,0.000437,0.000000,0.000000,0.005177
Q_ind_191_anc_8-4,0.000147,0.000000,0.000000,0.001490
Q_ind_192_anc_8-4,0.000236,0.000000,0.000000,0.002828
Q_ind_193_anc_8-4,0.000410,0.000000,0.000000,0.004985
Q_ind_194_anc_8-4,0.000029,0.000000,0.000000,0.000265
Q_ind_195_anc_8-4,0.000076,0.000000,0.000000,0.000880
Q_ind_196_anc_8-4,0.000035,0.000000,0.000000,0.000380
Q_ind_197_anc_8-4,0.000025,0.000000,0.000000,0.000281
Q_ind_198_anc_8-4,0.000066,0.000000,0.000000,0.000484
Q_ind_199_anc_8-4,0.000236,0.000000,0.000000,0.002168
Q_ind_200_anc_8-4,0.000057,0.000000,0.000000,0.000529
Q_ind_201_anc_8-4,0.000195,0.000000,0.000000,0.001785
Q_ind_202_anc_8-4,0.000098,0.000000,0.000000,0.000755
Q_ind_203_anc_8-4,0.000547,0.000000,0.000000,0.005065
Q_ind_204_anc_8-4,0.000250,0.000000,0.000000,0.002689
Q_ind_205_anc_8-4,0.000268,0.000000,0.000000,0.001505
Q_ind_206_anc_8-4,0.000356,0.000000,0.000000,0.003214
Q_ind_207_anc_8-4,0.067235,0.014211,0.000000,0.249478
Q_ind_208_anc_8-4,0.000303,0.000000,0.000000,0.003404
Q_ind_209_anc_8-4,0.000248,0.000000,0.000000,0.002207
Q_ind_210_anc_8-4,0.000319,0.000000,0.000000,0.003017
Q_ind_211_anc_8-4,0.002111,0.000000,0.000000,0.030037
Q_ind_212_anc_8-4,0.000226,0.000000,0.000000,0.002145
Q_ind_213_anc_8-4,0.001154,0.000000,0.000000,0.015738
Q_ind_214_anc_8-4,0.000604,0.000000,0.000000,0.008180
Q_ind_215_anc_8-4,0.009508,0.000000,0.000000,0.095408
Q_ind_216_anc_8-4,0.003815,0.000000,0.000000,0.054817
Q_ind_217_anc_8-4,0.000435,0.000000,0.000000,0.003885
Q_ind_218_anc_8-4,0.002522,0.000000,0.000000,0.040154
Q_ind_219_anc_8-4,0.002288,0.000000,0.000000,0.033553
Q_ind_220_anc_8-4,0.003980,0.000000,0.000000,0.060034
Q_ind_221_anc_8-4,0.000909,0.000000,0.000000,0.013693
Q_ind_222_anc_8-4,0.001241,0.000000,0.000000,0.017865
Q_ind_223_anc_8-4,0.000270,0.000000,0.000000,0.001584
Q_ind_224_anc_8-4,0.000717,0.000000,0.000000,0.009832
Q_ind_225_anc_8-4,0.000539,0.000000,0.000000,0.007662
Q_ind_226_anc_8-4,0.000116,0.000000,0.000000,0.001314
Q_ind_227_anc_8-4,0.000123,0.000000,0.000000,0.001297
Q_ind_228_anc_8-4,0.000777,0.000000,0.000000,0.008348
Q_ind_229_anc_8-4,0.000481,0.000000,0.000000,0.006102
Q_ind_230_anc_8-4,0.000132,0.000000,0.000000,0.001372
Q_ind_231_anc_8-4,0.002476,0.000000,0.000000,0.037351
Q_ind_232_anc_8-4,0.001113,0.000000,0.000000,0.012918
Q_ind_233_anc_8-4,0.001634,0.000000,0.000000,0.023191
Q_ind_234_anc_8-4,0.000098,0.000000,0.000000,0.001016
Q_ind_235_anc_8-4,0.000247,0.000000,0.000000,0.003020
Q_ind_236_anc_8-4,0.000215,0.000000,0.000000,0.002071
Q_ind_237_anc_8-4,0.000214,0.000000,0.000000,0.002168
Q_ind_238_anc_8-4,0.000099,0.000000,0.000000,0.000956
Q_ind_239_anc_8-4,0.000082,0.000000,0.000000,0.000949
Q_ind_240_anc_8-4,0.000189,0.000000,0.000000,0.001729
Q_ind_241_anc_8-4,0.000048,0.000000,0.000000,0.000381
Q_ind_242_anc_8-4,0.000425,0.000000,0.000000,0.004191
Q_ind_243_anc_8-4,0.000058,0.000000,0.000000,0.000619
Q_ind_244_anc_8-4,0.000169,0.000000,0.000000,0.001930
Q_ind_245_anc_8-4,0.000136,0.000000,0.000000,0.001421
Q_ind_1_anc_8-5,0.000301,0.000000,0.000000,0.003853
Q_ind_2_anc_8-5,0.004619,0.000000,0.000000,0.080442
Q_ind_3_anc_8-5,0.000480,0.000000,0.000000,0.005215
Q_ind_4_anc_8-5,0.000118,0.000000,0.000000,0.000689
Q_ind_5_anc_8-5,0.000161,0.000000,0.000000,0.001903
Q_ind_6_anc_8-5,0.000467,0.000000,0.000000,0.007083
Q_ind_7_anc_8-5,0.001265,0.000000,0.000000,0.017048
Q_ind_8_anc_8-5,0.001238,0.000000,0.000000,0.019667
Q_ind_9_anc_8-5,0.000413,0.000000,0.000000,0.003941
Q_ind_10_anc_8-5,0.000162,0.000000,0.000000,0.001302
Q_ind_11_anc_8-5,0.000141,0.000000,0.000000,0.000779
Q_ind_12_anc_8-5,0.000294,0.000000,0.000000,0.003126
Q_ind_13_anc_8-5,0.000103,0.000000,0.000000,0.000890
Q_ind_14_anc_8-5,0.000258,0.000000,0.000000,0.001635
Q_ind_15_anc_8-5,0.000097,0.000000,0.000000,0.000835
Q_ind_16_anc_8-5,0.000404,0.000000,0.000000,0.004228
Q_ind_17_anc_8-5,0.000206,0.000000,0.000000,0.001671
Q_ind_18_anc_8-5,0.000607,0.000000,0.000000,0.007763
Q_ind_19_anc_8-5,0.000112,0.000000,0.000000,0.001034
Q_ind_20_anc_8-5,0.000208,0.000000,0.000000,0.002689
Q_ind_21_anc_8-5,0.000208,0.000000,0.000000,0.002118
Q_ind_22_anc_8-5,0.000290,0.000000,0.000000,0.003648
Q_ind_23_anc_8-5,0.001399,0.000000,0.000000,0.020547
Q_ind_24_anc_8-5,0.004926,0.000000,0.000000,0.062168
Q_ind_25_anc_8-5,0.000240,0.000000,0.000000,0.002763
Q_ind_26_anc_8-5,0.000161,0.000000,0.000000,0.001365
Q_ind_27_anc_8-5,0.000157,0.000000,0.000000,0.001583
Q_ind_28_anc_8-5,0.000272,0.000000,0.000000,0.003342
Q_ind_29_anc_8-5,0.000468,0.000000,0.000000,0.005807
Q_ind_30_anc_8-5,0.000110,0.000000,0.000000,0.000976
Q_ind_31_anc_8-5,0.000208,0.000000,0.000000,0.002643
Q_ind_32_anc_8-5,0.000323,0.000000,0.000000,0.002906
Q_ind_33_anc_8-5,0.000380,0.000000,0.000000,0.003176
Q_ind_34_anc_8-5,0.000092,0.000000,0.000000,0.000774
Q_ind_35_anc_8-5,0.000416,0.000000,0.000000,0.005408
Q_ind_36_anc_8-5,0.000076,0.000000,0.000000,0.000759
Q_ind_37_anc_8-5,0.000911,0.000000,0.000000,0.011351
Q_ind_38_anc_8-5,0.000095,0.000000,0.000000,0.001031
Q_ind_39_anc_8-5,0.000097,0.000000,0.000000,0.000966
Q_ind_40_anc_8-5,0.001571,0.000000,0.000000,0.020271
Q_ind_41_anc_8-5,0.002267,0.000000,0.000000,0.038685
Q_ind_42_anc_8-5,0.000152,0.000000,0.000000,0.001907
Q_ind_43_anc_8-5,0.000226,0.000000,0.000000,0.002884
Q_ind_44_anc_8-5,0.000095,0.000000,0.000000,0.000828
Q_ind_45_anc_8-5,0.000170,0.000000,0.000000,0.001030
Q_ind_46_anc_8-5,0.000075,0.000000,0.000000,0.000545
Q_ind_47_anc_8-5,0.000079,0.000000,0.000000,0.000778
Q_ind_48_anc_8-5,0.000170,0.000000,0.000000,0.001980
Q_ind_49_anc_8-5,0.000115,0.000000,0.000000,0.001310
Q_ind_50_anc_8-5,0.000077,0.000000,0.000000,0.000729
Q_ind_51_anc_8-5,0.000088,0.000000,0.000000,0.000865
Q_ind_52_anc_8-5,0.000088,0.000000,0.000000,0.000859
Q_ind_53_anc_8-5,0.000107,0.000000,0.000000,0.001060
Q_ind_54_anc_8-5,0.000328,0.000000,0.000000,0.004213
Q_ind_55_anc_8-5,0.000098,0.000000,0.000000,0.000785
Q_ind_56_anc_8-5,0.000093,0.000000,0.000000,0.000825
Q_ind_57_anc_8-5,0.000170,0.000000,0.000000,0.001781
Q_ind_58_anc_8-5,0.000100,0.000000,0.000000,0.000852
Q_ind_59_anc_8-5,0.000182,0.000000,0.000000,0.001651
Q_ind_60_anc_8-5,0.000104,0.000000,0.000000,0.000795
Q_ind_61_anc_8-5,0.000109,0.000000,0.000000,0.001287
Q_ind_62_anc_8-5,0.000138,0.000000,0.000000,0.001673
Q_ind_63_anc_8-5,0.000222,0.000000,0.000000,0.001759
Q_ind_64_anc_8-5,0.000232,0.000000,0.000000,0.003197
Q_ind_65_anc_8-5,0.000159,0.000000,0.000000,0.001412
Q_ind_66_anc_8-5,0.000249,0.000000,0.000000,0.002901
Q_ind_67_anc_8-5,0.000167,0.000000,0.000000,0.001187
Q_ind_68_anc_8-5,0.000441,0.000000,0.000000,0.005758
Q_ind_69_anc_8-5,0.000189,0.000000,0.000000,0.002044
Q_ind_70_anc_8-5,0.000191,0.000000,0.000000,0.001845
Q_ind_71_anc_8-5,0.000279,0.000000,0.000000,0.001925
Q_ind_72_anc_8-5,0.000177,0.000000,0.000000,0.001244
Q_ind_73_anc_8-5,0.000220,0.000000,0.000000,0.002284
Q_ind_74_anc_8-5,0.000152,0.000000,0.000000,0.001740
Q_ind_75_anc_8-5,0.000181,0.000000,0.000000,0.001656
Q_ind_76_anc_8-5,0.000103,0.000000,0.000000,0.001122
Q_ind_77_anc_8-5,0.000471,0.000000,0.000000,0.003064
Q_ind_78_anc_8-5,0.000225,0.000000,0.000000,0.002312
Q_ind_79_anc_8-5,0.000451,0.000000,0.000000,0.006308
Q_ind_80_anc_8-5,0.000446,0.000000,0.000000,0.005775
Q_ind_81_anc_8-5,0.001260,0.000000,0.000000,0.018465
Q_ind_82_anc_8-5,0.000609,0.000000,0.000000,0.008381
Q_ind_83_anc_8-5,0.000262,0.000000,0.000000,0.003237
Q_ind_84_anc_8-5,0.000675,0.000000,0.000000,0.008631
Q_ind_85_anc_8-5,0.000550,0.000000,0.000000,0.006044
Q_ind_86_anc_8-5,0.000805,0.000000,0.000000,0.012937
Q_ind_87_anc_8-5,0.000581,0.000000,0.000000,0.007731
Q_ind_88_anc_8-5,0.000303,0.000000,0.000000,0.002790
Q_ind_89_anc_8-5,0.000185,0.000000,0.000000,0.002115
Q_ind_90_anc_8-5,0.000672,0.000000,0.000000,0.008631
Q_ind_91_anc_8-5,0.000279,0.000000,0.000000,0.003183
Q_ind_92_anc_8-5,0.000202,0.000000,0.000000,0.001640
Q_ind_93_anc_8-5,0.000215,0.000000,0.000000,0.002829
Q_ind_94_anc_8-5,0.000427,0.000000,0.000000,0.005778
Q_ind_95_anc_8-5,0.000088,0.000000,0.000000,0.000929
Q_ind_96_anc_8-5,0.000143,0.000000,0.000000,0.001652
Q_ind_97_anc_8-5,0.000160,0.000000,0.000000,0.001577
Q_ind_98_anc_8-5,0.000060,0.000000,0.000000,0.000562
Q_ind_99_anc_8-5,0.000093,0.000000,0.000000,0.000981
Q_ind_100_anc_8-5,0.000274,0.000000,0.000000,0.003640
Q_ind_101_anc_8-5,0.000070,0.000000,0.000000,0.000676
Q_ind_102_anc_8-5,0.000049,0.000000,0.000000,0.000489
Q_ind_103_anc_8-5,0.000122,0.000000,0.000000,0.001163
Q_ind_104_anc_8-5,0.000095,0.000000,0.000000,0.001055
Q_ind_105_anc_8-5,0.000148,0.000000,0.000000,0.001193
Q_ind_106_anc_8-5,0.001227,0.000000,0.000000,0.020005
Q_ind_107_anc_8-5,0.000513,0.000000,0.000000,0.006939
Q_ind_108_anc_8-5,0.000800,0.000000,0.000000,0.005367
Q_ind_109_anc_8-5,0.002105,0.000000,0.000000,0.034215
Q_ind_110_anc_8-5,0.000922,0.000000,0.000000,0.008139
Q_ind_111_anc_8-5,0.000564,0.000000,0.000000,0.006834
Q_ind_112_anc_8-5,0.000226,0.000000,0.000000,0.002432
Q_ind_113_anc_8-5,0.000351,0.000000,0.000000,0.004148
Q_ind_114_anc_8-5,0.002005,0.000000,0.000000,0.032135
Q_ind_115_anc_8-5,0.000080,0.000000,0.000000,0.000714
Q_ind_116_anc_8-5,0.000533,0.000000,0.000000,0.007041
Q_ind_117_anc_8-5,0.000143,0.000000,0.000000,0.001861
Q_ind_118_anc_8-5,0.000135,0.000000,0.000000,0.001510
Q_ind_119_anc_8-5,0.000183,0.000000,0.000000,0.001793
Q_ind_120_anc_8-5,0.000071,0.000000,0.000000,0.000800
Q_ind_121_anc_8-5,0.000210,0.000000,0.000000,0.002167
Q_ind_122_anc_8-5,0.000075,0.000000,0.000000,0.000688
Q_ind_123_anc_8-5,0.000113,0.000000,0.000000,0.001278
Q_ind_124_anc_8-5,0.000189,0.000000,0.000000,0.001943
Q_ind_125_anc_8-5,0.000483,0.000000,0.000000,0.005844
Q_ind_126_anc_8-5,0.004318,0.000000,0.000000,0.057382
Q_ind_127_anc_8-5,0.001105,0.000000,0.000000,0.015030
Q_ind_128_anc_8-5,0.000167,0.000000,0.000000,0.001961
Q_ind_129_anc_8-5,0.001029,0.000000,0.000000,0.015608
Q_ind_130_anc_8-5,0.001867,0.000000,0.000000,0.025226
Q_ind_131_anc_8-5,0.000662,0.000000,0.000000,0.008426
Q_ind_132_anc_8-5,0.000167,0.000000,0.000000,0.002017
Q_ind_133_anc_8-5,0.000406,0.000000,0.000000,0.003950
Q_ind_134_anc_8-5,0.000442,0.000000,0.000000,0.005167
Q_ind_135_anc_8-5,0.000246,0.000000,0.000000,0.002551
Q_ind_136_anc_8-5,0.000185,0.000000,0.000000,0.002248
Q_ind_137_anc_8-5,0.000677,0.000000,0.000000,0.005824
Q_ind_138_anc_8-5,0.000252,0.000000,0.000000,0.002071
Q_ind_139_anc_8-5,0.001289,0.000000,0.000000,0.018185
Q_ind_140_anc_8-5,0.000406,0.000000,0.000000,0.003486
Q_ind_141_anc_8-5,0.000173,0.000000,0.000000,0.002027
Q_ind_142_anc_8-5,0.000094,0.000000,0.000000,0.001004
Q_ind_143_anc_8-5,0.003483,0.000000,0.000000,0.042858
Q_ind_144_anc_8-5,0.000111,0.000000,0.000000,0.000995
Q_ind_145_anc_8-5,0.000083,0.000000,0.000000,0.000860
Q_ind_146_anc_8-5,0.000238,0.000000,0.000000,0.003393
Q_ind_147_anc_8-5,0.000097,0.000000,0.000000,0.000926
Q_ind_148_anc_8-5,0.007776,0.000000,0.000000,0.049431
Q_ind_149_anc_8-5,0.000144,0.000000,0.000000,0.001444
Q_ind_150_anc_8-5,0.000155,0.000000,0.000000,0.001223
Q_ind_151_anc_8-5,0.000079,0.000000,0.000000,0.000836
Q_ind_152_anc_8-5,0.000085,0.000000,0.000000,0.000932
Q_ind_153_anc_8-5,0.000092,0.000000,0.000000,0.000854
Q_ind_154_anc_8-5,0.000360,0.000000,0.000000,0.003985
Q_ind_155_anc_8-5,0.000115,0.000000,0.000000,0.000877
Q_ind_156_anc_8-5,0.000222,0.000000,0.000000,0.002334
Q_ind_157_anc_8-5,0.000235,0.000000,0.000000,0.002754
Q_ind_158_anc_8-5,0.000563,0.000000,0.000000,0.006666
Q_ind_159_anc_8-5,0.000141,0.000000,0.000000,0.001205
Q_ind_160_anc_8-5,0.000313,0.000000,0.000000,0.002972
Q_ind_161_anc_8-5,0.000052,0.000000,0.000000,0.000566
Q_ind_162_anc_8-5,0.000217,0.000000,0.000000,0.002158
Q_ind_163_anc_8-5,0.000102,0.000000,0.000000,0.001086
Q_ind_164_anc_8-5,0.000268,0.000000,0.000000,0.003036
Q_ind_165_anc_8-5,0.001150,0.000000,0.000000,0.012197
Q_ind_166_anc_8-5,0.000280,0.000000,0.000000,0.002437
Q_ind_167_anc_8-5,0.000129,0.000000,0.000000,0.001406
Q_ind_168_anc_8-5,0.000481,0.000000,0.000000,0.005543
Q_ind_169_anc_8-5,0.000096,0.000000,0.000000,0.001146
Q_ind_170_anc_8-5,0.000250,0.000000,0.000000,0.003096
Q_ind_171_anc_8-5,0.000341,0.000000,0.000000,0.003747
Q_ind_172_anc_8-5,0.000107,0.000000,0.000000,0.000963
Q_ind_173_anc_8-5,0.000135,0.000000,0.000000,0.001313
Q_ind_174_anc_8-5,0.000151,0.000000,0.000000,0.001200
Q_ind_175_anc_8-5,0.000338,0.000000,0.000000,0.004080
Q_ind_176_anc_8-5,0.000422,0.000000,0.000000,0.005382
Q_ind_177_anc_8-5,0.000245,0.000000,0.000000,0.003182
Q_ind_178_anc_8-5,0.000709,0.000000,0.000000,0.007105
Q_ind_179_anc_8-5,0.000755,0.000000,0.000000,0.010902
Q_ind_180_anc_8-5,0.000275,0.000000,0.000000,0.002151
Q_ind_181_anc_8-5,0.001037,0.000000,0.000000,0.014771
Q_ind_182_anc_8-5,0.003750,0.000000,0.000000,0.051282
Q_ind_183_anc_8-5,0.000980,0.000000,0.000000,0.013409
Q_ind_184_anc_8-5,0.007930,0.000000,0.000000,0.074647
Q_ind_185_anc_8-5,0.000205,0.000000,0.000000,0.002841
Q_ind_186_anc_8-5,0.000329,0.000000,0.000000,0.004574
Q_ind_187_anc_8-5,0.000165,0.000000,0.000000,0.001784
Q_ind_188_anc_8-5,0.000488,0.000000,0.000000,0.005167
Q_ind_189_anc_8-5,0.000983,0.000000,0.000000,0.016015
Q_ind_190_anc_8-5,0.000931,0.000000,0.000000,0.012431
Q_ind_191_anc_8-5,0.000168,0.000000,0.000000,0.001537
Q_ind_192_anc_8-5,0.000177,0.000000,0.000000,0.000813
Q_ind_193_anc_8-5,0.000305,0.000000,0.000000,0.002292
Q_ind_194_anc_8-5,0.000031,0.000000,0.000000,0.000291
Q_ind_195_anc_8-5,0.000114,0.000000,0.000000,0.000878
Q_ind_196_anc_8-5,0.000037,0.000000,0.000000,0.000370
Q_ind_197_anc_8-5,0.000034,0.000000,0.000000,0.000327
Q_ind_198_anc_8-5,0.000031,0.000000,0.000000,0.000265
Q_ind_199_anc_8-5,0.000192,0.000000,0.000000,0.001498
Q_ind_200_anc_8-5,0.000056,0.000000,0.000000,0.000469
Q_ind_201_anc_8-5,0.000066,0.000000,0.000000,0.000594
Q_ind_202_anc_8-5,0.000092,0.000000,0.000000,0.000989
Q_ind_203_anc_8-5,0.000782,0.000000,0.000000,0.010630
Q_ind_204_anc_8-5,0.000412,0.000000,0.000000,0.005631
Q_ind_205_anc_8-5,0.000559,0.000000,0.000000,0.007505
Q_ind_206_anc_8-5,0.000219,0.000000,0.000000,0.002524
Q_ind_207_anc_8-5,0.000372,0.000000,0.000000,0.004166
Q_ind_208_anc_8-5,0.000200,0.000000,0.000000,0.001850
Q_ind_209_anc_8-5,0.000224,0.000000,0.000000,0.002512
Q_ind_210_anc_8-5,0.000337,0.000000,0.000000,0.003052
Q_ind_211_anc_8-5,0.001018,0.000000,0.000000,0.006549
Q_ind_212_anc_8-5,0.000122,0.000000,0.000000,0.001246
Q_ind_213_anc_8-5,0.000216,0.000000,0.000000,0.001589
Q_ind_214_anc_8-5,0.001916,0.000000,0.000000,0.029164
Q_ind_215_anc_8-5,0.001990,0.000000,0.000000,0.030934
Q_ind_216_anc_8-5,0.000597,0.000000,0.000000,0.007608
Q_ind_217_anc_8-5,0.000351,0.000000,0.000000,0.004938
Q_ind_218_anc_8-5,0.000212,0.000000,0.000000,0.001775
Q_ind_219_anc_8-5,0.000085,0.000000,0.000000,0.000879
Q_ind_220_anc_8-5,0.000142,0.000000,0.000000,0.001300
Q_ind_221_anc_8-5,0.000186,0.000000,0.000000,0.002000
Q_ind_222_anc_8-5,0.000173,0.000000,0.000000,0.001828
Q_ind_223_anc_8-5,0.000098,0.000000,0.000000,0.000836
Q_ind_224_anc_8-5,0.000110,0.000000,0.000000,0.000869
Q_ind_225_anc_8-5,0.000758,0.000000,0.000000,0.009108
Q_ind_226_anc_8-5,0.000135,0.000000,0.000000,0.001446
Q_ind_227_anc_8-5,0.000148,0.000000,0.000000,0.001717
Q_ind_228_anc_8-5,0.003915,0.000000,0.000000,0.052163
Q_ind_229_anc_8-5,0.000262,0.000000,0.000000,0.002652
Q_ind_230_anc_8-5,0.000473,0.000000,0.000000,0.003810
Q_ind_231_anc_8-5,0.000300,0.000000,0.000000,0.003289
Q_ind_232_anc_8-5,0.002471,0.000000,0.000000,0.038338
Q_ind_233_anc_8-5,0.000450,0.000000,0.000000,0.004188
Q_ind_234_anc_8-5,0.000184,0.000000,0.000000,0.001820
Q_ind_235_anc_8-5,0.000179,0.000000,0.000000,0.001166
Q_ind_236_anc_8-5,0.000131,0.000000,0.000000,0.001518
Q_ind_237_anc_8-5,0.000319,0.000000,0.000000,0.004099
Q_ind_238_anc_8-5,0.000131,0.000000,0.000000,0.001371
Q_ind_239_anc_8-5,0.000118,0.000000,0.000000,0.001148
Q_ind_240_anc_8-5,0.000213,0.000000,0.000000,0.002590
Q_ind_241_anc_8-5,0.000250,0.000000,0.000000,0.002710
Q_ind_242_anc_8-5,0.000809,0.000000,0.000000,0.012195
Q_ind_243_anc_8-5,0.000130,0.000000,0.000000,0.001534
Q_ind_244_anc_8-5,0.000113,0.000000,0.000000,0.001120
Q_ind_245_anc_8-5,0.000067,0.000000,0.000000,0.000799
Q_ind_1_anc_8-6,0.000730,0.000000,0.000000,0.008055
Q_ind_2_anc_8-6,0.000315,0.000000,0.000000,0.003838
Q_ind_3_anc_8-6,0.000205,0.000000,0.000000,0.002397
Q_ind_4_anc_8-6,0.000729,0.000000,0.000000,0.008984
Q_ind_5_anc_8-6,0.000475,0.000000,0.000000,0.006649
Q_ind_6_anc_8-6,0.000128,0.000000,0.000000,0.001101
Q_ind_7_anc_8-6,0.000799,0.000000,0.000000,0.010586
Q_ind_8_anc_8-6,0.000628,0.000000,0.000000,0.007130
Q_ind_9_anc_8-6,0.000256,0.000000,0.000000,0.002377
Q_ind_10_anc_8-6,0.000147,0.000000,0.000000,0.001532
Q_ind_11_anc_8-6,0.000181,0.000000,0.000000,0.001965
Q_ind_12_anc_8-6,0.000288,0.000000,0.000000,0.004097
Q_ind_13_anc_8-6,0.000341,0.000000,0.000000,0.004842
Q_ind_14_anc_8-6,0.000345,0.000000,0.000000,0.003763
Q_ind_15_anc_8-6,0.000240,0.000000,0.000000,0.002424
Q_ind_16_anc_8-6,0.000208,0.000000,0.000000,0.001983
Q_ind_17_anc_8-6,0.001286,0.000000,0.000000,0.019318
Q_ind_18_anc_8-6,0.001486,0.000000,0.000000,0.021906
Q_ind_19_anc_8-6,0.000161,0.000000,0.000000,0.001325
Q_ind_20_anc_8-6,0.000258,0.000000,0.000000,0.003393
Q_ind_21_anc_8-6,0.000484,0.000000,0.000000,0.005974
Q_ind_22_anc_8-6,0.000485,0.000000,0.000000,0.006543
Q_ind_23_anc_8-6,0.000621,0.000000,0.000000,0.008241
Q_ind_24_anc_8-6,0.000228,0.000000,0.000000,0.002098
Q_ind_25_anc_8-6,0.000245,0.000000,0.000000,0.002400
Q_ind_26_anc_8-6,0.000156,0.000000,0.000000,0.001642
Q_ind_27_anc_8-6,0.000907,0.000000,0.000000,0.013104
Q_ind_28_anc_8-6,0.000377,0.000000,0.000000,0.004137
Q_ind_29_anc_8-6,0.000425,0.000000,0.000000,0.005696
Q_ind_30_anc_8-6,0.000151,0.000000,0.000000,0.001548
Q_ind_31_anc_8-6,0.001051,0.000000,0.000000,0.018293
Q_ind_32_anc_8-6,0.000191,0.000000,0.000000,0.002214
Q_ind_33_anc_8-6,0.000618,0.000000,0.000000,0.008274
Q_ind_34_anc_8-6,0.000261,0.000000,0.000000,0.002342
Q_ind_35_anc_8-6,0.000283,0.000000,0.000000,0.003274
Q_ind_36_anc_8-6,0.000411,0.000000,0.000000,0.005853
Q_ind_37_anc_8-6,0.013222,0.000000,0.000000,0.065523
Q_ind_38_anc_8-6,0.000160,0.000000,0.000000,0.001685
Q_ind_39_anc_8-6,0.002005,0.000000,0.000000,0.033008
Q_ind_40_anc_8-6,0.090490,0.105269,0.000000,0.174243
Q_ind_41_anc_8-6,0.002396,0.000000,0.000000,0.036893
Q_ind_42_anc_8-6,0.000152,0.000000,0.000000,0.001367
Q_ind_43_anc_8-6,0.000495,0.000000,0.000000,0.005142
Q_ind_44_anc_8-6,0.000251,0.000000,0.000000,0.003101
Q_ind_45_anc_8-6,0.000358,0.000000,0.000000,0.003844
Q_ind_46_anc_8-6,0.000215,0.000000,0.000000,0.002667
Q_ind_47_anc_8-6,0.000079,0.000000,0.000000,0.000592
Q_ind_48_anc_8-6,0.000347,0.000000,0.000000,0.004505
Q_ind_49_anc_8-6,0.000352,0.000000,0.000000,0.004552
Q_ind_50_anc_8-6,0.000092,0.000000,0.000000,0.001043
Q_ind_51_anc_8-6,0.000335,0.000000,0.000000,0.003575
Q_ind_52_anc_8-6,0.000143,0.000000,0.000000,0.001603
Q_ind_53_anc_8-6,0.000231,0.000000,0.000000,0.002735
Q_ind_54_anc_8-6,0.000148,0.000000,0.000000,0.001797
Q_ind_55_anc_8-6,0.000116,0.000000,0.000000,0.001057
Q_ind_56_anc_8-6,0.000083,0.000000,0.000000,0.000682
Q_ind_57_anc_8-6,0.001335,0.000000,0.000000,0.019644
Q_ind_58_anc_8-6,0.000116,0.000000,0.000000,0.000906
Q_ind_59_anc_8-6,0.000303,0.000000,0.000000,0.003626
Q_ind_60_anc_8-6,0.000088,0.000000,0.000000,0.000847
Q_ind_61_anc_8-6,0.000157,0.000000,0.000000,0.001623
Q_ind_62_anc_8-6,0.000301,0.000000,0.000000,0.003339
Q_ind_63_anc_8-6,0.000072,0.000000,0.000000,0.000671
Q_ind_64_anc_8-6,0.000101,0.000000,0.000000,0.001049
Q_ind_65_anc_8-6,0.000114,0.000000,0.000000,0.001105
Q_ind_66_anc_8-6,0.000089,0.000000,0.000000,0.000858
Q_ind_67_anc_8-6,0.000181,0.000000,0.000000,0.001905
Q_ind_68_anc_8-6,0.000644,0.000000,0.000000,0.009692
Q_ind_69_anc_8-6,0.046754,0.037305,0.000000,0.142490
Q_ind_70_anc_8-6,0.116459,0.116517,0.047006,0.183221
Q_ind_71_anc_8-6,0.000720,0.000000,0.000000,0.009117
Q_ind_72_anc_8-6,0.001725,0.000000,0.000000,0.023901
Q_ind_73_anc_8-6,0.002079,0.000000,0.000000,0.030098
Q_ind_74_anc_8-6,0.003952,0.000000,0.000000,0.053403
Q_ind_75_anc_8-6,0.152288,0.151091,0.082410,0.226438
Q_ind_76_anc_8-6,0.000729,0.000000,0.000000,0.009699
Q_ind_77_anc_8-6,0.002374,0.000000,0.000000,0.036495
Q_ind_78_anc_8-6,0.000480,0.000000,0.000000,0.003505
Q_ind_79_anc_8-6,0.000930,0.000000,0.000000,0.012646
Q_ind_80_anc_8-6,0.000225,0.000000,0.000000,0.002372
Q_ind_81_anc_8-6,0.000244,0.000000,0.000000,0.003198
Q_ind_82_anc_8-6,0.000494,0.000000,0.000000,0.005668
Q_ind_83_anc_8-6,0.000629,0.000000,0.000000,0.009650
Q_ind_84_anc_8-6,0.000092,0.000000,0.000000,0.000782
Q_ind_85_anc_8-6,0.000442,0.000000,0.000000,0.004129
Q_ind_86_anc_8-6,0.000512,0.000000,0.000000,0.006839
Q_ind_87_anc_8-6,0.000324,0.000000,0.000000,0.003575
Q_ind_88_anc_8-6,0.001071,0.000000,0.000000,0.013151
Q_ind_89_anc_8-6,0.000141,0.000000,0.000000,0.001178
Q_ind_90_anc_8-6,0.001182,0.000000,0.000000,0.019932
Q_ind_91_anc_8-6,0.000545,0.000000,0.000000,0.007821
Q_ind_92_anc_8-6,0.000846,0.000000,0.000000,0.012230
Q_ind_93_anc_8-6,0.000121,0.000000,0.000000,0.001005
Q_ind_94_anc_8-6,0.003797,0.000000,0.000000,0.065545
Q_ind_95_anc_8-6,0.000630,0.000000,0.000000,0.008378
Q_ind_96_anc_8-6,0.000279,0.000000,0.000000,0.003524
Q_ind_97_anc_8-6,0.000140,0.000000,0.000000,0.001545
Q_ind_98_anc_8-6,0.009328,0.000000,0.000000,0.069935
Q_ind_99_anc_8-6,0.000168,0.000000,0.000000,0.001847
Q_ind_100_anc_8-6,0.000271,0.000000,0.000000,0.003130
Q_ind_101_anc_8-6,0.000173,0.000000,0.000000,0.001807
Q_ind_102_anc_8-6,0.000046,0.000000,0.000000,0.000444
Q_ind_103_anc_8-6,0.000339,0.000000,0.000000,0.004961
Q_ind_104_anc_8-6,0.000087,0.000000,0.000000,0.000734
Q_ind_105_anc_8-6,0.004519,0.000000,0.000000,0.057413
Q_ind_106_anc_8-6,0.000346,0.000000,0.000000,0.004522
Q_ind_107_anc_8-6,0.011465,0.000000,0.000000,0.142074
Q_ind_108_anc_8-6,0.000298,0.000000,0.000000,0.003631
Q_ind_109_anc_8-6,0.010019,0.000000,0.000000,0.139569
Q_ind_110_anc_8-6,0.053985,0.000000,0.000000,0.272622
Q_ind_111_anc_8-6,0.006811,0.000000,0.000000,0.090232
Q_ind_112_anc_8-6,0.031988,0.000000,0.000000,0.205019
Q_ind_113_anc_8-6,0.001617,0.000000,0.000000,0.019251
Q_ind_114_anc_8-6,0.000622,0.000000,0.000000,0.005716
Q_ind_115_anc_8-6,0.000695,0.000000,0.000000,0.010017
Q_ind_116_anc_8-6,0.000266,0.000000,0.000000,0.002641
Q_ind_117_anc_8-6,0.000157,0.000000,0.000000,0.001818
Q_ind_118_anc_8-6,0.000300,0.000000,0.000000,0.003958
Q_ind_119_anc_8-6,0.000122,0.000000,0.000000,0.000902
Q_ind_120_anc_8-6,0.000110,0.000000,0.000000,0.001152
Q_ind_121_anc_8-6,0.000634,0.000000,0.000000,0.010040
Q_ind_122_anc_8-6,0.000079,0.000000,0.000000,0.000511
Q_ind_123_anc_8-6,0.000160,0.000000,0.000000,0.001535
Q_ind_124_anc_8-6,0.006145,0.000000,0.000000,0.062787
Q_ind_125_anc_8-6,0.000326,0.000000,0.000000,0.003578
Q_ind_126_anc_8-6,0.000176,0.000000,0.000000,0.001818
Q_ind_127_anc_8-6,0.000578,0.000000,0.000000,0.008778
Q_ind_128_anc_8-6,0.000220,0.000000,0.000000,0.002684
Q_ind_129_anc_8-6,0.000483,0.000000,0.000000,0.004024
Q_ind_130_anc_8-6,0.000377,0.000000,0.000000,0.003982
Q_ind_131_anc_8-6,0.001027,0.000000,0.000000,0.013782
Q_ind_132_anc_8-6,0.020916,0.000000,0.000000,0.106643
Q_ind_133_anc_8-6,0.000246,0.000000,0.000000,0.003282
Q_ind_134_anc_8-6,0.000895,0.000000,0.000000,0.012761
Q_ind_135_anc_8-6,0.005181,0.000000,0.000000,0.079269
Q_ind_136_anc_8-6,0.000528,0.000000,0.000000,0.004642
Q_ind_137_anc_8-6,0.000457,0.000000,0.000000,0.004756
Q_ind_138_anc_8-6,0.069906,0.084082,0.000000,0.136172
Q_ind_139_anc_8-6,0.002447,0.000000,0.000000,0.031580
Q_ind_140_anc_8-6,0.001335,0.000000,0.000000,0.019890
Q_ind_141_anc_8-6,0.000284,0.000000,0.000000,0.002921
Q_ind_142_anc_8-6,0.000626,0.000000,0.000000,0.007347
Q_ind_143_anc_8-6,0.030588,0.003116,0.000000,0.116296
Q_ind_144_anc_8-6,0.000347,0.000000,0.000000,0.003904
Q_ind_145_anc_8-6,0.000051,0.000000,0.000000,0.000430
Q_ind_146_anc_8-6,0.000111,0.000000,0.000000,0.001260
Q_ind_147_anc_8-6,0.000086,0.000000,0.000000,0.000810
Q_ind_148_anc_8-6,0.000223,0.000000,0.000000,0.002749
Q_ind_149_anc_8-6,0.000387,0.000000,0.000000,0.003315
Q_ind_150_anc_8-6,0.000188,0.000000,0.000000,0.001715
Q_ind_151_anc_8-6,0.000250,0.000000,0.000000,0.002873
Q_ind_152_anc_8-6,0.000106,0.000000,0.000000,0.000900
Q_ind_153_anc_8-6,0.000124,0.000000,0.000000,0.001031
Q_ind_154_anc_8-6,0.000177,0.000000,0.000000,0.002234
Q_ind_155_anc_8-6,0.001203,0.000000,0.000000,0.017091
Q_ind_156_anc_8-6,0.000125,0.000000,0.000000,0.001477
Q_ind_157_anc_8-6,0.000173,0.000000,0.000000,0.002125
Q_ind_158_anc_8-6,0.000099,0.000000,0.000000,0.000953
Q_ind_159_anc_8-6,0.000109,0.000000,0.000000,0.000720
Q_ind_160_anc_8-6,0.000194,0.000000,0.000000,0.001812
Q_ind_161_anc_8-6,0.000245,0.000000,0.000000,0.002236
Q_ind_162_anc_8-6,0.000103,0.000000,0.000000,0.001109
Q_ind_163_anc_8-6,0.000178,0.000000,0.000000,0.002246
Q_ind_164_anc_8-6,0.000177,0.000000,0.000000,0.001916
Q_ind_165_anc_8-6,0.022782,0.000000,0.000000,0.177355
Q_ind_166_anc_8-6,0.000282,0.000000,0.000000,0.002910
Q_ind_167_anc_8-6,0.000351,0.000000,0.000000,0.003500
Q_ind_168_anc_8-6,0.001090,0.000000,0.000000,0.015881
Q_ind_169_anc_8-6,0.065191,0.070642,0.000000,0.137013
Q_ind_170_anc_8-6,0.000634,0.000000,0.000000,0.008741
Q_ind_171_anc_8-6,0.000209,0.000000,0.000000,0.001678
Q_ind_172_anc_8-6,0.000100,0.000000,0.000000,0.000689
Q_ind_173_anc_8-6,0.000201,0.000000,0.000000,0.001928
Q_ind_174_anc_8-6,0.000089,0.000000,0.000000,0.000751
Q_ind_175_anc_8-6,0.097850,0.102188,0.000000,0.154137
Q_ind_176_anc_8-6,0.000827,0.000000,0.000000,0.005695
Q_ind_177_anc_8-6,0.000093,0.000000,0.000000,0.001015
Q_ind_178_anc_8-6,0.000113,0.000000,0.000000,0.001156
Q_ind_179_anc_8-6,0.000090,0.000000,0.000000,0.000599
Q_ind_180_anc_8-6,0.000171,0.000000,0.000000,0.002335
Q_ind_181_anc_8-6,0.013161,0.000000,0.000000,0.119493
Q_ind_182_anc_8-6,0.000222,0.000000,0.000000,0.002025
Q_ind_183_anc_8-6,0.000097,0.000000,0.000000,0.000881
Q_ind_184_anc_8-6,0.000368,0.000000,0.000000,0.004602
Q_ind_185_anc_8-6,0.000457,0.000000,0.000000,0.005555
Q_ind_186_anc_8-6,0.000219,0.000000,0.000000,0.001921
Q_ind_187_anc_8-6,0.000492,0.000000,0.000000,0.007557
Q_ind_188_anc_8-6,0.000406,0.000000,0.000000,0.005522
Q_ind_189_anc_8-6,0.001976,0.000000,0.000000,0.029979
Q_ind_190_anc_8-6,0.003933,0.000000,0.000000,0.048588
Q_ind_191_anc_8-6,0.001671,0.000000,0.000000,0.023727
Q_ind_192_anc_8-6,0.000868,0.000000,0.000000,0.014647
Q_ind_193_anc_8-6,0.000577,0.000000,0.000000,0.008523
Q_ind_194_anc_8-6,0.000041,0.000000,0.000000,0.000337
Q_ind_195_anc_8-6,0.000719,0.000000,0.000000,0.009740
Q_ind_196_anc_8-6,0.000060,0.000000,0.000000,0.000559
Q_ind_197_anc_8-6,0.000048,0.000000,0.000000,0.000390
Q_ind_198_anc_8-6,0.000047,0.000000,0.000000,0.000560
Q_ind_199_anc_8-6,0.000237,0.000000,0.000000,0.002652
Q_ind_200_anc_8-6,0.000065,0.000000,0.000000,0.000646
Q_ind_201_anc_8-6,0.093756,0.090010,0.000000,0.233002
Q_ind_202_anc_8-6,0.000096,0.000000,0.000000,0.000827
Q_ind_203_anc_8-6,0.000442,0.000000,0.000000,0.005150
Q_ind_204_anc_8-6,0.000242,0.000000,0.000000,0.002085
Q_ind_205_anc_8-6,0.000164,0.000000,0.000000,0.001647
Q_ind_206_anc_8-6,0.000087,0.000000,0.000000,0.000987
Q_ind_207_anc_8-6,0.000242,0.000000,0.000000,0.003187
Q_ind_208_anc_8-6,0.235842,0.234805,0.157617,0.319383
Q_ind_209_anc_8-6,0.001571,0.000000,0.000000,0.024015
Q_ind_210_anc_8-6,0.218658,0.218052,0.139638,0.307355
Q_ind_211_anc_8-6,0.000400,0.000000,0.000000,0.005979
Q_ind_212_anc_8-6,0.176166,0.216712,0.000000,0.293849
Q_ind_213_anc_8-6,0.000551,0.000000,0.000000,0.006312
Q_ind_214_anc_8-6,0.000895,0.000000,0.000000,0.013667
Q_ind_215_anc_8-6,0.004530,0.000000,0.000000,0.072987
Q_ind_216_anc_8-6,0.009036,0.000000,0.000000,0.081276
Q_ind_217_anc_8-6,0.003429,0.000000,0.000000,0.052463
Q_ind_218_anc_8-6,0.001274,0.000000,0.000000,0.020894
Q_ind_219_anc_8-6,0.006349,0.000000,0.000000,0.071432
Q_ind_220_anc_8-6,0.004676,0.000000,0.000000,0.059474
Q_ind_221_anc_8-6,0.000952,0.000000,0.000000,0.013791
Q_ind_222_anc_8-6,0.003214,0.000000,0.000000,0.044769
Q_ind_223_anc_8-6,0.370006,0.365832,0.267120,0.489886
Q_ind_224_anc_8-6,0.155713,0.165300,0.000000,0.245002
Q_ind_225_anc_8-6,0.053465,0.000000,0.000000,0.274835
Q_ind_226_anc_8-6,0.308489,0.309710,0.226294,0.383450
Q_ind_227_anc_8-6,0.054845,0.000000,0.000000,0.293416
Q_ind_228_anc_8-6,0.093970,0.040815,0.000000,0.349625
Q_ind_229_anc_8-6,0.123424,0.069552,0.000000,0.371375
Q_ind_230_anc_8-6,0.046920,0.000000,0.000000,0.339094
Q_ind_231_anc_8-6,0.265737,0.285878,0.101847,0.407788
Q_ind_232_anc_8-6,0.091316,0.072775,0.000000,0.276169
Q_ind_233_anc_8-6,0.069360,0.000000,0.000000,0.406166
Q_ind_234_anc_8-6,0.000342,0.000000,0.000000,0.004236
Q_ind_235_anc_8-6,0.000927,0.000000,0.000000,0.012972
Q_ind_236_anc_8-6,0.000269,0.000000,0.000000,0.003110
Q_ind_237_anc_8-6,0.000316,0.000000,0.000000,0.003621
Q_ind_238_anc_8-6,0.002364,0.000000,0.000000,0.035742
Q_ind_239_anc_8-6,0.000430,0.000000,0.000000,0.002752
Q_ind_240_anc_8-6,0.005653,0.000000,0.000000,0.078840
Q_ind_241_anc_8-6,0.000864,0.000000,0.000000,0.012019
Q_ind_242_anc_8-6,0.003337,0.000000,0.000000,0.047412
Q_ind_243_anc_8-6,0.043926,0.030307,0.000000,0.139052
Q_ind_244_anc_8-6,0.000240,0.000000,0.000000,0.002411
Q_ind_245_anc_8-6,0.092817,0.107219,0.000000,0.180043
Q_ind_1_anc_8-7,0.001681,0.000000,0.000000,0.023195
Q_ind_2_anc_8-7,0.000349,0.000000,0.000000,0.004580
Q_ind_3_anc_8-7,0.015341,0.000000,0.000000,0.106928
Q_ind_4_anc_8-7,0.002716,0.000000,0.000000,0.043919
Q_ind_5_anc_8-7,0.004908,0.000000,0.000000,0.074546
Q_ind_6_anc_8-7,0.002797,0.000000,0.000000,0.048636
Q_ind_7_anc_8-7,0.000128,0.000000,0.000000,0.001032
Q_ind_8_anc_8-7,0.037885,0.000000,0.000000,0.148687
Q_ind_9_anc_8-7,0.000185,0.000000,0.000000,0.002101
Q_ind_10_anc_8-7,0.010634,0.000000,0.000000,0.082234
Q_ind_11_anc_8-7,0.000836,0.000000,0.000000,0.010938
Q_ind_12_anc_8-7,0.024369,0.000000,0.000000,0.117737
Q_ind_13_anc_8-7,0.000100,0.000000,0.000000,0.000778
Q_ind_14_anc_8-7,0.000217,0.000000,0.000000,0.001709
Q_ind_15_anc_8-7,0.000147,0.000000,0.000000,0.001543
Q_ind_16_anc_8-7,0.000290,0.000000,0.000000,0.003406
Q_ind_17_anc_8-7,0.000431,0.000000,0.000000,0.006101
Q_ind_18_anc_8-7,0.000243,0.000000,0.000000,0.002473
Q_ind_19_anc_8-7,0.000165,0.000000,0.000000,0.001549
Q_ind_20_anc_8-7,0.000122,0.000000,0.000000,0.001045
Q_ind_21_anc_8-7,0.000255,0.000000,0.000000,0.002276
Q_ind_22_anc_8-7,0.001257,0.000000,0.000000,0.017279
Q_ind_23_anc_8-7,0.001988,0.000000,0.000000,0.028751
Q_ind_24_anc_8-7,0.014950,0.000000,0.000000,0.079813
Q_ind_25_anc_8-7,0.000317,0.000000,0.000000,0.004345
Q_ind_26_anc_8-7,0.000373,0.000000,0.000000,0.004845
Q_ind_27_anc_8-7,0.000290,0.000000,0.000000,0.004334
Q_ind_28_anc_8-7,0.001828,0.000000,0.000000,0.026045
Q_ind_29_anc_8-7,0.000956,0.000000,0.000000,0.015173
Q_ind_30_anc_8-7,0.000139,0.000000,0.000000,0.001586
Q_ind_31_anc_8-7,0.000211,0.000000,0.000000,0.001427
Q_ind_32_anc_8-7,0.000274,0.000000,0.000000,0.002680
Q_ind_33_anc_8-7,0.000471,0.000000,0.000000,0.006403
Q_ind_34_anc_8-7,0.000393,0.000000,0.000000,0.004763
Q_ind_35_anc_8-7,0.000097,0.000000,0.000000,0.000948
Q_ind_36_anc_8-7,0.000152,0.000000,0.000000,0.001324
Q_ind_37_anc_8-7,0.000784,0.000000,0.000000,0.010412
Q_ind_38_anc_8-7,0.000098,0.000000,0.000000,0.001112
Q_ind_39_anc_8-7,0.000232,0.000000,0.000000,0.002197
Q_ind_40_anc_8-7,0.000690,0.000000,0.000000,0.006899
Q_ind_41_anc_8-7,0.000675,0.000000,0.000000,0.006981
Q_ind_42_anc_8-7,0.000318,0.000000,0.000000,0.003957
Q_ind_43_anc_8-7,0.000440,0.000000,0.000000,0.006072
Q_ind_44_anc_8-7,0.000332,0.000000,0.000000,0.004319
Q_ind_45_anc_8-7,0.000181,0.000000,0.000000,0.002080
Q_ind_46_anc_8-7,0.000081,0.000000,0.000000,0.000742
Q_ind_47_anc_8-7,0.000128,0.000000,0.000000,0.001119
Q_ind_48_anc_8-7,0.000267,0.000000,0.000000,0.003787
Q_ind_49_anc_8-7,0.000171,0.000000,0.000000,0.002088
Q_ind_50_anc_8-7,0.000110,0.000000,0.000000,0.001017
Q_ind_51_anc_8-7,0.000086,0.000000,0.000000,0.000874
Q_ind_52_anc_8-7,0.000094,0.000000,0.000000,0.000782
Q_ind_53_anc_8-7,0.000068,0.000000,0.000000,0.000598
Q_ind_54_anc_8-7,0.000069,0.000000,0.000000,0.000742
Q_ind_55_anc_8-7,0.000069,0.000000,0.000000,0.000709
Q_ind_56_anc_8-7,0.000341,0.000000,0.000000,0.004651
Q_ind_57_anc_8-7,0.000351,0.000000,0.000000,0.003942
Q_ind_58_anc_8-7,0.000102,0.000000,0.000000,0.001015
Q_ind_59_anc_8-7,0.000271,0.000000,0.000000,0.003057
Q_ind_60_anc_8-7,0.000112,0.000000,0.000000,0.001184
Q_ind_61_anc_8-7,0.000330,0.000000,0.000000,0.004263
Q_ind_62_anc_8-7,0.000252,0.000000,0.000000,0.003549
Q_ind_63_anc_8-7,0.000348,0.000000,0.000000,0.002793
Q_ind_64_anc_8-7,0.000430,0.000000,0.000000,0.005654
Q_ind_65_anc_8-7,0.000340,0.000000,0.000000,0.003544
Q_ind_66_anc_8-7,0.000674,0.000000,0.000000,0.005060
Q_ind_67_anc_8-7,0.055924,0.060916,0.000000,0.137497
Q_ind_68_anc_8-7,0.000183,0.000000,0.000000,0.001905
Q_ind_69_anc_8-7,0.000270,0.000000,0.000000,0.002651
Q_ind_70_anc_8-7,0.000179,0.000000,0.000000,0.001590
Q_ind_71_anc_8-7,0.000101,0.000000,0.000000,0.001021
Q_ind_72_anc_8-7,0.000249,0.000000,0.000000,0.003028
Q_ind_73_anc_8-7,0.000122,0.000000,0.000000,0.000770
Q_ind_74_anc_8-7,0.000138,0.000000,0.000000,0.001454
Q_ind_75_anc_8-7,0.000088,0.000000,0.000000,0.000707
Q_ind_76_anc_8-7,0.000271,0.000000,0.000000,0.002894
Q_ind_77_anc_8-7,0.040782,0.013739,0.000000,0.142117
Q_ind_78_anc_8-7,0.014816,0.000000,0.000000,0.083868
Q_ind_79_anc_8-7,0.026267,0.000000,0.000000,0.119717
Q_ind_80_anc_8-7,0.000477,0.000000,0.000000,0.004608
Q_ind_81_anc_8-7,0.016970,0.000000,0.000000,0.121854
Q_ind_82_anc_8-7,0.005935,0.000000,0.000000,0.065305
Q_ind_83_anc_8-7,0.028614,0.000026,0.000000,0.107746
Q_ind_84_anc_8-7,0.000966,0.000000,0.000000,0.010163
Q_ind_85_anc_8-7,0.011558,0.000000,0.000000,0.094668
Q_ind_86_anc_8-7,0.000134,0.000000,0.000000,0.001458
Q_ind_87_anc_8-7,0.030015,0.000000,0.000000,0.144050
Q_ind_88_anc_8-7,0.000642,0.000000,0.000000,0.008566
Q_ind_89_anc_8-7,0.000471,0.000000,0.000000,0.006066
Q_ind_90_anc_8-7,0.000557,0.000000,0.000000,0.006398
Q_ind_91_anc_8-7,0.002509,0.000000,0.000000,0.041118
Q_ind_92_anc_8-7,0.000365,0.000000,0.000000,0.002740
Q_ind_93_anc_8-7,0.001586,0.000000,0.000000,0.023102
Q_ind_94_anc_8-7,0.000405,0.000000,0.000000,0.003742
Q_ind_95_anc_8-7,0.002322,0.000000,0.000000,0.037337
Q_ind_96_anc_8-7,0.000164,0.000000,0.000000,0.001784
Q_ind_97_anc_8-7,0.000178,0.000000,0.000000,0.001706
Q_ind_98_anc_8-7,0.000044,0.000000,0.000000,0.000384
Q_ind_99_anc_8-7,0.000096,0.000000,0.000000,0.000685
Q_ind_100_anc_8-7,0.000115,0.000000,0.000000,0.001308
Q_ind_101_anc_8-7,0.000085,0.000000,0.000000,0.000904
Q_ind_102_anc_8-7,0.000050,0.000000,0.000000,0.000415
Q_ind_103_anc_8-7,0.000150,0.000000,0.000000,0.001786
Q_ind_104_anc_8-7,0.000064,0.000000,0.000000,0.000497
Q_ind_105_anc_8-7,0.000085,0.000000,0.000000,0.000809
Q_ind_106_anc_8-7,0.002061,0.000000,0.000000,0.022298
Q_ind_107_anc_8-7,0.000314,0.000000,0.000000,0.003799
Q_ind_108_anc_8-7,0.000180,0.000000,0.000000,0.001418
Q_ind_109_anc_8-7,0.000263,0.000000,0.000000,0.002491
Q_ind_110_anc_8-7,0.000246,0.000000,0.000000,0.002160
Q_ind_111_anc_8-7,0.000183,0.000000,0.000000,0.001134
Q_ind_112_anc_8-7,0.000270,0.000000,0.000000,0.003137
Q_ind_113_anc_8-7,0.000304,0.000000,0.000000,0.002553
Q_ind_114_anc_8-7,0.000347,0.000000,0.000000,0.002807
Q_ind_115_anc_8-7,0.000153,0.000000,0.000000,0.001653
Q_ind_116_anc_8-7,0.000146,0.000000,0.000000,0.001129
Q_ind_117_anc_8-7,0.000138,0.000000,0.000000,0.001655
Q_ind_118_anc_8-7,0.000159,0.000000,0.000000,0.001380
Q_ind_119_anc_8-7,0.000254,0.000000,0.000000,0.002908
Q_ind_120_anc_8-7,0.000054,0.000000,0.000000,0.000514
Q_ind_121_anc_8-7,0.000671,0.000000,0.000000,0.010478
Q_ind_122_anc_8-7,0.000131,0.000000,0.000000,0.001443
Q_ind_123_anc_8-7,0.000128,0.000000,0.000000,0.000976
Q_ind_124_anc_8-7,0.000416,0.000000,0.000000,0.005312
Q_ind_125_anc_8-7,0.032583,0.015973,0.000000,0.098240
Q_ind_126_anc_8-7,0.002976,0.000000,0.000000,0.045045
Q_ind_127_anc_8-7,0.028062,0.027043,0.000000,0.081491
Q_ind_128_anc_8-7,0.000520,0.000000,0.000000,0.004769
Q_ind_129_anc_8-7,0.000605,0.000000,0.000000,0.005920
Q_ind_130_anc_8-7,0.002693,0.000000,0.000000,0.038832
Q_ind_131_anc_8-7,0.000888,0.000000,0.000000,0.012145
Q_ind_132_anc_8-7,0.000348,0.000000,0.000000,0.003366
Q_ind_133_anc_8-7,0.000158,0.000000,0.000000,0.001555
Q_ind_134_anc_8-7,0.000102,0.000000,0.000000,0.001156
Q_ind_135_anc_8-7,0.000256,0.000000,0.000000,0.003288
Q_ind_136_anc_8-7,0.000167,0.000000,0.000000,0.001595
Q_ind_137_anc_8-7,0.000188,0.000000,0.000000,0.001804
Q_ind_138_anc_8-7,0.000253,0.000000,0.000000,0.002726
Q_ind_139_anc_8-7,0.000098,0.000000,0.000000,0.001029
Q_ind_140_anc_8-7,0.000439,0.000000,0.000000,0.006396
Q_ind_141_anc_8-7,0.000106,0.000000,0.000000,0.001018
Q_ind_142_anc_8-7,0.000102,0.000000,0.000000,0.000763
Q_ind_143_anc_8-7,0.000381,0.000000,0.000000,0.004790
Q_ind_144_anc_8-7,0.000057,0.000000,0.000000,0.000488
Q_ind_145_anc_8-7,0.000121,0.000000,0.000000,0.001389
Q_ind_146_anc_8-7,0.000148,0.000000,0.000000,0.001594
Q_ind_147_anc_8-7,0.000152,0.000000,0.000000,0.001599
Q_ind_148_anc_8-7,0.000315,0.000000,0.000000,0.003793
Q_ind_149_anc_8-7,0.047902,0.052012,0.000000,0.116189
Q_ind_150_anc_8-7,0.000477,0.000000,0.000000,0.007041
Q_ind_151_anc_8-7,0.000297,0.000000,0.000000,0.003583
Q_ind_152_anc_8-7,0.000198,0.000000,0.000000,0.001954
Q_ind_153_anc_8-7,0.000220,0.000000,0.000000,0.001682
Q_ind_154_anc_8-7,0.000746,0.000000,0.000000,0.010638
Q_ind_155_anc_8-7,0.000490,0.000000,0.000000,0.005756
Q_ind_156_anc_8-7,0.005188,0.000000,0.000000,0.076863
Q_ind_157_anc_8-7,0.009490,0.000000,0.000000,0.095007
Q_ind_158_anc_8-7,0.000773,0.000000,0.000000,0.007944
Q_ind_159_anc_8-7,0.008124,0.000000,0.000000,0.101909
Q_ind_160_anc_8-7,0.004441,0.000000,0.000000,0.066507
Q_ind_161_anc_8-7,0.123646,0.141325,0.000000,0.230676
Q_ind_162_anc_8-7,0.003346,0.000000,0.000000,0.056452
Q_ind_163_anc_8-7,0.007580,0.000000,0.000000,0.089911
Q_ind_164_anc_8-7,0.000524,0.000000,0.000000,0.007722
Q_ind_165_anc_8-7,0.001415,0.000000,0.000000,0.020299
Q_ind_166_anc_8-7,0.000217,0.000000,0.000000,0.002201
Q_ind_167_anc_8-7,0.000353,0.000000,0.000000,0.003761
Q_ind_168_anc_8-7,0.000221,0.000000,0.000000,0.002077
Q_ind_169_anc_8-7,0.000198,0.000000,0.000000,0.002157
Q_ind_170_anc_8-7,0.000201,0.000000,0.000000,0.002783
Q_ind_171_anc_8-7,0.005241,0.000000,0.000000,0.041916
Q_ind_172_anc_8-7,0.000083,0.000000,0.000000,0.000487
Q_ind_173_anc_8-7,0.000044,0.000000,0.000000,0.000397
Q_ind_174_anc_8-7,0.000103,0.000000,0.000000,0.000929
Q_ind_175_anc_8-7,0.000446,0.000000,0.000000,0.006384
Q_ind_176_anc_8-7,0.004660,0.000000,0.000000,0.075087
Q_ind_177_anc_8-7,0.006253,0.000000,0.000000,0.095362
Q_ind_178_anc_8-7,0.000189,0.000000,0.000000,0.002143
Q_ind_179_anc_8-7,0.113955,0.119771,0.000000,0.235025
Q_ind_180_anc_8-7,0.000674,0.000000,0.000000,0.007248
Q_ind_181_anc_8-7,0.012992,0.000000,0.000000,0.117445
Q_ind_182_anc_8-7,0.011287,0.000000,0.000000,0.098576
Q_ind_183_anc_8-7,0.000819,0.000000,0.000000,0.011516
Q_ind_184_anc_8-7,0.013462,0.000000,0.000000,0.119603
Q_ind_185_anc_8-7,0.000084,0.000000,0.000000,0.000819
Q_ind_186_anc_8-7,0.000083,0.000000,0.000000,0.000943
Q_ind_187_anc_8-7,0.000048,0.000000,0.000000,0.000418
Q_ind_188_anc_8-7,0.000088,0.000000,0.000000,0.000645
Q_ind_189_anc_8-7,0.000328,0.000000,0.000000,0.003360
Q_ind_190_anc_8-7,0.000145,0.000000,0.000000,0.001543
Q_ind_191_anc_8-7,0.000086,0.000000,0.000000,0.000959
Q_ind_192_anc_8-7,0.000189,0.000000,0.000000,0.001981
Q_ind_193_anc_8-7,0.000256,0.000000,0.000000,0.003223
Q_ind_194_anc_8-7,0.000046,0.000000,0.000000,0.000427
Q_ind_195_anc_8-7,0.000233,0.000000,0.000000,0.002241
Q_ind_196_anc_8-7,0.000060,0.000000,0.000000,0.000526
Q_ind_197_anc_8-7,0.000055,0.000000,0.000000,0.000461
Q_ind_198_anc_8-7,0.000061,0.000000,0.000000,0.000639
Q_ind_199_anc_8-7,0.000259,0.000000,0.000000,0.002032
Q_ind_200_anc_8-7,0.000076,0.000000,0.000000,0.000720
Q_ind_201_anc_8-7,0.000146,0.000000,0.000000,0.001091
Q_ind_202_anc_8-7,0.000090,0.000000,0.000000,0.000844
Q_ind_203_anc_8-7,0.001549,0.000000,0.000000,0.020138
Q_ind_204_anc_8-7,0.000221,0.000000,0.000000,0.002568
Q_ind_205_anc_8-7,0.000363,0.000000,0.000000,0.003926
Q_ind_206_anc_8-7,0.000541,0.000000,0.000000,0.006208
Q_ind_207_anc_8-7,0.000390,0.000000,0.000000,0.005263
Q_ind_208_anc_8-7,0.000424,0.000000,0.000000,0.004962
Q_ind_209_anc_8-7,0.001387,0.000000,0.000000,0.020054
Q_ind_210_anc_8-7,0.000236,0.000000,0.000000,0.002675
Q_ind_211_anc_8-7,0.000175,0.000000,0.000000,0.001467
Q_ind_212_anc_8-7,0.000242,0.000000,0.000000,0.003316
Q_ind_213_anc_8-7,0.000125,0.000000,0.000000,0.001370
Q_ind_214_anc_8-7,0.000779,0.000000,0.000000,0.013319
Q_ind_215_anc_8-7,0.014870,0.000000,0.000000,0.076174
Q_ind_216_anc_8-7,0.000514,0.000000,0.000000,0.006727
Q_ind_217_anc_8-7,0.000068,0.000000,0.000000,0.000641
Q_ind_218_anc_8-7,0.000278,0.000000,0.000000,0.003065
Q_ind_219_anc_8-7,0.000137,0.000000,0.000000,0.001111
Q_ind_220_anc_8-7,0.000363,0.000000,0.000000,0.004416
Q_ind_221_anc_8-7,0.000825,0.000000,0.000000,0.013090
Q_ind_222_anc_8-7,0.000238,0.000000,0.000000,0.003135
Q_ind_223_anc_8-7,0.000254,0.000000,0.000000,0.002287
Q_ind_224_anc_8-7,0.000150,0.000000,0.000000,0.001697
Q_ind_225_anc_8-7,0.000813,0.000000,0.000000,0.007977
Q_ind_226_anc_8-7,0.000139,0.000000,0.000000,0.001337
Q_ind_227_anc_8-7,0.000587,0.000000,0.000000,0.005148
Q_ind_228_anc_8-7,0.002456,0.000000,0.000000,0.038986
Q_ind_229_anc_8-7,0.001362,0.000000,0.000000,0.019880
Q_ind_230_anc_8-7,0.000589,0.000000,0.000000,0.008705
Q_ind_231_anc_8-7,0.002835,0.000000,0.000000,0.047639
Q_ind_232_anc_8-7,0.000654,0.000000,0.000000,0.010052
Q_ind_233_anc_8-7,0.000590,0.000000,0.000000,0.006877
Q_ind_234_anc_8-7,0.000264,0.000000,0.000000,0.002949
Q_ind_235_anc_8-7,0.000110,0.000000,0.000000,0.000853
Q_ind_236_anc_8-7,0.000088,0.000000,0.000000,0.000869
Q_ind_237_anc_8-7,0.000205,0.000000,0.000000,0.001920
Q_ind_238_anc_8-7,0.000145,0.000000,0.000000,0.001240
Q_ind_239_anc_8-7,0.000110,0.000000,0.000000,0.001196
Q_ind_240_anc_8-7,0.000084,0.000000,0.000000,0.000760
Q_ind_241_anc_8-7,0.000196,0.000000,0.000000,0.002962
Q_ind_242_anc_8-7,0.001510,0.000000,0.000000,0.019147
Q_ind_243_anc_8-7,0.000086,0.000000,0.000000,0.000973
Q_ind_244_anc_8-7,0.000369,0.000000,0.000000,0.005326
Q_ind_245_anc_8-7,0.000167,0.000000,0.000000,0.001369
Q_ind_1_anc_8-8,0.000474,0.000000,0.000000,0.006272
Q_ind_2_anc_8-8,0.000344,0.000000,0.000000,0.004219
Q_ind_3_anc_8-8,0.072461,0.084474,0.000000,0.151183
Q_ind_4_anc_8-8,0.059339,0.062946,0.000000,0.160982
Q_ind_5_anc_8-8,0.000210,0.000000,0.000000,0.002993
Q_ind_6_anc_8-8,0.037062,0.023675,0.000000,0.116822
Q_ind_7_anc_8-8,0.027788,0.000000,0.000000,0.134321
Q_ind_8_anc_8-8,0.037412,0.034595,0.000000,0.110446
Q_ind_9_anc_8-8,0.055214,0.039271,0.000000,0.172736
Q_ind_10_anc_8-8,0.083366,0.102580,0.000000,0.169719
Q_ind_11_anc_8-8,0.072005,0.073225,0.000000,0.128568
Q_ind_12_anc_8-8,0.046864,0.028735,0.000000,0.144177
Q_ind_13_anc_8-8,0.000041,0.000000,0.000000,0.000395
Q_ind_14_anc_8-8,0.000167,0.000000,0.000000,0.001385
Q_ind_15_anc_8-8,0.000045,0.000000,0.000000,0.000517
Q_ind_16_anc_8-8,0.000195,0.000000,0.000000,0.002316
Q_ind_17_anc_8-8,0.000120,0.000000,0.000000,0.001234
Q_ind_18_anc_8-8,0.000161,0.000000,0.000000,0.001854
Q_ind_19_anc_8-8,0.000072,0.000000,0.000000,0.000659
Q_ind_20_anc_8-8,0.000049,0.000000,0.000000,0.000553
Q_ind_21_anc_8-8,0.000110,0.000000,0.000000,0.001044
Q_ind_22_anc_8-8,0.000256,0.000000,0.000000,0.002891
Q_ind_23_anc_8-8,0.000193,0.000000,0.000000,0.001625
Q_ind_24_anc_8-8,0.000257,0.000000,0.000000,0.002982
Q_ind_25_anc_8-8,0.002894,0.000000,0.000000,0.027241
Q_ind_26_anc_8-8,0.000128,0.000000,0.000000,0.001438
Q_ind_27_anc_8-8,0.000102,0.000000,0.000000,0.001228
Q_ind_28_anc_8-8,0.000116,0.000000,0.000000,0.001141
Q_ind_29_anc_8-8,0.000121,0.000000,0.000000,0.001387
Q_ind_30_anc_8-8,0.000133,0.000000,0.000000,0.001278
Q_ind_31_anc_8-8,0.000137,0.000000,0.000000,0.001224
Q_ind_32_anc_8-8,0.000337,0.000000,0.000000,0.002451
Q_ind_33_anc_8-8,0.000352,0.000000,0.000000,0.004175
Q_ind_34_anc_8-8,0.000268,0.000000,0.000000,0.002489
Q_ind_35_anc_8-8,0.000127,0.000000,0.000000,0.001047
Q_ind_36_anc_8-8,0.000062,0.000000,0.000000,0.000484
Q_ind_37_anc_8-8,0.001504,0.000000,0.000000,0.024022
Q_ind_38_anc_8-8,0.000104,0.000000,0.000000,0.000954
Q_ind_39_anc_8-8,0.000046,0.000000,0.000000,0.000418
Q_ind_40_anc_8-8,0.000212,0.000000,0.000000,0.002490
Q_ind_41_anc_8-8,0.000173,0.000000,0.000000,0.001856
Q_ind_42_anc_8-8,0.000227,0.000000,0.000000,0.002323
Q_ind_43_anc_8-8,0.000266,0.000000,0.000000,0.003460
Q_ind_44_anc_8-8,0.000129,0.000000,0.000000,0.001417
Q_ind_45_anc_8-8,0.000274,0.000000,0.000000,0.003160
Q_ind_46_anc_8-8,0.000096,0.000000,0.000000,0.001032
Q_ind_47_anc_8-8,0.000066,0.000000,0.000000,0.000646
Q_ind_48_anc_8-8,0.000139,0.000000,0.000000,0.001551
Q_ind_49_anc_8-8,0.000115,0.000000,0.000000,0.001056
Q_ind_50_anc_8-8,0.000057,0.000000,0.000000,0.000573
Q_ind_51_anc_8-8,0.000073,0.000000,0.000000,0.000817
Q_ind_52_anc_8-8,0.000048,0.000000,0.000000,0.000437
Q_ind_53_anc_8-8,0.000102,0.000000,0.000000,0.001119
Q_ind_54_anc_8-8,0.000067,0.000000,0.000000,0.000597
Q_ind_55_anc_8-8,0.000041,0.000000,0.000000,0.000370
Q_ind_56_anc_8-8,0.000067,0.000000,0.000000,0.000802
Q_ind_57_anc_8-8,0.000090,0.000000,0.000000,0.000845
Q_ind_58_anc_8-8,0.000046,0.000000,0.000000,0.000472
Q_ind_59_anc_8-8,0.000146,0.000000,0.000000,0.001235
Q_ind_60_anc_8-8,0.000079,0.000000,0.000000,0.000782
Q_ind_61_anc_8-8,0.000094,0.000000,0.000000,0.000764
Q_ind_62_anc_8-8,0.000130,0.000000,0.000000,0.001329
Q_ind_63_anc_8-8,0.012994,0.001767,0.000000,0.046231
Q_ind_64_anc_8-8,0.000906,0.000000,0.000000,0.014150
Q_ind_65_anc_8-8,0.006195,0.000000,0.000000,0.038190
Q_ind_66_anc_8-8,0.021383,0.023163,0.000000,0.050029
Q_ind_67_anc_8-8,0.002504,0.000000,0.000000,0.035955
Q_ind_68_anc_8-8,0.000141,0.000000,0.000000,0.001477
Q_ind_69_anc_8-8,0.000075,0.000000,0.000000,0.000610
Q_ind_70_anc_8-8,0.000046,0.000000,0.000000,0.000369
Q_ind_71_anc_8-8,0.000409,0.000000,0.000000,0.004911
Q_ind_72_anc_8-8,0.000120,0.000000,0.000000,0.001035
Q_ind_73_anc_8-8,0.000196,0.000000,0.000000,0.002244
Q_ind_74_anc_8-8,0.000074,0.000000,0.000000,0.000704
Q_ind_75_anc_8-8,0.000058,0.000000,0.000000,0.000640
Q_ind_76_anc_8-8,0.000095,0.000000,0.000000,0.000926
Q_ind_77_anc_8-8,0.022480,0.011355,0.000000,0.075874
Q_ind_78_anc_8-8,0.002170,0.000000,0.000000,0.026041
Q_ind_79_anc_8-8,0.003628,0.000000,0.000000,0.039871
Q_ind_80_anc_8-8,0.000263,0.000000,0.000000,0.002746
Q_ind_81_anc_8-8,0.000193,0.000000,0.000000,0.001361
Q_ind_82_anc_8-8,0.009408,0.000000,0.000000,0.062675
Q_ind_83_anc_8-8,0.003467,0.000000,0.000000,0.043099
Q_ind_84_anc_8-8,0.032735,0.037182,0.000000,0.081269
Q_ind_85_anc_8-8,0.000861,0.000000,0.000000,0.012926
Q_ind_86_anc_8-8,0.000217,0.000000,0.000000,0.002759
Q_ind_87_anc_8-8,0.000984,0.000000,0.000000,0.016159
Q_ind_88_anc_8-8,0.000338,0.000000,0.000000,0.001569
Q_ind_89_anc_8-8,0.000231,0.000000,0.000000,0.003271
Q_ind_90_anc_8-8,0.000159,0.000000,0.000000,0.001636
Q_ind_91_anc_8-8,0.000136,0.000000,0.000000,0.001561
Q_ind_92_anc_8-8,0.000248,0.000000,0.000000,0.002513
Q_ind_93_anc_8-8,0.000226,0.000000,0.000000,0.002437
Q_ind_94_anc_8-8,0.000108,0.000000,0.000000,0.000985
Q_ind_95_anc_8-8,0.000330,0.000000,0.000000,0.004421
Q_ind_96_anc_8-8,0.000544,0.000000,0.000000,0.006813
Q_ind_97_anc_8-8,0.000118,0.000000,0.000000,0.000882
Q_ind_98_anc_8-8,0.000038,0.000000,0.000000,0.000369
Q_ind_99_anc_8-8,0.000050,0.000000,0.000000,0.000482
Q_ind_100_anc_8-8,0.000131,0.000000,0.000000,0.001620
Q_ind_101_anc_8-8,0.000059,0.000000,0.000000,0.000560
Q_ind_102_anc_8-8,0.000025,0.000000,0.000000,0.000218
Q_ind_103_anc_8-8,0.000137,0.000000,0.000000,0.001108
Q_ind_104_anc_8-8,0.000066,0.000000,0.000000,0.000615
Q_ind_105_anc_8-8,0.000041,0.000000,0.000000,0.000380
Q_ind_106_anc_8-8,0.000262,0.000000,0.000000,0.002559
Q_ind_107_anc_8-8,0.001065,0.000000,0.000000,0.014162
Q_ind_108_anc_8-8,0.000518,0.000000,0.000000,0.006383
Q_ind_109_anc_8-8,0.007565,0.000000,0.000000,0.066963
Q_ind_110_anc_8-8,0.001376,0.000000,0.000000,0.019495
Q_ind_111_anc_8-8,0.000802,0.000000,0.000000,0.007727
Q_ind_112_anc_8-8,0.000068,0.000000,0.000000,0.000726
Q_ind_113_anc_8-8,0.000238,0.000000,0.000000,0.002708
Q_ind_114_anc_8-8,0.003867,0.000000,0.000000,0.046302
Q_ind_115_anc_8-8,0.000108,0.000000,0.000000,0.001092
Q_ind_116_anc_8-8,0.000278,0.000000,0.000000,0.003382
Q_ind_117_anc_8-8,0.000106,0.000000,0.000000,0.000788
Q_ind_118_anc_8-8,0.000085,0.000000,0.000000,0.000876
Q_ind_119_anc_8-8,0.000156,0.000000,0.000000,0.001740
Q_ind_120_anc_8-8,0.000065,0.000000,0.000000,0.000846
Q_ind_121_anc_8-8,0.000433,0.000000,0.000000,0.005811
Q_ind_122_anc_8-8,0.000072,0.000000,0.000000,0.000753
Q_ind_123_anc_8-8,0.000216,0.000000,0.000000,0.002758
Q_ind_124_anc_8-8,0.000106,0.000000,0.000000,0.001036
Q_ind_125_anc_8-8,0.002996,0.000000,0.000000,0.036692
Q_ind_126_anc_8-8,0.003252,0.000000,0.000000,0.037238
Q_ind_127_anc_8-8,0.000824,0.000000,0.000000,0.012044
Q_ind_128_anc_8-8,0.000364,0.000000,0.000000,0.004417
Q_ind_129_anc_8-8,0.000281,0.000000,0.000000,0.002984
Q_ind_130_anc_8-8,0.000315,0.000000,0.000000,0.003923
Q_ind_131_anc_8-8,0.000133,0.000000,0.000000,0.001225
Q_ind_132_anc_8-8,0.000037,0.000000,0.000000,0.000380
Q_ind_133_anc_8-8,0.000153,0.000000,0.000000,0.001512
Q_ind_134_anc_8-8,0.003061,0.000000,0.000000,0.028219
Q_ind_135_anc_8-8,0.000962,0.000000,0.000000,0.013266
Q_ind_136_anc_8-8,0.000147,0.000000,0.000000,0.001212
Q_ind_137_anc_8-8,0.000165,0.000000,0.000000,0.001317
Q_ind_138_anc_8-8,0.000080,0.000000,0.000000,0.000616
Q_ind_139_anc_8-8,0.000198,0.000000,0.000000,0.002501
Q_ind_140_anc_8-8,0.000430,0.000000,0.000000,0.006106
Q_ind_141_anc_8-8,0.000192,0.000000,0.000000,0.002292
Q_ind_142_anc_8-8,0.000031,0.000000,0.000000,0.000274
Q_ind_143_anc_8-8,0.002002,0.000000,0.000000,0.026935
Q_ind_144_anc_8-8,0.000135,0.000000,0.000000,0.001668
Q_ind_145_anc_8-8,0.002685,0.000000,0.000000,0.027363
Q_ind_146_anc_8-8,0.000354,0.000000,0.000000,0.005323
Q_ind_147_anc_8-8,0.003785,0.000000,0.000000,0.027050
Q_ind_148_anc_8-8,0.003804,0.000000,0.000000,0.038448
Q_ind_149_anc_8-8,0.000077,0.000000,0.000000,0.000725
Q_ind_150_anc_8-8,0.001174,0.000000,0.000000,0.017733
Q_ind_151_anc_8-8,0.000243,0.000000,0.000000,0.003145
Q_ind_152_anc_8-8,0.002399,0.000000,0.000000,0.020990
Q_ind_153_anc_8-8,0.000133,0.000000,0.000000,0.001602
Q_ind_154_anc_8-8,0.003140,0.000000,0.000000,0.028721
Q_ind_155_anc_8-8,0.000057,0.000000,0.000000,0.000596
Q_ind_156_anc_8-8,0.087855,0.101936,0.000000,0.165691
Q_ind_157_anc_8-8,0.148370,0.157465,0.000000,0.226245
Q_ind_158_anc_8-8,0.093455,0.103136,0.000000,0.162756
Q_ind_159_anc_8-8,0.082934,0.087601,0.000000,0.152716
Q_ind_160_anc_8-8,0.081978,0.088704,0.000000,0.156095
Q_ind_161_anc_8-8,0.060468,0.063081,0.000000,0.126809
Q_ind_162_anc_8-8,0.111027,0.117879,0.000000,0.184660
Q_ind_163_anc_8-8,0.157211,0.167126,0.000000,0.241646
Q_ind_164_anc_8-8,0.090800,0.108580,0.000000,0.176761
Q_ind_165_anc_8-8,0.002629,0.000000,0.000000,0.032603
Q_ind_166_anc_8-8,0.002084,0.000000,0.000000,0.026942
Q_ind_167_anc_8-8,0.013553,0.000000,0.000000,0.082529
Q_ind_168_anc_8-8,0.000071,0.000000,0.000000,0.000618
Q_ind_169_anc_8-8,0.000035,0.000000,0.000000,0.000324
Q_ind_170_anc_8-8,0.000486,0.000000,0.000000,0.007456
Q_ind_171_anc_8-8,0.000682,0.000000,0.000000,0.009750
Q_ind_172_anc_8-8,0.000075,0.000000,0.000000,0.000671
Q_ind_173_anc_8-8,0.000044,0.000000,0.000000,0.000436
Q_ind_174_anc_8-8,0.000065,0.000000,0.000000,0.000644
Q_ind_175_anc_8-8,0.000055,0.000000,0.000000,0.000378
Q_ind_176_anc_8-8,0.000094,0.000000,0.000000,0.000968
Q_ind_177_anc_8-8,0.000706,0.000000,0.000000,0.010054
Q_ind_178_anc_8-8,0.000383,0.000000,0.000000,0.003291
Q_ind_179_anc_8-8,0.000432,0.000000,0.000000,0.005765
Q_ind_180_anc_8-8,0.002504,0.000000,0.000000,0.031741
Q_ind_181_anc_8-8,0.001697,0.000000,0.000000,0.023567
Q_ind_182_anc_8-8,0.018476,0.000000,0.000000,0.087033
Q_ind_183_anc_8-8,0.000773,0.000000,0.000000,0.010198
Q_ind_184_anc_8-8,0.000327,0.000000,0.000000,0.003614
Q_ind_185_anc_8-8,0.000384,0.000000,0.000000,0.005003
Q_ind_186_anc_8-8,0.000230,0.000000,0.000000,0.002905
Q_ind_187_anc_8-8,0.000388,0.000000,0.000000,0.005249
Q_ind_188_anc_8-8,0.000102,0.000000,0.000000,0.001155
Q_ind_189_anc_8-8,0.000638,0.000000,0.000000,0.008671
Q_ind_190_anc_8-8,0.000138,0.000000,0.000000,0.001420
Q_ind_191_anc_8-8,0.000256,0.000000,0.000000,0.002892
Q_ind_192_anc_8-8,0.000081,0.000000,0.000000,0.000794
Q_ind_193_anc_8-8,0.000142,0.000000,0.000000,0.001527
Q_ind_194_anc_8-8,0.000033,0.000000,0.000000,0.000319
Q_ind_195_anc_8-8,0.000130,0.000000,0.000000,0.001312
Q_ind_196_anc_8-8,0.000047,0.000000,0.000000,0.000467
Q_ind_197_anc_8-8,0.000033,0.000000,0.000000,0.000331
Q_ind_198_anc_8-8,0.000032,0.000000,0.000000,0.000269
Q_ind_199_anc_8-8,0.000103,0.000000,0.000000,0.000816
Q_ind_200_anc_8-8,0.000059,0.000000,0.000000,0.000548
Q_ind_201_anc_8-8,0.000029,0.000000,0.000000,0.000210
Q_ind_202_anc_8-8,0.000235,0.000000,0.000000,0.002582
Q_ind_203_anc_8-8,0.055937,0.053596,0.000000,0.166114
Q_ind_204_anc_8-8,0.054284,0.055118,0.000000,0.155134
Q_ind_205_anc_8-8,0.060710,0.064763,0.000000,0.152213
Q_ind_206_anc_8-8,0.038957,0.037282,0.000000,0.111454
Q_ind_207_anc_8-8,0.062237,0.070682,0.000000,0.148872
Q_ind_208_anc_8-8,0.000070,0.000000,0.000000,0.000517
Q_ind_209_anc_8-8,0.010600,0.000000,0.000000,0.078183
Q_ind_210_anc_8-8,0.008054,0.000000,0.000000,0.062048
Q_ind_211_anc_8-8,0.014230,0.000000,0.000000,0.120208
Q_ind_212_anc_8-8,0.000029,0.000000,0.000000,0.000280
Q_ind_213_anc_8-8,0.000135,0.000000,0.000000,0.001188
Q_ind_214_anc_8-8,0.000141,0.000000,0.000000,0.001342
Q_ind_215_anc_8-8,0.000460,0.000000,0.000000,0.005999
Q_ind_216_anc_8-8,0.001332,0.000000,0.000000,0.018088
Q_ind_217_anc_8-8,0.000167,0.000000,0.000000,0.001375
Q_ind_218_anc_8-8,0.000074,0.000000,0.000000,0.000643
Q_ind_219_anc_8-8,0.000103,0.000000,0.000000,0.000982
Q_ind_220_anc_8-8,0.000142,0.000000,0.000000,0.001664
Q_ind_221_anc_8-8,0.000070,0.000000,0.000000,0.000563
Q_ind_222_anc_8-8,0.000454,0.000000,0.000000,0.006566
Q_ind_223_anc_8-8,0.000054,0.000000,0.000000,0.000440
Q_ind_224_anc_8-8,0.000057,0.000000,0.000000,0.000659
Q_ind_225_anc_8-8,0.155334,0.156239,0.089929,0.217985
Q_ind_226_anc_8-8,0.000083,0.000000,0.000000,0.000735
Q_ind_227_anc_8-8,0.097398,0.101693,0.000000,0.163838
Q_ind_228_anc_8-8,0.102656,0.108731,0.000000,0.175449
Q_ind_229_anc_8-8,0.157326,0.158180,0.070247,0.241118
Q_ind_230_anc_8-8,0.128552,0.129844,0.058871,0.189630
Q_ind_231_anc_8-8,0.000066,0.000000,0.000000,0.000641
Q_ind_232_anc_8-8,0.001975,0.000000,0.000000,0.028415
Q_ind_233_anc_8-8,0.130735,0.132464,0.058681,0.197309
Q_ind_234_anc_8-8,0.000125,0.000000,0.000000,0.001227
Q_ind_235_anc_8-8,0.000137,0.000000,0.000000,0.001385
Q_ind_236_anc_8-8,0.000160,0.000000,0.000000,0.001544
Q_ind_237_anc_8-8,0.000199,0.000000,0.000000,0.002217
Q_ind_238_anc_8-8,0.000067,0.000000,0.000000,0.000654
Q_ind_239_anc_8-8,0.000076,0.000000,0.000000,0.000719
Q_ind_240_anc_8-8,0.000095,0.000000,0.000000,0.000922
Q_ind_241_anc_8-8,0.000197,0.000000,0.000000,0.002007
Q_ind_242_anc_8-8,0.000524,0.000000,0.000000,0.008103
Q_ind_243_anc_8-8,0.000063,0.000000,0.000000,0.000507
Q_ind_244_anc_8-8,0.000168,0.000000,0.000000,0.002063
Q_ind_245_anc_8-8,0.000072,0.000000,0.000000,0.000676
Q_ind_1_anc_9-1,0.000090,0.000000,0.000000,0.000732
Q_ind_2_anc_9-1,0.000142,0.000000,0.000000,0.001484
Q_ind_3_anc_9-1,0.000175,0.000000,0.000000,0.001460
Q_ind_4_anc_9-1,0.000100,0.000000,0.000000,0.000860
Q_ind_5_anc_9-1,0.000098,0.000000,0.000000,0.000923
Q_ind_6_anc_9-1,0.000651,0.000000,0.000000,0.009889
Q_ind_7_anc_9-1,0.000128,0.000000,0.000000,0.000994
Q_ind_8_anc_9-1,0.000727,0.000000,0.000000,0.010913
Q_ind_9_anc_9-1,0.000230,0.000000,0.000000,0.002470
Q_ind_10_anc_9-1,0.000104,0.000000,0.000000,0.001015
Q_ind_11_anc_9-1,0.000265,0.000000,0.000000,0.001822
Q_ind_12_anc_9-1,0.000680,0.000000,0.000000,0.010739
Q_ind_13_anc_9-1,0.001122,0.000000,0.000000,0.017157
Q_ind_14_anc_9-1,0.000765,0.000000,0.000000,0.010921
Q_ind_15_anc_9-1,0.000155,0.000000,0.000000,0.001755
Q_ind_16_anc_9-1,0.000554,0.000000,0.000000,0.006818
Q_ind_17_anc_9-1,0.000783,0.000000,0.000000,0.010243
Q_ind_18_anc_9-1,0.092244,0.113344,0.000000,0.223381
Q_ind_19_anc_9-1,0.000298,0.000000,0.000000,0.002578
Q_ind_20_anc_9-1,0.022860,0.000000,0.000000,0.194504
Q_ind_21_anc_9-1,0.005466,0.000000,0.000000,0.064327
Q_ind_22_anc_9-1,0.000233,0.000000,0.000000,0.003149
Q_ind_23_anc_9-1,0.000216,0.000000,0.000000,0.002814
Q_ind_24_anc_9-1,0.001101,0.000000,0.000000,0.017468
Q_ind_25_anc_9-1,0.000642,0.000000,0.000000,0.006160
Q_ind_26_anc_9-1,0.000213,0.000000,0.000000,0.002301
Q_ind_27_anc_9-1,0.000356,0.000000,0.000000,0.003341
Q_ind_28_anc_9-1,0.000728,0.000000,0.000000,0.009100
Q_ind_29_anc_9-1,0.002987,0.000000,0.000000,0.045589
Q_ind_30_anc_9-1,0.000352,0.000000,0.000000,0.004235
Q_ind_31_anc_9-1,0.000171,0.000000,0.000000,0.001621
Q_ind_32_anc_9-1,0.000759,0.000000,0.000000,0.010271
Q_ind_33_anc_9-1,0.000173,0.000000,0.000000,0.001537
Q_ind_34_anc_9-1,0.000112,0.000000,0.000000,0.000771
Q_ind_35_anc_9-1,0.000521,0.000000,0.000000,0.007143
Q_ind_36_anc_9-1,0.000076,0.000000,0.000000,0.000586
Q_ind_37_anc_9-1,0.000280,0.000000,0.000000,0.003065
Q_ind_38_anc_9-1,0.000082,0.000000,0.000000,0.000674
Q_ind_39_anc_9-1,0.000283,0.000000,0.000000,0.002976
Q_ind_40_anc_9-1,0.000805,0.000000,0.000000,0.008719
Q_ind_41_anc_9-1,0.000331,0.000000,0.000000,0.003245
Q_ind_42_anc_9-1,0.000129,0.000000,0.000000,0.001149
Q_ind_43_anc_9-1,0.000304,0.000000,0.000000,0.003249
Q_ind_44_anc_9-1,0.001203,0.000000,0.000000,0.017378
Q_ind_45_anc_9-1,0.001430,0.000000,0.000000,0.019774
Q_ind_46_anc_9-1,0.000703,0.000000,0.000000,0.006877
Q_ind_47_anc_9-1,0.001771,0.000000,0.000000,0.023779
Q_ind_48_anc_9-1,0.000291,0.000000,0.000000,0.003253
Q_ind_49_anc_9-1,0.001668,0.000000,0.000000,0.017502
Q_ind_50_anc_9-1,0.000569,0.000000,0.000000,0.008218
Q_ind_51_anc_9-1,0.000340,0.000000,0.000000,0.001946
Q_ind_52_anc_9-1,0.000385,0.000000,0.000000,0.003752
Q_ind_53_anc_9-1,0.000751,0.000000,0.000000,0.010667
Q_ind_54_anc_9-1,0.001316,0.000000,0.000000,0.022025
Q_ind_55_anc_9-1,0.000475,0.000000,0.000000,0.005036
Q_ind_56_anc_9-1,0.000249,0.000000,0.000000,0.002765
Q_ind_57_anc_9-1,0.000294,0.000000,0.000000,0.002610
Q_ind_58_anc_9-1,0.000185,0.000000,0.000000,0.001794
Q_ind_59_anc_9-1,0.001681,0.000000,0.000000,0.027387
Q_ind_60_anc_9-1,0.000703,0.000000,0.000000,0.010486
Q_ind_61_anc_9-1,0.000339,0.000000,0.000000,0.003940
Q_ind_62_anc_9-1,0.000980,0.000000,0.000000,0.014274
Q_ind_63_anc_9-1,0.000119,0.000000,0.000000,0.001310
Q_ind_64_anc_9-1,0.000122,0.000000,0.000000,0.001310
Q_ind_65_anc_9-1,0.000086,0.000000,0.000000,0.000884
Q_ind_66_anc_9-1,0.000164,0.000000,0.000000,0.001975
Q_ind_67_anc_9-1,0.000107,0.000000,0.000000,0.000767
Q_ind_68_anc_9-1,0.000220,0.000000,0.000000,0.001874
Q_ind_69_anc_9-1,0.000227,0.000000,0.000000,0.002094
Q_ind_70_anc_9-1,0.000842,0.000000,0.000000,0.011351
Q_ind_71_anc_9-1,0.001731,0.000000,0.000000,0.025737
Q_ind_72_anc_9-1,0.000410,0.000000,0.000000,0.002914
Q_ind_73_anc_9-1,0.000674,0.000000,0.000000,0.007494
Q_ind_74_anc_9-1,0.001391,0.000000,0.000000,0.020505
Q_ind_75_anc_9-1,0.000727,0.000000,0.000000,0.009516
Q_ind_76_anc_9-1,0.000363,0.000000,0.000000,0.004207
Q_ind_77_anc_9-1,0.000103,0.000000,0.000000,0.001011
Q_ind_78_anc_9-1,0.000190,0.000000,0.000000,0.001703
Q_ind_79_anc_9-1,0.002480,0.000000,0.000000,0.027567
Q_ind_80_anc_9-1,0.000427,0.000000,0.000000,0.005227
Q_ind_81_anc_9-1,0.000246,0.000000,0.000000,0.001408
Q_ind_82_anc_9-1,0.000327,0.000000,0.000000,0.004492
Q_ind_83_anc_9-1,0.000372,0.000000,0.000000,0.004638
Q_ind_84_anc_9-1,0.000352,0.000000,0.000000,0.004746
Q_ind_85_anc_9-1,0.000527,0.000000,0.000000,0.005368
Q_ind_86_anc_9-1,0.000183,0.000000,0.000000,0.001755
Q_ind_87_anc_9-1,0.000225,0.000000,0.000000,0.001715
Q_ind_88_anc_9-1,0.002366,0.000000,0.000000,0.038266
Q_ind_89_anc_9-1,0.000719,0.000000,0.000000,0.010160
Q_ind_90_anc_9-1,0.000808,0.000000,0.000000,0.006798
Q_ind_91_anc_9-1,0.000461,0.000000,0.000000,0.002797
Q_ind_92_anc_9-1,0.000541,0.000000,0.000000,0.005697
Q_ind_93_anc_9-1,0.000609,0.000000,0.000000,0.005757
Q_ind_94_anc_9-1,0.007392,0.000000,0.000000,0.109441
Q_ind_95_anc_9-1,0.008379,0.000000,0.000000,0.089220
Q_ind_96_anc_9-1,0.000263,0.000000,0.000000,0.001640
Q_ind_97_anc_9-1,0.001347,0.000000,0.000000,0.019906
Q_ind_98_anc_9-1,0.039694,0.000000,0.000000,0.224770
Q_ind_99_anc_9-1,0.000321,0.000000,0.000000,0.002404
Q_ind_100_anc_9-1,0.000291,0.000000,0.000000,0.004161
Q_ind_101_anc_9-1,0.001130,0.000000,0.000000,0.013987
Q_ind_102_anc_9-1,0.000117,0.000000,0.000000,0.001249
Q_ind_103_anc_9-1,0.000321,0.000000,0.000000,0.003415
Q_ind_104_anc_9-1,0.000083,0.000000,0.000000,0.000844
Q_ind_105_anc_9-1,0.000622,0.000000,0.000000,0.007201
Q_ind_106_anc_9-1,0.003279,0.000000,0.000000,0.043044
Q_ind_107_anc_9-1,0.000170,0.000000,0.000000,0.001767
Q_ind_108_anc_9-1,0.000484,0.000000,0.000000,0.005711
Q_ind_109_anc_9-1,0.001584,0.000000,0.000000,0.013789
Q_ind_110_anc_9-1,0.001012,0.000000,0.000000,0.014749
Q_ind_111_anc_9-1,0.000529,0.000000,0.000000,0.007513
Q_ind_112_anc_9-1,0.018156,0.000000,0.000000,0.122115
Q_ind_113_anc_9-1,0.000235,0.000000,0.000000,0.002944
Q_ind_114_anc_9-1,0.004842,0.000000,0.000000,0.060064
Q_ind_115_anc_9-1,0.000459,0.000000,0.000000,0.005698
Q_ind_116_anc_9-1,0.000309,0.000000,0.000000,0.003061
Q_ind_117_anc_9-1,0.000449,0.000000,0.000000,0.005274
Q_ind_118_anc_9-1,0.001485,0.000000,0.000000,0.025224
Q_ind_119_anc_9-1,0.001389,0.000000,0.000000,0.023528
Q_ind_120_anc_9-1,0.000390,0.000000,0.000000,0.003933
Q_ind_121_anc_9-1,0.001007,0.000000,0.000000,0.013004
Q_ind_122_anc_9-1,0.000155,0.000000,0.000000,0.000975
Q_ind_123_anc_9-1,0.000568,0.000000,0.000000,0.007153
Q_ind_124_anc_9-1,0.040856,0.000000,0.000000,0.203333
Q_ind_125_anc_9-1,0.000273,0.000000,0.000000,0.003655
Q_ind_126_anc_9-1,0.000630,0.000000,0.000000,0.006895
Q_ind_127_anc_9-1,0.001601,0.000000,0.000000,0.022333
Q_ind_128_anc_9-1,0.000841,0.000000,0.000000,0.010234
Q_ind_129_anc_9-1,0.001151,0.000000,0.000000,0.017012
Q_ind_130_anc_9-1,0.001221,0.000000,0.000000,0.018241
Q_ind_131_anc_9-1,0.000197,0.000000,0.000000,0.001601
Q_ind_132_anc_9-1,0.000099,0.000000,0.000000,0.000960
Q_ind_133_anc_9-1,0.000141,0.000000,0.000000,0.001577
Q_ind_134_anc_9-1,0.001325,0.000000,0.000000,0.017813
Q_ind_135_anc_9-1,0.000137,0.000000,0.000000,0.001178
Q_ind_136_anc_9-1,0.000915,0.000000,0.000000,0.012141
Q_ind_137_anc_9-1,0.001070,0.000000,0.000000,0.014824
Q_ind_138_anc_9-1,0.000113,0.000000,0.000000,0.001237
Q_ind_139_anc_9-1,0.000201,0.000000,0.000000,0.002575
Q_ind_140_anc_9-1,0.004683,0.000000,0.000000,0.060710
Q_ind_141_anc_9-1,0.006725,0.000000,0.000000,0.050009
Q_ind_142_anc_9-1,0.000172,0.000000,0.000000,0.001884
Q_ind_143_anc_9-1,0.000421,0.000000,0.000000,0.005256
Q_ind_144_anc_9-1,0.000844,0.000000,0.000000,0.011811
Q_ind_145_anc_9-1,0.000061,0.000000,0.000000,0.000472
Q_ind_146_anc_9-1,0.001733,0.000000,0.000000,0.027889
Q_ind_147_anc_9-1,0.000187,0.000000,0.000000,0.001425
Q_ind_148_anc_9-1,0.000472,0.000000,0.000000,0.006101
Q_ind_149_anc_9-1,0.000624,0.000000,0.000000,0.007046
Q_ind_150_anc_9-1,0.000420,0.000000,0.000000,0.006005
Q_ind_151_anc_9-1,0.000113,0.000000,0.000000,0.000928
Q_ind_152_anc_9-1,0.000165,0.000000,0.000000,0.001613
Q_ind_153_anc_9-1,0.000089,0.000000,0.000000,0.000630
Q_ind_154_anc_9-1,0.000797,0.000000,0.000000,0.010265
Q_ind_155_anc_9-1,0.000167,0.000000,0.000000,0.001715
Q_ind_156_anc_9-1,0.000232,0.000000,0.000000,0.001727
Q_ind_157_anc_9-1,0.000858,0.000000,0.000000,0.013103
Q_ind_158_anc_9-1,0.000339,0.000000,0.000000,0.003868
Q_ind_159_anc_9-1,0.000300,0.000000,0.000000,0.003189
Q_ind_160_anc_9-1,0.000111,0.000000,0.000000,0.001038
Q_ind_161_anc_9-1,0.000232,0.000000,0.000000,0.002539
Q_ind_162_anc_9-1,0.000101,0.000000,0.000000,0.000953
Q_ind_163_anc_9-1,0.000149,0.000000,0.000000,0.001475
Q_ind_164_anc_9-1,0.000222,0.000000,0.000000,0.002302
Q_ind_165_anc_9-1,0.000657,0.000000,0.000000,0.008045
Q_ind_166_anc_9-1,0.000297,0.000000,0.000000,0.001628
Q_ind_167_anc_9-1,0.000716,0.000000,0.000000,0.006725
Q_ind_168_anc_9-1,0.000213,0.000000,0.000000,0.002416
Q_ind_169_anc_9-1,0.000065,0.000000,0.000000,0.000722
Q_ind_170_anc_9-1,0.000128,0.000000,0.000000,0.001155
Q_ind_171_anc_9-1,0.000489,0.000000,0.000000,0.004938
Q_ind_172_anc_9-1,0.000677,0.000000,0.000000,0.009367
Q_ind_173_anc_9-1,0.000377,0.000000,0.000000,0.004308
Q_ind_174_anc_9-1,0.003756,0.000000,0.000000,0.078412
Q_ind_175_anc_9-1,0.000113,0.000000,0.000000,0.001365
Q_ind_176_anc_9-1,0.000540,0.000000,0.000000,0.007144
Q_ind_177_anc_9-1,0.000229,0.000000,0.000000,0.002334
Q_ind_178_anc_9-1,0.000299,0.000000,0.000000,0.003706
Q_ind_179_anc_9-1,0.000166,0.000000,0.000000,0.002070
Q_ind_180_anc_9-1,0.000134,0.000000,0.000000,0.001196
Q_ind_181_anc_9-1,0.010353,0.000000,0.000000,0.073469
Q_ind_182_anc_9-1,0.000132,0.000000,0.000000,0.001409
Q_ind_183_anc_9-1,0.000125,0.000000,0.000000,0.000936
Q_ind_184_anc_9-1,0.000164,0.000000,0.000000,0.001634
Q_ind_185_anc_9-1,0.000760,0.000000,0.000000,0.011325
Q_ind_186_anc_9-1,0.000665,0.000000,0.000000,0.007706
Q_ind_187_anc_9-1,0.000188,0.000000,0.000000,0.001837
Q_ind_188_anc_9-1,0.000525,0.000000,0.000000,0.005697
Q_ind_189_anc_9-1,0.000972,0.000000,0.000000,0.012520
Q_ind_190_anc_9-1,0.000463,0.000000,0.000000,0.005326
Q_ind_191_anc_9-1,0.000300,0.000000,0.000000,0.002917
Q_ind_192_anc_9-1,0.000190,0.000000,0.000000,0.001661
Q_ind_193_anc_9-1,0.000247,0.000000,0.000000,0.003135
Q_ind_194_anc_9-1,0.000025,0.000000,0.000000,0.000252
Q_ind_195_anc_9-1,0.000086,0.000000,0.000000,0.000967
Q_ind_196_anc_9-1,0.000058,0.000000,0.000000,0.000470
Q_ind_197_anc_9-1,0.000055,0.000000,0.000000,0.000453
Q_ind_198_anc_9-1,0.000063,0.000000,0.000000,0.000553
Q_ind_199_anc_9-1,0.000079,0.000000,0.000000,0.000740
Q_ind_200_anc_9-1,0.000091,0.000000,0.000000,0.000775
Q_ind_201_anc_9-1,0.000081,0.000000,0.000000,0.000687
Q_ind_202_anc_9-1,0.000065,0.000000,0.000000,0.000715
Q_ind_203_anc_9-1,0.000123,0.000000,0.000000,0.001132
Q_ind_204_anc_9-1,0.000778,0.000000,0.000000,0.008406
Q_ind_205_anc_9-1,0.000369,0.000000,0.000000,0.004813
Q_ind_206_anc_9-1,0.000282,0.000000,0.000000,0.002908
Q_ind_207_anc_9-1,0.000196,0.000000,0.000000,0.001909
Q_ind_208_anc_9-1,0.000110,0.000000,0.000000,0.001032
Q_ind_209_anc_9-1,0.000065,0.000000,0.000000,0.000765
Q_ind_210_anc_9-1,0.000175,0.000000,0.000000,0.001485
Q_ind_211_anc_9-1,0.000463,0.000000,0.000000,0.004918
Q_ind_212_anc_9-1,0.000258,0.000000,0.000000,0.002905
Q_ind_213_anc_9-1,0.002241,0.000000,0.000000,0.034638
Q_ind_214_anc_9-1,0.000207,0.000000,0.000000,0.002513
Q_ind_215_anc_9-1,0.000178,0.000000,0.000000,0.001679
Q_ind_216_anc_9-1,0.000210,0.000000,0.000000,0.001817
Q_ind_217_anc_9-1,0.000204,0.000000,0.000000,0.002333
Q_ind_218_anc_9-1,0.002449,0.000000,0.000000,0.036880
Q_ind_219_anc_9-1,0.001373,0.000000,0.000000,0.023281
Q_ind_220_anc_9-1,0.032331,0.013449,0.000000,0.105116
Q_ind_221_anc_9-1,0.013735,0.000000,0.000000,0.113813
Q_ind_222_anc_9-1,0.001029,0.000000,0.000000,0.015975
Q_ind_223_anc_9-1,0.000302,0.000000,0.000000,0.003831
Q_ind_224_anc_9-1,0.000186,0.000000,0.000000,0.001556
Q_ind_225_anc_9-1,0.003143,0.000000,0.000000,0.051739
Q_ind_226_anc_9-1,0.000238,0.000000,0.000000,0.002302
Q_ind_227_anc_9-1,0.001462,0.000000,0.000000,0.021323
Q_ind_228_anc_9-1,0.000597,0.000000,0.000000,0.006878
Q_ind_229_anc_9-1,0.005218,0.000000,0.000000,0.057756
Q_ind_230_anc_9-1,0.023363,0.000000,0.000000,0.107710
Q_ind_231_anc_9-1,0.000142,0.000000,0.000000,0.001438
Q_ind_232_anc_9-1,0.000280,0.000000,0.000000,0.002734
Q_ind_233_anc_9-1,0.006781,0.000000,0.000000,0.115025
Q_ind_234_anc_9-1,0.003913,0.000000,0.000000,0.061984
Q_ind_235_anc_9-1,0.002832,0.000000,0.000000,0.040596
Q_ind_236_anc_9-1,0.001358,0.000000,0.000000,0.021694
Q_ind_237_anc_9-1,0.008951,0.000000,0.000000,0.072738
Q_ind_238_anc_9-1,0.000367,0.000000,0.000000,0.004266
Q_ind_239_anc_9-1,0.032689,0.025721,0.000000,0.099985
Q_ind_240_anc_9-1,0.001933,0.000000,0.000000,0.030048
Q_ind_241_anc_9-1,0.003987,0.000000,0.000000,0.047482
Q_ind_242_anc_9-1,0.010085,0.000000,0.000000,0.063833
Q_ind_243_anc_9-1,0.000730,0.000000,0.000000,0.008074
Q_ind_244_anc_9-1,0.004683,0.000000,0.000000,0.058122
Q_ind_245_anc_9-1,0.004827,0.000000,0.000000,0.054135
Q_ind_1_anc_9-2,0.000119,0.000000,0.000000,0.001367
Q_ind_2_anc_9-2,0.000176,0.000000,0.000000,0.001403
Q_ind_3_anc_9-2,0.000134,0.000000,0.000000,0.001440
Q_ind_4_anc_9-2,0.000139,0.000000,0.000000,0.001481
Q_ind_5_anc_9-2,0.000604,0.000000,0.000000,0.008305
Q_ind_6_anc_9-2,0.000278,0.000000,0.000000,0.003703
Q_ind_7_anc_9-2,0.000061,0.000000,0.000000,0.000561
Q_ind_8_anc_9-2,0.000283,0.000000,0.000000,0.003424
Q_ind_9_anc_9-2,0.000149,0.000000,0.000000,0.001735
Q_ind_10_anc_9-2,0.000054,0.000000,0.000000,0.000522
Q_ind_11_anc_9-2,0.000125,0.000000,0.000000,0.001287
Q_ind_12_anc_9-2,0.000201,0.000000,0.000000,0.001934
Q_ind_13_anc_9-2,0.504709,0.499362,0.415399,0.613890
Q_ind_14_anc_9-2,0.383451,0.391024,0.249364,0.482541
Q_ind_15_anc_9-2,0.508434,0.509409,0.434744,0.578187
Q_ind_16_anc_9-2,0.444020,0.455532,0.305342,0.563465
Q_ind_17_anc_9-2,0.511023,0.510821,0.420789,0.603378
Q_ind_18_anc_9-2,0.395171,0.396264,0.285433,0.501878
Q_ind_19_anc_9-2,0.490562,0.487019,0.405767,0.586857
Q_ind_20_anc_9-2,0.397521,0.397590,0.318063,0.480019
Q_ind_21_anc_9-2,0.016104,0.000000,0.000000,0.080034
Q_ind_22_anc_9-2,0.006187,0.000000,0.000000,0.049708
Q_ind_23_anc_9-2,0.000383,0.000000,0.000000,0.005233
Q_ind_24_anc_9-2,0.004668,0.000000,0.000000,0.051979
Q_ind_25_anc_9-2,0.001681,0.000000,0.000000,0.024229
Q_ind_26_anc_9-2,0.000439,0.000000,0.000000,0.005227
Q_ind_27_anc_9-2,0.000687,0.000000,0.000000,0.008588
Q_ind_28_anc_9-2,0.001147,0.000000,0.000000,0.017778
Q_ind_29_anc_9-2,0.004531,0.000000,0.000000,0.045524
Q_ind_30_anc_9-2,0.002104,0.000000,0.000000,0.029612
Q_ind_31_anc_9-2,0.000210,0.000000,0.000000,0.001953
Q_ind_32_anc_9-2,0.000496,0.000000,0.000000,0.005918
Q_ind_33_anc_9-2,0.000298,0.000000,0.000000,0.003188
Q_ind_34_anc_9-2,0.000091,0.000000,0.000000,0.000855
Q_ind_35_anc_9-2,0.000722,0.000000,0.000000,0.010372
Q_ind_36_anc_9-2,0.000104,0.000000,0.000000,0.000982
Q_ind_37_anc_9-2,0.007957,0.000000,0.000000,0.048265
Q_ind_38_anc_9-2,0.000091,0.000000,0.000000,0.001018
Q_ind_39_anc_9-2,0.001823,0.000000,0.000000,0.025210
Q_ind_40_anc_9-2,0.000488,0.000000,0.000000,0.006236
Q_ind_41_anc_9-2,0.000120,0.000000,0.000000,0.000927
Q_ind_42_anc_9-2,0.361786,0.357291,0.270644,0.465552
Q_ind_43_anc_9-2,0.297327,0.284732,0.147465,0.473542
Q_ind_44_anc_9-2,0.350750,0.349487,0.219795,0.480384
Q_ind_45_anc_9-2,0.293841,0.281749,0.108127,0.491632
Q_ind_46_anc_9-2,0.398386,0.396923,0.310232,0.490201
Q_ind_47_anc_9-2,0.090905,0.078644,0.000000,0.269503
Q_ind_48_anc_9-2,0.395763,0.395133,0.307522,0.490705
Q_ind_49_anc_9-2,0.254403,0.251252,0.090288,0.424062
Q_ind_50_anc_9-2,0.400848,0.403477,0.266452,0.499148
Q_ind_51_anc_9-2,0.674127,0.671657,0.596780,0.767439
Q_ind_52_anc_9-2,0.697873,0.692614,0.615937,0.807382
Q_ind_53_anc_9-2,0.705812,0.699560,0.608811,0.837880
Q_ind_54_anc_9-2,0.703396,0.699901,0.617238,0.809925
Q_ind_55_anc_9-2,0.703005,0.693480,0.623896,0.820639
Q_ind_56_anc_9-2,0.694017,0.691794,0.615880,0.786774
Q_ind_57_anc_9-2,0.333572,0.333623,0.217080,0.448046
Q_ind_58_anc_9-2,0.691325,0.688111,0.607846,0.795692
Q_ind_59_anc_9-2,0.681319,0.676160,0.543138,0.833576
Q_ind_60_anc_9-2,0.661853,0.657612,0.579337,0.764680
Q_ind_61_anc_9-2,0.707094,0.699194,0.620875,0.826129
Q_ind_62_anc_9-2,0.695035,0.694397,0.583370,0.812640
Q_ind_63_anc_9-2,0.000063,0.000000,0.000000,0.000611
Q_ind_64_anc_9-2,0.000066,0.000000,0.000000,0.000600
Q_ind_65_anc_9-2,0.000131,0.000000,0.000000,0.001496
Q_ind_66_anc_9-2,0.000099,0.000000,0.000000,0.001003
Q_ind_67_anc_9-2,0.000081,0.000000,0.000000,0.000636
Q_ind_68_anc_9-2,0.000769,0.000000,0.000000,0.006575
Q_ind_69_anc_9-2,0.000198,0.000000,0.000000,0.001363
Q_ind_70_anc_9-2,0.001880,0.000000,0.000000,0.024161
Q_ind_71_anc_9-2,0.036533,0.000000,0.000000,0.168511
Q_ind_72_anc_9-2,0.038906,0.000008,0.000000,0.168598
Q_ind_73_anc_9-2,0.012099,0.000000,0.000000,0.111107
Q_ind_74_anc_9-2,0.000499,0.000000,0.000000,0.006873
Q_ind_75_anc_9-2,0.002110,0.000000,0.000000,0.037982
Q_ind_76_anc_9-2,0.004957,0.000000,0.000000,0.062203
Q_ind_77_anc_9-2,0.000139,0.000000,0.000000,0.000995
Q_ind_78_anc_9-2,0.000066,0.000000,0.000000,0.000491
Q_ind_79_anc_9-2,0.000956,0.000000,0.000000,0.014305
Q_ind_80_anc_9-2,0.000127,0.000000,0.000000,0.000981
Q_ind_81_anc_9-2,0.000579,0.000000,0.000000,0.008273
Q_ind_82_anc_9-2,0.000433,0.000000,0.000000,0.005620
Q_ind_83_anc_9-2,0.000163,0.000000,0.000000,0.001699
Q_ind_84_anc_9-2,0.000151,0.000000,0.000000,0.001826
Q_ind_85_anc_9-2,0.000269,0.000000,0.000000,0.003047
Q_ind_86_anc_9-2,0.000186,0.000000,0.000000,0.001849
Q_ind_87_anc_9-2,0.001002,0.000000,0.000000,0.013511
Q_ind_88_anc_9-2,0.016158,0.000000,0.000000,0.094288
Q_ind_89_anc_9-2,0.032909,0.030581,0.000000,0.096544
Q_ind_90_anc_9-2,0.040988,0.033952,0.000000,0.121599
Q_ind_91_anc_9-2,0.054914,0.065654,0.000000,0.128496
Q_ind_92_anc_9-2,0.021729,0.000000,0.000000,0.111027
Q_ind_93_anc_9-2,0.102201,0.102083,0.041620,0.159355
Q_ind_94_anc_9-2,0.019286,0.000000,0.000000,0.136372
Q_ind_95_anc_9-2,0.026720,0.000585,0.000000,0.095194
Q_ind_96_anc_9-2,0.430321,0.449673,0.247396,0.514459
Q_ind_97_anc_9-2,0.386978,0.404292,0.207232,0.473901
Q_ind_98_anc_9-2,0.250032,0.264084,0.107111,0.345529
Q_ind_99_anc_9-2,0.180097,0.203382,0.000000,0.284753
Q_ind_100_anc_9-2,0.278021,0.327379,0.000000,0.405514
Q_ind_101_anc_9-2,0.316353,0.344593,0.000000,0.412263
Q_ind_102_anc_9-2,0.319943,0.344757,0.114724,0.410414
Q_ind_103_anc_9-2,0.302580,0.323656,0.109218,0.395119
Q_ind_104_anc_9-2,0.240344,0.261827,0.045265,0.326159
Q_ind_105_anc_9-2,0.283693,0.285799,0.200396,0.354995
Q_ind_106_anc_9-2,0.393499,0.403791,0.248604,0.486373
Q_ind_107_anc_9-2,0.000263,0.000000,0.000000,0.002585
Q_ind_108_anc_9-2,0.000710,0.000000,0.000000,0.010069
Q_ind_109_anc_9-2,0.002165,0.000000,0.000000,0.030059
Q_ind_110_anc_9-2,0.009681,0.000000,0.000000,0.074895
Q_ind_111_anc_9-2,0.003707,0.000000,0.000000,0.062885
Q_ind_112_anc_9-2,0.028000,0.000000,0.000000,0.155060
Q_ind_113_anc_9-2,0.000183,0.000000,0.000000,0.002186
Q_ind_114_anc_9-2,0.033384,0.000039,0.000000,0.129535
Q_ind_115_anc_9-2,0.513826,0.526056,0.362032,0.610790
Q_ind_116_anc_9-2,0.470938,0.477011,0.350482,0.554244
Q_ind_117_anc_9-2,0.509510,0.523247,0.356589,0.600613
Q_ind_118_anc_9-2,0.482622,0.491948,0.359743,0.569199
Q_ind_119_anc_9-2,0.465739,0.477412,0.310417,0.561535
Q_ind_120_anc_9-2,0.463009,0.480225,0.289700,0.549341
Q_ind_121_anc_9-2,0.457911,0.470984,0.299544,0.549035
Q_ind_122_anc_9-2,0.477011,0.489975,0.323111,0.566757
Q_ind_123_anc_9-2,0.473239,0.487916,0.314784,0.562031
Q_ind_124_anc_9-2,0.571702,0.576992,0.463078,0.654321
Q_ind_125_anc_9-2,0.000173,0.000000,0.000000,0.001972
Q_ind_126_anc_9-2,0.001292,0.000000,0.000000,0.021907
Q_ind_127_anc_9-2,0.005177,0.000000,0.000000,0.050509
Q_ind_128_anc_9-2,0.000357,0.000000,0.000000,0.002836
Q_ind_129_anc_9-2,0.000216,0.000000,0.000000,0.001853
Q_ind_130_anc_9-2,0.001187,0.000000,0.000000,0.016562
Q_ind_131_anc_9-2,0.000251,0.000000,0.000000,0.002967
Q_ind_132_anc_9-2,0.000194,0.000000,0.000000,0.001454
Q_ind_133_anc_9-2,0.000268,0.000000,0.000000,0.002281
Q_ind_134_anc_9-2,0.017397,0.001610,0.000000,0.064029
Q_ind_135_anc_9-2,0.000894,0.000000,0.000000,0.012666
Q_ind_136_anc_9-2,0.011859,0.000000,0.000000,0.061983
Q_ind_137_anc_9-2,0.001096,0.000000,0.000000,0.016209
Q_ind_138_anc_9-2,0.000191,0.000000,0.000000,0.002044
Q_ind_139_anc_9-2,0.014951,0.000000,0.000000,0.072843
Q_ind_140_anc_9-2,0.022940,0.000000,0.000000,0.098658
Q_ind_141_anc_9-2,0.000272,0.000000,0.000000,0.002485
Q_ind_142_anc_9-2,0.093943,0.105920,0.000000,0.160271
Q_ind_143_anc_9-2,0.004147,0.000000,0.000000,0.043679
Q_ind_144_anc_9-2,0.000487,0.000000,0.000000,0.006312
Q_ind_145_anc_9-2,0.000085,0.000000,0.000000,0.000662
Q_ind_146_anc_9-2,0.000557,0.000000,0.000000,0.008261
Q_ind_147_anc_9-2,0.000213,0.000000,0.000000,0.002654
Q_ind_148_anc_9-2,0.000563,0.000000,0.000000,0.008308
Q_ind_149_anc_9-2,0.000185,0.000000,0.000000,0.001911
Q_ind_150_anc_9-2,0.000159,0.000000,0.000000,0.001800
Q_ind_151_anc_9-2,0.000099,0.000000,0.000000,0.000927
Q_ind_152_anc_9-2,0.000187,0.000000,0.000000,0.002182
Q_ind_153_anc_9-2,0.000046,0.000000,0.000000,0.000390
Q_ind_154_anc_9-2,0.000213,0.000000,0.000000,0.002445
Q_ind_155_anc_9-2,0.001053,0.000000,0.000000,0.015504
Q_ind_156_anc_9-2,0.000118,0.000000,0.000000,0.001244
Q_ind_157_anc_9-2,0.000902,0.000000,0.000000,0.013635
Q_ind_158_anc_9-2,0.000512,0.000000,0.000000,0.007703
Q_ind_159_anc_9-2,0.000109,0.000000,0.000000,0.001195
Q_ind_160_anc_9-2,0.000056,0.000000,0.000000,0.000583
Q_ind_161_anc_9-2,0.000064,0.000000,0.000000,0.000561
Q_ind_162_anc_9-2,0.000264,0.000000,0.000000,0.003275
Q_ind_163_anc_9-2,0.000090,0.000000,0.000000,0.000820
Q_ind_164_anc_9-2,0.000320,0.000000,0.000000,0.003487
Q_ind_165_anc_9-2,0.000745,0.000000,0.000000,0.008593
Q_ind_166_anc_9-2,0.000440,0.000000,0.000000,0.004413
Q_ind_167_anc_9-2,0.000696,0.000000,0.000000,0.009827
Q_ind_168_anc_9-2,0.004509,0.000000,0.000000,0.064526
Q_ind_169_anc_9-2,0.000584,0.000000,0.000000,0.008483
Q_ind_170_anc_9-2,0.000961,0.000000,0.000000,0.017042
Q_ind_171_anc_9-2,0.002310,0.000000,0.000000,0.032802
Q_ind_172_anc_9-2,0.002815,0.000000,0.000000,0.036560
Q_ind_173_anc_9-2,0.115050,0.114097,0.066771,0.172932
Q_ind_174_anc_9-2,0.003836,0.000000,0.000000,0.051448
Q_ind_175_anc_9-2,0.006307,0.000000,0.000000,0.055193
Q_ind_176_anc_9-2,0.002414,0.000000,0.000000,0.043402
Q_ind_177_anc_9-2,0.000251,0.000000,0.000000,0.002581
Q_ind_178_anc_9-2,0.000223,0.000000,0.000000,0.002966
Q_ind_179_anc_9-2,0.000194,0.000000,0.000000,0.002277
Q_ind_180_anc_9-2,0.000112,0.000000,0.000000,0.000868
Q_ind_181_anc_9-2,0.000887,0.000000,0.000000,0.013021
Q_ind_182_anc_9-2,0.000198,0.000000,0.000000,0.001801
Q_ind_183_anc_9-2,0.000108,0.000000,0.000000,0.001192
Q_ind_184_anc_9-2,0.001096,0.000000,0.000000,0.018080
Q_ind_185_anc_9-2,0.001404,0.000000,0.000000,0.022836
Q_ind_186_anc_9-2,0.001103,0.000000,0.000000,0.015775
Q_ind_187_anc_9-2,0.008628,0.000000,0.000000,0.090132
Q_ind_188_anc_9-2,0.014562,0.000000,0.000000,0.100861
Q_ind_189_anc_9-2,0.000497,0.000000,0.000000,0.005541
Q_ind_190_anc_9-2,0.014869,0.000000,0.000000,0.085913
Q_ind_191_anc_9-2,0.000329,0.000000,0.000000,0.003187
Q_ind_192_anc_9-2,0.000347,0.000000,0.000000,0.004326
Q_ind_193_anc_9-2,0.000203,0.000000,0.000000,0.002178
Q_ind_194_anc_9-2,0.000035,0.000000,0.000000,0.000350
Q_ind_195_anc_9-2,0.000066,0.000000,0.000000,0.000684
Q_ind_196_anc_9-2,0.000036,0.000000,0.000000,0.000380
Q_ind_197_anc_9-2,0.000033,0.000000,0.000000,0.000294
Q_ind_198_anc_9-2,0.000034,0.000000,0.000000,0.000368
Q_ind_199_anc_9-2,0.000084,0.000000,0.000000,0.000758
Q_ind_200_anc_9-2,0.000028,0.000000,0.000000,0.000271
Q_ind_201_anc_9-2,0.002678,0.000000,0.000000,0.039051
Q_ind_202_anc_9-2,0.000042,0.000000,0.000000,0.000310
Q_ind_203_anc_9-2,0.000124,0.000000,0.000000,0.001069
Q_ind_204_anc_9-2,0.000215,0.000000,0.000000,0.002398
Q_ind_205_anc_9-2,0.000854,0.000000,0.000000,0.011369
Q_ind_206_anc_9-2,0.000228,0.000000,0.000000,0.002083
Q_ind_207_anc_9-2,0.000916,0.000000,0.000000,0.013834
Q_ind_208_anc_9-2,0.000219,0.000000,0.000000,0.002182
Q_ind_209_anc_9-2,0.000220,0.000000,0.000000,0.002336
Q_ind_210_anc_9-2,0.000282,0.000000,0.000000,0.002598
Q_ind_211_anc_9-2,0.000247,0.000000,0.000000,0.002942
Q_ind_212_anc_9-2,0.128113,0.135971,0.000000,0.253577
Q_ind_213_anc_9-2,0.006262,0.000000,0.000000,0.054950
Q_ind_214_anc_9-2,0.000900,0.000000,0.000000,0.013563
Q_ind_215_anc_9-2,0.000282,0.000000,0.000000,0.002860
Q_ind_216_anc_9-2,0.004236,0.000000,0.000000,0.047201
Q_ind_217_anc_9-2,0.000530,0.000000,0.000000,0.007483
Q_ind_218_anc_9-2,0.002717,0.000000,0.000000,0.038248
Q_ind_219_anc_9-2,0.002321,0.000000,0.000000,0.035812
Q_ind_220_anc_9-2,0.006812,0.000000,0.000000,0.068488
Q_ind_221_anc_9-2,0.001337,0.000000,0.000000,0.023053
Q_ind_222_anc_9-2,0.037160,0.040589,0.000000,0.095627
Q_ind_223_anc_9-2,0.005590,0.000000,0.000000,0.057550
Q_ind_224_anc_9-2,0.058609,0.000003,0.000000,0.193236
Q_ind_225_anc_9-2,0.021034,0.000000,0.000000,0.134937
Q_ind_226_anc_9-2,0.008914,0.000000,0.000000,0.084091
Q_ind_227_anc_9-2,0.083249,0.087926,0.000000,0.171276
Q_ind_228_anc_9-2,0.014511,0.000000,0.000000,0.135489
Q_ind_229_anc_9-2,0.035952,0.022510,0.000000,0.124553
Q_ind_230_anc_9-2,0.002137,0.000000,0.000000,0.035434
Q_ind_231_anc_9-2,0.000936,0.000000,0.000000,0.013352
Q_ind_232_anc_9-2,0.126798,0.145108,0.000000,0.229707
Q_ind_233_anc_9-2,0.026494,0.000000,0.000000,0.131965
Q_ind_234_anc_9-2,0.046737,0.037621,0.000000,0.151384
Q_ind_235_anc_9-2,0.030920,0.000000,0.000000,0.206337
Q_ind_236_anc_9-2,0.058566,0.046046,0.000000,0.193890
Q_ind_237_anc_9-2,0.032041,0.000000,0.000000,0.212190
Q_ind_238_anc_9-2,0.000372,0.000000,0.000000,0.004044
Q_ind_239_anc_9-2,0.034816,0.000000,0.000000,0.227539
Q_ind_240_anc_9-2,0.000704,0.000000,0.000000,0.007379
Q_ind_241_anc_9-2,0.035736,0.000000,0.000000,0.183153
Q_ind_242_anc_9-2,0.034028,0.000000,0.000000,0.208352
Q_ind_243_anc_9-2,0.000254,0.000000,0.000000,0.002284
Q_ind_244_anc_9-2,0.054009,0.046984,0.000000,0.183290
Q_ind_245_anc_9-2,0.000541,0.000000,0.000000,0.006659
Q_ind_1_anc_9-3,0.000112,0.000000,0.000000,0.001208
Q_ind_2_anc_9-3,0.000100,0.000000,0.000000,0.001243
Q_ind_3_anc_9-3,0.000181,0.000000,0.000000,0.001785
Q_ind_4_anc_9-3,0.000414,0.000000,0.000000,0.004723
Q_ind_5_anc_9-3,0.014678,0.000000,0.000000,0.069028
Q_ind_6_anc_9-3,0.000704,0.000000,0.000000,0.008409
Q_ind_7_anc_9-3,0.000084,0.000000,0.000000,0.000969
Q_ind_8_anc_9-3,0.000182,0.000000,0.000000,0.002149
Q_ind_9_anc_9-3,0.000232,0.000000,0.000000,0.002797
Q_ind_10_anc_9-3,0.000087,0.000000,0.000000,0.000924
Q_ind_11_anc_9-3,0.000350,0.000000,0.000000,0.004130
Q_ind_12_anc_9-3,0.000210,0.000000,0.000000,0.002508
Q_ind_13_anc_9-3,0.000214,0.000000,0.000000,0.002605
Q_ind_14_anc_9-3,0.000224,0.000000,0.000000,0.002478
Q_ind_15_anc_9-3,0.000475,0.000000,0.000000,0.006120
Q_ind_16_anc_9-3,0.000126,0.000000,0.000000,0.001312
Q_ind_17_anc_9-3,0.000408,0.000000,0.000000,0.005247
Q_ind_18_anc_9-3,0.000200,0.000000,0.000000,0.002226
Q_ind_19_anc_9-3,0.000133,0.000000,0.000000,0.001423
Q_ind_20_anc_9-3,0.001033,0.000000,0.000000,0.016041
Q_ind_21_anc_9-3,0.000425,0.000000,0.000000,0.005670
Q_ind_22_anc_9-3,0.000317,0.000000,0.000000,0.003608
Q_ind_23_anc_9-3,0.000284,0.000000,0.000000,0.003190
Q_ind_24_anc_9-3,0.001963,0.000000,0.000000,0.026150
Q_ind_25_anc_9-3,0.000084,0.000000,0.000000,0.000797
Q_ind_26_anc_9-3,0.000263,0.000000,0.000000,0.003167
Q_ind_27_anc_9-3,0.000211,0.000000,0.000000,0.002436
Q_ind_28_anc_9-3,0.001256,0.000000,0.000000,0.017485
Q_ind_29_anc_9-3,0.000450,0.000000,0.000000,0.006602
Q_ind_30_anc_9-3,0.000144,0.000000,0.000000,0.001388
Q_ind_31_anc_9-3,0.000449,0.000000,0.000000,0.005664
Q_ind_32_anc_9-3,0.000134,0.000000,0.000000,0.000879
Q_ind_33_anc_9-3,0.002270,0.000000,0.000000,0.026368
Q_ind_34_anc_9-3,0.000129,0.000000,0.000000,0.001437
Q_ind_35_anc_9-3,0.000174,0.000000,0.000000,0.001807
Q_ind_36_anc_9-3,0.000095,0.000000,0.000000,0.001031
Q_ind_37_anc_9-3,0.000191,0.000000,0.000000,0.001179
Q_ind_38_anc_9-3,0.000151,0.000000,0.000000,0.001840
Q_ind_39_anc_9-3,0.000182,0.000000,0.000000,0.001301
Q_ind_40_anc_9-3,0.000889,0.000000,0.000000,0.012675
Q_ind_41_anc_9-3,0.000492,0.000000,0.000000,0.006694
Q_ind_42_anc_9-3,0.000066,0.000000,0.000000,0.000547
Q_ind_43_anc_9-3,0.000108,0.000000,0.000000,0.001122
Q_ind_44_anc_9-3,0.000235,0.000000,0.000000,0.002961
Q_ind_45_anc_9-3,0.000234,0.000000,0.000000,0.002050
Q_ind_46_anc_9-3,0.000117,0.000000,0.000000,0.001112
Q_ind_47_anc_9-3,0.000589,0.000000,0.000000,0.008261
Q_ind_48_anc_9-3,0.000176,0.000000,0.000000,0.001653
Q_ind_49_anc_9-3,0.000087,0.000000,0.000000,0.000686
Q_ind_50_anc_9-3,0.000221,0.000000,0.000000,0.002264
Q_ind_51_anc_9-3,0.000077,0.000000,0.000000,0.000610
Q_ind_52_anc_9-3,0.000175,0.000000,0.000000,0.002032
Q_ind_53_anc_9-3,0.000157,0.000000,0.000000,0.001701
Q_ind_54_anc_9-3,0.000360,0.000000,0.000000,0.004026
Q_ind_55_anc_9-3,0.000059,0.000000,0.000000,0.000495
Q_ind_56_anc_9-3,0.000192,0.000000,0.000000,0.001467
Q_ind_57_anc_9-3,0.000640,0.000000,0.000000,0.008527
Q_ind_58_anc_9-3,0.000130,0.000000,0.000000,0.001395
Q_ind_59_anc_9-3,0.000265,0.000000,0.000000,0.002390
Q_ind_60_anc_9-3,0.000511,0.000000,0.000000,0.007146
Q_ind_61_anc_9-3,0.000227,0.000000,0.000000,0.002100
Q_ind_62_anc_9-3,0.000120,0.000000,0.000000,0.001135
Q_ind_63_anc_9-3,0.000050,0.000000,0.000000,0.000439
Q_ind_64_anc_9-3,0.000145,0.000000,0.000000,0.001464
Q_ind_65_anc_9-3,0.000174,0.000000,0.000000,0.001886
Q_ind_66_anc_9-3,0.000072,0.000000,0.000000,0.000559
Q_ind_67_anc_9-3,0.000190,0.000000,0.000000,0.001713
Q_ind_68_anc_9-3,0.000167,0.000000,0.000000,0.001413
Q_ind_69_anc_9-3,0.000250,0.000000,0.000000,0.002081
Q_ind_70_anc_9-3,0.000824,0.000000,0.000000,0.011102
Q_ind_71_anc_9-3,0.000682,0.000000,0.000000,0.008875
Q_ind_72_anc_9-3,0.000141,0.000000,0.000000,0.001498
Q_ind_73_anc_9-3,0.000237,0.000000,0.000000,0.002796
Q_ind_74_anc_9-3,0.001009,0.000000,0.000000,0.015897
Q_ind_75_anc_9-3,0.015551,0.000000,0.000000,0.075669
Q_ind_76_anc_9-3,0.000164,0.000000,0.000000,0.001559
Q_ind_77_anc_9-3,0.000134,0.000000,0.000000,0.001249
Q_ind_78_anc_9-3,0.000155,0.000000,0.000000,0.001867
Q_ind_79_anc_9-3,0.000564,0.000000,0.000000,0.008591
Q_ind_80_anc_9-3,0.000424,0.000000,0.000000,0.004767
Q_ind_81_anc_9-3,0.000189,0.000000,0.000000,0.001739
Q_ind_82_anc_9-3,0.000454,0.000000,0.000000,0.006191
Q_ind_83_anc_9-3,0.000181,0.000000,0.000000,0.001524
Q_ind_84_anc_9-3,0.000223,0.000000,0.000000,0.002350
Q_ind_85_anc_9-3,0.000327,0.000000,0.000000,0.004412
Q_ind_86_anc_9-3,0.000112,0.000000,0.000000,0.000986
Q_ind_87_anc_9-3,0.000482,0.000000,0.000000,0.005710
Q_ind_88_anc_9-3,0.000535,0.000000,0.000000,0.005501
Q_ind_89_anc_9-3,0.000154,0.000000,0.000000,0.001466
Q_ind_90_anc_9-3,0.000121,0.000000,0.000000,0.001123
Q_ind_91_anc_9-3,0.000490,0.000000,0.000000,0.004491
Q_ind_92_anc_9-3,0.000812,0.000000,0.000000,0.010971
Q_ind_93_anc_9-3,0.000189,0.000000,0.000000,0.001287
Q_ind_94_anc_9-3,0.001884,0.000000,0.000000,0.033000
Q_ind_95_anc_9-3,0.000661,0.000000,0.000000,0.009894
Q_ind_96_anc_9-3,0.000168,0.000000,0.000000,0.001556
Q_ind_97_anc_9-3,0.001092,0.000000,0.000000,0.014466
Q_ind_98_anc_9-3,0.011455,0.000000,0.000000,0.071602
Q_ind_99_anc_9-3,0.001468,0.000000,0.000000,0.021387
Q_ind_100_anc_9-3,0.000184,0.000000,0.000000,0.001842
Q_ind_101_anc_9-3,0.000107,0.000000,0.000000,0.001027
Q_ind_102_anc_9-3,0.000051,0.000000,0.000000,0.000503
Q_ind_103_anc_9-3,0.000091,0.000000,0.000000,0.000870
Q_ind_104_anc_9-3,0.000068,0.000000,0.000000,0.000562
Q_ind_105_anc_9-3,0.004028,0.000000,0.000000,0.043281
Q_ind_106_anc_9-3,0.000173,0.000000,0.000000,0.001642
Q_ind_107_anc_9-3,0.000305,0.000000,0.000000,0.003379
Q_ind_108_anc_9-3,0.000402,0.000000,0.000000,0.003030
Q_ind_109_anc_9-3,0.000546,0.000000,0.000000,0.004416
Q_ind_110_anc_9-3,0.000320,0.000000,0.000000,0.002376
Q_ind_111_anc_9-3,0.002859,0.000000,0.000000,0.039711
Q_ind_112_anc_9-3,0.001833,0.000000,0.000000,0.028298
Q_ind_113_anc_9-3,0.000125,0.000000,0.000000,0.000892
Q_ind_114_anc_9-3,0.000380,0.000000,0.000000,0.002974
Q_ind_115_anc_9-3,0.000354,0.000000,0.000000,0.004222
Q_ind_116_anc_9-3,0.000159,0.000000,0.000000,0.001772
Q_ind_117_anc_9-3,0.000213,0.000000,0.000000,0.002233
Q_ind_118_anc_9-3,0.000160,0.000000,0.000000,0.001244
Q_ind_119_anc_9-3,0.000114,0.000000,0.000000,0.001243
Q_ind_120_anc_9-3,0.000317,0.000000,0.000000,0.004212
Q_ind_121_anc_9-3,0.000155,0.000000,0.000000,0.001176
Q_ind_122_anc_9-3,0.000153,0.000000,0.000000,0.001361
Q_ind_123_anc_9-3,0.000111,0.000000,0.000000,0.001077
Q_ind_124_anc_9-3,0.000931,0.000000,0.000000,0.010683
Q_ind_125_anc_9-3,0.000274,0.000000,0.000000,0.003274
Q_ind_126_anc_9-3,0.000364,0.000000,0.000000,0.002975
Q_ind_127_anc_9-3,0.000414,0.000000,0.000000,0.004951
Q_ind_128_anc_9-3,0.000343,0.000000,0.000000,0.004900
Q_ind_129_anc_9-3,0.000566,0.000000,0.000000,0.008201
Q_ind_130_anc_9-3,0.000230,0.000000,0.000000,0.001785
Q_ind_131_anc_9-3,0.000707,0.000000,0.000000,0.010066
Q_ind_132_anc_9-3,0.000278,0.000000,0.000000,0.002502
Q_ind_133_anc_9-3,0.000157,0.000000,0.000000,0.001682
Q_ind_134_anc_9-3,0.002060,0.000000,0.000000,0.022572
Q_ind_135_anc_9-3,0.000078,0.000000,0.000000,0.000820
Q_ind_136_anc_9-3,0.001796,0.000000,0.000000,0.023450
Q_ind_137_anc_9-3,0.000772,0.000000,0.000000,0.009520
Q_ind_138_anc_9-3,0.000675,0.000000,0.000000,0.010340
Q_ind_139_anc_9-3,0.005999,0.000000,0.000000,0.047916
Q_ind_140_anc_9-3,0.000315,0.000000,0.000000,0.003554
Q_ind_141_anc_9-3,0.000812,0.000000,0.000000,0.013109
Q_ind_142_anc_9-3,0.001107,0.000000,0.000000,0.016753
Q_ind_143_anc_9-3,0.000354,0.000000,0.000000,0.005059
Q_ind_144_anc_9-3,0.000172,0.000000,0.000000,0.001630
Q_ind_145_anc_9-3,0.000065,0.000000,0.000000,0.000558
Q_ind_146_anc_9-3,0.000188,0.000000,0.000000,0.002613
Q_ind_147_anc_9-3,0.000214,0.000000,0.000000,0.003015
Q_ind_148_anc_9-3,0.000128,0.000000,0.000000,0.001201
Q_ind_149_anc_9-3,0.000323,0.000000,0.000000,0.002555
Q_ind_150_anc_9-3,0.000331,0.000000,0.000000,0.004126
Q_ind_151_anc_9-3,0.000228,0.000000,0.000000,0.002668
Q_ind_152_anc_9-3,0.000129,0.000000,0.000000,0.001098
Q_ind_153_anc_9-3,0.000077,0.000000,0.000000,0.000786
Q_ind_154_anc_9-3,0.000379,0.000000,0.000000,0.005148
Q_ind_155_anc_9-3,0.000508,0.000000,0.000000,0.006029
Q_ind_156_anc_9-3,0.000185,0.000000,0.000000,0.002050
Q_ind_157_anc_9-3,0.000696,0.000000,0.000000,0.010806
Q_ind_158_anc_9-3,0.000096,0.000000,0.000000,0.000681
Q_ind_159_anc_9-3,0.000168,0.000000,0.000000,0.001440
Q_ind_160_anc_9-3,0.000083,0.000000,0.000000,0.000822
Q_ind_161_anc_9-3,0.000207,0.000000,0.000000,0.002391
Q_ind_162_anc_9-3,0.000071,0.000000,0.000000,0.000594
Q_ind_163_anc_9-3,0.000166,0.000000,0.000000,0.001570
Q_ind_164_anc_9-3,0.000110,0.000000,0.000000,0.001177
Q_ind_165_anc_9-3,0.000537,0.000000,0.000000,0.007493
Q_ind_166_anc_9-3,0.000317,0.000000,0.000000,0.002761
Q_ind_167_anc_9-3,0.000558,0.000000,0.000000,0.007316
Q_ind_168_anc_9-3,0.000522,0.000000,0.000000,0.008194
Q_ind_169_anc_9-3,0.000219,0.000000,0.000000,0.002776
Q_ind_170_anc_9-3,0.000102,0.000000,0.000000,0.001132
Q_ind_171_anc_9-3,0.000171,0.000000,0.000000,0.001702
Q_ind_172_anc_9-3,0.000257,0.000000,0.000000,0.003290
Q_ind_173_anc_9-3,0.000663,0.000000,0.000000,0.008944
Q_ind_174_anc_9-3,0.000109,0.000000,0.000000,0.001063
Q_ind_175_anc_9-3,0.001456,0.000000,0.000000,0.022759
Q_ind_176_anc_9-3,0.000211,0.000000,0.000000,0.002130
Q_ind_177_anc_9-3,0.000239,0.000000,0.000000,0.002313
Q_ind_178_anc_9-3,0.000147,0.000000,0.000000,0.001494
Q_ind_179_anc_9-3,0.000169,0.000000,0.000000,0.001676
Q_ind_180_anc_9-3,0.000123,0.000000,0.000000,0.001209
Q_ind_181_anc_9-3,0.002339,0.000000,0.000000,0.029349
Q_ind_182_anc_9-3,0.000096,0.000000,0.000000,0.000894
Q_ind_183_anc_9-3,0.000211,0.000000,0.000000,0.002487
Q_ind_184_anc_9-3,0.000296,0.000000,0.000000,0.003479
Q_ind_185_anc_9-3,0.000294,0.000000,0.000000,0.002922
Q_ind_186_anc_9-3,0.000184,0.000000,0.000000,0.001701
Q_ind_187_anc_9-3,0.000335,0.000000,0.000000,0.004097
Q_ind_188_anc_9-3,0.000309,0.000000,0.000000,0.003113
Q_ind_189_anc_9-3,0.000326,0.000000,0.000000,0.003511
Q_ind_190_anc_9-3,0.000143,0.000000,0.000000,0.001559
Q_ind_191_anc_9-3,0.000257,0.000000,0.000000,0.002289
Q_ind_192_anc_9-3,0.001880,0.000000,0.000000,0.027514
Q_ind_193_anc_9-3,0.000225,0.000000,0.000000,0.002566
Q_ind_194_anc_9-3,0.000072,0.000000,0.000000,0.000626
Q_ind_195_anc_9-3,0.000060,0.000000,0.000000,0.000532
Q_ind_196_anc_9-3,0.000116,0.000000,0.000000,0.001048
Q_ind_197_anc_9-3,0.000103,0.000000,0.000000,0.000905
Q_ind_198_anc_9-3,0.000062,0.000000,0.000000,0.000641
Q_ind_199_anc_9-3,0.000123,0.000000,0.000000,0.001293
Q_ind_200_anc_9-3,0.000127,0.000000,0.000000,0.001051
Q_ind_201_anc_9-3,0.043098,0.045684,0.000000,0.110655
Q_ind_202_anc_9-3,0.000256,0.000000,0.000000,0.003152
Q_ind_203_anc_9-3,0.000560,0.000000,0.000000,0.007832
Q_ind_204_anc_9-3,0.000368,0.000000,0.000000,0.003635
Q_ind_205_anc_9-3,0.000251,0.000000,0.000000,0.002749
Q_ind_206_anc_9-3,0.000263,0.000000,0.000000,0.002963
Q_ind_207_anc_9-3,0.000355,0.000000,0.000000,0.003279
Q_ind_208_anc_9-3,0.001324,0.000000,0.000000,0.017610
Q_ind_209_anc_9-3,0.000361,0.000000,0.000000,0.003920
Q_ind_210_anc_9-3,0.000184,0.000000,0.000000,0.001769
Q_ind_211_anc_9-3,0.000332,0.000000,0.000000,0.003977
Q_ind_212_anc_9-3,0.018861,0.000000,0.000000,0.114759
Q_ind_213_anc_9-3,0.002558,0.000000,0.000000,0.031904
Q_ind_214_anc_9-3,0.000224,0.000000,0.000000,0.002136
Q_ind_215_anc_9-3,0.000452,0.000000,0.000000,0.006472
Q_ind_216_anc_9-3,0.000238,0.000000,0.000000,0.002718
Q_ind_217_anc_9-3,0.000150,0.000000,0.000000,0.001722
Q_ind_218_anc_9-3,0.000267,0.000000,0.000000,0.002210
Q_ind_219_anc_9-3,0.000960,0.000000,0.000000,0.012862
Q_ind_220_anc_9-3,0.000268,0.000000,0.000000,0.002822
Q_ind_221_anc_9-3,0.000286,0.000000,0.000000,0.002675
Q_ind_222_anc_9-3,0.000307,0.000000,0.000000,0.003954
Q_ind_223_anc_9-3,0.017134,0.000000,0.000000,0.096966
Q_ind_224_anc_9-3,0.028470,0.002050,0.000000,0.110166
Q_ind_225_anc_9-3,0.011182,0.000000,0.000000,0.076644
Q_ind_226_anc_9-3,0.052673,0.055583,0.000000,0.101238
Q_ind_227_anc_9-3,0.001337,0.000000,0.000000,0.020831
Q_ind_228_anc_9-3,0.004064,0.000000,0.000000,0.042024
Q_ind_229_anc_9-3,0.000166,0.000000,0.000000,0.000937
Q_ind_230_anc_9-3,0.046076,0.053284,0.000000,0.111606
Q_ind_231_anc_9-3,0.022461,0.000000,0.000000,0.115180
Q_ind_232_anc_9-3,0.002507,0.000000,0.000000,0.040130
Q_ind_233_anc_9-3,0.003511,0.000000,0.000000,0.045657
Q_ind_234_anc_9-3,0.000419,0.000000,0.000000,0.003379
Q_ind_235_anc_9-3,0.000194,0.000000,0.000000,0.001843
Q_ind_236_anc_9-3,0.000334,0.000000,0.000000,0.003079
Q_ind_237_anc_9-3,0.000302,0.000000,0.000000,0.003903
Q_ind_238_anc_9-3,0.000163,0.000000,0.000000,0.001634
Q_ind_239_anc_9-3,0.000739,0.000000,0.000000,0.010506
Q_ind_240_anc_9-3,0.000247,0.000000,0.000000,0.002855
Q_ind_241_anc_9-3,0.000192,0.000000,0.000000,0.002135
Q_ind_242_anc_9-3,0.000474,0.000000,0.000000,0.006122
Q_ind_243_anc_9-3,0.006643,0.000000,0.000000,0.047797
Q_ind_244_anc_9-3,0.000295,0.000000,0.000000,0.003125
Q_ind_245_anc_9-3,0.001369,0.000000,0.000000,0.020533
Q_ind_1_anc_9-4,0.000123,0.000000,0.000000,0.001008
Q_ind_2_anc_9-4,0.000185,0.000000,0.000000,0.002110
Q_ind_3_anc_9-4,0.000130,0.000000,0.000000,0.001589
Q_ind_4_anc_9-4,0.000132,0.000000,0.000000,0.001257
Q_ind_5_anc_9-4,0.000715,0.000000,0.000000,0.010438
Q_ind_6_anc_9-4,0.000252,0.000000,0.000000,0.003426
Q_ind_7_anc_9-4,0.000049,0.000000,0.000000,0.000488
Q_ind_8_anc_9-4,0.000137,0.000000,0.000000,0.001115
Q_ind_9_anc_9-4,0.000166,0.000000,0.000000,0.001769
Q_ind_10_anc_9-4,0.000060,0.000000,0.000000,0.000575
Q_ind_11_anc_9-4,0.000195,0.000000,0.000000,0.002417
Q_ind_12_anc_9-4,0.000370,0.000000,0.000000,0.004046
Q_ind_13_anc_9-4,0.031214,0.000000,0.000000,0.162222
Q_ind_14_anc_9-4,0.030306,0.000000,0.000000,0.161945
Q_ind_15_anc_9-4,0.007050,0.000000,0.000000,0.097187
Q_ind_16_anc_9-4,0.032484,0.000000,0.000000,0.156966
Q_ind_17_anc_9-4,0.006646,0.000000,0.000000,0.075863
Q_ind_18_anc_9-4,0.029005,0.000000,0.000000,0.166143
Q_ind_19_anc_9-4,0.003151,0.000000,0.000000,0.057521
Q_ind_20_anc_9-4,0.002428,0.000000,0.000000,0.041149
Q_ind_21_anc_9-4,0.000760,0.000000,0.000000,0.012481
Q_ind_22_anc_9-4,0.002276,0.000000,0.000000,0.034577
Q_ind_23_anc_9-4,0.000593,0.000000,0.000000,0.007865
Q_ind_24_anc_9-4,0.000270,0.000000,0.000000,0.003293
Q_ind_25_anc_9-4,0.000754,0.000000,0.000000,0.010612
Q_ind_26_anc_9-4,0.000165,0.000000,0.000000,0.001325
Q_ind_27_anc_9-4,0.000144,0.000000,0.000000,0.001578
Q_ind_28_anc_9-4,0.000419,0.000000,0.000000,0.004354
Q_ind_29_anc_9-4,0.000981,0.000000,0.000000,0.011739
Q_ind_30_anc_9-4,0.000391,0.000000,0.000000,0.005627
Q_ind_31_anc_9-4,0.000216,0.000000,0.000000,0.001679
Q_ind_32_anc_9-4,0.001044,0.000000,0.000000,0.015386
Q_ind_33_anc_9-4,0.000170,0.000000,0.000000,0.001714
Q_ind_34_anc_9-4,0.000144,0.000000,0.000000,0.001387
Q_ind_35_anc_9-4,0.000148,0.000000,0.000000,0.001754
Q_ind_36_anc_9-4,0.000078,0.000000,0.000000,0.000950
Q_ind_37_anc_9-4,0.000344,0.000000,0.000000,0.003514
Q_ind_38_anc_9-4,0.000091,0.000000,0.000000,0.001112
Q_ind_39_anc_9-4,0.000622,0.000000,0.000000,0.007498
Q_ind_40_anc_9-4,0.001833,0.000000,0.000000,0.026514
Q_ind_41_anc_9-4,0.000205,0.000000,0.000000,0.001780
Q_ind_42_anc_9-4,0.000206,0.000000,0.000000,0.002040
Q_ind_43_anc_9-4,0.000202,0.000000,0.000000,0.002064
Q_ind_44_anc_9-4,0.000965,0.000000,0.000000,0.013053
Q_ind_45_anc_9-4,0.000089,0.000000,0.000000,0.000746
Q_ind_46_anc_9-4,0.000417,0.000000,0.000000,0.005043
Q_ind_47_anc_9-4,0.000222,0.000000,0.000000,0.002409
Q_ind_48_anc_9-4,0.001777,0.000000,0.000000,0.026166
Q_ind_49_anc_9-4,0.001397,0.000000,0.000000,0.018538
Q_ind_50_anc_9-4,0.000250,0.000000,0.000000,0.002930
Q_ind_51_anc_9-4,0.000405,0.000000,0.000000,0.004922
Q_ind_52_anc_9-4,0.000715,0.000000,0.000000,0.009495
Q_ind_53_anc_9-4,0.005258,0.000000,0.000000,0.069240
Q_ind_54_anc_9-4,0.000763,0.000000,0.000000,0.007580
Q_ind_55_anc_9-4,0.000730,0.000000,0.000000,0.009740
Q_ind_56_anc_9-4,0.008711,0.000000,0.000000,0.079383
Q_ind_57_anc_9-4,0.018993,0.000000,0.000000,0.130438
Q_ind_58_anc_9-4,0.000837,0.000000,0.000000,0.007623
Q_ind_59_anc_9-4,0.019877,0.000000,0.000000,0.116891
Q_ind_60_anc_9-4,0.007897,0.000000,0.000000,0.058140
Q_ind_61_anc_9-4,0.001937,0.000000,0.000000,0.028513
Q_ind_62_anc_9-4,0.015086,0.000000,0.000000,0.107392
Q_ind_63_anc_9-4,0.000058,0.000000,0.000000,0.000484
Q_ind_64_anc_9-4,0.000163,0.000000,0.000000,0.002115
Q_ind_65_anc_9-4,0.000153,0.000000,0.000000,0.001844
Q_ind_66_anc_9-4,0.000094,0.000000,0.000000,0.000815
Q_ind_67_anc_9-4,0.000078,0.000000,0.000000,0.000546
Q_ind_68_anc_9-4,0.000279,0.000000,0.000000,0.003612
Q_ind_69_anc_9-4,0.000150,0.000000,0.000000,0.001581
Q_ind_70_anc_9-4,0.000385,0.000000,0.000000,0.004404
Q_ind_71_anc_9-4,0.000493,0.000000,0.000000,0.005119
Q_ind_72_anc_9-4,0.000621,0.000000,0.000000,0.008035
Q_ind_73_anc_9-4,0.001743,0.000000,0.000000,0.022724
Q_ind_74_anc_9-4,0.000435,0.000000,0.000000,0.003023
Q_ind_75_anc_9-4,0.021064,0.000001,0.000000,0.088328
Q_ind_76_anc_9-4,0.000129,0.000000,0.000000,0.001386
Q_ind_77_anc_9-4,0.000081,0.000000,0.000000,0.000805
Q_ind_78_anc_9-4,0.000068,0.000000,0.000000,0.000691
Q_ind_79_anc_9-4,0.000231,0.000000,0.000000,0.002242
Q_ind_80_anc_9-4,0.000585,0.000000,0.000000,0.007598
Q_ind_81_anc_9-4,0.001081,0.000000,0.000000,0.013991
Q_ind_82_anc_9-4,0.000225,0.000000,0.000000,0.002065
Q_ind_83_anc_9-4,0.000250,0.000000,0.000000,0.002331
Q_ind_84_anc_9-4,0.000223,0.000000,0.000000,0.002417
Q_ind_85_anc_9-4,0.000144,0.000000,0.000000,0.001683
Q_ind_86_anc_9-4,0.000136,0.000000,0.000000,0.000984
Q_ind_87_anc_9-4,0.000096,0.000000,0.000000,0.000869
Q_ind_88_anc_9-4,0.008243,0.000000,0.000000,0.082708
Q_ind_89_anc_9-4,0.000564,0.000000,0.000000,0.007092
Q_ind_90_anc_9-4,0.001058,0.000000,0.000000,0.015696
Q_ind_91_anc_9-4,0.001659,0.000000,0.000000,0.025607
Q_ind_92_anc_9-4,0.018588,0.000000,0.000000,0.118619
Q_ind_93_anc_9-4,0.000585,0.000000,0.000000,0.005915
Q_ind_94_anc_9-4,0.001181,0.000000,0.000000,0.016728
Q_ind_95_anc_9-4,0.009373,0.000000,0.000000,0.096666
Q_ind_96_anc_9-4,0.000298,0.000000,0.000000,0.003227
Q_ind_97_anc_9-4,0.001284,0.000000,0.000000,0.019932
Q_ind_98_anc_9-4,0.000181,0.000000,0.000000,0.002133
Q_ind_99_anc_9-4,0.001477,0.000000,0.000000,0.022796
Q_ind_100_anc_9-4,0.000689,0.000000,0.000000,0.010288
Q_ind_101_anc_9-4,0.000450,0.000000,0.000000,0.003822
Q_ind_102_anc_9-4,0.000259,0.000000,0.000000,0.003154
Q_ind_103_anc_9-4,0.000347,0.000000,0.000000,0.002284
Q_ind_104_anc_9-4,0.000166,0.000000,0.000000,0.001378
Q_ind_105_anc_9-4,0.000946,0.000000,0.000000,0.015312
Q_ind_106_anc_9-4,0.003809,0.000000,0.000000,0.051985
Q_ind_107_anc_9-4,0.000261,0.000000,0.000000,0.002586
Q_ind_108_anc_9-4,0.000184,0.000000,0.000000,0.002065
Q_ind_109_anc_9-4,0.000554,0.000000,0.000000,0.003299
Q_ind_110_anc_9-4,0.001087,0.000000,0.000000,0.017079
Q_ind_111_anc_9-4,0.000404,0.000000,0.000000,0.004743
Q_ind_112_anc_9-4,0.001319,0.000000,0.000000,0.022107
Q_ind_113_anc_9-4,0.000233,0.000000,0.000000,0.002117
Q_ind_114_anc_9-4,0.001040,0.000000,0.000000,0.014701
Q_ind_115_anc_9-4,0.006008,0.000000,0.000000,0.069595
Q_ind_116_anc_9-4,0.000650,0.000000,0.000000,0.008852
Q_ind_117_anc_9-4,0.000474,0.000000,0.000000,0.006227
Q_ind_118_anc_9-4,0.002984,0.000000,0.000000,0.052056
Q_ind_119_anc_9-4,0.000850,0.000000,0.000000,0.011369
Q_ind_120_anc_9-4,0.000251,0.000000,0.000000,0.002793
Q_ind_121_anc_9-4,0.000753,0.000000,0.000000,0.010410
Q_ind_122_anc_9-4,0.000425,0.000000,0.000000,0.003608
Q_ind_123_anc_9-4,0.000431,0.000000,0.000000,0.004410
Q_ind_124_anc_9-4,0.127916,0.122432,0.044067,0.254583
Q_ind_125_anc_9-4,0.000413,0.000000,0.000000,0.004677
Q_ind_126_anc_9-4,0.000554,0.000000,0.000000,0.007734
Q_ind_127_anc_9-4,0.001338,0.000000,0.000000,0.018552
Q_ind_128_anc_9-4,0.000833,0.000000,0.000000,0.012424
Q_ind_129_anc_9-4,0.000696,0.000000,0.000000,0.008867
Q_ind_130_anc_9-4,0.002099,0.000000,0.000000,0.031479
Q_ind_131_anc_9-4,0.000233,0.000000,0.000000,0.002248
Q_ind_132_anc_9-4,0.000230,0.000000,0.000000,0.001701
Q_ind_133_anc_9-4,0.000592,0.000000,0.000000,0.008071
Q_ind_134_anc_9-4,0.000159,0.000000,0.000000,0.001531
Q_ind_135_anc_9-4,0.000234,0.000000,0.000000,0.002641
Q_ind_136_anc_9-4,0.000279,0.000000,0.000000,0.003074
Q_ind_137_anc_9-4,0.000476,0.000000,0.000000,0.006975
Q_ind_138_anc_9-4,0.000191,0.000000,0.000000,0.002294
Q_ind_139_anc_9-4,0.000306,0.000000,0.000000,0.003853
Q_ind_140_anc_9-4,0.011161,0.000000,0.000000,0.076169
Q_ind_141_anc_9-4,0.000135,0.000000,0.000000,0.000955
Q_ind_142_anc_9-4,0.000213,0.000000,0.000000,0.003180
Q_ind_143_anc_9-4,0.000294,0.000000,0.000000,0.003643
Q_ind_144_anc_9-4,0.000206,0.000000,0.000000,0.001951
Q_ind_145_anc_9-4,0.000089,0.000000,0.000000,0.000933
Q_ind_146_anc_9-4,0.000569,0.000000,0.000000,0.007552
Q_ind_147_anc_9-4,0.000267,0.000000,0.000000,0.002383
Q_ind_148_anc_9-4,0.001098,0.000000,0.000000,0.016043
Q_ind_149_anc_9-4,0.000355,0.000000,0.000000,0.003119
Q_ind_150_anc_9-4,0.000227,0.000000,0.000000,0.002081
Q_ind_151_anc_9-4,0.000083,0.000000,0.000000,0.000955
Q_ind_152_anc_9-4,0.000525,0.000000,0.000000,0.007371
Q_ind_153_anc_9-4,0.000147,0.000000,0.000000,0.001333
Q_ind_154_anc_9-4,0.002581,0.000000,0.000000,0.031061
Q_ind_155_anc_9-4,0.000459,0.000000,0.000000,0.004930
Q_ind_156_anc_9-4,0.000093,0.000000,0.000000,0.000653
Q_ind_157_anc_9-4,0.001131,0.000000,0.000000,0.015816
Q_ind_158_anc_9-4,0.001484,0.000000,0.000000,0.020783
Q_ind_159_anc_9-4,0.000206,0.000000,0.000000,0.002208
Q_ind_160_anc_9-4,0.000073,0.000000,0.000000,0.000527
Q_ind_161_anc_9-4,0.000095,0.000000,0.000000,0.001036
Q_ind_162_anc_9-4,0.000293,0.000000,0.000000,0.003208
Q_ind_163_anc_9-4,0.000131,0.000000,0.000000,0.001267
Q_ind_164_anc_9-4,0.000347,0.000000,0.000000,0.003430
Q_ind_165_anc_9-4,0.000213,0.000000,0.000000,0.001902
Q_ind_166_anc_9-4,0.000370,0.000000,0.000000,0.002959
Q_ind_167_anc_9-4,0.000131,0.000000,0.000000,0.001200
Q_ind_168_anc_9-4,0.003260,0.000000,0.000000,0.044146
Q_ind_169_anc_9-4,0.000586,0.000000,0.000000,0.008767
Q_ind_170_anc_9-4,0.000165,0.000000,0.000000,0.001514
Q_ind_171_anc_9-4,0.000140,0.000000,0.000000,0.001839
Q_ind_172_anc_9-4,0.000294,0.000000,0.000000,0.003678
Q_ind_173_anc_9-4,0.000166,0.000000,0.000000,0.001752
Q_ind_174_anc_9-4,0.000115,0.000000,0.000000,0.000982
Q_ind_175_anc_9-4,0.000565,0.000000,0.000000,0.005726
Q_ind_176_anc_9-4,0.000211,0.000000,0.000000,0.002392
Q_ind_177_anc_9-4,0.000302,0.000000,0.000000,0.002427
Q_ind_178_anc_9-4,0.000157,0.000000,0.000000,0.001543
Q_ind_179_anc_9-4,0.000421,0.000000,0.000000,0.005493
Q_ind_180_anc_9-4,0.000171,0.000000,0.000000,0.001698
Q_ind_181_anc_9-4,0.001264,0.000000,0.000000,0.021729
Q_ind_182_anc_9-4,0.000171,0.000000,0.000000,0.001722
Q_ind_183_anc_9-4,0.000122,0.000000,0.000000,0.000797
Q_ind_184_anc_9-4,0.000212,0.000000,0.000000,0.002168
Q_ind_185_anc_9-4,0.000224,0.000000,0.000000,0.002422
Q_ind_186_anc_9-4,0.003929,0.000000,0.000000,0.037385
Q_ind_187_anc_9-4,0.001800,0.000000,0.000000,0.022976
Q_ind_188_anc_9-4,0.000394,0.000000,0.000000,0.004840
Q_ind_189_anc_9-4,0.000548,0.000000,0.000000,0.007736
Q_ind_190_anc_9-4,0.000277,0.000000,0.000000,0.003181
Q_ind_191_anc_9-4,0.000215,0.000000,0.000000,0.002452
Q_ind_192_anc_9-4,0.000180,0.000000,0.000000,0.001771
Q_ind_193_anc_9-4,0.000137,0.000000,0.000000,0.001408
Q_ind_194_anc_9-4,0.000020,0.000000,0.000000,0.000193
Q_ind_195_anc_9-4,0.000182,0.000000,0.000000,0.001904
Q_ind_196_anc_9-4,0.000035,0.000000,0.000000,0.000307
Q_ind_197_anc_9-4,0.000031,0.000000,0.000000,0.000269
Q_ind_198_anc_9-4,0.000029,0.000000,0.000000,0.000280
Q_ind_199_anc_9-4,0.000105,0.000000,0.000000,0.001118
Q_ind_200_anc_9-4,0.000041,0.000000,0.000000,0.000314
Q_ind_201_anc_9-4,0.000120,0.000000,0.000000,0.001272
Q_ind_202_anc_9-4,0.000056,0.000000,0.000000,0.000506
Q_ind_203_anc_9-4,0.000308,0.000000,0.000000,0.003229
Q_ind_204_anc_9-4,0.000278,0.000000,0.000000,0.002474
Q_ind_205_anc_9-4,0.000159,0.000000,0.000000,0.001350
Q_ind_206_anc_9-4,0.000342,0.000000,0.000000,0.004378
Q_ind_207_anc_9-4,0.000310,0.000000,0.000000,0.003567
Q_ind_208_anc_9-4,0.000425,0.000000,0.000000,0.004926
Q_ind_209_anc_9-4,0.000187,0.000000,0.000000,0.001728
Q_ind_210_anc_9-4,0.000316,0.000000,0.000000,0.003346
Q_ind_211_anc_9-4,0.000223,0.000000,0.000000,0.001943
Q_ind_212_anc_9-4,0.000817,0.000000,0.000000,0.009148
Q_ind_213_anc_9-4,0.022436,0.000003,0.000000,0.091387
Q_ind_214_anc_9-4,0.001377,0.000000,0.000000,0.020316
Q_ind_215_anc_9-4,0.001572,0.000000,0.000000,0.021224
Q_ind_216_anc_9-4,0.000974,0.000000,0.000000,0.013542
Q_ind_217_anc_9-4,0.001324,0.000000,0.000000,0.017972
Q_ind_218_anc_9-4,0.003702,0.000000,0.000000,0.051228
Q_ind_219_anc_9-4,0.003381,0.000000,0.000000,0.045508
Q_ind_220_anc_9-4,0.001388,0.000000,0.000000,0.020672
Q_ind_221_anc_9-4,0.002102,0.000000,0.000000,0.028456
Q_ind_222_anc_9-4,0.004603,0.000000,0.000000,0.080893
Q_ind_223_anc_9-4,0.000468,0.000000,0.000000,0.004511
Q_ind_224_anc_9-4,0.000221,0.000000,0.000000,0.002192
Q_ind_225_anc_9-4,0.000768,0.000000,0.000000,0.012940
Q_ind_226_anc_9-4,0.000123,0.000000,0.000000,0.001277
Q_ind_227_anc_9-4,0.004111,0.000000,0.000000,0.048987
Q_ind_228_anc_9-4,0.001229,0.000000,0.000000,0.019382
Q_ind_229_anc_9-4,0.000422,0.000000,0.000000,0.003776
Q_ind_230_anc_9-4,0.000224,0.000000,0.000000,0.002900
Q_ind_231_anc_9-4,0.000231,0.000000,0.000000,0.002703
Q_ind_232_anc_9-4,0.000351,0.000000,0.000000,0.003982
Q_ind_233_anc_9-4,0.002423,0.000000,0.000000,0.037908
Q_ind_234_anc_9-4,0.000199,0.000000,0.000000,0.001805
Q_ind_235_anc_9-4,0.000667,0.000000,0.000000,0.009418
Q_ind_236_anc_9-4,0.000233,0.000000,0.000000,0.002020
Q_ind_237_anc_9-4,0.002737,0.000000,0.000000,0.032522
Q_ind_238_anc_9-4,0.000204,0.000000,0.000000,0.001742
Q_ind_239_anc_9-4,0.000248,0.000000,0.000000,0.002868
Q_ind_240_anc_9-4,0.000586,0.000000,0.000000,0.006374
Q_ind_241_anc_9-4,0.000235,0.000000,0.000000,0.002610
Q_ind_242_anc_9-4,0.001114,0.000000,0.000000,0.016532
Q_ind_243_anc_9-4,0.000746,0.000000,0.000000,0.011113
Q_ind_244_anc_9-4,0.000320,0.000000,0.000000,0.002939
Q_ind_245_anc_9-4,0.000383,0.000000,0.000000,0.004797
Q_ind_1_anc_9-5,0.000070,0.000000,0.000000,0.000626
Q_ind_2_anc_9-5,0.000176,0.000000,0.000000,0.001796
Q_ind_3_anc_9-5,0.000314,0.000000,0.000000,0.004307
Q_ind_4_anc_9-5,0.000278,0.000000,0.000000,0.003636
Q_ind_5_anc_9-5,0.001137,0.000000,0.000000,0.015626
Q_ind_6_anc_9-5,0.000821,0.000000,0.000000,0.012712
Q_ind_7_anc_9-5,0.000084,0.000000,0.000000,0.000949
Q_ind_8_anc_9-5,0.000327,0.000000,0.000000,0.003656
Q_ind_9_anc_9-5,0.000516,0.000000,0.000000,0.006432
Q_ind_10_anc_9-5,0.000098,0.000000,0.000000,0.001005
Q_ind_11_anc_9-5,0.000314,0.000000,0.000000,0.003252
Q_ind_12_anc_9-5,0.000367,0.000000,0.000000,0.004181
Q_ind_13_anc_9-5,0.003145,0.000000,0.000000,0.045533
Q_ind_14_anc_9-5,0.061213,0.000000,0.000000,0.272408
Q_ind_15_anc_9-5,0.000289,0.000000,0.000000,0.002520
Q_ind_16_anc_9-5,0.001150,0.000000,0.000000,0.014461
Q_ind_17_anc_9-5,0.000731,0.000000,0.000000,0.009300
Q_ind_18_anc_9-5,0.022574,0.000000,0.000000,0.238080
Q_ind_19_anc_9-5,0.001339,0.000000,0.000000,0.020661
Q_ind_20_anc_9-5,0.004174,0.000000,0.000000,0.057598
Q_ind_21_anc_9-5,0.001650,0.000000,0.000000,0.025325
Q_ind_22_anc_9-5,0.001121,0.000000,0.000000,0.014869
Q_ind_23_anc_9-5,0.000528,0.000000,0.000000,0.007010
Q_ind_24_anc_9-5,0.001501,0.000000,0.000000,0.021497
Q_ind_25_anc_9-5,0.002992,0.000000,0.000000,0.051781
Q_ind_26_anc_9-5,0.000406,0.000000,0.000000,0.005613
Q_ind_27_anc_9-5,0.000628,0.000000,0.000000,0.008404
Q_ind_28_anc_9-5,0.001370,0.000000,0.000000,0.018993
Q_ind_29_anc_9-5,0.001996,0.000000,0.000000,0.032549
Q_ind_30_anc_9-5,0.000385,0.000000,0.000000,0.004967
Q_ind_31_anc_9-5,0.000142,0.000000,0.000000,0.001478
Q_ind_32_anc_9-5,0.000183,0.000000,0.000000,0.001527
Q_ind_33_anc_9-5,0.000481,0.000000,0.000000,0.002780
Q_ind_34_anc_9-5,0.000077,0.000000,0.000000,0.000804
Q_ind_35_anc_9-5,0.000115,0.000000,0.000000,0.001249
Q_ind_36_anc_9-5,0.000062,0.000000,0.000000,0.000645
Q_ind_37_anc_9-5,0.000650,0.000000,0.000000,0.009629
Q_ind_38_anc_9-5,0.000102,0.000000,0.000000,0.001039
Q_ind_39_anc_9-5,0.001887,0.000000,0.000000,0.024023
Q_ind_40_anc_9-5,0.000302,0.000000,0.000000,0.003257
Q_ind_41_anc_9-5,0.000399,0.000000,0.000000,0.004861
Q_ind_42_anc_9-5,0.000333,0.000000,0.000000,0.003300
Q_ind_43_anc_9-5,0.000165,0.000000,0.000000,0.001822
Q_ind_44_anc_9-5,0.000375,0.000000,0.000000,0.003282
Q_ind_45_anc_9-5,0.000262,0.000000,0.000000,0.002642
Q_ind_46_anc_9-5,0.000161,0.000000,0.000000,0.002087
Q_ind_47_anc_9-5,0.000129,0.000000,0.000000,0.000923
Q_ind_48_anc_9-5,0.000321,0.000000,0.000000,0.001593
Q_ind_49_anc_9-5,0.000301,0.000000,0.000000,0.004009
Q_ind_50_anc_9-5,0.000158,0.000000,0.000000,0.001434
Q_ind_51_anc_9-5,0.000236,0.000000,0.000000,0.002771
Q_ind_52_anc_9-5,0.000283,0.000000,0.000000,0.002636
Q_ind_53_anc_9-5,0.008313,0.000000,0.000000,0.078865
Q_ind_54_anc_9-5,0.000839,0.000000,0.000000,0.012609
Q_ind_55_anc_9-5,0.000765,0.000000,0.000000,0.011240
Q_ind_56_anc_9-5,0.000466,0.000000,0.000000,0.004603
Q_ind_57_anc_9-5,0.014178,0.000000,0.000000,0.180649
Q_ind_58_anc_9-5,0.000874,0.000000,0.000000,0.011167
Q_ind_59_anc_9-5,0.009474,0.000000,0.000000,0.075424
Q_ind_60_anc_9-5,0.000412,0.000000,0.000000,0.004021
Q_ind_61_anc_9-5,0.000320,0.000000,0.000000,0.003719
Q_ind_62_anc_9-5,0.001850,0.000000,0.000000,0.029569
Q_ind_63_anc_9-5,0.000070,0.000000,0.000000,0.000495
Q_ind_64_anc_9-5,0.000072,0.000000,0.000000,0.000550
Q_ind_65_anc_9-5,0.000108,0.000000,0.000000,0.001054
Q_ind_66_anc_9-5,0.000123,0.000000,0.000000,0.001458
Q_ind_67_anc_9-5,0.000043,0.000000,0.000000,0.000355
Q_ind_68_anc_9-5,0.001114,0.000000,0.000000,0.015287
Q_ind_69_anc_9-5,0.000153,0.000000,0.000000,0.001265
Q_ind_70_anc_9-5,0.000272,0.000000,0.000000,0.002659
Q_ind_71_anc_9-5,0.003037,0.000000,0.000000,0.040345
Q_ind_72_anc_9-5,0.000867,0.000000,0.000000,0.011935
Q_ind_73_anc_9-5,0.000221,0.000000,0.000000,0.001826
Q_ind_74_anc_9-5,0.000558,0.000000,0.000000,0.005258
Q_ind_75_anc_9-5,0.003678,0.000000,0.000000,0.052434
Q_ind_76_anc_9-5,0.000292,0.000000,0.000000,0.002680
Q_ind_77_anc_9-5,0.000071,0.000000,0.000000,0.000670
Q_ind_78_anc_9-5,0.000110,0.000000,0.000000,0.001109
Q_ind_79_anc_9-5,0.001315,0.000000,0.000000,0.020157
Q_ind_80_anc_9-5,0.000266,0.000000,0.000000,0.003297
Q_ind_81_anc_9-5,0.000370,0.000000,0.000000,0.004127
Q_ind_82_anc_9-5,0.000642,0.000000,0.000000,0.008823
Q_ind_83_anc_9-5,0.000150,0.000000,0.000000,0.001393
Q_ind_84_anc_9-5,0.000366,0.000000,0.000000,0.004475
Q_ind_85_anc_9-5,0.000456,0.000000,0.000000,0.005098
Q_ind_86_anc_9-5,0.000242,0.000000,0.000000,0.001879
Q_ind_87_anc_9-5,0.000438,0.000000,0.000000,0.004762
Q_ind_88_anc_9-5,0.004530,0.000000,0.000000,0.050660
Q_ind_89_anc_9-5,0.000202,0.000000,0.000000,0.001937
Q_ind_90_anc_9-5,0.000443,0.000000,0.000000,0.005243
Q_ind_91_anc_9-5,0.000138,0.000000,0.000000,0.001490
Q_ind_92_anc_9-5,0.000776,0.000000,0.000000,0.010668
Q_ind_93_anc_9-5,0.000222,0.000000,0.000000,0.002166
Q_ind_94_anc_9-5,0.000095,0.000000,0.000000,0.000886
Q_ind_95_anc_9-5,0.000897,0.000000,0.000000,0.010619
Q_ind_96_anc_9-5,0.000353,0.000000,0.000000,0.004050
Q_ind_97_anc_9-5,0.001155,0.000000,0.000000,0.016617
Q_ind_98_anc_9-5,0.412555,0.392211,0.263298,0.677930
Q_ind_99_anc_9-5,0.129694,0.123790,0.000000,0.368173
Q_ind_100_anc_9-5,0.002713,0.000000,0.000000,0.033417
Q_ind_101_anc_9-5,0.000243,0.000000,0.000000,0.002825
Q_ind_102_anc_9-5,0.000080,0.000000,0.000000,0.000674
Q_ind_103_anc_9-5,0.000692,0.000000,0.000000,0.009270
Q_ind_104_anc_9-5,0.000104,0.000000,0.000000,0.000925
Q_ind_105_anc_9-5,0.329389,0.306538,0.197202,0.515327
Q_ind_106_anc_9-5,0.035002,0.028629,0.000000,0.113118
Q_ind_107_anc_9-5,0.000182,0.000000,0.000000,0.001565
Q_ind_108_anc_9-5,0.000806,0.000000,0.000000,0.010809
Q_ind_109_anc_9-5,0.001660,0.000000,0.000000,0.029027
Q_ind_110_anc_9-5,0.003303,0.000000,0.000000,0.052324
Q_ind_111_anc_9-5,0.001369,0.000000,0.000000,0.018867
Q_ind_112_anc_9-5,0.049866,0.000000,0.000000,0.216348
Q_ind_113_anc_9-5,0.000207,0.000000,0.000000,0.001898
Q_ind_114_anc_9-5,0.000377,0.000000,0.000000,0.001848
Q_ind_115_anc_9-5,0.000356,0.000000,0.000000,0.004947
Q_ind_116_anc_9-5,0.000420,0.000000,0.000000,0.004896
Q_ind_117_anc_9-5,0.000307,0.000000,0.000000,0.003090
Q_ind_118_anc_9-5,0.000235,0.000000,0.000000,0.001961
Q_ind_119_anc_9-5,0.000636,0.000000,0.000000,0.007300
Q_ind_120_anc_9-5,0.000204,0.000000,0.000000,0.001987
Q_ind_121_anc_9-5,0.000282,0.000000,0.000000,0.003089
Q_ind_122_anc_9-5,0.000203,0.000000,0.000000,0.002066
Q_ind_123_anc_9-5,0.000755,0.000000,0.000000,0.009990
Q_ind_124_anc_9-5,0.014405,0.000000,0.000000,0.132814
Q_ind_125_anc_9-5,0.000398,0.000000,0.000000,0.004363
Q_ind_126_anc_9-5,0.000953,0.000000,0.000000,0.012011
Q_ind_127_anc_9-5,0.005150,0.000000,0.000000,0.051786
Q_ind_128_anc_9-5,0.000970,0.000000,0.000000,0.013223
Q_ind_129_anc_9-5,0.003190,0.000000,0.000000,0.035204
Q_ind_130_anc_9-5,0.000403,0.000000,0.000000,0.004778
Q_ind_131_anc_9-5,0.000923,0.000000,0.000000,0.010283
Q_ind_132_anc_9-5,0.000131,0.000000,0.000000,0.001095
Q_ind_133_anc_9-5,0.000221,0.000000,0.000000,0.002271
Q_ind_134_anc_9-5,0.003683,0.000000,0.000000,0.044101
Q_ind_135_anc_9-5,0.000282,0.000000,0.000000,0.002919
Q_ind_136_anc_9-5,0.001112,0.000000,0.000000,0.015113
Q_ind_137_anc_9-5,0.001520,0.000000,0.000000,0.020075
Q_ind_138_anc_9-5,0.000357,0.000000,0.000000,0.003229
Q_ind_139_anc_9-5,0.005124,0.000000,0.000000,0.056306
Q_ind_140_anc_9-5,0.000570,0.000000,0.000000,0.006860
Q_ind_141_anc_9-5,0.000439,0.000000,0.000000,0.004650
Q_ind_142_anc_9-5,0.027625,0.000000,0.000000,0.233621
Q_ind_143_anc_9-5,0.000887,0.000000,0.000000,0.013008
Q_ind_144_anc_9-5,0.003226,0.000000,0.000000,0.045496
Q_ind_145_anc_9-5,0.000045,0.000000,0.000000,0.000404
Q_ind_146_anc_9-5,0.001861,0.000000,0.000000,0.025209
Q_ind_147_anc_9-5,0.000087,0.000000,0.000000,0.000774
Q_ind_148_anc_9-5,0.000536,0.000000,0.000000,0.008400
Q_ind_149_anc_9-5,0.000206,0.000000,0.000000,0.002659
Q_ind_150_anc_9-5,0.000133,0.000000,0.000000,0.001290
Q_ind_151_anc_9-5,0.000105,0.000000,0.000000,0.001136
Q_ind_152_anc_9-5,0.000081,0.000000,0.000000,0.000751
Q_ind_153_anc_9-5,0.000103,0.000000,0.000000,0.001066
Q_ind_154_anc_9-5,0.000465,0.000000,0.000000,0.006548
Q_ind_155_anc_9-5,0.000549,0.000000,0.000000,0.005849
Q_ind_156_anc_9-5,0.000186,0.000000,0.000000,0.001647
Q_ind_157_anc_9-5,0.000235,0.000000,0.000000,0.002513
Q_ind_158_anc_9-5,0.000292,0.000000,0.000000,0.002989
Q_ind_159_anc_9-5,0.000192,0.000000,0.000000,0.001820
Q_ind_160_anc_9-5,0.000087,0.000000,0.000000,0.000713
Q_ind_161_anc_9-5,0.000079,0.000000,0.000000,0.000659
Q_ind_162_anc_9-5,0.000195,0.000000,0.000000,0.002041
Q_ind_163_anc_9-5,0.000069,0.000000,0.000000,0.000548
Q_ind_164_anc_9-5,0.000223,0.000000,0.000000,0.002223
Q_ind_165_anc_9-5,0.000366,0.000000,0.000000,0.005066
Q_ind_166_anc_9-5,0.000231,0.000000,0.000000,0.002561
Q_ind_167_anc_9-5,0.000343,0.000000,0.000000,0.003521
Q_ind_168_anc_9-5,0.004278,0.000000,0.000000,0.060895
Q_ind_169_anc_9-5,0.000349,0.000000,0.000000,0.005315
Q_ind_170_anc_9-5,0.000656,0.000000,0.000000,0.001880
Q_ind_171_anc_9-5,0.000827,0.000000,0.000000,0.013055
Q_ind_172_anc_9-5,0.001613,0.000000,0.000000,0.024041
Q_ind_173_anc_9-5,0.000300,0.000000,0.000000,0.002663
Q_ind_174_anc_9-5,0.000709,0.000000,0.000000,0.009128
Q_ind_175_anc_9-5,0.009434,0.000000,0.000000,0.065853
Q_ind_176_anc_9-5,0.000294,0.000000,0.000000,0.002366
Q_ind_177_anc_9-5,0.000364,0.000000,0.000000,0.005045
Q_ind_178_anc_9-5,0.000262,0.000000,0.000000,0.002346
Q_ind_179_anc_9-5,0.000356,0.000000,0.000000,0.002336
Q_ind_180_anc_9-5,0.000079,0.000000,0.000000,0.000531
Q_ind_181_anc_9-5,0.000970,0.000000,0.000000,0.010426
Q_ind_182_anc_9-5,0.000273,0.000000,0.000000,0.003711
Q_ind_183_anc_9-5,0.000230,0.000000,0.000000,0.002052
Q_ind_184_anc_9-5,0.000950,0.000000,0.000000,0.013037
Q_ind_185_anc_9-5,0.000179,0.000000,0.000000,0.001298
Q_ind_186_anc_9-5,0.000762,0.000000,0.000000,0.010704
Q_ind_187_anc_9-5,0.000283,0.000000,0.000000,0.001767
Q_ind_188_anc_9-5,0.000631,0.000000,0.000000,0.008561
Q_ind_189_anc_9-5,0.000912,0.000000,0.000000,0.008445
Q_ind_190_anc_9-5,0.000224,0.000000,0.000000,0.002469
Q_ind_191_anc_9-5,0.000187,0.000000,0.000000,0.002327
Q_ind_192_anc_9-5,0.000087,0.000000,0.000000,0.001027
Q_ind_193_anc_9-5,0.000210,0.000000,0.000000,0.002419
Q_ind_194_anc_9-5,0.000026,0.000000,0.000000,0.000232
Q_ind_195_anc_9-5,0.000072,0.000000,0.000000,0.000732
Q_ind_196_anc_9-5,0.000039,0.000000,0.000000,0.000347
Q_ind_197_anc_9-5,0.000039,0.000000,0.000000,0.000321
Q_ind_198_anc_9-5,0.000026,0.000000,0.000000,0.000251
Q_ind_199_anc_9-5,0.000078,0.000000,0.000000,0.000666
Q_ind_200_anc_9-5,0.000033,0.000000,0.000000,0.000210
Q_ind_201_anc_9-5,0.000275,0.000000,0.000000,0.002040
Q_ind_202_anc_9-5,0.000050,0.000000,0.000000,0.000447
Q_ind_203_anc_9-5,0.000087,0.000000,0.000000,0.000936
Q_ind_204_anc_9-5,0.000554,0.000000,0.000000,0.007451
Q_ind_205_anc_9-5,0.000188,0.000000,0.000000,0.001759
Q_ind_206_anc_9-5,0.000125,0.000000,0.000000,0.001035
Q_ind_207_anc_9-5,0.000804,0.000000,0.000000,0.011591
Q_ind_208_anc_9-5,0.000504,0.000000,0.000000,0.005364
Q_ind_209_anc_9-5,0.000156,0.000000,0.000000,0.001821
Q_ind_210_anc_9-5,0.000186,0.000000,0.000000,0.001789
Q_ind_211_anc_9-5,0.000296,0.000000,0.000000,0.003907
Q_ind_212_anc_9-5,0.000184,0.000000,0.000000,0.002159
Q_ind_213_anc_9-5,0.001088,0.000000,0.000000,0.015637
Q_ind_214_anc_9-5,0.001861,0.000000,0.000000,0.027615
Q_ind_215_anc_9-5,0.000952,0.000000,0.000000,0.014462
Q_ind_216_anc_9-5,0.000464,0.000000,0.000000,0.004968
Q_ind_217_anc_9-5,0.000380,0.000000,0.000000,0.003540
Q_ind_218_anc_9-5,0.003964,0.000000,0.000000,0.045122
Q_ind_219_anc_9-5,0.003089,0.000000,0.000000,0.043038
Q_ind_220_anc_9-5,0.001048,0.000000,0.000000,0.014790
Q_ind_221_anc_9-5,0.000511,0.000000,0.000000,0.003287
Q_ind_222_anc_9-5,0.000897,0.000000,0.000000,0.013515
Q_ind_223_anc_9-5,0.000999,0.000000,0.000000,0.010859
Q_ind_224_anc_9-5,0.002703,0.000000,0.000000,0.046448
Q_ind_225_anc_9-5,0.000526,0.000000,0.000000,0.005935
Q_ind_226_anc_9-5,0.000552,0.000000,0.000000,0.007685
Q_ind_227_anc_9-5,0.000510,0.000000,0.000000,0.006617
Q_ind_228_anc_9-5,0.001769,0.000000,0.000000,0.030408
Q_ind_229_anc_9-5,0.000349,0.000000,0.000000,0.003217
Q_ind_230_anc_9-5,0.000356,0.000000,0.000000,0.004156
Q_ind_231_anc_9-5,0.000330,0.000000,0.000000,0.003857
Q_ind_232_anc_9-5,0.002497,0.000000,0.000000,0.039908
Q_ind_233_anc_9-5,0.000408,0.000000,0.000000,0.004641
Q_ind_234_anc_9-5,0.002018,0.000000,0.000000,0.030361
Q_ind_235_anc_9-5,0.000224,0.000000,0.000000,0.002059
Q_ind_236_anc_9-5,0.001861,0.000000,0.000000,0.027037
Q_ind_237_anc_9-5,0.001766,0.000000,0.000000,0.026920
Q_ind_238_anc_9-5,0.000276,0.000000,0.000000,0.002416
Q_ind_239_anc_9-5,0.010165,0.000000,0.000000,0.092087
Q_ind_240_anc_9-5,0.000199,0.000000,0.000000,0.001944
Q_ind_241_anc_9-5,0.000256,0.000000,0.000000,0.003029
Q_ind_242_anc_9-5,0.009481,0.000000,0.000000,0.091355
Q_ind_243_anc_9-5,0.000584,0.000000,0.000000,0.007386
Q_ind_244_anc_9-5,0.001314,0.000000,0.000000,0.020103
Q_ind_245_anc_9-5,0.000896,0.000000,0.000000,0.012734
Q_ind_1_anc_9-6,0.000072,0.000000,0.000000,0.000683
Q_ind_2_anc_9-6,0.000062,0.000000,0.000000,0.000515
Q_ind_3_anc_9-6,0.000180,0.000000,0.000000,0.001966
Q_ind_4_anc_9-6,0.000084,0.000000,0.000000,0.000747
Q_ind_5_anc_9-6,0.000082,0.000000,0.000000,0.000803
Q_ind_6_anc_9-6,0.000457,0.000000,0.000000,0.006663
Q_ind_7_anc_9-6,0.000150,0.000000,0.000000,0.001584
Q_ind_8_anc_9-6,0.000100,0.000000,0.000000,0.001049
Q_ind_9_anc_9-6,0.000118,0.000000,0.000000,0.000894
Q_ind_10_anc_9-6,0.000055,0.000000,0.000000,0.000412
Q_ind_11_anc_9-6,0.000314,0.000000,0.000000,0.003031
Q_ind_12_anc_9-6,0.000172,0.000000,0.000000,0.001676
Q_ind_13_anc_9-6,0.000163,0.000000,0.000000,0.001332
Q_ind_14_anc_9-6,0.002645,0.000000,0.000000,0.041574
Q_ind_15_anc_9-6,0.000505,0.000000,0.000000,0.006862
Q_ind_16_anc_9-6,0.000455,0.000000,0.000000,0.007277
Q_ind_17_anc_9-6,0.000310,0.000000,0.000000,0.003202
Q_ind_18_anc_9-6,0.000651,0.000000,0.000000,0.009691
Q_ind_19_anc_9-6,0.000186,0.000000,0.000000,0.002381
Q_ind_20_anc_9-6,0.000236,0.000000,0.000000,0.002343
Q_ind_21_anc_9-6,0.001569,0.000000,0.000000,0.024377
Q_ind_22_anc_9-6,0.000292,0.000000,0.000000,0.002379
Q_ind_23_anc_9-6,0.000329,0.000000,0.000000,0.004515
Q_ind_24_anc_9-6,0.000424,0.000000,0.000000,0.005336
Q_ind_25_anc_9-6,0.000146,0.000000,0.000000,0.001318
Q_ind_26_anc_9-6,0.000320,0.000000,0.000000,0.003393
Q_ind_27_anc_9-6,0.000828,0.000000,0.000000,0.010999
Q_ind_28_anc_9-6,0.000425,0.000000,0.000000,0.005670
Q_ind_29_anc_9-6,0.002629,0.000000,0.000000,0.034974
Q_ind_30_anc_9-6,0.000235,0.000000,0.000000,0.002639
Q_ind_31_anc_9-6,0.000230,0.000000,0.000000,0.003124
Q_ind_32_anc_9-6,0.000128,0.000000,0.000000,0.001073
Q_ind_33_anc_9-6,0.000312,0.000000,0.000000,0.004055
Q_ind_34_anc_9-6,0.000085,0.000000,0.000000,0.000784
Q_ind_35_anc_9-6,0.000123,0.000000,0.000000,0.001568
Q_ind_36_anc_9-6,0.000063,0.000000,0.000000,0.000469
Q_ind_37_anc_9-6,0.000997,0.000000,0.000000,0.016575
Q_ind_38_anc_9-6,0.000077,0.000000,0.000000,0.000668
Q_ind_39_anc_9-6,0.000325,0.000000,0.000000,0.003826
Q_ind_40_anc_9-6,0.000348,0.000000,0.000000,0.004830
Q_ind_41_anc_9-6,0.000176,0.000000,0.000000,0.002143
Q_ind_42_anc_9-6,0.001913,0.000000,0.000000,0.031832
Q_ind_43_anc_9-6,0.000294,0.000000,0.000000,0.003578
Q_ind_44_anc_9-6,0.003582,0.000000,0.000000,0.057583
Q_ind_45_anc_9-6,0.007023,0.000000,0.000000,0.112502
Q_ind_46_anc_9-6,0.000298,0.000000,0.000000,0.002808
Q_ind_47_anc_9-6,0.001031,0.000000,0.000000,0.014881
Q_ind_48_anc_9-6,0.003590,0.000000,0.000000,0.047420
Q_ind_49_anc_9-6,0.001197,0.000000,0.000000,0.014598
Q_ind_50_anc_9-6,0.000518,0.000000,0.000000,0.004215
Q_ind_51_anc_9-6,0.000191,0.000000,0.000000,0.001597
Q_ind_52_anc_9-6,0.000170,0.000000,0.000000,0.001964
Q_ind_53_anc_9-6,0.000133,0.000000,0.000000,0.001338
Q_ind_54_anc_9-6,0.000108,0.000000,0.000000,0.001143
Q_ind_55_anc_9-6,0.000251,0.000000,0.000000,0.000938
Q_ind_56_anc_9-6,0.000902,0.000000,0.000000,0.009291
Q_ind_57_anc_9-6,0.000320,0.000000,0.000000,0.003161
Q_ind_58_anc_9-6,0.000439,0.000000,0.000000,0.003491
Q_ind_59_anc_9-6,0.000435,0.000000,0.000000,0.004244
Q_ind_60_anc_9-6,0.000354,0.000000,0.000000,0.003123
Q_ind_61_anc_9-6,0.000424,0.000000,0.000000,0.005732
Q_ind_62_anc_9-6,0.004174,0.000000,0.000000,0.065561
Q_ind_63_anc_9-6,0.000040,0.000000,0.000000,0.000359
Q_ind_64_anc_9-6,0.000043,0.000000,0.000000,0.000319
Q_ind_65_anc_9-6,0.000077,0.000000,0.000000,0.000866
Q_ind_66_anc_9-6,0.000100,0.000000,0.000000,0.001031
Q_ind_67_anc_9-6,0.000055,0.000000,0.000000,0.000706
Q_ind_68_anc_9-6,0.000138,0.000000,0.000000,0.001444
Q_ind_69_anc_9-6,0.000209,0.000000,0.000000,0.002053
Q_ind_70_anc_9-6,0.011939,0.000000,0.000000,0.106328
Q_ind_71_anc_9-6,0.002545,0.000000,0.000000,0.034872
Q_ind_72_anc_9-6,0.000259,0.000000,0.000000,0.002148
Q_ind_73_anc_9-6,0.000326,0.000000,0.000000,0.002856
Q_ind_74_anc_9-6,0.000854,0.000000,0.000000,0.010085
Q_ind_75_anc_9-6,0.006384,0.000000,0.000000,0.091032
Q_ind_76_anc_9-6,0.000241,0.000000,0.000000,0.002220
Q_ind_77_anc_9-6,0.000094,0.000000,0.000000,0.001033
Q_ind_78_anc_9-6,0.000113,0.000000,0.000000,0.001325
Q_ind_79_anc_9-6,0.000505,0.000000,0.000000,0.007266
Q_ind_80_anc_9-6,0.000390,0.000000,0.000000,0.005596
Q_ind_81_anc_9-6,0.000089,0.000000,0.000000,0.000998
Q_ind_82_anc_9-6,0.000193,0.000000,0.000000,0.002451
Q_ind_83_anc_9-6,0.000456,0.000000,0.000000,0.006598
Q_ind_84_anc_9-6,0.000151,0.000000,0.000000,0.001338
Q_ind_85_anc_9-6,0.000086,0.000000,0.000000,0.000749
Q_ind_86_anc_9-6,0.000218,0.000000,0.000000,0.002560
Q_ind_87_anc_9-6,0.000103,0.000000,0.000000,0.001381
Q_ind_88_anc_9-6,0.000120,0.000000,0.000000,0.001119
Q_ind_89_anc_9-6,0.000113,0.000000,0.000000,0.001170
Q_ind_90_anc_9-6,0.000530,0.000000,0.000000,0.005875
Q_ind_91_anc_9-6,0.000342,0.000000,0.000000,0.003858
Q_ind_92_anc_9-6,0.000194,0.000000,0.000000,0.002466
Q_ind_93_anc_9-6,0.000381,0.000000,0.000000,0.004396
Q_ind_94_anc_9-6,0.000140,0.000000,0.000000,0.000651
Q_ind_95_anc_9-6,0.000461,0.000000,0.000000,0.006163
Q_ind_96_anc_9-6,0.000483,0.000000,0.000000,0.004656
Q_ind_97_anc_9-6,0.000368,0.000000,0.000000,0.004689
Q_ind_98_anc_9-6,0.000946,0.000000,0.000000,0.013286
Q_ind_99_anc_9-6,0.000379,0.000000,0.000000,0.003199
Q_ind_100_anc_9-6,0.000208,0.000000,0.000000,0.002334
Q_ind_101_anc_9-6,0.000105,0.000000,0.000000,0.001056
Q_ind_102_anc_9-6,0.000142,0.000000,0.000000,0.001569
Q_ind_103_anc_9-6,0.000165,0.000000,0.000000,0.001605
Q_ind_104_anc_9-6,0.000070,0.000000,0.000000,0.000559
Q_ind_105_anc_9-6,0.000612,0.000000,0.000000,0.008944
Q_ind_106_anc_9-6,0.000407,0.000000,0.000000,0.004862
Q_ind_107_anc_9-6,0.000285,0.000000,0.000000,0.003559
Q_ind_108_anc_9-6,0.000135,0.000000,0.000000,0.001052
Q_ind_109_anc_9-6,0.000483,0.000000,0.000000,0.006514
Q_ind_110_anc_9-6,0.000573,0.000000,0.000000,0.007351
Q_ind_111_anc_9-6,0.001915,0.000000,0.000000,0.028944
Q_ind_112_anc_9-6,0.023107,0.000000,0.000000,0.138245
Q_ind_113_anc_9-6,0.000830,0.000000,0.000000,0.011314
Q_ind_114_anc_9-6,0.002414,0.000000,0.000000,0.039722
Q_ind_115_anc_9-6,0.002512,0.000000,0.000000,0.038474
Q_ind_116_anc_9-6,0.000472,0.000000,0.000000,0.005861
Q_ind_117_anc_9-6,0.000257,0.000000,0.000000,0.002375
Q_ind_118_anc_9-6,0.003423,0.000000,0.000000,0.044830
Q_ind_119_anc_9-6,0.000699,0.000000,0.000000,0.006436
Q_ind_120_anc_9-6,0.000260,0.000000,0.000000,0.002940
Q_ind_121_anc_9-6,0.000159,0.000000,0.000000,0.001517
Q_ind_122_anc_9-6,0.000154,0.000000,0.000000,0.001501
Q_ind_123_anc_9-6,0.000180,0.000000,0.000000,0.001684
Q_ind_124_anc_9-6,0.001587,0.000000,0.000000,0.021086
Q_ind_125_anc_9-6,0.000243,0.000000,0.000000,0.003368
Q_ind_126_anc_9-6,0.000451,0.000000,0.000000,0.004633
Q_ind_127_anc_9-6,0.000674,0.000000,0.000000,0.009451
Q_ind_128_anc_9-6,0.000336,0.000000,0.000000,0.003926
Q_ind_129_anc_9-6,0.000657,0.000000,0.000000,0.006343
Q_ind_130_anc_9-6,0.000376,0.000000,0.000000,0.004806
Q_ind_131_anc_9-6,0.000040,0.000000,0.000000,0.000420
Q_ind_132_anc_9-6,0.000036,0.000000,0.000000,0.000359
Q_ind_133_anc_9-6,0.000203,0.000000,0.000000,0.001845
Q_ind_134_anc_9-6,0.004156,0.000000,0.000000,0.044540
Q_ind_135_anc_9-6,0.001307,0.000000,0.000000,0.020289
Q_ind_136_anc_9-6,0.004415,0.000000,0.000000,0.054039
Q_ind_137_anc_9-6,0.003421,0.000000,0.000000,0.040386
Q_ind_138_anc_9-6,0.000104,0.000000,0.000000,0.000941
Q_ind_139_anc_9-6,0.000623,0.000000,0.000000,0.007036
Q_ind_140_anc_9-6,0.002458,0.000000,0.000000,0.034597
Q_ind_141_anc_9-6,0.000266,0.000000,0.000000,0.003117
Q_ind_142_anc_9-6,0.000115,0.000000,0.000000,0.000901
Q_ind_143_anc_9-6,0.000667,0.000000,0.000000,0.009465
Q_ind_144_anc_9-6,0.000580,0.000000,0.000000,0.007242
Q_ind_145_anc_9-6,0.000044,0.000000,0.000000,0.000412
Q_ind_146_anc_9-6,0.000244,0.000000,0.000000,0.002862
Q_ind_147_anc_9-6,0.000127,0.000000,0.000000,0.001463
Q_ind_148_anc_9-6,0.000283,0.000000,0.000000,0.003124
Q_ind_149_anc_9-6,0.000184,0.000000,0.000000,0.002121
Q_ind_150_anc_9-6,0.000214,0.000000,0.000000,0.002382
Q_ind_151_anc_9-6,0.000099,0.000000,0.000000,0.000996
Q_ind_152_anc_9-6,0.000107,0.000000,0.000000,0.001338
Q_ind_153_anc_9-6,0.000053,0.000000,0.000000,0.000558
Q_ind_154_anc_9-6,0.000216,0.000000,0.000000,0.002562
Q_ind_155_anc_9-6,0.000259,0.000000,0.000000,0.002857
Q_ind_156_anc_9-6,0.000164,0.000000,0.000000,0.002248
Q_ind_157_anc_9-6,0.000175,0.000000,0.000000,0.001947
Q_ind_158_anc_9-6,0.000117,0.000000,0.000000,0.001187
Q_ind_159_anc_9-6,0.000092,0.000000,0.000000,0.000775
Q_ind_160_anc_9-6,0.000057,0.000000,0.000000,0.000554
Q_ind_161_anc_9-6,0.000166,0.000000,0.000000,0.001607
Q_ind_162_anc_9-6,0.000115,0.000000,0.000000,0.001119
Q_ind_163_anc_9-6,0.000067,0.000000,0.000000,0.000648
Q_ind_164_anc_9-6,0.000132,0.000000,0.000000,0.001078
Q_ind_165_anc_9-6,0.000455,0.000000,0.000000,0.004369
Q_ind_166_anc_9-6,0.000694,0.000000,0.000000,0.008059
Q_ind_167_anc_9-6,0.002138,0.000000,0.000000,0.026857
Q_ind_168_anc_9-6,0.000243,0.000000,0.000000,0.003236
Q_ind_169_anc_9-6,0.000052,0.000000,0.000000,0.000526
Q_ind_170_anc_9-6,0.000365,0.000000,0.000000,0.003984
Q_ind_171_anc_9-6,0.000388,0.000000,0.000000,0.002776
Q_ind_172_anc_9-6,0.001146,0.000000,0.000000,0.017246
Q_ind_173_anc_9-6,0.000837,0.000000,0.000000,0.012549
Q_ind_174_anc_9-6,0.000175,0.000000,0.000000,0.001421
Q_ind_175_anc_9-6,0.000132,0.000000,0.000000,0.000975
Q_ind_176_anc_9-6,0.000122,0.000000,0.000000,0.001412
Q_ind_177_anc_9-6,0.000078,0.000000,0.000000,0.000806
Q_ind_178_anc_9-6,0.000095,0.000000,0.000000,0.000978
Q_ind_179_anc_9-6,0.000082,0.000000,0.000000,0.000614
Q_ind_180_anc_9-6,0.000098,0.000000,0.000000,0.000765
Q_ind_181_anc_9-6,0.000879,0.000000,0.000000,0.014512
Q_ind_182_anc_9-6,0.000101,0.000000,0.000000,0.000991
Q_ind_183_anc_9-6,0.000055,0.000000,0.000000,0.000524
Q_ind_184_anc_9-6,0.000256,0.000000,0.000000,0.003130
Q_ind_185_anc_9-6,0.000222,0.000000,0.000000,0.001957
Q_ind_186_anc_9-6,0.001347,0.000000,0.000000,0.018617
Q_ind_187_anc_9-6,0.000317,0.000000,0.000000,0.003703
Q_ind_188_anc_9-6,0.000711,0.000000,0.000000,0.007944
Q_ind_189_anc_9-6,0.000229,0.000000,0.000000,0.002452
Q_ind_190_anc_9-6,0.000682,0.000000,0.000000,0.006883
Q_ind_191_anc_9-6,0.000494,0.000000,0.000000,0.005369
Q_ind_192_anc_9-6,0.000089,0.000000,0.000000,0.000879
Q_ind_193_anc_9-6,0.000223,0.000000,0.000000,0.002781
Q_ind_194_anc_9-6,0.000037,0.000000,0.000000,0.000366
Q_ind_195_anc_9-6,0.000072,0.000000,0.000000,0.000602
Q_ind_196_anc_9-6,0.000039,0.000000,0.000000,0.000342
Q_ind_197_anc_9-6,0.000030,0.000000,0.000000,0.000253
Q_ind_198_anc_9-6,0.000020,0.000000,0.000000,0.000204
Q_ind_199_anc_9-6,0.000050,0.000000,0.000000,0.000427
Q_ind_200_anc_9-6,0.000037,0.000000,0.000000,0.000331
Q_ind_201_anc_9-6,0.000071,0.000000,0.000000,0.000735
Q_ind_202_anc_9-6,0.000055,0.000000,0.000000,0.000512
Q_ind_203_anc_9-6,0.000155,0.000000,0.000000,0.001660
Q_ind_204_anc_9-6,0.000265,0.000000,0.000000,0.003145
Q_ind_205_anc_9-6,0.000437,0.000000,0.000000,0.005920
Q_ind_206_anc_9-6,0.000221,0.000000,0.000000,0.002368
Q_ind_207_anc_9-6,0.001223,0.000000,0.000000,0.018908
Q_ind_208_anc_9-6,0.000106,0.000000,0.000000,0.001133
Q_ind_209_anc_9-6,0.000359,0.000000,0.000000,0.004706
Q_ind_210_anc_9-6,0.000297,0.000000,0.000000,0.002105
Q_ind_211_anc_9-6,0.000345,0.000000,0.000000,0.004576
Q_ind_212_anc_9-6,0.000249,0.000000,0.000000,0.002038
Q_ind_213_anc_9-6,0.002237,0.000000,0.000000,0.028961
Q_ind_214_anc_9-6,0.000261,0.000000,0.000000,0.002544
Q_ind_215_anc_9-6,0.000237,0.000000,0.000000,0.002975
Q_ind_216_anc_9-6,0.000644,0.000000,0.000000,0.008061
Q_ind_217_anc_9-6,0.000441,0.000000,0.000000,0.005481
Q_ind_218_anc_9-6,0.000142,0.000000,0.000000,0.001481
Q_ind_219_anc_9-6,0.001732,0.000000,0.000000,0.024311
Q_ind_220_anc_9-6,0.000678,0.000000,0.000000,0.005367
Q_ind_221_anc_9-6,0.001096,0.000000,0.000000,0.017400
Q_ind_222_anc_9-6,0.000667,0.000000,0.000000,0.010028
Q_ind_223_anc_9-6,0.000199,0.000000,0.000000,0.002171
Q_ind_224_anc_9-6,0.000078,0.000000,0.000000,0.000793
Q_ind_225_anc_9-6,0.001217,0.000000,0.000000,0.015742
Q_ind_226_anc_9-6,0.000198,0.000000,0.000000,0.001877
Q_ind_227_anc_9-6,0.001497,0.000000,0.000000,0.019424
Q_ind_228_anc_9-6,0.000804,0.000000,0.000000,0.010834
Q_ind_229_anc_9-6,0.000861,0.000000,0.000000,0.010062
Q_ind_230_anc_9-6,0.000168,0.000000,0.000000,0.001560
Q_ind_231_anc_9-6,0.000109,0.000000,0.000000,0.000958
Q_ind_232_anc_9-6,0.000184,0.000000,0.000000,0.001339
Q_ind_233_anc_9-6,0.001052,0.000000,0.000000,0.011697
Q_ind_234_anc_9-6,0.005634,0.000000,0.000000,0.064047
Q_ind_235_anc_9-6,0.000202,0.000000,0.000000,0.002229
Q_ind_236_anc_9-6,0.000612,0.000000,0.000000,0.008029
Q_ind_237_anc_9-6,0.000459,0.000000,0.000000,0.004963
Q_ind_238_anc_9-6,0.011383,0.000000,0.000000,0.111539
Q_ind_239_anc_9-6,0.000635,0.000000,0.000000,0.009156
Q_ind_240_anc_9-6,0.029283,0.000000,0.000000,0.177969
Q_ind_241_anc_9-6,0.003535,0.000000,0.000000,0.039797
Q_ind_242_anc_9-6,0.002336,0.000000,0.000000,0.038361
Q_ind_243_anc_9-6,0.023172,0.000000,0.000000,0.142915
Q_ind_244_anc_9-6,0.000976,0.000000,0.000000,0.013048
Q_ind_245_anc_9-6,0.023509,0.000000,0.000000,0.153946
Q_ind_1_anc_9-7,0.000204,0.000000,0.000000,0.002036
Q_ind_2_anc_9-7,0.000127,0.000000,0.000000,0.001279
Q_ind_3_anc_9-7,0.000267,0.000000,0.000000,0.002437
Q_ind_4_anc_9-7,0.000132,0.000000,0.000000,0.001500
Q_ind_5_anc_9-7,0.002617,0.000000,0.000000,0.032442
Q_ind_6_anc_9-7,0.001052,0.000000,0.000000,0.015024
Q_ind_7_anc_9-7,0.000146,0.000000,0.000000,0.001432
Q_ind_8_anc_9-7,0.000241,0.000000,0.000000,0.002511
Q_ind_9_anc_9-7,0.000323,0.000000,0.000000,0.004903
Q_ind_10_anc_9-7,0.000143,0.000000,0.000000,0.001380
Q_ind_11_anc_9-7,0.000400,0.000000,0.000000,0.005196
Q_ind_12_anc_9-7,0.000329,0.000000,0.000000,0.004542
Q_ind_13_anc_9-7,0.000203,0.000000,0.000000,0.001562
Q_ind_14_anc_9-7,0.007150,0.000000,0.000000,0.073491
Q_ind_15_anc_9-7,0.006024,0.000000,0.000000,0.063704
Q_ind_16_anc_9-7,0.002066,0.000000,0.000000,0.027679
Q_ind_17_anc_9-7,0.000723,0.000000,0.000000,0.012022
Q_ind_18_anc_9-7,0.000762,0.000000,0.000000,0.009772
Q_ind_19_anc_9-7,0.003217,0.000000,0.000000,0.038464
Q_ind_20_anc_9-7,0.048047,0.052962,0.000000,0.110606
Q_ind_21_anc_9-7,0.001212,0.000000,0.000000,0.017192
Q_ind_22_anc_9-7,0.001835,0.000000,0.000000,0.027760
Q_ind_23_anc_9-7,0.000362,0.000000,0.000000,0.002975
Q_ind_24_anc_9-7,0.010760,0.000000,0.000000,0.067678
Q_ind_25_anc_9-7,0.000146,0.000000,0.000000,0.001568
Q_ind_26_anc_9-7,0.001264,0.000000,0.000000,0.018203
Q_ind_27_anc_9-7,0.000788,0.000000,0.000000,0.011088
Q_ind_28_anc_9-7,0.001946,0.000000,0.000000,0.025101
Q_ind_29_anc_9-7,0.003426,0.000000,0.000000,0.039310
Q_ind_30_anc_9-7,0.000704,0.000000,0.000000,0.010107
Q_ind_31_anc_9-7,0.000110,0.000000,0.000000,0.000939
Q_ind_32_anc_9-7,0.000393,0.000000,0.000000,0.004443
Q_ind_33_anc_9-7,0.000115,0.000000,0.000000,0.001312
Q_ind_34_anc_9-7,0.000148,0.000000,0.000000,0.001624
Q_ind_35_anc_9-7,0.000196,0.000000,0.000000,0.002489
Q_ind_36_anc_9-7,0.000074,0.000000,0.000000,0.000756
Q_ind_37_anc_9-7,0.000277,0.000000,0.000000,0.003337
Q_ind_38_anc_9-7,0.000124,0.000000,0.000000,0.000998
Q_ind_39_anc_9-7,0.001379,0.000000,0.000000,0.023574
Q_ind_40_anc_9-7,0.001137,0.000000,0.000000,0.017626
Q_ind_41_anc_9-7,0.000683,0.000000,0.000000,0.009118
Q_ind_42_anc_9-7,0.000641,0.000000,0.000000,0.009099
Q_ind_43_anc_9-7,0.000549,0.000000,0.000000,0.006591
Q_ind_44_anc_9-7,0.000519,0.000000,0.000000,0.006657
Q_ind_45_anc_9-7,0.003601,0.000000,0.000000,0.050598
Q_ind_46_anc_9-7,0.000231,0.000000,0.000000,0.002165
Q_ind_47_anc_9-7,0.005069,0.000000,0.000000,0.043957
Q_ind_48_anc_9-7,0.001649,0.000000,0.000000,0.027748
Q_ind_49_anc_9-7,0.000163,0.000000,0.000000,0.001189
Q_ind_50_anc_9-7,0.000165,0.000000,0.000000,0.001492
Q_ind_51_anc_9-7,0.000186,0.000000,0.000000,0.001802
Q_ind_52_anc_9-7,0.000124,0.000000,0.000000,0.001231
Q_ind_53_anc_9-7,0.000280,0.000000,0.000000,0.002638
Q_ind_54_anc_9-7,0.000084,0.000000,0.000000,0.000800
Q_ind_55_anc_9-7,0.000200,0.000000,0.000000,0.001681
Q_ind_56_anc_9-7,0.000159,0.000000,0.000000,0.001575
Q_ind_57_anc_9-7,0.042800,0.000000,0.000000,0.177361
Q_ind_58_anc_9-7,0.000239,0.000000,0.000000,0.002631
Q_ind_59_anc_9-7,0.001266,0.000000,0.000000,0.017992
Q_ind_60_anc_9-7,0.000150,0.000000,0.000000,0.001783
Q_ind_61_anc_9-7,0.000828,0.000000,0.000000,0.010932
Q_ind_62_anc_9-7,0.000129,0.000000,0.000000,0.001429
Q_ind_63_anc_9-7,0.000067,0.000000,0.000000,0.000521
Q_ind_64_anc_9-7,0.000104,0.000000,0.000000,0.000803
Q_ind_65_anc_9-7,0.000126,0.000000,0.000000,0.001183
Q_ind_66_anc_9-7,0.000067,0.000000,0.000000,0.000631
Q_ind_67_anc_9-7,0.000057,0.000000,0.000000,0.000558
Q_ind_68_anc_9-7,0.000134,0.000000,0.000000,0.001185
Q_ind_69_anc_9-7,0.000135,0.000000,0.000000,0.001496
Q_ind_70_anc_9-7,0.000398,0.000000,0.000000,0.004875
Q_ind_71_anc_9-7,0.000471,0.000000,0.000000,0.005430
Q_ind_72_anc_9-7,0.000583,0.000000,0.000000,0.008018
Q_ind_73_anc_9-7,0.000331,0.000000,0.000000,0.004429
Q_ind_74_anc_9-7,0.005073,0.000000,0.000000,0.057115
Q_ind_75_anc_9-7,0.005969,0.000000,0.000000,0.055735
Q_ind_76_anc_9-7,0.000168,0.000000,0.000000,0.001834
Q_ind_77_anc_9-7,0.000156,0.000000,0.000000,0.001770
Q_ind_78_anc_9-7,0.000257,0.000000,0.000000,0.002852
Q_ind_79_anc_9-7,0.001875,0.000000,0.000000,0.025835
Q_ind_80_anc_9-7,0.000336,0.000000,0.000000,0.004027
Q_ind_81_anc_9-7,0.001499,0.000000,0.000000,0.022947
Q_ind_82_anc_9-7,0.000274,0.000000,0.000000,0.003263
Q_ind_83_anc_9-7,0.000363,0.000000,0.000000,0.004506
Q_ind_84_anc_9-7,0.000367,0.000000,0.000000,0.005356
Q_ind_85_anc_9-7,0.001709,0.000000,0.000000,0.026184
Q_ind_86_anc_9-7,0.000630,0.000000,0.000000,0.008747
Q_ind_87_anc_9-7,0.000218,0.000000,0.000000,0.002220
Q_ind_88_anc_9-7,0.003239,0.000000,0.000000,0.048921
Q_ind_89_anc_9-7,0.000550,0.000000,0.000000,0.005797
Q_ind_90_anc_9-7,0.008663,0.000000,0.000000,0.090516
Q_ind_91_anc_9-7,0.000621,0.000000,0.000000,0.006879
Q_ind_92_anc_9-7,0.045950,0.028009,0.000000,0.142252
Q_ind_93_anc_9-7,0.000513,0.000000,0.000000,0.005271
Q_ind_94_anc_9-7,0.079088,0.091609,0.000000,0.171013
Q_ind_95_anc_9-7,0.006736,0.000000,0.000000,0.108746
Q_ind_96_anc_9-7,0.000628,0.000000,0.000000,0.008952
Q_ind_97_anc_9-7,0.000507,0.000000,0.000000,0.005686
Q_ind_98_anc_9-7,0.000227,0.000000,0.000000,0.002114
Q_ind_99_anc_9-7,0.217540,0.216262,0.160680,0.279538
Q_ind_100_anc_9-7,0.000427,0.000000,0.000000,0.005634
Q_ind_101_anc_9-7,0.000102,0.000000,0.000000,0.000882
Q_ind_102_anc_9-7,0.000123,0.000000,0.000000,0.001225
Q_ind_103_anc_9-7,0.000284,0.000000,0.000000,0.003799
Q_ind_104_anc_9-7,0.000108,0.000000,0.000000,0.001139
Q_ind_105_anc_9-7,0.092517,0.097466,0.000000,0.153922
Q_ind_106_anc_9-7,0.000645,0.000000,0.000000,0.006656
Q_ind_107_anc_9-7,0.000215,0.000000,0.000000,0.001906
Q_ind_108_anc_9-7,0.000181,0.000000,0.000000,0.001870
Q_ind_109_anc_9-7,0.000227,0.000000,0.000000,0.002472
Q_ind_110_anc_9-7,0.000156,0.000000,0.000000,0.001476
Q_ind_111_anc_9-7,0.000511,0.000000,0.000000,0.006999
Q_ind_112_anc_9-7,0.000249,0.000000,0.000000,0.001936
Q_ind_113_anc_9-7,0.000357,0.000000,0.000000,0.003851
Q_ind_114_anc_9-7,0.000922,0.000000,0.000000,0.013778
Q_ind_115_anc_9-7,0.000535,0.000000,0.000000,0.006630
Q_ind_116_anc_9-7,0.000154,0.000000,0.000000,0.001203
Q_ind_117_anc_9-7,0.000140,0.000000,0.000000,0.000878
Q_ind_118_anc_9-7,0.000333,0.000000,0.000000,0.003863
Q_ind_119_anc_9-7,0.000429,0.000000,0.000000,0.004016
Q_ind_120_anc_9-7,0.000308,0.000000,0.000000,0.003457
Q_ind_121_anc_9-7,0.001022,0.000000,0.000000,0.013551
Q_ind_122_anc_9-7,0.000431,0.000000,0.000000,0.003770
Q_ind_123_anc_9-7,0.000216,0.000000,0.000000,0.002389
Q_ind_124_anc_9-7,0.036578,0.033527,0.000000,0.111585
Q_ind_125_anc_9-7,0.000263,0.000000,0.000000,0.002472
Q_ind_126_anc_9-7,0.002024,0.000000,0.000000,0.029739
Q_ind_127_anc_9-7,0.001202,0.000000,0.000000,0.016225
Q_ind_128_anc_9-7,0.006887,0.000000,0.000000,0.068168
Q_ind_129_anc_9-7,0.000529,0.000000,0.000000,0.007184
Q_ind_130_anc_9-7,0.001748,0.000000,0.000000,0.025490
Q_ind_131_anc_9-7,0.008948,0.000000,0.000000,0.105814
Q_ind_132_anc_9-7,0.000147,0.000000,0.000000,0.001553
Q_ind_133_anc_9-7,0.000230,0.000000,0.000000,0.002726
Q_ind_134_anc_9-7,0.000378,0.000000,0.000000,0.004480
Q_ind_135_anc_9-7,0.000201,0.000000,0.000000,0.002142
Q_ind_136_anc_9-7,0.000169,0.000000,0.000000,0.002130
Q_ind_137_anc_9-7,0.000336,0.000000,0.000000,0.003090
Q_ind_138_anc_9-7,0.000176,0.000000,0.000000,0.001884
Q_ind_139_anc_9-7,0.000501,0.000000,0.000000,0.006996
Q_ind_140_anc_9-7,0.000126,0.000000,0.000000,0.001358
Q_ind_141_anc_9-7,0.000166,0.000000,0.000000,0.001790
Q_ind_142_anc_9-7,0.001748,0.000000,0.000000,0.024801
Q_ind_143_anc_9-7,0.000108,0.000000,0.000000,0.001253
Q_ind_144_anc_9-7,0.000168,0.000000,0.000000,0.001933
Q_ind_145_anc_9-7,0.000072,0.000000,0.000000,0.000630
Q_ind_146_anc_9-7,0.000600,0.000000,0.000000,0.008169
Q_ind_147_anc_9-7,0.000097,0.000000,0.000000,0.001034
Q_ind_148_anc_9-7,0.000394,0.000000,0.000000,0.005187
Q_ind_149_anc_9-7,0.050048,0.051970,0.000000,0.114503
Q_ind_150_anc_9-7,0.000094,0.000000,0.000000,0.000923
Q_ind_151_anc_9-7,0.000105,0.000000,0.000000,0.000886
Q_ind_152_anc_9-7,0.000123,0.000000,0.000000,0.001263
Q_ind_153_anc_9-7,0.000092,0.000000,0.000000,0.000639
Q_ind_154_anc_9-7,0.000348,0.000000,0.000000,0.003667
Q_ind_155_anc_9-7,0.025269,0.000000,0.000000,0.100421
Q_ind_156_anc_9-7,0.000137,0.000000,0.000000,0.001254
Q_ind_157_anc_9-7,0.002836,0.000000,0.000000,0.034287
Q_ind_158_anc_9-7,0.000326,0.000000,0.000000,0.003792
Q_ind_159_anc_9-7,0.000175,0.000000,0.000000,0.001756
Q_ind_160_anc_9-7,0.000138,0.000000,0.000000,0.001059
Q_ind_161_anc_9-7,0.000168,0.000000,0.000000,0.001948
Q_ind_162_anc_9-7,0.000087,0.000000,0.000000,0.000650
Q_ind_163_anc_9-7,0.000219,0.000000,0.000000,0.002275
Q_ind_164_anc_9-7,0.000157,0.000000,0.000000,0.002407
Q_ind_165_anc_9-7,0.000225,0.000000,0.000000,0.002645
Q_ind_166_anc_9-7,0.000170,0.000000,0.000000,0.001607
Q_ind_167_anc_9-7,0.000234,0.000000,0.000000,0.002245
Q_ind_168_anc_9-7,0.000195,0.000000,0.000000,0.001920
Q_ind_169_anc_9-7,0.000524,0.000000,0.000000,0.005171
Q_ind_170_anc_9-7,0.000103,0.000000,0.000000,0.000820
Q_ind_171_anc_9-7,0.000504,0.000000,0.000000,0.006695
Q_ind_172_anc_9-7,0.000115,0.000000,0.000000,0.001028
Q_ind_173_anc_9-7,0.000105,0.000000,0.000000,0.001102
Q_ind_174_anc_9-7,0.000189,0.000000,0.000000,0.002004
Q_ind_175_anc_9-7,0.000600,0.000000,0.000000,0.007788
Q_ind_176_anc_9-7,0.058419,0.063754,0.000000,0.118480
Q_ind_177_anc_9-7,0.000132,0.000000,0.000000,0.001289
Q_ind_178_anc_9-7,0.000169,0.000000,0.000000,0.001932
Q_ind_179_anc_9-7,0.000609,0.000000,0.000000,0.008617
Q_ind_180_anc_9-7,0.000170,0.000000,0.000000,0.001806
Q_ind_181_anc_9-7,0.004813,0.000000,0.000000,0.057251
Q_ind_182_anc_9-7,0.000248,0.000000,0.000000,0.003399
Q_ind_183_anc_9-7,0.000217,0.000000,0.000000,0.002042
Q_ind_184_anc_9-7,0.001252,0.000000,0.000000,0.016284
Q_ind_185_anc_9-7,0.000123,0.000000,0.000000,0.001242
Q_ind_186_anc_9-7,0.000071,0.000000,0.000000,0.000512
Q_ind_187_anc_9-7,0.000109,0.000000,0.000000,0.001179
Q_ind_188_anc_9-7,0.000095,0.000000,0.000000,0.000956
Q_ind_189_anc_9-7,0.000098,0.000000,0.000000,0.000874
Q_ind_190_anc_9-7,0.000108,0.000000,0.000000,0.001076
Q_ind_191_anc_9-7,0.000088,0.000000,0.000000,0.000833
Q_ind_192_anc_9-7,0.000206,0.000000,0.000000,0.001449
Q_ind_193_anc_9-7,0.000174,0.000000,0.000000,0.001718
Q_ind_194_anc_9-7,0.000027,0.000000,0.000000,0.000276
Q_ind_195_anc_9-7,0.000109,0.000000,0.000000,0.001101
Q_ind_196_anc_9-7,0.000043,0.000000,0.000000,0.000356
Q_ind_197_anc_9-7,0.000043,0.000000,0.000000,0.000429
Q_ind_198_anc_9-7,0.000036,0.000000,0.000000,0.000321
Q_ind_199_anc_9-7,0.000077,0.000000,0.000000,0.000905
Q_ind_200_anc_9-7,0.000049,0.000000,0.000000,0.000410
Q_ind_201_anc_9-7,0.000415,0.000000,0.000000,0.005231
Q_ind_202_anc_9-7,0.000100,0.000000,0.000000,0.001061
Q_ind_203_anc_9-7,0.000203,0.000000,0.000000,0.002307
Q_ind_204_anc_9-7,0.000200,0.000000,0.000000,0.001721
Q_ind_205_anc_9-7,0.000363,0.000000,0.000000,0.003928
Q_ind_206_anc_9-7,0.000324,0.000000,0.000000,0.003599
Q_ind_207_anc_9-7,0.000632,0.000000,0.000000,0.008534
Q_ind_208_anc_9-7,0.001311,0.000000,0.000000,0.018374
Q_ind_209_anc_9-7,0.000104,0.000000,0.000000,0.001123
Q_ind_210_anc_9-7,0.000175,0.000000,0.000000,0.002019
Q_ind_211_anc_9-7,0.000164,0.000000,0.000000,0.001573
Q_ind_212_anc_9-7,0.020169,0.000000,0.000000,0.106159
Q_ind_213_anc_9-7,0.000255,0.000000,0.000000,0.003316
Q_ind_214_anc_9-7,0.001963,0.000000,0.000000,0.026853
Q_ind_215_anc_9-7,0.000927,0.000000,0.000000,0.012287
Q_ind_216_anc_9-7,0.002176,0.000000,0.000000,0.031423
Q_ind_217_anc_9-7,0.000069,0.000000,0.000000,0.000539
Q_ind_218_anc_9-7,0.016502,0.000000,0.000000,0.074743
Q_ind_219_anc_9-7,0.001189,0.000000,0.000000,0.016456
Q_ind_220_anc_9-7,0.009258,0.000000,0.000000,0.063084
Q_ind_221_anc_9-7,0.046415,0.050565,0.000000,0.117850
Q_ind_222_anc_9-7,0.000538,0.000000,0.000000,0.007359
Q_ind_223_anc_9-7,0.003982,0.000000,0.000000,0.046052
Q_ind_224_anc_9-7,0.000514,0.000000,0.000000,0.007240
Q_ind_225_anc_9-7,0.020973,0.000000,0.000000,0.092343
Q_ind_226_anc_9-7,0.000681,0.000000,0.000000,0.008497
Q_ind_227_anc_9-7,0.000913,0.000000,0.000000,0.011719
Q_ind_228_anc_9-7,0.006680,0.000000,0.000000,0.056486
Q_ind_229_anc_9-7,0.001445,0.000000,0.000000,0.019109
Q_ind_230_anc_9-7,0.000337,0.000000,0.000000,0.003359
Q_ind_231_anc_9-7,0.013611,0.000000,0.000000,0.088128
Q_ind_232_anc_9-7,0.000430,0.000000,0.000000,0.005162
Q_ind_233_anc_9-7,0.020041,0.000001,0.000000,0.080135
Q_ind_234_anc_9-7,0.003977,0.000000,0.000000,0.040730
Q_ind_235_anc_9-7,0.000292,0.000000,0.000000,0.003774
Q_ind_236_anc_9-7,0.000137,0.000000,0.000000,0.001108
Q_ind_237_anc_9-7,0.000282,0.000000,0.000000,0.002986
Q_ind_238_anc_9-7,0.000211,0.000000,0.000000,0.001942
Q_ind_239_anc_9-7,0.000676,0.000000,0.000000,0.010000
Q_ind_240_anc_9-7,0.000489,0.000000,0.000000,0.005849
Q_ind_241_anc_9-7,0.001047,0.000000,0.000000,0.016414
Q_ind_242_anc_9-7,0.002037,0.000000,0.000000,0.024389
Q_ind_243_anc_9-7,0.000539,0.000000,0.000000,0.007429
Q_ind_244_anc_9-7,0.000452,0.000000,0.000000,0.006173
Q_ind_245_anc_9-7,0.000332,0.000000,0.000000,0.003340
Q_ind_1_anc_9-8,0.000207,0.000000,0.000000,0.001539
Q_ind_2_anc_9-8,0.000147,0.000000,0.000000,0.001638
Q_ind_3_anc_9-8,0.000149,0.000000,0.000000,0.001210
Q_ind_4_anc_9-8,0.000162,0.000000,0.000000,0.001180
Q_ind_5_anc_9-8,0.014131,0.000000,0.000000,0.072331
Q_ind_6_anc_9-8,0.000374,0.000000,0.000000,0.004578
Q_ind_7_anc_9-8,0.000133,0.000000,0.000000,0.001478
Q_ind_8_anc_9-8,0.000224,0.000000,0.000000,0.002870
Q_ind_9_anc_9-8,0.000183,0.000000,0.000000,0.001595
Q_ind_10_anc_9-8,0.000092,0.000000,0.000000,0.000837
Q_ind_11_anc_9-8,0.000333,0.000000,0.000000,0.003843
Q_ind_12_anc_9-8,0.000381,0.000000,0.000000,0.004722
Q_ind_13_anc_9-8,0.000790,0.000000,0.000000,0.012291
Q_ind_14_anc_9-8,0.000651,0.000000,0.000000,0.009084
Q_ind_15_anc_9-8,0.000158,0.000000,0.000000,0.001797
Q_ind_16_anc_9-8,0.000161,0.000000,0.000000,0.001561
Q_ind_17_anc_9-8,0.000815,0.000000,0.000000,0.011953
Q_ind_18_anc_9-8,0.001544,0.000000,0.000000,0.021078
Q_ind_19_anc_9-8,0.000465,0.000000,0.000000,0.005570
Q_ind_20_anc_9-8,0.100913,0.106991,0.000000,0.168236
Q_ind_21_anc_9-8,0.003869,0.000000,0.000000,0.056789
Q_ind_22_anc_9-8,0.000382,0.000000,0.000000,0.004679
Q_ind_23_anc_9-8,0.000542,0.000000,0.000000,0.007144
Q_ind_24_anc_9-8,0.001823,0.000000,0.000000,0.026570
Q_ind_25_anc_9-8,0.000367,0.000000,0.000000,0.004155
Q_ind_26_anc_9-8,0.000152,0.000000,0.000000,0.001264
Q_ind_27_anc_9-8,0.000181,0.000000,0.000000,0.001864
Q_ind_28_anc_9-8,0.000271,0.000000,0.000000,0.003378
Q_ind_29_anc_9-8,0.000251,0.000000,0.000000,0.002721
Q_ind_30_anc_9-8,0.000097,0.000000,0.000000,0.000920
Q_ind_31_anc_9-8,0.000621,0.000000,0.000000,0.008517
Q_ind_32_anc_9-8,0.000377,0.000000,0.000000,0.003593
Q_ind_33_anc_9-8,0.000465,0.000000,0.000000,0.005489
Q_ind_34_anc_9-8,0.000199,0.000000,0.000000,0.002351
Q_ind_35_anc_9-8,0.000240,0.000000,0.000000,0.002984
Q_ind_36_anc_9-8,0.000104,0.000000,0.000000,0.001151
Q_ind_37_anc_9-8,0.005675,0.000000,0.000000,0.048894
Q_ind_38_anc_9-8,0.000193,0.000000,0.000000,0.002322
Q_ind_39_anc_9-8,0.056513,0.068764,0.000000,0.137137
Q_ind_40_anc_9-8,0.000376,0.000000,0.000000,0.003097
Q_ind_41_anc_9-8,0.027732,0.000016,0.000000,0.101783
Q_ind_42_anc_9-8,0.000257,0.000000,0.000000,0.002900
Q_ind_43_anc_9-8,0.000328,0.000000,0.000000,0.003494
Q_ind_44_anc_9-8,0.000239,0.000000,0.000000,0.002338
Q_ind_45_anc_9-8,0.000296,0.000000,0.000000,0.003136
Q_ind_46_anc_9-8,0.000284,0.000000,0.000000,0.003347
Q_ind_47_anc_9-8,0.000120,0.000000,0.000000,0.001110
Q_ind_48_anc_9-8,0.000161,0.000000,0.000000,0.001407
Q_ind_49_anc_9-8,0.000265,0.000000,0.000000,0.003642
Q_ind_50_anc_9-8,0.000088,0.000000,0.000000,0.000804
Q_ind_51_anc_9-8,0.000218,0.000000,0.000000,0.002059
Q_ind_52_anc_9-8,0.000147,0.000000,0.000000,0.001810
Q_ind_53_anc_9-8,0.000170,0.000000,0.000000,0.001592
Q_ind_54_anc_9-8,0.000139,0.000000,0.000000,0.001165
Q_ind_55_anc_9-8,0.000200,0.000000,0.000000,0.001816
Q_ind_56_anc_9-8,0.000173,0.000000,0.000000,0.001800
Q_ind_57_anc_9-8,0.003581,0.000000,0.000000,0.054445
Q_ind_58_anc_9-8,0.000132,0.000000,0.000000,0.001452
Q_ind_59_anc_9-8,0.000462,0.000000,0.000000,0.005420
Q_ind_60_anc_9-8,0.000300,0.000000,0.000000,0.004161
Q_ind_61_anc_9-8,0.000122,0.000000,0.000000,0.001343
Q_ind_62_anc_9-8,0.000120,0.000000,0.000000,0.001246
Q_ind_63_anc_9-8,0.000090,0.000000,0.000000,0.000818
Q_ind_64_anc_9-8,0.000121,0.000000,0.000000,0.001111
Q_ind_65_anc_9-8,0.000422,0.000000,0.000000,0.005783
Q_ind_66_anc_9-8,0.000112,0.000000,0.000000,0.001296
Q_ind_67_anc_9-8,0.000065,0.000000,0.000000,0.000489
Q_ind_68_anc_9-8,0.000200,0.000000,0.000000,0.002327
Q_ind_69_anc_9-8,0.000306,0.000000,0.000000,0.003206
Q_ind_70_anc_9-8,0.000725,0.000000,0.000000,0.008514
Q_ind_71_anc_9-8,0.000697,0.000000,0.000000,0.009302
Q_ind_72_anc_9-8,0.000514,0.000000,0.000000,0.005992
Q_ind_73_anc_9-8,0.002289,0.000000,0.000000,0.035354
Q_ind_74_anc_9-8,0.002500,0.000000,0.000000,0.039866
Q_ind_75_anc_9-8,0.001181,0.000000,0.000000,0.015655
Q_ind_76_anc_9-8,0.000257,0.000000,0.000000,0.003337
Q_ind_77_anc_9-8,0.000087,0.000000,0.000000,0.000775
Q_ind_78_anc_9-8,0.000185,0.000000,0.000000,0.002005
Q_ind_79_anc_9-8,0.001362,0.000000,0.000000,0.017932
Q_ind_80_anc_9-8,0.000213,0.000000,0.000000,0.002317
Q_ind_81_anc_9-8,0.000730,0.000000,0.000000,0.007607
Q_ind_82_anc_9-8,0.000243,0.000000,0.000000,0.002073
Q_ind_83_anc_9-8,0.000524,0.000000,0.000000,0.006021
Q_ind_84_anc_9-8,0.000274,0.000000,0.000000,0.003442
Q_ind_85_anc_9-8,0.002108,0.000000,0.000000,0.028060
Q_ind_86_anc_9-8,0.000260,0.000000,0.000000,0.001571
Q_ind_87_anc_9-8,0.000270,0.000000,0.000000,0.001804
Q_ind_88_anc_9-8,0.001037,0.000000,0.000000,0.015499
Q_ind_89_anc_9-8,0.000538,0.000000,0.000000,0.006518
Q_ind_90_anc_9-8,0.006782,0.000000,0.000000,0.089048
Q_ind_91_anc_9-8,0.000197,0.000000,0.000000,0.002128
Q_ind_92_anc_9-8,0.000613,0.000000,0.000000,0.008700
Q_ind_93_anc_9-8,0.005159,0.000000,0.000000,0.080648
Q_ind_94_anc_9-8,0.004141,0.000000,0.000000,0.072939
Q_ind_95_anc_9-8,0.013706,0.000000,0.000000,0.114324
Q_ind_96_anc_9-8,0.000251,0.000000,0.000000,0.003191
Q_ind_97_anc_9-8,0.000150,0.000000,0.000000,0.001379
Q_ind_98_anc_9-8,0.003858,0.000000,0.000000,0.052510
Q_ind_99_anc_9-8,0.165751,0.164732,0.100937,0.236978
Q_ind_100_anc_9-8,0.000123,0.000000,0.000000,0.000856
Q_ind_101_anc_9-8,0.000122,0.000000,0.000000,0.000948
Q_ind_102_anc_9-8,0.000083,0.000000,0.000000,0.000853
Q_ind_103_anc_9-8,0.000652,0.000000,0.000000,0.009315
Q_ind_104_anc_9-8,0.000225,0.000000,0.000000,0.001618
Q_ind_105_anc_9-8,0.079407,0.094296,0.000000,0.170786
Q_ind_106_anc_9-8,0.000728,0.000000,0.000000,0.007822
Q_ind_107_anc_9-8,0.000367,0.000000,0.000000,0.003372
Q_ind_108_anc_9-8,0.001075,0.000000,0.000000,0.010900
Q_ind_109_anc_9-8,0.000349,0.000000,0.000000,0.004860
Q_ind_110_anc_9-8,0.001104,0.000000,0.000000,0.018141
Q_ind_111_anc_9-8,0.000741,0.000000,0.000000,0.011733
Q_ind_112_anc_9-8,0.002040,0.000000,0.000000,0.032978
Q_ind_113_anc_9-8,0.000293,0.000000,0.000000,0.002673
Q_ind_114_anc_9-8,0.002887,0.000000,0.000000,0.045088
Q_ind_115_anc_9-8,0.000188,0.000000,0.000000,0.001694
Q_ind_116_anc_9-8,0.000341,0.000000,0.000000,0.003751
Q_ind_117_anc_9-8,0.000165,0.000000,0.000000,0.001688
Q_ind_118_anc_9-8,0.000150,0.000000,0.000000,0.001768
Q_ind_119_anc_9-8,0.000120,0.000000,0.000000,0.000897
Q_ind_120_anc_9-8,0.000231,0.000000,0.000000,0.001802
Q_ind_121_anc_9-8,0.000178,0.000000,0.000000,0.001750
Q_ind_122_anc_9-8,0.000248,0.000000,0.000000,0.002541
Q_ind_123_anc_9-8,0.000156,0.000000,0.000000,0.001496
Q_ind_124_anc_9-8,0.067569,0.074428,0.000000,0.153618
Q_ind_125_anc_9-8,0.000213,0.000000,0.000000,0.001747
Q_ind_126_anc_9-8,0.000491,0.000000,0.000000,0.006018
Q_ind_127_anc_9-8,0.002493,0.000000,0.000000,0.033737
Q_ind_128_anc_9-8,0.000429,0.000000,0.000000,0.004566
Q_ind_129_anc_9-8,0.000901,0.000000,0.000000,0.013704
Q_ind_130_anc_9-8,0.000864,0.000000,0.000000,0.011980
Q_ind_131_anc_9-8,0.122412,0.129984,0.000000,0.181515
Q_ind_132_anc_9-8,0.122664,0.120911,0.062757,0.193370
Q_ind_133_anc_9-8,0.000085,0.000000,0.000000,0.000711
Q_ind_134_anc_9-8,0.000368,0.000000,0.000000,0.005250
Q_ind_135_anc_9-8,0.000130,0.000000,0.000000,0.001091
Q_ind_136_anc_9-8,0.000624,0.000000,0.000000,0.004207
Q_ind_137_anc_9-8,0.000769,0.000000,0.000000,0.012189
Q_ind_138_anc_9-8,0.000878,0.000000,0.000000,0.014426
Q_ind_139_anc_9-8,0.002154,0.000000,0.000000,0.027921
Q_ind_140_anc_9-8,0.001632,0.000000,0.000000,0.024504
Q_ind_141_anc_9-8,0.000199,0.000000,0.000000,0.002226
Q_ind_142_anc_9-8,0.000732,0.000000,0.000000,0.010778
Q_ind_143_anc_9-8,0.001704,0.000000,0.000000,0.024718
Q_ind_144_anc_9-8,0.000599,0.000000,0.000000,0.008943
Q_ind_145_anc_9-8,0.000050,0.000000,0.000000,0.000416
Q_ind_146_anc_9-8,0.000359,0.000000,0.000000,0.003881
Q_ind_147_anc_9-8,0.000166,0.000000,0.000000,0.002005
Q_ind_148_anc_9-8,0.000616,0.000000,0.000000,0.009104
Q_ind_149_anc_9-8,0.001478,0.000000,0.000000,0.024180
Q_ind_150_anc_9-8,0.000360,0.000000,0.000000,0.004448
Q_ind_151_anc_9-8,0.000061,0.000000,0.000000,0.000555
Q_ind_152_anc_9-8,0.000156,0.000000,0.000000,0.001587
Q_ind_153_anc_9-8,0.000098,0.000000,0.000000,0.001057
Q_ind_154_anc_9-8,0.000700,0.000000,0.000000,0.011507
Q_ind_155_anc_9-8,0.029773,0.000052,0.000000,0.113500
Q_ind_156_anc_9-8,0.000142,0.000000,0.000000,0.001739
Q_ind_157_anc_9-8,0.000477,0.000000,0.000000,0.006235
Q_ind_158_anc_9-8,0.000161,0.000000,0.000000,0.001284
Q_ind_159_anc_9-8,0.000127,0.000000,0.000000,0.001417
Q_ind_160_anc_9-8,0.000187,0.000000,0.000000,0.001957
Q_ind_161_anc_9-8,0.000142,0.000000,0.000000,0.001859
Q_ind_162_anc_9-8,0.000233,0.000000,0.000000,0.002788
Q_ind_163_anc_9-8,0.000093,0.000000,0.000000,0.001026
Q_ind_164_anc_9-8,0.000353,0.000000,0.000000,0.004218
Q_ind_165_anc_9-8,0.000790,0.000000,0.000000,0.011746
Q_ind_166_anc_9-8,0.000279,0.000000,0.000000,0.002742
Q_ind_167_anc_9-8,0.000138,0.000000,0.000000,0.001323
Q_ind_168_anc_9-8,0.001017,0.000000,0.000000,0.015682
Q_ind_169_anc_9-8,0.002013,0.000000,0.000000,0.026750
Q_ind_170_anc_9-8,0.000077,0.000000,0.000000,0.000748
Q_ind_171_anc_9-8,0.000443,0.000000,0.000000,0.005133
Q_ind_172_anc_9-8,0.000159,0.000000,0.000000,0.001995
Q_ind_173_anc_9-8,0.000152,0.000000,0.000000,0.001642
Q_ind_174_anc_9-8,0.000146,0.000000,0.000000,0.001318
Q_ind_175_anc_9-8,0.008641,0.000000,0.000000,0.077038
Q_ind_176_anc_9-8,0.005921,0.000000,0.000000,0.057090
Q_ind_177_anc_9-8,0.000067,0.000000,0.000000,0.000693
Q_ind_178_anc_9-8,0.000625,0.000000,0.000000,0.007761
Q_ind_179_anc_9-8,0.000338,0.000000,0.000000,0.004079
Q_ind_180_anc_9-8,0.000146,0.000000,0.000000,0.001516
Q_ind_181_anc_9-8,0.009266,0.000000,0.000000,0.080896
Q_ind_182_anc_9-8,0.000150,0.000000,0.000000,0.002015
Q_ind_183_anc_9-8,0.000129,0.000000,0.000000,0.001138
Q_ind_184_anc_9-8,0.001000,0.000000,0.000000,0.013840
Q_ind_185_anc_9-8,0.000645,0.000000,0.000000,0.005936
Q_ind_186_anc_9-8,0.000293,0.000000,0.000000,0.002404
Q_ind_187_anc_9-8,0.000164,0.000000,0.000000,0.001472
Q_ind_188_anc_9-8,0.000510,0.000000,0.000000,0.006900
Q_ind_189_anc_9-8,0.000429,0.000000,0.000000,0.004280
Q_ind_190_anc_9-8,0.002114,0.000000,0.000000,0.030201
Q_ind_191_anc_9-8,0.000390,0.000000,0.000000,0.004315
Q_ind_192_anc_9-8,0.000226,0.000000,0.000000,0.003145
Q_ind_193_anc_9-8,0.000398,0.000000,0.000000,0.004639
Q_ind_194_anc_9-8,0.000044,0.000000,0.000000,0.000391
Q_ind_195_anc_9-8,0.000089,0.000000,0.000000,0.000673
Q_ind_196_anc_9-8,0.000045,0.000000,0.000000,0.000384
Q_ind_197_anc_9-8,0.000054,0.000000,0.000000,0.000461
Q_ind_198_anc_9-8,0.000035,0.000000,0.000000,0.000356
Q_ind_199_anc_9-8,0.000211,0.000000,0.000000,0.001738
Q_ind_200_anc_9-8,0.000055,0.000000,0.000000,0.000457
Q_ind_201_anc_9-8,0.001707,0.000000,0.000000,0.025296
Q_ind_202_anc_9-8,0.000071,0.000000,0.000000,0.000784
Q_ind_203_anc_9-8,0.000153,0.000000,0.000000,0.001505
Q_ind_204_anc_9-8,0.000293,0.000000,0.000000,0.003418
Q_ind_205_anc_9-8,0.000161,0.000000,0.000000,0.001629
Q_ind_206_anc_9-8,0.000219,0.000000,0.000000,0.002163
Q_ind_207_anc_9-8,0.000709,0.000000,0.000000,0.008700
Q_ind_208_anc_9-8,0.006955,0.000000,0.000000,0.065608
Q_ind_209_anc_9-8,0.000200,0.000000,0.000000,0.001706
Q_ind_210_anc_9-8,0.000185,0.000000,0.000000,0.002116
Q_ind_211_anc_9-8,0.000130,0.000000,0.000000,0.001146
Q_ind_212_anc_9-8,0.047060,0.000000,0.000000,0.229270
Q_ind_213_anc_9-8,0.000808,0.000000,0.000000,0.011213
Q_ind_214_anc_9-8,0.003281,0.000000,0.000000,0.045066
Q_ind_215_anc_9-8,0.005637,0.000000,0.000000,0.052734
Q_ind_216_anc_9-8,0.003148,0.000000,0.000000,0.038906
Q_ind_217_anc_9-8,0.000180,0.000000,0.000000,0.001696
Q_ind_218_anc_9-8,0.017027,0.000000,0.000000,0.079263
Q_ind_219_anc_9-8,0.011182,0.000000,0.000000,0.070106
Q_ind_220_anc_9-8,0.001378,0.000000,0.000000,0.017818
Q_ind_221_anc_9-8,0.038769,0.034931,0.000000,0.114935
Q_ind_222_anc_9-8,0.000260,0.000000,0.000000,0.002650
Q_ind_223_anc_9-8,0.002704,0.000000,0.000000,0.037985
Q_ind_224_anc_9-8,0.123724,0.159128,0.000000,0.250947
Q_ind_225_anc_9-8,0.001886,0.000000,0.000000,0.028910
Q_ind_226_anc_9-8,0.000359,0.000000,0.000000,0.003343
Q_ind_227_anc_9-8,0.008248,0.000000,0.000000,0.096045
Q_ind_228_anc_9-8,0.003505,0.000000,0.000000,0.039826
Q_ind_229_anc_9-8,0.004643,0.000000,0.000000,0.056587
Q_ind_230_anc_9-8,0.003640,0.000000,0.000000,0.054987
Q_ind_231_anc_9-8,0.035275,0.000123,0.000000,0.133391
Q_ind_232_anc_9-8,0.036759,0.000000,0.000000,0.209334
Q_ind_233_anc_9-8,0.007244,0.000000,0.000000,0.069432
Q_ind_234_anc_9-8,0.000530,0.000000,0.000000,0.005688
Q_ind_235_anc_9-8,0.001498,0.000000,0.000000,0.022280
Q_ind_236_anc_9-8,0.000098,0.000000,0.000000,0.000992
Q_ind_237_anc_9-8,0.000210,0.000000,0.000000,0.001728
Q_ind_238_anc_9-8,0.000213,0.000000,0.000000,0.002491
Q_ind_239_anc_9-8,0.000410,0.000000,0.000000,0.005348
Q_ind_240_anc_9-8,0.054303,0.061115,0.000000,0.103634
Q_ind_241_anc_9-8,0.000217,0.000000,0.000000,0.002391
Q_ind_242_anc_9-8,0.005815,0.000000,0.000000,0.048943
Q_ind_243_anc_9-8,0.002221,0.000000,0.000000,0.033213
Q_ind_244_anc_9-8,0.000323,0.000000,0.000000,0.001535
Q_ind_245_anc_9-8,0.000939,0.000000,0.000000,0.012838
Q_ind_1_anc_9-9,0.000052,0.000000,0.000000,0.000476
Q_ind_2_anc_9-9,0.000055,0.000000,0.000000,0.000440
Q_ind_3_anc_9-9,0.000113,0.000000,0.000000,0.001332
Q_ind_4_anc_9-9,0.000101,0.000000,0.000000,0.000998
Q_ind_5_anc_9-9,0.000030,0.000000,0.000000,0.000252
Q_ind_6_anc_9-9,0.000096,0.000000,0.000000,0.000870
Q_ind_7_anc_9-9,0.000056,0.000000,0.000000,0.000552
Q_ind_8_anc_9-9,0.000115,0.000000,0.000000,0.001281
Q_ind_9_anc_9-9,0.000082,0.000000,0.000000,0.000688
Q_ind_10_anc_9-9,0.000063,0.000000,0.000000,0.000615
Q_ind_11_anc_9-9,0.000999,0.000000,0.000000,0.013257
Q_ind_12_anc_9-9,0.000115,0.000000,0.000000,0.000960
Q_ind_13_anc_9-9,0.000175,0.000000,0.000000,0.001276
Q_ind_14_anc_9-9,0.000368,0.000000,0.000000,0.003314
Q_ind_15_anc_9-9,0.000555,0.000000,0.000000,0.007404
Q_ind_16_anc_9-9,0.000295,0.000000,0.000000,0.003200
Q_ind_17_anc_9-9,0.000229,0.000000,0.000000,0.001733
Q_ind_18_anc_9-9,0.000892,0.000000,0.000000,0.011438
Q_ind_19_anc_9-9,0.000133,0.000000,0.000000,0.000912
Q_ind_20_anc_9-9,0.000050,0.000000,0.000000,0.000519
Q_ind_21_anc_9-9,0.007930,0.000000,0.000000,0.052852
Q_ind_22_anc_9-9,0.001874,0.000000,0.000000,0.022630
Q_ind_23_anc_9-9,0.000591,0.000000,0.000000,0.009257
Q_ind_24_anc_9-9,0.000394,0.000000,0.000000,0.005446
Q_ind_25_anc_9-9,0.000385,0.000000,0.000000,0.005330
Q_ind_26_anc_9-9,0.000259,0.000000,0.000000,0.003292
Q_ind_27_anc_9-9,0.000127,0.000000,0.000000,0.001273
Q_ind_28_anc_9-9,0.000130,0.000000,0.000000,0.000858
Q_ind_29_anc_9-9,0.000613,0.000000,0.000000,0.008435
Q_ind_30_anc_9-9,0.000141,0.000000,0.000000,0.001573
Q_ind_31_anc_9-9,0.000054,0.000000,0.000000,0.000587
Q_ind_32_anc_9-9,0.000805,0.000000,0.000000,0.011409
Q_ind_33_anc_9-9,0.000141,0.000000,0.000000,0.001381
Q_ind_34_anc_9-9,0.000103,0.000000,0.000000,0.001055
Q_ind_35_anc_9-9,0.000064,0.000000,0.000000,0.000531
Q_ind_36_anc_9-9,0.000048,0.000000,0.000000,0.000495
Q_ind_37_anc_9-9,0.000120,0.000000,0.000000,0.001043
Q_ind_38_anc_9-9,0.000059,0.000000,0.000000,0.000534
Q_ind_39_anc_9-9,0.000061,0.000000,0.000000,0.000640
Q_ind_40_anc_9-9,0.000245,0.000000,0.000000,0.002343
Q_ind_41_anc_9-9,0.000063,0.000000,0.000000,0.000581
Q_ind_42_anc_9-9,0.003764,0.000000,0.000000,0.052409
Q_ind_43_anc_9-9,0.062621,0.066756,0.000000,0.142664
Q_ind_44_anc_9-9,0.013501,0.000000,0.000000,0.094993
Q_ind_45_anc_9-9,0.053578,0.051912,0.000000,0.153682
Q_ind_46_anc_9-9,0.001572,0.000000,0.000000,0.020730
Q_ind_47_anc_9-9,0.186100,0.187193,0.081286,0.290742
Q_ind_48_anc_9-9,0.000637,0.000000,0.000000,0.005423
Q_ind_49_anc_9-9,0.097859,0.103785,0.000000,0.191908
Q_ind_50_anc_9-9,0.005527,0.000000,0.000000,0.071045
Q_ind_51_anc_9-9,0.000157,0.000000,0.000000,0.001700
Q_ind_52_anc_9-9,0.000199,0.000000,0.000000,0.002280
Q_ind_53_anc_9-9,0.000175,0.000000,0.000000,0.001559
Q_ind_54_anc_9-9,0.000901,0.000000,0.000000,0.013173
Q_ind_55_anc_9-9,0.000175,0.000000,0.000000,0.001733
Q_ind_56_anc_9-9,0.000356,0.000000,0.000000,0.003812
Q_ind_57_anc_9-9,0.000040,0.000000,0.000000,0.000405
Q_ind_58_anc_9-9,0.000525,0.000000,0.000000,0.007136
Q_ind_59_anc_9-9,0.001600,0.000000,0.000000,0.028132
Q_ind_60_anc_9-9,0.000793,0.000000,0.000000,0.012940
Q_ind_61_anc_9-9,0.000488,0.000000,0.000000,0.006821
Q_ind_62_anc_9-9,0.002416,0.000000,0.000000,0.032070
Q_ind_63_anc_9-9,0.000045,0.000000,0.000000,0.000373
Q_ind_64_anc_9-9,0.000288,0.000000,0.000000,0.004115
Q_ind_65_anc_9-9,0.000611,0.000000,0.000000,0.008593
Q_ind_66_anc_9-9,0.000204,0.000000,0.000000,0.002675
Q_ind_67_anc_9-9,0.000068,0.000000,0.000000,0.000684
Q_ind_68_anc_9-9,0.000272,0.000000,0.000000,0.003662
Q_ind_69_anc_9-9,0.000054,0.000000,0.000000,0.000504
Q_ind_70_anc_9-9,0.000112,0.000000,0.000000,0.001154
Q_ind_71_anc_9-9,0.000608,0.000000,0.000000,0.009364
Q_ind_72_anc_9-9,0.002883,0.000000,0.000000,0.033785
Q_ind_73_anc_9-9,0.004478,0.000000,0.000000,0.025755
Q_ind_74_anc_9-9,0.000132,0.000000,0.000000,0.001388
Q_ind_75_anc_9-9,0.000071,0.000000,0.000000,0.000648
Q_ind_76_anc_9-9,0.000512,0.000000,0.000000,0.006556
Q_ind_77_anc_9-9,0.000086,0.000000,0.000000,0.000856
Q_ind_78_anc_9-9,0.000192,0.000000,0.000000,0.002234
Q_ind_79_anc_9-9,0.000621,0.000000,0.000000,0.008850
Q_ind_80_anc_9-9,0.001542,0.000000,0.000000,0.016142
Q_ind_81_anc_9-9,0.000128,0.000000,0.000000,0.001255
Q_ind_82_anc_9-9,0.000893,0.000000,0.000000,0.012086
Q_ind_83_anc_9-9,0.000204,0.000000,0.000000,0.001906
Q_ind_84_anc_9-9,0.000832,0.000000,0.000000,0.010994
Q_ind_85_anc_9-9,0.000216,0.000000,0.000000,0.001988
Q_ind_86_anc_9-9,0.000182,0.000000,0.000000,0.001800
Q_ind_87_anc_9-9,0.007653,0.000698,0.000000,0.030542
Q_ind_88_anc_9-9,0.001375,0.000000,0.000000,0.021066
Q_ind_89_anc_9-9,0.000461,0.000000,0.000000,0.006191
Q_ind_90_anc_9-9,0.000372,0.000000,0.000000,0.003631
Q_ind_91_anc_9-9,0.000370,0.000000,0.000000,0.005331
Q_ind_92_anc_9-9,0.001261,0.000000,0.000000,0.019016
Q_ind_93_anc_9-9,0.000296,0.000000,0.000000,0.002448
Q_ind_94_anc_9-9,0.000094,0.000000,0.000000,0.000982
Q_ind_95_anc_9-9,0.000971,0.000000,0.000000,0.014004
Q_ind_96_anc_9-9,0.555464,0.535860,0.474332,0.736735
Q_ind_97_anc_9-9,0.587315,0.569863,0.502777,0.766143
Q_ind_98_anc_9-9,0.000062,0.000000,0.000000,0.000445
Q_ind_99_anc_9-9,0.000084,0.000000,0.000000,0.000665
Q_ind_100_anc_9-9,0.693792,0.660737,0.585310,0.930038
Q_ind_101_anc_9-9,0.674852,0.648988,0.582486,0.953567
Q_ind_102_anc_9-9,0.675736,0.651327,0.585798,0.879644
Q_ind_103_anc_9-9,0.686496,0.664382,0.596676,0.880770
Q_ind_104_anc_9-9,0.753665,0.732324,0.669357,0.950978
Q_ind_105_anc_9-9,0.000058,0.000000,0.000000,0.000602
Q_ind_106_anc_9-9,0.533236,0.523105,0.453347,0.669402
Q_ind_107_anc_9-9,0.000263,0.000000,0.000000,0.002690
Q_ind_108_anc_9-9,0.000178,0.000000,0.000000,0.001899
Q_ind_109_anc_9-9,0.000259,0.000000,0.000000,0.003107
Q_ind_110_anc_9-9,0.000398,0.000000,0.000000,0.004681
Q_ind_111_anc_9-9,0.001056,0.000000,0.000000,0.014884
Q_ind_112_anc_9-9,0.000187,0.000000,0.000000,0.001777
Q_ind_113_anc_9-9,0.000226,0.000000,0.000000,0.002343
Q_ind_114_anc_9-9,0.000709,0.000000,0.000000,0.006787
Q_ind_115_anc_9-9,0.387084,0.373830,0.303971,0.533103
Q_ind_116_anc_9-9,0.504620,0.496260,0.425394,0.634309
Q_ind_117_anc_9-9,0.468719,0.452336,0.379574,0.625323
Q_ind_118_anc_9-9,0.451272,0.441907,0.372483,0.584844
Q_ind_119_anc_9-9,0.508202,0.494453,0.416110,0.673043
Q_ind_120_anc_9-9,0.527947,0.510879,0.441313,0.703247
Q_ind_121_anc_9-9,0.499667,0.484611,0.412370,0.657223
Q_ind_122_anc_9-9,0.514580,0.501915,0.425290,0.667820
Q_ind_123_anc_9-9,0.508993,0.493397,0.418371,0.666429
Q_ind_124_anc_9-9,0.067613,0.065056,0.000000,0.174120
Q_ind_125_anc_9-9,0.000104,0.000000,0.000000,0.000947
Q_ind_126_anc_9-9,0.000291,0.000000,0.000000,0.004156
Q_ind_127_anc_9-9,0.012497,0.009596,0.000000,0.040778
Q_ind_128_anc_9-9,0.001233,0.000000,0.000000,0.017794
Q_ind_129_anc_9-9,0.000602,0.000000,0.000000,0.007480
Q_ind_130_anc_9-9,0.004930,0.000000,0.000000,0.038454
Q_ind_131_anc_9-9,0.000045,0.000000,0.000000,0.000370
Q_ind_132_anc_9-9,0.000024,0.000000,0.000000,0.000230
Q_ind_133_anc_9-9,0.000408,0.000000,0.000000,0.005301
Q_ind_134_anc_9-9,0.000616,0.000000,0.000000,0.007852
Q_ind_135_anc_9-9,0.000261,0.000000,0.000000,0.002179
Q_ind_136_anc_9-9,0.000648,0.000000,0.000000,0.008101
Q_ind_137_anc_9-9,0.000444,0.000000,0.000000,0.005615
Q_ind_138_anc_9-9,0.000060,0.000000,0.000000,0.000466
Q_ind_139_anc_9-9,0.000105,0.000000,0.000000,0.000859
Q_ind_140_anc_9-9,0.000574,0.000000,0.000000,0.007695
Q_ind_141_anc_9-9,0.000923,0.000000,0.000000,0.012986
Q_ind_142_anc_9-9,0.000029,0.000000,0.000000,0.000257
Q_ind_143_anc_9-9,0.000598,0.000000,0.000000,0.009104
Q_ind_144_anc_9-9,0.000896,0.000000,0.000000,0.014923
Q_ind_145_anc_9-9,0.000112,0.000000,0.000000,0.001272
Q_ind_146_anc_9-9,0.000920,0.000000,0.000000,0.015260
Q_ind_147_anc_9-9,0.000527,0.000000,0.000000,0.007570
Q_ind_148_anc_9-9,0.000280,0.000000,0.000000,0.003672
Q_ind_149_anc_9-9,0.000086,0.000000,0.000000,0.000977
Q_ind_150_anc_9-9,0.000974,0.000000,0.000000,0.013107
Q_ind_151_anc_9-9,0.000140,0.000000,0.000000,0.001334
Q_ind_152_anc_9-9,0.000152,0.000000,0.000000,0.001178
Q_ind_153_anc_9-9,0.000152,0.000000,0.000000,0.001416
Q_ind_154_anc_9-9,0.001077,0.000000,0.000000,0.016993
Q_ind_155_anc_9-9,0.000026,0.000000,0.000000,0.000220
Q_ind_156_anc_9-9,0.000252,0.000000,0.000000,0.003356
Q_ind_157_anc_9-9,0.000732,0.000000,0.000000,0.011032
Q_ind_158_anc_9-9,0.000195,0.000000,0.000000,0.002664
Q_ind_159_anc_9-9,0.000367,0.000000,0.000000,0.004495
Q_ind_160_anc_9-9,0.000050,0.000000,0.000000,0.000412
Q_ind_161_anc_9-9,0.000057,0.000000,0.000000,0.000572
Q_ind_162_anc_9-9,0.000124,0.000000,0.000000,0.001467
Q_ind_163_anc_9-9,0.000100,0.000000,0.000000,0.001022
Q_ind_164_anc_9-9,0.000579,0.000000,0.000000,0.007881
Q_ind_165_anc_9-9,0.000088,0.000000,0.000000,0.000906
Q_ind_166_anc_9-9,0.000102,0.000000,0.000000,0.001017
Q_ind_167_anc_9-9,0.000465,0.000000,0.000000,0.006643
Q_ind_168_anc_9-9,0.000113,0.000000,0.000000,0.001020
Q_ind_169_anc_9-9,0.000043,0.000000,0.000000,0.000301
Q_ind_170_anc_9-9,0.000096,0.000000,0.000000,0.000902
Q_ind_171_anc_9-9,0.000263,0.000000,0.000000,0.002626
Q_ind_172_anc_9-9,0.000628,0.000000,0.000000,0.008665
Q_ind_173_anc_9-9,0.000139,0.000000,0.000000,0.001607
Q_ind_174_anc_9-9,0.000212,0.000000,0.000000,0.002384
Q_ind_175_anc_9-9,0.000105,0.000000,0.000000,0.000739
Q_ind_176_anc_9-9,0.000047,0.000000,0.000000,0.000393
Q_ind_177_anc_9-9,0.000237,0.000000,0.000000,0.002133
Q_ind_178_anc_9-9,0.000268,0.000000,0.000000,0.003670
Q_ind_179_anc_9-9,0.000126,0.000000,0.000000,0.001452
Q_ind_180_anc_9-9,0.000188,0.000000,0.000000,0.002049
Q_ind_181_anc_9-9,0.000175,0.000000,0.000000,0.001462
Q_ind_182_anc_9-9,0.000168,0.000000,0.000000,0.001825
Q_ind_183_anc_9-9,0.000090,0.000000,0.000000,0.000932
Q_ind_184_anc_9-9,0.000069,0.000000,0.000000,0.000620
Q_ind_185_anc_9-9,0.000372,0.000000,0.000000,0.004261
Q_ind_186_anc_9-9,0.000221,0.000000,0.000000,0.002268
Q_ind_187_anc_9-9,0.000629,0.000000,0.000000,0.008757
Q_ind_188_anc_9-9,0.000165,0.000000,0.000000,0.001067
Q_ind_189_anc_9-9,0.000246,0.000000,0.000000,0.002769
Q_ind_190_anc_9-9,0.000208,0.000000,0.000000,0.002470
Q_ind_191_anc_9-9,0.000446,0.000000,0.000000,0.005000
Q_ind_192_anc_9-9,0.000048,0.000000,0.000000,0.000524
Q_ind_193_anc_9-9,0.000067,0.000000,0.000000,0.000569
Q_ind_194_anc_9-9,0.000029,0.000000,0.000000,0.000225
Q_ind_195_anc_9-9,0.000047,0.000000,0.000000,0.000416
Q_ind_196_anc_9-9,0.000032,0.000000,0.000000,0.000259
Q_ind_197_anc_9-9,0.000027,0.000000,0.000000,0.000265
Q_ind_198_anc_9-9,0.000035,0.000000,0.000000,0.000365
Q_ind_199_anc_9-9,0.000060,0.000000,0.000000,0.000571
Q_ind_200_anc_9-9,0.000038,0.000000,0.000000,0.000368
Q_ind_201_anc_9-9,0.000022,0.000000,0.000000,0.000213
Q_ind_202_anc_9-9,0.000059,0.000000,0.000000,0.000621
Q_ind_203_anc_9-9,0.000111,0.000000,0.000000,0.001036
Q_ind_204_anc_9-9,0.000668,0.000000,0.000000,0.009138
Q_ind_205_anc_9-9,0.000287,0.000000,0.000000,0.003987
Q_ind_206_anc_9-9,0.000429,0.000000,0.000000,0.005719
Q_ind_207_anc_9-9,0.003562,0.000000,0.000000,0.031363
Q_ind_208_anc_9-9,0.000031,0.000000,0.000000,0.000225
Q_ind_209_anc_9-9,0.000193,0.000000,0.000000,0.002714
Q_ind_210_anc_9-9,0.000099,0.000000,0.000000,0.000992
Q_ind_211_anc_9-9,0.000102,0.000000,0.000000,0.000900
Q_ind_212_anc_9-9,0.000040,0.000000,0.000000,0.000354
Q_ind_213_anc_9-9,0.000189,0.000000,0.000000,0.001803
Q_ind_214_anc_9-9,0.000113,0.000000,0.000000,0.001072
Q_ind_215_anc_9-9,0.000061,0.000000,0.000000,0.000576
Q_ind_216_anc_9-9,0.000261,0.000000,0.000000,0.002887
Q_ind_217_anc_9-9,0.000083,0.000000,0.000000,0.000977
Q_ind_218_anc_9-9,0.000070,0.000000,0.000000,0.000856
Q_ind_219_anc_9-9,0.000231,0.000000,0.000000,0.002482
Q_ind_220_anc_9-9,0.000129,0.000000,0.000000,0.001288
Q_ind_221_anc_9-9,0.000098,0.000000,0.000000,0.001124
Q_ind_222_anc_9-9,0.000249,0.000000,0.000000,0.002167
Q_ind_223_anc_9-9,0.000043,0.000000,0.000000,0.000443
Q_ind_224_anc_9-9,0.000043,0.000000,0.000000,0.000409
Q_ind_225_anc_9-9,0.000124,0.000000,0.000000,0.001011
Q_ind_226_anc_9-9,0.000113,0.000000,0.000000,0.001115
Q_ind_227_anc_9-9,0.000658,0.000000,0.000000,0.010135
Q_ind_228_anc_9-9,0.004034,0.000000,0.000000,0.046761
Q_ind_229_anc_9-9,0.000651,0.000000,0.000000,0.008738
Q_ind_230_anc_9-9,0.000899,0.000000,0.000000,0.012231
Q_ind_231_anc_9-9,0.000041,0.000000,0.000000,0.000304
Q_ind_232_anc_9-9,0.000071,0.000000,0.000000,0.000571
Q_ind_233_anc_9-9,0.000799,0.000000,0.000000,0.011804
Q_ind_234_anc_9-9,0.002522,0.000000,0.000000,0.031760
Q_ind_235_anc_9-9,0.000702,0.000000,0.000000,0.010213
Q_ind_236_anc_9-9,0.000461,0.000000,0.000000,0.004317
Q_ind_237_anc_9-9,0.004854,0.000000,0.000000,0.037152
Q_ind_238_anc_9-9,0.000117,0.000000,0.000000,0.001046
Q_ind_239_anc_9-9,0.000753,0.000000,0.000000,0.011841
Q_ind_240_anc_9-9,0.000096,0.000000,0.000000,0.001002
Q_ind_241_anc_9-9,0.000106,0.000000,0.000000,0.000934
Q_ind_242_anc_9-9,0.000234,0.000000,0.000000,0.002674
Q_ind_243_anc_9-9,0.000087,0.000000,0.000000,0.000794
Q_ind_244_anc_9-9,0.001292,0.000000,0.000000,0.021555
Q_ind_245_anc_9-9,0.000071,0.000000,0.000000,0.000521
Q_ind_1_anc_10-1,0.001508,0.000000,0.000000,0.024196
Q_ind_2_anc_10-1,0.028854,0.000000,0.000000,0.149983
Q_ind_3_anc_10-1,0.003004,0.000000,0.000000,0.042074
Q_ind_4_anc_10-1,0.006905,0.000000,0.000000,0.100747
Q_ind_5_anc_10-1,0.000181,0.000000,0.000000,0.001527
Q_ind_6_anc_10-1,0.013547,0.000000,0.000000,0.103740
Q_ind_7_anc_10-1,0.005297,0.000000,0.000000,0.068330
Q_ind_8_anc_10-1,0.001202,0.000000,0.000000,0.015245
Q_ind_9_anc_10-1,0.029222,0.000000,0.000000,0.154072
Q_ind_10_anc_10-1,0.060437,0.058747,0.000000,0.160971
Q_ind_11_anc_10-1,0.025737,0.000000,0.000000,0.135957
Q_ind_12_anc_10-1,0.046072,0.000437,0.000000,0.162950
Q_ind_13_anc_10-1,0.000626,0.000000,0.000000,0.006811
Q_ind_14_anc_10-1,0.000330,0.000000,0.000000,0.002541
Q_ind_15_anc_10-1,0.000501,0.000000,0.000000,0.006019
Q_ind_16_anc_10-1,0.001122,0.000000,0.000000,0.015870
Q_ind_17_anc_10-1,0.001000,0.000000,0.000000,0.013555
Q_ind_18_anc_10-1,0.001616,0.000000,0.000000,0.024829
Q_ind_19_anc_10-1,0.000568,0.000000,0.000000,0.008042
Q_ind_20_anc_10-1,0.000322,0.000000,0.000000,0.003814
Q_ind_21_anc_10-1,0.000215,0.000000,0.000000,0.001649
Q_ind_22_anc_10-1,0.000506,0.000000,0.000000,0.006545
Q_ind_23_anc_10-1,0.000694,0.000000,0.000000,0.009504
Q_ind_24_anc_10-1,0.001094,0.000000,0.000000,0.016145
Q_ind_25_anc_10-1,0.000505,0.000000,0.000000,0.006890
Q_ind_26_anc_10-1,0.000285,0.000000,0.000000,0.001413
Q_ind_27_anc_10-1,0.000308,0.000000,0.000000,0.002480
Q_ind_28_anc_10-1,0.000287,0.000000,0.000000,0.002883
Q_ind_29_anc_10-1,0.000676,0.000000,0.000000,0.009248
Q_ind_30_anc_10-1,0.000324,0.000000,0.000000,0.003507
Q_ind_31_anc_10-1,0.638253,0.862049,0.000000,0.925831
Q_ind_32_anc_10-1,0.559923,0.724057,0.000000,0.836492
Q_ind_33_anc_10-1,0.573257,0.755211,0.000000,0.840724
Q_ind_34_anc_10-1,0.617796,0.854390,0.000000,0.913557
Q_ind_35_anc_10-1,0.517018,0.727760,0.000000,0.807931
Q_ind_36_anc_10-1,0.635690,0.888112,0.000000,0.932033
Q_ind_37_anc_10-1,0.631479,0.817048,0.000000,0.882259
Q_ind_38_anc_10-1,0.678897,0.908529,0.000000,0.952386
Q_ind_39_anc_10-1,0.300926,0.455931,0.000000,0.573824
Q_ind_40_anc_10-1,0.585210,0.713129,0.000000,0.820865
Q_ind_41_anc_10-1,0.673759,0.772409,0.086901,0.838316
Q_ind_42_anc_10-1,0.000167,0.000000,0.000000,0.001869
Q_ind_43_anc_10-1,0.000744,0.000000,0.000000,0.011865
Q_ind_44_anc_10-1,0.000189,0.000000,0.000000,0.001859
Q_ind_45_anc_10-1,0.000251,0.000000,0.000000,0.003030
Q_ind_46_anc_10-1,0.000526,0.000000,0.000000,0.007242
Q_ind_47_anc_10-1,0.001931,0.000000,0.000000,0.025857
Q_ind_48_anc_10-1,0.000332,0.000000,0.000000,0.003558
Q_ind_49_anc_10-1,0.000450,0.000000,0.000000,0.005986
Q_ind_50_anc_10-1,0.000692,0.000000,0.000000,0.010695
Q_ind_51_anc_10-1,0.000330,0.000000,0.000000,0.003789
Q_ind_52_anc_10-1,0.000362,0.000000,0.000000,0.004371
Q_ind_53_anc_10-1,0.000511,0.000000,0.000000,0.006167
Q_ind_54_anc_10-1,0.000742,0.000000,0.000000,0.010448
Q_ind_55_anc_10-1,0.000492,0.000000,0.000000,0.005954
Q_ind_56_anc_10-1,0.002565,0.000000,0.000000,0.031865
Q_ind_57_anc_10-1,0.022274,0.000000,0.000000,0.113939
Q_ind_58_anc_10-1,0.000383,0.000000,0.000000,0.004605
Q_ind_59_anc_10-1,0.000164,0.000000,0.000000,0.001016
Q_ind_60_anc_10-1,0.000176,0.000000,0.000000,0.001400
Q_ind_61_anc_10-1,0.000990,0.000000,0.000000,0.013359
Q_ind_62_anc_10-1,0.000384,0.000000,0.000000,0.004578
Q_ind_63_anc_10-1,0.000119,0.000000,0.000000,0.001127
Q_ind_64_anc_10-1,0.000148,0.000000,0.000000,0.001938
Q_ind_65_anc_10-1,0.000130,0.000000,0.000000,0.001664
Q_ind_66_anc_10-1,0.000136,0.000000,0.000000,0.001202
Q_ind_67_anc_10-1,0.000178,0.000000,0.000000,0.001814
Q_ind_68_anc_10-1,0.003032,0.000000,0.000000,0.042313
Q_ind_69_anc_10-1,0.000803,0.000000,0.000000,0.008335
Q_ind_70_anc_10-1,0.000849,0.000000,0.000000,0.009045
Q_ind_71_anc_10-1,0.000303,0.000000,0.000000,0.002794
Q_ind_72_anc_10-1,0.000599,0.000000,0.000000,0.006424
Q_ind_73_anc_10-1,0.000562,0.000000,0.000000,0.007256
Q_ind_74_anc_10-1,0.014098,0.000000,0.000000,0.086182
Q_ind_75_anc_10-1,0.000506,0.000000,0.000000,0.005333
Q_ind_76_anc_10-1,0.000204,0.000000,0.000000,0.001920
Q_ind_77_anc_10-1,0.000524,0.000000,0.000000,0.007453
Q_ind_78_anc_10-1,0.000342,0.000000,0.000000,0.004115
Q_ind_79_anc_10-1,0.000731,0.000000,0.000000,0.008730
Q_ind_80_anc_10-1,0.000263,0.000000,0.000000,0.002018
Q_ind_81_anc_10-1,0.000136,0.000000,0.000000,0.001671
Q_ind_82_anc_10-1,0.001523,0.000000,0.000000,0.023432
Q_ind_83_anc_10-1,0.000292,0.000000,0.000000,0.004086
Q_ind_84_anc_10-1,0.000584,0.000000,0.000000,0.008309
Q_ind_85_anc_10-1,0.000417,0.000000,0.000000,0.003930
Q_ind_86_anc_10-1,0.000113,0.000000,0.000000,0.001102
Q_ind_87_anc_10-1,0.000157,0.000000,0.000000,0.001439
Q_ind_88_anc_10-1,0.000522,0.000000,0.000000,0.003113
Q_ind_89_anc_10-1,0.000559,0.000000,0.000000,0.006761
Q_ind_90_anc_10-1,0.000769,0.000000,0.000000,0.007378
Q_ind_91_anc_10-1,0.000960,0.000000,0.000000,0.015566
Q_ind_92_anc_10-1,0.000743,0.000000,0.000000,0.008068
Q_ind_93_anc_10-1,0.000189,0.000000,0.000000,0.001349
Q_ind_94_anc_10-1,0.003191,0.000000,0.000000,0.046890
Q_ind_95_anc_10-1,0.004156,0.000000,0.000000,0.060084
Q_ind_96_anc_10-1,0.000137,0.000000,0.000000,0.001454
Q_ind_97_anc_10-1,0.000359,0.000000,0.000000,0.002289
Q_ind_98_anc_10-1,0.011123,0.000000,0.000000,0.076579
Q_ind_99_anc_10-1,0.002479,0.000000,0.000000,0.040975
Q_ind_100_anc_10-1,0.000172,0.000000,0.000000,0.001509
Q_ind_101_anc_10-1,0.000114,0.000000,0.000000,0.001020
Q_ind_102_anc_10-1,0.000073,0.000000,0.000000,0.000746
Q_ind_103_anc_10-1,0.000219,0.000000,0.000000,0.002639
Q_ind_104_anc_10-1,0.000137,0.000000,0.000000,0.001571
Q_ind_105_anc_10-1,0.012746,0.000000,0.000000,0.077250
Q_ind_106_anc_10-1,0.000968,0.000000,0.000000,0.013412
Q_ind_107_anc_10-1,0.000565,0.000000,0.000000,0.007013
Q_ind_108_anc_10-1,0.002933,0.000000,0.000000,0.058576
Q_ind_109_anc_10-1,0.022171,0.000000,0.000000,0.159533
Q_ind_110_anc_10-1,0.010204,0.000000,0.000000,0.085409
Q_ind_111_anc_10-1,0.037831,0.000000,0.000000,0.144115
Q_ind_112_anc_10-1,0.001062,0.000000,0.000000,0.013427
Q_ind_113_anc_10-1,0.022130,0.000000,0.000000,0.143302
Q_ind_114_anc_10-1,0.031514,0.000001,0.000000,0.152245
Q_ind_115_anc_10-1,0.000491,0.000000,0.000000,0.005543
Q_ind_116_anc_10-1,0.000821,0.000000,0.000000,0.011654
Q_ind_117_anc_10-1,0.000192,0.000000,0.000000,0.001537
Q_ind_118_anc_10-1,0.000282,0.000000,0.000000,0.002671
Q_ind_119_anc_10-1,0.000134,0.000000,0.000000,0.001350
Q_ind_120_anc_10-1,0.000156,0.000000,0.000000,0.001379
Q_ind_121_anc_10-1,0.003343,0.000000,0.000000,0.034616
Q_ind_122_anc_10-1,0.000094,0.000000,0.000000,0.000874
Q_ind_123_anc_10-1,0.000161,0.000000,0.000000,0.001585
Q_ind_124_anc_10-1,0.000529,0.000000,0.000000,0.007349
Q_ind_125_anc_10-1,0.000628,0.000000,0.000000,0.008515
Q_ind_126_anc_10-1,0.000641,0.000000,0.000000,0.009151
Q_ind_127_anc_10-1,0.001303,0.000000,0.000000,0.017252
Q_ind_128_anc_10-1,0.000781,0.000000,0.000000,0.008679
Q_ind_129_anc_10-1,0.000552,0.000000,0.000000,0.006321
Q_ind_130_anc_10-1,0.000188,0.000000,0.000000,0.002440
Q_ind_131_anc_10-1,0.000869,0.000000,0.000000,0.011693
Q_ind_132_anc_10-1,0.057507,0.066991,0.000000,0.143266
Q_ind_133_anc_10-1,0.000558,0.000000,0.000000,0.006720
Q_ind_134_anc_10-1,0.000204,0.000000,0.000000,0.002388
Q_ind_135_anc_10-1,0.003645,0.000000,0.000000,0.038342
Q_ind_136_anc_10-1,0.001326,0.000000,0.000000,0.017029
Q_ind_137_anc_10-1,0.000491,0.000000,0.000000,0.004527
Q_ind_138_anc_10-1,0.038554,0.030059,0.000000,0.114183
Q_ind_139_anc_10-1,0.001137,0.000000,0.000000,0.017433
Q_ind_140_anc_10-1,0.000503,0.000000,0.000000,0.004052
Q_ind_141_anc_10-1,0.000273,0.000000,0.000000,0.002719
Q_ind_142_anc_10-1,0.015551,0.000000,0.000000,0.107577
Q_ind_143_anc_10-1,0.007060,0.000000,0.000000,0.056677
Q_ind_144_anc_10-1,0.011175,0.000000,0.000000,0.068642
Q_ind_145_anc_10-1,0.000127,0.000000,0.000000,0.001391
Q_ind_146_anc_10-1,0.000238,0.000000,0.000000,0.002783
Q_ind_147_anc_10-1,0.000331,0.000000,0.000000,0.003796
Q_ind_148_anc_10-1,0.000201,0.000000,0.000000,0.001868
Q_ind_149_anc_10-1,0.000285,0.000000,0.000000,0.002417
Q_ind_150_anc_10-1,0.000498,0.000000,0.000000,0.006968
Q_ind_151_anc_10-1,0.000508,0.000000,0.000000,0.006662
Q_ind_152_anc_10-1,0.000162,0.000000,0.000000,0.001654
Q_ind_153_anc_10-1,0.000263,0.000000,0.000000,0.003171
Q_ind_154_anc_10-1,0.000107,0.000000,0.000000,0.001219
Q_ind_155_anc_10-1,0.007771,0.000000,0.000000,0.077830
Q_ind_156_anc_10-1,0.005022,0.000000,0.000000,0.054321
Q_ind_157_anc_10-1,0.000555,0.000000,0.000000,0.005882
Q_ind_158_anc_10-1,0.001206,0.000000,0.000000,0.014572
Q_ind_159_anc_10-1,0.004106,0.000000,0.000000,0.053578
Q_ind_160_anc_10-1,0.000277,0.000000,0.000000,0.002354
Q_ind_161_anc_10-1,0.002506,0.000000,0.000000,0.033080
Q_ind_162_anc_10-1,0.027459,0.000203,0.000000,0.094834
Q_ind_163_anc_10-1,0.001950,0.000000,0.000000,0.028497
Q_ind_164_anc_10-1,0.001382,0.000000,0.000000,0.021780
Q_ind_165_anc_10-1,0.022394,0.000000,0.000000,0.144553
Q_ind_166_anc_10-1,0.126626,0.155585,0.000000,0.225521
Q_ind_167_anc_10-1,0.053984,0.047520,0.000000,0.163091
Q_ind_168_anc_10-1,0.000778,0.000000,0.000000,0.009973
Q_ind_169_anc_10-1,0.004866,0.000000,0.000000,0.054266
Q_ind_170_anc_10-1,0.000062,0.000000,0.000000,0.000636
Q_ind_171_anc_10-1,0.000094,0.000000,0.000000,0.000725
Q_ind_172_anc_10-1,0.000089,0.000000,0.000000,0.000708
Q_ind_173_anc_10-1,0.000072,0.000000,0.000000,0.000716
Q_ind_174_anc_10-1,0.000260,0.000000,0.000000,0.002823
Q_ind_175_anc_10-1,0.000368,0.000000,0.000000,0.004283
Q_ind_176_anc_10-1,0.000435,0.000000,0.000000,0.003734
Q_ind_177_anc_10-1,0.000328,0.000000,0.000000,0.003846
Q_ind_178_anc_10-1,0.000180,0.000000,0.000000,0.001191
Q_ind_179_anc_10-1,0.000575,0.000000,0.000000,0.006418
Q_ind_180_anc_10-1,0.000377,0.000000,0.000000,0.004377
Q_ind_181_anc_10-1,0.000627,0.000000,0.000000,0.006848
Q_ind_182_anc_10-1,0.000413,0.000000,0.000000,0.003992
Q_ind_183_anc_10-1,0.000220,0.000000,0.000000,0.001919
Q_ind_184_anc_10-1,0.000262,0.000000,0.000000,0.002142
Q_ind_185_anc_10-1,0.027353,0.000000,0.000000,0.180295
Q_ind_186_anc_10-1,0.001560,0.000000,0.000000,0.027627
Q_ind_187_anc_10-1,0.002775,0.000000,0.000000,0.041537
Q_ind_188_anc_10-1,0.002970,0.000000,0.000000,0.038451
Q_ind_189_anc_10-1,0.000761,0.000000,0.000000,0.008825
Q_ind_190_anc_10-1,0.001413,0.000000,0.000000,0.019821
Q_ind_191_anc_10-1,0.001027,0.000000,0.000000,0.014355
Q_ind_192_anc_10-1,0.016585,0.000000,0.000000,0.108459
Q_ind_193_anc_10-1,0.021532,0.000000,0.000000,0.110950
Q_ind_194_anc_10-1,0.000060,0.000000,0.000000,0.000562
Q_ind_195_anc_10-1,0.060655,0.070682,0.000000,0.150839
Q_ind_196_anc_10-1,0.000049,0.000000,0.000000,0.000450
Q_ind_197_anc_10-1,0.000066,0.000000,0.000000,0.000614
Q_ind_198_anc_10-1,0.000116,0.000000,0.000000,0.001334
Q_ind_199_anc_10-1,0.024251,0.000000,0.000000,0.114747
Q_ind_200_anc_10-1,0.000084,0.000000,0.000000,0.000924
Q_ind_201_anc_10-1,0.043348,0.046608,0.000000,0.117967
Q_ind_202_anc_10-1,0.018746,0.000000,0.000000,0.105523
Q_ind_203_anc_10-1,0.196240,0.265522,0.000000,0.387861
Q_ind_204_anc_10-1,0.298257,0.329240,0.008669,0.443687
Q_ind_205_anc_10-1,0.192921,0.246244,0.000000,0.366095
Q_ind_206_anc_10-1,0.161743,0.210472,0.000000,0.327037
Q_ind_207_anc_10-1,0.378728,0.378882,0.284783,0.471109
Q_ind_208_anc_10-1,0.090646,0.115018,0.000000,0.193449
Q_ind_209_anc_10-1,0.152324,0.216556,0.000000,0.341692
Q_ind_210_anc_10-1,0.278037,0.282471,0.143545,0.389522
Q_ind_211_anc_10-1,0.146747,0.196183,0.000000,0.332144
Q_ind_212_anc_10-1,0.083884,0.036592,0.000000,0.220940
Q_ind_213_anc_10-1,0.000803,0.000000,0.000000,0.011803
Q_ind_214_anc_10-1,0.003622,0.000000,0.000000,0.054204
Q_ind_215_anc_10-1,0.003660,0.000000,0.000000,0.042493
Q_ind_216_anc_10-1,0.009641,0.000000,0.000000,0.072043
Q_ind_217_anc_10-1,0.019749,0.000000,0.000000,0.091920
Q_ind_218_anc_10-1,0.004580,0.000000,0.000000,0.051485
Q_ind_219_anc_10-1,0.011525,0.000000,0.000000,0.082050
Q_ind_220_anc_10-1,0.001509,0.000000,0.000000,0.025285
Q_ind_221_anc_10-1,0.021243,0.000000,0.000000,0.107640
Q_ind_222_anc_10-1,0.026193,0.000000,0.000000,0.136065
Q_ind_223_anc_10-1,0.001398,0.000000,0.000000,0.020586
Q_ind_224_anc_10-1,0.032815,0.000269,0.000000,0.115612
Q_ind_225_anc_10-1,0.000373,0.000000,0.000000,0.004487
Q_ind_226_anc_10-1,0.000374,0.000000,0.000000,0.004325
Q_ind_227_anc_10-1,0.000506,0.000000,0.000000,0.006643
Q_ind_228_anc_10-1,0.000125,0.000000,0.000000,0.001287
Q_ind_229_anc_10-1,0.001376,0.000000,0.000000,0.021971
Q_ind_230_anc_10-1,0.001041,0.000000,0.000000,0.013734
Q_ind_231_anc_10-1,0.000817,0.000000,0.000000,0.011986
Q_ind_232_anc_10-1,0.004209,0.000000,0.000000,0.050877
Q_ind_233_anc_10-1,0.000181,0.000000,0.000000,0.001477
Q_ind_234_anc_10-1,0.000231,0.000000,0.000000,0.002208
Q_ind_235_anc_10-1,0.000889,0.000000,0.000000,0.013135
Q_ind_236_anc_10-1,0.000387,0.000000,0.000000,0.004732
Q_ind_237_anc_10-1,0.000188,0.000000,0.000000,0.002096
Q_ind_238_anc_10-1,0.003145,0.000000,0.000000,0.037068
Q_ind_239_anc_10-1,0.001779,0.000000,0.000000,0.025421
Q_ind_240_anc_10-1,0.000409,0.000000,0.000000,0.004796
Q_ind_241_anc_10-1,0.000822,0.000000,0.000000,0.012326
Q_ind_242_anc_10-1,0.000213,0.000000,0.000000,0.002183
Q_ind_243_anc_10-1,0.003465,0.000000,0.000000,0.045199
Q_ind_244_anc_10-1,0.000124,0.000000,0.000000,0.001244
Q_ind_245_anc_10-1,0.000846,0.000000,0.000000,0.009681
Q_ind_1_anc_10-2,0.000191,0.000000,0.000000,0.001244
Q_ind_2_anc_10-2,0.000598,0.000000,0.000000,0.005605
Q_ind_3_anc_10-2,0.000106,0.000000,0.000000,0.000905
Q_ind_4_anc_10-2,0.001322,0.000000,0.000000,0.020522
Q_ind_5_anc_10-2,0.000785,0.000000,0.000000,0.012098
Q_ind_6_anc_10-2,0.000232,0.000000,0.000000,0.002449
Q_ind_7_anc_10-2,0.000156,0.000000,0.000000,0.001668
Q_ind_8_anc_10-2,0.000234,0.000000,0.000000,0.003322
Q_ind_9_anc_10-2,0.000693,0.000000,0.000000,0.009308
Q_ind_10_anc_10-2,0.000247,0.000000,0.000000,0.003159
Q_ind_11_anc_10-2,0.000441,0.000000,0.000000,0.005778
Q_ind_12_anc_10-2,0.000384,0.000000,0.000000,0.003573
Q_ind_13_anc_10-2,0.000454,0.000000,0.000000,0.006698
Q_ind_14_anc_10-2,0.000262,0.000000,0.000000,0.002183
Q_ind_15_anc_10-2,0.000284,0.000000,0.000000,0.002336
Q_ind_16_anc_10-2,0.000143,0.000000,0.000000,0.001030
Q_ind_17_anc_10-2,0.000276,0.000000,0.000000,0.003035
Q_ind_18_anc_10-2,0.000234,0.000000,0.000000,0.002034
Q_ind_19_anc_10-2,0.000439,0.000000,0.000000,0.006497
Q_ind_20_anc_10-2,0.000210,0.000000,0.000000,0.002073
Q_ind_21_anc_10-2,0.000377,0.000000,0.000000,0.003525
Q_ind_22_anc_10-2,0.000682,0.000000,0.000000,0.008416
Q_ind_23_anc_10-2,0.000251,0.000000,0.000000,0.003512
Q_ind_24_anc_10-2,0.001298,0.000000,0.000000,0.019406
Q_ind_25_anc_10-2,0.000319,0.000000,0.000000,0.003807
Q_ind_26_anc_10-2,0.000098,0.000000,0.000000,0.000758
Q_ind_27_anc_10-2,0.000587,0.000000,0.000000,0.007451
Q_ind_28_anc_10-2,0.000097,0.000000,0.000000,0.000744
Q_ind_29_anc_10-2,0.000972,0.000000,0.000000,0.015641
Q_ind_30_anc_10-2,0.000417,0.000000,0.000000,0.004977
Q_ind_31_anc_10-2,0.000412,0.000000,0.000000,0.005186
Q_ind_32_anc_10-2,0.000229,0.000000,0.000000,0.002115
Q_ind_33_anc_10-2,0.000704,0.000000,0.000000,0.008614
Q_ind_34_anc_10-2,0.000246,0.000000,0.000000,0.002580
Q_ind_35_anc_10-2,0.001454,0.000000,0.000000,0.020412
Q_ind_36_anc_10-2,0.000370,0.000000,0.000000,0.003633
Q_ind_37_anc_10-2,0.000364,0.000000,0.000000,0.003236
Q_ind_38_anc_10-2,0.000283,0.000000,0.000000,0.003158
Q_ind_39_anc_10-2,0.002159,0.000000,0.000000,0.030723
Q_ind_40_anc_10-2,0.003767,0.000000,0.000000,0.055788
Q_ind_41_anc_10-2,0.000159,0.000000,0.000000,0.001361
Q_ind_42_anc_10-2,0.000284,0.000000,0.000000,0.003225
Q_ind_43_anc_10-2,0.000420,0.000000,0.000000,0.004441
Q_ind_44_anc_10-2,0.000110,0.000000,0.000000,0.001042
Q_ind_45_anc_10-2,0.000138,0.000000,0.000000,0.001451
Q_ind_46_anc_10-2,0.000783,0.000000,0.000000,0.011026
Q_ind_47_anc_10-2,0.000552,0.000000,0.000000,0.007843
Q_ind_48_anc_10-2,0.000414,0.000000,0.000000,0.004980
Q_ind_49_anc_10-2,0.000172,0.000000,0.000000,0.001845
Q_ind_50_anc_10-2,0.000280,0.000000,0.000000,0.003088
Q_ind_51_anc_10-2,0.000463,0.000000,0.000000,0.006325
Q_ind_52_anc_10-2,0.000284,0.000000,0.000000,0.003849
Q_ind_53_anc_10-2,0.000263,0.000000,0.000000,0.002977
Q_ind_54_anc_10-2,0.000305,0.000000,0.000000,0.002665
Q_ind_55_anc_10-2,0.000327,0.000000,0.000000,0.004203
Q_ind_56_anc_10-2,0.002110,0.000000,0.000000,0.029841
Q_ind_57_anc_10-2,0.000531,0.000000,0.000000,0.006339
Q_ind_58_anc_10-2,0.000220,0.000000,0.000000,0.001813
Q_ind_59_anc_10-2,0.000253,0.000000,0.000000,0.003261
Q_ind_60_anc_10-2,0.000161,0.000000,0.000000,0.001701
Q_ind_61_anc_10-2,0.003158,0.000000,0.000000,0.035637
Q_ind_62_anc_10-2,0.000985,0.000000,0.000000,0.014988
Q_ind_63_anc_10-2,0.000098,0.000000,0.000000,0.001219
Q_ind_64_anc_10-2,0.000055,0.000000,0.000000,0.000508
Q_ind_65_anc_10-2,0.000187,0.000000,0.000000,0.002077
Q_ind_66_anc_10-2,0.000064,0.000000,0.000000,0.000636
Q_ind_67_anc_10-2,0.000069,0.000000,0.000000,0.000619
Q_ind_68_anc_10-2,0.000950,0.000000,0.000000,0.014147
Q_ind_69_anc_10-2,0.000198,0.000000,0.000000,0.001545
Q_ind_70_anc_10-2,0.000185,0.000000,0.000000,0.001815
Q_ind_71_anc_10-2,0.000237,0.000000,0.000000,0.002754
Q_ind_72_anc_10-2,0.000161,0.000000,0.000000,0.001367
Q_ind_73_anc_10-2,0.000221,0.000000,0.000000,0.002031
Q_ind_74_anc_10-2,0.006459,0.000000,0.000000,0.106832
Q_ind_75_anc_10-2,0.000383,0.000000,0.000000,0.003940
Q_ind_76_anc_10-2,0.000344,0.000000,0.000000,0.003613
Q_ind_77_anc_10-2,0.000136,0.000000,0.000000,0.001581
Q_ind_78_anc_10-2,0.000152,0.000000,0.000000,0.001813
Q_ind_79_anc_10-2,0.000249,0.000000,0.000000,0.002425
Q_ind_80_anc_10-2,0.000064,0.000000,0.000000,0.000510
Q_ind_81_anc_10-2,0.000175,0.000000,0.000000,0.001781
Q_ind_82_anc_10-2,0.000117,0.000000,0.000000,0.001055
Q_ind_83_anc_10-2,0.000148,0.000000,0.000000,0.001265
Q_ind_84_anc_10-2,0.000115,0.000000,0.000000,0.000626
Q_ind_85_anc_10-2,0.000187,0.000000,0.000000,0.002063
Q_ind_86_anc_10-2,0.000169,0.000000,0.000000,0.001265
Q_ind_87_anc_10-2,0.000270,0.000000,0.000000,0.003370
Q_ind_88_anc_10-2,0.001202,0.000000,0.000000,0.016723
Q_ind_89_anc_10-2,0.000627,0.000000,0.000000,0.005626
Q_ind_90_anc_10-2,0.000355,0.000000,0.000000,0.003469
Q_ind_91_anc_10-2,0.000217,0.000000,0.000000,0.002085
Q_ind_92_anc_10-2,0.003082,0.000000,0.000000,0.054306
Q_ind_93_anc_10-2,0.000381,0.000000,0.000000,0.003488
Q_ind_94_anc_10-2,0.000227,0.000000,0.000000,0.002760
Q_ind_95_anc_10-2,0.000158,0.000000,0.000000,0.000936
Q_ind_96_anc_10-2,0.000264,0.000000,0.000000,0.003416
Q_ind_97_anc_10-2,0.000623,0.000000,0.000000,0.010574
Q_ind_98_anc_10-2,0.000152,0.000000,0.000000,0.001716
Q_ind_99_anc_10-2,0.000118,0.000000,0.000000,0.000880
Q_ind_100_anc_10-2,0.000104,0.000000,0.000000,0.001045
Q_ind_101_anc_10-2,0.000273,0.000000,0.000000,0.001477
Q_ind_102_anc_10-2,0.000107,0.000000,0.000000,0.000931
Q_ind_103_anc_10-2,0.000097,0.000000,0.000000,0.000891
Q_ind_104_anc_10-2,0.000097,0.000000,0.000000,0.000823
Q_ind_105_anc_10-2,0.000132,0.000000,0.000000,0.000870
Q_ind_106_anc_10-2,0.000171,0.000000,0.000000,0.001799
Q_ind_107_anc_10-2,0.009101,0.000000,0.000000,0.068811
Q_ind_108_anc_10-2,0.009666,0.000000,0.000000,0.105252
Q_ind_109_anc_10-2,0.020011,0.000000,0.000000,0.132679
Q_ind_110_anc_10-2,0.001470,0.000000,0.000000,0.020312
Q_ind_111_anc_10-2,0.004458,0.000000,0.000000,0.062560
Q_ind_112_anc_10-2,0.001212,0.000000,0.000000,0.015751
Q_ind_113_anc_10-2,0.008586,0.000000,0.000000,0.111351
Q_ind_114_anc_10-2,0.001935,0.000000,0.000000,0.027656
Q_ind_115_anc_10-2,0.000206,0.000000,0.000000,0.002722
Q_ind_116_anc_10-2,0.002518,0.000000,0.000000,0.028660
Q_ind_117_anc_10-2,0.000128,0.000000,0.000000,0.001509
Q_ind_118_anc_10-2,0.001508,0.000000,0.000000,0.022895
Q_ind_119_anc_10-2,0.000147,0.000000,0.000000,0.001059
Q_ind_120_anc_10-2,0.000337,0.000000,0.000000,0.003114
Q_ind_121_anc_10-2,0.000647,0.000000,0.000000,0.009133
Q_ind_122_anc_10-2,0.000093,0.000000,0.000000,0.000956
Q_ind_123_anc_10-2,0.000299,0.000000,0.000000,0.003469
Q_ind_124_anc_10-2,0.000192,0.000000,0.000000,0.001831
Q_ind_125_anc_10-2,0.000245,0.000000,0.000000,0.002762
Q_ind_126_anc_10-2,0.002091,0.000000,0.000000,0.030674
Q_ind_127_anc_10-2,0.000224,0.000000,0.000000,0.001991
Q_ind_128_anc_10-2,0.000214,0.000000,0.000000,0.001879
Q_ind_129_anc_10-2,0.000156,0.000000,0.000000,0.001723
Q_ind_130_anc_10-2,0.001058,0.000000,0.000000,0.015946
Q_ind_131_anc_10-2,0.000606,0.000000,0.000000,0.007910
Q_ind_132_anc_10-2,0.001971,0.000000,0.000000,0.027986
Q_ind_133_anc_10-2,0.000653,0.000000,0.000000,0.008477
Q_ind_134_anc_10-2,0.000209,0.000000,0.000000,0.002754
Q_ind_135_anc_10-2,0.000585,0.000000,0.000000,0.008593
Q_ind_136_anc_10-2,0.000570,0.000000,0.000000,0.008447
Q_ind_137_anc_10-2,0.000304,0.000000,0.000000,0.002351
Q_ind_138_anc_10-2,0.000414,0.000000,0.000000,0.005302
Q_ind_139_anc_10-2,0.001734,0.000000,0.000000,0.026504
Q_ind_140_anc_10-2,0.000965,0.000000,0.000000,0.012471
Q_ind_141_anc_10-2,0.000213,0.000000,0.000000,0.002196
Q_ind_142_anc_10-2,0.044482,0.042402,0.000000,0.133250
Q_ind_143_anc_10-2,0.002914,0.000000,0.000000,0.032545
Q_ind_144_anc_10-2,0.000622,0.000000,0.000000,0.009450
Q_ind_145_anc_10-2,0.000044,0.000000,0.000000,0.000522
Q_ind_146_anc_10-2,0.000172,0.000000,0.000000,0.001610
Q_ind_147_anc_10-2,0.000079,0.000000,0.000000,0.000637
Q_ind_148_anc_10-2,0.000289,0.000000,0.000000,0.004467
Q_ind_149_anc_10-2,0.000096,0.000000,0.000000,0.000825
Q_ind_150_anc_10-2,0.000180,0.000000,0.000000,0.001847
Q_ind_151_anc_10-2,0.000236,0.000000,0.000000,0.002751
Q_ind_152_anc_10-2,0.000116,0.000000,0.000000,0.001136
Q_ind_153_anc_10-2,0.000122,0.000000,0.000000,0.001070
Q_ind_154_anc_10-2,0.000122,0.000000,0.000000,0.001398
Q_ind_155_anc_10-2,0.000250,0.000000,0.000000,0.002651
Q_ind_156_anc_10-2,0.000380,0.000000,0.000000,0.004581
Q_ind_157_anc_10-2,0.000325,0.000000,0.000000,0.004305
Q_ind_158_anc_10-2,0.000372,0.000000,0.000000,0.003083
Q_ind_159_anc_10-2,0.000131,0.000000,0.000000,0.001066
Q_ind_160_anc_10-2,0.000078,0.000000,0.000000,0.000632
Q_ind_161_anc_10-2,0.000113,0.000000,0.000000,0.000962
Q_ind_162_anc_10-2,0.000140,0.000000,0.000000,0.001798
Q_ind_163_anc_10-2,0.000125,0.000000,0.000000,0.001019
Q_ind_164_anc_10-2,0.000177,0.000000,0.000000,0.001828
Q_ind_165_anc_10-2,0.001749,0.000000,0.000000,0.026402
Q_ind_166_anc_10-2,0.000379,0.000000,0.000000,0.002153
Q_ind_167_anc_10-2,0.000383,0.000000,0.000000,0.004799
Q_ind_168_anc_10-2,0.003101,0.000000,0.000000,0.046746
Q_ind_169_anc_10-2,0.001022,0.000000,0.000000,0.015986
Q_ind_170_anc_10-2,0.000153,0.000000,0.000000,0.001296
Q_ind_171_anc_10-2,0.000625,0.000000,0.000000,0.008290
Q_ind_172_anc_10-2,0.000071,0.000000,0.000000,0.000716
Q_ind_173_anc_10-2,0.000139,0.000000,0.000000,0.001398
Q_ind_174_anc_10-2,0.000221,0.000000,0.000000,0.001603
Q_ind_175_anc_10-2,0.001195,0.000000,0.000000,0.018414
Q_ind_176_anc_10-2,0.000688,0.000000,0.000000,0.010235
Q_ind_177_anc_10-2,0.000295,0.000000,0.000000,0.003142
Q_ind_178_anc_10-2,0.000112,0.000000,0.000000,0.001002
Q_ind_179_anc_10-2,0.000115,0.000000,0.000000,0.000969
Q_ind_180_anc_10-2,0.000110,0.000000,0.000000,0.000666
Q_ind_181_anc_10-2,0.000290,0.000000,0.000000,0.003271
Q_ind_182_anc_10-2,0.000323,0.000000,0.000000,0.004233
Q_ind_183_anc_10-2,0.000129,0.000000,0.000000,0.001150
Q_ind_184_anc_10-2,0.000183,0.000000,0.000000,0.001600
Q_ind_185_anc_10-2,0.008344,0.000000,0.000000,0.070544
Q_ind_186_anc_10-2,0.000357,0.000000,0.000000,0.003319
Q_ind_187_anc_10-2,0.000707,0.000000,0.000000,0.010227
Q_ind_188_anc_10-2,0.018587,0.000000,0.000000,0.122103
Q_ind_189_anc_10-2,0.000310,0.000000,0.000000,0.002990
Q_ind_190_anc_10-2,0.000313,0.000000,0.000000,0.003594
Q_ind_191_anc_10-2,0.000842,0.000000,0.000000,0.010551
Q_ind_192_anc_10-2,0.000195,0.000000,0.000000,0.002048
Q_ind_193_anc_10-2,0.000232,0.000000,0.000000,0.002095
Q_ind_194_anc_10-2,0.000027,0.000000,0.000000,0.000210
Q_ind_195_anc_10-2,0.000083,0.000000,0.000000,0.000780
Q_ind_196_anc_10-2,0.000028,0.000000,0.000000,0.000235
Q_ind_197_anc_10-2,0.000040,0.000000,0.000000,0.000400
Q_ind_198_anc_10-2,0.000047,0.000000,0.000000,0.000512
Q_ind_199_anc_10-2,0.000093,0.000000,0.000000,0.000801
Q_ind_200_anc_10-2,0.000045,0.000000,0.000000,0.000437
Q_ind_201_anc_10-2,0.000668,0.000000,0.000000,0.005320
Q_ind_202_anc_10-2,0.000085,0.000000,0.000000,0.000832
Q_ind_203_anc_10-2,0.000276,0.000000,0.000000,0.003292
Q_ind_204_anc_10-2,0.000754,0.000000,0.000000,0.008403
Q_ind_205_anc_10-2,0.001181,0.000000,0.000000,0.016606
Q_ind_206_anc_10-2,0.000906,0.000000,0.000000,0.012724
Q_ind_207_anc_10-2,0.000522,0.000000,0.000000,0.006283
Q_ind_208_anc_10-2,0.001405,0.000000,0.000000,0.024071
Q_ind_209_anc_10-2,0.000282,0.000000,0.000000,0.002706
Q_ind_210_anc_10-2,0.000593,0.000000,0.000000,0.006476
Q_ind_211_anc_10-2,0.000221,0.000000,0.000000,0.001487
Q_ind_212_anc_10-2,0.008335,0.000000,0.000000,0.090914
Q_ind_213_anc_10-2,0.000573,0.000000,0.000000,0.005495
Q_ind_214_anc_10-2,0.005061,0.000000,0.000000,0.062100
Q_ind_215_anc_10-2,0.000353,0.000000,0.000000,0.003714
Q_ind_216_anc_10-2,0.000256,0.000000,0.000000,0.002189
Q_ind_217_anc_10-2,0.000384,0.000000,0.000000,0.003767
Q_ind_218_anc_10-2,0.000834,0.000000,0.000000,0.010772
Q_ind_219_anc_10-2,0.001242,0.000000,0.000000,0.017362
Q_ind_220_anc_10-2,0.000741,0.000000,0.000000,0.010566
Q_ind_221_anc_10-2,0.001133,0.000000,0.000000,0.015263
Q_ind_222_anc_10-2,0.000284,0.000000,0.000000,0.003468
Q_ind_223_anc_10-2,0.000391,0.000000,0.000000,0.004105
Q_ind_224_anc_10-2,0.001801,0.000000,0.000000,0.029328
Q_ind_225_anc_10-2,0.000178,0.000000,0.000000,0.001808
Q_ind_226_anc_10-2,0.000235,0.000000,0.000000,0.002175
Q_ind_227_anc_10-2,0.006400,0.000000,0.000000,0.077978
Q_ind_228_anc_10-2,0.000253,0.000000,0.000000,0.002037
Q_ind_229_anc_10-2,0.009290,0.000000,0.000000,0.115535
Q_ind_230_anc_10-2,0.016793,0.000000,0.000000,0.157051
Q_ind_231_anc_10-2,0.000134,0.000000,0.000000,0.001112
Q_ind_232_anc_10-2,0.002339,0.000000,0.000000,0.034993
Q_ind_233_anc_10-2,0.000343,0.000000,0.000000,0.004598
Q_ind_234_anc_10-2,0.000092,0.000000,0.000000,0.000975
Q_ind_235_anc_10-2,0.000355,0.000000,0.000000,0.004392
Q_ind_236_anc_10-2,0.000301,0.000000,0.000000,0.002045
Q_ind_237_anc_10-2,0.000397,0.000000,0.000000,0.005544
Q_ind_238_anc_10-2,0.000136,0.000000,0.000000,0.001386
Q_ind_239_anc_10-2,0.000120,0.000000,0.000000,0.001145
Q_ind_240_anc_10-2,0.000283,0.000000,0.000000,0.003227
Q_ind_241_anc_10-2,0.000108,0.000000,0.000000,0.001021
Q_ind_242_anc_10-2,0.000244,0.000000,0.000000,0.002530
Q_ind_243_anc_10-2,0.000190,0.000000,0.000000,0.001993
Q_ind_244_anc_10-2,0.000243,0.000000,0.000000,0.001107
Q_ind_245_anc_10-2,0.000122,0.000000,0.000000,0.001281
Q_ind_1_anc_10-3,0.005761,0.000000,0.000000,0.075255
Q_ind_2_anc_10-3,0.045723,0.041653,0.000000,0.130592
Q_ind_3_anc_10-3,0.004787,0.000000,0.000000,0.048766
Q_ind_4_anc_10-3,0.001425,0.000000,0.000000,0.014792
Q_ind_5_anc_10-3,0.000538,0.000000,0.000000,0.006459
Q_ind_6_anc_10-3,0.048500,0.000001,0.000000,0.191947
Q_ind_7_anc_10-3,0.025879,0.000002,0.000000,0.110514
Q_ind_8_anc_10-3,0.000501,0.000000,0.000000,0.005706
Q_ind_9_anc_10-3,0.010982,0.000000,0.000000,0.093935
Q_ind_10_anc_10-3,0.004032,0.000000,0.000000,0.068783
Q_ind_11_anc_10-3,0.035184,0.000167,0.000000,0.127222
Q_ind_12_anc_10-3,0.020719,0.000000,0.000000,0.165674
Q_ind_13_anc_10-3,0.000092,0.000000,0.000000,0.000757
Q_ind_14_anc_10-3,0.000111,0.000000,0.000000,0.001184
Q_ind_15_anc_10-3,0.000474,0.000000,0.000000,0.005976
Q_ind_16_anc_10-3,0.000248,0.000000,0.000000,0.002294
Q_ind_17_anc_10-3,0.000223,0.000000,0.000000,0.002493
Q_ind_18_anc_10-3,0.000178,0.000000,0.000000,0.001900
Q_ind_19_anc_10-3,0.000091,0.000000,0.000000,0.000768
Q_ind_20_anc_10-3,0.000102,0.000000,0.000000,0.000761
Q_ind_21_anc_10-3,0.000127,0.000000,0.000000,0.001276
Q_ind_22_anc_10-3,0.000294,0.000000,0.000000,0.003794
Q_ind_23_anc_10-3,0.000209,0.000000,0.000000,0.002714
Q_ind_24_anc_10-3,0.000386,0.000000,0.000000,0.004895
Q_ind_25_anc_10-3,0.000146,0.000000,0.000000,0.001149
Q_ind_26_anc_10-3,0.000223,0.000000,0.000000,0.002369
Q_ind_27_anc_10-3,0.000139,0.000000,0.000000,0.001623
Q_ind_28_anc_10-3,0.000403,0.000000,0.000000,0.004879
Q_ind_29_anc_10-3,0.000226,0.000000,0.000000,0.002115
Q_ind_30_anc_10-3,0.000298,0.000000,0.000000,0.004138
Q_ind_31_anc_10-3,0.004076,0.000000,0.000000,0.045139
Q_ind_32_anc_10-3,0.000445,0.000000,0.000000,0.004440
Q_ind_33_anc_10-3,0.008801,0.000000,0.000000,0.077778
Q_ind_34_anc_10-3,0.000761,0.000000,0.000000,0.010504
Q_ind_35_anc_10-3,0.000484,0.000000,0.000000,0.005546
Q_ind_36_anc_10-3,0.000240,0.000000,0.000000,0.002502
Q_ind_37_anc_10-3,0.001102,0.000000,0.000000,0.014452
Q_ind_38_anc_10-3,0.001910,0.000000,0.000000,0.039031
Q_ind_39_anc_10-3,0.000437,0.000000,0.000000,0.005772
Q_ind_40_anc_10-3,0.003575,0.000000,0.000000,0.053467
Q_ind_41_anc_10-3,0.000875,0.000000,0.000000,0.009628
Q_ind_42_anc_10-3,0.000223,0.000000,0.000000,0.002604
Q_ind_43_anc_10-3,0.000413,0.000000,0.000000,0.005366
Q_ind_44_anc_10-3,0.000221,0.000000,0.000000,0.002588
Q_ind_45_anc_10-3,0.000089,0.000000,0.000000,0.000840
Q_ind_46_anc_10-3,0.000170,0.000000,0.000000,0.001762
Q_ind_47_anc_10-3,0.000161,0.000000,0.000000,0.001310
Q_ind_48_anc_10-3,0.000145,0.000000,0.000000,0.001677
Q_ind_49_anc_10-3,0.000059,0.000000,0.000000,0.000579
Q_ind_50_anc_10-3,0.000333,0.000000,0.000000,0.004602
Q_ind_51_anc_10-3,0.000204,0.000000,0.000000,0.002859
Q_ind_52_anc_10-3,0.000095,0.000000,0.000000,0.000707
Q_ind_53_anc_10-3,0.000053,0.000000,0.000000,0.000479
Q_ind_54_anc_10-3,0.000242,0.000000,0.000000,0.002593
Q_ind_55_anc_10-3,0.000126,0.000000,0.000000,0.001132
Q_ind_56_anc_10-3,0.000091,0.000000,0.000000,0.000957
Q_ind_57_anc_10-3,0.000101,0.000000,0.000000,0.000951
Q_ind_58_anc_10-3,0.000118,0.000000,0.000000,0.000844
Q_ind_59_anc_10-3,0.000094,0.000000,0.000000,0.000802
Q_ind_60_anc_10-3,0.000124,0.000000,0.000000,0.001383
Q_ind_61_anc_10-3,0.000132,0.000000,0.000000,0.001058
Q_ind_62_anc_10-3,0.000375,0.000000,0.000000,0.004812
Q_ind_63_anc_10-3,0.000455,0.000000,0.000000,0.006708
Q_ind_64_anc_10-3,0.000347,0.000000,0.000000,0.005152
Q_ind_65_anc_10-3,0.000463,0.000000,0.000000,0.006216
Q_ind_66_anc_10-3,0.000125,0.000000,0.000000,0.001282
Q_ind_67_anc_10-3,0.000253,0.000000,0.000000,0.002407
Q_ind_68_anc_10-3,0.000688,0.000000,0.000000,0.010346
Q_ind_69_anc_10-3,0.000257,0.000000,0.000000,0.002971
Q_ind_70_anc_10-3,0.000105,0.000000,0.000000,0.000736
Q_ind_71_anc_10-3,0.000139,0.000000,0.000000,0.001520
Q_ind_72_anc_10-3,0.001392,0.000000,0.000000,0.020520
Q_ind_73_anc_10-3,0.000312,0.000000,0.000000,0.004685
Q_ind_74_anc_10-3,0.000206,0.000000,0.000000,0.001545
Q_ind_75_anc_10-3,0.000563,0.000000,0.000000,0.008100
Q_ind_76_anc_10-3,0.000072,0.000000,0.000000,0.000632
Q_ind_77_anc_10-3,0.000728,0.000000,0.000000,0.010903
Q_ind_78_anc_10-3,0.000424,0.000000,0.000000,0.003754
Q_ind_79_anc_10-3,0.000306,0.000000,0.000000,0.004164
Q_ind_80_anc_10-3,0.000099,0.000000,0.000000,0.000808
Q_ind_81_anc_10-3,0.000221,0.000000,0.000000,0.002101
Q_ind_82_anc_10-3,0.000328,0.000000,0.000000,0.004383
Q_ind_83_anc_10-3,0.000212,0.000000,0.000000,0.002232
Q_ind_84_anc_10-3,0.000185,0.000000,0.000000,0.001555
Q_ind_85_anc_10-3,0.000122,0.000000,0.000000,0.001445
Q_ind_86_anc_10-3,0.000230,0.000000,0.000000,0.002925
Q_ind_87_anc_10-3,0.000758,0.000000,0.000000,0.011475
Q_ind_88_anc_10-3,0.000482,0.000000,0.000000,0.003275
Q_ind_89_anc_10-3,0.000133,0.000000,0.000000,0.001535
Q_ind_90_anc_10-3,0.000058,0.000000,0.000000,0.000494
Q_ind_91_anc_10-3,0.000125,0.000000,0.000000,0.001072
Q_ind_92_anc_10-3,0.000256,0.000000,0.000000,0.002880
Q_ind_93_anc_10-3,0.000144,0.000000,0.000000,0.001657
Q_ind_94_anc_10-3,0.000204,0.000000,0.000000,0.001830
Q_ind_95_anc_10-3,0.000235,0.000000,0.000000,0.002596
Q_ind_96_anc_10-3,0.000104,0.000000,0.000000,0.000932
Q_ind_97_anc_10-3,0.000403,0.000000,0.000000,0.005652
Q_ind_98_anc_10-3,0.000191,0.000000,0.000000,0.002455
Q_ind_99_anc_10-3,0.000102,0.000000,0.000000,0.001223
Q_ind_100_anc_10-3,0.000083,0.000000,0.000000,0.000617
Q_ind_101_anc_10-3,0.000047,0.000000,0.000000,0.000454
Q_ind_102_anc_10-3,0.000058,0.000000,0.000000,0.000532
Q_ind_103_anc_10-3,0.000091,0.000000,0.000000,0.000940
Q_ind_104_anc_10-3,0.000071,0.000000,0.000000,0.000597
Q_ind_105_anc_10-3,0.000336,0.000000,0.000000,0.004510
Q_ind_106_anc_10-3,0.000238,0.000000,0.000000,0.002741
Q_ind_107_anc_10-3,0.007903,0.000000,0.000000,0.063264
Q_ind_108_anc_10-3,0.002530,0.000000,0.000000,0.037540
Q_ind_109_anc_10-3,0.046824,0.001579,0.000000,0.182927
Q_ind_110_anc_10-3,0.020568,0.000000,0.000000,0.144529
Q_ind_111_anc_10-3,0.001067,0.000000,0.000000,0.014278
Q_ind_112_anc_10-3,0.000604,0.000000,0.000000,0.007817
Q_ind_113_anc_10-3,0.002111,0.000000,0.000000,0.030023
Q_ind_114_anc_10-3,0.012699,0.000000,0.000000,0.121847
Q_ind_115_anc_10-3,0.000161,0.000000,0.000000,0.001918
Q_ind_116_anc_10-3,0.000253,0.000000,0.000000,0.003222
Q_ind_117_anc_10-3,0.000129,0.000000,0.000000,0.001437
Q_ind_118_anc_10-3,0.000142,0.000000,0.000000,0.001271
Q_ind_119_anc_10-3,0.000115,0.000000,0.000000,0.001392
Q_ind_120_anc_10-3,0.000075,0.000000,0.000000,0.000839
Q_ind_121_anc_10-3,0.000237,0.000000,0.000000,0.002470
Q_ind_122_anc_10-3,0.000069,0.000000,0.000000,0.000611
Q_ind_123_anc_10-3,0.000123,0.000000,0.000000,0.001336
Q_ind_124_anc_10-3,0.000267,0.000000,0.000000,0.002733
Q_ind_125_anc_10-3,0.000220,0.000000,0.000000,0.002064
Q_ind_126_anc_10-3,0.003521,0.000000,0.000000,0.035809
Q_ind_127_anc_10-3,0.000155,0.000000,0.000000,0.001143
Q_ind_128_anc_10-3,0.000137,0.000000,0.000000,0.001439
Q_ind_129_anc_10-3,0.000230,0.000000,0.000000,0.002824
Q_ind_130_anc_10-3,0.000127,0.000000,0.000000,0.001140
Q_ind_131_anc_10-3,0.000525,0.000000,0.000000,0.005625
Q_ind_132_anc_10-3,0.000111,0.000000,0.000000,0.000882
Q_ind_133_anc_10-3,0.000295,0.000000,0.000000,0.003201
Q_ind_134_anc_10-3,0.000208,0.000000,0.000000,0.002052
Q_ind_135_anc_10-3,0.000335,0.000000,0.000000,0.003150
Q_ind_136_anc_10-3,0.000374,0.000000,0.000000,0.005069
Q_ind_137_anc_10-3,0.000200,0.000000,0.000000,0.001394
Q_ind_138_anc_10-3,0.001394,0.000000,0.000000,0.022017
Q_ind_139_anc_10-3,0.000688,0.000000,0.000000,0.008504
Q_ind_140_anc_10-3,0.000403,0.000000,0.000000,0.005466
Q_ind_141_anc_10-3,0.000254,0.000000,0.000000,0.001624
Q_ind_142_anc_10-3,0.000215,0.000000,0.000000,0.002357
Q_ind_143_anc_10-3,0.000263,0.000000,0.000000,0.003399
Q_ind_144_anc_10-3,0.002945,0.000000,0.000000,0.032329
Q_ind_145_anc_10-3,0.000053,0.000000,0.000000,0.000378
Q_ind_146_anc_10-3,0.000194,0.000000,0.000000,0.002360
Q_ind_147_anc_10-3,0.000116,0.000000,0.000000,0.000896
Q_ind_148_anc_10-3,0.000067,0.000000,0.000000,0.000637
Q_ind_149_anc_10-3,0.000091,0.000000,0.000000,0.001001
Q_ind_150_anc_10-3,0.000245,0.000000,0.000000,0.002998
Q_ind_151_anc_10-3,0.000440,0.000000,0.000000,0.005616
Q_ind_152_anc_10-3,0.000099,0.000000,0.000000,0.000925
Q_ind_153_anc_10-3,0.000056,0.000000,0.000000,0.000521
Q_ind_154_anc_10-3,0.000235,0.000000,0.000000,0.002880
Q_ind_155_anc_10-3,0.000080,0.000000,0.000000,0.000952
Q_ind_156_anc_10-3,0.000835,0.000000,0.000000,0.011324
Q_ind_157_anc_10-3,0.000285,0.000000,0.000000,0.003405
Q_ind_158_anc_10-3,0.002397,0.000000,0.000000,0.030370
Q_ind_159_anc_10-3,0.005129,0.000000,0.000000,0.057959
Q_ind_160_anc_10-3,0.000150,0.000000,0.000000,0.001696
Q_ind_161_anc_10-3,0.000334,0.000000,0.000000,0.002985
Q_ind_162_anc_10-3,0.000640,0.000000,0.000000,0.009235
Q_ind_163_anc_10-3,0.000480,0.000000,0.000000,0.004557
Q_ind_164_anc_10-3,0.002550,0.000000,0.000000,0.034886
Q_ind_165_anc_10-3,0.115652,0.113700,0.054536,0.185751
Q_ind_166_anc_10-3,0.009119,0.000000,0.000000,0.128374
Q_ind_167_anc_10-3,0.003363,0.000000,0.000000,0.065609
Q_ind_168_anc_10-3,0.000632,0.000000,0.000000,0.008768
Q_ind_169_anc_10-3,0.000119,0.000000,0.000000,0.001121
Q_ind_170_anc_10-3,0.000065,0.000000,0.000000,0.000683
Q_ind_171_anc_10-3,0.000145,0.000000,0.000000,0.001291
Q_ind_172_anc_10-3,0.000051,0.000000,0.000000,0.000475
Q_ind_173_anc_10-3,0.000086,0.000000,0.000000,0.001000
Q_ind_174_anc_10-3,0.000107,0.000000,0.000000,0.000573
Q_ind_175_anc_10-3,0.001861,0.000000,0.000000,0.029734
Q_ind_176_anc_10-3,0.000144,0.000000,0.000000,0.001577
Q_ind_177_anc_10-3,0.000252,0.000000,0.000000,0.001793
Q_ind_178_anc_10-3,0.000158,0.000000,0.000000,0.001712
Q_ind_179_anc_10-3,0.000274,0.000000,0.000000,0.002345
Q_ind_180_anc_10-3,0.000323,0.000000,0.000000,0.002814
Q_ind_181_anc_10-3,0.000158,0.000000,0.000000,0.001241
Q_ind_182_anc_10-3,0.000113,0.000000,0.000000,0.001216
Q_ind_183_anc_10-3,0.000089,0.000000,0.000000,0.000696
Q_ind_184_anc_10-3,0.000090,0.000000,0.000000,0.000558
Q_ind_185_anc_10-3,0.000572,0.000000,0.000000,0.008659
Q_ind_186_anc_10-3,0.000669,0.000000,0.000000,0.009143
Q_ind_187_anc_10-3,0.000857,0.000000,0.000000,0.012774
Q_ind_188_anc_10-3,0.000430,0.000000,0.000000,0.005326
Q_ind_189_anc_10-3,0.001003,0.000000,0.000000,0.013621
Q_ind_190_anc_10-3,0.000824,0.000000,0.000000,0.012877
Q_ind_191_anc_10-3,0.000683,0.000000,0.000000,0.010677
Q_ind_192_anc_10-3,0.072441,0.039004,0.000000,0.255104
Q_ind_193_anc_10-3,0.071398,0.037143,0.000000,0.257864
Q_ind_194_anc_10-3,0.000122,0.000000,0.000000,0.001193
Q_ind_195_anc_10-3,0.055415,0.000000,0.000000,0.221512
Q_ind_196_anc_10-3,0.000072,0.000000,0.000000,0.000699
Q_ind_197_anc_10-3,0.000054,0.000000,0.000000,0.000502
Q_ind_198_anc_10-3,0.000076,0.000000,0.000000,0.000771
Q_ind_199_anc_10-3,0.065515,0.044206,0.000000,0.240431
Q_ind_200_anc_10-3,0.000105,0.000000,0.000000,0.000857
Q_ind_201_anc_10-3,0.000146,0.000000,0.000000,0.001233
Q_ind_202_anc_10-3,0.085589,0.067209,0.000000,0.286122
Q_ind_203_anc_10-3,0.013334,0.000000,0.000000,0.106272
Q_ind_204_anc_10-3,0.002431,0.000000,0.000000,0.037618
Q_ind_205_anc_10-3,0.001231,0.000000,0.000000,0.016611
Q_ind_206_anc_10-3,0.000173,0.000000,0.000000,0.002047
Q_ind_207_anc_10-3,0.000236,0.000000,0.000000,0.002784
Q_ind_208_anc_10-3,0.005713,0.000000,0.000000,0.086769
Q_ind_209_anc_10-3,0.006778,0.000000,0.000000,0.071387
Q_ind_210_anc_10-3,0.074262,0.070490,0.000000,0.214572
Q_ind_211_anc_10-3,0.000424,0.000000,0.000000,0.004401
Q_ind_212_anc_10-3,0.000469,0.000000,0.000000,0.003926
Q_ind_213_anc_10-3,0.000285,0.000000,0.000000,0.003146
Q_ind_214_anc_10-3,0.000254,0.000000,0.000000,0.003225
Q_ind_215_anc_10-3,0.000141,0.000000,0.000000,0.001384
Q_ind_216_anc_10-3,0.000504,0.000000,0.000000,0.005998
Q_ind_217_anc_10-3,0.001562,0.000000,0.000000,0.019927
Q_ind_218_anc_10-3,0.000201,0.000000,0.000000,0.001715
Q_ind_219_anc_10-3,0.000285,0.000000,0.000000,0.003350
Q_ind_220_anc_10-3,0.000165,0.000000,0.000000,0.001874
Q_ind_221_anc_10-3,0.000102,0.000000,0.000000,0.001036
Q_ind_222_anc_10-3,0.007352,0.000000,0.000000,0.053447
Q_ind_223_anc_10-3,0.000279,0.000000,0.000000,0.002153
Q_ind_224_anc_10-3,0.000163,0.000000,0.000000,0.001698
Q_ind_225_anc_10-3,0.000539,0.000000,0.000000,0.006584
Q_ind_226_anc_10-3,0.000244,0.000000,0.000000,0.002077
Q_ind_227_anc_10-3,0.001223,0.000000,0.000000,0.016997
Q_ind_228_anc_10-3,0.000595,0.000000,0.000000,0.007702
Q_ind_229_anc_10-3,0.000289,0.000000,0.000000,0.002049
Q_ind_230_anc_10-3,0.001396,0.000000,0.000000,0.019387
Q_ind_231_anc_10-3,0.000155,0.000000,0.000000,0.001491
Q_ind_232_anc_10-3,0.001685,0.000000,0.000000,0.023078
Q_ind_233_anc_10-3,0.000175,0.000000,0.000000,0.001640
Q_ind_234_anc_10-3,0.000186,0.000000,0.000000,0.002164
Q_ind_235_anc_10-3,0.000260,0.000000,0.000000,0.003265
Q_ind_236_anc_10-3,0.000127,0.000000,0.000000,0.001444
Q_ind_237_anc_10-3,0.000132,0.000000,0.000000,0.001048
Q_ind_238_anc_10-3,0.000170,0.000000,0.000000,0.001456
Q_ind_239_anc_10-3,0.000144,0.000000,0.000000,0.001686
Q_ind_240_anc_10-3,0.000131,0.000000,0.000000,0.001071
Q_ind_241_anc_10-3,0.000099,0.000000,0.000000,0.001023
Q_ind_242_anc_10-3,0.000300,0.000000,0.000000,0.003942
Q_ind_243_anc_10-3,0.000165,0.000000,0.000000,0.001771
Q_ind_244_anc_10-3,0.000116,0.000000,0.000000,0.001049
Q_ind_245_anc_10-3,0.000172,0.000000,0.000000,0.001539
Q_ind_1_anc_10-4,0.000491,0.000000,0.000000,0.005754
Q_ind_2_anc_10-4,0.001515,0.000000,0.000000,0.020262
Q_ind_3_anc_10-4,0.001427,0.000000,0.000000,0.018707
Q_ind_4_anc_10-4,0.002035,0.000000,0.000000,0.030051
Q_ind_5_anc_10-4,0.003221,0.000000,0.000000,0.043405
Q_ind_6_anc_10-4,0.000475,0.000000,0.000000,0.005419
Q_ind_7_anc_10-4,0.000208,0.000000,0.000000,0.001683
Q_ind_8_anc_10-4,0.000692,0.000000,0.000000,0.010855
Q_ind_9_anc_10-4,0.000249,0.000000,0.000000,0.002801
Q_ind_10_anc_10-4,0.000446,0.000000,0.000000,0.004744
Q_ind_11_anc_10-4,0.000806,0.000000,0.000000,0.004238
Q_ind_12_anc_10-4,0.010038,0.000000,0.000000,0.067138
Q_ind_13_anc_10-4,0.000768,0.000000,0.000000,0.011153
Q_ind_14_anc_10-4,0.000178,0.000000,0.000000,0.001474
Q_ind_15_anc_10-4,0.002927,0.000000,0.000000,0.038412
Q_ind_16_anc_10-4,0.000784,0.000000,0.000000,0.010624
Q_ind_17_anc_10-4,0.002358,0.000000,0.000000,0.036786
Q_ind_18_anc_10-4,0.000537,0.000000,0.000000,0.007365
Q_ind_19_anc_10-4,0.000335,0.000000,0.000000,0.003451
Q_ind_20_anc_10-4,0.000370,0.000000,0.000000,0.003719
Q_ind_21_anc_10-4,0.000147,0.000000,0.000000,0.001294
Q_ind_22_anc_10-4,0.000961,0.000000,0.000000,0.012381
Q_ind_23_anc_10-4,0.000632,0.000000,0.000000,0.007949
Q_ind_24_anc_10-4,0.000770,0.000000,0.000000,0.009866
Q_ind_25_anc_10-4,0.001088,0.000000,0.000000,0.015572
Q_ind_26_anc_10-4,0.000142,0.000000,0.000000,0.001448
Q_ind_27_anc_10-4,0.000142,0.000000,0.000000,0.001191
Q_ind_28_anc_10-4,0.000141,0.000000,0.000000,0.001531
Q_ind_29_anc_10-4,0.000455,0.000000,0.000000,0.005566
Q_ind_30_anc_10-4,0.000580,0.000000,0.000000,0.006140
Q_ind_31_anc_10-4,0.045269,0.000002,0.000000,0.209199
Q_ind_32_anc_10-4,0.014221,0.000000,0.000000,0.158664
Q_ind_33_anc_10-4,0.017498,0.000000,0.000000,0.175737
Q_ind_34_anc_10-4,0.000322,0.000000,0.000000,0.002473
Q_ind_35_anc_10-4,0.053294,0.000005,0.000000,0.243953
Q_ind_36_anc_10-4,0.004347,0.000000,0.000000,0.036818
Q_ind_37_anc_10-4,0.000392,0.000000,0.000000,0.005682
Q_ind_38_anc_10-4,0.017816,0.000000,0.000000,0.134699
Q_ind_39_anc_10-4,0.056020,0.000004,0.000000,0.220709
Q_ind_40_anc_10-4,0.076747,0.000001,0.000000,0.357676
Q_ind_41_anc_10-4,0.000614,0.000000,0.000000,0.003660
Q_ind_42_anc_10-4,0.000257,0.000000,0.000000,0.003026
Q_ind_43_anc_10-4,0.000308,0.000000,0.000000,0.002651
Q_ind_44_anc_10-4,0.000145,0.000000,0.000000,0.001450
Q_ind_45_anc_10-4,0.000151,0.000000,0.000000,0.001186
Q_ind_46_anc_10-4,0.000259,0.000000,0.000000,0.003262
Q_ind_47_anc_10-4,0.000401,0.000000,0.000000,0.004636
Q_ind_48_anc_10-4,0.000943,0.000000,0.000000,0.013597
Q_ind_49_anc_10-4,0.000163,0.000000,0.000000,0.001662
Q_ind_50_anc_10-4,0.000381,0.000000,0.000000,0.005258
Q_ind_51_anc_10-4,0.000397,0.000000,0.000000,0.005460
Q_ind_52_anc_10-4,0.000133,0.000000,0.000000,0.001220
Q_ind_53_anc_10-4,0.000295,0.000000,0.000000,0.002762
Q_ind_54_anc_10-4,0.000418,0.000000,0.000000,0.005150
Q_ind_55_anc_10-4,0.000109,0.000000,0.000000,0.000909
Q_ind_56_anc_10-4,0.001016,0.000000,0.000000,0.011389
Q_ind_57_anc_10-4,0.001201,0.000000,0.000000,0.010940
Q_ind_58_anc_10-4,0.000396,0.000000,0.000000,0.005067
Q_ind_59_anc_10-4,0.000329,0.000000,0.000000,0.002775
Q_ind_60_anc_10-4,0.000410,0.000000,0.000000,0.003828
Q_ind_61_anc_10-4,0.000366,0.000000,0.000000,0.003982
Q_ind_62_anc_10-4,0.001740,0.000000,0.000000,0.023796
Q_ind_63_anc_10-4,0.000187,0.000000,0.000000,0.001727
Q_ind_64_anc_10-4,0.000127,0.000000,0.000000,0.001474
Q_ind_65_anc_10-4,0.000168,0.000000,0.000000,0.001867
Q_ind_66_anc_10-4,0.000084,0.000000,0.000000,0.000853
Q_ind_67_anc_10-4,0.000143,0.000000,0.000000,0.001653
Q_ind_68_anc_10-4,0.000988,0.000000,0.000000,0.013231
Q_ind_69_anc_10-4,0.000200,0.000000,0.000000,0.001646
Q_ind_70_anc_10-4,0.000368,0.000000,0.000000,0.004179
Q_ind_71_anc_10-4,0.000137,0.000000,0.000000,0.001515
Q_ind_72_anc_10-4,0.000344,0.000000,0.000000,0.003877
Q_ind_73_anc_10-4,0.000253,0.000000,0.000000,0.003333
Q_ind_74_anc_10-4,0.000421,0.000000,0.000000,0.002834
Q_ind_75_anc_10-4,0.000278,0.000000,0.000000,0.003031
Q_ind_76_anc_10-4,0.000140,0.000000,0.000000,0.001104
Q_ind_77_anc_10-4,0.000906,0.000000,0.000000,0.011648
Q_ind_78_anc_10-4,0.000129,0.000000,0.000000,0.001250
Q_ind_79_anc_10-4,0.000214,0.000000,0.000000,0.002090
Q_ind_80_anc_10-4,0.000197,0.000000,0.000000,0.001619
Q_ind_81_anc_10-4,0.000420,0.000000,0.000000,0.005305
Q_ind_82_anc_10-4,0.000299,0.000000,0.000000,0.003681
Q_ind_83_anc_10-4,0.000144,0.000000,0.000000,0.001674
Q_ind_84_anc_10-4,0.000119,0.000000,0.000000,0.001388
Q_ind_85_anc_10-4,0.000192,0.000000,0.000000,0.001704
Q_ind_86_anc_10-4,0.000116,0.000000,0.000000,0.001045
Q_ind_87_anc_10-4,0.000164,0.000000,0.000000,0.001822
Q_ind_88_anc_10-4,0.000632,0.000000,0.000000,0.009608
Q_ind_89_anc_10-4,0.000858,0.000000,0.000000,0.009697
Q_ind_90_anc_10-4,0.000151,0.000000,0.000000,0.001749
Q_ind_91_anc_10-4,0.000313,0.000000,0.000000,0.004687
Q_ind_92_anc_10-4,0.000188,0.000000,0.000000,0.001970
Q_ind_93_anc_10-4,0.000334,0.000000,0.000000,0.004496
Q_ind_94_anc_10-4,0.000125,0.000000,0.000000,0.001151
Q_ind_95_anc_10-4,0.000725,0.000000,0.000000,0.009491
Q_ind_96_anc_10-4,0.000208,0.000000,0.000000,0.002284
Q_ind_97_anc_10-4,0.000268,0.000000,0.000000,0.002244
Q_ind_98_anc_10-4,0.000207,0.000000,0.000000,0.002084
Q_ind_99_anc_10-4,0.000221,0.000000,0.000000,0.001587
Q_ind_100_anc_10-4,0.000181,0.000000,0.000000,0.002041
Q_ind_101_anc_10-4,0.000098,0.000000,0.000000,0.000845
Q_ind_102_anc_10-4,0.000086,0.000000,0.000000,0.000885
Q_ind_103_anc_10-4,0.000109,0.000000,0.000000,0.001178
Q_ind_104_anc_10-4,0.000093,0.000000,0.000000,0.000821
Q_ind_105_anc_10-4,0.000378,0.000000,0.000000,0.004893
Q_ind_106_anc_10-4,0.000345,0.000000,0.000000,0.003198
Q_ind_107_anc_10-4,0.001165,0.000000,0.000000,0.013650
Q_ind_108_anc_10-4,0.000264,0.000000,0.000000,0.002952
Q_ind_109_anc_10-4,0.000479,0.000000,0.000000,0.004685
Q_ind_110_anc_10-4,0.000376,0.000000,0.000000,0.005192
Q_ind_111_anc_10-4,0.000246,0.000000,0.000000,0.002753
Q_ind_112_anc_10-4,0.008284,0.000000,0.000000,0.114948
Q_ind_113_anc_10-4,0.001535,0.000000,0.000000,0.008865
Q_ind_114_anc_10-4,0.012270,0.000000,0.000000,0.138737
Q_ind_115_anc_10-4,0.000909,0.000000,0.000000,0.012308
Q_ind_116_anc_10-4,0.001531,0.000000,0.000000,0.019089
Q_ind_117_anc_10-4,0.000306,0.000000,0.000000,0.003494
Q_ind_118_anc_10-4,0.001065,0.000000,0.000000,0.013680
Q_ind_119_anc_10-4,0.000125,0.000000,0.000000,0.001169
Q_ind_120_anc_10-4,0.000152,0.000000,0.000000,0.001803
Q_ind_121_anc_10-4,0.000585,0.000000,0.000000,0.007524
Q_ind_122_anc_10-4,0.000073,0.000000,0.000000,0.000811
Q_ind_123_anc_10-4,0.000262,0.000000,0.000000,0.002753
Q_ind_124_anc_10-4,0.000119,0.000000,0.000000,0.001316
Q_ind_125_anc_10-4,0.000347,0.000000,0.000000,0.003136
Q_ind_126_anc_10-4,0.003030,0.000000,0.000000,0.051509
Q_ind_127_anc_10-4,0.000477,0.000000,0.000000,0.006439
Q_ind_128_anc_10-4,0.000214,0.000000,0.000000,0.001768
Q_ind_129_anc_10-4,0.000219,0.000000,0.000000,0.001809
Q_ind_130_anc_10-4,0.000842,0.000000,0.000000,0.006641
Q_ind_131_anc_10-4,0.000408,0.000000,0.000000,0.004873
Q_ind_132_anc_10-4,0.000396,0.000000,0.000000,0.004535
Q_ind_133_anc_10-4,0.002603,0.000000,0.000000,0.031690
Q_ind_134_anc_10-4,0.000117,0.000000,0.000000,0.001086
Q_ind_135_anc_10-4,0.000486,0.000000,0.000000,0.007040
Q_ind_136_anc_10-4,0.000423,0.000000,0.000000,0.002280
Q_ind_137_anc_10-4,0.000089,0.000000,0.000000,0.000728
Q_ind_138_anc_10-4,0.008060,0.000000,0.000000,0.057109
Q_ind_139_anc_10-4,0.000271,0.000000,0.000000,0.002429
Q_ind_140_anc_10-4,0.000916,0.000000,0.000000,0.016204
Q_ind_141_anc_10-4,0.000568,0.000000,0.000000,0.004021
Q_ind_142_anc_10-4,0.000264,0.000000,0.000000,0.002604
Q_ind_143_anc_10-4,0.000229,0.000000,0.000000,0.002486
Q_ind_144_anc_10-4,0.001055,0.000000,0.000000,0.015876
Q_ind_145_anc_10-4,0.000081,0.000000,0.000000,0.000867
Q_ind_146_anc_10-4,0.000310,0.000000,0.000000,0.003839
Q_ind_147_anc_10-4,0.000265,0.000000,0.000000,0.001734
Q_ind_148_anc_10-4,0.000672,0.000000,0.000000,0.008579
Q_ind_149_anc_10-4,0.000151,0.000000,0.000000,0.001265
Q_ind_150_anc_10-4,0.000317,0.000000,0.000000,0.003487
Q_ind_151_anc_10-4,0.001934,0.000000,0.000000,0.032479
Q_ind_152_anc_10-4,0.000155,0.000000,0.000000,0.001515
Q_ind_153_anc_10-4,0.000335,0.000000,0.000000,0.002483
Q_ind_154_anc_10-4,0.000277,0.000000,0.000000,0.002772
Q_ind_155_anc_10-4,0.000118,0.000000,0.000000,0.001095
Q_ind_156_anc_10-4,0.000807,0.000000,0.000000,0.010791
Q_ind_157_anc_10-4,0.000796,0.000000,0.000000,0.010936
Q_ind_158_anc_10-4,0.000566,0.000000,0.000000,0.005955
Q_ind_159_anc_10-4,0.000226,0.000000,0.000000,0.002535
Q_ind_160_anc_10-4,0.000325,0.000000,0.000000,0.002900
Q_ind_161_anc_10-4,0.000094,0.000000,0.000000,0.000700
Q_ind_162_anc_10-4,0.006349,0.000000,0.000000,0.071015
Q_ind_163_anc_10-4,0.000536,0.000000,0.000000,0.006969
Q_ind_164_anc_10-4,0.000621,0.000000,0.000000,0.008276
Q_ind_165_anc_10-4,0.001401,0.000000,0.000000,0.020008
Q_ind_166_anc_10-4,0.007762,0.000000,0.000000,0.129080
Q_ind_167_anc_10-4,0.000748,0.000000,0.000000,0.009874
Q_ind_168_anc_10-4,0.011608,0.000000,0.000000,0.067508
Q_ind_169_anc_10-4,0.000807,0.000000,0.000000,0.011380
Q_ind_170_anc_10-4,0.000310,0.000000,0.000000,0.002640
Q_ind_171_anc_10-4,0.000209,0.000000,0.000000,0.002360
Q_ind_172_anc_10-4,0.000090,0.000000,0.000000,0.000760
Q_ind_173_anc_10-4,0.000072,0.000000,0.000000,0.000739
Q_ind_174_anc_10-4,0.000173,0.000000,0.000000,0.001856
Q_ind_175_anc_10-4,0.000206,0.000000,0.000000,0.001384
Q_ind_176_anc_10-4,0.000339,0.000000,0.000000,0.004261
Q_ind_177_anc_10-4,0.000413,0.000000,0.000000,0.002732
Q_ind_178_anc_10-4,0.000251,0.000000,0.000000,0.002863
Q_ind_179_anc_10-4,0.000156,0.000000,0.000000,0.001405
Q_ind_180_anc_10-4,0.000286,0.000000,0.000000,0.003236
Q_ind_181_anc_10-4,0.000268,0.000000,0.000000,0.002378
Q_ind_182_anc_10-4,0.000132,0.000000,0.000000,0.001333
Q_ind_183_anc_10-4,0.000250,0.000000,0.000000,0.002442
Q_ind_184_anc_10-4,0.000138,0.000000,0.000000,0.001575
Q_ind_185_anc_10-4,0.000808,0.000000,0.000000,0.011468
Q_ind_186_anc_10-4,0.002884,0.000000,0.000000,0.035344
Q_ind_187_anc_10-4,0.002077,0.000000,0.000000,0.027527
Q_ind_188_anc_10-4,0.000383,0.000000,0.000000,0.004676
Q_ind_189_anc_10-4,0.000435,0.000000,0.000000,0.004249
Q_ind_190_anc_10-4,0.000268,0.000000,0.000000,0.003147
Q_ind_191_anc_10-4,0.000245,0.000000,0.000000,0.003111
Q_ind_192_anc_10-4,0.000213,0.000000,0.000000,0.001861
Q_ind_193_anc_10-4,0.001580,0.000000,0.000000,0.021747
Q_ind_194_anc_10-4,0.000058,0.000000,0.000000,0.000651
Q_ind_195_anc_10-4,0.000083,0.000000,0.000000,0.000835
Q_ind_196_anc_10-4,0.000034,0.000000,0.000000,0.000353
Q_ind_197_anc_10-4,0.000033,0.000000,0.000000,0.000329
Q_ind_198_anc_10-4,0.000040,0.000000,0.000000,0.000331
Q_ind_199_anc_10-4,0.000185,0.000000,0.000000,0.002012
Q_ind_200_anc_10-4,0.000072,0.000000,0.000000,0.000764
Q_ind_201_anc_10-4,0.000409,0.000000,0.000000,0.005119
Q_ind_202_anc_10-4,0.000091,0.000000,0.000000,0.000845
Q_ind_203_anc_10-4,0.005158,0.000000,0.000000,0.082507
Q_ind_204_anc_10-4,0.000952,0.000000,0.000000,0.010889
Q_ind_205_anc_10-4,0.000687,0.000000,0.000000,0.007609
Q_ind_206_anc_10-4,0.000553,0.000000,0.000000,0.003687
Q_ind_207_anc_10-4,0.000779,0.000000,0.000000,0.013053
Q_ind_208_anc_10-4,0.000718,0.000000,0.000000,0.006238
Q_ind_209_anc_10-4,0.012886,0.000000,0.000000,0.115747
Q_ind_210_anc_10-4,0.000325,0.000000,0.000000,0.003382
Q_ind_211_anc_10-4,0.009429,0.000000,0.000000,0.105643
Q_ind_212_anc_10-4,0.000422,0.000000,0.000000,0.005077
Q_ind_213_anc_10-4,0.003281,0.000000,0.000000,0.048670
Q_ind_214_anc_10-4,0.003743,0.000000,0.000000,0.061952
Q_ind_215_anc_10-4,0.000722,0.000000,0.000000,0.007981
Q_ind_216_anc_10-4,0.000912,0.000000,0.000000,0.012172
Q_ind_217_anc_10-4,0.008475,0.000000,0.000000,0.063230
Q_ind_218_anc_10-4,0.001569,0.000000,0.000000,0.024242
Q_ind_219_anc_10-4,0.002325,0.000000,0.000000,0.031901
Q_ind_220_anc_10-4,0.004979,0.000000,0.000000,0.055010
Q_ind_221_anc_10-4,0.000626,0.000000,0.000000,0.006503
Q_ind_222_anc_10-4,0.003523,0.000000,0.000000,0.049071
Q_ind_223_anc_10-4,0.000295,0.000000,0.000000,0.003086
Q_ind_224_anc_10-4,0.000549,0.000000,0.000000,0.005720
Q_ind_225_anc_10-4,0.000227,0.000000,0.000000,0.002373
Q_ind_226_anc_10-4,0.000260,0.000000,0.000000,0.003288
Q_ind_227_anc_10-4,0.000327,0.000000,0.000000,0.002988
Q_ind_228_anc_10-4,0.000349,0.000000,0.000000,0.003641
Q_ind_229_anc_10-4,0.000841,0.000000,0.000000,0.013375
Q_ind_230_anc_10-4,0.000280,0.000000,0.000000,0.002100
Q_ind_231_anc_10-4,0.000190,0.000000,0.000000,0.002473
Q_ind_232_anc_10-4,0.001473,0.000000,0.000000,0.019212
Q_ind_233_anc_10-4,0.000211,0.000000,0.000000,0.002332
Q_ind_234_anc_10-4,0.000138,0.000000,0.000000,0.001512
Q_ind_235_anc_10-4,0.000180,0.000000,0.000000,0.001666
Q_ind_236_anc_10-4,0.000236,0.000000,0.000000,0.002495
Q_ind_237_anc_10-4,0.000315,0.000000,0.000000,0.004198
Q_ind_238_anc_10-4,0.000203,0.000000,0.000000,0.001827
Q_ind_239_anc_10-4,0.000223,0.000000,0.000000,0.001762
Q_ind_240_anc_10-4,0.000352,0.000000,0.000000,0.004164
Q_ind_241_anc_10-4,0.000068,0.000000,0.000000,0.000712
Q_ind_242_anc_10-4,0.000266,0.000000,0.000000,0.002576
Q_ind_243_anc_10-4,0.000121,0.000000,0.000000,0.001596
Q_ind_244_anc_10-4,0.000090,0.000000,0.000000,0.000993
Q_ind_245_anc_10-4,0.000134,0.000000,0.000000,0.000895
Q_ind_1_anc_10-5,0.004152,0.000000,0.000000,0.063661
Q_ind_2_anc_10-5,0.050792,0.009174,0.000000,0.184906
Q_ind_3_anc_10-5,0.000745,0.000000,0.000000,0.011291
Q_ind_4_anc_10-5,0.001668,0.000000,0.000000,0.026277
Q_ind_5_anc_10-5,0.002137,0.000000,0.000000,0.037013
Q_ind_6_anc_10-5,0.005577,0.000000,0.000000,0.053987
Q_ind_7_anc_10-5,0.004750,0.000000,0.000000,0.056056
Q_ind_8_anc_10-5,0.000533,0.000000,0.000000,0.007201
Q_ind_9_anc_10-5,0.030360,0.000415,0.000000,0.111787
Q_ind_10_anc_10-5,0.000125,0.000000,0.000000,0.001120
Q_ind_11_anc_10-5,0.000656,0.000000,0.000000,0.009200
Q_ind_12_anc_10-5,0.000624,0.000000,0.000000,0.007643
Q_ind_13_anc_10-5,0.000530,0.000000,0.000000,0.006159
Q_ind_14_anc_10-5,0.000246,0.000000,0.000000,0.001706
Q_ind_15_anc_10-5,0.000630,0.000000,0.000000,0.008844
Q_ind_16_anc_10-5,0.000409,0.000000,0.000000,0.004875
Q_ind_17_anc_10-5,0.000205,0.000000,0.000000,0.002188
Q_ind_18_anc_10-5,0.000485,0.000000,0.000000,0.004787
Q_ind_19_anc_10-5,0.000258,0.000000,0.000000,0.002976
Q_ind_20_anc_10-5,0.000160,0.000000,0.000000,0.001780
Q_ind_21_anc_10-5,0.000148,0.000000,0.000000,0.001718
Q_ind_22_anc_10-5,0.000317,0.000000,0.000000,0.002445
Q_ind_23_anc_10-5,0.000586,0.000000,0.000000,0.005454
Q_ind_24_anc_10-5,0.001800,0.000000,0.000000,0.025100
Q_ind_25_anc_10-5,0.000598,0.000000,0.000000,0.006137
Q_ind_26_anc_10-5,0.000250,0.000000,0.000000,0.002485
Q_ind_27_anc_10-5,0.000549,0.000000,0.000000,0.006722
Q_ind_28_anc_10-5,0.000121,0.000000,0.000000,0.001015
Q_ind_29_anc_10-5,0.000612,0.000000,0.000000,0.005972
Q_ind_30_anc_10-5,0.000228,0.000000,0.000000,0.002754
Q_ind_31_anc_10-5,0.000522,0.000000,0.000000,0.005641
Q_ind_32_anc_10-5,0.000628,0.000000,0.000000,0.005867
Q_ind_33_anc_10-5,0.002263,0.000000,0.000000,0.038030
Q_ind_34_anc_10-5,0.000199,0.000000,0.000000,0.001628
Q_ind_35_anc_10-5,0.001106,0.000000,0.000000,0.018875
Q_ind_36_anc_10-5,0.000142,0.000000,0.000000,0.000940
Q_ind_37_anc_10-5,0.000383,0.000000,0.000000,0.004521
Q_ind_38_anc_10-5,0.000127,0.000000,0.000000,0.000864
Q_ind_39_anc_10-5,0.043606,0.000000,0.000000,0.275908
Q_ind_40_anc_10-5,0.001530,0.000000,0.000000,0.025179
Q_ind_41_anc_10-5,0.065473,0.000000,0.000000,0.307549
Q_ind_42_anc_10-5,0.000122,0.000000,0.000000,0.001196
Q_ind_43_anc_10-5,0.000263,0.000000,0.000000,0.002797
Q_ind_44_anc_10-5,0.000133,0.000000,0.000000,0.001403
Q_ind_45_anc_10-5,0.000108,0.000000,0.000000,0.001309
Q_ind_46_anc_10-5,0.000181,0.000000,0.000000,0.002311
Q_ind_47_anc_10-5,0.000338,0.000000,0.000000,0.003777
Q_ind_48_anc_10-5,0.000317,0.000000,0.000000,0.004108
Q_ind_49_anc_10-5,0.000089,0.000000,0.000000,0.000829
Q_ind_50_anc_10-5,0.000236,0.000000,0.000000,0.002960
Q_ind_51_anc_10-5,0.000406,0.000000,0.000000,0.003185
Q_ind_52_anc_10-5,0.000125,0.000000,0.000000,0.001346
Q_ind_53_anc_10-5,0.000181,0.000000,0.000000,0.001450
Q_ind_54_anc_10-5,0.000262,0.000000,0.000000,0.002726
Q_ind_55_anc_10-5,0.000143,0.000000,0.000000,0.001190
Q_ind_56_anc_10-5,0.001210,0.000000,0.000000,0.016719
Q_ind_57_anc_10-5,0.001137,0.000000,0.000000,0.013273
Q_ind_58_anc_10-5,0.000198,0.000000,0.000000,0.001226
Q_ind_59_anc_10-5,0.000182,0.000000,0.000000,0.001601
Q_ind_60_anc_10-5,0.000151,0.000000,0.000000,0.001556
Q_ind_61_anc_10-5,0.000225,0.000000,0.000000,0.002364
Q_ind_62_anc_10-5,0.000624,0.000000,0.000000,0.008036
Q_ind_63_anc_10-5,0.000074,0.000000,0.000000,0.000625
Q_ind_64_anc_10-5,0.000067,0.000000,0.000000,0.000525
Q_ind_65_anc_10-5,0.000116,0.000000,0.000000,0.000935
Q_ind_66_anc_10-5,0.000093,0.000000,0.000000,0.000993
Q_ind_67_anc_10-5,0.000079,0.000000,0.000000,0.000645
Q_ind_68_anc_10-5,0.000552,0.000000,0.000000,0.005106
Q_ind_69_anc_10-5,0.000146,0.000000,0.000000,0.001110
Q_ind_70_anc_10-5,0.000073,0.000000,0.000000,0.000565
Q_ind_71_anc_10-5,0.000121,0.000000,0.000000,0.000966
Q_ind_72_anc_10-5,0.000458,0.000000,0.000000,0.006478
Q_ind_73_anc_10-5,0.000166,0.000000,0.000000,0.001654
Q_ind_74_anc_10-5,0.000104,0.000000,0.000000,0.000616
Q_ind_75_anc_10-5,0.000141,0.000000,0.000000,0.001263
Q_ind_76_anc_10-5,0.000105,0.000000,0.000000,0.001044
Q_ind_77_anc_10-5,0.000909,0.000000,0.000000,0.012458
Q_ind_78_anc_10-5,0.000198,0.000000,0.000000,0.002248
Q_ind_79_anc_10-5,0.000158,0.000000,0.000000,0.001882
Q_ind_80_anc_10-5,0.000152,0.000000,0.000000,0.001379
Q_ind_81_anc_10-5,0.000160,0.000000,0.000000,0.001829
Q_ind_82_anc_10-5,0.000243,0.000000,0.000000,0.001673
Q_ind_83_anc_10-5,0.000188,0.000000,0.000000,0.002196
Q_ind_84_anc_10-5,0.000158,0.000000,0.000000,0.001619
Q_ind_85_anc_10-5,0.000239,0.000000,0.000000,0.002395
Q_ind_86_anc_10-5,0.000108,0.000000,0.000000,0.001227
Q_ind_87_anc_10-5,0.000271,0.000000,0.000000,0.002929
Q_ind_88_anc_10-5,0.000180,0.000000,0.000000,0.001796
Q_ind_89_anc_10-5,0.000117,0.000000,0.000000,0.000899
Q_ind_90_anc_10-5,0.000765,0.000000,0.000000,0.011403
Q_ind_91_anc_10-5,0.000196,0.000000,0.000000,0.001034
Q_ind_92_anc_10-5,0.000244,0.000000,0.000000,0.002000
Q_ind_93_anc_10-5,0.000352,0.000000,0.000000,0.003982
Q_ind_94_anc_10-5,0.000162,0.000000,0.000000,0.001653
Q_ind_95_anc_10-5,0.000183,0.000000,0.000000,0.000963
Q_ind_96_anc_10-5,0.000139,0.000000,0.000000,0.001646
Q_ind_97_anc_10-5,0.000310,0.000000,0.000000,0.004162
Q_ind_98_anc_10-5,0.000232,0.000000,0.000000,0.002978
Q_ind_99_anc_10-5,0.000134,0.000000,0.000000,0.001325
Q_ind_100_anc_10-5,0.000212,0.000000,0.000000,0.001211
Q_ind_101_anc_10-5,0.000066,0.000000,0.000000,0.000669
Q_ind_102_anc_10-5,0.000057,0.000000,0.000000,0.000547
Q_ind_103_anc_10-5,0.000063,0.000000,0.000000,0.000610
Q_ind_104_anc_10-5,0.000054,0.000000,0.000000,0.000501
Q_ind_105_anc_10-5,0.000182,0.000000,0.000000,0.001849
Q_ind_106_anc_10-5,0.000760,0.000000,0.000000,0.011062
Q_ind_107_anc_10-5,0.000342,0.000000,0.000000,0.003787
Q_ind_108_anc_10-5,0.052656,0.000000,0.000000,0.311973
Q_ind_109_anc_10-5,0.001576,0.000000,0.000000,0.023655
Q_ind_110_anc_10-5,0.000933,0.000000,0.000000,0.014039
Q_ind_111_anc_10-5,0.000665,0.000000,0.000000,0.006168
Q_ind_112_anc_10-5,0.000301,0.000000,0.000000,0.002781
Q_ind_113_anc_10-5,0.002524,0.000000,0.000000,0.031279
Q_ind_114_anc_10-5,0.012784,0.000000,0.000000,0.190780
Q_ind_115_anc_10-5,0.000223,0.000000,0.000000,0.002865
Q_ind_116_anc_10-5,0.000298,0.000000,0.000000,0.003814
Q_ind_117_anc_10-5,0.000132,0.000000,0.000000,0.001464
Q_ind_118_anc_10-5,0.000613,0.000000,0.000000,0.007022
Q_ind_119_anc_10-5,0.000138,0.000000,0.000000,0.001502
Q_ind_120_anc_10-5,0.000194,0.000000,0.000000,0.002442
Q_ind_121_anc_10-5,0.000477,0.000000,0.000000,0.006772
Q_ind_122_anc_10-5,0.000135,0.000000,0.000000,0.001499
Q_ind_123_anc_10-5,0.000108,0.000000,0.000000,0.000962
Q_ind_124_anc_10-5,0.000124,0.000000,0.000000,0.000916
Q_ind_125_anc_10-5,0.000265,0.000000,0.000000,0.002741
Q_ind_126_anc_10-5,0.001341,0.000000,0.000000,0.019383
Q_ind_127_anc_10-5,0.000584,0.000000,0.000000,0.007173
Q_ind_128_anc_10-5,0.000112,0.000000,0.000000,0.000890
Q_ind_129_anc_10-5,0.000327,0.000000,0.000000,0.003656
Q_ind_130_anc_10-5,0.000308,0.000000,0.000000,0.002531
Q_ind_131_anc_10-5,0.001564,0.000000,0.000000,0.021141
Q_ind_132_anc_10-5,0.003317,0.000000,0.000000,0.054400
Q_ind_133_anc_10-5,0.000507,0.000000,0.000000,0.007819
Q_ind_134_anc_10-5,0.000431,0.000000,0.000000,0.005991
Q_ind_135_anc_10-5,0.000715,0.000000,0.000000,0.008655
Q_ind_136_anc_10-5,0.000246,0.000000,0.000000,0.002371
Q_ind_137_anc_10-5,0.000255,0.000000,0.000000,0.002228
Q_ind_138_anc_10-5,0.006974,0.000000,0.000000,0.090871
Q_ind_139_anc_10-5,0.008850,0.000000,0.000000,0.120094
Q_ind_140_anc_10-5,0.001047,0.000000,0.000000,0.016433
Q_ind_141_anc_10-5,0.000150,0.000000,0.000000,0.001197
Q_ind_142_anc_10-5,0.020114,0.000000,0.000000,0.240135
Q_ind_143_anc_10-5,0.004437,0.000000,0.000000,0.062981
Q_ind_144_anc_10-5,0.009116,0.000000,0.000000,0.140130
Q_ind_145_anc_10-5,0.000072,0.000000,0.000000,0.000650
Q_ind_146_anc_10-5,0.000259,0.000000,0.000000,0.002400
Q_ind_147_anc_10-5,0.000207,0.000000,0.000000,0.002209
Q_ind_148_anc_10-5,0.000201,0.000000,0.000000,0.001644
Q_ind_149_anc_10-5,0.000115,0.000000,0.000000,0.000980
Q_ind_150_anc_10-5,0.000066,0.000000,0.000000,0.000553
Q_ind_151_anc_10-5,0.000773,0.000000,0.000000,0.011494
Q_ind_152_anc_10-5,0.000057,0.000000,0.000000,0.000565
Q_ind_153_anc_10-5,0.000058,0.000000,0.000000,0.000655
Q_ind_154_anc_10-5,0.000147,0.000000,0.000000,0.001471
Q_ind_155_anc_10-5,0.000116,0.000000,0.000000,0.001164
Q_ind_156_anc_10-5,0.000248,0.000000,0.000000,0.002817
Q_ind_157_anc_10-5,0.000270,0.000000,0.000000,0.003673
Q_ind_158_anc_10-5,0.000218,0.000000,0.000000,0.002188
Q_ind_159_anc_10-5,0.000403,0.000000,0.000000,0.003389
Q_ind_160_anc_10-5,0.000082,0.000000,0.000000,0.000729
Q_ind_161_anc_10-5,0.000084,0.000000,0.000000,0.000742
Q_ind_162_anc_10-5,0.000147,0.000000,0.000000,0.001736
Q_ind_163_anc_10-5,0.000110,0.000000,0.000000,0.001060
Q_ind_164_anc_10-5,0.000436,0.000000,0.000000,0.006048
Q_ind_165_anc_10-5,0.007839,0.000000,0.000000,0.116901
Q_ind_166_anc_10-5,0.000768,0.000000,0.000000,0.008530
Q_ind_167_anc_10-5,0.001968,0.000000,0.000000,0.014028
Q_ind_168_anc_10-5,0.000998,0.000000,0.000000,0.014003
Q_ind_169_anc_10-5,0.000683,0.000000,0.000000,0.008511
Q_ind_170_anc_10-5,0.000076,0.000000,0.000000,0.000764
Q_ind_171_anc_10-5,0.000386,0.000000,0.000000,0.003798
Q_ind_172_anc_10-5,0.000127,0.000000,0.000000,0.001395
Q_ind_173_anc_10-5,0.000185,0.000000,0.000000,0.001291
Q_ind_174_anc_10-5,0.001019,0.000000,0.000000,0.005962
Q_ind_175_anc_10-5,0.000909,0.000000,0.000000,0.015510
Q_ind_176_anc_10-5,0.000251,0.000000,0.000000,0.002658
Q_ind_177_anc_10-5,0.000288,0.000000,0.000000,0.003107
Q_ind_178_anc_10-5,0.000164,0.000000,0.000000,0.001224
Q_ind_179_anc_10-5,0.000216,0.000000,0.000000,0.001510
Q_ind_180_anc_10-5,0.000171,0.000000,0.000000,0.001405
Q_ind_181_anc_10-5,0.000235,0.000000,0.000000,0.002926
Q_ind_182_anc_10-5,0.000200,0.000000,0.000000,0.001750
Q_ind_183_anc_10-5,0.000134,0.000000,0.000000,0.001306
Q_ind_184_anc_10-5,0.000121,0.000000,0.000000,0.000873
Q_ind_185_anc_10-5,0.001217,0.000000,0.000000,0.017983
Q_ind_186_anc_10-5,0.000536,0.000000,0.000000,0.004804
Q_ind_187_anc_10-5,0.024752,0.000000,0.000000,0.156699
Q_ind_188_anc_10-5,0.001562,0.000000,0.000000,0.021491
Q_ind_189_anc_10-5,0.000311,0.000000,0.000000,0.003503
Q_ind_190_anc_10-5,0.000501,0.000000,0.000000,0.006837
Q_ind_191_anc_10-5,0.002634,0.000000,0.000000,0.042564
Q_ind_192_anc_10-5,0.000386,0.000000,0.000000,0.003333
Q_ind_193_anc_10-5,0.000848,0.000000,0.000000,0.012650
Q_ind_194_anc_10-5,0.000031,0.000000,0.000000,0.000298
Q_ind_195_anc_10-5,0.000116,0.000000,0.000000,0.001310
Q_ind_196_anc_10-5,0.000033,0.000000,0.000000,0.000336
Q_ind_197_anc_10-5,0.000027,0.000000,0.000000,0.000240
Q_ind_198_anc_10-5,0.000027,0.000000,0.000000,0.000218
Q_ind_199_anc_10-5,0.000155,0.000000,0.000000,0.001685
Q_ind_200_anc_10-5,0.000052,0.000000,0.000000,0.000462
Q_ind_201_anc_10-5,0.001762,0.000000,0.000000,0.028319
Q_ind_202_anc_10-5,0.000133,0.000000,0.000000,0.001214
Q_ind_203_anc_10-5,0.000526,0.000000,0.000000,0.006451
Q_ind_204_anc_10-5,0.001798,0.000000,0.000000,0.029749
Q_ind_205_anc_10-5,0.000400,0.000000,0.000000,0.003721
Q_ind_206_anc_10-5,0.000231,0.000000,0.000000,0.002081
Q_ind_207_anc_10-5,0.000344,0.000000,0.000000,0.003419
Q_ind_208_anc_10-5,0.002976,0.000000,0.000000,0.057926
Q_ind_209_anc_10-5,0.000674,0.000000,0.000000,0.004681
Q_ind_210_anc_10-5,0.000487,0.000000,0.000000,0.006329
Q_ind_211_anc_10-5,0.000403,0.000000,0.000000,0.003846
Q_ind_212_anc_10-5,0.000085,0.000000,0.000000,0.000854
Q_ind_213_anc_10-5,0.000287,0.000000,0.000000,0.002369
Q_ind_214_anc_10-5,0.000713,0.000000,0.000000,0.010041
Q_ind_215_anc_10-5,0.000197,0.000000,0.000000,0.002339
Q_ind_216_anc_10-5,0.001351,0.000000,0.000000,0.020383
Q_ind_217_anc_10-5,0.001300,0.000000,0.000000,0.019621
Q_ind_218_anc_10-5,0.002446,0.000000,0.000000,0.040288
Q_ind_219_anc_10-5,0.001771,0.000000,0.000000,0.027081
Q_ind_220_anc_10-5,0.000264,0.000000,0.000000,0.002148
Q_ind_221_anc_10-5,0.001051,0.000000,0.000000,0.009208
Q_ind_222_anc_10-5,0.001814,0.000000,0.000000,0.026715
Q_ind_223_anc_10-5,0.000257,0.000000,0.000000,0.001278
Q_ind_224_anc_10-5,0.000404,0.000000,0.000000,0.004893
Q_ind_225_anc_10-5,0.000176,0.000000,0.000000,0.001972
Q_ind_226_anc_10-5,0.000182,0.000000,0.000000,0.001675
Q_ind_227_anc_10-5,0.000310,0.000000,0.000000,0.003096
Q_ind_228_anc_10-5,0.000671,0.000000,0.000000,0.009183
Q_ind_229_anc_10-5,0.000244,0.000000,0.000000,0.002135
Q_ind_230_anc_10-5,0.000600,0.000000,0.000000,0.007776
Q_ind_231_anc_10-5,0.000185,0.000000,0.000000,0.001587
Q_ind_232_anc_10-5,0.003700,0.000000,0.000000,0.044346
Q_ind_233_anc_10-5,0.000310,0.000000,0.000000,0.003017
Q_ind_234_anc_10-5,0.000491,0.000000,0.000000,0.005178
Q_ind_235_anc_10-5,0.000263,0.000000,0.000000,0.002749
Q_ind_236_anc_10-5,0.000146,0.000000,0.000000,0.001874
Q_ind_237_anc_10-5,0.000232,0.000000,0.000000,0.003036
Q_ind_238_anc_10-5,0.000202,0.000000,0.000000,0.002433
Q_ind_239_anc_10-5,0.000386,0.000000,0.000000,0.004917
Q_ind_240_anc_10-5,0.000159,0.000000,0.000000,0.001611
Q_ind_241_anc_10-5,0.000125,0.000000,0.000000,0.001314
Q_ind_242_anc_10-5,0.000177,0.000000,0.000000,0.001653
Q_ind_243_anc_10-5,0.000093,0.000000,0.000000,0.000963
Q_ind_244_anc_10-5,0.000112,0.000000,0.000000,0.000940
Q_ind_245_anc_10-5,0.000060,0.000000,0.000000,0.000627
Q_ind_1_anc_10-6,0.000223,0.000000,0.000000,0.002685
Q_ind_2_anc_10-6,0.000213,0.000000,0.000000,0.002241
Q_ind_3_anc_10-6,0.000462,0.000000,0.000000,0.005401
Q_ind_4_anc_10-6,0.000406,0.000000,0.000000,0.005013
Q_ind_5_anc_10-6,0.000075,0.000000,0.000000,0.000596
Q_ind_6_anc_10-6,0.000504,0.000000,0.000000,0.006701
Q_ind_7_anc_10-6,0.000335,0.000000,0.000000,0.003872
Q_ind_8_anc_10-6,0.000381,0.000000,0.000000,0.004551
Q_ind_9_anc_10-6,0.000158,0.000000,0.000000,0.001461
Q_ind_10_anc_10-6,0.000096,0.000000,0.000000,0.001130
Q_ind_11_anc_10-6,0.001124,0.000000,0.000000,0.016218
Q_ind_12_anc_10-6,0.000253,0.000000,0.000000,0.002946
Q_ind_13_anc_10-6,0.000188,0.000000,0.000000,0.002039
Q_ind_14_anc_10-6,0.000510,0.000000,0.000000,0.005663
Q_ind_15_anc_10-6,0.000622,0.000000,0.000000,0.007971
Q_ind_16_anc_10-6,0.000142,0.000000,0.000000,0.001141
Q_ind_17_anc_10-6,0.000608,0.000000,0.000000,0.008772
Q_ind_18_anc_10-6,0.000301,0.000000,0.000000,0.003484
Q_ind_19_anc_10-6,0.000873,0.000000,0.000000,0.014068
Q_ind_20_anc_10-6,0.000402,0.000000,0.000000,0.004689
Q_ind_21_anc_10-6,0.000180,0.000000,0.000000,0.001509
Q_ind_22_anc_10-6,0.001065,0.000000,0.000000,0.015086
Q_ind_23_anc_10-6,0.000116,0.000000,0.000000,0.001014
Q_ind_24_anc_10-6,0.000930,0.000000,0.000000,0.012281
Q_ind_25_anc_10-6,0.000250,0.000000,0.000000,0.002706
Q_ind_26_anc_10-6,0.000213,0.000000,0.000000,0.002029
Q_ind_27_anc_10-6,0.000667,0.000000,0.000000,0.009023
Q_ind_28_anc_10-6,0.000145,0.000000,0.000000,0.001190
Q_ind_29_anc_10-6,0.001570,0.000000,0.000000,0.022630
Q_ind_30_anc_10-6,0.000757,0.000000,0.000000,0.012122
Q_ind_31_anc_10-6,0.000643,0.000000,0.000000,0.007293
Q_ind_32_anc_10-6,0.000182,0.000000,0.000000,0.001567
Q_ind_33_anc_10-6,0.001614,0.000000,0.000000,0.026789
Q_ind_34_anc_10-6,0.000208,0.000000,0.000000,0.001518
Q_ind_35_anc_10-6,0.000341,0.000000,0.000000,0.003973
Q_ind_36_anc_10-6,0.000119,0.000000,0.000000,0.001072
Q_ind_37_anc_10-6,0.000594,0.000000,0.000000,0.007145
Q_ind_38_anc_10-6,0.000505,0.000000,0.000000,0.006212
Q_ind_39_anc_10-6,0.075097,0.057662,0.000000,0.220702
Q_ind_40_anc_10-6,0.003061,0.000000,0.000000,0.045632
Q_ind_41_anc_10-6,0.000549,0.000000,0.000000,0.006498
Q_ind_42_anc_10-6,0.000352,0.000000,0.000000,0.003442
Q_ind_43_anc_10-6,0.000253,0.000000,0.000000,0.002531
Q_ind_44_anc_10-6,0.000251,0.000000,0.000000,0.003033
Q_ind_45_anc_10-6,0.000346,0.000000,0.000000,0.002515
Q_ind_46_anc_10-6,0.000757,0.000000,0.000000,0.010616
Q_ind_47_anc_10-6,0.000210,0.000000,0.000000,0.001666
Q_ind_48_anc_10-6,0.000606,0.000000,0.000000,0.008566
Q_ind_49_anc_10-6,0.000181,0.000000,0.000000,0.001727
Q_ind_50_anc_10-6,0.000765,0.000000,0.000000,0.010507
Q_ind_51_anc_10-6,0.002463,0.000000,0.000000,0.027385
Q_ind_52_anc_10-6,0.000319,0.000000,0.000000,0.003042
Q_ind_53_anc_10-6,0.000183,0.000000,0.000000,0.001716
Q_ind_54_anc_10-6,0.000160,0.000000,0.000000,0.001426
Q_ind_55_anc_10-6,0.000143,0.000000,0.000000,0.001290
Q_ind_56_anc_10-6,0.000134,0.000000,0.000000,0.001382
Q_ind_57_anc_10-6,0.019036,0.000000,0.000000,0.154994
Q_ind_58_anc_10-6,0.000183,0.000000,0.000000,0.001951
Q_ind_59_anc_10-6,0.000118,0.000000,0.000000,0.001211
Q_ind_60_anc_10-6,0.000324,0.000000,0.000000,0.003548
Q_ind_61_anc_10-6,0.000067,0.000000,0.000000,0.000593
Q_ind_62_anc_10-6,0.000609,0.000000,0.000000,0.005343
Q_ind_63_anc_10-6,0.000057,0.000000,0.000000,0.000542
Q_ind_64_anc_10-6,0.000065,0.000000,0.000000,0.000655
Q_ind_65_anc_10-6,0.000052,0.000000,0.000000,0.000505
Q_ind_66_anc_10-6,0.000072,0.000000,0.000000,0.000654
Q_ind_67_anc_10-6,0.000089,0.000000,0.000000,0.000866
Q_ind_68_anc_10-6,0.000452,0.000000,0.000000,0.004391
Q_ind_69_anc_10-6,0.000360,0.000000,0.000000,0.003740
Q_ind_70_anc_10-6,0.003548,0.000000,0.000000,0.049657
Q_ind_71_anc_10-6,0.000177,0.000000,0.000000,0.002134
Q_ind_72_anc_10-6,0.000562,0.000000,0.000000,0.008189
Q_ind_73_anc_10-6,0.000153,0.000000,0.000000,0.000950
Q_ind_74_anc_10-6,0.050708,0.052496,0.000000,0.148332
Q_ind_75_anc_10-6,0.001827,0.000000,0.000000,0.032468
Q_ind_76_anc_10-6,0.000182,0.000000,0.000000,0.001674
Q_ind_77_anc_10-6,0.000314,0.000000,0.000000,0.003737
Q_ind_78_anc_10-6,0.000097,0.000000,0.000000,0.000752
Q_ind_79_anc_10-6,0.000233,0.000000,0.000000,0.002764
Q_ind_80_anc_10-6,0.000104,0.000000,0.000000,0.000952
Q_ind_81_anc_10-6,0.000355,0.000000,0.000000,0.003961
Q_ind_82_anc_10-6,0.000192,0.000000,0.000000,0.001548
Q_ind_83_anc_10-6,0.000144,0.000000,0.000000,0.001576
Q_ind_84_anc_10-6,0.000285,0.000000,0.000000,0.003699
Q_ind_85_anc_10-6,0.000252,0.000000,0.000000,0.002519
Q_ind_86_anc_10-6,0.000176,0.000000,0.000000,0.001613
Q_ind_87_anc_10-6,0.000099,0.000000,0.000000,0.000887
Q_ind_88_anc_10-6,0.000283,0.000000,0.000000,0.002697
Q_ind_89_anc_10-6,0.000245,0.000000,0.000000,0.002809
Q_ind_90_anc_10-6,0.000264,0.000000,0.000000,0.002808
Q_ind_91_anc_10-6,0.000246,0.000000,0.000000,0.002758
Q_ind_92_anc_10-6,0.000362,0.000000,0.000000,0.003050
Q_ind_93_anc_10-6,0.000129,0.000000,0.000000,0.001609
Q_ind_94_anc_10-6,0.001245,0.000000,0.000000,0.012421
Q_ind_95_anc_10-6,0.000406,0.000000,0.000000,0.006025
Q_ind_96_anc_10-6,0.000498,0.000000,0.000000,0.006853
Q_ind_97_anc_10-6,0.000220,0.000000,0.000000,0.002535
Q_ind_98_anc_10-6,0.001453,0.000000,0.000000,0.025110
Q_ind_99_anc_10-6,0.000264,0.000000,0.000000,0.002499
Q_ind_100_anc_10-6,0.000177,0.000000,0.000000,0.001073
Q_ind_101_anc_10-6,0.000061,0.000000,0.000000,0.000607
Q_ind_102_anc_10-6,0.000070,0.000000,0.000000,0.000795
Q_ind_103_anc_10-6,0.000240,0.000000,0.000000,0.002898
Q_ind_104_anc_10-6,0.000051,0.000000,0.000000,0.000474
Q_ind_105_anc_10-6,0.013106,0.000000,0.000000,0.064462
Q_ind_106_anc_10-6,0.000584,0.000000,0.000000,0.008499
Q_ind_107_anc_10-6,0.055127,0.000035,0.000000,0.230910
Q_ind_108_anc_10-6,0.033432,0.000012,0.000000,0.139625
Q_ind_109_anc_10-6,0.015214,0.000000,0.000000,0.120351
Q_ind_110_anc_10-6,0.009131,0.000000,0.000000,0.112439
Q_ind_111_anc_10-6,0.060600,0.000976,0.000000,0.238035
Q_ind_112_anc_10-6,0.178708,0.164078,0.063669,0.328290
Q_ind_113_anc_10-6,0.078148,0.068380,0.000000,0.237401
Q_ind_114_anc_10-6,0.001559,0.000000,0.000000,0.017442
Q_ind_115_anc_10-6,0.001280,0.000000,0.000000,0.019360
Q_ind_116_anc_10-6,0.000475,0.000000,0.000000,0.007180
Q_ind_117_anc_10-6,0.000195,0.000000,0.000000,0.002395
Q_ind_118_anc_10-6,0.001338,0.000000,0.000000,0.020066
Q_ind_119_anc_10-6,0.000119,0.000000,0.000000,0.001344
Q_ind_120_anc_10-6,0.000153,0.000000,0.000000,0.001746
Q_ind_121_anc_10-6,0.000463,0.000000,0.000000,0.006660
Q_ind_122_anc_10-6,0.000087,0.000000,0.000000,0.000745
Q_ind_123_anc_10-6,0.000065,0.000000,0.000000,0.000587
Q_ind_124_anc_10-6,0.000730,0.000000,0.000000,0.010853
Q_ind_125_anc_10-6,0.000124,0.000000,0.000000,0.001160
Q_ind_126_anc_10-6,0.000610,0.000000,0.000000,0.009572
Q_ind_127_anc_10-6,0.000156,0.000000,0.000000,0.001342
Q_ind_128_anc_10-6,0.000144,0.000000,0.000000,0.001528
Q_ind_129_anc_10-6,0.000155,0.000000,0.000000,0.001778
Q_ind_130_anc_10-6,0.000313,0.000000,0.000000,0.003395
Q_ind_131_anc_10-6,0.000369,0.000000,0.000000,0.005062
Q_ind_132_anc_10-6,0.000466,0.000000,0.000000,0.005605
Q_ind_133_anc_10-6,0.000568,0.000000,0.000000,0.009130
Q_ind_134_anc_10-6,0.000629,0.000000,0.000000,0.008948
Q_ind_135_anc_10-6,0.001681,0.000000,0.000000,0.023698
Q_ind_136_anc_10-6,0.000528,0.000000,0.000000,0.008063
Q_ind_137_anc_10-6,0.000492,0.000000,0.000000,0.003115
Q_ind_138_anc_10-6,0.001496,0.000000,0.000000,0.020572
Q_ind_139_anc_10-6,0.001204,0.000000,0.000000,0.015804
Q_ind_140_anc_10-6,0.001472,0.000000,0.000000,0.018901
Q_ind_141_anc_10-6,0.000255,0.000000,0.000000,0.002940
Q_ind_142_anc_10-6,0.005053,0.000000,0.000000,0.081132
Q_ind_143_anc_10-6,0.000591,0.000000,0.000000,0.006870
Q_ind_144_anc_10-6,0.000464,0.000000,0.000000,0.006366
Q_ind_145_anc_10-6,0.000038,0.000000,0.000000,0.000331
Q_ind_146_anc_10-6,0.000092,0.000000,0.000000,0.000902
Q_ind_147_anc_10-6,0.000117,0.000000,0.000000,0.001142
Q_ind_148_anc_10-6,0.000100,0.000000,0.000000,0.001137
Q_ind_149_anc_10-6,0.000089,0.000000,0.000000,0.000875
Q_ind_150_anc_10-6,0.000138,0.000000,0.000000,0.001549
Q_ind_151_anc_10-6,0.001098,0.000000,0.000000,0.015008
Q_ind_152_anc_10-6,0.000077,0.000000,0.000000,0.000653
Q_ind_153_anc_10-6,0.000080,0.000000,0.000000,0.000737
Q_ind_154_anc_10-6,0.000129,0.000000,0.000000,0.001497
Q_ind_155_anc_10-6,0.000318,0.000000,0.000000,0.004067
Q_ind_156_anc_10-6,0.000402,0.000000,0.000000,0.004702
Q_ind_157_anc_10-6,0.000236,0.000000,0.000000,0.002298
Q_ind_158_anc_10-6,0.000138,0.000000,0.000000,0.001503
Q_ind_159_anc_10-6,0.000120,0.000000,0.000000,0.001244
Q_ind_160_anc_10-6,0.000156,0.000000,0.000000,0.001781
Q_ind_161_anc_10-6,0.000067,0.000000,0.000000,0.000806
Q_ind_162_anc_10-6,0.000185,0.000000,0.000000,0.001505
Q_ind_163_anc_10-6,0.000101,0.000000,0.000000,0.000822
Q_ind_164_anc_10-6,0.000155,0.000000,0.000000,0.001401
Q_ind_165_anc_10-6,0.001309,0.000000,0.000000,0.021171
Q_ind_166_anc_10-6,0.004568,0.000000,0.000000,0.067975
Q_ind_167_anc_10-6,0.006614,0.000000,0.000000,0.134293
Q_ind_168_anc_10-6,0.003486,0.000000,0.000000,0.038307
Q_ind_169_anc_10-6,0.001619,0.000000,0.000000,0.022857
Q_ind_170_anc_10-6,0.000072,0.000000,0.000000,0.000627
Q_ind_171_anc_10-6,0.000140,0.000000,0.000000,0.001135
Q_ind_172_anc_10-6,0.000154,0.000000,0.000000,0.001538
Q_ind_173_anc_10-6,0.000117,0.000000,0.000000,0.000932
Q_ind_174_anc_10-6,0.000099,0.000000,0.000000,0.000878
Q_ind_175_anc_10-6,0.000586,0.000000,0.000000,0.009266
Q_ind_176_anc_10-6,0.000166,0.000000,0.000000,0.001746
Q_ind_177_anc_10-6,0.000124,0.000000,0.000000,0.001240
Q_ind_178_anc_10-6,0.000095,0.000000,0.000000,0.000842
Q_ind_179_anc_10-6,0.000096,0.000000,0.000000,0.000870
Q_ind_180_anc_10-6,0.000106,0.000000,0.000000,0.001065
Q_ind_181_anc_10-6,0.000831,0.000000,0.000000,0.010270
Q_ind_182_anc_10-6,0.000125,0.000000,0.000000,0.001004
Q_ind_183_anc_10-6,0.000061,0.000000,0.000000,0.000572
Q_ind_184_anc_10-6,0.000112,0.000000,0.000000,0.000891
Q_ind_185_anc_10-6,0.005053,0.000000,0.000000,0.071569
Q_ind_186_anc_10-6,0.000728,0.000000,0.000000,0.009479
Q_ind_187_anc_10-6,0.004077,0.000000,0.000000,0.046893
Q_ind_188_anc_10-6,0.001501,0.000000,0.000000,0.014916
Q_ind_189_anc_10-6,0.001393,0.000000,0.000000,0.015188
Q_ind_190_anc_10-6,0.085361,0.085280,0.000000,0.214759
Q_ind_191_anc_10-6,0.000415,0.000000,0.000000,0.005226
Q_ind_192_anc_10-6,0.000254,0.000000,0.000000,0.002443
Q_ind_193_anc_10-6,0.001472,0.000000,0.000000,0.023067
Q_ind_194_anc_10-6,0.000032,0.000000,0.000000,0.000281
Q_ind_195_anc_10-6,0.000109,0.000000,0.000000,0.001025
Q_ind_196_anc_10-6,0.000036,0.000000,0.000000,0.000384
Q_ind_197_anc_10-6,0.000035,0.000000,0.000000,0.000328
Q_ind_198_anc_10-6,0.000043,0.000000,0.000000,0.000324
Q_ind_199_anc_10-6,0.000279,0.000000,0.000000,0.002074
Q_ind_200_anc_10-6,0.000040,0.000000,0.000000,0.000385
Q_ind_201_anc_10-6,0.000875,0.000000,0.000000,0.010737
Q_ind_202_anc_10-6,0.000090,0.000000,0.000000,0.000978
Q_ind_203_anc_10-6,0.000346,0.000000,0.000000,0.004305
Q_ind_204_anc_10-6,0.000407,0.000000,0.000000,0.006185
Q_ind_205_anc_10-6,0.000442,0.000000,0.000000,0.005372
Q_ind_206_anc_10-6,0.000274,0.000000,0.000000,0.002822
Q_ind_207_anc_10-6,0.000390,0.000000,0.000000,0.005989
Q_ind_208_anc_10-6,0.002200,0.000000,0.000000,0.024472
Q_ind_209_anc_10-6,0.001030,0.000000,0.000000,0.016040
Q_ind_210_anc_10-6,0.003785,0.000000,0.000000,0.048806
Q_ind_211_anc_10-6,0.001440,0.000000,0.000000,0.021062
Q_ind_212_anc_10-6,0.000580,0.000000,0.000000,0.004537
Q_ind_213_anc_10-6,0.000922,0.000000,0.000000,0.014155
Q_ind_214_anc_10-6,0.009103,0.000000,0.000000,0.074434
Q_ind_215_anc_10-6,0.005199,0.000000,0.000000,0.062992
Q_ind_216_anc_10-6,0.000472,0.000000,0.000000,0.007060
Q_ind_217_anc_10-6,0.000276,0.000000,0.000000,0.003637
Q_ind_218_anc_10-6,0.005754,0.000000,0.000000,0.056440
Q_ind_219_anc_10-6,0.007527,0.000000,0.000000,0.070571
Q_ind_220_anc_10-6,0.002148,0.000000,0.000000,0.033616
Q_ind_221_anc_10-6,0.024610,0.000004,0.000000,0.100000
Q_ind_222_anc_10-6,0.020780,0.000000,0.000000,0.097778
Q_ind_223_anc_10-6,0.000581,0.000000,0.000000,0.007285
Q_ind_224_anc_10-6,0.000268,0.000000,0.000000,0.003188
Q_ind_225_anc_10-6,0.000806,0.000000,0.000000,0.011899
Q_ind_226_anc_10-6,0.000260,0.000000,0.000000,0.002680
Q_ind_227_anc_10-6,0.001115,0.000000,0.000000,0.015125
Q_ind_228_anc_10-6,0.000646,0.000000,0.000000,0.008612
Q_ind_229_anc_10-6,0.000542,0.000000,0.000000,0.007923
Q_ind_230_anc_10-6,0.000574,0.000000,0.000000,0.002805
Q_ind_231_anc_10-6,0.000326,0.000000,0.000000,0.003827
Q_ind_232_anc_10-6,0.007924,0.000000,0.000000,0.071181
Q_ind_233_anc_10-6,0.000723,0.000000,0.000000,0.007741
Q_ind_234_anc_10-6,0.000106,0.000000,0.000000,0.001226
Q_ind_235_anc_10-6,0.001426,0.000000,0.000000,0.021909
Q_ind_236_anc_10-6,0.000156,0.000000,0.000000,0.001867
Q_ind_237_anc_10-6,0.000209,0.000000,0.000000,0.002337
Q_ind_238_anc_10-6,0.010381,0.000000,0.000000,0.077511
Q_ind_239_anc_10-6,0.001403,0.000000,0.000000,0.018928
Q_ind_240_anc_10-6,0.000821,0.000000,0.000000,0.004970
Q_ind_241_anc_10-6,0.000437,0.000000,0.000000,0.003284
Q_ind_242_anc_10-6,0.000230,0.000000,0.000000,0.001808
Q_ind_243_anc_10-6,0.024698,0.000000,0.000000,0.142114
Q_ind_244_anc_10-6,0.000111,0.000000,0.000000,0.001032
Q_ind_245_anc_10-6,0.004238,0.000000,0.000000,0.054578
Q_ind_1_anc_10-7,0.068314,0.077350,0.000000,0.147198
Q_ind_2_anc_10-7,0.001094,0.000000,0.000000,0.013539
Q_ind_3_anc_10-7,0.015030,0.000000,0.000000,0.078821
Q_ind_4_anc_10-7,0.015281,0.000000,0.000000,0.073952
Q_ind_5_anc_10-7,0.049236,0.056807,0.000000,0.122095
Q_ind_6_anc_10-7,0.001229,0.000000,0.000000,0.019111
Q_ind_7_anc_10-7,0.000240,0.000000,0.000000,0.002747
Q_ind_8_anc_10-7,0.061838,0.075775,0.000000,0.131289
Q_ind_9_anc_10-7,0.003937,0.000000,0.000000,0.060816
Q_ind_10_anc_10-7,0.008485,0.000000,0.000000,0.076414
Q_ind_11_anc_10-7,0.015440,0.000000,0.000000,0.072395
Q_ind_12_anc_10-7,0.011345,0.000000,0.000000,0.100713
Q_ind_13_anc_10-7,0.000181,0.000000,0.000000,0.001075
Q_ind_14_anc_10-7,0.000565,0.000000,0.000000,0.009033
Q_ind_15_anc_10-7,0.002629,0.000000,0.000000,0.035011
Q_ind_16_anc_10-7,0.003285,0.000000,0.000000,0.042366
Q_ind_17_anc_10-7,0.000226,0.000000,0.000000,0.001487
Q_ind_18_anc_10-7,0.000171,0.000000,0.000000,0.002230
Q_ind_19_anc_10-7,0.000324,0.000000,0.000000,0.003875
Q_ind_20_anc_10-7,0.000654,0.000000,0.000000,0.004537
Q_ind_21_anc_10-7,0.000377,0.000000,0.000000,0.005079
Q_ind_22_anc_10-7,0.000421,0.000000,0.000000,0.004231
Q_ind_23_anc_10-7,0.003093,0.000000,0.000000,0.036801
Q_ind_24_anc_10-7,0.007396,0.000000,0.000000,0.068011
Q_ind_25_anc_10-7,0.000183,0.000000,0.000000,0.001802
Q_ind_26_anc_10-7,0.000305,0.000000,0.000000,0.003364
Q_ind_27_anc_10-7,0.000311,0.000000,0.000000,0.003737
Q_ind_28_anc_10-7,0.000139,0.000000,0.000000,0.001479
Q_ind_29_anc_10-7,0.002756,0.000000,0.000000,0.037699
Q_ind_30_anc_10-7,0.000875,0.000000,0.000000,0.012480
Q_ind_31_anc_10-7,0.000458,0.000000,0.000000,0.006662
Q_ind_32_anc_10-7,0.000331,0.000000,0.000000,0.003462
Q_ind_33_anc_10-7,0.000169,0.000000,0.000000,0.001501
Q_ind_34_anc_10-7,0.000475,0.000000,0.000000,0.006659
Q_ind_35_anc_10-7,0.000492,0.000000,0.000000,0.006621
Q_ind_36_anc_10-7,0.000481,0.000000,0.000000,0.004727
Q_ind_37_anc_10-7,0.002403,0.000000,0.000000,0.036845
Q_ind_38_anc_10-7,0.000160,0.000000,0.000000,0.001381
Q_ind_39_anc_10-7,0.035051,0.011540,0.000000,0.119089
Q_ind_40_anc_10-7,0.008327,0.000000,0.000000,0.087932
Q_ind_41_anc_10-7,0.042302,0.000000,0.000000,0.181088
Q_ind_42_anc_10-7,0.000262,0.000000,0.000000,0.003387
Q_ind_43_anc_10-7,0.000286,0.000000,0.000000,0.003298
Q_ind_44_anc_10-7,0.000217,0.000000,0.000000,0.002593
Q_ind_45_anc_10-7,0.000262,0.000000,0.000000,0.003067
Q_ind_46_anc_10-7,0.000159,0.000000,0.000000,0.001654
Q_ind_47_anc_10-7,0.000422,0.000000,0.000000,0.004745
Q_ind_48_anc_10-7,0.000655,0.000000,0.000000,0.010254
Q_ind_49_anc_10-7,0.000099,0.000000,0.000000,0.001004
Q_ind_50_anc_10-7,0.000388,0.000000,0.000000,0.005562
Q_ind_51_anc_10-7,0.000182,0.000000,0.000000,0.002202
Q_ind_52_anc_10-7,0.000114,0.000000,0.000000,0.001064
Q_ind_53_anc_10-7,0.000082,0.000000,0.000000,0.000719
Q_ind_54_anc_10-7,0.000102,0.000000,0.000000,0.000759
Q_ind_55_anc_10-7,0.000218,0.000000,0.000000,0.002208
Q_ind_56_anc_10-7,0.000375,0.000000,0.000000,0.005326
Q_ind_57_anc_10-7,0.009472,0.000000,0.000000,0.126049
Q_ind_58_anc_10-7,0.000148,0.000000,0.000000,0.001406
Q_ind_59_anc_10-7,0.000339,0.000000,0.000000,0.004187
Q_ind_60_anc_10-7,0.000056,0.000000,0.000000,0.000623
Q_ind_61_anc_10-7,0.000318,0.000000,0.000000,0.003822
Q_ind_62_anc_10-7,0.000390,0.000000,0.000000,0.004768
Q_ind_63_anc_10-7,0.000120,0.000000,0.000000,0.001058
Q_ind_64_anc_10-7,0.000088,0.000000,0.000000,0.000928
Q_ind_65_anc_10-7,0.000066,0.000000,0.000000,0.000728
Q_ind_66_anc_10-7,0.000098,0.000000,0.000000,0.001205
Q_ind_67_anc_10-7,0.000153,0.000000,0.000000,0.001983
Q_ind_68_anc_10-7,0.000958,0.000000,0.000000,0.014107
Q_ind_69_anc_10-7,0.000303,0.000000,0.000000,0.003771
Q_ind_70_anc_10-7,0.000156,0.000000,0.000000,0.001718
Q_ind_71_anc_10-7,0.000103,0.000000,0.000000,0.001099
Q_ind_72_anc_10-7,0.000157,0.000000,0.000000,0.001725
Q_ind_73_anc_10-7,0.000255,0.000000,0.000000,0.003116
Q_ind_74_anc_10-7,0.000610,0.000000,0.000000,0.009559
Q_ind_75_anc_10-7,0.000459,0.000000,0.000000,0.005584
Q_ind_76_anc_10-7,0.000123,0.000000,0.000000,0.001206
Q_ind_77_anc_10-7,0.000299,0.000000,0.000000,0.003077
Q_ind_78_anc_10-7,0.001008,0.000000,0.000000,0.011189
Q_ind_79_anc_10-7,0.000228,0.000000,0.000000,0.002537
Q_ind_80_anc_10-7,0.000225,0.000000,0.000000,0.002512
Q_ind_81_anc_10-7,0.000691,0.000000,0.000000,0.009667
Q_ind_82_anc_10-7,0.002351,0.000000,0.000000,0.043593
Q_ind_83_anc_10-7,0.000359,0.000000,0.000000,0.003455
Q_ind_84_anc_10-7,0.000138,0.000000,0.000000,0.001609
Q_ind_85_anc_10-7,0.000700,0.000000,0.000000,0.010470
Q_ind_86_anc_10-7,0.000144,0.000000,0.000000,0.001314
Q_ind_87_anc_10-7,0.000365,0.000000,0.000000,0.004529
Q_ind_88_anc_10-7,0.004655,0.000000,0.000000,0.071560
Q_ind_89_anc_10-7,0.000408,0.000000,0.000000,0.004807
Q_ind_90_anc_10-7,0.000561,0.000000,0.000000,0.004618
Q_ind_91_anc_10-7,0.000492,0.000000,0.000000,0.007062
Q_ind_92_anc_10-7,0.000405,0.000000,0.000000,0.004870
Q_ind_93_anc_10-7,0.000981,0.000000,0.000000,0.012582
Q_ind_94_anc_10-7,0.000408,0.000000,0.000000,0.005480
Q_ind_95_anc_10-7,0.001792,0.000000,0.000000,0.017181
Q_ind_96_anc_10-7,0.000188,0.000000,0.000000,0.002362
Q_ind_97_anc_10-7,0.000263,0.000000,0.000000,0.003206
Q_ind_98_anc_10-7,0.000083,0.000000,0.000000,0.000831
Q_ind_99_anc_10-7,0.000281,0.000000,0.000000,0.002400
Q_ind_100_anc_10-7,0.000080,0.000000,0.000000,0.000699
Q_ind_101_anc_10-7,0.000076,0.000000,0.000000,0.000887
Q_ind_102_anc_10-7,0.000121,0.000000,0.000000,0.001213
Q_ind_103_anc_10-7,0.000084,0.000000,0.000000,0.000879
Q_ind_104_anc_10-7,0.000063,0.000000,0.000000,0.000647
Q_ind_105_anc_10-7,0.000280,0.000000,0.000000,0.002496
Q_ind_106_anc_10-7,0.001354,0.000000,0.000000,0.019119
Q_ind_107_anc_10-7,0.001659,0.000000,0.000000,0.024522
Q_ind_108_anc_10-7,0.000093,0.000000,0.000000,0.000862
Q_ind_109_anc_10-7,0.000403,0.000000,0.000000,0.005157
Q_ind_110_anc_10-7,0.000235,0.000000,0.000000,0.002179
Q_ind_111_anc_10-7,0.001479,0.000000,0.000000,0.023619
Q_ind_112_anc_10-7,0.000449,0.000000,0.000000,0.005002
Q_ind_113_anc_10-7,0.000239,0.000000,0.000000,0.002404
Q_ind_114_anc_10-7,0.000313,0.000000,0.000000,0.002795
Q_ind_115_anc_10-7,0.000529,0.000000,0.000000,0.006735
Q_ind_116_anc_10-7,0.000128,0.000000,0.000000,0.001401
Q_ind_117_anc_10-7,0.000128,0.000000,0.000000,0.001483
Q_ind_118_anc_10-7,0.000233,0.000000,0.000000,0.001862
Q_ind_119_anc_10-7,0.000242,0.000000,0.000000,0.001794
Q_ind_120_anc_10-7,0.000116,0.000000,0.000000,0.001404
Q_ind_121_anc_10-7,0.000994,0.000000,0.000000,0.014860
Q_ind_122_anc_10-7,0.000127,0.000000,0.000000,0.001312
Q_ind_123_anc_10-7,0.000225,0.000000,0.000000,0.002752
Q_ind_124_anc_10-7,0.000966,0.000000,0.000000,0.013744
Q_ind_125_anc_10-7,0.001115,0.000000,0.000000,0.016581
Q_ind_126_anc_10-7,0.000160,0.000000,0.000000,0.001510
Q_ind_127_anc_10-7,0.000487,0.000000,0.000000,0.007569
Q_ind_128_anc_10-7,0.000083,0.000000,0.000000,0.000769
Q_ind_129_anc_10-7,0.000105,0.000000,0.000000,0.001116
Q_ind_130_anc_10-7,0.001572,0.000000,0.000000,0.020783
Q_ind_131_anc_10-7,0.003819,0.000000,0.000000,0.054918
Q_ind_132_anc_10-7,0.002245,0.000000,0.000000,0.035941
Q_ind_133_anc_10-7,0.000355,0.000000,0.000000,0.004465
Q_ind_134_anc_10-7,0.000139,0.000000,0.000000,0.001542
Q_ind_135_anc_10-7,0.000285,0.000000,0.000000,0.003400
Q_ind_136_anc_10-7,0.000126,0.000000,0.000000,0.001311
Q_ind_137_anc_10-7,0.000133,0.000000,0.000000,0.001417
Q_ind_138_anc_10-7,0.000417,0.000000,0.000000,0.005038
Q_ind_139_anc_10-7,0.000235,0.000000,0.000000,0.003048
Q_ind_140_anc_10-7,0.000228,0.000000,0.000000,0.002338
Q_ind_141_anc_10-7,0.000100,0.000000,0.000000,0.001016
Q_ind_142_anc_10-7,0.000316,0.000000,0.000000,0.003767
Q_ind_143_anc_10-7,0.000564,0.000000,0.000000,0.008288
Q_ind_144_anc_10-7,0.000092,0.000000,0.000000,0.000712
Q_ind_145_anc_10-7,0.000038,0.000000,0.000000,0.000339
Q_ind_146_anc_10-7,0.000268,0.000000,0.000000,0.003170
Q_ind_147_anc_10-7,0.000122,0.000000,0.000000,0.001280
Q_ind_148_anc_10-7,0.000081,0.000000,0.000000,0.000844
Q_ind_149_anc_10-7,0.000433,0.000000,0.000000,0.004203
Q_ind_150_anc_10-7,0.000081,0.000000,0.000000,0.000856
Q_ind_151_anc_10-7,0.000409,0.000000,0.000000,0.005950
Q_ind_152_anc_10-7,0.000136,0.000000,0.000000,0.001144
Q_ind_153_anc_10-7,0.000167,0.000000,0.000000,0.001932
Q_ind_154_anc_10-7,0.000118,0.000000,0.000000,0.001227
Q_ind_155_anc_10-7,0.062203,0.063474,0.000000,0.162700
Q_ind_156_anc_10-7,0.001898,0.000000,0.000000,0.026020
Q_ind_157_anc_10-7,0.001177,0.000000,0.000000,0.016621
Q_ind_158_anc_10-7,0.012918,0.000000,0.000000,0.130051
Q_ind_159_anc_10-7,0.009354,0.000000,0.000000,0.079526
Q_ind_160_anc_10-7,0.000526,0.000000,0.000000,0.007240
Q_ind_161_anc_10-7,0.040679,0.000013,0.000000,0.186899
Q_ind_162_anc_10-7,0.004828,0.000000,0.000000,0.053117
Q_ind_163_anc_10-7,0.009520,0.000000,0.000000,0.111330
Q_ind_164_anc_10-7,0.000596,0.000000,0.000000,0.008023
Q_ind_165_anc_10-7,0.000852,0.000000,0.000000,0.006946
Q_ind_166_anc_10-7,0.000296,0.000000,0.000000,0.003512
Q_ind_167_anc_10-7,0.000668,0.000000,0.000000,0.008276
Q_ind_168_anc_10-7,0.000404,0.000000,0.000000,0.004981
Q_ind_169_anc_10-7,0.002492,0.000000,0.000000,0.035583
Q_ind_170_anc_10-7,0.000087,0.000000,0.000000,0.000872
Q_ind_171_anc_10-7,0.000206,0.000000,0.000000,0.001837
Q_ind_172_anc_10-7,0.000070,0.000000,0.000000,0.000626
Q_ind_173_anc_10-7,0.000040,0.000000,0.000000,0.000351
Q_ind_174_anc_10-7,0.000186,0.000000,0.000000,0.001964
Q_ind_175_anc_10-7,0.000268,0.000000,0.000000,0.003366
Q_ind_176_anc_10-7,0.000540,0.000000,0.000000,0.007242
Q_ind_177_anc_10-7,0.000494,0.000000,0.000000,0.005800
Q_ind_178_anc_10-7,0.000142,0.000000,0.000000,0.001655
Q_ind_179_anc_10-7,0.000222,0.000000,0.000000,0.002439
Q_ind_180_anc_10-7,0.000475,0.000000,0.000000,0.004046
Q_ind_181_anc_10-7,0.001068,0.000000,0.000000,0.015012
Q_ind_182_anc_10-7,0.000271,0.000000,0.000000,0.003345
Q_ind_183_anc_10-7,0.000139,0.000000,0.000000,0.001585
Q_ind_184_anc_10-7,0.000458,0.000000,0.000000,0.005141
Q_ind_185_anc_10-7,0.000166,0.000000,0.000000,0.001048
Q_ind_186_anc_10-7,0.000126,0.000000,0.000000,0.001201
Q_ind_187_anc_10-7,0.000126,0.000000,0.000000,0.001095
Q_ind_188_anc_10-7,0.000143,0.000000,0.000000,0.001140
Q_ind_189_anc_10-7,0.000169,0.000000,0.000000,0.001321
Q_ind_190_anc_10-7,0.000384,0.000000,0.000000,0.004488
Q_ind_191_anc_10-7,0.000143,0.000000,0.000000,0.001215
Q_ind_192_anc_10-7,0.000095,0.000000,0.000000,0.000861
Q_ind_193_anc_10-7,0.000343,0.000000,0.000000,0.004326
Q_ind_194_anc_10-7,0.000028,0.000000,0.000000,0.000308
Q_ind_195_anc_10-7,0.000289,0.000000,0.000000,0.003353
Q_ind_196_anc_10-7,0.000045,0.000000,0.000000,0.000471
Q_ind_197_anc_10-7,0.000042,0.000000,0.000000,0.000459
Q_ind_198_anc_10-7,0.000029,0.000000,0.000000,0.000263
Q_ind_199_anc_10-7,0.001724,0.000000,0.000000,0.025338
Q_ind_200_anc_10-7,0.000047,0.000000,0.000000,0.000458
Q_ind_201_anc_10-7,0.000220,0.000000,0.000000,0.002327
Q_ind_202_anc_10-7,0.000890,0.000000,0.000000,0.012465
Q_ind_203_anc_10-7,0.001108,0.000000,0.000000,0.014214
Q_ind_204_anc_10-7,0.000197,0.000000,0.000000,0.002067
Q_ind_205_anc_10-7,0.000235,0.000000,0.000000,0.002394
Q_ind_206_anc_10-7,0.000524,0.000000,0.000000,0.005891
Q_ind_207_anc_10-7,0.001095,0.000000,0.000000,0.015970
Q_ind_208_anc_10-7,0.005653,0.000000,0.000000,0.082121
Q_ind_209_anc_10-7,0.001016,0.000000,0.000000,0.015294
Q_ind_210_anc_10-7,0.000655,0.000000,0.000000,0.009278
Q_ind_211_anc_10-7,0.000795,0.000000,0.000000,0.010932
Q_ind_212_anc_10-7,0.002616,0.000000,0.000000,0.043282
Q_ind_213_anc_10-7,0.000300,0.000000,0.000000,0.003811
Q_ind_214_anc_10-7,0.001324,0.000000,0.000000,0.017564
Q_ind_215_anc_10-7,0.001980,0.000000,0.000000,0.028898
Q_ind_216_anc_10-7,0.001107,0.000000,0.000000,0.013639
Q_ind_217_anc_10-7,0.000125,0.000000,0.000000,0.001357
Q_ind_218_anc_10-7,0.001126,0.000000,0.000000,0.014433
Q_ind_219_anc_10-7,0.000291,0.000000,0.000000,0.003554
Q_ind_220_anc_10-7,0.000317,0.000000,0.000000,0.003761
Q_ind_221_anc_10-7,0.001033,0.000000,0.000000,0.013415
Q_ind_222_anc_10-7,0.000154,0.000000,0.000000,0.001650
Q_ind_223_anc_10-7,0.000285,0.000000,0.000000,0.003829
Q_ind_224_anc_10-7,0.009032,0.000000,0.000000,0.103944
Q_ind_225_anc_10-7,0.000343,0.000000,0.000000,0.004360
Q_ind_226_anc_10-7,0.000128,0.000000,0.000000,0.001305
Q_ind_227_anc_10-7,0.001848,0.000000,0.000000,0.030199
Q_ind_228_anc_10-7,0.000263,0.000000,0.000000,0.002438
Q_ind_229_anc_10-7,0.002030,0.000000,0.000000,0.028638
Q_ind_230_anc_10-7,0.000407,0.000000,0.000000,0.005821
Q_ind_231_anc_10-7,0.001053,0.000000,0.000000,0.012780
Q_ind_232_anc_10-7,0.000500,0.000000,0.000000,0.003731
Q_ind_233_anc_10-7,0.000109,0.000000,0.000000,0.000890
Q_ind_234_anc_10-7,0.000280,0.000000,0.000000,0.003172
Q_ind_235_anc_10-7,0.000278,0.000000,0.000000,0.003228
Q_ind_236_anc_10-7,0.000097,0.000000,0.000000,0.001101
Q_ind_237_anc_10-7,0.000054,0.000000,0.000000,0.000691
Q_ind_238_anc_10-7,0.000178,0.000000,0.000000,0.001493
Q_ind_239_anc_10-7,0.000093,0.000000,0.000000,0.000982
Q_ind_240_anc_10-7,0.000175,0.000000,0.000000,0.002103
Q_ind_241_anc_10-7,0.000618,0.000000,0.000000,0.007371
Q_ind_242_anc_10-7,0.000559,0.000000,0.000000,0.009218
Q_ind_243_anc_10-7,0.000271,0.000000,0.000000,0.003316
Q_ind_244_anc_10-7,0.000099,0.000000,0.000000,0.000964
Q_ind_245_anc_10-7,0.000076,0.000000,0.000000,0.000852
Q_ind_1_anc_10-8,0.021488,0.000000,0.000000,0.108147
Q_ind_2_anc_10-8,0.007063,0.000000,0.000000,0.105627
Q_ind_3_anc_10-8,0.026905,0.000000,0.000000,0.162517
Q_ind_4_anc_10-8,0.003830,0.000000,0.000000,0.063748
Q_ind_5_anc_10-8,0.000827,0.000000,0.000000,0.008779
Q_ind_6_anc_10-8,0.021660,0.000000,0.000000,0.113002
Q_ind_7_anc_10-8,0.046692,0.000010,0.000000,0.179601
Q_ind_8_anc_10-8,0.004646,0.000000,0.000000,0.065303
Q_ind_9_anc_10-8,0.068497,0.002962,0.000000,0.258445
Q_ind_10_anc_10-8,0.033590,0.000000,0.000000,0.200379
Q_ind_11_anc_10-8,0.000843,0.000000,0.000000,0.005736
Q_ind_12_anc_10-8,0.004235,0.000000,0.000000,0.057107
Q_ind_13_anc_10-8,0.000157,0.000000,0.000000,0.001152
Q_ind_14_anc_10-8,0.000131,0.000000,0.000000,0.001278
Q_ind_15_anc_10-8,0.000080,0.000000,0.000000,0.000881
Q_ind_16_anc_10-8,0.000234,0.000000,0.000000,0.002526
Q_ind_17_anc_10-8,0.000142,0.000000,0.000000,0.001568
Q_ind_18_anc_10-8,0.000496,0.000000,0.000000,0.006787
Q_ind_19_anc_10-8,0.000097,0.000000,0.000000,0.000913
Q_ind_20_anc_10-8,0.000066,0.000000,0.000000,0.000590
Q_ind_21_anc_10-8,0.000150,0.000000,0.000000,0.001356
Q_ind_22_anc_10-8,0.000255,0.000000,0.000000,0.003055
Q_ind_23_anc_10-8,0.000286,0.000000,0.000000,0.003315
Q_ind_24_anc_10-8,0.002879,0.000000,0.000000,0.034899
Q_ind_25_anc_10-8,0.000226,0.000000,0.000000,0.002579
Q_ind_26_anc_10-8,0.000082,0.000000,0.000000,0.000746
Q_ind_27_anc_10-8,0.000311,0.000000,0.000000,0.003747
Q_ind_28_anc_10-8,0.000249,0.000000,0.000000,0.001972
Q_ind_29_anc_10-8,0.000300,0.000000,0.000000,0.002710
Q_ind_30_anc_10-8,0.000187,0.000000,0.000000,0.001797
Q_ind_31_anc_10-8,0.012052,0.000000,0.000000,0.159272
Q_ind_32_anc_10-8,0.000198,0.000000,0.000000,0.001736
Q_ind_33_anc_10-8,0.000920,0.000000,0.000000,0.013424
Q_ind_34_anc_10-8,0.003635,0.000000,0.000000,0.050411
Q_ind_35_anc_10-8,0.000480,0.000000,0.000000,0.002974
Q_ind_36_anc_10-8,0.000531,0.000000,0.000000,0.007682
Q_ind_37_anc_10-8,0.002949,0.000000,0.000000,0.041732
Q_ind_38_anc_10-8,0.000352,0.000000,0.000000,0.004271
Q_ind_39_anc_10-8,0.000223,0.000000,0.000000,0.002460
Q_ind_40_anc_10-8,0.047300,0.000000,0.000000,0.240709
Q_ind_41_anc_10-8,0.044679,0.000000,0.000000,0.235520
Q_ind_42_anc_10-8,0.000228,0.000000,0.000000,0.001912
Q_ind_43_anc_10-8,0.000421,0.000000,0.000000,0.005603
Q_ind_44_anc_10-8,0.000108,0.000000,0.000000,0.001070
Q_ind_45_anc_10-8,0.000215,0.000000,0.000000,0.001850
Q_ind_46_anc_10-8,0.000084,0.000000,0.000000,0.000873
Q_ind_47_anc_10-8,0.000174,0.000000,0.000000,0.001613
Q_ind_48_anc_10-8,0.000219,0.000000,0.000000,0.002697
Q_ind_49_anc_10-8,0.000209,0.000000,0.000000,0.001982
Q_ind_50_anc_10-8,0.000144,0.000000,0.000000,0.001546
Q_ind_51_anc_10-8,0.000384,0.000000,0.000000,0.005268
Q_ind_52_anc_10-8,0.000069,0.000000,0.000000,0.000699
Q_ind_53_anc_10-8,0.000147,0.000000,0.000000,0.001552
Q_ind_54_anc_10-8,0.000124,0.000000,0.000000,0.001081
Q_ind_55_anc_10-8,0.000179,0.000000,0.000000,0.002025
Q_ind_56_anc_10-8,0.000105,0.000000,0.000000,0.001165
Q_ind_57_anc_10-8,0.000448,0.000000,0.000000,0.005196
Q_ind_58_anc_10-8,0.000116,0.000000,0.000000,0.001184
Q_ind_59_anc_10-8,0.000087,0.000000,0.000000,0.000732
Q_ind_60_anc_10-8,0.000065,0.000000,0.000000,0.000550
Q_ind_61_anc_10-8,0.000124,0.000000,0.000000,0.001488
Q_ind_62_anc_10-8,0.000319,0.000000,0.000000,0.004752
Q_ind_63_anc_10-8,0.001269,0.000000,0.000000,0.018868
Q_ind_64_anc_10-8,0.000156,0.000000,0.000000,0.001750
Q_ind_65_anc_10-8,0.000329,0.000000,0.000000,0.003657
Q_ind_66_anc_10-8,0.000194,0.000000,0.000000,0.002311
Q_ind_67_anc_10-8,0.000226,0.000000,0.000000,0.002047
Q_ind_68_anc_10-8,0.000219,0.000000,0.000000,0.002058
Q_ind_69_anc_10-8,0.000227,0.000000,0.000000,0.002624
Q_ind_70_anc_10-8,0.000060,0.000000,0.000000,0.000576
Q_ind_71_anc_10-8,0.000412,0.000000,0.000000,0.003760
Q_ind_72_anc_10-8,0.001878,0.000000,0.000000,0.030762
Q_ind_73_anc_10-8,0.000361,0.000000,0.000000,0.004788
Q_ind_74_anc_10-8,0.000321,0.000000,0.000000,0.003071
Q_ind_75_anc_10-8,0.000149,0.000000,0.000000,0.001862
Q_ind_76_anc_10-8,0.000228,0.000000,0.000000,0.002332
Q_ind_77_anc_10-8,0.002030,0.000000,0.000000,0.037818
Q_ind_78_anc_10-8,0.000480,0.000000,0.000000,0.005850
Q_ind_79_anc_10-8,0.002184,0.000000,0.000000,0.033790
Q_ind_80_anc_10-8,0.000083,0.000000,0.000000,0.000685
Q_ind_81_anc_10-8,0.000486,0.000000,0.000000,0.006137
Q_ind_82_anc_10-8,0.000442,0.000000,0.000000,0.003368
Q_ind_83_anc_10-8,0.000138,0.000000,0.000000,0.001253
Q_ind_84_anc_10-8,0.000200,0.000000,0.000000,0.002088
Q_ind_85_anc_10-8,0.000230,0.000000,0.000000,0.002914
Q_ind_86_anc_10-8,0.000143,0.000000,0.000000,0.001641
Q_ind_87_anc_10-8,0.000208,0.000000,0.000000,0.001880
Q_ind_88_anc_10-8,0.000624,0.000000,0.000000,0.009118
Q_ind_89_anc_10-8,0.000278,0.000000,0.000000,0.002901
Q_ind_90_anc_10-8,0.000506,0.000000,0.000000,0.003524
Q_ind_91_anc_10-8,0.000311,0.000000,0.000000,0.002642
Q_ind_92_anc_10-8,0.000249,0.000000,0.000000,0.001891
Q_ind_93_anc_10-8,0.000465,0.000000,0.000000,0.003620
Q_ind_94_anc_10-8,0.000167,0.000000,0.000000,0.001355
Q_ind_95_anc_10-8,0.000343,0.000000,0.000000,0.003711
Q_ind_96_anc_10-8,0.000121,0.000000,0.000000,0.001251
Q_ind_97_anc_10-8,0.000318,0.000000,0.000000,0.003757
Q_ind_98_anc_10-8,0.000099,0.000000,0.000000,0.000845
Q_ind_99_anc_10-8,0.000091,0.000000,0.000000,0.000918
Q_ind_100_anc_10-8,0.000092,0.000000,0.000000,0.000659
Q_ind_101_anc_10-8,0.000069,0.000000,0.000000,0.000762
Q_ind_102_anc_10-8,0.000074,0.000000,0.000000,0.000645
Q_ind_103_anc_10-8,0.000123,0.000000,0.000000,0.001506
Q_ind_104_anc_10-8,0.000083,0.000000,0.000000,0.000814
Q_ind_105_anc_10-8,0.000199,0.000000,0.000000,0.001911
Q_ind_106_anc_10-8,0.000308,0.000000,0.000000,0.003229
Q_ind_107_anc_10-8,0.002086,0.000000,0.000000,0.029390
Q_ind_108_anc_10-8,0.000449,0.000000,0.000000,0.005711
Q_ind_109_anc_10-8,0.003310,0.000000,0.000000,0.048462
Q_ind_110_anc_10-8,0.000488,0.000000,0.000000,0.004327
Q_ind_111_anc_10-8,0.000343,0.000000,0.000000,0.003629
Q_ind_112_anc_10-8,0.000375,0.000000,0.000000,0.003845
Q_ind_113_anc_10-8,0.051217,0.000000,0.000000,0.331187
Q_ind_114_anc_10-8,0.001132,0.000000,0.000000,0.019146
Q_ind_115_anc_10-8,0.000084,0.000000,0.000000,0.000751
Q_ind_116_anc_10-8,0.000746,0.000000,0.000000,0.010080
Q_ind_117_anc_10-8,0.000153,0.000000,0.000000,0.001808
Q_ind_118_anc_10-8,0.000134,0.000000,0.000000,0.001433
Q_ind_119_anc_10-8,0.000053,0.000000,0.000000,0.000468
Q_ind_120_anc_10-8,0.000083,0.000000,0.000000,0.000968
Q_ind_121_anc_10-8,0.000210,0.000000,0.000000,0.002065
Q_ind_122_anc_10-8,0.000093,0.000000,0.000000,0.000713
Q_ind_123_anc_10-8,0.000109,0.000000,0.000000,0.000989
Q_ind_124_anc_10-8,0.000224,0.000000,0.000000,0.002303
Q_ind_125_anc_10-8,0.000315,0.000000,0.000000,0.004345
Q_ind_126_anc_10-8,0.003645,0.000000,0.000000,0.062202
Q_ind_127_anc_10-8,0.000243,0.000000,0.000000,0.002607
Q_ind_128_anc_10-8,0.000200,0.000000,0.000000,0.001913
Q_ind_129_anc_10-8,0.000253,0.000000,0.000000,0.002540
Q_ind_130_anc_10-8,0.000337,0.000000,0.000000,0.003673
Q_ind_131_anc_10-8,0.000934,0.000000,0.000000,0.012776
Q_ind_132_anc_10-8,0.000986,0.000000,0.000000,0.009083
Q_ind_133_anc_10-8,0.000514,0.000000,0.000000,0.005067
Q_ind_134_anc_10-8,0.000526,0.000000,0.000000,0.007111
Q_ind_135_anc_10-8,0.000963,0.000000,0.000000,0.013200
Q_ind_136_anc_10-8,0.000078,0.000000,0.000000,0.000705
Q_ind_137_anc_10-8,0.000171,0.000000,0.000000,0.002017
Q_ind_138_anc_10-8,0.025917,0.000000,0.000000,0.125905
Q_ind_139_anc_10-8,0.001066,0.000000,0.000000,0.016787
Q_ind_140_anc_10-8,0.001422,0.000000,0.000000,0.018628
Q_ind_141_anc_10-8,0.000088,0.000000,0.000000,0.000934
Q_ind_142_anc_10-8,0.000104,0.000000,0.000000,0.000889
Q_ind_143_anc_10-8,0.001395,0.000000,0.000000,0.022182
Q_ind_144_anc_10-8,0.000127,0.000000,0.000000,0.001566
Q_ind_145_anc_10-8,0.000080,0.000000,0.000000,0.000665
Q_ind_146_anc_10-8,0.000148,0.000000,0.000000,0.001546
Q_ind_147_anc_10-8,0.000129,0.000000,0.000000,0.001255
Q_ind_148_anc_10-8,0.000954,0.000000,0.000000,0.015024
Q_ind_149_anc_10-8,0.000100,0.000000,0.000000,0.000906
Q_ind_150_anc_10-8,0.000254,0.000000,0.000000,0.002523
Q_ind_151_anc_10-8,0.000179,0.000000,0.000000,0.001711
Q_ind_152_anc_10-8,0.000096,0.000000,0.000000,0.001081
Q_ind_153_anc_10-8,0.000059,0.000000,0.000000,0.000677
Q_ind_154_anc_10-8,0.000522,0.000000,0.000000,0.006587
Q_ind_155_anc_10-8,0.000133,0.000000,0.000000,0.001512
Q_ind_156_anc_10-8,0.000381,0.000000,0.000000,0.004280
Q_ind_157_anc_10-8,0.001174,0.000000,0.000000,0.016565
Q_ind_158_anc_10-8,0.000571,0.000000,0.000000,0.006488
Q_ind_159_anc_10-8,0.000464,0.000000,0.000000,0.004562
Q_ind_160_anc_10-8,0.000255,0.000000,0.000000,0.001810
Q_ind_161_anc_10-8,0.000494,0.000000,0.000000,0.005993
Q_ind_162_anc_10-8,0.000566,0.000000,0.000000,0.006346
Q_ind_163_anc_10-8,0.001076,0.000000,0.000000,0.004463
Q_ind_164_anc_10-8,0.016987,0.000000,0.000000,0.133384
Q_ind_165_anc_10-8,0.000318,0.000000,0.000000,0.004015
Q_ind_166_anc_10-8,0.008191,0.000000,0.000000,0.112020
Q_ind_167_anc_10-8,0.000166,0.000000,0.000000,0.001280
Q_ind_168_anc_10-8,0.001023,0.000000,0.000000,0.013869
Q_ind_169_anc_10-8,0.000274,0.000000,0.000000,0.002661
Q_ind_170_anc_10-8,0.000191,0.000000,0.000000,0.001439
Q_ind_171_anc_10-8,0.000187,0.000000,0.000000,0.001560
Q_ind_172_anc_10-8,0.000078,0.000000,0.000000,0.000597
Q_ind_173_anc_10-8,0.000039,0.000000,0.000000,0.000393
Q_ind_174_anc_10-8,0.000066,0.000000,0.000000,0.000600
Q_ind_175_anc_10-8,0.000322,0.000000,0.000000,0.004042
Q_ind_176_anc_10-8,0.000240,0.000000,0.000000,0.002460
Q_ind_177_anc_10-8,0.000123,0.000000,0.000000,0.001344
Q_ind_178_anc_10-8,0.000138,0.000000,0.000000,0.001468
Q_ind_179_anc_10-8,0.000154,0.000000,0.000000,0.001309
Q_ind_180_anc_10-8,0.000721,0.000000,0.000000,0.010739
Q_ind_181_anc_10-8,0.000270,0.000000,0.000000,0.002356
Q_ind_182_anc_10-8,0.000241,0.000000,0.000000,0.002330
Q_ind_183_anc_10-8,0.000114,0.000000,0.000000,0.000919
Q_ind_184_anc_10-8,0.000068,0.000000,0.000000,0.000709
Q_ind_185_anc_10-8,0.000452,0.000000,0.000000,0.004557
Q_ind_186_anc_10-8,0.000177,0.000000,0.000000,0.001911
Q_ind_187_anc_10-8,0.000661,0.000000,0.000000,0.005937
Q_ind_188_anc_10-8,0.000238,0.000000,0.000000,0.002637
Q_ind_189_anc_10-8,0.000203,0.000000,0.000000,0.002460
Q_ind_190_anc_10-8,0.000771,0.000000,0.000000,0.010025
Q_ind_191_anc_10-8,0.000510,0.000000,0.000000,0.004629
Q_ind_192_anc_10-8,0.002097,0.000000,0.000000,0.033842
Q_ind_193_anc_10-8,0.000576,0.000000,0.000000,0.007530
Q_ind_194_anc_10-8,0.000037,0.000000,0.000000,0.000344
Q_ind_195_anc_10-8,0.000125,0.000000,0.000000,0.001323
Q_ind_196_anc_10-8,0.000045,0.000000,0.000000,0.000457
Q_ind_197_anc_10-8,0.000045,0.000000,0.000000,0.000396
Q_ind_198_anc_10-8,0.000060,0.000000,0.000000,0.000619
Q_ind_199_anc_10-8,0.000122,0.000000,0.000000,0.001264
Q_ind_200_anc_10-8,0.000080,0.000000,0.000000,0.000537
Q_ind_201_anc_10-8,0.000090,0.000000,0.000000,0.000983
Q_ind_202_anc_10-8,0.005103,0.000000,0.000000,0.058372
Q_ind_203_anc_10-8,0.005327,0.000000,0.000000,0.079482
Q_ind_204_anc_10-8,0.044507,0.000000,0.000000,0.348935
Q_ind_205_anc_10-8,0.001107,0.000000,0.000000,0.018551
Q_ind_206_anc_10-8,0.007443,0.000000,0.000000,0.118404
Q_ind_207_anc_10-8,0.079195,0.000000,0.000000,0.351290
Q_ind_208_anc_10-8,0.022492,0.000000,0.000000,0.173011
Q_ind_209_anc_10-8,0.002191,0.000000,0.000000,0.033741
Q_ind_210_anc_10-8,0.019367,0.000000,0.000000,0.166521
Q_ind_211_anc_10-8,0.000617,0.000000,0.000000,0.008332
Q_ind_212_anc_10-8,0.000125,0.000000,0.000000,0.001331
Q_ind_213_anc_10-8,0.000426,0.000000,0.000000,0.004800
Q_ind_214_anc_10-8,0.001972,0.000000,0.000000,0.030298
Q_ind_215_anc_10-8,0.000268,0.000000,0.000000,0.002898
Q_ind_216_anc_10-8,0.000211,0.000000,0.000000,0.001784
Q_ind_217_anc_10-8,0.000454,0.000000,0.000000,0.004745
Q_ind_218_anc_10-8,0.000178,0.000000,0.000000,0.001645
Q_ind_219_anc_10-8,0.000322,0.000000,0.000000,0.004589
Q_ind_220_anc_10-8,0.000285,0.000000,0.000000,0.002206
Q_ind_221_anc_10-8,0.000161,0.000000,0.000000,0.001472
Q_ind_222_anc_10-8,0.001765,0.000000,0.000000,0.024583
Q_ind_223_anc_10-8,0.000210,0.000000,0.000000,0.002288
Q_ind_224_anc_10-8,0.000186,0.000000,0.000000,0.001646
Q_ind_225_anc_10-8,0.000303,0.000000,0.000000,0.002557
Q_ind_226_anc_10-8,0.000238,0.000000,0.000000,0.002758
Q_ind_227_anc_10-8,0.001829,0.000000,0.000000,0.027640
Q_ind_228_anc_10-8,0.001039,0.000000,0.000000,0.010543
Q_ind_229_anc_10-8,0.000614,0.000000,0.000000,0.007215
Q_ind_230_anc_10-8,0.002143,0.000000,0.000000,0.031788
Q_ind_231_anc_10-8,0.000145,0.000000,0.000000,0.000785
Q_ind_232_anc_10-8,0.001796,0.000000,0.000000,0.025002
Q_ind_233_anc_10-8,0.000223,0.000000,0.000000,0.002618
Q_ind_234_anc_10-8,0.000099,0.000000,0.000000,0.000714
Q_ind_235_anc_10-8,0.000130,0.000000,0.000000,0.001344
Q_ind_236_anc_10-8,0.000134,0.000000,0.000000,0.000825
Q_ind_237_anc_10-8,0.000341,0.000000,0.000000,0.004152
Q_ind_238_anc_10-8,0.000117,0.000000,0.000000,0.001170
Q_ind_239_anc_10-8,0.000094,0.000000,0.000000,0.001059
Q_ind_240_anc_10-8,0.000251,0.000000,0.000000,0.002479
Q_ind_241_anc_10-8,0.000104,0.000000,0.000000,0.001007
Q_ind_242_anc_10-8,0.000292,0.000000,0.000000,0.003271
Q_ind_243_anc_10-8,0.000058,0.000000,0.000000,0.000539
Q_ind_244_anc_10-8,0.000074,0.000000,0.000000,0.000680
Q_ind_245_anc_10-8,0.000078,0.000000,0.000000,0.000846
Q_ind_1_anc_10-9,0.000227,0.000000,0.000000,0.002698
Q_ind_2_anc_10-9,0.000238,0.000000,0.000000,0.002640
Q_ind_3_anc_10-9,0.000330,0.000000,0.000000,0.003678
Q_ind_4_anc_10-9,0.000432,0.000000,0.000000,0.004573
Q_ind_5_anc_10-9,0.000320,0.000000,0.000000,0.003335
Q_ind_6_anc_10-9,0.001060,0.000000,0.000000,0.013686
Q_ind_7_anc_10-9,0.000104,0.000000,0.000000,0.000992
Q_ind_8_anc_10-9,0.000242,0.000000,0.000000,0.002534
Q_ind_9_anc_10-9,0.000292,0.000000,0.000000,0.003576
Q_ind_10_anc_10-9,0.000140,0.000000,0.000000,0.001003
Q_ind_11_anc_10-9,0.000378,0.000000,0.000000,0.003614
Q_ind_12_anc_10-9,0.000463,0.000000,0.000000,0.005926
Q_ind_13_anc_10-9,0.000114,0.000000,0.000000,0.001161
Q_ind_14_anc_10-9,0.000284,0.000000,0.000000,0.003046
Q_ind_15_anc_10-9,0.000775,0.000000,0.000000,0.007733
Q_ind_16_anc_10-9,0.000404,0.000000,0.000000,0.005095
Q_ind_17_anc_10-9,0.000451,0.000000,0.000000,0.006434
Q_ind_18_anc_10-9,0.000677,0.000000,0.000000,0.008110
Q_ind_19_anc_10-9,0.001818,0.000000,0.000000,0.029855
Q_ind_20_anc_10-9,0.001188,0.000000,0.000000,0.015719
Q_ind_21_anc_10-9,0.000160,0.000000,0.000000,0.001617
Q_ind_22_anc_10-9,0.001204,0.000000,0.000000,0.017856
Q_ind_23_anc_10-9,0.000210,0.000000,0.000000,0.002520
Q_ind_24_anc_10-9,0.001954,0.000000,0.000000,0.027843
Q_ind_25_anc_10-9,0.000418,0.000000,0.000000,0.004685
Q_ind_26_anc_10-9,0.000265,0.000000,0.000000,0.002951
Q_ind_27_anc_10-9,0.000229,0.000000,0.000000,0.002832
Q_ind_28_anc_10-9,0.000447,0.000000,0.000000,0.006297
Q_ind_29_anc_10-9,0.002140,0.000000,0.000000,0.028451
Q_ind_30_anc_10-9,0.000237,0.000000,0.000000,0.002614
Q_ind_31_anc_10-9,0.000285,0.000000,0.000000,0.002578
Q_ind_32_anc_10-9,0.000501,0.000000,0.000000,0.006129
Q_ind_33_anc_10-9,0.000516,0.000000,0.000000,0.007307
Q_ind_34_anc_10-9,0.000308,0.000000,0.000000,0.003435
Q_ind_35_anc_10-9,0.000713,0.000000,0.000000,0.009540
Q_ind_36_anc_10-9,0.000108,0.000000,0.000000,0.000959
Q_ind_37_anc_10-9,0.006389,0.000000,0.000000,0.064591
Q_ind_38_anc_10-9,0.000224,0.000000,0.000000,0.002427
Q_ind_39_anc_10-9,0.074598,0.029068,0.000000,0.223315
Q_ind_40_anc_10-9,0.000643,0.000000,0.000000,0.007510
Q_ind_41_anc_10-9,0.001692,0.000000,0.000000,0.023944
Q_ind_42_anc_10-9,0.000285,0.000000,0.000000,0.002518
Q_ind_43_anc_10-9,0.000915,0.000000,0.000000,0.016033
Q_ind_44_anc_10-9,0.000218,0.000000,0.000000,0.001790
Q_ind_45_anc_10-9,0.000176,0.000000,0.000000,0.001977
Q_ind_46_anc_10-9,0.000447,0.000000,0.000000,0.006628
Q_ind_47_anc_10-9,0.003521,0.000000,0.000000,0.049639
Q_ind_48_anc_10-9,0.000391,0.000000,0.000000,0.005285
Q_ind_49_anc_10-9,0.000179,0.000000,0.000000,0.001939
Q_ind_50_anc_10-9,0.000343,0.000000,0.000000,0.004510
Q_ind_51_anc_10-9,0.000500,0.000000,0.000000,0.006181
Q_ind_52_anc_10-9,0.000215,0.000000,0.000000,0.002723
Q_ind_53_anc_10-9,0.000168,0.000000,0.000000,0.001932
Q_ind_54_anc_10-9,0.000205,0.000000,0.000000,0.001881
Q_ind_55_anc_10-9,0.000141,0.000000,0.000000,0.001033
Q_ind_56_anc_10-9,0.000894,0.000000,0.000000,0.012230
Q_ind_57_anc_10-9,0.018463,0.000000,0.000000,0.104416
Q_ind_58_anc_10-9,0.000409,0.000000,0.000000,0.004183
Q_ind_59_anc_10-9,0.000255,0.000000,0.000000,0.002507
Q_ind_60_anc_10-9,0.000385,0.000000,0.000000,0.004195
Q_ind_61_anc_10-9,0.000378,0.000000,0.000000,0.005049
Q_ind_62_anc_10-9,0.000507,0.000000,0.000000,0.006361
Q_ind_63_anc_10-9,0.000084,0.000000,0.000000,0.000688
Q_ind_64_anc_10-9,0.000076,0.000000,0.000000,0.000653
Q_ind_65_anc_10-9,0.000070,0.000000,0.000000,0.000737
Q_ind_66_anc_10-9,0.000093,0.000000,0.000000,0.000723
Q_ind_67_anc_10-9,0.000088,0.000000,0.000000,0.000983
Q_ind_68_anc_10-9,0.000432,0.000000,0.000000,0.005439
Q_ind_69_anc_10-9,0.000178,0.000000,0.000000,0.001904
Q_ind_70_anc_10-9,0.000569,0.000000,0.000000,0.007062
Q_ind_71_anc_10-9,0.001043,0.000000,0.000000,0.015234
Q_ind_72_anc_10-9,0.012580,0.000000,0.000000,0.051198
Q_ind_73_anc_10-9,0.000544,0.000000,0.000000,0.007243
Q_ind_74_anc_10-9,0.001054,0.000000,0.000000,0.011698
Q_ind_75_anc_10-9,0.001338,0.000000,0.000000,0.021635
Q_ind_76_anc_10-9,0.000110,0.000000,0.000000,0.001166
Q_ind_77_anc_10-9,0.000240,0.000000,0.000000,0.003198
Q_ind_78_anc_10-9,0.000058,0.000000,0.000000,0.000416
Q_ind_79_anc_10-9,0.000294,0.000000,0.000000,0.002292
Q_ind_80_anc_10-9,0.000106,0.000000,0.000000,0.001086
Q_ind_81_anc_10-9,0.000567,0.000000,0.000000,0.006868
Q_ind_82_anc_10-9,0.000867,0.000000,0.000000,0.012616
Q_ind_83_anc_10-9,0.000109,0.000000,0.000000,0.001126
Q_ind_84_anc_10-9,0.000226,0.000000,0.000000,0.002319
Q_ind_85_anc_10-9,0.000403,0.000000,0.000000,0.004416
Q_ind_86_anc_10-9,0.000173,0.000000,0.000000,0.002238
Q_ind_87_anc_10-9,0.000235,0.000000,0.000000,0.002104
Q_ind_88_anc_10-9,0.001109,0.000000,0.000000,0.017972
Q_ind_89_anc_10-9,0.000318,0.000000,0.000000,0.003623
Q_ind_90_anc_10-9,0.000246,0.000000,0.000000,0.002610
Q_ind_91_anc_10-9,0.000375,0.000000,0.000000,0.004625
Q_ind_92_anc_10-9,0.001112,0.000000,0.000000,0.016424
Q_ind_93_anc_10-9,0.000159,0.000000,0.000000,0.001794
Q_ind_94_anc_10-9,0.001996,0.000000,0.000000,0.029194
Q_ind_95_anc_10-9,0.000747,0.000000,0.000000,0.009284
Q_ind_96_anc_10-9,0.000257,0.000000,0.000000,0.002821
Q_ind_97_anc_10-9,0.000298,0.000000,0.000000,0.002835
Q_ind_98_anc_10-9,0.036228,0.006775,0.000000,0.143637
Q_ind_99_anc_10-9,0.051024,0.042805,0.000000,0.171827
Q_ind_100_anc_10-9,0.000381,0.000000,0.000000,0.003940
Q_ind_101_anc_10-9,0.000118,0.000000,0.000000,0.001017
Q_ind_102_anc_10-9,0.000234,0.000000,0.000000,0.003020
Q_ind_103_anc_10-9,0.000158,0.000000,0.000000,0.001684
Q_ind_104_anc_10-9,0.000073,0.000000,0.000000,0.000771
Q_ind_105_anc_10-9,0.015298,0.000000,0.000000,0.080954
Q_ind_106_anc_10-9,0.000985,0.000000,0.000000,0.011558
Q_ind_107_anc_10-9,0.000889,0.000000,0.000000,0.012201
Q_ind_108_anc_10-9,0.000568,0.000000,0.000000,0.007685
Q_ind_109_anc_10-9,0.001271,0.000000,0.000000,0.017815
Q_ind_110_anc_10-9,0.000930,0.000000,0.000000,0.014340
Q_ind_111_anc_10-9,0.004992,0.000000,0.000000,0.070761
Q_ind_112_anc_10-9,0.000214,0.000000,0.000000,0.003057
Q_ind_113_anc_10-9,0.000468,0.000000,0.000000,0.006006
Q_ind_114_anc_10-9,0.005990,0.000000,0.000000,0.062632
Q_ind_115_anc_10-9,0.000325,0.000000,0.000000,0.002146
Q_ind_116_anc_10-9,0.001032,0.000000,0.000000,0.014177
Q_ind_117_anc_10-9,0.000129,0.000000,0.000000,0.001057
Q_ind_118_anc_10-9,0.000615,0.000000,0.000000,0.007284
Q_ind_119_anc_10-9,0.000158,0.000000,0.000000,0.001765
Q_ind_120_anc_10-9,0.000853,0.000000,0.000000,0.012134
Q_ind_121_anc_10-9,0.001273,0.000000,0.000000,0.017659
Q_ind_122_anc_10-9,0.000106,0.000000,0.000000,0.000891
Q_ind_123_anc_10-9,0.000518,0.000000,0.000000,0.006601
Q_ind_124_anc_10-9,0.002856,0.000000,0.000000,0.036899
Q_ind_125_anc_10-9,0.000113,0.000000,0.000000,0.000965
Q_ind_126_anc_10-9,0.000365,0.000000,0.000000,0.002149
Q_ind_127_anc_10-9,0.000699,0.000000,0.000000,0.009475
Q_ind_128_anc_10-9,0.000269,0.000000,0.000000,0.003412
Q_ind_129_anc_10-9,0.000600,0.000000,0.000000,0.006917
Q_ind_130_anc_10-9,0.000695,0.000000,0.000000,0.008897
Q_ind_131_anc_10-9,0.000319,0.000000,0.000000,0.004467
Q_ind_132_anc_10-9,0.000208,0.000000,0.000000,0.002295
Q_ind_133_anc_10-9,0.000192,0.000000,0.000000,0.001951
Q_ind_134_anc_10-9,0.000964,0.000000,0.000000,0.013304
Q_ind_135_anc_10-9,0.000470,0.000000,0.000000,0.005066
Q_ind_136_anc_10-9,0.000760,0.000000,0.000000,0.009968
Q_ind_137_anc_10-9,0.000779,0.000000,0.000000,0.010690
Q_ind_138_anc_10-9,0.000635,0.000000,0.000000,0.009108
Q_ind_139_anc_10-9,0.002688,0.000000,0.000000,0.036920
Q_ind_140_anc_10-9,0.004938,0.000000,0.000000,0.066690
Q_ind_141_anc_10-9,0.000348,0.000000,0.000000,0.003910
Q_ind_142_anc_10-9,0.011007,0.000000,0.000000,0.088453
Q_ind_143_anc_10-9,0.000728,0.000000,0.000000,0.010737
Q_ind_144_anc_10-9,0.001045,0.000000,0.000000,0.017137
Q_ind_145_anc_10-9,0.000068,0.000000,0.000000,0.000653
Q_ind_146_anc_10-9,0.000279,0.000000,0.000000,0.002303
Q_ind_147_anc_10-9,0.000232,0.000000,0.000000,0.002337
Q_ind_148_anc_10-9,0.000179,0.000000,0.000000,0.002162
Q_ind_149_anc_10-9,0.000163,0.000000,0.000000,0.002384
Q_ind_150_anc_10-9,0.000212,0.000000,0.000000,0.002831
Q_ind_151_anc_10-9,0.000140,0.000000,0.000000,0.001552
Q_ind_152_anc_10-9,0.000129,0.000000,0.000000,0.001156
Q_ind_153_anc_10-9,0.000079,0.000000,0.000000,0.000855
Q_ind_154_anc_10-9,0.000310,0.000000,0.000000,0.003458
Q_ind_155_anc_10-9,0.001668,0.000000,0.000000,0.026211
Q_ind_156_anc_10-9,0.000217,0.000000,0.000000,0.002219
Q_ind_157_anc_10-9,0.000766,0.000000,0.000000,0.012455
Q_ind_158_anc_10-9,0.000241,0.000000,0.000000,0.002329
Q_ind_159_anc_10-9,0.001890,0.000000,0.000000,0.020496
Q_ind_160_anc_10-9,0.000083,0.000000,0.000000,0.000637
Q_ind_161_anc_10-9,0.000159,0.000000,0.000000,0.001584
Q_ind_162_anc_10-9,0.000401,0.000000,0.000000,0.005024
Q_ind_163_anc_10-9,0.000134,0.000000,0.000000,0.001254
Q_ind_164_anc_10-9,0.000231,0.000000,0.000000,0.002496
Q_ind_165_anc_10-9,0.000265,0.000000,0.000000,0.003107
Q_ind_166_anc_10-9,0.000301,0.000000,0.000000,0.003213
Q_ind_167_anc_10-9,0.001046,0.000000,0.000000,0.015801
Q_ind_168_anc_10-9,0.002252,0.000000,0.000000,0.028430
Q_ind_169_anc_10-9,0.001706,0.000000,0.000000,0.025010
Q_ind_170_anc_10-9,0.000094,0.000000,0.000000,0.000749
Q_ind_171_anc_10-9,0.000216,0.000000,0.000000,0.002774
Q_ind_172_anc_10-9,0.000365,0.000000,0.000000,0.004648
Q_ind_173_anc_10-9,0.000108,0.000000,0.000000,0.000858
Q_ind_174_anc_10-9,0.000284,0.000000,0.000000,0.003968
Q_ind_175_anc_10-9,0.002167,0.000000,0.000000,0.030368
Q_ind_176_anc_10-9,0.000530,0.000000,0.000000,0.005779
Q_ind_177_anc_10-9,0.000155,0.000000,0.000000,0.001682
Q_ind_178_anc_10-9,0.000079,0.000000,0.000000,0.000696
Q_ind_179_anc_10-9,0.000104,0.000000,0.000000,0.001110
Q_ind_180_anc_10-9,0.000109,0.000000,0.000000,0.001360
Q_ind_181_anc_10-9,0.001383,0.000000,0.000000,0.024028
Q_ind_182_anc_10-9,0.000107,0.000000,0.000000,0.001126
Q_ind_183_anc_10-9,0.000086,0.000000,0.000000,0.000993
Q_ind_184_anc_10-9,0.000167,0.000000,0.000000,0.001968
Q_ind_185_anc_10-9,0.000257,0.000000,0.000000,0.001994
Q_ind_186_anc_10-9,0.000481,0.000000,0.000000,0.006055
Q_ind_187_anc_10-9,0.000427,0.000000,0.000000,0.005289
Q_ind_188_anc_10-9,0.001122,0.000000,0.000000,0.017958
Q_ind_189_anc_10-9,0.000296,0.000000,0.000000,0.001934
Q_ind_190_anc_10-9,0.000644,0.000000,0.000000,0.008687
Q_ind_191_anc_10-9,0.000114,0.000000,0.000000,0.000753
Q_ind_192_anc_10-9,0.000192,0.000000,0.000000,0.001792
Q_ind_193_anc_10-9,0.000227,0.000000,0.000000,0.002230
Q_ind_194_anc_10-9,0.000026,0.000000,0.000000,0.000255
Q_ind_195_anc_10-9,0.000089,0.000000,0.000000,0.000932
Q_ind_196_anc_10-9,0.000028,0.000000,0.000000,0.000294
Q_ind_197_anc_10-9,0.000050,0.000000,0.000000,0.000522
Q_ind_198_anc_10-9,0.000023,0.000000,0.000000,0.000185
Q_ind_199_anc_10-9,0.000136,0.000000,0.000000,0.001099
Q_ind_200_anc_10-9,0.000055,0.000000,0.000000,0.000486
Q_ind_201_anc_10-9,0.000512,0.000000,0.000000,0.002767
Q_ind_202_anc_10-9,0.000131,0.000000,0.000000,0.001236
Q_ind_203_anc_10-9,0.000352,0.000000,0.000000,0.003914
Q_ind_204_anc_10-9,0.000281,0.000000,0.000000,0.003627
Q_ind_205_anc_10-9,0.000289,0.000000,0.000000,0.002609
Q_ind_206_anc_10-9,0.000331,0.000000,0.000000,0.002847
Q_ind_207_anc_10-9,0.000217,0.000000,0.000000,0.001475
Q_ind_208_anc_10-9,0.001876,0.000000,0.000000,0.029268
Q_ind_209_anc_10-9,0.000470,0.000000,0.000000,0.005665
Q_ind_210_anc_10-9,0.000205,0.000000,0.000000,0.002322
Q_ind_211_anc_10-9,0.000235,0.000000,0.000000,0.002249
Q_ind_212_anc_10-9,0.095682,0.097973,0.000000,0.259218
Q_ind_213_anc_10-9,0.001766,0.000000,0.000000,0.031933
Q_ind_214_anc_10-9,0.031962,0.026562,0.000000,0.093777
Q_ind_215_anc_10-9,0.000301,0.000000,0.000000,0.002915
Q_ind_216_anc_10-9,0.001697,0.000000,0.000000,0.024575
Q_ind_217_anc_10-9,0.000386,0.000000,0.000000,0.004196
Q_ind_218_anc_10-9,0.008293,0.000000,0.000000,0.066822
Q_ind_219_anc_10-9,0.010526,0.000000,0.000000,0.067158
Q_ind_220_anc_10-9,0.007840,0.000000,0.000000,0.063892
Q_ind_221_anc_10-9,0.000776,0.000000,0.000000,0.010591
Q_ind_222_anc_10-9,0.002429,0.000000,0.000000,0.029134
Q_ind_223_anc_10-9,0.000285,0.000000,0.000000,0.002432
Q_ind_224_anc_10-9,0.001385,0.000000,0.000000,0.021794
Q_ind_225_anc_10-9,0.000571,0.000000,0.000000,0.006110
Q_ind_226_anc_10-9,0.000290,0.000000,0.000000,0.003670
Q_ind_227_anc_10-9,0.000680,0.000000,0.000000,0.009943
Q_ind_228_anc_10-9,0.000434,0.000000,0.000000,0.003751
Q_ind_229_anc_10-9,0.001281,0.000000,0.000000,0.021734
Q_ind_230_anc_10-9,0.000970,0.000000,0.000000,0.013486
Q_ind_231_anc_10-9,0.000856,0.000000,0.000000,0.012827
Q_ind_232_anc_10-9,0.001344,0.000000,0.000000,0.018786
Q_ind_233_anc_10-9,0.000143,0.000000,0.000000,0.001233
Q_ind_234_anc_10-9,0.000177,0.000000,0.000000,0.001147
Q_ind_235_anc_10-9,0.004488,0.000000,0.000000,0.036809
Q_ind_236_anc_10-9,0.000182,0.000000,0.000000,0.001900
Q_ind_237_anc_10-9,0.000126,0.000000,0.000000,0.001244
Q_ind_238_anc_10-9,0.000493,0.000000,0.000000,0.006446
Q_ind_239_anc_10-9,0.000444,0.000000,0.000000,0.005628
Q_ind_240_anc_10-9,0.000484,0.000000,0.000000,0.005739
Q_ind_241_anc_10-9,0.000193,0.000000,0.000000,0.002187
Q_ind_242_anc_10-9,0.000255,0.000000,0.000000,0.002353
Q_ind_243_anc_10-9,0.000600,0.000000,0.000000,0.007625
Q_ind_244_anc_10-9,0.000144,0.000000,0.000000,0.001568
Q_ind_245_anc_10-9,0.000360,0.000000,0.000000,0.004568
Q_ind_1_anc_10-10,0.000658,0.000000,0.000000,0.006840
Q_ind_2_anc_10-10,0.012845,0.000000,0.000000,0.117001
Q_ind_3_anc_10-10,0.007618,0.000000,0.000000,0.077670
Q_ind_4_anc_10-10,0.046928,0.035655,0.000000,0.154989
Q_ind_5_anc_10-10,0.000045,0.000000,0.000000,0.000410
Q_ind_6_anc_10-10,0.006816,0.000000,0.000000,0.047455
Q_ind_7_anc_10-10,0.026176,0.000003,0.000000,0.121878
Q_ind_8_anc_10-10,0.017869,0.000000,0.000000,0.101527
Q_ind_9_anc_10-10,0.002994,0.000000,0.000000,0.039393
Q_ind_10_anc_10-10,0.019267,0.000000,0.000000,0.135179
Q_ind_11_anc_10-10,0.037444,0.005051,0.000000,0.148293
Q_ind_12_anc_10-10,0.021766,0.000000,0.000000,0.120789
Q_ind_13_anc_10-10,0.000110,0.000000,0.000000,0.001089
Q_ind_14_anc_10-10,0.000053,0.000000,0.000000,0.000578
Q_ind_15_anc_10-10,0.000131,0.000000,0.000000,0.001390
Q_ind_16_anc_10-10,0.000283,0.000000,0.000000,0.003076
Q_ind_17_anc_10-10,0.000125,0.000000,0.000000,0.001139
Q_ind_18_anc_10-10,0.000130,0.000000,0.000000,0.001049
Q_ind_19_anc_10-10,0.000085,0.000000,0.000000,0.000855
Q_ind_20_anc_10-10,0.000049,0.000000,0.000000,0.000334
Q_ind_21_anc_10-10,0.000151,0.000000,0.000000,0.001420
Q_ind_22_anc_10-10,0.000461,0.000000,0.000000,0.003758
Q_ind_23_anc_10-10,0.000200,0.000000,0.000000,0.002193
Q_ind_24_anc_10-10,0.000233,0.000000,0.000000,0.002612
Q_ind_25_anc_10-10,0.000640,0.000000,0.000000,0.009614
Q_ind_26_anc_10-10,0.000081,0.000000,0.000000,0.000593
Q_ind_27_anc_10-10,0.000247,0.000000,0.000000,0.002465
Q_ind_28_anc_10-10,0.000157,0.000000,0.000000,0.001102
Q_ind_29_anc_10-10,0.000090,0.000000,0.000000,0.000816
Q_ind_30_anc_10-10,0.000267,0.000000,0.000000,0.002523
Q_ind_31_anc_10-10,0.223421,0.078627,0.031791,0.716401
Q_ind_32_anc_10-10,0.264797,0.112133,0.056340,0.798568
Q_ind_33_anc_10-10,0.241945,0.099594,0.052405,0.735267
Q_ind_34_anc_10-10,0.327834,0.127263,0.066004,0.926404
Q_ind_35_anc_10-10,0.264813,0.121214,0.074256,0.714031
Q_ind_36_anc_10-10,0.319713,0.105461,0.063941,0.996685
Q_ind_37_anc_10-10,0.245735,0.087734,0.040118,0.808708
Q_ind_38_anc_10-10,0.268097,0.080463,0.038571,0.888482
Q_ind_39_anc_10-10,0.000151,0.000000,0.000000,0.001091
Q_ind_40_anc_10-10,0.090361,0.000000,0.000000,0.438763
Q_ind_41_anc_10-10,0.019647,0.000000,0.000000,0.292900
Q_ind_42_anc_10-10,0.000463,0.000000,0.000000,0.006331
Q_ind_43_anc_10-10,0.001287,0.000000,0.000000,0.016172
Q_ind_44_anc_10-10,0.000116,0.000000,0.000000,0.001415
Q_ind_45_anc_10-10,0.000119,0.000000,0.000000,0.001332
Q_ind_46_anc_10-10,0.000517,0.000000,0.000000,0.008365
Q_ind_47_anc_10-10,0.000294,0.000000,0.000000,0.003105
Q_ind_48_anc_10-10,0.000115,0.000000,0.000000,0.001404
Q_ind_49_anc_10-10,0.000215,0.000000,0.000000,0.002962
Q_ind_50_anc_10-10,0.000091,0.000000,0.000000,0.001089
Q_ind_51_anc_10-10,0.000270,0.000000,0.000000,0.003843
Q_ind_52_anc_10-10,0.000058,0.000000,0.000000,0.000671
Q_ind_53_anc_10-10,0.000106,0.000000,0.000000,0.001306
Q_ind_54_anc_10-10,0.000089,0.000000,0.000000,0.000875
Q_ind_55_anc_10-10,0.000111,0.000000,0.000000,0.001156
Q_ind_56_anc_10-10,0.000128,0.000000,0.000000,0.001333
Q_ind_57_anc_10-10,0.000060,0.000000,0.000000,0.000449
Q_ind_58_anc_10-10,0.000160,0.000000,0.000000,0.001950
Q_ind_59_anc_10-10,0.000101,0.000000,0.000000,0.001057
Q_ind_60_anc_10-10,0.000044,0.000000,0.000000,0.000364
Q_ind_61_anc_10-10,0.000187,0.000000,0.000000,0.001803
Q_ind_62_anc_10-10,0.000592,0.000000,0.000000,0.008254
Q_ind_63_anc_10-10,0.000825,0.000000,0.000000,0.012884
Q_ind_64_anc_10-10,0.000295,0.000000,0.000000,0.004553
Q_ind_65_anc_10-10,0.000166,0.000000,0.000000,0.001805
Q_ind_66_anc_10-10,0.000117,0.000000,0.000000,0.001138
Q_ind_67_anc_10-10,0.000206,0.000000,0.000000,0.002250
Q_ind_68_anc_10-10,0.000437,0.000000,0.000000,0.006398
Q_ind_69_anc_10-10,0.000055,0.000000,0.000000,0.000531
Q_ind_70_anc_10-10,0.000056,0.000000,0.000000,0.000439
Q_ind_71_anc_10-10,0.000177,0.000000,0.000000,0.002197
Q_ind_72_anc_10-10,0.006492,0.000000,0.000000,0.047825
Q_ind_73_anc_10-10,0.000262,0.000000,0.000000,0.003486
Q_ind_74_anc_10-10,0.000067,0.000000,0.000000,0.000588
Q_ind_75_anc_10-10,0.000091,0.000000,0.000000,0.000764
Q_ind_76_anc_10-10,0.000103,0.000000,0.000000,0.001052
Q_ind_77_anc_10-10,0.005455,0.002912,0.000000,0.026140
Q_ind_78_anc_10-10,0.000149,0.000000,0.000000,0.001664
Q_ind_79_anc_10-10,0.001136,0.000000,0.000000,0.014673
Q_ind_80_anc_10-10,0.000056,0.000000,0.000000,0.000486
Q_ind_81_anc_10-10,0.000165,0.000000,0.000000,0.001438
Q_ind_82_anc_10-10,0.000419,0.000000,0.000000,0.004867
Q_ind_83_anc_10-10,0.000494,0.000000,0.000000,0.004132
Q_ind_84_anc_10-10,0.000138,0.000000,0.000000,0.001413
Q_ind_85_anc_10-10,0.000536,0.000000,0.000000,0.006009
Q_ind_86_anc_10-10,0.001427,0.000000,0.000000,0.016719
Q_ind_87_anc_10-10,0.000159,0.000000,0.000000,0.001983
Q_ind_88_anc_10-10,0.000686,0.000000,0.000000,0.007182
Q_ind_89_anc_10-10,0.000339,0.000000,0.000000,0.003223
Q_ind_90_anc_10-10,0.000188,0.000000,0.000000,0.001861
Q_ind_91_anc_10-10,0.000277,0.000000,0.000000,0.003421
Q_ind_92_anc_10-10,0.001138,0.000000,0.000000,0.016825
Q_ind_93_anc_10-10,0.000349,0.000000,0.000000,0.003301
Q_ind_94_anc_10-10,0.000092,0.000000,0.000000,0.000849
Q_ind_95_anc_10-10,0.000261,0.000000,0.000000,0.003355
Q_ind_96_anc_10-10,0.000094,0.000000,0.000000,0.000772
Q_ind_97_anc_10-10,0.000171,0.000000,0.000000,0.001621
Q_ind_98_anc_10-10,0.000049,0.000000,0.000000,0.000346
Q_ind_99_anc_10-10,0.000069,0.000000,0.000000,0.000603
Q_ind_100_anc_10-10,0.000078,0.000000,0.000000,0.000685
Q_ind_101_anc_10-10,0.000069,0.000000,0.000000,0.000427
Q_ind_102_anc_10-10,0.000105,0.000000,0.000000,0.001162
Q_ind_103_anc_10-10,0.000129,0.000000,0.000000,0.001051
Q_ind_104_anc_10-10,0.000061,0.000000,0.000000,0.000555
Q_ind_105_anc_10-10,0.000049,0.000000,0.000000,0.000352
Q_ind_106_anc_10-10,0.000111,0.000000,0.000000,0.001161
Q_ind_107_anc_10-10,0.003273,0.000000,0.000000,0.036378
Q_ind_108_anc_10-10,0.012419,0.000000,0.000000,0.064519
Q_ind_109_anc_10-10,0.002296,0.000000,0.000000,0.027692
Q_ind_110_anc_10-10,0.000937,0.000000,0.000000,0.013206
Q_ind_111_anc_10-10,0.004292,0.000000,0.000000,0.037612
Q_ind_112_anc_10-10,0.000136,0.000000,0.000000,0.001241
Q_ind_113_anc_10-10,0.001924,0.000000,0.000000,0.026876
Q_ind_114_anc_10-10,0.002472,0.000000,0.000000,0.028983
Q_ind_115_anc_10-10,0.000146,0.000000,0.000000,0.001209
Q_ind_116_anc_10-10,0.000904,0.000000,0.000000,0.013501
Q_ind_117_anc_10-10,0.000203,0.000000,0.000000,0.001701
Q_ind_118_anc_10-10,0.000209,0.000000,0.000000,0.002350
Q_ind_119_anc_10-10,0.000089,0.000000,0.000000,0.000810
Q_ind_120_anc_10-10,0.000311,0.000000,0.000000,0.004360
Q_ind_121_anc_10-10,0.000676,0.000000,0.000000,0.010356
Q_ind_122_anc_10-10,0.000065,0.000000,0.000000,0.000639
Q_ind_123_anc_10-10,0.000090,0.000000,0.000000,0.000988
Q_ind_124_anc_10-10,0.000139,0.000000,0.000000,0.001190
Q_ind_125_anc_10-10,0.000413,0.000000,0.000000,0.004330
Q_ind_126_anc_10-10,0.001078,0.000000,0.000000,0.017423
Q_ind_127_anc_10-10,0.000472,0.000000,0.000000,0.005214
Q_ind_128_anc_10-10,0.000131,0.000000,0.000000,0.001019
Q_ind_129_anc_10-10,0.000179,0.000000,0.000000,0.001750
Q_ind_130_anc_10-10,0.000644,0.000000,0.000000,0.008387
Q_ind_131_anc_10-10,0.000094,0.000000,0.000000,0.000690
Q_ind_132_anc_10-10,0.000034,0.000000,0.000000,0.000317
Q_ind_133_anc_10-10,0.001117,0.000000,0.000000,0.015126
Q_ind_134_anc_10-10,0.000123,0.000000,0.000000,0.001353
Q_ind_135_anc_10-10,0.005584,0.000000,0.000000,0.045666
Q_ind_136_anc_10-10,0.000346,0.000000,0.000000,0.003745
Q_ind_137_anc_10-10,0.000258,0.000000,0.000000,0.003408
Q_ind_138_anc_10-10,0.000073,0.000000,0.000000,0.000697
Q_ind_139_anc_10-10,0.000214,0.000000,0.000000,0.002059
Q_ind_140_anc_10-10,0.003801,0.000000,0.000000,0.034611
Q_ind_141_anc_10-10,0.000224,0.000000,0.000000,0.002751
Q_ind_142_anc_10-10,0.000041,0.000000,0.000000,0.000349
Q_ind_143_anc_10-10,0.002252,0.000000,0.000000,0.025846
Q_ind_144_anc_10-10,0.000658,0.000000,0.000000,0.010185
Q_ind_145_anc_10-10,0.000090,0.000000,0.000000,0.000887
Q_ind_146_anc_10-10,0.000351,0.000000,0.000000,0.004735
Q_ind_147_anc_10-10,0.000856,0.000000,0.000000,0.011709
Q_ind_148_anc_10-10,0.000162,0.000000,0.000000,0.001681
Q_ind_149_anc_10-10,0.000047,0.000000,0.000000,0.000489
Q_ind_150_anc_10-10,0.000572,0.000000,0.000000,0.008792
Q_ind_151_anc_10-10,0.006015,0.000000,0.000000,0.034284
Q_ind_152_anc_10-10,0.000165,0.000000,0.000000,0.001415
Q_ind_153_anc_10-10,0.000127,0.000000,0.000000,0.001140
Q_ind_154_anc_10-10,0.000189,0.000000,0.000000,0.002707
Q_ind_155_anc_10-10,0.000046,0.000000,0.000000,0.000424
Q_ind_156_anc_10-10,0.016827,0.000000,0.000000,0.098799
Q_ind_157_anc_10-10,0.005365,0.000000,0.000000,0.067311
Q_ind_158_anc_10-10,0.000255,0.000000,0.000000,0.003352
Q_ind_159_anc_10-10,0.021925,0.000052,0.000000,0.106624
Q_ind_160_anc_10-10,0.000609,0.000000,0.000000,0.005205
Q_ind_161_anc_10-10,0.000181,0.000000,0.000000,0.001724
Q_ind_162_anc_10-10,0.008936,0.000000,0.000000,0.089637
Q_ind_163_anc_10-10,0.000648,0.000000,0.000000,0.007782
Q_ind_164_anc_10-10,0.004007,0.000000,0.000000,0.051882
Q_ind_165_anc_10-10,0.000573,0.000000,0.000000,0.006231
Q_ind_166_anc_10-10,0.026474,0.000000,0.000000,0.172339
Q_ind_167_anc_10-10,0.059789,0.042932,0.000000,0.188023
Q_ind_168_anc_10-10,0.000222,0.000000,0.000000,0.002529
Q_ind_169_anc_10-10,0.000033,0.000000,0.000000,0.000302
Q_ind_170_anc_10-10,0.000058,0.000000,0.000000,0.000532
Q_ind_171_anc_10-10,0.000330,0.000000,0.000000,0.003980
Q_ind_172_anc_10-10,0.000101,0.000000,0.000000,0.000899
Q_ind_173_anc_10-10,0.000068,0.000000,0.000000,0.000689
Q_ind_174_anc_10-10,0.000100,0.000000,0.000000,0.000697
Q_ind_175_anc_10-10,0.000078,0.000000,0.000000,0.000772
Q_ind_176_anc_10-10,0.000074,0.000000,0.000000,0.000780
Q_ind_177_anc_10-10,0.000120,0.000000,0.000000,0.001316
Q_ind_178_anc_10-10,0.000102,0.000000,0.000000,0.000819
Q_ind_179_anc_10-10,0.000139,0.000000,0.000000,0.001641
Q_ind_180_anc_10-10,0.000455,0.000000,0.000000,0.006446
Q_ind_181_anc_10-10,0.000114,0.000000,0.000000,0.001083
Q_ind_182_anc_10-10,0.000478,0.000000,0.000000,0.007003
Q_ind_183_anc_10-10,0.000102,0.000000,0.000000,0.001043
Q_ind_184_anc_10-10,0.000058,0.000000,0.000000,0.000493
Q_ind_185_anc_10-10,0.012979,0.000000,0.000000,0.114570
Q_ind_186_anc_10-10,0.001003,0.000000,0.000000,0.011874
Q_ind_187_anc_10-10,0.002138,0.000000,0.000000,0.026146
Q_ind_188_anc_10-10,0.000127,0.000000,0.000000,0.001248
Q_ind_189_anc_10-10,0.000276,0.000000,0.000000,0.004010
Q_ind_190_anc_10-10,0.000077,0.000000,0.000000,0.001031
Q_ind_191_anc_10-10,0.000480,0.000000,0.000000,0.006459
Q_ind_192_anc_10-10,0.000041,0.000000,0.000000,0.000392
Q_ind_193_anc_10-10,0.000172,0.000000,0.000000,0.001611
Q_ind_194_anc_10-10,0.000022,0.000000,0.000000,0.000215
Q_ind_195_anc_10-10,0.000070,0.000000,0.000000,0.000632
Q_ind_196_anc_10-10,0.000035,0.000000,0.000000,0.000325
Q_ind_197_anc_10-10,0.000037,0.000000,0.000000,0.000297
Q_ind_198_anc_10-10,0.000038,0.000000,0.000000,0.000276
Q_ind_199_anc_10-10,0.000076,0.000000,0.000000,0.000708
Q_ind_200_anc_10-10,0.000030,0.000000,0.000000,0.000311
Q_ind_201_anc_10-10,0.000029,0.000000,0.000000,0.000274
Q_ind_202_anc_10-10,0.000120,0.000000,0.000000,0.000904
Q_ind_203_anc_10-10,0.179780,0.096425,0.035772,0.465567
Q_ind_204_anc_10-10,0.069381,0.005909,0.000000,0.363546
Q_ind_205_anc_10-10,0.195256,0.115152,0.045211,0.482915
Q_ind_206_anc_10-10,0.189713,0.119473,0.058777,0.444243
Q_ind_207_anc_10-10,0.014397,0.000000,0.000000,0.128291
Q_ind_208_anc_10-10,0.000189,0.000000,0.000000,0.001726
Q_ind_209_anc_10-10,0.200104,0.132780,0.069376,0.452482
Q_ind_210_anc_10-10,0.000861,0.000000,0.000000,0.012364
Q_ind_211_anc_10-10,0.203584,0.135966,0.056254,0.457196
Q_ind_212_anc_10-10,0.000050,0.000000,0.000000,0.000425
Q_ind_213_anc_10-10,0.000081,0.000000,0.000000,0.000847
Q_ind_214_anc_10-10,0.000135,0.000000,0.000000,0.001248
Q_ind_215_anc_10-10,0.000085,0.000000,0.000000,0.000743
Q_ind_216_anc_10-10,0.001166,0.000000,0.000000,0.017989
Q_ind_217_anc_10-10,0.000292,0.000000,0.000000,0.004357
Q_ind_218_anc_10-10,0.000123,0.000000,0.000000,0.001178
Q_ind_219_anc_10-10,0.001426,0.000000,0.000000,0.021508
Q_ind_220_anc_10-10,0.000749,0.000000,0.000000,0.011366
Q_ind_221_anc_10-10,0.000123,0.000000,0.000000,0.001400
Q_ind_222_anc_10-10,0.000495,0.000000,0.000000,0.007914
Q_ind_223_anc_10-10,0.000040,0.000000,0.000000,0.000315
Q_ind_224_anc_10-10,0.000042,0.000000,0.000000,0.000384
Q_ind_225_anc_10-10,0.000148,0.000000,0.000000,0.001289
Q_ind_226_anc_10-10,0.000063,0.000000,0.000000,0.000520
Q_ind_227_anc_10-10,0.000542,0.000000,0.000000,0.007992
Q_ind_228_anc_10-10,0.001535,0.000000,0.000000,0.019390
Q_ind_229_anc_10-10,0.000532,0.000000,0.000000,0.005169
Q_ind_230_anc_10-10,0.002876,0.000000,0.000000,0.032647
Q_ind_231_anc_10-10,0.000050,0.000000,0.000000,0.000435
Q_ind_232_anc_10-10,0.000476,0.000000,0.000000,0.005178
Q_ind_233_anc_10-10,0.000520,0.000000,0.000000,0.005647
Q_ind_234_anc_10-10,0.000548,0.000000,0.000000,0.007181
Q_ind_235_anc_10-10,0.000393,0.000000,0.000000,0.005730
Q_ind_236_anc_10-10,0.000142,0.000000,0.000000,0.001176
Q_ind_237_anc_10-10,0.000281,0.000000,0.000000,0.003694
Q_ind_238_anc_10-10,0.000136,0.000000,0.000000,0.001398
Q_ind_239_anc_10-10,0.000082,0.000000,0.000000,0.000839
Q_ind_240_anc_10-10,0.000054,0.000000,0.000000,0.000474
Q_ind_241_anc_10-10,0.000057,0.000000,0.000000,0.000474
Q_ind_242_anc_10-10,0.000177,0.000000,0.000000,0.001980
Q_ind_243_anc_10-10,0.000037,0.000000,0.000000,0.000308
Q_ind_244_anc_10-10,0.000064,0.000000,0.000000,0.000565
Q_ind_245_anc_10-10,0.000035,0.000000,0.000000,0.000301
