param,mean,median,ci_0.950_LB,ci_0.950_UB
Q_ind_1_anc_1-1,0.000136,0.000000,0.000000,0.001536
Q_ind_2_anc_1-1,0.000106,0.000000,0.000000,0.001249
Q_ind_3_anc_1-1,0.000507,0.000000,0.000000,0.007039
Q_ind_4_anc_1-1,0.000258,0.000000,0.000000,0.002940
Q_ind_5_anc_1-1,0.000110,0.000000,0.000000,0.001098
Q_ind_6_anc_1-1,0.000108,0.000000,0.000000,0.001274
Q_ind_7_anc_1-1,0.000196,0.000000,0.000000,0.002586
Q_ind_8_anc_1-1,0.000365,0.000000,0.000000,0.004346
Q_ind_9_anc_1-1,0.000122,0.000000,0.000000,0.001262
Q_ind_10_anc_1-1,0.000106,0.000000,0.000000,0.001367
Q_ind_11_anc_1-1,0.000218,0.000000,0.000000,0.002134
Q_ind_12_anc_1-1,0.000092,0.000000,0.000000,0.000994
Q_ind_13_anc_1-1,0.006846,0.000000,0.000000,0.059463
Q_ind_14_anc_1-1,0.001485,0.000000,0.000000,0.018211
Q_ind_15_anc_1-1,0.004370,0.000000,0.000000,0.048253
Q_ind_16_anc_1-1,0.000795,0.000000,0.000000,0.009643
Q_ind_17_anc_1-1,0.001330,0.000000,0.000000,0.017274
Q_ind_18_anc_1-1,0.000752,0.000000,0.000000,0.009262
Q_ind_19_anc_1-1,0.004700,0.000000,0.000000,0.054397
Q_ind_20_anc_1-1,0.000277,0.000000,0.000000,0.002683
Q_ind_21_anc_1-1,0.000544,0.000000,0.000000,0.007867
Q_ind_22_anc_1-1,0.000580,0.000000,0.000000,0.007796
Q_ind_23_anc_1-1,0.000122,0.000000,0.000000,0.001452
Q_ind_24_anc_1-1,0.000231,0.000000,0.000000,0.002791
Q_ind_25_anc_1-1,0.000480,0.000000,0.000000,0.005929
Q_ind_26_anc_1-1,0.000305,0.000000,0.000000,0.003687
Q_ind_27_anc_1-1,0.002092,0.000000,0.000000,0.026525
Q_ind_28_anc_1-1,0.000366,0.000000,0.000000,0.005058
Q_ind_29_anc_1-1,0.000528,0.000000,0.000000,0.006133
Q_ind_30_anc_1-1,0.000245,0.000000,0.000000,0.002797
Q_ind_31_anc_1-1,0.000423,0.000000,0.000000,0.005938
Q_ind_32_anc_1-1,0.000419,0.000000,0.000000,0.004882
Q_ind_33_anc_1-1,0.001240,0.000000,0.000000,0.014442
Q_ind_34_anc_1-1,0.000875,0.000000,0.000000,0.012993
Q_ind_35_anc_1-1,0.000329,0.000000,0.000000,0.004217
Q_ind_36_anc_1-1,0.000588,0.000000,0.000000,0.008084
Q_ind_37_anc_1-1,0.000853,0.000000,0.000000,0.011366
Q_ind_38_anc_1-1,0.000504,0.000000,0.000000,0.006596
Q_ind_39_anc_1-1,0.000093,0.000000,0.000000,0.000923
Q_ind_40_anc_1-1,0.000667,0.000000,0.000000,0.007976
Q_ind_41_anc_1-1,0.000253,0.000000,0.000000,0.002857
Q_ind_42_anc_1-1,0.515697,0.514952,0.418035,0.618908
Q_ind_43_anc_1-1,0.505100,0.503807,0.408693,0.606210
Q_ind_44_anc_1-1,0.515635,0.514990,0.412161,0.623603
Q_ind_45_anc_1-1,0.525433,0.524519,0.425630,0.625407
Q_ind_46_anc_1-1,0.488908,0.490127,0.372011,0.608813
Q_ind_47_anc_1-1,0.584152,0.588236,0.458213,0.687316
Q_ind_48_anc_1-1,0.480280,0.482031,0.368856,0.581134
Q_ind_49_anc_1-1,0.627673,0.628927,0.573147,0.677579
Q_ind_50_anc_1-1,0.516084,0.504017,0.405356,0.685178
Q_ind_51_anc_1-1,0.001356,0.000000,0.000000,0.016223
Q_ind_52_anc_1-1,0.000254,0.000000,0.000000,0.003105
Q_ind_53_anc_1-1,0.000316,0.000000,0.000000,0.003865
Q_ind_54_anc_1-1,0.000535,0.000000,0.000000,0.005681
Q_ind_55_anc_1-1,0.000538,0.000000,0.000000,0.006411
Q_ind_56_anc_1-1,0.000538,0.000000,0.000000,0.005789
Q_ind_57_anc_1-1,0.000901,0.000000,0.000000,0.011472
Q_ind_58_anc_1-1,0.005545,0.000000,0.000000,0.052931
Q_ind_59_anc_1-1,0.000912,0.000000,0.000000,0.010465
Q_ind_60_anc_1-1,0.000809,0.000000,0.000000,0.010714
Q_ind_61_anc_1-1,0.003286,0.000000,0.000000,0.042457
Q_ind_62_anc_1-1,0.002365,0.000000,0.000000,0.030297
Q_ind_63_anc_1-1,0.000088,0.000000,0.000000,0.001022
Q_ind_64_anc_1-1,0.000076,0.000000,0.000000,0.000763
Q_ind_65_anc_1-1,0.000182,0.000000,0.000000,0.002080
Q_ind_66_anc_1-1,0.000240,0.000000,0.000000,0.003166
Q_ind_67_anc_1-1,0.000152,0.000000,0.000000,0.001736
Q_ind_68_anc_1-1,0.576275,0.577275,0.484861,0.662189
Q_ind_69_anc_1-1,0.233930,0.235263,0.130364,0.330334
Q_ind_70_anc_1-1,0.204057,0.203393,0.110341,0.298917
Q_ind_71_anc_1-1,0.596825,0.588953,0.453162,0.739989
Q_ind_72_anc_1-1,0.579860,0.580438,0.477812,0.680643
Q_ind_73_anc_1-1,0.600436,0.600307,0.490898,0.710512
Q_ind_74_anc_1-1,0.231478,0.230636,0.118611,0.351775
Q_ind_75_anc_1-1,0.000883,0.000000,0.000000,0.011872
Q_ind_76_anc_1-1,0.713579,0.696557,0.566366,0.853748
Q_ind_77_anc_1-1,0.000352,0.000000,0.000000,0.003998
Q_ind_78_anc_1-1,0.000232,0.000000,0.000000,0.003252
Q_ind_79_anc_1-1,0.000237,0.000000,0.000000,0.002850
Q_ind_80_anc_1-1,0.000215,0.000000,0.000000,0.002405
Q_ind_81_anc_1-1,0.000354,0.000000,0.000000,0.005184
Q_ind_82_anc_1-1,0.000208,0.000000,0.000000,0.002471
Q_ind_83_anc_1-1,0.001058,0.000000,0.000000,0.012744
Q_ind_84_anc_1-1,0.000232,0.000000,0.000000,0.002603
Q_ind_85_anc_1-1,0.000143,0.000000,0.000000,0.001399
Q_ind_86_anc_1-1,0.000450,0.000000,0.000000,0.006544
Q_ind_87_anc_1-1,0.000252,0.000000,0.000000,0.002527
Q_ind_88_anc_1-1,0.001868,0.000000,0.000000,0.026010
Q_ind_89_anc_1-1,0.000873,0.000000,0.000000,0.011280
Q_ind_90_anc_1-1,0.001778,0.000000,0.000000,0.023972
Q_ind_91_anc_1-1,0.005462,0.000000,0.000000,0.057293
Q_ind_92_anc_1-1,0.005603,0.000000,0.000000,0.060039
Q_ind_93_anc_1-1,0.005281,0.000000,0.000000,0.048751
Q_ind_94_anc_1-1,0.000243,0.000000,0.000000,0.002748
Q_ind_95_anc_1-1,0.004079,0.000000,0.000000,0.051018
Q_ind_96_anc_1-1,0.002253,0.000000,0.000000,0.022858
Q_ind_97_anc_1-1,0.000856,0.000000,0.000000,0.010903
Q_ind_98_anc_1-1,0.000238,0.000000,0.000000,0.002286
Q_ind_99_anc_1-1,0.000128,0.000000,0.000000,0.001269
Q_ind_100_anc_1-1,0.000300,0.000000,0.000000,0.003209
Q_ind_101_anc_1-1,0.000123,0.000000,0.000000,0.001433
Q_ind_102_anc_1-1,0.000144,0.000000,0.000000,0.001682
Q_ind_103_anc_1-1,0.000477,0.000000,0.000000,0.006828
Q_ind_104_anc_1-1,0.000162,0.000000,0.000000,0.001816
Q_ind_105_anc_1-1,0.000088,0.000000,0.000000,0.000994
Q_ind_106_anc_1-1,0.001549,0.000000,0.000000,0.021487
Q_ind_107_anc_1-1,0.026188,0.000005,0.000000,0.141870
Q_ind_108_anc_1-1,0.197791,0.204167,0.045257,0.318459
Q_ind_109_anc_1-1,0.129672,0.124824,0.000000,0.384690
Q_ind_110_anc_1-1,0.038946,0.000002,0.000000,0.187240
Q_ind_111_anc_1-1,0.254238,0.265098,0.115210,0.346453
Q_ind_112_anc_1-1,0.000446,0.000000,0.000000,0.005137
Q_ind_113_anc_1-1,0.204081,0.238819,0.000000,0.334498
Q_ind_114_anc_1-1,0.275555,0.295210,0.071014,0.383340
Q_ind_115_anc_1-1,0.000294,0.000000,0.000000,0.002581
Q_ind_116_anc_1-1,0.004589,0.000000,0.000000,0.043553
Q_ind_117_anc_1-1,0.003373,0.000000,0.000000,0.032462
Q_ind_118_anc_1-1,0.000420,0.000000,0.000000,0.004912
Q_ind_119_anc_1-1,0.002007,0.000000,0.000000,0.023421
Q_ind_120_anc_1-1,0.000825,0.000000,0.000000,0.010749
Q_ind_121_anc_1-1,0.001719,0.000000,0.000000,0.023105
Q_ind_122_anc_1-1,0.000745,0.000000,0.000000,0.010017
Q_ind_123_anc_1-1,0.000719,0.000000,0.000000,0.008621
Q_ind_124_anc_1-1,0.000352,0.000000,0.000000,0.004151
Q_ind_125_anc_1-1,0.000373,0.000000,0.000000,0.004533
Q_ind_126_anc_1-1,0.003149,0.000000,0.000000,0.026996
Q_ind_127_anc_1-1,0.000314,0.000000,0.000000,0.003485
Q_ind_128_anc_1-1,0.000544,0.000000,0.000000,0.006488
Q_ind_129_anc_1-1,0.000288,0.000000,0.000000,0.003663
Q_ind_130_anc_1-1,0.000202,0.000000,0.000000,0.002240
Q_ind_131_anc_1-1,0.000136,0.000000,0.000000,0.001662
Q_ind_132_anc_1-1,0.000083,0.000000,0.000000,0.000891
Q_ind_133_anc_1-1,0.005817,0.000000,0.000000,0.052287
Q_ind_134_anc_1-1,0.016794,0.000592,0.000000,0.069163
Q_ind_135_anc_1-1,0.010643,0.000000,0.000000,0.060235
Q_ind_136_anc_1-1,0.003796,0.000000,0.000000,0.045043
Q_ind_137_anc_1-1,0.002170,0.000000,0.000000,0.033398
Q_ind_138_anc_1-1,0.000091,0.000000,0.000000,0.001136
Q_ind_139_anc_1-1,0.000391,0.000000,0.000000,0.005163
Q_ind_140_anc_1-1,0.000828,0.000000,0.000000,0.011842
Q_ind_141_anc_1-1,0.056714,0.059775,0.000000,0.107567
Q_ind_142_anc_1-1,0.000116,0.000000,0.000000,0.001106
Q_ind_143_anc_1-1,0.019924,0.000174,0.000000,0.079239
Q_ind_144_anc_1-1,0.030780,0.031642,0.000000,0.084456
Q_ind_145_anc_1-1,0.000227,0.000000,0.000000,0.003060
Q_ind_146_anc_1-1,0.000258,0.000000,0.000000,0.003283
Q_ind_147_anc_1-1,0.000230,0.000000,0.000000,0.002958
Q_ind_148_anc_1-1,0.004076,0.000000,0.000000,0.030714
Q_ind_149_anc_1-1,0.000216,0.000000,0.000000,0.002635
Q_ind_150_anc_1-1,0.000306,0.000000,0.000000,0.003974
Q_ind_151_anc_1-1,0.003362,0.000000,0.000000,0.024649
Q_ind_152_anc_1-1,0.000381,0.000000,0.000000,0.004937
Q_ind_153_anc_1-1,0.000262,0.000000,0.000000,0.003599
Q_ind_154_anc_1-1,0.000291,0.000000,0.000000,0.004082
Q_ind_155_anc_1-1,0.000206,0.000000,0.000000,0.001937
Q_ind_156_anc_1-1,0.000126,0.000000,0.000000,0.001194
Q_ind_157_anc_1-1,0.000183,0.000000,0.000000,0.002033
Q_ind_158_anc_1-1,0.000136,0.000000,0.000000,0.001597
Q_ind_159_anc_1-1,0.000092,0.000000,0.000000,0.001073
Q_ind_160_anc_1-1,0.000071,0.000000,0.000000,0.000839
Q_ind_161_anc_1-1,0.000101,0.000000,0.000000,0.001099
Q_ind_162_anc_1-1,0.000245,0.000000,0.000000,0.002935
Q_ind_163_anc_1-1,0.000085,0.000000,0.000000,0.000978
Q_ind_164_anc_1-1,0.000144,0.000000,0.000000,0.001804
Q_ind_165_anc_1-1,0.002501,0.000000,0.000000,0.032996
Q_ind_166_anc_1-1,0.001110,0.000000,0.000000,0.012118
Q_ind_167_anc_1-1,0.003220,0.000000,0.000000,0.040345
Q_ind_168_anc_1-1,0.000309,0.000000,0.000000,0.003521
Q_ind_169_anc_1-1,0.000101,0.000000,0.000000,0.001039
Q_ind_170_anc_1-1,0.000952,0.000000,0.000000,0.013494
Q_ind_171_anc_1-1,0.000532,0.000000,0.000000,0.007207
Q_ind_172_anc_1-1,0.002860,0.000000,0.000000,0.035210
Q_ind_173_anc_1-1,0.001219,0.000000,0.000000,0.015718
Q_ind_174_anc_1-1,0.000288,0.000000,0.000000,0.003274
Q_ind_175_anc_1-1,0.000128,0.000000,0.000000,0.001415
Q_ind_176_anc_1-1,0.000505,0.000000,0.000000,0.006607
Q_ind_177_anc_1-1,0.000225,0.000000,0.000000,0.002887
Q_ind_178_anc_1-1,0.000158,0.000000,0.000000,0.001914
Q_ind_179_anc_1-1,0.000098,0.000000,0.000000,0.000908
Q_ind_180_anc_1-1,0.000180,0.000000,0.000000,0.002238
Q_ind_181_anc_1-1,0.000360,0.000000,0.000000,0.004458
Q_ind_182_anc_1-1,0.000176,0.000000,0.000000,0.001446
Q_ind_183_anc_1-1,0.000208,0.000000,0.000000,0.001999
Q_ind_184_anc_1-1,0.000931,0.000000,0.000000,0.011938
Q_ind_185_anc_1-1,0.204930,0.229755,0.000000,0.502128
Q_ind_186_anc_1-1,0.329190,0.327888,0.219524,0.440596
Q_ind_187_anc_1-1,0.338082,0.338014,0.218723,0.457907
Q_ind_188_anc_1-1,0.157550,0.157344,0.069765,0.244642
Q_ind_189_anc_1-1,0.525616,0.527872,0.441133,0.591123
Q_ind_190_anc_1-1,0.002409,0.000000,0.000000,0.028935
Q_ind_191_anc_1-1,0.510543,0.526604,0.322320,0.593805
Q_ind_192_anc_1-1,0.000134,0.000000,0.000000,0.001623
Q_ind_193_anc_1-1,0.000287,0.000000,0.000000,0.003774
Q_ind_194_anc_1-1,0.000043,0.000000,0.000000,0.000445
Q_ind_195_anc_1-1,0.000125,0.000000,0.000000,0.001448
Q_ind_196_anc_1-1,0.000055,0.000000,0.000000,0.000554
Q_ind_197_anc_1-1,0.000059,0.000000,0.000000,0.000621
Q_ind_198_anc_1-1,0.000052,0.000000,0.000000,0.000609
Q_ind_199_anc_1-1,0.000075,0.000000,0.000000,0.000869
Q_ind_200_anc_1-1,0.000084,0.000000,0.000000,0.000972
Q_ind_201_anc_1-1,0.000096,0.000000,0.000000,0.001131
Q_ind_202_anc_1-1,0.000092,0.000000,0.000000,0.001022
Q_ind_203_anc_1-1,0.000412,0.000000,0.000000,0.004564
Q_ind_204_anc_1-1,0.000760,0.000000,0.000000,0.010673
Q_ind_205_anc_1-1,0.000519,0.000000,0.000000,0.007076
Q_ind_206_anc_1-1,0.000762,0.000000,0.000000,0.010945
Q_ind_207_anc_1-1,0.000630,0.000000,0.000000,0.008458
Q_ind_208_anc_1-1,0.000101,0.000000,0.000000,0.001062
Q_ind_209_anc_1-1,0.000668,0.000000,0.000000,0.008940
Q_ind_210_anc_1-1,0.000429,0.000000,0.000000,0.005628
Q_ind_211_anc_1-1,0.002742,0.000000,0.000000,0.025411
Q_ind_212_anc_1-1,0.000183,0.000000,0.000000,0.002017
Q_ind_213_anc_1-1,0.000455,0.000000,0.000000,0.005555
Q_ind_214_anc_1-1,0.000279,0.000000,0.000000,0.003474
Q_ind_215_anc_1-1,0.000771,0.000000,0.000000,0.011228
Q_ind_216_anc_1-1,0.000216,0.000000,0.000000,0.002067
Q_ind_217_anc_1-1,0.000443,0.000000,0.000000,0.005396
Q_ind_218_anc_1-1,0.000105,0.000000,0.000000,0.001309
Q_ind_219_anc_1-1,0.000418,0.000000,0.000000,0.005498
Q_ind_220_anc_1-1,0.000326,0.000000,0.000000,0.003356
Q_ind_221_anc_1-1,0.000233,0.000000,0.000000,0.002910
Q_ind_222_anc_1-1,0.000470,0.000000,0.000000,0.005300
Q_ind_223_anc_1-1,0.000123,0.000000,0.000000,0.001196
Q_ind_224_anc_1-1,0.000136,0.000000,0.000000,0.001478
Q_ind_225_anc_1-1,0.200316,0.200681,0.121056,0.270786
Q_ind_226_anc_1-1,0.000150,0.000000,0.000000,0.001769
Q_ind_227_anc_1-1,0.099391,0.094554,0.000000,0.290449
Q_ind_228_anc_1-1,0.151857,0.147687,0.048056,0.272238
Q_ind_229_anc_1-1,0.072235,0.063148,0.000000,0.218660
Q_ind_230_anc_1-1,0.012454,0.000000,0.000000,0.106001
Q_ind_231_anc_1-1,0.000200,0.000000,0.000000,0.002693
Q_ind_232_anc_1-1,0.003406,0.000000,0.000000,0.043113
Q_ind_233_anc_1-1,0.067072,0.067453,0.000000,0.182888
Q_ind_234_anc_1-1,0.815263,0.815995,0.742413,0.885115
Q_ind_235_anc_1-1,0.818781,0.825317,0.704565,0.904446
Q_ind_236_anc_1-1,0.832669,0.842023,0.710629,0.911707
Q_ind_237_anc_1-1,0.837599,0.838631,0.759830,0.907674
Q_ind_238_anc_1-1,0.755256,0.756685,0.638566,0.866601
Q_ind_239_anc_1-1,0.805754,0.807227,0.726766,0.878634
Q_ind_240_anc_1-1,0.468443,0.470680,0.356138,0.569402
Q_ind_241_anc_1-1,0.541205,0.540925,0.440611,0.637871
Q_ind_242_anc_1-1,0.777213,0.780560,0.648414,0.877793
Q_ind_243_anc_1-1,0.309083,0.309901,0.196025,0.420670
Q_ind_244_anc_1-1,0.830853,0.832871,0.695740,0.931360
Q_ind_245_anc_1-1,0.324703,0.322709,0.211045,0.447125
Q_ind_1_anc_2-1,0.000376,0.000000,0.000000,0.004615
Q_ind_2_anc_2-1,0.000181,0.000000,0.000000,0.002199
Q_ind_3_anc_2-1,0.000899,0.000000,0.000000,0.011267
Q_ind_4_anc_2-1,0.000281,0.000000,0.000000,0.003746
Q_ind_5_anc_2-1,0.000215,0.000000,0.000000,0.002219
Q_ind_6_anc_2-1,0.000248,0.000000,0.000000,0.002893
Q_ind_7_anc_2-1,0.000501,0.000000,0.000000,0.006263
Q_ind_8_anc_2-1,0.000359,0.000000,0.000000,0.004661
Q_ind_9_anc_2-1,0.000286,0.000000,0.000000,0.003515
Q_ind_10_anc_2-1,0.000282,0.000000,0.000000,0.003032
Q_ind_11_anc_2-1,0.000310,0.000000,0.000000,0.003619
Q_ind_12_anc_2-1,0.000243,0.000000,0.000000,0.002900
Q_ind_13_anc_2-1,0.008746,0.000000,0.000000,0.095614
Q_ind_14_anc_2-1,0.000466,0.000000,0.000000,0.005675
Q_ind_15_anc_2-1,0.029581,0.000001,0.000000,0.142485
Q_ind_16_anc_2-1,0.001660,0.000000,0.000000,0.024046
Q_ind_17_anc_2-1,0.008975,0.000000,0.000000,0.105687
Q_ind_18_anc_2-1,0.001798,0.000000,0.000000,0.021941
Q_ind_19_anc_2-1,0.000451,0.000000,0.000000,0.005517
Q_ind_20_anc_2-1,0.002297,0.000000,0.000000,0.028001
Q_ind_21_anc_2-1,0.001040,0.000000,0.000000,0.012137
Q_ind_22_anc_2-1,0.000631,0.000000,0.000000,0.006195
Q_ind_23_anc_2-1,0.000506,0.000000,0.000000,0.005096
Q_ind_24_anc_2-1,0.008710,0.000000,0.000000,0.091976
Q_ind_25_anc_2-1,0.002227,0.000000,0.000000,0.030308
Q_ind_26_anc_2-1,0.000695,0.000000,0.000000,0.006863
Q_ind_27_anc_2-1,0.014574,0.000000,0.000000,0.115422
Q_ind_28_anc_2-1,0.001023,0.000000,0.000000,0.012059
Q_ind_29_anc_2-1,0.001944,0.000000,0.000000,0.026004
Q_ind_30_anc_2-1,0.001660,0.000000,0.000000,0.021714
Q_ind_31_anc_2-1,0.001672,0.000000,0.000000,0.028626
Q_ind_32_anc_2-1,0.000625,0.000000,0.000000,0.006518
Q_ind_33_anc_2-1,0.002659,0.000000,0.000000,0.035451
Q_ind_34_anc_2-1,0.000596,0.000000,0.000000,0.008288
Q_ind_35_anc_2-1,0.001591,0.000000,0.000000,0.021904
Q_ind_36_anc_2-1,0.000862,0.000000,0.000000,0.013572
Q_ind_37_anc_2-1,0.008188,0.000000,0.000000,0.080539
Q_ind_38_anc_2-1,0.001430,0.000000,0.000000,0.018440
Q_ind_39_anc_2-1,0.001077,0.000000,0.000000,0.014383
Q_ind_40_anc_2-1,0.026084,0.000000,0.000000,0.170170
Q_ind_41_anc_2-1,0.000788,0.000000,0.000000,0.007729
Q_ind_42_anc_2-1,0.000355,0.000000,0.000000,0.004368
Q_ind_43_anc_2-1,0.000733,0.000000,0.000000,0.009329
Q_ind_44_anc_2-1,0.000534,0.000000,0.000000,0.006536
Q_ind_45_anc_2-1,0.000381,0.000000,0.000000,0.004047
Q_ind_46_anc_2-1,0.000270,0.000000,0.000000,0.002933
Q_ind_47_anc_2-1,0.000248,0.000000,0.000000,0.003162
Q_ind_48_anc_2-1,0.000453,0.000000,0.000000,0.005194
Q_ind_49_anc_2-1,0.000263,0.000000,0.000000,0.002862
Q_ind_50_anc_2-1,0.000465,0.000000,0.000000,0.005281
Q_ind_51_anc_2-1,0.000575,0.000000,0.000000,0.008253
Q_ind_52_anc_2-1,0.000488,0.000000,0.000000,0.005565
Q_ind_53_anc_2-1,0.000444,0.000000,0.000000,0.005382
Q_ind_54_anc_2-1,0.000411,0.000000,0.000000,0.004362
Q_ind_55_anc_2-1,0.000939,0.000000,0.000000,0.011795
Q_ind_56_anc_2-1,0.002829,0.000000,0.000000,0.035386
Q_ind_57_anc_2-1,0.008652,0.000000,0.000000,0.136682
Q_ind_58_anc_2-1,0.001415,0.000000,0.000000,0.019571
Q_ind_59_anc_2-1,0.001199,0.000000,0.000000,0.014847
Q_ind_60_anc_2-1,0.000739,0.000000,0.000000,0.007571
Q_ind_61_anc_2-1,0.001368,0.000000,0.000000,0.016632
Q_ind_62_anc_2-1,0.000557,0.000000,0.000000,0.005898
Q_ind_63_anc_2-1,0.000101,0.000000,0.000000,0.001071
Q_ind_64_anc_2-1,0.000101,0.000000,0.000000,0.001272
Q_ind_65_anc_2-1,0.000111,0.000000,0.000000,0.001208
Q_ind_66_anc_2-1,0.000268,0.000000,0.000000,0.002682
Q_ind_67_anc_2-1,0.000121,0.000000,0.000000,0.001399
Q_ind_68_anc_2-1,0.404624,0.405697,0.299791,0.503190
Q_ind_69_anc_2-1,0.517995,0.522262,0.370646,0.649246
Q_ind_70_anc_2-1,0.474576,0.472466,0.349608,0.604654
Q_ind_71_anc_2-1,0.203693,0.237096,0.000000,0.422349
Q_ind_72_anc_2-1,0.279731,0.277499,0.147524,0.420354
Q_ind_73_anc_2-1,0.335089,0.336264,0.210351,0.448979
Q_ind_74_anc_2-1,0.478543,0.475587,0.344862,0.622432
Q_ind_75_anc_2-1,0.487571,0.486617,0.380728,0.607038
Q_ind_76_anc_2-1,0.191841,0.247917,0.000000,0.409904
Q_ind_77_anc_2-1,0.000689,0.000000,0.000000,0.009280
Q_ind_78_anc_2-1,0.000188,0.000000,0.000000,0.002451
Q_ind_79_anc_2-1,0.000536,0.000000,0.000000,0.006624
Q_ind_80_anc_2-1,0.000242,0.000000,0.000000,0.002629
Q_ind_81_anc_2-1,0.000774,0.000000,0.000000,0.009720
Q_ind_82_anc_2-1,0.000270,0.000000,0.000000,0.003003
Q_ind_83_anc_2-1,0.000517,0.000000,0.000000,0.007064
Q_ind_84_anc_2-1,0.000446,0.000000,0.000000,0.006206
Q_ind_85_anc_2-1,0.000666,0.000000,0.000000,0.008484
Q_ind_86_anc_2-1,0.001560,0.000000,0.000000,0.021243
Q_ind_87_anc_2-1,0.000398,0.000000,0.000000,0.005219
Q_ind_88_anc_2-1,0.004053,0.000000,0.000000,0.054751
Q_ind_89_anc_2-1,0.001291,0.000000,0.000000,0.017985
Q_ind_90_anc_2-1,0.004807,0.000000,0.000000,0.056583
Q_ind_91_anc_2-1,0.019851,0.000000,0.000000,0.109720
Q_ind_92_anc_2-1,0.006449,0.000000,0.000000,0.080927
Q_ind_93_anc_2-1,0.007090,0.000000,0.000000,0.068405
Q_ind_94_anc_2-1,0.000882,0.000000,0.000000,0.011484
Q_ind_95_anc_2-1,0.001572,0.000000,0.000000,0.022366
Q_ind_96_anc_2-1,0.001050,0.000000,0.000000,0.012483
Q_ind_97_anc_2-1,0.001164,0.000000,0.000000,0.014133
Q_ind_98_anc_2-1,0.000610,0.000000,0.000000,0.008825
Q_ind_99_anc_2-1,0.000634,0.000000,0.000000,0.007211
Q_ind_100_anc_2-1,0.000192,0.000000,0.000000,0.002361
Q_ind_101_anc_2-1,0.000156,0.000000,0.000000,0.001762
Q_ind_102_anc_2-1,0.000094,0.000000,0.000000,0.000964
Q_ind_103_anc_2-1,0.000562,0.000000,0.000000,0.007741
Q_ind_104_anc_2-1,0.000159,0.000000,0.000000,0.001779
Q_ind_105_anc_2-1,0.000428,0.000000,0.000000,0.004565
Q_ind_106_anc_2-1,0.002400,0.000000,0.000000,0.032839
Q_ind_107_anc_2-1,0.017882,0.000000,0.000000,0.151034
Q_ind_108_anc_2-1,0.039686,0.000001,0.000000,0.213801
Q_ind_109_anc_2-1,0.371721,0.426146,0.000000,0.647888
Q_ind_110_anc_2-1,0.494565,0.505901,0.222001,0.698559
Q_ind_111_anc_2-1,0.037328,0.000000,0.000000,0.315116
Q_ind_112_anc_2-1,0.021608,0.000000,0.000000,0.192950
Q_ind_113_anc_2-1,0.011135,0.000000,0.000000,0.134285
Q_ind_114_anc_2-1,0.046514,0.000000,0.000000,0.421602
Q_ind_115_anc_2-1,0.003145,0.000000,0.000000,0.044210
Q_ind_116_anc_2-1,0.001429,0.000000,0.000000,0.017203
Q_ind_117_anc_2-1,0.003962,0.000000,0.000000,0.036014
Q_ind_118_anc_2-1,0.001784,0.000000,0.000000,0.023981
Q_ind_119_anc_2-1,0.003851,0.000000,0.000000,0.036932
Q_ind_120_anc_2-1,0.000265,0.000000,0.000000,0.003426
Q_ind_121_anc_2-1,0.003137,0.000000,0.000000,0.030151
Q_ind_122_anc_2-1,0.000510,0.000000,0.000000,0.006478
Q_ind_123_anc_2-1,0.001042,0.000000,0.000000,0.014959
Q_ind_124_anc_2-1,0.000259,0.000000,0.000000,0.003014
Q_ind_125_anc_2-1,0.000705,0.000000,0.000000,0.009633
Q_ind_126_anc_2-1,0.001028,0.000000,0.000000,0.015409
Q_ind_127_anc_2-1,0.000481,0.000000,0.000000,0.005994
Q_ind_128_anc_2-1,0.000745,0.000000,0.000000,0.010007
Q_ind_129_anc_2-1,0.000322,0.000000,0.000000,0.003159
Q_ind_130_anc_2-1,0.000505,0.000000,0.000000,0.006257
Q_ind_131_anc_2-1,0.003635,0.000000,0.000000,0.046627
Q_ind_132_anc_2-1,0.004274,0.000000,0.000000,0.053943
Q_ind_133_anc_2-1,0.014383,0.000000,0.000000,0.139320
Q_ind_134_anc_2-1,0.027079,0.000005,0.000000,0.137224
Q_ind_135_anc_2-1,0.047340,0.024439,0.000000,0.157366
Q_ind_136_anc_2-1,0.019918,0.000000,0.000000,0.153639
Q_ind_137_anc_2-1,0.101877,0.108024,0.000000,0.205752
Q_ind_138_anc_2-1,0.170637,0.170418,0.092443,0.253314
Q_ind_139_anc_2-1,0.184680,0.187569,0.020854,0.285878
Q_ind_140_anc_2-1,0.024577,0.000007,0.000000,0.131367
Q_ind_141_anc_2-1,0.031386,0.000000,0.000000,0.179129
Q_ind_142_anc_2-1,0.328883,0.326528,0.236652,0.427438
Q_ind_143_anc_2-1,0.003882,0.000000,0.000000,0.048132
Q_ind_144_anc_2-1,0.022410,0.000000,0.000000,0.171250
Q_ind_145_anc_2-1,0.000113,0.000000,0.000000,0.001192
Q_ind_146_anc_2-1,0.000716,0.000000,0.000000,0.010032
Q_ind_147_anc_2-1,0.000192,0.000000,0.000000,0.002423
Q_ind_148_anc_2-1,0.004793,0.000000,0.000000,0.040724
Q_ind_149_anc_2-1,0.000279,0.000000,0.000000,0.003649
Q_ind_150_anc_2-1,0.000219,0.000000,0.000000,0.002646
Q_ind_151_anc_2-1,0.001029,0.000000,0.000000,0.014553
Q_ind_152_anc_2-1,0.000201,0.000000,0.000000,0.002381
Q_ind_153_anc_2-1,0.000100,0.000000,0.000000,0.001107
Q_ind_154_anc_2-1,0.000258,0.000000,0.000000,0.002972
Q_ind_155_anc_2-1,0.001373,0.000000,0.000000,0.019275
Q_ind_156_anc_2-1,0.000228,0.000000,0.000000,0.002666
Q_ind_157_anc_2-1,0.000205,0.000000,0.000000,0.002455
Q_ind_158_anc_2-1,0.000221,0.000000,0.000000,0.002691
Q_ind_159_anc_2-1,0.000142,0.000000,0.000000,0.001742
Q_ind_160_anc_2-1,0.000224,0.000000,0.000000,0.002809
Q_ind_161_anc_2-1,0.000162,0.000000,0.000000,0.002161
Q_ind_162_anc_2-1,0.000386,0.000000,0.000000,0.004625
Q_ind_163_anc_2-1,0.000142,0.000000,0.000000,0.001650
Q_ind_164_anc_2-1,0.000209,0.000000,0.000000,0.002503
Q_ind_165_anc_2-1,0.035821,0.000000,0.000000,0.226312
Q_ind_166_anc_2-1,0.013056,0.000000,0.000000,0.155705
Q_ind_167_anc_2-1,0.001020,0.000000,0.000000,0.013875
Q_ind_168_anc_2-1,0.459535,0.457416,0.347574,0.577623
Q_ind_169_anc_2-1,0.128578,0.131876,0.000005,0.207104
Q_ind_170_anc_2-1,0.000852,0.000000,0.000000,0.010784
Q_ind_171_anc_2-1,0.001183,0.000000,0.000000,0.015198
Q_ind_172_anc_2-1,0.012001,0.000000,0.000000,0.095717
Q_ind_173_anc_2-1,0.016755,0.000000,0.000000,0.123875
Q_ind_174_anc_2-1,0.001114,0.000000,0.000000,0.014784
Q_ind_175_anc_2-1,0.186595,0.186843,0.081768,0.291979
Q_ind_176_anc_2-1,0.001927,0.000000,0.000000,0.024609
Q_ind_177_anc_2-1,0.000224,0.000000,0.000000,0.001995
Q_ind_178_anc_2-1,0.000224,0.000000,0.000000,0.001953
Q_ind_179_anc_2-1,0.000292,0.000000,0.000000,0.003759
Q_ind_180_anc_2-1,0.000282,0.000000,0.000000,0.003722
Q_ind_181_anc_2-1,0.017076,0.000000,0.000000,0.116650
Q_ind_182_anc_2-1,0.000253,0.000000,0.000000,0.002960
Q_ind_183_anc_2-1,0.000294,0.000000,0.000000,0.003775
Q_ind_184_anc_2-1,0.013835,0.000000,0.000000,0.082034
Q_ind_185_anc_2-1,0.548652,0.485367,0.000000,0.995629
Q_ind_186_anc_2-1,0.321052,0.321472,0.101577,0.533883
Q_ind_187_anc_2-1,0.363916,0.364328,0.136513,0.565344
Q_ind_188_anc_2-1,0.800078,0.804254,0.670474,0.906691
Q_ind_189_anc_2-1,0.010820,0.000000,0.000000,0.150007
Q_ind_190_anc_2-1,0.853314,0.854853,0.709365,0.976645
Q_ind_191_anc_2-1,0.049379,0.000000,0.000000,0.432118
Q_ind_192_anc_2-1,0.000096,0.000000,0.000000,0.001114
Q_ind_193_anc_2-1,0.000457,0.000000,0.000000,0.005815
Q_ind_194_anc_2-1,0.000034,0.000000,0.000000,0.000320
Q_ind_195_anc_2-1,0.000172,0.000000,0.000000,0.002046
Q_ind_196_anc_2-1,0.000056,0.000000,0.000000,0.000615
Q_ind_197_anc_2-1,0.000050,0.000000,0.000000,0.000513
Q_ind_198_anc_2-1,0.000058,0.000000,0.000000,0.000691
Q_ind_199_anc_2-1,0.000132,0.000000,0.000000,0.001483
Q_ind_200_anc_2-1,0.000061,0.000000,0.000000,0.000709
Q_ind_201_anc_2-1,0.097918,0.108654,0.000000,0.230257
Q_ind_202_anc_2-1,0.000160,0.000000,0.000000,0.001553
Q_ind_203_anc_2-1,0.000268,0.000000,0.000000,0.003149
Q_ind_204_anc_2-1,0.001120,0.000000,0.000000,0.016310
Q_ind_205_anc_2-1,0.001432,0.000000,0.000000,0.019907
Q_ind_206_anc_2-1,0.000485,0.000000,0.000000,0.005850
Q_ind_207_anc_2-1,0.001950,0.000000,0.000000,0.026662
Q_ind_208_anc_2-1,0.000212,0.000000,0.000000,0.002381
Q_ind_209_anc_2-1,0.001660,0.000000,0.000000,0.023193
Q_ind_210_anc_2-1,0.001953,0.000000,0.000000,0.022897
Q_ind_211_anc_2-1,0.003621,0.000000,0.000000,0.040789
Q_ind_212_anc_2-1,0.016754,0.000000,0.000000,0.164296
Q_ind_213_anc_2-1,0.138112,0.152277,0.000000,0.264565
Q_ind_214_anc_2-1,0.101358,0.110326,0.000000,0.206238
Q_ind_215_anc_2-1,0.005425,0.000000,0.000000,0.074386
Q_ind_216_anc_2-1,0.000804,0.000000,0.000000,0.006379
Q_ind_217_anc_2-1,0.193254,0.195383,0.077343,0.289876
Q_ind_218_anc_2-1,0.131954,0.131452,0.030668,0.227156
Q_ind_219_anc_2-1,0.091636,0.099502,0.000000,0.237020
Q_ind_220_anc_2-1,0.017502,0.000000,0.000000,0.139495
Q_ind_221_anc_2-1,0.115816,0.120071,0.000000,0.225635
Q_ind_222_anc_2-1,0.059352,0.000076,0.000000,0.228439
Q_ind_223_anc_2-1,0.000440,0.000000,0.000000,0.005151
Q_ind_224_anc_2-1,0.002849,0.000000,0.000000,0.042508
Q_ind_225_anc_2-1,0.002898,0.000000,0.000000,0.042965
Q_ind_226_anc_2-1,0.003703,0.000000,0.000000,0.061765
Q_ind_227_anc_2-1,0.003778,0.000000,0.000000,0.052124
Q_ind_228_anc_2-1,0.005357,0.000000,0.000000,0.065085
Q_ind_229_anc_2-1,0.000667,0.000000,0.000000,0.006566
Q_ind_230_anc_2-1,0.002486,0.000000,0.000000,0.034891
Q_ind_231_anc_2-1,0.000507,0.000000,0.000000,0.006790
Q_ind_232_anc_2-1,0.001740,0.000000,0.000000,0.019138
Q_ind_233_anc_2-1,0.032268,0.000000,0.000000,0.189541
Q_ind_234_anc_2-1,0.000657,0.000000,0.000000,0.007906
Q_ind_235_anc_2-1,0.005281,0.000000,0.000000,0.063659
Q_ind_236_anc_2-1,0.014178,0.000000,0.000000,0.122042
Q_ind_237_anc_2-1,0.002119,0.000000,0.000000,0.029757
Q_ind_238_anc_2-1,0.049952,0.012601,0.000000,0.180430
Q_ind_239_anc_2-1,0.000770,0.000000,0.000000,0.009922
Q_ind_240_anc_2-1,0.114452,0.121098,0.000000,0.241722
Q_ind_241_anc_2-1,0.238499,0.237215,0.141624,0.342242
Q_ind_242_anc_2-1,0.025202,0.000000,0.000000,0.162805
Q_ind_243_anc_2-1,0.269174,0.268108,0.146059,0.396179
Q_ind_244_anc_2-1,0.016706,0.000000,0.000000,0.126515
Q_ind_245_anc_2-1,0.218566,0.227351,0.000000,0.385718
Q_ind_1_anc_2-2,0.000485,0.000000,0.000000,0.004691
Q_ind_2_anc_2-2,0.000760,0.000000,0.000000,0.008110
Q_ind_3_anc_2-2,0.002064,0.000000,0.000000,0.028748
Q_ind_4_anc_2-2,0.001528,0.000000,0.000000,0.020542
Q_ind_5_anc_2-2,0.000247,0.000000,0.000000,0.003016
Q_ind_6_anc_2-2,0.000561,0.000000,0.000000,0.007160
Q_ind_7_anc_2-2,0.002173,0.000000,0.000000,0.028996
Q_ind_8_anc_2-2,0.001486,0.000000,0.000000,0.024987
Q_ind_9_anc_2-2,0.006274,0.000000,0.000000,0.062190
Q_ind_10_anc_2-2,0.000339,0.000000,0.000000,0.004070
Q_ind_11_anc_2-2,0.001971,0.000000,0.000000,0.025137
Q_ind_12_anc_2-2,0.002263,0.000000,0.000000,0.031409
Q_ind_13_anc_2-2,0.001787,0.000000,0.000000,0.027016
Q_ind_14_anc_2-2,0.002296,0.000000,0.000000,0.034956
Q_ind_15_anc_2-2,0.003564,0.000000,0.000000,0.043944
Q_ind_16_anc_2-2,0.003294,0.000000,0.000000,0.044156
Q_ind_17_anc_2-2,0.001116,0.000000,0.000000,0.013160
Q_ind_18_anc_2-2,0.000709,0.000000,0.000000,0.006188
Q_ind_19_anc_2-2,0.002946,0.000000,0.000000,0.039017
Q_ind_20_anc_2-2,0.000315,0.000000,0.000000,0.003574
Q_ind_21_anc_2-2,0.962789,0.968675,0.891051,0.999504
Q_ind_22_anc_2-2,0.938500,0.941433,0.866667,0.993165
Q_ind_23_anc_2-2,0.967418,0.973999,0.896392,0.999780
Q_ind_24_anc_2-2,0.792555,0.797687,0.649244,0.899898
Q_ind_25_anc_2-2,0.955300,0.959498,0.877424,0.999820
Q_ind_26_anc_2-2,0.953929,0.955222,0.889016,0.999786
Q_ind_27_anc_2-2,0.965224,0.976399,0.872041,0.999846
Q_ind_28_anc_2-2,0.960744,0.964680,0.897130,0.999536
Q_ind_29_anc_2-2,0.951507,0.955475,0.882518,0.997262
Q_ind_30_anc_2-2,0.931784,0.933871,0.858299,0.996825
Q_ind_31_anc_2-2,0.001499,0.000000,0.000000,0.020181
Q_ind_32_anc_2-2,0.001162,0.000000,0.000000,0.014238
Q_ind_33_anc_2-2,0.001242,0.000000,0.000000,0.017079
Q_ind_34_anc_2-2,0.000395,0.000000,0.000000,0.004807
Q_ind_35_anc_2-2,0.001773,0.000000,0.000000,0.021988
Q_ind_36_anc_2-2,0.000170,0.000000,0.000000,0.001748
Q_ind_37_anc_2-2,0.001084,0.000000,0.000000,0.013623
Q_ind_38_anc_2-2,0.000536,0.000000,0.000000,0.006507
Q_ind_39_anc_2-2,0.000342,0.000000,0.000000,0.004316
Q_ind_40_anc_2-2,0.001600,0.000000,0.000000,0.020599
Q_ind_41_anc_2-2,0.000559,0.000000,0.000000,0.006756
Q_ind_42_anc_2-2,0.000189,0.000000,0.000000,0.001929
Q_ind_43_anc_2-2,0.000499,0.000000,0.000000,0.005649
Q_ind_44_anc_2-2,0.000391,0.000000,0.000000,0.004752
Q_ind_45_anc_2-2,0.000309,0.000000,0.000000,0.003488
Q_ind_46_anc_2-2,0.000145,0.000000,0.000000,0.001426
Q_ind_47_anc_2-2,0.000352,0.000000,0.000000,0.003980
Q_ind_48_anc_2-2,0.000448,0.000000,0.000000,0.005684
Q_ind_49_anc_2-2,0.000376,0.000000,0.000000,0.004013
Q_ind_50_anc_2-2,0.000200,0.000000,0.000000,0.002283
Q_ind_51_anc_2-2,0.000752,0.000000,0.000000,0.007174
Q_ind_52_anc_2-2,0.000313,0.000000,0.000000,0.003611
Q_ind_53_anc_2-2,0.000250,0.000000,0.000000,0.003095
Q_ind_54_anc_2-2,0.000367,0.000000,0.000000,0.004896
Q_ind_55_anc_2-2,0.000474,0.000000,0.000000,0.005302
Q_ind_56_anc_2-2,0.005054,0.000000,0.000000,0.056362
Q_ind_57_anc_2-2,0.000845,0.000000,0.000000,0.009351
Q_ind_58_anc_2-2,0.000890,0.000000,0.000000,0.012536
Q_ind_59_anc_2-2,0.000528,0.000000,0.000000,0.006916
Q_ind_60_anc_2-2,0.000195,0.000000,0.000000,0.002178
Q_ind_61_anc_2-2,0.004220,0.000000,0.000000,0.056890
Q_ind_62_anc_2-2,0.000743,0.000000,0.000000,0.010695
Q_ind_63_anc_2-2,0.000203,0.000000,0.000000,0.002716
Q_ind_64_anc_2-2,0.000166,0.000000,0.000000,0.002049
Q_ind_65_anc_2-2,0.000087,0.000000,0.000000,0.001098
Q_ind_66_anc_2-2,0.000348,0.000000,0.000000,0.004597
Q_ind_67_anc_2-2,0.000133,0.000000,0.000000,0.001436
Q_ind_68_anc_2-2,0.000270,0.000000,0.000000,0.003277
Q_ind_69_anc_2-2,0.000436,0.000000,0.000000,0.005034
Q_ind_70_anc_2-2,0.000195,0.000000,0.000000,0.002301
Q_ind_71_anc_2-2,0.069836,0.052218,0.000000,0.199041
Q_ind_72_anc_2-2,0.001236,0.000000,0.000000,0.015363
Q_ind_73_anc_2-2,0.001169,0.000000,0.000000,0.017336
Q_ind_74_anc_2-2,0.000496,0.000000,0.000000,0.005999
Q_ind_75_anc_2-2,0.000309,0.000000,0.000000,0.004019
Q_ind_76_anc_2-2,0.062199,0.007872,0.000000,0.194655
Q_ind_77_anc_2-2,0.701168,0.706746,0.576495,0.785121
Q_ind_78_anc_2-2,0.688916,0.691263,0.603647,0.763455
Q_ind_79_anc_2-2,0.667980,0.671985,0.526136,0.794716
Q_ind_80_anc_2-2,0.639645,0.622755,0.494132,0.811730
Q_ind_81_anc_2-2,0.677262,0.678843,0.497180,0.802956
Q_ind_82_anc_2-2,0.650781,0.665051,0.484572,0.775625
Q_ind_83_anc_2-2,0.700808,0.710931,0.549730,0.794298
Q_ind_84_anc_2-2,0.637807,0.632739,0.443886,0.803337
Q_ind_85_anc_2-2,0.790193,0.793581,0.711400,0.847966
Q_ind_86_anc_2-2,0.671747,0.677334,0.523973,0.787756
Q_ind_87_anc_2-2,0.747813,0.746337,0.625324,0.852736
Q_ind_88_anc_2-2,0.005633,0.000000,0.000000,0.078975
Q_ind_89_anc_2-2,0.133586,0.154473,0.000000,0.238565
Q_ind_90_anc_2-2,0.042224,0.000000,0.000000,0.222690
Q_ind_91_anc_2-2,0.000488,0.000000,0.000000,0.005521
Q_ind_92_anc_2-2,0.063365,0.000297,0.000000,0.221111
Q_ind_93_anc_2-2,0.001181,0.000000,0.000000,0.013581
Q_ind_94_anc_2-2,0.001108,0.000000,0.000000,0.014030
Q_ind_95_anc_2-2,0.008105,0.000000,0.000000,0.094672
Q_ind_96_anc_2-2,0.000307,0.000000,0.000000,0.003805
Q_ind_97_anc_2-2,0.000447,0.000000,0.000000,0.005678
Q_ind_98_anc_2-2,0.000204,0.000000,0.000000,0.002381
Q_ind_99_anc_2-2,0.000375,0.000000,0.000000,0.004715
Q_ind_100_anc_2-2,0.000270,0.000000,0.000000,0.003560
Q_ind_101_anc_2-2,0.000137,0.000000,0.000000,0.001208
Q_ind_102_anc_2-2,0.000090,0.000000,0.000000,0.001107
Q_ind_103_anc_2-2,0.000191,0.000000,0.000000,0.002020
Q_ind_104_anc_2-2,0.000095,0.000000,0.000000,0.001027
Q_ind_105_anc_2-2,0.000184,0.000000,0.000000,0.001997
Q_ind_106_anc_2-2,0.001487,0.000000,0.000000,0.021330
Q_ind_107_anc_2-2,0.315292,0.314808,0.234115,0.397481
Q_ind_108_anc_2-2,0.021972,0.000000,0.000000,0.212560
Q_ind_109_anc_2-2,0.050066,0.000000,0.000000,0.290203
Q_ind_110_anc_2-2,0.007335,0.000000,0.000000,0.074963
Q_ind_111_anc_2-2,0.013828,0.000000,0.000000,0.149010
Q_ind_112_anc_2-2,0.002548,0.000000,0.000000,0.030911
Q_ind_113_anc_2-2,0.255327,0.323943,0.000000,0.438693
Q_ind_114_anc_2-2,0.033148,0.000000,0.000000,0.266964
Q_ind_115_anc_2-2,0.002594,0.000000,0.000000,0.031518
Q_ind_116_anc_2-2,0.000549,0.000000,0.000000,0.006624
Q_ind_117_anc_2-2,0.000824,0.000000,0.000000,0.010373
Q_ind_118_anc_2-2,0.000740,0.000000,0.000000,0.010596
Q_ind_119_anc_2-2,0.001763,0.000000,0.000000,0.024581
Q_ind_120_anc_2-2,0.000139,0.000000,0.000000,0.001361
Q_ind_121_anc_2-2,0.001277,0.000000,0.000000,0.015792
Q_ind_122_anc_2-2,0.000385,0.000000,0.000000,0.004442
Q_ind_123_anc_2-2,0.000355,0.000000,0.000000,0.004252
Q_ind_124_anc_2-2,0.000231,0.000000,0.000000,0.003109
Q_ind_125_anc_2-2,0.787027,0.811059,0.609706,0.876913
Q_ind_126_anc_2-2,0.761619,0.773313,0.600214,0.847456
Q_ind_127_anc_2-2,0.673750,0.679292,0.525132,0.792953
Q_ind_128_anc_2-2,0.653566,0.639016,0.491198,0.840721
Q_ind_129_anc_2-2,0.833652,0.851507,0.670092,0.931695
Q_ind_130_anc_2-2,0.751831,0.770716,0.593542,0.856986
Q_ind_131_anc_2-2,0.057695,0.008854,0.000000,0.223460
Q_ind_132_anc_2-2,0.000312,0.000000,0.000000,0.003607
Q_ind_133_anc_2-2,0.967493,0.983588,0.847480,0.999940
Q_ind_134_anc_2-2,0.916399,0.922691,0.821912,0.986793
Q_ind_135_anc_2-2,0.896636,0.901131,0.795542,0.971757
Q_ind_136_anc_2-2,0.927104,0.934267,0.810089,0.999059
Q_ind_137_anc_2-2,0.869163,0.871905,0.771900,0.952112
Q_ind_138_anc_2-2,0.339094,0.339016,0.204187,0.465038
Q_ind_139_anc_2-2,0.716296,0.721192,0.575513,0.829031
Q_ind_140_anc_2-2,0.859302,0.861780,0.760374,0.952338
Q_ind_141_anc_2-2,0.888478,0.895646,0.793838,0.948801
Q_ind_142_anc_2-2,0.000492,0.000000,0.000000,0.005759
Q_ind_143_anc_2-2,0.835125,0.846803,0.705410,0.917704
Q_ind_144_anc_2-2,0.919568,0.930124,0.794608,0.980013
Q_ind_145_anc_2-2,0.000212,0.000000,0.000000,0.002686
Q_ind_146_anc_2-2,0.023975,0.025057,0.000000,0.066772
Q_ind_147_anc_2-2,0.000921,0.000000,0.000000,0.012485
Q_ind_148_anc_2-2,0.014165,0.000035,0.000000,0.056638
Q_ind_149_anc_2-2,0.000168,0.000000,0.000000,0.001260
Q_ind_150_anc_2-2,0.000259,0.000000,0.000000,0.002801
Q_ind_151_anc_2-2,0.000593,0.000000,0.000000,0.007870
Q_ind_152_anc_2-2,0.000372,0.000000,0.000000,0.004796
Q_ind_153_anc_2-2,0.000309,0.000000,0.000000,0.004207
Q_ind_154_anc_2-2,0.000459,0.000000,0.000000,0.005112
Q_ind_155_anc_2-2,0.000197,0.000000,0.000000,0.002564
Q_ind_156_anc_2-2,0.000592,0.000000,0.000000,0.008237
Q_ind_157_anc_2-2,0.000339,0.000000,0.000000,0.003566
Q_ind_158_anc_2-2,0.000818,0.000000,0.000000,0.011890
Q_ind_159_anc_2-2,0.001432,0.000000,0.000000,0.021365
Q_ind_160_anc_2-2,0.000696,0.000000,0.000000,0.008350
Q_ind_161_anc_2-2,0.000165,0.000000,0.000000,0.002102
Q_ind_162_anc_2-2,0.000474,0.000000,0.000000,0.005811
Q_ind_163_anc_2-2,0.000411,0.000000,0.000000,0.004864
Q_ind_164_anc_2-2,0.000448,0.000000,0.000000,0.005139
Q_ind_165_anc_2-2,0.199743,0.204369,0.000000,0.429505
Q_ind_166_anc_2-2,0.407666,0.419360,0.167556,0.493000
Q_ind_167_anc_2-2,0.443598,0.445676,0.360236,0.518052
Q_ind_168_anc_2-2,0.236647,0.245057,0.000000,0.376623
Q_ind_169_anc_2-2,0.001872,0.000000,0.000000,0.028204
Q_ind_170_anc_2-2,0.986721,0.990842,0.951130,0.999954
Q_ind_171_anc_2-2,0.960023,0.965024,0.891002,0.999448
Q_ind_172_anc_2-2,0.973287,0.983712,0.896305,0.999953
Q_ind_173_anc_2-2,0.792378,0.795758,0.691070,0.871558
Q_ind_174_anc_2-2,0.990341,0.995250,0.951257,0.999980
Q_ind_175_anc_2-2,0.469169,0.473729,0.313361,0.609199
Q_ind_176_anc_2-2,0.000418,0.000000,0.000000,0.004190
Q_ind_177_anc_2-2,0.079563,0.000027,0.000000,0.457412
Q_ind_178_anc_2-2,0.545780,0.565620,0.281501,0.633819
Q_ind_179_anc_2-2,0.485148,0.496562,0.331548,0.573477
Q_ind_180_anc_2-2,0.509670,0.510993,0.433206,0.578972
Q_ind_181_anc_2-2,0.320847,0.361912,0.000000,0.576385
Q_ind_182_anc_2-2,0.241761,0.220158,0.080293,0.426535
Q_ind_183_anc_2-2,0.307025,0.315608,0.136839,0.461047
Q_ind_184_anc_2-2,0.063928,0.000004,0.000000,0.431979
Q_ind_185_anc_2-2,0.223112,0.256422,0.000000,0.517599
Q_ind_186_anc_2-2,0.310202,0.308630,0.188795,0.433574
Q_ind_187_anc_2-2,0.274206,0.274123,0.157132,0.402100
Q_ind_188_anc_2-2,0.002399,0.000000,0.000000,0.030418
Q_ind_189_anc_2-2,0.452213,0.454418,0.372142,0.515971
Q_ind_190_anc_2-2,0.002838,0.000000,0.000000,0.039750
Q_ind_191_anc_2-2,0.422455,0.440602,0.207366,0.507567
Q_ind_192_anc_2-2,0.000205,0.000000,0.000000,0.002777
Q_ind_193_anc_2-2,0.001008,0.000000,0.000000,0.014855
Q_ind_194_anc_2-2,0.000049,0.000000,0.000000,0.000581
Q_ind_195_anc_2-2,0.000200,0.000000,0.000000,0.002512
Q_ind_196_anc_2-2,0.000056,0.000000,0.000000,0.000669
Q_ind_197_anc_2-2,0.000041,0.000000,0.000000,0.000457
Q_ind_198_anc_2-2,0.000065,0.000000,0.000000,0.000684
Q_ind_199_anc_2-2,0.000242,0.000000,0.000000,0.002727
Q_ind_200_anc_2-2,0.000065,0.000000,0.000000,0.000672
Q_ind_201_anc_2-2,0.000290,0.000000,0.000000,0.002537
Q_ind_202_anc_2-2,0.000139,0.000000,0.000000,0.001458
Q_ind_203_anc_2-2,0.000975,0.000000,0.000000,0.012765
Q_ind_204_anc_2-2,0.004284,0.000000,0.000000,0.048122
Q_ind_205_anc_2-2,0.001226,0.000000,0.000000,0.013167
Q_ind_206_anc_2-2,0.000314,0.000000,0.000000,0.003592
Q_ind_207_anc_2-2,0.000941,0.000000,0.000000,0.010466
Q_ind_208_anc_2-2,0.000254,0.000000,0.000000,0.002931
Q_ind_209_anc_2-2,0.002032,0.000000,0.000000,0.026832
Q_ind_210_anc_2-2,0.000405,0.000000,0.000000,0.004696
Q_ind_211_anc_2-2,0.006436,0.000000,0.000000,0.060054
Q_ind_212_anc_2-2,0.000712,0.000000,0.000000,0.008659
Q_ind_213_anc_2-2,0.682120,0.681454,0.544509,0.823674
Q_ind_214_anc_2-2,0.531212,0.532220,0.379589,0.681615
Q_ind_215_anc_2-2,0.584444,0.587838,0.441057,0.702913
Q_ind_216_anc_2-2,0.719370,0.722857,0.605619,0.807456
Q_ind_217_anc_2-2,0.597163,0.590393,0.460312,0.780263
Q_ind_218_anc_2-2,0.300916,0.298485,0.145159,0.459427
Q_ind_219_anc_2-2,0.560213,0.535472,0.339427,0.785837
Q_ind_220_anc_2-2,0.760282,0.764542,0.652093,0.837577
Q_ind_221_anc_2-2,0.501082,0.501489,0.379033,0.619283
Q_ind_222_anc_2-2,0.634675,0.677544,0.375187,0.791960
Q_ind_223_anc_2-2,0.000170,0.000000,0.000000,0.001900
Q_ind_224_anc_2-2,0.000433,0.000000,0.000000,0.005172
Q_ind_225_anc_2-2,0.000407,0.000000,0.000000,0.004872
Q_ind_226_anc_2-2,0.000321,0.000000,0.000000,0.002743
Q_ind_227_anc_2-2,0.000443,0.000000,0.000000,0.004713
Q_ind_228_anc_2-2,0.002680,0.000000,0.000000,0.037905
Q_ind_229_anc_2-2,0.000543,0.000000,0.000000,0.005302
Q_ind_230_anc_2-2,0.004964,0.000000,0.000000,0.053476
Q_ind_231_anc_2-2,0.000601,0.000000,0.000000,0.007327
Q_ind_232_anc_2-2,0.004771,0.000000,0.000000,0.060749
Q_ind_233_anc_2-2,0.006851,0.000000,0.000000,0.067613
Q_ind_234_anc_2-2,0.000246,0.000000,0.000000,0.002667
Q_ind_235_anc_2-2,0.003515,0.000000,0.000000,0.042301
Q_ind_236_anc_2-2,0.009638,0.000000,0.000000,0.063685
Q_ind_237_anc_2-2,0.000717,0.000000,0.000000,0.009949
Q_ind_238_anc_2-2,0.000318,0.000000,0.000000,0.003186
Q_ind_239_anc_2-2,0.000688,0.000000,0.000000,0.009854
Q_ind_240_anc_2-2,0.000184,0.000000,0.000000,0.001937
Q_ind_241_anc_2-2,0.000573,0.000000,0.000000,0.007077
Q_ind_242_anc_2-2,0.002467,0.000000,0.000000,0.031143
Q_ind_243_anc_2-2,0.000196,0.000000,0.000000,0.002569
Q_ind_244_anc_2-2,0.011929,0.000000,0.000000,0.066656
Q_ind_245_anc_2-2,0.000216,0.000000,0.000000,0.002509
Q_ind_1_anc_3-1,0.000306,0.000000,0.000000,0.003616
Q_ind_2_anc_3-1,0.000348,0.000000,0.000000,0.003193
Q_ind_3_anc_3-1,0.000363,0.000000,0.000000,0.004809
Q_ind_4_anc_3-1,0.002631,0.000000,0.000000,0.032545
Q_ind_5_anc_3-1,0.000491,0.000000,0.000000,0.005741
Q_ind_6_anc_3-1,0.000337,0.000000,0.000000,0.003767
Q_ind_7_anc_3-1,0.000301,0.000000,0.000000,0.003114
Q_ind_8_anc_3-1,0.000239,0.000000,0.000000,0.002457
Q_ind_9_anc_3-1,0.000292,0.000000,0.000000,0.002443
Q_ind_10_anc_3-1,0.000237,0.000000,0.000000,0.002989
Q_ind_11_anc_3-1,0.000276,0.000000,0.000000,0.003232
Q_ind_12_anc_3-1,0.000452,0.000000,0.000000,0.004814
Q_ind_13_anc_3-1,0.001901,0.000000,0.000000,0.024088
Q_ind_14_anc_3-1,0.072273,0.086802,0.000000,0.159713
Q_ind_15_anc_3-1,0.072581,0.082175,0.000000,0.142791
Q_ind_16_anc_3-1,0.024997,0.000006,0.000000,0.106984
Q_ind_17_anc_3-1,0.021502,0.000000,0.000000,0.099768
Q_ind_18_anc_3-1,0.000762,0.000000,0.000000,0.009510
Q_ind_19_anc_3-1,0.039662,0.035498,0.000000,0.115285
Q_ind_20_anc_3-1,0.041056,0.006982,0.000000,0.126275
Q_ind_21_anc_3-1,0.002205,0.000000,0.000000,0.028695
Q_ind_22_anc_3-1,0.005843,0.000000,0.000000,0.050130
Q_ind_23_anc_3-1,0.001435,0.000000,0.000000,0.019660
Q_ind_24_anc_3-1,0.004407,0.000000,0.000000,0.060554
Q_ind_25_anc_3-1,0.000529,0.000000,0.000000,0.006147
Q_ind_26_anc_3-1,0.001371,0.000000,0.000000,0.021032
Q_ind_27_anc_3-1,0.004739,0.000000,0.000000,0.048414
Q_ind_28_anc_3-1,0.002208,0.000000,0.000000,0.030585
Q_ind_29_anc_3-1,0.006787,0.000000,0.000000,0.051085
Q_ind_30_anc_3-1,0.029574,0.026368,0.000000,0.089495
Q_ind_31_anc_3-1,0.000713,0.000000,0.000000,0.009480
Q_ind_32_anc_3-1,0.000435,0.000000,0.000000,0.005261
Q_ind_33_anc_3-1,0.000532,0.000000,0.000000,0.006453
Q_ind_34_anc_3-1,0.000420,0.000000,0.000000,0.005296
Q_ind_35_anc_3-1,0.001101,0.000000,0.000000,0.014997
Q_ind_36_anc_3-1,0.000765,0.000000,0.000000,0.010006
Q_ind_37_anc_3-1,0.001169,0.000000,0.000000,0.015672
Q_ind_38_anc_3-1,0.000315,0.000000,0.000000,0.003504
Q_ind_39_anc_3-1,0.037412,0.022483,0.000000,0.123198
Q_ind_40_anc_3-1,0.003839,0.000000,0.000000,0.046407
Q_ind_41_anc_3-1,0.013168,0.000000,0.000000,0.105258
Q_ind_42_anc_3-1,0.000475,0.000000,0.000000,0.005760
Q_ind_43_anc_3-1,0.000334,0.000000,0.000000,0.004436
Q_ind_44_anc_3-1,0.000508,0.000000,0.000000,0.006358
Q_ind_45_anc_3-1,0.000644,0.000000,0.000000,0.009185
Q_ind_46_anc_3-1,0.000237,0.000000,0.000000,0.002952
Q_ind_47_anc_3-1,0.001507,0.000000,0.000000,0.021097
Q_ind_48_anc_3-1,0.002791,0.000000,0.000000,0.033159
Q_ind_49_anc_3-1,0.000234,0.000000,0.000000,0.002477
Q_ind_50_anc_3-1,0.000263,0.000000,0.000000,0.003365
Q_ind_51_anc_3-1,0.000746,0.000000,0.000000,0.010663
Q_ind_52_anc_3-1,0.000710,0.000000,0.000000,0.008748
Q_ind_53_anc_3-1,0.000196,0.000000,0.000000,0.002342
Q_ind_54_anc_3-1,0.000278,0.000000,0.000000,0.003393
Q_ind_55_anc_3-1,0.000392,0.000000,0.000000,0.004532
Q_ind_56_anc_3-1,0.001147,0.000000,0.000000,0.017607
Q_ind_57_anc_3-1,0.011751,0.000000,0.000000,0.130316
Q_ind_58_anc_3-1,0.000912,0.000000,0.000000,0.012057
Q_ind_59_anc_3-1,0.008742,0.000000,0.000000,0.063980
Q_ind_60_anc_3-1,0.000361,0.000000,0.000000,0.004870
Q_ind_61_anc_3-1,0.008038,0.000000,0.000000,0.060908
Q_ind_62_anc_3-1,0.001246,0.000000,0.000000,0.017545
Q_ind_63_anc_3-1,0.000112,0.000000,0.000000,0.001172
Q_ind_64_anc_3-1,0.000092,0.000000,0.000000,0.001082
Q_ind_65_anc_3-1,0.000107,0.000000,0.000000,0.001190
Q_ind_66_anc_3-1,0.000149,0.000000,0.000000,0.001458
Q_ind_67_anc_3-1,0.000164,0.000000,0.000000,0.001734
Q_ind_68_anc_3-1,0.002761,0.000000,0.000000,0.031222
Q_ind_69_anc_3-1,0.124290,0.123881,0.067962,0.183900
Q_ind_70_anc_3-1,0.001825,0.000000,0.000000,0.024620
Q_ind_71_anc_3-1,0.001006,0.000000,0.000000,0.012347
Q_ind_72_anc_3-1,0.000685,0.000000,0.000000,0.008254
Q_ind_73_anc_3-1,0.001221,0.000000,0.000000,0.017881
Q_ind_74_anc_3-1,0.105108,0.104401,0.043509,0.170869
Q_ind_75_anc_3-1,0.120197,0.120176,0.058747,0.183146
Q_ind_76_anc_3-1,0.000919,0.000000,0.000000,0.011861
Q_ind_77_anc_3-1,0.000581,0.000000,0.000000,0.006949
Q_ind_78_anc_3-1,0.000618,0.000000,0.000000,0.006964
Q_ind_79_anc_3-1,0.000466,0.000000,0.000000,0.004343
Q_ind_80_anc_3-1,0.000175,0.000000,0.000000,0.001790
Q_ind_81_anc_3-1,0.001885,0.000000,0.000000,0.024924
Q_ind_82_anc_3-1,0.000499,0.000000,0.000000,0.006417
Q_ind_83_anc_3-1,0.001184,0.000000,0.000000,0.015118
Q_ind_84_anc_3-1,0.000190,0.000000,0.000000,0.001546
Q_ind_85_anc_3-1,0.000342,0.000000,0.000000,0.004227
Q_ind_86_anc_3-1,0.001655,0.000000,0.000000,0.020751
Q_ind_87_anc_3-1,0.000292,0.000000,0.000000,0.003041
Q_ind_88_anc_3-1,0.019326,0.000000,0.000000,0.125587
Q_ind_89_anc_3-1,0.002795,0.000000,0.000000,0.038508
Q_ind_90_anc_3-1,0.024992,0.000000,0.000000,0.189549
Q_ind_91_anc_3-1,0.042433,0.000094,0.000000,0.178331
Q_ind_92_anc_3-1,0.001785,0.000000,0.000000,0.024546
Q_ind_93_anc_3-1,0.011014,0.000000,0.000000,0.099800
Q_ind_94_anc_3-1,0.179741,0.217424,0.000000,0.316501
Q_ind_95_anc_3-1,0.004109,0.000000,0.000000,0.054625
Q_ind_96_anc_3-1,0.001212,0.000000,0.000000,0.014533
Q_ind_97_anc_3-1,0.000565,0.000000,0.000000,0.007346
Q_ind_98_anc_3-1,0.000244,0.000000,0.000000,0.002605
Q_ind_99_anc_3-1,0.001842,0.000000,0.000000,0.021770
Q_ind_100_anc_3-1,0.000366,0.000000,0.000000,0.004639
Q_ind_101_anc_3-1,0.000103,0.000000,0.000000,0.001071
Q_ind_102_anc_3-1,0.000101,0.000000,0.000000,0.001168
Q_ind_103_anc_3-1,0.000179,0.000000,0.000000,0.001740
Q_ind_104_anc_3-1,0.000125,0.000000,0.000000,0.001544
Q_ind_105_anc_3-1,0.002470,0.000000,0.000000,0.036190
Q_ind_106_anc_3-1,0.001713,0.000000,0.000000,0.022608
Q_ind_107_anc_3-1,0.000728,0.000000,0.000000,0.008707
Q_ind_108_anc_3-1,0.000721,0.000000,0.000000,0.007317
Q_ind_109_anc_3-1,0.000526,0.000000,0.000000,0.006739
Q_ind_110_anc_3-1,0.000210,0.000000,0.000000,0.002371
Q_ind_111_anc_3-1,0.000603,0.000000,0.000000,0.007228
Q_ind_112_anc_3-1,0.000530,0.000000,0.000000,0.007064
Q_ind_113_anc_3-1,0.002215,0.000000,0.000000,0.030202
Q_ind_114_anc_3-1,0.000364,0.000000,0.000000,0.003985
Q_ind_115_anc_3-1,0.001830,0.000000,0.000000,0.027879
Q_ind_116_anc_3-1,0.000377,0.000000,0.000000,0.004734
Q_ind_117_anc_3-1,0.000587,0.000000,0.000000,0.007436
Q_ind_118_anc_3-1,0.000266,0.000000,0.000000,0.002834
Q_ind_119_anc_3-1,0.001745,0.000000,0.000000,0.021947
Q_ind_120_anc_3-1,0.000249,0.000000,0.000000,0.002725
Q_ind_121_anc_3-1,0.007506,0.000000,0.000000,0.042720
Q_ind_122_anc_3-1,0.000666,0.000000,0.000000,0.008714
Q_ind_123_anc_3-1,0.000728,0.000000,0.000000,0.009381
Q_ind_124_anc_3-1,0.000483,0.000000,0.000000,0.006475
Q_ind_125_anc_3-1,0.001206,0.000000,0.000000,0.017231
Q_ind_126_anc_3-1,0.002244,0.000000,0.000000,0.028353
Q_ind_127_anc_3-1,0.000751,0.000000,0.000000,0.009561
Q_ind_128_anc_3-1,0.001627,0.000000,0.000000,0.020055
Q_ind_129_anc_3-1,0.000833,0.000000,0.000000,0.010364
Q_ind_130_anc_3-1,0.001297,0.000000,0.000000,0.019162
Q_ind_131_anc_3-1,0.000494,0.000000,0.000000,0.005757
Q_ind_132_anc_3-1,0.002633,0.000000,0.000000,0.031747
Q_ind_133_anc_3-1,0.000347,0.000000,0.000000,0.004011
Q_ind_134_anc_3-1,0.000662,0.000000,0.000000,0.008938
Q_ind_135_anc_3-1,0.000678,0.000000,0.000000,0.007386
Q_ind_136_anc_3-1,0.000608,0.000000,0.000000,0.008873
Q_ind_137_anc_3-1,0.000641,0.000000,0.000000,0.007583
Q_ind_138_anc_3-1,0.000558,0.000000,0.000000,0.006553
Q_ind_139_anc_3-1,0.000385,0.000000,0.000000,0.005071
Q_ind_140_anc_3-1,0.000469,0.000000,0.000000,0.005828
Q_ind_141_anc_3-1,0.000332,0.000000,0.000000,0.004090
Q_ind_142_anc_3-1,0.002487,0.000000,0.000000,0.033574
Q_ind_143_anc_3-1,0.001445,0.000000,0.000000,0.019853
Q_ind_144_anc_3-1,0.000343,0.000000,0.000000,0.003983
Q_ind_145_anc_3-1,0.000083,0.000000,0.000000,0.000946
Q_ind_146_anc_3-1,0.000207,0.000000,0.000000,0.002594
Q_ind_147_anc_3-1,0.000146,0.000000,0.000000,0.001647
Q_ind_148_anc_3-1,0.000373,0.000000,0.000000,0.003563
Q_ind_149_anc_3-1,0.041633,0.038854,0.000000,0.125856
Q_ind_150_anc_3-1,0.000123,0.000000,0.000000,0.001409
Q_ind_151_anc_3-1,0.000646,0.000000,0.000000,0.007010
Q_ind_152_anc_3-1,0.000143,0.000000,0.000000,0.001671
Q_ind_153_anc_3-1,0.000127,0.000000,0.000000,0.001370
Q_ind_154_anc_3-1,0.000177,0.000000,0.000000,0.001773
Q_ind_155_anc_3-1,0.019376,0.000012,0.000000,0.094151
Q_ind_156_anc_3-1,0.000240,0.000000,0.000000,0.003357
Q_ind_157_anc_3-1,0.000180,0.000000,0.000000,0.002219
Q_ind_158_anc_3-1,0.000185,0.000000,0.000000,0.002117
Q_ind_159_anc_3-1,0.000234,0.000000,0.000000,0.002753
Q_ind_160_anc_3-1,0.000234,0.000000,0.000000,0.002596
Q_ind_161_anc_3-1,0.000241,0.000000,0.000000,0.002269
Q_ind_162_anc_3-1,0.000354,0.000000,0.000000,0.004467
Q_ind_163_anc_3-1,0.000196,0.000000,0.000000,0.002149
Q_ind_164_anc_3-1,0.000163,0.000000,0.000000,0.001918
Q_ind_165_anc_3-1,0.006559,0.000000,0.000000,0.058242
Q_ind_166_anc_3-1,0.000563,0.000000,0.000000,0.006460
Q_ind_167_anc_3-1,0.000561,0.000000,0.000000,0.007441
Q_ind_168_anc_3-1,0.010742,0.000000,0.000000,0.084024
Q_ind_169_anc_3-1,0.005052,0.000000,0.000000,0.061662
Q_ind_170_anc_3-1,0.000232,0.000000,0.000000,0.002252
Q_ind_171_anc_3-1,0.005616,0.000000,0.000000,0.048094
Q_ind_172_anc_3-1,0.000319,0.000000,0.000000,0.003985
Q_ind_173_anc_3-1,0.000310,0.000000,0.000000,0.003555
Q_ind_174_anc_3-1,0.000377,0.000000,0.000000,0.004971
Q_ind_175_anc_3-1,0.003222,0.000000,0.000000,0.036207
Q_ind_176_anc_3-1,0.060933,0.067401,0.000000,0.147541
Q_ind_177_anc_3-1,0.000211,0.000000,0.000000,0.002323
Q_ind_178_anc_3-1,0.000179,0.000000,0.000000,0.001786
Q_ind_179_anc_3-1,0.000260,0.000000,0.000000,0.003366
Q_ind_180_anc_3-1,0.000240,0.000000,0.000000,0.003014
Q_ind_181_anc_3-1,0.009164,0.000000,0.000000,0.108346
Q_ind_182_anc_3-1,0.000138,0.000000,0.000000,0.001471
Q_ind_183_anc_3-1,0.000215,0.000000,0.000000,0.002247
Q_ind_184_anc_3-1,0.004138,0.000000,0.000000,0.043206
Q_ind_185_anc_3-1,0.000528,0.000000,0.000000,0.005401
Q_ind_186_anc_3-1,0.000276,0.000000,0.000000,0.003298
Q_ind_187_anc_3-1,0.000234,0.000000,0.000000,0.002074
Q_ind_188_anc_3-1,0.000133,0.000000,0.000000,0.001501
Q_ind_189_anc_3-1,0.000250,0.000000,0.000000,0.003244
Q_ind_190_anc_3-1,0.001097,0.000000,0.000000,0.015222
Q_ind_191_anc_3-1,0.000232,0.000000,0.000000,0.002651
Q_ind_192_anc_3-1,0.000154,0.000000,0.000000,0.002029
Q_ind_193_anc_3-1,0.000404,0.000000,0.000000,0.005051
Q_ind_194_anc_3-1,0.000048,0.000000,0.000000,0.000571
Q_ind_195_anc_3-1,0.000595,0.000000,0.000000,0.008206
Q_ind_196_anc_3-1,0.000061,0.000000,0.000000,0.000574
Q_ind_197_anc_3-1,0.000056,0.000000,0.000000,0.000593
Q_ind_198_anc_3-1,0.000062,0.000000,0.000000,0.000716
Q_ind_199_anc_3-1,0.000113,0.000000,0.000000,0.001329
Q_ind_200_anc_3-1,0.000118,0.000000,0.000000,0.001299
Q_ind_201_anc_3-1,0.009178,0.000000,0.000000,0.062629
Q_ind_202_anc_3-1,0.000173,0.000000,0.000000,0.001928
Q_ind_203_anc_3-1,0.000839,0.000000,0.000000,0.011825
Q_ind_204_anc_3-1,0.000630,0.000000,0.000000,0.007915
Q_ind_205_anc_3-1,0.000935,0.000000,0.000000,0.013138
Q_ind_206_anc_3-1,0.000790,0.000000,0.000000,0.010346
Q_ind_207_anc_3-1,0.001910,0.000000,0.000000,0.025375
Q_ind_208_anc_3-1,0.001597,0.000000,0.000000,0.023113
Q_ind_209_anc_3-1,0.000897,0.000000,0.000000,0.012623
Q_ind_210_anc_3-1,0.000641,0.000000,0.000000,0.007798
Q_ind_211_anc_3-1,0.005079,0.000000,0.000000,0.041253
Q_ind_212_anc_3-1,0.011147,0.000000,0.000000,0.127612
Q_ind_213_anc_3-1,0.005194,0.000000,0.000000,0.052183
Q_ind_214_anc_3-1,0.004662,0.000000,0.000000,0.051730
Q_ind_215_anc_3-1,0.088185,0.088282,0.040605,0.137252
Q_ind_216_anc_3-1,0.013859,0.000000,0.000000,0.100766
Q_ind_217_anc_3-1,0.000303,0.000000,0.000000,0.003655
Q_ind_218_anc_3-1,0.000776,0.000000,0.000000,0.012349
Q_ind_219_anc_3-1,0.006266,0.000000,0.000000,0.062139
Q_ind_220_anc_3-1,0.063449,0.068386,0.000000,0.120617
Q_ind_221_anc_3-1,0.001632,0.000000,0.000000,0.021514
Q_ind_222_anc_3-1,0.002445,0.000000,0.000000,0.031015
Q_ind_223_anc_3-1,0.001009,0.000000,0.000000,0.010949
Q_ind_224_anc_3-1,0.286953,0.287303,0.230428,0.340292
Q_ind_225_anc_3-1,0.148818,0.148264,0.082097,0.221457
Q_ind_226_anc_3-1,0.038352,0.000000,0.000000,0.237185
Q_ind_227_anc_3-1,0.011020,0.000000,0.000000,0.109015
Q_ind_228_anc_3-1,0.005425,0.000000,0.000000,0.067757
Q_ind_229_anc_3-1,0.033723,0.000002,0.000000,0.150226
Q_ind_230_anc_3-1,0.001695,0.000000,0.000000,0.018639
Q_ind_231_anc_3-1,0.000527,0.000000,0.000000,0.006731
Q_ind_232_anc_3-1,0.002871,0.000000,0.000000,0.038797
Q_ind_233_anc_3-1,0.000670,0.000000,0.000000,0.008764
Q_ind_234_anc_3-1,0.001723,0.000000,0.000000,0.020779
Q_ind_235_anc_3-1,0.000353,0.000000,0.000000,0.004588
Q_ind_236_anc_3-1,0.000287,0.000000,0.000000,0.003463
Q_ind_237_anc_3-1,0.000422,0.000000,0.000000,0.005767
Q_ind_238_anc_3-1,0.000722,0.000000,0.000000,0.010340
Q_ind_239_anc_3-1,0.001417,0.000000,0.000000,0.020115
Q_ind_240_anc_3-1,0.000559,0.000000,0.000000,0.006689
Q_ind_241_anc_3-1,0.055190,0.055825,0.000000,0.107851
Q_ind_242_anc_3-1,0.004846,0.000000,0.000000,0.036087
Q_ind_243_anc_3-1,0.011712,0.000000,0.000000,0.087832
Q_ind_244_anc_3-1,0.000639,0.000000,0.000000,0.006317
Q_ind_245_anc_3-1,0.001056,0.000000,0.000000,0.014415
Q_ind_1_anc_3-2,0.003640,0.000000,0.000000,0.054346
Q_ind_2_anc_3-2,0.000727,0.000000,0.000000,0.008574
Q_ind_3_anc_3-2,0.001748,0.000000,0.000000,0.018394
Q_ind_4_anc_3-2,0.008495,0.000000,0.000000,0.077973
Q_ind_5_anc_3-2,0.001318,0.000000,0.000000,0.016183
Q_ind_6_anc_3-2,0.076508,0.090050,0.000000,0.185249
Q_ind_7_anc_3-2,0.008790,0.000000,0.000000,0.104473
Q_ind_8_anc_3-2,0.002654,0.000000,0.000000,0.036478
Q_ind_9_anc_3-2,0.015579,0.000000,0.000000,0.151969
Q_ind_10_anc_3-2,0.001051,0.000000,0.000000,0.015383
Q_ind_11_anc_3-2,0.016666,0.000000,0.000000,0.100972
Q_ind_12_anc_3-2,0.027476,0.000001,0.000000,0.134830
Q_ind_13_anc_3-2,0.000743,0.000000,0.000000,0.011353
Q_ind_14_anc_3-2,0.034881,0.000005,0.000000,0.145345
Q_ind_15_anc_3-2,0.000836,0.000000,0.000000,0.010308
Q_ind_16_anc_3-2,0.006463,0.000000,0.000000,0.077007
Q_ind_17_anc_3-2,0.000842,0.000000,0.000000,0.008168
Q_ind_18_anc_3-2,0.000552,0.000000,0.000000,0.007338
Q_ind_19_anc_3-2,0.020231,0.000001,0.000000,0.098761
Q_ind_20_anc_3-2,0.000679,0.000000,0.000000,0.006929
Q_ind_21_anc_3-2,0.000475,0.000000,0.000000,0.006013
Q_ind_22_anc_3-2,0.033387,0.021910,0.000000,0.111799
Q_ind_23_anc_3-2,0.017093,0.000003,0.000000,0.090133
Q_ind_24_anc_3-2,0.116436,0.127214,0.000000,0.204575
Q_ind_25_anc_3-2,0.000275,0.000000,0.000000,0.003101
Q_ind_26_anc_3-2,0.035135,0.033340,0.000000,0.100132
Q_ind_27_anc_3-2,0.002709,0.000000,0.000000,0.035880
Q_ind_28_anc_3-2,0.013141,0.000000,0.000000,0.081890
Q_ind_29_anc_3-2,0.007497,0.000000,0.000000,0.066897
Q_ind_30_anc_3-2,0.023625,0.000001,0.000000,0.117909
Q_ind_31_anc_3-2,0.000262,0.000000,0.000000,0.003343
Q_ind_32_anc_3-2,0.000585,0.000000,0.000000,0.006881
Q_ind_33_anc_3-2,0.000517,0.000000,0.000000,0.006257
Q_ind_34_anc_3-2,0.000324,0.000000,0.000000,0.003828
Q_ind_35_anc_3-2,0.000755,0.000000,0.000000,0.010050
Q_ind_36_anc_3-2,0.000394,0.000000,0.000000,0.004675
Q_ind_37_anc_3-2,0.000696,0.000000,0.000000,0.009529
Q_ind_38_anc_3-2,0.000225,0.000000,0.000000,0.002272
Q_ind_39_anc_3-2,0.035818,0.000671,0.000000,0.125521
Q_ind_40_anc_3-2,0.003703,0.000000,0.000000,0.053110
Q_ind_41_anc_3-2,0.000498,0.000000,0.000000,0.006025
Q_ind_42_anc_3-2,0.000323,0.000000,0.000000,0.004095
Q_ind_43_anc_3-2,0.000453,0.000000,0.000000,0.005640
Q_ind_44_anc_3-2,0.000410,0.000000,0.000000,0.005424
Q_ind_45_anc_3-2,0.000516,0.000000,0.000000,0.006752
Q_ind_46_anc_3-2,0.000143,0.000000,0.000000,0.001609
Q_ind_47_anc_3-2,0.000434,0.000000,0.000000,0.006183
Q_ind_48_anc_3-2,0.000670,0.000000,0.000000,0.008124
Q_ind_49_anc_3-2,0.000312,0.000000,0.000000,0.003940
Q_ind_50_anc_3-2,0.000166,0.000000,0.000000,0.001702
Q_ind_51_anc_3-2,0.000771,0.000000,0.000000,0.011695
Q_ind_52_anc_3-2,0.000386,0.000000,0.000000,0.005153
Q_ind_53_anc_3-2,0.000245,0.000000,0.000000,0.003052
Q_ind_54_anc_3-2,0.000351,0.000000,0.000000,0.004900
Q_ind_55_anc_3-2,0.000306,0.000000,0.000000,0.003554
Q_ind_56_anc_3-2,0.000944,0.000000,0.000000,0.012660
Q_ind_57_anc_3-2,0.000951,0.000000,0.000000,0.010489
Q_ind_58_anc_3-2,0.000366,0.000000,0.000000,0.004497
Q_ind_59_anc_3-2,0.003752,0.000000,0.000000,0.039409
Q_ind_60_anc_3-2,0.000348,0.000000,0.000000,0.004461
Q_ind_61_anc_3-2,0.002272,0.000000,0.000000,0.032432
Q_ind_62_anc_3-2,0.001464,0.000000,0.000000,0.019227
Q_ind_63_anc_3-2,0.000190,0.000000,0.000000,0.001642
Q_ind_64_anc_3-2,0.000199,0.000000,0.000000,0.001698
Q_ind_65_anc_3-2,0.000206,0.000000,0.000000,0.002073
Q_ind_66_anc_3-2,0.000197,0.000000,0.000000,0.002349
Q_ind_67_anc_3-2,0.000296,0.000000,0.000000,0.003186
Q_ind_68_anc_3-2,0.001145,0.000000,0.000000,0.015387
Q_ind_69_anc_3-2,0.000261,0.000000,0.000000,0.002694
Q_ind_70_anc_3-2,0.000399,0.000000,0.000000,0.004874
Q_ind_71_anc_3-2,0.000188,0.000000,0.000000,0.002322
Q_ind_72_anc_3-2,0.001565,0.000000,0.000000,0.020651
Q_ind_73_anc_3-2,0.000202,0.000000,0.000000,0.002227
Q_ind_74_anc_3-2,0.000583,0.000000,0.000000,0.006705
Q_ind_75_anc_3-2,0.000321,0.000000,0.000000,0.003706
Q_ind_76_anc_3-2,0.001484,0.000000,0.000000,0.020003
Q_ind_77_anc_3-2,0.214622,0.214098,0.148933,0.283575
Q_ind_78_anc_3-2,0.278589,0.279263,0.193277,0.356779
Q_ind_79_anc_3-2,0.205276,0.204915,0.135045,0.276115
Q_ind_80_anc_3-2,0.141769,0.164080,0.000000,0.239429
Q_ind_81_anc_3-2,0.192229,0.251697,0.000000,0.348871
Q_ind_82_anc_3-2,0.235354,0.247776,0.049341,0.331140
Q_ind_83_anc_3-2,0.236128,0.239569,0.138702,0.316822
Q_ind_84_anc_3-2,0.188019,0.229270,0.000000,0.322251
Q_ind_85_anc_3-2,0.032018,0.000000,0.000000,0.184210
Q_ind_86_anc_3-2,0.230829,0.233000,0.140660,0.308120
Q_ind_87_anc_3-2,0.117931,0.153029,0.000000,0.239833
Q_ind_88_anc_3-2,0.338663,0.343707,0.202850,0.442704
Q_ind_89_anc_3-2,0.016436,0.000000,0.000000,0.147742
Q_ind_90_anc_3-2,0.004014,0.000000,0.000000,0.053933
Q_ind_91_anc_3-2,0.342387,0.346549,0.197674,0.460747
Q_ind_92_anc_3-2,0.005387,0.000000,0.000000,0.083095
Q_ind_93_anc_3-2,0.311481,0.316806,0.154077,0.421538
Q_ind_94_anc_3-2,0.291471,0.356893,0.000000,0.482951
Q_ind_95_anc_3-2,0.353681,0.361689,0.148143,0.508198
Q_ind_96_anc_3-2,0.000295,0.000000,0.000000,0.004071
Q_ind_97_anc_3-2,0.000769,0.000000,0.000000,0.009879
Q_ind_98_anc_3-2,0.000146,0.000000,0.000000,0.001573
Q_ind_99_anc_3-2,0.000567,0.000000,0.000000,0.006712
Q_ind_100_anc_3-2,0.000487,0.000000,0.000000,0.006836
Q_ind_101_anc_3-2,0.000154,0.000000,0.000000,0.001676
Q_ind_102_anc_3-2,0.000085,0.000000,0.000000,0.000987
Q_ind_103_anc_3-2,0.000174,0.000000,0.000000,0.001966
Q_ind_104_anc_3-2,0.000077,0.000000,0.000000,0.000948
Q_ind_105_anc_3-2,0.000178,0.000000,0.000000,0.001988
Q_ind_106_anc_3-2,0.002699,0.000000,0.000000,0.030389
Q_ind_107_anc_3-2,0.001041,0.000000,0.000000,0.012648
Q_ind_108_anc_3-2,0.000332,0.000000,0.000000,0.002908
Q_ind_109_anc_3-2,0.000756,0.000000,0.000000,0.010404
Q_ind_110_anc_3-2,0.000445,0.000000,0.000000,0.005071
Q_ind_111_anc_3-2,0.000980,0.000000,0.000000,0.012554
Q_ind_112_anc_3-2,0.000598,0.000000,0.000000,0.008095
Q_ind_113_anc_3-2,0.000977,0.000000,0.000000,0.011833
Q_ind_114_anc_3-2,0.001003,0.000000,0.000000,0.014469
Q_ind_115_anc_3-2,0.002112,0.000000,0.000000,0.029675
Q_ind_116_anc_3-2,0.000234,0.000000,0.000000,0.003167
Q_ind_117_anc_3-2,0.000433,0.000000,0.000000,0.005578
Q_ind_118_anc_3-2,0.000671,0.000000,0.000000,0.009135
Q_ind_119_anc_3-2,0.001737,0.000000,0.000000,0.021547
Q_ind_120_anc_3-2,0.000178,0.000000,0.000000,0.001805
Q_ind_121_anc_3-2,0.001408,0.000000,0.000000,0.018842
Q_ind_122_anc_3-2,0.000236,0.000000,0.000000,0.002840
Q_ind_123_anc_3-2,0.000508,0.000000,0.000000,0.006007
Q_ind_124_anc_3-2,0.000391,0.000000,0.000000,0.004947
Q_ind_125_anc_3-2,0.020887,0.000000,0.000000,0.163587
Q_ind_126_anc_3-2,0.004200,0.000000,0.000000,0.062739
Q_ind_127_anc_3-2,0.053878,0.014560,0.000000,0.174330
Q_ind_128_anc_3-2,0.102210,0.127067,0.000000,0.238091
Q_ind_129_anc_3-2,0.035242,0.000003,0.000000,0.156225
Q_ind_130_anc_3-2,0.010333,0.000000,0.000000,0.094973
Q_ind_131_anc_3-2,0.271431,0.271220,0.196824,0.345334
Q_ind_132_anc_3-2,0.222723,0.222238,0.159014,0.289182
Q_ind_133_anc_3-2,0.000462,0.000000,0.000000,0.006440
Q_ind_134_anc_3-2,0.000386,0.000000,0.000000,0.004767
Q_ind_135_anc_3-2,0.000837,0.000000,0.000000,0.011285
Q_ind_136_anc_3-2,0.000460,0.000000,0.000000,0.005398
Q_ind_137_anc_3-2,0.000468,0.000000,0.000000,0.005631
Q_ind_138_anc_3-2,0.001370,0.000000,0.000000,0.018244
Q_ind_139_anc_3-2,0.000766,0.000000,0.000000,0.010280
Q_ind_140_anc_3-2,0.000340,0.000000,0.000000,0.003656
Q_ind_141_anc_3-2,0.000221,0.000000,0.000000,0.002915
Q_ind_142_anc_3-2,0.216531,0.217073,0.150174,0.282028
Q_ind_143_anc_3-2,0.000249,0.000000,0.000000,0.002565
Q_ind_144_anc_3-2,0.000225,0.000000,0.000000,0.002719
Q_ind_145_anc_3-2,0.000177,0.000000,0.000000,0.002055
Q_ind_146_anc_3-2,0.005910,0.000000,0.000000,0.059533
Q_ind_147_anc_3-2,0.000274,0.000000,0.000000,0.003773
Q_ind_148_anc_3-2,0.001858,0.000000,0.000000,0.023280
Q_ind_149_anc_3-2,0.082817,0.086938,0.000000,0.210111
Q_ind_150_anc_3-2,0.000238,0.000000,0.000000,0.002927
Q_ind_151_anc_3-2,0.000226,0.000000,0.000000,0.003038
Q_ind_152_anc_3-2,0.000296,0.000000,0.000000,0.003672
Q_ind_153_anc_3-2,0.000288,0.000000,0.000000,0.003921
Q_ind_154_anc_3-2,0.000243,0.000000,0.000000,0.003077
Q_ind_155_anc_3-2,0.572433,0.572723,0.469105,0.675455
Q_ind_156_anc_3-2,0.001026,0.000000,0.000000,0.013196
Q_ind_157_anc_3-2,0.000440,0.000000,0.000000,0.004625
Q_ind_158_anc_3-2,0.000514,0.000000,0.000000,0.004301
Q_ind_159_anc_3-2,0.106746,0.126728,0.000000,0.219123
Q_ind_160_anc_3-2,0.001130,0.000000,0.000000,0.013306
Q_ind_161_anc_3-2,0.000110,0.000000,0.000000,0.001470
Q_ind_162_anc_3-2,0.000672,0.000000,0.000000,0.007155
Q_ind_163_anc_3-2,0.000751,0.000000,0.000000,0.009498
Q_ind_164_anc_3-2,0.001111,0.000000,0.000000,0.011895
Q_ind_165_anc_3-2,0.001686,0.000000,0.000000,0.023550
Q_ind_166_anc_3-2,0.000959,0.000000,0.000000,0.013031
Q_ind_167_anc_3-2,0.000877,0.000000,0.000000,0.011245
Q_ind_168_anc_3-2,0.021812,0.000108,0.000000,0.097599
Q_ind_169_anc_3-2,0.319509,0.320620,0.245664,0.388988
Q_ind_170_anc_3-2,0.000556,0.000000,0.000000,0.007385
Q_ind_171_anc_3-2,0.017687,0.000011,0.000000,0.085249
Q_ind_172_anc_3-2,0.000144,0.000000,0.000000,0.001617
Q_ind_173_anc_3-2,0.000301,0.000000,0.000000,0.003076
Q_ind_174_anc_3-2,0.000596,0.000000,0.000000,0.006961
Q_ind_175_anc_3-2,0.005914,0.000000,0.000000,0.060866
Q_ind_176_anc_3-2,0.321625,0.325549,0.199464,0.429011
Q_ind_177_anc_3-2,0.383244,0.417436,0.136760,0.514101
Q_ind_178_anc_3-2,0.069381,0.000002,0.000000,0.351103
Q_ind_179_anc_3-2,0.017480,0.000000,0.000000,0.155099
Q_ind_180_anc_3-2,0.019258,0.000000,0.000000,0.136786
Q_ind_181_anc_3-2,0.088180,0.000000,0.000000,0.394411
Q_ind_182_anc_3-2,0.421911,0.427453,0.278155,0.508736
Q_ind_183_anc_3-2,0.277870,0.282631,0.101841,0.427191
Q_ind_184_anc_3-2,0.451993,0.462388,0.279786,0.540595
Q_ind_185_anc_3-2,0.000304,0.000000,0.000000,0.003560
Q_ind_186_anc_3-2,0.000192,0.000000,0.000000,0.002006
Q_ind_187_anc_3-2,0.000140,0.000000,0.000000,0.001723
Q_ind_188_anc_3-2,0.000188,0.000000,0.000000,0.001925
Q_ind_189_anc_3-2,0.000225,0.000000,0.000000,0.003144
Q_ind_190_anc_3-2,0.001718,0.000000,0.000000,0.021653
Q_ind_191_anc_3-2,0.000242,0.000000,0.000000,0.002940
Q_ind_192_anc_3-2,0.000203,0.000000,0.000000,0.002446
Q_ind_193_anc_3-2,0.000632,0.000000,0.000000,0.008190
Q_ind_194_anc_3-2,0.000045,0.000000,0.000000,0.000488
Q_ind_195_anc_3-2,0.000440,0.000000,0.000000,0.006138
Q_ind_196_anc_3-2,0.000063,0.000000,0.000000,0.000702
Q_ind_197_anc_3-2,0.000050,0.000000,0.000000,0.000588
Q_ind_198_anc_3-2,0.000071,0.000000,0.000000,0.000769
Q_ind_199_anc_3-2,0.000229,0.000000,0.000000,0.002855
Q_ind_200_anc_3-2,0.000075,0.000000,0.000000,0.000802
Q_ind_201_anc_3-2,0.002612,0.000000,0.000000,0.033871
Q_ind_202_anc_3-2,0.000390,0.000000,0.000000,0.003787
Q_ind_203_anc_3-2,0.003047,0.000000,0.000000,0.037439
Q_ind_204_anc_3-2,0.000906,0.000000,0.000000,0.012067
Q_ind_205_anc_3-2,0.001603,0.000000,0.000000,0.023046
Q_ind_206_anc_3-2,0.000896,0.000000,0.000000,0.011375
Q_ind_207_anc_3-2,0.004772,0.000000,0.000000,0.050761
Q_ind_208_anc_3-2,0.170560,0.177768,0.043954,0.253817
Q_ind_209_anc_3-2,0.000724,0.000000,0.000000,0.009542
Q_ind_210_anc_3-2,0.000587,0.000000,0.000000,0.007404
Q_ind_211_anc_3-2,0.002375,0.000000,0.000000,0.033299
Q_ind_212_anc_3-2,0.115066,0.121392,0.000000,0.180688
Q_ind_213_anc_3-2,0.002584,0.000000,0.000000,0.035731
Q_ind_214_anc_3-2,0.001231,0.000000,0.000000,0.014962
Q_ind_215_anc_3-2,0.000791,0.000000,0.000000,0.010404
Q_ind_216_anc_3-2,0.021251,0.000000,0.000000,0.114750
Q_ind_217_anc_3-2,0.000233,0.000000,0.000000,0.002642
Q_ind_218_anc_3-2,0.150966,0.150026,0.089287,0.216908
Q_ind_219_anc_3-2,0.002126,0.000000,0.000000,0.025420
Q_ind_220_anc_3-2,0.006367,0.000000,0.000000,0.075699
Q_ind_221_anc_3-2,0.165518,0.166062,0.090714,0.235544
Q_ind_222_anc_3-2,0.002756,0.000000,0.000000,0.035557
Q_ind_223_anc_3-2,0.075620,0.086739,0.000000,0.161319
Q_ind_224_anc_3-2,0.004864,0.000000,0.000000,0.067470
Q_ind_225_anc_3-2,0.001468,0.000000,0.000000,0.018266
Q_ind_226_anc_3-2,0.140858,0.177078,0.000000,0.275048
Q_ind_227_anc_3-2,0.003761,0.000000,0.000000,0.050898
Q_ind_228_anc_3-2,0.007707,0.000000,0.000000,0.073937
Q_ind_229_anc_3-2,0.001968,0.000000,0.000000,0.028832
Q_ind_230_anc_3-2,0.000752,0.000000,0.000000,0.009412
Q_ind_231_anc_3-2,0.004335,0.000000,0.000000,0.057090
Q_ind_232_anc_3-2,0.000971,0.000000,0.000000,0.012761
Q_ind_233_anc_3-2,0.003632,0.000000,0.000000,0.046346
Q_ind_234_anc_3-2,0.000263,0.000000,0.000000,0.003134
Q_ind_235_anc_3-2,0.000281,0.000000,0.000000,0.003173
Q_ind_236_anc_3-2,0.000190,0.000000,0.000000,0.001913
Q_ind_237_anc_3-2,0.000218,0.000000,0.000000,0.002067
Q_ind_238_anc_3-2,0.000204,0.000000,0.000000,0.002702
Q_ind_239_anc_3-2,0.000502,0.000000,0.000000,0.006494
Q_ind_240_anc_3-2,0.000324,0.000000,0.000000,0.004222
Q_ind_241_anc_3-2,0.001493,0.000000,0.000000,0.022852
Q_ind_242_anc_3-2,0.002357,0.000000,0.000000,0.027154
Q_ind_243_anc_3-2,0.000208,0.000000,0.000000,0.002683
Q_ind_244_anc_3-2,0.000847,0.000000,0.000000,0.011315
Q_ind_245_anc_3-2,0.000142,0.000000,0.000000,0.001465
Q_ind_1_anc_3-3,0.000096,0.000000,0.000000,0.000986
Q_ind_2_anc_3-3,0.000318,0.000000,0.000000,0.004000
Q_ind_3_anc_3-3,0.000322,0.000000,0.000000,0.002707
Q_ind_4_anc_3-3,0.001574,0.000000,0.000000,0.021932
Q_ind_5_anc_3-3,0.000076,0.000000,0.000000,0.000912
Q_ind_6_anc_3-3,0.000981,0.000000,0.000000,0.012681
Q_ind_7_anc_3-3,0.023048,0.022936,0.000000,0.059296
Q_ind_8_anc_3-3,0.000182,0.000000,0.000000,0.001791
Q_ind_9_anc_3-3,0.025168,0.012300,0.000000,0.091824
Q_ind_10_anc_3-3,0.000426,0.000000,0.000000,0.005726
Q_ind_11_anc_3-3,0.000303,0.000000,0.000000,0.003540
Q_ind_12_anc_3-3,0.000594,0.000000,0.000000,0.007246
Q_ind_13_anc_3-3,0.000123,0.000000,0.000000,0.001214
Q_ind_14_anc_3-3,0.000355,0.000000,0.000000,0.004911
Q_ind_15_anc_3-3,0.000277,0.000000,0.000000,0.003259
Q_ind_16_anc_3-3,0.000156,0.000000,0.000000,0.002175
Q_ind_17_anc_3-3,0.000334,0.000000,0.000000,0.004226
Q_ind_18_anc_3-3,0.000247,0.000000,0.000000,0.002328
Q_ind_19_anc_3-3,0.000164,0.000000,0.000000,0.001824
Q_ind_20_anc_3-3,0.000065,0.000000,0.000000,0.000780
Q_ind_21_anc_3-3,0.000192,0.000000,0.000000,0.002426
Q_ind_22_anc_3-3,0.000621,0.000000,0.000000,0.008556
Q_ind_23_anc_3-3,0.001479,0.000000,0.000000,0.016209
Q_ind_24_anc_3-3,0.000323,0.000000,0.000000,0.004312
Q_ind_25_anc_3-3,0.000222,0.000000,0.000000,0.003076
Q_ind_26_anc_3-3,0.000336,0.000000,0.000000,0.004217
Q_ind_27_anc_3-3,0.000231,0.000000,0.000000,0.002874
Q_ind_28_anc_3-3,0.000413,0.000000,0.000000,0.005081
Q_ind_29_anc_3-3,0.002205,0.000000,0.000000,0.022778
Q_ind_30_anc_3-3,0.000213,0.000000,0.000000,0.002662
Q_ind_31_anc_3-3,0.000072,0.000000,0.000000,0.000838
Q_ind_32_anc_3-3,0.000217,0.000000,0.000000,0.002406
Q_ind_33_anc_3-3,0.000085,0.000000,0.000000,0.001067
Q_ind_34_anc_3-3,0.000174,0.000000,0.000000,0.002185
Q_ind_35_anc_3-3,0.000185,0.000000,0.000000,0.002463
Q_ind_36_anc_3-3,0.000115,0.000000,0.000000,0.001327
Q_ind_37_anc_3-3,0.000135,0.000000,0.000000,0.001434
Q_ind_38_anc_3-3,0.000078,0.000000,0.000000,0.000924
Q_ind_39_anc_3-3,0.000081,0.000000,0.000000,0.000856
Q_ind_40_anc_3-3,0.000141,0.000000,0.000000,0.001661
Q_ind_41_anc_3-3,0.000200,0.000000,0.000000,0.001915
Q_ind_42_anc_3-3,0.000425,0.000000,0.000000,0.005780
Q_ind_43_anc_3-3,0.000668,0.000000,0.000000,0.008283
Q_ind_44_anc_3-3,0.000335,0.000000,0.000000,0.004415
Q_ind_45_anc_3-3,0.000769,0.000000,0.000000,0.010393
Q_ind_46_anc_3-3,0.000148,0.000000,0.000000,0.001628
Q_ind_47_anc_3-3,0.000196,0.000000,0.000000,0.001941
Q_ind_48_anc_3-3,0.000949,0.000000,0.000000,0.014158
Q_ind_49_anc_3-3,0.000351,0.000000,0.000000,0.004562
Q_ind_50_anc_3-3,0.000337,0.000000,0.000000,0.004510
Q_ind_51_anc_3-3,0.000325,0.000000,0.000000,0.004122
Q_ind_52_anc_3-3,0.000070,0.000000,0.000000,0.000721
Q_ind_53_anc_3-3,0.000123,0.000000,0.000000,0.001552
Q_ind_54_anc_3-3,0.000085,0.000000,0.000000,0.000816
Q_ind_55_anc_3-3,0.000092,0.000000,0.000000,0.001031
Q_ind_56_anc_3-3,0.000678,0.000000,0.000000,0.007975
Q_ind_57_anc_3-3,0.000072,0.000000,0.000000,0.000803
Q_ind_58_anc_3-3,0.000171,0.000000,0.000000,0.002140
Q_ind_59_anc_3-3,0.000120,0.000000,0.000000,0.001448
Q_ind_60_anc_3-3,0.000064,0.000000,0.000000,0.000745
Q_ind_61_anc_3-3,0.000183,0.000000,0.000000,0.001712
Q_ind_62_anc_3-3,0.000611,0.000000,0.000000,0.008565
Q_ind_63_anc_3-3,0.981960,0.982720,0.956554,0.999748
Q_ind_64_anc_3-3,0.993148,0.995423,0.975290,0.999980
Q_ind_65_anc_3-3,0.987757,0.988974,0.966811,0.999904
Q_ind_66_anc_3-3,0.995151,0.997226,0.979728,0.999992
Q_ind_67_anc_3-3,0.745011,0.745980,0.688963,0.795908
Q_ind_68_anc_3-3,0.000131,0.000000,0.000000,0.001596
Q_ind_69_anc_3-3,0.000127,0.000000,0.000000,0.001346
Q_ind_70_anc_3-3,0.000059,0.000000,0.000000,0.000664
Q_ind_71_anc_3-3,0.000125,0.000000,0.000000,0.001346
Q_ind_72_anc_3-3,0.000750,0.000000,0.000000,0.010189
Q_ind_73_anc_3-3,0.000283,0.000000,0.000000,0.003635
Q_ind_74_anc_3-3,0.000155,0.000000,0.000000,0.001651
Q_ind_75_anc_3-3,0.000074,0.000000,0.000000,0.000862
Q_ind_76_anc_3-3,0.000201,0.000000,0.000000,0.002603
Q_ind_77_anc_3-3,0.000451,0.000000,0.000000,0.006363
Q_ind_78_anc_3-3,0.001256,0.000000,0.000000,0.016233
Q_ind_79_anc_3-3,0.000152,0.000000,0.000000,0.001708
Q_ind_80_anc_3-3,0.000527,0.000000,0.000000,0.006376
Q_ind_81_anc_3-3,0.000273,0.000000,0.000000,0.002588
Q_ind_82_anc_3-3,0.002482,0.000000,0.000000,0.033992
Q_ind_83_anc_3-3,0.000719,0.000000,0.000000,0.009898
Q_ind_84_anc_3-3,0.000601,0.000000,0.000000,0.007900
Q_ind_85_anc_3-3,0.000256,0.000000,0.000000,0.002951
Q_ind_86_anc_3-3,0.001371,0.000000,0.000000,0.019928
Q_ind_87_anc_3-3,0.000636,0.000000,0.000000,0.006069
Q_ind_88_anc_3-3,0.172210,0.171973,0.105190,0.239162
Q_ind_89_anc_3-3,0.164335,0.164486,0.088273,0.237179
Q_ind_90_anc_3-3,0.187884,0.187498,0.123267,0.252715
Q_ind_91_anc_3-3,0.121880,0.122458,0.064076,0.180622
Q_ind_92_anc_3-3,0.197581,0.196874,0.131697,0.265233
Q_ind_93_anc_3-3,0.133355,0.133596,0.069074,0.198394
Q_ind_94_anc_3-3,0.000258,0.000000,0.000000,0.003015
Q_ind_95_anc_3-3,0.100475,0.113006,0.000000,0.213467
Q_ind_96_anc_3-3,0.000249,0.000000,0.000000,0.003329
Q_ind_97_anc_3-3,0.000413,0.000000,0.000000,0.005533
Q_ind_98_anc_3-3,0.000033,0.000000,0.000000,0.000414
Q_ind_99_anc_3-3,0.000055,0.000000,0.000000,0.000554
Q_ind_100_anc_3-3,0.000548,0.000000,0.000000,0.006909
Q_ind_101_anc_3-3,0.000178,0.000000,0.000000,0.002045
Q_ind_102_anc_3-3,0.000095,0.000000,0.000000,0.001278
Q_ind_103_anc_3-3,0.000180,0.000000,0.000000,0.002205
Q_ind_104_anc_3-3,0.000108,0.000000,0.000000,0.001219
Q_ind_105_anc_3-3,0.000052,0.000000,0.000000,0.000557
Q_ind_106_anc_3-3,0.000921,0.000000,0.000000,0.011179
Q_ind_107_anc_3-3,0.000174,0.000000,0.000000,0.001460
Q_ind_108_anc_3-3,0.000428,0.000000,0.000000,0.004756
Q_ind_109_anc_3-3,0.000310,0.000000,0.000000,0.002914
Q_ind_110_anc_3-3,0.000565,0.000000,0.000000,0.007489
Q_ind_111_anc_3-3,0.000634,0.000000,0.000000,0.008179
Q_ind_112_anc_3-3,0.000104,0.000000,0.000000,0.001253
Q_ind_113_anc_3-3,0.000276,0.000000,0.000000,0.003278
Q_ind_114_anc_3-3,0.000888,0.000000,0.000000,0.010355
Q_ind_115_anc_3-3,0.007792,0.000081,0.000000,0.035169
Q_ind_116_anc_3-3,0.000131,0.000000,0.000000,0.001424
Q_ind_117_anc_3-3,0.000199,0.000000,0.000000,0.002277
Q_ind_118_anc_3-3,0.000101,0.000000,0.000000,0.001114
Q_ind_119_anc_3-3,0.000884,0.000000,0.000000,0.011383
Q_ind_120_anc_3-3,0.000104,0.000000,0.000000,0.001137
Q_ind_121_anc_3-3,0.001055,0.000000,0.000000,0.013094
Q_ind_122_anc_3-3,0.000156,0.000000,0.000000,0.001965
Q_ind_123_anc_3-3,0.000503,0.000000,0.000000,0.006330
Q_ind_124_anc_3-3,0.000135,0.000000,0.000000,0.001553
Q_ind_125_anc_3-3,0.000254,0.000000,0.000000,0.002981
Q_ind_126_anc_3-3,0.003808,0.000000,0.000000,0.045590
Q_ind_127_anc_3-3,0.001156,0.000000,0.000000,0.016167
Q_ind_128_anc_3-3,0.000662,0.000000,0.000000,0.007938
Q_ind_129_anc_3-3,0.009235,0.000000,0.000000,0.051876
Q_ind_130_anc_3-3,0.002717,0.000000,0.000000,0.032156
Q_ind_131_anc_3-3,0.000074,0.000000,0.000000,0.000789
Q_ind_132_anc_3-3,0.000041,0.000000,0.000000,0.000404
Q_ind_133_anc_3-3,0.000092,0.000000,0.000000,0.001040
Q_ind_134_anc_3-3,0.000086,0.000000,0.000000,0.000943
Q_ind_135_anc_3-3,0.000101,0.000000,0.000000,0.001079
Q_ind_136_anc_3-3,0.000107,0.000000,0.000000,0.000982
Q_ind_137_anc_3-3,0.000152,0.000000,0.000000,0.001904
Q_ind_138_anc_3-3,0.000045,0.000000,0.000000,0.000499
Q_ind_139_anc_3-3,0.000065,0.000000,0.000000,0.000787
Q_ind_140_anc_3-3,0.000278,0.000000,0.000000,0.003457
Q_ind_141_anc_3-3,0.000092,0.000000,0.000000,0.001072
Q_ind_142_anc_3-3,0.000036,0.000000,0.000000,0.000424
Q_ind_143_anc_3-3,0.000123,0.000000,0.000000,0.001179
Q_ind_144_anc_3-3,0.000108,0.000000,0.000000,0.001154
Q_ind_145_anc_3-3,0.990276,0.992058,0.971153,0.999957
Q_ind_146_anc_3-3,0.950494,0.952055,0.914794,0.979043
Q_ind_147_anc_3-3,0.984102,0.984957,0.963501,0.999530
Q_ind_148_anc_3-3,0.949760,0.950859,0.919994,0.975080
Q_ind_149_anc_3-3,0.695781,0.696363,0.634308,0.753074
Q_ind_150_anc_3-3,0.987605,0.989187,0.966391,0.999841
Q_ind_151_anc_3-3,0.975863,0.976458,0.951727,0.998534
Q_ind_152_anc_3-3,0.991424,0.993036,0.973273,0.999955
Q_ind_153_anc_3-3,0.993062,0.995206,0.974267,0.999977
Q_ind_154_anc_3-3,0.974230,0.974653,0.949860,0.995829
Q_ind_155_anc_3-3,0.000125,0.000000,0.000000,0.001297
Q_ind_156_anc_3-3,0.001312,0.000000,0.000000,0.017896
Q_ind_157_anc_3-3,0.003027,0.000000,0.000000,0.034095
Q_ind_158_anc_3-3,0.000302,0.000000,0.000000,0.003427
Q_ind_159_anc_3-3,0.001297,0.000000,0.000000,0.018717
Q_ind_160_anc_3-3,0.001613,0.000000,0.000000,0.021295
Q_ind_161_anc_3-3,0.000171,0.000000,0.000000,0.001817
Q_ind_162_anc_3-3,0.001270,0.000000,0.000000,0.014870
Q_ind_163_anc_3-3,0.000630,0.000000,0.000000,0.008683
Q_ind_164_anc_3-3,0.000852,0.000000,0.000000,0.012764
Q_ind_165_anc_3-3,0.002781,0.000000,0.000000,0.024823
Q_ind_166_anc_3-3,0.000454,0.000000,0.000000,0.005861
Q_ind_167_anc_3-3,0.000396,0.000000,0.000000,0.004971
Q_ind_168_anc_3-3,0.000102,0.000000,0.000000,0.000976
Q_ind_169_anc_3-3,0.000052,0.000000,0.000000,0.000551
Q_ind_170_anc_3-3,0.000185,0.000000,0.000000,0.002201
Q_ind_171_anc_3-3,0.001673,0.000000,0.000000,0.019794
Q_ind_172_anc_3-3,0.000123,0.000000,0.000000,0.001360
Q_ind_173_anc_3-3,0.000074,0.000000,0.000000,0.000773
Q_ind_174_anc_3-3,0.000117,0.000000,0.000000,0.001299
Q_ind_175_anc_3-3,0.000077,0.000000,0.000000,0.000858
Q_ind_176_anc_3-3,0.000124,0.000000,0.000000,0.001284
Q_ind_177_anc_3-3,0.000904,0.000000,0.000000,0.011651
Q_ind_178_anc_3-3,0.025688,0.002422,0.000000,0.094622
Q_ind_179_anc_3-3,0.000537,0.000000,0.000000,0.006473
Q_ind_180_anc_3-3,0.194566,0.195791,0.126445,0.258793
Q_ind_181_anc_3-3,0.001134,0.000000,0.000000,0.016160
Q_ind_182_anc_3-3,0.000693,0.000000,0.000000,0.008999
Q_ind_183_anc_3-3,0.080227,0.080667,0.000000,0.154656
Q_ind_184_anc_3-3,0.000376,0.000000,0.000000,0.004666
Q_ind_185_anc_3-3,0.000191,0.000000,0.000000,0.002171
Q_ind_186_anc_3-3,0.000156,0.000000,0.000000,0.001935
Q_ind_187_anc_3-3,0.000085,0.000000,0.000000,0.000820
Q_ind_188_anc_3-3,0.000078,0.000000,0.000000,0.000873
Q_ind_189_anc_3-3,0.000142,0.000000,0.000000,0.001746
Q_ind_190_anc_3-3,0.000327,0.000000,0.000000,0.004073
Q_ind_191_anc_3-3,0.000131,0.000000,0.000000,0.001435
Q_ind_192_anc_3-3,0.000060,0.000000,0.000000,0.000639
Q_ind_193_anc_3-3,0.000221,0.000000,0.000000,0.002453
Q_ind_194_anc_3-3,0.000048,0.000000,0.000000,0.000493
Q_ind_195_anc_3-3,0.000177,0.000000,0.000000,0.001751
Q_ind_196_anc_3-3,0.000062,0.000000,0.000000,0.000706
Q_ind_197_anc_3-3,0.000049,0.000000,0.000000,0.000580
Q_ind_198_anc_3-3,0.000041,0.000000,0.000000,0.000411
Q_ind_199_anc_3-3,0.000098,0.000000,0.000000,0.001187
Q_ind_200_anc_3-3,0.000100,0.000000,0.000000,0.001086
Q_ind_201_anc_3-3,0.000072,0.000000,0.000000,0.000925
Q_ind_202_anc_3-3,0.000186,0.000000,0.000000,0.001964
Q_ind_203_anc_3-3,0.000570,0.000000,0.000000,0.006892
Q_ind_204_anc_3-3,0.000217,0.000000,0.000000,0.002486
Q_ind_205_anc_3-3,0.000360,0.000000,0.000000,0.004697
Q_ind_206_anc_3-3,0.003552,0.000000,0.000000,0.027163
Q_ind_207_anc_3-3,0.000341,0.000000,0.000000,0.003141
Q_ind_208_anc_3-3,0.000056,0.000000,0.000000,0.000639
Q_ind_209_anc_3-3,0.001725,0.000000,0.000000,0.016620
Q_ind_210_anc_3-3,0.000600,0.000000,0.000000,0.008106
Q_ind_211_anc_3-3,0.000433,0.000000,0.000000,0.004624
Q_ind_212_anc_3-3,0.000061,0.000000,0.000000,0.000703
Q_ind_213_anc_3-3,0.000105,0.000000,0.000000,0.001141
Q_ind_214_anc_3-3,0.000147,0.000000,0.000000,0.001621
Q_ind_215_anc_3-3,0.000097,0.000000,0.000000,0.001141
Q_ind_216_anc_3-3,0.002652,0.000000,0.000000,0.022671
Q_ind_217_anc_3-3,0.000055,0.000000,0.000000,0.000601
Q_ind_218_anc_3-3,0.000058,0.000000,0.000000,0.000616
Q_ind_219_anc_3-3,0.000169,0.000000,0.000000,0.001936
Q_ind_220_anc_3-3,0.000122,0.000000,0.000000,0.001209
Q_ind_221_anc_3-3,0.000109,0.000000,0.000000,0.001290
Q_ind_222_anc_3-3,0.000434,0.000000,0.000000,0.005705
Q_ind_223_anc_3-3,0.000059,0.000000,0.000000,0.000673
Q_ind_224_anc_3-3,0.000071,0.000000,0.000000,0.000791
Q_ind_225_anc_3-3,0.000413,0.000000,0.000000,0.004118
Q_ind_226_anc_3-3,0.000131,0.000000,0.000000,0.001669
Q_ind_227_anc_3-3,0.019666,0.007031,0.000000,0.070324
Q_ind_228_anc_3-3,0.002576,0.000000,0.000000,0.027929
Q_ind_229_anc_3-3,0.001037,0.000000,0.000000,0.012182
Q_ind_230_anc_3-3,0.004269,0.000000,0.000000,0.041915
Q_ind_231_anc_3-3,0.000103,0.000000,0.000000,0.001193
Q_ind_232_anc_3-3,0.000255,0.000000,0.000000,0.003290
Q_ind_233_anc_3-3,0.001107,0.000000,0.000000,0.015543
Q_ind_234_anc_3-3,0.000718,0.000000,0.000000,0.009285
Q_ind_235_anc_3-3,0.000102,0.000000,0.000000,0.001072
Q_ind_236_anc_3-3,0.000078,0.000000,0.000000,0.000977
Q_ind_237_anc_3-3,0.000120,0.000000,0.000000,0.001346
Q_ind_238_anc_3-3,0.000079,0.000000,0.000000,0.000888
Q_ind_239_anc_3-3,0.000104,0.000000,0.000000,0.001239
Q_ind_240_anc_3-3,0.000082,0.000000,0.000000,0.000911
Q_ind_241_anc_3-3,0.000108,0.000000,0.000000,0.000999
Q_ind_242_anc_3-3,0.000231,0.000000,0.000000,0.002931
Q_ind_243_anc_3-3,0.000056,0.000000,0.000000,0.000657
Q_ind_244_anc_3-3,0.000648,0.000000,0.000000,0.008481
Q_ind_245_anc_3-3,0.000064,0.000000,0.000000,0.000770
Q_ind_1_anc_4-1,0.001382,0.000000,0.000000,0.018450
Q_ind_2_anc_4-1,0.000427,0.000000,0.000000,0.005412
Q_ind_3_anc_4-1,0.000514,0.000000,0.000000,0.006548
Q_ind_4_anc_4-1,0.000522,0.000000,0.000000,0.006234
Q_ind_5_anc_4-1,0.000500,0.000000,0.000000,0.006165
Q_ind_6_anc_4-1,0.000303,0.000000,0.000000,0.003480
Q_ind_7_anc_4-1,0.000468,0.000000,0.000000,0.005658
Q_ind_8_anc_4-1,0.000475,0.000000,0.000000,0.005370
Q_ind_9_anc_4-1,0.000205,0.000000,0.000000,0.001938
Q_ind_10_anc_4-1,0.000185,0.000000,0.000000,0.002034
Q_ind_11_anc_4-1,0.000506,0.000000,0.000000,0.005539
Q_ind_12_anc_4-1,0.000238,0.000000,0.000000,0.002826
Q_ind_13_anc_4-1,0.048577,0.030842,0.000000,0.149965
Q_ind_14_anc_4-1,0.001346,0.000000,0.000000,0.015504
Q_ind_15_anc_4-1,0.017449,0.000000,0.000000,0.116550
Q_ind_16_anc_4-1,0.004206,0.000000,0.000000,0.057085
Q_ind_17_anc_4-1,0.037834,0.000036,0.000000,0.150926
Q_ind_18_anc_4-1,0.023453,0.000000,0.000000,0.145650
Q_ind_19_anc_4-1,0.002890,0.000000,0.000000,0.041586
Q_ind_20_anc_4-1,0.024457,0.000000,0.000000,0.140241
Q_ind_21_anc_4-1,0.000893,0.000000,0.000000,0.011232
Q_ind_22_anc_4-1,0.000816,0.000000,0.000000,0.012102
Q_ind_23_anc_4-1,0.000544,0.000000,0.000000,0.006289
Q_ind_24_anc_4-1,0.002833,0.000000,0.000000,0.031870
Q_ind_25_anc_4-1,0.003326,0.000000,0.000000,0.043247
Q_ind_26_anc_4-1,0.000191,0.000000,0.000000,0.002328
Q_ind_27_anc_4-1,0.001390,0.000000,0.000000,0.019672
Q_ind_28_anc_4-1,0.000265,0.000000,0.000000,0.003787
Q_ind_29_anc_4-1,0.001398,0.000000,0.000000,0.019944
Q_ind_30_anc_4-1,0.000845,0.000000,0.000000,0.011091
Q_ind_31_anc_4-1,0.002911,0.000000,0.000000,0.042385
Q_ind_32_anc_4-1,0.001482,0.000000,0.000000,0.019415
Q_ind_33_anc_4-1,0.012022,0.000000,0.000000,0.116645
Q_ind_34_anc_4-1,0.003475,0.000000,0.000000,0.039622
Q_ind_35_anc_4-1,0.006581,0.000000,0.000000,0.075014
Q_ind_36_anc_4-1,0.021490,0.000000,0.000000,0.127078
Q_ind_37_anc_4-1,0.047680,0.019514,0.000000,0.171087
Q_ind_38_anc_4-1,0.037591,0.014563,0.000000,0.144676
Q_ind_39_anc_4-1,0.230402,0.235412,0.092118,0.343727
Q_ind_40_anc_4-1,0.180421,0.195743,0.000000,0.322377
Q_ind_41_anc_4-1,0.008655,0.000000,0.000000,0.096912
Q_ind_42_anc_4-1,0.000260,0.000000,0.000000,0.002442
Q_ind_43_anc_4-1,0.000554,0.000000,0.000000,0.005128
Q_ind_44_anc_4-1,0.000289,0.000000,0.000000,0.003321
Q_ind_45_anc_4-1,0.000255,0.000000,0.000000,0.002574
Q_ind_46_anc_4-1,0.000392,0.000000,0.000000,0.005125
Q_ind_47_anc_4-1,0.000336,0.000000,0.000000,0.003895
Q_ind_48_anc_4-1,0.000437,0.000000,0.000000,0.005642
Q_ind_49_anc_4-1,0.000382,0.000000,0.000000,0.004782
Q_ind_50_anc_4-1,0.000213,0.000000,0.000000,0.002240
Q_ind_51_anc_4-1,0.003806,0.000000,0.000000,0.043866
Q_ind_52_anc_4-1,0.000522,0.000000,0.000000,0.006311
Q_ind_53_anc_4-1,0.000243,0.000000,0.000000,0.002510
Q_ind_54_anc_4-1,0.000553,0.000000,0.000000,0.007487
Q_ind_55_anc_4-1,0.000323,0.000000,0.000000,0.004128
Q_ind_56_anc_4-1,0.000770,0.000000,0.000000,0.010948
Q_ind_57_anc_4-1,0.107784,0.143744,0.000000,0.236154
Q_ind_58_anc_4-1,0.000835,0.000000,0.000000,0.010945
Q_ind_59_anc_4-1,0.000516,0.000000,0.000000,0.006501
Q_ind_60_anc_4-1,0.000504,0.000000,0.000000,0.006091
Q_ind_61_anc_4-1,0.003238,0.000000,0.000000,0.041575
Q_ind_62_anc_4-1,0.003052,0.000000,0.000000,0.041456
Q_ind_63_anc_4-1,0.000125,0.000000,0.000000,0.001357
Q_ind_64_anc_4-1,0.000092,0.000000,0.000000,0.000929
Q_ind_65_anc_4-1,0.000194,0.000000,0.000000,0.001900
Q_ind_66_anc_4-1,0.000164,0.000000,0.000000,0.002102
Q_ind_67_anc_4-1,0.000252,0.000000,0.000000,0.002826
Q_ind_68_anc_4-1,0.000973,0.000000,0.000000,0.012614
Q_ind_69_anc_4-1,0.048670,0.000061,0.000000,0.209751
Q_ind_70_anc_4-1,0.145658,0.150704,0.000000,0.264095
Q_ind_71_anc_4-1,0.000811,0.000000,0.000000,0.010994
Q_ind_72_anc_4-1,0.005234,0.000000,0.000000,0.058706
Q_ind_73_anc_4-1,0.001280,0.000000,0.000000,0.014541
Q_ind_74_anc_4-1,0.086406,0.096105,0.000000,0.216281
Q_ind_75_anc_4-1,0.178610,0.180001,0.062854,0.288223
Q_ind_76_anc_4-1,0.001545,0.000000,0.000000,0.018661
Q_ind_77_anc_4-1,0.000519,0.000000,0.000000,0.007164
Q_ind_78_anc_4-1,0.000351,0.000000,0.000000,0.004559
Q_ind_79_anc_4-1,0.000578,0.000000,0.000000,0.006188
Q_ind_80_anc_4-1,0.000629,0.000000,0.000000,0.008002
Q_ind_81_anc_4-1,0.003304,0.000000,0.000000,0.045889
Q_ind_82_anc_4-1,0.000521,0.000000,0.000000,0.006794
Q_ind_83_anc_4-1,0.001517,0.000000,0.000000,0.021841
Q_ind_84_anc_4-1,0.000504,0.000000,0.000000,0.005819
Q_ind_85_anc_4-1,0.000496,0.000000,0.000000,0.004902
Q_ind_86_anc_4-1,0.001041,0.000000,0.000000,0.013643
Q_ind_87_anc_4-1,0.000388,0.000000,0.000000,0.005192
Q_ind_88_anc_4-1,0.001551,0.000000,0.000000,0.022376
Q_ind_89_anc_4-1,0.003274,0.000000,0.000000,0.041211
Q_ind_90_anc_4-1,0.007653,0.000000,0.000000,0.085482
Q_ind_91_anc_4-1,0.009467,0.000000,0.000000,0.110435
Q_ind_92_anc_4-1,0.019916,0.000000,0.000000,0.137348
Q_ind_93_anc_4-1,0.003592,0.000000,0.000000,0.047172
Q_ind_94_anc_4-1,0.069760,0.000000,0.000000,0.327491
Q_ind_95_anc_4-1,0.006071,0.000000,0.000000,0.082817
Q_ind_96_anc_4-1,0.000622,0.000000,0.000000,0.007963
Q_ind_97_anc_4-1,0.000839,0.000000,0.000000,0.011305
Q_ind_98_anc_4-1,0.005235,0.000000,0.000000,0.048242
Q_ind_99_anc_4-1,0.000533,0.000000,0.000000,0.006497
Q_ind_100_anc_4-1,0.000182,0.000000,0.000000,0.001962
Q_ind_101_anc_4-1,0.000094,0.000000,0.000000,0.001076
Q_ind_102_anc_4-1,0.000094,0.000000,0.000000,0.000983
Q_ind_103_anc_4-1,0.000408,0.000000,0.000000,0.005223
Q_ind_104_anc_4-1,0.000107,0.000000,0.000000,0.001323
Q_ind_105_anc_4-1,0.000520,0.000000,0.000000,0.006695
Q_ind_106_anc_4-1,0.001621,0.000000,0.000000,0.022612
Q_ind_107_anc_4-1,0.587190,0.596874,0.397249,0.712215
Q_ind_108_anc_4-1,0.127088,0.038117,0.000000,0.462312
Q_ind_109_anc_4-1,0.017988,0.000000,0.000000,0.244891
Q_ind_110_anc_4-1,0.047349,0.000000,0.000000,0.267097
Q_ind_111_anc_4-1,0.045434,0.000000,0.000000,0.308700
Q_ind_112_anc_4-1,0.428418,0.431988,0.277721,0.570996
Q_ind_113_anc_4-1,0.141797,0.000250,0.000000,0.609935
Q_ind_114_anc_4-1,0.015525,0.000000,0.000000,0.322741
Q_ind_115_anc_4-1,0.001358,0.000000,0.000000,0.019404
Q_ind_116_anc_4-1,0.001032,0.000000,0.000000,0.014363
Q_ind_117_anc_4-1,0.002089,0.000000,0.000000,0.024807
Q_ind_118_anc_4-1,0.000299,0.000000,0.000000,0.003647
Q_ind_119_anc_4-1,0.000858,0.000000,0.000000,0.012442
Q_ind_120_anc_4-1,0.000325,0.000000,0.000000,0.003848
Q_ind_121_anc_4-1,0.001664,0.000000,0.000000,0.023962
Q_ind_122_anc_4-1,0.000211,0.000000,0.000000,0.002693
Q_ind_123_anc_4-1,0.000506,0.000000,0.000000,0.006212
Q_ind_124_anc_4-1,0.000278,0.000000,0.000000,0.003549
Q_ind_125_anc_4-1,0.000697,0.000000,0.000000,0.009023
Q_ind_126_anc_4-1,0.001680,0.000000,0.000000,0.023708
Q_ind_127_anc_4-1,0.000494,0.000000,0.000000,0.004642
Q_ind_128_anc_4-1,0.000960,0.000000,0.000000,0.012043
Q_ind_129_anc_4-1,0.000395,0.000000,0.000000,0.004704
Q_ind_130_anc_4-1,0.000432,0.000000,0.000000,0.005985
Q_ind_131_anc_4-1,0.000599,0.000000,0.000000,0.007204
Q_ind_132_anc_4-1,0.003934,0.000000,0.000000,0.047929
Q_ind_133_anc_4-1,0.002680,0.000000,0.000000,0.034680
Q_ind_134_anc_4-1,0.009956,0.000000,0.000000,0.081067
Q_ind_135_anc_4-1,0.012472,0.000000,0.000000,0.090169
Q_ind_136_anc_4-1,0.003424,0.000000,0.000000,0.041326
Q_ind_137_anc_4-1,0.011785,0.000000,0.000000,0.108202
Q_ind_138_anc_4-1,0.000463,0.000000,0.000000,0.004702
Q_ind_139_anc_4-1,0.007812,0.000000,0.000000,0.108606
Q_ind_140_anc_4-1,0.003593,0.000000,0.000000,0.046162
Q_ind_141_anc_4-1,0.000776,0.000000,0.000000,0.008669
Q_ind_142_anc_4-1,0.007554,0.000000,0.000000,0.085635
Q_ind_143_anc_4-1,0.074336,0.089455,0.000000,0.170238
Q_ind_144_anc_4-1,0.002826,0.000000,0.000000,0.041956
Q_ind_145_anc_4-1,0.000140,0.000000,0.000000,0.001735
Q_ind_146_anc_4-1,0.000228,0.000000,0.000000,0.002610
Q_ind_147_anc_4-1,0.000277,0.000000,0.000000,0.002688
Q_ind_148_anc_4-1,0.000805,0.000000,0.000000,0.012856
Q_ind_149_anc_4-1,0.000381,0.000000,0.000000,0.004308
Q_ind_150_anc_4-1,0.000438,0.000000,0.000000,0.006021
Q_ind_151_anc_4-1,0.003166,0.000000,0.000000,0.029882
Q_ind_152_anc_4-1,0.000326,0.000000,0.000000,0.004371
Q_ind_153_anc_4-1,0.000303,0.000000,0.000000,0.003613
Q_ind_154_anc_4-1,0.000353,0.000000,0.000000,0.004911
Q_ind_155_anc_4-1,0.001793,0.000000,0.000000,0.021999
Q_ind_156_anc_4-1,0.000200,0.000000,0.000000,0.002648
Q_ind_157_anc_4-1,0.000292,0.000000,0.000000,0.003465
Q_ind_158_anc_4-1,0.000368,0.000000,0.000000,0.003799
Q_ind_159_anc_4-1,0.000172,0.000000,0.000000,0.002249
Q_ind_160_anc_4-1,0.000354,0.000000,0.000000,0.003896
Q_ind_161_anc_4-1,0.000240,0.000000,0.000000,0.003253
Q_ind_162_anc_4-1,0.000213,0.000000,0.000000,0.002414
Q_ind_163_anc_4-1,0.000248,0.000000,0.000000,0.002646
Q_ind_164_anc_4-1,0.000195,0.000000,0.000000,0.002309
Q_ind_165_anc_4-1,0.083586,0.073269,0.000000,0.240810
Q_ind_166_anc_4-1,0.001602,0.000000,0.000000,0.024655
Q_ind_167_anc_4-1,0.001279,0.000000,0.000000,0.017962
Q_ind_168_anc_4-1,0.000830,0.000000,0.000000,0.011495
Q_ind_169_anc_4-1,0.001021,0.000000,0.000000,0.013763
Q_ind_170_anc_4-1,0.000487,0.000000,0.000000,0.005193
Q_ind_171_anc_4-1,0.000635,0.000000,0.000000,0.009117
Q_ind_172_anc_4-1,0.000998,0.000000,0.000000,0.013911
Q_ind_173_anc_4-1,0.000356,0.000000,0.000000,0.004039
Q_ind_174_anc_4-1,0.000460,0.000000,0.000000,0.004799
Q_ind_175_anc_4-1,0.001527,0.000000,0.000000,0.023370
Q_ind_176_anc_4-1,0.016571,0.000000,0.000000,0.107549
Q_ind_177_anc_4-1,0.000235,0.000000,0.000000,0.002736
Q_ind_178_anc_4-1,0.000172,0.000000,0.000000,0.001763
Q_ind_179_anc_4-1,0.000195,0.000000,0.000000,0.002175
Q_ind_180_anc_4-1,0.000182,0.000000,0.000000,0.001981
Q_ind_181_anc_4-1,0.005549,0.000000,0.000000,0.063432
Q_ind_182_anc_4-1,0.000252,0.000000,0.000000,0.003056
Q_ind_183_anc_4-1,0.000193,0.000000,0.000000,0.002213
Q_ind_184_anc_4-1,0.001772,0.000000,0.000000,0.018852
Q_ind_185_anc_4-1,0.001628,0.000000,0.000000,0.018149
Q_ind_186_anc_4-1,0.000838,0.000000,0.000000,0.012040
Q_ind_187_anc_4-1,0.000881,0.000000,0.000000,0.009722
Q_ind_188_anc_4-1,0.000853,0.000000,0.000000,0.007283
Q_ind_189_anc_4-1,0.001689,0.000000,0.000000,0.022567
Q_ind_190_anc_4-1,0.097083,0.105914,0.000000,0.249163
Q_ind_191_anc_4-1,0.004136,0.000000,0.000000,0.070133
Q_ind_192_anc_4-1,0.000295,0.000000,0.000000,0.003428
Q_ind_193_anc_4-1,0.000669,0.000000,0.000000,0.008171
Q_ind_194_anc_4-1,0.000053,0.000000,0.000000,0.000616
Q_ind_195_anc_4-1,0.000191,0.000000,0.000000,0.002357
Q_ind_196_anc_4-1,0.000065,0.000000,0.000000,0.000759
Q_ind_197_anc_4-1,0.000082,0.000000,0.000000,0.001105
Q_ind_198_anc_4-1,0.000057,0.000000,0.000000,0.000700
Q_ind_199_anc_4-1,0.000181,0.000000,0.000000,0.002081
Q_ind_200_anc_4-1,0.000108,0.000000,0.000000,0.001161
Q_ind_201_anc_4-1,0.231742,0.231783,0.116129,0.340887
Q_ind_202_anc_4-1,0.000208,0.000000,0.000000,0.002397
Q_ind_203_anc_4-1,0.000465,0.000000,0.000000,0.003969
Q_ind_204_anc_4-1,0.000669,0.000000,0.000000,0.008419
Q_ind_205_anc_4-1,0.001291,0.000000,0.000000,0.016704
Q_ind_206_anc_4-1,0.000742,0.000000,0.000000,0.010329
Q_ind_207_anc_4-1,0.001078,0.000000,0.000000,0.012015
Q_ind_208_anc_4-1,0.321028,0.321270,0.236018,0.409642
Q_ind_209_anc_4-1,0.002084,0.000000,0.000000,0.032640
Q_ind_210_anc_4-1,0.305013,0.309453,0.171074,0.411494
Q_ind_211_anc_4-1,0.001023,0.000000,0.000000,0.014283
Q_ind_212_anc_4-1,0.249742,0.255680,0.033258,0.373747
Q_ind_213_anc_4-1,0.004096,0.000000,0.000000,0.055975
Q_ind_214_anc_4-1,0.001508,0.000000,0.000000,0.020564
Q_ind_215_anc_4-1,0.002396,0.000000,0.000000,0.034803
Q_ind_216_anc_4-1,0.164777,0.167997,0.060496,0.245313
Q_ind_217_anc_4-1,0.005432,0.000000,0.000000,0.122692
Q_ind_218_anc_4-1,0.000261,0.000000,0.000000,0.003272
Q_ind_219_anc_4-1,0.058658,0.000004,0.000000,0.223185
Q_ind_220_anc_4-1,0.002265,0.000000,0.000000,0.034481
Q_ind_221_anc_4-1,0.006024,0.000000,0.000000,0.088486
Q_ind_222_anc_4-1,0.086866,0.098655,0.000000,0.216811
Q_ind_223_anc_4-1,0.635161,0.641393,0.472816,0.761567
Q_ind_224_anc_4-1,0.005019,0.000000,0.000000,0.070460
Q_ind_225_anc_4-1,0.003840,0.000000,0.000000,0.048308
Q_ind_226_anc_4-1,0.461299,0.513012,0.111321,0.628152
Q_ind_227_anc_4-1,0.310904,0.332057,0.000000,0.545302
Q_ind_228_anc_4-1,0.185664,0.200921,0.000000,0.409714
Q_ind_229_anc_4-1,0.409711,0.438103,0.000000,0.649544
Q_ind_230_anc_4-1,0.424060,0.446085,0.187961,0.567352
Q_ind_231_anc_4-1,0.555266,0.558096,0.461122,0.638425
Q_ind_232_anc_4-1,0.534141,0.539374,0.394189,0.648043
Q_ind_233_anc_4-1,0.244826,0.250779,0.000000,0.503140
Q_ind_234_anc_4-1,0.000258,0.000000,0.000000,0.003008
Q_ind_235_anc_4-1,0.023818,0.000019,0.000000,0.112307
Q_ind_236_anc_4-1,0.000421,0.000000,0.000000,0.005779
Q_ind_237_anc_4-1,0.000473,0.000000,0.000000,0.006459
Q_ind_238_anc_4-1,0.020334,0.000000,0.000000,0.118894
Q_ind_239_anc_4-1,0.001965,0.000000,0.000000,0.025907
Q_ind_240_anc_4-1,0.142863,0.139935,0.044516,0.249807
Q_ind_241_anc_4-1,0.000391,0.000000,0.000000,0.004691
Q_ind_242_anc_4-1,0.001902,0.000000,0.000000,0.023695
Q_ind_243_anc_4-1,0.137346,0.134384,0.031561,0.263631
Q_ind_244_anc_4-1,0.000381,0.000000,0.000000,0.004442
Q_ind_245_anc_4-1,0.174389,0.182123,0.000000,0.317524
Q_ind_1_anc_4-2,0.386781,0.387371,0.271853,0.499574
Q_ind_2_anc_4-2,0.270736,0.269355,0.151047,0.394298
Q_ind_3_anc_4-2,0.002929,0.000000,0.000000,0.038506
Q_ind_4_anc_4-2,0.004043,0.000000,0.000000,0.065482
Q_ind_5_anc_4-2,0.687826,0.677493,0.564581,0.845503
Q_ind_6_anc_4-2,0.022908,0.000000,0.000000,0.152521
Q_ind_7_anc_4-2,0.084164,0.078692,0.000000,0.239699
Q_ind_8_anc_4-2,0.004638,0.000000,0.000000,0.064833
Q_ind_9_anc_4-2,0.013184,0.000000,0.000000,0.140979
Q_ind_10_anc_4-2,0.001497,0.000000,0.000000,0.021094
Q_ind_11_anc_4-2,0.010055,0.000000,0.000000,0.117134
Q_ind_12_anc_4-2,0.004143,0.000000,0.000000,0.060688
Q_ind_13_anc_4-2,0.016811,0.000000,0.000000,0.124713
Q_ind_14_anc_4-2,0.001888,0.000000,0.000000,0.026686
Q_ind_15_anc_4-2,0.000593,0.000000,0.000000,0.004998
Q_ind_16_anc_4-2,0.001033,0.000000,0.000000,0.015118
Q_ind_17_anc_4-2,0.004371,0.000000,0.000000,0.056540
Q_ind_18_anc_4-2,0.001072,0.000000,0.000000,0.014666
Q_ind_19_anc_4-2,0.006681,0.000000,0.000000,0.076950
Q_ind_20_anc_4-2,0.000573,0.000000,0.000000,0.006508
Q_ind_21_anc_4-2,0.001292,0.000000,0.000000,0.018589
Q_ind_22_anc_4-2,0.001806,0.000000,0.000000,0.023108
Q_ind_23_anc_4-2,0.001268,0.000000,0.000000,0.017707
Q_ind_24_anc_4-2,0.019608,0.000000,0.000000,0.165608
Q_ind_25_anc_4-2,0.005648,0.000000,0.000000,0.072235
Q_ind_26_anc_4-2,0.000294,0.000000,0.000000,0.003035
Q_ind_27_anc_4-2,0.001905,0.000000,0.000000,0.021887
Q_ind_28_anc_4-2,0.000726,0.000000,0.000000,0.007547
Q_ind_29_anc_4-2,0.002393,0.000000,0.000000,0.033776
Q_ind_30_anc_4-2,0.000934,0.000000,0.000000,0.010752
Q_ind_31_anc_4-2,0.016535,0.000000,0.000000,0.130547
Q_ind_32_anc_4-2,0.017579,0.000000,0.000000,0.156797
Q_ind_33_anc_4-2,0.159582,0.167550,0.000000,0.301392
Q_ind_34_anc_4-2,0.002136,0.000000,0.000000,0.027782
Q_ind_35_anc_4-2,0.011420,0.000000,0.000000,0.120971
Q_ind_36_anc_4-2,0.001172,0.000000,0.000000,0.007542
Q_ind_37_anc_4-2,0.010178,0.000000,0.000000,0.113345
Q_ind_38_anc_4-2,0.001131,0.000000,0.000000,0.015660
Q_ind_39_anc_4-2,0.361381,0.364884,0.213161,0.498833
Q_ind_40_anc_4-2,0.007462,0.000000,0.000000,0.110155
Q_ind_41_anc_4-2,0.401337,0.401262,0.256102,0.553836
Q_ind_42_anc_4-2,0.000140,0.000000,0.000000,0.001613
Q_ind_43_anc_4-2,0.000229,0.000000,0.000000,0.002475
Q_ind_44_anc_4-2,0.000388,0.000000,0.000000,0.003801
Q_ind_45_anc_4-2,0.000320,0.000000,0.000000,0.003929
Q_ind_46_anc_4-2,0.000269,0.000000,0.000000,0.003285
Q_ind_47_anc_4-2,0.000370,0.000000,0.000000,0.004659
Q_ind_48_anc_4-2,0.000372,0.000000,0.000000,0.004017
Q_ind_49_anc_4-2,0.000264,0.000000,0.000000,0.003303
Q_ind_50_anc_4-2,0.000161,0.000000,0.000000,0.001735
Q_ind_51_anc_4-2,0.000682,0.000000,0.000000,0.008014
Q_ind_52_anc_4-2,0.000155,0.000000,0.000000,0.002016
Q_ind_53_anc_4-2,0.000163,0.000000,0.000000,0.001666
Q_ind_54_anc_4-2,0.000318,0.000000,0.000000,0.003240
Q_ind_55_anc_4-2,0.000208,0.000000,0.000000,0.002558
Q_ind_56_anc_4-2,0.000432,0.000000,0.000000,0.005928
Q_ind_57_anc_4-2,0.036712,0.000000,0.000000,0.165800
Q_ind_58_anc_4-2,0.000463,0.000000,0.000000,0.006448
Q_ind_59_anc_4-2,0.000586,0.000000,0.000000,0.006941
Q_ind_60_anc_4-2,0.000276,0.000000,0.000000,0.003387
Q_ind_61_anc_4-2,0.002076,0.000000,0.000000,0.029538
Q_ind_62_anc_4-2,0.000851,0.000000,0.000000,0.011139
Q_ind_63_anc_4-2,0.000423,0.000000,0.000000,0.006181
Q_ind_64_anc_4-2,0.000184,0.000000,0.000000,0.002131
Q_ind_65_anc_4-2,0.000167,0.000000,0.000000,0.001773
Q_ind_66_anc_4-2,0.000380,0.000000,0.000000,0.004805
Q_ind_67_anc_4-2,0.000678,0.000000,0.000000,0.008630
Q_ind_68_anc_4-2,0.000321,0.000000,0.000000,0.002749
Q_ind_69_anc_4-2,0.000443,0.000000,0.000000,0.005648
Q_ind_70_anc_4-2,0.000266,0.000000,0.000000,0.003246
Q_ind_71_anc_4-2,0.000750,0.000000,0.000000,0.009270
Q_ind_72_anc_4-2,0.003082,0.000000,0.000000,0.041864
Q_ind_73_anc_4-2,0.000742,0.000000,0.000000,0.007877
Q_ind_74_anc_4-2,0.001112,0.000000,0.000000,0.013212
Q_ind_75_anc_4-2,0.000572,0.000000,0.000000,0.007587
Q_ind_76_anc_4-2,0.000342,0.000000,0.000000,0.003867
Q_ind_77_anc_4-2,0.017800,0.000000,0.000000,0.190468
Q_ind_78_anc_4-2,0.006029,0.000000,0.000000,0.076657
Q_ind_79_anc_4-2,0.094761,0.096239,0.000000,0.259000
Q_ind_80_anc_4-2,0.114712,0.128489,0.000000,0.285377
Q_ind_81_anc_4-2,0.021616,0.000000,0.000000,0.215685
Q_ind_82_anc_4-2,0.066545,0.015783,0.000000,0.244019
Q_ind_83_anc_4-2,0.037453,0.000006,0.000000,0.200662
Q_ind_84_anc_4-2,0.082423,0.000738,0.000000,0.300617
Q_ind_85_anc_4-2,0.000461,0.000000,0.000000,0.006357
Q_ind_86_anc_4-2,0.055105,0.000064,0.000000,0.214605
Q_ind_87_anc_4-2,0.004424,0.000000,0.000000,0.068163
Q_ind_88_anc_4-2,0.000420,0.000000,0.000000,0.003681
Q_ind_89_anc_4-2,0.053380,0.000000,0.000000,0.377326
Q_ind_90_anc_4-2,0.285045,0.361588,0.000000,0.452185
Q_ind_91_anc_4-2,0.001554,0.000000,0.000000,0.023667
Q_ind_92_anc_4-2,0.202713,0.292834,0.000000,0.428944
Q_ind_93_anc_4-2,0.001261,0.000000,0.000000,0.015626
Q_ind_94_anc_4-2,0.133444,0.053675,0.000000,0.431208
Q_ind_95_anc_4-2,0.001662,0.000000,0.000000,0.022682
Q_ind_96_anc_4-2,0.000343,0.000000,0.000000,0.004196
Q_ind_97_anc_4-2,0.000313,0.000000,0.000000,0.003462
Q_ind_98_anc_4-2,0.000325,0.000000,0.000000,0.004610
Q_ind_99_anc_4-2,0.000260,0.000000,0.000000,0.002799
Q_ind_100_anc_4-2,0.000207,0.000000,0.000000,0.002167
Q_ind_101_anc_4-2,0.000086,0.000000,0.000000,0.000953
Q_ind_102_anc_4-2,0.000064,0.000000,0.000000,0.000667
Q_ind_103_anc_4-2,0.000196,0.000000,0.000000,0.002457
Q_ind_104_anc_4-2,0.000100,0.000000,0.000000,0.001078
Q_ind_105_anc_4-2,0.000233,0.000000,0.000000,0.002322
Q_ind_106_anc_4-2,0.001181,0.000000,0.000000,0.015042
Q_ind_107_anc_4-2,0.002718,0.000000,0.000000,0.038779
Q_ind_108_anc_4-2,0.532514,0.567958,0.211420,0.689710
Q_ind_109_anc_4-2,0.001110,0.000000,0.000000,0.013855
Q_ind_110_anc_4-2,0.167892,0.165669,0.000000,0.454342
Q_ind_111_anc_4-2,0.456738,0.497645,0.191975,0.605914
Q_ind_112_anc_4-2,0.229818,0.238979,0.000000,0.370918
Q_ind_113_anc_4-2,0.176824,0.000002,0.000000,0.714670
Q_ind_114_anc_4-2,0.532775,0.568422,0.193841,0.689453
Q_ind_115_anc_4-2,0.000477,0.000000,0.000000,0.004621
Q_ind_116_anc_4-2,0.000511,0.000000,0.000000,0.007054
Q_ind_117_anc_4-2,0.000399,0.000000,0.000000,0.004595
Q_ind_118_anc_4-2,0.000861,0.000000,0.000000,0.011749
Q_ind_119_anc_4-2,0.000520,0.000000,0.000000,0.007218
Q_ind_120_anc_4-2,0.000161,0.000000,0.000000,0.002001
Q_ind_121_anc_4-2,0.000913,0.000000,0.000000,0.011333
Q_ind_122_anc_4-2,0.000201,0.000000,0.000000,0.002408
Q_ind_123_anc_4-2,0.000632,0.000000,0.000000,0.007580
Q_ind_124_anc_4-2,0.000121,0.000000,0.000000,0.001328
Q_ind_125_anc_4-2,0.052886,0.000013,0.000000,0.259495
Q_ind_126_anc_4-2,0.030415,0.000000,0.000000,0.228326
Q_ind_127_anc_4-2,0.191982,0.188601,0.063576,0.321598
Q_ind_128_anc_4-2,0.155892,0.176002,0.000000,0.328264
Q_ind_129_anc_4-2,0.060901,0.005714,0.000000,0.237135
Q_ind_130_anc_4-2,0.095381,0.000171,0.000000,0.349270
Q_ind_131_anc_4-2,0.443441,0.445905,0.308681,0.560879
Q_ind_132_anc_4-2,0.627370,0.628021,0.539420,0.711764
Q_ind_133_anc_4-2,0.000925,0.000000,0.000000,0.012782
Q_ind_134_anc_4-2,0.002168,0.000000,0.000000,0.030833
Q_ind_135_anc_4-2,0.023844,0.000025,0.000000,0.123974
Q_ind_136_anc_4-2,0.001396,0.000000,0.000000,0.017358
Q_ind_137_anc_4-2,0.001840,0.000000,0.000000,0.022770
Q_ind_138_anc_4-2,0.470578,0.469529,0.357877,0.590627
Q_ind_139_anc_4-2,0.039304,0.000039,0.000000,0.175816
Q_ind_140_anc_4-2,0.012393,0.000000,0.000000,0.097816
Q_ind_141_anc_4-2,0.001417,0.000000,0.000000,0.015856
Q_ind_142_anc_4-2,0.100910,0.111083,0.000000,0.209603
Q_ind_143_anc_4-2,0.055348,0.000084,0.000000,0.226840
Q_ind_144_anc_4-2,0.004152,0.000000,0.000000,0.050201
Q_ind_145_anc_4-2,0.000187,0.000000,0.000000,0.002107
Q_ind_146_anc_4-2,0.001462,0.000000,0.000000,0.022008
Q_ind_147_anc_4-2,0.000404,0.000000,0.000000,0.004448
Q_ind_148_anc_4-2,0.010647,0.000000,0.000000,0.057885
Q_ind_149_anc_4-2,0.000194,0.000000,0.000000,0.002156
Q_ind_150_anc_4-2,0.000215,0.000000,0.000000,0.002357
Q_ind_151_anc_4-2,0.000673,0.000000,0.000000,0.009361
Q_ind_152_anc_4-2,0.000427,0.000000,0.000000,0.005627
Q_ind_153_anc_4-2,0.000384,0.000000,0.000000,0.005298
Q_ind_154_anc_4-2,0.000726,0.000000,0.000000,0.010030
Q_ind_155_anc_4-2,0.000635,0.000000,0.000000,0.007613
Q_ind_156_anc_4-2,0.001010,0.000000,0.000000,0.013288
Q_ind_157_anc_4-2,0.000430,0.000000,0.000000,0.005239
Q_ind_158_anc_4-2,0.003961,0.000000,0.000000,0.046550
Q_ind_159_anc_4-2,0.004988,0.000000,0.000000,0.073568
Q_ind_160_anc_4-2,0.000461,0.000000,0.000000,0.005428
Q_ind_161_anc_4-2,0.000810,0.000000,0.000000,0.010363
Q_ind_162_anc_4-2,0.001996,0.000000,0.000000,0.027245
Q_ind_163_anc_4-2,0.000365,0.000000,0.000000,0.003877
Q_ind_164_anc_4-2,0.001087,0.000000,0.000000,0.015014
Q_ind_165_anc_4-2,0.427527,0.435064,0.000000,0.863491
Q_ind_166_anc_4-2,0.026142,0.000000,0.000000,0.327191
Q_ind_167_anc_4-2,0.002609,0.000000,0.000000,0.036726
Q_ind_168_anc_4-2,0.101308,0.103341,0.000000,0.261848
Q_ind_169_anc_4-2,0.528772,0.528545,0.430654,0.623577
Q_ind_170_anc_4-2,0.001056,0.000000,0.000000,0.013230
Q_ind_171_anc_4-2,0.001392,0.000000,0.000000,0.020045
Q_ind_172_anc_4-2,0.001010,0.000000,0.000000,0.012726
Q_ind_173_anc_4-2,0.000346,0.000000,0.000000,0.003683
Q_ind_174_anc_4-2,0.000450,0.000000,0.000000,0.005284
Q_ind_175_anc_4-2,0.243829,0.240461,0.129291,0.369941
Q_ind_176_anc_4-2,0.524886,0.523481,0.418417,0.632376
Q_ind_177_anc_4-2,0.450675,0.507194,0.000000,0.604091
Q_ind_178_anc_4-2,0.014959,0.000000,0.000000,0.278399
Q_ind_179_anc_4-2,0.032394,0.000000,0.000000,0.220629
Q_ind_180_anc_4-2,0.003057,0.000000,0.000000,0.042808
Q_ind_181_anc_4-2,0.247959,0.259918,0.000000,0.627967
Q_ind_182_anc_4-2,0.258618,0.328165,0.000000,0.487636
Q_ind_183_anc_4-2,0.220266,0.295790,0.000000,0.505562
Q_ind_184_anc_4-2,0.423763,0.461036,0.000000,0.570018
Q_ind_185_anc_4-2,0.003090,0.000000,0.000000,0.045922
Q_ind_186_anc_4-2,0.000476,0.000000,0.000000,0.005997
Q_ind_187_anc_4-2,0.004275,0.000000,0.000000,0.051721
Q_ind_188_anc_4-2,0.004711,0.000000,0.000000,0.060380
Q_ind_189_anc_4-2,0.000735,0.000000,0.000000,0.009885
Q_ind_190_anc_4-2,0.007567,0.000000,0.000000,0.088583
Q_ind_191_anc_4-2,0.005036,0.000000,0.000000,0.063376
Q_ind_192_anc_4-2,0.000223,0.000000,0.000000,0.002591
Q_ind_193_anc_4-2,0.001623,0.000000,0.000000,0.023787
Q_ind_194_anc_4-2,0.000070,0.000000,0.000000,0.000768
Q_ind_195_anc_4-2,0.000219,0.000000,0.000000,0.002596
Q_ind_196_anc_4-2,0.000064,0.000000,0.000000,0.000828
Q_ind_197_anc_4-2,0.000084,0.000000,0.000000,0.001083
Q_ind_198_anc_4-2,0.000082,0.000000,0.000000,0.000910
Q_ind_199_anc_4-2,0.000264,0.000000,0.000000,0.002813
Q_ind_200_anc_4-2,0.000140,0.000000,0.000000,0.001310
Q_ind_201_anc_4-2,0.000699,0.000000,0.000000,0.007146
Q_ind_202_anc_4-2,0.000484,0.000000,0.000000,0.006674
Q_ind_203_anc_4-2,0.003844,0.000000,0.000000,0.042175
Q_ind_204_anc_4-2,0.005351,0.000000,0.000000,0.062103
Q_ind_205_anc_4-2,0.000860,0.000000,0.000000,0.010212
Q_ind_206_anc_4-2,0.000548,0.000000,0.000000,0.006077
Q_ind_207_anc_4-2,0.005405,0.000000,0.000000,0.076513
Q_ind_208_anc_4-2,0.239585,0.237252,0.105501,0.377734
Q_ind_209_anc_4-2,0.001282,0.000000,0.000000,0.010779
Q_ind_210_anc_4-2,0.000278,0.000000,0.000000,0.003599
Q_ind_211_anc_4-2,0.005994,0.000000,0.000000,0.078247
Q_ind_212_anc_4-2,0.000599,0.000000,0.000000,0.007538
Q_ind_213_anc_4-2,0.030781,0.000000,0.000000,0.214411
Q_ind_214_anc_4-2,0.249951,0.249059,0.136089,0.365853
Q_ind_215_anc_4-2,0.279770,0.280835,0.160397,0.394841
Q_ind_216_anc_4-2,0.005719,0.000000,0.000000,0.086252
Q_ind_217_anc_4-2,0.192151,0.201491,0.000000,0.315688
Q_ind_218_anc_4-2,0.240841,0.242167,0.101970,0.367646
Q_ind_219_anc_4-2,0.176965,0.218152,0.000000,0.380649
Q_ind_220_anc_4-2,0.003848,0.000000,0.000000,0.052609
Q_ind_221_anc_4-2,0.003432,0.000000,0.000000,0.033950
Q_ind_222_anc_4-2,0.115334,0.011998,0.000000,0.389527
Q_ind_223_anc_4-2,0.107948,0.114840,0.000000,0.285662
Q_ind_224_anc_4-2,0.321784,0.328692,0.193510,0.426842
Q_ind_225_anc_4-2,0.001028,0.000000,0.000000,0.011511
Q_ind_226_anc_4-2,0.080763,0.000002,0.000000,0.389213
Q_ind_227_anc_4-2,0.000878,0.000000,0.000000,0.010375
Q_ind_228_anc_4-2,0.010868,0.000000,0.000000,0.102093
Q_ind_229_anc_4-2,0.000319,0.000000,0.000000,0.003154
Q_ind_230_anc_4-2,0.004026,0.000000,0.000000,0.051051
Q_ind_231_anc_4-2,0.036656,0.001247,0.000000,0.152280
Q_ind_232_anc_4-2,0.078723,0.082601,0.000000,0.210314
Q_ind_233_anc_4-2,0.037249,0.000000,0.000000,0.200616
Q_ind_234_anc_4-2,0.000136,0.000000,0.000000,0.001304
Q_ind_235_anc_4-2,0.000619,0.000000,0.000000,0.008556
Q_ind_236_anc_4-2,0.000354,0.000000,0.000000,0.003075
Q_ind_237_anc_4-2,0.000337,0.000000,0.000000,0.004567
Q_ind_238_anc_4-2,0.000349,0.000000,0.000000,0.004485
Q_ind_239_anc_4-2,0.000585,0.000000,0.000000,0.006253
Q_ind_240_anc_4-2,0.000370,0.000000,0.000000,0.004297
Q_ind_241_anc_4-2,0.000688,0.000000,0.000000,0.008514
Q_ind_242_anc_4-2,0.000322,0.000000,0.000000,0.004167
Q_ind_243_anc_4-2,0.000251,0.000000,0.000000,0.002522
Q_ind_244_anc_4-2,0.000397,0.000000,0.000000,0.004668
Q_ind_245_anc_4-2,0.000134,0.000000,0.000000,0.001492
Q_ind_1_anc_4-3,0.199144,0.199947,0.121422,0.270401
Q_ind_2_anc_4-3,0.038578,0.000000,0.000000,0.222841
Q_ind_3_anc_4-3,0.001775,0.000000,0.000000,0.020534
Q_ind_4_anc_4-3,0.020224,0.000000,0.000000,0.121689
Q_ind_5_anc_4-3,0.150339,0.176248,0.000000,0.250627
Q_ind_6_anc_4-3,0.016153,0.000000,0.000000,0.170794
Q_ind_7_anc_4-3,0.001403,0.000000,0.000000,0.019915
Q_ind_8_anc_4-3,0.174749,0.174161,0.102437,0.246476
Q_ind_9_anc_4-3,0.052859,0.000278,0.000000,0.227275
Q_ind_10_anc_4-3,0.002324,0.000000,0.000000,0.027960
Q_ind_11_anc_4-3,0.049674,0.050553,0.000000,0.138415
Q_ind_12_anc_4-3,0.002866,0.000000,0.000000,0.040998
Q_ind_13_anc_4-3,0.001003,0.000000,0.000000,0.017231
Q_ind_14_anc_4-3,0.003871,0.000000,0.000000,0.060862
Q_ind_15_anc_4-3,0.005776,0.000000,0.000000,0.070932
Q_ind_16_anc_4-3,0.017764,0.000000,0.000000,0.099901
Q_ind_17_anc_4-3,0.001401,0.000000,0.000000,0.020234
Q_ind_18_anc_4-3,0.000338,0.000000,0.000000,0.003760
Q_ind_19_anc_4-3,0.006639,0.000000,0.000000,0.061214
Q_ind_20_anc_4-3,0.000193,0.000000,0.000000,0.002182
Q_ind_21_anc_4-3,0.000777,0.000000,0.000000,0.010667
Q_ind_22_anc_4-3,0.002186,0.000000,0.000000,0.034336
Q_ind_23_anc_4-3,0.003637,0.000000,0.000000,0.038611
Q_ind_24_anc_4-3,0.005123,0.000000,0.000000,0.068716
Q_ind_25_anc_4-3,0.000875,0.000000,0.000000,0.011725
Q_ind_26_anc_4-3,0.000898,0.000000,0.000000,0.012122
Q_ind_27_anc_4-3,0.000706,0.000000,0.000000,0.007693
Q_ind_28_anc_4-3,0.002671,0.000000,0.000000,0.033543
Q_ind_29_anc_4-3,0.002878,0.000000,0.000000,0.040093
Q_ind_30_anc_4-3,0.000746,0.000000,0.000000,0.008364
Q_ind_31_anc_4-3,0.000258,0.000000,0.000000,0.003463
Q_ind_32_anc_4-3,0.000280,0.000000,0.000000,0.002550
Q_ind_33_anc_4-3,0.000358,0.000000,0.000000,0.004158
Q_ind_34_anc_4-3,0.000272,0.000000,0.000000,0.002777
Q_ind_35_anc_4-3,0.000807,0.000000,0.000000,0.011777
Q_ind_36_anc_4-3,0.000437,0.000000,0.000000,0.005164
Q_ind_37_anc_4-3,0.000544,0.000000,0.000000,0.007787
Q_ind_38_anc_4-3,0.000199,0.000000,0.000000,0.002143
Q_ind_39_anc_4-3,0.003349,0.000000,0.000000,0.050308
Q_ind_40_anc_4-3,0.006132,0.000000,0.000000,0.079632
Q_ind_41_anc_4-3,0.076350,0.089313,0.000000,0.179174
Q_ind_42_anc_4-3,0.000294,0.000000,0.000000,0.003855
Q_ind_43_anc_4-3,0.000555,0.000000,0.000000,0.007550
Q_ind_44_anc_4-3,0.000461,0.000000,0.000000,0.006103
Q_ind_45_anc_4-3,0.000515,0.000000,0.000000,0.005928
Q_ind_46_anc_4-3,0.000127,0.000000,0.000000,0.001468
Q_ind_47_anc_4-3,0.000558,0.000000,0.000000,0.007322
Q_ind_48_anc_4-3,0.000262,0.000000,0.000000,0.002907
Q_ind_49_anc_4-3,0.000307,0.000000,0.000000,0.003093
Q_ind_50_anc_4-3,0.000177,0.000000,0.000000,0.002262
Q_ind_51_anc_4-3,0.000446,0.000000,0.000000,0.005634
Q_ind_52_anc_4-3,0.000162,0.000000,0.000000,0.001942
Q_ind_53_anc_4-3,0.000278,0.000000,0.000000,0.003422
Q_ind_54_anc_4-3,0.000242,0.000000,0.000000,0.002914
Q_ind_55_anc_4-3,0.000132,0.000000,0.000000,0.001575
Q_ind_56_anc_4-3,0.000824,0.000000,0.000000,0.011317
Q_ind_57_anc_4-3,0.000836,0.000000,0.000000,0.009710
Q_ind_58_anc_4-3,0.000286,0.000000,0.000000,0.003305
Q_ind_59_anc_4-3,0.000919,0.000000,0.000000,0.012883
Q_ind_60_anc_4-3,0.000293,0.000000,0.000000,0.003087
Q_ind_61_anc_4-3,0.001574,0.000000,0.000000,0.018941
Q_ind_62_anc_4-3,0.002085,0.000000,0.000000,0.023196
Q_ind_63_anc_4-3,0.000306,0.000000,0.000000,0.003068
Q_ind_64_anc_4-3,0.000154,0.000000,0.000000,0.001595
Q_ind_65_anc_4-3,0.000266,0.000000,0.000000,0.003143
Q_ind_66_anc_4-3,0.000272,0.000000,0.000000,0.003643
Q_ind_67_anc_4-3,0.003179,0.000000,0.000000,0.038396
Q_ind_68_anc_4-3,0.000872,0.000000,0.000000,0.012986
Q_ind_69_anc_4-3,0.000129,0.000000,0.000000,0.001605
Q_ind_70_anc_4-3,0.000271,0.000000,0.000000,0.003296
Q_ind_71_anc_4-3,0.000252,0.000000,0.000000,0.003209
Q_ind_72_anc_4-3,0.000763,0.000000,0.000000,0.010333
Q_ind_73_anc_4-3,0.000276,0.000000,0.000000,0.002965
Q_ind_74_anc_4-3,0.000577,0.000000,0.000000,0.005343
Q_ind_75_anc_4-3,0.000207,0.000000,0.000000,0.002180
Q_ind_76_anc_4-3,0.000412,0.000000,0.000000,0.004993
Q_ind_77_anc_4-3,0.000826,0.000000,0.000000,0.010155
Q_ind_78_anc_4-3,0.006371,0.000000,0.000000,0.075352
Q_ind_79_anc_4-3,0.001000,0.000000,0.000000,0.010933
Q_ind_80_anc_4-3,0.028609,0.000000,0.000000,0.166833
Q_ind_81_anc_4-3,0.070905,0.000034,0.000000,0.248440
Q_ind_82_anc_4-3,0.023374,0.000000,0.000000,0.187391
Q_ind_83_anc_4-3,0.009306,0.000000,0.000000,0.091003
Q_ind_84_anc_4-3,0.061549,0.000051,0.000000,0.239052
Q_ind_85_anc_4-3,0.165787,0.174180,0.055833,0.232541
Q_ind_86_anc_4-3,0.004883,0.000000,0.000000,0.065383
Q_ind_87_anc_4-3,0.054225,0.000008,0.000000,0.196508
Q_ind_88_anc_4-3,0.006630,0.000000,0.000000,0.111799
Q_ind_89_anc_4-3,0.125337,0.119581,0.000000,0.331878
Q_ind_90_anc_4-3,0.003007,0.000000,0.000000,0.036067
Q_ind_91_anc_4-3,0.019827,0.000000,0.000000,0.210289
Q_ind_92_anc_4-3,0.004770,0.000000,0.000000,0.059649
Q_ind_93_anc_4-3,0.014382,0.000000,0.000000,0.199719
Q_ind_94_anc_4-3,0.003265,0.000000,0.000000,0.044950
Q_ind_95_anc_4-3,0.118593,0.000033,0.000000,0.492401
Q_ind_96_anc_4-3,0.000267,0.000000,0.000000,0.003259
Q_ind_97_anc_4-3,0.000353,0.000000,0.000000,0.004563
Q_ind_98_anc_4-3,0.000130,0.000000,0.000000,0.001349
Q_ind_99_anc_4-3,0.000427,0.000000,0.000000,0.005203
Q_ind_100_anc_4-3,0.000159,0.000000,0.000000,0.001469
Q_ind_101_anc_4-3,0.000099,0.000000,0.000000,0.001009
Q_ind_102_anc_4-3,0.000098,0.000000,0.000000,0.001226
Q_ind_103_anc_4-3,0.000141,0.000000,0.000000,0.001713
Q_ind_104_anc_4-3,0.000094,0.000000,0.000000,0.001068
Q_ind_105_anc_4-3,0.000120,0.000000,0.000000,0.001239
Q_ind_106_anc_4-3,0.001232,0.000000,0.000000,0.017932
Q_ind_107_anc_4-3,0.000643,0.000000,0.000000,0.008490
Q_ind_108_anc_4-3,0.000267,0.000000,0.000000,0.002894
Q_ind_109_anc_4-3,0.000490,0.000000,0.000000,0.005688
Q_ind_110_anc_4-3,0.000601,0.000000,0.000000,0.006863
Q_ind_111_anc_4-3,0.001212,0.000000,0.000000,0.017441
Q_ind_112_anc_4-3,0.000423,0.000000,0.000000,0.004971
Q_ind_113_anc_4-3,0.000605,0.000000,0.000000,0.006960
Q_ind_114_anc_4-3,0.000512,0.000000,0.000000,0.006932
Q_ind_115_anc_4-3,0.002309,0.000000,0.000000,0.027591
Q_ind_116_anc_4-3,0.000421,0.000000,0.000000,0.005386
Q_ind_117_anc_4-3,0.000301,0.000000,0.000000,0.003830
Q_ind_118_anc_4-3,0.000290,0.000000,0.000000,0.003808
Q_ind_119_anc_4-3,0.000562,0.000000,0.000000,0.007306
Q_ind_120_anc_4-3,0.000180,0.000000,0.000000,0.002181
Q_ind_121_anc_4-3,0.002650,0.000000,0.000000,0.026654
Q_ind_122_anc_4-3,0.000208,0.000000,0.000000,0.002427
Q_ind_123_anc_4-3,0.000221,0.000000,0.000000,0.002210
Q_ind_124_anc_4-3,0.000226,0.000000,0.000000,0.002359
Q_ind_125_anc_4-3,0.116606,0.131709,0.000000,0.196591
Q_ind_126_anc_4-3,0.104452,0.117064,0.000000,0.203874
Q_ind_127_anc_4-3,0.001063,0.000000,0.000000,0.009454
Q_ind_128_anc_4-3,0.029176,0.000000,0.000000,0.187062
Q_ind_129_anc_4-3,0.044196,0.018170,0.000000,0.134438
Q_ind_130_anc_4-3,0.020779,0.000000,0.000000,0.131726
Q_ind_131_anc_4-3,0.000184,0.000000,0.000000,0.001881
Q_ind_132_anc_4-3,0.000285,0.000000,0.000000,0.003435
Q_ind_133_anc_4-3,0.000366,0.000000,0.000000,0.003987
Q_ind_134_anc_4-3,0.000489,0.000000,0.000000,0.006336
Q_ind_135_anc_4-3,0.001113,0.000000,0.000000,0.015596
Q_ind_136_anc_4-3,0.000308,0.000000,0.000000,0.003268
Q_ind_137_anc_4-3,0.000258,0.000000,0.000000,0.003041
Q_ind_138_anc_4-3,0.000319,0.000000,0.000000,0.003879
Q_ind_139_anc_4-3,0.000245,0.000000,0.000000,0.002432
Q_ind_140_anc_4-3,0.000215,0.000000,0.000000,0.002305
Q_ind_141_anc_4-3,0.000190,0.000000,0.000000,0.002224
Q_ind_142_anc_4-3,0.000290,0.000000,0.000000,0.003447
Q_ind_143_anc_4-3,0.000604,0.000000,0.000000,0.008489
Q_ind_144_anc_4-3,0.000196,0.000000,0.000000,0.002137
Q_ind_145_anc_4-3,0.000209,0.000000,0.000000,0.002641
Q_ind_146_anc_4-3,0.000445,0.000000,0.000000,0.005019
Q_ind_147_anc_4-3,0.000463,0.000000,0.000000,0.006377
Q_ind_148_anc_4-3,0.000651,0.000000,0.000000,0.005850
Q_ind_149_anc_4-3,0.047011,0.030617,0.000000,0.153566
Q_ind_150_anc_4-3,0.000479,0.000000,0.000000,0.005960
Q_ind_151_anc_4-3,0.000502,0.000000,0.000000,0.006080
Q_ind_152_anc_4-3,0.000304,0.000000,0.000000,0.003746
Q_ind_153_anc_4-3,0.000421,0.000000,0.000000,0.005056
Q_ind_154_anc_4-3,0.000785,0.000000,0.000000,0.010161
Q_ind_155_anc_4-3,0.257391,0.257007,0.165986,0.352213
Q_ind_156_anc_4-3,0.277359,0.280733,0.156301,0.388579
Q_ind_157_anc_4-3,0.224923,0.227962,0.123489,0.302842
Q_ind_158_anc_4-3,0.185036,0.189394,0.069206,0.280180
Q_ind_159_anc_4-3,0.081436,0.000309,0.000000,0.267057
Q_ind_160_anc_4-3,0.338416,0.346217,0.203306,0.440736
Q_ind_161_anc_4-3,0.293668,0.293549,0.223130,0.365248
Q_ind_162_anc_4-3,0.281731,0.282695,0.201080,0.360136
Q_ind_163_anc_4-3,0.286545,0.288377,0.201026,0.362753
Q_ind_164_anc_4-3,0.239858,0.244126,0.136364,0.320289
Q_ind_165_anc_4-3,0.002738,0.000000,0.000000,0.040839
Q_ind_166_anc_4-3,0.000552,0.000000,0.000000,0.006623
Q_ind_167_anc_4-3,0.001250,0.000000,0.000000,0.016198
Q_ind_168_anc_4-3,0.000387,0.000000,0.000000,0.004820
Q_ind_169_anc_4-3,0.000224,0.000000,0.000000,0.002231
Q_ind_170_anc_4-3,0.000197,0.000000,0.000000,0.002333
Q_ind_171_anc_4-3,0.001896,0.000000,0.000000,0.027683
Q_ind_172_anc_4-3,0.000108,0.000000,0.000000,0.001276
Q_ind_173_anc_4-3,0.000097,0.000000,0.000000,0.001087
Q_ind_174_anc_4-3,0.000243,0.000000,0.000000,0.002869
Q_ind_175_anc_4-3,0.000879,0.000000,0.000000,0.012269
Q_ind_176_anc_4-3,0.000642,0.000000,0.000000,0.006976
Q_ind_177_anc_4-3,0.064408,0.000001,0.000000,0.339355
Q_ind_178_anc_4-3,0.322146,0.347275,0.000001,0.442621
Q_ind_179_anc_4-3,0.417076,0.425374,0.297294,0.494164
Q_ind_180_anc_4-3,0.046290,0.006937,0.000000,0.177854
Q_ind_181_anc_4-3,0.208109,0.250956,0.000000,0.400183
Q_ind_182_anc_4-3,0.013784,0.000000,0.000000,0.154812
Q_ind_183_anc_4-3,0.009646,0.000000,0.000000,0.170676
Q_ind_184_anc_4-3,0.017778,0.000000,0.000000,0.204780
Q_ind_185_anc_4-3,0.000404,0.000000,0.000000,0.004892
Q_ind_186_anc_4-3,0.000215,0.000000,0.000000,0.002516
Q_ind_187_anc_4-3,0.000124,0.000000,0.000000,0.001433
Q_ind_188_anc_4-3,0.000124,0.000000,0.000000,0.001374
Q_ind_189_anc_4-3,0.000230,0.000000,0.000000,0.002763
Q_ind_190_anc_4-3,0.001576,0.000000,0.000000,0.021231
Q_ind_191_anc_4-3,0.000172,0.000000,0.000000,0.001494
Q_ind_192_anc_4-3,0.000165,0.000000,0.000000,0.001632
Q_ind_193_anc_4-3,0.000394,0.000000,0.000000,0.004740
Q_ind_194_anc_4-3,0.000052,0.000000,0.000000,0.000619
Q_ind_195_anc_4-3,0.000648,0.000000,0.000000,0.008519
Q_ind_196_anc_4-3,0.000062,0.000000,0.000000,0.000649
Q_ind_197_anc_4-3,0.000073,0.000000,0.000000,0.000674
Q_ind_198_anc_4-3,0.000095,0.000000,0.000000,0.001037
Q_ind_199_anc_4-3,0.000212,0.000000,0.000000,0.002421
Q_ind_200_anc_4-3,0.000077,0.000000,0.000000,0.000748
Q_ind_201_anc_4-3,0.000253,0.000000,0.000000,0.003159
Q_ind_202_anc_4-3,0.001135,0.000000,0.000000,0.014168
Q_ind_203_anc_4-3,0.006774,0.000000,0.000000,0.063227
Q_ind_204_anc_4-3,0.001249,0.000000,0.000000,0.015780
Q_ind_205_anc_4-3,0.001225,0.000000,0.000000,0.016675
Q_ind_206_anc_4-3,0.001880,0.000000,0.000000,0.028087
Q_ind_207_anc_4-3,0.003201,0.000000,0.000000,0.039741
Q_ind_208_anc_4-3,0.010145,0.000000,0.000000,0.130486
Q_ind_209_anc_4-3,0.001307,0.000000,0.000000,0.017892
Q_ind_210_anc_4-3,0.000889,0.000000,0.000000,0.012276
Q_ind_211_anc_4-3,0.000729,0.000000,0.000000,0.008691
Q_ind_212_anc_4-3,0.000279,0.000000,0.000000,0.003075
Q_ind_213_anc_4-3,0.001009,0.000000,0.000000,0.014282
Q_ind_214_anc_4-3,0.000602,0.000000,0.000000,0.008011
Q_ind_215_anc_4-3,0.000331,0.000000,0.000000,0.004074
Q_ind_216_anc_4-3,0.006569,0.000000,0.000000,0.069522
Q_ind_217_anc_4-3,0.000217,0.000000,0.000000,0.002891
Q_ind_218_anc_4-3,0.000255,0.000000,0.000000,0.002998
Q_ind_219_anc_4-3,0.000705,0.000000,0.000000,0.010255
Q_ind_220_anc_4-3,0.000347,0.000000,0.000000,0.003853
Q_ind_221_anc_4-3,0.000606,0.000000,0.000000,0.006297
Q_ind_222_anc_4-3,0.000612,0.000000,0.000000,0.007217
Q_ind_223_anc_4-3,0.003331,0.000000,0.000000,0.042274
Q_ind_224_anc_4-3,0.000770,0.000000,0.000000,0.007142
Q_ind_225_anc_4-3,0.000867,0.000000,0.000000,0.011838
Q_ind_226_anc_4-3,0.040272,0.000000,0.000000,0.223777
Q_ind_227_anc_4-3,0.002564,0.000000,0.000000,0.043715
Q_ind_228_anc_4-3,0.005656,0.000000,0.000000,0.092670
Q_ind_229_anc_4-3,0.020567,0.000000,0.000000,0.132076
Q_ind_230_anc_4-3,0.001879,0.000000,0.000000,0.027212
Q_ind_231_anc_4-3,0.242410,0.242782,0.166446,0.310000
Q_ind_232_anc_4-3,0.006066,0.000000,0.000000,0.053816
Q_ind_233_anc_4-3,0.000642,0.000000,0.000000,0.008128
Q_ind_234_anc_4-3,0.000333,0.000000,0.000000,0.004104
Q_ind_235_anc_4-3,0.000408,0.000000,0.000000,0.005085
Q_ind_236_anc_4-3,0.000113,0.000000,0.000000,0.001544
Q_ind_237_anc_4-3,0.000181,0.000000,0.000000,0.002042
Q_ind_238_anc_4-3,0.000233,0.000000,0.000000,0.002759
Q_ind_239_anc_4-3,0.000211,0.000000,0.000000,0.003009
Q_ind_240_anc_4-3,0.000207,0.000000,0.000000,0.002660
Q_ind_241_anc_4-3,0.000768,0.000000,0.000000,0.008632
Q_ind_242_anc_4-3,0.001235,0.000000,0.000000,0.016089
Q_ind_243_anc_4-3,0.000116,0.000000,0.000000,0.001342
Q_ind_244_anc_4-3,0.000270,0.000000,0.000000,0.002875
Q_ind_245_anc_4-3,0.000161,0.000000,0.000000,0.001897
Q_ind_1_anc_4-4,0.215381,0.213910,0.094582,0.344606
Q_ind_2_anc_4-4,0.569397,0.580314,0.356864,0.716149
Q_ind_3_anc_4-4,0.806999,0.809992,0.730553,0.861932
Q_ind_4_anc_4-4,0.711799,0.715468,0.592789,0.804194
Q_ind_5_anc_4-4,0.003443,0.000000,0.000000,0.055521
Q_ind_6_anc_4-4,0.706790,0.698426,0.585048,0.841347
Q_ind_7_anc_4-4,0.731123,0.730229,0.577061,0.867430
Q_ind_8_anc_4-4,0.657442,0.659325,0.560641,0.746917
Q_ind_9_anc_4-4,0.758040,0.765163,0.634597,0.851481
Q_ind_10_anc_4-4,0.862593,0.864145,0.806651,0.910716
Q_ind_11_anc_4-4,0.734749,0.734676,0.592729,0.855713
Q_ind_12_anc_4-4,0.806948,0.818335,0.681318,0.886287
Q_ind_13_anc_4-4,0.000424,0.000000,0.000000,0.003939
Q_ind_14_anc_4-4,0.001254,0.000000,0.000000,0.017856
Q_ind_15_anc_4-4,0.001177,0.000000,0.000000,0.016364
Q_ind_16_anc_4-4,0.022519,0.000002,0.000000,0.105294
Q_ind_17_anc_4-4,0.000948,0.000000,0.000000,0.011021
Q_ind_18_anc_4-4,0.007738,0.000000,0.000000,0.070318
Q_ind_19_anc_4-4,0.000733,0.000000,0.000000,0.008051
Q_ind_20_anc_4-4,0.000182,0.000000,0.000000,0.002366
Q_ind_21_anc_4-4,0.000349,0.000000,0.000000,0.004309
Q_ind_22_anc_4-4,0.000780,0.000000,0.000000,0.010801
Q_ind_23_anc_4-4,0.000501,0.000000,0.000000,0.006687
Q_ind_24_anc_4-4,0.001567,0.000000,0.000000,0.025990
Q_ind_25_anc_4-4,0.005330,0.000000,0.000000,0.051059
Q_ind_26_anc_4-4,0.000172,0.000000,0.000000,0.001807
Q_ind_27_anc_4-4,0.000436,0.000000,0.000000,0.005543
Q_ind_28_anc_4-4,0.000297,0.000000,0.000000,0.003732
Q_ind_29_anc_4-4,0.000618,0.000000,0.000000,0.007803
Q_ind_30_anc_4-4,0.000357,0.000000,0.000000,0.003621
Q_ind_31_anc_4-4,0.854175,0.857287,0.756711,0.932730
Q_ind_32_anc_4-4,0.860415,0.865383,0.740145,0.947098
Q_ind_33_anc_4-4,0.760470,0.757333,0.614576,0.917475
Q_ind_34_anc_4-4,0.966683,0.981240,0.867173,0.999902
Q_ind_35_anc_4-4,0.840702,0.843179,0.744053,0.922102
Q_ind_36_anc_4-4,0.933571,0.937051,0.845573,0.998235
Q_ind_37_anc_4-4,0.792997,0.793400,0.692255,0.881094
Q_ind_38_anc_4-4,0.920311,0.924514,0.829958,0.994497
Q_ind_39_anc_4-4,0.000650,0.000000,0.000000,0.009240
Q_ind_40_anc_4-4,0.727891,0.725976,0.614835,0.846187
Q_ind_41_anc_4-4,0.417069,0.420985,0.243862,0.574959
Q_ind_42_anc_4-4,0.000273,0.000000,0.000000,0.003371
Q_ind_43_anc_4-4,0.000232,0.000000,0.000000,0.002053
Q_ind_44_anc_4-4,0.000203,0.000000,0.000000,0.002342
Q_ind_45_anc_4-4,0.000372,0.000000,0.000000,0.004302
Q_ind_46_anc_4-4,0.000293,0.000000,0.000000,0.002765
Q_ind_47_anc_4-4,0.000246,0.000000,0.000000,0.002249
Q_ind_48_anc_4-4,0.000183,0.000000,0.000000,0.002296
Q_ind_49_anc_4-4,0.000222,0.000000,0.000000,0.002438
Q_ind_50_anc_4-4,0.000116,0.000000,0.000000,0.001159
Q_ind_51_anc_4-4,0.000642,0.000000,0.000000,0.008610
Q_ind_52_anc_4-4,0.000200,0.000000,0.000000,0.002020
Q_ind_53_anc_4-4,0.000419,0.000000,0.000000,0.005021
Q_ind_54_anc_4-4,0.000287,0.000000,0.000000,0.003445
Q_ind_55_anc_4-4,0.000199,0.000000,0.000000,0.002084
Q_ind_56_anc_4-4,0.000210,0.000000,0.000000,0.002271
Q_ind_57_anc_4-4,0.000168,0.000000,0.000000,0.002126
Q_ind_58_anc_4-4,0.000194,0.000000,0.000000,0.001974
Q_ind_59_anc_4-4,0.000946,0.000000,0.000000,0.012752
Q_ind_60_anc_4-4,0.000136,0.000000,0.000000,0.001283
Q_ind_61_anc_4-4,0.000578,0.000000,0.000000,0.007933
Q_ind_62_anc_4-4,0.001676,0.000000,0.000000,0.021261
Q_ind_63_anc_4-4,0.002365,0.000000,0.000000,0.022902
Q_ind_64_anc_4-4,0.000215,0.000000,0.000000,0.002736
Q_ind_65_anc_4-4,0.001091,0.000000,0.000000,0.012545
Q_ind_66_anc_4-4,0.000619,0.000000,0.000000,0.007738
Q_ind_67_anc_4-4,0.010309,0.000000,0.000000,0.057676
Q_ind_68_anc_4-4,0.000281,0.000000,0.000000,0.003414
Q_ind_69_anc_4-4,0.000241,0.000000,0.000000,0.002033
Q_ind_70_anc_4-4,0.000124,0.000000,0.000000,0.001429
Q_ind_71_anc_4-4,0.000362,0.000000,0.000000,0.003845
Q_ind_72_anc_4-4,0.000793,0.000000,0.000000,0.011920
Q_ind_73_anc_4-4,0.001762,0.000000,0.000000,0.021768
Q_ind_74_anc_4-4,0.000268,0.000000,0.000000,0.002879
Q_ind_75_anc_4-4,0.000411,0.000000,0.000000,0.003680
Q_ind_76_anc_4-4,0.000767,0.000000,0.000000,0.010711
Q_ind_77_anc_4-4,0.042282,0.041268,0.000000,0.115625
Q_ind_78_anc_4-4,0.008308,0.000000,0.000000,0.061931
Q_ind_79_anc_4-4,0.011187,0.000000,0.000000,0.076169
Q_ind_80_anc_4-4,0.005967,0.000000,0.000000,0.069530
Q_ind_81_anc_4-4,0.017934,0.000000,0.000000,0.105044
Q_ind_82_anc_4-4,0.006450,0.000000,0.000000,0.089892
Q_ind_83_anc_4-4,0.004946,0.000000,0.000000,0.066703
Q_ind_84_anc_4-4,0.023559,0.000000,0.000000,0.140628
Q_ind_85_anc_4-4,0.000648,0.000000,0.000000,0.007990
Q_ind_86_anc_4-4,0.016435,0.000000,0.000000,0.093233
Q_ind_87_anc_4-4,0.006934,0.000000,0.000000,0.078134
Q_ind_88_anc_4-4,0.252444,0.252288,0.178107,0.324721
Q_ind_89_anc_4-4,0.172085,0.171601,0.010783,0.296529
Q_ind_90_anc_4-4,0.052788,0.000000,0.000000,0.253641
Q_ind_91_anc_4-4,0.195175,0.200018,0.099959,0.269741
Q_ind_92_anc_4-4,0.092132,0.011247,0.000000,0.270505
Q_ind_93_anc_4-4,0.201203,0.203137,0.088664,0.305064
Q_ind_94_anc_4-4,0.000740,0.000000,0.000000,0.009319
Q_ind_95_anc_4-4,0.093529,0.056551,0.000000,0.272829
Q_ind_96_anc_4-4,0.000240,0.000000,0.000000,0.002866
Q_ind_97_anc_4-4,0.000261,0.000000,0.000000,0.003279
Q_ind_98_anc_4-4,0.000254,0.000000,0.000000,0.002835
Q_ind_99_anc_4-4,0.000154,0.000000,0.000000,0.001837
Q_ind_100_anc_4-4,0.000143,0.000000,0.000000,0.001614
Q_ind_101_anc_4-4,0.000106,0.000000,0.000000,0.001065
Q_ind_102_anc_4-4,0.000106,0.000000,0.000000,0.001325
Q_ind_103_anc_4-4,0.000192,0.000000,0.000000,0.002280
Q_ind_104_anc_4-4,0.000105,0.000000,0.000000,0.001314
Q_ind_105_anc_4-4,0.000196,0.000000,0.000000,0.002014
Q_ind_106_anc_4-4,0.000390,0.000000,0.000000,0.004850
Q_ind_107_anc_4-4,0.006551,0.000000,0.000000,0.087181
Q_ind_108_anc_4-4,0.001790,0.000000,0.000000,0.020948
Q_ind_109_anc_4-4,0.308845,0.312502,0.188972,0.393315
Q_ind_110_anc_4-4,0.076878,0.002736,0.000000,0.274041
Q_ind_111_anc_4-4,0.038832,0.000002,0.000000,0.195522
Q_ind_112_anc_4-4,0.000764,0.000000,0.000000,0.008886
Q_ind_113_anc_4-4,0.153730,0.138718,0.000000,0.385851
Q_ind_114_anc_4-4,0.007210,0.000000,0.000000,0.082140
Q_ind_115_anc_4-4,0.000839,0.000000,0.000000,0.011797
Q_ind_116_anc_4-4,0.000597,0.000000,0.000000,0.008290
Q_ind_117_anc_4-4,0.000312,0.000000,0.000000,0.003757
Q_ind_118_anc_4-4,0.000302,0.000000,0.000000,0.003502
Q_ind_119_anc_4-4,0.000383,0.000000,0.000000,0.004630
Q_ind_120_anc_4-4,0.000186,0.000000,0.000000,0.002117
Q_ind_121_anc_4-4,0.001011,0.000000,0.000000,0.013168
Q_ind_122_anc_4-4,0.000172,0.000000,0.000000,0.001851
Q_ind_123_anc_4-4,0.000338,0.000000,0.000000,0.004002
Q_ind_124_anc_4-4,0.000216,0.000000,0.000000,0.002055
Q_ind_125_anc_4-4,0.005510,0.000000,0.000000,0.065312
Q_ind_126_anc_4-4,0.048108,0.010598,0.000000,0.174589
Q_ind_127_anc_4-4,0.001124,0.000000,0.000000,0.016434
Q_ind_128_anc_4-4,0.002845,0.000000,0.000000,0.041055
Q_ind_129_anc_4-4,0.005312,0.000000,0.000000,0.063307
Q_ind_130_anc_4-4,0.076098,0.083300,0.000000,0.191595
Q_ind_131_anc_4-4,0.000217,0.000000,0.000000,0.002209
Q_ind_132_anc_4-4,0.000151,0.000000,0.000000,0.001639
Q_ind_133_anc_4-4,0.000749,0.000000,0.000000,0.009373
Q_ind_134_anc_4-4,0.000772,0.000000,0.000000,0.011063
Q_ind_135_anc_4-4,0.001120,0.000000,0.000000,0.014135
Q_ind_136_anc_4-4,0.000401,0.000000,0.000000,0.005442
Q_ind_137_anc_4-4,0.000709,0.000000,0.000000,0.009781
Q_ind_138_anc_4-4,0.000154,0.000000,0.000000,0.001600
Q_ind_139_anc_4-4,0.000819,0.000000,0.000000,0.011003
Q_ind_140_anc_4-4,0.001337,0.000000,0.000000,0.017294
Q_ind_141_anc_4-4,0.001206,0.000000,0.000000,0.016084
Q_ind_142_anc_4-4,0.000287,0.000000,0.000000,0.002835
Q_ind_143_anc_4-4,0.003412,0.000000,0.000000,0.053305
Q_ind_144_anc_4-4,0.000667,0.000000,0.000000,0.008826
Q_ind_145_anc_4-4,0.001235,0.000000,0.000000,0.013923
Q_ind_146_anc_4-4,0.000788,0.000000,0.000000,0.010903
Q_ind_147_anc_4-4,0.002616,0.000000,0.000000,0.023444
Q_ind_148_anc_4-4,0.001882,0.000000,0.000000,0.026854
Q_ind_149_anc_4-4,0.000505,0.000000,0.000000,0.006477
Q_ind_150_anc_4-4,0.001022,0.000000,0.000000,0.013882
Q_ind_151_anc_4-4,0.002564,0.000000,0.000000,0.026426
Q_ind_152_anc_4-4,0.001446,0.000000,0.000000,0.015313
Q_ind_153_anc_4-4,0.001288,0.000000,0.000000,0.016696
Q_ind_154_anc_4-4,0.001485,0.000000,0.000000,0.019316
Q_ind_155_anc_4-4,0.000225,0.000000,0.000000,0.002958
Q_ind_156_anc_4-4,0.659632,0.662471,0.562331,0.742333
Q_ind_157_anc_4-4,0.755852,0.756200,0.679582,0.826646
Q_ind_158_anc_4-4,0.758077,0.763557,0.638378,0.848574
Q_ind_159_anc_4-4,0.763405,0.772095,0.627336,0.853697
Q_ind_160_anc_4-4,0.604539,0.606665,0.509093,0.686268
Q_ind_161_anc_4-4,0.699001,0.699388,0.624953,0.771959
Q_ind_162_anc_4-4,0.708957,0.709576,0.630168,0.787700
Q_ind_163_anc_4-4,0.693142,0.695411,0.602692,0.767218
Q_ind_164_anc_4-4,0.722591,0.723566,0.629549,0.807434
Q_ind_165_anc_4-4,0.119919,0.102960,0.000000,0.389170
Q_ind_166_anc_4-4,0.402912,0.416329,0.164264,0.487112
Q_ind_167_anc_4-4,0.363680,0.363953,0.293651,0.434303
Q_ind_168_anc_4-4,0.000279,0.000000,0.000000,0.003247
Q_ind_169_anc_4-4,0.000168,0.000000,0.000000,0.001696
Q_ind_170_anc_4-4,0.000305,0.000000,0.000000,0.003785
Q_ind_171_anc_4-4,0.000505,0.000000,0.000000,0.006881
Q_ind_172_anc_4-4,0.000116,0.000000,0.000000,0.001101
Q_ind_173_anc_4-4,0.000122,0.000000,0.000000,0.001519
Q_ind_174_anc_4-4,0.000180,0.000000,0.000000,0.001940
Q_ind_175_anc_4-4,0.000160,0.000000,0.000000,0.001850
Q_ind_176_anc_4-4,0.000611,0.000000,0.000000,0.009089
Q_ind_177_anc_4-4,0.002525,0.000000,0.000000,0.031403
Q_ind_178_anc_4-4,0.000717,0.000000,0.000000,0.010239
Q_ind_179_anc_4-4,0.001268,0.000000,0.000000,0.015596
Q_ind_180_anc_4-4,0.198762,0.202103,0.085061,0.290446
Q_ind_181_anc_4-4,0.001325,0.000000,0.000000,0.017731
Q_ind_182_anc_4-4,0.057922,0.000001,0.000000,0.242434
Q_ind_183_anc_4-4,0.098895,0.001848,0.000000,0.269551
Q_ind_184_anc_4-4,0.000951,0.000000,0.000000,0.011490
Q_ind_185_anc_4-4,0.005235,0.000000,0.000000,0.051194
Q_ind_186_anc_4-4,0.000677,0.000000,0.000000,0.009298
Q_ind_187_anc_4-4,0.000931,0.000000,0.000000,0.012843
Q_ind_188_anc_4-4,0.001564,0.000000,0.000000,0.020033
Q_ind_189_anc_4-4,0.000493,0.000000,0.000000,0.006280
Q_ind_190_anc_4-4,0.001243,0.000000,0.000000,0.016823
Q_ind_191_anc_4-4,0.000630,0.000000,0.000000,0.007672
Q_ind_192_anc_4-4,0.000189,0.000000,0.000000,0.001701
Q_ind_193_anc_4-4,0.002325,0.000000,0.000000,0.028822
Q_ind_194_anc_4-4,0.000065,0.000000,0.000000,0.000671
Q_ind_195_anc_4-4,0.000186,0.000000,0.000000,0.001961
Q_ind_196_anc_4-4,0.000070,0.000000,0.000000,0.000773
Q_ind_197_anc_4-4,0.000071,0.000000,0.000000,0.000802
Q_ind_198_anc_4-4,0.000102,0.000000,0.000000,0.001067
Q_ind_199_anc_4-4,0.000190,0.000000,0.000000,0.002143
Q_ind_200_anc_4-4,0.000153,0.000000,0.000000,0.001652
Q_ind_201_anc_4-4,0.000146,0.000000,0.000000,0.001539
Q_ind_202_anc_4-4,0.001178,0.000000,0.000000,0.016134
Q_ind_203_anc_4-4,0.942312,0.946408,0.861183,0.998368
Q_ind_204_anc_4-4,0.967399,0.974022,0.895242,0.999721
Q_ind_205_anc_4-4,0.969865,0.976506,0.894621,0.999803
Q_ind_206_anc_4-4,0.979494,0.983007,0.936327,0.999844
Q_ind_207_anc_4-4,0.884905,0.888716,0.806633,0.946835
Q_ind_208_anc_4-4,0.000640,0.000000,0.000000,0.006222
Q_ind_209_anc_4-4,0.932152,0.933299,0.869966,0.986951
Q_ind_210_anc_4-4,0.563293,0.559855,0.419122,0.708385
Q_ind_211_anc_4-4,0.945601,0.950217,0.867060,0.998270
Q_ind_212_anc_4-4,0.000197,0.000000,0.000000,0.002162
Q_ind_213_anc_4-4,0.000945,0.000000,0.000000,0.011480
Q_ind_214_anc_4-4,0.000243,0.000000,0.000000,0.002838
Q_ind_215_anc_4-4,0.000768,0.000000,0.000000,0.008009
Q_ind_216_anc_4-4,0.000836,0.000000,0.000000,0.010464
Q_ind_217_anc_4-4,0.000716,0.000000,0.000000,0.004630
Q_ind_218_anc_4-4,0.000229,0.000000,0.000000,0.002204
Q_ind_219_anc_4-4,0.000700,0.000000,0.000000,0.009028
Q_ind_220_anc_4-4,0.000304,0.000000,0.000000,0.003609
Q_ind_221_anc_4-4,0.000814,0.000000,0.000000,0.009816
Q_ind_222_anc_4-4,0.000332,0.000000,0.000000,0.004343
Q_ind_223_anc_4-4,0.000732,0.000000,0.000000,0.006739
Q_ind_224_anc_4-4,0.000280,0.000000,0.000000,0.003446
Q_ind_225_anc_4-4,0.467082,0.472937,0.350485,0.555441
Q_ind_226_anc_4-4,0.005785,0.000000,0.000000,0.080377
Q_ind_227_anc_4-4,0.374403,0.370355,0.224972,0.541745
Q_ind_228_anc_4-4,0.453407,0.454755,0.330170,0.564634
Q_ind_229_anc_4-4,0.397784,0.390921,0.238918,0.569046
Q_ind_230_anc_4-4,0.369084,0.361868,0.262558,0.519134
Q_ind_231_anc_4-4,0.001558,0.000000,0.000000,0.020408
Q_ind_232_anc_4-4,0.002355,0.000000,0.000000,0.031733
Q_ind_233_anc_4-4,0.364878,0.368948,0.178567,0.526432
Q_ind_234_anc_4-4,0.000147,0.000000,0.000000,0.001571
Q_ind_235_anc_4-4,0.000352,0.000000,0.000000,0.004150
Q_ind_236_anc_4-4,0.000360,0.000000,0.000000,0.004149
Q_ind_237_anc_4-4,0.000128,0.000000,0.000000,0.001201
Q_ind_238_anc_4-4,0.000326,0.000000,0.000000,0.003794
Q_ind_239_anc_4-4,0.000311,0.000000,0.000000,0.003198
Q_ind_240_anc_4-4,0.000108,0.000000,0.000000,0.001296
Q_ind_241_anc_4-4,0.000182,0.000000,0.000000,0.002067
Q_ind_242_anc_4-4,0.000589,0.000000,0.000000,0.007164
Q_ind_243_anc_4-4,0.000121,0.000000,0.000000,0.001352
Q_ind_244_anc_4-4,0.000297,0.000000,0.000000,0.003848
Q_ind_245_anc_4-4,0.000111,0.000000,0.000000,0.001127
Q_ind_1_anc_5-1,0.000611,0.000000,0.000000,0.008576
Q_ind_2_anc_5-1,0.000411,0.000000,0.000000,0.004802
Q_ind_3_anc_5-1,0.000435,0.000000,0.000000,0.005258
Q_ind_4_anc_5-1,0.000625,0.000000,0.000000,0.008884
Q_ind_5_anc_5-1,0.000626,0.000000,0.000000,0.007205
Q_ind_6_anc_5-1,0.000160,0.000000,0.000000,0.001716
Q_ind_7_anc_5-1,0.000395,0.000000,0.000000,0.004836
Q_ind_8_anc_5-1,0.000283,0.000000,0.000000,0.003305
Q_ind_9_anc_5-1,0.000170,0.000000,0.000000,0.001988
Q_ind_10_anc_5-1,0.000220,0.000000,0.000000,0.002629
Q_ind_11_anc_5-1,0.000327,0.000000,0.000000,0.004402
Q_ind_12_anc_5-1,0.000650,0.000000,0.000000,0.008838
Q_ind_13_anc_5-1,0.001316,0.000000,0.000000,0.020113
Q_ind_14_anc_5-1,0.000348,0.000000,0.000000,0.004180
Q_ind_15_anc_5-1,0.002723,0.000000,0.000000,0.034528
Q_ind_16_anc_5-1,0.000402,0.000000,0.000000,0.004745
Q_ind_17_anc_5-1,0.001873,0.000000,0.000000,0.023893
Q_ind_18_anc_5-1,0.001017,0.000000,0.000000,0.015004
Q_ind_19_anc_5-1,0.000386,0.000000,0.000000,0.004297
Q_ind_20_anc_5-1,0.002153,0.000000,0.000000,0.028053
Q_ind_21_anc_5-1,0.000886,0.000000,0.000000,0.011708
Q_ind_22_anc_5-1,0.000850,0.000000,0.000000,0.012505
Q_ind_23_anc_5-1,0.000330,0.000000,0.000000,0.004511
Q_ind_24_anc_5-1,0.001018,0.000000,0.000000,0.012641
Q_ind_25_anc_5-1,0.000225,0.000000,0.000000,0.002094
Q_ind_26_anc_5-1,0.000504,0.000000,0.000000,0.005084
Q_ind_27_anc_5-1,0.000448,0.000000,0.000000,0.005278
Q_ind_28_anc_5-1,0.000766,0.000000,0.000000,0.010433
Q_ind_29_anc_5-1,0.000519,0.000000,0.000000,0.007294
Q_ind_30_anc_5-1,0.000620,0.000000,0.000000,0.008855
Q_ind_31_anc_5-1,0.008515,0.000000,0.000000,0.059921
Q_ind_32_anc_5-1,0.000543,0.000000,0.000000,0.006934
Q_ind_33_anc_5-1,0.001752,0.000000,0.000000,0.022633
Q_ind_34_anc_5-1,0.000926,0.000000,0.000000,0.012820
Q_ind_35_anc_5-1,0.002123,0.000000,0.000000,0.028912
Q_ind_36_anc_5-1,0.003183,0.000000,0.000000,0.035181
Q_ind_37_anc_5-1,0.018526,0.000005,0.000000,0.085985
Q_ind_38_anc_5-1,0.001762,0.000000,0.000000,0.021531
Q_ind_39_anc_5-1,0.000637,0.000000,0.000000,0.007511
Q_ind_40_anc_5-1,0.002897,0.000000,0.000000,0.029922
Q_ind_41_anc_5-1,0.001499,0.000000,0.000000,0.019366
Q_ind_42_anc_5-1,0.000210,0.000000,0.000000,0.002413
Q_ind_43_anc_5-1,0.000625,0.000000,0.000000,0.007515
Q_ind_44_anc_5-1,0.000404,0.000000,0.000000,0.004064
Q_ind_45_anc_5-1,0.000440,0.000000,0.000000,0.004990
Q_ind_46_anc_5-1,0.000126,0.000000,0.000000,0.001295
Q_ind_47_anc_5-1,0.000507,0.000000,0.000000,0.004434
Q_ind_48_anc_5-1,0.000330,0.000000,0.000000,0.004507
Q_ind_49_anc_5-1,0.000135,0.000000,0.000000,0.001529
Q_ind_50_anc_5-1,0.000599,0.000000,0.000000,0.008499
Q_ind_51_anc_5-1,0.000257,0.000000,0.000000,0.002645
Q_ind_52_anc_5-1,0.000199,0.000000,0.000000,0.002017
Q_ind_53_anc_5-1,0.000168,0.000000,0.000000,0.002051
Q_ind_54_anc_5-1,0.000489,0.000000,0.000000,0.005778
Q_ind_55_anc_5-1,0.000180,0.000000,0.000000,0.002388
Q_ind_56_anc_5-1,0.000348,0.000000,0.000000,0.004109
Q_ind_57_anc_5-1,0.000845,0.000000,0.000000,0.010338
Q_ind_58_anc_5-1,0.000174,0.000000,0.000000,0.002287
Q_ind_59_anc_5-1,0.000549,0.000000,0.000000,0.006681
Q_ind_60_anc_5-1,0.000469,0.000000,0.000000,0.006125
Q_ind_61_anc_5-1,0.000817,0.000000,0.000000,0.010817
Q_ind_62_anc_5-1,0.000292,0.000000,0.000000,0.003487
Q_ind_63_anc_5-1,0.000153,0.000000,0.000000,0.001893
Q_ind_64_anc_5-1,0.000115,0.000000,0.000000,0.001485
Q_ind_65_anc_5-1,0.000154,0.000000,0.000000,0.001751
Q_ind_66_anc_5-1,0.000186,0.000000,0.000000,0.002111
Q_ind_67_anc_5-1,0.000167,0.000000,0.000000,0.001855
Q_ind_68_anc_5-1,0.000408,0.000000,0.000000,0.003671
Q_ind_69_anc_5-1,0.046418,0.041284,0.000000,0.139886
Q_ind_70_anc_5-1,0.046211,0.046393,0.000000,0.122740
Q_ind_71_anc_5-1,0.000847,0.000000,0.000000,0.012232
Q_ind_72_anc_5-1,0.000463,0.000000,0.000000,0.005623
Q_ind_73_anc_5-1,0.006643,0.000000,0.000000,0.060388
Q_ind_74_anc_5-1,0.001601,0.000000,0.000000,0.021972
Q_ind_75_anc_5-1,0.011202,0.000000,0.000000,0.082957
Q_ind_76_anc_5-1,0.000549,0.000000,0.000000,0.005219
Q_ind_77_anc_5-1,0.000527,0.000000,0.000000,0.007258
Q_ind_78_anc_5-1,0.000414,0.000000,0.000000,0.004720
Q_ind_79_anc_5-1,0.000923,0.000000,0.000000,0.012214
Q_ind_80_anc_5-1,0.000511,0.000000,0.000000,0.005931
Q_ind_81_anc_5-1,0.000517,0.000000,0.000000,0.005862
Q_ind_82_anc_5-1,0.000457,0.000000,0.000000,0.006036
Q_ind_83_anc_5-1,0.000417,0.000000,0.000000,0.005548
Q_ind_84_anc_5-1,0.000208,0.000000,0.000000,0.002460
Q_ind_85_anc_5-1,0.000482,0.000000,0.000000,0.006206
Q_ind_86_anc_5-1,0.002429,0.000000,0.000000,0.032018
Q_ind_87_anc_5-1,0.000882,0.000000,0.000000,0.011108
Q_ind_88_anc_5-1,0.001356,0.000000,0.000000,0.018914
Q_ind_89_anc_5-1,0.001287,0.000000,0.000000,0.016253
Q_ind_90_anc_5-1,0.000588,0.000000,0.000000,0.007160
Q_ind_91_anc_5-1,0.001175,0.000000,0.000000,0.016340
Q_ind_92_anc_5-1,0.000875,0.000000,0.000000,0.012302
Q_ind_93_anc_5-1,0.000989,0.000000,0.000000,0.010047
Q_ind_94_anc_5-1,0.000500,0.000000,0.000000,0.005380
Q_ind_95_anc_5-1,0.002927,0.000000,0.000000,0.041635
Q_ind_96_anc_5-1,0.001541,0.000000,0.000000,0.018316
Q_ind_97_anc_5-1,0.003107,0.000000,0.000000,0.024081
Q_ind_98_anc_5-1,0.000880,0.000000,0.000000,0.010680
Q_ind_99_anc_5-1,0.000468,0.000000,0.000000,0.004882
Q_ind_100_anc_5-1,0.000201,0.000000,0.000000,0.002174
Q_ind_101_anc_5-1,0.000069,0.000000,0.000000,0.000819
Q_ind_102_anc_5-1,0.000078,0.000000,0.000000,0.000737
Q_ind_103_anc_5-1,0.000200,0.000000,0.000000,0.002616
Q_ind_104_anc_5-1,0.000067,0.000000,0.000000,0.000689
Q_ind_105_anc_5-1,0.003738,0.000000,0.000000,0.040756
Q_ind_106_anc_5-1,0.000217,0.000000,0.000000,0.002445
Q_ind_107_anc_5-1,0.020446,0.000000,0.000000,0.120009
Q_ind_108_anc_5-1,0.046950,0.037017,0.000000,0.150167
Q_ind_109_anc_5-1,0.045222,0.000385,0.000000,0.190643
Q_ind_110_anc_5-1,0.037317,0.000003,0.000000,0.198679
Q_ind_111_anc_5-1,0.113352,0.122719,0.000000,0.203865
Q_ind_112_anc_5-1,0.004293,0.000000,0.000000,0.053255
Q_ind_113_anc_5-1,0.006691,0.000000,0.000000,0.098083
Q_ind_114_anc_5-1,0.002496,0.000000,0.000000,0.035142
Q_ind_115_anc_5-1,0.000704,0.000000,0.000000,0.009830
Q_ind_116_anc_5-1,0.000441,0.000000,0.000000,0.004753
Q_ind_117_anc_5-1,0.000750,0.000000,0.000000,0.009704
Q_ind_118_anc_5-1,0.000321,0.000000,0.000000,0.003757
Q_ind_119_anc_5-1,0.000457,0.000000,0.000000,0.005379
Q_ind_120_anc_5-1,0.000301,0.000000,0.000000,0.003478
Q_ind_121_anc_5-1,0.000161,0.000000,0.000000,0.001814
Q_ind_122_anc_5-1,0.000466,0.000000,0.000000,0.006304
Q_ind_123_anc_5-1,0.000250,0.000000,0.000000,0.003018
Q_ind_124_anc_5-1,0.000283,0.000000,0.000000,0.003379
Q_ind_125_anc_5-1,0.001501,0.000000,0.000000,0.020809
Q_ind_126_anc_5-1,0.000482,0.000000,0.000000,0.006311
Q_ind_127_anc_5-1,0.000201,0.000000,0.000000,0.002441
Q_ind_128_anc_5-1,0.000428,0.000000,0.000000,0.005249
Q_ind_129_anc_5-1,0.000180,0.000000,0.000000,0.001870
Q_ind_130_anc_5-1,0.000205,0.000000,0.000000,0.002418
Q_ind_131_anc_5-1,0.000748,0.000000,0.000000,0.010351
Q_ind_132_anc_5-1,0.003476,0.000000,0.000000,0.033276
Q_ind_133_anc_5-1,0.000539,0.000000,0.000000,0.004758
Q_ind_134_anc_5-1,0.001542,0.000000,0.000000,0.019849
Q_ind_135_anc_5-1,0.000543,0.000000,0.000000,0.007050
Q_ind_136_anc_5-1,0.007881,0.000000,0.000000,0.056624
Q_ind_137_anc_5-1,0.001594,0.000000,0.000000,0.022304
Q_ind_138_anc_5-1,0.000670,0.000000,0.000000,0.010156
Q_ind_139_anc_5-1,0.001783,0.000000,0.000000,0.024722
Q_ind_140_anc_5-1,0.001180,0.000000,0.000000,0.015947
Q_ind_141_anc_5-1,0.001779,0.000000,0.000000,0.022868
Q_ind_142_anc_5-1,0.000544,0.000000,0.000000,0.007090
Q_ind_143_anc_5-1,0.000714,0.000000,0.000000,0.008957
Q_ind_144_anc_5-1,0.001668,0.000000,0.000000,0.022267
Q_ind_145_anc_5-1,0.000218,0.000000,0.000000,0.002731
Q_ind_146_anc_5-1,0.000368,0.000000,0.000000,0.004978
Q_ind_147_anc_5-1,0.000241,0.000000,0.000000,0.002648
Q_ind_148_anc_5-1,0.000453,0.000000,0.000000,0.005987
Q_ind_149_anc_5-1,0.000459,0.000000,0.000000,0.006177
Q_ind_150_anc_5-1,0.000478,0.000000,0.000000,0.006690
Q_ind_151_anc_5-1,0.001019,0.000000,0.000000,0.015778
Q_ind_152_anc_5-1,0.000136,0.000000,0.000000,0.001629
Q_ind_153_anc_5-1,0.000185,0.000000,0.000000,0.002325
Q_ind_154_anc_5-1,0.000251,0.000000,0.000000,0.003680
Q_ind_155_anc_5-1,0.003039,0.000000,0.000000,0.029927
Q_ind_156_anc_5-1,0.000359,0.000000,0.000000,0.003903
Q_ind_157_anc_5-1,0.000161,0.000000,0.000000,0.001874
Q_ind_158_anc_5-1,0.000367,0.000000,0.000000,0.004076
Q_ind_159_anc_5-1,0.000334,0.000000,0.000000,0.003825
Q_ind_160_anc_5-1,0.000401,0.000000,0.000000,0.003996
Q_ind_161_anc_5-1,0.000278,0.000000,0.000000,0.003235
Q_ind_162_anc_5-1,0.000169,0.000000,0.000000,0.001975
Q_ind_163_anc_5-1,0.000208,0.000000,0.000000,0.002227
Q_ind_164_anc_5-1,0.000195,0.000000,0.000000,0.002244
Q_ind_165_anc_5-1,0.033728,0.000000,0.000000,0.154427
Q_ind_166_anc_5-1,0.121908,0.129791,0.000000,0.188223
Q_ind_167_anc_5-1,0.161276,0.165079,0.021213,0.227604
Q_ind_168_anc_5-1,0.000695,0.000000,0.000000,0.008867
Q_ind_169_anc_5-1,0.000314,0.000000,0.000000,0.003617
Q_ind_170_anc_5-1,0.000561,0.000000,0.000000,0.007102
Q_ind_171_anc_5-1,0.000399,0.000000,0.000000,0.005157
Q_ind_172_anc_5-1,0.000507,0.000000,0.000000,0.005763
Q_ind_173_anc_5-1,0.004880,0.000000,0.000000,0.044600
Q_ind_174_anc_5-1,0.000218,0.000000,0.000000,0.002969
Q_ind_175_anc_5-1,0.002138,0.000000,0.000000,0.024423
Q_ind_176_anc_5-1,0.001581,0.000000,0.000000,0.022599
Q_ind_177_anc_5-1,0.000314,0.000000,0.000000,0.003657
Q_ind_178_anc_5-1,0.000180,0.000000,0.000000,0.001804
Q_ind_179_anc_5-1,0.000404,0.000000,0.000000,0.005144
Q_ind_180_anc_5-1,0.000191,0.000000,0.000000,0.002062
Q_ind_181_anc_5-1,0.002536,0.000000,0.000000,0.034582
Q_ind_182_anc_5-1,0.000223,0.000000,0.000000,0.002827
Q_ind_183_anc_5-1,0.000228,0.000000,0.000000,0.002633
Q_ind_184_anc_5-1,0.003814,0.000000,0.000000,0.040191
Q_ind_185_anc_5-1,0.002189,0.000000,0.000000,0.031714
Q_ind_186_anc_5-1,0.000619,0.000000,0.000000,0.007967
Q_ind_187_anc_5-1,0.000350,0.000000,0.000000,0.004099
Q_ind_188_anc_5-1,0.000885,0.000000,0.000000,0.012165
Q_ind_189_anc_5-1,0.002164,0.000000,0.000000,0.030451
Q_ind_190_anc_5-1,0.006381,0.000000,0.000000,0.075402
Q_ind_191_anc_5-1,0.000582,0.000000,0.000000,0.007947
Q_ind_192_anc_5-1,0.008492,0.000000,0.000000,0.080641
Q_ind_193_anc_5-1,0.000878,0.000000,0.000000,0.010465
Q_ind_194_anc_5-1,0.000133,0.000000,0.000000,0.001586
Q_ind_195_anc_5-1,0.000909,0.000000,0.000000,0.010627
Q_ind_196_anc_5-1,0.000095,0.000000,0.000000,0.000985
Q_ind_197_anc_5-1,0.000091,0.000000,0.000000,0.001061
Q_ind_198_anc_5-1,0.000159,0.000000,0.000000,0.002024
Q_ind_199_anc_5-1,0.000525,0.000000,0.000000,0.006230
Q_ind_200_anc_5-1,0.000186,0.000000,0.000000,0.002309
Q_ind_201_anc_5-1,0.518623,0.510275,0.394516,0.645990
Q_ind_202_anc_5-1,0.000458,0.000000,0.000000,0.004448
Q_ind_203_anc_5-1,0.002830,0.000000,0.000000,0.037644
Q_ind_204_anc_5-1,0.001085,0.000000,0.000000,0.014488
Q_ind_205_anc_5-1,0.002273,0.000000,0.000000,0.030539
Q_ind_206_anc_5-1,0.000360,0.000000,0.000000,0.004353
Q_ind_207_anc_5-1,0.004249,0.000000,0.000000,0.043794
Q_ind_208_anc_5-1,0.000733,0.000000,0.000000,0.008163
Q_ind_209_anc_5-1,0.001170,0.000000,0.000000,0.015077
Q_ind_210_anc_5-1,0.023921,0.000000,0.000000,0.134085
Q_ind_211_anc_5-1,0.004642,0.000000,0.000000,0.047021
Q_ind_212_anc_5-1,0.070911,0.074711,0.000000,0.148460
Q_ind_213_anc_5-1,0.001686,0.000000,0.000000,0.021968
Q_ind_214_anc_5-1,0.000577,0.000000,0.000000,0.007053
Q_ind_215_anc_5-1,0.000657,0.000000,0.000000,0.007951
Q_ind_216_anc_5-1,0.000794,0.000000,0.000000,0.009051
Q_ind_217_anc_5-1,0.000539,0.000000,0.000000,0.005337
Q_ind_218_anc_5-1,0.000303,0.000000,0.000000,0.002623
Q_ind_219_anc_5-1,0.000343,0.000000,0.000000,0.003915
Q_ind_220_anc_5-1,0.000361,0.000000,0.000000,0.004445
Q_ind_221_anc_5-1,0.000825,0.000000,0.000000,0.010821
Q_ind_222_anc_5-1,0.002291,0.000000,0.000000,0.028778
Q_ind_223_anc_5-1,0.024907,0.000000,0.000000,0.136460
Q_ind_224_anc_5-1,0.002981,0.000000,0.000000,0.045566
Q_ind_225_anc_5-1,0.038273,0.001157,0.000000,0.146478
Q_ind_226_anc_5-1,0.040068,0.000001,0.000000,0.173584
Q_ind_227_anc_5-1,0.006461,0.000000,0.000000,0.085748
Q_ind_228_anc_5-1,0.021668,0.000000,0.000000,0.136142
Q_ind_229_anc_5-1,0.001089,0.000000,0.000000,0.013636
Q_ind_230_anc_5-1,0.021134,0.000000,0.000000,0.152259
Q_ind_231_anc_5-1,0.001765,0.000000,0.000000,0.024434
Q_ind_232_anc_5-1,0.013394,0.000000,0.000000,0.098022
Q_ind_233_anc_5-1,0.068669,0.070845,0.000000,0.183649
Q_ind_234_anc_5-1,0.000416,0.000000,0.000000,0.005200
Q_ind_235_anc_5-1,0.000393,0.000000,0.000000,0.004885
Q_ind_236_anc_5-1,0.000464,0.000000,0.000000,0.005350
Q_ind_237_anc_5-1,0.000598,0.000000,0.000000,0.005752
Q_ind_238_anc_5-1,0.002229,0.000000,0.000000,0.028255
Q_ind_239_anc_5-1,0.000823,0.000000,0.000000,0.009664
Q_ind_240_anc_5-1,0.000253,0.000000,0.000000,0.002257
Q_ind_241_anc_5-1,0.000265,0.000000,0.000000,0.003396
Q_ind_242_anc_5-1,0.001706,0.000000,0.000000,0.023122
Q_ind_243_anc_5-1,0.046639,0.047915,0.000000,0.114828
Q_ind_244_anc_5-1,0.000642,0.000000,0.000000,0.008322
Q_ind_245_anc_5-1,0.031263,0.005872,0.000000,0.122617
Q_ind_1_anc_5-2,0.000636,0.000000,0.000000,0.006342
Q_ind_2_anc_5-2,0.000341,0.000000,0.000000,0.003291
Q_ind_3_anc_5-2,0.007153,0.000000,0.000000,0.076144
Q_ind_4_anc_5-2,0.001835,0.000000,0.000000,0.023551
Q_ind_5_anc_5-2,0.000494,0.000000,0.000000,0.006999
Q_ind_6_anc_5-2,0.001770,0.000000,0.000000,0.022262
Q_ind_7_anc_5-2,0.040589,0.000000,0.000000,0.174905
Q_ind_8_anc_5-2,0.002048,0.000000,0.000000,0.027093
Q_ind_9_anc_5-2,0.049193,0.017604,0.000000,0.156852
Q_ind_10_anc_5-2,0.001897,0.000000,0.000000,0.022542
Q_ind_11_anc_5-2,0.047700,0.010056,0.000000,0.165717
Q_ind_12_anc_5-2,0.004000,0.000000,0.000000,0.052558
Q_ind_13_anc_5-2,0.000575,0.000000,0.000000,0.007517
Q_ind_14_anc_5-2,0.000475,0.000000,0.000000,0.004961
Q_ind_15_anc_5-2,0.000692,0.000000,0.000000,0.009508
Q_ind_16_anc_5-2,0.000831,0.000000,0.000000,0.009228
Q_ind_17_anc_5-2,0.000636,0.000000,0.000000,0.008111
Q_ind_18_anc_5-2,0.000340,0.000000,0.000000,0.004297
Q_ind_19_anc_5-2,0.000359,0.000000,0.000000,0.004035
Q_ind_20_anc_5-2,0.000374,0.000000,0.000000,0.003816
Q_ind_21_anc_5-2,0.000632,0.000000,0.000000,0.007492
Q_ind_22_anc_5-2,0.000795,0.000000,0.000000,0.008135
Q_ind_23_anc_5-2,0.000960,0.000000,0.000000,0.013168
Q_ind_24_anc_5-2,0.001187,0.000000,0.000000,0.018649
Q_ind_25_anc_5-2,0.000162,0.000000,0.000000,0.001797
Q_ind_26_anc_5-2,0.001294,0.000000,0.000000,0.017044
Q_ind_27_anc_5-2,0.000292,0.000000,0.000000,0.003316
Q_ind_28_anc_5-2,0.003723,0.000000,0.000000,0.042006
Q_ind_29_anc_5-2,0.000465,0.000000,0.000000,0.004909
Q_ind_30_anc_5-2,0.000854,0.000000,0.000000,0.009819
Q_ind_31_anc_5-2,0.004446,0.000000,0.000000,0.047934
Q_ind_32_anc_5-2,0.000330,0.000000,0.000000,0.003621
Q_ind_33_anc_5-2,0.005294,0.000000,0.000000,0.062628
Q_ind_34_anc_5-2,0.001018,0.000000,0.000000,0.014594
Q_ind_35_anc_5-2,0.003391,0.000000,0.000000,0.041032
Q_ind_36_anc_5-2,0.000505,0.000000,0.000000,0.005565
Q_ind_37_anc_5-2,0.002259,0.000000,0.000000,0.030810
Q_ind_38_anc_5-2,0.000489,0.000000,0.000000,0.006577
Q_ind_39_anc_5-2,0.001049,0.000000,0.000000,0.013694
Q_ind_40_anc_5-2,0.001901,0.000000,0.000000,0.031062
Q_ind_41_anc_5-2,0.000936,0.000000,0.000000,0.012553
Q_ind_42_anc_5-2,0.000142,0.000000,0.000000,0.001497
Q_ind_43_anc_5-2,0.000270,0.000000,0.000000,0.002899
Q_ind_44_anc_5-2,0.000211,0.000000,0.000000,0.002476
Q_ind_45_anc_5-2,0.000178,0.000000,0.000000,0.001899
Q_ind_46_anc_5-2,0.000133,0.000000,0.000000,0.001463
Q_ind_47_anc_5-2,0.000336,0.000000,0.000000,0.003934
Q_ind_48_anc_5-2,0.000128,0.000000,0.000000,0.001584
Q_ind_49_anc_5-2,0.000107,0.000000,0.000000,0.001001
Q_ind_50_anc_5-2,0.000316,0.000000,0.000000,0.003723
Q_ind_51_anc_5-2,0.000164,0.000000,0.000000,0.002045
Q_ind_52_anc_5-2,0.000143,0.000000,0.000000,0.001539
Q_ind_53_anc_5-2,0.000091,0.000000,0.000000,0.000987
Q_ind_54_anc_5-2,0.000248,0.000000,0.000000,0.003179
Q_ind_55_anc_5-2,0.000163,0.000000,0.000000,0.002116
Q_ind_56_anc_5-2,0.000341,0.000000,0.000000,0.004651
Q_ind_57_anc_5-2,0.000251,0.000000,0.000000,0.002693
Q_ind_58_anc_5-2,0.000186,0.000000,0.000000,0.002105
Q_ind_59_anc_5-2,0.000362,0.000000,0.000000,0.004650
Q_ind_60_anc_5-2,0.000308,0.000000,0.000000,0.003100
Q_ind_61_anc_5-2,0.001314,0.000000,0.000000,0.016574
Q_ind_62_anc_5-2,0.000581,0.000000,0.000000,0.006719
Q_ind_63_anc_5-2,0.000296,0.000000,0.000000,0.003818
Q_ind_64_anc_5-2,0.000288,0.000000,0.000000,0.004004
Q_ind_65_anc_5-2,0.000181,0.000000,0.000000,0.002117
Q_ind_66_anc_5-2,0.000116,0.000000,0.000000,0.001400
Q_ind_67_anc_5-2,0.000671,0.000000,0.000000,0.008372
Q_ind_68_anc_5-2,0.000490,0.000000,0.000000,0.005105
Q_ind_69_anc_5-2,0.001682,0.000000,0.000000,0.025737
Q_ind_70_anc_5-2,0.000268,0.000000,0.000000,0.003279
Q_ind_71_anc_5-2,0.000512,0.000000,0.000000,0.006172
Q_ind_72_anc_5-2,0.000320,0.000000,0.000000,0.004034
Q_ind_73_anc_5-2,0.000501,0.000000,0.000000,0.006192
Q_ind_74_anc_5-2,0.000299,0.000000,0.000000,0.003713
Q_ind_75_anc_5-2,0.000663,0.000000,0.000000,0.009123
Q_ind_76_anc_5-2,0.000551,0.000000,0.000000,0.007236
Q_ind_77_anc_5-2,0.001123,0.000000,0.000000,0.015436
Q_ind_78_anc_5-2,0.000877,0.000000,0.000000,0.010901
Q_ind_79_anc_5-2,0.009671,0.000000,0.000000,0.073685
Q_ind_80_anc_5-2,0.060618,0.064646,0.000000,0.144092
Q_ind_81_anc_5-2,0.001006,0.000000,0.000000,0.013205
Q_ind_82_anc_5-2,0.000683,0.000000,0.000000,0.008832
Q_ind_83_anc_5-2,0.000612,0.000000,0.000000,0.008518
Q_ind_84_anc_5-2,0.000893,0.000000,0.000000,0.011889
Q_ind_85_anc_5-2,0.002042,0.000000,0.000000,0.029630
Q_ind_86_anc_5-2,0.003583,0.000000,0.000000,0.040394
Q_ind_87_anc_5-2,0.036936,0.000990,0.000000,0.142144
Q_ind_88_anc_5-2,0.000957,0.000000,0.000000,0.013958
Q_ind_89_anc_5-2,0.000438,0.000000,0.000000,0.005855
Q_ind_90_anc_5-2,0.000315,0.000000,0.000000,0.002927
Q_ind_91_anc_5-2,0.000280,0.000000,0.000000,0.003224
Q_ind_92_anc_5-2,0.000521,0.000000,0.000000,0.005653
Q_ind_93_anc_5-2,0.001460,0.000000,0.000000,0.019473
Q_ind_94_anc_5-2,0.000879,0.000000,0.000000,0.010027
Q_ind_95_anc_5-2,0.001860,0.000000,0.000000,0.025980
Q_ind_96_anc_5-2,0.000290,0.000000,0.000000,0.003421
Q_ind_97_anc_5-2,0.001275,0.000000,0.000000,0.014264
Q_ind_98_anc_5-2,0.000780,0.000000,0.000000,0.010141
Q_ind_99_anc_5-2,0.000544,0.000000,0.000000,0.007036
Q_ind_100_anc_5-2,0.000296,0.000000,0.000000,0.003806
Q_ind_101_anc_5-2,0.000108,0.000000,0.000000,0.001225
Q_ind_102_anc_5-2,0.000067,0.000000,0.000000,0.000720
Q_ind_103_anc_5-2,0.000120,0.000000,0.000000,0.001370
Q_ind_104_anc_5-2,0.000078,0.000000,0.000000,0.000840
Q_ind_105_anc_5-2,0.000348,0.000000,0.000000,0.004705
Q_ind_106_anc_5-2,0.000615,0.000000,0.000000,0.008141
Q_ind_107_anc_5-2,0.005823,0.000000,0.000000,0.061590
Q_ind_108_anc_5-2,0.012069,0.000000,0.000000,0.094320
Q_ind_109_anc_5-2,0.034150,0.000000,0.000000,0.178888
Q_ind_110_anc_5-2,0.003268,0.000000,0.000000,0.041733
Q_ind_111_anc_5-2,0.009352,0.000000,0.000000,0.106781
Q_ind_112_anc_5-2,0.005276,0.000000,0.000000,0.074904
Q_ind_113_anc_5-2,0.023463,0.000002,0.000000,0.129788
Q_ind_114_anc_5-2,0.003365,0.000000,0.000000,0.046491
Q_ind_115_anc_5-2,0.000689,0.000000,0.000000,0.009235
Q_ind_116_anc_5-2,0.000392,0.000000,0.000000,0.004994
Q_ind_117_anc_5-2,0.000447,0.000000,0.000000,0.005791
Q_ind_118_anc_5-2,0.000339,0.000000,0.000000,0.004597
Q_ind_119_anc_5-2,0.000450,0.000000,0.000000,0.005491
Q_ind_120_anc_5-2,0.000215,0.000000,0.000000,0.002532
Q_ind_121_anc_5-2,0.000209,0.000000,0.000000,0.002054
Q_ind_122_anc_5-2,0.000253,0.000000,0.000000,0.003378
Q_ind_123_anc_5-2,0.000309,0.000000,0.000000,0.003953
Q_ind_124_anc_5-2,0.000171,0.000000,0.000000,0.001791
Q_ind_125_anc_5-2,0.002792,0.000000,0.000000,0.034114
Q_ind_126_anc_5-2,0.000548,0.000000,0.000000,0.007562
Q_ind_127_anc_5-2,0.000212,0.000000,0.000000,0.002477
Q_ind_128_anc_5-2,0.000606,0.000000,0.000000,0.005605
Q_ind_129_anc_5-2,0.000357,0.000000,0.000000,0.003528
Q_ind_130_anc_5-2,0.000668,0.000000,0.000000,0.008538
Q_ind_131_anc_5-2,0.001369,0.000000,0.000000,0.021811
Q_ind_132_anc_5-2,0.002402,0.000000,0.000000,0.028033
Q_ind_133_anc_5-2,0.000475,0.000000,0.000000,0.006032
Q_ind_134_anc_5-2,0.002281,0.000000,0.000000,0.031530
Q_ind_135_anc_5-2,0.000410,0.000000,0.000000,0.005067
Q_ind_136_anc_5-2,0.001616,0.000000,0.000000,0.023075
Q_ind_137_anc_5-2,0.000958,0.000000,0.000000,0.013441
Q_ind_138_anc_5-2,0.006084,0.000000,0.000000,0.055677
Q_ind_139_anc_5-2,0.006200,0.000000,0.000000,0.065281
Q_ind_140_anc_5-2,0.000613,0.000000,0.000000,0.007207
Q_ind_141_anc_5-2,0.002016,0.000000,0.000000,0.028957
Q_ind_142_anc_5-2,0.001582,0.000000,0.000000,0.020937
Q_ind_143_anc_5-2,0.000287,0.000000,0.000000,0.003807
Q_ind_144_anc_5-2,0.002019,0.000000,0.000000,0.027397
Q_ind_145_anc_5-2,0.000339,0.000000,0.000000,0.004773
Q_ind_146_anc_5-2,0.002142,0.000000,0.000000,0.029799
Q_ind_147_anc_5-2,0.000398,0.000000,0.000000,0.005292
Q_ind_148_anc_5-2,0.000832,0.000000,0.000000,0.010546
Q_ind_149_anc_5-2,0.000331,0.000000,0.000000,0.004886
Q_ind_150_anc_5-2,0.000327,0.000000,0.000000,0.003858
Q_ind_151_anc_5-2,0.000555,0.000000,0.000000,0.007828
Q_ind_152_anc_5-2,0.000238,0.000000,0.000000,0.002839
Q_ind_153_anc_5-2,0.000324,0.000000,0.000000,0.003822
Q_ind_154_anc_5-2,0.000590,0.000000,0.000000,0.008439
Q_ind_155_anc_5-2,0.000534,0.000000,0.000000,0.006610
Q_ind_156_anc_5-2,0.002252,0.000000,0.000000,0.030463
Q_ind_157_anc_5-2,0.000478,0.000000,0.000000,0.005951
Q_ind_158_anc_5-2,0.003477,0.000000,0.000000,0.045823
Q_ind_159_anc_5-2,0.002473,0.000000,0.000000,0.036496
Q_ind_160_anc_5-2,0.001991,0.000000,0.000000,0.028120
Q_ind_161_anc_5-2,0.000431,0.000000,0.000000,0.005133
Q_ind_162_anc_5-2,0.000564,0.000000,0.000000,0.008107
Q_ind_163_anc_5-2,0.000758,0.000000,0.000000,0.010684
Q_ind_164_anc_5-2,0.002254,0.000000,0.000000,0.027874
Q_ind_165_anc_5-2,0.000585,0.000000,0.000000,0.006116
Q_ind_166_anc_5-2,0.003025,0.000000,0.000000,0.040303
Q_ind_167_anc_5-2,0.011566,0.000000,0.000000,0.136906
Q_ind_168_anc_5-2,0.000744,0.000000,0.000000,0.008781
Q_ind_169_anc_5-2,0.000401,0.000000,0.000000,0.005143
Q_ind_170_anc_5-2,0.000396,0.000000,0.000000,0.004565
Q_ind_171_anc_5-2,0.000743,0.000000,0.000000,0.008521
Q_ind_172_anc_5-2,0.000243,0.000000,0.000000,0.003032
Q_ind_173_anc_5-2,0.001123,0.000000,0.000000,0.016553
Q_ind_174_anc_5-2,0.000187,0.000000,0.000000,0.002250
Q_ind_175_anc_5-2,0.028088,0.001417,0.000000,0.105787
Q_ind_176_anc_5-2,0.002283,0.000000,0.000000,0.029485
Q_ind_177_anc_5-2,0.001312,0.000000,0.000000,0.017419
Q_ind_178_anc_5-2,0.003353,0.000000,0.000000,0.036004
Q_ind_179_anc_5-2,0.025249,0.000046,0.000000,0.115306
Q_ind_180_anc_5-2,0.000445,0.000000,0.000000,0.005080
Q_ind_181_anc_5-2,0.002281,0.000000,0.000000,0.033760
Q_ind_182_anc_5-2,0.000872,0.000000,0.000000,0.011519
Q_ind_183_anc_5-2,0.001093,0.000000,0.000000,0.016232
Q_ind_184_anc_5-2,0.001509,0.000000,0.000000,0.018406
Q_ind_185_anc_5-2,0.002243,0.000000,0.000000,0.038667
Q_ind_186_anc_5-2,0.000462,0.000000,0.000000,0.006161
Q_ind_187_anc_5-2,0.000557,0.000000,0.000000,0.007393
Q_ind_188_anc_5-2,0.000874,0.000000,0.000000,0.010188
Q_ind_189_anc_5-2,0.001090,0.000000,0.000000,0.016381
Q_ind_190_anc_5-2,0.005006,0.000000,0.000000,0.051635
Q_ind_191_anc_5-2,0.000971,0.000000,0.000000,0.012812
Q_ind_192_anc_5-2,0.013538,0.000000,0.000000,0.104235
Q_ind_193_anc_5-2,0.013050,0.000000,0.000000,0.120610
Q_ind_194_anc_5-2,0.000148,0.000000,0.000000,0.001665
Q_ind_195_anc_5-2,0.000509,0.000000,0.000000,0.007234
Q_ind_196_anc_5-2,0.000153,0.000000,0.000000,0.001774
Q_ind_197_anc_5-2,0.000136,0.000000,0.000000,0.001488
Q_ind_198_anc_5-2,0.000137,0.000000,0.000000,0.001614
Q_ind_199_anc_5-2,0.001601,0.000000,0.000000,0.022702
Q_ind_200_anc_5-2,0.000195,0.000000,0.000000,0.001910
Q_ind_201_anc_5-2,0.000463,0.000000,0.000000,0.005436
Q_ind_202_anc_5-2,0.000380,0.000000,0.000000,0.003978
Q_ind_203_anc_5-2,0.006236,0.000000,0.000000,0.062594
Q_ind_204_anc_5-2,0.001762,0.000000,0.000000,0.022481
Q_ind_205_anc_5-2,0.004095,0.000000,0.000000,0.046376
Q_ind_206_anc_5-2,0.000792,0.000000,0.000000,0.009942
Q_ind_207_anc_5-2,0.006330,0.000000,0.000000,0.079265
Q_ind_208_anc_5-2,0.000354,0.000000,0.000000,0.004416
Q_ind_209_anc_5-2,0.034308,0.031928,0.000000,0.101217
Q_ind_210_anc_5-2,0.000316,0.000000,0.000000,0.004191
Q_ind_211_anc_5-2,0.007860,0.000000,0.000000,0.072655
Q_ind_212_anc_5-2,0.002109,0.000000,0.000000,0.034120
Q_ind_213_anc_5-2,0.001796,0.000000,0.000000,0.025711
Q_ind_214_anc_5-2,0.001154,0.000000,0.000000,0.014652
Q_ind_215_anc_5-2,0.000286,0.000000,0.000000,0.003163
Q_ind_216_anc_5-2,0.000755,0.000000,0.000000,0.009581
Q_ind_217_anc_5-2,0.000592,0.000000,0.000000,0.006580
Q_ind_218_anc_5-2,0.000167,0.000000,0.000000,0.001857
Q_ind_219_anc_5-2,0.000198,0.000000,0.000000,0.002214
Q_ind_220_anc_5-2,0.000848,0.000000,0.000000,0.011399
Q_ind_221_anc_5-2,0.000679,0.000000,0.000000,0.007589
Q_ind_222_anc_5-2,0.000376,0.000000,0.000000,0.004335
Q_ind_223_anc_5-2,0.004264,0.000000,0.000000,0.066839
Q_ind_224_anc_5-2,0.037182,0.015088,0.000000,0.129618
Q_ind_225_anc_5-2,0.000627,0.000000,0.000000,0.007692
Q_ind_226_anc_5-2,0.001295,0.000000,0.000000,0.018781
Q_ind_227_anc_5-2,0.012405,0.000000,0.000000,0.099340
Q_ind_228_anc_5-2,0.008440,0.000000,0.000000,0.090713
Q_ind_229_anc_5-2,0.000543,0.000000,0.000000,0.007626
Q_ind_230_anc_5-2,0.002800,0.000000,0.000000,0.035189
Q_ind_231_anc_5-2,0.001585,0.000000,0.000000,0.020880
Q_ind_232_anc_5-2,0.010686,0.000000,0.000000,0.099999
Q_ind_233_anc_5-2,0.012932,0.000000,0.000000,0.122022
Q_ind_234_anc_5-2,0.000163,0.000000,0.000000,0.001687
Q_ind_235_anc_5-2,0.000267,0.000000,0.000000,0.003016
Q_ind_236_anc_5-2,0.000965,0.000000,0.000000,0.014513
Q_ind_237_anc_5-2,0.000268,0.000000,0.000000,0.002891
Q_ind_238_anc_5-2,0.000303,0.000000,0.000000,0.003666
Q_ind_239_anc_5-2,0.000191,0.000000,0.000000,0.002164
Q_ind_240_anc_5-2,0.000247,0.000000,0.000000,0.002691
Q_ind_241_anc_5-2,0.000167,0.000000,0.000000,0.001954
Q_ind_242_anc_5-2,0.000501,0.000000,0.000000,0.007197
Q_ind_243_anc_5-2,0.000333,0.000000,0.000000,0.004546
Q_ind_244_anc_5-2,0.000342,0.000000,0.000000,0.004282
Q_ind_245_anc_5-2,0.000345,0.000000,0.000000,0.003543
Q_ind_1_anc_5-3,0.000500,0.000000,0.000000,0.006460
Q_ind_2_anc_5-3,0.098310,0.111028,0.000000,0.171980
Q_ind_3_anc_5-3,0.148054,0.149409,0.083458,0.202392
Q_ind_4_anc_5-3,0.036905,0.004288,0.000000,0.127003
Q_ind_5_anc_5-3,0.035050,0.000002,0.000000,0.166949
Q_ind_6_anc_5-3,0.066500,0.000114,0.000000,0.205001
Q_ind_7_anc_5-3,0.022789,0.000000,0.000000,0.134979
Q_ind_8_anc_5-3,0.001358,0.000000,0.000000,0.020578
Q_ind_9_anc_5-3,0.071349,0.079336,0.000000,0.179166
Q_ind_10_anc_5-3,0.125489,0.125620,0.075795,0.172218
Q_ind_11_anc_5-3,0.015210,0.000000,0.000000,0.098720
Q_ind_12_anc_5-3,0.097548,0.112386,0.000000,0.178414
Q_ind_13_anc_5-3,0.000481,0.000000,0.000000,0.005147
Q_ind_14_anc_5-3,0.000283,0.000000,0.000000,0.003371
Q_ind_15_anc_5-3,0.001548,0.000000,0.000000,0.021520
Q_ind_16_anc_5-3,0.000389,0.000000,0.000000,0.004944
Q_ind_17_anc_5-3,0.000490,0.000000,0.000000,0.004287
Q_ind_18_anc_5-3,0.000501,0.000000,0.000000,0.006815
Q_ind_19_anc_5-3,0.000236,0.000000,0.000000,0.002670
Q_ind_20_anc_5-3,0.000526,0.000000,0.000000,0.006574
Q_ind_21_anc_5-3,0.000521,0.000000,0.000000,0.006107
Q_ind_22_anc_5-3,0.001643,0.000000,0.000000,0.026601
Q_ind_23_anc_5-3,0.001118,0.000000,0.000000,0.014820
Q_ind_24_anc_5-3,0.002566,0.000000,0.000000,0.035178
Q_ind_25_anc_5-3,0.000192,0.000000,0.000000,0.002391
Q_ind_26_anc_5-3,0.002110,0.000000,0.000000,0.026176
Q_ind_27_anc_5-3,0.000350,0.000000,0.000000,0.004483
Q_ind_28_anc_5-3,0.005991,0.000000,0.000000,0.045528
Q_ind_29_anc_5-3,0.003558,0.000000,0.000000,0.030675
Q_ind_30_anc_5-3,0.001555,0.000000,0.000000,0.022740
Q_ind_31_anc_5-3,0.000245,0.000000,0.000000,0.002788
Q_ind_32_anc_5-3,0.000327,0.000000,0.000000,0.004485
Q_ind_33_anc_5-3,0.000642,0.000000,0.000000,0.008721
Q_ind_34_anc_5-3,0.000526,0.000000,0.000000,0.006861
Q_ind_35_anc_5-3,0.000427,0.000000,0.000000,0.004925
Q_ind_36_anc_5-3,0.000249,0.000000,0.000000,0.003030
Q_ind_37_anc_5-3,0.000586,0.000000,0.000000,0.007957
Q_ind_38_anc_5-3,0.000337,0.000000,0.000000,0.003954
Q_ind_39_anc_5-3,0.000985,0.000000,0.000000,0.013542
Q_ind_40_anc_5-3,0.001520,0.000000,0.000000,0.021556
Q_ind_41_anc_5-3,0.002797,0.000000,0.000000,0.043413
Q_ind_42_anc_5-3,0.000322,0.000000,0.000000,0.004484
Q_ind_43_anc_5-3,0.000411,0.000000,0.000000,0.005310
Q_ind_44_anc_5-3,0.000234,0.000000,0.000000,0.002603
Q_ind_45_anc_5-3,0.000187,0.000000,0.000000,0.002011
Q_ind_46_anc_5-3,0.000124,0.000000,0.000000,0.001302
Q_ind_47_anc_5-3,0.000699,0.000000,0.000000,0.008604
Q_ind_48_anc_5-3,0.000258,0.000000,0.000000,0.002780
Q_ind_49_anc_5-3,0.000166,0.000000,0.000000,0.002154
Q_ind_50_anc_5-3,0.000171,0.000000,0.000000,0.001789
Q_ind_51_anc_5-3,0.000128,0.000000,0.000000,0.001410
Q_ind_52_anc_5-3,0.000151,0.000000,0.000000,0.001785
Q_ind_53_anc_5-3,0.000157,0.000000,0.000000,0.001715
Q_ind_54_anc_5-3,0.000129,0.000000,0.000000,0.001344
Q_ind_55_anc_5-3,0.000084,0.000000,0.000000,0.001111
Q_ind_56_anc_5-3,0.000121,0.000000,0.000000,0.001268
Q_ind_57_anc_5-3,0.000269,0.000000,0.000000,0.003333
Q_ind_58_anc_5-3,0.000187,0.000000,0.000000,0.002503
Q_ind_59_anc_5-3,0.000821,0.000000,0.000000,0.011282
Q_ind_60_anc_5-3,0.000119,0.000000,0.000000,0.001400
Q_ind_61_anc_5-3,0.000571,0.000000,0.000000,0.008544
Q_ind_62_anc_5-3,0.000978,0.000000,0.000000,0.014387
Q_ind_63_anc_5-3,0.000323,0.000000,0.000000,0.003945
Q_ind_64_anc_5-3,0.000433,0.000000,0.000000,0.005391
Q_ind_65_anc_5-3,0.000186,0.000000,0.000000,0.001966
Q_ind_66_anc_5-3,0.000161,0.000000,0.000000,0.001695
Q_ind_67_anc_5-3,0.198014,0.197563,0.119618,0.277618
Q_ind_68_anc_5-3,0.000461,0.000000,0.000000,0.007081
Q_ind_69_anc_5-3,0.000443,0.000000,0.000000,0.005331
Q_ind_70_anc_5-3,0.000143,0.000000,0.000000,0.001577
Q_ind_71_anc_5-3,0.000234,0.000000,0.000000,0.002986
Q_ind_72_anc_5-3,0.000847,0.000000,0.000000,0.010988
Q_ind_73_anc_5-3,0.000798,0.000000,0.000000,0.010791
Q_ind_74_anc_5-3,0.001017,0.000000,0.000000,0.013648
Q_ind_75_anc_5-3,0.000265,0.000000,0.000000,0.003229
Q_ind_76_anc_5-3,0.000553,0.000000,0.000000,0.006633
Q_ind_77_anc_5-3,0.001402,0.000000,0.000000,0.021275
Q_ind_78_anc_5-3,0.000508,0.000000,0.000000,0.006989
Q_ind_79_anc_5-3,0.000764,0.000000,0.000000,0.008680
Q_ind_80_anc_5-3,0.003005,0.000000,0.000000,0.044563
Q_ind_81_anc_5-3,0.000354,0.000000,0.000000,0.003687
Q_ind_82_anc_5-3,0.000687,0.000000,0.000000,0.010231
Q_ind_83_anc_5-3,0.001212,0.000000,0.000000,0.013675
Q_ind_84_anc_5-3,0.000813,0.000000,0.000000,0.008317
Q_ind_85_anc_5-3,0.003466,0.000000,0.000000,0.036803
Q_ind_86_anc_5-3,0.004365,0.000000,0.000000,0.052924
Q_ind_87_anc_5-3,0.001034,0.000000,0.000000,0.010368
Q_ind_88_anc_5-3,0.000667,0.000000,0.000000,0.008510
Q_ind_89_anc_5-3,0.000243,0.000000,0.000000,0.002699
Q_ind_90_anc_5-3,0.000918,0.000000,0.000000,0.010919
Q_ind_91_anc_5-3,0.000345,0.000000,0.000000,0.003473
Q_ind_92_anc_5-3,0.000273,0.000000,0.000000,0.003337
Q_ind_93_anc_5-3,0.000479,0.000000,0.000000,0.005929
Q_ind_94_anc_5-3,0.000320,0.000000,0.000000,0.003410
Q_ind_95_anc_5-3,0.003981,0.000000,0.000000,0.047255
Q_ind_96_anc_5-3,0.000340,0.000000,0.000000,0.004530
Q_ind_97_anc_5-3,0.001574,0.000000,0.000000,0.016863
Q_ind_98_anc_5-3,0.000198,0.000000,0.000000,0.002071
Q_ind_99_anc_5-3,0.000420,0.000000,0.000000,0.004884
Q_ind_100_anc_5-3,0.000363,0.000000,0.000000,0.004491
Q_ind_101_anc_5-3,0.000097,0.000000,0.000000,0.001137
Q_ind_102_anc_5-3,0.000069,0.000000,0.000000,0.000741
Q_ind_103_anc_5-3,0.000109,0.000000,0.000000,0.001259
Q_ind_104_anc_5-3,0.000065,0.000000,0.000000,0.000745
Q_ind_105_anc_5-3,0.000212,0.000000,0.000000,0.002816
Q_ind_106_anc_5-3,0.000242,0.000000,0.000000,0.003003
Q_ind_107_anc_5-3,0.001593,0.000000,0.000000,0.021504
Q_ind_108_anc_5-3,0.000345,0.000000,0.000000,0.004229
Q_ind_109_anc_5-3,0.001279,0.000000,0.000000,0.018318
Q_ind_110_anc_5-3,0.000961,0.000000,0.000000,0.012813
Q_ind_111_anc_5-3,0.000264,0.000000,0.000000,0.002780
Q_ind_112_anc_5-3,0.000466,0.000000,0.000000,0.006150
Q_ind_113_anc_5-3,0.000404,0.000000,0.000000,0.004357
Q_ind_114_anc_5-3,0.002335,0.000000,0.000000,0.029377
Q_ind_115_anc_5-3,0.001346,0.000000,0.000000,0.017892
Q_ind_116_anc_5-3,0.000219,0.000000,0.000000,0.002600
Q_ind_117_anc_5-3,0.000260,0.000000,0.000000,0.003167
Q_ind_118_anc_5-3,0.000209,0.000000,0.000000,0.002437
Q_ind_119_anc_5-3,0.000450,0.000000,0.000000,0.005502
Q_ind_120_anc_5-3,0.000134,0.000000,0.000000,0.001736
Q_ind_121_anc_5-3,0.000390,0.000000,0.000000,0.004789
Q_ind_122_anc_5-3,0.000251,0.000000,0.000000,0.003296
Q_ind_123_anc_5-3,0.000160,0.000000,0.000000,0.001940
Q_ind_124_anc_5-3,0.000326,0.000000,0.000000,0.003736
Q_ind_125_anc_5-3,0.002187,0.000000,0.000000,0.028171
Q_ind_126_anc_5-3,0.001455,0.000000,0.000000,0.020784
Q_ind_127_anc_5-3,0.000226,0.000000,0.000000,0.002758
Q_ind_128_anc_5-3,0.000227,0.000000,0.000000,0.002430
Q_ind_129_anc_5-3,0.001096,0.000000,0.000000,0.015491
Q_ind_130_anc_5-3,0.000496,0.000000,0.000000,0.004708
Q_ind_131_anc_5-3,0.000555,0.000000,0.000000,0.006624
Q_ind_132_anc_5-3,0.000230,0.000000,0.000000,0.003125
Q_ind_133_anc_5-3,0.000177,0.000000,0.000000,0.002180
Q_ind_134_anc_5-3,0.000388,0.000000,0.000000,0.005684
Q_ind_135_anc_5-3,0.000489,0.000000,0.000000,0.006670
Q_ind_136_anc_5-3,0.000260,0.000000,0.000000,0.002747
Q_ind_137_anc_5-3,0.000201,0.000000,0.000000,0.001923
Q_ind_138_anc_5-3,0.000705,0.000000,0.000000,0.009050
Q_ind_139_anc_5-3,0.000584,0.000000,0.000000,0.008401
Q_ind_140_anc_5-3,0.000141,0.000000,0.000000,0.001808
Q_ind_141_anc_5-3,0.000264,0.000000,0.000000,0.002915
Q_ind_142_anc_5-3,0.000229,0.000000,0.000000,0.002786
Q_ind_143_anc_5-3,0.000162,0.000000,0.000000,0.001777
Q_ind_144_anc_5-3,0.000314,0.000000,0.000000,0.004318
Q_ind_145_anc_5-3,0.000270,0.000000,0.000000,0.003442
Q_ind_146_anc_5-3,0.000530,0.000000,0.000000,0.006362
Q_ind_147_anc_5-3,0.000415,0.000000,0.000000,0.004656
Q_ind_148_anc_5-3,0.000471,0.000000,0.000000,0.006096
Q_ind_149_anc_5-3,0.007664,0.000000,0.000000,0.054380
Q_ind_150_anc_5-3,0.000265,0.000000,0.000000,0.003275
Q_ind_151_anc_5-3,0.000435,0.000000,0.000000,0.005754
Q_ind_152_anc_5-3,0.000161,0.000000,0.000000,0.002066
Q_ind_153_anc_5-3,0.000310,0.000000,0.000000,0.004163
Q_ind_154_anc_5-3,0.000272,0.000000,0.000000,0.003376
Q_ind_155_anc_5-3,0.001424,0.000000,0.000000,0.021720
Q_ind_156_anc_5-3,0.045965,0.043344,0.000000,0.132705
Q_ind_157_anc_5-3,0.007083,0.000000,0.000000,0.063107
Q_ind_158_anc_5-3,0.029490,0.010038,0.000000,0.117725
Q_ind_159_anc_5-3,0.009105,0.000000,0.000000,0.075367
Q_ind_160_anc_5-3,0.039843,0.029065,0.000000,0.136617
Q_ind_161_anc_5-3,0.000510,0.000000,0.000000,0.007041
Q_ind_162_anc_5-3,0.000502,0.000000,0.000000,0.006330
Q_ind_163_anc_5-3,0.009030,0.000000,0.000000,0.069779
Q_ind_164_anc_5-3,0.011405,0.000000,0.000000,0.088891
Q_ind_165_anc_5-3,0.001598,0.000000,0.000000,0.020916
Q_ind_166_anc_5-3,0.000311,0.000000,0.000000,0.004064
Q_ind_167_anc_5-3,0.000415,0.000000,0.000000,0.005326
Q_ind_168_anc_5-3,0.000570,0.000000,0.000000,0.007621
Q_ind_169_anc_5-3,0.000157,0.000000,0.000000,0.001916
Q_ind_170_anc_5-3,0.000296,0.000000,0.000000,0.003679
Q_ind_171_anc_5-3,0.001154,0.000000,0.000000,0.016508
Q_ind_172_anc_5-3,0.000136,0.000000,0.000000,0.001485
Q_ind_173_anc_5-3,0.000105,0.000000,0.000000,0.001174
Q_ind_174_anc_5-3,0.000106,0.000000,0.000000,0.001207
Q_ind_175_anc_5-3,0.000565,0.000000,0.000000,0.007654
Q_ind_176_anc_5-3,0.000697,0.000000,0.000000,0.008457
Q_ind_177_anc_5-3,0.002867,0.000000,0.000000,0.037937
Q_ind_178_anc_5-3,0.009123,0.000000,0.000000,0.070334
Q_ind_179_anc_5-3,0.004622,0.000000,0.000000,0.059058
Q_ind_180_anc_5-3,0.002802,0.000000,0.000000,0.034708
Q_ind_181_anc_5-3,0.011594,0.000000,0.000000,0.067105
Q_ind_182_anc_5-3,0.000615,0.000000,0.000000,0.005942
Q_ind_183_anc_5-3,0.001145,0.000000,0.000000,0.013641
Q_ind_184_anc_5-3,0.000951,0.000000,0.000000,0.012605
Q_ind_185_anc_5-3,0.000547,0.000000,0.000000,0.006587
Q_ind_186_anc_5-3,0.000248,0.000000,0.000000,0.003097
Q_ind_187_anc_5-3,0.000136,0.000000,0.000000,0.001400
Q_ind_188_anc_5-3,0.000186,0.000000,0.000000,0.002487
Q_ind_189_anc_5-3,0.000242,0.000000,0.000000,0.002586
Q_ind_190_anc_5-3,0.001754,0.000000,0.000000,0.021996
Q_ind_191_anc_5-3,0.000113,0.000000,0.000000,0.001355
Q_ind_192_anc_5-3,0.001422,0.000000,0.000000,0.021216
Q_ind_193_anc_5-3,0.000883,0.000000,0.000000,0.011778
Q_ind_194_anc_5-3,0.000162,0.000000,0.000000,0.001883
Q_ind_195_anc_5-3,0.003043,0.000000,0.000000,0.047860
Q_ind_196_anc_5-3,0.000178,0.000000,0.000000,0.001985
Q_ind_197_anc_5-3,0.000125,0.000000,0.000000,0.001414
Q_ind_198_anc_5-3,0.000190,0.000000,0.000000,0.001791
Q_ind_199_anc_5-3,0.000903,0.000000,0.000000,0.012216
Q_ind_200_anc_5-3,0.000295,0.000000,0.000000,0.003594
Q_ind_201_anc_5-3,0.000424,0.000000,0.000000,0.004973
Q_ind_202_anc_5-3,0.001009,0.000000,0.000000,0.012792
Q_ind_203_anc_5-3,0.016656,0.000003,0.000000,0.078704
Q_ind_204_anc_5-3,0.001491,0.000000,0.000000,0.019279
Q_ind_205_anc_5-3,0.001434,0.000000,0.000000,0.019341
Q_ind_206_anc_5-3,0.001642,0.000000,0.000000,0.024364
Q_ind_207_anc_5-3,0.030491,0.010625,0.000000,0.100432
Q_ind_208_anc_5-3,0.007286,0.000000,0.000000,0.083240
Q_ind_209_anc_5-3,0.001683,0.000000,0.000000,0.021528
Q_ind_210_anc_5-3,0.001338,0.000000,0.000000,0.017355
Q_ind_211_anc_5-3,0.000873,0.000000,0.000000,0.011347
Q_ind_212_anc_5-3,0.000279,0.000000,0.000000,0.003365
Q_ind_213_anc_5-3,0.000947,0.000000,0.000000,0.012039
Q_ind_214_anc_5-3,0.000381,0.000000,0.000000,0.004788
Q_ind_215_anc_5-3,0.000448,0.000000,0.000000,0.005583
Q_ind_216_anc_5-3,0.001007,0.000000,0.000000,0.014307
Q_ind_217_anc_5-3,0.000123,0.000000,0.000000,0.001247
Q_ind_218_anc_5-3,0.000241,0.000000,0.000000,0.002431
Q_ind_219_anc_5-3,0.000519,0.000000,0.000000,0.007056
Q_ind_220_anc_5-3,0.000431,0.000000,0.000000,0.005729
Q_ind_221_anc_5-3,0.000437,0.000000,0.000000,0.005003
Q_ind_222_anc_5-3,0.000401,0.000000,0.000000,0.005132
Q_ind_223_anc_5-3,0.009218,0.000000,0.000000,0.099691
Q_ind_224_anc_5-3,0.000448,0.000000,0.000000,0.004836
Q_ind_225_anc_5-3,0.001291,0.000000,0.000000,0.018066
Q_ind_226_anc_5-3,0.000751,0.000000,0.000000,0.007968
Q_ind_227_anc_5-3,0.008682,0.000000,0.000000,0.080389
Q_ind_228_anc_5-3,0.002454,0.000000,0.000000,0.032772
Q_ind_229_anc_5-3,0.004630,0.000000,0.000000,0.052847
Q_ind_230_anc_5-3,0.001734,0.000000,0.000000,0.023839
Q_ind_231_anc_5-3,0.001303,0.000000,0.000000,0.017891
Q_ind_232_anc_5-3,0.004480,0.000000,0.000000,0.043117
Q_ind_233_anc_5-3,0.000618,0.000000,0.000000,0.007142
Q_ind_234_anc_5-3,0.000356,0.000000,0.000000,0.004882
Q_ind_235_anc_5-3,0.000151,0.000000,0.000000,0.001799
Q_ind_236_anc_5-3,0.000095,0.000000,0.000000,0.001178
Q_ind_237_anc_5-3,0.000159,0.000000,0.000000,0.001806
Q_ind_238_anc_5-3,0.000187,0.000000,0.000000,0.001727
Q_ind_239_anc_5-3,0.000194,0.000000,0.000000,0.002254
Q_ind_240_anc_5-3,0.000076,0.000000,0.000000,0.000781
Q_ind_241_anc_5-3,0.000215,0.000000,0.000000,0.002471
Q_ind_242_anc_5-3,0.000733,0.000000,0.000000,0.009410
Q_ind_243_anc_5-3,0.000184,0.000000,0.000000,0.002191
Q_ind_244_anc_5-3,0.000513,0.000000,0.000000,0.007452
Q_ind_245_anc_5-3,0.000085,0.000000,0.000000,0.000996
Q_ind_1_anc_5-4,0.188825,0.188192,0.115423,0.265603
Q_ind_2_anc_5-4,0.017990,0.000000,0.000000,0.148324
Q_ind_3_anc_5-4,0.010305,0.000000,0.000000,0.115338
Q_ind_4_anc_5-4,0.205887,0.209935,0.087479,0.313095
Q_ind_5_anc_5-4,0.075747,0.091100,0.000000,0.170736
Q_ind_6_anc_5-4,0.104453,0.136130,0.000000,0.237422
Q_ind_7_anc_5-4,0.083075,0.087008,0.000000,0.221482
Q_ind_8_anc_5-4,0.150061,0.150537,0.065299,0.227022
Q_ind_9_anc_5-4,0.005014,0.000000,0.000000,0.060164
Q_ind_10_anc_5-4,0.002240,0.000000,0.000000,0.028683
Q_ind_11_anc_5-4,0.117157,0.145935,0.000000,0.255901
Q_ind_12_anc_5-4,0.048442,0.000430,0.000000,0.193730
Q_ind_13_anc_5-4,0.000366,0.000000,0.000000,0.004215
Q_ind_14_anc_5-4,0.000495,0.000000,0.000000,0.007022
Q_ind_15_anc_5-4,0.001401,0.000000,0.000000,0.021333
Q_ind_16_anc_5-4,0.000890,0.000000,0.000000,0.007911
Q_ind_17_anc_5-4,0.001458,0.000000,0.000000,0.020160
Q_ind_18_anc_5-4,0.000411,0.000000,0.000000,0.005019
Q_ind_19_anc_5-4,0.000376,0.000000,0.000000,0.004282
Q_ind_20_anc_5-4,0.000316,0.000000,0.000000,0.003997
Q_ind_21_anc_5-4,0.000438,0.000000,0.000000,0.005112
Q_ind_22_anc_5-4,0.000498,0.000000,0.000000,0.006039
Q_ind_23_anc_5-4,0.000647,0.000000,0.000000,0.009121
Q_ind_24_anc_5-4,0.001403,0.000000,0.000000,0.018366
Q_ind_25_anc_5-4,0.000294,0.000000,0.000000,0.002960
Q_ind_26_anc_5-4,0.000182,0.000000,0.000000,0.002271
Q_ind_27_anc_5-4,0.000210,0.000000,0.000000,0.002636
Q_ind_28_anc_5-4,0.001145,0.000000,0.000000,0.013297
Q_ind_29_anc_5-4,0.000498,0.000000,0.000000,0.006962
Q_ind_30_anc_5-4,0.000465,0.000000,0.000000,0.005242
Q_ind_31_anc_5-4,0.003882,0.000000,0.000000,0.049759
Q_ind_32_anc_5-4,0.000694,0.000000,0.000000,0.006871
Q_ind_33_anc_5-4,0.004012,0.000000,0.000000,0.045370
Q_ind_34_anc_5-4,0.001950,0.000000,0.000000,0.025944
Q_ind_35_anc_5-4,0.001327,0.000000,0.000000,0.017068
Q_ind_36_anc_5-4,0.001486,0.000000,0.000000,0.020640
Q_ind_37_anc_5-4,0.000924,0.000000,0.000000,0.012187
Q_ind_38_anc_5-4,0.001870,0.000000,0.000000,0.026732
Q_ind_39_anc_5-4,0.001045,0.000000,0.000000,0.013064
Q_ind_40_anc_5-4,0.001191,0.000000,0.000000,0.014702
Q_ind_41_anc_5-4,0.002416,0.000000,0.000000,0.035244
Q_ind_42_anc_5-4,0.000174,0.000000,0.000000,0.002090
Q_ind_43_anc_5-4,0.000314,0.000000,0.000000,0.003997
Q_ind_44_anc_5-4,0.000165,0.000000,0.000000,0.002044
Q_ind_45_anc_5-4,0.000251,0.000000,0.000000,0.002212
Q_ind_46_anc_5-4,0.000202,0.000000,0.000000,0.002347
Q_ind_47_anc_5-4,0.000324,0.000000,0.000000,0.004104
Q_ind_48_anc_5-4,0.000211,0.000000,0.000000,0.002511
Q_ind_49_anc_5-4,0.000139,0.000000,0.000000,0.001214
Q_ind_50_anc_5-4,0.000230,0.000000,0.000000,0.003030
Q_ind_51_anc_5-4,0.000386,0.000000,0.000000,0.004558
Q_ind_52_anc_5-4,0.000177,0.000000,0.000000,0.002157
Q_ind_53_anc_5-4,0.000145,0.000000,0.000000,0.001824
Q_ind_54_anc_5-4,0.000296,0.000000,0.000000,0.003692
Q_ind_55_anc_5-4,0.000150,0.000000,0.000000,0.001621
Q_ind_56_anc_5-4,0.000255,0.000000,0.000000,0.002973
Q_ind_57_anc_5-4,0.000248,0.000000,0.000000,0.002873
Q_ind_58_anc_5-4,0.000231,0.000000,0.000000,0.003137
Q_ind_59_anc_5-4,0.000261,0.000000,0.000000,0.002867
Q_ind_60_anc_5-4,0.000212,0.000000,0.000000,0.002453
Q_ind_61_anc_5-4,0.000891,0.000000,0.000000,0.012692
Q_ind_62_anc_5-4,0.000971,0.000000,0.000000,0.012479
Q_ind_63_anc_5-4,0.001363,0.000000,0.000000,0.015951
Q_ind_64_anc_5-4,0.000378,0.000000,0.000000,0.004876
Q_ind_65_anc_5-4,0.000505,0.000000,0.000000,0.006493
Q_ind_66_anc_5-4,0.000394,0.000000,0.000000,0.005163
Q_ind_67_anc_5-4,0.017936,0.000000,0.000000,0.091857
Q_ind_68_anc_5-4,0.000317,0.000000,0.000000,0.004237
Q_ind_69_anc_5-4,0.000556,0.000000,0.000000,0.007153
Q_ind_70_anc_5-4,0.000184,0.000000,0.000000,0.002040
Q_ind_71_anc_5-4,0.000256,0.000000,0.000000,0.003324
Q_ind_72_anc_5-4,0.000964,0.000000,0.000000,0.012765
Q_ind_73_anc_5-4,0.001129,0.000000,0.000000,0.015129
Q_ind_74_anc_5-4,0.000607,0.000000,0.000000,0.007778
Q_ind_75_anc_5-4,0.000675,0.000000,0.000000,0.007251
Q_ind_76_anc_5-4,0.000234,0.000000,0.000000,0.002665
Q_ind_77_anc_5-4,0.015749,0.000001,0.000000,0.082213
Q_ind_78_anc_5-4,0.003253,0.000000,0.000000,0.036783
Q_ind_79_anc_5-4,0.001615,0.000000,0.000000,0.022635
Q_ind_80_anc_5-4,0.001581,0.000000,0.000000,0.019599
Q_ind_81_anc_5-4,0.001169,0.000000,0.000000,0.014386
Q_ind_82_anc_5-4,0.003840,0.000000,0.000000,0.048210
Q_ind_83_anc_5-4,0.001752,0.000000,0.000000,0.022421
Q_ind_84_anc_5-4,0.000793,0.000000,0.000000,0.010049
Q_ind_85_anc_5-4,0.000529,0.000000,0.000000,0.006412
Q_ind_86_anc_5-4,0.001137,0.000000,0.000000,0.015146
Q_ind_87_anc_5-4,0.019478,0.000000,0.000000,0.102027
Q_ind_88_anc_5-4,0.000614,0.000000,0.000000,0.007508
Q_ind_89_anc_5-4,0.000475,0.000000,0.000000,0.005275
Q_ind_90_anc_5-4,0.000964,0.000000,0.000000,0.011909
Q_ind_91_anc_5-4,0.000437,0.000000,0.000000,0.005636
Q_ind_92_anc_5-4,0.000719,0.000000,0.000000,0.008253
Q_ind_93_anc_5-4,0.005462,0.000000,0.000000,0.063669
Q_ind_94_anc_5-4,0.000510,0.000000,0.000000,0.005357
Q_ind_95_anc_5-4,0.002118,0.000000,0.000000,0.029634
Q_ind_96_anc_5-4,0.000281,0.000000,0.000000,0.004274
Q_ind_97_anc_5-4,0.000511,0.000000,0.000000,0.006660
Q_ind_98_anc_5-4,0.000393,0.000000,0.000000,0.004613
Q_ind_99_anc_5-4,0.000335,0.000000,0.000000,0.004431
Q_ind_100_anc_5-4,0.000118,0.000000,0.000000,0.001408
Q_ind_101_anc_5-4,0.000090,0.000000,0.000000,0.001035
Q_ind_102_anc_5-4,0.000081,0.000000,0.000000,0.000894
Q_ind_103_anc_5-4,0.000178,0.000000,0.000000,0.002013
Q_ind_104_anc_5-4,0.000078,0.000000,0.000000,0.000826
Q_ind_105_anc_5-4,0.000220,0.000000,0.000000,0.002482
Q_ind_106_anc_5-4,0.000273,0.000000,0.000000,0.002984
Q_ind_107_anc_5-4,0.008468,0.000000,0.000000,0.090176
Q_ind_108_anc_5-4,0.002756,0.000000,0.000000,0.042283
Q_ind_109_anc_5-4,0.002538,0.000000,0.000000,0.031839
Q_ind_110_anc_5-4,0.074258,0.009774,0.000000,0.251918
Q_ind_111_anc_5-4,0.004333,0.000000,0.000000,0.056779
Q_ind_112_anc_5-4,0.005565,0.000000,0.000000,0.058607
Q_ind_113_anc_5-4,0.014347,0.000000,0.000000,0.127873
Q_ind_114_anc_5-4,0.018267,0.000000,0.000000,0.142176
Q_ind_115_anc_5-4,0.000655,0.000000,0.000000,0.009998
Q_ind_116_anc_5-4,0.000315,0.000000,0.000000,0.004497
Q_ind_117_anc_5-4,0.000207,0.000000,0.000000,0.002258
Q_ind_118_anc_5-4,0.000140,0.000000,0.000000,0.001540
Q_ind_119_anc_5-4,0.000582,0.000000,0.000000,0.008198
Q_ind_120_anc_5-4,0.000134,0.000000,0.000000,0.001444
Q_ind_121_anc_5-4,0.000607,0.000000,0.000000,0.009651
Q_ind_122_anc_5-4,0.000298,0.000000,0.000000,0.004307
Q_ind_123_anc_5-4,0.000287,0.000000,0.000000,0.003834
Q_ind_124_anc_5-4,0.000122,0.000000,0.000000,0.001308
Q_ind_125_anc_5-4,0.003652,0.000000,0.000000,0.038779
Q_ind_126_anc_5-4,0.000953,0.000000,0.000000,0.012467
Q_ind_127_anc_5-4,0.000308,0.000000,0.000000,0.003450
Q_ind_128_anc_5-4,0.000523,0.000000,0.000000,0.006832
Q_ind_129_anc_5-4,0.000941,0.000000,0.000000,0.011899
Q_ind_130_anc_5-4,0.000508,0.000000,0.000000,0.006664
Q_ind_131_anc_5-4,0.000545,0.000000,0.000000,0.006919
Q_ind_132_anc_5-4,0.000325,0.000000,0.000000,0.003332
Q_ind_133_anc_5-4,0.000304,0.000000,0.000000,0.002784
Q_ind_134_anc_5-4,0.000438,0.000000,0.000000,0.004978
Q_ind_135_anc_5-4,0.000380,0.000000,0.000000,0.004661
Q_ind_136_anc_5-4,0.000203,0.000000,0.000000,0.002346
Q_ind_137_anc_5-4,0.000228,0.000000,0.000000,0.002849
Q_ind_138_anc_5-4,0.000264,0.000000,0.000000,0.003108
Q_ind_139_anc_5-4,0.001265,0.000000,0.000000,0.017662
Q_ind_140_anc_5-4,0.000364,0.000000,0.000000,0.004311
Q_ind_141_anc_5-4,0.002438,0.000000,0.000000,0.030309
Q_ind_142_anc_5-4,0.000526,0.000000,0.000000,0.006750
Q_ind_143_anc_5-4,0.000310,0.000000,0.000000,0.003591
Q_ind_144_anc_5-4,0.001068,0.000000,0.000000,0.013980
Q_ind_145_anc_5-4,0.000320,0.000000,0.000000,0.004102
Q_ind_146_anc_5-4,0.000357,0.000000,0.000000,0.004592
Q_ind_147_anc_5-4,0.000550,0.000000,0.000000,0.007494
Q_ind_148_anc_5-4,0.000848,0.000000,0.000000,0.011754
Q_ind_149_anc_5-4,0.000464,0.000000,0.000000,0.006542
Q_ind_150_anc_5-4,0.000977,0.000000,0.000000,0.013413
Q_ind_151_anc_5-4,0.002293,0.000000,0.000000,0.024588
Q_ind_152_anc_5-4,0.000418,0.000000,0.000000,0.005755
Q_ind_153_anc_5-4,0.000533,0.000000,0.000000,0.007318
Q_ind_154_anc_5-4,0.001100,0.000000,0.000000,0.015092
Q_ind_155_anc_5-4,0.000307,0.000000,0.000000,0.003101
Q_ind_156_anc_5-4,0.006691,0.000000,0.000000,0.080151
Q_ind_157_anc_5-4,0.002131,0.000000,0.000000,0.029297
Q_ind_158_anc_5-4,0.012791,0.000000,0.000000,0.120390
Q_ind_159_anc_5-4,0.026700,0.004801,0.000000,0.105129
Q_ind_160_anc_5-4,0.007938,0.000000,0.000000,0.084173
Q_ind_161_anc_5-4,0.002792,0.000000,0.000000,0.036856
Q_ind_162_anc_5-4,0.000902,0.000000,0.000000,0.010999
Q_ind_163_anc_5-4,0.005722,0.000000,0.000000,0.070032
Q_ind_164_anc_5-4,0.011938,0.000000,0.000000,0.087156
Q_ind_165_anc_5-4,0.070457,0.079786,0.000000,0.180236
Q_ind_166_anc_5-4,0.015960,0.000000,0.000000,0.159028
Q_ind_167_anc_5-4,0.001526,0.000000,0.000000,0.024806
Q_ind_168_anc_5-4,0.000294,0.000000,0.000000,0.003151
Q_ind_169_anc_5-4,0.000276,0.000000,0.000000,0.002734
Q_ind_170_anc_5-4,0.000295,0.000000,0.000000,0.003261
Q_ind_171_anc_5-4,0.000246,0.000000,0.000000,0.002646
Q_ind_172_anc_5-4,0.000108,0.000000,0.000000,0.001131
Q_ind_173_anc_5-4,0.000241,0.000000,0.000000,0.002497
Q_ind_174_anc_5-4,0.000128,0.000000,0.000000,0.001202
Q_ind_175_anc_5-4,0.000455,0.000000,0.000000,0.005963
Q_ind_176_anc_5-4,0.000596,0.000000,0.000000,0.007199
Q_ind_177_anc_5-4,0.007025,0.000000,0.000000,0.079211
Q_ind_178_anc_5-4,0.004184,0.000000,0.000000,0.048444
Q_ind_179_anc_5-4,0.011258,0.000000,0.000000,0.078523
Q_ind_180_anc_5-4,0.002588,0.000000,0.000000,0.038997
Q_ind_181_anc_5-4,0.002640,0.000000,0.000000,0.040115
Q_ind_182_anc_5-4,0.001021,0.000000,0.000000,0.013879
Q_ind_183_anc_5-4,0.000799,0.000000,0.000000,0.010465
Q_ind_184_anc_5-4,0.006963,0.000000,0.000000,0.088737
Q_ind_185_anc_5-4,0.001864,0.000000,0.000000,0.026624
Q_ind_186_anc_5-4,0.000358,0.000000,0.000000,0.004390
Q_ind_187_anc_5-4,0.000794,0.000000,0.000000,0.011358
Q_ind_188_anc_5-4,0.001774,0.000000,0.000000,0.025168
Q_ind_189_anc_5-4,0.001026,0.000000,0.000000,0.014705
Q_ind_190_anc_5-4,0.001202,0.000000,0.000000,0.013865
Q_ind_191_anc_5-4,0.000765,0.000000,0.000000,0.009504
Q_ind_192_anc_5-4,0.765958,0.770449,0.653269,0.861188
Q_ind_193_anc_5-4,0.734597,0.737140,0.629865,0.823426
Q_ind_194_anc_5-4,0.000410,0.000000,0.000000,0.003825
Q_ind_195_anc_5-4,0.723505,0.722990,0.644773,0.800607
Q_ind_196_anc_5-4,0.000230,0.000000,0.000000,0.002688
Q_ind_197_anc_5-4,0.000206,0.000000,0.000000,0.002178
Q_ind_198_anc_5-4,0.000864,0.000000,0.000000,0.011423
Q_ind_199_anc_5-4,0.739000,0.740004,0.661331,0.808302
Q_ind_200_anc_5-4,0.000262,0.000000,0.000000,0.002275
Q_ind_201_anc_5-4,0.000393,0.000000,0.000000,0.004931
Q_ind_202_anc_5-4,0.709799,0.710368,0.628154,0.790097
Q_ind_203_anc_5-4,0.009805,0.000000,0.000000,0.099788
Q_ind_204_anc_5-4,0.005827,0.000000,0.000000,0.063911
Q_ind_205_anc_5-4,0.005266,0.000000,0.000000,0.067016
Q_ind_206_anc_5-4,0.002906,0.000000,0.000000,0.035060
Q_ind_207_anc_5-4,0.008642,0.000000,0.000000,0.100201
Q_ind_208_anc_5-4,0.224197,0.226303,0.127117,0.301509
Q_ind_209_anc_5-4,0.014044,0.000000,0.000000,0.099646
Q_ind_210_anc_5-4,0.098322,0.112134,0.000000,0.208084
Q_ind_211_anc_5-4,0.006871,0.000000,0.000000,0.075494
Q_ind_212_anc_5-4,0.000283,0.000000,0.000000,0.003540
Q_ind_213_anc_5-4,0.000605,0.000000,0.000000,0.006825
Q_ind_214_anc_5-4,0.000375,0.000000,0.000000,0.004335
Q_ind_215_anc_5-4,0.000279,0.000000,0.000000,0.003255
Q_ind_216_anc_5-4,0.000514,0.000000,0.000000,0.006655
Q_ind_217_anc_5-4,0.000285,0.000000,0.000000,0.003328
Q_ind_218_anc_5-4,0.000135,0.000000,0.000000,0.001523
Q_ind_219_anc_5-4,0.000287,0.000000,0.000000,0.003722
Q_ind_220_anc_5-4,0.000319,0.000000,0.000000,0.003117
Q_ind_221_anc_5-4,0.000390,0.000000,0.000000,0.004621
Q_ind_222_anc_5-4,0.001205,0.000000,0.000000,0.014023
Q_ind_223_anc_5-4,0.032916,0.000011,0.000000,0.145674
Q_ind_224_anc_5-4,0.000330,0.000000,0.000000,0.004143
Q_ind_225_anc_5-4,0.018834,0.000000,0.000000,0.128166
Q_ind_226_anc_5-4,0.058638,0.022543,0.000000,0.176925
Q_ind_227_anc_5-4,0.015174,0.000000,0.000000,0.118880
Q_ind_228_anc_5-4,0.016652,0.000000,0.000000,0.118545
Q_ind_229_anc_5-4,0.000775,0.000000,0.000000,0.008665
Q_ind_230_anc_5-4,0.001752,0.000000,0.000000,0.022721
Q_ind_231_anc_5-4,0.000855,0.000000,0.000000,0.012070
Q_ind_232_anc_5-4,0.015735,0.000000,0.000000,0.095801
Q_ind_233_anc_5-4,0.016048,0.000000,0.000000,0.120734
Q_ind_234_anc_5-4,0.000140,0.000000,0.000000,0.001590
Q_ind_235_anc_5-4,0.000225,0.000000,0.000000,0.002348
Q_ind_236_anc_5-4,0.000194,0.000000,0.000000,0.001511
Q_ind_237_anc_5-4,0.000194,0.000000,0.000000,0.002499
Q_ind_238_anc_5-4,0.000287,0.000000,0.000000,0.003078
Q_ind_239_anc_5-4,0.000246,0.000000,0.000000,0.003047
Q_ind_240_anc_5-4,0.000118,0.000000,0.000000,0.001286
Q_ind_241_anc_5-4,0.000198,0.000000,0.000000,0.002210
Q_ind_242_anc_5-4,0.000297,0.000000,0.000000,0.003548
Q_ind_243_anc_5-4,0.000154,0.000000,0.000000,0.001647
Q_ind_244_anc_5-4,0.000240,0.000000,0.000000,0.002884
Q_ind_245_anc_5-4,0.000198,0.000000,0.000000,0.002342
Q_ind_1_anc_5-5,0.000136,0.000000,0.000000,0.001281
Q_ind_2_anc_5-5,0.000145,0.000000,0.000000,0.001679
Q_ind_3_anc_5-5,0.013863,0.000009,0.000000,0.070510
Q_ind_4_anc_5-5,0.001720,0.000000,0.000000,0.022373
Q_ind_5_anc_5-5,0.000071,0.000000,0.000000,0.000698
Q_ind_6_anc_5-5,0.000177,0.000000,0.000000,0.001981
Q_ind_7_anc_5-5,0.000323,0.000000,0.000000,0.003868
Q_ind_8_anc_5-5,0.001216,0.000000,0.000000,0.015082
Q_ind_9_anc_5-5,0.000861,0.000000,0.000000,0.009390
Q_ind_10_anc_5-5,0.000280,0.000000,0.000000,0.003056
Q_ind_11_anc_5-5,0.002640,0.000000,0.000000,0.034414
Q_ind_12_anc_5-5,0.000620,0.000000,0.000000,0.007552
Q_ind_13_anc_5-5,0.000154,0.000000,0.000000,0.001834
Q_ind_14_anc_5-5,0.000134,0.000000,0.000000,0.001385
Q_ind_15_anc_5-5,0.000303,0.000000,0.000000,0.002743
Q_ind_16_anc_5-5,0.000523,0.000000,0.000000,0.006622
Q_ind_17_anc_5-5,0.000110,0.000000,0.000000,0.001242
Q_ind_18_anc_5-5,0.000126,0.000000,0.000000,0.001614
Q_ind_19_anc_5-5,0.000095,0.000000,0.000000,0.001015
Q_ind_20_anc_5-5,0.000057,0.000000,0.000000,0.000675
Q_ind_21_anc_5-5,0.000141,0.000000,0.000000,0.001724
Q_ind_22_anc_5-5,0.000281,0.000000,0.000000,0.003435
Q_ind_23_anc_5-5,0.000151,0.000000,0.000000,0.001812
Q_ind_24_anc_5-5,0.000126,0.000000,0.000000,0.001483
Q_ind_25_anc_5-5,0.000101,0.000000,0.000000,0.001205
Q_ind_26_anc_5-5,0.000296,0.000000,0.000000,0.004015
Q_ind_27_anc_5-5,0.000128,0.000000,0.000000,0.001408
Q_ind_28_anc_5-5,0.000869,0.000000,0.000000,0.009790
Q_ind_29_anc_5-5,0.000517,0.000000,0.000000,0.006657
Q_ind_30_anc_5-5,0.000166,0.000000,0.000000,0.001904
Q_ind_31_anc_5-5,0.000322,0.000000,0.000000,0.004178
Q_ind_32_anc_5-5,0.000239,0.000000,0.000000,0.002499
Q_ind_33_anc_5-5,0.000433,0.000000,0.000000,0.004759
Q_ind_34_anc_5-5,0.000620,0.000000,0.000000,0.007759
Q_ind_35_anc_5-5,0.000139,0.000000,0.000000,0.001553
Q_ind_36_anc_5-5,0.000194,0.000000,0.000000,0.002478
Q_ind_37_anc_5-5,0.000143,0.000000,0.000000,0.001799
Q_ind_38_anc_5-5,0.000177,0.000000,0.000000,0.001829
Q_ind_39_anc_5-5,0.000061,0.000000,0.000000,0.000735
Q_ind_40_anc_5-5,0.000380,0.000000,0.000000,0.005165
Q_ind_41_anc_5-5,0.000162,0.000000,0.000000,0.001975
Q_ind_42_anc_5-5,0.000145,0.000000,0.000000,0.001849
Q_ind_43_anc_5-5,0.000232,0.000000,0.000000,0.003024
Q_ind_44_anc_5-5,0.000262,0.000000,0.000000,0.002625
Q_ind_45_anc_5-5,0.000183,0.000000,0.000000,0.001701
Q_ind_46_anc_5-5,0.000112,0.000000,0.000000,0.001120
Q_ind_47_anc_5-5,0.000243,0.000000,0.000000,0.002627
Q_ind_48_anc_5-5,0.000099,0.000000,0.000000,0.001110
Q_ind_49_anc_5-5,0.000168,0.000000,0.000000,0.002098
Q_ind_50_anc_5-5,0.000143,0.000000,0.000000,0.001808
Q_ind_51_anc_5-5,0.000156,0.000000,0.000000,0.001956
Q_ind_52_anc_5-5,0.000069,0.000000,0.000000,0.000826
Q_ind_53_anc_5-5,0.000077,0.000000,0.000000,0.000843
Q_ind_54_anc_5-5,0.000138,0.000000,0.000000,0.001308
Q_ind_55_anc_5-5,0.000089,0.000000,0.000000,0.000912
Q_ind_56_anc_5-5,0.000158,0.000000,0.000000,0.001956
Q_ind_57_anc_5-5,0.000078,0.000000,0.000000,0.000805
Q_ind_58_anc_5-5,0.000091,0.000000,0.000000,0.001028
Q_ind_59_anc_5-5,0.000401,0.000000,0.000000,0.005688
Q_ind_60_anc_5-5,0.000084,0.000000,0.000000,0.000799
Q_ind_61_anc_5-5,0.000228,0.000000,0.000000,0.002805
Q_ind_62_anc_5-5,0.000318,0.000000,0.000000,0.003788
Q_ind_63_anc_5-5,0.011042,0.006243,0.000000,0.039033
Q_ind_64_anc_5-5,0.003253,0.000000,0.000000,0.019660
Q_ind_65_anc_5-5,0.006126,0.000080,0.000000,0.028673
Q_ind_66_anc_5-5,0.000312,0.000000,0.000000,0.003882
Q_ind_67_anc_5-5,0.022087,0.002236,0.000000,0.081494
Q_ind_68_anc_5-5,0.000109,0.000000,0.000000,0.001279
Q_ind_69_anc_5-5,0.000254,0.000000,0.000000,0.003050
Q_ind_70_anc_5-5,0.000081,0.000000,0.000000,0.000868
Q_ind_71_anc_5-5,0.000198,0.000000,0.000000,0.002356
Q_ind_72_anc_5-5,0.000988,0.000000,0.000000,0.013687
Q_ind_73_anc_5-5,0.000867,0.000000,0.000000,0.011671
Q_ind_74_anc_5-5,0.000152,0.000000,0.000000,0.001874
Q_ind_75_anc_5-5,0.000259,0.000000,0.000000,0.003516
Q_ind_76_anc_5-5,0.000254,0.000000,0.000000,0.003392
Q_ind_77_anc_5-5,0.000363,0.000000,0.000000,0.004247
Q_ind_78_anc_5-5,0.002545,0.000000,0.000000,0.024408
Q_ind_79_anc_5-5,0.000329,0.000000,0.000000,0.003434
Q_ind_80_anc_5-5,0.000088,0.000000,0.000000,0.001069
Q_ind_81_anc_5-5,0.000169,0.000000,0.000000,0.001748
Q_ind_82_anc_5-5,0.003885,0.000000,0.000000,0.032988
Q_ind_83_anc_5-5,0.000170,0.000000,0.000000,0.001577
Q_ind_84_anc_5-5,0.000258,0.000000,0.000000,0.003430
Q_ind_85_anc_5-5,0.000311,0.000000,0.000000,0.003182
Q_ind_86_anc_5-5,0.001144,0.000000,0.000000,0.015187
Q_ind_87_anc_5-5,0.000437,0.000000,0.000000,0.005573
Q_ind_88_anc_5-5,0.000442,0.000000,0.000000,0.004926
Q_ind_89_anc_5-5,0.000413,0.000000,0.000000,0.004375
Q_ind_90_anc_5-5,0.000253,0.000000,0.000000,0.003331
Q_ind_91_anc_5-5,0.000315,0.000000,0.000000,0.004193
Q_ind_92_anc_5-5,0.000534,0.000000,0.000000,0.006938
Q_ind_93_anc_5-5,0.001674,0.000000,0.000000,0.020087
Q_ind_94_anc_5-5,0.000115,0.000000,0.000000,0.001338
Q_ind_95_anc_5-5,0.004331,0.000000,0.000000,0.036505
Q_ind_96_anc_5-5,0.000144,0.000000,0.000000,0.001812
Q_ind_97_anc_5-5,0.000257,0.000000,0.000000,0.002836
Q_ind_98_anc_5-5,0.000063,0.000000,0.000000,0.000697
Q_ind_99_anc_5-5,0.000077,0.000000,0.000000,0.000773
Q_ind_100_anc_5-5,0.000231,0.000000,0.000000,0.002898
Q_ind_101_anc_5-5,0.000075,0.000000,0.000000,0.000708
Q_ind_102_anc_5-5,0.000052,0.000000,0.000000,0.000555
Q_ind_103_anc_5-5,0.000124,0.000000,0.000000,0.001588
Q_ind_104_anc_5-5,0.000103,0.000000,0.000000,0.001016
Q_ind_105_anc_5-5,0.000048,0.000000,0.000000,0.000527
Q_ind_106_anc_5-5,0.000170,0.000000,0.000000,0.002217
Q_ind_107_anc_5-5,0.002205,0.000000,0.000000,0.028217
Q_ind_108_anc_5-5,0.000608,0.000000,0.000000,0.006569
Q_ind_109_anc_5-5,0.027438,0.000601,0.000000,0.104303
Q_ind_110_anc_5-5,0.033418,0.019133,0.000000,0.107596
Q_ind_111_anc_5-5,0.001277,0.000000,0.000000,0.019334
Q_ind_112_anc_5-5,0.000617,0.000000,0.000000,0.008357
Q_ind_113_anc_5-5,0.004178,0.000000,0.000000,0.054856
Q_ind_114_anc_5-5,0.008475,0.000000,0.000000,0.065713
Q_ind_115_anc_5-5,0.000224,0.000000,0.000000,0.002879
Q_ind_116_anc_5-5,0.000380,0.000000,0.000000,0.005065
Q_ind_117_anc_5-5,0.000285,0.000000,0.000000,0.003772
Q_ind_118_anc_5-5,0.000172,0.000000,0.000000,0.002161
Q_ind_119_anc_5-5,0.000204,0.000000,0.000000,0.002322
Q_ind_120_anc_5-5,0.000142,0.000000,0.000000,0.001659
Q_ind_121_anc_5-5,0.000274,0.000000,0.000000,0.003427
Q_ind_122_anc_5-5,0.000330,0.000000,0.000000,0.004778
Q_ind_123_anc_5-5,0.000165,0.000000,0.000000,0.001879
Q_ind_124_anc_5-5,0.000074,0.000000,0.000000,0.000844
Q_ind_125_anc_5-5,0.000847,0.000000,0.000000,0.012060
Q_ind_126_anc_5-5,0.000557,0.000000,0.000000,0.007354
Q_ind_127_anc_5-5,0.000189,0.000000,0.000000,0.002433
Q_ind_128_anc_5-5,0.000312,0.000000,0.000000,0.003492
Q_ind_129_anc_5-5,0.000280,0.000000,0.000000,0.003514
Q_ind_130_anc_5-5,0.000218,0.000000,0.000000,0.002696
Q_ind_131_anc_5-5,0.000073,0.000000,0.000000,0.000784
Q_ind_132_anc_5-5,0.000036,0.000000,0.000000,0.000441
Q_ind_133_anc_5-5,0.000197,0.000000,0.000000,0.002383
Q_ind_134_anc_5-5,0.000180,0.000000,0.000000,0.002313
Q_ind_135_anc_5-5,0.000351,0.000000,0.000000,0.004441
Q_ind_136_anc_5-5,0.000156,0.000000,0.000000,0.001739
Q_ind_137_anc_5-5,0.000178,0.000000,0.000000,0.002052
Q_ind_138_anc_5-5,0.000074,0.000000,0.000000,0.000873
Q_ind_139_anc_5-5,0.000112,0.000000,0.000000,0.001183
Q_ind_140_anc_5-5,0.000152,0.000000,0.000000,0.001739
Q_ind_141_anc_5-5,0.002629,0.000000,0.000000,0.027430
Q_ind_142_anc_5-5,0.000044,0.000000,0.000000,0.000516
Q_ind_143_anc_5-5,0.000184,0.000000,0.000000,0.002415
Q_ind_144_anc_5-5,0.001268,0.000000,0.000000,0.014350
Q_ind_145_anc_5-5,0.004565,0.000001,0.000000,0.023533
Q_ind_146_anc_5-5,0.006383,0.000000,0.000000,0.043011
Q_ind_147_anc_5-5,0.002583,0.000000,0.000000,0.024256
Q_ind_148_anc_5-5,0.000458,0.000000,0.000000,0.006017
Q_ind_149_anc_5-5,0.000102,0.000000,0.000000,0.001026
Q_ind_150_anc_5-5,0.003849,0.000000,0.000000,0.022983
Q_ind_151_anc_5-5,0.003698,0.000000,0.000000,0.026780
Q_ind_152_anc_5-5,0.000898,0.000000,0.000000,0.011006
Q_ind_153_anc_5-5,0.000315,0.000000,0.000000,0.004339
Q_ind_154_anc_5-5,0.003722,0.000000,0.000000,0.021369
Q_ind_155_anc_5-5,0.000053,0.000000,0.000000,0.000601
Q_ind_156_anc_5-5,0.001245,0.000000,0.000000,0.018159
Q_ind_157_anc_5-5,0.000540,0.000000,0.000000,0.006519
Q_ind_158_anc_5-5,0.001269,0.000000,0.000000,0.018551
Q_ind_159_anc_5-5,0.000202,0.000000,0.000000,0.002393
Q_ind_160_anc_5-5,0.000992,0.000000,0.000000,0.013476
Q_ind_161_anc_5-5,0.000332,0.000000,0.000000,0.004242
Q_ind_162_anc_5-5,0.000277,0.000000,0.000000,0.003316
Q_ind_163_anc_5-5,0.000797,0.000000,0.000000,0.011456
Q_ind_164_anc_5-5,0.005689,0.000000,0.000000,0.037753
Q_ind_165_anc_5-5,0.001615,0.000000,0.000000,0.021601
Q_ind_166_anc_5-5,0.000542,0.000000,0.000000,0.007589
Q_ind_167_anc_5-5,0.002329,0.000000,0.000000,0.030395
Q_ind_168_anc_5-5,0.000112,0.000000,0.000000,0.001281
Q_ind_169_anc_5-5,0.000051,0.000000,0.000000,0.000561
Q_ind_170_anc_5-5,0.002921,0.000001,0.000000,0.017954
Q_ind_171_anc_5-5,0.000313,0.000000,0.000000,0.003569
Q_ind_172_anc_5-5,0.000150,0.000000,0.000000,0.001890
Q_ind_173_anc_5-5,0.000078,0.000000,0.000000,0.000864
Q_ind_174_anc_5-5,0.000068,0.000000,0.000000,0.000785
Q_ind_175_anc_5-5,0.000067,0.000000,0.000000,0.000792
Q_ind_176_anc_5-5,0.000296,0.000000,0.000000,0.003770
Q_ind_177_anc_5-5,0.004182,0.000000,0.000000,0.036210
Q_ind_178_anc_5-5,0.001612,0.000000,0.000000,0.017334
Q_ind_179_anc_5-5,0.001802,0.000000,0.000000,0.022111
Q_ind_180_anc_5-5,0.020415,0.018841,0.000000,0.059157
Q_ind_181_anc_5-5,0.000736,0.000000,0.000000,0.009369
Q_ind_182_anc_5-5,0.000207,0.000000,0.000000,0.001880
Q_ind_183_anc_5-5,0.000720,0.000000,0.000000,0.009822
Q_ind_184_anc_5-5,0.000167,0.000000,0.000000,0.002029
Q_ind_185_anc_5-5,0.001785,0.000000,0.000000,0.021781
Q_ind_186_anc_5-5,0.000182,0.000000,0.000000,0.001974
Q_ind_187_anc_5-5,0.000411,0.000000,0.000000,0.004849
Q_ind_188_anc_5-5,0.000343,0.000000,0.000000,0.004511
Q_ind_189_anc_5-5,0.000736,0.000000,0.000000,0.009237
Q_ind_190_anc_5-5,0.000160,0.000000,0.000000,0.001594
Q_ind_191_anc_5-5,0.000597,0.000000,0.000000,0.007739
Q_ind_192_anc_5-5,0.201101,0.200723,0.120695,0.280772
Q_ind_193_anc_5-5,0.239400,0.240070,0.162231,0.317907
Q_ind_194_anc_5-5,0.998312,0.999329,0.990838,0.999997
Q_ind_195_anc_5-5,0.268317,0.268396,0.193846,0.340879
Q_ind_196_anc_5-5,0.998372,0.999265,0.991506,0.999997
Q_ind_197_anc_5-5,0.998404,0.999240,0.991737,0.999997
Q_ind_198_anc_5-5,0.997593,0.999103,0.985571,0.999996
Q_ind_199_anc_5-5,0.255272,0.254189,0.186093,0.332039
Q_ind_200_anc_5-5,0.997620,0.998899,0.987544,0.999996
Q_ind_201_anc_5-5,0.000044,0.000000,0.000000,0.000496
Q_ind_202_anc_5-5,0.283124,0.283290,0.205631,0.358136
Q_ind_203_anc_5-5,0.001729,0.000000,0.000000,0.024416
Q_ind_204_anc_5-5,0.003797,0.000000,0.000000,0.028671
Q_ind_205_anc_5-5,0.001278,0.000000,0.000000,0.016761
Q_ind_206_anc_5-5,0.000229,0.000000,0.000000,0.002740
Q_ind_207_anc_5-5,0.012505,0.000000,0.000000,0.063327
Q_ind_208_anc_5-5,0.000073,0.000000,0.000000,0.000831
Q_ind_209_anc_5-5,0.001385,0.000000,0.000000,0.018899
Q_ind_210_anc_5-5,0.000337,0.000000,0.000000,0.004235
Q_ind_211_anc_5-5,0.001547,0.000000,0.000000,0.020324
Q_ind_212_anc_5-5,0.000049,0.000000,0.000000,0.000504
Q_ind_213_anc_5-5,0.000145,0.000000,0.000000,0.001592
Q_ind_214_anc_5-5,0.000102,0.000000,0.000000,0.001034
Q_ind_215_anc_5-5,0.000119,0.000000,0.000000,0.001474
Q_ind_216_anc_5-5,0.000151,0.000000,0.000000,0.001545
Q_ind_217_anc_5-5,0.000109,0.000000,0.000000,0.001269
Q_ind_218_anc_5-5,0.000078,0.000000,0.000000,0.000904
Q_ind_219_anc_5-5,0.000079,0.000000,0.000000,0.000859
Q_ind_220_anc_5-5,0.000129,0.000000,0.000000,0.001356
Q_ind_221_anc_5-5,0.000105,0.000000,0.000000,0.001186
Q_ind_222_anc_5-5,0.000509,0.000000,0.000000,0.006393
Q_ind_223_anc_5-5,0.000090,0.000000,0.000000,0.000937
Q_ind_224_anc_5-5,0.000053,0.000000,0.000000,0.000634
Q_ind_225_anc_5-5,0.001094,0.000000,0.000000,0.014827
Q_ind_226_anc_5-5,0.000156,0.000000,0.000000,0.001925
Q_ind_227_anc_5-5,0.001800,0.000000,0.000000,0.025295
Q_ind_228_anc_5-5,0.008218,0.000000,0.000000,0.053663
Q_ind_229_anc_5-5,0.000967,0.000000,0.000000,0.013265
Q_ind_230_anc_5-5,0.006603,0.000000,0.000000,0.067672
Q_ind_231_anc_5-5,0.000089,0.000000,0.000000,0.000986
Q_ind_232_anc_5-5,0.000428,0.000000,0.000000,0.005215
Q_ind_233_anc_5-5,0.016772,0.000048,0.000000,0.076278
Q_ind_234_anc_5-5,0.000115,0.000000,0.000000,0.001582
Q_ind_235_anc_5-5,0.000089,0.000000,0.000000,0.001038
Q_ind_236_anc_5-5,0.000217,0.000000,0.000000,0.002387
Q_ind_237_anc_5-5,0.000134,0.000000,0.000000,0.001520
Q_ind_238_anc_5-5,0.000096,0.000000,0.000000,0.001121
Q_ind_239_anc_5-5,0.000195,0.000000,0.000000,0.002211
Q_ind_240_anc_5-5,0.000065,0.000000,0.000000,0.000735
Q_ind_241_anc_5-5,0.000108,0.000000,0.000000,0.001270
Q_ind_242_anc_5-5,0.000134,0.000000,0.000000,0.001450
Q_ind_243_anc_5-5,0.000054,0.000000,0.000000,0.000568
Q_ind_244_anc_5-5,0.000260,0.000000,0.000000,0.003144
Q_ind_245_anc_5-5,0.000058,0.000000,0.000000,0.000631
Q_ind_1_anc_6-1,0.000132,0.000000,0.000000,0.001602
Q_ind_2_anc_6-1,0.000111,0.000000,0.000000,0.001349
Q_ind_3_anc_6-1,0.000192,0.000000,0.000000,0.002071
Q_ind_4_anc_6-1,0.000184,0.000000,0.000000,0.001955
Q_ind_5_anc_6-1,0.000180,0.000000,0.000000,0.002044
Q_ind_6_anc_6-1,0.000171,0.000000,0.000000,0.002118
Q_ind_7_anc_6-1,0.000080,0.000000,0.000000,0.000920
Q_ind_8_anc_6-1,0.000243,0.000000,0.000000,0.002593
Q_ind_9_anc_6-1,0.000165,0.000000,0.000000,0.001730
Q_ind_10_anc_6-1,0.000117,0.000000,0.000000,0.001267
Q_ind_11_anc_6-1,0.000235,0.000000,0.000000,0.002865
Q_ind_12_anc_6-1,0.000249,0.000000,0.000000,0.003277
Q_ind_13_anc_6-1,0.047471,0.000317,0.000000,0.198580
Q_ind_14_anc_6-1,0.126809,0.131881,0.000000,0.277624
Q_ind_15_anc_6-1,0.002692,0.000000,0.000000,0.039982
Q_ind_16_anc_6-1,0.080302,0.086067,0.000000,0.190099
Q_ind_17_anc_6-1,0.127778,0.132626,0.000000,0.250995
Q_ind_18_anc_6-1,0.104466,0.116174,0.000000,0.236808
Q_ind_19_anc_6-1,0.142974,0.155449,0.000000,0.249708
Q_ind_20_anc_6-1,0.006576,0.000000,0.000000,0.077630
Q_ind_21_anc_6-1,0.001259,0.000000,0.000000,0.015401
Q_ind_22_anc_6-1,0.000551,0.000000,0.000000,0.006841
Q_ind_23_anc_6-1,0.000254,0.000000,0.000000,0.003360
Q_ind_24_anc_6-1,0.001602,0.000000,0.000000,0.021510
Q_ind_25_anc_6-1,0.000854,0.000000,0.000000,0.011705
Q_ind_26_anc_6-1,0.000152,0.000000,0.000000,0.001849
Q_ind_27_anc_6-1,0.001867,0.000000,0.000000,0.023068
Q_ind_28_anc_6-1,0.000318,0.000000,0.000000,0.004071
Q_ind_29_anc_6-1,0.000690,0.000000,0.000000,0.008572
Q_ind_30_anc_6-1,0.000747,0.000000,0.000000,0.009411
Q_ind_31_anc_6-1,0.002126,0.000000,0.000000,0.033855
Q_ind_32_anc_6-1,0.001089,0.000000,0.000000,0.012029
Q_ind_33_anc_6-1,0.001612,0.000000,0.000000,0.023451
Q_ind_34_anc_6-1,0.000981,0.000000,0.000000,0.013916
Q_ind_35_anc_6-1,0.001263,0.000000,0.000000,0.015705
Q_ind_36_anc_6-1,0.003593,0.000000,0.000000,0.042861
Q_ind_37_anc_6-1,0.002206,0.000000,0.000000,0.032699
Q_ind_38_anc_6-1,0.002800,0.000000,0.000000,0.041969
Q_ind_39_anc_6-1,0.000207,0.000000,0.000000,0.002000
Q_ind_40_anc_6-1,0.001902,0.000000,0.000000,0.025421
Q_ind_41_anc_6-1,0.000796,0.000000,0.000000,0.009771
Q_ind_42_anc_6-1,0.324287,0.322840,0.159177,0.487357
Q_ind_43_anc_6-1,0.327777,0.326157,0.161175,0.505277
Q_ind_44_anc_6-1,0.312943,0.313692,0.141326,0.499735
Q_ind_45_anc_6-1,0.255320,0.257036,0.085262,0.415488
Q_ind_46_anc_6-1,0.388634,0.368033,0.151671,0.623843
Q_ind_47_anc_6-1,0.124136,0.128640,0.000000,0.336473
Q_ind_48_anc_6-1,0.356591,0.349604,0.177009,0.573329
Q_ind_49_anc_6-1,0.002631,0.000000,0.000000,0.029223
Q_ind_50_anc_6-1,0.275255,0.295708,0.000000,0.471575
Q_ind_51_anc_6-1,0.671229,0.672517,0.572276,0.768989
Q_ind_52_anc_6-1,0.575403,0.575935,0.476314,0.677831
Q_ind_53_anc_6-1,0.545403,0.545231,0.448471,0.642221
Q_ind_54_anc_6-1,0.569633,0.570617,0.473194,0.667321
Q_ind_55_anc_6-1,0.642052,0.640032,0.553300,0.740295
Q_ind_56_anc_6-1,0.626216,0.625353,0.519314,0.738914
Q_ind_57_anc_6-1,0.276705,0.262031,0.150057,0.430966
Q_ind_58_anc_6-1,0.606515,0.610975,0.490114,0.697868
Q_ind_59_anc_6-1,0.501941,0.503213,0.389149,0.604572
Q_ind_60_anc_6-1,0.607728,0.608585,0.507568,0.699814
Q_ind_61_anc_6-1,0.590101,0.591510,0.473688,0.701704
Q_ind_62_anc_6-1,0.540375,0.541341,0.423921,0.651649
Q_ind_63_anc_6-1,0.000080,0.000000,0.000000,0.000856
Q_ind_64_anc_6-1,0.000076,0.000000,0.000000,0.000865
Q_ind_65_anc_6-1,0.000151,0.000000,0.000000,0.001810
Q_ind_66_anc_6-1,0.000131,0.000000,0.000000,0.001527
Q_ind_67_anc_6-1,0.000112,0.000000,0.000000,0.001274
Q_ind_68_anc_6-1,0.004547,0.000000,0.000000,0.059822
Q_ind_69_anc_6-1,0.011057,0.000000,0.000000,0.082622
Q_ind_70_anc_6-1,0.124265,0.124045,0.051144,0.198509
Q_ind_71_anc_6-1,0.120759,0.120778,0.052789,0.192008
Q_ind_72_anc_6-1,0.002877,0.000000,0.000000,0.053794
Q_ind_73_anc_6-1,0.022855,0.000000,0.000000,0.131057
Q_ind_74_anc_6-1,0.055606,0.030155,0.000000,0.177995
Q_ind_75_anc_6-1,0.193671,0.192749,0.123085,0.268820
Q_ind_76_anc_6-1,0.008087,0.000000,0.000000,0.093892
Q_ind_77_anc_6-1,0.000199,0.000000,0.000000,0.002140
Q_ind_78_anc_6-1,0.000149,0.000000,0.000000,0.001622
Q_ind_79_anc_6-1,0.000310,0.000000,0.000000,0.003183
Q_ind_80_anc_6-1,0.000303,0.000000,0.000000,0.003212
Q_ind_81_anc_6-1,0.000803,0.000000,0.000000,0.011709
Q_ind_82_anc_6-1,0.000180,0.000000,0.000000,0.001891
Q_ind_83_anc_6-1,0.000289,0.000000,0.000000,0.003919
Q_ind_84_anc_6-1,0.000152,0.000000,0.000000,0.001659
Q_ind_85_anc_6-1,0.000178,0.000000,0.000000,0.002168
Q_ind_86_anc_6-1,0.000253,0.000000,0.000000,0.003124
Q_ind_87_anc_6-1,0.000249,0.000000,0.000000,0.003178
Q_ind_88_anc_6-1,0.000606,0.000000,0.000000,0.007943
Q_ind_89_anc_6-1,0.001247,0.000000,0.000000,0.017522
Q_ind_90_anc_6-1,0.002136,0.000000,0.000000,0.031444
Q_ind_91_anc_6-1,0.006015,0.000000,0.000000,0.081175
Q_ind_92_anc_6-1,0.034461,0.000014,0.000000,0.146723
Q_ind_93_anc_6-1,0.038317,0.000098,0.000000,0.167241
Q_ind_94_anc_6-1,0.000797,0.000000,0.000000,0.010796
Q_ind_95_anc_6-1,0.003505,0.000000,0.000000,0.041659
Q_ind_96_anc_6-1,0.003939,0.000000,0.000000,0.047331
Q_ind_97_anc_6-1,0.001049,0.000000,0.000000,0.013659
Q_ind_98_anc_6-1,0.004281,0.000000,0.000000,0.048933
Q_ind_99_anc_6-1,0.001055,0.000000,0.000000,0.012843
Q_ind_100_anc_6-1,0.000491,0.000000,0.000000,0.004592
Q_ind_101_anc_6-1,0.000378,0.000000,0.000000,0.004321
Q_ind_102_anc_6-1,0.000189,0.000000,0.000000,0.002061
Q_ind_103_anc_6-1,0.000348,0.000000,0.000000,0.003785
Q_ind_104_anc_6-1,0.000112,0.000000,0.000000,0.001242
Q_ind_105_anc_6-1,0.063493,0.064656,0.000000,0.145707
Q_ind_106_anc_6-1,0.058167,0.061524,0.000000,0.130371
Q_ind_107_anc_6-1,0.000925,0.000000,0.000000,0.011734
Q_ind_108_anc_6-1,0.002991,0.000000,0.000000,0.039474
Q_ind_109_anc_6-1,0.001118,0.000000,0.000000,0.014158
Q_ind_110_anc_6-1,0.002250,0.000000,0.000000,0.029040
Q_ind_111_anc_6-1,0.007002,0.000000,0.000000,0.070606
Q_ind_112_anc_6-1,0.003213,0.000000,0.000000,0.053676
Q_ind_113_anc_6-1,0.000463,0.000000,0.000000,0.005612
Q_ind_114_anc_6-1,0.016364,0.000000,0.000000,0.115213
Q_ind_115_anc_6-1,0.157758,0.158612,0.077202,0.237772
Q_ind_116_anc_6-1,0.010468,0.000000,0.000000,0.082630
Q_ind_117_anc_6-1,0.005376,0.000000,0.000000,0.053164
Q_ind_118_anc_6-1,0.129857,0.129604,0.061053,0.201852
Q_ind_119_anc_6-1,0.003451,0.000000,0.000000,0.044325
Q_ind_120_anc_6-1,0.003887,0.000000,0.000000,0.041540
Q_ind_121_anc_6-1,0.003836,0.000000,0.000000,0.043146
Q_ind_122_anc_6-1,0.000987,0.000000,0.000000,0.014704
Q_ind_123_anc_6-1,0.003117,0.000000,0.000000,0.038198
Q_ind_124_anc_6-1,0.139484,0.143164,0.000000,0.258142
Q_ind_125_anc_6-1,0.000346,0.000000,0.000000,0.003985
Q_ind_126_anc_6-1,0.001466,0.000000,0.000000,0.022294
Q_ind_127_anc_6-1,0.000391,0.000000,0.000000,0.005001
Q_ind_128_anc_6-1,0.000463,0.000000,0.000000,0.006322
Q_ind_129_anc_6-1,0.000352,0.000000,0.000000,0.004192
Q_ind_130_anc_6-1,0.001880,0.000000,0.000000,0.023274
Q_ind_131_anc_6-1,0.000352,0.000000,0.000000,0.003691
Q_ind_132_anc_6-1,0.000223,0.000000,0.000000,0.002342
Q_ind_133_anc_6-1,0.002355,0.000000,0.000000,0.029768
Q_ind_134_anc_6-1,0.007808,0.000000,0.000000,0.070751
Q_ind_135_anc_6-1,0.000737,0.000000,0.000000,0.007836
Q_ind_136_anc_6-1,0.010889,0.000000,0.000000,0.074433
Q_ind_137_anc_6-1,0.001072,0.000000,0.000000,0.013673
Q_ind_138_anc_6-1,0.000335,0.000000,0.000000,0.003567
Q_ind_139_anc_6-1,0.001551,0.000000,0.000000,0.021494
Q_ind_140_anc_6-1,0.002504,0.000000,0.000000,0.030209
Q_ind_141_anc_6-1,0.000839,0.000000,0.000000,0.009918
Q_ind_142_anc_6-1,0.000293,0.000000,0.000000,0.003480
Q_ind_143_anc_6-1,0.000762,0.000000,0.000000,0.010594
Q_ind_144_anc_6-1,0.007692,0.000000,0.000000,0.065520
Q_ind_145_anc_6-1,0.000168,0.000000,0.000000,0.001969
Q_ind_146_anc_6-1,0.000336,0.000000,0.000000,0.004361
Q_ind_147_anc_6-1,0.000389,0.000000,0.000000,0.005081
Q_ind_148_anc_6-1,0.001443,0.000000,0.000000,0.018382
Q_ind_149_anc_6-1,0.000169,0.000000,0.000000,0.001551
Q_ind_150_anc_6-1,0.000443,0.000000,0.000000,0.005743
Q_ind_151_anc_6-1,0.000426,0.000000,0.000000,0.005133
Q_ind_152_anc_6-1,0.000356,0.000000,0.000000,0.004865
Q_ind_153_anc_6-1,0.000156,0.000000,0.000000,0.001987
Q_ind_154_anc_6-1,0.000912,0.000000,0.000000,0.012357
Q_ind_155_anc_6-1,0.000742,0.000000,0.000000,0.009942
Q_ind_156_anc_6-1,0.000195,0.000000,0.000000,0.002279
Q_ind_157_anc_6-1,0.000300,0.000000,0.000000,0.003715
Q_ind_158_anc_6-1,0.000134,0.000000,0.000000,0.001477
Q_ind_159_anc_6-1,0.000077,0.000000,0.000000,0.000881
Q_ind_160_anc_6-1,0.000122,0.000000,0.000000,0.001047
Q_ind_161_anc_6-1,0.000091,0.000000,0.000000,0.001074
Q_ind_162_anc_6-1,0.000112,0.000000,0.000000,0.001237
Q_ind_163_anc_6-1,0.000082,0.000000,0.000000,0.000856
Q_ind_164_anc_6-1,0.000191,0.000000,0.000000,0.002346
Q_ind_165_anc_6-1,0.000668,0.000000,0.000000,0.007529
Q_ind_166_anc_6-1,0.000332,0.000000,0.000000,0.003026
Q_ind_167_anc_6-1,0.001130,0.000000,0.000000,0.015163
Q_ind_168_anc_6-1,0.000274,0.000000,0.000000,0.003166
Q_ind_169_anc_6-1,0.000406,0.000000,0.000000,0.004998
Q_ind_170_anc_6-1,0.001466,0.000000,0.000000,0.019688
Q_ind_171_anc_6-1,0.000784,0.000000,0.000000,0.012074
Q_ind_172_anc_6-1,0.002867,0.000000,0.000000,0.034849
Q_ind_173_anc_6-1,0.000835,0.000000,0.000000,0.012769
Q_ind_174_anc_6-1,0.000467,0.000000,0.000000,0.006127
Q_ind_175_anc_6-1,0.000979,0.000000,0.000000,0.012796
Q_ind_176_anc_6-1,0.003966,0.000000,0.000000,0.046951
Q_ind_177_anc_6-1,0.000161,0.000000,0.000000,0.001844
Q_ind_178_anc_6-1,0.000227,0.000000,0.000000,0.002115
Q_ind_179_anc_6-1,0.000136,0.000000,0.000000,0.001416
Q_ind_180_anc_6-1,0.000108,0.000000,0.000000,0.001101
Q_ind_181_anc_6-1,0.002729,0.000000,0.000000,0.036843
Q_ind_182_anc_6-1,0.000168,0.000000,0.000000,0.001927
Q_ind_183_anc_6-1,0.000103,0.000000,0.000000,0.001142
Q_ind_184_anc_6-1,0.001021,0.000000,0.000000,0.012954
Q_ind_185_anc_6-1,0.000840,0.000000,0.000000,0.012362
Q_ind_186_anc_6-1,0.026825,0.000909,0.000000,0.111681
Q_ind_187_anc_6-1,0.001198,0.000000,0.000000,0.017630
Q_ind_188_anc_6-1,0.004991,0.000000,0.000000,0.057720
Q_ind_189_anc_6-1,0.000238,0.000000,0.000000,0.002741
Q_ind_190_anc_6-1,0.001281,0.000000,0.000000,0.016852
Q_ind_191_anc_6-1,0.001048,0.000000,0.000000,0.009421
Q_ind_192_anc_6-1,0.000232,0.000000,0.000000,0.002454
Q_ind_193_anc_6-1,0.000155,0.000000,0.000000,0.001797
Q_ind_194_anc_6-1,0.000042,0.000000,0.000000,0.000440
Q_ind_195_anc_6-1,0.000067,0.000000,0.000000,0.000751
Q_ind_196_anc_6-1,0.000055,0.000000,0.000000,0.000638
Q_ind_197_anc_6-1,0.000059,0.000000,0.000000,0.000668
Q_ind_198_anc_6-1,0.000044,0.000000,0.000000,0.000549
Q_ind_199_anc_6-1,0.000089,0.000000,0.000000,0.000881
Q_ind_200_anc_6-1,0.000063,0.000000,0.000000,0.000640
Q_ind_201_anc_6-1,0.000639,0.000000,0.000000,0.006377
Q_ind_202_anc_6-1,0.000105,0.000000,0.000000,0.001240
Q_ind_203_anc_6-1,0.000233,0.000000,0.000000,0.003347
Q_ind_204_anc_6-1,0.000321,0.000000,0.000000,0.003511
Q_ind_205_anc_6-1,0.000671,0.000000,0.000000,0.009477
Q_ind_206_anc_6-1,0.000287,0.000000,0.000000,0.003984
Q_ind_207_anc_6-1,0.007553,0.000000,0.000000,0.058184
Q_ind_208_anc_6-1,0.000219,0.000000,0.000000,0.002482
Q_ind_209_anc_6-1,0.000557,0.000000,0.000000,0.007803
Q_ind_210_anc_6-1,0.000183,0.000000,0.000000,0.002412
Q_ind_211_anc_6-1,0.000412,0.000000,0.000000,0.005115
Q_ind_212_anc_6-1,0.000909,0.000000,0.000000,0.012452
Q_ind_213_anc_6-1,0.005158,0.000000,0.000000,0.076012
Q_ind_214_anc_6-1,0.002925,0.000000,0.000000,0.042385
Q_ind_215_anc_6-1,0.000920,0.000000,0.000000,0.011209
Q_ind_216_anc_6-1,0.003867,0.000000,0.000000,0.047217
Q_ind_217_anc_6-1,0.001681,0.000000,0.000000,0.022813
Q_ind_218_anc_6-1,0.000450,0.000000,0.000000,0.004484
Q_ind_219_anc_6-1,0.001675,0.000000,0.000000,0.020902
Q_ind_220_anc_6-1,0.000944,0.000000,0.000000,0.009841
Q_ind_221_anc_6-1,0.000414,0.000000,0.000000,0.005160
Q_ind_222_anc_6-1,0.005111,0.000000,0.000000,0.074854
Q_ind_223_anc_6-1,0.000398,0.000000,0.000000,0.003524
Q_ind_224_anc_6-1,0.000393,0.000000,0.000000,0.005256
Q_ind_225_anc_6-1,0.006861,0.000000,0.000000,0.095992
Q_ind_226_anc_6-1,0.000230,0.000000,0.000000,0.002682
Q_ind_227_anc_6-1,0.042990,0.000002,0.000000,0.177336
Q_ind_228_anc_6-1,0.001215,0.000000,0.000000,0.016736
Q_ind_229_anc_6-1,0.000689,0.000000,0.000000,0.009590
Q_ind_230_anc_6-1,0.025599,0.000000,0.000000,0.155722
Q_ind_231_anc_6-1,0.000183,0.000000,0.000000,0.001994
Q_ind_232_anc_6-1,0.004785,0.000000,0.000000,0.054569
Q_ind_233_anc_6-1,0.004184,0.000000,0.000000,0.051581
Q_ind_234_anc_6-1,0.175319,0.175230,0.100272,0.249700
Q_ind_235_anc_6-1,0.086747,0.095368,0.000000,0.218278
Q_ind_236_anc_6-1,0.085643,0.098501,0.000000,0.206106
Q_ind_237_anc_6-1,0.152607,0.153319,0.078013,0.229701
Q_ind_238_anc_6-1,0.167506,0.168135,0.083890,0.250376
Q_ind_239_anc_6-1,0.182123,0.181296,0.106437,0.261008
Q_ind_240_anc_6-1,0.270346,0.268458,0.185039,0.361240
Q_ind_241_anc_6-1,0.158716,0.158750,0.078354,0.234396
Q_ind_242_anc_6-1,0.119819,0.139413,0.000000,0.262028
Q_ind_243_anc_6-1,0.223433,0.222230,0.143087,0.308176
Q_ind_244_anc_6-1,0.093986,0.115218,0.000000,0.230453
Q_ind_245_anc_6-1,0.246801,0.246710,0.166120,0.327657
Q_ind_1_anc_6-2,0.000165,0.000000,0.000000,0.002102
Q_ind_2_anc_6-2,0.000181,0.000000,0.000000,0.002211
Q_ind_3_anc_6-2,0.000520,0.000000,0.000000,0.006666
Q_ind_4_anc_6-2,0.000211,0.000000,0.000000,0.002413
Q_ind_5_anc_6-2,0.003661,0.000000,0.000000,0.040847
Q_ind_6_anc_6-2,0.000394,0.000000,0.000000,0.005355
Q_ind_7_anc_6-2,0.000094,0.000000,0.000000,0.001052
Q_ind_8_anc_6-2,0.000295,0.000000,0.000000,0.004004
Q_ind_9_anc_6-2,0.000272,0.000000,0.000000,0.002838
Q_ind_10_anc_6-2,0.000203,0.000000,0.000000,0.002535
Q_ind_11_anc_6-2,0.000361,0.000000,0.000000,0.004088
Q_ind_12_anc_6-2,0.000788,0.000000,0.000000,0.011413
Q_ind_13_anc_6-2,0.809014,0.816111,0.667987,0.913828
Q_ind_14_anc_6-2,0.741982,0.741735,0.587191,0.887801
Q_ind_15_anc_6-2,0.773289,0.776241,0.618516,0.898682
Q_ind_16_anc_6-2,0.746354,0.749073,0.608778,0.859710
Q_ind_17_anc_6-2,0.739154,0.745570,0.597422,0.854174
Q_ind_18_anc_6-2,0.733759,0.733615,0.561285,0.916383
Q_ind_19_anc_6-2,0.747836,0.746615,0.607659,0.886584
Q_ind_20_anc_6-2,0.682053,0.682417,0.563626,0.794447
Q_ind_21_anc_6-2,0.017219,0.000001,0.000000,0.099765
Q_ind_22_anc_6-2,0.001195,0.000000,0.000000,0.016837
Q_ind_23_anc_6-2,0.000337,0.000000,0.000000,0.004156
Q_ind_24_anc_6-2,0.014413,0.000000,0.000000,0.111033
Q_ind_25_anc_6-2,0.012076,0.000000,0.000000,0.089826
Q_ind_26_anc_6-2,0.000990,0.000000,0.000000,0.010859
Q_ind_27_anc_6-2,0.000662,0.000000,0.000000,0.008297
Q_ind_28_anc_6-2,0.000769,0.000000,0.000000,0.009268
Q_ind_29_anc_6-2,0.004114,0.000000,0.000000,0.047264
Q_ind_30_anc_6-2,0.000550,0.000000,0.000000,0.006570
Q_ind_31_anc_6-2,0.000430,0.000000,0.000000,0.004362
Q_ind_32_anc_6-2,0.052320,0.038601,0.000000,0.156271
Q_ind_33_anc_6-2,0.009934,0.000000,0.000000,0.091855
Q_ind_34_anc_6-2,0.000870,0.000000,0.000000,0.011188
Q_ind_35_anc_6-2,0.001605,0.000000,0.000000,0.021363
Q_ind_36_anc_6-2,0.002711,0.000000,0.000000,0.040073
Q_ind_37_anc_6-2,0.004269,0.000000,0.000000,0.072023
Q_ind_38_anc_6-2,0.010873,0.000000,0.000000,0.072287
Q_ind_39_anc_6-2,0.001054,0.000000,0.000000,0.014712
Q_ind_40_anc_6-2,0.002954,0.000000,0.000000,0.038916
Q_ind_41_anc_6-2,0.001107,0.000000,0.000000,0.013008
Q_ind_42_anc_6-2,0.000611,0.000000,0.000000,0.008824
Q_ind_43_anc_6-2,0.000361,0.000000,0.000000,0.004762
Q_ind_44_anc_6-2,0.000748,0.000000,0.000000,0.010189
Q_ind_45_anc_6-2,0.000500,0.000000,0.000000,0.005004
Q_ind_46_anc_6-2,0.000385,0.000000,0.000000,0.004760
Q_ind_47_anc_6-2,0.000785,0.000000,0.000000,0.010701
Q_ind_48_anc_6-2,0.000480,0.000000,0.000000,0.002613
Q_ind_49_anc_6-2,0.000313,0.000000,0.000000,0.004073
Q_ind_50_anc_6-2,0.000280,0.000000,0.000000,0.003267
Q_ind_51_anc_6-2,0.229456,0.227650,0.137430,0.332642
Q_ind_52_anc_6-2,0.271065,0.270348,0.174099,0.366591
Q_ind_53_anc_6-2,0.222947,0.221871,0.130438,0.317689
Q_ind_54_anc_6-2,0.252461,0.250794,0.163673,0.343120
Q_ind_55_anc_6-2,0.157455,0.155898,0.075193,0.242902
Q_ind_56_anc_6-2,0.166709,0.180563,0.000000,0.278066
Q_ind_57_anc_6-2,0.328330,0.334436,0.180599,0.448291
Q_ind_58_anc_6-2,0.172017,0.170292,0.090545,0.264448
Q_ind_59_anc_6-2,0.253350,0.254107,0.139477,0.361658
Q_ind_60_anc_6-2,0.266955,0.266418,0.173743,0.365055
Q_ind_61_anc_6-2,0.101911,0.106523,0.000000,0.248179
Q_ind_62_anc_6-2,0.193214,0.194818,0.078949,0.300599
Q_ind_63_anc_6-2,0.000123,0.000000,0.000000,0.001519
Q_ind_64_anc_6-2,0.000080,0.000000,0.000000,0.000993
Q_ind_65_anc_6-2,0.000182,0.000000,0.000000,0.001905
Q_ind_66_anc_6-2,0.000227,0.000000,0.000000,0.002589
Q_ind_67_anc_6-2,0.000115,0.000000,0.000000,0.001339
Q_ind_68_anc_6-2,0.003481,0.000000,0.000000,0.044786
Q_ind_69_anc_6-2,0.002029,0.000000,0.000000,0.028867
Q_ind_70_anc_6-2,0.000232,0.000000,0.000000,0.002527
Q_ind_71_anc_6-2,0.001781,0.000000,0.000000,0.015893
Q_ind_72_anc_6-2,0.105231,0.114280,0.000000,0.181487
Q_ind_73_anc_6-2,0.004511,0.000000,0.000000,0.049355
Q_ind_74_anc_6-2,0.001896,0.000000,0.000000,0.025197
Q_ind_75_anc_6-2,0.000469,0.000000,0.000000,0.005067
Q_ind_76_anc_6-2,0.008457,0.000000,0.000000,0.080254
Q_ind_77_anc_6-2,0.000284,0.000000,0.000000,0.003423
Q_ind_78_anc_6-2,0.000247,0.000000,0.000000,0.002504
Q_ind_79_anc_6-2,0.001274,0.000000,0.000000,0.016145
Q_ind_80_anc_6-2,0.000240,0.000000,0.000000,0.002638
Q_ind_81_anc_6-2,0.001264,0.000000,0.000000,0.017827
Q_ind_82_anc_6-2,0.000814,0.000000,0.000000,0.010301
Q_ind_83_anc_6-2,0.000248,0.000000,0.000000,0.002380
Q_ind_84_anc_6-2,0.000462,0.000000,0.000000,0.005461
Q_ind_85_anc_6-2,0.000479,0.000000,0.000000,0.005837
Q_ind_86_anc_6-2,0.000717,0.000000,0.000000,0.009333
Q_ind_87_anc_6-2,0.001001,0.000000,0.000000,0.014319
Q_ind_88_anc_6-2,0.000511,0.000000,0.000000,0.006428
Q_ind_89_anc_6-2,0.000775,0.000000,0.000000,0.010827
Q_ind_90_anc_6-2,0.008412,0.000000,0.000000,0.119180
Q_ind_91_anc_6-2,0.003321,0.000000,0.000000,0.043809
Q_ind_92_anc_6-2,0.016127,0.000000,0.000000,0.185010
Q_ind_93_anc_6-2,0.029979,0.000000,0.000000,0.215362
Q_ind_94_anc_6-2,0.005183,0.000000,0.000000,0.064210
Q_ind_95_anc_6-2,0.000561,0.000000,0.000000,0.007119
Q_ind_96_anc_6-2,0.000333,0.000000,0.000000,0.003458
Q_ind_97_anc_6-2,0.001539,0.000000,0.000000,0.021704
Q_ind_98_anc_6-2,0.953359,0.962871,0.859325,0.999870
Q_ind_99_anc_6-2,0.514899,0.514115,0.426261,0.605291
Q_ind_100_anc_6-2,0.000540,0.000000,0.000000,0.004429
Q_ind_101_anc_6-2,0.000243,0.000000,0.000000,0.002904
Q_ind_102_anc_6-2,0.000172,0.000000,0.000000,0.001809
Q_ind_103_anc_6-2,0.000653,0.000000,0.000000,0.009499
Q_ind_104_anc_6-2,0.000171,0.000000,0.000000,0.002170
Q_ind_105_anc_6-2,0.658835,0.658336,0.550373,0.767010
Q_ind_106_anc_6-2,0.025086,0.000002,0.000000,0.122574
Q_ind_107_anc_6-2,0.000503,0.000000,0.000000,0.006302
Q_ind_108_anc_6-2,0.002522,0.000000,0.000000,0.030339
Q_ind_109_anc_6-2,0.001252,0.000000,0.000000,0.015337
Q_ind_110_anc_6-2,0.002646,0.000000,0.000000,0.034449
Q_ind_111_anc_6-2,0.002803,0.000000,0.000000,0.042354
Q_ind_112_anc_6-2,0.291917,0.292242,0.197762,0.388975
Q_ind_113_anc_6-2,0.000487,0.000000,0.000000,0.005556
Q_ind_114_anc_6-2,0.019150,0.000000,0.000000,0.126238
Q_ind_115_anc_6-2,0.001431,0.000000,0.000000,0.018672
Q_ind_116_anc_6-2,0.002257,0.000000,0.000000,0.029293
Q_ind_117_anc_6-2,0.001111,0.000000,0.000000,0.014847
Q_ind_118_anc_6-2,0.011553,0.000000,0.000000,0.094215
Q_ind_119_anc_6-2,0.003235,0.000000,0.000000,0.050135
Q_ind_120_anc_6-2,0.000342,0.000000,0.000000,0.004062
Q_ind_121_anc_6-2,0.000754,0.000000,0.000000,0.008763
Q_ind_122_anc_6-2,0.000597,0.000000,0.000000,0.007531
Q_ind_123_anc_6-2,0.002799,0.000000,0.000000,0.031625
Q_ind_124_anc_6-2,0.136791,0.145349,0.000000,0.296678
Q_ind_125_anc_6-2,0.000465,0.000000,0.000000,0.005647
Q_ind_126_anc_6-2,0.007305,0.000000,0.000000,0.063978
Q_ind_127_anc_6-2,0.015397,0.000000,0.000000,0.113907
Q_ind_128_anc_6-2,0.003728,0.000000,0.000000,0.051446
Q_ind_129_anc_6-2,0.001879,0.000000,0.000000,0.029620
Q_ind_130_anc_6-2,0.001416,0.000000,0.000000,0.017695
Q_ind_131_anc_6-2,0.215595,0.216483,0.135796,0.295669
Q_ind_132_anc_6-2,0.120363,0.125286,0.000000,0.186429
Q_ind_133_anc_6-2,0.000970,0.000000,0.000000,0.012347
Q_ind_134_anc_6-2,0.006920,0.000000,0.000000,0.071363
Q_ind_135_anc_6-2,0.000736,0.000000,0.000000,0.009437
Q_ind_136_anc_6-2,0.016339,0.000000,0.000000,0.101717
Q_ind_137_anc_6-2,0.003271,0.000000,0.000000,0.040994
Q_ind_138_anc_6-2,0.004573,0.000000,0.000000,0.056244
Q_ind_139_anc_6-2,0.012800,0.000000,0.000000,0.098568
Q_ind_140_anc_6-2,0.075870,0.085625,0.000000,0.166282
Q_ind_141_anc_6-2,0.001842,0.000000,0.000000,0.026050
Q_ind_142_anc_6-2,0.333976,0.333954,0.255979,0.414306
Q_ind_143_anc_6-2,0.000869,0.000000,0.000000,0.009242
Q_ind_144_anc_6-2,0.001936,0.000000,0.000000,0.027607
Q_ind_145_anc_6-2,0.000219,0.000000,0.000000,0.002623
Q_ind_146_anc_6-2,0.002667,0.000000,0.000000,0.030647
Q_ind_147_anc_6-2,0.000524,0.000000,0.000000,0.007618
Q_ind_148_anc_6-2,0.001729,0.000000,0.000000,0.020474
Q_ind_149_anc_6-2,0.000167,0.000000,0.000000,0.002043
Q_ind_150_anc_6-2,0.000298,0.000000,0.000000,0.003367
Q_ind_151_anc_6-2,0.000284,0.000000,0.000000,0.003751
Q_ind_152_anc_6-2,0.000455,0.000000,0.000000,0.006163
Q_ind_153_anc_6-2,0.000142,0.000000,0.000000,0.001860
Q_ind_154_anc_6-2,0.001650,0.000000,0.000000,0.019063
Q_ind_155_anc_6-2,0.000484,0.000000,0.000000,0.006492
Q_ind_156_anc_6-2,0.000416,0.000000,0.000000,0.005453
Q_ind_157_anc_6-2,0.000321,0.000000,0.000000,0.004223
Q_ind_158_anc_6-2,0.000299,0.000000,0.000000,0.003331
Q_ind_159_anc_6-2,0.000223,0.000000,0.000000,0.002407
Q_ind_160_anc_6-2,0.000155,0.000000,0.000000,0.001771
Q_ind_161_anc_6-2,0.000128,0.000000,0.000000,0.001467
Q_ind_162_anc_6-2,0.000213,0.000000,0.000000,0.002400
Q_ind_163_anc_6-2,0.000139,0.000000,0.000000,0.001500
Q_ind_164_anc_6-2,0.000224,0.000000,0.000000,0.003072
Q_ind_165_anc_6-2,0.001150,0.000000,0.000000,0.017539
Q_ind_166_anc_6-2,0.000316,0.000000,0.000000,0.003471
Q_ind_167_anc_6-2,0.000482,0.000000,0.000000,0.005035
Q_ind_168_anc_6-2,0.160890,0.160542,0.074849,0.248288
Q_ind_169_anc_6-2,0.008213,0.000000,0.000000,0.071750
Q_ind_170_anc_6-2,0.001066,0.000000,0.000000,0.013339
Q_ind_171_anc_6-2,0.002415,0.000000,0.000000,0.034474
Q_ind_172_anc_6-2,0.003494,0.000000,0.000000,0.038682
Q_ind_173_anc_6-2,0.179233,0.178467,0.104271,0.255793
Q_ind_174_anc_6-2,0.003306,0.000000,0.000000,0.038565
Q_ind_175_anc_6-2,0.021632,0.000000,0.000000,0.125129
Q_ind_176_anc_6-2,0.006446,0.000000,0.000000,0.067503
Q_ind_177_anc_6-2,0.000663,0.000000,0.000000,0.008617
Q_ind_178_anc_6-2,0.000258,0.000000,0.000000,0.003167
Q_ind_179_anc_6-2,0.000288,0.000000,0.000000,0.002953
Q_ind_180_anc_6-2,0.000151,0.000000,0.000000,0.001982
Q_ind_181_anc_6-2,0.006229,0.000000,0.000000,0.075549
Q_ind_182_anc_6-2,0.000268,0.000000,0.000000,0.003714
Q_ind_183_anc_6-2,0.000319,0.000000,0.000000,0.003765
Q_ind_184_anc_6-2,0.002116,0.000000,0.000000,0.029172
Q_ind_185_anc_6-2,0.000600,0.000000,0.000000,0.008033
Q_ind_186_anc_6-2,0.002336,0.000000,0.000000,0.034303
Q_ind_187_anc_6-2,0.006016,0.000000,0.000000,0.060683
Q_ind_188_anc_6-2,0.008992,0.000000,0.000000,0.089228
Q_ind_189_anc_6-2,0.000656,0.000000,0.000000,0.007220
Q_ind_190_anc_6-2,0.002235,0.000000,0.000000,0.031168
Q_ind_191_anc_6-2,0.001407,0.000000,0.000000,0.019701
Q_ind_192_anc_6-2,0.000268,0.000000,0.000000,0.003243
Q_ind_193_anc_6-2,0.000989,0.000000,0.000000,0.014347
Q_ind_194_anc_6-2,0.000031,0.000000,0.000000,0.000364
Q_ind_195_anc_6-2,0.000132,0.000000,0.000000,0.001485
Q_ind_196_anc_6-2,0.000060,0.000000,0.000000,0.000550
Q_ind_197_anc_6-2,0.000044,0.000000,0.000000,0.000469
Q_ind_198_anc_6-2,0.000051,0.000000,0.000000,0.000575
Q_ind_199_anc_6-2,0.000111,0.000000,0.000000,0.001366
Q_ind_200_anc_6-2,0.000056,0.000000,0.000000,0.000605
Q_ind_201_anc_6-2,0.041270,0.000000,0.000000,0.170308
Q_ind_202_anc_6-2,0.000178,0.000000,0.000000,0.002282
Q_ind_203_anc_6-2,0.000549,0.000000,0.000000,0.006970
Q_ind_204_anc_6-2,0.000552,0.000000,0.000000,0.006292
Q_ind_205_anc_6-2,0.001214,0.000000,0.000000,0.013429
Q_ind_206_anc_6-2,0.000651,0.000000,0.000000,0.007547
Q_ind_207_anc_6-2,0.004538,0.000000,0.000000,0.051082
Q_ind_208_anc_6-2,0.000810,0.000000,0.000000,0.010344
Q_ind_209_anc_6-2,0.000588,0.000000,0.000000,0.007046
Q_ind_210_anc_6-2,0.000182,0.000000,0.000000,0.002028
Q_ind_211_anc_6-2,0.001456,0.000000,0.000000,0.019505
Q_ind_212_anc_6-2,0.030070,0.000000,0.000000,0.185954
Q_ind_213_anc_6-2,0.018210,0.000000,0.000000,0.156994
Q_ind_214_anc_6-2,0.099282,0.102428,0.000000,0.176618
Q_ind_215_anc_6-2,0.029469,0.000804,0.000000,0.122764
Q_ind_216_anc_6-2,0.027397,0.000002,0.000000,0.140075
Q_ind_217_anc_6-2,0.002915,0.000000,0.000000,0.045952
Q_ind_218_anc_6-2,0.170567,0.169325,0.098723,0.248337
Q_ind_219_anc_6-2,0.082430,0.093079,0.000000,0.169599
Q_ind_220_anc_6-2,0.008575,0.000000,0.000000,0.094543
Q_ind_221_anc_6-2,0.004088,0.000000,0.000000,0.055419
Q_ind_222_anc_6-2,0.015903,0.000000,0.000000,0.118264
Q_ind_223_anc_6-2,0.000533,0.000000,0.000000,0.006726
Q_ind_224_anc_6-2,0.005099,0.000000,0.000000,0.063430
Q_ind_225_anc_6-2,0.000425,0.000000,0.000000,0.005846
Q_ind_226_anc_6-2,0.000368,0.000000,0.000000,0.004417
Q_ind_227_anc_6-2,0.001551,0.000000,0.000000,0.019542
Q_ind_228_anc_6-2,0.000965,0.000000,0.000000,0.012430
Q_ind_229_anc_6-2,0.004001,0.000000,0.000000,0.046848
Q_ind_230_anc_6-2,0.007908,0.000000,0.000000,0.098133
Q_ind_231_anc_6-2,0.000662,0.000000,0.000000,0.008747
Q_ind_232_anc_6-2,0.004157,0.000000,0.000000,0.051078
Q_ind_233_anc_6-2,0.004512,0.000000,0.000000,0.058723
Q_ind_234_anc_6-2,0.000386,0.000000,0.000000,0.005074
Q_ind_235_anc_6-2,0.055286,0.042353,0.000000,0.152061
Q_ind_236_anc_6-2,0.050817,0.013187,0.000000,0.151321
Q_ind_237_anc_6-2,0.001247,0.000000,0.000000,0.017535
Q_ind_238_anc_6-2,0.000334,0.000000,0.000000,0.004006
Q_ind_239_anc_6-2,0.001498,0.000000,0.000000,0.019146
Q_ind_240_anc_6-2,0.000315,0.000000,0.000000,0.002810
Q_ind_241_anc_6-2,0.000251,0.000000,0.000000,0.003170
Q_ind_242_anc_6-2,0.056316,0.029981,0.000000,0.168975
Q_ind_243_anc_6-2,0.000158,0.000000,0.000000,0.001666
Q_ind_244_anc_6-2,0.011138,0.000000,0.000000,0.114760
Q_ind_245_anc_6-2,0.000531,0.000000,0.000000,0.006966
Q_ind_1_anc_6-3,0.000359,0.000000,0.000000,0.004324
Q_ind_2_anc_6-3,0.000296,0.000000,0.000000,0.003974
Q_ind_3_anc_6-3,0.000163,0.000000,0.000000,0.001976
Q_ind_4_anc_6-3,0.000386,0.000000,0.000000,0.005493
Q_ind_5_anc_6-3,0.008050,0.000000,0.000000,0.067917
Q_ind_6_anc_6-3,0.000579,0.000000,0.000000,0.006741
Q_ind_7_anc_6-3,0.000111,0.000000,0.000000,0.001318
Q_ind_8_anc_6-3,0.000507,0.000000,0.000000,0.006709
Q_ind_9_anc_6-3,0.000268,0.000000,0.000000,0.003371
Q_ind_10_anc_6-3,0.000207,0.000000,0.000000,0.002699
Q_ind_11_anc_6-3,0.000410,0.000000,0.000000,0.005240
Q_ind_12_anc_6-3,0.001085,0.000000,0.000000,0.016365
Q_ind_13_anc_6-3,0.000900,0.000000,0.000000,0.012020
Q_ind_14_anc_6-3,0.003429,0.000000,0.000000,0.041971
Q_ind_15_anc_6-3,0.013519,0.000000,0.000000,0.107042
Q_ind_16_anc_6-3,0.028701,0.000018,0.000000,0.125258
Q_ind_17_anc_6-3,0.030602,0.015113,0.000000,0.106109
Q_ind_18_anc_6-3,0.003451,0.000000,0.000000,0.048995
Q_ind_19_anc_6-3,0.005398,0.000000,0.000000,0.063325
Q_ind_20_anc_6-3,0.058753,0.065309,0.000000,0.151683
Q_ind_21_anc_6-3,0.004071,0.000000,0.000000,0.040395
Q_ind_22_anc_6-3,0.005902,0.000000,0.000000,0.049153
Q_ind_23_anc_6-3,0.001100,0.000000,0.000000,0.014804
Q_ind_24_anc_6-3,0.012921,0.000000,0.000000,0.099707
Q_ind_25_anc_6-3,0.001160,0.000000,0.000000,0.016913
Q_ind_26_anc_6-3,0.000446,0.000000,0.000000,0.006134
Q_ind_27_anc_6-3,0.000961,0.000000,0.000000,0.014242
Q_ind_28_anc_6-3,0.001764,0.000000,0.000000,0.024482
Q_ind_29_anc_6-3,0.008641,0.000000,0.000000,0.061771
Q_ind_30_anc_6-3,0.003909,0.000000,0.000000,0.045464
Q_ind_31_anc_6-3,0.000229,0.000000,0.000000,0.002726
Q_ind_32_anc_6-3,0.000620,0.000000,0.000000,0.006804
Q_ind_33_anc_6-3,0.000462,0.000000,0.000000,0.005539
Q_ind_34_anc_6-3,0.000585,0.000000,0.000000,0.007926
Q_ind_35_anc_6-3,0.000745,0.000000,0.000000,0.008539
Q_ind_36_anc_6-3,0.000460,0.000000,0.000000,0.005850
Q_ind_37_anc_6-3,0.000582,0.000000,0.000000,0.007605
Q_ind_38_anc_6-3,0.000301,0.000000,0.000000,0.003314
Q_ind_39_anc_6-3,0.001066,0.000000,0.000000,0.013307
Q_ind_40_anc_6-3,0.021345,0.003667,0.000000,0.083916
Q_ind_41_anc_6-3,0.012806,0.000000,0.000000,0.099385
Q_ind_42_anc_6-3,0.000409,0.000000,0.000000,0.005165
Q_ind_43_anc_6-3,0.000659,0.000000,0.000000,0.007871
Q_ind_44_anc_6-3,0.000886,0.000000,0.000000,0.011403
Q_ind_45_anc_6-3,0.000617,0.000000,0.000000,0.007269
Q_ind_46_anc_6-3,0.000166,0.000000,0.000000,0.002054
Q_ind_47_anc_6-3,0.002345,0.000000,0.000000,0.030546
Q_ind_48_anc_6-3,0.002325,0.000000,0.000000,0.028765
Q_ind_49_anc_6-3,0.000219,0.000000,0.000000,0.002391
Q_ind_50_anc_6-3,0.000319,0.000000,0.000000,0.003500
Q_ind_51_anc_6-3,0.003466,0.000000,0.000000,0.037332
Q_ind_52_anc_6-3,0.000696,0.000000,0.000000,0.009123
Q_ind_53_anc_6-3,0.000405,0.000000,0.000000,0.004974
Q_ind_54_anc_6-3,0.000812,0.000000,0.000000,0.009083
Q_ind_55_anc_6-3,0.000736,0.000000,0.000000,0.009659
Q_ind_56_anc_6-3,0.002317,0.000000,0.000000,0.028308
Q_ind_57_anc_6-3,0.214601,0.219199,0.102344,0.280267
Q_ind_58_anc_6-3,0.001825,0.000000,0.000000,0.024761
Q_ind_59_anc_6-3,0.016338,0.000457,0.000000,0.075228
Q_ind_60_anc_6-3,0.000576,0.000000,0.000000,0.007894
Q_ind_61_anc_6-3,0.006809,0.000000,0.000000,0.055014
Q_ind_62_anc_6-3,0.001729,0.000000,0.000000,0.023028
Q_ind_63_anc_6-3,0.000108,0.000000,0.000000,0.001128
Q_ind_64_anc_6-3,0.000103,0.000000,0.000000,0.001136
Q_ind_65_anc_6-3,0.000164,0.000000,0.000000,0.001969
Q_ind_66_anc_6-3,0.000135,0.000000,0.000000,0.001511
Q_ind_67_anc_6-3,0.000151,0.000000,0.000000,0.001731
Q_ind_68_anc_6-3,0.000443,0.000000,0.000000,0.005414
Q_ind_69_anc_6-3,0.001537,0.000000,0.000000,0.022877
Q_ind_70_anc_6-3,0.000392,0.000000,0.000000,0.005339
Q_ind_71_anc_6-3,0.000343,0.000000,0.000000,0.004440
Q_ind_72_anc_6-3,0.000901,0.000000,0.000000,0.013083
Q_ind_73_anc_6-3,0.000685,0.000000,0.000000,0.008598
Q_ind_74_anc_6-3,0.001099,0.000000,0.000000,0.013528
Q_ind_75_anc_6-3,0.000471,0.000000,0.000000,0.005624
Q_ind_76_anc_6-3,0.001598,0.000000,0.000000,0.020029
Q_ind_77_anc_6-3,0.000286,0.000000,0.000000,0.003010
Q_ind_78_anc_6-3,0.000290,0.000000,0.000000,0.003333
Q_ind_79_anc_6-3,0.000662,0.000000,0.000000,0.007489
Q_ind_80_anc_6-3,0.000330,0.000000,0.000000,0.003648
Q_ind_81_anc_6-3,0.003115,0.000000,0.000000,0.035812
Q_ind_82_anc_6-3,0.000791,0.000000,0.000000,0.011037
Q_ind_83_anc_6-3,0.000323,0.000000,0.000000,0.004317
Q_ind_84_anc_6-3,0.000361,0.000000,0.000000,0.004362
Q_ind_85_anc_6-3,0.000589,0.000000,0.000000,0.007234
Q_ind_86_anc_6-3,0.000359,0.000000,0.000000,0.004406
Q_ind_87_anc_6-3,0.001863,0.000000,0.000000,0.025449
Q_ind_88_anc_6-3,0.002346,0.000000,0.000000,0.032167
Q_ind_89_anc_6-3,0.239328,0.238758,0.093317,0.371178
Q_ind_90_anc_6-3,0.239099,0.256812,0.000000,0.358910
Q_ind_91_anc_6-3,0.057433,0.026666,0.000000,0.204260
Q_ind_92_anc_6-3,0.316792,0.318589,0.203710,0.419012
Q_ind_93_anc_6-3,0.021072,0.000000,0.000000,0.154419
Q_ind_94_anc_6-3,0.161289,0.221989,0.000000,0.365732
Q_ind_95_anc_6-3,0.035578,0.000006,0.000000,0.185778
Q_ind_96_anc_6-3,0.000600,0.000000,0.000000,0.006751
Q_ind_97_anc_6-3,0.001099,0.000000,0.000000,0.013137
Q_ind_98_anc_6-3,0.000264,0.000000,0.000000,0.003283
Q_ind_99_anc_6-3,0.219615,0.219036,0.160208,0.281767
Q_ind_100_anc_6-3,0.000306,0.000000,0.000000,0.004036
Q_ind_101_anc_6-3,0.000447,0.000000,0.000000,0.005962
Q_ind_102_anc_6-3,0.000247,0.000000,0.000000,0.003210
Q_ind_103_anc_6-3,0.000292,0.000000,0.000000,0.003700
Q_ind_104_anc_6-3,0.000127,0.000000,0.000000,0.001363
Q_ind_105_anc_6-3,0.112947,0.113126,0.059558,0.165543
Q_ind_106_anc_6-3,0.001535,0.000000,0.000000,0.020314
Q_ind_107_anc_6-3,0.000316,0.000000,0.000000,0.003596
Q_ind_108_anc_6-3,0.000671,0.000000,0.000000,0.009930
Q_ind_109_anc_6-3,0.000481,0.000000,0.000000,0.005294
Q_ind_110_anc_6-3,0.000235,0.000000,0.000000,0.002531
Q_ind_111_anc_6-3,0.001537,0.000000,0.000000,0.020114
Q_ind_112_anc_6-3,0.000328,0.000000,0.000000,0.003326
Q_ind_113_anc_6-3,0.000407,0.000000,0.000000,0.003908
Q_ind_114_anc_6-3,0.000462,0.000000,0.000000,0.005757
Q_ind_115_anc_6-3,0.001179,0.000000,0.000000,0.015112
Q_ind_116_anc_6-3,0.000537,0.000000,0.000000,0.007292
Q_ind_117_anc_6-3,0.000453,0.000000,0.000000,0.004027
Q_ind_118_anc_6-3,0.000705,0.000000,0.000000,0.008608
Q_ind_119_anc_6-3,0.002712,0.000000,0.000000,0.033654
Q_ind_120_anc_6-3,0.000444,0.000000,0.000000,0.005627
Q_ind_121_anc_6-3,0.004695,0.000000,0.000000,0.043794
Q_ind_122_anc_6-3,0.000537,0.000000,0.000000,0.007440
Q_ind_123_anc_6-3,0.000795,0.000000,0.000000,0.010697
Q_ind_124_anc_6-3,0.080796,0.080091,0.033813,0.133616
Q_ind_125_anc_6-3,0.000331,0.000000,0.000000,0.003583
Q_ind_126_anc_6-3,0.013858,0.000000,0.000000,0.093787
Q_ind_127_anc_6-3,0.045623,0.047714,0.000000,0.123643
Q_ind_128_anc_6-3,0.032124,0.000003,0.000000,0.136492
Q_ind_129_anc_6-3,0.000655,0.000000,0.000000,0.008494
Q_ind_130_anc_6-3,0.020534,0.000377,0.000000,0.085978
Q_ind_131_anc_6-3,0.001399,0.000000,0.000000,0.017679
Q_ind_132_anc_6-3,0.000379,0.000000,0.000000,0.003604
Q_ind_133_anc_6-3,0.000413,0.000000,0.000000,0.005470
Q_ind_134_anc_6-3,0.000251,0.000000,0.000000,0.002908
Q_ind_135_anc_6-3,0.000463,0.000000,0.000000,0.005627
Q_ind_136_anc_6-3,0.000171,0.000000,0.000000,0.001776
Q_ind_137_anc_6-3,0.000418,0.000000,0.000000,0.004356
Q_ind_138_anc_6-3,0.000886,0.000000,0.000000,0.012079
Q_ind_139_anc_6-3,0.001376,0.000000,0.000000,0.017582
Q_ind_140_anc_6-3,0.000546,0.000000,0.000000,0.005258
Q_ind_141_anc_6-3,0.000170,0.000000,0.000000,0.001733
Q_ind_142_anc_6-3,0.000795,0.000000,0.000000,0.010486
Q_ind_143_anc_6-3,0.000376,0.000000,0.000000,0.004993
Q_ind_144_anc_6-3,0.000167,0.000000,0.000000,0.002039
Q_ind_145_anc_6-3,0.000153,0.000000,0.000000,0.001938
Q_ind_146_anc_6-3,0.000554,0.000000,0.000000,0.007547
Q_ind_147_anc_6-3,0.000204,0.000000,0.000000,0.002187
Q_ind_148_anc_6-3,0.000891,0.000000,0.000000,0.011443
Q_ind_149_anc_6-3,0.120699,0.120177,0.067401,0.176608
Q_ind_150_anc_6-3,0.000169,0.000000,0.000000,0.001930
Q_ind_151_anc_6-3,0.000293,0.000000,0.000000,0.003747
Q_ind_152_anc_6-3,0.000181,0.000000,0.000000,0.002308
Q_ind_153_anc_6-3,0.000143,0.000000,0.000000,0.001656
Q_ind_154_anc_6-3,0.000399,0.000000,0.000000,0.005156
Q_ind_155_anc_6-3,0.135613,0.135037,0.073130,0.196623
Q_ind_156_anc_6-3,0.000301,0.000000,0.000000,0.003477
Q_ind_157_anc_6-3,0.001129,0.000000,0.000000,0.016223
Q_ind_158_anc_6-3,0.000918,0.000000,0.000000,0.011729
Q_ind_159_anc_6-3,0.000211,0.000000,0.000000,0.002404
Q_ind_160_anc_6-3,0.000235,0.000000,0.000000,0.002754
Q_ind_161_anc_6-3,0.000169,0.000000,0.000000,0.002080
Q_ind_162_anc_6-3,0.000281,0.000000,0.000000,0.003568
Q_ind_163_anc_6-3,0.000180,0.000000,0.000000,0.001644
Q_ind_164_anc_6-3,0.000330,0.000000,0.000000,0.003897
Q_ind_165_anc_6-3,0.000987,0.000000,0.000000,0.013321
Q_ind_166_anc_6-3,0.000499,0.000000,0.000000,0.006899
Q_ind_167_anc_6-3,0.000326,0.000000,0.000000,0.004317
Q_ind_168_anc_6-3,0.001253,0.000000,0.000000,0.018616
Q_ind_169_anc_6-3,0.000415,0.000000,0.000000,0.004966
Q_ind_170_anc_6-3,0.000341,0.000000,0.000000,0.004226
Q_ind_171_anc_6-3,0.001269,0.000000,0.000000,0.019419
Q_ind_172_anc_6-3,0.000197,0.000000,0.000000,0.002126
Q_ind_173_anc_6-3,0.000408,0.000000,0.000000,0.005264
Q_ind_174_anc_6-3,0.000487,0.000000,0.000000,0.006525
Q_ind_175_anc_6-3,0.002098,0.000000,0.000000,0.030823
Q_ind_176_anc_6-3,0.014368,0.000000,0.000000,0.090206
Q_ind_177_anc_6-3,0.000161,0.000000,0.000000,0.001760
Q_ind_178_anc_6-3,0.000472,0.000000,0.000000,0.006387
Q_ind_179_anc_6-3,0.000336,0.000000,0.000000,0.003727
Q_ind_180_anc_6-3,0.000317,0.000000,0.000000,0.004628
Q_ind_181_anc_6-3,0.045772,0.038234,0.000000,0.136720
Q_ind_182_anc_6-3,0.000384,0.000000,0.000000,0.004316
Q_ind_183_anc_6-3,0.000267,0.000000,0.000000,0.002929
Q_ind_184_anc_6-3,0.002314,0.000000,0.000000,0.028853
Q_ind_185_anc_6-3,0.000267,0.000000,0.000000,0.003361
Q_ind_186_anc_6-3,0.000312,0.000000,0.000000,0.003471
Q_ind_187_anc_6-3,0.000201,0.000000,0.000000,0.002302
Q_ind_188_anc_6-3,0.000352,0.000000,0.000000,0.004551
Q_ind_189_anc_6-3,0.000141,0.000000,0.000000,0.001692
Q_ind_190_anc_6-3,0.000743,0.000000,0.000000,0.009358
Q_ind_191_anc_6-3,0.000275,0.000000,0.000000,0.003033
Q_ind_192_anc_6-3,0.000186,0.000000,0.000000,0.002342
Q_ind_193_anc_6-3,0.000441,0.000000,0.000000,0.006430
Q_ind_194_anc_6-3,0.000050,0.000000,0.000000,0.000493
Q_ind_195_anc_6-3,0.000156,0.000000,0.000000,0.001720
Q_ind_196_anc_6-3,0.000054,0.000000,0.000000,0.000608
Q_ind_197_anc_6-3,0.000051,0.000000,0.000000,0.000613
Q_ind_198_anc_6-3,0.000044,0.000000,0.000000,0.000430
Q_ind_199_anc_6-3,0.000152,0.000000,0.000000,0.001903
Q_ind_200_anc_6-3,0.000085,0.000000,0.000000,0.000807
Q_ind_201_anc_6-3,0.003703,0.000000,0.000000,0.055279
Q_ind_202_anc_6-3,0.000194,0.000000,0.000000,0.002478
Q_ind_203_anc_6-3,0.000330,0.000000,0.000000,0.003605
Q_ind_204_anc_6-3,0.000578,0.000000,0.000000,0.007282
Q_ind_205_anc_6-3,0.001165,0.000000,0.000000,0.015074
Q_ind_206_anc_6-3,0.001376,0.000000,0.000000,0.018442
Q_ind_207_anc_6-3,0.007459,0.000000,0.000000,0.061672
Q_ind_208_anc_6-3,0.007367,0.000000,0.000000,0.058606
Q_ind_209_anc_6-3,0.000319,0.000000,0.000000,0.003236
Q_ind_210_anc_6-3,0.000288,0.000000,0.000000,0.003909
Q_ind_211_anc_6-3,0.000325,0.000000,0.000000,0.004431
Q_ind_212_anc_6-3,0.003659,0.000000,0.000000,0.045105
Q_ind_213_anc_6-3,0.000968,0.000000,0.000000,0.012639
Q_ind_214_anc_6-3,0.000422,0.000000,0.000000,0.005510
Q_ind_215_anc_6-3,0.000629,0.000000,0.000000,0.008348
Q_ind_216_anc_6-3,0.020281,0.000000,0.000000,0.099863
Q_ind_217_anc_6-3,0.000326,0.000000,0.000000,0.003928
Q_ind_218_anc_6-3,0.000352,0.000000,0.000000,0.004183
Q_ind_219_anc_6-3,0.004562,0.000000,0.000000,0.053148
Q_ind_220_anc_6-3,0.001736,0.000000,0.000000,0.020191
Q_ind_221_anc_6-3,0.000671,0.000000,0.000000,0.007992
Q_ind_222_anc_6-3,0.001147,0.000000,0.000000,0.014924
Q_ind_223_anc_6-3,0.014958,0.000000,0.000000,0.105342
Q_ind_224_anc_6-3,0.000521,0.000000,0.000000,0.005101
Q_ind_225_anc_6-3,0.001558,0.000000,0.000000,0.022535
Q_ind_226_anc_6-3,0.008392,0.000000,0.000000,0.103110
Q_ind_227_anc_6-3,0.033597,0.000342,0.000000,0.135105
Q_ind_228_anc_6-3,0.101695,0.107213,0.000000,0.159238
Q_ind_229_anc_6-3,0.017467,0.000000,0.000000,0.092253
Q_ind_230_anc_6-3,0.002818,0.000000,0.000000,0.035770
Q_ind_231_anc_6-3,0.000907,0.000000,0.000000,0.011905
Q_ind_232_anc_6-3,0.006735,0.000000,0.000000,0.060849
Q_ind_233_anc_6-3,0.112414,0.112803,0.054093,0.162337
Q_ind_234_anc_6-3,0.001180,0.000000,0.000000,0.015816
Q_ind_235_anc_6-3,0.000270,0.000000,0.000000,0.002544
Q_ind_236_anc_6-3,0.000191,0.000000,0.000000,0.001939
Q_ind_237_anc_6-3,0.000287,0.000000,0.000000,0.003321
Q_ind_238_anc_6-3,0.000278,0.000000,0.000000,0.002840
Q_ind_239_anc_6-3,0.000633,0.000000,0.000000,0.009287
Q_ind_240_anc_6-3,0.000206,0.000000,0.000000,0.002100
Q_ind_241_anc_6-3,0.000366,0.000000,0.000000,0.004773
Q_ind_242_anc_6-3,0.002015,0.000000,0.000000,0.022824
Q_ind_243_anc_6-3,0.000189,0.000000,0.000000,0.001810
Q_ind_244_anc_6-3,0.000396,0.000000,0.000000,0.004825
Q_ind_245_anc_6-3,0.000332,0.000000,0.000000,0.003498
Q_ind_1_anc_6-4,0.000397,0.000000,0.000000,0.004323
Q_ind_2_anc_6-4,0.000282,0.000000,0.000000,0.002062
Q_ind_3_anc_6-4,0.000203,0.000000,0.000000,0.002418
Q_ind_4_anc_6-4,0.000333,0.000000,0.000000,0.004061
Q_ind_5_anc_6-4,0.021930,0.000018,0.000000,0.099489
Q_ind_6_anc_6-4,0.000413,0.000000,0.000000,0.005885
Q_ind_7_anc_6-4,0.000136,0.000000,0.000000,0.001504
Q_ind_8_anc_6-4,0.000505,0.000000,0.000000,0.006106
Q_ind_9_anc_6-4,0.000353,0.000000,0.000000,0.003513
Q_ind_10_anc_6-4,0.000148,0.000000,0.000000,0.001541
Q_ind_11_anc_6-4,0.000416,0.000000,0.000000,0.005493
Q_ind_12_anc_6-4,0.000579,0.000000,0.000000,0.006199
Q_ind_13_anc_6-4,0.050094,0.000073,0.000000,0.195063
Q_ind_14_anc_6-4,0.002156,0.000000,0.000000,0.030256
Q_ind_15_anc_6-4,0.002994,0.000000,0.000000,0.042997
Q_ind_16_anc_6-4,0.056604,0.001128,0.000000,0.211669
Q_ind_17_anc_6-4,0.016224,0.000000,0.000000,0.112391
Q_ind_18_anc_6-4,0.106125,0.108149,0.000000,0.282332
Q_ind_19_anc_6-4,0.014535,0.000000,0.000000,0.113835
Q_ind_20_anc_6-4,0.171981,0.192695,0.000000,0.305401
Q_ind_21_anc_6-4,0.001346,0.000000,0.000000,0.016716
Q_ind_22_anc_6-4,0.001688,0.000000,0.000000,0.024657
Q_ind_23_anc_6-4,0.000559,0.000000,0.000000,0.006966
Q_ind_24_anc_6-4,0.008921,0.000000,0.000000,0.073903
Q_ind_25_anc_6-4,0.009798,0.000000,0.000000,0.068095
Q_ind_26_anc_6-4,0.000252,0.000000,0.000000,0.003091
Q_ind_27_anc_6-4,0.000446,0.000000,0.000000,0.005335
Q_ind_28_anc_6-4,0.000542,0.000000,0.000000,0.007838
Q_ind_29_anc_6-4,0.002246,0.000000,0.000000,0.031714
Q_ind_30_anc_6-4,0.000426,0.000000,0.000000,0.005070
Q_ind_31_anc_6-4,0.100152,0.100697,0.020770,0.171677
Q_ind_32_anc_6-4,0.047773,0.000037,0.000000,0.209679
Q_ind_33_anc_6-4,0.011868,0.000000,0.000000,0.089931
Q_ind_34_anc_6-4,0.015566,0.000000,0.000000,0.102937
Q_ind_35_anc_6-4,0.118929,0.123653,0.000005,0.195395
Q_ind_36_anc_6-4,0.024700,0.000001,0.000000,0.122164
Q_ind_37_anc_6-4,0.105235,0.106633,0.000000,0.185287
Q_ind_38_anc_6-4,0.013191,0.000000,0.000000,0.101127
Q_ind_39_anc_6-4,0.322343,0.321575,0.240026,0.406925
Q_ind_40_anc_6-4,0.002227,0.000000,0.000000,0.024858
Q_ind_41_anc_6-4,0.056836,0.050976,0.000000,0.164617
Q_ind_42_anc_6-4,0.000277,0.000000,0.000000,0.002876
Q_ind_43_anc_6-4,0.001884,0.000000,0.000000,0.027207
Q_ind_44_anc_6-4,0.000319,0.000000,0.000000,0.003281
Q_ind_45_anc_6-4,0.000501,0.000000,0.000000,0.007288
Q_ind_46_anc_6-4,0.000567,0.000000,0.000000,0.008087
Q_ind_47_anc_6-4,0.001535,0.000000,0.000000,0.021304
Q_ind_48_anc_6-4,0.000895,0.000000,0.000000,0.011739
Q_ind_49_anc_6-4,0.000261,0.000000,0.000000,0.002692
Q_ind_50_anc_6-4,0.000245,0.000000,0.000000,0.002141
Q_ind_51_anc_6-4,0.008794,0.000000,0.000000,0.079294
Q_ind_52_anc_6-4,0.000791,0.000000,0.000000,0.009329
Q_ind_53_anc_6-4,0.001317,0.000000,0.000000,0.018207
Q_ind_54_anc_6-4,0.003054,0.000000,0.000000,0.036533
Q_ind_55_anc_6-4,0.001518,0.000000,0.000000,0.021695
Q_ind_56_anc_6-4,0.003088,0.000000,0.000000,0.049504
Q_ind_57_anc_6-4,0.008945,0.000000,0.000000,0.131732
Q_ind_58_anc_6-4,0.001411,0.000000,0.000000,0.018472
Q_ind_59_anc_6-4,0.002500,0.000000,0.000000,0.032723
Q_ind_60_anc_6-4,0.001236,0.000000,0.000000,0.015527
Q_ind_61_anc_6-4,0.013950,0.000000,0.000000,0.120378
Q_ind_62_anc_6-4,0.003980,0.000000,0.000000,0.056743
Q_ind_63_anc_6-4,0.000239,0.000000,0.000000,0.003109
Q_ind_64_anc_6-4,0.000116,0.000000,0.000000,0.001361
Q_ind_65_anc_6-4,0.000223,0.000000,0.000000,0.002370
Q_ind_66_anc_6-4,0.000168,0.000000,0.000000,0.001970
Q_ind_67_anc_6-4,0.000198,0.000000,0.000000,0.002417
Q_ind_68_anc_6-4,0.000310,0.000000,0.000000,0.003686
Q_ind_69_anc_6-4,0.001484,0.000000,0.000000,0.018444
Q_ind_70_anc_6-4,0.000245,0.000000,0.000000,0.002921
Q_ind_71_anc_6-4,0.000405,0.000000,0.000000,0.004573
Q_ind_72_anc_6-4,0.009197,0.000000,0.000000,0.080701
Q_ind_73_anc_6-4,0.004055,0.000000,0.000000,0.051942
Q_ind_74_anc_6-4,0.024731,0.000000,0.000000,0.126849
Q_ind_75_anc_6-4,0.000320,0.000000,0.000000,0.003198
Q_ind_76_anc_6-4,0.001051,0.000000,0.000000,0.015114
Q_ind_77_anc_6-4,0.000341,0.000000,0.000000,0.003489
Q_ind_78_anc_6-4,0.000504,0.000000,0.000000,0.006705
Q_ind_79_anc_6-4,0.000898,0.000000,0.000000,0.012419
Q_ind_80_anc_6-4,0.000185,0.000000,0.000000,0.002459
Q_ind_81_anc_6-4,0.004489,0.000000,0.000000,0.051173
Q_ind_82_anc_6-4,0.001218,0.000000,0.000000,0.016026
Q_ind_83_anc_6-4,0.000592,0.000000,0.000000,0.007312
Q_ind_84_anc_6-4,0.000207,0.000000,0.000000,0.002456
Q_ind_85_anc_6-4,0.000321,0.000000,0.000000,0.004004
Q_ind_86_anc_6-4,0.000244,0.000000,0.000000,0.002369
Q_ind_87_anc_6-4,0.001703,0.000000,0.000000,0.020438
Q_ind_88_anc_6-4,0.001079,0.000000,0.000000,0.008291
Q_ind_89_anc_6-4,0.003911,0.000000,0.000000,0.052419
Q_ind_90_anc_6-4,0.002307,0.000000,0.000000,0.032581
Q_ind_91_anc_6-4,0.006207,0.000000,0.000000,0.080526
Q_ind_92_anc_6-4,0.002224,0.000000,0.000000,0.032115
Q_ind_93_anc_6-4,0.088869,0.003117,0.000000,0.302236
Q_ind_94_anc_6-4,0.148852,0.030610,0.000000,0.375531
Q_ind_95_anc_6-4,0.116460,0.000761,0.000000,0.428723
Q_ind_96_anc_6-4,0.000559,0.000000,0.000000,0.006812
Q_ind_97_anc_6-4,0.000429,0.000000,0.000000,0.004741
Q_ind_98_anc_6-4,0.027483,0.000033,0.000000,0.128950
Q_ind_99_anc_6-4,0.256446,0.256638,0.167770,0.346088
Q_ind_100_anc_6-4,0.000284,0.000000,0.000000,0.003435
Q_ind_101_anc_6-4,0.000153,0.000000,0.000000,0.001582
Q_ind_102_anc_6-4,0.000176,0.000000,0.000000,0.001950
Q_ind_103_anc_6-4,0.000613,0.000000,0.000000,0.006430
Q_ind_104_anc_6-4,0.000206,0.000000,0.000000,0.002430
Q_ind_105_anc_6-4,0.144184,0.142872,0.062558,0.234614
Q_ind_106_anc_6-4,0.005660,0.000000,0.000000,0.054865
Q_ind_107_anc_6-4,0.000328,0.000000,0.000000,0.004467
Q_ind_108_anc_6-4,0.001852,0.000000,0.000000,0.024706
Q_ind_109_anc_6-4,0.001305,0.000000,0.000000,0.018229
Q_ind_110_anc_6-4,0.008600,0.000000,0.000000,0.074385
Q_ind_111_anc_6-4,0.003927,0.000000,0.000000,0.053245
Q_ind_112_anc_6-4,0.001164,0.000000,0.000000,0.010655
Q_ind_113_anc_6-4,0.000696,0.000000,0.000000,0.009309
Q_ind_114_anc_6-4,0.008097,0.000000,0.000000,0.088853
Q_ind_115_anc_6-4,0.001197,0.000000,0.000000,0.014069
Q_ind_116_anc_6-4,0.001721,0.000000,0.000000,0.024805
Q_ind_117_anc_6-4,0.000283,0.000000,0.000000,0.002548
Q_ind_118_anc_6-4,0.000776,0.000000,0.000000,0.009787
Q_ind_119_anc_6-4,0.000771,0.000000,0.000000,0.008697
Q_ind_120_anc_6-4,0.000291,0.000000,0.000000,0.003349
Q_ind_121_anc_6-4,0.002875,0.000000,0.000000,0.037914
Q_ind_122_anc_6-4,0.000380,0.000000,0.000000,0.004887
Q_ind_123_anc_6-4,0.000583,0.000000,0.000000,0.005903
Q_ind_124_anc_6-4,0.220018,0.219233,0.100698,0.333840
Q_ind_125_anc_6-4,0.000564,0.000000,0.000000,0.005626
Q_ind_126_anc_6-4,0.011393,0.000000,0.000000,0.076058
Q_ind_127_anc_6-4,0.005010,0.000000,0.000000,0.066761
Q_ind_128_anc_6-4,0.011711,0.000000,0.000000,0.094176
Q_ind_129_anc_6-4,0.003031,0.000000,0.000000,0.035218
Q_ind_130_anc_6-4,0.009663,0.000000,0.000000,0.097820
Q_ind_131_anc_6-4,0.000768,0.000000,0.000000,0.010508
Q_ind_132_anc_6-4,0.007760,0.000000,0.000000,0.107887
Q_ind_133_anc_6-4,0.000488,0.000000,0.000000,0.005694
Q_ind_134_anc_6-4,0.001578,0.000000,0.000000,0.022932
Q_ind_135_anc_6-4,0.000257,0.000000,0.000000,0.002840
Q_ind_136_anc_6-4,0.001940,0.000000,0.000000,0.027519
Q_ind_137_anc_6-4,0.001505,0.000000,0.000000,0.018523
Q_ind_138_anc_6-4,0.000566,0.000000,0.000000,0.006213
Q_ind_139_anc_6-4,0.006027,0.000000,0.000000,0.067007
Q_ind_140_anc_6-4,0.014040,0.000000,0.000000,0.093968
Q_ind_141_anc_6-4,0.002060,0.000000,0.000000,0.027008
Q_ind_142_anc_6-4,0.001131,0.000000,0.000000,0.015197
Q_ind_143_anc_6-4,0.001226,0.000000,0.000000,0.015562
Q_ind_144_anc_6-4,0.001031,0.000000,0.000000,0.014776
Q_ind_145_anc_6-4,0.000187,0.000000,0.000000,0.002234
Q_ind_146_anc_6-4,0.000620,0.000000,0.000000,0.008395
Q_ind_147_anc_6-4,0.001065,0.000000,0.000000,0.014753
Q_ind_148_anc_6-4,0.002228,0.000000,0.000000,0.029255
Q_ind_149_anc_6-4,0.000542,0.000000,0.000000,0.005666
Q_ind_150_anc_6-4,0.000598,0.000000,0.000000,0.008664
Q_ind_151_anc_6-4,0.001339,0.000000,0.000000,0.016652
Q_ind_152_anc_6-4,0.000543,0.000000,0.000000,0.007535
Q_ind_153_anc_6-4,0.000476,0.000000,0.000000,0.006176
Q_ind_154_anc_6-4,0.001914,0.000000,0.000000,0.023157
Q_ind_155_anc_6-4,0.002799,0.000000,0.000000,0.036295
Q_ind_156_anc_6-4,0.000389,0.000000,0.000000,0.004431
Q_ind_157_anc_6-4,0.000892,0.000000,0.000000,0.011867
Q_ind_158_anc_6-4,0.000680,0.000000,0.000000,0.007500
Q_ind_159_anc_6-4,0.000337,0.000000,0.000000,0.004021
Q_ind_160_anc_6-4,0.000204,0.000000,0.000000,0.002244
Q_ind_161_anc_6-4,0.000183,0.000000,0.000000,0.002326
Q_ind_162_anc_6-4,0.000243,0.000000,0.000000,0.003221
Q_ind_163_anc_6-4,0.000203,0.000000,0.000000,0.001678
Q_ind_164_anc_6-4,0.000287,0.000000,0.000000,0.003464
Q_ind_165_anc_6-4,0.001739,0.000000,0.000000,0.025176
Q_ind_166_anc_6-4,0.000493,0.000000,0.000000,0.005651
Q_ind_167_anc_6-4,0.000647,0.000000,0.000000,0.007509
Q_ind_168_anc_6-4,0.002237,0.000000,0.000000,0.031051
Q_ind_169_anc_6-4,0.003651,0.000000,0.000000,0.043608
Q_ind_170_anc_6-4,0.000467,0.000000,0.000000,0.005509
Q_ind_171_anc_6-4,0.000759,0.000000,0.000000,0.009350
Q_ind_172_anc_6-4,0.000292,0.000000,0.000000,0.003508
Q_ind_173_anc_6-4,0.000238,0.000000,0.000000,0.002457
Q_ind_174_anc_6-4,0.000274,0.000000,0.000000,0.003200
Q_ind_175_anc_6-4,0.003097,0.000000,0.000000,0.042292
Q_ind_176_anc_6-4,0.039675,0.036298,0.000000,0.124337
Q_ind_177_anc_6-4,0.000541,0.000000,0.000000,0.006002
Q_ind_178_anc_6-4,0.000313,0.000000,0.000000,0.003824
Q_ind_179_anc_6-4,0.000344,0.000000,0.000000,0.003594
Q_ind_180_anc_6-4,0.000188,0.000000,0.000000,0.002109
Q_ind_181_anc_6-4,0.022075,0.000000,0.000000,0.120562
Q_ind_182_anc_6-4,0.000211,0.000000,0.000000,0.002618
Q_ind_183_anc_6-4,0.000194,0.000000,0.000000,0.002267
Q_ind_184_anc_6-4,0.000351,0.000000,0.000000,0.003719
Q_ind_185_anc_6-4,0.000688,0.000000,0.000000,0.008600
Q_ind_186_anc_6-4,0.003860,0.000000,0.000000,0.046138
Q_ind_187_anc_6-4,0.002808,0.000000,0.000000,0.033340
Q_ind_188_anc_6-4,0.011116,0.000000,0.000000,0.066862
Q_ind_189_anc_6-4,0.000391,0.000000,0.000000,0.004668
Q_ind_190_anc_6-4,0.006338,0.000000,0.000000,0.062625
Q_ind_191_anc_6-4,0.000685,0.000000,0.000000,0.008272
Q_ind_192_anc_6-4,0.000235,0.000000,0.000000,0.002680
Q_ind_193_anc_6-4,0.000798,0.000000,0.000000,0.010530
Q_ind_194_anc_6-4,0.000046,0.000000,0.000000,0.000526
Q_ind_195_anc_6-4,0.000094,0.000000,0.000000,0.001125
Q_ind_196_anc_6-4,0.000053,0.000000,0.000000,0.000627
Q_ind_197_anc_6-4,0.000077,0.000000,0.000000,0.000784
Q_ind_198_anc_6-4,0.000055,0.000000,0.000000,0.000698
Q_ind_199_anc_6-4,0.000220,0.000000,0.000000,0.002658
Q_ind_200_anc_6-4,0.000072,0.000000,0.000000,0.000791
Q_ind_201_anc_6-4,0.003607,0.000000,0.000000,0.051648
Q_ind_202_anc_6-4,0.000299,0.000000,0.000000,0.004073
Q_ind_203_anc_6-4,0.000610,0.000000,0.000000,0.006778
Q_ind_204_anc_6-4,0.000656,0.000000,0.000000,0.008106
Q_ind_205_anc_6-4,0.001251,0.000000,0.000000,0.017394
Q_ind_206_anc_6-4,0.000767,0.000000,0.000000,0.006710
Q_ind_207_anc_6-4,0.005884,0.000000,0.000000,0.065355
Q_ind_208_anc_6-4,0.011884,0.000000,0.000000,0.079028
Q_ind_209_anc_6-4,0.000750,0.000000,0.000000,0.008382
Q_ind_210_anc_6-4,0.000492,0.000000,0.000000,0.006105
Q_ind_211_anc_6-4,0.000674,0.000000,0.000000,0.008555
Q_ind_212_anc_6-4,0.483404,0.492646,0.329377,0.598499
Q_ind_213_anc_6-4,0.103482,0.114880,0.000000,0.188106
Q_ind_214_anc_6-4,0.002927,0.000000,0.000000,0.049313
Q_ind_215_anc_6-4,0.002774,0.000000,0.000000,0.041580
Q_ind_216_anc_6-4,0.008465,0.000000,0.000000,0.086276
Q_ind_217_anc_6-4,0.002340,0.000000,0.000000,0.034798
Q_ind_218_anc_6-4,0.001057,0.000000,0.000000,0.014253
Q_ind_219_anc_6-4,0.010905,0.000000,0.000000,0.112792
Q_ind_220_anc_6-4,0.130673,0.131386,0.062404,0.195236
Q_ind_221_anc_6-4,0.196620,0.197281,0.125505,0.262270
Q_ind_222_anc_6-4,0.068420,0.076290,0.000000,0.166352
Q_ind_223_anc_6-4,0.034588,0.000000,0.000000,0.154261
Q_ind_224_anc_6-4,0.286336,0.298083,0.140451,0.394585
Q_ind_225_anc_6-4,0.057663,0.056116,0.000000,0.169840
Q_ind_226_anc_6-4,0.090540,0.102790,0.000000,0.196613
Q_ind_227_anc_6-4,0.015874,0.000000,0.000000,0.147899
Q_ind_228_anc_6-4,0.004596,0.000000,0.000000,0.071222
Q_ind_229_anc_6-4,0.018655,0.000000,0.000000,0.123358
Q_ind_230_anc_6-4,0.007286,0.000000,0.000000,0.080002
Q_ind_231_anc_6-4,0.002433,0.000000,0.000000,0.033018
Q_ind_232_anc_6-4,0.280840,0.287643,0.135172,0.388664
Q_ind_233_anc_6-4,0.002302,0.000000,0.000000,0.031192
Q_ind_234_anc_6-4,0.000260,0.000000,0.000000,0.002362
Q_ind_235_anc_6-4,0.002319,0.000000,0.000000,0.030269
Q_ind_236_anc_6-4,0.000440,0.000000,0.000000,0.005916
Q_ind_237_anc_6-4,0.000553,0.000000,0.000000,0.005731
Q_ind_238_anc_6-4,0.000525,0.000000,0.000000,0.006327
Q_ind_239_anc_6-4,0.000478,0.000000,0.000000,0.006271
Q_ind_240_anc_6-4,0.000456,0.000000,0.000000,0.005175
Q_ind_241_anc_6-4,0.000266,0.000000,0.000000,0.002638
Q_ind_242_anc_6-4,0.001273,0.000000,0.000000,0.017854
Q_ind_243_anc_6-4,0.000193,0.000000,0.000000,0.002298
Q_ind_244_anc_6-4,0.000646,0.000000,0.000000,0.009026
Q_ind_245_anc_6-4,0.000416,0.000000,0.000000,0.004620
Q_ind_1_anc_6-5,0.000412,0.000000,0.000000,0.004094
Q_ind_2_anc_6-5,0.000270,0.000000,0.000000,0.002729
Q_ind_3_anc_6-5,0.000831,0.000000,0.000000,0.010146
Q_ind_4_anc_6-5,0.000417,0.000000,0.000000,0.004737
Q_ind_5_anc_6-5,0.009550,0.000000,0.000000,0.075682
Q_ind_6_anc_6-5,0.000348,0.000000,0.000000,0.003948
Q_ind_7_anc_6-5,0.000170,0.000000,0.000000,0.001796
Q_ind_8_anc_6-5,0.000793,0.000000,0.000000,0.011365
Q_ind_9_anc_6-5,0.000236,0.000000,0.000000,0.002378
Q_ind_10_anc_6-5,0.000105,0.000000,0.000000,0.001318
Q_ind_11_anc_6-5,0.000394,0.000000,0.000000,0.005369
Q_ind_12_anc_6-5,0.000589,0.000000,0.000000,0.008074
Q_ind_13_anc_6-5,0.001503,0.000000,0.000000,0.021321
Q_ind_14_anc_6-5,0.000406,0.000000,0.000000,0.004885
Q_ind_15_anc_6-5,0.002594,0.000000,0.000000,0.038296
Q_ind_16_anc_6-5,0.000402,0.000000,0.000000,0.004413
Q_ind_17_anc_6-5,0.000783,0.000000,0.000000,0.009562
Q_ind_18_anc_6-5,0.000444,0.000000,0.000000,0.005508
Q_ind_19_anc_6-5,0.000290,0.000000,0.000000,0.003559
Q_ind_20_anc_6-5,0.006900,0.000000,0.000000,0.057092
Q_ind_21_anc_6-5,0.001306,0.000000,0.000000,0.017994
Q_ind_22_anc_6-5,0.000326,0.000000,0.000000,0.003994
Q_ind_23_anc_6-5,0.000366,0.000000,0.000000,0.004574
Q_ind_24_anc_6-5,0.003666,0.000000,0.000000,0.036784
Q_ind_25_anc_6-5,0.000261,0.000000,0.000000,0.003019
Q_ind_26_anc_6-5,0.000320,0.000000,0.000000,0.003272
Q_ind_27_anc_6-5,0.000499,0.000000,0.000000,0.006250
Q_ind_28_anc_6-5,0.001977,0.000000,0.000000,0.025675
Q_ind_29_anc_6-5,0.000540,0.000000,0.000000,0.006627
Q_ind_30_anc_6-5,0.000518,0.000000,0.000000,0.006880
Q_ind_31_anc_6-5,0.000957,0.000000,0.000000,0.013826
Q_ind_32_anc_6-5,0.000292,0.000000,0.000000,0.003564
Q_ind_33_anc_6-5,0.024936,0.007259,0.000000,0.096068
Q_ind_34_anc_6-5,0.001255,0.000000,0.000000,0.015710
Q_ind_35_anc_6-5,0.004551,0.000000,0.000000,0.061265
Q_ind_36_anc_6-5,0.002783,0.000000,0.000000,0.036870
Q_ind_37_anc_6-5,0.001374,0.000000,0.000000,0.020648
Q_ind_38_anc_6-5,0.005311,0.000000,0.000000,0.053982
Q_ind_39_anc_6-5,0.000840,0.000000,0.000000,0.011699
Q_ind_40_anc_6-5,0.004979,0.000000,0.000000,0.059498
Q_ind_41_anc_6-5,0.001631,0.000000,0.000000,0.024941
Q_ind_42_anc_6-5,0.000207,0.000000,0.000000,0.002502
Q_ind_43_anc_6-5,0.000622,0.000000,0.000000,0.008650
Q_ind_44_anc_6-5,0.000571,0.000000,0.000000,0.007268
Q_ind_45_anc_6-5,0.000226,0.000000,0.000000,0.002989
Q_ind_46_anc_6-5,0.000093,0.000000,0.000000,0.001037
Q_ind_47_anc_6-5,0.000557,0.000000,0.000000,0.006341
Q_ind_48_anc_6-5,0.000308,0.000000,0.000000,0.003928
Q_ind_49_anc_6-5,0.000173,0.000000,0.000000,0.001840
Q_ind_50_anc_6-5,0.000416,0.000000,0.000000,0.005095
Q_ind_51_anc_6-5,0.000213,0.000000,0.000000,0.002590
Q_ind_52_anc_6-5,0.000345,0.000000,0.000000,0.003930
Q_ind_53_anc_6-5,0.000212,0.000000,0.000000,0.002257
Q_ind_54_anc_6-5,0.001019,0.000000,0.000000,0.013767
Q_ind_55_anc_6-5,0.000467,0.000000,0.000000,0.006302
Q_ind_56_anc_6-5,0.000326,0.000000,0.000000,0.003938
Q_ind_57_anc_6-5,0.000852,0.000000,0.000000,0.011489
Q_ind_58_anc_6-5,0.000665,0.000000,0.000000,0.008008
Q_ind_59_anc_6-5,0.000326,0.000000,0.000000,0.003660
Q_ind_60_anc_6-5,0.001256,0.000000,0.000000,0.015294
Q_ind_61_anc_6-5,0.000711,0.000000,0.000000,0.009601
Q_ind_62_anc_6-5,0.000506,0.000000,0.000000,0.006792
Q_ind_63_anc_6-5,0.000251,0.000000,0.000000,0.002711
Q_ind_64_anc_6-5,0.000230,0.000000,0.000000,0.002761
Q_ind_65_anc_6-5,0.000394,0.000000,0.000000,0.005118
Q_ind_66_anc_6-5,0.000171,0.000000,0.000000,0.001752
Q_ind_67_anc_6-5,0.000178,0.000000,0.000000,0.001931
Q_ind_68_anc_6-5,0.000307,0.000000,0.000000,0.003781
Q_ind_69_anc_6-5,0.007834,0.000000,0.000000,0.063297
Q_ind_70_anc_6-5,0.000404,0.000000,0.000000,0.005464
Q_ind_71_anc_6-5,0.000320,0.000000,0.000000,0.003283
Q_ind_72_anc_6-5,0.000607,0.000000,0.000000,0.008482
Q_ind_73_anc_6-5,0.001630,0.000000,0.000000,0.019230
Q_ind_74_anc_6-5,0.007975,0.000000,0.000000,0.065735
Q_ind_75_anc_6-5,0.002699,0.000000,0.000000,0.033582
Q_ind_76_anc_6-5,0.000640,0.000000,0.000000,0.008343
Q_ind_77_anc_6-5,0.000362,0.000000,0.000000,0.004002
Q_ind_78_anc_6-5,0.000159,0.000000,0.000000,0.001964
Q_ind_79_anc_6-5,0.001182,0.000000,0.000000,0.015483
Q_ind_80_anc_6-5,0.000343,0.000000,0.000000,0.004638
Q_ind_81_anc_6-5,0.000471,0.000000,0.000000,0.005499
Q_ind_82_anc_6-5,0.000526,0.000000,0.000000,0.007540
Q_ind_83_anc_6-5,0.000503,0.000000,0.000000,0.006972
Q_ind_84_anc_6-5,0.000382,0.000000,0.000000,0.005127
Q_ind_85_anc_6-5,0.000489,0.000000,0.000000,0.006748
Q_ind_86_anc_6-5,0.000544,0.000000,0.000000,0.006964
Q_ind_87_anc_6-5,0.001032,0.000000,0.000000,0.014691
Q_ind_88_anc_6-5,0.000612,0.000000,0.000000,0.005470
Q_ind_89_anc_6-5,0.000919,0.000000,0.000000,0.009551
Q_ind_90_anc_6-5,0.000625,0.000000,0.000000,0.007823
Q_ind_91_anc_6-5,0.001661,0.000000,0.000000,0.025237
Q_ind_92_anc_6-5,0.001182,0.000000,0.000000,0.018566
Q_ind_93_anc_6-5,0.001192,0.000000,0.000000,0.015082
Q_ind_94_anc_6-5,0.000394,0.000000,0.000000,0.004708
Q_ind_95_anc_6-5,0.002523,0.000000,0.000000,0.036673
Q_ind_96_anc_6-5,0.000786,0.000000,0.000000,0.011864
Q_ind_97_anc_6-5,0.001457,0.000000,0.000000,0.017821
Q_ind_98_anc_6-5,0.004788,0.000000,0.000000,0.048922
Q_ind_99_anc_6-5,0.001013,0.000000,0.000000,0.013789
Q_ind_100_anc_6-5,0.000133,0.000000,0.000000,0.001385
Q_ind_101_anc_6-5,0.000148,0.000000,0.000000,0.001651
Q_ind_102_anc_6-5,0.000138,0.000000,0.000000,0.001419
Q_ind_103_anc_6-5,0.000184,0.000000,0.000000,0.001754
Q_ind_104_anc_6-5,0.000090,0.000000,0.000000,0.000971
Q_ind_105_anc_6-5,0.011379,0.000002,0.000000,0.063257
Q_ind_106_anc_6-5,0.000431,0.000000,0.000000,0.006324
Q_ind_107_anc_6-5,0.000754,0.000000,0.000000,0.009598
Q_ind_108_anc_6-5,0.006033,0.000000,0.000000,0.060292
Q_ind_109_anc_6-5,0.003082,0.000000,0.000000,0.046103
Q_ind_110_anc_6-5,0.001392,0.000000,0.000000,0.017710
Q_ind_111_anc_6-5,0.004769,0.000000,0.000000,0.072841
Q_ind_112_anc_6-5,0.001564,0.000000,0.000000,0.021114
Q_ind_113_anc_6-5,0.001381,0.000000,0.000000,0.015830
Q_ind_114_anc_6-5,0.003755,0.000000,0.000000,0.047080
Q_ind_115_anc_6-5,0.000566,0.000000,0.000000,0.006615
Q_ind_116_anc_6-5,0.000241,0.000000,0.000000,0.002611
Q_ind_117_anc_6-5,0.000404,0.000000,0.000000,0.005756
Q_ind_118_anc_6-5,0.000284,0.000000,0.000000,0.002878
Q_ind_119_anc_6-5,0.000799,0.000000,0.000000,0.010124
Q_ind_120_anc_6-5,0.000597,0.000000,0.000000,0.007345
Q_ind_121_anc_6-5,0.000236,0.000000,0.000000,0.002866
Q_ind_122_anc_6-5,0.000356,0.000000,0.000000,0.003892
Q_ind_123_anc_6-5,0.000321,0.000000,0.000000,0.003583
Q_ind_124_anc_6-5,0.003241,0.000000,0.000000,0.042940
Q_ind_125_anc_6-5,0.001014,0.000000,0.000000,0.013973
Q_ind_126_anc_6-5,0.000784,0.000000,0.000000,0.010562
Q_ind_127_anc_6-5,0.000316,0.000000,0.000000,0.002943
Q_ind_128_anc_6-5,0.000570,0.000000,0.000000,0.007437
Q_ind_129_anc_6-5,0.000548,0.000000,0.000000,0.005567
Q_ind_130_anc_6-5,0.001598,0.000000,0.000000,0.027144
Q_ind_131_anc_6-5,0.000597,0.000000,0.000000,0.007235
Q_ind_132_anc_6-5,0.002942,0.000000,0.000000,0.034458
Q_ind_133_anc_6-5,0.000350,0.000000,0.000000,0.004495
Q_ind_134_anc_6-5,0.003365,0.000000,0.000000,0.034753
Q_ind_135_anc_6-5,0.000327,0.000000,0.000000,0.003880
Q_ind_136_anc_6-5,0.002728,0.000000,0.000000,0.036306
Q_ind_137_anc_6-5,0.001204,0.000000,0.000000,0.016799
Q_ind_138_anc_6-5,0.002451,0.000000,0.000000,0.028532
Q_ind_139_anc_6-5,0.017296,0.000025,0.000000,0.077390
Q_ind_140_anc_6-5,0.000779,0.000000,0.000000,0.010520
Q_ind_141_anc_6-5,0.004796,0.000000,0.000000,0.039983
Q_ind_142_anc_6-5,0.003241,0.000000,0.000000,0.040769
Q_ind_143_anc_6-5,0.000292,0.000000,0.000000,0.002904
Q_ind_144_anc_6-5,0.001229,0.000000,0.000000,0.015788
Q_ind_145_anc_6-5,0.000211,0.000000,0.000000,0.002626
Q_ind_146_anc_6-5,0.000368,0.000000,0.000000,0.004690
Q_ind_147_anc_6-5,0.000510,0.000000,0.000000,0.007258
Q_ind_148_anc_6-5,0.000537,0.000000,0.000000,0.006896
Q_ind_149_anc_6-5,0.000255,0.000000,0.000000,0.002649
Q_ind_150_anc_6-5,0.000655,0.000000,0.000000,0.008487
Q_ind_151_anc_6-5,0.000603,0.000000,0.000000,0.008153
Q_ind_152_anc_6-5,0.000233,0.000000,0.000000,0.002865
Q_ind_153_anc_6-5,0.000315,0.000000,0.000000,0.004445
Q_ind_154_anc_6-5,0.000598,0.000000,0.000000,0.009014
Q_ind_155_anc_6-5,0.001167,0.000000,0.000000,0.015354
Q_ind_156_anc_6-5,0.000287,0.000000,0.000000,0.003775
Q_ind_157_anc_6-5,0.000481,0.000000,0.000000,0.005671
Q_ind_158_anc_6-5,0.000820,0.000000,0.000000,0.011337
Q_ind_159_anc_6-5,0.000274,0.000000,0.000000,0.003368
Q_ind_160_anc_6-5,0.000306,0.000000,0.000000,0.003865
Q_ind_161_anc_6-5,0.000324,0.000000,0.000000,0.004171
Q_ind_162_anc_6-5,0.000262,0.000000,0.000000,0.003216
Q_ind_163_anc_6-5,0.000288,0.000000,0.000000,0.002760
Q_ind_164_anc_6-5,0.000670,0.000000,0.000000,0.009041
Q_ind_165_anc_6-5,0.004434,0.000000,0.000000,0.049646
Q_ind_166_anc_6-5,0.001410,0.000000,0.000000,0.018817
Q_ind_167_anc_6-5,0.001189,0.000000,0.000000,0.015547
Q_ind_168_anc_6-5,0.000845,0.000000,0.000000,0.011535
Q_ind_169_anc_6-5,0.000638,0.000000,0.000000,0.008382
Q_ind_170_anc_6-5,0.000204,0.000000,0.000000,0.002575
Q_ind_171_anc_6-5,0.000528,0.000000,0.000000,0.006715
Q_ind_172_anc_6-5,0.000506,0.000000,0.000000,0.007938
Q_ind_173_anc_6-5,0.000704,0.000000,0.000000,0.009712
Q_ind_174_anc_6-5,0.000334,0.000000,0.000000,0.004323
Q_ind_175_anc_6-5,0.029268,0.021042,0.000000,0.088318
Q_ind_176_anc_6-5,0.001723,0.000000,0.000000,0.025520
Q_ind_177_anc_6-5,0.000373,0.000000,0.000000,0.004367
Q_ind_178_anc_6-5,0.000686,0.000000,0.000000,0.008684
Q_ind_179_anc_6-5,0.000684,0.000000,0.000000,0.007961
Q_ind_180_anc_6-5,0.000185,0.000000,0.000000,0.002276
Q_ind_181_anc_6-5,0.003550,0.000000,0.000000,0.049689
Q_ind_182_anc_6-5,0.000297,0.000000,0.000000,0.002941
Q_ind_183_anc_6-5,0.000186,0.000000,0.000000,0.002194
Q_ind_184_anc_6-5,0.001156,0.000000,0.000000,0.018447
Q_ind_185_anc_6-5,0.000459,0.000000,0.000000,0.005312
Q_ind_186_anc_6-5,0.000516,0.000000,0.000000,0.007033
Q_ind_187_anc_6-5,0.000920,0.000000,0.000000,0.010481
Q_ind_188_anc_6-5,0.002477,0.000000,0.000000,0.029901
Q_ind_189_anc_6-5,0.000520,0.000000,0.000000,0.006674
Q_ind_190_anc_6-5,0.005309,0.000000,0.000000,0.053629
Q_ind_191_anc_6-5,0.000325,0.000000,0.000000,0.003723
Q_ind_192_anc_6-5,0.006750,0.000000,0.000000,0.076125
Q_ind_193_anc_6-5,0.000671,0.000000,0.000000,0.008348
Q_ind_194_anc_6-5,0.000124,0.000000,0.000000,0.001402
Q_ind_195_anc_6-5,0.000229,0.000000,0.000000,0.002372
Q_ind_196_anc_6-5,0.000094,0.000000,0.000000,0.000990
Q_ind_197_anc_6-5,0.000143,0.000000,0.000000,0.001610
Q_ind_198_anc_6-5,0.000135,0.000000,0.000000,0.001448
Q_ind_199_anc_6-5,0.000300,0.000000,0.000000,0.002456
Q_ind_200_anc_6-5,0.000123,0.000000,0.000000,0.001297
Q_ind_201_anc_6-5,0.087768,0.111087,0.000000,0.185510
Q_ind_202_anc_6-5,0.000166,0.000000,0.000000,0.001916
Q_ind_203_anc_6-5,0.001288,0.000000,0.000000,0.021631
Q_ind_204_anc_6-5,0.001095,0.000000,0.000000,0.016579
Q_ind_205_anc_6-5,0.001050,0.000000,0.000000,0.014615
Q_ind_206_anc_6-5,0.000902,0.000000,0.000000,0.011428
Q_ind_207_anc_6-5,0.001962,0.000000,0.000000,0.025591
Q_ind_208_anc_6-5,0.002781,0.000000,0.000000,0.031730
Q_ind_209_anc_6-5,0.000339,0.000000,0.000000,0.003096
Q_ind_210_anc_6-5,0.000406,0.000000,0.000000,0.004763
Q_ind_211_anc_6-5,0.000948,0.000000,0.000000,0.012976
Q_ind_212_anc_6-5,0.013490,0.000000,0.000000,0.110969
Q_ind_213_anc_6-5,0.001329,0.000000,0.000000,0.017827
Q_ind_214_anc_6-5,0.000472,0.000000,0.000000,0.005010
Q_ind_215_anc_6-5,0.001156,0.000000,0.000000,0.015828
Q_ind_216_anc_6-5,0.000496,0.000000,0.000000,0.007077
Q_ind_217_anc_6-5,0.000852,0.000000,0.000000,0.011560
Q_ind_218_anc_6-5,0.000218,0.000000,0.000000,0.002527
Q_ind_219_anc_6-5,0.000674,0.000000,0.000000,0.008835
Q_ind_220_anc_6-5,0.001046,0.000000,0.000000,0.013777
Q_ind_221_anc_6-5,0.000317,0.000000,0.000000,0.003803
Q_ind_222_anc_6-5,0.001040,0.000000,0.000000,0.013514
Q_ind_223_anc_6-5,0.053460,0.054303,0.000000,0.143344
Q_ind_224_anc_6-5,0.043408,0.000513,0.000000,0.151019
Q_ind_225_anc_6-5,0.045901,0.000415,0.000000,0.148121
Q_ind_226_anc_6-5,0.027655,0.000000,0.000000,0.148353
Q_ind_227_anc_6-5,0.031368,0.000002,0.000000,0.135650
Q_ind_228_anc_6-5,0.001518,0.000000,0.000000,0.020944
Q_ind_229_anc_6-5,0.001248,0.000000,0.000000,0.016666
Q_ind_230_anc_6-5,0.093475,0.113918,0.000000,0.181694
Q_ind_231_anc_6-5,0.147952,0.148113,0.097958,0.196792
Q_ind_232_anc_6-5,0.023124,0.000001,0.000000,0.112361
Q_ind_233_anc_6-5,0.000658,0.000000,0.000000,0.006261
Q_ind_234_anc_6-5,0.000231,0.000000,0.000000,0.001951
Q_ind_235_anc_6-5,0.000263,0.000000,0.000000,0.002901
Q_ind_236_anc_6-5,0.001037,0.000000,0.000000,0.013837
Q_ind_237_anc_6-5,0.000198,0.000000,0.000000,0.002182
Q_ind_238_anc_6-5,0.000332,0.000000,0.000000,0.004155
Q_ind_239_anc_6-5,0.000684,0.000000,0.000000,0.007724
Q_ind_240_anc_6-5,0.000219,0.000000,0.000000,0.002675
Q_ind_241_anc_6-5,0.000184,0.000000,0.000000,0.002270
Q_ind_242_anc_6-5,0.000695,0.000000,0.000000,0.008759
Q_ind_243_anc_6-5,0.000296,0.000000,0.000000,0.003739
Q_ind_244_anc_6-5,0.000690,0.000000,0.000000,0.008821
Q_ind_245_anc_6-5,0.000327,0.000000,0.000000,0.004236
Q_ind_1_anc_6-6,0.000098,0.000000,0.000000,0.001162
Q_ind_2_anc_6-6,0.000086,0.000000,0.000000,0.000937
Q_ind_3_anc_6-6,0.000160,0.000000,0.000000,0.002055
Q_ind_4_anc_6-6,0.000139,0.000000,0.000000,0.001608
Q_ind_5_anc_6-6,0.000076,0.000000,0.000000,0.000771
Q_ind_6_anc_6-6,0.000138,0.000000,0.000000,0.001563
Q_ind_7_anc_6-6,0.000071,0.000000,0.000000,0.000859
Q_ind_8_anc_6-6,0.000101,0.000000,0.000000,0.001232
Q_ind_9_anc_6-6,0.000111,0.000000,0.000000,0.001343
Q_ind_10_anc_6-6,0.000054,0.000000,0.000000,0.000629
Q_ind_11_anc_6-6,0.000421,0.000000,0.000000,0.005742
Q_ind_12_anc_6-6,0.000135,0.000000,0.000000,0.001543
Q_ind_13_anc_6-6,0.001166,0.000000,0.000000,0.014015
Q_ind_14_anc_6-6,0.003367,0.000000,0.000000,0.046814
Q_ind_15_anc_6-6,0.062041,0.062683,0.000000,0.165287
Q_ind_16_anc_6-6,0.001714,0.000000,0.000000,0.023292
Q_ind_17_anc_6-6,0.002239,0.000000,0.000000,0.024577
Q_ind_18_anc_6-6,0.011939,0.000000,0.000000,0.120384
Q_ind_19_anc_6-6,0.002419,0.000000,0.000000,0.035976
Q_ind_20_anc_6-6,0.000218,0.000000,0.000000,0.002635
Q_ind_21_anc_6-6,0.001623,0.000000,0.000000,0.021744
Q_ind_22_anc_6-6,0.001119,0.000000,0.000000,0.014342
Q_ind_23_anc_6-6,0.000174,0.000000,0.000000,0.002042
Q_ind_24_anc_6-6,0.000382,0.000000,0.000000,0.003434
Q_ind_25_anc_6-6,0.000665,0.000000,0.000000,0.009934
Q_ind_26_anc_6-6,0.000130,0.000000,0.000000,0.001646
Q_ind_27_anc_6-6,0.000132,0.000000,0.000000,0.001368
Q_ind_28_anc_6-6,0.000283,0.000000,0.000000,0.003016
Q_ind_29_anc_6-6,0.000457,0.000000,0.000000,0.006003
Q_ind_30_anc_6-6,0.000208,0.000000,0.000000,0.002392
Q_ind_31_anc_6-6,0.000175,0.000000,0.000000,0.001915
Q_ind_32_anc_6-6,0.012573,0.000000,0.000000,0.083664
Q_ind_33_anc_6-6,0.000346,0.000000,0.000000,0.003989
Q_ind_34_anc_6-6,0.000353,0.000000,0.000000,0.003977
Q_ind_35_anc_6-6,0.000255,0.000000,0.000000,0.002846
Q_ind_36_anc_6-6,0.000571,0.000000,0.000000,0.008079
Q_ind_37_anc_6-6,0.000373,0.000000,0.000000,0.004292
Q_ind_38_anc_6-6,0.000567,0.000000,0.000000,0.007465
Q_ind_39_anc_6-6,0.000108,0.000000,0.000000,0.001322
Q_ind_40_anc_6-6,0.000764,0.000000,0.000000,0.009830
Q_ind_41_anc_6-6,0.000138,0.000000,0.000000,0.001583
Q_ind_42_anc_6-6,0.154783,0.152847,0.071291,0.250389
Q_ind_43_anc_6-6,0.157491,0.160577,0.054034,0.249773
Q_ind_44_anc_6-6,0.164104,0.165930,0.059612,0.264901
Q_ind_45_anc_6-6,0.212082,0.212333,0.115634,0.305450
Q_ind_46_anc_6-6,0.118525,0.134991,0.000000,0.252012
Q_ind_47_anc_6-6,0.280135,0.281983,0.158541,0.382056
Q_ind_48_anc_6-6,0.151529,0.154414,0.001768,0.261480
Q_ind_49_anc_6-6,0.365306,0.364954,0.314130,0.416568
Q_ind_50_anc_6-6,0.203847,0.195697,0.096787,0.343860
Q_ind_51_anc_6-6,0.075652,0.083401,0.000000,0.165981
Q_ind_52_anc_6-6,0.147699,0.147148,0.068895,0.224726
Q_ind_53_anc_6-6,0.226400,0.227039,0.148942,0.301978
Q_ind_54_anc_6-6,0.168294,0.167335,0.098893,0.245037
Q_ind_55_anc_6-6,0.193502,0.192422,0.119874,0.273238
Q_ind_56_anc_6-6,0.186694,0.185683,0.097893,0.275269
Q_ind_57_anc_6-6,0.000204,0.000000,0.000000,0.002130
Q_ind_58_anc_6-6,0.205622,0.205246,0.133295,0.283230
Q_ind_59_anc_6-6,0.204932,0.205023,0.114454,0.296554
Q_ind_60_anc_6-6,0.117333,0.116538,0.049061,0.189354
Q_ind_61_anc_6-6,0.255864,0.254579,0.163536,0.355591
Q_ind_62_anc_6-6,0.242405,0.240843,0.155517,0.338207
Q_ind_63_anc_6-6,0.000149,0.000000,0.000000,0.001645
Q_ind_64_anc_6-6,0.000502,0.000000,0.000000,0.006381
Q_ind_65_anc_6-6,0.001567,0.000000,0.000000,0.013562
Q_ind_66_anc_6-6,0.000211,0.000000,0.000000,0.002752
Q_ind_67_anc_6-6,0.000076,0.000000,0.000000,0.000938
Q_ind_68_anc_6-6,0.001474,0.000000,0.000000,0.017848
Q_ind_69_anc_6-6,0.000181,0.000000,0.000000,0.002165
Q_ind_70_anc_6-6,0.000144,0.000000,0.000000,0.001497
Q_ind_71_anc_6-6,0.000498,0.000000,0.000000,0.006428
Q_ind_72_anc_6-6,0.003903,0.000000,0.000000,0.056025
Q_ind_73_anc_6-6,0.013866,0.007165,0.000000,0.052141
Q_ind_74_anc_6-6,0.000291,0.000000,0.000000,0.003194
Q_ind_75_anc_6-6,0.000149,0.000000,0.000000,0.001607
Q_ind_76_anc_6-6,0.004737,0.000000,0.000000,0.040724
Q_ind_77_anc_6-6,0.000072,0.000000,0.000000,0.000799
Q_ind_78_anc_6-6,0.000198,0.000000,0.000000,0.002605
Q_ind_79_anc_6-6,0.000198,0.000000,0.000000,0.002242
Q_ind_80_anc_6-6,0.000303,0.000000,0.000000,0.003800
Q_ind_81_anc_6-6,0.000108,0.000000,0.000000,0.001368
Q_ind_82_anc_6-6,0.000434,0.000000,0.000000,0.005690
Q_ind_83_anc_6-6,0.000244,0.000000,0.000000,0.002835
Q_ind_84_anc_6-6,0.000142,0.000000,0.000000,0.001830
Q_ind_85_anc_6-6,0.000104,0.000000,0.000000,0.001305
Q_ind_86_anc_6-6,0.000150,0.000000,0.000000,0.001440
Q_ind_87_anc_6-6,0.002093,0.000000,0.000000,0.018156
Q_ind_88_anc_6-6,0.188013,0.188283,0.139967,0.233385
Q_ind_89_anc_6-6,0.077569,0.080408,0.000000,0.159064
Q_ind_90_anc_6-6,0.130189,0.124978,0.054397,0.240340
Q_ind_91_anc_6-6,0.164289,0.167620,0.088084,0.228659
Q_ind_92_anc_6-6,0.026592,0.000044,0.000000,0.111739
Q_ind_93_anc_6-6,0.120668,0.121654,0.000128,0.217961
Q_ind_94_anc_6-6,0.000248,0.000000,0.000000,0.003206
Q_ind_95_anc_6-6,0.134282,0.143306,0.000000,0.252789
Q_ind_96_anc_6-6,0.984350,0.988098,0.943502,0.999907
Q_ind_97_anc_6-6,0.981722,0.983851,0.950246,0.999778
Q_ind_98_anc_6-6,0.000093,0.000000,0.000000,0.000908
Q_ind_99_anc_6-6,0.000151,0.000000,0.000000,0.001693
Q_ind_100_anc_6-6,0.994183,0.996877,0.973989,0.999987
Q_ind_101_anc_6-6,0.996957,0.998560,0.984707,0.999995
Q_ind_102_anc_6-6,0.997758,0.998902,0.989130,0.999995
Q_ind_103_anc_6-6,0.994480,0.997218,0.973975,0.999990
Q_ind_104_anc_6-6,0.997772,0.998883,0.989372,0.999996
Q_ind_105_anc_6-6,0.000126,0.000000,0.000000,0.001392
Q_ind_106_anc_6-6,0.892410,0.894948,0.816982,0.959599
Q_ind_107_anc_6-6,0.000232,0.000000,0.000000,0.002340
Q_ind_108_anc_6-6,0.000615,0.000000,0.000000,0.007984
Q_ind_109_anc_6-6,0.000651,0.000000,0.000000,0.007667
Q_ind_110_anc_6-6,0.000870,0.000000,0.000000,0.011762
Q_ind_111_anc_6-6,0.001557,0.000000,0.000000,0.020965
Q_ind_112_anc_6-6,0.000341,0.000000,0.000000,0.004132
Q_ind_113_anc_6-6,0.000517,0.000000,0.000000,0.006772
Q_ind_114_anc_6-6,0.003739,0.000000,0.000000,0.041502
Q_ind_115_anc_6-6,0.811501,0.812208,0.734847,0.880272
Q_ind_116_anc_6-6,0.973159,0.980821,0.905647,0.999921
Q_ind_117_anc_6-6,0.977946,0.982183,0.933886,0.999770
Q_ind_118_anc_6-6,0.849910,0.850427,0.781397,0.912758
Q_ind_119_anc_6-6,0.972577,0.976540,0.915002,0.999765
Q_ind_120_anc_6-6,0.990900,0.996079,0.953910,0.999986
Q_ind_121_anc_6-6,0.963622,0.965785,0.912103,0.997630
Q_ind_122_anc_6-6,0.992053,0.994797,0.969171,0.999975
Q_ind_123_anc_6-6,0.985660,0.991480,0.937108,0.999962
Q_ind_124_anc_6-6,0.416001,0.416119,0.328435,0.501530
Q_ind_125_anc_6-6,0.000152,0.000000,0.000000,0.001754
Q_ind_126_anc_6-6,0.000496,0.000000,0.000000,0.006098
Q_ind_127_anc_6-6,0.007134,0.000000,0.000000,0.048060
Q_ind_128_anc_6-6,0.001082,0.000000,0.000000,0.015921
Q_ind_129_anc_6-6,0.000305,0.000000,0.000000,0.003588
Q_ind_130_anc_6-6,0.003239,0.000000,0.000000,0.035627
Q_ind_131_anc_6-6,0.000092,0.000000,0.000000,0.000882
Q_ind_132_anc_6-6,0.000057,0.000000,0.000000,0.000616
Q_ind_133_anc_6-6,0.000418,0.000000,0.000000,0.005071
Q_ind_134_anc_6-6,0.000459,0.000000,0.000000,0.005987
Q_ind_135_anc_6-6,0.000520,0.000000,0.000000,0.006128
Q_ind_136_anc_6-6,0.000296,0.000000,0.000000,0.003184
Q_ind_137_anc_6-6,0.000309,0.000000,0.000000,0.003992
Q_ind_138_anc_6-6,0.000082,0.000000,0.000000,0.000980
Q_ind_139_anc_6-6,0.000241,0.000000,0.000000,0.002478
Q_ind_140_anc_6-6,0.000478,0.000000,0.000000,0.005560
Q_ind_141_anc_6-6,0.000353,0.000000,0.000000,0.004000
Q_ind_142_anc_6-6,0.000053,0.000000,0.000000,0.000628
Q_ind_143_anc_6-6,0.000372,0.000000,0.000000,0.004757
Q_ind_144_anc_6-6,0.000331,0.000000,0.000000,0.004161
Q_ind_145_anc_6-6,0.000491,0.000000,0.000000,0.006266
Q_ind_146_anc_6-6,0.001193,0.000000,0.000000,0.014677
Q_ind_147_anc_6-6,0.003496,0.000000,0.000000,0.020611
Q_ind_148_anc_6-6,0.001100,0.000000,0.000000,0.014942
Q_ind_149_anc_6-6,0.000164,0.000000,0.000000,0.001910
Q_ind_150_anc_6-6,0.001039,0.000000,0.000000,0.012020
Q_ind_151_anc_6-6,0.000432,0.000000,0.000000,0.006099
Q_ind_152_anc_6-6,0.001060,0.000000,0.000000,0.011613
Q_ind_153_anc_6-6,0.000557,0.000000,0.000000,0.007419
Q_ind_154_anc_6-6,0.009585,0.001370,0.000000,0.035892
Q_ind_155_anc_6-6,0.000086,0.000000,0.000000,0.000908
Q_ind_156_anc_6-6,0.000175,0.000000,0.000000,0.002023
Q_ind_157_anc_6-6,0.000612,0.000000,0.000000,0.007560
Q_ind_158_anc_6-6,0.000138,0.000000,0.000000,0.001700
Q_ind_159_anc_6-6,0.000119,0.000000,0.000000,0.001131
Q_ind_160_anc_6-6,0.000077,0.000000,0.000000,0.000702
Q_ind_161_anc_6-6,0.000093,0.000000,0.000000,0.001007
Q_ind_162_anc_6-6,0.000177,0.000000,0.000000,0.001971
Q_ind_163_anc_6-6,0.000078,0.000000,0.000000,0.000802
Q_ind_164_anc_6-6,0.000158,0.000000,0.000000,0.001768
Q_ind_165_anc_6-6,0.000178,0.000000,0.000000,0.002058
Q_ind_166_anc_6-6,0.000188,0.000000,0.000000,0.002004
Q_ind_167_anc_6-6,0.000624,0.000000,0.000000,0.008433
Q_ind_168_anc_6-6,0.000136,0.000000,0.000000,0.001660
Q_ind_169_anc_6-6,0.000128,0.000000,0.000000,0.001518
Q_ind_170_anc_6-6,0.000445,0.000000,0.000000,0.005655
Q_ind_171_anc_6-6,0.000248,0.000000,0.000000,0.002975
Q_ind_172_anc_6-6,0.000533,0.000000,0.000000,0.007214
Q_ind_173_anc_6-6,0.000198,0.000000,0.000000,0.002309
Q_ind_174_anc_6-6,0.000257,0.000000,0.000000,0.003006
Q_ind_175_anc_6-6,0.000112,0.000000,0.000000,0.001329
Q_ind_176_anc_6-6,0.000127,0.000000,0.000000,0.001328
Q_ind_177_anc_6-6,0.000190,0.000000,0.000000,0.002490
Q_ind_178_anc_6-6,0.000188,0.000000,0.000000,0.002337
Q_ind_179_anc_6-6,0.000129,0.000000,0.000000,0.001613
Q_ind_180_anc_6-6,0.000122,0.000000,0.000000,0.001346
Q_ind_181_anc_6-6,0.000153,0.000000,0.000000,0.001573
Q_ind_182_anc_6-6,0.000226,0.000000,0.000000,0.002941
Q_ind_183_anc_6-6,0.000106,0.000000,0.000000,0.001146
Q_ind_184_anc_6-6,0.000172,0.000000,0.000000,0.002155
Q_ind_185_anc_6-6,0.000443,0.000000,0.000000,0.005841
Q_ind_186_anc_6-6,0.001008,0.000000,0.000000,0.013718
Q_ind_187_anc_6-6,0.003736,0.000000,0.000000,0.036379
Q_ind_188_anc_6-6,0.000332,0.000000,0.000000,0.004284
Q_ind_189_anc_6-6,0.000385,0.000000,0.000000,0.004380
Q_ind_190_anc_6-6,0.000420,0.000000,0.000000,0.005419
Q_ind_191_anc_6-6,0.000277,0.000000,0.000000,0.003360
Q_ind_192_anc_6-6,0.000091,0.000000,0.000000,0.000993
Q_ind_193_anc_6-6,0.000118,0.000000,0.000000,0.001403
Q_ind_194_anc_6-6,0.000036,0.000000,0.000000,0.000399
Q_ind_195_anc_6-6,0.000086,0.000000,0.000000,0.000963
Q_ind_196_anc_6-6,0.000043,0.000000,0.000000,0.000429
Q_ind_197_anc_6-6,0.000050,0.000000,0.000000,0.000533
Q_ind_198_anc_6-6,0.000044,0.000000,0.000000,0.000397
Q_ind_199_anc_6-6,0.000091,0.000000,0.000000,0.000956
Q_ind_200_anc_6-6,0.000063,0.000000,0.000000,0.000766
Q_ind_201_anc_6-6,0.000057,0.000000,0.000000,0.000546
Q_ind_202_anc_6-6,0.000143,0.000000,0.000000,0.001727
Q_ind_203_anc_6-6,0.000228,0.000000,0.000000,0.002867
Q_ind_204_anc_6-6,0.000252,0.000000,0.000000,0.002785
Q_ind_205_anc_6-6,0.000990,0.000000,0.000000,0.014189
Q_ind_206_anc_6-6,0.000624,0.000000,0.000000,0.007972
Q_ind_207_anc_6-6,0.005254,0.000000,0.000000,0.041015
Q_ind_208_anc_6-6,0.000115,0.000000,0.000000,0.001265
Q_ind_209_anc_6-6,0.000327,0.000000,0.000000,0.004413
Q_ind_210_anc_6-6,0.000127,0.000000,0.000000,0.001298
Q_ind_211_anc_6-6,0.000358,0.000000,0.000000,0.004296
Q_ind_212_anc_6-6,0.000097,0.000000,0.000000,0.001100
Q_ind_213_anc_6-6,0.000273,0.000000,0.000000,0.003168
Q_ind_214_anc_6-6,0.000190,0.000000,0.000000,0.002271
Q_ind_215_anc_6-6,0.000284,0.000000,0.000000,0.002970
Q_ind_216_anc_6-6,0.000220,0.000000,0.000000,0.002559
Q_ind_217_anc_6-6,0.000270,0.000000,0.000000,0.003664
Q_ind_218_anc_6-6,0.000070,0.000000,0.000000,0.000719
Q_ind_219_anc_6-6,0.000472,0.000000,0.000000,0.004493
Q_ind_220_anc_6-6,0.000123,0.000000,0.000000,0.001395
Q_ind_221_anc_6-6,0.000188,0.000000,0.000000,0.002333
Q_ind_222_anc_6-6,0.000322,0.000000,0.000000,0.003637
Q_ind_223_anc_6-6,0.000075,0.000000,0.000000,0.000836
Q_ind_224_anc_6-6,0.000090,0.000000,0.000000,0.001094
Q_ind_225_anc_6-6,0.000338,0.000000,0.000000,0.003716
Q_ind_226_anc_6-6,0.000272,0.000000,0.000000,0.003011
Q_ind_227_anc_6-6,0.003290,0.000000,0.000000,0.036554
Q_ind_228_anc_6-6,0.001382,0.000000,0.000000,0.018888
Q_ind_229_anc_6-6,0.011382,0.000003,0.000000,0.055887
Q_ind_230_anc_6-6,0.003221,0.000000,0.000000,0.032452
Q_ind_231_anc_6-6,0.000103,0.000000,0.000000,0.001132
Q_ind_232_anc_6-6,0.000334,0.000000,0.000000,0.004127
Q_ind_233_anc_6-6,0.001695,0.000000,0.000000,0.020540
Q_ind_234_anc_6-6,0.001689,0.000000,0.000000,0.023341
Q_ind_235_anc_6-6,0.000478,0.000000,0.000000,0.006752
Q_ind_236_anc_6-6,0.001648,0.000000,0.000000,0.025684
Q_ind_237_anc_6-6,0.001443,0.000000,0.000000,0.017437
Q_ind_238_anc_6-6,0.000151,0.000000,0.000000,0.001822
Q_ind_239_anc_6-6,0.000628,0.000000,0.000000,0.008894
Q_ind_240_anc_6-6,0.000105,0.000000,0.000000,0.001273
Q_ind_241_anc_6-6,0.000168,0.000000,0.000000,0.002015
Q_ind_242_anc_6-6,0.000149,0.000000,0.000000,0.001677
Q_ind_243_anc_6-6,0.000107,0.000000,0.000000,0.001324
Q_ind_244_anc_6-6,0.028180,0.000025,0.000000,0.110740
Q_ind_245_anc_6-6,0.000101,0.000000,0.000000,0.000966
