param,mean,median,ci_0.950_LB,ci_0.950_UB
Q_ind_1_anc_1-1,0.000330,0.000000,0.000000,0.003799
Q_ind_2_anc_1-1,0.000241,0.000000,0.000000,0.002684
Q_ind_3_anc_1-1,0.000495,0.000000,0.000000,0.005644
Q_ind_4_anc_1-1,0.000592,0.000000,0.000000,0.006826
Q_ind_5_anc_1-1,0.000290,0.000000,0.000000,0.003047
Q_ind_6_anc_1-1,0.000511,0.000000,0.000000,0.005685
Q_ind_7_anc_1-1,0.000258,0.000000,0.000000,0.002722
Q_ind_8_anc_1-1,0.000432,0.000000,0.000000,0.004593
Q_ind_9_anc_1-1,0.000425,0.000000,0.000000,0.004671
Q_ind_10_anc_1-1,0.000224,0.000000,0.000000,0.002356
Q_ind_11_anc_1-1,0.001751,0.000003,0.000000,0.015158
Q_ind_12_anc_1-1,0.000515,0.000000,0.000000,0.005671
Q_ind_13_anc_1-1,0.009724,0.000014,0.000000,0.074147
Q_ind_14_anc_1-1,0.012184,0.000015,0.000000,0.105103
Q_ind_15_anc_1-1,0.112410,0.111439,0.000007,0.218361
Q_ind_16_anc_1-1,0.026791,0.002414,0.000000,0.134055
Q_ind_17_anc_1-1,0.010347,0.000008,0.000000,0.083338
Q_ind_18_anc_1-1,0.062922,0.058258,0.000000,0.183301
Q_ind_19_anc_1-1,0.056448,0.054384,0.000000,0.158161
Q_ind_20_anc_1-1,0.000526,0.000000,0.000000,0.005893
Q_ind_21_anc_1-1,0.002225,0.000001,0.000000,0.022768
Q_ind_22_anc_1-1,0.004339,0.000015,0.000000,0.030235
Q_ind_23_anc_1-1,0.000574,0.000000,0.000000,0.006482
Q_ind_24_anc_1-1,0.000847,0.000000,0.000000,0.008860
Q_ind_25_anc_1-1,0.002334,0.000001,0.000000,0.022514
Q_ind_26_anc_1-1,0.000611,0.000000,0.000000,0.006974
Q_ind_27_anc_1-1,0.000882,0.000000,0.000000,0.009946
Q_ind_28_anc_1-1,0.000948,0.000000,0.000000,0.010092
Q_ind_29_anc_1-1,0.000983,0.000000,0.000000,0.010540
Q_ind_30_anc_1-1,0.001286,0.000001,0.000000,0.012840
Q_ind_31_anc_1-1,0.000366,0.000000,0.000000,0.003986
Q_ind_32_anc_1-1,0.007902,0.000007,0.000000,0.071370
Q_ind_33_anc_1-1,0.001860,0.000001,0.000000,0.021692
Q_ind_34_anc_1-1,0.001802,0.000001,0.000000,0.019904
Q_ind_35_anc_1-1,0.000851,0.000000,0.000000,0.009547
Q_ind_36_anc_1-1,0.001232,0.000000,0.000000,0.013545
Q_ind_37_anc_1-1,0.001197,0.000000,0.000000,0.012727
Q_ind_38_anc_1-1,0.000645,0.000000,0.000000,0.007307
Q_ind_39_anc_1-1,0.000356,0.000000,0.000000,0.003965
Q_ind_40_anc_1-1,0.008846,0.000011,0.000000,0.073239
Q_ind_41_anc_1-1,0.000666,0.000000,0.000000,0.007253
Q_ind_42_anc_1-1,0.837037,0.837240,0.785774,0.884314
Q_ind_43_anc_1-1,0.666224,0.665289,0.567299,0.766350
Q_ind_44_anc_1-1,0.802145,0.803570,0.744322,0.852466
Q_ind_45_anc_1-1,0.806569,0.807400,0.750562,0.856378
Q_ind_46_anc_1-1,0.838356,0.838908,0.790567,0.880843
Q_ind_47_anc_1-1,0.827932,0.835973,0.717174,0.886910
Q_ind_48_anc_1-1,0.811683,0.815007,0.733790,0.866402
Q_ind_49_anc_1-1,0.842475,0.843270,0.792835,0.887892
Q_ind_50_anc_1-1,0.814946,0.826393,0.692503,0.880091
Q_ind_51_anc_1-1,0.503524,0.503956,0.421708,0.584067
Q_ind_52_anc_1-1,0.491251,0.491292,0.407976,0.573013
Q_ind_53_anc_1-1,0.532440,0.533439,0.449411,0.611443
Q_ind_54_anc_1-1,0.528902,0.529093,0.446940,0.608757
Q_ind_55_anc_1-1,0.610714,0.611280,0.532661,0.688232
Q_ind_56_anc_1-1,0.528994,0.528947,0.449463,0.611208
Q_ind_57_anc_1-1,0.000765,0.000000,0.000000,0.008314
Q_ind_58_anc_1-1,0.567071,0.567069,0.486789,0.643299
Q_ind_59_anc_1-1,0.498568,0.499093,0.416419,0.584667
Q_ind_60_anc_1-1,0.480773,0.480765,0.398172,0.565251
Q_ind_61_anc_1-1,0.588799,0.588592,0.508129,0.672636
Q_ind_62_anc_1-1,0.577132,0.578095,0.485116,0.664033
Q_ind_63_anc_1-1,0.000230,0.000000,0.000000,0.002583
Q_ind_64_anc_1-1,0.000271,0.000000,0.000000,0.002827
Q_ind_65_anc_1-1,0.002098,0.000016,0.000000,0.013438
Q_ind_66_anc_1-1,0.000644,0.000000,0.000000,0.006922
Q_ind_67_anc_1-1,0.000288,0.000000,0.000000,0.003257
Q_ind_68_anc_1-1,0.271038,0.268760,0.174006,0.376101
Q_ind_69_anc_1-1,0.001323,0.000000,0.000000,0.015876
Q_ind_70_anc_1-1,0.000941,0.000000,0.000000,0.010997
Q_ind_71_anc_1-1,0.335247,0.336098,0.237283,0.432929
Q_ind_72_anc_1-1,0.334109,0.332648,0.239451,0.433291
Q_ind_73_anc_1-1,0.340879,0.336798,0.228039,0.470556
Q_ind_74_anc_1-1,0.004176,0.000002,0.000000,0.041763
Q_ind_75_anc_1-1,0.001022,0.000000,0.000000,0.012305
Q_ind_76_anc_1-1,0.453168,0.459016,0.357409,0.516293
Q_ind_77_anc_1-1,0.000256,0.000000,0.000000,0.002902
Q_ind_78_anc_1-1,0.000389,0.000000,0.000000,0.004078
Q_ind_79_anc_1-1,0.000660,0.000000,0.000000,0.007045
Q_ind_80_anc_1-1,0.000435,0.000000,0.000000,0.004863
Q_ind_81_anc_1-1,0.000941,0.000001,0.000000,0.009673
Q_ind_82_anc_1-1,0.000995,0.000001,0.000000,0.010298
Q_ind_83_anc_1-1,0.000896,0.000000,0.000000,0.010370
Q_ind_84_anc_1-1,0.000478,0.000000,0.000000,0.005305
Q_ind_85_anc_1-1,0.000434,0.000000,0.000000,0.004637
Q_ind_86_anc_1-1,0.000573,0.000000,0.000000,0.006014
Q_ind_87_anc_1-1,0.002578,0.000011,0.000000,0.018428
Q_ind_88_anc_1-1,0.193961,0.196393,0.123800,0.248918
Q_ind_89_anc_1-1,0.059244,0.058827,0.000000,0.136504
Q_ind_90_anc_1-1,0.123159,0.128731,0.000000,0.237004
Q_ind_91_anc_1-1,0.198218,0.198613,0.126451,0.266013
Q_ind_92_anc_1-1,0.013315,0.000019,0.000000,0.110218
Q_ind_93_anc_1-1,0.184858,0.188365,0.083418,0.265853
Q_ind_94_anc_1-1,0.000742,0.000000,0.000000,0.008426
Q_ind_95_anc_1-1,0.154343,0.150793,0.073479,0.249807
Q_ind_96_anc_1-1,0.992834,0.995677,0.971081,0.999972
Q_ind_97_anc_1-1,0.985304,0.988601,0.950643,0.999830
Q_ind_98_anc_1-1,0.000662,0.000000,0.000000,0.006880
Q_ind_99_anc_1-1,0.000487,0.000000,0.000000,0.005484
Q_ind_100_anc_1-1,0.990847,0.993691,0.965868,0.999945
Q_ind_101_anc_1-1,0.995488,0.997381,0.981155,0.999987
Q_ind_102_anc_1-1,0.997021,0.998420,0.986650,0.999992
Q_ind_103_anc_1-1,0.991029,0.994041,0.966744,0.999957
Q_ind_104_anc_1-1,0.997028,0.998334,0.986651,0.999991
Q_ind_105_anc_1-1,0.000624,0.000000,0.000000,0.006799
Q_ind_106_anc_1-1,0.949571,0.952884,0.891477,0.987505
Q_ind_107_anc_1-1,0.003711,0.000001,0.000000,0.050877
Q_ind_108_anc_1-1,0.021503,0.001211,0.000000,0.104469
Q_ind_109_anc_1-1,0.046106,0.020714,0.000000,0.180344
Q_ind_110_anc_1-1,0.002917,0.000001,0.000000,0.031638
Q_ind_111_anc_1-1,0.036863,0.029798,0.000000,0.122804
Q_ind_112_anc_1-1,0.001022,0.000000,0.000000,0.011165
Q_ind_113_anc_1-1,0.021694,0.000112,0.000000,0.137905
Q_ind_114_anc_1-1,0.087560,0.098181,0.000000,0.192474
Q_ind_115_anc_1-1,0.948790,0.952814,0.894753,0.981630
Q_ind_116_anc_1-1,0.991947,0.995206,0.967786,0.999969
Q_ind_117_anc_1-1,0.990168,0.993253,0.963694,0.999958
Q_ind_118_anc_1-1,0.943292,0.944998,0.875234,0.996348
Q_ind_119_anc_1-1,0.984825,0.988057,0.949835,0.999909
Q_ind_120_anc_1-1,0.994446,0.996844,0.975839,0.999983
Q_ind_121_anc_1-1,0.971349,0.973378,0.930693,0.999083
Q_ind_122_anc_1-1,0.992172,0.994882,0.969002,0.999960
Q_ind_123_anc_1-1,0.986967,0.990988,0.953808,0.999922
Q_ind_124_anc_1-1,0.548182,0.548586,0.468768,0.622660
Q_ind_125_anc_1-1,0.000414,0.000000,0.000000,0.004645
Q_ind_126_anc_1-1,0.007391,0.000147,0.000000,0.043170
Q_ind_127_anc_1-1,0.017415,0.010266,0.000000,0.059609
Q_ind_128_anc_1-1,0.003631,0.000002,0.000000,0.034338
Q_ind_129_anc_1-1,0.000851,0.000000,0.000000,0.009200
Q_ind_130_anc_1-1,0.008133,0.000111,0.000000,0.048794
Q_ind_131_anc_1-1,0.000290,0.000000,0.000000,0.003223
Q_ind_132_anc_1-1,0.000161,0.000000,0.000000,0.001844
Q_ind_133_anc_1-1,0.001986,0.000001,0.000000,0.019622
Q_ind_134_anc_1-1,0.001788,0.000001,0.000000,0.019680
Q_ind_135_anc_1-1,0.009473,0.000930,0.000000,0.043931
Q_ind_136_anc_1-1,0.000802,0.000000,0.000000,0.009297
Q_ind_137_anc_1-1,0.001084,0.000000,0.000000,0.012021
Q_ind_138_anc_1-1,0.000210,0.000000,0.000000,0.002424
Q_ind_139_anc_1-1,0.000458,0.000000,0.000000,0.004700
Q_ind_140_anc_1-1,0.001128,0.000000,0.000000,0.012464
Q_ind_141_anc_1-1,0.002998,0.000002,0.000000,0.030688
Q_ind_142_anc_1-1,0.000158,0.000000,0.000000,0.001740
Q_ind_143_anc_1-1,0.009781,0.000258,0.000000,0.048326
Q_ind_144_anc_1-1,0.008624,0.000136,0.000000,0.048917
Q_ind_145_anc_1-1,0.000371,0.000000,0.000000,0.003976
Q_ind_146_anc_1-1,0.001199,0.000000,0.000000,0.013312
Q_ind_147_anc_1-1,0.001082,0.000001,0.000000,0.009948
Q_ind_148_anc_1-1,0.001343,0.000001,0.000000,0.013776
Q_ind_149_anc_1-1,0.000337,0.000000,0.000000,0.003820
Q_ind_150_anc_1-1,0.001772,0.000003,0.000000,0.015603
Q_ind_151_anc_1-1,0.001956,0.000002,0.000000,0.018054
Q_ind_152_anc_1-1,0.001328,0.000002,0.000000,0.011390
Q_ind_153_anc_1-1,0.000513,0.000000,0.000000,0.005451
Q_ind_154_anc_1-1,0.004327,0.000063,0.000000,0.024715
Q_ind_155_anc_1-1,0.000239,0.000000,0.000000,0.002515
Q_ind_156_anc_1-1,0.000873,0.000000,0.000000,0.009079
Q_ind_157_anc_1-1,0.004491,0.000010,0.000000,0.031448
Q_ind_158_anc_1-1,0.000514,0.000000,0.000000,0.005432
Q_ind_159_anc_1-1,0.000283,0.000000,0.000000,0.003174
Q_ind_160_anc_1-1,0.000281,0.000000,0.000000,0.003005
Q_ind_161_anc_1-1,0.000479,0.000000,0.000000,0.005378
Q_ind_162_anc_1-1,0.000613,0.000000,0.000000,0.006827
Q_ind_163_anc_1-1,0.000367,0.000000,0.000000,0.003676
Q_ind_164_anc_1-1,0.000658,0.000000,0.000000,0.007365
Q_ind_165_anc_1-1,0.001261,0.000000,0.000000,0.014641
Q_ind_166_anc_1-1,0.002347,0.000001,0.000000,0.024764
Q_ind_167_anc_1-1,0.005800,0.000023,0.000000,0.042080
Q_ind_168_anc_1-1,0.000395,0.000000,0.000000,0.004175
Q_ind_169_anc_1-1,0.000245,0.000000,0.000000,0.002862
Q_ind_170_anc_1-1,0.001179,0.000001,0.000000,0.013262
Q_ind_171_anc_1-1,0.000570,0.000000,0.000000,0.006681
Q_ind_172_anc_1-1,0.002409,0.000002,0.000000,0.022957
Q_ind_173_anc_1-1,0.000583,0.000000,0.000000,0.005932
Q_ind_174_anc_1-1,0.000779,0.000000,0.000000,0.008507
Q_ind_175_anc_1-1,0.000392,0.000000,0.000000,0.004175
Q_ind_176_anc_1-1,0.000658,0.000000,0.000000,0.007378
Q_ind_177_anc_1-1,0.000675,0.000000,0.000000,0.007648
Q_ind_178_anc_1-1,0.000834,0.000000,0.000000,0.008612
Q_ind_179_anc_1-1,0.000367,0.000000,0.000000,0.004063
Q_ind_180_anc_1-1,0.000290,0.000000,0.000000,0.003149
Q_ind_181_anc_1-1,0.000650,0.000000,0.000000,0.007460
Q_ind_182_anc_1-1,0.000505,0.000000,0.000000,0.005237
Q_ind_183_anc_1-1,0.000297,0.000000,0.000000,0.003012
Q_ind_184_anc_1-1,0.000968,0.000000,0.000000,0.011178
Q_ind_185_anc_1-1,0.057261,0.011040,0.000000,0.213083
Q_ind_186_anc_1-1,0.040098,0.005753,0.000000,0.161402
Q_ind_187_anc_1-1,0.179443,0.177045,0.080173,0.275955
Q_ind_188_anc_1-1,0.007429,0.000014,0.000000,0.063391
Q_ind_189_anc_1-1,0.168068,0.185264,0.000000,0.244083
Q_ind_190_anc_1-1,0.001204,0.000000,0.000000,0.014045
Q_ind_191_anc_1-1,0.057636,0.024012,0.000000,0.237634
Q_ind_192_anc_1-1,0.000451,0.000000,0.000000,0.004941
Q_ind_193_anc_1-1,0.000454,0.000000,0.000000,0.005195
Q_ind_194_anc_1-1,0.000118,0.000000,0.000000,0.001310
Q_ind_195_anc_1-1,0.000332,0.000000,0.000000,0.003608
Q_ind_196_anc_1-1,0.000174,0.000000,0.000000,0.001937
Q_ind_197_anc_1-1,0.000312,0.000000,0.000000,0.003362
Q_ind_198_anc_1-1,0.000134,0.000000,0.000000,0.001561
Q_ind_199_anc_1-1,0.000268,0.000000,0.000000,0.002653
Q_ind_200_anc_1-1,0.000224,0.000000,0.000000,0.002530
Q_ind_201_anc_1-1,0.000240,0.000000,0.000000,0.002365
Q_ind_202_anc_1-1,0.000301,0.000000,0.000000,0.003360
Q_ind_203_anc_1-1,0.002326,0.000001,0.000000,0.023896
Q_ind_204_anc_1-1,0.002475,0.000004,0.000000,0.023364
Q_ind_205_anc_1-1,0.005561,0.000032,0.000000,0.037231
Q_ind_206_anc_1-1,0.011941,0.007162,0.000000,0.044281
Q_ind_207_anc_1-1,0.009788,0.000018,0.000000,0.068073
Q_ind_208_anc_1-1,0.000198,0.000000,0.000000,0.002029
Q_ind_209_anc_1-1,0.003369,0.000004,0.000000,0.029861
Q_ind_210_anc_1-1,0.000571,0.000000,0.000000,0.006658
Q_ind_211_anc_1-1,0.004894,0.000008,0.000000,0.036064
Q_ind_212_anc_1-1,0.000377,0.000000,0.000000,0.003928
Q_ind_213_anc_1-1,0.000607,0.000000,0.000000,0.006212
Q_ind_214_anc_1-1,0.000367,0.000000,0.000000,0.003894
Q_ind_215_anc_1-1,0.000418,0.000000,0.000000,0.004407
Q_ind_216_anc_1-1,0.000802,0.000000,0.000000,0.009321
Q_ind_217_anc_1-1,0.000793,0.000000,0.000000,0.008504
Q_ind_218_anc_1-1,0.000272,0.000000,0.000000,0.002962
Q_ind_219_anc_1-1,0.000562,0.000000,0.000000,0.006598
Q_ind_220_anc_1-1,0.000434,0.000000,0.000000,0.004769
Q_ind_221_anc_1-1,0.000509,0.000000,0.000000,0.005624
Q_ind_222_anc_1-1,0.000633,0.000000,0.000000,0.006482
Q_ind_223_anc_1-1,0.000280,0.000000,0.000000,0.002977
Q_ind_224_anc_1-1,0.000252,0.000000,0.000000,0.002696
Q_ind_225_anc_1-1,0.042846,0.020079,0.000000,0.161492
Q_ind_226_anc_1-1,0.000422,0.000000,0.000000,0.004372
Q_ind_227_anc_1-1,0.071213,0.068999,0.000000,0.187218
Q_ind_228_anc_1-1,0.117154,0.117495,0.024465,0.211855
Q_ind_229_anc_1-1,0.064191,0.059004,0.000000,0.185690
Q_ind_230_anc_1-1,0.011115,0.000033,0.000000,0.078747
Q_ind_231_anc_1-1,0.000246,0.000000,0.000000,0.002812
Q_ind_232_anc_1-1,0.004457,0.000002,0.000000,0.044276
Q_ind_233_anc_1-1,0.030814,0.019091,0.000000,0.106971
Q_ind_234_anc_1-1,0.597904,0.611606,0.455202,0.672447
Q_ind_235_anc_1-1,0.414035,0.400268,0.290953,0.585795
Q_ind_236_anc_1-1,0.563727,0.571829,0.454709,0.625809
Q_ind_237_anc_1-1,0.457054,0.448109,0.336775,0.590757
Q_ind_238_anc_1-1,0.155147,0.155621,0.066766,0.240795
Q_ind_239_anc_1-1,0.433965,0.436217,0.324535,0.533691
Q_ind_240_anc_1-1,0.138238,0.138051,0.062877,0.213528
Q_ind_241_anc_1-1,0.253976,0.254394,0.153957,0.350389
Q_ind_242_anc_1-1,0.296166,0.297751,0.184144,0.402656
Q_ind_243_anc_1-1,0.001273,0.000000,0.000000,0.014594
Q_ind_244_anc_1-1,0.563612,0.568008,0.471918,0.619207
Q_ind_245_anc_1-1,0.004994,0.000005,0.000000,0.047185
Q_ind_1_anc_2-1,0.000986,0.000000,0.000000,0.010595
Q_ind_2_anc_2-1,0.000899,0.000000,0.000000,0.010585
Q_ind_3_anc_2-1,0.001014,0.000000,0.000000,0.011594
Q_ind_4_anc_2-1,0.001577,0.000001,0.000000,0.015725
Q_ind_5_anc_2-1,0.011118,0.000021,0.000000,0.071666
Q_ind_6_anc_2-1,0.002408,0.000001,0.000000,0.025418
Q_ind_7_anc_2-1,0.000637,0.000000,0.000000,0.007629
Q_ind_8_anc_2-1,0.001214,0.000000,0.000000,0.014346
Q_ind_9_anc_2-1,0.000866,0.000000,0.000000,0.010461
Q_ind_10_anc_2-1,0.000414,0.000000,0.000000,0.004380
Q_ind_11_anc_2-1,0.002555,0.000001,0.000000,0.027818
Q_ind_12_anc_2-1,0.002090,0.000001,0.000000,0.021512
Q_ind_13_anc_2-1,0.013319,0.000106,0.000000,0.072345
Q_ind_14_anc_2-1,0.153356,0.154057,0.086403,0.216608
Q_ind_15_anc_2-1,0.092385,0.105262,0.000000,0.182363
Q_ind_16_anc_2-1,0.120322,0.123780,0.018517,0.190890
Q_ind_17_anc_2-1,0.096281,0.097194,0.030321,0.157425
Q_ind_18_anc_2-1,0.043369,0.037974,0.000000,0.128364
Q_ind_19_anc_2-1,0.088400,0.102107,0.000000,0.169700
Q_ind_20_anc_2-1,0.134621,0.133754,0.078562,0.195571
Q_ind_21_anc_2-1,0.039216,0.036067,0.000000,0.113889
Q_ind_22_anc_2-1,0.002857,0.000001,0.000000,0.030899
Q_ind_23_anc_2-1,0.001284,0.000001,0.000000,0.013823
Q_ind_24_anc_2-1,0.023144,0.001242,0.000000,0.109153
Q_ind_25_anc_2-1,0.021482,0.007719,0.000000,0.081143
Q_ind_26_anc_2-1,0.001429,0.000000,0.000000,0.016197
Q_ind_27_anc_2-1,0.016625,0.001661,0.000000,0.073243
Q_ind_28_anc_2-1,0.002403,0.000001,0.000000,0.028164
Q_ind_29_anc_2-1,0.005806,0.000003,0.000000,0.051420
Q_ind_30_anc_2-1,0.003353,0.000003,0.000000,0.029831
Q_ind_31_anc_2-1,0.001348,0.000001,0.000000,0.013735
Q_ind_32_anc_2-1,0.006280,0.000004,0.000000,0.058168
Q_ind_33_anc_2-1,0.001675,0.000001,0.000000,0.016459
Q_ind_34_anc_2-1,0.004543,0.000001,0.000000,0.048063
Q_ind_35_anc_2-1,0.010496,0.000161,0.000000,0.059745
Q_ind_36_anc_2-1,0.002341,0.000001,0.000000,0.025471
Q_ind_37_anc_2-1,0.003365,0.000002,0.000000,0.039182
Q_ind_38_anc_2-1,0.001124,0.000000,0.000000,0.012981
Q_ind_39_anc_2-1,0.009603,0.000006,0.000000,0.117762
Q_ind_40_anc_2-1,0.006364,0.000005,0.000000,0.062458
Q_ind_41_anc_2-1,0.002479,0.000001,0.000000,0.027728
Q_ind_42_anc_2-1,0.001018,0.000000,0.000000,0.010592
Q_ind_43_anc_2-1,0.000982,0.000000,0.000000,0.011624
Q_ind_44_anc_2-1,0.001784,0.000001,0.000000,0.018271
Q_ind_45_anc_2-1,0.002277,0.000001,0.000000,0.023897
Q_ind_46_anc_2-1,0.000764,0.000000,0.000000,0.008250
Q_ind_47_anc_2-1,0.007291,0.000023,0.000000,0.050953
Q_ind_48_anc_2-1,0.008071,0.000055,0.000000,0.052676
Q_ind_49_anc_2-1,0.000553,0.000000,0.000000,0.005955
Q_ind_50_anc_2-1,0.000836,0.000000,0.000000,0.008535
Q_ind_51_anc_2-1,0.011240,0.000772,0.000000,0.057231
Q_ind_52_anc_2-1,0.004281,0.000007,0.000000,0.033320
Q_ind_53_anc_2-1,0.002109,0.000002,0.000000,0.020047
Q_ind_54_anc_2-1,0.001303,0.000000,0.000000,0.014793
Q_ind_55_anc_2-1,0.002337,0.000001,0.000000,0.026531
Q_ind_56_anc_2-1,0.009318,0.000167,0.000000,0.051661
Q_ind_57_anc_2-1,0.251736,0.251529,0.190430,0.312546
Q_ind_58_anc_2-1,0.002931,0.000002,0.000000,0.025899
Q_ind_59_anc_2-1,0.034731,0.033734,0.000000,0.092193
Q_ind_60_anc_2-1,0.003328,0.000002,0.000000,0.033484
Q_ind_61_anc_2-1,0.029379,0.027397,0.000000,0.088240
Q_ind_62_anc_2-1,0.005338,0.000003,0.000000,0.047615
Q_ind_63_anc_2-1,0.000200,0.000000,0.000000,0.002096
Q_ind_64_anc_2-1,0.000253,0.000000,0.000000,0.002749
Q_ind_65_anc_2-1,0.000271,0.000000,0.000000,0.003178
Q_ind_66_anc_2-1,0.000261,0.000000,0.000000,0.002888
Q_ind_67_anc_2-1,0.000329,0.000000,0.000000,0.003675
Q_ind_68_anc_2-1,0.000951,0.000000,0.000000,0.011417
Q_ind_69_anc_2-1,0.007914,0.000007,0.000000,0.081038
Q_ind_70_anc_2-1,0.001222,0.000001,0.000000,0.013318
Q_ind_71_anc_2-1,0.000524,0.000000,0.000000,0.006138
Q_ind_72_anc_2-1,0.001009,0.000000,0.000000,0.011359
Q_ind_73_anc_2-1,0.001310,0.000000,0.000000,0.014588
Q_ind_74_anc_2-1,0.016786,0.000053,0.000000,0.096454
Q_ind_75_anc_2-1,0.089943,0.089065,0.039101,0.146935
Q_ind_76_anc_2-1,0.001682,0.000001,0.000000,0.019605
Q_ind_77_anc_2-1,0.000581,0.000000,0.000000,0.006411
Q_ind_78_anc_2-1,0.000617,0.000000,0.000000,0.006715
Q_ind_79_anc_2-1,0.001320,0.000001,0.000000,0.012704
Q_ind_80_anc_2-1,0.000599,0.000000,0.000000,0.006274
Q_ind_81_anc_2-1,0.008371,0.000077,0.000000,0.059073
Q_ind_82_anc_2-1,0.001046,0.000000,0.000000,0.011031
Q_ind_83_anc_2-1,0.000942,0.000000,0.000000,0.009810
Q_ind_84_anc_2-1,0.000890,0.000000,0.000000,0.010704
Q_ind_85_anc_2-1,0.001043,0.000000,0.000000,0.012172
Q_ind_86_anc_2-1,0.001761,0.000001,0.000000,0.018108
Q_ind_87_anc_2-1,0.002001,0.000001,0.000000,0.022715
Q_ind_88_anc_2-1,0.017146,0.000059,0.000000,0.127442
Q_ind_89_anc_2-1,0.298081,0.304301,0.164741,0.408874
Q_ind_90_anc_2-1,0.241433,0.245427,0.033357,0.371578
Q_ind_91_anc_2-1,0.033274,0.001082,0.000000,0.164181
Q_ind_92_anc_2-1,0.254299,0.260701,0.071536,0.390257
Q_ind_93_anc_2-1,0.041411,0.001683,0.000000,0.184832
Q_ind_94_anc_2-1,0.189610,0.181513,0.048498,0.387188
Q_ind_95_anc_2-1,0.056790,0.002034,0.000000,0.240059
Q_ind_96_anc_2-1,0.001562,0.000001,0.000000,0.016002
Q_ind_97_anc_2-1,0.002771,0.000003,0.000000,0.024400
Q_ind_98_anc_2-1,0.000572,0.000000,0.000000,0.006376
Q_ind_99_anc_2-1,0.266310,0.266380,0.208456,0.325014
Q_ind_100_anc_2-1,0.001411,0.000000,0.000000,0.014695
Q_ind_101_anc_2-1,0.000904,0.000000,0.000000,0.009913
Q_ind_102_anc_2-1,0.000535,0.000000,0.000000,0.005906
Q_ind_103_anc_2-1,0.001882,0.000001,0.000000,0.020036
Q_ind_104_anc_2-1,0.000420,0.000000,0.000000,0.004568
Q_ind_105_anc_2-1,0.151164,0.150804,0.098256,0.206333
Q_ind_106_anc_2-1,0.003392,0.000002,0.000000,0.031267
Q_ind_107_anc_2-1,0.003039,0.000003,0.000000,0.027968
Q_ind_108_anc_2-1,0.001773,0.000001,0.000000,0.019447
Q_ind_109_anc_2-1,0.001802,0.000001,0.000000,0.019926
Q_ind_110_anc_2-1,0.000638,0.000000,0.000000,0.006830
Q_ind_111_anc_2-1,0.001519,0.000000,0.000000,0.016956
Q_ind_112_anc_2-1,0.002343,0.000001,0.000000,0.028399
Q_ind_113_anc_2-1,0.002348,0.000001,0.000000,0.027016
Q_ind_114_anc_2-1,0.004760,0.000009,0.000000,0.043627
Q_ind_115_anc_2-1,0.004713,0.000003,0.000000,0.046048
Q_ind_116_anc_2-1,0.000701,0.000000,0.000000,0.007779
Q_ind_117_anc_2-1,0.001112,0.000000,0.000000,0.012504
Q_ind_118_anc_2-1,0.002091,0.000001,0.000000,0.022864
Q_ind_119_anc_2-1,0.002870,0.000001,0.000000,0.028648
Q_ind_120_anc_2-1,0.001288,0.000001,0.000000,0.014142
Q_ind_121_anc_2-1,0.010559,0.000146,0.000000,0.058096
Q_ind_122_anc_2-1,0.001415,0.000000,0.000000,0.016847
Q_ind_123_anc_2-1,0.001566,0.000001,0.000000,0.016512
Q_ind_124_anc_2-1,0.103580,0.103768,0.048213,0.162637
Q_ind_125_anc_2-1,0.001500,0.000000,0.000000,0.016280
Q_ind_126_anc_2-1,0.003720,0.000001,0.000000,0.045664
Q_ind_127_anc_2-1,0.004281,0.000001,0.000000,0.050423
Q_ind_128_anc_2-1,0.017573,0.000482,0.000000,0.092000
Q_ind_129_anc_2-1,0.003006,0.000001,0.000000,0.029632
Q_ind_130_anc_2-1,0.006022,0.000007,0.000000,0.054221
Q_ind_131_anc_2-1,0.000855,0.000000,0.000000,0.008721
Q_ind_132_anc_2-1,0.001670,0.000000,0.000000,0.017437
Q_ind_133_anc_2-1,0.008999,0.000296,0.000000,0.046016
Q_ind_134_anc_2-1,0.003121,0.000002,0.000000,0.029743
Q_ind_135_anc_2-1,0.003313,0.000003,0.000000,0.031796
Q_ind_136_anc_2-1,0.002154,0.000001,0.000000,0.025490
Q_ind_137_anc_2-1,0.001460,0.000000,0.000000,0.015761
Q_ind_138_anc_2-1,0.000855,0.000000,0.000000,0.009262
Q_ind_139_anc_2-1,0.001703,0.000001,0.000000,0.017463
Q_ind_140_anc_2-1,0.001370,0.000000,0.000000,0.015103
Q_ind_141_anc_2-1,0.000957,0.000000,0.000000,0.009888
Q_ind_142_anc_2-1,0.000715,0.000000,0.000000,0.008060
Q_ind_143_anc_2-1,0.011759,0.000119,0.000000,0.063966
Q_ind_144_anc_2-1,0.000632,0.000000,0.000000,0.006826
Q_ind_145_anc_2-1,0.000317,0.000000,0.000000,0.003628
Q_ind_146_anc_2-1,0.001832,0.000001,0.000000,0.017311
Q_ind_147_anc_2-1,0.000426,0.000000,0.000000,0.004462
Q_ind_148_anc_2-1,0.001004,0.000000,0.000000,0.010828
Q_ind_149_anc_2-1,0.162716,0.162513,0.106298,0.220364
Q_ind_150_anc_2-1,0.000377,0.000000,0.000000,0.004067
Q_ind_151_anc_2-1,0.000979,0.000000,0.000000,0.010911
Q_ind_152_anc_2-1,0.000454,0.000000,0.000000,0.004785
Q_ind_153_anc_2-1,0.000287,0.000000,0.000000,0.003117
Q_ind_154_anc_2-1,0.000584,0.000000,0.000000,0.005859
Q_ind_155_anc_2-1,0.166546,0.165897,0.102286,0.234230
Q_ind_156_anc_2-1,0.000766,0.000000,0.000000,0.008563
Q_ind_157_anc_2-1,0.003481,0.000003,0.000000,0.030962
Q_ind_158_anc_2-1,0.001158,0.000000,0.000000,0.014803
Q_ind_159_anc_2-1,0.000655,0.000000,0.000000,0.007121
Q_ind_160_anc_2-1,0.000957,0.000000,0.000000,0.010246
Q_ind_161_anc_2-1,0.001586,0.000001,0.000000,0.015965
Q_ind_162_anc_2-1,0.001301,0.000001,0.000000,0.014195
Q_ind_163_anc_2-1,0.000578,0.000000,0.000000,0.006368
Q_ind_164_anc_2-1,0.001228,0.000000,0.000000,0.012952
Q_ind_165_anc_2-1,0.010229,0.000028,0.000000,0.073771
Q_ind_166_anc_2-1,0.004497,0.000006,0.000000,0.037728
Q_ind_167_anc_2-1,0.003406,0.000002,0.000000,0.032316
Q_ind_168_anc_2-1,0.001403,0.000000,0.000000,0.013998
Q_ind_169_anc_2-1,0.000783,0.000000,0.000000,0.008849
Q_ind_170_anc_2-1,0.001803,0.000001,0.000000,0.019058
Q_ind_171_anc_2-1,0.001440,0.000000,0.000000,0.017689
Q_ind_172_anc_2-1,0.002116,0.000001,0.000000,0.019085
Q_ind_173_anc_2-1,0.002259,0.000001,0.000000,0.022671
Q_ind_174_anc_2-1,0.006963,0.000049,0.000000,0.045831
Q_ind_175_anc_2-1,0.002819,0.000000,0.000000,0.037405
Q_ind_176_anc_2-1,0.027825,0.000423,0.000000,0.145530
Q_ind_177_anc_2-1,0.000698,0.000000,0.000000,0.007381
Q_ind_178_anc_2-1,0.000702,0.000000,0.000000,0.006568
Q_ind_179_anc_2-1,0.000634,0.000000,0.000000,0.007336
Q_ind_180_anc_2-1,0.000493,0.000000,0.000000,0.005545
Q_ind_181_anc_2-1,0.019700,0.000058,0.000000,0.127077
Q_ind_182_anc_2-1,0.000832,0.000000,0.000000,0.009887
Q_ind_183_anc_2-1,0.000711,0.000000,0.000000,0.008630
Q_ind_184_anc_2-1,0.015379,0.000228,0.000000,0.090570
Q_ind_185_anc_2-1,0.001038,0.000000,0.000000,0.011066
Q_ind_186_anc_2-1,0.000757,0.000000,0.000000,0.008780
Q_ind_187_anc_2-1,0.000390,0.000000,0.000000,0.004316
Q_ind_188_anc_2-1,0.000390,0.000000,0.000000,0.003998
Q_ind_189_anc_2-1,0.000367,0.000000,0.000000,0.003861
Q_ind_190_anc_2-1,0.002139,0.000001,0.000000,0.024029
Q_ind_191_anc_2-1,0.000557,0.000000,0.000000,0.006456
Q_ind_192_anc_2-1,0.001195,0.000001,0.000000,0.013826
Q_ind_193_anc_2-1,0.000848,0.000000,0.000000,0.008890
Q_ind_194_anc_2-1,0.000155,0.000000,0.000000,0.001601
Q_ind_195_anc_2-1,0.000920,0.000000,0.000000,0.010841
Q_ind_196_anc_2-1,0.000213,0.000000,0.000000,0.002210
Q_ind_197_anc_2-1,0.000197,0.000000,0.000000,0.002051
Q_ind_198_anc_2-1,0.000117,0.000000,0.000000,0.001284
Q_ind_199_anc_2-1,0.000548,0.000000,0.000000,0.005717
Q_ind_200_anc_2-1,0.000254,0.000000,0.000000,0.002524
Q_ind_201_anc_2-1,0.001376,0.000001,0.000000,0.015377
Q_ind_202_anc_2-1,0.000470,0.000000,0.000000,0.005158
Q_ind_203_anc_2-1,0.003367,0.000001,0.000000,0.040397
Q_ind_204_anc_2-1,0.007677,0.000031,0.000000,0.055524
Q_ind_205_anc_2-1,0.007356,0.000026,0.000000,0.055723
Q_ind_206_anc_2-1,0.014364,0.000135,0.000000,0.075742
Q_ind_207_anc_2-1,0.020112,0.000135,0.000000,0.112014
Q_ind_208_anc_2-1,0.002088,0.000000,0.000000,0.024733
Q_ind_209_anc_2-1,0.003967,0.000004,0.000000,0.037229
Q_ind_210_anc_2-1,0.004690,0.000003,0.000000,0.045658
Q_ind_211_anc_2-1,0.012138,0.000144,0.000000,0.067393
Q_ind_212_anc_2-1,0.002155,0.000001,0.000000,0.025605
Q_ind_213_anc_2-1,0.011715,0.000051,0.000000,0.070351
Q_ind_214_anc_2-1,0.002978,0.000001,0.000000,0.035099
Q_ind_215_anc_2-1,0.006586,0.000001,0.000000,0.090549
Q_ind_216_anc_2-1,0.018509,0.000027,0.000000,0.131655
Q_ind_217_anc_2-1,0.001515,0.000001,0.000000,0.015727
Q_ind_218_anc_2-1,0.000970,0.000000,0.000000,0.011086
Q_ind_219_anc_2-1,0.016819,0.000140,0.000000,0.093408
Q_ind_220_anc_2-1,0.023803,0.000068,0.000000,0.141118
Q_ind_221_anc_2-1,0.002863,0.000002,0.000000,0.028225
Q_ind_222_anc_2-1,0.008214,0.000002,0.000000,0.088025
Q_ind_223_anc_2-1,0.030243,0.000501,0.000000,0.137626
Q_ind_224_anc_2-1,0.001331,0.000000,0.000000,0.014830
Q_ind_225_anc_2-1,0.135506,0.145832,0.000000,0.230594
Q_ind_226_anc_2-1,0.041756,0.000036,0.000000,0.247263
Q_ind_227_anc_2-1,0.026779,0.000536,0.000000,0.129485
Q_ind_228_anc_2-1,0.037182,0.001991,0.000000,0.148855
Q_ind_229_anc_2-1,0.001587,0.000000,0.000000,0.017958
Q_ind_230_anc_2-1,0.006088,0.000002,0.000000,0.059980
Q_ind_231_anc_2-1,0.003480,0.000001,0.000000,0.041054
Q_ind_232_anc_2-1,0.012243,0.000421,0.000000,0.066254
Q_ind_233_anc_2-1,0.079070,0.086024,0.000000,0.178927
Q_ind_234_anc_2-1,0.001660,0.000001,0.000000,0.017988
Q_ind_235_anc_2-1,0.000850,0.000000,0.000000,0.008849
Q_ind_236_anc_2-1,0.000479,0.000000,0.000000,0.005263
Q_ind_237_anc_2-1,0.000493,0.000000,0.000000,0.005440
Q_ind_238_anc_2-1,0.000640,0.000000,0.000000,0.007250
Q_ind_239_anc_2-1,0.000727,0.000000,0.000000,0.008272
Q_ind_240_anc_2-1,0.001193,0.000000,0.000000,0.013371
Q_ind_241_anc_2-1,0.021111,0.012227,0.000000,0.072409
Q_ind_242_anc_2-1,0.002058,0.000001,0.000000,0.020112
Q_ind_243_anc_2-1,0.001906,0.000001,0.000000,0.021177
Q_ind_244_anc_2-1,0.000741,0.000000,0.000000,0.007799
Q_ind_245_anc_2-1,0.001068,0.000000,0.000000,0.012818
Q_ind_1_anc_2-2,0.000293,0.000000,0.000000,0.003117
Q_ind_2_anc_2-2,0.000697,0.000000,0.000000,0.007343
Q_ind_3_anc_2-2,0.001462,0.000001,0.000000,0.015846
Q_ind_4_anc_2-2,0.000810,0.000000,0.000000,0.008391
Q_ind_5_anc_2-2,0.000233,0.000000,0.000000,0.002416
Q_ind_6_anc_2-2,0.001233,0.000000,0.000000,0.013786
Q_ind_7_anc_2-2,0.032766,0.031295,0.000000,0.079167
Q_ind_8_anc_2-2,0.000632,0.000000,0.000000,0.006514
Q_ind_9_anc_2-2,0.031751,0.026175,0.000000,0.099592
Q_ind_10_anc_2-2,0.000665,0.000000,0.000000,0.008018
Q_ind_11_anc_2-2,0.000592,0.000000,0.000000,0.007055
Q_ind_12_anc_2-2,0.001456,0.000001,0.000000,0.015147
Q_ind_13_anc_2-2,0.000574,0.000000,0.000000,0.006195
Q_ind_14_anc_2-2,0.000745,0.000000,0.000000,0.008874
Q_ind_15_anc_2-2,0.000624,0.000000,0.000000,0.006629
Q_ind_16_anc_2-2,0.000561,0.000000,0.000000,0.005966
Q_ind_17_anc_2-2,0.000281,0.000000,0.000000,0.003125
Q_ind_18_anc_2-2,0.000881,0.000000,0.000000,0.010280
Q_ind_19_anc_2-2,0.000238,0.000000,0.000000,0.002490
Q_ind_20_anc_2-2,0.000133,0.000000,0.000000,0.001331
Q_ind_21_anc_2-2,0.001200,0.000000,0.000000,0.013428
Q_ind_22_anc_2-2,0.000657,0.000000,0.000000,0.007050
Q_ind_23_anc_2-2,0.000909,0.000000,0.000000,0.009994
Q_ind_24_anc_2-2,0.000428,0.000000,0.000000,0.004845
Q_ind_25_anc_2-2,0.001713,0.000001,0.000000,0.015211
Q_ind_26_anc_2-2,0.000539,0.000000,0.000000,0.006158
Q_ind_27_anc_2-2,0.000637,0.000000,0.000000,0.007302
Q_ind_28_anc_2-2,0.000722,0.000000,0.000000,0.008150
Q_ind_29_anc_2-2,0.001877,0.000001,0.000000,0.019285
Q_ind_30_anc_2-2,0.000443,0.000000,0.000000,0.004384
Q_ind_31_anc_2-2,0.000270,0.000000,0.000000,0.002835
Q_ind_32_anc_2-2,0.001383,0.000001,0.000000,0.013713
Q_ind_33_anc_2-2,0.000537,0.000000,0.000000,0.006111
Q_ind_34_anc_2-2,0.000721,0.000000,0.000000,0.007824
Q_ind_35_anc_2-2,0.002251,0.000006,0.000000,0.017794
Q_ind_36_anc_2-2,0.000348,0.000000,0.000000,0.003718
Q_ind_37_anc_2-2,0.000461,0.000000,0.000000,0.004770
Q_ind_38_anc_2-2,0.000224,0.000000,0.000000,0.002438
Q_ind_39_anc_2-2,0.000201,0.000000,0.000000,0.002287
Q_ind_40_anc_2-2,0.001129,0.000000,0.000000,0.012846
Q_ind_41_anc_2-2,0.000405,0.000000,0.000000,0.004670
Q_ind_42_anc_2-2,0.001698,0.000001,0.000000,0.017054
Q_ind_43_anc_2-2,0.001399,0.000001,0.000000,0.013443
Q_ind_44_anc_2-2,0.000996,0.000000,0.000000,0.010914
Q_ind_45_anc_2-2,0.003546,0.000014,0.000000,0.025513
Q_ind_46_anc_2-2,0.000280,0.000000,0.000000,0.003101
Q_ind_47_anc_2-2,0.001024,0.000000,0.000000,0.011112
Q_ind_48_anc_2-2,0.002129,0.000002,0.000000,0.019621
Q_ind_49_anc_2-2,0.001830,0.000001,0.000000,0.017575
Q_ind_50_anc_2-2,0.001670,0.000004,0.000000,0.012410
Q_ind_51_anc_2-2,0.000809,0.000001,0.000000,0.007257
Q_ind_52_anc_2-2,0.000297,0.000000,0.000000,0.003305
Q_ind_53_anc_2-2,0.000454,0.000000,0.000000,0.004570
Q_ind_54_anc_2-2,0.000354,0.000000,0.000000,0.003790
Q_ind_55_anc_2-2,0.000206,0.000000,0.000000,0.002443
Q_ind_56_anc_2-2,0.000976,0.000002,0.000000,0.008331
Q_ind_57_anc_2-2,0.000219,0.000000,0.000000,0.002551
Q_ind_58_anc_2-2,0.000312,0.000000,0.000000,0.003369
Q_ind_59_anc_2-2,0.000475,0.000000,0.000000,0.005865
Q_ind_60_anc_2-2,0.000188,0.000000,0.000000,0.002076
Q_ind_61_anc_2-2,0.000359,0.000000,0.000000,0.003900
Q_ind_62_anc_2-2,0.000923,0.000000,0.000000,0.009711
Q_ind_63_anc_2-2,0.981026,0.981250,0.957153,0.999608
Q_ind_64_anc_2-2,0.995099,0.997336,0.978656,0.999987
Q_ind_65_anc_2-2,0.990076,0.992075,0.969079,0.999933
Q_ind_66_anc_2-2,0.994814,0.996680,0.979433,0.999977
Q_ind_67_anc_2-2,0.750244,0.750179,0.674759,0.828297
Q_ind_68_anc_2-2,0.000318,0.000000,0.000000,0.003656
Q_ind_69_anc_2-2,0.000253,0.000000,0.000000,0.002632
Q_ind_70_anc_2-2,0.000203,0.000000,0.000000,0.002054
Q_ind_71_anc_2-2,0.000270,0.000000,0.000000,0.003092
Q_ind_72_anc_2-2,0.002079,0.000010,0.000000,0.015326
Q_ind_73_anc_2-2,0.000410,0.000000,0.000000,0.004819
Q_ind_74_anc_2-2,0.000459,0.000000,0.000000,0.005035
Q_ind_75_anc_2-2,0.000257,0.000000,0.000000,0.002997
Q_ind_76_anc_2-2,0.000357,0.000000,0.000000,0.003842
Q_ind_77_anc_2-2,0.000584,0.000000,0.000000,0.006686
Q_ind_78_anc_2-2,0.002829,0.000003,0.000000,0.028364
Q_ind_79_anc_2-2,0.000311,0.000000,0.000000,0.003658
Q_ind_80_anc_2-2,0.001617,0.000001,0.000000,0.015327
Q_ind_81_anc_2-2,0.000833,0.000000,0.000000,0.009709
Q_ind_82_anc_2-2,0.006546,0.000038,0.000000,0.044160
Q_ind_83_anc_2-2,0.002161,0.000001,0.000000,0.022606
Q_ind_84_anc_2-2,0.001126,0.000000,0.000000,0.012773
Q_ind_85_anc_2-2,0.000975,0.000000,0.000000,0.010835
Q_ind_86_anc_2-2,0.001494,0.000001,0.000000,0.016153
Q_ind_87_anc_2-2,0.002646,0.000001,0.000000,0.032547
Q_ind_88_anc_2-2,0.196479,0.195118,0.129290,0.269837
Q_ind_89_anc_2-2,0.198562,0.199292,0.132185,0.262864
Q_ind_90_anc_2-2,0.204268,0.203829,0.126276,0.281261
Q_ind_91_anc_2-2,0.146900,0.146966,0.079299,0.214130
Q_ind_92_anc_2-2,0.226064,0.227628,0.140534,0.301658
Q_ind_93_anc_2-2,0.150597,0.149759,0.087033,0.222317
Q_ind_94_anc_2-2,0.000580,0.000000,0.000000,0.006027
Q_ind_95_anc_2-2,0.130301,0.130678,0.047147,0.214632
Q_ind_96_anc_2-2,0.000697,0.000000,0.000000,0.008240
Q_ind_97_anc_2-2,0.001534,0.000001,0.000000,0.015341
Q_ind_98_anc_2-2,0.000112,0.000000,0.000000,0.001222
Q_ind_99_anc_2-2,0.000135,0.000000,0.000000,0.001505
Q_ind_100_anc_2-2,0.002282,0.000004,0.000000,0.019075
Q_ind_101_anc_2-2,0.000673,0.000000,0.000000,0.006954
Q_ind_102_anc_2-2,0.000306,0.000000,0.000000,0.003256
Q_ind_103_anc_2-2,0.001753,0.000002,0.000000,0.017838
Q_ind_104_anc_2-2,0.000473,0.000000,0.000000,0.005375
Q_ind_105_anc_2-2,0.000113,0.000000,0.000000,0.001208
Q_ind_106_anc_2-2,0.003577,0.000012,0.000000,0.024443
Q_ind_107_anc_2-2,0.000477,0.000000,0.000000,0.005579
Q_ind_108_anc_2-2,0.001153,0.000001,0.000000,0.012312
Q_ind_109_anc_2-2,0.000676,0.000000,0.000000,0.007888
Q_ind_110_anc_2-2,0.001314,0.000002,0.000000,0.011540
Q_ind_111_anc_2-2,0.000691,0.000000,0.000000,0.007848
Q_ind_112_anc_2-2,0.000521,0.000000,0.000000,0.005414
Q_ind_113_anc_2-2,0.001136,0.000000,0.000000,0.011779
Q_ind_114_anc_2-2,0.001989,0.000002,0.000000,0.018409
Q_ind_115_anc_2-2,0.020017,0.020205,0.000000,0.052045
Q_ind_116_anc_2-2,0.000580,0.000000,0.000000,0.006112
Q_ind_117_anc_2-2,0.000907,0.000000,0.000000,0.010336
Q_ind_118_anc_2-2,0.000479,0.000000,0.000000,0.005364
Q_ind_119_anc_2-2,0.003148,0.000014,0.000000,0.022580
Q_ind_120_anc_2-2,0.000604,0.000000,0.000000,0.006472
Q_ind_121_anc_2-2,0.001397,0.000001,0.000000,0.013771
Q_ind_122_anc_2-2,0.000818,0.000000,0.000000,0.009107
Q_ind_123_anc_2-2,0.002463,0.000004,0.000000,0.019375
Q_ind_124_anc_2-2,0.000455,0.000000,0.000000,0.005037
Q_ind_125_anc_2-2,0.001127,0.000000,0.000000,0.012733
Q_ind_126_anc_2-2,0.003340,0.000002,0.000000,0.035542
Q_ind_127_anc_2-2,0.001301,0.000001,0.000000,0.014399
Q_ind_128_anc_2-2,0.001532,0.000001,0.000000,0.016170
Q_ind_129_anc_2-2,0.005208,0.000008,0.000000,0.037889
Q_ind_130_anc_2-2,0.001378,0.000001,0.000000,0.015300
Q_ind_131_anc_2-2,0.000200,0.000000,0.000000,0.002244
Q_ind_132_anc_2-2,0.000094,0.000000,0.000000,0.001076
Q_ind_133_anc_2-2,0.000616,0.000000,0.000000,0.006645
Q_ind_134_anc_2-2,0.000250,0.000000,0.000000,0.002756
Q_ind_135_anc_2-2,0.000588,0.000000,0.000000,0.006737
Q_ind_136_anc_2-2,0.000472,0.000000,0.000000,0.005204
Q_ind_137_anc_2-2,0.000984,0.000000,0.000000,0.010019
Q_ind_138_anc_2-2,0.000118,0.000000,0.000000,0.001336
Q_ind_139_anc_2-2,0.000237,0.000000,0.000000,0.002707
Q_ind_140_anc_2-2,0.001768,0.000002,0.000000,0.016469
Q_ind_141_anc_2-2,0.000800,0.000000,0.000000,0.008454
Q_ind_142_anc_2-2,0.000103,0.000000,0.000000,0.001136
Q_ind_143_anc_2-2,0.000617,0.000000,0.000000,0.006605
Q_ind_144_anc_2-2,0.000271,0.000000,0.000000,0.003194
Q_ind_145_anc_2-2,0.993228,0.995658,0.974741,0.999974
Q_ind_146_anc_2-2,0.956972,0.958335,0.921043,0.983098
Q_ind_147_anc_2-2,0.984023,0.985621,0.960101,0.999721
Q_ind_148_anc_2-2,0.952004,0.952867,0.924043,0.975169
Q_ind_149_anc_2-2,0.698727,0.699164,0.638338,0.755802
Q_ind_150_anc_2-2,0.987185,0.988920,0.964154,0.999902
Q_ind_151_anc_2-2,0.972856,0.973515,0.946368,0.996807
Q_ind_152_anc_2-2,0.993322,0.995269,0.976646,0.999972
Q_ind_153_anc_2-2,0.992775,0.995064,0.973819,0.999971
Q_ind_154_anc_2-2,0.980333,0.981296,0.953998,0.999320
Q_ind_155_anc_2-2,0.000467,0.000000,0.000000,0.005376
Q_ind_156_anc_2-2,0.007034,0.000029,0.000000,0.053012
Q_ind_157_anc_2-2,0.017685,0.001346,0.000000,0.082035
Q_ind_158_anc_2-2,0.003380,0.000002,0.000000,0.033275
Q_ind_159_anc_2-2,0.003017,0.000002,0.000000,0.028688
Q_ind_160_anc_2-2,0.006927,0.000011,0.000000,0.059133
Q_ind_161_anc_2-2,0.000619,0.000000,0.000000,0.007165
Q_ind_162_anc_2-2,0.006612,0.000013,0.000000,0.054545
Q_ind_163_anc_2-2,0.002402,0.000001,0.000000,0.027445
Q_ind_164_anc_2-2,0.003534,0.000007,0.000000,0.032624
Q_ind_165_anc_2-2,0.007099,0.000151,0.000000,0.038169
Q_ind_166_anc_2-2,0.001261,0.000001,0.000000,0.011952
Q_ind_167_anc_2-2,0.001741,0.000001,0.000000,0.016913
Q_ind_168_anc_2-2,0.000202,0.000000,0.000000,0.002154
Q_ind_169_anc_2-2,0.000111,0.000000,0.000000,0.001222
Q_ind_170_anc_2-2,0.001378,0.000001,0.000000,0.014711
Q_ind_171_anc_2-2,0.004371,0.000002,0.000000,0.040826
Q_ind_172_anc_2-2,0.000632,0.000000,0.000000,0.006251
Q_ind_173_anc_2-2,0.000211,0.000000,0.000000,0.002296
Q_ind_174_anc_2-2,0.000538,0.000000,0.000000,0.005960
Q_ind_175_anc_2-2,0.000130,0.000000,0.000000,0.001402
Q_ind_176_anc_2-2,0.000377,0.000000,0.000000,0.004203
Q_ind_177_anc_2-2,0.004453,0.000002,0.000000,0.048580
Q_ind_178_anc_2-2,0.095078,0.096389,0.000557,0.161278
Q_ind_179_anc_2-2,0.014171,0.000610,0.000000,0.070287
Q_ind_180_anc_2-2,0.216527,0.215627,0.153690,0.282374
Q_ind_181_anc_2-2,0.002552,0.000001,0.000000,0.026472
Q_ind_182_anc_2-2,0.006339,0.000012,0.000000,0.056818
Q_ind_183_anc_2-2,0.109266,0.109240,0.044905,0.170739
Q_ind_184_anc_2-2,0.001792,0.000001,0.000000,0.017786
Q_ind_185_anc_2-2,0.000472,0.000000,0.000000,0.005513
Q_ind_186_anc_2-2,0.000665,0.000000,0.000000,0.007199
Q_ind_187_anc_2-2,0.000145,0.000000,0.000000,0.001602
Q_ind_188_anc_2-2,0.000196,0.000000,0.000000,0.002097
Q_ind_189_anc_2-2,0.000431,0.000000,0.000000,0.005151
Q_ind_190_anc_2-2,0.000757,0.000001,0.000000,0.007573
Q_ind_191_anc_2-2,0.000242,0.000000,0.000000,0.002634
Q_ind_192_anc_2-2,0.000252,0.000000,0.000000,0.002803
Q_ind_193_anc_2-2,0.000469,0.000000,0.000000,0.005522
Q_ind_194_anc_2-2,0.000158,0.000000,0.000000,0.001624
Q_ind_195_anc_2-2,0.000446,0.000000,0.000000,0.005255
Q_ind_196_anc_2-2,0.000383,0.000000,0.000000,0.004360
Q_ind_197_anc_2-2,0.000249,0.000000,0.000000,0.002626
Q_ind_198_anc_2-2,0.000173,0.000000,0.000000,0.001896
Q_ind_199_anc_2-2,0.000343,0.000000,0.000000,0.003968
Q_ind_200_anc_2-2,0.000285,0.000000,0.000000,0.003121
Q_ind_201_anc_2-2,0.000135,0.000000,0.000000,0.001479
Q_ind_202_anc_2-2,0.000510,0.000000,0.000000,0.005326
Q_ind_203_anc_2-2,0.000868,0.000000,0.000000,0.008806
Q_ind_204_anc_2-2,0.000677,0.000000,0.000000,0.007919
Q_ind_205_anc_2-2,0.008382,0.000244,0.000000,0.042354
Q_ind_206_anc_2-2,0.008020,0.000215,0.000000,0.043681
Q_ind_207_anc_2-2,0.001720,0.000001,0.000000,0.018892
Q_ind_208_anc_2-2,0.000190,0.000000,0.000000,0.002135
Q_ind_209_anc_2-2,0.022315,0.021934,0.000000,0.051715
Q_ind_210_anc_2-2,0.001411,0.000001,0.000000,0.015707
Q_ind_211_anc_2-2,0.002066,0.000001,0.000000,0.023457
Q_ind_212_anc_2-2,0.000131,0.000000,0.000000,0.001423
Q_ind_213_anc_2-2,0.000445,0.000000,0.000000,0.004958
Q_ind_214_anc_2-2,0.000333,0.000000,0.000000,0.003453
Q_ind_215_anc_2-2,0.000321,0.000000,0.000000,0.003578
Q_ind_216_anc_2-2,0.002391,0.000003,0.000000,0.020673
Q_ind_217_anc_2-2,0.000189,0.000000,0.000000,0.002321
Q_ind_218_anc_2-2,0.000156,0.000000,0.000000,0.001656
Q_ind_219_anc_2-2,0.000592,0.000000,0.000000,0.006614
Q_ind_220_anc_2-2,0.000333,0.000000,0.000000,0.003592
Q_ind_221_anc_2-2,0.000234,0.000000,0.000000,0.002360
Q_ind_222_anc_2-2,0.000516,0.000000,0.000000,0.005424
Q_ind_223_anc_2-2,0.000176,0.000000,0.000000,0.002013
Q_ind_224_anc_2-2,0.000137,0.000000,0.000000,0.001518
Q_ind_225_anc_2-2,0.002389,0.000000,0.000000,0.027742
Q_ind_226_anc_2-2,0.000292,0.000000,0.000000,0.003102
Q_ind_227_anc_2-2,0.029115,0.029528,0.000000,0.074840
Q_ind_228_anc_2-2,0.012404,0.004712,0.000000,0.053223
Q_ind_229_anc_2-2,0.003483,0.000002,0.000000,0.034385
Q_ind_230_anc_2-2,0.015987,0.004543,0.000000,0.063008
Q_ind_231_anc_2-2,0.000248,0.000000,0.000000,0.002387
Q_ind_232_anc_2-2,0.001143,0.000001,0.000000,0.012621
Q_ind_233_anc_2-2,0.005724,0.000005,0.000000,0.048542
Q_ind_234_anc_2-2,0.001822,0.000004,0.000000,0.014532
Q_ind_235_anc_2-2,0.000377,0.000000,0.000000,0.004197
Q_ind_236_anc_2-2,0.000206,0.000000,0.000000,0.002246
Q_ind_237_anc_2-2,0.000247,0.000000,0.000000,0.002725
Q_ind_238_anc_2-2,0.000218,0.000000,0.000000,0.002335
Q_ind_239_anc_2-2,0.000220,0.000000,0.000000,0.002454
Q_ind_240_anc_2-2,0.000217,0.000000,0.000000,0.002434
Q_ind_241_anc_2-2,0.000378,0.000000,0.000000,0.004288
Q_ind_242_anc_2-2,0.001061,0.000001,0.000000,0.010695
Q_ind_243_anc_2-2,0.000141,0.000000,0.000000,0.001534
Q_ind_244_anc_2-2,0.000710,0.000000,0.000000,0.008212
Q_ind_245_anc_2-2,0.000202,0.000000,0.000000,0.002208
Q_ind_1_anc_3-1,0.002525,0.000001,0.000000,0.025775
Q_ind_2_anc_3-1,0.001514,0.000000,0.000000,0.016960
Q_ind_3_anc_3-1,0.001127,0.000000,0.000000,0.011825
Q_ind_4_anc_3-1,0.001959,0.000001,0.000000,0.021330
Q_ind_5_anc_3-1,0.037168,0.032522,0.000000,0.112429
Q_ind_6_anc_3-1,0.001944,0.000001,0.000000,0.020581
Q_ind_7_anc_3-1,0.000429,0.000000,0.000000,0.005118
Q_ind_8_anc_3-1,0.001979,0.000001,0.000000,0.019404
Q_ind_9_anc_3-1,0.000516,0.000000,0.000000,0.005348
Q_ind_10_anc_3-1,0.000521,0.000000,0.000000,0.006547
Q_ind_11_anc_3-1,0.001276,0.000001,0.000000,0.014219
Q_ind_12_anc_3-1,0.002645,0.000001,0.000000,0.033612
Q_ind_13_anc_3-1,0.101990,0.104719,0.000000,0.204478
Q_ind_14_anc_3-1,0.003817,0.000001,0.000000,0.041481
Q_ind_15_anc_3-1,0.009056,0.000011,0.000000,0.073385
Q_ind_16_anc_3-1,0.007732,0.000005,0.000000,0.077152
Q_ind_17_anc_3-1,0.052057,0.048303,0.000000,0.155197
Q_ind_18_anc_3-1,0.062643,0.046708,0.000000,0.196424
Q_ind_19_anc_3-1,0.006397,0.000013,0.000000,0.049332
Q_ind_20_anc_3-1,0.187250,0.186382,0.108358,0.275303
Q_ind_21_anc_3-1,0.003297,0.000001,0.000000,0.037763
Q_ind_22_anc_3-1,0.011083,0.000054,0.000000,0.063887
Q_ind_23_anc_3-1,0.001859,0.000001,0.000000,0.019303
Q_ind_24_anc_3-1,0.022397,0.000770,0.000000,0.100460
Q_ind_25_anc_3-1,0.008901,0.000046,0.000000,0.060223
Q_ind_26_anc_3-1,0.001259,0.000000,0.000000,0.014734
Q_ind_27_anc_3-1,0.002297,0.000001,0.000000,0.023122
Q_ind_28_anc_3-1,0.002575,0.000001,0.000000,0.029126
Q_ind_29_anc_3-1,0.009519,0.000060,0.000000,0.064363
Q_ind_30_anc_3-1,0.003790,0.000004,0.000000,0.036639
Q_ind_31_anc_3-1,0.178947,0.179402,0.106321,0.249551
Q_ind_32_anc_3-1,0.107663,0.115798,0.000000,0.260725
Q_ind_33_anc_3-1,0.153118,0.152783,0.060385,0.239942
Q_ind_34_anc_3-1,0.161016,0.159961,0.071363,0.255694
Q_ind_35_anc_3-1,0.191471,0.192096,0.102434,0.276399
Q_ind_36_anc_3-1,0.172892,0.173942,0.085562,0.253241
Q_ind_37_anc_3-1,0.209465,0.209499,0.131729,0.287228
Q_ind_38_anc_3-1,0.171357,0.170953,0.091905,0.251194
Q_ind_39_anc_3-1,0.391275,0.395870,0.271638,0.486660
Q_ind_40_anc_3-1,0.167028,0.180904,0.000000,0.296190
Q_ind_41_anc_3-1,0.160089,0.161537,0.071644,0.248581
Q_ind_42_anc_3-1,0.001296,0.000000,0.000000,0.014776
Q_ind_43_anc_3-1,0.009139,0.000007,0.000000,0.079918
Q_ind_44_anc_3-1,0.001871,0.000001,0.000000,0.021734
Q_ind_45_anc_3-1,0.000870,0.000000,0.000000,0.009911
Q_ind_46_anc_3-1,0.002427,0.000001,0.000000,0.025901
Q_ind_47_anc_3-1,0.005200,0.000002,0.000000,0.055422
Q_ind_48_anc_3-1,0.003174,0.000003,0.000000,0.029581
Q_ind_49_anc_3-1,0.001314,0.000001,0.000000,0.015318
Q_ind_50_anc_3-1,0.001456,0.000000,0.000000,0.017133
Q_ind_51_anc_3-1,0.002131,0.000001,0.000000,0.022275
Q_ind_52_anc_3-1,0.000948,0.000000,0.000000,0.010609
Q_ind_53_anc_3-1,0.001291,0.000001,0.000000,0.013748
Q_ind_54_anc_3-1,0.010826,0.000056,0.000000,0.072805
Q_ind_55_anc_3-1,0.001984,0.000001,0.000000,0.020639
Q_ind_56_anc_3-1,0.002432,0.000001,0.000000,0.026103
Q_ind_57_anc_3-1,0.124818,0.125818,0.043697,0.207493
Q_ind_58_anc_3-1,0.001864,0.000001,0.000000,0.020106
Q_ind_59_anc_3-1,0.005863,0.000003,0.000000,0.053025
Q_ind_60_anc_3-1,0.003154,0.000002,0.000000,0.032108
Q_ind_61_anc_3-1,0.010843,0.000042,0.000000,0.073445
Q_ind_62_anc_3-1,0.005830,0.000007,0.000000,0.050990
Q_ind_63_anc_3-1,0.000455,0.000000,0.000000,0.005399
Q_ind_64_anc_3-1,0.000204,0.000000,0.000000,0.002183
Q_ind_65_anc_3-1,0.000680,0.000000,0.000000,0.007794
Q_ind_66_anc_3-1,0.000458,0.000000,0.000000,0.004922
Q_ind_67_anc_3-1,0.000378,0.000000,0.000000,0.004318
Q_ind_68_anc_3-1,0.001796,0.000001,0.000000,0.018762
Q_ind_69_anc_3-1,0.004823,0.000003,0.000000,0.053427
Q_ind_70_anc_3-1,0.093315,0.103022,0.000000,0.202445
Q_ind_71_anc_3-1,0.001980,0.000001,0.000000,0.024434
Q_ind_72_anc_3-1,0.003472,0.000001,0.000000,0.041237
Q_ind_73_anc_3-1,0.013911,0.000038,0.000000,0.096652
Q_ind_74_anc_3-1,0.034867,0.003810,0.000000,0.163926
Q_ind_75_anc_3-1,0.001655,0.000000,0.000000,0.020363
Q_ind_76_anc_3-1,0.001912,0.000001,0.000000,0.020548
Q_ind_77_anc_3-1,0.000924,0.000000,0.000000,0.009144
Q_ind_78_anc_3-1,0.000759,0.000000,0.000000,0.007191
Q_ind_79_anc_3-1,0.001337,0.000000,0.000000,0.013364
Q_ind_80_anc_3-1,0.000743,0.000000,0.000000,0.008072
Q_ind_81_anc_3-1,0.004032,0.000002,0.000000,0.040212
Q_ind_82_anc_3-1,0.001519,0.000001,0.000000,0.015334
Q_ind_83_anc_3-1,0.001028,0.000001,0.000000,0.011473
Q_ind_84_anc_3-1,0.000900,0.000000,0.000000,0.010365
Q_ind_85_anc_3-1,0.001666,0.000001,0.000000,0.017917
Q_ind_86_anc_3-1,0.001304,0.000000,0.000000,0.013995
Q_ind_87_anc_3-1,0.002994,0.000002,0.000000,0.031001
Q_ind_88_anc_3-1,0.003578,0.000001,0.000000,0.039614
Q_ind_89_anc_3-1,0.003861,0.000001,0.000000,0.038950
Q_ind_90_anc_3-1,0.005665,0.000003,0.000000,0.065092
Q_ind_91_anc_3-1,0.050256,0.005680,0.000000,0.208751
Q_ind_92_anc_3-1,0.090015,0.019061,0.000000,0.351997
Q_ind_93_anc_3-1,0.055473,0.010944,0.000000,0.219756
Q_ind_94_anc_3-1,0.270201,0.287940,0.036474,0.370999
Q_ind_95_anc_3-1,0.092444,0.060314,0.000000,0.283965
Q_ind_96_anc_3-1,0.000817,0.000000,0.000000,0.009508
Q_ind_97_anc_3-1,0.003378,0.000003,0.000000,0.029516
Q_ind_98_anc_3-1,0.107760,0.106979,0.045753,0.176322
Q_ind_99_anc_3-1,0.229608,0.228641,0.149023,0.309725
Q_ind_100_anc_3-1,0.000759,0.000000,0.000000,0.008318
Q_ind_101_anc_3-1,0.000496,0.000000,0.000000,0.005628
Q_ind_102_anc_3-1,0.000400,0.000000,0.000000,0.004198
Q_ind_103_anc_3-1,0.000636,0.000000,0.000000,0.007088
Q_ind_104_anc_3-1,0.000348,0.000000,0.000000,0.004028
Q_ind_105_anc_3-1,0.172888,0.172687,0.104813,0.244753
Q_ind_106_anc_3-1,0.002463,0.000001,0.000000,0.027972
Q_ind_107_anc_3-1,0.267551,0.272224,0.130979,0.370632
Q_ind_108_anc_3-1,0.240610,0.252618,0.055277,0.369029
Q_ind_109_anc_3-1,0.186408,0.211080,0.000000,0.394483
Q_ind_110_anc_3-1,0.008550,0.000006,0.000000,0.075201
Q_ind_111_anc_3-1,0.294354,0.300259,0.138180,0.417426
Q_ind_112_anc_3-1,0.021732,0.000020,0.000000,0.174784
Q_ind_113_anc_3-1,0.166682,0.186264,0.000000,0.314527
Q_ind_114_anc_3-1,0.084341,0.013835,0.000000,0.342612
Q_ind_115_anc_3-1,0.001929,0.000000,0.000000,0.021473
Q_ind_116_anc_3-1,0.001134,0.000000,0.000000,0.014441
Q_ind_117_anc_3-1,0.001419,0.000001,0.000000,0.015683
Q_ind_118_anc_3-1,0.002368,0.000001,0.000000,0.025047
Q_ind_119_anc_3-1,0.000992,0.000000,0.000000,0.011853
Q_ind_120_anc_3-1,0.000877,0.000000,0.000000,0.009288
Q_ind_121_anc_3-1,0.002571,0.000001,0.000000,0.027517
Q_ind_122_anc_3-1,0.000838,0.000000,0.000000,0.009375
Q_ind_123_anc_3-1,0.000675,0.000000,0.000000,0.008584
Q_ind_124_anc_3-1,0.174658,0.174575,0.087850,0.259896
Q_ind_125_anc_3-1,0.001261,0.000000,0.000000,0.014371
Q_ind_126_anc_3-1,0.008901,0.000010,0.000000,0.072331
Q_ind_127_anc_3-1,0.007663,0.000006,0.000000,0.068362
Q_ind_128_anc_3-1,0.015521,0.000222,0.000000,0.093438
Q_ind_129_anc_3-1,0.003162,0.000002,0.000000,0.031388
Q_ind_130_anc_3-1,0.013406,0.000037,0.000000,0.085565
Q_ind_131_anc_3-1,0.000811,0.000000,0.000000,0.009317
Q_ind_132_anc_3-1,0.006294,0.000005,0.000000,0.056118
Q_ind_133_anc_3-1,0.002929,0.000003,0.000000,0.028434
Q_ind_134_anc_3-1,0.019282,0.000388,0.000000,0.090528
Q_ind_135_anc_3-1,0.010684,0.000053,0.000000,0.067039
Q_ind_136_anc_3-1,0.012189,0.000113,0.000000,0.076671
Q_ind_137_anc_3-1,0.053620,0.056812,0.000000,0.118077
Q_ind_138_anc_3-1,0.003558,0.000000,0.000000,0.054824
Q_ind_139_anc_3-1,0.008591,0.000003,0.000000,0.103115
Q_ind_140_anc_3-1,0.002677,0.000001,0.000000,0.027716
Q_ind_141_anc_3-1,0.061713,0.069211,0.000000,0.128541
Q_ind_142_anc_3-1,0.000885,0.000000,0.000000,0.010485
Q_ind_143_anc_3-1,0.016610,0.000044,0.000000,0.098669
Q_ind_144_anc_3-1,0.011635,0.000031,0.000000,0.072560
Q_ind_145_anc_3-1,0.000385,0.000000,0.000000,0.004396
Q_ind_146_anc_3-1,0.001027,0.000000,0.000000,0.011818
Q_ind_147_anc_3-1,0.001108,0.000000,0.000000,0.011472
Q_ind_148_anc_3-1,0.001602,0.000001,0.000000,0.017822
Q_ind_149_anc_3-1,0.000771,0.000000,0.000000,0.008195
Q_ind_150_anc_3-1,0.001812,0.000001,0.000000,0.018046
Q_ind_151_anc_3-1,0.002006,0.000002,0.000000,0.018800
Q_ind_152_anc_3-1,0.000453,0.000000,0.000000,0.005034
Q_ind_153_anc_3-1,0.000641,0.000000,0.000000,0.007004
Q_ind_154_anc_3-1,0.002148,0.000002,0.000000,0.019249
Q_ind_155_anc_3-1,0.002384,0.000001,0.000000,0.024952
Q_ind_156_anc_3-1,0.000763,0.000000,0.000000,0.008822
Q_ind_157_anc_3-1,0.002792,0.000001,0.000000,0.031262
Q_ind_158_anc_3-1,0.000835,0.000000,0.000000,0.009733
Q_ind_159_anc_3-1,0.000829,0.000000,0.000000,0.008424
Q_ind_160_anc_3-1,0.000882,0.000000,0.000000,0.009655
Q_ind_161_anc_3-1,0.002920,0.000001,0.000000,0.028885
Q_ind_162_anc_3-1,0.000834,0.000000,0.000000,0.009622
Q_ind_163_anc_3-1,0.000444,0.000000,0.000000,0.005268
Q_ind_164_anc_3-1,0.001112,0.000000,0.000000,0.012546
Q_ind_165_anc_3-1,0.055528,0.054716,0.000000,0.153033
Q_ind_166_anc_3-1,0.018392,0.000505,0.000000,0.097700
Q_ind_167_anc_3-1,0.024141,0.001010,0.000000,0.114839
Q_ind_168_anc_3-1,0.001601,0.000001,0.000000,0.018493
Q_ind_169_anc_3-1,0.004758,0.000002,0.000000,0.050469
Q_ind_170_anc_3-1,0.001742,0.000001,0.000000,0.016005
Q_ind_171_anc_3-1,0.001533,0.000000,0.000000,0.018205
Q_ind_172_anc_3-1,0.001775,0.000001,0.000000,0.022063
Q_ind_173_anc_3-1,0.001809,0.000001,0.000000,0.020992
Q_ind_174_anc_3-1,0.001082,0.000000,0.000000,0.011950
Q_ind_175_anc_3-1,0.001568,0.000001,0.000000,0.016490
Q_ind_176_anc_3-1,0.093894,0.108637,0.000000,0.194911
Q_ind_177_anc_3-1,0.000802,0.000000,0.000000,0.008460
Q_ind_178_anc_3-1,0.000751,0.000000,0.000000,0.008284
Q_ind_179_anc_3-1,0.000768,0.000000,0.000000,0.009419
Q_ind_180_anc_3-1,0.000508,0.000000,0.000000,0.005371
Q_ind_181_anc_3-1,0.033173,0.000279,0.000000,0.159342
Q_ind_182_anc_3-1,0.000870,0.000000,0.000000,0.009578
Q_ind_183_anc_3-1,0.000896,0.000000,0.000000,0.009936
Q_ind_184_anc_3-1,0.009094,0.000017,0.000000,0.064759
Q_ind_185_anc_3-1,0.008894,0.000011,0.000000,0.074590
Q_ind_186_anc_3-1,0.001720,0.000001,0.000000,0.018094
Q_ind_187_anc_3-1,0.004777,0.000001,0.000000,0.055298
Q_ind_188_anc_3-1,0.004708,0.000003,0.000000,0.043880
Q_ind_189_anc_3-1,0.005351,0.000006,0.000000,0.047992
Q_ind_190_anc_3-1,0.092753,0.104664,0.000000,0.216491
Q_ind_191_anc_3-1,0.002283,0.000001,0.000000,0.024932
Q_ind_192_anc_3-1,0.057715,0.059288,0.000000,0.131858
Q_ind_193_anc_3-1,0.001360,0.000000,0.000000,0.015280
Q_ind_194_anc_3-1,0.000256,0.000000,0.000000,0.002954
Q_ind_195_anc_3-1,0.000755,0.000000,0.000000,0.007839
Q_ind_196_anc_3-1,0.000297,0.000000,0.000000,0.003238
Q_ind_197_anc_3-1,0.000429,0.000000,0.000000,0.004626
Q_ind_198_anc_3-1,0.000203,0.000000,0.000000,0.002284
Q_ind_199_anc_3-1,0.001140,0.000000,0.000000,0.013086
Q_ind_200_anc_3-1,0.000376,0.000000,0.000000,0.004087
Q_ind_201_anc_3-1,0.513448,0.514655,0.412005,0.612303
Q_ind_202_anc_3-1,0.000566,0.000000,0.000000,0.006771
Q_ind_203_anc_3-1,0.006819,0.000006,0.000000,0.064728
Q_ind_204_anc_3-1,0.004600,0.000001,0.000000,0.053511
Q_ind_205_anc_3-1,0.005855,0.000004,0.000000,0.060381
Q_ind_206_anc_3-1,0.008288,0.000004,0.000000,0.078011
Q_ind_207_anc_3-1,0.005832,0.000002,0.000000,0.065559
Q_ind_208_anc_3-1,0.253834,0.253908,0.185719,0.321313
Q_ind_209_anc_3-1,0.006037,0.000006,0.000000,0.056552
Q_ind_210_anc_3-1,0.187548,0.188166,0.098192,0.271132
Q_ind_211_anc_3-1,0.005718,0.000002,0.000000,0.065307
Q_ind_212_anc_3-1,0.608523,0.608291,0.516755,0.699896
Q_ind_213_anc_3-1,0.115318,0.139839,0.000000,0.227910
Q_ind_214_anc_3-1,0.002463,0.000001,0.000000,0.028730
Q_ind_215_anc_3-1,0.003023,0.000001,0.000000,0.033545
Q_ind_216_anc_3-1,0.067544,0.042326,0.000000,0.196225
Q_ind_217_anc_3-1,0.008826,0.000005,0.000000,0.095059
Q_ind_218_anc_3-1,0.001562,0.000000,0.000000,0.017307
Q_ind_219_anc_3-1,0.024463,0.000030,0.000000,0.190242
Q_ind_220_anc_3-1,0.087653,0.097300,0.000000,0.209793
Q_ind_221_anc_3-1,0.107738,0.108769,0.000000,0.257752
Q_ind_222_anc_3-1,0.102932,0.133318,0.000000,0.230548
Q_ind_223_anc_3-1,0.483257,0.489758,0.357440,0.579938
Q_ind_224_anc_3-1,0.519464,0.520534,0.409735,0.613949
Q_ind_225_anc_3-1,0.188848,0.208412,0.000000,0.441568
Q_ind_226_anc_3-1,0.440842,0.464031,0.226568,0.559139
Q_ind_227_anc_3-1,0.182543,0.206299,0.000000,0.368464
Q_ind_228_anc_3-1,0.181600,0.182980,0.026031,0.347139
Q_ind_229_anc_3-1,0.298341,0.290985,0.108352,0.490427
Q_ind_230_anc_3-1,0.475906,0.482915,0.340430,0.576517
Q_ind_231_anc_3-1,0.517961,0.516297,0.434701,0.609823
Q_ind_232_anc_3-1,0.542488,0.536449,0.402219,0.694060
Q_ind_233_anc_3-1,0.286121,0.284839,0.114525,0.445049
Q_ind_234_anc_3-1,0.001372,0.000000,0.000000,0.013829
Q_ind_235_anc_3-1,0.001689,0.000001,0.000000,0.017053
Q_ind_236_anc_3-1,0.002372,0.000001,0.000000,0.026418
Q_ind_237_anc_3-1,0.001570,0.000001,0.000000,0.016216
Q_ind_238_anc_3-1,0.013855,0.000171,0.000000,0.077153
Q_ind_239_anc_3-1,0.001512,0.000001,0.000000,0.015137
Q_ind_240_anc_3-1,0.047511,0.046830,0.000000,0.129301
Q_ind_241_anc_3-1,0.001434,0.000001,0.000000,0.015331
Q_ind_242_anc_3-1,0.002011,0.000001,0.000000,0.021649
Q_ind_243_anc_3-1,0.119976,0.119443,0.051290,0.190929
Q_ind_244_anc_3-1,0.000786,0.000000,0.000000,0.009088
Q_ind_245_anc_3-1,0.141227,0.140673,0.067620,0.216316
Q_ind_1_anc_3-2,0.261885,0.263067,0.193294,0.326582
Q_ind_2_anc_3-2,0.248092,0.250177,0.155748,0.333435
Q_ind_3_anc_3-2,0.156929,0.195172,0.000000,0.275550
Q_ind_4_anc_3-2,0.038460,0.000764,0.000000,0.172539
Q_ind_5_anc_3-2,0.224039,0.225501,0.146482,0.291214
Q_ind_6_anc_3-2,0.010644,0.000003,0.000000,0.103261
Q_ind_7_anc_3-2,0.050383,0.015520,0.000000,0.172023
Q_ind_8_anc_3-2,0.230503,0.231784,0.144875,0.302300
Q_ind_9_anc_3-2,0.140744,0.154608,0.000000,0.293649
Q_ind_10_anc_3-2,0.212591,0.213638,0.140365,0.282061
Q_ind_11_anc_3-2,0.137682,0.137647,0.064717,0.207948
Q_ind_12_anc_3-2,0.037799,0.000055,0.000000,0.240162
Q_ind_13_anc_3-2,0.008805,0.000011,0.000000,0.062593
Q_ind_14_anc_3-2,0.001533,0.000000,0.000000,0.015488
Q_ind_15_anc_3-2,0.012252,0.000007,0.000000,0.102732
Q_ind_16_anc_3-2,0.010924,0.000020,0.000000,0.080892
Q_ind_17_anc_3-2,0.001035,0.000000,0.000000,0.011092
Q_ind_18_anc_3-2,0.003921,0.000002,0.000000,0.043089
Q_ind_19_anc_3-2,0.000832,0.000000,0.000000,0.009816
Q_ind_20_anc_3-2,0.000511,0.000000,0.000000,0.005897
Q_ind_21_anc_3-2,0.002297,0.000001,0.000000,0.022692
Q_ind_22_anc_3-2,0.002158,0.000000,0.000000,0.022790
Q_ind_23_anc_3-2,0.003101,0.000002,0.000000,0.030107
Q_ind_24_anc_3-2,0.019724,0.000245,0.000000,0.111397
Q_ind_25_anc_3-2,0.007884,0.000025,0.000000,0.052887
Q_ind_26_anc_3-2,0.000916,0.000000,0.000000,0.010831
Q_ind_27_anc_3-2,0.002849,0.000002,0.000000,0.028991
Q_ind_28_anc_3-2,0.018440,0.000088,0.000000,0.097267
Q_ind_29_anc_3-2,0.008214,0.000011,0.000000,0.067259
Q_ind_30_anc_3-2,0.001358,0.000000,0.000000,0.016011
Q_ind_31_anc_3-2,0.001594,0.000001,0.000000,0.017419
Q_ind_32_anc_3-2,0.001430,0.000000,0.000000,0.014981
Q_ind_33_anc_3-2,0.002283,0.000001,0.000000,0.025831
Q_ind_34_anc_3-2,0.004943,0.000004,0.000000,0.046314
Q_ind_35_anc_3-2,0.007880,0.000037,0.000000,0.057242
Q_ind_36_anc_3-2,0.009021,0.000199,0.000000,0.052664
Q_ind_37_anc_3-2,0.005251,0.000014,0.000000,0.040444
Q_ind_38_anc_3-2,0.001033,0.000000,0.000000,0.009941
Q_ind_39_anc_3-2,0.000838,0.000000,0.000000,0.009522
Q_ind_40_anc_3-2,0.041133,0.019938,0.000000,0.141146
Q_ind_41_anc_3-2,0.181895,0.180728,0.113991,0.256662
Q_ind_42_anc_3-2,0.001033,0.000000,0.000000,0.010978
Q_ind_43_anc_3-2,0.002850,0.000002,0.000000,0.026175
Q_ind_44_anc_3-2,0.001026,0.000000,0.000000,0.011705
Q_ind_45_anc_3-2,0.001100,0.000000,0.000000,0.012540
Q_ind_46_anc_3-2,0.001126,0.000000,0.000000,0.011412
Q_ind_47_anc_3-2,0.004299,0.000006,0.000000,0.035515
Q_ind_48_anc_3-2,0.001331,0.000000,0.000000,0.015716
Q_ind_49_anc_3-2,0.000844,0.000000,0.000000,0.009061
Q_ind_50_anc_3-2,0.000854,0.000000,0.000000,0.009717
Q_ind_51_anc_3-2,0.000591,0.000000,0.000000,0.006807
Q_ind_52_anc_3-2,0.000416,0.000000,0.000000,0.004888
Q_ind_53_anc_3-2,0.000358,0.000000,0.000000,0.003852
Q_ind_54_anc_3-2,0.000847,0.000000,0.000000,0.009365
Q_ind_55_anc_3-2,0.000274,0.000000,0.000000,0.003008
Q_ind_56_anc_3-2,0.000524,0.000000,0.000000,0.005833
Q_ind_57_anc_3-2,0.001105,0.000000,0.000000,0.011753
Q_ind_58_anc_3-2,0.000667,0.000000,0.000000,0.007184
Q_ind_59_anc_3-2,0.002407,0.000001,0.000000,0.024968
Q_ind_60_anc_3-2,0.000534,0.000000,0.000000,0.006227
Q_ind_61_anc_3-2,0.001615,0.000001,0.000000,0.018003
Q_ind_62_anc_3-2,0.004097,0.000006,0.000000,0.032574
Q_ind_63_anc_3-2,0.000968,0.000000,0.000000,0.011134
Q_ind_64_anc_3-2,0.000934,0.000000,0.000000,0.010459
Q_ind_65_anc_3-2,0.000548,0.000000,0.000000,0.005571
Q_ind_66_anc_3-2,0.000570,0.000000,0.000000,0.006412
Q_ind_67_anc_3-2,0.155642,0.156800,0.000267,0.289336
Q_ind_68_anc_3-2,0.000655,0.000000,0.000000,0.006823
Q_ind_69_anc_3-2,0.000875,0.000000,0.000000,0.011491
Q_ind_70_anc_3-2,0.000928,0.000000,0.000000,0.010223
Q_ind_71_anc_3-2,0.000613,0.000000,0.000000,0.006751
Q_ind_72_anc_3-2,0.001417,0.000001,0.000000,0.015005
Q_ind_73_anc_3-2,0.001241,0.000001,0.000000,0.013510
Q_ind_74_anc_3-2,0.010220,0.000005,0.000000,0.093298
Q_ind_75_anc_3-2,0.000781,0.000000,0.000000,0.008282
Q_ind_76_anc_3-2,0.000757,0.000000,0.000000,0.008683
Q_ind_77_anc_3-2,0.003597,0.000001,0.000000,0.041195
Q_ind_78_anc_3-2,0.005935,0.000002,0.000000,0.065387
Q_ind_79_anc_3-2,0.001402,0.000000,0.000000,0.016359
Q_ind_80_anc_3-2,0.002479,0.000001,0.000000,0.025566
Q_ind_81_anc_3-2,0.003655,0.000001,0.000000,0.038102
Q_ind_82_anc_3-2,0.012275,0.000007,0.000000,0.121752
Q_ind_83_anc_3-2,0.001698,0.000000,0.000000,0.019309
Q_ind_84_anc_3-2,0.003806,0.000002,0.000000,0.036976
Q_ind_85_anc_3-2,0.083785,0.094842,0.000000,0.204973
Q_ind_86_anc_3-2,0.006298,0.000004,0.000000,0.062099
Q_ind_87_anc_3-2,0.008887,0.000003,0.000000,0.111633
Q_ind_88_anc_3-2,0.005220,0.000002,0.000000,0.056144
Q_ind_89_anc_3-2,0.065276,0.021026,0.000000,0.274320
Q_ind_90_anc_3-2,0.021832,0.000028,0.000000,0.209619
Q_ind_91_anc_3-2,0.038502,0.001589,0.000000,0.192133
Q_ind_92_anc_3-2,0.017175,0.000014,0.000000,0.140184
Q_ind_93_anc_3-2,0.013191,0.000007,0.000000,0.140968
Q_ind_94_anc_3-2,0.001973,0.000001,0.000000,0.021486
Q_ind_95_anc_3-2,0.115110,0.049074,0.000000,0.427336
Q_ind_96_anc_3-2,0.000499,0.000000,0.000000,0.005792
Q_ind_97_anc_3-2,0.001737,0.000001,0.000000,0.015895
Q_ind_98_anc_3-2,0.000246,0.000000,0.000000,0.002656
Q_ind_99_anc_3-2,0.000497,0.000000,0.000000,0.005129
Q_ind_100_anc_3-2,0.000739,0.000000,0.000000,0.008552
Q_ind_101_anc_3-2,0.000380,0.000000,0.000000,0.004125
Q_ind_102_anc_3-2,0.000298,0.000000,0.000000,0.003383
Q_ind_103_anc_3-2,0.000883,0.000000,0.000000,0.009795
Q_ind_104_anc_3-2,0.000331,0.000000,0.000000,0.003676
Q_ind_105_anc_3-2,0.000374,0.000000,0.000000,0.004256
Q_ind_106_anc_3-2,0.005463,0.000042,0.000000,0.033138
Q_ind_107_anc_3-2,0.002887,0.000002,0.000000,0.025427
Q_ind_108_anc_3-2,0.001198,0.000000,0.000000,0.013262
Q_ind_109_anc_3-2,0.001608,0.000000,0.000000,0.018035
Q_ind_110_anc_3-2,0.001259,0.000000,0.000000,0.014635
Q_ind_111_anc_3-2,0.001423,0.000001,0.000000,0.014961
Q_ind_112_anc_3-2,0.002268,0.000001,0.000000,0.022515
Q_ind_113_anc_3-2,0.004754,0.000002,0.000000,0.047420
Q_ind_114_anc_3-2,0.001899,0.000000,0.000000,0.022273
Q_ind_115_anc_3-2,0.003083,0.000001,0.000000,0.032325
Q_ind_116_anc_3-2,0.000747,0.000000,0.000000,0.007373
Q_ind_117_anc_3-2,0.000883,0.000000,0.000000,0.009199
Q_ind_118_anc_3-2,0.000905,0.000000,0.000000,0.009426
Q_ind_119_anc_3-2,0.001265,0.000001,0.000000,0.014083
Q_ind_120_anc_3-2,0.000539,0.000000,0.000000,0.006053
Q_ind_121_anc_3-2,0.004752,0.000017,0.000000,0.033453
Q_ind_122_anc_3-2,0.000623,0.000000,0.000000,0.006662
Q_ind_123_anc_3-2,0.001253,0.000001,0.000000,0.013134
Q_ind_124_anc_3-2,0.000636,0.000000,0.000000,0.007275
Q_ind_125_anc_3-2,0.002464,0.000001,0.000000,0.028469
Q_ind_126_anc_3-2,0.007118,0.000002,0.000000,0.101746
Q_ind_127_anc_3-2,0.004837,0.000002,0.000000,0.046477
Q_ind_128_anc_3-2,0.005252,0.000002,0.000000,0.053325
Q_ind_129_anc_3-2,0.022012,0.000011,0.000000,0.154473
Q_ind_130_anc_3-2,0.118386,0.150967,0.000000,0.226562
Q_ind_131_anc_3-2,0.001092,0.000000,0.000000,0.011496
Q_ind_132_anc_3-2,0.000516,0.000000,0.000000,0.005890
Q_ind_133_anc_3-2,0.001250,0.000000,0.000000,0.014435
Q_ind_134_anc_3-2,0.001966,0.000001,0.000000,0.018586
Q_ind_135_anc_3-2,0.007383,0.000036,0.000000,0.047023
Q_ind_136_anc_3-2,0.001575,0.000001,0.000000,0.016910
Q_ind_137_anc_3-2,0.001086,0.000000,0.000000,0.011831
Q_ind_138_anc_3-2,0.000913,0.000000,0.000000,0.009504
Q_ind_139_anc_3-2,0.000734,0.000000,0.000000,0.008445
Q_ind_140_anc_3-2,0.004640,0.000004,0.000000,0.040949
Q_ind_141_anc_3-2,0.000891,0.000000,0.000000,0.010552
Q_ind_142_anc_3-2,0.000396,0.000000,0.000000,0.004201
Q_ind_143_anc_3-2,0.001652,0.000001,0.000000,0.018136
Q_ind_144_anc_3-2,0.000812,0.000000,0.000000,0.008403
Q_ind_145_anc_3-2,0.000428,0.000000,0.000000,0.004503
Q_ind_146_anc_3-2,0.001469,0.000000,0.000000,0.017895
Q_ind_147_anc_3-2,0.000846,0.000000,0.000000,0.009478
Q_ind_148_anc_3-2,0.001886,0.000001,0.000000,0.018975
Q_ind_149_anc_3-2,0.099588,0.101085,0.016163,0.173357
Q_ind_150_anc_3-2,0.000727,0.000000,0.000000,0.009071
Q_ind_151_anc_3-2,0.001280,0.000000,0.000000,0.013404
Q_ind_152_anc_3-2,0.000514,0.000000,0.000000,0.005477
Q_ind_153_anc_3-2,0.001645,0.000001,0.000000,0.016424
Q_ind_154_anc_3-2,0.001172,0.000000,0.000000,0.013770
Q_ind_155_anc_3-2,0.246800,0.246647,0.167993,0.327437
Q_ind_156_anc_3-2,0.373073,0.380529,0.214274,0.472631
Q_ind_157_anc_3-2,0.270547,0.277174,0.144055,0.368919
Q_ind_158_anc_3-2,0.112330,0.068573,0.000000,0.336716
Q_ind_159_anc_3-2,0.056654,0.001186,0.000000,0.309081
Q_ind_160_anc_3-2,0.368105,0.373166,0.208973,0.503504
Q_ind_161_anc_3-2,0.367491,0.371032,0.261512,0.442521
Q_ind_162_anc_3-2,0.279031,0.290183,0.104327,0.423648
Q_ind_163_anc_3-2,0.339493,0.346781,0.206185,0.442084
Q_ind_164_anc_3-2,0.295305,0.303959,0.158032,0.388916
Q_ind_165_anc_3-2,0.011291,0.000056,0.000000,0.075315
Q_ind_166_anc_3-2,0.007621,0.000017,0.000000,0.060282
Q_ind_167_anc_3-2,0.004761,0.000003,0.000000,0.043954
Q_ind_168_anc_3-2,0.000639,0.000000,0.000000,0.007431
Q_ind_169_anc_3-2,0.000477,0.000000,0.000000,0.004959
Q_ind_170_anc_3-2,0.001947,0.000001,0.000000,0.021263
Q_ind_171_anc_3-2,0.004092,0.000002,0.000000,0.043867
Q_ind_172_anc_3-2,0.000580,0.000000,0.000000,0.006004
Q_ind_173_anc_3-2,0.000677,0.000000,0.000000,0.007340
Q_ind_174_anc_3-2,0.001244,0.000000,0.000000,0.013466
Q_ind_175_anc_3-2,0.000725,0.000000,0.000000,0.007106
Q_ind_176_anc_3-2,0.000844,0.000000,0.000000,0.009658
Q_ind_177_anc_3-2,0.094719,0.015661,0.000000,0.509464
Q_ind_178_anc_3-2,0.022181,0.000032,0.000000,0.198343
Q_ind_179_anc_3-2,0.170702,0.178094,0.000000,0.388436
Q_ind_180_anc_3-2,0.027026,0.000284,0.000000,0.140236
Q_ind_181_anc_3-2,0.004887,0.000002,0.000000,0.053531
Q_ind_182_anc_3-2,0.017064,0.000202,0.000000,0.106416
Q_ind_183_anc_3-2,0.020028,0.000061,0.000000,0.139456
Q_ind_184_anc_3-2,0.005229,0.000004,0.000000,0.051478
Q_ind_185_anc_3-2,0.000663,0.000000,0.000000,0.006744
Q_ind_186_anc_3-2,0.000474,0.000000,0.000000,0.005719
Q_ind_187_anc_3-2,0.000310,0.000000,0.000000,0.003460
Q_ind_188_anc_3-2,0.000387,0.000000,0.000000,0.004259
Q_ind_189_anc_3-2,0.000679,0.000000,0.000000,0.007161
Q_ind_190_anc_3-2,0.001787,0.000000,0.000000,0.019347
Q_ind_191_anc_3-2,0.000455,0.000000,0.000000,0.004698
Q_ind_192_anc_3-2,0.001157,0.000000,0.000000,0.012497
Q_ind_193_anc_3-2,0.001625,0.000001,0.000000,0.016966
Q_ind_194_anc_3-2,0.000272,0.000000,0.000000,0.003200
Q_ind_195_anc_3-2,0.006580,0.000010,0.000000,0.050932
Q_ind_196_anc_3-2,0.000524,0.000000,0.000000,0.005971
Q_ind_197_anc_3-2,0.000314,0.000000,0.000000,0.003241
Q_ind_198_anc_3-2,0.000280,0.000000,0.000000,0.003115
Q_ind_199_anc_3-2,0.001453,0.000001,0.000000,0.016289
Q_ind_200_anc_3-2,0.000626,0.000000,0.000000,0.006609
Q_ind_201_anc_3-2,0.000787,0.000000,0.000000,0.008732
Q_ind_202_anc_3-2,0.001382,0.000000,0.000000,0.014939
Q_ind_203_anc_3-2,0.033310,0.000089,0.000000,0.148042
Q_ind_204_anc_3-2,0.005882,0.000009,0.000000,0.049466
Q_ind_205_anc_3-2,0.006473,0.000006,0.000000,0.064134
Q_ind_206_anc_3-2,0.031934,0.006594,0.000000,0.127699
Q_ind_207_anc_3-2,0.022611,0.000071,0.000000,0.136107
Q_ind_208_anc_3-2,0.187965,0.195536,0.009767,0.278111
Q_ind_209_anc_3-2,0.004073,0.000002,0.000000,0.038625
Q_ind_210_anc_3-2,0.005452,0.000003,0.000000,0.049744
Q_ind_211_anc_3-2,0.006186,0.000004,0.000000,0.054157
Q_ind_212_anc_3-2,0.000426,0.000000,0.000000,0.004569
Q_ind_213_anc_3-2,0.002985,0.000002,0.000000,0.029891
Q_ind_214_anc_3-2,0.003775,0.000000,0.000000,0.056670
Q_ind_215_anc_3-2,0.001293,0.000000,0.000000,0.013934
Q_ind_216_anc_3-2,0.001815,0.000000,0.000000,0.018894
Q_ind_217_anc_3-2,0.000943,0.000000,0.000000,0.011193
Q_ind_218_anc_3-2,0.000572,0.000000,0.000000,0.006326
Q_ind_219_anc_3-2,0.001894,0.000001,0.000000,0.023081
Q_ind_220_anc_3-2,0.000672,0.000000,0.000000,0.007516
Q_ind_221_anc_3-2,0.003267,0.000001,0.000000,0.046142
Q_ind_222_anc_3-2,0.001084,0.000000,0.000000,0.012363
Q_ind_223_anc_3-2,0.005574,0.000002,0.000000,0.062063
Q_ind_224_anc_3-2,0.000682,0.000000,0.000000,0.007842
Q_ind_225_anc_3-2,0.001588,0.000000,0.000000,0.018643
Q_ind_226_anc_3-2,0.012719,0.000024,0.000000,0.106003
Q_ind_227_anc_3-2,0.006127,0.000007,0.000000,0.063975
Q_ind_228_anc_3-2,0.022634,0.000266,0.000000,0.122554
Q_ind_229_anc_3-2,0.002882,0.000000,0.000000,0.036526
Q_ind_230_anc_3-2,0.011527,0.000053,0.000000,0.084591
Q_ind_231_anc_3-2,0.156584,0.168232,0.000005,0.259003
Q_ind_232_anc_3-2,0.008191,0.000088,0.000000,0.051992
Q_ind_233_anc_3-2,0.006233,0.000004,0.000000,0.066712
Q_ind_234_anc_3-2,0.000853,0.000000,0.000000,0.009420
Q_ind_235_anc_3-2,0.000426,0.000000,0.000000,0.004611
Q_ind_236_anc_3-2,0.000289,0.000000,0.000000,0.002893
Q_ind_237_anc_3-2,0.000331,0.000000,0.000000,0.003619
Q_ind_238_anc_3-2,0.001027,0.000000,0.000000,0.010989
Q_ind_239_anc_3-2,0.000450,0.000000,0.000000,0.004831
Q_ind_240_anc_3-2,0.000531,0.000000,0.000000,0.005483
Q_ind_241_anc_3-2,0.001766,0.000001,0.000000,0.020261
Q_ind_242_anc_3-2,0.002457,0.000004,0.000000,0.021222
Q_ind_243_anc_3-2,0.000612,0.000000,0.000000,0.007103
Q_ind_244_anc_3-2,0.000557,0.000000,0.000000,0.006205
Q_ind_245_anc_3-2,0.000346,0.000000,0.000000,0.004013
Q_ind_1_anc_3-3,0.175359,0.172806,0.081863,0.282248
Q_ind_2_anc_3-3,0.289714,0.288430,0.172982,0.411565
Q_ind_3_anc_3-3,0.652831,0.654309,0.454846,0.808497
Q_ind_4_anc_3-3,0.748960,0.774075,0.579638,0.851626
Q_ind_5_anc_3-3,0.001564,0.000001,0.000000,0.017792
Q_ind_6_anc_3-3,0.703498,0.717769,0.565525,0.777744
Q_ind_7_anc_3-3,0.569171,0.574172,0.429174,0.699688
Q_ind_8_anc_3-3,0.481283,0.481039,0.373170,0.591992
Q_ind_9_anc_3-3,0.499317,0.473134,0.348363,0.725990
Q_ind_10_anc_3-3,0.548805,0.546793,0.429792,0.672308
Q_ind_11_anc_3-3,0.548220,0.548945,0.443105,0.651682
Q_ind_12_anc_3-3,0.718220,0.752497,0.455918,0.815179
Q_ind_13_anc_3-3,0.001423,0.000000,0.000000,0.016608
Q_ind_14_anc_3-3,0.001093,0.000000,0.000000,0.012045
Q_ind_15_anc_3-3,0.005603,0.000015,0.000000,0.040973
Q_ind_16_anc_3-3,0.008027,0.000010,0.000000,0.057203
Q_ind_17_anc_3-3,0.001172,0.000000,0.000000,0.012420
Q_ind_18_anc_3-3,0.003600,0.000002,0.000000,0.036724
Q_ind_19_anc_3-3,0.000641,0.000000,0.000000,0.007248
Q_ind_20_anc_3-3,0.000336,0.000000,0.000000,0.003883
Q_ind_21_anc_3-3,0.001015,0.000000,0.000000,0.010536
Q_ind_22_anc_3-3,0.001130,0.000000,0.000000,0.012743
Q_ind_23_anc_3-3,0.002457,0.000001,0.000000,0.027133
Q_ind_24_anc_3-3,0.001848,0.000001,0.000000,0.021116
Q_ind_25_anc_3-3,0.003818,0.000003,0.000000,0.035217
Q_ind_26_anc_3-3,0.000829,0.000000,0.000000,0.009454
Q_ind_27_anc_3-3,0.001252,0.000000,0.000000,0.014309
Q_ind_28_anc_3-3,0.003824,0.000005,0.000000,0.031313
Q_ind_29_anc_3-3,0.002238,0.000001,0.000000,0.026262
Q_ind_30_anc_3-3,0.000939,0.000000,0.000000,0.010011
Q_ind_31_anc_3-3,0.372646,0.373278,0.275638,0.468740
Q_ind_32_anc_3-3,0.403512,0.396644,0.241208,0.579284
Q_ind_33_anc_3-3,0.362276,0.362299,0.254155,0.472728
Q_ind_34_anc_3-3,0.501507,0.501827,0.387209,0.618051
Q_ind_35_anc_3-3,0.403579,0.403674,0.294517,0.515231
Q_ind_36_anc_3-3,0.449795,0.449932,0.345815,0.547377
Q_ind_37_anc_3-3,0.316943,0.316709,0.209278,0.423800
Q_ind_38_anc_3-3,0.400512,0.400200,0.297216,0.503286
Q_ind_39_anc_3-3,0.000374,0.000000,0.000000,0.004150
Q_ind_40_anc_3-3,0.302752,0.304672,0.153385,0.450856
Q_ind_41_anc_3-3,0.006743,0.000006,0.000000,0.069757
Q_ind_42_anc_3-3,0.001671,0.000001,0.000000,0.018130
Q_ind_43_anc_3-3,0.004671,0.000006,0.000000,0.038629
Q_ind_44_anc_3-3,0.001610,0.000000,0.000000,0.018421
Q_ind_45_anc_3-3,0.001813,0.000001,0.000000,0.019114
Q_ind_46_anc_3-3,0.002462,0.000002,0.000000,0.022712
Q_ind_47_anc_3-3,0.002516,0.000002,0.000000,0.024728
Q_ind_48_anc_3-3,0.000855,0.000000,0.000000,0.010173
Q_ind_49_anc_3-3,0.002611,0.000002,0.000000,0.024700
Q_ind_50_anc_3-3,0.001288,0.000000,0.000000,0.013783
Q_ind_51_anc_3-3,0.001865,0.000017,0.000000,0.012987
Q_ind_52_anc_3-3,0.000251,0.000000,0.000000,0.002722
Q_ind_53_anc_3-3,0.000333,0.000000,0.000000,0.003827
Q_ind_54_anc_3-3,0.000437,0.000000,0.000000,0.004766
Q_ind_55_anc_3-3,0.000286,0.000000,0.000000,0.003104
Q_ind_56_anc_3-3,0.000453,0.000000,0.000000,0.005194
Q_ind_57_anc_3-3,0.000357,0.000000,0.000000,0.003891
Q_ind_58_anc_3-3,0.000393,0.000000,0.000000,0.004226
Q_ind_59_anc_3-3,0.000639,0.000000,0.000000,0.006843
Q_ind_60_anc_3-3,0.000351,0.000000,0.000000,0.003951
Q_ind_61_anc_3-3,0.001051,0.000000,0.000000,0.011898
Q_ind_62_anc_3-3,0.001773,0.000002,0.000000,0.016133
Q_ind_63_anc_3-3,0.015098,0.015107,0.000000,0.039208
Q_ind_64_anc_3-3,0.001749,0.000001,0.000000,0.015997
Q_ind_65_anc_3-3,0.004820,0.000125,0.000000,0.025950
Q_ind_66_anc_3-3,0.001433,0.000001,0.000000,0.013995
Q_ind_67_anc_3-3,0.091580,0.090880,0.015195,0.173106
Q_ind_68_anc_3-3,0.001289,0.000001,0.000000,0.013337
Q_ind_69_anc_3-3,0.000838,0.000000,0.000000,0.008865
Q_ind_70_anc_3-3,0.000675,0.000000,0.000000,0.006834
Q_ind_71_anc_3-3,0.000756,0.000000,0.000000,0.008554
Q_ind_72_anc_3-3,0.001622,0.000001,0.000000,0.017734
Q_ind_73_anc_3-3,0.007997,0.000163,0.000000,0.045924
Q_ind_74_anc_3-3,0.001413,0.000000,0.000000,0.014856
Q_ind_75_anc_3-3,0.000703,0.000000,0.000000,0.007795
Q_ind_76_anc_3-3,0.001157,0.000000,0.000000,0.012196
Q_ind_77_anc_3-3,0.047929,0.049354,0.000000,0.122406
Q_ind_78_anc_3-3,0.057195,0.062751,0.000000,0.119751
Q_ind_79_anc_3-3,0.004268,0.000002,0.000000,0.045094
Q_ind_80_anc_3-3,0.003145,0.000001,0.000000,0.035319
Q_ind_81_anc_3-3,0.001736,0.000000,0.000000,0.017225
Q_ind_82_anc_3-3,0.084723,0.089413,0.000000,0.147977
Q_ind_83_anc_3-3,0.004425,0.000002,0.000000,0.042448
Q_ind_84_anc_3-3,0.089965,0.097224,0.000000,0.155504
Q_ind_85_anc_3-3,0.002698,0.000001,0.000000,0.030154
Q_ind_86_anc_3-3,0.018330,0.000030,0.000000,0.118516
Q_ind_87_anc_3-3,0.004422,0.000002,0.000000,0.049092
Q_ind_88_anc_3-3,0.187474,0.190962,0.100984,0.251577
Q_ind_89_anc_3-3,0.154903,0.163221,0.011783,0.237494
Q_ind_90_anc_3-3,0.021592,0.000081,0.000000,0.136750
Q_ind_91_anc_3-3,0.078323,0.084822,0.000000,0.183630
Q_ind_92_anc_3-3,0.056758,0.037199,0.000000,0.178470
Q_ind_93_anc_3-3,0.136492,0.158670,0.000000,0.245950
Q_ind_94_anc_3-3,0.000799,0.000000,0.000000,0.008977
Q_ind_95_anc_3-3,0.067237,0.032749,0.000000,0.217421
Q_ind_96_anc_3-3,0.000648,0.000000,0.000000,0.006819
Q_ind_97_anc_3-3,0.001040,0.000001,0.000000,0.010966
Q_ind_98_anc_3-3,0.000268,0.000000,0.000000,0.002843
Q_ind_99_anc_3-3,0.000323,0.000000,0.000000,0.003803
Q_ind_100_anc_3-3,0.000373,0.000000,0.000000,0.003825
Q_ind_101_anc_3-3,0.000244,0.000000,0.000000,0.002603
Q_ind_102_anc_3-3,0.000297,0.000000,0.000000,0.003310
Q_ind_103_anc_3-3,0.000864,0.000000,0.000000,0.009731
Q_ind_104_anc_3-3,0.000255,0.000000,0.000000,0.002808
Q_ind_105_anc_3-3,0.000224,0.000000,0.000000,0.002496
Q_ind_106_anc_3-3,0.000975,0.000000,0.000000,0.010025
Q_ind_107_anc_3-3,0.034396,0.001143,0.000000,0.154294
Q_ind_108_anc_3-3,0.025624,0.000126,0.000000,0.175033
Q_ind_109_anc_3-3,0.201361,0.199678,0.086783,0.323687
Q_ind_110_anc_3-3,0.146156,0.143676,0.035427,0.270954
Q_ind_111_anc_3-3,0.144556,0.145059,0.051891,0.232780
Q_ind_112_anc_3-3,0.001509,0.000001,0.000000,0.016505
Q_ind_113_anc_3-3,0.156374,0.173279,0.000000,0.273553
Q_ind_114_anc_3-3,0.208709,0.227677,0.000125,0.313002
Q_ind_115_anc_3-3,0.001079,0.000000,0.000000,0.013066
Q_ind_116_anc_3-3,0.001063,0.000000,0.000000,0.011748
Q_ind_117_anc_3-3,0.000905,0.000000,0.000000,0.009806
Q_ind_118_anc_3-3,0.000615,0.000000,0.000000,0.006559
Q_ind_119_anc_3-3,0.000897,0.000000,0.000000,0.010277
Q_ind_120_anc_3-3,0.000355,0.000000,0.000000,0.003752
Q_ind_121_anc_3-3,0.002614,0.000002,0.000000,0.024340
Q_ind_122_anc_3-3,0.000585,0.000000,0.000000,0.006266
Q_ind_123_anc_3-3,0.000484,0.000000,0.000000,0.005513
Q_ind_124_anc_3-3,0.000370,0.000000,0.000000,0.004057
Q_ind_125_anc_3-3,0.003445,0.000001,0.000000,0.037122
Q_ind_126_anc_3-3,0.085032,0.091081,0.000000,0.153221
Q_ind_127_anc_3-3,0.002256,0.000001,0.000000,0.022006
Q_ind_128_anc_3-3,0.016679,0.000105,0.000000,0.095525
Q_ind_129_anc_3-3,0.005440,0.000006,0.000000,0.051493
Q_ind_130_anc_3-3,0.035444,0.000479,0.000000,0.153640
Q_ind_131_anc_3-3,0.000526,0.000000,0.000000,0.005904
Q_ind_132_anc_3-3,0.000236,0.000000,0.000000,0.002588
Q_ind_133_anc_3-3,0.001730,0.000001,0.000000,0.017458
Q_ind_134_anc_3-3,0.003816,0.000004,0.000000,0.035144
Q_ind_135_anc_3-3,0.006112,0.000015,0.000000,0.043486
Q_ind_136_anc_3-3,0.001449,0.000001,0.000000,0.014684
Q_ind_137_anc_3-3,0.001651,0.000001,0.000000,0.019017
Q_ind_138_anc_3-3,0.000340,0.000000,0.000000,0.003795
Q_ind_139_anc_3-3,0.000551,0.000000,0.000000,0.005834
Q_ind_140_anc_3-3,0.002019,0.000001,0.000000,0.022933
Q_ind_141_anc_3-3,0.015971,0.000512,0.000000,0.081626
Q_ind_142_anc_3-3,0.000257,0.000000,0.000000,0.002751
Q_ind_143_anc_3-3,0.002459,0.000001,0.000000,0.027932
Q_ind_144_anc_3-3,0.012899,0.000803,0.000000,0.060162
Q_ind_145_anc_3-3,0.003671,0.000062,0.000000,0.021860
Q_ind_146_anc_3-3,0.002425,0.000001,0.000000,0.023936
Q_ind_147_anc_3-3,0.009608,0.006044,0.000000,0.034122
Q_ind_148_anc_3-3,0.003784,0.000003,0.000000,0.031678
Q_ind_149_anc_3-3,0.000493,0.000000,0.000000,0.005455
Q_ind_150_anc_3-3,0.005304,0.000157,0.000000,0.028128
Q_ind_151_anc_3-3,0.015086,0.013095,0.000000,0.045405
Q_ind_152_anc_3-3,0.001667,0.000001,0.000000,0.015747
Q_ind_153_anc_3-3,0.001834,0.000002,0.000000,0.015385
Q_ind_154_anc_3-3,0.005405,0.000069,0.000000,0.031033
Q_ind_155_anc_3-3,0.000604,0.000000,0.000000,0.006452
Q_ind_156_anc_3-3,0.464754,0.474907,0.304781,0.582099
Q_ind_157_anc_3-3,0.591580,0.595128,0.466092,0.700476
Q_ind_158_anc_3-3,0.664997,0.701036,0.433851,0.785985
Q_ind_159_anc_3-3,0.647920,0.680087,0.373313,0.748581
Q_ind_160_anc_3-3,0.449194,0.460210,0.273068,0.595910
Q_ind_161_anc_3-3,0.557557,0.564028,0.423821,0.665672
Q_ind_162_anc_3-3,0.557803,0.560332,0.421534,0.671701
Q_ind_163_anc_3-3,0.550717,0.561545,0.405017,0.662491
Q_ind_164_anc_3-3,0.588080,0.587629,0.491321,0.691424
Q_ind_165_anc_3-3,0.213891,0.214772,0.059989,0.361318
Q_ind_166_anc_3-3,0.241071,0.245874,0.069177,0.395474
Q_ind_167_anc_3-3,0.395977,0.404810,0.257274,0.474572
Q_ind_168_anc_3-3,0.000744,0.000000,0.000000,0.007750
Q_ind_169_anc_3-3,0.000309,0.000000,0.000000,0.003507
Q_ind_170_anc_3-3,0.004931,0.000050,0.000000,0.031246
Q_ind_171_anc_3-3,0.001363,0.000001,0.000000,0.014556
Q_ind_172_anc_3-3,0.000496,0.000000,0.000000,0.005140
Q_ind_173_anc_3-3,0.000423,0.000000,0.000000,0.004789
Q_ind_174_anc_3-3,0.000412,0.000000,0.000000,0.004233
Q_ind_175_anc_3-3,0.000405,0.000000,0.000000,0.004376
Q_ind_176_anc_3-3,0.000783,0.000000,0.000000,0.009168
Q_ind_177_anc_3-3,0.113548,0.088396,0.000000,0.291655
Q_ind_178_anc_3-3,0.039597,0.002576,0.000000,0.181806
Q_ind_179_anc_3-3,0.010346,0.000014,0.000000,0.087298
Q_ind_180_anc_3-3,0.213277,0.214978,0.142558,0.274422
Q_ind_181_anc_3-3,0.004606,0.000004,0.000000,0.042455
Q_ind_182_anc_3-3,0.046559,0.001349,0.000000,0.195967
Q_ind_183_anc_3-3,0.031629,0.000201,0.000000,0.210761
Q_ind_184_anc_3-3,0.001536,0.000001,0.000000,0.016230
Q_ind_185_anc_3-3,0.009735,0.000114,0.000000,0.058483
Q_ind_186_anc_3-3,0.001347,0.000000,0.000000,0.015214
Q_ind_187_anc_3-3,0.003116,0.000002,0.000000,0.028405
Q_ind_188_anc_3-3,0.001879,0.000001,0.000000,0.019378
Q_ind_189_anc_3-3,0.005619,0.000017,0.000000,0.041184
Q_ind_190_anc_3-3,0.002090,0.000001,0.000000,0.024035
Q_ind_191_anc_3-3,0.003132,0.000004,0.000000,0.025799
Q_ind_192_anc_3-3,0.924588,0.925489,0.849228,0.994614
Q_ind_193_anc_3-3,0.888560,0.885247,0.792249,0.982169
Q_ind_194_anc_3-3,0.998213,0.999101,0.991432,0.999996
Q_ind_195_anc_3-3,0.983591,0.990200,0.934465,0.999951
Q_ind_196_anc_3-3,0.997471,0.998691,0.987812,0.999993
Q_ind_197_anc_3-3,0.997316,0.998588,0.987250,0.999993
Q_ind_198_anc_3-3,0.998198,0.999071,0.991669,0.999994
Q_ind_199_anc_3-3,0.975515,0.987961,0.885250,0.999937
Q_ind_200_anc_3-3,0.996897,0.998431,0.984947,0.999991
Q_ind_201_anc_3-3,0.000338,0.000000,0.000000,0.003637
Q_ind_202_anc_3-3,0.991183,0.995531,0.956222,0.999973
Q_ind_203_anc_3-3,0.712101,0.732585,0.496846,0.862562
Q_ind_204_anc_3-3,0.722379,0.730808,0.550547,0.858967
Q_ind_205_anc_3-3,0.623056,0.623479,0.500012,0.743710
Q_ind_206_anc_3-3,0.720218,0.716613,0.581870,0.861619
Q_ind_207_anc_3-3,0.728754,0.738044,0.591441,0.813664
Q_ind_208_anc_3-3,0.000712,0.000000,0.000000,0.008266
Q_ind_209_anc_3-3,0.618667,0.618612,0.513743,0.721532
Q_ind_210_anc_3-3,0.402960,0.402460,0.284338,0.527821
Q_ind_211_anc_3-3,0.699100,0.711628,0.523478,0.828697
Q_ind_212_anc_3-3,0.000343,0.000000,0.000000,0.003426
Q_ind_213_anc_3-3,0.000484,0.000000,0.000000,0.005263
Q_ind_214_anc_3-3,0.001348,0.000000,0.000000,0.015921
Q_ind_215_anc_3-3,0.000793,0.000000,0.000000,0.007912
Q_ind_216_anc_3-3,0.001319,0.000000,0.000000,0.014856
Q_ind_217_anc_3-3,0.001370,0.000000,0.000000,0.015038
Q_ind_218_anc_3-3,0.000421,0.000000,0.000000,0.004520
Q_ind_219_anc_3-3,0.001111,0.000000,0.000000,0.013139
Q_ind_220_anc_3-3,0.001666,0.000000,0.000000,0.023035
Q_ind_221_anc_3-3,0.000675,0.000000,0.000000,0.007694
Q_ind_222_anc_3-3,0.005197,0.000009,0.000000,0.040772
Q_ind_223_anc_3-3,0.000905,0.000000,0.000000,0.009113
Q_ind_224_anc_3-3,0.000401,0.000000,0.000000,0.004289
Q_ind_225_anc_3-3,0.394199,0.386004,0.253994,0.534923
Q_ind_226_anc_3-3,0.001317,0.000000,0.000000,0.013777
Q_ind_227_anc_3-3,0.402766,0.401464,0.235822,0.542531
Q_ind_228_anc_3-3,0.324807,0.327282,0.190411,0.445474
Q_ind_229_anc_3-3,0.377319,0.381575,0.242981,0.491649
Q_ind_230_anc_3-3,0.254522,0.273152,0.000015,0.376281
Q_ind_231_anc_3-3,0.001480,0.000000,0.000000,0.015196
Q_ind_232_anc_3-3,0.005838,0.000002,0.000000,0.057808
Q_ind_233_anc_3-3,0.291980,0.295662,0.159100,0.403673
Q_ind_234_anc_3-3,0.000607,0.000000,0.000000,0.007013
Q_ind_235_anc_3-3,0.000906,0.000000,0.000000,0.010666
Q_ind_236_anc_3-3,0.000788,0.000000,0.000000,0.008422
Q_ind_237_anc_3-3,0.000888,0.000000,0.000000,0.009409
Q_ind_238_anc_3-3,0.003058,0.000002,0.000000,0.028261
Q_ind_239_anc_3-3,0.000985,0.000000,0.000000,0.010487
Q_ind_240_anc_3-3,0.000995,0.000000,0.000000,0.010748
Q_ind_241_anc_3-3,0.000942,0.000000,0.000000,0.010046
Q_ind_242_anc_3-3,0.002505,0.000003,0.000000,0.022739
Q_ind_243_anc_3-3,0.000333,0.000000,0.000000,0.003770
Q_ind_244_anc_3-3,0.000473,0.000000,0.000000,0.005415
Q_ind_245_anc_3-3,0.000366,0.000000,0.000000,0.004061
Q_ind_1_anc_4-1,0.000888,0.000000,0.000000,0.009645
Q_ind_2_anc_4-1,0.000467,0.000000,0.000000,0.005407
Q_ind_3_anc_4-1,0.001349,0.000001,0.000000,0.014817
Q_ind_4_anc_4-1,0.002928,0.000003,0.000000,0.027192
Q_ind_5_anc_4-1,0.002770,0.000001,0.000000,0.034160
Q_ind_6_anc_4-1,0.001829,0.000001,0.000000,0.018554
Q_ind_7_anc_4-1,0.000463,0.000000,0.000000,0.004991
Q_ind_8_anc_4-1,0.001226,0.000001,0.000000,0.013438
Q_ind_9_anc_4-1,0.000707,0.000000,0.000000,0.007695
Q_ind_10_anc_4-1,0.000456,0.000000,0.000000,0.005019
Q_ind_11_anc_4-1,0.001060,0.000000,0.000000,0.011513
Q_ind_12_anc_4-1,0.002521,0.000001,0.000000,0.026468
Q_ind_13_anc_4-1,0.845545,0.846935,0.736149,0.945307
Q_ind_14_anc_4-1,0.815230,0.821950,0.684755,0.890353
Q_ind_15_anc_4-1,0.713410,0.719430,0.554632,0.845477
Q_ind_16_anc_4-1,0.775045,0.789149,0.595975,0.887686
Q_ind_17_anc_4-1,0.833548,0.836714,0.730265,0.921036
Q_ind_18_anc_4-1,0.812901,0.815485,0.660334,0.937872
Q_ind_19_anc_4-1,0.807262,0.812920,0.678375,0.900713
Q_ind_20_anc_4-1,0.672984,0.674269,0.585648,0.755431
Q_ind_21_anc_4-1,0.010498,0.000026,0.000000,0.091953
Q_ind_22_anc_4-1,0.005309,0.000004,0.000000,0.048096
Q_ind_23_anc_4-1,0.001950,0.000001,0.000000,0.021455
Q_ind_24_anc_4-1,0.021635,0.000340,0.000000,0.119253
Q_ind_25_anc_4-1,0.024666,0.002352,0.000000,0.104692
Q_ind_26_anc_4-1,0.002938,0.000002,0.000000,0.030015
Q_ind_27_anc_4-1,0.008630,0.000007,0.000000,0.072168
Q_ind_28_anc_4-1,0.002337,0.000001,0.000000,0.024336
Q_ind_29_anc_4-1,0.026420,0.008583,0.000000,0.102508
Q_ind_30_anc_4-1,0.005668,0.000009,0.000000,0.050264
Q_ind_31_anc_4-1,0.001044,0.000000,0.000000,0.012244
Q_ind_32_anc_4-1,0.050666,0.002120,0.000000,0.212412
Q_ind_33_anc_4-1,0.002909,0.000001,0.000000,0.034743
Q_ind_34_anc_4-1,0.002675,0.000000,0.000000,0.027551
Q_ind_35_anc_4-1,0.001906,0.000001,0.000000,0.021389
Q_ind_36_anc_4-1,0.001958,0.000001,0.000000,0.020648
Q_ind_37_anc_4-1,0.004049,0.000001,0.000000,0.041738
Q_ind_38_anc_4-1,0.002203,0.000001,0.000000,0.025481
Q_ind_39_anc_4-1,0.040032,0.022360,0.000000,0.138102
Q_ind_40_anc_4-1,0.007192,0.000003,0.000000,0.102302
Q_ind_41_anc_4-1,0.001052,0.000000,0.000000,0.012298
Q_ind_42_anc_4-1,0.003762,0.000001,0.000000,0.042807
Q_ind_43_anc_4-1,0.272160,0.286784,0.092643,0.409206
Q_ind_44_anc_4-1,0.009038,0.000002,0.000000,0.101695
Q_ind_45_anc_4-1,0.002321,0.000001,0.000000,0.027730
Q_ind_46_anc_4-1,0.003054,0.000001,0.000000,0.031215
Q_ind_47_anc_4-1,0.029812,0.000062,0.000000,0.239488
Q_ind_48_anc_4-1,0.020805,0.000173,0.000000,0.148037
Q_ind_49_anc_4-1,0.003448,0.000001,0.000000,0.033917
Q_ind_50_anc_4-1,0.054693,0.001508,0.000000,0.284400
Q_ind_51_anc_4-1,0.476130,0.476146,0.391123,0.560662
Q_ind_52_anc_4-1,0.500252,0.500553,0.416690,0.585008
Q_ind_53_anc_4-1,0.460914,0.459848,0.379945,0.544782
Q_ind_54_anc_4-1,0.454115,0.455701,0.349638,0.543838
Q_ind_55_anc_4-1,0.382405,0.382171,0.301153,0.464324
Q_ind_56_anc_4-1,0.454550,0.455568,0.363900,0.538442
Q_ind_57_anc_4-1,0.616885,0.616051,0.529048,0.703827
Q_ind_58_anc_4-1,0.423507,0.423965,0.341490,0.503120
Q_ind_59_anc_4-1,0.449693,0.450373,0.354344,0.540136
Q_ind_60_anc_4-1,0.509307,0.509444,0.420634,0.594541
Q_ind_61_anc_4-1,0.362021,0.363363,0.263837,0.457675
Q_ind_62_anc_4-1,0.398004,0.398070,0.298990,0.496607
Q_ind_63_anc_4-1,0.000223,0.000000,0.000000,0.002395
Q_ind_64_anc_4-1,0.000223,0.000000,0.000000,0.002507
Q_ind_65_anc_4-1,0.000270,0.000000,0.000000,0.002961
Q_ind_66_anc_4-1,0.000300,0.000000,0.000000,0.003281
Q_ind_67_anc_4-1,0.000197,0.000000,0.000000,0.002227
Q_ind_68_anc_4-1,0.371440,0.371735,0.167593,0.556682
Q_ind_69_anc_4-1,0.743848,0.745654,0.664114,0.817759
Q_ind_70_anc_4-1,0.812180,0.819696,0.686532,0.905675
Q_ind_71_anc_4-1,0.249128,0.248079,0.082689,0.417483
Q_ind_72_anc_4-1,0.231236,0.237033,0.061249,0.401996
Q_ind_73_anc_4-1,0.238647,0.255165,0.000000,0.453163
Q_ind_74_anc_4-1,0.781039,0.787648,0.628142,0.882582
Q_ind_75_anc_4-1,0.726997,0.727615,0.652077,0.802934
Q_ind_76_anc_4-1,0.037189,0.001441,0.000000,0.195612
Q_ind_77_anc_4-1,0.000936,0.000000,0.000000,0.010531
Q_ind_78_anc_4-1,0.001031,0.000000,0.000000,0.012238
Q_ind_79_anc_4-1,0.005351,0.000004,0.000000,0.046659
Q_ind_80_anc_4-1,0.001017,0.000000,0.000000,0.010901
Q_ind_81_anc_4-1,0.004510,0.000005,0.000000,0.039579
Q_ind_82_anc_4-1,0.001547,0.000000,0.000000,0.016578
Q_ind_83_anc_4-1,0.001289,0.000000,0.000000,0.013750
Q_ind_84_anc_4-1,0.001495,0.000000,0.000000,0.015701
Q_ind_85_anc_4-1,0.002312,0.000001,0.000000,0.024974
Q_ind_86_anc_4-1,0.001557,0.000001,0.000000,0.016621
Q_ind_87_anc_4-1,0.001353,0.000000,0.000000,0.014133
Q_ind_88_anc_4-1,0.005905,0.000005,0.000000,0.058566
Q_ind_89_anc_4-1,0.006162,0.000001,0.000000,0.075588
Q_ind_90_anc_4-1,0.047982,0.000380,0.000000,0.273590
Q_ind_91_anc_4-1,0.002885,0.000001,0.000000,0.031520
Q_ind_92_anc_4-1,0.098229,0.070975,0.000000,0.285220
Q_ind_93_anc_4-1,0.020490,0.000033,0.000000,0.152837
Q_ind_94_anc_4-1,0.008919,0.000006,0.000000,0.086316
Q_ind_95_anc_4-1,0.003085,0.000002,0.000000,0.033650
Q_ind_96_anc_4-1,0.001155,0.000000,0.000000,0.014101
Q_ind_97_anc_4-1,0.001216,0.000000,0.000000,0.012777
Q_ind_98_anc_4-1,0.888701,0.889352,0.819333,0.951329
Q_ind_99_anc_4-1,0.500523,0.499904,0.419612,0.584556
Q_ind_100_anc_4-1,0.001099,0.000000,0.000000,0.012141
Q_ind_101_anc_4-1,0.000665,0.000000,0.000000,0.007090
Q_ind_102_anc_4-1,0.000284,0.000000,0.000000,0.002983
Q_ind_103_anc_4-1,0.001132,0.000000,0.000000,0.012323
Q_ind_104_anc_4-1,0.000344,0.000000,0.000000,0.003632
Q_ind_105_anc_4-1,0.672852,0.673061,0.594643,0.749700
Q_ind_106_anc_4-1,0.010942,0.000028,0.000000,0.080843
Q_ind_107_anc_4-1,0.009829,0.000002,0.000000,0.124133
Q_ind_108_anc_4-1,0.017987,0.000026,0.000000,0.175823
Q_ind_109_anc_4-1,0.056450,0.000872,0.000000,0.350633
Q_ind_110_anc_4-1,0.333033,0.335482,0.220887,0.431199
Q_ind_111_anc_4-1,0.008448,0.000003,0.000000,0.092328
Q_ind_112_anc_4-1,0.468054,0.473783,0.351737,0.553154
Q_ind_113_anc_4-1,0.023283,0.000015,0.000000,0.265211
Q_ind_114_anc_4-1,0.041607,0.000187,0.000000,0.264373
Q_ind_115_anc_4-1,0.008704,0.000027,0.000000,0.064983
Q_ind_116_anc_4-1,0.001108,0.000000,0.000000,0.013332
Q_ind_117_anc_4-1,0.001596,0.000001,0.000000,0.018002
Q_ind_118_anc_4-1,0.044678,0.044679,0.000000,0.116517
Q_ind_119_anc_4-1,0.002265,0.000001,0.000000,0.025430
Q_ind_120_anc_4-1,0.000704,0.000000,0.000000,0.007782
Q_ind_121_anc_4-1,0.001162,0.000000,0.000000,0.012605
Q_ind_122_anc_4-1,0.001024,0.000000,0.000000,0.010883
Q_ind_123_anc_4-1,0.002486,0.000001,0.000000,0.026373
Q_ind_124_anc_4-1,0.169780,0.167395,0.075647,0.277921
Q_ind_125_anc_4-1,0.001286,0.000000,0.000000,0.013514
Q_ind_126_anc_4-1,0.013054,0.000024,0.000000,0.089325
Q_ind_127_anc_4-1,0.031006,0.005255,0.000000,0.119957
Q_ind_128_anc_4-1,0.004622,0.000001,0.000000,0.049699
Q_ind_129_anc_4-1,0.003666,0.000003,0.000000,0.034588
Q_ind_130_anc_4-1,0.008509,0.000020,0.000000,0.062077
Q_ind_131_anc_4-1,0.231237,0.232434,0.148194,0.308547
Q_ind_132_anc_4-1,0.150845,0.152153,0.081154,0.212810
Q_ind_133_anc_4-1,0.004815,0.000003,0.000000,0.050246
Q_ind_134_anc_4-1,0.049619,0.043268,0.000000,0.144863
Q_ind_135_anc_4-1,0.013495,0.000144,0.000000,0.080561
Q_ind_136_anc_4-1,0.080110,0.086244,0.000000,0.172345
Q_ind_137_anc_4-1,0.014266,0.000018,0.000000,0.105471
Q_ind_138_anc_4-1,0.137251,0.141402,0.000217,0.218333
Q_ind_139_anc_4-1,0.152074,0.156598,0.000201,0.236987
Q_ind_140_anc_4-1,0.140097,0.140479,0.067830,0.211176
Q_ind_141_anc_4-1,0.016278,0.000021,0.000000,0.110417
Q_ind_142_anc_4-1,0.552096,0.552269,0.484769,0.617109
Q_ind_143_anc_4-1,0.015093,0.000038,0.000000,0.096922
Q_ind_144_anc_4-1,0.029986,0.011721,0.000000,0.118578
Q_ind_145_anc_4-1,0.000252,0.000000,0.000000,0.002952
Q_ind_146_anc_4-1,0.002687,0.000001,0.000000,0.027264
Q_ind_147_anc_4-1,0.000537,0.000000,0.000000,0.005484
Q_ind_148_anc_4-1,0.002129,0.000001,0.000000,0.024503
Q_ind_149_anc_4-1,0.000603,0.000000,0.000000,0.006448
Q_ind_150_anc_4-1,0.000607,0.000000,0.000000,0.006419
Q_ind_151_anc_4-1,0.000950,0.000000,0.000000,0.010231
Q_ind_152_anc_4-1,0.000522,0.000000,0.000000,0.006149
Q_ind_153_anc_4-1,0.000513,0.000000,0.000000,0.005254
Q_ind_154_anc_4-1,0.001584,0.000001,0.000000,0.015393
Q_ind_155_anc_4-1,0.000990,0.000000,0.000000,0.011871
Q_ind_156_anc_4-1,0.001070,0.000000,0.000000,0.010591
Q_ind_157_anc_4-1,0.015445,0.001301,0.000000,0.072340
Q_ind_158_anc_4-1,0.001031,0.000000,0.000000,0.010422
Q_ind_159_anc_4-1,0.000599,0.000000,0.000000,0.006488
Q_ind_160_anc_4-1,0.000374,0.000000,0.000000,0.004125
Q_ind_161_anc_4-1,0.001418,0.000000,0.000000,0.015084
Q_ind_162_anc_4-1,0.001086,0.000000,0.000000,0.012167
Q_ind_163_anc_4-1,0.000438,0.000000,0.000000,0.004517
Q_ind_164_anc_4-1,0.001073,0.000000,0.000000,0.011718
Q_ind_165_anc_4-1,0.015080,0.000025,0.000000,0.110200
Q_ind_166_anc_4-1,0.008921,0.000020,0.000000,0.068379
Q_ind_167_anc_4-1,0.022006,0.001727,0.000000,0.102661
Q_ind_168_anc_4-1,0.445034,0.445032,0.362642,0.528523
Q_ind_169_anc_4-1,0.128825,0.129368,0.060348,0.193066
Q_ind_170_anc_4-1,0.005188,0.000003,0.000000,0.045914
Q_ind_171_anc_4-1,0.002255,0.000000,0.000000,0.025915
Q_ind_172_anc_4-1,0.012984,0.000097,0.000000,0.077886
Q_ind_173_anc_4-1,0.222363,0.223687,0.139170,0.300540
Q_ind_174_anc_4-1,0.006131,0.000004,0.000000,0.061483
Q_ind_175_anc_4-1,0.197313,0.197247,0.120170,0.276897
Q_ind_176_anc_4-1,0.013969,0.000025,0.000000,0.109473
Q_ind_177_anc_4-1,0.001047,0.000000,0.000000,0.011845
Q_ind_178_anc_4-1,0.001047,0.000000,0.000000,0.011418
Q_ind_179_anc_4-1,0.000751,0.000000,0.000000,0.008417
Q_ind_180_anc_4-1,0.000781,0.000000,0.000000,0.009182
Q_ind_181_anc_4-1,0.068793,0.080652,0.000000,0.170652
Q_ind_182_anc_4-1,0.000800,0.000000,0.000000,0.009339
Q_ind_183_anc_4-1,0.000624,0.000000,0.000000,0.006867
Q_ind_184_anc_4-1,0.027976,0.015289,0.000000,0.097183
Q_ind_185_anc_4-1,0.232194,0.277317,0.000000,0.427004
Q_ind_186_anc_4-1,0.422267,0.448953,0.198270,0.560645
Q_ind_187_anc_4-1,0.127792,0.133256,0.000000,0.323832
Q_ind_188_anc_4-1,0.556029,0.560147,0.426900,0.661939
Q_ind_189_anc_4-1,0.049289,0.000068,0.000000,0.378493
Q_ind_190_anc_4-1,0.400181,0.402164,0.216375,0.568749
Q_ind_191_anc_4-1,0.370685,0.411982,0.000015,0.555288
Q_ind_192_anc_4-1,0.001244,0.000000,0.000000,0.014778
Q_ind_193_anc_4-1,0.004094,0.000003,0.000000,0.039212
Q_ind_194_anc_4-1,0.000156,0.000000,0.000000,0.001585
Q_ind_195_anc_4-1,0.000692,0.000000,0.000000,0.007308
Q_ind_196_anc_4-1,0.000233,0.000000,0.000000,0.002651
Q_ind_197_anc_4-1,0.000267,0.000000,0.000000,0.002952
Q_ind_198_anc_4-1,0.000147,0.000000,0.000000,0.001641
Q_ind_199_anc_4-1,0.001138,0.000000,0.000000,0.013740
Q_ind_200_anc_4-1,0.000245,0.000000,0.000000,0.002678
Q_ind_201_anc_4-1,0.169347,0.169122,0.083346,0.259005
Q_ind_202_anc_4-1,0.000417,0.000000,0.000000,0.004471
Q_ind_203_anc_4-1,0.004947,0.000004,0.000000,0.050518
Q_ind_204_anc_4-1,0.005427,0.000003,0.000000,0.050000
Q_ind_205_anc_4-1,0.008421,0.000008,0.000000,0.069983
Q_ind_206_anc_4-1,0.005988,0.000002,0.000000,0.062860
Q_ind_207_anc_4-1,0.056206,0.058707,0.000000,0.153425
Q_ind_208_anc_4-1,0.001052,0.000000,0.000000,0.011208
Q_ind_209_anc_4-1,0.007137,0.000007,0.000000,0.059436
Q_ind_210_anc_4-1,0.003599,0.000001,0.000000,0.038753
Q_ind_211_anc_4-1,0.003079,0.000001,0.000000,0.036600
Q_ind_212_anc_4-1,0.201946,0.204503,0.101018,0.299865
Q_ind_213_anc_4-1,0.071657,0.013334,0.000000,0.252334
Q_ind_214_anc_4-1,0.183849,0.183861,0.110951,0.264468
Q_ind_215_anc_4-1,0.109633,0.114052,0.000000,0.198840
Q_ind_216_anc_4-1,0.094308,0.095278,0.000000,0.241639
Q_ind_217_anc_4-1,0.127281,0.131155,0.000191,0.210228
Q_ind_218_anc_4-1,0.257139,0.254988,0.182462,0.342714
Q_ind_219_anc_4-1,0.153678,0.165756,0.000000,0.265340
Q_ind_220_anc_4-1,0.095561,0.049678,0.000000,0.288593
Q_ind_221_anc_4-1,0.129974,0.136242,0.000000,0.312459
Q_ind_222_anc_4-1,0.059926,0.002223,0.000000,0.231354
Q_ind_223_anc_4-1,0.002007,0.000001,0.000000,0.021660
Q_ind_224_anc_4-1,0.028396,0.000842,0.000000,0.138889
Q_ind_225_anc_4-1,0.101196,0.006257,0.000000,0.356922
Q_ind_226_anc_4-1,0.000909,0.000000,0.000000,0.009999
Q_ind_227_anc_4-1,0.222543,0.243959,0.000000,0.368627
Q_ind_228_anc_4-1,0.004788,0.000002,0.000000,0.052377
Q_ind_229_anc_4-1,0.068497,0.004526,0.000000,0.293944
Q_ind_230_anc_4-1,0.005976,0.000001,0.000000,0.078640
Q_ind_231_anc_4-1,0.000976,0.000000,0.000000,0.010868
Q_ind_232_anc_4-1,0.121485,0.130238,0.000000,0.247321
Q_ind_233_anc_4-1,0.016692,0.000025,0.000000,0.148674
Q_ind_234_anc_4-1,0.056202,0.000166,0.000000,0.309128
Q_ind_235_anc_4-1,0.305244,0.335727,0.000000,0.524632
Q_ind_236_anc_4-1,0.040963,0.000373,0.000000,0.238346
Q_ind_237_anc_4-1,0.224973,0.249169,0.000000,0.449638
Q_ind_238_anc_4-1,0.806664,0.808940,0.690249,0.916234
Q_ind_239_anc_4-1,0.321030,0.317741,0.150358,0.498585
Q_ind_240_anc_4-1,0.807261,0.808318,0.706529,0.898016
Q_ind_241_anc_4-1,0.539064,0.533967,0.347379,0.732385
Q_ind_242_anc_4-1,0.563025,0.557304,0.373273,0.775815
Q_ind_243_anc_4-1,0.872147,0.872791,0.802174,0.938336
Q_ind_244_anc_4-1,0.014642,0.000006,0.000000,0.160517
Q_ind_245_anc_4-1,0.848834,0.849836,0.766120,0.926443
Q_ind_1_anc_4-2,0.005198,0.000002,0.000000,0.051447
Q_ind_2_anc_4-2,0.006279,0.000002,0.000000,0.073067
Q_ind_3_anc_4-2,0.053158,0.000068,0.000000,0.231447
Q_ind_4_anc_4-2,0.112661,0.135359,0.000000,0.212920
Q_ind_5_anc_4-2,0.010964,0.000020,0.000000,0.083043
Q_ind_6_anc_4-2,0.233019,0.240204,0.138474,0.299012
Q_ind_7_anc_4-2,0.024709,0.000121,0.000000,0.158770
Q_ind_8_anc_4-2,0.007768,0.000005,0.000000,0.083825
Q_ind_9_anc_4-2,0.057594,0.000211,0.000000,0.269599
Q_ind_10_anc_4-2,0.003901,0.000001,0.000000,0.047054
Q_ind_11_anc_4-2,0.006008,0.000004,0.000000,0.067197
Q_ind_12_anc_4-2,0.178165,0.199541,0.000000,0.265175
Q_ind_13_anc_4-2,0.013830,0.000179,0.000000,0.078494
Q_ind_14_anc_4-2,0.002895,0.000001,0.000000,0.032523
Q_ind_15_anc_4-2,0.026136,0.000155,0.000000,0.146000
Q_ind_16_anc_4-2,0.009863,0.000033,0.000000,0.079599
Q_ind_17_anc_4-2,0.002073,0.000000,0.000000,0.020560
Q_ind_18_anc_4-2,0.001636,0.000001,0.000000,0.017520
Q_ind_19_anc_4-2,0.030267,0.000681,0.000000,0.133424
Q_ind_20_anc_4-2,0.001819,0.000001,0.000000,0.019770
Q_ind_21_anc_4-2,0.046304,0.020486,0.000000,0.152068
Q_ind_22_anc_4-2,0.132218,0.132323,0.065631,0.195042
Q_ind_23_anc_4-2,0.119061,0.118832,0.057548,0.181117
Q_ind_24_anc_4-2,0.164565,0.175916,0.000000,0.266574
Q_ind_25_anc_4-2,0.012137,0.000031,0.000000,0.076760
Q_ind_26_anc_4-2,0.114633,0.114679,0.060039,0.168132
Q_ind_27_anc_4-2,0.037977,0.025855,0.000000,0.125054
Q_ind_28_anc_4-2,0.086326,0.094300,0.000000,0.165969
Q_ind_29_anc_4-2,0.088119,0.092378,0.000002,0.160923
Q_ind_30_anc_4-2,0.141919,0.141739,0.085734,0.200461
Q_ind_31_anc_4-2,0.001522,0.000000,0.000000,0.017586
Q_ind_32_anc_4-2,0.002928,0.000002,0.000000,0.030362
Q_ind_33_anc_4-2,0.002198,0.000001,0.000000,0.021257
Q_ind_34_anc_4-2,0.002615,0.000001,0.000000,0.029435
Q_ind_35_anc_4-2,0.002640,0.000001,0.000000,0.032931
Q_ind_36_anc_4-2,0.002763,0.000002,0.000000,0.027265
Q_ind_37_anc_4-2,0.005370,0.000007,0.000000,0.044765
Q_ind_38_anc_4-2,0.001492,0.000001,0.000000,0.015309
Q_ind_39_anc_4-2,0.141183,0.146327,0.000035,0.213982
Q_ind_40_anc_4-2,0.015681,0.000098,0.000000,0.095699
Q_ind_41_anc_4-2,0.001866,0.000001,0.000000,0.021107
Q_ind_42_anc_4-2,0.002085,0.000001,0.000000,0.022215
Q_ind_43_anc_4-2,0.001565,0.000000,0.000000,0.017090
Q_ind_44_anc_4-2,0.001167,0.000000,0.000000,0.012641
Q_ind_45_anc_4-2,0.001574,0.000001,0.000000,0.018707
Q_ind_46_anc_4-2,0.000818,0.000000,0.000000,0.009593
Q_ind_47_anc_4-2,0.006794,0.000008,0.000000,0.054118
Q_ind_48_anc_4-2,0.010301,0.000040,0.000000,0.063646
Q_ind_49_anc_4-2,0.001809,0.000001,0.000000,0.018852
Q_ind_50_anc_4-2,0.000911,0.000000,0.000000,0.011082
Q_ind_51_anc_4-2,0.002004,0.000001,0.000000,0.019895
Q_ind_52_anc_4-2,0.001127,0.000000,0.000000,0.013837
Q_ind_53_anc_4-2,0.000869,0.000000,0.000000,0.008926
Q_ind_54_anc_4-2,0.001175,0.000000,0.000000,0.013569
Q_ind_55_anc_4-2,0.000829,0.000000,0.000000,0.009738
Q_ind_56_anc_4-2,0.001437,0.000001,0.000000,0.015055
Q_ind_57_anc_4-2,0.001938,0.000001,0.000000,0.021515
Q_ind_58_anc_4-2,0.001388,0.000001,0.000000,0.013847
Q_ind_59_anc_4-2,0.005462,0.000005,0.000000,0.047971
Q_ind_60_anc_4-2,0.000792,0.000000,0.000000,0.009686
Q_ind_61_anc_4-2,0.002632,0.000001,0.000000,0.032591
Q_ind_62_anc_4-2,0.003834,0.000005,0.000000,0.032761
Q_ind_63_anc_4-2,0.000265,0.000000,0.000000,0.002954
Q_ind_64_anc_4-2,0.000262,0.000000,0.000000,0.002828
Q_ind_65_anc_4-2,0.000455,0.000000,0.000000,0.005182
Q_ind_66_anc_4-2,0.000312,0.000000,0.000000,0.003116
Q_ind_67_anc_4-2,0.000653,0.000000,0.000000,0.007725
Q_ind_68_anc_4-2,0.001104,0.000000,0.000000,0.010855
Q_ind_69_anc_4-2,0.092392,0.096208,0.000000,0.154980
Q_ind_70_anc_4-2,0.002530,0.000002,0.000000,0.025178
Q_ind_71_anc_4-2,0.000594,0.000000,0.000000,0.007194
Q_ind_72_anc_4-2,0.001273,0.000001,0.000000,0.013021
Q_ind_73_anc_4-2,0.000962,0.000000,0.000000,0.010349
Q_ind_74_anc_4-2,0.054939,0.060677,0.000000,0.129323
Q_ind_75_anc_4-2,0.001580,0.000001,0.000000,0.018071
Q_ind_76_anc_4-2,0.001446,0.000001,0.000000,0.014934
Q_ind_77_anc_4-2,0.276056,0.276385,0.202496,0.349069
Q_ind_78_anc_4-2,0.332582,0.334252,0.243680,0.404558
Q_ind_79_anc_4-2,0.276413,0.275753,0.208463,0.344425
Q_ind_80_anc_4-2,0.238635,0.239549,0.168620,0.303081
Q_ind_81_anc_4-2,0.328020,0.329976,0.243722,0.403141
Q_ind_82_anc_4-2,0.297854,0.303242,0.190530,0.378815
Q_ind_83_anc_4-2,0.301830,0.302658,0.230481,0.370515
Q_ind_84_anc_4-2,0.314236,0.315265,0.240164,0.384683
Q_ind_85_anc_4-2,0.207880,0.208451,0.072695,0.333745
Q_ind_86_anc_4-2,0.289597,0.290561,0.214418,0.361578
Q_ind_87_anc_4-2,0.233114,0.237905,0.122216,0.307461
Q_ind_88_anc_4-2,0.355469,0.364896,0.133316,0.471404
Q_ind_89_anc_4-2,0.018321,0.000203,0.000000,0.122777
Q_ind_90_anc_4-2,0.046264,0.001538,0.000000,0.264183
Q_ind_91_anc_4-2,0.405730,0.411018,0.251528,0.516783
Q_ind_92_anc_4-2,0.071694,0.001165,0.000000,0.314573
Q_ind_93_anc_4-2,0.335284,0.348719,0.127856,0.466033
Q_ind_94_anc_4-2,0.494656,0.509201,0.290529,0.600354
Q_ind_95_anc_4-2,0.340477,0.385069,0.000000,0.507452
Q_ind_96_anc_4-2,0.000604,0.000000,0.000000,0.006888
Q_ind_97_anc_4-2,0.000940,0.000000,0.000000,0.009577
Q_ind_98_anc_4-2,0.000507,0.000000,0.000000,0.005221
Q_ind_99_anc_4-2,0.001180,0.000000,0.000000,0.012712
Q_ind_100_anc_4-2,0.001077,0.000001,0.000000,0.011710
Q_ind_101_anc_4-2,0.000432,0.000000,0.000000,0.004748
Q_ind_102_anc_4-2,0.000354,0.000000,0.000000,0.003887
Q_ind_103_anc_4-2,0.000825,0.000000,0.000000,0.009262
Q_ind_104_anc_4-2,0.000267,0.000000,0.000000,0.002863
Q_ind_105_anc_4-2,0.000787,0.000000,0.000000,0.008271
Q_ind_106_anc_4-2,0.008179,0.000044,0.000000,0.048144
Q_ind_107_anc_4-2,0.002833,0.000001,0.000000,0.027681
Q_ind_108_anc_4-2,0.001648,0.000000,0.000000,0.016870
Q_ind_109_anc_4-2,0.001663,0.000001,0.000000,0.017603
Q_ind_110_anc_4-2,0.000802,0.000000,0.000000,0.009236
Q_ind_111_anc_4-2,0.001526,0.000000,0.000000,0.018656
Q_ind_112_anc_4-2,0.001292,0.000000,0.000000,0.013533
Q_ind_113_anc_4-2,0.013383,0.000076,0.000000,0.089332
Q_ind_114_anc_4-2,0.002185,0.000001,0.000000,0.022775
Q_ind_115_anc_4-2,0.006007,0.000006,0.000000,0.052481
Q_ind_116_anc_4-2,0.000632,0.000000,0.000000,0.006237
Q_ind_117_anc_4-2,0.001224,0.000000,0.000000,0.013429
Q_ind_118_anc_4-2,0.002923,0.000002,0.000000,0.027164
Q_ind_119_anc_4-2,0.001280,0.000000,0.000000,0.014602
Q_ind_120_anc_4-2,0.000455,0.000000,0.000000,0.005108
Q_ind_121_anc_4-2,0.003281,0.000003,0.000000,0.029572
Q_ind_122_anc_4-2,0.000905,0.000000,0.000000,0.010376
Q_ind_123_anc_4-2,0.001922,0.000001,0.000000,0.021821
Q_ind_124_anc_4-2,0.001152,0.000000,0.000000,0.012273
Q_ind_125_anc_4-2,0.218964,0.219443,0.147715,0.285591
Q_ind_126_anc_4-2,0.210156,0.215616,0.086376,0.294108
Q_ind_127_anc_4-2,0.208075,0.207495,0.124541,0.284910
Q_ind_128_anc_4-2,0.233292,0.236818,0.129884,0.316345
Q_ind_129_anc_4-2,0.161263,0.174817,0.000000,0.260033
Q_ind_130_anc_4-2,0.049502,0.002723,0.000000,0.197575
Q_ind_131_anc_4-2,0.343627,0.343712,0.269837,0.415825
Q_ind_132_anc_4-2,0.307461,0.307608,0.239056,0.374775
Q_ind_133_anc_4-2,0.005501,0.000017,0.000000,0.041989
Q_ind_134_anc_4-2,0.002479,0.000002,0.000000,0.024975
Q_ind_135_anc_4-2,0.009334,0.000055,0.000000,0.061302
Q_ind_136_anc_4-2,0.004840,0.000002,0.000000,0.048418
Q_ind_137_anc_4-2,0.002152,0.000001,0.000000,0.022070
Q_ind_138_anc_4-2,0.085931,0.085979,0.032305,0.141862
Q_ind_139_anc_4-2,0.008458,0.000070,0.000000,0.054396
Q_ind_140_anc_4-2,0.006421,0.000004,0.000000,0.054591
Q_ind_141_anc_4-2,0.001360,0.000000,0.000000,0.013986
Q_ind_142_anc_4-2,0.278305,0.278012,0.218554,0.339808
Q_ind_143_anc_4-2,0.005691,0.000006,0.000000,0.051314
Q_ind_144_anc_4-2,0.001252,0.000000,0.000000,0.014618
Q_ind_145_anc_4-2,0.000264,0.000000,0.000000,0.002797
Q_ind_146_anc_4-2,0.006876,0.000006,0.000000,0.057580
Q_ind_147_anc_4-2,0.000891,0.000000,0.000000,0.010376
Q_ind_148_anc_4-2,0.001355,0.000000,0.000000,0.013610
Q_ind_149_anc_4-2,0.035892,0.014796,0.000000,0.131140
Q_ind_150_anc_4-2,0.000413,0.000000,0.000000,0.004515
Q_ind_151_anc_4-2,0.000831,0.000000,0.000000,0.009041
Q_ind_152_anc_4-2,0.000531,0.000000,0.000000,0.005727
Q_ind_153_anc_4-2,0.000397,0.000000,0.000000,0.004235
Q_ind_154_anc_4-2,0.000627,0.000000,0.000000,0.007249
Q_ind_155_anc_4-2,0.580813,0.582113,0.485060,0.670023
Q_ind_156_anc_4-2,0.024981,0.000042,0.000000,0.180417
Q_ind_157_anc_4-2,0.012276,0.000033,0.000000,0.107525
Q_ind_158_anc_4-2,0.163386,0.193837,0.000000,0.290643
Q_ind_159_anc_4-2,0.240213,0.267119,0.000039,0.339479
Q_ind_160_anc_4-2,0.072242,0.042311,0.000000,0.218254
Q_ind_161_anc_4-2,0.011777,0.000021,0.000000,0.099401
Q_ind_162_anc_4-2,0.084454,0.064388,0.000000,0.243494
Q_ind_163_anc_4-2,0.041213,0.013690,0.000000,0.153842
Q_ind_164_anc_4-2,0.023212,0.000070,0.000000,0.147800
Q_ind_165_anc_4-2,0.017587,0.000271,0.000000,0.088888
Q_ind_166_anc_4-2,0.005419,0.000006,0.000000,0.048406
Q_ind_167_anc_4-2,0.004874,0.000002,0.000000,0.052330
Q_ind_168_anc_4-2,0.094334,0.094297,0.028601,0.158691
Q_ind_169_anc_4-2,0.402566,0.402129,0.337799,0.469242
Q_ind_170_anc_4-2,0.005674,0.000009,0.000000,0.048766
Q_ind_171_anc_4-2,0.089076,0.094147,0.000000,0.165457
Q_ind_172_anc_4-2,0.001225,0.000000,0.000000,0.013399
Q_ind_173_anc_4-2,0.002936,0.000003,0.000000,0.029272
Q_ind_174_anc_4-2,0.020240,0.008485,0.000000,0.082948
Q_ind_175_anc_4-2,0.074721,0.075764,0.000000,0.139436
Q_ind_176_anc_4-2,0.445431,0.454381,0.320826,0.532675
Q_ind_177_anc_4-2,0.425799,0.479712,0.000000,0.585025
Q_ind_178_anc_4-2,0.356559,0.355250,0.239663,0.482820
Q_ind_179_anc_4-2,0.303140,0.303019,0.097198,0.480072
Q_ind_180_anc_4-2,0.067022,0.058332,0.000000,0.199722
Q_ind_181_anc_4-2,0.423165,0.425610,0.321967,0.518178
Q_ind_182_anc_4-2,0.480639,0.485045,0.365631,0.570174
Q_ind_183_anc_4-2,0.311705,0.310192,0.194111,0.440636
Q_ind_184_anc_4-2,0.523423,0.526755,0.421407,0.604059
Q_ind_185_anc_4-2,0.000817,0.000000,0.000000,0.009025
Q_ind_186_anc_4-2,0.000661,0.000000,0.000000,0.007240
Q_ind_187_anc_4-2,0.000386,0.000000,0.000000,0.004126
Q_ind_188_anc_4-2,0.000508,0.000000,0.000000,0.005549
Q_ind_189_anc_4-2,0.000563,0.000000,0.000000,0.007191
Q_ind_190_anc_4-2,0.002952,0.000001,0.000000,0.033490
Q_ind_191_anc_4-2,0.000455,0.000000,0.000000,0.005137
Q_ind_192_anc_4-2,0.001180,0.000000,0.000000,0.014077
Q_ind_193_anc_4-2,0.001659,0.000001,0.000000,0.016715
Q_ind_194_anc_4-2,0.000152,0.000000,0.000000,0.001682
Q_ind_195_anc_4-2,0.002248,0.000001,0.000000,0.023951
Q_ind_196_anc_4-2,0.000172,0.000000,0.000000,0.001817
Q_ind_197_anc_4-2,0.000186,0.000000,0.000000,0.002073
Q_ind_198_anc_4-2,0.000158,0.000000,0.000000,0.001826
Q_ind_199_anc_4-2,0.001142,0.000000,0.000000,0.013050
Q_ind_200_anc_4-2,0.000323,0.000000,0.000000,0.003404
Q_ind_201_anc_4-2,0.005222,0.000027,0.000000,0.039483
Q_ind_202_anc_4-2,0.000961,0.000001,0.000000,0.010669
Q_ind_203_anc_4-2,0.081480,0.091610,0.000000,0.195016
Q_ind_204_anc_4-2,0.003423,0.000002,0.000000,0.036984
Q_ind_205_anc_4-2,0.006259,0.000006,0.000000,0.055630
Q_ind_206_anc_4-2,0.012185,0.000020,0.000000,0.097304
Q_ind_207_anc_4-2,0.062901,0.069313,0.000000,0.159773
Q_ind_208_anc_4-2,0.045725,0.016757,0.000000,0.188086
Q_ind_209_anc_4-2,0.003263,0.000001,0.000000,0.035033
Q_ind_210_anc_4-2,0.005050,0.000008,0.000000,0.042251
Q_ind_211_anc_4-2,0.053035,0.053583,0.000000,0.136250
Q_ind_212_anc_4-2,0.175434,0.174645,0.115371,0.236635
Q_ind_213_anc_4-2,0.025562,0.008327,0.000000,0.099150
Q_ind_214_anc_4-2,0.085778,0.089042,0.000001,0.156583
Q_ind_215_anc_4-2,0.144388,0.147934,0.019933,0.216041
Q_ind_216_anc_4-2,0.105276,0.116345,0.000000,0.189432
Q_ind_217_anc_4-2,0.004579,0.000004,0.000000,0.045577
Q_ind_218_anc_4-2,0.220067,0.220019,0.152913,0.286247
Q_ind_219_anc_4-2,0.048873,0.052107,0.000000,0.127486
Q_ind_220_anc_4-2,0.108215,0.121207,0.000000,0.193452
Q_ind_221_anc_4-2,0.230350,0.229628,0.155896,0.306320
Q_ind_222_anc_4-2,0.078359,0.080344,0.000009,0.147003
Q_ind_223_anc_4-2,0.084446,0.096699,0.000000,0.176124
Q_ind_224_anc_4-2,0.373179,0.374144,0.290343,0.448566
Q_ind_225_anc_4-2,0.026814,0.000052,0.000000,0.175487
Q_ind_226_anc_4-2,0.191460,0.224192,0.000000,0.305904
Q_ind_227_anc_4-2,0.012569,0.000009,0.000000,0.102547
Q_ind_228_anc_4-2,0.057801,0.037374,0.000000,0.180928
Q_ind_229_anc_4-2,0.100879,0.098418,0.014270,0.192886
Q_ind_230_anc_4-2,0.002310,0.000001,0.000000,0.026585
Q_ind_231_anc_4-2,0.065873,0.041885,0.000000,0.220584
Q_ind_232_anc_4-2,0.007297,0.000009,0.000000,0.058456
Q_ind_233_anc_4-2,0.024023,0.000310,0.000000,0.130428
Q_ind_234_anc_4-2,0.001436,0.000001,0.000000,0.015532
Q_ind_235_anc_4-2,0.000510,0.000000,0.000000,0.005988
Q_ind_236_anc_4-2,0.000329,0.000000,0.000000,0.003474
Q_ind_237_anc_4-2,0.000586,0.000000,0.000000,0.006426
Q_ind_238_anc_4-2,0.000703,0.000000,0.000000,0.008056
Q_ind_239_anc_4-2,0.000687,0.000000,0.000000,0.007860
Q_ind_240_anc_4-2,0.000562,0.000000,0.000000,0.006324
Q_ind_241_anc_4-2,0.017346,0.004325,0.000000,0.068426
Q_ind_242_anc_4-2,0.002651,0.000003,0.000000,0.022336
Q_ind_243_anc_4-2,0.001147,0.000000,0.000000,0.013384
Q_ind_244_anc_4-2,0.001095,0.000000,0.000000,0.011554
Q_ind_245_anc_4-2,0.000731,0.000000,0.000000,0.007733
Q_ind_1_anc_4-3,0.551439,0.552598,0.449516,0.649558
Q_ind_2_anc_4-3,0.450474,0.451377,0.332481,0.565504
Q_ind_3_anc_4-3,0.064675,0.000333,0.000000,0.309132
Q_ind_4_anc_4-3,0.081292,0.032436,0.000000,0.272871
Q_ind_5_anc_4-3,0.711038,0.713358,0.623019,0.787900
Q_ind_6_anc_4-3,0.042083,0.000612,0.000000,0.220559
Q_ind_7_anc_4-3,0.315418,0.322903,0.146118,0.437623
Q_ind_8_anc_4-3,0.271558,0.274524,0.150733,0.366399
Q_ind_9_anc_4-3,0.263112,0.295711,0.000000,0.417909
Q_ind_10_anc_4-3,0.227264,0.232000,0.084142,0.338407
Q_ind_11_anc_4-3,0.296824,0.297421,0.195666,0.393614
Q_ind_12_anc_4-3,0.053645,0.000364,0.000000,0.310540
Q_ind_13_anc_4-3,0.002465,0.000001,0.000000,0.029079
Q_ind_14_anc_4-3,0.003215,0.000001,0.000000,0.032904
Q_ind_15_anc_4-3,0.015836,0.000060,0.000000,0.090440
Q_ind_16_anc_4-3,0.035814,0.005123,0.000000,0.137629
Q_ind_17_anc_4-3,0.001487,0.000000,0.000000,0.018679
Q_ind_18_anc_4-3,0.005733,0.000004,0.000000,0.057904
Q_ind_19_anc_4-3,0.002845,0.000002,0.000000,0.028715
Q_ind_20_anc_4-3,0.001330,0.000000,0.000000,0.014417
Q_ind_21_anc_4-3,0.001638,0.000001,0.000000,0.018148
Q_ind_22_anc_4-3,0.007946,0.000012,0.000000,0.066691
Q_ind_23_anc_4-3,0.007355,0.000002,0.000000,0.074809
Q_ind_24_anc_4-3,0.028447,0.000229,0.000000,0.154860
Q_ind_25_anc_4-3,0.002485,0.000001,0.000000,0.029330
Q_ind_26_anc_4-3,0.003009,0.000001,0.000000,0.033383
Q_ind_27_anc_4-3,0.002466,0.000001,0.000000,0.027832
Q_ind_28_anc_4-3,0.006606,0.000005,0.000000,0.059378
Q_ind_29_anc_4-3,0.007433,0.000005,0.000000,0.067312
Q_ind_30_anc_4-3,0.003831,0.000002,0.000000,0.039336
Q_ind_31_anc_4-3,0.441505,0.440717,0.334947,0.552582
Q_ind_32_anc_4-3,0.414602,0.422983,0.212711,0.595421
Q_ind_33_anc_4-3,0.470982,0.472555,0.345287,0.588163
Q_ind_34_anc_4-3,0.318905,0.320062,0.191849,0.443387
Q_ind_35_anc_4-3,0.375879,0.378012,0.241810,0.494838
Q_ind_36_anc_4-3,0.358774,0.356966,0.243449,0.473237
Q_ind_37_anc_4-3,0.447488,0.447919,0.322227,0.572919
Q_ind_38_anc_4-3,0.420468,0.421530,0.299569,0.534441
Q_ind_39_anc_4-3,0.414335,0.410724,0.307949,0.550369
Q_ind_40_anc_4-3,0.445308,0.450997,0.278345,0.597401
Q_ind_41_anc_4-3,0.644100,0.643225,0.540040,0.747071
Q_ind_42_anc_4-3,0.001337,0.000000,0.000000,0.015348
Q_ind_43_anc_4-3,0.007585,0.000006,0.000000,0.063044
Q_ind_44_anc_4-3,0.003876,0.000002,0.000000,0.042274
Q_ind_45_anc_4-3,0.004066,0.000001,0.000000,0.043636
Q_ind_46_anc_4-3,0.002300,0.000001,0.000000,0.023681
Q_ind_47_anc_4-3,0.005072,0.000004,0.000000,0.045581
Q_ind_48_anc_4-3,0.002736,0.000001,0.000000,0.026530
Q_ind_49_anc_4-3,0.001863,0.000000,0.000000,0.023758
Q_ind_50_anc_4-3,0.006722,0.000007,0.000000,0.056903
Q_ind_51_anc_4-3,0.000973,0.000000,0.000000,0.009917
Q_ind_52_anc_4-3,0.000621,0.000000,0.000000,0.006684
Q_ind_53_anc_4-3,0.000487,0.000000,0.000000,0.005749
Q_ind_54_anc_4-3,0.001354,0.000000,0.000000,0.015041
Q_ind_55_anc_4-3,0.000454,0.000000,0.000000,0.004732
Q_ind_56_anc_4-3,0.000650,0.000000,0.000000,0.007555
Q_ind_57_anc_4-3,0.001421,0.000000,0.000000,0.017314
Q_ind_58_anc_4-3,0.000711,0.000000,0.000000,0.008039
Q_ind_59_anc_4-3,0.001292,0.000000,0.000000,0.015055
Q_ind_60_anc_4-3,0.000800,0.000000,0.000000,0.009022
Q_ind_61_anc_4-3,0.002096,0.000000,0.000000,0.027158
Q_ind_62_anc_4-3,0.001999,0.000002,0.000000,0.019700
Q_ind_63_anc_4-3,0.001047,0.000000,0.000000,0.011416
Q_ind_64_anc_4-3,0.000568,0.000000,0.000000,0.006665
Q_ind_65_anc_4-3,0.000461,0.000000,0.000000,0.005015
Q_ind_66_anc_4-3,0.000558,0.000000,0.000000,0.006406
Q_ind_67_anc_4-3,0.000429,0.000000,0.000000,0.005028
Q_ind_68_anc_4-3,0.003577,0.000001,0.000000,0.036503
Q_ind_69_anc_4-3,0.140935,0.140389,0.055753,0.224606
Q_ind_70_anc_4-3,0.050543,0.006387,0.000000,0.172940
Q_ind_71_anc_4-3,0.000795,0.000000,0.000000,0.009616
Q_ind_72_anc_4-3,0.002266,0.000001,0.000000,0.024933
Q_ind_73_anc_4-3,0.010829,0.000041,0.000000,0.081594
Q_ind_74_anc_4-3,0.076010,0.078531,0.000000,0.183531
Q_ind_75_anc_4-3,0.175123,0.174760,0.110002,0.239882
Q_ind_76_anc_4-3,0.001642,0.000001,0.000000,0.017157
Q_ind_77_anc_4-3,0.086595,0.054368,0.000000,0.251420
Q_ind_78_anc_4-3,0.028777,0.000038,0.000000,0.193314
Q_ind_79_anc_4-3,0.202875,0.205389,0.092389,0.295446
Q_ind_80_anc_4-3,0.259894,0.260297,0.151900,0.353683
Q_ind_81_anc_4-3,0.179335,0.180834,0.051154,0.280209
Q_ind_82_anc_4-3,0.014206,0.000002,0.000000,0.167959
Q_ind_83_anc_4-3,0.143634,0.143308,0.040061,0.246731
Q_ind_84_anc_4-3,0.033976,0.000035,0.000000,0.231328
Q_ind_85_anc_4-3,0.073494,0.024755,0.000000,0.226385
Q_ind_86_anc_4-3,0.162022,0.176508,0.000000,0.301930
Q_ind_87_anc_4-3,0.232665,0.235084,0.093057,0.351022
Q_ind_88_anc_4-3,0.012580,0.000003,0.000000,0.125203
Q_ind_89_anc_4-3,0.007227,0.000004,0.000000,0.078641
Q_ind_90_anc_4-3,0.209860,0.239062,0.000000,0.371889
Q_ind_91_anc_4-3,0.036025,0.003677,0.000000,0.188550
Q_ind_92_anc_4-3,0.086295,0.004464,0.000000,0.330951
Q_ind_93_anc_4-3,0.056797,0.000097,0.000000,0.322541
Q_ind_94_anc_4-3,0.030607,0.000022,0.000000,0.254476
Q_ind_95_anc_4-3,0.010265,0.000007,0.000000,0.115880
Q_ind_96_anc_4-3,0.000633,0.000000,0.000000,0.007082
Q_ind_97_anc_4-3,0.001377,0.000001,0.000000,0.014747
Q_ind_98_anc_4-3,0.000768,0.000000,0.000000,0.008355
Q_ind_99_anc_4-3,0.000481,0.000000,0.000000,0.004856
Q_ind_100_anc_4-3,0.000596,0.000000,0.000000,0.006544
Q_ind_101_anc_4-3,0.000357,0.000000,0.000000,0.004082
Q_ind_102_anc_4-3,0.000252,0.000000,0.000000,0.002874
Q_ind_103_anc_4-3,0.000472,0.000000,0.000000,0.004983
Q_ind_104_anc_4-3,0.000308,0.000000,0.000000,0.003310
Q_ind_105_anc_4-3,0.000633,0.000000,0.000000,0.006098
Q_ind_106_anc_4-3,0.006567,0.000023,0.000000,0.044909
Q_ind_107_anc_4-3,0.181416,0.203130,0.000000,0.407132
Q_ind_108_anc_4-3,0.305597,0.322403,0.000007,0.558102
Q_ind_109_anc_4-3,0.011608,0.000005,0.000000,0.115219
Q_ind_110_anc_4-3,0.298002,0.294976,0.063739,0.533155
Q_ind_111_anc_4-3,0.027909,0.000023,0.000000,0.300718
Q_ind_112_anc_4-3,0.495803,0.498688,0.377712,0.585147
Q_ind_113_anc_4-3,0.116868,0.002463,0.000000,0.625940
Q_ind_114_anc_4-3,0.026084,0.000022,0.000000,0.251804
Q_ind_115_anc_4-3,0.001892,0.000001,0.000000,0.022112
Q_ind_116_anc_4-3,0.001012,0.000000,0.000000,0.010133
Q_ind_117_anc_4-3,0.000696,0.000000,0.000000,0.007591
Q_ind_118_anc_4-3,0.000894,0.000000,0.000000,0.010272
Q_ind_119_anc_4-3,0.000956,0.000000,0.000000,0.010106
Q_ind_120_anc_4-3,0.000331,0.000000,0.000000,0.003646
Q_ind_121_anc_4-3,0.001399,0.000001,0.000000,0.014391
Q_ind_122_anc_4-3,0.000584,0.000000,0.000000,0.006293
Q_ind_123_anc_4-3,0.000690,0.000000,0.000000,0.008108
Q_ind_124_anc_4-3,0.000665,0.000000,0.000000,0.006433
Q_ind_125_anc_4-3,0.218664,0.219787,0.113577,0.324357
Q_ind_126_anc_4-3,0.024893,0.000014,0.000000,0.212228
Q_ind_127_anc_4-3,0.125898,0.128273,0.002142,0.240887
Q_ind_128_anc_4-3,0.125540,0.140860,0.000000,0.261269
Q_ind_129_anc_4-3,0.093516,0.102636,0.000000,0.204348
Q_ind_130_anc_4-3,0.024349,0.000009,0.000000,0.194016
Q_ind_131_anc_4-3,0.372815,0.374355,0.268924,0.467152
Q_ind_132_anc_4-3,0.531844,0.531719,0.457829,0.606428
Q_ind_133_anc_4-3,0.004798,0.000001,0.000000,0.054504
Q_ind_134_anc_4-3,0.033338,0.008126,0.000000,0.134639
Q_ind_135_anc_4-3,0.026902,0.002947,0.000000,0.128507
Q_ind_136_anc_4-3,0.007023,0.000006,0.000000,0.060392
Q_ind_137_anc_4-3,0.010501,0.000027,0.000000,0.082808
Q_ind_138_anc_4-3,0.391285,0.391063,0.300359,0.480862
Q_ind_139_anc_4-3,0.168783,0.168493,0.066407,0.261362
Q_ind_140_anc_4-3,0.044035,0.031779,0.000000,0.156351
Q_ind_141_anc_4-3,0.003513,0.000001,0.000000,0.040615
Q_ind_142_anc_4-3,0.164592,0.164671,0.090136,0.238171
Q_ind_143_anc_4-3,0.133809,0.143002,0.000000,0.241422
Q_ind_144_anc_4-3,0.019917,0.000164,0.000000,0.118948
Q_ind_145_anc_4-3,0.000530,0.000000,0.000000,0.005524
Q_ind_146_anc_4-3,0.004556,0.000004,0.000000,0.038209
Q_ind_147_anc_4-3,0.000651,0.000000,0.000000,0.006982
Q_ind_148_anc_4-3,0.004085,0.000002,0.000000,0.039858
Q_ind_149_anc_4-3,0.000528,0.000000,0.000000,0.005399
Q_ind_150_anc_4-3,0.001351,0.000001,0.000000,0.013850
Q_ind_151_anc_4-3,0.003111,0.000004,0.000000,0.025433
Q_ind_152_anc_4-3,0.000580,0.000000,0.000000,0.006879
Q_ind_153_anc_4-3,0.000925,0.000000,0.000000,0.009650
Q_ind_154_anc_4-3,0.002411,0.000003,0.000000,0.021163
Q_ind_155_anc_4-3,0.000770,0.000000,0.000000,0.008626
Q_ind_156_anc_4-3,0.075435,0.005993,0.000000,0.273988
Q_ind_157_anc_4-3,0.057237,0.017813,0.000000,0.212110
Q_ind_158_anc_4-3,0.050069,0.000288,0.000000,0.256318
Q_ind_159_anc_4-3,0.048101,0.000552,0.000000,0.309593
Q_ind_160_anc_4-3,0.097415,0.098518,0.000000,0.268407
Q_ind_161_anc_4-3,0.053866,0.034220,0.000000,0.177725
Q_ind_162_anc_4-3,0.029505,0.000067,0.000000,0.199542
Q_ind_163_anc_4-3,0.055641,0.021031,0.000000,0.195577
Q_ind_164_anc_4-3,0.014278,0.000003,0.000000,0.154271
Q_ind_165_anc_4-3,0.302649,0.304943,0.000000,0.619898
Q_ind_166_anc_4-3,0.323122,0.315214,0.048818,0.603168
Q_ind_167_anc_4-3,0.035224,0.000012,0.000000,0.300499
Q_ind_168_anc_4-3,0.122850,0.121923,0.041598,0.207982
Q_ind_169_anc_4-3,0.457814,0.458002,0.379881,0.532417
Q_ind_170_anc_4-3,0.003545,0.000002,0.000000,0.036484
Q_ind_171_anc_4-3,0.002244,0.000001,0.000000,0.024186
Q_ind_172_anc_4-3,0.000778,0.000000,0.000000,0.008533
Q_ind_173_anc_4-3,0.002010,0.000001,0.000000,0.025233
Q_ind_174_anc_4-3,0.001366,0.000000,0.000000,0.014653
Q_ind_175_anc_4-3,0.306732,0.307442,0.211727,0.398140
Q_ind_176_anc_4-3,0.412048,0.406989,0.297579,0.544860
Q_ind_177_anc_4-3,0.187659,0.064359,0.000000,0.525892
Q_ind_178_anc_4-3,0.211315,0.252238,0.000000,0.381003
Q_ind_179_anc_4-3,0.321381,0.314346,0.089157,0.547871
Q_ind_180_anc_4-3,0.002682,0.000001,0.000000,0.029346
Q_ind_181_anc_4-3,0.422079,0.425449,0.277599,0.542022
Q_ind_182_anc_4-3,0.233370,0.276512,0.000000,0.416299
Q_ind_183_anc_4-3,0.299156,0.334083,0.000000,0.452679
Q_ind_184_anc_4-3,0.401359,0.404343,0.298428,0.489311
Q_ind_185_anc_4-3,0.004944,0.000002,0.000000,0.054356
Q_ind_186_anc_4-3,0.001429,0.000001,0.000000,0.017093
Q_ind_187_anc_4-3,0.005225,0.000002,0.000000,0.050439
Q_ind_188_anc_4-3,0.006647,0.000011,0.000000,0.049016
Q_ind_189_anc_4-3,0.005113,0.000002,0.000000,0.051540
Q_ind_190_anc_4-3,0.043338,0.000280,0.000000,0.197445
Q_ind_191_anc_4-3,0.004107,0.000003,0.000000,0.038015
Q_ind_192_anc_4-3,0.011755,0.000022,0.000000,0.094559
Q_ind_193_anc_4-3,0.093546,0.102700,0.000000,0.202793
Q_ind_194_anc_4-3,0.000345,0.000000,0.000000,0.003685
Q_ind_195_anc_4-3,0.003577,0.000001,0.000000,0.037283
Q_ind_196_anc_4-3,0.000343,0.000000,0.000000,0.003582
Q_ind_197_anc_4-3,0.000436,0.000000,0.000000,0.004766
Q_ind_198_anc_4-3,0.000356,0.000000,0.000000,0.003611
Q_ind_199_anc_4-3,0.016114,0.000066,0.000000,0.108682
Q_ind_200_anc_4-3,0.000478,0.000000,0.000000,0.004927
Q_ind_201_anc_4-3,0.308386,0.309127,0.220612,0.391292
Q_ind_202_anc_4-3,0.003431,0.000001,0.000000,0.034399
Q_ind_203_anc_4-3,0.143149,0.143134,0.000000,0.382466
Q_ind_204_anc_4-3,0.168731,0.156885,0.000000,0.424549
Q_ind_205_anc_4-3,0.316038,0.323144,0.130317,0.453310
Q_ind_206_anc_4-3,0.168904,0.190623,0.000000,0.329615
Q_ind_207_anc_4-3,0.048817,0.000983,0.000000,0.279541
Q_ind_208_anc_4-3,0.507804,0.507235,0.419146,0.596599
Q_ind_209_anc_4-3,0.326847,0.328146,0.195033,0.438853
Q_ind_210_anc_4-3,0.373149,0.380149,0.160170,0.528227
Q_ind_211_anc_4-3,0.151425,0.148122,0.000000,0.415214
Q_ind_212_anc_4-3,0.009266,0.000011,0.000000,0.079172
Q_ind_213_anc_4-3,0.047171,0.000510,0.000000,0.226321
Q_ind_214_anc_4-3,0.189601,0.198723,0.000000,0.296990
Q_ind_215_anc_4-3,0.224462,0.222663,0.125002,0.329544
Q_ind_216_anc_4-3,0.077912,0.054878,0.000000,0.234569
Q_ind_217_anc_4-3,0.178214,0.179899,0.067297,0.280520
Q_ind_218_anc_4-3,0.173354,0.171267,0.084402,0.274574
Q_ind_219_anc_4-3,0.168838,0.181641,0.000000,0.284183
Q_ind_220_anc_4-3,0.019110,0.000010,0.000000,0.146185
Q_ind_221_anc_4-3,0.089049,0.026782,0.000000,0.271670
Q_ind_222_anc_4-3,0.098024,0.051186,0.000000,0.309669
Q_ind_223_anc_4-3,0.392449,0.388695,0.274016,0.516169
Q_ind_224_anc_4-3,0.075209,0.073336,0.000000,0.201467
Q_ind_225_anc_4-3,0.010380,0.000002,0.000000,0.109599
Q_ind_226_anc_4-3,0.309580,0.289517,0.161220,0.532482
Q_ind_227_anc_4-3,0.039847,0.000065,0.000000,0.294191
Q_ind_228_anc_4-3,0.174500,0.190628,0.000000,0.409498
Q_ind_229_anc_4-3,0.039286,0.000049,0.000000,0.278426
Q_ind_230_anc_4-3,0.086677,0.000891,0.000000,0.403410
Q_ind_231_anc_4-3,0.252225,0.257178,0.121999,0.350852
Q_ind_232_anc_4-3,0.283290,0.286815,0.162022,0.377037
Q_ind_233_anc_4-3,0.123028,0.079875,0.000000,0.414829
Q_ind_234_anc_4-3,0.000910,0.000000,0.000000,0.010731
Q_ind_235_anc_4-3,0.001311,0.000000,0.000000,0.013662
Q_ind_236_anc_4-3,0.001081,0.000000,0.000000,0.011994
Q_ind_237_anc_4-3,0.001351,0.000001,0.000000,0.014060
Q_ind_238_anc_4-3,0.013301,0.000160,0.000000,0.077567
Q_ind_239_anc_4-3,0.001486,0.000000,0.000000,0.015850
Q_ind_240_anc_4-3,0.002659,0.000001,0.000000,0.031351
Q_ind_241_anc_4-3,0.002994,0.000003,0.000000,0.029907
Q_ind_242_anc_4-3,0.004028,0.000002,0.000000,0.042352
Q_ind_243_anc_4-3,0.001494,0.000000,0.000000,0.017780
Q_ind_244_anc_4-3,0.000785,0.000000,0.000000,0.008956
Q_ind_245_anc_4-3,0.001381,0.000001,0.000000,0.014184
Q_ind_1_anc_4-4,0.001097,0.000000,0.000000,0.011831
Q_ind_2_anc_4-4,0.001624,0.000000,0.000000,0.018465
Q_ind_3_anc_4-4,0.066961,0.073242,0.000000,0.163621
Q_ind_4_anc_4-4,0.010761,0.000037,0.000000,0.082796
Q_ind_5_anc_4-4,0.000816,0.000000,0.000000,0.007321
Q_ind_6_anc_4-4,0.002833,0.000001,0.000000,0.031497
Q_ind_7_anc_4-4,0.005766,0.000001,0.000000,0.063309
Q_ind_8_anc_4-4,0.003406,0.000002,0.000000,0.040630
Q_ind_9_anc_4-4,0.004967,0.000002,0.000000,0.057555
Q_ind_10_anc_4-4,0.005158,0.000002,0.000000,0.057658
Q_ind_11_anc_4-4,0.004032,0.000003,0.000000,0.045890
Q_ind_12_anc_4-4,0.002944,0.000001,0.000000,0.033401
Q_ind_13_anc_4-4,0.002325,0.000001,0.000000,0.023999
Q_ind_14_anc_4-4,0.005933,0.000006,0.000000,0.054734
Q_ind_15_anc_4-4,0.012287,0.000012,0.000000,0.109041
Q_ind_16_anc_4-4,0.004921,0.000002,0.000000,0.055715
Q_ind_17_anc_4-4,0.001720,0.000001,0.000000,0.020301
Q_ind_18_anc_4-4,0.002394,0.000001,0.000000,0.027735
Q_ind_19_anc_4-4,0.006670,0.000002,0.000000,0.070480
Q_ind_20_anc_4-4,0.000490,0.000000,0.000000,0.005450
Q_ind_21_anc_4-4,0.892309,0.896810,0.801015,0.967995
Q_ind_22_anc_4-4,0.832304,0.833980,0.757970,0.898213
Q_ind_23_anc_4-4,0.861450,0.864057,0.785013,0.921641
Q_ind_24_anc_4-4,0.716965,0.725443,0.561766,0.833878
Q_ind_25_anc_4-4,0.914580,0.916666,0.847823,0.973111
Q_ind_26_anc_4-4,0.873837,0.874772,0.814708,0.925975
Q_ind_27_anc_4-4,0.926385,0.930600,0.837728,0.993115
Q_ind_28_anc_4-4,0.875818,0.877910,0.797006,0.940115
Q_ind_29_anc_4-4,0.849391,0.852482,0.759425,0.922960
Q_ind_30_anc_4-4,0.837412,0.839402,0.768907,0.895347
Q_ind_31_anc_4-4,0.000757,0.000000,0.000000,0.007396
Q_ind_32_anc_4-4,0.003634,0.000001,0.000000,0.039447
Q_ind_33_anc_4-4,0.002160,0.000001,0.000000,0.023211
Q_ind_34_anc_4-4,0.001272,0.000000,0.000000,0.014632
Q_ind_35_anc_4-4,0.003046,0.000001,0.000000,0.036503
Q_ind_36_anc_4-4,0.000877,0.000000,0.000000,0.008988
Q_ind_37_anc_4-4,0.006412,0.000004,0.000000,0.066660
Q_ind_38_anc_4-4,0.000940,0.000000,0.000000,0.010589
Q_ind_39_anc_4-4,0.001802,0.000000,0.000000,0.022484
Q_ind_40_anc_4-4,0.004567,0.000003,0.000000,0.049208
Q_ind_41_anc_4-4,0.000704,0.000000,0.000000,0.007445
Q_ind_42_anc_4-4,0.149064,0.149243,0.097403,0.198322
Q_ind_43_anc_4-4,0.033425,0.015832,0.000000,0.129016
Q_ind_44_anc_4-4,0.176486,0.177737,0.113152,0.231462
Q_ind_45_anc_4-4,0.175864,0.176838,0.113835,0.231507
Q_ind_46_anc_4-4,0.148413,0.148299,0.101330,0.196108
Q_ind_47_anc_4-4,0.110061,0.116229,0.000000,0.176625
Q_ind_48_anc_4-4,0.138915,0.140468,0.064028,0.199270
Q_ind_49_anc_4-4,0.143251,0.143915,0.089679,0.194136
Q_ind_50_anc_4-4,0.116624,0.133626,0.000000,0.192386
Q_ind_51_anc_4-4,0.000732,0.000000,0.000000,0.008354
Q_ind_52_anc_4-4,0.000557,0.000000,0.000000,0.006146
Q_ind_53_anc_4-4,0.000746,0.000000,0.000000,0.008303
Q_ind_54_anc_4-4,0.000687,0.000000,0.000000,0.008425
Q_ind_55_anc_4-4,0.000511,0.000000,0.000000,0.005494
Q_ind_56_anc_4-4,0.000666,0.000000,0.000000,0.007168
Q_ind_57_anc_4-4,0.000756,0.000000,0.000000,0.008553
Q_ind_58_anc_4-4,0.001156,0.000000,0.000000,0.012692
Q_ind_59_anc_4-4,0.000871,0.000000,0.000000,0.009194
Q_ind_60_anc_4-4,0.000774,0.000000,0.000000,0.008687
Q_ind_61_anc_4-4,0.001205,0.000000,0.000000,0.012870
Q_ind_62_anc_4-4,0.001070,0.000000,0.000000,0.011269
Q_ind_63_anc_4-4,0.000487,0.000000,0.000000,0.005400
Q_ind_64_anc_4-4,0.000434,0.000000,0.000000,0.004778
Q_ind_65_anc_4-4,0.000321,0.000000,0.000000,0.003642
Q_ind_66_anc_4-4,0.000649,0.000000,0.000000,0.006607
Q_ind_67_anc_4-4,0.000262,0.000000,0.000000,0.002852
Q_ind_68_anc_4-4,0.347833,0.347814,0.235222,0.469502
Q_ind_69_anc_4-4,0.006799,0.000005,0.000000,0.082504
Q_ind_70_anc_4-4,0.037463,0.010680,0.000000,0.148024
Q_ind_71_anc_4-4,0.410093,0.409516,0.311301,0.504858
Q_ind_72_anc_4-4,0.421518,0.421269,0.319743,0.524592
Q_ind_73_anc_4-4,0.383814,0.380345,0.252363,0.511318
Q_ind_74_anc_4-4,0.020091,0.000058,0.000000,0.144911
Q_ind_75_anc_4-4,0.001938,0.000001,0.000000,0.021727
Q_ind_76_anc_4-4,0.500690,0.505308,0.412428,0.565565
Q_ind_77_anc_4-4,0.582541,0.587908,0.459646,0.687811
Q_ind_78_anc_4-4,0.569886,0.574155,0.460570,0.653044
Q_ind_79_anc_4-4,0.506063,0.506178,0.409353,0.607519
Q_ind_80_anc_4-4,0.491437,0.491297,0.396519,0.588639
Q_ind_81_anc_4-4,0.468568,0.466757,0.367802,0.593670
Q_ind_82_anc_4-4,0.579289,0.580492,0.487263,0.668433
Q_ind_83_anc_4-4,0.542097,0.543913,0.443581,0.633470
Q_ind_84_anc_4-4,0.553129,0.558214,0.443193,0.634023
Q_ind_85_anc_4-4,0.625714,0.644696,0.478811,0.744323
Q_ind_86_anc_4-4,0.517064,0.516256,0.395663,0.643188
Q_ind_87_anc_4-4,0.509342,0.506856,0.394095,0.635327
Q_ind_88_anc_4-4,0.022188,0.000046,0.000000,0.152626
Q_ind_89_anc_4-4,0.188363,0.188811,0.116357,0.255975
Q_ind_90_anc_4-4,0.077945,0.017707,0.000000,0.263543
Q_ind_91_anc_4-4,0.009886,0.000013,0.000000,0.080620
Q_ind_92_anc_4-4,0.086157,0.055899,0.000000,0.259251
Q_ind_93_anc_4-4,0.005407,0.000002,0.000000,0.057700
Q_ind_94_anc_4-4,0.001913,0.000001,0.000000,0.022397
Q_ind_95_anc_4-4,0.029949,0.000036,0.000000,0.204832
Q_ind_96_anc_4-4,0.000552,0.000000,0.000000,0.005970
Q_ind_97_anc_4-4,0.000704,0.000000,0.000000,0.007225
Q_ind_98_anc_4-4,0.000405,0.000000,0.000000,0.004223
Q_ind_99_anc_4-4,0.000455,0.000000,0.000000,0.004460
Q_ind_100_anc_4-4,0.000817,0.000000,0.000000,0.009163
Q_ind_101_anc_4-4,0.000362,0.000000,0.000000,0.003903
Q_ind_102_anc_4-4,0.000254,0.000000,0.000000,0.002796
Q_ind_103_anc_4-4,0.000523,0.000000,0.000000,0.005549
Q_ind_104_anc_4-4,0.000226,0.000000,0.000000,0.002602
Q_ind_105_anc_4-4,0.000341,0.000000,0.000000,0.003418
Q_ind_106_anc_4-4,0.008872,0.000164,0.000000,0.051240
Q_ind_107_anc_4-4,0.493861,0.496329,0.318283,0.625081
Q_ind_108_anc_4-4,0.382906,0.383194,0.196271,0.557780
Q_ind_109_anc_4-4,0.492319,0.504039,0.311992,0.591169
Q_ind_110_anc_4-4,0.207328,0.213723,0.009688,0.350766
Q_ind_111_anc_4-4,0.482710,0.489239,0.355682,0.558028
Q_ind_112_anc_4-4,0.005456,0.000001,0.000000,0.089516
Q_ind_113_anc_4-4,0.493477,0.538194,0.070203,0.634360
Q_ind_114_anc_4-4,0.540865,0.550308,0.397306,0.639943
Q_ind_115_anc_4-4,0.003786,0.000002,0.000000,0.037230
Q_ind_116_anc_4-4,0.001075,0.000000,0.000000,0.011876
Q_ind_117_anc_4-4,0.001090,0.000001,0.000000,0.011442
Q_ind_118_anc_4-4,0.001754,0.000001,0.000000,0.021406
Q_ind_119_anc_4-4,0.001500,0.000000,0.000000,0.018297
Q_ind_120_anc_4-4,0.000401,0.000000,0.000000,0.004227
Q_ind_121_anc_4-4,0.000917,0.000000,0.000000,0.010100
Q_ind_122_anc_4-4,0.001037,0.000001,0.000000,0.011468
Q_ind_123_anc_4-4,0.001494,0.000001,0.000000,0.014837
Q_ind_124_anc_4-4,0.000522,0.000000,0.000000,0.005633
Q_ind_125_anc_4-4,0.550876,0.550945,0.443994,0.647485
Q_ind_126_anc_4-4,0.636395,0.640622,0.514071,0.736113
Q_ind_127_anc_4-4,0.597267,0.598728,0.467646,0.717410
Q_ind_128_anc_4-4,0.576358,0.576374,0.465185,0.691643
Q_ind_129_anc_4-4,0.701875,0.694081,0.580799,0.836090
Q_ind_130_anc_4-4,0.734871,0.747688,0.605035,0.827223
Q_ind_131_anc_4-4,0.048548,0.014989,0.000000,0.191755
Q_ind_132_anc_4-4,0.000880,0.000001,0.000000,0.010502
Q_ind_133_anc_4-4,0.967377,0.972264,0.905772,0.999602
Q_ind_134_anc_4-4,0.884342,0.894075,0.755008,0.973897
Q_ind_135_anc_4-4,0.912716,0.919875,0.820401,0.972897
Q_ind_136_anc_4-4,0.889386,0.890727,0.800443,0.967010
Q_ind_137_anc_4-4,0.913196,0.915261,0.837863,0.973991
Q_ind_138_anc_4-4,0.379540,0.376380,0.266681,0.508666
Q_ind_139_anc_4-4,0.658411,0.656515,0.540126,0.787702
Q_ind_140_anc_4-4,0.795845,0.800568,0.682335,0.892959
Q_ind_141_anc_4-4,0.895519,0.899278,0.811023,0.953055
Q_ind_142_anc_4-4,0.002493,0.000001,0.000000,0.029711
Q_ind_143_anc_4-4,0.802529,0.801219,0.695533,0.905100
Q_ind_144_anc_4-4,0.913971,0.918196,0.821584,0.980169
Q_ind_145_anc_4-4,0.000553,0.000000,0.000000,0.006079
Q_ind_146_anc_4-4,0.020958,0.021179,0.000000,0.056887
Q_ind_147_anc_4-4,0.000828,0.000000,0.000000,0.009426
Q_ind_148_anc_4-4,0.030809,0.032820,0.000000,0.059908
Q_ind_149_anc_4-4,0.000346,0.000000,0.000000,0.003906
Q_ind_150_anc_4-4,0.000453,0.000000,0.000000,0.005015
Q_ind_151_anc_4-4,0.000945,0.000000,0.000000,0.010024
Q_ind_152_anc_4-4,0.000628,0.000000,0.000000,0.007134
Q_ind_153_anc_4-4,0.000471,0.000000,0.000000,0.005176
Q_ind_154_anc_4-4,0.001408,0.000001,0.000000,0.015797
Q_ind_155_anc_4-4,0.000387,0.000000,0.000000,0.004117
Q_ind_156_anc_4-4,0.051252,0.055593,0.000000,0.131378
Q_ind_157_anc_4-4,0.024466,0.001169,0.000000,0.098148
Q_ind_158_anc_4-4,0.002300,0.000001,0.000000,0.025273
Q_ind_159_anc_4-4,0.001730,0.000000,0.000000,0.019513
Q_ind_160_anc_4-4,0.003623,0.000002,0.000000,0.035909
Q_ind_161_anc_4-4,0.002287,0.000001,0.000000,0.024191
Q_ind_162_anc_4-4,0.038761,0.006304,0.000000,0.126334
Q_ind_163_anc_4-4,0.008707,0.000020,0.000000,0.058700
Q_ind_164_anc_4-4,0.071519,0.078118,0.000000,0.135049
Q_ind_165_anc_4-4,0.365386,0.368748,0.175858,0.535229
Q_ind_166_anc_4-4,0.387349,0.388399,0.223025,0.528410
Q_ind_167_anc_4-4,0.502070,0.510013,0.364041,0.584247
Q_ind_168_anc_4-4,0.332796,0.333542,0.225109,0.435414
Q_ind_169_anc_4-4,0.004114,0.000001,0.000000,0.048527
Q_ind_170_anc_4-4,0.972614,0.977407,0.914185,0.999616
Q_ind_171_anc_4-4,0.893056,0.893385,0.820024,0.962387
Q_ind_172_anc_4-4,0.977005,0.984684,0.915345,0.999907
Q_ind_173_anc_4-4,0.766730,0.766737,0.684586,0.846747
Q_ind_174_anc_4-4,0.961243,0.965854,0.894886,0.999359
Q_ind_175_anc_4-4,0.415196,0.413530,0.299298,0.540821
Q_ind_176_anc_4-4,0.004171,0.000002,0.000000,0.041985
Q_ind_177_anc_4-4,0.170600,0.181999,0.000000,0.485115
Q_ind_178_anc_4-4,0.271936,0.264995,0.154683,0.423688
Q_ind_179_anc_4-4,0.177741,0.179297,0.000000,0.390333
Q_ind_180_anc_4-4,0.471393,0.474850,0.385178,0.549604
Q_ind_181_anc_4-4,0.020394,0.000018,0.000000,0.138107
Q_ind_182_anc_4-4,0.213022,0.208974,0.089481,0.348077
Q_ind_183_anc_4-4,0.225688,0.218820,0.112603,0.370705
Q_ind_184_anc_4-4,0.013243,0.000036,0.000000,0.113421
Q_ind_185_anc_4-4,0.683983,0.676383,0.538593,0.838427
Q_ind_186_anc_4-4,0.530581,0.526924,0.428845,0.655665
Q_ind_187_anc_4-4,0.678415,0.681501,0.556636,0.778319
Q_ind_188_anc_4-4,0.421828,0.421612,0.316178,0.525251
Q_ind_189_anc_4-4,0.764520,0.777008,0.596939,0.840385
Q_ind_190_anc_4-4,0.452798,0.462084,0.288640,0.592032
Q_ind_191_anc_4-4,0.560449,0.549749,0.429916,0.742320
Q_ind_192_anc_4-4,0.000462,0.000000,0.000000,0.005193
Q_ind_193_anc_4-4,0.007384,0.000011,0.000000,0.060800
Q_ind_194_anc_4-4,0.000176,0.000000,0.000000,0.001966
Q_ind_195_anc_4-4,0.000858,0.000000,0.000000,0.009207
Q_ind_196_anc_4-4,0.000190,0.000000,0.000000,0.002154
Q_ind_197_anc_4-4,0.000295,0.000000,0.000000,0.002994
Q_ind_198_anc_4-4,0.000235,0.000000,0.000000,0.002670
Q_ind_199_anc_4-4,0.002340,0.000001,0.000000,0.023720
Q_ind_200_anc_4-4,0.000293,0.000000,0.000000,0.003075
Q_ind_201_anc_4-4,0.000721,0.000000,0.000000,0.007745
Q_ind_202_anc_4-4,0.000779,0.000000,0.000000,0.008518
Q_ind_203_anc_4-4,0.011633,0.000015,0.000000,0.097576
Q_ind_204_anc_4-4,0.078730,0.074327,0.000000,0.198998
Q_ind_205_anc_4-4,0.012598,0.000013,0.000000,0.110493
Q_ind_206_anc_4-4,0.018157,0.000057,0.000000,0.122982
Q_ind_207_anc_4-4,0.043258,0.018754,0.000000,0.155081
Q_ind_208_anc_4-4,0.000433,0.000000,0.000000,0.004883
Q_ind_209_anc_4-4,0.004326,0.000001,0.000000,0.049414
Q_ind_210_anc_4-4,0.015571,0.000121,0.000000,0.103583
Q_ind_211_anc_4-4,0.062359,0.044193,0.000000,0.187557
Q_ind_212_anc_4-4,0.001398,0.000000,0.000000,0.016528
Q_ind_213_anc_4-4,0.724056,0.752108,0.530093,0.833599
Q_ind_214_anc_4-4,0.529507,0.522193,0.414873,0.704746
Q_ind_215_anc_4-4,0.509082,0.509259,0.387886,0.629241
Q_ind_216_anc_4-4,0.630124,0.641792,0.465989,0.759293
Q_ind_217_anc_4-4,0.676290,0.673199,0.558866,0.815080
Q_ind_218_anc_4-4,0.345489,0.345955,0.221137,0.463040
Q_ind_219_anc_4-4,0.583171,0.574633,0.442953,0.774091
Q_ind_220_anc_4-4,0.662553,0.671638,0.485133,0.815341
Q_ind_221_anc_4-4,0.435340,0.453267,0.227183,0.593791
Q_ind_222_anc_4-4,0.645116,0.672187,0.431112,0.789191
Q_ind_223_anc_4-4,0.000662,0.000000,0.000000,0.007938
Q_ind_224_anc_4-4,0.000949,0.000000,0.000000,0.009788
Q_ind_225_anc_4-4,0.096233,0.114353,0.000000,0.210626
Q_ind_226_anc_4-4,0.000703,0.000000,0.000000,0.007429
Q_ind_227_anc_4-4,0.006498,0.000005,0.000000,0.074488
Q_ind_228_anc_4-4,0.067130,0.014962,0.000000,0.222991
Q_ind_229_anc_4-4,0.043536,0.002148,0.000000,0.174907
Q_ind_230_anc_4-4,0.129892,0.151880,0.000000,0.222135
Q_ind_231_anc_4-4,0.000927,0.000000,0.000000,0.010811
Q_ind_232_anc_4-4,0.013568,0.000003,0.000000,0.136982
Q_ind_233_anc_4-4,0.136315,0.148848,0.000000,0.252293
Q_ind_234_anc_4-4,0.337233,0.348924,0.206854,0.415051
Q_ind_235_anc_4-4,0.274652,0.261578,0.150517,0.449200
Q_ind_236_anc_4-4,0.389766,0.399123,0.281202,0.456088
Q_ind_237_anc_4-4,0.312507,0.302540,0.182868,0.457303
Q_ind_238_anc_4-4,0.005386,0.000003,0.000000,0.053257
Q_ind_239_anc_4-4,0.238939,0.238885,0.140806,0.340611
Q_ind_240_anc_4-4,0.000833,0.000000,0.000000,0.009023
Q_ind_241_anc_4-4,0.160988,0.163735,0.041778,0.275035
Q_ind_242_anc_4-4,0.124038,0.130004,0.000000,0.236578
Q_ind_243_anc_4-4,0.000972,0.000000,0.000000,0.009575
Q_ind_244_anc_4-4,0.416598,0.418230,0.347371,0.472894
Q_ind_245_anc_4-4,0.000852,0.000000,0.000000,0.010001
