"V1","individual_id","population","q_1","lb_q_1","ub_q_1","q_2","lb_q_2","ub_q_2","q_3","lb_q_3","ub_q_3","q_4","lb_q_4","ub_q_4","q_5","lb_q_5","ub_q_5","q_6","lb_q_6","ub_q_6","q_7","lb_q_7","ub_q_7","q_8","lb_q_8","ub_q_8","Q_1_1","lb_Q_1_1","ub_Q_1_1","Q_2_1","lb_Q_2_1","ub_Q_2_1","Q_2_2","lb_Q_2_2","ub_Q_2_2","Q_3_1","lb_Q_3_1","ub_Q_3_1","Q_3_2","lb_Q_3_2","ub_Q_3_2","Q_3_3","lb_Q_3_3","ub_Q_3_3","Q_4_1","lb_Q_4_1","ub_Q_4_1","Q_4_2","lb_Q_4_2","ub_Q_4_2","Q_4_3","lb_Q_4_3","ub_Q_4_3","Q_4_4","lb_Q_4_4","ub_Q_4_4","Q_5_1","lb_Q_5_1","ub_Q_5_1","Q_5_2","lb_Q_5_2","ub_Q_5_2","Q_5_3","lb_Q_5_3","ub_Q_5_3","Q_5_4","lb_Q_5_4","ub_Q_5_4","Q_5_5","lb_Q_5_5","ub_Q_5_5","Q_6_1","lb_Q_6_1","ub_Q_6_1","Q_6_2","lb_Q_6_2","ub_Q_6_2","Q_6_3","lb_Q_6_3","ub_Q_6_3","Q_6_4","lb_Q_6_4","ub_Q_6_4","Q_6_5","lb_Q_6_5","ub_Q_6_5","Q_6_6","lb_Q_6_6","ub_Q_6_6","Q_7_1","lb_Q_7_1","ub_Q_7_1","Q_7_2","lb_Q_7_2","ub_Q_7_2","Q_7_3","lb_Q_7_3","ub_Q_7_3","Q_7_4","lb_Q_7_4","ub_Q_7_4","Q_7_5","lb_Q_7_5","ub_Q_7_5","Q_7_6","lb_Q_7_6","ub_Q_7_6","Q_7_7","lb_Q_7_7","ub_Q_7_7","Q_8_1","lb_Q_8_1","ub_Q_8_1","Q_8_2","lb_Q_8_2","ub_Q_8_2","Q_8_3","lb_Q_8_3","ub_Q_8_3","Q_8_4","lb_Q_8_4","ub_Q_8_4","Q_8_5","lb_Q_8_5","ub_Q_8_5","Q_8_6","lb_Q_8_6","ub_Q_8_6","Q_8_7","lb_Q_8_7","ub_Q_8_7","Q_8_8","lb_Q_8_8","ub_Q_8_8"
"PH_AS_10.sorted.bam","10","AS",0.028038,0,0.05488,0.043948,0.013431,0.0705,0.111589,0.074062,0.159216,0.392766,0.3425,0.443617,0.337578,0.277738,0.394045,0.001033,0,0.007836,0.027926,0,0.053732,0.057122,0.02997,0.09207,7.4e-05,0,0.000761,0.000155,0,0.00185,0.000369,0,0.00464,5e-04,0,0.00578,0.031089,0,0.125449,0.000291,0,0.003295,0.000181,0,0.001994,0.004276,0,0.05763,0.118728,0,0.280268,0.000345,0,0.003411,0.000276,0,0.003303,0.0104,0,0.090643,0.00147,0,0.01757,0.66031,0.531186,0.766551,0.000292,0,0.003409,0.000159,0,0.001867,0.000226,0,0.002577,0.000351,0,0.004275,0.000488,0,0.006267,0.000217,0,0.002955,8e-05,0,0.000894,0.054259,0,0.106557,0.000399,0,0.004243,0.000145,0,0.001615,0.000236,0,0.002051,0.000342,0,0.002799,0.000136,0,0.001378,5e-05,0,0.000414,0.000396,0,0.003637,0.040613,0,0.12818,0.070313,0,0.179504,0.000623,0,0.007056,0.001557,0,0.012391,0.000329,0,0.00346,0.000236,0,0.002461,8.8e-05,0,0.000849
"PH_AS_11.sorted.bam","11","AS",0.025714,0,0.060404,0.028721,0,0.063179,0.072827,0.031282,0.133198,0.412206,0.370551,0.481917,0.39499,0.332147,0.43427,0.000836,0,0.006883,0.004068,0,0.030008,0.060637,0.016787,0.094519,0.000328,0,0.0032,0.038367,0,0.106889,0.000686,0,0.009585,0.001866,0,0.029203,0.001195,0,0.013869,0.002704,0,0.039092,0.000643,0,0.007868,0.000709,0,0.004451,0.039988,0,0.251985,0.000174,0,0.001961,0.003263,0,0.047348,0.008927,0,0.111926,0.002087,0,0.034528,0.765449,0.499707,0.861985,0.004536,0,0.055912,0.00015,0,0.001383,0.000181,0,0.002083,0.000246,0,0.002745,0.000195,0,0.001546,9.3e-05,0,0.000971,9.3e-05,0,0.001081,0.004326,0,0.05511,0.000403,0,0.002441,0.00076,0,0.010628,0.001136,0,0.016242,0.000391,0,0.004166,0.00021,0,0.002036,6.8e-05,0,0.000552,0.002158,0,0.029943,0.006288,0,0.076355,0.094103,0,0.178679,0.015943,0,0.14514,0.000697,0,0.006601,0.00041,0,0.004233,0.000775,0,0.009415,0.00045,0,0.004082
"PH_AS_12.sorted.bam","12","AS",0.003562,0,0.020919,0.087714,0.051802,0.126341,0.050141,0.000217,0.1037,0.447938,0.414101,0.490612,0.379332,0.316712,0.428448,0.002382,0,0.01672,0.001981,0,0.013306,0.026949,0,0.076141,0.000437,0,0.005464,0.000766,0,0.010113,0.073953,0,0.120048,0.001712,0,0.022706,0.000891,0,0.012525,0.004966,0,0.052785,0.000532,0,0.005496,0.020761,0,0.208193,0.082281,0,0.203179,0.005163,0,0.067414,0.000374,0,0.004808,0.001918,0,0.02829,0.000937,0,0.012503,0.747145,0.597857,0.852444,0.001504,0,0.019798,0.000446,0,0.005383,0.000301,0,0.003858,0.000377,0,0.004828,0.000759,0,0.008756,0.000356,0,0.004031,0.00098,0,0.011765,0.001107,0,0.017764,0.000312,0,0.003373,0.000587,0,0.00707,0.000406,0,0.00523,0.000406,0,0.005955,0.000202,0,0.002312,0.000253,0,0.002979,0.001312,0,0.022346,0.002574,0,0.045172,0.003565,0,0.045954,0.033667,0,0.148742,0.004522,0,0.057029,0.000362,0,0.004662,0.000437,0,0.005359,0.003731,0,0.038063
"PH_AS_1.sorted.bam","1","AS",0.021263,0,0.052434,0.094449,0.055494,0.134374,0.013787,0,0.048061,0.438929,0.39609,0.484803,0.413782,0.354958,0.460725,0.00228,0,0.016208,0.002604,0,0.023775,0.012906,0,0.041977,0.000269,0,0.002713,0.00317,0,0.045048,0.067846,0,0.12415,0.01296,0,0.073857,0.002182,0,0.033125,0.003982,0,0.039304,0.008407,0,0.079752,0.042091,0,0.221456,0.000764,0,0.010238,0.00264,0,0.041812,0.003518,0,0.046519,0.003025,0,0.037551,0.000486,0,0.006541,0.816626,0.695447,0.913344,0.000775,0,0.010584,0.000585,0,0.006818,0.000422,0,0.00464,0.000489,0,0.005976,0.000618,0,0.007456,0.000261,0,0.002554,0.000216,0,0.002511,0.003171,0,0.04649,0.000206,0,0.002574,0.000237,0,0.002808,0.000414,0,0.005657,0.000325,0,0.002839,0.000129,0,0.00136,0.00012,0,0.00129,0.010176,0,0.068867,0.002109,0,0.030268,0.00249,0,0.036964,0.003658,0,0.053174,0.001772,0,0.026374,0.001622,0,0.021037,0.000488,0,0.005535,0.001748,0,0.023507
"PH_AS_2.sorted.bam","2","AS",0.085339,0.001921,0.119322,0.018489,0,0.061064,0.158688,0.108188,0.239131,0.345526,0.297232,0.401853,0.240213,0.180001,0.28969,0.000666,0,0.005812,0.087401,0.027177,0.118762,0.063678,0.037227,0.09387,5.7e-05,0,0.000638,0.00076,0,0.003887,6.5e-05,0,0.000589,0.000324,0,0.003574,0.003863,0,0.051068,0.000222,0,0.001602,0.000208,0,0.001931,0.000456,0,0.003935,0.247791,0.071126,0.476374,0.000101,0,0.001145,0.000241,0,0.002471,0.001715,0,0.025379,0.000412,0,0.00497,0.440787,0.282626,0.570743,0.000156,0,0.001408,0.000165,0,0.001784,0.000293,0,0.003082,0.000238,0,0.00224,0.000107,0,0.001107,0.000202,0,0.002237,5.9e-05,0,0.000632,0.168028,0,0.235411,0.005524,0,0.068584,0.000171,0,0.001565,0.000442,0,0.003089,0.000231,0,0.002092,4.9e-05,0,0.000457,4.1e-05,0,0.000393,0.000837,0,0.010991,0.024238,0,0.114637,0.064133,0,0.173115,0.00106,0,0.01364,0.036528,0,0.171356,0.000161,0,0.001538,0.000275,0,0.002979,6.1e-05,0,0.000657
"PH_AS_3.sorted.bam","3","AS",0.015972,0,0.041589,0.04706,0.014936,0.077332,0.033994,1e-06,0.077483,0.430046,0.397132,0.465069,0.400584,0.348855,0.443621,0.000999,0,0.007732,0.014936,0,0.036611,0.05641,0.02187,0.089393,0.000184,0,0.001961,0.000639,0,0.008756,0.000617,0,0.009452,0.003503,0,0.043299,0.036406,0,0.116638,0.000408,0,0.004373,0.000327,0,0.004436,0.009157,0,0.09683,0.006754,0,0.088308,0.001093,0,0.014757,0.000311,0,0.004133,0.007544,0,0.09828,0.00133,0,0.018613,0.79001,0.663403,0.881384,0.000454,0,0.004745,0.000381,0,0.004208,0.000235,0,0.003038,0.000383,0,0.005324,0.000228,0,0.002384,0.000161,0,0.001421,0.000105,0,0.001125,0.022919,0,0.070863,0.002332,0,0.029344,0.001283,0,0.018552,0.000629,0,0.008739,0.000473,0,0.005751,0.000166,0,0.002003,0.000146,0,0.001555,0.003496,0,0.047001,0.036571,0,0.138799,0.017511,0,0.095317,0.0508,0,0.166716,0.000431,0,0.002721,0.000236,0,0.00189,0.001778,0,0.025581,0.000998,0,0.01089
"PH_AS_4.sorted.bam","4","AS",0.00342,0,0.02263,0.030968,0,0.069252,0.066392,0.021589,0.117915,0.454125,0.412102,0.490711,0.416967,0.363272,0.460519,0.00271,0,0.017826,0.000716,0,0.005552,0.024702,0.001886,0.053345,0.000202,0,0.002127,0.001482,0,0.022577,0.001805,0,0.028173,0.001729,0,0.024823,0.038675,0,0.134806,0.004056,0,0.049777,0.00051,0,0.007242,0.006706,0,0.091076,0.079825,0,0.21968,0.001373,0,0.0193,0.001255,0,0.020098,0.008663,0,0.084204,0.002881,0,0.041583,0.816042,0.691658,0.917398,0.001959,0,0.029813,0.000777,0,0.011033,0.000446,0,0.004661,0.000558,0,0.007154,0.001685,0,0.024582,0.000883,0,0.013338,0.00037,0,0.004707,0.000317,0,0.004517,0.000162,0,0.001779,0.000177,0,0.001851,0.000155,0,0.001649,0.000104,0,0.000931,0.00014,0,0.001258,0.000105,0,0.001109,0.000366,0,0.004227,0.002193,0,0.030665,0.000827,0,0.011344,0.00058,0,0.007004,0.000188,0,0.002157,0.00019,0,0.002117,0.000166,0,0.001631,0.022447,0.000456,0.050073
"PH_AS_5.sorted.bam","5","AS",0.023063,0,0.05393,0.053489,0.023845,0.087792,0.008171,0,0.051733,0.455713,0.4118,0.49679,0.402854,0.342618,0.448166,0.002324,0,0.018477,0.009111,0,0.035058,0.045275,0.01986,0.075761,7.9e-05,0,0.000787,0.003027,0,0.049196,0.021407,0,0.075864,0.001544,0,0.023229,0.000784,0,0.011259,0.000539,0,0.00653,0.000677,0,0.006913,0.055315,0,0.160456,0.009556,0,0.101359,0.001982,0,0.027878,0.001347,0,0.017989,0.001015,0,0.012353,0.000447,0,0.004051,0.790103,0.663794,0.889639,0.000887,0,0.007597,0.001768,0,0.026573,0.000242,0,0.001664,0.000292,0,0.002974,0.000685,0,0.006013,0.000317,0,0.00402,0.000302,0,0.00454,0.014935,0,0.069317,0.000322,0,0.003399,0.000904,0,0.013235,0.000744,0,0.008592,0.000274,0,0.002648,0.000239,0,0.002693,0.000146,0,0.001635,0.022669,0,0.094699,0.003458,0,0.057436,0.001737,0,0.025448,0.050382,0,0.142122,0.01043,0,0.098506,0.000501,0,0.006127,0.000511,0,0.006547,0.000431,0,0.005235
"PH_AS_6.sorted.bam","6","AS",0.022923,0,0.059319,0.037378,6.3e-05,0.07796,0.038275,0,0.101769,0.409962,0.361612,0.452137,0.415095,0.351435,0.471064,0.001031,0,0.00919,0.001099,0,0.008289,0.074236,0.037801,0.117147,0.000171,0,0.001791,3e-04,0,0.003091,0.015713,0,0.07255,0.000853,0,0.007905,0.022551,0,0.119216,0.004912,0,0.051963,0.006209,0,0.073583,0.005476,0,0.082526,0.027989,0,0.167437,0.003208,0,0.053621,0.030203,0,0.115587,0.009896,0,0.089984,0.008267,0,0.092918,0.771453,0.654328,0.873407,0.00157,0,0.023738,0.000251,0,0.002932,0.000392,0,0.004774,0.000202,0,0.002241,0.000257,0,0.002401,0.00022,0,0.001903,8e-05,0,0.000798,0.000234,0,0.002901,0.000182,0,0.001869,0.000254,0,0.00291,0.000275,0,0.002827,0.000219,0,0.002111,0.000151,0,0.001675,0.000162,0,0.001601,0.007453,0,0.081392,0.004535,0,0.056728,0.00661,0,0.085372,0.00185,0,0.021486,0.006791,0,0.102136,0.000432,0,0.00374,0.000559,0,0.004682,0.060122,0,0.107185
"PH_AS_7.sorted.bam","7","AS",0.002544,0,0.017308,0.032707,0.003028,0.060873,0.011278,0,0.046922,0.475619,0.437122,0.508955,0.441027,0.390344,0.478527,0.000842,0,0.006675,0.000759,0,0.006671,0.035224,6.1e-05,0.072371,0.000119,0,0.001226,0.000644,0,0.007501,0.000437,0,0.005747,0.00115,0,0.017104,0.008897,0,0.074609,0.002272,0,0.030354,0.000432,0,0.004832,0.02059,0,0.110651,0.004927,0,0.05825,0.007511,0,0.069961,0.001281,0,0.019063,0.002732,0,0.036902,0.000955,0,0.012277,0.874983,0.771309,0.951159,0.000665,0,0.010303,0.000257,0,0.00315,0.000318,0,0.004041,0.000176,0,0.001424,0.000338,0,0.004545,0.000195,0,0.001841,8e-05,0,0.000765,0.000441,0,0.005762,0.000177,0,0.001684,0.000236,0,0.002125,0.000146,0,0.001431,0.000118,0,0.001309,6.8e-05,0,0.000764,7.3e-05,0,0.000719,0.000643,0,0.008221,0.031182,0,0.095082,0.001672,0,0.027566,0.034801,0,0.136357,0.000462,0,0.004904,0.000173,0,0.00174,0.000184,0,0.002157,0.000666,0,0.008761
"PH_AS_8.sorted.bam","8","AS",0.01652,0,0.046593,0.075981,0.040842,0.113769,0.019086,0,0.067405,0.431198,0.398837,0.464372,0.42929,0.393223,0.46209,0.001858,0,0.014557,0.013091,0,0.038628,0.012977,0,0.045116,0.000393,0,0.005463,0.009837,0,0.08305,0.046429,0,0.101528,0.000753,0,0.00945,0.023799,0,0.122597,0.002343,0,0.030112,0.001264,0,0.01603,0.008265,0,0.09443,0.000508,0,0.004626,0.001525,0,0.021647,0.000953,0,0.013296,0.002308,0,0.036879,0.004983,0,0.06417,0.846668,0.774474,0.908277,0.000348,0,0.003576,0.000412,0,0.005275,0.000463,0,0.00513,0.000296,0,0.004318,0.000692,0,0.008481,0.000255,0,0.002663,0.00055,0,0.00764,0.016381,0,0.072342,0.000963,0,0.01386,0.001564,0,0.025042,0.000503,0,0.006164,0.000339,0,0.004162,0.000181,0,0.00179,0.001389,0,0.01902,0.002654,0,0.036144,0.013469,0,0.085929,0.001581,0,0.025225,0.001447,0,0.022099,0.002377,0,0.032001,0.000315,0,0.00326,0.003471,0,0.040252,0.00032,0,0.004142
"PH_AS_9.sorted.bam","9","AS",0.021059,0,0.048732,0.040402,0.004977,0.077443,0.013067,0,0.054413,0.461731,0.421877,0.499357,0.409644,0.358675,0.456206,0.001982,0,0.013838,0.008543,0,0.035344,0.043573,0.014881,0.075346,0.000108,0,0.001112,0.004027,0,0.04919,0.000709,0,0.011052,0.000765,0,0.00896,0.019464,0,0.103282,0.001103,0,0.0139,0.000489,0,0.006309,0.049148,0,0.135869,0.000701,0,0.009382,0.00177,0,0.027588,0.002244,0,0.030486,0.00278,0,0.037869,0.000546,0,0.005207,0.810686,0.706692,0.905018,0.000355,0,0.003815,0.000802,0,0.009765,0.000611,0,0.006602,0.000273,0,0.003321,0.000324,0,0.003864,0.000345,0,0.00444,0.00018,0,0.00205,0.012534,0,0.068959,0.002155,0,0.029016,0.000437,0,0.005148,0.000454,0,0.004167,0.000442,0,0.003311,0.000336,0,0.004498,0.000163,0,0.00198,0.02104,0,0.085458,0.001201,0,0.013634,0.001741,0,0.024887,0.058119,0,0.145267,0.001535,0,0.020317,0.000911,0,0.014087,0.000402,0,0.00563,0.001098,0,0.014897
"PH_BA_10.sorted.bam","10","BA",0.356383,0.316918,0.436692,0.00204,0,0.014399,0.138724,0.094959,0.179751,0.003182,0,0.026296,0.084696,0.035141,0.132007,0.004164,0,0.027185,0.408188,0.326853,0.455388,0.002623,0,0.017253,0.000151,0,0.001628,0.000273,0,0.003097,0.000197,0,0.002233,0.022368,0,0.195854,0.000279,0,0.002714,0.00049,0,0.006154,0.000465,0,0.006328,0.000339,0,0.004701,0.001991,0,0.033482,0.000169,0,0.001492,0.001001,0,0.013204,0.000766,0,0.010772,0.163094,0.047764,0.261922,0.001001,0,0.016284,0.000522,0,0.002871,0.000881,0,0.013587,0.000386,0,0.00463,0.002165,0,0.029757,0.000304,0,0.003636,0.000368,0,0.003597,0.001385,0,0.018315,0.687029,0.622287,0.749622,0.001157,0,0.015654,0.08545,0,0.231267,0.001348,0,0.016552,0.001588,0,0.022576,0.000948,0,0.01302,0.018801,0,0.092559,0.000447,0,0.004406,0.000488,0,0.005876,0.00112,0,0.017373,0.000578,0,0.008068,0.00053,0,0.00787,0.000507,0,0.006757,0.001254,0,0.018365,0.000161,0,0.001432
"PH_BA_1.sorted.bam","1","BA",0.332409,0.291366,0.39954,0.002079,0,0.01542,0.158023,0.096961,0.246437,0.005049,0,0.026243,0.015473,0,0.058962,0.031254,0,0.080245,0.40167,0.321476,0.462783,0.054044,0.0289,0.081582,0.005213,0,0.043393,0.00029,0,0.003451,0.000414,0,0.005281,0.001182,0,0.016594,0.000328,0,0.003783,0.125033,0.038969,0.233649,0.000327,0,0.003115,0.000338,0,0.004562,0.001463,0,0.023482,7e-04,0,0.010862,0.002017,0,0.028079,0.000478,0,0.004726,0.00375,0,0.055908,0.000887,0,0.011755,0.000907,0,0.008392,0.000767,0,0.009641,0.001062,0,0.016235,0.000331,0,0.002972,0.001801,0,0.029637,0.003482,0,0.061124,0.005982,0,0.056475,0.639361,0.567343,0.709336,0.000423,0,0.004723,0.02565,0,0.197984,0.001833,0,0.024731,0.000308,0,0.003789,0.022075,0,0.149806,0.04596,0,0.136497,0.010447,0,0.116558,0.000413,0,0.00587,0.033277,0,0.152203,0.002048,0,0.033033,0.018211,0,0.113137,0.021024,0,0.113029,0.021771,0,0.132322,0.000448,0,0.004934
"PH_BA_2.sorted.bam","2","BA",0.332426,0.299001,0.401527,0.005318,0,0.026209,0.155237,0.099544,0.245704,0.001176,0,0.008663,0.035933,1e-06,0.079552,0.010423,0,0.050272,0.41799,0.332388,0.472398,0.041497,0.016744,0.064259,0.000563,0,0.007263,0.001127,0,0.017895,0.000228,0,0.002585,0.014654,0,0.205391,0.003493,0,0.043023,0.136322,0,0.228195,0.000205,0,0.002642,0.000536,0,0.00704,0.000138,0,0.001292,8e-05,0,0.000615,0.000503,0,0.005557,0.002213,0,0.030261,0.00259,0,0.035856,0.000463,0,0.004751,0.005514,0,0.061634,0.000319,0,0.003945,0.000676,0,0.010129,0.002854,0,0.042594,0.000289,0,0.003552,0.003417,0,0.045537,0.000323,0,0.002703,0.646069,0.569547,0.71589,0.000375,0,0.004029,0.007838,0,0.10111,0.000273,0,0.003527,0.014874,0,0.112792,0.001346,0,0.019537,0.069843,0,0.144671,0.000849,0,0.011521,0.001762,0,0.022934,0.006264,0,0.086542,0.00029,0,0.002964,0.036779,0,0.110964,0.0113,0,0.091955,0.025519,0,0.109546,0.000115,0,0.001307
"PH_BA_3.sorted.bam","3","BA",0.325196,0.286814,0.395523,0.001499,0,0.011187,0.140499,0.098584,0.196117,0.001641,0,0.013975,0.101015,0.047616,0.142262,0.005634,0,0.029854,0.388854,0.307251,0.447367,0.035662,0.004755,0.063956,0.00018,0,0.002099,0.000208,0,0.001891,0.000436,0,0.005686,0.023237,0,0.167867,0.00063,0,0.007583,0.021335,0,0.119793,0.000212,0,0.002725,0.00017,0,0.001856,0.000508,0,0.004486,0.000239,0,0.002809,0.000345,0,0.003261,0.000277,0,0.002731,0.195932,0.08193,0.282339,0.000644,0,0.006744,0.000565,0,0.007002,0.00039,0,0.005312,0.000284,0,0.002926,0.003071,0,0.041475,0.000574,0,0.006169,0.000281,0,0.002977,3e-04,0,0.003281,0.625396,0.563435,0.683253,0.000392,0,0.005461,0.001616,0,0.025672,0.000277,0,0.002047,0.003041,0,0.057808,0.001481,0,0.020645,0.046749,0,0.126952,0.000244,0,0.002276,0.000165,0,0.002105,0.013333,0,0.088386,0.000417,0,0.005256,0.00038,0,0.005141,0.004588,0,0.0463,0.052006,0,0.126058,9.6e-05,0,0.001073
"PH_BA_4.sorted.bam","4","BA",0.355079,0.312066,0.444353,0.002977,0,0.019609,0.121893,0.070657,0.175223,0.004775,0,0.026091,0.050447,0.000882,0.087971,0.037939,3e-05,0.077466,0.405164,0.308695,0.459666,0.021727,0,0.052734,0.000187,0,0.002284,0.000548,0,0.008108,0.000143,0,0.001463,0.056657,0,0.25982,0.001425,0,0.018935,0.034047,0,0.16641,0.000529,0,0.006848,0.000568,0,0.006537,0.001765,0,0.023915,0.000419,0,0.005128,0.000707,0,0.006368,0.000824,0,0.012903,0.002292,0,0.033499,0.001856,0,0.031473,0.001545,0,0.021688,0.000686,0,0.006122,0.000551,0,0.0071,0.012407,0,0.092325,0.001526,0,0.018243,0.042739,0,0.142875,0.007885,0,0.057588,0.648897,0.557114,0.727077,0.000751,0,0.009487,0.097354,0,0.244773,0.001297,0,0.019093,0.034896,0,0.158636,0.000966,0,0.016793,0.00346,0,0.046459,0.001761,0,0.02414,0.001002,0,0.01399,0.003793,0,0.050711,0.001171,0,0.018785,0.014488,0,0.086084,0.001234,0,0.016812,0.019246,0,0.091753,0.000379,0,0.003276
"PH_BA_5.sorted.bam","5","BA",0.316662,0.265778,0.420385,0.001494,0,0.011187,0.132683,0.058366,0.211289,0.021404,0,0.071376,0.064136,0,0.132669,0.028392,1e-06,0.067489,0.432199,0.342974,0.496726,0.00303,0,0.022917,0.000732,0,0.010664,0.000209,0,0.001914,0.000152,0,0.001494,0.011525,0,0.149021,0.000629,0,0.007379,0.088608,0,0.19078,0.001075,0,0.015854,0.000296,0,0.004136,0.016469,0,0.114711,0.000584,0,0.008591,0.001911,0,0.024829,0.000613,0,0.008308,0.004987,0,0.063501,0.001414,0,0.018158,0.000777,0,0.009007,0.038022,0,0.129398,0.000221,0,0.002513,0.00171,0,0.021164,0.001768,0,0.023643,0.00194,0,0.031924,0.001599,0,0.026095,0.578889,0.457252,0.719849,0.000395,0,0.003821,0.052309,0,0.288541,0.02011,0,0.132447,0.11544,0,0.260643,0.007795,0,0.076901,0.044063,0,0.150463,0.000229,0,0.001958,0.000323,0,0.003471,0.00052,0,0.004815,0.000508,0,0.006326,0.000412,0,0.005826,0.002132,0,0.032253,0.001333,0,0.01778,0.000302,0,0.003898
"PH_BA_7.sorted.bam","7","BA",0.353912,0.322879,0.40755,0.000748,0,0.006373,0.127388,0.077098,0.184038,0.001157,0,0.010812,0.05688,4.4e-05,0.101769,0.028223,0,0.064494,0.406686,0.330703,0.456451,0.025006,4e-06,0.052317,0.000151,0,0.001377,0.000208,0,0.00201,0.000145,0,0.001695,0.005996,0,0.112769,0.000225,0,0.002196,0.032738,0,0.154026,0.000131,0,0.001505,8.4e-05,0,0.000975,0.000249,0,0.002922,9.4e-05,0,0.000994,0.000174,0,0.001513,0.000117,0,0.000984,0.091673,0,0.195249,0.000205,0,0.002439,0.000213,0,0.002528,0.001525,0,0.022724,0.000167,0,0.001695,0.016527,0,0.113613,0.000325,0,0.002807,0.000848,0,0.010698,0.004142,0,0.041334,0.695358,0.634082,0.755694,0.000268,0,0.003061,0.051695,0,0.196134,0.000823,0,0.012066,0.018678,0,0.13043,0.018547,0,0.111468,0.008835,0,0.069008,0.00413,0,0.04819,0.000136,0,0.000962,0.022934,0,0.09135,0.000311,0,0.003211,0.001639,0,0.02774,0.010224,0,0.071801,0.010332,0,0.087491,0.000152,0,0.001243
"PH_BA_9.sorted.bam","9","BA",0.301685,0.258455,0.336116,0.003948,0,0.023284,0.125948,0.076184,0.183431,0.050659,0.006677,0.092894,0.027611,0,0.089434,0.032091,1e-06,0.066694,0.424011,0.368235,0.470157,0.034046,0.007916,0.064004,4.6e-05,0,0.000462,0.000401,0,0.004629,6.3e-05,0,0.000683,0.001374,0,0.006793,0.002984,0,0.039354,0.001148,0,0.015888,0.000703,0,0.009926,0.000463,0,0.006011,0.001948,0,0.030556,0.00018,0,0.00185,0.000187,0,0.002091,0.000597,0,0.007543,0.027708,0,0.178762,0.002215,0,0.028063,0.000257,0,0.003058,0.000181,0,0.002126,0.001983,0,0.03128,0.014402,0,0.107,0.028358,0,0.110551,0.002853,0,0.044893,8.8e-05,0,0.000804,0.592787,0.43884,0.670355,0.000842,0,0.011692,0.175157,0,0.333591,0.066433,0,0.183582,0.008177,0,0.082384,0.000397,0,0.004725,5.3e-05,0,0.000426,0.007645,0,0.092148,0.000501,0,0.006057,0.026027,0,0.12238,0.000839,0,0.011308,0.01297,0,0.074515,0.015831,0,0.080303,0.004124,0,0.061829,7.8e-05,0,0.000674
"PH_BB_10.sorted.bam","10","BB",0.11289,0.032202,0.153363,0.001171,0,0.009121,0.764691,0.685499,0.922629,0.003493,0,0.021856,0.001285,0,0.011073,0.001541,0,0.012027,0.113212,0.03316,0.152637,0.001716,0,0.014268,7.5e-05,0,0.000723,0.000213,0,0.002451,0.000187,0,0.00208,0.000781,0,0.011546,0.000326,0,0.002169,0.762177,0.68197,0.919008,0.00055,0,0.007807,4e-04,0,0.004127,0.001606,0,0.020481,0.000445,0,0.005869,0.000342,0,0.004582,0.000158,0,0.001556,0.000245,0,0.002072,0.000755,0,0.007889,0.000191,0,0.002073,0.000125,0,0.001181,0.000303,0,0.003773,0.000739,0,0.010127,0.000712,0,0.010181,0.000185,0,0.002004,0.000216,0,0.002302,0.223479,0.062753,0.301787,0.000405,0,0.004521,0.000297,0,0.003364,0.001287,0,0.019934,0.00022,0,0.001966,0.000173,0,0.001804,0.000148,0,0.001668,0.000139,0,0.001127,0.000163,0,0.001914,0.001035,0,0.014391,0.000788,0,0.010342,0.000283,0,0.003094,0.000415,0,0.00426,0.000268,0,0.002918,0.000172,0,0.002147
"PH_BB_1.sorted.bam","1","BB",0.101855,1e-06,0.143787,0.001859,0,0.015184,0.761512,0.675276,0.953945,0.002476,0,0.019126,0.003038,0,0.020576,0.002259,0,0.017078,0.101523,0.000167,0.142462,0.025478,6e-06,0.054616,0.000108,0,0.000999,0.000365,0,0.005191,0.000162,0,0.002029,0.001457,0,0.018623,0.000343,0,0.004203,0.738617,0.633492,0.929344,0.000752,0,0.008914,0.000486,0,0.005176,0.000764,0,0.01027,0.000127,0,0.001151,0.000526,0,0.006564,0.000284,0,0.003596,0.000954,0,0.012333,0.000399,0,0.004915,0.000188,0,0.001999,0.000336,0,0.003773,0.000145,0,0.001375,0.000539,0,0.006004,0.000211,0,0.001988,0.000661,0,0.008876,0.000356,0,0.005388,0.199017,0,0.283227,0.000347,0,0.003074,0.000282,0,0.003099,0.000398,0,0.003938,0.001711,0,0.030579,0.000132,0,0.001258,0.000146,0,0.001668,0.001041,0,0.013274,0.001423,0,0.024209,0.041453,0,0.108038,0.001687,0,0.028003,0.001164,0,0.016214,0.001781,0,0.023264,0.000868,0,0.012647,0.000769,0,0.011993
"PH_BB_2.sorted.bam","2","BB",0.083026,1e-06,0.125685,0.001333,0,0.010567,0.805253,0.711785,0.991018,0.012874,0,0.043794,0.004302,0,0.027129,0.000975,0,0.007404,0.083042,2e-06,0.125947,0.009196,0,0.032857,0.000152,0,0.001263,0.000237,0,0.002331,6.9e-05,0,0.00085,0.001426,0,0.011631,0.000584,0,0.007085,0.793969,0.677935,0.988551,0.000568,0,0.005913,0.000475,0,0.00602,0.014622,0,0.08481,0.000342,0,0.004058,0.002359,0,0.036787,0.000148,0,0.001568,0.000322,0,0.002244,0.00198,0,0.029731,0.000349,0,0.004125,0.000302,0,0.003935,0.000136,0,0.001374,0.000115,0,0.00108,0.00033,0,0.002849,0.000146,0,0.001484,0.000102,0,0.001113,0.159356,0,0.248397,0.000108,0,0.001067,0.000238,0,0.003236,0.004281,0,0.046505,0.000363,0,0.003973,0.000185,0,0.002136,0.000137,0,0.001406,0.0015,0,0.023808,0.000839,0,0.012402,0.00526,0,0.057218,0.002808,0,0.034443,0.002588,0,0.031725,0.000533,0,0.008035,0.001276,0,0.018907,0.001794,0,0.017019
"PH_BB_3.sorted.bam","3","BB",0.110591,0.016488,0.153255,0.00676,0,0.03208,0.684727,0.593141,0.85191,0.009646,0,0.041185,0.013746,0,0.056353,0.005342,0,0.042833,0.109189,0.001796,0.15216,0.059999,0.028792,0.090874,0.000108,0,0.000976,0.001286,0,0.013588,0.000101,0,0.001219,0.000507,0,0.007292,0.00184,0,0.028432,0.6265,0.504838,0.849641,0.000543,0,0.00708,0.002435,0,0.033292,0.001309,0,0.016386,0.000272,0,0.002745,0.002076,0,0.030133,0.002503,0,0.031798,0.009497,0,0.092546,0.007872,0,0.073614,0.000878,0,0.011579,0.000372,0,0.00323,0.000371,0,0.004668,0.002192,0,0.035405,0.001004,0,0.013255,0.00059,0,0.006689,0.000188,0,0.00195,0.215897,0,0.302148,0.00074,0,0.008666,0.000445,0,0.005336,0.00028,0,0.003084,0.000248,0,0.002471,8.9e-05,0,0.000808,0.000114,0,0.001185,0.000286,0,0.00314,0.004143,0,0.051075,0.100664,0,0.178233,0.005304,0,0.056897,0.002948,0,0.050504,0.00569,0,0.078522,0.000451,0,0.005257,0.000255,0,0.00312
"PH_BB_4.sorted.bam","4","BB",0.120323,0.040147,0.161703,0.000571,0,0.004503,0.750797,0.669178,0.912054,0.004392,0,0.029236,0.003137,0,0.024177,0.001729,0,0.014151,0.117872,0.034246,0.158249,0.001178,0,0.009623,0.000162,0,0.00123,0.000112,0,0.001168,9.9e-05,0,0.001159,0.002969,0,0.042428,0.000143,0,0.001534,0.747773,0.660655,0.910676,0.001594,0,0.023274,0.000163,0,0.002189,0.000617,0,0.007366,0.000896,0,0.011682,0.000382,0,0.003802,0.000205,0,0.002099,0.000874,0,0.008091,0.003022,0,0.04252,0.000431,0,0.006238,0.000811,0,0.011738,0.000121,0,0.001163,0.001035,0,0.013524,0.000403,0,0.004333,0.000321,0,0.003053,0.000251,0,0.00297,0.234099,0.067169,0.314133,8.2e-05,0,0.000925,0.000158,0,0.00163,0.000611,0,0.006046,0.000316,0,0.00396,8.3e-05,0,0.000946,7.8e-05,0,0.000715,0.000355,0,0.004732,0.00012,0,0.001243,0.000251,0,0.002635,0.000583,0,0.008253,0.000293,0,0.003452,0.000184,0,0.001308,0.000239,0,0.002424,0.000167,0,0.001529
"PH_BB_5.sorted.bam","5","BB",0.084465,1e-06,0.126537,0.002899,0,0.020375,0.813747,0.72383,0.987387,0.001225,0,0.010648,0.000924,0,0.007078,0.00135,0,0.011439,0.078436,0,0.122268,0.016954,0,0.046512,0.000262,0,0.003133,0.000734,0,0.01017,9.7e-05,0,0.00099,0.00704,0,0.111237,0.001516,0,0.020022,0.79682,0.695039,0.983929,0.000181,0,0.00223,0.000508,0,0.005259,0.000214,0,0.002067,0.000124,0,0.001142,0.000216,0,0.003132,0.00025,0,0.00288,0.000343,0,0.00432,0.000186,0,0.001613,0.000101,0,0.001141,0.000166,0,0.001868,0.000381,0,0.002655,0.000568,0,0.006583,0.000244,0,0.002801,0.000132,0,0.001126,0.000142,0,0.001757,0.155443,0,0.243801,0.000399,0,0.002849,9.5e-05,0,0.001018,0.000124,0,0.001304,0.000185,0,0.002095,0.000144,0,0.001585,5.3e-05,0,0.000564,0.004627,0,0.046872,0.001817,0,0.026304,0.024078,0,0.089154,0.000745,0,0.009995,0.000333,0,0.003962,0.000782,0,0.012512,0.000377,0,0.003212,0.000575,0,0.008121
"PH_BB_6.sorted.bam","6","BB",0.087898,1.3e-05,0.126553,0.001053,0,0.008308,0.808392,0.733086,0.968182,0.001621,0,0.013327,0.00197,0,0.014409,0.007979,0,0.042611,0.086565,1.9e-05,0.124739,0.004522,0,0.025722,7.3e-05,0,0.000657,0.000188,0,0.002533,0.000154,0,0.001556,0.001171,0,0.012939,0.000126,0,0.001352,0.802904,0.718868,0.959023,0.000326,0,0.004771,0.000141,0,0.001519,2e-04,0,0.001815,0.000124,0,0.0013,0.000449,0,0.005814,0.000313,0,0.003885,0.000762,0,0.007209,0.000196,0,0.002023,0.000321,0,0.003779,0.001274,0,0.017639,0.000431,0,0.00448,0.006256,0,0.074682,0.001504,0,0.02121,0.000534,0,0.005659,0.000878,0,0.01225,0.171388,0,0.24803,0.000208,0,0.002716,0.000415,0,0.003042,0.000226,0,0.0028,0.000281,0,0.003342,0.000226,0,0.002328,7.1e-05,0,0.000762,0.000853,0,0.01191,0.000392,0,0.004763,0.002046,0,0.028074,0.000402,0,0.004981,0.000764,0,0.010867,0.003976,0,0.045112,0.000245,0,0.002936,0.000183,0,0.002214
"PH_BB_7.sorted.bam","7","BB",0.087634,0.000148,0.129047,0.008744,0,0.031194,0.795902,0.708791,0.976335,0.003248,0,0.022448,0.004764,0,0.029646,0.002011,0,0.014631,0.085034,0.000107,0.125164,0.012662,0,0.039728,9.6e-05,0,0.001053,0.002331,0,0.029599,0.000755,0,0.009535,0.001144,0,0.015016,0.003323,0,0.04529,0.785451,0.679474,0.971935,0.000338,0,0.004292,0.000514,0,0.006856,0.001049,0,0.009748,0.000164,0,0.001943,0.000818,0,0.011209,0.001348,0,0.019001,0.005195,0,0.054343,0.000333,0,0.004541,0.000211,0,0.002192,0.000398,0,0.003857,0.000411,0,0.00515,0.000745,0,0.007286,0.000245,0,0.003096,0.000178,0,0.002601,0.00026,0,0.002836,0.168246,0,0.248665,0.00045,0,0.006538,2e-04,0,0.002137,0.000275,0,0.003436,0.000235,0,0.002105,0.000244,0,0.002633,9.2e-05,0,0.000881,0.001801,0,0.026433,0.007601,0,0.050783,0.009247,0,0.07623,0.003415,0,0.037283,0.001,0,0.01299,0.001281,0,0.017738,0.000235,0,0.003275,0.000372,0,0.00438
"PH_BB_8.sorted.bam","8","BB",0.095875,2e-06,0.138327,0.003255,0,0.020142,0.779713,0.694572,0.955018,0.004642,0,0.026871,0.002184,0,0.017782,0.001948,0,0.014178,0.098645,0.009041,0.138718,0.013738,0,0.040222,0.000117,0,0.00106,0.000329,0,0.004017,0.000598,0,0.008296,0.000918,0,0.012733,0.000493,0,0.007169,0.772473,0.6751,0.950753,0.000414,0,0.005383,0.000184,0,0.002279,0.002983,0,0.039129,0.000261,0,0.003229,0.000514,0,0.006386,0.00028,0,0.002874,0.000749,0,0.00706,0.00034,0,0.003446,0.000121,0,0.001248,0.000204,0,0.00205,0.000265,0,0.002847,0.00046,0,0.005511,0.001038,0,0.01483,0.000231,0,0.002913,0.000128,0,0.001269,0.18824,0,0.272534,0.000204,0,0.001629,0.000349,0,0.004513,0.000523,0,0.005814,0.000721,0,0.010159,0.000209,0,0.002048,0.000371,0,0.005045,9e-04,0,0.012584,0.003559,0,0.035987,0.008527,0,0.067393,0.00328,0,0.038733,0.001292,0,0.020416,0.001234,0,0.017243,0.006303,0,0.059207,0.00119,0,0.016243
"PH_BB_9.sorted.bam","9","BB",0.11573,0.022329,0.158445,0.003154,0,0.021148,0.73808,0.655814,0.921553,0.001702,0,0.014198,0.004978,0,0.032915,0.00184,0,0.014141,0.105821,0.00066,0.14902,0.028694,2e-05,0.059471,0.000153,0,0.001617,0.001467,0,0.018351,0.00019,0,0.002042,0.010031,0,0.097967,0.000773,0,0.011527,0.71073,0.606037,0.87718,0.000395,0,0.004947,0.000166,0,0.001575,0.001063,0,0.01446,1e-04,0,0.000911,0.000692,0,0.010032,0.000796,0,0.010032,0.001194,0,0.012847,0.000503,0,0.005487,0.000325,0,0.003668,0.000759,0,0.010742,0.000601,0,0.007971,0.000502,0,0.006234,0.000394,0,0.004834,0.000502,0,0.005651,0.000165,0,0.001802,0.2103,0,0.297029,0.000106,0,0.001111,0.000162,0,0.001554,0.000208,0,0.002296,0.000308,0,0.002746,0.000203,0,0.001375,6.8e-05,0,0.000629,0.007511,0,0.073327,0.002019,0,0.029696,0.040975,0,0.116808,0.000477,0,0.004793,0.005313,0,0.057407,0.00039,0,0.003471,0.000219,0,0.002322,0.000242,0,0.002574
"PH_BC_10.sorted.bam","10","BC",0.067396,5e-06,0.105275,0.001643,0,0.013402,0.00311,0,0.035629,0.008693,0,0.06354,0.85074,0.754438,0.994383,0.001068,0,0.008607,0.066559,1e-06,0.10432,0.00079,0,0.006518,6e-05,0,0.000587,0.000323,0,0.00337,9e-05,0,0.00091,0.00023,0,0.001792,0.000281,0,0.003032,0.000173,0,0.001633,0.000212,0,0.001412,9.2e-05,0,0.000836,0.00029,0,0.003684,7.2e-05,0,0.000782,0.001351,0,0.0193,0.001793,0,0.024414,0.004598,0,0.070371,0.016265,0,0.12662,0.837938,0.687681,0.993154,0.000204,0,0.002528,0.000286,0,0.003358,9.9e-05,0,0.000897,0.000131,0,0.00119,0.000919,0,0.01407,6.3e-05,0,0.000556,0.132223,0,0.207894,0.000141,0,0.001333,8.5e-05,0,0.000919,0.000114,0,0.001136,0.000306,0,0.002357,0.000101,0,0.0011,3.1e-05,0,0.000331,0.00013,0,0.001235,0.000189,0,0.002329,0.000291,0,0.003127,0.000138,0,0.001183,0.000372,0,0.005578,0.000273,0,0.003327,8.9e-05,0,0.000754,4.9e-05,0,0.000459
"PH_BC_11.sorted.bam","11","BC",0.057509,0,0.097464,0.001385,0,0.011331,0.00272,0,0.022091,0.003591,0,0.025371,0.874938,0.793618,0.998457,9e-04,0,0.007267,0.057673,0,0.098952,0.001284,0,0.011231,0.00013,0,0.001617,0.000386,0,0.004734,0.000133,0,0.001023,0.001148,0,0.013722,0.00018,0,0.00181,0.000568,0,0.007406,0.000299,0,0.002325,0.00027,0,0.003418,0.000385,0,0.005032,0.000221,0,0.001998,0.000555,0,0.00743,0.001096,0,0.014894,0.001566,0,0.022683,0.004191,0,0.048427,0.870214,0.780802,0.998327,0.000207,0,0.002344,0.000116,0,0.001128,0.000364,0,0.004364,0.00037,0,0.004868,0.000218,0,0.002323,0.000117,0,0.001424,0.111807,0,0.192065,0.000215,0,0.002123,0.000274,0,0.002139,0.000977,0,0.014351,0.001437,0,0.019356,0.00012,0,0.001323,0.000112,0,0.001002,0.000356,0,0.003196,0.000241,0,0.003101,0.000386,0,0.002567,0.000247,0,0.002341,0.000384,0,0.003769,0.000172,0,0.002116,0.000294,0,0.003445,0.000245,0,0.002674
"PH_BC_1.sorted.bam","1","BC",0.055641,0,0.095845,0.008313,0,0.055478,0.02871,0,0.103581,0.023254,0,0.087166,0.82518,0.728063,0.963395,0.001585,0,0.01305,0.056068,0,0.095827,0.001249,0,0.009293,6.1e-05,0,0.000648,0.000268,0,0.002559,0.000425,0,0.006105,0.000392,0,0.005181,0.001141,0,0.017902,0.00038,0,0.003929,0.000411,0,0.00429,0.000436,0,0.003265,0.002163,0,0.030481,0.00015,0,0.001368,0.000426,0,0.004159,0.012026,0,0.109331,0.05186,0,0.20442,0.041873,0,0.173232,0.771064,0.612745,0.93827,0.000265,0,0.002892,0.000636,0,0.006932,0.000579,0,0.006434,0.000347,0,0.00325,0.000686,0,0.009665,0.000162,0,0.001815,0.109121,0,0.189561,0.000574,0,0.007332,0.000359,0,0.004595,0.000763,0,0.009088,0.000836,0,0.010903,9.4e-05,0,0.000888,9.3e-05,0,0.00084,0.000277,0,0.003056,0.000695,0,0.009965,0.000167,0,0.001492,0.000214,0,0.002391,0.000526,0,0.006888,0.000239,0,0.002477,0.000203,0,0.002756,8.9e-05,0,0.000913
"PH_BC_2.sorted.bam","2","BC",0.034835,0,0.070426,0.001093,0,0.009199,0.000881,0,0.007294,0.001005,0,0.007424,0.926499,0.855002,0.999676,0.000889,0,0.006818,0.034049,0,0.069516,0.000749,0,0.005912,5.7e-05,0,0.000537,0.00071,0,0.009142,0.000121,0,0.001131,0.000169,0,0.001749,0.000145,0,0.001783,0.000157,0,0.00192,0.000276,0,0.003468,0.000186,0,0.002003,0.00012,0,0.001292,0.000159,0,0.001541,0.001034,0,0.013912,0.000245,0,0.002854,0.000488,0,0.006195,0.000439,0,0.005205,0.924989,0.852289,0.999639,0.000185,0,0.001801,0.000307,0,0.00357,0.000138,0,0.001372,0.000268,0,0.003839,3e-04,0,0.003098,0.000141,0,0.001679,0.067004,0,0.137527,0.000175,0,0.001707,0.000133,0,0.00139,0.000282,0,0.003623,0.000154,0,0.001201,0.000141,0,0.001133,4.7e-05,0,0.000493,0.00018,0,0.001884,0.000175,0,0.002404,0.000256,0,0.002191,0.00012,0,0.001339,0.000361,0,0.00412,0.000158,0,0.001492,0.000113,0,0.001389,6.8e-05,0,0.000747
"PH_BC_3.sorted.bam","3","BC",0.062915,9.3e-05,0.09897,0.001694,0,0.015138,0.0011,0,0.009463,0.017893,0,0.068336,0.852614,0.764874,0.993492,0.000616,0,0.005326,0.062038,3e-06,0.098557,0.00113,0,0.009155,6.3e-05,0,0.00057,0.000709,0,0.006703,9.6e-05,0,0.001074,0.000214,0,0.002526,0.000255,0,0.002492,0.000143,0,0.001502,0.000641,0,0.007058,0.000336,0,0.004238,0.000135,0,0.001691,8e-05,0,0.000775,0.000811,0,0.010792,0.001162,0,0.012263,0.000943,0,0.013905,0.033596,0,0.135664,0.83378,0.701714,0.991696,0.000148,0,0.001311,8.3e-05,0,0.00087,8.3e-05,0,0.000655,0.000266,0,0.002855,0.000312,0,0.004144,9.4e-05,0,0.000899,0.122712,0,0.195146,0.000256,0,0.002373,1e-04,0,0.000858,0.000385,0,0.005578,0.000331,0,0.003417,7.3e-05,0,0.00088,4.8e-05,0,0.000442,0.000469,0,0.006095,0.000397,0,0.004537,0.000185,0,0.001972,0.000268,0,0.002805,0.000513,0,0.005716,7.9e-05,0,0.000708,0.000124,0,0.001108,0.000112,0,0.00121
"PH_BC_4.sorted.bam","4","BC",0.047938,0,0.084858,0.000533,0,0.004485,0.000496,0,0.004152,0.000406,0,0.003201,0.905156,0.827155,0.999748,0.000693,0,0.005859,0.044272,0,0.084509,0.000506,0,0.004229,4.1e-05,0,0.000382,0.000123,0,0.001326,5.6e-05,0,0.000538,1e-04,0,0.000899,8.3e-05,0,0.000644,5e-05,0,0.000561,9.7e-05,0,0.00104,6.4e-05,0,0.00064,8.8e-05,0,0.001022,4.2e-05,0,0.000386,0.007563,0,0.091417,0.000353,0,0.003773,0.000314,0,0.004016,0.000143,0,0.001602,0.900381,0.823527,0.999711,9.9e-05,0,0.000841,0.000141,0,0.001555,8.5e-05,0,0.000762,0.000127,0,0.001619,0.000608,0,0.008126,7.9e-05,0,0.000697,0.087694,0,0.168625,7.4e-05,0,0.000785,0.000115,0,0.001248,0.000115,0,0.001226,0.00029,0,0.003342,5.9e-05,0,0.000726,5.4e-05,0,0.000532,0.000117,0,0.001063,0.000116,0,0.001309,0.000108,0,0.000907,9.5e-05,0,0.001067,0.00028,0,0.003579,0.000109,0,0.001187,8.9e-05,0,0.000923,4.8e-05,0,0.000564
"PH_BC_5.sorted.bam","5","BC",0.07691,1.7e-05,0.113938,0.001899,0,0.014398,0.002794,0,0.033591,0.004901,0,0.044101,0.834142,0.757134,0.971132,0.001326,0,0.010555,0.077284,0.003166,0.113207,0.000744,0,0.005848,5.3e-05,0,0.000469,0.000372,0,0.0045,0.000109,0,0.001168,0.000142,0,0.00161,0.000351,0,0.00371,0.000134,0,0.00145,0.000146,0,0.001711,0.000235,0,0.002756,0.000219,0,0.002477,0.000108,0,0.001215,0.000621,0,0.006412,0.001212,0,0.015556,0.003939,0,0.065174,0.007872,0,0.087413,0.826624,0.72395,0.967184,0.000204,0,0.002313,0.000368,0,0.003975,0.000288,0,0.003154,0.000714,0,0.008889,0.000429,0,0.003982,0.000119,0,0.00136,0.152107,0,0.225349,0.000862,0,0.012234,0.000118,0,0.001054,0.000297,0,0.003051,0.000755,0,0.010673,0.000172,0,0.001893,5.9e-05,0,0.000458,0.000122,0,0.001369,0.00018,0,0.001795,0.000263,0,0.00357,0.000103,0,0.001047,0.000208,0,0.00204,0.000237,0,0.002082,0.000139,0,0.001201,0.000118,0,0.001353
"PH_BC_6.sorted.bam","6","BC",0.057153,0,0.102171,0.000632,0,0.004976,0.000531,0,0.004498,0.000544,0,0.004539,0.885312,0.806054,0.999672,0.000427,0,0.003536,0.054952,0,0.0953,0.000448,0,0.003771,4.7e-05,0,0.000526,0.000139,0,0.001496,6.6e-05,0,0.000812,0.000194,0,0.001777,0.000186,0,0.00217,6.9e-05,0,0.000742,0.000128,0,0.000969,8.6e-05,0,0.000778,7.5e-05,0,0.000799,5.3e-05,0,0.000553,0.004705,0,0.069996,0.000209,0,0.002279,0.000244,0,0.00307,0.000352,0,0.003412,0.882178,0.793281,0.999615,0.000119,0,0.001166,0.000152,0,0.001829,6e-05,0,0.000745,6.2e-05,0,0.000595,0.000185,0,0.002015,5.5e-05,0,0.00052,0.108827,0,0.190004,0.000238,0,0.00245,9.4e-05,0,0.001057,0.000153,0,0.002154,0.000363,0,0.003445,7.7e-05,0,0.000873,3.4e-05,0,0.000349,1e-04,0,0.000833,0.000123,0,0.001185,7e-05,0,0.000827,0.000125,0,0.001357,0.000212,0,0.001779,8.8e-05,0,0.000776,8.5e-05,0,0.000869,4.6e-05,0,0.000423
"PH_BC_7.sorted.bam","7","BC",0.157694,0.066531,0.19884,0.00241,0,0.01682,0.16961,0.10601,0.247974,0.021566,0,0.079052,0.345794,0.298273,0.493798,0.086506,0.048252,0.130536,0.159845,0.088212,0.197555,0.056575,0.02406,0.088496,3e-05,0,0.000283,0.000936,0,0.013349,4.6e-05,0,0.000432,0.000153,0,0.001962,0.000366,0,0.004263,5e-05,0,0.000477,0.000176,0,0.001763,0.000309,0,0.003736,0.000453,0,0.005463,4.8e-05,0,0.00046,0.011559,0,0.159686,0.001785,0,0.025381,0.337115,0.210302,0.494618,0.040056,0,0.157471,0.002043,0,0.031619,0.000201,0,0.001874,0.000663,0,0.008425,0.000182,0,0.001861,0.00133,0,0.020521,0.170068,0.094031,0.259533,7.6e-05,0,0.000715,0.302032,0,0.392255,0.000387,0,0.005427,0.000173,0,0.001527,0.000559,0,0.007193,0.015927,0,0.186535,0.000131,0,0.001478,4e-05,0,0.000416,0.00027,0,0.002125,0.000281,0,0.003068,0.000679,0,0.005724,0.000154,0,0.001195,0.110991,0.04599,0.176054,0.000285,0,0.003167,4e-04,0,0.004555,4.5e-05,0,0.000487
"PH_BC_8.sorted.bam","8","BC",0.04745,0,0.08887,0.004136,0,0.027628,0.021442,0,0.107295,0.015438,0,0.053717,0.824462,0.743243,0.906519,0.020612,0,0.061362,0.044471,0,0.082891,0.021989,0,0.067114,0.000143,0,0.001463,0.000744,0,0.0094,0.000175,0,0.001721,0.001964,0,0.023055,0.000505,0,0.006557,0.000221,0,0.001741,0.00133,0,0.019386,0.000229,0,0.002961,0.002369,0,0.032542,0.000106,0,0.001177,0.003569,0,0.051608,0.002283,0,0.032358,0.029411,0,0.212781,0.004184,0,0.069533,0.786233,0.655155,0.882255,0.003345,0,0.04335,0.001333,0,0.019114,0.006691,0,0.064474,0.016991,0,0.093822,0.005786,0,0.091818,0.000713,0,0.006571,0.082404,0,0.159236,0.001908,0,0.026349,0.000587,0,0.007013,0.00095,0,0.014222,0.000708,0,0.007372,0.001056,0,0.015072,0.000264,0,0.003128,0.001257,0,0.019822,0.00092,0,0.010598,0.000916,0,0.011503,0.00461,0,0.051108,0.030516,0,0.132458,0.004596,0,0.053965,0.000802,0,0.011115,0.000181,0,0.002246
"PH_BC_9.sorted.bam","9","BC",0.041274,0,0.085789,0.003193,0,0.021871,0.160545,0.099136,0.231843,0.026503,0,0.093718,0.648069,0.554102,0.757564,0.001769,0,0.014183,0.050409,0,0.097801,0.068238,0.031929,0.106366,4.7e-05,0,0.00043,0.000372,0,0.005047,0.000119,0,0.001226,0.00017,0,0.001492,0.000248,0,0.002802,0.000252,0,0.002357,0.000428,0,0.005562,0.000697,0,0.007067,0.000474,0,0.005839,8e-05,0,0.000669,0.001078,0,0.013036,0.003072,0,0.036192,0.318206,0.195135,0.460491,0.0456,0,0.186727,0.389533,0.209626,0.545077,0.00014,0,0.001397,0.000584,0,0.006403,0.000322,0,0.003747,0.001175,0,0.015371,0.000561,0,0.007434,8.8e-05,0,0.00061,0.079934,0,0.166656,0.000717,0,0.008954,0.000236,0,0.001969,0.00345,0,0.058394,0.015812,0,0.149889,0.000194,0,0.002088,5.1e-05,0,0.000504,0.000331,0,0.003609,0.000458,0,0.004739,0.000931,0,0.009244,0.001022,0,0.013272,0.132741,0.057814,0.210286,0.000385,0,0.00578,0.000371,0,0.005175,0.000119,0,0.001295
"PH_CA_10.sorted.bam","10","CA",0.091734,0.046061,0.131338,0.000686,0,0.005487,0.001034,0,0.00762,0.000904,0,0.007134,0.000608,0,0.005184,0.606458,0.552431,0.667178,0.297069,0.242922,0.342326,0.001506,0,0.011625,0.000548,0,0.008115,0.000255,0,0.002698,9.8e-05,0,0.001084,0.000449,0,0.006946,0.000115,0,0.001288,0.000169,0,0.001334,0.000227,0,0.002647,0.000137,0,0.001438,0.000274,0,0.003218,0.000172,0,0.001893,0.000111,0,0.001151,8.2e-05,0,0.00074,0.000102,0,0.000984,0.000158,0,0.001557,0.000143,0,0.001938,0.001009,0,0.014768,0.000233,0,0.002095,0.000411,0,0.005375,0.000233,0,0.002235,0.000166,0,0.001828,0.49097,0.404924,0.580959,0.179978,0.087439,0.259851,0.000193,0,0.00138,0.000177,0,0.002232,0.000188,0,0.001872,0.000155,0,0.001602,0.228267,0.077039,0.371841,0.092445,0,0.16583,0.000344,0,0.003613,0.000161,0,0.001764,0.000204,0,0.0023,0.000248,0,0.003368,0.000155,0,0.001652,0.000658,0,0.007747,0.00029,0,0.002833,0.000477,0,0.006884
"PH_CA_12.sorted.bam","12","CA",0.10237,0.059299,0.134096,0.001698,0,0.011359,0.001022,0,0.007775,0.001159,0,0.008625,0.001712,0,0.014788,0.569005,0.514742,0.636618,0.32126,0.266116,0.365869,0.001775,0,0.011887,0.000103,0,0.001137,0.00029,0,0.0036,0.000471,0,0.007117,0.000173,0,0.002069,2e-04,0,0.00175,0.00016,0,0.00164,0.000207,0,0.002619,0.000238,0,0.002974,0.000221,0,0.002296,0.00012,0,0.001302,0.000315,0,0.00367,0.000304,0,0.003711,0.000163,0,0.001973,0.000285,0,0.00316,0.000446,0,0.005327,0.00095,0,0.010302,0.00022,0,0.002251,0.000226,0,0.002799,0.00054,0,0.006206,0.000422,0,0.004482,0.47,0.389676,0.552425,0.20245,0.11602,0.266625,0.000748,0,0.010589,0.00049,0,0.007438,0.000346,0,0.004382,0.000847,0,0.006713,0.195492,0.055426,0.375705,0.12073,0,0.197223,0.00015,0,0.00154,0.000453,0,0.005989,0.000251,0,0.003193,0.000242,0,0.002604,0.000195,0,0.00207,0.00016,0,0.001904,0.000685,0,0.009276,0.000707,0,0.008953
"PH_CA_1.sorted.bam","1","CA",0.125834,0.002828,0.165641,0.000755,0,0.006165,0.000883,0,0.007497,0.000781,0,0.006793,9e-04,0,0.007259,0.555612,0.495941,0.663923,0.313492,0.266042,0.357882,0.001743,0,0.015102,0.00073,0,0.005298,0.000109,0,0.001355,0.000141,0,0.001211,0.000234,0,0.001351,0.000126,0,0.001463,9.8e-05,0,0.001208,0.000257,0,0.00316,8.2e-05,0,0.00095,0.000154,0,0.001503,0.00016,0,0.001545,0.000172,0,0.002209,1e-04,0,0.001127,0.000207,0,0.001978,0.000134,0,0.001271,0.000171,0,0.002033,0.000545,0,0.005661,0.000222,0,0.00229,0.000225,0,0.002095,0.000209,0,0.001837,0.000423,0,0.004789,0.500776,0.407368,0.577995,0.248122,0,0.330123,0.000333,0,0.004428,0.000443,0,0.005238,0.000296,0,0.002864,0.000242,0,0.001494,0.107632,0,0.365195,0.134403,0.051819,0.203625,0.00077,0,0.007514,0.000254,0,0.003417,0.000181,0,0.001981,0.00011,0,0.000986,0.00018,0,0.002084,0.000416,0,0.005457,0.001111,0,0.014785,0.000232,0,0.002692
"PH_CA_2.sorted.bam","2","CA",0.120146,0.048762,0.153935,0.000927,0,0.006956,0.001205,0,0.010022,0.001693,0,0.013515,0.001367,0,0.010742,0.545354,0.483833,0.631374,0.3279,0.279288,0.375707,0.001408,0,0.011133,0.000335,0,0.004872,0.000357,0,0.005232,0.000216,0,0.002484,0.00026,0,0.002686,0.000118,0,0.001167,0.000162,0,0.00158,0.000379,0,0.004057,0.000168,0,0.001952,0.000263,0,0.002654,0.00036,0,0.003972,0.000273,0,0.002842,0.000266,0,0.002932,0.000676,0,0.009421,0.000359,0,0.004301,0.000381,0,0.005134,0.000295,0,0.00235,0.000239,0,0.002249,0.000445,0,0.004095,0.000818,0,0.011648,0.000151,0,0.001358,0.522255,0.429242,0.591446,0.237699,0.09399,0.305661,0.000177,0,0.001555,0.000127,0,0.001225,0.000572,0,0.006168,0.000155,0,0.00156,0.043985,0,0.243865,0.186098,0.099623,0.250852,0.000361,0,0.004463,9.6e-05,0,0.001003,0.000198,0,0.002599,0.000107,0,0.001185,9.2e-05,0,0.001025,0.000265,0,0.002768,0.000888,0,0.011468,0.000404,0,0.005628
"PH_CA_3.sorted.bam","3","CA",0.105482,0.070448,0.145713,0.000434,0,0.00353,0.00047,0,0.003542,0.000572,0,0.004502,0.000763,0,0.006302,0.568335,0.514041,0.627913,0.323461,0.263931,0.370376,0.000482,0,0.003864,0.000136,0,0.001185,0.00013,0,0.001385,7.7e-05,0,7e-04,0.000115,0,0.001353,8.6e-05,0,0.000953,0.000116,0,0.001284,9.1e-05,0,0.001048,6.4e-05,0,0.000653,8.4e-05,0,0.000829,0.000131,0,0.001289,0.000227,0,0.002393,0.000121,0,0.001335,9.5e-05,0,0.001055,0.000151,0,0.001849,0.000233,0,0.003091,0.000337,0,0.004797,0.000124,0,0.00118,7.8e-05,0,0.000608,0.000165,0,0.001709,0.000292,0,0.003029,0.508738,0.404518,0.61529,0.2097,0.139688,0.290888,0.000124,0,0.001199,0.000165,0,0.001741,0.000223,0,0.002684,7.5e-05,0,0.000694,0.118106,0,0.312549,0.15918,0.060575,0.241561,9.2e-05,0,0.000963,6.7e-05,0,0.000592,8.7e-05,0,0.001051,0.000102,0,0.001041,1e-04,0,0.001062,9.4e-05,0,0.000955,0.000168,0,0.001906,0.000128,0,0.001257
"PH_CA_4.sorted.bam","4","CA",0.09567,0.006032,0.13622,0.001294,0,0.010901,0.000881,0,0.006842,0.000645,0,0.005385,0.003022,0,0.021718,0.551877,0.489827,0.63563,0.3425,0.29282,0.387359,0.00411,0,0.022113,0.000194,0,0.002181,0.000252,0,0.003024,0.000199,0,0.002651,0.000225,0,0.002084,0.000183,0,0.001833,1e-04,0,0.00096,0.000163,0,0.001796,8.1e-05,0,0.000679,5.5e-05,0,0.000564,6.6e-05,0,0.000621,0.001308,0,0.017276,0.000127,0,0.001217,0.000369,0,0.004722,0.000134,0,0.001565,0.000665,0,0.009426,0.037025,0,0.23937,0.000167,0,0.001523,0.000128,0,0.00123,0.000238,0,0.002695,0.000611,0,0.009491,0.465606,0.284122,0.569492,0.151577,0,0.26462,0.000691,0,0.009828,0.000232,0,0.002926,0.000207,0,0.002109,0.001557,0,0.020336,0.131963,0,0.342935,0.198067,0.119126,0.269571,0.000401,0,0.005437,0.000689,0,0.009825,0.000371,0,0.004603,0.00028,0,0.003101,0.000609,0,0.008713,0.00241,0,0.03041,0.00264,0,0.033565,0.000411,0,0.00609
"PH_CA_6.sorted.bam","6","CA",0.120871,0.064948,0.158943,0.000651,0,0.005067,0.00119,0,0.009455,0.000764,0,0.006011,0.001186,0,0.00845,0.564372,0.506037,0.633468,0.306139,0.255665,0.352956,0.004826,0,0.026012,0.000203,0,0.002293,0.000193,0,0.002213,7.4e-05,0,0.00084,0.000343,0,0.003577,0.000156,0,0.001647,0.000221,0,0.002567,0.000194,0,0.00185,0.000107,0,0.001118,0.000121,0,0.001123,0.000104,0,0.001179,0.000221,0,0.002185,2e-04,0,0.00248,0.000201,0,0.002732,0.000111,0,0.001065,0.000162,0,0.00185,0.000604,0,0.008115,0.000222,0,0.002817,0.000239,0,0.001973,0.000145,0,0.001713,0.000373,0,0.004301,0.404935,0.321697,0.500995,0.238662,0.128054,0.314754,0.000137,0,0.001343,0.000559,0,0.007184,0.000208,0,0.002303,0.000606,0,0.008494,0.316518,0.14191,0.453249,0.027121,0,0.147867,0.00112,0,0.015024,0.000141,0,0.001451,0.000319,0,0.004047,0.000434,0,0.006048,0.000335,0,0.004613,0.000772,0,0.010382,0.001348,0,0.020949,0.002591,0,0.023718
"PH_CA_7.sorted.bam","7","CA",0.097832,0.062628,0.129358,0.00041,0,0.003259,0.000764,0,0.006261,0.000917,0,0.007191,0.00091,0,0.006797,0.548842,0.496676,0.611687,0.349571,0.299183,0.395436,0.000754,0,0.00583,0.000621,0,0.008441,6.5e-05,0,0.000574,7e-05,0,0.000657,0.00025,0,0.002119,8.3e-05,0,0.000799,0.000135,0,0.001619,0.000267,0,0.002815,0.000146,0,0.001559,0.000164,0,0.001631,0.000227,0,0.002264,0.000365,0,0.004514,7.3e-05,0,0.000769,0.00014,0,0.001215,0.000162,0,0.001973,0.00025,0,0.003155,0.000932,0,0.006953,9e-05,0,0.000892,0.000215,0,0.002374,0.000222,0,0.001716,0.000201,0,0.002077,0.547163,0.49311,0.610974,0.192316,0.123955,0.255622,0.000118,0,0.001248,0.000215,0,0.001791,0.000194,0,0.00223,0.00026,0,0.003702,0.001517,0,0.018646,0.252209,0.18663,0.309834,0.000229,0,0.003085,0.000105,0,0.00118,0.000191,0,0.002279,0.000225,0,0.003168,0.000119,0,0.001337,0.00018,0,0.001972,0.000105,0,0.000932,0.000177,0,0.001744
"PH_CA_8.sorted.bam","8","CA",0.119011,0.073771,0.165595,0.000692,0,0.00585,0.00068,0,0.005422,0.000485,0,0.0042,0.000997,0,0.008433,0.548589,0.495501,0.614674,0.328873,0.2695,0.374718,0.000674,0,0.005448,0.000118,0,0.000963,0.000246,0,0.002421,8.3e-05,0,0.000923,0.000133,0,0.001563,0.000152,0,0.001425,0.000166,0,0.001448,7.6e-05,0,0.000818,1e-04,0,0.001011,8.5e-05,0,0.000897,6.4e-05,0,0.000646,0.000226,0,0.002442,0.000182,0,0.001865,0.000114,0,0.001278,0.000147,0,0.001447,0.00011,0,0.000998,0.000486,0,0.004679,0.000305,0,0.003601,0.000247,0,0.002419,0.000208,0,0.002634,0.000497,0,0.00488,0.486095,0.387594,0.577206,0.236494,0.145507,0.330272,0.000144,0,0.001454,0.000224,0,0.002406,0.000135,0,0.001751,0.000389,0,0.005576,0.123156,0,0.315638,0.148501,0.062698,0.233245,0.000126,0,0.001407,8.9e-05,0,0.000735,7.5e-05,0,0.000766,9.2e-05,0,0.001098,0.000221,0,0.002652,8.8e-05,0,0.000852,0.000202,0,0.002171,0.000227,0,0.003054
"PH_CR_10.sorted.bam","10","CR",0.341491,0.287213,0.429768,0.000562,0,0.004794,0.00369,0,0.027566,0.00068,0,0.005352,0.007127,0,0.039864,0.178671,0.122481,0.2313,0.464728,0.398402,0.513654,0.003051,0,0.015731,0.000153,0,0.001555,9.8e-05,0,0.000948,4.9e-05,0,0.000584,0.000592,0,0.008273,0.000121,0,0.001323,0.00034,0,0.004697,0.000132,0,0.001412,8.8e-05,0,0.000944,0.000152,0,0.001811,8.7e-05,0,0.000832,0.00034,0,0.004613,0.000232,0,0.003128,0.000351,0,0.004391,0.000257,0,0.002532,0.000857,0,0.011142,0.000703,0,0.006462,0.000231,0,0.002758,0.003973,0,0.052718,0.000199,0,0.002401,0.00675,0,0.064812,0.104266,0.029878,0.189273,0.680434,0.573266,0.854347,0.000127,0,0.001045,0.000848,0,0.011942,0.000167,0,0.00191,0.00433,0,0.047069,0.13592,0,0.324585,0.052675,0,0.135963,0.000378,0,0.005112,0.000128,0,0.001499,0.000663,0,0.009506,0.00019,0,0.002472,0.000279,0,0.003662,0.001031,0,0.015181,0.00228,0,0.025791,0.000577,0,0.00714
"PH_CR_11.sorted.bam","11","CR",0.360034,0.31097,0.458252,0.000513,0,0.004265,0.001532,0,0.010997,0.00072,0,0.005672,0.002095,0,0.016722,0.12881,0.081704,0.166345,0.504842,0.415291,0.553606,0.001455,0,0.009774,0.00043,0,0.005667,0.000181,0,0.001941,6.4e-05,0,0.000681,0.000466,0,0.005904,9.5e-05,0,0.00123,0.000208,0,0.002541,0.000178,0,0.002187,9.1e-05,0,0.001004,0.00015,0,0.001428,0.000101,0,0.001085,0.000583,0,0.006439,0.000129,0,0.001129,0.000495,0,0.00726,0.000175,0,0.001959,0.000203,0,0.002266,0.033617,0,0.165807,0.000122,0,0.00082,0.000717,0,0.007532,0.000318,0,0.003826,0.001876,0,0.025977,0.02112,0,0.102508,0.683593,0.587755,0.819396,0.000183,0,0.001964,0.000439,0,0.006187,0.000128,0,0.001056,0.00024,0,0.002978,0.178381,0.051181,0.283511,0.073028,0,0.158468,0.00059,0,0.008575,9.6e-05,0,0.000981,0.000286,0,0.003939,0.000197,0,0.002472,0.000286,0,0.003302,0.000347,0,0.004668,0.000662,0,0.008943,0.000222,0,0.002778
"PH_CR_12.sorted.bam","12","CR",0.352342,0.302641,0.442572,0.000435,0,0.00355,0.000854,0,0.00704,0.000918,0,0.007342,0.001716,0,0.01474,0.107438,0.063692,0.150066,0.534845,0.438998,0.587759,0.001451,0,0.009286,0.001255,0,0.016941,0.000134,0,0.001163,7.5e-05,0,0.000768,0.000323,0,0.003617,7.1e-05,0,0.000643,0.000115,0,0.001251,0.000172,0,0.001471,9.5e-05,0,0.000969,0.000107,0,0.001104,9.7e-05,0,0.00101,0.000439,0,0.005469,0.000106,0,0.001272,0.000223,0,0.00176,0.000262,0,0.003729,0.00032,0,0.003155,0.025811,0,0.123803,9.4e-05,0,0.00103,0.000471,0,0.005711,0.000673,0,0.008605,0.001142,0,0.013621,0.022855,0,0.108071,0.674866,0.566334,0.860402,9.3e-05,0,0.000963,0.000126,0,0.00113,0.000179,0,0.001817,0.000394,0,0.004753,0.140542,0.016151,0.254568,0.126552,0,0.225075,0.000428,0,0.005777,0.000128,0,0.001393,0.000156,0,0.001768,0.000155,0,0.001739,0.000226,0,0.002686,0.000432,0,0.005542,0.000387,0,0.005497,0.000495,0,0.00654
"PH_CR_1.sorted.bam","1","CR",0.334975,0.283578,0.43304,0.001664,0,0.010962,0.002092,0,0.01457,0.001151,0,0.0082,0.002953,0,0.018359,0.144148,0.089645,0.186673,0.512172,0.421374,0.558644,0.000845,0,0.005937,0.000526,0,0.0082,0.000413,0,0.004845,0.000111,0,0.001038,0.00058,0,0.007404,0.000422,0,0.005833,0.000247,0,0.003356,0.000241,0,0.002959,0.000349,0,0.004976,0.000212,0,0.002173,0.000214,0,0.002926,0.000453,0,0.006414,0.000592,0,0.00952,0.000629,0,0.008332,0.000198,0,0.001641,0.000349,0,0.004796,0.009863,0,0.089168,0.000471,0,0.004415,0.001078,0,0.015037,0.00041,0,0.00501,0.001913,0,0.028337,0.071388,0,0.158236,0.657215,0.547044,0.84756,0.000676,0,0.009567,0.000635,0,0.007214,0.000249,0,0.002857,0.001154,0,0.017749,0.131415,0,0.261886,0.116426,0,0.194419,0.000132,0,0.001185,0.000182,0,0.002475,0.000133,0,0.001345,0.000213,0,0.002767,0.000269,0,0.003294,0.00037,0,0.004112,0.000148,0,0.001575,0.000122,0,0.001356
"PH_CR_2.sorted.bam","2","CR",0.346939,0.291141,0.46359,0.000751,0,0.006161,0.000885,0,0.007475,0.000776,0,0.006361,0.001474,0,0.010988,0.144416,0.098703,0.184715,0.503939,0.405985,0.55799,0.00082,0,0.006705,0.000292,0,0.003767,0.00021,0,0.002539,5.3e-05,0,0.000629,0.000183,0,0.002083,9e-05,0,0.000897,0.000145,0,0.001559,0.000238,0,0.002729,8.7e-05,0,0.000617,0.000116,0,0.001181,0.000103,0,0.000908,0.000276,0,0.003197,0.000114,0,0.001348,2e-04,0,0.002438,0.00015,0,0.001542,0.000232,0,0.003051,0.052173,0,0.186873,0.00021,0,0.002346,0.000589,0,0.004778,0.000338,0,0.003142,0.001009,0,0.009813,0.031709,0,0.168298,0.64009,0.517789,0.844639,0.000575,0,0.007783,0.00019,0,0.001426,0.000301,0,0.003761,0.000572,0,0.007162,0.170628,0,0.311421,0.097625,0,0.182888,0.000125,0,0.001185,0.000111,0,0.000869,0.000113,0,0.001206,0.000118,0,0.001219,0.000162,0,0.001957,0.000466,0,0.004995,0.000272,0,0.002633,0.000137,0,0.001382
"PH_CR_3.sorted.bam","3","CR",0.319486,0.271464,0.411,0.000952,0,0.007556,0.001967,0,0.01614,0.000699,0,0.005909,0.002679,0,0.016805,0.163719,0.124599,0.205392,0.505725,0.427745,0.554809,0.004773,0,0.020741,0.000297,0,0.001812,0.000124,0,0.001652,0.000358,0,0.004707,0.000335,0,0.004132,0.000223,0,0.002802,0.000413,0,0.004897,0.000169,0,0.001979,8.1e-05,0,0.000815,0.000112,0,0.001219,8.2e-05,0,0.000835,0.000553,0,0.007046,8.9e-05,0,0.000901,0.000439,0,0.006423,0.000112,0,0.001077,0.000418,0,0.005394,0.021975,0,0.140616,0.000349,0,0.003348,0.00109,0,0.014463,0.000365,0,0.004091,0.001169,0,0.016149,0.037763,0,0.111543,0.613068,0.529156,0.757715,0.000156,0,0.001415,0.000315,0,0.003489,0.000263,0,0.003109,0.000575,0,0.00818,0.225753,0.120897,0.333098,0.085556,0,0.164809,0.002155,0,0.025182,0.000167,0,0.00184,0.000593,0,0.008118,0.000132,0,0.001095,0.001585,0,0.019488,0.001211,0,0.017697,0.000208,0,0.002007,0.001748,0,0.015398
"PH_CR_4.sorted.bam","4","CR",0.285544,0.247351,0.330759,0.000914,0,0.007417,0.074141,0.042584,0.108883,0.003027,0,0.02458,0.062475,0.026243,0.098008,0.124728,0.095403,0.15715,0.347443,0.286707,0.393241,0.101729,0.074213,0.130489,5.9e-05,0,0.000537,0.000131,0,0.001484,8.6e-05,0,0.000919,0.002795,0,0.056049,0.000276,0,0.002891,0.000331,0,0.004184,0.000547,0,0.005018,0.000153,0,0.001894,0.00035,0,0.004051,8.3e-05,0,0.000913,0.000495,0,0.004933,0.00023,0,0.001979,0.04849,0,0.182565,0.001056,0,0.013424,0.000173,0,0.001711,0.000629,0,0.006337,0.000575,0,0.006874,0.060903,0,0.184337,0.00265,0,0.040263,0.064002,0,0.172323,0.000558,0,0.007954,0.566007,0.492045,0.648504,0.000196,0,0.002444,0.032807,0,0.176854,0.000849,0,0.012205,0.009775,0,0.112006,0.002322,0,0.035623,8.9e-05,0,0.000844,0.000366,0,0.002553,9.6e-05,0,0.001175,0.001999,0,0.029461,0.000283,0,0.00225,0.000554,0,0.006356,0.11726,0,0.259217,0.082754,0,0.2211,7.4e-05,0,0.000643
"PH_CR_5.sorted.bam","5","CR",0.337099,0.284669,0.431736,0.000518,0,0.004118,0.000624,0,0.004856,0.00053,0,0.004196,0.00092,0,0.006946,0.167094,0.126873,0.20696,0.492513,0.411588,0.543397,0.000701,0,0.005414,0.000105,0,0.001051,0.000165,0,0.001491,8.4e-05,0,0.000817,0.000204,0,0.002765,0.00012,0,0.001366,7.7e-05,0,0.000812,0.000156,0,0.001782,7.5e-05,0,0.000637,6.2e-05,0,0.000644,6.6e-05,0,0.000709,0.000233,0,0.002966,0.000112,0,0.001035,0.000164,0,0.001769,0.000108,0,0.001363,0.000154,0,0.001781,0.000406,0,0.004144,0.000112,0,0.001062,0.000162,0,0.001893,0.000148,0,0.00154,0.000481,0,0.006037,0.134952,0.070127,0.192622,0.672671,0.567924,0.861645,0.000184,0,0.002251,0.00022,0,0.002339,0.000279,0,0.0041,0.00031,0,0.003328,0.062826,0,0.199629,0.124095,0,0.206382,0.000154,0,0.001867,9.9e-05,0,0.001278,0.000163,0,0.002011,0.000103,0,0.001181,0.000125,0,0.001132,0.000151,0,0.00148,0.000347,0,0.00387,0.000131,0,0.001344
"PH_CR_6.sorted.bam","6","CR",0.316194,0.263137,0.420854,0.002072,0,0.013915,0.006658,0,0.042845,0.001359,0,0.010225,0.002769,0,0.019041,0.129836,0.084725,0.182269,0.519538,0.435829,0.568285,0.021573,0.003954,0.040862,0.004063,0,0.044192,0.000512,0,0.005814,0.000691,0,0.009163,0.001088,0,0.008002,0.000457,0,0.005048,0.000452,0,0.005908,0.000154,0,0.001617,0.000314,0,0.00365,0.000243,0,0.002465,0.00016,0,0.001967,0.000594,0,0.007634,0.000243,0,0.003087,0.000329,0,0.004218,0.000325,0,0.004001,0.000293,0,0.002842,0.020896,0,0.111676,0.000573,0,0.007608,0.008401,0,0.077697,0.000378,0,0.00448,0.000672,0,0.009093,0.029316,0,0.131211,0.569742,0.472418,0.750181,0.000244,0,0.00221,0.001195,0,0.017704,0.000602,0,0.007335,0.000393,0,0.003765,0.165672,0.024246,0.279188,0.149846,0,0.242651,0.031276,0,0.075891,0.000417,0,0.005709,0.000698,0,0.010916,0.000382,0,0.004916,0.002396,0,0.028985,0.004449,0,0.053408,0.001536,0,0.023966,0.000996,0,0.01491
"PH_CR_7.sorted.bam","7","CR",0.344759,0.296041,0.443766,0.001198,0,0.008406,0.001374,0,0.011168,0.000879,0,0.00666,0.00197,0,0.015756,0.166247,0.122842,0.206396,0.482724,0.405128,0.531597,0.000848,0,0.006537,0.000175,0,0.002039,0.000516,0,0.007283,6.9e-05,0,0.000832,0.000684,0,0.009046,0.000181,0,0.002181,0.000174,0,0.001635,0.000313,0,0.004005,9.7e-05,0,0.000951,0.000239,0,0.002918,0.000151,0,0.001514,0.001165,0,0.018498,0.000125,0,0.001442,0.000261,0,0.002643,0.00014,0,0.001445,3e-04,0,0.003821,0.028734,0,0.173809,0.000681,0,0.009494,0.000357,0,0.003157,0.000274,0,0.00293,0.000788,0,0.011057,0.071711,0,0.143017,0.657583,0.584438,0.755976,0.000475,0,0.006274,0.000496,0,0.00524,0.000207,0,0.002807,0.000676,0,0.008267,0.158032,0.060874,0.260329,0.073765,0,0.149621,0.000174,0,0.002061,0.000182,0,0.002196,0.000182,0,0.001577,0.000187,0,0.002024,0.000185,0,0.001755,0.000206,0,0.002665,0.000449,0,0.006006,6.6e-05,0,0.000642
"PH_CR_8.sorted.bam","8","CR",0.348724,0.295211,0.452579,0.001254,0,0.009017,0.001166,0,0.010312,0.001177,0,0.008864,0.002534,0,0.017696,0.129921,0.08885,0.173088,0.511991,0.406254,0.565515,0.003233,0,0.017881,0.001765,0,0.029916,0.000176,0,0.001709,0.000217,0,0.003139,0.000411,0,0.004376,1e-04,0,0.000896,0.000103,0,0.000722,0.000243,0,0.002943,0.000229,0,0.002836,0.00016,0,0.001919,0.000161,0,0.001625,0.001668,0,0.021593,0.000268,0,0.003441,0.000289,0,0.003203,0.000315,0,0.004064,0.000271,0,0.003517,0.038097,0,0.175981,0.000657,0,0.00854,0.000693,0,0.007499,0.000266,0,0.00299,0.000886,0,0.012489,0.098041,0,0.166761,0.651051,0.545833,0.882979,0.000343,0,0.005241,0.000229,0,0.002857,0.000386,0,0.004501,0.000284,0,0.00199,0.021839,0,0.170355,0.17458,0,0.267114,0.00227,0,0.027168,3e-04,0,0.003718,0.000242,0,0.002766,0.000432,0,0.005275,0.000815,0,0.011986,0.001321,0,0.019106,0.00069,0,0.009163,0.000197,0,0.001787
"PH_CR_9.sorted.bam","9","CR",0.306684,0.250445,0.415903,0.001687,0,0.010926,0.002556,0,0.017119,0.003181,0,0.017763,0.00397,0,0.025486,0.153518,0.109902,0.197957,0.52312,0.425281,0.57844,0.005284,0,0.024595,0.001736,0,0.022341,0.000424,0,0.006098,0.000151,0,0.001925,0.000379,0,0.004859,0.000445,0,0.006165,0.000455,0,0.003957,0.001479,0,0.019286,0.000322,0,0.003805,0.000308,0,0.003912,0.00042,0,0.005225,0.000573,0,0.006238,0.000482,0,0.006372,0.000518,0,0.007495,0.000745,0,0.010398,0.000965,0,0.01404,0.001532,0,0.011124,0.000552,0,0.007264,0.000626,0,0.00764,0.000842,0,0.011575,0.001444,0,0.023597,0.119081,0.042227,0.183468,0.601407,0.484511,0.830468,0.000226,0,0.002736,0.000714,0,0.007328,0.000166,0,0.001844,0.001359,0,0.020684,0.063539,0,0.207905,0.189105,0,0.293233,0.004101,0,0.042388,0.000622,0,0.009375,0.00121,0,0.016278,0.001658,0,0.020278,0.00089,0,0.012984,0.00034,0,0.004698,0.00062,0,0.009255,0.000564,0,0.008013
"PH_DA_2.sorted.bam","2","DA",0.001011,0,0.008089,0.002726,0,0.02057,0.000673,0,0.005466,0.030498,6.7e-05,0.061727,0.001234,0,0.01102,0.000323,0,0.002627,0.000397,0,0.00306,0.963139,0.934149,0.990772,0.000275,0,0.003945,0.000175,0,0.002059,0.001218,0,0.017908,0.000148,0,0.001762,0.00012,0,0.001328,9.7e-05,0,0.001088,0.000565,0,0.008026,0.002139,0,0.027393,0.000516,0,0.006048,0.02812,0,0.061288,0.00023,0,0.002766,0.000227,0,0.002512,0.000127,0,0.001122,0.001007,0,0.015436,0.000305,0,0.004074,8.2e-05,0,0.000708,0.000104,0,0.00113,5.4e-05,0,0.000569,7.1e-05,0,0.000613,7.7e-05,0,0.000758,5.2e-05,0,0.000552,7.7e-05,0,0.000868,6.3e-05,0,0.000622,6.8e-05,0,0.000607,0.000161,0,0.001084,8.5e-05,0,0.000958,9.5e-05,0,0.001145,7.3e-05,0,0.000748,0.000193,0,0.00168,0.000188,0,0.001963,0.000117,0,0.001294,0.000297,0,0.003726,0.000104,0,0.001194,5.9e-05,0,0.000611,9.8e-05,0,0.001054,0.962611,0.933443,0.990124
"PH_DA_5.sorted.bam","5","DA",0.000996,0,0.008274,0.002709,0,0.017116,0.000911,0,0.008227,0.008446,0,0.040067,0.00072,0,0.0055,0.000318,0,0.002671,0.000727,0,0.005988,0.985173,0.955942,0.999802,0.000638,0,0.007778,0.00016,0,0.001978,0.001899,0,0.016479,0.000101,0,0.001267,0.000198,0,0.002433,0.000192,0,0.002465,0.000159,0,0.001755,0.000515,0,0.006575,0.000805,0,0.010896,0.006685,0,0.039866,0.000103,0,0.001116,0.000244,0,0.00298,0.000107,0,0.001173,0.000341,0,0.005081,0.000153,0,0.001485,5.4e-05,0,0.000548,6.7e-05,0,0.000695,5.3e-05,0,0.000495,0.000147,0,0.001519,7.1e-05,0,0.000757,7.2e-05,0,0.000727,6.1e-05,0,0.000726,0.000113,0,0.001148,9.5e-05,0,0.000798,0.000211,0,0.00265,0.000122,0,0.001505,3.6e-05,0,0.000329,0.000373,0,0.004849,7.6e-05,0,0.000781,0.000321,0,0.003785,8e-05,0,0.000855,0.001343,0,0.021244,0.000146,0,0.001125,6.6e-05,0,0.000706,7.1e-05,0,0.000854,0.984121,0.954233,0.999761
"PH_DA_6.sorted.bam","6","DA",0.001198,0,0.008952,0.001827,0,0.0184,0.000427,0,0.003484,0.034603,3.5e-05,0.066133,0.000661,0,0.005518,0.000352,0,0.00279,0.000723,0,0.006184,0.960207,0.929828,0.99043,0.000701,0,0.008004,0.000125,0,0.001629,0.001241,0,0.017218,6.9e-05,0,0.000571,8e-05,0,0.000934,7.9e-05,0,0.000862,0.000363,0,0.005031,0.000441,0,0.004945,0.000158,0,0.001816,0.033613,0,0.065538,0.000135,0,0.001512,0.000146,0,0.001299,0.000116,0,0.001022,0.000462,0,0.00483,8.5e-05,0,0.000736,7.1e-05,0,0.000806,6.7e-05,0,0.000717,6.4e-05,0,0.00068,9e-05,0,0.000859,7.3e-05,0,0.000858,9.5e-05,0,0.001152,8.1e-05,0,0.000994,0.000136,0,0.00132,7.2e-05,0,0.000711,0.000182,0,0.001797,0.000101,0,0.000958,9.2e-05,0,0.001045,0.000342,0,0.00463,0.000151,0,0.0014,0.000177,0,0.002084,0.000138,0,0.001107,0.000284,0,0.002594,0.00012,0,0.001202,5.6e-05,0,0.000601,9.7e-05,0,0.000929,0.959696,0.929191,0.989776
"PH_DA_7.sorted.bam","7","DA",0.000287,0,0.00238,0.00036,0,0.002963,0.000393,0,0.003307,0.045362,0.021078,0.072491,0.000517,0,0.004359,0.000362,0,0.002852,0.000638,0,0.005517,0.952081,0.92425,0.97642,4.5e-05,0,0.000464,5.8e-05,0,0.000661,9.7e-05,0,0.000988,5e-05,0,0.000449,7.9e-05,0,0.000666,0.000112,0,0.001291,8.5e-05,0,0.000718,7.5e-05,0,0.000792,0.000101,0,0.001022,0.044932,0.020439,0.072161,6.5e-05,0,0.000755,8.8e-05,0,0.000789,9.7e-05,0,0.000878,0.000288,0,0.004631,8.6e-05,0,0.000859,8.5e-05,0,0.000791,6.6e-05,0,0.000648,5.5e-05,0,0.000462,7.1e-05,0,0.000762,6.6e-05,0,0.000607,0.000124,0,0.001413,7.3e-05,0,0.00078,7.8e-05,0,0.000858,7.9e-05,0,0.000669,0.000111,0,0.001332,0.000127,0,0.001443,6e-05,0,0.000624,0.000333,0,0.004733,7.1e-05,0,0.000589,8.4e-05,0,0.000977,0.000101,0,0.000928,0.000129,0,0.001211,0.000131,0,0.001412,7.2e-05,0,0.000754,8e-05,0,0.000784,0.951747,0.924059,0.976157
"PH_DA_8.sorted.bam","8","DA",0.000497,0,0.00398,0.109324,0.081779,0.138847,0.000535,0,0.004684,0.068645,0.034716,0.106074,0.001546,0,0.013922,0.000474,0,0.004098,0.000432,0,0.003697,0.818548,0.783525,0.851904,0.000113,0,0.001188,0.000156,0,0.001646,0.004188,0,0.04196,8.9e-05,0,0.00088,0.000138,0,0.001111,0.000135,0,0.001684,8.8e-05,0,0.000978,0.000688,0,0.009005,0.000195,0,0.00199,0.064746,0.000291,0.104832,0.000129,0,0.001328,0.000625,0,0.008173,0.000135,0,0.001499,0.001188,0,0.01652,0.000296,0,0.002537,9e-05,0,0.001038,0.000161,0,0.001344,7.8e-05,0,0.000848,0.000222,0,0.002259,8.4e-05,0,0.000977,6.7e-05,0,0.000671,7.4e-05,0,0.000671,7.4e-05,0,0.000784,7.1e-05,0,0.000757,0.000262,0,0.002406,1e-04,0,0.000971,4.7e-05,0,0.00052,8.2e-05,0,0.000831,0.000142,0,0.001527,0.208429,0.150171,0.265862,9.3e-05,0,0.000937,0.005154,0,0.080962,0.000239,0,0.002653,0.000132,0,0.001311,7.2e-05,0,0.000749,0.711418,0.657963,0.759973
"PH_FC_10.sorted.bam","10","FC",0.104948,0.002295,0.141186,0.001207,0,0.008635,0.143626,0.089323,0.226527,0.0014,0,0.010065,0.00161,0,0.011101,0.641632,0.585454,0.750712,0.104399,0.011687,0.140062,0.001179,0,0.008829,0.000107,0,0.001089,0.000289,0,0.003791,0.000151,0,0.001611,0.001202,0,0.017152,0.000607,0,0.008279,0.000696,0,0.008204,0.000544,0,0.00693,0.00017,0,0.002207,0.000361,0,0.004022,0.000146,0,0.001558,0.000418,0,0.005702,0.00047,0,0.005732,0.000636,0,0.009199,0.000357,0,0.004867,0.000249,0,0.002968,0.000915,0,0.012687,0.000205,0,0.002019,0.281071,0.172925,0.431928,0.000573,0,0.00699,0.000451,0,0.004937,0.499703,0.425128,0.579383,0.205945,0,0.27824,0.000137,0,0.001742,0.001474,0,0.026797,0.000296,0,0.003079,0.00017,0,0.001723,0.000243,0,0.002323,0.000218,0,0.002399,0.000368,0,0.004542,0.000233,0,0.002276,0.000509,0,0.006328,0.000207,0,0.002188,0.000221,0,0.00275,4e-04,0,0.00513,9.7e-05,0,0.000756,0.000161,0,0.00204
"PH_FC_11.sorted.bam","11","FC",0.116177,6.8e-05,0.159037,0.010462,0,0.049126,0.176158,0.105969,0.317303,0.046347,0,0.094164,0.003294,0,0.037173,0.482281,0.423192,0.589425,0.111625,0.004516,0.15409,0.053656,0.023222,0.087898,8.7e-05,0,0.000997,0.001302,0,0.01976,0.000173,0,0.00203,0.000413,0,0.004382,0.001014,0,0.014131,0.000233,0,0.002539,0.000173,0,0.001479,0.000372,0,0.004806,0.000431,0,0.004066,0.00014,0,0.001213,0.000228,0,0.002807,0.00082,0,0.011598,0.000231,0,0.002487,0.000335,0,0.00394,8.4e-05,0,0.000794,0.011018,0,0.142509,0.012957,0,0.096241,0.349193,0.206015,0.627688,0.090443,0,0.18688,0.004409,0,0.074341,0.195651,0.110316,0.283505,0.218338,0,0.307153,0.003767,0,0.049735,0.000204,0,0.002038,0.000261,0,0.002184,0.000162,0,0.001336,0.00028,0,0.002518,5.1e-05,0,0.000476,0.000708,0,0.010258,0.000347,0,0.003426,0.000364,0,0.00334,4e-04,0,0.004188,0.000234,0,0.002321,0.104959,0.042342,0.173687,0.000137,0,0.001413,8.1e-05,0,0.000758
"PH_FC_12.sorted.bam","12","FC",0.129079,0.049844,0.161359,0.019382,0,0.062249,0.185417,0.128208,0.25705,0.03158,0,0.075654,0.028593,0,0.105457,0.483424,0.425925,0.577397,0.121092,0.045243,0.158038,0.001434,0,0.012194,3.6e-05,0,0.000291,0.000198,0,0.001893,5.9e-05,0,0.000643,0.000151,0,0.001277,0.000172,0,0.00164,7.3e-05,0,0.000739,9.8e-05,0,0.001098,0.000124,0,0.001376,0.000166,0,0.001976,7e-05,0,0.000676,9e-05,0,0.001061,0.000138,0,0.001685,0.000171,0,0.001744,0.000107,0,0.001351,0.000115,0,0.001322,0.026302,0,0.180999,0.037681,0,0.124184,0.369661,0.255808,0.513181,0.062236,0,0.15096,0.056055,0,0.210361,0.201512,0.102263,0.291475,0.23113,0,0.314539,0.000166,0,0.001682,0.000177,0,0.001524,0.000141,0,0.001165,0.000232,0,0.002331,0.010072,0,0.123935,5.3e-05,0,0.000538,0.000116,0,0.001012,0.000166,0,0.00167,0.000188,0,0.002204,0.000149,0,0.001465,0.000162,0,0.001678,0.001817,0,0.02307,0.000159,0,0.00186,5.6e-05,0,0.000569
"PH_FC_1.sorted.bam","1","FC",0.109178,0.049658,0.14125,0.000983,0,0.007805,0.128342,0.078997,0.184003,0.000954,0,0.007652,0.001235,0,0.010287,0.648237,0.594423,0.728521,0.109961,0.05558,0.141738,0.00111,0,0.008103,0.000297,0,0.00352,0.000227,0,0.003039,0.000146,0,0.001376,4e-04,0,0.004149,0.000309,0,0.003376,0.026709,0,0.120393,0.000338,0,0.00384,0.00012,0,0.00111,0.000201,0,0.00206,0.000136,0,0.001758,0.000198,0,0.001969,0.00021,0,0.001944,0.000568,0,0.007796,0.000186,0,0.001819,0.000181,0,0.001917,0.000426,0,0.004157,0.000383,0,0.005332,0.200627,0,0.347834,0.000374,0,0.003824,0.000385,0,0.004449,0.545845,0.451565,0.655942,0.215754,0.097107,0.279666,0.000181,0,0.0021,0.000821,0,0.011776,0.000164,0,0.001338,0.000417,0,0.005781,0.002184,0,0.029308,0.00014,0,0.000964,0.000417,0,0.005182,0.000245,0,0.002921,0.00034,0,0.004455,0.000252,0,0.002918,0.000143,0,0.001567,0.000406,0,0.005523,0.00012,0,0.001445,0.000148,0,0.001638
"PH_FC_2.sorted.bam","2","FC",0.120416,0.05686,0.154214,0.001951,0,0.013475,0.13584,0.085072,0.198106,0.002205,0,0.015613,0.005697,0,0.028286,0.612559,0.558063,0.698375,0.119061,0.05712,0.15142,0.002272,0,0.014854,0.000246,0,0.002777,0.000316,0,0.003385,0.000455,0,0.005727,0.000483,0,0.005824,0.000778,0,0.012115,0.015979,0,0.131131,0.000326,0,0.003162,0.000307,0,0.00389,0.001465,0,0.02045,0.000209,0,0.001904,0.001133,0,0.015617,0.000959,0,0.012757,0.0022,0,0.029488,0.00092,0,0.01357,0.001429,0,0.018225,0.001968,0,0.030149,0.000161,0,0.001823,0.233939,0,0.363988,0.000552,0,0.00663,0.00168,0,0.019901,0.493039,0.40882,0.595635,0.235769,0.110975,0.298867,0.000244,0,0.002729,0.000549,0,0.007333,0.000148,0,0.001577,0.000375,0,0.00321,0.000266,0,0.001852,0.000265,0,0.002438,0.000344,0,0.00374,0.000228,0,0.002443,0.000307,0,0.003884,0.000274,0,0.002586,0.001268,0,0.018872,0.000475,0,0.004333,0.000242,0,0.003158,0.000703,0,0.010127
"PH_FC_4.sorted.bam","4","FC",0.102124,0.023132,0.135349,0.002438,0,0.016128,0.125023,0.070503,0.185712,0.003216,0,0.020684,0.003908,0,0.02542,0.657808,0.601179,0.754205,0.104031,0.044906,0.136663,0.001453,0,0.010979,0.000262,0,0.003487,0.000538,0,0.006934,0.000403,0,0.003654,0.000479,0,0.005175,0.000422,0,0.005671,0.00059,0,0.008428,0.00041,0,0.005098,0.000728,0,0.010261,0.000793,0,0.009535,0.000563,0,0.007279,0.000752,0,0.010988,0.000526,0,0.007038,0.001846,0,0.029383,0.000776,0,0.01088,0.001115,0,0.018393,0.000493,0,0.004158,0.001307,0,0.019032,0.244588,0.124926,0.368158,0.001714,0,0.025494,0.001098,0,0.015645,0.531252,0.445652,0.61835,0.200889,0.044791,0.268072,0.000276,0,0.003333,0.000243,0,0.002109,0.000535,0,0.004852,0.000348,0,0.004444,0.003051,0,0.051762,0.001227,0,0.014124,0.000164,0,0.001773,0.000271,0,0.003671,0.000493,0,0.004127,0.000348,0,0.003605,0.000242,0,0.002615,0.000859,0,0.012881,0.000264,0,0.003392,0.000132,0,0.001489
"PH_FC_6.sorted.bam","6","FC",0.13042,0.044998,0.168375,0.003044,0,0.02082,0.179453,0.107308,0.269007,0.004202,0,0.025859,0.031982,0,0.106401,0.471922,0.416291,0.560931,0.130732,0.049155,0.168579,0.048244,0.008401,0.082185,6.6e-05,0,0.000677,0.000471,0,0.005045,0.000115,0,0.001276,0.000304,0,0.003242,0.000187,0,0.001757,0.000274,0,0.002165,0.00024,0,0.002191,0.000349,0,0.004503,0.000416,0,0.005477,7.6e-05,0,0.000589,0.000473,0,0.005696,0.000386,0,0.005153,0.000885,0,0.010146,0.002125,0,0.027073,0.000395,0,0.003299,0.000851,0,0.011146,0.00254,0,0.035431,0.355304,0.211433,0.530456,0.004048,0,0.04569,0.057768,0,0.209816,0.215151,0.131515,0.295579,0.258181,0.088184,0.334447,0.000666,0,0.009375,0.000798,0,0.006785,0.000427,0,0.003497,0.000406,0,0.00341,0.000577,0,0.007442,0.000107,0,0.001244,0.00019,0,0.00206,0.00126,0,0.018409,0.000464,0,0.005716,0.000647,0,0.00742,0.001131,0,0.014681,0.092455,5.8e-05,0.16131,0.000198,0,0.001402,7.2e-05,0,0.000754
"PH_FC_8.sorted.bam","8","FC",0.131543,8.5e-05,0.179667,0.006004,0,0.035629,0.205707,0.147399,0.276992,0.079354,0.038758,0.120555,0.004353,0,0.043178,0.380326,0.322866,0.499413,0.143372,0.076493,0.181476,0.04934,0.021686,0.079827,9.2e-05,0,0.00104,0.001201,0,0.018155,7.1e-05,0,0.000634,0.000251,0,0.002758,0.000365,0,0.004534,0.000129,0,0.00171,0.000157,0,0.001385,0.000193,0,0.002044,0.000271,0,0.002891,0.000114,0,0.001298,0.001951,0,0.012574,0.000392,0,0.005458,0.00026,0,0.002097,0.000283,0,0.003375,0.000129,0,0.001275,0.014172,0,0.179315,0.007955,0,0.069963,0.409521,0.292432,0.549085,0.157126,0.076284,0.238464,0.004805,0,0.068832,0.015578,0,0.104906,0.244817,0,0.355776,0.001625,0,0.025387,0.000239,0,0.002023,0.000326,0,0.004391,0.000593,0,0.007358,0.038719,0,0.229828,4.8e-05,0,0.00045,0.000352,0,0.003042,0.000133,0,0.001131,0.00025,0,0.00207,0.000123,0,0.001054,0.000163,0,0.001919,0.097198,0.041803,0.15907,0.00033,0,0.003216,6.6e-05,0,0.000767
"PH_FC_9.sorted.bam","9","FC",0.112611,0.050029,0.145026,0.0011,0,0.008426,0.095605,0.051091,0.153507,0.001745,0,0.014846,0.001543,0,0.012711,0.679462,0.619547,0.776905,0.106368,0.047957,0.139764,0.001565,0,0.011361,0.000454,0,0.006502,0.000346,0,0.003396,0.000184,0,0.001935,0.000821,0,0.011889,0.000206,0,0.00206,0.091392,0.036081,0.152324,0.000447,0,0.005349,0.000197,0,0.002212,0.000379,0,0.003189,0.00013,0,0.001441,0.000586,0,0.006827,0.000136,0,0.001723,0.000422,0,0.005124,0.000164,0,0.001974,0.000306,0,0.003683,0.010889,0,0.096425,0.000449,0,0.006133,0.005731,0,0.081611,0.001718,0,0.021598,0.000737,0,0.009785,0.669061,0.592893,0.774386,0.21039,0.093566,0.275957,0.000299,0,0.004288,0.000292,0,0.002838,0.000117,0,0.00115,9.1e-05,0,0.001024,0.000697,0,0.009679,0.00033,0,0.004305,0.000836,0,0.01151,0.000199,0,0.001968,0.000577,0,0.007188,0.000209,0,0.002308,0.00034,0,0.004127,0.00058,0,0.00663,0.000191,0,0.002182,9.9e-05,0,0.001232
"PH_FV_10.sorted.bam","10","FV",0.069223,0,0.122393,0.002784,0,0.020659,0.673968,0.576076,0.825571,0.089984,0.054983,0.133442,0.017915,0,0.08005,0.001744,0,0.013448,0.058327,0,0.100913,0.086055,0.053722,0.117549,8.4e-05,0,0.00088,0.000548,0,0.006306,0.000195,0,0.002274,0.017414,0,0.131956,0.000898,0,0.012591,0.634373,0.430628,0.823828,0.001604,0,0.023693,0.001584,0,0.021263,0.017904,0,0.165726,0.000713,0,0.009176,0.000461,0,0.005692,0.000807,0,0.008629,0.003359,0,0.041528,0.027414,0,0.159226,0.001503,0,0.018192,0.000638,0,0.008627,0.000444,0,0.006124,0.000941,0,0.012453,0.000492,0,0.005274,0.000211,0,0.002874,0.000147,0,0.001596,0.115272,0,0.199911,0.000181,0,0.001993,0.000173,0,0.001536,0.000331,0,0.003497,0.000121,0,0.000973,0.000183,0,0.00193,9.1e-05,0,0.000764,0.002342,0,0.036912,0.000716,0,0.008637,0.0385,0,0.202161,0.129212,0,0.210763,0.00045,0,0.004348,0.000286,0,0.002363,0.000211,0,0.002716,0.000197,0,0.002271
"PH_FV_11.sorted.bam","11","FV",0.053563,0,0.091783,0.002328,0,0.020818,0.688959,0.59582,0.829565,0.076536,0.018483,0.135534,0.007632,0,0.062251,0.000989,0,0.00767,0.054287,0,0.090444,0.115705,0.07723,0.156726,9.4e-05,0,0.001008,0.000151,0,0.001933,0.00071,0,0.008834,0.00086,0,0.009867,0.000612,0,0.005297,0.522185,0.381648,0.704492,0.001071,0,0.014303,0.001555,0,0.018988,0.109139,0,0.254397,0.01035,0,0.070487,0.000233,0,0.001954,0.000323,0,0.003625,0.001252,0,0.013821,0.012063,0,0.124062,0.000336,0,0.003068,0.000274,0,0.003423,0.000169,0,0.001684,0.000281,0,0.004241,0.000362,0,0.003209,0.000124,0,0.001248,0.000135,0,0.001787,0.103833,0,0.178606,0.000115,0,0.001012,0.000289,0,0.002726,0.003462,0,0.049035,0.000206,0,0.001998,9.7e-05,0,0.00103,0.000127,0,0.001317,0.000516,0,0.007073,0.000312,0,0.003328,0.221116,0.132142,0.308131,0.00472,0,0.04895,0.000391,0,0.003835,0.000403,0,0.003586,0.00032,0,0.003461,0.001816,0,0.024967
"PH_FV_12.sorted.bam","12","FV",0.068595,0,0.108611,0.002238,0,0.015977,0.666336,0.571292,0.834598,0.107101,0.057506,0.155079,0.003307,0,0.025156,0.001394,0,0.011362,0.074723,0.000273,0.110658,0.076305,0.044483,0.111488,6.9e-05,0,0.000789,0.000457,0,0.005466,0.000176,0,0.001973,0.000245,0,0.003174,0.00112,0,0.015485,0.54138,0.346989,0.828781,0.000226,0,0.001953,0.00038,0,0.00361,0.147264,0,0.308294,0.00028,0,0.002572,0.000346,0,0.003624,0.00029,0,0.003084,0.001378,0,0.017205,0.002069,0,0.034989,0.000787,0,0.009498,0.000212,0,0.002067,0.000372,0,0.004436,0.000834,0,0.00791,0.00016,0,0.001661,0.000462,0,0.004652,0.000162,0,0.001651,0.135088,0,0.215919,0.000689,0,0.008973,0.000672,0,0.007903,0.011884,0,0.097129,0.000194,0,0.001936,0.000213,0,0.002529,7.7e-05,0,0.000767,0.000479,0,0.006161,0.000817,0,0.012117,0.098398,0,0.212214,0.051658,0,0.18033,3e-04,0,0.003058,0.000211,0,0.002086,0.000552,0,0.005745,9.8e-05,0,0.001069
"PH_FV_1.sorted.bam","1","FV",0.05912,0,0.095649,0.010916,0,0.046271,0.667324,0.58511,0.803513,0.140098,0.097566,0.18369,0.002107,0,0.015637,0.001082,0,0.008623,0.057594,0,0.093175,0.061759,0.031454,0.0953,0.000105,0,0.001168,0.001658,0,0.024441,0.00034,0,0.003268,0.00032,0,0.002755,0.015363,0,0.089434,0.464151,0.347706,0.632727,0.002063,0,0.027746,0.001297,0,0.016924,0.272296,0.174155,0.36062,0.000286,0,0.002732,0.000463,0,0.006512,0.000964,0,0.014128,0.000756,0,0.009114,0.000588,0,0.008039,0.000287,0,0.003412,0.00016,0,0.001608,0.000396,0,0.004814,0.000352,0,0.004665,0.000319,0,0.003621,0.000223,0,0.00192,0.000202,0,0.002025,0.113022,0,0.184015,0.000337,0,0.004597,0.000276,0,0.003779,0.000279,0,0.002706,0.000121,0,0.001435,0.000163,0,0.001825,0.000121,0,0.001342,0.000343,0,0.003136,0.001137,0,0.015857,0.11698,0.045923,0.188014,0.00278,0,0.04365,0.000526,0,0.006462,0.000147,0,0.001546,0.000748,0,0.006211,0.000427,0,0.005704
"PH_FV_2.sorted.bam","2","FV",0.081805,0.018842,0.116728,0.000848,0,0.007924,0.612791,0.540549,0.731442,0.107996,0.066092,0.15369,0.003047,0,0.022017,0.001178,0,0.008913,0.079675,0.017706,0.113164,0.112659,0.078681,0.148287,0.000183,0,0.001769,0.000213,0,0.002376,0.000114,0,0.00132,0.001333,0,0.014051,0.00033,0,0.002461,0.393816,0.292228,0.527602,0.001213,0,0.015544,0.000158,0,0.000973,0.212074,0.124325,0.304376,0.000171,0,0.001809,0.001307,0,0.019054,0.00034,0,0.003285,0.001223,0,0.018207,0.00134,0,0.01509,0.000219,0,0.003121,0.000375,0,0.004611,0.000166,0,0.001404,0.000597,0,0.008233,0.000354,0,0.004908,0.000267,0,0.003221,0.000156,0,0.001582,0.158188,0.034128,0.225337,8.3e-05,0,0.000795,0.00015,0,0.001662,0.000198,0,0.002025,0.000138,0,0.00157,8.9e-05,0,0.000914,7.2e-05,0,0.000819,0.000616,0,0.006999,0.000177,0,0.001776,0.222243,0.152145,0.294007,0.000313,0,0.003292,0.001041,0,0.014703,0.000199,0,0.001891,0.000361,0,0.00351,0.000184,0,0.00182
"PH_FV_4.sorted.bam","4","FV",0.045315,0,0.082455,0.001584,0,0.012533,0.672497,0.595613,0.790896,0.104351,0.055921,0.160517,0.020153,0,0.090805,0.001273,0,0.010685,0.048729,0,0.084316,0.106099,0.07377,0.139046,9.6e-05,0,0.000747,0.000164,0,0.001916,0.000481,0,0.006314,0.000793,0,0.005663,0.000219,0,0.002584,0.624213,0.517825,0.700323,0.00042,0,0.005757,0.000591,0,0.007551,0.028465,0,0.19773,0.000333,0,0.003425,0.000214,0,0.001937,0.000402,0,0.005536,0.001912,0,0.023308,0.034412,0,0.174001,0.000341,0,0.003309,0.000501,0,0.006888,0.000221,0,0.002075,0.000304,0,0.002319,0.000317,0,0.003678,0.000146,0,0.001508,0.000137,0,0.00133,0.088125,0,0.162371,0.000265,0,0.002917,0.003406,0,0.045959,0.002143,0,0.029365,0.001017,0,0.01615,0.000284,0,0.002941,0.000751,0,0.010015,0.00022,0,0.002581,0.000344,0,0.004452,0.06147,0,0.267822,0.141688,0,0.246948,0.001521,0,0.022582,5e-04,0,0.005324,0.000717,0,0.008726,0.002869,0,0.038873
"PH_FV_5.sorted.bam","5","FV",0.054685,0,0.09015,0.001496,0,0.011124,0.681469,0.595781,0.812631,0.110029,0.072284,0.173451,0.002865,0,0.02354,0.002875,0,0.018824,0.055971,1e-06,0.089885,0.090611,0.053165,0.12029,6.9e-05,0,0.000886,0.000386,0,0.003754,0.000133,0,0.001589,0.000853,0,0.009565,0.000618,0,0.007873,0.657454,0.488102,0.80969,0.00034,0,0.003714,0.000541,0,0.00722,0.039119,0,0.237718,0.000311,0,0.003986,0.000283,0,0.003312,0.000232,0,0.002211,0.00148,0,0.02081,0.002289,0,0.03469,0.000323,0,0.003621,0.000278,0,0.002986,0.000136,0,0.00144,0.001151,0,0.017303,0.000688,0,0.009026,0.000266,0,0.002724,0.001018,0,0.012412,0.106364,0,0.177675,0.000192,0,0.001773,0.00042,0,0.005071,0.003793,0,0.056889,0.000203,0,0.002035,0.000225,0,0.002593,0.000113,0,0.001266,0.000725,0,0.007956,0.00062,0,0.008036,0.00439,0,0.064383,0.172668,0.091136,0.23366,0.000334,0,0.003748,0.000969,0,0.011189,0.000517,0,0.007634,5e-04,0,0.004862
"PH_FV_6.sorted.bam","6","FV",0.041702,0,0.074763,0.001353,0,0.010476,0.677554,0.596424,0.795561,0.12385,0.087641,0.16748,0.003395,0,0.029058,0.001665,0,0.01429,0.043501,0,0.07539,0.106978,0.078223,0.136376,6.7e-05,0,0.000688,0.00037,0,0.003276,0.00021,0,0.002556,0.000338,0,0.003782,0.000566,0,0.006203,0.536556,0.331854,0.793521,0.000441,0,0.004696,0.000192,0,0.002355,0.153645,0,0.333451,0.000545,0,0.005427,0.000324,0,0.00369,0.000203,0,0.00165,0.000468,0,0.005649,0.003968,0,0.055324,0.000383,0,0.004673,9.4e-05,0,0.001024,0.000177,0,0.001792,0.000788,0,0.010211,0.000685,0,0.007408,0.000227,0,0.002766,0.000171,0,0.002019,0.081273,0,0.146605,0.000538,0,0.007145,0.001538,0,0.020063,0.001977,0,0.025468,0.000244,0,0.002475,0.000193,0,0.001843,0.000336,0,0.004254,0.00043,0,0.0041,0.000242,0,0.002452,0.124652,0,0.263191,0.085702,0,0.250196,0.000589,0,0.007475,0.000824,0,0.01011,0.000566,0,0.006432,0.000475,0,0.006088
"PH_FV_7.sorted.bam","7","FV",0.073915,0,0.116243,0.001936,0,0.013641,0.659362,0.564008,0.8261,0.097201,0.069515,0.140966,0.00339,0,0.046683,0.000939,0,0.007755,0.073407,0,0.111167,0.08985,0.055824,0.114888,0.000217,0,0.002546,0.000908,0,0.011876,0.000209,0,0.002085,0.002591,0,0.032705,0.000656,0,0.008844,0.634898,0.404557,0.824893,0.000395,0,0.004293,0.000626,0,0.009504,0.030972,0,0.249756,0.000265,0,0.002552,0.000455,0,0.004114,0.000245,0,0.002319,0.000207,0,0.002395,0.000969,0,0.008098,0.000213,0,0.002364,0.000252,0,0.00217,0.000189,0,0.001978,0.000345,0,0.004413,0.000362,0,0.001745,0.000181,0,0.001565,7.3e-05,0,0.000818,0.142266,0,0.220925,0.000232,0,0.002492,0.002251,0,0.04162,0.000275,0,0.003116,9e-05,0,0.000812,0.000105,0,0.000889,8.2e-05,0,0.000917,0.000528,0,0.00735,0.000597,0,0.008394,0.011907,0,0.148613,0.160273,0,0.220119,0.004206,0,0.091324,0.000299,0,0.00326,0.001429,0,0.022447,0.00023,0,0.001925
"PH_FV_8.sorted.bam","8","FV",0.06068,0,0.098224,0.002,0,0.013925,0.662451,0.576918,0.800153,0.109973,0.076249,0.169559,0.003903,0,0.03375,0.003198,0,0.027254,0.060891,0,0.097896,0.096903,0.063077,0.126923,8.4e-05,0,0.000937,0.00019,0,0.002159,0.000255,0,0.00245,0.000534,0,0.007035,0.001249,0,0.017092,0.644908,0.493446,0.798968,0.000482,0,0.006409,0.00033,0,0.004081,0.027698,0,0.199594,0.000345,0,0.004259,0.000177,0,0.001885,0.000331,0,0.00349,0.000756,0,0.008228,0.004991,0,0.062584,0.000294,0,0.003489,0.000652,0,0.009633,0.000524,0,0.00731,0.000753,0,0.009728,0.000366,0,0.003701,0.000242,0,0.002538,0.000239,0,0.00239,0.118894,0,0.193873,0.000353,0,0.004379,0.000139,0,0.001308,0.001145,0,0.01415,0.000196,0,0.002465,0.000246,0,0.002547,0.000127,0,0.001107,0.000263,0,0.003191,0.000514,0,0.006147,0.003958,0,0.069583,0.184245,0.114008,0.240252,0.000525,0,0.005396,0.003136,0,0.045386,0.000555,0,0.007113,0.000306,0,0.002967
"PH_FV_9.sorted.bam","9","FV",0.061418,5.2e-05,0.095796,0.003942,0,0.027824,0.678614,0.595439,0.827675,0.1312,0.076171,0.182201,0.002538,0,0.019352,0.000645,0,0.005088,0.06277,2.7e-05,0.097127,0.058873,0.02743,0.095264,7.5e-05,0,0.000612,0.000458,0,0.006175,0.000237,0,0.002631,0.000634,0,0.00641,0.002279,0,0.036157,0.582752,0.434776,0.825659,0.000206,0,0.001592,0.001089,0,0.014832,0.167032,0,0.304739,0.000471,0,0.006599,0.000235,0,0.002541,0.000336,0,0.003215,0.000503,0,0.00504,0.002186,0,0.029578,2e-04,0,0.00213,0.000158,0,0.00161,0.000265,0,0.002947,0.000118,0,0.001224,0.00016,0,0.001635,0.000176,0,0.001885,8.8e-05,0,0.000909,0.120445,0,0.188847,0.000396,0,0.004771,0.000334,0,0.003044,0.00051,0,0.006161,0.00017,0,0.001938,0.000105,0,0.000991,0.000926,0,0.012049,0.000552,0,0.007906,0.002588,0,0.033083,0.020824,0,0.154716,0.090275,0,0.184605,0.001069,0,0.014842,0.000132,0,0.000994,0.001728,0,0.025912,0.000289,0,0.003001
"PH_GB_10.sorted.bam","10","GB",0.138312,0.098414,0.224571,0.005324,0,0.035392,0.090672,0.04368,0.141471,0.016581,0,0.06934,0.239258,0.167406,0.310156,0.003215,0,0.024222,0.138028,0.067625,0.199077,0.368611,0.323955,0.41418,0.006568,0,0.076989,0.000982,0,0.012744,0.002831,0,0.032892,0.001584,0,0.020689,0.000752,0,0.005534,0.001088,0,0.015671,0.000396,0,0.003571,0.000543,0,0.006578,0.002895,0,0.039402,0.001304,0,0.021913,0.002554,0,0.036945,0.00097,0,0.014024,0.012181,0,0.162461,0.010088,0,0.105371,0.220621,0.129013,0.299236,0.000639,0,0.006518,0.000429,0,0.004277,0.000433,0,0.004795,0.00085,0,0.009407,0.000601,0,0.006809,0.000417,0,0.004229,0.22701,0,0.303034,0.000651,0,0.009929,0.007819,0,0.139509,0.000809,0,0.010096,0.000423,0,0.005182,0.000806,0,0.011239,0.018795,0,0.085943,0.030323,0,0.265695,0.000658,0,0.006737,0.153503,0,0.263893,0.014972,0,0.123084,0.010455,0,0.151832,0.001838,0,0.028377,0.000948,0,0.010787,0.262262,0.180584,0.339127
"PH_GB_11.sorted.bam","11","GB",0.175823,0.137761,0.25181,0.004311,0,0.025489,0.033115,0,0.098591,0.066238,0.016137,0.104241,0.207296,0.159299,0.271623,0.001643,0,0.011961,0.153713,0.086842,0.202904,0.35786,0.317716,0.398322,0.019108,0,0.090191,0.000372,0,0.003428,0.001838,0,0.021283,0.035159,0,0.173654,0.001853,0,0.027316,0.010758,0,0.075054,0.003282,0,0.047791,0.000538,0,0.00507,0.001319,0,0.018209,0.000637,0,0.007711,0.009216,0,0.077536,0.000346,0,0.00345,0.001432,0,0.021311,0.116602,0,0.201203,0.014338,0,0.124433,0.000348,0,0.003969,0.000585,0,0.007383,0.000787,0,0.010479,0.00037,0,0.00443,0.000249,0,0.002105,0.000255,0,0.003058,0.260819,0.167965,0.331458,0.000543,0,0.003944,0.000426,0,0.004874,0.002469,0,0.037216,0.000476,0,0.006624,0.000153,0,0.001795,0.020953,0,0.07007,0.004235,0,0.076502,0.00071,0,0.010285,0.003738,0,0.052906,0.006622,0,0.106579,0.257595,0.150791,0.376583,0.000283,0,0.003214,0.000633,0,0.006613,0.220951,0.108479,0.290222
"PH_GB_12.sorted.bam","12","GB",0.21362,0.16334,0.297178,0.0024,0,0.018818,0.033246,0,0.092194,0.024035,0,0.068036,0.185562,0.115203,0.259026,0.003482,0,0.023148,0.199674,0.102107,0.254607,0.33798,0.292953,0.382526,0.012911,0,0.074529,0.000304,0,0.003827,0.000303,0,0.003381,0.036866,0,0.178408,0.001124,0,0.016189,0.001453,0,0.018126,0.000738,0,0.009303,0.000462,0,0.00649,0.020067,0,0.10889,0.003454,0,0.041398,0.141709,0,0.463261,0.000847,0,0.011118,0.002774,0,0.041411,0.007107,0,0.082772,0.090289,0,0.248186,0.00077,0,0.011115,0.000301,0,0.004029,0.00098,0,0.014264,0.000617,0,0.008759,0.000553,0,0.006497,0.000511,0,0.006378,0.207807,0,0.366458,0.000863,0,0.011479,0.001098,0,0.009398,0.001495,0,0.025893,0.00533,0,0.082404,0.000989,0,0.013213,0.020241,0,0.112107,0.013224,0,0.179213,0.000293,0,0.002915,0.000677,0,0.006618,0.010676,0,0.091931,0.032225,0,0.232878,0.00173,0,0.020331,0.141283,0,0.300581,0.237926,0.156292,0.310393
"PH_GB_1.sorted.bam","1","GB",0.172941,0.136455,0.240295,0.001976,0,0.012569,0.067475,1.5e-05,0.154946,0.018676,0,0.070566,0.187652,0.134914,0.246165,0.011203,0,0.051586,0.174086,0.104413,0.223037,0.365992,0.323253,0.406445,0.01003,0,0.058772,0.000507,0,0.006536,0.000304,0,0.004227,0.003837,0,0.052219,0.000352,0,0.004028,0.021125,0,0.110753,0.000609,0,0.00798,0.000407,0,0.005294,0.011907,0,0.105889,0.002643,0,0.036194,0.002867,0,0.043595,0.000437,0,0.005735,0.006467,0,0.08408,0.014872,0,0.12247,0.054773,0,0.210664,0.001557,0,0.023501,0.000515,0,0.006599,0.001147,0,0.016077,0.00229,0,0.029142,0.000769,0,0.011928,0.005525,0,0.04984,0.294907,0.206312,0.359747,0.000619,0,0.00894,0.000458,0,0.005268,0.000791,0,0.009012,0.000966,0,0.012007,0.000956,0,0.011553,0.023276,0,0.070778,0.021539,0,0.229982,0.000508,0,0.007176,0.068533,0,0.297973,0.00119,0,0.015274,0.23938,0,0.412658,0.004123,0,0.049656,0.002922,0,0.037642,0.196895,0.130145,0.265169
"PH_GB_5.sorted.bam","5","GB",0.182827,0.142114,0.270993,0.002736,0,0.020287,0.055357,4.9e-05,0.115321,0.025372,0,0.075661,0.180075,0.117198,0.255537,0.007697,0,0.037957,0.176828,0.106186,0.22789,0.369107,0.32428,0.412791,0.003029,0,0.033208,0.000365,0,0.005041,0.000785,0,0.00962,0.024456,0,0.139904,0.000464,0,0.004485,0.000636,0,0.007683,0.001461,0,0.017049,0.000803,0,0.011827,0.005329,0,0.067158,0.001146,0,0.015375,0.018258,0,0.172782,5e-04,0,0.006791,0.022472,0,0.151779,0.010339,0,0.112962,0.145075,0,0.244375,0.00257,0,0.040123,0.001109,0,0.014776,0.000568,0,0.006251,0.001923,0,0.026017,0.000713,0,0.007014,0.000659,0,0.007439,0.274132,0.171272,0.366911,0.000329,0,0.003355,0.000152,0,0.001754,0.00198,0,0.028739,0.000807,0,0.011791,0.000755,0,0.008327,0.001371,0,0.020456,0.038355,0,0.266872,0.000331,0,0.003798,0.055999,0,0.218531,0.026617,0,0.136637,0.016912,0,0.209692,0.006438,0,0.065265,0.072759,0,0.218124,0.260401,0.169489,0.341387
"PH_GB_6.sorted.bam","6","GB",0.195016,0.15442,0.275282,0.005749,0,0.033908,0.029115,0,0.100434,0.097624,0.057042,0.138883,0.168244,0.102954,0.22449,0.005897,0,0.030016,0.185631,0.088304,0.238111,0.312724,0.27033,0.354401,0.010223,0,0.087666,0.001167,0,0.015563,0.001799,0,0.024572,0.002638,0,0.033751,0.002301,0,0.032932,0.000822,0,0.010032,0.000213,0,0.002084,0.000844,0,0.009361,0.000903,0,0.008253,0.000395,0,0.004789,0.020289,0,0.164773,0.000483,0,0.004462,0.017775,0,0.149495,0.18854,0.105958,0.275542,0.00362,0,0.061261,0.003038,0,0.035039,0.000642,0,0.009329,0.001778,0,0.024213,0.000667,0,0.009861,0.00104,0,0.012606,0.001153,0,0.016197,0.283141,0,0.372269,0.00038,0,0.004259,0.011229,0,0.167318,0.000487,0,0.004439,0.001229,0,0.017345,0.000917,0,0.012196,0.036024,0,0.080733,0.059099,0,0.304952,0.002083,0,0.025347,0.019961,0,0.164054,0.002803,0,0.039793,0.099893,0,0.259205,0.001407,0,0.022349,0.001831,0,0.0275,0.219185,0.142334,0.290615
"PH_GB_8.sorted.bam","8","GB",0.141713,0.097851,0.17166,0.001319,0,0.011168,0.159342,0.117236,0.206948,0.087737,0.053843,0.121091,0.087364,0.046971,0.127376,0.108156,0.073492,0.145462,0.14295,0.087016,0.182177,0.271419,0.236535,0.316941,0.000103,0,0.001083,0.000359,0,0.003226,0.000126,0,0.001245,0.000692,0,0.005953,0.000149,0,0.001669,0.000248,0,0.002635,0.000178,0,0.001338,0.000251,0,0.002719,0.000875,0,0.012678,0.00012,0,0.001263,0.000883,0,0.013085,0.000364,0,0.004592,0.041961,0,0.245078,0.126823,0,0.220169,0.000445,0,0.005633,0.000158,0,0.001938,0.000158,0,0.001353,0.00022,0,0.001439,0.001026,0,0.011789,0.000368,0,0.004939,7e-05,0,0.00064,0.233837,0,0.339647,9e-04,0,0.009479,0.001141,0,0.014829,0.044916,0,0.229784,0.000686,0,0.00721,0.000204,0,0.001725,0.00012,0,0.00106,0.047112,0,0.28879,0.000204,0,0.002557,0.27315,0.064029,0.387029,0.001163,0,0.019481,0.002754,0,0.037068,0.214039,0.143235,0.288619,0.003975,0,0.058405,0.000221,0,0.002439
"PH_GB_9.sorted.bam","9","GB",0.148497,0.100146,0.232259,0.014636,0,0.054087,0.037083,0,0.115404,0.053979,0.016674,0.093613,0.202652,0.135923,0.259714,0.009718,0,0.049325,0.166373,0.098312,0.218336,0.367062,0.323349,0.411778,0.010287,0,0.081238,0.001049,0,0.01461,0.008163,0,0.05058,0.003543,0,0.056773,0.000779,0,0.00982,0.024072,0,0.113615,0.002121,0,0.031252,0.004661,0,0.067035,0.008723,0,0.101933,0.005706,0,0.059533,0.013687,0,0.108857,0.002447,0,0.036302,0.001165,0,0.014624,0.021575,0,0.154248,0.000634,0,0.007719,0.002852,0,0.043845,0.001258,0,0.019096,0.003175,0,0.041006,0.000657,0,0.00769,0.000727,0,0.010743,0.004159,0,0.041724,0.209426,0.096438,0.291203,0.001273,0,0.016656,0.000728,0,0.010106,0.057125,0,0.164655,0.00263,0,0.037067,0.001125,0,0.016187,0.02581,0,0.097651,0.043742,0,0.252904,0.001478,0,0.019738,0.007907,0,0.096979,0.001684,0,0.021547,0.361806,0.201843,0.479365,0.001324,0,0.015296,0.008819,0,0.109892,0.153682,0.053856,0.231895
"PH_KC_10.sorted.bam","10","KC",0.150098,0.10479,0.186717,0.001298,0,0.008246,0.001277,0,0.009095,0.001168,0,0.008112,0.001686,0,0.010881,0.003372,0,0.018624,0.839115,0.802711,0.887378,0.001985,0,0.011547,0.000123,0,0.001276,0.000262,0,0.002731,1e-04,0,0.001256,0.000128,0,0.001359,0.000216,0,0.002711,0.000255,0,0.002563,0.000132,0,0.001271,0.000212,0,0.002961,0.000224,0,0.002441,0.000533,0,0.006421,0.000106,0,0.001025,0.000306,0,0.004094,0.000302,0,0.004239,0.000134,0,0.001577,0.00018,0,0.002214,0.000413,0,0.006007,0.00068,0,0.009995,0.000445,0,0.006052,0.000248,0,0.003039,0.000585,0,0.008403,0.001111,0,0.013889,0.298713,0.207147,0.37242,0.000418,0,0.005179,0.000444,0,0.004905,0.00016,0,0.00182,0.001038,0,0.013943,0.000876,0,0.012061,0.687933,0.616836,0.78097,0.000195,0,0.002338,0.000302,0,0.003977,0.000287,0,0.003818,0.00016,0,0.001575,0.000541,0,0.007562,0.001276,0,0.016714,0.000713,0,0.010892,0.000249,0,0.003711
"PH_KC_11.sorted.bam","11","KC",0.15004,0.105823,0.183434,0.004933,0,0.017588,0.001758,0,0.01149,0.000954,0,0.007698,0.001697,0,0.011298,0.003376,0,0.017011,0.833888,0.800805,0.881007,0.003354,0,0.015986,0.000272,0,0.003356,0.002939,0,0.025037,0.000403,0,0.005482,0.000454,0,0.006299,0.000699,0,0.00969,0.000217,0,0.002415,0.000248,0,0.002909,0.000272,0,0.003071,0.000125,0,0.000957,0.00018,0,0.002178,0.00038,0,0.003947,0.000738,0,0.011237,0.000267,0,0.003535,0.000107,0,0.001059,0.000231,0,0.002664,0.000894,0,0.012521,0.00204,0,0.022907,0.000586,0,0.007618,0.000211,0,0.001917,0.00072,0,0.010509,0.000489,0,0.007019,0.293318,0.208299,0.361958,0.000983,0,0.014092,0.000435,0,0.005218,0.000185,0,0.001828,0.000259,0,0.003113,0.000575,0,0.007157,0.685778,0.622817,0.775104,0.001304,0,0.016454,0.001389,0,0.016782,0.000517,0,0.007409,0.000401,0,0.005699,0.000461,0,0.005839,0.000746,0,0.010798,0.000466,0,0.006856,0.000712,0,0.009277
"PH_KC_1.sorted.bam","1","KC",0.200445,0.00178,0.249786,0.003986,0,0.022177,0.282369,0.230512,0.450829,0.00399,0,0.026847,0.012486,0,0.050629,0.006825,0,0.030727,0.489403,0.466426,0.499963,0.000495,0,0.004,3.5e-05,0,0.000357,0.000204,0,0.002388,7.6e-05,0,0.000812,0.000155,0,0.00157,0.001274,0,0.01624,0.000139,0,0.00125,0.00019,0,0.00194,0.000286,0,0.003974,0.000268,0,0.00294,0.000113,0,0.001266,0.000151,0,0.001737,0.001013,0,0.014676,0.002288,0,0.029277,0.001163,0,0.017717,0.000211,0,0.002385,0.000617,0,0.005288,0.001641,0,0.020083,0.000693,0,0.010244,0.004436,0,0.050696,0.005391,0,0.046264,0.000112,0,0.000966,0.399444,0,0.498264,0.003276,0,0.037845,0.559617,0.456947,0.900831,0.00128,0,0.020366,0.014401,0,0.09306,0.000487,0,0.004904,8.7e-05,0,0.000899,6e-05,0,0.000678,0.000126,0,0.001073,0.000167,0,0.001324,0.000129,0,0.001646,0.000141,0,0.001402,0.000162,0,0.002022,0.000127,0,0.001043,3.9e-05,0,0.000366
"PH_KC_2.sorted.bam","2","KC",0.185252,0.074118,0.229255,0.001389,0,0.011494,0.140918,0.092576,0.213281,0.07146,0.037367,0.110127,0.020646,0,0.061972,0.001814,0,0.014229,0.486203,0.44859,0.499982,0.092317,0.066961,0.119106,3.2e-05,0,0.000342,0.000115,0,0.001138,5.7e-05,0,0.000539,0.00024,0,0.002356,0.000501,0,0.005617,0.000145,0,0.001132,0.00015,0,0.001681,0.000128,0,0.001255,0.000544,0,0.006914,7e-05,0,0.000795,0.000483,0,0.005296,0.000799,0,0.011556,0.010773,0,0.09097,0.004039,0,0.047666,0.000222,0,0.001752,0.000103,0,0.001121,0.00036,0,0.004641,0.000539,0,0.006967,0.00046,0,0.004605,0.000997,0,0.015248,9e-05,0,0.001008,0.369137,0.143957,0.457558,0.000424,0,0.00536,0.267473,0.171452,0.422026,0.137088,0.063171,0.218354,0.020248,0,0.113321,0.000147,0,0.001424,5.9e-05,0,0.000595,0.000213,0,0.002376,0.000338,0,0.004529,0.001477,0,0.019517,0.000371,0,0.004964,0.003509,0,0.040174,0.000842,0,0.010108,0.177772,0.121656,0.231902,5.6e-05,0,0.000504
"PH_KC_3.sorted.bam","3","KC",0.124236,0.064434,0.154133,0.001457,0,0.00926,0.001792,0,0.013091,0.000832,0,0.006522,0.001515,0,0.010207,0.00161,0,0.011765,0.866902,0.835559,0.930356,0.001655,0,0.010226,0.000206,0,0.002201,0.000272,0,0.003536,0.000448,0,0.005563,0.000362,0,0.003834,0.000387,0,0.005473,0.000581,0,0.007263,0.000345,0,0.0045,0.000148,0,0.001776,0.000187,0,0.001923,0.000162,0,0.001585,0.000151,0,0.001654,0.000235,0,0.003078,0.000583,0,0.007805,0.00015,0,0.001515,0.000415,0,0.005665,0.000455,0,0.005951,0.000154,0,0.001946,0.000303,0,0.00339,0.000176,0,0.001942,0.000488,0,0.006705,0.000461,0,0.006376,0.246213,0.126794,0.307134,0.00028,0,0.00311,0.000243,0,0.002023,8.6e-05,0,0.000653,0.000299,0,0.002977,0.000401,0,0.004291,0.742816,0.684346,0.866196,0.000261,0,0.003326,0.000544,0,0.007703,0.000357,0,0.004243,0.000248,0,0.003153,0.000293,0,0.003517,0.000322,0,0.003795,0.00065,0,0.008479,0.000318,0,0.004161
"PH_KC_4.sorted.bam","4","KC",0.118243,0.046075,0.149132,0.000329,0,0.002583,0.000794,0,0.007638,0.000435,0,0.003304,0.000642,0,0.0053,0.000563,0,0.004649,0.878345,0.84775,0.951008,0.00065,0,0.005265,0.000106,0,0.000968,7.5e-05,0,0.000826,5.3e-05,0,0.00066,8.6e-05,0,0.001024,6.5e-05,0,0.000698,0.000193,0,0.001599,0.000146,0,0.001118,6.5e-05,0,0.000671,7.7e-05,0,0.000887,9e-05,0,0.001079,0.000175,0,0.002241,9.4e-05,0,0.000981,8.9e-05,0,0.000974,0.000115,0,0.001277,7.8e-05,0,0.000842,0.000166,0,0.001759,8.4e-05,0,0.000651,0.000114,0,0.001333,6.5e-05,0,0.000674,8.7e-05,0,0.001083,9.5e-05,0,0.000807,0.235501,0.090308,0.29771,8.1e-05,0,0.000821,0.000661,0,0.010364,0.000149,0,0.001654,0.000417,0,0.004627,0.00029,0,0.004134,0.759633,0.697926,0.906148,0.000125,0,0.001403,8.6e-05,0,0.000977,0.00011,0,0.001216,7.1e-05,0,0.000775,0.000153,0,0.001166,0.000131,0,0.001384,0.000325,0,0.003377,0.00015,0,0.001926
"PH_KC_5.sorted.bam","5","KC",0.118834,0.048625,0.144899,0.000363,0,0.002949,0.000363,0,0.00295,0.000297,0,0.002206,0.000523,0,0.004342,0.00055,0,0.004526,0.878522,0.85201,0.949062,0.000548,0,0.004352,8.2e-05,0,0.000622,9.4e-05,0,0.001003,7.9e-05,0,0.000819,0.000103,0,0.001151,8.5e-05,0,0.000942,8.4e-05,0,0.000703,6.4e-05,0,0.000798,6.4e-05,0,0.000632,6e-05,0,0.000672,5.8e-05,0,0.000713,0.000101,0,0.000873,6.6e-05,0,0.000603,8.2e-05,0,0.001062,7.7e-05,0,0.000825,0.000122,0,0.001239,0.000116,0,0.001227,0.000104,0,0.000956,7.5e-05,0,0.00082,5.9e-05,0,0.000581,0.000114,0,0.001361,0.000176,0,0.001844,0.236936,0.097247,0.289359,6.9e-05,0,0.000641,7.8e-05,0,0.000754,0.000105,0,0.00106,0.000247,0,0.002475,0.000156,0,0.00169,0.759577,0.707311,0.899462,9e-05,0,0.00094,8.6e-05,0,0.000877,7.4e-05,0,0.000693,5e-05,0,0.000503,0.000115,0,0.001125,0.000123,0,0.00126,0.000301,0,0.004005,0.000128,0,0.001569
"PH_KC_6.sorted.bam","6","KC",0.122412,0.043315,0.152788,0.000804,0,0.00618,0.000888,0,0.006695,0.001206,0,0.00905,0.001311,0,0.010087,0.002435,0,0.017367,0.869949,0.840193,0.952781,0.000995,0,0.007797,0.000339,0,0.004637,0.000158,0,0.001543,0.000241,0,0.003081,0.00022,0,0.002492,0.000155,0,0.001338,0.000113,0,0.001051,0.000182,0,0.002108,0.000134,0,0.001368,0.000209,0,0.002413,0.000299,0,0.004199,0.00054,0,0.006925,0.000176,0,0.002292,0.000218,0,0.00171,0.000421,0,0.005234,0.000232,0,0.00255,0.000872,0,0.01251,0.000188,0,0.002171,0.000415,0,0.006072,0.000321,0,0.00362,0.000388,0,0.00565,0.001024,0,0.014713,0.241808,0.085905,0.303574,0.000139,0,0.001064,0.000167,0,0.001673,0.000328,0,0.00339,0.000274,0,0.002626,0.000372,0,0.004307,0.748285,0.689319,0.909192,0.000364,0,0.005109,0.000177,0,0.002114,0.000165,0,0.001601,0.00022,0,0.002538,0.000142,0,0.001577,0.000265,0,0.002947,0.000241,0,0.002517,0.000208,0,0.002366
"PH_KC_7.sorted.bam","7","KC",0.10215,0.002796,0.127452,0.00061,0,0.004983,0.000706,0,0.006029,0.001082,0,0.008564,0.000712,0,0.005553,0.000603,0,0.004972,0.89338,0.867147,0.990131,0.000757,0,0.006039,0.000274,0,0.003694,0.000183,0,0.002061,0.000125,0,0.001515,0.000198,0,0.002024,0.000108,0,0.000985,0.000152,0,0.001642,0.000541,0,0.007204,0.000152,0,0.00158,0.00029,0,0.003851,0.000301,0,0.003952,0.000233,0,0.003334,0.000117,0,0.001216,0.000142,0,0.00135,0.000202,0,0.002464,0.000134,0,0.001273,0.000218,0,0.002277,8.3e-05,0,0.00072,0.000163,0,0.001429,0.00011,0,0.001091,0.00017,0,0.001693,0.000136,0,0.001307,0.202063,1e-06,0.253796,0.000165,0,0.00167,0.000124,0,0.001416,0.000161,0,0.001489,0.000182,0,0.001767,9.2e-05,0,0.000849,0.791906,0.741843,0.987293,0.000317,0,0.004132,0.000163,0,0.001675,8.2e-05,0,0.000804,0.000104,0,0.001049,0.000109,0,0.0012,9.8e-05,0,0.00116,0.000163,0,0.002146,0.000239,0,0.003232
"PH_KC_8.sorted.bam","8","KC",0.226761,0.12483,0.268869,0.003404,0,0.02016,0.171135,0.125831,0.260527,0.05414,0.025498,0.086815,0.006798,0,0.034653,0.022834,9e-06,0.048621,0.475182,0.448091,0.499197,0.039746,0.021288,0.062012,2.9e-05,0,0.000285,0.000172,0,0.002001,3.5e-05,0,4e-04,0.000112,0,0.001332,0.000444,0,0.006499,0.000108,0,0.001192,7.5e-05,0,0.000843,0.000148,0,0.001191,0.000159,0,0.001913,4.5e-05,0,0.00037,0.000222,0,0.002978,0.00074,0,0.011344,0.000465,0,0.005016,0.000222,0,0.002386,0.000189,0,0.001868,0.000131,0,0.001185,0.003153,0,0.033462,0.00221,0,0.027925,0.000268,0,0.002838,0.004234,0,0.043546,5.6e-05,0,0.000557,0.452525,0.247556,0.536975,0.001712,0,0.024121,0.337939,0.245482,0.519527,0.107197,0.049732,0.17225,0.006995,0,0.06594,0.00089,0,0.011509,8e-05,0,0.000895,0.000225,0,0.003014,0.000369,0,0.004259,0.000726,0,0.009869,0.000121,0,0.001387,0.000342,0,0.003802,0.03467,0,0.095741,0.042947,0,0.117807,4.6e-05,0,5e-04
"PH_KC_9.sorted.bam","9","KC",0.159216,0.122768,0.199441,0.001079,0,0.009184,0.01096,0,0.038591,0.00502,0,0.022115,0.003387,0,0.023144,0.018487,0,0.050981,0.795127,0.755709,0.848657,0.006723,0,0.022554,0.000211,0,0.002718,0.000186,0,0.001906,7.6e-05,0,0.000794,0.00119,0,0.017229,0.000188,0,0.001795,0.000376,0,0.00347,0.000274,0,0.003274,0.000101,0,0.000977,0.001396,0,0.017821,0.000672,0,0.009393,0.000394,0,0.004363,0.000122,0,0.001298,0.001696,0,0.027001,0.000646,0,0.008361,0.000166,0,0.001917,0.000715,0,0.009482,0.000521,0,0.006681,0.006051,0,0.050794,0.001463,0,0.022292,0.000732,0,0.010408,0.001429,0,0.019987,0.314354,0.239666,0.397067,0.000397,0,0.005145,0.009164,0,0.070687,0.001927,0,0.029239,0.00179,0,0.019752,0.022641,0,0.098358,0.618854,0.548749,0.717483,0.000896,0,0.013075,0.000492,0,0.006782,0.001485,0,0.019669,0.002889,0,0.025921,0.001062,0,0.015259,0.001994,0,0.024785,0.002273,0,0.028611,0.001178,0,0.013628
"PH_MC_10.sorted.bam","10","MC",0.104218,0.011546,0.158287,0.013997,0,0.055481,0.228491,0.133302,0.386267,0.127394,0.053105,0.173811,0.179972,0.128153,0.245143,0.278401,0.222743,0.348147,0.065485,0,0.117497,0.002042,0,0.016346,0.000298,0,0.003581,0.009315,0,0.089628,0.000706,0,0.009211,0.000239,0,0.002584,0.000385,0,0.004401,0.001726,0,0.024715,0.003625,0,0.04857,0.003041,0,0.041536,0.019931,0,0.179953,0.000603,0,0.007547,0.058229,0,0.174372,0.008222,0,0.073692,0.048942,0,0.408954,0.22601,0,0.341527,0.001008,0,0.012495,0.006669,0,0.095881,0.004255,0,0.048523,0.383079,0.063874,0.572411,0.000263,0,0.003819,0.015739,0,0.17137,0.073006,0,0.281834,0.129246,0,0.233137,0.000219,0,0.002521,0.000373,0,0.004485,0.000355,0,0.003639,0.000137,0,0.001186,0.000286,0,0.002764,9.2e-05,0,0.000968,0.000516,0,0.007295,0.001145,0,0.01584,0.000581,0,0.006602,0.000356,0,0.003991,0.000648,0,0.008173,0.000498,0,0.004915,0.00017,0,0.001525,8.5e-05,0,0.000904
"PH_MC_11.sorted.bam","11","MC",0.082827,5.5e-05,0.124322,0.026578,0,0.066094,0.236025,0.171961,0.333625,0.147304,0.104197,0.187167,0.177449,0.115431,0.257387,0.250227,0.194255,0.314043,0.078477,1.5e-05,0.120207,0.001113,0,0.009953,0.00028,0,0.003625,0.001022,0,0.014944,0.000207,0,0.00262,0.001054,0,0.013877,0.012027,0,0.106363,0.155668,0,0.277476,0.000554,0,0.007963,0.001783,0,0.015954,0.002545,0,0.031639,0.000257,0,0.003438,0.0077,0,0.101971,0.005279,0,0.072374,0.143316,0,0.492584,0.177119,0,0.3512,0.001657,0,0.024,0.002761,0,0.037841,0.029935,0,0.119849,0.001197,0,0.015073,0.110937,0,0.332199,0.017256,0,0.169829,0.168824,0.02116,0.26783,0.151609,0,0.239282,0.002577,0,0.037084,0.00038,0,0.004683,0.001002,0,0.011612,0.000654,0,0.007254,0.00018,0,0.002062,0.000179,0,0.002099,0.000396,0,0.003489,0.000119,0,0.000935,0.000196,0,0.001706,0.000155,0,0.001566,0.00026,0,0.001989,0.00054,0,0.007473,0.000196,0,0.00224,0.000182,0,0.001566
"PH_MC_12.sorted.bam","12","MC",0.057175,0,0.102488,0.05711,0.003078,0.100742,0.18866,0.101035,0.266582,0.122715,0.057841,0.18458,0.198102,0.131613,0.271451,0.317455,0.251837,0.392574,0.056946,1e-06,0.102137,0.001837,0,0.014148,0.000773,0,0.011302,0.000792,0,0.010379,0.008914,0,0.079903,0.002936,0,0.044392,0.012904,0,0.122084,0.02227,0,0.208342,0.000483,0,0.005527,0.056191,0,0.1802,0.003554,0,0.05304,0.006858,0,0.07921,0.000848,0,0.010182,0.019328,0,0.13713,0.182001,0,0.511001,0.164801,0,0.356355,0.013899,0,0.12441,0.005195,0,0.075809,0.004143,0,0.060881,0.128946,0,0.41432,0.001123,0,0.010723,0.000604,0,0.007867,0.246896,0.082501,0.387788,0.102372,0,0.195781,0.002026,0,0.026925,0.00175,0,0.021934,0.00495,0,0.066512,0.000676,0,0.004215,8e-04,0,0.008515,0.000516,0,0.006432,0.000179,0,0.001872,0.001009,0,0.011913,0.000688,0,0.006317,0.00061,0,0.006129,0.000146,0,0.001264,0.000307,0,0.002765,0.000285,0,0.003226,0.000225,0,0.002366
"PH_MC_5.sorted.bam","5","MC",0.088794,5.2e-05,0.127435,0.080468,0.045119,0.118342,0.193006,0.131589,0.320938,0.119687,0.078252,0.160266,0.155658,0.097624,0.209628,0.272015,0.218123,0.338383,0.089291,0.009241,0.125943,0.001081,0,0.008527,0.000186,0,0.001525,0.000933,0,0.011107,0.062194,0,0.114093,0.000963,0,0.012307,0.000522,0,0.003887,0.036138,0,0.229059,0.000278,0,0.003267,0.003457,0,0.054151,0.005564,0,0.077826,0.002568,0,0.033528,0.000486,0,0.005813,0.001697,0,0.023884,0.293797,0.138707,0.41053,0.012871,0,0.166,0.000472,0,0.004608,0.000985,0,0.014702,0.029406,0,0.196722,0.011635,0,0.1621,0.208877,0,0.306702,0.001016,0,0.013913,0.145775,0.073309,0.234329,0.173397,0,0.248665,0.000328,0,0.003523,0.000935,0,0.011962,0.002654,0,0.044812,0.000361,0,0.004829,0.000349,0,0.002883,0.000217,0,0.002367,0.000174,0,0.001895,0.000206,0,0.0018,0.000319,0,0.003582,0.000537,0,0.00583,0.000144,0,0.001631,0.00021,0,0.001766,0.000124,0,0.001295,0.000225,0,0.003059
"PH_MC_6.sorted.bam","6","MC",0.088543,0.008356,0.130737,0.061768,0.023947,0.097021,0.187007,0.107331,0.292542,0.128808,0.084648,0.165935,0.159299,0.112033,0.237901,0.287383,0.235438,0.351861,0.085984,0.011326,0.122508,0.001207,0,0.00956,9.8e-05,0,0.001041,0.001159,0,0.016712,0.00218,0,0.027835,0.00059,0,0.00721,0.011945,0,0.133858,0.166307,0,0.291412,0.000172,0,0.001673,0.000738,0,0.010107,0.000405,0,0.004049,0.000462,0,0.005519,0.000778,0,0.00472,0.001259,0,0.017157,0.027144,0,0.21373,0.210392,0,0.324559,0.038757,0,0.224257,0.004117,0,0.057239,0.103279,0,0.187648,0.000713,0,0.010226,0.044671,0,0.263886,0.00079,0,0.011227,0.210292,0.104469,0.301597,0.169747,0.015636,0.242737,0.000454,0,0.005928,0.00032,0,0.003938,0.000178,0,0.001726,0.000271,0,0.003282,0.000387,0,0.003869,0.000227,0,0.002713,0.000326,0,0.004089,0.000343,0,0.004213,0.000283,0,0.002729,0.000138,0,0.001436,0.000451,0,0.005075,0.000225,0,0.001839,0.000158,0,0.001559,0.000245,0,0.002443
"PH_MC_7.sorted.bam","7","MC",0.176291,0.119681,0.214108,0.007337,0,0.045458,0.211894,0.142922,0.295514,0.083934,0.029568,0.13191,0.21002,0.161607,0.286112,0.134301,0.086329,0.205543,0.174632,0.094085,0.221813,0.001592,0,0.012358,7.1e-05,0,0.000863,0.000623,0,0.005799,0.000764,0,0.01049,0.00109,0,0.016402,0.001447,0,0.022916,0.000492,0,0.004398,0.010354,0,0.124135,0.001783,0,0.025199,0.000487,0,0.006868,0.000109,0,0.001078,0.003781,0,0.053588,0.004119,0,0.057591,0.296436,0.103694,0.43826,0.061566,0,0.223336,0.000894,0,0.008622,0.000359,0,0.003785,0.003914,0,0.067589,0.122446,0,0.301959,0.087964,0,0.25739,0.04933,0,0.23234,0.000233,0,0.00268,0.335794,0.178677,0.420502,0.000861,0,0.012415,0.000553,0,0.006551,0.005143,0,0.068901,0.002619,0,0.042577,0.003571,0,0.048956,0.000222,0,0.002503,0.000438,0,0.00498,0.000399,0,0.004614,0.000347,0,0.004026,0.000352,0,0.003923,0.000398,0,0.004861,0.000552,0,0.005207,0.000278,0,0.002995,0.00021,0,0.002046
"PH_MC_8.sorted.bam","8","MC",0.101396,7e-06,0.169082,0.023007,0,0.074535,0.252363,0.170342,0.360921,0.103212,0.04689,0.160778,0.228703,0.162796,0.304789,0.236996,0.180458,0.305136,0.050125,0,0.108588,0.004198,0,0.027101,0.003034,0,0.043652,0.003441,0,0.046651,0.008787,0,0.066039,0.016091,0,0.172279,0.004091,0,0.061533,0.03377,0,0.264412,0.041018,0,0.195558,0.016146,0,0.116499,0.073557,0,0.264839,0.001844,0,0.02776,0.012769,0,0.17857,0.002465,0,0.034136,0.339836,0,0.581572,0.066948,0,0.286629,0.006492,0,0.107706,0.029124,0,0.216158,0.001159,0,0.016182,0.000844,0,0.010742,0.001418,0,0.013778,0.019745,0,0.189596,0.209681,0.086786,0.296062,0.092746,0,0.213298,0.000516,0,0.004986,0.001208,0,0.014153,0.002127,0,0.034914,0.001833,0,0.030991,0.000823,0,0.007668,0.000272,0,0.002933,0.001536,0,0.02255,0.000622,0,0.008514,0.001559,0,0.019965,0.001523,0,0.016283,0.000826,0,0.008314,0.001517,0,0.023628,0.000454,0,0.005874,0.000179,0,0.00169
"PH_MC_9.sorted.bam","9","MC",0.093332,0.020186,0.135419,0.020521,0,0.067842,0.276136,0.189702,0.390457,0.122244,0.067963,0.163329,0.141791,0.098327,0.220121,0.253082,0.187526,0.323285,0.090615,0.000839,0.133628,0.002279,0,0.016756,0.000477,0,0.005656,0.004048,0,0.053017,0.003644,0,0.04264,0.000752,0,0.005436,0.001265,0,0.02278,0.264018,0.152179,0.38841,0.000499,0,0.004899,0.00162,0,0.018017,0.000503,0,0.005807,0.000511,0,0.003835,0.00553,0,0.07098,0.017909,0,0.119781,0.012218,0,0.13882,0.238517,0.120205,0.322503,0.003719,0,0.059506,0.001423,0,0.018641,0.007831,0,0.079989,0.008499,0,0.121128,0.001027,0,0.009912,0.000766,0,0.011203,0.241839,0.160565,0.319983,0.17306,0,0.258127,0.000742,0,0.010078,0.000767,0,0.009323,0.000919,0,0.005938,0.00091,0,0.008825,0.002341,0,0.033225,0.001026,0,0.01091,0.000397,0,0.004858,0.000339,0,0.004894,0.000233,0,0.002369,0.000381,0,0.004712,0.000295,0,0.002696,0.000598,0,0.00797,0.000439,0,0.004404,0.000937,0,0.01251
"PH_ML_10.sorted.bam","10","ML",0.205819,0.175701,0.248435,0.0013,0,0.010078,0.001348,0,0.010866,0.000977,0,0.007991,0.005319,0,0.030513,0.0294,0.001313,0.070701,0.740197,0.689871,0.777174,0.015641,0,0.039864,0.000508,0,0.006932,0.00021,0,0.001893,0.000304,0,0.003394,0.000291,0,0.002759,0.000166,0,0.002003,0.000233,0,0.002599,0.00016,0,0.001471,0.000163,0,0.002054,0.000158,0,0.001202,0.000141,0,0.001351,0.000265,0,0.003241,0.000295,0,0.004158,0.000219,0,0.00237,0.000223,0,0.002083,0.000459,0,0.005523,0.004423,0,0.051222,0.00021,0,0.002806,0.000969,0,0.011488,0.000242,0,0.002835,0.00768,0,0.059387,0.015902,0,0.069914,0.404914,0.336576,0.490447,0.000311,0,0.002964,0.000221,0,0.002481,0.000343,0,0.004006,0.000252,0,0.002313,0.000891,0,0.008222,0.536449,0.447882,0.596582,0.000359,0,0.005279,0.000635,0,0.00905,0.000208,0,0.002648,0.000381,0,0.005169,0.000786,0,0.010834,0.012581,0,0.060473,0.000563,0,0.005137,0.007884,0,0.035157
"PH_ML_11.sorted.bam","11","ML",0.181588,0.151358,0.228019,0.00077,0,0.006077,0.001185,0,0.008983,0.000786,0,0.006006,0.001662,0,0.012894,0.001971,0,0.016394,0.811356,0.76422,0.841955,0.000682,0,0.005521,0.000646,0,0.007829,0.000217,0,0.00249,0.000293,0,0.003712,0.00034,0,0.004083,0.000111,0,0.001008,0.000274,0,0.003989,0.000221,0,0.00219,0.000137,0,0.001409,0.000236,0,0.002597,9.6e-05,0,0.001086,0.00037,0,0.004916,0.00019,0,0.002335,0.000474,0,0.005315,0.000352,0,0.004888,0.000323,0,0.00412,0.001516,0,0.021203,7.4e-05,0,0.000729,0.000227,0,0.002286,0.000173,0,0.001936,0.000262,0,0.002899,0.000314,0,0.003812,0.359097,0.29502,0.450023,8.7e-05,0,0.000803,0.000262,0,0.003402,0.000171,0,0.001725,0.000831,0,0.009724,0.000883,0,0.010375,0.630628,0.540574,0.688746,0.000124,0,0.001332,0.00014,0,0.001341,0.00017,0,0.00177,8.9e-05,0,0.00085,0.000199,0,0.002323,0.000179,0,0.001562,0.000125,0,0.001305,0.000169,0,0.001817
"PH_ML_12.sorted.bam","12","ML",0.197758,0.16603,0.24254,0.00118,0,0.007475,0.001206,0,0.008878,0.001684,0,0.009975,0.001301,0,0.010313,0.003119,0,0.020345,0.791663,0.750653,0.824564,0.002089,0,0.013478,0.002747,0,0.026344,0.000273,0,0.003431,0.000271,0,0.003718,0.000572,0,0.008242,0.000247,0,0.003087,0.000334,0,0.004863,0.000736,0,0.012151,0.000312,0,0.004436,0.000218,0,0.00222,0.000273,0,0.003706,0.000459,0,0.006418,0.000231,0,0.002983,7.9e-05,0,0.000758,0.000172,0,0.002007,0.000441,0,0.005653,0.001634,0,0.022307,0.000201,0,0.002391,0.000251,0,0.003292,0.000439,0,0.006183,0.000575,0,0.008592,0.001119,0,0.015759,0.385824,0.320876,0.482018,0.000269,0,0.003645,0.000152,0,0.001452,0.000506,0,0.006589,0.000107,0,0.001137,0.000131,0,0.001243,0.598,0.511531,0.658785,0.000524,0,0.007555,0.000283,0,0.003501,0.000224,0,0.002067,0.000439,0,0.006214,9.5e-05,0,0.000991,0.000768,0,0.01213,0.000336,0,0.003816,0.000753,0,0.01074
"PH_ML_1.sorted.bam","1","ML",0.186763,0.158204,0.223334,0.000687,0,0.005347,0.00218,0,0.017381,0.001163,0,0.008644,0.002599,0,0.018996,0.021662,0.000131,0.050767,0.784042,0.735684,0.816547,0.000904,0,0.006643,0.00021,0,0.002508,0.00013,0,0.001518,0.000165,0,0.001932,0.000555,0,0.006534,9.9e-05,0,0.000967,0.000143,0,0.001137,0.00023,0,0.002564,9.7e-05,0,0.001061,0.000157,0,0.001505,0.000153,0,0.001741,0.000401,0,0.003947,0.000183,0,0.001885,9.4e-05,0,0.001001,0.000352,0,0.004469,0.000255,0,0.00277,0.004272,0,0.03942,0.000249,0,0.003038,0.002455,0,0.030207,0.000687,0,0.009081,0.003028,0,0.033975,0.006422,0,0.038742,0.367221,0.309323,0.439794,0.000172,0,0.001374,0.000553,0,0.006177,0.000339,0,0.004513,0.000497,0,0.004723,0.019362,0,0.093585,0.589862,0.501378,0.648068,0.000296,0,0.003732,0.000115,0,0.001236,0.00016,0,0.001658,0.000156,0,0.001602,0.000131,0,0.001388,0.000427,0,0.005855,0.000215,0,0.00255,0.000154,0,0.001791
"PH_ML_2.sorted.bam","2","ML",0.17307,0.140633,0.213325,0.001075,0,0.007506,0.002807,0,0.01771,0.001679,0,0.012551,0.001041,0,0.008454,0.00283,0,0.020013,0.812605,0.772454,0.845845,0.004894,0,0.022285,0.000266,0,0.003833,0.000185,0,0.002034,0.000185,0,0.001936,0.000521,0,0.006316,0.000289,0,0.003937,0.000768,0,0.011668,0.000368,0,0.005222,0.000204,0,0.00174,0.000291,0,0.003224,0.000565,0,0.008528,0.000308,0,0.002612,0.000102,0,0.001025,0.000238,0,0.002707,9.2e-05,0,0.000808,0.000142,0,0.001787,0.000513,0,0.006979,0.000288,0,0.003897,0.000663,0,0.008961,0.000525,0,0.007011,0.000179,0,0.001678,0.000675,0,0.009683,0.343182,0.276358,0.423356,0.000409,0,0.004709,0.000998,0,0.013676,0.000293,0,0.002523,0.000267,0,0.002927,0.001653,0,0.021882,0.638302,0.559609,0.702317,0.000532,0,0.006869,0.000303,0,0.003733,0.001079,0,0.015683,0.000456,0,0.006638,0.000611,0,0.007732,0.000489,0,0.006704,0.001803,0,0.026288,0.002257,0,0.01988
"PH_ML_3.sorted.bam","3","ML",0.16533,0.132415,0.20701,0.000748,0,0.00552,0.000657,0,0.005285,0.000604,0,0.004769,0.00136,0,0.010509,0.00158,0,0.011402,0.828985,0.787672,0.864167,0.000737,0,0.005419,5e-04,0,0.007287,0.000206,0,0.002754,0.000142,0,0.002036,0.000213,0,0.002696,0.000129,0,0.001422,0.000159,0,0.001578,0.000153,0,0.001657,0.000126,0,0.001484,0.000116,0,0.001239,0.000101,0,0.001067,0.000336,0,0.004266,0.00014,0,0.001697,0.000138,0,0.00127,8.7e-05,0,0.000866,0.000259,0,0.003677,0.00023,0,0.00331,0.000288,0,0.003245,0.000101,0,0.00082,0.000139,0,0.001583,0.000572,0,0.007983,0.000384,0,0.004949,0.328403,0.261496,0.411849,0.000189,0,0.002065,0.00019,0,0.001593,0.000271,0,0.003253,0.000726,0,0.010868,0.00077,0,0.011689,0.663584,0.581248,0.731723,0.000119,0,0.00146,0.000131,0,0.001484,0.000111,0,0.001334,0.000114,0,0.00131,0.000203,0,0.002048,0.000292,0,0.004305,0.000254,0,0.002395,0.000125,0,0.001153
"PH_ML_4.sorted.bam","4","ML",0.172257,0.142826,0.214628,0.001072,0,0.008451,0.002779,0,0.01669,0.003201,0,0.01678,0.007005,0,0.030291,0.004707,0,0.025583,0.801653,0.758185,0.834833,0.007327,0,0.029341,0.000444,0,0.006086,0.000145,0,0.001307,0.000205,0,0.002586,0.000317,0,0.003687,0.000112,0,0.001314,0.000801,0,0.011343,0.00063,0,0.007956,0.000341,0,0.004309,0.00049,0,0.007467,0.000404,0,0.00548,0.00133,0,0.019214,0.00043,0,0.005497,0.000596,0,0.008033,0.001424,0,0.01858,0.001269,0,0.020405,0.000145,0,0.001478,0.000237,0,0.002729,0.000809,0,0.011197,0.000396,0,0.005656,0.002417,0,0.026044,0.002037,0,0.023243,0.340341,0.279923,0.425596,8.5e-05,0,0.000745,0.000403,0,0.005325,0.000385,0,0.00514,0.00411,0,0.048144,0.00038,0,0.004602,0.628129,0.543126,0.685127,0.000716,0,0.010449,0.000384,0,0.005083,0.001229,0,0.016667,0.001928,0,0.024489,0.001166,0,0.018587,0.000955,0,0.0143,0.001344,0,0.018514,0.003465,0,0.026724
"PH_ML_5.sorted.bam","5","ML",0.168512,0.140712,0.211634,0.001017,0,0.007523,0.00075,0,0.00554,0.000756,0,0.005775,0.000822,0,0.006382,0.001363,0,0.009749,0.825553,0.784187,0.854368,0.001227,0,0.007926,0.000108,0,0.001342,0.00019,0,0.002455,0.000418,0,0.005647,0.000183,0,0.0022,0.00011,0,0.001355,9.9e-05,0,0.001032,0.000198,0,0.002376,0.000206,0,0.002775,0.000117,0,0.000943,9.4e-05,0,0.000986,0.000174,0,0.00163,0.000199,0,0.002534,0.00013,0,0.001176,0.000128,0,0.001323,0.000145,0,0.001548,0.000254,0,0.002854,0.000213,0,0.002078,0.000213,0,0.002612,0.000165,0,0.001734,0.000153,0,0.001605,0.000454,0,0.006288,0.335491,0.279339,0.422133,0.000136,0,0.001455,0.000292,0,0.002911,0.00029,0,0.003285,0.00026,0,0.003066,5e-04,0,0.007133,0.656816,0.571968,0.712041,0.000318,0,0.004344,0.000144,0,0.00139,0.000259,0,0.00375,0.00022,0,0.002793,0.00031,0,0.004137,0.000318,0,0.004607,0.000507,0,0.006353,0.000189,0,0.002635
"PH_ML_6.sorted.bam","6","ML",0.176515,0.144002,0.216262,0.000837,0,0.006563,0.001597,0,0.012086,0.001235,0,0.008998,0.001216,0,0.009149,0.001995,0,0.015424,0.814438,0.774306,0.848683,0.002168,0,0.013846,0.000379,0,0.005322,0.00016,0,0.001978,0.000101,0,0.001048,0.000495,0,0.007798,0.000128,0,0.00115,0.000512,0,0.006884,0.000373,0,0.004899,0.000171,0,0.001289,0.000365,0,0.004076,0.000215,0,0.002432,0.000267,0,0.002619,0.000238,0,0.002656,0.000451,0,0.005354,0.000202,0,0.002165,0.000217,0,0.002215,0.000416,0,0.005676,0.000351,0,0.004794,0.000162,0,0.001352,0.000479,0,0.006676,0.000228,0,0.002897,0.000399,0,0.003819,0.350004,0.283908,0.430648,0.000117,0,0.001148,0.000392,0,0.005175,0.000233,0,0.00276,0.000227,0,0.002889,0.000868,0,0.010218,0.638251,0.557673,0.702928,0.000556,0,0.008164,0.000306,0,0.004628,0.000177,0,0.002255,0.000216,0,0.002366,0.000387,0,0.005417,0.00069,0,0.009109,0.000533,0,0.007293,0.000735,0,0.010778
"PH_ML_8.sorted.bam","8","ML",0.241443,0.203886,0.29026,0.00134,0,0.011629,0.012595,0,0.072322,0.069765,0.035743,0.106055,0.006275,0,0.045982,0.013778,0,0.052768,0.621092,0.559974,0.659618,0.033713,0.006589,0.0619,0.000104,0,0.001329,0.00024,0,0.002316,6.6e-05,0,0.000682,0.000173,0,0.002101,0.000275,0,0.002155,0.00048,0,0.006158,0.000181,0,0.002117,0.00016,0,0.002121,0.000533,0,0.006794,7.6e-05,0,0.000844,0.000128,0,0.001211,0.000197,0,0.001699,0.000788,0,0.010187,0.000476,0,0.006248,0.00028,0,0.003037,0.000193,0,0.002075,0.000638,0,0.00927,0.00092,0,0.013488,0.000685,0,0.009343,0.000517,0,0.005773,0.000206,0,0.002298,0.481535,0.406388,0.579456,0.000822,0,0.01384,0.019916,0,0.141028,0.13682,0.06757,0.208657,0.008687,0,0.090296,0.021999,0,0.104058,0.256682,0.145353,0.329088,0.000227,0,0.002567,0.000216,0,0.00198,0.001625,0,0.023807,0.000523,0,0.006691,0.001199,0,0.017607,0.002193,0,0.031959,0.059043,0,0.122138,0.001201,0,0.015954
"PH_OF_10.sorted.bam","10","OF",0.078745,0,0.126327,0.004877,0,0.028366,0.654627,0.556694,0.832948,0.103935,0.061679,0.150898,0.025734,0,0.090103,0.001897,0,0.015379,0.073847,0,0.113455,0.056338,0.021662,0.093881,0.000168,0,0.002063,0.000991,0,0.012793,0.000366,0,0.00383,0.002099,0,0.034416,0.001343,0,0.020933,0.522548,0.399824,0.686116,0.001159,0,0.014324,0.000844,0,0.01078,0.179106,0,0.291921,0.000646,0,0.009015,0.002683,0,0.034214,0.000562,0,0.006585,0.001716,0,0.02374,0.02184,0,0.177609,0.001154,0,0.015534,0.000591,0,0.00839,0.000847,0,0.010447,0.000244,0,0.002612,0.000314,0,0.003758,0.000497,0,0.003696,0.000305,0,0.003022,0.146229,0,0.225846,0.000301,0,0.003579,0.000291,0,0.003632,0.000171,0,0.001113,0.000179,0,0.002317,0.000138,0,0.000986,0.000102,0,9e-04,0.003403,0,0.052092,0.004135,0,0.048773,0.079359,0,0.184383,0.003145,0,0.048408,0.021683,0,0.115243,0.000553,0,0.007177,0.00018,0,0.001799,0.000109,0,0.001116
"PH_OF_11.sorted.bam","11","OF",0.119797,0.060369,0.164176,0.001888,0,0.01485,0.586946,0.499552,0.736732,0.068654,0.036242,0.103558,0.075437,0.038601,0.120134,0.002061,0,0.015143,0.096726,2e-06,0.14275,0.048491,0.000856,0.084114,0.004315,0,0.038901,0.00026,0,0.003104,0.000281,0,0.002597,0.001991,0,0.02374,0.00054,0,0.007034,0.555728,0.456034,0.733259,0.000402,0,0.004396,0.000559,0,0.006665,0.001223,0,0.018042,0.000991,0,0.014683,0.024598,0,0.18273,5e-04,0,0.005739,0.002341,0,0.036226,0.116394,0,0.194712,0.000746,0,0.008827,0.000436,0,0.005548,0.000182,0,0.002277,0.000279,0,0.003703,0.000616,0,0.006618,0.00026,0,0.002915,0.000778,0,0.0101,0.191544,0,0.284109,0.000261,0,0.002988,0.000263,0,0.002217,0.000346,0,0.003785,0.000184,0,0.002032,0.000148,0,0.001361,9.3e-05,0,0.001086,0.011732,0,0.09006,0.000912,0,0.013139,0.055797,0,0.154126,0.015787,0,0.123975,0.005103,0,0.060724,0.000647,0,0.009148,0.000519,0,0.005643,0.003242,0,0.037912
"PH_OF_12.sorted.bam","12","OF",0.105536,1.1e-05,0.148072,0.000877,0,0.007345,0.644829,0.555522,0.806268,0.062827,0.023178,0.103524,0.026587,0,0.09924,0.001489,0,0.011617,0.109946,0.039322,0.145792,0.047908,2.8e-05,0.080813,0.000203,0,0.002386,0.000134,0,0.001124,0.000134,0,0.001191,0.000508,0,0.00531,0.000457,0,0.004646,0.609658,0.432969,0.74314,0.000734,0,0.0066,0.000202,0,0.001676,0.026949,0,0.191097,0.000448,0,0.005042,0.000763,0,0.010357,0.000123,0,0.00137,0.028139,0,0.187449,0.013766,0,0.110761,0.000982,0,0.016298,0.000422,0,0.005638,0.000106,0,0.000847,0.000176,0,0.001995,0.001137,0,0.015836,0.000178,0,0.001182,0.00027,0,0.003476,0.207552,0,0.289053,0.000223,0,0.001999,0.000358,0,0.003765,0.010043,0,0.104446,0.000336,0,0.002658,0.000149,0,0.00137,0.000345,0,0.003805,0.000554,0,0.00601,0.000242,0,0.002976,0.013757,0,0.138068,0.071928,0,0.152527,0.007905,0,0.098981,0.00027,0,0.003484,0.000541,0,0.007163,0.000309,0,0.003921
"PH_OF_3.sorted.bam","3","OF",0.112428,0.04629,0.150186,0.001053,0,0.00834,0.59591,0.505887,0.750661,0.086707,0.046633,0.127306,0.022815,0,0.081821,0.001129,0,0.009832,0.10982,0.036075,0.146258,0.070138,0.039297,0.102376,0.000139,0,0.001407,0.000309,0,0.003441,0.00017,0,0.002091,0.001391,0,0.017141,0.000189,0,0.001728,0.476787,0.35762,0.615619,0.000792,0,0.010814,0.000216,0,0.001918,0.115552,0,0.245689,0.002174,0,0.030358,0.000476,0,0.005487,0.000444,0,0.004778,0.003024,0,0.040281,0.037279,0,0.160893,0.001053,0,0.014007,0.000237,0,0.002146,0.000127,0,0.001108,0.000465,0,0.005007,0.000507,0,0.006136,0.000149,0,0.001267,0.000175,0,0.001484,0.21686,0.061729,0.28939,0.00031,0,0.003625,0.000497,0,0.005423,0.000231,0,0.00252,0.000151,0,0.001237,0.000138,0,0.001178,0.000275,0,0.003657,0.004513,0,0.054461,0.000172,0,0.002172,0.117127,0,0.197126,0.014487,0,0.135496,0.002002,0,0.031717,0.000286,0,0.002616,0.000903,0,0.013292,0.000393,0,0.005263
"PH_OF_4.sorted.bam","4","OF",0.076853,1.1e-05,0.118734,0.001859,0,0.01333,0.722804,0.621744,0.898413,0.05341,0.022802,0.09334,0.024069,0,0.07956,0.001429,0,0.011446,0.074269,1e-06,0.114955,0.045308,0.01039,0.072488,0.000301,0,0.002959,0.000296,0,0.003277,0.000168,0,0.001484,0.001668,0,0.025186,0.000473,0,0.005992,0.705971,0.576619,0.895344,0.003314,0,0.039362,6e-04,0,0.007041,0.007124,0,0.080335,0.000471,0,0.005978,0.00161,0,0.015713,0.000533,0,0.006805,0.021441,0,0.142311,0.020642,0,0.136818,0.000988,0,0.015011,0.000473,0,0.004924,0.000364,0,0.003752,0.000197,0,0.002207,0.000315,0,0.003476,0.000289,0,0.0033,0.000124,0,0.001534,0.141848,0,0.226791,0.000543,0,0.007371,0.002044,0,0.03161,0.002421,0,0.041649,0.000471,0,0.005842,0.000345,0,0.002478,9.1e-05,0,0.000861,0.003893,0,0.049719,0.000571,0,0.007663,0.000718,0,0.008271,0.071461,0,0.136913,0.001175,0,0.018848,0.000627,0,0.005391,0.000685,0,0.006468,0.005743,0,0.046541
"PH_OF_5.sorted.bam","5","OF",0.087418,0.03188,0.121219,0.001472,0,0.012636,0.641221,0.553854,0.787014,0.094028,0.054309,0.1409,0.060929,0,0.118989,0.001667,0,0.013189,0.0879,0.030516,0.123435,0.025364,0,0.077297,0.000465,0,0.004006,0.000424,0,0.005083,0.000245,0,0.002142,0.00042,0,0.00492,0.000296,0,0.002117,0.614609,0.50864,0.772917,0.000513,0,0.007736,0.000313,0,0.003697,0.045634,0,0.258037,0.001416,0,0.019484,0.001353,0,0.01669,0.000588,0,0.006654,0.004011,0,0.058621,0.103702,0,0.231962,0.001651,0,0.022704,0.000178,0,0.002252,0.000156,0,0.001589,0.000429,0,0.004076,0.000353,0,0.005157,0.000211,0,0.002045,0.000192,0,0.0021,0.168722,0.058552,0.236693,0.000411,0,0.003186,0.001068,0,0.008209,0.00127,0,0.013098,0.000737,0,0.009454,0.000433,0,0.005193,0.000459,0,0.006302,0.002297,0,0.028457,0.000265,0,0.002479,0.001367,0,0.017093,0.033439,0,0.150579,0.007953,0,0.085448,0.001192,0,0.016732,0.00224,0,0.03303,0.000987,0,0.01403
"PH_OF_6.sorted.bam","6","OF",0.141588,0.000154,0.183735,0.001483,0,0.011881,0.367046,0.314549,0.540075,0.124866,0.081753,0.170567,0.097903,0.046864,0.156279,0.000797,0,0.006475,0.149117,0.082398,0.185136,0.117201,0.084269,0.153195,4.6e-05,0,0.000487,0.000197,0,0.002442,7.1e-05,0,0.000687,0.003859,0,0.031364,0.001108,0,0.016142,0.034055,0,0.271951,0.000289,0,0.002391,0.000197,0,0.002031,0.231474,0,0.336599,8.4e-05,0,0.000655,0.000205,0,0.001765,0.000308,0,0.003832,0.194123,0.092018,0.310286,0.000393,0,0.00257,0.000125,0,0.000868,0.000161,0,0.001338,0.000284,0,0.004357,0.000382,0,0.005189,0.000199,0,0.001351,0.000127,0,0.00116,0.000102,0,0.000935,0.278087,0,0.365506,0.000521,0,0.00702,0.002313,0,0.02942,0.016648,0,0.193165,0.000151,0,0.00168,0.000121,0,0.001288,4.2e-05,0,0.000438,0.000285,0,0.002483,0.000209,0,0.001349,0.232722,0.166653,0.304773,0.000364,0,0.004098,0.000249,0,0.002477,0.000114,0,0.001076,0.000309,0,0.00368,7.5e-05,0,0.000855
"PH_OF_7.sorted.bam","7","OF",0.142425,9e-06,0.190622,0.00113,0,0.009023,0.343952,0.288297,0.423132,0.12862,0.090178,0.170441,0.138939,0.08072,0.247847,0.001686,0,0.016384,0.15035,0.072354,0.189992,0.092897,0.061049,0.131878,2.6e-05,0,0.000256,0.000173,0,0.002381,2.7e-05,0,0.000285,0.000513,0,0.006687,0.000996,0,0.013941,0.000133,0,0.001197,0.00147,0,0.014527,0.000103,0,0.001019,0.229936,0.067108,0.320535,3.6e-05,0,0.000319,0.000149,0,0.001523,0.000238,0,0.002254,0.271031,0.155511,0.493383,0.005718,0,0.076739,8.8e-05,0,0.000639,0.000162,0,0.001876,0.000279,0,0.003468,0.000394,0,0.005032,0.001942,0,0.029419,0.000243,0,0.002455,4.4e-05,0,0.000508,0.282124,0,0.378932,0.000218,0,0.002525,2e-04,0,0.001978,0.017776,0,0.171851,0.000107,0,0.000921,7.8e-05,0,0.000753,2.8e-05,0,0.000291,0.000209,0,0.001704,0.000198,0,0.002052,0.184568,0.120018,0.262813,0.000223,0,0.002869,0.000217,0,0.002349,0.000186,0,0.001717,0.000141,0,0.001535,2.6e-05,0,0.000256
"PH_PC_10.sorted.bam","10","PC",0.105136,0.004042,0.151006,0.001021,0,0.009124,0.790664,0.705728,0.983179,0.002236,0,0.016458,0.004748,0,0.030352,0.013263,0,0.058607,0.081772,0,0.136135,0.001159,0,0.009663,0.000391,0,0.004122,0.000435,0,0.004325,8.6e-05,0,0.000968,0.054966,0,0.283278,0.000411,0,0.005069,0.747443,0.545569,0.980568,0.000737,0,0.009567,0.000198,0,0.001736,0.001192,0,0.01818,0.000128,0,0.001315,0.001822,0,0.026011,0.000241,0,0.002661,0.00168,0,0.020413,0.000777,0,0.009738,0.001648,0,0.020397,0.003944,0,0.048131,0.000186,0,0.001861,0.014198,0,0.109267,0.000704,0,0.008869,0.00095,0,0.011797,0.002727,0,0.034112,0.147293,0,0.270547,0.000224,0,0.002447,0.013738,0,0.133969,0.000463,0,0.006403,0.000494,0,0.005679,0.000535,0,0.006541,0.000156,0,0.001798,0.000294,0,0.002984,0.000174,0,0.001873,0.000257,0,0.002526,0.000145,0,0.001755,0.000236,0,0.003032,0.000556,0,0.00721,0.000485,0,0.00467,8.5e-05,0,0.000893
"PH_PC_11.sorted.bam","11","PC",0.103467,1e-06,0.14687,0.003517,0,0.020277,0.765558,0.680208,0.942728,0.002725,0,0.019326,0.001914,0,0.016323,0.015529,0,0.051385,0.106293,0.020573,0.145789,0.000998,0,0.007146,0.000101,0,0.000927,0.000592,0,0.008326,0.000107,0,0.001075,0.000621,0,0.008009,0.002227,0,0.027435,0.759563,0.659448,0.94012,0.000223,0,0.002067,0.000477,0,0.00658,0.001041,0,0.011822,0.000903,0,0.012466,0.000769,0,0.00702,0.000567,0,0.008839,0.000752,0,0.009945,0.000241,0,0.002348,0.000303,0,0.003609,0.000877,0,0.010512,0.002407,0,0.031582,0.006967,0,0.063433,0.001236,0,0.017358,0.000445,0,0.005743,0.005293,0,0.037555,0.203425,0,0.290602,0.000222,0,0.002635,0.000156,0,0.001433,0.000177,0,0.001514,0.000328,0,0.003638,0.007942,0,0.076659,0.000105,0,0.001003,0.000224,0,0.002949,0.000329,0,0.004516,0.000226,0,0.002585,0.000248,0,0.002994,0.000118,0,0.001431,0.000599,0,0.008762,0.000127,0,0.001492,6.2e-05,0,0.000677
"PH_PC_12.sorted.bam","12","PC",0.094145,0.001448,0.135703,0.001903,0,0.012815,0.782255,0.695581,0.948689,0.004167,0,0.026752,0.015493,0,0.058386,0.019894,0,0.065921,0.080686,0,0.127565,0.001457,0,0.011284,0.000411,0,0.005351,0.000625,0,0.008593,0.000298,0,0.003421,0.003409,0,0.043739,0.000941,0,0.01121,0.772026,0.662943,0.944247,0.000672,0,0.006817,0.000395,0,0.005229,0.00119,0,0.014171,0.000625,0,0.00858,0.005699,0,0.058729,0.000408,0,0.005565,0.008082,0,0.093046,0.002172,0,0.029227,0.00392,0,0.043451,0.017642,0,0.11619,0.000427,0,0.004367,0.005991,0,0.075427,0.002103,0,0.030565,0.005299,0,0.051132,0.003801,0,0.037929,0.158843,0,0.25311,0.000142,0,0.001528,0.000547,0,0.004351,0.000235,0,0.002372,0.000796,0,0.005433,0.000327,0,0.003861,0.000167,0,0.001915,0.000578,0,0.006135,0.000271,0,0.003667,0.000298,0,0.003262,0.000318,0,0.003461,0.000688,0,0.009668,0.000397,0,0.0045,0.000148,0,0.001259,0.000108,0,0.001203
"PH_PC_1.sorted.bam","1","PC",0.112499,3.8e-05,0.155497,0.002763,0,0.020099,0.759468,0.677552,0.934162,0.001464,0,0.011358,0.002064,0,0.01573,0.006577,0,0.041965,0.114221,0.025895,0.154464,0.000943,0,0.006868,0.000102,0,0.001161,0.00035,0,0.003667,0.000176,0,0.001568,0.000564,0,0.004382,0.001514,0,0.021005,0.756811,0.668842,0.933025,0.00041,0,0.004844,0.000182,0,0.001709,0.00064,0,0.00959,0.000166,0,0.001567,0.00054,0,0.00672,0.000322,0,0.003676,0.000761,0,0.007031,0.000374,0,0.003126,0.000176,0,0.001914,0.001111,0,0.018435,0.002139,0,0.028222,0.001275,0,0.013729,0.000407,0,0.00432,0.001004,0,0.013276,0.001086,0,0.015256,0.221589,0,0.306819,0.000523,0,0.004883,0.000196,0,0.002176,0.000422,0,0.004386,0.000548,0,0.006899,0.004723,0,0.069752,0.000119,0,0.001195,0.00023,0,0.002613,0.000144,0,0.001084,0.000364,0,0.003567,0.000162,0,0.001901,0.000228,0,0.003061,0.000323,0,0.00397,0.000203,0,0.002342,0.000116,0,0.00101
"PH_PC_2.sorted.bam","2","PC",0.103037,0.002171,0.151431,0.00117,0,0.008903,0.736928,0.639201,0.928973,0.019356,0,0.054774,0.001704,0,0.012737,0.037986,0.007001,0.08189,0.099059,0.000137,0.142335,0.000759,0,0.006285,9.2e-05,0,0.000829,0.00018,0,0.001912,7.8e-05,0,0.000883,0.000446,0,0.005469,0.000282,0,0.003427,0.718513,0.627042,0.876904,0.000975,0,0.014057,2e-04,0,0.002466,0.00253,0,0.034077,8.5e-05,0,0.000935,0.000378,0,0.004612,0.000249,0,0.00273,0.000615,0,0.006127,0.000624,0,0.007617,0.000292,0,0.002722,0.008305,0,0.079408,0.000879,0,0.011761,0.032437,0,0.157519,0.032876,0,0.104329,0.000545,0,0.008353,0.000189,0,0.001684,0.195374,0,0.28262,0.000289,0,0.002961,0.000311,0,0.002471,0.001216,0,0.016155,0.000224,0,0.002522,0.000301,0,0.004201,0.000122,0,0.000941,0.000233,0,0.002145,0.000105,0,0.00093,0.000208,0,0.001753,0.000121,0,0.00126,0.000188,0,0.002155,0.000252,0,0.002324,0.000161,0,0.001335,0.000125,0,0.001346
"PH_PC_3.sorted.bam","3","PC",0.132773,5.1e-05,0.182704,0.001551,0,0.011901,0.472063,0.374346,0.664297,0.074413,0.028552,0.118368,0.164561,0.108091,0.229834,0.02136,0,0.073679,0.132317,0.000328,0.181168,0.000962,0,0.009192,3.6e-05,0,0.000349,0.000424,0,0.006254,5e-05,0,0.000425,0.000962,0,0.010996,0.001074,0,0.009349,0.241053,0.078105,0.471726,0.000137,0,0.001498,0.000151,0,0.001697,0.118993,0,0.236389,4.3e-05,0,0.000423,0.000195,0,0.001903,0.000236,0,0.002573,0.327445,0.214948,0.457536,0.000522,0,0.005978,7.1e-05,0,0.000785,0.000162,0,0.001699,0.000786,0,0.010442,0.012299,0,0.092902,0.028502,0,0.143596,0.000348,0,0.004189,0.000111,0,9e-04,0.263485,0,0.360942,0.00018,0,0.002147,0.000275,0,0.002076,0.00028,0,0.002717,0.000117,0,0.001118,0.000149,0,0.001473,2.8e-05,0,0.000284,0.000109,0,0.001222,0.00015,0,0.001264,0.000971,0,0.016079,0.000156,0,0.001171,0.000116,0,0.001258,0.000252,0,0.002862,9.3e-05,0,0.001009,3.9e-05,0,0.000397
"PH_PC_4.sorted.bam","4","PC",0.136451,0.018107,0.181671,0.004879,0,0.030116,0.656377,0.568184,0.831406,0.01403,0,0.046104,0.023892,0,0.091475,0.026845,0,0.095485,0.136326,0.02102,0.180118,0.0012,0,0.009139,6.6e-05,0,0.000684,0.000245,0,0.002895,0.000103,0,0.001098,0.000612,0,0.004938,0.001662,0,0.024321,0.617948,0.499915,0.757028,0.000517,0,0.007202,0.000311,0,0.003449,0.006774,0,0.075407,0.000128,0,0.00147,0.002136,0,0.032908,0.001212,0,0.015228,0.034251,0,0.180599,0.006176,0,0.058697,0.000264,0,0.003212,0.00027,0,0.002427,0.003467,0,0.044892,0.032496,0,0.182705,0.013388,0,0.076883,0.002996,0,0.041258,0.00019,0,0.001662,0.268733,0,0.358476,0.002375,0,0.037312,0.000422,0,0.00588,0.000343,0,0.003784,0.000302,0,0.003462,0.000226,0,0.002712,4.7e-05,0,0.000599,0.000259,0,0.002343,0.00028,0,0.003146,0.00064,0,0.009103,0.000293,0,0.003137,0.000182,0,0.001622,0.000469,0,0.006707,0.000157,0,0.001574,6.1e-05,0,0.000701
"PH_PC_5.sorted.bam","5","PC",0.12228,0.047329,0.159841,0.001666,0,0.013222,0.732865,0.650161,0.884894,0.006498,0,0.034402,0.010265,0,0.048698,0.003894,0,0.02634,0.12135,0.048095,0.157525,0.001182,0,0.009103,0.000192,0,0.002101,0.000459,0,0.005669,0.000179,0,0.001754,0.000878,0,0.011986,0.000559,0,0.005281,0.72701,0.631901,0.88382,0.000556,0,0.006304,0.000441,0,0.004638,0.003306,0,0.046056,0.000281,0,0.002882,0.000835,0,0.009955,0.000591,0,0.006794,0.005258,0,0.067814,0.005516,0,0.053198,0.003378,0,0.038399,0.000842,0,0.013522,0.000558,0,0.006275,0.00082,0,0.010219,0.001742,0,0.023726,0.000816,0,0.009966,0.00119,0,0.01526,0.240405,0.091512,0.313413,0.000254,0,0.003078,0.000275,0,0.002076,0.000667,0,0.009846,0.000328,0,0.003626,0.000388,0,0.003458,0.000138,0,0.001463,0.000201,0,0.00246,0.000112,0,0.001056,0.000616,0,0.006886,0.000205,0,0.002792,0.000431,0,0.006493,0.000242,0,0.002444,0.000108,0,0.001032,0.000224,0,0.002983
"PH_PC_6.sorted.bam","6","PC",0.108339,0.027383,0.15225,0.013571,0,0.047369,0.737788,0.650921,0.897666,0.002824,0,0.020652,0.004729,0,0.032386,0.045657,0.00154,0.084204,0.086344,1e-06,0.132439,0.000748,0,0.00586,0.000576,0,0.008317,0.002418,0,0.036331,0.009527,0,0.044648,0.007535,0,0.094243,0.001297,0,0.015133,0.727416,0.627294,0.888954,0.000378,0,0.003966,0.001,0,0.013968,0.002116,0,0.031785,0.000269,0,0.003001,0.002086,0,0.034592,0.001264,0,0.019996,0.000957,0,0.007186,0.000523,0,0.007961,0.000794,0,0.011417,0.034131,0,0.130498,0.001261,0,0.01884,0.007022,0,0.096286,0.000434,0,0.005482,0.002253,0,0.030579,0.022937,0,0.071787,0.168641,0,0.263954,0.000635,0,0.007653,0.001654,0,0.017891,0.000552,0,0.007679,0.000568,0,0.008155,0.000185,0,0.001251,0.000151,0,0.001354,0.000338,0,0.003385,0.000213,0,0.002892,0.00016,0,0.001393,0.000107,0,0.0012,0.000218,0,0.00247,0.000152,0,0.001647,0.000151,0,0.001532,7.9e-05,0,0.000754
"PH_PC_7.sorted.bam","7","PC",0.205003,0.095829,0.244928,0.001187,0,0.010194,0.293798,0.253315,0.40265,0.000825,0,0.007855,0.081028,0.023568,0.143082,0.111381,0.077597,0.160777,0.206143,0.120485,0.244666,0.100634,0.074941,0.127943,3.5e-05,0,0.000377,0.000458,0,0.003173,4.1e-05,0,0.000344,0.000408,0,0.004193,0.001098,0,0.015316,0.00031,0,0.00288,0.000103,0,0.001012,9.5e-05,0,0.000933,0.000731,0,0.009116,3.2e-05,0,0.000289,0.000339,0,0.002767,8.2e-05,0,0.000871,0.160823,0.038679,0.285861,0.000104,0,0.0011,5.7e-05,0,0.000539,0.000217,0,0.002617,0.000245,0,0.002792,0.220815,0.152054,0.320396,0.000376,0,0.003916,0.000315,0,0.002365,4.7e-05,0,0.000416,0.403427,0.100633,0.488239,0.000174,0,0.001728,0.008138,0,0.157658,9.5e-05,0,0.000922,0.000104,0,0.000953,6.1e-05,0,0.000662,3.1e-05,0,0.000278,0.004983,0,0.074125,0.00014,0,0.001551,0.194962,0.120662,0.253348,8.3e-05,0,0.000841,0.000175,0,0.002116,0.000638,0,0.009296,0.000225,0,0.002279,3.1e-05,0,0.000288
"PH_PC_8.sorted.bam","8","PC",0.09193,0.000154,0.132019,0.001489,0,0.010761,0.709087,0.61806,0.906125,0.032881,2e-06,0.061627,0.032991,1e-06,0.068141,0.039095,0.002378,0.075135,0.091594,0.00048,0.13109,0.000933,0,0.008238,7.2e-05,0,0.000561,0.000253,0,0.002414,0.000183,0,0.002581,0.000353,0,0.00476,0.000482,0,0.005672,0.699654,0.605069,0.902096,0.000243,0,0.0025,0.000177,0,0.001916,0.005052,0,0.075011,0.000208,0,0.002194,0.001633,0,0.025613,0.000466,0,0.00626,0.008767,0,0.113356,0.043213,0,0.112365,0.003554,0,0.045797,0.000632,0,0.007144,0.000717,0,0.010456,0.003608,0,0.053403,0.015131,0,0.106451,0.004158,0,0.061673,0.026674,0,0.068917,0.180419,0,0.260759,0.000373,0,0.003171,0.000371,0,0.003921,0.001278,0,0.014374,0.000242,0,0.001597,0.000218,0,0.002428,8.6e-05,0,7e-04,0.000184,0,0.002351,0.000144,0,0.001405,0.000233,0,0.002369,0.000251,0,0.001982,0.000395,0,0.003491,0.000377,0,0.003173,0.000115,0,0.00112,8.3e-05,0,0.000876
"PH_PC_9.sorted.bam","9","PC",0.091979,4e-06,0.133576,0.003379,0,0.021334,0.77015,0.682841,0.935394,0.000938,0,0.00761,0.007547,0,0.041339,0.033347,4e-06,0.075749,0.092091,3.1e-05,0.132764,0.000567,0,0.004511,0.000102,0,0.001283,0.000514,0,0.005182,0.000652,0,0.009675,0.001056,0,0.012504,0.000265,0,0.002541,0.755964,0.6637,0.893314,0.000101,0,0.001086,0.000256,0,0.002809,9.5e-05,0,0.000669,0.000123,0,0.001405,0.00033,0,0.00356,0.001454,0,0.022144,0.007619,0,0.070692,0.000226,0,0.002766,0.00209,0,0.029651,0.000458,0,0.005222,0.002367,0,0.034589,0.018656,0,0.141832,0.000497,0,0.006088,0.000434,0,0.005363,0.021756,0,0.063348,0.181166,0,0.263321,0.00042,0,0.00523,0.000494,0,0.004536,0.000373,0,0.004643,0.000667,0,0.008053,0.00062,0,0.006585,0.000187,0,0.002394,0.000132,0,0.001325,0.000178,0,0.00209,0.000187,0,0.002105,8.3e-05,0,0.000896,0.000185,0,0.00188,0.000152,0,0.002035,6.7e-05,0,0.000578,7.5e-05,0,0.000889
"PH_PM_10.sorted.bam","10","PM",0.004416,0,0.023173,0.002639,0,0.019004,0.000596,0,0.004497,0.010138,0,0.035265,0.000821,0,0.006833,0.000334,0,0.002803,0.000472,0,0.003772,0.980583,0.957567,0.998961,0.003627,0,0.022856,0.000255,0,0.003942,0.001873,0,0.018457,0.000178,0,0.002075,0.000178,0,0.002064,0.000152,0,0.001353,0.00056,0,0.007577,0.00052,0,0.007652,0.000213,0,0.002592,0.009216,0,0.034689,0.000183,0,0.001979,0.000175,0,0.001858,0.000128,0,0.001489,0.000218,0,0.002328,0.000302,0,0.00385,0.000114,0,0.00113,0.000112,0,0.001169,6.5e-05,0,0.000624,4.4e-05,0,0.000461,6.3e-05,0,0.000578,7.2e-05,0,0.000727,0.000183,0,0.002061,0.000115,0,0.001228,6.8e-05,0,0.000612,6.9e-05,0,0.000701,8e-05,0,0.00098,6.1e-05,0,0.000472,0.00011,0,0.001275,0.000104,0,0.000968,0.000178,0,0.00206,5.9e-05,0,0.00068,0.00022,0,0.002415,0.000192,0,0.001583,6.6e-05,0,0.000709,0.000147,0,0.00123,0.9801,0.957106,0.99884
"PH_PM_11.sorted.bam","11","PM",0.001807,0,0.013921,0.006642,0,0.042464,0.029605,2.9e-05,0.067397,0.002595,0,0.017994,0.002846,0,0.021503,0.000811,0,0.006202,0.007614,0,0.027508,0.948079,0.917318,0.976307,0.000196,0,0.001662,0.00033,0,0.00387,0.004603,0,0.040974,0.001313,0,0.019726,0.001086,0,0.017548,0.022727,0,0.067071,0.000185,0,0.002214,0.00088,0,0.012772,0.000553,0,0.008509,0.001065,0,0.014562,0.000198,0,0.002237,0.000425,0,0.005413,0.002439,0,0.033588,0.000332,0,0.003799,0.000715,0,0.007807,0.000189,0,0.001929,0.000204,0,0.002543,0.000203,0,0.002809,0.000161,0,0.001878,9.3e-05,0,0.001047,0.000158,0,0.001716,0.000642,0,0.009371,0.000521,0,0.00681,0.007749,0,0.04709,0.000719,0,0.010643,0.00038,0,0.005799,0.000198,0,0.002113,0.001776,0,0.019356,0.000364,0,0.003656,0.000632,0,0.008141,0.000413,0,0.004441,0.000232,0,0.002745,0.000393,0,0.005569,0.000259,0,0.002912,0.001466,0,0.01873,0.946199,0.914142,0.975017
"PH_PM_12.sorted.bam","12","PM",0.001118,0,0.007455,0.004306,0,0.026826,0.001063,0,0.00912,0.004177,0,0.027135,0.007123,0,0.036185,0.000687,0,0.005129,0.002629,0,0.015983,0.978898,0.953048,0.998969,0.000215,0,0.003104,0.000228,0,0.002737,0.003218,0,0.026648,0.000112,0,0.001248,0.00019,0,0.002306,0.000433,0,0.006143,0.000252,0,0.00344,0.000447,0,0.005521,0.000265,0,0.002903,0.003035,0,0.026386,0.000318,0,0.004058,0.00045,0,0.006212,0.000304,0,0.003733,0.000628,0,0.009013,0.005562,0,0.035565,0.000182,0,0.002366,0.00016,0,0.001624,7.7e-05,0,0.00071,0.00014,0,0.001489,0.000138,0,0.001322,0.000131,0,0.001538,0.000495,0,0.006964,0.000232,0,0.002989,0.000135,0,0.001357,0.000314,0,0.002081,0.000666,0,0.009015,0.000289,0,0.003825,0.001478,0,0.015206,0.000221,0,0.002636,0.000469,0,0.005436,0.000177,0,0.001823,0.000237,0,0.002316,0.000618,0,0.007219,0.000125,0,0.00129,0.000169,0,0.001849,0.977891,0.951082,0.998793
"PH_PM_1.sorted.bam","1","PM",0.016563,0,0.034407,0.001493,0,0.010505,0.00849,0,0.040466,0.023445,0.000458,0.048293,0.001963,0,0.01474,0.003742,0,0.019515,0.003954,0,0.018499,0.940351,0.912708,0.963676,0.000551,0,0.008365,0.000668,0,0.007751,0.000229,0,0.003045,0.001992,0,0.034852,0.000407,0,0.005672,0.003416,0,0.038622,0.025536,0,0.064097,0.000596,0,0.008682,0.003686,0,0.050415,0.00671,0,0.046707,0.000683,0,0.00938,0.000197,0,0.001781,0.000654,0,0.008326,0.000749,0,0.009185,0.000357,0,0.004274,0.00057,0,0.008721,0.000174,0,0.001869,0.001995,0,0.023196,0.000467,0,0.0043,0.000197,0,0.001774,0.00146,0,0.014324,0.002255,0,0.024252,0.000143,0,0.001538,0.000832,0,0.010328,0.001818,0,0.023652,0.000446,0,0.006373,0.000825,0,0.011655,0.000503,0,0.006941,0.000319,0,0.002747,0.000343,0,0.003904,0.000582,0,0.006935,0.000618,0,0.008353,0.000285,0,0.00348,0.000337,0,0.004578,0.000582,0,0.007513,0.938818,0.908705,0.962987
"PH_PM_2.sorted.bam","2","PM",0.051253,0.028278,0.07588,0.001861,0,0.014778,0.005346,0,0.043358,0.038146,0.003611,0.071791,0.004056,0,0.035594,0.007558,0,0.035987,0.056094,0.028657,0.080692,0.835685,0.80627,0.863708,5.5e-05,0,0.000555,0.000193,0,0.00225,7.5e-05,0,0.000766,0.000222,0,0.002858,0.000189,0,0.002454,0.000119,0,0.001081,0.000171,0,0.001342,0.000262,0,0.002868,0.000551,0,0.007441,0.000106,0,0.001046,0.000197,0,0.002056,0.000252,0,0.003193,0.000236,0,0.002754,0.001021,0,0.016336,0.000142,0,0.0015,0.000313,0,0.004025,0.000468,0,0.006331,0.000387,0,0.004455,0.001712,0,0.025598,0.000259,0,0.002973,0.000245,0,0.002765,0.000356,0,0.002626,0.000231,0,0.003079,0.00016,0,0.001896,0.00033,0,0.003421,0.000139,0,0.001404,0.000203,0,0.002368,6.3e-05,0,0.000637,0.100945,0.054735,0.150855,0.001977,0,0.027231,0.00871,0,0.08575,0.072032,0,0.142717,0.005725,0,0.070693,0.011285,0,0.071039,0.110641,0.05547,0.160387,0.680027,0.620686,0.740665
"PH_PM_3.sorted.bam","3","PM",0.000773,0,0.006459,0.004078,0,0.022389,0.001089,0,0.008454,0.005491,0,0.027923,0.002355,0,0.014394,0.001046,0,0.00748,0.002653,0,0.01483,0.982517,0.959532,0.999206,0.000192,0,0.002018,0.00011,0,0.001102,0.00255,0,0.02199,0.000169,0,0.002001,0.000243,0,0.002886,0.000252,0,0.002916,0.000207,0,0.002214,0.000955,0,0.013801,0.000508,0,0.006627,0.00283,0,0.027288,0.000183,0,0.001782,0.00066,0,0.009537,0.000322,0,0.003931,0.00132,0,0.018158,0.000496,0,0.006388,0.000111,0,0.001277,0.000415,0,0.006222,0.000139,0,0.001336,0.000309,0,0.004106,0.000326,0,0.004376,0.000206,0,0.002322,0.000257,0,0.003356,0.000354,0,0.005083,0.000151,0,0.001631,0.001507,0,0.017013,0.000526,0,0.006316,0.000283,0,0.003749,0.000978,0,0.012562,0.000124,0,0.001045,0.000319,0,0.003145,0.00014,0,0.001219,0.000516,0,0.006283,0.00038,0,0.005822,9.5e-05,0,0.001201,0.000271,0,0.003253,0.981594,0.956595,0.999076
"PH_PM_4.sorted.bam","4","PM",0.002365,0,0.014931,0.003598,0,0.020267,0.001393,0,0.009865,0.001916,0,0.015066,0.018264,0,0.047628,0.002942,0,0.019643,0.001443,0,0.010571,0.96808,0.941537,0.991596,0.00091,0,0.012476,0.000488,0,0.006888,0.001549,0,0.018213,0.000345,0,0.004827,0.000387,0,0.005714,0.000282,0,0.002962,0.000312,0,0.004264,0.000266,0,0.003454,0.000487,0,0.005774,0.000456,0,0.006352,0.000849,0,0.012139,0.001706,0,0.022412,0.000396,0,0.004538,0.001114,0,0.020165,0.015111,0,0.04675,0.000507,0,0.008127,0.000313,0,0.004201,0.000291,0,0.003732,0.000193,0,0.00219,0.00099,0,0.014901,0.0013,0,0.01835,0.00026,0,0.002954,0.000391,0,0.005024,0.000187,0,0.002,0.000253,0,0.003589,0.000613,0,0.008664,0.00043,0,0.005349,0.000294,0,0.004104,0.000148,0,0.001254,0.000546,0,0.006507,0.000129,0,0.001166,0.000295,0,0.00256,0.000637,0,0.009568,0.000558,0,0.006578,0.000163,0,0.001111,0.966842,0.939087,0.991122
"PH_PM_6.sorted.bam","6","PM",0.000758,0,0.005756,0.001044,0,0.009277,0.001012,0,0.008017,0.007655,0,0.03548,0.001583,0,0.010512,0.000583,0,0.004463,0.003689,0,0.019237,0.983676,0.957262,0.999571,0.000239,0,0.002875,8.5e-05,0,0.000828,0.000551,0,0.007697,0.000168,0,0.001989,9.9e-05,0,0.000867,0.000202,0,0.002224,0.000183,0,0.002291,0.000106,0,0.001173,4e-04,0,0.00386,0.006472,0,0.034861,0.000144,0,0.001728,0.000307,0,0.003961,0.000305,0,0.00393,0.000621,0,0.009102,0.000426,0,0.006618,0.000118,0,0.001225,0.000111,0,0.001364,0.000112,0,0.001288,0.000118,0,0.001309,0.000152,0,0.001463,7.1e-05,0,0.000832,0.000161,0,0.002033,0.000214,0,0.002814,0.000401,0,0.005034,0.000551,0,0.00729,0.000623,0,0.008746,0.000346,0,0.004624,0.002444,0,0.018856,0.000179,0,0.002205,6.3e-05,0,0.000644,0.000132,0,0.001351,0.000385,0,0.004307,0.000162,0,0.001626,6.7e-05,0,0.000703,0.000193,0,0.002188,0.983085,0.956631,0.99952
"PH_PM_7.sorted.bam","7","PM",0.003257,0,0.017331,0.00134,0,0.009637,0.000806,0,0.006639,0.002252,0,0.014795,0.002215,0,0.015099,0.000756,0,0.00582,0.000928,0,0.006855,0.988448,0.966401,0.99982,0.001822,0,0.016381,0.000381,0,0.005943,0.000377,0,0.005684,0.000278,0,0.003945,0.000184,0,0.001841,0.000164,0,0.001725,0.000898,0,0.011987,0.00046,0,0.00629,0.000251,0,0.002628,0.000717,0,0.009562,0.000622,0,0.008272,0.000243,0,0.002584,0.000174,0,0.001626,0.000748,0,0.009916,0.000816,0,0.012813,0.000281,0,0.003605,0.000249,0,0.003057,0.000122,0,0.001478,9.7e-05,0,0.001019,0.000217,0,0.00258,0.000168,0,0.002379,0.000269,0,0.003182,0.000159,0,0.001667,0.000151,0,0.001546,0.000276,0,0.003915,0.00027,0,0.004023,0.000137,0,0.001275,0.000256,0,0.003435,0.000138,0,0.001217,0.00025,0,0.003035,0.000124,0,0.001247,0.000339,0,0.003522,0.000524,0,0.008222,7.3e-05,0,0.000551,8.1e-05,0,0.000909,0.987684,0.963614,0.999796
"PH_PM_8.sorted.bam","8","PM",0.001493,0,0.009523,0.00304,0,0.020309,0.001876,0,0.011558,0.014774,0,0.047686,0.002001,0,0.012954,0.001179,0,0.008917,0.007792,0,0.028971,0.967844,0.939425,0.993217,0.000133,0,0.00142,0.000711,0,0.009691,0.001776,0,0.018449,0.000342,0,0.003909,0.000289,0,0.003934,0.000425,0,0.005441,0.000343,0,0.004305,0.000398,0,0.005188,0.000701,0,0.009599,0.011353,0,0.046839,0.000629,0,0.008551,0.000219,0,0.002543,0.000417,0,0.005535,0.000712,0,0.01134,0.000175,0,0.002212,0.000203,0,0.002632,0.000314,0,0.004093,0.000257,0,0.003458,0.00029,0,0.003545,0.000158,0,0.00194,0.000195,0,0.002258,0.000298,0,0.003789,0.00044,0,0.006552,0.000622,0,0.008763,0.003089,0,0.029762,0.001116,0,0.015651,0.000605,0,0.010112,0.004556,0,0.027787,0.000192,0,0.001805,0.000156,0,0.001701,0.000276,0,0.003554,0.001309,0,0.017104,0.000403,0,0.004862,0.000141,0,0.001757,0.000302,0,0.003458,0.966454,0.936674,0.992825
"PH_PM_9.sorted.bam","9","PM",0.097514,0.058147,0.122778,0.001995,0,0.023044,0.227424,0.175777,0.294396,0.069516,0.02381,0.114902,0.101537,0.054365,0.151534,0.002948,0,0.024113,0.088981,0.037575,0.119198,0.410086,0.380022,0.460966,3.8e-05,0,0.000441,0.000128,0,0.001482,5.8e-05,0,0.00062,0.000142,0,0.001232,0.000111,0,0.001019,5.6e-05,0,0.000495,0.000212,0,0.002227,7.8e-05,0,0.000867,9.6e-05,0,0.000832,5.1e-05,0,0.000492,0.000119,0,0.001105,0.000156,0,0.001428,9.8e-05,0,0.00123,0.000283,0,0.002304,5.9e-05,0,0.00059,0.000201,0,0.00216,0.000184,0,0.002141,0.000207,0,0.002641,0.000313,0,0.002775,0.00016,0,0.001878,6.2e-05,0,0.000639,0.152949,0,0.237015,0.000145,0,0.001561,0.00019,0,0.002053,0.023516,0,0.127583,0.000172,0,0.001916,0.000199,0,0.002264,3.4e-05,0,0.000302,0.041201,0,0.213449,0.003072,0,0.044608,0.453891,0.350927,0.585546,0.114431,0,0.228507,0.201969,0.106915,0.302737,0.004507,0,0.047103,0.000724,0,0.006591,0.000188,0,0.001599
"PH_PR_11.sorted.bam","11","PR",0.013661,0,0.038033,0.006351,0,0.036072,0.004472,0,0.031454,0.478443,0.445889,0.499929,0.358122,0.316023,0.402399,0.000805,0,0.006749,0.008649,0,0.031728,0.129498,0.092026,0.170627,0.001357,0,0.017917,0.001871,0,0.023732,0.000573,0,0.008028,0.00202,0,0.030415,0.001131,0,0.016603,0.002039,0,0.029282,0.001322,0,0.020078,0.002016,0,0.030372,0.000493,0,0.006094,0.002756,0,0.041931,0.001964,0,0.027771,0.000858,0,0.011944,0.000305,0,0.003504,0.707957,0.61874,0.793606,0.001801,0,0.023077,0.000234,0,0.002631,0.00017,0,0.001546,0.000238,0,0.002405,0.000137,0,0.001576,0.000203,0,0.002141,0.000137,0,0.001341,0.015451,0,0.062095,0.000245,0,0.003277,0.000287,0,0.003587,0.000249,0,0.002131,0.000204,0,0.00192,0.000143,0,0.00161,0.00025,0,0.002923,0.001747,0,0.026636,0.005266,0,0.061465,0.000393,0,0.002744,0.2392,0.120016,0.337622,0.001152,0,0.014732,0.00021,0,0.002309,0.000221,0,0.002171,0.005403,0,0.053112
"PH_PR_12.sorted.bam","12","PR",0.003825,0,0.024192,0.001573,0,0.014577,0.001615,0,0.013319,0.515705,0.476146,0.57675,0.36893,0.309671,0.419036,0.000836,0,0.006709,0.013771,0,0.03867,0.093745,0.05466,0.132284,0.000146,0,0.001778,0.000199,0,0.001716,0.000158,0,0.001316,0.000288,0,0.003484,0.000115,0,0.001389,0.000136,0,0.00139,0.000405,0,0.004597,0.001093,0,0.014455,0.000955,0,0.011222,0.049947,0,0.171809,0.000171,0,0.001392,0.000318,0,0.004132,0.000277,0,0.003488,0.734621,0.609907,0.836742,0.000297,0,0.003402,0.000103,0,0.001172,0.000117,0,0.00134,0.000113,0,0.001109,0.000187,0,0.002127,0.000151,0,0.001466,0.000139,0,0.001391,0.006011,0,0.047364,0.000478,0,0.006388,0.000933,0,0.0153,0.010583,0,0.064192,0.001515,0,0.020835,0.000511,0,0.006345,0.003145,0,0.030136,0.000182,0,0.00186,0.000511,0,0.004548,0.000277,0,0.003055,0.183672,0.104302,0.262971,0.000212,0,0.001806,0.000211,0,0.002025,0.001222,0,0.018239,0.000602,0,0.007998
"PH_PR_1.sorted.bam","1","PR",0.01547,0,0.042423,0.006209,0,0.040262,0.003319,0,0.02876,0.522249,0.473331,0.5803,0.380585,0.314709,0.435267,0.000808,0,0.006501,0.014213,0,0.039326,0.057146,0.007412,0.109196,0.000163,0,0.001637,0.000445,0,0.005523,0.00116,0,0.015636,0.000515,0,0.006262,0.000549,0,0.006393,0.000661,0,0.00882,0.000652,0,0.008678,0.001972,0,0.027532,0.001247,0,0.01947,0.119744,0,0.229649,0.000221,0,0.002388,0.001008,0,0.01244,0.000494,0,0.005698,0.734489,0.591122,0.857121,0.001147,0,0.014133,0.000171,0,0.001339,0.000134,0,0.001396,0.000183,0,0.00182,0.000224,0,0.002531,0.000142,0,0.001697,0.000201,0,0.002364,0.021997,0,0.074541,0.000204,0,0.001758,0.000397,0,0.004844,0.000803,0,0.007523,0.001116,0,0.015149,0.000171,0,0.001692,0.000355,0,0.00533,0.006613,0,0.065131,0.005786,0,0.070989,0.00193,0,0.02849,0.065623,0,0.21467,0.021405,0,0.125776,0.000189,0,0.001967,0.003029,0,0.048283,0.004859,0,0.057837
"PH_PR_2.sorted.bam","2","PR",0.006773,0,0.032722,0.006443,0,0.045324,0.042018,0,0.100519,0.490691,0.458313,0.524092,0.370704,0.310478,0.423493,0.000646,0,0.005399,0.007028,0,0.033673,0.075697,0.036961,0.117091,7.2e-05,0,0.000852,0.000237,0,0.002233,0.000169,0,0.001791,0.000495,0,0.005461,0.000753,0,0.008981,0.00145,0,0.018804,0.000251,0,0.002478,0.009104,0,0.087892,0.076937,0,0.193936,0.005717,0,0.068744,0.000607,0,0.005426,0.001093,0,0.014821,0.000753,0,0.010198,0.736841,0.616665,0.839809,0.000581,0,0.007508,0.000368,0,0.003227,0.000165,0,0.002064,0.000132,0,0.001222,0.000128,0,0.001365,0.000105,0,0.001237,6.9e-05,0,0.000709,0.011297,0,0.063961,0.000394,0,0.005285,0.000212,0,0.002526,0.000529,0,0.005811,0.00035,0,0.003703,0.000152,0,0.00172,0.000302,0,0.003743,0.000146,0,0.001378,0.000803,0,0.01072,0.001855,0,0.02698,0.146157,0.059136,0.230522,0.000497,0,0.005247,0.000105,0,0.000798,0.000519,0,0.007035,0.000656,0,0.007586
"PH_PR_3.sorted.bam","3","PR",0.003064,0,0.017693,0.00985,0,0.046515,0.005067,0,0.036737,0.521788,0.476484,0.576375,0.305357,0.252748,0.354256,0.001325,0,0.010021,0.000979,0,0.008142,0.15257,0.110444,0.200304,0.000328,0,0.004645,0.001306,0,0.017997,0.00025,0,0.003565,0.000202,0,0.002273,0.002046,0,0.02832,0.000514,0,0.006699,0.001336,0,0.01873,0.009993,0,0.090454,0.005752,0,0.069111,0.069114,0,0.175131,0.001106,0,0.015338,0.001058,0,0.014857,0.00031,0,0.004001,0.605984,0.500969,0.705547,0.000406,0,0.00572,0.00039,0,0.005273,0.000642,0,0.009049,0.000187,0,0.002058,0.000634,0,0.007834,0.000139,0,0.001234,0.000166,0,0.001813,0.00043,0,0.005557,0.000284,0,0.003158,0.000125,0,0.00133,0.000212,0,0.002296,0.000301,0,0.00299,0.000109,0,0.000918,7.9e-05,0,0.000681,7e-04,0,0.008956,0.003869,0,0.045896,0.000484,0,0.004468,0.281438,0.151503,0.391496,0.001004,0,0.0146,0.000219,0,0.002389,0.000338,0,0.003894,0.008544,0,0.069449
"PH_PR_4.sorted.bam","4","PR",0.00069,0,0.005846,0.00149,0,0.01242,0.000689,0,0.005747,0.496494,0.476417,0.50905,0.405595,0.361363,0.443102,0.001039,0,0.008253,0.00095,0,0.007208,0.093054,0.056409,0.134446,9.1e-05,0,0.001048,0.000131,0,0.001443,0.000192,0,0.002655,5.6e-05,0,0.000542,7.3e-05,0,0.000846,0.000121,0,0.001397,0.000261,0,0.002778,0.000816,0,0.009912,0.000312,0,0.004033,0.001586,0,0.026214,0.000268,0,0.003121,0.000136,0,0.00135,0.000254,0,0.002696,0.806812,0.720273,0.882574,0.000275,0,0.002525,0.000113,0,0.001317,0.000269,0,0.003054,9.7e-05,0,0.000882,0.000566,0,0.008062,0.000188,0,0.001824,8e-05,0,0.000814,0.000136,0,0.001485,0.000192,0,0.002238,0.000124,0,0.001137,0.000554,0,0.007467,0.000284,0,0.004025,0.000178,0,0.002077,6.6e-05,0,0.000765,0.000235,0,0.002895,0.000979,0,0.012101,0.00022,0,0.002596,0.180494,0.105184,0.267412,0.002698,0,0.042083,0.000507,0,0.00588,0.000301,0,0.002805,0.000337,0,0.004599
"PH_PR_5.sorted.bam","5","PR",0.004111,0,0.020023,0.001172,0,0.008939,0.003347,0,0.019964,0.492823,0.462196,0.524721,0.385384,0.342175,0.424137,0.001203,0,0.009214,0.002793,0,0.017146,0.109168,0.071203,0.150325,0.00098,0,0.011578,0.000369,0,0.004592,0.000203,0,0.001796,0.000992,0,0.014788,0.000394,0,0.004457,0.000858,0,0.011156,0.001041,0,0.014157,0.000362,0,0.003878,0.000731,0,0.00861,0.005504,0,0.066692,0.000286,0,0.003473,0.000365,0,0.004906,0.000528,0,0.006375,0.76614,0.681188,0.839864,0.000395,0,0.004184,0.000688,0,0.010145,0.000136,0,0.001338,0.000206,0,0.002334,0.000188,0,0.001941,0.000237,0,0.003038,3e-04,0,0.00402,0.002052,0,0.026166,0.000178,0,0.002057,0.000819,0,0.011905,0.000428,0,0.005474,0.000539,0,0.007715,0.000175,0,0.0023,5e-04,0,0.006449,0.000835,0,0.011778,0.000133,0,0.001538,0.001306,0,0.019246,0.205749,0.11115,0.294373,0.001882,0,0.027476,0.000176,0,0.001446,0.000394,0,0.005214,0.00393,0,0.046566
"PH_PR_6.sorted.bam","6","PR",0.000914,0,0.006879,0.002284,0,0.01796,0.001807,0,0.014219,0.560452,0.520187,0.603209,0.331616,0.272889,0.379085,0.000687,0,0.005387,0.001345,0,0.010805,0.100894,0.061952,0.139748,9.5e-05,0,0.001139,0.000203,0,0.002482,0.000402,0,0.004978,0.00022,0,0.002298,0.000299,0,0.003362,0.000797,0,0.011072,0.000275,0,0.003415,0.000927,0,0.014582,0.000236,0,0.002638,0.133489,0.057025,0.216581,0.000351,0,0.004401,0.000606,0,0.00763,0.00055,0,0.008618,0.657956,0.5375,0.753718,0.000939,0,0.011783,0.000134,0,0.001433,0.000214,0,0.002462,0.000146,0,0.00159,0.000208,0,0.002042,0.000154,0,0.001755,8.3e-05,0,0.00089,0.000152,0,0.001738,0.000193,0,0.001932,0.000224,0,0.00205,0.000419,0,0.004358,0.000333,0,0.003439,0.000168,0,0.00181,0.00016,0,0.001553,0.000303,0,0.003945,0.001322,0,0.022268,0.000344,0,0.002387,0.193905,0.104348,0.277844,0.001404,0,0.018721,0.000184,0,0.00167,0.00088,0,0.012825,0.001723,0,0.025224
"PH_PR_8.sorted.bam","8","PR",0.005715,0,0.027572,0.011198,0,0.046958,0.002838,0,0.019036,0.498396,0.435071,0.55644,0.380708,0.325,0.44339,0.000955,0,0.007011,0.00627,0,0.027836,0.09392,0.05906,0.131111,0.000513,0,0.007147,0.000492,0,0.006316,0.00462,0,0.036506,0.000922,0,0.011928,0.000331,0,0.003822,0.000679,0,0.007912,0.000767,0,0.010562,0.007582,0,0.07612,0.000743,0,0.008817,0.052264,0,0.151165,0.000868,0,0.011451,0.001844,0,0.023545,0.000976,0,0.014247,0.754611,0.640477,0.883281,0.000288,0,0.002314,0.000153,0,0.001363,0.000329,0,0.004727,0.000206,0,0.002541,0.000127,0,0.001044,0.000176,0,0.001373,0.000222,0,0.002746,0.006723,0,0.050664,0.001032,0,0.015952,0.000525,0,0.007527,0.001001,0,0.012999,0.000514,0,0.004075,0.000251,0,0.003302,0.000543,0,0.007845,0.000479,0,0.004441,0.001547,0,0.023396,0.000616,0,0.008301,0.127432,0,0.248502,0.001849,0,0.018645,0.000225,0,0.002651,0.001407,0,0.020958,0.027142,0,0.103571
"PH_PT_12.sorted.bam","12","PT",0.059062,1e-06,0.095766,0.055503,0.024646,0.087056,0.340042,0.264294,0.431968,0.177554,0.126841,0.220523,0.2393,0.182443,0.301238,0.069367,0.02952,0.120252,0.056184,0,0.092164,0.002988,0,0.021357,0.000315,0,0.003422,0.000979,0,0.014776,0.009849,0,0.071839,0.001853,0,0.026087,0.000708,0,0.010011,0.157111,0,0.35174,0.000624,0,0.007085,0.000372,0,0.005143,0.12722,0,0.37859,0.000374,0,0.00424,0.001274,0,0.016733,0.082222,0,0.163588,0.156686,0,0.50013,0.210024,0,0.419411,0.000544,0,0.004805,0.001606,0,0.020439,0.0063,0,0.101949,0.078756,0,0.213094,0.014989,0,0.162181,0.02666,0,0.139572,0.004775,0,0.071665,0.110995,0,0.182671,0.000138,0,0.001334,0.000161,0,0.001963,0.000267,0,0.002282,0.000264,0,0.003398,9.5e-05,0,0.001033,0.000106,0,0.001028,0.000163,0,0.001724,0.000589,0,0.007493,0.000477,0,0.005332,0.000863,0,0.011283,0.000381,0,0.004589,0.00078,0,0.011286,0.000237,0,0.00186,0.001243,0,0.018074
"PH_PT_2.sorted.bam","2","PT",0.071848,9e-06,0.113405,0.055903,0.024008,0.09046,0.340219,0.263145,0.462781,0.181081,0.109924,0.225848,0.245706,0.18578,0.328337,0.035794,0,0.08563,0.068483,1e-06,0.109677,0.000967,0,0.007305,0.000213,0,0.00274,0.000448,0,0.004661,0.006175,0,0.058212,0.002754,0,0.047207,0.025529,0,0.150223,0.258379,0,0.374778,0.001127,0,0.0131,0.001968,0,0.024364,0.021126,0,0.224057,0.000673,0,0.006853,0.001607,0,0.023855,0.039706,0,0.15925,0.104961,0,0.600778,0.335647,0,0.44923,0.00255,0,0.042585,0.002727,0,0.041101,0.03094,0,0.137561,0.0085,0,0.112791,0.000582,0,0.007508,0.003848,0,0.052316,0.012218,0,0.072731,0.134413,0,0.21661,0.000668,0,0.008077,0.000595,0,0.006459,0.000186,0,0.001618,0.000308,0,0.003515,0.000415,0,0.002855,0.000105,0,0.00109,0.000194,0,0.002236,0.000199,0,0.002382,0.000214,0,0.002454,0.000181,0,0.002156,0.000235,0,0.002124,0.000139,0,0.001127,0.000172,0,0.002251,3e-04,0,0.003685
"PH_PT_9.sorted.bam","9","PT",0.052048,0,0.090606,0.085187,0.05171,0.127448,0.387747,0.310757,0.485061,0.144271,0.095566,0.189056,0.22031,0.151189,0.30264,0.05691,6e-06,0.102843,0.051625,0,0.089198,0.001902,0,0.015029,0.000281,0,0.003646,0.000799,0,0.008645,0.023121,0,0.113813,0.000364,0,0.00419,0.001739,0,0.01876,0.383467,0.301031,0.483487,0.000214,0,0.001968,0.002073,0,0.029629,0.000541,0,0.007899,0.001274,0,0.015793,0.000575,0,0.005678,0.042355,0,0.192607,0.003943,0,0.051371,0.280655,0.168428,0.374181,0.05414,0,0.184068,0.000745,0,0.010122,0.075945,0,0.192048,0.001662,0,0.020755,0.00179,0,0.021883,0.002817,0,0.041389,0.015123,0,0.081726,0.100587,0,0.176692,0.000758,0,0.008378,0.000125,0,0.00116,0.000362,0,0.003113,0.00028,0,0.003309,0.000439,0,0.006157,0.000285,0,0.003261,0.000249,0,0.003358,0.000465,0,0.005566,0.000186,0,0.001675,0.000359,0,0.003573,0.001714,0,0.02464,0.000177,0,0.001788,0.00013,0,0.001395,0.000262,0,0.003398
"PH_SB_10.sorted.bam","10","SB",0.158791,0.073829,0.198399,0.001778,0,0.014006,0.443533,0.36647,0.591541,0.005412,0,0.035431,0.041047,2e-06,0.095357,0.180119,0.136245,0.237041,0.157421,0.067856,0.198308,0.011899,0,0.049343,5.1e-05,0,0.000549,0.000397,0,0.00351,6.7e-05,0,0.000623,0.001333,0,0.023937,0.001174,0,0.015637,0.216052,0.098678,0.366081,0.000309,0,0.004118,0.000263,0,0.002844,0.003895,0,0.059119,0.000102,0,0.001129,0.000788,0,0.008158,0.000483,0,0.005934,0.075868,0,0.189777,0.002927,0,0.042771,0.000173,0,0.001966,0.000347,0,0.00414,0.000628,0,0.009095,0.353519,0.25786,0.471393,0.002405,0,0.033516,0.000803,0,0.007869,9.5e-05,0,0.001035,0.313495,0.130601,0.395489,0.00023,0,0.002469,0.000126,0,0.001457,0.000282,0,0.003029,0.000313,0,0.002982,0.000106,0,0.001239,6.2e-05,0,0.00066,0.00081,0,0.010914,0.000247,0,0.002612,0.019048,0,0.096735,0.000539,0,0.004368,0.000563,0,0.006561,0.002242,0,0.035988,0.000165,0,0.001788,9.2e-05,0,0.000738
"PH_SB_1.sorted.bam","1","SB",0.111504,0.015883,0.152708,0.000957,0,0.008394,0.374248,0.324958,0.479663,0.185241,0.13977,0.227418,0.063096,0.014608,0.114835,0.02487,0,0.08093,0.110415,0.009265,0.151933,0.12967,0.095417,0.164538,2.4e-05,0,0.000275,0.000175,0,0.001821,3.9e-05,0,0.000386,0.001743,0,0.01453,0.000237,0,0.002856,0.000616,0,0.007685,0.000351,0,0.003952,0.000225,0,0.001436,0.349417,0.241815,0.44758,4.1e-05,0,0.000435,0.000438,0,0.003815,0.000383,0,0.004899,0.119644,0,0.225499,0.001463,0,0.023167,6e-05,0,0.000667,0.000397,0,0.004829,0.000539,0,0.006096,0.021981,0,0.154014,0.01836,0,0.108752,0.003751,0,0.048035,9.8e-05,0,0.001066,0.219608,0.010365,0.302687,0.000151,0,0.001786,0.000281,0,0.003669,0.000418,0,0.003756,0.000104,0,0.001194,0.000114,0,0.001141,3.2e-05,0,3e-04,0.000247,0,0.002006,0.000124,0,0.001238,0.25396,0.174164,0.327763,0.000166,0,0.001741,0.000287,0,0.002862,0.004402,0,0.054136,9e-05,0,0.000928,3.2e-05,0,0.000274
"PH_SB_2.sorted.bam","2","SB",0.105093,0.001276,0.145773,0.003232,0,0.016337,0.794438,0.706062,0.984816,0.007644,0,0.03514,0.001551,0,0.011907,0.001933,0,0.013405,0.085183,0,0.133703,0.000927,0,0.006702,0.001055,0,0.016147,0.000198,0,0.002349,0.002082,0,0.014966,0.032219,0,0.201851,0.000347,0,0.004711,0.775569,0.688932,0.983467,0.006024,0,0.058644,0.000873,0,0.012813,0.003788,0,0.045974,0.001133,0,0.015402,0.000685,0,0.008638,0.000294,0,0.003606,0.000243,0,0.002455,0.000868,0,0.010801,0.000205,0,0.002486,0.00034,0,0.003924,0.000225,0,0.003085,0.000394,0,0.004534,0.000899,0,0.012673,0.00032,0,0.003717,0.000495,0,0.005719,0.168423,0,0.264809,0.000112,0,0.001242,0.000525,0,0.005913,0.000201,0,0.001961,0.000147,0,0.001582,0.000378,0,0.004777,0.000198,0,0.00205,0.000186,0,0.002014,0.000251,0,0.003057,0.000221,0,0.002507,0.00037,0,0.004894,0.000136,0,0.001579,0.000319,0,0.003717,0.000182,0,0.001603,9.5e-05,0,0.000984
"PH_SB_3.sorted.bam","3","SB",0.095032,3e-06,0.143017,0.001785,0,0.013802,0.792492,0.6985,0.983419,0.003943,0,0.023888,0.002515,0,0.017417,0.00188,0,0.013933,0.092808,0,0.139635,0.009546,0,0.036678,0.000386,0,0.004217,0.00095,0,0.01385,0.000333,0,0.00372,0.002075,0,0.029942,0.00044,0,0.006088,0.786578,0.685959,0.982135,0.000689,0,0.009483,0.000205,0,0.002173,0.001235,0,0.014826,0.000235,0,0.002251,0.000716,0,0.008811,0.000345,0,0.003906,0.001054,0,0.01612,0.000574,0,0.00751,0.00015,0,0.00139,0.000629,0,0.005674,0.000154,0,0.001781,0.000243,0,0.002913,0.000656,0,0.008462,0.000274,0,0.002418,0.000233,0,0.002893,0.183531,0,0.278637,0.000226,0,0.002449,0.000558,0,0.004253,0.000379,0,0.004029,0.00022,0,0.002235,0.000127,0,0.001365,0.000116,0,0.001165,0.000702,0,0.008674,0.000584,0,0.00709,0.006225,0,0.064235,0.003678,0,0.037169,0.001549,0,0.020404,0.001211,0,0.017132,0.000343,0,0.003146,0.0024,0,0.024608
"PH_SB_4.sorted.bam","4","SB",0.111493,0.018265,0.152669,0.000648,0,0.004944,0.772954,0.693866,0.954216,0.000649,0,0.004899,0.000847,0,0.007136,0.002785,0,0.022726,0.1102,0.018406,0.149536,0.000423,0,0.003405,0.000168,0,0.001655,0.000204,0,0.002577,0.000129,0,0.001464,0.001909,0,0.024311,0.000141,0,0.001843,0.771014,0.68932,0.951459,0.000256,0,0.003073,0.000103,0,0.001196,0.000238,0,0.002214,6.6e-05,0,0.000812,0.000261,0,0.002591,0.000112,0,0.001269,0.000225,0,0.002486,1e-04,0,0.001097,0.000241,0,0.002155,0.000872,0,0.012471,0.000307,0,0.004134,0.000968,0,0.01233,0.000211,0,0.002579,0.000196,0,0.001879,0.001298,0,0.017678,0.219043,0.034444,0.298288,7.4e-05,0,0.000771,0.000285,0,0.003408,0.000157,0,0.00168,0.000225,0,0.002419,0.000304,0,0.003352,0.000116,0,0.001354,0.000105,0,0.001075,9.5e-05,0,0.000972,0.000114,0,0.001446,1e-04,0,0.001056,9.3e-05,0,0.001069,0.000117,0,0.001136,8e-05,0,0.001132,7.1e-05,0,0.000716
"PH_SB_6.sorted.bam","6","SB",0.168152,0.079885,0.208928,0.002118,0,0.016341,0.659135,0.579958,0.83507,0.000781,0,0.006372,0.000586,0,0.004676,0.002343,0,0.016879,0.166429,0.079698,0.205918,0.000454,0,0.003614,7.5e-05,0,0.000748,0.00059,0,0.006672,5.3e-05,0,0.000519,0.003495,0,0.03825,0.001104,0,0.015732,0.655856,0.572402,0.833101,0.000161,0,0.001566,0.000191,0,0.001862,0.000137,0,0.001359,7.8e-05,0,0.000796,0.000225,0,0.002132,7.1e-05,0,0.000636,0.000176,0,0.002177,0.00013,0,0.001627,9e-05,0,0.000997,0.000676,0,0.007811,0.001499,0,0.020503,0.001021,0,0.012022,0.000369,0,0.004732,0.000187,0,0.001821,0.000256,0,0.003047,0.330892,0.156497,0.410167,0.000547,0,0.006887,0.000519,0,0.00646,0.000328,0,0.003486,0.000114,0,0.001155,0.000247,0,0.003115,6.4e-05,0,0.000593,0.000117,0,0.001433,0.00013,0,0.00149,0.000106,0,0.000934,9e-05,0,0.000835,8.7e-05,0,0.000998,0.000175,0,0.002067,8.6e-05,0,0.000965,5.9e-05,0,0.000494
"PH_SB_7.sorted.bam","7","SB",0.097288,1.4e-05,0.137089,0.000502,0,0.004057,0.802137,0.722597,0.998428,0.000593,0,0.004699,0.000645,0,0.005459,0.000913,0,0.007984,0.097185,2e-06,0.136944,0.000737,0,0.005713,9.6e-05,0,0.001286,0.000135,0,0.001504,8.8e-05,0,0.000827,0.000694,0,0.009564,0.000194,0,0.002075,0.800516,0.719264,0.998075,0.000116,0,0.001056,7.2e-05,0,0.000623,0.000329,0,0.002652,8.4e-05,0,0.000869,0.00015,0,0.001499,6.1e-05,0,0.000762,3e-04,0,0.003026,0.000127,0,0.001281,0.000101,0,0.00095,0.000156,0,0.001567,9.6e-05,0,0.000903,0.000761,0,0.010948,0.000104,0,0.000944,0.000171,0,0.001535,0.00011,0,0.00103,0.192849,0,0.272449,0.000126,0,0.001186,0.000637,0,0.004213,0.000147,0,0.00155,0.00015,0,0.001704,0.00013,0,0.001304,0.00011,0,0.001209,0.000282,0,0.003757,0.000144,0,0.001514,0.000325,0,0.003138,0.000123,0,0.001529,0.00013,0,0.001496,0.000189,0,0.001696,0.000112,0,0.001267,8.4e-05,0,0.00095
"PH_SB_9.sorted.bam","9","SB",0.141816,0.032813,0.186523,0.029376,5e-06,0.059447,0.507429,0.406919,0.730091,0.069832,0.031923,0.110634,0.063097,3e-06,0.115422,0.043955,0.001441,0.096457,0.140715,0.036488,0.185105,0.00378,0,0.024818,4.4e-05,0,0.000417,0.002199,0,0.033489,4e-05,0,0.000396,0.000449,0,0.004822,0.043794,0,0.116294,0.31597,0.155478,0.594322,0.000217,0,0.002095,0.000172,0,0.001164,0.13682,0.05892,0.219956,7.6e-05,0,0.000913,0.000921,0,0.007792,0.000154,0,0.001399,0.12302,0,0.2301,0.000359,0,0.004357,7.4e-05,0,0.000691,0.000377,0,0.004324,0.01025,0,0.072739,0.074517,0,0.188704,0.001291,0,0.021401,0.000241,0,0.002935,0.000227,0,0.00239,0.27853,0.033284,0.369458,0.000844,0,0.008756,0.000248,0,0.002675,0.000363,0,0.004498,0.00112,0,0.006021,0.000123,0,0.000949,4.7e-05,0,0.000465,0.000849,0,0.009286,0.001259,0,0.018823,0.004071,0,0.0423,0.000289,0,0.002821,0.000231,0,0.002698,0.000654,0,0.009634,0.000109,0,0.001299,4.9e-05,0,0.000467
"PH_SC_10.sorted.bam","10","SC",0.084277,0.000251,0.11935,0.002114,0,0.014676,0.361821,0.308245,0.44882,0.257461,0.217159,0.297381,0.008166,0,0.054748,0.044455,0.014124,0.077853,0.089343,0.041389,0.120423,0.152363,0.114615,0.191883,5.9e-05,0,5e-04,0.000244,0,0.00204,0.000323,0,0.004487,0.000236,0,0.002436,0.000686,0,0.010373,0.000514,0,0.00644,0.000365,0,0.004812,0.000319,0,0.002686,0.468342,0.336173,0.58097,0.000181,0,0.001566,0.000281,0,0.002733,0.000934,0,0.011132,0.001089,0,0.013443,0.005213,0,0.075728,0.000251,0,0.001659,0.000148,0,0.001592,0.00058,0,0.008055,0.004813,0,0.068135,0.03308,0,0.147613,0.000697,0,0.010392,0.000142,0,0.001412,0.165936,0,0.236262,0.000199,0,0.002037,0.001579,0,0.018083,0.005411,0,0.073558,0.003399,0,0.059887,0.000405,0,0.004176,5.6e-05,0,0.00056,0.001227,0,0.019343,0.000622,0,0.007192,0.245869,0.139352,0.34612,0.00183,0,0.027897,0.004219,0,0.065573,0.048903,0,0.128836,0.001644,0,0.022095,0.000206,0,0.002173
"PH_SC_11.sorted.bam","11","SC",0.035058,0,0.067217,0.004421,0,0.025344,0.437617,0.366415,0.498684,0.277163,0.233891,0.319436,0.024838,0,0.085,0.001445,0,0.012036,0.031028,0,0.063049,0.188431,0.148223,0.22944,0.000356,0,0.002531,0.000627,0,0.007582,0.001702,0,0.019057,0.002118,0,0.030101,0.000454,0,0.005245,0.002985,0,0.038261,0.001251,0,0.017283,0.000899,0,0.0126,0.506676,0.364008,0.613751,0.001402,0,0.019847,0.002687,0,0.039558,0.000588,0,0.008242,0.003279,0,0.0414,0.034051,0,0.162737,0.001259,0,0.017393,0.000568,0,0.007226,0.000395,0,0.004489,0.000349,0,0.004016,0.000127,0,0.001093,0.000467,0,0.0059,0.000237,0,0.002593,0.056831,0,0.122481,0.001741,0,0.028485,0.00123,0,0.016345,0.000333,0,0.002916,0.000624,0,0.008627,0.000279,0,0.002258,0.000276,0,0.004,0.005324,0,0.081309,0.000733,0,0.009028,0.355158,0.238767,0.448736,0.008182,0,0.103709,0.005462,0,0.075406,0.00023,0,0.002802,0.000466,0,0.006435,0.000653,0,0.006186
"PH_SC_12.sorted.bam","12","SC",0.02797,0,0.059036,0.002848,0,0.020014,0.508093,0.429864,0.600759,0.245913,0.182475,0.30888,0.002725,0,0.023929,0.001053,0,0.008312,0.029728,0,0.059705,0.18167,0.131732,0.230951,0.000108,0,0.001316,0.000239,0,0.002195,0.000811,0,0.010811,0.001104,0,0.014763,0.001899,0,0.028233,0.396809,0.168241,0.595152,0.000463,0,0.003677,0.000268,0,0.003071,0.191147,0,0.456044,0.00048,0,0.004615,0.000222,0,0.002233,0.000326,0,0.004266,0.000536,0,0.006637,0.003326,0,0.045086,0.000201,0,0.00207,0.000309,0,0.003501,0.000102,0,0.001197,0.000222,0,0.002159,0.000444,0,0.005913,0.000184,0,0.002249,0.000203,0,0.002186,0.052212,0,0.116673,0.00059,0,0.007277,0.001065,0,0.015234,0.003176,0,0.059517,0.000178,0,0.001894,0.00014,0,0.001472,0.000254,0,0.003417,0.001175,0,0.014738,0.00065,0,0.008156,0.026594,0,0.228494,0.292042,0.052771,0.44705,0.000276,0,0.002043,0.000298,0,0.002554,0.001586,0,0.02788,0.020359,0,0.112098
"PH_SC_1.sorted.bam","1","SC",0.042368,0,0.071523,0.004791,0,0.032393,0.443523,0.374762,0.545877,0.29502,0.245359,0.340136,0.002204,0,0.017751,0.000637,0,0.005031,0.04203,0,0.071256,0.169427,0.133301,0.210327,6.9e-05,0,0.000733,0.000555,0,0.006743,0.000543,0,0.007364,0.000326,0,0.002643,0.002794,0,0.037457,0.313681,0.193187,0.492669,0.000226,0,0.001865,0.003625,0,0.051506,0.251923,0.080572,0.385764,0.000211,0,0.002507,0.000505,0,0.005476,0.000481,0,0.00713,0.000319,0,0.0035,0.001294,0,0.018434,0.000622,0,0.00815,0.000163,0,0.001803,0.000249,0,0.003183,0.000236,0,0.002557,0.000117,0,0.000836,0.00012,0,0.001388,5.1e-05,0,0.000524,0.082398,0,0.14047,0.00022,0,0.002852,0.000164,0,0.001257,0.000225,0,0.003107,0.000165,0,0.001433,9.6e-05,0,0.001022,0.000106,0,0.000987,0.000427,0,0.003722,0.000572,0,0.005866,0.003923,0,0.071305,0.332206,0.251524,0.41682,0.000279,0,0.003417,0.000191,0,0.00212,0.000579,0,0.007752,0.000338,0,0.003405
"PH_SC_2.sorted.bam","2","SC",0.010732,0,0.043956,0.018649,0,0.052418,0.499685,0.425058,0.584694,0.17864,0.122073,0.244911,0.083221,0,0.153826,0.001212,0,0.009492,0.004498,0,0.025626,0.203362,0.161011,0.247803,0.002089,0,0.025726,0.000434,0,0.004802,0.01578,0,0.050003,0.008391,0,0.076846,0.000849,0,0.011103,0.489403,0.404209,0.583089,0.001744,0,0.026624,0.001549,0,0.022945,0.004359,0,0.056993,0.065614,0,0.1764,0.001504,0,0.022735,0.000789,0,0.00982,0.000885,0,0.012409,0.152966,0,0.30293,0.001287,0,0.016126,0.000232,0,0.002769,0.000222,0,0.002498,0.000212,0,0.00204,0.000256,0,0.002527,0.000307,0,0.003646,0.000351,0,0.003571,0.004376,0,0.046125,0.000373,0,0.005392,0.000628,0,0.005703,0.000608,0,0.008198,0.00035,0,0.003913,0.000282,0,0.002709,0.000696,0,0.009442,0.000607,0,0.006522,0.001525,0,0.021277,0.005241,0,0.083831,0.064573,0,0.213567,0.007067,0,0.084565,0.000211,0,0.002576,0.000988,0,0.012659,0.163256,0.087065,0.227357
"PH_SC_3.sorted.bam","3","SC",0.089772,8e-06,0.133093,0.002503,0,0.016654,0.383466,0.294187,0.514033,0.213807,0.145734,0.260138,0.046169,0,0.147678,0.007075,0,0.044658,0.100131,0.044032,0.132528,0.157076,0.122187,0.194545,7e-05,0,0.000805,0.000316,0,0.004159,0.000767,0,0.010956,0.000384,0,0.003667,0.000564,0,0.005907,0.073043,0,0.340739,0.000337,0,0.004244,0.000439,0,0.005696,0.312494,0,0.508566,0.000593,0,0.007493,0.000765,0,0.00806,0.000333,0,0.004273,0.003477,0,0.055326,0.085248,0,0.295003,0.000367,0,0.003897,0.00113,0,0.016332,0.000857,0,0.012834,0.002279,0,0.034569,0.00438,0,0.070088,0.000338,0,0.003366,0.000166,0,0.002008,0.176258,0,0.262162,0.000352,0,0.004363,0.000211,0,0.002334,0.022495,0,0.155053,8.9e-05,0,0.000925,0.000351,0,0.004696,7.2e-05,0,0.000863,0.000213,0,0.00225,0.000612,0,0.008595,0.301438,0.218169,0.382395,0.001037,0,0.012237,0.001354,0,0.014322,0.004483,0,0.04962,0.000361,0,0.003336,0.002328,0,0.027842
"PH_SC_7.sorted.bam","7","SC",0.037032,1e-06,0.064182,0.000917,0,0.007483,0.493541,0.428151,0.592423,0.242856,0.187099,0.29279,0.003687,0,0.029778,0.001111,0,0.00889,0.03797,2e-06,0.065094,0.182886,0.146412,0.21979,0.000136,0,0.001371,0.000173,0,0.001666,0.000153,0,0.001472,0.000446,0,0.005346,0.000249,0,0.003117,0.073251,0,0.205309,0.000246,0,0.002903,0.000198,0,0.001988,0.480521,0.364404,0.583422,0.000782,0,0.008926,0.00045,0,0.006011,0.000317,0,0.002743,0.000527,0,0.006356,0.000808,0,0.011496,0.00194,0,0.027934,0.000353,0,0.004408,0.000159,0,0.001781,0.000356,0,0.003615,0.000294,0,0.002787,0.000276,0,0.00339,0.000232,0,0.002249,0.071643,0,0.127191,0.000206,0,0.001971,0.000405,0,0.00432,0.001584,0,0.023939,0.000542,0,0.006311,0.000107,0,0.001142,0.000279,0,0.0029,0.000481,0,0.00535,0.000226,0,0.002836,0.358076,0.273621,0.433519,0.000497,0,0.005488,0.000573,0,0.00637,0.000212,0,0.002543,0.000896,0,0.01397,0.002405,0,0.029723
"PH_SC_8.sorted.bam","8","SC",0.04021,0,0.075075,0.002026,0,0.013731,0.475287,0.403162,0.567466,0.259154,0.207517,0.305966,0.004641,0,0.045898,0.00115,0,0.009943,0.036102,0,0.06665,0.18143,0.143218,0.221283,0.00236,0,0.02614,0.00036,0,0.003052,0.000482,0,0.007077,0.000637,0,0.005371,0.000581,0,0.007942,0.254836,0.048483,0.451016,0.001276,0,0.017369,0.000865,0,0.011556,0.378177,0.198262,0.565601,0.001207,0,0.012773,0.000437,0,0.005208,0.000208,0,0.00253,0.000995,0,0.0134,0.002436,0,0.028437,0.000241,0,0.002538,0.000661,0,0.009605,0.000122,0,0.00126,0.000225,0,0.002513,0.000249,0,0.002621,1e-04,0,0.000963,0.000169,0,0.00238,0.069934,0,0.132415,0.000144,0,0.001764,0.000183,0,0.00156,0.000388,0,0.004571,0.000124,0,0.00143,6.9e-05,0,0.000741,0.000156,0,0.001416,0.002396,0,0.038829,0.000807,0,0.011095,0.060104,0,0.23654,0.132503,0,0.300912,0.004503,0,0.080058,0.000536,0,0.005472,0.001051,0,0.015479,0.08048,0.020542,0.162681
"PH_SC_9.sorted.bam","9","SC",0.083053,0.030748,0.113991,0.003689,0,0.027951,0.414932,0.370738,0.511735,0.224094,0.157862,0.270255,0.002758,0,0.021769,0.006364,0,0.033232,0.073618,3.5e-05,0.109573,0.191492,0.151882,0.243769,6.9e-05,0,0.000708,0.001046,0,0.014682,1e-04,0,0.00111,0.001749,0,0.022685,0.000863,0,0.010213,0.031502,0,0.350544,0.016131,0,0.172758,0.00329,0,0.04615,0.402052,0,0.524272,0.000397,0,0.003414,0.001419,0,0.015233,0.000382,0,0.005391,0.000505,0,0.006482,0.00154,0,0.020784,0.000177,0,0.001997,0.000831,0,0.013004,0.000585,0,0.00723,0.001058,0,0.014904,0.006705,0,0.059935,0.000809,0,0.011412,0.00015,0,0.001324,0.142898,0,0.217613,0.000394,0,0.004877,0.000184,0,0.001429,0.002387,0,0.035441,0.000142,0,0.001211,0.000526,0,0.006195,5.9e-05,0,0.000534,0.001895,0,0.031486,0.00062,0,0.007712,0.360448,0.272466,0.442749,0.015288,0,0.159074,0.000366,0,0.004268,0.001914,0,0.025302,0.000586,0,0.007617,0.000933,0,0.013453
"PH_SH_10.sorted.bam","10","SH",0.070582,0,0.124305,0.007367,0,0.040565,0.390574,0.286945,0.482809,0.002442,0,0.017546,0.05855,0.000432,0.12507,0.415704,0.348282,0.488291,0.053354,0,0.108059,0.001425,0,0.010888,0.001015,0,0.011932,0.003951,0,0.056421,0.001923,0,0.023202,0.005696,0,0.087547,0.001747,0,0.025539,0.019782,0,0.266531,0.000389,0,0.004702,0.000492,0,0.006616,0.000353,0,0.003941,0.00032,0,0.003079,0.040282,0,0.182934,0.00222,0,0.037033,0.006275,0,0.084397,0.001406,0,0.018415,0.029603,0,0.116534,0.003346,0,0.045418,0.00107,0,0.013075,0.710913,0.126644,0.956777,0.000211,0,0.002451,0.006596,0,0.084715,0.054328,0,0.350153,0.085218,0,0.20872,0.001219,0,0.015879,0.016229,0,0.129417,0.001221,0,0.01768,0.000574,0,0.006079,0.000275,0,0.003075,0.000804,0,0.012552,0.000254,0,0.00234,0.000191,0,0.002034,0.000373,0,0.004496,0.000172,0,0.001318,0.000543,0,0.006906,0.000342,0,0.00441,0.000365,0,0.004026,0.000305,0,0.002622
"PH_SH_1.sorted.bam","1","SH",0.118731,0.034673,0.164565,0.000914,0,0.006905,0.347843,0.272162,0.466144,0.000977,0,0.008031,0.008961,0,0.057394,0.406077,0.347477,0.482382,0.115845,0.034312,0.15638,0.000652,0,0.005315,0.000175,0,0.001672,0.000216,0,0.001992,0.000127,0,0.000972,0.000859,0,0.011161,0.000266,0,0.003694,0.282965,0.183548,0.364561,0.000202,0,0.00222,0.00015,0,0.001688,0.000246,0,0.002839,0.000101,0,0.000896,0.000379,0,0.003491,0.000407,0,0.005207,0.000963,0,0.011883,0.000566,0,0.007364,0.000876,0,0.012302,0.005465,0,0.07176,0.000286,0,0.002958,0.126996,0,0.407788,0.000339,0,0.00403,0.013521,0,0.110033,0.332314,0.222938,0.426416,0.229798,0.066303,0.311466,0.00013,0,0.001356,0.000254,0,0.003192,0.000175,0,0.001808,0.000202,0,0.002949,0.000717,0,0.006644,0.000149,0,0.001703,0.000194,0,0.002128,0.00012,0,0.001313,0.000174,0,0.001322,7.4e-05,0,0.000761,0.000133,0,0.001135,0.000203,0,0.002292,0.000116,0,0.001161,0.000145,0,0.001551
"PH_SH_2.sorted.bam","2","SH",0.129219,0.038183,0.183612,0.001901,0,0.012848,0.323917,0.248272,0.449887,0.001299,0,0.010875,0.006895,0,0.041714,0.415782,0.361377,0.495029,0.120584,0.040387,0.161175,0.000404,0,0.003186,0.000142,0,0.001609,0.000322,0,0.004171,0.000486,0,0.006387,0.001693,0,0.025602,7e-04,0,0.009618,0.248222,0.125895,0.335025,0.00019,0,0.001976,0.000297,0,0.003601,0.000282,0,0.003082,0.000159,0,0.001887,0.001329,0,0.019417,0.000597,0,0.008637,0.000898,0,0.010863,0.00086,0,0.012757,0.000587,0,0.008104,0.015336,0,0.124456,0.000513,0,0.006006,0.147541,0,0.499937,0.000451,0,0.004229,0.008624,0,0.080801,0.329302,0.192715,0.433139,0.239192,0.075257,0.321344,0.000293,0,0.003745,0.000185,0,0.002022,0.000114,0,0.001426,0.000199,0,0.001771,0.000397,0,0.003919,0.000353,0,0.004342,9.2e-05,0,0.000993,0.000108,0,0.001104,9.1e-05,0,0.000997,8.7e-05,0,0.000754,0.000109,0,0.001206,9.6e-05,0,0.001163,8.1e-05,0,0.000806,7.2e-05,0,0.000842
"PH_SH_3.sorted.bam","3","SH",0.131427,0.041799,0.174008,0.003077,0,0.019058,0.284861,0.220352,0.392783,0.002375,0,0.016952,0.006096,0,0.0368,0.444218,0.391739,0.526127,0.127427,0.041972,0.167229,0.00052,0,0.004147,0.000173,0,0.001823,0.001047,0,0.016429,0.00046,0,0.005915,0.001507,0,0.02227,0.001453,0,0.020476,0.009052,0,0.099811,0.000849,0,0.010889,0.000709,0,0.011086,0.001686,0,0.025325,0.000118,0,0.001158,0.005067,0,0.06069,0.000724,0,0.010734,0.003251,0,0.047808,0.000625,0,0.009419,0.000619,0,0.008661,5e-04,0,0.006116,0.000971,0,0.013041,0.543304,0.359756,0.772517,0.000292,0,0.003259,0.000791,0,0.012236,0.171127,0.090421,0.26412,0.25338,0.080878,0.333178,0.000233,0,0.002635,0.000212,0,0.002276,0.000225,0,0.002182,0.000353,0,0.004181,0.000208,0,0.001694,8.3e-05,0,0.000742,0.00016,0,0.001361,9.7e-05,0,0.001087,0.000206,0,0.002302,0.000127,0,0.001501,0.000143,0,0.001478,0.000116,0,0.001533,7.8e-05,0,0.000888,5.7e-05,0,0.000491
"PH_SH_5.sorted.bam","5","SH",0.086576,0.00048,0.14153,0.004691,0,0.025687,0.37919,0.296109,0.4951,0.002446,0,0.017122,0.002623,0,0.019858,0.463017,0.398456,0.540384,0.060709,0,0.110841,0.000746,0,0.006429,0.003249,0,0.034034,0.001357,0,0.019114,0.000676,0,0.010419,0.051637,0,0.239868,0.000779,0,0.011633,0.348716,0.22868,0.488407,0.00056,0,0.00574,0.000586,0,0.007584,0.000522,0,0.006496,0.000496,0,0.00682,0.000521,0,0.006057,0.001102,0,0.015853,0.000464,0,0.005275,0.000621,0,0.009335,0.000331,0,0.003976,0.000907,0,0.008793,0.001695,0,0.022824,0.006879,0,0.096428,0.000785,0,0.010603,0.00114,0,0.014957,0.456149,0.377018,0.538514,0.111399,0,0.220078,0.002271,0,0.034867,0.000484,0,0.005951,0.000678,0,0.00862,0.000555,0,0.006426,0.002178,0,0.030994,0.001874,0,0.027734,0.000274,0,0.001762,0.000239,0,0.002504,0.000183,0,0.001783,0.000148,0,0.001595,0.000182,0,0.002151,0.000152,0,0.00168,0.000104,0,0.000717,0.000105,0,0.001127
"PH_SH_6.sorted.bam","6","SH",0.117434,0.004315,0.168702,0.013634,0,0.052811,0.316959,0.242286,0.443591,0.004608,0,0.033353,0.069653,0.01033,0.12277,0.370381,0.323568,0.460471,0.106022,0.004172,0.16081,0.001307,0,0.009986,8.8e-05,0,0.001071,0.003046,0,0.046487,0.00011,0,0.001213,0.017091,0,0.195419,0.003413,0,0.042481,0.000268,0,0.00321,0.000918,0,0.013687,0.000457,0,0.004283,0.00107,0,0.015152,0.000214,0,0.002181,0.012324,0,0.136133,0.001477,0,0.022218,0.004157,0,0.05884,0.001029,0,0.011583,0.000692,0,0.00835,0.008106,0,0.095716,0.00908,0,0.093583,0.601331,0.457272,0.862879,0.002157,0,0.030512,0.11851,0,0.229848,0.000366,0,0.003043,0.192924,0,0.31987,0.009087,0,0.085385,0.005977,0,0.089952,0.002959,0,0.051341,0.000142,0,0.001548,0.000522,0,0.005546,0.000132,0,0.001175,0.000283,0,0.003014,0.00049,0,0.004638,0.000346,0,0.003803,0.000199,0,0.001792,0.000284,0,0.003681,0.000325,0,0.003099,0.00017,0,0.001668,0.000259,0,0.003745
"PH_SH_7.sorted.bam","7","SH",0.111969,0.006572,0.155576,0.002621,0,0.017636,0.334125,0.255962,0.470509,0.001507,0,0.010926,0.002338,0,0.020484,0.437855,0.373241,0.532217,0.109071,6.1e-05,0.154178,0.000512,0,0.004197,0.000295,0,0.003195,7e-04,0,0.008447,0.000627,0,0.008939,0.000303,0,0.003741,0.000849,0,0.012667,0.301853,0.197089,0.402865,0.000202,0,0.002281,0.000139,0,0.001606,0.000955,0,0.013615,0.000164,0,0.001951,0.000411,0,0.003539,0.000902,0,0.011913,0.000985,0,0.01006,0.000612,0,0.008438,0.000523,0,0.007031,0.005189,0,0.061756,0.001009,0,0.013019,0.061048,0,0.287949,0.000478,0,0.006156,0.000428,0,0.004148,0.403478,0.296838,0.48188,0.216397,0,0.306203,0.000314,0,0.003215,0.000261,0,0.003372,0.000166,0,0.001945,0.000219,0,0.00215,0.000427,0,0.00441,0.000118,0,0.001202,0.000147,0,0.001425,7.8e-05,0,0.000733,0.000143,0,0.001578,0.000133,0,0.001223,7.4e-05,0,0.000757,0.000176,0,0.001551,0.000121,0,0.001173,7.6e-05,0,0.000676
"PH_SL_10.sorted.bam","10","SL",0.01102,0,0.03633,0.582971,0.540198,0.625146,0.000747,0,0.00652,0.160954,0.112036,0.208982,0.22963,0.173135,0.287707,0.002043,0,0.019046,0.011933,0,0.043041,0.000702,0,0.005762,4.9e-05,0,0.000482,0.007234,0,0.067073,0.183349,0.092122,0.269503,0.000132,0,0.001198,0.000448,0,0.004481,0.000136,0,0.001306,0.000149,0,0.001476,0.320672,0.222718,0.417274,0.000179,0,0.001717,7.8e-05,0,0.000869,0.000145,0,0.001351,0.458217,0.345326,0.573383,0.000145,0,0.001305,0.000184,0,0.002058,0.000104,0,0.001158,0.000205,0,0.001584,0.003093,0,0.037565,0.000103,0,0.001,0.000165,0,0.001524,9.3e-05,0,0.000919,7.1e-05,0,0.000664,0.01394,0,0.057364,0.008999,0,0.081767,0.000131,0,0.001557,0.000307,0,0.003144,0.000161,0,0.001847,0.00013,0,0.001508,4.2e-05,0,0.000352,0.000138,0,0.001653,0.000582,0,0.006926,8.3e-05,0,0.000795,9.7e-05,0,0.000908,0.000104,0,0.001004,0.000156,0,0.001469,0.000115,0,0.001081,6.4e-05,0,0.000569
"PH_SL_11.sorted.bam","11","SL",0.005835,0,0.02747,0.603005,0.562551,0.640612,0.004668,0,0.031396,0.153873,0.11248,0.197453,0.223782,0.178779,0.269657,0.001281,0,0.009967,0.006207,0,0.027381,0.001348,0,0.010017,0.000109,0,0.001326,0.002542,0,0.031774,0.236634,0.155173,0.319174,0.000812,0,0.011878,0.002772,0,0.037831,0.000754,0,0.011124,0.000551,0,0.006412,0.29322,0.203197,0.38424,0.001077,0,0.015993,0.000163,0,0.001559,0.001027,0,0.014369,0.431111,0.316309,0.534828,0.002087,0,0.028807,0.009138,0,0.08884,0.00165,0,0.023541,0.000426,0,0.005428,0.000233,0,0.002189,0.000182,0,0.001885,0.000625,0,0.006999,0.000235,0,0.00233,0.000201,0,0.002505,0.005916,0,0.049654,0.002623,0,0.032952,0.000321,0,0.002815,0.00236,0,0.02694,0.000388,0,0.005415,0.00019,0,0.001782,0.00012,0,0.001304,0.000178,0,0.00217,0.000241,0,0.002455,0.000577,0,0.006733,0.000448,0,0.005188,0.000277,0,0.003324,0.000269,0,0.003428,0.000377,0,0.004945,0.000165,0,0.001456
"PH_SL_12.sorted.bam","12","SL",0.000186,0,0.001422,0.998296,0.992626,0.999988,0.000229,0,0.00199,0.000349,0,0.002693,0.000391,0,0.003129,0.000164,0,0.001427,0.000195,0,0.001635,0.00019,0,0.001533,2.7e-05,0,0.00028,9.6e-05,0,0.000946,0.99767,0.98863,0.999986,3.5e-05,0,0.000323,0.000166,0,0.002189,3.1e-05,0,0.000328,4.4e-05,0,0.000558,0.000291,0,0.002762,4.6e-05,0,0.000464,5.1e-05,0,0.000503,3.9e-05,0,0.000486,0.000402,0,0.00465,4.6e-05,0,0.000434,7.3e-05,0,0.000757,5.3e-05,0,0.000589,2.5e-05,0,0.000239,7.6e-05,0,0.000831,2.7e-05,0,3e-04,4.8e-05,0,0.000488,3.8e-05,0,0.000333,2.8e-05,0,0.000293,4.9e-05,0,0.000537,0.000127,0,0.001489,3e-05,0,0.000283,4.1e-05,0,4e-04,3.7e-05,0,0.000347,3.1e-05,0,0.000274,2.6e-05,0,0.000239,2.8e-05,0,0.000289,9.4e-05,0,0.000947,4.7e-05,0,0.000517,5.5e-05,0,0.000527,4.1e-05,0,0.000395,2.8e-05,0,0.000269,2.4e-05,0,0.000228,3e-05,0,0.00028
"PH_SL_1.sorted.bam","1","SL",0.000881,0,0.007562,0.621667,0.586143,0.658685,0.001483,0,0.011374,0.152202,0.110309,0.193728,0.220128,0.177736,0.263981,0.000889,0,0.006925,0.000633,0,0.004803,0.002118,0,0.015883,4e-05,0,0.000371,0.000406,0,0.002615,0.250079,0.179758,0.325916,0.000243,0,0.002372,0.001246,0,0.017119,0.000135,0,0.001076,0.000124,0,0.000965,0.301783,0.218756,0.384764,0.000243,0,0.003232,0.000104,0,0.000931,0.000208,0,0.002562,0.437299,0.350205,0.526449,0.00032,0,0.003008,0.001219,0,0.013757,0.000172,0,0.001863,0.00011,0,0.001288,0.000585,0,0.006974,0.000139,0,0.001477,0.00023,0,0.00219,0.000149,0,0.00172,7e-05,0,0.000845,0.000379,0,0.003743,0.000204,0,0.002041,9.8e-05,0,0.000822,0.000118,0,0.001212,0.000127,0,0.001172,0.000114,0,0.000954,6e-05,0,0.000658,0.000213,0,0.002437,0.001652,0,0.025286,0.000408,0,0.005552,0.000481,0,0.007617,0.00059,0,0.007598,0.000312,0,0.004031,0.000105,0,0.00109,0.000238,0,0.00276
"PH_SL_2.sorted.bam","2","SL",0.000222,0,0.001882,0.998212,0.992157,0.999987,0.000215,0,0.001811,0.000334,0,0.002637,0.000293,0,0.002536,0.000205,0,0.001588,0.000239,0,0.001935,0.00028,0,0.00225,3.4e-05,0,0.000339,7.8e-05,0,0.000831,0.997815,0.989935,0.999983,3.7e-05,0,0.000345,7.3e-05,0,0.000699,4.9e-05,0,0.000482,8.4e-05,0,0.000822,0.000147,0,0.001523,4.4e-05,0,0.000444,6.8e-05,0,0.000659,4.3e-05,0,0.000433,0.000138,0,0.001421,4e-05,0,0.000341,8.9e-05,0,0.000846,6.2e-05,0,0.000588,3.5e-05,0,0.000307,6.7e-05,0,0.000757,3.8e-05,0,0.000424,4.7e-05,0,0.000471,4.7e-05,0,0.000458,4.2e-05,0,0.000395,4.3e-05,0,0.000548,0.000106,0,0.000735,5.8e-05,0,0.000652,4.5e-05,0,0.000459,5.4e-05,0,0.000454,6e-05,0,0.000668,3.1e-05,0,0.000296,5.6e-05,0,0.000529,0.000184,0,0.001658,4.2e-05,0,0.000347,7.6e-05,0,0.000839,5.1e-05,0,0.000505,3.3e-05,0,0.00032,5.1e-05,0,0.000488,3.4e-05,0,0.000288
"PH_SL_3.sorted.bam","3","SL",0.000199,0,0.001688,0.998352,0.993176,0.999989,0.000244,0,0.002077,0.000312,0,0.002544,0.00027,0,0.002171,0.000196,0,0.001553,0.000224,0,0.001823,0.000203,0,0.001664,3.4e-05,0,0.000367,7e-05,0,0.000805,0.997928,0.990673,0.999988,5.6e-05,0,0.000512,0.000115,0,0.001371,5.2e-05,0,0.000572,4.7e-05,0,0.00045,0.00021,0,0.002501,4e-05,0,0.000403,5.3e-05,0,0.000542,4.4e-05,0,0.000443,0.000168,0,0.001738,4.8e-05,0,0.000415,5.9e-05,0,0.000634,4.2e-05,0,0.000482,3.1e-05,0,0.00029,6.9e-05,0,0.000735,4.1e-05,0,0.000469,5.5e-05,0,0.000613,3.9e-05,0,0.00052,3.8e-05,0,0.000329,4.8e-05,0,0.000485,9.6e-05,0,0.000846,4.3e-05,0,0.000433,5.6e-05,0,0.000632,6.5e-05,0,0.000625,4.6e-05,0,0.000411,3.1e-05,0,0.000291,3.4e-05,0,0.000308,0.00012,0,0.001219,4.1e-05,0,0.000441,5e-05,0,0.000516,3.1e-05,0,0.000344,3.4e-05,0,0.00032,3.3e-05,0,0.000311,3.1e-05,0,0.000336
"PH_SL_4.sorted.bam","4","SL",0.000222,0,0.001757,0.998046,0.991057,0.999988,0.000244,0,0.002009,0.000445,0,0.003728,0.000415,0,0.003447,0.000203,0,0.001599,0.000199,0,0.001678,0.000226,0,0.001924,3.1e-05,0,3e-04,9.8e-05,0,0.000766,0.997435,0.9869,0.999986,4.3e-05,0,0.000402,0.000119,0,0.001343,4.7e-05,0,0.000453,4.7e-05,0,0.00051,0.000383,0,0.004859,6.7e-05,0,0.00073,6.6e-05,0,0.000669,5.9e-05,0,0.000518,0.000333,0,0.003995,4.9e-05,0,0.000463,9.2e-05,0,0.000759,7.1e-05,0,0.000843,3.2e-05,0,0.000335,8.1e-05,0,0.00082,3.6e-05,0,0.000395,5.3e-05,0,0.00053,6.1e-05,0,0.000687,3.2e-05,0,0.000311,4e-05,0,0.000446,0.000104,0,0.001348,3.3e-05,0,0.000377,5.9e-05,0,0.000629,4.5e-05,0,0.000422,3.6e-05,0,0.000324,2.5e-05,0,0.000224,6.4e-05,0,0.000872,0.000103,0,0.000897,4.9e-05,0,0.000476,5.8e-05,0,0.000558,4.7e-05,0,0.00046,4.2e-05,0,0.000434,3.2e-05,0,0.000242,2.9e-05,0,0.000256
"PH_SL_6.sorted.bam","6","SL",0.000693,0,0.005165,0.615405,0.579557,0.654097,0.001247,0,0.011936,0.164838,0.121346,0.206461,0.215955,0.169984,0.259346,0.000717,0,0.005639,0.000581,0,0.004533,0.000564,0,0.004626,6.6e-05,0,0.000676,0.000348,0,0.004139,0.234488,0.161932,0.312495,0.000149,0,0.001964,0.001317,0,0.018923,0.000188,0,0.001787,0.000104,0,0.001183,0.328549,0.241323,0.411869,0.000107,0,0.001109,0.000125,0,0.001445,0.000175,0,0.001677,0.43067,0.338046,0.518176,0.000204,0,0.00162,2e-04,0,0.001767,0.000133,0,0.001301,0.000142,0,0.001733,0.000514,0,0.006754,8.3e-05,0,0.000863,0.000215,0,0.002324,0.000143,0,0.001482,6.3e-05,0,0.000593,0.000264,0,0.003499,0.00018,0,0.002083,0.000126,0,0.001106,0.000164,0,0.001933,8e-05,0,0.000778,7.8e-05,0,0.000822,6.1e-05,0,0.000493,7.1e-05,0,0.000739,0.000256,0,0.002246,0.000132,0,0.001262,8.8e-05,0,0.000841,0.000173,0,0.001863,0.000132,0,0.001443,0.000149,0,0.001739,6.3e-05,0,0.000613
"PH_SL_7.sorted.bam","7","SL",0.000305,0,0.002532,0.997354,0.988788,0.999982,0.000361,0,0.002764,0.000591,0,0.005459,0.000401,0,0.00319,0.000284,0,0.002215,0.00026,0,0.002147,0.000443,0,0.003888,4.5e-05,0,0.000514,0.000107,0,0.000995,0.996618,0.983648,0.999978,8.4e-05,0,0.000855,0.000128,0,0.001296,8e-05,0,0.000938,9.3e-05,0,0.000849,0.000479,0,0.006594,8.8e-05,0,0.000839,9.5e-05,0,0.000986,4.1e-05,0,0.00039,0.000222,0,0.002319,9.6e-05,0,0.001101,0.000117,0,0.001226,6.5e-05,0,0.000664,6.3e-05,0,0.000438,0.00011,0,0.001165,6.5e-05,0,0.000703,6.2e-05,0,0.000628,6.1e-05,0,0.000659,4.4e-05,0,0.000489,5.6e-05,0,0.000576,0.000118,0,0.001222,4.4e-05,0,0.000506,7.9e-05,0,0.000946,4.3e-05,0,0.000467,5.2e-05,0,0.000473,3.3e-05,0,0.000325,7.5e-05,0,0.000825,0.000308,0,0.00388,5.6e-05,0,0.000564,7.4e-05,0,0.000781,9.3e-05,0,0.000889,6.8e-05,0,0.000782,6.1e-05,0,0.000584,7.5e-05,0,0.000668
"PH_SL_8.sorted.bam","8","SL",0.154117,0.077854,0.189347,0.272737,0.239475,0.312953,0.0156,0,0.079511,0.054198,0.020873,0.09404,0.022744,0,0.106162,0.33114,0.294835,0.385501,0.14642,0.028512,0.188602,0.003045,0,0.022187,2.2e-05,0,0.000174,0.000657,0,0.005419,4.4e-05,0,0.00051,0.000276,0,0.003722,0.002589,0,0.038572,0.000131,0,0.001351,0.000398,0,0.004453,0.000164,0,0.00197,0.000353,0,0.003318,5.7e-05,0,0.000428,0.02592,0,0.207228,0.000953,0,0.012875,0.006083,0,0.058711,0.004304,0,0.053877,0.00016,0,0.001206,0.000205,0,0.002089,0.539746,0.466776,0.61802,0.02047,0,0.154906,0.091496,0,0.187663,0.007148,0,0.0666,5.4e-05,0,0.000578,0.280567,0,0.375924,0.000298,0,0.003555,0.000132,0,0.001254,0.011385,0,0.102869,0.000184,0,0.002058,0.000124,0,0.001201,2.5e-05,0,0.00023,0.000165,0,0.001664,0.000977,0,0.014045,0.001033,0,0.014449,0.000182,0,0.001999,0.000576,0,0.008479,0.002982,0,0.038563,0.000101,0,0.00093,3.7e-05,0,0.000322
"PH_SL_9.sorted.bam","9","SL",0.000724,0,0.005664,0.622402,0.580542,0.661924,0.000869,0,0.00749,0.143276,0.079671,0.190123,0.230194,0.177871,0.292936,0.000572,0,0.004489,0.000887,0,0.007535,0.001077,0,0.008289,5.6e-05,0,0.000629,0.000188,0,0.002272,0.264656,0.180917,0.381967,0.000139,0,0.001468,5e-04,0,0.005157,0.000145,0,0.001532,0.000145,0,0.001484,0.27003,0,0.372855,0.00025,0,0.002565,0.000196,0,0.002379,0.000162,0,0.00179,0.44345,0.337193,0.546844,0.000199,0,0.002341,0.014976,0,0.122316,0.000515,0,0.00506,0.000165,0,0.00186,0.000256,0,0.002276,0.000109,0,0.001077,0.000142,0,0.001491,0.000141,0,0.001388,8.7e-05,0,0.000836,0.000348,0,0.004283,0.000307,0,0.003154,0.000107,0,0.001046,0.000411,0,0.005789,0.000178,0,0.002124,5e-05,0,0.000417,9.4e-05,0,0.000914,0.000188,0,0.002313,0.000761,0,0.00415,0.000145,0,0.001512,0.000206,0,0.002274,0.000252,0,0.002285,0.000106,0,0.001314,0.000185,0,0.002035,0.000155,0,0.00196
"PH_TB_10.sorted.bam","10","TB",0.009778,0,0.039292,0.008205,0,0.037027,0.005149,0,0.033362,0.287524,0.234536,0.337383,0.677138,0.615637,0.736052,0.001455,0,0.010693,0.003213,0,0.020572,0.007539,0,0.034169,0.000286,0,0.003657,0.001977,0,0.031011,0.000551,0,0.00668,0.00191,0,0.025456,0.00106,0,0.013738,0.000918,0,0.012194,0.002469,0,0.035684,0.004634,0,0.049353,0.001889,0,0.023767,0.00035,0,0.003584,0.002995,0,0.037734,0.002045,0,0.028156,0.002069,0,0.029024,0.562932,0.449945,0.668563,0.391403,0.284763,0.49534,0.000591,0,0.007855,0.000325,0,0.003789,0.000189,0,0.001872,0.000332,0,0.00333,0.000347,0,0.004547,0.000168,0,0.001411,0.002748,0,0.035722,0.001136,0,0.014393,0.000625,0,0.008505,0.00069,0,0.009119,0.00032,0,0.003215,0.000264,0,0.003033,0.000164,0,0.001572,0.006294,0,0.052256,0.004132,0,0.04508,0.000718,0,0.010224,0.001403,0,0.019928,0.000763,0,0.009019,0.000525,0,0.00596,0.000315,0,0.004175,0.000463,0,0.006622
"PH_TB_12.sorted.bam","12","TB",0.019961,0,0.047726,0.003562,0,0.028151,0.003182,0,0.029584,0.30235,0.256762,0.349234,0.647327,0.581406,0.721508,0.001992,0,0.017194,0.020646,0,0.048219,0.000978,0,0.007716,0.000229,0,0.002936,0.000406,0,0.005117,0.002184,0,0.025803,0.000334,0,0.002713,0.000607,0,0.006616,0.00104,0,0.014257,0.000205,0,0.00259,0.000456,0,0.003954,0.000659,0,0.006969,0.000294,0,0.002911,0.000504,0,0.006687,0.000369,0,0.004589,0.001282,0,0.016052,0.60176,0.51037,0.695448,0.34424,0.2471,0.454823,0.000517,0,0.007147,0.00032,0,0.003114,0.000251,0,0.002347,0.000393,0,0.004516,0.001237,0,0.018386,0.000319,0,0.003835,0.03736,0,0.092906,0.000354,0,0.003575,0.001018,0,0.016061,0.000528,0,0.006895,0.000737,0,0.007224,0.000379,0,0.003902,0.000236,0,0.002432,0.00014,0,0.001571,0.000244,0,0.002599,0.000132,0,0.001002,0.000114,0,0.001146,0.000283,0,0.002495,0.000249,0,0.002704,0.000444,0,0.005158,0.000176,0,0.002079
"PH_TB_1.sorted.bam","1","TB",0.034582,0,0.079938,0.003034,0,0.023423,0.003034,0,0.024799,0.238062,0.191792,0.283101,0.70278,0.638609,0.778873,0.001423,0,0.011401,0.014744,0,0.046942,0.002341,0,0.016063,0.000148,0,0.001618,0.000628,0,0.005823,0.001258,0,0.018951,0.000578,0,0.005224,0.000412,0,0.004244,0.000773,0,0.010943,0.001409,0,0.021482,0.000573,0,0.007426,0.000773,0,0.007433,0.000826,0,0.009932,0.039044,0,0.147888,0.000366,0,0.00467,0.001385,0,0.015134,0.470562,0.37344,0.561804,0.446451,0.331683,0.572088,0.000345,0,0.00434,0.000724,0,0.010627,0.000348,0,0.003506,0.000334,0,0.004045,0.000234,0,0.001986,0.000243,0,0.002112,0.026412,0,0.092833,0.000213,0,0.002238,0.000466,0,0.004539,0.000283,0,0.002799,0.000403,0,0.003859,0.000147,0,0.001629,0.000518,0,0.007141,0.000453,0,0.005213,0.000636,0,0.008074,0.000558,0,0.007259,0.000539,0,0.006281,0.000665,0,0.008459,0.000228,0,0.002354,0.000527,0,0.006685,0.000539,0,0.00753
"PH_TB_2.sorted.bam","2","TB",0.007922,0,0.031094,0.001952,0,0.01397,0.002134,0,0.01503,0.307284,0.258521,0.351928,0.665797,0.612308,0.720474,0.002607,0,0.017706,0.008992,0,0.032469,0.003312,0,0.019493,0.000236,0,0.002649,0.000213,0,0.002611,0.000221,0,0.002342,0.000523,0,0.006465,0.00036,0,0.004156,0.000558,0,0.008572,0.000154,0,0.001784,0.001442,0,0.00713,0.001189,0,0.007984,0.001601,0,0.007119,0.00111,0,0.014899,0.000414,0,0.004732,0.000179,0,0.001717,0.605637,0.504258,0.703063,0.361338,0.265777,0.468572,0.000603,0,0.008725,0.00029,0,0.002502,0.000282,0,0.002859,0.000314,0,0.003422,0.000336,0,0.003287,0.001099,0,0.012563,0.012462,0,0.060392,0.000274,0,0.002863,0.000454,0,0.0061,0.002083,0,0.02947,0.000889,0,0.013593,0.000752,0,0.011334,0.000409,0,0.00493,0.000306,0,0.002994,0.000469,0,0.004894,0.000164,0,0.001912,0.000547,0,0.006535,0.000352,0,0.003594,0.00044,0,0.005009,0.000252,0,0.00237,0.002047,0,0.017542
"PH_TB_3.sorted.bam","3","TB",0.045654,0.015772,0.068738,0.04518,0.006534,0.090544,0.003054,0,0.018311,0.228323,0.14816,0.281723,0.623237,0.557878,0.69971,0.001953,0,0.013083,0.038674,1e-06,0.067814,0.013925,0,0.06242,0.000127,0,0.001072,0.001214,0,0.01827,0.02385,0,0.069589,0.000599,0,0.00692,0.000415,0,0.006124,0.000755,0,0.010075,0.014371,0,0.112505,0.033813,0,0.175929,0.000506,0,0.006072,0.001519,0,0.021517,0.000681,0,0.007107,0.001832,0,0.027408,0.000505,0,0.006488,0.386087,0,0.555352,0.427754,0.294079,0.692855,0.000315,0,0.003766,0.000309,0,0.003648,0.00049,0,0.006653,0.000534,0,0.00767,0.000442,0,0.005356,0.000319,0,0.003887,0.072822,0,0.130779,0.000211,0,0.002113,0.000757,0,0.011388,0.001029,0,0.013353,0.000341,0,0.003755,0.000354,0,0.003802,0.000487,0,0.006169,0.001053,0,0.015195,0.004865,0,0.048885,0.001326,0,0.01935,0.017267,0,0.120763,0.001079,0,0.011687,0.000825,0,0.011537,0.000859,0,0.012506,0.000288,0,0.003618
"PH_TB_4.sorted.bam","4","TB",0.064117,0,0.105306,0.075722,0.049437,0.108368,0.09273,0.050216,0.158981,0.268209,0.219533,0.317999,0.248318,0.203633,0.293678,0.109341,0.062043,0.177853,0.070001,0.007365,0.105733,0.071562,0.04428,0.105763,4.4e-05,0,0.000401,0.00029,0,0.003074,4.7e-05,0,0.000417,0.000336,0,0.004823,0.035247,0,0.186423,0.000217,0,0.001877,0.000245,0,0.002735,0.00562,0,0.102601,0.000511,0,0.006063,6.5e-05,0,0.000619,0.000357,0,0.003178,0.004418,0,0.052307,0.142714,0,0.313561,0.33379,0,0.536377,0.000153,0,0.001474,0.000139,0,0.001033,0.001296,0,0.018033,0.000345,0,0.003028,0.188776,0,0.352059,0.002705,0,0.038934,4.8e-05,0,0.000456,0.12623,0,0.208894,0.005727,0,0.066755,0.000233,0,0.002163,0.007089,0,0.081182,0.000136,0,0.001094,0.000131,0,0.001418,3e-05,0,0.00032,0.000549,0,0.003741,0.098752,0,0.177158,0.00564,0,0.084044,0.000256,0,0.002369,0.012211,0,0.138396,0.025194,0,0.158829,0.000397,0,0.004592,6.2e-05,0,0.000599
"PH_TB_6.sorted.bam","6","TB",0.028495,0,0.05565,0.009626,0,0.047026,0.002547,0,0.020604,0.277034,0.229537,0.323466,0.651732,0.586703,0.737109,0.00188,0,0.014459,0.026626,0,0.054585,0.002059,0,0.014648,0.000292,0,0.003768,0.000654,0,0.007546,0.00095,0,0.013028,0.001066,0,0.011735,0.000963,0,0.013321,0.000556,0,0.006825,0.000555,0,0.007202,0.001764,0,0.022451,0.000172,0,0.001738,0.000169,0,0.001548,0.001575,0,0.021367,0.012781,0,0.086207,0.000759,0,0.010265,0.550524,0.453109,0.645029,0.36832,0.269748,0.4948,0.000572,0,0.007187,0.000667,0,0.009446,0.000376,0,0.003299,0.000197,0,0.00179,0.000437,0,0.005403,0.00043,0,0.005739,0.051564,0,0.107352,0.000184,0,0.002121,0.000254,0,0.002031,0.000294,0,0.002971,0.000206,0,0.001951,0.000312,0,0.004017,0.000159,0,0.001731,0.00042,0,0.005178,0.000341,0,0.005037,0.000394,0,0.005529,0.000225,0,0.001932,0.000543,0,0.006041,0.000339,0,0.003792,0.000121,0,0.001213,0.000867,0,0.010952
"PH_TB_7.sorted.bam","7","TB",0.018092,0,0.053228,0.045871,0,0.094311,0.004346,0,0.030488,0.29875,0.245864,0.351003,0.482225,0.431738,0.539966,0.134162,0.092755,0.174283,0.015506,0,0.04796,0.001047,0,0.008653,0.000271,0,0.00339,0.000857,0,0.009223,0.000893,0,0.011291,0.003509,0,0.037557,0.000342,0,0.003766,0.000661,0,0.008264,0.000709,0,0.008042,0.000355,0,0.004124,0.000473,0,0.005153,0.000344,0,0.003689,0.002488,0,0.036154,0.081236,0,0.186921,0.001343,0,0.007291,0.518325,0.256335,0.68653,0.088359,0,0.323186,0.003629,0,0.048689,0.002527,0,0.041385,0.001295,0,0.016888,0.076436,0,0.294435,0.182945,0,0.342071,0.00033,0,0.003539,0.0241,0,0.092666,0.004387,0,0.052907,0.000311,0,0.003747,0.000306,0,0.003209,0.001099,0,0.014897,0.000329,0,0.003493,0.000153,0,0.00169,0.000351,0,0.004034,0.000251,0,0.002708,9.8e-05,0,0.000895,0.00021,0,0.002299,0.000297,0,0.002204,0.000504,0,0.004427,0.000175,0,0.002235,0.000104,0,0.001265
"PH_TB_8.sorted.bam","8","TB",0.028778,0,0.059141,0.007762,0,0.037634,0.023686,0,0.125457,0.256586,0.177432,0.314785,0.655486,0.595467,0.71969,0.003616,0,0.020639,0.021245,0,0.050265,0.002841,0,0.018433,0.000193,0,0.002665,0.00469,0,0.055327,0.001108,0,0.015623,0.001128,0,0.016388,0.002034,0,0.028686,0.000349,0,0.004567,0.001369,0,0.019438,0.001975,0,0.02597,0.038242,0,0.248456,0.023567,0,0.163698,0.008321,0,0.09058,0.002785,0,0.036126,0.003356,0,0.044456,0.422541,0,0.626623,0.43637,0.284697,0.713861,0.000553,0,0.006807,0.000762,0,0.009896,0.000332,0,0.004165,0.001199,0,0.017978,0.000168,0,0.001658,0.001554,0,0.01724,0.040604,0,0.098994,0.000237,0,0.002431,0.000245,0,0.002543,0.000394,0,0.005463,0.000383,0,0.002805,0.000198,0,0.002441,8.2e-05,0,0.000997,0.000505,0,0.006617,0.000824,0,0.012134,0.001336,0,0.018711,0.000321,0,0.003509,0.000678,0,0.006857,0.000913,0,0.012168,0.000264,0,0.002252,0.000421,0,0.005807
"PH_TB_9.sorted.bam","9","TB",0.239653,0.187151,0.279268,0.023379,0,0.058098,0.037719,0,0.072408,0.082082,0.043081,0.134122,0.160111,0.109118,0.216911,0.132319,0.09035,0.185847,0.274235,0.186193,0.322203,0.050502,0.027554,0.075471,3.6e-05,0,0.000331,0.001364,0,0.015292,4.5e-05,0,0.000476,0.00037,0,0.00324,0.001822,0,0.029203,0.000365,0,0.003804,0.000757,0,0.00944,0.000954,0,0.014394,0.002233,0,0.031293,4.8e-05,0,0.000486,0.034245,0,0.276632,0.002413,0,0.037211,0.005041,0,0.0721,0.054144,0,0.174399,0.000202,0,0.002396,0.000236,0,0.002934,0.020071,0,0.09513,0.000775,0,0.006,0.034597,0,0.249703,0.192732,0,0.32243,6.3e-05,0,0.000708,0.441673,0.197023,0.547176,0.019387,0,0.105831,0.000538,0,0.006948,0.071196,0,0.191709,0.013538,0,0.162049,0.000164,0,0.001443,4.1e-05,0,0.000418,0.000589,0,0.007426,0.000658,0,0.010477,0.063929,0,0.139098,0.000186,0,0.001604,0.017703,0,0.119627,0.015937,0,0.126349,0.001892,0,0.025119,5.5e-05,0,0.00056
"PH_WC_10.sorted.bam","10","WC",0.17226,0.106116,0.211093,0.001665,0,0.012972,0.546971,0.457898,0.71269,0.003914,0,0.029058,0.104556,0.034523,0.169162,0.009202,0,0.043504,0.158683,0.058092,0.202997,0.002748,0,0.017454,9e-05,0,0.00074,0.000564,0,0.006629,0.000154,0,0.001637,0.017665,0,0.20175,0.000331,0,0.002906,0.431715,0.30102,0.576881,0.001049,0,0.012798,0.000315,0,0.00401,0.001621,0,0.020796,0.000228,0,0.00259,0.001586,0,0.024788,0.000685,0,0.00877,0.202897,0.057758,0.33434,0.001968,0,0.026915,0.000249,0,0.002506,0.006655,0,0.059864,0.00044,0,0.004081,0.006479,0,0.072883,0.001596,0,0.023027,0.000982,0,0.013492,0.000264,0,0.002164,0.315517,0.112373,0.404539,0.000193,0,0.002484,5e-04,0,0.005704,0.000406,0,0.003607,0.00025,0,0.002936,0.000154,0,0.001562,6.9e-05,0,0.000567,0.001303,0,0.021209,0.000494,0,0.00618,0.00102,0,0.014962,0.000416,0,0.004836,0.000245,0,0.003188,0.001571,0,0.022303,0.000208,0,0.001846,0.000119,0,0.001119
"PH_WC_11.sorted.bam","11","WC",0.167788,0.103434,0.20687,0.001571,0,0.012013,0.548337,0.457652,0.749851,0.008411,0,0.049636,0.11409,0.000381,0.18445,0.006019,0,0.044991,0.150032,0.026284,0.198106,0.003752,0,0.024942,6.4e-05,0,0.000794,0.00081,0,0.009094,0.000188,0,0.002308,0.038707,0,0.291472,0.000226,0,0.002957,0.416255,0.287711,0.625957,0.000662,0,0.009114,0.000402,0,0.004019,0.002532,0,0.033698,0.000109,0,0.001164,0.00072,0,0.006901,0.00017,0,0.001494,0.217261,0,0.366216,0.003692,0,0.055351,0.000113,0,0.001227,0.000808,0,0.008628,0.000297,0,0.003402,0.003686,0,0.05118,0.00155,0,0.023016,0.004473,0,0.070208,0.000154,0,0.001905,0.291494,0,0.395328,0.000201,0,0.00205,0.000315,0,0.003582,0.007519,0,0.084852,0.000102,0,0.001036,0.000137,0,0.001321,3.8e-05,0,0.000344,0.002247,0,0.032007,0.000661,0,0.009515,0.001437,0,0.023042,0.000246,0,0.002839,0.001536,0,0.018898,0.000779,0,0.011883,0.00022,0,0.001926,0.00019,0,0.002413
"PH_WC_1.sorted.bam","1","WC",0.143153,0.071879,0.182305,0.001422,0,0.011472,0.537952,0.447963,0.707487,0.047902,0.00014,0.095937,0.102143,0.03483,0.174137,0.016482,0,0.054434,0.128923,0.014724,0.173891,0.022024,2e-06,0.051097,0.000106,0,0.000966,0.000247,0,0.002927,0.00015,0,0.001563,0.018825,0,0.1994,0.000388,0,0.004286,0.374631,0.228671,0.596117,0.000757,0,0.009078,0.000555,0,0.00366,0.078122,0,0.185385,7e-05,0,0.000724,0.000294,0,0.003601,0.000341,0,0.004121,0.200894,0.069372,0.344401,0.000356,0,0.00474,0.000123,0,0.001487,0.003761,0,0.048916,0.000558,0,0.005633,0.00694,0,0.068554,0.010756,0,0.088983,0.000375,0,0.002893,0.000242,0,0.003088,0.2563,0.015222,0.346841,0.000108,0,0.000933,0.000244,0,0.002372,0.000441,0,0.003298,0.000227,0,0.002433,0.000142,0,0.001436,8.3e-05,0,0.000897,0.005908,0,0.054006,0.000346,0,0.00422,0.021227,0,0.096056,0.004677,0,0.050742,0.001553,0,0.019697,0.009948,0,0.062593,0.000217,0,0.002415,8.6e-05,0,0.000689
"PH_WC_2.sorted.bam","2","WC",0.144837,0.065026,0.184937,0.002055,0,0.014839,0.529252,0.438861,0.709282,0.029906,0,0.067823,0.089187,0.004686,0.147771,0.042537,0.015268,0.075399,0.142851,0.059529,0.183515,0.019375,0,0.05059,8.1e-05,0,0.000807,0.000774,0,0.010057,0.000106,0,0.001119,0.001842,0,0.022099,0.000373,0,0.002788,0.428639,0.289223,0.702854,0.00018,0,0.001829,0.000313,0,0.003187,0.004132,0,0.051126,0.000203,0,0.002492,0.000382,0,0.004036,0.000393,0,0.004653,0.167402,0,0.29028,0.001852,0,0.026368,0.001683,0,0.023049,0.000544,0,0.003488,0.000756,0,0.01093,0.017204,0,0.123042,0.051866,0,0.130277,0.000677,0,0.007325,0.000447,0,0.005006,0.283693,0.117061,0.365311,0.000283,0,0.003534,0.000381,0,0.002743,0.000193,0,0.002482,0.000206,0,0.002509,0.000245,0,0.002627,6e-05,0,0.000652,0.002094,0,0.029561,0.001006,0,0.01623,0.009892,0,0.077202,0.000871,0,0.009838,0.004096,0,0.061192,0.012887,0,0.083885,0.000582,0,0.008362,0.003661,0,0.027086
"PH_WC_3.sorted.bam","3","WC",0.160488,0.086358,0.209953,0.000941,0,0.007784,0.557476,0.466062,0.72546,0.0011,0,0.009044,0.129485,0.074955,0.183859,0.012624,0,0.064688,0.137292,2e-06,0.189488,0.000595,0,0.004731,8.6e-05,0,0.000898,0.00065,0,0.009809,7.8e-05,0,0.000935,0.03909,0,0.26191,0.000184,0,0.001773,0.405444,0.276011,0.565209,0.000186,0,0.001666,0.000137,0,0.001354,0.000694,0,0.009529,0.000125,0,0.001449,0.000337,0,0.003507,0.000206,0,0.002023,0.253163,0.136471,0.366033,0.000326,0,0.002862,0.000109,0,0.001175,0.007113,0,0.070767,0.000229,0,0.002487,0.010358,0,0.114357,0.000291,0,0.003397,0.004331,0,0.075679,0.001255,0,0.015187,0.273214,0,0.378109,0.000144,0,0.001763,0.00042,0,0.003659,0.000171,0,0.001688,0.00022,0,0.002237,0.000241,0,0.003257,5.8e-05,0,0.000593,0.000215,0,0.001929,0.000176,0,0.002134,0.000154,0,0.00167,0.000145,0,0.00169,0.000168,0,0.001544,0.000176,0,0.002084,5.8e-05,0,0.000512,4.9e-05,0,0.000429
"PH_WC_5.sorted.bam","5","WC",0.170507,0.103502,0.207608,0.000702,0,0.005944,0.447182,0.35748,0.658531,0.011096,0,0.061812,0.122049,0.000184,0.192688,0.014757,0,0.066677,0.158275,0.038127,0.206629,0.075433,0.043666,0.107465,3.3e-05,0,0.00031,0.000187,0,0.001686,6.5e-05,0,0.000643,0.040677,0,0.279587,0.000263,0,0.003133,0.214957,0.084206,0.400578,0.000149,0,0.001414,0.000128,0,0.001416,0.004973,0,0.077251,7e-05,0,0.000632,0.000872,0,0.006613,0.000117,0,0.001092,0.241557,0,0.384799,0.000454,0,0.005889,8.3e-05,0,0.000727,0.000467,0,0.005791,0.000177,0,0.00168,0.023554,0,0.132445,0.003385,0,0.048044,0.000717,0,0.01097,0.000108,0,0.000817,0.298219,0,0.412421,0.000323,0,0.00331,0.004507,0,0.111263,0.012791,0,0.117799,8.5e-05,0,0.000913,0.000241,0,0.002871,3.3e-05,0,0.000334,0.000377,0,0.003549,7.7e-05,0,0.000615,0.148918,0.084222,0.214285,0.000172,0,0.002261,0.00013,0,0.001345,0.000757,0,0.011253,0.000315,0,0.002843,6e-05,0,0.000644
"PH_WC_6.sorted.bam","6","WC",0.148211,0.067466,0.189336,0.001326,0,0.009952,0.53076,0.440886,0.702933,0.010304,0,0.050472,0.141056,0.080034,0.199443,0.019716,0,0.059587,0.143343,0.059855,0.185436,0.005284,0,0.03089,0.000123,0,0.001145,0.000362,0,0.004014,9.7e-05,0,0.001122,0.001125,0,0.01642,0.000407,0,0.005149,0.384821,0.255798,0.578205,0.000518,0,0.006076,0.00029,0,0.002927,0.005853,0,0.081482,9.5e-05,0,0.000863,0.003824,0,0.0508,0.000172,0,0.001543,0.27142,0.130082,0.393326,0.001971,0,0.026339,0.00072,0,0.007153,0.005108,0,0.052664,0.00063,0,0.008506,0.011469,0,0.101088,0.01086,0,0.077886,0.002464,0,0.033774,0.001105,0,0.015536,0.284641,0.116985,0.368716,0.000233,0,0.002514,0.00032,0,0.003763,0.000608,0,0.006518,0.000126,0,0.001139,0.000226,0,0.002393,5.9e-05,0,0.000645,0.000597,0,0.008715,0.000364,0,0.004126,0.001285,0,0.020684,0.000318,0,0.002918,0.000696,0,0.009539,0.006463,0,0.056774,0.000415,0,0.004543,0.000214,0,0.002197
"PH_WC_7.sorted.bam","7","WC",0.177743,0.110516,0.216791,0.001807,0,0.014883,0.548365,0.453309,0.731403,0.00202,0,0.01681,0.079514,0.015537,0.136708,0.005391,0,0.030167,0.165843,0.069268,0.210203,0.019317,0,0.047781,0.000145,0,0.001376,0.000387,0,0.005418,0.000114,0,0.000972,0.001165,0,0.011369,0.000966,0,0.014058,0.468891,0.330922,0.728371,0.000141,0,0.001492,0.00017,0,0.001893,0.001317,0,0.02007,0.000112,0,0.001464,0.01499,0,0.122378,0.000429,0,0.004367,0.138156,0,0.265388,0.000662,0,0.00852,0.000128,0,0.001239,0.000726,0,0.009993,0.000206,0,0.002675,0.001224,0,0.018435,0.000564,0,0.006358,0.000892,0,0.013478,0.000238,0,0.002422,0.328301,0.124925,0.417565,0.00036,0,0.003555,0.000222,0,0.002407,0.000575,0,0.00773,0.000311,0,0.003345,0.000101,0,0.001166,4.7e-05,0,0.000529,0.009487,0,0.058189,0.00087,0,0.013414,0.015898,0,0.088418,0.000387,0,0.00448,0.003333,0,0.03867,0.006591,0,0.056843,0.001722,0,0.027033,0.000172,0,0.001903
"PH_WC_8.sorted.bam","8","WC",0.158549,0.080758,0.199484,0.00102,0,0.008045,0.473694,0.391055,0.623673,0.005981,0,0.038168,0.128544,0.068403,0.183939,0.00398,0,0.030966,0.157631,0.080275,0.198073,0.070601,0.039694,0.10368,0.000122,0,0.001038,0.000308,0,0.004013,9.2e-05,0,0.001046,0.003987,0,0.057127,0.000204,0,0.002431,0.275509,0.152645,0.444863,0.000424,0,0.006035,0.000311,0,0.003728,0.001531,0,0.025056,5.8e-05,0,0.000487,0.000623,0,0.008079,0.000177,0,0.001971,0.250406,0.091989,0.363644,0.004165,0,0.061095,0.000342,0,0.003675,0.000671,0,0.009382,0.000358,0,0.004673,0.001983,0,0.02562,0.003297,0,0.045081,0.000349,0,0.0044,0.000133,0,0.001234,0.310442,0.125299,0.393978,0.000342,0,0.003772,0.000313,0,0.002529,0.001912,0,0.027361,3e-04,0,0.003308,0.000432,0,0.003292,9.8e-05,0,0.000888,0.000399,0,0.004407,0.000154,0,0.001546,0.137945,0.068572,0.205693,0.000207,0,0.001691,0.000382,0,0.003683,0.000602,0,0.006997,0.001325,0,0.00528,9.4e-05,0,0.001117
"PH_WC_9.sorted.bam","9","WC",0.145582,0.07227,0.185462,0.004929,0,0.026351,0.537836,0.458205,0.683181,0.010095,0,0.049372,0.143079,0.086836,0.208702,0.010438,0,0.044928,0.144609,0.068964,0.184494,0.003433,0,0.023295,0.000114,0,0.001091,0.001035,0,0.014532,0.000321,0,0.004604,0.00068,0,0.008501,0.000275,0,0.003425,0.393161,0.273009,0.5539,0.001062,0,0.015331,0.00051,0,0.007117,0.005295,0,0.073452,0.000279,0,0.003271,0.000444,0,0.003987,0.004147,0,0.040525,0.277901,0.155007,0.415536,0.001121,0,0.015606,0.000432,0,0.004756,0.001009,0,0.015163,0.002474,0,0.03447,0.003295,0,0.044434,0.009906,0,0.082106,0.001107,0,0.007327,0.000138,0,0.001502,0.286448,0.135125,0.364596,0.000283,0,0.00293,0.000634,0,0.005263,0.000981,0,0.014739,0.000276,0,0.003011,0.000196,0,0.001778,8.7e-05,0,0.000903,0.000257,0,0.002271,0.000492,0,0.006074,0.001271,0,0.01769,0.000755,0,0.010178,0.000296,0,0.002706,0.002613,0,0.031958,0.000227,0,0.001926,0.000478,0,0.006721
"PH_WF_10.sorted.bam","10","WF",0.104844,0.001501,0.141751,0.0181,0,0.048449,0.003984,0,0.026613,0.379096,0.334539,0.465934,0.119196,0.057559,0.162218,0.250228,0.204052,0.313952,0.113064,0.068153,0.14207,0.011488,0,0.039598,4.3e-05,0,0.000389,0.006402,0,0.083255,9e-05,0,0.001003,0.000458,0,0.004646,0.003483,0,0.044402,0.000195,0,0.002327,0.000236,0,0.00231,0.001927,0,0.026007,0.001598,0,0.024361,0.000102,0,0.001036,0.000132,0,0.001367,0.002792,0,0.032495,0.000503,0,0.006652,0.233893,0.104654,0.323035,0.000164,0,0.001499,0.000258,0,0.002677,0.004742,0,0.05344,0.000275,0,0.001398,0.494347,0.394242,0.627108,0.000158,0,0.001491,6.8e-05,0,0.000598,0.197969,0,0.281524,0.001306,0,0.019062,0.000416,0,0.004562,0.025229,0,0.190904,0.000167,0,0.001598,7.9e-05,0,0.000826,4.3e-05,0,0.000514,0.004146,0,0.057731,0.015367,0,0.067921,0.000845,0,0.01221,0.000759,0,0.011111,0.000419,0,0.005035,0.000462,0,0.00462,0.000876,0,0.006026,5e-05,0,0.000454
"PH_WF_11.sorted.bam","11","WF",0.166156,0.065283,0.209396,0.009746,0,0.043643,0.132515,0.090652,0.19989,0.195274,0.156745,0.246205,0.079165,0.038535,0.124266,0.115876,0.080584,0.155498,0.184748,0.13349,0.215802,0.116519,0.089097,0.147966,3.2e-05,0,0.000283,0.000278,0,0.003625,4.7e-05,0,0.000441,0.000174,0,0.001624,0.004843,0,0.052806,9.5e-05,0,0.000861,9.5e-05,0,0.000737,0.000414,0,0.004994,0.005771,0,0.066901,6.3e-05,0,6e-04,0.002684,0,0.036909,0.001543,0,0.021093,0.040092,0,0.21244,0.110383,0,0.223504,0.000193,0,0.002058,0.000155,0,0.001084,0.005134,0,0.069246,0.00045,0,0.004402,0.223786,0.141852,0.30751,0.001672,0,0.022544,5.5e-05,0,0.000465,0.315242,0,0.417458,0.003111,0,0.042122,0.000527,0,0.004829,0.049744,0,0.293584,0.000246,0,0.002326,0.000142,0,0.001421,4.7e-05,0,0.000462,0.013621,0,0.154453,0.004077,0,0.049379,0.212983,0.101271,0.27573,0.000229,0,0.002335,0.001324,0,0.017068,0.000303,0,0.00365,0.000392,0,0.004191,5.5e-05,0,0.000534
"PH_WF_12.sorted.bam","12","WF",0.086449,0.040091,0.11666,0.024123,0,0.058884,0.005935,0,0.04483,0.412274,0.356873,0.46978,0.067431,4.7e-05,0.138821,0.274069,0.226377,0.326056,0.09234,0.057229,0.12422,0.03738,0.000635,0.071714,0.000305,0,0.004018,0.000519,0,0.00703,0.000473,0,0.006167,0.000157,0,0.001608,0.001471,0,0.021544,0.000386,0,0.005122,0.000512,0,0.004578,0.004966,0,0.057706,0.000916,0,0.012336,0.184831,0.080448,0.282682,0.000931,0,0.013814,0.016716,0,0.102905,0.000643,0,0.007329,0.073015,0,0.274245,0.003151,0,0.050092,0.000383,0,0.003414,0.004233,0,0.047212,0.000489,0,0.006617,0.358096,0.153645,0.56023,0.012406,0,0.132429,0.083245,0,0.187022,0.165969,0.031324,0.230109,0.007813,0,0.070199,0.000456,0,0.005975,0.001382,0,0.014662,0.00104,0,0.008048,0.001425,0,0.015135,0.000569,0,0.0079,0.003815,0,0.061365,0.011582,0,0.082714,0.006965,0,0.082342,0.015997,0,0.109785,0.023809,0,0.120882,0.004617,0,0.067111,0.005457,0,0.066839,0.001259,0,0.018798
"PH_WF_1.sorted.bam","1","WF",0.098595,0.028915,0.137039,0.027454,0,0.062586,0.036988,0,0.102117,0.353196,0.307984,0.40313,0.090485,3e-06,0.161631,0.226486,0.1801,0.288959,0.106056,0.056558,0.13798,0.060739,0.027727,0.101042,6.4e-05,0,0.000654,0.015843,0,0.114984,0.000152,0,0.00185,0.001036,0,0.011375,0.002698,0,0.036458,0.000312,0,0.003265,0.010844,0,0.132819,0.002413,0,0.033065,0.003394,0,0.053428,0.000183,0,0.002114,0.000425,0,0.004766,0.000949,0,0.013584,0.000347,0,0.003702,0.177975,0,0.318024,0.00013,0,0.00123,0.000186,0,0.001504,0.007824,0,0.07894,0.000345,0,0.004084,0.44261,0.347497,0.567569,0.000588,0,0.008117,7.7e-05,0,0.000705,0.168179,0,0.270212,0.003552,0,0.04513,0.000454,0,0.006173,0.037698,0,0.192312,0.000157,0,0.00168,0.000158,0,0.001715,5.7e-05,0,0.000576,0.000549,0,0.007589,0.021326,0,0.099889,0.065078,0,0.194637,0.031092,0,0.168402,0.000269,0,0.003396,0.001107,0,0.01208,0.001802,0,0.029045,0.000127,0,0.001303
"PH_WF_2.sorted.bam","2","WF",0.045676,0,0.093062,0.011913,0,0.047766,0.007164,0,0.045174,0.368946,0.306228,0.434003,0.165501,0.085567,0.227489,0.276799,0.222917,0.33392,0.100268,0.066746,0.140526,0.023735,0,0.062873,0.000109,0,0.001055,0.000396,0,0.004899,0.002261,0,0.032893,0.000248,0,0.002388,0.003838,0,0.049633,0.000437,0,0.005139,0.000199,0,0.002392,0.006699,0,0.069838,0.001589,0,0.01547,0.021647,0,0.131615,0.000672,0,0.009814,0.000821,0,0.010919,0.001074,0,0.0135,0.319322,0.155838,0.446876,0.001443,0,0.02195,0.001746,0,0.026336,0.003819,0,0.056877,0.001276,0,0.017197,0.269967,0.157697,0.388511,0.001352,0,0.019858,0.136542,0.065823,0.212455,0.084574,0,0.185045,0.001936,0,0.027041,0.003581,0,0.050052,0.090119,0,0.24456,0.003687,0,0.052451,0.001427,0,0.017165,0.007005,0,0.05093,0.003298,0,0.04488,0.001797,0,0.028155,0.001849,0,0.024198,0.006702,0,0.065417,0.001187,0,0.01672,0.000926,0,0.00903,0.001201,0,0.018241,0.015256,0,0.060494
"PH_WF_3.sorted.bam","3","WF",0.068023,1e-06,0.100665,0.005826,0,0.033281,0.00552,0,0.035954,0.445037,0.383516,0.51373,0.125401,0.054954,0.191444,0.245991,0.196605,0.318395,0.0797,0.048789,0.109021,0.024501,0,0.058498,0.000765,0,0.010513,0.00053,0,0.006208,0.001799,0,0.024201,0.000978,0,0.012802,0.000607,0,0.007207,0.002353,0,0.029863,0.000543,0,0.00603,0.003267,0,0.046485,0.001871,0,0.028801,0.154257,0.066775,0.253486,0.000548,0,0.004576,0.000956,0,0.013629,0.000375,0,0.004891,0.245902,0.104556,0.37978,0.000189,0,0.002072,0.000191,0,0.001442,0.000796,0,0.010915,0.000473,0,0.004842,0.321685,0.186823,0.505371,0.000664,0,0.005836,0.082855,0,0.15553,0.130968,0,0.195509,0.001105,0,0.014811,0.001358,0,0.018037,0.003047,0,0.043224,0.000523,0,0.006468,0.001082,0,0.013292,0.001895,0,0.025298,0.000756,0,0.011325,0.000792,0,0.011298,0.000672,0,0.008863,0.005245,0,0.071262,0.001457,0,0.025744,0.001383,0,0.021081,0.017526,0,0.107123,0.010586,0,0.048943
"PH_WF_4.sorted.bam","4","WF",0.050963,0,0.089236,0.002111,0,0.017218,0.002329,0,0.017797,0.454626,0.387719,0.523963,0.12831,0.040478,0.199575,0.276229,0.217787,0.337891,0.070339,0.040952,0.104068,0.015093,0,0.059652,0.00038,0,0.005023,0.000192,0,0.001894,0.00028,0,0.003347,0.000795,0,0.010974,0.000137,0,0.001233,0.000133,0,0.00148,0.00518,0,0.098576,0.000928,0,0.011042,0.000898,0,0.008465,0.196582,0.078697,0.306017,0.000495,0,0.006607,0.000191,0,0.002149,0.000157,0,0.001235,0.104982,0,0.388039,0.046675,0,0.171054,0.01142,0,0.105753,0.000402,0,0.00467,0.000472,0,0.0046,0.348158,0.127889,0.559103,0.042182,0,0.258623,0.072508,0,0.199196,0.082101,0,0.171229,0.000269,0,0.003474,0.000509,0,0.005519,0.051009,0,0.191589,0.001072,0,0.010059,0.000514,0,0.004625,0.002023,0,0.024689,0.000982,0,0.015119,0.001542,0,0.022494,0.001422,0,0.021115,0.004933,0,0.064325,0.014191,0,0.115339,0.004292,0,0.057551,0.001156,0,0.019124,0.000834,0,0.010238
"PH_WF_5.sorted.bam","5","WF",0.070326,0.016848,0.111232,0.031986,0,0.07899,0.007926,0,0.047395,0.41796,0.359471,0.477022,0.136469,0.070261,0.210408,0.226368,0.176687,0.286071,0.106791,0.062668,0.146554,0.002174,0,0.015275,0.000523,0,0.005578,0.011055,0,0.099857,0.001048,0,0.015673,0.001054,0,0.011613,0.000967,0,0.011703,0.002821,0,0.033892,0.000663,0,0.008068,0.000986,0,0.013621,0.001331,0,0.017132,0.15845,0.086271,0.231609,0.04985,0,0.200757,0.009078,0,0.09926,0.001289,0,0.018052,0.009484,0,0.118152,0.09515,0,0.204191,0.02971,0,0.14447,0.003667,0,0.050571,0.000653,0,0.005178,0.396613,0.249136,0.538697,0.000684,0,0.00946,0.010248,0,0.090074,0.046775,0,0.207178,0.035593,0,0.148294,0.004384,0,0.06392,0.109609,0,0.263475,0.011471,0,0.125654,0.000695,0,0.008811,0.002256,0,0.026191,0.000499,0,0.002682,0.00053,0,0.007352,0.000532,0,0.008249,0.000333,0,0.004047,0.000781,0,0.009291,0.000219,0,0.002642,0.000542,0,0.008088,0.000456,0,0.005864
"PH_WF_6.sorted.bam","6","WF",0.087656,0.023528,0.124206,0.045904,0.019566,0.072019,0.012501,0,0.077527,0.356663,0.316172,0.413785,0.088448,2e-06,0.159342,0.230823,0.175355,0.302571,0.110068,0.081257,0.144525,0.067938,0.036145,0.115114,3.9e-05,0,0.00036,0.015265,0,0.102691,8.8e-05,0,0.001024,0.000349,0,0.003409,0.001307,0,0.017653,0.000173,0,0.001147,0.000628,0,0.006839,0.000535,0,0.006902,0.006042,0,0.091514,0.000148,0,0.001326,0.000332,0,0.00286,0.005211,0,0.067294,0.002468,0,0.040236,0.150678,0,0.317716,0.000141,0,0.001167,0.000123,0,0.001331,0.00055,0,0.004941,0.000274,0,0.003135,0.459842,0.349123,0.603896,0.000319,0,0.003593,5.9e-05,0,0.000681,0.158229,0,0.24708,0.001888,0,0.026916,0.000731,0,0.01072,0.058351,0,0.242058,0.000269,0,0.00326,0.000101,0,0.00097,3.7e-05,0,0.000371,0.00031,0,0.003418,0.066874,0,0.13673,0.013485,0,0.147659,0.036956,0,0.176315,0.017338,0,0.158573,0.000319,0,0.003626,0.000492,0,0.005417,5.1e-05,0,0.00052
"PH_WF_8.sorted.bam","8","WF",0.175679,0.134632,0.205261,0.007952,0,0.034688,0.003161,0,0.02062,0.312802,0.274239,0.354591,0.109332,0.063488,0.150219,0.210138,0.167366,0.26813,0.177718,0.136713,0.21013,0.003218,0,0.018967,0.000102,0,0.001167,0.000819,0,0.010568,0.000413,0,0.005119,0.000275,0,0.003732,0.001379,0,0.02049,0.000451,0,0.006438,0.000193,0,0.002343,0.006673,0,0.062973,0.00116,0,0.016063,0.001733,0,0.023835,0.000732,0,0.009291,0.001819,0,0.028171,0.000477,0,0.006057,0.211291,0.116186,0.29339,0.000169,0,0.001675,0.000954,0,0.013665,0.001863,0,0.030455,0.000929,0,0.014177,0.397414,0.285515,0.530859,0.002829,0,0.036048,0.007572,0,0.056104,0.348,0.265545,0.407104,0.001004,0,0.013341,0.000649,0,0.007429,0.003348,0,0.05336,0.000866,0,0.013216,0.000457,0,0.005311,0.000304,0,0.003264,0.000181,0,0.001636,0.001524,0,0.022451,0.000552,0,0.007643,0.00206,0,0.026736,0.000313,0,0.003032,0.000684,0,0.010859,0.000505,0,0.00584,0.000309,0,0.004297
"PH_WF_9.sorted.bam","9","WF",0.081632,0.010986,0.112553,0.038788,0.002926,0.074065,0.034033,0,0.088314,0.420851,0.364366,0.48438,0.08837,0.031216,0.157321,0.230345,0.186892,0.275311,0.093469,0.067033,0.121674,0.012512,0,0.051372,0.000159,0,0.001952,0.000816,0,0.008188,0.013237,0,0.06229,0.000429,0,0.004838,0.015213,0,0.098083,0.002696,0,0.033749,0.000242,0,0.002691,0.015293,0,0.109424,0.007182,0,0.081716,0.192109,0.1,0.281928,0.000371,0,0.004514,0.003988,0,0.0523,0.032349,0,0.149082,0.097588,0,0.304761,0.008821,0,0.09937,0.000462,0,0.003541,0.011647,0,0.095406,0.001965,0,0.030062,0.333049,0.151025,0.509498,0.019482,0,0.137738,0.046487,0,0.135322,0.160133,0.015631,0.221697,0.003446,0,0.041494,0.003403,0,0.050041,0.00308,0,0.039265,0.002994,0,0.040219,0.000653,0,0.00645,0.000486,0,0.007002,0.000495,0,0.006787,0.000701,0,0.010172,0.002135,0,0.030896,0.001052,0,0.015207,0.002327,0,0.028933,0.000459,0,0.005665,0.012257,0,0.092778,0.002799,0,0.032006
"PH_WH_10.sorted.bam","10","WH",0.096877,9e-05,0.127011,0.000784,0,0.006134,0.00083,0,0.007122,0.000522,0,0.004109,0.000575,0,0.004712,0.79426,0.740704,0.900863,0.104412,0.074126,0.128974,0.00174,0,0.012431,0.00017,0,0.001671,0.00015,0,0.001529,0.000138,0,0.001766,0.000141,0,0.001274,0.000146,0,0.00151,0.000148,0,0.001417,0.000122,0,0.001212,0.000118,0,0.001238,0.000111,0,0.001303,9e-05,0,0.000793,0.000144,0,0.001576,0.000133,0,0.001379,0.000113,0,0.001309,9.3e-05,0,0.000992,0.000111,0,0.001292,0.000306,0,0.003859,0.000352,0,0.004314,0.00023,0,0.002241,0.000168,0,0.001525,0.000119,0,0.001042,0.786615,0.738084,0.845978,0.192219,0,0.253048,0.000203,0,0.002947,0.000342,0,0.003642,0.000137,0,0.001011,0.000215,0,0.002231,0.013624,0,0.198308,0.000709,0,0.008945,0.00033,0,0.003882,0.000191,0,0.002285,0.000281,0,0.003235,0.000116,0,0.001292,0.00011,0,0.001316,0.00049,0,0.005849,0.000665,0,0.009156,0.000648,0,0.008887
"PH_WH_11.sorted.bam","11","WH",0.12476,0.047299,0.153912,0.000688,0,0.005472,0.010913,0,0.050596,0.001027,0,0.008466,0.003118,0,0.021111,0.733997,0.673826,0.842375,0.124646,0.07561,0.152832,0.000852,0,0.006395,6.7e-05,0,0.000714,0.000126,0,0.001186,9.2e-05,0,0.001,0.000312,0,0.004097,0.000389,0,0.004622,0.001618,0,0.021746,9.6e-05,0,0.000811,0.000134,0,0.001556,0.00022,0,0.001854,0.000158,0,0.00158,0.000478,0,0.006103,0.000186,0,0.002146,0.002166,0,0.027704,0.000185,0,0.002096,0.000325,0,0.00395,0.006123,0,0.092062,0.00012,0,0.001287,0.014327,0,0.097478,0.000676,0,0.007697,0.00136,0,0.018704,0.720219,0.637023,0.816374,0.2421,0.094076,0.302138,0.000102,0,0.000919,0.000786,0,0.011399,0.000265,0,0.002249,0.000876,0,0.013589,0.004717,0,0.073769,0.000153,0,0.001559,0.00015,0,0.001251,0.000134,0,0.001442,0.00039,0,0.005165,0.000164,0,0.002037,0.000334,0,0.004193,0.000233,0,0.002936,0.000141,0,0.001649,7.9e-05,0,0.000887
"PH_WH_12.sorted.bam","12","WH",0.108763,0.020836,0.142121,0.00118,0,0.009802,0.02007,0,0.065164,0.000892,0,0.007809,0.000987,0,0.008345,0.750669,0.691274,0.864487,0.116965,0.068068,0.146995,0.000473,0,0.004014,9.2e-05,0,0.000892,0.000431,0,0.005293,0.000165,0,0.002126,0.014311,0,0.119805,0.000756,0,0.011675,0.006004,0,0.042883,8.7e-05,0,0.000656,0.000215,0,0.002256,0.000169,0,0.002101,0.000152,0,0.001975,0.000115,0,0.001091,8.4e-05,0,0.000653,0.00029,0,0.003597,0.000193,0,0.002172,0.000157,0,0.001642,0.000279,0,0.003321,0.000254,0,0.003311,0.010602,0,0.090382,0.000308,0,0.002786,0.000776,0,0.010463,0.730096,0.656408,0.790426,0.202016,0,0.281511,0.000157,0,0.001795,0.001861,0,0.028072,0.000406,0,0.004169,0.000122,0,0.001346,0.028808,0,0.199749,0.000212,0,0.001936,0.000104,0,0.001076,0.000133,0,0.00145,0.000145,0,0.001472,0.000102,0,0.001009,8.2e-05,0,0.000848,0.00012,0,0.00127,0.000136,0,0.001421,6.3e-05,0,0.000593
"PH_WH_1.sorted.bam","1","WH",0.113745,0.03168,0.144544,0.000509,0,0.004154,0.001026,0,0.008353,0.000584,0,0.004748,0.000907,0,0.008029,0.765701,0.707676,0.87986,0.117023,0.071706,0.146537,0.000505,0,0.003985,0.00012,0,0.001089,0.000215,0,0.002397,6.3e-05,0,0.000712,0.00021,0,0.002881,9.8e-05,0,0.000971,0.000162,0,0.001192,0.000168,0,0.001734,8.8e-05,0,0.000873,0.000188,0,0.001949,8e-05,0,0.000939,0.000332,0,0.003472,8.5e-05,0,0.000956,0.000375,0,0.004479,0.000131,0,0.001499,0.000158,0,0.001625,0.000955,0,0.011315,2e-04,0,0.002239,0.000416,0,0.005258,0.000266,0,0.002953,0.000311,0,0.003105,0.76084,0.702502,0.850378,0.225234,0.054269,0.287565,0.000135,0,0.001225,0.000331,0,0.003334,8.8e-05,0,0.000746,0.000198,0,0.001583,0.007417,0,0.112395,0.000245,0,0.002912,0.000136,0,0.001494,7e-05,0,0.000649,0.00011,0,0.001306,7.7e-05,0,0.000728,6.7e-05,0,0.00062,0.000157,0,0.00162,0.000152,0,0.001602,0.000119,0,0.00138
"PH_WH_2.sorted.bam","2","WH",0.123833,0.015674,0.159546,0.001501,0,0.018704,0.007771,0,0.053516,0.001865,0,0.019673,0.017732,0,0.079152,0.722428,0.658808,0.839358,0.124027,0.06643,0.155907,0.000844,0,0.008161,3.7e-05,0,0.000367,0.000127,0,0.001224,6.7e-05,0,0.00075,0.000216,0,0.002403,0.000157,0,0.00185,0.000123,0,0.001401,0.000158,0,0.001466,0.000101,0,0.000768,0.000104,0,0.000947,7.9e-05,0,0.000852,0.000131,0,0.001384,0.000125,0,0.001385,0.000326,0,0.004004,9.5e-05,0,0.000954,0.000118,0,0.001429,0.016947,0,0.15917,0.002196,0,0.036855,0.014083,0,0.106525,0.002887,0,0.038397,0.034326,0,0.157401,0.678078,0.573927,0.757775,0.22992,0,0.308743,8.4e-05,0,0.000779,0.000279,0,0.002858,0.000165,0,0.00182,9.8e-05,0,0.001048,0.01727,0,0.170439,5.6e-05,0,0.000583,9.2e-05,0,0.000959,7.6e-05,0,7e-04,0.000131,0,0.001325,6.1e-05,0,0.00058,0.000127,0,0.001189,0.00099,0,0.015142,0.000126,0,0.001357,4.3e-05,0,0.000421
"PH_WH_3.sorted.bam","3","WH",0.115918,9e-06,0.147982,0.000791,0,0.006267,0.001731,0,0.01414,0.001012,0,0.008397,0.001627,0,0.012696,0.752407,0.696167,0.886737,0.12557,0.08885,0.151691,0.000944,0,0.00799,0.000101,0,0.000959,0.000239,0,0.003115,9.4e-05,0,0.001131,0.000432,0,0.003085,0.000166,0,0.001812,0.00022,0,0.002408,0.000106,0,0.001315,9.2e-05,0,0.001089,0.000111,0,0.001026,0.000127,0,0.001393,0.000154,0,0.001442,0.000104,0,0.000708,0.000393,0,0.00425,0.000168,0,0.002108,0.000246,0,0.003021,0.000713,0,0.006175,0.000338,0,0.003775,0.001264,0,0.017853,0.000846,0,0.011713,0.00134,0,0.015113,0.740914,0.68693,0.806638,0.229908,0,0.29469,0.000304,0,0.00377,0.000405,0,0.005447,0.000365,0,0.004538,0.000456,0,0.006264,0.017745,0,0.215978,0.000837,0,0.012164,8.2e-05,0,0.00089,0.00015,0,0.001534,0.000249,0,0.003129,8.2e-05,0,0.000763,0.000146,0,0.001501,0.000739,0,0.009821,0.000285,0,0.002775,7.7e-05,0,0.00087
"PH_WH_4.sorted.bam","4","WH",0.15785,0.084792,0.188895,0.000477,0,0.004259,0.002786,0,0.03111,0.054299,0.017473,0.087378,0.008782,0,0.051368,0.610295,0.556001,0.710392,0.165019,0.120238,0.201914,0.000491,0,0.004278,4.4e-05,0,0.000478,0.00012,0,0.00104,4.6e-05,0,0.00048,0.000274,0,0.003052,0.000122,0,0.001024,0.000173,0,0.001905,0.000289,0,0.002769,7.7e-05,0,0.00079,0.000139,0,0.001774,7.2e-05,0,8e-04,0.000438,0,0.005392,5.6e-05,0,0.000488,0.000359,0,0.005017,0.000244,0,0.002083,0.00012,0,0.001334,0.000516,0,0.005779,0.000256,0,0.002772,0.003907,0,0.056652,0.10735,0.033659,0.174187,0.015753,0,0.100734,0.538839,0.456446,0.630832,0.31387,0.169106,0.375922,0.000163,0,0.001492,0.000276,0,0.002613,0.000298,0,0.003146,0.00037,0,0.005104,0.014833,0,0.124991,6.9e-05,0,0.000696,0.000106,0,0.000945,6.9e-05,0,0.000503,0.000149,0,0.001123,5.9e-05,0,0.000668,0.000105,0,0.000839,0.000296,0,0.002854,9e-05,0,0.000724,5.4e-05,0,0.00056
"PH_WH_5.sorted.bam","5","WH",0.129029,0.056949,0.163292,0.00055,0,0.005065,0.071243,0.030069,0.125222,0.000639,0,0.005076,0.000789,0,0.006671,0.638703,0.582707,0.739981,0.129857,0.056588,0.163616,0.02919,0.010245,0.052204,5.2e-05,0,0.000561,0.000103,0,0.000726,5.6e-05,0,0.000621,0.000276,0,0.003977,0.000149,0,0.001657,0.000255,0,0.002882,0.000141,0,0.001478,8.7e-05,0,0.001044,0.000127,0,0.001298,9.9e-05,0,0.001128,9.2e-05,0,0.000934,0.00011,0,0.001125,0.000161,0,0.001835,0.000151,0,0.001513,0.000161,0,0.001732,0.000744,0,0.008736,0.000284,0,0.002679,0.140781,0.058947,0.248309,0.000259,0,0.002883,0.000468,0,0.006841,0.537708,0.460379,0.618379,0.256314,0.111666,0.324703,8.5e-05,0,0.000883,0.000253,0,0.002292,0.000113,0,0.001274,1e-04,0,0.00105,0.002462,0,0.033196,0.000104,0,0.001185,0.000286,0,0.003126,0.000171,0,0.001508,0.00023,0,0.002874,0.000203,0,0.00227,0.000174,0,0.001761,0.056991,0.018993,0.103736,0.000177,0,0.002033,7.5e-05,0,0.000709
"PH_WH_6.sorted.bam","6","WH",0.135496,0.084535,0.162831,0.00143,0,0.010659,0.005124,0,0.042861,0.003077,0,0.020455,0.000983,0,0.007837,0.714309,0.66017,0.812676,0.13601,0.083515,0.163381,0.003571,0,0.016089,0.000117,0,0.00085,0.000167,0,0.001696,0.000193,0,0.002702,0.000373,0,0.004755,0.000269,0,0.003702,0.000353,0,0.004226,0.000274,0,0.003001,0.000122,0,0.001212,5e-04,0,0.006836,0.000113,0,0.001202,0.000177,0,0.001657,0.000134,0,0.001668,0.000196,0,0.002303,0.000332,0,0.003568,0.000115,0,0.001099,0.000288,0,0.001814,0.001221,0,0.018042,0.006367,0,0.083834,0.00338,0,0.03955,0.000369,0,0.003442,0.706701,0.634422,0.80742,0.26877,0.16438,0.324172,0.00029,0,0.003461,0.001069,0,0.015999,0.000485,0,0.006021,0.000141,0,0.001136,0.000586,0,0.003477,0.000131,0,0.001518,0.000708,0,0.010664,0.000271,0,0.003051,0.000766,0,0.010383,0.000836,0,0.010877,0.000387,0,0.005541,0.003006,0,0.029286,0.000416,0,0.005379,0.000376,0,0.005731
"PH_WH_7.sorted.bam","7","WH",0.165261,0.072484,0.214688,0.030792,2e-06,0.063958,0.088225,0.03413,0.14829,0.003847,0,0.044295,0.040653,0,0.111367,0.516882,0.454238,0.620473,0.144557,0.081636,0.182586,0.009784,0,0.050004,3.3e-05,0,0.000311,9.6e-05,0,0.000894,3.6e-05,0,0.000357,0.000121,0,0.001035,8.5e-05,0,0.000846,7.8e-05,0,0.000674,0.000104,0,0.000971,8.1e-05,0,0.000726,7.3e-05,0,0.000663,4.9e-05,0,0.00047,9.2e-05,0,0.000737,9e-05,0,0.000834,0.000135,0,0.001206,9.5e-05,0,0.001014,8.6e-05,0,0.000786,0.10038,0,0.389397,0.060958,0,0.127369,0.175709,0.066974,0.295442,0.007084,0,0.087815,0.080494,0,0.222657,0.265663,0.021335,0.393941,0.229471,0,0.363417,0.000134,0,0.001435,9.3e-05,0,0.000847,9.4e-05,0,0.000986,0.000124,0,0.001532,0.058974,0,0.273505,4.9e-05,0,0.00049,0.00019,0,0.002009,6.8e-05,0,0.000741,7.9e-05,0,0.000921,6.7e-05,0,0.000592,0.000104,0,0.001283,0.018838,0,0.099758,0.000125,0,0.001545,4.9e-05,0,0.000477
"PH_WH_8.sorted.bam","8","WH",0.103171,0.000265,0.135293,0.000911,0,0.007331,0.007266,0,0.052898,0.001312,0,0.011607,0.000864,0,0.007,0.773987,0.718424,0.864781,0.110816,0.077024,0.136885,0.001673,0,0.011027,0.000444,0,0.005715,0.000134,0,0.001484,0.000159,0,0.001666,0.003127,0,0.039383,0.000207,0,0.001954,0.001424,0,0.02088,0.000186,0,0.001638,0.000111,0,0.000965,0.000268,0,0.001937,0.000385,0,0.004738,0.000143,0,0.001659,0.000144,0,0.001304,0.00034,0,0.003657,0.000223,0,0.001854,8.5e-05,0,0.000789,0.000561,0,0.007341,0.000293,0,0.002901,0.002545,0,0.03496,0.000525,0,0.005977,0.00021,0,0.001816,0.764816,0.704264,0.832146,0.200834,0,0.265815,0.000284,0,0.003019,0.004687,0,0.086904,0.000172,0,0.001565,0.000236,0,0.002509,0.01383,0,0.159998,0.00066,0,0.008531,0.000471,0,0.007023,0.000332,0,0.004494,0.000509,0,0.005251,0.000369,0,0.004687,0.000263,0,0.003239,0.000379,0,0.004982,0.000269,0,0.003408,0.000376,0,0.005656
"PH_WH_9.sorted.bam","9","WH",0.161262,0.08499,0.198982,0.024556,0,0.070611,0.067739,0,0.142346,0.009737,0,0.053865,0.053276,0,0.12683,0.529009,0.467509,0.624617,0.153615,0.081859,0.189791,0.000807,0,0.006504,3.1e-05,0,0.000263,0.000184,0,0.001892,3.9e-05,0,0.000375,0.000125,0,0.00108,0.000103,0,0.001029,6.9e-05,0,0.00063,7.2e-05,0,0.000492,9.7e-05,0,0.001044,9.7e-05,0,0.001293,7.1e-05,0,0.000744,0.000142,0,0.001675,9.8e-05,0,0.000988,0.000229,0,0.002928,0.000115,0,0.001179,6.1e-05,0,0.000615,0.052949,0,0.346922,0.048336,0,0.14051,0.13458,0,0.283852,0.018681,0,0.107308,0.105336,0,0.252777,0.329927,0.129411,0.45586,0.268887,0,0.377376,0.000134,0,0.001311,0.000128,0,0.001209,0.000212,0,0.002375,0.00034,0,0.003987,0.037338,0,0.241375,4.8e-05,0,0.000394,0.000101,0,0.000766,8.1e-05,0,0.000929,7.7e-05,0,0.000865,5.8e-05,0,0.000427,0.000169,0,0.001824,0.000944,0,0.01142,9.4e-05,0,0.000809,4.5e-05,0,0.000503
