"V1","individual_id","population","q_1","lb_q_1","ub_q_1","q_2","lb_q_2","ub_q_2","q_3","lb_q_3","ub_q_3","q_4","lb_q_4","ub_q_4","q_5","lb_q_5","ub_q_5","q_6","lb_q_6","ub_q_6","Q_1_1","lb_Q_1_1","ub_Q_1_1","Q_2_1","lb_Q_2_1","ub_Q_2_1","Q_2_2","lb_Q_2_2","ub_Q_2_2","Q_3_1","lb_Q_3_1","ub_Q_3_1","Q_3_2","lb_Q_3_2","ub_Q_3_2","Q_3_3","lb_Q_3_3","ub_Q_3_3","Q_4_1","lb_Q_4_1","ub_Q_4_1","Q_4_2","lb_Q_4_2","ub_Q_4_2","Q_4_3","lb_Q_4_3","ub_Q_4_3","Q_4_4","lb_Q_4_4","ub_Q_4_4","Q_5_1","lb_Q_5_1","ub_Q_5_1","Q_5_2","lb_Q_5_2","ub_Q_5_2","Q_5_3","lb_Q_5_3","ub_Q_5_3","Q_5_4","lb_Q_5_4","ub_Q_5_4","Q_5_5","lb_Q_5_5","ub_Q_5_5","Q_6_1","lb_Q_6_1","ub_Q_6_1","Q_6_2","lb_Q_6_2","ub_Q_6_2","Q_6_3","lb_Q_6_3","ub_Q_6_3","Q_6_4","lb_Q_6_4","ub_Q_6_4","Q_6_5","lb_Q_6_5","ub_Q_6_5","Q_6_6","lb_Q_6_6","ub_Q_6_6"
"PH_AS_10.sorted.bam","10","AS",0.00154,0,0.012417,0.196285,0.144178,0.251266,0.102071,0.068664,0.136356,0.603646,0.543019,0.665558,0.095628,0.059371,0.133481,0.00083,0,0.006853,0.000136,0,0.001536,0.000376,0,0.004615,0.000485,0,0.004691,0.000306,0,0.003616,0.00364,0,0.054346,9.6e-05,0,0.000986,0.001382,0,0.01845,0.386781,0.271853,0.499574,0.199144,0.121422,0.270401,0.215381,0.094582,0.344606,0.000611,0,0.008576,0.000636,0,0.006342,5e-04,0,0.00646,0.188825,0.115423,0.265603,0.000136,0,0.001281,0.000132,0,0.001602,0.000165,0,0.002102,0.000359,0,0.004324,0.000397,0,0.004323,0.000412,0,0.004094,9.8e-05,0,0.001162
"PH_AS_11.sorted.bam","11","AS",0.000844,0,0.006938,0.136842,0.076606,0.198637,0.069448,0.037259,0.115503,0.733404,0.65887,0.806146,0.058806,0.021751,0.089467,0.000656,0,0.005293,0.000106,0,0.001249,0.000181,0,0.002199,0.00076,0,0.00811,0.000348,0,0.003193,0.000727,0,0.008574,0.000318,0,0.004,0.000427,0,0.005412,0.270736,0.151047,0.394298,0.038578,0,0.222841,0.569397,0.356864,0.716149,0.000411,0,0.004802,0.000341,0,0.003291,0.09831,0,0.17198,0.01799,0,0.148324,0.000145,0,0.001679,0.000111,0,0.001349,0.000181,0,0.002211,0.000296,0,0.003974,0.000282,0,0.002062,0.00027,0,0.002729,8.6e-05,0,0.000937
"PH_AS_12.sorted.bam","12","AS",0.001709,0,0.01191,0.008689,0,0.04933,0.076373,0.047281,0.104028,0.814862,0.761213,0.864186,0.097251,0.067599,0.136223,0.001115,0,0.007952,0.000507,0,0.007039,0.000899,0,0.011267,0.002064,0,0.028748,0.000363,0,0.004809,0.001748,0,0.018394,0.000322,0,0.002707,0.000514,0,0.006548,0.002929,0,0.038506,0.001775,0,0.020534,0.806999,0.730553,0.861932,0.000435,0,0.005258,0.007153,0,0.076144,0.148054,0.083458,0.202392,0.010305,0,0.115338,0.013863,0,0.07051,0.000192,0,0.002071,0.00052,0,0.006666,0.000163,0,0.001976,0.000203,0,0.002418,0.000831,0,0.010146,0.00016,0,0.002055
"PH_AS_1.sorted.bam","1","AS",0.00238,0,0.018387,0.008961,0,0.048902,0.035895,0.000295,0.069687,0.827305,0.771593,0.88097,0.124554,0.087133,0.166364,0.000905,0,0.006573,0.000258,0,0.00294,0.000281,0,0.003746,0.001528,0,0.020542,0.002631,0,0.032545,0.008495,0,0.077973,0.001574,0,0.021932,0.000522,0,0.006234,0.004043,0,0.065482,0.020224,0,0.121689,0.711799,0.592789,0.804194,0.000625,0,0.008884,0.001835,0,0.023551,0.036905,0,0.127003,0.205887,0.087479,0.313095,0.00172,0,0.022373,0.000184,0,0.001955,0.000211,0,0.002413,0.000386,0,0.005493,0.000333,0,0.004061,0.000417,0,0.004737,0.000139,0,0.001608
"PH_AS_2.sorted.bam","2","AS",0.001116,0,0.00934,0.347004,0.287806,0.424327,0.0977,0.063852,0.131773,0.471614,0.410925,0.499999,0.060804,0.026858,0.0919,0.021762,0,0.053178,0.00011,0,0.001098,0.000215,0,0.002219,0.000247,0,0.003016,0.000491,0,0.005741,0.001318,0,0.016183,7.6e-05,0,0.000912,5e-04,0,0.006165,0.687826,0.564581,0.845503,0.150339,0,0.250627,0.003443,0,0.055521,0.000626,0,0.007205,0.000494,0,0.006999,0.03505,0,0.166949,0.075747,0,0.170736,7.1e-05,0,0.000698,0.00018,0,0.002044,0.003661,0,0.040847,0.00805,0,0.067917,0.02193,0,0.099489,0.00955,0,0.075682,7.6e-05,0,0.000771
"PH_AS_3.sorted.bam","3","AS",0.000718,0,0.005594,0.051475,1e-06,0.096454,0.081019,0.049624,0.114696,0.778905,0.709286,0.84731,0.086792,0.055316,0.120606,0.001091,0,0.008665,0.000108,0,0.001274,0.000248,0,0.002893,0.000561,0,0.00716,0.000337,0,0.003767,0.076508,0,0.185249,0.000981,0,0.012681,0.000303,0,0.00348,0.022908,0,0.152521,0.016153,0,0.170794,0.70679,0.585048,0.841347,0.00016,0,0.001716,0.00177,0,0.022262,0.0665,0,0.205001,0.104453,0,0.237422,0.000177,0,0.001981,0.000171,0,0.002118,0.000394,0,0.005355,0.000579,0,0.006741,0.000413,0,0.005885,0.000348,0,0.003948,0.000138,0,0.001563
"PH_AS_4.sorted.bam","4","AS",0.001069,0,0.008746,0.069242,0.019138,0.124459,0.039745,0.008986,0.076885,0.815746,0.751934,0.878435,0.073831,0.040436,0.112528,0.000367,0,0.002997,0.000196,0,0.002586,0.000501,0,0.006263,0.002173,0,0.028996,0.000301,0,0.003114,0.00879,0,0.104473,0.023048,0,0.059296,0.000468,0,0.005658,0.084164,0,0.239699,0.001403,0,0.019915,0.731123,0.577061,0.86743,0.000395,0,0.004836,0.040589,0,0.174905,0.022789,0,0.134979,0.083075,0,0.221482,0.000323,0,0.003868,8e-05,0,0.00092,9.4e-05,0,0.001052,0.000111,0,0.001318,0.000136,0,0.001504,0.00017,0,0.001796,7.1e-05,0,0.000859
"PH_AS_5.sorted.bam","5","AS",0.001165,0,0.009285,0.006483,0,0.048587,0.089936,0.058456,0.12411,0.822657,0.771603,0.868689,0.078487,0.045154,0.115222,0.001272,0,0.010065,0.000365,0,0.004346,0.000359,0,0.004661,0.001486,0,0.024987,0.000239,0,0.002457,0.002654,0,0.036478,0.000182,0,0.001791,0.000475,0,0.00537,0.004638,0,0.064833,0.174749,0.102437,0.246476,0.657442,0.560641,0.746917,0.000283,0,0.003305,0.002048,0,0.027093,0.001358,0,0.020578,0.150061,0.065299,0.227022,0.001216,0,0.015082,0.000243,0,0.002593,0.000295,0,0.004004,0.000507,0,0.006709,0.000505,0,0.006106,0.000793,0,0.011365,0.000101,0,0.001232
"PH_AS_6.sorted.bam","6","AS",0.000681,0,0.005835,0.045531,0,0.121853,0.095341,0.057394,0.133963,0.793847,0.717945,0.863476,0.063842,0.029792,0.098894,0.000758,0,0.006281,0.000122,0,0.001262,0.000286,0,0.003515,0.006274,0,0.06219,0.000292,0,0.002443,0.015579,0,0.151969,0.025168,0,0.091824,0.000205,0,0.001938,0.013184,0,0.140979,0.052859,0,0.227275,0.75804,0.634597,0.851481,0.00017,0,0.001988,0.049193,0,0.156852,0.071349,0,0.179166,0.005014,0,0.060164,0.000861,0,0.00939,0.000165,0,0.00173,0.000272,0,0.002838,0.000268,0,0.003371,0.000353,0,0.003513,0.000236,0,0.002378,0.000111,0,0.001343
"PH_AS_7.sorted.bam","7","AS",0.000626,0,0.005113,0.002803,0,0.020295,0.06508,0.04146,0.090326,0.865791,0.818206,0.912195,0.065256,0.041973,0.089616,0.000444,0,0.003587,0.000106,0,0.001367,0.000282,0,0.003032,0.000339,0,0.00407,0.000237,0,0.002989,0.001051,0,0.015383,0.000426,0,0.005726,0.000185,0,0.002034,0.001497,0,0.021094,0.002324,0,0.02796,0.862593,0.806651,0.910716,0.00022,0,0.002629,0.001897,0,0.022542,0.125489,0.075795,0.172218,0.00224,0,0.028683,0.00028,0,0.003056,0.000117,0,0.001267,0.000203,0,0.002535,0.000207,0,0.002699,0.000148,0,0.001541,0.000105,0,0.001318,5.4e-05,0,0.000629
"PH_AS_8.sorted.bam","8","AS",0.001045,0,0.008103,0.039517,0,0.086056,0.041422,0.014998,0.072533,0.823652,0.762917,0.878263,0.093034,0.055702,0.131303,0.001329,0,0.009182,0.000218,0,0.002134,0.00031,0,0.003619,0.001971,0,0.025137,0.000276,0,0.003232,0.016666,0,0.100972,0.000303,0,0.00354,0.000506,0,0.005539,0.010055,0,0.117134,0.049674,0,0.138415,0.734749,0.592729,0.855713,0.000327,0,0.004402,0.0477,0,0.165717,0.01521,0,0.09872,0.117157,0,0.255901,0.00264,0,0.034414,0.000235,0,0.002865,0.000361,0,0.004088,0.00041,0,0.00524,0.000416,0,0.005493,0.000394,0,0.005369,0.000421,0,0.005742
"PH_AS_9.sorted.bam","9","AS",0.001008,0,0.008041,0.020588,0,0.069732,0.065307,0.035395,0.094784,0.835082,0.768039,0.889062,0.076234,0.04712,0.114189,0.001781,0,0.013256,9.2e-05,0,0.000994,0.000243,0,0.0029,0.002263,0,0.031409,0.000452,0,0.004814,0.027476,0,0.13483,0.000594,0,0.007246,0.000238,0,0.002826,0.004143,0,0.060688,0.002866,0,0.040998,0.806948,0.681318,0.886287,0.00065,0,0.008838,0.004,0,0.052558,0.097548,0,0.178414,0.048442,0,0.19373,0.00062,0,0.007552,0.000249,0,0.003277,0.000788,0,0.011413,0.001085,0,0.016365,0.000579,0,0.006199,0.000589,0,0.008074,0.000135,0,0.001543
"PH_BA_10.sorted.bam","10","BA",0.060851,0.01931,0.109488,0.419732,0.355554,0.461255,0.002637,0,0.019236,0.05885,0.020638,0.108752,0.002274,0,0.017389,0.455656,0.419256,0.498969,0.006846,0,0.059463,0.008746,0,0.095614,0.001787,0,0.027016,0.001901,0,0.024088,0.000743,0,0.011353,0.000123,0,0.001214,0.048577,0,0.149965,0.016811,0,0.124713,0.001003,0,0.017231,0.000424,0,0.003939,0.001316,0,0.020113,0.000575,0,0.007517,0.000481,0,0.005147,0.000366,0,0.004215,0.000154,0,0.001834,0.047471,0,0.19858,0.809014,0.667987,0.913828,9e-04,0,0.01202,0.050094,0,0.195063,0.001503,0,0.021321,0.001166,0,0.014015
"PH_BA_1.sorted.bam","1","BA",0.102107,0.049018,0.155921,0.392142,0.331434,0.448732,0.057724,0.032527,0.084248,0.006132,0,0.03924,0.001138,0,0.008648,0.440758,0.410492,0.470367,0.001485,0,0.018211,0.000466,0,0.005675,0.002296,0,0.034956,0.072273,0,0.159713,0.034881,0,0.145345,0.000355,0,0.004911,0.001346,0,0.015504,0.001888,0,0.026686,0.003871,0,0.060862,0.001254,0,0.017856,0.000348,0,0.00418,0.000475,0,0.004961,0.000283,0,0.003371,0.000495,0,0.007022,0.000134,0,0.001385,0.126809,0,0.277624,0.741982,0.587191,0.887801,0.003429,0,0.041971,0.002156,0,0.030256,0.000406,0,0.004885,0.003367,0,0.046814
"PH_BA_2.sorted.bam","2","BA",0.066883,0.029154,0.109745,0.406059,0.350488,0.456528,0.047407,0.019876,0.073962,0.015284,0,0.062377,0.004782,0,0.026632,0.459585,0.417509,0.507123,0.00437,0,0.048253,0.029581,0,0.142485,0.003564,0,0.043944,0.072581,0,0.142791,0.000836,0,0.010308,0.000277,0,0.003259,0.017449,0,0.11655,0.000593,0,0.004998,0.005776,0,0.070932,0.001177,0,0.016364,0.002723,0,0.034528,0.000692,0,0.009508,0.001548,0,0.02152,0.001401,0,0.021333,0.000303,0,0.002743,0.002692,0,0.039982,0.773289,0.618516,0.898682,0.013519,0,0.107042,0.002994,0,0.042997,0.002594,0,0.038296,0.062041,0,0.165287
"PH_BA_3.sorted.bam","3","BA",0.056578,0.017699,0.098129,0.381465,0.325976,0.436305,0.039313,0.01001,0.067708,0.062768,0.01579,0.116986,0.001981,0,0.014846,0.457896,0.427837,0.485689,0.000795,0,0.009643,0.00166,0,0.024046,0.003294,0,0.044156,0.024997,0,0.106984,0.006463,0,0.077007,0.000156,0,0.002175,0.004206,0,0.057085,0.001033,0,0.015118,0.017764,0,0.099901,0.022519,0,0.105294,0.000402,0,0.004745,0.000831,0,0.009228,0.000389,0,0.004944,0.00089,0,0.007911,0.000523,0,0.006622,0.080302,0,0.190099,0.746354,0.608778,0.85971,0.028701,0,0.125258,0.056604,0,0.211669,0.000402,0,0.004413,0.001714,0,0.023292
"PH_BA_4.sorted.bam","4","BA",0.100311,0.053287,0.150338,0.378105,0.316736,0.433111,0.027753,1e-06,0.057473,0.031591,0,0.08256,0.00273,0,0.018582,0.459509,0.41747,0.498988,0.00133,0,0.017274,0.008975,0,0.105687,0.001116,0,0.01316,0.021502,0,0.099768,0.000842,0,0.008168,0.000334,0,0.004226,0.037834,0,0.150926,0.004371,0,0.05654,0.001401,0,0.020234,0.000948,0,0.011021,0.001873,0,0.023893,0.000636,0,0.008111,0.00049,0,0.004287,0.001458,0,0.02016,0.00011,0,0.001242,0.127778,0,0.250995,0.739154,0.597422,0.854174,0.030602,0,0.106109,0.016224,0,0.112391,0.000783,0,0.009562,0.002239,0,0.024577
"PH_BA_5.sorted.bam","5","BA",0.0665,0.009853,0.121255,0.369469,0.282105,0.459301,0.003049,0,0.027546,0.073437,0.001272,0.150796,0.001483,0,0.010947,0.486062,0.442023,0.518528,0.000752,0,0.009262,0.001798,0,0.021941,0.000709,0,0.006188,0.000762,0,0.00951,0.000552,0,0.007338,0.000247,0,0.002328,0.023453,0,0.14565,0.001072,0,0.014666,0.000338,0,0.00376,0.007738,0,0.070318,0.001017,0,0.015004,0.00034,0,0.004297,0.000501,0,0.006815,0.000411,0,0.005019,0.000126,0,0.001614,0.104466,0,0.236808,0.733759,0.561285,0.916383,0.003451,0,0.048995,0.106125,0,0.282332,0.000444,0,0.005508,0.011939,0,0.120384
"PH_BA_7.sorted.bam","7","BA",0.097881,0.051354,0.144892,0.390725,0.335874,0.445891,0.036247,0.006413,0.061543,0.016293,0,0.068044,0.000919,0,0.007002,0.457935,0.424013,0.491521,0.0047,0,0.054397,0.000451,0,0.005517,0.002946,0,0.039017,0.039662,0,0.115285,0.020231,0,0.098761,0.000164,0,0.001824,0.00289,0,0.041586,0.006681,0,0.07695,0.006639,0,0.061214,0.000733,0,0.008051,0.000386,0,0.004297,0.000359,0,0.004035,0.000236,0,0.00267,0.000376,0,0.004282,9.5e-05,0,0.001015,0.142974,0,0.249708,0.747836,0.607659,0.886584,0.005398,0,0.063325,0.014535,0,0.113835,0.00029,0,0.003559,0.002419,0,0.035976
"PH_BA_9.sorted.bam","9","BA",0.038546,1e-06,0.075267,0.343302,0.285395,0.398267,0.050669,0.026191,0.080057,0.098942,0.04126,0.155705,0.005191,0,0.030971,0.463349,0.424403,0.499967,0.000277,0,0.002683,0.002297,0,0.028001,0.000315,0,0.003574,0.041056,0,0.126275,0.000679,0,0.006929,6.5e-05,0,0.00078,0.024457,0,0.140241,0.000573,0,0.006508,0.000193,0,0.002182,0.000182,0,0.002366,0.002153,0,0.028053,0.000374,0,0.003816,0.000526,0,0.006574,0.000316,0,0.003997,5.7e-05,0,0.000675,0.006576,0,0.07763,0.682053,0.563626,0.794447,0.058753,0,0.151683,0.171981,0,0.305401,0.0069,0,0.057092,0.000218,0,0.002635
"PH_BB_10.sorted.bam","10","BB",0.003686,0,0.022649,0.973118,0.92833,0.999558,0.004217,0,0.025472,0.002722,0,0.019436,0.002033,0,0.014679,0.014224,0,0.053106,0.000544,0,0.007867,0.00104,0,0.012137,0.962789,0.891051,0.999504,0.002205,0,0.028695,0.000475,0,0.006013,0.000192,0,0.002426,0.000893,0,0.011232,0.001292,0,0.018589,0.000777,0,0.010667,0.000349,0,0.004309,0.000886,0,0.011708,0.000632,0,0.007492,0.000521,0,0.006107,0.000438,0,0.005112,0.000141,0,0.001724,0.001259,0,0.015401,0.017219,0,0.099765,0.004071,0,0.040395,0.001346,0,0.016716,0.001306,0,0.017994,0.001623,0,0.021744
"PH_BB_1.sorted.bam","1","BB",0.004925,0,0.027764,0.957407,0.91625,0.994535,0.025101,2.3e-05,0.056483,0.004278,0,0.025119,0.002338,0,0.017269,0.005951,0,0.027546,0.00058,0,0.007796,0.000631,0,0.006195,0.9385,0.866667,0.993165,0.005843,0,0.05013,0.033387,0,0.111799,0.000621,0,0.008556,0.000816,0,0.012102,0.001806,0,0.023108,0.002186,0,0.034336,0.00078,0,0.010801,0.00085,0,0.012505,0.000795,0,0.008135,0.001643,0,0.026601,0.000498,0,0.006039,0.000281,0,0.003435,0.000551,0,0.006841,0.001195,0,0.016837,0.005902,0,0.049153,0.001688,0,0.024657,0.000326,0,0.003994,0.001119,0,0.014342
"PH_BB_2.sorted.bam","2","BB",0.001657,0,0.013389,0.9775,0.939015,0.999817,0.013671,0,0.045844,0.003829,0,0.023429,0.001862,0,0.013769,0.001482,0,0.01085,0.000122,0,0.001452,0.000506,0,0.005096,0.967418,0.896392,0.99978,0.001435,0,0.01966,0.017093,0,0.090133,0.001479,0,0.016209,0.000544,0,0.006289,0.001268,0,0.017707,0.003637,0,0.038611,0.000501,0,0.006687,0.00033,0,0.004511,0.00096,0,0.013168,0.001118,0,0.01482,0.000647,0,0.009121,0.000151,0,0.001812,0.000254,0,0.00336,0.000337,0,0.004156,0.0011,0,0.014804,0.000559,0,0.006966,0.000366,0,0.004574,0.000174,0,0.002042
"PH_BB_3.sorted.bam","3","BB",0.009516,0,0.049361,0.872732,0.808577,0.928623,0.07105,0.039113,0.105301,0.020511,0,0.084574,0.005046,0,0.024504,0.021144,0,0.061346,0.000231,0,0.002791,0.00871,0,0.091976,0.792555,0.649244,0.899898,0.004407,0,0.060554,0.116436,0,0.204575,0.000323,0,0.004312,0.002833,0,0.03187,0.019608,0,0.165608,0.005123,0,0.068716,0.001567,0,0.02599,0.001018,0,0.012641,0.001187,0,0.018649,0.002566,0,0.035178,0.001403,0,0.018366,0.000126,0,0.001483,0.001602,0,0.02151,0.014413,0,0.111033,0.012921,0,0.099707,0.008921,0,0.073903,0.003666,0,0.036784,0.000382,0,0.003434
"PH_BB_4.sorted.bam","4","BB",0.00406,0,0.030805,0.965494,0.912527,0.999844,0.001738,0,0.013982,0.0153,0,0.059694,0.000669,0,0.005728,0.012739,0,0.04737,0.00048,0,0.005929,0.002227,0,0.030308,0.9553,0.877424,0.99982,0.000529,0,0.006147,0.000275,0,0.003101,0.000222,0,0.003076,0.003326,0,0.043247,0.005648,0,0.072235,0.000875,0,0.011725,0.00533,0,0.051059,0.000225,0,0.002094,0.000162,0,0.001797,0.000192,0,0.002391,0.000294,0,0.00296,0.000101,0,0.001205,0.000854,0,0.011705,0.012076,0,0.089826,0.00116,0,0.016913,0.009798,0,0.068095,0.000261,0,0.003019,0.000665,0,0.009934
"PH_BB_5.sorted.bam","5","BB",0.001761,0,0.015195,0.973133,0.939508,0.999821,0.020316,0,0.050991,0.001081,0,0.009633,0.0025,0,0.017193,0.001209,0,0.009488,0.000305,0,0.003687,0.000695,0,0.006863,0.953929,0.889016,0.999786,0.001371,0,0.021032,0.035135,0,0.100132,0.000336,0,0.004217,0.000191,0,0.002328,0.000294,0,0.003035,0.000898,0,0.012122,0.000172,0,0.001807,0.000504,0,0.005084,0.001294,0,0.017044,0.00211,0,0.026176,0.000182,0,0.002271,0.000296,0,0.004015,0.000152,0,0.001849,0.00099,0,0.010859,0.000446,0,0.006134,0.000252,0,0.003091,0.00032,0,0.003272,0.00013,0,0.001646
"PH_BB_6.sorted.bam","6","BB",0.013601,0,0.060558,0.975296,0.92462,0.99989,0.004963,0,0.029335,0.002764,0,0.023252,0.001027,0,0.008107,0.002349,0,0.015676,0.002092,0,0.026525,0.014574,0,0.115422,0.965224,0.872041,0.999846,0.004739,0,0.048414,0.002709,0,0.03588,0.000231,0,0.002874,0.00139,0,0.019672,0.001905,0,0.021887,0.000706,0,0.007693,0.000436,0,0.005543,0.000448,0,0.005278,0.000292,0,0.003316,0.00035,0,0.004483,0.00021,0,0.002636,0.000128,0,0.001408,0.001867,0,0.023068,0.000662,0,0.008297,0.000961,0,0.014242,0.000446,0,0.005335,0.000499,0,0.00625,0.000132,0,0.001368
"PH_BB_7.sorted.bam","7","BB",0.002655,0,0.019155,0.970435,0.931094,0.999629,0.013301,0,0.042486,0.002972,0,0.020542,0.00767,0,0.029379,0.002968,0,0.019361,0.000366,0,0.005058,0.001023,0,0.012059,0.960744,0.89713,0.999536,0.002208,0,0.030585,0.013141,0,0.08189,0.000413,0,0.005081,0.000265,0,0.003787,0.000726,0,0.007547,0.002671,0,0.033543,0.000297,0,0.003732,0.000766,0,0.010433,0.003723,0,0.042006,0.005991,0,0.045528,0.001145,0,0.013297,0.000869,0,0.00979,0.000318,0,0.004071,0.000769,0,0.009268,0.001764,0,0.024482,0.000542,0,0.007838,0.001977,0,0.025675,0.000283,0,0.003016
"PH_BB_8.sorted.bam","8","BB",0.006196,0,0.030649,0.959714,0.911787,0.997617,0.016887,0,0.040365,0.005324,0,0.031722,0.003307,0,0.017808,0.008573,0,0.038439,0.000528,0,0.006133,0.001944,0,0.026004,0.951507,0.882518,0.997262,0.006787,0,0.051085,0.007497,0,0.066897,0.002205,0,0.022778,0.001398,0,0.019944,0.002393,0,0.033776,0.002878,0,0.040093,0.000618,0,0.007803,0.000519,0,0.007294,0.000465,0,0.004909,0.003558,0,0.030675,0.000498,0,0.006962,0.000517,0,0.006657,0.00069,0,0.008572,0.004114,0,0.047264,0.008641,0,0.061771,0.002246,0,0.031714,0.00054,0,0.006627,0.000457,0,0.006003
"PH_BB_9.sorted.bam","9","BB",0.016968,0,0.046333,0.945596,0.897937,0.997295,0.029917,1.6e-05,0.061847,0.002065,0,0.015901,0.002172,0,0.015066,0.003283,0,0.024243,0.000245,0,0.002797,0.00166,0,0.021714,0.931784,0.858299,0.996825,0.029574,0,0.089495,0.023625,0,0.117909,0.000213,0,0.002662,0.000845,0,0.011091,0.000934,0,0.010752,0.000746,0,0.008364,0.000357,0,0.003621,0.00062,0,0.008855,0.000854,0,0.009819,0.001555,0,0.02274,0.000465,0,0.005242,0.000166,0,0.001904,0.000747,0,0.009411,0.00055,0,0.00657,0.003909,0,0.045464,0.000426,0,0.00507,0.000518,0,0.00688,0.000208,0,0.002392
"PH_BC_10.sorted.bam","10","BC",0.008391,0,0.036541,0.013172,0,0.067665,0.000926,0,0.007305,0.916044,0.86214,0.960454,0.009345,0,0.036539,0.052122,0.018762,0.086232,0.000423,0,0.005938,0.001672,0,0.028626,0.001499,0,0.020181,0.000713,0,0.00948,0.000262,0,0.003343,7.2e-05,0,0.000838,0.002911,0,0.042385,0.016535,0,0.130547,0.000258,0,0.003463,0.854175,0.756711,0.93273,0.008515,0,0.059921,0.004446,0,0.047934,0.000245,0,0.002788,0.003882,0,0.049759,0.000322,0,0.004178,0.002126,0,0.033855,0.00043,0,0.004362,0.000229,0,0.002726,0.100152,0.02077,0.171677,0.000957,0,0.013826,0.000175,0,0.001915
"PH_BC_11.sorted.bam","11","BC",0.002506,0,0.020579,0.036882,0,0.091942,0.00134,0,0.010567,0.894319,0.828749,0.954768,0.001333,0,0.009985,0.06362,0.014986,0.1106,0.000419,0,0.004882,0.000625,0,0.006518,0.001162,0,0.014238,0.000435,0,0.005261,0.000585,0,0.006881,0.000217,0,0.002406,0.001482,0,0.019415,0.017579,0,0.156797,0.00028,0,0.00255,0.860415,0.740145,0.947098,0.000543,0,0.006934,0.00033,0,0.003621,0.000327,0,0.004485,0.000694,0,0.006871,0.000239,0,0.002499,0.001089,0,0.012029,0.05232,0,0.156271,0.00062,0,0.006804,0.047773,0,0.209679,0.000292,0,0.003564,0.012573,0,0.083664
"PH_BC_1.sorted.bam","1","BC",0.010529,0,0.059327,0.090235,0.027028,0.157115,0.001341,0,0.010308,0.854391,0.780391,0.925954,0.018751,0,0.052535,0.024752,0,0.059637,0.00124,0,0.014442,0.002659,0,0.035451,0.001242,0,0.017079,0.000532,0,0.006453,0.000517,0,0.006257,8.5e-05,0,0.001067,0.012022,0,0.116645,0.159582,0,0.301392,0.000358,0,0.004158,0.76047,0.614576,0.917475,0.001752,0,0.022633,0.005294,0,0.062628,0.000642,0,0.008721,0.004012,0,0.04537,0.000433,0,0.004759,0.001612,0,0.023451,0.009934,0,0.091855,0.000462,0,0.005539,0.011868,0,0.089931,0.024936,0,0.096068,0.000346,0,0.003989
"PH_BC_2.sorted.bam","2","BC",0.004074,0,0.028192,0.002868,0,0.022002,0.001237,0,0.009509,0.978382,0.926062,0.999921,0.003458,0,0.021616,0.009981,0,0.053569,0.000875,0,0.012993,0.000596,0,0.008288,0.000395,0,0.004807,0.00042,0,0.005296,0.000324,0,0.003828,0.000174,0,0.002185,0.003475,0,0.039622,0.002136,0,0.027782,0.000272,0,0.002777,0.966683,0.867173,0.999902,0.000926,0,0.01282,0.001018,0,0.014594,0.000526,0,0.006861,0.00195,0,0.025944,0.00062,0,0.007759,0.000981,0,0.013916,0.00087,0,0.011188,0.000585,0,0.007926,0.015566,0,0.102937,0.001255,0,0.01571,0.000353,0,0.003977
"PH_BC_3.sorted.bam","3","BC",0.006659,0,0.039673,0.011155,0,0.063855,0.002103,0,0.017294,0.910234,0.859559,0.951412,0.006048,0,0.035179,0.063801,0.0295,0.099318,0.000329,0,0.004217,0.001591,0,0.021904,0.001773,0,0.021988,0.001101,0,0.014997,0.000755,0,0.01005,0.000185,0,0.002463,0.006581,0,0.075014,0.01142,0,0.120971,0.000807,0,0.011777,0.840702,0.744053,0.922102,0.002123,0,0.028912,0.003391,0,0.041032,0.000427,0,0.004925,0.001327,0,0.017068,0.000139,0,0.001553,0.001263,0,0.015705,0.001605,0,0.021363,0.000745,0,0.008539,0.118929,5e-06,0.195395,0.004551,0,0.061265,0.000255,0,0.002846
"PH_BC_4.sorted.bam","4","BC",0.015534,0,0.066702,0.002992,0,0.024243,0.001268,0,0.009607,0.958213,0.911984,0.998589,0.004297,0,0.02706,0.017695,0,0.062353,0.000588,0,0.008084,0.000862,0,0.013572,0.00017,0,0.001748,0.000765,0,0.010006,0.000394,0,0.004675,0.000115,0,0.001327,0.02149,0,0.127078,0.001172,0,0.007542,0.000437,0,0.005164,0.933571,0.845573,0.998235,0.003183,0,0.035181,0.000505,0,0.005565,0.000249,0,0.00303,0.001486,0,0.02064,0.000194,0,0.002478,0.003593,0,0.042861,0.002711,0,0.040073,0.00046,0,0.00585,0.0247,0,0.122164,0.002783,0,0.03687,0.000571,0,0.008079
"PH_BC_5.sorted.bam","5","BC",0.039738,0.000507,0.089422,0.013879,0,0.061775,0.001923,0,0.012772,0.875277,0.81527,0.929265,0.011977,0,0.044359,0.057206,0.022177,0.093422,0.000853,0,0.011366,0.008188,0,0.080539,0.001084,0,0.013623,0.001169,0,0.015672,0.000696,0,0.009529,0.000135,0,0.001434,0.04768,0,0.171087,0.010178,0,0.113345,0.000544,0,0.007787,0.792997,0.692255,0.881094,0.018526,0,0.085985,0.002259,0,0.03081,0.000586,0,0.007957,0.000924,0,0.012187,0.000143,0,0.001799,0.002206,0,0.032699,0.004269,0,0.072023,0.000582,0,0.007605,0.105235,0,0.185287,0.001374,0,0.020648,0.000373,0,0.004292
"PH_BC_6.sorted.bam","6","BC",0.022453,0,0.072824,0.007611,0,0.039338,0.000768,0,0.006573,0.947302,0.899829,0.99505,0.005062,0,0.030797,0.016805,0,0.054172,0.000504,0,0.006596,0.00143,0,0.01844,0.000536,0,0.006507,0.000315,0,0.003504,0.000225,0,0.002272,7.8e-05,0,0.000924,0.037591,0,0.144676,0.001131,0,0.01566,0.000199,0,0.002143,0.920311,0.829958,0.994497,0.001762,0,0.021531,0.000489,0,0.006577,0.000337,0,0.003954,0.00187,0,0.026732,0.000177,0,0.001829,0.0028,0,0.041969,0.010873,0,0.072287,0.000301,0,0.003314,0.013191,0,0.101127,0.005311,0,0.053982,0.000567,0,0.007465
"PH_BC_7.sorted.bam","7","BC",0.134961,0.089884,0.181674,0.200531,0.14911,0.254087,0.039396,0.01097,0.068132,0.45991,0.427994,0.495836,0.002339,0,0.016197,0.162863,0.123942,0.204329,9.3e-05,0,0.000923,0.001077,0,0.014383,0.000342,0,0.004316,0.037412,0,0.123198,0.035818,0,0.125521,8.1e-05,0,0.000856,0.230402,0.092118,0.343727,0.361381,0.213161,0.498833,0.003349,0,0.050308,0.00065,0,0.00924,0.000637,0,0.007511,0.001049,0,0.013694,0.000985,0,0.013542,0.001045,0,0.013064,6.1e-05,0,0.000735,0.000207,0,0.002,0.001054,0,0.014712,0.001066,0,0.013307,0.322343,0.240026,0.406925,0.00084,0,0.011699,0.000108,0,0.001322
"PH_BC_8.sorted.bam","8","BC",0.108239,0.05737,0.166678,0.022652,0,0.091944,0.018411,0,0.051005,0.826608,0.761816,0.886811,0.006624,0,0.036672,0.017467,0,0.051096,0.000667,0,0.007976,0.026084,0,0.17017,0.0016,0,0.020599,0.003839,0,0.046407,0.003703,0,0.05311,0.000141,0,0.001661,0.180421,0,0.322377,0.007462,0,0.110155,0.006132,0,0.079632,0.727891,0.614835,0.846187,0.002897,0,0.029922,0.001901,0,0.031062,0.00152,0,0.021556,0.001191,0,0.014702,0.00038,0,0.005165,0.001902,0,0.025421,0.002954,0,0.038916,0.021345,0,0.083916,0.002227,0,0.024858,0.004979,0,0.059498,0.000764,0,0.00983
"PH_BC_9.sorted.bam","9","BC",0.012706,0,0.060463,0.202892,0.130956,0.279164,0.053009,0.019452,0.091989,0.689865,0.612748,0.763095,0.004801,0,0.032072,0.036726,0,0.084352,0.000253,0,0.002857,0.000788,0,0.007729,0.000559,0,0.006756,0.013168,0,0.105258,0.000498,0,0.006025,2e-04,0,0.001915,0.008655,0,0.096912,0.401337,0.256102,0.553836,0.07635,0,0.179174,0.417069,0.243862,0.574959,0.001499,0,0.019366,0.000936,0,0.012553,0.002797,0,0.043413,0.002416,0,0.035244,0.000162,0,0.001975,0.000796,0,0.009771,0.001107,0,0.013008,0.012806,0,0.099385,0.056836,0,0.164617,0.001631,0,0.024941,0.000138,0,0.001583
"PH_CA_10.sorted.bam","10","CA",0.67849,0.629863,0.726591,0.000975,0,0.008161,0.001337,0,0.009522,0.000846,0,0.006668,0.000673,0,0.005346,0.317679,0.270913,0.364487,0.515697,0.418035,0.618908,0.000355,0,0.004368,0.000189,0,0.001929,0.000475,0,0.00576,0.000323,0,0.004095,0.000425,0,0.00578,0.00026,0,0.002442,0.00014,0,0.001613,0.000294,0,0.003855,0.000273,0,0.003371,0.00021,0,0.002413,0.000142,0,0.001497,0.000322,0,0.004484,0.000174,0,0.00209,0.000145,0,0.001849,0.324287,0.159177,0.487357,0.000611,0,0.008824,0.000409,0,0.005165,0.000277,0,0.002876,0.000207,0,0.002502,0.154783,0.071291,0.250389
"PH_CA_12.sorted.bam","12","CA",0.670111,0.621448,0.721467,0.001522,0,0.012517,0.001873,0,0.012802,0.001999,0,0.016935,0.001353,0,0.009876,0.323142,0.272122,0.370535,0.5051,0.408693,0.60621,0.000733,0,0.009329,0.000499,0,0.005649,0.000334,0,0.004436,0.000453,0,0.00564,0.000668,0,0.008283,0.000554,0,0.005128,0.000229,0,0.002475,0.000555,0,0.00755,0.000232,0,0.002053,0.000625,0,0.007515,0.00027,0,0.002899,0.000411,0,0.00531,0.000314,0,0.003997,0.000232,0,0.003024,0.327777,0.161175,0.505277,0.000361,0,0.004762,0.000659,0,0.007871,0.001884,0,0.027207,0.000622,0,0.00865,0.157491,0.054034,0.249773
"PH_CA_1.sorted.bam","1","CA",0.672975,0.621482,0.725328,0.001536,0,0.012542,0.001584,0,0.011831,0.001013,0,0.009014,0.001054,0,0.008903,0.321837,0.270447,0.373277,0.515635,0.412161,0.623603,0.000534,0,0.006536,0.000391,0,0.004752,0.000508,0,0.006358,0.00041,0,0.005424,0.000335,0,0.004415,0.000289,0,0.003321,0.000388,0,0.003801,0.000461,0,0.006103,0.000203,0,0.002342,0.000404,0,0.004064,0.000211,0,0.002476,0.000234,0,0.002603,0.000165,0,0.002044,0.000262,0,0.002625,0.312943,0.141326,0.499735,0.000748,0,0.010189,0.000886,0,0.011403,0.000319,0,0.003281,0.000571,0,0.007268,0.164104,0.059612,0.264901
"PH_CA_2.sorted.bam","2","CA",0.653953,0.605077,0.707228,0.001257,0,0.0091,0.002008,0,0.014179,0.001293,0,0.010651,0.000824,0,0.006488,0.340664,0.288105,0.388484,0.525433,0.42563,0.625407,0.000381,0,0.004047,0.000309,0,0.003488,0.000644,0,0.009185,0.000516,0,0.006752,0.000769,0,0.010393,0.000255,0,0.002574,0.00032,0,0.003929,0.000515,0,0.005928,0.000372,0,0.004302,0.00044,0,0.00499,0.000178,0,0.001899,0.000187,0,0.002011,0.000251,0,0.002212,0.000183,0,0.001701,0.25532,0.085262,0.415488,5e-04,0,0.005004,0.000617,0,0.007269,0.000501,0,0.007288,0.000226,0,0.002989,0.212082,0.115634,0.30545
"PH_CA_3.sorted.bam","3","CA",0.683738,0.632152,0.735784,0.000745,0,0.005942,0.000547,0,0.004234,0.001071,0,0.008414,0.000451,0,0.003959,0.313448,0.262127,0.364872,0.488908,0.372011,0.608813,0.00027,0,0.002933,0.000145,0,0.001426,0.000237,0,0.002952,0.000143,0,0.001609,0.000148,0,0.001628,0.000392,0,0.005125,0.000269,0,0.003285,0.000127,0,0.001468,0.000293,0,0.002765,0.000126,0,0.001295,0.000133,0,0.001463,0.000124,0,0.001302,0.000202,0,0.002347,0.000112,0,0.00112,0.388634,0.151671,0.623843,0.000385,0,0.00476,0.000166,0,0.002054,0.000567,0,0.008087,9.3e-05,0,0.001037,0.118525,0,0.252012
"PH_CA_4.sorted.bam","4","CA",0.647518,0.59387,0.703261,0.001438,0,0.010936,0.002967,0,0.019485,0.001807,0,0.014602,0.001455,0,0.011039,0.344814,0.291085,0.396048,0.584152,0.458213,0.687316,0.000248,0,0.003162,0.000352,0,0.00398,0.001507,0,0.021097,0.000434,0,0.006183,0.000196,0,0.001941,0.000336,0,0.003895,0.00037,0,0.004659,0.000558,0,0.007322,0.000246,0,0.002249,0.000507,0,0.004434,0.000336,0,0.003934,0.000699,0,0.008604,0.000324,0,0.004104,0.000243,0,0.002627,0.124136,0,0.336473,0.000785,0,0.010701,0.002345,0,0.030546,0.001535,0,0.021304,0.000557,0,0.006341,0.280135,0.158541,0.382056
"PH_CA_6.sorted.bam","6","CA",0.660581,0.60562,0.715768,0.0015,0,0.012787,0.004102,0,0.024314,0.001272,0,0.009677,0.000716,0,0.005554,0.331829,0.280564,0.388283,0.48028,0.368856,0.581134,0.000453,0,0.005194,0.000448,0,0.005684,0.002791,0,0.033159,0.00067,0,0.008124,0.000949,0,0.014158,0.000437,0,0.005642,0.000372,0,0.004017,0.000262,0,0.002907,0.000183,0,0.002296,0.00033,0,0.004507,0.000128,0,0.001584,0.000258,0,0.00278,0.000211,0,0.002511,9.9e-05,0,0.00111,0.356591,0.177009,0.573329,0.00048,0,0.002613,0.002325,0,0.028765,0.000895,0,0.011739,0.000308,0,0.003928,0.151529,0.001768,0.26148
"PH_CA_7.sorted.bam","7","CA",0.629496,0.578899,0.677983,0.001005,0,0.008381,0.00097,0,0.008405,0.000898,0,0.007389,0.000527,0,0.004121,0.367104,0.318525,0.417021,0.627673,0.573147,0.677579,0.000263,0,0.002862,0.000376,0,0.004013,0.000234,0,0.002477,0.000312,0,0.00394,0.000351,0,0.004562,0.000382,0,0.004782,0.000264,0,0.003303,0.000307,0,0.003093,0.000222,0,0.002438,0.000135,0,0.001529,0.000107,0,0.001001,0.000166,0,0.002154,0.000139,0,0.001214,0.000168,0,0.002098,0.002631,0,0.029223,0.000313,0,0.004073,0.000219,0,0.002391,0.000261,0,0.002692,0.000173,0,0.00184,0.365306,0.31413,0.416568
"PH_CA_8.sorted.bam","8","CA",0.654481,0.603989,0.70568,0.000894,0,0.0073,0.000885,0,0.007335,0.000629,0,0.005208,0.001008,0,0.007309,0.342104,0.290211,0.392123,0.516084,0.405356,0.685178,0.000465,0,0.005281,2e-04,0,0.002283,0.000263,0,0.003365,0.000166,0,0.001702,0.000337,0,0.00451,0.000213,0,0.00224,0.000161,0,0.001735,0.000177,0,0.002262,0.000116,0,0.001159,0.000599,0,0.008499,0.000316,0,0.003723,0.000171,0,0.001789,0.00023,0,0.00303,0.000143,0,0.001808,0.275255,0,0.471575,0.00028,0,0.003267,0.000319,0,0.0035,0.000245,0,0.002141,0.000416,0,0.005095,0.203847,0.096787,0.34386
"PH_CR_10.sorted.bam","10","CR",0.339662,0.293279,0.385259,0.116575,0.071371,0.166921,0.003103,0,0.01928,0.007699,0,0.041731,0.00073,0,0.005643,0.532231,0.493046,0.577904,0.001356,0,0.016223,0.000575,0,0.008253,0.000752,0,0.007174,0.000746,0,0.010663,0.000771,0,0.011695,0.000325,0,0.004122,0.003806,0,0.043866,0.000682,0,0.008014,0.000446,0,0.005634,0.000642,0,0.00861,0.000257,0,0.002645,0.000164,0,0.002045,0.000128,0,0.00141,0.000386,0,0.004558,0.000156,0,0.001956,0.671229,0.572276,0.768989,0.229456,0.13743,0.332642,0.003466,0,0.037332,0.008794,0,0.079294,0.000213,0,0.00259,0.075652,0,0.165981
"PH_CR_11.sorted.bam","11","CR",0.288915,0.239172,0.339684,0.136431,0.087513,0.183965,0.001123,0,0.007882,0.001104,0,0.008761,0.000577,0,0.0046,0.571849,0.533094,0.610229,0.000254,0,0.003105,0.000488,0,0.005565,0.000313,0,0.003611,0.00071,0,0.008748,0.000386,0,0.005153,7e-05,0,0.000721,0.000522,0,0.006311,0.000155,0,0.002016,0.000162,0,0.001942,2e-04,0,0.00202,0.000199,0,0.002017,0.000143,0,0.001539,0.000151,0,0.001785,0.000177,0,0.002157,6.9e-05,0,0.000826,0.575403,0.476314,0.677831,0.271065,0.174099,0.366591,0.000696,0,0.009123,0.000791,0,0.009329,0.000345,0,0.00393,0.147699,0.068895,0.224726
"PH_CR_12.sorted.bam","12","CR",0.273543,0.225006,0.322437,0.112195,0.066656,0.15904,0.000764,0,0.006074,0.001492,0,0.015046,0.000464,0,0.003864,0.611542,0.573309,0.649326,0.000316,0,0.003865,0.000444,0,0.005382,0.00025,0,0.003095,0.000196,0,0.002342,0.000245,0,0.003052,0.000123,0,0.001552,0.000243,0,0.00251,0.000163,0,0.001666,0.000278,0,0.003422,0.000419,0,0.005021,0.000168,0,0.002051,9.1e-05,0,0.000987,0.000157,0,0.001715,0.000145,0,0.001824,7.7e-05,0,0.000843,0.545403,0.448471,0.642221,0.222947,0.130438,0.317689,0.000405,0,0.004974,0.001317,0,0.018207,0.000212,0,0.002257,0.2264,0.148942,0.301978
"PH_CR_1.sorted.bam","1","CR",0.286217,0.238521,0.334083,0.127261,0.083076,0.172553,0.000992,0,0.007737,0.002518,0,0.01922,0.001228,0,0.010411,0.581783,0.546636,0.62034,0.000535,0,0.005681,0.000411,0,0.004362,0.000367,0,0.004896,0.000278,0,0.003393,0.000351,0,0.0049,8.5e-05,0,0.000816,0.000553,0,0.007487,0.000318,0,0.00324,0.000242,0,0.002914,0.000287,0,0.003445,0.000489,0,0.005778,0.000248,0,0.003179,0.000129,0,0.001344,0.000296,0,0.003692,0.000138,0,0.001308,0.569633,0.473194,0.667321,0.252461,0.163673,0.34312,0.000812,0,0.009083,0.003054,0,0.036533,0.001019,0,0.013767,0.168294,0.098893,0.245037
"PH_CR_2.sorted.bam","2","CR",0.322481,0.279053,0.37101,0.080009,0.039004,0.122451,0.000917,0,0.008509,0.001366,0,0.012102,0.000611,0,0.005068,0.594616,0.55749,0.633579,0.000538,0,0.006411,0.000939,0,0.011795,0.000474,0,0.005302,0.000392,0,0.004532,0.000306,0,0.003554,9.2e-05,0,0.001031,0.000323,0,0.004128,0.000208,0,0.002558,0.000132,0,0.001575,0.000199,0,0.002084,0.00018,0,0.002388,0.000163,0,0.002116,8.4e-05,0,0.001111,0.00015,0,0.001621,8.9e-05,0,0.000912,0.642052,0.5533,0.740295,0.157455,0.075193,0.242902,0.000736,0,0.009659,0.001518,0,0.021695,0.000467,0,0.006302,0.193502,0.119874,0.273238
"PH_CR_3.sorted.bam","3","CR",0.316193,0.264508,0.370838,0.090681,0.025664,0.1415,0.003355,0,0.017805,0.002895,0,0.0259,0.000854,0,0.006428,0.586021,0.543975,0.628271,0.000538,0,0.005789,0.002829,0,0.035386,0.005054,0,0.056362,0.001147,0,0.017607,0.000944,0,0.01266,0.000678,0,0.007975,0.00077,0,0.010948,0.000432,0,0.005928,0.000824,0,0.011317,0.00021,0,0.002271,0.000348,0,0.004109,0.000341,0,0.004651,0.000121,0,0.001268,0.000255,0,0.002973,0.000158,0,0.001956,0.626216,0.519314,0.738914,0.166709,0,0.278066,0.002317,0,0.028308,0.003088,0,0.049504,0.000326,0,0.003938,0.186694,0.097893,0.275269
"PH_CR_4.sorted.bam","4","CR",0.203769,0.160704,0.248021,0.188293,0.138769,0.241413,0.114276,0.085142,0.144186,0.077431,0.032182,0.119171,0.001311,0,0.010843,0.414921,0.376804,0.454601,0.000901,0,0.011472,0.008652,0,0.136682,0.000845,0,0.009351,0.011751,0,0.130316,0.000951,0,0.010489,7.2e-05,0,0.000803,0.107784,0,0.236154,0.036712,0,0.1658,0.000836,0,0.00971,0.000168,0,0.002126,0.000845,0,0.010338,0.000251,0,0.002693,0.000269,0,0.003333,0.000248,0,0.002873,7.8e-05,0,0.000805,0.276705,0.150057,0.430966,0.32833,0.180599,0.448291,0.214601,0.102344,0.280267,0.008945,0,0.131732,0.000852,0,0.011489,0.000204,0,0.00213
"PH_CR_5.sorted.bam","5","CR",0.310471,0.262767,0.353093,0.088113,0.047778,0.133111,0.001959,0,0.014771,0.001807,0,0.013541,0.000812,0,0.006086,0.596838,0.56105,0.635463,0.005545,0,0.052931,0.001415,0,0.019571,0.00089,0,0.012536,0.000912,0,0.012057,0.000366,0,0.004497,0.000171,0,0.00214,0.000835,0,0.010945,0.000463,0,0.006448,0.000286,0,0.003305,0.000194,0,0.001974,0.000174,0,0.002287,0.000186,0,0.002105,0.000187,0,0.002503,0.000231,0,0.003137,9.1e-05,0,0.001028,0.606515,0.490114,0.697868,0.172017,0.090545,0.264448,0.001825,0,0.024761,0.001411,0,0.018472,0.000665,0,0.008008,0.205622,0.133295,0.28323
"PH_CR_6.sorted.bam","6","CR",0.257385,0.2094,0.306557,0.130152,0.074621,0.182437,0.015406,0,0.040983,0.003338,0,0.023666,0.00156,0,0.011327,0.592159,0.550097,0.636598,0.000912,0,0.010465,0.001199,0,0.014847,0.000528,0,0.006916,0.008742,0,0.06398,0.003752,0,0.039409,0.00012,0,0.001448,0.000516,0,0.006501,0.000586,0,0.006941,0.000919,0,0.012883,0.000946,0,0.012752,0.000549,0,0.006681,0.000362,0,0.00465,0.000821,0,0.011282,0.000261,0,0.002867,0.000401,0,0.005688,0.501941,0.389149,0.604572,0.25335,0.139477,0.361658,0.016338,0,0.075228,0.0025,0,0.032723,0.000326,0,0.00366,0.204932,0.114454,0.296554
"PH_CR_7.sorted.bam","7","CR",0.30571,0.257497,0.352066,0.134508,0.087432,0.183251,0.000912,0,0.007723,0.001397,0,0.010727,0.001265,0,0.009746,0.556208,0.522489,0.59188,0.000809,0,0.010714,0.000739,0,0.007571,0.000195,0,0.002178,0.000361,0,0.00487,0.000348,0,0.004461,6.4e-05,0,0.000745,0.000504,0,0.006091,0.000276,0,0.003387,0.000293,0,0.003087,0.000136,0,0.001283,0.000469,0,0.006125,0.000308,0,0.0031,0.000119,0,0.0014,0.000212,0,0.002453,8.4e-05,0,0.000799,0.607728,0.507568,0.699814,0.266955,0.173743,0.365055,0.000576,0,0.007894,0.001236,0,0.015527,0.001256,0,0.015294,0.117333,0.049061,0.189354
"PH_CR_8.sorted.bam","8","CR",0.305067,0.248487,0.36367,0.05869,0,0.126072,0.009815,0,0.03496,0.011443,0,0.062736,0.002379,0,0.014966,0.612605,0.57152,0.653556,0.003286,0,0.042457,0.001368,0,0.016632,0.00422,0,0.05689,0.008038,0,0.060908,0.002272,0,0.032432,0.000183,0,0.001712,0.003238,0,0.041575,0.002076,0,0.029538,0.001574,0,0.018941,0.000578,0,0.007933,0.000817,0,0.010817,0.001314,0,0.016574,0.000571,0,0.008544,0.000891,0,0.012692,0.000228,0,0.002805,0.590101,0.473688,0.701704,0.101911,0,0.248179,0.006809,0,0.055014,0.01395,0,0.120378,0.000711,0,0.009601,0.255864,0.163536,0.355591
"PH_CR_9.sorted.bam","9","CR",0.275126,0.223918,0.328887,0.099076,0.04132,0.15174,0.004363,0,0.022724,0.007146,0,0.039043,0.001982,0,0.013574,0.612307,0.570097,0.657273,0.002365,0,0.030297,0.000557,0,0.005898,0.000743,0,0.010695,0.001246,0,0.017545,0.001464,0,0.019227,0.000611,0,0.008565,0.003052,0,0.041456,0.000851,0,0.011139,0.002085,0,0.023196,0.001676,0,0.021261,0.000292,0,0.003487,0.000581,0,0.006719,0.000978,0,0.014387,0.000971,0,0.012479,0.000318,0,0.003788,0.540375,0.423921,0.651649,0.193214,0.078949,0.300599,0.001729,0,0.023028,0.00398,0,0.056743,0.000506,0,0.006792,0.242405,0.155517,0.338207
"PH_DA_2.sorted.bam","2","DA",0.000374,0,0.003118,0.000769,0,0.006612,0.982479,0.957372,0.999786,0.003592,0,0.023358,0.012235,0,0.039664,0.00055,0,0.004395,8.8e-05,0,0.001022,0.000101,0,0.001071,0.000203,0,0.002716,0.000112,0,0.001172,0.00019,0,0.001642,0.98196,0.956554,0.999748,0.000125,0,0.001357,0.000423,0,0.006181,0.000306,0,0.003068,0.002365,0,0.022902,0.000153,0,0.001893,0.000296,0,0.003818,0.000323,0,0.003945,0.001363,0,0.015951,0.011042,0,0.039033,8e-05,0,0.000856,0.000123,0,0.001519,0.000108,0,0.001128,0.000239,0,0.003109,0.000251,0,0.002711,0.000149,0,0.001645
"PH_DA_5.sorted.bam","5","DA",0.000314,0,0.00237,0.000591,0,0.004773,0.993639,0.97677,0.999983,0.000677,0,0.005666,0.003975,0,0.01997,0.000804,0,0.00714,7.6e-05,0,0.000763,0.000101,0,0.001272,0.000166,0,0.002049,9.2e-05,0,0.001082,0.000199,0,0.001698,0.993148,0.97529,0.99998,9.2e-05,0,0.000929,0.000184,0,0.002131,0.000154,0,0.001595,0.000215,0,0.002736,0.000115,0,0.001485,0.000288,0,0.004004,0.000433,0,0.005391,0.000378,0,0.004876,0.003253,0,0.01966,7.6e-05,0,0.000865,8e-05,0,0.000993,0.000103,0,0.001136,0.000116,0,0.001361,0.00023,0,0.002761,0.000502,0,0.006381
"PH_DA_6.sorted.bam","6","DA",0.000541,0,0.004832,0.00051,0,0.004079,0.988222,0.967598,0.99992,0.001769,0,0.013299,0.006835,0,0.028823,0.002123,0,0.014137,0.000182,0,0.00208,0.000111,0,0.001208,8.7e-05,0,0.001098,0.000107,0,0.00119,0.000206,0,0.002073,0.987757,0.966811,0.999904,0.000194,0,0.0019,0.000167,0,0.001773,0.000266,0,0.003143,0.001091,0,0.012545,0.000154,0,0.001751,0.000181,0,0.002117,0.000186,0,0.001966,0.000505,0,0.006493,0.006126,0,0.028673,0.000151,0,0.00181,0.000182,0,0.001905,0.000164,0,0.001969,0.000223,0,0.00237,0.000394,0,0.005118,0.001567,0,0.013562
"PH_DA_7.sorted.bam","7","DA",0.000689,0,0.005741,0.000941,0,0.007305,0.995609,0.980348,0.999994,0.001308,0,0.010293,0.000826,0,0.006181,0.000627,0,0.005054,0.00024,0,0.003166,0.000268,0,0.002682,0.000348,0,0.004597,0.000149,0,0.001458,0.000197,0,0.002349,0.995151,0.979728,0.999992,0.000164,0,0.002102,0.00038,0,0.004805,0.000272,0,0.003643,0.000619,0,0.007738,0.000186,0,0.002111,0.000116,0,0.0014,0.000161,0,0.001695,0.000394,0,0.005163,0.000312,0,0.003882,0.000131,0,0.001527,0.000227,0,0.002589,0.000135,0,0.001511,0.000168,0,0.00197,0.000171,0,0.001752,0.000211,0,0.002752
"PH_DA_8.sorted.bam","8","DA",0.00056,0,0.004736,0.001073,0,0.009343,0.845913,0.814404,0.875992,0.021431,0,0.060546,0.13057,0.097737,0.167755,0.000453,0,0.003417,0.000152,0,0.001736,0.000121,0,0.001399,0.000133,0,0.001436,0.000164,0,0.001734,0.000296,0,0.003186,0.745011,0.688963,0.795908,0.000252,0,0.002826,0.000678,0,0.00863,0.003179,0,0.038396,0.010309,0,0.057676,0.000167,0,0.001855,0.000671,0,0.008372,0.198014,0.119618,0.277618,0.017936,0,0.091857,0.022087,0,0.081494,0.000112,0,0.001274,0.000115,0,0.001339,0.000151,0,0.001731,0.000198,0,0.002417,0.000178,0,0.001931,7.6e-05,0,0.000938
"PH_FC_10.sorted.bam","10","FC",0.782932,0.735871,0.827461,0.2053,0.157528,0.253315,0.002972,0,0.016674,0.001677,0,0.012903,0.0011,0,0.008499,0.006018,0,0.035905,0.576275,0.484861,0.662189,0.404624,0.299791,0.50319,0.00027,0,0.003277,0.002761,0,0.031222,0.001145,0,0.015387,0.000131,0,0.001596,0.000973,0,0.012614,0.000321,0,0.002749,0.000872,0,0.012986,0.000281,0,0.003414,0.000408,0,0.003671,0.00049,0,0.005105,0.000461,0,0.007081,0.000317,0,0.004237,0.000109,0,0.001279,0.004547,0,0.059822,0.003481,0,0.044786,0.000443,0,0.005414,0.00031,0,0.003686,0.000307,0,0.003781,0.001474,0,0.017848
"PH_FC_11.sorted.bam","11","FC",0.608146,0.556982,0.658259,0.261641,0.190357,0.326715,0.063457,0.035765,0.092814,0.025882,0,0.106613,0.028721,0,0.071162,0.012152,0,0.046107,0.23393,0.130364,0.330334,0.517995,0.370646,0.649246,0.000436,0,0.005034,0.12429,0.067962,0.1839,0.000261,0,0.002694,0.000127,0,0.001346,0.04867,0,0.209751,0.000443,0,0.005648,0.000129,0,0.001605,0.000241,0,0.002033,0.046418,0,0.139886,0.001682,0,0.025737,0.000443,0,0.005331,0.000556,0,0.007153,0.000254,0,0.00305,0.011057,0,0.082622,0.002029,0,0.028867,0.001537,0,0.022877,0.001484,0,0.018444,0.007834,0,0.063297,0.000181,0,0.002165
"PH_FC_12.sorted.bam","12","FC",0.600324,0.554334,0.648317,0.238066,0.175097,0.302712,0.001574,0,0.012795,0.073437,1e-05,0.132276,0.023686,0,0.061718,0.062913,0.025938,0.100027,0.204057,0.110341,0.298917,0.474576,0.349608,0.604654,0.000195,0,0.002301,0.001825,0,0.02462,0.000399,0,0.004874,5.9e-05,0,0.000664,0.145658,0,0.264095,0.000266,0,0.003246,0.000271,0,0.003296,0.000124,0,0.001429,0.046211,0,0.12274,0.000268,0,0.003279,0.000143,0,0.001577,0.000184,0,0.00204,8.1e-05,0,0.000868,0.124265,0.051144,0.198509,0.000232,0,0.002527,0.000392,0,0.005339,0.000245,0,0.002921,0.000404,0,0.005464,0.000144,0,0.001497
"PH_FC_1.sorted.bam","1","FC",0.760383,0.712977,0.809907,0.173298,0.124022,0.222223,0.001136,0,0.008418,0.0016,0,0.012275,0.001282,0,0.010597,0.062301,0.028474,0.097296,0.596825,0.453162,0.739989,0.203693,0,0.422349,0.069836,0,0.199041,0.001006,0,0.012347,0.000188,0,0.002322,0.000125,0,0.001346,0.000811,0,0.010994,0.00075,0,0.00927,0.000252,0,0.003209,0.000362,0,0.003845,0.000847,0,0.012232,0.000512,0,0.006172,0.000234,0,0.002986,0.000256,0,0.003324,0.000198,0,0.002356,0.120759,0.052789,0.192008,0.001781,0,0.015893,0.000343,0,0.00444,0.000405,0,0.004573,0.00032,0,0.003283,0.000498,0,0.006428
"PH_FC_2.sorted.bam","2","FC",0.724355,0.674107,0.775783,0.196201,0.145725,0.249487,0.003131,0,0.018174,0.010413,0,0.046089,0.002589,0,0.017048,0.06331,0.032719,0.094444,0.57986,0.477812,0.680643,0.279731,0.147524,0.420354,0.001236,0,0.015363,0.000685,0,0.008254,0.001565,0,0.020651,0.00075,0,0.010189,0.005234,0,0.058706,0.003082,0,0.041864,0.000763,0,0.010333,0.000793,0,0.01192,0.000463,0,0.005623,0.00032,0,0.004034,0.000847,0,0.010988,0.000964,0,0.012765,0.000988,0,0.013687,0.002877,0,0.053794,0.105231,0,0.181487,0.000901,0,0.013083,0.009197,0,0.080701,0.000607,0,0.008482,0.003903,0,0.056025
"PH_FC_4.sorted.bam","4","FC",0.78398,0.730667,0.839154,0.171692,0.113192,0.227481,0.001874,0,0.01505,0.005503,0,0.034051,0.006217,0,0.03197,0.030734,8e-06,0.072782,0.600436,0.490898,0.710512,0.335089,0.210351,0.448979,0.001169,0,0.017336,0.001221,0,0.017881,0.000202,0,0.002227,0.000283,0,0.003635,0.00128,0,0.014541,0.000742,0,0.007877,0.000276,0,0.002965,0.001762,0,0.021768,0.006643,0,0.060388,0.000501,0,0.006192,0.000798,0,0.010791,0.001129,0,0.015129,0.000867,0,0.011671,0.022855,0,0.131057,0.004511,0,0.049355,0.000685,0,0.008598,0.004055,0,0.051942,0.00163,0,0.01923,0.013866,0,0.052141
"PH_FC_6.sorted.bam","6","FC",0.59511,0.543526,0.648627,0.241712,0.175646,0.313968,0.054347,0.025401,0.086209,0.056984,0.002749,0.110285,0.005902,0,0.035556,0.045945,7.8e-05,0.090832,0.231478,0.118611,0.351775,0.478543,0.344862,0.622432,0.000496,0,0.005999,0.105108,0.043509,0.170869,0.000583,0,0.006705,0.000155,0,0.001651,0.086406,0,0.216281,0.001112,0,0.013212,0.000577,0,0.005343,0.000268,0,0.002879,0.001601,0,0.021972,0.000299,0,0.003713,0.001017,0,0.013648,0.000607,0,0.007778,0.000152,0,0.001874,0.055606,0,0.177995,0.001896,0,0.025197,0.001099,0,0.013528,0.024731,0,0.126849,0.007975,0,0.065735,0.000291,0,0.003194
"PH_FC_8.sorted.bam","8","FC",0.496509,0.480113,0.502107,0.245107,0.191769,0.30417,0.060805,0.030823,0.092173,0.090603,0.034219,0.144748,0.008011,0,0.042028,0.098964,0.063972,0.135907,0.000883,0,0.011872,0.487571,0.380728,0.607038,0.000309,0,0.004019,0.120197,0.058747,0.183146,0.000321,0,0.003706,7.4e-05,0,0.000862,0.17861,0.062854,0.288223,0.000572,0,0.007587,0.000207,0,0.00218,0.000411,0,0.00368,0.011202,0,0.082957,0.000663,0,0.009123,0.000265,0,0.003229,0.000675,0,0.007251,0.000259,0,0.003516,0.193671,0.123085,0.26882,0.000469,0,0.005067,0.000471,0,0.005624,0.00032,0,0.003198,0.002699,0,0.033582,0.000149,0,0.001607
"PH_FC_9.sorted.bam","9","FC",0.815049,0.761192,0.865317,0.163536,0.114947,0.21357,0.002684,0,0.015329,0.00256,0,0.021875,0.001518,0,0.011595,0.014653,0,0.056358,0.713579,0.566366,0.853748,0.191841,0,0.409904,0.062199,0,0.194655,0.000919,0,0.011861,0.001484,0,0.020003,0.000201,0,0.002603,0.001545,0,0.018661,0.000342,0,0.003867,0.000412,0,0.004993,0.000767,0,0.010711,0.000549,0,0.005219,0.000551,0,0.007236,0.000553,0,0.006633,0.000234,0,0.002665,0.000254,0,0.003392,0.008087,0,0.093892,0.008457,0,0.080254,0.001598,0,0.020029,0.001051,0,0.015114,0.00064,0,0.008343,0.004737,0,0.040724
"PH_FV_10.sorted.bam","10","FV",0.00161,0,0.012584,0.818427,0.757784,0.872701,0.109309,0.077212,0.143383,0.059899,0.012728,0.122191,0.009945,0,0.04252,0.000809,0,0.006465,0.000352,0,0.003998,0.000689,0,0.00928,0.701168,0.576495,0.785121,0.000581,0,0.006949,0.214622,0.148933,0.283575,0.000451,0,0.006363,0.000519,0,0.007164,0.0178,0,0.190468,0.000826,0,0.010155,0.042282,0,0.115625,0.000527,0,0.007258,0.001123,0,0.015436,0.001402,0,0.021275,0.015749,0,0.082213,0.000363,0,0.004247,0.000199,0,0.00214,0.000284,0,0.003423,0.000286,0,0.00301,0.000341,0,0.003489,0.000362,0,0.004002,7.2e-05,0,0.000799
"PH_FV_11.sorted.bam","11","FV",0.001091,0,0.008756,0.831881,0.778744,0.874744,0.144443,0.112327,0.180129,0.016562,0,0.069582,0.00515,0,0.028169,0.000872,0,0.006762,0.000232,0,0.003252,0.000188,0,0.002451,0.688916,0.603647,0.763455,0.000618,0,0.006964,0.278589,0.193277,0.356779,0.001256,0,0.016233,0.000351,0,0.004559,0.006029,0,0.076657,0.006371,0,0.075352,0.008308,0,0.061931,0.000414,0,0.00472,0.000877,0,0.010901,0.000508,0,0.006989,0.003253,0,0.036783,0.002545,0,0.024408,0.000149,0,0.001622,0.000247,0,0.002504,0.00029,0,0.003333,0.000504,0,0.006705,0.000159,0,0.001964,0.000198,0,0.002605
"PH_FV_12.sorted.bam","12","FV",0.001644,0,0.013839,0.82374,0.757801,0.891866,0.104236,0.069777,0.139062,0.060613,1.4e-05,0.130173,0.007406,0,0.037685,0.002361,0,0.016904,0.000237,0,0.00285,0.000536,0,0.006624,0.66798,0.526136,0.794716,0.000466,0,0.004343,0.205276,0.135045,0.276115,0.000152,0,0.001708,0.000578,0,0.006188,0.094761,0,0.259,0.001,0,0.010933,0.011187,0,0.076169,0.000923,0,0.012214,0.009671,0,0.073685,0.000764,0,0.00868,0.001615,0,0.022635,0.000329,0,0.003434,0.00031,0,0.003183,0.001274,0,0.016145,0.000662,0,0.007489,0.000898,0,0.012419,0.001182,0,0.015483,0.000198,0,0.002242
"PH_FV_1.sorted.bam","1","FV",0.001145,0,0.010009,0.798436,0.742527,0.856167,0.087471,0.056084,0.122534,0.078826,0.014572,0.143911,0.033118,0,0.072559,0.001003,0,0.007879,0.000215,0,0.002405,0.000242,0,0.002629,0.639645,0.494132,0.81173,0.000175,0,0.00179,0.141769,0,0.239429,0.000527,0,0.006376,0.000629,0,0.008002,0.114712,0,0.285377,0.028609,0,0.166833,0.005967,0,0.06953,0.000511,0,0.005931,0.060618,0,0.144092,0.003005,0,0.044563,0.001581,0,0.019599,8.8e-05,0,0.001069,0.000303,0,0.003212,0.00024,0,0.002638,0.00033,0,0.003648,0.000185,0,0.002459,0.000343,0,0.004638,0.000303,0,0.0038
"PH_FV_2.sorted.bam","2","FV",0.003995,0,0.027697,0.785707,0.71848,0.853714,0.134516,0.0924,0.176982,0.068676,1.8e-05,0.135535,0.001927,0,0.014779,0.005178,0,0.031035,0.000354,0,0.005184,0.000774,0,0.00972,0.677262,0.49718,0.802956,0.001885,0,0.024924,0.192229,0,0.348871,0.000273,0,0.002588,0.003304,0,0.045889,0.021616,0,0.215685,0.070905,0,0.24844,0.017934,0,0.105044,0.000517,0,0.005862,0.001006,0,0.013205,0.000354,0,0.003687,0.001169,0,0.014386,0.000169,0,0.001748,0.000803,0,0.011709,0.001264,0,0.017827,0.003115,0,0.035812,0.004489,0,0.051173,0.000471,0,0.005499,0.000108,0,0.001368
"PH_FV_4.sorted.bam","4","FV",0.001171,0,0.009507,0.802615,0.729042,0.871037,0.132835,0.097329,0.169167,0.054199,1e-06,0.132903,0.006981,0,0.036318,0.002199,0,0.014892,0.000208,0,0.002471,0.00027,0,0.003003,0.650781,0.484572,0.775625,0.000499,0,0.006417,0.235354,0.049341,0.33114,0.002482,0,0.033992,0.000521,0,0.006794,0.066545,0,0.244019,0.023374,0,0.187391,0.00645,0,0.089892,0.000457,0,0.006036,0.000683,0,0.008832,0.000687,0,0.010231,0.00384,0,0.04821,0.003885,0,0.032988,0.00018,0,0.001891,0.000814,0,0.010301,0.000791,0,0.011037,0.001218,0,0.016026,0.000526,0,0.00754,0.000434,0,0.00569
"PH_FV_5.sorted.bam","5","FV",0.00302,0,0.019581,0.838287,0.76735,0.88984,0.124796,0.089208,0.159907,0.030256,0,0.103745,0.002418,0,0.018952,0.001222,0,0.008575,0.001058,0,0.012744,0.000517,0,0.007064,0.700808,0.54973,0.794298,0.001184,0,0.015118,0.236128,0.138702,0.316822,0.000719,0,0.009898,0.001517,0,0.021841,0.037453,0,0.200662,0.009306,0,0.091003,0.004946,0,0.066703,0.000417,0,0.005548,0.000612,0,0.008518,0.001212,0,0.013675,0.001752,0,0.022421,0.00017,0,0.001577,0.000289,0,0.003919,0.000248,0,0.00238,0.000323,0,0.004317,0.000592,0,0.007312,0.000503,0,0.006972,0.000244,0,0.002835
"PH_FV_6.sorted.bam","6","FV",0.000981,0,0.007785,0.773929,0.705438,0.837446,0.126066,0.091776,0.163542,0.096297,0.020262,0.164005,0.001802,0,0.01367,0.000924,0,0.007212,0.000232,0,0.002603,0.000446,0,0.006206,0.637807,0.443886,0.803337,0.00019,0,0.001546,0.188019,0,0.322251,0.000601,0,0.0079,0.000504,0,0.005819,0.082423,0,0.300617,0.061549,0,0.239052,0.023559,0,0.140628,0.000208,0,0.00246,0.000893,0,0.011889,0.000813,0,0.008317,0.000793,0,0.010049,0.000258,0,0.00343,0.000152,0,0.001659,0.000462,0,0.005461,0.000361,0,0.004362,0.000207,0,0.002456,0.000382,0,0.005127,0.000142,0,0.00183
"PH_FV_7.sorted.bam","7","FV",0.001225,0,0.009392,0.808026,0.760657,0.856624,0.101358,0.074185,0.135073,0.084445,0.030031,0.117779,0.003815,0,0.024813,0.001132,0,0.009445,0.000143,0,0.001399,0.000666,0,0.008484,0.790193,0.7114,0.847966,0.000342,0,0.004227,0.032018,0,0.18421,0.000256,0,0.002951,0.000496,0,0.004902,0.000461,0,0.006357,0.165787,0.055833,0.232541,0.000648,0,0.00799,0.000482,0,0.006206,0.002042,0,0.02963,0.003466,0,0.036803,0.000529,0,0.006412,0.000311,0,0.003182,0.000178,0,0.002168,0.000479,0,0.005837,0.000589,0,0.007234,0.000321,0,0.004004,0.000489,0,0.006748,0.000104,0,0.001305
"PH_FV_8.sorted.bam","8","FV",0.003919,0,0.02441,0.817644,0.746567,0.885813,0.122416,0.089702,0.156869,0.04764,0,0.116752,0.007173,0,0.035358,0.001208,0,0.009427,0.00045,0,0.006544,0.00156,0,0.021243,0.671747,0.523973,0.787756,0.001655,0,0.020751,0.230829,0.14066,0.30812,0.001371,0,0.019928,0.001041,0,0.013643,0.055105,0,0.214605,0.004883,0,0.065383,0.016435,0,0.093233,0.002429,0,0.032018,0.003583,0,0.040394,0.004365,0,0.052924,0.001137,0,0.015146,0.001144,0,0.015187,0.000253,0,0.003124,0.000717,0,0.009333,0.000359,0,0.004406,0.000244,0,0.002369,0.000544,0,0.006964,0.00015,0,0.00144
"PH_FV_9.sorted.bam","9","FV",0.001357,0,0.010977,0.828157,0.765226,0.886438,0.088309,0.058131,0.123333,0.047042,0,0.104402,0.030118,0,0.072933,0.005017,0,0.024642,0.000252,0,0.002527,0.000398,0,0.005219,0.747813,0.625324,0.852736,0.000292,0,0.003041,0.117931,0,0.239833,0.000636,0,0.006069,0.000388,0,0.005192,0.004424,0,0.068163,0.054225,0,0.196508,0.006934,0,0.078134,0.000882,0,0.011108,0.036936,0,0.142144,0.001034,0,0.010368,0.019478,0,0.102027,0.000437,0,0.005573,0.000249,0,0.003178,0.001001,0,0.014319,0.001863,0,0.025449,0.001703,0,0.020438,0.001032,0,0.014691,0.002093,0,0.018156
"PH_GB_10.sorted.bam","10","GB",0.015314,0,0.066506,0.177935,0.111235,0.23519,0.356026,0.311788,0.400114,0.257591,0.188281,0.329105,0.002544,0,0.018511,0.19059,0.144391,0.235583,0.001868,0,0.02601,0.004053,0,0.054751,0.005633,0,0.078975,0.019326,0,0.125587,0.338663,0.20285,0.442704,0.17221,0.10519,0.239162,0.001551,0,0.022376,0.00042,0,0.003681,0.00663,0,0.111799,0.252444,0.178107,0.324721,0.001356,0,0.018914,0.000957,0,0.013958,0.000667,0,0.00851,0.000614,0,0.007508,0.000442,0,0.004926,0.000606,0,0.007943,0.000511,0,0.006428,0.002346,0,0.032167,0.001079,0,0.008291,0.000612,0,0.00547,0.188013,0.139967,0.233385
"PH_GB_11.sorted.bam","11","GB",0.005821,0,0.033491,0.169746,0.10517,0.24124,0.356405,0.316789,0.39639,0.265274,0.198411,0.330981,0.002095,0,0.015486,0.20066,0.156963,0.243448,0.000873,0,0.01128,0.001291,0,0.017985,0.133586,0,0.238565,0.002795,0,0.038508,0.016436,0,0.147742,0.164335,0.088273,0.237179,0.003274,0,0.041211,0.05338,0,0.377326,0.125337,0,0.331878,0.172085,0.010783,0.296529,0.001287,0,0.016253,0.000438,0,0.005855,0.000243,0,0.002699,0.000475,0,0.005275,0.000413,0,0.004375,0.001247,0,0.017522,0.000775,0,0.010827,0.239328,0.093317,0.371178,0.003911,0,0.052419,0.000919,0,0.009551,0.077569,0,0.159064
"PH_GB_12.sorted.bam","12","GB",0.021866,0,0.098519,0.193521,0.137823,0.242087,0.323899,0.280477,0.367975,0.202277,0.148,0.262711,0.001959,0,0.016043,0.256479,0.198913,0.307986,0.001778,0,0.023972,0.004807,0,0.056583,0.042224,0,0.22269,0.024992,0,0.189549,0.004014,0,0.053933,0.187884,0.123267,0.252715,0.007653,0,0.085482,0.285045,0,0.452185,0.003007,0,0.036067,0.052788,0,0.253641,0.000588,0,0.00716,0.000315,0,0.002927,0.000918,0,0.010919,0.000964,0,0.011909,0.000253,0,0.003331,0.002136,0,0.031444,0.008412,0,0.11918,0.239099,0,0.35891,0.002307,0,0.032581,0.000625,0,0.007823,0.130189,0.054397,0.24034
"PH_GB_1.sorted.bam","1","GB",0.044933,0.000158,0.093887,0.184184,0.119583,0.24575,0.353091,0.313738,0.392061,0.213921,0.15081,0.277955,0.002264,0,0.017559,0.201607,0.157852,0.245685,0.005462,0,0.057293,0.019851,0,0.10972,0.000488,0,0.005521,0.042433,0,0.178331,0.342387,0.197674,0.460747,0.12188,0.064076,0.180622,0.009467,0,0.110435,0.001554,0,0.023667,0.019827,0,0.210289,0.195175,0.099959,0.269741,0.001175,0,0.01634,0.00028,0,0.003224,0.000345,0,0.003473,0.000437,0,0.005636,0.000315,0,0.004193,0.006015,0,0.081175,0.003321,0,0.043809,0.057433,0,0.20426,0.006207,0,0.080526,0.001661,0,0.025237,0.164289,0.088084,0.228659
"PH_GB_5.sorted.bam","5","GB",0.037346,0,0.084618,0.178964,0.103656,0.239069,0.362084,0.318491,0.404858,0.207303,0.15416,0.278007,0.002318,0,0.016823,0.211985,0.16834,0.262513,0.005603,0,0.060039,0.006449,0,0.080927,0.063365,0,0.221111,0.001785,0,0.024546,0.005387,0,0.083095,0.197581,0.131697,0.265233,0.019916,0,0.137348,0.202713,0,0.428944,0.00477,0,0.059649,0.092132,0,0.270505,0.000875,0,0.012302,0.000521,0,0.005653,0.000273,0,0.003337,0.000719,0,0.008253,0.000534,0,0.006938,0.034461,0,0.146723,0.016127,0,0.18501,0.316792,0.20371,0.419012,0.002224,0,0.032115,0.001182,0,0.018566,0.026592,0,0.111739
"PH_GB_6.sorted.bam","6","GB",0.035781,0,0.086739,0.176816,0.116793,0.254648,0.31257,0.271832,0.351896,0.257986,0.186292,0.322393,0.006465,0,0.036914,0.210383,0.165688,0.2572,0.005281,0,0.048751,0.00709,0,0.068405,0.001181,0,0.013581,0.011014,0,0.0998,0.311481,0.154077,0.421538,0.133355,0.069074,0.198394,0.003592,0,0.047172,0.001261,0,0.015626,0.014382,0,0.199719,0.201203,0.088664,0.305064,0.000989,0,0.010047,0.00146,0,0.019473,0.000479,0,0.005929,0.005462,0,0.063669,0.001674,0,0.020087,0.038317,0,0.167241,0.029979,0,0.215362,0.021072,0,0.154419,0.088869,0,0.302236,0.001192,0,0.015082,0.120668,0.000128,0.217961
"PH_GB_8.sorted.bam","8","GB",0.126084,0.084715,0.169493,0.217038,0.172826,0.268351,0.3183,0.276646,0.354637,0.178656,0.137212,0.225008,0.001417,0,0.011903,0.158505,0.115459,0.195748,0.000243,0,0.002748,0.000882,0,0.011484,0.001108,0,0.01403,0.179741,0,0.316501,0.291471,0,0.482951,0.000258,0,0.003015,0.06976,0,0.327491,0.133444,0,0.431208,0.003265,0,0.04495,0.00074,0,0.009319,5e-04,0,0.00538,0.000879,0,0.010027,0.00032,0,0.00341,0.00051,0,0.005357,0.000115,0,0.001338,0.000797,0,0.010796,0.005183,0,0.06421,0.161289,0,0.365732,0.148852,0,0.375531,0.000394,0,0.004708,0.000248,0,0.003206
"PH_GB_9.sorted.bam","9","GB",0.013171,0,0.061136,0.187773,0.113442,0.258409,0.358446,0.30977,0.404964,0.215981,0.13791,0.289014,0.011035,0,0.045768,0.213595,0.168453,0.26236,0.004079,0,0.051018,0.001572,0,0.022366,0.008105,0,0.094672,0.004109,0,0.054625,0.353681,0.148143,0.508198,0.100475,0,0.213467,0.006071,0,0.082817,0.001662,0,0.022682,0.118593,0,0.492401,0.093529,0,0.272829,0.002927,0,0.041635,0.00186,0,0.02598,0.003981,0,0.047255,0.002118,0,0.029634,0.004331,0,0.036505,0.003505,0,0.041659,0.000561,0,0.007119,0.035578,0,0.185778,0.11646,0,0.428723,0.002523,0,0.036673,0.134282,0,0.252789
"PH_KC_10.sorted.bam","10","KC",0.006435,0,0.030554,0.001462,0,0.010307,0.001605,0,0.011014,0.001276,0,0.009141,0.001763,0,0.011652,0.987459,0.963082,0.999931,0.002253,0,0.022858,0.00105,0,0.012483,0.000307,0,0.003805,0.001212,0,0.014533,0.000295,0,0.004071,0.000249,0,0.003329,0.000622,0,0.007963,0.000343,0,0.004196,0.000267,0,0.003259,0.00024,0,0.002866,0.001541,0,0.018316,0.00029,0,0.003421,0.00034,0,0.00453,0.000281,0,0.004274,0.000144,0,0.001812,0.003939,0,0.047331,0.000333,0,0.003458,6e-04,0,0.006751,0.000559,0,0.006812,0.000786,0,0.011864,0.98435,0.943502,0.999907
"PH_KC_11.sorted.bam","11","KC",0.004218,0,0.019932,0.002977,0,0.016723,0.002593,0,0.014157,0.001484,0,0.010607,0.004219,0,0.015653,0.984509,0.958799,0.999805,0.000856,0,0.010903,0.001164,0,0.014133,0.000447,0,0.005678,0.000565,0,0.007346,0.000769,0,0.009879,0.000413,0,0.005533,0.000839,0,0.011305,0.000313,0,0.003462,0.000353,0,0.004563,0.000261,0,0.003279,0.003107,0,0.024081,0.001275,0,0.014264,0.001574,0,0.016863,0.000511,0,0.00666,0.000257,0,0.002836,0.001049,0,0.013659,0.001539,0,0.021704,0.001099,0,0.013137,0.000429,0,0.004741,0.001457,0,0.017821,0.981722,0.950246,0.999778
"PH_KC_1.sorted.bam","1","KC",0.005863,0,0.032383,0.477813,0.429883,0.499995,0.000524,0,0.004509,0.017037,0,0.065421,0.003582,0,0.025787,0.49518,0.473287,0.5,0.000238,0,0.002286,0.00061,0,0.008825,0.000204,0,0.002381,0.000244,0,0.002605,0.000146,0,0.001573,3.3e-05,0,0.000414,0.005235,0,0.048242,0.000325,0,0.00461,0.00013,0,0.001349,0.000254,0,0.002835,0.00088,0,0.01068,0.00078,0,0.010141,0.000198,0,0.002071,0.000393,0,0.004613,6.3e-05,0,0.000697,0.004281,0,0.048933,0.953359,0.859325,0.99987,0.000264,0,0.003283,0.027483,0,0.12895,0.004788,0,0.048922,9.3e-05,0,0.000908
"PH_KC_2.sorted.bam","2","KC",0.002394,0,0.017162,0.258827,0.214585,0.303063,0.111491,0.083078,0.142266,0.129155,0.08468,0.173853,0.001467,0,0.011018,0.496666,0.48314,0.500121,0.000128,0,0.001269,0.000634,0,0.007211,0.000375,0,0.004715,0.001842,0,0.02177,0.000567,0,0.006712,5.5e-05,0,0.000554,0.000533,0,0.006497,0.00026,0,0.002799,0.000427,0,0.005203,0.000154,0,0.001837,0.000468,0,0.004882,0.000544,0,0.007036,0.00042,0,0.004884,0.000335,0,0.004431,7.7e-05,0,0.000773,0.001055,0,0.012843,0.514899,0.426261,0.605291,0.219615,0.160208,0.281767,0.256446,0.16777,0.346088,0.001013,0,0.013789,0.000151,0,0.001693
"PH_KC_3.sorted.bam","3","KC",0.001016,0,0.007743,0.001131,0,0.009317,0.001388,0,0.009378,0.000618,0,0.005108,0.000787,0,0.006272,0.99506,0.977714,0.99999,3e-04,0,0.003209,0.000192,0,0.002361,0.00027,0,0.00356,0.000366,0,0.004639,0.000487,0,0.006836,0.000548,0,0.006909,0.000182,0,0.001962,0.000207,0,0.002167,0.000159,0,0.001469,0.000143,0,0.001614,0.000201,0,0.002174,0.000296,0,0.003806,0.000363,0,0.004491,0.000118,0,0.001408,0.000231,0,0.002898,0.000491,0,0.004592,0.00054,0,0.004429,0.000306,0,0.004036,0.000284,0,0.003435,0.000133,0,0.001385,0.994183,0.973989,0.999987
"PH_KC_4.sorted.bam","4","KC",0.000523,0,0.004495,0.00051,0,0.004087,0.000628,0,0.005096,0.000367,0,0.003034,0.000331,0,0.002661,0.997642,0.989051,0.999996,0.000123,0,0.001433,0.000156,0,0.001762,0.000137,0,0.001208,0.000103,0,0.001071,0.000154,0,0.001676,0.000178,0,0.002045,9.4e-05,0,0.001076,8.6e-05,0,0.000953,9.9e-05,0,0.001009,0.000106,0,0.001065,6.9e-05,0,0.000819,0.000108,0,0.001225,9.7e-05,0,0.001137,9e-05,0,0.001035,7.5e-05,0,0.000708,0.000378,0,0.004321,0.000243,0,0.002904,0.000447,0,0.005962,0.000153,0,0.001582,0.000148,0,0.001651,0.996957,0.984707,0.999995
"PH_KC_5.sorted.bam","5","KC",0.000422,0,0.003674,0.000331,0,0.002581,0.000395,0,0.003231,0.000363,0,0.002746,0.000269,0,0.002233,0.99822,0.991824,0.999996,0.000144,0,0.001682,9.4e-05,0,0.000964,9e-05,0,0.001107,0.000101,0,0.001168,8.5e-05,0,0.000987,9.5e-05,0,0.001278,9.4e-05,0,0.000983,6.4e-05,0,0.000667,9.8e-05,0,0.001226,0.000106,0,0.001325,7.8e-05,0,0.000737,6.7e-05,0,0.00072,6.9e-05,0,0.000741,8.1e-05,0,0.000894,5.2e-05,0,0.000555,0.000189,0,0.002061,0.000172,0,0.001809,0.000247,0,0.00321,0.000176,0,0.00195,0.000138,0,0.001419,0.997758,0.98913,0.999995
"PH_KC_6.sorted.bam","6","KC",0.001326,0,0.011137,0.001043,0,0.008175,0.000627,0,0.004978,0.00096,0,0.007271,0.000519,0,0.004124,0.995524,0.979548,0.999991,0.000477,0,0.006828,0.000562,0,0.007741,0.000191,0,0.00202,0.000179,0,0.00174,0.000174,0,0.001966,0.00018,0,0.002205,0.000408,0,0.005223,0.000196,0,0.002457,0.000141,0,0.001713,0.000192,0,0.00228,2e-04,0,0.002616,0.00012,0,0.00137,0.000109,0,0.001259,0.000178,0,0.002013,0.000124,0,0.001588,0.000348,0,0.003785,0.000653,0,0.009499,0.000292,0,0.0037,0.000613,0,0.00643,0.000184,0,0.001754,0.99448,0.973975,0.99999
"PH_KC_7.sorted.bam","7","KC",0.000447,0,0.003624,0.000387,0,0.003083,0.000352,0,0.002715,0.000397,0,0.003251,0.000292,0,0.002372,0.998125,0.991038,0.999997,0.000162,0,0.001816,0.000159,0,0.001779,9.5e-05,0,0.001027,0.000125,0,0.001544,7.7e-05,0,0.000948,0.000108,0,0.001219,0.000107,0,0.001323,1e-04,0,0.001078,9.4e-05,0,0.001068,0.000105,0,0.001314,6.7e-05,0,0.000689,7.8e-05,0,0.00084,6.5e-05,0,0.000745,7.8e-05,0,0.000826,0.000103,0,0.001016,0.000112,0,0.001242,0.000171,0,0.00217,0.000127,0,0.001363,0.000206,0,0.00243,9e-05,0,0.000971,0.997772,0.989372,0.999996
"PH_KC_8.sorted.bam","8","KC",0.035413,8e-05,0.073873,0.330196,0.27648,0.384567,0.058016,0.033965,0.083603,0.072834,0.032197,0.117791,0.007997,0,0.032378,0.495545,0.472583,0.500134,8.8e-05,0,0.000994,0.000428,0,0.004565,0.000184,0,0.001997,0.00247,0,0.03619,0.000178,0,0.001988,5.2e-05,0,0.000557,0.00052,0,0.006695,0.000233,0,0.002322,0.00012,0,0.001239,0.000196,0,0.002014,0.003738,0,0.040756,0.000348,0,0.004705,0.000212,0,0.002816,0.00022,0,0.002482,4.8e-05,0,0.000527,0.063493,0,0.145707,0.658835,0.550373,0.76701,0.112947,0.059558,0.165543,0.144184,0.062558,0.234614,0.011379,0,0.063257,0.000126,0,0.001392
"PH_KC_9.sorted.bam","9","KC",0.033608,2e-06,0.066552,0.017478,0,0.062829,0.004631,0,0.020653,0.005374,0,0.029967,0.00106,0,0.0082,0.93785,0.900272,0.970688,0.001549,0,0.021487,0.0024,0,0.032839,0.001487,0,0.02133,0.001713,0,0.022608,0.002699,0,0.030389,0.000921,0,0.011179,0.001621,0,0.022612,0.001181,0,0.015042,0.001232,0,0.017932,0.00039,0,0.00485,0.000217,0,0.002445,0.000615,0,0.008141,0.000242,0,0.003003,0.000273,0,0.002984,0.00017,0,0.002217,0.058167,0,0.130371,0.025086,0,0.122574,0.001535,0,0.020314,0.00566,0,0.054865,0.000431,0,0.006324,0.89241,0.816982,0.959599
"PH_MC_10.sorted.bam","10","MC",0.339773,0.292297,0.39713,0.329275,0.254539,0.40405,0.002335,0,0.017811,0.306225,0.242517,0.364511,0.020747,0,0.066183,0.001645,0,0.01233,0.026188,0,0.14187,0.017882,0,0.151034,0.315292,0.234115,0.397481,0.000728,0,0.008707,0.001041,0,0.012648,0.000174,0,0.00146,0.58719,0.397249,0.712215,0.002718,0,0.038779,0.000643,0,0.00849,0.006551,0,0.087181,0.020446,0,0.120009,0.005823,0,0.06159,0.001593,0,0.021504,0.008468,0,0.090176,0.002205,0,0.028217,0.000925,0,0.011734,0.000503,0,0.006302,0.000316,0,0.003596,0.000328,0,0.004467,0.000754,0,0.009598,0.000232,0,0.00234
"PH_MC_11.sorted.bam","11","MC",0.306509,0.254822,0.359748,0.315533,0.242897,0.378077,0.001595,0,0.011841,0.334028,0.274857,0.406486,0.034685,1e-06,0.07647,0.007649,0,0.039053,0.197791,0.045257,0.318459,0.039686,0,0.213801,0.021972,0,0.21256,0.000721,0,0.007317,0.000332,0,0.002908,0.000428,0,0.004756,0.127088,0,0.462312,0.532514,0.21142,0.68971,0.000267,0,0.002894,0.00179,0,0.020948,0.04695,0,0.150167,0.012069,0,0.09432,0.000345,0,0.004229,0.002756,0,0.042283,0.000608,0,0.006569,0.002991,0,0.039474,0.002522,0,0.030339,0.000671,0,0.00993,0.001852,0,0.024706,0.006033,0,0.060292,0.000615,0,0.007984
"PH_MC_12.sorted.bam","12","MC",0.347959,0.282668,0.432113,0.254561,0.135678,0.335525,0.002076,0,0.015081,0.320561,0.242515,0.399584,0.070573,0.023399,0.118938,0.00427,0,0.032945,0.129672,0,0.38469,0.371721,0,0.647888,0.050066,0,0.290203,0.000526,0,0.006739,0.000756,0,0.010404,0.00031,0,0.002914,0.017988,0,0.244891,0.00111,0,0.013855,0.00049,0,0.005688,0.308845,0.188972,0.393315,0.045222,0,0.190643,0.03415,0,0.178888,0.001279,0,0.018318,0.002538,0,0.031839,0.027438,0,0.104303,0.001118,0,0.014158,0.001252,0,0.015337,0.000481,0,0.005294,0.001305,0,0.018229,0.003082,0,0.046103,0.000651,0,0.007667
"PH_MC_5.sorted.bam","5","MC",0.329791,0.272353,0.385192,0.341743,0.256492,0.427804,0.001791,0,0.013632,0.226228,0.153776,0.301532,0.092017,0.050306,0.135649,0.008431,0,0.041277,0.038946,0,0.18724,0.494565,0.222001,0.698559,0.007335,0,0.074963,0.00021,0,0.002371,0.000445,0,0.005071,0.000565,0,0.007489,0.047349,0,0.267097,0.167892,0,0.454342,0.000601,0,0.006863,0.076878,0,0.274041,0.037317,0,0.198679,0.003268,0,0.041733,0.000961,0,0.012813,0.074258,0,0.251918,0.033418,0,0.107596,0.00225,0,0.02904,0.002646,0,0.034449,0.000235,0,0.002531,0.0086,0,0.074385,0.001392,0,0.01771,0.00087,0,0.011762
"PH_MC_6.sorted.bam","6","MC",0.356097,0.301999,0.410794,0.267429,0.200061,0.324363,0.002932,0,0.020027,0.294654,0.245846,0.35938,0.067312,0.029384,0.104692,0.011575,0,0.048686,0.254238,0.11521,0.346453,0.037328,0,0.315116,0.013828,0,0.14901,0.000603,0,0.007228,0.00098,0,0.012554,0.000634,0,0.008179,0.045434,0,0.3087,0.456738,0.191975,0.605914,0.001212,0,0.017441,0.038832,0,0.195522,0.113352,0,0.203865,0.009352,0,0.106781,0.000264,0,0.00278,0.004333,0,0.056779,0.001277,0,0.019334,0.007002,0,0.070606,0.002803,0,0.042354,0.001537,0,0.020114,0.003927,0,0.053245,0.004769,0,0.072841,0.001557,0,0.020965
"PH_MC_7.sorted.bam","7","MC",0.229477,0.173601,0.297014,0.277157,0.197386,0.341798,0.001277,0,0.009611,0.333457,0.267203,0.384469,0.009199,0,0.050004,0.149434,0.107468,0.195522,0.000446,0,0.005137,0.021608,0,0.19295,0.002548,0,0.030911,0.00053,0,0.007064,0.000598,0,0.008095,0.000104,0,0.001253,0.428418,0.277721,0.570996,0.229818,0,0.370918,0.000423,0,0.004971,0.000764,0,0.008886,0.004293,0,0.053255,0.005276,0,0.074904,0.000466,0,0.00615,0.005565,0,0.058607,0.000617,0,0.008357,0.003213,0,0.053676,0.291917,0.197762,0.388975,0.000328,0,0.003326,0.001164,0,0.010655,0.001564,0,0.021114,0.000341,0,0.004132
"PH_MC_8.sorted.bam","8","MC",0.285231,0.222092,0.348755,0.36177,0.272332,0.44712,0.00258,0,0.023049,0.320864,0.244367,0.398418,0.027321,0,0.07714,0.002234,0,0.017898,0.204081,0,0.334498,0.011135,0,0.134285,0.255327,0,0.438693,0.002215,0,0.030202,0.000977,0,0.011833,0.000276,0,0.003278,0.141797,0,0.609935,0.176824,0,0.71467,0.000605,0,0.00696,0.15373,0,0.385851,0.006691,0,0.098083,0.023463,0,0.129788,0.000404,0,0.004357,0.014347,0,0.127873,0.004178,0,0.054856,0.000463,0,0.005612,0.000487,0,0.005556,0.000407,0,0.003908,0.000696,0,0.009309,0.001381,0,0.01583,0.000517,0,0.006772
"PH_MC_9.sorted.bam","9","MC",0.316187,0.248601,0.386011,0.334552,0.265129,0.423855,0.003226,0,0.023039,0.294798,0.204677,0.35811,0.023584,0,0.08246,0.027653,0,0.073053,0.275555,0.071014,0.38334,0.046514,0,0.421602,0.033148,0,0.266964,0.000364,0,0.003985,0.001003,0,0.014469,0.000888,0,0.010355,0.015525,0,0.322741,0.532775,0.193841,0.689453,0.000512,0,0.006932,0.00721,0,0.08214,0.002496,0,0.035142,0.003365,0,0.046491,0.002335,0,0.029377,0.018267,0,0.142176,0.008475,0,0.065713,0.016364,0,0.115213,0.01915,0,0.126238,0.000462,0,0.005757,0.008097,0,0.088853,0.003755,0,0.04708,0.003739,0,0.041502
"PH_ML_10.sorted.bam","10","ML",0.082692,0.046382,0.121105,0.00652,0,0.03662,0.01218,0,0.03716,0.003838,0,0.022374,0.002204,0,0.014042,0.892566,0.851631,0.929632,0.000294,0,0.002581,0.003145,0,0.04421,0.002594,0,0.031518,0.00183,0,0.027879,0.002112,0,0.029675,0.007792,0,0.035169,0.001358,0,0.019404,0.000477,0,0.004621,0.002309,0,0.027591,0.000839,0,0.011797,0.000704,0,0.00983,0.000689,0,0.009235,0.001346,0,0.017892,0.000655,0,0.009998,0.000224,0,0.002879,0.157758,0.077202,0.237772,0.001431,0,0.018672,0.001179,0,0.015112,0.001197,0,0.014069,0.000566,0,0.006615,0.811501,0.734847,0.880272
"PH_ML_11.sorted.bam","11","ML",0.011462,0,0.051534,0.00296,0,0.025256,0.001025,0,0.007259,0.002598,0,0.019044,0.001184,0,0.009063,0.980771,0.941942,0.999939,0.004589,0,0.043553,0.001429,0,0.017203,0.000549,0,0.006624,0.000377,0,0.004734,0.000234,0,0.003167,0.000131,0,0.001424,0.001032,0,0.014363,0.000511,0,0.007054,0.000421,0,0.005386,0.000597,0,0.00829,0.000441,0,0.004753,0.000392,0,0.004994,0.000219,0,0.0026,0.000315,0,0.004497,0.00038,0,0.005065,0.010468,0,0.08263,0.002257,0,0.029293,0.000537,0,0.007292,0.001721,0,0.024805,0.000241,0,0.002611,0.973159,0.905647,0.999921
"PH_ML_12.sorted.bam","12","ML",0.009755,0,0.038864,0.004,0,0.022673,0.001215,0,0.008881,0.001951,0,0.014458,0.001319,0,0.00923,0.98176,0.948229,0.999807,0.003373,0,0.032462,0.003962,0,0.036014,0.000824,0,0.010373,0.000587,0,0.007436,0.000433,0,0.005578,0.000199,0,0.002277,0.002089,0,0.024807,0.000399,0,0.004595,0.000301,0,0.00383,0.000312,0,0.003757,0.00075,0,0.009704,0.000447,0,0.005791,0.00026,0,0.003167,0.000207,0,0.002258,0.000285,0,0.003772,0.005376,0,0.053164,0.001111,0,0.014847,0.000453,0,0.004027,0.000283,0,0.002548,0.000404,0,0.005756,0.977946,0.933886,0.99977
"PH_ML_1.sorted.bam","1","ML",0.066684,0.034841,0.102005,0.008343,0,0.048066,0.001172,0,0.008968,0.001485,0,0.011238,0.000818,0,0.006465,0.921498,0.885928,0.953169,0.00042,0,0.004912,0.001784,0,0.023981,0.00074,0,0.010596,0.000266,0,0.002834,0.000671,0,0.009135,0.000101,0,0.001114,0.000299,0,0.003647,0.000861,0,0.011749,0.00029,0,0.003808,0.000302,0,0.003502,0.000321,0,0.003757,0.000339,0,0.004597,0.000209,0,0.002437,0.00014,0,0.00154,0.000172,0,0.002161,0.129857,0.061053,0.201852,0.011553,0,0.094215,0.000705,0,0.008608,0.000776,0,0.009787,0.000284,0,0.002878,0.84991,0.781397,0.912758
"PH_ML_2.sorted.bam","2","ML",0.007188,0,0.035789,0.00666,0,0.036057,0.004488,0,0.024188,0.002029,0,0.014893,0.001573,0,0.011434,0.978062,0.941015,0.999801,0.002007,0,0.023421,0.003851,0,0.036932,0.001763,0,0.024581,0.001745,0,0.021947,0.001737,0,0.021547,0.000884,0,0.011383,0.000858,0,0.012442,0.00052,0,0.007218,0.000562,0,0.007306,0.000383,0,0.00463,0.000457,0,0.005379,0.00045,0,0.005491,0.00045,0,0.005502,0.000582,0,0.008198,0.000204,0,0.002322,0.003451,0,0.044325,0.003235,0,0.050135,0.002712,0,0.033654,0.000771,0,0.008697,0.000799,0,0.010124,0.972577,0.915002,0.999765
"PH_ML_3.sorted.bam","3","ML",0.003338,0,0.023361,0.00072,0,0.005486,0.000697,0,0.005292,0.000731,0,0.006011,0.000833,0,0.007055,0.993681,0.972856,0.999989,0.000825,0,0.010749,0.000265,0,0.003426,0.000139,0,0.001361,0.000249,0,0.002725,0.000178,0,0.001805,0.000104,0,0.001137,0.000325,0,0.003848,0.000161,0,0.002001,0.00018,0,0.002181,0.000186,0,0.002117,0.000301,0,0.003478,0.000215,0,0.002532,0.000134,0,0.001736,0.000134,0,0.001444,0.000142,0,0.001659,0.003887,0,0.04154,0.000342,0,0.004062,0.000444,0,0.005627,0.000291,0,0.003349,0.000597,0,0.007345,0.9909,0.95391,0.999986
"PH_ML_4.sorted.bam","4","ML",0.009871,0,0.035087,0.004488,0,0.023885,0.00938,0,0.028516,0.005366,0,0.02729,0.001076,0,0.008339,0.96982,0.937291,0.99816,0.001719,0,0.023105,0.003137,0,0.030151,0.001277,0,0.015792,0.007506,0,0.04272,0.001408,0,0.018842,0.001055,0,0.013094,0.001664,0,0.023962,0.000913,0,0.011333,0.00265,0,0.026654,0.001011,0,0.013168,0.000161,0,0.001814,0.000209,0,0.002054,0.00039,0,0.004789,0.000607,0,0.009651,0.000274,0,0.003427,0.003836,0,0.043146,0.000754,0,0.008763,0.004695,0,0.043794,0.002875,0,0.037914,0.000236,0,0.002866,0.963622,0.912103,0.99763
"PH_ML_5.sorted.bam","5","ML",0.002166,0,0.013597,0.001284,0,0.009307,0.001105,0,0.008087,0.000821,0,0.005964,0.001142,0,0.007587,0.993482,0.97608,0.999981,0.000745,0,0.010017,0.00051,0,0.006478,0.000385,0,0.004442,0.000666,0,0.008714,0.000236,0,0.00284,0.000156,0,0.001965,0.000211,0,0.002693,0.000201,0,0.002408,0.000208,0,0.002427,0.000172,0,0.001851,0.000466,0,0.006304,0.000253,0,0.003378,0.000251,0,0.003296,0.000298,0,0.004307,0.00033,0,0.004778,0.000987,0,0.014704,0.000597,0,0.007531,0.000537,0,0.00744,0.00038,0,0.004887,0.000356,0,0.003892,0.992053,0.969171,0.999975
"PH_ML_6.sorted.bam","6","ML",0.003541,0,0.024375,0.003,0,0.0199,0.001709,0,0.013147,0.001454,0,0.010346,0.000829,0,0.005848,0.989467,0.958462,0.999967,0.000719,0,0.008621,0.001042,0,0.014959,0.000355,0,0.004252,0.000728,0,0.009381,0.000508,0,0.006007,0.000503,0,0.00633,0.000506,0,0.006212,0.000632,0,0.00758,0.000221,0,0.00221,0.000338,0,0.004002,0.00025,0,0.003018,0.000309,0,0.003953,0.00016,0,0.00194,0.000287,0,0.003834,0.000165,0,0.001879,0.003117,0,0.038198,0.002799,0,0.031625,0.000795,0,0.010697,0.000583,0,0.005903,0.000321,0,0.003583,0.98566,0.937108,0.999962
"PH_ML_8.sorted.bam","8","ML",0.070746,2e-05,0.129796,0.069097,0,0.149521,0.041246,0.01831,0.067362,0.1106,0.050892,0.167319,0.002146,0,0.021828,0.706166,0.662584,0.74857,0.000352,0,0.004151,0.000259,0,0.003014,0.000231,0,0.003109,0.000483,0,0.006475,0.000391,0,0.004947,0.000135,0,0.001553,0.000278,0,0.003549,0.000121,0,0.001328,0.000226,0,0.002359,0.000216,0,0.002055,0.000283,0,0.003379,0.000171,0,0.001791,0.000326,0,0.003736,0.000122,0,0.001308,7.4e-05,0,0.000844,0.139484,0,0.258142,0.136791,0,0.296678,0.080796,0.033813,0.133616,0.220018,0.100698,0.33384,0.003241,0,0.04294,0.416001,0.328435,0.50153
"PH_OF_10.sorted.bam","10","OF",0.002601,0,0.019485,0.825894,0.760272,0.882853,0.070862,0.039204,0.101895,0.092712,0.047747,0.16423,0.00642,0,0.027674,0.001511,0,0.011832,0.000373,0,0.004533,0.000705,0,0.009633,0.787027,0.609706,0.876913,0.001206,0,0.017231,0.020887,0,0.163587,0.000254,0,0.002981,0.000697,0,0.009023,0.052886,0,0.259495,0.116606,0,0.196591,0.00551,0,0.065312,0.001501,0,0.020809,0.002792,0,0.034114,0.002187,0,0.028171,0.003652,0,0.038779,0.000847,0,0.01206,0.000346,0,0.003985,0.000465,0,0.005647,0.000331,0,0.003583,0.000564,0,0.005626,0.001014,0,0.013973,0.000152,0,0.001754
"PH_OF_11.sorted.bam","11","OF",0.006599,0,0.035868,0.783367,0.709986,0.849997,0.066912,0.027357,0.106918,0.122554,0.067503,0.199497,0.002668,0,0.018905,0.017899,0,0.052964,0.003149,0,0.026996,0.001028,0,0.015409,0.761619,0.600214,0.847456,0.002244,0,0.028353,0.0042,0,0.062739,0.003808,0,0.04559,0.00168,0,0.023708,0.030415,0,0.228326,0.104452,0,0.203874,0.048108,0,0.174589,0.000482,0,0.006311,0.000548,0,0.007562,0.001455,0,0.020784,0.000953,0,0.012467,0.000557,0,0.007354,0.001466,0,0.022294,0.007305,0,0.063978,0.013858,0,0.093787,0.011393,0,0.076058,0.000784,0,0.010562,0.000496,0,0.006098
"PH_OF_12.sorted.bam","12","OF",0.001473,0,0.012141,0.804725,0.742049,0.865518,0.051927,0.010933,0.090613,0.100552,0.04848,0.162462,0.00082,0,0.006485,0.040503,0.012455,0.069022,0.000314,0,0.003485,0.000481,0,0.005994,0.67375,0.525132,0.792953,0.000751,0,0.009561,0.053878,0,0.17433,0.001156,0,0.016167,0.000494,0,0.004642,0.191982,0.063576,0.321598,0.001063,0,0.009454,0.001124,0,0.016434,0.000201,0,0.002441,0.000212,0,0.002477,0.000226,0,0.002758,0.000308,0,0.00345,0.000189,0,0.002433,0.000391,0,0.005001,0.015397,0,0.113907,0.045623,0,0.123643,0.00501,0,0.066761,0.000316,0,0.002943,0.007134,0,0.04806
"PH_OF_3.sorted.bam","3","OF",0.002656,0,0.020087,0.785156,0.711536,0.852144,0.083343,0.043872,0.120952,0.101975,0.03878,0.170388,0.001489,0,0.011277,0.02538,0,0.070387,0.000544,0,0.006488,0.000745,0,0.010007,0.653566,0.491198,0.840721,0.001627,0,0.020055,0.10221,0,0.238091,0.000662,0,0.007938,0.00096,0,0.012043,0.155892,0,0.328264,0.029176,0,0.187062,0.002845,0,0.041055,0.000428,0,0.005249,0.000606,0,0.005605,0.000227,0,0.00243,0.000523,0,0.006832,0.000312,0,0.003492,0.000463,0,0.006322,0.003728,0,0.051446,0.032124,0,0.136492,0.011711,0,0.094176,0.00057,0,0.007437,0.001082,0,0.015921
"PH_OF_4.sorted.bam","4","OF",0.001329,0,0.011086,0.883002,0.8205,0.934706,0.050246,0.019046,0.084238,0.060044,0.012441,0.123818,0.001841,0,0.015767,0.003538,0,0.023824,0.000288,0,0.003663,0.000322,0,0.003159,0.833652,0.670092,0.931695,0.000833,0,0.010364,0.035242,0,0.156225,0.009235,0,0.051876,0.000395,0,0.004704,0.060901,0,0.237135,0.044196,0,0.134438,0.005312,0,0.063307,0.00018,0,0.00187,0.000357,0,0.003528,0.001096,0,0.015491,0.000941,0,0.011899,0.00028,0,0.003514,0.000352,0,0.004192,0.001879,0,0.02962,0.000655,0,0.008494,0.003031,0,0.035218,0.000548,0,0.005567,0.000305,0,0.003588
"PH_OF_5.sorted.bam","5","OF",0.002361,0,0.016486,0.805982,0.739635,0.875334,0.029437,0,0.070154,0.13948,0.068443,0.202276,0.001955,0,0.016651,0.020785,0,0.055127,0.000202,0,0.00224,0.000505,0,0.006257,0.751831,0.593542,0.856986,0.001297,0,0.019162,0.010333,0,0.094973,0.002717,0,0.032156,0.000432,0,0.005985,0.095381,0,0.34927,0.020779,0,0.131726,0.076098,0,0.191595,0.000205,0,0.002418,0.000668,0,0.008538,0.000496,0,0.004708,0.000508,0,0.006664,0.000218,0,0.002696,0.00188,0,0.023274,0.001416,0,0.017695,0.020534,0,0.085978,0.009663,0,0.09782,0.001598,0,0.027144,0.003239,0,0.035627
"PH_OF_6.sorted.bam","6","OF",0.00305,0,0.025491,0.525431,0.488285,0.606834,0.137105,0.10169,0.173705,0.222985,0.155042,0.281734,0.00198,0,0.015716,0.109448,0.071407,0.14861,0.000136,0,0.001662,0.003635,0,0.046627,0.057695,0,0.22346,0.000494,0,0.005757,0.271431,0.196824,0.345334,7.4e-05,0,0.000789,0.000599,0,0.007204,0.443441,0.308681,0.560879,0.000184,0,0.001881,0.000217,0,0.002209,0.000748,0,0.010351,0.001369,0,0.021811,0.000555,0,0.006624,0.000545,0,0.006919,7.3e-05,0,0.000784,0.000352,0,0.003691,0.215595,0.135796,0.295669,0.001399,0,0.017679,0.000768,0,0.010508,0.000597,0,0.007235,9.2e-05,0,0.000882
"PH_OF_7.sorted.bam","7","OF",0.007353,0,0.037361,0.488878,0.436631,0.500064,0.113166,0.081437,0.146035,0.319988,0.277676,0.367493,0.004725,0,0.023808,0.065891,0.033986,0.09597,8.3e-05,0,0.000891,0.004274,0,0.053943,0.000312,0,0.003607,0.002633,0,0.031747,0.222723,0.159014,0.289182,4.1e-05,0,0.000404,0.003934,0,0.047929,0.62737,0.53942,0.711764,0.000285,0,0.003435,0.000151,0,0.001639,0.003476,0,0.033276,0.002402,0,0.028033,0.00023,0,0.003125,0.000325,0,0.003332,3.6e-05,0,0.000441,0.000223,0,0.002342,0.120363,0,0.186429,0.000379,0,0.003604,0.00776,0,0.107887,0.002942,0,0.034458,5.7e-05,0,0.000616
"PH_PC_10.sorted.bam","10","PC",0.01597,0,0.076773,0.9761,0.913453,0.999951,0.000974,0,0.007929,0.003131,0,0.022787,0.001119,0,0.009339,0.002706,0,0.018399,0.005817,0,0.052287,0.014383,0,0.13932,0.967493,0.84748,0.99994,0.000347,0,0.004011,0.000462,0,0.00644,9.2e-05,0,0.00104,0.00268,0,0.03468,0.000925,0,0.012782,0.000366,0,0.003987,0.000749,0,0.009373,0.000539,0,0.004758,0.000475,0,0.006032,0.000177,0,0.00218,0.000304,0,0.002784,0.000197,0,0.002383,0.002355,0,0.029768,0.00097,0,0.012347,0.000413,0,0.00547,0.000488,0,0.005694,0.00035,0,0.004495,0.000418,0,0.005071
"PH_PC_11.sorted.bam","11","PC",0.040318,0.000996,0.082453,0.935816,0.881992,0.987384,0.001174,0,0.007967,0.008086,0,0.044195,0.004187,0,0.023575,0.010419,0,0.042504,0.016794,0,0.069163,0.027079,0,0.137224,0.916399,0.821912,0.986793,0.000662,0,0.008938,0.000386,0,0.004767,8.6e-05,0,0.000943,0.009956,0,0.081067,0.002168,0,0.030833,0.000489,0,0.006336,0.000772,0,0.011063,0.001542,0,0.019849,0.002281,0,0.03153,0.000388,0,0.005684,0.000438,0,0.004978,0.00018,0,0.002313,0.007808,0,0.070751,0.00692,0,0.071363,0.000251,0,0.002908,0.001578,0,0.022932,0.003365,0,0.034753,0.000459,0,0.005987
"PH_PC_12.sorted.bam","12","PC",0.041529,0.00028,0.082928,0.93322,0.877977,0.977903,0.001892,0,0.01239,0.020153,0,0.065182,0.001426,0,0.010213,0.00178,0,0.014722,0.010643,0,0.060235,0.04734,0,0.157366,0.896636,0.795542,0.971757,0.000678,0,0.007386,0.000837,0,0.011285,0.000101,0,0.001079,0.012472,0,0.090169,0.023844,0,0.123974,0.001113,0,0.015596,0.00112,0,0.014135,0.000543,0,0.00705,0.00041,0,0.005067,0.000489,0,0.00667,0.00038,0,0.004661,0.000351,0,0.004441,0.000737,0,0.007836,0.000736,0,0.009437,0.000463,0,0.005627,0.000257,0,0.00284,0.000327,0,0.00388,0.00052,0,0.006128
"PH_PC_1.sorted.bam","1","PC",0.025156,0,0.080063,0.946969,0.887607,0.999196,0.00101,0,0.008249,0.004036,0,0.029632,0.0065,0,0.031378,0.016329,0,0.053314,0.003796,0,0.045043,0.019918,0,0.153639,0.927104,0.810089,0.999059,0.000608,0,0.008873,0.00046,0,0.005398,0.000107,0,0.000982,0.003424,0,0.041326,0.001396,0,0.017358,0.000308,0,0.003268,0.000401,0,0.005442,0.007881,0,0.056624,0.001616,0,0.023075,0.00026,0,0.002747,0.000203,0,0.002346,0.000156,0,0.001739,0.010889,0,0.074433,0.016339,0,0.101717,0.000171,0,0.001776,0.00194,0,0.027519,0.002728,0,0.036306,0.000296,0,0.003184
"PH_PC_2.sorted.bam","2","PC",0.060655,0.021889,0.104871,0.923369,0.86924,0.968437,0.001145,0,0.009251,0.008517,0,0.055267,0.002271,0,0.018563,0.004043,0,0.026054,0.00217,0,0.033398,0.101877,0,0.205752,0.869163,0.7719,0.952112,0.000641,0,0.007583,0.000468,0,0.005631,0.000152,0,0.001904,0.011785,0,0.108202,0.00184,0,0.02277,0.000258,0,0.003041,0.000709,0,0.009781,0.001594,0,0.022304,0.000958,0,0.013441,0.000201,0,0.001923,0.000228,0,0.002849,0.000178,0,0.002052,0.001072,0,0.013673,0.003271,0,0.040994,0.000418,0,0.004356,0.001505,0,0.018523,0.001204,0,0.016799,0.000309,0,0.003992
"PH_PC_3.sorted.bam","3","PC",0.086423,0.047284,0.126851,0.665715,0.598709,0.729485,0.001964,0,0.014494,0.236249,0.180272,0.296408,0.005161,0,0.030013,0.004488,0,0.029011,9.1e-05,0,0.001136,0.170637,0.092443,0.253314,0.339094,0.204187,0.465038,0.000558,0,0.006553,0.00137,0,0.018244,4.5e-05,0,0.000499,0.000463,0,0.004702,0.470578,0.357877,0.590627,0.000319,0,0.003879,0.000154,0,0.0016,0.00067,0,0.010156,0.006084,0,0.055677,0.000705,0,0.00905,0.000264,0,0.003108,7.4e-05,0,0.000873,0.000335,0,0.003567,0.004573,0,0.056244,0.000886,0,0.012079,0.000566,0,0.006213,0.002451,0,0.028532,8.2e-05,0,0.00098
"PH_PC_4.sorted.bam","4","PC",0.098497,0.054372,0.145753,0.838171,0.770986,0.897643,0.001744,0,0.012832,0.028146,0,0.088802,0.013676,0,0.043766,0.019766,0,0.053663,0.000391,0,0.005163,0.18468,0.020854,0.285878,0.716296,0.575513,0.829031,0.000385,0,0.005071,0.000766,0,0.01028,6.5e-05,0,0.000787,0.007812,0,0.108606,0.039304,0,0.175816,0.000245,0,0.002432,0.000819,0,0.011003,0.001783,0,0.024722,0.0062,0,0.065281,0.000584,0,0.008401,0.001265,0,0.017662,0.000112,0,0.001183,0.001551,0,0.021494,0.0128,0,0.098568,0.001376,0,0.017582,0.006027,0,0.067007,0.017296,0,0.07739,0.000241,0,0.002478
"PH_PC_5.sorted.bam","5","PC",0.01699,0,0.070287,0.916199,0.856059,0.966548,0.001133,0,0.008927,0.01664,0,0.060049,0.001691,0,0.013189,0.047348,0.006245,0.085944,0.000828,0,0.011842,0.024577,0,0.131367,0.859302,0.760374,0.952338,0.000469,0,0.005828,0.00034,0,0.003656,0.000278,0,0.003457,0.003593,0,0.046162,0.012393,0,0.097816,0.000215,0,0.002305,0.001337,0,0.017294,0.00118,0,0.015947,0.000613,0,0.007207,0.000141,0,0.001808,0.000364,0,0.004311,0.000152,0,0.001739,0.002504,0,0.030209,0.07587,0,0.166282,0.000546,0,0.005258,0.01404,0,0.093968,0.000779,0,0.01052,0.000478,0,0.00556
"PH_PC_6.sorted.bam","6","PC",0.07427,0.035443,0.116205,0.90692,0.856593,0.951141,0.000681,0,0.005316,0.004647,0,0.028226,0.008276,0,0.034421,0.005206,0,0.026342,0.056714,0,0.107567,0.031386,0,0.179129,0.888478,0.793838,0.948801,0.000332,0,0.00409,0.000221,0,0.002915,9.2e-05,0,0.001072,0.000776,0,0.008669,0.001417,0,0.015856,0.00019,0,0.002224,0.001206,0,0.016084,0.001779,0,0.022868,0.002016,0,0.028957,0.000264,0,0.002915,0.002438,0,0.030309,0.002629,0,0.02743,0.000839,0,0.009918,0.001842,0,0.02605,0.00017,0,0.001733,0.00206,0,0.027008,0.004796,0,0.039983,0.000353,0,0.004
"PH_PC_7.sorted.bam","7","PC",0.169997,0.125582,0.217619,0.491432,0.454839,0.500496,0.110203,0.079683,0.142251,0.055492,1e-06,0.106022,0.003105,0,0.022684,0.16977,0.131652,0.209696,0.000116,0,0.001106,0.328883,0.236652,0.427438,0.000492,0,0.005759,0.002487,0,0.033574,0.216531,0.150174,0.282028,3.6e-05,0,0.000424,0.007554,0,0.085635,0.10091,0,0.209603,0.00029,0,0.003447,0.000287,0,0.002835,0.000544,0,0.00709,0.001582,0,0.020937,0.000229,0,0.002786,0.000526,0,0.00675,4.4e-05,0,0.000516,0.000293,0,0.00348,0.333976,0.255979,0.414306,0.000795,0,0.010486,0.001131,0,0.015197,0.003241,0,0.040769,5.3e-05,0,0.000628
"PH_PC_8.sorted.bam","8","PC",0.060493,0.027767,0.094578,0.865442,0.808883,0.924677,0.00154,0,0.012008,0.069324,0.023886,0.116537,0.001067,0,0.008204,0.002134,0,0.017723,0.019924,0,0.079239,0.003882,0,0.048132,0.835125,0.70541,0.917704,0.001445,0,0.019853,0.000249,0,0.002565,0.000123,0,0.001179,0.074336,0,0.170238,0.055348,0,0.22684,0.000604,0,0.008489,0.003412,0,0.053305,0.000714,0,0.008957,0.000287,0,0.003807,0.000162,0,0.001777,0.00031,0,0.003591,0.000184,0,0.002415,0.000762,0,0.010594,0.000869,0,0.009242,0.000376,0,0.004993,0.001226,0,0.015562,0.000292,0,0.002904,0.000372,0,0.004757
"PH_PC_9.sorted.bam","9","PC",0.048251,0.005732,0.095157,0.934939,0.883674,0.981322,0.00073,0,0.005635,0.005303,0,0.034333,0.004418,0,0.023048,0.006359,0,0.033669,0.03078,0,0.084456,0.02241,0,0.17125,0.919568,0.794608,0.980013,0.000343,0,0.003983,0.000225,0,0.002719,0.000108,0,0.001154,0.002826,0,0.041956,0.004152,0,0.050201,0.000196,0,0.002137,0.000667,0,0.008826,0.001668,0,0.022267,0.002019,0,0.027397,0.000314,0,0.004318,0.001068,0,0.01398,0.001268,0,0.01435,0.007692,0,0.06552,0.001936,0,0.027607,0.000167,0,0.002039,0.001031,0,0.014776,0.001229,0,0.015788,0.000331,0,0.004161
"PH_PM_10.sorted.bam","10","PM",0.000588,0,0.004897,0.00073,0,0.00577,0.990722,0.972211,0.999965,0.001756,0,0.014449,0.005244,0,0.023859,0.00096,0,0.007397,0.000227,0,0.00306,0.000113,0,0.001192,0.000212,0,0.002686,8.3e-05,0,0.000946,0.000177,0,0.002055,0.990276,0.971153,0.999957,0.00014,0,0.001735,0.000187,0,0.002107,0.000209,0,0.002641,0.001235,0,0.013923,0.000218,0,0.002731,0.000339,0,0.004773,0.00027,0,0.003442,0.00032,0,0.004102,0.004565,0,0.023533,0.000168,0,0.001969,0.000219,0,0.002623,0.000153,0,0.001938,0.000187,0,0.002234,0.000211,0,0.002626,0.000491,0,0.006266
"PH_PM_11.sorted.bam","11","PM",0.001186,0,0.009132,0.030423,2e-06,0.067606,0.954317,0.924456,0.980931,0.002343,0,0.020108,0.008265,0,0.043283,0.003465,0,0.020113,0.000258,0,0.003283,0.000716,0,0.010032,0.023975,0,0.066772,0.000207,0,0.002594,0.00591,0,0.059533,0.950494,0.914794,0.979043,0.000228,0,0.00261,0.001462,0,0.022008,0.000445,0,0.005019,0.000788,0,0.010903,0.000368,0,0.004978,0.002142,0,0.029799,0.00053,0,0.006362,0.000357,0,0.004592,0.006383,0,0.043011,0.000336,0,0.004361,0.002667,0,0.030647,0.000554,0,0.007547,0.00062,0,0.008395,0.000368,0,0.00469,0.001193,0,0.014677
"PH_PM_12.sorted.bam","12","PM",0.000852,0,0.006498,0.001818,0,0.014348,0.984852,0.964405,0.999595,0.003995,0,0.023822,0.003641,0,0.024879,0.004842,0,0.021335,0.00023,0,0.002958,0.000192,0,0.002423,0.000921,0,0.012485,0.000146,0,0.001647,0.000274,0,0.003773,0.984102,0.963501,0.99953,0.000277,0,0.002688,0.000404,0,0.004448,0.000463,0,0.006377,0.002616,0,0.023444,0.000241,0,0.002648,0.000398,0,0.005292,0.000415,0,0.004656,0.00055,0,0.007494,0.002583,0,0.024256,0.000389,0,0.005081,0.000524,0,0.007618,0.000204,0,0.002187,0.001065,0,0.014753,0.00051,0,0.007258,0.003496,0,0.020611
"PH_PM_1.sorted.bam","1","PM",0.008009,0,0.032885,0.024095,1e-06,0.058102,0.951882,0.924906,0.976306,0.009472,0,0.037363,0.002029,0,0.012542,0.004514,0,0.021028,0.004076,0,0.030714,0.004793,0,0.040724,0.014165,0,0.056638,0.000373,0,0.003563,0.001858,0,0.02328,0.94976,0.919994,0.97508,0.000805,0,0.012856,0.010647,0,0.057885,0.000651,0,0.00585,0.001882,0,0.026854,0.000453,0,0.005987,0.000832,0,0.010546,0.000471,0,0.006096,0.000848,0,0.011754,0.000458,0,0.006017,0.001443,0,0.018382,0.001729,0,0.020474,0.000891,0,0.011443,0.002228,0,0.029255,0.000537,0,0.006896,0.0011,0,0.014942
"PH_PM_2.sorted.bam","2","PM",0.021677,0,0.064148,0.042062,0,0.105097,0.845692,0.815684,0.874414,0.024801,0,0.077324,0.004688,0,0.027865,0.06108,0.034123,0.089277,0.000216,0,0.002635,0.000279,0,0.003649,0.000168,0,0.00126,0.041633,0,0.125856,0.082817,0,0.210111,0.695781,0.634308,0.753074,0.000381,0,0.004308,0.000194,0,0.002156,0.047011,0,0.153566,0.000505,0,0.006477,0.000459,0,0.006177,0.000331,0,0.004886,0.007664,0,0.05438,0.000464,0,0.006542,0.000102,0,0.001026,0.000169,0,0.001551,0.000167,0,0.002043,0.120699,0.067401,0.176608,0.000542,0,0.005666,0.000255,0,0.002649,0.000164,0,0.00191
"PH_PM_3.sorted.bam","3","PM",0.001156,0,0.008076,0.000907,0,0.00686,0.988242,0.967723,0.99987,0.002375,0,0.016348,0.005199,0,0.023604,0.00212,0,0.013975,0.000306,0,0.003974,0.000219,0,0.002646,0.000259,0,0.002801,0.000123,0,0.001409,0.000238,0,0.002927,0.987605,0.966391,0.999841,0.000438,0,0.006021,0.000215,0,0.002357,0.000479,0,0.00596,0.001022,0,0.013882,0.000478,0,0.00669,0.000327,0,0.003858,0.000265,0,0.003275,0.000977,0,0.013413,0.003849,0,0.022983,0.000443,0,0.005743,0.000298,0,0.003367,0.000169,0,0.00193,0.000598,0,0.008664,0.000655,0,0.008487,0.001039,0,0.01202
"PH_PM_4.sorted.bam","4","PM",0.006505,0,0.026301,0.001976,0,0.013928,0.976914,0.953951,0.998762,0.00655,0,0.028768,0.006151,0,0.027381,0.001904,0,0.011835,0.003362,0,0.024649,0.001029,0,0.014553,0.000593,0,0.00787,0.000646,0,0.00701,0.000226,0,0.003038,0.975863,0.951727,0.998534,0.003166,0,0.029882,0.000673,0,0.009361,0.000502,0,0.00608,0.002564,0,0.026426,0.001019,0,0.015778,0.000555,0,0.007828,0.000435,0,0.005754,0.002293,0,0.024588,0.003698,0,0.02678,0.000426,0,0.005133,0.000284,0,0.003751,0.000293,0,0.003747,0.001339,0,0.016652,0.000603,0,0.008153,0.000432,0,0.006099
"PH_PM_6.sorted.bam","6","PM",0.000963,0,0.007694,0.001181,0,0.007974,0.991966,0.974292,0.999962,0.002455,0,0.016774,0.001491,0,0.011615,0.001944,0,0.011925,0.000381,0,0.004937,0.000201,0,0.002381,0.000372,0,0.004796,0.000143,0,0.001671,0.000296,0,0.003672,0.991424,0.973273,0.999955,0.000326,0,0.004371,0.000427,0,0.005627,0.000304,0,0.003746,0.001446,0,0.015313,0.000136,0,0.001629,0.000238,0,0.002839,0.000161,0,0.002066,0.000418,0,0.005755,0.000898,0,0.011006,0.000356,0,0.004865,0.000455,0,0.006163,0.000181,0,0.002308,0.000543,0,0.007535,0.000233,0,0.002865,0.00106,0,0.011613
"PH_PM_7.sorted.bam","7","PM",0.000697,0,0.005465,0.000928,0,0.007079,0.993707,0.975658,0.99998,0.002347,0,0.017568,0.001148,0,0.007453,0.001173,0,0.009063,0.000262,0,0.003599,1e-04,0,0.001107,0.000309,0,0.004207,0.000127,0,0.00137,0.000288,0,0.003921,0.993062,0.974267,0.999977,0.000303,0,0.003613,0.000384,0,0.005298,0.000421,0,0.005056,0.001288,0,0.016696,0.000185,0,0.002325,0.000324,0,0.003822,0.00031,0,0.004163,0.000533,0,0.007318,0.000315,0,0.004339,0.000156,0,0.001987,0.000142,0,0.00186,0.000143,0,0.001656,0.000476,0,0.006176,0.000315,0,0.004445,0.000557,0,0.007419
"PH_PM_8.sorted.bam","8","PM",0.001267,0,0.009361,0.002193,0,0.013678,0.975167,0.951113,0.996319,0.003924,0,0.021495,0.005127,0,0.022351,0.012321,0,0.036654,0.000291,0,0.004082,0.000258,0,0.002972,0.000459,0,0.005112,0.000177,0,0.001773,0.000243,0,0.003077,0.97423,0.94986,0.995829,0.000353,0,0.004911,0.000726,0,0.01003,0.000785,0,0.010161,0.001485,0,0.019316,0.000251,0,0.00368,0.00059,0,0.008439,0.000272,0,0.003376,0.0011,0,0.015092,0.003722,0,0.021369,0.000912,0,0.012357,0.00165,0,0.019063,0.000399,0,0.005156,0.001914,0,0.023157,0.000598,0,0.009014,0.009585,0,0.035892
"PH_PM_9.sorted.bam","9","PM",0.013367,0,0.048292,0.287926,0.236131,0.340273,0.493244,0.471749,0.5,0.131687,0.085724,0.177988,0.003288,0,0.020416,0.070488,0.041065,0.101131,0.000206,0,0.001937,0.001373,0,0.019275,0.000197,0,0.002564,0.019376,0,0.094151,0.572433,0.469105,0.675455,0.000125,0,0.001297,0.001793,0,0.021999,0.000635,0,0.007613,0.257391,0.165986,0.352213,0.000225,0,0.002958,0.003039,0,0.029927,0.000534,0,0.00661,0.001424,0,0.02172,0.000307,0,0.003101,5.3e-05,0,0.000601,0.000742,0,0.009942,0.000484,0,0.006492,0.135613,0.07313,0.196623,0.002799,0,0.036295,0.001167,0,0.015354,8.6e-05,0,0.000908
"PH_PR_11.sorted.bam","11","PR",0.000736,0,0.006028,0.003058,0,0.02389,0.163758,0.125938,0.202067,0.802457,0.749451,0.856024,0.029022,0,0.068157,0.000968,0,0.007331,0.000126,0,0.001194,0.000228,0,0.002666,0.000592,0,0.008237,0.00024,0,0.003357,0.001026,0,0.013196,0.001312,0,0.017896,2e-04,0,0.002648,0.00101,0,0.013288,0.277359,0.156301,0.388579,0.659632,0.562331,0.742333,0.000359,0,0.003903,0.002252,0,0.030463,0.045965,0,0.132705,0.006691,0,0.080151,0.001245,0,0.018159,0.000195,0,0.002279,0.000416,0,0.005453,0.000301,0,0.003477,0.000389,0,0.004431,0.000287,0,0.003775,0.000175,0,0.002023
"PH_PR_12.sorted.bam","12","PR",0.000752,0,0.00608,0.001276,0,0.010296,0.119905,0.085495,0.154935,0.870186,0.824718,0.909872,0.005707,0,0.034082,0.002174,0,0.013887,0.000183,0,0.002033,0.000205,0,0.002455,0.000339,0,0.003566,0.00018,0,0.002219,0.00044,0,0.004625,0.003027,0,0.034095,0.000292,0,0.003465,0.00043,0,0.005239,0.224923,0.123489,0.302842,0.755852,0.679582,0.826646,0.000161,0,0.001874,0.000478,0,0.005951,0.007083,0,0.063107,0.002131,0,0.029297,0.00054,0,0.006519,3e-04,0,0.003715,0.000321,0,0.004223,0.001129,0,0.016223,0.000892,0,0.011867,0.000481,0,0.005671,0.000612,0,0.00756
"PH_PR_1.sorted.bam","1","PR",0.000773,0,0.005635,0.005054,0,0.03299,0.108373,0.070519,0.146662,0.859495,0.797223,0.914323,0.024741,0,0.068544,0.001563,0,0.012344,0.000136,0,0.001597,0.000221,0,0.002691,0.000818,0,0.01189,0.000185,0,0.002117,0.000514,0,0.004301,0.000302,0,0.003427,0.000368,0,0.003799,0.003961,0,0.04655,0.185036,0.069206,0.28018,0.758077,0.638378,0.848574,0.000367,0,0.004076,0.003477,0,0.045823,0.02949,0,0.117725,0.012791,0,0.12039,0.001269,0,0.018551,0.000134,0,0.001477,0.000299,0,0.003331,0.000918,0,0.011729,0.00068,0,0.0075,0.00082,0,0.011337,0.000138,0,0.0017
"PH_PR_2.sorted.bam","2","PR",0.000572,0,0.004448,0.058718,0,0.111481,0.100163,0.062695,0.142443,0.820222,0.752912,0.890355,0.019645,0,0.056553,0.00068,0,0.005775,9.2e-05,0,0.001073,0.000142,0,0.001742,0.001432,0,0.021365,0.000234,0,0.002753,0.106746,0,0.219123,0.001297,0,0.018717,0.000172,0,0.002249,0.004988,0,0.073568,0.081436,0,0.267057,0.763405,0.627336,0.853697,0.000334,0,0.003825,0.002473,0,0.036496,0.009105,0,0.075367,0.0267,0,0.105129,0.000202,0,0.002393,7.7e-05,0,0.000881,0.000223,0,0.002407,0.000211,0,0.002404,0.000337,0,0.004021,0.000274,0,0.003368,0.000119,0,0.001131
"PH_PR_3.sorted.bam","3","PR",0.000738,0,0.006244,0.002676,0,0.021555,0.191542,0.15464,0.230083,0.778225,0.725208,0.828367,0.026231,0,0.068967,0.000588,0,0.005002,7.1e-05,0,0.000839,0.000224,0,0.002809,0.000696,0,0.00835,0.000234,0,0.002596,0.00113,0,0.013306,0.001613,0,0.021295,0.000354,0,0.003896,0.000461,0,0.005428,0.338416,0.203306,0.440736,0.604539,0.509093,0.686268,0.000401,0,0.003996,0.001991,0,0.02812,0.039843,0,0.136617,0.007938,0,0.084173,0.000992,0,0.013476,0.000122,0,0.001047,0.000155,0,0.001771,0.000235,0,0.002754,0.000204,0,0.002244,0.000306,0,0.003865,7.7e-05,0,0.000702
"PH_PR_4.sorted.bam","4","PR",0.000607,0,0.004756,0.000986,0,0.008459,0.14752,0.112255,0.183447,0.847847,0.809803,0.885276,0.002499,0,0.019639,0.000541,0,0.004142,0.000101,0,0.001099,0.000162,0,0.002161,0.000165,0,0.002102,0.000241,0,0.002269,0.00011,0,0.00147,0.000171,0,0.001817,0.00024,0,0.003253,0.00081,0,0.010363,0.293668,0.22313,0.365248,0.699001,0.624953,0.771959,0.000278,0,0.003235,0.000431,0,0.005133,0.00051,0,0.007041,0.002792,0,0.036856,0.000332,0,0.004242,9.1e-05,0,0.001074,0.000128,0,0.001467,0.000169,0,0.00208,0.000183,0,0.002326,0.000324,0,0.004171,9.3e-05,0,0.001007
"PH_PR_5.sorted.bam","5","PR",0.000862,0,0.006585,0.002389,0,0.021477,0.14304,0.10474,0.181503,0.851499,0.810074,0.892097,0.001476,0,0.011531,0.000733,0,0.00584,0.000245,0,0.002935,0.000386,0,0.004625,0.000474,0,0.005811,0.000354,0,0.004467,0.000672,0,0.007155,0.00127,0,0.01487,0.000213,0,0.002414,0.001996,0,0.027245,0.281731,0.20108,0.360136,0.708957,0.630168,0.7877,0.000169,0,0.001975,0.000564,0,0.008107,0.000502,0,0.00633,0.000902,0,0.010999,0.000277,0,0.003316,0.000112,0,0.001237,0.000213,0,0.0024,0.000281,0,0.003568,0.000243,0,0.003221,0.000262,0,0.003216,0.000177,0,0.001971
"PH_PR_6.sorted.bam","6","PR",0.000523,0,0.003916,0.001488,0,0.01249,0.148981,0.114111,0.184757,0.839684,0.788788,0.880229,0.0088,0,0.042429,0.000524,0,0.004426,8.5e-05,0,0.000978,0.000142,0,0.00165,0.000411,0,0.004864,0.000196,0,0.002149,0.000751,0,0.009498,0.00063,0,0.008683,0.000248,0,0.002646,0.000365,0,0.003877,0.286545,0.201026,0.362753,0.693142,0.602692,0.767218,0.000208,0,0.002227,0.000758,0,0.010684,0.00903,0,0.069779,0.005722,0,0.070032,0.000797,0,0.011456,8.2e-05,0,0.000856,0.000139,0,0.0015,0.00018,0,0.001644,0.000203,0,0.001678,0.000288,0,0.00276,7.8e-05,0,0.000802
"PH_PR_8.sorted.bam","8","PR",0.000621,0,0.004762,0.00289,0,0.022231,0.127286,0.093142,0.162813,0.849274,0.799295,0.896398,0.01892,0,0.052116,0.001008,0,0.007739,0.000144,0,0.001804,0.000209,0,0.002503,0.000448,0,0.005139,0.000163,0,0.001918,0.001111,0,0.011895,0.000852,0,0.012764,0.000195,0,0.002309,0.001087,0,0.015014,0.239858,0.136364,0.320289,0.722591,0.629549,0.807434,0.000195,0,0.002244,0.002254,0,0.027874,0.011405,0,0.088891,0.011938,0,0.087156,0.005689,0,0.037753,0.000191,0,0.002346,0.000224,0,0.003072,0.00033,0,0.003897,0.000287,0,0.003464,0.00067,0,0.009041,0.000158,0,0.001768
"PH_PT_12.sorted.bam","12","PT",0.082682,0.040447,0.128807,0.433127,0.364381,0.501607,0.009565,0,0.037789,0.412943,0.341632,0.487394,0.057016,0.01458,0.093298,0.004667,0,0.026331,0.002501,0,0.032996,0.035821,0,0.226312,0.199743,0,0.429505,0.006559,0,0.058242,0.001686,0,0.02355,0.002781,0,0.024823,0.083586,0,0.24081,0.427527,0,0.863491,0.002738,0,0.040839,0.119919,0,0.38917,0.033728,0,0.154427,0.000585,0,0.006116,0.001598,0,0.020916,0.070457,0,0.180236,0.001615,0,0.021601,0.000668,0,0.007529,0.00115,0,0.017539,0.000987,0,0.013321,0.001739,0,0.025176,0.004434,0,0.049646,0.000178,0,0.002058
"PH_PT_2.sorted.bam","2","PT",0.069841,0.036417,0.103393,0.429415,0.362002,0.499029,0.001896,0,0.013329,0.425287,0.356207,0.490941,0.071849,0.04247,0.102329,0.001712,0,0.013136,0.00111,0,0.012118,0.013056,0,0.155705,0.407666,0.167556,0.493,0.000563,0,0.00646,0.000959,0,0.013031,0.000454,0,0.005861,0.001602,0,0.024655,0.026142,0,0.327191,0.000552,0,0.006623,0.402912,0.164264,0.487112,0.121908,0,0.188223,0.003025,0,0.040303,0.000311,0,0.004064,0.01596,0,0.159028,0.000542,0,0.007589,0.000332,0,0.003026,0.000316,0,0.003471,0.000499,0,0.006899,0.000493,0,0.005651,0.00141,0,0.018817,0.000188,0,0.002004
"PH_PT_9.sorted.bam","9","PT",0.085853,0.051785,0.119334,0.451875,0.38199,0.523225,0.00211,0,0.014956,0.367336,0.299877,0.435994,0.090315,0.060552,0.123011,0.002511,0,0.016283,0.00322,0,0.040345,0.00102,0,0.013875,0.443598,0.360236,0.518052,0.000561,0,0.007441,0.000877,0,0.011245,0.000396,0,0.004971,0.001279,0,0.017962,0.002609,0,0.036726,0.00125,0,0.016198,0.36368,0.293651,0.434303,0.161276,0.021213,0.227604,0.011566,0,0.136906,0.000415,0,0.005326,0.001526,0,0.024806,0.002329,0,0.030395,0.00113,0,0.015163,0.000482,0,0.005035,0.000326,0,0.004317,0.000647,0,0.007509,0.001189,0,0.015547,0.000624,0,0.008433
"PH_SB_10.sorted.bam","10","SB",0.236347,0.18982,0.290593,0.608791,0.496508,0.672122,0.017484,0,0.052753,0.052807,0,0.131269,0.001687,0,0.012751,0.082885,0.041772,0.125342,0.000309,0,0.003521,0.459535,0.347574,0.577623,0.236647,0,0.376623,0.010742,0,0.084024,0.021812,0,0.097599,0.000102,0,0.000976,0.00083,0,0.011495,0.101308,0,0.261848,0.000387,0,0.00482,0.000279,0,0.003247,0.000695,0,0.008867,0.000744,0,0.008781,0.00057,0,0.007621,0.000294,0,0.003151,0.000112,0,0.001281,0.000274,0,0.003166,0.16089,0.074849,0.248288,0.001253,0,0.018616,0.002237,0,0.031051,0.000845,0,0.011535,0.000136,0,0.00166
"PH_SB_1.sorted.bam","1","SB",0.067786,0.027636,0.104297,0.494609,0.462697,0.509735,0.16273,0.129836,0.196063,0.267141,0.219386,0.313713,0.000945,0,0.007843,0.006789,0,0.038235,0.000101,0,0.001039,0.128578,5e-06,0.207104,0.001872,0,0.028204,0.005052,0,0.061662,0.319509,0.245664,0.388988,5.2e-05,0,0.000551,0.001021,0,0.013763,0.528772,0.430654,0.623577,0.000224,0,0.002231,0.000168,0,0.001696,0.000314,0,0.003617,0.000401,0,0.005143,0.000157,0,0.001916,0.000276,0,0.002734,5.1e-05,0,0.000561,0.000406,0,0.004998,0.008213,0,0.07175,0.000415,0,0.004966,0.003651,0,0.043608,0.000638,0,0.008382,0.000128,0,0.001518
"PH_SB_2.sorted.bam","2","SB",0.00275,0,0.019955,0.988684,0.958779,0.999964,0.000996,0,0.007848,0.001555,0,0.013212,0.003797,0,0.018738,0.002217,0,0.016339,0.000952,0,0.013494,0.000852,0,0.010784,0.986721,0.95113,0.999954,0.000232,0,0.002252,0.000556,0,0.007385,0.000185,0,0.002201,0.000487,0,0.005193,0.001056,0,0.01323,0.000197,0,0.002333,0.000305,0,0.003785,0.000561,0,0.007102,0.000396,0,0.004565,0.000296,0,0.003679,0.000295,0,0.003261,0.002921,0,0.017954,0.001466,0,0.019688,0.001066,0,0.013339,0.000341,0,0.004226,0.000467,0,0.005509,0.000204,0,0.002575,0.000445,0,0.005655
"PH_SB_3.sorted.bam","3","SB",0.00484,0,0.027427,0.971733,0.930346,0.999566,0.015483,0,0.044878,0.00297,0,0.021586,0.001847,0,0.012825,0.003126,0,0.021335,0.000532,0,0.007207,0.001183,0,0.015198,0.960023,0.891002,0.999448,0.005616,0,0.048094,0.017687,0,0.085249,0.001673,0,0.019794,0.000635,0,0.009117,0.001392,0,0.020045,0.001896,0,0.027683,0.000505,0,0.006881,0.000399,0,0.005157,0.000743,0,0.008521,0.001154,0,0.016508,0.000246,0,0.002646,0.000313,0,0.003569,0.000784,0,0.012074,0.002415,0,0.034474,0.001269,0,0.019419,0.000759,0,0.00935,0.000528,0,0.006715,0.000248,0,0.002975
"PH_SB_4.sorted.bam","4","SB",0.011206,0,0.054011,0.981734,0.938797,0.999962,0.000575,0,0.004804,0.001374,0,0.011532,9e-04,0,0.007239,0.00421,0,0.025551,0.00286,0,0.03521,0.012001,0,0.095717,0.973287,0.896305,0.999953,0.000319,0,0.003985,0.000144,0,0.001617,0.000123,0,0.00136,0.000998,0,0.013911,0.00101,0,0.012726,0.000108,0,0.001276,0.000116,0,0.001101,0.000507,0,0.005763,0.000243,0,0.003032,0.000136,0,0.001485,0.000108,0,0.001131,0.00015,0,0.00189,0.002867,0,0.034849,0.003494,0,0.038682,0.000197,0,0.002126,0.000292,0,0.003508,0.000506,0,0.007938,0.000533,0,0.007214
"PH_SB_6.sorted.bam","6","SB",0.012787,0,0.064252,0.891257,0.837459,0.933636,0.000684,0,0.006139,0.000761,0,0.006284,0.003604,0,0.023729,0.090906,0.054487,0.128701,0.001219,0,0.015718,0.016755,0,0.123875,0.792378,0.69107,0.871558,0.00031,0,0.003555,0.000301,0,0.003076,7.4e-05,0,0.000773,0.000356,0,0.004039,0.000346,0,0.003683,9.7e-05,0,0.001087,0.000122,0,0.001519,0.00488,0,0.0446,0.001123,0,0.016553,0.000105,0,0.001174,0.000241,0,0.002497,7.8e-05,0,0.000864,0.000835,0,0.012769,0.179233,0.104271,0.255793,0.000408,0,0.005264,0.000238,0,0.002457,0.000704,0,0.009712,0.000198,0,0.002309
"PH_SB_7.sorted.bam","7","SB",0.001607,0,0.012552,0.993168,0.969952,0.999984,0.001021,0,0.007905,0.000957,0,0.008166,0.000555,0,0.004269,0.002691,0,0.02047,0.000288,0,0.003274,0.001114,0,0.014784,0.990341,0.951257,0.99998,0.000377,0,0.004971,0.000596,0,0.006961,0.000117,0,0.001299,0.00046,0,0.004799,0.00045,0,0.005284,0.000243,0,0.002869,0.00018,0,0.00194,0.000218,0,0.002969,0.000187,0,0.00225,0.000106,0,0.001207,0.000128,0,0.001202,6.8e-05,0,0.000785,0.000467,0,0.006127,0.003306,0,0.038565,0.000487,0,0.006525,0.000274,0,0.0032,0.000334,0,0.004323,0.000257,0,0.003006
"PH_SB_9.sorted.bam","9","SB",0.097359,0.051859,0.147626,0.712199,0.639651,0.784458,0.006416,0,0.033891,0.125054,0.067866,0.186846,0.030324,0.005367,0.055463,0.028648,8e-06,0.06668,0.000128,0,0.001415,0.186595,0.081768,0.291979,0.469169,0.313361,0.609199,0.003222,0,0.036207,0.005914,0,0.060866,7.7e-05,0,0.000858,0.001527,0,0.02337,0.243829,0.129291,0.369941,0.000879,0,0.012269,0.00016,0,0.00185,0.002138,0,0.024423,0.028088,0,0.105787,0.000565,0,0.007654,0.000455,0,0.005963,6.7e-05,0,0.000792,0.000979,0,0.012796,0.021632,0,0.125129,0.002098,0,0.030823,0.003097,0,0.042292,0.029268,0,0.088318,0.000112,0,0.001329
"PH_SC_10.sorted.bam","10","SC",0.042994,0.009991,0.078985,0.429001,0.383721,0.471461,0.199257,0.164396,0.234862,0.291796,0.250162,0.331082,0.003737,0,0.023785,0.033216,0.00697,0.063958,0.000505,0,0.006607,0.001927,0,0.024609,0.000418,0,0.00419,0.060933,0,0.147541,0.321625,0.199464,0.429011,0.000124,0,0.001284,0.016571,0,0.107549,0.524886,0.418417,0.632376,0.000642,0,0.006976,0.000611,0,0.009089,0.001581,0,0.022599,0.002283,0,0.029485,0.000697,0,0.008457,0.000596,0,0.007199,0.000296,0,0.00377,0.003966,0,0.046951,0.006446,0,0.067503,0.014368,0,0.090206,0.039675,0,0.124337,0.001723,0,0.02552,0.000127,0,0.001328
"PH_SC_11.sorted.bam","11","SC",0.000797,0,0.006521,0.497621,0.443057,0.56023,0.226349,0.189212,0.266044,0.263966,0.17801,0.325042,0.010128,0,0.048559,0.001139,0,0.009253,0.000225,0,0.002887,0.000224,0,0.001995,0.079563,0,0.457412,0.000211,0,0.002323,0.383244,0.13676,0.514101,0.000904,0,0.011651,0.000235,0,0.002736,0.450675,0,0.604091,0.064408,0,0.339355,0.002525,0,0.031403,0.000314,0,0.003657,0.001312,0,0.017419,0.002867,0,0.037937,0.007025,0,0.079211,0.004182,0,0.03621,0.000161,0,0.001844,0.000663,0,0.008617,0.000161,0,0.00176,0.000541,0,0.006002,0.000373,0,0.004367,0.00019,0,0.00249
"PH_SC_12.sorted.bam","12","SC",0.000649,0,0.005439,0.589867,0.528792,0.656316,0.226338,0.186942,0.271847,0.171604,0.095326,0.22369,0.010375,0,0.040498,0.001166,0,0.00863,0.000158,0,0.001914,0.000224,0,0.001953,0.54578,0.281501,0.633819,0.000179,0,0.001786,0.069381,0,0.351103,0.025688,0,0.094622,0.000172,0,0.001763,0.014959,0,0.278399,0.322146,1e-06,0.442621,0.000717,0,0.010239,0.00018,0,0.001804,0.003353,0,0.036004,0.009123,0,0.070334,0.004184,0,0.048444,0.001612,0,0.017334,0.000227,0,0.002115,0.000258,0,0.003167,0.000472,0,0.006387,0.000313,0,0.003824,0.000686,0,0.008684,0.000188,0,0.002337
"PH_SC_1.sorted.bam","1","SC",0.000742,0,0.005797,0.522999,0.46452,0.579604,0.220424,0.185064,0.252849,0.231901,0.187643,0.288752,0.02291,0,0.061724,0.001023,0,0.008728,9.8e-05,0,0.000908,0.000292,0,0.003759,0.485148,0.331548,0.573477,0.00026,0,0.003366,0.01748,0,0.155099,0.000537,0,0.006473,0.000195,0,0.002175,0.032394,0,0.220629,0.417076,0.297294,0.494164,0.001268,0,0.015596,0.000404,0,0.005144,0.025249,0,0.115306,0.004622,0,0.059058,0.011258,0,0.078523,0.001802,0,0.022111,0.000136,0,0.001416,0.000288,0,0.002953,0.000336,0,0.003727,0.000344,0,0.003594,0.000684,0,0.007961,0.000129,0,0.001613
"PH_SC_2.sorted.bam","2","SC",0.000682,0,0.005384,0.521267,0.458799,0.582822,0.229019,0.187056,0.273317,0.224915,0.157267,0.295976,0.023521,0,0.061327,0.000596,0,0.004817,0.00018,0,0.002238,0.000282,0,0.003722,0.50967,0.433206,0.578972,0.00024,0,0.003014,0.019258,0,0.136786,0.194566,0.126445,0.258793,0.000182,0,0.001981,0.003057,0,0.042808,0.04629,0,0.177854,0.198762,0.085061,0.290446,0.000191,0,0.002062,0.000445,0,0.00508,0.002802,0,0.034708,0.002588,0,0.038997,0.020415,0,0.059157,0.000108,0,0.001101,0.000151,0,0.001982,0.000317,0,0.004628,0.000188,0,0.002109,0.000185,0,0.002276,0.000122,0,0.001346
"PH_SC_3.sorted.bam","3","SC",0.018887,0,0.068154,0.50171,0.42072,0.59014,0.182544,0.137978,0.226694,0.244491,0.156422,0.334751,0.012037,0,0.042617,0.040331,0.004052,0.073397,0.00036,0,0.004458,0.017076,0,0.11665,0.320847,0,0.576385,0.009164,0,0.108346,0.08818,0,0.394411,0.001134,0,0.01616,0.005549,0,0.063432,0.247959,0,0.627967,0.208109,0,0.400183,0.001325,0,0.017731,0.002536,0,0.034582,0.002281,0,0.03376,0.011594,0,0.067105,0.00264,0,0.040115,0.000736,0,0.009369,0.002729,0,0.036843,0.006229,0,0.075549,0.045772,0,0.13672,0.022075,0,0.120562,0.00355,0,0.049689,0.000153,0,0.001573
"PH_SC_7.sorted.bam","7","SC",0.000693,0,0.00549,0.582722,0.526649,0.643252,0.219109,0.183717,0.257265,0.194866,0.131706,0.254336,0.001721,0,0.013091,0.00089,0,0.00728,0.000176,0,0.001446,0.000253,0,0.00296,0.241761,0.080293,0.426535,0.000138,0,0.001471,0.421911,0.278155,0.508736,0.000693,0,0.008999,0.000252,0,0.003056,0.258618,0,0.487636,0.013784,0,0.154812,0.057922,0,0.242434,0.000223,0,0.002827,0.000872,0,0.011519,0.000615,0,0.005942,0.001021,0,0.013879,0.000207,0,0.00188,0.000168,0,0.001927,0.000268,0,0.003714,0.000384,0,0.004316,0.000211,0,0.002618,0.000297,0,0.002941,0.000226,0,0.002941
"PH_SC_8.sorted.bam","8","SC",0.000724,0,0.00583,0.556946,0.498576,0.618256,0.224799,0.185058,0.263938,0.214444,0.154775,0.274482,0.002446,0,0.019178,0.000641,0,0.00517,0.000208,0,0.001999,0.000294,0,0.003775,0.307025,0.136839,0.461047,0.000215,0,0.002247,0.27787,0.101841,0.427191,0.080227,0,0.154656,0.000193,0,0.002213,0.220266,0,0.505562,0.009646,0,0.170676,0.098895,0,0.269551,0.000228,0,0.002633,0.001093,0,0.016232,0.001145,0,0.013641,0.000799,0,0.010465,0.00072,0,0.009822,0.000103,0,0.001142,0.000319,0,0.003765,0.000267,0,0.002929,0.000194,0,0.002267,0.000186,0,0.002194,0.000106,0,0.001146
"PH_SC_9.sorted.bam","9","SC",0.013221,0,0.046245,0.510536,0.465526,0.599005,0.238963,0.201524,0.274175,0.226265,0.115626,0.286032,0.007364,0,0.046068,0.003651,0,0.022191,0.000931,0,0.011938,0.013835,0,0.082034,0.063928,0,0.431979,0.004138,0,0.043206,0.451993,0.279786,0.540595,0.000376,0,0.004666,0.001772,0,0.018852,0.423763,0,0.570018,0.017778,0,0.20478,0.000951,0,0.01149,0.003814,0,0.040191,0.001509,0,0.018406,0.000951,0,0.012605,0.006963,0,0.088737,0.000167,0,0.002029,0.001021,0,0.012954,0.002116,0,0.029172,0.002314,0,0.028853,0.000351,0,0.003719,0.001156,0,0.018447,0.000172,0,0.002155
"PH_SH_10.sorted.bam","10","SH",0.481849,0.410782,0.548566,0.500557,0.426383,0.578227,0.001217,0,0.00956,0.009073,0,0.055731,0.005436,0,0.030841,0.00187,0,0.013931,0.20493,0,0.502128,0.548652,0,0.995629,0.223112,0,0.517599,0.000528,0,0.005401,0.000304,0,0.00356,0.000191,0,0.002171,0.001628,0,0.018149,0.00309,0,0.045922,0.000404,0,0.004892,0.005235,0,0.051194,0.002189,0,0.031714,0.002243,0,0.038667,0.000547,0,0.006587,0.001864,0,0.026624,0.001785,0,0.021781,0.00084,0,0.012362,6e-04,0,0.008033,0.000267,0,0.003361,0.000688,0,0.0086,0.000459,0,0.005312,0.000443,0,0.005841
"PH_SH_1.sorted.bam","1","SH",0.503995,0.45001,0.555894,0.472461,0.417861,0.524205,0.000777,0,0.00614,0.00355,0,0.026977,0.001284,0,0.009346,0.017933,0,0.056835,0.32919,0.219524,0.440596,0.321052,0.101577,0.533883,0.310202,0.188795,0.433574,0.000276,0,0.003298,0.000192,0,0.002006,0.000156,0,0.001935,0.000838,0,0.01204,0.000476,0,0.005997,0.000215,0,0.002516,0.000677,0,0.009298,0.000619,0,0.007967,0.000462,0,0.006161,0.000248,0,0.003097,0.000358,0,0.00439,0.000182,0,0.001974,0.026825,0,0.111681,0.002336,0,0.034303,0.000312,0,0.003471,0.00386,0,0.046138,0.000516,0,0.007033,0.001008,0,0.013718
"PH_SH_2.sorted.bam","2","SH",0.521371,0.471708,0.572203,0.461657,0.404875,0.516745,0.000503,0,0.004214,0.005372,0,0.031793,0.00179,0,0.014075,0.009307,0,0.043025,0.338082,0.218723,0.457907,0.363916,0.136513,0.565344,0.274206,0.157132,0.4021,0.000234,0,0.002074,0.00014,0,0.001723,8.5e-05,0,0.00082,0.000881,0,0.009722,0.004275,0,0.051721,0.000124,0,0.001433,0.000931,0,0.012843,0.00035,0,0.004099,0.000557,0,0.007393,0.000136,0,0.0014,0.000794,0,0.011358,0.000411,0,0.004849,0.001198,0,0.01763,0.006016,0,0.060683,0.000201,0,0.002302,0.002808,0,0.03334,0.00092,0,0.010481,0.003736,0,0.036379
"PH_SH_3.sorted.bam","3","SH",0.56102,0.507843,0.611361,0.40982,0.358746,0.458387,0.00057,0,0.004468,0.010853,0,0.046532,0.003441,0,0.022377,0.014296,0,0.050481,0.15755,0.069765,0.244642,0.800078,0.670474,0.906691,0.002399,0,0.030418,0.000133,0,0.001501,0.000188,0,0.001925,7.8e-05,0,0.000873,0.000853,0,0.007283,0.004711,0,0.06038,0.000124,0,0.001374,0.001564,0,0.020033,0.000885,0,0.012165,0.000874,0,0.010188,0.000186,0,0.002487,0.001774,0,0.025168,0.000343,0,0.004511,0.004991,0,0.05772,0.008992,0,0.089228,0.000352,0,0.004551,0.011116,0,0.066862,0.002477,0,0.029901,0.000332,0,0.004284
"PH_SH_5.sorted.bam","5","SH",0.533196,0.473725,0.593381,0.458976,0.397599,0.518371,0.000686,0,0.005171,0.002528,0,0.018714,0.003257,0,0.022057,0.001357,0,0.010121,0.525616,0.441133,0.591123,0.01082,0,0.150007,0.452213,0.372142,0.515971,0.00025,0,0.003244,0.000225,0,0.003144,0.000142,0,0.001746,0.001689,0,0.022567,0.000735,0,0.009885,0.00023,0,0.002763,0.000493,0,0.00628,0.002164,0,0.030451,0.00109,0,0.016381,0.000242,0,0.002586,0.001026,0,0.014705,0.000736,0,0.009237,0.000238,0,0.002741,0.000656,0,0.00722,0.000141,0,0.001692,0.000391,0,0.004668,0.00052,0,0.006674,0.000385,0,0.00438
"PH_SH_6.sorted.bam","6","SH",0.481987,0.438628,0.505712,0.437758,0.362388,0.499834,0.003771,0,0.020319,0.058126,2e-06,0.127764,0.009986,0,0.047223,0.008373,0,0.039114,0.002409,0,0.028935,0.853314,0.709365,0.976645,0.002838,0,0.03975,0.001097,0,0.015222,0.001718,0,0.021653,0.000327,0,0.004073,0.097083,0,0.249163,0.007567,0,0.088583,0.001576,0,0.021231,0.001243,0,0.016823,0.006381,0,0.075402,0.005006,0,0.051635,0.001754,0,0.021996,0.001202,0,0.013865,0.00016,0,0.001594,0.001281,0,0.016852,0.002235,0,0.031168,0.000743,0,0.009358,0.006338,0,0.062625,0.005309,0,0.053629,0.00042,0,0.005419
"PH_SH_7.sorted.bam","7","SH",0.538232,0.477339,0.597317,0.450973,0.390225,0.512535,0.000648,0,0.005117,0.006027,0,0.045606,0.001974,0,0.015462,0.002146,0,0.017593,0.510543,0.32232,0.593805,0.049379,0,0.432118,0.422455,0.207366,0.507567,0.000232,0,0.002651,0.000242,0,0.00294,0.000131,0,0.001435,0.004136,0,0.070133,0.005036,0,0.063376,0.000172,0,0.001494,0.00063,0,0.007672,0.000582,0,0.007947,0.000971,0,0.012812,0.000113,0,0.001355,0.000765,0,0.009504,0.000597,0,0.007739,0.001048,0,0.009421,0.001407,0,0.019701,0.000275,0,0.003033,0.000685,0,0.008272,0.000325,0,0.003723,0.000277,0,0.00336
"PH_SL_10.sorted.bam","10","SL",0.004769,0,0.040323,0.00737,0,0.052904,0.001126,0,0.011328,0.383627,0.326962,0.431484,0.599181,0.559192,0.638821,0.003927,0,0.038442,0.000134,0,0.001623,9.6e-05,0,0.001114,0.000205,0,0.002777,0.000154,0,0.002029,0.000203,0,0.002446,6e-05,0,0.000639,0.000295,0,0.003428,0.000223,0,0.002591,0.000165,0,0.001632,0.000189,0,0.001701,0.008492,0,0.080641,0.013538,0,0.104235,0.001422,0,0.021216,0.765958,0.653269,0.861188,0.201101,0.120695,0.280772,0.000232,0,0.002454,0.000268,0,0.003243,0.000186,0,0.002342,0.000235,0,0.00268,0.00675,0,0.076125,9.1e-05,0,0.000993
"PH_SL_11.sorted.bam","11","SL",0.001569,0,0.011768,0.009383,0,0.060688,0.001598,0,0.011125,0.371365,0.321477,0.413665,0.61444,0.5774,0.651994,0.001645,0,0.011473,0.000287,0,0.003774,0.000457,0,0.005815,0.001008,0,0.014855,0.000404,0,0.005051,0.000632,0,0.00819,0.000221,0,0.002453,0.000669,0,0.008171,0.001623,0,0.023787,0.000394,0,0.00474,0.002325,0,0.028822,0.000878,0,0.010465,0.01305,0,0.12061,0.000883,0,0.011778,0.734597,0.629865,0.823426,0.2394,0.162231,0.317907,0.000155,0,0.001797,0.000989,0,0.014347,0.000441,0,0.00643,0.000798,0,0.01053,0.000671,0,0.008348,0.000118,0,0.001403
"PH_SL_12.sorted.bam","12","SL",0.000198,0,0.001685,0.000213,0,0.001765,0.000226,0,0.001806,0.00038,0,0.002946,0.9988,0.994176,0.999998,0.000182,0,0.001609,4.3e-05,0,0.000445,3.4e-05,0,0.00032,4.9e-05,0,0.000581,4.8e-05,0,0.000571,4.5e-05,0,0.000488,4.8e-05,0,0.000493,5.3e-05,0,0.000616,7e-05,0,0.000768,5.2e-05,0,0.000619,6.5e-05,0,0.000671,0.000133,0,0.001586,0.000148,0,0.001665,0.000162,0,0.001883,0.00041,0,0.003825,0.998312,0.990838,0.999997,4.2e-05,0,0.00044,3.1e-05,0,0.000364,5e-05,0,0.000493,4.6e-05,0,0.000526,0.000124,0,0.001402,3.6e-05,0,0.000399
"PH_SL_1.sorted.bam","1","SL",0.001092,0,0.009248,0.000936,0,0.007367,0.002618,0,0.023973,0.362514,0.323178,0.400925,0.632415,0.594718,0.668841,0.000425,0,0.003529,0.000125,0,0.001448,0.000172,0,0.002046,2e-04,0,0.002512,0.000595,0,0.008206,0.00044,0,0.006138,0.000177,0,0.001751,0.000191,0,0.002357,0.000219,0,0.002596,0.000648,0,0.008519,0.000186,0,0.001961,0.000909,0,0.010627,0.000509,0,0.007234,0.003043,0,0.04786,0.723505,0.644773,0.800607,0.268317,0.193846,0.340879,6.7e-05,0,0.000751,0.000132,0,0.001485,0.000156,0,0.00172,9.4e-05,0,0.001125,0.000229,0,0.002372,8.6e-05,0,0.000963
"PH_SL_2.sorted.bam","2","SL",0.000221,0,0.001776,0.000254,0,0.001919,0.000271,0,0.00247,0.000307,0,0.002526,0.998747,0.993979,0.999998,0.000201,0,0.001661,5.5e-05,0,0.000554,5.6e-05,0,0.000615,5.6e-05,0,0.000669,6.1e-05,0,0.000574,6.3e-05,0,0.000702,6.2e-05,0,0.000706,6.5e-05,0,0.000759,6.4e-05,0,0.000828,6.2e-05,0,0.000649,7e-05,0,0.000773,9.5e-05,0,0.000985,0.000153,0,0.001774,0.000178,0,0.001985,0.00023,0,0.002688,0.998372,0.991506,0.999997,5.5e-05,0,0.000638,6e-05,0,0.00055,5.4e-05,0,0.000608,5.3e-05,0,0.000627,9.4e-05,0,0.00099,4.3e-05,0,0.000429
"PH_SL_3.sorted.bam","3","SL",0.000228,0,0.00174,0.000223,0,0.001697,0.000226,0,0.001815,0.000332,0,0.00275,0.998754,0.993836,0.999997,0.000237,0,0.001804,5.9e-05,0,0.000621,5e-05,0,0.000513,4.1e-05,0,0.000457,5.6e-05,0,0.000593,5e-05,0,0.000588,4.9e-05,0,0.00058,8.2e-05,0,0.001105,8.4e-05,0,0.001083,7.3e-05,0,0.000674,7.1e-05,0,0.000802,9.1e-05,0,0.001061,0.000136,0,0.001488,0.000125,0,0.001414,0.000206,0,0.002178,0.998404,0.991737,0.999997,5.9e-05,0,0.000668,4.4e-05,0,0.000469,5.1e-05,0,0.000613,7.7e-05,0,0.000784,0.000143,0,0.00161,5e-05,0,0.000533
"PH_SL_4.sorted.bam","4","SL",0.000242,0,0.002002,0.000264,0,0.002054,0.000272,0,0.002328,0.000678,0,0.006557,0.998335,0.991177,0.999997,0.000209,0,0.001692,5.2e-05,0,0.000609,5.8e-05,0,0.000691,6.5e-05,0,0.000684,6.2e-05,0,0.000716,7.1e-05,0,0.000769,4.1e-05,0,0.000411,5.7e-05,0,7e-04,8.2e-05,0,0.00091,9.5e-05,0,0.001037,0.000102,0,0.001067,0.000159,0,0.002024,0.000137,0,0.001614,0.00019,0,0.001791,0.000864,0,0.011423,0.997593,0.985571,0.999996,4.4e-05,0,0.000549,5.1e-05,0,0.000575,4.4e-05,0,0.00043,5.5e-05,0,0.000698,0.000135,0,0.001448,4.4e-05,0,0.000397
"PH_SL_6.sorted.bam","6","SL",0.000594,0,0.004679,0.001411,0,0.013421,0.000903,0,0.007467,0.370129,0.331667,0.404994,0.626437,0.591228,0.664884,0.000527,0,0.004329,7.5e-05,0,0.000869,0.000132,0,0.001483,0.000242,0,0.002727,0.000113,0,0.001329,0.000229,0,0.002855,9.8e-05,0,0.001187,0.000181,0,0.002081,0.000264,0,0.002813,0.000212,0,0.002421,0.00019,0,0.002143,0.000525,0,0.00623,0.001601,0,0.022702,0.000903,0,0.012216,0.739,0.661331,0.808302,0.255272,0.186093,0.332039,8.9e-05,0,0.000881,0.000111,0,0.001366,0.000152,0,0.001903,0.00022,0,0.002658,3e-04,0,0.002456,9.1e-05,0,0.000956
"PH_SL_7.sorted.bam","7","SL",0.000352,0,0.002936,0.000329,0,0.002654,0.000425,0,0.003623,0.000482,0,0.004155,0.99815,0.990649,0.999996,0.000263,0,0.002075,8.4e-05,0,0.000972,6.1e-05,0,0.000709,6.5e-05,0,0.000672,0.000118,0,0.001299,7.5e-05,0,0.000802,1e-04,0,0.001086,0.000108,0,0.001161,0.00014,0,0.00131,7.7e-05,0,0.000748,0.000153,0,0.001652,0.000186,0,0.002309,0.000195,0,0.00191,0.000295,0,0.003594,0.000262,0,0.002275,0.99762,0.987544,0.999996,6.3e-05,0,0.00064,5.6e-05,0,0.000605,8.5e-05,0,0.000807,7.2e-05,0,0.000791,0.000123,0,0.001297,6.3e-05,0,0.000766
"PH_SL_8.sorted.bam","8","SL",0.429146,0.399453,0.464837,0.071772,0.01774,0.120067,0.008157,0,0.03869,0.118494,0.066007,0.17124,0.30388,0.268386,0.339261,0.068551,0.034988,0.096607,9.6e-05,0,0.001131,0.097918,0,0.230257,0.00029,0,0.002537,0.009178,0,0.062629,0.002612,0,0.033871,7.2e-05,0,0.000925,0.231742,0.116129,0.340887,0.000699,0,0.007146,0.000253,0,0.003159,0.000146,0,0.001539,0.518623,0.394516,0.64599,0.000463,0,0.005436,0.000424,0,0.004973,0.000393,0,0.004931,4.4e-05,0,0.000496,0.000639,0,0.006377,0.04127,0,0.170308,0.003703,0,0.055279,0.003607,0,0.051648,0.087768,0,0.18551,5.7e-05,0,0.000546
"PH_SL_9.sorted.bam","9","SL",0.000644,0,0.005587,0.000935,0,0.007739,0.001636,0,0.011886,0.357141,0.320005,0.395978,0.63903,0.601329,0.676363,0.000614,0,0.004898,9.2e-05,0,0.001022,0.00016,0,0.001553,0.000139,0,0.001458,0.000173,0,0.001928,0.00039,0,0.003787,0.000186,0,0.001964,0.000208,0,0.002397,0.000484,0,0.006674,0.001135,0,0.014168,0.001178,0,0.016134,0.000458,0,0.004448,0.00038,0,0.003978,0.001009,0,0.012792,0.709799,0.628154,0.790097,0.283124,0.205631,0.358136,0.000105,0,0.00124,0.000178,0,0.002282,0.000194,0,0.002478,0.000299,0,0.004073,0.000166,0,0.001916,0.000143,0,0.001727
"PH_TB_10.sorted.bam","10","TB",0.00273,0,0.021798,0.007947,0,0.04061,0.014393,0,0.044236,0.953061,0.898484,0.998571,0.020136,0,0.05449,0.001734,0,0.014895,0.000412,0,0.004564,0.000268,0,0.003149,0.000975,0,0.012765,0.000839,0,0.011825,0.003047,0,0.037439,0.00057,0,0.006892,0.000465,0,0.003969,0.003844,0,0.042175,0.006774,0,0.063227,0.942312,0.861183,0.998368,0.00283,0,0.037644,0.006236,0,0.062594,0.016656,0,0.078704,0.009805,0,0.099788,0.001729,0,0.024416,0.000233,0,0.003347,0.000549,0,0.00697,0.00033,0,0.003605,0.00061,0,0.006778,0.001288,0,0.021631,0.000228,0,0.002867
"PH_TB_12.sorted.bam","12","TB",0.002672,0,0.018868,0.009129,0,0.051551,0.002644,0,0.016769,0.974276,0.923046,0.999752,0.009426,0,0.039542,0.001853,0,0.013802,0.00076,0,0.010673,0.00112,0,0.01631,0.004284,0,0.048122,0.00063,0,0.007915,0.000906,0,0.012067,0.000217,0,0.002486,0.000669,0,0.008419,0.005351,0,0.062103,0.001249,0,0.01578,0.967399,0.895242,0.999721,0.001085,0,0.014488,0.001762,0,0.022481,0.001491,0,0.019279,0.005827,0,0.063911,0.003797,0,0.028671,0.000321,0,0.003511,0.000552,0,0.006292,0.000578,0,0.007282,0.000656,0,0.008106,0.001095,0,0.016579,0.000252,0,0.002785
"PH_TB_1.sorted.bam","1","TB",0.003819,0,0.023644,0.005828,0,0.036705,0.003541,0,0.020499,0.97481,0.923516,0.999835,0.008336,0,0.04291,0.003665,0,0.023353,0.000519,0,0.007076,0.001432,0,0.019907,0.001226,0,0.013167,0.000935,0,0.013138,0.001603,0,0.023046,0.00036,0,0.004697,0.001291,0,0.016704,0.00086,0,0.010212,0.001225,0,0.016675,0.969865,0.894621,0.999803,0.002273,0,0.030539,0.004095,0,0.046376,0.001434,0,0.019341,0.005266,0,0.067016,0.001278,0,0.016761,0.000671,0,0.009477,0.001214,0,0.013429,0.001165,0,0.015074,0.001251,0,0.017394,0.00105,0,0.014615,0.00099,0,0.014189
"PH_TB_2.sorted.bam","2","TB",0.002094,0,0.014797,0.002001,0,0.014864,0.006844,0,0.029533,0.982916,0.947947,0.999878,0.003529,0,0.021632,0.002615,0,0.019082,0.000762,0,0.010945,0.000485,0,0.00585,0.000314,0,0.003592,0.00079,0,0.010346,0.000896,0,0.011375,0.003552,0,0.027163,0.000742,0,0.010329,0.000548,0,0.006077,0.00188,0,0.028087,0.979494,0.936327,0.999844,0.00036,0,0.004353,0.000792,0,0.009942,0.001642,0,0.024364,0.002906,0,0.03506,0.000229,0,0.00274,0.000287,0,0.003984,0.000651,0,0.007547,0.001376,0,0.018442,0.000767,0,0.00671,0.000902,0,0.011428,0.000624,0,0.007972
"PH_TB_3.sorted.bam","3","TB",0.009,0,0.034957,0.012439,0,0.057211,0.024258,0,0.054647,0.89701,0.835316,0.950866,0.038342,0.00685,0.072853,0.018951,0,0.04954,0.00063,0,0.008458,0.00195,0,0.026662,0.000941,0,0.010466,0.00191,0,0.025375,0.004772,0,0.050761,0.000341,0,0.003141,0.001078,0,0.012015,0.005405,0,0.076513,0.003201,0,0.039741,0.884905,0.806633,0.946835,0.004249,0,0.043794,0.00633,0,0.079265,0.030491,0,0.100432,0.008642,0,0.100201,0.012505,0,0.063327,0.007553,0,0.058184,0.004538,0,0.051082,0.007459,0,0.061672,0.005884,0,0.065355,0.001962,0,0.025591,0.005254,0,0.041015
"PH_TB_4.sorted.bam","4","TB",0.161996,0.119718,0.205886,0.206015,0.14713,0.255527,0.098533,0.067233,0.132113,0.40406,0.366196,0.462613,0.117749,0.086204,0.153019,0.011646,0,0.042246,0.000101,0,0.001062,0.000212,0,0.002381,0.000254,0,0.002931,0.001597,0,0.023113,0.17056,0.043954,0.253817,5.6e-05,0,0.000639,0.321028,0.236018,0.409642,0.239585,0.105501,0.377734,0.010145,0,0.130486,0.00064,0,0.006222,0.000733,0,0.008163,0.000354,0,0.004416,0.007286,0,0.08324,0.224197,0.127117,0.301509,7.3e-05,0,0.000831,0.000219,0,0.002482,0.00081,0,0.010344,0.007367,0,0.058606,0.011884,0,0.079028,0.002781,0,0.03173,0.000115,0,0.001265
"PH_TB_6.sorted.bam","6","TB",0.003852,0,0.024565,0.021313,0,0.054091,0.00419,0,0.022579,0.941885,0.887907,0.988672,0.027157,9e-06,0.057829,0.001603,0,0.013065,0.000668,0,0.00894,0.00166,0,0.023193,0.002032,0,0.026832,0.000897,0,0.012623,0.000724,0,0.009542,0.001725,0,0.01662,0.002084,0,0.03264,0.001282,0,0.010779,0.001307,0,0.017892,0.932152,0.869966,0.986951,0.00117,0,0.015077,0.034308,0,0.101217,0.001683,0,0.021528,0.014044,0,0.099646,0.001385,0,0.018899,0.000557,0,0.007803,0.000588,0,0.007046,0.000319,0,0.003236,0.00075,0,0.008382,0.000339,0,0.003096,0.000327,0,0.004413
"PH_TB_7.sorted.bam","7","TB",0.166285,0.124766,0.210835,0.002063,0,0.016265,0.002472,0,0.016964,0.765789,0.70385,0.822179,0.062489,0.018545,0.106815,0.000902,0,0.007078,0.000429,0,0.005628,0.001953,0,0.022897,0.000405,0,0.004696,0.000641,0,0.007798,0.000587,0,0.007404,6e-04,0,0.008106,0.305013,0.171074,0.411494,0.000278,0,0.003599,0.000889,0,0.012276,0.563293,0.419122,0.708385,0.023921,0,0.134085,0.000316,0,0.004191,0.001338,0,0.017355,0.098322,0,0.208084,0.000337,0,0.004235,0.000183,0,0.002412,0.000182,0,0.002028,0.000288,0,0.003909,0.000492,0,0.006105,0.000406,0,0.004763,0.000127,0,0.001298
"PH_TB_8.sorted.bam","8","TB",0.010131,0,0.035112,0.017089,0,0.069027,0.005123,0,0.025643,0.953246,0.895082,0.998505,0.012145,0,0.048725,0.002266,0,0.017393,0.002742,0,0.025411,0.003621,0,0.040789,0.006436,0,0.060054,0.005079,0,0.041253,0.002375,0,0.033299,0.000433,0,0.004624,0.001023,0,0.014283,0.005994,0,0.078247,0.000729,0,0.008691,0.945601,0.86706,0.99827,0.004642,0,0.047021,0.00786,0,0.072655,0.000873,0,0.011347,0.006871,0,0.075494,0.001547,0,0.020324,0.000412,0,0.005115,0.001456,0,0.019505,0.000325,0,0.004431,0.000674,0,0.008555,0.000948,0,0.012976,0.000358,0,0.004296
"PH_TB_9.sorted.bam","9","TB",0.174914,0.135302,0.22039,0.083011,0.035463,0.149704,0.065276,0.038714,0.093219,0.36735,0.295387,0.416359,0.043585,0.013717,0.076427,0.265863,0.226146,0.305809,0.000183,0,0.002017,0.016754,0,0.164296,0.000712,0,0.008659,0.011147,0,0.127612,0.115066,0,0.180688,6.1e-05,0,0.000703,0.249742,0.033258,0.373747,0.000599,0,0.007538,0.000279,0,0.003075,0.000197,0,0.002162,0.070911,0,0.14846,0.002109,0,0.03412,0.000279,0,0.003365,0.000283,0,0.00354,4.9e-05,0,0.000504,0.000909,0,0.012452,0.03007,0,0.185954,0.003659,0,0.045105,0.483404,0.329377,0.598499,0.01349,0,0.110969,9.7e-05,0,0.0011
"PH_WC_10.sorted.bam","10","WC",0.077578,0.010609,0.13367,0.777861,0.708739,0.850931,0.005456,0,0.03215,0.070931,0.017694,0.124708,0.003327,0,0.022635,0.064847,0.030559,0.100505,0.000455,0,0.005555,0.138112,0,0.264565,0.68212,0.544509,0.823674,0.005194,0,0.052183,0.002584,0,0.035731,0.000105,0,0.001141,0.004096,0,0.055975,0.030781,0,0.214411,0.001009,0,0.014282,0.000945,0,0.01148,0.001686,0,0.021968,0.001796,0,0.025711,0.000947,0,0.012039,0.000605,0,0.006825,0.000145,0,0.001592,0.005158,0,0.076012,0.01821,0,0.156994,0.000968,0,0.012639,0.103482,0,0.188106,0.001329,0,0.017827,0.000273,0,0.003168
"PH_WC_11.sorted.bam","11","WC",0.055794,1.2e-05,0.105178,0.7577,0.683247,0.828957,0.003796,0,0.028576,0.127925,0.072055,0.184583,0.001581,0,0.012326,0.053205,0.017826,0.089633,0.000279,0,0.003474,0.101358,0,0.206238,0.531212,0.379589,0.681615,0.004662,0,0.05173,0.001231,0,0.014962,0.000147,0,0.001621,0.001508,0,0.020564,0.249951,0.136089,0.365853,0.000602,0,0.008011,0.000243,0,0.002838,0.000577,0,0.007053,0.001154,0,0.014652,0.000381,0,0.004788,0.000375,0,0.004335,0.000102,0,0.001034,0.002925,0,0.042385,0.099282,0,0.176618,0.000422,0,0.00551,0.002927,0,0.049313,0.000472,0,0.00501,0.00019,0,0.002271
"PH_WC_1.sorted.bam","1","WC",0.049563,0.025059,0.081439,0.742315,0.672545,0.807454,0.045289,0.021579,0.069684,0.143543,0.086003,0.199764,0.001532,0,0.012051,0.017758,0,0.062299,0.000771,0,0.011228,0.005425,0,0.074386,0.584444,0.441057,0.702913,0.088185,0.040605,0.137252,0.000791,0,0.010404,9.7e-05,0,0.001141,0.002396,0,0.034803,0.27977,0.160397,0.394841,0.000331,0,0.004074,0.000768,0,0.008009,0.000657,0,0.007951,0.000286,0,0.003163,0.000448,0,0.005583,0.000279,0,0.003255,0.000119,0,0.001474,0.00092,0,0.011209,0.029469,0,0.122764,0.000629,0,0.008348,0.002774,0,0.04158,0.001156,0,0.015828,0.000284,0,0.00297
"PH_WC_2.sorted.bam","2","WC",0.092266,0.058044,0.128004,0.747333,0.673198,0.815479,0.034135,0.000426,0.064545,0.093859,0.050628,0.136572,0.001933,0,0.014166,0.030473,0,0.076488,0.000216,0,0.002067,0.000804,0,0.006379,0.71937,0.605619,0.807456,0.013859,0,0.100766,0.021251,0,0.11475,0.002652,0,0.022671,0.164777,0.060496,0.245313,0.005719,0,0.086252,0.006569,0,0.069522,0.000836,0,0.010464,0.000794,0,0.009051,0.000755,0,0.009581,0.001007,0,0.014307,0.000514,0,0.006655,0.000151,0,0.001545,0.003867,0,0.047217,0.027397,0,0.140075,0.020281,0,0.099863,0.008465,0,0.086276,0.000496,0,0.007077,0.00022,0,0.002559
"PH_WC_3.sorted.bam","3","WC",0.101048,0.057277,0.146858,0.791736,0.724886,0.865387,0.000656,0,0.005156,0.100928,0.015284,0.159728,0.001305,0,0.0101,0.004328,0,0.031774,0.000443,0,0.005396,0.193254,0.077343,0.289876,0.597163,0.460312,0.780263,0.000303,0,0.003655,0.000233,0,0.002642,5.5e-05,0,0.000601,0.005432,0,0.122692,0.192151,0,0.315688,0.000217,0,0.002891,0.000716,0,0.00463,0.000539,0,0.005337,0.000592,0,0.00658,0.000123,0,0.001247,0.000285,0,0.003328,0.000109,0,0.001269,0.001681,0,0.022813,0.002915,0,0.045952,0.000326,0,0.003928,0.00234,0,0.034798,0.000852,0,0.01156,0.00027,0,0.003664
"PH_WC_5.sorted.bam","5","WC",0.066977,0.018027,0.11424,0.648163,0.571008,0.725822,0.076353,0.045888,0.108852,0.121504,0.053501,0.185264,0.00061,0,0.004727,0.086392,0.050485,0.126527,0.000105,0,0.001309,0.131954,0.030668,0.227156,0.300916,0.145159,0.459427,0.000776,0,0.012349,0.150966,0.089287,0.216908,5.8e-05,0,0.000616,0.000261,0,0.003272,0.240841,0.10197,0.367646,0.000255,0,0.002998,0.000229,0,0.002204,0.000303,0,0.002623,0.000167,0,0.001857,0.000241,0,0.002431,0.000135,0,0.001523,7.8e-05,0,0.000904,0.00045,0,0.004484,0.170567,0.098723,0.248337,0.000352,0,0.004183,0.001057,0,0.014253,0.000218,0,0.002527,7e-05,0,0.000719
"PH_WC_6.sorted.bam","6","WC",0.079707,0.031175,0.12429,0.736891,0.657137,0.820711,0.007258,0,0.036509,0.12446,0.060124,0.195185,0.00109,0,0.008705,0.050595,0.012036,0.087104,0.000418,0,0.005498,0.091636,0,0.23702,0.560213,0.339427,0.785837,0.006266,0,0.062139,0.002126,0,0.02542,0.000169,0,0.001936,0.058658,0,0.223185,0.176965,0,0.380649,0.000705,0,0.010255,7e-04,0,0.009028,0.000343,0,0.003915,0.000198,0,0.002214,0.000519,0,0.007056,0.000287,0,0.003722,7.9e-05,0,0.000859,0.001675,0,0.020902,0.08243,0,0.169599,0.004562,0,0.053148,0.010905,0,0.112792,0.000674,0,0.008835,0.000472,0,0.004493
"PH_WC_7.sorted.bam","7","WC",0.042587,0.001243,0.086785,0.778853,0.713893,0.84453,0.036287,0.008612,0.06189,0.069031,0.033241,0.105024,0.001632,0,0.013574,0.071611,0.040951,0.105005,0.000326,0,0.003356,0.017502,0,0.139495,0.760282,0.652093,0.837577,0.063449,0,0.120617,0.006367,0,0.075699,0.000122,0,0.001209,0.002265,0,0.034481,0.003848,0,0.052609,0.000347,0,0.003853,0.000304,0,0.003609,0.000361,0,0.004445,0.000848,0,0.011399,0.000431,0,0.005729,0.000319,0,0.003117,0.000129,0,0.001356,0.000944,0,0.009841,0.008575,0,0.094543,0.001736,0,0.020191,0.130673,0.062404,0.195236,0.001046,0,0.013777,0.000123,0,0.001395
"PH_WC_8.sorted.bam","8","WC",0.062588,0.00363,0.115322,0.645848,0.575911,0.716361,0.084541,0.048312,0.118433,0.10435,0.068432,0.146399,0.001429,0,0.01191,0.101243,0.068457,0.135228,0.000233,0,0.00291,0.115816,0,0.225635,0.501082,0.379033,0.619283,0.001632,0,0.021514,0.165518,0.090714,0.235544,0.000109,0,0.00129,0.006024,0,0.088486,0.003432,0,0.03395,0.000606,0,0.006297,0.000814,0,0.009816,0.000825,0,0.010821,0.000679,0,0.007589,0.000437,0,0.005003,0.00039,0,0.004621,0.000105,0,0.001186,0.000414,0,0.00516,0.004088,0,0.055419,0.000671,0,0.007992,0.19662,0.125505,0.26227,0.000317,0,0.003803,0.000188,0,0.002333
"PH_WC_9.sorted.bam","9","WC",0.078503,0.032834,0.121965,0.731535,0.66019,0.802135,0.004114,0,0.026496,0.13655,0.084419,0.205233,0.003165,0,0.023367,0.046133,5e-06,0.086948,0.00047,0,0.0053,0.059352,0,0.228439,0.634675,0.375187,0.79196,0.002445,0,0.031015,0.002756,0,0.035557,0.000434,0,0.005705,0.086866,0,0.216811,0.115334,0,0.389527,0.000612,0,0.007217,0.000332,0,0.004343,0.002291,0,0.028778,0.000376,0,0.004335,0.000401,0,0.005132,0.001205,0,0.014023,0.000509,0,0.006393,0.005111,0,0.074854,0.015903,0,0.118264,0.001147,0,0.014924,0.06842,0,0.166352,0.00104,0,0.013514,0.000322,0,0.003637
"PH_WF_10.sorted.bam","10","WF",0.33108,0.281316,0.381451,0.094573,0.043863,0.155961,0.052127,0.020723,0.084339,0.407704,0.358805,0.459527,0.062472,0.031138,0.096997,0.052044,0.015771,0.0865,0.000123,0,0.001196,0.00044,0,0.005151,0.00017,0,0.0019,0.001009,0,0.010949,0.07562,0,0.161319,5.9e-05,0,0.000673,0.635161,0.472816,0.761567,0.107948,0,0.285662,0.003331,0,0.042274,0.000732,0,0.006739,0.024907,0,0.13646,0.004264,0,0.066839,0.009218,0,0.099691,0.032916,0,0.145674,9e-05,0,0.000937,0.000398,0,0.003524,0.000533,0,0.006726,0.014958,0,0.105342,0.034588,0,0.154261,0.05346,0,0.143344,7.5e-05,0,0.000836
"PH_WF_11.sorted.bam","11","WF",0.149233,0.11947,0.181379,0.186322,0.144398,0.232297,0.146849,0.11968,0.174922,0.3074,0.257659,0.354602,0.042228,0.000296,0.080203,0.167969,0.132682,0.203745,0.000136,0,0.001478,0.002849,0,0.042508,0.000433,0,0.005172,0.286953,0.230428,0.340292,0.004864,0,0.06747,7.1e-05,0,0.000791,0.005019,0,0.07046,0.321784,0.19351,0.426842,0.00077,0,0.007142,0.00028,0,0.003446,0.002981,0,0.045566,0.037182,0,0.129618,0.000448,0,0.004836,0.00033,0,0.004143,5.3e-05,0,0.000634,0.000393,0,0.005256,0.005099,0,0.06343,0.000521,0,0.005101,0.286336,0.140451,0.394585,0.043408,0,0.151019,9e-05,0,0.001094
"PH_WF_12.sorted.bam","12","WF",0.300661,0.251546,0.35282,0.00363,0,0.028584,0.077414,0.046021,0.111965,0.508197,0.443777,0.5715,0.053557,0.020846,0.086919,0.056541,0.027068,0.08912,0.200316,0.121056,0.270786,0.002898,0,0.042965,0.000407,0,0.004872,0.148818,0.082097,0.221457,0.001468,0,0.018266,0.000413,0,0.004118,0.00384,0,0.048308,0.001028,0,0.011511,0.000867,0,0.011838,0.467082,0.350485,0.555441,0.038273,0,0.146478,0.000627,0,0.007692,0.001291,0,0.018066,0.018834,0,0.128166,0.001094,0,0.014827,0.006861,0,0.095992,0.000425,0,0.005846,0.001558,0,0.022535,0.057663,0,0.16984,0.045901,0,0.148121,0.000338,0,0.003716
"PH_WF_1.sorted.bam","1","WF",0.271976,0.213807,0.3209,0.113814,0.039798,0.199755,0.114444,0.077997,0.150976,0.371541,0.302405,0.460704,0.064359,0.031821,0.101337,0.063865,0.029914,0.102883,0.00015,0,0.001769,0.003703,0,0.061765,0.000321,0,0.002743,0.038352,0,0.237185,0.140858,0,0.275048,0.000131,0,0.001669,0.461299,0.111321,0.628152,0.080763,0,0.389213,0.040272,0,0.223777,0.005785,0,0.080377,0.040068,0,0.173584,0.001295,0,0.018781,0.000751,0,0.007968,0.058638,0,0.176925,0.000156,0,0.001925,0.00023,0,0.002682,0.000368,0,0.004417,0.008392,0,0.10311,0.09054,0,0.196613,0.027655,0,0.148353,0.000272,0,0.003011
"PH_WF_2.sorted.bam","2","WF",0.286968,0.239442,0.339142,0.011629,0,0.058919,0.049478,0.01209,0.087767,0.5471,0.476254,0.620264,0.038845,0.000218,0.075334,0.06598,0.032403,0.103003,0.099391,0,0.290449,0.003778,0,0.052124,0.000443,0,0.004713,0.01102,0,0.109015,0.003761,0,0.050898,0.019666,0,0.070324,0.310904,0,0.545302,0.000878,0,0.010375,0.002564,0,0.043715,0.374403,0.224972,0.541745,0.006461,0,0.085748,0.012405,0,0.09934,0.008682,0,0.080389,0.015174,0,0.11888,0.0018,0,0.025295,0.04299,0,0.177336,0.001551,0,0.019542,0.033597,0,0.135105,0.015874,0,0.147899,0.031368,0,0.13565,0.00329,0,0.036554
"PH_WF_3.sorted.bam","3","WF",0.261521,0.21515,0.307792,0.019349,0,0.067778,0.064045,0.03812,0.092992,0.565125,0.495168,0.635007,0.033584,1e-06,0.076916,0.056376,0.028175,0.082764,0.151857,0.048056,0.272238,0.005357,0,0.065085,0.00268,0,0.037905,0.005425,0,0.067757,0.007707,0,0.073937,0.002576,0,0.027929,0.185664,0,0.409714,0.010868,0,0.102093,0.005656,0,0.09267,0.453407,0.33017,0.564634,0.021668,0,0.136142,0.00844,0,0.090713,0.002454,0,0.032772,0.016652,0,0.118545,0.008218,0,0.053663,0.001215,0,0.016736,0.000965,0,0.01243,0.101695,0,0.159238,0.004596,0,0.071222,0.001518,0,0.020944,0.001382,0,0.018888
"PH_WF_4.sorted.bam","4","WF",0.295174,0.243579,0.346561,0.004292,0,0.029845,0.040214,0.006223,0.082457,0.622797,0.559325,0.682817,0.005109,0,0.030182,0.032413,4e-06,0.069366,0.072235,0,0.21866,0.000667,0,0.006566,0.000543,0,0.005302,0.033723,0,0.150226,0.001968,0,0.028832,0.001037,0,0.012182,0.409711,0,0.649544,0.000319,0,0.003154,0.020567,0,0.132076,0.397784,0.238918,0.569046,0.001089,0,0.013636,0.000543,0,0.007626,0.00463,0,0.052847,0.000775,0,0.008665,0.000967,0,0.013265,0.000689,0,0.00959,0.004001,0,0.046848,0.017467,0,0.092253,0.018655,0,0.123358,0.001248,0,0.016666,0.011382,0,0.055887
"PH_WF_5.sorted.bam","5","WF",0.249941,0.204675,0.298454,0.01395,0,0.069034,0.008709,0,0.045704,0.588585,0.519557,0.650812,0.067051,0.030352,0.099946,0.071765,0.041758,0.104383,0.012454,0,0.106001,0.002486,0,0.034891,0.004964,0,0.053476,0.001695,0,0.018639,0.000752,0,0.009412,0.004269,0,0.041915,0.42406,0.187961,0.567352,0.004026,0,0.051051,0.001879,0,0.027212,0.369084,0.262558,0.519134,0.021134,0,0.152259,0.0028,0,0.035189,0.001734,0,0.023839,0.001752,0,0.022721,0.006603,0,0.067672,0.025599,0,0.155722,0.007908,0,0.098133,0.002818,0,0.03577,0.007286,0,0.080002,0.093475,0,0.181694,0.003221,0,0.032452
"PH_WF_6.sorted.bam","6","WF",0.279324,0.231207,0.32112,0.022473,0,0.079278,0.124844,0.094018,0.156983,0.420368,0.386371,0.449594,0.076819,0.050904,0.102798,0.076172,0.050119,0.102918,2e-04,0,0.002693,0.000507,0,0.00679,0.000601,0,0.007327,0.000527,0,0.006731,0.004335,0,0.05709,0.000103,0,0.001193,0.555266,0.461122,0.638425,0.036656,0,0.15228,0.24241,0.166446,0.31,0.001558,0,0.020408,0.001765,0,0.024434,0.001585,0,0.02088,0.001303,0,0.017891,0.000855,0,0.01207,8.9e-05,0,0.000986,0.000183,0,0.001994,0.000662,0,0.008747,0.000907,0,0.011905,0.002433,0,0.033018,0.147952,0.097958,0.196792,0.000103,0,0.001132
"PH_WF_8.sorted.bam","8","WF",0.281872,0.23189,0.333088,0.05291,0.000471,0.112328,0.010816,0,0.037784,0.460107,0.40898,0.499996,0.034139,0.000678,0.066012,0.160155,0.120157,0.200888,0.003406,0,0.043113,0.00174,0,0.019138,0.004771,0,0.060749,0.002871,0,0.038797,0.000971,0,0.012761,0.000255,0,0.00329,0.534141,0.394189,0.648043,0.078723,0,0.210314,0.006066,0,0.053816,0.002355,0,0.031733,0.013394,0,0.098022,0.010686,0,0.099999,0.00448,0,0.043117,0.015735,0,0.095801,0.000428,0,0.005215,0.004785,0,0.054569,0.004157,0,0.051078,0.006735,0,0.060849,0.28084,0.135172,0.388664,0.023124,0,0.112361,0.000334,0,0.004127
"PH_WF_9.sorted.bam","9","WF",0.242381,0.197413,0.287687,0.052147,2e-06,0.110961,0.060096,0.036072,0.086332,0.515412,0.44713,0.581001,0.066234,0.033237,0.102869,0.063731,0.041327,0.091329,0.067072,0,0.182888,0.032268,0,0.189541,0.006851,0,0.067613,0.00067,0,0.008764,0.003632,0,0.046346,0.001107,0,0.015543,0.244826,0,0.50314,0.037249,0,0.200616,0.000642,0,0.008128,0.364878,0.178567,0.526432,0.068669,0,0.183649,0.012932,0,0.122022,0.000618,0,0.007142,0.016048,0,0.120734,0.016772,0,0.076278,0.004184,0,0.051581,0.004512,0,0.058723,0.112414,0.054093,0.162337,0.002302,0,0.031192,0.000658,0,0.006261,0.001695,0,0.02054
"PH_WH_10.sorted.bam","10","WH",0.90445,0.866671,0.940279,0.001049,0,0.008394,0.002645,0,0.015733,0.000711,0,0.006133,0.000769,0,0.005878,0.090377,0.055884,0.127015,0.815263,0.742413,0.885115,0.000657,0,0.007906,0.000246,0,0.002667,0.001723,0,0.020779,0.000263,0,0.003134,0.000718,0,0.009285,0.000258,0,0.003008,0.000136,0,0.001304,0.000333,0,0.004104,0.000147,0,0.001571,0.000416,0,0.0052,0.000163,0,0.001687,0.000356,0,0.004882,0.00014,0,0.00159,0.000115,0,0.001582,0.175319,0.100272,0.2497,0.000386,0,0.005074,0.00118,0,0.015816,0.00026,0,0.002362,0.000231,0,0.001951,0.001689,0,0.023341
"PH_WH_11.sorted.bam","11","WH",0.877077,0.828623,0.925217,0.034383,0,0.085646,0.000834,0,0.006815,0.014047,0,0.057396,0.000738,0,0.005854,0.072921,0.04014,0.113882,0.818781,0.704565,0.904446,0.005281,0,0.063659,0.003515,0,0.042301,0.000353,0,0.004588,0.000281,0,0.003173,0.000102,0,0.001072,0.023818,0,0.112307,0.000619,0,0.008556,0.000408,0,0.005085,0.000352,0,0.00415,0.000393,0,0.004885,0.000267,0,0.003016,0.000151,0,0.001799,0.000225,0,0.002348,8.9e-05,0,0.001038,0.086747,0,0.218278,0.055286,0,0.152061,0.00027,0,0.002544,0.002319,0,0.030269,0.000263,0,0.002901,0.000478,0,0.006752
"PH_WH_12.sorted.bam","12","WH",0.883165,0.83318,0.933787,0.04289,2e-06,0.080479,0.000516,0,0.004369,0.001121,0,0.009539,0.001595,0,0.013213,0.070713,0.041085,0.108446,0.832669,0.710629,0.911707,0.014178,0,0.122042,0.009638,0,0.063685,0.000287,0,0.003463,0.00019,0,0.001913,7.8e-05,0,0.000977,0.000421,0,0.005779,0.000354,0,0.003075,0.000113,0,0.001544,0.00036,0,0.004149,0.000464,0,0.00535,0.000965,0,0.014513,9.5e-05,0,0.001178,0.000194,0,0.001511,0.000217,0,0.002387,0.085643,0,0.206106,0.050817,0,0.151321,0.000191,0,0.001939,0.00044,0,0.005916,0.001037,0,0.013837,0.001648,0,0.025684
"PH_WH_1.sorted.bam","1","WH",0.915708,0.874662,0.952113,0.002811,0,0.02166,0.000753,0,0.006088,0.000996,0,0.008014,0.000842,0,0.006849,0.078889,0.044185,0.116295,0.837599,0.75983,0.907674,0.002119,0,0.029757,0.000717,0,0.009949,0.000422,0,0.005767,0.000218,0,0.002067,0.00012,0,0.001346,0.000473,0,0.006459,0.000337,0,0.004567,0.000181,0,0.002042,0.000128,0,0.001201,0.000598,0,0.005752,0.000268,0,0.002891,0.000159,0,0.001806,0.000194,0,0.002499,0.000134,0,0.00152,0.152607,0.078013,0.229701,0.001247,0,0.017535,0.000287,0,0.003321,0.000553,0,0.005731,0.000198,0,0.002182,0.001443,0,0.017437
"PH_WH_2.sorted.bam","2","WH",0.875627,0.816789,0.930687,0.025889,0,0.091094,0.000891,0,0.007291,0.01119,0,0.059812,0.001764,0,0.014565,0.084638,0.043002,0.126274,0.755256,0.638566,0.866601,0.049952,0,0.18043,0.000318,0,0.003186,0.000722,0,0.01034,0.000204,0,0.002702,7.9e-05,0,0.000888,0.020334,0,0.118894,0.000349,0,0.004485,0.000233,0,0.002759,0.000326,0,0.003794,0.002229,0,0.028255,0.000303,0,0.003666,0.000187,0,0.001727,0.000287,0,0.003078,9.6e-05,0,0.001121,0.167506,0.08389,0.250376,0.000334,0,0.004006,0.000278,0,0.00284,0.000525,0,0.006327,0.000332,0,0.004155,0.000151,0,0.001822
"PH_WH_3.sorted.bam","3","WH",0.899303,0.859872,0.936452,0.002461,0,0.019344,0.001582,0,0.012816,0.002053,0,0.016749,0.001264,0,0.011165,0.093336,0.056395,0.131814,0.805754,0.726766,0.878634,0.00077,0,0.009922,0.000688,0,0.009854,0.001417,0,0.020115,0.000502,0,0.006494,0.000104,0,0.001239,0.001965,0,0.025907,0.000585,0,0.006253,0.000211,0,0.003009,0.000311,0,0.003198,0.000823,0,0.009664,0.000191,0,0.002164,0.000194,0,0.002254,0.000246,0,0.003047,0.000195,0,0.002211,0.182123,0.106437,0.261008,0.001498,0,0.019146,0.000633,0,0.009287,0.000478,0,0.006271,0.000684,0,0.007724,0.000628,0,0.008894
"PH_WH_4.sorted.bam","4","WH",0.73268,0.675803,0.783022,0.058038,0,0.12125,0.000769,0,0.006175,0.072115,0.023586,0.125258,0.000521,0,0.00422,0.135876,0.093732,0.181221,0.468443,0.356138,0.569402,0.114452,0,0.241722,0.000184,0,0.001937,0.000559,0,0.006689,0.000324,0,0.004222,8.2e-05,0,0.000911,0.142863,0.044516,0.249807,0.00037,0,0.004297,0.000207,0,0.00266,0.000108,0,0.001296,0.000253,0,0.002257,0.000247,0,0.002691,7.6e-05,0,0.000781,0.000118,0,0.001286,6.5e-05,0,0.000735,0.270346,0.185039,0.36124,0.000315,0,0.00281,0.000206,0,0.0021,0.000456,0,0.005175,0.000219,0,0.002675,0.000105,0,0.001273
"PH_WH_5.sorted.bam","5","WH",0.767735,0.718292,0.81594,0.121122,0.074648,0.172271,0.029124,0.002716,0.054375,0.001337,0,0.011327,0.000622,0,0.004988,0.080059,0.040066,0.117952,0.541205,0.440611,0.637871,0.238499,0.141624,0.342242,0.000573,0,0.007077,0.05519,0,0.107851,0.001493,0,0.022852,0.000108,0,0.000999,0.000391,0,0.004691,0.000688,0,0.008514,0.000768,0,0.008632,0.000182,0,0.002067,0.000265,0,0.003396,0.000167,0,0.001954,0.000215,0,0.002471,0.000198,0,0.00221,0.000108,0,0.00127,0.158716,0.078354,0.234396,0.000251,0,0.00317,0.000366,0,0.004773,0.000266,0,0.002638,0.000184,0,0.00227,0.000168,0,0.002015
"PH_WH_6.sorted.bam","6","WH",0.85395,0.805397,0.899496,0.044815,0,0.093976,0.005824,0,0.020987,0.003104,0,0.020921,0.002099,0,0.014102,0.090207,0.050146,0.135004,0.777213,0.648414,0.877793,0.025202,0,0.162805,0.002467,0,0.031143,0.004846,0,0.036087,0.002357,0,0.027154,0.000231,0,0.002931,0.001902,0,0.023695,0.000322,0,0.004167,0.001235,0,0.016089,0.000589,0,0.007164,0.001706,0,0.023122,0.000501,0,0.007197,0.000733,0,0.00941,0.000297,0,0.003548,0.000134,0,0.00145,0.119819,0,0.262028,0.056316,0,0.168975,0.002015,0,0.022824,0.001273,0,0.017854,0.000695,0,0.008759,0.000149,0,0.001677
"PH_WH_7.sorted.bam","7","WH",0.653234,0.59659,0.708545,0.135257,0.073666,0.198352,0.00626,0,0.044308,0.069151,0.016282,0.131826,0.023857,0,0.057896,0.112241,0.072055,0.154253,0.309083,0.196025,0.42067,0.269174,0.146059,0.396179,0.000196,0,0.002569,0.011712,0,0.087832,0.000208,0,0.002683,5.6e-05,0,0.000657,0.137346,0.031561,0.263631,0.000251,0,0.002522,0.000116,0,0.001342,0.000121,0,0.001352,0.046639,0,0.114828,0.000333,0,0.004546,0.000184,0,0.002191,0.000154,0,0.001647,5.4e-05,0,0.000568,0.223433,0.143087,0.308176,0.000158,0,0.001666,0.000189,0,0.00181,0.000193,0,0.002298,0.000296,0,0.003739,0.000107,0,0.001324
"PH_WH_8.sorted.bam","8","WH",0.887031,0.83212,0.935585,0.026643,0,0.077402,0.00198,0,0.014262,0.001264,0,0.009652,0.001473,0,0.010364,0.081608,0.040555,0.121725,0.830853,0.69574,0.93136,0.016706,0,0.126515,0.011929,0,0.066656,0.000639,0,0.006317,0.000847,0,0.011315,0.000648,0,0.008481,0.000381,0,0.004442,0.000397,0,0.004668,0.00027,0,0.002875,0.000297,0,0.003848,0.000642,0,0.008322,0.000342,0,0.004282,0.000513,0,0.007452,0.00024,0,0.002884,0.00026,0,0.003144,0.093986,0,0.230453,0.011138,0,0.11476,0.000396,0,0.004825,0.000646,0,0.009026,0.00069,0,0.008821,0.02818,0,0.11074
"PH_WH_9.sorted.bam","9","WH",0.66074,0.60363,0.722174,0.110076,2e-05,0.19318,0.000952,0,0.009034,0.087761,6e-06,0.158815,0.016168,0,0.061467,0.124304,0.083558,0.164578,0.324703,0.211045,0.447125,0.218566,0,0.385718,0.000216,0,0.002509,0.001056,0,0.014415,0.000142,0,0.001465,6.4e-05,0,0.00077,0.174389,0,0.317524,0.000134,0,0.001492,0.000161,0,0.001897,0.000111,0,0.001127,0.031263,0,0.122617,0.000345,0,0.003543,8.5e-05,0,0.000996,0.000198,0,0.002342,5.8e-05,0,0.000631,0.246801,0.16612,0.327657,0.000531,0,0.006966,0.000332,0,0.003498,0.000416,0,0.00462,0.000327,0,0.004236,0.000101,0,0.000966
