"V1","individual_id","population","q_1","lb_q_1","ub_q_1","q_2","lb_q_2","ub_q_2","q_3","lb_q_3","ub_q_3","q_4","lb_q_4","ub_q_4","q_5","lb_q_5","ub_q_5","q_6","lb_q_6","ub_q_6","q_7","lb_q_7","ub_q_7","q_8","lb_q_8","ub_q_8","q_9","lb_q_9","ub_q_9","Q_1_1","lb_Q_1_1","ub_Q_1_1","Q_2_1","lb_Q_2_1","ub_Q_2_1","Q_2_2","lb_Q_2_2","ub_Q_2_2","Q_3_1","lb_Q_3_1","ub_Q_3_1","Q_3_2","lb_Q_3_2","ub_Q_3_2","Q_3_3","lb_Q_3_3","ub_Q_3_3","Q_4_1","lb_Q_4_1","ub_Q_4_1","Q_4_2","lb_Q_4_2","ub_Q_4_2","Q_4_3","lb_Q_4_3","ub_Q_4_3","Q_4_4","lb_Q_4_4","ub_Q_4_4","Q_5_1","lb_Q_5_1","ub_Q_5_1","Q_5_2","lb_Q_5_2","ub_Q_5_2","Q_5_3","lb_Q_5_3","ub_Q_5_3","Q_5_4","lb_Q_5_4","ub_Q_5_4","Q_5_5","lb_Q_5_5","ub_Q_5_5","Q_6_1","lb_Q_6_1","ub_Q_6_1","Q_6_2","lb_Q_6_2","ub_Q_6_2","Q_6_3","lb_Q_6_3","ub_Q_6_3","Q_6_4","lb_Q_6_4","ub_Q_6_4","Q_6_5","lb_Q_6_5","ub_Q_6_5","Q_6_6","lb_Q_6_6","ub_Q_6_6","Q_7_1","lb_Q_7_1","ub_Q_7_1","Q_7_2","lb_Q_7_2","ub_Q_7_2","Q_7_3","lb_Q_7_3","ub_Q_7_3","Q_7_4","lb_Q_7_4","ub_Q_7_4","Q_7_5","lb_Q_7_5","ub_Q_7_5","Q_7_6","lb_Q_7_6","ub_Q_7_6","Q_7_7","lb_Q_7_7","ub_Q_7_7","Q_8_1","lb_Q_8_1","ub_Q_8_1","Q_8_2","lb_Q_8_2","ub_Q_8_2","Q_8_3","lb_Q_8_3","ub_Q_8_3","Q_8_4","lb_Q_8_4","ub_Q_8_4","Q_8_5","lb_Q_8_5","ub_Q_8_5","Q_8_6","lb_Q_8_6","ub_Q_8_6","Q_8_7","lb_Q_8_7","ub_Q_8_7","Q_8_8","lb_Q_8_8","ub_Q_8_8","Q_9_1","lb_Q_9_1","ub_Q_9_1","Q_9_2","lb_Q_9_2","ub_Q_9_2","Q_9_3","lb_Q_9_3","ub_Q_9_3","Q_9_4","lb_Q_9_4","ub_Q_9_4","Q_9_5","lb_Q_9_5","ub_Q_9_5","Q_9_6","lb_Q_9_6","ub_Q_9_6","Q_9_7","lb_Q_9_7","ub_Q_9_7","Q_9_8","lb_Q_9_8","ub_Q_9_8","Q_9_9","lb_Q_9_9","ub_Q_9_9"
"PH_AS_10.sorted.bam","10","AS",0.319457,0.252353,0.393315,0.001021,0,0.007847,0.124642,0.07912,0.165719,0.056497,0.020726,0.102088,0.000796,0,0.006075,0.348822,0.294909,0.417695,0.091907,0,0.164608,0.050888,0.004741,0.085341,0.005971,0,0.043437,9.2e-05,0,0.000915,0.000177,0,0.002071,6.9e-05,0,0.000688,0.00033,0,0.003052,0.000284,0,0.001734,0.000102,0,0.001004,0.000448,0,0.002711,0.000287,0,0.003463,0.051243,0,0.202189,0.000111,0,0.001233,0.000136,0,0.001554,1e-04,0,0.001149,0.000146,0,0.001471,0.000243,0,0.003003,4.6e-05,0,0.000511,0.636121,0.502934,0.786213,0.000417,0,0.005542,0.010614,0,0.159553,0.011136,0,0.103378,0.000265,0,0.003635,0.000243,0,0.002163,7e-04,0,0.009255,0.000304,0,0.003401,0.178389,0,0.320777,0.001247,0,0.01772,0.000182,0,0.001979,0.000406,0,0.00409,5.2e-05,0,0.000547,0.000591,0,0.007015,0.000168,0,0.001635,0.007644,0,0.10158,0.047817,0,0.130214,0.000242,0,0.00274,0.035307,0,0.12404,0.001906,0,0.02841,0.000627,0,0.008511,0.000226,0,0.002407,0.000167,0,0.002002,0.000429,0,0.0057,0.000349,0,0.00373,0.000186,0,0.00215,0.002889,0,0.042815,0.000577,0,0.006897,0.006846,0,0.081307,0.000137,0,0.001257
"PH_AS_11.sorted.bam","11","AS",0.328692,0.250132,0.419697,0.000652,0,0.004984,0.093408,0.042712,0.137262,0.060462,0.030829,0.093036,0.000608,0,0.004696,0.369407,0.315341,0.427927,0.099598,0,0.180727,0.04372,0.00065,0.076274,0.003453,0,0.031497,0.000219,0,0.001947,0.000177,0,0.002062,6.7e-05,0,0.000776,0.000316,0,0.0038,6e-05,0,0.000614,0.000648,0,0.005209,0.000919,0,0.01186,0.000156,0,0.001699,0.033575,0,0.163211,0.000726,0,0.008549,9.6e-05,0,0.000825,6.1e-05,0,0.000631,0.000121,0,0.000728,0.00015,0,0.002066,6.3e-05,0,0.000721,0.644492,0.486314,0.836502,0.000161,0,0.001192,0.002639,0,0.040955,0.056738,0,0.168419,0.000221,0,0.002456,0.001851,0,0.028168,0.00397,0,0.054824,0.000156,0,0.001789,0.140892,0,0.270555,0.001932,0,0.025483,0.000174,0,0.001784,0.016192,0,0.117733,0.000412,0,0.005621,0.006554,0,0.07603,0.000202,0,0.001696,0.005665,0,0.080126,0.024286,0,0.129102,0.00016,0,0.001441,0.014118,0,0.101995,0.034056,0,0.141621,0.001093,0,0.016311,0.000422,0,0.004878,0.000194,0,0.002165,0.002251,0,0.041153,0.001718,0,0.0292,0.000107,0,0.000994,0.000552,0,0.005507,0.000999,0,0.013443,0.000214,0,0.002141,0.000225,0,0.002026
"PH_AS_12.sorted.bam","12","AS",0.297563,0.211043,0.387467,0.001237,0,0.009714,0.046867,0,0.093598,0.051473,0.01488,0.092235,0.000699,0,0.005163,0.419763,0.372263,0.50456,0.03255,0,0.097931,0.110478,0.06885,0.149586,0.039371,0.006726,0.089348,0.018387,0,0.225004,0.000252,0,0.00227,0.000246,0,0.003305,0.001465,0,0.016418,0.00034,0,0.003489,0.000828,0,0.009446,0.000438,0,0.006784,0.000189,0,0.002249,0.000199,0,0.001959,0.000486,0,0.006168,0.000142,0,0.001514,0.000152,0,0.00162,0.000157,0,0.00158,0.000128,0,0.001313,0.000124,0,0.001392,0.550198,0,0.772326,0.00035,0,0.00418,0.087233,0,0.181306,0.097753,0.019322,0.180777,0.00021,0,0.00224,0.024201,0,0.244382,0.002789,0,0.04011,0.00015,0,0.001322,0.001594,0,0.022833,0.001445,0,0.021354,0.000112,0,0.001169,0.016957,0,0.123076,0.000611,0,0.007421,0.00229,0,0.038976,0.000201,0,0.001807,0.000755,0,0.008781,0.001489,0,0.023701,0.000153,0,0.00155,0.020241,0,0.210731,0.00123,0,0.013431,0.097249,0,0.147099,0.000778,0,0.010898,0.000349,0,0.003589,0.000336,0,0.003532,0.000333,0,0.004239,9.6e-05,0,0.001045,0.018183,0,0.178283,0.039602,0,0.118725,9.9e-05,0,0.001027,0.009483,0,0.050774
"PH_AS_1.sorted.bam","1","AS",0.322327,0.248212,0.415166,0.001312,0,0.009749,0.03222,0,0.087009,0.018156,0,0.05674,0.000854,0,0.007048,0.414798,0.357988,0.485368,0.072235,0,0.154672,0.121057,0.076768,0.163447,0.01704,0,0.062517,0.000843,0,0.00991,0.000133,0,0.001433,1e-04,0,0.001054,0.00082,0,0.011113,0.000177,0,0.002077,0.003979,0,0.045437,0.000761,0,0.009562,0.000291,0,0.003611,0.000278,0,0.003438,0.001224,0,0.01735,0.000103,0,0.00067,7.6e-05,0,0.000857,0.000183,0,0.00224,0.000253,0,0.002786,8.6e-05,0,0.000791,0.583601,0.340498,0.825081,0.000339,0,0.0036,0.001012,0,0.015047,0.004187,0,0.051851,0.000191,0,0.001985,0.04757,0,0.1608,0.05413,0,0.226966,0.000808,0,0.010225,0.052207,0,0.172213,0.024395,0,0.107325,0.000179,0,0.001569,0.000598,0,0.007844,0.002461,0,0.036287,0.002472,0,0.034365,0.000205,0,0.002432,0.000517,0,0.005407,0.001971,0,0.029321,0.00016,0,0.001323,0.123722,0,0.24735,0.000992,0,0.012507,0.055297,0,0.11966,0.000949,0,0.0104,0.000394,0,0.005502,0.001291,0,0.019155,0.001727,0,0.024311,0.000391,0,0.005441,0.020807,0,0.111294,0.006239,0,0.063963,0.001483,0,0.019821,0.000399,0,0.004084
"PH_AS_2.sorted.bam","2","AS",0.239591,0.195454,0.286798,0.00082,0,0.006216,0.193943,0.154061,0.234642,0.057172,0.032549,0.097833,0.019619,0,0.051226,0.294652,0.220578,0.402833,0.14552,0.020461,0.224104,0.042921,0.019478,0.06515,0.005761,0,0.040186,6.6e-05,0,0.000583,0.000125,0,0.00149,4e-05,0,0.000384,0.000297,0,0.003543,0.000152,0,0.001568,0.000115,0,0.000827,0.001553,0,0.022746,0.000144,0,0.001592,0.03613,0,0.193236,6e-05,0,0.000628,0.000325,0,0.003177,9.4e-05,0,0.000981,0.000225,0,0.002489,0.005634,0,0.051176,3.7e-05,0,0.000372,0.475889,0.384812,0.571889,0.000362,0,0.003847,0.072801,0,0.339617,0.001392,0,0.020648,0.030396,0,0.100736,0.000101,0,0.000924,0.000315,0,0.004098,0.000199,0,0.002451,0.274756,0,0.445876,0.00205,0,0.031297,0.000378,0,0.003659,0.000261,0,0.003066,4.3e-05,0,0.000453,0.000339,0,0.00328,0.000336,0,0.003347,0.003049,0,0.054805,0.066033,0,0.124074,0.001809,0,0.026371,0.000424,0,0.004013,0.012545,0,0.089339,5.9e-05,0,0.000632,0.000206,0,0.002403,0.000149,0,0.001298,0.000246,0,0.00264,0.001288,0,0.017783,0.000304,0,0.003142,0.007577,0,0.078263,0.000448,0,0.006314,0.00119,0,0.017319,5.7e-05,0,0.000477
"PH_AS_3.sorted.bam","3","AS",0.318085,0.256794,0.400712,0.000832,0,0.006907,0.052046,2e-06,0.092703,0.060984,0.022979,0.100821,0.001799,0,0.011859,0.419814,0.35513,0.471086,0.059085,0,0.140347,0.069023,0.030102,0.108717,0.018331,0,0.081898,0.002515,0,0.032352,0.000105,0,0.001187,8.7e-05,0,0.000778,0.000567,0,0.004919,0.000166,0,0.001501,0.000348,0,0.002981,0.000271,0,0.002897,0.000388,0,0.005242,0.003189,0,0.043908,0.021895,0,0.093789,0.000196,0,0.001963,0.00014,0,0.001444,0.000231,0,0.002861,0.000701,0,0.010477,0.000114,0,0.00129,0.604736,0.474566,0.753783,0.000117,0,0.001088,0.048555,0,0.166904,0.027988,0,0.172675,0.000604,0,0.008285,0.0124,0,0.094028,0.010818,0,0.119735,0.000277,0,0.003157,0.044908,0,0.171543,0.043212,0,0.14457,0.000619,0,0.008325,0.000528,0,0.00515,0.002347,0,0.037984,0.014092,0,0.119497,0.000118,0,0.000957,0.000699,0,0.00954,0.000704,0,0.009345,0.000519,0,0.007073,0.114452,0,0.20468,0.004754,0,0.066747,0.000891,0,0.013116,0.000355,0,0.004416,0.00018,0,0.002244,0.005083,0,0.062048,0.001725,0,0.025004,0.00036,0,0.004283,0.017848,0,0.15791,0.008361,0,0.080075,0.000928,0,0.010903,0.000911,0,0.014961
"PH_AS_4.sorted.bam","4","AS",0.346088,0.279896,0.438454,0.002637,0,0.017924,0.0718,2e-06,0.116326,0.027907,0.001581,0.058113,0.000535,0,0.004456,0.427335,0.370255,0.483912,0.053256,0,0.115342,0.061896,0.015018,0.100112,0.008547,0,0.049695,0.002263,0,0.034581,0.000355,0,0.003683,0.000298,0,0.004079,0.000574,0,0.003577,0.000506,0,0.006008,0.000606,0,0.00507,0.000754,0,0.009725,0.000191,0,0.001742,0.000543,0,0.006813,0.026056,0,0.056657,0.000138,0,0.001105,8.5e-05,0,0.000728,0.000113,0,0.001138,9.2e-05,0,0.00103,5.9e-05,0,0.00049,0.669899,0.532777,0.870011,0.001255,0,0.018657,0.040261,0,0.207921,0.000416,0,0.003386,0.000132,0,0.001338,0.017548,0,0.11118,0.010756,0,0.111083,0.000468,0,0.005498,0.090907,0,0.22385,0.000237,0,0.002182,0.000104,0,0.001054,0.000912,0,0.011392,0.000242,0,0.002622,0.003906,0,0.067486,0.001114,0,0.016068,0.008914,0,0.107896,0.000337,0,0.003729,0.000143,0,0.001741,0.099586,0,0.194477,0.002302,0,0.031223,0.003149,0,0.050972,0.001267,0,0.01652,0.000705,0,0.010116,0.00057,0,0.008454,0.001131,0,0.015473,0.000143,0,0.001591,0.007111,0,0.091038,0.000341,0,0.002747,0.001193,0,0.016245,0.002316,0,0.031409
"PH_AS_5.sorted.bam","5","AS",0.328753,0.264155,0.413378,0.001108,0,0.00842,0.048911,0,0.093105,0.045742,0.015886,0.080961,0.001077,0,0.008388,0.428779,0.374407,0.478737,0.063765,0,0.128308,0.072146,0.038087,0.106738,0.009719,0,0.067687,0.000183,0,0.002146,9.8e-05,0,0.000928,0.000243,0,0.002694,0.000568,0,0.006925,0.000219,0,0.002186,0.000302,0,0.004012,0.000644,0,0.007195,0.000272,0,0.003827,0.000579,0,0.008868,0.000216,0,0.00242,0.000186,0,0.002275,6.2e-05,0,0.000647,0.000135,0,0.001476,0.000256,0,0.002762,6.2e-05,0,0.000587,0.651839,0.52134,0.822599,0.00045,0,0.005762,0.002601,0,0.043107,0.056263,0,0.155773,0.000457,0,0.005594,0.052304,0,0.139954,0.002768,0,0.042472,0.000275,0,0.003132,0.089977,0,0.180578,0.029138,0,0.107834,0.000394,0,0.004029,0.001852,0,0.027846,0.000365,0,0.004198,0.000823,0,0.009883,0.000139,0,0.001217,0.00042,0,0.005146,0.000273,0,0.00223,0.000136,0,0.001251,0.028467,0,0.181389,0.001858,0,0.02663,0.055895,0,0.100197,0.000213,0,0.00186,0.000214,0,0.002159,0.002716,0,0.041703,0.003628,0,0.044837,0.000405,0,0.004983,0.011022,0,0.13267,0.000536,0,0.006814,0.000386,0,0.004279,0.000159,0,0.001833
"PH_AS_6.sorted.bam","6","AS",0.335858,0.269724,0.421338,0.000827,0,0.006356,0.057909,0.016729,0.101965,0.076059,0.0365,0.117367,0.001099,0,0.007529,0.40587,0.345041,0.462337,0.060239,0,0.141246,0.057319,0.020645,0.104351,0.00482,0,0.041826,0.000375,0,0.004256,0.00018,0,0.001879,8.9e-05,0,0.000894,0.00099,0,0.014123,0.000174,0,0.001598,0.001066,0,0.013305,0.001426,0,0.020076,0.000197,0,0.002361,0.003034,0,0.041145,0.058356,0,0.114981,0.000165,0,0.00181,7.6e-05,0,0.000608,0.000311,0,0.004203,0.000144,0,0.001642,0.000119,0,0.001001,0.624286,0.366217,0.838044,0.000114,0,0.001248,0.009958,0,0.109179,0.000563,0,0.007388,0.000289,0,0.00362,0.079741,0,0.210436,0.016531,0,0.17081,0.000223,0,0.002192,0.056435,0,0.198051,0.024149,0,0.154343,0.000494,0,0.005877,0.006132,0,0.099496,0.003695,0,0.064165,0.026925,0,0.136877,0.000304,0,0.002651,0.042321,0,0.143582,0.005577,0,0.086881,0.000283,0,0.002771,0.006355,0,0.079986,0.007117,0,0.082391,0.012614,0,0.092065,0.000462,0,0.004635,0.000207,0,0.002041,0.000463,0,0.005702,0.000316,0,0.002384,2e-04,0,0.002443,0.004563,0,0.074142,0.002008,0,0.027343,0.000528,0,0.006617,0.000446,0,0.005775
"PH_AS_7.sorted.bam","7","AS",0.356208,0.297232,0.451365,0.000524,0,0.0042,0.02912,0,0.080548,0.034899,0.002342,0.060416,0.000404,0,0.003421,0.448095,0.392261,0.502711,0.048893,0,0.122477,0.050533,0.023441,0.085948,0.031322,0,0.088236,0.000698,0,0.010589,0.000122,0,0.001116,4.3e-05,0,0.000396,0.000557,0,0.006772,7e-05,0,0.000849,0.000473,0,0.006397,0.001717,0,0.026165,8.9e-05,0,0.000843,0.000289,0,0.002485,0.001216,0,0.017539,0.000102,0,0.001015,5.3e-05,0,0.000607,6.6e-05,0,0.000474,0.000125,0,0.001398,6.7e-05,0,0.000658,0.685974,0.477825,0.898191,0.000142,0,0.001058,0.006443,0,0.078201,0.005307,0,0.070406,8.5e-05,0,0.00065,0.07531,0,0.165997,0.021603,0,0.153764,0.000147,0,0.001195,0.048877,0,0.159073,0.000212,0,0.002266,9e-05,0,0.000803,0.001212,0,0.012668,0.000537,0,0.007265,0.000501,0,0.004361,0.000128,0,0.001244,0.000702,0,0.008518,0.059089,0,0.115395,7.5e-05,0,0.000788,0.00486,0,0.074917,0.022525,0,0.135991,0.001814,0,0.023392,0.000443,0,0.004057,0.00021,0,0.002694,0.00029,0,0.003255,0.000539,0,0.007812,7.9e-05,0,0.00087,0.041547,0,0.172927,0.002046,0,0.034158,0.009559,0,0.066639,0.003966,0,0.031229
"PH_AS_8.sorted.bam","8","AS",0.348845,0.280283,0.437482,0.002866,0,0.017174,0.041463,0,0.086992,0.018749,0,0.046292,0.002433,0,0.015739,0.400154,0.341933,0.464889,0.055897,0,0.126159,0.098962,0.060548,0.13761,0.030632,0.00059,0.062585,0.001625,0,0.019358,5e-04,0,0.006265,0.000763,0,0.010016,0.003746,0,0.04909,0.000721,0,0.009235,0.00082,0,0.011504,0.001306,0,0.019196,0.000548,0,0.007573,0.002597,0,0.03316,0.000749,0,0.010922,0.00029,0,0.003505,0.000184,0,0.002173,0.000124,0,0.001058,0.000426,0,0.005354,0.000406,0,0.005701,0.684285,0.549627,0.869412,0.000557,0,0.007214,0.045712,0,0.16233,0.018626,0,0.082577,0.000426,0,0.005103,0.006278,0,0.065129,0.002184,0,0.0323,0.000594,0,0.007782,0.026599,0,0.140668,0.007092,0,0.065086,0.001107,0,0.016616,0.001159,0,0.017411,0.000506,0,0.005795,0.001577,0,0.020905,0.000475,0,0.005479,0.001304,0,0.01856,0.004642,0,0.05508,0.000757,0,0.007742,0.036455,0,0.195981,0.070019,0,0.218055,0.040985,0,0.120843,0.000551,0,0.004641,0.000627,0,0.008352,0.000481,0,0.005398,0.000764,0,0.010512,0.000738,0,0.01124,0.000533,0,0.007287,0.002026,0,0.029199,0.000724,0,0.010581,0.02741,0,0.060533
"PH_AS_9.sorted.bam","9","AS",0.345051,0.272976,0.417435,0.001515,0,0.01046,0.046676,0,0.098515,0.047744,0.020698,0.079183,0.002429,0,0.016125,0.431546,0.376687,0.497477,0.056757,0,0.11418,0.062648,0.026754,0.095251,0.005633,0,0.028401,0.000317,0,0.003522,0.000155,0,0.001411,8.2e-05,0,0.000764,0.001393,0,0.016736,0.000474,0,0.0052,0.000821,0,0.010848,0.000795,0,0.009732,0.000617,0,0.008376,0.000609,0,0.007818,0.003927,0,0.03937,0.000304,0,0.004044,0.000173,0,0.002121,0.000516,0,0.005282,0.000428,0,0.005492,0.000121,0,0.001018,0.678733,0.534782,0.813399,0.000302,0,0.003162,0.000845,0,0.01101,0.064426,0,0.152299,0.000404,0,0.003882,0.008992,0,0.073736,0.002191,0,0.035832,0.000376,0,0.003806,0.085178,0,0.194661,0.015786,0,0.10437,0.000924,0,0.012565,0.000501,0,0.006189,0.000457,0,0.004262,0.005296,0,0.069144,0.000517,0,0.006953,0.000335,0,0.004191,0.004251,0,0.073941,0.001005,0,0.014584,0.09713,0,0.179671,0.005833,0,0.068804,0.004731,0,0.054643,0.000599,0,0.008423,0.000253,0,0.002759,0.002359,0,0.036227,0.000723,0,0.010978,0.000863,0,0.011455,0.002769,0,0.029765,0.001813,0,0.031158,0.001467,0,0.023066,0.00021,0,0.00198
"PH_BA_10.sorted.bam","10","BA",0.025604,0,0.063901,0.008628,0,0.029631,0.173822,0.134251,0.216143,0.003983,0,0.019192,0.302407,0.272554,0.334679,0.013418,0,0.045996,0.461445,0.421069,0.489612,0.003069,0,0.018773,0.007625,0,0.030386,0.000503,0,0.005494,0.003652,0,0.042095,0.001146,0,0.015818,0.005986,0,0.087091,0.00137,0,0.019475,0.002785,0,0.039588,0.001058,0,0.015612,0.001432,0,0.019059,0.001688,0,0.025861,0.000235,0,0.002786,0.008446,0,0.080548,0.001645,0,0.025498,0.000975,0,0.015687,0.00132,0,0.022538,0.002381,0,0.02839,0.010276,0,0.074387,0.00185,0,0.026526,0.003338,0,0.044103,0.00025,0,0.0027,0.009238,0,0.07587,0.00015,0,0.001208,0.018248,0,0.109222,0.000689,0,0.00874,0.326633,0.221521,0.412749,0.000535,0,0.007046,0.573402,0.49326,0.646338,0.000364,0,0.004164,0.000161,0,0.001813,0.000411,0,0.004397,0.001552,0,0.024081,0.000485,0,0.006916,0.000549,0,0.006934,0.001085,0,0.015399,0.000646,0,0.008472,0.000258,0,0.002564,0.000144,0,0.001472,0.002129,0,0.028724,0.002773,0,0.030273,0.001598,0,0.025182,0.000665,0,0.007601,0.003941,0,0.04484,0.000574,0,0.00578,0.002439,0,0.034211,0.000864,0,0.012515,0.000134,0,0.001544
"PH_BA_1.sorted.bam","1","BA",0.00322,0,0.023691,0.016997,0,0.056277,0.166799,0.122672,0.225912,0.046693,0.023006,0.076037,0.302849,0.266667,0.337746,0.013944,0,0.04467,0.442844,0.394448,0.482001,0.00182,0,0.013654,0.004832,0,0.026968,7.2e-05,0,0.000532,0.000625,0,0.007975,0.000378,0,0.005518,0.002059,0,0.028013,0.000498,0,0.006242,0.001108,0,0.013014,0.000358,0,0.003594,0.00899,0,0.093539,0.031706,0,0.147157,0.000382,0,0.004917,0.000276,0,0.002415,0.003229,0,0.04388,0.007192,0,0.109947,0.025174,0,0.106691,0.00105,0,0.014991,0.00112,0,0.018103,0.002505,0,0.038925,0.006877,0,0.061157,0.006951,0,0.066153,0.003038,0,0.047721,0.001972,0,0.023526,0.000826,0,0.008708,0.015415,0,0.098164,0.281875,0.18297,0.369531,0.018721,0,0.116886,0.563602,0.452846,0.651708,0.000606,0,0.006289,0.001225,0,0.01568,0.000279,0,0.00212,0.000393,0,0.004714,0.000447,0,0.005145,0.000227,0,0.001529,0.000263,0,0.002189,0.000398,0,0.005959,0.000565,0,0.005203,0.000292,0,0.003783,0.000755,0,0.009638,0.001583,0,0.025795,0.000728,0,0.011837,0.000494,0,0.006593,0.000825,0,0.011589,0.002452,0,0.0364,0.001628,0,0.023533,0.000485,0,0.005474,0.000358,0,0.004771
"PH_BA_2.sorted.bam","2","BA",0.031777,3.4e-05,0.064314,0.008036,0,0.043188,0.171712,0.136126,0.216241,0.035414,0.013927,0.060826,0.304836,0.271113,0.338479,0.002336,0,0.017039,0.441122,0.399719,0.471433,0.002914,0,0.017538,0.001854,0,0.013584,0.000515,0,0.003748,0.002365,0,0.04218,0.000277,0,0.002865,0.007575,0,0.117847,0.002536,0,0.040829,0.002096,0,0.013534,0.041966,0,0.094512,0.005339,0,0.063016,0.006172,0,0.079447,0.000198,0,0.002534,0.001508,0,0.024908,0.00075,0,0.005696,0.001656,0,0.02196,0.011401,0,0.099275,0.022831,0,0.081783,0.001104,0,0.01213,0.00066,0,0.009236,0.000535,0,0.005985,0.000512,0,0.007147,0.000404,0,0.004056,0.000116,0,0.001225,0.006887,0,0.088283,0.003322,0,0.054043,0.319537,0.197317,0.398055,0.00373,0,0.051643,0.546945,0.456576,0.634475,0.000356,0,0.004206,0.000141,0,0.001398,0.000738,0,0.00914,0.000374,0,0.004313,0.000728,0,0.009496,0.000831,0,0.010853,0.000937,0,0.013643,0.000453,0,0.006181,0.000853,0,0.01228,0.000192,0,0.00222,0.000382,0,0.003657,0.000171,0,0.001977,0.000492,0,0.006717,0.00048,0,0.005767,0.000408,0,0.004602,0.000416,0,0.004437,0.000334,0,0.004655,0.000531,0,0.007157,0.000247,0,0.003012
"PH_BA_3.sorted.bam","3","BA",0.044825,0.000733,0.102979,0.007557,0,0.034242,0.178231,0.138378,0.228601,0.035901,0.006792,0.060298,0.284028,0.253752,0.315014,0.007783,0,0.040615,0.438184,0.37831,0.469019,0.00169,0,0.010661,0.001801,0,0.01437,0.000478,0,0.005073,0.000448,0,0.006174,0.000683,0,0.010823,0.022071,0,0.203515,0.000758,0,0.008631,0.004201,0,0.061147,0.035642,0,0.104753,0.006027,0,0.057783,0.000345,0,0.004187,0.000141,0,0.001564,0.000966,0,0.011998,0.002405,0,0.039261,0.00136,0,0.020782,0.026413,0,0.110877,0.002381,0,0.035039,0.003588,0,0.047276,0.002514,0,0.032931,0.001535,0,0.020963,0.001159,0,0.014377,0.0047,0,0.0605,0.000563,0,0.006893,0.024958,0,0.126701,0.000917,0,0.014129,0.321221,0.168204,0.40508,0.00143,0,0.015603,0.52628,0.42242,0.610259,0.000299,0,0.003044,0.000275,0,0.003143,0.000257,0,0.003072,0.000448,0,0.005645,0.000635,0,0.009282,0.000227,0,0.002831,0.000284,0,0.002932,0.000306,0,0.003077,0.000182,0,0.002102,0.000426,0,0.005638,0.000765,0,0.00985,0.00023,0,0.002472,0.000136,0,0.001434,0.000276,0,0.00275,0.000885,0,0.013381,0.00034,0,0.002761,0.00053,0,0.00436,0.000191,0,0.002474,0.000124,0,0.001436
"PH_BA_4.sorted.bam","4","BA",0.019273,0,0.056304,0.024136,1e-06,0.055773,0.167958,0.129402,0.209892,0.019104,1e-06,0.045249,0.289941,0.25975,0.319291,0.004581,0,0.030035,0.464704,0.435789,0.491252,0.003189,0,0.01927,0.007113,0,0.032716,0.000194,0,0.002388,0.001775,0,0.028412,0.001645,0,0.019399,0.001514,0,0.019516,0.000974,0,0.010646,0.000293,0,0.002804,0.001256,0,0.017344,0.020613,0,0.075999,0.001134,0,0.016772,0.000269,0,0.00321,0.003214,0,0.044365,0.001112,0,0.01537,0.000922,0,0.013895,0.007297,0,0.077547,0.002785,0,0.032369,0.000664,0,0.008107,0.004775,0,0.052187,0.000282,0,0.002823,0.000282,0,0.002835,0.000784,0,0.010787,0.000189,0,0.002305,0.026907,0,0.109004,0.00942,0,0.078869,0.328757,0.254545,0.40658,0.003631,0,0.051807,0.558811,0.484167,0.623479,0.000288,0,0.003419,0.000259,0,0.002199,0.000925,0,0.012994,0.001406,0,0.022265,0.000264,0,0.00298,0.001441,0,0.018945,0.000962,0,0.01521,0.000644,0,0.00871,0.00024,0,0.002689,0.000113,0,0.001181,0.001902,0,0.02828,0.004907,0,0.046204,0.001483,0,0.022285,0.002013,0,0.028481,0.00121,0,0.017563,0.001064,0,0.01672,0.000834,0,0.011004,0.000272,0,0.002093,0.000271,0,0.003762
"PH_BA_5.sorted.bam","5","BA",0.023919,0,0.06879,0.013357,0,0.040978,0.142028,0.09741,0.18957,0.003612,0,0.021927,0.328197,0.286144,0.367015,0.047169,0.001095,0.082856,0.432321,0.394254,0.468293,0.00163,0,0.012401,0.007768,0,0.038537,0.000476,0,0.005652,0.001665,0,0.025154,0.000326,0,0.003633,0.00236,0,0.025978,0.002717,0,0.034784,0.000571,0,0.007819,0.00033,0,0.003067,0.001495,0,0.019344,0.000604,0,0.007516,0.000165,0,0.001662,0.005007,0,0.065407,0.005172,0,0.054227,0.004538,0,0.067625,0.001826,0,0.022936,0.010622,0,0.071954,0.032399,0,0.129144,0.003314,0,0.047364,0.000931,0,0.009481,0.000711,0,0.010424,0.044013,0,0.153322,0.000274,0,0.003367,0.00392,0,0.059266,0.009703,0,0.068319,0.268264,0.178796,0.344541,0.000788,0,0.010125,0.570498,0.470028,0.664275,0.007824,0,0.075788,0.001436,0,0.023698,0.000784,0,0.009681,0.000277,0,0.003071,0.000163,0,0.001689,0.000236,0,0.003331,0.000252,0,0.002284,0.000473,0,0.005065,0.000385,0,0.00469,9.3e-05,0,0.000942,0.000421,0,0.005321,0.001717,0,0.024827,0.003335,0,0.042783,0.000903,0,0.010876,0.003845,0,0.056535,0.004127,0,0.051352,0.000389,0,0.003801,0.000504,0,0.006189,0.000147,0,0.001474
"PH_BA_7.sorted.bam","7","BA",0.014104,0,0.072631,0.02583,0,0.053097,0.180125,0.136583,0.254326,0.028713,0.002875,0.04884,0.296431,0.26393,0.343032,0.004012,0,0.025693,0.448564,0.379672,0.476854,0.000879,0,0.007126,0.001341,0,0.00959,0.000289,0,0.003001,0.001709,0,0.025334,0.000215,0,0.002257,0.015167,0,0.140747,0.001364,0,0.01044,0.011633,0,0.169186,0.00156,0,0.021631,0.037288,0,0.087083,0.00036,0,0.002983,8.9e-05,0,0.000879,0.001985,0,0.025622,0.001961,0,0.02658,0.000363,0,0.003577,0.016656,0,0.084676,0.001441,0,0.018357,0.003503,0,0.040065,0.001028,0,0.014404,0.001513,0,0.016311,0.000296,0,0.003635,0.000724,0,0.008507,0.000165,0,0.001819,0.00335,0,0.045779,0.007343,0,0.09517,0.317896,0.127541,0.410314,0.000582,0,0.006096,0.567362,0.49795,0.644946,0.000151,0,0.001249,6.2e-05,0,5e-04,0.000157,0,0.001598,0.000271,0,0.002512,8.1e-05,0,0.000768,9.9e-05,0,0.001019,0.00051,0,0.007353,0.000162,0,0.001876,0.000129,0,0.00132,0.000101,0,0.001155,0.000198,0,0.001843,0.000266,0,0.002682,0.00024,0,0.003006,0.000406,0,0.004918,0.000418,0,0.005122,0.000316,0,0.003287,0.000192,0,0.001914,0.000146,0,0.001274,0.00025,0,0.002856
"PH_BA_9.sorted.bam","9","BA",0.013699,0,0.054834,0.012951,0,0.039486,0.173294,0.130364,0.217449,0.029453,0.007115,0.057213,0.309704,0.272577,0.375649,0.0828,0.0468,0.126505,0.374657,0.284597,0.421934,0.002164,0,0.015062,0.001278,0,0.010254,7.2e-05,0,0.000625,0.000246,0,0.002114,4.2e-05,0,0.000388,0.000573,0,0.007084,0.000226,0,0.002294,0.000118,0,0.001031,0.000694,0,0.005834,0.019937,0,0.071531,0.012034,0,0.101049,6.1e-05,0,0.000695,0.002013,0,0.028384,0.000307,0,0.003233,0.022624,0,0.207187,0.021461,0,0.101307,4.9e-05,0,0.000492,0.000437,0,0.005705,0.000787,0,0.012106,0.000137,0,0.001859,0.000537,0,0.005691,0.162836,0.090884,0.251023,5.3e-05,0,0.000481,0.02274,0,0.107186,0.003573,0,0.056497,0.310292,0.113374,0.405144,0.003014,0,0.055425,0.408575,0.316505,0.491908,7.5e-05,0,0.000889,5.6e-05,0,0.00057,0.000268,0,0.003236,0.000572,0,0.006822,0.00035,0,0.003431,0.000642,0,0.008691,0.00105,0,0.014214,0.000342,0,0.002693,0.000637,0,0.004562,5.2e-05,0,0.000494,0.000281,0,0.002438,0.00017,0,0.002092,0.000115,0,0.001069,0.000463,0,0.005289,0.000444,0,0.005931,0.000342,0,0.001985,0.000295,0,0.003603,0.000363,0,0.004828,4.1e-05,0,0.000383
"PH_BB_10.sorted.bam","10","BB",0.001221,0,0.010368,0.00184,0,0.015244,0.610775,0.492425,0.947953,0.001912,0,0.014717,0.026127,0,0.075339,0.05372,0,0.13705,0.300892,0.00882,0.424185,0.0017,0,0.013118,0.001812,0,0.015173,0.000108,0,0.001095,0.000157,0,0.001339,0.000194,0,0.002245,0.000416,0,0.004852,0.000325,0,0.002733,0.292419,0.055044,0.943758,0.000199,0,0.001621,0.000293,0,0.002444,0.000192,0,0.001717,0.000212,0,0.002462,0.000211,0,0.002799,0.000167,0,0.001816,0.000295,0,0.002917,0.000699,0,0.007049,0.000431,0,0.005238,0.000335,0,0.003768,0.001165,0,0.016987,0.06279,0,0.262292,0.000764,0,0.01036,0.023277,0,0.110089,0.008139,0,0.073006,0.000685,0,0.009017,0.000799,0,0.010794,0.572326,0,0.840683,7e-04,0,0.009443,0.024949,0,0.146397,0.000551,0,0.005364,0.000625,0,0.007998,0.000125,0,0.001327,0.000309,0,0.003019,0.00018,0,0.002308,2e-04,0,0.001991,0.001452,0,0.020086,0.000416,0,0.004405,0.000278,0,0.003165,0.000131,0,0.001474,9.9e-05,0,0.000889,7.6e-05,0,0.000707,0.000188,0,0.002339,0.000353,0,0.003932,0.000342,0,0.003744,0.001865,0,0.024794,0.000249,0,0.002694,0.000179,0,0.001947,0.000137,0,0.001432
"PH_BB_1.sorted.bam","1","BB",0.013833,0,0.105347,0.00407,0,0.033195,0.627216,0.448486,0.957786,0.022823,9e-06,0.053307,0.016762,0,0.083694,0.048416,0,0.205806,0.260432,0.001852,0.395441,0.003269,0,0.020762,0.003179,0,0.022856,0.000387,0,0.004639,0.000358,0,0.003123,0.000699,0,0.009364,0.000334,0,0.003015,0.000262,0,0.0029,0.356803,0.12261,0.955655,0.000657,0,0.008671,0.000451,0,0.006213,0.015831,0,0.100308,0.003484,0,0.030335,0.000544,0,0.007611,0.000274,0,0.002701,0.00025,0,0.003161,0.000927,0,0.016102,0.000692,0,0.0106,0.001316,0,0.018184,0.000589,0,0.007531,0.081556,0,0.411542,0.007061,0,0.05671,0.00055,0,0.008082,0.000158,0,0.001841,0.023277,0,0.210689,0.003935,0,0.063461,0.441915,0,0.780691,0.011509,0,0.071682,0.02909,0,0.16646,0.003359,0,0.046537,0.002553,0,0.035565,0.000249,0,0.00235,0.000185,0,0.002053,0.000253,0,0.002491,0.000685,0,0.009624,0.000338,0,0.003511,0.001316,0,0.020798,0.002194,0,0.033163,0.000302,0,0.004213,0.000157,0,0.001714,0.000689,0,0.010455,0.000426,0,0.004637,0.001558,0,0.028777,0.000166,0,0.001588,0.000768,0,0.012435,0.00048,0,0.005247,0.000712,0,0.009695,0.000702,0,0.009494
"PH_BB_2.sorted.bam","2","BB",0.003339,0,0.020747,0.002422,0,0.0181,0.657237,0.540642,0.991381,0.013989,0,0.040423,0.002199,0,0.019076,0.047907,0,0.12361,0.26847,0,0.392912,0.001855,0,0.015172,0.002581,0,0.026923,2e-04,0,0.002649,0.000193,0,0.002192,0.000204,0,0.00238,0.000655,0,0.010497,0.00027,0,0.002597,0.351013,0.118451,0.987484,0.003963,0,0.038331,0.000622,0,0.008176,0.002738,0,0.03801,0.005782,0,0.030757,0.000226,0,0.002876,0.00016,0,0.001427,0.000128,0,0.001075,4e-04,0,0.005148,0.000256,0,0.003316,0.000459,0,0.005087,0.001101,0,0.017275,0.087363,0,0.244037,0.001667,0,0.02394,0.00207,0,0.030751,0.000522,0,0.007387,0.000258,0,0.002347,0.001573,0,0.011979,0.520963,0,0.781675,0.006595,0,0.071741,0.000512,0,0.005569,0.001177,0,0.017392,0.000812,0,0.012028,0.00042,0,0.005169,0.000282,0,0.003502,0.000154,0,0.001755,0.000263,0,0.003029,0.000237,0,0.002627,0.000331,0,0.003746,0.001466,0,0.023025,0.000193,0,0.001814,0.000103,0,0.001146,0.000236,0,0.0029,0.000177,0,0.001602,0.000166,0,0.00157,0.000152,0,0.001464,0.000603,0,0.007041,0.002773,0,0.05038,0.000171,0,0.001232,0.000391,0,0.004804
"PH_BB_3.sorted.bam","3","BB",0.037985,1e-06,0.152373,0.004332,0,0.050651,0.529409,0.396258,0.863565,0.048911,0.021376,0.080037,0.012035,0,0.060098,0.051773,1e-06,0.211386,0.306285,0.002005,0.440367,0.005953,0,0.034157,0.003316,0,0.02312,0.000439,0,0.004749,0.000357,0,0.003496,0.000167,0,0.001896,0.013526,0,0.079182,0.000244,0,0.00228,0.221903,0,0.856091,0.018499,0,0.116739,0.000415,0,0.005426,0.012673,0,0.111117,0.000269,0,0.002977,0.002201,0,0.024264,0.000204,0,0.002078,0.000811,0,0.010977,0.001705,0,0.023021,8.5e-05,0,0.001011,0.008279,0,0.080087,0.005912,0,0.098434,0.03376,0,0.401843,0.04397,0,0.128085,0.004124,0,0.048117,0.001709,0,0.024378,0.03059,0,0.30302,0.000292,0,0.002935,0.552706,0,0.876575,0.012377,0,0.151738,0.014312,0,0.115735,0.000534,0,0.006829,0.000148,0,0.00181,0.000652,0,0.00917,0.000581,0,0.007306,0.000968,0,0.014122,0.004793,0,0.063496,0.000263,0,0.002651,0.003045,0,0.039791,0.000856,0,0.009487,8.9e-05,0,0.000987,0.00099,0,0.013558,0.000327,0,0.002106,0.000323,0,0.003945,0.002852,0,0.041755,0.000281,0,0.002629,0.000504,0,0.00657,0.00061,0,0.007784,0.000572,0,0.008139,8.7e-05,0,0.000958
"PH_BB_4.sorted.bam","4","BB",0.007469,0,0.057244,0.004038,0,0.038069,0.610449,0.499509,0.916884,0.00119,0,0.008812,0.0039,0,0.024059,0.0447,1e-06,0.113704,0.306968,0.033465,0.41592,0.000918,0,0.007222,0.020369,0,0.058057,0.001165,0,0.017943,0.000262,0,0.002651,0.000214,0,0.00244,0.001232,0,0.01575,0.000224,0,0.002874,0.288574,0.071633,0.915767,0.000182,0,0.001749,0.000174,0,0.00168,0.000222,0,0.002497,0.000205,0,0.002636,0.000716,0,0.008899,0.000229,0,0.002442,0.000279,0,0.002785,0.00043,0,0.005777,0.000622,0,0.009153,0.008503,0,0.108864,0.005702,0,0.074311,0.049456,0,0.206214,0.000188,0,0.001659,0.002046,0,0.031977,0.00241,0,0.041821,0.000234,0,0.00227,0.000568,0,0.008157,0.591894,0,0.82666,0.000325,0,0.003406,0.002175,0,0.030341,0.00044,0,0.005035,0.001066,0,0.016154,0.000172,0,0.001492,0.000112,0,0.001047,0.000113,0,0.000801,0.000135,0,0.001514,0.000213,0,0.002862,0.000202,0,0.002306,0.000142,0,0.001671,0.000241,0,0.003048,0.001306,0,0.019989,0.000376,0,0.005566,0.000332,0,0.003343,0.000314,0,0.002803,0.000469,0,0.005451,0.018042,0,0.085404,0.016025,0,0.11079,0.000263,0,0.002807,0.001805,0,0.023987
"PH_BB_5.sorted.bam","5","BB",0.001072,0,0.008398,0.005091,0,0.051524,0.666841,0.558039,0.985835,0.021015,2.4e-05,0.047477,0.000999,0,0.00706,0.016077,0,0.055665,0.283702,7e-06,0.393739,0.0044,0,0.025084,0.000803,0,0.006472,0.000125,0,0.001255,0.000158,0,0.001503,0.000198,0,0.002267,0.000149,0,0.001179,0.000379,0,0.004764,0.380559,0.176116,0.98424,0.000515,0,0.006069,0.000704,0,0.009476,0.018147,0,0.093054,0.000407,0,0.003594,0.000122,0,0.001321,0.000154,0,0.001707,0.000223,0,0.002192,0.000267,0,0.003074,8e-05,0,0.000844,0.000454,0,0.005464,0.000232,0,0.002327,0.001097,0,0.014355,0.015396,0,0.061882,0.000249,0,0.002967,0.005746,0,0.05479,0.000205,0,0.001928,0.007287,0,0.100266,0.551351,0,0.775921,0.003843,0,0.043016,0.000493,0,0.005944,0.001285,0,0.01858,0.000558,0,0.005962,0.000147,0,0.001478,0.000757,0,0.010389,0.001091,0,0.013981,0.001969,0,0.026659,0.000228,0,0.002769,0.001702,0,0.022853,0.001644,0,0.025988,0.000572,0,0.008035,0.000143,0,0.001713,0.000115,0,0.001291,0.000127,0,0.001218,0.000375,0,0.00365,0.000103,0,0.000949,0.000247,0,0.002867,0.000179,0,0.001853,0.000119,0,0.001523,9.8e-05,0,0.00078
"PH_BB_6.sorted.bam","6","BB",0.001768,0,0.012904,0.020207,0,0.094118,0.625583,0.507752,0.990388,0.004029,0,0.023493,0.001972,0,0.016557,0.038443,0,0.126074,0.305144,4e-06,0.432886,0.001451,0,0.01067,0.001404,0,0.010428,0.000218,0,0.002235,0.000541,0,0.007145,0.001367,0,0.019901,0.00021,0,0.002204,0.003106,0,0.038155,0.300215,0.056534,0.989757,0.000207,0,0.002107,0.00071,0,0.010536,0.001771,0,0.028286,0.000592,0,0.00786,0.000122,0,0.001181,0.000318,0,0.004372,0.000297,0,0.002854,0.000561,0,0.007103,5.3e-05,0,0.000502,0.000531,0,0.006477,0.004093,0,0.047582,0.067927,0,0.248253,0.000907,0,0.010452,0.001407,0,0.023319,0.000638,0,0.007785,0.001102,0,0.00802,0.028046,0,0.186753,0.57699,0,0.860728,0.001436,0,0.020974,0.000792,0,0.011223,3e-04,0,0.003197,0.00049,0,0.003696,0.000242,0,0.002639,0.000528,0,0.005992,0.000185,0,0.001995,7e-04,0,0.009743,0.000162,0,0.001598,0.000167,0,0.001799,0.000217,0,0.002448,0.000197,0,0.002216,0.000144,0,0.001364,0.00034,0,0.003234,0.000251,0,0.002764,0.000582,0,0.007653,0.000179,0,0.00208,0.000278,0,0.003344,0.000424,0,0.004307,0.000305,0,0.003611,0.000153,0,0.00171
"PH_BB_7.sorted.bam","7","BB",0.005271,0,0.044214,0.001603,0,0.010859,0.642444,0.519308,0.985412,0.012171,0,0.043266,0.002411,0,0.015256,0.030743,0,0.089068,0.29182,4e-06,0.4133,0.011878,0,0.037174,0.001658,0,0.013151,0.000169,0,0.001532,0.000176,0,0.001992,0.000323,0,0.004613,0.000503,0,0.005593,0.000231,0,0.002334,0.335364,0.109691,0.983662,0.000942,0,0.009257,0.000723,0,0.010196,0.003201,0,0.048655,0.001874,0,0.024293,0.000276,0,0.002485,0.000121,0,0.001157,0.000668,0,0.008102,0.000457,0,0.006439,0.000103,0,0.001142,0.006501,0,0.085497,0.000498,0,0.006989,0.032868,0,0.167196,0.011259,0,0.081245,0.000702,0,0.009792,0.000482,0,0.005672,0.000956,0,0.01029,0.000231,0,0.002261,0.573295,0,0.817188,0.001082,0,0.014966,0.00074,0,0.010122,0.001164,0,0.016497,0.000768,0,0.010434,0.000706,0,0.009459,0.000413,0,0.005374,0.003104,0,0.043561,0.002647,0,0.030685,0.001287,0,0.016034,0.007127,0,0.05014,0.003824,0,0.047839,0.002016,0,0.02454,0.000145,0,0.001497,0.000165,0,0.001875,0.00029,0,0.002788,0.000284,0,0.003712,0.000366,0,0.004724,0.000404,0,0.002889,0.000813,0,0.007266,0.000617,0,0.007912,0.000116,0,0.00126
"PH_BB_8.sorted.bam","8","BB",0.002589,0,0.020314,0.006958,0,0.04511,0.637847,0.520115,0.961493,0.021329,7.6e-05,0.045957,0.010058,0,0.032815,0.032544,0,0.105896,0.282421,0,0.399734,0.00414,0,0.020358,0.002115,0,0.015444,0.000119,0,0.001395,0.000592,0,0.006088,0.000463,0,0.006164,0.000229,0,0.002275,0.000566,0,0.008374,0.336963,0.116643,0.960573,0.001188,0,0.01879,0.00072,0,0.010028,0.003704,0,0.055966,0.009399,0,0.042061,0.000378,0,0.002637,0.000903,0,0.014011,0.000529,0,0.006975,0.009953,0,0.053701,0.000365,0,0.004667,0.001185,0,0.013491,0.001015,0,0.013955,0.046376,0,0.202429,0.003033,0,0.043851,0.004775,0,0.050771,0.003106,0,0.035462,0.001045,0,0.014511,0.008408,0,0.087947,0.549806,0,0.791365,0.001047,0,0.014361,0.001278,0,0.017608,0.001131,0,0.015538,0.000737,0,0.009656,0.000168,0,0.001674,0.000502,0,0.00636,0.000148,0,0.001434,0.003306,0,0.03158,0.000853,0,0.012787,0.000425,0,0.00459,0.000357,0,0.004133,0.001191,0,0.014088,0.000156,0,0.001989,0.000285,0,0.003268,0.000411,0,0.003927,0.000911,0,0.014002,0.000718,0,0.009556,0.000935,0,0.012376,0.000296,0,0.003139,0.000138,0,0.001298,0.00019,0,0.002303
"PH_BB_9.sorted.bam","9","BB",0.002794,0,0.020551,0.0148,0,0.083156,0.605421,0.500975,0.922276,0.024132,1e-06,0.05627,0.001462,0,0.011384,0.02947,0,0.091,0.315743,0.033899,0.431079,0.00447,0,0.027337,0.001708,0,0.013,0.000122,0,0.001327,0.000171,0,0.001364,8.8e-05,0,0.000748,0.000152,0,0.001767,0.000555,0,0.003123,0.279061,0.059598,0.920186,0.001728,0,0.025335,0.000626,0,0.008952,0.018328,0,0.102509,0.000307,0,0.003747,0.000156,0,0.001664,8.9e-05,0,0.001043,0.000149,0,0.001613,0.000631,0,0.007274,0.000135,0,0.001126,0.000599,0,0.007261,0.008619,0,0.087669,0.044766,0,0.178033,0.002017,0,0.029802,0.000565,0,0.007785,0.000356,0,0.003686,0.001768,0,0.029835,0.018913,0,0.165008,0.58775,0,0.852532,0.020086,0,0.097814,0.000609,0,0.008262,0.000149,0,0.001567,0.000398,0,0.004958,0.000545,0,0.006345,0.000203,0,0.001982,0.000831,0,0.011184,0.003735,0,0.046985,0.000269,0,0.003358,0.000863,0,0.009779,0.000776,0,0.010774,0.000655,0,0.009264,0.000225,0,0.002543,0.000248,0,0.002274,0.000189,0,0.002349,0.000497,0,0.005514,0.000185,0,0.001903,0.00065,0,0.009109,0.000637,0,0.007981,0.000409,0,0.005088,0.000187,0,0.001901
"PH_BC_10.sorted.bam","10","BC",0.632526,0.532701,0.976687,0.000902,0,0.006997,0.000893,0,0.006163,0.000762,0,0.005756,0.000716,0,0.005188,0.054453,0.012836,0.109083,0.307089,1e-06,0.414978,0.001946,0,0.013224,0.000713,0,0.005162,0.270829,0.07139,0.960907,0.000275,0,0.002743,4.8e-05,0,0.000455,0.000172,0,0.001646,0.000169,0,0.001853,0.000109,0,0.001029,0.000244,0,0.002842,0.000135,0,0.001302,0.000285,0,0.00365,4.8e-05,0,0.000458,0.000394,0,0.006072,0.00012,0,0.001489,0.000108,0,0.001217,0.000109,0,0.001267,5e-05,0,0.000519,0.107791,0.024758,0.217861,0.000172,0,0.001434,0.000175,0,0.002074,9.6e-05,0,0.000996,0.00014,0,0.001609,4.8e-05,0,0.000516,0.612831,0,0.828747,0.000321,0,0.003043,0.000123,0,0.001214,0.00013,0,0.001277,0.000141,0,0.001379,6.1e-05,0,0.00065,8e-05,0,0.000684,0.00154,0,0.020029,0.000364,0,0.005276,0.000296,0,0.003976,0.000289,0,0.003409,0.000184,0,0.002125,0.000233,0,0.002469,0.00027,0,0.003876,0.000265,0,0.003685,0.000147,0,0.001929,0.000152,0,0.001645,0.000238,0,0.002537,0.000141,0,0.001802,0.000135,0,0.001083,0.00014,0,0.001478,0.00014,0,0.001514,0.000185,0,0.002074,7.4e-05,0,0.000763
"PH_BC_11.sorted.bam","11","BC",0.68352,0.577021,0.998027,0.000548,0,0.00427,0.003843,0,0.041426,0.002671,0,0.021237,0.002491,0,0.02511,0.002862,0,0.022732,0.300472,1e-06,0.410964,0.001547,0,0.011131,0.002046,0,0.016691,0.386801,0.169028,0.997672,0.000105,0,0.00102,8.5e-05,0,0.00106,0.001324,0,0.014904,0.000146,0,0.001649,0.000216,0,0.002457,0.00098,0,0.012283,0.000127,0,0.001141,0.000468,0,0.006007,0.000295,0,0.003696,0.000213,0,0.00275,0.000109,0,0.001066,0.000211,0,0.002467,0.000483,0,0.005333,0.000136,0,0.001637,0.001394,0,0.013173,0.000124,0,0.001355,0.000256,0,0.00286,0.000237,0,0.003028,0.000312,0,0.003719,0.000261,0,0.00343,0.588285,0,0.818236,9.1e-05,0,0.001025,0.004317,0,0.072849,0.00198,0,0.030224,0.002979,0,0.049449,0.000399,0,0.004627,0.000963,0,0.011226,0.00081,0,0.012077,9e-05,0,0.000938,0.000196,0,0.002489,0.000238,0,0.00269,0.000262,0,0.003276,0.000542,0,0.007826,0.000535,0,0.004626,1e-04,0,0.001141,0.000326,0,0.003588,0.000133,0,0.001282,0.000335,0,0.003911,0.000238,0,0.002075,0.00014,0,0.001482,0.001939,0,0.028983,0.000431,0,0.005705,0.000219,0,0.002298,0.000165,0,0.001984
"PH_BC_1.sorted.bam","1","BC",0.61559,0.512803,0.939276,0.000988,0,0.007833,0.020864,0,0.111369,0.001956,0,0.013107,0.001399,0,0.011067,0.05549,1e-06,0.135252,0.289414,0,0.405307,0.013116,0,0.048717,0.001183,0,0.009179,0.254458,0.062953,0.886506,0.000309,0,0.002764,0.000129,0,0.001112,0.028537,0,0.221457,0.000127,0,0.001456,0.000263,0,0.0029,0.00079,0,0.009664,0.000258,0,0.003518,0.000581,0,0.00701,0.000144,0,0.00167,0.000441,0,0.006509,0.000102,0,0.001061,0.000201,0,0.002709,0.000192,0,0.001917,7.4e-05,0,0.000802,0.099421,0,0.268844,0.000233,0,0.002528,0.007499,0,0.084736,0.000405,0,0.004954,0.000661,0,0.010239,0.00026,0,0.002559,0.574345,0,0.807365,0.000239,0,0.002,0.000942,0,0.01203,0.000234,0,0.002537,0.000295,0,0.003533,0.000999,0,0.013556,0.00019,0,0.002202,0.018128,0,0.094772,0.000383,0,0.004072,0.003183,0,0.041077,0.000895,0,0.011343,0.00066,0,0.010322,0.000527,0,0.006138,0.001081,0,0.016964,0.000507,0,0.005573,0.000292,0,0.003688,6.7e-05,0,0.000895,0.000131,0,0.001043,0.000268,0,0.003842,9.9e-05,0,0.001123,0.000714,0,0.008299,0.000311,0,0.003812,0.000359,0,0.003568,6.3e-05,0,0.000585
"PH_BC_2.sorted.bam","2","BC",0.685251,0.570309,0.999152,0.000673,0,0.004966,0.001658,0,0.010456,0.001298,0,0.010298,0.000605,0,0.004879,0.016408,0,0.128594,0.289324,0,0.412298,0.001878,0,0.015097,0.002906,0,0.049757,0.383209,0.15088,0.999077,0.000191,0,0.001865,0.000116,0,0.001166,0.000346,0,0.003321,7.5e-05,0,0.00071,0.000135,0,0.001353,0.000889,0,0.012916,0.000125,0,0.001381,0.000145,0,0.001826,0.000152,0,0.001852,0.000151,0,0.001514,0.000114,0,0.001048,8.1e-05,0,0.000889,0.000145,0,0.001511,7.8e-05,0,0.000727,0.030147,0,0.256128,0.00017,0,0.001523,0.000153,0,0.001708,0.00049,0,0.006324,0.000155,0,0.001381,0.000211,0,0.002293,0.570545,0,0.823255,0.000197,0,0.002444,0.001696,0,0.005295,0.000166,0,0.001637,0.00017,0,0.001701,0.000282,0,0.00269,0.00048,0,0.006923,0.00152,0,0.015303,0.000165,0,0.001798,0.000442,0,0.005476,0.000209,0,0.002308,0.000134,0,0.001477,0.000674,0,0.009172,0.000112,0,0.001181,0.000187,0,0.001367,0.000292,0,0.003645,7.6e-05,0,0.000814,0.000107,0,0.001156,0.000123,0,0.001088,0.000103,0,0.001044,0.000323,0,0.003945,0.004519,0,0.098675,0.000126,0,0.001371,7.1e-05,0,0.000744
"PH_BC_3.sorted.bam","3","BC",0.652525,0.552369,0.987248,0.000769,0,0.005759,0.001973,0,0.017388,0.001334,0,0.010024,0.001595,0,0.015275,0.053131,0,0.1158,0.286123,7e-06,0.387947,0.001692,0,0.014122,0.000858,0,0.007126,0.315072,0.114182,0.985905,0.000286,0,0.002504,0.000104,0,0.001145,0.001791,0,0.027078,0.000148,0,0.001583,0.000177,0,0.001892,0.000452,0,0.003726,0.000117,0,0.001339,0.000192,0,0.001862,0.000167,0,0.002196,0.000315,0,0.003593,0.000132,0,0.001763,0.000193,0,0.002489,0.000304,0,0.003591,5.5e-05,0,0.000542,0.102967,0,0.231272,0.000206,0,0.002407,0.000161,0,0.001361,0.000517,0,0.00525,0.00031,0,0.003165,0.000107,0,0.000863,0.567829,0,0.774059,0.000198,0,0.001826,0.000773,0,0.010519,0.000291,0,0.003387,0.001385,0,0.023368,0.000947,0,0.009887,6e-05,0,0.000717,0.001103,0,0.010135,0.000157,0,0.00153,0.000233,0,0.002537,0.000296,0,0.003555,0.000334,0,0.003729,0.000314,0,0.003218,0.000586,0,0.006548,8.1e-05,0,0.000987,0.000162,0,0.001317,8.6e-05,0,0.000867,1e-04,0,0.000932,0.000164,0,0.001279,0.000108,0,0.000994,0.000625,0,0.00352,0.000116,0,0.001339,0.000197,0,0.001487,7.9e-05,0,0.000758
"PH_BC_4.sorted.bam","4","BC",0.671998,0.566502,0.999288,0.000501,0,0.003867,0.000377,0,0.002976,0.000701,0,0.005334,0.000413,0,0.00319,0.00236,0,0.028769,0.322578,0,0.428984,0.00065,0,0.005089,0.000421,0,0.003551,0.347246,0.137842,0.99922,0.000208,0,0.002355,6e-05,0,0.000468,0.000124,0,0.001128,9.3e-05,0,0.001142,4.6e-05,0,0.000423,0.000417,0,0.00441,0.000161,0,0.002215,8.6e-05,0,0.000918,7.4e-05,0,0.000848,8.1e-05,0,0.000824,6.5e-05,0,0.000463,4.1e-05,0,0.000405,9.4e-05,0,0.000959,4.3e-05,0,0.00045,0.003934,0,0.056906,9.1e-05,0,0.000851,7.1e-05,0,0.000656,0.000121,0,0.001183,0.000106,0,0.001148,5.8e-05,0,0.000618,0.644254,0,0.85686,0.000121,0,0.001456,8.2e-05,0,0.000853,0.000118,0,0.001093,0.000171,0,0.001689,7e-05,0,0.000673,6.9e-05,0,0.000597,0.000281,0,0.003463,7.1e-05,0,0.000651,9.8e-05,0,0.000923,0.000166,0,0.00171,0.000109,0,0.001136,0.000136,0,0.001354,0.000126,0,0.00142,0.00011,0,0.001319,0.000205,0,0.002333,7.3e-05,0,0.000613,6.9e-05,0,0.000679,9.1e-05,0,0.00067,7.2e-05,0,0.000696,7.7e-05,0,0.000768,7.8e-05,0,0.000732,9.3e-05,0,0.000824,4.2e-05,0,0.000398
"PH_BC_5.sorted.bam","5","BC",0.633144,0.525898,0.974461,0.005173,0,0.040274,0.001936,0,0.014869,0.001832,0,0.012441,0.009353,0,0.048997,0.041845,0,0.204452,0.296672,0.001402,0.422844,0.004531,0,0.026026,0.005514,0,0.057151,0.310091,0.092129,0.972618,0.000401,0,0.003584,9.2e-05,0,0.001162,0.000931,0,0.006906,0.000383,0,0.004883,9.3e-05,0,0.000933,0.000365,0,0.004039,0.000766,0,0.011503,0.00031,0,0.004312,0.000198,0,0.002,0.000414,0,0.005462,0.000264,0,0.003716,0.000287,0,0.002654,0.000553,0,0.008464,7.9e-05,0,0.000884,0.080322,0,0.408374,0.000293,0,0.004069,0.000242,0,0.002871,0.000227,0,0.002783,0.000987,0,0.01519,0.000255,0,0.002909,0.561412,0,0.842065,0.006839,0,0.07933,0.000281,0,0.002344,0.000289,0,0.003374,0.014744,0,0.097003,0.000132,0,0.00117,8.5e-05,0,0.000818,0.002018,0,0.030602,0.00104,0,0.015236,0.000721,0,0.009779,0.000398,0,0.003729,0.001066,0,0.017545,0.000289,0,0.003531,0.001721,0,0.021102,0.000556,0,0.007435,0.000242,0,0.002553,0.000175,0,0.0019,0.000531,0,0.006264,0.000359,0,0.004063,0.000235,0,0.00294,0.000687,0,0.010002,0.007757,0,0.113531,0.000697,0,0.010738,0.000172,0,0.002148
"PH_BC_6.sorted.bam","6","BC",0.648145,0.532361,0.998461,0.000513,0,0.004129,0.000522,0,0.004081,0.000564,0,0.00472,0.00041,0,0.003044,0.017488,0,0.061935,0.330277,3e-06,0.437129,0.001528,0,0.012209,0.000552,0,0.003968,0.300052,0.067943,0.99837,0.000177,0,0.00183,3.6e-05,0,0.000289,0.000191,0,0.001878,9.8e-05,0,0.0011,6.3e-05,0,0.000666,0.000429,0,0.004872,0.000108,0,0.000939,5.3e-05,0,0.000425,6.3e-05,0,0.000633,0.000109,0,0.001185,6.8e-05,0,0.00068,9.4e-05,0,0.001036,4.7e-05,0,0.000463,4.1e-05,0,0.00044,0.03382,0,0.123169,0.000184,0,0.002136,0.000123,0,0.001278,9.9e-05,0,0.000731,0.000128,0,0.001278,5.7e-05,0,0.000526,0.659568,0,0.872893,9.5e-05,0,0.000899,7.2e-05,0,0.000595,9.2e-05,0,0.000741,0.00011,0,0.001001,0.00012,0,0.001306,6.9e-05,0,0.000618,0.001713,0,0.022073,0.000121,0,0.001214,0.000214,0,0.002611,1e-04,0,0.001162,8.6e-05,0,0.000695,0.000203,0,0.00235,0.000209,0,0.002518,0.000134,0,0.001093,0.00018,0,0.001397,0.000104,0,0.001224,7.2e-05,0,0.000668,7.5e-05,0,0.000822,9.7e-05,0,0.001058,0.000184,0,0.002189,0.000152,0,0.001709,0.000143,0,0.001739,4.8e-05,0,0.000423
"PH_BC_7.sorted.bam","7","BC",0.344147,0.282681,0.454316,0.056033,0.035288,0.087497,0.097473,0.023197,0.221564,0.053718,0.033764,0.075387,0.055103,0.029507,0.091879,0.045373,5e-06,0.076002,0.345564,0.12112,0.418325,0.001522,0,0.011096,0.001066,0,0.008057,6.6e-05,0,0.000569,0.005646,0,0.084156,6e-05,0,0.000539,0.075415,0,0.440324,0.000245,0,0.002735,7.3e-05,0,0.000595,0.000273,0,0.002443,0.103799,0.059038,0.146696,0.001907,0,0.0332,3.4e-05,0,0.000309,0.025636,0,0.177787,0.000374,0,0.004716,0.000313,0,0.003217,0.000675,0,0.00678,5.3e-05,0,0.000569,0.008551,0,0.11245,0.00034,0,0.003913,0.000267,0,0.002458,0.000123,0,0.001011,0.080659,0,0.144378,6.7e-05,0,0.000751,0.572052,0.237596,0.718314,0.000662,0,0.007146,0.116091,0,0.23167,0.00019,0,0.002192,0.001412,0,0.019811,9.9e-05,0,0.001161,3.5e-05,0,0.000351,0.00019,0,0.002025,0.000702,0,0.00936,0.000358,0,0.004243,0.000138,0,0.00124,0.000859,0,0.01307,0.00029,0,0.003529,0.000208,0,0.001622,4.9e-05,0,0.000525,0.000399,0,0.004209,0.000177,0,0.001599,0.000206,0,0.002402,0.000263,0,0.00311,0.000173,0,0.001342,0.000284,0,0.003098,0.000346,0,0.004155,0.000203,0,0.002332,4.1e-05,0,0.000398
"PH_BC_8.sorted.bam","8","BC",0.584186,0.4572,0.904155,0.020002,0,0.073462,0.011664,0,0.064608,0.033379,0,0.091083,0.005101,0,0.027809,0.051139,0,0.115426,0.277156,3e-06,0.39264,0.011693,0,0.050807,0.005679,0,0.036637,0.230615,0,0.84981,0.027303,0,0.145876,0.001084,0,0.016448,0.011737,0,0.12582,0.001346,0,0.023464,0.000588,0,0.007422,0.053248,0,0.1773,0.000621,0,0.006149,0.001622,0,0.027848,0.000363,0,0.004826,0.000574,0,0.006976,0.001004,0,0.014968,0.001288,0,0.017644,0.000491,0,0.005149,0.000225,0,0.002159,0.086375,0,0.222143,0.002169,0,0.027825,0.001519,0,0.022912,0.004095,0,0.060364,0.001423,0,0.02146,0.000174,0,0.001668,0.522247,0,0.773451,0.002928,0,0.046125,0.002945,0,0.037672,0.001996,0,0.029211,0.002969,0,0.042912,0.001413,0,0.01969,0.003975,0,0.05549,0.004725,0,0.051712,0.001966,0,0.030991,0.000394,0,0.004674,0.003334,0,0.045804,0.001688,0,0.024443,0.001167,0,0.014992,0.008792,0,0.094792,0.000414,0,0.004452,0.000933,0,0.006715,5e-04,0,0.006783,0.001302,0,0.017813,0.000627,0,0.008063,0.000314,0,0.003465,0.00377,0,0.048395,0.00307,0,0.04101,0.000491,0,0.005019,0.000176,0,0.001855
"PH_BC_9.sorted.bam","9","BC",0.511093,0.413819,0.743051,0.002216,0,0.017424,0.093191,0.035946,0.217847,0.074655,0.041146,0.113831,0.002651,0,0.019326,0.032101,0,0.089787,0.278348,0,0.387895,0.003593,0,0.024263,0.002152,0,0.015275,0.079274,0,0.494436,0.000941,0,0.009995,9.9e-05,0,0.000924,0.143486,0,0.431782,0.000455,0,0.004113,0.000216,0,0.001842,0.140754,0.069989,0.22361,0.000261,0,0.002763,0.004545,0,0.069653,0.000126,0,0.001243,0.002277,0,0.032075,0.000163,0,0.001299,0.000249,0,0.002472,0.000408,0,0.004825,0.000101,0,0.00107,0.053138,0,0.175603,0.00157,0,0.019564,0.002406,0,0.034845,0.00146,0,0.024192,0.000942,0,0.014411,0.000393,0,0.001993,0.520707,0,0.731033,0.000196,0,0.001891,0.033443,0,0.153297,0.000792,0,0.008187,0.000154,0,0.001329,0.000376,0,0.004696,0.000144,0,0.001584,0.001864,0,0.030648,0.000418,0,0.006305,0.000825,0,0.009271,0.000586,0,0.00688,0.000511,0,0.006699,0.002066,0,0.029981,0.00031,0,0.00325,0.000129,0,0.001139,0.000472,0,0.005223,0.000228,0,0.002354,0.000542,0,0.006204,0.000252,0,0.002762,0.000397,0,0.004596,0.001458,0,0.019744,0.000429,0,0.005483,0.000347,0,0.003245,9e-05,0,0.000902
"PH_CA_10.sorted.bam","10","CA",0.000743,0,0.005415,0.484289,0.428451,0.585387,0.000917,0,0.00672,0.001268,0,0.010295,0.229053,0.181507,0.272628,0.00111,0,0.008414,0.279715,0.186865,0.319426,0.000708,0,0.005147,0.002196,0,0.017874,0.000192,0,0.00197,0.000142,0,0.001197,0.358369,0.231339,0.583393,0.00015,0,0.001697,0.000307,0,0.002085,0.000156,0,0.001413,0.000158,0,0.00167,0.000225,0,0.002403,0.000149,0,0.001922,0.000358,0,0.004949,0.000197,0,0.002008,0.004189,0,0.05202,0.000181,0,0.001957,0.000318,0,0.003154,0.077335,0,0.175068,0.000114,0,0.001385,0.000228,0,0.002543,0.000139,0,0.001554,0.000269,0,0.002308,0.00024,0,0.003,0.000171,0,0.001758,8.5e-05,0,0.000844,0.246036,0,0.440947,0.000276,0,0.003201,0.000254,0,0.002665,0.297649,0.14226,0.486628,0.00027,0,0.002508,0.007099,0,0.060576,9.2e-05,0,0.000944,0.000221,0,0.001886,9.5e-05,0,0.001042,0.000114,0,0.001343,0.000179,0,0.001951,0.000228,0,0.002961,0.000155,0,0.001868,7.6e-05,0,0.000824,0.000166,0,0.00183,0.000493,0,0.003837,0.000224,0,0.002945,0.000333,0,0.004107,0.000482,0,0.003956,0.000388,0,0.003692,0.000507,0,0.007447,0.000181,0,0.001418,0.000809,0,0.012763
"PH_CA_12.sorted.bam","12","CA",0.00253,0,0.017489,0.457323,0.400902,0.565605,0.001392,0,0.009678,0.001846,0,0.011959,0.242223,0.196795,0.282098,0.001868,0,0.011812,0.284838,0.18216,0.335277,0.001525,0,0.011601,0.006456,0,0.044912,0.000807,0,0.010428,0.000267,0,0.002997,0.326789,0.191288,0.559789,0.000375,0,0.004874,0.00044,0,0.00467,2e-04,0,0.002022,0.000176,0,0.001987,0.000444,0,0.00483,0.000254,0,0.0022,0.000492,0,0.006698,0.001492,0,0.019707,0.004111,0,0.087875,0.000183,0,0.001683,0.000286,0,0.002516,0.078563,0,0.171029,0.000357,0,0.004054,0.000777,0,0.009593,0.000304,0,0.003965,0.000464,0,0.006829,0.000347,0,0.004451,0.000134,0,0.001569,0.000282,0,0.002947,0.248151,0,0.451765,0.000303,0,0.003244,0.000373,0,0.005052,0.31756,0.166337,0.520613,0.000375,0,0.005097,0.000552,0,0.007645,0.000176,0,0.002072,0.000595,0,0.006148,0.00028,0,0.003684,0.000286,0,0.004292,0.000335,0,0.003534,0.000206,0,0.002258,0.000259,0,0.002884,0.000265,0,0.003137,0.00032,0,0.003189,0.006284,0,0.086541,0.000245,0,0.003093,0.000424,0,0.004947,0.003006,0,0.037543,0.000637,0,0.00963,0.001269,0,0.017896,0.000381,0,0.005764,0.000173,0,0.001915
"PH_CA_1.sorted.bam","1","CA",0.00076,0,0.006353,0.442751,0.389769,0.539934,0.00106,0,0.008477,0.00195,0,0.014902,0.222076,0.178141,0.273031,0.000817,0,0.006399,0.293108,0.196391,0.343132,0.000818,0,0.00632,0.03666,9e-06,0.076645,0.000115,0,0.001237,0.00019,0,0.002104,0.312577,0.202132,0.536382,9.1e-05,0,0.00071,0.000266,0,0.003352,9.4e-05,0,0.000921,0.000163,0,0.001667,0.000292,0,0.003245,0.00016,0,0.00179,0.000188,0,0.002076,0.000108,0,0.001072,0.001335,0,0.020626,0.00018,0,0.001905,0.00037,0,0.004076,0.035619,0,0.129325,9.5e-05,0,0.000981,0.000195,0,0.001714,0.000149,0,0.001687,0.00019,0,0.001882,0.000182,0,0.001839,7.9e-05,0,0.000576,0.000415,0,0.003986,0.245109,0,0.422263,0.000363,0,0.003894,0.000422,0,0.005157,0.336562,0.190901,0.512168,0.00022,0,0.002217,0.000637,0,0.009301,7.9e-05,0,0.000846,0.000268,0,0.002249,1e-04,0,0.001157,0.000187,0,0.002259,0.00015,0,0.001893,0.000156,0,0.001697,0.000278,0,0.003137,0.000129,0,0.001472,0.00015,0,0.001593,0.012694,0,0.126048,0.000625,0,0.008626,0.00174,0,0.025004,0.034028,0,0.125232,0.000287,0,0.003122,0.001574,0,0.018146,0.000161,0,0.001662,0.011031,0,0.070146
"PH_CA_2.sorted.bam","2","CA",0.000967,0,0.008307,0.423361,0.363836,0.522511,0.000758,0,0.005607,0.001454,0,0.010882,0.231889,0.18044,0.283165,0.001532,0,0.01096,0.292836,0.174093,0.352221,0.000903,0,0.006448,0.0463,0,0.105067,8.4e-05,0,0.000969,0.000439,0,0.004034,0.302947,0.175076,0.520311,0.000107,0,0.001184,6.8e-05,0,0.000867,0.000204,0,0.001988,0.000199,0,0.002184,0.000298,0,0.002616,0.00011,0,0.001087,0.000474,0,0.007285,0.000187,0,0.001877,0.001792,0,0.023458,0.000133,0,0.001422,0.000243,0,0.002793,0.072835,0,0.173557,0.000201,0,0.002315,0.000359,0,0.004357,0.000215,0,0.002622,0.000357,0,0.004612,0.000111,0,0.001183,0.000337,0,0.003604,0.000252,0,0.001921,0.236107,0,0.428053,0.00017,0,0.00162,0.000273,0,0.003045,0.314937,0.152083,0.49809,0.000621,0,0.007483,0.015617,0,0.098686,1e-04,0,0.001076,0.000268,0,0.003511,9.4e-05,0,0.001074,0.000129,0,0.001392,0.000153,0,0.001751,0.000185,0,0.001937,0.000186,0,0.001691,0.000246,0,0.002751,0.00028,0,0.003173,0.001497,0,0.019836,0.000211,0,0.001843,0.000351,0,0.004219,0.000553,0,0.00675,0.000342,0,0.003241,0.001891,0,0.025124,0.000199,0,0.002137,0.043638,0,0.10302
"PH_CA_3.sorted.bam","3","CA",0.001073,0,0.007887,0.463203,0.406723,0.575544,0.000548,0,0.004574,0.000563,0,0.004427,0.232459,0.183005,0.277223,0.000603,0,0.004863,0.29385,0.182472,0.342976,0.000564,0,0.004356,0.007138,0,0.038013,0.000152,0,0.001732,0.000425,0,0.006415,0.34346,0.210092,0.529851,1e-04,0,0.001053,0.000111,0,0.001111,0.00014,0,0.001222,0.000137,0,0.001255,0.000155,0,0.001789,6.9e-05,0,0.000654,0.000106,0,0.001011,0.000186,0,0.001722,0.010159,0,0.11422,0.000142,0,0.001714,0.00013,0,0.001203,0.048587,0,0.146508,0.000104,0,0.000976,0.000139,0,0.001294,4.4e-05,0,0.000445,5.2e-05,0,0.000595,9.5e-05,0,0.001108,0.000118,0,0.001173,0.000397,0,0.004675,0.227724,0,0.43005,0.000139,0,0.001159,0.000125,0,0.001102,0.355442,0.199374,0.524446,0.000207,0,0.002806,0.001074,0,0.015158,0.000157,0,0.001975,0.00014,0,0.001377,6.9e-05,0,0.000814,8.8e-05,0,0.00081,9e-05,0,0.000797,6.5e-05,0,0.000617,5.9e-05,0,0.000576,0.000133,0,0.001559,0.000335,0,0.004241,0.000633,0,0.010693,0.000141,0,0.001456,0.000158,0,0.00181,0.0015,0,0.022225,0.000264,0,0.00336,0.001457,0,0.021142,0.000195,0,0.00269,0.004797,0,0.037462
"PH_CA_4.sorted.bam","4","CA",0.002392,0,0.017185,0.432851,0.38044,0.54277,0.000947,0,0.006836,0.006404,0,0.02775,0.275819,0.232943,0.319439,0.001305,0,0.010524,0.274855,0.163381,0.322011,0.001382,0,0.009358,0.004044,0,0.025315,0.000189,0,0.002375,0.00033,0,0.003932,0.23618,0.149054,0.343923,0.00017,0,0.002073,0.00019,0,0.002377,0.00016,0,0.001912,0.000687,0,0.010089,0.002418,0,0.033506,0.000285,0,0.003517,0.00051,0,0.00696,0.001157,0,0.012672,0.006696,0,0.102497,0.000186,0,0.001427,0.004334,0,0.04181,0.188844,0.108318,0.28214,0.000178,0,0.001416,0.000411,0,0.005049,0.000105,0,0.001116,0.000189,0,0.002647,0.000713,0,0.007813,0.000168,0,0.001622,0.001379,0,0.019761,0.382407,0.246066,0.533422,0.000164,0,0.001762,0.001728,0,0.0244,0.158532,0,0.29833,0.000225,0,0.002324,0.002264,0,0.030526,0.000272,0,0.002976,0.000275,0,0.003368,0.000251,0,0.003359,0.000538,0,0.007771,0.000288,0,0.003033,0.000207,0,0.002769,0.000312,0,0.002806,0.000162,0,0.001813,0.000233,0,0.002769,0.000615,0,0.008206,0.000223,0,0.00245,0.001611,0,0.023135,0.002044,0,0.029957,0.000247,0,0.002673,0.000434,0,0.003871,0.000298,0,0.003991,0.001192,0,0.01635
"PH_CA_6.sorted.bam","6","CA",0.000902,0,0.007557,0.46322,0.411247,0.548982,0.000976,0,0.007233,0.004677,0,0.027637,0.228366,0.186588,0.276991,0.001134,0,0.008288,0.297357,0.218914,0.342012,0.000748,0,0.005591,0.002621,0,0.018862,0.000153,0,0.001637,0.00022,0,0.002515,0.384508,0.276702,0.547547,0.000118,0,0.001343,0.000174,0,0.001444,0.000151,0,0.00159,0.000222,0,0.002031,0.00126,0,0.017805,0.000373,0,0.005173,0.001172,0,0.016362,0.000255,0,0.003013,0.002038,0,0.03215,0.000277,0,0.003078,0.00074,0,0.010452,0.008052,0,0.086937,0.000143,0,0.0014,0.000292,0,0.003494,0.000128,0,0.000926,0.000331,0,0.003863,0.000373,0,0.004451,0.000148,0,0.001694,0.000167,0,0.001791,0.152489,0,0.321175,0.000295,0,0.003038,0.003164,0,0.043676,0.436357,0.301945,0.548573,0.000289,0,0.003392,0.000357,0,0.003861,8e-05,0,0.000824,0.000263,0,0.002832,0.000152,0,0.001836,0.000148,0,0.001526,0.00018,0,0.001757,9.4e-05,0,0.000775,0.000191,0,0.002385,8.3e-05,0,0.000803,0.000294,0,0.003418,0.000687,0,0.007824,0.000134,0,0.001448,0.000772,0,0.011019,0.000408,0,0.004433,0.00032,0,0.004765,0.001048,0,0.015679,0.000223,0,0.002806,0.000678,0,0.007364
"PH_CA_7.sorted.bam","7","CA",0.001013,0,0.007758,0.450284,0.397523,0.539362,0.000986,0,0.007415,0.001106,0,0.009252,0.280787,0.236657,0.324844,0.001578,0,0.010853,0.260218,0.173614,0.307337,0.00057,0,0.004837,0.003459,0,0.023459,0.000131,0,0.001521,0.000217,0,0.001993,0.335533,0.221334,0.538201,0.000149,0,0.001855,0.000155,0,0.000987,0.000191,0,0.001838,0.000106,0,0.001192,2e-04,0,0.001753,0.000166,0,0.00183,0.00047,0,0.007572,0.000151,0,0.001539,0.000438,0,0.005286,0.000163,0,0.001619,0.000156,0,0.001889,0.155193,0.068015,0.240788,0.000247,0,0.003473,0.000439,0,0.004182,0.000297,0,0.003552,0.000224,0,0.002312,0.000222,0,0.0022,0.000539,0,0.00682,0.000375,0,0.003014,0.227222,0,0.396595,0.000303,0,0.003486,0.000151,0,0.001638,0.249429,0.113499,0.384396,0.000137,0,0.001356,0.020652,0,0.092921,0.000108,0,0.000937,0.000162,0,0.001479,8.5e-05,0,0.000701,7.5e-05,0,0.000809,7.8e-05,0,0.000736,8.6e-05,0,0.000962,7.8e-05,0,0.000797,0.000197,0,0.002675,0.000411,0,0.005352,0.00067,0,0.010205,0.000271,0,0.00302,0.000193,0,0.002369,0.00055,0,0.006886,0.000427,0,0.006231,0.001436,0,0.020368,7.4e-05,0,0.000731,0.001443,0,0.019691
"PH_CA_8.sorted.bam","8","CA",0.000899,0,0.006199,0.443637,0.389933,0.54262,0.000705,0,0.005473,0.000921,0,0.00721,0.251227,0.210637,0.289868,0.000661,0,0.005231,0.298131,0.201358,0.340422,0.001042,0,0.008115,0.002776,0,0.017176,0.000141,0,0.001548,0.000228,0,0.002555,0.290197,0.165809,0.535928,0.000128,0,0.001236,0.000285,0,0.003184,9.2e-05,0,0.000868,0.000151,0,0.001823,0.000168,0,0.00188,0.000107,0,0.000749,0.000281,0,0.003524,0.00031,0,0.004371,0.002549,0,0.032933,0.000197,0,0.002136,0.000265,0,0.002927,0.102423,0,0.194084,0.000153,0,0.001617,0.000162,0,0.001341,6.5e-05,0,0.000565,0.000134,0,0.001259,0.000253,0,0.002598,8e-05,0,0.00088,0.000212,0,0.003051,0.301289,0,0.486152,0.000138,0,0.001514,0.000118,0,0.001266,0.292742,0.142632,0.545415,0.000124,0,0.001435,0.00026,0,0.002542,0.000162,0,0.001944,0.000491,0,0.005243,0.000139,0,0.001582,9.2e-05,0,0.000993,0.000183,0,0.002194,8.6e-05,0,0.001052,0.000151,0,0.001586,0.000116,0,0.001288,0.000172,0,0.002222,0.001709,0,0.022141,0.000168,0,0.001748,0.000246,0,0.002711,0.001108,0,0.01532,0.000185,0,0.001853,0.000969,0,0.014398,0.000547,0,0.00708,0.000224,0,0.002793
"PH_CR_10.sorted.bam","10","CR",0.007836,0,0.032847,0.14119,0.104413,0.17598,0.010076,0,0.035836,0.003587,0,0.01776,0.378281,0.344687,0.414046,0.001347,0,0.009822,0.446054,0.408593,0.496665,0.000763,0,0.00554,0.010865,0,0.037576,0.000394,0,0.005461,0.004288,0,0.045569,0.011427,0,0.064139,0.000968,0,0.016069,0.002205,0,0.030251,0.000445,0,0.004464,0.000223,0,0.00268,0.000487,0,0.005844,0.001513,0,0.02059,0.000459,0,0.005935,0.003927,0,0.044259,0.015104,0,0.122951,0.005349,0,0.052083,0.002702,0,0.031532,0.034455,0,0.108028,0.000339,0,0.004075,0.00034,0,0.004271,0.00046,0,0.005539,0.000309,0,0.003537,0.000428,0,0.004157,0.000124,0,0.001327,0.001307,0,0.017211,0.228684,0.146357,0.307986,0.005495,0,0.054772,0.000306,0,0.002587,0.655447,0.549966,0.761111,1e-04,0,0.000829,0.000116,0,0.001248,0.000243,0,0.003184,0.000255,0,0.003171,0.000168,0,0.001203,7.6e-05,0,0.000797,0.000162,0,0.001827,6.7e-05,0,0.000614,9.1e-05,0,0.000891,7.3e-05,0,0.000828,0.003588,0,0.033592,0.008163,0,0.055691,0.003107,0,0.031442,0.00064,0,0.008857,0.004533,0,0.061346,0.000403,0,0.004908,0.000446,0,0.006455,0.000317,0,0.004657,0.000267,0,0.00301
"PH_CR_11.sorted.bam","11","CR",0.001449,0,0.010364,0.12579,0.094078,0.156409,0.012556,0,0.043722,0.001967,0,0.011368,0.392463,0.35776,0.42786,0.001052,0,0.007954,0.462903,0.430866,0.499699,0.000712,0,0.005199,0.001107,0,0.008528,0.000122,0,0.001191,0.000405,0,0.005255,0.000162,0,0.002177,0.00033,0,0.003527,0.000535,0,0.007011,2e-04,0,0.002106,0.000411,0,0.005876,0.000277,0,0.00306,0.000734,0,0.010848,0.000128,0,0.001521,0.000349,0,0.004344,0.001332,0,0.016813,0.011514,0,0.080143,0.00116,0,0.014223,0.052659,0,0.12031,0.000324,0,0.003827,0.000234,0,0.002197,0.000215,0,0.002097,0.000248,0,0.003141,0.000303,0,0.00388,6.9e-05,0,0.000788,0.000549,0,0.007255,0.247966,0.185907,0.30943,0.011008,0,0.069692,0.000455,0,0.005635,0.664322,0.567679,0.79868,0.000359,0,0.003887,0.000287,0,0.002418,9.4e-05,0,0.001123,0.000196,0,0.002107,0.000199,0,0.002654,0.000193,0,0.002052,0.000216,0,0.002772,0.000103,0,0.001191,0.000204,0,0.002188,6.7e-05,0,0.000654,0.000193,0,0.002641,0.000313,0,0.003422,0.000176,0,0.001397,0.000199,0,0.002592,0.000413,0,0.00593,0.00018,0,0.002137,0.000369,0,0.004244,8.6e-05,0,0.000728,0.000142,0,0.001603
"PH_CR_12.sorted.bam","12","CR",0.001277,0,0.01088,0.118184,0.078024,0.149177,0.001126,0,0.009023,0.00114,0,0.008139,0.410143,0.376556,0.442818,0.001031,0,0.00804,0.464822,0.432573,0.499909,0.000486,0,0.00376,0.00179,0,0.014544,0.000172,0,0.001562,0.000134,0,0.001428,0.000106,0,0.000959,8.7e-05,0,0.000935,0.000185,0,0.002263,0.00021,0,0.002523,0.000138,0,0.00161,0.000221,0,0.002383,0.00016,0,0.001802,0.000268,0,0.003738,0.000538,0,0.007762,0.000223,0,0.002204,0.00021,0,0.002073,0.000326,0,0.003416,0.063015,0,0.127437,0.000118,0,0.00136,0.000291,0,0.002821,0.000171,0,0.001865,0.000202,0,0.002389,0.000292,0,0.003046,0.000133,0,0.001383,0.00092,0,0.013434,0.234798,0.154826,0.297862,0.000798,0,0.011184,0.000308,0,0.003195,0.691192,0.585991,0.836408,0.000329,0,0.003147,0.000408,0,0.005492,1e-04,0,0.001006,7e-05,0,0.000769,0.000113,0,0.001274,6e-05,0,0.000664,0.00015,0,0.00144,7.5e-05,0,0.000551,0.000102,0,0.000916,8.6e-05,0,0.000799,0.000176,0,0.001877,0.000233,0,0.002301,0.000108,0,0.001034,0.000328,0,0.004055,0.001324,0,0.012862,0.000317,0,0.003228,0.000382,0,0.004663,0.00013,0,0.00161,0.000291,0,0.00398
"PH_CR_1.sorted.bam","1","CR",0.00692,0,0.026227,0.11537,0.084304,0.146089,0.004676,0,0.024835,0.000982,0,0.007566,0.406887,0.371613,0.442278,0.001532,0,0.010383,0.451586,0.418264,0.497546,0.00169,0,0.010831,0.010357,0,0.035582,0.000189,0,0.001978,0.001643,0,0.020083,0.001771,0,0.021517,0.001061,0,0.017352,0.000787,0,0.012019,0.001093,0,0.013603,0.000154,0,0.001756,0.000258,0,0.002814,0.000277,0,0.003072,8.8e-05,0,0.000953,0.003172,0,0.041551,0.000985,0,0.011832,0.000178,0,0.001429,0.000225,0,0.001858,0.063544,0,0.128154,0.000279,0,0.003579,0.000287,0,0.003552,0.000753,0,0.01098,0.000193,0,0.001857,0.000289,0,0.003019,0.00014,0,0.001387,0.004951,0,0.040827,0.218986,0.153719,0.281148,0.002283,0,0.035355,0.000284,0,0.003422,0.672208,0.571975,0.807672,0.000227,0,0.002123,0.00058,0,0.006634,0.000351,0,0.00407,0.000633,0,0.010363,0.000368,0,0.004759,0.00012,0,0.001061,0.000354,0,0.005918,0.000272,0,0.00353,0.000434,0,0.006091,0.000192,0,0.002281,0.001851,0,0.025237,0.00362,0,0.043452,0.001458,0,0.021843,0.000276,0,0.002953,0.009275,0,0.063825,0.000484,0,0.007544,0.002641,0,0.040622,0.000464,0,0.006339,0.000323,0,0.003657
"PH_CR_2.sorted.bam","2","CR",0.000937,0,0.006881,0.127313,0.088074,0.158226,0.002942,0,0.019714,0.001099,0,0.008101,0.401499,0.367252,0.434271,0.001384,0,0.010955,0.4607,0.427356,0.49986,0.000603,0,0.004648,0.003524,0,0.023686,0.000116,0,0.001386,0.00025,0,0.002266,0.000402,0,0.004027,0.000171,0,0.002156,0.000617,0,0.008529,0.00018,0,0.001845,0.000154,0,0.001579,0.000157,0,0.001855,0.000348,0,0.004189,0.000103,0,0.000958,0.000333,0,0.003432,0.000829,0,0.008137,0.00093,0,0.013341,0.000367,0,0.003855,0.066992,0,0.128798,0.000288,0,0.003735,0.000398,0,0.004369,0.00034,0,0.00437,0.00014,0,0.001636,0.000311,0,0.003252,9.9e-05,0,0.001044,0.000173,0,0.001954,0.250295,0.169705,0.313311,0.002648,0,0.03637,0.000447,0,0.005111,0.66458,0.562094,0.814415,0.000251,0,0.002962,0.000222,0,0.002542,0.000121,0,0.001353,0.000164,0,0.001691,0.000113,0,0.001206,0.000138,0,0.001385,0.000108,0,0.001292,0.000113,0,0.001169,0.000142,0,0.001545,5.9e-05,0,0.000604,0.000151,0,0.001655,0.001113,0,0.015643,0.000357,0,0.004071,0.00024,0,0.002823,0.001553,0,0.023647,0.000728,0,0.010189,0.00242,0,0.034841,0.000189,0,0.002158,0.000149,0,0.001679
"PH_CR_3.sorted.bam","3","CR",0.002724,0,0.016874,0.137503,0.100558,0.169502,0.002126,0,0.016575,0.005021,0,0.020607,0.396705,0.362071,0.430921,0.000902,0,0.007159,0.451892,0.419742,0.498602,0.000797,0,0.005879,0.00233,0,0.01678,0.000373,0,0.00513,0.000318,0,0.003187,0.000311,0,0.00357,0.000152,0,0.001621,0.000836,0,0.007403,0.000157,0,0.001778,0.001575,0,0.017913,0.001415,0,0.021016,0.000364,0,0.005245,0.001208,0,0.01102,0.000546,0,0.007828,0.011659,0,0.100544,0.001721,0,0.024733,0.002135,0,0.026775,0.06781,0,0.134476,0.000153,0,0.001774,0.000344,0,0.002986,0.000221,0,0.002717,0.000155,0,0.00164,0.000181,0,0.001824,7.4e-05,0,0.000802,0.001682,0,0.024852,0.25857,0.161643,0.326076,0.000274,0,0.002997,0.001222,0,0.019275,0.640525,0.545787,0.778039,8e-05,0,0.000951,0.000212,0,0.002141,0.00012,0,0.001179,0.000228,0,0.002683,0.000153,0,0.001766,0.000145,0,0.001674,0.000127,0,0.001213,0.000138,0,0.001612,0.000128,0,0.001141,0.000177,0,0.002308,0.000154,0,0.001569,0.001015,0,0.012453,0.000218,0,0.002517,0.000614,0,0.007355,0.000895,0,0.01185,0.000384,0,0.004851,0.00088,0,0.012441,0.000201,0,0.002507,0.000149,0,0.001564
"PH_CR_4.sorted.bam","4","CR",0.048111,0.012607,0.098169,0.117496,0.086242,0.149682,0.081876,0.035503,0.122605,0.106183,0.080084,0.135678,0.255917,0.224072,0.291527,0.004588,0,0.026144,0.379753,0.332851,0.412208,0.000923,0,0.007624,0.005153,0,0.033603,0.000313,0,0.002998,0.02217,0,0.187008,0.000243,0,0.002984,0.000352,0,0.003426,0.015408,0,0.16905,0.000174,0,0.001368,0.000573,0,0.007637,0.001664,0,0.022617,0.008964,0,0.114288,5.1e-05,0,0.000584,0.000934,0,0.012723,0.000356,0,0.003791,0.013965,0,0.151235,0.157379,0,0.249751,0.000107,0,0.001041,0.000802,0,0.011785,0.002417,0,0.033002,0.000962,0,0.013222,0.000512,0,0.006071,0.003006,0,0.03907,6.8e-05,0,0.000706,0.07047,0,0.15923,0.186559,0,0.290544,0.123343,0,0.241851,0.04271,0,0.243267,0.334282,0.220459,0.535478,0.000341,0,0.003745,7e-05,0,7e-04,0.000161,0,0.001441,0.00036,0,0.004172,0.000113,0,0.001005,0.000155,0,0.001594,0.000524,0,0.005894,0.000102,0,0.001051,0.000125,0,0.001099,5e-05,0,0.000494,0.000133,0,0.001438,0.005571,0,0.062515,0.000298,0,0.003449,0.000307,0,0.003889,0.001174,0,0.015256,0.000898,0,0.012624,0.001537,0,0.025051,0.000207,0,0.001941,9e-05,0,0.00086
"PH_CR_5.sorted.bam","5","CR",0.001692,0,0.011959,0.138048,0.099694,0.172748,0.004225,0,0.028218,0.0014,0,0.010246,0.402068,0.362235,0.438156,0.000637,0,0.004674,0.445412,0.40974,0.499376,0.000794,0,0.005993,0.005724,0,0.027599,0.000175,0,0.001364,0.000917,0,0.01254,0.012157,0,0.054112,0.00011,0,0.001108,0.000414,0,0.005019,0.000168,0,0.00197,0.000132,0,0.001524,0.000376,0,0.004106,0.000165,0,0.001955,0.000154,0,0.001757,0.000468,0,0.006522,0.000599,0,0.00652,0.000541,0,0.006783,0.000935,0,0.014388,0.082583,0,0.151017,0.000125,0,0.001193,0.000224,0,0.002457,0.000179,0,0.001952,0.000105,0,0.001094,0.000124,0,0.000962,5.5e-05,0,0.000632,0.000674,0,0.01025,0.248635,0.175365,0.318131,0.006358,0,0.055053,0.000214,0,0.002723,0.631961,0.525187,0.788288,9.9e-05,0,0.001023,0.000123,0,0.001383,0.000163,0,0.001765,0.000256,0,0.003003,1e-04,0,0.001042,7.2e-05,0,0.000793,0.000138,0,0.00165,7.8e-05,0,0.000794,0.000231,0,0.002524,8.5e-05,0,0.000999,0.000444,0,0.005391,0.000361,0,0.004778,0.000246,0,0.002535,0.000493,0,0.006468,0.004203,0,0.042056,0.00023,0,0.003058,0.002407,0,0.028933,0.000382,0,0.004743,0.001341,0,0.017878
"PH_CR_6.sorted.bam","6","CR",0.002335,0,0.016582,0.115435,0.071743,0.149082,0.006175,0,0.030907,0.018131,0.00104,0.037365,0.419787,0.375733,0.458294,0.002833,0,0.018027,0.418423,0.379884,0.486848,0.002495,0,0.014561,0.014386,0,0.035786,0.000189,0,0.002034,0.000311,0,0.0039,0.000498,0,0.006,0.000227,0,0.002658,0.000614,0,0.006777,0.000282,0,0.003087,0.001376,0,0.021483,0.002089,0,0.03058,0.004032,0,0.039704,0.000585,0,0.009087,0.000298,0,0.003919,0.001978,0,0.028521,0.003606,0,0.043663,0.003414,0,0.04423,0.110639,0,0.186242,0.000398,0,0.00505,0.000768,0,0.012159,0.000536,0,0.007453,0.000496,0,0.006562,0.001241,0,0.017748,0.000108,0,0.001214,0.000264,0,0.003197,0.223071,0.129803,0.29326,0.001567,0,0.02485,0.005595,0,0.049189,0.60445,0.491078,0.797968,0.000319,0,0.004156,0.00055,0,0.005194,0.000134,0,0.001477,0.000314,0,0.003156,0.000289,0,0.004007,0.001456,0,0.020691,0.000411,0,0.004935,0.000297,0,0.004196,0.000147,0,0.001517,0.000604,0,0.00769,0.001284,0,0.017708,0.000728,0,0.00986,0.000914,0,0.013078,0.016633,0,0.058057,0.002898,0,0.035575,0.001396,0,0.02086,0.000331,0,0.003357,0.000732,0,0.010309,0.001928,0,0.021909
"PH_CR_7.sorted.bam","7","CR",0.001981,0,0.014642,0.142053,0.113374,0.171715,0.004749,0,0.023717,0.001844,0,0.011628,0.381817,0.344565,0.41613,0.001858,0,0.012716,0.459533,0.428381,0.499627,0.001743,0,0.011461,0.004422,0,0.021044,9.9e-05,0,0.001031,0.000356,0,0.004514,0.000374,0,0.004368,0.000186,0,0.001346,0.001581,0,0.021307,0.000474,0,0.00651,0.000246,0,0.003021,0.000168,0,0.001487,0.000612,0,0.008729,6.9e-05,0,0.00077,0.001305,0,0.018372,0.001465,0,0.020036,0.001463,0,0.023738,0.000738,0,0.01041,0.060292,0,0.118898,0.000229,0,0.002492,0.000184,0,0.002344,0.001182,0,0.0169,0.000219,0,0.002561,0.000777,0,0.008926,7.7e-05,0,0.000745,0.000578,0,0.005996,0.277321,0.219262,0.334452,0.002007,0,0.028062,0.00046,0,0.005961,0.635759,0.547485,0.753224,0.000154,0,0.001633,0.000166,0,0.001624,0.000142,0,0.001328,0.000356,0,0.004962,0.000691,0,0.010352,0.000286,0,0.003678,0.000921,0,0.01499,0.000124,0,0.001021,0.000368,0,0.004372,7.5e-05,0,0.000763,0.000722,0,0.009683,0.001925,0,0.02531,0.000829,0,0.011998,0.000821,0,0.012118,0.00062,0,0.008082,0.000694,0,0.010338,0.002087,0,0.026601,0.000446,0,0.00591,0.000349,0,0.004675
"PH_CR_8.sorted.bam","8","CR",0.001191,0,0.009607,0.110527,0.068603,0.14566,0.001178,0,0.008402,0.005795,0,0.023988,0.412583,0.372984,0.451382,0.001276,0,0.009762,0.444641,0.409501,0.499404,0.001257,0,0.00945,0.021552,0,0.057457,0.000122,0,0.001515,0.000318,0,0.003915,0.001903,0,0.025616,0.000191,0,0.001839,0.000254,0,0.002959,9.7e-05,0,0.001169,0.000216,0,0.002713,0.000887,0,0.011677,0.000311,0,0.003405,0.000176,0,0.002067,0.000225,0,0.002402,0.003431,0,0.044031,0.000279,0,0.003615,0.000969,0,0.012437,0.094804,0,0.164677,0.000161,0,0.001414,0.000171,0,0.001186,0.000174,0,0.002147,0.000666,0,0.010582,0.000216,0,0.002247,0.000107,0,0.001008,0.000464,0,0.004728,0.211158,0.122439,0.284375,0.000332,0,0.003413,0.007198,0,0.045532,0.629168,0.509168,0.809999,0.000517,0,0.00573,0.000669,0,0.005776,0.00021,0,0.002132,0.000392,0,0.004201,0.000162,0,0.001386,0.000317,0,0.003798,0.000227,0,0.002266,0.000261,0,0.002386,0.00027,0,0.002747,0.000163,0,0.001917,0.000353,0,0.003468,0.000637,0,0.010178,0.00046,0,0.005651,0.000675,0,0.009188,0.001044,0,0.011723,0.000174,0,0.002175,0.038837,0,0.113596,0.000348,0,0.004578,0.000288,0,0.003483
"PH_CR_9.sorted.bam","9","CR",0.006023,0,0.028788,0.124761,0.085689,0.162276,0.004312,0,0.021747,0.006094,0,0.024313,0.434326,0.398242,0.472355,0.004898,0,0.023666,0.412926,0.378016,0.445521,0.002241,0,0.013013,0.004418,0,0.024555,6e-04,0,0.008066,0.003253,0,0.046834,0.032299,0,0.13327,0.000718,0,0.01108,0.000867,0,0.012153,0.00022,0,0.002329,0.001963,0,0.023489,0.000684,0,0.007927,0.002673,0,0.030302,0.000618,0,0.00914,0.000813,0,0.013445,0.023239,0,0.153113,0.001358,0,0.016754,0.001084,0,0.014126,0.08711,0,0.189756,0.000558,0,0.007591,0.001352,0,0.020846,0.001169,0,0.017391,0.002085,0,0.027387,0.000716,0,0.007755,0.000543,0,0.006949,0.002205,0,0.026223,0.151737,0,0.283653,0.000497,0,0.007052,0.001238,0,0.01594,0.666344,0.51468,0.870272,0.00131,0,0.019809,0.000322,0,0.003925,0.000386,0,0.005639,0.000775,0,0.011592,0.000401,0,0.005174,0.000797,0,0.011762,0.000427,0,0.004887,0.000296,0,0.002957,0.000469,0,0.006148,0.000286,0,0.004,0.00095,0,0.010654,0.003017,0,0.038196,0.000502,0,0.005169,0.00043,0,0.004695,0.00045,0,0.006283,0.001223,0,0.016302,0.001407,0,0.02227,0.000361,0,0.004377,0.000247,0,0.002412
"PH_DA_2.sorted.bam","2","DA",0.000723,0,0.005424,0.000306,0,0.002412,0.000507,0,0.003884,0.939667,0.899113,0.980555,0.000341,0,0.002681,0.053557,6.4e-05,0.095817,0.00142,0,0.011023,0.002947,0,0.028542,0.000533,0,0.004148,0.000266,0,0.003571,5.2e-05,0,0.000426,7.3e-05,0,0.000723,0.000141,0,0.001662,4.7e-05,0,0.000497,0.000112,0,0.001169,0.000152,0,0.001104,5.8e-05,0,0.000585,0.000101,0,0.001022,0.938977,0.897946,0.980075,6.4e-05,0,0.000713,4.8e-05,0,0.000482,6.1e-05,0,0.000611,7.6e-05,0,0.000769,4.8e-05,0,0.000477,0.000167,0,0.001829,7e-05,0,0.000636,0.000141,0,0.001463,0.000402,0,0.004925,8.6e-05,0,0.00098,0.052444,0,0.095532,9.2e-05,0,0.000962,6.6e-05,0,0.00072,5.8e-05,0,0.000489,4e-04,0,0.004683,0.000107,0,0.001085,0.001018,0,0.013125,3e-04,0,0.004052,0.000152,0,0.001636,5.2e-05,0,0.000541,0.000116,0,0.001166,8.7e-05,0,0.000876,6e-05,0,0.000622,0.00023,0,0.002406,0.000388,0,0.004563,0.002349,0,0.028146,9.4e-05,0,0.001098,7.2e-05,0,0.000575,0.000125,0,0.001053,0.000104,0,0.001166,8.3e-05,0,0.000685,0.000111,0,0.000852,0.000109,0,0.00116,0.000107,0,0.001153,0.00013,0,0.001692
"PH_DA_5.sorted.bam","5","DA",0.000526,0,0.004055,0.000284,0,0.002101,0.000587,0,0.004757,0.957257,0.916051,0.999048,0.000492,0,0.004074,0.038271,0,0.08113,0.000503,0,0.003989,0.0016,0,0.012488,0.000479,0,0.004053,0.000122,0,0.0013,8.2e-05,0,0.000707,4.3e-05,0,0.000415,6.3e-05,0,0.000514,6e-05,0,0.000627,0.000214,0,0.002608,0.000136,0,0.001426,8e-05,0,0.000901,0.000101,0,0.000982,0.95608,0.914327,0.998927,8.1e-05,0,0.000721,4.5e-05,0,0.000421,4.4e-05,0,0.000433,0.000129,0,0.001261,0.000153,0,0.001949,0.000162,0,0.002401,6.1e-05,0,0.00057,0.00012,0,0.001061,0.001483,0,0.024951,0.000125,0,0.001228,0.036979,0,0.080638,0.00011,0,0.000945,4.7e-05,0,0.000546,0.000122,0,0.001271,7.9e-05,0,0.000794,7.9e-05,0,0.000767,0.000125,0,0.001406,0.000139,0,0.001544,0.000105,0,0.001048,6.5e-05,0,0.000732,0.000161,0,0.001983,0.000262,0,0.001993,0.000129,0,0.001352,0.000288,0,0.00349,8.8e-05,0,0.000881,0.000989,0,0.011801,6.9e-05,0,0.00068,4.4e-05,0,0.000368,7.6e-05,0,0.000758,8.3e-05,0,0.000937,4.5e-05,0,0.000382,0.000221,0,0.002542,7.8e-05,0,0.000762,0.000125,0,0.001449,0.000108,0,0.001252
"PH_DA_6.sorted.bam","6","DA",0.00065,0,0.005394,0.000381,0,0.002927,0.000427,0,0.003515,0.940719,0.898672,0.986973,0.000722,0,0.005779,0.053913,0.001084,0.09696,0.000826,0,0.006344,0.00186,0,0.015586,0.000504,0,0.004095,0.000142,0,0.001564,5.5e-05,0,0.000562,7.1e-05,0,0.000816,6.7e-05,0,0.000684,4.3e-05,0,0.00038,7.4e-05,0,0.000805,0.000124,0,0.001448,9.2e-05,0,0.000842,0.000105,0,0.000888,0.940011,0.897162,0.98657,5.4e-05,0,0.00045,0.000128,0,0.001369,7.6e-05,0,0.000712,0.000112,0,0.00116,0.000283,0,0.003714,0.000345,0,0.002666,6.8e-05,0,0.000636,0.000206,0,0.00195,0.000548,0,0.005616,0.000202,0,0.001963,0.052481,0,0.096342,0.000102,0,0.001073,7.8e-05,0,0.000824,9.9e-05,0,0.001091,0.000108,0,0.000926,9.9e-05,0,0.001002,0.000367,0,0.004319,0.000274,0,0.003796,0.00018,0,0.002107,0.000101,0,0.00109,6.5e-05,0,0.000556,0.000235,0,0.002892,9e-05,0,0.000931,0.000892,0,0.014332,0.000182,0,0.002547,0.000955,0,0.014087,8.9e-05,0,0.000857,5.5e-05,0,0.000681,4.4e-05,0,0.00042,9.2e-05,0,0.00094,0.000117,0,0.001391,0.000236,0,0.002622,6.9e-05,0,0.000661,6.5e-05,0,0.000498,0.00012,0,0.001446
"PH_DA_7.sorted.bam","7","DA",0.000464,0,0.003471,0.000354,0,0.002803,0.00043,0,0.003402,0.931926,0.891555,0.973334,0.000479,0,0.003584,0.06509,0.024412,0.105297,0.000457,0,0.003398,0.000366,0,0.002821,0.000434,0,0.003476,8.2e-05,0,0.000728,6.8e-05,0,0.000547,7.4e-05,0,0.000793,0.000107,0,0.001106,6.8e-05,0,0.000737,0.000114,0,0.001209,9.4e-05,0,0.001077,6.2e-05,0,0.000609,8.3e-05,0,0.000758,0.931532,0.891053,0.973084,9e-05,0,0.001019,6.4e-05,0,0.000573,6.8e-05,0,0.000735,9.8e-05,0,0.001024,0.000148,0,0.001971,0.000151,0,0.001626,8.8e-05,0,0.000732,0.000141,0,0.001157,0.000189,0,0.002108,0.000104,0,0.001144,0.064583,0.023994,0.104773,9.7e-05,0,0.001024,7.2e-05,0,0.000676,6.1e-05,0,0.000647,0.000115,0,0.001365,8.6e-05,0,0.000898,0.000113,0,0.001212,0.000118,0,0.001476,8.9e-05,0,0.000987,6.9e-05,0,0.00064,5.1e-05,0,0.000557,5.2e-05,0,0.000602,6.5e-05,0,0.000684,0.00011,0,0.001211,7.9e-05,0,0.000744,7.2e-05,0,0.000683,6.9e-05,0,0.000776,6.8e-05,0,0.000581,5.3e-05,0,0.000488,9.5e-05,0,0.001017,8.7e-05,0,0.000856,0.000118,0,0.001032,5.6e-05,0,0.000561,7.2e-05,0,0.00076,0.000125,0,0.001456
"PH_DA_8.sorted.bam","8","DA",0.002896,0,0.021995,0.000502,0,0.004041,0.000714,0,0.006265,0.800265,0.756062,0.844806,0.000409,0,0.003355,0.073652,0.021295,0.12682,0.000703,0,0.005561,0.116958,0.0869,0.151984,0.003902,0,0.02804,0.000238,0,0.002592,0.000107,0,0.000853,5.8e-05,0,0.00063,8.9e-05,0,0.000902,6.8e-05,0,0.000829,0.000121,0,0.001313,0.000504,0,0.006577,0.000102,0,0.000942,0.000145,0,0.001484,0.685226,0.612994,0.760762,4.8e-05,0,0.000339,4.1e-05,0,0.00041,4.4e-05,0,0.000361,7.2e-05,0,0.000697,6.5e-05,0,0.000689,0.00306,0,0.039802,0.000178,0,0.001561,0.000285,0,0.001985,0.059547,0,0.185839,0.000129,0,0.001312,0.029196,0,0.120397,0.000106,0,0.000993,9.8e-05,0,0.000921,8.2e-05,0,0.000614,0.000115,0,0.001227,9.1e-05,0,0.000922,0.000205,0,0.001865,0.000102,0,0.000978,0.00117,0,0.016916,0.000126,0,0.001375,0.000251,0,0.002342,0.169261,0.07305,0.256,0.000173,0,0.002058,0.020229,0,0.111027,0.00026,0,0.003292,0.02091,0,0.089952,0.000232,0,0.002671,0.000166,0,0.002086,0.000222,0,0.002742,0.00033,0,0.004313,9e-05,0,0.000883,0.005279,0,0.054087,0.000243,0,0.00259,0.000626,0,0.009216,0.000308,0,0.003154
"PH_FC_10.sorted.bam","10","FC",0.001868,0,0.014424,0.532744,0.476536,0.666878,0.103977,0.064229,0.19559,0.002827,0,0.01484,0.002417,0,0.01958,0.002427,0,0.015726,0.350198,0.116225,0.408137,0.001919,0,0.012311,0.001622,0,0.010745,0.000323,0,0.002766,0.000205,0,0.002589,0.224127,0.148087,0.422911,0.000543,0,0.005682,0.059927,0,0.364206,0.001942,0,0.029928,0.000521,0,0.007314,0.00059,0,0.008771,0.001179,0,0.015773,0.000151,0,0.001817,0.000319,0,0.003067,0.00039,0,0.005009,0.000272,0,0.003151,0.00035,0,0.004317,0.000219,0,0.00245,6e-04,0,0.00604,0.001242,0,0.017599,0.000469,0,0.006081,0.000655,0,0.009367,0.00025,0,0.003024,0.000368,0,0.005106,0.000534,0,0.004608,0.553914,0.188444,0.68108,0.140571,0,0.23743,0.001022,0,0.013887,0.002216,0,0.036534,0.000213,0,0.002461,0.000419,0,0.004167,0.000252,0,0.003471,0.000419,0,0.005484,0.000861,0,0.010585,0.000598,0,0.009368,0.000376,0,0.005393,0.000336,0,0.004908,0.000364,0,0.003469,0.000199,0,0.002274,0.000118,0,0.001067,0.000547,0,0.006908,0.000249,0,0.00359,0.000437,0,0.006529,0.000224,0,0.002246,0.000355,0,0.004815,0.000724,0,0.009931,0.000236,0,0.00239,0.000176,0,0.002165
"PH_FC_11.sorted.bam","11","FC",0.005388,0,0.030048,0.426915,0.364257,0.515001,0.106085,0.050374,0.206205,0.046355,0.021768,0.073727,0.003299,0,0.021386,0.036614,1e-06,0.090789,0.339293,0.153485,0.411661,0.027789,1e-06,0.065074,0.008261,0,0.034518,0.000121,0,0.001262,0.004147,0,0.053739,0.024987,0,0.096117,0.000919,0,0.010609,0.071902,0,0.405077,0.000703,0,0.006856,0.000309,0,0.00333,0.080974,0,0.143143,0.006243,0,0.090242,0.000115,0,0.001264,0.000377,0,0.004348,0.00059,0,0.006942,0.000787,0,0.011244,0.000432,0,0.005672,0.000138,0,0.001286,0.002679,0,0.034461,0.056337,0,0.178258,0.008195,0,0.073865,0.001161,0,0.016529,0.000865,0,0.013281,0.000173,0,0.002103,0.000653,0,0.007875,0.557214,0.306322,0.706197,0.107414,0,0.257235,0.001924,0,0.029026,0.000281,0,0.003888,0.001159,0,0.015332,0.000136,0,0.001315,0.000629,0,0.009013,0.02829,0,0.111183,0.013618,0,0.119993,0.001084,0,0.016761,0.002505,0,0.036227,0.001078,0,0.015409,0.005127,0,0.060188,0.000285,0,0.003367,0.00082,0,0.012495,0.004401,0,0.055207,0.001685,0,0.027149,0.000352,0,0.004026,0.000485,0,0.006168,0.00141,0,0.018856,0.004542,0,0.04835,0.002676,0,0.038348,7.5e-05,0,0.000601
"PH_FC_12.sorted.bam","12","FC",0.011522,0,0.074582,0.456896,0.406519,0.499918,0.094439,0.047019,0.225363,0.003,0,0.01657,0.017982,1e-06,0.044057,0.038282,3e-06,0.078914,0.349897,0.175101,0.412618,0.024465,0,0.057081,0.003517,0,0.022787,0.000119,0,0.000895,0.012793,0,0.148895,0.006343,0,0.059028,0.000627,0,0.007605,0.139315,0,0.448328,9.7e-05,0,0.001082,0.00028,0,0.003265,0.001895,0,0.025072,0.000357,0,0.003829,5.1e-05,0,0.000476,0.000526,0,0.006417,0.004703,0,0.056274,0.002433,0,0.031465,0.00084,0,0.011762,8.5e-05,0,0.00084,0.001122,0,0.018071,0.05181,0,0.147587,0.001829,0,0.027285,0.000233,0,0.002425,0.019983,0,0.083071,6.9e-05,0,0.000567,0.006381,0,0.063,0.644529,0.348675,0.769127,0.043315,0,0.177418,0.000277,0,0.003358,0.004295,0,0.052762,0.000105,0,0.000899,5.8e-05,0,0.000479,0.000815,0,0.008763,0.042452,0,0.112456,0.000606,0,0.006934,0.001401,0,0.017987,0.002202,0,0.032905,0.000728,0,0.008291,0.000275,0,0.00286,8.5e-05,0,0.000871,0.000262,0,0.002999,0.003608,0,0.041974,0.000202,0,0.001846,0.000616,0,0.008287,0.000811,0,0.011743,0.000617,0,0.007422,5e-04,0,0.006657,0.00028,0,0.003456,7e-05,0,0.00075
"PH_FC_1.sorted.bam","1","FC",0.001245,0,0.009615,0.533401,0.480729,0.659331,0.10155,0.054513,0.211243,0.001424,0,0.010393,0.031637,0.002941,0.091676,0.005405,0,0.031555,0.322454,0.074253,0.388516,0.001728,0,0.012983,0.001155,0,0.009169,0.00029,0,0.002195,0.000148,0,0.001863,0.258028,0.180862,0.478423,0.000145,0,0.001779,0.051849,0,0.418588,0.022968,0,0.106778,0.000192,0,0.002008,3e-04,0,0.003417,0.000436,0,0.005075,0.000134,0,0.001248,0.000205,0,0.001974,0.004659,0,0.053282,0.001769,0,0.025125,0.000478,0,0.006459,0.000841,0,0.010901,0.000306,0,0.003087,0.001167,0,0.015903,0.001046,0,0.012686,0.000258,0,0.001994,0.005566,0,0.055095,0.00054,0,0.007657,0.000508,0,0.00685,0.492029,0,0.673833,0.10137,0,0.224647,0.000207,0,0.0023,0.04792,0,0.182123,0.00063,0,0.008604,0.00074,0,0.009902,0.000216,0,0.001854,0.00047,0,0.006533,0.000207,0,0.001991,0.000497,0,0.00652,0.00058,0,0.004627,0.000393,0,0.004693,0.000496,0,0.007182,0.000253,0,0.002789,0.00019,0,0.002017,0.000125,0,0.001111,0.000342,0,0.003411,0.000211,0,0.001989,0.000416,0,0.003839,0.000366,0,0.003632,0.000267,0,0.002953,9.2e-05,0,0.000893,0.000151,0,0.001741
"PH_FC_2.sorted.bam","2","FC",0.008376,0,0.034502,0.510766,0.457103,0.624344,0.110145,0.065609,0.197867,0.003151,0,0.019761,0.039075,0.013229,0.089564,0.00586,0,0.033809,0.316847,0.087341,0.377641,0.003454,0,0.019977,0.002326,0,0.014243,0.001352,0,0.018568,0.004414,0,0.061017,0.294511,0.213022,0.597229,0.000931,0,0.013874,0.0057,0,0.093229,0.029891,0,0.193548,0.000605,0,0.008219,0.000825,0,0.011182,0.000527,0,0.006172,0.001367,0,0.016702,0.001023,0,0.015542,0.000462,0,0.005101,0.002309,0,0.036168,0.000321,0,0.003337,0.002534,0,0.035202,0.001429,0,0.022497,0.001042,0,0.016737,0.000458,0,0.004293,0.000279,0,0.003097,0.007577,0,0.064929,0.000188,0,0.001699,0.002003,0,0.028995,0.419568,0,0.553745,0.149579,0,0.251565,0.000398,0,0.004394,0.060292,0,0.177722,0.000172,0,0.001732,0.000523,0,0.007,0.0023,0,0.027022,0.000189,0,0.001776,0.000302,0,0.003495,0.000309,0,0.003735,0.000496,0,0.006885,9.4e-05,0,0.000812,0.000315,0,0.004061,0.001272,0,0.01767,0.001342,0,0.018075,0.000311,0,0.004157,0.000702,0,0.010096,0.000305,0,0.003534,0.000603,0,0.009584,0.000294,0,0.003319,0.000322,0,0.00412,0.000362,0,0.004502,0.000205,0,0.002053
"PH_FC_4.sorted.bam","4","FC",0.003744,0,0.024871,0.544967,0.487671,0.657985,0.086691,0.034824,0.21107,0.002925,0,0.017769,0.019979,0,0.080972,0.011307,0,0.041954,0.318395,0.068442,0.385207,0.008594,0,0.036592,0.003397,0,0.021117,0.000869,0,0.012423,0.000245,0,0.002661,0.257497,0.177874,0.472073,0.000674,0,0.005179,0.060404,0,0.41993,0.00176,0,0.026859,0.000121,0,0.00146,0.000986,0,0.01392,0.000834,0,0.010909,0.000385,0,0.004945,0.001472,0,0.024936,0.000909,0,0.012137,0.000414,0,0.005034,0.000858,0,0.012015,0.006516,0,0.033414,0.001816,0,0.023941,0.002997,0,0.041965,0.005381,0,0.059742,0.000276,0,0.00328,0.001795,0,0.02639,0.003089,0,0.032843,0.000475,0,0.004933,0.507028,0,0.646198,0.101394,0,0.207708,0.000668,0,0.010125,0.019743,0,0.159425,0.000697,0,0.007146,0.001497,0,0.025921,0.000667,0,0.009387,0.001913,0,0.029795,0.000366,0,0.003492,0.00094,0,0.013561,0.000769,0,0.009207,0.002087,0,0.029799,0.002366,0,0.028747,0.003899,0,0.03224,0.000281,0,0.003507,0.000459,0,0.005452,0.000394,0,0.004871,0.000396,0,0.004009,0.000966,0,0.013012,0.001388,0,0.020198,0.001426,0,0.020391,0.000281,0,0.003258,0.000602,0,0.008162
"PH_FC_6.sorted.bam","6","FC",0.025615,0,0.081569,0.402549,0.34519,0.514045,0.116293,0.05946,0.2182,0.038476,0.010663,0.070108,0.015234,0,0.044595,0.018203,0,0.06319,0.367501,0.140047,0.441406,0.011387,0,0.035059,0.004742,0,0.035956,0.000262,0,0.002944,0.01801,0,0.156032,0.030397,0,0.108768,0.000253,0,0.00217,0.080726,0,0.435585,0.000192,0,0.002354,0.000449,0,0.004751,0.058658,0,0.134787,0.000282,0,0.003589,0.000115,0,0.001295,0.003155,0,0.037188,0.001277,0,0.018467,0.000413,0,0.00392,0.004767,0,0.052233,0.000213,0,0.002381,0.004845,0,0.042805,0.007179,0,0.066394,0.010268,0,0.123176,0.001485,0,0.022979,0.010972,0,0.079121,0.000108,0,0.001024,0.022603,0,0.106554,0.570058,0.274128,0.695465,0.138918,0,0.274293,0.000731,0,0.010241,0.001697,0,0.022979,0.000231,0,0.002575,8.2e-05,0,0.000732,0.000965,0,0.014504,0.001616,0,0.021494,0.000924,0,0.010617,0.010122,0,0.062787,0.007311,0,0.055382,0.000852,0,0.011226,0.000309,0,0.003575,0.000188,0,0.002394,0.000427,0,0.003866,0.006783,0,0.068336,0.000419,0,0.003932,0.000229,0,0.002099,0.000449,0,0.004674,0.000359,0,0.003434,0.000291,0,0.003277,3e-04,0,0.002594,0.000113,0,0.001272
"PH_FC_8.sorted.bam","8","FC",0.003886,0,0.026225,0.356656,0.300777,0.434344,0.124603,0.056883,0.259091,0.041742,0.000623,0.079035,0.050867,0.020558,0.11015,0.045595,1e-06,0.094374,0.319377,0.082247,0.403645,0.018272,0,0.046836,0.039001,0.001117,0.085368,0.000157,0,0.001776,0.003129,0,0.024141,0.000289,0,0.002954,0.000728,0,0.008868,0.090958,0,0.517268,0.000256,0,0.002628,0.00034,0,0.004816,0.072451,0,0.15672,0.000192,0,0.001638,4.9e-05,0,0.000464,0.000611,0,0.007344,0.000425,0,0.00467,0.000619,0,0.006934,0.004077,0,0.066699,6e-05,0,0.000681,0.00042,0,0.004893,0.021321,0,0.138006,0.002599,0,0.035976,0.000162,0,0.001418,0.056384,0,0.135697,6.9e-05,0,0.000709,0.001275,0,0.017397,0.461192,0,0.646464,0.146361,0,0.285498,0.001022,0,0.013215,0.025564,0,0.218297,9.1e-05,0,0.000871,8.3e-05,0,0.000759,0.000291,0,0.003469,0.012358,0,0.075868,0.005486,0,0.065858,0.001213,0,0.018176,0.010697,0,0.078078,0.000282,0,0.003606,0.000846,0,0.011924,9.1e-05,0,0.001063,0.000665,0,0.007614,0.0509,0,0.16726,0.001752,0,0.023765,0.003929,0,0.063959,0.003237,0,0.049167,0.009794,0,0.080142,0.002237,0,0.031833,0.005189,0,0.046493,0.000148,0,0.001804
"PH_FC_9.sorted.bam","9","FC",0.001457,0,0.01047,0.561799,0.508722,0.697031,0.090551,0.053716,0.141166,0.002112,0,0.012755,0.008652,0,0.047804,0.001953,0,0.015016,0.328634,0.1352,0.385444,0.001464,0,0.011033,0.003378,0,0.024604,0.000241,0,0.002786,0.000205,0,0.002329,0.290842,0.224749,0.478069,0.000239,0,0.002615,0.028885,0,0.250724,0.01373,0,0.117908,0.000429,0,0.0058,0.000415,0,0.005083,0.000352,0,0.004917,0.000243,0,0.003169,0.000352,0,0.003985,0.00059,0,0.006657,0.000557,0,0.004683,0.000411,0,0.005811,0.001722,0,0.018434,0.000304,0,0.003343,0.000582,0,0.005992,0.001116,0,0.012678,0.000278,0,0.003695,0.000326,0,0.004701,0.000242,0,0.001861,0.000412,0,0.005191,0.510724,0.208307,0.646826,0.121522,0,0.225118,0.001076,0,0.016953,0.010761,0,0.092708,0.000277,0,0.003312,0.005016,0,0.047134,0.000259,0,0.002995,0.000271,0,0.00337,0.000236,0,0.00308,0.000293,0,0.003578,0.000334,0,0.003568,0.000199,0,0.002142,0.000529,0,0.006646,0.000263,0,0.003157,0.000233,0,0.001493,0.00024,0,0.001982,0.000735,0,0.007035,0.000483,0,0.007639,0.00053,0,0.006536,0.000339,0,0.004312,0.001937,0,0.027135,0.000283,0,0.003751,0.000988,0,0.013915
"PH_FV_10.sorted.bam","10","FV",0.008022,0,0.035415,0.006547,0,0.06241,0.549684,0.457737,0.817837,0.073351,0.042492,0.109977,0.000872,0,0.006381,0.16836,0.075514,0.258581,0.185984,0,0.302186,0.003314,0,0.018124,0.003866,0,0.034568,0.002456,0,0.020112,0.000264,0,0.002563,0.00036,0,0.004669,0.000675,0,0.0088,0.000275,0,0.002744,0.180854,0,0.802225,0.000799,0,0.010367,0.000473,0,0.005082,0.09534,0,0.182002,0.004475,0,0.063283,0.000223,0,0.002934,1e-04,0,0.000577,0.000108,0,0.001142,0.000181,0,0.002042,7.9e-05,0,0.000779,0.002991,0,0.04127,0.000846,0,0.012713,0.284395,0,0.50811,0.037216,0,0.191824,0.000175,0,0.001858,0.003375,0,0.046802,0.003707,0,0.053153,0.009878,0,0.124416,0.3552,0,0.601551,0.001115,0,0.012629,0.00034,0,0.003898,0.00037,0,0.004729,0.000292,0,0.002535,0.002003,0,0.026454,0.000304,0,0.003497,0.000885,0,0.013876,0.00154,0,0.022959,0.000198,0,0.001891,0.000146,0,0.001097,0.000484,0,0.00606,0.000262,0,0.002559,0.000471,0,0.006839,0.000233,0,0.002167,0.000782,0,0.011572,0.001087,0,0.015033,0.000262,0,0.003189,0.003832,0,0.065337,0.00029,0,0.002469,0.000544,0,0.007393,0.000115,0,0.001196
"PH_FV_11.sorted.bam","11","FV",0.01042,0,0.078455,0.00094,0,0.006866,0.534848,0.42265,0.800285,0.094701,0.055,0.146842,0.000914,0,0.006943,0.129913,0.044797,0.209073,0.213725,0,0.346405,0.00213,0,0.016205,0.01241,0,0.064301,0.000155,0,0.001791,0.000221,0,0.002177,8.4e-05,0,0.000947,0.000347,0,0.00296,0.000229,0,0.001816,0.234342,0.049786,0.716212,0.000374,0,0.004322,0.000129,0,0.001293,0.07351,0,0.275245,0.01035,0,0.073948,0.000145,0,0.001635,7.1e-05,0,0.000681,0.000142,0,0.001378,0.000121,0,0.001402,7.6e-05,0,0.000736,0.018761,0,0.156195,0.000618,0,0.007301,0.105506,0,0.314917,0.088644,0,0.200359,0.000663,0,0.004587,0.011503,0,0.106867,0.000311,0,0.002778,0.000113,0,0.001299,0.420951,0,0.691384,0.004674,0,0.069839,0.000118,0,0.001261,0.000233,0,0.002794,0.000196,0,0.001349,0.000154,0,0.001686,0.000115,0,0.00129,0.000155,0,0.001674,0.000326,0,0.003813,1e-04,0,0.001063,0.001032,0,0.014243,0.000335,0,0.003868,0.00072,0,0.011183,0.000217,0,0.002108,0.000218,0,0.002895,0.000171,0,0.001932,0.000927,0,0.012857,0.000315,0,0.003924,0.021363,0,0.126672,0.000322,0,0.003876,0.000603,0,0.008352,0.000343,0,0.004036
"PH_FV_12.sorted.bam","12","FV",0.002882,0,0.017889,0.006995,0,0.066623,0.545672,0.437683,0.815291,0.060328,0.027797,0.104193,0.004102,0,0.028172,0.171654,0.087464,0.298447,0.201722,0,0.329233,0.004756,0,0.027996,0.001888,0,0.012202,0.00079,0,0.009808,0.000148,0,0.001433,0.000506,0,0.006783,0.000763,0,0.00941,0.000344,0,0.004155,0.164215,0,0.638416,0.000117,0,0.001092,0.00012,0,0.0013,0.080026,0,0.205478,0.00058,0,0.007437,0.000347,0,0.004502,0.000315,0,0.003675,0.000565,0,0.006975,0.000279,0,0.002033,0.000184,0,0.001909,0.001119,0,0.016315,0.000326,0,0.00336,0.314696,0.13117,0.586385,0.022343,0,0.124195,0.00095,0,0.013348,0.000821,0,0.007532,0.00098,0,0.012752,0.011104,0,0.131336,0.365,0,0.652871,0.01548,0,0.102333,0.004234,0,0.052963,0.00128,0,0.018489,0.000813,0,0.010717,0.000255,0,0.002897,0.000331,0,0.003782,0.001098,0,0.014574,0.000735,0,0.00981,0.000635,0,0.007636,0.00059,0,0.008368,0.003487,0,0.047064,0.000942,0,0.012121,0.000457,0,0.005954,0.000289,0,0.002767,0.000423,0,0.004712,0.000396,0,0.004734,0.000513,0,0.007345,0.000363,0,0.004403,0.000253,0,0.002831,0.000498,0,0.007639,0.000292,0,0.003432
"PH_FV_1.sorted.bam","1","FV",0.002804,0,0.020667,0.001496,0,0.011804,0.55004,0.45794,0.799266,0.042324,0.017288,0.076837,0.00149,0,0.012544,0.194728,0.092051,0.275825,0.186042,0,0.29683,0.019161,0,0.04991,0.001915,0,0.013125,0.000286,0,0.003601,0.000264,0,0.002485,9.8e-05,0,0.000938,0.000208,0,0.001977,0.000311,0,0.002424,0.197118,0.025302,0.767197,0.00158,0,0.022942,0.000533,0,0.006417,0.007924,0,0.105632,0.014972,0,0.052925,0.000197,0,0.00205,9.3e-05,0,0.001019,0.000198,0,0.0021,0.000292,0,0.002082,0.000347,0,0.005056,0.001276,0,0.019488,0.000255,0,0.002248,0.342544,0,0.54267,0.027421,0,0.145359,0.000523,0,0.006731,0.001473,0,0.022206,0.000573,0,0.005979,0.000377,0,0.004282,0.347378,0,0.575805,0.009909,0,0.077196,0.000698,0,0.004336,0.001622,0,0.024659,0.000247,0,0.001738,0.00072,0,0.010108,0.00077,0,0.010881,0.007042,0,0.078054,0.006424,0,0.068613,0.000193,0,0.001998,0.011415,0,0.076231,0.010694,0,0.073185,0.000328,0,0.003893,0.00022,0,0.002393,0.000193,0,0.001951,0.000239,0,0.002322,0.000622,0,0.00736,9.2e-05,0,0.001123,0.001453,0,0.012658,0.000339,0,0.004423,0.000406,0,0.005198,0.000133,0,0.001257
"PH_FV_2.sorted.bam","2","FV",0.002903,0,0.021662,0.00274,0,0.021594,0.496572,0.382127,0.759047,0.094185,0.060401,0.137981,0.008863,0,0.0435,0.181559,0.064019,0.313837,0.210775,0.03934,0.329485,0.001322,0,0.010009,0.001082,0,0.008132,0.000397,0,0.004572,0.000197,0,0.001888,0.000164,0,0.001768,0.000723,0,0.010652,0.000256,0,0.002825,0.202832,0.015257,0.74601,0.000832,0,0.010946,0.000498,0,0.005754,0.003983,0,0.053868,0.000907,0,0.012921,0.000467,0,0.005248,0.000214,0,0.002638,0.000445,0,0.005055,0.001061,0,0.015762,0.000129,0,0.001417,0.001612,0,0.025186,0.000687,0,0.010124,0.342412,0,0.626377,0.015247,0,0.174562,0.001349,0,0.019164,0.000487,0,0.004879,0.000797,0,0.009408,0.002655,0,0.041529,0.238904,0,0.510009,0.164432,0.074708,0.247671,0.013161,0,0.085366,0.000424,0,0.005421,0.000294,0,0.002623,0.000279,0,0.003119,0.000404,0,0.004563,0.000329,0,0.004521,0.000221,0,0.002774,0.000524,0,0.006599,0.00022,0,0.002032,0.000258,0,0.002196,0.000126,0,0.001334,0.000105,0,0.001132,0.00024,0,0.002549,0.000427,0,0.003903,0.000281,0,0.003243,0.000248,0,0.003099,0.000193,0,0.001405,0.00033,0,0.003713,0.000157,0,0.001986,9.3e-05,0,0.000913
"PH_FV_4.sorted.bam","4","FV",0.004983,0,0.030203,0.001721,0,0.013206,0.515607,0.407387,0.778861,0.095548,0.060246,0.13614,0.00638,0,0.036527,0.183269,0.095423,0.297238,0.185254,0,0.305965,0.004364,0,0.030796,0.002872,0,0.018416,0.000564,0,0.007315,0.000266,0,0.002593,0.000502,0,0.006729,0.00168,0,0.021479,0.000712,0,0.008137,0.177184,0,0.612822,0.001748,0,0.019638,0.000203,0,0.001568,0.044098,0,0.25308,0.036898,0,0.123702,0.000496,0,0.006734,0.000278,0,0.003728,0.000496,0,0.007371,0.00185,0,0.024652,0.000842,0,0.012857,0.002484,0,0.035238,0.000207,0,0.002232,0.349813,0.165768,0.590197,0.000875,0,0.010181,0.001003,0,0.014144,0.005462,0,0.060194,0.001406,0,0.021412,0.000149,0,0.001602,0.27942,0,0.569121,0.067384,0,0.192926,0.006103,0,0.06891,0.000389,0,0.004388,0.007131,0,0.065577,0.000423,0,0.004987,0.000238,0,0.001748,0.000419,0,0.004692,0.000379,0,0.003952,0.000222,0,0.002019,0.000311,0,0.004196,0.000546,0,0.006736,0.002897,0,0.030019,0.000337,0,0.004245,0.000387,0,0.003806,0.000208,0,0.002463,0.000765,0,0.010587,0.000628,0,0.00845,0.000533,0,0.006538,0.000848,0,0.011467,0.000396,0,0.004728,0.000822,0,0.012033
"PH_FV_5.sorted.bam","5","FV",0.001489,0,0.01122,0.007832,0,0.055857,0.544183,0.446965,0.806735,0.07248,0.043106,0.111742,0.002892,0,0.029613,0.192745,0.091799,0.327983,0.175389,3e-06,0.302306,0.001367,0,0.00954,0.001622,0,0.011812,0.000185,0,0.002047,0.000252,0,0.002804,0.002386,0,0.020862,0.000319,0,0.003171,0.000455,0,0.006172,0.252082,0.066354,0.805015,0.000341,0,0.003346,0.000168,0,0.001445,0.002548,0,0.03916,0.002405,0,0.033816,7.6e-05,0,0.000783,0.000186,0,0.001552,0.000284,0,0.003541,0.000252,0,0.002547,0.000184,0,0.001596,0.000504,0,0.006293,0.000485,0,0.007178,0.246631,0,0.552032,0.135522,0.057894,0.220915,0.000194,0,0.00198,0.000461,0,0.006132,0.000619,0,0.006462,0.008805,0,0.111239,0.333254,0,0.600538,0.000647,0,0.006257,0.004058,0,0.057448,0.000436,0,0.005263,0.000799,0,0.013174,0.00029,0,0.003376,0.000209,0,0.002997,0.000307,0,0.003966,0.000424,0,0.00504,0.000185,0,0.002499,0.000447,0,0.005403,0.000399,0,0.005236,0.000111,0,0.001284,0.000208,0,0.002514,0.000332,0,0.003762,0.000404,0,0.005465,0.000249,0,0.002751,0.000182,0,0.001776,0.000349,0,0.004754,0.000963,0,0.012377,0.000253,0,0.002002,0.000152,0,0.001507
"PH_FV_6.sorted.bam","6","FV",0.004598,0,0.034614,0.0015,0,0.01171,0.519098,0.411662,0.786789,0.088514,0.055669,0.130111,0.001701,0,0.01267,0.185533,0.099839,0.286328,0.193837,0,0.317453,0.001944,0,0.013541,0.003275,0,0.024915,0.000439,0,0.005722,0.000155,0,0.001849,0.000244,0,0.003231,0.001559,0,0.020491,0.000926,0,0.010772,0.220039,0,0.785279,0.001138,0,0.017985,0.000455,0,0.005854,0.005638,0,0.079994,0.005468,0,0.047285,0.000202,0,0.002085,0.00011,0,0.001084,0.000627,0,0.007843,0.000439,0,0.005444,0.000256,0,0.00324,0.00447,0,0.0596,0.000263,0,0.002496,0.204322,0,0.461831,0.156757,0.063846,0.256434,0.000508,0,0.003331,0.001807,0,0.023524,0.000345,0,0.003565,0.000196,0,0.001754,0.383812,0,0.632071,0.000731,0,0.008921,0.000525,0,0.006075,0.000194,0,0.002567,0.000519,0,0.007207,0.000309,0,0.004174,0.000133,0,0.000939,0.000747,0,0.01033,0.000778,0,0.009548,0.000217,0,0.002394,0.000385,0,0.003779,0.000451,0,0.005716,0.000244,0,0.002499,0.00014,0,0.001523,0.000272,0,0.002672,0.000488,0,0.007451,0.000155,0,0.001629,0.000261,0,0.00306,0.00055,0,0.005916,0.000382,0,0.004465,0.000381,0,0.00457,0.001961,0,0.023471
"PH_FV_7.sorted.bam","7","FV",0.003096,0,0.02492,0.002548,0,0.028182,0.545208,0.4442,0.817319,0.074771,0.045047,0.11441,0.001327,0,0.008933,0.158961,0.083706,0.249939,0.210726,1e-06,0.316312,0.00251,0,0.019953,0.000854,0,0.006666,0.000193,0,0.00209,0.000322,0,0.003112,0.000297,0,0.003418,0.000474,0,0.004523,0.000228,0,0.002089,0.242322,0.042739,0.812447,0.001209,0,0.01425,0.000253,0,0.00324,0.01057,0,0.121061,0.002302,0,0.036104,0.000289,0,0.00374,0.00012,0,0.001265,0.000188,0,0.002433,0.000659,0,0.009922,0.000157,0,0.001703,0.002737,0,0.034494,0.003011,0,0.053323,0.175579,0,0.362803,0.130442,0.038219,0.222264,0.000272,0,0.002758,0.002017,0,0.026504,0.000497,0,0.005887,0.000257,0,0.002838,0.418089,0,0.627631,0.000585,0,0.006929,0.000412,0,0.005491,0.000388,0,0.004798,0.000342,0,0.004204,0.000157,0,0.001309,0.000231,0,0.002109,0.000348,0,0.002442,0.000984,0,0.014733,0.000231,0,0.002921,0.001219,0,0.018743,0.000305,0,0.004013,0.000723,0,0.008963,0.000121,0,0.001206,7.9e-05,0,0.000796,0.000295,0,0.003221,0.000234,0,0.002482,0.000167,0,0.001484,0.00024,0,0.002964,0.000235,0,0.002847,9.9e-05,0,0.000831,0.000119,0,0.001264
"PH_FV_8.sorted.bam","8","FV",0.003159,0,0.02344,0.016747,0,0.076263,0.503103,0.385683,0.79218,0.076825,0.043972,0.114816,0.000998,0,0.007676,0.206579,0.097366,0.347166,0.184494,0,0.316887,0.003457,0,0.024236,0.004638,0,0.035159,0.000691,0,0.010256,0.000315,0,0.003499,0.000467,0,0.006907,0.000578,0,0.008673,0.000608,0,0.007065,0.195509,0,0.788987,2e-04,0,0.001964,0.003483,0,0.046013,0.00682,0,0.072466,0.003911,0,0.049326,0.000195,0,0.002028,0.000152,0,0.001481,0.000159,0,0.001833,0.000382,0,0.005088,5.9e-05,0,0.000578,0.001404,0,0.019032,0.000691,0,0.008278,0.315903,0,0.672254,0.088194,0,0.221083,0.000338,0,0.004078,0.000618,0,0.008381,0.001509,0,0.024839,0.026545,0,0.151257,0.290337,0,0.628814,0.042691,0,0.191532,0.000427,0,0.003649,7e-04,0,0.007118,0.003003,0,0.042838,0.000372,0,0.004773,0.000185,0,0.002164,0.000371,0,0.003765,0.002556,0,0.032853,0.000104,0,0.000951,0.000581,0,0.007779,0.000331,0,0.003548,0.001092,0,0.014272,0.000365,0,0.004358,0.000583,0,0.008505,0.000412,0,0.00578,0.001503,0,0.019478,0.00012,0,0.000983,0.004112,0,0.067872,0.000442,0,0.004363,0.000229,0,0.002041,0.000755,0,0.009954
"PH_FV_9.sorted.bam","9","FV",0.001713,0,0.013667,0.000929,0,0.006673,0.547441,0.450194,0.80171,0.047216,0.020211,0.080952,0.015838,0,0.048606,0.202302,0.114853,0.309066,0.176288,0,0.292158,0.005822,0,0.031835,0.00245,0,0.018301,0.000154,0,0.001437,0.000146,0,0.001919,0.000219,0,0.00243,0.000309,0,0.002532,0.000159,0,0.00172,0.206302,0.034888,0.667501,0.000553,0,0.007273,0.000158,0,0.001573,0.014463,0,0.151348,0.002125,0,0.032523,0.000103,0,0.001218,7.2e-05,0,0.000728,0.000183,0,0.002238,0.000388,0,0.004149,0.010809,0,0.031896,0.00059,0,0.007245,0.000385,0,0.002404,0.337431,0.165582,0.610977,0.060681,0,0.132209,0.000181,0,0.001928,0.000887,0,0.011458,0.000535,0,0.007734,0.000166,0,0.001842,0.328225,0,0.582149,0.010963,0,0.104329,0.008149,0,0.094743,0.000354,0,0.00331,0.000251,0,0.002611,0.000726,0,0.009047,0.000221,0,0.002486,0.001143,0,0.016296,0.001596,0,0.022802,0.00045,0,0.00382,0.002248,0,0.035114,0.00343,0,0.049981,0.000763,0,0.009495,0.000157,0,0.001801,0.000113,0,0.001206,0.000364,0,0.004046,0.001379,0,0.019317,0.00053,0,0.006374,0.000959,0,0.01277,0.000252,0,0.002871,0.000304,0,0.00395,0.000421,0,0.005814
"PH_GB_10.sorted.bam","10","GB",0.098104,0.060632,0.14844,0.002061,0,0.015541,0.079384,0.015437,0.154112,0.35113,0.30726,0.395248,0.093218,0.058478,0.130225,0.088393,0.039904,0.129494,0.275082,0.167784,0.34862,0.006914,0,0.037544,0.005714,0,0.032956,0.003568,0,0.045822,0.000266,0,0.002336,0.00015,0,0.001497,0.000202,0,0.002589,0.000239,0,0.002324,0.000514,0,0.00446,0.006242,0,0.086763,0.00193,0,0.026292,0.064038,0,0.305851,0.223196,0.159301,0.287884,0.000259,0,0.002355,0.000163,0,0.001724,0.000173,0,0.001912,0.001532,0,0.022602,0.023266,0,0.102334,0.168525,0.067144,0.254233,0.000272,0,0.003123,0.000512,0,0.006333,0.000486,0,0.005122,0.000911,0,0.01344,0.00181,0,0.026521,0.011417,0,0.124877,0.000353,0,0.003113,0.090894,0,0.220072,0.179868,0,0.340371,0.13576,0,0.242465,0.000677,0,0.007933,0.063554,0,0.158895,0.000874,0,0.01045,0.000273,0,0.003624,0.00127,0,0.019382,0.00032,0,0.002998,0.000584,0,0.007405,0.000471,0,0.006373,0.001372,0,0.01896,0.003954,0,0.035172,0.001286,0,0.01706,0.000327,0,0.003596,0.000412,0,0.003797,0.001451,0,0.021535,0.000522,0,0.007013,0.001313,0,0.018087,0.002716,0,0.040418,0.000756,0,0.01077,0.001322,0,0.017558
"PH_GB_11.sorted.bam","11","GB",0.128488,0.082681,0.208247,0.00108,0,0.008651,0.06756,0.008339,0.112515,0.342433,0.303792,0.380197,0.093837,0.061914,0.127191,0.095783,0.049036,0.139169,0.264737,0.192857,0.320959,0.002901,0,0.021435,0.003183,0,0.022068,0.001193,0,0.017866,0.000262,0,0.00279,0.000131,0,0.001234,0.000236,0,0.002251,0.000133,0,0.001269,0.015821,0,0.091853,0.041377,0,0.227432,0.000384,0,0.004485,0.002982,0,0.041478,0.215637,0.142314,0.276359,0.000597,0,0.007895,0.000178,0,0.001776,0.000399,0,0.002597,0.003787,0,0.045353,0.008807,0,0.055097,0.185541,0.087097,0.275011,0.000189,0,0.001831,0.000484,0,0.006056,0.000639,0,0.009277,0.000903,0,0.011286,0.000594,0,0.006769,0.025906,0,0.145902,0.000325,0,0.003677,0.098655,0,0.214117,0.20338,0.083424,0.296502,0.163599,0.07584,0.245119,0.000662,0,0.007536,0.017757,0,0.099199,4e-04,0,0.00426,0.00029,0,0.002831,0.000346,0,0.004221,0.000413,0,0.005809,0.000403,0,0.003964,0.00054,0,0.007539,0.000773,0,0.009916,0.001097,0,0.016984,0.000271,0,0.002566,0.000138,0,0.001519,0.000245,0,0.002049,0.00063,0,0.008581,0.000195,0,0.002167,0.001419,0,0.019394,0.000661,0,0.008113,0.000441,0,0.006101,0.001183,0,0.015698
"PH_GB_12.sorted.bam","12","GB",0.109685,0.051757,0.215927,0.001546,0,0.011985,0.05551,0.005567,0.10297,0.320748,0.277719,0.362274,0.116897,0.07906,0.153832,0.050051,0.000156,0.088797,0.338055,0.244376,0.406953,0.00155,0,0.01158,0.005959,0,0.038009,0.00034,0,0.003727,0.00011,0,0.000804,0.000198,0,0.001709,0.000294,0,0.003333,0.000278,0,0.003481,0.001958,0,0.03752,0.001264,0,0.014885,0.000843,0,0.008608,0.00263,0,0.036749,0.209076,0.141951,0.272604,0.000855,0,0.008658,0.000193,0,0.001876,0.000209,0,0.00172,0.097262,0,0.26336,0.002865,0,0.036076,0.00054,0,0.007771,0.000209,0,0.002525,0.068545,0,0.154279,0.003828,0,0.064705,0.003439,0,0.053765,0.009634,0,0.070869,0.214487,0.095073,0.429448,0.00065,0,0.009039,0.034269,0,0.200391,0.116734,0,0.283688,0.124782,0,0.280135,0.002715,0,0.037403,0.088663,0,0.1864,0.000223,0,0.002261,0.000251,0,0.002384,0.000254,0,0.00265,0.000275,0,0.00349,0.000368,0,0.005036,0.000447,0,0.004816,0.000468,0,0.00513,0.000268,0,0.003184,0.000919,0,0.013731,0.000163,0,0.001433,0.000624,0,0.008504,0.000508,0,0.005862,0.000956,0,0.011913,0.001112,0,0.017093,0.004677,0,0.067409,0.000277,0,0.003538,0.001342,0,0.018829
"PH_GB_1.sorted.bam","1","GB",0.108272,0.0629,0.182573,0.005231,0,0.02716,0.05675,0.011111,0.098736,0.344335,0.305717,0.384498,0.102163,0.069426,0.133325,0.07535,0.031094,0.134771,0.303854,0.227276,0.361524,0.002041,0,0.013679,0.002004,0,0.01463,0.003595,0,0.053729,0.000418,0,0.004496,0.001504,0,0.020891,0.012649,0,0.166672,0.001377,0,0.023795,0.001485,0,0.02013,0.046199,0,0.288577,0.000467,0,0.005462,0.00063,0,0.008054,0.181334,0.114681,0.240385,0.000453,0,0.005671,0.000455,0,0.00611,0.000237,0,0.002466,0.000417,0,0.004494,0.001775,0,0.027992,0.046407,0,0.229041,0.002205,0,0.031913,0.091576,0,0.17244,0.002937,0,0.036112,0.000447,0,0.006603,0.003018,0,0.036482,0.102512,0,0.235431,0.001516,0,0.020749,0.002785,0,0.042275,0.27451,0.132876,0.37146,0.197928,0.129091,0.262763,0.000314,0,0.003201,0.013679,0,0.100955,0.000409,0,0.005617,0.000634,0,0.009433,0.000344,0,0.002541,0.000608,0,0.00853,0.00053,0,0.008084,0.000161,0,0.001699,0.000371,0,0.004563,0.00041,0,0.005023,0.000308,0,0.003597,0.000382,0,0.004839,0.000932,0,0.0082,0.000235,0,0.002354,0.000309,0,0.003129,0.000619,0,0.00755,0.000415,0,0.00528,0.000204,0,0.00205,0.000302,0,0.003122
"PH_GB_5.sorted.bam","5","GB",0.110118,0.059176,0.20895,0.006205,0,0.038734,0.0524,0.000268,0.112083,0.349349,0.305946,0.39424,0.106813,0.075595,0.136632,0.066906,0.010211,0.108885,0.298182,0.216441,0.356297,0.002874,0,0.01806,0.007153,0,0.042155,0.000129,0,0.001248,0.000435,0,0.005061,0.000111,0,0.001211,0.000424,0,0.003978,0.000255,0,0.003451,0.000157,0,0.001487,0.002818,0,0.040829,0.002055,0,0.030005,0.031647,0,0.214911,0.219824,0.150377,0.298749,0.000792,0,0.010403,0.000432,0,0.004009,0.000337,0,0.002433,0.027914,0,0.147775,0.002915,0,0.03322,0.110858,0,0.209345,0.002127,0,0.032397,0.001316,0,0.019331,0.004639,0,0.093272,0.000901,0,0.010423,0.000379,0,0.004181,0.103739,0,0.375748,0.006381,0,0.072597,0.06965,0,0.174648,0.188759,0,0.344996,0.175365,0.059884,0.256656,0.004245,0,0.070803,0.02265,0,0.093359,0.000326,0,0.003343,0.000326,0,0.003523,0.000489,0,0.005723,0.000574,0,0.007255,0.001315,0,0.019583,0.000203,0,0.00197,0.000685,0,0.010009,0.000726,0,0.009643,0.000587,0,0.007732,0.000175,0,0.001896,0.000365,0,0.004681,0.000644,0,0.006346,0.000741,0,0.009063,0.008764,0,0.081556,0.00224,0,0.034804,0.000378,0,0.004252,0.000206,0,0.002173
"PH_GB_6.sorted.bam","6","GB",0.120421,0.076152,0.179132,0.00841,0,0.040826,0.052202,0,0.106213,0.295341,0.254154,0.337616,0.122485,0.078855,0.157673,0.110239,0.070603,0.158413,0.275294,0.221094,0.328174,0.009512,0,0.042068,0.006095,0,0.034375,0.013675,0,0.130145,0.000251,0,0.00208,0.003272,0,0.030868,0.012828,0,0.145982,0.000873,0,0.012631,0.000541,0,0.006725,0.000837,0,0.01019,0.000795,0,0.011063,0.00085,0,0.012459,0.160441,0.106252,0.220243,0.00686,0,0.090691,0.003477,0,0.039865,0.001938,0,0.029741,0.000806,0,0.011567,0.027759,0,0.079279,0.185531,0,0.312455,0.000399,0,0.004205,0.000391,0,0.004925,0.010307,0,0.139817,0.001193,0,0.016734,0.000504,0,0.006249,0.005798,0,0.075651,0.003527,0,0.051807,0.084533,0,0.206646,0.255144,0.149692,0.341781,0.173914,0.053415,0.27019,0.020467,0,0.204049,0.001735,0,0.026093,0.001,0,0.013012,0.000672,0,0.008602,0.001691,0,0.02295,0.000707,0,0.010011,0.000766,0,0.010839,0.000573,0,0.007208,0.000536,0,0.007474,0.006033,0,0.040379,0.000389,0,0.005338,0.000283,0,0.002547,0.00022,0,0.001895,0.000353,0,0.004984,5e-04,0,0.005856,0.00061,0,0.007381,0.003199,0,0.041952,0.001011,0,0.013802,0.002813,0,0.02682
"PH_GB_8.sorted.bam","8","GB",0.047462,2e-06,0.114669,0.05948,0.024305,0.098177,0.126965,0.083218,0.171375,0.257406,0.218032,0.296728,0.088338,0.059929,0.117368,0.088234,0.049379,0.131813,0.270712,0.156516,0.337068,0.00139,0,0.010258,0.060013,0.029866,0.094303,0.000136,0,0.001261,0.000744,0,0.004519,8.2e-05,0,0.000927,0.035665,0,0.212161,0.001126,0,0.011747,0.000152,0,0.001235,0.00645,0,0.080745,0.103272,0,0.191581,0.002269,0,0.030476,0.000195,0,0.00215,0.001224,0,0.015851,0.000173,0,0.001423,0.000616,0,0.006161,0.010004,0,0.091149,6.2e-05,0,0.000642,0.000854,0,0.012682,0.0109,0,0.100567,0.001133,0,0.012004,0.000511,0,0.00441,0.161965,0.094902,0.225487,9.3e-05,0,0.000682,0.048941,0,0.158169,0.001911,0,0.031326,0.184679,0,0.321773,0.302387,0.187238,0.417109,0.001725,0,0.024657,0.000157,0,0.001779,0.000127,0,0.001492,0.000422,0,0.005189,4e-04,0,0.006145,0.000196,0,0.002033,0.000281,0,0.002138,0.000595,0,0.008077,0.000183,0,0.002066,0.000305,0,0.003275,9.4e-05,0,0.001047,0.000352,0,0.004349,0.000269,0,0.002162,0.027943,0,0.173921,0.089248,0,0.176186,0.000251,0,0.002368,0.000579,0,0.007787,0.001065,0,0.013773,0.000209,0,0.002143,5.6e-05,0,0.000375
"PH_GB_9.sorted.bam","9","GB",0.118494,0.067329,0.230527,0.006002,0,0.032521,0.03857,0,0.117919,0.342673,0.297354,0.384832,0.099506,0.064849,0.131058,0.099826,0.050269,0.176887,0.280685,0.203603,0.348773,0.010307,0,0.040276,0.003936,0,0.025541,0.000518,0,0.006629,0.000395,0,0.004377,0.000863,0,0.012387,0.001263,0,0.016264,0.002171,0,0.030735,0.002426,0,0.031707,0.084395,0,0.42806,0.003727,0,0.0518,0.046647,0,0.221538,0.158235,0.077998,0.240945,0.000708,0,0.009713,0.000696,0,0.009183,0.001043,0,0.017266,0.000893,0,0.011229,0.001596,0,0.021427,0.146003,0,0.245696,0.000771,0,0.010661,0.001678,0,0.02066,0.016674,0,0.180511,0.001327,0,0.010578,0.002861,0,0.042473,0.001818,0,0.026194,0.001085,0,0.013939,0.01714,0,0.11145,0.210946,0,0.430255,0.189544,0.113099,0.252831,0.024418,0,0.172174,0.056056,0,0.176541,0.001076,0,0.014177,0.000856,0,0.01149,0.001982,0,0.027302,0.003968,0,0.049664,0.000292,0,0.00276,0.00222,0,0.03606,0.001916,0,0.029653,0.004079,0,0.036527,0.000294,0,0.003787,0.000576,0,0.006874,0.000367,0,0.004232,0.001627,0,0.025733,0.001317,0,0.019607,0.00084,0,0.012312,0.00239,0,0.035941,0.000144,0,0.001624,0.000158,0,0.001993
"PH_KC_10.sorted.bam","10","KC",0.000845,0,0.005815,0.002293,0,0.013625,0.0013,0,0.009206,0.001106,0,0.008905,0.782738,0.750067,0.820411,0.000762,0,0.005543,0.208231,0.169501,0.237783,0.000873,0,0.006492,0.001853,0,0.01253,0.000113,0,0.001444,0.000254,0,0.003467,0.000434,0,0.005914,0.000233,0,0.002862,0.00049,0,0.006487,0.00019,0,0.002025,0.000221,0,0.002575,0.000394,0,0.00476,0.000251,0,0.002495,0.000269,0,0.003704,0.00022,0,0.002366,0.000951,0,0.013455,0.000293,0,0.003827,0.000251,0,0.002421,0.574294,0.514333,0.649587,0.00011,0,0.001188,0.000202,0,0.001963,0.000295,0,0.0036,9.7e-05,0,0.000931,0.000117,0,0.001225,0.000157,0,0.002019,0.000193,0,0.002703,0.000737,0,0.010226,0.000187,0,0.001794,0.000157,0,0.001746,0.414512,0.334738,0.473964,8.1e-05,0,0.000773,0.000123,0,0.001144,0.000143,0,0.001386,0.000459,0,0.006184,0.000163,0,0.001905,0.000149,0,0.001673,0.000258,0,0.002513,0.00014,0,0.001619,0.000186,0,0.001919,7.1e-05,0,0.000785,9.1e-05,0,0.000786,0.000233,0,0.002846,0.000308,0,0.004179,0.000155,0,0.001741,0.000287,0,0.003551,0.000168,0,0.00193,0.000164,0,0.001907,0.000105,0,0.001315,0.001098,0,0.011842
"PH_KC_11.sorted.bam","11","KC",0.001407,0,0.009982,0.002768,0,0.016141,0.00113,0,0.008671,0.002493,0,0.01435,0.778537,0.74026,0.82696,0.000919,0,0.007138,0.207393,0.158679,0.244659,0.00339,0,0.015807,0.001964,0,0.011967,0.000262,0,0.003228,0.000352,0,0.003707,0.000311,0,0.004108,7.2e-05,0,0.000788,0.000322,0,0.002775,0.000169,0,0.001864,0.000233,0,0.002736,0.000624,0,0.008325,0.000346,0,0.004268,0.000336,0,0.003621,0.000213,0,0.002007,0.000238,0,0.001732,0.000238,0,0.002853,0.00039,0,0.004794,0.573445,0.50105,0.669632,1e-04,0,0.001126,0.000242,0,0.002298,0.000121,0,0.001117,0.000325,0,0.004165,0.000119,0,0.001291,0.000154,0,0.00154,0.000515,0,0.00785,0.001287,0,0.018291,0.000243,0,0.002295,0.001417,0,0.01972,0.407388,0.309706,0.483657,0.000161,0,0.001239,0.000882,0,0.011972,0.000536,0,0.007603,0.001022,0,0.014281,0.000275,0,0.003598,0.00058,0,0.008952,0.001461,0,0.01757,0.000329,0,0.004382,0.001258,0,0.018212,0.000303,0,0.003841,0.00027,0,0.003409,0.000827,0,0.011732,0.000305,0,0.003268,0.000399,0,0.005929,0.000138,0,0.001864,0.000134,0,0.001213,0.000755,0,0.010536,0.000712,0,0.010006,0.000194,0,0.002064
"PH_KC_1.sorted.bam","1","KC",0.023652,0,0.061791,0.012887,0,0.053508,0.276661,0.189523,0.471091,0.00048,0,0.003764,0.375918,0.316982,0.477543,0.012079,0,0.051399,0.290318,0.039729,0.378128,0.006695,0,0.033081,0.00131,0,0.01108,7.6e-05,0,0.000469,0.005047,0,0.065718,7.4e-05,0,0.000546,0.000392,0,0.00384,0.000528,0,0.004795,8.8e-05,0,0.000691,9e-05,0,0.000776,0.000196,0,0.002384,0.00014,0,0.001283,3.3e-05,0,0.000341,0.016619,0,0.0882,0.001711,0,0.025002,0.355746,0.156697,0.866572,0.000159,0,0.001345,8.3e-05,0,0.000658,0.000706,0,0.009107,0.013766,0,0.09508,0.000999,0,0.013989,5.2e-05,0,0.00054,0.00758,0,0.070487,4.2e-05,0,0.000439,0.023257,0,0.11982,0.003269,0,0.043639,0.193926,0,0.351147,7.1e-05,0,0.000572,0.359101,0,0.465137,0.00042,0,0.001173,3e-05,0,0.000299,0.000915,0,0.01429,0.000924,0,0.013897,0.00053,0,0.005259,0.000112,0,0.001186,0.010433,0,0.064827,7e-05,0,6e-04,0.000195,0,0.001584,3.3e-05,0,0.000373,0.000126,0,0.001344,0.000186,0,0.00191,0.000883,0,0.008594,7.5e-05,0,0.000694,0.00032,0,0.004385,0.000482,0,0.005624,0.000336,0,0.004406,0.000144,0,0.001637,3.5e-05,0,0.000348
"PH_KC_2.sorted.bam","2","KC",0.045073,0.009686,0.072869,0.002546,0,0.024402,0.161244,0.107175,0.23551,0.098765,0.071972,0.126345,0.371505,0.31531,0.479756,0.081784,0.040161,0.130252,0.236396,0.090015,0.311979,0.001348,0,0.010567,0.001339,0,0.0117,6.4e-05,0,0.000588,0.001504,0,0.016451,5.8e-05,0,0.000559,0.003549,0,0.068544,0.000107,0,0.000868,0.000106,0,0.001213,0.006795,0,0.105266,0.000156,0,0.001806,0.00674,0,0.100707,5.7e-05,0,0.000521,0.06703,0,0.140054,0.000144,0,0.001766,0.090206,0,0.468255,0.182922,0.069512,0.246879,6.1e-05,0,0.000568,0.008794,0,0.108093,0.001383,0,0.021592,0.000183,0,0.001899,7.6e-05,0,0.00067,0.152524,0.001841,0.251535,4.9e-05,0,0.000473,0.001505,0,0.024536,0.000868,0,0.005815,0.22067,0,0.364066,0.000287,0,0.002518,0.248906,0.149843,0.378608,7.4e-05,0,0.000839,4.1e-05,0,0.000426,0.00013,0,0.001209,2e-04,0,0.002463,0.000675,0,0.008064,0.000282,0,0.003354,0.000866,0,0.011298,0.000128,0,0.001209,0.000197,0,0.002065,3.7e-05,0,0.000357,0.000712,0,0.009222,0.000615,0,0.006319,0.000144,0,0.001403,0.000158,0,0.001885,0.00029,0,0.002894,0.000308,0,0.002338,0.000204,0,0.002116,0.000144,0,0.001352,5.1e-05,0,0.000599
"PH_KC_3.sorted.bam","3","KC",0.000629,0,0.004596,0.000775,0,0.005944,0.000788,0,0.005693,0.00111,0,0.008225,0.797792,0.75528,0.867097,0.000772,0,0.005997,0.196609,0.127743,0.237724,0.000899,0,0.007243,0.000626,0,0.005015,0.000147,0,0.001215,0.000123,0,0.001347,0.000164,0,0.002059,0.000155,0,0.001643,0.000209,0,0.002202,9.3e-05,0,0.000936,0.000113,0,0.001225,0.000138,0,0.001482,0.000196,0,0.002357,0.000434,0,0.005696,9e-05,0,0.000865,0.000121,0,0.00119,0.000208,0,0.002067,0.000227,0,0.002911,0.60212,0.520356,0.738932,0.000137,0,0.001679,0.000118,0,0.001012,0.000201,0,0.002583,9.7e-05,0,0.001081,1e-04,0,0.000787,0.00019,0,0.001754,0.000171,0,0.00149,0.000215,0,0.002324,0.000211,0,0.001931,0.000257,0,0.00277,0.390128,0.255019,0.47268,0.000251,0,0.003146,0.00078,0,0.0104,8.3e-05,0,0.000876,0.000221,0,0.0019,7.7e-05,0,0.000789,0.000116,0,0.001112,0.000344,0,0.004305,0.000115,0,0.000718,0.000248,0,0.003026,0.000232,0,0.002757,9.2e-05,0,0.000777,7.8e-05,0,0.000733,0.000134,0,0.001318,0.000206,0,0.001867,0.000126,0,0.001177,0.000146,0,0.001223,0.000176,0,0.002003,0.000129,0,0.001016,8.2e-05,0,0.000827
"PH_KC_4.sorted.bam","4","KC",0.000377,0,0.002955,0.000449,0,0.003446,0.000553,0,0.004346,0.000519,0,0.004157,0.812248,0.773195,0.869359,0.000599,0,0.004699,0.184627,0.1275,0.223278,0.000308,0,0.002407,0.000321,0,0.002521,7e-05,0,0.000763,6.4e-05,0,0.000626,7e-05,0,0.000765,7.1e-05,0,0.00074,7.8e-05,0,0.000839,0.00012,0,0.001195,0.000113,0,0.00107,7.5e-05,0,0.000696,0.000102,0,0.000966,0.000107,0,0.001128,9.8e-05,0,0.000861,0.00012,0,0.0014,0.000133,0,0.00158,0.000143,0,0.001262,0.627767,0.550836,0.741858,7.1e-05,0,0.00073,0.000107,0,0.000897,0.000189,0,0.002417,0.000111,0,0.001064,0.000228,0,0.002345,0.000106,0,0.001162,8e-05,0,0.000963,0.000187,0,0.002144,0.000195,0,0.002265,0.000139,0,0.001466,0.368087,0.253718,0.44506,0.000103,0,0.00082,0.000144,0,0.00133,5.5e-05,0,0.000484,6.3e-05,0,0.000694,3.7e-05,0,0.000362,7.6e-05,0,0.000672,7.4e-05,0,0.000743,7.3e-05,0,0.000797,9.7e-05,0,0.001004,4.8e-05,0,0.000478,6.2e-05,0,0.000601,6.4e-05,0,0.000688,6e-05,0,0.000614,6.4e-05,0,0.000733,7.8e-05,0,0.000699,0.000102,0,0.000991,7.9e-05,0,0.000905,4.6e-05,0,0.000377,4.3e-05,0,0.000443
"PH_KC_5.sorted.bam","5","KC",0.000473,0,0.00342,0.000369,0,0.002841,0.00032,0,0.002388,0.000504,0,0.003622,0.825968,0.790922,0.879671,0.000343,0,0.002682,0.171388,0.118378,0.206097,0.000267,0,0.002047,0.000367,0,0.0029,0.000113,0,0.001194,7.1e-05,0,0.000842,6.7e-05,0,0.000617,8e-05,0,0.000956,6.8e-05,0,0.000679,6.6e-05,0,0.000793,0.000118,0,0.001177,0.000103,0,0.001251,5.8e-05,0,0.000638,0.000101,0,0.001081,8e-05,0,0.000829,0.000135,0,0.001795,7.7e-05,0,0.000827,0.000225,0,0.00265,0.654505,0.584515,0.761396,8.3e-05,0,0.001063,5.6e-05,0,0.000567,6e-05,0,0.000669,6.2e-05,0,0.00066,0.000177,0,0.001752,5.3e-05,0,0.000541,0.000115,0,0.001218,6.8e-05,0,0.00071,6e-05,0,0.000719,8.7e-05,0,0.001052,0.342082,0.236204,0.411535,6.1e-05,0,0.000593,7.4e-05,0,0.000783,6.6e-05,0,7e-04,6.2e-05,0,0.000677,5.5e-05,0,0.000551,4.7e-05,0,0.000484,7.8e-05,0,0.000759,4e-05,0,0.000324,7.8e-05,0,0.00078,3.2e-05,0,0.00026,0.000107,0,0.001251,3.9e-05,0,0.000459,4.9e-05,0,0.000505,0.000106,0,0.00119,7.3e-05,0,0.00078,4.3e-05,0,0.000409,7.8e-05,0,0.000614,4.4e-05,0,0.000486,9.7e-05,0,0.001168
"PH_KC_6.sorted.bam","6","KC",0.000854,0,0.006669,0.00087,0,0.006554,0.000592,0,0.004643,0.000672,0,0.005168,0.797977,0.752776,0.890534,0.001312,0,0.009782,0.196449,0.104555,0.241127,0.00059,0,0.004571,0.000684,0,0.005304,0.000191,0,0.00252,0.000227,0,0.001986,0.000136,0,0.001391,0.000107,0,0.001131,0.000128,0,0.001283,8.9e-05,0,0.000996,9.1e-05,0,0.000829,0.000162,0,0.001807,6.2e-05,0,0.000615,0.000217,0,0.002027,0.000136,0,0.001317,0.000298,0,0.00286,0.000162,0,0.001501,9.6e-05,0,0.000829,0.602686,0.51497,0.785545,0.000249,0,0.00265,0.000201,0,0.002197,0.000231,0,0.002619,0.000144,0,0.001761,0.000434,0,0.005995,0.000307,0,0.003843,0.000197,0,0.002219,0.000203,0,0.002064,0.000117,0,0.001226,0.000186,0,0.001961,0.389237,0.207763,0.479446,0.000467,0,0.005974,0.001094,0,0.016749,0.000142,0,0.001566,0.000106,0,0.001148,7.7e-05,0,0.000689,7.2e-05,0,0.000749,0.000119,0,0.001213,0.000111,0,0.001254,0.000147,0,0.001653,0.000167,0,0.001829,0.000177,0,0.001597,0.000142,0,0.001334,0.00012,0,0.001217,9.7e-05,0,0.001042,9.8e-05,0,0.000823,0.000174,0,0.001951,0.000156,0,0.001793,7.1e-05,0,0.000652,0.000166,0,0.002274
"PH_KC_7.sorted.bam","7","KC",0.000567,0,0.004187,0.000621,0,0.004776,0.000395,0,0.003101,0.000424,0,0.003231,0.84202,0.802882,0.912606,0.00078,0,0.006083,0.154219,0.08446,0.193352,0.000487,0,0.003593,0.000488,0,0.004035,9.1e-05,0,0.000882,0.000103,0,0.00084,0.000112,0,0.001142,0.000103,0,0.001168,5.8e-05,0,0.000613,8.5e-05,0,0.000967,7.4e-05,0,0.000629,8.5e-05,0,0.000889,7.3e-05,0,0.000845,5.8e-05,0,0.000426,8.8e-05,0,0.001062,0.000144,0,0.001569,8.4e-05,0,0.000647,6.7e-05,0,0.00064,0.688305,0.611323,0.828447,0.000154,0,0.001623,0.000129,0,0.001648,9.2e-05,0,0.000977,0.000133,0,0.001721,8.6e-05,0,0.00087,0.000248,0,0.003306,0.000189,0,0.001825,0.000351,0,0.003729,6.9e-05,0,0.000492,0.000114,0,0.001064,0.306806,0.168085,0.384548,0.000242,0,0.002347,0.000221,0,0.00217,0.000117,0,0.001514,7.3e-05,0,0.000724,6.8e-05,0,0.00069,9.2e-05,0,0.000985,8.1e-05,0,0.000814,0.000131,0,0.001494,7.4e-05,0,0.00082,0.000119,0,0.001184,0.000123,0,0.001253,7.4e-05,0,0.000596,7.3e-05,0,0.000749,9.5e-05,0,0.000732,7.4e-05,0,0.000637,9.4e-05,0,0.00082,0.000149,0,0.001469,9.9e-05,0,0.0011,9.7e-05,0,0.000799
"PH_KC_8.sorted.bam","8","KC",0.01295,0,0.038981,0.03633,0.014336,0.057393,0.178544,0.124701,0.248835,0.039039,0.021438,0.059555,0.394672,0.341482,0.464236,0.075875,0.037575,0.116366,0.256356,0.13877,0.326389,0.005032,0,0.030244,0.001204,0,0.009779,9.1e-05,0,0.000879,0.000486,0,0.004762,3.5e-05,0,0.000367,0.000861,0,0.011013,0.000195,0,0.002634,6.4e-05,0,0.000517,0.000604,0,0.00675,0.068198,0,0.110545,5e-04,0,0.005691,3.7e-05,0,0.000339,0.006481,0,0.061388,0.001521,0,0.020918,0.237518,0.097198,0.496967,0.007823,0,0.091702,4.9e-05,0,0.000499,0.001931,0,0.028799,0.000291,0,0.003307,0.000114,0,0.001104,0.000118,0,0.001128,0.149017,0.074084,0.230001,2.7e-05,0,0.000277,0.013999,0,0.071156,0.001322,0,0.023807,0.117134,0,0.245988,0.000169,0,0.001377,0.379143,0.272032,0.472892,7.9e-05,0,0.000852,3.2e-05,0,0.000355,0.000981,0,0.014993,0.000405,0,0.005421,0.000297,0,0.002737,0.000299,0,0.004081,0.00746,0,0.058431,6.6e-05,0,0.000529,0.000259,0,0.003011,3.9e-05,0,0.000412,0.000375,0,0.004576,0.000173,0,0.001666,0.00034,0,0.003713,0.000292,0,0.003607,0.000282,0,0.003325,8.2e-05,0,0.000698,0.000541,0,0.006898,0.00022,0,0.001769,5.1e-05,0,0.000417
"PH_KC_9.sorted.bam","9","KC",0.001969,0,0.012337,0.00735,0,0.027927,0.007816,0,0.039351,0.004154,0,0.019103,0.740812,0.699104,0.793072,0.004136,0,0.020824,0.228309,0.168291,0.267231,0.000963,0,0.007405,0.004493,0,0.020414,0.000126,0,0.001239,0.000752,0,0.009444,0.000862,0,0.012556,0.000255,0,0.002529,0.002346,0,0.028601,0.000356,0,0.004205,0.000693,0,0.009985,0.001257,0,0.017378,0.001116,0,0.017174,0.000882,0,0.012276,0.000614,0,0.00887,0.004188,0,0.042538,0.005978,0,0.077096,0.000839,0,0.012627,0.509475,0.433078,0.605403,0.000697,0,0.010394,0.00087,0,0.013837,0.000871,0,0.01197,0.001119,0,0.01517,0.000956,0,0.013587,0.000777,0,0.011506,0.000329,0,0.002623,0.000912,0,0.013962,0.002734,0,0.038194,0.000581,0,0.008295,0.448936,0.333781,0.528663,0.000754,0,0.011455,0.000194,0,0.002141,0.000136,0,0.001485,2e-04,0,0.001998,0.00036,0,0.004599,0.000122,0,0.001275,0.000416,0,0.005511,0.000183,0,0.002348,0.000133,0,0.001365,9.7e-05,0,0.001086,0.00021,0,0.001969,0.002451,0,0.026906,0.001257,0,0.01858,0.000816,0,0.011941,0.000746,0,0.010189,0.001267,0,0.017303,0.001849,0,0.023402,0.000181,0,0.001802,0.000104,0,0.001232
"PH_MC_10.sorted.bam","10","MC",0.144047,0.095591,0.214991,0.227005,0.166906,0.320995,0.173202,0.108781,0.318182,0.003153,0,0.020262,0.001184,0,0.009821,0.116927,0.048047,0.189502,0.288856,0.010069,0.399354,0.032553,0,0.083565,0.013073,0,0.052559,0.007156,0,0.112338,0.002353,0,0.039539,0.012146,0,0.092554,0.000747,0,0.007772,0.118198,0,0.615997,0.006839,0,0.085802,0.000905,0,0.010918,0.000544,0,0.006244,0.000553,0,0.007591,0.000382,0,0.004489,0.00034,0,0.002981,0.000127,0,0.001301,0.000167,0,0.001751,0.000117,0,0.000987,0.000162,0,0.001956,0.168822,0,0.368643,0.042457,0,0.180891,0.002853,0,0.048476,0.000682,0,0.006552,0.000159,0,0.001576,0.003272,0,0.051301,0.096058,0,0.301812,0.254813,0,0.449322,0.20753,0,0.377273,0.000484,0,0.006,0.000697,0,0.008894,0.001052,0,0.014648,0.001566,0,0.020414,0.002855,0,0.046236,0.007656,0,0.081223,0.00197,0,0.030665,0.001211,0,0.01839,0.000161,0,0.001123,0.005149,0,0.064108,0.006572,0,0.072461,0.01879,0,0.081208,0.001702,0,0.021327,0.00357,0,0.046153,0.000707,0,0.008139,0.001046,0,0.013519,0.000276,0,0.003623,0.006134,0,0.075189,0.007375,0,0.071254,0.001952,0,0.029353,0.001693,0,0.023572
"PH_MC_11.sorted.bam","11","MC",0.156057,0.105254,0.248236,0.205137,0.152222,0.282546,0.18221,0.121092,0.28051,0.001249,0,0.009923,0.001638,0,0.013367,0.142961,0.097625,0.192607,0.270287,0.036811,0.372908,0.037737,6e-05,0.071989,0.002722,0,0.019836,0.000137,0,0.001522,0.004074,0,0.055452,0.043115,0,0.128994,0.052543,0,0.479147,0.000593,0,0.006052,0.052848,0,0.22326,0.000138,0,0.001483,0.000246,0,0.002677,0.000321,0,0.00435,0.000502,0,0.006748,0.000339,0,0.004142,0.000173,0,0.001852,0.00061,0,0.006941,0.000169,0,0.001927,0.000111,0,0.001175,0.244017,0,0.369033,0.034967,0,0.295986,0.002057,0,0.025733,0.000156,0,0.001807,0.00037,0,0.003659,0.001149,0,0.014981,0.009471,0,0.128888,0.279608,0.041822,0.439072,0.185359,0,0.386614,0.000137,0,0.001402,0.000478,0,0.004315,0.000342,0,0.00294,0.007713,0,0.080475,0.000253,0,0.001284,0.003388,0,0.052079,0.016882,0,0.104337,0.000116,0,0.001006,0.000693,0,0.006742,0.000776,0,0.00961,0.049296,0,0.132297,0.00184,0,0.027077,0.001005,0,0.013405,0.000992,0,0.011805,0.000361,0,0.003662,0.000211,0,0.002415,0.000222,0,0.002338,0.00094,0,0.014872,0.000457,0,0.005451,0.00039,0,0.004293,0.000433,0,0.005086
"PH_MC_12.sorted.bam","12","MC",0.138724,0.073583,0.251008,0.22567,0.164637,0.325356,0.110028,0.034954,0.263374,0.002416,0,0.019253,0.002433,0,0.01958,0.142204,0.079919,0.24125,0.286363,0.029985,0.418532,0.082658,0.027877,0.134911,0.009504,0,0.046321,0.050659,0,0.247633,0.000627,0,0.008174,0.013013,0,0.110569,0.033672,0,0.205508,0.070148,0,0.415597,0.000657,0,0.008703,0.00059,0,0.005831,0.000392,0,0.003475,0.000337,0,0.002882,0.000531,0,0.006305,0.000386,0,0.003142,0.000297,0,0.002281,0.000525,0,0.006033,0.000292,0,0.003177,0.000232,0,0.002361,0.062807,0,0.262666,0.140586,0,0.472697,0.057942,0,0.228768,0.000277,0,0.002932,0.001342,0,0.017873,0.000965,0,0.013821,0.076713,0,0.276727,0.210647,0,0.451209,0.035658,0,0.216248,0.00088,0,0.007637,0.00043,0,0.003718,0.012269,0,0.127655,0.114335,0,0.274242,0.00094,0,0.006882,0.001664,0,0.023516,0.018405,0,0.141128,0.000524,0,0.00647,0.000832,0,0.006784,0.000745,0,0.011864,0.005582,0,0.087679,0.067998,0,0.131814,0.000397,0,0.004234,0.000954,0,0.013438,0.002055,0,0.03145,0.000479,0,0.005665,0.000297,0,0.003792,0.00651,0,0.073323,0.001877,0,0.023669,0.000628,0,0.008078,0.002906,0,0.032543
"PH_MC_5.sorted.bam","5","MC",0.111943,0.070648,0.166713,0.221224,0.164385,0.308634,0.169219,0.096642,0.32448,0.001589,0,0.011434,0.00501,0,0.032039,0.108993,0.065896,0.166863,0.270642,0.04841,0.360849,0.101133,0.061005,0.142102,0.010247,0,0.041112,0.00168,0,0.02508,0.032759,0,0.254511,0.006705,0,0.06005,0.002891,0,0.044905,0.002262,0,0.034306,0.080153,0,0.322079,0.000422,0,0.004313,0.000202,0,0.002322,0.000183,0,0.00221,0.000309,0,0.004081,0.001009,0,0.015258,0.000199,0,0.001919,0.001506,0,0.022846,0.000239,0,0.002823,0.000329,0,0.003848,0.165339,0,0.275395,0.043541,0,0.264893,0.001162,0,0.012895,0.000252,0,0.003292,0.000766,0,0.010981,0.000576,0,0.006397,0.013687,0,0.131698,0.345348,0.067502,0.499409,0.167893,0,0.355199,0.000184,0,0.001945,0.004151,0,0.055078,0.000716,0,0.007732,0.002129,0,0.031497,0.004096,0,0.062159,0.003621,0,0.051615,0.000426,0,0.00412,0.000318,0,0.004384,0.000536,0,0.005609,0.000655,0,0.009406,0.001591,0,0.019764,0.094663,0.040394,0.139411,0.000324,0,0.002403,0.001108,0,0.014825,0.00181,0,0.024195,0.000759,0,0.010071,0.000957,0,0.013288,0.004402,0,0.049212,0.003457,0,0.046436,0.001697,0,0.024293,0.00299,0,0.030112
"PH_MC_6.sorted.bam","6","MC",0.155931,0.09899,0.270056,0.23761,0.186794,0.315138,0.129758,0.073488,0.209805,0.001631,0,0.011925,0.003637,0,0.020345,0.118579,0.06576,0.172353,0.276711,0.06305,0.370043,0.069228,0.02921,0.106205,0.006915,0,0.039511,0.000578,0,0.007197,0.00041,0,0.004568,0.03891,0,0.16227,0.048954,0,0.347189,0.004182,0,0.047367,0.049282,0,0.164371,0.000428,0,0.004512,0.000172,0,0.001887,0.00042,0,0.004658,0.000344,0,0.004243,0.001198,0,0.017013,0.000254,0,0.002927,0.000363,0,0.005197,0.00052,0,0.008016,0.000576,0,0.007157,0.232526,0.124275,0.343595,0.001534,0,0.018503,0.000407,0,0.004272,0.000201,0,0.001874,0.000389,0,0.004636,0.000238,0,0.002469,0.026405,0,0.150726,0.36604,0.124482,0.518249,0.10178,0,0.317097,0.000153,0,0.001759,0.000824,0,0.010734,0.000235,0,0.002685,0.000741,0,0.009872,0.000386,0,0.003745,0.023112,0,0.148755,0.001233,0,0.019047,0.000245,0,0.002722,0.001201,0,0.01487,0.000695,0,0.005981,0.053015,0,0.182082,0.028813,0,0.097746,4e-04,0,0.003982,0.001697,0,0.025048,0.003615,0,0.046589,0.000433,0,0.003963,0.001374,0,0.017629,0.000694,0,0.011276,0.003485,0,0.055429,0.000945,0,0.012888,0.000594,0,0.008251
"PH_MC_7.sorted.bam","7","MC",0.18873,0.1302,0.274227,0.127125,0.0811,0.190934,0.171655,0.102835,0.258332,0.001698,0,0.011951,0.075588,0.038414,0.116048,0.09361,0.050488,0.145794,0.327745,0.147043,0.407188,0.009587,0,0.038976,0.004262,0,0.024793,0.000359,0,0.003862,0.003278,0,0.048495,0.000536,0,0.006004,0.077231,0,0.39506,0.019237,0,0.178816,0.002908,0,0.039056,0.000504,0,0.006025,0.000201,0,0.002289,0.00053,0,0.007645,8.9e-05,0,0.000838,0.018581,0,0.122205,0.011042,0,0.115605,0.005574,0,0.07422,0.000446,0,0.005678,0.000118,0,0.001067,0.004848,0,0.068171,0.137468,0,0.249998,0.038971,0,0.266536,0.000214,0,0.00235,0.002795,0,0.036059,0.000177,0,0.001951,0.267415,0.087511,0.408915,0.076651,0,0.297452,0.194785,0,0.435948,0.00036,0,0.003345,0.110905,0,0.224992,0.000723,0,0.007839,0.000143,0,0.001556,0.004715,0,0.0547,0.003981,0,0.052756,0.000399,0,0.005355,0.000768,0,0.011567,0.000897,0,0.011485,0.000898,0,0.011359,0.002836,0,0.038236,0.001111,0,0.017399,0.000168,0,0.001439,0.001322,0,0.017256,0.000769,0,0.007557,0.000195,0,0.001148,0.000699,0,0.009077,0.000949,0,0.013555,0.001529,0,0.020551,0.002458,0,0.03419,0.000216,0,0.001776
"PH_MC_8.sorted.bam","8","MC",0.191906,0.140112,0.268431,0.185374,0.138844,0.254082,0.19597,0.119436,0.3288,0.002605,0,0.017489,0.001511,0,0.0118,0.094168,0.041509,0.181473,0.272091,0.047989,0.363858,0.048032,1e-06,0.094199,0.008342,0,0.064768,0.000648,0,0.00831,0.000633,0,0.005274,0.02584,0,0.200113,0.090233,0,0.501286,0.000491,0,0.006345,0.133159,0,0.226629,0.000611,0,0.007469,0.000498,0,0.006359,0.000829,0,0.007366,0.000262,0,0.002614,0.00041,0,0.005671,0.00017,0,0.001442,0.000302,0,0.003123,0.000268,0,0.002931,0.000144,0,0.001607,0.0816,0,0.358102,0.000889,0,0.006724,0.026891,0,0.212352,0.000591,0,0.005843,0.000533,0,0.006101,0.002939,0,0.044929,0.208017,0,0.426818,0.311035,0.095119,0.44399,0.002682,0,0.033309,0.001187,0,0.017719,0.000455,0,0.004369,0.000293,0,0.00285,0.008148,0,0.082298,0.000423,0,0.004153,0.003974,0,0.063321,0.002818,0,0.039534,0.000415,0,0.004342,0.000422,0,0.004767,0.06367,0,0.16659,0.002811,0,0.048219,0.010003,0,0.075968,0.000591,0,0.008146,0.001378,0,0.017989,0.001378,0,0.017074,0.000287,0,0.002792,0.000175,0,0.001862,0.007992,0,0.125537,0.001406,0,0.018877,0.001526,0,0.021688,0.000975,0,0.011493
"PH_MC_9.sorted.bam","9","MC",0.144153,0.095433,0.212777,0.20582,0.153524,0.279742,0.214718,0.134389,0.35893,0.003581,0,0.026324,0.0122,0,0.047707,0.105551,0.043838,0.168141,0.261294,0.045382,0.35134,0.047714,0,0.107794,0.004969,0,0.038722,0.008755,0,0.117265,0.011294,0,0.139267,0.033217,0,0.269768,0.003469,0,0.036967,0.00093,0,0.01052,0.189496,0.091371,0.352456,0.000415,0,0.004541,0.00036,0,0.004294,3e-04,0,0.003358,0.00092,0,0.011982,0.000805,0,0.010582,0.001504,0,0.020962,0.001222,0,0.018624,0.000871,0,0.013067,0.000815,0,0.011046,0.076839,0,0.307641,0.001446,0,0.019021,0.041931,0,0.205892,0.001324,0,0.019295,0.006094,0,0.057847,0.036056,0,0.137475,0.17562,0,0.344179,0.327043,0,0.466002,0.001566,0,0.013098,0.00054,0,0.006474,0.009878,0,0.077327,0.000521,0,0.006638,0.000742,0,0.010104,0.002093,0,0.029854,0.001491,0,0.01578,0.000291,0,0.002021,0.001186,0,0.015591,0.001974,0,0.027798,0.007611,0,0.106553,0.005399,0,0.08293,0.037545,0,0.106426,0.000259,0,0.002738,0.001138,0,0.016359,0.000734,0,0.008771,0.000325,0,0.002316,0.000422,0,0.005647,0.003224,0,0.060271,0.000537,0,0.006081,0.000291,0,0.003439,0.001504,0,0.021251
"PH_ML_10.sorted.bam","10","ML",0.003487,0,0.021051,0.025138,1e-06,0.054819,0.001883,0,0.014904,0.01822,1e-06,0.046805,0.656422,0.615637,0.700978,0.00116,0,0.009224,0.290368,0.249027,0.326966,0.001258,0,0.0086,0.002064,0,0.014714,0.000362,0,0.004378,0.001052,0,0.015368,0.002797,0,0.037445,0.000195,0,0.002266,0.000682,0,0.008168,0.000171,0,0.00188,0.002769,0,0.032776,0.000902,0,0.013133,0.000725,0,0.007447,0.014556,0,0.045486,0.000311,0,0.003228,0.001084,0,0.014735,0.000416,0,0.005328,0.000538,0,0.003512,0.387514,0.318495,0.450167,0.000206,0,0.001854,0.000232,0,0.002656,0.000218,0,0.002418,0.000446,0,0.004792,0.000239,0,0.002404,0.000179,0,0.001693,0.000983,0,0.012869,0.04005,0,0.104643,0.000794,0,0.011576,0.000815,0,0.011033,0.534813,0.451916,0.624648,0.000133,0,0.001407,0.001181,0,0.01832,0.000233,0,0.002852,0.000322,0,0.004464,0.000103,0,0.000738,0.000656,0,0.009266,0.000237,0,0.002605,0.000109,0,0.00091,0.00028,0,0.002821,0.000203,0,0.002737,5e-04,0,0.005731,0.000357,0,0.00394,0.000292,0,0.004118,0.000477,0,0.005574,0.000178,0,0.001433,0.00038,0,0.003987,0.000506,0,0.006886,0.000172,0,0.00223,0.000633,0,0.008783
"PH_ML_11.sorted.bam","11","ML",0.002261,0,0.017434,0.001969,0,0.015618,0.000883,0,0.006721,0.000627,0,0.004976,0.737418,0.699872,0.775665,0.000916,0,0.006655,0.253878,0.216392,0.289176,0.000794,0,0.006162,0.001254,0,0.009357,0.000383,0,0.005313,0.00028,0,0.003306,0.000296,0,0.003778,0.000124,0,0.001365,0.000164,0,0.001652,0.000169,0,0.001788,9e-05,0,0.000937,0.000118,0,0.001195,0.000137,0,0.001503,0.000129,0,0.001234,0.000394,0,0.00484,0.000558,0,0.008652,0.000195,0,0.001615,0.000102,0,0.00083,0.488614,0.421658,0.559806,0.000279,0,0.00383,0.00021,0,0.002684,9.9e-05,0,0.000785,0.000159,0,0.002008,0.000321,0,0.003755,0.000133,0,0.001519,0.002159,0,0.030997,0.001648,0,0.027278,0.000416,0,0.004544,0.00016,0,0.002013,0.495484,0.415689,0.567527,0.000256,0,0.003393,0.003242,0,0.038782,0.000152,0,0.001621,0.000101,0,0.000967,0.000129,0,0.001387,0.000125,0,0.001162,0.00019,0,0.00171,0.000125,0,0.001459,0.000264,0,0.002532,0.000202,0,0.002146,0.000278,0,0.003617,0.000265,0,0.003101,0.000164,0,0.001535,0.000104,0,0.001166,0.000364,0,0.004211,0.000116,0,0.001358,0.000886,0,0.013535,9.7e-05,0,0.001012,0.000116,0,0.001227
"PH_ML_12.sorted.bam","12","ML",0.000676,0,0.00516,0.001604,0,0.01144,0.000855,0,0.006157,0.001185,0,0.008651,0.718934,0.683853,0.755073,0.001594,0,0.010986,0.273202,0.235515,0.309347,0.000957,0,0.006639,0.000992,0,0.007713,0.000101,0,0.001018,0.000107,0,0.001203,0.000138,0,0.001291,7.1e-05,0,0.000724,0.000226,0,0.002444,0.000156,0,0.001993,0.000152,0,0.001568,0.000216,0,0.002583,0.000181,0,0.002262,0.000406,0,0.005739,0.000182,0,0.001578,0.000165,0,0.001704,0.000146,0,0.001521,0.00027,0,0.002914,0.458881,0.394792,0.524659,0.00029,0,0.00351,0.000319,0,0.003804,0.000175,0,0.002127,0.000126,0,0.001471,0.000375,0,0.005117,0.000365,0,0.004258,0.000182,0,0.001905,0.001204,0,0.017914,0.000335,0,0.003657,0.000311,0,0.003655,0.518587,0.434461,0.593931,0.000654,0,0.008754,0.012298,0,0.066086,7e-05,0,0.000684,0.000474,0,0.006702,0.000157,0,0.001951,0.000173,0,0.002063,0.000178,0,0.001727,0.000283,0,0.003796,0.000161,0,0.00168,0.000154,0,0.001826,9.6e-05,0,0.000898,0.00022,0,0.003006,0.000108,0,0.001006,0.000131,0,0.001143,0.000203,0,0.002222,0.000237,0,0.002423,0.000373,0,0.004641,0.00011,0,0.001285,0.000253,0,0.002722
"PH_ML_1.sorted.bam","1","ML",0.001774,0,0.012734,0.02233,0,0.047099,0.001497,0,0.011072,0.001026,0,0.007612,0.703603,0.668574,0.742048,0.000872,0,0.006807,0.265902,0.228815,0.294465,0.000783,0,0.006109,0.002214,0,0.017579,0.000118,0,0.001166,0.000663,0,0.009944,0.00084,0,0.012986,0.000358,0,0.003561,0.000256,0,0.002895,0.000164,0,0.001817,0.000235,0,0.002549,0.000321,0,0.003794,0.000189,0,0.002078,0.000113,0,0.001101,0.000288,0,0.002939,0.001047,0,0.01161,0.000126,0,0.000966,0.000136,0,0.00139,0.458816,0.403694,0.517914,0.00018,0,0.001925,0.000267,0,0.001862,0.000232,0,0.002514,0.000152,0,0.001666,0.000179,0,0.00174,0.000121,0,0.001075,0.001287,0,0.018114,0.037737,0,0.092715,0.001276,0,0.016746,0.000485,0,0.006222,0.487396,0.405955,0.568465,0.000256,0,0.003275,0.001182,0,0.016789,0.000129,0,0.001201,0.000136,0,0.001501,9.1e-05,0,9e-04,0.000116,0,0.001328,8.6e-05,0,0.000887,0.000133,0,0.001488,0.000363,0,0.005348,0.000208,0,0.002687,0.000171,0,0.001537,0.002553,0,0.034289,0.000139,0,0.001202,0.000192,0,0.002172,0.000316,0,0.003517,0.000102,0,0.001015,0.000639,0,0.008582,9.8e-05,0,0.001248,0.000108,0,0.00114
"PH_ML_2.sorted.bam","2","ML",0.000837,0,0.006574,0.002559,0,0.015098,0.002314,0,0.014346,0.002322,0,0.013829,0.738365,0.696226,0.790016,0.001775,0,0.011857,0.249122,0.19401,0.289834,0.001352,0,0.009756,0.001355,0,0.0102,0.00015,0,0.001733,2e-04,0,0.002403,0.000372,0,0.004607,0.000161,0,0.002124,0.000612,0,0.009552,0.000335,0,0.004263,0.000236,0,0.001974,0.000551,0,0.007728,0.000325,0,0.005069,0.000526,0,0.007762,0.00015,0,0.001445,0.001168,0,0.015776,0.000375,0,0.003644,0.000849,0,0.009007,0.490851,0.410797,0.594601,0.000184,0,0.002357,0.000369,0,0.004441,0.001143,0,0.015604,0.000291,0,0.002928,0.000263,0,0.002405,0.000129,0,0.001298,0.000184,0,0.001698,0.000882,0,0.0107,0.000987,0,0.014309,0.000669,0,0.011384,0.491881,0.380785,0.574799,0.00066,0,0.008685,0.001191,0,0.015345,0.000133,0,0.001224,0.000327,0,0.003809,0.00016,0,0.001834,0.000403,0,0.004834,0.000157,0,0.001977,0.000245,0,0.002736,0.000413,0,0.005676,0.000355,0,0.004998,0.000125,0,0.001387,0.000264,0,0.003702,0.000196,0,0.002028,0.000267,0,0.003162,0.000184,0,0.002001,0.000139,0,0.001566,0.000184,0,0.002039,0.000157,0,0.001652,0.000598,0,0.008461
"PH_ML_3.sorted.bam","3","ML",0.000652,0,0.005373,0.000726,0,0.006217,0.000395,0,0.002941,0.000518,0,0.003966,0.745993,0.708799,0.802519,0.000489,0,0.003797,0.250316,0.192412,0.286561,0.000437,0,0.003453,0.000473,0,0.003731,0.000209,0,0.002318,0.000143,0,0.001344,0.000176,0,0.001713,0.000106,0,0.00087,1e-04,0,0.001108,6.6e-05,0,0.000759,5.7e-05,0,0.000477,0.000132,0,0.001357,5.3e-05,0,0.000575,0.000117,0,0.001289,0.00011,0,0.001167,0.000112,0,0.000969,1e-04,0,0.001106,0.000151,0,0.001881,0.496123,0.422727,0.610643,8.9e-05,0,0.000979,0.000121,0,0.001038,9.1e-05,0,0.000918,0.000115,0,0.001316,0.00011,0,0.001095,7.2e-05,0,0.000834,0.000186,0,0.002367,0.000309,0,0.003537,8.6e-05,0,0.000857,0.000123,0,0.001281,0.498917,0.383584,0.572262,0.000186,0,0.001489,0.000321,0,0.004058,9e-05,0,0.000899,7.9e-05,0,0.000754,4.4e-05,0,0.000447,8.1e-05,0,0.000819,0.00016,0,0.001624,6.7e-05,0,0.000721,0.000102,0,0.001033,9.1e-05,0,0.000948,0.000104,0,0.001059,0.000104,0,0.001032,7.9e-05,0,0.000859,8.9e-05,0,0.000948,7.9e-05,0,0.000919,5.4e-05,0,0.000603,8.3e-05,0,0.000904,6.9e-05,0,0.000666,0.000142,0,0.001827
"PH_ML_4.sorted.bam","4","ML",0.003945,0,0.020139,0.002519,0,0.016582,0.001445,0,0.010969,0.004443,0,0.020775,0.719689,0.67917,0.770068,0.006427,0,0.028184,0.259431,0.20657,0.300566,0.001247,0,0.009205,0.000854,0,0.006627,0.000454,0,0.005094,0.000691,0,0.009499,0.000705,0,0.0098,0.000941,0,0.013829,0.000252,0,0.002803,0.000249,0,0.002995,0.001153,0,0.017125,0.000702,0,0.010025,0.000388,0,0.004199,0.000939,0,0.014359,0.000413,0,0.005065,0.000225,0,0.002825,0.000154,0,0.0016,0.000688,0,0.008132,0.463387,0.385713,0.562225,0.00134,0,0.018964,0.000816,0,0.011132,0.000139,0,0.001217,0.001704,0,0.021492,0.000674,0,0.009672,0.002441,0,0.025348,0.001953,0,0.027276,0.000609,0,0.006835,0.000263,0,0.003036,0.001918,0,0.024227,0.510152,0.406011,0.594033,0.002356,0,0.029515,0.000614,0,0.007939,0.000282,0,0.003276,0.000158,0,0.001233,0.000158,0,0.001906,0.000299,0,0.004301,0.00012,0,0.001157,0.00057,0,0.00773,0.000129,0,0.001247,0.000343,0,0.004251,0.000208,0,0.002091,0.000176,0,0.001898,9.7e-05,0,0.000877,0.000156,0,0.001434,0.00018,0,0.001898,0.000374,0,0.004936,0.000252,0,0.002861,9.1e-05,0,0.000864,8.7e-05,0,0.000754
"PH_ML_5.sorted.bam","5","ML",0.000482,0,0.00376,0.000799,0,0.006618,0.000591,0,0.004792,0.000799,0,0.005569,0.750324,0.713113,0.795875,0.000931,0,0.007009,0.244884,0.199493,0.280385,0.00071,0,0.005297,0.00048,0,0.003959,7.6e-05,0,0.000762,5.2e-05,0,0.000565,0.000162,0,0.001982,9.4e-05,0,0.000992,5.5e-05,0,0.000537,0.000104,0,0.000883,8.2e-05,0,0.000779,0.000152,0,0.001414,0.000137,0,0.0015,0.000155,0,0.00179,9.4e-05,0,0.000895,0.000265,0,0.002213,0.000278,0,0.002967,0.000297,0,0.003551,0.505682,0.433329,0.59546,8.7e-05,0,0.000917,0.000224,0,0.002956,0.000116,0,0.001184,0.00019,0,0.002646,0.00044,0,0.005712,0.000142,0,0.001431,0.00026,0,0.002247,0.000281,0,0.00338,0.000137,0,0.001686,0.000226,0,0.003164,0.487643,0.395907,0.557426,0.000252,0,0.002864,0.000358,0,0.004116,8.6e-05,0,0.001029,0.000176,0,0.001846,9.1e-05,0,0.000886,0.000114,0,0.00119,0.000176,0,0.002051,0.000131,0,0.00126,0.000138,0,0.001518,0.000201,0,0.002316,5.8e-05,0,0.000692,6.7e-05,0,0.000723,6.6e-05,0,0.000674,8.8e-05,0,0.000822,8.9e-05,0,0.001012,0.000136,0,0.001083,0.000115,0,0.001126,0.000107,0,0.001231,0.000117,0,0.001524
"PH_ML_6.sorted.bam","6","ML",0.000786,0,0.006713,0.000739,0,0.005556,0.000967,0,0.007648,0.001008,0,0.007878,0.741292,0.702639,0.793118,0.001608,0,0.012592,0.252396,0.196808,0.291063,0.000494,0,0.00384,0.00071,0,0.005582,0.000153,0,0.001279,0.000116,0,0.001431,0.000185,0,0.002073,0.000111,0,0.001036,8.8e-05,0,0.001052,0.000235,0,0.002896,0.000207,0,0.001633,0.000188,0,0.002044,0.000213,0,0.002799,0.00018,0,0.001802,6.1e-05,0,0.000594,0.00013,0,0.001137,0.00022,0,0.001459,0.000302,0,0.003471,0.489679,0.413869,0.595453,0.000274,0,0.002856,0.000115,0,0.001286,0.000261,0,0.002698,0.000227,0,0.002902,0.00023,0,0.002428,0.000695,0,0.010719,0.000236,0,0.002554,0.000303,0,0.003979,0.000328,0,0.004423,0.00025,0,0.002355,0.502115,0.390093,0.578427,0.000423,0,0.004676,0.000404,0,0.004963,0.000115,0,0.000999,8.3e-05,0,0.000752,6.3e-05,0,0.00071,8.9e-05,0,0.000973,7e-05,0,0.000743,9.1e-05,0,0.000998,0.000203,0,0.002077,9.9e-05,0,0.001181,0.000145,0,0.00153,8.5e-05,0,0.000989,0.00018,0,0.00193,0.000181,0,0.001861,9.7e-05,0,0.000905,0.000207,0,0.002505,0.000127,0,0.001351,7.6e-05,0,0.000651,0.000161,0,0.001866
"PH_ML_8.sorted.bam","8","ML",0.010343,0,0.040247,0.009429,0,0.031097,0.014847,0,0.075119,0.029323,0.006332,0.056155,0.531363,0.499849,0.561461,0.062177,0.016491,0.098966,0.33312,0.287515,0.371004,0.002219,0,0.015451,0.007179,0,0.03518,0.000217,0,0.002526,0.00041,0,0.004487,0.000233,0,0.002372,0.000771,0,0.01027,0.000823,0,0.010486,0.000201,0,0.001746,0.001163,0,0.01851,0.00853,0,0.056298,0.000501,0,0.005876,0.000293,0,0.003667,0.003077,0,0.045912,0.00182,0,0.028669,0.017459,0,0.148444,0.04178,0,0.110115,0.117044,0.059863,0.171172,0.000786,0,0.009396,0.001024,0,0.015512,0.001074,0,0.015024,0.000334,0,0.002397,0.120101,2e-06,0.196367,8.4e-05,0,0.000784,0.013527,0,0.072643,0.002506,0,0.037196,0.006827,0,0.064952,0.003248,0,0.044951,0.637943,0.550389,0.720524,0.000177,0,0.001689,9.2e-05,0,0.001131,0.000142,0,0.001508,0.001206,0,0.017198,0.000214,0,0.002157,0.000492,0,0.006478,0.000958,0,0.013219,0.000125,0,0.000782,0.000573,0,0.009178,9.3e-05,0,0.000885,0.000375,0,0.002858,0.00207,0,0.024601,0.001625,0,0.021097,0.002011,0,0.030114,0.0055,0,0.0639,0.000565,0,0.00699,0.001256,0,0.015971,0.000542,0,0.007593,0.000208,0,0.002192
"PH_OF_10.sorted.bam","10","OF",0.008676,0,0.043998,0.003096,0,0.019458,0.528035,0.429277,0.801223,0.047757,0.02344,0.07495,0.001313,0,0.009518,0.162103,0.092182,0.235456,0.233733,0.005548,0.34235,0.008545,0,0.037249,0.006741,0,0.049678,0.000792,0,0.011898,0.000385,0,0.004884,0.000698,0,0.010377,0.000765,0,0.00906,0.000356,0,0.003802,0.178802,0,0.699074,0.003812,0,0.047051,0.000504,0,0.005999,0.004751,0,0.079885,0.006261,0,0.062654,0.000117,0,0.001076,0.000121,0,0.00125,0.000266,0,0.002819,0.000331,0,0.003657,0.000151,0,0.001639,0.004384,0,0.06075,0.000442,0,0.006069,0.309055,0.137205,0.460209,0.002755,0,0.04673,0.000417,0,0.004839,0.002255,0,0.034471,0.004634,0,0.053971,0.001838,0,0.015574,0.381035,0,0.658402,0.068222,0,0.132262,0.000356,0,0.004565,0.000648,0,0.007336,0.000325,0,0.00341,0.001423,0,0.021041,0.000817,0,0.010697,0.000964,0,0.014032,0.001618,0,0.025294,0.000469,0,0.006909,0.001519,0,0.020177,0.00252,0,0.039941,0.003629,0,0.032459,0.000249,0,0.003242,0.000333,0,0.003609,0.001275,0,0.018815,0.001001,0,0.010238,0.000247,0,0.003215,0.000476,0,0.004077,0.007564,0,0.096321,0.000501,0,0.006707,0.000918,0,0.013529
"PH_OF_11.sorted.bam","11","OF",0.04505,0,0.113748,0.00222,0,0.015719,0.475235,0.372804,0.763508,0.059293,0.025319,0.093547,0.005648,0,0.028781,0.101593,0.050688,0.156426,0.285253,0.063149,0.386626,0.004123,0,0.02662,0.021585,0,0.059963,0.007151,0,0.065323,0.000283,0,0.003734,0.000661,0,0.009471,0.000441,0,0.004331,0.000118,0,0.000894,0.193222,0,0.760228,0.002046,0,0.032465,0.000334,0,0.003714,0.001529,0,0.021855,0.027962,0,0.086382,0.000496,0,0.005523,0.000272,0,0.003131,0.00056,0,0.007313,0.001547,0,0.021476,0.001347,0,0.018931,0.046951,0,0.218535,0.000196,0,0.001441,0.094987,0,0.296098,0.002155,0,0.030714,0.001386,0,0.017737,0.021022,0,0.118634,0.023818,0,0.114153,0.000569,0,0.006943,0.465482,0,0.724617,0.053886,0,0.150147,0.001458,0,0.023855,0.010708,0,0.12008,0.006366,0,0.061629,0.000422,0,0.005046,0.000124,0,0.001538,0.000401,0,0.004112,0.000382,0,0.005566,0.001531,0,0.023327,0.000406,0,0.003165,0.000621,0,0.007634,0.001737,0,0.023716,0.001343,0,0.020894,0.001222,0,0.016697,0.000508,0,0.005893,0.000781,0,0.009356,0.001354,0,0.020732,0.004353,0,0.061167,0.001232,0,0.017167,0.000885,0,0.012781,0.015746,0,0.057118
"PH_OF_12.sorted.bam","12","OF",0.018264,0,0.086901,0.001129,0,0.008736,0.512117,0.398655,0.819658,0.04483,0.016982,0.073957,0.037665,0.012432,0.07954,0.12069,0.046332,0.20233,0.258517,0.028154,0.377172,0.001067,0,0.008373,0.005721,0,0.031086,0.001482,0,0.020828,0.000179,0,0.001909,0.000156,0,0.001421,0.000437,0,0.003605,0.000226,0,0.003108,0.202144,0,0.816869,0.003652,0,0.0451,0.000172,0,0.00179,0.014057,0,0.093312,0.005301,0,0.052629,0.000909,0,0.009153,0.000298,0,0.003102,0.00332,0,0.046885,0.00273,0,0.040999,0.014955,0,0.04825,0.025821,0,0.173399,0.000256,0,0.002212,0.125525,0,0.32391,0.056781,0,0.143114,0.004583,0,0.052165,0.013334,0,0.100037,0.001881,0,0.025289,0.000527,0,0.006236,0.474241,0,0.746567,0.000847,0,0.010004,0.032892,0,0.158415,0.001057,0,0.01394,0.001548,0,0.021794,0.00013,0,0.001682,0.000122,0,0.001323,0.000325,0,0.004594,0.000388,0,0.003122,0.000372,0,0.004059,0.000208,0,0.002109,9.2e-05,0,0.000813,0.000107,0,0.001047,0.000556,0,0.007495,0.000164,0,0.001863,0.001816,0,0.030142,0.000432,0,0.005143,0.000318,0,0.003252,0.00048,0,0.005556,0.002403,0,0.032929,0.000284,0,0.003607,0.002495,0,0.02469
"PH_OF_3.sorted.bam","3","OF",0.029032,0,0.101578,0.001736,0,0.012123,0.509947,0.410246,0.772479,0.069531,0.041259,0.100061,0.009436,0,0.046364,0.118767,0.056537,0.185343,0.24778,0.025649,0.350932,0.00233,0,0.019635,0.011441,0,0.063608,0.000531,0,0.005364,0.000236,0,0.002386,0.000276,0,0.003405,0.000789,0,0.010137,0.000138,0,0.001241,0.227882,0.050971,0.770911,0.002609,0,0.039598,0.00043,0,0.005923,0.01898,0,0.161061,0.007711,0,0.074973,0.000531,0,0.007375,0.000187,0,0.002015,0.000288,0,0.002956,0.005009,0,0.056494,0.001328,0,0.0195,0.051244,0,0.201387,0.000259,0,0.002734,0.119297,0,0.301158,0.049919,0,0.170725,0.001906,0,0.029081,0.003225,0,0.047599,0.00079,0,0.010627,0.000969,0,0.008101,0.42392,0,0.641088,0.045104,0,0.162237,0.007081,0,0.084588,0.000567,0,0.00642,0.003186,0,0.045732,0.000363,0,0.003815,0.000272,0,0.003411,0.000221,0,0.001978,0.000222,0,0.002244,0.000421,0,0.005205,0.000195,0,0.002101,0.000601,0,0.00861,0.001064,0,0.016943,0.000442,0,0.005775,0.000429,0,0.004552,0.000498,0,0.0061,0.001366,0,0.019723,0.000793,0,0.009448,0.007699,0,0.073859,0.010157,0,0.100987,0.000237,0,0.00261,0.00063,0,0.009106
"PH_OF_4.sorted.bam","4","OF",0.016927,0,0.099727,0.001577,0,0.011574,0.559291,0.425746,0.88089,0.040315,1.4e-05,0.078936,0.006372,0,0.03726,0.138738,0.069057,0.270877,0.232953,1.1e-05,0.371123,0.002238,0,0.016208,0.001589,0,0.011732,0.000215,0,0.001796,9.1e-05,0,0.000735,0.000141,0,0.001629,0.000358,0,0.003086,0.000375,0,0.003815,0.242365,0.031575,0.802378,0.000316,0,0.002446,0.000207,0,0.002401,0.000731,0,0.004413,0.035327,0,0.074882,0.000782,0,0.012303,6e-04,0,0.008819,0.002538,0,0.032802,0.000392,0,0.004604,0.000318,0,0.003671,0.001235,0,0.013117,0.000749,0,0.011458,0.256408,0.119761,0.536966,0.00339,0,0.051705,0.001848,0,0.031536,0.001918,0,0.033387,0.029876,0,0.198763,0.000454,0,0.00559,0.372383,0,0.669521,0.004445,0,0.060822,0.00451,0,0.066923,0.008523,0,0.081223,0.022492,0,0.130242,0.000592,0,0.007316,0.000196,0,0.002442,0.000402,0,0.004877,0.000188,0,0.00187,0.000993,0,0.013576,0.001024,0,0.012782,0.000276,0,0.001783,0.000269,0,0.003127,0.000175,0,0.002213,0.000199,0,0.002168,0.000656,0,0.005829,0.000307,0,0.003328,0.000445,0,0.006168,0.000465,0,0.005093,0.000455,0,0.006309,0.000266,0,0.002397,0.000105,0,0.001122
"PH_OF_5.sorted.bam","5","OF",0.032462,0,0.102719,0.001069,0,0.007942,0.492762,0.383942,0.791739,0.019753,0,0.053458,0.0171,0,0.052152,0.165198,0.08648,0.253009,0.263237,0.027816,0.396493,0.001484,0,0.011225,0.006936,0,0.033523,0.001373,0,0.021692,0.000176,0,0.001856,0.000127,0,0.00153,0.001011,0,0.009109,0.000144,0,0.001398,0.177248,0,0.696354,0.012647,0,0.077881,0.000105,0,0.001105,0.002256,0,0.034362,0.006,0,0.045315,0.000564,0,0.006763,0.000507,0,0.007476,0.001844,0,0.02552,0.004121,0,0.047046,0.003193,0,0.03165,0.004268,0,0.059207,0.000258,0,0.002576,0.317736,0.163957,0.484166,0.000273,0,0.002242,0.003278,0,0.043453,0.000451,0,0.004361,0.04062,0,0.203501,0.000265,0,0.002812,0.306615,0,0.583702,0.005549,0,0.068072,0.015292,0,0.099631,0.003103,0,0.060883,0.07657,0,0.164506,0.000359,0,0.004105,0.000206,0,0.002581,0.00033,0,0.003403,0.000344,0,0.003026,0.000327,0,0.003501,0.000258,0,0.003315,0.000197,0,0.001506,0.000298,0,0.003373,0.002534,0,0.030661,0.000223,0,0.002779,0.001091,0,0.015839,0.002212,0,0.031391,0.001882,0,0.026163,0.00032,0,0.003966,0.001694,0,0.024889,0.00035,0,0.004598,0.001782,0,0.021584
"PH_OF_6.sorted.bam","6","OF",0.057226,0.015993,0.126869,0.001107,0,0.008495,0.408907,0.349076,0.535268,0.090223,0.056453,0.14515,0.06275,0.032093,0.09755,0.124132,0.080557,0.18342,0.243993,0.027573,0.333168,0.003537,0,0.021263,0.008125,0,0.040625,0.000148,0,0.001581,0.000266,0,0.003025,6.9e-05,0,0.000788,0.028854,0,0.214249,0.000619,0,0.003601,0.01333,0,0.188026,0.004754,0,0.082703,0.000162,0,0.001469,0.167869,0.033434,0.289035,7.1e-05,0,0.00077,3e-04,0,0.002469,9.7e-05,0,0.001039,0.034108,0,0.19204,0.000743,0,0.007045,6.4e-05,0,0.000773,0.058598,0,0.150749,0.000242,0,0.002692,0.093509,0,0.325184,0.000495,0,0.006875,0.089101,0,0.171245,0.000106,0,0.000925,0.020064,0,0.140968,0.000202,0,0.002134,0.463133,0,0.66126,0.000363,0,0.003672,0.000153,0,0.00137,0.001056,0,0.011004,5.7e-05,0,0.000447,0.000333,0,0.00471,0.000253,0,0.00291,0.001333,0,0.020524,0.001169,0,0.018061,0.000721,0,0.010528,0.000176,0,0.001981,0.001185,0,0.013658,0.000115,0,0.00113,0.000987,0,0.012838,0.000234,0,0.002695,0.001729,0,0.016917,0.004748,0,0.054117,0.000148,0,0.001595,0.004875,0,0.054822,0.001717,0,0.027164,0.001675,0,0.024878,6.9e-05,0,0.000579
"PH_OF_7.sorted.bam","7","OF",0.121601,0.07543,0.187672,0.0039,0,0.035175,0.364423,0.313632,0.44593,0.06427,0.030827,0.117049,0.047393,0.018941,0.084564,0.158548,0.125823,0.204614,0.238095,0.050483,0.322395,0.001095,0,0.00893,0.000674,0,0.005242,5.4e-05,0,0.00047,0.000449,0,0.00476,3.7e-05,0,0.000378,0.075129,0,0.374068,0.000383,0,0.003784,8e-05,0,0.000703,0.000647,0,0.008149,0.000847,0,0.011768,0.125088,0.056374,0.232997,2.9e-05,0,0.000261,0.000334,0,0.004037,7.7e-05,0,0.000595,0.000269,0,0.002079,0.001369,0,0.021761,4e-05,0,0.000379,0.165501,0,0.292403,0.005414,0,0.069545,0.053127,0,0.250337,7.4e-05,0,0.000779,0.091845,0.020984,0.168569,2.8e-05,0,0.000252,0.000636,0,0.006655,0.000175,0,0.002126,0.474099,0.099284,0.642849,0.000223,0,0.002291,0.000165,0,0.001903,0.000482,0,0.001479,4.2e-05,0,0.000405,0.000254,0,0.00257,0.000263,0,0.00302,0.000467,0,0.005747,0.000111,0,0.00114,0.000543,0,0.006999,0.000194,0,0.001596,0.000167,0,0.001954,3.5e-05,0,0.000326,0.000144,0,0.001565,0.000119,0,0.001295,0.000124,0,0.001399,0.000122,0,0.00145,0.000103,0,0.000957,0.000402,0,0.004846,0.00016,0,0.001587,0.000122,0,0.000866,2.7e-05,0,0.000268
"PH_PC_10.sorted.bam","10","PC",0.009977,0,0.036924,0.033452,1e-06,0.109699,0.616299,0.502593,0.9472,0.001212,0,0.008766,0.001251,0,0.009484,0.014115,0,0.05643,0.32048,0.026654,0.437186,0.002039,0,0.01367,0.001175,0,0.008666,0.002698,0,0.02723,0.000349,0,0.00374,0.002562,0,0.032207,0.000805,0,0.011665,0.002023,0,0.033156,0.325516,0.113285,0.937336,0.000398,0,0.005043,0.000336,0,0.004196,0.000226,0,0.002717,0.000146,0,0.000973,0.000427,0,0.005496,0.000182,0,0.001948,0.000329,0,0.003823,0.000212,0,0.002588,0.000319,0,0.004155,0.007907,0,0.054153,0.006656,0,0.070385,0.007033,0,0.074121,0.000297,0,0.003325,0.000273,0,0.00317,0.002149,0,0.028423,0.003843,0,0.049652,0.051764,0,0.215228,0.570228,0,0.821958,0.000271,0,0.002919,0.00017,0,0.002066,0.000946,0,0.013934,0.006497,0,0.067091,0.000584,0,0.007897,0.000311,0,0.002907,0.000703,0,0.00762,0.000246,0,0.002484,0.000141,0,0.001497,0.000484,0,0.00632,0.000425,0,0.005343,0.000451,0,0.005999,0.000245,0,0.002994,0.000159,0,0.001571,0.000218,0,0.002136,0.000146,0,0.001702,0.00013,0,0.001346,0.000337,0,0.003952,0.000319,0,0.00423,0.000282,0,0.002833,0.000257,0,0.003593
"PH_PC_11.sorted.bam","11","PC",0.008512,0,0.040682,0.034264,2e-05,0.105938,0.595497,0.482954,0.941242,0.001319,0,0.008776,0.007037,0,0.034072,0.032709,0,0.102994,0.31396,8.8e-05,0.429701,0.005035,0,0.027024,0.001667,0,0.013869,0.000439,0,0.005748,0.000619,0,0.007495,0.010885,0,0.047364,0.001116,0,0.014018,0.005956,0,0.094626,0.283293,0.05741,0.934404,0.000271,0,0.003881,0.000284,0,0.002895,0.000423,0,0.005886,5.9e-05,0,0.000527,0.000857,0,0.012045,0.000433,0,0.004987,0.000938,0,0.013413,0.000172,0,0.002146,0.000433,0,0.004946,0.011838,0,0.076044,0.002327,0,0.031151,0.028332,0,0.195327,0.000519,0,0.006928,0.001095,0,0.015903,0.010054,0,0.048924,0.000378,0,0.002978,0.030956,0,0.208652,0.586773,0,0.854041,0.000152,0,0.001602,0.008507,0,0.065039,0.000214,0,0.002027,0.000203,0,0.002486,0.000751,0,0.010265,0.005186,0,0.048861,0.000564,0,0.007079,0.00058,0,0.008696,0.000696,0,0.009623,0.000515,0,0.007402,0.000365,0,0.004917,0.000617,0,0.009345,0.000316,0,0.003227,0.000997,0,0.013269,0.000305,0,0.00393,0.000118,0,0.001217,0.00051,0,0.007254,0.00047,0,0.005607,0.00017,0,0.002016,0.000181,0,0.001577,0.000134,0,0.001369
"PH_PC_12.sorted.bam","12","PC",0.010238,0,0.048325,0.016641,0,0.083047,0.614396,0.504181,0.936847,0.001883,0,0.013057,0.001261,0,0.009548,0.011653,0,0.06072,0.316774,0.0031,0.439815,0.002828,0,0.018456,0.024324,1e-06,0.055574,0.000771,0,0.01287,0.000902,0,0.011969,0.000623,0,0.007499,0.002238,0,0.029372,0.000362,0,0.002659,0.344876,0.142465,0.927602,0.000903,0,0.01321,0.000486,0,0.005274,0.000228,0,0.003097,0.000265,0,0.002826,0.00016,0,0.001243,0.000512,0,0.006878,0.000106,0,0.001117,0.000174,0,0.001724,0.000204,0,0.002579,0.011073,0,0.07956,0.000282,0,0.002679,0.002102,0,0.02778,0.000188,0,0.001997,0.000206,0,0.002267,0.003296,0,0.043462,0.001904,0,0.025609,0.022195,0,0.164753,0.532646,0,0.764732,0.000744,0,0.010303,0.000335,0,0.003761,0.000213,0,0.002474,0.034329,0,0.099935,0.000201,0,0.002257,0.00131,0,0.018855,0.000501,0,0.006483,0.000324,0,0.00385,0.000125,0,0.001408,0.000489,0,0.0062,0.000926,0,0.015047,0.000768,0,0.010759,0.001553,0,0.022942,0.005985,0,0.051648,0.000858,0,0.013217,0.000189,0,0.001825,0.000497,0,0.006799,0.002162,0,0.031924,0.005927,0,0.059416,0.000245,0,0.002553,0.015616,0,0.05411
"PH_PC_1.sorted.bam","1","PC",0.003331,0,0.022338,0.026683,0,0.099156,0.620137,0.506166,0.952653,0.001942,0,0.01403,0.009512,0,0.035432,0.01368,0,0.049375,0.313973,0.000644,0.426131,0.004431,0,0.023463,0.006311,0,0.038666,0.000358,0,0.004331,0.00168,0,0.024867,0.00276,0,0.033301,0.000964,0,0.013236,0.000569,0,0.00756,0.326779,0.107662,0.940148,0.000239,0,0.002349,0.000612,0,0.006136,0.000402,0,0.004673,0.000194,0,0.001809,0.000296,0,0.003307,0.003115,0,0.047147,0.000684,0,0.008699,0.000462,0,0.005273,3e-04,0,0.003196,0.001078,0,0.011687,0.001488,0,0.020634,0.008083,0,0.082617,0.000927,0,0.013063,0.002811,0,0.040442,0.001503,0,0.024351,0.001266,0,0.016912,0.037688,0,0.195994,0.57425,0,0.839542,0.000446,0,0.006541,0.008919,0,0.061325,0.000408,0,0.005205,0.001133,0,0.015878,0.000208,0,0.001561,0.001433,0,0.024082,0.00129,0,0.017906,0.000212,0,0.002229,0.001888,0,0.02615,0.000951,0,0.013697,0.001959,0,0.025594,0.000277,0,0.002692,0.000217,0,0.002139,0.001259,0,0.016963,0.000474,0,0.006242,0.000197,0,0.002116,0.00025,0,0.003538,0.008608,0,0.074964,0.000744,0,0.007703,0.000367,0,0.00423,0.000252,0,0.002541
"PH_PC_2.sorted.bam","2","PC",0.001471,0,0.010849,0.052435,0.017518,0.138122,0.590103,0.482686,0.912356,0.001008,0,0.007123,0.005319,0,0.031503,0.051829,1e-06,0.102545,0.293737,0.010282,0.408287,0.001623,0,0.011238,0.002475,0,0.017971,0.000124,0,0.000896,0.00034,0,0.00395,0.000207,0,0.00217,0.000553,0,0.0063,0.005738,0,0.100454,0.310344,0.087094,0.895814,0.000116,0,0.00138,0.000168,0,0.001791,0.000259,0,0.003367,0.000196,0,0.002687,0.000314,0,0.003564,0.000505,0,0.005941,0.000489,0,0.005589,0.000272,0,0.003225,0.00037,0,0.003741,0.000191,0,0.002105,0.026851,0,0.142797,0.051041,0,0.163638,0.00016,0,0.001582,0.005798,0,0.059839,0.003012,0,0.036645,0.000773,0,0.008597,0.070165,0,0.274354,0.500624,0,0.75472,0.000256,0,0.003299,0.002063,0,0.027361,0.010878,0,0.107082,0.000781,0,0.011279,0.000259,0,0.003184,0.000382,0,0.004793,0.000399,0,0.004809,0.000118,0,0.001276,3e-04,0,0.003925,0.00038,0,0.004514,0.000578,0,0.006905,0.000224,0,0.002731,0.000147,0,0.001297,0.000308,0,0.003688,0.000416,0,0.004928,0.000276,0,0.002963,0.000159,0,0.001858,0.002335,0,0.031313,0.000575,0,0.006361,0.000384,0,0.004663,0.000175,0,0.002189
"PH_PC_3.sorted.bam","3","PC",0.101468,0.054695,0.209257,0.026554,0,0.083994,0.444907,0.361892,0.672693,0.001088,0,0.007876,0.003551,0,0.041286,0.083997,0.050027,0.136114,0.332233,0.012953,0.436441,0.005449,0,0.027306,0.000753,0,0.005944,0.000124,0,0.001393,0.000812,0,0.011599,0.000103,0,0.000941,0.075662,0,0.414689,0.000898,0,0.013583,0.079103,0,0.495788,0.000334,0,0.004444,0.000396,0,0.005288,0.000297,0,0.002852,4.4e-05,0,0.000487,0.000223,0,0.002472,0.00012,0,0.001483,0.000133,0,0.001234,0.000205,0,0.002107,3.9e-05,0,0.000464,0.123431,0,0.211931,0.0416,0,0.16394,0.000335,0,0.002961,0.000162,0,0.001734,0.000144,0,0.001364,5e-05,0,0.000484,0.001549,0,0.025384,0.003961,0,0.044185,0.650995,0,0.861653,0.000116,0,0.001445,0.005341,0,0.081475,0.001716,0,0.030668,5.5e-05,0,0.000463,0.000547,0,0.006818,0.004772,0,0.042694,0.003131,0,0.043181,0.000508,0,0.007507,0.000762,0,0.010878,0.000235,0,0.002439,0.000568,0,0.00753,6.8e-05,0,0.000744,0.000129,0,0.001348,0.00034,0,0.00403,0.000155,0,0.001728,7e-05,0,0.000688,9.4e-05,0,0.000866,0.000272,0,0.003379,0.000109,0,0.00114,0.00024,0,0.0028,4.8e-05,0,0.000528
"PH_PC_4.sorted.bam","4","PC",0.013285,0,0.057433,0.04928,0.005987,0.148507,0.539356,0.44175,0.832828,0.001329,0,0.00981,0.015774,0,0.047355,0.043383,5e-06,0.109536,0.324325,0.035652,0.441102,0.00807,0,0.032918,0.005197,0,0.026328,0.000174,0,0.00187,0.003423,0,0.041276,0.000454,0,0.006174,0.00399,0,0.043163,0.018581,0,0.16551,0.200719,0,0.77065,0.000162,0,0.001445,0.000524,0,0.007728,0.000361,0,0.004287,5.5e-05,0,0.000592,0.003424,0,0.03846,0.004212,0,0.045326,0.00606,0,0.051832,0.000608,0,0.008126,0.000187,0,0.001904,0.002233,0,0.027835,0.010185,0,0.080803,0.065087,0,0.211151,0.000161,0,0.001305,0.007476,0,0.086667,0.000144,0,0.001404,0.010686,0,0.112757,0.054315,0,0.296378,0.577588,0,0.875129,0.000193,0,0.002095,0.003624,0,0.055835,0.000265,0,0.002767,0.000163,0,0.001418,0.00148,0,0.022129,0.003008,0,0.038186,0.003203,0,0.044864,0.000361,0,0.004369,0.005546,0,0.051909,0.000493,0,0.005335,0.000654,0,0.009192,2e-04,0,0.002231,0.000823,0,0.013217,0.003404,0,0.034126,0.002404,0,0.030155,0.00018,0,0.002169,0.000225,0,0.002348,0.000578,0,0.008034,0.001,0,0.005929,0.000995,0,0.014681,0.000393,0,0.005184
"PH_PC_5.sorted.bam","5","PC",0.014415,0,0.050129,0.019911,0,0.084819,0.568526,0.458733,0.889089,0.002273,0,0.015631,0.031319,2e-06,0.065501,0.04099,0,0.123303,0.312539,0.042182,0.435989,0.00311,0,0.01866,0.006917,0,0.035722,0.003256,0,0.029635,0.002895,0,0.04241,0.000178,0,0.002076,0.00138,0,0.015532,0.001838,0,0.026628,0.276491,0.053945,0.88225,0.000471,0,0.006985,0.000429,0,0.006712,0.00013,0,0.001208,0.001095,0,0.012964,0.000423,0,0.00489,0.000404,0,0.004765,0.001973,0,0.031287,0.000227,0,0.002638,0.000449,0,0.005178,0.005922,0,0.061363,0.006261,0,0.057157,0.063103,0,0.238247,0.000297,0,0.003077,0.000534,0,0.006877,0.000858,0,0.011659,0.009702,0,0.086377,0.026845,0,0.165561,0.511286,0,0.8136,0.000185,0,0.002121,0.057097,0,0.129035,0.000768,0,0.009695,0.008618,0,0.064452,0.000377,0,0.002862,0.00032,0,0.003686,0.001005,0,0.014286,0.000182,0,0.001853,0.00067,0,0.009496,0.001053,0,0.01549,0.001226,0,0.018222,0.000399,0,0.005105,0.001149,0,0.016672,0.000476,0,0.004886,0.003355,0,0.052274,0.000438,0,0.005434,0.000413,0,0.005335,0.002328,0,0.034953,0.000735,0,0.01018,0.000589,0,0.007859,0.002176,0,0.025129
"PH_PC_6.sorted.bam","6","PC",0.003507,0,0.028543,0.050647,0.009575,0.123964,0.566699,0.454163,0.880248,0.000798,0,0.00623,0.002628,0,0.016753,0.030931,0,0.106883,0.307019,0.048846,0.428948,0.035037,0,0.07851,0.002735,0,0.020072,0.000502,0,0.006399,0.001026,0,0.013476,0.009356,0,0.050207,0.001405,0,0.015556,0.002722,0,0.045901,0.297517,0.077354,0.878983,0.000142,0,0.00123,0.000172,0,0.001879,0.000224,0,0.002839,0.000154,0,0.001255,0.000299,0,0.002386,0.000728,0,0.010198,0.00079,0,0.010649,9.2e-05,0,0.000886,0.000133,0,0.001375,0.001812,0,0.02778,0.01318,0,0.086357,0.034919,0,0.172211,0.000228,0,0.002523,0.001311,0,0.019691,0.000657,0,0.008171,0.000549,0,0.006116,0.062949,0,0.241547,0.496847,0,0.773507,0.000161,0,0.001347,0.000724,0,0.009865,0.000496,0,0.006636,0.025471,0,0.09521,0.000386,0,0.004908,0.000605,0,0.008063,0.001252,0,0.009119,0.000178,0,0.001638,0.000657,0,0.007408,0.008017,0,0.079253,0.000957,0,0.012774,0.028747,0,0.077184,0.000391,0,0.005339,0.001201,0,0.020182,0.000204,0,0.002308,9.1e-05,0,0.000852,0.000389,0,0.004875,0.000584,0,0.005698,0.000412,0,0.004576,0.000528,0,0.006355,0.000834,0,0.01263
"PH_PC_7.sorted.bam","7","PC",0.050812,0.016641,0.125011,0.083321,0.048121,0.146746,0.340916,0.291356,0.435481,0.08623,0.05951,0.12873,0.06476,0.036631,0.115832,0.017355,0,0.066531,0.349959,0.128095,0.430226,0.003194,0,0.025161,0.003452,0,0.030909,5.6e-05,0,0.000573,0.000264,0,0.002804,4.3e-05,0,0.000471,0.000172,0,0.001927,0.038169,0,0.288641,5.3e-05,0,0.000516,0.00033,0,0.00318,0.103524,0,0.178326,0.054751,0,0.255843,3e-05,0,0.000271,0.001278,0,0.017851,0.000137,0,0.001385,0.042271,0,0.228273,0.013075,0,0.104455,3.7e-05,0,0.000419,0.000855,0,0.009489,0.000264,0,0.002884,0.000104,0,0.001234,4.5e-05,0,0.000427,0.032602,0,0.132493,2.9e-05,0,0.000224,0.098319,0.024754,0.249199,0.023688,0,0.239211,0.542445,0,0.721708,0.000221,0,0.001689,0.034081,0,0.13027,6.5e-05,0,0.000736,3.9e-05,0,0.000436,0.000103,0,0.001132,0.000256,0,0.002339,0.000432,0,0.00438,0.000192,0,0.001877,0.004864,0,0.049729,9.1e-05,0,0.000953,0.000217,0,0.002464,2.9e-05,0,0.000282,0.000191,0,0.001525,0.000256,0,0.002229,0.003381,0,0.0578,0.000264,0,0.002426,0.001138,0,0.012778,0.000624,0,0.006827,0.000805,0,0.011581,0.000175,0,0.002044,3.5e-05,0,0.000345
"PH_PC_8.sorted.bam","8","PC",0.040762,0.001377,0.081478,0.036998,0.000303,0.076268,0.55852,0.447131,0.880226,0.000724,0,0.005695,0.006974,0,0.048281,0.047894,0.00464,0.102414,0.292744,3e-06,0.410112,0.001577,0,0.011876,0.013807,0,0.058293,0.000182,0,0.001627,0.003334,0,0.064407,0.014124,0,0.05362,0.005335,0,0.102237,0.000533,0,0.006596,0.276218,0.065333,0.872964,0.000115,0,0.00127,0.000117,0,0.001217,0.00014,0,0.001421,7.7e-05,0,0.000781,0.001063,0,0.014081,0.000411,0,0.005027,0.000449,0,0.004314,0.000189,0,0.002158,0.00029,0,0.00407,0.068077,0,0.148176,0.016545,0,0.140422,0.004579,0,0.052774,0.000299,0,0.003634,0.000841,0,0.012122,0.000747,0,0.010362,0.002063,0,0.027185,0.015976,0,0.093194,0.551826,0,0.81074,0.000155,0,0.001472,0.009429,0,0.096127,0.000529,0,0.007756,0.000477,0,0.005451,0.000197,0,0.001801,0.000176,0,0.002064,0.000348,0,0.004051,0.000121,0,0.00107,0.000401,0,0.005658,0.000808,0,0.00917,0.000225,0,0.001894,0.000287,0,0.003126,0.000976,0,0.012227,0.008656,0,0.095324,0.001395,0,0.01914,0.000157,0,0.001605,0.000586,0,0.008619,0.002617,0,0.035573,0.004331,0,0.065202,0.000303,0,0.002677,0.004298,0,0.039264
"PH_PC_9.sorted.bam","9","PC",0.010307,0,0.045248,0.048689,0.002394,0.115637,0.605518,0.492107,0.9293,0.000901,0,0.007382,0.002084,0,0.014614,0.007079,0,0.034334,0.303708,4e-05,0.409656,0.020515,0,0.057217,0.0012,0,0.010031,0.000861,0,0.012706,0.000395,0,0.00494,0.025336,0,0.06543,0.001474,0,0.021931,0.010575,0,0.125613,0.317278,0.100145,0.885531,0.000268,0,0.00257,0.000183,0,0.001795,0.000175,0,0.00148,0.000123,0,0.000994,0.000567,0,0.007506,0.000919,0,0.014286,0.000318,0,0.00337,0.000189,0,0.002151,0.000297,0,0.003507,0.005056,0,0.042065,0.000833,0,0.011318,0.002269,0,0.036411,0.000162,0,0.001694,0.000385,0,0.003714,0.001578,0,0.024613,0.009543,0,0.085876,0.032849,0,0.228946,0.56073,0,0.812149,0.000303,0,0.003034,0.000726,0,0.011939,0.000383,0,0.005278,0.000777,0,0.011266,0.001222,0,0.019304,0.000765,0,0.009034,0.000831,0,0.010907,0.000135,0,0.001449,0.00034,0,0.004039,0.001673,0,0.026383,0.000926,0,0.010027,0.017513,0,0.055451,0.000364,0,0.003119,0.000188,0,0.002098,0.000109,0,0.001028,0.00014,0,0.001203,0.000129,0,0.00149,0.000241,0,0.002381,0.000401,0,0.003911,0.000111,0,0.000957,0.000358,0,0.004391
"PH_PM_10.sorted.bam","10","PM",0.000672,0,0.004948,0.000341,0,0.002514,0.000492,0,0.003786,0.970734,0.942087,0.995571,5e-04,0,0.004201,0.020577,0,0.052943,0.000856,0,0.006576,0.001745,0,0.016514,0.004082,0,0.023329,0.00024,0,0.003023,4.8e-05,0,5e-04,5.3e-05,0,0.000612,7.7e-05,0,0.000784,6.2e-05,0,0.000702,0.000151,0,0.001833,0.000101,0,0.001104,9.2e-05,0,0.001003,9.5e-05,0,0.000808,0.97021,0.941719,0.995438,7.8e-05,0,0.000882,5.8e-05,0,0.000533,8.1e-05,0,0.000926,6.5e-05,0,0.000562,0.000208,0,0.00274,0.00018,0,0.002497,8.2e-05,0,0.000844,0.000114,0,0.00131,0.000256,0,0.002872,9.4e-05,0,0.000806,0.019745,0,0.0528,0.000187,0,0.001894,1e-04,0,0.000832,9.7e-05,0,0.001159,0.000101,0,0.001202,6.3e-05,0,0.000707,0.000441,0,0.006302,0.00022,0,0.002151,7.4e-05,0,0.000838,7.8e-05,0,0.000796,9.2e-05,0,0.001189,0.000225,0,0.002158,8.6e-05,0,0.000828,0.000292,0,0.002867,2e-04,0,0.00259,0.001165,0,0.015724,0.000119,0,0.001322,5.8e-05,0,0.000636,6.6e-05,0,0.000646,0.000115,0,0.001348,5.8e-05,0,0.000649,0.000207,0,0.002505,8.3e-05,0,0.000857,0.000113,0,0.00111,0.003674,0,0.023013
"PH_PM_11.sorted.bam","11","PM",0.002593,0,0.020735,0.000731,0,0.005847,0.02205,0,0.061235,0.929168,0.886291,0.967205,0.003028,0,0.017517,0.018835,0,0.06375,0.015312,0,0.045869,0.006432,0,0.042489,0.001851,0,0.015536,7e-04,0,0.010589,0.000212,0,0.002401,0.000105,0,0.001073,0.000215,0,0.003017,0.000211,0,0.002223,0.008622,0,0.060147,0.000218,0,0.00193,8.2e-05,0,0.000939,0.00142,0,0.021022,0.924096,0.868028,0.96587,0.000302,0,0.003595,0.00014,0,0.001546,0.000823,0,0.012458,0.00026,0,0.00336,0.001037,0,0.012468,0.001153,0,0.016156,0.000146,0,0.001073,0.006959,0,0.061218,0.000528,0,0.0061,0.000209,0,0.002456,0.01355,0,0.061605,0.000891,0,0.01107,0.000207,0,0.001962,0.015455,0,0.073002,0.006753,0,0.06921,0.001839,0,0.024225,0.000323,0,0.00361,0.001822,0,0.027873,0.000485,0,0.007243,0.000173,0,0.001929,0.001551,0,0.021392,0.000656,0,0.007923,0.000174,0,0.001666,0.001116,0,0.016454,0.000218,0,0.001347,0.004161,0,0.041938,0.000309,0,0.003655,7.9e-05,0,0.000873,0.000221,0,0.002105,0.000226,0,0.002351,0.000235,0,0.002499,0.000138,0,0.001354,0.001294,0,0.020858,0.000168,0,0.00154,0.000516,0,0.007429
"PH_PM_12.sorted.bam","12","PM",0.002434,0,0.015021,0.000509,0,0.003859,0.000896,0,0.007094,0.953008,0.915087,0.991231,0.00169,0,0.010782,0.036727,1e-06,0.077213,0.001811,0,0.010636,0.002048,0,0.016741,0.000876,0,0.006633,0.001008,0,0.012884,0.000151,0,0.001453,8.2e-05,0,0.000943,0.000154,0,0.001183,9.9e-05,0,0.001062,0.000269,0,0.003356,0.000323,0,0.00351,6.8e-05,0,0.000659,0.000149,0,0.001752,0.952226,0.914753,0.990765,0.000274,0,0.002711,0.000104,0,0.001122,0.000114,0,0.001505,0.000103,0,0.001233,0.000745,0,0.009324,0.000487,0,0.005434,0.000102,0,0.000766,0.000223,0,0.001667,0.000412,0,0.002982,0.000322,0,0.003727,0.035321,0,0.076883,0.000911,0,0.013022,0.000172,0,0.002068,0.00031,0,0.003779,0.000201,0,0.002112,0.000523,0,0.006822,0.000161,0,0.001856,0.000375,0,0.005099,0.000347,0,0.004145,8.1e-05,0,0.000897,0.000127,0,0.001501,0.000208,0,0.002237,0.000208,0,0.002106,0.000978,0,0.014665,0.000448,0,0.005906,0.000794,0,0.012705,0.000204,0,0.002443,7.8e-05,0,0.000863,7.9e-05,0,0.000738,1e-04,0,0.000819,0.000243,0,0.00326,0.000127,0,0.001217,0.000145,0,0.001738,0.00011,0,0.000993,0.000332,0,0.004161
"PH_PM_1.sorted.bam","1","PM",0.001526,0,0.013344,0.002189,0,0.01408,0.015025,0,0.043272,0.921305,0.881796,0.957073,0.002319,0,0.015975,0.034722,2.3e-05,0.078349,0.013956,0,0.045805,0.001544,0,0.011802,0.007414,0,0.027007,0.000147,0,0.001274,0.000152,0,0.001586,0.000351,0,0.00478,0.000135,0,0.001502,0.000572,0,0.007543,0.003746,0,0.034375,0.000202,0,0.002097,0.000118,0,0.00108,0.000259,0,0.001908,0.918853,0.873544,0.956003,0.000132,0,0.001482,0.000163,0,0.002249,0.000263,0,0.002514,0.000252,0,0.003232,0.000122,0,0.001043,0.000508,0,0.004499,0.00036,0,0.004923,0.017917,0,0.076156,0.001362,0,0.02015,0.001387,0,0.021312,0.021367,0,0.075588,0.000985,0,0.014332,0.001856,0,0.023369,0.001334,0,0.019246,0.001924,0,0.029398,0.001831,0,0.02411,0.003114,0,0.040612,0.004827,0,0.042897,0.000217,0,0.002365,0.000125,0,0.001251,0.000329,0,0.003265,0.000385,0,0.004922,0.000128,0,0.001654,0.001005,0,0.015279,0.000203,0,0.002551,0.000246,0,0.002799,0.000426,0,0.003978,0.000331,0,0.002533,0.001749,0,0.023388,0.000401,0,0.004864,0.000238,0,0.00239,0.001056,0,0.012926,0.00701,0,0.047879,0.000204,0,0.002477,0.001707,0,0.017977
"PH_PM_2.sorted.bam","2","PM",0.002017,0,0.01496,0.008281,0,0.036902,0.002427,0,0.019214,0.813096,0.776452,0.853986,0.036411,0.014926,0.059087,0.058885,0.025039,0.092289,0.074039,0.040313,0.105979,0.002723,0,0.019034,0.002122,0,0.017091,8.5e-05,0,0.00085,0.000314,0,0.003874,0.000125,0,0.001234,0.000356,0,0.00416,0.000328,0,0.003529,9.5e-05,0,0.00084,0.001148,0,0.014906,0.011715,0,0.071846,0.002303,0,0.035186,0.639504,0.565232,0.717671,0.000311,0,0.003366,0.000276,0,0.0029,0.000273,0,0.002673,0.070277,0.021959,0.116675,7.2e-05,0,0.000681,0.000694,0,0.008022,0.001872,0,0.024555,0.000737,0,0.009993,0.112416,0.040837,0.180411,0.000575,0,0.006392,0.000109,0,0.000948,0.000602,0,0.008164,0.000685,0,0.009414,0.000207,0,0.002288,0.145162,0.078568,0.208898,0.00039,0,0.003901,8.5e-05,0,0.000873,7.1e-05,0,0.000716,0.000159,0,0.001847,0.000868,0,0.012934,0.000298,0,0.003308,0.002571,0,0.032021,0.000513,0,0.005754,0.000167,0,0.001932,0.000392,0,0.005485,1e-04,0,0.001052,0.000278,0,0.003192,0.000254,0,0.002944,0.000162,0,0.001871,0.001591,0,0.024343,6e-05,0,0.000598,0.001007,0,0.014938,0.000413,0,0.004206,0.000278,0,0.003825,9.9e-05,0,0.001173
"PH_PM_3.sorted.bam","3","PM",0.001455,0,0.00984,0.000773,0,0.005485,0.000681,0,0.005367,0.961084,0.922359,0.996505,0.001403,0,0.010323,0.028216,0,0.0708,0.001502,0,0.011515,0.002484,0,0.015295,0.002403,0,0.017417,0.000335,0,0.004255,0.000157,0,0.001836,8.4e-05,0,0.001005,0.000167,0,0.001572,0.000114,0,0.001312,0.000142,0,0.001563,0.000121,0,0.001348,8.7e-05,0,0.000919,0.000119,0,0.001141,0.960136,0.92131,0.996187,0.000262,0,0.002622,0.000166,0,0.002204,0.000127,0,0.00111,0.000104,0,0.001107,0.000608,0,0.008147,0.000559,0,0.007524,0.00022,0,0.002616,0.000132,0,0.001347,0.000794,0,0.009834,0.000254,0,0.003022,0.026125,0,0.070381,0.000197,0,0.001709,9.5e-05,0,0.000906,0.000169,0,0.001517,0.000238,0,0.002979,0.000214,0,0.002476,0.001056,0,0.017005,0.000202,0,0.002309,0.000519,0,0.007554,0.000415,0,0.005685,0.000112,0,0.001301,0.000231,0,0.002813,0.000231,0,0.003338,0.000554,0,0.006773,0.000245,0,0.00296,0.001008,0,0.012837,0.000257,0,0.003377,0.000125,0,0.001076,0.000139,0,0.001675,0.000202,0,0.002187,0.000232,0,0.002646,0.000612,0,0.009343,0.000385,0,0.004755,0.000645,0,0.010187,0.001104,0,0.015625
"PH_PM_4.sorted.bam","4","PM",0.012061,0,0.036935,0.003734,0,0.018739,0.001785,0,0.01136,0.961794,0.929952,0.989667,0.000765,0,0.006121,0.006335,0,0.034478,0.006804,0,0.029232,0.00405,0,0.021624,0.002672,0,0.016619,0.008272,0,0.035973,0.000384,0,0.004697,0.00059,0,0.008517,0.000577,0,0.008985,0.00017,0,0.002111,0.000279,0,0.003751,0.000309,0,0.003348,0.000261,0,0.003252,0.000412,0,0.004605,0.959972,0.924413,0.989301,0.000364,0,0.005276,0.000111,0,0.001032,0.000108,0,0.000966,0.000103,0,0.001004,0.000116,0,0.001466,0.001183,0,0.017893,0.00192,0,0.025571,0.000452,0,0.005846,0.000662,0,0.009446,6.3e-05,0,0.000599,0.00307,0,0.031122,0.001969,0,0.029404,0.002665,0,0.028256,0.00072,0,0.010507,0.001065,0,0.015254,0.000302,0,0.003743,0.00139,0,0.022056,0.002084,0,0.025574,0.001884,0,0.023855,0.00061,0,0.009361,0.000352,0,0.004172,0.00045,0,0.005135,0.000172,0,0.001831,0.000536,0,0.00665,0.000965,0,0.015349,0.001402,0,0.018239,0.000909,0,0.013853,0.000166,0,0.001023,0.000221,0,0.002711,0.000381,0,0.005405,7.6e-05,0,0.000747,0.000325,0,0.00344,0.000364,0,0.003993,0.000326,0,0.00428,0.001288,0,0.015143
"PH_PM_6.sorted.bam","6","PM",0.000668,0,0.005371,0.000481,0,0.00378,0.000498,0,0.003716,0.951762,0.914402,0.99472,0.00085,0,0.006713,0.04258,1e-06,0.080515,0.001421,0,0.009387,0.00069,0,0.005382,0.00105,0,0.009061,0.000167,0,0.00205,6.2e-05,0,0.000564,0.000135,0,0.001478,0.000103,0,0.001093,4.9e-05,0,0.000485,0.000105,0,0.001098,0.000128,0,0.001321,6.7e-05,0,0.000673,9.2e-05,0,0.000856,0.951179,0.913487,0.994297,5.2e-05,0,0.000634,8.3e-05,0,0.000859,8.7e-05,0,0.000939,0.000166,0,0.002081,0.000195,0,0.002321,0.000212,0,0.00194,9.7e-05,0,0.00108,0.000202,0,0.001896,0.00029,0,0.00357,0.000307,0,0.003641,0.0417,0,0.079995,0.000271,0,0.003433,0.000162,0,0.001793,8.7e-05,0,0.000928,0.000239,0,0.002701,0.000397,0,0.005971,0.000236,0,0.001832,0.000485,0,0.006969,8.4e-05,0,0.000811,7e-05,0,8e-04,9.2e-05,0,0.000947,8.6e-05,0,0.000741,7.2e-05,0,0.00083,0.000198,0,0.001878,0.000162,0,0.001584,0.000259,0,0.003242,8.8e-05,0,0.000741,0.000103,0,0.000989,7.2e-05,0,0.000694,1e-04,0,0.001042,0.000144,0,0.00102,0.000216,0,0.002415,0.000318,0,0.004162,1e-04,0,0.001091,0.00048,0,0.006587
"PH_PM_7.sorted.bam","7","PM",0.001296,0,0.00932,0.000561,0,0.004468,0.000623,0,0.004867,0.962022,0.922477,0.99851,0.000598,0,0.004728,0.031372,0,0.072197,0.002007,0,0.014155,0.00093,0,0.007185,0.00059,0,0.004667,0.000206,0,0.002477,0.00017,0,0.00203,0.000128,0,0.001512,0.000113,0,0.001352,9.9e-05,0,0.001022,0.000126,0,0.001224,0.000312,0,0.003806,4.3e-05,0,0.000459,0.000131,0,0.001416,0.961259,0.920972,0.998358,0.000191,0,0.002163,7.9e-05,0,0.000824,0.000101,0,0.001082,1e-04,0,0.001163,7.8e-05,0,0.000692,0.00072,0,0.010917,9.8e-05,0,0.001032,0.000176,0,0.002074,0.000288,0,0.002713,0.000119,0,0.001262,0.030074,0,0.071752,0.000463,0,0.006494,0.000193,0,0.001968,0.000226,0,0.002611,0.000417,0,0.004618,0.000212,0,0.002574,0.000618,0,0.008577,0.000774,0,0.010977,0.000104,0,0.001049,0.000108,0,0.001121,9.1e-05,0,0.000863,0.000129,0,0.001525,0.000172,0,0.002253,0.00039,0,0.00542,0.000194,0,0.002325,0.000303,0,0.003951,0.000104,0,0.000935,7.7e-05,0,0.000985,5.8e-05,0,0.000691,0.000106,0,0.001228,6.7e-05,0,0.000738,0.000189,0,0.002308,0.000143,0,0.001527,6.6e-05,0,0.000646,0.000185,0,0.002491
"PH_PM_8.sorted.bam","8","PM",0.001122,0,0.00819,0.000669,0,0.005419,0.001173,0,0.008095,0.946933,0.906266,0.982489,0.002372,0,0.015023,0.03188,0,0.080626,0.005143,0,0.027873,0.00153,0,0.010511,0.009177,0,0.039037,0.000243,0,0.002566,9.7e-05,0,0.000955,9.5e-05,0,0.001035,0.000221,0,0.002383,6.5e-05,0,0.00074,0.000137,0,0.00168,0.000189,0,0.002146,0.000144,0,0.001748,0.000129,0,0.001177,0.945667,0.903318,0.981573,2e-04,0,0.00219,0.000292,0,0.003597,0.000312,0,0.004135,0.000285,0,0.003512,0.000397,0,0.005312,0.000275,0,0.002745,0.000124,0,0.000968,0.000251,0,0.002633,0.001161,0,0.015374,0.000479,0,0.005916,0.029728,0,0.079848,0.00035,0,0.004751,0.000159,0,0.001542,0.000436,0,0.006111,0.000264,0,0.003036,0.001764,0,0.023038,0.001106,0,0.017903,0.002298,0,0.025662,0.000276,0,0.003537,5.7e-05,0,0.000619,0.000348,0,0.004493,0.000191,0,0.002871,0.000247,0,0.00304,0.000194,0,0.002262,0.000221,0,0.002499,0.000589,0,0.008157,0.000151,0,0.001071,0.000211,0,0.002108,0.00031,0,0.003874,0.000169,0,0.002084,0.000372,0,0.005157,0.000714,0,0.009287,0.00139,0,0.019957,0.000348,0,0.005031,0.007346,0,0.038737
"PH_PM_9.sorted.bam","9","PM",0.071373,0.032775,0.117241,0.005129,0,0.02722,0.202739,0.157047,0.280129,0.415313,0.375324,0.465484,0.048225,0.023427,0.074708,0.088663,0.039868,0.133909,0.163295,0.066296,0.215804,0.002482,0,0.026341,0.00278,0,0.024027,4.8e-05,0,0.000518,0.000274,0,0.00349,3.4e-05,0,0.000303,0.000163,0,0.001212,0.000104,0,0.00097,0.00011,0,0.000808,0.064321,0,0.231157,0.006623,0,0.051371,0.403332,0.309599,0.559084,0.000176,0,0.001773,0.000137,0,0.001039,0.00017,0,0.001934,0.000163,0,0.001894,0.012283,0,0.100356,3.9e-05,0,0.000406,0.077184,0,0.173195,0.001996,0,0.028733,0.000249,0,0.002449,0.013433,0,0.113418,0.083074,0,0.146907,5.3e-05,0,0.000493,0.000361,0,0.002855,0.00067,0,0.009522,0.000938,0,0.009896,0.323373,0.130612,0.42831,0.000218,0,0.002258,0.000132,0,0.001193,3.3e-05,0,0.000263,0.000117,0,0.001071,0.000181,0,0.002516,0.00019,0,0.001963,0.003738,0,0.051863,0.000164,0,0.001993,0.000183,0,0.00181,0.000164,0,0.001387,4.1e-05,0,0.000443,9.3e-05,0,0.000885,0.000171,0,0.001905,0.000119,0,0.001229,0.00317,0,0.043882,0.000164,0,0.001645,0.00097,0,0.011885,0.00067,0,0.009715,0.000142,0,0.00139,3.1e-05,0,0.000281
"PH_PR_11.sorted.bam","11","PR",0.293281,0.222837,0.373983,0.000884,0,0.006738,0.031271,0,0.075588,0.120992,0.076327,0.163993,0.001297,0,0.009307,0.492327,0.448511,0.559669,0.032427,0,0.08725,0.026044,0,0.064683,0.001479,0,0.011523,0.000467,0,0.006314,0.000112,0,0.001335,0.000124,0,0.001546,0.000192,0,0.001846,0.000152,0,0.001338,0.001555,0,0.02429,0.000494,0,0.004773,0.000246,0,0.002316,0.000311,0,0.003139,0.001714,0,0.025319,0.000143,0,0.00149,0.000154,0,0.00165,0.000124,0,0.001169,0.000312,0,0.00326,0.000298,0,0.003814,0.583611,0.439968,0.745786,0.000258,0,0.003238,0.008788,0,0.098445,0.208466,0.046046,0.319528,0.000383,0,0.005282,0.089564,0,0.230754,0.000614,0,0.005499,0.000326,0,0.00376,0.048979,0,0.147573,0.001302,0,0.012451,0.000364,0,0.004958,0.001258,0,0.016612,0.001559,0,0.020924,0.000339,0,0.002784,0.000165,0,0.001888,0.000615,0,0.006653,0.027089,0,0.108984,0.000287,0,0.002583,0.002228,0,0.030444,0.008203,0,0.072996,0.00652,0,0.056552,0.000122,0,0.001207,0.000105,0,0.001067,0.00027,0,0.002205,0.000336,0,0.004639,0.00023,0,0.002842,0.000535,0,0.006639,0.00069,0,0.009176,0.00012,0,0.000932,0.000274,0,0.003033
"PH_PR_12.sorted.bam","12","PR",0.312573,0.249585,0.368919,0.000944,0,0.007233,0.003873,0,0.031127,0.070985,0.027326,0.117326,0.018637,0,0.043848,0.558706,0.510192,0.620934,0.026783,0,0.074512,0.005645,0,0.035609,0.001853,0,0.012654,0.000344,0,0.004382,0.000178,0,0.001728,0.000146,0,0.00151,0.000249,0,0.002078,0.000229,0,0.002589,0.000102,0,0.000978,0.000381,0,0.0044,0.000207,0,0.001498,0.000628,0,0.010064,0.004078,0,0.046073,0.000365,0,0.005508,0.000164,0,0.001624,0.000307,0,0.00363,0.001341,0,0.019505,0.001791,0,0.021818,0.621294,0.494334,0.733587,0.000342,0,0.004139,0.000705,0,0.007221,0.114082,0,0.228444,0.00426,0,0.04634,0.186762,0.082073,0.280971,0.0014,0,0.016678,0.000268,0,0.003053,0.004893,0,0.061335,0.011713,0,0.098385,0.02662,0,0.085702,0.000723,0,0.00861,0.002565,0,0.035474,0.000331,0,0.003752,9.8e-05,0,0.001043,0.000291,0,0.003494,0.005015,0,0.065443,0.000307,0,0.003322,0.001802,0,0.026591,0.002202,0,0.033817,0.000447,0,0.006898,0.00026,0,0.003537,0.000111,0,0.001099,0.000241,0,0.002126,0.000447,0,0.005698,0.000327,0,0.004373,0.000681,0,0.00901,0.000617,0,0.008605,0.000353,0,0.004752,0.000335,0,0.004341
"PH_PR_1.sorted.bam","1","PR",0.319478,0.254374,0.39227,0.000918,0,0.007055,0.009786,0,0.054377,0.053771,0.018291,0.087746,0.004708,0,0.026767,0.549336,0.492188,0.619986,0.04177,0,0.101591,0.018377,0,0.060901,0.001855,0,0.014238,0.000172,0,0.001464,9.5e-05,0,0.000839,0.000132,0,0.00128,0.000138,0,0.001492,0.000219,0,0.002439,0.000662,0,0.009668,0.024542,0,0.133177,0.000233,0,0.002645,0.001616,0,0.024018,0.001879,0,0.027992,0.000454,0,0.005153,8.7e-05,0,0.000931,0.000635,0,0.009325,0.000276,0,0.003204,0.000496,0,0.006861,0.611771,0.469112,0.729838,0.000266,0,0.003209,0.011277,0,0.104629,0.000713,0,0.009118,0.000689,0,0.008879,0.229414,0.146885,0.351416,0.001057,0,0.016163,0.000354,0,0.004179,0.002419,0,0.028186,0.062509,0,0.16181,0.005849,0,0.050693,0.00185,0,0.026973,0.000517,0,0.004959,0.000345,0,0.002612,0.000231,0,0.002912,0.00152,0,0.024122,0.013176,0,0.102258,0.000288,0,0.003599,0.012779,0,0.102452,0.007544,0,0.07376,0.000222,0,0.002029,0.00021,0,0.002272,8.9e-05,0,0.000801,0.000424,0,0.004541,0.000718,0,0.010429,0.000144,0,0.001347,5e-04,0,0.00626,0.000926,0,0.013067,0.000426,0,0.004177,0.000137,0,0.001354
"PH_PR_2.sorted.bam","2","PR",0.292816,0.231433,0.371766,0.000645,0,0.00497,0.066339,3e-06,0.110928,0.07139,0.034455,0.110799,0.001557,0,0.011208,0.502746,0.4507,0.576837,0.035496,0,0.109401,0.024874,0,0.072694,0.004137,0,0.028458,0.001018,0,0.014667,0.000109,0,0.001156,9.3e-05,0,0.000834,0.000173,0,0.00188,0.000131,0,0.001342,0.000307,0,0.002565,0.000129,0,0.00121,0.000129,0,0.001203,0.000278,0,0.002244,0.000536,0,0.006627,0.00039,0,0.005845,8.2e-05,0,0.000793,0.000158,0,0.001581,0.000299,0,0.002678,0.000211,0,0.002779,0.578099,0.449132,0.74181,0.00012,0,0.001139,0.082086,0,0.208989,0.137963,0.063588,0.217423,0.000264,0,0.002633,0.072119,0,0.197049,0.002821,0,0.040038,0.000148,0,0.00168,0.047866,0,0.206826,0.002302,0,0.036926,0.00105,0,0.013944,0.014997,0,0.123621,0.000309,0,0.002656,0.001603,0,0.02631,0.000207,0,0.002812,0.000986,0,0.013758,0.000375,0,0.003066,0.000225,0,0.001868,0.043967,0,0.142439,0.000303,0,0.002799,0.000417,0,0.004496,0.000273,0,0.003385,0.000179,0,0.002085,0.000385,0,0.004314,0.000232,0,0.002492,0.000224,0,0.002811,0.003759,0,0.049191,0.000887,0,0.012729,0.001251,0,0.019755,0.000542,0,0.007984
"PH_PR_3.sorted.bam","3","PR",0.254918,0.178452,0.324627,0.001186,0,0.009047,0.010159,0,0.04585,0.140927,0.090164,0.19281,0.000798,0,0.005893,0.535091,0.476903,0.617527,0.020832,0,0.081044,0.032543,1e-06,0.071939,0.003545,0,0.025506,0.000456,0,0.004866,0.000152,0,0.001597,0.000169,0,0.001652,0.00021,0,0.002048,0.000285,0,0.00349,0.000927,0,0.013811,0.000669,0,0.006977,0.000549,0,0.006985,0.000668,0,0.008285,0.002923,0,0.039331,0.00011,0,0.0011,6.7e-05,0,0.000763,0.000118,0,0.001261,0.000277,0,0.003656,0.000139,0,0.00103,0.507037,0.355916,0.6469,0.000289,0,0.003699,0.010382,0,0.082836,0.218121,0,0.373862,0.000231,0,0.002487,0.151823,0,0.28827,0.000267,0,0.002085,0.00026,0,0.002712,0.004627,0,0.058655,0.026581,0,0.142033,0.000227,0,0.001811,0.002386,0,0.029988,0.000204,0,0.002321,0.000289,0,0.00346,0.000258,0,0.003092,0.001931,0,0.034888,0.027905,0,0.112319,0.000139,0,0.001487,0.025692,0,0.140512,0.005703,0,0.066576,0.001262,0,0.02031,0.000191,0,0.001952,0.000174,0,0.001974,0.000243,0,0.002734,0.001239,0,0.017814,0.00015,0,0.001763,0.002398,0,0.028744,0.001206,0,0.017679,0.000647,0,0.006433,0.000421,0,0.0057
"PH_PR_4.sorted.bam","4","PR",0.357823,0.30523,0.40976,0.001267,0,0.009551,0.000888,0,0.007094,0.090852,0.054807,0.132016,0.001037,0,0.007367,0.515242,0.478372,0.565823,0.029842,0,0.090106,0.001783,0,0.013145,0.001266,0,0.009904,0.000414,0,0.004238,0.000162,0,0.001344,1e-04,0,0.000823,0.000112,0,0.000913,0.000133,0,0.00142,8.7e-05,0,0.00084,0.00066,0,0.009314,0.000415,0,0.004453,0.000142,0,0.001296,0.000355,0,0.0048,0.000207,0,0.002433,0.000198,0,0.002057,0.000118,0,0.001254,0.000213,0,0.002665,7.6e-05,0,0.000748,0.712712,0.607113,0.815428,0.00069,0,0.009905,0.000432,0,0.00598,0.122115,0,0.261902,0.000482,0,0.006491,0.096124,0,0.214214,0.000292,0,0.003344,0.000228,0,0.002531,0.000265,0,0.002618,0.056619,0,0.177612,0.000292,0,0.0042,0.000583,0,0.005926,0.000318,0,0.002825,0.000434,0,0.006069,0.000348,0,0.003755,0.000228,0,0.002455,0.000559,0,0.008352,0.000252,0,0.002609,0.000461,0,0.00624,0.000422,0,0.003787,0.000378,0,0.004355,0.000239,0,0.002547,0.000161,0,0.001919,0.000172,0,0.001887,0.000271,0,0.003307,0.000161,0,0.001569,0.000763,0,0.009195,0.000348,0,0.003682,0.000107,0,0.001225,0.000155,0,0.00168
"PH_PR_5.sorted.bam","5","PR",0.33229,0.277611,0.391783,0.001265,0,0.009953,0.011341,0,0.046489,0.097145,0.056063,0.143331,0.001382,0,0.010791,0.514346,0.471995,0.581252,0.038322,0,0.099765,0.001459,0,0.01176,0.00245,0,0.019009,0.000212,0,0.002372,0.000139,0,0.001574,0.000302,0,0.003865,0.000177,0,0.001886,0.000339,0,0.00439,0.000771,0,0.009428,0.000389,0,0.00338,0.000199,0,0.00213,0.000692,0,0.008927,0.001086,0,0.014913,0.00013,0,0.001361,6.3e-05,0,0.000583,0.000314,0,0.00394,0.000187,0,0.001707,0.000493,0,0.007025,0.662194,0.553756,0.782479,0.00021,0,0.002221,0.001032,0,0.013583,0.141512,0,0.285159,0.000256,0,0.003167,0.11086,0,0.233352,0.000782,0,0.009013,0.000727,0,0.007767,0.018116,0,0.090708,0.048656,0,0.181878,0.000554,0,0.006695,0.000568,0,0.00499,0.002072,0,0.029423,0.000199,0,0.002697,8.7e-05,0,0.000865,0.000236,0,0.002938,0.000218,0,0.002451,0.00017,0,0.001682,0.00044,0,0.005842,0.000483,0,0.003312,0.000476,0,0.005489,0.000148,0,0.001603,0.000162,0,0.001652,0.000234,0,0.002507,0.000265,0,0.003504,0.000104,0,0.001209,0.00076,0,0.008528,0.002616,0,0.032504,0.000132,0,0.001405,0.00024,0,0.002376
"PH_PR_6.sorted.bam","6","PR",0.286189,0.223734,0.343358,0.00066,0,0.005235,0.01171,0,0.061157,0.094505,0.060699,0.137395,0.000799,0,0.005923,0.570218,0.513451,0.629305,0.026702,0,0.090841,0.007045,0,0.039967,0.002172,0,0.016523,0.000337,0,0.003497,0.000139,0,0.00112,7.3e-05,0,0.000698,0.000628,0,0.008505,8.7e-05,0,0.000933,0.000299,0,0.003694,0.002847,0,0.039888,0.000157,0,0.001624,0.000737,0,0.010942,0.001015,0,0.015199,0.000183,0,0.00172,0.000115,0,0.001274,0.000131,0,0.001425,0.000179,0,0.001952,1e-04,0,0.001219,0.53722,0.363375,0.674224,0.000116,0,0.00102,0.001085,0,0.015838,0.180426,0.103678,0.269504,0.000187,0,0.002182,0.206683,0.112312,0.289332,0.030029,0,0.167603,0.000373,0,0.003874,0.01847,0,0.120715,0.000727,0,0.009482,0.00034,0,0.004503,0.000286,0,0.002781,0.000197,0,0.002448,0.000446,0,0.003583,9.3e-05,0,0.000829,0.001304,0,0.018643,0.001359,0,0.019202,0.000161,0,0.001635,0.006083,0,0.066007,0.002481,0,0.038207,0.000694,0,0.011,0.000212,0,0.002271,9.5e-05,0,0.000956,0.00038,0,0.004246,0.000549,0,0.007087,0.000102,0,0.00094,0.001666,0,0.023972,0.000306,0,0.003147,0.000775,0,0.012154,0.000131,0,0.001313
"PH_PR_8.sorted.bam","8","PR",0.299539,0.231404,0.362409,0.001105,0,0.008717,0.01352,0,0.076062,0.079243,0.045902,0.11898,0.001809,0,0.013515,0.531369,0.477836,0.604097,0.047592,0,0.106824,0.024416,0,0.060593,0.001408,0,0.010348,0.000241,0,0.002988,0.000142,0,0.001504,0.000262,0,0.002995,0.000768,0,0.011156,0.000251,0,0.003066,0.000222,0,0.002833,0.000866,0,0.005703,0.000234,0,0.002654,0.000261,0,0.001984,0.005064,0,0.046597,0.000242,0,0.002907,0.000141,0,0.001221,0.000203,0,0.00244,0.000378,0,0.004219,0.000437,0,0.005893,0.593513,0.454474,0.720581,0.000153,0,0.001485,0.000814,0,0.010619,0.085395,0,0.231288,5e-04,0,0.006409,0.182275,0.042062,0.270299,0.001232,0,0.013032,0.000368,0,0.003701,0.023626,0,0.150988,0.059144,0,0.168478,0.000656,0,0.009154,0.002482,0,0.026404,0.000966,0,0.016193,0.001619,0,0.026392,0.000337,0,0.001954,0.000541,0,0.006781,0.001677,0,0.026318,0.000413,0,0.004315,0.01492,0,0.090554,0.005411,0,0.063141,0.011709,0,0.055912,0.000212,0,0.00181,5.9e-05,0,0.000632,0.000131,0,0.001033,0.000403,0,0.004107,0.000209,0,0.001801,0.000411,0,0.005133,0.000331,0,0.004614,0.000497,0,0.006695,0.000281,0,0.002922
"PH_PT_12.sorted.bam","12","PT",0.181945,0.126749,0.26428,0.047404,0.00012,0.107711,0.265541,0.176715,0.444772,0.004244,0,0.025796,0.001899,0,0.01244,0.193532,0.135707,0.280055,0.205789,1e-06,0.318834,0.065032,0.023679,0.110022,0.034613,2e-06,0.069634,0.000601,0,0.007135,0.000211,0,0.002484,0.003413,0,0.036383,0.005706,0,0.095135,0.001926,0,0.026754,0.099022,0,0.430732,0.000139,0,0.001261,0.000355,0,0.003865,0.000635,0,0.007247,0.00211,0,0.023972,0.000296,0,0.003578,0.000529,0,0.007377,0.000313,0,0.003597,0.000388,0,0.004964,0.00013,0,0.001399,0.221066,0,0.471535,0.016268,0,0.113757,0.110956,0,0.410896,0.001025,0,0.01424,0.000658,0,0.00952,0.000978,0,0.011954,0.095898,0,0.351089,0.050743,0,0.210587,0.2118,0,0.52824,0.00027,0,0.003723,0.000467,0,0.004911,0.011008,0,0.095271,0.016825,0,0.08707,0.030632,0,0.159078,0.013065,0,0.11032,0.000472,0,0.006065,0.000502,0,0.006187,0.000618,0,0.00932,0.003148,0,0.046682,0.001801,0,0.028582,0.029519,0,0.100255,0.00874,0,0.09841,0.004884,0,0.074702,0.00123,0,0.017686,0.000955,0,0.015367,0.000267,0,0.002889,0.02098,0,0.116215,0.005941,0,0.074865,0.02079,0,0.117792,0.002719,0,0.031992
"PH_PT_2.sorted.bam","2","PT",0.201994,0.140721,0.303245,0.038038,5.6e-05,0.073328,0.269938,0.204116,0.424647,0.001812,0,0.012581,0.00137,0,0.010855,0.176773,0.133075,0.234574,0.229517,0.026177,0.331592,0.069533,0.033293,0.109235,0.011025,0,0.050562,0.006008,0,0.055857,0.000137,0,0.001267,0.021626,0,0.067785,0.029316,0,0.260309,0.003005,0,0.038643,0.092025,0,0.360332,0.000368,0,0.004497,0.000247,0,0.002651,0.000342,0,0.003557,0.000676,0,0.008337,0.00026,0,0.002577,0.000251,0,0.002135,0.000216,0,0.002139,0.000183,0,0.001834,0.000131,0,0.001057,0.333679,0.247867,0.429768,0.000465,0,0.005939,0.000354,0,0.003669,0.000151,0,0.001159,0.000264,0,0.002903,0.000285,0,0.003556,0.025809,0,0.20348,0.004136,0,0.059255,0.321533,0,0.509009,0.000213,0,0.002471,0.000831,0,0.011801,0.000582,0,0.007167,0.00076,0,0.006939,0.001569,0,0.021232,0.023893,0,0.130757,0.000398,0,0.004702,0.000309,0,0.00352,0.000349,0,0.003606,0.015249,0,0.123343,0.088669,0,0.202719,0.004019,0,0.044426,0.000834,0,0.012287,0.00069,0,0.007999,0.000664,0,0.009679,0.00046,0,0.005965,0.000123,0,0.001023,0.002231,0,0.03025,0.015739,0,0.098747,0.000594,0,0.006697,0.000358,0,0.004206
"PH_PT_9.sorted.bam","9","PT",0.169339,0.116751,0.241207,0.063762,0.022751,0.124174,0.276348,0.191771,0.46932,0.002055,0,0.01433,0.001961,0,0.015076,0.173879,0.120765,0.24014,0.197999,0,0.32436,0.113167,0.05075,0.163433,0.00149,0,0.011717,0.004711,0,0.075078,0.001138,0,0.011107,0.022037,0,0.074635,0.000323,0,0.00367,0.000338,0,0.003073,0.120147,0,0.467306,6e-04,0,0.007526,0.000312,0,0.003478,0.000138,0,0.001592,0.000416,0,0.005162,0.000451,0,0.004535,0.000361,0,0.004096,0.000446,0,0.004887,0.000185,0,0.001938,0.000454,0,0.006266,0.279148,0.065674,0.4296,0.001118,0,0.01116,0.023765,0,0.282522,0.000945,0,0.012803,0.000373,0,0.004506,0.018056,0,0.112223,0.04609,0,0.241894,0.047744,0,0.226662,0.286661,0,0.533364,0.000427,0,0.005692,0.000689,0,0.007639,0.002186,0,0.03629,0.004675,0,0.057447,0.001131,0,0.013255,0.032191,0,0.174741,0.000245,0,0.002824,0.000448,0,0.005221,0.000388,0,0.003598,0.003802,0,0.044337,0.002449,0,0.028338,0.092738,0,0.161623,0.000377,0,0.004657,0.000248,0,0.002475,0.000486,0,0.005378,0.000222,0,0.002769,0.00012,0,0.001171,0.000311,0,0.002413,0.000403,0,0.004739,0.000204,0,0.002307,0.000304,0,0.002589
"PH_SB_10.sorted.bam","10","SB",0.017807,0,0.089057,0.125348,0.08116,0.211514,0.406858,0.340682,0.585294,0.015461,0,0.055062,0.025802,0.000276,0.056137,0.043087,0,0.107293,0.339462,0.116093,0.440105,0.003894,0,0.026598,0.02228,0,0.053276,0.000294,0,0.004089,0.000931,0,0.012637,0.00023,0,0.002416,0.023963,0,0.176819,0.103497,0,0.419456,0.028262,0,0.250446,0.000241,0,0.002108,0.023018,0,0.107662,0.004064,0,0.051518,4.9e-05,0,0.000476,0.002124,0,0.028778,0.000881,0,0.010755,0.002257,0,0.033846,0.000155,0,0.002153,5.4e-05,0,0.00043,0.002645,0,0.036399,0.075101,0,0.209342,0.002399,0,0.033328,0.000582,0,0.007124,0.003328,0,0.053675,6.8e-05,0,0.000704,0.004072,0,0.060315,0.03841,0,0.185217,0.613551,0.196796,0.779961,0.000419,0,0.004625,0.017498,0,0.108072,0.000113,0,0.000993,9e-05,0,0.000647,0.000498,0,0.006405,0.000527,0,0.006243,0.000386,0,0.004989,0.000189,0,0.002023,0.00524,0,0.05181,0.000188,0,0.001831,0.00016,0,0.001454,6.9e-05,0,0.000668,0.000553,0,0.006092,0.007871,0,0.074175,0.007073,0,0.091025,0.002157,0,0.026944,0.020011,0,0.074572,0.001681,0,0.021887,0.004521,0,0.055492,0.000463,0,0.005316,0.000116,0,0.000903
"PH_SB_1.sorted.bam","1","SB",0.03502,0,0.079154,0.014897,0,0.066002,0.374277,0.314088,0.4918,0.094166,0.056741,0.155318,0.001283,0,0.011019,0.14802,0.10125,0.198748,0.219701,0.004902,0.319297,0.00113,0,0.008762,0.111505,0.056952,0.174188,4.2e-05,0,0.000351,0.000388,0,0.005822,4.9e-05,0,0.000457,0.000158,0,0.001201,0.004673,0,0.070377,0.000163,0,0.00157,0.001305,0,0.017979,0.006019,0,0.059675,0.175722,0.045212,0.306971,2.9e-05,0,0.000275,0.000234,0,0.002529,8.4e-05,0,0.000964,0.000261,0,0.002584,0.000247,0,0.003264,3.7e-05,0,0.000401,0.022317,0,0.128819,0.016212,0,0.127477,0.107523,0,0.35882,0.000233,0,0.00253,0.000763,0,0.009483,3.6e-05,0,0.000345,0.04506,0,0.151829,0.001842,0,0.028415,0.388546,0,0.610677,0.001774,0,0.024466,0.000543,0,0.004579,0.000604,0,0.003653,5.6e-05,0,0.000523,0.00022,0,0.002159,0.000349,0,0.004406,0.000542,0,0.005043,0.000411,0,0.004545,0.000257,0,0.003202,0.000152,0,0.001498,0.00014,0,0.001546,3.3e-05,0,0.000274,0.000274,0,0.003089,0.000129,0,0.001621,0.070804,0,0.346387,0.002561,0,0.040413,0.000102,0,0.001198,0.148163,0,0.272834,0.00078,0,0.006527,0.000123,0,0.001155,3.7e-05,0,0.000383
"PH_SB_2.sorted.bam","2","SB",0.000597,0,0.004846,0.016162,0,0.106852,0.609127,0.485798,0.980704,0.000994,0,0.007077,0.001138,0,0.008222,0.049311,0,0.158138,0.312509,0.000675,0.448127,0.005298,0,0.022303,0.004864,0,0.034432,6.7e-05,0,0.000502,0.000109,0,0.001025,0.000224,0,0.00275,7.5e-05,0,0.000711,0.000387,0,0.005236,0.34267,0.111109,0.979314,0.000101,0,0.000891,0.000278,0,0.00305,0.000297,0,0.003651,0.000126,0,0.001311,0.000107,0,9e-04,0.000179,0,0.002042,0.00029,0,0.004035,0.000119,0,0.001315,0.000145,0,0.001277,0.000201,0,0.002308,0.00025,0,0.002017,0.088355,0,0.316275,0.000122,0,0.00141,0.000442,0,0.005561,0.003379,0,0.042172,0.000221,0,0.001948,0.030271,0,0.213416,0.442975,0,0.73245,0.000297,0,0.003523,0.000516,0,0.005525,0.001,0,0.012489,0.072254,0,0.150713,0.000135,0,0.001128,0.000169,0,0.001803,0.000266,0,0.002428,0.00025,0,0.00299,0.000165,0,0.002312,5e-04,0,0.005882,0.000155,0,0.001866,0.004194,0,0.021572,0.000111,0,0.001045,0.000233,0,0.002299,0.000269,0,0.002988,0.000271,0,0.003928,0.000168,0,0.001883,0.000994,0,0.013382,0.005072,0,0.065124,0.000567,0,0.007443,0.001021,0,0.014224
"PH_SB_3.sorted.bam","3","SB",0.001404,0,0.010521,0.019431,0,0.126103,0.598552,0.436008,0.976876,0.024506,0.001086,0.057248,0.001358,0,0.00981,0.045291,0,0.230928,0.295805,1e-06,0.444594,0.004349,0,0.036746,0.009304,0,0.058042,0.000365,0,0.004941,0.000247,0,0.003388,0.000128,0,0.001348,0.000173,0,0.001772,0.000513,0,0.007104,0.295606,0,0.975231,0.000271,0,0.003204,0.001384,0,0.020037,0.003224,0,0.04571,0.007937,0,0.045591,9.9e-05,0,0.001167,0.000137,0,0.00156,0.00034,0,0.003909,0.000305,0,0.003646,0.000175,0,0.002337,0.000355,0,0.003208,0.000547,0,0.006587,0.068951,0,0.45384,0.009049,0,0.056623,0.000581,0,0.007407,0.001061,0,0.018567,0.000432,0,0.005155,0.035314,0,0.249821,0.531816,0,0.882088,0.013126,0,0.105993,0.000277,0,0.00252,0.00069,0,0.007113,0.001644,0,0.026122,0.000141,0,0.001639,0.000165,0,0.001376,0.000415,0,0.004796,0.000553,0,0.00752,0.000306,0,0.00323,0.000701,0,0.010163,0.004316,0,0.072073,0.000768,0,0.01087,0.00036,0,0.003709,0.000297,0,0.002849,0.000461,0,0.005109,0.005226,0,0.047418,0.000321,0,0.002425,0.007584,0,0.094954,0.002349,0,0.043967,0.000564,0,0.006339,0.000722,0,0.010541
"PH_SB_4.sorted.bam","4","SB",0.000818,0,0.006104,0.019982,0,0.066139,0.648642,0.545998,0.979536,0.000773,0,0.005525,0.002068,0,0.01528,0.004013,0,0.028941,0.320543,0.002539,0.421075,0.001263,0,0.009541,0.001898,0,0.012802,0.000123,0,0.001141,0.000187,0,0.002122,0.004822,0,0.037667,0.000108,0,0.00111,0.001368,0,0.021191,0.342164,0.137822,0.977243,0.000125,0,0.001341,0.000133,0,0.001201,9.4e-05,0,0.000981,0.000132,0,0.001572,0.000289,0,0.003265,0.000422,0,0.005202,0.000557,0,0.003864,0.000264,0,0.003371,0.00038,0,0.005137,0.000153,0,0.001582,0.001095,0,0.016409,0.001168,0,0.011854,0.000162,0,0.002001,0.000817,0,0.011087,0.000622,0,0.005969,0.000269,0,0.002997,0.026007,0,0.131803,0.609092,0,0.835678,9.4e-05,0,0.001122,0.000379,0,0.003382,0.002713,0,0.036033,0.000853,0,0.009684,0.000136,0,0.001371,0.000482,0,0.006649,0.00016,0,0.001529,0.000128,0,0.001237,0.000232,0,0.00259,0.000243,0,0.002484,0.000209,0,0.002353,0.000349,0,0.004448,0.000124,0,0.001188,0.000626,0,0.009731,0.00041,0,0.004366,0.000283,0,0.00386,0.000416,0,0.005637,0.000434,0,0.00357,0.000617,0,0.008167,0.000238,0,0.001927,0.000324,0,0.003837
"PH_SB_6.sorted.bam","6","SB",0.000638,0,0.004815,0.009859,0,0.050527,0.570443,0.480393,0.85257,0.000629,0,0.004751,0.043776,0.018431,0.074009,0.0072,0,0.043979,0.361689,0.089302,0.452451,0.003831,0,0.025049,0.001935,0,0.013953,8.6e-05,0,0.000831,0.000192,0,0.00171,0.000159,0,0.001762,0.000187,0,0.001847,0.002438,0,0.032978,0.23408,0.074834,0.72907,7.5e-05,0,0.000623,0.000266,0,0.003025,0.000224,0,0.002697,4.3e-05,0,0.00047,0.000108,0,0.001082,0.000258,0,0.002531,0.015388,0,0.116446,0.000161,0,0.00132,0.000192,0,0.001434,0.00014,0,0.001558,0.001737,0,0.030384,0.001719,0,0.02116,7.7e-05,0,0.000827,0.009668,0,0.08458,6.4e-05,0,0.000612,0.000192,0,0.002088,0.012455,0,0.099661,0.651735,0.127534,0.844683,0.000154,0,0.001777,0.057102,0,0.13912,0.000283,0,0.003274,0.000118,0,0.001229,0.000127,0,0.00142,0.00122,0,0.017889,0.00067,0,0.00916,8.9e-05,0,0.000777,0.003778,0,0.047489,0.000335,0,0.00324,0.000805,0,0.011683,7.5e-05,0,0.000757,8.4e-05,0,0.000625,0.000834,0,0.012347,0.000367,0,0.004214,0.000124,0,0.001523,0.000705,0,0.010571,0.000314,0,0.002971,0.000416,0,0.005189,0.000488,0,0.006629,0.000268,0,0.003697
"PH_SB_7.sorted.bam","7","SB",0.000993,0,0.008093,0.00148,0,0.011259,0.659047,0.551468,0.993181,0.002997,0,0.019074,0.001194,0,0.009473,0.005963,0,0.045816,0.32674,2.4e-05,0.431695,0.000698,0,0.00557,0.000888,0,0.006657,7.9e-05,0,0.000795,0.000184,0,0.001542,0.000313,0,0.003993,0.000152,0,0.00127,0.00035,0,0.003618,0.332832,0.129034,0.991595,0.00018,0,0.002132,0.000307,0,0.003943,0.000671,0,0.009632,0.000214,0,0.002588,0.000136,0,0.001002,0.000197,0,0.002002,0.000589,0,0.004899,0.000229,0,0.002494,8.9e-05,0,0.000735,0.000689,0,0.007264,0.000571,0,0.00486,0.00494,0,0.062594,0.003042,0,0.034754,0.000363,0,0.004617,0.000614,0,0.004544,0.000282,0,0.002796,0.000452,0,0.00589,0.645354,0,0.852947,0.000817,0,0.010035,0.000453,0,0.005179,0.000639,0,0.007725,0.002475,0,0.036348,9.6e-05,0,0.001045,0.000137,0,0.001597,0.000182,0,0.002085,0.000187,0,0.002107,0.000125,0,0.001304,0.000117,0,0.000962,0.000215,0,0.002087,0.000114,0,0.001151,0.000107,0,0.001034,0.000136,0,0.001681,0.000193,0,0.002521,0.000132,0,0.001519,0.000117,0,0.001039,0.000336,0,0.002352,0.000319,0,0.003562,0.000107,0,0.001195,0.000165,0,0.002112
"PH_SB_9.sorted.bam","9","SB",0.033678,0,0.069506,0.040432,0.006413,0.076347,0.452626,0.377437,0.69274,0.004125,0,0.022548,0.007895,0,0.028733,0.05562,0.025663,0.090841,0.345687,0.095434,0.429225,0.026521,2.9e-05,0.053627,0.033417,0.001104,0.082882,5.7e-05,0,0.000603,0.0011,0,0.015426,0.000191,0,0.002226,0.011119,0,0.120311,0.000671,0,0.006016,0.076231,0,0.502176,0.000759,0,0.010704,0.000225,0,0.00278,0.00077,0,0.010074,8.6e-05,0,0.00099,0.002104,0,0.032154,0.000313,0,0.002885,0.003042,0,0.039331,0.000362,0,0.003681,9.3e-05,0,0.00125,0.047345,0,0.117332,0.043926,0,0.143094,0.005329,0,0.062513,0.000482,0,0.006556,0.002315,0,0.031819,5.3e-05,0,0.000495,0.002757,0,0.041841,0.001367,0,0.021107,0.684676,0.17708,0.85448,0.000344,0,0.004746,0.000605,0,0.008304,0.000157,0,0.001264,7.1e-05,0,0.000608,0.001641,0,0.025491,0.022611,0,0.083838,0.016283,0,0.103278,0.002066,0,0.027737,0.003309,0,0.037503,0.000501,0,0.006047,0.000246,0,0.002651,6.7e-05,0,0.000758,0.00042,0,0.005476,0.010268,0,0.070828,0.0309,0,0.163321,0.00307,0,0.037116,0.003554,0,0.034832,0.01108,0,0.084515,0.001081,0,0.014775,0.00625,0,0.066255,0.000105,0,0.00117
"PH_SC_10.sorted.bam","10","SC",0.035382,0,0.082216,0.044331,0.012426,0.08761,0.302729,0.228684,0.422558,0.118175,0.077591,0.178947,0.048666,0.022859,0.080595,0.322773,0.253834,0.397211,0.12485,0.000429,0.2207,0.001883,0,0.014201,0.001209,0,0.009864,0.000163,0,0.001784,0.000677,0,0.008398,0.000153,0,0.001823,0.000139,0,0.00147,0.001365,0,0.015076,0.000162,0,0.001613,0.005447,0,0.090794,0.01647,0,0.091656,0.075921,0,0.352154,0.000114,0,0.001175,9.7e-05,0,0.00087,0.00023,0,0.002082,0.00015,0,0.00168,0.000274,0,0.002676,4.3e-05,0,0.000393,0.054247,0,0.160524,0.054248,0,0.169191,0.4389,0.28406,0.586699,0.000742,0,0.009197,0.095799,0.044413,0.159903,0.00018,0,0.001923,0.009016,0,0.10713,0.014668,0,0.094848,0.088073,0,0.271398,0.136073,0,0.242301,0.000421,0,0.003938,0.000395,0,0.003774,7e-05,0,0.000708,0.000506,0,0.006416,0.000581,0,0.00583,0.000438,0,0.006714,0.000947,0,0.012938,0.000135,0,0.00139,0.000256,0,0.003504,0.000294,0,0.002955,0.000239,0,0.003133,0.000308,0,0.003509,0.000118,0,0.000891,0.000149,0,0.001702,0.000249,0,0.002181,0.000141,0,0.001445,0.000599,0,0.00706,0.000621,0,0.007821,0.000132,0,0.001259,5.1e-05,0,0.000484
"PH_SC_11.sorted.bam","11","SC",0.021331,0,0.06394,0.001076,0,0.008132,0.368898,0.285841,0.497022,0.161682,0.122093,0.212916,0.001563,0,0.012702,0.337563,0.258771,0.436259,0.092009,0,0.190779,0.004374,0,0.027818,0.011504,0,0.042656,0.000998,0,0.014994,0.00029,0,0.003598,0.000187,0,0.002386,0.00269,0,0.040323,0.000132,0,0.001256,0.007437,0,0.077104,0.003144,0,0.045695,0.000392,0,0.004787,0.111446,0,0.417918,0.001972,0,0.030394,0.000365,0,0.004284,0.000187,0,0.001776,0.000303,0,0.003227,0.000123,0,0.001072,0.000476,0,0.006983,0.008,0,0.082743,0.000203,0,0.002193,0.582218,0.427809,0.700604,0.06993,0,0.308675,0.00032,0,0.003008,0.00378,0,0.053174,0.021674,0,0.109723,0.00017,0,0.001727,0.020429,0,0.160715,0.131574,0,0.311483,0.000503,0,0.006429,0.001196,0,0.016158,0.000845,0,0.008505,0.000699,0,0.008684,0.000256,0,0.002573,0.0012,0,0.017281,0.001361,0,0.018925,0.000134,0,0.001136,0.001046,0,0.014978,0.000784,0,0.012044,0.001295,0,0.018138,0.003803,0,0.044353,0.000149,0,0.001534,0.004503,0,0.058212,0.001452,0,0.020001,0.000239,0,0.002516,0.004653,0,0.053143,0.005997,0,0.059728,0.000679,0,0.007182,0.000766,0,0.011118
"PH_SC_12.sorted.bam","12","SC",0.001528,0,0.010421,0.000941,0,0.007462,0.404098,0.336194,0.568643,0.170046,0.130352,0.209621,0.001908,0,0.013274,0.313761,0.234539,0.396061,0.099835,0,0.203888,0.003268,0,0.021382,0.004615,0,0.026196,0.000195,0,0.002494,0.000114,0,0.001272,0.000164,0,0.001993,0.000232,0,0.001979,0.00015,0,0.001371,0.079592,0,0.392258,0.000293,0,0.003225,0.000116,0,0.001193,0.008855,0,0.159991,0.075626,0.007419,0.132383,0.000125,0,0.001332,0.000235,0,0.003369,0.000411,0,0.005652,0.000183,0,0.001362,0.000506,0,0.006571,0.000827,0,0.011594,0.000269,0,0.002837,0.443613,0.263442,0.634062,0.176412,0.050956,0.286466,0.000367,0,0.003266,0.001894,0,0.026927,0.000299,0,0.003617,0.000252,0,0.002217,0.193318,0,0.403294,0.000829,0,0.011695,0.00097,0,0.014687,0.000531,0,0.005839,0.000606,0,0.007621,0.000531,0,0.007014,0.000166,0,0.002089,0.001032,0,0.013849,0.001124,0,0.015295,0.000204,0,0.002182,0.000458,0,0.00641,0.000478,0,0.005523,0.001106,0,0.013305,0.000245,0,0.003116,0.000251,0,0.002452,0.001403,0,0.019714,0.001028,0,0.014789,0.000309,0,0.004331,0.001257,0,0.017844,0.001782,0,0.028845,0.000331,0,0.003795,0.001312,0,0.01643
"PH_SC_1.sorted.bam","1","SC",0.013307,0,0.057486,0.000676,0,0.005189,0.375219,0.304218,0.515635,0.152857,0.119066,0.198814,0.001873,0,0.013179,0.338703,0.270454,0.425012,0.100319,0,0.196125,0.014376,0,0.04398,0.002669,0,0.017337,0.002615,0,0.028403,0.000148,0,0.001154,7.2e-05,0,0.000868,0.001281,0,0.022925,0.000213,0,0.002028,0.05304,0,0.36602,0.003672,0,0.041526,0.000134,0,0.00123,0.0379,0,0.370994,0.00056,0,0.007407,0.000348,0,0.005186,7e-05,0,0.000697,0.00057,0,0.007702,0.00016,0,0.001231,0.000287,0,0.003619,0.003252,0,0.043694,0.000151,0,0.001365,0.409521,0.225203,0.603758,0.259418,0,0.357487,0.000258,0,0.003109,0.000354,0,0.004319,0.012032,0,0.109768,0.000134,0,0.001131,0.184995,0,0.387548,0.000719,0,0.006991,0.000976,0,0.016639,0.000229,0,0.00239,0.000124,0,0.001389,0.000431,0,0.005179,0.000246,0,0.002551,0.009033,0,0.068413,0.000764,0,0.011564,0.000567,0,0.00771,0.003022,0,0.03952,0.000627,0,0.007804,0.006924,0,0.038426,0.000218,0,0.002141,0.000112,0,0.001125,0.000846,0,0.010409,0.001828,0,0.02379,0.000224,0,0.002228,0.000847,0,0.011436,0.000677,0,0.009774,0.000214,0,0.002488,0.000186,0,0.001826
"PH_SC_2.sorted.bam","2","SC",0.050259,0,0.117694,0.000646,0,0.005211,0.357109,0.261396,0.567471,0.1907,0.147316,0.236479,0.000956,0,0.008246,0.265694,0.189915,0.348588,0.113762,0,0.209151,0.019879,0,0.057284,0.000995,0,0.007742,0.001166,0,0.014365,0.000104,0,0.00089,0.000151,0,0.001563,0.000249,0,0.002445,9.1e-05,0,0.000913,0.220517,0.061749,0.566209,0.000375,0,0.003891,0.000258,0,0.003152,0.002487,0,0.032615,0.157008,0.088684,0.215555,8.6e-05,0,0.000778,5.9e-05,0,0.000617,0.000105,0,0.001387,0.000179,0,0.001967,0.000211,0,0.002641,0.096211,0,0.230762,0.000106,0,0.000894,0.055774,0,0.265526,0.056262,0,0.214984,0.000155,0,0.001069,0.160769,0.080545,0.234908,0.000261,0,0.002929,0.000168,0,0.001903,0.214015,0,0.40583,0.007079,0,0.070568,0.000648,0,0.008069,0.000191,0,0.001565,0.002076,0,0.03147,0.000804,0,0.011389,9.9e-05,0,0.000921,0.000368,0,0.003554,0.000541,0,0.006286,0.000141,0,0.001658,0.000727,0,0.006752,0.000477,0,0.005999,0.018241,0,0.056222,9.5e-05,0,0.000624,0.000104,0,0.001069,9.5e-05,0,0.001029,0.000204,0,0.001687,0.000119,0,0.000899,0.000423,0,0.006077,0.000533,0,0.004942,0.000118,0,0.001264,0.000149,0,0.001818
"PH_SC_3.sorted.bam","3","SC",0.051666,0,0.097886,0.017295,0,0.058395,0.343264,0.269494,0.457192,0.138441,0.100126,0.192529,0.034359,0.00354,0.07105,0.242668,0.175192,0.32316,0.165666,1.9e-05,0.275007,0.00477,0,0.028022,0.00187,0,0.013503,0.000262,0,0.003676,0.000465,0,0.004929,0.000138,0,0.001041,0.003324,0,0.060428,0.008328,0,0.097094,0.000367,0,0.004257,0.000887,0,0.008205,0.015418,0,0.084442,0.0798,0,0.339864,0.022182,0,0.078676,0.004369,0,0.066007,0.000199,0,0.001664,0.000858,0,0.010283,0.03797,0,0.102724,7.1e-05,0,0.000719,0.088981,0,0.18984,0.00123,0,0.014558,0.323982,0.035949,0.582162,0.063802,0,0.203095,0.004877,0,0.0762,0.000313,0,0.002687,0.004314,0,0.064749,0.007729,0,0.08714,0.268541,0,0.543139,0.029821,0,0.159858,0.01895,0,0.137875,0.000565,0,0.006039,0.000189,0,0.00195,0.000259,0,0.002877,0.000602,0,0.008988,0.000609,0,0.007227,0.004374,0,0.047617,0.00118,0,0.018718,0.000208,0,0.002285,4e-04,0,0.004576,0.000869,0,0.012523,0.00021,0,0.002496,0.000344,0,0.003578,0.000351,0,0.003895,0.000446,0,0.004588,0.000172,0,0.001848,0.001067,0,0.015406,0.000634,0,0.008817,0.000171,0,0.001641,0.000174,0,0.00261
"PH_SC_7.sorted.bam","7","SC",0.011318,0,0.053094,0.00115,0,0.008615,0.40423,0.324323,0.586946,0.160514,0.121141,0.205419,0.004824,0,0.034381,0.291027,0.207152,0.360594,0.117383,0,0.228663,0.001564,0,0.011177,0.007991,0,0.039073,0.003108,0,0.032996,0.00031,0,0.002551,0.000201,0,0.00203,0.002204,0,0.030422,0.000194,0,0.001786,0.040616,0,0.201541,0.002237,0,0.030576,0.000283,0,0.004158,0.103423,0,0.400871,0.022785,0,0.105383,0.000272,0,0.002169,7.4e-05,0,0.000701,0.000266,0,0.002853,0.000437,0,0.00531,0.000724,0,0.010656,0.007708,0,0.092249,0.000355,0,0.004011,0.563636,0.390521,0.711866,0.002291,0,0.033199,0.000357,0,0.003553,0.000322,0,0.003847,0.001693,0,0.02426,0.000398,0,0.005451,0.055841,0,0.257304,0.165681,0,0.311302,0.006181,0,0.066603,0.00104,0,0.013178,0.000816,0,0.009496,0.000267,0,0.003102,0.000135,0,0.001548,0.000312,0,0.003823,0.000373,0,0.003758,0.000257,0,0.002597,0.000167,0,0.001259,0.000775,0,0.011385,0.00028,0,0.003531,0.001729,0,0.022224,0.000149,0,0.001267,0.001351,0,0.023077,0.000732,0,0.010175,0.000356,0,0.004143,0.005857,0,0.066458,0.001524,0,0.024678,0.000282,0,0.002236,0.002,0,0.025973
"PH_SC_8.sorted.bam","8","SC",0.004423,0,0.030688,0.001084,0,0.008978,0.392401,0.310737,0.563967,0.17045,0.131724,0.212334,0.001759,0,0.014819,0.321083,0.237617,0.423651,0.104123,0,0.203593,0.002034,0,0.013692,0.002643,0,0.018918,0.000236,0,0.002441,0.000117,0,0.001095,0.000233,0,0.003128,0.000808,0,0.009352,0.000183,0,0.002242,0.040864,0,0.22533,0.000205,0,0.002276,0.000155,0,0.001714,0.050989,0,0.269473,0.099139,0.042715,0.161072,0.000147,0,0.001676,8.9e-05,0,0.000845,0.000283,0,0.003127,0.000565,0,0.008597,0.000125,0,0.001287,0.004378,0,0.056818,0.000571,0,0.006335,0.557338,0.288563,0.735374,0.035338,0,0.190029,0.000292,0,0.00387,0.020157,0,0.105614,0.002148,0,0.028424,0.000244,0,0.002482,0.092908,0,0.390213,0.053551,0,0.183139,0.001536,0,0.024082,0.00175,0,0.02341,0.02745,0,0.097014,0.000244,0,0.002751,0.000146,0,0.001441,0.000238,0,0.002587,0.000988,0,0.013245,0.000166,0,0.001854,0.000715,0,0.008058,0.00058,0,0.008035,0.000305,0,0.003509,0.000326,0,0.003782,0.000196,0,0.001927,0.000326,0,0.003171,0.00083,0,0.012323,0.000191,0,0.000991,0.001467,0,0.022416,0.000627,0,0.007651,0.00038,0,0.005318,0.000472,0,0.007037
"PH_SC_9.sorted.bam","9","SC",0.00234,0,0.016671,0.012661,0,0.038629,0.374343,0.313468,0.487028,0.15501,0.11369,0.228392,0.004935,0,0.033196,0.268049,0.213177,0.333633,0.165812,0.028446,0.265795,0.003858,0,0.024256,0.012992,0,0.04565,0.000141,0,0.001373,0.000223,0,0.00239,9.7e-05,0,0.001224,0.000189,0,0.001715,0.001221,0,0.016647,0.000203,0,0.001871,0.001312,0,0.018358,0.018323,0,0.071466,0.088296,0,0.425246,0.000315,0,0.003638,0.000358,0,0.004841,0.000168,0,0.001518,0.000984,0,0.011159,0.006516,0,0.063426,8e-05,0,0.000786,0.000336,0,0.003487,0.002499,0,0.040076,0.346972,0.162983,0.579888,0.174149,0,0.298779,0.000254,0,0.002992,0.000177,0,0.002093,0.001504,0,0.022226,0.001242,0,0.019363,0.309274,0,0.518534,0.011343,0,0.108251,0.000274,0,0.003384,0.000546,0,0.003868,8e-05,0,0.000786,0.000269,0,0.003113,0.000491,0,0.00642,0.000764,0,0.00979,0.001693,0,0.023975,0.000526,0,0.006554,0.002418,0,0.032217,0.000814,0,0.008732,0.000121,0,0.001382,0.000208,0,0.002006,0.00096,0,0.014293,0.00058,0,0.007579,0.00776,0,0.064034,0.00063,0,0.009593,0.008571,0,0.073458,0.006465,0,0.065878,0.000498,0,0.00516,0.000156,0,0.001856
"PH_SH_10.sorted.bam","10","SH",0.036112,1e-06,0.125499,0.33327,0.267656,0.445435,0.288352,0.190431,0.525858,0.000829,0,0.006497,0.001073,0,0.00843,0.008735,0,0.065813,0.324018,0.007316,0.453527,0.005996,0,0.033199,0.001617,0,0.012763,0.019999,0,0.069628,0.002022,0,0.029028,0.188806,0.068366,0.327059,0.000971,0,0.014226,0.097283,0,0.559651,0.05058,0,0.331494,0.000129,0,0.001488,0.000321,0,0.004147,0.000131,0,0.001254,0.000144,0,0.00164,0.000283,0,0.003211,0.000151,0,0.001765,0.000137,0,0.001265,9.5e-05,0,0.000963,0.000186,0,0.001959,0.002016,0,0.029381,0.010272,0,0.126245,0.000468,0,0.005298,0.000142,0,0.001224,0.00035,0,0.003311,0.001632,0,0.023771,0.02507,0,0.243795,0.175461,0,0.421427,0.375258,0,0.603918,0.000152,0,0.001305,0.000212,0,0.001945,0.000413,0,0.004567,0.034843,0,0.152577,0.001015,0,0.012731,0.003026,0,0.039444,0.00105,0,0.014335,0.000293,0,0.003417,0.000267,0,0.002995,0.000234,0,0.002556,0.001457,0,0.017968,0.002149,0,0.024116,0.00072,0,0.010039,0.000391,0,0.003677,0.000245,0,0.002918,0.000107,0,0.000872,0.000278,0,0.002446,0.00031,0,0.002394,0.000327,0,0.001983,0.00035,0,0.004227,0.000253,0,0.002192
"PH_SH_1.sorted.bam","1","SH",0.008701,0,0.046835,0.332464,0.280629,0.442333,0.273385,0.206366,0.453692,0.001624,0,0.01147,0.007894,0,0.036144,0.002507,0,0.01915,0.369412,0.056863,0.451136,0.002127,0,0.014354,0.001886,0,0.013585,0.001397,0,0.017512,0.000792,0,0.009922,0.114441,0,0.274639,0.000883,0,0.009685,0.032988,0,0.346541,0.097261,0,0.377387,0.000456,0,0.005897,0.000282,0,0.002878,0.00017,0,0.001579,0.000701,0,0.009254,0.000782,0,0.012055,0.000959,0,0.013864,0.000759,0,0.010215,0.000224,0,0.002212,0.000732,0,0.011728,0.002352,0,0.029921,0.000263,0,0.002673,0.000341,0,0.003865,0.000117,0,0.001193,0.000283,0,0.00362,0.000218,0,0.002126,0.007582,0,0.090396,0.399867,0,0.693115,0.316201,0,0.525186,0.000202,0,0.002266,0.010687,0,0.066152,0.000541,0,0.005741,0.001513,0,0.024227,0.001257,0,0.017924,0.000328,0,0.004177,0.000349,0,0.004077,0.000151,0,0.001829,0.000524,0,0.007559,0.000536,0,0.006739,0.000144,0,0.00151,0.000427,0,0.0055,0.000505,0,0.006452,0.000567,0,0.007079,0.000557,0,0.007657,0.000243,0,0.002992,0.000106,0,0.001051,0.000143,0,0.001467,0.000574,0,0.006395,0.000113,0,0.001111,0.000482,0,0.005989
"PH_SH_2.sorted.bam","2","SH",0.019922,0,0.079064,0.348165,0.303512,0.430709,0.254272,0.181807,0.431343,0.000489,0,0.003887,0.00491,0,0.029005,0.003935,0,0.025861,0.358155,0.106772,0.434981,0.007056,0,0.035764,0.003096,0,0.020731,0.001369,0,0.020431,0.007652,0,0.094209,0.150008,0.047492,0.265638,0.000715,0,0.008223,0.010116,0,0.150825,0.095535,0,0.404766,0.00013,0,0.001486,0.000125,0,0.00104,7.1e-05,0,0.000726,7.2e-05,0,0.000798,0.000821,0,0.009667,0.000568,0,0.006319,0.000349,0,0.004619,0.000109,0,0.001158,0.001175,0,0.014281,0.002504,0,0.033017,0.000238,0,0.002483,0.002862,0,0.038918,9.5e-05,0,0.001015,0.000423,0,0.005332,0.000152,0,0.001716,0.023976,0,0.139747,0.377113,0.211768,0.604309,0.302795,0,0.502744,0.000156,0,0.001621,0.00447,0,0.051873,0.000393,0,0.004525,0.00318,0,0.044126,0.001029,0,0.014662,0.000267,0,0.003014,0.000291,0,0.0038,7.2e-05,0,0.000843,0.000295,0,0.003168,0.000718,0,0.008927,0.000633,0,0.008565,0.005308,0,0.034898,0.000279,0,0.003497,0.000233,0,0.002911,0.000276,0,0.002819,7.6e-05,0,0.000888,0.000433,0,0.005537,0.000333,0,0.002654,0.000412,0,0.005692,0.000191,0,0.001794,0.001979,0,0.020015
"PH_SH_3.sorted.bam","3","SH",0.00641,0,0.043451,0.350281,0.29973,0.446974,0.23803,0.177137,0.389609,0.000528,0,0.004162,0.002784,0,0.017803,0.007091,0,0.03658,0.388066,0.139638,0.456319,0.004655,0,0.024007,0.002155,0,0.014009,0.000259,0,0.002061,0.004979,0,0.085224,0.118337,0.054603,0.261758,0.000676,0,0.008651,0.001588,0,0.021727,0.076826,0,0.38561,2e-04,0,0.001897,0.000118,0,0.000887,0.000126,0,0.001406,5.5e-05,0,0.000592,0.001021,0,0.015522,0.000532,0,0.005636,0.000946,0,0.012026,0.000116,0,0.000976,0.000137,0,0.001341,0.001427,0,0.021353,0.000368,0,0.004736,0.004764,0,0.066408,0.000127,0,0.001265,0.00144,0,0.019938,0.000647,0,0.008876,0.00303,0,0.043022,0.455669,0.276936,0.642759,0.313496,0,0.482191,7.3e-05,0,0.000745,0.00084,0,0.012039,0.000576,0,0.00694,8.5e-05,0,0.000737,0.000549,0,0.007925,0.00047,0,0.004817,0.000591,0,0.005889,0.000108,0,0.001154,0.00017,0,0.001551,0.003245,0,0.032845,0.001724,0,0.023118,0.000846,0,0.01283,0.000421,0,0.005202,0.000163,0,0.001908,0.00022,0,0.002255,7.8e-05,0,0.000819,0.000229,0,0.002199,0.000941,0,0.014673,0.000552,0,0.008114,0.000761,0,0.011565,0.000473,0,0.007021
"PH_SH_5.sorted.bam","5","SH",0.002785,0,0.018938,0.371828,0.30684,0.491159,0.274316,0.189265,0.471926,0.001046,0,0.008296,0.001431,0,0.012008,0.005061,0,0.030081,0.334164,0.018788,0.4418,0.008103,0,0.040774,0.001266,0,0.00978,0.000951,0,0.013497,0.000371,0,0.003171,0.200531,0.088839,0.467344,0.000441,0,0.006058,0.000361,0,0.003087,0.141343,0,0.471036,0.000148,0,0.001369,0.00012,0,0.001365,0.000163,0,0.001775,0.000253,0,0.002491,0.000168,0,0.001097,0.00024,0,0.002563,0.000215,0,0.0018,0.000102,0,0.000856,0.000258,0,0.003464,0.000576,0,0.00706,0.000251,0,0.002316,0.001291,0,0.013273,0.000261,0,0.002946,0.000389,0,0.003731,0.001254,0,0.01896,0.000849,0,0.011927,0.340682,0.000406,0.608444,0.260365,0,0.498023,0.000311,0,0.003107,0.00089,0,0.006348,0.000607,0,0.008058,0.031837,0,0.13524,0.000694,0,0.010226,0.00039,0,0.003988,0.002891,0,0.040155,0.000347,0,0.004054,0.000228,0,0.002637,0.003784,0,0.041231,0.000844,0,0.008375,0.003372,0,0.037737,0.000422,0,0.005696,0.000178,0,0.001636,0.000217,0,0.001906,0.000132,0,0.001277,0.000115,0,0.001296,0.000455,0,0.004913,0.000105,0,0.001231,0.000286,0,0.003398,0.000311,0,0.003375
"PH_SH_6.sorted.bam","6","SH",0.029059,0,0.094574,0.305684,0.248147,0.429987,0.242414,0.180572,0.435485,0.003372,0,0.019693,0.008055,0,0.064438,0.014282,0,0.051638,0.3618,0.052948,0.453091,0.032883,1e-06,0.072512,0.002452,0,0.017814,0.000268,0,0.00204,0.019403,0,0.116168,0.001396,0,0.020281,0.012798,0,0.177785,0.154496,0,0.849632,0.000395,0,0.004531,0.000478,0,0.006473,0.001159,0,0.016343,7e-04,0,0.009135,0.000605,0,0.009051,0.001156,0,0.014133,0.000431,0,0.005028,0.001123,0,0.014582,0.000557,0,0.007926,0.000184,0,0.00208,0.020491,0,0.096189,0.001674,0,0.027272,0.001474,0,0.022141,0.000745,0,0.008155,0.000691,0,0.008387,0.000131,0,0.001278,0.002731,0,0.037612,0.3838,0,0.525627,0.311911,0,0.477681,0.000369,0,0.005153,0.010739,0,0.127818,0.000453,0,0.006129,0.00015,0,0.001776,0.000242,0,0.002951,0.046751,0,0.134194,0.000929,0,0.011981,0.001183,0,0.016542,0.000749,0,0.010873,0.001573,0,0.021951,0.01301,0,0.126303,0.000247,0,0.003091,0.000283,0,0.002598,0.000862,0,0.011281,0.000607,0,0.00604,0.000342,0,0.002811,0.000295,0,0.002923,0.001202,0,0.017011,0.000286,0,0.003479,0.000835,0,0.01179,9.6e-05,0,0.001127
"PH_SH_7.sorted.bam","7","SH",0.003591,0,0.023118,0.358377,0.302006,0.466782,0.253113,0.185202,0.423978,0.000534,0,0.004424,0.000942,0,0.007537,0.003976,0,0.023808,0.368903,0.113952,0.443974,0.006503,0,0.034578,0.00406,0,0.024876,0.000769,0,0.00928,0.000549,0,0.006946,0.149822,0.05216,0.337861,0.000516,0,0.005516,0.004741,0,0.07601,0.088811,0,0.404564,9.3e-05,0,0.000872,6.2e-05,0,0.000578,0.000124,0,0.00115,0.000106,0,0.001015,0.000213,0,0.002224,0.000181,0,0.001815,0.000241,0,0.00281,9.2e-05,0,0.000907,2e-04,0,0.002107,0.001546,0,0.020038,0.000883,0,0.011904,0.001156,0,0.016394,0.000102,0,0.001275,0.000206,0,0.001969,0.000861,0,0.012463,0.00088,0,0.01088,0.410284,0.225247,0.681908,0.320533,0,0.508981,0.000139,0,0.001316,0.000235,0,0.002536,0.000606,0,0.006069,0.001851,0,0.029053,0.001384,0,0.017881,0.000199,0,0.001586,0.000162,0,0.001659,0.000139,0,0.001339,0.000126,0,0.001371,0.000657,0,0.009123,0.000199,0,0.001996,0.004822,0,0.033217,0.000464,0,0.004618,0.000212,0,0.001878,0.00113,0,0.015715,0.000107,0,0.000916,0.000191,0,0.002049,0.001074,0,0.015298,0.001229,0,0.016345,0.000497,0,0.005764,0.001609,0,0.02121
"PH_SL_10.sorted.bam","10","SL",0.154336,0.097224,0.24892,0.001491,0,0.012253,0.000851,0,0.006532,0.000568,0,0.004405,0.000931,0,0.00785,0.162408,0.10941,0.217447,0.090799,0,0.169819,0.588053,0.549545,0.62698,0.000563,0,0.004725,0.000118,0,0.000955,9.5e-05,0,0.000984,5.5e-05,0,0.000639,7.7e-05,0,0.000745,0.000114,0,0.001327,5.6e-05,0,0.000565,5.9e-05,0,0.000586,0.000159,0,0.001593,0.000112,0,0.001322,3.6e-05,0,0.00035,9e-05,0,0.000898,9.6e-05,0,0.001117,9.7e-05,0,0.001142,9.1e-05,0,0.000927,6.1e-05,0,0.000682,0.000413,0,0.004714,0.000298,0,0.003764,0.000157,0,0.001469,7.7e-05,0,0.000921,0.000218,0,0.001785,6.9e-05,0,0.000695,0.00043,0,0.003572,0.000311,0,0.003628,0.000304,0,0.003876,0.000169,0,0.001857,0.000115,0,0.001247,9.9e-05,0,0.000757,4.8e-05,0,0.000446,0.307233,0.191053,0.497278,0.001737,0,0.022542,0.000591,0,0.007275,0.000341,0,0.004623,0.000941,0,0.012986,0.323284,0.216881,0.433493,0.17987,0,0.338285,0.18092,0.104699,0.258089,3.9e-05,0,0.000414,6.3e-05,0,0.000661,0.000138,0,0.001418,5.7e-05,0,0.000583,9.1e-05,0,0.000893,0.000131,0,0.001149,0.000203,0,0.002298,0.000269,0,0.003282,6.8e-05,0,0.000644
"PH_SL_11.sorted.bam","11","SL",0.155962,0.107684,0.225967,0.001028,0,0.008134,0.005418,0,0.040772,0.001044,0,0.008976,0.000945,0,0.007083,0.173162,0.127197,0.221084,0.069892,0,0.143982,0.591048,0.550811,0.632148,0.001502,0,0.010744,0.00016,0,0.001643,0.000138,0,0.001466,0.000225,0,0.002107,0.000215,0,0.002372,0.000144,0,0.001091,0.000106,0,0.000654,0.000163,0,0.001703,0.000126,0,0.00101,0.000207,0,0.001604,1e-04,0,0.00103,0.000148,0,0.001441,0.000103,0,0.000869,0.000193,0,0.002023,0.000155,0,0.001686,6.7e-05,0,0.000519,0.005078,0,0.069087,0.000299,0,0.003407,0.001118,0,0.015738,0.000113,0,0.001214,0.00043,0,0.005768,0.000115,0,0.001184,0.092902,0,0.199447,0.000424,0,0.005238,0.004994,0,0.067978,0.000707,0,0.008305,0.00021,0,0.002255,0.000264,0,0.003285,9.6e-05,0,0.000974,0.212399,0.067845,0.440802,0.000199,0,0.002223,0.003546,0,0.062448,0.000257,0,0.00257,0.000356,0,0.00398,0.338469,0.247787,0.432162,0.039733,0,0.176001,0.293139,0.179786,0.398005,0.000559,0,0.008412,0.00017,0,0.00188,0.000207,0,0.001909,0.000157,0,0.001782,0.000162,0,0.002049,0.000322,0,0.003398,0.000356,0,0.004968,0.000859,0,0.010679,0.000107,0,0.001357
"PH_SL_12.sorted.bam","12","SL",0.000279,0,0.002388,0.000182,0,0.001407,0.000204,0,0.001601,0.000211,0,0.001675,0.000177,0,0.001476,0.001535,0,0.018921,0.00072,0,0.008602,0.996496,0.977232,0.999969,0.000196,0,0.001607,4e-05,0,0.000345,2.5e-05,0,0.000258,2.3e-05,0,0.000222,3.1e-05,0,0.000327,2.7e-05,0,0.000273,2.5e-05,0,0.000214,3e-05,0,0.000314,4e-05,0,0.000348,3.4e-05,0,0.000338,3.1e-05,0,0.000303,2.8e-05,0,0.000261,3.5e-05,0,0.000307,2.9e-05,0,0.000244,2.9e-05,0,0.000312,2.1e-05,0,0.000191,0.000132,0,0.001384,4.1e-05,0,0.000387,5.2e-05,0,0.000377,3.2e-05,0,0.000304,4.2e-05,0,0.000412,4.3e-05,0,0.000482,7.9e-05,0,0.000634,3.6e-05,0,0.00034,5.5e-05,0,0.000484,4.2e-05,0,0.000438,3.7e-05,0,0.000251,4.4e-05,0,0.000415,3.6e-05,0,0.000339,0.000113,0,0.001216,8.3e-05,0,0.000653,0.000106,0,0.001161,0.000124,0,0.001323,9.1e-05,0,0.000957,0.002577,0,0.037147,0.001043,0,0.017064,0.994381,0.955798,0.999966,4e-05,0,0.000407,3.1e-05,0,0.00031,2.6e-05,0,0.000276,3e-05,0,0.000295,2.3e-05,0,0.00022,6.2e-05,0,0.000506,3.2e-05,0,0.000278,9.4e-05,0,0.000973,2.7e-05,0,0.000246
"PH_SL_1.sorted.bam","1","SL",0.154849,0.105015,0.220117,0.000681,0,0.005439,0.001542,0,0.016255,0.001301,0,0.010358,0.000411,0,0.003348,0.17239,0.124294,0.223274,0.050054,0,0.123636,0.617606,0.581575,0.653161,0.001167,0,0.009847,0.000103,0,0.001115,7.5e-05,0,0.000667,6.8e-05,0,0.00048,7.8e-05,0,0.000814,6.1e-05,0,0.000697,8e-05,0,0.000852,0.000291,0,0.003213,0.000102,0,0.001031,0.000207,0,0.002185,0.000164,0,0.001387,7e-05,0,0.000676,4.9e-05,0,0.000501,6.4e-05,0,0.000585,6.9e-05,0,0.000664,3.8e-05,0,0.000363,0.007378,0,0.076383,0.000148,0,0.001811,0.000379,0,0.00446,0.000404,0,0.004778,0.000111,0,0.001063,0.000111,0,0.001083,0.002356,0,0.030783,0.000258,0,0.002946,0.001478,0,0.023537,0.000615,0,0.007654,0.000161,0,0.001725,9.5e-05,0,0.001047,9.8e-05,0,0.00107,0.299073,0.191941,0.438754,0.000402,0,0.003946,0.000593,0,0.007079,0.000403,0,0.004447,0.000154,0,0.001399,0.335196,0.234455,0.441433,0.094521,0,0.238806,0.252267,0.176966,0.331574,0.000169,0,0.002001,0.00013,0,0.00119,6.2e-05,0,0.000574,0.000182,0,0.002223,6.8e-05,0,0.000696,0.000846,0,0.011161,0.000428,0,0.006095,0.000336,0,0.003986,5.6e-05,0,0.000583
"PH_SL_2.sorted.bam","2","SL",0.000259,0,0.002057,0.00021,0,0.001691,0.000213,0,0.001594,0.00027,0,0.002023,0.000202,0,0.001619,0.000322,0,0.002394,0.000319,0,0.002428,0.997978,0.991969,0.99997,0.000228,0,0.001799,3.7e-05,0,4e-04,3e-05,0,0.000268,2.9e-05,0,0.000252,4.3e-05,0,0.000377,2.8e-05,0,0.000248,2.6e-05,0,0.000244,5.4e-05,0,0.000531,3.3e-05,0,0.000313,5.1e-05,0,0.000595,3.9e-05,0,0.00036,3.4e-05,0,0.000324,3.7e-05,0,0.000374,3.6e-05,0,0.000386,3.4e-05,0,0.000328,2.9e-05,0,0.000296,6.1e-05,0,0.000637,6.1e-05,0,0.000506,3.5e-05,0,0.00036,5.7e-05,0,0.000596,5.7e-05,0,0.000528,5.7e-05,0,0.000544,5.2e-05,0,0.000538,5.4e-05,0,0.000498,4.9e-05,0,0.00046,5.6e-05,0,0.000482,5e-05,0,0.000464,7.9e-05,0,0.000713,6e-05,0,0.000625,0.000141,0,0.00156,8.1e-05,0,0.000836,9.5e-05,0,0.000768,0.000136,0,0.001046,6.7e-05,0,0.000632,9.9e-05,0,0.001129,0.000132,0,0.001164,0.997559,0.989539,0.999967,2.8e-05,0,0.000245,3.6e-05,0,0.000355,3.6e-05,0,0.000339,4.1e-05,0,0.000352,3.1e-05,0,0.000217,8e-05,0,0.000797,4.4e-05,0,0.000416,8.7e-05,0,0.000751,3.7e-05,0,0.000342
"PH_SL_3.sorted.bam","3","SL",0.000288,0,0.002225,0.000206,0,0.001628,0.000254,0,0.001968,0.000208,0,0.001591,0.000195,0,0.001469,0.000393,0,0.003154,0.000261,0,0.002074,0.997951,0.99216,0.999969,0.000245,0,0.001861,4.5e-05,0,0.000378,3.1e-05,0,0.000295,3.4e-05,0,0.000273,4.6e-05,0,0.000457,3.4e-05,0,0.000363,3.4e-05,0,0.000327,4e-05,0,0.000418,3.7e-05,0,0.000418,4.5e-05,0,0.000459,3.1e-05,0,0.000346,3.7e-05,0,0.000424,3.7e-05,0,0.000378,4e-05,0,0.000321,3.9e-05,0,0.000358,3e-05,0,0.000294,8.2e-05,0,0.000874,4.8e-05,0,0.000392,5.5e-05,0,0.000432,4.3e-05,0,0.000498,3.5e-05,0,0.000323,5.5e-05,0,0.000474,5.4e-05,0,0.000459,4.7e-05,0,0.000498,4.5e-05,0,0.000365,4.1e-05,0,0.000426,4.9e-05,0,0.000524,4.6e-05,0,0.000415,3.4e-05,0,0.00038,0.000153,0,0.001504,7.2e-05,0,0.000781,0.000128,0,0.001198,6.9e-05,0,0.000667,5.2e-05,0,0.000547,0.000309,0,0.003195,0.00013,0,0.001419,0.997443,0.98952,0.999964,4.4e-05,0,0.000442,3.8e-05,0,0.000357,4.7e-05,0,0.000437,3.9e-05,0,0.000411,4.1e-05,0,0.000392,5.8e-05,0,0.00064,4.1e-05,0,0.000327,0.000105,0,0.001155,3.8e-05,0,0.000351
"PH_SL_4.sorted.bam","4","SL",0.000392,0,0.00297,0.000191,0,0.001538,0.000272,0,0.002361,0.000299,0,0.002421,0.000175,0,0.001383,0.001735,0,0.023755,0.000623,0,0.00534,0.996066,0.973995,0.999961,0.000248,0,0.002054,6.6e-05,0,0.000698,4.2e-05,0,0.000382,2.4e-05,0,0.00026,4.4e-05,0,0.000387,3.5e-05,0,0.000334,3e-05,0,0.000307,5e-05,0,0.000503,2.8e-05,0,0.000305,3.7e-05,0,0.000407,4.7e-05,0,0.000496,4e-05,0,0.000416,2.9e-05,0,0.000292,2.8e-05,0,0.000308,2.9e-05,0,0.000293,2.2e-05,0,0.000217,0.000183,0,0.002426,4.8e-05,0,0.000465,8e-05,0,0.000742,8.1e-05,0,0.000735,4.3e-05,0,0.000456,4.1e-05,0,0.00039,8.6e-05,0,0.00083,4.8e-05,0,0.000419,7.1e-05,0,0.000692,5.7e-05,0,0.000467,3.2e-05,0,0.000294,8.2e-05,0,0.000889,4.2e-05,0,0.000498,0.000163,0,0.00177,7.1e-05,0,0.000693,0.000149,0,0.00159,0.000187,0,0.001731,7.6e-05,0,0.000877,0.002762,0,0.046589,0.000717,0,0.009767,0.993963,0.949541,0.999955,4.5e-05,0,0.00052,3.3e-05,0,0.000315,4e-05,0,0.00038,3.4e-05,0,0.00032,3e-05,0,0.000267,0.000108,0,0.001192,6.7e-05,0,0.00075,7.9e-05,0,0.000817,3e-05,0,0.000273
"PH_SL_6.sorted.bam","6","SL",0.157376,0.10743,0.228286,0.00049,0,0.003756,0.002011,0,0.018309,0.000675,0,0.00533,0.000404,0,0.003115,0.178426,0.128686,0.232215,0.046494,0,0.118369,0.613509,0.577659,0.649619,0.000616,0,0.004841,0.000127,0,0.001321,7.3e-05,0,0.000773,4.6e-05,0,0.000481,0.000123,0,0.001144,8.9e-05,0,0.000807,0.000116,0,0.001325,0.000221,0,0.002333,7.5e-05,0,0.000847,0.000135,0,0.001295,5.7e-05,0,0.000646,7e-05,0,0.000709,3.6e-05,0,0.000327,8.4e-05,0,0.000887,0.000134,0,0.001517,3.7e-05,0,0.000261,0.002847,0,0.035364,0.000132,0,0.00145,0.000379,0,0.003552,0.000169,0,0.001658,0.000104,0,0.001229,0.000113,0,0.000984,0.000664,0,0.007259,0.000109,0,0.001132,0.002428,0,0.035338,0.000203,0,0.002083,0.000125,0,0.001368,0.000129,0,0.00142,7.4e-05,0,0.000736,0.310427,0.204731,0.456223,0.000306,0,0.003038,0.000466,0,0.005343,0.00017,0,0.0015,0.00013,0,0.001291,0.352641,0.249385,0.463351,0.088992,0,0.233647,0.236815,0.167521,0.311232,7.3e-05,0,0.000698,6.7e-05,0,0.000751,8.6e-05,0,0.000813,0.000129,0,0.001333,5.1e-05,0,0.000507,0.000225,0,0.002347,0.000191,0,0.0017,0.000256,0,0.002894,7.7e-05,0,0.00067
"PH_SL_7.sorted.bam","7","SL",0.000372,0,0.003028,0.00025,0,0.001994,0.000329,0,0.002523,0.000443,0,0.003174,0.000224,0,0.001745,0.000745,0,0.006067,0.000562,0,0.004263,0.996749,0.98509,0.999953,0.000325,0,0.002684,8.3e-05,0,0.000943,4.5e-05,0,0.000433,3.4e-05,0,0.000372,8.6e-05,0,0.000903,4.3e-05,0,0.000499,4.1e-05,0,0.000402,6.9e-05,0,0.000712,4.7e-05,0,0.000544,5.7e-05,0,0.000687,6.6e-05,0,0.000666,5e-05,0,0.000531,3.5e-05,0,0.000295,4.2e-05,0,0.000392,3.9e-05,0,0.000305,3.1e-05,0,0.000275,0.000109,0,0.00124,6.6e-05,0,0.000516,5.5e-05,0,0.000571,8.9e-05,0,0.000898,4.4e-05,0,0.000407,6.6e-05,0,0.000577,8.3e-05,0,0.000917,5.6e-05,0,5e-04,7.6e-05,0,0.00073,9.2e-05,0,0.000864,4.7e-05,0,0.000416,0.00014,0,0.001396,7.6e-05,0,0.000806,8.8e-05,0,0.000952,0.000101,0,0.001011,0.000177,0,0.001411,0.000306,0,0.002611,8.5e-05,0,0.000838,0.000776,0,0.009703,0.000403,0,0.003918,0.995696,0.977263,0.999947,4.8e-05,0,0.000428,3.9e-05,0,0.000323,4.1e-05,0,0.000404,5.7e-05,0,0.000572,4.4e-05,0,0.000439,8e-05,0,0.000844,7.5e-05,0,0.000832,0.000172,0,0.001867,4.7e-05,0,0.000353
"PH_SL_8.sorted.bam","8","SL",0.062742,0.000168,0.107056,0.320308,0.273456,0.403349,0.072905,0.00067,0.122137,0.001748,0,0.01308,0.035887,0.006457,0.061948,0.034118,0,0.088516,0.2263,0.155434,0.26782,0.245241,0.20907,0.29892,0.000751,0,0.006683,4.1e-05,0,0.000329,0.000151,0,0.001584,2.5e-05,0,0.000231,0.006509,0,0.077671,7.1e-05,0,0.000738,8.2e-05,0,0.000789,0.000877,0,0.011081,0.000758,0,0.0113,0.000291,0,0.004106,3.4e-05,0,0.000343,0.000237,0,0.002659,0.000158,0,0.001663,0.000147,0,0.000973,0.000523,0,0.006682,3.5e-05,0,0.000344,0.00098,0,0.008058,0.019094,0,0.155967,0.000384,0,0.004726,0.000158,0,0.001331,0.046841,0,0.114513,3e-05,0,0.000312,0.116368,0,0.212271,0.184415,0.079215,0.371871,0.127744,0,0.243552,0.000145,0,0.001735,0.001814,0,0.031119,0.000239,0,0.001927,3.8e-05,0,0.000369,0.000217,0,0.001962,0.435646,0.337002,0.514225,0.01035,0,0.108903,0.000583,0,0.008462,0.02178,0,0.10739,0.000304,0,0.002981,0.021427,0,0.155739,3.1e-05,0,0.000266,6.2e-05,0,0.000536,0.000274,0,0.002266,0.00015,0,0.001351,9.2e-05,0,0.000921,0.000205,0,0.001399,0.000177,0,0.001898,0.000372,0,0.003567,0.000112,0,0.000948,2.9e-05,0,0.000252
"PH_SL_9.sorted.bam","9","SL",0.172229,0.12202,0.237106,0.000484,0,0.003859,0.000784,0,0.005774,0.001236,0,0.010051,0.000544,0,0.004477,0.173407,0.121691,0.229848,0.032756,0,0.113564,0.616554,0.571499,0.658562,0.002006,0,0.018033,0.000131,0,0.001289,6.9e-05,0,0.000747,3.8e-05,0,0.00033,0.000129,0,0.001466,8.1e-05,0,0.000789,7.2e-05,0,0.000775,0.000252,0,0.002599,9e-05,0,0.000899,0.000107,0,0.00105,0.000147,0,0.001276,7.5e-05,0,0.000799,5.1e-05,0,0.000451,5.4e-05,0,0.000599,0.000109,0,0.001005,5.8e-05,0,0.000666,0.072274,0,0.212745,0.000127,0,0.001355,0.00029,0,0.003399,0.000307,0,0.003515,0.000178,0,0.001652,8.6e-05,0,0.000991,0.000358,0,0.004707,0.000133,0,0.001131,0.000215,0,0.001986,0.000316,0,0.002937,0.000231,0,0.002438,0.00013,0,0.001279,7.3e-05,0,0.000716,0.270871,0.081568,0.472083,0.000229,0,0.002464,0.000418,0,0.005336,0.00083,0,0.012321,0.000202,0,0.001604,0.270811,0.089775,0.443991,0.063868,0,0.22583,0.312663,0.19707,0.440788,0.000169,0,0.001521,0.000112,0,0.001035,0.000129,0,0.001445,0.000167,0,0.002065,7.1e-05,0,0.000718,0.002525,0,0.033872,0.000115,0,0.000962,0.000552,0,0.006855,8.6e-05,0,0.000867
"PH_TB_10.sorted.bam","10","TB",0.500179,0.405893,0.692101,0.001197,0,0.009574,0.003434,0,0.024263,0.008835,0,0.038794,0.000921,0,0.00698,0.296857,0.221836,0.36062,0.130881,0,0.246228,0.043676,0,0.091958,0.014019,0,0.048474,0.161178,0,0.403361,0.000221,0,0.001884,0.000219,0,0.002439,0.000537,0,0.00573,0.000234,0,0.002555,0.000169,0,0.001705,0.001123,0,0.015692,0.000243,0,0.002922,0.000821,0,0.011306,9e-04,0,0.014003,0.000191,0,0.00172,7.1e-05,0,0.000533,0.000124,0,0.001313,0.000209,0,0.002333,0.00021,0,0.00252,0.576454,0.407433,0.714753,0.000141,0,0.001379,0.000781,0,0.010089,0.003584,0,0.053602,0.000156,0,0.001762,0.004462,0,0.058908,0.091722,0,0.368863,0.000254,0,0.002218,0.001598,0,0.022858,0.004166,0,0.056389,0.000267,0,0.003422,0.001015,0,0.010816,0.042012,0,0.132558,0.004631,0,0.078891,0.00032,0,0.003112,0.001062,0,0.012101,0.000855,0,0.007965,0.000171,0,0.001329,0.000782,0,0.00708,0.069576,0,0.168568,0.004345,0,0.066059,0.003124,0,0.050238,0.000474,0,0.006485,0.001375,0,0.017439,0.00487,0,0.043337,0.000234,0,0.002077,0.001877,0,0.02893,0.00914,0,0.083674,0.001264,0,0.01929,0.00284,0,0.030079
"PH_TB_12.sorted.bam","12","TB",0.497995,0.418305,0.679148,0.001634,0,0.011454,0.008601,0,0.044152,0.002023,0,0.013816,0.001281,0,0.009633,0.314249,0.23724,0.405388,0.12796,0,0.232509,0.032563,0,0.077988,0.013693,0,0.063371,0.088318,0,0.370079,0.000174,0,0.001062,0.000357,0,0.004377,0.000792,0,0.010081,0.000406,0,0.005751,0.0038,0,0.038628,0.00052,0,0.007199,0.000313,0,0.002827,0.000379,0,0.004164,0.000369,0,0.00474,0.000165,0,0.001855,0.000206,0,0.002039,0.000366,0,0.003477,0.000162,0,0.001827,0.000189,0,0.002019,0.611288,0.452049,0.793777,0.000213,0,0.002051,0.001228,0,0.018878,0.000566,0,0.00616,0.000192,0,0.002554,0.004013,0,0.054202,0.205376,0,0.443514,0.000626,0,0.006992,0.005138,0,0.059918,0.000667,0,0.00952,0.000386,0,0.004608,0.000795,0,0.007932,0.014045,0,0.088428,0.000471,0,0.00356,0.000128,0,0.001449,0.001205,0,0.016568,0.000433,0,0.006258,0.000446,0,0.005511,8.3e-05,0,0.000966,0.00053,0,0.003904,0.030722,0,0.077143,0.000569,0,0.00697,0.000488,0,0.006181,8.7e-05,0,0.000735,0.000267,0,0.002835,0.000262,0,0.003152,0.006109,0,0.065301,0.014313,0,0.123706,0.000386,0,0.003728,0.002453,0,0.029457
"PH_TB_1.sorted.bam","1","TB",0.540293,0.447721,0.717855,0.002207,0,0.016448,0.00819,0,0.039599,0.003578,0,0.022908,0.001607,0,0.012101,0.25037,0.189102,0.321381,0.158434,0,0.262556,0.013246,0,0.062097,0.022076,0,0.088227,0.232295,0.056582,0.715122,0.000303,0,0.00379,0.000249,0,0.002894,0.003499,0,0.049832,0.000251,0,0.002561,0.000685,0,0.009883,0.000712,0,0.008348,0.000127,0,0.001107,0.001171,0,0.015605,0.001032,0,0.015263,0.000126,0,0.00121,0.000242,0,0.002248,0.000232,0,0.003036,0.000262,0,0.002224,0.000322,0,0.004045,0.303992,0,0.62902,0.000714,0,0.008409,0.004392,0,0.057673,0.001005,0,0.014779,0.000184,0,0.001628,0.078364,0,0.193832,0.306242,0,0.512924,0.00145,0,0.023087,0.003076,0,0.037463,0.000676,0,0.010152,0.000761,0,0.010498,0.001815,0,0.02993,0.000665,0,0.007304,0.000679,0,0.006486,0.000617,0,0.008221,0.001804,0,0.027335,0.000617,0,0.00565,0.000538,0,0.007675,0.005234,0,0.06063,0.001336,0,0.017802,0.007663,0,0.059511,0.000441,0,0.005549,0.000212,0,0.002581,0.000584,0,0.007617,0.000523,0,0.008153,0.000225,0,0.002511,0.026674,0,0.173174,0.000182,0,0.001849,0.00034,0,0.004052,0.007485,0,0.042152
"PH_TB_2.sorted.bam","2","TB",0.53408,0.460106,0.678795,0.001797,0,0.013752,0.001519,0,0.012016,0.008598,0,0.034108,0.001431,0,0.010435,0.320391,0.261879,0.379213,0.103696,0,0.209055,0.002708,0,0.01942,0.02578,0,0.06678,0.164119,0.041337,0.370933,0.000268,0,0.002588,0.00069,0,0.010295,0.00035,0,0.003126,8.6e-05,0,0.001022,0.000182,0,0.00202,0.000564,0,0.006787,0.000222,0,0.00183,0.000104,0,0.001085,0.006475,0,0.033043,0.000312,0,0.003302,0.000171,0,0.001793,0.000188,0,0.001944,0.000437,0,0.006247,0.000343,0,0.004221,0.632367,0.512276,0.749294,0.000336,0,0.003893,0.000576,0,0.007381,0.000441,0,0.003659,0.000286,0,0.003772,0.000871,0,0.00721,0.104325,0,0.29587,0.00062,0,0.007481,0.000721,0,0.007634,0.000783,0,0.011074,0.000381,0,0.004705,0.00247,0,0.035195,0.02694,0,0.096824,0.000411,0,0.004031,0.000335,0,0.004247,0.000239,0,0.003446,0.001238,0,0.018038,0.000189,0,0.001612,0.000843,0,0.012373,0.000393,0,0.004292,0.00067,0,0.00771,0.001325,0,0.021313,0.000176,0,0.00194,0.000409,0,0.003683,0.000457,0,0.005967,0.000212,0,0.002465,0.001722,0,0.029461,0.043819,0,0.131847,0.000429,0,0.005682,0.001507,0,0.020652
"PH_TB_3.sorted.bam","3","TB",0.47842,0.395351,0.65147,0.004171,0,0.021871,0.004407,0,0.02828,0.011936,0,0.043329,0.011568,0,0.037044,0.270887,0.210171,0.334212,0.140996,0.011065,0.238041,0.060981,0.021885,0.10356,0.016635,0,0.069802,0.146232,0.026448,0.399578,0.00029,0,0.003007,0.000241,0,0.002617,0.000498,0,0.006127,0.000441,0,0.006286,0.000306,0,0.003888,0.001014,0,0.010301,0.001103,0,0.018132,0.001583,0,0.025661,0.001718,0,0.025483,0.00061,0,0.008067,0.002239,0,0.026129,0.001043,0,0.01377,0.001718,0,0.023984,0.00531,0,0.032634,0.435992,0.239411,0.661182,0.000556,0,0.005635,0.00054,0,0.005597,0.005321,0,0.058421,0.000543,0,0.006751,0.037347,0,0.130292,0.224706,0,0.449005,0.002161,0,0.03137,0.002136,0,0.033925,0.005941,0,0.068172,0.005311,0,0.053179,0.008362,0,0.102624,0.003965,0,0.0536,0.000996,0,0.012331,0.000335,0,0.004837,0.000732,0,0.007755,0.002601,0,0.038277,0.000278,0,0.00249,0.01228,0,0.134805,0.009765,0,0.094765,0.046212,0,0.100969,0.000271,0,0.002169,0.000733,0,0.011424,0.00123,0,0.019915,0.001154,0,0.015735,0.000774,0,0.011472,0.003484,0,0.044759,0.015679,0,0.136879,0.00255,0,0.034179,0.003698,0,0.038849
"PH_TB_4.sorted.bam","4","TB",0.202263,0.155336,0.25708,0.082683,0.046914,0.133547,0.117041,0.076262,0.160095,0.067336,0.041496,0.099145,0.005793,0,0.030239,0.272606,0.203216,0.35506,0.127936,0,0.231152,0.067441,0.042964,0.095983,0.056901,0.022504,0.09154,1e-04,0,0.000691,0.000211,0,0.002024,4.7e-05,0,0.000531,0.000543,0,0.005885,0.000292,0,0.003276,0.000111,0,0.000892,0.001239,0,0.016,0.001824,0,0.023437,0.046833,0,0.194208,5.4e-05,0,0.000538,0.000545,0,0.004364,0.000137,0,0.001262,0.00028,0,0.003189,0.000913,0,0.01283,4.5e-05,0,0.000399,0.298426,0.134547,0.478547,0.160097,0.0825,0.263025,0.000554,0,0.007145,0.000147,0,0.001537,0.001975,0,0.026991,7e-05,0,0.00067,0.089742,0,0.242939,0.000887,0,0.007257,0.161856,0,0.285816,0.000812,0,0.010576,0.000404,0,0.004734,0.000134,0,0.00143,4.7e-05,0,0.000384,0.001549,0,0.022505,0.001573,0,0.021427,0.022965,0,0.153602,0.082461,0,0.15842,0.006789,0,0.05737,0.001127,0,0.014384,0.001375,0,0.015551,6.5e-05,0,0.000632,0.012071,0,0.104147,0.000249,0,0.001534,0.000537,0,0.004662,0.000334,0,0.003597,0.000452,0,0.004243,0.082611,0,0.176916,0.000566,0,0.006709,0.016912,0,0.123986,3.4e-05,0,0.000322
"PH_TB_6.sorted.bam","6","TB",0.514981,0.43168,0.696244,0.005381,0,0.04249,0.01264,0,0.058095,0.006638,0,0.035519,0.001013,0,0.007659,0.271599,0.196785,0.3749,0.147237,1e-06,0.256748,0.037675,0,0.078236,0.002835,0,0.027553,0.136649,0,0.402908,0.000435,0,0.004934,0.00052,0,0.007047,0.001433,0,0.016205,0.000149,0,0.001414,0.000321,0,0.002609,0.000244,0,0.00262,0.000521,0,0.00764,0.000291,0,0.001812,0.005331,0,0.03467,0.000115,0,0.000962,0.000132,0,0.001409,0.000174,0,0.002045,0.000147,0,0.001552,0.000138,0,0.001417,0.535509,0.378509,0.747285,0.000306,0,0.003648,0.001823,0,0.028419,0.000384,0,0.004269,0.000271,0,0.003626,0.000531,0,0.007067,0.216279,0,0.455421,0.007197,0,0.083824,0.019276,0,0.115903,0.000602,0,0.00626,0.000511,0,0.005553,0.000185,0,0.002003,0.000575,0,0.00669,0.002116,0,0.030344,0.000764,0,0.006348,0.001229,0,0.019172,0.000213,0,0.002624,0.000109,0,0.001029,0.003222,0,0.055384,0.046366,0,0.134369,0.010593,0,0.073156,0.000534,0,0.007797,0.000217,0,0.002111,0.000265,0,0.00323,0.000212,0,0.00237,0.000292,0,0.003512,0.000437,0,0.005789,0.002909,0,0.047619,0.000144,0,0.001477,0.000331,0,0.003701
"PH_TB_7.sorted.bam","7","TB",0.401462,0.328382,0.499981,0.104238,0.072075,0.143307,0.006669,0,0.04715,0.001992,0,0.014508,0.001057,0,0.008027,0.293357,0.216211,0.370274,0.134104,0,0.247567,0.052033,0.017673,0.089353,0.005087,0,0.034031,0.001357,0,0.015159,0.068381,0,0.283068,0.001022,0,0.01412,0.000547,0,0.006719,0.001355,0,0.018559,0.000722,0,0.010122,0.000732,0,0.010187,0.000526,0,0.004392,0.000321,0,0.003344,0.000329,0,0.004205,0.00023,0,0.002686,0.000151,0,0.001175,0.000167,0,0.00191,0.000263,0,0.003713,0.000164,0,0.001835,0.469439,0.219741,0.7246,0.09823,0,0.230103,0.000426,0,0.004398,0.000456,0,0.0051,0.000182,0,0.002181,0.001366,0,0.023143,0.208275,0,0.469131,0.024241,0,0.240902,0.008246,0,0.093857,0.000383,0,0.00475,0.000127,0,0.001498,0.000278,0,0.003061,0.001731,0,0.027808,0.05196,0,0.156482,0.013074,0,0.155869,0.000233,0,0.001618,0.000423,0,0.00466,0.000329,0,0.003454,0.013645,0,0.106449,0.01946,0,0.130751,0.001336,0,0.020553,0.000646,0,0.009743,0.000472,0,0.007192,6e-04,0,0.007225,0.000222,0,0.002548,0.000336,0,0.004379,0.001327,0,0.020987,0.003737,0,0.055405,0.00227,0,0.038353,0.000282,0,0.003405
"PH_TB_8.sorted.bam","8","TB",0.487016,0.400071,0.671587,0.002299,0,0.014884,0.008623,0,0.039924,0.002812,0,0.019187,0.000979,0,0.007136,0.289602,0.220994,0.35786,0.144702,2e-06,0.250593,0.032807,0,0.080798,0.031161,4e-06,0.070011,0.155098,0.043891,0.405798,0.000466,0,0.004217,0.000764,0,0.009919,0.000252,0,0.002775,0.000282,0,0.003965,0.000925,0,0.013366,0.000416,0,0.004536,0.000646,0,0.009101,0.000181,0,0.001731,0.000978,0,0.016048,0.000132,0,0.000992,0.000111,0,0.001298,0.00022,0,0.002193,0.000238,0,0.003022,0.000103,0,0.001176,0.537567,0.340861,0.70427,0.000158,0,0.00187,0.003151,0,0.044925,0.000382,0,0.004074,0.000448,0,0.006406,0.002476,0,0.033369,0.123189,0,0.338595,0.000521,0,0.007189,0.006778,0,0.070615,0.000374,0,0.00436,0.000344,0,0.004366,0.020941,0,0.132545,0.039431,0,0.127507,0.000444,0,0.003716,0.000464,0,0.005742,0.001613,0,0.024284,0.001121,0,0.017896,0.000137,0,0.001305,0.005663,0,0.07876,0.012769,0,0.107454,0.020869,0,0.076728,0.00137,0,0.016188,0.00042,0,0.004611,0.002919,0,0.040959,0.00031,0,0.003734,0.000119,0,0.001174,0.00594,0,0.079448,0.045625,0,0.131043,0.001667,0,0.02441,0.001977,0,0.029465
"PH_TB_9.sorted.bam","9","TB",0.182405,0.132903,0.236137,0.091837,0.059,0.129239,0.073087,0.000358,0.121267,0.060429,0.034061,0.088397,0.157937,0.12067,0.201779,0.103319,0.060391,0.149343,0.294685,0.226511,0.351342,0.032416,1e-06,0.063906,0.003884,0,0.03052,0.000146,0,0.001,0.001113,0,0.014682,6e-05,0,0.000621,0.009061,0,0.106995,0.000903,0,0.008877,7.1e-05,0,0.000733,0.000386,0,0.004966,0.118494,0.064964,0.172857,0.000726,0,0.00315,3.6e-05,0,0.000367,0.000457,0,0.007171,0.000667,0,0.007505,0.00073,0,0.007037,0.000547,0,0.006001,5.9e-05,0,0.000614,0.000147,0,0.001602,0.000767,0,0.009275,0.000118,0,0.001334,0.000129,0,0.001328,0.20494,0.11942,0.297737,4.7e-05,0,0.000474,0.35288,0.258536,0.462853,0.003928,0,0.048726,0.129805,0,0.241727,0.000112,0,0.001017,0.101427,0,0.205901,0.000121,0,0.001307,5.9e-05,0,0.000582,0.000209,0,0.003039,0.056609,0,0.125365,0.000637,0,0.008836,8.8e-05,0,0.000827,0.006347,0,0.079758,0.000113,0,0.00119,0.000302,0,0.002915,4e-05,0,0.000412,0.000262,0,0.002247,0.001073,0,0.017166,0.004053,0,0.059199,0.000303,0,0.00313,0.000639,0,0.00728,0.000209,0,0.001736,0.000677,0,0.008705,0.000445,0,0.00398,5.3e-05,0,0.000574
"PH_WC_10.sorted.bam","10","WC",0.040354,1e-06,0.102209,0.028812,3e-06,0.071823,0.468245,0.383045,0.704413,0.009425,0,0.036908,0.02344,0.000934,0.050185,0.042819,0.008112,0.080944,0.381043,0.148409,0.4634,0.003941,0,0.02285,0.001921,0,0.012099,0.00041,0,0.004039,0.001107,0,0.014755,0.000586,0,0.008566,0.015384,0,0.199156,0.002381,0,0.02876,0.094363,0,0.515922,0.001922,0,0.028204,0.010813,0,0.0706,0.000701,0,0.009243,0.000144,0,0.00142,0.012883,0,0.074162,0.001931,0,0.02781,0.001439,0,0.019108,0.002188,0,0.029553,0.00068,0,0.010239,0.046203,0,0.138302,0.011804,0,0.080004,0.005121,0,0.080127,0.000871,0,0.013163,0.018612,0,0.093541,0.000493,0,0.006579,0.001463,0,0.023147,0.026816,0,0.129162,0.721195,0.268167,0.889203,0.001571,0,0.023808,0.006822,0,0.061026,0.000591,0,0.009476,0.000384,0,0.004609,0.000641,0,0.008257,0.000982,0,0.014442,0.001227,0,0.017964,0.00014,0,0.001183,0.001336,0,0.018953,0.000873,0,0.013056,0.001996,0,0.025149,0.000209,0,0.002843,0.000286,0,0.003644,0.000619,0,0.008321,0.000316,0,0.003365,0.000356,0,0.005019,0.00031,0,0.003225,0.000575,0,0.008635,0.000864,0,0.012759,0.000271,0,0.00323,0.000122,0,0.001206
"PH_WC_11.sorted.bam","11","WC",0.065094,0.023955,0.135853,0.017547,0,0.058859,0.474581,0.388332,0.734575,0.007267,0,0.030781,0.009203,0,0.031513,0.051564,0.00051,0.096736,0.368763,0.129863,0.451431,0.002823,0,0.016243,0.003157,0,0.019408,0.000186,0,0.001501,0.001121,0,0.016555,0.000452,0,0.00626,0.045038,0,0.268638,0.001075,0,0.014167,0.082369,0,0.521881,0.002766,0,0.037956,0.005012,0,0.044559,0.001799,0,0.026793,0.000208,0,0.00236,0.001045,0,0.014481,0.002003,0,0.024548,0.004975,0,0.046095,0.002246,0,0.031923,0.000178,0,0.001616,0.076081,0,0.168733,0.021038,0,0.113681,0.001283,0,0.018707,0.000223,0,0.002056,0.002827,0,0.035778,0.000158,0,0.002084,0.002663,0,0.043199,0.000985,0,0.012333,0.728259,0.257664,0.892616,0.000266,0,0.002646,0.004168,0,0.047113,0.000452,0,0.004889,8.7e-05,0,0.000956,0.000619,0,0.007372,0.001247,0,0.017796,0.001049,0,0.016929,0.000786,0,0.011451,0.000473,0,0.005453,0.000468,0,0.004186,0.000203,0,0.00198,0.000112,0,0.001142,0.000481,0,0.005534,0.001708,0,0.024204,0.000946,0,0.013898,0.001018,0,0.014339,0.000314,0,0.003109,0.000441,0,0.003095,0.000357,0,0.004048,0.000577,0,0.007678,0.000237,0,0.002902
"PH_WC_1.sorted.bam","1","WC",0.058281,0.001157,0.108618,0.023541,1e-06,0.057519,0.463093,0.370401,0.723124,0.024923,0.002692,0.051865,0.004526,0,0.024204,0.075297,0.039845,0.113003,0.341548,0.063614,0.437312,0.001546,0,0.012032,0.007245,0,0.055568,0.000104,0,0.001255,0.000504,0,0.00411,0.000226,0,0.002098,0.023062,0,0.197414,0.001317,0,0.015753,0.111669,0,0.661849,0.00105,0,0.009742,0.030485,0,0.099355,0.003779,0,0.040109,0.00013,0,0.001175,0.000277,0,0.00357,0.00037,0,0.004408,0.000245,0,0.002913,0.004817,0,0.042546,8.4e-05,0,0.000825,0.090521,0,0.200883,0.005735,0,0.06513,0.017826,0,0.136025,0.006953,0,0.065062,0.001577,0,0.024176,0.000372,0,0.004195,0.000482,0,0.003889,0.006404,0,0.06984,0.656087,0,0.862417,0.001675,0,0.024893,0.001089,0,0.013513,0.015866,0,0.15583,0.000156,0,0.001462,0.000325,0,0.002826,0.000756,0,0.008716,0.000299,0,0.002409,0.000172,0,0.002012,0.000264,0,0.002759,0.000401,0,0.004366,0.00038,0,0.003231,0.000149,0,0.001879,0.000133,0,0.00138,0.001059,0,0.016168,0.000233,0,0.002376,0.000656,0,0.008195,0.000246,0,0.003102,0.01097,0,0.109967,0.000801,0,0.011054,0.000196,0,0.002289,9.7e-05,0,0.000891
"PH_WC_2.sorted.bam","2","WC",0.040341,0,0.092585,0.054628,0.023183,0.095368,0.452555,0.354423,0.701504,0.027415,0,0.055436,0.004245,0,0.024848,0.061626,0.03165,0.09444,0.353063,0.092735,0.435473,0.002197,0,0.015053,0.00393,0,0.025122,0.00158,0,0.021503,0.000699,0,0.010361,0.000713,0,0.009339,0.001032,0,0.013441,0.017972,0,0.157414,0.105651,0,0.541313,0.005107,0,0.058501,0.007256,0,0.078586,0.002062,0,0.023878,0.01738,0,0.050624,0.000553,0,0.007542,0.000548,0,0.007252,0.000268,0,0.002343,0.002006,0,0.028162,0.00024,0,0.002959,0.067884,0,0.177739,0.049425,0,0.138439,0.000286,0,0.003401,0.001023,0,0.014199,0.001561,0,0.01955,0.000817,0,0.013006,0.001395,0,0.020673,0.029244,0,0.178552,0.671393,0.170134,0.863027,0.000377,0,0.003145,0.001877,0,0.028834,0.000399,0,0.004534,0.000237,0,0.002447,0.000408,0,0.003211,0.000535,0,0.006879,0.00032,0,0.003205,0.000684,0,0.00762,0.000404,0,0.004267,0.000415,0,0.004728,0.000452,0,0.005233,0.000267,0,0.003612,0.000443,0,0.005934,0.002151,0,0.034345,0.000476,0,0.006488,0.001555,0,0.024153,0.000792,0,0.010911,0.000626,0,0.007214,0.000515,0,0.006573,0.000641,0,0.00975,0.00033,0,0.004286
"PH_WC_3.sorted.bam","3","WC",0.060664,0.028265,0.128527,0.034898,0.006404,0.068176,0.476587,0.399562,0.722442,0.000561,0,0.004329,0.001682,0,0.012849,0.046343,0.016669,0.074468,0.375391,0.124148,0.462935,0.002711,0,0.018621,0.001165,0,0.009017,0.000744,0,0.011332,0.006803,0,0.065954,0.002039,0,0.025161,0.05444,0,0.255066,0.000677,0,0.008867,0.084191,0,0.52095,0.000138,0,0.001638,0.000178,0,0.001657,0.000147,0,0.001562,6e-05,0,0.000627,0.000396,0,0.005407,0.00041,0,0.004985,0.000351,0,0.004531,9.5e-05,0,0.001101,0.000212,0,0.002637,0.046792,0,0.124364,0.028445,0,0.130133,0.015596,0,0.125618,0.000109,0,0.001421,0.000538,0,0.006033,0.000196,0,0.002054,0.010217,0,0.110542,0.025998,0,0.095893,0.712797,0.243631,0.891869,0.000155,0,0.000987,0.000779,0,0.011659,0.000174,0,0.001929,0.000167,0,0.001447,0.000906,0,0.011348,0.002488,0,0.031293,0.000546,0,0.007809,1e-04,0,0.001029,0.000202,0,0.00188,0.000333,0,0.004491,0.000175,0,0.001473,0.000228,0,0.002859,0.000147,0,0.001143,0.000718,0,0.010264,0.000237,0,0.002473,8.1e-05,0,0.000891,0.000167,0,0.002015,0.000306,0,0.003759,0.000151,0,0.001817,0.000216,0,0.001849,0.000153,0,0.001803
"PH_WC_5.sorted.bam","5","WC",0.036098,0,0.131804,0.037225,0.015505,0.061538,0.438921,0.369595,0.60481,0.043094,0.021864,0.079603,0.03621,0.00823,0.065235,0.056647,0.026183,0.101354,0.350488,0.113692,0.434136,0.00063,0,0.004872,0.000687,0,0.005435,0.000162,0,0.001283,0.000201,0,0.00223,4.6e-05,0,0.000423,0.04467,0,0.26262,0.002292,0,0.033586,0.030954,0,0.303574,0.002981,0,0.043091,0.065906,0,0.115958,0.015574,0,0.154171,0.000133,0,0.001383,0.000974,0,0.013828,9.8e-05,0,0.00115,0.019857,0,0.121039,0.000453,0,0.006209,6.2e-05,0,0.000668,0.018867,0,0.109161,0.000481,0,0.006721,0.04239,0,0.171995,0.00035,0,0.004557,0.050424,0,0.113168,7.2e-05,0,0.000693,0.003833,0,0.050367,0.005114,0,0.08416,0.690758,0.22651,0.864639,0.000365,0,0.004253,0.000227,0,0.002161,0.000267,0,0.002464,6.1e-05,0,0.00068,0.000182,0,0.00165,0.00015,0,0.001492,0.000273,0,0.002387,8e-05,0,0.000794,0.000139,0,0.001419,0.000106,0,0.001121,0.000112,0,0.001059,5.4e-05,0,0.000455,0.000163,0,0.001659,0.000116,0,0.001161,0.000119,0,0.001165,0.000214,0,0.002304,0.000126,0,0.001389,0.000265,0,0.003392,0.00018,0,0.001645,0.000109,0,0.00084,4.2e-05,0,0.000372
"PH_WC_6.sorted.bam","6","WC",0.070109,0.029891,0.111929,0.031384,6.1e-05,0.06797,0.450959,0.36332,0.678509,0.004133,0,0.020654,0.021291,1e-06,0.048928,0.07169,0.037364,0.11881,0.340724,0.108427,0.428968,0.002688,0,0.020187,0.007022,0,0.034852,0.002572,0,0.034701,0.003647,0,0.040392,0.001805,0,0.026521,0.004423,0,0.055892,0.016286,0,0.11791,0.10644,0,0.552728,0.00058,0,0.006311,0.001873,0,0.025848,0.000977,0,0.014645,0.00077,0,0.00973,0.001188,0,0.014781,0.012568,0,0.066239,0.005473,0,0.049871,0.001425,0,0.021902,0.000611,0,0.008208,0.119546,0.00252,0.192231,0.013022,0,0.092334,0.006727,0,0.087869,0.000191,0,0.001534,0.001415,0,0.02127,0.000192,0,0.002392,0.002129,0,0.030943,0.008447,0,0.083234,0.650638,0.15097,0.841951,0.000538,0,0.006193,0.016628,0,0.093444,0.000328,0,0.003311,0.000801,0,0.012216,0.000326,0,0.002112,0.001959,0,0.027305,0.000527,0,0.006913,0.000475,0,0.005974,0.001131,0,0.016998,0.000203,0,0.001906,0.000153,0,0.001534,0.000124,0,0.001137,0.003236,0,0.045973,0.001356,0,0.019295,0.003986,0,0.044381,0.000666,0,0.009089,0.001533,0,0.025119,0.001564,0,0.020968,0.000984,0,0.014087,0.000353,0,0.005073,0.000182,0,0.002111
"PH_WC_7.sorted.bam","7","WC",0.049291,0.000424,0.13508,0.016999,0,0.049612,0.480745,0.397284,0.73143,0.03087,0.006386,0.051074,0.034184,0.008925,0.05778,0.018553,0,0.068319,0.364107,0.115961,0.454298,0.003614,0,0.022451,0.001635,0,0.01188,0.003254,0,0.04139,0.00585,0,0.06105,0.000324,0,0.002789,0.029793,0,0.2092,0.004902,0,0.056241,0.108686,0,0.589133,0.000553,0,0.007088,0.015692,0,0.085403,0.002941,0,0.055351,0.000165,0,0.001643,0.006817,0,0.072584,0.00048,0,0.004683,0.006794,0,0.071993,0.040316,0,0.09497,0.000112,0,0.001277,0.021047,0,0.122368,0.002755,0,0.037175,0.010506,0,0.10995,0.000552,0,0.005876,0.000906,0,0.011784,0.000159,0,0.001543,0.027006,0,0.177902,0.002873,0,0.033793,0.68658,0.127259,0.888259,0.000811,0,0.010784,0.009623,0,0.087345,0.000382,0,0.004732,0.000328,0,0.003611,0.000728,0,0.012002,0.000357,0,0.002672,0.001992,0,0.028384,0.000236,0,0.002307,0.002983,0,0.035927,0.00027,0,0.002509,0.000158,0,0.001476,0.000127,0,0.001245,0.000281,0,0.003067,0.000441,0,0.005972,0.00061,0,0.008835,0.000308,0,0.001814,0.000228,0,0.00262,0.00037,0,0.004017,0.000125,0,0.000975,0.000251,0,0.001978,0.000329,0,0.00446
"PH_WC_8.sorted.bam","8","WC",0.068299,0.025511,0.114206,0.02141,0,0.059323,0.408636,0.323239,0.603449,0.045985,0.022343,0.072916,0.052318,0.028709,0.082634,0.057951,0.028335,0.089373,0.342733,0.090429,0.432889,0.001701,0,0.012159,0.000966,0,0.007547,0.000161,0,0.001664,0.000616,0,0.007875,0.00031,0,0.002334,0.000713,0,0.009655,0.002072,0,0.026032,0.108429,0,0.600286,0.006867,0,0.07622,0.03379,0,0.116696,0.002303,0,0.030808,9.4e-05,0,0.000664,0.000439,0,0.002858,0.000434,0,0.004687,0.00052,0,0.004326,0.039269,0,0.119591,0.000152,0,0.001617,0.000742,0,0.010029,0.003781,0,0.043371,0.047644,0,0.16015,0.000736,0,0.00804,0.061262,0,0.158713,0.000193,0,0.001725,0.126535,0,0.223775,0.000595,0,0.008173,0.546572,0,0.781698,0.007805,0,0.078328,0.00186,0,0.024173,0.000877,0,0.011648,0.000307,0,0.003856,2e-04,0,0.00202,0.000782,0,0.011317,0.000403,0,0.005162,0.000663,0,0.008311,0.000322,0,0.003467,0.000205,0,0.002138,0.000309,0,0.002506,0.000175,0,0.002401,0.000165,0,0.001681,0.00013,0,0.001341,0.000188,0,0.002356,0.000348,0,0.003618,0.000227,0,0.002149,0.00027,0,0.002532,0.000299,0,0.00364,0.000169,0,0.001627,6.7e-05,0,0.000785
"PH_WC_9.sorted.bam","9","WC",0.076404,0.034159,0.17194,0.041381,1e-06,0.125388,0.435427,0.343602,0.685989,0.006347,0,0.035321,0.021054,0,0.066193,0.07023,0.032632,0.112167,0.33778,0.100418,0.436492,0.008501,0,0.032581,0.002877,0,0.018665,0.000593,0,0.008097,0.000161,0,0.001397,0.00046,0,0.005752,0.001548,0,0.023754,0.001523,0,0.019198,0.151327,0,0.685379,0.000173,0,0.001832,0.005667,0,0.061076,0.001693,0,0.02265,0.000549,0,0.007529,0.001921,0,0.028994,0.001882,0,0.031804,0.001071,0,0.015966,0.001347,0,0.021199,0.000811,0,0.01246,0.092905,0,0.191654,0.032838,0,0.137049,0.001561,0,0.019067,0.000735,0,0.009595,0.009179,0,0.065329,0.000166,0,0.001323,0.051525,0,0.2491,0.038633,0,0.249202,0.559708,0,0.838503,0.000485,0,0.00596,0.021355,0,0.129638,0.000808,0,0.008511,0.000612,0,0.006673,0.003134,0,0.041487,0.000507,0,0.005041,0.000469,0,0.005283,0.000376,0,0.004503,0.003529,0,0.043658,0.000286,0,0.003675,0.001409,0,0.020843,0.003457,0,0.023931,0.000255,0,0.003127,0.000629,0,0.007589,0.000625,0,0.008515,0.001117,0,0.015351,2e-04,0,0.001708,0.001814,0,0.025235,0.000414,0,0.003209,0.000378,0,0.004556,0.000161,0,0.001974
"PH_WF_10.sorted.bam","10","WF",0.03248,0,0.090807,0.112672,0.06867,0.184465,0.020498,0,0.077673,0.003985,0,0.027845,0.013694,0,0.051078,0.296074,0.215998,0.362968,0.150134,0.014512,0.264914,0.028634,1.3e-05,0.065388,0.341829,0.290185,0.442865,6.1e-05,0,0.000562,0.000625,0,0.007272,4.8e-05,0,0.000459,9.8e-05,0,0.001016,0.000172,0,0.001647,0.000177,0,0.001557,0.00038,0,0.004953,0.001703,0,0.023725,0.00019,0,0.001326,4e-05,0,0.000394,2e-04,0,0.001927,0.000209,0,0.002668,0.000489,0,0.006759,0.000744,0,0.011759,4.5e-05,0,0.000476,0.000815,0,0.009722,0.042534,0,0.219393,0.000317,0,0.003607,0.00015,0,0.001525,0.011707,0,0.100608,4.9e-05,0,0.000529,0.061535,0,0.181085,0.103033,0,0.235748,0.037729,0,0.153455,0.003797,0,0.051416,0.000341,0,0.002831,0.000102,0,0.000898,5.8e-05,0,0.000612,0.000704,0,0.005524,0.035848,0,0.128657,0.001252,0,0.019499,0.000157,0,0.001517,0.010765,0,0.064965,0.000135,0,0.000963,0.000148,0,0.001462,6.8e-05,0,0.000693,0.000479,0,0.004776,0.041125,0,0.364595,0.000395,0,0.004345,0.00077,0,0.010103,0.002843,0,0.040155,0.53629,0.240588,0.709269,0.093467,0,0.441061,0.008121,0,0.074329,8.3e-05,0,0.000863
"PH_WF_11.sorted.bam","11","WF",0.108012,0.062304,0.166001,0.083343,0.055741,0.115465,0.148956,0.093527,0.194042,0.100929,0.062,0.15217,0.11559,0.082435,0.159894,0.171072,0.116189,0.223874,0.20123,0.088711,0.270835,0.00654,0,0.036083,0.064327,0.018322,0.11944,5.6e-05,0,0.000515,0.000512,0,0.00311,3.3e-05,0,0.000331,0.000433,0,0.00455,0.000317,0,0.003288,8.3e-05,0,0.000919,0.000703,0,0.007389,0.050671,0,0.177902,0.081305,0,0.24371,4.2e-05,0,0.000389,0.000135,0,0.001398,0.000112,0,0.001149,0.000161,0,0.001613,0.000286,0,0.002808,5.1e-05,0,0.000422,0.004033,0,0.047826,0.108627,0,0.21426,0.000315,0,0.002645,3e-04,0,0.003663,0.224921,0.141772,0.319078,3.7e-05,0,0.000307,0.209398,0.114144,0.328009,0.000864,0,0.007574,0.173822,0,0.371596,0.001334,0,0.011531,0.000452,0,0.005462,0.000208,0,0.00211,3.9e-05,0,0.000345,0.000283,0,0.003273,0.004939,0,0.050808,0.000664,0,0.008066,0.001276,0,0.015985,0.004457,0,0.057001,0.000217,0,0.002626,0.000251,0,0.002632,4.1e-05,0,0.000441,0.000417,0,0.003977,0.00058,0,0.006063,0.040729,0,0.231936,0.0659,0,0.178209,0.000556,0,0.005878,0.003449,0,0.052557,0.016054,0,0.126573,0.00091,0,0.014512,2.8e-05,0,0.000215
"PH_WF_12.sorted.bam","12","WF",0.020038,0,0.072377,0.147896,0.104916,0.214509,0.001774,0,0.013404,0.038677,0.002336,0.074716,0.023965,0,0.065084,0.281993,0.196755,0.355396,0.122901,0.000826,0.211038,0.010171,0,0.045883,0.352585,0.298933,0.428569,0.001602,0,0.024101,0.003728,0,0.054216,0.000845,0,0.012304,0.00019,0,0.001972,0.000139,0,0.001408,0.000326,0,0.003367,0.002554,0,0.03672,0.000899,0,0.012611,0.000224,0,0.002491,0.001511,0,0.022575,0.006122,0,0.059353,0.000907,0,0.012059,0.000162,0,0.001539,0.002898,0,0.039882,0.000446,0,0.005207,0.020569,0,0.137109,0.114098,0,0.298354,0.000853,0,0.010394,0.042304,0,0.126941,0.003259,0,0.045941,0.012078,0,0.127391,0.001213,0,0.014873,0.099642,0,0.32286,0.000749,0,0.010252,0.018375,0,0.10673,0.029277,0,0.123237,0.000451,0,0.004418,0.000456,0,0.005058,0.001679,0,0.02436,0.000626,0,0.008297,0.000327,0,0.004174,0.001857,0,0.027297,0.002536,0,0.035497,0.003273,0,0.040106,0.006388,0,0.074925,0.001462,0,0.020833,0.000816,0,0.007463,0.074062,0,0.422375,0.000252,0,0.002121,0.005221,0,0.080867,0.001878,0,0.028682,0.355023,0,0.529389,0.088795,0,0.332921,0.000732,0,0.009707,0.089195,0,0.169652
"PH_WF_1.sorted.bam","1","WF",0.027745,0,0.089183,0.128824,0.086399,0.183077,0.044806,0,0.113081,0.05347,0.02093,0.091392,0.039617,0.007802,0.075726,0.321475,0.234255,0.38846,0.115016,0.044246,0.217506,0.028741,1e-06,0.061033,0.240306,0.194911,0.29414,0.00011,0,0.001099,0.000426,0,0.002479,5.3e-05,0,0.000425,0.000801,0,0.010504,0.000319,0,0.003442,8.8e-05,0,0.000952,0.001807,0,0.030954,0.023292,0,0.15586,0.011989,0,0.086845,8.2e-05,0,0.000748,0.000291,0,0.003558,0.00027,0,0.003339,0.00019,0,0.002188,0.027637,0,0.122729,0.000104,0,0.001232,0.018177,0,0.129963,0.180638,0,0.310097,0.00027,0,0.002118,0.000324,0,0.002356,0.007942,0,0.071465,8.3e-05,0,0.000603,0.030864,0,0.174338,0.011045,0,0.120653,0.073012,0,0.217956,0.034541,0,0.129364,0.038388,0,0.128219,0.000243,0,0.002215,7.5e-05,0,0.000689,0.002471,0,0.038999,0.040507,0,0.11428,0.002634,0,0.034478,0.00387,0,0.057894,0.003233,0,0.047996,0.002241,0,0.031634,0.001277,0,0.018043,0.000157,0,0.001405,0.000433,0,0.004222,0.001045,0,0.00936,0.000221,0,0.001742,0.003315,0,0.054326,0.001075,0,0.010743,0.432949,0.233851,0.537099,0.040513,0,0.2646,0.000935,0,0.012193,6.3e-05,0,0.000641
"PH_WF_2.sorted.bam","2","WF",0.047333,0,0.108218,0.103276,0.054,0.19252,0.001634,0,0.012496,0.004233,0,0.032451,0.031227,0,0.077498,0.248386,0.147484,0.347893,0.114053,0,0.256754,0.00804,0,0.039036,0.441818,0.379772,0.552585,0.001065,0,0.01545,0.000625,0,0.007944,0.001549,0,0.021388,0.000396,0,0.004015,0.000409,0,0.004404,0.000146,0,0.001194,0.000453,0,0.005875,0.000353,0,0.003604,0.000306,0,0.003584,0.001158,0,0.017909,0.000283,0,0.002871,0.000746,0,0.008832,0.000306,0,0.002853,0.002295,0,0.043751,0.00068,0,0.007568,0.081489,0,0.212749,0.090159,0,0.227265,0.000517,0,0.005686,0.000161,0,0.001559,0.016826,0,0.129923,0.000458,0,0.004614,0.001877,0,0.028343,0.01775,0,0.161052,0.000459,0,0.006555,0.000858,0,0.012258,0.033797,0,0.136104,0.000651,0,0.005008,0.000445,0,0.004174,0.005815,0,0.05913,0.00441,0,0.057539,0.00027,0,0.002489,0.000869,0,0.01218,0.000633,0,0.007702,0.001182,0,0.016777,0.001449,0,0.020122,0.000636,0,0.008797,0.001597,0,0.021354,0.089001,0,0.379553,0.000314,0,0.0041,0.000856,0,0.00942,0.006207,0,0.095879,0.304873,0,0.561745,0.170375,0,0.504607,0.000179,0,0.001405,0.155117,0.0557,0.236107
"PH_WF_3.sorted.bam","3","WF",0.003806,0,0.028332,0.070219,0.030207,0.146887,0.001448,0,0.011834,0.0046,0,0.050495,0.011696,0,0.053056,0.267972,0.135816,0.345903,0.10776,1.2e-05,0.230499,0.004352,0,0.02652,0.528146,0.475802,0.623787,0.000415,0,0.005134,0.000545,0,0.007164,0.031262,0,0.085217,0.000361,0,0.003656,0.000305,0,0.002598,0.000206,0,0.001791,0.000773,0,0.011274,0.000766,0,0.008778,0.000224,0,0.002699,0.000376,0,0.004425,0.000445,0,0.005087,0.001267,0,0.016194,0.000157,0,0.001682,0.000411,0,0.005541,0.000553,0,0.008533,0.002478,0,0.040093,0.022182,0,0.244861,0.000575,0,0.004513,0.000805,0,0.010452,0.001621,0,0.024634,0.00171,0,0.026005,0.001363,0,0.017129,0.000505,0,0.006855,0.000204,0,0.002007,3e-04,0,0.003178,0.01235,0,0.089897,0.001935,0,0.030345,0.000546,0,0.006133,0.000204,0,0.001866,0.001712,0,0.028934,0.000453,0,0.005484,0.000265,0,0.003195,0.001221,0,0.018658,0.001079,0,0.015416,0.001115,0,0.016003,0.001257,0,0.018768,0.000613,0,0.006996,0.050632,0,0.248314,0.000206,0,0.002657,0.004906,0,0.098569,0.004813,0,0.080932,0.501849,0,0.674261,0.196656,0,0.447169,0.000142,0,0.001426,0.148238,0.069199,0.459738
"PH_WF_4.sorted.bam","4","WF",0.016974,0,0.063642,0.086216,0.045336,0.154332,0.000797,0,0.005934,0.003366,0,0.019932,0.003316,0,0.023756,0.276332,0.166253,0.353663,0.09469,0,0.231621,0.001102,0,0.007746,0.517206,0.448564,0.631023,0.00068,0,0.008346,0.002334,0,0.039605,0.006367,0,0.07481,0.000129,0,0.000933,0.000173,0,0.002079,0.00011,0,0.001249,0.000712,0,0.008753,0.001308,0,0.015874,0.000163,0,0.001374,0.000176,0,0.001916,0.000218,0,0.002033,0.000154,0,0.001787,0.000136,0,0.001506,0.000448,0,0.005348,0.000344,0,0.004221,0.001897,0,0.024605,0.020627,0,0.179073,0.000263,0,0.002831,0.000339,0,0.003613,0.000424,0,0.005385,0.002522,0,0.03044,0.023827,0,0.124144,0.084404,0,0.196987,0.000191,0,0.002212,0.001638,0,0.022931,0.003366,0,0.043466,0.003002,0,0.043448,0.006092,0,0.062528,0.000291,0,0.00371,0.000188,0,0.00253,0.000117,0,0.00115,0.000133,0,0.001441,0.000124,0,0.001461,0.000483,0,0.004247,0.00037,0,0.004957,0.000179,0,0.001993,0.003183,0,0.040051,0.05051,0,0.306919,0.000201,0,0.002024,0.00164,0,0.022294,0.001074,0,0.014073,0.520585,0.313302,0.667889,0.060398,0,0.339042,0.00014,0,0.001592,0.19834,0.119967,0.289427
"PH_WF_5.sorted.bam","5","WF",0.037186,0,0.109771,0.094504,0.050906,0.163289,0.001731,0,0.013556,0.001975,0,0.015116,0.038027,0.011441,0.080282,0.256669,0.174375,0.336004,0.141172,3e-06,0.272924,0.025209,0,0.05458,0.403526,0.331433,0.537074,0.003375,0,0.051496,0.001468,0,0.020192,0.000499,0,0.006276,0.000407,0,0.003294,0.00024,0,0.00256,0.000248,0,0.002587,0.000655,0,0.008877,0.000272,0,0.00248,0.000347,0,0.00386,0.000271,0,0.00309,0.000271,0,0.002854,0.000761,0,0.010277,0.000187,0,0.001981,0.000219,0,0.00195,0.000236,0,0.002665,0.004869,0,0.071505,0.021221,0,0.17421,0.001064,0,0.015399,0.00019,0,0.002216,0.040878,0,0.15769,0.022086,0,0.111905,0.058561,0,0.21514,0.114101,0,0.237208,0.000352,0,0.002954,0.000764,0,0.011968,0.000921,0,0.011392,0.005484,0,0.053832,0.00141,0,0.01753,0.000327,0,0.004027,0.001889,0,0.029208,0.000124,0,0.001212,0.000684,0,0.009406,0.031183,0,0.08891,0.005122,0,0.061702,0.007152,0,0.079383,0.001445,0,0.021897,0.001063,0,0.007255,0.048058,0,0.310191,0.000245,0,0.002586,0.000278,0,0.003159,0.001163,0,0.012844,0.390339,0,0.56835,0.092188,0,0.533064,0.001047,0,0.015206,0.136335,0.066856,0.244231
"PH_WF_6.sorted.bam","6","WF",0.058615,0,0.114289,0.091629,0.052068,0.149311,0.008912,0,0.054392,0.063061,0.033771,0.0918,0.03095,6.3e-05,0.067411,0.295385,0.195666,0.372247,0.095881,8.9e-05,0.214097,0.028248,1e-06,0.062829,0.327319,0.27103,0.437981,5.6e-05,0,0.000582,0.000811,0,0.009108,9.4e-05,0,0.000602,0.00025,0,0.002378,0.00028,0,0.00262,0.000196,0,0.002685,0.00082,0,0.010415,0.106995,0,0.170118,0.003239,0,0.037294,4.1e-05,0,0.000396,0.000418,0,0.004959,0.000147,0,0.001549,0.00033,0,0.003332,0.000738,0,0.008079,4.6e-05,0,0.000457,0.001803,0,0.023564,0.023089,0,0.162633,0.000335,0,0.003585,0.000174,0,0.001874,0.030945,0,0.126112,4.3e-05,0,0.000394,0.111837,0,0.225657,0.008861,0,0.095621,0.011212,0,0.105141,0.001331,0,0.011928,0.001254,0,0.015948,0.000223,0,0.002312,5.7e-05,0,0.000575,0.000977,0,0.014325,0.017086,0,0.100843,0.00082,0,0.010751,0.001699,0,0.015862,0.017337,0,0.090938,0.000203,0,0.00185,0.001601,0,0.024405,7.3e-05,0,0.000779,2e-04,0,0.00255,0.025801,0,0.27818,0.000967,0,0.010107,0.011045,0,0.14459,0.010638,0,0.078946,0.533911,0.264712,0.660519,0.05533,0,0.397401,0.016626,0,0.108658,6e-05,0,0.000551
"PH_WF_8.sorted.bam","8","WF",0.029032,0,0.079177,0.120179,0.080016,0.175695,0.002887,0,0.020639,0.001519,0,0.010872,0.091113,0.062581,0.119345,0.231673,0.148595,0.293376,0.238648,0.151488,0.337718,0.00494,0,0.034364,0.280008,0.230013,0.368804,0.000454,0,0.004004,0.001071,0,0.013867,0.000648,0,0.009971,0.000537,0,0.004716,0.000231,0,0.002348,0.000233,0,0.002731,0.000377,0,0.004524,0.000212,0,0.002422,0.000451,0,0.004996,0.000146,0,0.001947,0.00174,0,0.023991,0.000493,0,0.006811,0.000178,0,0.001284,0.000406,0,0.004649,7.7e-05,0,0.000727,0.006327,0,0.071348,0.001397,0,0.016775,0.001301,0,0.018608,0.000202,0,0.001815,0.000329,0,0.003704,0.000227,0,0.002585,0.045224,0,0.154107,0.196533,0.078915,0.284316,0.001525,0,0.020503,0.000203,0,0.001945,0.172958,0.002707,0.235094,0.000225,0,0.00259,0.000141,0,0.001628,0.001024,0,0.014432,0.001242,0,0.016511,0.000559,0,0.008088,0.000198,0,0.001996,0.002963,0,0.042983,9.7e-05,0,0.001013,0.000413,0,0.005686,0.000141,0,0.001125,0.000856,0,0.012489,0.037884,0,0.242572,0.000528,0,0.004672,0.000698,0,0.009683,0.003006,0,0.046788,0.453014,0.278754,0.572083,0.059931,0,0.323488,0.003102,0,0.039427,0.000499,0,0.00576
"PH_WF_9.sorted.bam","9","WF",0.017507,0,0.057877,0.08308,0.046583,0.151622,0.003561,0,0.023875,0.003795,0,0.020913,0.01825,0,0.052692,0.267718,0.17361,0.333762,0.115686,0.002094,0.240315,0.019611,0,0.054359,0.470791,0.412875,0.565755,0.000459,0,0.006425,0.001197,0,0.016834,0.000324,0,0.003258,0.000697,0,0.01031,0.000408,0,0.005952,0.000507,0,0.005126,0.000448,0,0.003701,0.000499,0,0.006377,0.000644,0,0.00835,0.000309,0,0.004418,0.003094,0,0.040281,0.000469,0,0.006947,0.000398,0,0.004806,0.002054,0,0.026031,0.001304,0,0.015998,0.002142,0,0.029737,0.000377,0,0.004975,0.001345,0,0.017887,0.000247,0,0.002556,0.002762,0,0.040144,0.001223,0,0.013582,0.020878,0,0.110331,0.101075,0,0.191603,0.000233,0,0.001989,0.001642,0,0.023379,0.016936,0,0.099739,0.000578,0,0.008026,0.00041,0,0.00505,0.003439,0,0.044927,0.002557,0,0.033718,0.000983,0,0.014676,0.000606,0,0.005784,0.005452,0,0.052822,0.001543,0,0.024821,0.003645,0,0.062691,0.00325,0,0.040716,0.002201,0,0.031459,0.058931,0,0.300607,0.001399,0,0.01934,0.000831,0,0.011185,0.00273,0,0.039409,0.523995,0.336453,0.661977,0.085565,0,0.366569,0.014496,0,0.091715,0.125718,0.061818,0.19379
"PH_WH_10.sorted.bam","10","WH",0.000673,0,0.005382,0.63246,0.577393,0.794832,0.000886,0,0.006815,0.004701,0,0.024373,0.04508,0.020143,0.075204,0.000822,0,0.006817,0.313107,0.138587,0.364248,0.000893,0,0.00709,0.001377,0,0.009661,0.000152,0,0.001727,0.000119,0,0.001595,0.301175,0.209429,0.595207,0.000103,0,0.000982,0.000211,0,0.002411,0.00011,0,0.001289,0.000168,0,0.00194,0.000792,0,0.009675,0.000285,0,0.003512,0.002035,0,0.021477,0.000117,0,0.001087,0.039808,0,0.136318,0.000269,0,0.002397,0.002196,0,0.030997,0.022616,0,0.065119,0.000141,0,0.001499,0.000175,0,0.00173,0.000133,0,0.001219,0.000142,0,0.001361,0.000275,0,0.003448,0.000123,0,0.001141,0.000156,0,0.001557,0.620857,0.274541,0.725032,0.000267,0,0.003513,0.000898,0,0.01301,0.001714,0,0.019271,0.000217,0,0.002165,0.000707,0,0.008616,0.000106,0,0.001144,0.000238,0,0.002593,0.000115,0,0.001207,0.000318,0,0.004174,0.000303,0,0.002358,6.9e-05,0,0.000606,0.000187,0,0.001862,0.000158,0,0.001607,0.000132,0,0.001209,0.000371,0,0.004351,0.000168,0,0.001515,0.000535,0,0.007639,0.000245,0,0.003075,0.000247,0,0.002752,0.000504,0,0.005428,0.000134,0,0.001456,0.000209,0,0.002022
"PH_WH_11.sorted.bam","11","WH",0.005886,0,0.030026,0.606461,0.555435,0.73942,0.008096,0,0.035784,0.00133,0,0.009772,0.030106,0.007505,0.057846,0.002484,0,0.017908,0.335305,0.187833,0.379552,0.000838,0,0.007007,0.009495,0,0.038169,0.000299,0,0.003432,0.000955,0,0.014344,0.289473,0.206416,0.541925,0.002011,0,0.028051,0.000736,0,0.007189,0.000534,0,0.008459,0.000487,0,0.005278,0.000247,0,0.002531,2e-04,0,0.002176,0.000136,0,0.001622,0.004842,0,0.052233,0.003188,0,0.048976,0.004565,0,0.053995,0.000533,0,0.006862,0.001208,0,0.019255,0.000528,0,0.007628,0.000367,0,0.004583,0.000786,0,0.010647,0.000327,0,0.004405,0.001509,0,0.02064,9.7e-05,0,0.001079,0.00116,0,0.017434,0.627584,0.373481,0.732246,0.005337,0,0.057731,0.00024,0,0.002286,0.033739,0,0.107658,0.000201,0,0.00166,0.000667,0,0.009321,0.000213,0,0.001866,0.000249,0,0.002532,0.000147,0,0.001593,0.000136,0,0.001442,0.000156,0,0.001559,0.000197,0,0.002478,0.000232,0,0.001511,5.5e-05,0,0.000558,0.000978,0,0.015201,0.00065,0,0.008539,0.001343,0,0.020075,0.000217,0,0.002971,0.009264,0,0.064508,0.000859,0,0.011739,0.000784,0,0.011316,0.000236,0,0.002101,0.00233,0,0.024218
"PH_WH_12.sorted.bam","12","WH",0.000922,0,0.007285,0.621934,0.566893,0.768915,0.019357,0,0.057427,0.000713,0,0.00566,0.050448,0.020427,0.106698,0.001984,0,0.014915,0.299022,0.104895,0.347446,0.001854,0,0.012776,0.003765,0,0.022711,0.000121,0,0.001146,0.000219,0,0.002827,0.38383,0.293368,0.7681,0.000222,0,0.001899,0.008186,0,0.087741,0.001115,0,0.016276,7.4e-05,0,0.000719,6.6e-05,0,0.000552,0.000258,0,0.002424,7.1e-05,0,0.000708,0.000128,0,0.001226,0.000449,0,0.003229,0.000406,0,0.004969,8.2e-05,0,0.000786,0.000245,0,0.00296,0.000144,0,0.001469,0.000522,0,0.006747,0.001555,0,0.022328,0.000115,0,0.001145,0.000158,0,0.001577,0.000108,0,0.001046,0.000482,0,0.00552,0.465864,0,0.602521,0.025142,0,0.100043,0.000186,0,0.001938,0.098495,0.036744,0.21278,0.000478,0,0.006065,0.001517,0,0.021751,0.000177,0,0.001952,0.000573,0,0.007962,0.000468,0,0.005957,0.000182,0,0.00228,0.000167,0,0.001887,0.000223,0,0.002204,0.000665,0,0.008579,0.000376,0,0.00488,0.000155,0,0.001798,0.000329,0,0.003876,0.000247,0,0.002485,0.000321,0,0.003705,0.000521,0,0.007153,0.000559,0,0.005551,0.003698,0,0.03929,0.000502,0,0.006719,0.000598,0,0.009458
"PH_WH_1.sorted.bam","1","WH",0.000762,0,0.006024,0.625942,0.573981,0.775889,0.001143,0,0.009113,0.000729,0,0.005444,0.037855,0.013727,0.069863,0.001269,0,0.009888,0.329327,0.155293,0.378149,0.001036,0,0.007788,0.001937,0,0.014097,7.9e-05,0,0.000922,0.00016,0,0.001983,0.320408,0.213034,0.683242,9.1e-05,0,0.00098,0.000181,0,0.002313,0.00016,0,0.001247,9.3e-05,0,0.000806,0.000273,0,0.002517,9.7e-05,0,0.000902,8.3e-05,0,0.000808,0.000289,0,0.003087,0.000494,0,0.004216,0.000665,0,0.007549,0.000253,0,0.002735,0.014151,0,0.052911,0.000144,0,0.001376,0.00023,0,0.001745,0.000145,0,0.001383,9.3e-05,0,0.000937,0.000241,0,0.002038,0.00025,0,0.003023,0.000218,0,0.002846,0.608914,0.181743,0.741382,0.000395,0,0.004133,0.000271,0,0.003343,0.04437,0,0.133886,0.000627,0,0.007908,0.001648,0,0.024021,0.000182,0,0.001933,0.000351,0,0.003883,0.000168,0,0.002008,0.000117,0,0.001149,0.000391,0,0.005164,0.000163,0,0.001975,0.000283,0,0.003364,0.000108,0,0.00101,0.00019,0,0.001928,0.000465,0,0.005653,0.000224,0,0.002949,9.6e-05,0,0.00094,0.000706,0,0.00917,0.000394,0,0.005386,0.000281,0,0.002242,0.000202,0,0.002719,0.000658,0,0.008283
"PH_WH_2.sorted.bam","2","WH",0.00498,0,0.026047,0.598514,0.547956,0.742275,0.002246,0,0.016679,0.001403,0,0.011385,0.014386,0,0.045743,0.002273,0,0.017702,0.369619,0.208999,0.415987,0.001617,0,0.012629,0.004961,0,0.033522,0.000257,0,0.002186,0.004096,0,0.047425,0.211958,0.11478,0.497269,0.000308,0,0.002217,0.002129,0,0.030392,9.8e-05,0,0.001066,0.000209,0,0.002362,0.001375,0,0.019021,0.00014,0,0.001749,5.1e-05,0,0.000571,0.002523,0,0.03071,0.020285,0,0.090377,0.00049,0,0.007636,0.000443,0,0.006292,0.000268,0,0.003367,0.000375,0,0.004773,0.001649,0,0.026942,0.00027,0,0.003349,9.1e-05,0,0.000818,0.001548,0,0.019682,7e-05,0,0.000771,0.001166,0,0.017434,0.735112,0.410828,0.828429,0.000273,0,0.002513,0.000173,0,0.001851,0.001549,0,0.023393,0.000115,0,0.001355,8.3e-05,0,0.00063,0.000428,0,0.006418,0.001376,0,0.020619,0.000394,0,0.005484,0.000122,0,0.001315,0.000369,0,0.004945,0.000106,0,0.001139,0.000138,0,0.001321,7.4e-05,0,0.00089,0.000342,0,0.004608,0.007091,0,0.065114,0.00029,0,0.003749,0.00015,0,0.00158,0.001028,0,0.017005,0.000253,0,0.003141,0.000545,0,0.007014,0.000152,0,0.001658,3.6e-05,0,0.000336
"PH_WH_3.sorted.bam","3","WH",0.001248,0,0.009321,0.61502,0.562422,0.785571,0.001626,0,0.011651,0.001647,0,0.014906,0.035835,0.010567,0.066291,0.002365,0,0.020225,0.340071,0.161179,0.387077,0.001148,0,0.009138,0.00104,0,0.008207,0.000132,0,0.001205,0.000149,0,0.001514,0.293977,0.20315,0.618549,0.000254,0,0.003125,0.000378,0,0.004868,0.00012,0,0.001057,0.000141,0,0.001482,0.000502,0,0.007234,0.000127,0,0.001106,9.3e-05,0,0.001028,0.000479,0,0.00508,0.010188,0,0.11493,0.001122,0,0.014636,0.001866,0,0.02912,0.002722,0,0.041092,0.000235,0,0.002948,0.000641,0,0.008825,0.000215,0,0.002582,0.000126,0,0.001162,0.00279,0,0.039875,0.000102,0,0.001267,0.000691,0,0.008292,0.629574,0.309644,0.743137,0.00067,0,0.008332,9e-05,0,0.00079,0.048184,0,0.107943,0.000103,0,0.00072,0.000225,0,0.002529,0.00013,0,0.001311,0.000345,0,0.004245,0.00013,0,0.001293,0.000154,0,0.00174,0.000855,0,0.010216,0.000223,0,0.002615,0.000171,0,0.001833,0.000112,0,0.001145,0.000153,0,0.001931,0.000311,0,0.003287,0.000117,0,0.001104,0.000103,0,0.001211,0.000741,0,0.009446,0.000193,0,0.002064,0.000208,0,0.002084,6.4e-05,0,0.000527,9.6e-05,0,0.00096
"PH_WH_4.sorted.bam","4","WH",0.005766,0,0.030642,0.523481,0.484139,0.620591,0.003847,0,0.023594,0.000912,0,0.006987,0.061574,0.035748,0.093367,0.043496,0.015689,0.070981,0.346272,0.224064,0.38889,0.000789,0,0.00606,0.013863,0,0.047969,0.000269,0,0.003522,0.000337,0,0.003733,0.093282,0,0.249405,0.000211,0,0.002564,0.001027,0,0.014121,0.000186,0,0.002256,0.00022,0,0.00279,0.000243,0,0.001866,0.000259,0,0.003109,5.3e-05,0,0.000476,0.00162,0,0.026681,0.101427,0,0.180255,0.001889,0,0.027734,0.000168,0,0.001701,0.000211,0,0.001994,0.001027,0,0.014747,0.066847,0,0.135886,0.001959,0,0.028391,0.000108,0,0.001223,0.011543,0,0.113006,0.000107,0,0.000684,0.005652,0,0.051845,0.678836,0.447542,0.770269,0.001546,0,0.021053,0.000305,0,0.003299,0.001211,0,0.017406,0.000454,0,0.004263,8.7e-05,0,0.000929,0.000168,0,0.001785,0.000182,0,0.002189,0.000192,0,0.00198,6.5e-05,0,0.000663,0.000251,0,0.002399,0.000192,0,0.002209,0.000159,0,0.001905,8e-05,0,0.000914,0.001759,0,0.025885,0.0115,0,0.089769,0.00024,0,0.002464,0.000351,0,0.004481,0.004619,0,0.054864,0.004646,0,0.062277,0.004206,0,0.054792,0.000209,0,0.00202,9.9e-05,0,0.001071
"PH_WH_5.sorted.bam","5","WH",0.001486,0,0.012042,0.539459,0.488079,0.660097,0.061871,0.01678,0.139547,0.018807,1.6e-05,0.042357,0.017259,0,0.064459,0.004534,0,0.027475,0.353182,0.119661,0.411967,0.00091,0,0.00723,0.002491,0,0.0166,0.000144,0,0.001423,0.000384,0,0.004377,0.200152,0.127665,0.411464,0.000403,0,0.004453,0.040934,0,0.272672,0.001083,0,0.01525,0.000299,0,0.0026,0.015979,0,0.077092,0.005699,0,0.053714,0.000152,0,0.001281,0.000413,0,0.005299,0.010124,0,0.08291,0.001321,0,0.019739,0.003373,0,0.036281,0.000352,0,0.003917,0.000243,0,0.002367,0.002414,0,0.035439,0.00166,0,0.023134,0.001996,0,0.028641,0.001115,0,0.015343,0.000352,0,0.004606,0.000616,0,0.009022,0.607954,0.134295,0.743151,0.070409,0,0.162639,0.008759,0,0.056395,0.016858,0,0.101575,0.000257,0,0.002482,0.000239,0,0.002869,0.000107,0,0.001241,0.000166,0,0.002056,0.000228,0,0.002401,0.000431,0,0.005751,0.000235,0,0.002418,0.000154,0,0.001596,0.00021,0,0.002219,9e-05,0,0.000822,0.000222,0,0.002786,0.00066,0,0.008428,0.000923,0,0.01138,0.000775,0,0.011006,0.000376,0,0.004946,0.000527,0,0.006682,0.000823,0,0.008637,0.000111,0,0.000853,0.000283,0,0.003348
"PH_WH_6.sorted.bam","6","WH",0.001476,0,0.010794,0.603121,0.551844,0.743397,0.008177,0,0.038791,0.006015,0,0.020651,0.040789,0.016538,0.067616,0.006086,0,0.028973,0.330075,0.177572,0.376633,0.003167,0,0.017439,0.001095,0,0.008437,0.000228,0,0.002679,0.000664,0,0.009097,0.306002,0.226346,0.543116,0.00016,0,0.001777,0.000768,0,0.007644,0.000732,0,0.010711,0.00029,0,0.004197,0.00139,0,0.018216,0.000929,0,0.012676,0.000373,0,0.005591,0.000169,0,0.001959,0.003907,0,0.066527,0.00438,0,0.058121,0.002699,0,0.034337,0.000268,0,0.00335,0.00062,0,0.007728,0.003566,0,0.036033,0.001134,0,0.014999,0.002304,0,0.023478,0.002873,0,0.041498,0.000269,0,0.002879,0.000296,0,0.003323,0.582384,0.326506,0.685145,0.007159,0,0.062171,0.001551,0,0.019513,0.066092,0,0.127697,0.000263,0,0.002231,0.000465,0,0.006108,0.000109,0,0.001251,0.001348,0,0.020364,0.000242,0,0.002811,0.001699,0,0.018678,0.000763,0,0.010534,0.000585,0,0.007631,0.001049,0,0.013583,0.000193,0,0.002282,0.000189,0,0.001773,0.000209,0,0.002586,0.00012,0,0.001159,0.00042,0,0.004966,0.000157,0,0.001871,0.000289,0,0.002896,0.000426,0,0.005997,0.000154,0,0.001643,0.000112,0,0.000877
"PH_WH_7.sorted.bam","7","WH",0.011528,0,0.071003,0.492577,0.463993,0.541673,0.021279,0,0.091789,0.011021,0,0.040458,0.036355,0.012489,0.06764,0.017456,0,0.067967,0.378802,0.238515,0.430786,0.027353,1e-06,0.059642,0.00363,0,0.028117,9.1e-05,0,0.000929,0.019088,0,0.139698,0.004961,0,0.086329,0.000521,0,0.00689,0.032856,0,0.182092,0.000245,0,0.003146,0.000233,0,0.002977,0.019085,0,0.078598,0.001047,0,0.014411,4.4e-05,0,0.000381,0.001262,0,0.018196,0.066354,0,0.132356,0.000715,0,0.008347,0.000753,0,0.010178,9.4e-05,0,0.000919,0.000391,0,0.003161,0.031833,0,0.133971,0.000311,0,0.003873,0.000114,0,0.001331,0.001409,0,0.021887,5e-05,0,0.000559,0.001039,0,0.015297,0.750969,0.475899,0.854358,0.003836,0,0.052738,0.000226,0,0.002408,0.000831,0,0.008251,6.7e-05,0,0.000644,3.9e-05,0,0.000402,0.000129,0,0.0013,0.051145,0,0.117769,0.001525,0,0.020638,0.00018,0,0.002244,0.000928,0,0.011668,0.000233,0,0.002717,0.00012,0,0.001244,7.4e-05,0,0.00083,0.00021,0,0.002378,0.003902,0,0.045973,0.001257,0,0.018474,0.000314,0,0.003586,0.000269,0,0.002229,0.000452,0,0.005753,0.000437,0,0.0041,0.000296,0,0.003058,6.2e-05,0,0.000555
"PH_WH_8.sorted.bam","8","WH",0.000746,0,0.005806,0.629524,0.571132,0.772558,0.015271,0,0.091983,0.002451,0,0.014459,0.054908,0.023663,0.114458,0.004777,0,0.027164,0.288518,0.085652,0.349488,0.001939,0,0.012841,0.001867,0,0.01362,8.7e-05,0,0.000812,0.000221,0,0.00161,0.385702,0.282759,0.725783,0.000135,0,0.001301,0.018348,0,0.182722,0.001852,0,0.025952,0.000135,0,0.001557,0.000523,0,0.00637,0.000778,0,0.010632,0.000597,0,0.008956,0.000144,0,0.001661,0.000995,0,0.014146,0.001235,0,0.018488,0.000272,0,0.003225,0.00306,0,0.046195,0.000125,0,0.001255,0.000421,0,0.003502,0.002445,0,0.031077,0.000711,0,0.00994,0.000685,0,0.009159,0.001884,0,0.024922,0.000107,0,0.001059,0.466507,0,0.621484,0.00264,0,0.040201,0.000656,0,0.00855,0.099827,0,0.228916,0.000516,0,0.00618,0.002914,0,0.037571,0.000291,0,0.003511,0.00035,0,0.003492,0.000148,0,0.001339,0.000292,0,0.003274,0.000375,0,0.005024,0.000564,0,0.007499,0.00063,0,0.007882,0.000462,0,0.006736,0.000161,0,0.001442,0.000277,0,0.003168,0.001107,0,0.015811,0.00034,0,0.004787,0.000164,0,0.001965,0.000317,0,0.004109,0.000324,0,0.004214,0.000305,0,0.003526,0.00037,0,0.005162
"PH_WH_9.sorted.bam","9","WH",0.012718,0,0.055104,0.494715,0.463383,0.555197,0.025729,0,0.115912,0.001186,0,0.009705,0.047015,0.019382,0.078023,0.012275,0,0.052819,0.370538,0.220447,0.416499,0.024183,0,0.06119,0.01164,0,0.051916,7.7e-05,0,0.000874,0.023255,0,0.10893,0.008889,0,0.113992,0.000214,0,0.002716,0.044425,0,0.22954,0.000104,0,0.000881,0.000235,0,0.002122,0.001037,0,0.015199,0.000266,0,0.002557,4.6e-05,0,0.000471,0.000384,0,0.004348,0.085244,0,0.151233,0.000696,0,0.007993,0.000238,0,0.002609,9.2e-05,0,0.000966,0.000173,0,0.001842,0.017422,0,0.103634,0.00026,0,0.002848,7.7e-05,0,0.000689,0.004915,0,0.059329,5e-05,0,0.000491,0.000667,0,0.009052,0.735589,0.440755,0.826633,0.003624,0,0.047362,0.000101,0,0.001018,0.000419,0,0.003577,0.000139,0,0.001372,6.4e-05,0,0.000587,0.000223,0,0.002594,0.044947,0,0.121239,0.00071,0,0.008084,0.000155,0,0.001747,0.001493,0,0.022534,0.000272,0,0.003097,2e-04,0,0.001285,6.2e-05,0,0.000579,0.000131,0,0.001362,0.019732,0,0.103362,0.001055,0,0.012833,0.00017,0,0.001971,0.000457,0,0.005875,0.001191,0,0.017938,0.000208,0,0.002353,0.000242,0,0.002202,4.7e-05,0,0.000451
