"V1","individual_id","population","q_1","lb_q_1","ub_q_1","q_2","lb_q_2","ub_q_2","q_3","lb_q_3","ub_q_3","q_4","lb_q_4","ub_q_4","q_5","lb_q_5","ub_q_5","Q_1_1","lb_Q_1_1","ub_Q_1_1","Q_2_1","lb_Q_2_1","ub_Q_2_1","Q_2_2","lb_Q_2_2","ub_Q_2_2","Q_3_1","lb_Q_3_1","ub_Q_3_1","Q_3_2","lb_Q_3_2","ub_Q_3_2","Q_3_3","lb_Q_3_3","ub_Q_3_3","Q_4_1","lb_Q_4_1","ub_Q_4_1","Q_4_2","lb_Q_4_2","ub_Q_4_2","Q_4_3","lb_Q_4_3","ub_Q_4_3","Q_4_4","lb_Q_4_4","ub_Q_4_4","Q_5_1","lb_Q_5_1","ub_Q_5_1","Q_5_2","lb_Q_5_2","ub_Q_5_2","Q_5_3","lb_Q_5_3","ub_Q_5_3","Q_5_4","lb_Q_5_4","ub_Q_5_4","Q_5_5","lb_Q_5_5","ub_Q_5_5"
"PH_AS_10.sorted.bam","10","AS",0.001474,0,0.007727,0.001551,0,0.007824,0.4451,0.427769,0.460761,0.11394,0.09081,0.13829,0.437934,0.41094,0.464669,0.000407,0,0.003991,0.000298,0,0.003439,0.000313,0,0.003133,0.000402,0,0.004401,0.000621,0,0.006335,0.000301,0,0.002941,0.000443,0,0.004706,0.000747,0,0.007653,0.223367,0.17711,0.272559,0.000499,0,0.005264,0.00099,0,0.009398,0.00081,0,0.008522,0.665208,0.602166,0.723981,0.002325,0,0.022887,0.103268,0.070572,0.138821
"PH_AS_11.sorted.bam","11","AS",0.00189,0,0.009842,0.001317,0,0.007191,0.441361,0.415605,0.471474,0.09509,0.068258,0.12301,0.460342,0.423437,0.496296,0.000427,0,0.004274,0.000394,0,0.004374,0.000269,0,0.002859,0.001262,0,0.012508,0.000399,0,0.004443,0.013411,0,0.064523,0.000613,0,0.006133,0.000753,0,0.008127,0.183703,0.125774,0.240157,0.00134,0,0.012918,0.000658,0,0.006292,0.000551,0,0.005775,0.670536,0.589692,0.744786,0.00243,0,0.024214,0.123255,0.079445,0.167485
"PH_AS_12.sorted.bam","12","AS",0.001775,0,0.009306,0.002799,1e-06,0.013578,0.418962,0.38119,0.448962,0.050415,0.025598,0.077839,0.526049,0.491107,0.563182,0.000598,0,0.006384,0.000641,0,0.006845,0.001472,0,0.012008,0.000661,0,0.006847,0.000512,0,0.00556,0.069465,0,0.118269,0.000631,0,0.007209,0.001061,0,0.011426,0.065713,0,0.139499,0.015955,0,0.064478,0.00042,0,0.004459,0.000441,0,0.004296,0.632109,0.542867,0.729347,0.001515,0,0.01435,0.208806,0.157648,0.258064
"PH_AS_1.sorted.bam","1","AS",0.001373,0,0.007927,0.001841,0,0.009979,0.415655,0.383292,0.445371,0.045468,0.020847,0.069922,0.535663,0.501503,0.570321,0.000373,0,0.004155,0.000284,0,0.002766,0.000348,0,0.003782,0.000875,0,0.009754,0.001435,0,0.014733,0.059836,0.006245,0.103588,0.000418,0,0.00455,0.000588,0,0.006395,0.087239,0.035954,0.135218,0.000957,0,0.010414,0.000423,0,0.004616,0.00068,0,0.007222,0.62209,0.550434,0.694587,0.000776,0,0.009104,0.223678,0.181973,0.265308
"PH_AS_2.sorted.bam","2","AS",0.016279,2.6e-05,0.036849,0.001651,0,0.00959,0.46031,0.434511,0.480991,0.199125,0.168932,0.228235,0.322636,0.294085,0.351126,0.000131,0,0.001336,0.000298,0,0.003019,0.000131,0,0.001473,0.001002,0,0.010597,0.00085,0,0.009311,0.000184,0,0.002102,0.000662,0,0.007561,0.000442,0,0.004467,0.356538,0.295597,0.415483,0.000258,0,0.00275,0.030335,0,0.072049,0.001449,0,0.014047,0.561861,0.501336,0.618015,0.040092,0,0.100754,0.005767,0,0.033743
"PH_AS_3.sorted.bam","3","AS",0.00187,0,0.010355,0.000954,0,0.00525,0.399824,0.367169,0.435098,0.082598,0.054423,0.110843,0.514754,0.478658,0.550229,0.000332,0,0.003662,0.00034,0,0.003478,0.000284,0,0.002847,0.001639,0,0.016577,0.000327,0,0.003537,0.027276,0,0.077868,0.000537,0,0.005652,0.000411,0,0.004341,0.161313,0.10306,0.218925,0.000962,0,0.009871,0.000561,0,0.006041,0.000262,0,0.002705,0.581816,0.504476,0.659491,0.001012,0,0.010602,0.222929,0.173621,0.271067
"PH_AS_4.sorted.bam","4","AS",0.000932,0,0.004801,0.002669,0,0.013259,0.420304,0.382094,0.453721,0.070328,0.043197,0.096799,0.505767,0.469592,0.544331,0.000235,0,0.002499,0.00038,0,0.003846,0.001343,0,0.011211,0.000361,0,0.003815,0.00112,0,0.011113,0.058602,0,0.108479,0.000322,0,0.003478,0.000503,0,0.005222,0.136159,0.080997,0.191682,0.001181,0,0.012807,0.000331,0,0.003549,0.000651,0,0.007006,0.585764,0.50656,0.665361,0.001309,0,0.014518,0.211739,0.164073,0.260522
"PH_AS_5.sorted.bam","5","AS",0.002256,0,0.010396,0.002409,0,0.012184,0.428314,0.400543,0.454481,0.055473,0.03068,0.080145,0.511548,0.48131,0.544807,0.000801,0,0.006873,0.000354,0,0.003772,0.001037,0,0.009163,0.001199,0,0.012157,0.001127,0,0.012032,0.060376,0.014653,0.097466,0.000459,0,0.004721,0.000709,0,0.007436,0.106641,0.054181,0.157068,0.001116,0,0.011371,0.000899,0,0.009448,0.000554,0,0.005953,0.626911,0.558286,0.700475,0.000904,0,0.0091,0.196913,0.157585,0.239026
"PH_AS_6.sorted.bam","6","AS",0.001556,0,0.007926,0.000988,0,0.005655,0.442751,0.410099,0.47425,0.048361,0.021789,0.076467,0.506344,0.469689,0.545036,0.000401,0,0.004054,0.000349,0,0.003577,0.000249,0,0.002582,0.000691,0,0.006921,0.000421,0,0.004304,0.117962,0.070576,0.165799,0.000741,0,0.007748,0.000408,0,0.00453,0.084438,3e-06,0.143708,0.004068,0,0.039281,0.000529,0,0.005359,0.000301,0,0.00323,0.564028,0.485532,0.644786,0.002999,0,0.030877,0.222415,0.172778,0.273449
"PH_AS_7.sorted.bam","7","AS",0.000931,0,0.00532,0.000766,0,0.004289,0.429459,0.397645,0.458051,0.044888,0.01911,0.069322,0.523956,0.490782,0.557197,0.000331,0,0.003537,0.000175,0,0.001812,0.000163,0,0.001744,0.000423,0,0.004493,0.000446,0,0.004853,0.062023,0.007633,0.105258,0.000322,0,0.003322,3e-04,0,0.003228,0.085876,0.022022,0.136798,0.001226,0,0.012904,0.000278,0,0.002901,0.000287,0,0.002971,0.648128,0.57555,0.723545,0.000825,0,0.008624,0.199198,0.156909,0.241543
"PH_AS_8.sorted.bam","8","AS",0.008113,7e-06,0.024521,0.00271,1e-06,0.012833,0.42087,0.385789,0.453172,0.037642,0.008051,0.064205,0.530666,0.495524,0.568769,0.006467,0,0.022839,0.000682,0,0.00735,0.000974,0,0.008614,0.001025,0,0.011338,0.001095,0,0.01102,0.047598,0,0.098659,0.000945,0,0.010224,0.001115,0,0.011445,0.06503,0,0.122931,0.002818,0,0.026654,0.00064,0,0.006537,0.000579,0,0.005953,0.679393,0.602884,0.760206,0.002558,0,0.028407,0.189081,0.14792,0.233679
"PH_AS_9.sorted.bam","9","AS",0.002279,0,0.012262,0.001003,0,0.005495,0.431329,0.397147,0.458854,0.050876,0.027639,0.076124,0.514513,0.480742,0.550802,0.000329,0,0.003352,0.000299,0,0.003405,0.000182,0,0.001737,0.002081,0,0.020128,0.000595,0,0.006266,0.052994,6e-06,0.094214,0.000561,0,0.005679,0.000401,0,0.004257,0.097943,0.050435,0.149596,0.001079,0,0.011635,0.000958,0,0.010581,0.000348,0,0.003576,0.65605,0.586843,0.723859,0.000688,0,0.007454,0.185491,0.146532,0.228421
"PH_BA_10.sorted.bam","10","BA",0.340668,0.311791,0.36853,0.030091,0.005658,0.056394,0.449374,0.428346,0.46723,0.17333,0.143761,0.200831,0.006537,1e-06,0.025092,0.081173,0.044526,0.118245,0.003679,0,0.038939,0.00389,0,0.022289,0.507333,0.445565,0.568666,0.044657,0,0.105675,0.001092,0,0.011873,0.003612,0,0.035162,0.002428,0,0.023203,0.339062,0.281171,0.394772,0.000509,0,0.005573,0.004366,0,0.034988,0.001638,0,0.017917,0.005512,0,0.040394,0.000538,0,0.00587,0.00051,0,0.005511
"PH_BA_1.sorted.bam","1","BA",0.339579,0.308666,0.371115,0.036343,0.000861,0.068722,0.442705,0.419155,0.464506,0.161476,0.128461,0.194693,0.019898,3.8e-05,0.046396,0.068246,0.007326,0.120471,0.016273,0,0.086109,0.001021,0,0.010452,0.501829,0.427259,0.573795,0.051272,0,0.127484,0.003996,0,0.03505,0.014439,0,0.086199,0.000731,0,0.007625,0.302824,0.227042,0.373536,0.001817,0,0.014983,0.010124,0,0.066985,0.002368,0,0.024796,0.021493,0,0.083145,0.001324,0,0.015572,0.002244,0,0.020467
"PH_BA_2.sorted.bam","2","BA",0.341779,0.310396,0.372018,0.028781,0.000227,0.060924,0.442981,0.424044,0.460299,0.165274,0.131937,0.197894,0.021185,0.000254,0.044941,0.09722,0.061438,0.135052,0.001131,0,0.013181,0.001609,0,0.016066,0.482462,0.416505,0.546282,0.050094,0,0.116172,0.000715,0,0.007747,0.001886,0,0.020087,0.001559,0,0.014296,0.322516,0.256168,0.387128,0.001277,0,0.012234,0.003639,0,0.038796,0.00156,0,0.017048,0.02946,0,0.085587,0.002032,0,0.021558,0.00284,0,0.020707
"PH_BA_3.sorted.bam","3","BA",0.32453,0.295349,0.355497,0.029632,0.005933,0.055499,0.451138,0.430676,0.469224,0.176099,0.14447,0.204957,0.018602,0.000138,0.042236,0.070565,0.029558,0.110582,0.016428,0,0.07097,0.001738,0,0.016029,0.487277,0.422712,0.550886,0.03635,0,0.10163,0.001707,0,0.018909,0.003015,0,0.03325,0.001487,0,0.015539,0.345527,0.280194,0.40525,0.000709,0,0.007497,0.00121,0,0.013049,0.001522,0,0.016977,0.029708,0,0.081488,0.000751,0,0.00732,0.002006,0,0.015931
"PH_BA_4.sorted.bam","4","BA",0.31381,0.285256,0.34274,0.057936,0.031536,0.085413,0.452436,0.431642,0.470919,0.168072,0.139573,0.19724,0.007745,9e-06,0.026509,0.070135,0.021144,0.110259,0.003003,0,0.035511,0.000934,0,0.009976,0.469751,0.403835,0.533275,0.105862,0.049674,0.160969,0.001132,0,0.011826,0.009865,0,0.075677,0.001606,0,0.01839,0.322164,0.257188,0.380274,0.000819,0,0.008731,0.004733,0,0.037356,0.003535,0,0.029128,0.004831,0,0.037499,0.000871,0,0.009132,0.000761,0,0.008287
"PH_BA_5.sorted.bam","5","BA",0.364389,0.330424,0.396693,0.033376,0.009676,0.06079,0.441718,0.418251,0.46958,0.149874,0.117647,0.180059,0.010643,2e-06,0.039397,0.106878,0.064563,0.148547,0.003382,0,0.034858,0.000982,0,0.010802,0.505673,0.432567,0.575485,0.05681,0,0.116195,0.009264,0,0.06299,0.003383,0,0.032914,0.002054,0,0.025046,0.289257,0.218836,0.352317,0.001902,0,0.014736,0.002583,0,0.02502,0.002542,0,0.02856,0.013167,0,0.071757,0.001251,0,0.013449,0.000871,0,0.008683
"PH_BA_7.sorted.bam","7","BA",0.312807,0.286008,0.339134,0.044259,0.022431,0.067961,0.458225,0.439627,0.474617,0.176269,0.147398,0.20295,0.00844,8e-06,0.026831,0.057717,0.000166,0.094793,0.014644,0,0.090403,0.001283,0,0.012141,0.489009,0.428959,0.549485,0.069508,0,0.12852,0.000345,0,0.003657,0.001284,0,0.013433,0.000833,0,0.008961,0.348072,0.29034,0.401785,0.000783,0,0.007606,0.005244,0,0.035144,0.000966,0,0.010209,0.00917,0,0.045477,0.000783,0,0.00864,0.000359,0,0.003654
"PH_BA_9.sorted.bam","9","BA",0.309214,0.282968,0.335011,0.024504,0.001339,0.050295,0.440491,0.417627,0.463395,0.165915,0.139727,0.192343,0.059876,0.040164,0.081141,0.000325,0,0.003655,0.002506,0,0.027053,0.000196,0,0.002063,0.501745,0.444644,0.561664,0.044282,0,0.097314,0.000238,0,0.002622,0.001201,0,0.012078,0.000502,0,0.005561,0.329236,0.276545,0.381976,0.000221,0,0.002202,0.112327,0.0671,0.156889,0.001325,0,0.015453,0.005243,0,0.042577,0.000448,0,0.004564,0.000204,0,0.001914
"PH_BB_10.sorted.bam","10","BB",0.008999,7e-06,0.03119,0.003054,1e-06,0.015396,0.514917,0.485725,0.542175,0.471046,0.442029,0.499587,0.001984,0,0.010201,0.003221,0,0.021743,0.000841,0,0.008736,0.000734,0,0.007529,0.007699,0,0.051164,0.002405,0,0.023925,0.139446,0.089068,0.187712,0.002373,0,0.02143,0.000912,0,0.009649,0.739652,0.670842,0.80756,0.099299,0.062838,0.139626,0.000642,0,0.007132,0.000484,0,0.005283,0.001187,0,0.013202,0.000557,0,0.005616,0.000549,0,0.005781
"PH_BB_1.sorted.bam","1","BB",0.007126,3e-06,0.026325,0.007545,3e-06,0.027312,0.465433,0.438377,0.491417,0.516076,0.487316,0.545201,0.00382,1e-06,0.018913,0.00278,0,0.019771,0.000684,0,0.007617,0.004246,0,0.022146,0.00656,0,0.043881,0.00388,0,0.037208,0.094882,0.054211,0.135899,0.00059,0,0.006229,0.001046,0,0.011345,0.728213,0.666036,0.785562,0.150689,0.113293,0.188523,0.00086,0,0.008741,0.000988,0,0.009588,0.002449,0,0.024645,0.000923,0,0.010997,0.00121,0,0.011895
"PH_BB_2.sorted.bam","2","BB",0.002318,0,0.011637,0.002147,1e-06,0.010548,0.50587,0.479312,0.532456,0.484986,0.455497,0.512957,0.004679,1e-06,0.022106,0.000581,0,0.005847,0.000604,0,0.006274,0.000506,0,0.005224,0.001284,0,0.01267,0.001459,0,0.014037,0.143972,0.098093,0.189187,0.000969,0,0.010157,0.000635,0,0.00679,0.715601,0.650284,0.77954,0.125892,0.089146,0.165265,0.000618,0,0.006779,0.000583,0,0.005638,0.005451,0,0.039252,0.000984,0,0.010831,0.000862,0,0.008601
"PH_BB_3.sorted.bam","3","BB",0.008848,5e-06,0.029914,0.003469,1e-06,0.016046,0.508991,0.476325,0.537972,0.44054,0.405548,0.475981,0.038152,0.014245,0.065226,0.001158,0,0.011851,0.001154,0,0.01177,0.000532,0,0.005729,0.005612,0,0.045149,0.00255,0,0.023389,0.087587,0.032375,0.138187,0.003391,0,0.029643,0.000986,0,0.010408,0.780324,0.694929,0.865696,0.044467,0,0.091858,0.005224,0,0.038485,0.001185,0,0.011506,0.054322,0,0.121349,0.007444,0,0.060431,0.004065,0,0.032347
"PH_BB_4.sorted.bam","4","BB",0.018372,0.000417,0.04007,0.005812,1e-06,0.025203,0.510279,0.481437,0.537918,0.463243,0.432702,0.493916,0.002294,0,0.011605,0.002809,0,0.022484,0.001129,0,0.012042,0.001038,0,0.011618,0.025755,0,0.074196,0.006633,0,0.045149,0.142318,0.096699,0.187831,0.003221,0,0.030273,0.001112,0,0.012127,0.702564,0.633449,0.766638,0.109496,0.07506,0.147175,0.001022,0,0.010442,0.000673,0,0.007233,0.000969,0,0.010257,0.000597,0,0.006839,0.000663,0,0.006898
"PH_BB_5.sorted.bam","5","BB",0.001992,0,0.010258,0.003285,1e-06,0.016257,0.465798,0.441057,0.489143,0.525698,0.499955,0.551736,0.003227,1e-06,0.016742,0.000568,0,0.006206,0.000484,0,0.005062,0.001245,0,0.011348,0.001186,0,0.012335,0.001777,0,0.018246,0.109974,0.073859,0.146541,0.000699,0,0.007227,0.001173,0,0.012023,0.705985,0.648655,0.761954,0.171181,0.135152,0.208681,0.000479,0,0.004728,0.000647,0,0.00673,0.002699,0,0.025225,0.001175,0,0.012383,0.000727,0,0.008135
"PH_BB_6.sorted.bam","6","BB",0.001942,0,0.009664,0.012735,5e-06,0.037667,0.528682,0.503235,0.553193,0.45295,0.423251,0.481842,0.003692,1e-06,0.01762,0.000316,0,0.003224,0.000591,0,0.006558,0.002972,0,0.020829,0.001477,0,0.014943,0.015331,0,0.068953,0.141193,0.095584,0.185153,0.000513,0,0.005407,0.00275,0,0.025566,0.755512,0.688164,0.821491,0.073182,0.04072,0.108449,0.000669,0,0.007331,0.000852,0,0.009022,0.002657,0,0.026609,0.00076,0,0.007843,0.001223,0,0.010481
"PH_BB_7.sorted.bam","7","BB",0.002381,0,0.011812,0.003989,1e-06,0.017419,0.500794,0.474621,0.527587,0.487088,0.457618,0.515979,0.005748,2e-06,0.023346,0.00063,0,0.00693,0.000632,0,0.006743,0.001563,0,0.013166,0.001038,0,0.011334,0.001578,0,0.01633,0.123363,0.080528,0.167703,0.000989,0,0.010739,0.001466,0,0.01547,0.748963,0.687544,0.810312,0.110747,0.073237,0.148912,0.000844,0,0.009321,0.001176,0,0.012633,0.003284,0,0.03057,0.001266,0,0.01348,0.002463,0,0.018398
"PH_BB_8.sorted.bam","8","BB",0.006566,2e-06,0.023711,0.003336,1e-06,0.015861,0.490434,0.459826,0.517627,0.495783,0.465531,0.527853,0.003881,1e-06,0.016589,0.001453,0,0.012308,0.001003,0,0.010945,0.000756,0,0.007586,0.004941,0,0.036553,0.002316,0,0.025506,0.137149,0.091766,0.180706,0.00262,0,0.025703,0.001066,0,0.01164,0.697713,0.634882,0.760712,0.144406,0.105944,0.184684,0.001662,0,0.014861,0.000775,0,0.007972,0.0016,0,0.015747,0.001355,0,0.015797,0.001186,0,0.010657
"PH_BB_9.sorted.bam","9","BB",0.001742,0,0.009439,0.018143,6.6e-05,0.042196,0.487776,0.458937,0.512842,0.488158,0.456672,0.517714,0.004181,1e-06,0.022395,0.000534,0,0.005459,0.00051,0,0.005396,0.00117,0,0.01166,0.00098,0,0.010963,0.032192,0,0.081074,0.100042,0.051115,0.143436,0.000476,0,0.005011,0.00072,0,0.007794,0.737494,0.669778,0.802273,0.118457,0.085807,0.153305,0.000448,0,0.00463,0.000524,0,0.005471,0.004803,0,0.040636,0.000712,0,0.007466,0.000937,0,0.009815
"PH_BC_10.sorted.bam","10","BC",0.057678,0.036842,0.078476,0.022166,3.1e-05,0.04727,0.449923,0.432041,0.466245,0.02646,4.3e-05,0.062351,0.443773,0.41519,0.473445,0.00113,0,0.011044,0.000828,0,0.008629,0.000377,0,0.00396,0.110566,0.067245,0.152003,0.041084,0,0.09224,0.001448,0,0.014683,0.000584,0,0.006205,0.00068,0,0.007301,0.049472,0,0.122245,0.000591,0,0.006314,0.001117,0,0.011835,0.000987,0,0.011079,0.695828,0.632502,0.756454,0.001003,0,0.011589,0.094305,0.062381,0.127871
"PH_BC_11.sorted.bam","11","BC",0.074376,0.048405,0.101478,0.003061,0,0.015747,0.510935,0.47771,0.542836,0.008503,3e-06,0.035231,0.403126,0.36968,0.437237,0.002962,0,0.022996,0.000857,0,0.008749,0.000567,0,0.006166,0.139299,0.084747,0.195795,0.002341,0,0.023649,0.143741,0.082744,0.202729,0.00181,0,0.016776,0.001014,0,0.011098,0.008979,0,0.064283,0.001422,0,0.014299,0.000862,0,0.009861,0.000776,0,0.007709,0.583769,0.498035,0.678727,0.002359,0,0.024233,0.109243,0.057803,0.158749
"PH_BC_1.sorted.bam","1","BC",0.045531,0.022635,0.070994,0.010247,8e-06,0.033447,0.481156,0.450474,0.511331,0.040415,0.01442,0.069643,0.422652,0.388309,0.456804,0.000755,0,0.007523,0.00153,0,0.015042,0.00252,0,0.018753,0.086214,0.040676,0.137614,0.011764,0,0.058512,0.061723,0,0.114924,0.000521,0,0.005299,0.000932,0,0.010332,0.07767,0.027485,0.138418,0.000411,0,0.004379,0.001286,0,0.01456,0.001227,0,0.011729,0.663218,0.584933,0.743267,0.000885,0,0.009327,0.089344,0.05405,0.127683
"PH_BC_2.sorted.bam","2","BC",0.047231,0.01807,0.073541,0.007759,7e-06,0.026034,0.471011,0.437559,0.505674,0.003386,1e-06,0.018803,0.470614,0.437695,0.503517,0.000502,0,0.005558,0.000955,0,0.009659,0.003697,0,0.019322,0.090283,0.016563,0.144307,0.005099,0,0.042876,0.075317,1e-06,0.141344,0.000549,0,0.005755,0.00088,0,0.008787,0.003176,0,0.031286,0.000595,0,0.006219,0.001673,0,0.019695,0.001189,0,0.012644,0.692829,0.600666,0.781437,0.000978,0,0.010733,0.122279,0.077787,0.171464
"PH_BC_3.sorted.bam","3","BC",0.059198,0.037762,0.082525,0.020794,2.2e-05,0.049244,0.446016,0.424255,0.472692,0.033917,0.002718,0.064334,0.440074,0.408852,0.470733,0.000539,0,0.005194,0.00092,0,0.009744,0.000725,0,0.007382,0.114751,0.071053,0.161117,0.0374,0,0.095371,0.010799,0,0.054908,0.000774,0,0.008595,0.000884,0,0.008598,0.060156,0,0.125432,0.002609,0,0.023106,0.000874,0,0.009529,0.000934,0,0.010585,0.658128,0.587386,0.723579,0.000803,0,0.008384,0.109705,0.075673,0.147017
"PH_BC_4.sorted.bam","4","BC",0.057682,0.037616,0.077168,0.009026,6e-06,0.029574,0.446141,0.428384,0.462452,0.002488,0,0.014196,0.484662,0.459134,0.50955,0.001211,0,0.011901,0.002534,0,0.022183,0.001364,0,0.012656,0.108969,0.06567,0.15044,0.010363,0,0.052671,0.001342,0,0.014738,0.00068,0,0.007044,0.000548,0,0.006006,0.002592,0,0.02566,0.000317,0,0.003223,0.00076,0,0.008805,0.001879,0,0.01655,0.767675,0.712034,0.81804,0.000522,0,0.00531,0.099244,0.06715,0.133871
"PH_BC_5.sorted.bam","5","BC",0.052286,0.029141,0.074703,0.027699,0.000267,0.054026,0.440392,0.422916,0.457961,0.037399,0.001483,0.068941,0.442223,0.412732,0.471727,0.000563,0,0.005703,0.000298,0,0.003158,0.000431,0,0.004688,0.101412,0.055413,0.146284,0.052889,0,0.105156,0.00168,0,0.018256,0.00081,0,0.008454,0.000506,0,0.005387,0.07111,0,0.134965,0.000872,0,0.009494,0.000927,0,0.009447,0.000844,0,0.009131,0.652014,0.586781,0.719366,0.000628,0,0.006372,0.115017,0.080315,0.15074
"PH_BC_6.sorted.bam","6","BC",0.055056,0.033962,0.075497,0.021074,2.6e-05,0.048417,0.459186,0.441821,0.475219,0.01569,5e-06,0.048073,0.448994,0.421752,0.475702,0.000635,0,0.006218,0.001058,0,0.01128,0.000805,0,0.007876,0.10608,0.062456,0.14796,0.03749,0,0.093919,0.001959,0,0.019944,0.001054,0,0.011287,0.001084,0,0.01169,0.026352,0,0.093216,0.001147,0,0.011175,0.000649,0,0.006589,0.000907,0,0.010295,0.744532,0.678047,0.805999,0.000597,0,0.006509,0.075651,0.046567,0.108359
"PH_BC_7.sorted.bam","7","BC",0.087074,0.062069,0.113126,0.077465,0.052705,0.101998,0.45571,0.428188,0.482579,0.135535,0.104992,0.166538,0.244217,0.21557,0.273378,0.000249,0,0.002772,0.001093,0,0.011465,0.000166,0,0.001757,0.08988,0.020436,0.162332,0.150004,0.09704,0.201227,0.000248,0,0.002621,0.000791,0,0.008503,0.000583,0,0.005988,0.268574,0.206976,0.330295,0.000258,0,0.002635,0.081886,0.000204,0.13932,0.002918,0,0.032816,0.402466,0.341322,0.460932,0.000606,0,0.005766,0.000279,0,0.002858
"PH_BC_8.sorted.bam","8","BC",0.025468,0.000147,0.056492,0.05336,0.021414,0.087487,0.483267,0.443036,0.520703,0.041425,0.014094,0.074384,0.396481,0.357781,0.435847,0.0013,0,0.01506,0.020864,0,0.077962,0.002477,0,0.023954,0.007031,0,0.064796,0.051408,0,0.149932,0.125804,0.058921,0.192745,0.004449,0,0.041466,0.011025,0,0.08573,0.029997,0,0.118982,0.001159,0,0.013241,0.015993,0,0.08483,0.018469,0,0.121483,0.626491,0.489856,0.743937,0.03506,0,0.126148,0.048474,0,0.148051
"PH_BC_9.sorted.bam","9","BC",0.039262,0.017357,0.061765,0.003319,1e-06,0.017742,0.46246,0.439484,0.494431,0.106372,0.07658,0.135737,0.388588,0.358173,0.417913,0.000629,0,0.006954,0.0014,0,0.014278,0.000327,0,0.00324,0.00736,0,0.067006,0.002308,0,0.021826,0.001424,0,0.014268,0.002196,0,0.022305,0.000625,0,0.006724,0.206669,0.14732,0.26495,0.000656,0,0.007054,0.066309,0,0.116488,0.001651,0,0.017641,0.705734,0.639868,0.768166,0.001941,0,0.019497,0.00077,0,0.008517
"PH_CA_12.sorted.bam","12","CA",0.232808,0.196686,0.270066,0.370833,0.334799,0.408307,0.392411,0.35657,0.42616,0.001579,0,0.007954,0.002369,1e-06,0.011926,0.128455,0.080714,0.179521,0.001832,0,0.019394,0.172279,0.124675,0.222544,0.205378,0.127219,0.286654,0.394058,0.308417,0.471939,0.091324,0.03788,0.142772,0.000677,0,0.007108,0.000562,0,0.006073,0.000834,0,0.008348,0.000304,0,0.003176,0.000818,0,0.008199,0.000654,0,0.00665,0.001904,0,0.01759,0.000477,0,0.005356,0.000443,0,0.004463
"PH_CA_1.sorted.bam","1","CA",0.222744,0.185722,0.261436,0.38194,0.346441,0.419707,0.392508,0.352473,0.426671,0.001278,0,0.006826,0.00153,0,0.008709,0.128272,0.072699,0.203597,0.006408,0,0.056651,0.175767,0.122726,0.22665,0.181226,3.1e-05,0.277905,0.404922,0.322587,0.499487,0.098823,0.049124,0.15159,0.000496,0,0.005381,0.000432,0,0.004592,0.000685,0,0.007836,0.000287,0,0.003067,0.000814,0,0.008355,0.000584,0,0.006584,0.000536,0,0.005957,0.000368,0,0.003821,0.00038,0,0.004274
"PH_CA_2.sorted.bam","2","CA",0.23112,0.192793,0.272361,0.344767,0.306328,0.383072,0.421416,0.383854,0.458277,0.000959,0,0.005218,0.001737,0,0.009765,0.159198,0.105206,0.230998,0.004644,0,0.046448,0.174998,0.122954,0.231231,0.138239,0.037267,0.226436,0.33403,0.250129,0.42516,0.184618,0.132304,0.240911,0.000359,0,0.003625,0.000289,0,0.003135,0.000425,0,0.004574,0.000261,0,0.002682,0.000604,0,0.006766,0.000576,0,0.006066,0.000903,0,0.010558,0.000324,0,0.003224,0.000534,0,0.005746
"PH_CA_3.sorted.bam","3","CA",0.238183,0.199591,0.276808,0.367191,0.331739,0.405158,0.392839,0.355576,0.428883,0.000787,0,0.004441,0.001,0,0.00558,0.124636,0.068787,0.181361,0.005082,0,0.057242,0.18428,0.132424,0.236185,0.221402,0.13707,0.301614,0.360029,0.279642,0.442209,0.10164,0.048058,0.156174,0.000282,0,0.003106,0.00031,0,0.003104,0.000407,0,0.004179,0.000179,0,0.00189,0.000327,0,0.003616,0.000401,0,0.004241,0.000558,0,0.006009,0.000218,0,0.002221,0.000249,0,0.002649
"PH_CA_6.sorted.bam","6","CA",0.230237,0.189643,0.276005,0.38516,0.344153,0.426416,0.380219,0.338518,0.415692,0.001545,0,0.008164,0.002839,0,0.013083,0.061007,0,0.132002,0.001952,0,0.020562,0.24056,0.181817,0.301943,0.334921,0.229158,0.455937,0.285894,0.192475,0.378329,0.068555,0.000147,0.126476,0.000558,0,0.006306,0.00056,0,0.00545,0.000708,0,0.007881,0.000384,0,0.004241,0.001028,0,0.011176,0.000794,0,0.008697,0.001804,0,0.016502,0.000495,0,0.005357,0.000778,0,0.008124
"PH_CA_7.sorted.bam","7","CA",0.246201,0.206469,0.287644,0.346907,0.307775,0.388202,0.404616,0.365536,0.44192,0.001164,0,0.006401,0.001112,0,0.006527,0.138998,0.086178,0.192468,0.001766,0,0.017751,0.233077,0.181225,0.290555,0.211864,0.132335,0.292727,0.225119,0.145907,0.302066,0.185608,0.13326,0.237444,0.000407,0,0.004429,0.000447,0,0.004504,0.000465,0,0.004857,0.000363,0,0.003905,0.000369,0,0.003872,0.000327,0,0.003558,0.000567,0,0.006401,0.000281,0,0.003076,0.00034,0,0.003797
"PH_CA_8.sorted.bam","8","CA",0.261514,0.223998,0.301218,0.368083,0.331155,0.405907,0.368025,0.328056,0.407939,0.001133,0,0.006262,0.001244,0,0.006883,0.140133,0.092629,0.192438,0.001696,0,0.018508,0.158522,0.107379,0.214513,0.239957,0.155436,0.330267,0.416601,0.327352,0.506015,0.039172,0,0.106966,0.000616,0,0.005979,0.000399,0,0.004339,0.000529,0,0.005281,0.000227,0,0.002444,0.000492,0,0.005283,0.000426,0,0.004398,0.000619,0,0.006251,0.000267,0,0.002809,0.000342,0,0.003883
"PH_CR_10.sorted.bam","10","CR",0.402386,0.372029,0.432329,0.164353,0.136738,0.193237,0.403641,0.378089,0.427745,0.027309,0.005416,0.052763,0.002311,1e-06,0.011672,0.13049,0.076597,0.181325,0.018501,0,0.114082,0.016127,0,0.04949,0.518674,0.446677,0.590375,0.259085,0.177535,0.326291,0.000394,0,0.00429,0.005814,0,0.052303,0.017402,0,0.069914,0.02803,0,0.096005,0.001341,0,0.015019,0.000802,0,0.007608,0.001465,0,0.014219,0.000705,0,0.007538,0.000689,0,0.008229,0.000481,0,0.004935
"PH_CR_11.sorted.bam","11","CR",0.419918,0.390268,0.450771,0.132026,0.10425,0.160492,0.409135,0.382678,0.432447,0.037944,0.012341,0.063939,0.000977,0,0.005329,0.137828,0.079981,0.190686,0.036061,0,0.118464,0.001333,0,0.01349,0.524318,0.457394,0.589853,0.223025,0.139254,0.294004,0.000527,0,0.005178,0.003353,0,0.037938,0.001941,0,0.020484,0.069353,0.002398,0.124305,0.000474,0,0.004807,0.00045,0,0.004936,0.00036,0,0.003626,0.000519,0,0.005339,0.000293,0,0.003058,0.000166,0,0.001673
"PH_CR_12.sorted.bam","12","CR",0.441951,0.412195,0.473285,0.144825,0.118704,0.170218,0.403045,0.379583,0.423954,0.00835,1e-06,0.032318,0.001829,0,0.009594,0.179155,0.135365,0.223311,0.005148,0,0.048447,0.003755,0,0.025215,0.516618,0.45168,0.578468,0.275649,0.215094,0.327334,0.000651,0,0.007136,0.002813,0,0.026497,0.000851,0,0.008956,0.011645,0,0.061919,0.000476,0,0.005236,0.001013,0,0.011,0.000492,0,0.005124,0.000877,0,0.009701,0.00044,0,0.004773,0.000418,0,0.004488
"PH_CR_1.sorted.bam","1","CR",0.431455,0.399443,0.464418,0.135267,0.104855,0.166186,0.4037,0.374177,0.42917,0.027048,0.001423,0.052087,0.00253,1e-06,0.011669,0.14565,0.080952,0.203627,0.038839,0,0.131413,0.001285,0,0.014999,0.528144,0.458128,0.597286,0.227035,0.141083,0.295247,0.001294,0,0.012759,0.003645,0,0.040487,0.001268,0,0.012778,0.047653,0,0.101456,0.00046,0,0.005082,0.000983,0,0.010201,0.000822,0,0.009018,0.001981,0,0.018405,0.00061,0,0.006243,0.000332,0,0.003494
"PH_CR_2.sorted.bam","2","CR",0.423605,0.391735,0.455547,0.154889,0.129031,0.180202,0.40652,0.380158,0.427957,0.013217,3.9e-05,0.035094,0.001769,0,0.009275,0.167032,0.116287,0.214297,0.010574,0,0.080328,0.000623,0,0.006634,0.497285,0.429388,0.562074,0.295394,0.223122,0.350465,6e-04,0,0.006252,0.00449,0,0.035674,0.001942,0,0.019433,0.01821,0,0.067309,0.000608,0,0.006366,0.000798,0,0.009127,0.000622,0,0.006817,0.00095,0,0.009812,0.000574,0,0.006295,0.000297,0,0.003229
"PH_CR_3.sorted.bam","3","CR",0.425755,0.394898,0.457066,0.163791,0.136215,0.192643,0.399047,0.368904,0.42531,0.009593,6e-06,0.032088,0.001813,0,0.009334,0.141061,0.08427,0.198009,0.049291,0,0.141711,0.002871,0,0.023388,0.514951,0.448211,0.578558,0.270035,0.187345,0.337514,0.00043,0,0.004294,0.004244,0,0.036038,0.001781,0,0.017544,0.011494,0,0.056087,0.000579,0,0.006351,0.000901,0,0.009175,0.000734,0,0.007158,0.000754,0,0.008262,0.000511,0,0.00504,0.000364,0,0.003908
"PH_CR_4.sorted.bam","4","CR",0.270296,0.241881,0.298248,0.119989,0.093755,0.148729,0.442059,0.417515,0.46449,0.112982,0.085882,0.140947,0.054674,0.033991,0.075547,0.000515,0,0.005428,0.006782,0,0.051422,0.000565,0,0.005759,0.429914,0.367488,0.49237,0.22812,0.167014,0.288806,0.000286,0,0.002793,0.00316,0,0.031663,0.000758,0,0.008389,0.22042,0.165325,0.276437,0.000425,0,0.00462,0.099705,0.051333,0.145848,0.003188,0,0.033919,0.005092,0,0.044112,0.000777,0,0.008398,0.000293,0,0.003062
"PH_CR_5.sorted.bam","5","CR",0.429913,0.400352,0.460719,0.162123,0.134901,0.188374,0.400017,0.375784,0.421045,0.006488,1e-06,0.026915,0.001459,0,0.008448,0.159492,0.112102,0.207256,0.010457,0,0.089152,0.026945,0,0.059901,0.528853,0.463382,0.592409,0.258667,0.192697,0.319102,0.000589,0,0.006231,0.001009,0,0.010895,0.000784,0,0.008071,0.010171,0,0.051187,0.00034,0,0.003713,0.000521,0,0.005671,0.000449,0,0.004619,0.001164,0,0.011567,0.000333,0,0.003468,0.000225,0,0.00229
"PH_CR_6.sorted.bam","6","CR",0.43298,0.401362,0.464699,0.133542,0.106359,0.161545,0.402331,0.379271,0.423673,0.028844,0.003476,0.054896,0.002304,0,0.011743,0.182124,0.137737,0.227375,0.003439,0,0.033859,0.003502,0,0.026962,0.495937,0.425247,0.561255,0.254114,0.195096,0.311693,0.001549,0,0.015804,0.001715,0,0.01693,0.001779,0,0.018806,0.050092,0,0.105331,0.001683,0,0.017667,0.00062,0,0.006812,0.000746,0,0.007737,0.001422,0,0.016685,0.000734,0,0.007178,0.000542,0,0.00553
"PH_CR_7.sorted.bam","7","CR",0.408719,0.377813,0.440215,0.157924,0.129825,0.186555,0.403108,0.374636,0.428065,0.028491,0.004812,0.051612,0.001758,0,0.009276,0.111855,0.054154,0.169638,0.064871,0,0.153862,0.001166,0,0.01219,0.515978,0.445336,0.578951,0.246638,0.163305,0.328142,0.000523,0,0.005181,0.012038,0,0.067027,0.00134,0,0.014185,0.041554,0,0.099247,0.000747,0,0.007987,0.00084,0,0.009163,0.000667,0,0.007436,0.000999,0,0.010585,0.000556,0,0.005737,0.000227,0,0.002517
"PH_CR_8.sorted.bam","8","CR",0.445005,0.411716,0.480312,0.146908,0.119009,0.174181,0.394716,0.366364,0.419137,0.009091,3e-06,0.032182,0.004281,1e-06,0.018352,0.191703,0.137312,0.244687,0.00936,0,0.072744,0.005521,0,0.032045,0.492918,0.420837,0.564052,0.270541,0.204815,0.332173,0.004678,0,0.032286,0.002391,0,0.02347,0.001744,0,0.016766,0.012359,0,0.060386,0.000571,0,0.006099,0.001934,0,0.018968,0.001129,0,0.012999,0.004258,0,0.032331,0.000546,0,0.006438,0.000347,0,0.00371
"PH_CR_9.sorted.bam","9","CR",0.434027,0.397597,0.471157,0.139545,0.113827,0.16758,0.414904,0.383078,0.448737,0.007263,2e-06,0.0265,0.004261,1e-06,0.018739,0.170209,0.109494,0.223524,0.008199,0,0.071083,0.007991,0,0.040795,0.515645,0.439577,0.589933,0.251423,0.182384,0.313902,0.025789,0,0.081847,0.002753,0,0.026175,0.002247,0,0.022324,0.007143,0,0.043891,0.000764,0,0.007987,0.00104,0,0.010846,0.001239,0,0.013019,0.004018,0,0.03224,0.000855,0,0.009194,0.000685,0,0.007208
"PH_FC_10.sorted.bam","10","FC",0.005467,1e-06,0.023734,0.502056,0.469686,0.535374,0.423058,0.388527,0.451873,0.066089,0.044629,0.087875,0.00333,1e-06,0.016067,0.003062,0,0.020732,0.00107,0,0.011237,0.210992,0.171318,0.251919,0.001338,0,0.015428,0.579452,0.513614,0.644713,0.06804,0.000395,0.111596,0.001736,0,0.017464,0.000921,0,0.010013,0.126958,0.07959,0.17248,0.000909,0,0.009638,0.000666,0,0.006705,0.000685,0,0.007322,0.002288,0,0.021571,0.000745,0,0.007661,0.001138,0,0.010943
"PH_FC_11.sorted.bam","11","FC",0.009092,3e-06,0.029343,0.415611,0.384752,0.445329,0.44425,0.417832,0.464053,0.070598,0.042268,0.101197,0.060449,0.038161,0.085546,0.001423,0,0.012585,0.005413,0,0.043518,0.084745,0.037881,0.124583,0.00284,0,0.0276,0.643045,0.577801,0.708004,0.002607,0,0.024937,0.001987,0,0.020067,0.001244,0,0.01227,0.135798,0.078847,0.197307,0.000504,0,0.005425,0.005099,0,0.037829,0.012031,0,0.09536,0.101603,0.015761,0.157509,0.001159,0,0.011368,0.000503,0,0.005203
"PH_FC_12.sorted.bam","12","FC",0.022149,0.00113,0.041995,0.442322,0.413533,0.470782,0.433454,0.409503,0.456507,0.063745,0.040062,0.088954,0.03833,0.018224,0.059455,0.000353,0,0.003833,0.009508,0,0.056444,0.054961,0.023913,0.091043,0.011527,0,0.058304,0.720874,0.659564,0.778472,0.000537,0,0.00568,0.001684,0,0.017696,0.003607,0,0.033385,0.120226,0.06771,0.171411,0.000466,0,0.004815,0.020873,0,0.072597,0.040735,0,0.103157,0.013208,0,0.076562,0.001041,0,0.011298,0.000402,0,0.004628
"PH_FC_1.sorted.bam","1","FC",0.026219,0.000711,0.050581,0.499042,0.46516,0.535027,0.41343,0.380178,0.442227,0.058734,0.034919,0.083866,0.002575,0,0.012608,0.001423,0,0.015226,0.004787,0,0.048601,0.212945,0.169492,0.255874,0.042014,0,0.096843,0.565461,0.490259,0.637468,0.055704,0.004998,0.101969,0.001968,0,0.019725,0.001249,0,0.013276,0.106418,0.052852,0.161338,0.0036,0,0.023259,0.000823,0,0.009077,0.000699,0,0.007137,0.001559,0,0.016739,0.000633,0,0.006445,0.000719,0,0.007334
"PH_FC_2.sorted.bam","2","FC",0.036124,0.013253,0.061501,0.476049,0.441186,0.512021,0.412758,0.374119,0.445292,0.069893,0.046216,0.094347,0.005175,1e-06,0.02194,0.023204,0,0.05673,0.005185,0,0.040607,0.220989,0.176594,0.267982,0.016989,0,0.079255,0.503432,0.426942,0.577523,0.083377,0.029402,0.133617,0.001884,0,0.017688,0.000792,0,0.009276,0.134475,0.083263,0.184083,0.000968,0,0.010516,0.001783,0,0.017449,0.000712,0,0.007528,0.003866,0,0.033267,0.000699,0,0.007261,0.001645,0,0.014225
"PH_FC_4.sorted.bam","4","FC",0.013374,0.000297,0.034938,0.509243,0.474719,0.544376,0.431668,0.40004,0.460419,0.038526,0.01448,0.063104,0.007189,4e-06,0.02393,0.007097,0,0.026266,0.002968,0,0.028823,0.214702,0.170236,0.260365,0.006589,0,0.043709,0.583165,0.508374,0.656313,0.101761,0.05671,0.146016,0.001646,0,0.016952,0.001361,0,0.014073,0.066626,0.005693,0.121112,0.002412,0,0.022285,0.001351,0,0.013393,0.001587,0,0.016683,0.003434,0,0.027726,0.002595,0,0.022542,0.002705,0,0.018631
"PH_FC_6.sorted.bam","6","FC",0.019792,0.000308,0.043404,0.38892,0.358255,0.418993,0.446633,0.425098,0.465205,0.09885,0.071615,0.126361,0.045806,0.022288,0.069079,0.000744,0,0.007725,0.012304,0,0.065113,0.080838,0.045528,0.11949,0.019178,0,0.073432,0.598177,0.531425,0.666527,0.000917,0,0.009534,0.001949,0,0.018729,0.00113,0,0.011737,0.193253,0.136399,0.250068,0.000409,0,0.004397,0.004664,0,0.036617,0.004551,0,0.05137,0.080824,2e-06,0.134437,0.000549,0,0.005949,0.000511,0,0.005475
"PH_FC_8.sorted.bam","8","FC",0.053218,0.029234,0.080105,0.351643,0.318333,0.383045,0.415709,0.38721,0.443057,0.126757,0.095757,0.156302,0.052672,0.028403,0.076581,0.000379,0,0.004019,0.069397,0,0.136574,0.00172,0,0.018669,0.006531,0,0.057437,0.565252,0.483883,0.65949,0.000351,0,0.003821,0.002646,0,0.029727,0.005131,0,0.052361,0.243308,0.17653,0.30408,0.000519,0,0.005243,0.027106,0,0.111484,0.060065,0,0.129745,0.015625,0,0.093042,0.001392,0,0.015317,0.000578,0,0.005688
"PH_FC_9.sorted.bam","9","FC",0.007517,2e-06,0.029971,0.520408,0.486065,0.556123,0.431107,0.39908,0.46001,0.039417,0.017429,0.062464,0.001551,0,0.008765,0.001658,0,0.014944,0.001954,0,0.019276,0.250202,0.20735,0.295312,0.008534,0,0.055272,0.536537,0.464939,0.606158,0.121477,0.077289,0.163594,0.000757,0,0.008104,0.001472,0,0.015081,0.07306,0.010545,0.121781,0.001624,0,0.017463,0.000473,0,0.005035,0.000449,0,0.004538,0.001128,0,0.011255,0.000296,0,0.003029,0.000378,0,0.004053
"PH_FV_10.sorted.bam","10","FV",0.00097,0,0.005205,0.002277,0,0.012189,0.46105,0.431697,0.488578,0.446423,0.415251,0.480364,0.08928,0.060987,0.119456,0.000191,0,0.002263,0.000359,0,0.003542,0.000616,0,0.00656,0.000534,0,0.005923,0.001236,0,0.01381,0.087799,0.044022,0.133375,0.00031,0,0.003063,0.000759,0,0.008163,0.728699,0.651588,0.794449,0.080102,0.041864,0.124972,0.000355,0,0.00378,0.000967,0,0.009237,0.016031,0,0.094404,0.002875,0,0.026707,0.079166,0.036648,0.114709
"PH_FV_11.sorted.bam","11","FV",0.000977,0,0.005397,0.001117,0,0.006253,0.484213,0.455674,0.511622,0.447667,0.415987,0.479708,0.066026,0.036893,0.095309,0.000313,0,0.003364,0.00023,0,0.002476,0.000306,0,0.002952,0.000451,0,0.004452,0.000589,0,0.006303,0.11937,0.075765,0.162878,0.000303,0,0.003033,0.000379,0,0.0037,0.720685,0.65546,0.783349,0.08643,0.050286,0.125531,0.000342,0,0.003765,0.000426,0,0.004608,0.007962,0,0.070011,0.001106,0,0.012367,0.061108,0.027169,0.093427
"PH_FV_12.sorted.bam","12","FV",0.001865,0,0.009606,0.002194,0,0.012218,0.480098,0.454212,0.504773,0.448059,0.416077,0.48011,0.067784,0.039203,0.097331,0.000318,0,0.003407,0.000534,0,0.006283,0.00064,0,0.006765,0.00083,0,0.008638,0.000764,0,0.008289,0.101424,0.053767,0.150078,0.000702,0,0.006833,0.000714,0,0.007298,0.695498,0.60665,0.78468,0.083135,0.02861,0.14041,0.001028,0,0.010404,0.001096,0,0.012281,0.060254,0,0.158887,0.032933,0,0.125121,0.020128,0,0.081858
"PH_FV_1.sorted.bam","1","FV",0.001711,0,0.009656,0.001427,0,0.008389,0.448563,0.41886,0.477207,0.462064,0.430422,0.4958,0.086234,0.059769,0.113522,0.000918,0,0.008314,0.000225,0,0.002323,0.000415,0,0.004233,0.000529,0,0.005657,0.000762,0,0.008694,0.050129,2e-06,0.096506,0.000421,0,0.004592,0.000575,0,0.006385,0.631093,0.560585,0.699494,0.144236,0.104306,0.182408,0.000413,0,0.004386,0.000464,0,0.004943,0.164485,0.106056,0.222314,0.003568,0,0.034473,0.001769,0,0.018934
"PH_FV_2.sorted.bam","2","FV",0.003729,1e-06,0.016268,0.002127,0,0.011238,0.479734,0.453729,0.504417,0.441719,0.41021,0.474229,0.072691,0.045584,0.100155,0.000838,0,0.008976,0.000549,0,0.005596,0.000494,0,0.005213,0.003252,0,0.026278,0.001416,0,0.01362,0.076327,0.03095,0.11896,0.001118,0,0.011574,0.000707,0,0.0076,0.660704,0.591485,0.730684,0.109861,0.074676,0.145741,0.000863,0,0.009454,0.000593,0,0.005964,0.141442,0.085891,0.197348,0.001187,0,0.011737,0.000648,0,0.007007
"PH_FV_4.sorted.bam","4","FV",0.006474,2e-06,0.022767,0.002326,0,0.014254,0.48878,0.459111,0.520228,0.422855,0.386075,0.458078,0.079565,0.049487,0.111685,0.005396,0,0.021754,0.000274,0,0.002673,0.001396,0,0.013092,0.00073,0,0.007464,0.000402,0,0.004339,0.151513,0.107746,0.196783,6e-04,0,0.006136,0.000706,0,0.007425,0.641716,0.547849,0.715971,0.100171,0.05468,0.150465,0.000554,0,0.005855,0.000478,0,0.004865,0.031687,0,0.136025,0.002346,0,0.025242,0.062033,0,0.104329
"PH_FV_5.sorted.bam","5","FV",0.00174,0,0.009257,0.00359,1e-06,0.014352,0.479396,0.451454,0.507837,0.443416,0.409586,0.478397,0.071858,0.046364,0.099494,0.000551,0,0.005648,0.000505,0,0.005554,0.002196,0,0.012695,0.001045,0,0.011706,0.001104,0,0.011383,0.114787,0.068903,0.160376,0.000358,0,0.003973,0.000622,0,0.006237,0.591588,0.517417,0.666446,0.146467,0.1085,0.186164,0.00047,0,0.005057,0.000558,0,0.005801,0.135481,0.073702,0.191381,0.00133,0,0.01455,0.002938,0,0.029133
"PH_FV_6.sorted.bam","6","FV",0.001837,0,0.009204,0.001233,0,0.006656,0.477031,0.449056,0.505069,0.423113,0.387351,0.457001,0.096785,0.065244,0.130112,0.00068,0,0.006303,0.000302,0,0.003246,0.000434,0,0.004651,0.000776,0,0.007876,0.000391,0,0.004086,0.104602,0.060413,0.150702,0.000748,0,0.008058,0.000459,0,0.004556,0.702655,0.613054,0.776979,0.070412,0.034534,0.109755,0.000489,0,0.005248,0.000448,0,0.004509,0.041037,0,0.138331,0.001539,0,0.01742,0.075029,0.032801,0.11429
"PH_FV_7.sorted.bam","7","FV",0.002225,0,0.010754,0.001381,0,0.00756,0.457428,0.431696,0.482576,0.461503,0.428955,0.492355,0.077464,0.048766,0.107528,0.000543,0,0.005376,0.000308,0,0.003585,0.000614,0,0.006078,0.001157,0,0.011423,0.000448,0,0.004292,0.098457,0.058917,0.139515,0.00075,0,0.007722,0.000391,0,0.003968,0.659181,0.573184,0.738513,0.129713,0.084839,0.177153,0.001149,0,0.012176,0.000388,0,0.004038,0.057158,0,0.142578,0.003258,0,0.034535,0.046487,0,0.09604
"PH_FV_8.sorted.bam","8","FV",0.001307,0,0.007491,0.003662,1e-06,0.017292,0.475356,0.443371,0.504392,0.429564,0.397324,0.46367,0.09011,0.057865,0.122115,0.000386,0,0.004041,0.000509,0,0.005177,0.000909,0,0.009094,0.000559,0,0.006148,0.003599,0,0.029336,0.095735,0.031273,0.148873,0.000354,0,0.003817,0.000636,0,0.006995,0.663754,0.578273,0.753701,0.096722,0.053055,0.142899,0.00042,0,0.004349,0.000764,0,0.007732,0.091332,0,0.199195,0.000942,0,0.009568,0.043381,0,0.094295
"PH_FV_9.sorted.bam","9","FV",0.009006,1.2e-05,0.024609,0.001091,0,0.006483,0.471805,0.433975,0.500756,0.439922,0.405039,0.475583,0.078176,0.049211,0.107744,0.007944,0,0.023722,0.000294,0,0.003065,0.000321,0,0.003548,0.000781,0,0.008348,0.000623,0,0.006418,0.079201,0.001752,0.130634,0.000398,0,0.004057,0.000307,0,0.003019,0.631203,0.557562,0.708081,0.123608,0.08896,0.159698,0.000651,0,0.007268,0.000317,0,0.003466,0.1526,0.091217,0.213674,0.000719,0,0.007004,0.001033,0,0.011318
"PH_GB_10.sorted.bam","10","GB",0.141107,0.109372,0.174294,0.003022,1e-06,0.014826,0.535225,0.500526,0.568781,0.113361,0.078648,0.146449,0.207285,0.171,0.244931,0.117885,0.073468,0.160445,0.000564,0,0.006012,0.000917,0,0.008545,0.04409,0,0.133253,0.002088,0,0.020222,0.288613,0.23426,0.344514,0.00106,0,0.012001,0.000746,0,0.00794,0.219133,0.146383,0.289035,0.002309,0,0.023507,0.00073,0,0.008246,0.000811,0,0.009395,0.227913,0.147268,0.317224,0.001165,0,0.011735,0.091976,0.050039,0.135796
"PH_GB_11.sorted.bam","11","GB",0.166273,0.136793,0.196383,0.001872,1e-06,0.0097,0.477252,0.443063,0.508511,0.121129,0.090939,0.153208,0.233475,0.200307,0.265528,0.101027,0.062627,0.139873,0.000555,0,0.005855,0.000495,0,0.005497,0.128339,0.067561,0.194842,0.000912,0,0.009891,0.158204,0.109304,0.208074,0.000657,0,0.006966,0.00069,0,0.00655,0.215161,0.123492,0.286096,0.012497,0,0.06026,0.000939,0,0.010662,0.000597,0,0.005548,0.293683,0.21445,0.378386,0.000755,0,0.008299,0.085488,0.045276,0.126931
"PH_GB_12.sorted.bam","12","GB",0.198631,0.164102,0.233474,0.003548,1e-06,0.018483,0.490011,0.45531,0.522888,0.11986,0.083686,0.15791,0.187949,0.148402,0.226753,0.11729,0.072917,0.167014,0.001094,0,0.011614,0.000598,0,0.006893,0.159037,0.076595,0.242438,0.002881,0,0.028932,0.212609,0.155522,0.268506,0.001122,0,0.011744,0.000695,0,0.007586,0.231456,0.154577,0.310052,0.002237,0,0.02477,0.00143,0,0.016822,0.00123,0,0.013027,0.16143,0.00093,0.272265,0.001974,0,0.021136,0.104917,0.055588,0.170158
"PH_GB_1.sorted.bam","1","GB",0.165232,0.136568,0.194102,0.005227,1e-06,0.020994,0.499199,0.467379,0.530187,0.125275,0.093654,0.159142,0.205067,0.171295,0.238204,0.092718,0.058898,0.127191,0.000966,0,0.010143,0.002677,0,0.018494,0.142962,0.083344,0.208114,0.002461,0,0.024288,0.191579,0.143078,0.240404,0.000576,0,0.006049,0.00074,0,0.00855,0.233316,0.163202,0.301835,0.007569,0,0.042537,0.000526,0,0.005354,0.000933,0,0.009999,0.236501,0.157593,0.309412,0.000779,0,0.007546,0.085698,0.049077,0.124573
"PH_GB_5.sorted.bam","5","GB",0.164461,0.133539,0.196081,0.004307,1e-06,0.020405,0.494777,0.461542,0.526348,0.147683,0.113333,0.182795,0.188772,0.154386,0.224041,0.074798,0.031013,0.120378,0.002035,0,0.020951,0.000549,0,0.006466,0.170747,0.098161,0.246104,0.003119,0,0.029115,0.185955,0.13251,0.239463,0.004609,0,0.046194,0.000925,0,0.009764,0.28457,0.210752,0.355957,0.001807,0,0.019179,0.001935,0,0.020536,0.001437,0,0.01387,0.159209,0.05609,0.251264,0.001649,0,0.017906,0.106656,0.060088,0.156705
"PH_GB_6.sorted.bam","6","GB",0.173671,0.145041,0.203644,0.003147,1e-06,0.015541,0.489647,0.45707,0.521422,0.114755,0.083536,0.148303,0.218779,0.185008,0.25189,0.101715,0.063366,0.143947,0.001217,0,0.013292,0.000713,0,0.006973,0.139498,0.069808,0.208506,0.001907,0,0.018323,0.15899,0.106375,0.211693,0.002473,0,0.025805,0.001032,0,0.011262,0.218869,0.143005,0.289807,0.003131,0,0.028514,0.000725,0,0.008004,0.000713,0,0.006742,0.301041,0.223377,0.380427,0.000874,0,0.009872,0.067103,0.029873,0.105995
"PH_GB_8.sorted.bam","8","GB",0.122801,0.096159,0.150182,0.062293,0.037443,0.088885,0.458413,0.431099,0.486589,0.174982,0.139615,0.212145,0.181511,0.149874,0.215278,0.001401,0,0.013786,0.003001,0,0.036765,4e-04,0,0.004153,0.168,0.104742,0.233852,0.117036,0.055987,0.173211,0.000552,0,0.005869,0.017835,0,0.105509,0.001193,0,0.011365,0.327488,0.235611,0.408896,0.000892,0,0.009837,0.053965,0,0.119294,0.002554,0,0.027091,0.3032,0.224457,0.391682,0.001662,0,0.017026,0.000821,0,0.008799
"PH_GB_9.sorted.bam","9","GB",0.152612,0.118147,0.187054,0.006533,2e-06,0.024739,0.513968,0.474837,0.549328,0.101048,0.066866,0.136989,0.22584,0.185578,0.263632,0.101601,0.042301,0.164846,0.001248,0,0.013717,0.002275,0,0.01939,0.096515,0,0.204732,0.001993,0,0.0231,0.229045,0.167627,0.287073,0.001823,0,0.020518,0.003593,0,0.031597,0.122652,0,0.241535,0.035408,0,0.116069,0.002435,0,0.02449,0.001681,0,0.01639,0.348687,0.23575,0.480112,0.003212,0,0.0316,0.047833,0,0.109481
"PH_KC_10.sorted.bam","10","KC",0.714514,0.679527,0.747722,0.002707,1e-06,0.012887,0.279544,0.24603,0.314663,0.00162,0,0.007778,0.001616,0,0.008441,0.449555,0.395269,0.506745,0.000682,0,0.006538,0.000731,0,0.007314,0.528319,0.46032,0.590874,0.002327,0,0.020365,0.013138,0,0.059172,0.000544,0,0.005817,0.000572,0,0.006292,0.001126,0,0.010426,0.000292,0,0.002866,0.000372,0,0.003753,0.000371,0,0.003924,0.001039,0,0.010668,0.000414,0,0.004052,0.000517,0,0.005298
"PH_KC_11.sorted.bam","11","KC",0.689706,0.654414,0.727067,0.002436,0,0.013004,0.305921,0.269959,0.340008,0.001059,0,0.005721,0.000878,0,0.004506,0.464615,0.412131,0.521898,0.00066,0,0.007148,0.001082,0,0.010856,0.448754,0.382592,0.513975,0.001332,0,0.014473,0.080449,0.039522,0.120822,0.000417,0,0.00496,0.000312,0,0.003178,0.000524,0,0.005516,0.000317,0,0.003373,0.000351,0,0.003484,0.000404,0,0.00392,0.000334,0,0.003859,0.000229,0,0.002401,0.000219,0,0.00232
"PH_KC_1.sorted.bam","1","KC",0.313313,0.286523,0.340408,0.030229,0.006173,0.053711,0.405705,0.377313,0.432417,0.222559,0.191698,0.252351,0.028194,0.006597,0.049981,0.000398,0,0.004192,0.005798,0,0.049078,0.000165,0,0.001637,0.440135,0.383533,0.496669,0.052537,0,0.104627,0.000144,0,0.001486,0.125698,0.041863,0.19118,0.00094,0,0.009961,0.317736,0.255226,0.387209,0.000203,0,0.002154,0.054198,0.007338,0.0981,0.000854,0,0.009367,0.000715,0,0.007485,0.000337,0,0.003617,0.000142,0,0.001491
"PH_KC_2.sorted.bam","2","KC",0.328402,0.3044,0.351863,0.001881,0,0.012007,0.389673,0.366711,0.410929,0.170402,0.14642,0.194377,0.109642,0.088516,0.132849,0.000204,0,0.002133,0.000564,0,0.006237,0.000135,0,0.001506,0.437247,0.382235,0.491087,0.002172,0,0.020834,2e-04,0,0.002017,0.001727,0,0.017044,0.000353,0,0.003941,0.338136,0.290669,0.386385,0.00016,0,0.001725,0.216858,0.173506,0.264046,0.000403,0,0.004142,0.001389,0,0.014989,0.000268,0,0.002722,0.000183,0,0.001892
"PH_KC_4.sorted.bam","4","KC",0.715154,0.679451,0.754809,0.000762,0,0.004162,0.282748,0.242293,0.318178,0.000737,0,0.004277,0.000599,0,0.003436,0.478418,0.41966,0.540997,0.000266,0,0.002775,0.000224,0,0.00242,0.472623,0.400072,0.546252,0.00046,0,0.005083,0.045794,1e-06,0.087773,0.000352,0,0.003785,0.000175,0,0.001855,0.000493,0,0.005061,0.000143,0,0.001515,0.000231,0,0.002509,0.000174,0,0.001844,0.00033,0,0.003723,0.000168,0,0.001726,0.000147,0,0.001543
"PH_KC_5.sorted.bam","5","KC",0.749113,0.714615,0.784682,0.000766,0,0.004519,0.248822,0.213646,0.283415,0.000559,0,0.003203,0.000739,0,0.004429,0.514138,0.455411,0.575005,0.000262,0,0.002927,0.000261,0,0.002766,0.469208,0.402149,0.53498,0.000382,0,0.004073,0.013615,0,0.055952,0.000221,0,0.002228,0.000152,0,0.001544,0.00032,0,0.003356,0.000138,0,0.00143,0.000257,0,0.002797,0.000214,0,0.002345,0.000505,0,0.005189,0.00015,0,0.001673,0.000176,0,0.001885
"PH_KC_6.sorted.bam","6","KC",0.688903,0.653514,0.724375,0.001409,0,0.007466,0.307967,0.272213,0.343875,0.000884,0,0.004899,0.000837,0,0.004868,0.471593,0.41672,0.52813,0.000541,0,0.006007,0.000336,0,0.003612,0.433445,0.363535,0.500405,0.001011,0,0.009618,0.090202,0.051185,0.132161,0.000336,0,0.003536,0.000312,0,0.003396,0.000632,0,0.006564,0.000161,0,0.001626,0.000299,0,0.003147,0.000284,0,0.002912,0.000442,0,0.00471,0.000165,0,0.001832,0.000241,0,0.002478
"PH_KC_7.sorted.bam","7","KC",0.723283,0.68793,0.760756,0.001014,0,0.006088,0.274754,0.237393,0.30989,0.000479,0,0.002754,0.00047,0,0.002621,0.532551,0.477947,0.58989,0.000388,0,0.003942,0.000358,0,0.003924,0.380748,0.319807,0.446059,0.000644,0,0.006926,0.083788,0.045251,0.123306,0.000189,0,0.001952,0.000145,0,0.001552,0.000249,0,0.00253,0.000124,0,0.001228,0.000138,0,0.001417,0.000136,0,0.00148,0.000293,0,0.002915,0.000127,0,0.001319,0.000123,0,0.001383
"PH_KC_8.sorted.bam","8","KC",0.343107,0.313141,0.37289,0.034611,0.015647,0.0558,0.393861,0.363352,0.426586,0.167053,0.137551,0.197809,0.061368,0.038005,0.086288,0.000244,0,0.002435,0.015505,0,0.089225,0.000134,0,0.00134,0.477431,0.419297,0.535451,0.050436,0,0.104898,0.000137,0,0.00138,0.074256,0,0.157919,0.000629,0,0.005883,0.258412,0.18491,0.329489,0.000215,0,0.002422,0.118533,0.061389,0.17014,0.002383,0,0.028541,0.00117,0,0.011976,0.00038,0,0.004194,0.000135,0,0.001368
"PH_KC_9.sorted.bam","9","KC",0.660217,0.622404,0.699002,0.005338,1e-06,0.02071,0.313213,0.273558,0.350847,0.018147,0.000306,0.037671,0.003086,1e-06,0.013465,0.395352,0.33516,0.454405,0.00312,0,0.026544,0.001209,0,0.012181,0.51832,0.435661,0.602123,0.001914,0,0.019349,0.040884,0,0.091766,0.007224,0,0.047367,0.002282,0,0.022626,0.022645,0,0.071768,0.001469,0,0.015927,0.001065,0,0.012285,0.000941,0,0.010329,0.001777,0,0.016035,0.001203,0,0.012254,0.000592,0,0.006055
"PH_MC_10.sorted.bam","10","MC",0.002039,0,0.010731,0.221722,0.189321,0.254556,0.472768,0.436835,0.501793,0.123721,0.089715,0.158781,0.179751,0.147973,0.213716,0.000549,0,0.006033,0.001058,0,0.011923,0.068441,0.031971,0.106073,0.000817,0,0.008952,0.301818,0.230261,0.376753,0.068176,0,0.11775,0.000541,0,0.006208,0.001328,0,0.013422,0.242078,0.173724,0.312338,0.001093,0,0.012448,0.000562,0,0.005685,0.002357,0,0.024275,0.264471,0.185949,0.342741,0.001309,0,0.014322,0.045402,0.00382,0.084212
"PH_MC_11.sorted.bam","11","MC",0.003917,1e-06,0.019434,0.20256,0.170888,0.236009,0.485646,0.44572,0.516298,0.131126,0.096493,0.167184,0.17675,0.145332,0.211133,0.000602,0,0.006257,0.001107,0,0.01164,0.071658,0.024888,0.114852,0.00297,0,0.02815,0.255657,0.177569,0.340181,0.105742,0.029268,0.161603,0.001441,0,0.014954,0.001566,0,0.014955,0.192262,0.085161,0.280892,0.030503,0,0.084242,0.001111,0,0.01108,0.003474,0,0.034006,0.30892,0.218928,0.39,0.005978,0,0.059435,0.017008,0,0.069974
"PH_MC_12.sorted.bam","12","MC",0.003448,0,0.018375,0.228669,0.190227,0.268032,0.505679,0.469135,0.540448,0.080906,0.030133,0.123689,0.181299,0.143361,0.220043,0.001026,0,0.010628,0.001035,0,0.01093,0.105393,0.04083,0.163012,0.001812,0,0.020005,0.234526,0.131937,0.337423,0.190301,0.128852,0.254204,0.000683,0,0.006886,0.009431,0,0.095838,0.140171,0,0.243657,0.004103,0,0.044509,0.001313,0,0.014191,0.001559,0,0.016316,0.254247,0.14953,0.372507,0.00332,0,0.03742,0.051079,0,0.105532
"PH_MC_5.sorted.bam","5","MC",0.005545,2e-06,0.019698,0.221494,0.190152,0.254737,0.46126,0.424445,0.49148,0.121494,0.090824,0.151567,0.190206,0.1595,0.223716,0.00247,0,0.016123,0.001237,0,0.01191,0.067748,0.031095,0.105849,0.002364,0,0.022776,0.303154,0.22992,0.374961,0.085775,0.027269,0.134699,0.001162,0,0.011475,0.001183,0,0.011493,0.228291,0.155311,0.293967,0.005032,0,0.037648,0.001388,0,0.014064,0.001919,0,0.019345,0.21716,0.147807,0.286727,0.002288,0,0.022797,0.078828,0.043483,0.118299
"PH_MC_6.sorted.bam","6","MC",0.011945,2.3e-05,0.034536,0.219614,0.186536,0.251531,0.479692,0.447144,0.511123,0.100262,0.070145,0.131996,0.188487,0.157887,0.220001,0.007001,0,0.030982,0.002152,0,0.021092,0.074578,0.035203,0.112725,0.004461,0,0.035871,0.285442,0.21393,0.35945,0.104301,0.049363,0.159202,0.001599,0,0.015798,0.001062,0,0.010573,0.191502,0.127727,0.257736,0.002378,0,0.022668,0.001676,0,0.017164,0.001416,0,0.013359,0.269378,0.194823,0.341228,0.001604,0,0.016549,0.05145,0.019492,0.088494
"PH_MC_7.sorted.bam","7","MC",0.091465,0.063021,0.120989,0.14318,0.110467,0.173627,0.438012,0.407338,0.462502,0.157044,0.12012,0.195153,0.170299,0.140975,0.202677,0.000962,0,0.010953,0.005268,0,0.040886,0.000946,0,0.009745,0.13522,0.031281,0.214876,0.205665,0.117698,0.309626,0.000646,0,0.007133,0.00263,0,0.026049,0.002628,0,0.029581,0.305448,0.229864,0.380975,0.000795,0,0.008331,0.037888,0,0.152388,0.070905,0,0.147604,0.228398,0.154661,0.300288,0.001791,0,0.016636,0.000808,0,0.008185
"PH_MC_8.sorted.bam","8","MC",0.003691,1e-06,0.018395,0.186033,0.149031,0.226154,0.496831,0.461356,0.531103,0.134382,0.09391,0.176689,0.179063,0.144003,0.215805,0.001346,0,0.014001,0.001417,0,0.015904,0.091869,6.2e-05,0.149795,0.001335,0,0.012727,0.182784,0.078055,0.33083,0.144257,0.083614,0.203285,0.000992,0,0.01135,0.001485,0,0.016806,0.20425,4e-06,0.327116,0.029068,0,0.134934,0.000944,0,0.010326,0.002642,0,0.025183,0.316778,0.212481,0.4072,0.003901,0,0.0412,0.016931,0,0.076498
"PH_MC_9.sorted.bam","9","MC",0.012803,2e-05,0.039863,0.198392,0.164411,0.234507,0.505336,0.46743,0.541244,0.11445,0.076415,0.156162,0.169019,0.132675,0.207165,0.001804,0,0.017957,0.001783,0,0.019473,0.020281,0,0.077697,0.014496,0,0.071669,0.349188,0.238309,0.437953,0.197402,0.130467,0.262894,0.00276,0,0.024783,0.001836,0,0.020458,0.025397,0,0.16314,0.098454,0.000485,0.14792,0.00296,0,0.030165,0.003416,0,0.031807,0.226788,0.128756,0.328088,0.001998,0,0.024518,0.051439,0,0.111425
"PH_ML_10.sorted.bam","10","ML",0.637931,0.602,0.676554,0.027824,0.006152,0.049583,0.330387,0.295608,0.365652,0.002288,0,0.012945,0.001571,0,0.008542,0.366347,0.310389,0.421035,0.002109,0,0.023807,0.000754,0,0.008124,0.54011,0.459703,0.621053,0.051018,0,0.09502,0.033406,0,0.088805,0.000567,0,0.005948,0.000529,0,0.005939,0.001977,0,0.019025,0.000588,0,0.006594,0.000382,0,0.004287,0.000483,0,0.005002,0.000856,0,0.008445,0.000327,0,0.003277,0.000547,0,0.00532
"PH_ML_11.sorted.bam","11","ML",0.678423,0.643275,0.712191,0.002905,0,0.017388,0.315133,0.278544,0.350368,0.001213,0,0.006423,0.002326,1e-06,0.01081,0.432536,0.374368,0.492052,0.000705,0,0.00694,0.000411,0,0.004316,0.49,0.40925,0.579273,0.003484,0,0.031867,0.067141,7e-06,0.117907,0.000444,0,0.004803,0.000316,0,0.003472,0.000581,0,0.006404,0.000334,0,0.003546,0.000623,0,0.006818,0.000484,0,0.004882,0.00192,0,0.017104,0.000417,0,0.00431,0.000604,0,0.006123
"PH_ML_12.sorted.bam","12","ML",0.692215,0.655813,0.732991,0.00424,1e-06,0.020364,0.300806,0.260827,0.334711,0.001428,0,0.008037,0.00131,0,0.007337,0.46446,0.407109,0.526118,0.001517,0,0.014885,0.000866,0,0.009424,0.453046,0.374631,0.532982,0.004356,0,0.036255,0.071122,0.005513,0.114945,0.00058,0,0.006379,0.000427,0,0.004293,0.001061,0,0.011709,0.000258,0,0.002713,0.000365,0,0.004045,0.000449,0,0.004517,0.000906,0,0.010967,0.000272,0,0.002846,0.000315,0,0.003644
"PH_ML_1.sorted.bam","1","ML",0.664312,0.629083,0.701591,0.025429,0.004303,0.046059,0.305034,0.266094,0.339503,0.003941,0,0.02055,0.001284,0,0.006919,0.43824,0.388516,0.491919,0.001716,0,0.01601,0.00057,0,0.005796,0.449515,0.38012,0.514476,0.04728,1.8e-05,0.089894,0.053122,0,0.099924,0.000518,0,0.005331,0.000366,0,0.003835,0.006104,0,0.039604,0.000272,0,0.00282,0.000396,0,0.004209,0.000356,0,0.003807,0.000925,0,0.009743,0.000349,0,0.0036,0.000271,0,0.002932
"PH_ML_3.sorted.bam","3","ML",0.720767,0.69171,0.751252,0.001371,0,0.007743,0.27592,0.245491,0.304834,0.00079,0,0.004315,0.001152,0,0.006563,0.452701,0.39946,0.511693,0.000465,0,0.004807,0.00053,0,0.005165,0.534962,0.465439,0.593918,0.00067,0,0.006944,0.007509,0,0.043235,0.000297,0,0.00312,0.000277,0,0.002951,0.000357,0,0.004061,0.000212,0,0.002144,0.00041,0,0.004399,0.000271,0,0.003008,0.000832,0,0.008326,0.000227,0,0.002333,0.000282,0,0.00281
"PH_ML_4.sorted.bam","4","ML",0.663328,0.629324,0.702093,0.002852,0,0.014964,0.330436,0.290399,0.364132,0.001224,0,0.006809,0.00216,1e-06,0.010904,0.401196,0.347277,0.4567,0.000703,0,0.007558,0.001636,0,0.013563,0.522357,0.452203,0.591952,0.000811,0,0.008525,0.067647,0.016962,0.111523,0.000397,0,0.004172,0.000362,0,0.003856,0.000721,0,0.007694,0.000318,0,0.003587,0.000806,0,0.008491,0.000556,0,0.006024,0.001689,0,0.017487,0.00033,0,0.003436,0.000469,0,0.004858
"PH_ML_5.sorted.bam","5","ML",0.693474,0.657781,0.731074,0.001667,0,0.009421,0.302851,0.264973,0.337931,0.00098,0,0.00534,0.001027,0,0.006195,0.42324,0.366819,0.483416,0.00051,0,0.00535,0.000412,0,0.004338,0.539121,0.457415,0.621123,0.00148,0,0.014432,0.032013,0,0.085164,0.00046,0,0.004786,0.000298,0,0.003245,0.00056,0,0.005899,0.000206,0,0.002222,0.000377,0,0.003867,0.000221,0,0.002258,0.000513,0,0.005193,0.000231,0,0.002535,0.000356,0,0.003972
"PH_ML_6.sorted.bam","6","ML",0.68633,0.652285,0.724303,0.002501,0,0.013149,0.308546,0.271442,0.341788,0.001781,0,0.010268,0.000842,0,0.004676,0.44286,0.383225,0.507836,0.000854,0,0.009184,0.000516,0,0.005739,0.484995,0.404662,0.562098,0.002375,0,0.020817,0.063932,0.025124,0.104333,0.000764,0,0.009327,0.000428,0,0.004843,0.001473,0,0.015874,0.000347,0,0.003839,0.000328,0,0.003492,0.000313,0,0.003319,0.000385,0,0.004315,0.000203,0,0.002217,0.000227,0,0.002452
"PH_ML_8.sorted.bam","8","ML",0.520771,0.490524,0.551894,0.020016,0.00054,0.046198,0.389628,0.360869,0.41672,0.027436,0.000566,0.054881,0.042149,0.021604,0.064149,0.14492,0.090359,0.200179,0.020143,0,0.081975,0.002098,0,0.017763,0.682692,0.615432,0.741282,0.012272,0,0.065728,0.000317,0,0.003095,0.01328,0,0.075167,0.001183,0,0.012052,0.038599,0,0.104939,0.000525,0,0.005808,0.035586,0,0.102932,0.002237,0,0.021334,0.04506,0,0.114331,0.00076,0,0.007979,0.000328,0,0.003271
"PH_OF_10.sorted.bam","10","OF",0.001445,0,0.007646,0.002375,0,0.012332,0.465081,0.437775,0.492267,0.447418,0.414401,0.481223,0.083681,0.054305,0.112425,0.000456,0,0.004935,0.000453,0,0.004534,0.001074,0,0.009814,0.000581,0,0.006189,0.000928,0,0.009381,0.086106,0.042764,0.131512,0.000424,0,0.004607,0.000642,0,0.00744,0.600704,0.529972,0.674124,0.14575,0.104782,0.187786,0.00052,0,0.00539,0.000579,0,0.005989,0.155737,0.079867,0.217754,0.001566,0,0.017929,0.00448,0,0.041294
"PH_OF_11.sorted.bam","11","OF",0.006013,1e-06,0.024668,0.012576,0.000191,0.032292,0.515708,0.485955,0.544722,0.381833,0.347226,0.417379,0.08387,0.053782,0.116516,0.002957,0,0.020594,0.001081,0,0.01215,0.010375,0,0.031082,0.001402,0,0.013402,0.001165,0,0.012973,0.166785,0.118003,0.213183,0.001966,0,0.020468,0.001109,0,0.012085,0.560207,0.480794,0.645407,0.099315,0.054415,0.142913,0.001663,0,0.016515,0.001046,0,0.011678,0.135073,0.052862,0.206794,0.001754,0,0.01773,0.014101,0,0.059487
"PH_OF_12.sorted.bam","12","OF",0.028776,0.008505,0.05232,0.001976,0,0.01042,0.484505,0.456715,0.510773,0.430021,0.395503,0.464276,0.054722,0.025865,0.08533,0.014449,0,0.037975,0.000643,0,0.006909,0.000694,0,0.007524,0.025432,0,0.085339,0.00071,0,0.007644,0.114347,0.067515,0.159076,0.000921,0,0.010845,0.000691,0,0.007243,0.694252,0.600738,0.772302,0.080511,0.039446,0.129846,0.001659,0,0.017233,0.00052,0,0.005782,0.019923,0,0.111207,0.003157,0,0.028352,0.042093,0,0.079483
"PH_OF_3.sorted.bam","3","OF",0.012655,1.2e-05,0.036469,0.003465,0,0.016018,0.501597,0.474642,0.5296,0.408845,0.373109,0.445312,0.073438,0.047766,0.100677,0.004345,0,0.025788,0.001151,0,0.011506,0.001282,0,0.011886,0.011259,0,0.064449,0.001347,0,0.014098,0.14728,0.0978,0.191854,0.000926,0,0.009807,0.000769,0,0.008096,0.561304,0.487786,0.635652,0.126242,0.086747,0.164728,0.003284,0,0.030804,0.001098,0,0.011024,0.134722,0.079796,0.192279,0.002209,0,0.02706,0.002781,0,0.02753
"PH_OF_4.sorted.bam","4","OF",0.003336,1e-06,0.014697,0.002412,0,0.012261,0.501081,0.472813,0.527828,0.450992,0.416189,0.485458,0.042179,0.013594,0.07094,0.000585,0,0.006516,0.000733,0,0.007432,0.000501,0,0.006044,0.001397,0,0.015367,0.001552,0,0.015142,0.15776,0.108466,0.20484,0.001859,0,0.018361,0.000936,0,0.010025,0.62649,0.541391,0.715558,0.135645,0.092017,0.179502,0.001512,0,0.014655,0.000602,0,0.006749,0.057203,0,0.12962,0.001409,0,0.014709,0.011816,0,0.050342
"PH_OF_5.sorted.bam","5","OF",0.009844,1e-05,0.031662,0.001625,0,0.009165,0.505232,0.474697,0.534274,0.411931,0.374915,0.447486,0.071368,0.044232,0.1014,0.005453,0,0.027247,0.000858,0,0.008351,0.000345,0,0.003494,0.004339,0,0.034667,0.000641,0,0.00684,0.183706,0.134542,0.233002,0.001864,0,0.017312,0.000539,0,0.005391,0.514744,0.430975,0.603391,0.151352,0.100924,0.200266,0.001722,0,0.01833,0.000521,0,0.005698,0.123327,0.027523,0.191868,0.004011,0,0.036382,0.006577,0,0.04941
"PH_OF_6.sorted.bam","6","OF",0.049117,0.027297,0.072596,0.00423,1e-06,0.018791,0.465569,0.43798,0.490691,0.364243,0.330076,0.39762,0.116841,0.087315,0.144906,0.000216,0,0.002137,0.000509,0,0.00545,0.000243,0,0.002662,0.059449,0,0.129361,0.001864,0,0.017597,0.000323,0,0.00323,0.002505,0,0.021629,0.001446,0,0.012496,0.699867,0.622458,0.773161,0.000843,0,0.009101,0.035339,0,0.107629,0.004154,0,0.031773,0.169311,0.104911,0.23321,0.022981,0,0.082195,0.000948,0,0.010004
"PH_OF_7.sorted.bam","7","OF",0.047382,0.026013,0.068103,0.004862,1e-06,0.022665,0.447195,0.42602,0.466345,0.335141,0.310641,0.360957,0.165421,0.141557,0.18945,9.9e-05,0,0.001066,0.000378,0,0.003771,0.000123,0,0.001343,0.000359,0,0.00391,0.001278,0,0.014246,0.000123,0,0.001302,0.000683,0,0.007527,0.001118,0,0.011593,0.664901,0.616144,0.71312,0.000271,0,0.002732,0.093146,0.051043,0.134846,0.006704,0,0.043146,0.227606,0.168037,0.285388,0.003037,0,0.030765,0.000175,0,0.00179
"PH_PC_10.sorted.bam","10","PC",0.004078,1e-06,0.018528,0.032389,0.006093,0.058762,0.478656,0.45155,0.504806,0.480309,0.44741,0.513984,0.004568,1e-06,0.020101,0.001886,0,0.014629,0.002181,0,0.021975,0.017818,0,0.052053,0.000936,0,0.010081,0.01927,0,0.089402,0.129229,0.085102,0.171153,0.000546,0,0.005636,0.00673,0,0.064441,0.674608,0.595875,0.744094,0.138707,0.093154,0.18632,0.000722,0,0.007541,0.000961,0,0.010824,0.004041,0,0.035383,0.00132,0,0.013951,0.001046,0,0.009807
"PH_PC_11.sorted.bam","11","PC",0.006402,3e-06,0.023464,0.038074,0.014251,0.065177,0.483104,0.455743,0.509297,0.463423,0.430841,0.496149,0.008997,6e-06,0.030342,0.001111,0,0.010378,0.002313,0,0.023882,0.01962,0,0.048799,0.006519,0,0.04033,0.032383,0,0.102454,0.096668,0.053146,0.139843,7e-04,0,0.006843,0.001127,0,0.011718,0.730889,0.659025,0.800231,0.09612,0.058753,0.134496,0.001049,0,0.011209,0.001085,0,0.011259,0.003083,0,0.028068,0.001892,0,0.017721,0.005443,0,0.027799
"PH_PC_12.sorted.bam","12","PC",0.002807,0,0.012563,0.027548,0.003688,0.052453,0.480884,0.454013,0.507556,0.474981,0.441817,0.506303,0.013781,2.7e-05,0.035274,0.001021,0,0.009804,0.001527,0,0.015065,0.012005,0,0.042031,0.000743,0,0.008586,0.026578,0,0.090824,0.144726,0.103171,0.185691,0.000629,0,0.007055,0.001193,0,0.012677,0.634824,0.55456,0.70303,0.155926,0.115238,0.195969,0.000672,0,0.007427,0.001786,0,0.020278,0.01017,0,0.059632,0.001463,0,0.015387,0.006735,0,0.028132
"PH_PC_1.sorted.bam","1","PC",0.004777,1e-06,0.024169,0.037578,0.006306,0.065953,0.506407,0.477569,0.532695,0.448348,0.414672,0.480829,0.002891,1e-06,0.013222,0.000638,0,0.006791,0.000929,0,0.010681,0.003752,0,0.028724,0.005478,0,0.046031,0.064277,0,0.1248,0.143618,0.094424,0.190616,0.001104,0,0.010649,0.001546,0,0.01552,0.654322,0.579807,0.735413,0.119075,0.080064,0.158835,0.000766,0,0.008994,9e-04,0,0.00849,0.001501,0,0.01567,0.001575,0,0.016169,0.00052,0,0.005779
"PH_PC_2.sorted.bam","2","PC",0.003781,1e-06,0.015528,0.045349,0.023208,0.068833,0.506949,0.477509,0.532912,0.437743,0.405392,0.471311,0.006177,3e-06,0.02366,0.000706,0,0.007617,0.000881,0,0.008867,0.000534,0,0.00547,0.001559,0,0.015467,0.086056,0.03948,0.133815,0.117771,0.070934,0.162373,0.001514,0,0.01466,0.001803,0,0.017128,0.684902,0.6158,0.752855,0.092747,0.058687,0.127551,0.002197,0,0.019038,0.00089,0,0.008876,0.00584,0,0.041431,0.001773,0,0.018339,0.000827,0,0.00852
"PH_PC_3.sorted.bam","3","PC",0.002761,0,0.013941,0.041841,0.021487,0.062179,0.487922,0.464453,0.499774,0.386632,0.35898,0.416723,0.080844,0.060209,0.102291,0.000198,0,0.00192,0.000413,0,0.004252,0.000566,0,0.005663,0.00118,0,0.012578,0.069919,5e-06,0.116745,0.000193,0,0.002046,0.000769,0,0.008,0.005058,0,0.033318,0.759321,0.703591,0.820502,0.001115,0,0.011238,0.002764,0,0.023951,0.007159,0,0.05796,0.145038,0.09312,0.190516,0.005886,0,0.039033,0.000421,0,0.004509
"PH_PC_4.sorted.bam","4","PC",0.006716,5e-06,0.02336,0.058572,0.034179,0.083276,0.459287,0.44284,0.477144,0.441811,0.410568,0.472756,0.033614,0.00714,0.057605,0.000877,0,0.009565,0.002158,0,0.018997,0.001624,0,0.014397,0.004458,0,0.033083,0.108768,0.05599,0.158357,0.00424,0,0.033074,0.001648,0,0.016436,0.001556,0,0.016715,0.736572,0.67024,0.803402,0.07161,0.043417,0.101683,0.003412,0,0.031126,0.001415,0,0.014781,0.060298,0,0.108209,0.000626,0,0.006758,0.000738,0,0.007388
"PH_PC_5.sorted.bam","5","PC",0.026114,0.002728,0.04957,0.030326,0.002187,0.056017,0.494719,0.46824,0.521541,0.434738,0.400623,0.467115,0.014104,6.4e-05,0.036999,0.002302,0,0.021753,0.003581,0,0.036993,0.001987,0,0.019012,0.041802,0,0.093435,0.047681,0,0.105141,0.119508,0.070213,0.166571,0.001567,0,0.016324,0.00308,0,0.02946,0.647348,0.57269,0.723203,0.107649,0.069045,0.145274,0.000673,0,0.006893,0.002334,0,0.025263,0.013589,0,0.060503,0.002182,0,0.021139,0.004715,0,0.028492
"PH_PC_6.sorted.bam","6","PC",0.002856,0,0.014367,0.050016,0.024975,0.073129,0.50652,0.478858,0.5329,0.431593,0.399686,0.462923,0.009015,4e-06,0.031094,0.000692,0,0.006905,0.000991,0,0.009871,0.001994,0,0.01996,0.001546,0,0.0153,0.092035,0.016008,0.141261,0.156481,0.115515,0.197968,0.000684,0,0.006348,0.001384,0,0.015453,0.604167,0.537772,0.674347,0.127939,0.089918,0.166607,0.001108,0,0.010271,0.001634,0,0.015918,0.002329,0,0.023802,0.001071,0,0.011574,0.005944,0,0.028853
"PH_PC_7.sorted.bam","7","PC",0.068224,0.047754,0.091698,0.094347,0.072287,0.117038,0.447217,0.427273,0.467369,0.338007,0.312809,0.360967,0.052205,0.03238,0.072251,0.000124,0,0.001357,0.000677,0,0.006902,0.000167,0,0.001683,0.033216,0,0.096097,0.185993,0.139643,0.231714,0.000121,0,0.001299,0.001093,0,0.011879,0.000519,0,0.005029,0.673593,0.62387,0.718481,0.000209,0,0.002338,0.101214,0.059098,0.141047,0.00117,0,0.013516,0.001389,0,0.013738,0.00039,0,0.004193,0.000123,0,0.001292
"PH_PC_8.sorted.bam","8","PC",0.005241,2e-06,0.021711,0.052527,0.029108,0.07803,0.477483,0.450483,0.502718,0.430478,0.395653,0.465607,0.034271,0.011196,0.058608,0.00101,0,0.009461,0.002519,0,0.025535,0.04705,0.020119,0.074268,0.004156,0,0.036861,0.005552,0,0.053127,0.103326,0.059706,0.145585,0.000772,0,0.008101,0.001284,0,0.01356,0.685911,0.611758,0.756551,0.085993,0.050622,0.123101,0.001014,0,0.011509,0.0016,0,0.015584,0.052695,0,0.107188,0.001004,0,0.010272,0.006114,0,0.033685
"PH_PC_9.sorted.bam","9","PC",0.004047,1e-06,0.018143,0.045311,0.023993,0.068706,0.484368,0.45704,0.511055,0.441626,0.410733,0.473956,0.024648,0.005696,0.044741,0.002094,0,0.015529,0.001283,0,0.013711,0.041216,0.017379,0.064775,0.001198,0,0.012625,0.004797,0,0.041902,0.124587,0.083401,0.165742,0.000758,0,0.008036,0.001137,0,0.012361,0.711626,0.654478,0.76814,0.08425,0.049618,0.124364,0.000668,0,0.007076,0.000972,0,0.010806,0.001942,0,0.020079,0.001231,0,0.01282,0.022242,1.6e-05,0.043401
"PH_PR_11.sorted.bam","11","PR",0.00179,0,0.010363,0.000874,0,0.004886,0.401877,0.368351,0.433118,0.058291,0.031571,0.088624,0.537168,0.501589,0.57075,0.000695,0,0.006842,0.000268,0,0.002803,0.000254,0,0.002761,0.000886,0,0.009114,0.000451,0,0.004519,0.052922,0,0.100496,0.000624,0,0.006447,0.000249,0,0.002708,0.051071,0,0.143717,0.031853,0,0.073565,0.000412,0,0.00428,0.000273,0,0.002818,0.645502,0.550213,0.732408,0.00093,0,0.008257,0.21361,0.159668,0.268802
"PH_PR_12.sorted.bam","12","PR",0.009879,2.4e-05,0.029106,0.001837,0,0.008857,0.418857,0.377274,0.451674,0.015373,8e-06,0.043192,0.554055,0.52006,0.593921,0.005022,0,0.023124,0.000691,0,0.007484,0.000609,0,0.006044,0.006695,0,0.042959,0.00067,0,0.006982,0.087496,0.002567,0.136938,0.001386,0,0.01384,0.000555,0,0.005979,0.025376,0,0.081832,0.001299,0,0.014596,0.00094,0,0.009877,0.000539,0,0.005625,0.62998,0.552849,0.707856,0.00083,0,0.008173,0.237911,0.19539,0.283419
"PH_PR_1.sorted.bam","1","PR",0.002601,0,0.0137,0.000973,0,0.005193,0.435064,0.403044,0.466211,0.019384,6.7e-05,0.046364,0.541979,0.507442,0.577738,0.000695,0,0.007047,0.000273,0,0.003034,0.000279,0,0.002859,0.00226,0,0.021351,0.000511,0,0.004993,0.069725,0.009677,0.118904,0.000712,0,0.007756,0.000293,0,0.003093,0.017044,0,0.080792,0.009118,0,0.037311,0.000567,0,0.005797,0.000309,0,0.003305,0.710863,0.622536,0.789123,0.002483,0,0.027264,0.184867,0.134885,0.237609
"PH_PR_2.sorted.bam","2","PR",0.002165,0,0.011868,0.000767,0,0.004447,0.41063,0.384003,0.438759,0.091488,0.064685,0.119928,0.49495,0.461415,0.528745,0.001247,0,0.009445,0.000209,0,0.002114,2e-04,0,0.002128,0.000908,0,0.009504,0.000429,0,0.004512,0.010904,0,0.05826,4e-04,0,0.004141,0.000231,0,0.002506,0.180434,0.125429,0.237849,0.000645,0,0.006863,0.000319,0,0.003362,0.000266,0,0.002974,0.617679,0.541858,0.689274,0.000619,0,0.007283,0.185508,0.143434,0.231896
"PH_PR_3.sorted.bam","3","PR",0.001521,0,0.008737,0.001046,0,0.006061,0.420897,0.384993,0.453417,0.038382,0.008043,0.068401,0.538154,0.501655,0.575573,0.000412,0,0.004491,0.000227,0,0.002301,0.000287,0,0.003131,0.000949,0,0.00998,0.000524,0,0.005698,0.079824,0.02652,0.128969,0.000581,0,0.006079,0.000288,0,0.003082,0.056021,0,0.12225,0.008203,0,0.041727,0.00046,0,0.005011,0.000478,0,0.005341,0.624652,0.542869,0.702826,0.003468,0,0.032359,0.223625,0.172194,0.274311
"PH_PR_4.sorted.bam","4","PR",0.002027,0,0.010216,0.001588,0,0.008873,0.447641,0.415651,0.477046,0.005526,1e-06,0.025787,0.543218,0.512786,0.574536,0.000324,0,0.0035,0.000494,0,0.005132,0.000307,0,0.003015,0.001757,0,0.016132,0.001379,0,0.013828,0.066799,0.009334,0.109366,0.000606,0,0.006384,0.000307,0,0.003161,0.007539,0,0.049037,0.000902,0,0.009221,0.000551,0,0.005805,0.000383,0,0.003906,0.751009,0.68817,0.818369,0.000796,0,0.00803,0.166849,0.126835,0.207482
"PH_PR_5.sorted.bam","5","PR",0.002055,0,0.010837,0.001575,0,0.008677,0.422608,0.389421,0.454298,0.048045,0.023654,0.072408,0.525717,0.492954,0.560945,0.000547,0,0.005823,0.000389,0,0.004095,0.000568,0,0.005694,0.001341,0,0.012972,0.000681,0,0.006844,0.078091,0.036548,0.122179,0.000637,0,0.006629,0.000583,0,0.006215,0.090289,0.039335,0.140688,0.001921,0,0.017429,0.000649,0,0.006961,0.000363,0,0.003771,0.596723,0.521262,0.668512,0.000738,0,0.007526,0.22648,0.182733,0.273841
"PH_PR_6.sorted.bam","6","PR",0.001179,0,0.006518,0.000693,0,0.004147,0.405456,0.367553,0.43846,0.05571,0.029989,0.083289,0.536962,0.503239,0.574558,0.000415,0,0.004217,0.000191,0,0.001947,0.000173,0,0.001881,0.000677,0,0.007543,0.000345,0,0.003673,0.045809,0,0.097787,0.000307,0,0.003208,0.000274,0,0.002868,0.104554,0.048902,0.160115,0.002656,0,0.021475,0.000352,0,0.003657,0.00023,0,0.002237,0.613717,0.539385,0.689575,0.000974,0,0.009855,0.229326,0.184242,0.275208
"PH_PR_8.sorted.bam","8","PR",0.002452,0,0.012904,0.001432,0,0.008315,0.427161,0.390071,0.461468,0.042218,0.014025,0.068135,0.526737,0.491939,0.5617,0.000915,0,0.009349,0.000316,0,0.003359,0.000505,0,0.005472,0.001426,0,0.014553,0.000658,0,0.006444,0.092463,0.037519,0.141774,0.000735,0,0.007756,0.000561,0,0.005822,0.065222,0,0.129017,0.008173,0,0.045765,0.000597,0,0.006411,0.000319,0,0.003412,0.60209,0.521883,0.690395,0.001573,0,0.017834,0.224448,0.170897,0.272114
"PH_PT_12.sorted.bam","12","PT",0.006732,4e-06,0.024779,0.050439,0.024563,0.078308,0.464849,0.434214,0.49409,0.214502,0.178221,0.252292,0.263478,0.229455,0.300083,0.000627,0,0.005938,0.001825,0,0.017115,0.018705,0,0.056994,0.007093,0,0.044506,0.057213,0,0.13445,0.093558,0.044121,0.142519,0.001443,0,0.014423,0.002762,0,0.0307,0.386004,0.292199,0.473003,0.018507,0,0.068783,0.001848,0,0.019188,0.001668,0,0.016552,0.292271,0.209415,0.37902,0.001779,0,0.018337,0.114695,0.071198,0.162281
"PH_PT_2.sorted.bam","2","PT",0.00267,1e-06,0.013113,0.056619,0.030082,0.085527,0.490675,0.459317,0.520142,0.202376,0.167605,0.238265,0.24766,0.216821,0.279623,0.000448,0,0.004923,0.000994,0,0.009687,0.041752,0,0.073463,0.002009,0,0.019145,0.026066,0,0.104987,0.11392,0.065908,0.160478,0.00048,0,0.004785,0.001634,0,0.019104,0.362242,0.267052,0.440942,0.019389,0,0.06787,0.000961,0,0.01004,0.001042,0,0.010275,0.363192,0.28624,0.435906,0.001618,0,0.016961,0.064253,0.02804,0.103987
"PH_PT_9.sorted.bam","9","PT",0.00505,1e-06,0.021452,0.052348,0.026086,0.080175,0.495807,0.464538,0.525211,0.202342,0.165742,0.239549,0.244452,0.212002,0.278151,0.003171,0,0.018973,0.000626,0,0.00667,0.042849,0.000458,0.074186,0.001914,0,0.019246,0.016426,0,0.096664,0.167227,0.117635,0.213616,0.000724,0,0.007896,0.001033,0,0.011153,0.340239,0.249657,0.419867,0.03095,0,0.078603,0.000494,0,0.005615,0.000913,0,0.009421,0.298581,0.219094,0.38119,0.000788,0,0.008633,0.094065,0.051874,0.138235
"PH_SB_10.sorted.bam","10","SB",0.026235,0.006286,0.04664,0.12574,0.100739,0.152197,0.456191,0.43149,0.477164,0.365782,0.336467,0.396272,0.026052,0.007505,0.044817,0.000472,0,0.004767,0.002655,0,0.027561,0.001217,0,0.012749,0.008019,0,0.057737,0.210398,0.146497,0.271322,0.000384,0,0.004073,0.007984,0,0.055439,0.026412,0,0.088104,0.689175,0.633225,0.742994,0.002759,0,0.023346,0.032868,0,0.074504,0.009579,0,0.069022,0.004022,0,0.035874,0.002473,0,0.024646,0.001581,0,0.013881
"PH_SB_1.sorted.bam","1","SB",0.003831,1e-06,0.018728,0.039685,0.021767,0.058936,0.457034,0.436653,0.475503,0.347158,0.32308,0.371649,0.152292,0.128796,0.175944,0.000173,0,0.001949,0.000507,0,0.005504,0.000188,0,0.002088,0.000713,0,0.008127,0.00125,0,0.012125,0.000117,0,0.001188,0.001231,0,0.012972,0.001273,0,0.013634,0.689781,0.641708,0.736619,0.000372,0,0.003803,0.004865,0,0.034755,0.075963,0.038289,0.115434,0.222091,0.165178,0.27741,0.001286,0,0.012127,0.000189,0,0.002065
"PH_SB_2.sorted.bam","2","SB",0.003355,1e-06,0.016052,0.005611,2e-06,0.024838,0.514845,0.483099,0.542945,0.474259,0.443232,0.504899,0.00193,0,0.01044,0.001202,0,0.011988,0.001432,0,0.014725,0.002637,0,0.022922,0.001161,0,0.01275,0.00235,0,0.023515,0.190215,0.143507,0.235085,0.001318,0,0.014052,0.001573,0,0.01613,0.645012,0.582306,0.705858,0.150065,0.11103,0.190451,0.000396,0,0.004184,0.000594,0,0.006208,0.000737,0,0.007714,0.000485,0,0.005508,0.000824,0,0.008499
"PH_SB_3.sorted.bam","3","SB",0.003093,1e-06,0.014225,0.003704,1e-06,0.019813,0.511207,0.482167,0.539397,0.479002,0.447609,0.508779,0.002994,0,0.01557,0.000865,0,0.008759,0.000788,0,0.00876,0.000734,0,0.007769,0.001638,0,0.01664,0.00297,0,0.032416,0.136118,0.087382,0.187021,0.001325,0,0.013567,0.001465,0,0.016631,0.744013,0.666469,0.815035,0.105092,0.0596,0.1485,0.000705,0,0.007762,0.000716,0,0.007498,0.001559,0,0.017222,0.001016,0,0.01184,0.000996,0,0.009855
"PH_SB_4.sorted.bam","4","SB",0.003529,1e-06,0.0175,0.033013,0.008359,0.058656,0.462505,0.434142,0.489669,0.499831,0.468181,0.533358,0.001123,0,0.006079,0.00118,0,0.011703,0.001484,0,0.014566,0.01384,0,0.04581,0.001922,0,0.020608,0.035134,0,0.099924,0.100352,0.057601,0.139647,0.000922,0,0.009664,0.001209,0,0.012086,0.686754,0.613563,0.760188,0.155241,0.112856,0.198718,0.000369,0,0.003851,0.000518,0,0.005252,0.000496,0,0.005704,0.000295,0,0.003113,0.000284,0,0.002893
"PH_SB_6.sorted.bam","6","SB",0.043628,0.014941,0.068773,0.022636,0.000212,0.05094,0.440334,0.421603,0.457834,0.491928,0.461733,0.522616,0.001473,0,0.007594,0.0013,0,0.014735,0.002848,0,0.028741,0.001138,0,0.011554,0.079427,0.010422,0.129727,0.037289,0,0.097092,0.003023,0,0.026749,0.001829,0,0.019458,0.002352,0,0.022437,0.757287,0.692985,0.822202,0.1109,0.075582,0.14598,0.000553,0,0.005733,0.000506,0,0.005017,0.000621,0,0.006607,0.000589,0,0.005839,0.000339,0,0.003532
"PH_SB_7.sorted.bam","7","SB",0.001725,0,0.011407,0.0036,1e-06,0.018303,0.523403,0.49866,0.546918,0.47018,0.444195,0.495889,0.001092,0,0.005693,0.000275,0,0.002968,0.000295,0,0.003059,0.001211,0,0.011396,0.001735,0,0.018935,0.001943,0,0.020861,0.149754,0.109988,0.190603,0.000616,0,0.006499,0.002163,0,0.020861,0.743018,0.681936,0.803705,0.097073,0.061471,0.132581,0.000253,0,0.002811,0.000377,0,0.003983,0.000602,0,0.006435,0.000417,0,0.004684,0.000268,0,0.002737
"PH_SB_9.sorted.bam","9","SB",0.018601,0.000127,0.043606,0.065612,0.040444,0.091606,0.465068,0.436612,0.490402,0.394167,0.360822,0.429248,0.056552,0.03435,0.081739,0.000305,0,0.003208,0.009163,0,0.0578,0.001171,0,0.009486,0.004647,0,0.03908,0.086399,0,0.148234,0.00033,0,0.003659,0.00464,0,0.042664,0.009692,0,0.058347,0.770156,0.687282,0.848128,0.000702,0,0.007732,0.018142,0,0.080996,0.023627,0,0.10001,0.068273,0,0.141938,0.002443,0,0.025907,0.00031,0,0.002986
"PH_SC_10.sorted.bam","10","SC",0.029049,0.008244,0.049855,0.019217,0.001223,0.03914,0.455278,0.430982,0.476118,0.287652,0.255996,0.319375,0.208804,0.177641,0.239576,0.000536,0,0.00586,0.00185,0,0.020324,0.000898,0,0.008717,0.018488,0,0.072284,0.013727,0,0.065318,0.000637,0,0.006687,0.003608,0,0.035627,0.009255,0,0.050951,0.547418,0.473956,0.617489,0.0021,0,0.02454,0.033082,0,0.087582,0.011807,0,0.060705,0.329647,0.254682,0.400162,0.010822,0,0.071181,0.016124,0,0.056183
"PH_SC_11.sorted.bam","11","SC",0.001478,0,0.008202,0.001247,0,0.006755,0.454422,0.412968,0.489259,0.317052,0.278188,0.356771,0.225801,0.18777,0.267564,0.000399,0,0.004285,0.00031,0,0.003384,0.000442,0,0.00456,0.000674,0,0.007051,0.000515,0,0.005795,0.107929,0.046485,0.165567,0.000692,0,0.007351,0.000419,0,0.004188,0.465131,0.368586,0.563309,0.077596,0.018269,0.141209,0.000484,0,0.005161,0.000366,0,0.003877,0.226668,0.130254,0.320993,0.01267,0,0.10704,0.105707,0.042124,0.168323
"PH_SC_12.sorted.bam","12","SC",0.001898,0,0.009057,0.000902,0,0.004752,0.466968,0.43652,0.495639,0.35372,0.317326,0.39039,0.176513,0.142047,0.21303,0.000798,0,0.006925,0.000355,0,0.003677,0.000263,0,0.002742,0.000889,0,0.008949,0.000449,0,0.004742,0.111951,0.060813,0.158691,0.000497,0,0.005183,0.00023,0,0.002677,0.456533,0.36695,0.546103,0.124383,0.0786,0.175315,0.000458,0,0.0048,0.000244,0,0.002578,0.252163,0.162044,0.341592,0.001413,0,0.014534,0.049375,0.002245,0.095896
"PH_SC_1.sorted.bam","1","SC",0.001737,0,0.009917,0.000797,0,0.004208,0.41826,0.393739,0.447454,0.356847,0.324337,0.390123,0.222359,0.188297,0.256237,0.000498,0,0.005107,0.000238,0,0.00245,0.000203,0,0.002246,0.001036,0,0.01083,0.000313,0,0.003246,0.017162,0,0.068673,0.000556,0,0.006236,0.000318,0,0.003321,0.474734,0.39671,0.546928,0.11849,0.078256,0.162547,0.00065,0,0.006583,0.000318,0,0.003297,0.326113,0.253388,0.401226,0.001105,0,0.012139,0.058266,0.015462,0.097748
"PH_SC_2.sorted.bam","2","SC",0.001091,0,0.006197,0.000698,0,0.004257,0.488026,0.454932,0.520001,0.301999,0.26585,0.338393,0.208186,0.173914,0.241788,0.000483,0,0.004615,0.000183,0,0.001909,0.000199,0,0.002188,0.000423,0,0.004533,0.000418,0,0.004339,0.268435,0.224878,0.313618,0.000317,0,0.003161,0.000184,0,0.001991,0.29522,0.219159,0.385424,0.153856,0.111687,0.199701,0.000292,0,0.003095,0.000214,0,0.002345,0.143123,0.04076,0.22404,0.000566,0,0.006024,0.136089,0.092017,0.191415
"PH_SC_3.sorted.bam","3","SC",0.041319,0.019639,0.0629,0.005762,2e-06,0.023697,0.456337,0.436971,0.476003,0.31549,0.279788,0.350318,0.181092,0.148971,0.213653,0.000385,0,0.003897,0.000842,0,0.008627,0.000871,0,0.008636,0.077669,0.032852,0.121691,0.003987,0,0.0346,0.004008,0,0.034406,0.001662,0,0.017673,0.002801,0,0.026313,0.516229,0.414344,0.624226,0.053918,0,0.106004,0.001695,0,0.017594,0.002153,0,0.022006,0.306775,0.205853,0.388457,0.002453,0,0.027213,0.024554,0,0.081085
"PH_SC_7.sorted.bam","7","SC",0.004045,1e-06,0.017757,0.000905,0,0.005262,0.477276,0.448009,0.506922,0.331754,0.297187,0.367829,0.18602,0.1526,0.220458,0.002789,0,0.016184,0.00028,0,0.002959,0.000225,0,0.002368,0.000948,0,0.008976,0.000338,0,0.003195,0.100364,0.052195,0.149787,0.000674,0,0.007019,0.000402,0,0.004236,0.484302,0.396297,0.571091,0.087482,0.039967,0.137337,0.000611,0,0.006548,0.000341,0,0.003668,0.268236,0.175821,0.365282,0.003167,0,0.036988,0.049843,0,0.09983
"PH_SC_8.sorted.bam","8","SC",0.000966,0,0.005398,0.000864,0,0.005193,0.468417,0.437397,0.497406,0.343891,0.309273,0.378206,0.185862,0.152733,0.219675,0.000228,0,0.002215,2e-04,0,0.002055,0.000321,0,0.003405,0.000539,0,0.005593,0.000325,0,0.003228,0.124344,0.075974,0.171323,0.000405,0,0.00429,0.000309,0,0.003131,0.420398,0.342389,0.498268,0.132363,0.092102,0.176334,0.000333,0,0.003612,0.000252,0,0.002733,0.266884,0.188555,0.350205,0.001943,0,0.019918,0.051156,0.005968,0.09472
"PH_SC_9.sorted.bam","9","SC",0.008069,4e-06,0.027131,0.007871,4e-06,0.025397,0.453875,0.431514,0.475594,0.333004,0.299236,0.366636,0.197181,0.167752,0.227641,0.000952,0,0.009762,0.001242,0,0.012633,0.000769,0,0.00838,0.00767,0,0.044034,0.009106,0,0.04576,0.0047,0,0.039807,0.002317,0,0.020373,0.00151,0,0.018115,0.596205,0.51955,0.671824,0.009988,0,0.054451,0.003003,0,0.028381,0.002346,0,0.022923,0.285369,0.214307,0.355368,0.046,0,0.113645,0.028823,0,0.079656
"PH_SH_1.sorted.bam","1","SH",0.013069,9.5e-05,0.03496,0.325061,0.292413,0.357563,0.468301,0.434086,0.496635,0.190664,0.162988,0.222113,0.002906,1e-06,0.014812,0.006972,0,0.029408,0.002581,0,0.022806,0.137287,0.100043,0.177086,0.00622,0,0.041173,0.370628,0.305369,0.435359,0.093933,0.04396,0.138362,0.002219,0,0.021669,0.001559,0,0.01574,0.370614,0.310416,0.432901,0.003035,0,0.025669,0.001173,0,0.01185,0.00078,0,0.008675,0.001274,0,0.013393,0.000866,0,0.00878,0.00086,0,0.008696
"PH_SH_2.sorted.bam","2","SH",0.013115,1.2e-05,0.038604,0.335384,0.303136,0.367527,0.463493,0.436274,0.490939,0.183053,0.154821,0.212594,0.004954,1e-06,0.022084,0.008851,0,0.034584,0.003098,0,0.028889,0.153844,0.112191,0.193194,0.003501,0,0.037256,0.356826,0.291002,0.423813,0.11045,0.071394,0.152249,0.001135,0,0.011467,0.001438,0,0.015484,0.344459,0.27988,0.404368,0.008586,0,0.043941,0.000795,0,0.008391,0.001718,0,0.017477,0.001299,0,0.014797,0.001902,0,0.018568,0.002097,0,0.018816
"PH_SH_3.sorted.bam","3","SH",0.007334,3e-06,0.028451,0.363645,0.331384,0.395576,0.437872,0.412867,0.466466,0.180628,0.150537,0.20973,0.010522,2.2e-05,0.030906,6e-04,0,0.006415,0.000998,0,0.011569,0.128514,0.09128,0.167629,0.009747,0,0.049793,0.46739,0.393213,0.536037,0.019459,0,0.068218,0.000812,0,0.008788,0.000771,0,0.007815,0.357114,0.29573,0.415139,0.000568,0,0.005856,0.00191,0,0.017443,0.001102,0,0.011457,0.002575,0,0.02411,0.001423,0,0.015397,0.007017,0,0.027567
"PH_SH_5.sorted.bam","5","SH",0.001857,0,0.010003,0.340801,0.304376,0.377165,0.477208,0.44431,0.508915,0.163175,0.126276,0.197747,0.016959,5.3e-05,0.043039,0.000601,0,0.006537,0.00063,0,0.006391,0.169446,0.116538,0.221784,0.000745,0,0.007981,0.339332,0.249716,0.428079,0.194187,0.142464,0.245154,0.000592,0,0.006493,0.001458,0,0.01634,0.223636,0.133303,0.317978,0.049294,0,0.098531,0.000545,0,0.005635,0.00129,0,0.014164,0.00233,0,0.025461,0.002077,0,0.022597,0.013838,0,0.040897
"PH_SH_6.sorted.bam","6","SH",0.004457,1e-06,0.021447,0.29632,0.263683,0.328654,0.465124,0.443336,0.487915,0.184384,0.148319,0.219022,0.049715,0.021004,0.076241,0.000629,0,0.006278,0.001572,0,0.015879,0.042586,0,0.09543,0.002891,0,0.027203,0.482169,0.402215,0.560355,0.004678,0,0.040359,0.00124,0,0.013736,0.012795,0,0.088978,0.352086,0.25851,0.429269,0.000907,0,0.01,0.001953,0,0.016914,0.01093,0,0.075695,0.083748,0.014589,0.141885,0.000834,0,0.00906,0.000982,0,0.0116
"PH_SH_7.sorted.bam","7","SH",0.002609,0,0.015831,0.33574,0.299143,0.372756,0.459978,0.420155,0.492937,0.191869,0.158149,0.227592,0.009804,6e-06,0.032259,0.000897,0,0.009583,0.000698,0,0.006729,0.157848,0.111297,0.205409,0.00139,0,0.013057,0.35252,0.270033,0.437382,0.10148,0.022637,0.157592,0.000773,0,0.008699,0.001495,0,0.016766,0.361703,0.291488,0.436392,0.008336,0,0.046938,0.000562,0,0.006438,0.001072,0,0.011287,0.001383,0,0.014324,0.003095,0,0.02795,0.006748,0,0.029774
"PH_SL_10.sorted.bam","10","SL",0.005442,1e-06,0.020182,0.002203,0,0.011315,0.422565,0.397867,0.445892,0.003061,0,0.016978,0.566728,0.538363,0.592729,0.000336,0,0.003776,0.000722,0,0.007705,0.000251,0,0.002511,0.005297,0,0.035138,0.001897,0,0.018866,0.001212,0,0.013254,0.000842,0,0.009385,0.000453,0,0.004706,0.002949,0,0.02857,0.000377,0,0.00392,0.003351,0,0.026501,0.000832,0,0.008073,0.832564,0.776615,0.881108,0.001126,0,0.01178,0.147791,0.101439,0.195985
"PH_SL_11.sorted.bam","11","SL",0.003107,0,0.014356,0.005402,1e-06,0.023737,0.403635,0.371069,0.434877,0.008224,4e-06,0.029917,0.579632,0.547737,0.614027,0.000726,0,0.007984,0.000946,0,0.010141,0.002884,0,0.021724,0.001478,0,0.014605,0.002302,0,0.021479,0.0537,0.001978,0.0952,0.001592,0,0.015116,0.001037,0,0.010399,0.010812,0,0.055985,0.000763,0,0.00807,0.000747,0,0.007874,0.00075,0,0.008213,0.685278,0.614872,0.752458,0.001481,0,0.016063,0.235505,0.189389,0.284277
"PH_SL_12.sorted.bam","12","SL",0.000604,0,0.003443,0.00074,0,0.004547,0.370613,0.330749,0.403071,0.000497,0,0.002869,0.627546,0.595383,0.667706,0.000172,0,0.001731,0.000173,0,0.001795,0.000242,0,0.002416,0.000319,0,0.003063,0.000405,0,0.004038,0.104228,0.054508,0.146867,0.000122,0,0.001246,0.000145,0,0.001517,0.000284,0,0.003089,0.000131,0,0.001433,0.00025,0,0.002682,0.000273,0,0.002998,0.531762,0.466215,0.600174,0.000181,0,0.00193,0.361314,0.311198,0.415052
"PH_SL_1.sorted.bam","1","SL",0.001004,0,0.005494,0.002344,0,0.011875,0.39978,0.36828,0.432004,0.002104,0,0.012744,0.594769,0.562816,0.626862,0.000336,0,0.003518,0.000309,0,0.003229,0.001128,0,0.009242,0.000544,0,0.005511,0.001193,0,0.013107,0.026377,0,0.076499,0.000268,0,0.002706,0.000371,0,0.003743,0.00235,0,0.022611,0.00034,0,0.003458,0.000213,0,0.00227,0.000558,0,0.006146,0.742719,0.674182,0.803438,0.000539,0,0.00528,0.222754,0.178494,0.268811
"PH_SL_3.sorted.bam","3","SL",0.001321,0,0.00756,0.001047,0,0.006511,0.369537,0.329119,0.406107,0.000975,0,0.005479,0.627121,0.590248,0.667582,0.00046,0,0.004831,0.000272,0,0.003152,0.000302,0,0.003306,0.000802,0,0.008659,0.000616,0,0.006322,0.126761,0.080019,0.172918,0.000236,0,0.002557,0.000246,0,0.002662,0.000617,0,0.006207,0.000246,0,0.002527,0.000412,0,0.004349,0.000356,0,0.003681,0.483515,0.413776,0.557242,0.000358,0,0.004181,0.384801,0.327706,0.44161
"PH_SL_4.sorted.bam","4","SL",5e-04,0,0.002787,0.000591,0,0.003321,0.37286,0.329098,0.409617,0.000608,0,0.003559,0.625441,0.588745,0.669222,0.000138,0,0.00156,0.000149,0,0.001537,0.000161,0,0.00158,0.000259,0,0.002774,0.000326,0,0.003265,0.139246,0.090139,0.189577,0.000128,0,0.001401,0.000155,0,0.001634,0.000352,0,0.004124,0.00017,0,0.00176,0.000186,0,0.001839,0.000229,0,0.00242,0.46629,0.400615,0.531317,0.000243,0,0.002722,0.391968,0.342232,0.4503
"PH_SL_6.sorted.bam","6","SL",0.00127,0,0.006836,0.001889,0,0.01033,0.405422,0.370339,0.437206,0.005151,1e-06,0.026603,0.586268,0.552629,0.622,0.00037,0,0.003921,0.000373,0,0.0038,0.000328,0,0.003431,0.000676,0,0.007058,0.001397,0,0.015069,0.030379,0,0.076877,0.000369,0,0.003894,0.000616,0,0.006271,0.005909,0,0.04816,0.001328,0,0.013044,0.000381,0,0.004072,0.000737,0,0.00813,0.742105,0.673473,0.806784,0.000753,0,0.008111,0.214281,0.167863,0.262478
"PH_SL_8.sorted.bam","8","SL",0.039885,0.015075,0.062828,0.262266,0.231001,0.295056,0.424265,0.383988,0.461024,0.047748,0.021139,0.076852,0.225836,0.197788,0.253859,0.000109,0,0.001124,0.00042,0,0.004509,0.000123,0,0.001268,0.000906,0,0.00976,0.452113,0.384155,0.517916,0.000106,0,0.001085,0.000533,0,0.005567,0.000617,0,0.006786,0.09343,0.038756,0.153036,0.000133,0,0.001495,0.077693,0.028352,0.123886,0.071136,0,0.162835,0.301868,0.225662,0.369249,0.000651,0,0.007086,0.000162,0,0.00174
"PH_SL_9.sorted.bam","9","SL",0.001084,0,0.006164,0.001369,0,0.007614,0.408118,0.376837,0.440929,0.001965,0,0.011742,0.587463,0.554244,0.619482,0.000453,0,0.004593,0.000287,0,0.002754,0.000501,0,0.005129,0.000382,0,0.004047,0.000669,0,0.006887,0.025216,0,0.075593,0.000326,0,0.003247,0.000316,0,0.003467,0.001786,0,0.019753,0.000476,0,0.005159,0.000268,0,0.002856,0.000464,0,0.004943,0.762968,0.691708,0.825907,0.00055,0,0.005667,0.205338,0.159176,0.254625
"PH_TB_10.sorted.bam","10","TB",0.002709,0,0.014247,0.003573,1e-06,0.016896,0.46805,0.436599,0.498575,0.028452,0.004528,0.054748,0.497216,0.46194,0.532187,0.00065,0,0.007078,0.000713,0,0.007249,0.001022,0,0.009527,0.001466,0,0.015607,0.001644,0,0.016644,0.147308,0.09658,0.197848,0.000853,0,0.007986,0.001888,0,0.019141,0.032804,0,0.096688,0.00636,0,0.042246,0.001087,0,0.012546,0.000855,0,0.009673,0.60557,0.513011,0.689339,0.008641,0,0.059146,0.189139,0.134194,0.244168
"PH_TB_12.sorted.bam","12","TB",0.005667,2e-06,0.025338,0.001903,0,0.009798,0.4734,0.442892,0.502266,0.043904,0.018791,0.069892,0.475126,0.442137,0.510819,0.001074,0,0.010347,0.000669,0,0.006678,0.000431,0,0.004365,0.004894,0,0.041202,0.001066,0,0.011034,0.108294,0.059604,0.15422,0.002257,0,0.020745,0.000697,0,0.006762,0.042773,0,0.122782,0.020311,0,0.059161,0.001365,0,0.015171,0.000514,0,0.005293,0.681479,0.585355,0.77297,0.001459,0,0.014857,0.132717,0.079263,0.187035
"PH_TB_1.sorted.bam","1","TB",0.015327,2e-05,0.039844,0.012165,5e-06,0.036543,0.459977,0.422849,0.494191,0.01828,8e-06,0.054448,0.494251,0.455529,0.534175,0.002793,0,0.024063,0.002515,0,0.025266,0.001884,0,0.017756,0.018974,0,0.074283,0.016271,0,0.066766,0.150958,0.096086,0.200374,0.002631,0,0.027025,0.000708,0,0.007425,0.025211,0,0.10428,0.00275,0,0.025404,0.000948,0,0.010211,0.001066,0,0.011949,0.557582,0.467041,0.643186,0.002512,0,0.027207,0.213196,0.161044,0.266095
"PH_TB_2.sorted.bam","2","TB",0.011907,5.7e-05,0.030393,0.005471,2e-06,0.022193,0.46358,0.430728,0.492883,0.008628,2e-06,0.034894,0.510415,0.477195,0.547291,0.002315,0,0.018958,0.002186,0,0.018845,0.00224,0,0.019027,0.011119,0,0.052563,0.002893,0,0.025667,0.125135,0.07814,0.174202,0.001923,0,0.017765,0.000658,0,0.006719,0.011626,0,0.065703,0.000888,0,0.00961,0.003954,0,0.032418,0.000724,0,0.006979,0.651251,0.580923,0.722204,0.001271,0,0.014238,0.181815,0.135681,0.228731
"PH_TB_3.sorted.bam","3","TB",0.027972,0.004187,0.051955,0.004768,1e-06,0.020487,0.45243,0.417697,0.484757,0.03211,0.004634,0.057981,0.48272,0.448505,0.519041,0.011155,0,0.042318,0.002605,0,0.027948,0.001292,0,0.012492,0.026697,0,0.088335,0.002558,0,0.026071,0.130862,0.076614,0.183898,0.003448,0,0.035931,0.001046,0,0.011382,0.008873,0,0.073771,0.024449,0,0.054101,0.000885,0,0.008874,0.000744,0,0.007716,0.605008,0.522614,0.680543,0.001954,0,0.022737,0.178424,0.129759,0.227499
"PH_TB_4.sorted.bam","4","TB",0.003283,1e-06,0.018689,0.076968,0.055582,0.097604,0.42069,0.399315,0.441404,0.139165,0.11264,0.165484,0.359894,0.334052,0.385739,0.000151,0,0.001599,0.000366,0,0.004017,0.000133,0,0.001421,0.001236,0,0.011243,0.001457,0,0.015893,0.000151,0,0.001467,0.000834,0,0.008971,0.000594,0,0.0062,0.27541,0.2223,0.32869,0.000254,0,0.002872,0.003829,0,0.033131,0.151253,0.108962,0.192915,0.562975,0.501654,0.622661,0.000984,0,0.010546,0.000374,0,0.003787
"PH_TB_6.sorted.bam","6","TB",0.00397,1e-06,0.018317,0.005532,1e-06,0.024429,0.455831,0.412213,0.486009,0.041167,0.0167,0.067164,0.4935,0.460811,0.529888,0.001178,0,0.011574,0.000597,0,0.006226,0.001152,0,0.01127,0.003792,0,0.02992,0.006714,0,0.045667,0.07861,0,0.128985,0.000439,0,0.004935,0.000432,0,0.004761,0.080046,0.030341,0.131726,0.000422,0,0.004459,0.000755,0,0.00775,0.001016,0,0.011091,0.663889,0.592561,0.744477,0.000571,0,0.005712,0.160385,0.122797,0.199705
"PH_TB_7.sorted.bam","7","TB",0.002367,0,0.012477,0.105586,0.082242,0.129647,0.442863,0.417353,0.471729,0.006626,2e-06,0.025601,0.442557,0.411597,0.473518,0.000869,0,0.008269,0.000614,0,0.006413,0.001981,0,0.017308,0.000839,0,0.008796,0.200469,0.15071,0.249154,0.012258,0,0.059971,0.000724,0,0.00771,0.002717,0,0.022005,0.002141,0,0.024081,0.003265,0,0.02166,0.000819,0,0.008903,0.003411,0,0.0308,0.657761,0.58906,0.720669,0.00114,0,0.012674,0.110991,0.069346,0.155062
"PH_TB_8.sorted.bam","8","TB",0.002799,0,0.014531,0.008368,1.4e-05,0.02406,0.479052,0.446457,0.509948,0.03205,0.003714,0.058566,0.477731,0.442023,0.515035,0.001122,0,0.011062,0.000877,0,0.009091,0.005732,0,0.021067,0.001451,0,0.01474,0.002827,0,0.028375,0.166269,0.113919,0.215885,0.000547,0,0.006399,0.000826,0,0.008583,0.056722,0,0.113063,0.002358,0,0.019605,0.000479,0,0.005206,0.000742,0,0.00801,0.564567,0.482262,0.646007,0.001288,0,0.013995,0.194193,0.14941,0.238636
"PH_TB_9.sorted.bam","9","TB",0.16781,0.135861,0.198225,0.123808,0.097552,0.151219,0.401917,0.370638,0.434293,0.109612,0.078967,0.140386,0.196853,0.167635,0.226656,0.000174,0,0.001985,0.000509,0,0.004998,0.000167,0,0.001751,0.150001,0.080954,0.27409,0.236888,0.1034,0.299664,0.000181,0,0.001966,0.000827,0,0.008313,0.000266,0,0.002792,0.217285,0.155195,0.279382,0.000183,0,0.001938,0.183934,0.000134,0.253494,0.009618,0,0.149023,0.199297,0.129563,0.267889,0.000481,0,0.005459,0.000188,0,0.002104
"PH_WC_10.sorted.bam","10","WC",0.032006,0.009815,0.056251,0.052721,0.02656,0.078011,0.493117,0.462549,0.520753,0.380283,0.344905,0.413973,0.041873,0.02019,0.068578,0.001526,0,0.016086,0.001111,0,0.011251,0.000525,0,0.00561,0.038337,0,0.097199,0.100717,0.046369,0.152625,0.050984,0,0.105617,0.001174,0,0.012408,0.000822,0,0.008389,0.720974,0.644192,0.798111,0.009766,0,0.046131,0.020337,0,0.080555,0.001742,0,0.018355,0.024237,0,0.104224,0.018063,0,0.075437,0.009683,0,0.050553
"PH_WC_11.sorted.bam","11","WC",0.028083,0.001108,0.051994,0.036272,0.014163,0.063286,0.477514,0.456576,0.49486,0.406584,0.372043,0.441102,0.051546,0.026173,0.078451,0.000677,0,0.006693,0.001984,0,0.022699,0.002717,0,0.022589,0.044897,0,0.097286,0.054559,0,0.116828,0.003733,0,0.031772,0.00225,0,0.023458,0.004945,0,0.041005,0.765388,0.682378,0.86544,0.017083,0,0.052734,0.005681,0,0.065045,0.005621,0,0.057026,0.082718,0,0.147767,0.006419,0,0.043072,0.001326,0,0.013951
"PH_WC_1.sorted.bam","1","WC",0.009486,9e-06,0.027581,0.024845,0.00524,0.046951,0.476435,0.459936,0.490702,0.41369,0.384142,0.443226,0.075545,0.051217,0.099737,0.000842,0,0.008911,0.004464,0,0.036138,0.010406,0,0.036145,0.003474,0,0.032051,0.009755,0,0.059046,0.000942,0,0.010499,0.007684,0,0.042714,0.012325,0,0.057933,0.796223,0.733125,0.857144,0.003852,0,0.030637,0.001665,0,0.014918,0.002334,0,0.025368,0.141533,0.082395,0.193135,0.003444,0,0.030362,0.001056,0,0.010501
"PH_WC_2.sorted.bam","2","WC",0.030772,0.001667,0.060062,0.061803,0.03482,0.088989,0.483455,0.45921,0.512665,0.385037,0.349905,0.420367,0.038933,0.015934,0.064324,0.000953,0,0.010238,0.001097,0,0.011402,0.000513,0,0.005416,0.052131,0,0.115731,0.117665,0.064047,0.170772,0.026017,0,0.084333,0.002323,0,0.024022,0.000952,0,0.010123,0.733955,0.653897,0.802548,0.011569,0,0.046293,0.004087,0,0.042124,0.002867,0,0.027155,0.011125,0,0.073643,0.009707,0,0.059974,0.025041,0,0.056981
"PH_WC_3.sorted.bam","3","WC",0.011464,1.7e-05,0.032269,0.049722,0.021048,0.075052,0.470681,0.453702,0.487105,0.428169,0.399899,0.458974,0.039965,0.015889,0.064098,0.003973,0,0.023663,0.003718,0,0.027995,0.005311,0,0.027825,0.004493,0,0.036588,0.082189,0.001228,0.135258,0.004184,0,0.034091,0.002903,0,0.026429,0.001291,0,0.012758,0.838643,0.771893,0.906295,0.003779,0,0.030536,0.003866,0,0.030711,0.001623,0,0.015336,0.00767,0,0.061572,0.005943,0,0.051926,0.030414,0,0.05903
"PH_WC_5.sorted.bam","5","WC",0.030755,0.010653,0.052666,0.027124,0.004812,0.049963,0.485517,0.460705,0.499917,0.418011,0.383832,0.450532,0.038593,0.018132,0.061074,0.000352,0,0.003742,0.001331,0,0.014431,0.000213,0,0.002166,0.038154,0,0.09335,0.047761,0,0.095688,0.000408,0,0.004561,0.002942,0,0.031474,0.00064,0,0.006791,0.830972,0.762898,0.896115,0.000384,0,0.003976,0.01838,0,0.074653,0.00409,0,0.040991,0.05333,0,0.111393,7e-04,0,0.007116,0.000343,0,0.003735
"PH_WC_6.sorted.bam","6","WC",0.034821,0.011136,0.05799,0.044658,0.018825,0.072384,0.458615,0.438152,0.484207,0.408539,0.371704,0.442121,0.053367,0.025846,0.082133,0.005,0,0.031248,0.006581,0,0.04917,0.021078,0,0.059784,0.046724,0,0.09922,0.022374,0,0.117299,0.019328,0,0.079271,0.002871,0,0.025733,0.003364,0,0.033509,0.724332,0.631129,0.817881,0.042601,2.1e-05,0.08077,0.003466,0,0.03868,0.014841,0,0.082707,0.085142,0,0.157284,0.001309,0,0.014559,0.000988,0,0.010041
"PH_WC_7.sorted.bam","7","WC",0.045446,0.020159,0.071727,0.019178,0.000203,0.044554,0.477985,0.451905,0.504336,0.431143,0.399087,0.466343,0.026249,0.006213,0.049571,0.000728,0,0.007754,0.00132,0,0.014017,0.001508,0,0.016543,0.072921,0,0.134363,0.017158,0,0.080788,0.033372,0,0.084054,0.006717,0,0.05393,0.006272,0,0.04082,0.797256,0.725533,0.864649,0.024931,0,0.070624,0.008477,0,0.059392,0.010588,0,0.054109,0.001889,0,0.018663,0.002178,0,0.019998,0.014683,0,0.039647
"PH_WC_8.sorted.bam","8","WC",0.057703,0.03409,0.079904,0.033449,0.016374,0.054291,0.470558,0.451878,0.491792,0.355974,0.322624,0.387,0.082316,0.055456,0.110515,0.000887,0,0.009136,0.003197,0,0.030841,0.00124,0,0.012858,0.108463,0.054904,0.155123,0.005668,0,0.046214,0.006131,0,0.049852,0.001182,0,0.012957,0.046052,0,0.090774,0.661752,0.583534,0.739568,0.001155,0,0.011856,0.000791,0,0.008238,0.009502,0,0.063418,0.152971,0.085593,0.21487,0.00065,0,0.007215,0.00036,0,0.003632
"PH_WC_9.sorted.bam","9","WC",0.019416,9.7e-05,0.047228,0.041699,0.01303,0.071104,0.492979,0.465043,0.520082,0.3866,0.349303,0.42292,0.059306,0.032192,0.090726,0.001525,0,0.015575,0.00269,0,0.027568,0.002012,0,0.020344,0.028407,0,0.086206,0.051511,0,0.131109,0.060533,0,0.1112,0.001414,0,0.016428,0.004255,0,0.04175,0.736971,0.638217,0.822677,0.014155,0,0.056489,0.003271,0,0.032491,0.020917,0,0.089481,0.048005,0,0.140777,0.002251,0,0.025393,0.022084,0,0.058517
"PH_WF_10.sorted.bam","10","WF",0.033738,0.011718,0.057354,0.161976,0.135742,0.188145,0.414071,0.385164,0.442541,0.079956,0.052695,0.108468,0.310259,0.280659,0.33989,0.000239,0,0.002423,0.001032,0,0.010217,0.000248,0,0.002498,0.002781,0,0.030904,0.216319,0.148796,0.28064,0.000188,0,0.002038,0.00052,0,0.005701,0.000638,0,0.006819,0.157576,0.10158,0.215476,0.000257,0,0.002869,0.062667,0.000784,0.111757,0.105465,0.034718,0.174882,0.451091,0.387901,0.514263,0.000665,0,0.007547,0.000315,0,0.003296
"PH_WF_11.sorted.bam","11","WF",0.097233,0.075496,0.122187,0.075144,0.053024,0.098398,0.418951,0.388291,0.452511,0.185314,0.153634,0.216481,0.223359,0.192938,0.252464,0.000149,0,0.001513,0.000463,0,0.004743,0.000129,0,0.00142,0.034263,0,0.106073,0.148198,0.104264,0.19493,0.00019,0,0.002004,0.00058,0,0.006041,0.000426,0,0.004303,0.368896,0.305876,0.432227,0.000159,0,0.001717,0.158862,0.092164,0.219619,0.000942,0,0.010584,0.286164,0.218102,0.353064,0.000407,0,0.004177,0.000172,0,0.001852
"PH_WF_12.sorted.bam","12","WF",0.046156,0.02167,0.071623,0.185076,0.149938,0.220342,0.388881,0.347085,0.432238,0.012456,1.2e-05,0.03932,0.36743,0.329101,0.406341,0.002652,0,0.029507,0.001402,0,0.017828,0.062413,0.015052,0.110792,0.081927,0.004301,0.136807,0.238708,0.154297,0.32263,0.04639,0,0.12033,0.001372,0,0.013602,0.003302,0,0.032247,0.01165,0,0.066392,0.002942,0,0.024084,0.002307,0,0.02153,0.001915,0,0.020471,0.352699,0.260436,0.444725,0.002705,0,0.026929,0.187618,0.134843,0.244396
"PH_WF_1.sorted.bam","1","WF",0.028091,0.005375,0.049449,0.155456,0.128471,0.184665,0.409938,0.37474,0.438966,0.09216,0.060921,0.1278,0.314355,0.282128,0.34978,0.000323,0,0.003388,0.002261,0,0.025076,0.000349,0,0.003633,0.033087,0,0.089683,0.1527,0.063951,0.235563,0.000343,0,0.003551,0.001591,0,0.017783,0.001356,0,0.013927,0.179527,0.116505,0.251387,0.000395,0,0.003945,0.018596,0,0.080675,0.153897,0.078726,0.236615,0.453875,0.388774,0.518934,0.001054,0,0.01187,0.000644,0,0.006701
"PH_WF_2.sorted.bam","2","WF",0.04522,0.018209,0.074939,0.179003,0.146941,0.212174,0.411412,0.363772,0.449497,0.021941,0.000109,0.052647,0.342424,0.304385,0.384421,0.010607,0,0.049695,0.005958,0,0.060413,0.065942,0.012447,0.112491,0.057705,0,0.130785,0.212258,0.133732,0.292076,0.070315,0,0.137526,0.00265,0,0.025825,0.004795,0,0.044235,0.02289,0,0.096284,0.005418,0,0.03801,0.002912,0,0.032227,0.003113,0,0.032097,0.389342,0.300979,0.474463,0.002713,0,0.025972,0.143384,0.091436,0.194907
"PH_WF_3.sorted.bam","3","WF",0.038085,0.015365,0.065222,0.194298,0.16294,0.225428,0.373452,0.345589,0.404834,0.018047,3.6e-05,0.045918,0.376119,0.342774,0.409218,0.015867,0,0.055217,0.000984,0,0.011319,0.07892,0.037883,0.119932,0.036587,0,0.100999,0.225201,0.148849,0.297687,0.010401,0,0.061737,0.00481,0,0.041927,0.002923,0,0.027087,0.006802,0,0.049231,0.009659,0,0.039408,0.002054,0,0.025793,0.001649,0,0.016094,0.45751,0.386703,0.524985,0.00224,0,0.023017,0.144393,0.099843,0.192799
"PH_WF_4.sorted.bam","4","WF",0.036425,0.012521,0.063543,0.17396,0.141418,0.207188,0.416563,0.378477,0.453827,0.004818,1e-06,0.023136,0.368235,0.3317,0.404738,0.026935,0,0.058587,0.001287,0,0.013874,0.053342,0.0136,0.10031,0.004791,0,0.04148,0.221092,0.141024,0.302743,0.105595,0.04417,0.167193,0.003843,0,0.034203,0.001105,0,0.012015,0.001345,0,0.015012,0.001219,0,0.012166,0.009059,0,0.061692,0.017752,0,0.119579,0.394707,0.308224,0.486373,0.000904,0,0.009878,0.157024,0.096499,0.214658
"PH_WF_5.sorted.bam","5","WF",0.058077,0.03509,0.083427,0.157978,0.127955,0.190172,0.404923,0.369614,0.444421,0.029358,0.002139,0.058244,0.349663,0.313644,0.386922,0.003143,0,0.020029,0.003218,0,0.029296,0.045774,1e-05,0.088729,0.101975,0.048626,0.157233,0.21497,0.138277,0.292477,0.037683,0,0.109428,0.002131,0,0.022267,0.001934,0,0.023479,0.006379,0,0.054697,0.022391,0,0.054439,0.002544,0,0.03012,0.004288,0,0.040928,0.411156,0.316432,0.50286,0.003491,0,0.037837,0.138924,0.088786,0.192321
"PH_WF_6.sorted.bam","6","WF",0.045913,0.01976,0.072104,0.130952,0.102347,0.16057,0.416153,0.3817,0.449475,0.046492,0.008831,0.075195,0.36049,0.327763,0.395534,0.00017,0,0.001757,0.000522,0,0.005408,0.000268,0,0.002613,0.00236,0,0.026836,0.184452,0.112248,0.251464,0.000266,0,0.002663,0.00118,0,0.011298,0.001058,0,0.010769,0.088955,0.000298,0.146579,0.000272,0,0.003116,0.087424,0.023317,0.140184,0.075337,0,0.157,0.556006,0.488886,0.620154,0.001249,0,0.013672,0.000482,0,0.004962
"PH_WF_8.sorted.bam","8","WF",0.091107,0.064963,0.118639,0.179786,0.15019,0.210494,0.416826,0.378197,0.448511,0.046427,0.011271,0.081161,0.265854,0.233641,0.298994,0.000951,0,0.009782,0.002078,0,0.020695,0.011495,0,0.047626,0.103844,0,0.196992,0.307542,0.204102,0.390247,0.00049,0,0.005543,0.002167,0,0.024022,0.004403,0,0.043938,0.074821,0,0.158357,0.001641,0,0.017865,0.072222,0,0.184799,0.022558,0,0.13484,0.346467,0.261243,0.43816,0.008182,0,0.068548,0.04114,0,0.087808
"PH_WF_9.sorted.bam","9","WF",0.049237,0.026743,0.072495,0.158585,0.12957,0.188546,0.39058,0.360854,0.425359,0.043016,0.014935,0.071795,0.358582,0.325337,0.391631,0.006347,0,0.032007,0.000879,0,0.009549,0.046674,0.018721,0.079808,0.079509,0.012285,0.131925,0.220167,0.157973,0.280283,0.01654,0,0.078336,0.00167,0,0.017504,0.000852,0,0.00866,0.079159,0.016874,0.136897,0.001466,0,0.015306,0.003721,0,0.038983,0.001926,0,0.020329,0.369246,0.295013,0.443064,0.001419,0,0.014129,0.170426,0.127202,0.216429
"PH_WH_10.sorted.bam","10","WH",0.029912,0.009923,0.051458,0.556073,0.524353,0.589378,0.41154,0.378318,0.441232,0.001545,0,0.00814,0.000931,0,0.005255,0.009658,0,0.043868,0.007136,0,0.057635,0.253929,0.20167,0.306987,0.032389,0,0.089376,0.596225,0.516945,0.676319,0.096674,0.04458,0.147385,0.000578,0,0.006063,0.000585,0,0.006456,0.000819,0,0.008792,0.000428,0,0.004313,0.000404,0,0.004376,0.00034,0,0.003338,0.000299,0,0.003263,0.000252,0,0.002763,0.000284,0,0.003065
"PH_WH_11.sorted.bam","11","WH",0.01543,7e-05,0.039878,0.569165,0.538938,0.600977,0.406833,0.37493,0.435244,0.004276,1e-06,0.018275,0.004296,1e-06,0.01791,0.006187,0,0.034175,0.005769,0,0.044098,0.236627,0.194103,0.279122,0.007081,0,0.050252,0.657941,0.595166,0.721009,0.070761,0.02777,0.111574,0.003007,0,0.023178,0.000638,0,0.006231,0.00319,0,0.028222,0.000639,0,0.007073,0.002629,0,0.022808,0.000728,0,0.007893,0.003933,0,0.03028,0.00044,0,0.004612,0.000431,0,0.004613
"PH_WH_12.sorted.bam","12","WH",0.042829,0.0196,0.068033,0.563054,0.528606,0.598702,0.390792,0.356471,0.422836,0.002327,0,0.013101,0.000998,0,0.005347,0.002271,0,0.020152,0.001984,0,0.02005,0.300966,0.252736,0.349696,0.07782,0.007432,0.129255,0.521212,0.450344,0.595584,0.090275,0.041361,0.136247,0.00093,0,0.010118,0.000658,0,0.006884,0.001579,0,0.016698,0.000588,0,0.006167,0.000384,0,0.004137,0.000324,0,0.003345,0.000423,0,0.004607,0.000311,0,0.003187,0.000276,0,0.003083
"PH_WH_1.sorted.bam","1","WH",0.029121,0.008263,0.053798,0.550924,0.518608,0.583308,0.417623,0.38595,0.447186,0.001124,0,0.006481,0.001207,0,0.006847,0.019419,0,0.046198,0.0045,0,0.044201,0.227548,0.181132,0.27567,0.013743,0,0.083788,0.641459,0.568948,0.709849,0.089367,0.039735,0.134165,0.000528,0,0.005043,0.000367,0,0.003716,0.000734,0,0.007983,0.000214,0,0.002127,0.000633,0,0.006765,0.000426,0,0.004627,0.000578,0,0.006097,0.000192,0,0.002066,0.000293,0,0.003366
"PH_WH_2.sorted.bam","2","WH",0.016698,0.000574,0.035377,0.552095,0.526775,0.576522,0.424587,0.402191,0.445655,0.002559,0,0.012899,0.00406,1e-06,0.017,0.001556,0,0.014457,0.014925,0,0.060526,0.128001,0.08693,0.170605,0.011734,0,0.053837,0.830981,0.777718,0.878753,0.000991,0,0.010538,0.00111,0,0.011572,0.001119,0,0.01202,0.001564,0,0.017769,0.000343,0,0.00373,0.002514,0,0.022326,0.001163,0,0.012122,0.002912,0,0.026264,0.000638,0,0.006809,0.000447,0,0.00438
"PH_WH_3.sorted.bam","3","WH",0.021586,0.00034,0.048447,0.554138,0.522139,0.588942,0.421731,0.387373,0.453184,0.001399,0,0.008134,0.001146,0,0.005878,0.00879,0,0.039003,0.005048,0,0.039658,0.221758,0.175674,0.270621,0.019298,0,0.081838,0.658859,0.592346,0.723349,0.08186,0.031568,0.12582,0.00066,0,0.006876,0.000477,0,0.00479,0.000931,0,0.009313,0.000244,0,0.002595,0.000586,0,0.005853,0.000378,0,0.004023,0.000655,0,0.006735,0.000242,0,0.002553,0.000215,0,0.00223
"PH_WH_4.sorted.bam","4","WH",0.059729,0.033523,0.085877,0.511432,0.479559,0.543901,0.395855,0.368778,0.421586,0.008893,4e-06,0.032429,0.02409,0.003526,0.044847,0.000601,0,0.006711,0.022845,0,0.112541,0.136309,0.082677,0.189047,0.061023,0,0.144021,0.714169,0.637255,0.792925,0.000911,0,0.009832,0.00287,0,0.029102,0.003982,0,0.031074,0.009057,0,0.055943,0.000534,0,0.005593,0.031519,0,0.083825,0.00925,0,0.059344,0.005638,0,0.049324,0.000808,0,0.008206,0.000483,0,0.004896
"PH_WH_5.sorted.bam","5","WH",0.020362,4.4e-05,0.04578,0.504498,0.472644,0.535081,0.424304,0.403073,0.443296,0.049301,0.027146,0.071734,0.001535,0,0.009259,0.000752,0,0.008752,0.003813,0,0.037354,0.144239,0.104505,0.186338,0.034212,0,0.085462,0.715695,0.646026,0.780567,0.001307,0,0.013803,0.000797,0,0.008356,0.000617,0,0.0063,0.094794,0.047563,0.139482,0.001009,0,0.009154,0.000398,0,0.004508,0.000392,0,0.004218,0.001293,0,0.014001,0.000374,0,0.004029,0.000306,0,0.003072
"PH_WH_6.sorted.bam","6","WH",0.042847,0.019605,0.06722,0.553882,0.522345,0.587963,0.392932,0.355624,0.423762,0.007889,2e-06,0.030167,0.00245,0,0.012039,0.000781,0,0.008144,0.002641,0,0.028684,0.254353,0.209762,0.301723,0.079533,0.019772,0.129409,0.594723,0.524695,0.658996,0.048961,0,0.095502,0.001384,0,0.015544,0.000891,0,0.009681,0.011835,0,0.057572,0.000517,0,0.00566,0.000573,0,0.005956,0.000801,0,0.008333,0.001851,0,0.017679,0.000632,0,0.006994,0.000521,0,0.005446
"PH_WH_7.sorted.bam","7","WH",0.043345,0.023773,0.06447,0.486442,0.460494,0.5085,0.428412,0.404036,0.451457,0.014778,2.1e-05,0.038439,0.027022,0.005912,0.046828,0.000311,0,0.003232,0.079279,0.037484,0.120598,0.005736,0,0.033188,0.002514,0,0.026884,0.83001,0.771654,0.879818,0.000243,0,0.002591,0.00231,0,0.025174,0.004224,0,0.04119,0.021267,0,0.071856,0.000315,0,0.003191,0.001965,0,0.023724,0.047901,0,0.090024,0.002547,0,0.024577,0.001126,0,0.013339,0.000253,0,0.002594
"PH_WH_8.sorted.bam","8","WH",0.031281,0.008485,0.057505,0.549398,0.514329,0.586486,0.414056,0.379892,0.446823,0.004109,1e-06,0.02017,0.001156,0,0.006152,0.017084,0,0.051249,0.006033,0,0.04747,0.259175,0.207037,0.315768,0.01982,0,0.086564,0.573072,0.496581,0.644105,0.116615,0.071221,0.162475,0.002021,0,0.019465,0.001014,0,0.010384,0.001514,0,0.015854,0.001624,0,0.01427,0.000519,0,0.005397,0.000326,0,0.003566,0.000475,0,0.005154,0.000421,0,0.004636,0.000286,0,0.002874
"PH_WH_9.sorted.bam","9","WH",0.048331,0.027818,0.071055,0.479883,0.454656,0.506576,0.438626,0.415766,0.459015,0.022672,0.000265,0.046293,0.010488,7e-06,0.031369,0.000255,0,0.002614,0.082597,0.029168,0.131317,0.018142,0,0.053654,0.006191,0,0.050926,0.827031,0.766166,0.881957,0.000461,0,0.004969,0.001454,0,0.014316,0.004922,0,0.042746,0.038042,0,0.087401,0.000199,0,0.001971,0.005909,0,0.044446,0.008932,0,0.052819,0.005069,0,0.040524,0.000527,0,0.005443,0.000269,0,0.002795
