"V1","individual_id","population","q_1","lb_q_1","ub_q_1","q_2","lb_q_2","ub_q_2","q_3","lb_q_3","ub_q_3","q_4","lb_q_4","ub_q_4","q_5","lb_q_5","ub_q_5","q_6","lb_q_6","ub_q_6","q_7","lb_q_7","ub_q_7","Q_1_1","lb_Q_1_1","ub_Q_1_1","Q_2_1","lb_Q_2_1","ub_Q_2_1","Q_2_2","lb_Q_2_2","ub_Q_2_2","Q_3_1","lb_Q_3_1","ub_Q_3_1","Q_3_2","lb_Q_3_2","ub_Q_3_2","Q_3_3","lb_Q_3_3","ub_Q_3_3","Q_4_1","lb_Q_4_1","ub_Q_4_1","Q_4_2","lb_Q_4_2","ub_Q_4_2","Q_4_3","lb_Q_4_3","ub_Q_4_3","Q_4_4","lb_Q_4_4","ub_Q_4_4","Q_5_1","lb_Q_5_1","ub_Q_5_1","Q_5_2","lb_Q_5_2","ub_Q_5_2","Q_5_3","lb_Q_5_3","ub_Q_5_3","Q_5_4","lb_Q_5_4","ub_Q_5_4","Q_5_5","lb_Q_5_5","ub_Q_5_5","Q_6_1","lb_Q_6_1","ub_Q_6_1","Q_6_2","lb_Q_6_2","ub_Q_6_2","Q_6_3","lb_Q_6_3","ub_Q_6_3","Q_6_4","lb_Q_6_4","ub_Q_6_4","Q_6_5","lb_Q_6_5","ub_Q_6_5","Q_6_6","lb_Q_6_6","ub_Q_6_6","Q_7_1","lb_Q_7_1","ub_Q_7_1","Q_7_2","lb_Q_7_2","ub_Q_7_2","Q_7_3","lb_Q_7_3","ub_Q_7_3","Q_7_4","lb_Q_7_4","ub_Q_7_4","Q_7_5","lb_Q_7_5","ub_Q_7_5","Q_7_6","lb_Q_7_6","ub_Q_7_6","Q_7_7","lb_Q_7_7","ub_Q_7_7"
"PH_AS_10.sorted.bam","10","AS",0.021118,0,0.078867,0.001747,0,0.014617,0.089538,0.052964,0.125085,0.222078,0.160464,0.283571,0.087835,0.051682,0.125471,0.576882,0.503446,0.642462,0.000801,0,0.006545,9.3e-05,0,0.000926,0.000216,0,0.002697,9.8e-05,0,0.00113,0.000432,0,0.004384,0.00047,0,0.006237,8e-05,0,0.000764,0.000543,0,0.002974,0.00035,0,0.004187,0.010537,0,0.136216,0.000468,0,0.006144,0.000611,0,0.007332,0.000488,0,0.005816,0.000162,0,0.00178,0.000233,0,0.002738,0.000116,0,0.0014,0.040012,0,0.156246,0.001636,0,0.023069,0.167071,0,0.248127,0.431412,0.300063,0.562877,0.173566,0.100338,0.249624,0.169888,0.012187,0.361178,0.000236,0,0.00273,0.000137,0,0.00166,0.000245,0,0.003229,0.000147,0,0.001805,0.000379,0,0.004721,0.000291,0,0.00316,8.4e-05,0,0.000998
"PH_AS_11.sorted.bam","11","AS",0.04635,0,0.10688,0.000984,0,0.007411,0.066125,0.031118,0.111635,0.161954,0.096467,0.227683,0.049387,0.015279,0.083616,0.674292,0.60637,0.747034,0.000909,0,0.007367,0.000432,0,0.005397,0.000225,0,0.002944,0.00011,0,0.001101,0.018211,0,0.126703,0.000493,0,0.006963,0.00028,0,0.003324,0.00091,0,0.013096,0.000348,0,0.004426,0.00107,0,0.01447,0.000376,0,0.003747,0.009918,0,0.110362,0.000261,0,0.003016,0.050926,0,0.146146,0.000437,0,0.004676,0.000261,0,0.002458,0.062326,0,0.211208,0.000301,0,0.003184,0.060519,0,0.213941,0.320238,0.188104,0.453576,0.036452,0,0.154646,0.434168,0.249506,0.588519,0.000246,0,0.002793,0.00012,0,0.001489,0.00047,0,0.005572,0.000152,0,0.001567,0.000257,0,0.003025,0.000411,0,0.004652,8e-05,0,0.000771
"PH_AS_12.sorted.bam","12","AS",0.001682,0,0.012517,0.00248,0,0.01779,0.058425,0.020877,0.091578,0.03608,0,0.088981,0.080536,0.047607,0.119559,0.819803,0.756331,0.879843,0.000995,0,0.008025,0.00034,0,0.004597,0.000277,0,0.002838,0.000588,0,0.007693,0.000382,0,0.003698,0.000342,0,0.003607,0.000273,0,0.003156,0.000361,0,0.004635,0.001503,0,0.021962,0.00174,0,0.023901,0.009347,0,0.070273,0.001087,0,0.015341,0.000364,0,0.004403,0.037761,0,0.153004,0.038452,0,0.160595,0.005771,0,0.058781,0.000323,0,0.003842,0.001125,0,0.017584,0.075856,0,0.178559,0.010873,0,0.128927,0.07155,0,0.227793,0.739817,0.59599,0.867429,0.000252,0,0.003354,0.000173,0,0.00203,0.000222,0,0.002398,0.000537,0,0.006003,0.000315,0,0.003253,0.000243,0,0.002573,0.000124,0,0.001355
"PH_AS_1.sorted.bam","1","AS",0.01646,0,0.049031,0.003379,0,0.025277,0.031019,0,0.065906,0.020895,0,0.06547,0.110358,0.073226,0.148623,0.81652,0.75063,0.882038,0.00137,0,0.010584,0.000394,0,0.003293,0.00052,0,0.006724,0.000291,0,0.003617,0.011375,0,0.077628,0.002585,0,0.036802,0.000169,0,0.001678,0.008168,0,0.071717,0.001352,0,0.0182,0.017645,0,0.096839,0.003169,0,0.039224,0.002419,0,0.033446,0.000502,0,0.006336,0.007653,0,0.08625,0.00201,0,0.022375,0.001306,0,0.019187,0.009157,0,0.08236,0.001076,0,0.013167,0.021877,0,0.118468,0.005984,0,0.081898,0.205143,0.101837,0.289415,0.694677,0.583042,0.796271,0.000493,0,0.005304,0.000141,0,0.001516,0.000564,0,0.007646,0.000292,0,0.003936,0.000375,0,0.00477,0.000447,0,0.0055,0.000214,0,0.002372
"PH_AS_2.sorted.bam","2","AS",0.015478,0,0.062511,0.001321,0,0.011926,0.092348,0.063093,0.123583,0.342758,0.285413,0.391765,0.044007,0.010909,0.074595,0.47968,0.443934,0.499996,0.024408,0,0.056756,6.7e-05,0,0.000612,0.000418,0,0.004841,8.9e-05,0,0.000791,0.004887,0,0.055188,0.000266,0,0.003319,6.5e-05,0,0.000714,0.000402,0,0.005334,0.000246,0,0.00333,0.001107,0,0.017838,0.000154,0,0.001101,0.003105,0,0.045997,0.000593,0,0.006063,0.006039,0,0.078721,0.000332,0,0.004336,8e-05,0,0.000933,0.019592,0,0.119416,0.000779,0,0.008613,0.17033,0.080911,0.240274,0.68205,0.566566,0.778728,0.06016,0,0.142077,0.000477,0,0.005942,0.002419,0,0.030243,0.000163,0,0.001623,0.001937,0,0.027501,0.001071,0,0.015391,0.017626,0,0.085545,0.025496,0,0.110552,5.2e-05,0,0.000544
"PH_AS_3.sorted.bam","3","AS",0.00382,0,0.029568,0.000853,0,0.006753,0.073265,0.045212,0.102547,0.057989,0.002317,0.114674,0.070189,0.041366,0.099079,0.790701,0.725239,0.852298,0.003184,0,0.017874,0.000206,0,0.002364,0.000113,0,0.001206,0.000116,0,0.001163,0.000559,0,0.005682,0.000433,0,0.005452,0.00063,0,0.008938,0.002,0,0.027145,0.000267,0,0.003271,0.001818,0,0.027551,0.007683,0,0.070505,0.000697,0,0.007561,0.000252,0,0.003333,0.100082,0,0.182774,0.036022,0,0.154543,0.00015,0,0.001612,0.003177,0,0.048128,0.000204,0,0.002018,0.040276,0,0.194602,0.058745,0,0.225205,0.00195,0,0.025612,0.738354,0.618802,0.841343,0.00068,0,0.009405,0.000204,0,0.002451,0.002101,0,0.024666,0.00176,0,0.023423,0.001075,0,0.016828,0.000341,0,0.004148,0.000104,0,0.001105
"PH_AS_4.sorted.bam","4","AS",0.002488,0,0.018887,0.001508,0,0.012574,0.023158,0.001512,0.051325,0.102611,0.051492,0.157072,0.060017,0.02353,0.098438,0.80978,0.748397,0.872119,0.000437,0,0.003426,0.000168,0,0.002037,0.000347,0,0.003668,0.000145,0,0.001563,0.000597,0,0.007938,0.000706,0,0.010275,0.017735,0,0.045659,0.000405,0,0.004789,0.000438,0,0.00542,0.004505,0,0.063709,0.000524,0,0.005909,0.000526,0,0.005338,0.000411,0,0.00445,0.004048,0,0.057009,0.000358,0,0.00357,0.000213,0,0.002385,0.002642,0,0.033312,0.000676,0,0.007282,0.000849,0,0.012625,0.198347,0.084859,0.307681,0.114155,0.039983,0.193228,0.651386,0.540455,0.76722,0.000125,0,0.001307,0.000148,0,0.001413,0.000142,0,0.001469,0.000121,0,0.001117,0.000112,0,0.001288,0.00012,0,0.001357,5.3e-05,0,0.000702
"PH_AS_5.sorted.bam","5","AS",0.005303,0,0.036737,0.001438,0,0.011434,0.075944,0.045134,0.110526,0.060692,0.001379,0.115747,0.061971,0.028529,0.098621,0.793503,0.73327,0.863488,0.001149,0,0.009498,0.000179,0,0.001835,0.000348,0,0.004222,0.000267,0,0.003425,0.000891,0,0.011149,0.000553,0,0.006157,0.000231,0,0.002384,0.000295,0,0.003831,0.000346,0,0.004352,0.005271,0,0.085287,0.001125,0,0.011655,0.002105,0,0.034068,0.000299,0,0.00337,0.015624,0,0.123785,0.002967,0,0.0504,0.00104,0,0.01548,0.006345,0,0.068436,0.000639,0,0.007594,0.128829,0,0.214429,0.109906,0,0.229301,0.100309,0,0.192955,0.620256,0.480595,0.780915,0.000266,0,0.002807,0.000157,0,0.00181,0.000257,0,0.003005,0.000349,0,0.004437,0.000557,0,0.006161,0.000467,0,0.004376,0.000122,0,0.001292
"PH_AS_6.sorted.bam","6","AS",0.021565,0,0.06582,0.001144,0,0.009511,0.079682,0.040678,0.118197,0.070718,0.001017,0.136374,0.05684,0.019589,0.095006,0.768745,0.700534,0.839082,0.001306,0,0.009951,0.000542,0,0.007459,0.000301,0,0.003637,0.000215,0,0.002498,0.017901,0,0.116102,0.000287,0,0.003195,0.009568,0,0.069146,0.003735,0,0.047967,0.000318,0,0.003306,0.058912,0,0.186804,0.005032,0,0.064722,0.010171,0,0.091293,0.000413,0,0.005451,0.028677,0,0.142343,0.027152,0,0.155204,0.000994,0,0.014115,0.009503,0,0.107893,0.000319,0,0.003196,0.033922,0,0.210177,0.041011,0,0.268423,0.044888,0,0.173222,0.703658,0.522502,0.829289,0.000437,0,0.0058,0.000221,0,0.002125,0.00053,0,0.006465,0.000244,0,0.00281,0.000392,0,0.003789,0.000532,0,0.006751,0.000127,0,0.001522
"PH_AS_7.sorted.bam","7","AS",0.013624,0,0.068268,0.000803,0,0.006207,0.054352,0.033319,0.076872,0.006334,0,0.047156,0.05424,0.032103,0.077753,0.870017,0.80714,0.920935,0.00063,0,0.005483,0.000144,0,0.001729,0.000211,0,0.00244,0.000102,0,0.001239,0.000869,0,0.011264,0.000336,0,0.004531,0.000192,0,0.001963,0.000372,0,0.004106,0.000101,0,0.001068,0.001183,0,0.016457,0.000475,0,0.005762,0.000747,0,0.009592,0.000295,0,0.003352,0.103636,0.060362,0.148924,0.002393,0,0.028343,0.000239,0,0.002874,0.024565,0,0.135707,0.000357,0,0.003659,0.002083,0,0.03067,0.007441,0,0.088877,0.000757,0,0.00854,0.852323,0.740753,0.919783,0.000197,0,0.001865,0.000101,0,0.001103,0.000215,0,0.00231,0.000229,0,0.002601,0.000175,0,0.001488,0.000185,0,0.001976,7.9e-05,0,0.000929
"PH_AS_8.sorted.bam","8","AS",0.036025,0,0.08401,0.002187,0,0.016339,0.03177,0.001304,0.064151,0.026217,0,0.082788,0.08871,0.055426,0.126952,0.811462,0.749114,0.873805,0.003629,0,0.020722,0.000397,0,0.005716,0.000186,0,0.001693,0.000218,0,0.002581,0.014749,0,0.082738,0.000634,0,0.008061,0.000203,0,0.00241,0.005498,0,0.062917,0.001222,0,0.015386,0.0043,0,0.058606,0.006661,0,0.06334,0.002216,0,0.029488,0.000711,0,0.007626,0.009865,0,0.078606,0.022928,0,0.146565,0.001246,0,0.018414,0.048072,0,0.165569,0.000523,0,0.006654,0.032097,0,0.12131,0.004196,0,0.046115,0.138513,0,0.245628,0.699057,0.550731,0.817575,0.000535,0,0.005955,0.000661,0,0.009424,0.00149,0,0.022892,0.000968,0,0.015518,0.000696,0,0.009207,0.001407,0,0.017473,0.00075,0,0.010283
"PH_AS_9.sorted.bam","9","AS",0.034734,0,0.074961,0.001839,0,0.014414,0.057957,0.02614,0.09627,0.031125,0,0.076291,0.064514,0.024689,0.104345,0.80752,0.74995,0.869136,0.002312,0,0.01623,0.000209,0,0.002721,0.000599,0,0.007333,0.000161,0,0.002183,0.027935,0,0.112473,0.000763,0,0.00886,0.000396,0,0.00554,0.001462,0,0.021202,0.000946,0,0.015134,0.029506,0,0.141611,0.001411,0,0.024085,0.009887,0,0.105648,0.000369,0,0.003912,0.000478,0,0.006711,0.024439,0,0.125023,0.000277,0,0.003375,0.028789,0,0.133929,0.000517,0,0.005689,0.055097,0,0.188728,0.002224,0,0.034648,0.09229,0,0.201533,0.71774,0.567053,0.851757,0.000377,0,0.004946,0.000162,0,0.001825,0.001342,0,0.017826,0.000852,0,0.011123,0.00101,0,0.015477,0.000643,0,0.008036,0.00012,0,0.001185
"PH_BA_10.sorted.bam","10","BA",0.222451,0.169758,0.27798,0.048573,4.8e-05,0.091047,0.002755,0,0.017463,0.276592,0.214488,0.335009,0.002977,0,0.022719,0.008856,0,0.047198,0.437796,0.400103,0.477078,0.000115,0,0.001535,0.005669,0,0.086938,0.002803,0,0.032568,0.000545,0,0.007478,0.000929,0,0.012398,0.000102,0,0.00108,0.019062,0,0.153352,0.072061,0,0.171363,0.00128,0,0.016366,0.002498,0,0.037444,0.001128,0,0.015513,0.002522,0,0.037342,0.000725,0,0.009573,0.000776,0,0.008679,9.9e-05,0,0.001158,0.003065,0,0.04769,0.004429,0,0.049968,0.00118,0,0.01772,0.005166,0,0.06533,0.000364,0,0.004637,0.000493,0,0.004553,0.415202,0.301466,0.537547,0.00593,0,0.069334,0.000648,0,0.008966,0.449843,0.31331,0.570651,0.000241,0,0.002412,0.002521,0,0.031921,0.000604,0,0.0082
"PH_BA_1.sorted.bam","1","BA",0.215791,0.15443,0.280521,0.061591,0.0174,0.108671,0.055103,0.03009,0.082829,0.2451,0.189311,0.298701,0.001313,0,0.011418,0.002367,0,0.017013,0.418735,0.377783,0.45763,0.000623,0,0.007986,0.02042,0,0.115869,0.000964,0,0.012802,0.015972,0,0.12473,0.043756,0,0.149643,0.000622,0,0.008428,0.002388,0,0.033483,0.029193,0,0.16568,0.031439,0,0.129641,0.012396,0,0.114086,0.000313,0,0.002625,0.000325,0,0.003804,0.000418,0,0.004236,0.000647,0,0.006196,0.000148,0,0.001201,0.000768,0,0.010332,0.001054,0,0.013515,0.000789,0,0.011089,0.000613,0,0.005534,0.000247,0,0.002507,0.000411,0,0.004839,0.390476,0.242213,0.515894,0.026506,0,0.169646,0.016588,0,0.126391,0.401128,0.223229,0.553111,0.000379,0,0.004749,0.000439,0,0.004928,0.000977,0,0.009278
"PH_BA_2.sorted.bam","2","BA",0.228322,0.174024,0.280468,0.063285,0.02529,0.109048,0.038416,0.013904,0.065662,0.245262,0.183915,0.307505,0.002602,0,0.016391,0.00176,0,0.013224,0.420353,0.378484,0.46112,0.000762,0,0.010525,0.004751,0,0.060549,0.000571,0,0.007004,0.000555,0,0.006873,0.041296,0,0.124887,0.000196,0,0.002416,0.004454,0,0.065473,0.077112,0,0.209982,0.013291,0,0.094046,0.013779,0,0.116909,0.00123,0,0.01794,0.001021,0,0.012936,0.000642,0,0.008476,0.000713,0,0.009164,0.00024,0,0.003301,0.000975,0,0.014337,0.000211,0,0.002316,0.000616,0,0.008576,0.00054,0,0.005375,0.000508,0,0.006674,0.000176,0,0.002268,0.443155,0.326064,0.556315,0.001036,0,0.014653,0.020039,0,0.099618,0.366854,0.188842,0.52724,0.00061,0,0.007029,0.000318,0,0.003977,0.004347,0,0.057073
"PH_BA_3.sorted.bam","3","BA",0.223614,0.16471,0.285444,0.028508,0,0.060591,0.03447,0.009518,0.06106,0.266798,0.213268,0.32333,0.001908,0,0.013619,0.020647,0,0.066888,0.424055,0.379267,0.464496,0.000198,0,0.001568,0.00338,0,0.050585,0.000909,0,0.011846,0.008869,0,0.095347,0.038422,0,0.11116,9.4e-05,0,0.000835,0.031905,0,0.152961,0.008589,0,0.092399,0.012443,0,0.098695,0.005472,0,0.080316,0.000475,0,0.005759,0.00055,0,0.007372,0.000317,0,0.003383,0.000907,0,0.010287,0.000583,0,0.007175,0.034107,0,0.130233,0.000492,0,0.006628,0.001175,0,0.017224,0.002351,0,0.031055,0.000211,0,0.002135,0.001219,0,0.018457,0.368096,0.239244,0.522829,0.003766,0,0.061944,0.007528,0,0.093778,0.466458,0.287432,0.586367,0.00019,0,0.002365,0.00052,0,0.003892,0.000776,0,0.009794
"PH_BA_4.sorted.bam","4","BA",0.210398,0.158613,0.263376,0.080615,0.043152,0.119069,0.015997,0,0.047789,0.269595,0.213012,0.324991,0.001533,0,0.012703,0.003266,0,0.022817,0.418596,0.383121,0.454181,0.000196,0,0.002537,0.033114,0,0.177481,0.000677,0,0.006898,0.003319,0,0.035647,0.004056,0,0.051738,0.000215,0,0.002167,0.000705,0,0.008615,0.110884,0,0.222454,0.000479,0,0.003915,0.003086,0,0.053207,0.000194,0,0.002319,0.000839,0,0.011053,0.000512,0,0.00751,0.000414,0,0.00489,9.7e-05,0,0.001248,0.001516,0,0.021345,0.001778,0,0.025525,0.000883,0,0.012747,0.000539,0,0.005368,0.00042,0,0.004704,0.000386,0,0.003915,0.381557,0.199558,0.520731,0.009206,0,0.109956,0.022314,0,0.091215,0.419998,0.259145,0.619941,0.000494,0,0.005217,0.000623,0,0.007342,0.001499,0,0.020939
"PH_BA_5.sorted.bam","5","BA",0.200706,0.140178,0.259561,0.046058,0.009295,0.082664,0.002356,0,0.018138,0.270298,0.198656,0.333715,0.001331,0,0.010742,0.019468,0,0.074098,0.459782,0.419662,0.499963,0.000429,0,0.006282,0.052221,0,0.148435,0.003722,0,0.054263,0.000954,0,0.01312,0.001306,0,0.018609,0.000122,0,0.001458,0.00079,0,0.008153,0.00522,0,0.074163,0.000369,0,0.00462,0.002696,0,0.035376,0.00034,0,0.002692,0.000267,0,0.003199,0.000309,0,0.003577,0.000282,0,0.003333,0.000161,0,0.001668,0.000783,0,0.009748,0.011759,0,0.105328,0.000656,0,0.008169,0.000891,0,0.011763,0.000653,0,0.009518,0.001623,0,0.020255,0.345467,0.20479,0.481024,0.013899,0,0.136996,0.000875,0,0.011758,0.527654,0.3733,0.658562,0.000489,0,0.00597,0.02095,0,0.138124,0.005115,0,0.059104
"PH_BA_7.sorted.bam","7","BA",0.217899,0.164993,0.272754,0.059818,0.019367,0.101134,0.029862,2e-06,0.061215,0.253192,0.196481,0.312864,0.000652,0,0.005372,0.003589,0,0.027494,0.434988,0.396386,0.47226,9.5e-05,0,0.001082,0.00172,0,0.022162,0.002062,0,0.027597,0.005312,0,0.055064,0.041889,0,0.120483,0.000135,0,0.001505,0.021836,0,0.134372,0.040856,0,0.165521,0.005656,0,0.060776,0.004145,0,0.050938,0.000194,0,0.001871,0.000243,0,0.002631,0.00016,0,0.001694,0.000174,0,0.002017,9.3e-05,0,0.001161,0.000887,0,0.01099,0.002887,0,0.046699,0.000578,0,0.007848,0.001664,0,0.024786,0.000109,0,0.001348,0.000184,0,0.002134,0.405659,0.291413,0.516015,0.027918,0,0.152675,0.005859,0,0.057999,0.427909,0.295528,0.542823,0.000237,0,0.002529,0.000684,0,0.008938,0.000855,0,0.012666
"PH_BA_9.sorted.bam","9","BA",0.123285,0.081106,0.170725,0.046336,5.9e-05,0.078964,0.048062,0.025536,0.072954,0.267362,0.206629,0.336885,0.002768,0,0.022058,0.065176,0.000273,0.118669,0.447011,0.413462,0.47272,0.000107,0,0.000941,0.000544,0,0.006909,0.00015,0,0.001462,0.000268,0,0.003196,0.085529,0,0.134862,5.5e-05,0,0.000584,0.000745,0,0.008048,0.000276,0,0.003064,0.004687,0,0.079033,0.000435,0,0.005831,0.000371,0,0.003791,0.001233,0,0.020236,0.00027,0,0.00291,0.000306,0,0.002877,6.3e-05,0,0.000729,0.001305,0,0.018685,0.004308,0,0.060865,0.000359,0,0.003555,0.004537,0,0.05604,0.000377,0,0.004666,0.000155,0,0.001882,0.243124,0.158679,0.339967,0.000481,0,0.007001,0.0049,0,0.056156,0.523303,0.40621,0.656394,0.002851,0,0.039123,0.119157,0,0.233098,0.000102,0,0.001255
"PH_BB_10.sorted.bam","10","BB",0.003285,0,0.023744,0.003799,0,0.029757,0.006714,0,0.033181,0.955139,0.899309,0.999094,0.001728,0,0.013276,0.003441,0,0.023748,0.025894,0,0.066331,0.000177,0,0.00191,0.00088,0,0.011099,0.000515,0,0.004449,0.000256,0,0.002101,0.00243,0,0.032662,0.000208,0,0.002747,0.001609,0,0.020181,0.001104,0,0.014223,0.001343,0,0.016002,0.933835,0.838933,0.998965,0.000395,0,0.003773,0.000417,0,0.004199,0.000269,0,0.003061,0.000523,0,0.007063,0.000204,0,0.002321,0.000783,0,0.010398,0.0012,0,0.018318,0.001164,0,0.016425,0.001341,0,0.016334,0.000392,0,0.004844,0.000256,0,0.002227,0.002294,0,0.03041,0.000538,0,0.005251,0.00755,0,0.059995,0.036689,0,0.128545,0.001053,0,0.016083,0.00149,0,0.019604,0.001087,0,0.016687
"PH_BB_1.sorted.bam","1","BB",0.009508,0,0.037679,0.006061,0,0.03219,0.026184,1e-06,0.056983,0.944699,0.898229,0.982159,0.001636,0,0.012054,0.003723,0,0.02451,0.008189,0,0.033776,0.000182,0,0.002086,0.002268,0,0.031274,0.001044,0,0.013983,0.003693,0,0.044256,0.004939,0,0.052114,0.000152,0,0.001758,0.004135,0,0.049664,0.000816,0,0.010139,0.0362,0,0.112689,0.92244,0.846614,0.978594,0.000368,0,0.005087,0.000364,0,0.005173,0.000723,0,0.010723,0.000788,0,0.009064,0.000183,0,0.002389,0.00138,0,0.016079,0.000893,0,0.011953,0.002183,0,0.030481,9e-04,0,0.012435,0.000228,0,0.002523,0.000185,0,0.002385,0.006809,0,0.055944,0.000754,0,0.010442,0.004326,0,0.049238,0.00168,0,0.024727,0.000434,0,0.005041,0.001494,0,0.023085,0.000441,0,0.004521
"PH_BB_2.sorted.bam","2","BB",0.011998,0,0.045869,0.001341,0,0.010628,0.014315,0,0.040984,0.964148,0.911968,0.998774,0.001152,0,0.009005,0.004893,0,0.029607,0.002153,0,0.015783,0.000142,0,0.001573,0.000353,0,0.004088,0.000186,0,0.00204,0.014944,0,0.065611,0.000467,0,0.005328,0.000585,0,0.007795,0.005436,0,0.084499,0.000327,0,0.003617,0.009074,0,0.073196,0.954505,0.876987,0.998608,0.000419,0,0.005485,0.000412,0,0.005345,0.000219,0,0.002195,0.000267,0,0.003244,8.6e-05,0,0.001069,0.002138,0,0.028318,0.000558,0,0.006166,0.001497,0,0.02065,0.00311,0,0.043222,0.000469,0,0.007075,0.000653,0,0.009366,0.000422,0,0.005901,0.000194,0,0.001925,0.001261,0,0.017068,0.001071,0,0.013551,0.000345,0,0.003905,0.000708,0,0.008756,0.000152,0,0.001437
"PH_BB_3.sorted.bam","3","BB",0.022702,0,0.072992,0.010435,0,0.059054,0.061268,0.032834,0.095026,0.846997,0.782009,0.905128,0.003882,0,0.024509,0.036175,0,0.08307,0.01854,0,0.057336,0.000218,0,0.002259,0.000513,0,0.005848,0.000261,0,0.002686,0.019447,0,0.119296,0.014283,0,0.114157,0.000105,0,0.001212,0.015948,0,0.122159,0.003443,0,0.054696,0.032019,0,0.175234,0.80884,0.686765,0.897235,0.001164,0,0.017349,0.001005,0,0.014187,0.002336,0,0.032754,0.000797,0,0.010202,8.7e-05,0,0.000994,0.005551,0,0.083175,0.000622,0,0.00735,0.043193,0,0.141876,0.012449,0,0.12927,0.000661,0,0.009519,0.000268,0,0.002386,0.002344,0,0.033083,0.000482,0,0.00492,0.011048,0,0.093818,0.011659,0,0.096408,0.001627,0,0.023312,0.009339,0,0.084541,0.00029,0,0.003544
"PH_BB_4.sorted.bam","4","BB",0.031348,0,0.074537,0.003169,0,0.026401,0.002031,0,0.014548,0.932572,0.872713,0.997598,0.000576,0,0.004924,0.014205,0,0.054786,0.016099,0,0.047811,0.001272,0,0.019364,0.00076,0,0.008174,0.000423,0,0.005381,0.001048,0,0.015191,0.000262,0,0.002827,0.000214,0,0.002689,0.025618,0,0.142989,0.001232,0,0.014228,0.000341,0,0.004158,0.916719,0.824839,0.99738,0.000249,0,0.002477,0.000165,0,0.002005,7.5e-05,0,0.000718,0.000193,0,0.001464,8.7e-05,0,0.000901,0.013727,0,0.100382,0.002705,0,0.036059,0.000699,0,0.00791,0.000979,0,0.009235,0.000151,0,0.001432,0.001262,0,0.016577,0.018748,0,0.086504,0.000368,0,0.004062,0.001209,0,0.016204,0.003342,0,0.048644,0.000145,0,0.001336,0.007624,0,0.069259,0.000381,0,0.003547
"PH_BB_5.sorted.bam","5","BB",0.004758,0,0.023443,0.002247,0,0.017536,0.020563,1e-06,0.050121,0.967498,0.935053,0.998249,0.002666,0,0.020045,0.001189,0,0.009875,0.00108,0,0.00956,0.000209,0,0.00242,0.00023,0,0.002388,0.000237,0,0.003145,0.007409,0,0.044073,0.001246,0,0.019516,0.000298,0,0.004155,0.000603,0,0.007305,0.001409,0,0.022199,0.029063,0,0.097292,0.9507,0.889382,0.998062,0.000305,0,0.002968,0.000456,0,0.006149,0.002012,0,0.02658,0.001433,0,0.019426,0.000269,0,0.003875,0.000264,0,0.003408,0.000293,0,0.003415,0.000543,0,0.005832,0.000494,0,0.005769,0.000313,0,0.003714,0.000173,0,0.001964,0.000289,0,0.002868,0.000384,0,0.004482,0.000256,0,0.003027,0.000594,0,0.00792,0.000275,0,0.002812,0.000122,0,0.001325,0.00012,0,0.000936
"PH_BB_6.sorted.bam","6","BB",0.003071,0,0.022442,0.01844,0,0.061974,0.00943,0,0.036048,0.960587,0.90425,0.999626,0.001045,0,0.008348,0.004318,0,0.034553,0.003108,0,0.018559,0.000333,0,0.004302,0.001647,0,0.019457,0.00066,0,0.007956,0.000583,0,0.007823,0.012692,0,0.067102,0.000189,0,0.002037,0.000658,0,0.006388,0.015727,0,0.116276,0.002612,0,0.035656,0.949755,0.862454,0.999553,0.000221,0,0.002024,0.000358,0,0.003981,0.000199,0,0.00192,0.000316,0,0.00388,0.000114,0,0.001136,0.000969,0,0.009661,0.0038,0,0.061339,0.001388,0,0.019365,0.00121,0,0.016287,0.000296,0,0.003644,0.000246,0,0.003029,0.001398,0,0.020729,0.001335,0,0.015657,0.001009,0,0.015477,0.001142,0,0.016518,0.000473,0,0.007089,0.000481,0,0.00465,0.000189,0,0.002263
"PH_BB_7.sorted.bam","7","BB",0.007742,0,0.043298,0.002691,0,0.019131,0.014682,0,0.044137,0.959739,0.907657,0.998087,0.008613,0,0.029593,0.003153,0,0.019304,0.00338,0,0.021541,0.000206,0,0.002354,0.000188,0,0.002154,0.000203,0,0.002741,0.001625,0,0.025475,0.001558,0,0.022788,0.000553,0,0.007568,0.008086,0,0.080282,0.000538,0,0.005661,0.017742,0,0.086198,0.944798,0.849217,0.997913,0.003057,0,0.038711,0.001493,0,0.019501,0.004868,0,0.046014,0.001849,0,0.027743,0.000983,0,0.011238,0.000682,0,0.009214,0.00088,0,0.010707,0.000908,0,0.014361,0.001293,0,0.018778,0.00158,0,0.024375,0.000305,0,0.00324,0.001435,0,0.019969,0.000318,0,0.003082,0.001559,0,0.02147,0.000375,0,0.005427,0.002414,0,0.030975,0.000354,0,0.004177,0.000153,0,0.002024
"PH_BB_8.sorted.bam","8","BB",0.010757,0,0.040821,0.00462,0,0.028943,0.019385,4e-06,0.04482,0.942087,0.892515,0.984395,0.004132,0,0.02136,0.003993,0,0.025112,0.015026,0,0.042527,0.000382,0,0.005128,0.001195,0,0.017768,0.000383,0,0.004048,0.004735,0,0.048813,0.003322,0,0.043319,0.000558,0,0.008151,0.005958,0,0.066891,0.000741,0,0.007263,0.007612,0,0.080001,0.931467,0.860302,0.982768,0.000596,0,0.008349,0.000392,0,0.005337,0.004266,0,0.036692,0.000898,0,0.011401,0.000577,0,0.007446,0.001036,0,0.013428,0.002062,0,0.026899,0.00232,0,0.03129,0.001389,0,0.014292,0.000132,0,0.001394,0.000182,0,0.001919,0.007229,0,0.052004,0.000761,0,0.0111,0.015398,0,0.066894,0.00464,0,0.052611,0.000826,0,0.013607,0.000684,0,0.007782,0.000258,0,0.002945
"PH_BB_9.sorted.bam","9","BB",0.035526,0,0.082451,0.009142,0,0.038856,0.03575,0.005261,0.063345,0.910706,0.855096,0.967058,0.002874,0,0.019912,0.00319,0,0.02585,0.002812,0,0.019357,0.000241,0,0.002989,0.0071,0,0.065091,0.000526,0,0.007338,0.022881,0,0.096884,0.003842,0,0.050699,0.00013,0,0.001567,0.034836,0,0.160531,0.002186,0,0.03244,0.042799,0,0.123568,0.869546,0.740401,0.958164,0.000784,0,0.008311,0.001786,0,0.023614,0.000711,0,0.007445,0.0013,0,0.018693,0.000136,0,0.001554,0.002853,0,0.041358,0.001221,0,0.016371,0.000453,0,0.004979,0.000631,0,0.004547,0.000513,0,0.00726,7.7e-05,0,0.000891,0.002116,0,0.029474,0.001097,0,0.015473,0.000554,0,0.006469,0.000566,0,0.005522,0.000381,0,0.005375,0.000556,0,0.004792,0.000177,0,0.002355
"PH_BC_10.sorted.bam","10","BC",0.497077,0.486571,0.500793,0.00136,0,0.010641,0.000561,0,0.004356,0.001464,0,0.011563,0.00369,0,0.021908,0.494854,0.475729,0.500002,0.000995,0,0.007229,0.000359,0,0.003956,0.000456,0,0.005682,0.000124,0,0.00128,0.000168,0,0.002013,0.000154,0,0.001921,6.5e-05,0,0.000625,0.00096,0,0.014103,0.000146,0,0.001615,0.000214,0,0.002278,0.00033,0,0.003916,0.00318,0,0.040491,0.001353,0,0.017151,0.000253,0,0.00237,0.000524,0,0.007155,0.000665,0,0.007812,0.988126,0.949808,0.999935,0.000144,0,0.001595,7.2e-05,0,0.000749,0.000234,0,0.003414,0.000367,0,0.005164,0.000203,0,0.002159,0.000545,0,0.006233,0.000218,0,0.002222,0.00013,0,0.001632,0.000189,0,0.0018,0.000375,0,0.004566,0.00036,0,0.004671,8.6e-05,0,0.001001
"PH_BC_11.sorted.bam","11","BC",0.49984,0.479386,0.539633,0.001218,0,0.010237,0.001448,0,0.011264,0.002315,0,0.020102,0.00133,0,0.010161,0.490672,0.450822,0.50121,0.003178,0,0.022697,0.008732,0,0.086233,0.000604,0,0.006857,0.000141,0,0.001554,0.000843,0,0.011393,0.00033,0,0.003847,0.000237,0,0.002698,0.001917,0,0.026521,0.000252,0,0.001835,0.000248,0,0.002635,0.000296,0,0.003091,0.000345,0,0.003679,0.000393,0,0.004785,0.000253,0,0.002799,0.000394,0,0.004473,0.000165,0,0.001645,0.976704,0.897244,0.999902,0.000415,0,0.005159,0.00031,0,0.003202,0.00074,0,0.009019,0.000422,0,0.00556,0.000764,0,0.006325,0.001803,0,0.026516,0.00016,0,0.001745,0.000439,0,0.003967,0.000486,0,0.005799,0.000524,0,0.00688,0.001224,0,0.016909,0.00086,0,0.011724
"PH_BC_1.sorted.bam","1","BC",0.491801,0.471405,0.501488,0.002041,0,0.013873,0.00169,0,0.012524,0.005665,0,0.036966,0.01461,0,0.05491,0.482416,0.44092,0.500016,0.001777,0,0.013681,0.00115,0,0.016176,0.00045,0,0.005042,0.000214,0,0.002791,0.000506,0,0.007199,0.000554,0,0.0083,0.00011,0,0.001075,0.004073,0,0.066353,0.000642,0,0.007829,0.00069,0,0.008402,0.000477,0,0.004587,0.0161,0,0.105867,0.00134,0,0.019906,0.000936,0,0.012321,0.003327,0,0.037934,0.002266,0,0.022659,0.959541,0.878446,0.999504,0.000351,0,0.003724,0.000243,0,0.002877,0.00093,0,0.014262,0.002028,0,0.028906,0.00067,0,0.009066,0.00063,0,0.008794,0.000317,0,0.003601,0.00023,0,0.002635,0.000713,0,0.009799,0.000957,0,0.01563,0.000398,0,0.003949,0.000155,0,0.001468
"PH_BC_2.sorted.bam","2","BC",0.501546,0.489724,0.52962,0.000887,0,0.007399,0.001061,0,0.008745,0.000848,0,0.007137,0.003539,0,0.026462,0.491409,0.460206,0.500021,0.00071,0,0.005634,0.007581,0,0.062912,0.000689,0,0.0097,0.00013,0,0.00156,0.001109,0,0.015163,0.000178,0,0.001716,0.000122,0,0.001427,0.000479,0,0.005777,0.000164,0,0.001624,9.6e-05,0,0.001092,0.000129,0,0.00126,0.004628,0,0.049659,0.000257,0,0.003494,0.000148,0,0.001528,0.000331,0,0.004013,0.000471,0,0.006251,0.980658,0.915676,0.999924,0.000132,0,0.001393,0.00021,0,0.002312,0.000233,0,0.002737,0.000502,0,0.007626,0.000456,0,0.004605,0.000367,0,0.004261,9.5e-05,0,0.001097,0.000136,0,0.001633,0.000134,0,0.001583,0.00027,0,0.003467,0.000171,0,0.001872,0.000124,0,0.001329
"PH_BC_3.sorted.bam","3","BC",0.499431,0.486251,0.522718,0.001063,0,0.008152,0.001759,0,0.012054,0.001931,0,0.015671,0.002232,0,0.01931,0.492371,0.463672,0.500368,0.001212,0,0.009796,0.005039,0,0.048118,0.000565,0,0.006395,0.00014,0,0.001701,0.00147,0,0.019224,0.000258,0,0.003238,0.000268,0,0.003472,0.001467,0,0.015291,0.000287,0,0.003324,0.000195,0,0.002413,0.000376,0,0.003673,0.002443,0,0.032785,0.00037,0,0.004884,0.000299,0,0.003779,0.000427,0,0.005011,0.000115,0,0.001428,0.982048,0.922381,0.999922,0.000239,0,0.002677,0.000444,0,0.005439,0.000411,0,0.004589,0.000352,0,0.004476,0.000474,0,0.00592,0.00079,0,0.011145,0.000128,0,0.001304,0.000317,0,0.004197,0.000325,0,0.003538,0.000343,0,0.004467,0.000298,0,0.00273,0.000111,0,0.00113
"PH_BC_4.sorted.bam","4","BC",0.501048,0.494661,0.521874,0.000645,0,0.004952,0.000449,0,0.003754,0.000437,0,0.003478,0.001305,0,0.013646,0.495553,0.473138,0.500004,0.000563,0,0.004653,0.004379,0,0.045852,0.000523,0,0.005579,7.4e-05,0,0.000795,0.000186,0,0.001457,0.000141,0,0.001835,8.7e-05,0,0.00091,0.000221,0,0.002504,8.2e-05,0,0.000848,7.2e-05,0,0.000664,7.8e-05,0,0.000721,0.001712,0,0.025842,0.000128,0,0.001607,0.000128,0,0.001486,0.000136,0,0.001561,0.000125,0,0.001503,0.990268,0.945461,0.999978,0.00013,0,0.001108,0.000124,0,0.001462,0.000128,0,0.001345,0.000168,0,0.001535,8.2e-05,0,0.000761,0.000429,0,0.004848,0.000137,0,0.001684,7.3e-05,0,0.000721,8.1e-05,0,0.000805,8.7e-05,0,0.000912,0.000123,0,0.00135,9.8e-05,0,0.001083
"PH_BC_5.sorted.bam","5","BC",0.497202,0.479774,0.520968,0.003535,0,0.020803,0.001796,0,0.012836,0.001553,0,0.012206,0.003508,0,0.020505,0.487944,0.458402,0.499992,0.004462,0,0.024033,0.006186,0,0.056749,0.001886,0,0.024982,0.000279,0,0.003771,0.000427,0,0.004803,0.000882,0,0.01129,0.000157,0,0.001856,0.000523,0,0.003378,0.000542,0,0.007059,0.000518,0,0.006347,0.000167,0,0.001712,0.002292,0,0.030941,0.00119,0,0.017514,0.000451,0,0.004759,0.000472,0,0.006263,0.000319,0,0.003642,0.973191,0.911061,0.999767,0.000527,0,0.005806,0.000346,0,0.003431,0.000277,0,0.003406,0.000578,0,0.006663,0.000211,0,0.002104,0.003713,0,0.040271,0.001485,0,0.019849,0.000653,0,0.00889,0.000441,0,0.006204,0.001396,0,0.018453,0.000545,0,0.007157,0.000346,0,0.00454
"PH_BC_6.sorted.bam","6","BC",0.499133,0.494062,0.503151,0.000528,0,0.004232,0.000375,0,0.002907,0.000409,0,0.003304,0.001692,0,0.018178,0.497358,0.479916,0.500116,0.000505,0,0.004065,0.00064,0,0.007719,0.000362,0,0.003393,5.1e-05,0,0.00048,0.000198,0,0.002122,5.9e-05,0,0.000618,5.4e-05,0,0.000639,0.000133,0,0.001475,0.000107,0,0.000963,7.4e-05,0,0.000815,8.3e-05,0,0.000958,0.002195,0,0.035369,0.000226,0,0.002548,0.000139,0,0.001412,0.000123,0,0.001394,0.000151,0,0.001429,0.993854,0.95913,0.999984,1e-04,0,0.000961,8.8e-05,0,0.001082,0.000121,0,0.001512,0.000198,0,0.002279,0.000131,0,0.001476,0.000243,0,0.002461,0.000101,0,0.001056,8.2e-05,0,0.000923,9.4e-05,0,0.000883,0.000203,0,0.002558,9.5e-05,0,0.000951,9.5e-05,0,0.001115
"PH_BC_7.sorted.bam","7","BC",0.344166,0.303284,0.393764,0.07585,0.048546,0.11121,0.068525,0.042121,0.095873,0.12993,0.069299,0.181963,0.004344,0,0.025833,0.283207,0.229361,0.332093,0.093978,0.060866,0.13105,0.000134,0,0.001307,0.005254,0,0.069809,0.000108,0,0.00103,0.000772,0,0.00904,0.134048,0.082229,0.187238,4.7e-05,0,0.000495,0.244546,0,0.357312,0.0036,0,0.055065,0.000876,0,0.01218,0.000421,0,0.004822,0.002243,0,0.029747,0.002095,0,0.030325,0.000156,0,0.002024,0.000937,0,0.012635,4.2e-05,0,0.00042,0.409954,0.2988,0.615603,0.005595,0,0.073673,0.000252,0,0.002149,0.000538,0,0.00732,0.000386,0,0.00486,0.00013,0,0.001433,0.025294,0,0.162145,0.000891,0,0.012336,0.000852,0,0.011438,0.008522,0,0.171971,0.002787,0,0.032856,0.149429,0.000177,0.232143,9e-05,0,0.000985
"PH_BC_8.sorted.bam","8","BC",0.457776,0.416487,0.496238,0.029474,0,0.069986,0.016934,0,0.050108,0.016097,0,0.055084,0.017472,0,0.050766,0.453915,0.405448,0.493626,0.008332,0,0.036131,0.000487,0,0.005738,0.011544,0,0.115742,0.00129,0,0.01973,0.004274,0,0.052172,0.00848,0,0.067407,0.00034,0,0.004248,0.001872,0,0.021081,0.015269,0,0.092697,0.00381,0,0.049552,0.000545,0,0.008114,0.010986,0,0.087534,0.012178,0,0.07776,0.00439,0,0.050926,0.001839,0,0.026904,0.000563,0,0.006337,0.884951,0.773946,0.971515,0.004626,0,0.05771,0.007662,0,0.067879,0.006593,0,0.063859,0.001539,0,0.019735,0.000551,0,0.006053,0.00095,0,0.013664,0.00427,0,0.05221,0.004572,0,0.047285,0.001724,0,0.026095,0.002887,0,0.039881,0.001357,0,0.019264,0.000452,0,0.005331
"PH_BC_9.sorted.bam","9","BC",0.430822,0.398001,0.466365,0.002583,0,0.020926,0.06286,0.030753,0.09298,0.086895,0.044555,0.148944,0.004809,0,0.027026,0.408792,0.344064,0.446673,0.003239,0,0.019723,0.00016,0,0.002043,0.000375,0,0.004922,0.000131,0,0.001292,0.000851,0,0.010154,0.002018,0,0.027839,0.000203,0,0.002587,0.057405,0,0.228902,0.000527,0,0.006014,0.10951,0,0.181334,0.000974,0,0.011258,0.00131,0,0.017386,0.000941,0,0.013275,0.001102,0,0.014739,0.00169,0,0.023588,0.000144,0,0.001526,0.800461,0.633355,0.8896,0.000511,0,0.004698,0.01076,0,0.108413,0.001602,0,0.021211,0.002733,0,0.035373,0.000234,0,0.00265,0.000922,0,0.01278,0.000533,0,0.007975,0.001074,0,0.014714,0.001108,0,0.014985,0.001555,0,0.021443,0.001048,0,0.0143,0.000119,0,0.001123
"PH_CA_10.sorted.bam","10","CA",0.001455,0,0.012225,0.681947,0.63242,0.730771,0.001413,0,0.011017,0.001249,0,0.010171,0.000712,0,0.005716,0.000917,0,0.007522,0.312308,0.264705,0.360475,0.000189,0,0.002319,0.000757,0,0.009814,0.537743,0.435078,0.689728,0.000616,0,0.00789,0.00043,0,0.005159,0.000322,0,0.004279,0.000305,0,0.003121,0.000494,0,0.005742,0.000411,0,0.005279,0.000205,0,0.002259,0.000204,0,0.002252,0.000167,0,0.001827,0.000215,0,0.002108,0.000158,0,0.00202,0.000133,0,0.001465,0.000315,0,0.003748,0.000147,0,0.001094,0.000233,0,0.002426,0.000277,0,0.003062,0.00017,0,0.001998,0.000271,0,0.003787,0.000335,0,0.002718,0.286414,0,0.454864,0.000277,0,0.002657,0.000444,0,0.005102,0.000243,0,0.002524,0.000152,0,0.001792,0.168376,0.076027,0.321762
"PH_CA_12.sorted.bam","12","CA",0.004288,0,0.025318,0.667671,0.618524,0.713888,0.001943,0,0.014006,0.001295,0,0.010223,0.00191,0,0.013261,0.002276,0,0.017651,0.320616,0.273819,0.367102,0.00136,0,0.016729,0.000694,0,0.007355,0.494087,0.400453,0.588705,0.000713,0,0.010235,0.000187,0,0.001821,0.000434,0,0.006629,0.000591,0,0.00691,0.000371,0,0.004828,0.000319,0,0.003587,0.000132,0,0.001522,0.000546,0,0.007666,0.000688,0,0.009068,0.000592,0,0.006835,0.000248,0,0.003246,0.000317,0,0.003619,0.001229,0,0.016933,0.000864,0,0.010484,0.000525,0,0.006151,0.000371,0,0.004715,0.000231,0,0.00273,0.000239,0,0.002768,0.002083,0,0.026567,0.344365,0.180685,0.484714,0.000681,0,0.009284,0.000426,0,0.005357,0.000881,0,0.012918,0.000854,0,0.008714,0.145971,0.068253,0.232865
"PH_CA_1.sorted.bam","1","CA",0.001575,0,0.012319,0.673817,0.624516,0.723902,0.002048,0,0.014518,0.001522,0,0.01205,0.000718,0,0.005852,0.001626,0,0.012362,0.318694,0.267838,0.369068,0.000341,0,0.00401,0.000647,0,0.008049,0.497798,0.374477,0.60493,0.000425,0,0.005185,0.000551,0,0.007815,0.000439,0,0.005524,0.000353,0,0.005107,0.000398,0,0.003523,0.000348,0,0.003945,0.000402,0,0.004769,0.00019,0,0.002269,0.000246,0,0.003294,0.000157,0,0.001589,0.00015,0,0.001551,0.000112,0,0.001171,0.000545,0,0.005465,0.000459,0,0.005635,0.000321,0,0.004294,0.000238,0,0.002901,0.000211,0,0.002393,0.00019,0,0.002088,0.000307,0,0.004295,0.349738,0.153871,0.603938,0.001415,0,0.020393,0.000754,0,0.010846,0.000257,0,0.002908,0.001096,0,0.013223,0.141911,0,0.25415
"PH_CA_2.sorted.bam","2","CA",0.001728,0,0.013265,0.653522,0.600431,0.705707,0.001656,0,0.012916,0.001336,0,0.01146,0.000907,0,0.007722,0.001637,0,0.013268,0.339215,0.288295,0.390105,0.000539,0,0.007078,0.000578,0,0.00653,0.54571,0.420565,0.683261,0.000381,0,0.004678,0.000607,0,0.006438,0.000658,0,0.008875,0.000295,0,0.003421,0.000663,0,0.009045,0.00019,0,0.00221,0.000369,0,0.003812,0.000271,0,0.002637,0.000304,0,0.002531,0.000163,0,0.001899,0.000159,0,0.001279,0.000181,0,0.002222,0.000518,0,0.005728,0.000498,0,0.005687,0.000204,0,0.002637,0.000258,0,0.002717,0.000338,0,0.003447,0.000527,0,0.006149,0.000334,0,0.002872,0.212973,0,0.439873,0.00045,0,0.006115,0.000368,0,0.004204,0.000217,0,0.002405,0.000405,0,0.00363,0.231841,0.105801,0.36648
"PH_CA_3.sorted.bam","3","CA",0.002131,0,0.016476,0.677021,0.628283,0.726555,0.000636,0,0.005241,0.000569,0,0.005013,0.000465,0,0.003959,0.001082,0,0.008398,0.318096,0.267967,0.367201,0.000398,0,0.005985,0.000821,0,0.009614,0.512551,0.413824,0.604837,0.000184,0,0.001988,0.000176,0,0.002094,0.000115,0,0.001318,0.000232,0,0.002094,0.000182,0,0.002188,0.000114,0,0.000866,0.000116,0,0.001307,0.000125,0,0.001299,0.000211,0,0.00251,8.6e-05,0,0.000942,0.000101,0,0.001137,8.5e-05,0,0.000876,0.000782,0,0.011059,0.000296,0,0.002582,0.000313,0,0.003903,0.000163,0,0.001856,8.6e-05,0,0.000753,0.000113,0,0.001325,0.001322,0,0.014538,0.327253,0.167755,0.52431,0.000169,0,0.002064,0.000114,0,0.001279,0.000151,0,0.001252,0.000299,0,0.00417,0.153442,0.01802,0.248707
"PH_CA_4.sorted.bam","4","CA",0.014288,0,0.049486,0.636592,0.581393,0.691309,0.003428,0,0.019193,0.000984,0,0.007393,0.002212,0,0.015023,0.001194,0,0.008894,0.341303,0.289379,0.391987,0.001649,0,0.021984,0.007519,0,0.066431,0.533296,0.426426,0.654803,0.002252,0,0.026824,0.001339,0,0.020168,0.000216,0,0.002682,0.000262,0,0.00301,0.00017,0,0.001549,0.000399,0,0.005399,0.000246,0,0.003507,0.000465,0,0.007157,0.000511,0,0.006573,0.001086,0,0.014694,0.00012,0,0.0015,0.000286,0,0.00322,0.000543,0,0.006706,0.000345,0,0.004369,0.000335,0,0.004634,0.000196,0,0.001907,0.000265,0,0.002661,0.000193,0,0.002214,0.014237,0,0.092413,0.196707,0,0.362399,0.001012,0,0.012691,0.000329,0,0.004365,0.001406,0,0.02037,0.000318,0,0.003118,0.234298,0.140369,0.338592
"PH_CA_6.sorted.bam","6","CA",0.001981,0,0.016644,0.666052,0.611171,0.717901,0.004928,0,0.027459,0.001501,0,0.011794,0.000877,0,0.006832,0.001194,0,0.009649,0.323468,0.272435,0.377573,0.000207,0,0.002211,0.000475,0,0.005827,0.441988,0.317391,0.563757,0.000941,0,0.012615,0.001618,0,0.023084,0.001444,0,0.018961,0.000256,0,0.003174,0.000264,0,0.002898,0.001134,0,0.015927,0.000358,0,0.005003,0.000236,0,0.002958,0.000365,0,0.003606,0.000269,0,0.003204,0.000175,0,0.002069,0.000115,0,0.001359,0.000553,0,0.005689,0.000305,0,0.002108,0.000456,0,0.006365,0.000212,0,0.002196,0.000232,0,0.00259,0.000171,0,0.001654,0.001086,0,0.01407,0.445101,0.212388,0.660569,0.002548,0,0.034673,0.000246,0,0.002744,0.000247,0,0.003385,0.000288,0,0.003825,0.09871,0,0.234455
"PH_CA_7.sorted.bam","7","CA",0.001721,0,0.014043,0.628597,0.577459,0.679488,0.000864,0,0.007252,0.000973,0,0.007692,0.000526,0,0.004218,0.001106,0,0.009941,0.366213,0.316933,0.416044,0.000615,0,0.008246,0.000747,0,0.007282,0.616682,0.530756,0.675426,0.000192,0,0.001964,0.000149,0,0.001332,0.000276,0,0.00337,0.00036,0,0.004492,0.000287,0,0.003478,0.000197,0,0.00233,0.000162,0,0.001872,0.000148,0,0.001541,0.000105,0,0.001211,0.000152,0,0.001794,0.000125,0,0.001406,0.000128,0,0.001529,0.000184,0,0.002086,0.000436,0,0.005618,0.000189,0,0.001803,0.000167,0,0.001615,0.000114,0,0.001066,0.00023,0,0.002172,0.000578,0,0.006678,0.022105,0,0.175702,0.000297,0,0.003479,0.000486,0,0.006415,0.000151,0,0.001639,0.000661,0,0.00832,0.354075,0.26742,0.414124
"PH_CA_8.sorted.bam","8","CA",0.001982,0,0.016248,0.651663,0.602313,0.699976,0.000807,0,0.00624,0.001161,0,0.010716,0.00089,0,0.007355,0.000759,0,0.006151,0.342738,0.294788,0.391731,0.000267,0,0.003307,0.000669,0,0.008139,0.481027,0.37145,0.583271,0.000175,0,0.001949,0.000223,0,0.00266,0.000266,0,0.003752,0.000408,0,0.003001,0.000425,0,0.004882,0.000135,0,0.001461,0.000131,0,0.001254,3e-04,0,0.003207,0.00022,0,0.002723,0.000179,0,0.002,0.000131,0,0.001345,0.000144,0,0.001525,0.000228,0,0.00288,0.000205,0,0.002312,0.000109,0,0.001222,0.00018,0,0.002065,0.000219,0,0.002544,0.00021,0,0.002716,0.00165,0,0.021385,0.339529,0.179766,0.518575,0.000259,0,0.002755,0.000781,0,0.009456,0.000444,0,0.006252,0.000158,0,0.001415,0.171328,0.076314,0.26409
"PH_CR_10.sorted.bam","10","CR",0.167925,0.119277,0.21605,0.311786,0.262947,0.358847,0.001707,0,0.010281,0.012054,0,0.065221,0.000553,0,0.004426,0.001073,0,0.008634,0.504903,0.485876,0.54648,0.00014,0,0.001675,0.000562,0,0.004962,0.001323,0,0.016351,0.000431,0,0.005959,0.000483,0,0.006712,0.000371,0,0.004322,0.000396,0,0.005366,0.001594,0,0.023863,0.000604,0,0.008028,0.000708,0,0.009283,0.000172,0,0.002099,0.000158,0,0.001544,7e-05,0,0.000829,0.000226,0,0.002606,0.000125,0,0.001497,0.00022,0,0.002293,0.000565,0,0.006494,0.000211,0,0.002563,0.000323,0,0.004196,0.000124,0,0.001569,0.000156,0,0.001787,0.333788,0.236578,0.43072,0.617563,0.51204,0.712472,0.000872,0,0.011738,0.019549,0,0.129939,0.000105,0,0.001086,0.000391,0,0.004855,0.018769,0,0.107562
"PH_CR_11.sorted.bam","11","CR",0.187885,0.134681,0.24298,0.271887,0.22452,0.316222,0.001507,0,0.011004,0.00449,0,0.035208,0.000449,0,0.003477,0.000662,0,0.005507,0.53312,0.494355,0.578601,0.000217,0,0.0024,0.000336,0,0.002992,0.000676,0,0.009455,0.000446,0,0.005884,0.000468,0,0.006003,9.7e-05,0,0.001108,0.000405,0,0.004133,0.001657,0,0.022562,0.000549,0,0.008365,0.000284,0,0.003328,0.00013,0,0.001747,0.000184,0,0.001813,0.00013,0,0.001567,0.00013,0,0.001468,6.5e-05,0,0.000669,0.00018,0,0.00198,0.000129,0,0.001294,0.000155,0,0.001812,0.000188,0,0.002257,8.9e-05,0,0.000923,1e-04,0,0.001143,0.373839,0.265411,0.485098,0.539648,0.444309,0.628717,0.001071,0,0.013914,0.005482,0,0.067626,0.000106,0,0.001211,0.000382,0,0.004799,0.072856,0,0.163868
"PH_CR_12.sorted.bam","12","CR",0.188685,0.13857,0.240851,0.236704,0.195083,0.281617,0.001093,0,0.008417,0.001163,0,0.009105,0.000432,0,0.003513,0.000704,0,0.00557,0.571218,0.535987,0.608715,0.000359,0,0.004173,0.001132,0,0.007925,0.000479,0,0.00508,0.000242,0,0.002859,0.000509,0,0.007019,0.000145,0,0.001908,0.000332,0,0.004184,0.000539,0,0.006844,0.000269,0,0.00319,0.000255,0,0.003234,9.8e-05,0,0.00104,0.000149,0,0.001729,0.000145,0,0.001655,0.000125,0,0.001258,4.9e-05,0,0.000414,0.000207,0,0.002591,0.000201,0,0.001857,0.000108,0,0.001243,0.000221,0,0.002618,9e-05,0,0.000961,8.8e-05,0,0.000623,0.374642,0.275062,0.478998,0.469921,0.383465,0.561342,0.000622,0,0.008293,0.00033,0,0.002587,0.000159,0,0.001406,0.000404,0,0.004892,0.148179,0.079059,0.222142
"PH_CR_1.sorted.bam","1","CR",0.168087,0.123073,0.219004,0.265865,0.217492,0.311871,0.000528,0,0.004341,0.004534,0,0.03193,0.001125,0,0.009026,0.001045,0,0.008043,0.558816,0.5206,0.599293,0.000137,0,0.001282,0.000696,0,0.009669,0.000522,0,0.007031,0.000151,0,0.001815,0.000105,0,0.001253,7.2e-05,0,0.000781,0.000215,0,0.00177,0.000787,0,0.010247,0.000213,0,0.00242,0.000687,0,0.010866,0.000287,0,0.003663,0.000256,0,0.002989,0.000144,0,0.00147,0.000448,0,0.006244,0.000151,0,0.001707,0.000295,0,0.003965,0.000357,0,0.004283,0.000156,0,0.001788,0.000315,0,0.003477,0.00017,0,0.001928,0.000134,0,0.001447,0.334257,0.243816,0.434147,0.528485,0.432594,0.621149,0.000144,0,0.001231,0.005717,0,0.060334,0.000644,0,0.007535,0.000529,0,0.006786,0.123928,0.05211,0.202481
"PH_CR_2.sorted.bam","2","CR",0.149898,0.10141,0.204209,0.289926,0.246238,0.335524,0.000757,0,0.005698,0.001482,0,0.012152,0.000528,0,0.004031,0.000839,0,0.006518,0.55657,0.498878,0.595576,9.7e-05,0,0.001066,0.000214,0,0.002688,0.000467,0,0.005234,0.000144,0,0.001508,0.000236,0,0.002514,9.5e-05,0,0.00107,0.000741,0,0.009203,0.000482,0,0.005933,0.000154,0,0.00182,0.000295,0,0.00257,0.000164,0,0.001731,0.000193,0,0.002249,0.000111,0,0.001455,0.000147,0,0.001674,7.6e-05,0,0.000743,0.000247,0,0.002866,0.000244,0,0.002223,0.000162,0,0.002071,0.000164,0,0.001983,0.000121,0,0.001344,0.000143,0,0.001688,0.298091,0.200565,0.406781,0.577549,0.487402,0.668641,0.000516,0,0.0055,0.000686,0,0.00818,0.000167,0,0.001917,0.000455,0,0.007136,0.117838,0,0.196007
"PH_CR_3.sorted.bam","3","CR",0.155963,0.110955,0.206753,0.289944,0.242226,0.335954,0.001617,0,0.010404,0.002562,0,0.019914,0.000737,0,0.005698,0.000966,0,0.007601,0.548211,0.495774,0.592396,0.000281,0,0.003034,0.000467,0,0.006346,0.001353,0,0.019562,0.000449,0,0.006025,0.000532,0,0.006282,0.000434,0,0.005267,0.000834,0,0.010583,0.001777,0,0.028572,0.000441,0,0.005661,0.000416,0,0.005893,0.000144,0,0.001408,0.000172,0,0.001935,7.8e-05,0,0.000835,0.00041,0,0.005143,0.000158,0,0.002007,0.000296,0,0.003356,0.000236,0,0.002982,0.000334,0,0.004847,0.000234,0,0.002322,0.000111,0,0.001219,0.000128,0,0.001428,0.309173,0.218889,0.411884,0.573998,0.476317,0.669815,0.000534,0,0.005797,0.000595,0,0.004984,0.000242,0,0.002671,0.000464,0,0.005357,0.105707,0,0.194868
"PH_CR_4.sorted.bam","4","CR",0.179689,0.13127,0.233512,0.173338,0.122613,0.239536,0.122784,0.091588,0.154674,0.153823,0.094433,0.210103,0.000867,0,0.007299,0.011181,0,0.053059,0.358317,0.314985,0.395773,9.5e-05,0,0.000972,0.00149,0,0.022518,0.001271,0,0.016755,0.001368,0,0.015421,0.241896,0.176357,0.307977,7.6e-05,0,0.000703,0.000401,0,0.003751,0.017798,0,0.11676,0.000419,0,0.003478,0.000151,0,0.001796,0.000267,0,0.002977,0.000322,0,0.002852,0.000161,0,0.001803,0.000245,0,0.002192,5.6e-05,0,0.000642,0.00096,0,0.014642,0.015152,0,0.104136,0.000338,0,0.003536,0.000744,0,0.009165,0.000119,0,0.001207,2e-04,0,0.002285,0.354703,0.25756,0.463565,0.067476,0,0.220421,0.001234,0,0.016562,0.287737,0.166295,0.403819,0.000508,0,0.006362,0.004648,0,0.053028,0.000164,0,0.002005
"PH_CR_5.sorted.bam","5","CR",0.145464,0.101999,0.190595,0.284168,0.239376,0.328149,0.000854,0,0.006787,0.002385,0,0.017128,0.000529,0,0.004557,0.000772,0,0.006173,0.565827,0.531307,0.603476,0.000209,0,0.002156,0.000796,0,0.00903,0.010502,0,0.068934,0.000437,0,0.005509,0.000246,0,0.002429,8.4e-05,0,0.000968,0.000643,0,0.009878,0.001456,0,0.020977,0.000301,0,0.003859,0.000171,0,0.001991,0.000144,0,0.001607,0.000123,0,0.001426,7.7e-05,0,0.000848,0.000204,0,0.001983,6.6e-05,0,0.00074,0.00027,0,0.003064,0.000318,0,0.004148,0.00012,0,0.001293,0.000211,0,0.00255,0.000147,0,0.001457,9.4e-05,0,0.00093,0.288219,0.202257,0.378606,0.544392,0.430629,0.64452,0.000359,0,0.004381,0.001615,0,0.018061,0.000232,0,0.002803,0.000289,0,0.002402,0.148274,0.078299,0.224588
"PH_CR_6.sorted.bam","6","CR",0.151887,0.104956,0.203471,0.245981,0.196844,0.29351,0.016136,0,0.040416,0.011407,0,0.053386,0.001376,0,0.010107,0.001927,0,0.01651,0.571284,0.526855,0.616758,0.00022,0,0.002307,0.001101,0,0.013983,0.001127,0,0.016075,0.00115,0,0.019064,0.014665,0,0.072858,0.00037,0,0.004593,0.000139,0,0.001649,0.003087,0,0.039951,0.005403,0,0.049254,0.00305,0,0.035957,0.000153,0,0.00173,0.000401,0,0.004902,0.000564,0,0.008531,0.000302,0,0.003088,0.000221,0,0.002622,0.00018,0,0.001561,0.000241,0,0.002699,0.000851,0,0.011295,0.000663,0,0.009705,0.000194,0,0.002104,0.000271,0,0.00303,0.300611,0.208376,0.404545,0.470215,0.348874,0.578947,0.008899,0,0.068872,0.007122,0,0.087799,0.000695,0,0.009858,0.001184,0,0.011708,0.176921,0.071843,0.271548
"PH_CR_7.sorted.bam","7","CR",0.149682,0.095845,0.201508,0.301006,0.257164,0.344481,0.000769,0,0.006496,0.010323,0,0.062693,0.000756,0,0.005874,0.001148,0,0.009819,0.536316,0.495771,0.579069,0.000126,0,0.001303,0.000515,0,0.004592,0.000576,0,0.006986,0.000383,0,0.004967,0.000262,0,0.002286,5.8e-05,0,0.000593,0.001022,0,0.011094,0.001382,0,0.020944,0.000209,0,0.002474,0.000783,0,0.01142,0.00015,0,0.001702,0.000212,0,0.002034,0.000179,0,0.001929,0.000298,0,0.003035,5.7e-05,0,0.000681,0.000216,0,0.002222,0.000246,0,0.002246,0.000151,0,0.001319,0.000335,0,0.004326,8.1e-05,0,0.000882,0.000159,0,0.001836,0.296827,0.189387,0.402221,0.598242,0.508708,0.685871,0.000238,0,0.002435,0.015835,0,0.12232,0.000478,0,0.005628,0.000949,0,0.012086,0.080032,0,0.164251
"PH_CR_8.sorted.bam","8","CR",0.154403,0.103676,0.212141,0.264514,0.217361,0.317203,0.003362,0,0.019972,0.002497,0,0.019553,0.001123,0,0.00831,0.001759,0,0.012601,0.572343,0.499075,0.617785,0.000403,0,0.005154,0.00246,0,0.034791,0.003344,0,0.045473,0.001585,0,0.022434,0.001621,0,0.023318,0.000139,0,0.001409,0.000808,0,0.009419,0.001546,0,0.023276,0.000765,0,0.010558,0.000253,0,0.003246,0.000346,0,0.004266,0.000381,0,0.003965,0.000398,0,0.005262,0.000281,0,0.002936,8.3e-05,0,0.000913,0.000611,0,0.006676,0.000778,0,0.009675,0.00034,0,0.004068,0.000407,0,0.005359,0.000336,0,0.004422,0.00031,0,0.003663,0.302189,0.200612,0.422215,0.515555,0.401474,0.630561,0.001736,0,0.024562,0.000681,0,0.006556,0.000339,0,0.004295,0.000426,0,0.005074,0.16188,0,0.253036
"PH_CR_9.sorted.bam","9","CR",0.156165,0.11071,0.201902,0.246942,0.199014,0.295851,0.003257,0,0.018986,0.003892,0,0.024346,0.001259,0,0.010031,0.001794,0,0.014051,0.586691,0.541374,0.63243,0.000189,0,0.002146,0.000326,0,0.003386,0.000408,0,0.004931,0.000871,0,0.01185,0.000632,0,0.007273,0.000462,0,0.006391,0.000412,0,0.004122,0.001866,0,0.023766,0.001669,0,0.02176,0.000633,0,0.007638,0.000228,0,0.002313,0.000631,0,0.006519,0.000299,0,0.003765,0.00054,0,0.006587,0.000166,0,0.002075,0.000398,0,0.0041,0.000219,0,0.003054,0.00088,0,0.013485,0.000622,0,0.008203,0.000213,0,0.002093,0.00034,0,0.004136,0.309718,0.218636,0.402971,0.489395,0.392101,0.589646,0.00124,0,0.018431,0.00141,0,0.021212,0.000276,0,0.003107,0.000578,0,0.005622,0.185382,0.098945,0.275175
"PH_DA_2.sorted.bam","2","DA",0.000714,0,0.006075,0.000329,0,0.002722,0.981845,0.957005,0.999686,0.000755,0,0.006691,0.009327,0,0.036757,0.006608,0,0.033841,0.000422,0,0.003444,2e-04,0,0.002552,9e-05,0,0.000953,7.2e-05,0,0.00079,0.000109,0,0.001418,9.2e-05,0,0.000999,0.981278,0.956273,0.99963,8.9e-05,0,0.001133,7.7e-05,0,0.000777,0.000164,0,0.001497,0.000172,0,0.001919,0.000211,0,0.002404,0.000124,0,0.001294,0.000371,0,0.004721,0.000427,0,0.005923,0.007947,0,0.036535,0.000446,0,0.006394,6.8e-05,0,0.000781,0.000275,0,0.0038,0.000323,0,0.003962,0.001447,0,0.016898,0.005253,0,0.033736,8.2e-05,0,0.000926,6.3e-05,0,0.000631,0.000123,0,0.001347,8.7e-05,0,0.000989,0.00018,0,0.001476,0.000154,0,0.001725,7.7e-05,0,0.000828
"PH_DA_5.sorted.bam","5","DA",0.000672,0,0.005844,0.000324,0,0.002598,0.993384,0.976143,0.999967,0.000625,0,0.005278,0.003612,0,0.020065,0.000881,0,0.007086,0.000502,0,0.004256,0.000352,0,0.004841,7.5e-05,0,0.000872,7.3e-05,0,0.000826,9.1e-05,0,0.000878,6.1e-05,0,0.000666,0.992822,0.974597,0.999961,0.000123,0,0.001565,8.3e-05,0,0.001008,0.000165,0,0.001448,0.000209,0,0.002702,0.000137,0,0.001552,0.000103,0,0.001081,0.000412,0,0.00599,0.000222,0,0.002324,0.002867,0,0.019314,0.000148,0,0.001902,0.000113,0,0.001209,0.000345,0,0.004327,0.000143,0,0.001545,0.000499,0,0.006407,0.000202,0,0.002323,6.5e-05,0,0.000674,6.8e-05,0,0.000733,5e-05,0,0.000541,9.6e-05,0,0.001101,0.000116,0,0.001323,0.000111,0,0.001389,0.000249,0,0.003189
"PH_DA_6.sorted.bam","6","DA",0.000744,0,0.006003,0.000472,0,0.003835,0.985929,0.962434,0.999844,0.000569,0,0.004607,0.006168,0,0.029026,0.0051,0,0.030744,0.001018,0,0.008376,0.00022,0,0.002383,9.1e-05,0,0.001072,0.000117,0,0.001238,0.000143,0,0.001479,0.000103,0,0.001108,0.985295,0.960612,0.999807,0.00011,0,0.001189,0.000105,0,0.000771,0.000181,0,0.001426,0.000117,0,0.001334,0.000262,0,0.003227,0.000141,0,0.001748,0.000299,0,0.003359,0.000175,0,0.001877,0.004892,0,0.028741,0.000309,0,0.004059,0.000125,0,0.001357,0.000396,0,0.004288,0.000231,0,0.002861,0.001283,0,0.017118,0.003844,0,0.030207,0.000134,0,0.001305,0.000145,0,0.001564,0.000146,0,0.00163,0.000102,0,0.001022,0.000393,0,0.005895,0.00017,0,0.001625,0.000473,0,0.006635
"PH_DA_7.sorted.bam","7","DA",0.000607,0,0.005132,0.000775,0,0.006385,0.992097,0.970258,0.999964,0.000854,0,0.006679,0.000985,0,0.007544,0.004059,0,0.027569,0.000624,0,0.004857,0.000138,0,0.001667,0.000131,0,0.001735,0.000331,0,0.004537,0.000168,0,0.001715,0.000123,0,0.001325,0.991389,0.967951,0.999958,0.000121,0,0.001465,0.000206,0,0.002499,0.000226,0,0.002471,0.000243,0,0.002987,0.000135,0,0.001265,0.000131,0,0.0016,0.000151,0,0.001751,0.000126,0,0.001435,0.000393,0,0.005215,0.000245,0,0.003179,0.000175,0,0.00151,0.000621,0,0.007153,0.000402,0,0.005439,0.00052,0,0.007318,0.002974,0,0.027274,0.000139,0,0.00149,0.000121,0,0.001425,0.000126,0,0.001412,0.00014,0,0.001474,0.00012,0,0.00143,0.000207,0,0.002171,0.000198,0,0.002403
"PH_DA_8.sorted.bam","8","DA",0.001178,0,0.008912,5e-04,0,0.004,0.837474,0.803785,0.869042,0.000618,0,0.005255,0.116321,0.085574,0.149012,0.043525,0.007248,0.080086,0.000384,0,0.003241,0.000508,0,0.00659,9.7e-05,0,0.001043,8.8e-05,0,0.001005,0.000232,0,0.003112,0.000155,0,0.001709,0.735222,0.676325,0.79031,0.000179,0,0.00226,8.1e-05,0,0.000922,7.9e-05,0,0.000886,9.5e-05,0,0.000971,0.000445,0,0.005834,0.000164,0,0.002064,0.195909,0.116174,0.266617,0.000369,0,0.003461,0.007485,0,0.063841,0.000317,0,0.003338,0.000238,0,0.002041,0.00801,0,0.077359,0.000259,0,0.003032,0.020672,0,0.100726,0.028702,0,0.078728,7.1e-05,0,0.00077,8.7e-05,0,0.00088,0.000119,0,0.001305,7.9e-05,0,0.000745,0.000113,0,0.001074,0.00015,0,0.001524,7.4e-05,0,0.000838
"PH_FC_10.sorted.bam","10","FC",0.005682,0,0.027211,0.783033,0.735985,0.829572,0.002321,0,0.013612,0.200686,0.152884,0.248522,0.00126,0,0.008983,0.001883,0,0.014704,0.005135,0,0.027317,0.000807,0,0.010676,0.001212,0,0.014984,0.582797,0.492666,0.673277,0.001376,0,0.018236,0.000782,0,0.011628,0.000111,0,0.001154,0.000568,0,0.007175,0.396403,0.296619,0.495442,0.000352,0,0.004283,0.000848,0,0.012786,0.000527,0,0.007225,0.00042,0,0.004129,0.000515,0,0.006799,0.000253,0,0.002743,0.000142,0,0.001604,0.001169,0,0.016074,0.000494,0,0.006099,0.000618,0,0.007112,0.000428,0,0.004924,0.000222,0,0.002787,0.000193,0,0.00195,0.004899,0,0.045504,0.001162,0,0.017845,0.000779,0,0.011071,0.001671,0,0.026498,0.000299,0,0.002956,0.000449,0,0.005489,0.000505,0,0.007379
"PH_FC_11.sorted.bam","11","FC",0.001922,0,0.016028,0.6054,0.5553,0.652735,0.057603,0.02977,0.086791,0.232953,0.16802,0.29942,0.018985,0,0.062196,0.074953,3.3e-05,0.135804,0.008185,0,0.033946,0.000118,0,0.001188,0.001627,0,0.024225,0.23023,0.138362,0.32352,0.000205,0,0.002381,0.112237,0.054518,0.171281,9e-05,0,0.000853,0.000162,0,0.00155,0.46268,0.332808,0.59594,0.00025,0,0.002639,0.000244,0,0.00256,0.000396,0,0.00489,0.024724,0,0.121012,0.000397,0,0.004957,0.001085,0,0.013299,0.000165,0,0.00171,0.000224,0,0.002367,0.147745,0,0.269265,0.000226,0,0.002383,4e-04,0,0.004037,0.000478,0,0.006173,0.000187,0,0.001618,0.000993,0,0.012591,0.001326,0,0.017764,0.00171,0,0.023777,0.000841,0,0.012386,0.010561,0,0.062348,0.00046,0,0.005548,0.000239,0,0.003242
"PH_FC_12.sorted.bam","12","FC",0.003139,0,0.030073,0.60279,0.557064,0.648893,0.00145,0,0.011182,0.223631,0.163289,0.286498,0.018982,0,0.055504,0.082939,0.033028,0.129541,0.067069,0.031222,0.102574,8.2e-05,0,0.000919,0.004739,0,0.058084,0.209808,0.11702,0.301519,0.000332,0,0.004323,0.001409,0,0.0198,5.5e-05,0,0.000597,0.000263,0,0.002952,0.445756,0.325914,0.572235,0.000366,0,0.004437,0.000113,0,0.000988,0.000212,0,0.002799,0.036679,0,0.109696,0.000239,0,0.002516,0.000262,0,0.003013,5e-05,0,0.000591,0.000227,0,0.002692,0.164726,0.065568,0.258295,0.000201,0,0.002553,0.000177,0,0.001969,0.000206,0,0.002049,7.8e-05,0,0.000825,0.000342,0,0.004143,0.132654,0.061113,0.203514,0.000242,0,0.002979,0.00021,0,0.00256,0.000265,0,0.002989,0.000186,0,0.001934,0.000119,0,0.001516
"PH_FC_1.sorted.bam","1","FC",0.003504,0,0.023512,0.766658,0.715882,0.817113,0.001341,0,0.010711,0.159242,0.108803,0.211113,0.001256,0,0.010764,0.00289,0,0.023451,0.065109,0.031444,0.102768,0.000235,0,0.002154,0.001296,0,0.01811,0.699714,0.61793,0.777757,0.000552,0,0.007042,0.000625,0,0.008262,0.00015,0,0.001264,0.001717,0,0.025804,0.007161,0,0.102591,0.000413,0,0.005117,0.150893,0.087555,0.206748,0.000512,0,0.005616,0.000614,0,0.005691,0.000236,0,0.002357,0.000467,0,0.005439,0.000141,0,0.001789,0.001929,0,0.026513,0.002377,0,0.033193,0.00025,0,0.00312,0.000414,0,0.005248,0.000217,0,0.002248,8.8e-05,0,0.000809,0.000531,0,0.007516,0.121817,0,0.203534,0.000304,0,0.003612,0.006527,0,0.102517,0.000187,0,0.002371,0.000417,0,0.002793,0.000218,0,0.002853
"PH_FC_2.sorted.bam","2","FC",0.016068,0,0.054031,0.726165,0.67508,0.774444,0.003075,0,0.018035,0.184163,0.129345,0.239278,0.003027,0,0.018442,0.009008,0,0.042795,0.058494,0.027871,0.092536,0.001889,0,0.023484,0.00315,0,0.048526,0.53977,0.409938,0.678324,0.000792,0,0.011558,0.001151,0,0.016063,0.000737,0,0.010897,0.000364,0,0.004624,0.323047,0.123065,0.457859,0.000864,0,0.012478,0.002783,0,0.036521,0.001483,0,0.019062,0.000542,0,0.006884,0.000484,0,0.006622,0.000473,0,0.006949,0.000717,0,0.010744,0.005289,0,0.050528,0.000659,0,0.008681,0.000682,0,0.008531,0.003615,0,0.04578,0.000602,0,0.008,0.000664,0,0.008355,0.01728,0,0.104976,0.044243,0,0.165602,0.000704,0,0.011093,0.034395,0,0.15824,0.001037,0,0.015951,0.005842,0,0.073146,0.006744,0,0.067276
"PH_FC_4.sorted.bam","4","FC",0.002973,0,0.023266,0.782111,0.730376,0.830857,0.002098,0,0.014196,0.163642,0.100896,0.226192,0.003453,0,0.019545,0.010198,0,0.053412,0.035526,0.003828,0.076626,0.000116,0,0.001255,0.000305,0,0.003544,0.594573,0.491701,0.699372,0.000752,0,0.010153,0.000835,0,0.011467,0.000304,0,0.003826,0.000358,0,0.003981,0.32099,0.192587,0.447507,0.000337,0,0.003364,0.00045,0,0.004494,0.000972,0,0.013227,0.001438,0,0.021815,0.000487,0,0.006434,0.000802,0,0.007502,0.000758,0,0.010061,0.000387,0,0.004587,0.012094,0,0.096279,0.000507,0,0.007029,0.001706,0,0.022203,0.000543,0,0.007639,0.001835,0,0.023037,0.00294,0,0.040013,0.039415,0,0.142318,0.000671,0,0.009104,0.002189,0,0.036321,0.001146,0,0.014725,0.00149,0,0.020697,0.0116,0,0.053782
"PH_FC_6.sorted.bam","6","FC",0.033758,1e-06,0.077497,0.592887,0.54384,0.644329,0.05859,0.028412,0.091453,0.22809,0.159574,0.292857,0.008444,0,0.038785,0.038144,2e-06,0.091485,0.040088,0,0.087798,0.000135,0,0.001316,0.044091,0,0.153162,0.230045,0.134518,0.332365,0.000683,0,0.010325,0.112779,0.044395,0.181234,7.7e-05,0,0.000873,0.000387,0,0.004438,0.453217,0.31323,0.584125,0.000473,0,0.005948,0.000217,0,0.002682,0.000803,0,0.011978,0.006324,0,0.054352,0.000536,0,0.007197,0.00044,0,0.005324,9.8e-05,0,0.001034,0.00541,0,0.061505,0.062271,0,0.180028,0.000549,0,0.006432,0.000468,0,0.005618,0.000971,0,0.01086,0.000222,0,0.002135,0.015873,0,0.117184,0.047001,0,0.162991,0.002007,0,0.024526,0.000761,0,0.008626,0.007618,0,0.069612,0.006174,0,0.067236,0.000372,0,0.004444
"PH_FC_8.sorted.bam","8","FC",0.003765,0,0.025133,0.495366,0.475331,0.501455,0.059749,0.028149,0.094105,0.238226,0.182723,0.29454,0.004882,0,0.036904,0.098732,0.054622,0.149761,0.099279,0.065968,0.132852,0.000193,0,0.00207,0.002356,0,0.033619,0.000849,0,0.009143,0.000251,0,0.002293,0.118285,0.055659,0.186922,5.4e-05,0,0.000655,0.000863,0,0.010731,0.473613,0.36077,0.585816,0.000281,0,0.003089,0.000202,0,0.002526,0.000663,0,0.008467,0.006254,0,0.073098,0.00023,0,0.002724,0.000495,0,0.006904,0.000138,0,0.001741,0.000659,0,0.008082,0.195092,0.105403,0.298037,0.000121,0,0.001281,0.000256,0,0.003409,0.000506,0,0.005589,0.00016,0,0.001859,0.002355,0,0.030165,0.193435,0.123169,0.262832,0.000221,0,0.002866,0.000541,0,0.004885,0.001339,0,0.020277,0.00051,0,0.006386,7.8e-05,0,0.000835
"PH_FC_9.sorted.bam","9","FC",0.003862,0,0.027721,0.812585,0.759674,0.861954,0.002806,0,0.016678,0.155347,0.101968,0.210534,0.001318,0,0.010163,0.003667,0,0.024026,0.020416,0,0.063417,0.000358,0,0.004512,0.001788,0,0.02497,0.699681,0.577647,0.838423,0.00061,0,0.008812,0.002036,0,0.025655,0.000186,0,0.002258,0.000422,0,0.004492,0.19478,0,0.384836,0.000361,0,0.004216,0.055426,0,0.17626,0.000169,0,0.001474,0.000451,0,0.005839,0.000355,0,0.004745,2e-04,0,0.002339,0.000181,0,0.001827,0.000841,0,0.011867,0.002269,0,0.031985,0.000323,0,0.003354,0.001709,0,0.026073,0.000257,0,0.002938,0.000689,0,0.009898,0.003177,0,0.041298,0.024483,0,0.116655,0.001554,0,0.018288,0.002368,0,0.036954,0.00084,0,0.010652,0.000555,0,0.006967,0.003927,0,0.039648
"PH_FV_10.sorted.bam","10","FV",0.003289,0,0.020795,0.00213,0,0.017477,0.10264,0.071397,0.135836,0.791394,0.734365,0.845037,0.003111,0,0.021339,0.096683,0.041954,0.150396,0.000753,0,0.006246,0.001076,0,0.011017,0.000179,0,0.002291,0.000316,0,0.003869,0.000664,0,0.007026,0.001091,0,0.010586,0.000293,0,0.00379,0.001184,0,0.014631,0.000533,0,0.007543,0.194581,0.099846,0.26768,0.643132,0.493808,0.75668,0.000763,0,0.011836,0.000459,0,0.005879,0.00081,0,0.010888,0.000984,0,0.011776,0.000161,0,0.001894,0.001419,0,0.020639,0.001209,0,0.018058,0.007361,0,0.084094,0.098861,0,0.286552,0.002634,0,0.03343,0.040835,0,0.12792,0.000215,0,0.002432,0.000156,0,0.001342,0.000187,0,0.002005,0.000379,0,0.004396,0.000251,0,0.003329,0.000211,0,0.001907,5.4e-05,0,0.000575
"PH_FV_11.sorted.bam","11","FV",0.001053,0,0.008675,0.000961,0,0.007684,0.134611,0.100582,0.171264,0.793254,0.729204,0.859956,0.00364,0,0.026865,0.06553,1.6e-05,0.128176,0.000951,0,0.007362,9e-05,0,0.001053,0.000211,0,0.002639,0.000153,0,0.001475,0.000184,0,0.001865,0.000366,0,0.003352,0.000813,0,0.011778,0.000409,0,0.00418,0.000218,0,0.002643,0.253112,0.140604,0.336883,0.641913,0.498132,0.74935,0.000192,0,0.001812,0.000159,0,0.00215,0.000496,0,0.006626,0.000464,0,0.004087,0.000688,0,0.009625,0.000708,0,0.009807,0.000505,0,0.006711,0.013212,0,0.123616,0.048205,0,0.228536,0.004211,0,0.047008,0.031928,0,0.114056,0.000222,0,0.002644,0.000158,0,0.001813,0.000227,0,0.002593,0.000274,0,0.0029,0.000382,0,0.004606,0.000363,0,0.004371,0.000137,0,0.001406
"PH_FV_12.sorted.bam","12","FV",0.001387,0,0.010604,0.001431,0,0.011143,0.097397,0.064796,0.130195,0.788915,0.732007,0.841146,0.002157,0,0.016617,0.107016,0.05653,0.16285,0.001696,0,0.011472,0.000141,0,0.001765,0.000212,0,0.002368,0.000345,0,0.004988,0.000315,0,0.00364,0.000308,0,0.004184,0.000161,0,0.001679,0.000348,0,0.003436,0.000312,0,0.003851,0.192484,0.126112,0.258153,0.586897,0.473524,0.689739,0.00049,0,0.006222,0.000625,0,0.008324,0.000424,0,0.006293,0.000937,0,0.006054,0.00019,0,0.001842,0.000875,0,0.013164,0.000268,0,0.002807,0.000395,0,0.00461,0.209276,0.108014,0.322,0.001013,0,0.013227,0.000811,0,0.010648,0.000252,0,0.002518,0.000449,0,0.005884,0.000547,0,0.007428,0.000679,0,0.008807,0.000446,0,0.004901,0.000583,0,0.00858,0.000219,0,0.002429
"PH_FV_1.sorted.bam","1","FV",0.001039,0,0.008188,0.001705,0,0.013149,0.081468,0.052403,0.112645,0.773895,0.719568,0.824178,0.007913,0,0.041151,0.132979,0.084329,0.186933,0.001,0,0.007218,8.7e-05,0,0.000904,0.000355,0,0.004753,0.000131,0,0.001415,0.000365,0,0.004083,0.000213,0,0.002461,0.000619,0,0.009147,0.00017,0,0.001926,0.000426,0,0.004947,0.159461,0.096251,0.223595,0.558979,0.454632,0.660348,0.000463,0,0.00643,0.000815,0,0.010893,0.00096,0,0.010373,0.009661,0,0.078818,0.000317,0,0.003812,0.000364,0,0.003749,0.001148,0,0.015326,0.000451,0,0.005917,0.25984,0.1602,0.369461,0.002867,0,0.039713,0.00051,0,0.007004,0.000187,0,0.002348,0.000191,0,0.001973,0.000249,0,0.002746,0.000274,0,0.003356,0.000427,0,0.006109,0.00027,0,0.002953,0.000202,0,0.002427
"PH_FV_2.sorted.bam","2","FV",0.005621,0,0.03197,0.002146,0,0.015138,0.130601,0.096484,0.165842,0.735132,0.679752,0.791731,0.001511,0,0.01267,0.12064,0.0713,0.17186,0.00435,0,0.024117,0.000342,0,0.004456,0.000924,0,0.010943,0.000326,0,0.004201,0.003652,0,0.046685,0.001233,0,0.017828,0.000327,0,0.003758,0.002687,0,0.035159,0.000197,0,0.001864,0.250154,0.160244,0.324343,0.490608,0.382875,0.600284,0.000434,0,0.006055,0.000235,0,0.002735,0.000378,0,0.005464,0.000722,0,0.008023,0.000108,0,0.001128,0.001115,0,0.013289,0.000237,0,0.003209,0.001811,0,0.024446,0.234763,0.12255,0.339857,0.00037,0,0.003453,0.001048,0,0.007586,0.001746,0,0.023808,0.000813,0,0.011634,0.003319,0,0.038401,0.000526,0,0.005436,0.000666,0,0.007866,0.000888,0,0.012848,0.000371,0,0.004411
"PH_FV_4.sorted.bam","4","FV",0.001783,0,0.013947,0.001047,0,0.008389,0.115784,0.087473,0.145409,0.763319,0.708562,0.816187,0.002347,0,0.01597,0.113854,0.066385,0.151124,0.001866,0,0.014747,0.000189,0,0.00154,0.000182,0,0.001689,0.000197,0,0.002063,0.000481,0,0.005535,0.000297,0,0.003855,0.001356,0,0.019183,0.000798,0,0.007545,0.000493,0,0.006497,0.009359,0,0.138442,0.755025,0.682213,0.811772,0.000631,0,0.008574,0.000234,0,0.002409,0.000409,0,0.005072,0.000426,0,0.004583,0.000921,0,0.013236,0.00083,0,0.012629,0.00019,0,0.001766,0.217553,0.127022,0.275914,0.005016,0,0.068368,0.000561,0,0.006557,0.001405,0,0.019842,0.000268,0,0.003049,0.000305,0,0.003147,0.000757,0,0.008643,0.000497,0,0.005942,0.000591,0,0.007658,0.000748,0,0.010386,0.000283,0,0.003547
"PH_FV_5.sorted.bam","5","FV",0.002397,0,0.018481,0.00298,0,0.018993,0.113217,0.082006,0.14777,0.797002,0.743246,0.850557,0.001307,0,0.009876,0.081934,0.028667,0.124589,0.001163,0,0.009186,0.000299,0,0.003566,0.000842,0,0.012095,0.000884,0,0.011386,0.000633,0,0.005998,0.000834,0,0.011296,0.000361,0,0.003394,0.000696,0,0.00959,0.00084,0,0.011181,0.089545,0,0.270257,0.744697,0.59414,0.826303,0.000345,0,0.004244,0.000488,0,0.005875,0.000695,0,0.008852,0.00025,0,0.002715,0.000129,0,0.0014,0.001373,0,0.017233,0.001047,0,0.014001,0.133681,0,0.237472,0.012851,0,0.156192,0.000399,0,0.004908,0.006999,0,0.078213,0.000308,0,0.003685,0.000141,0,0.001804,0.000325,0,0.003503,0.000428,0,0.005228,0.000177,0,0.002122,0.000517,0,0.004861,0.000215,0,0.002911
"PH_FV_6.sorted.bam","6","FV",0.001087,0,0.00881,0.000976,0,0.008505,0.11692,0.093298,0.143738,0.762867,0.712548,0.810988,0.001556,0,0.012021,0.115565,0.087797,0.143755,0.001029,0,0.008232,0.000188,0,0.001894,0.000165,0,0.001974,0.000111,0,0.001063,0.000504,0,0.006404,0.000492,0,0.006744,0.000182,0,0.001933,0.000338,0,0.004105,0.000393,0,0.003129,0.007706,0,0.099977,0.757522,0.693203,0.807618,0.000181,0,0.001956,2e-04,0,0.002653,0.000791,0,0.009634,0.000692,0,0.008285,0.000198,0,0.001898,0.000458,0,0.006443,0.000369,0,0.003538,0.223684,0.150835,0.278474,0.001277,0,0.019861,0.000512,0,0.005973,0.002174,0,0.031387,0.000152,0,0.001384,0.00011,0,0.001199,3e-04,0,0.003461,0.000285,0,0.00364,0.00034,0,0.004197,0.000483,0,0.005112,0.000195,0,0.002483
"PH_FV_7.sorted.bam","7","FV",0.001519,0,0.011964,0.001184,0,0.009748,0.100975,0.077695,0.126417,0.792631,0.744682,0.836358,0.002111,0,0.015871,0.100225,0.070882,0.127409,0.001355,0,0.009953,0.000194,0,0.001952,0.000143,0,0.001316,0.000218,0,0.00234,0.001076,0,0.013366,0.00042,0,0.004673,0.000137,0,0.001338,0.000474,0,0.00494,0.000774,0,0.009833,0.00574,0,0.088615,0.786302,0.723728,0.833217,0.000262,0,0.003071,0.000176,0,0.002197,0.00045,0,0.006729,0.001654,0,0.020518,0.000264,0,0.003074,0.000374,0,0.004446,0.000259,0,0.0029,0.193181,0.131105,0.241479,0.003669,0,0.050377,0.000797,0,0.009829,0.000809,0,0.008868,0.00032,0,0.003624,0.00016,0,0.001742,0.000811,0,0.011044,0.000348,0,0.004524,0.000355,0,0.004391,0.000552,0,0.00679,8.2e-05,0,0.000821
"PH_FV_8.sorted.bam","8","FV",0.000855,0,0.006156,0.003065,0,0.019907,0.110599,0.07741,0.146963,0.764077,0.706963,0.822223,0.002001,0,0.014452,0.118339,0.061155,0.174665,0.001064,0,0.007956,0.000135,0,0.001714,0.000207,0,0.002254,0.000439,0,0.005466,0.000251,0,0.002489,0.002097,0,0.03217,0.000316,0,0.003814,0.000286,0,0.003323,0.00105,0,0.015138,0.213908,0.134533,0.291015,0.570514,0.43028,0.72546,0.000201,0,0.002323,0.000887,0,0.012305,0.000416,0,0.005132,0.001306,0,0.018027,0.000235,0,0.002545,0.000286,0,0.003288,0.00073,0,0.011023,0.003548,0,0.046367,0.17017,0,0.345318,0.000368,0,0.004747,0.030678,0,0.132078,0.000207,0,0.0028,0.000281,0,0.003181,0.000347,0,0.003834,0.000407,0,0.005293,0.000355,0,0.004003,0.00022,0,0.002539,0.000155,0,0.001566
"PH_FV_9.sorted.bam","9","FV",0.00232,0,0.017023,0.001096,0,0.008374,0.082361,0.0506,0.113418,0.805382,0.745907,0.862123,0.011448,0,0.051179,0.093808,0.037189,0.150657,0.003584,0,0.019987,0.000233,0,0.002861,0.000156,0,0.0014,0.00011,0,0.000979,0.000877,0,0.012669,0.000445,0,0.005762,0.000491,0,0.005617,0.000484,0,0.005685,0.000228,0,0.002445,0.03787,0,0.207031,0.762362,0.609022,0.851494,0.00114,0,0.01718,0.000424,0,0.005795,0.000935,0,0.011151,0.013577,0,0.092941,0.000413,0,0.005706,0.001138,0,0.017736,0.000527,0,0.006306,0.122949,0,0.208376,0.033571,0,0.215706,0.005558,0,0.069206,0.011509,0,0.104764,0.000379,0,0.004278,0.000192,0,0.001715,0.000664,0,0.008351,0.000311,0,0.003199,0.000438,0,0.004678,0.000855,0,0.01078,0.002165,0,0.01801
"PH_GB_10.sorted.bam","10","GB",0.212756,0.147003,0.284543,0.014948,0,0.070671,0.35858,0.314856,0.402708,0.125139,0.063688,0.198709,0.002966,0,0.021579,0.153252,0.092114,0.213505,0.132358,0.081402,0.185168,0.118978,0,0.265176,0.00275,0,0.044955,0.000486,0,0.006446,0.004038,0,0.059796,0.02352,0,0.136159,0.17801,0.090334,0.260552,0.147008,0,0.344247,0.000564,0,0.006657,0.00941,0,0.194918,0.044815,0,0.19456,0.000602,0,0.006502,0.000743,0,0.010716,0.000418,0,0.004808,0.001599,0,0.023616,0.000446,0,0.005034,0.002086,0,0.022386,0.000782,0,0.011328,0.299373,0.175599,0.420969,0.000448,0,0.005378,0.000439,0,0.003831,0.001108,0,0.014373,0.031071,0,0.198076,0.000564,0,0.00644,0.024382,0,0.226352,0.001618,0,0.025267,0.001238,0,0.018842,0.00116,0,0.008127,0.102342,0,0.182431
"PH_GB_11.sorted.bam","11","GB",0.2031,0.154659,0.266098,0.00348,0,0.025505,0.359181,0.319243,0.399885,0.111966,0.052307,0.172687,0.002304,0,0.015876,0.163487,0.10485,0.211068,0.156483,0.112827,0.200251,0.007942,0,0.078211,0.001086,0,0.013808,0.000767,0,0.010131,0.071032,0,0.251586,0.001698,0,0.023771,0.205775,0.140317,0.274796,0.001379,0,0.017023,0.000611,0,0.005222,0.025086,0,0.232976,0.095754,0,0.170019,0.000668,0,0.008636,0.000653,0,0.00909,0.000537,0,0.007594,0.000504,0,0.005022,0.000755,0,0.010226,0.313002,0.186245,0.414006,0.000834,0,0.009758,0.003502,0,0.045601,0.004459,0,0.07518,0.000405,0,0.005586,0.001633,0,0.022139,0.003149,0,0.051388,0.000544,0,0.006748,0.204959,0,0.32147,0.000384,0,0.004336,0.000331,0,0.003152,0.001506,0,0.022779,0.051047,0,0.128702
"PH_GB_12.sorted.bam","12","GB",0.231996,0.17515,0.29234,0.012438,0,0.066749,0.332087,0.289714,0.375317,0.096696,2.4e-05,0.178798,0.001529,0,0.011723,0.125705,0.057188,0.195673,0.199549,0.146998,0.255096,0.022235,0,0.121337,0.003032,0,0.03741,0.00136,0,0.019981,0.002653,0,0.036531,0.000806,0,0.010363,0.199108,0.126211,0.264513,0.134371,0,0.317582,0.007664,0,0.086399,0.031182,0,0.221253,0.005829,0,0.074469,0.000205,0,0.001973,0.00057,0,0.006897,0.00049,0,0.006171,0.000289,0,0.003473,0.000414,0,0.006055,0.237313,0.096408,0.379241,0.001082,0,0.01425,0.001724,0,0.023479,0.006697,0,0.084658,0.000266,0,0.003157,0.001412,0,0.019446,0.041948,0,0.200005,0.009002,0,0.103971,0.229104,0.103952,0.338541,0.001532,0,0.022119,0.000409,0,0.004202,0.001504,0,0.015132,0.0578,0,0.152236
"PH_GB_1.sorted.bam","1","GB",0.20725,0.155312,0.26477,0.030968,0,0.073556,0.364649,0.325537,0.404215,0.120606,0.051728,0.181321,0.002005,0,0.014931,0.10889,0.066549,0.152268,0.165632,0.123183,0.209237,0.000799,0,0.006796,0.001532,0,0.021571,0.00523,0,0.053912,0.2068,0.043563,0.351647,0.026052,0,0.131093,0.14192,0.082623,0.205417,0.001223,0,0.012212,0.008278,0,0.088828,0.179602,0,0.340892,0.019233,0,0.140247,0.000602,0,0.007419,0.000508,0,0.005622,0.000676,0,0.00863,0.000376,0,0.004054,0.000347,0,0.00422,0.177902,0.031325,0.282861,0.005177,0,0.064732,0.020458,0,0.183861,0.009458,0,0.080219,0.000443,0,0.004321,0.001829,0,0.025226,0.024843,0,0.173101,0.009928,0,0.09083,0.011871,0,0.129346,0.003809,0,0.05793,0.000711,0,0.008341,0.000685,0,0.011168,0.139709,0.055827,0.205484
"PH_GB_5.sorted.bam","5","GB",0.210919,0.153814,0.260188,0.029879,0,0.08383,0.365748,0.323549,0.408807,0.091918,0.016992,0.167986,0.002791,0,0.020152,0.136808,0.076695,0.201015,0.161937,0.122331,0.209468,0.018211,0,0.124745,0.013885,0,0.127677,0.001029,0,0.010766,0.006327,0,0.108122,0.002907,0,0.046713,0.194254,0.095312,0.268202,0.141569,0,0.318063,0.030421,0,0.14731,0.001053,0,0.011287,0.000578,0,0.007326,0.001562,0,0.019428,0.000841,0,0.008185,0.000462,0,0.005153,0.000394,0,0.003606,0.000464,0,0.006314,0.220694,0,0.380252,0.004698,0,0.056614,0.036897,0,0.208567,0.00439,0,0.071405,0.000585,0,0.00672,0.002958,0,0.036718,0.001377,0,0.018161,0.004948,0,0.062819,0.295342,0.193558,0.378337,0.004853,0,0.061106,0.00081,0,0.009908,0.000435,0,0.005156,0.008055,0,0.072921
"PH_GB_6.sorted.bam","6","GB",0.206647,0.144172,0.272611,0.036494,0,0.090985,0.324275,0.282516,0.365491,0.107981,0.037466,0.170265,0.007068,0,0.037707,0.155994,0.091024,0.225151,0.16154,0.124371,0.206468,0.011924,0,0.068177,0.000783,0,0.009427,0.003017,0,0.037555,0.250409,0.100574,0.39481,0.009561,0,0.093556,0.172041,0.085345,0.256992,0.002878,0,0.0408,0.000627,0,0.008652,0.035814,0,0.246892,0.00484,0,0.062126,0.001691,0,0.025581,0.001692,0,0.023079,0.001445,0,0.018481,0.00247,0,0.040257,0.002533,0,0.028147,0.096483,0,0.306047,0.002494,0,0.032925,0.006231,0,0.083513,0.027106,0,0.195744,0.001358,0,0.022375,0.063714,0,0.206904,0.037203,0,0.204409,0.051798,0,0.175761,0.001009,0,0.013178,0.137387,0,0.325724,0.000414,0,0.00482,0.05089,0,0.249186,0.022191,0,0.120313
"PH_GB_8.sorted.bam","8","GB",0.130425,0.075842,0.193665,0.120674,0.079264,0.165549,0.303658,0.259036,0.348485,0.184939,0.131704,0.236565,0.00153,0,0.011615,0.122394,0.057076,0.188454,0.136381,0.097728,0.173834,0.000112,0,0.001109,0.000968,0,0.010145,0.000113,0,0.001023,0.067081,0,0.238971,0.235146,0.143574,0.32812,0.000261,0,0.002521,0.166064,0,0.374087,0.001824,0,0.023617,0.010156,0,0.129316,0.000888,0,0.011786,0.000539,0,0.006798,0.000278,0,0.003196,0.000252,0,0.00211,0.000805,0,0.00992,0.00012,0,0.001322,0.025273,0,0.171489,0.002455,0,0.018929,0.025253,0,0.184328,0.188604,0,0.359677,0.000457,0,0.002963,0.00085,0,0.006882,7e-04,0,0.007551,0.000449,0,0.005291,0.268907,0.190038,0.345664,0.000647,0,0.008932,0.00049,0,0.006123,0.001046,0,0.013946,0.000261,0,0.003047
"PH_GB_9.sorted.bam","9","GB",0.191332,0.134914,0.257554,0.016666,0,0.061423,0.36398,0.318373,0.410791,0.106543,0.014047,0.187803,0.009939,0,0.042335,0.14393,0.088332,0.209273,0.16761,0.119998,0.219113,0.04881,0,0.147428,0.008221,0,0.075477,0.003097,0,0.035323,0.259652,0.092717,0.413058,0.00344,0,0.057843,0.097163,0,0.209273,0.000914,0,0.008675,0.004266,0,0.052615,0.139853,0,0.355756,0.032584,0,0.140469,0.001888,0,0.02802,0.001856,0,0.02752,0.003115,0,0.034408,0.001646,0,0.021353,0.004287,0,0.037838,0.001739,0,0.023255,0.002668,0,0.040886,0.122706,0,0.409083,0.000711,0,0.010409,0.00164,0,0.026017,0.002449,0,0.034353,0.01263,0,0.123694,0.006689,0,0.072494,0.004868,0,0.075811,0.000527,0,0.005986,0.001159,0,0.016509,0.153497,0,0.341046,0.077924,0,0.211948
"PH_KC_10.sorted.bam","10","KC",0.001307,0,0.009772,0.007596,0,0.032149,0.001818,0,0.011268,0.002075,0,0.014542,0.001304,0,0.00929,0.001144,0,0.008873,0.984757,0.95874,0.999734,0.000125,0,0.0013,0.000898,0,0.01138,0.001205,0,0.016391,0.00037,0,0.005251,0.000966,0,0.013201,0.000213,0,0.002178,0.000156,0,0.001867,0.001473,0,0.020094,0.000401,0,0.006041,0.000342,0,0.004975,0.000316,0,0.003924,0.000956,0,0.012888,0.000288,0,0.003907,0.000243,0,0.003179,7.8e-05,0,0.000896,0.000148,0,0.00172,0.000464,0,0.00569,0.000377,0,0.00516,0.000278,0,0.003351,0.000199,0,0.001967,0.00016,0,0.001815,0.000477,0,0.005056,0.008025,0,0.059995,0.000807,0,0.011111,0.000915,0,0.01146,0.000449,0,0.005021,0.000502,0,0.006037,0.97917,0.930471,0.999662
"PH_KC_11.sorted.bam","11","KC",0.013186,0,0.045488,0.00545,0,0.02531,0.001928,0,0.012708,0.002239,0,0.01501,0.004073,0,0.018607,0.001337,0,0.010091,0.971786,0.940621,0.998661,0.000539,0,0.007545,0.002689,0,0.031113,0.000645,0,0.009234,0.000857,0,0.011127,0.000973,0,0.014143,0.000171,0,0.002264,0.001213,0,0.01662,0.000604,0,0.00696,0.000591,0,0.007954,0.000202,0,0.001901,0.001171,0,0.016741,0.00257,0,0.025277,0.000419,0,0.005455,0.000586,0,0.007563,0.000173,0,0.001863,0.00067,0,0.009343,0.00026,0,0.002894,0.000213,0,0.002233,0.000331,0,0.003286,0.000346,0,0.004514,0.000227,0,0.002557,0.018695,0,0.090278,0.002515,0,0.031586,0.00046,0,0.006182,0.000751,0,0.010848,0.002706,0,0.028553,4e-04,0,0.004559,0.959022,0.895397,0.998292
"PH_KC_1.sorted.bam","1","KC",0.044736,0.003438,0.079579,0.003495,0,0.021051,0.000492,0,0.004091,0.444061,0.405463,0.477828,0.004408,0,0.027577,0.006708,0,0.050859,0.4961,0.480712,0.5,6.4e-05,0,0.000711,0.000456,0,0.005771,0.000178,0,0.001918,0.000128,0,0.001537,0.000183,0,0.001687,3.2e-05,0,0.000349,0.000503,0,0.005915,0.000479,0,0.005218,9.4e-05,0,0.000931,0.000137,0,0.001708,0.000561,0,0.007126,0.001734,0,0.022288,0.000129,0,0.001265,0.000376,0,0.004579,5.1e-05,0,0.000601,0.000225,0,0.002154,0.001471,0,0.021457,0.000136,0,0.001125,0.000537,0,0.005906,0.000296,0,0.003429,0.000138,0,0.001515,0.08747,0.005915,0.157744,0.00231,0,0.030785,0.00025,0,0.00313,0.885858,0.807406,0.953318,0.005619,0,0.05383,0.010475,0,0.098278,0.000108,0,0.001346
"PH_KC_2.sorted.bam","2","KC",0.041464,2e-06,0.085019,0.00233,0,0.015533,0.110248,0.081593,0.138932,0.238457,0.190492,0.289049,0.001227,0,0.009215,0.110963,0.066426,0.15621,0.495313,0.474854,0.5,7.2e-05,0,0.000759,0.000421,0,0.004244,0.000122,0,0.001288,0.000471,0,0.004451,0.001283,0,0.01935,5.7e-05,0,0.000646,0.000723,0,0.005908,0.000766,0,0.011492,0.00092,0,0.011556,0.000194,0,0.002088,0.000225,0,0.002881,0.000474,0,0.005869,0.000261,0,0.003157,0.000285,0,0.00355,6.3e-05,0,0.000621,0.001072,0,0.015896,0.000909,0,0.012733,0.000224,0,0.002829,0.000544,0,0.006491,0.000264,0,0.003502,0.00011,0,0.001232,0.07987,0,0.166724,0.000562,0,0.007228,0.217224,0.156939,0.276045,0.473287,0.373714,0.575486,0.00082,0,0.009915,0.218693,0.128991,0.310744,8.5e-05,0,0.000702
"PH_KC_3.sorted.bam","3","KC",0.000858,0,0.006763,0.00105,0,0.008251,0.001223,0,0.009163,0.001211,0,0.009719,0.000809,0,0.006024,0.000831,0,0.006168,0.994018,0.976796,0.999976,0.00012,0,0.001251,0.000153,0,0.00182,0.000246,0,0.002928,0.000302,0,0.003732,0.000209,0,0.002609,0.000263,0,0.003288,0.000149,0,0.001609,0.000278,0,0.002657,0.000368,0,0.004898,0.000408,0,0.005358,0.000142,0,0.001521,0.000186,0,0.002099,0.000309,0,0.004189,0.000199,0,0.002481,0.000213,0,0.002602,0.000151,0,0.001449,0.000302,0,0.003852,0.000174,0,0.001891,0.000239,0,0.003439,0.000151,0,0.001414,0.000209,0,0.002208,0.000578,0,0.007611,0.000479,0,0.005618,0.000558,0,0.007516,0.000372,0,0.003534,0.000205,0,0.002582,0.000228,0,0.002287,0.992808,0.971815,0.999969
"PH_KC_4.sorted.bam","4","KC",0.000637,0,0.005294,0.00049,0,0.003906,0.000469,0,0.003712,0.000582,0,0.004687,0.000295,0,0.002466,0.00048,0,0.003855,0.997048,0.987349,0.999989,0.000193,0,0.002528,0.000166,0,0.002012,0.000109,0,0.001099,0.000112,0,0.001364,0.000119,0,0.001173,9.9e-05,0,0.00102,0.000132,0,0.001428,0.00012,0,0.00113,0.000108,0,0.001282,0.000111,0,0.001251,7.1e-05,0,0.000772,6.2e-05,0,0.000645,8.7e-05,0,0.000725,8e-05,0,0.000876,5.9e-05,0,0.000655,0.000105,0,0.00129,0.000119,0,0.001341,0.000133,0,0.001464,0.000144,0,0.00152,6.7e-05,0,0.00071,9.6e-05,0,0.001033,0.000303,0,0.003453,0.000175,0,0.001684,0.00018,0,0.001685,0.000357,0,0.004258,0.000104,0,0.001028,2e-04,0,0.002143,0.996388,0.982975,0.999987
"PH_KC_5.sorted.bam","5","KC",0.000865,0,0.0065,0.000409,0,0.003364,0.000484,0,0.004048,0.00037,0,0.003065,0.000309,0,0.002439,0.000386,0,0.003174,0.997177,0.987785,0.99999,2e-04,0,0.002717,0.00013,0,0.00145,0.000109,0,0.00139,0.000209,0,0.002479,7.9e-05,0,0.000864,0.000107,0,0.001127,0.000124,0,0.001413,7.6e-05,0,0.00082,6.4e-05,0,0.000778,7.4e-05,0,0.000853,0.000137,0,0.001364,7e-05,0,0.000711,6e-05,0,0.000689,8.4e-05,0,0.000982,4.6e-05,0,0.000544,0.000109,0,0.001191,6.7e-05,0,0.000754,6.8e-05,0,0.000558,8.1e-05,0,0.00071,7.1e-05,0,0.000713,8.4e-05,0,0.000865,0.000619,0,0.008096,0.000178,0,0.001657,0.000275,0,0.003505,0.000163,0,0.00135,0.000106,0,0.001172,0.000209,0,0.001948,0.996402,0.982907,0.999988
"PH_KC_6.sorted.bam","6","KC",0.000983,0,0.007568,0.001205,0,0.008754,0.000715,0,0.005423,0.000925,0,0.007116,0.000573,0,0.004708,0.000987,0,0.008027,0.994613,0.979748,0.999966,0.000165,0,0.001855,0.000456,0,0.006515,0.000355,0,0.004654,0.000154,0,0.001646,0.000192,0,0.002613,0.000169,0,0.002181,0.000216,0,0.002875,0.000315,0,0.003212,0.000142,0,0.001348,0.000164,0,0.002122,0.000238,0,0.002886,0.000167,0,0.002321,0.000148,0,0.00138,0.000125,0,0.001132,0.000116,0,0.001353,0.000192,0,0.001975,0.000233,0,0.003208,0.000183,0,0.002122,0.000126,0,0.001416,0.00011,0,0.000996,0.000328,0,0.004376,0.00038,0,0.004497,0.000336,0,0.00417,0.000272,0,0.003368,0.000596,0,0.007427,0.000127,0,0.001143,0.000473,0,0.006768,0.993521,0.97505,0.999959
"PH_KC_7.sorted.bam","7","KC",0.000407,0,0.003117,0.000436,0,0.003371,0.000378,0,0.003157,0.000349,0,0.002743,0.000271,0,0.002299,0.000416,0,0.003423,0.997743,0.990533,0.99999,9.1e-05,0,0.00105,0.000113,0,0.001075,8.4e-05,0,0.000914,6.9e-05,0,0.000792,0.000107,0,0.001156,0.000118,0,0.00143,7.1e-05,0,0.000748,9e-05,0,0.001007,8.8e-05,0,0.000956,8.5e-05,0,0.000921,6.3e-05,0,0.00065,7.3e-05,0,0.000841,5.6e-05,0,0.000531,6.5e-05,0,0.000769,5.4e-05,0,0.000602,0.000114,0,0.001166,0.000138,0,0.001325,7.5e-05,0,0.000656,9.6e-05,0,0.000979,6.3e-05,0,0.000694,9.8e-05,0,0.001194,0.000199,0,0.002327,0.000182,0,0.002243,0.000127,0,0.001558,0.000116,0,0.001325,0.000113,0,0.00126,0.00015,0,0.001712,0.9973,0.988224,0.999989
"PH_KC_8.sorted.bam","8","KC",0.057673,0.019722,0.092541,0.027699,1e-06,0.0674,0.058152,0.032693,0.084528,0.305135,0.251635,0.360926,0.006511,0,0.033754,0.053735,2.6e-05,0.102727,0.491096,0.464061,0.499999,5e-05,0,0.00049,0.002893,0,0.046969,8e-05,0,0.000903,0.000491,0,0.004325,0.003528,0,0.051131,3.9e-05,0,0.000402,0.00025,0,0.002515,0.000305,0,0.004377,0.000388,0,0.003718,6.8e-05,0,0.000711,0.000315,0,0.002854,0.004915,0,0.043979,0.00018,0,0.00199,0.000413,0,0.005238,4e-05,0,0.00042,0.000382,0,0.003848,0.003047,0,0.039965,0.000123,0,0.001229,0.00023,0,0.002755,9e-05,0,0.001109,8.9e-05,0,0.000803,0.110914,0,0.183487,0.040551,0,0.131131,0.111515,0.057113,0.165571,0.608548,0.50199,0.721278,0.007031,0,0.064289,0.103419,0,0.204671,0.000106,0,0.000948
"PH_KC_9.sorted.bam","9","KC",0.032539,0.005711,0.064717,0.020005,0,0.058051,0.005846,0,0.025229,0.014119,0,0.050399,0.000729,0,0.005686,0.002923,0,0.023349,0.92384,0.885736,0.957916,0.000472,0,0.006399,0.007348,0,0.069285,0.001488,0,0.021379,0.00322,0,0.034771,0.002572,0,0.027331,0.000734,0,0.00901,0.006573,0,0.05911,0.003629,0,0.041716,0.000945,0,0.0123,0.000898,0,0.013479,2e-04,0,0.002285,0.000133,0,0.001383,0.000199,0,0.002202,0.000328,0,0.003543,9.7e-05,0,0.001008,0.000506,0,0.006301,0.001571,0,0.025019,0.000802,0,0.011308,0.000348,0,0.003697,0.000146,0,0.00171,0.000291,0,0.003506,0.046286,0,0.127315,0.021779,0,0.112583,0.002485,0,0.032021,0.014619,0,0.097566,0.000256,0,0.00333,0.001891,0,0.028751,0.880183,0.801713,0.944355
"PH_MC_10.sorted.bam","10","MC",0.076227,0.012371,0.13148,0.363267,0.301932,0.415182,0.003094,0,0.02035,0.272903,0.199888,0.363374,0.023407,0,0.068837,0.259114,0.194224,0.325918,0.001987,0,0.01728,0.000359,0,0.004579,0.000759,0,0.008655,0.003923,0,0.072874,0.000761,0,0.010675,0.000601,0,0.006714,0.000138,0,0.001535,0.002621,0,0.024614,0.449804,0.225822,0.61045,0.001374,0,0.021402,0.025132,0,0.196585,0.010591,0,0.099319,0.005122,0,0.067055,0.002005,0,0.028913,0.003501,0,0.04533,0.00151,0,0.023169,0.135301,0,0.258011,0.262048,0,0.448455,0.00073,0,0.010174,0.037962,0,0.233574,0.022083,0,0.127495,0.029919,0,0.185383,0.001703,0,0.028233,0.000355,0,0.004091,0.000443,0,0.005599,0.000282,0,0.001876,0.000492,0,0.005897,0.000265,0,0.003774,0.000218,0,0.002614
"PH_MC_11.sorted.bam","11","MC",0.042832,0,0.090869,0.300457,0.245305,0.354767,0.001315,0,0.010702,0.316874,0.238458,0.394989,0.02842,0.000205,0.061873,0.299207,0.243615,0.363465,0.010895,0,0.043925,0.003941,0,0.044378,0.00335,0,0.052197,0.048228,0,0.227583,0.000351,0,0.003715,0.000507,0,0.005701,0.000164,0,0.001937,0.010132,0,0.119092,0.00112,0,0.008958,0.000377,0,0.003776,0.282412,0,0.390959,0.011196,0,0.088129,0.010057,0,0.09277,0.000196,0,0.00223,0.009912,0,0.086392,0.001603,0,0.023983,0.050894,0,0.168809,0.488694,0.179897,0.639353,0.00036,0,0.004617,0.043745,0,0.52187,0.009788,0,0.079604,0.001948,0,0.02763,0.001858,0,0.025806,0.000728,0,0.007681,0.00051,0,0.006529,0.003639,0,0.050519,0.012486,0,0.077676,0.001038,0,0.014727,0.000765,0,0.009696
"PH_MC_12.sorted.bam","12","MC",0.042271,1e-06,0.093662,0.380779,0.311495,0.443776,0.002723,0,0.019868,0.23037,0.14019,0.293546,0.069479,0.029903,0.115157,0.269027,0.202986,0.352137,0.00535,0,0.035964,0.00249,0,0.029912,0.002137,0,0.02782,0.338171,0.250858,0.418141,0.001577,0,0.019858,0.000723,0,0.010259,0.000256,0,0.003053,0.033457,0,0.150632,0.003238,0,0.041601,0.000406,0,0.004839,0.001118,0,0.014454,0.023024,0,0.143914,0.068729,0,0.195176,0.000974,0,0.012722,0.000997,0,0.014808,0.0201,0,0.099608,0.015969,0,0.161161,0.008746,0,0.110802,0.000811,0,0.009711,0.417951,0.217589,0.563507,0.003621,0,0.05702,0.045223,0,0.205894,0.003398,0,0.051254,0.001643,0,0.022133,0.000442,0,0.006172,0.002455,0,0.043067,0.001413,0,0.020028,0.000511,0,0.005489,0.000419,0,0.004498
"PH_MC_5.sorted.bam","5","MC",0.00697,0,0.040693,0.356827,0.304551,0.406834,0.001798,0,0.013148,0.300344,0.224492,0.381213,0.09049,0.053146,0.125026,0.233703,0.180425,0.289566,0.009868,0,0.041411,0.000436,0,0.004198,0.001528,0,0.018901,0.020508,0,0.161605,0.000473,0,0.006599,0.000165,0,0.002209,0.000616,0,0.008276,0.00096,0,0.011249,0.444061,0.271644,0.633488,0.000634,0,0.007861,0.003906,0,0.066593,0.001353,0,0.021418,0.002708,0,0.041005,0.000293,0,0.003539,0.000998,0,0.008793,0.053449,0,0.116278,0.005942,0,0.075529,0.221395,0,0.376615,0.000608,0,0.008633,0.141505,0,0.358742,0.064826,0,0.230141,0.014674,0,0.140328,0.00281,0,0.038576,0.00278,0,0.037673,0.000191,0,0.002088,0.004716,0,0.0573,0.003904,0,0.043773,0.003781,0,0.049843,0.000776,0,0.011176
"PH_MC_6.sorted.bam","6","MC",0.058352,0.003399,0.104135,0.358661,0.303908,0.411038,0.002152,0,0.015044,0.244948,0.186413,0.305856,0.063322,0.03374,0.09847,0.26031,0.216945,0.299286,0.012256,0,0.045941,0.000442,0,0.004564,0.004056,0,0.056753,0.33815,0.245286,0.404675,0.001033,0,0.015192,0.000376,0,0.004551,0.000607,0,0.008068,0.001978,0,0.02573,0.003198,0,0.028112,0.000692,0,0.009538,0.003107,0,0.042229,0.026791,0,0.133709,0.025746,0,0.159566,0.00039,0,0.00396,0.05197,0,0.17051,0.001824,0,0.026763,0.080162,0,0.198043,0.001221,0,0.016027,0.000283,0,0.003167,0.424248,0.279918,0.562588,0.00864,0,0.093155,0.001501,0,0.021952,0.0018,0,0.026402,0.006425,0,0.061182,0.000316,0,0.003137,0.001597,0,0.022633,0.00946,0,0.081942,0.003064,0,0.035605,0.000925,0,0.01256
"PH_MC_7.sorted.bam","7","MC",0.124392,0.062003,0.188288,0.237554,0.17541,0.299304,0.001703,0,0.01299,0.258707,0.173952,0.351228,0.011651,0,0.062129,0.250514,0.180059,0.315823,0.115479,0.074748,0.155117,0.000171,0,0.001293,0.001895,0,0.03016,0.000476,0,0.00597,0.00066,0,0.008636,0.000447,0,0.004275,0.000177,0,0.001982,0.111816,0,0.357406,0.149789,0,0.444923,0.000508,0,0.005848,0.004791,0,0.101021,0.012647,0,0.114734,0.000269,0,0.003199,0.000581,0,0.007154,0.002063,0,0.030785,0.000364,0,0.004361,0.007167,0,0.106799,0.240921,0,0.473509,0.000421,0,0.005619,0.228607,0,0.403117,0.00314,0,0.04801,0.002294,0,0.041477,0.114257,0,0.276739,0.080834,0,0.258304,0.000433,0,0.004547,0.015048,0,0.190423,0.003873,0,0.047669,0.016185,0,0.221478,0.000163,0,0.001595
"PH_MC_8.sorted.bam","8","MC",0.058349,8e-06,0.114722,0.297966,0.2343,0.359059,0.004391,0,0.0306,0.31346,0.244187,0.383318,0.024584,0,0.078579,0.297758,0.235419,0.356243,0.003492,0,0.026024,0.00154,0,0.018756,0.047491,0,0.197876,0.265053,0.165746,0.347423,0.000994,0,0.013373,0.001914,0,0.02536,0.000403,0,0.003581,0.031103,0,0.1728,0.001961,0,0.024156,0.001223,0,0.013506,0.024459,0,0.235185,0.014193,0,0.114411,0.008904,0,0.090706,0.002617,0,0.034656,0.001911,0,0.024722,0.00228,0,0.031297,0.019415,0,0.162663,0.00506,0,0.068573,0.000888,0,0.011887,0.539067,0.215799,0.681265,0.016154,0,0.116997,0.00706,0,0.138424,0.000422,0,0.004834,0.000496,0,0.006098,0.000338,0,0.003896,0.002737,0,0.034516,0.000828,0,0.010657,0.000812,0,0.010279,0.000676,0,0.006961
"PH_MC_9.sorted.bam","9","MC",0.061421,8.1e-05,0.122185,0.307753,0.23875,0.379634,0.002533,0,0.019338,0.325852,0.244442,0.425578,0.021701,0,0.072233,0.250653,0.176458,0.319183,0.030086,1e-06,0.075755,0.004428,0,0.063361,0.047107,0,0.218768,0.268915,0.140237,0.365031,0.000543,0,0.005991,0.001184,0,0.015231,0.000549,0,0.007506,0.036456,0,0.20299,0.003377,0,0.049936,0.000854,0,0.010812,0.211908,0,0.406359,0.004594,0,0.067691,0.002137,0,0.031638,0.000789,0,0.009144,0.005655,0,0.075635,0.002366,0,0.033351,0.001289,0,0.015655,0.012754,0,0.181135,0.000245,0,0.002819,0.178215,0,0.569773,0.020547,0,0.135264,0.137511,0,0.307589,0.023998,0,0.127133,0.011117,0,0.103013,0.000354,0,0.004533,0.003331,0,0.045685,0.004947,0,0.062274,0.013235,0,0.100345,0.001595,0,0.022992
"PH_ML_10.sorted.bam","10","ML",0.056017,0.01404,0.101102,0.057311,0.014011,0.104165,0.014546,0,0.042318,0.002037,0,0.015245,0.001733,0,0.012816,0.002224,0,0.015728,0.866133,0.823131,0.908087,0.001474,0,0.020493,0.000904,0,0.012355,0.0078,0,0.073428,0.004446,0,0.046543,0.014106,0,0.074574,0.003827,0,0.028237,0.000469,0,0.005494,0.000675,0,0.007146,0.000839,0,0.01201,0.000428,0,0.005327,0.000967,0,0.012637,0.000387,0,0.003152,0.000591,0,0.007616,0.000382,0,0.004682,0.000135,0,0.001552,0.000478,0,0.006215,0.001456,0,0.021764,0.001129,0,0.014531,0.000307,0,0.003162,0.000298,0,0.003142,0.00027,0,0.003269,0.101821,0,0.197265,0.081493,0,0.203597,0.000328,0,0.003926,0.000545,0,0.00615,0.000572,0,0.007669,0.000241,0,0.002605,0.773633,0.674428,0.875504
"PH_ML_11.sorted.bam","11","ML",0.026354,0,0.068381,0.01001,0,0.05089,0.000962,0,0.007802,0.002627,0,0.021464,0.001237,0,0.010147,0.002451,0,0.018034,0.956359,0.9177,0.998047,0.000754,0,0.010104,0.008009,0,0.057624,0.001627,0,0.022926,0.000431,0,0.003365,0.000345,0,0.003817,9.5e-05,0,0.000829,0.002775,0,0.039827,5e-04,0,0.003998,0.000284,0,0.003149,0.000225,0,0.002744,0.000846,0,0.01275,0.000204,0,0.002457,0.00018,0,0.00213,0.000274,0,0.003284,0.000293,0,0.003778,0.001173,0,0.016194,0.001077,0,0.017663,0.000223,0,0.002348,0.000314,0,0.003438,0.000264,0,0.003504,0.000382,0,0.00364,0.037966,0,0.13374,0.00663,0,0.085063,0.000272,0,0.003703,0.000658,0,0.00751,0.000118,0,0.001423,0.001087,0,0.015746,0.932993,0.850957,0.997753
"PH_ML_12.sorted.bam","12","ML",0.019056,0,0.05283,0.009411,0,0.03679,0.001381,0,0.010378,0.003886,0,0.024528,0.001615,0,0.01122,0.001839,0,0.015786,0.962812,0.928343,0.996751,0.009475,0,0.04962,0.007216,0,0.051075,0.002225,0,0.02741,0.000838,0,0.010957,0.000488,0,0.006435,0.000146,0,0.001479,0.003506,0,0.04024,0.002189,0,0.029744,0.000214,0,0.00238,0.000328,0,0.002905,0.000982,0,0.013172,0.000706,0,0.010062,0.000435,0,0.005941,0.000254,0,0.003036,0.000217,0,0.00277,0.001775,0,0.024787,0.00076,0,0.00966,0.000124,0,0.001467,0.00019,0,0.001361,0.000213,0,0.002712,0.000183,0,0.00208,0.004845,0,0.05881,0.003009,0,0.043803,0.000372,0,0.003813,0.000763,0,0.011849,0.000206,0,0.002567,0.000251,0,0.002775,0.958089,0.906388,0.996367
"PH_ML_1.sorted.bam","1","ML",0.033174,1e-06,0.068136,0.048121,0.01369,0.093637,0.000939,0,0.007154,0.007678,0,0.051494,0.000866,0,0.006714,0.001744,0,0.013982,0.907478,0.870187,0.944884,0.000254,0,0.002575,0.026183,0,0.095571,0.002007,0,0.027276,0.000238,0,0.003293,0.000396,0,0.004215,7.5e-05,0,0.000733,0.000884,0,0.011595,0.000575,0,0.008155,0.000233,0,0.003223,0.000421,0,0.005534,0.000168,0,0.002245,0.000162,0,0.001886,0.000162,0,0.001871,0.000185,0,0.001928,0.00011,0,0.001176,0.000601,0,0.007746,0.001636,0,0.019126,0.000129,0,0.001502,0.000227,0,0.002789,0.000175,0,0.001605,1e-04,0,0.000924,0.037765,0,0.12637,0.063274,0,0.184798,0.00057,0,0.007525,0.012408,0,0.101878,0.000661,0,0.008292,0.000522,0,0.006444,0.849878,0.750939,0.938732
"PH_ML_2.sorted.bam","2","ML",0.001352,0,0.011387,0.014242,0,0.053006,0.003589,0,0.019544,0.006116,0,0.03175,0.001611,0,0.011398,0.00191,0,0.015141,0.97118,0.932784,0.999206,0.000235,0,0.002922,0.000512,0,0.003836,0.002143,0,0.025931,0.000264,0,0.003014,0.001954,0,0.026676,0.000685,0,0.008595,0.000435,0,0.004687,0.004698,0,0.043937,0.001014,0,0.014817,0.001336,0,0.017736,0.00016,0,0.001306,0.000659,0,0.008641,0.000464,0,0.006615,0.00085,0,0.011956,0.000254,0,0.003134,0.000134,0,0.001304,0.00121,0,0.013998,0.000854,0,0.012153,0.000431,0,0.005585,0.00035,0,0.003854,0.000267,0,0.003101,0.000728,0,0.008863,0.015166,0,0.101463,0.001256,0,0.018679,0.00213,0,0.037183,0.000232,0,0.002734,0.000309,0,0.002635,0.961269,0.889715,0.999015
"PH_ML_3.sorted.bam","3","ML",0.007101,0,0.035171,0.002864,0,0.022526,0.000638,0,0.004651,0.000718,0,0.005511,0.000652,0,0.005044,0.000827,0,0.006716,0.987201,0.958677,0.999926,0.000236,0,0.002858,0.000528,0,0.00688,0.000433,0,0.006387,0.000212,0,0.002555,0.00028,0,0.00357,0.000102,0,0.001322,0.000255,0,0.003428,0.000315,0,0.003967,0.000139,0,0.001599,0.000138,0,0.001653,0.000288,0,0.003977,0.000156,0,0.001854,0.000134,0,0.001352,0.000114,0,0.001127,1e-04,0,0.001216,0.000488,0,0.006926,0.000355,0,0.005035,0.000131,0,0.001505,0.000137,0,0.001689,7.6e-05,0,0.000667,0.000107,0,0.001313,0.011959,0,0.069656,0.003225,0,0.042882,0.000175,0,0.002369,0.000199,0,0.002295,0.000336,0,0.003714,0.00025,0,0.002809,0.979129,0.92362,0.999907
"PH_ML_4.sorted.bam","4","ML",0.021156,0,0.060387,0.008039,0,0.033746,0.005779,0,0.023937,0.004248,0,0.0222,0.001639,0,0.011757,0.004432,0,0.02311,0.954708,0.919538,0.986288,0.000937,0,0.013736,0.003878,0,0.045052,0.001582,0,0.023141,0.001655,0,0.021263,0.003623,0,0.032118,0.001037,0,0.013346,0.001625,0,0.021334,0.001769,0,0.026013,0.001601,0,0.022219,0.000896,0,0.012459,0.000276,0,0.003094,0.000269,0,0.003102,0.000755,0,0.011295,0.000193,0,0.002202,0.000394,0,0.00451,0.002126,0,0.026776,0.00137,0,0.021195,0.000956,0,0.012867,0.001059,0,0.014647,0.000744,0,0.010727,0.000776,0,0.011258,0.030879,0,0.119719,0.002006,0,0.027186,0.000894,0,0.012813,0.000456,0,0.005486,0.000252,0,0.002334,0.001057,0,0.015441,0.936935,0.863058,0.984498
"PH_ML_5.sorted.bam","5","ML",0.001437,0,0.011076,0.002649,0,0.01782,0.000983,0,0.007758,0.001444,0,0.010984,0.001172,0,0.008466,0.001132,0,0.007622,0.991183,0.969296,0.999941,0.000158,0,0.001727,0.000241,0,0.002714,0.000481,0,0.006303,0.00038,0,0.005462,0.000305,0,0.003542,9.3e-05,0,0.001139,0.000128,0,0.00132,0.000482,0,0.006006,0.000376,0,0.004775,0.000175,0,0.001795,0.00025,0,0.003415,0.000511,0,0.006125,0.000128,0,0.001511,0.000306,0,0.003115,0.000351,0,0.004491,0.000267,0,0.003163,0.000336,0,0.004432,0.000211,0,0.002883,0.000239,0,0.003136,0.000247,0,0.003327,0.000194,0,0.002357,0.001292,0,0.017247,0.002462,0,0.031893,0.00038,0,0.003407,0.001007,0,0.01401,0.000201,0,0.002207,0.000576,0,0.007629,0.988224,0.952786,0.999932
"PH_ML_6.sorted.bam","6","ML",0.004752,0,0.023353,0.003331,0,0.021512,0.001903,0,0.013913,0.003789,0,0.020696,0.000835,0,0.00618,0.00232,0,0.015392,0.98307,0.950489,0.999882,0.000765,0,0.012167,0.001058,0,0.015538,0.000309,0,0.003824,0.000651,0,0.00861,0.000626,0,0.007356,0.000294,0,0.004339,0.002398,0,0.027672,0.001179,0,0.015708,0.000379,0,0.004813,0.000866,0,0.011957,0.000415,0,0.005767,0.000188,0,0.00238,0.000149,0,0.001865,0.000259,0,0.003515,0.000174,0,0.002309,0.001211,0,0.016432,0.001125,0,0.014611,0.000239,0,0.002363,0.000767,0,0.010534,0.000153,0,0.00184,0.000344,0,0.004969,0.002241,0,0.029596,0.001868,0,0.028749,0.001172,0,0.01676,0.000862,0,0.012866,0.000157,0,0.001706,0.000456,0,0.004538,0.979692,0.936131,0.999857
"PH_ML_8.sorted.bam","8","ML",0.083353,0.038363,0.129074,0.079419,0.037364,0.122758,0.040383,0.015561,0.067731,0.009342,0,0.078691,0.002157,0,0.022319,0.098043,0.053968,0.145292,0.687303,0.644455,0.73038,0.000101,0,0.001018,0.00019,0,0.002162,0.000235,0,0.002579,0.000197,0,0.002021,0.000271,0,0.003038,0.000141,0,0.001583,0.00044,0,0.004139,0.000425,0,0.005543,0.00017,0,0.001979,0.000181,0,0.001973,0.000154,0,0.001663,0.000222,0,0.002127,0.000198,0,0.002397,0.000182,0,0.002204,6.4e-05,0,0.000568,0.000236,0,0.001724,0.000221,0,0.002403,0.000143,0,0.001331,0.000188,0,0.002245,0.000156,0,0.001767,0.000117,0,0.001349,0.165287,0.07274,0.255785,0.157039,0.072758,0.24436,0.079506,0.029664,0.134276,0.016918,0,0.156489,0.003273,0,0.044252,0.194906,0.106796,0.288741,0.378839,0.29245,0.466569
"PH_OF_10.sorted.bam","10","OF",0.00794,0,0.050834,0.001614,0,0.012361,0.06678,0.03555,0.100313,0.785746,0.72594,0.847151,0.004832,0,0.026334,0.131473,0.076122,0.186551,0.001616,0,0.011691,0.000385,0,0.00401,0.000494,0,0.006416,0.000157,0,0.001287,0.002429,0,0.036593,0.000411,0,0.004992,0.000204,0,0.002518,0.004593,0,0.068523,0.000241,0,0.002684,0.124615,0.036403,0.196276,0.594127,0.47119,0.718501,0.001501,0,0.022267,0.000866,0,0.011525,0.002635,0,0.040262,0.00172,0,0.022212,0.000479,0,0.0061,0.005533,0,0.077996,0.000758,0,0.010369,0.002588,0,0.040047,0.251809,0.1214,0.370539,0.000966,0,0.013493,0.000372,0,0.003814,0.000558,0,0.007898,0.000143,0,0.001586,0.000472,0,0.004582,0.00026,0,0.00307,0.001018,0,0.01474,0.000548,0,0.006667,0.000116,0,0.001153
"PH_OF_11.sorted.bam","11","OF",0.095446,0.052455,0.134201,0.00597,0,0.038974,0.058548,0.024702,0.095322,0.725624,0.663243,0.789515,0.001957,0,0.013252,0.105203,0.06632,0.15167,0.007251,0,0.044825,0.000443,0,0.005685,0.00049,0,0.00505,0.001861,0,0.018491,0.005464,0,0.084934,0.005342,0,0.066495,0.005971,0,0.06127,0.001871,0,0.028456,0.000696,0,0.007816,0.063004,0,0.183474,0.690556,0.596023,0.774777,0.000813,0,0.010449,0.000454,0,0.005441,0.001021,0,0.014379,0.000398,0,0.005081,0.000202,0,0.002415,0.180349,0.099961,0.249062,0.00053,0,0.005767,0.022728,0,0.130519,0.00164,0,0.022089,0.000349,0,0.004595,0.001758,0,0.017615,0.001019,0,0.015108,0.000705,0,0.009518,0.007597,0,0.086314,0.002527,0,0.034238,0.000475,0,0.005822,0.001294,0,0.017746,0.000443,0,0.006401
"PH_OF_12.sorted.bam","12","OF",0.027233,0,0.076808,0.00138,0,0.012623,0.048496,0.023145,0.085004,0.790713,0.72052,0.85624,0.000829,0,0.006509,0.091116,0.030927,0.162242,0.040235,0.008914,0.067199,0.000493,0,0.006743,0.000354,0,0.004064,0.000213,0,0.002485,0.002266,0,0.031866,0.000616,0,0.00658,0.000699,0,0.009058,0.011304,0,0.114234,0.000327,0,0.00382,0.032239,0,0.161691,0.701604,0.538381,0.829202,0.000264,0,0.003137,9.3e-05,0,0.000951,0.000246,0,0.002871,0.00017,0,0.002038,0.000131,0,0.001535,0.036454,0,0.145847,0.000453,0,0.003958,0.00099,0,0.011363,0.132262,0,0.31065,0.000192,0,0.001635,0.00117,0,0.015177,0.002836,0,0.042132,0.000492,0,0.005189,0.059237,0,0.122178,0.001916,0,0.023918,0.000431,0,0.004342,0.009541,0,0.085808,0.003008,0,0.03416
"PH_OF_3.sorted.bam","3","OF",0.061449,0.025339,0.09581,0.002498,0,0.019797,0.08786,0.054568,0.121977,0.756659,0.697261,0.817481,0.001499,0,0.011636,0.074888,0.041122,0.11966,0.015147,0,0.05448,0.000368,0,0.004038,0.000514,0,0.006441,0.00013,0,0.001535,0.001452,0,0.020931,0.001,0,0.012911,0.000351,0,0.004316,0.000757,0,0.011775,0.001284,0,0.015368,0.159454,0.059299,0.238081,0.670492,0.569588,0.755182,0.000361,0,0.004122,0.000256,0,0.002822,0.000126,0,0.00154,0.00044,0,0.005008,0.000334,0,0.003869,0.11826,0.047257,0.185709,0.000972,0,0.008597,0.002667,0,0.040696,0.008968,0,0.126074,0.000394,0,0.005035,0.002365,0,0.030193,0.000818,0,0.012244,0.000709,0,0.009421,0.010321,0,0.083623,0.001432,0,0.019921,0.000756,0,0.009945,0.013787,0,0.096601,0.001235,0,0.016371
"PH_OF_4.sorted.bam","4","OF",0.007385,0,0.049106,0.001324,0,0.01013,0.053264,0.024682,0.082985,0.857954,0.797829,0.913837,0.001801,0,0.012983,0.072774,0.02582,0.132787,0.005497,0,0.03036,0.000187,0,0.002132,0.00027,0,0.00305,0.000224,0,0.002765,0.000847,0,0.011822,0.000175,0,0.001636,0.000703,0,0.008916,0.00351,0,0.048188,0.000768,0,0.01129,0.049027,0,0.156098,0.794031,0.627726,0.902621,0.000267,0,0.002801,0.000216,0,0.002323,0.00057,0,0.006782,0.000365,0,0.004053,0.000178,0,0.00198,0.009028,0,0.092702,0.000489,0,0.006616,0.053543,0,0.147157,0.073384,0,0.253612,0.000902,0,0.011255,0.00067,0,0.008004,0.000474,0,0.006456,0.000283,0,0.003822,0.00096,0,0.012506,0.00079,0,0.009781,0.000927,0,0.012266,0.006863,0,0.058989,0.000348,0,0.004438
"PH_OF_5.sorted.bam","5","OF",0.024791,0,0.08147,0.002705,0,0.020492,0.034078,0,0.077091,0.784809,0.719219,0.848162,0.001163,0,0.009469,0.13686,0.075343,0.20331,0.015595,0,0.052908,0.000559,0,0.00649,0.000355,0,0.004612,0.000276,0,0.002646,0.002475,0,0.040539,0.001719,0,0.023747,0.001617,0,0.02374,0.004115,0,0.060541,0.000912,0,0.011778,0.001545,0,0.019259,0.713931,0.557394,0.83601,0.000206,0,0.001995,0.000243,0,0.002366,0.000357,0,0.004163,0.000316,0,0.00275,0.00022,0,0.003012,0.038997,0,0.159195,0.000709,0,0.010597,0.04733,0,0.152174,0.133122,0,0.365431,0.000256,0,0.002981,0.021674,0,0.172084,0.002316,0,0.034278,0.000919,0,0.011274,0.011495,0,0.083828,0.001747,0,0.022889,0.000509,0,0.00717,0.009957,0,0.080355,0.002123,0,0.030051
"PH_OF_6.sorted.bam","6","OF",0.075908,0.035429,0.119045,0.001457,0,0.010908,0.129768,0.094438,0.164013,0.507526,0.479872,0.581475,0.001957,0,0.013736,0.185388,0.129402,0.239148,0.097995,0.052157,0.136729,6.6e-05,0,7e-04,0.000335,0,0.003469,0.000124,0,0.001599,0.000236,0,0.002742,0.000254,0,0.002421,7.4e-05,0,0.000923,0.149957,0.069819,0.2372,8e-04,0,0.011774,0.249793,0.121424,0.326911,0.030754,0,0.261869,0.000465,0,0.006116,0.000571,0,0.007333,0.000214,0,0.001747,0.001105,0,0.015507,7.6e-05,0,0.000855,0.000124,0,0.001502,0.000507,0,0.00651,0.000351,0,0.00461,0.367708,0.256328,0.475007,0.000382,0,0.005046,0.000182,0,0.00179,0.000567,0,0.007095,2e-04,0,0.001586,0.00854,0,0.122627,0.184179,0,0.270258,0.001025,0,0.015028,0.001341,0,0.018594,6.8e-05,0,0.000646
"PH_OF_7.sorted.bam","7","OF",0.076219,0.034539,0.114096,0.010042,0,0.047162,0.115746,0.08511,0.148286,0.442504,0.407019,0.484403,0.006769,0,0.041318,0.294539,0.241875,0.345602,0.054182,0.025717,0.08531,4.4e-05,0,0.000467,0.000396,0,0.005061,8.8e-05,0,0.000813,0.000201,0,0.002133,0.001555,0,0.022191,4.1e-05,0,0.000407,0.150083,0.066634,0.22631,0.008491,0,0.068054,0.228867,0.166252,0.294283,0.001236,0,0.017211,0.000366,0,0.004932,0.002054,0,0.030906,0.000198,0,0.002056,0.000967,0,0.010708,3.6e-05,0,0.000382,0.000381,0,0.004199,0.006946,0,0.070288,8.2e-05,0,0.000635,0.489311,0.383686,0.596309,0.000218,0,0.002485,0.000125,0,0.001582,0.000923,0,0.010259,0.000467,0,0.004784,0.000506,0,0.006097,0.004816,0,0.083117,0.009661,0,0.080391,0.09189,0,0.167658,5.1e-05,0,0.000469
"PH_PC_10.sorted.bam","10","PC",0.014511,0,0.054542,0.040404,1e-06,0.092112,0.001217,0,0.009375,0.938266,0.880213,0.997925,0.001042,0,0.008595,0.002817,0,0.024066,0.001743,0,0.012584,0.001876,0,0.023875,0.013556,0,0.082499,0.001881,0,0.024949,0.000741,0,0.011749,0.000291,0,0.003685,0.000147,0,0.001566,0.008463,0,0.100347,0.06094,0,0.181207,0.000339,0,0.004248,0.902465,0.792687,0.997515,0.000314,0,0.00371,0.00022,0,0.00221,0.000179,0,0.002098,0.000497,0,0.006282,0.000213,0,0.002137,0.001408,0,0.021469,0.001524,0,0.02329,0.000241,0,0.002558,0.000913,0,0.013738,0.000201,0,0.002003,0.000501,0,0.005278,0.000789,0,0.010403,0.000516,0,0.006641,0.000351,0,0.004934,0.00045,0,0.006069,0.000247,0,0.00299,0.000345,0,0.00277,0.000394,0,0.005354
"PH_PC_11.sorted.bam","11","PC",0.005721,0,0.034097,0.040449,0.001508,0.086956,0.001408,0,0.009547,0.924107,0.865857,0.977737,0.004021,0,0.021124,0.012717,0,0.054176,0.011576,0,0.043038,0.000159,0,0.001999,0.004171,0,0.056093,0.011473,0,0.061905,0.000314,0,0.003976,0.000504,0,0.006382,9.7e-05,0,0.001267,0.002013,0,0.027158,0.029308,0,0.168131,0.000551,0,0.008072,0.902777,0.790093,0.975316,0.000424,0,0.005194,0.000817,0,0.011502,0.000262,0,0.003558,0.001395,0,0.019941,0.00014,0,0.001544,0.000662,0,0.008058,0.017998,0,0.103376,0.000256,0,0.003436,0.002946,0,0.041115,0.000554,0,0.005692,0.000307,0,0.003422,0.003542,0,0.041303,0.005154,0,0.061566,0.000734,0,0.009657,0.006446,0,0.073959,0.00431,0,0.037311,0.002405,0,0.036432,0.00028,0,0.003228
"PH_PC_12.sorted.bam","12","PC",0.012406,0,0.048747,0.038118,3.8e-05,0.077431,0.001468,0,0.010596,0.920517,0.866659,0.978281,0.001369,0,0.011376,0.02332,0,0.058931,0.002802,0,0.018143,0.000714,0,0.009303,0.010267,0,0.076737,0.009558,0,0.066861,0.000421,0,0.005533,0.00046,0,0.006275,9.8e-05,0,0.001012,0.0036,0,0.060463,0.013451,0,0.128613,0.000972,0,0.012772,0.908271,0.802546,0.974689,0.000105,0,0.001084,0.000949,0,0.011894,0.00019,0,0.00191,0.000279,0,0.003148,0.000367,0,0.004724,0.008403,0,0.074036,0.029974,0,0.107979,0.000417,0,0.005333,0.00552,0,0.06262,0.000212,0,0.002845,0.000547,0,0.00649,0.000588,0,0.008275,0.002021,0,0.027049,0.000279,0,0.003131,0.000671,0,0.009087,0.000269,0,0.002827,0.00102,0,0.013882,0.000378,0,0.004696
"PH_PC_1.sorted.bam","1","PC",0.003516,0,0.023327,0.02562,0,0.076748,0.001882,0,0.013342,0.941953,0.878508,0.997681,0.004877,0,0.027912,0.007608,0,0.04649,0.014544,0,0.049106,0.000414,0,0.004624,0.002081,0,0.03068,0.00269,0,0.033858,0.000267,0,0.003039,0.001526,0,0.021466,7.5e-05,0,0.000868,0.001563,0,0.020239,0.013441,0,0.140452,0.000669,0,0.009006,0.931422,0.832576,0.99741,0.00082,0,0.012706,0.003726,0,0.044028,0.000348,0,0.003763,0.001112,0,0.016014,9.3e-05,0,0.000927,0.000379,0,0.004989,0.007627,0,0.075703,0.000253,0,0.003185,0.002489,0,0.032047,0.000141,0,0.001483,0.000236,0,0.002679,0.001095,0,0.016052,0.017458,0,0.087015,0.000553,0,0.00575,0.001789,0,0.024772,0.003421,0,0.03825,0.003855,0,0.055498,0.000459,0,0.006102
"PH_PC_2.sorted.bam","2","PC",0.005626,0,0.030975,0.061141,0.02138,0.109133,0.001439,0,0.011911,0.90606,0.847065,0.95492,0.001617,0,0.01151,0.019533,0,0.067748,0.004584,0,0.025259,0.000371,0,0.004334,0.002246,0,0.034324,0.000359,0,0.004099,0.000289,0,0.003361,0.00121,0,0.013626,0.000129,0,0.001562,0.00336,0,0.040711,0.082576,0,0.215423,0.000384,0,0.004523,0.860834,0.756898,0.946945,0.000752,0,0.010976,0.000584,0,0.008532,0.00014,0,0.001724,0.000293,0,0.003178,0.000137,0,0.001717,0.001614,0,0.023228,0.033218,0,0.131931,0.000202,0,0.00247,0.001413,0,0.013297,0.000306,0,0.003199,0.000638,0,0.007294,0.002249,0,0.028519,0.001731,0,0.025804,0.000395,0,0.00517,0.002427,0,0.035258,0.000887,0,0.010625,0.001038,0,0.014258,0.000221,0,0.002562
"PH_PC_3.sorted.bam","3","PC",0.097884,0.054367,0.141631,0.082573,0.041909,0.124694,0.001661,0,0.013272,0.628606,0.565058,0.688376,0.003558,0,0.023346,0.183887,0.135567,0.234198,0.001831,0,0.015632,4.7e-05,0,0.000488,0.000191,0,0.002295,0.000104,0,0.001153,0.000171,0,0.001687,0.000521,0,0.006788,5.4e-05,0,0.000693,0.192945,0.103195,0.282166,0.163018,0.080655,0.247078,0.001599,0,0.022427,0.264924,0.140117,0.386487,0.000327,0,0.003119,0.000544,0,0.007601,0.000426,0,0.005478,0.004205,0,0.042507,5.8e-05,0,0.000763,0.001622,0,0.022571,0.000395,0,0.004152,0.000167,0,0.002076,0.364655,0.268407,0.465928,0.000228,0,0.002905,0.000192,0,0.001942,0.000417,0,0.005068,0.000268,0,0.003114,0.000331,0,0.004277,0.000943,0,0.011103,0.001269,0,0.017341,0.000323,0,0.00404,5.5e-05,0,0.000655
"PH_PC_4.sorted.bam","4","PC",0.025864,0,0.07079,0.093616,0.043469,0.145582,0.001538,0,0.011049,0.811585,0.744813,0.883776,0.008428,0,0.041451,0.037061,2e-06,0.085611,0.021909,0,0.057404,0.000112,0,0.001175,0.003846,0,0.047612,0.000167,0,0.00185,0.000694,0,0.009316,0.000407,0,0.005041,0.000102,0,0.001256,0.013361,0,0.135807,0.155035,0,0.284808,0.000631,0,0.007274,0.703787,0.560137,0.840316,0.00096,0,0.013766,0.003457,0,0.042699,0.000373,0,0.00446,0.002455,0,0.033875,0.000132,0,0.001399,0.025643,0,0.103691,0.022759,0,0.14799,0.000248,0,0.00283,0.021158,0,0.141048,0.000664,0,0.007588,0.000423,0,0.005004,0.007,0,0.064426,0.001394,0,0.02031,0.000517,0,0.006916,0.022955,0,0.107358,0.008684,0,0.071001,0.002804,0,0.042578,0.000232,0,0.002735
"PH_PC_5.sorted.bam","5","PC",0.038005,0.000254,0.066191,0.020852,0,0.079671,0.000987,0,0.007849,0.882414,0.819827,0.936561,0.002395,0,0.018078,0.010831,0,0.043921,0.044518,0.01628,0.074519,0.000646,0,0.00965,0.003251,0,0.044658,0.000559,0,0.007807,0.000233,0,0.002819,0.000267,0,0.003138,0.00016,0,0.001724,0.001988,0,0.031207,0.021367,0,0.156601,0.000456,0,0.005558,0.860194,0.750378,0.933976,0.000524,0,0.00638,0.001125,0,0.016667,0.000249,0,0.002831,0.000681,0,0.009116,0.000123,0,0.001289,0.004226,0,0.049528,0.012112,0,0.08043,0.000196,0,0.002687,0.001063,0,0.008956,0.000711,0,0.009823,0.001002,0,0.012629,0.064494,0,0.127733,0.002464,0,0.039203,0.000251,0,0.002234,0.018884,0,0.137762,0.001255,0,0.015886,0.001351,0,0.019539,0.000168,0,0.002057
"PH_PC_6.sorted.bam","6","PC",0.009807,0,0.042814,0.078371,0.036573,0.120896,0.000852,0,0.006695,0.888547,0.824643,0.944142,0.008008,0,0.036728,0.010059,0,0.047013,0.004357,0,0.030824,0.001098,0,0.015086,0.006055,0,0.064614,0.056654,0,0.113554,0.000146,0,0.001485,0.00029,0,0.003816,0.000149,0,0.001862,0.002384,0,0.037229,0.026923,0,0.200006,0.000263,0,0.003059,0.871252,0.750668,0.941755,0.002128,0,0.031192,0.003506,0,0.042838,0.000307,0,0.003131,0.001156,0,0.016632,0.00187,0,0.02635,0.005248,0,0.059811,0.004889,0,0.062365,0.000186,0,0.002283,0.002779,0,0.043527,0.003014,0,0.034509,0.001239,0,0.017521,0.001457,0,0.022489,0.00177,0,0.025759,0.000213,0,0.002447,0.001085,0,0.016458,0.002165,0,0.026081,0.001526,0,0.020705,0.000249,0,0.003021
"PH_PC_7.sorted.bam","7","PC",0.150849,0.10485,0.21013,0.140486,0.100117,0.185979,0.098764,0.07154,0.127043,0.465194,0.396571,0.499972,0.002411,0,0.018818,0.006917,0,0.03453,0.135379,0.099844,0.173589,4e-05,0,0.000365,0.000338,0,0.003737,0.000114,0,0.001117,0.000191,0,0.001891,0.048449,0,0.200209,3.3e-05,0,0.000366,0.295357,0.189201,0.418636,0.225958,0.08046,0.329422,0.147406,0,0.24302,0.000386,0,0.004447,0.000554,0,0.006805,0.001106,0,0.015046,0.000121,0,0.001447,0.000387,0,0.004686,3.8e-05,0,0.000413,0.002432,0,0.032903,0.004637,0,0.054178,0.000204,0,0.002339,0.001174,0,0.016143,0.00025,0,0.003228,0.000123,0,0.001395,0.002746,0,0.043744,0.000256,0,0.002718,0.001089,0,0.018064,0.259334,0.177754,0.342296,0.002327,0,0.031887,0.004891,0,0.053205,5.8e-05,0,0.00061
"PH_PC_8.sorted.bam","8","PC",0.045964,0.005462,0.074136,0.052292,0.015782,0.094572,0.001086,0,0.008618,0.844075,0.782805,0.901264,0.001472,0,0.011576,0.050762,0.024122,0.081065,0.004349,0,0.03115,0.000108,0,0.001355,0.000351,0,0.003872,0.034285,0,0.083395,0.000229,0,0.002783,0.000592,0,0.008649,8.1e-05,0,0.000891,0.00082,0,0.009323,0.022896,0,0.152098,0.000258,0,0.003295,0.829944,0.738338,0.898326,0.000302,0,0.003653,0.000908,0,0.014079,0.000122,0,0.001045,0.000435,0,0.005996,0.000238,0,0.003224,0.089336,0.000135,0.145687,0.005724,0,0.089819,0.000218,0,0.002205,0.002909,0,0.04854,0.000432,0,0.005449,0.001348,0,0.016997,0.000672,0,0.008889,0.005542,0,0.059363,0.000593,0,0.007488,0.000943,0,0.01384,0.000269,0,0.002948,0.00021,0,0.002667,0.000235,0,0.002657
"PH_PC_9.sorted.bam","9","PC",0.01959,0,0.051753,0.050586,0.012176,0.096696,0.000645,0,0.005116,0.914098,0.854882,0.964202,0.004941,0,0.028512,0.006695,0,0.034164,0.003445,0,0.022265,0.001174,0,0.01588,0.017118,0,0.088914,0.025543,0,0.08306,0.000217,0,0.002505,0.000258,0,0.002676,7.4e-05,0,0.000744,0.004688,0,0.061773,0.029537,0,0.169108,0.00015,0,0.001555,0.895096,0.781424,0.962984,0.005019,0,0.047111,0.001378,0,0.018961,0.000222,0,0.00295,0.000669,0,0.009082,0.000449,0,0.006285,0.008602,0,0.065431,0.000834,0,0.009608,0.00014,0,0.001407,0.000815,0,0.009971,0.000989,0,0.013718,0.000497,0,0.006518,0.001188,0,0.016041,0.000959,0,0.01222,0.000154,0,0.001956,0.002145,0,0.029584,0.000707,0,0.00947,0.001018,0,0.014267,0.000359,0,0.004437
"PH_PM_10.sorted.bam","10","PM",0.001051,0,0.008114,0.000471,0,0.003627,0.990131,0.970685,0.999918,0.000728,0,0.005585,0.004865,0,0.023761,0.002075,0,0.013977,0.000678,0,0.005411,0.000487,0,0.006657,0.000106,0,0.001087,0.000107,0,0.001212,0.000116,0,0.001214,0.000126,0,0.001235,0.989656,0.969646,0.999896,0.000187,0,0.002277,9.2e-05,0,0.001123,8.8e-05,0,0.000942,0.000242,0,0.002736,0.000208,0,0.002308,0.000136,0,0.00131,0.000179,0,0.002104,0.000232,0,0.002503,0.004127,0,0.02361,0.000393,0,0.005659,0.000188,0,0.002302,0.000339,0,0.00387,0.00024,0,0.003089,0.000578,0,0.007293,0.001126,0,0.012529,0.000118,0,0.001275,8e-05,0,0.001046,0.000103,0,0.000993,0.000133,0,0.001648,0.000143,0,0.001584,0.00016,0,0.001792,0.00031,0,0.004427
"PH_PM_11.sorted.bam","11","PM",0.006769,0,0.03406,0.001081,0,0.008438,0.95691,0.927965,0.983598,0.022957,0,0.059775,0.004211,0,0.02307,0.003235,0,0.021384,0.004837,0,0.027756,0.002972,0,0.030914,0.000331,0,0.003907,0.000145,0,0.001723,0.003203,0,0.037526,0.000374,0,0.003922,0.953361,0.920206,0.982287,0.001977,0,0.023936,0.000382,0,0.003287,0.001084,0,0.013515,0.01646,0,0.058641,0.001027,0,0.013437,0.000394,0,0.004137,0.001587,0,0.019522,0.002273,0,0.029892,0.001094,0,0.012409,0.000589,0,0.008437,0.000205,0,0.002394,0.000315,0,0.0039,0.003552,0,0.037325,0.000669,0,0.00922,0.000392,0,0.004486,0.000466,0,0.006025,0.000186,0,0.002308,0.000534,0,0.006496,0.003725,0,0.036652,0.000284,0,0.003002,0.000357,0,0.004442,0.002061,0,0.024013
"PH_PM_12.sorted.bam","12","PM",0.003431,0,0.02183,0.000669,0,0.00513,0.982986,0.958145,0.99933,0.00132,0,0.010871,0.004114,0,0.026189,0.004431,0,0.025263,0.003049,0,0.018228,0.002392,0,0.021328,0.00015,0,0.001719,0.000169,0,0.002081,0.000312,0,0.003278,9.8e-05,0,0.001125,0.982308,0.957402,0.999248,0.00015,0,0.001708,0.000147,0,0.001543,0.000218,0,0.002262,0.000675,0,0.009481,0.000261,0,0.002986,0.000194,0,0.002249,0.000186,0,0.001832,0.000272,0,0.003278,0.002848,0,0.025581,0.000367,0,0.004428,0.000229,0,0.003031,0.000437,0,0.005498,0.000358,0,0.004319,0.001237,0,0.017231,0.002781,0,0.024259,0.000838,0,0.010786,0.000181,0,0.002411,0.000105,0,0.001001,0.000144,0,0.001543,0.000382,0,0.00527,0.000674,0,0.008745,0.001886,0,0.017684
"PH_PM_1.sorted.bam","1","PM",0.00116,0,0.009083,0.004505,0,0.025683,0.949095,0.921683,0.973538,0.025474,0,0.060505,0.001881,0,0.013005,0.014854,0,0.057572,0.003032,0,0.018289,0.000242,0,0.002717,0.000221,0,0.002621,0.002492,0,0.022578,0.000212,0,0.002491,0.000132,0,0.001458,0.947519,0.918892,0.972651,0.000243,0,0.003,0.002159,0,0.030066,0.001048,0,0.012081,0.020478,0,0.058972,0.000279,0,0.004049,0.000137,0,0.001592,0.000749,0,0.011205,0.000467,0,0.006038,0.000476,0,0.006537,0.000602,0,0.008463,0.001027,0,0.013156,0.000585,0,0.008114,0.005239,0,0.054451,0.000761,0,0.010988,0.00971,0,0.057124,0.000278,0,0.003409,0.000349,0,0.005034,0.000424,0,0.004972,0.000835,0,0.012368,0.000417,0,0.003945,0.002075,0,0.025512,0.000843,0,0.01044
"PH_PM_2.sorted.bam","2","PM",0.000997,0,0.007846,0.041529,0.003474,0.070823,0.841408,0.811489,0.87048,0.004541,0,0.045784,0.002358,0,0.019153,0.05495,0.003648,0.090967,0.054217,0.029833,0.081313,9e-05,0,0.000932,0.000111,0,0.000987,0.000167,0,0.001333,0.001034,0,0.010865,0.081925,4e-06,0.140575,0.68652,0.62573,0.744478,0.000158,0,0.001787,0.000171,0,0.002031,0.007996,0,0.089678,0.000106,0,0.001168,0.000127,0,0.001272,0.000197,0,0.002243,0.003155,0,0.037453,0.00026,0,0.00353,0.000135,0,0.001718,0.000206,0,0.002439,0.000189,0,0.002324,0.108252,0,0.180944,0.00017,0,0.002073,0.000442,0,0.006253,0.000237,0,0.002565,0.000176,0,0.002001,0.00013,0,0.001512,0.107416,0.058039,0.162094,0.000116,0,0.001446,0.000264,0,0.002704,0.000166,0,0.002237,8.3e-05,0,0.000926
"PH_PM_3.sorted.bam","3","PM",0.001133,0,0.00845,0.000955,0,0.00755,0.985713,0.963126,0.999654,0.00081,0,0.00651,0.005885,0,0.026128,0.003892,0,0.027309,0.001613,0,0.012177,0.000291,0,0.003697,0.000112,0,0.001345,0.000257,0,0.00318,0.000205,0,0.00167,0.000217,0,0.002641,0.985102,0.961644,0.999624,0.000301,0,0.003428,9.7e-05,0,0.001136,8.5e-05,0,0.000976,0.000166,0,0.001768,0.000231,0,0.002581,0.000338,0,0.004378,0.000396,0,0.004543,0.000367,0,0.00489,0.004662,0,0.025545,0.000635,0,0.009183,0.000401,0,0.005704,0.000195,0,0.001822,0.000301,0,0.003863,0.000785,0,0.011466,0.002483,0,0.026871,0.000198,0,0.002559,0.000231,0,0.002356,0.000121,0,0.00125,0.000137,0,0.001377,0.000327,0,0.004161,5e-04,0,0.006628,0.000856,0,0.011219
"PH_PM_4.sorted.bam","4","PM",0.019129,1.3e-05,0.043349,0.002086,0,0.012819,0.971359,0.948512,0.992314,0.001341,0,0.00993,0.00298,0,0.019116,0.00181,0,0.012783,0.001294,0,0.009203,0.017163,0,0.042806,0.000639,0,0.008626,0.000692,0,0.010201,0.000275,0,0.003514,0.000711,0,0.01013,0.970273,0.94493,0.992065,0.000602,0,0.007785,0.000259,0,0.003363,0.000311,0,0.004035,0.000212,0,0.002577,0.000959,0,0.013669,0.000418,0,0.00587,0.000365,0,0.004597,0.000554,0,0.00781,0.001512,0,0.017992,0.000643,0,0.009326,0.000437,0,0.006068,0.000231,0,0.003041,0.000269,0,0.003266,0.000442,0,0.005541,0.000701,0,0.009429,0.000813,0,0.011937,0.000324,0,0.004526,0.000279,0,0.003198,0.000265,0,0.003489,0.000199,0,0.001914,0.000197,0,0.001863,0.000255,0,0.003603
"PH_PM_6.sorted.bam","6","PM",0.001157,0,0.008078,0.000763,0,0.005582,0.991966,0.973777,0.999952,0.001081,0,0.007855,0.001242,0,0.009504,0.00239,0,0.019752,0.0014,0,0.008645,0.000401,0,0.005683,0.000158,0,0.001809,0.00019,0,0.002318,0.000155,0,0.001494,0.000144,0,0.001759,0.991441,0.972694,0.999945,0.000196,0,0.002482,0.00021,0,0.002793,0.000103,0,0.001131,0.000308,0,0.003758,0.000326,0,0.004442,0.000107,0,0.001063,0.000134,0,0.001751,0.000209,0,0.002666,0.000669,0,0.008971,0.000178,0,0.002043,0.000205,0,0.002076,0.00033,0,0.003984,0.000462,0,0.00653,0.000169,0,0.002327,0.001505,0,0.018718,5e-04,0,0.006968,0.000323,0,0.004443,0.000186,0,0.002151,0.000366,0,0.004949,0.000201,0,0.002573,0.000426,0,0.005701,0.000399,0,0.00578
"PH_PM_7.sorted.bam","7","PM",0.001501,0,0.010283,0.00081,0,0.006029,0.992502,0.973753,0.999959,0.000671,0,0.005472,0.001386,0,0.009697,0.002237,0,0.018321,0.000893,0,0.006707,0.000553,0,0.007813,0.000201,0,0.00248,0.000288,0,0.003994,0.000317,0,0.003847,9.4e-05,0,0.000913,0.991834,0.971545,0.99995,0.000221,0,0.002289,0.000112,0,0.001398,0.000132,0,0.001381,0.00013,0,0.00138,0.00037,0,0.004872,0.000256,0,0.003319,0.000318,0,0.003961,0.00019,0,0.002178,0.00058,0,0.00788,0.000372,0,0.004755,0.000276,0,0.003671,0.000293,0,0.003694,0.000307,0,0.00368,0.000305,0,0.004015,0.00129,0,0.017621,0.000414,0,0.005651,0.000105,0,0.001331,0.000183,0,0.002165,0.000119,0,0.001467,0.000172,0,0.002106,0.000341,0,0.004912,0.000226,0,0.002784
"PH_PM_8.sorted.bam","8","PM",0.002966,0,0.016022,0.001009,0,0.008145,0.977375,0.951072,0.998509,0.002522,0,0.014792,0.004629,0,0.022388,0.007253,0,0.035889,0.004244,0,0.02158,0.001162,0,0.014296,0.000344,0,0.003571,0.000234,0,0.002501,0.000192,0,0.001541,0.000119,0,0.001287,0.976299,0.949337,0.998297,0.000584,0,0.007557,0.000237,0,0.003117,0.00019,0,0.001866,0.000442,0,0.005868,0.001026,0,0.013599,0.000243,0,0.002874,0.000221,0,0.00261,0.000853,0,0.012376,0.002942,0,0.021889,0.000838,0,0.012434,0.000221,0,0.002201,0.001045,0,0.01567,0.001309,0,0.019109,0.000436,0,0.005829,0.00433,0,0.03547,0.000625,0,0.009108,0.000388,0,0.004848,0.000386,0,0.005112,0.000989,0,0.012944,0.000594,0,0.008718,0.001997,0,0.021314,0.001755,0,0.020308
"PH_PM_9.sorted.bam","9","PM",0.071913,0.037488,0.106259,0.010716,0,0.048055,0.493417,0.473873,0.5,0.264531,0.210816,0.3168,0.002727,0,0.019439,0.09984,0.058841,0.142508,0.056855,0.027808,0.087605,7.9e-05,0,0.000824,0.000501,0,0.006804,0.000118,0,0.001346,0.14078,0.071504,0.210838,0.014646,0,0.095241,0.00016,0,0.001907,0.000589,0,0.007528,0.001128,0,0.016038,0.52548,0.419601,0.631832,0.000175,0,0.001879,0.000159,0,0.001597,0.001735,0,0.02448,0.001791,0,0.023161,0.000212,0,0.002371,5.3e-05,0,0.000499,0.000624,0,0.008316,0.0026,0,0.03171,0.194582,0.110793,0.283317,0.000367,0,0.00361,0.000428,0,0.005548,0.000192,0,0.001846,0.001016,0,0.015068,0.000585,0,0.008184,0.109234,0.049458,0.171605,0.000935,0,0.014037,0.001025,0,0.013921,0.000697,0,0.006901,0.00011,0,0.001086
"PH_PR_11.sorted.bam","11","PR",0.016838,0,0.061909,0.000861,0,0.00729,0.155646,0.120976,0.191539,0.006776,0,0.039392,0.013691,0,0.049877,0.804878,0.746411,0.857088,0.001309,0,0.010358,3e-04,0,0.003717,0.000267,0,0.002812,0.000157,0,0.001941,0.001051,0,0.012846,0.000151,0,0.001257,0.000604,0,0.007008,0.002902,0,0.035419,0.000248,0,0.00241,0.002146,0,0.027928,0.002561,0,0.028995,0.006569,0,0.057154,0.000313,0,0.003861,0.01277,0,0.088977,0.00124,0,0.017531,0.00052,0,0.005063,0.021549,0,0.120529,0.000321,0,0.004201,0.293588,0.184924,0.376457,0.001489,0,0.01292,0.004957,0,0.06253,0.643842,0.533986,0.737161,0.000738,0,0.00989,0.00011,0,0.001077,0.00038,0,0.005064,0.000405,0,0.004882,0.000493,0,0.005994,0.00017,0,0.001807,0.000162,0,0.001461
"PH_PR_12.sorted.bam","12","PR",0.001556,0,0.011411,0.001194,0,0.008877,0.106693,0.07391,0.140961,0.001449,0,0.010901,0.001322,0,0.009544,0.88407,0.844295,0.920351,0.003716,0,0.020315,0.000144,0,0.001495,0.000246,0,0.003076,0.000235,0,0.003012,0.000356,0,0.004456,0.000247,0,0.002656,0.000729,0,0.009374,0.000255,0,0.002937,0.000294,0,0.00352,0.000483,0,0.006332,0.000159,0,0.001572,0.000252,0,0.0032,0.00017,0,0.002253,0.000405,0,0.005988,0.000306,0,0.002935,0.000202,0,0.00235,0.000783,0,0.01011,0.000672,0,0.008197,0.209238,0.143318,0.27982,6e-04,0,0.006394,0.000511,0,0.006565,0.777745,0.704403,0.845793,0.000933,0,0.012167,0.000288,0,0.003107,0.001201,0,0.017717,0.000641,0,0.008676,0.000597,0,0.007918,0.000846,0,0.012245,0.001464,0,0.016678
"PH_PR_1.sorted.bam","1","PR",0.032775,0,0.075158,0.00074,0,0.00582,0.074517,0.039149,0.125462,0.007587,0,0.057706,0.007259,0,0.042065,0.875363,0.817616,0.925443,0.001759,0,0.012734,0.000252,0,0.003205,0.000158,0,0.001881,0.000108,0,0.000965,0.06152,0,0.149187,0.000353,0,0.004274,0.000944,0,0.013891,0.000604,0,0.006945,0.000164,0,0.002069,0.009842,0,0.110048,0.001025,0,0.014916,0.000363,0,0.00461,0.000199,0,0.002227,0.005793,0,0.063601,0.001111,0,0.013136,0.000253,0,0.003095,0.001735,0,0.024437,0.000214,0,0.001737,0.068992,0,0.236236,0.000901,0,0.00911,0.00609,0,0.066885,0.836117,0.718667,0.914529,0.000665,0,0.008837,0.000177,0,0.001709,0.000645,0,0.005972,0.000502,0,0.006766,0.000454,0,0.006148,0.000562,0,0.007217,0.000257,0,0.002727
"PH_PR_2.sorted.bam","2","PR",0.001828,0,0.01477,0.000741,0,0.005973,0.094498,0.060136,0.134271,0.070805,0.022033,0.115012,0.00438,0,0.030413,0.826593,0.77461,0.880085,0.001155,0,0.009427,0.000152,0,0.001647,0.000116,0,0.001422,6.1e-05,0,0.000657,0.000956,0,0.011301,0.000131,0,0.001345,0.000316,0,0.003276,0.000399,0,0.004366,0.000222,0,0.001621,0.040762,0,0.193357,0.000403,0,0.005326,0.000716,0,0.00934,0.000382,0,0.00526,0.001106,0,0.01419,0.002145,0,0.039149,0.000141,0,0.001382,0.000508,0,0.0046,0.000419,0,0.004589,0.145207,0,0.266237,0.097021,0,0.225273,0.003736,0,0.047297,0.702972,0.564002,0.852394,0.000655,0,0.009466,8.8e-05,0,0.000755,0.000203,0,0.001837,0.000253,0,0.002374,0.000394,0,0.004172,0.000351,0,0.004709,0.000183,0,0.002403
"PH_PR_3.sorted.bam","3","PR",0.000806,0,0.006165,0.000928,0,0.007154,0.170503,0.129891,0.208166,0.002177,0,0.018526,0.012464,0,0.049159,0.812458,0.761169,0.858732,0.000664,0,0.005299,0.000132,0,0.001331,0.000182,0,0.00225,0.000163,0,0.001799,0.000219,0,0.002843,0.000207,0,0.00281,0.000354,0,0.002622,0.000178,0,0.002049,0.000337,0,0.003875,0.000453,0,0.004736,0.000681,0,0.009552,0.000149,0,0.001729,0.000364,0,0.004356,0.013877,0,0.086959,0.000725,0,0.006409,0.000291,0,0.002754,0.000517,0,0.0069,0.000352,0,0.004859,0.325341,0.222728,0.408638,0.00116,0,0.015554,0.00881,0,0.075746,0.64426,0.548042,0.732142,0.000102,0,0.001028,8.8e-05,0,0.000745,0.000201,0,0.002213,0.00014,0,0.00142,0.000422,0,0.005382,0.000216,0,0.002295,7.9e-05,0,0.000906
"PH_PR_4.sorted.bam","4","PR",0.000771,0,0.006272,0.000626,0,0.005111,0.136053,0.101371,0.170534,0.000585,0,0.00468,0.001096,0,0.009324,0.860356,0.824883,0.895602,0.000513,0,0.004028,6.8e-05,0,0.000739,0.000128,0,0.001481,1e-04,0,0.001177,0.000423,0,0.004966,0.000188,0,0.001548,0.000201,0,0.002437,0.000113,0,0.001304,8.8e-05,0,0.000959,0.000159,0,0.001901,0.00015,0,0.001286,0.000129,0,0.001522,0.000258,0,0.003134,0.000361,0,0.004085,0.00024,0,0.002341,0.000184,0,0.001473,0.000503,0,0.007359,0.000295,0,0.003741,0.270411,0.201252,0.33951,0.000165,0,0.002022,0.000667,0,0.00921,0.724215,0.654889,0.794495,0.000109,0,0.001134,9.5e-05,0,0.001155,0.000161,0,0.002154,0.000105,0,0.001205,0.000169,0,0.001309,0.000242,0,0.003104,7.2e-05,0,0.000815
"PH_PR_5.sorted.bam","5","PR",0.004275,0,0.025905,0.001001,0,0.007838,0.13125,0.088657,0.168438,0.006829,0,0.045208,0.00143,0,0.010864,0.853951,0.805255,0.893949,0.001265,0,0.01009,0.000421,0,0.005869,0.000178,0,0.002104,0.000255,0,0.003515,0.00305,0,0.041638,0.000473,0,0.004548,0.000446,0,0.004676,0.002179,0,0.029448,0.000284,0,0.00362,0.00542,0,0.082811,0.000377,0,0.004832,0.000561,0,0.007119,0.000199,0,0.002598,0.000368,0,0.003927,0.000342,0,0.004935,0.000237,0,0.002867,0.000979,0,0.012854,0.00017,0,0.001944,0.252093,0.07153,0.333391,0.004316,0,0.055069,0.000631,0,0.009207,0.724642,0.639779,0.813689,0.000761,0,0.011834,0.000188,0,0.002142,0.000205,0,0.002196,0.000363,0,0.004408,0.000283,0,0.003169,0.00043,0,0.004946,0.000149,0,0.002099
"PH_PR_6.sorted.bam","6","PR",0.000835,0,0.006636,0.000577,0,0.004748,0.128781,0.094277,0.164512,0.001718,0,0.015899,0.002476,0,0.021899,0.864964,0.824998,0.902404,0.000649,0,0.005437,8.3e-05,0,0.000924,9.9e-05,0,0.001009,7.8e-05,0,0.000747,0.000405,0,0.003864,0.000138,0,0.001291,0.000375,0,0.004326,9.7e-05,0,0.000793,0.000144,0,0.00158,0.000862,0,0.011013,0.00078,0,0.010085,0.00026,0,0.003308,0.000277,0,0.003122,0.001922,0,0.025327,0.000244,0,0.002256,0.000124,0,0.001036,0.000516,0,0.005829,0.000247,0,0.002866,0.253274,0.17953,0.326644,0.000369,0,0.005405,0.001652,0,0.024056,0.736828,0.665019,0.807805,0.000127,0,0.001362,9.3e-05,0,0.001033,0.000213,0,0.002096,0.00016,0,0.001838,0.000349,0,0.00449,0.000213,0,0.002783,7.1e-05,0,0.000741
"PH_PR_8.sorted.bam","8","PR",0.004218,0,0.030718,0.000909,0,0.006892,0.120965,0.086465,0.15649,0.003017,0,0.021553,0.00445,0,0.029993,0.865002,0.815265,0.904516,0.001439,0,0.010028,0.000134,0,0.001441,0.000211,0,0.002516,0.000111,0,0.001129,0.00192,0,0.02703,0.000188,0,0.001776,0.000729,0,0.009972,0.000937,0,0.01266,0.000283,0,0.003387,0.000849,0,0.010109,0.000471,0,0.005721,0.001113,0,0.016191,0.000408,0,0.005255,0.001065,0,0.013245,0.001443,0,0.021173,0.001173,0,0.015799,0.003647,0,0.048662,0.000213,0,0.002428,0.236057,0.156561,0.311884,0.001023,0,0.012887,0.001952,0,0.029209,0.74338,0.656645,0.818136,0.00034,0,0.005005,0.000293,0,0.004137,0.000393,0,0.005332,0.000559,0,0.006634,0.000572,0,0.007717,0.000353,0,0.00337,0.000184,0,0.00212
"PH_PT_12.sorted.bam","12","PT",0.064903,0.038667,0.092135,0.09257,0.049209,0.139789,0.004941,0,0.027563,0.408886,0.334346,0.480334,0.062932,0.03707,0.089708,0.363314,0.297713,0.433334,0.002454,0,0.016485,0.000343,0,0.004959,0.001192,0,0.014064,0.001758,0,0.023743,0.000898,0,0.012613,0.00249,0,0.035455,0.001583,0,0.020535,0.001817,0,0.023947,0.030712,0,0.209643,0.001055,0,0.014473,0.193659,0,0.402231,0.12102,0.06948,0.173971,0.001094,0,0.014448,0.000751,0,0.01044,0.000681,0,0.00931,0.000164,0,0.00178,0.003263,0,0.044732,0.145739,0,0.266013,0.000899,0,0.011286,0.395009,0,0.704788,0.001158,0,0.013302,0.089912,0,0.277446,0.000929,0,0.0142,0.000395,0,0.005258,0.000624,0,0.008178,0.001181,0,0.01668,0.000831,0,0.012387,0.000735,0,0.009244,0.000106,0,0.001236
"PH_PT_2.sorted.bam","2","PT",0.131762,0.085262,0.176695,0.065425,0.03459,0.096045,0.001729,0,0.012851,0.39561,0.327904,0.461696,0.066834,0.03777,0.096522,0.336667,0.278048,0.396944,0.001973,0,0.015317,0.000168,0,0.001454,0.000767,0,0.009361,0.000313,0,0.003386,0.000377,0,0.004418,0.000214,0,0.002123,0.000343,0,0.004586,0.00316,0,0.045542,0.001127,0,0.016494,0.000837,0,0.012914,0.387004,0.305069,0.458859,0.001392,0,0.018777,0.124413,0.060353,0.180559,0.000631,0,0.008445,0.001181,0,0.018351,0.000501,0,0.004277,0.25678,0.154032,0.350279,0.003493,0,0.05402,0.000415,0,0.005241,0.010197,0,0.153382,0.004057,0,0.051315,0.198943,0.10806,0.297525,0.000712,0,0.008786,0.00021,0,0.002708,0.000299,0,0.003645,0.00071,0,0.007712,0.000992,0,0.013566,0.000505,0,0.005566,0.000259,0,0.003597
"PH_PT_9.sorted.bam","9","PT",0.05451,1e-06,0.109828,0.087539,0.047768,0.121792,0.002426,0,0.017989,0.44004,0.367245,0.509308,0.094952,0.064523,0.130504,0.318573,0.253053,0.386583,0.00196,0,0.01688,0.003081,0,0.04191,0.002552,0,0.034797,0.000322,0,0.003996,0.001613,0,0.022486,0.000298,0,0.003499,0.000348,0,0.003709,0.080372,0,0.210984,0.000868,0,0.012502,0.000754,0,0.008761,0.397071,0.284853,0.500914,0.001868,0,0.024356,0.169392,0.092957,0.231425,0.000898,0,0.012324,0.00302,0,0.048633,0.003203,0,0.049017,0.015795,0,0.141487,0.000533,0,0.004314,0.000416,0,0.004821,0.00045,0,0.00468,0.008082,0,0.109928,0.305738,0.21163,0.383799,0.000658,0,0.005128,0.000791,0,0.008409,0.000176,0,0.002107,0.000473,0,0.00439,0.000239,0,0.002041,0.000392,0,0.004156,0.000595,0,0.007619
"PH_SB_10.sorted.bam","10","SB",0.070956,0.029313,0.114721,0.237512,0.156357,0.292151,0.021146,0,0.063042,0.570113,0.487229,0.648452,0.003647,0,0.02908,0.019756,0,0.087352,0.07687,0.03485,0.117842,0.000124,0,0.001406,0.007795,0,0.110779,0.00023,0,0.002341,0.000944,0,0.013116,0.007545,0,0.089261,0.000117,0,0.001381,0.129037,0,0.226592,0.447922,0,0.580085,0.029579,0,0.120122,0.180257,0,0.508485,0.000864,0,0.009124,0.000678,0,0.005635,0.000361,0,0.004725,0.003509,0,0.052222,8.8e-05,0,0.000977,0.001654,0,0.022874,0.01028,0,0.139685,0.000577,0,0.006317,0.024223,0,0.158883,0.000304,0,0.003301,0.000289,0,0.003272,0.001371,0,0.015472,0.000346,0,0.00351,0.003052,0,0.039709,0.145441,0.035718,0.231198,0.001401,0,0.02197,0.001896,0,0.026057,0.000116,0,0.001177
"PH_SB_1.sorted.bam","1","SB",0.018018,0,0.0648,0.073488,0.036071,0.111467,0.15487,0.124251,0.186066,0.489402,0.452829,0.5,0.001626,0,0.012352,0.257171,0.206794,0.303174,0.005425,0,0.032313,4.3e-05,0,0.000435,0.000363,0,0.00383,1e-04,0,0.000975,0.000561,0,0.006309,0.001479,0,0.02014,5.1e-05,0,0.000444,0.025412,0,0.128314,0.139026,0.05866,0.218188,0.30671,0.243231,0.369565,0.000978,0,0.013016,0.000811,0,0.010994,0.000812,0,0.010486,0.000183,0,0.002087,0.000577,0,0.008118,4.2e-05,0,0.000421,0.003538,0,0.054108,0.004693,0,0.061055,0.000176,0,0.001593,0.503283,0.390926,0.601577,0.000314,0,0.002694,0.000118,0,0.001106,0.005263,0,0.054506,0.000403,0,0.005179,0.000529,0,0.006366,0.001838,0,0.024527,0.000472,0,0.006378,0.002101,0,0.031072,0.000122,0,0.001343
"PH_SB_2.sorted.bam","2","SB",0.001683,0,0.012433,0.002293,0,0.018438,0.000974,0,0.008205,0.98462,0.948721,0.999833,0.003313,0,0.0172,0.003489,0,0.021576,0.003628,0,0.025938,0.000189,0,0.002444,0.000427,0,0.005653,0.000757,0,0.011653,0.000168,0,0.001665,0.000321,0,0.00425,0.000144,0,0.001464,0.000959,0,0.013778,0.000446,0,0.0042,0.000216,0,0.00251,0.980904,0.930002,0.99981,0.000325,0,0.004069,0.00022,0,0.002146,0.00021,0,0.002736,0.000253,0,0.002159,0.002399,0,0.016583,0.000726,0,0.010096,0.000856,0,0.012605,0.000416,0,0.004244,0.00173,0,0.02568,0.000634,0,0.008606,0.001004,0,0.013531,0.000382,0,0.005112,0.000804,0,0.010149,0.00033,0,0.00353,0.003828,0,0.04671,0.000185,0,0.002299,0.000609,0,0.007498,0.000558,0,0.007029
"PH_SB_3.sorted.bam","3","SB",0.00302,0,0.020854,0.00503,0,0.028711,0.014616,0,0.044131,0.969506,0.919917,0.999419,0.001658,0,0.013052,0.003453,0,0.022174,0.002716,0,0.020598,0.000362,0,0.004887,0.000334,0,0.003596,0.000225,0,0.002215,0.002275,0,0.031868,0.005007,0,0.047838,0.002079,0,0.021868,0.001255,0,0.015312,0.002863,0,0.041096,0.012351,0,0.08323,0.960333,0.879477,0.999299,0.000167,0,0.001575,0.000191,0,0.001474,0.001503,0,0.020537,0.000172,0,0.002049,0.00017,0,0.001746,0.000898,0,0.011969,0.000975,0,0.014471,0.001819,0,0.025498,0.000668,0,0.007782,0.000317,0,0.003612,0.000787,0,0.010797,0.000389,0,0.004059,0.000241,0,0.002354,0.00212,0,0.029813,0.001038,0,0.013293,0.000627,0,0.00893,0.000655,0,0.006619,0.000181,0,0.002074
"PH_SB_4.sorted.bam","4","SB",0.001362,0,0.011909,0.014296,0,0.053005,0.000556,0,0.004911,0.975226,0.928144,0.999885,0.000906,0,0.007485,0.001067,0,0.008663,0.006587,0,0.030252,0.000145,0,0.001586,0.00056,0,0.006865,0.006863,0,0.047722,8.1e-05,0,0.000657,0.000327,0,0.003596,7.4e-05,0,0.000641,0.000585,0,0.007384,0.004328,0,0.059392,9.7e-05,0,0.00097,0.971802,0.909696,0.99986,0.000191,0,0.002453,0.00041,0,0.004871,8.2e-05,0,0.000705,0.000202,0,0.001861,0.000131,0,0.001396,8.3e-05,0,0.00087,0.000484,0,0.006338,9.7e-05,0,0.001157,0.000228,0,0.002867,0.000188,0,0.002097,0.000289,0,0.003667,0.000934,0,0.011978,0.008757,0,0.056208,0.00028,0,0.003835,0.001408,0,0.018905,0.000478,0,0.006505,0.000476,0,0.00624,0.000421,0,0.004653
"PH_SB_6.sorted.bam","6","SB",0.002022,0,0.016322,0.013708,0,0.065186,0.000746,0,0.006188,0.886192,0.833311,0.929209,0.003545,0,0.024274,0.000957,0,0.007509,0.092828,0.054529,0.132131,6.4e-05,0,0.00069,0.000943,0,0.012024,0.000822,0,0.010137,0.000138,0,0.001229,0.00034,0,0.003864,5e-05,0,0.000503,0.001906,0,0.023983,0.012365,0,0.122278,0.000199,0,0.002323,0.790126,0.69009,0.875714,0.000338,0,0.003952,0.004555,0,0.046973,0.000201,0,0.002404,0.001011,0,0.016361,7.6e-05,0,0.000807,0.000262,0,0.003057,0.000498,0,0.0063,0.000122,0,0.001134,0.000283,0,0.003001,0.000122,0,0.001558,0.00014,0,0.001794,0.000329,0,0.003784,0.007074,0,0.081275,0.000392,0,0.004124,0.17637,0.06385,0.260316,0.000711,0,0.009837,0.000348,0,0.004495,0.000216,0,0.002762
"PH_SB_7.sorted.bam","7","SB",0.001796,0,0.013237,0.00208,0,0.01537,0.001095,0,0.00868,0.991054,0.961604,0.999957,0.000578,0,0.005185,0.001145,0,0.008843,0.002251,0,0.018382,0.000166,0,0.00214,0.000368,0,0.004376,0.000255,0,0.003363,0.000346,0,0.004658,0.000529,0,0.006344,0.00015,0,0.001736,0.00111,0,0.016025,0.001743,0,0.020654,0.000427,0,0.005823,0.988256,0.943824,0.999948,0.000258,0,0.002515,0.000177,0,0.001675,0.000163,0,0.001868,0.000144,0,0.001198,7.6e-05,0,0.00076,0.000433,0,0.005874,0.000294,0,0.00392,0.000132,0,0.001265,0.000414,0,0.004169,0.000106,0,0.00104,0.00015,0,0.001937,0.000744,0,0.010696,0.000538,0,0.00606,0.000294,0,0.003469,0.001758,0,0.024425,0.000157,0,0.001661,0.000612,0,0.007711,0.000199,0,0.001998
"PH_SB_9.sorted.bam","9","SB",0.052145,0,0.110061,0.097141,0.039519,0.146943,0.006329,0,0.029783,0.683493,0.609055,0.760827,0.02744,2.6e-05,0.055832,0.107572,0.052477,0.162066,0.02588,0,0.073911,8.6e-05,0,0.000912,0.001282,0,0.019411,0.000145,0,0.001248,0.000389,0,0.004337,0.001071,0,0.016384,7.1e-05,0,0.000784,0.098955,0,0.218444,0.17685,0,0.287516,0.003612,0,0.044061,0.409229,0.251614,0.591699,0.000736,0,0.006907,0.013415,0,0.091214,0.003946,0,0.044186,0.0263,0,0.103132,6.3e-05,0,0.000729,0.001123,0,0.015284,0.000459,0,0.006773,0.00043,0,0.002735,0.209379,0.100741,0.317435,0.000676,0,0.009905,0.000176,0,0.001838,0.001635,0,0.023257,0.000915,0,0.012495,0.003068,0,0.036673,0.033431,0,0.143661,0.00968,0,0.071343,0.002725,0,0.037592,0.000153,0,0.001405
"PH_SC_10.sorted.bam","10","SC",0.002384,0,0.017996,0.045475,0.003641,0.085105,0.180323,0.144113,0.217293,0.423589,0.369888,0.476898,0.001325,0,0.010222,0.308054,0.26242,0.350176,0.03885,0.012345,0.069016,9.3e-05,0,0.001076,0.00059,0,0.006896,0.00111,0,0.017408,0.000779,0,0.008729,0.016244,0,0.124449,0.000124,0,0.001231,0.001125,0,0.015122,0.012777,0,0.09451,0.323701,0.196339,0.422949,0.000563,0,0.006346,0.000202,0,0.002374,0.000248,0,0.00207,0.000321,0,0.003719,0.000835,0,0.011317,0.000238,0,0.003111,0.001346,0,0.019429,0.057214,0,0.164599,0.002086,0,0.027783,0.501634,0.367136,0.640295,0.000319,0,0.004299,0.000847,0,0.009641,0.000541,0,0.007861,0.001657,0,0.020046,0.017267,0,0.101048,0.005979,0,0.066508,0.00025,0,0.00308,0.051816,0,0.135288,9.5e-05,0,0.001026
"PH_SC_11.sorted.bam","11","SC",0.000975,0,0.00798,0.000821,0,0.006602,0.204827,0.167604,0.243671,0.488869,0.430107,0.504438,0.004686,0,0.03195,0.29873,0.254484,0.352367,0.001092,0,0.00875,0.000212,0,0.002694,0.000127,0,0.001391,0.000228,0,0.00297,0.000322,0,0.003905,0.000314,0,0.004216,0.000641,0,0.009307,0.000312,0,0.002841,0.000114,0,0.00132,0.395251,0.266107,0.480153,0.009885,0,0.114562,0.000256,0,0.002077,0.000126,0,0.001343,0.000358,0,0.003537,0.000597,0,0.004973,0.002648,0,0.028176,0.000263,0,0.00289,3e-04,0,0.003294,0.011726,0,0.157292,0.56128,0.362821,0.658323,0.002468,0,0.033592,0.010614,0,0.118919,0.000247,0,0.003187,0.000202,0,0.002518,0.000401,0,0.004497,0.000414,0,0.004969,0.000272,0,0.003083,0.000195,0,0.001632,0.000227,0,0.002714
"PH_SC_12.sorted.bam","12","SC",0.001328,0,0.010019,0.000596,0,0.004632,0.212669,0.180679,0.244096,0.566263,0.507875,0.621756,0.002553,0,0.019126,0.215589,0.173374,0.268594,0.001003,0,0.008032,0.000116,0,0.001184,0.000101,0,0.000875,0.00012,0,0.001436,0.000221,0,0.00228,0.000199,0,0.002589,0.008687,0,0.07417,0.000329,0,0.003855,0.000141,0,0.001522,0.012938,0,0.161211,0.541412,0.347611,0.618887,0.000887,0,0.011645,0.000134,0,0.001414,0.000952,0,0.015209,0.00166,0,0.022785,0.000487,0,0.006067,0.00076,0,0.010021,0.000231,0,0.003011,0.393314,0.207963,0.471705,0.034406,0,0.270261,0.000306,0,0.003903,0.000786,0,0.010208,0.000125,0,0.001128,0.000147,0,0.001726,0.000339,0,0.004564,0.000229,0,0.002288,0.000193,0,0.002288,0.000588,0,0.007744,0.000193,0,0.002539
"PH_SC_1.sorted.bam","1","SC",0.000923,0,0.007712,0.000593,0,0.004679,0.208501,0.165703,0.249678,0.50222,0.442991,0.562747,0.006079,0,0.039251,0.280618,0.215337,0.353518,0.001067,0,0.008665,0.000169,0,0.002021,9.8e-05,0,0.001114,8e-05,0,0.000814,0.000143,0,0.001086,0.000233,0,0.001875,0.000356,0,0.004302,0.000341,0,0.003496,0.000214,0,0.002245,0.007681,0,0.111248,0.424231,0.254495,0.557873,0.000234,0,0.002747,0.000142,0,0.001741,0.000433,0,0.004789,0.003835,0,0.0538,0.000542,0,0.00783,0.000515,0,0.006171,0.000198,0,0.001866,0.407611,0.28083,0.496642,0.143399,0,0.369255,0.005866,0,0.059235,0.001675,0,0.025535,0.000177,0,0.0024,0.000141,0,0.001802,0.000189,0,0.002401,0.000508,0,0.00734,0.000565,0,0.00753,0.000297,0,0.003786,0.000129,0,0.001247
"PH_SC_2.sorted.bam","2","SC",0.002094,0,0.016699,0.000701,0,0.006313,0.215284,0.175216,0.257353,0.50598,0.445031,0.563798,0.023277,0,0.056954,0.251991,0.186297,0.317211,0.000672,0,0.005378,0.000828,0,0.01207,0.000125,0,0.001548,0.000116,0,0.001184,0.00048,0,0.00615,0.000513,0,0.00637,0.176126,0.10753,0.238339,0.000684,0,0.008267,0.000201,0,0.00184,0.02645,0,0.163301,0.491118,0.405461,0.559337,0.000687,0,0.008441,0.000107,0,0.001092,0.002989,0,0.048238,0.000701,0,0.008535,0.020388,0,0.056129,0.000386,0,0.004485,0.000157,0,0.001881,0.04755,0,0.191336,0.001529,0,0.017117,0.001154,0,0.015196,0.22652,0.131271,0.307178,0.000169,0,0.002027,6.7e-05,0,0.000653,0.000334,0,0.003786,0.000158,0,0.001721,0.000143,0,0.001831,0.000166,0,0.001785,0.000154,0,0.002064
"PH_SC_3.sorted.bam","3","SC",0.008175,0,0.042812,0.022901,0,0.071216,0.177823,0.140919,0.21514,0.474508,0.415114,0.540818,0.0062,0,0.031533,0.276322,0.198891,0.33181,0.034071,0.001049,0.067484,0.000299,0,0.004226,0.00133,0,0.01941,0.000534,0,0.005334,0.001562,0,0.021409,0.01764,0,0.128918,0.001394,0,0.019259,0.005848,0,0.062638,0.016785,0,0.106398,0.273626,0,0.405126,0.074701,0,0.533226,0.001376,0,0.019786,0.000959,0,0.011572,0.003672,0,0.039476,0.000861,0,0.011447,0.000719,0,0.009878,0.003708,0,0.057137,0.007131,0,0.08899,0.035018,0,0.280308,0.473615,0,0.64621,0.000666,0,0.008236,0.010907,0,0.117147,0.001928,0,0.028929,0.000889,0,0.007566,0.021339,0,0.113373,0.02888,0,0.118538,0.003427,0,0.048174,0.010691,0,0.094131,0.000494,0,0.006383
"PH_SC_7.sorted.bam","7","SC",0.001963,0,0.014747,0.000908,0,0.007452,0.208054,0.172372,0.243854,0.53834,0.487642,0.605401,0.001039,0,0.007898,0.248563,0.17856,0.309992,0.001132,0,0.008428,0.000376,0,0.004959,0.000162,0,0.002027,0.000189,0,0.002123,0.000554,0,0.008474,0.000232,0,0.002521,0.000705,0,0.008574,0.000965,0,0.012377,0.000156,0,0.001607,0.412211,0.338511,0.484143,0.145684,0,0.374267,0.000305,0,0.004196,0.000384,0,0.004683,0.000413,0,0.004851,0.000323,0,0.003454,9.9e-05,0,0.001137,0.00086,0,0.011711,0.000287,0,0.003362,0.000828,0,0.010106,0.371414,0,0.616827,0.000178,0,0.001928,0.061647,0,0.262114,0.000327,0,0.003969,0.000219,0,0.00198,0.000459,0,0.0057,0.000243,0,0.003122,0.000276,0,0.003755,0.000264,0,0.002828,0.000238,0,0.002584
"PH_SC_8.sorted.bam","8","SC",0.001379,0,0.012474,0.000692,0,0.005597,0.204909,0.166485,0.244965,0.535832,0.478159,0.601238,0.00163,0,0.012987,0.254824,0.178429,0.313196,0.000735,0,0.006532,0.000207,0,0.00234,0.00012,0,0.001142,0.000204,0,0.001994,0.000708,0,0.008852,0.000204,0,0.001959,0.063726,0,0.141377,0.000252,0,0.002049,0.000243,0,0.002895,0.070773,0,0.290705,0.356422,0.111526,0.584299,0.000231,0,0.002081,0.000176,0,0.001741,0.000677,0,0.008153,0.000617,0,0.008719,0.000301,0,0.003518,0.000881,0,0.012811,0.000145,0,0.001597,0.209565,0,0.432959,0.286678,0,0.571072,0.000842,0,0.011486,0.005657,0,0.097425,0.000152,0,0.001448,8.9e-05,0,0.001008,0.000439,0,0.005793,0.000257,0,0.002525,0.000115,0,0.001108,0.000222,0,0.002159,9.8e-05,0,0.000971
"PH_SC_9.sorted.bam","9","SC",0.002428,0,0.018317,0.020401,0,0.064281,0.222338,0.179768,0.258037,0.487561,0.442172,0.521937,0.002878,0,0.020653,0.260686,0.201698,0.30853,0.003708,0,0.02323,0.000153,0,0.001761,0.000693,0,0.008882,0.000587,0,0.007166,0.001068,0,0.014121,0.01927,0,0.123032,0.000187,0,0.002099,0.001305,0,0.014114,0.016448,0,0.096304,0.400502,0,0.507104,0.029011,0,0.323966,0.000482,0,0.006724,0.001936,0,0.027453,0.00037,0,0.00352,0.001053,0,0.016172,0.000109,0,0.001096,0.000496,0,0.005414,0.000526,0,0.007811,0.021018,0,0.277207,0.496219,0.268921,0.600059,0.001146,0,0.01651,0.000181,0,0.002013,0.000508,0,0.006277,0.000754,0,0.011848,0.002074,0,0.025743,0.001574,0,0.020424,0.000552,0,0.007046,0.001605,0,0.021835,0.000175,0,0.00189
"PH_SH_10.sorted.bam","10","SH",0.055452,0.000808,0.11368,0.467063,0.429589,0.507669,0.001111,0,0.007977,0.463964,0.419003,0.499996,0.004953,0,0.029877,0.004632,0,0.031062,0.002827,0,0.021385,0.050563,0,0.110518,0.001601,0,0.020992,0.006588,0,0.078807,0.000578,0,0.007641,0.000231,0,0.002717,0.000137,0,0.001221,0.00167,0,0.014413,0.916736,0.818731,0.984428,0.000365,0,0.004235,0.003191,0,0.040896,0.001718,0,0.022656,0.000871,0,0.007996,0.000249,0,0.002485,0.000473,0,0.006201,0.002035,0,0.024828,0.003024,0,0.043053,0.001031,0,0.011122,0.000252,0,0.002219,0.001517,0,0.017534,0.000937,0,0.01326,0.000984,0,0.013529,0.001187,0,0.014932,0.000478,0,0.005234,0.000273,0,0.003775,0.000783,0,0.009725,0.001588,0,0.022632,0.000535,0,0.00633,0.000405,0,0.004294
"PH_SH_1.sorted.bam","1","SH",0.027231,0,0.073982,0.503483,0.448957,0.558064,0.00087,0,0.006667,0.449288,0.383756,0.511631,0.001221,0,0.009033,0.003279,0,0.021845,0.014628,0,0.04858,0.00112,0,0.015596,0.022455,0,0.126356,0.303848,0.196634,0.424987,0.000225,0,0.002825,0.000187,0,0.002365,0.000131,0,0.001472,0.014605,0,0.109367,0.364965,0.161251,0.562917,0.000223,0,0.002638,0.256689,0.141407,0.369894,0.000475,0,0.006174,0.00035,0,0.004347,0.000245,0,0.002664,0.000358,0,0.003676,0.000121,0,0.001269,0.001585,0,0.021994,0.001511,0,0.016842,0.000282,0,0.003445,0.001093,0,0.013596,0.000251,0,0.002794,0.000217,0,0.002543,0.012877,0,0.079389,0.009802,0,0.086255,0.000316,0,0.003822,0.003954,0,0.048541,0.000522,0,0.006425,0.001402,0,0.021427,0.000192,0,0.001875
"PH_SH_2.sorted.bam","2","SH",0.042577,1e-06,0.094608,0.509468,0.453461,0.562708,0.000472,0,0.003886,0.426192,0.359683,0.496182,0.002658,0,0.017856,0.006838,0,0.039917,0.011796,0,0.046853,0.000955,0,0.011452,0.06176,0,0.184162,0.316364,0.180919,0.470824,0.000147,0,0.001836,0.000151,0,0.001724,6.9e-05,0,0.000748,0.000845,0,0.004752,0.319948,0,0.577467,0.000156,0,0.001762,0.263528,0.115593,0.448644,0.000879,0,0.011874,0.000555,0,0.006686,0.000145,0,0.001707,0.000556,0,0.00785,0.00059,0,0.008297,0.007355,0,0.071922,0.000376,0,0.004439,0.000107,0,0.001142,0.001477,0,0.016752,0.00139,0,0.017389,0.001076,0,0.014709,0.012257,0,0.081518,0.003416,0,0.049204,1e-04,0,0.001121,0.002347,0,0.03391,0.000612,0,0.007332,0.000819,0,0.011723,0.00202,0,0.025238
"PH_SH_3.sorted.bam","3","SH",0.029784,0,0.076496,0.552949,0.49936,0.60344,0.000659,0,0.005381,0.387328,0.332769,0.441659,0.002115,0,0.015101,0.005828,0,0.034565,0.021337,0,0.059493,0.000159,0,0.001405,0.004844,0,0.061303,0.178591,0.086508,0.274756,0.000257,0,0.002347,0.000131,0,0.000944,9.3e-05,0,0.000998,0.020679,0,0.134945,0.737405,0.574837,0.872803,0.000268,0,0.002705,0.005334,0,0.085638,0.00041,0,0.004044,0.000515,0,0.005942,0.000148,0,0.001701,0.000813,0,0.01125,0.000387,0,0.004972,0.000917,0,0.011824,0.002925,0,0.044684,0.00016,0,0.002035,0.002196,0,0.02775,0.000927,0,0.012364,0.000383,0,0.004653,0.032145,0,0.114257,0.002896,0,0.041872,0.000169,0,0.002052,0.002626,0,0.035083,0.000644,0,0.008266,0.003764,0,0.049037,0.000215,0,0.002095
"PH_SH_5.sorted.bam","5","SH",0.002907,0,0.020194,0.537183,0.477384,0.596786,0.000756,0,0.005997,0.449469,0.387813,0.512206,0.004123,0,0.024874,0.003156,0,0.020865,0.002405,0,0.017558,0.000366,0,0.005017,0.001223,0,0.01565,0.534135,0.470464,0.595921,0.000289,0,0.003555,0.000154,0,0.001828,0.000164,0,0.001901,0.000861,0,0.011765,0.001087,0,0.01292,0.000224,0,0.003079,0.446681,0.381831,0.511077,0.001273,0,0.017704,0.001202,0,0.017334,0.000289,0,0.00247,0.000995,0,0.013212,0.000834,0,0.009764,0.000885,0,0.014009,0.001188,0,0.01576,0.000131,0,0.001366,0.001613,0,0.024896,0.001663,0,0.021772,0.000183,0,0.001911,0.000549,0,0.00735,0.00124,0,0.017496,9.6e-05,0,0.001002,0.000795,0,0.008573,0.001156,0,0.016243,0.000465,0,0.006108,0.000255,0,0.001771
"PH_SH_6.sorted.bam","6","SH",0.049955,2.4e-05,0.097165,0.459485,0.41374,0.499329,0.003288,0,0.024439,0.421142,0.351811,0.47426,0.013071,0,0.055259,0.045354,3e-06,0.096237,0.007704,0,0.039921,0.000215,0,0.001874,0.035288,0,0.178329,0.002654,0,0.040358,0.00246,0,0.03994,0.000389,0,0.004552,0.000155,0,0.001773,0.016274,0,0.146083,0.818594,0.667698,0.928418,0.00117,0,0.016733,0.000879,0,0.008689,0.001589,0,0.020603,0.018231,0,0.107907,0.001037,0,0.016776,0.000622,0,0.008144,9.1e-05,0,0.000955,0.042019,0,0.147583,0.039081,0,0.179048,0.000659,0,0.008695,0.001404,0,0.018428,0.00213,0,0.030232,0.000392,0,0.003541,0.00185,0,0.021953,0.00208,0,0.027236,0.000552,0,0.008335,0.002463,0,0.036424,0.002352,0,0.032591,0.004631,0,0.058546,0.00074,0,0.010522
"PH_SH_7.sorted.bam","7","SH",0.018626,0,0.072764,0.536748,0.474997,0.597866,0.000581,0,0.004942,0.431599,0.358315,0.499451,0.0036,0,0.022433,0.005584,0,0.03847,0.003263,0,0.026031,0.000985,0,0.012956,0.009769,0,0.103972,0.464237,0.241,0.587498,0.000275,0,0.003426,0.000171,0,0.001754,6.6e-05,0,0.000725,0.015195,0,0.136251,0.131273,0,0.512509,0.000144,0,0.00119,0.356707,0.155968,0.485739,0.00163,0,0.02268,0.00139,0,0.017531,0.000184,0,0.001965,0.000638,0,0.007453,0.001066,0,0.013883,0.006325,0,0.066736,0.001143,0,0.015404,9.9e-05,0,0.000933,0.001266,0,0.0073,0.000684,0,0.009925,0.000493,0,0.006252,0.002087,0,0.03026,0.001275,0,0.017414,0.000157,0,0.00183,0.001267,0,0.012086,0.000541,0,0.005991,0.000665,0,0.008953,0.000266,0,0.003003
"PH_SL_10.sorted.bam","10","SL",0.045764,3e-06,0.088466,0.00314,0,0.025554,0.000598,0,0.004635,0.003513,0,0.046037,0.59273,0.55299,0.630655,0.352835,0.301422,0.405502,0.001421,0,0.014904,8.2e-05,0,0.000948,0.000193,0,0.002443,0.000104,0,0.001316,0.000136,0,0.001442,0.000238,0,0.003015,6e-05,0,0.000717,0.000102,0,0.001218,0.000172,0,0.002193,0.000113,0,0.001346,0.000132,0,0.001502,0.090471,0,0.175641,0.005158,0,0.050889,0.000324,0,0.002795,0.006099,0,0.091648,0.188562,0.108347,0.263662,0.00026,0,0.00353,0.000217,0,0.001805,0.000146,0,0.001715,0.000149,0,0.001829,0.704369,0.600921,0.809434,0.000154,0,0.001051,0.000201,0,0.00219,9.4e-05,0,0.000849,0.000117,0,0.001409,0.000127,0,0.001681,0.001915,0,0.028451,0.000221,0,0.002133,8.3e-05,0,0.000945
"PH_SL_11.sorted.bam","11","SL",0.01824,0,0.05398,0.001744,0,0.012616,0.001624,0,0.012784,0.008366,0,0.053408,0.607651,0.567612,0.64703,0.360595,0.303535,0.407525,0.00178,0,0.01238,0.001057,0,0.014164,0.000533,0,0.00701,0.000393,0,0.00533,0.000261,0,0.002992,0.000342,0,0.003807,0.000146,0,0.001386,0.001549,0,0.017918,0.000654,0,0.008705,0.000861,0,0.011438,0.000906,0,0.011233,0.015638,0,0.100423,0.000439,0,0.004578,0.000785,0,0.011354,0.009996,0,0.097937,0.242457,0.16622,0.327413,0.015631,0,0.089776,0.000501,0,0.007283,0.000264,0,0.002431,0.001284,0,0.016656,0.702682,0.583826,0.810501,0.000192,0,0.002435,0.000755,0,0.011034,0.000232,0,0.002313,0.000442,0,0.004819,0.000576,0,0.006561,0.000847,0,0.01169,0.000443,0,0.005769,0.000133,0,0.001205
"PH_SL_12.sorted.bam","12","SL",0.000223,0,0.001763,0.000195,0,0.001573,0.000206,0,0.001834,0.000202,0,0.001628,0.998641,0.99356,0.999994,0.000364,0,0.003197,0.000168,0,0.001385,3.4e-05,0,0.000413,3.1e-05,0,0.00033,3.7e-05,0,0.000397,5.5e-05,0,0.000617,3.6e-05,0,0.000381,4e-05,0,0.000425,3.9e-05,0,0.000467,3.8e-05,0,0.000409,4.1e-05,0,0.000431,3.3e-05,0,0.000368,0.000169,0,0.001783,0.000122,0,0.00115,0.000118,0,0.001356,0.00014,0,0.001418,0.998168,0.98988,0.999994,5.1e-05,0,0.000593,5e-05,0,0.000448,4.7e-05,0,0.000388,4.7e-05,0,0.000465,0.000329,0,0.003312,7.7e-05,0,0.000918,3.4e-05,0,0.000434,3.9e-05,0,0.000449,3.6e-05,0,0.000397,3.5e-05,0,0.000386,6.9e-05,0,0.000749,5.1e-05,0,0.000512,3.5e-05,0,0.000388
"PH_SL_1.sorted.bam","1","SL",0.004878,0,0.03202,0.00106,0,0.008692,0.00384,0,0.023856,0.001172,0,0.009159,0.626858,0.590686,0.663323,0.361668,0.318937,0.400381,0.000525,0,0.004295,0.00015,0,0.001721,0.000125,0,0.001311,8.1e-05,0,0.000791,0.001513,0,0.02,0.000378,0,0.00491,0.00021,0,0.002619,0.000455,0,0.00461,0.000196,0,0.00202,0.000245,0,0.002891,0.000143,0,0.001891,0.006357,0,0.059374,0.000909,0,0.010773,0.00437,0,0.044056,0.000785,0,0.007973,0.260204,0.188741,0.33202,0.000873,0,0.01322,0.000238,0,0.002388,0.000622,0,0.006639,0.00026,0,0.002697,0.720652,0.633613,0.79912,0.000278,0,0.002759,0.000133,0,0.001451,0.000112,0,0.001167,0.000133,0,0.001425,0.000116,0,0.001172,0.000235,0,0.002248,0.000136,0,0.001634,9.2e-05,0,0.000847
"PH_SL_2.sorted.bam","2","SL",0.000204,0,0.001726,0.000204,0,0.001702,0.00031,0,0.002624,0.000214,0,0.001693,0.998584,0.993673,0.999994,0.000269,0,0.002213,0.000214,0,0.001717,3.9e-05,0,0.000349,3.9e-05,0,0.000427,4.4e-05,0,0.000415,5.5e-05,0,0.000496,6.1e-05,0,0.000538,6.2e-05,0,0.000602,5.2e-05,0,0.000523,5.3e-05,0,0.000563,4.6e-05,0,0.000489,4.1e-05,0,0.000418,9.9e-05,0,0.001113,7.1e-05,0,0.000576,0.000216,0,0.002384,0.000104,0,0.000956,0.998224,0.991437,0.999993,5.3e-05,0,0.00048,5.4e-05,0,0.000519,6.6e-05,0,0.000774,5e-05,0,0.000563,0.000126,0,0.001475,6.4e-05,0,0.000573,3.4e-05,0,0.000354,4.3e-05,0,0.000424,5.1e-05,0,0.00058,4.2e-05,0,0.000484,0.000106,0,0.001198,6e-05,0,0.00067,4.5e-05,0,0.000541
"PH_SL_3.sorted.bam","3","SL",0.000197,0,0.001619,0.000203,0,0.00159,0.000227,0,0.001879,0.000198,0,0.001595,0.998638,0.993807,0.999994,0.000331,0,0.003058,0.000205,0,0.001673,3.7e-05,0,0.000375,5e-05,0,0.000504,4.2e-05,0,0.00041,4.2e-05,0,0.000494,4.4e-05,0,0.000485,4.1e-05,0,0.000431,4.5e-05,0,0.000433,4.7e-05,0,0.000491,3.3e-05,0,0.000356,3.8e-05,0,0.000426,8.7e-05,0,0.000916,9.5e-05,0,0.001132,0.000155,0,0.001472,0.000112,0,0.001091,0.998218,0.990894,0.999994,5.2e-05,0,0.000527,4.5e-05,0,0.000445,5.4e-05,0,0.000504,4.7e-05,0,0.00052,0.000291,0,0.0041,5.5e-05,0,0.000649,4.4e-05,0,0.000459,4.1e-05,0,0.000389,4.4e-05,0,0.000415,3.8e-05,0,0.000356,1e-04,0,0.001022,6.3e-05,0,0.000647,4.1e-05,0,0.000395
"PH_SL_4.sorted.bam","4","SL",0.000278,0,0.002252,0.000195,0,0.001548,0.000247,0,0.001948,0.000255,0,0.002079,0.998075,0.989847,0.999993,0.000775,0,0.006885,0.000175,0,0.001405,3.3e-05,0,0.000313,4.2e-05,0,0.000444,3.9e-05,0,0.000387,5.4e-05,0,0.000534,4.3e-05,0,0.000392,6e-05,0,0.000592,6.8e-05,0,0.000854,4.5e-05,0,0.000405,4e-05,0,0.000441,4e-05,0,0.000382,0.000184,0,0.002197,6.3e-05,0,0.000756,0.000115,0,0.001541,0.000139,0,0.001559,0.997378,0.985753,0.999992,0.000103,0,0.00103,7.7e-05,0,0.000963,8.6e-05,0,0.000919,0.000102,0,0.001069,0.00083,0,0.010554,0.000139,0,0.001623,4e-05,0,0.000437,4e-05,0,0.000429,3.7e-05,0,0.000381,3.6e-05,0,0.000355,6.4e-05,0,0.000655,7.4e-05,0,0.000772,2.9e-05,0,0.000322
"PH_SL_6.sorted.bam","6","SL",0.00454,0,0.034935,0.000655,0,0.005613,0.000737,0,0.00606,0.001924,0,0.017866,0.618778,0.58297,0.657077,0.372872,0.326534,0.411882,0.000493,0,0.003737,8.8e-05,0,0.000839,0.000234,0,0.002759,7e-05,0,0.000719,0.000388,0,0.00474,0.000123,0,0.00142,8.9e-05,0,0.000835,0.000514,0,0.007442,0.000159,0,0.001783,0.000162,0,0.001271,0.000134,0,0.001427,0.007314,0,0.069478,0.000428,0,0.004021,0.000306,0,0.003459,0.002429,0,0.03389,0.241232,0.171033,0.317599,0.000248,0,0.002556,0.000128,0,0.001353,0.000235,0,0.002735,0.000161,0,0.001659,0.74445,0.651756,0.822945,0.000189,0,0.002259,0.000205,0,0.002545,9.9e-05,0,0.001082,8.3e-05,0,0.000823,0.000157,0,0.001884,0.000166,0,0.001865,0.000146,0,0.001751,6.4e-05,0,0.000591
"PH_SL_7.sorted.bam","7","SL",0.000299,0,0.0024,0.000272,0,0.002213,0.000329,0,0.002819,0.000354,0,0.002971,0.997928,0.990525,0.999994,0.000568,0,0.004546,0.00025,0,0.00204,6.1e-05,0,0.000684,5.5e-05,0,0.000551,6.7e-05,0,0.000756,5.5e-05,0,0.000572,5e-05,0,0.000605,7.3e-05,0,0.000776,6.5e-05,0,0.000656,6e-05,0,0.000628,8.4e-05,0,0.000801,6.7e-05,0,0.00064,0.000178,0,0.001169,0.000135,0,0.001676,0.000188,0,0.002199,0.000212,0,0.002229,0.99727,0.985814,0.999993,7.2e-05,0,0.000774,6.7e-05,0,0.00059,6.4e-05,0,0.000773,9.3e-05,0,0.001074,0.000485,0,0.005587,0.000139,0,0.001325,5e-05,0,0.000454,4.3e-05,0,0.000425,7e-05,0,0.000709,6e-05,0,0.000681,0.000119,0,0.001154,7.8e-05,0,0.000989,4e-05,0,0.000466
"PH_SL_8.sorted.bam","8","SL",0.060971,0.035164,0.088127,0.407308,0.36377,0.447217,0.007137,0,0.035195,0.037061,0,0.078033,0.304053,0.268112,0.338162,0.124069,0.082085,0.164984,0.059401,0.031763,0.086952,5.4e-05,0,0.000639,0.004095,0,0.070476,0.000102,0,0.000904,0.000449,0,0.006048,0.009193,0,0.067942,3.7e-05,0,0.000424,0.055927,0,0.150014,0.008052,0,0.086625,0.003513,0,0.041698,0.000307,0,0.003653,0.000321,0,0.003767,0.546702,0.448892,0.646684,0.000319,0,0.004339,0.004729,0,0.056057,3.2e-05,0,0.000312,0.000996,0,0.013064,0.245558,0.163539,0.328029,9.1e-05,0,0.000806,0.000555,0,0.006091,0.000135,0,0.001506,8.5e-05,0,0.001053,0.060047,0,0.162949,0.000813,0,0.011729,0.000636,0,0.009681,0.000731,0,0.010368,0.055835,0,0.149565,0.000632,0,0.006858,5.4e-05,0,0.000708
"PH_SL_9.sorted.bam","9","SL",0.005356,0,0.032103,0.000685,0,0.005271,0.001868,0,0.013947,0.001115,0,0.009097,0.630861,0.59339,0.670136,0.35945,0.316297,0.399582,0.000665,0,0.005197,0.000278,0,0.00333,0.00018,0,0.002067,8.4e-05,0,0.000985,0.001359,0,0.019186,8.9e-05,0,0.000887,0.000442,0,0.006189,0.000296,0,0.003508,0.000118,0,0.001166,0.000272,0,0.003325,0.000139,0,0.001601,0.002987,0,0.039753,0.000467,0,0.00426,0.000617,0,0.008588,0.000763,0,0.010809,0.2728,0.197051,0.3531,0.005007,0,0.052232,0.000263,0,0.002395,0.000361,0,0.004389,0.000391,0,0.005002,0.711049,0.611664,0.79533,0.000834,0,0.010489,0.000326,0,0.003864,8.6e-05,0,0.000901,0.000154,0,0.001823,0.000111,0,0.001188,0.00024,0,0.003045,0.000162,0,0.001733,0.000126,0,0.001466
"PH_TB_10.sorted.bam","10","TB",0.20097,0.154385,0.250723,0.002487,0,0.016683,0.010021,0,0.038558,0.003699,0,0.024201,0.013262,0,0.049131,0.768423,0.703994,0.826532,0.001138,0,0.008988,0.001166,0,0.013973,0.000669,0,0.008866,0.000269,0,0.003505,0.001703,0,0.026313,0.001419,0,0.021729,0.00048,0,0.006543,0.001504,0,0.024122,0.000607,0,0.00834,0.001826,0,0.027792,0.000537,0,0.005226,0.005273,0,0.05623,0.001114,0,0.015403,0.007225,0,0.061351,0.001635,0,0.023968,0.001066,0,0.016166,0.390137,0.292492,0.491645,0.000391,0,0.003846,0.006401,0,0.064016,0.000441,0,0.004235,0.008778,0,0.079327,0.565258,0.456461,0.66772,0.000321,0,0.00445,0.000235,0,0.002993,0.000507,0,0.00641,0.000311,0,0.002925,0.000368,0,0.004445,0.000181,0,0.002131,0.000177,0,0.002056
"PH_TB_12.sorted.bam","12","TB",0.212346,0.1654,0.258974,0.002236,0,0.015412,0.002393,0,0.015597,0.004058,0,0.029161,0.008691,0,0.039418,0.768542,0.716465,0.818414,0.001735,0,0.012572,0.000396,0,0.003624,0.000765,0,0.009948,0.000435,0,0.005381,0.000719,0,0.009649,0.000655,0,0.008551,0.000383,0,0.004917,0.00097,0,0.00798,0.000676,0,0.008561,0.000344,0,0.003998,0.0018,0,0.024542,0.00216,0,0.02936,7e-04,0,0.00932,0.001136,0,0.014154,0.001539,0,0.023354,0.004491,0,0.034122,0.418651,0.323267,0.511733,0.000432,0,0.005497,0.000633,0,0.007972,0.000579,0,0.007491,0.002423,0,0.034008,0.55687,0.4645,0.651609,0.000634,0,0.009791,0.000373,0,0.004857,0.000532,0,0.006584,0.000408,0,0.005164,0.000444,0,0.004814,0.000626,0,0.00766,0.000226,0,0.002893
"PH_TB_1.sorted.bam","1","TB",0.207505,0.157768,0.251522,0.003077,0,0.021382,0.003227,0,0.020367,0.004985,0,0.033235,0.006449,0,0.035056,0.771729,0.715766,0.825165,0.003029,0,0.019895,0.001671,0,0.027518,0.001055,0,0.013782,0.000528,0,0.006074,0.000667,0,0.007161,0.000387,0,0.003712,0.000912,0,0.013267,0.001805,0,0.026727,0.000594,0,0.007543,0.000809,0,0.011549,0.001267,0,0.018057,0.001757,0,0.022862,0.001152,0,0.015444,0.001383,0,0.020472,0.002634,0,0.037274,0.001157,0,0.016368,0.405174,0.298191,0.498835,0.001051,0,0.014217,0.000688,0,0.007959,0.000537,0,0.005152,0.002675,0,0.037487,0.566491,0.469706,0.665515,0.00121,0,0.015766,0.000859,0,0.010945,0.000694,0,0.009168,0.001057,0,0.01446,0.000983,0,0.01387,0.00035,0,0.003612,0.000453,0,0.00634
"PH_TB_2.sorted.bam","2","TB",0.182992,0.13986,0.22399,0.001873,0,0.013727,0.005854,0,0.027571,0.001715,0,0.013295,0.001945,0,0.014507,0.803362,0.756555,0.851023,0.002259,0,0.013734,0.000337,0,0.003308,0.00024,0,0.003187,0.000859,0,0.011002,0.000793,0,0.008358,0.000436,0,0.006407,0.003223,0,0.024871,0.000575,0,0.003171,0.000217,0,0.002577,0.000633,0,0.007194,0.000273,0,0.002724,0.000363,0,0.003788,0.000223,0,0.001902,0.001319,0,0.018774,0.000409,0,0.00519,0.000168,0,0.001693,0.363157,0.273223,0.44476,0.000276,0,0.003266,0.001111,0,0.014509,0.000453,0,0.005012,0.000878,0,0.0099,0.620074,0.534768,0.71025,0.000182,0,0.0023,0.000636,0,0.008576,0.000971,0,0.013802,0.000598,0,0.008418,0.000362,0,0.003876,0.000701,0,0.010409,0.000534,0,0.007187
"PH_TB_3.sorted.bam","3","TB",0.229752,0.182868,0.27537,0.003819,0,0.02243,0.01494,0,0.044605,0.006153,0,0.033801,0.042041,0.01463,0.075132,0.693976,0.633038,0.749977,0.009318,0,0.039774,0.000354,0,0.004146,0.000552,0,0.006322,0.000631,0,0.008394,0.001786,0,0.022459,0.00129,0,0.019389,0.000882,0,0.012052,0.001679,0,0.022027,0.000423,0,0.004826,0.003805,0,0.046298,0.000637,0,0.009023,0.000876,0,0.012118,0.001318,0,0.017674,0.014465,0,0.080732,0.001391,0,0.015679,0.030409,0,0.071599,0.453442,0.342529,0.547495,0.000381,0,0.004568,0.003978,0,0.051651,0.000745,0,0.008983,0.003488,0,0.048128,0.462074,0.367033,0.560226,0.000463,0,0.005616,0.002414,0,0.030344,0.002792,0,0.0319,0.00299,0,0.03649,0.001728,0,0.024361,0.00177,0,0.025976,0.00324,0,0.03244
"PH_TB_4.sorted.bam","4","TB",0.081312,0.042777,0.12258,0.158142,0.115058,0.201539,0.091275,0.061976,0.126568,0.162858,0.110517,0.21494,0.091149,0.064262,0.12334,0.404836,0.369097,0.436011,0.010428,0,0.039735,6.3e-05,0,0.00066,0.00027,0,0.002914,7.6e-05,0,0.000714,0.000533,0,0.004718,0.001694,0,0.024597,5.9e-05,0,0.000634,0.000463,0,0.005256,0.000253,0,0.001831,0.06425,0,0.243578,0.00016,0,0.001982,0.000163,0,0.001789,0.001163,0,0.013788,0.112983,0,0.213625,0.000912,0,0.01018,5.7e-05,0,0.000514,0.160467,0.084745,0.244159,0.31247,0.222663,0.400544,0.001315,0,0.016371,0.258992,8.1e-05,0.418192,0.062618,0,0.236199,0.000251,0,0.002748,0.000602,0,0.007709,0.000282,0,0.003471,0.001657,0,0.02126,0.000527,0,0.006877,0.004344,0,0.054863,0.013308,0,0.075451,6.8e-05,0,0.000595
"PH_TB_6.sorted.bam","6","TB",0.207899,0.163446,0.253069,0.006309,0,0.033303,0.003517,0,0.021158,0.012714,0,0.04518,0.020729,0,0.051698,0.747638,0.685691,0.801875,0.001193,0,0.010791,0.000226,0,0.00256,0.000562,0,0.007287,0.00069,0,0.010522,0.000806,0,0.010246,0.000342,0,0.004073,0.001899,0,0.018951,0.001306,0,0.017214,0.00059,0,0.007806,0.000671,0,0.008542,0.000794,0,0.012088,0.004551,0,0.064513,0.008609,0,0.063545,0.000749,0,0.010966,0.019299,0,0.082129,0.001949,0,0.026918,0.407721,0.305096,0.501646,0.000742,0,0.010522,0.000367,0,0.004997,0.001741,0,0.025692,0.004049,0,0.058886,0.540207,0.446783,0.633591,4e-04,0,0.004346,0.000392,0,0.003978,3e-04,0,0.003136,0.000234,0,0.001899,0.000304,0,0.003288,0.000243,0,0.002974,0.000256,0,0.002383
"PH_TB_7.sorted.bam","7","TB",0.166033,0.111067,0.216175,0.161639,0.121297,0.203582,0.002096,0,0.016428,0.002173,0,0.017467,0.04419,0,0.092462,0.62283,0.560759,0.691387,0.001038,0,0.009093,0.00013,0,0.001712,0.000558,0,0.003062,0.000351,0,0.004436,0.000658,0,0.008134,0.000397,0,0.005562,0.000388,0,0.00471,0.000342,0,0.003122,0.000548,0,0.006502,0.000347,0,0.004387,0.000594,0,0.007875,0.016978,0,0.126456,0.000831,0,0.011125,0.001526,0,0.023762,0.000284,0,0.003304,0.001558,0,0.022485,0.313106,0.159514,0.429159,0.320075,0.236528,0.404359,0.00031,0,0.004298,0.001463,0,0.020205,0.065036,0,0.181504,0.272573,0.130987,0.419423,0.000166,0,0.001872,0.000165,0,0.001656,0.000178,0,0.001721,0.000175,0,0.001686,0.00061,0,0.007687,0.000523,0,0.006961,0.00013,0,0.001289
"PH_TB_8.sorted.bam","8","TB",0.212495,0.167134,0.262268,0.008357,0,0.033055,0.005531,0,0.027977,0.014089,0,0.058189,0.009471,0,0.040092,0.748516,0.687803,0.803138,0.00154,0,0.012846,0.001276,0,0.01863,0.000839,0,0.010819,0.004356,0,0.029844,0.003394,0,0.040465,0.002044,0,0.025994,0.000568,0,0.006233,0.004057,0,0.052519,0.001511,0,0.019286,0.001335,0,0.021054,0.003322,0,0.041287,0.001139,0,0.014441,0.002586,0,0.035225,0.001731,0,0.025532,0.005703,0,0.061156,0.003016,0,0.030238,0.412779,0.303217,0.517784,0.000678,0,0.008165,0.001063,0,0.017002,0.007883,0,0.081072,0.001417,0,0.018681,0.536481,0.43419,0.631886,0.000232,0,0.00229,0.000344,0,0.003876,0.000358,0,0.004841,0.001045,0,0.013599,0.000332,0,0.002647,0.000249,0,0.0019,0.00026,0,0.002829
"PH_TB_9.sorted.bam","9","TB",0.157842,0.11369,0.199613,0.177096,0.12874,0.220655,0.062498,0.035796,0.09178,0.075017,0.027113,0.130907,0.036096,0.001114,0.068363,0.244848,0.190949,0.296715,0.246604,0.199381,0.290135,8.5e-05,0,0.000769,0.002108,0,0.02683,0.000143,0,0.001938,0.001609,0,0.017182,0.119568,0.053865,0.182386,6.7e-05,0,0.000746,0.139454,0,0.259221,0.000858,0,0.011111,0.001739,0,0.027138,0.000268,0,0.002764,0.000337,0,0.004153,0.034897,0,0.125872,0.000333,0,0.003077,0.005865,0,0.081708,5.9e-05,0,0.000642,0.001775,0,0.021749,0.195943,0,0.316224,0.000426,0,0.005177,0.000724,0,0.010395,0.000502,0,0.006209,9.1e-05,0,0.001162,0.170231,0,0.305423,0.000529,0,0.006829,0.001187,0,0.017362,0.000856,0,0.011715,0.030139,0,0.116598,0.290141,0.159652,0.432723,6.2e-05,0,0.000626
"PH_WC_10.sorted.bam","10","WC",0.190624,0.139211,0.245226,0.05093,1.1e-05,0.108113,0.008895,0,0.038472,0.682079,0.614098,0.750951,0.006072,0,0.03483,0.020441,0,0.067656,0.040959,0.006261,0.080695,0.000139,0,0.001398,0.003188,0,0.051358,0.000979,0,0.011586,0.000858,0,0.009323,0.010291,0,0.07418,1e-04,0,0.001045,0.363585,0.208484,0.481553,0.068947,0,0.206624,0.002404,0,0.03007,0.438817,0.296047,0.573878,0.000283,0,0.003309,0.004488,0,0.054818,0.000764,0,0.010763,0.002373,0,0.034891,0.000111,0,0.001319,0.003978,0,0.052645,0.005346,0,0.092429,0.001336,0,0.018134,0.009468,0,0.097758,0.000286,0,0.003562,0.000592,0,0.00672,0.009079,0,0.10447,0.007642,0,0.090272,0.001937,0,0.028284,0.039748,0,0.146474,0.003728,0,0.04989,0.019282,0,0.107069,0.000251,0,0.001859
"PH_WC_11.sorted.bam","11","WC",0.189843,0.138022,0.241793,0.04303,6.6e-05,0.09426,0.011197,0,0.043975,0.698815,0.628931,0.771932,0.002944,0,0.019699,0.028058,0,0.084934,0.026112,0,0.061573,0.000126,0,0.001241,0.000479,0,0.004907,0.00055,0,0.007106,0.000695,0,0.01079,0.017616,0,0.086248,0.000107,0,0.001102,0.368532,0.247234,0.481363,0.056859,0,0.187234,0.000969,0,0.014764,0.464517,0.296547,0.60113,0.000471,0,0.005366,0.0013,0,0.018586,0.000755,0,0.009317,0.000591,0,0.005887,0.000127,0,0.001499,0.003808,0,0.058893,0.006817,0,0.084367,0.001518,0,0.021246,0.021415,0,0.161711,0.000476,0,0.005731,0.000179,0,0.002031,0.00545,0,0.053664,0.001887,0,0.028027,0.000627,0,0.006967,0.02023,0,0.113376,0.002041,0,0.026392,0.021723,0,0.099667,0.000133,0,0.001413
"PH_WC_1.sorted.bam","1","WC",0.155278,0.10511,0.209858,0.049015,0.021733,0.083708,0.040154,0.00078,0.068294,0.668091,0.595049,0.740297,0.001167,0,0.008903,0.0796,5e-06,0.143558,0.006695,0,0.038467,0.000126,0,0.00142,0.000794,0,0.011499,0.000632,0,0.008466,0.001654,0,0.025976,0.074256,0,0.135167,6.2e-05,0,0.000722,0.305224,0.208414,0.41345,0.00305,0,0.040914,0.001905,0,0.027911,0.440605,0.300614,0.583768,0.000174,0,0.002078,0.000229,0,0.002727,0.000369,0,0.004061,0.000541,0,0.004991,7.4e-05,0,0.000796,0.00163,0,0.021692,0.01726,0,0.150593,0.00024,0,0.00281,0.137004,0,0.283285,0.000342,0,0.003784,0.000609,0,0.007621,0.000827,0,0.011577,0.001177,0,0.014087,0.00176,0,0.028155,0.00725,0,0.069478,0.000532,0,0.007152,0.001506,0,0.022062,0.000169,0,0.001911
"PH_WC_2.sorted.bam","2","WC",0.143695,0.084219,0.208247,0.087111,0.042585,0.139346,0.029815,9.5e-05,0.06427,0.662765,0.593453,0.730998,0.002103,0,0.018146,0.062082,6e-06,0.125384,0.012428,0,0.047064,0.000116,0,0.001148,0.000406,0,0.004736,0.000461,0,0.004303,0.007053,0,0.079724,0.013253,0,0.116895,0.003409,0,0.022835,0.219129,0,0.414505,0.107963,0,0.275765,0.015985,0,0.105655,0.48582,0.305914,0.613547,0.000531,0,0.006569,0.000758,0,0.006567,0.00053,0,0.007521,0.00102,0,0.013321,0.000157,0,0.001588,0.058917,0,0.244142,0.049112,0,0.177841,0.003198,0,0.052132,0.006894,0,0.094415,0.00027,0,0.003112,0.000286,0,0.002876,0.001124,0,0.017806,0.001808,0,0.029693,0.012794,0,0.079116,0.002899,0,0.036477,0.000785,0,0.009322,0.0052,0,0.061109,0.000123,0,0.001017
"PH_WC_3.sorted.bam","3","WC",0.203534,0.154147,0.257342,0.079745,0.023952,0.129077,0.000731,0,0.005314,0.705096,0.633662,0.770185,0.001634,0,0.011369,0.006814,0,0.048904,0.002445,0,0.020476,0.000109,0,0.00118,0.000485,0,0.004824,0.00126,0,0.018107,0.000263,0,0.003295,0.000257,0,0.00294,7.3e-05,0,0.000861,0.404536,0.302647,0.51236,0.149513,0,0.252019,0.000161,0,0.001704,0.424182,0.282811,0.571109,0.000502,0,0.006445,0.000997,0,0.011276,0.000224,0,0.002976,0.000598,0,0.008164,0.000107,0,0.001192,0.000747,0,0.007514,0.005265,0,0.066956,0.000249,0,0.002962,0.004972,0,0.068976,0.000313,0,0.003362,0.000413,0,0.005092,0.000317,0,0.002851,0.000454,0,0.006304,0.000162,0,0.001991,0.002049,0,0.02862,0.000421,0,0.004921,0.001255,0,0.016149,0.000117,0,0.001315
"PH_WC_5.sorted.bam","5","WC",0.168821,0.115095,0.226108,0.056712,0.002385,0.10685,0.077796,0.045695,0.112396,0.579771,0.498912,0.66924,0.000733,0,0.005722,0.04538,0,0.113229,0.070788,0.032399,0.110666,0.00011,0,0.001264,0.00071,0,0.005833,8.3e-05,0,0.000898,0.000148,0,0.001657,0.001331,0,0.019983,4.8e-05,0,0.000534,0.335956,0.227289,0.450332,0.109732,0,0.210094,0.153364,0.088097,0.223131,0.171986,0,0.37108,0.000185,0,0.002415,0.000271,0,0.003138,0.000142,0,0.001385,0.000223,0,0.002524,4.5e-05,0,0.000475,0.000212,0,0.002468,0.0011,0,0.01142,0.000204,0,0.00201,0.082257,0,0.224524,0.000228,0,0.002555,0.000166,0,0.00175,0.00021,0,0.002191,0.000113,0,0.001146,0.000305,0,0.003379,0.134038,0,0.220879,0.000326,0,0.003961,0.006428,0,0.086385,7.8e-05,0,0.000909
"PH_WC_6.sorted.bam","6","WC",0.174675,0.122187,0.233582,0.060864,1.5e-05,0.11327,0.008964,0,0.041008,0.671765,0.593889,0.747847,0.002683,0,0.023225,0.061905,9.8e-05,0.11287,0.019144,0,0.055385,0.000469,0,0.004685,0.002202,0,0.027845,0.000797,0,0.008812,0.000481,0,0.006656,0.007886,0,0.074214,0.000138,0,0.00146,0.321375,0.077761,0.463163,0.025994,0,0.206602,0.003733,0,0.042752,0.487572,0.366634,0.666482,0.000203,0,0.001939,0.003117,0,0.044432,0.000205,0,0.001973,0.000353,0,0.004423,8.6e-05,0,0.000911,0.021537,0,0.185978,0.079125,0,0.191606,0.000237,0,0.002215,0.006239,0,0.102345,0.000212,0,0.00251,0.000383,0,0.00397,0.002615,0,0.036329,0.001812,0,0.030339,0.005111,0,0.048201,0.010692,0,0.095514,0.001103,0,0.015651,0.015695,0,0.091196,0.000631,0,0.009092
"PH_WC_7.sorted.bam","7","WC",0.147986,0.094614,0.203549,0.034908,2e-06,0.083085,0.031987,3e-06,0.061189,0.705666,0.631297,0.776246,0.001966,0,0.014248,0.027983,0,0.075466,0.049505,0.020459,0.086528,0.000228,0,0.00248,0.000385,0,0.005408,0.000195,0,0.001591,0.003629,0,0.062977,0.02745,0,0.105515,0.000171,0,0.001723,0.285452,0.025061,0.403232,0.029292,0,0.15723,0.001812,0,0.02136,0.534287,0.397174,0.665337,0.000279,0,0.002697,0.000491,0,0.006662,0.001035,0,0.014763,0.00056,0,0.005969,9.4e-05,0,0.001102,0.005009,0,0.08898,0.008117,0,0.073805,0.000511,0,0.005702,0.001557,0,0.02038,0.000374,0,0.004424,0.000191,0,0.002223,0.000762,0,0.01113,0.003691,0,0.058006,0.029194,0,0.103201,0.024084,0,0.148365,0.001005,0,0.015941,0.040017,0,0.142593,0.000128,0,0.001417
"PH_WC_8.sorted.bam","8","WC",0.160169,0.106755,0.213081,0.05027,1.5e-05,0.103384,0.079176,0.044451,0.114696,0.573168,0.499529,0.64937,0.001725,0,0.014152,0.067285,0.025649,0.109405,0.068207,0.036515,0.100479,0.000212,0,0.001946,0.00111,0,0.013606,0.00028,0,0.00345,0.001365,0,0.017237,0.010179,0,0.126809,0.000107,0,0.001116,0.315452,0.204376,0.423571,0.083486,0,0.202735,0.143299,0,0.225158,0.293172,0.134926,0.46266,0.000301,0,0.002849,0.001247,0,0.01772,0.000496,0,0.006163,0.000435,0,0.004731,0.000108,0,0.001223,0.000243,0,0.002615,0.003634,0,0.055933,0.000409,0,0.005763,0.007727,0,0.104673,3e-04,0,0.003831,0.000134,0,0.001142,0.001443,0,0.015422,0.000324,0,0.003423,0.002388,0,0.029032,0.009594,0,0.130699,0.000455,0,0.004384,0.121988,0,0.190389,0.000111,0,0.001066
"PH_WC_9.sorted.bam","9","WC",0.177573,0.129429,0.230832,0.062088,0.000114,0.108669,0.00562,0,0.039025,0.659271,0.588891,0.729936,0.005102,0,0.026335,0.074753,0.025941,0.122139,0.015592,0,0.06037,0.000135,0,0.00122,0.000969,0,0.009728,0.00063,0,0.007862,0.000314,0,0.002802,0.005838,0,0.074179,0.000345,0,0.004858,0.346016,0.238209,0.455468,0.007154,0,0.106181,0.002973,0,0.038713,0.460121,0.340487,0.572001,0.002098,0,0.027749,0.001491,0,0.019663,0.000207,0,0.00221,0.000826,0,0.009123,0.000533,0,0.00688,0.000487,0,0.005438,0.106536,0,0.204422,0.000642,0,0.008488,0.030334,0,0.184139,0.001409,0,0.01963,0.000173,0,0.001634,0.004991,0,0.066598,0.000928,0,0.012958,0.000576,0,0.005899,0.010998,0,0.09654,0.003107,0,0.036453,0.009752,0,0.09193,0.000417,0,0.004389
"PH_WF_10.sorted.bam","10","WF",0.004061,0,0.030987,0.335469,0.2871,0.381358,0.037314,0.014163,0.061532,0.059502,0.000557,0.113125,0.04085,0.015557,0.070912,0.459837,0.423824,0.494922,0.062966,0.028763,0.099271,6e-05,0,0.000617,3e-04,0,0.003571,9.4e-05,0,0.000957,0.000632,0,0.00894,0.000872,0,0.01173,4.8e-05,0,0.000539,0.000379,0,0.003322,0.000574,0,0.005137,0.014304,0,0.10832,0.000317,0,0.004204,0.000607,0,0.007543,0.000737,0,0.008114,0.048183,0,0.104889,0.005648,0,0.07363,8.1e-05,0,0.000723,0.005658,0,0.061174,0.668115,0.571848,0.761398,0.009612,0,0.101599,0.097015,0,0.213022,0.020522,0,0.123034,0.000388,0,0.004937,0.000426,0,0.004034,0.000153,0,0.001608,0.000929,0,0.011963,0.000451,0,0.005174,0.005841,0,0.084857,0.117977,0,0.19527,7.8e-05,0,0.000701
"PH_WF_11.sorted.bam","11","WF",0.037304,1.6e-05,0.079687,0.150661,0.117836,0.191715,0.144952,0.115191,0.175154,0.171976,0.124406,0.217738,0.029924,0,0.068292,0.29882,0.234459,0.350271,0.166363,0.131275,0.205497,4.7e-05,0,0.00055,0.000593,0,0.009241,8.8e-05,0,0.000933,0.005339,0,0.06977,0.26634,0.062613,0.336717,5.3e-05,0,0.000453,0.046938,0,0.154732,0.002494,0,0.032871,0.015855,0,0.215082,0.000261,0,0.003303,0.00236,0,0.03864,0.010381,0,0.08548,0.001321,0,0.018821,0.020777,0,0.113142,5.3e-05,0,0.000556,0.018109,0,0.109353,0.021081,0,0.25642,0.00034,0,0.004201,0.254299,0.093343,0.380038,0.000414,0,0.004938,0.000194,0,0.002332,0.001173,0,0.014507,0.000259,0,0.00318,0.000605,0,0.005934,0.003069,0,0.044703,0.024488,0,0.126431,0.30301,0.180111,0.396842,6e-05,0,0.000591
"PH_WF_12.sorted.bam","12","WF",0.001151,0,0.009393,0.292383,0.248947,0.334832,0.059281,0.028879,0.090961,0.003396,0,0.023638,0.019105,0,0.058976,0.561726,0.502546,0.616571,0.062959,0.036672,0.090896,0.000131,0,0.001186,0.000444,0,0.005034,0.012019,0,0.140441,0.000297,0,0.003138,0.03561,0,0.160909,0.000648,0,0.008966,0.000286,0,0.003426,0.001301,0,0.016808,0.000857,0,0.01195,0.000457,0,0.005563,0.000494,0,0.00482,0.008675,0,0.090744,0.002735,0,0.034124,0.001185,0,0.02023,0.002059,0,0.028256,0.000196,0,0.002258,0.490168,0.164123,0.642212,0.000689,0,0.008957,0.000764,0,0.009749,0.002833,0,0.045183,0.312934,0.207516,0.465399,0.000323,0,0.003811,0.024529,0,0.150417,0.077079,0,0.161491,0.001486,0,0.021405,0.018172,0,0.106723,0.002934,0,0.044373,0.000697,0,0.008977
"PH_WF_1.sorted.bam","1","WF",0.001183,0,0.009951,0.280932,0.232561,0.329439,0.097162,0.067483,0.131406,0.067938,0.017011,0.132605,0.046123,0.015675,0.073643,0.444828,0.403101,0.477897,0.061832,0.030723,0.101633,8e-05,0,0.000827,0.000257,0,0.003177,8.1e-05,0,0.000866,0.000491,0,0.005017,0.003968,0,0.049413,9.1e-05,0,0.000977,0.000368,0,0.004214,0.000309,0,0.00227,0.00937,0,0.111242,0.00045,0,0.004477,0.000366,0,0.004857,0.013213,0,0.100802,0.000889,0,0.008367,0.029227,0,0.127773,8.5e-05,0,0.000978,0.000464,0,0.005522,0.543636,0.407587,0.651385,0.177793,0.085895,0.246722,0.093851,0,0.253216,0.001164,0,0.016773,0.000276,0,0.002646,0.000259,0,0.002892,0.000319,0,0.0042,0.00163,0,0.02417,0.001852,0,0.027276,0.047215,0,0.136447,0.072196,0,0.198796,9.7e-05,0,0.000933
"PH_WF_2.sorted.bam","2","WF",0.001711,0,0.01381,0.292824,0.242124,0.344786,0.038225,8e-06,0.075255,0.011484,0,0.052295,0.01843,0,0.061325,0.567338,0.498933,0.634408,0.069988,0.033668,0.113925,0.000116,0,0.00113,0.000593,0,0.006972,0.056679,0,0.179915,0.000266,0,0.003411,0.004076,0,0.065117,0.010241,0,0.060352,0.000238,0,0.002892,0.003801,0,0.054678,0.005483,0,0.063351,0.000901,0,0.011541,0.000506,0,0.00525,0.005116,0,0.064769,0.00319,0,0.043014,0.004572,0,0.059944,0.000852,0,0.013198,0.000191,0,0.002224,0.420725,0.219576,0.620092,0.001944,0,0.02372,0.003199,0,0.045053,0.008622,0,0.075808,0.33679,0.208266,0.460799,0.001397,0,0.020618,0.037979,0,0.18114,0.04101,0,0.132048,0.003871,0,0.064991,0.01315,0,0.11089,0.026414,0,0.180089,0.008077,0,0.074372
"PH_WF_3.sorted.bam","3","WF",0.001192,0,0.008612,0.269446,0.222152,0.316703,0.050477,0.021075,0.078897,0.005565,0,0.034557,0.009463,0,0.04051,0.603211,0.550556,0.654905,0.060645,0.029741,0.095964,0.00013,0,0.001344,0.000322,0,0.004071,0.068098,0,0.18274,0.000356,0,0.005038,0.00641,0,0.069738,0.005818,0,0.039605,0.000193,0,0.002205,0.001814,0,0.026689,0.003367,0,0.047551,0.000404,0,0.004615,0.000365,0,0.003553,0.002378,0,0.033229,0.0041,0,0.05661,0.001185,0,0.015968,0.002744,0,0.030367,0.000608,0,0.008079,0.375408,0.190223,0.558996,0.021498,0,0.137716,0.002491,0,0.03363,0.002642,0,0.037467,0.396582,0.258624,0.515002,0.000281,0,0.00301,0.016365,0,0.130499,0.053588,0,0.139444,0.001274,0,0.014942,0.002767,0,0.038289,0.010611,0,0.122702,0.018202,0,0.086759
"PH_WF_4.sorted.bam","4","WF",0.002528,0,0.019166,0.305781,0.2588,0.352681,0.027279,1e-06,0.054822,0.001851,0,0.01512,0.001389,0,0.011832,0.623983,0.568232,0.679413,0.037189,0.008471,0.069678,0.000331,0,0.004035,0.00059,0,0.008262,0.047989,0,0.15373,0.000597,0,0.007261,0.000219,0,0.002475,0.001048,0,0.013441,0.00029,0,0.003052,0.000516,0,0.005013,0.000824,0,0.011691,0.000451,0,0.004144,0.000171,0,0.001826,0.000338,0,0.003359,0.00073,0,0.010777,0.000207,0,0.002612,0.000275,0,0.003095,0.000518,0,0.004872,0.512598,0.323957,0.669103,0.004134,0,0.055515,0.000353,0,0.003518,0.000509,0,0.004229,0.363442,0.261317,0.474898,0.002229,0,0.029267,0.001323,0,0.015978,0.045958,0,0.103788,0.00061,0,0.007251,0.000275,0,0.002737,0.002971,0,0.0473,0.010506,0,0.060142
"PH_WF_5.sorted.bam","5","WF",0.003152,0,0.021898,0.26368,0.217606,0.310429,0.010457,0,0.045331,0.014674,0,0.070105,0.041623,1.2e-05,0.08076,0.591785,0.527409,0.655238,0.074629,0.04262,0.111975,0.000209,0,0.002342,0.000636,0,0.008516,0.011215,0,0.081001,0.000855,0,0.011288,0.000562,0,0.008383,0.0059,0,0.041017,0.000929,0,0.013157,0.003465,0,0.050951,0.000218,0,0.001946,0.005366,0,0.059027,0.00192,0,0.033863,0.005056,0,0.085799,0.005767,0,0.060041,0.003897,0,0.054216,0.00087,0,0.013537,0.000625,0,0.008011,0.490677,0.324447,0.602728,0.001012,0,0.011089,0.003199,0,0.042636,0.004181,0,0.05088,0.306508,0.199916,0.412553,0.00092,0,0.012989,0.004535,0,0.063605,0.000701,0,0.008219,0.006908,0,0.073278,0.060686,0,0.155997,0.070861,0,0.209035,0.002323,0,0.030716
"PH_WF_6.sorted.bam","6","WF",0.001482,0,0.011185,0.297225,0.247892,0.341381,0.11154,0.079429,0.141907,0.025833,0,0.084008,0.060934,0.029955,0.090049,0.437487,0.407985,0.469747,0.065499,0.03924,0.097438,7e-05,0,0.000809,0.000165,0,0.001939,7.6e-05,0,0.000831,0.000561,0,0.007427,0.00033,0,0.003891,8.3e-05,0,0.000907,0.000753,0,0.010973,0.000353,0,0.003609,0.001666,0,0.024549,0.000313,0,0.00305,0.000344,0,0.004542,0.000444,0,0.006357,0.005857,0,0.088099,0.001655,0,0.026287,7.1e-05,0,0.000708,0.000687,0,0.008945,0.592895,0.494732,0.681017,0.213644,0.121406,0.278964,0.046041,0,0.164511,0.002151,0,0.028219,0.000917,0,0.012574,0.000314,0,0.003309,0.000112,0,0.001099,0.000857,0,0.011915,0.00057,0,0.006674,0.111275,0,0.171547,0.017723,0,0.167522,7.3e-05,0,0.000801
"PH_WF_8.sorted.bam","8","WF",0.006985,0,0.031464,0.302056,0.258702,0.343441,0.009251,0,0.037814,0.023047,0,0.079078,0.016812,0,0.050796,0.475081,0.433742,0.506411,0.166768,0.12831,0.203552,0.000153,0,0.001791,0.002089,0,0.023763,0.00127,0,0.014721,0.001916,0,0.024876,0.001115,0,0.013677,0.000276,0,0.003258,0.002916,0,0.039394,0.005872,0,0.086108,0.003142,0,0.044774,0.002609,0,0.037384,0.003132,0,0.03687,0.005496,0,0.064444,0.001382,0,0.022153,0.009115,0,0.077812,0.000603,0,0.008776,0.001759,0,0.02702,0.585323,0.478237,0.673802,0.0084,0,0.067526,0.018465,0,0.137882,0.004758,0,0.068648,0.007009,0,0.082388,0.001852,0,0.024681,0.001676,0,0.019986,0.001996,0,0.028889,0.001366,0,0.015372,0.008534,0,0.07179,0.317439,0.235356,0.40026,0.000337,0,0.003592
"PH_WF_9.sorted.bam","9","WF",0.001605,0,0.012621,0.253122,0.207426,0.300376,0.055717,0.027096,0.079375,0.035413,0,0.09433,0.043945,0.010085,0.077395,0.545968,0.488827,0.603991,0.064231,0.04089,0.09226,0.000152,0,0.001943,0.000272,0,0.00341,0.02803,0,0.123894,0.000502,0,0.005822,0.000656,0,0.010249,0.000368,0,0.004613,0.000215,0,0.002499,0.004696,0,0.058106,0.000527,0,0.006425,0.015499,0,0.084609,0.000539,0,0.006699,0.005258,0,0.067458,0.000232,0,0.002578,0.01955,0,0.112481,0.018055,0,0.064185,0.000475,0,0.005958,0.435937,0.260819,0.561975,0.000414,0,0.005052,0.012439,0,0.141409,0.019112,0,0.112411,0.310036,0.210363,0.417851,0.000902,0,0.013101,0.003366,0,0.052147,0.108366,0.048723,0.155692,0.0024,0,0.03524,0.007089,0,0.077456,0.003486,0,0.052248,0.001427,0,0.0194
"PH_WH_10.sorted.bam","10","WH",0.001338,0,0.009729,0.906293,0.868618,0.940256,0.002415,0,0.016119,0.000977,0,0.007735,0.000736,0,0.005569,0.000679,0,0.005197,0.087562,0.053216,0.122643,0.000287,0,0.003652,0.000661,0,0.009129,0.82169,0.747453,0.893234,0.00063,0,0.008722,0.000329,0,0.004469,0.00083,0,0.010486,0.000291,0,0.003482,0.000382,0,0.00471,0.000256,0,0.003193,0.000158,0,0.001938,0.00014,0,0.001482,0.000216,0,0.002481,0.000279,0,0.003594,0.000219,0,0.002686,0.000146,0,0.001574,0.000211,0,0.002481,0.000209,0,0.00257,0.000217,0,0.002575,0.000118,0,0.001331,0.000113,0,0.001258,0.000142,0,0.001785,0.000168,0,0.001967,0.167409,0.078822,0.241996,0.001458,0,0.021427,0.000372,0,0.003372,0.000212,0,0.002667,0.000206,0,0.002462,0.002649,0,0.031244
"PH_WH_11.sorted.bam","11","WH",0.014947,0,0.057938,0.87821,0.829841,0.921243,0.001289,0,0.010126,0.026822,0,0.072587,0.000755,0,0.005872,0.007296,0,0.043038,0.070681,0.037264,0.111218,0.000267,0,0.003429,0.010528,0,0.095787,0.818637,0.705158,0.909735,0.000381,0,0.00481,0.00031,0,0.003426,0.000113,0,0.001212,0.005734,0,0.059192,0.007693,0,0.094694,0.000462,0,0.00601,0.001313,0,0.020665,0.00023,0,0.002524,0.000374,0,0.004098,0.000159,0,0.001443,0.000233,0,0.002855,8.3e-05,0,0.000895,0.00047,0,0.00553,0.009972,0,0.083912,0.000217,0,0.002093,0.001203,0,0.017526,0.000169,0,0.001454,0.000387,0,0.005449,0.012017,0,0.104624,0.090269,0,0.216454,0.000823,0,0.011566,0.035692,0,0.13528,0.000179,0,0.00204,0.001785,0,0.024884,0.000299,0,0.003418
"PH_WH_12.sorted.bam","12","WH",0.001492,0,0.012442,0.888417,0.839248,0.931565,0.000506,0,0.004201,0.025308,0,0.071996,0.00221,0,0.015875,0.002249,0,0.016097,0.079818,0.044642,0.117478,0.000148,0,0.001424,4e-04,0,0.003934,0.808829,0.722807,0.884338,0.000142,0,0.001317,0.000182,0,0.002227,7.3e-05,0,0.000867,0.001097,0,0.016157,0.006551,0,0.084174,0.000118,0,0.001037,0.017439,0,0.067873,0.000162,0,0.001969,0.001011,0,0.01456,9.5e-05,0,0.000945,0.000916,0,0.013697,0.000227,0,0.002884,0.000319,0,0.003801,0.001292,0,0.019611,0.000194,0,0.002343,0.000805,0,0.011611,0.000369,0,0.005006,0.000273,0,0.003439,0.000568,0,0.007587,0.14974,0.04702,0.230146,0.000136,0,0.001278,0.006251,0,0.089479,0.001413,0,0.019673,0.000973,0,0.014448,0.000277,0,0.003302
"PH_WH_1.sorted.bam","1","WH",0.001404,0,0.012295,0.915009,0.878895,0.948858,0.000644,0,0.005044,0.001499,0,0.013079,0.000949,0,0.00808,0.000927,0,0.007886,0.079569,0.046945,0.114703,0.000225,0,0.002262,0.000872,0,0.008541,0.836836,0.763464,0.902851,0.000135,0,0.001754,0.000204,0,0.002591,0.000112,0,0.00133,0.000117,0,0.001385,0.001193,0,0.017371,0.000181,0,0.002105,0.000401,0,0.005762,0.000185,0,0.001941,0.000671,0,0.009177,0.000122,0,0.001492,0.000127,0,0.001475,0.000163,0,0.002054,2e-04,0,0.002298,0.000584,0,0.008094,0.000106,0,0.001391,0.000177,0,0.001991,0.00017,0,0.001891,0.000184,0,0.001964,0.00085,0,0.011733,0.152823,0.08165,0.226587,0.000315,0,0.004012,0.000402,0,0.004235,0.000297,0,0.003209,0.000248,0,0.002337,0.002101,0,0.023502
"PH_WH_2.sorted.bam","2","WH",0.007346,0,0.044053,0.870533,0.819926,0.918697,0.001863,0,0.017779,0.015278,0,0.076288,0.002464,0,0.025119,0.013636,0,0.064177,0.08888,0.052144,0.127826,0.000126,0,0.001063,0.011471,0,0.087225,0.747936,0.647324,0.844351,0.000166,0,0.001738,0.002652,0,0.035219,5.7e-05,0,0.000598,0.000848,0,0.010555,0.027565,0,0.151233,0.00023,0,0.002232,0.000231,0,0.003211,0.000256,0,0.002803,0.003689,0,0.049606,0.000149,0,0.001595,0.000335,0,0.003511,7.5e-05,0,0.000684,0.001106,0,0.014765,0.024369,0,0.126564,0.000204,0,0.002472,0.000605,0,0.00801,0.000156,0,0.001535,0.00015,0,0.001822,0.000594,0,0.005431,0.175447,0.101156,0.254005,0.000211,0,0.002455,0.000512,0,0.004813,0.000193,0,0.001953,0.000531,0,0.006345,0.000136,0,0.001615
"PH_WH_3.sorted.bam","3","WH",0.001697,0,0.01284,0.895022,0.853589,0.931614,0.001194,0,0.009031,0.002561,0,0.019566,0.001893,0,0.014265,0.001386,0,0.010644,0.096247,0.061911,0.13517,0.000189,0,0.001637,0.000558,0,0.006214,0.79873,0.716495,0.868858,0.000187,0,0.001833,0.000571,0,0.007384,9.5e-05,0,0.001015,0.000331,0,0.003422,0.001667,0,0.021819,0.000422,0,0.005317,0.00055,0,0.005566,0.000316,0,0.003765,0.001483,0,0.021227,0.000154,0,0.001837,0.000334,0,0.003902,0.000168,0,0.001745,0.00044,0,0.005821,0.000688,0,0.009834,0.000188,0,0.002254,0.000662,0,0.008213,0.000153,0,0.001776,0.00013,0,0.001367,0.001183,0,0.016256,0.187616,0.115061,0.266789,0.000675,0,0.009325,0.000607,0,0.007248,0.001012,0,0.012909,0.000383,0,0.004068,0.000509,0,0.006571
"PH_WH_4.sorted.bam","4","WH",0.005053,0,0.033984,0.746806,0.697799,0.797483,0.000851,0,0.006706,0.004041,0,0.034334,0.000562,0,0.004403,0.096116,0.058284,0.133441,0.146571,0.106284,0.189048,0.000132,0,0.001485,0.004455,0,0.053165,0.502296,0.40256,0.602276,0.000237,0,0.002764,0.00074,0,0.008099,6.9e-05,0,0.000724,0.002319,0,0.030757,0.003998,0,0.058762,0.000193,0,0.001871,0.000263,0,0.003368,0.000177,0,0.00212,0.000121,0,0.001213,8e-05,0,0.001039,0.000196,0,0.002139,5.3e-05,0,0.000595,0.000521,0,0.007417,0.190234,0.114775,0.265995,0.000163,0,0.002019,0.000423,0,0.005213,0.000131,0,0.001162,0.000218,0,0.002505,0.002132,0,0.029009,0.289471,0.205384,0.376518,0.00015,0,0.001512,0.000427,0,0.004212,0.000313,0,0.003247,0.000322,0,0.003637,0.000164,0,0.001665
"PH_WH_5.sorted.bam","5","WH",0.002199,0,0.018655,0.768712,0.721255,0.816769,0.029496,0.000794,0.057198,0.116455,0.06712,0.169663,0.000696,0,0.005415,0.001305,0,0.01016,0.081137,0.044915,0.119555,7.5e-05,0,9e-04,0.000433,0,0.004731,0.545426,0.44897,0.645154,0.002435,0,0.032114,0.054671,0,0.112513,0.000131,0,0.001484,0.000602,0,0.006874,0.229574,0.12789,0.33748,0.000606,0,0.007617,0.00069,0,0.008809,0.000173,0,0.00175,0.000168,0,0.001787,0.000315,0,0.002718,0.000134,0,0.001278,0.000108,0,0.001349,0.000231,0,0.002615,0.000963,0,0.010158,0.000336,0,0.004224,0.000328,0,0.003886,0.000211,0,0.002592,0.000212,0,0.002744,0.000373,0,0.004554,0.160765,0.087723,0.238094,0.000366,0,0.004764,0.000285,0,0.002639,0.000174,0,0.001825,0.000117,0,0.001478,9.8e-05,0,0.001066
"PH_WH_6.sorted.bam","6","WH",0.002967,0,0.017608,0.855483,0.806573,0.900349,0.006868,0,0.023355,0.02774,0,0.087373,0.004537,0,0.02429,0.004205,0,0.029873,0.0982,0.056334,0.139524,0.000238,0,0.002428,0.000544,0,0.00604,0.738173,0.634146,0.853226,0.002014,0,0.02151,0.004754,0,0.042405,0.000473,0,0.006543,0.000925,0,0.013943,0.037487,0,0.165071,0.002746,0,0.029583,0.002236,0,0.031427,0.000852,0,0.012261,0.004955,0,0.045695,0.001042,0,0.013015,0.000788,0,0.011219,8.8e-05,0,0.000958,0.000691,0,0.009492,0.00285,0,0.047441,0.000718,0,0.009402,0.001268,0,0.01714,0.000468,0,0.005742,0.000458,0,0.005608,0.000432,0,0.004841,0.184031,0,0.274651,0.001517,0,0.018521,0.007796,0,0.104925,0.000794,0,0.010029,0.0015,0,0.019695,0.000165,0,0.002072
"PH_WH_7.sorted.bam","7","WH",0.056286,1.8e-05,0.104774,0.649823,0.597871,0.704273,0.008411,0,0.048748,0.131297,0.072248,0.196753,0.027119,0,0.06775,0.022345,0,0.106033,0.10472,0.062606,0.144853,7.5e-05,0,0.000692,0.110875,0,0.208503,0.303648,0.198775,0.413708,0.000431,0,0.004669,0.015619,0,0.096423,4.2e-05,0,0.00042,0.000185,0,0.001795,0.261336,0.14297,0.392994,0.000188,0,0.001965,0.000122,0,0.0011,0.000226,0,0.003029,0.053093,0,0.13436,0.000244,0,0.003103,0.000132,0,0.001377,6.4e-05,0,0.000641,0.000134,0,0.001311,0.043652,0,0.211665,0.000124,0,0.001447,0.000178,0,0.001711,0.000226,0,0.002502,6.4e-05,0,0.000668,0.000571,0,0.005022,0.207775,0.124336,0.287259,0.000132,0,0.001584,0.000332,0,0.003964,0.000188,0,0.002404,0.000246,0,0.002706,9.7e-05,0,0.001137
"PH_WH_8.sorted.bam","8","WH",0.000998,0,0.007642,0.888856,0.837197,0.93179,0.001845,0,0.013366,0.02239,0,0.073584,0.001227,0,0.010031,0.001861,0,0.016684,0.082823,0.044023,0.121559,0.000192,0,0.002052,0.000391,0,0.004924,0.806249,0.698138,0.898005,0.000215,0,0.002604,0.000459,0,0.006075,0.000824,0,0.01175,0.000348,0,0.003461,0.017084,0,0.116455,0.000453,0,0.006067,0.004794,0,0.04737,0.000212,0,0.002532,0.000418,0,0.004113,0.000261,0,0.002898,0.000611,0,0.007672,0.000255,0,0.00367,0.000188,0,0.001904,0.000744,0,0.008462,0.000273,0,0.003087,0.000598,0,0.005576,0.000154,0,0.001355,0.000522,0,0.007134,0.000258,0,0.002909,0.146118,0,0.239946,0.000381,0,0.004898,0.016098,0,0.119826,0.00029,0,0.003498,0.000723,0,0.008576,0.000889,0,0.013487
"PH_WH_9.sorted.bam","9","WH",0.040056,0,0.089641,0.660779,0.608352,0.711886,0.000788,0,0.006561,0.099738,0.030697,0.17044,0.017426,0,0.064026,0.062432,0,0.137096,0.11878,0.075552,0.161848,7.5e-05,0,0.000624,0.078708,0,0.17868,0.325579,0.218856,0.430375,0.000212,0,0.002389,0.000713,0,0.008263,5e-05,0,0.000444,0.00018,0,0.001704,0.198478,0.059114,0.340329,9e-05,0,0.000995,0.000119,0,0.001317,0.000134,0,0.001502,0.033699,0,0.126917,0.000156,0,0.001471,0.00014,0,0.001115,5.1e-05,0,0.00052,0.000285,0,0.002311,0.12327,0,0.273156,0.000148,0,0.001458,0.000134,0,0.001299,0.000186,0,0.002225,1e-04,0,0.001135,0.000444,0,0.005181,0.235532,0.14635,0.322691,0.000159,0,0.001922,0.000215,0,0.00206,0.000435,0,0.005569,0.000642,0,0.006712,6.6e-05,0,0.000739
