"","AS","BA","BB","BC","CA","CR","FC","FV","GB","KC","MC","ML","OF","PC","PR","PT","SB","SC","SH","SL","TB","WC","WF","WH"
"locus1",0.1667,0.0625,0,0,0,0,0.1111,0,0,0,0,0,0,0.0833,0,0,0,0,0,0,0,0,0,0.0417
"locus2",0,0,0,0.1364,0,0.0417,0,0,0,0.05,0,0,0,0,0,0,0,0,0,0,0.05,0.1,0.2727,0
"locus3",0,0,0.05,0.3182,0,0,0.0556,0,0,0.05,0,0.1111,0,0,0,0,0,0,0,0,0,0.05,0,0
"locus4",0,0,0.15,0,0.0714,0,0.0556,0.0455,0.125,0,0.0625,0,0.125,0,0.0556,0,0,0.1111,0.0833,0.0556,0,0.05,0.0909,0.125
"locus5",0,0.0625,0.1,0.0455,0,0.0417,0.1111,0.2273,0,0.1,0.0625,0.0556,0,0.125,0,0,0.125,0.1667,0,0,0.05,0.3,0.0909,0.125
"locus6",0.2083,0,0,0,0,0,0,0,0,0,0,0.0556,0,0,0.0556,0.3333,0,0,0,0,0,0,0.1364,0
"locus7",0.125,0.0625,0.05,0.0909,0.1429,0.0417,0.2222,0.0909,0.0625,0,0.0625,0.1667,0.0625,0.1667,0.1111,0.1667,0.125,0.1667,0,0.1111,0.15,0.1,0.2727,0.2917
"locus8",0,0.1875,0.15,0.0455,0.0714,0,0,0.0455,0,0,0.125,0,0.125,0.0417,0,0,0.125,0,0.1667,0,0.05,0.2,0.0455,0.0417
"locus9",0.1667,0.0625,0.1,0.0909,0.0714,0.0417,0,0.1818,0.0625,0.15,0,0.0556,0,0,0.0556,0,0.0625,0,0,0.1111,0.05,0,0.0909,0.1667
"locus10",0.0417,0.0625,0.15,0.2727,0,0,0.0556,0,0,0.05,0.125,0.0556,0,0.0833,0,0.1667,0.3125,0.0556,0,0,0.2,0,0.2273,0
"locus11",0.0833,0,0,0,0,0.0833,0,0,0,0,0,0.1667,0.0625,0,0.1667,0.3333,0,0,0,0.0556,0,0,0,0.0417
"locus12",0,0.0625,0,0,0,0.0417,0,0,0,0.5,0,0.1667,0,0,0,0,0,0,0,0,0,0,0,0
"locus13",0.0417,0.0625,0,0,0,0,0,0.0909,0,0.05,0,0,0.125,0.0417,0,0,0.0625,0.2222,0,0,0,0,0,0
"locus14",0.4167,0.3125,0.45,0.3636,0.3571,0.4167,0.4444,0.4545,0.1875,0.25,0.5,0.3889,0.4375,0.375,0.2222,0.5,0.3125,0.3333,0.5,0.3333,0.5,0.5,0.3636,0.4583
"locus15",0.0417,0,0,0.2273,0,0,0,0.0455,0,0.1,0,0.0556,0,0.0417,0,0,0,0,0,0.1111,0.1,0,0.0455,0
"locus16",0.0417,0,0.05,0,0,0,0,0.0909,0,0.05,0,0,0,0,0,0,0,0.2222,0.0833,0.4444,0.1,0,0.1364,0.0417
"locus17",0.25,0,0,0,0,0.125,0.1667,0.1818,0,0.05,0.0625,0.1111,0.0625,0.0417,0.1111,0,0.0625,0.1111,0,0.1111,0.35,0.05,0.1364,0
"locus18",0.0417,0,0.15,0,0,0,0,0.0455,0,0,0,0,0,0,0.0556,0,0,0.1667,0,0.3889,0,0,0,0
"locus19",0.5,0.375,0.2,0.5,0,0.0417,0.0556,0.3182,0.25,0.05,0.375,0,0.375,0,0.3333,0.3333,0.375,0.2222,0.0833,0.3889,0.5,0.35,0.5,0.0417
"locus20",0.0833,0,0.1,0.0455,0,0.0417,0,0.0455,0,0,0.0625,0,0,0,0.2222,0.1667,0.0625,0,0,0.0556,0,0,0.0455,0.0417
"locus21",0,0,0,0,0,0.0417,0,0,0,0,0,0,0.125,0.1667,0,0,0,0,0,0,0,0.45,0,0
"locus22",0.25,0.4375,0.35,0.2273,0.4286,0.2917,0.2778,0.4091,0.25,0.5,0.4375,0.3889,0.25,0.4167,0.3333,0.3333,0.25,0.3333,0.25,0.2222,0.45,0.35,0.2727,0.2083
"locus23",0.2083,0.4375,0.45,0.3182,0.4286,0.4167,0.3333,0.4091,0.25,0.45,0.4375,0.2778,0.5,0.5,0.3333,0.3333,0.375,0.2778,0.3333,0.4444,0.35,0.4,0.2727,0.375
"locus24",0,0.1875,0,0,0.0714,0.0833,0.0556,0,0,0.05,0,0,0,0,0,0,0.0625,0,0,0,0,0,0.0455,0.125
"locus25",0.0417,0.0625,0,0.0455,0.1429,0.125,0.1111,0.0455,0.0625,0.15,0,0.1111,0,0.1667,0,0,0.1875,0,0.0833,0.1667,0,0,0,0.125
"locus26",0,0.1875,0,0.0455,0,0.375,0,0,0,0.45,0.0625,0.3889,0.125,0,0,0,0,0,0,0,0.05,0,0.0455,0.0417
"locus27",0,0,0,0,0,0,0.3333,0,0.0625,0,0.0625,0,0,0,0,0,0,0,0.0833,0.0556,0,0,0.1364,0.3333
"locus28",0.0833,0,0,0,0,0.0417,0,0.1364,0.125,0.05,0.0625,0,0.0625,0.0417,0.1667,0.1667,0,0.1667,0,0,0.05,0,0.0455,0
"locus29",0.4167,0.25,0.4,0.4545,0.3571,0.3333,0.4444,0.3636,0.375,0.2,0.375,0.0556,0.375,0.375,0.2222,0.3333,0.4375,0.3889,0.0833,0.3333,0.35,0.25,0.2273,0.4583
"locus30",0.2083,0,0,0,0,0,0,0,0,0,0.0625,0,0,0.0833,0.2222,0.1667,0,0.2222,0,0.0556,0.1,0,0.1364,0
"locus31",0.0833,0,0,0,0,0,0.0556,0,0.0625,0,0,0,0,0.0417,0.0556,0,0,0.3333,0,0.3889,0,0,0.0909,0
"locus32",0.0833,0.25,0,0,0,0,0,0,0,0,0,0.0556,0,0,0.0556,0,0.0625,0,0,0.2778,0.05,0,0,0.0417
"locus33",0.2917,0,0,0.0455,0,0,0.1111,0,0,0.1,0.0625,0,0.3125,0.1667,0.0556,0.1667,0.0625,0,0,0.0556,0,0.2,0.3636,0.0417
"locus34",0,0.3125,0.1,0,0,0.0833,0,0,0,0.3,0,0.3889,0.25,0,0,0,0,0,0,0,0.05,0.15,0,0
"locus35",0.0417,0.125,0.05,0,0,0.1667,0.0556,0,0.0625,0,0,0,0,0,0.1667,0,0,0.0556,0,0,0,0,0,0
"locus36",0.4583,0.25,0.35,0.3182,0.2857,0.4167,0.4444,0.3636,0.25,0.2,0.375,0.4444,0.25,0.3333,0.4444,0.3333,0.3125,0.3333,0.5,0.3333,0.35,0.4,0.4545,0.2083
"locus37",0,0,0,0.0455,0,0,0.1111,0,0,0,0.1875,0,0,0,0,0,0,0,0.1667,0.0556,0,0,0,0.0417
"locus38",0,0,0,0,0.2857,0.0833,0,0,0,0.1,0,0.1111,0,0.0417,0,0,0,0,0,0,0,0,0.0909,0
"locus39",0.3333,0.4375,0.35,0.3182,0.4286,0.5,0.3333,0.4091,0.25,0.5,0.4375,0.5,0.3125,0.5,0.3889,0.3333,0.4375,0.3333,0.25,0.2778,0.3,0.4,0.1818,0.4583
"locus40",0.0417,0,0.05,0,0,0,0,0.0455,0.25,0,0.0625,0,0.0625,0,0.1111,0,0,0.0556,0.25,0.0556,0.05,0,0.0455,0.0417
"locus41",0.125,0,0.15,0,0,0,0.0556,0.3182,0,0.05,0.0625,0,0.125,0.1667,0.0556,0,0.25,0,0,0.0556,0.15,0.15,0.1364,0.2083
"locus42",0,0,0.3,0,0,0,0,0.1364,0,0.05,0,0,0.1875,0.25,0,0,0.1875,0.0556,0,0,0,0.35,0,0
"locus43",0.0417,0.125,0.1,0.0909,0.0714,0.125,0,0.1364,0,0,0,0.0556,0.0625,0,0,0,0.0625,0.0556,0,0.1667,0,0.05,0.1818,0
"locus44",0,0.4375,0.1,0,0.2857,0.4167,0,0.0909,0.0625,0.3,0.125,0.3333,0.25,0.1667,0.0556,0.3333,0,0.1111,0,0.0556,0.05,0.2,0.0455,0.0833
"locus45",0.125,0,0.1,0.1818,0,0.0417,0,0.3182,0,0.05,0.1875,0,0,0.0417,0.3889,0.3333,0,0.2778,0.3333,0,0.35,0.05,0.0909,0
"locus46",0.2917,0.1875,0.15,0.0455,0,0.0833,0,0.1364,0,0.25,0,0,0.0625,0.125,0.0556,0.1667,0.25,0.1667,0,0.0556,0,0.05,0.2273,0
"locus47",0.0417,0.0625,0,0,0.0714,0.2083,0,0,0,0.45,0.125,0.2222,0,0,0,0,0,0,0,0,0.05,0,0,0.0833
"locus48",0,0,0,0,0,0,0.2222,0,0,0.05,0.3125,0,0.0625,0.125,0,0,0.125,0,0.0833,0,0,0,0,0.0417
"locus49",0.1667,0,0.05,0.0909,0.2143,0,0.1111,0.0455,0,0,0,0,0,0,0,0,0.0625,0,0,0.0556,0.2,0.15,0,0.0833
"locus50",0.375,0.125,0.2,0.4091,0,0.0417,0.1111,0.3182,0.1875,0.1,0.4375,0.0556,0.4375,0.3333,0.4444,0.3333,0.4375,0.2222,0.25,0.3889,0.3,0.35,0.5,0.0417
"locus51",0.1667,0.0625,0.05,0,0,0,0.0556,0.0909,0.3125,0,0,0.1111,0.0625,0,0.1111,0.1667,0.0625,0.0556,0.0833,0.4444,0.1,0,0,0
"locus52",0.125,0.375,0.45,0.3182,0.3571,0.25,0.3333,0.4545,0.1875,0.4,0.125,0.4444,0.4375,0.4167,0.0556,0.1667,0.25,0.2778,0.3333,0.0556,0.2,0.3,0.0909,0.0833
"locus53",0,0.0625,0,0,0,0,0,0.0455,0,0,0,0,0,0,0.0556,0,0.125,0.1667,0,0.1111,0.1,0.05,0.0455,0
"locus54",0.0417,0.25,0.2,0,0.3571,0.0833,0.2222,0.1818,0,0.1,0.125,0,0.1875,0.1667,0.2778,0,0.3125,0.2222,0,0.1111,0.05,0.1,0.0909,0.0417
"locus55",0,0,0,0,0,0,0,0,0,0.05,0.125,0,0,0.375,0,0.5,0.125,0,0.4167,0,0,0.15,0.0455,0
"locus56",0,0,0,0,0.5,0,0.3333,0,0,0,0,0,0,0,0,0,0,0,0.0833,0,0,0,0,0.1667
"locus57",0,0.4375,0.1,0.1364,0.4286,0.4583,0.2222,0.0455,0,0.5,0.0625,0.3889,0.25,0.0833,0.1111,0,0,0.0556,0.3333,0,0.05,0.05,0.0909,0.0417
"locus58",0,0.1875,0.05,0,0,0,0,0.0455,0,0,0,0.3333,0,0.0417,0,0.1667,0,0,0.0833,0,0,0,0.0909,0.0417
"locus59",0.125,0,0,0.2273,0,0.0417,0,0.0455,0,0,0.0625,0,0,0,0,0.3333,0,0.0556,0,0,0.05,0.05,0,0
"locus60",0.0417,0.0625,0.15,0.2273,0,0.0833,0.1111,0.0909,0,0.2,0,0,0.125,0.375,0.0556,0.1667,0.1875,0.0556,0.0833,0,0.1,0.25,0,0
"locus61",0.25,0,0.05,0,0,0,0,0.1364,0,0.1,0,0.0556,0.0625,0.1667,0.2222,0,0,0.0556,0,0,0.05,0,0.0909,0
"locus62",0,0.25,0.1,0,0.2857,0.3333,0.1111,0.0455,0,0.3,0,0.3889,0.0625,0.0833,0,0,0,0,0.25,0.0556,0,0.1,0.0455,0.1667
"locus63",0.0417,0,0,0.0455,0,0,0,0.0455,0.125,0,0,0,0.25,0,0.0556,0.1667,0.0625,0,0,0,0.05,0,0.0455,0
"locus64",0,0,0.25,0.0455,0,0.0417,0.1667,0.0909,0.0625,0,0,0,0,0.2083,0.1667,0.1667,0.125,0,0,0,0.1,0.35,0,0.125
"locus65",0,0,0,0,0.2143,0.0833,0,0.0455,0.0625,0.15,0,0,0,0,0,0,0.0625,0,0,0.0556,0,0,0.1818,0
"locus66",0.4583,0,0.05,0.3636,0.0714,0.0833,0.2778,0.0455,0.25,0,0.375,0.1111,0.0625,0.0833,0.4444,0.3333,0.0625,0.2222,0.0833,0.5,0.45,0.1,0.4545,0.2917
"locus67",0.4583,0.5,0,0.3182,0.4286,0.2917,0.3333,0,0.125,0.35,0.4375,0.1667,0,0.0417,0.1111,0.1667,0.0625,0.1667,0.0833,0.3333,0.35,0,0.3636,0.25
"locus68",0.0417,0,0,0,0.2857,0.3333,0.1111,0,0,0,0,0,0,0,0,0,0,0,0.0833,0,0,0,0.1818,0.125
"locus69",0,0,0,0,0.3571,0,0.3889,0,0,0,0,0,0,0,0,0,0,0,0.25,0.0556,0,0,0.2273,0.4583
"locus70",0.3333,0.4375,0.15,0.3636,0.5,0.5,0.5,0.1364,0.3125,0.45,0.4375,0.2778,0.375,0.1667,0.2778,0.3333,0.1875,0.3889,0.3333,0.3333,0.45,0.3,0.1364,0.2917
"locus71",0.0833,0,0.05,0,0,0.125,0,0.0455,0.0625,0,0,0,0,0.0417,0.0556,0,0.3125,0.0556,0,0,0,0.05,0.0455,0
"locus72",0.0833,0.4375,0.15,0.0909,0.0714,0.375,0.0556,0.3182,0.125,0.4,0.3125,0.1667,0.25,0.375,0,0,0.3125,0.2778,0.3333,0.0556,0.15,0.2,0.1364,0.2083
"locus73",0.0417,0,0.25,0,0,0,0.1667,0.1364,0,0.05,0,0,0,0,0,0.1667,0.0625,0.0556,0,0,0,0,0,0.0417
"locus74",0.0417,0.125,0.05,0.1818,0,0.0417,0,0.0455,0,0,0,0,0,0.125,0.1667,0.3333,0,0.1111,0,0,0,0.05,0.0455,0.0417
"locus75",0.4167,0.1875,0.1,0.3182,0.1429,0.375,0.1111,0.2273,0.1875,0.05,0.125,0,0.125,0.2917,0.2222,0.3333,0.0625,0.1111,0.1667,0.1111,0.3,0.3,0.2727,0.1667
"locus76",0.125,0.3125,0.05,0,0.1429,0.4167,0.4444,0.1364,0.3125,0.3,0.25,0.1667,0.125,0,0.1111,0,0.0625,0.2778,0,0.0556,0.1,0.05,0.0455,0.25
"locus77",0.0417,0.125,0.05,0,0,0.2083,0.0556,0,0,0.15,0,0.3333,0,0.0833,0.0556,0,0.125,0,0,0,0,0.05,0.0455,0.125
"locus78",0.0417,0.1875,0,0,0.1429,0.2083,0,0,0.1875,0.3,0,0.2778,0.0625,0,0,0.1667,0,0.0556,0.1667,0,0.05,0.05,0,0.0417
"locus79",0,0.125,0.15,0,0,0.0417,0.0556,0.1818,0,0.05,0.0625,0.0556,0.3125,0.125,0,0,0.375,0.1667,0,0.0556,0.05,0,0.0455,0.125
"locus80",0.0417,0,0.15,0,0,0,0,0.0455,0,0.05,0.0625,0.1111,0.1875,0.125,0,0.1667,0,0,0.0833,0,0,0,0.0455,0
"locus81",0.0833,0.0625,0.3,0.0909,0,0.0833,0.1667,0.3636,0.0625,0.05,0.0625,0,0.375,0.3333,0.0556,0,0.375,0.5,0.1667,0.1111,0.1,0.25,0.0455,0.0417
"locus82",0,0,0,0.0909,0,0,0,0,0,0,0,0,0.0625,0,0,0,0,0,0,0.3889,0,0,0,0
"locus83",0,0.0625,0.1,0.0455,0.1429,0,0,0.1364,0,0.05,0,0.0556,0,0.0833,0,0,0,0,0.0833,0,0,0.05,0.0455,0
"locus84",0.4167,0.3125,0.25,0.4545,0.0714,0.1667,0.4444,0.0455,0.25,0.2,0.4375,0,0.3125,0.1667,0.2778,0.3333,0.3125,0.2778,0.1667,0.5,0.5,0.15,0.4545,0.3333
"locus85",0,0,0,0,0,0,0,0,0,0,0,0.1667,0,0.0417,0.1667,0,0,0.1667,0,0,0,0,0,0
"locus86",0,0,0,0,0.0714,0.0417,0.1111,0.1364,0,0,0,0,0,0,0,0.3333,0.0625,0.2778,0,0.0556,0,0,0.1364,0.2083
"locus87",0,0.125,0,0.0455,0.0714,0,0,0.0455,0.0625,0,0,0,0,0.0417,0.0556,0,0.0625,0,0.0833,0,0.15,0,0.0455,0
"locus88",0,0,0.35,0.2273,0,0.2083,0.0556,0.3636,0,0.15,0.0625,0.0556,0.1875,0.25,0,0,0.125,0.1667,0.1667,0.0556,0.1,0.2,0.0455,0.1667
"locus89",0,0.125,0,0,0,0.125,0.0556,0,0.1875,0,0,0,0,0,0.1667,0,0.0625,0,0,0,0,0.1,0,0.1667
"locus90",0,0,0,0,0.4286,0.0833,0.2778,0.0455,0,0,0.0625,0,0,0.0833,0,0.1667,0.0625,0,0.1667,0.0556,0.05,0,0.1818,0.4583
"locus91",0.0833,0,0,0.1364,0,0,0,0,0.0625,0.05,0,0,0,0.0417,0,0,0.0625,0,0,0,0.05,0.05,0.0455,0.0417
"locus92",0.2917,0.1875,0.45,0.3636,0.1429,0.1667,0.2222,0.4545,0.3125,0.2,0.5,0,0.125,0.4167,0.2778,0.3333,0.4375,0.5,0.5,0.1667,0.5,0.35,0.0909,0.2917
"locus93",0.25,0.375,0.1,0.1364,0.3571,0.375,0.3889,0.1364,0.3125,0.3,0.3125,0.3889,0.1875,0.2083,0.0556,0,0.1875,0.1667,0.1667,0.0556,0.1,0.35,0.2727,0.5
"locus94",0,0.1875,0.25,0.0455,0,0.2083,0.0556,0.1364,0.0625,0.45,0.125,0.3889,0.125,0.0417,0,0,0.0625,0.1111,0.0833,0.3889,0,0,0.0455,0.1667
"locus95",0.0833,0.0625,0.05,0,0,0,0,0,0,0.05,0.1875,0,0.0625,0,0,0,0,0,0.0833,0.0556,0.1,0,0,0.0417
"locus96",0.3333,0.4375,0.2,0.3636,0.2143,0.375,0.4444,0.2273,0.4375,0.4,0.125,0.2222,0.1875,0.125,0.3889,0.3333,0.3125,0.3333,0.4167,0.1667,0.4,0.35,0.4545,0.125
"locus97",0.5,0.25,0.4,0.3636,0.0714,0.2083,0.2222,0.2727,0.0625,0.2,0.25,0.0556,0.25,0.5,0.4444,0.5,0.375,0.3889,0.25,0.1111,0.5,0.4,0.3636,0.2917
"locus98",0,0.125,0.05,0,0,0.0417,0.0556,0.0909,0,0,0.0625,0.0556,0.125,0.0417,0,0.1667,0.1875,0.0556,0,0.0556,0.1,0.05,0,0.2083
"locus99",0,0,0,0.1364,0,0,0.0556,0,0,0.05,0.1875,0,0,0,0,0,0,0.1111,0.1667,0,0.05,0.05,0,0
"locus100",0,0,0.05,0.0455,0.3571,0.2083,0.4444,0.0455,0,0,0.125,0,0.0625,0.0417,0,0.1667,0.125,0.0556,0.25,0.0556,0.1,0.15,0.3182,0.5
"locus101",0.3333,0.4375,0.05,0.3636,0.3571,0.3333,0.3333,0.2273,0.3125,0.3,0.375,0.2778,0.125,0.0833,0.2222,0.1667,0.125,0.2222,0.25,0.1111,0.3,0.3,0.2727,0.5
"locus102",0.125,0,0.3,0.1364,0.0714,0,0,0.1818,0,0.1,0,0,0.125,0.0417,0.1111,0.3333,0.0625,0.0556,0,0.0556,0.05,0.1,0.1364,0.125
"locus103",0.4583,0.0625,0.45,0.4091,0,0.125,0.2222,0.3636,0.5,0.15,0.25,0.0556,0.3125,0.2917,0.3333,0,0.375,0.4444,0.25,0.3333,0.35,0.05,0.3182,0.25
"locus104",0.25,0.375,0.2,0.0455,0.5,0.3333,0.3333,0.0455,0.4375,0.45,0.1875,0.3889,0.125,0.0833,0.1667,0.1667,0.0625,0.1667,0.1667,0.2778,0.15,0.25,0,0.25
"locus105",0.1667,0.125,0,0.2273,0.0714,0.0833,0.0556,0.0455,0.125,0.1,0,0.1111,0.0625,0,0.2222,0,0.0625,0.0556,0,0.1111,0.2,0.15,0.3636,0.0417
"locus106",0.3333,0.25,0.2,0.1364,0,0.1667,0.1111,0.2727,0.125,0.05,0.0625,0,0.25,0.3333,0.1667,0.3333,0.25,0.1667,0.25,0.1111,0.3,0.2,0.1818,0.0417
"locus107",0.2917,0.0625,0,0.0909,0,0,0,0.0909,0.375,0.05,0.0625,0.0556,0.1875,0.0417,0.4444,0,0.1875,0,0.1667,0.1111,0.05,0.15,0,0
"locus108",0,0,0.05,0,0,0,0,0.0909,0.0625,0.2,0,0,0.0625,0.1667,0,0,0.0625,0,0.1667,0,0.05,0,0,0
"locus109",0,0,0,0.0909,0.1429,0.0833,0,0.0909,0.0625,0.45,0,0.4444,0.1875,0.0417,0,0,0,0,0.0833,0,0,0,0,0
"locus110",0,0.25,0.1,0.4091,0,0,0,0,0,0,0,0.0556,0,0.125,0,0,0.0625,0.0556,0.25,0,0.05,0.05,0.0455,0.0833
"locus111",0.0833,0,0.1,0,0.0714,0.0833,0.1111,0.0909,0,0,0.0625,0.0556,0,0.125,0.0556,0.1667,0,0.3333,0.1667,0,0,0,0.0455,0
"locus112",0.3333,0,0,0.0909,0,0,0,0,0,0,0,0,0,0,0.3889,0,0.0625,0,0,0.0556,0.25,0.1,0.0909,0
"locus113",0.0833,0.0625,0.05,0.0455,0.0714,0.1667,0.1111,0,0,0,0.0625,0,0,0.0833,0.0556,0.3333,0.1875,0,0.1667,0,0.05,0,0.1364,0.0417
"locus114",0.25,0,0.05,0.1364,0,0,0.0556,0.0909,0.0625,0.05,0.0625,0,0.0625,0.0833,0,0.1667,0.125,0.2222,0.0833,0,0.15,0.05,0.0455,0
"locus115",0.0833,0.3125,0.2,0.1818,0.4286,0.2917,0.2778,0.3636,0.125,0.45,0.0625,0.3889,0.125,0.25,0.2778,0.3333,0.1875,0.2778,0.4167,0,0.05,0.35,0.0909,0.125
"locus116",0,0,0.05,0.2727,0,0.0833,0.0556,0,0,0.05,0,0,0.125,0.0833,0,0.1667,0,0.2222,0,0,0,0.1,0,0
"locus117",0.0833,0.0625,0,0.0455,0,0,0.1667,0,0,0,0.1875,0,0,0.2917,0,0,0,0,0.4167,0,0,0.05,0.2273,0.0417
"locus118",0,0,0.05,0.0909,0,0.0417,0,0,0.125,0,0,0,0.125,0,0.0556,0,0,0,0.0833,0,0.25,0,0.0455,0
"locus119",0.1667,0,0.15,0.0909,0.1429,0.1667,0,0.1818,0,0.05,0,0.0556,0.25,0.2083,0.1667,0,0.125,0,0.25,0.1111,0.1,0.15,0.0455,0.0417
"locus120",0.0417,0,0.1,0.3636,0,0,0,0,0,0.1,0,0.0556,0.0625,0.125,0.2778,0,0,0.1111,0.0833,0,0.05,0,0.1364,0
"locus121",0.125,0.5,0.5,0.0455,0.2143,0.5,0.4444,0.3636,0.375,0.4,0.4375,0.3333,0.25,0.4583,0.1667,0.1667,0.4375,0.2222,0.25,0.1111,0.2,0.25,0.2273,0.4583
"locus122",0,0,0.15,0.0455,0,0.1667,0,0.3182,0.375,0,0.125,0.0556,0,0.0417,0,0,0.125,0,0,0,0.05,0.05,0,0
"locus123",0,0,0.05,0,0,0,0,0.0909,0,0,0,0,0.0625,0.1667,0,0,0.0625,0,0.25,0,0,0,0,0
"locus124",0.125,0.0625,0.05,0.1818,0.2143,0.4167,0.0556,0,0.1875,0.3,0.0625,0.3889,0.125,0.1667,0,0,0.0625,0.1667,0,0.2222,0.15,0.15,0.1818,0.125
"locus125",0.4583,0.3125,0.45,0.1364,0.5,0.4167,0.1111,0.4545,0.125,0.3,0.3125,0.3889,0.375,0.4167,0.2778,0.3333,0.4375,0.3333,0.25,0.3333,0.15,0.05,0.4545,0.3333
"locus126",0,0,0.05,0,0,0,0,0.2273,0,0,0,0,0,0,0,0,0,0,0.1667,0,0.05,0.05,0,0.0417
"locus127",0.375,0.3125,0.45,0.3636,0.2857,0.4583,0.2778,0.4091,0.25,0.25,0.4375,0.2222,0.5,0.4167,0.1111,0.1667,0.5,0.4444,0.25,0.2222,0.45,0.5,0.5,0.4167
"locus128",0.1667,0,0,0.1818,0,0.0417,0,0.0455,0,0.05,0,0.1111,0,0,0.0556,0,0,0,0,0.0556,0.05,0.1,0,0
"locus129",0.0833,0,0.05,0,0,0,0.0556,0,0,0,0.0625,0,0,0.0417,0.1111,0.1667,0,0,0.0833,0.0556,0.05,0.05,0,0
"locus130",0,0.25,0,0,0,0.25,0,0.0455,0,0.3,0,0.3889,0.0625,0.0417,0,0,0,0,0,0.2778,0,0,0,0
"locus131",0.4583,0.3125,0.25,0.4091,0.1429,0.2917,0.1111,0.4091,0.4375,0.15,0.4375,0.0556,0.3125,0.25,0.2778,0.3333,0.3125,0.2778,0.4167,0.1667,0.25,0.15,0.2727,0.2083
"locus132",0,0,0,0.0909,0,0.0833,0.0556,0.1364,0,0.2,0,0.1111,0.0625,0.0417,0,0,0.125,0,0,0,0.05,0.05,0,0.0833
"locus133",0,0.0625,0.05,0,0.0714,0.125,0.0556,0.1364,0.125,0.15,0.1875,0.1667,0,0.1667,0,0.1667,0.0625,0.1111,0.1667,0,0.1,0.1,0.0455,0.125
"locus134",0.0833,0.125,0.4,0.2727,0,0.125,0,0.1364,0,0.4,0.25,0.1111,0,0.25,0.1111,0,0.375,0.1111,0,0.3333,0.15,0.05,0.0909,0
"locus135",0.0833,0.125,0,0.1818,0.2857,0.375,0.1111,0.2273,0.125,0.3,0,0.2778,0,0.25,0.0556,0.1667,0.125,0,0.1667,0.1111,0.25,0.15,0.0909,0.25
"locus136",0.5,0.5,0.45,0.4091,0.2143,0.375,0.4444,0.4545,0.375,0.4,0.4375,0.2222,0.4375,0.4167,0.1667,0.3333,0.5,0.4444,0.3333,0.5,0.45,0.5,0.4545,0.2917
"locus137",0.125,0,0,0,0,0,0,0,0.1875,0.05,0.0625,0,0,0,0.1667,0,0,0.0556,0.1667,0,0.05,0,0,0
"locus138",0.25,0.125,0.3,0.2727,0,0.0417,0.1667,0.2727,0.1875,0.2,0.0625,0,0.25,0.375,0.2778,0.5,0.4375,0.1667,0.1667,0.1111,0.1,0.1,0.1364,0.125
"locus139",0,0.0625,0.05,0,0,0.0833,0.2778,0,0,0.05,0.1875,0,0,0.0833,0,0,0,0,0.0833,0,0.25,0.2,0.0909,0.0417
"locus140",0.0417,0,0,0,0,0,0,0,0,0,0,0,0,0,0.2222,0.1667,0.0625,0,0,0,0.05,0,0.1818,0
"locus141",0.1667,0.3125,0.15,0.4091,0.4286,0.5,0.1111,0.3636,0.1875,0.3,0.125,0.3889,0.1875,0.2917,0.1667,0.5,0.25,0.1111,0.0833,0.4444,0.35,0.35,0.2727,0.1667
"locus142",0,0.0625,0.15,0,0.2143,0.3333,0.5,0.0455,0,0.05,0.3125,0,0.125,0.0417,0,0,0.3125,0.1111,0.25,0.3889,0.15,0.05,0.5,0.4583
"locus143",0,0.375,0,0.0455,0.2143,0.375,0.1111,0.0909,0.4375,0.45,0,0.5,0.125,0.0417,0.2222,0.1667,0.0625,0.2778,0.0833,0,0.05,0.15,0.0909,0
"locus144",0.0833,0.125,0,0.0909,0.0714,0.0833,0,0,0.0625,0.25,0.0625,0.0556,0.125,0.0833,0,0,0.0625,0.1111,0,0,0.1,0,0,0.0833
"locus145",0.1667,0.4375,0.05,0.1818,0.1429,0.4167,0,0.1364,0.375,0.2,0.0625,0.3889,0.125,0.0417,0.3889,0,0.125,0.4444,0,0.3889,0.4,0,0.0455,0.0417
"locus146",0.0417,0,0,0.0455,0,0.125,0,0,0.0625,0,0.0625,0,0.0625,0,0,0,0.0625,0.0556,0,0.1667,0.05,0,0.1364,0
"locus147",0,0,0.25,0,0,0,0.0556,0.2727,0,0,0,0,0.0625,0.1667,0,0,0.1875,0,0,0,0,0.1,0.1364,0.0833
"locus148",0.0417,0.125,0,0.0909,0.0714,0.0417,0.1111,0.0909,0,0.05,0.0625,0,0.0625,0.0417,0.1111,0,0.0625,0,0,0,0.1,0.25,0,0.0417
"locus149",0.0417,0.25,0.05,0.0455,0.2857,0.1667,0,0,0,0.5,0.125,0.2222,0,0,0,0,0.125,0.1111,0,0,0,0.3,0,0.0833
"locus150",0.4167,0.25,0.35,0.2727,0,0,0.1111,0.4091,0.0625,0,0.5,0.1111,0.375,0.25,0.3889,0.3333,0.1875,0.4444,0,0.2222,0.45,0.05,0.2273,0
"locus151",0.25,0.5,0.25,0.2273,0.3571,0.375,0.4444,0.4545,0.5,0.5,0.375,0.3889,0.5,0.25,0.3889,0.3333,0.4375,0.3333,0.4167,0.0556,0.3,0.35,0.3636,0.4167
"locus152",0,0.1875,0,0.0455,0.1429,0.2083,0,0,0,0.3,0,0.0556,0.125,0.0417,0,0,0,0,0,0,0,0,0.2273,0.25
"locus153",0.2083,0.1875,0.45,0.0909,0.1429,0.2083,0.3889,0.4545,0.25,0.5,0.1875,0.1667,0.4375,0.375,0.2778,0.3333,0.4375,0.3889,0.4167,0.5,0.3,0.4,0.3636,0.0833
"locus154",0,0.0625,0,0.1364,0.1429,0.0417,0.1111,0,0,0.05,0,0.0556,0.0625,0.0417,0,0,0.0625,0.1111,0,0,0.05,0.15,0.2727,0.125
"locus155",0,0,0.05,0,0,0.0417,0.2222,0,0,0.1,0,0.1667,0,0.0417,0,0,0.0625,0,0.0833,0,0,0,0,0.0417
"locus156",0,0.0625,0,0.3182,0,0.0833,0,0,0,0,0,0.0556,0,0.0417,0,0,0,0,0,0,0,0,0,0
"locus157",0.0833,0,0.45,0.0455,0,0,0.0556,0.4091,0,0.05,0,0,0.1875,0.0417,0,0.1667,0.125,0.1111,0,0,0,0.05,0.0455,0
"locus158",0,0.0625,0,0.0455,0.0714,0,0.1111,0.1364,0.0625,0.05,0,0,0,0,0.0556,0,0.0625,0.2778,0,0,0,0,0.0455,0.25
"locus159",0,0.1875,0.15,0.0455,0,0,0,0.1364,0,0,0,0,0,0.1667,0,0,0.3125,0.0556,0,0,0,0.1,0,0
"locus160",0.2083,0.1875,0.1,0.1818,0,0.0417,0.2222,0.1818,0,0,0.0625,0,0,0.0417,0.1111,0,0.1875,0,0.0833,0,0,0.05,0.1364,0.25
"locus161",0,0.0625,0.1,0,0,0,0,0.0455,0,0,0,0,0,0.0833,0.0556,0.3333,0,0,0,0.2222,0.1,0,0,0
"locus162",0.375,0.1875,0.2,0.0909,0,0.0833,0.0556,0.4091,0.125,0.15,0.0625,0,0.25,0.4167,0.3333,0.3333,0.125,0.3333,0.0833,0.2222,0.4,0.3,0.3182,0
"locus163",0.0833,0.125,0.05,0,0,0,0.0556,0,0.125,0,0,0,0,0,0.2222,0,0,0.1667,0,0,0.05,0.05,0.0455,0
"locus164",0,0,0,0,0,0.25,0.0556,0,0,0,0,0,0,0,0,0,0.0625,0,0,0,0,0,0.1364,0.0833
"locus165",0.0833,0,0,0,0.0714,0,0.0556,0.0455,0.125,0.1,0.0625,0.0556,0,0,0.0556,0.1667,0.0625,0,0,0.0556,0,0,0,0
"locus166",0.125,0,0,0.1364,0,0.125,0,0,0.0625,0,0.0625,0,0,0.125,0.0556,0,0,0,0,0.1111,0.2,0.3,0.0455,0
"locus167",0.2083,0.0625,0.15,0.1818,0.2143,0.0417,0.0556,0.0909,0.125,0.05,0.0625,0.0556,0.125,0.0417,0.1111,0,0,0.0556,0,0,0.1,0.2,0.0455,0.0417
"locus168",0.0417,0,0,0.0455,0,0.0833,0,0,0,0,0.125,0.1111,0,0.0417,0,0,0,0,0,0,0.05,0,0,0
"locus169",0,0,0.05,0.0909,0,0,0,0.0909,0,0.05,0,0,0,0.125,0.1111,0,0.125,0,0,0.1111,0.15,0.15,0.0455,0
"locus170",0.125,0,0,0.1818,0,0,0,0,0,0,0.0625,0,0.0625,0,0,0,0,0,0,0.1111,0.25,0,0.0909,0
"locus171",0,0.25,0,0,0,0.2917,0.0556,0.0455,0.125,0.05,0,0,0,0,0,0,0,0,0,0.0556,0,0,0.1818,0.125
"locus172",0.0417,0.0625,0,0.1364,0,0,0.1667,0.0909,0.1875,0,0,0,0,0,0.1111,0,0.0625,0.0556,0,0,0,0.05,0.0455,0.0417
"locus173",0,0.125,0.05,0,0.0714,0,0.1667,0.0909,0,0.05,0,0.0556,0,0.0833,0,0,0,0.0556,0.0833,0.0556,0.05,0.05,0,0.0833
"locus174",0.25,0.375,0.45,0.4091,0.0714,0.2083,0.1667,0.4091,0.25,0.1,0.4375,0.0556,0.5,0.25,0.4444,0,0.5,0.4444,0,0.3889,0.45,0.4,0.4545,0.2917
"locus175",0,0.4375,0,0.0455,0.3571,0.3333,0,0,0.25,0.2,0,0.3333,0,0.0417,0,0.1667,0,0,0,0,0,0.05,0.0455,0.0833
"locus176",0.0417,0.125,0.3,0,0.1429,0,0.0556,0,0,0,0,0,0.0625,0.125,0,0,0.125,0.0556,0,0,0,0.1,0.0455,0.0833
"locus177",0,0.0625,0,0.1364,0.0714,0.25,0,0,0.375,0.05,0,0.0556,0.125,0.0833,0,0.1667,0.0625,0,0,0,0,0,0.0909,0.0833
"locus178",0.5,0.25,0.25,0.4545,0.2857,0.4583,0.1667,0.3182,0.3125,0.25,0.4375,0.4444,0.3125,0.25,0.4444,0.1667,0.3125,0.2778,0.4167,0.3333,0.3,0.25,0.1818,0.25
"locus179",0.3333,0.125,0.05,0.4091,0.0714,0.2083,0.0556,0.1364,0,0.15,0.125,0,0,0.1667,0.4444,0.5,0.125,0.0556,0,0.4444,0.35,0,0.3182,0.125
"locus180",0.125,0.125,0.05,0,0,0,0.1667,0,0,0,0.1875,0,0,0.0417,0.1667,0,0.0625,0,0,0.1111,0.05,0,0.0455,0
"locus181",0.0833,0.0625,0.1,0.1818,0,0.125,0,0.0455,0,0.2,0.0625,0.1111,0,0.125,0,0,0,0,0,0.3889,0.15,0,0.0909,0
"locus182",0.0417,0.0625,0.2,0,0.0714,0.0417,0,0.1364,0.125,0.05,0,0,0,0.0833,0,0,0.0625,0,0,0,0,0,0,0.2917
"locus183",0.0417,0.125,0.05,0.1364,0,0.0833,0.0556,0.1364,0,0,0.125,0,0.0625,0.0417,0,0,0.0625,0.0556,0.1667,0.1667,0.25,0.05,0.0455,0.125
"locus184",0,0.25,0.05,0.4091,0.3571,0.125,0.0556,0.0909,0.125,0.35,0,0.2778,0.1875,0.0833,0,0.1667,0,0,0.25,0,0.1,0,0.0455,0
"locus185",0.375,0.375,0.3,0.2273,0.4286,0.375,0.4444,0.3636,0.1875,0.4,0.4375,0.2222,0.4375,0.2917,0.5,0,0.125,0.2222,0.4167,0.0556,0.2,0.2,0.4091,0.4583
"locus186",0.0417,0.0625,0.1,0,0,0,0,0.0455,0,0,0,0,0.3125,0.125,0,0,0.125,0.0556,0,0,0,0.2,0,0
"locus187",0.0417,0,0,0.0909,0.0714,0.0417,0.0556,0.0909,0,0.05,0,0.1111,0.0625,0.125,0.0556,0,0.0625,0,0,0.1111,0,0.15,0.1364,0
"locus188",0.0417,0.0625,0,0.0455,0.1429,0.1667,0.0556,0,0.375,0,0,0,0,0.0833,0,0,0,0.0556,0,0,0.1,0.05,0,0.0833
"locus189",0,0.0625,0.1,0,0,0.0417,0.0556,0.1364,0,0,0,0.0556,0,0,0,0,0,0,0,0.0556,0,0,0,0.0417
"locus190",0.4583,0.1875,0.25,0.2273,0,0,0.2222,0.1818,0.1875,0.1,0.4375,0,0.375,0.2083,0.3889,0,0.375,0.2222,0.3333,0.5,0.35,0.4,0.4091,0.1667
"locus191",0.0417,0,0.15,0,0,0,0,0.1818,0.0625,0,0,0,0.0625,0.0417,0.2222,0.3333,0.0625,0.2222,0,0,0,0,0.1364,0.0417
"locus192",0,0.0625,0,0,0.1429,0.375,0.2222,0.0455,0,0,0.0625,0,0,0,0,0,0.0625,0,0,0,0.05,0.2,0.0455,0.125
"locus193",0.375,0.3125,0.3,0.3182,0.1429,0.375,0.3333,0.2273,0.3125,0.15,0.4375,0,0.3125,0.3333,0.3333,0,0.1875,0.1667,0.1667,0.1667,0.25,0.4,0.3182,0.25
"locus194",0.25,0.4375,0.35,0.4545,0.2143,0.375,0.4444,0.3182,0.5,0.45,0.3125,0.1667,0.25,0.2083,0.3333,0.1667,0.1875,0.3889,0.25,0.2778,0.15,0.45,0.1818,0.2083
"locus195",0,0.1875,0.05,0,0.0714,0.0417,0.0556,0,0,0,0,0,0,0,0,0,0,0.1111,0.0833,0,0,0.05,0,0.0417
"locus196",0,0.3125,0,0,0.2857,0.3333,0.4444,0,0.125,0.45,0,0.5,0.0625,0.0833,0,0,0.0625,0,0.4167,0.0556,0.1,0,0.0909,0.4167
"locus197",0.5,0.1875,0.05,0.3636,0,0.0417,0.2222,0.3636,0.4375,0.1,0.3125,0,0.5,0.2083,0.4444,0.3333,0.25,0.2222,0.25,0.5,0.3,0.15,0.3636,0.4167
"locus198",0.0417,0,0,0,0,0.0417,0,0,0.125,0,0,0,0,0,0.1667,0,0,0,0.0833,0,0.05,0,0.1818,0.0417
"locus199",0.1667,0,0,0.0455,0,0,0,0.0455,0.125,0.05,0.0625,0,0.0625,0,0.1667,0,0,0.0556,0,0.1111,0,0,0.4091,0.125
"locus200",0.2917,0.5,0.45,0.4545,0,0.2083,0.3889,0.3636,0.0625,0.15,0.125,0.0556,0.375,0.2917,0.1667,0.5,0.4375,0.1667,0.5,0.5,0.45,0.3,0.4545,0.375
"locus201",0.375,0.5,0.45,0.3636,0,0.25,0.2778,0.4091,0.5,0.3,0.4375,0.0556,0.5,0.5,0.4444,0.5,0.375,0.2778,0.1667,0.3333,0.4,0.45,0.0909,0
"locus202",0.0417,0.0625,0,0.1818,0,0.0417,0.0556,0,0,0,0,0,0.1875,0,0.1667,0,0.125,0,0,0.0556,0.05,0,0,0.0833
"locus203",0.0833,0,0.1,0.0909,0.0714,0,0.1111,0.0909,0,0.05,0,0,0.0625,0.125,0,0,0.25,0,0,0.0556,0,0,0,0.0417
"locus204",0.0833,0.0625,0,0.0455,0.0714,0,0,0,0.0625,0.05,0.0625,0,0,0,0.1667,0.1667,0.125,0.1111,0,0.1111,0,0,0.2727,0
"locus205",0.5,0.0625,0.5,0.4545,0.2857,0.0417,0.1667,0.2727,0.1875,0.1,0.25,0,0.375,0.2083,0.2778,0.3333,0.4375,0.2778,0.1667,0.3889,0.5,0.35,0.1364,0.0833
"locus206",0.0833,0.0625,0.5,0.0455,0,0,0.1667,0.4545,0.0625,0.1,0.1875,0,0.4375,0.4583,0,0.1667,0.4375,0.2222,0.1667,0,0.05,0.5,0.0455,0.0417
"locus207",0,0,0.15,0,0,0,0,0.1364,0.1875,0,0,0,0.0625,0,0,0,0.0625,0.0556,0,0.1111,0,0.15,0,0
"locus208",0.2917,0.1875,0.45,0.2727,0.1429,0.0417,0.1667,0.5,0.25,0.15,0.4375,0.1111,0.375,0.375,0.3889,0.3333,0.375,0.5,0.4167,0.0556,0.45,0.35,0.4091,0.25
"locus209",0.0417,0.1875,0,0,0.0714,0.1667,0,0.0455,0.3125,0.4,0.125,0.3333,0,0.0833,0.0556,0,0,0.1111,0,0.0556,0.05,0.05,0,0
"locus210",0.375,0.375,0.45,0.2727,0.5,0.375,0.2222,0.3182,0.5,0.25,0.3125,0.3889,0.4375,0.2917,0.4444,0.1667,0.375,0.4444,0.5,0.2778,0.15,0.4,0.4545,0.375
"locus211",0.25,0,0,0.0455,0,0,0,0,0,0.05,0,0,0.0625,0,0.2778,0,0,0,0,0.0556,0.2,0,0.0455,0
"locus212",0.2083,0.1875,0.05,0.1818,0.1429,0.0833,0.0556,0,0.125,0.15,0,0.1111,0,0.0417,0,0.1667,0,0,0.1667,0,0.2,0.05,0,0.125
"locus213",0.0417,0,0.15,0,0.0714,0,0,0.0455,0.0625,0.05,0.0625,0.0556,0.0625,0.0833,0,0,0.1875,0.0556,0,0,0,0.1,0,0
"locus214",0.1667,0.0625,0.05,0.0909,0.2857,0.125,0,0.1818,0,0,0,0,0.125,0.0417,0.1667,0,0,0.0556,0,0.0556,0.05,0.05,0.1364,0
"locus215",0.2083,0.5,0.25,0.1818,0.3571,0.5,0.1667,0.3636,0.5,0.4,0.375,0.2778,0.3125,0.25,0.5,0.3333,0.1875,0.3889,0.0833,0.4444,0.45,0.4,0.1818,0.375
"locus216",0,0.0625,0.05,0,0,0.1667,0.0556,0.0455,0,0,0.0625,0.0556,0,0.0417,0,0,0,0,0,0,0.05,0,0,0.125
"locus217",0,0,0,0,0,0,0.1111,0,0.375,0,0,0,0,0.0833,0,0,0.0625,0.1667,0,0,0.05,0,0,0
"locus218",0.0833,0,0,0.0909,0,0,0.0556,0.0909,0,0,0.0625,0,0.125,0.0417,0.1111,0,0.0625,0.0556,0,0,0,0,0.0909,0
"locus219",0.5,0.4375,0.4,0.3636,0.4286,0.5,0.3333,0.5,0.4375,0.4,0.3125,0.5,0.4375,0.4583,0.3889,0.3333,0.375,0.4444,0.5,0.2778,0.3,0.5,0.5,0.4167
"locus220",0.3333,0.5,0.45,0.2273,0.4286,0.2917,0.2778,0.2727,0.4375,0.25,0.125,0.3333,0.3125,0.375,0.1667,0.3333,0.4375,0.3889,0.4167,0.0556,0.35,0.25,0.2727,0.375
"locus221",0.2083,0,0.05,0.1364,0,0,0.0556,0,0,0,0.125,0,0,0.0417,0.0556,0.3333,0.0625,0,0,0.1111,0.1,0,0.0455,0.0833
"locus222",0.375,0.0625,0,0.4091,0,0.2917,0.0556,0.1364,0.0625,0.2,0.125,0.1667,0.125,0.0833,0.4444,0.1667,0.125,0.3333,0,0.3333,0.3,0.05,0.1364,0
"locus223",0.0417,0.0625,0,0,0,0,0.1111,0,0.125,0,0.0625,0,0,0,0.2222,0,0,0,0,0,0.05,0.05,0,0
"locus224",0.4583,0.25,0.4,0.4091,0.2143,0.3333,0.2222,0.0909,0.3125,0.25,0.4375,0.5,0.25,0.4583,0.2778,0.5,0.3125,0.2222,0.1667,0.4444,0.15,0.2,0.4545,0.125
"locus225",0.3333,0,0.2,0.0455,0,0,0.0556,0.3182,0,0,0,0.1111,0.1875,0.125,0.2222,0.1667,0.125,0.1111,0,0.3333,0.25,0.05,0.1818,0
"locus226",0,0,0.15,0,0,0.1667,0,0.0909,0,0.05,0.0625,0,0.1875,0.1667,0,0.1667,0,0.0556,0,0,0,0.05,0.0455,0
"locus227",0.0417,0.125,0.1,0.4545,0.0714,0.0833,0.0556,0.0455,0.125,0.05,0,0,0.0625,0,0,0.3333,0.125,0,0,0.3333,0,0.15,0.0455,0
"locus228",0,0.0625,0,0,0,0.1667,0.1111,0.0455,0.125,0.05,0.0625,0.1667,0.125,0.125,0,0,0,0,0,0,0.05,0.05,0.0455,0
"locus229",0,0.0625,0.15,0,0.1429,0.2083,0,0,0,0.25,0,0.3889,0,0.0833,0,0,0.0625,0,0.0833,0,0,0.05,0,0.125
"locus230",0.0417,0.0625,0.1,0.0909,0,0.0417,0,0.0455,0.0625,0.05,0.0625,0,0.0625,0.0833,0,0.1667,0.0625,0,0,0,0.1,0,0.0455,0
"locus231",0.25,0.125,0.05,0.1818,0.1429,0,0.2222,0,0.125,0,0,0,0.0625,0.0833,0.3889,0.1667,0.125,0,0,0.1667,0.2,0,0.1364,0.0417
"locus232",0.0417,0,0.1,0.0455,0.0714,0,0,0,0.125,0,0.0625,0.1111,0.125,0,0,0,0,0.0556,0,0,0.1,0,0.3182,0
"locus233",0.0417,0.4375,0.45,0,0.1429,0.4167,0,0.1818,0.25,0.3,0.0625,0.2778,0.1875,0.3333,0.2222,0.1667,0.3125,0.2778,0,0.1111,0.15,0.05,0,0.0417
"locus234",0.0833,0.3125,0.05,0.0455,0.2857,0.1667,0.2778,0.0909,0,0.2,0.375,0.2778,0.375,0.0833,0.1667,0,0.125,0.1667,0,0,0.1,0.2,0.4545,0.2083
"locus235",0.0833,0.0625,0.2,0.0909,0,0.125,0.0556,0.0909,0.125,0.15,0.125,0.0556,0.125,0.0833,0.2778,0.3333,0.125,0,0,0.1111,0.05,0.05,0.0909,0
"locus236",0,0.0625,0,0,0.1429,0,0.4444,0.0455,0,0.3,0,0.1111,0,0.0417,0,0.1667,0.0625,0,0.0833,0,0,0.05,0.0455,0.4167
"locus237",0,0,0.05,0.0909,0.0714,0.5,0.4444,0.0455,0,0,0.3125,0,0,0.0833,0,0.1667,0.1875,0.0556,0.0833,0.1667,0,0.05,0.2727,0.2917
"locus238",0.4167,0.375,0.25,0.5,0,0.125,0.2222,0.4091,0.375,0.1,0.3125,0,0.4375,0.4167,0.2778,0.3333,0.3125,0.2222,0.0833,0.4444,0.5,0.3,0.2727,0.0833
"locus239",0.2083,0,0,0,0.0714,0.0833,0,0.1364,0,0,0,0,0.4375,0.0833,0,0.1667,0.0625,0.1667,0,0,0.05,0.05,0,0
"locus240",0,0.0625,0.05,0,0,0,0,0.1818,0,0,0,0,0.0625,0.1667,0.0556,0,0,0,0.0833,0,0,0.15,0,0
"locus241",0.0833,0.25,0.15,0.0909,0.0714,0.125,0,0.1818,0.375,0.05,0.0625,0.0556,0,0.0833,0.0556,0.1667,0.375,0.1667,0.0833,0.1111,0.15,0.1,0.0455,0.125
"locus242",0.125,0,0,0.0455,0,0,0,0.0455,0,0.05,0,0,0,0,0,0,0,0,0.1667,0,0,0.15,0.0455,0
"locus243",0.3333,0.5,0.35,0.2727,0.2857,0.2083,0.3333,0.4545,0.25,0.4,0.1875,0.3333,0.25,0.2917,0.3889,0.3333,0.25,0.2778,0.3333,0.4444,0.45,0.35,0.4091,0.3333
"locus244",0.125,0,0.2,0,0,0,0,0.1364,0.125,0.05,0.0625,0,0,0.1667,0,0,0.0625,0.0556,0,0.0556,0.05,0.1,0.2273,0
"locus245",0.0833,0.125,0.1,0.0455,0.1429,0.4167,0.1111,0.2273,0,0,0,0,0.125,0.2083,0,0,0.125,0.1111,0.0833,0,0.1,0.05,0.0909,0.125
"locus246",0,0.1875,0.2,0,0.3571,0.125,0.3889,0,0,0.05,0.125,0,0.1875,0.125,0,0,0.125,0,0.0833,0,0.05,0.2,0.0909,0.3333
"locus247",0.0833,0.3125,0.45,0.2273,0.2857,0.4167,0.0556,0.3636,0.4375,0.4,0.3125,0.4444,0.3125,0.4167,0.2222,0.5,0.4375,0.1667,0,0.5,0.25,0.4,0.1364,0.1667
"locus248",0.1667,0.25,0.2,0.1364,0.5,0.25,0.2222,0.0909,0.1875,0.25,0.0625,0.2222,0.0625,0.25,0,0,0.125,0.2778,0.25,0,0.2,0.1,0.1818,0.2083
"locus249",0.0833,0.125,0.1,0.2273,0.1429,0.125,0.1667,0.0909,0.0625,0,0.25,0.0556,0.1875,0.125,0.1111,0.1667,0.125,0.0556,0.0833,0.2222,0.1,0.45,0.0455,0.2083
"locus250",0.4583,0.25,0.4,0.4091,0.3571,0.2917,0.3333,0.4091,0.4375,0.5,0.4375,0.4444,0.375,0.5,0.5,0.5,0.4375,0.5,0.5,0.3889,0.4,0.4,0.2273,0.5
"locus251",0.0833,0.0625,0.1,0,0.0714,0.0833,0.1667,0,0,0.1,0,0.0556,0.0625,0,0.0556,0,0,0,0,0.1111,0.05,0,0.0909,0.0833
"locus252",0.0833,0.1875,0.15,0.2273,0,0.0833,0,0.0455,0.3125,0.05,0,0,0.125,0.125,0.1111,0,0,0.1111,0.1667,0.0556,0.1,0.15,0.0909,0.0833
"locus253",0.0417,0,0.05,0.0455,0.0714,0.1667,0,0.0455,0,0.1,0.125,0,0,0.0833,0,0,0.0625,0,0.0833,0,0,0.1,0.0909,0
"locus254",0.125,0.3125,0,0.4091,0.0714,0.375,0.2222,0,0.3125,0.15,0.0625,0,0,0.0833,0,0,0.0625,0,0.0833,0.1111,0.5,0.15,0.0455,0.3333
"locus255",0,0,0,0,0,0,0,0.0909,0,0,0,0,0,0,0,0,0,0.1667,0,0.0556,0.05,0.1,0.0455,0
"locus256",0.4583,0.4375,0.4,0.3182,0.0714,0.1667,0.1667,0.5,0.5,0.15,0.375,0.1667,0.5,0.4167,0.2778,0.3333,0.4375,0.4444,0.3333,0.2778,0.45,0.4,0.4091,0.125
"locus257",0,0,0.15,0,0,0,0,0.2273,0,0,0,0,0.125,0.125,0,0,0,0,0,0,0,0,0,0.0417
"locus258",0.1667,0.0625,0.2,0.0909,0,0.0417,0,0.0455,0,0,0.25,0,0.4375,0.0833,0.0556,0.1667,0.125,0.1667,0.0833,0.0556,0,0.25,0.0455,0
"locus259",0.0833,0.0625,0.15,0.0909,0.0714,0.0833,0.0556,0.1818,0,0,0.125,0,0.1875,0.125,0.0556,0,0.125,0.0556,0,0,0.15,0.25,0,0.0417
"locus260",0.125,0,0.05,0,0.2143,0.125,0.1111,0.0455,0,0.05,0.125,0,0.0625,0.0417,0.0556,0,0.25,0.1111,0.1667,0.1667,0.05,0.1,0.0455,0.4583
"locus261",0.0417,0.0625,0,0,0.0714,0,0.1667,0,0.0625,0,0,0.1667,0,0,0,0,0,0,0,0.0556,0.05,0,0,0.0417
"locus262",0,0.3125,0,0,0.0714,0.125,0,0,0,0.3,0,0.2222,0,0,0,0,0,0,0,0,0,0,0.0455,0
"locus263",0,0,0.25,0,0,0,0,0.3182,0,0,0,0,0,0.125,0,0,0,0.1111,0.0833,0,0,0.05,0,0
"locus264",0.4167,0.25,0.45,0.4545,0.2857,0.1667,0.5,0.3636,0.4375,0.15,0.5,0.0556,0.5,0.5,0.3889,0.5,0.5,0.5,0.25,0.5,0.45,0.35,0.4091,0.4583
"locus265",0.0417,0.0625,0.1,0.1818,0.0714,0.0417,0,0.0455,0,0.05,0.1875,0,0.1875,0.125,0,0,0.1875,0,0.0833,0,0.1,0.05,0,0
"locus266",0,0.25,0.05,0,0,0.1667,0.0556,0.0455,0,0.1,0,0,0.0625,0.0417,0.0556,0,0,0,0,0,0,0,0,0
"locus267",0,0,0,0,0,0,0,0,0,0.2,0,0.2778,0,0,0,0,0,0.0556,0.1667,0,0,0,0,0
"locus268",0.0417,0,0,0.0455,0,0.0833,0,0,0,0.1,0,0,0,0.0417,0.0556,0,0,0.0556,0,0,0,0,0.0455,0
"locus269",0.1667,0.125,0,0,0,0,0,0,0.1875,0.05,0,0,0.1875,0.125,0,0.1667,0,0.0556,0.0833,0.2222,0,0.05,0.0455,0
"locus270",0.125,0.375,0.3,0.2727,0,0.4583,0.2778,0.1364,0.3125,0.15,0.25,0.0556,0.1875,0.5,0.1667,0.5,0.375,0.2778,0.3333,0.5,0.4,0.45,0.4091,0.2917
"locus271",0.3333,0.1875,0.35,0.3636,0.3571,0.1667,0.3333,0.1818,0.25,0.2,0.375,0,0.0625,0.3333,0.1667,0.3333,0.3125,0.3333,0.3333,0,0.15,0.35,0.5,0.2917
"locus272",0,0.0625,0,0,0,0,0.0556,0,0.0625,0.05,0.0625,0,0,0.0417,0.0556,0,0,0,0.1667,0,0,0.1,0.0909,0.125
"locus273",0.0417,0.0625,0.25,0.2273,0.0714,0.0833,0.0556,0.0455,0.125,0.5,0.0625,0.2222,0.25,0.2083,0.1667,0.1667,0.0625,0.1667,0.0833,0.0556,0.05,0.2,0.0455,0.0833
"locus274",0.0833,0.25,0,0.0455,0,0,0,0.0455,0,0,0,0,0.125,0,0,0,0,0,0,0,0,0,0,0
"locus275",0.0833,0.3125,0.2,0.4545,0.2143,0.375,0.2778,0.2727,0.0625,0.1,0.3125,0.2778,0.0625,0.4167,0,0,0.3125,0.0556,0.25,0.1667,0.15,0.4,0.0909,0.5
"locus276",0.0833,0.0625,0,0,0,0,0,0,0,0,0.0625,0,0.0625,0.0417,0.1111,0,0.1875,0.0556,0,0,0.05,0.05,0,0
"locus277",0,0.125,0.1,0,0,0.0417,0,0.1364,0,0.05,0,0,0.125,0,0,0,0.125,0.2778,0,0,0,0.05,0.0455,0.125
"locus278",0.2083,0.0625,0.05,0.1364,0,0,0.0556,0.1818,0.0625,0.05,0,0,0.25,0.0833,0,0.3333,0,0.1111,0,0,0.05,0.1,0,0
"locus279",0.2083,0,0.05,0,0,0,0,0,0,0,0,0,0.25,0,0,0,0.125,0.1111,0,0.3333,0,0.1,0.0909,0.0417
"locus280",0.2083,0.3125,0.35,0.2727,0.0714,0.125,0.1111,0.3182,0.25,0.25,0,0.0556,0.25,0.3333,0.0556,0.3333,0.375,0.2222,0,0.1111,0.3,0.5,0.1818,0.0417
"locus281",0,0.0625,0.05,0,0,0.0417,0.1667,0,0,0,0,0.1111,0.0625,0.0417,0,0,0,0,0,0,0,0,0,0.0833
"locus282",0,0.1875,0,0,0,0.0417,0,0,0.125,0.1,0,0.2222,0,0,0,0.1667,0,0,0,0.0556,0,0,0.0909,0
"locus283",0.25,0.125,0.3,0.4091,0,0.0833,0.1667,0.3636,0.1875,0.15,0.3125,0,0.375,0.375,0.1667,0.3333,0.375,0.4444,0.3333,0.1667,0.45,0.3,0.3182,0.125
"locus284",0,0,0.15,0,0,0,0,0.1364,0,0,0,0,0,0,0,0,0.1875,0,0,0,0,0.15,0,0
"locus285",0.375,0.125,0.05,0.3636,0.2143,0.0833,0,0.1818,0.3125,0.2,0,0.1667,0.4375,0.1667,0.3889,0.1667,0.0625,0.1667,0,0.3889,0.1,0.1,0.5,0.0417
"locus286",0.2083,0.0625,0.15,0.0455,0,0.125,0.1667,0.1818,0,0.15,0.125,0,0.125,0.1667,0.2222,0,0.1875,0.3333,0.1667,0.5,0.05,0.15,0.1364,0
"locus287",0,0,0.15,0,0,0,0.1111,0,0,0.05,0,0,0,0.2083,0,0,0.1875,0,0,0,0,0,0,0
"locus288",0,0.0625,0,0,0,0.125,0,0,0,0.25,0,0.3889,0,0,0,0,0.0625,0,0,0,0,0,0,0.0417
"locus289",0,0.125,0.05,0.0455,0,0,0,0.0455,0,0,0.1875,0,0.0625,0,0,0,0,0,0,0,0.1,0,0,0
"locus290",0.0417,0.1875,0.25,0,0,0.125,0,0.0455,0,0.1,0,0,0.4375,0.1667,0,0.1667,0.25,0.3333,0.0833,0,0,0.1,0,0.0417
"locus291",0.5,0.5,0.3,0.2727,0.3571,0.5,0.3889,0.5,0.3125,0.2,0.4375,0.2778,0.1875,0.375,0.4444,0.5,0.375,0.4444,0.3333,0.2778,0.45,0.5,0.4545,0.25
"locus292",0,0,0.05,0,0,0.0417,0,0.0455,0,0,0,0,0.0625,0,0.0556,0,0,0.0556,0,0,0,0.2,0,0
"locus293",0,0.3125,0.1,0,0.1429,0.0833,0,0.2273,0,0.05,0.1875,0,0.3125,0.125,0,0,0.125,0.1111,0,0.2222,0,0,0.0455,0.0833
"locus294",0.125,0,0.15,0,0,0.0417,0,0.0909,0,0.05,0,0,0,0.0417,0,0.1667,0,0,0,0,0,0.1,0.0455,0
"locus295",0.2083,0.125,0.15,0.4091,0.5,0.0417,0.3889,0.2273,0.4375,0,0.5,0,0.375,0.2083,0.2778,0,0.25,0.2222,0.3333,0.1111,0.25,0.35,0.4091,0.4167
"locus296",0.0833,0.125,0.2,0.2727,0,0,0.3889,0.0455,0,0.05,0.25,0.1111,0.375,0.25,0.2222,0.1667,0.25,0.1667,0.0833,0.0556,0.2,0.3,0.1364,0.1667
"locus297",0,0,0.05,0,0,0,0.0556,0,0,0,0,0,0,0.0417,0,0,0,0.4444,0,0,0.05,0,0,0.0417
"locus298",0.1667,0,0,0.0455,0,0,0,0.0455,0,0,0,0,0,0.0417,0.1667,0,0.0625,0,0,0,0.25,0.05,0.0455,0
"locus299",0.0417,0.125,0.15,0.0455,0,0.0417,0,0.0909,0,0,0.0625,0.0556,0.0625,0.125,0,0.1667,0.125,0,0.1667,0.1111,0,0.2,0.0455,0.0417
"locus300",0.125,0,0.1,0.0909,0,0.0833,0.0556,0.2727,0,0,0.0625,0,0.0625,0.2917,0.0556,0.1667,0.25,0.0556,0.0833,0,0.3,0.3,0.1818,0
"locus301",0.0833,0.125,0.15,0,0.2857,0.375,0.1111,0.1818,0.0625,0,0.0625,0.0556,0.125,0.125,0,0,0.375,0,0,0,0.1,0.15,0.2273,0.1667
"locus302",0.1667,0.4375,0.15,0.2727,0.2143,0.5,0.4444,0.2273,0.1875,0.3,0.5,0.3333,0.125,0.0833,0.2778,0.1667,0.125,0.1111,0.4167,0.1667,0.45,0.15,0.4091,0.3333
"locus303",0.0417,0.125,0.05,0.0909,0,0.1667,0.1111,0.1364,0.1875,0.4,0.0625,0.0556,0.1875,0.0833,0.1667,0.1667,0,0.1667,0.0833,0,0.1,0.3,0,0.0833
"locus304",0,0.0625,0,0.1818,0.0714,0.0833,0.0556,0,0,0.1,0,0.1667,0,0.0417,0,0,0,0,0,0,0.15,0,0,0
"locus305",0,0,0.1,0,0.0714,0,0,0.0455,0.0625,0,0,0.1111,0.125,0.0833,0.0556,0,0.0625,0.0556,0,0,0,0,0.4545,0
"locus306",0.1667,0.1875,0.15,0,0,0,0.0556,0.2727,0,0,0,0,0.3125,0.125,0,0,0.0625,0.1111,0,0,0.3,0.25,0,0
"locus307",0,0,0,0,0.0714,0.0417,0.1111,0,0,0.35,0,0.1667,0,0,0,0,0,0,0,0,0,0,0,0.0833
"locus308",0.0833,0,0,0.0909,0,0,0,0,0,0.05,0.1875,0,0,0,0,0,0,0,0,0.2222,0.15,0.05,0.1818,0
"locus309",0.4583,0.375,0.5,0.5,0.4286,0.4583,0.2778,0.3636,0.4375,0.4,0.4375,0.4444,0.375,0.4583,0.5,0.5,0.3125,0.4444,0.4167,0.5,0.35,0.5,0.4545,0.4583
"locus310",0,0.0625,0.1,0.1364,0.2857,0.2917,0.5,0.0455,0,0.05,0.1875,0,0.0625,0.0417,0,0,0,0.0556,0.5,0.3333,0.05,0.05,0.0909,0.4583
"locus311",0,0,0,0.1364,0,0,0,0,0,0,0.375,0,0,0,0,0.1667,0,0,0,0.0556,0,0.05,0.0455,0
"locus312",0,0.0625,0,0.1364,0,0,0.0556,0.0455,0,0.05,0.3125,0.0556,0.0625,0.125,0.0556,0.1667,0.0625,0,0.0833,0.1111,0.15,0.25,0,0.0833
"locus313",0,0,0,0.0455,0,0.0833,0,0,0,0,0.125,0,0,0.125,0.1111,0,0.0625,0.0556,0,0,0.05,0.1,0,0.0417
"locus314",0,0,0,0.0909,0,0.0417,0.0556,0,0,0,0.0625,0,0.0625,0.0833,0,0,0,0,0.0833,0.0556,0.05,0,0,0
"locus315",0,0.125,0.1,0,0,0,0,0.0909,0,0,0.0625,0,0.0625,0.125,0,0.1667,0.1875,0.1111,0.1667,0,0,0.15,0,0
"locus316",0.2917,0,0.05,0.1818,0,0,0,0.0455,0,0,0,0,0,0.0417,0.1111,0,0,0,0,0.0556,0.2,0,0.0909,0
"locus317",0.125,0,0,0.0455,0,0,0,0.0455,0.0625,0,0.0625,0,0,0.0417,0.1667,0,0,0.0556,0,0.2778,0,0,0.1364,0.0417
"locus318",0.1667,0.25,0.4,0.0909,0.5,0.25,0.2778,0.3636,0.375,0.2,0.25,0.2778,0.375,0.375,0.1667,0.3333,0.4375,0.1667,0.25,0.1111,0.3,0.25,0.2273,0.2917
"locus319",0,0.4375,0.05,0.0909,0.5,0.2083,0.2778,0,0,0.35,0.125,0.3889,0,0.0833,0,0,0.0625,0,0.25,0,0.05,0.2,0.1818,0.2083
"locus320",0,0,0.1,0,0,0,0,0.0455,0,0,0,0,0.125,0.0417,0,0,0.125,0.2778,0.0833,0,0,0,0,0
"locus321",0.5,0.4375,0.4,0.4545,0.2857,0.2083,0.2778,0.4091,0.4375,0.4,0.1875,0.2222,0.375,0.4583,0.2778,0.3333,0.375,0.2778,0.4167,0.2778,0.45,0.45,0.3182,0.4583
"locus322",0.4583,0.0625,0.35,0.4091,0,0.0833,0.0556,0.2727,0.25,0.05,0.1875,0,0.3125,0.3333,0.2778,0.1667,0.3125,0.3889,0,0.1111,0.2,0.15,0.4091,0
"locus323",0.3333,0.0625,0.1,0.2273,0,0.0833,0.1111,0.2273,0.25,0.2,0,0.0556,0.0625,0.125,0.4444,0.1667,0,0.2778,0,0.3333,0.2,0.1,0.3636,0.0833
"locus324",0.0417,0,0.15,0.0455,0,0.0417,0.0556,0.0455,0,0,0,0,0.25,0.0417,0,0,0.0625,0,0.3333,0,0,0.1,0.1364,0.0833
"locus325",0,0,0,0.0455,0.0714,0.0417,0.1111,0.0909,0,0.05,0.0625,0,0,0,0,0,0.125,0.1111,0.0833,0,0,0.1,0,0.0417
"locus326",0.2083,0,0,0,0.0714,0,0,0.0455,0,0,0,0,0.0625,0,0.2222,0.1667,0,0,0,0.0556,0.05,0,0,0
"locus327",0.0417,0.125,0.5,0.0455,0,0,0,0.4091,0,0.15,0.0625,0,0.3125,0.4583,0.1111,0.5,0.375,0.3889,0.1667,0,0.05,0.3,0,0
"locus328",0.3333,0.25,0.25,0.4545,0.1429,0.2917,0.3333,0.4091,0.4375,0.2,0.375,0.0556,0.375,0.4583,0.1667,0.5,0.5,0.3333,0.3333,0.4444,0.25,0.5,0.4545,0.25
"locus329",0,0.4375,0.05,0.1818,0.4286,0.2917,0.0556,0,0.3125,0.3,0,0.1667,0.125,0.0417,0,0,0.125,0.1111,0,0.0556,0,0,0,0.0417
"locus330",0.2083,0.25,0.1,0.4091,0.1429,0.375,0.3333,0.4545,0.25,0.1,0.375,0.0556,0.1875,0.25,0.3333,0.3333,0.4375,0.4444,0.5,0.1667,0.3,0.3,0.4091,0.4167
"locus331",0.0417,0.125,0.05,0.0455,0,0.0833,0.0556,0.0455,0.25,0,0.0625,0.1667,0.125,0.0833,0.0556,0,0.0625,0,0.25,0,0,0.1,0,0
"locus332",0,0,0,0,0,0,0.2778,0,0,0,0.125,0.0556,0,0,0,0,0,0,0.0833,0,0,0,0,0.1667
"locus333",0,0,0.15,0,0,0,0.0556,0.0455,0,0.05,0,0,0.0625,0.0417,0.0556,0.1667,0.1875,0,0,0,0.05,0,0,0
"locus334",0.25,0,0.15,0.1364,0.2143,0.2083,0.0556,0.0909,0.1875,0.1,0.1875,0.2222,0.25,0.25,0.3333,0.3333,0.125,0.3333,0.25,0.1667,0.05,0.25,0.1818,0.0833
"locus335",0,0.125,0,0.0909,0,0.125,0,0,0,0.15,0.0625,0.0556,0.0625,0,0,0,0,0.0556,0.0833,0.1667,0.05,0.1,0.0909,0.0417
"locus336",0.125,0,0.1,0.2727,0,0,0,0,0,0.05,0.0625,0,0,0,0.0556,0,0,0.2778,0,0.2222,0.05,0,0.0455,0
"locus337",0,0.1875,0.05,0,0,0.125,0,0,0,0.4,0,0.5,0,0.0417,0.1111,0,0,0,0,0,0,0,0,0
"locus338",0.0833,0,0,0,0,0.0833,0,0,0.0625,0.15,0,0,0,0.125,0.0556,0.1667,0.125,0,0.3333,0.0556,0,0.1,0.0455,0
"locus339",0.2083,0.375,0.2,0.2727,0.0714,0.0833,0.3333,0.2273,0.1875,0.1,0.25,0,0.1875,0.2083,0.2222,0.1667,0.125,0.2222,0.1667,0.3333,0.15,0.15,0.0909,0.0417
"locus340",0.0417,0,0.15,0,0.0714,0,0.0556,0.0455,0,0,0,0,0,0.1667,0.1111,0,0.0625,0,0.0833,0,0.05,0.05,0.0455,0.0417
"locus341",0.2917,0.25,0.2,0.4091,0,0.0417,0.1667,0.2273,0.4375,0,0.1875,0,0.375,0.0833,0.4444,0.1667,0.375,0.2222,0.0833,0.1667,0.25,0.2,0.2273,0.0417
"locus342",0.5,0.4375,0.45,0.4091,0.4286,0.375,0.3889,0.4091,0.3125,0.35,0.4375,0.5,0.4375,0.4583,0.1111,0.3333,0.375,0.4444,0.4167,0.2222,0.35,0.25,0.3182,0.4167
"locus343",0.1667,0,0,0.0455,0,0,0,0,0,0.05,0,0,0,0.0833,0,0,0,0.0556,0,0,0,0.05,0.0455,0
"locus344",0.0833,0,0.05,0,0.0714,0.0417,0,0.0455,0,0,0,0,0,0.125,0,0,0.0625,0,0,0,0.05,0,0,0
"locus345",0,0.25,0,0,0,0.3333,0,0,0.3125,0.35,0,0.4444,0,0.0417,0,0,0,0,0,0,0,0.1,0.0455,0.0417
"locus346",0,0.0625,0,0,0.3571,0.2083,0.1111,0,0,0.1,0,0.2778,0,0,0,0,0.0625,0.0556,0,0,0,0,0.0909,0.0417
"locus347",0,0,0,0.0909,0,0,0.1111,0.1364,0,0,0,0.1111,0,0,0,0,0.0625,0.0556,0,0,0.05,0.1,0,0.1667
"locus348",0.1667,0.25,0.05,0.1364,0.2143,0.3333,0.1667,0.0909,0.375,0.25,0.3125,0.2778,0.0625,0.0417,0.1667,0.1667,0.0625,0.2222,0,0.0556,0.05,0.15,0.1818,0.1667
"locus349",0.0417,0.0625,0.05,0,0.3571,0.125,0.1667,0.0909,0.1875,0.15,0.0625,0.1111,0,0,0,0.3333,0,0,0.0833,0.0556,0.05,0,0,0
"locus350",0.375,0.375,0.4,0.2273,0.3571,0.2083,0.4444,0.4091,0.3125,0.4,0.3125,0.3333,0.4375,0.3333,0.3889,0.3333,0.3125,0.2778,0.1667,0.3333,0.3,0.4,0.1818,0.2917
"locus351",0.4583,0.5,0.35,0.4091,0.1429,0.4167,0.5,0.4545,0.4375,0.4,0.125,0.5,0.5,0.25,0.3889,0.3333,0.4375,0.5,0.25,0.4444,0.35,0.5,0.4545,0.4167
"locus352",0.0833,0.125,0.05,0.0455,0,0.1667,0.0556,0.0909,0.125,0.35,0.0625,0.2222,0,0.0833,0.1111,0.1667,0.0625,0.2222,0,0.1111,0.1,0.05,0.0455,0.0833
"locus353",0.0833,0,0,0.3182,0,0.0417,0,0,0,0.05,0,0,0,0,0,0,0,0,0,0.1667,0.15,0,0.4091,0
"locus354",0.0833,0,0,0,0.1429,0.2083,0.0556,0,0,0,0,0,0,0,0,0,0,0.0556,0.1667,0,0,0.1,0.0455,0.0833
"locus355",0.4583,0.4375,0.25,0.2727,0.3571,0.3333,0.1111,0.4545,0.0625,0.25,0.3125,0.3333,0.375,0.125,0.3889,0.1667,0.1875,0.2222,0.0833,0.3333,0.3,0.3,0.2273,0.2083
"locus356",0.0833,0.0625,0,0.0909,0,0.1667,0.0556,0,0,0.2,0,0.5,0.0625,0,0,0,0,0.0556,0,0,0.05,0,0.0455,0.0833
"locus357",0.4583,0.4375,0.4,0.4091,0,0.5,0.3889,0.4091,0.1875,0.4,0.4375,0.1667,0.4375,0.375,0.3333,0.3333,0.4375,0.5,0.5,0.4444,0.3,0.45,0.4091,0.3333
"locus358",0,0.0625,0.1,0.0909,0,0.0833,0.1111,0.1818,0,0.05,0,0.0556,0.0625,0.0417,0,0,0.0625,0,0.0833,0,0.1,0.05,0.0455,0.0833
"locus359",0.125,0,0.05,0.0455,0.2143,0,0.0556,0,0,0.05,0.1875,0,0,0.1667,0.1111,0.1667,0.25,0.0556,0,0.0556,0.05,0,0.2273,0
"locus360",0,0.0625,0.05,0.0909,0.2143,0.0833,0.1111,0.0909,0,0.05,0.125,0.1111,0,0,0,0.1667,0.0625,0.0556,0,0.0556,0.05,0.1,0.0455,0.2083
"locus361",0.0417,0.0625,0.15,0,0,0,0,0.0909,0,0,0,0,0.125,0.0833,0,0.1667,0.125,0.1111,0,0,0,0,0,0
"locus362",0.0833,0,0.15,0.2273,0.1429,0.0833,0.1667,0.1818,0.0625,0.05,0,0,0.0625,0,0,0,0,0.0556,0,0.1111,0.2,0,0.0455,0.0417
"locus363",0.125,0.375,0.45,0.3182,0.1429,0.2917,0.1667,0.2273,0.5,0.4,0.1875,0.2778,0.4375,0.3333,0.2222,0.5,0.4375,0.3889,0.25,0.0556,0.05,0.25,0.0909,0
"locus364",0,0,0,0.0909,0.2857,0.125,0.3333,0,0,0,0.125,0,0,0,0,0,0.0625,0.0556,0.0833,0.0556,0,0,0.0909,0.2917
"locus365",0,0.0625,0,0,0.2143,0.2083,0.1111,0,0.0625,0.35,0,0.3889,0,0.0833,0,0,0.0625,0,0.0833,0,0,0,0.1818,0
"locus366",0.25,0,0,0.0909,0,0.0417,0.0556,0.0909,0.125,0,0,0,0,0.0417,0.1667,0.3333,0,0.1111,0,0.4444,0.1,0,0.0909,0.0417
"locus367",0,0,0,0,0.1429,0.1667,0.0556,0,0,0,0,0,0,0.0417,0,0,0,0,0,0,0,0,0.1364,0.1667
"locus368",0.125,0.3125,0.3,0.0455,0.5,0.4167,0.3333,0.1364,0.0625,0.5,0.375,0.2778,0.1875,0.5,0.1667,0.1667,0.5,0.1667,0.3333,0.5,0.25,0.15,0.2273,0.125
"locus369",0.125,0.0625,0,0.5,0.0714,0.0417,0.0556,0,0,0.05,0,0,0,0.0417,0.2222,0,0,0.1111,0,0.2778,0.05,0.1,0.1364,0
"locus370",0,0.0625,0.05,0,0,0,0.0556,0.1818,0,0,0,0,0,0,0,0.1667,0.0625,0,0.1667,0,0,0.3,0,0.0417
"locus371",0.0833,0.125,0.1,0.0455,0,0,0,0.0909,0,0.1,0.0625,0.0556,0.0625,0.125,0,0,0,0,0,0,0,0,0,0.125
"locus372",0,0.3125,0.15,0.0909,0,0.25,0.1111,0.0455,0.1875,0.3,0,0.5,0,0.0833,0,0.1667,0,0.0556,0.0833,0,0.05,0,0.1364,0.0833
"locus373",0.4167,0.1875,0.4,0.4091,0.2857,0.5,0.5,0.4545,0.125,0.05,0.4375,0.0556,0.375,0.2083,0.5,0.3333,0.5,0.4444,0.25,0.1667,0.5,0.45,0.5,0.4167
"locus374",0.375,0.375,0.35,0.2273,0.1429,0.375,0.3889,0.4091,0.1875,0.5,0.1875,0.5,0.375,0.4167,0.3889,0,0.3125,0.4444,0.5,0.4444,0.4,0.35,0.1818,0.125
"locus375",0.4583,0.1875,0.5,0.4091,0,0.0417,0.1111,0.3636,0.4375,0,0.125,0.1111,0.5,0.5,0.1667,0.3333,0.5,0.4444,0.0833,0.3889,0.5,0.25,0.4545,0.0417
"locus376",0.0417,0.0625,0.1,0,0.2143,0,0.1111,0.0909,0.0625,0.05,0.0625,0.1111,0.125,0.125,0.0556,0,0,0.2222,0,0,0,0,0,0
"locus377",0.125,0,0.25,0.2273,0,0.0833,0,0.1364,0.0625,0.05,0,0,0.125,0.25,0.1111,0,0,0.0556,0,0,0.1,0.1,0,0.0417
"locus378",0,0,0.1,0,0,0.0833,0,0,0,0.05,0,0,0,0.0833,0,0,0.0625,0,0,0,0,0,0.0455,0.125
"locus379",0,0,0.2,0,0.0714,0,0.1667,0.0909,0,0,0.25,0,0,0.125,0,0,0.125,0.1111,0.1667,0.1111,0,0,0,0.0833
"locus380",0.0417,0,0,0,0,0,0,0.0455,0,0.15,0.0625,0.2222,0.125,0,0,0,0,0.0556,0,0,0.05,0,0.0455,0
"locus381",0.0833,0.0625,0,0.0455,0,0.25,0.0556,0,0,0,0,0.0556,0,0,0,0,0.125,0,0.1667,0,0,0,0,0.0417
"locus382",0.0417,0.0625,0,0.4091,0,0,0.0556,0.0455,0,0,0.125,0,0,0.0417,0,0,0.125,0.1111,0,0,0.1,0.05,0.0455,0
"locus383",0.2917,0.3125,0.35,0.0909,0,0.2917,0.0556,0.0909,0.3125,0.1,0.375,0,0.1875,0.2083,0.2778,0,0.4375,0.3889,0.4167,0.4444,0.2,0.25,0.3636,0.0833
"locus384",0.0417,0,0,0.0455,0,0.0833,0,0.0455,0,0,0,0,0.0625,0.0417,0.1667,0,0,0,0,0,0,0.05,0,0.0417
"locus385",0.0833,0,0,0,0,0,0,0.0909,0.1875,0,0.0625,0,0,0,0.0556,0,0.0625,0.1111,0,0.0556,0.2,0,0,0
"locus386",0.125,0.1875,0.05,0.0909,0.0714,0.1667,0.0556,0.1818,0.125,0.05,0.1875,0.0556,0,0.0833,0.0556,0.1667,0.125,0.1667,0.1667,0.1111,0.1,0,0.1818,0
"locus387",0.25,0.3125,0.3,0.2727,0.4286,0.1667,0.2778,0.3636,0.1875,0.1,0.1875,0.0556,0.375,0.3333,0.2222,0.1667,0.3125,0.5,0.3333,0.4444,0.35,0.45,0.5,0.4167
"locus388",0,0.125,0.15,0,0.2857,0.25,0,0.1818,0.125,0.15,0.0625,0.1111,0.0625,0.0417,0,0,0.125,0.0556,0.0833,0,0.05,0.2,0.0909,0.1667
"locus389",0.0417,0.0625,0.05,0.0455,0,0,0,0.1818,0.0625,0,0,0,0.125,0.1667,0.0556,0,0.1875,0.2778,0.1667,0.1111,0,0.15,0.1364,0
"locus390",0.4583,0,0.1,0.1364,0.0714,0.0417,0,0.1364,0.125,0,0.0625,0,0.375,0.1667,0.2778,0,0.0625,0.0556,0,0,0.35,0.1,0.0909,0.125
"locus391",0,0.125,0.15,0.1364,0,0.0417,0,0.0455,0,0,0,0,0,0,0,0.1667,0.25,0,0.0833,0,0,0.05,0,0
"locus392",0,0,0,0,0.2143,0.0417,0.0556,0,0,0.05,0.0625,0,0,0,0,0,0,0.0556,0.1667,0,0,0.1,0,0.0417
"locus393",0.3333,0.5,0.15,0.5,0.0714,0.25,0.3889,0.3636,0.25,0.2,0.4375,0.3333,0.3125,0.2083,0.5,0.1667,0.1875,0.2222,0.3333,0.3889,0.2,0.35,0.2273,0.2083
"locus394",0,0,0.05,0.2727,0,0,0,0,0,0,0,0,0,0.0417,0,0.1667,0,0.0556,0,0.0556,0,0.05,0.0455,0
"locus395",0.4583,0,0.25,0.3182,0.4286,0.2083,0.3889,0.3636,0.125,0.05,0.1875,0,0.4375,0.2917,0.4444,0.1667,0.4375,0.4444,0.3333,0.4444,0.5,0.2,0.3636,0.375
"locus396",0,0.125,0.2,0,0,0,0,0.0909,0.125,0.15,0,0,0.125,0,0,0,0,0,0,0,0,0.1,0,0
"locus397",0.2917,0.5,0.4,0.4091,0.3571,0.25,0.3889,0.3636,0.4375,0.2,0.125,0,0.4375,0.5,0.1667,0.5,0.375,0.4444,0.25,0.2222,0.5,0.4,0.1818,0.4583
"locus398",0,0.1875,0,0.0455,0,0.125,0,0,0,0,0,0,0,0,0.1111,0,0.0625,0,0,0,0,0,0.0455,0.0417
"locus399",0.375,0.25,0.1,0.2273,0,0.3333,0,0.2273,0.125,0.4,0,0.2778,0.3125,0.25,0.3333,0.1667,0.1875,0.2222,0,0.5,0.4,0.15,0.1364,0
"locus400",0,0.0625,0,0.0455,0,0.125,0.0556,0,0,0,0.0625,0.1111,0.1875,0,0,0,0,0,0.1667,0.0556,0.1,0,0.0455,0
"locus401",0.0417,0.1875,0.05,0.2273,0,0.125,0,0,0,0.05,0,0,0,0,0,0,0,0,0,0,0,0,0,0
"locus402",0,0.5,0,0,0.0714,0.375,0.4444,0.0455,0.0625,0.35,0.375,0.2222,0,0.1667,0,0.3333,0.0625,0,0.3333,0.0556,0.1,0.15,0.0909,0.375
"locus403",0.0417,0.125,0.1,0,0,0.125,0,0,0,0.1,0.125,0,0.0625,0.0417,0,0,0,0,0,0,0.1,0.05,0,0.0417
"locus404",0.125,0.5,0.35,0.0455,0.4286,0.4583,0.1667,0.1818,0.375,0.2,0.5,0.4444,0.5,0.4583,0.1111,0.1667,0.5,0.1667,0.4167,0.1667,0.2,0.4,0.2273,0.4167
"locus405",0,0,0,0,0,0.125,0.2222,0.0909,0,0,0,0,0,0.0833,0,0,0.125,0,0.0833,0,0,0,0.0909,0.25
"locus406",0.0417,0.375,0.05,0.0455,0.0714,0.2917,0,0.0455,0.0625,0.4,0.0625,0.4444,0.125,0.2083,0,0,0,0,0.0833,0,0,0.15,0.0455,0.0417
"locus407",0.2083,0.0625,0.1,0,0,0,0,0,0.0625,0.05,0,0,0.1875,0,0.1667,0.1667,0.0625,0.0556,0,0.1111,0.05,0,0,0.0417
"locus408",0,0.0625,0,0.0455,0,0,0,0,0,0.3,0,0.1111,0.0625,0,0,0,0.0625,0,0,0,0,0.05,0,0
"locus409",0.25,0.0625,0.05,0.0909,0.0714,0.0417,0.1667,0.1364,0.1875,0.05,0.1875,0,0.125,0,0.1667,0.3333,0,0.2222,0,0.1111,0.35,0.15,0,0.2083
"locus410",0,0.0625,0.05,0,0,0.0833,0,0.0909,0.0625,0,0.3125,0,0.25,0,0,0,0,0.1667,0.0833,0.5,0,0.1,0.0455,0.0417
"locus411",0.3333,0.375,0.3,0.2727,0.0714,0.3333,0.0556,0.3182,0.4375,0.15,0.125,0.0556,0.5,0.375,0.1667,0.3333,0.25,0.2222,0.1667,0.2778,0.45,0.45,0.3636,0.0833
"locus412",0,0.125,0,0,0,0.0833,0,0.0455,0,0,0,0,0,0.0833,0.0556,0,0.1875,0,0,0,0.2,0.05,0.1364,0
"locus413",0,0.1875,0.25,0.0909,0.4286,0.125,0.4444,0.2273,0,0.1,0.125,0,0.0625,0.25,0.1667,0,0.5,0.0556,0.1667,0.0556,0.05,0.15,0.0909,0.4583
"locus414",0.2917,0.3125,0.35,0.4091,0.2857,0.2083,0.4444,0.3636,0.375,0.25,0.25,0.3889,0.5,0.3333,0.3889,0.3333,0.3125,0.5,0.5,0.1111,0.3,0.5,0.2727,0.4583
"locus415",0,0,0.1,0,0,0,0,0.0455,0,0,0,0,0.25,0.0417,0,0,0,0,0,0,0,0.2,0.0455,0
"locus416",0.125,0.375,0.45,0.3636,0.4286,0.375,0.3889,0.3636,0.1875,0.3,0.3125,0.0556,0.1875,0.1667,0.2778,0.5,0.375,0.1667,0.3333,0.1667,0.35,0.35,0.0909,0.3333
"locus417",0.2917,0.0625,0,0,0,0,0.1667,0.0909,0,0.25,0.0625,0.0556,0.1875,0.0417,0.2778,0.1667,0.0625,0.1667,0,0,0.1,0.15,0.0909,0
"locus418",0.125,0.0625,0.05,0,0,0,0,0.1364,0.0625,0,0,0,0,0,0.0556,0.1667,0,0.0556,0,0.0556,0,0,0.0455,0
"locus419",0.0417,0,0.05,0,0.2143,0.25,0.0556,0,0,0.05,0,0.0556,0,0,0,0,0,0,0,0,0.05,0,0.0909,0.25
"locus420",0.4167,0.4375,0.35,0.5,0.4286,0.4583,0.4444,0.4545,0.5,0.25,0.5,0.5,0.5,0.4167,0.4444,0.5,0.375,0.4444,0.4167,0.2778,0.5,0.4,0.4545,0.4583
"locus421",0,0,0.05,0,0,0.0833,0.1667,0,0.125,0.05,0,0.0556,0,0.0417,0,0,0,0.0556,0,0.1111,0.05,0,0,0.0417
"locus422",0.0417,0,0.1,0,0,0,0,0,0.25,0.05,0,0.0556,0,0,0,0,0,0.0556,0,0,0,0,0.0909,0
"locus423",0.2083,0.3125,0.25,0.4091,0.2857,0.1667,0.2222,0.4545,0.1875,0.2,0.3125,0,0.25,0.375,0.3333,0.3333,0.4375,0.4444,0.25,0,0.4,0.45,0.2273,0.2917
"locus424",0.25,0.5,0.4,0.3636,0.2857,0.3333,0.5,0.5,0.375,0.2,0.375,0.2222,0.3125,0.4167,0.1667,0.5,0.4375,0.4444,0.4167,0.5,0.45,0.45,0.5,0.2917
"locus425",0,0.0625,0,0,0,0,0,0,0,0.1,0,0.4444,0,0,0,0,0,0,0,0,0,0,0,0.0417
"locus426",0.2083,0.1875,0,0.1364,0.3571,0.2917,0.1667,0,0.1875,0.4,0,0.4444,0.0625,0.0833,0.3889,0.5,0,0.0556,0.25,0.2778,0.4,0.05,0.2727,0.3333
"locus427",0,0.1875,0.3,0.3182,0.0714,0.0417,0.1111,0.0909,0,0.1,0.0625,0,0.25,0.2083,0.1667,0.1667,0.125,0.1667,0.0833,0.0556,0.2,0.15,0.0909,0.125
"locus428",0.0417,0,0.05,0.0455,0.5,0.4583,0.3889,0.2727,0.0625,0.25,0.375,0.2222,0,0.0417,0,0,0.0625,0.1111,0.3333,0.0556,0.1,0.05,0.1364,0.4167
"locus429",0.1667,0.125,0.1,0.0909,0,0,0.0556,0.1818,0,0,0,0,0.25,0.125,0.3889,0,0.125,0,0,0,0.1,0.1,0.0455,0.0417
"locus430",0.0417,0,0,0.0455,0,0.0417,0.1111,0,0,0,0,0.0556,0,0,0.1111,0,0,0,0,0,0,0.25,0,0
"locus431",0.375,0.0625,0.3,0.3182,0.0714,0.125,0.2222,0.2273,0.0625,0,0.4375,0.0556,0.125,0.4583,0.5,0.3333,0.25,0.0556,0.1667,0.5,0.2,0.2,0.2727,0.0833
"locus432",0,0,0,0,0,0,0.2222,0,0,0,0.0625,0,0,0,0,0,0,0,0.0833,0.0556,0.05,0,0.0455,0.25
"locus433",0.2083,0.25,0.25,0.0455,0,0.125,0.1667,0.0909,0.1875,0.05,0.1875,0,0.0625,0.1667,0.2222,0.5,0.0625,0.2778,0.0833,0.2778,0.2,0.2,0.0909,0.0417
"locus434",0,0,0.05,0,0,0.0417,0.1667,0,0,0,0.0625,0.1667,0.0625,0.0417,0,0,0.0625,0,0,0,0,0,0,0.125
"locus435",0,0.0625,0.1,0,0,0.0417,0.1111,0,0,0,0.0625,0,0,0.0417,0,0,0,0.2222,0,0,0,0,0,0.1667
"locus436",0,0,0,0,0.2857,0.2083,0.1111,0.0909,0,0.3,0,0.4444,0.0625,0.0417,0,0,0,0.0556,0.0833,0,0,0,0.0909,0.2917
"locus437",0,0.3125,0,0,0,0.1667,0.0556,0,0,0.35,0,0.5,0,0,0,0,0,0,0,0,0,0,0,0
"locus438",0.25,0,0.45,0.1364,0,0.0417,0.1667,0.1818,0.125,0.05,0.0625,0,0.25,0.3333,0.2222,0,0.3125,0.1667,0.25,0,0.1,0.25,0.0909,0.0833
"locus439",0,0.0625,0.15,0,0,0.0833,0,0.0455,0,0.05,0,0,0.0625,0,0,0,0.0625,0.2222,0,0,0,0,0.0455,0
"locus440",0.25,0.375,0.5,0.1818,0.3571,0.4583,0.3333,0.5,0.4375,0.45,0.25,0.3333,0.5,0.2917,0.4444,0.3333,0.4375,0.5,0.4167,0.3889,0.4,0.5,0.3636,0.2083
"locus441",0.2083,0,0.2,0.0909,0.1429,0.0417,0.1667,0.1818,0,0.35,0,0.0556,0.1875,0.1667,0.2222,0,0.0625,0.0556,0.1667,0.1111,0.05,0.1,0,0.1667
"locus442",0.375,0.375,0.35,0.4091,0.1429,0.3333,0.3333,0.4091,0.4375,0.05,0.375,0.2222,0.3125,0.2917,0.2222,0.5,0.25,0.3889,0.1667,0.2222,0.5,0.35,0.3182,0.2917
"locus443",0.2083,0.0625,0,0.0909,0,0,0,0,0,0.05,0,0,0,0,0,0,0.0625,0,0,0.1667,0.25,0,0.0455,0
"locus444",0.3333,0.375,0.4,0.4545,0.3571,0.5,0.3333,0.2727,0.3125,0.45,0.4375,0.3889,0.375,0.375,0.5,0.3333,0.4375,0.4444,0.3333,0.1667,0.35,0.45,0.3636,0.4583
"locus445",0.25,0.125,0,0,0,0,0.0556,0.1364,0.0625,0.05,0.0625,0,0.125,0,0.0556,0,0,0.0556,0.0833,0.1667,0.1,0,0,0
"locus446",0,0,0,0,0,0.0833,0.0556,0,0.125,0.2,0,0,0,0,0,0.1667,0,0,0,0,0,0,0.0909,0.25
"locus447",0,0.4375,0.2,0.0455,0,0.25,0,0.0455,0.1875,0.35,0.0625,0.2778,0,0.25,0,0,0.125,0.0556,0.1667,0,0.05,0.15,0,0.0417
"locus448",0.4583,0.1875,0.5,0.4091,0.3571,0.25,0.2222,0.5,0.4375,0.5,0.5,0.2778,0.4375,0.1667,0.2778,0.3333,0.3125,0.1667,0.1667,0.4444,0.25,0.3,0.2273,0.25
"locus449",0.1667,0.25,0.4,0.0909,0.2143,0.4583,0.1667,0.0909,0.1875,0.45,0,0.4444,0.3125,0.0833,0.1111,0.1667,0.25,0,0.1667,0,0.1,0.05,0.0909,0.0833
"locus450",0.0417,0,0,0.0455,0,0,0.0556,0.0909,0,0,0.0625,0,0,0,0.1667,0,0,0,0,0.0556,0.05,0,0.0455,0
"locus451",0.375,0.375,0.5,0.4545,0.3571,0.4167,0.4444,0.3636,0.5,0.45,0.4375,0.4444,0.1875,0.375,0.5,0.5,0.25,0.3333,0.5,0.3889,0.4,0.4,0.4545,0.5
"locus452",0.375,0.4375,0.4,0.3636,0.5,0.4583,0.4444,0.5,0.3125,0.45,0.1875,0.4444,0.5,0.4167,0.4444,0.3333,0.25,0.3889,0.4167,0.2778,0.3,0.45,0.3636,0.375
"locus453",0,0,0.05,0.1818,0.0714,0,0,0,0,0,0,0.1667,0,0.0417,0,0,0.0625,0,0,0,0.05,0,0,0.0833
"locus454",0.1667,0,0.05,0,0,0,0.0556,0,0,0,0.125,0.1111,0.0625,0.0417,0.1111,0,0.0625,0.0556,0,0,0.05,0,0.0909,0
"locus455",0,0,0,0,0.3571,0,0.2222,0,0,0,0,0,0,0,0,0,0.125,0,0.25,0,0.1,0,0.0909,0
"locus456",0.3333,0.1875,0,0.0909,0.2143,0.4583,0.3889,0.0909,0.1875,0.05,0.5,0.1667,0.125,0.125,0.2778,0,0.25,0.0556,0.5,0,0.1,0.25,0.3636,0.4167
"locus457",0.25,0,0,0.0455,0,0,0.1111,0.0909,0,0,0.3125,0,0,0.125,0.0556,0,0.0625,0.1667,0.1667,0,0,0.05,0.0455,0.0417
"locus458",0.4583,0,0,0,0,0,0,0.0909,0,0.05,0,0,0.25,0.0833,0.3889,0,0.0625,0,0.0833,0.3889,0.25,0.2,0.1364,0.0833
"locus459",0.0417,0.0625,0.3,0,0,0,0.1111,0.3182,0.0625,0.05,0,0,0.25,0.0417,0,0,0.125,0.0556,0,0,0,0.2,0.1364,0
"locus460",0.125,0.1875,0.1,0,0.1429,0,0.3889,0.1364,0.1875,0.1,0,0.1667,0.0625,0.0833,0,0.3333,0.0625,0,0.0833,0,0.1,0,0.0909,0.125
"locus461",0.1667,0.1875,0.15,0.0455,0.2857,0.1667,0.2778,0.2727,0.125,0.25,0.125,0,0.125,0.125,0.3889,0,0.3125,0.2778,0.3333,0.1667,0.05,0.2,0.0909,0.2083
"locus462",0,0.125,0.2,0.0909,0.0714,0.125,0.0556,0.2273,0,0.05,0.0625,0.0556,0.1875,0.0417,0.2222,0,0.125,0.1111,0.0833,0.1667,0.15,0.2,0.0909,0.0417
"locus463",0,0,0,0.0455,0,0.125,0.3333,0,0,0,0.0625,0.0556,0,0.0417,0,0,0,0,0.0833,0,0,0,0.0455,0.4167
"locus464",0,0,0.05,0,0,0,0.1111,0,0.0625,0,0.0625,0,0.125,0,0,0.3333,0.125,0.0556,0.0833,0.0556,0,0,0,0
"locus465",0.4583,0.3125,0.35,0.2273,0.4286,0.375,0.3889,0.2273,0.375,0.2,0.4375,0,0.375,0.3333,0.1667,0.5,0.4375,0.3333,0.3333,0.2778,0.5,0.45,0.5,0.2917
"locus466",0.0833,0.5,0.2,0.3182,0.2857,0.4167,0.3333,0.0909,0.3125,0.4,0.3125,0.4444,0.25,0.125,0.1667,0.1667,0.3125,0.1111,0.3333,0.1111,0.15,0.2,0.3636,0.5
"locus467",0,0.0625,0.05,0,0.2857,0.0417,0,0.0455,0,0.5,0,0.3889,0,0,0,0,0,0.1111,0,0,0.05,0,0,0.25
"locus468",0,0,0,0,0,0.0417,0,0.0909,0,0,0,0,0.1875,0,0,0,0.25,0.0556,0,0,0,0,0.0455,0
"locus469",0,0.125,0.3,0.0909,0,0.0417,0.1111,0.4545,0,0.3,0.0625,0.3889,0.25,0.5,0.0556,0.1667,0.5,0.2222,0.25,0,0.05,0.35,0,0
"locus470",0,0,0.05,0.1364,0,0,0,0.0909,0.0625,0.05,0,0,0.125,0.0417,0,0,0.0625,0,0,0,0,0.1,0,0
"locus471",0.0417,0,0.05,0.0909,0,0.125,0,0,0,0,0.0625,0,0.0625,0,0,0,0,0.1111,0,0,0.25,0,0.1818,0
"locus472",0.3333,0.4375,0.5,0.3636,0.4286,0.375,0.5,0.3636,0.4375,0.2,0.4375,0.3333,0.3125,0.4167,0,0.5,0.375,0.3889,0.3333,0.3889,0.5,0.3,0.3182,0.4583
"locus473",0.125,0,0,0.0455,0,0.0417,0,0.0455,0,0,0,0,0,0.0833,0.1667,0,0,0,0,0,0.05,0.05,0,0.0417
"locus474",0.0417,0,0.05,0,0,0.0417,0.1667,0.0909,0,0,0.125,0.0556,0,0.0417,0,0,0,0.1111,0,0,0,0.05,0,0
"locus475",0.2917,0.1875,0.05,0.1364,0.1429,0.0417,0.0556,0.0909,0,0.05,0.125,0,0.0625,0.0833,0.3889,0.1667,0.0625,0.3333,0.1667,0,0,0.3,0.2273,0.125
"locus476",0.0417,0.125,0.1,0,0,0,0.0556,0.2727,0,0.05,0,0,0,0.3333,0,0,0.25,0,0.0833,0,0.1,0,0.4091,0
"locus477",0,0.125,0,0.0455,0,0,0,0.0455,0,0,0,0,0,0.0833,0,0,0,0.0556,0,0,0.05,0,0.0909,0.0833
"locus478",0.2917,0.125,0.45,0.3636,0,0.125,0.5,0.3636,0.125,0.15,0.375,0,0.4375,0.5,0.3333,0.3333,0.4375,0.1667,0.25,0.4444,0.3,0.25,0.1364,0.3333
"locus479",0.125,0.3125,0,0.0455,0,0.0417,0.1111,0.1364,0.3125,0,0,0,0.375,0.0833,0.1667,0,0.5,0.0556,0.0833,0,0.1,0,0.0909,0.0417
"locus480",0.0417,0,0,0,0.0714,0,0.0556,0.0455,0,0,0.0625,0,0.125,0.0417,0.2222,0,0.125,0.0556,0,0.2778,0,0.05,0.0455,0
"locus481",0,0.0625,0.05,0.0909,0,0.3333,0,0,0,0.25,0,0.3333,0,0,0,0,0,0.1667,0,0,0,0.15,0.0455,0.0833
"locus482",0,0,0,0,0,0.125,0,0,0,0,0,0.1111,0.1875,0,0,0.1667,0,0,0.0833,0,0.05,0,0.0455,0
"locus483",0,0.0625,0.1,0.1364,0,0.0417,0.0556,0,0.0625,0,0.125,0,0.0625,0.1667,0,0,0.125,0,0.25,0,0.05,0.2,0,0.0417
"locus484",0,0.1875,0.45,0,0.0714,0.0833,0.0556,0.3636,0,0.15,0.0625,0.0556,0.4375,0.4167,0.2222,0.3333,0.5,0.3333,0.0833,0,0.15,0.4,0,0
"locus485",0,0.0625,0.05,0.1364,0.0714,0.0417,0.0556,0,0,0,0,0,0,0.0417,0,0,0,0,0.4167,0,0,0,0,0
"locus486",0,0,0,0,0,0,0.2222,0,0,0.2,0,0.2222,0,0,0,0,0,0.0556,0,0,0.05,0,0,0.0833
"locus487",0.125,0.0625,0.1,0,0,0.0417,0.1111,0.0909,0.0625,0,0.0625,0,0.0625,0.2083,0,0,0.1875,0.0556,0,0.0556,0,0,0.0455,0.0417
"locus488",0,0,0.15,0.0455,0.0714,0,0.0556,0.4545,0,0,0.0625,0,0.25,0.1667,0,0,0.3125,0.2222,0,0,0.05,0.15,0,0
"locus489",0,0,0,0,0.0714,0,0.0556,0.0455,0.0625,0.05,0.0625,0.1667,0,0.0833,0.0556,0,0.0625,0,0,0,0,0,0.1364,0
"locus490",0.0417,0.0625,0.05,0.0455,0,0,0.0556,0,0.125,0,0.0625,0,0,0,0.0556,0,0,0,0.0833,0,0,0.1,0.0455,0
"locus491",0.0833,0.1875,0.05,0,0,0,0.1111,0.0455,0,0,0,0.0556,0,0.125,0.0556,0.1667,0.0625,0,0,0.0556,0.1,0.05,0.1364,0.0833
"locus492",0,0,0,0,0,0,0.0556,0.0909,0.3125,0,0,0.0556,0,0,0,0,0,0.2222,0,0,0,0.2,0,0
"locus493",0.2083,0.25,0.4,0.4091,0.2857,0.2917,0.2778,0.3636,0.25,0.4,0.375,0.3333,0.1875,0.4583,0.3333,0.3333,0.3125,0.5,0.5,0.3889,0.5,0.25,0.3182,0.2917
"locus494",0.0833,0.0625,0.05,0.0455,0,0.125,0,0,0,0.05,0.0625,0.0556,0,0.0417,0.1667,0,0,0.0556,0.1667,0,0,0,0,0.0417
"locus495",0.375,0,0.05,0.0455,0,0,0.0556,0.0455,0,0,0.1875,0,0,0.125,0.2222,0.3333,0.0625,0.0556,0.1667,0.5,0.1,0.1,0,0
"locus496",0.2917,0.375,0.15,0.2273,0.2143,0.4583,0.4444,0.2727,0.3125,0.45,0.3125,0.3889,0.25,0.125,0.4444,0.3333,0.1875,0.2778,0.5,0.3333,0.15,0.35,0.4545,0.4167
"locus497",0.1667,0,0,0.0455,0,0,0.0556,0,0,0,0.125,0,0.0625,0.0417,0.3333,0,0,0.1111,0,0.0556,0.1,0,0.1364,0.0417
"locus498",0.0417,0.0625,0,0.0455,0,0.125,0,0.0909,0,0.05,0.0625,0,0,0.0417,0,0,0,0,0,0,0,0.15,0,0.0417
"locus499",0.1667,0.25,0.35,0.0455,0,0,0,0.3182,0,0.05,0,0,0.25,0.125,0.1111,0,0.1875,0.3333,0.0833,0.3333,0.15,0.4,0.2273,0.0417
"locus500",0.0417,0,0,0.1818,0,0,0,0,0,0,0.0625,0,0,0,0.1111,0,0.25,0,0,0,0.05,0.05,0.1364,0
"locus501",0.2917,0.5,0.4,0.2727,0.3571,0.4583,0.5,0.3636,0.4375,0.15,0.375,0.3333,0.5,0.5,0.1111,0.5,0.375,0.3333,0.5,0.3889,0.25,0.35,0.3636,0.375
"locus502",0.2917,0,0.05,0.3636,0,0.0417,0,0.1364,0,0.05,0.0625,0,0,0.125,0.0556,0,0,0.0556,0,0.2778,0.1,0,0.1818,0
"locus503",0,0,0.05,0.0455,0.0714,0.125,0,0.1364,0,0.05,0,0,0.0625,0,0.0556,0.1667,0,0,0.0833,0,0,0.1,0.1818,0
"locus504",0,0.0625,0.05,0,0,0.1667,0,0.1364,0.1875,0.05,0,0,0.1875,0.0417,0,0,0.0625,0.0556,0.0833,0,0.1,0.1,0.0455,0.0417
"locus505",0,0,0,0,0,0.4583,0,0,0,0,0,0,0,0.0417,0,0,0,0,0,0,0,0,0.0455,0
"locus506",0.125,0.4375,0.25,0.4091,0.2143,0.5,0.0556,0.1818,0.375,0.1,0.375,0.3333,0.4375,0.4167,0.2778,0,0.4375,0.1667,0.0833,0.2778,0.5,0.2,0.2727,0
"locus507",0.0833,0.0625,0.15,0.0455,0.1429,0.125,0.1111,0.2727,0,0.05,0.125,0.1111,0.3125,0.25,0,0.3333,0.125,0.1111,0.0833,0.1667,0.05,0.3,0.1364,0.125
"locus508",0,0,0.05,0.1818,0,0,0,0,0,0,0,0,0,0.0833,0,0.1667,0.125,0,0,0.2778,0.25,0,0,0
"locus509",0.375,0.125,0.15,0.0455,0.0714,0.375,0.0556,0.3182,0.1875,0.1,0,0,0.125,0.25,0.4444,0,0.1875,0.3333,0.0833,0.1111,0.3,0.1,0.2273,0.0833
"locus510",0.125,0,0,0,0,0,0,0,0.125,0,0.125,0,0,0,0.1111,0,0.0625,0.0556,0,0,0.1,0,0.1364,0
"locus511",0.4167,0.3125,0.3,0.3182,0.5,0.25,0.5,0.3636,0.3125,0.2,0.3125,0.4444,0.3125,0.375,0.3333,0,0.375,0.4444,0.4167,0.2222,0.4,0.2,0.3182,0.5
"locus512",0.125,0.125,0.3,0.0455,0.5,0.2917,0.5,0.4091,0,0.35,0.0625,0.5,0.4375,0.4583,0,0,0.3125,0.3889,0.4167,0.1111,0.1,0.35,0.0909,0.375
"locus513",0.4167,0,0,0.1364,0,0,0,0,0,0.05,0,0,0,0,0.1667,0,0,0,0,0.1111,0,0,0.0909,0
"locus514",0.0417,0,0.1,0.0909,0,0,0,0,0.0625,0.05,0.125,0,0.0625,0.0833,0,0,0.25,0,0,0.0556,0,0.15,0,0.0417
"locus515",0.4167,0.1875,0.4,0.1818,0.2143,0.25,0.2778,0.2727,0.3125,0.15,0.5,0.2222,0.25,0.3333,0.3889,0.3333,0.3125,0.2778,0,0.1667,0.3,0.2,0.3182,0.125
"locus516",0.2083,0,0.05,0.2273,0.0714,0,0.2222,0.2273,0.1875,0.1,0.1875,0.0556,0,0,0.0556,0.1667,0.0625,0.4444,0,0.2778,0.15,0.2,0.3182,0
"locus517",0.0417,0.375,0.25,0.1818,0.2143,0.375,0.0556,0.2273,0.3125,0.35,0.0625,0.4444,0.125,0.0833,0.3333,0.3333,0.1875,0.0556,0.1667,0,0.25,0.1,0.2727,0.0417
"locus518",0.0833,0.0625,0,0,0,0,0.0556,0.0455,0.125,0,0,0,0,0.0417,0.1111,0,0.125,0.0556,0.1667,0,0,0,0.2273,0
"locus519",0,0.125,0,0,0,0.0417,0.0556,0.0455,0,0,0,0.0556,0,0.0417,0,0,0.125,0,0,0.3333,0.1,0.05,0,0.0417
"locus520",0,0.25,0.15,0.2273,0,0.1667,0.1111,0.1364,0.0625,0.05,0.25,0.1111,0,0.125,0.2222,0,0.1875,0.1111,0,0.1111,0.05,0.2,0.1364,0.125
"locus521",0.125,0.1875,0.05,0,0.3571,0,0.1667,0.0455,0.0625,0.1,0,0.1111,0.125,0.0417,0,0.1667,0,0,0,0,0,0,0.2273,0.0833
"locus522",0,0,0.05,0,0.0714,0,0.1667,0.0455,0,0,0.0625,0,0,0,0,0,0,0,0.0833,0,0.05,0.15,0.0455,0.0417
"locus523",0.25,0.4375,0.45,0.3182,0.4286,0.5,0.3889,0.3182,0.375,0.45,0.5,0.2222,0.5,0.4583,0.2778,0.3333,0.4375,0.5,0.3333,0.4444,0.25,0.45,0.3636,0.3333
"locus524",0.1667,0,0,0,0,0,0.0556,0.0455,0,0,0.125,0,0,0.0833,0.1111,0,0.0625,0,0,0,0.15,0.1,0,0
"locus525",0.0417,0.0625,0,0.1818,0,0.0417,0,0,0,0.25,0,0,0,0,0,0,0,0,0,0,0.1,0,0,0
"locus526",0.125,0.25,0.05,0.0455,0.1429,0.125,0,0.1364,0.0625,0,0.125,0.1111,0.1875,0.0417,0,0.1667,0.0625,0,0,0,0,0,0.0455,0.25
"locus527",0,0,0,0.0455,0,0.125,0.1667,0,0.3125,0.05,0.125,0.2222,0.0625,0.0833,0,0,0,0,0.25,0,0,0.1,0,0.125
"locus528",0.0417,0.0625,0,0,0,0.0417,0,0,0.25,0.15,0,0,0,0,0.0556,0,0,0,0.1667,0,0.05,0,0,0
"locus529",0.1667,0.125,0,0,0,0,0,0,0.0625,0,0,0.0556,0,0.0417,0.3333,0,0.0625,0,0.0833,0.2778,0.05,0,0.2273,0.0833
"locus530",0.1667,0.3125,0.05,0.0455,0,0.25,0.0556,0,0,0.05,0.125,0,0.0625,0.0417,0.0556,0.1667,0.125,0.1667,0.0833,0.1111,0.15,0.1,0,0.0417
"locus531",0.0833,0.375,0.3,0.2273,0.5,0.375,0.3889,0.0909,0.0625,0.3,0.125,0.2778,0.3125,0.3333,0.2222,0,0.4375,0.1111,0.0833,0.1111,0.1,0.45,0.2273,0.375
"locus532",0.4167,0.5,0.45,0.4545,0,0.1667,0.2778,0.3182,0.375,0.3,0.25,0.1111,0.4375,0.4167,0.5,0.1667,0.4375,0.5,0.1667,0.3889,0.25,0.35,0.3636,0.0417
"locus533",0.1667,0,0,0.0455,0.0714,0,0.1111,0,0,0,0.0625,0.0556,0.0625,0,0.2222,0,0,0.0556,0,0,0.05,0,0.0909,0.0833
"locus534",0,0,0.1,0,0,0.0417,0,0.0909,0,0.05,0,0,0,0.0417,0,0,0.125,0,0.0833,0,0,0,0.0455,0
"locus535",0.2917,0.4375,0.25,0.2727,0.2857,0.2917,0.2222,0.2273,0.25,0.4,0.375,0.2778,0.25,0.2917,0.3889,0.1667,0.1875,0.5,0.4167,0.2778,0.35,0.3,0.3182,0.0833
"locus536",0.4583,0.5,0.4,0.0909,0.3571,0.25,0.4444,0.4545,0.3125,0.2,0.25,0.3889,0.4375,0.4167,0.3333,0.5,0.4375,0.2778,0.5,0.4444,0.4,0.5,0.5,0.375
"locus537",0,0,0.05,0.0455,0.2857,0.0417,0.3889,0.0455,0,0.05,0.125,0,0,0.2083,0.0556,0,0.0625,0.0556,0.0833,0,0.05,0,0.0455,0.3333
"locus538",0,0.0625,0.05,0,0.0714,0.0833,0,0.0455,0.0625,0.05,0,0,0,0.0417,0,0.1667,0.0625,0,0,0.0556,0,0,0,0.0417
"locus539",0,0,0.05,0,0,0,0,0.0909,0.0625,0,0,0,0.125,0.0417,0,0,0,0.3889,0,0,0,0,0.0455,0
"locus540",0.4167,0.25,0.05,0.3636,0.4286,0.4167,0.1111,0.0909,0.0625,0.45,0.0625,0.2222,0,0.0417,0.3333,0.3333,0.0625,0.0556,0,0.3333,0.45,0.2,0.4091,0.25
"locus541",0,0.1875,0,0,0,0.0417,0,0.0455,0.125,0.15,0,0,0,0,0.0556,0.1667,0.125,0.1667,0.0833,0.0556,0.05,0,0,0.0417
"locus542",0.0417,0.3125,0.4,0.2727,0.0714,0.2917,0.0556,0.4545,0.125,0.35,0.1875,0.3889,0.375,0.25,0.1667,0.1667,0.1875,0.5,0.3333,0.3333,0.1,0.35,0.0455,0.0417
"locus543",0.0833,0.0625,0.05,0,0,0.0417,0.0556,0.1364,0,0.05,0,0,0.0625,0,0,0,0.0625,0,0.1667,0,0,0,0.0455,0.125
"locus544",0.375,0.3125,0.4,0.3182,0.0714,0.2083,0.0556,0.3182,0.25,0.05,0.25,0,0.4375,0.1667,0.2222,0.1667,0.1875,0.1111,0,0.5,0.4,0.35,0.1818,0.0417
"locus545",0.0417,0.1875,0,0.0455,0,0.0417,0,0,0,0,0,0,0,0.0833,0.0556,0.1667,0,0,0,0,0,0.05,0,0
"locus546",0.0833,0.0625,0.05,0,0,0,0,0.0909,0.3125,0,0,0,0.125,0.125,0.5,0,0.1875,0.1667,0,0,0.05,0,0.0455,0
"locus547",0.4583,0.4375,0.35,0.1818,0.1429,0.4583,0.2778,0.2273,0.4375,0.5,0.5,0.3889,0.125,0.25,0.1111,0.5,0.375,0.2778,0.4167,0.5,0.2,0.25,0.0909,0.2083
"locus548",0.0417,0,0.05,0.0455,0,0,0.0556,0,0.125,0,0,0,0,0.0833,0.1667,0,0,0,0,0.2222,0,0.1,0.2273,0
"locus549",0,0,0.1,0.0455,0.1429,0.0833,0.0556,0.0909,0.3125,0.05,0.0625,0.0556,0,0.0417,0,0.1667,0.0625,0,0,0,0.05,0,0.0455,0.0833
"locus550",0.0417,0,0.1,0,0,0.0833,0.0556,0.0909,0,0.1,0,0,0.25,0.0833,0,0,0.0625,0,0.0833,0,0.05,0.05,0,0
"locus551",0,0.0625,0.15,0.3182,0,0,0.0556,0.0455,0.4375,0.05,0.0625,0.0556,0.1875,0.0833,0.1667,0,0.0625,0.2222,0,0.1111,0.2,0.1,0.0909,0
"locus552",0.0417,0.125,0.1,0.1364,0.0714,0.0417,0.1111,0.0909,0,0,0.0625,0.1111,0,0.0833,0.2778,0,0.0625,0.0556,0.0833,0.1111,0.2,0.2,0.0455,0
"locus553",0.125,0.125,0.25,0.0455,0,0.125,0,0.3182,0.0625,0,0,0,0.0625,0.0833,0.1667,0.1667,0.125,0.1667,0,0.0556,0.05,0.05,0.0909,0.0417
"locus554",0,0.0625,0.05,0.1364,0,0,0.0556,0.0909,0.125,0,0,0,0,0.125,0,0.3333,0.125,0.2778,0,0,0,0.05,0,0.0833
"locus555",0.5,0.0625,0.3,0.3182,0.1429,0.0833,0,0.4091,0.0625,0.1,0.125,0,0.5,0.3333,0.4444,0.1667,0.3125,0.2778,0.0833,0.4444,0.15,0.2,0.5,0.0833
"locus556",0,0,0,0,0,0,0,0.1818,0,0,0,0,0,0.0417,0,0,0,0.1667,0,0,0.05,0.1,0.0455,0
"locus557",0.1667,0,0,0.1818,0.0714,0,0,0,0,0.05,0,0,0.125,0.0833,0.1667,0.1667,0.0625,0.1667,0,0.0556,0.25,0.15,0.0455,0
"locus558",0.125,0.1875,0,0.0455,0,0,0.0556,0,0.3125,0.1,0,0,0.125,0,0.0556,0,0.0625,0.0556,0.0833,0,0.15,0.1,0,0.0417
"locus559",0,0.0625,0.4,0.2273,0,0.2083,0.2222,0.2727,0.0625,0.1,0,0.0556,0.0625,0.2917,0.1111,0.1667,0.3125,0.1667,0.3333,0,0,0.2,0.1818,0.1667
"locus560",0,0.0625,0,0,0.0714,0,0,0,0,0.2,0,0.3333,0.0625,0.125,0,0,0,0,0,0,0,0,0.0455,0.0417
"locus561",0.0833,0,0,0.0455,0,0.0417,0,0.0909,0.125,0,0,0,0.0625,0,0.2222,0,0,0.0556,0,0,0.15,0.05,0,0
"locus562",0.2917,0,0,0,0,0,0,0.0455,0,0,0.0625,0,0,0,0.2778,0,0,0.1667,0,0.2222,0,0.1,0.1818,0
"locus563",0,0,0.05,0,0.2143,0.0417,0,0.0909,0,0,0,0.0556,0.0625,0.0833,0.0556,0,0.0625,0.0556,0,0,0.1,0,0.1818,0.125
"locus564",0.0417,0.125,0.15,0,0.2143,0.2083,0.1111,0.0909,0.1875,0.05,0.0625,0,0.3125,0.125,0,0,0.1875,0.1111,0.1667,0.0556,0,0,0,0.0417
"locus565",0.0417,0.0625,0,0,0,0,0,0.0909,0,0.05,0,0,0,0,0.2778,0,0,0.1111,0,0,0.05,0,0,0
"locus566",0.1667,0,0,0.0455,0,0,0.2778,0.0455,0,0,0.0625,0,0,0,0,0,0,0,0.0833,0,0.1,0,0.0455,0.0833
"locus567",0.0833,0.4375,0.5,0.1364,0.4286,0.375,0.1667,0.0909,0.4375,0.25,0.3125,0.3333,0.375,0.4167,0,0.1667,0.5,0.2222,0.0833,0.1667,0.35,0.3,0.2273,0.3333
"locus568",0,0,0.1,0,0.0714,0,0.0556,0.2273,0,0,0,0,0,0.1667,0,0.1667,0.0625,0.1111,0,0,0,0,0,0.0417
"locus569",0.2083,0.0625,0.45,0.1818,0,0,0.5,0.4091,0.25,0.1,0.125,0,0.25,0.2917,0.1111,0,0.25,0.1111,0.25,0.0556,0.05,0.2,0.0909,0.0417
"locus570",0.1667,0,0,0.1364,0,0,0,0.0455,0,0,0,0,0,0.0417,0,0,0,0.0556,0,0,0.05,0,0.0455,0
"locus571",0.0417,0,0.1,0,0,0,0,0.1364,0,0,0,0,0,0.0833,0,0,0,0.1111,0,0,0,0.15,0,0
"locus572",0.4583,0.375,0.3,0.3636,0.2143,0.2917,0.3889,0.4545,0.4375,0.45,0.3125,0.2778,0.375,0.3333,0.3889,0.3333,0.375,0.3333,0.1667,0.2222,0.35,0.35,0.4091,0.25
"locus573",0,0,0.1,0,0,0,0.0556,0,0,0,0,0,0,0.125,0.0556,0,0.125,0,0,0,0,0.05,0,0.0417
"locus574",0.125,0.125,0,0.0455,0.0714,0,0.1111,0.0455,0.0625,0.05,0,0,0,0.0417,0.0556,0,0.0625,0.0556,0.0833,0,0.05,0.05,0,0
"locus575",0,0,0,0,0.5,0,0.5,0,0,0,0.125,0,0,0,0,0,0.0625,0,0.25,0,0.05,0,0,0.25
"locus576",0,0,0.05,0,0,0.0833,0,0,0,0.2,0,0.1111,0.125,0,0,0.5,0,0,0,0.1111,0,0,0,0
"locus577",0.4583,0.3125,0.2,0.3636,0.1429,0.4167,0.2222,0.2727,0.375,0.3,0.4375,0.2778,0.4375,0.3333,0.4444,0.5,0.3125,0.3889,0.4167,0.1111,0.45,0.4,0.3636,0.3333
"locus578",0.125,0.0625,0,0,0,0,0,0.0455,0,0.05,0.1875,0,0,0,0.1667,0.1667,0,0,0.0833,0,0.1,0,0.0455,0
"locus579",0,0,0.15,0,0,0,0,0.2273,0,0,0,0,0,0.0833,0,0,0.0625,0.1111,0,0,0,0.15,0,0
"locus580",0,0.0625,0,0.1364,0,0,0,0,0.1875,0.1,0,0.3889,0,0,0.0556,0.1667,0,0,0.0833,0,0,0,0,0
"locus581",0.1667,0.4375,0.25,0.1818,0.3571,0.2083,0.3889,0.1818,0.375,0.45,0.0625,0.4444,0.125,0.25,0.2222,0.1667,0.125,0.3889,0.0833,0.1667,0.35,0.4,0.1818,0.2917
"locus582",0.375,0.375,0.05,0.4545,0,0.125,0.1111,0.3182,0.1875,0,0.4375,0,0.5,0.0833,0.3333,0.1667,0.0625,0.3889,0.0833,0.1111,0.45,0.15,0.4545,0.0833
"locus583",0.2083,0,0.05,0,0.2143,0,0.3333,0,0.1875,0,0,0,0.25,0,0.1667,0,0.25,0.3889,0,0,0.25,0.1,0.0455,0
"locus584",0,0,0,0,0,0.0833,0,0,0,0,0,0,0.125,0.1667,0,0,0.125,0,0,0,0,0,0,0.0417
"locus585",0,0,0,0,0,0.125,0.0556,0,0,0.15,0,0,0,0,0.0556,0,0.0625,0,0,0,0,0.1,0,0.0833
"locus586",0.0417,0,0.1,0.2273,0,0,0,0.0909,0,0.1,0.0625,0,0.0625,0.0417,0.0556,0.1667,0,0.1667,0,0,0.1,0.05,0,0.0417
"locus587",0.25,0,0.05,0,0,0,0,0.0455,0.3125,0.05,0.0625,0,0,0,0.2778,0,0.0625,0.3333,0,0,0.1,0.05,0,0
"locus588",0,0.0625,0.1,0,0,0.0833,0,0.2727,0,0.05,0,0.1667,0.0625,0.125,0,0,0.25,0,0,0,0.05,0.35,0,0
"locus589",0,0.0625,0.1,0,0,0,0.0556,0,0,0,0,0,0.0625,0.0417,0,0,0,0,0,0,0,0.2,0.0455,0
"locus590",0.1667,0.125,0.05,0,0,0.0417,0,0,0,0.1,0,0.1667,0.125,0.0417,0,0,0.0625,0,0,0.2222,0.15,0,0.0909,0.0417
"locus591",0.0417,0.1875,0,0,0,0.3333,0.1111,0.1364,0,0.05,0.0625,0,0,0.1667,0.1667,0.1667,0.125,0.1111,0,0,0.05,0.15,0.1818,0.125
"locus592",0,0.25,0,0,0,0.0417,0.0556,0.0455,0.25,0.15,0,0.1667,0,0.0417,0,0,0,0,0,0,0,0,0,0.0417
"locus593",0.0417,0,0,0,0.0714,0,0.0556,0,0,0.05,0,0.3333,0.0625,0,0,0,0,0,0,0,0,0.2,0,0.0417
"locus594",0.375,0.125,0.3,0.0909,0,0.0417,0.0556,0.3636,0,0,0.0625,0,0.1875,0.4167,0.1111,0,0.0625,0.2778,0.0833,0.0556,0.25,0.25,0.0455,0
"locus595",0,0,0,0,0,0,0,0,0,0,0,0.0556,0,0.0833,0,0,0,0.0556,0,0.4444,0,0,0,0
"locus596",0.0417,0,0,0.0455,0,0,0,0,0.125,0,0,0,0.125,0.0417,0,0,0,0,0,0.3889,0,0,0.3182,0.0417
"locus597",0,0.0625,0.05,0,0,0.0833,0.1111,0.1364,0,0.15,0.0625,0.0556,0.0625,0.125,0,0.1667,0,0.0556,0.1667,0.2222,0.05,0.05,0.0455,0.0417
"locus598",0,0,0,0.0455,0,0.0417,0,0.1364,0.1875,0,0,0.1111,0.0625,0.0417,0.1667,0,0.1875,0,0,0,0,0.05,0,0
"locus599",0.0833,0,0,0.2727,0,0,0,0,0,0,0,0,0,0,0,0.5,0,0,0,0,0.2,0,0,0
"locus600",0.2083,0.375,0.15,0.4545,0.4286,0.375,0.4444,0,0.25,0.3,0.4375,0.5,0.125,0.1667,0.3333,0.1667,0.0625,0.0556,0.25,0.2222,0.25,0,0.3636,0.4583
"locus601",0,0,0,0,0,0,0,0,0,0.05,0.0625,0,0.0625,0.0833,0,0,0,0,0.25,0.1667,0.2,0.05,0,0
"locus602",0.125,0.1875,0.2,0.1818,0.2857,0.0833,0.1667,0.2727,0.1875,0.15,0.25,0,0.3125,0.25,0.2778,0.1667,0.375,0.2778,0.25,0.1111,0.35,0.2,0.3636,0.0833
"locus603",0.4167,0.5,0.5,0.3636,0.4286,0.4583,0.3889,0.3636,0.4375,0.4,0.375,0.3889,0.4375,0.4583,0.3333,0.5,0.375,0.3889,0.4167,0.3333,0.45,0.35,0.4545,0.375
"locus604",0,0.0625,0.1,0,0,0,0.1667,0.2273,0,0.05,0,0.1111,0,0.1667,0.2222,0,0.0625,0.1111,0,0.0556,0,0.05,0.0455,0.0833
"locus605",0,0,0.05,0,0,0,0.1667,0.1364,0,0,0,0,0,0.0417,0.0556,0.1667,0.125,0.0556,0,0,0.05,0.05,0,0
"locus606",0.375,0,0,0.5,0,0,0.1111,0,0.125,0,0.0625,0,0.0625,0,0.3889,0.1667,0.0625,0.0556,0,0,0.15,0,0,0
"locus607",0,0.0625,0.05,0.1364,0.1429,0.125,0.1667,0.0909,0.25,0.25,0.1875,0.2222,0.1875,0.2083,0.0556,0,0.125,0.0556,0.1667,0.5,0,0.15,0.1364,0.0417
"locus608",0.0417,0,0.1,0,0,0.0417,0,0.1818,0,0.05,0.0625,0,0.125,0.0833,0.0556,0,0.125,0,0,0.1111,0,0,0.0455,0.0417
"locus609",0.25,0,0.05,0.2273,0,0,0,0.0909,0.0625,0.05,0.25,0,0.0625,0.0417,0.0556,0.1667,0,0,0,0.1111,0.15,0.05,0,0.0417
"locus610",0.0417,0,0,0.0909,0,0,0,0,0,0.05,0.0625,0,0,0.0417,0.2778,0.1667,0,0,0,0.3333,0,0,0.0455,0
"locus611",0,0,0.1,0.0455,0.2857,0.1667,0.3889,0,0.0625,0.05,0,0,0,0,0,0,0.125,0.0556,0.0833,0,0,0,0.0909,0.5
"locus612",0.5,0.1875,0.4,0.4545,0,0.125,0.1111,0.4091,0.375,0.05,0.125,0.0556,0.1875,0.4167,0.5,0.1667,0.4375,0.4444,0.25,0.5,0.45,0.4,0.1364,0.2083
"locus613",0.0417,0,0.2,0.0455,0,0.0417,0,0.0455,0,0,0.0625,0,0.125,0.25,0.0556,0,0,0,0,0,0,0,0.0455,0
"locus614",0.0833,0.25,0.1,0,0,0.125,0,0.0455,0.0625,0.05,0.0625,0,0.0625,0.0417,0.2222,0,0.1875,0.1111,0.0833,0.0556,0.1,0.15,0.2727,0
"locus615",0,0.0625,0,0.0455,0,0,0,0.0455,0.1875,0,0,0,0,0,0.0556,0,0,0.0556,0,0.1111,0.15,0,0.1364,0
"locus616",0.0833,0.0625,0.1,0.2273,0,0.0417,0,0.0455,0.3125,0.05,0.1875,0,0.1875,0,0.0556,0.1667,0.125,0.0556,0.0833,0,0.05,0.1,0.1364,0
"locus617",0.0833,0.0625,0.2,0.0909,0,0,0,0.2727,0.0625,0.05,0.0625,0,0.125,0.1667,0,0.5,0.1875,0.2778,0,0.1667,0.1,0.15,0.1364,0
"locus618",0,0,0.05,0,0,0.0833,0.0556,0,0,0.15,0,0,0,0.0417,0,0,0,0,0.1667,0.0556,0.05,0.05,0,0.1667
"locus619",0,0,0.05,0,0,0.0417,0.0556,0,0,0.1,0,0.2222,0,0.0833,0,0,0,0.1111,0,0.4444,0,0.1,0,0.0833
"locus620",0.1667,0,0.05,0,0,0.0833,0,0.0455,0.0625,0,0,0,0,0,0.1667,0,0,0,0,0,0,0.05,0,0.0417
"locus621",0,0.3125,0.05,0,0.4286,0.3333,0.2222,0.0455,0,0.5,0,0.4444,0.0625,0.1667,0,0,0.125,0.1667,0.0833,0.0556,0.1,0,0.2273,0.2917
"locus622",0,0.0625,0,0,0.0714,0.2083,0.1111,0,0,0.15,0,0.1111,0,0.0417,0,0,0,0,0,0,0,0.05,0,0
"locus623",0.125,0.1875,0.1,0,0,0.0833,0.1667,0.3182,0,0.05,0,0,0.25,0.125,0.1111,0,0.1875,0.2222,0.1667,0.4444,0,0.15,0.2273,0.125
"locus624",0.0417,0,0,0,0,0.0833,0.1111,0.0909,0,0,0,0.1111,0,0,0,0,0,0,0.0833,0,0,0.1,0,0.2083
"locus625",0,0,0,0,0,0,0.1111,0.0455,0,0,0.0625,0,0,0.0417,0,0,0,0.0556,0,0.1667,0,0,0.0909,0.125
"locus626",0,0.0625,0.05,0,0,0,0.0556,0.0455,0.0625,0.15,0.0625,0,0,0,0.0556,0,0.25,0,0.1667,0,0.05,0.2,0.0455,0.0417
"locus627",0.2083,0.3125,0.4,0,0,0.0833,0.1111,0.5,0.25,0.45,0.0625,0.2778,0.375,0.375,0.1667,0.1667,0.1875,0.3333,0.0833,0.1111,0.1,0.4,0.2273,0
"locus628",0.125,0.1875,0.1,0.1818,0.0714,0.25,0.3333,0,0.0625,0.15,0.0625,0,0,0.0417,0,0,0.1875,0.2222,0.3333,0.0556,0.25,0.1,0,0.2083
"locus629",0.3333,0.4375,0.45,0.3636,0,0.125,0.2778,0.4545,0.5,0.15,0.3125,0.2222,0.4375,0.4583,0.5,0.5,0.4375,0.4444,0.1667,0.4444,0.3,0.45,0.4545,0.2917
"locus630",0.125,0,0,0,0,0.0417,0,0.0455,0,0.05,0,0,0,0.0417,0.0556,0,0.0625,0,0,0,0.1,0.05,0,0
"locus631",0,0.1875,0.4,0.0455,0.2143,0.0417,0.2222,0.0909,0.0625,0.05,0,0.1111,0.125,0.2917,0.1667,0,0.4375,0,0,0.0556,0.1,0,0.1364,0.0833
"locus632",0.4167,0.125,0.2,0.3182,0.0714,0.2083,0.4444,0.1364,0.25,0.45,0.125,0.2222,0.1875,0.0833,0.3333,0.5,0.125,0.2222,0.3333,0.3889,0.15,0.2,0.3182,0.2917
"locus633",0.25,0,0.05,0,0,0.0417,0,0.0455,0,0.05,0,0,0.0625,0.0417,0.2222,0,0,0,0,0.1111,0.3,0.1,0.0909,0
"locus634",0,0,0.05,0,0,0,0.0556,0,0,0.05,0,0.1111,0,0.0833,0,0,0.125,0,0,0.0556,0,0.05,0,0.0417
"locus635",0.0833,0,0.1,0.0455,0,0.125,0.1667,0.2727,0.0625,0.05,0.0625,0,0.0625,0.0833,0,0,0,0.0556,0,0,0,0.1,0.1364,0.0833
"locus636",0.0833,0.375,0,0.0909,0.2857,0.1667,0.2778,0.0455,0.0625,0.3,0,0.3889,0.125,0.0833,0.2222,0,0.0625,0.0556,0.0833,0.0556,0,0.05,0.3182,0.2083
"locus637",0.125,0.0625,0,0.1818,0,0,0,0,0.125,0,0,0,0.0625,0,0.2222,0,0,0.0556,0,0.2222,0,0,0.0455,0
"locus638",0.125,0.0625,0.1,0,0,0.0833,0.1111,0.0455,0.25,0,0,0.0556,0,0.2083,0.1667,0,0.125,0,0,0,0,0.1,0.0909,0.125
"locus639",0.4167,0.375,0.4,0.2273,0.0714,0,0.3889,0.1818,0.3125,0.1,0.1875,0.0556,0.3125,0.2083,0.3889,0.1667,0.125,0.2222,0.3333,0.2222,0.4,0.2,0.4545,0.3333
"locus640",0.0417,0,0.15,0,0,0,0,0.0455,0.125,0,0.0625,0,0.0625,0.0417,0.0556,0.1667,0,0,0,0.0556,0.05,0,0,0.125
"locus641",0.3333,0,0.05,0.3182,0,0,0.1667,0,0.0625,0,0.0625,0,0.125,0.0417,0.2778,0,0,0.0556,0,0.3333,0.05,0,0.1364,0
"locus642",0.0833,0.125,0,0.0455,0.2857,0,0.1111,0,0,0,0.125,0,0,0.0417,0.1111,0.1667,0,0.0556,0.0833,0.0556,0.05,0,0.0909,0.0417
"locus643",0,0,0.05,0,0,0,0.1111,0.1818,0.1875,0,0.125,0,0.3125,0.1667,0,0,0.125,0.1111,0.0833,0,0.05,0.1,0,0.0417
"locus644",0,0,0.05,0.0455,0,0.0833,0.1667,0,0,0,0,0.1111,0,0,0,0,0,0,0.0833,0,0,0.15,0,0.1667
"locus645",0.0417,0.25,0.1,0.0455,0.2143,0.2917,0.2222,0,0,0.05,0.0625,0.2222,0.1875,0.1667,0,0,0.125,0.0556,0.5,0,0.05,0.05,0,0.25
"locus646",0,0.0625,0,0,0,0.1667,0.1111,0,0,0.1,0,0.1667,0,0,0,0,0,0,0,0,0,0,0,0.125
"locus647",0.0833,0.3125,0.4,0,0.3571,0.375,0.2222,0.1364,0.3125,0.25,0.0625,0.4444,0.1875,0.375,0.3889,0.1667,0.5,0.5,0.1667,0,0.1,0.05,0.0455,0.4167
"locus648",0,0.0625,0,0,0,0.0833,0.1111,0.0455,0,0,0,0,0.0625,0.0417,0,0,0.0625,0,0,0,0,0.2,0.0455,0.0833
"locus649",0.0833,0.125,0,0.0455,0.0714,0.125,0.1111,0.1364,0.0625,0.25,0.125,0.2778,0.125,0,0.1667,0.3333,0.375,0.2778,0,0,0.1,0.1,0.1818,0
"locus650",0.1667,0.375,0,0.3636,0,0.375,0,0.0455,0.1875,0.35,0,0.5,0.1875,0.0833,0.3333,0.3333,0.0625,0,0,0.5,0.35,0.2,0.2727,0.0833
"locus651",0.0833,0.0625,0.05,0.0455,0,0,0,0.0455,0.0625,0,0,0,0,0.0417,0,0.5,0.1875,0.0556,0,0,0,0,0,0
"locus652",0.0417,0.0625,0.05,0,0,0.0417,0.1111,0.0909,0.1875,0,0.25,0,0.0625,0,0.2778,0.1667,0,0.0556,0.1667,0,0.15,0,0.2273,0.0417
"locus653",0.3333,0.375,0.45,0.2727,0.3571,0.2917,0.3333,0.5,0.4375,0.5,0.4375,0.3333,0.5,0.375,0.5,0.5,0.1875,0.5,0.3333,0.3333,0.5,0.25,0.3182,0.3333
"locus654",0.375,0.0625,0.1,0.0909,0,0,0.0556,0.1818,0.25,0,0,0,0.1875,0.0417,0.4444,0.1667,0.0625,0.2778,0.1667,0.0556,0.25,0.15,0.1818,0
"locus655",0.125,0,0,0.0455,0,0,0.0556,0,0,0,0,0,0,0,0.1667,0,0.0625,0,0,0.0556,0.05,0,0.0455,0
"locus656",0.1667,0.5,0.4,0.2727,0.4286,0.25,0.4444,0.3636,0.4375,0.35,0.375,0.2222,0.25,0.2917,0.3333,0.3333,0.375,0.2222,0.5,0.1667,0.25,0.35,0.5,0.2917
"locus657",0.0417,0,0.15,0.0455,0,0,0,0.1364,0,0,0,0,0.0625,0.0417,0,0.1667,0.0625,0.1111,0,0,0.2,0.05,0.0455,0
"locus658",0,0,0,0,0.0714,0,0.1667,0,0,0,0,0,0,0.0417,0,0,0,0,0,0,0,0,0.0455,0.2917
"locus659",0.375,0.25,0.45,0.2727,0.1429,0.0833,0.2778,0.4545,0.125,0.05,0.5,0.0556,0.4375,0.4583,0.5,0.1667,0.3125,0.3333,0.1667,0.2778,0.3,0.4,0.2273,0.2917
"locus660",0.4167,0,0.1,0.2727,0,0.0833,0.1667,0,0.4375,0.05,0.1875,0,0.1875,0.125,0.4444,0.3333,0.125,0.2778,0.3333,0.4444,0.4,0.1,0.4091,0.125
"locus661",0.1667,0.0625,0,0.1364,0,0.0833,0.0556,0,0,0,0.25,0,0.0625,0.0417,0.1111,0.1667,0,0,0.1667,0.1111,0.25,0.1,0.1818,0.0833
"locus662",0,0,0,0,0.0714,0,0,0.0909,0.0625,0.05,0,0,0,0.0833,0.0556,0,0,0,0,0.0556,0.1,0,0,0
"locus663",0,0,0.05,0.0455,0,0.125,0.0556,0,0,0,0,0,0,0.0417,0,0,0,0,0,0,0,0.2,0.0455,0
"locus664",0,0,0,0.0455,0,0,0.0556,0.1364,0,0,0,0,0,0,0,0,0,0.0556,0.1667,0,0.05,0.1,0.2273,0.0833
"locus665",0.125,0.25,0,0,0.2143,0.25,0,0.2727,0.0625,0.05,0,0,0.1875,0.25,0.2222,0,0,0.3333,0,0.0556,0.1,0.2,0.1364,0.1667
"locus666",0,0.0625,0.05,0,0,0.1667,0.1111,0,0,0,0,0,0,0.0417,0.1111,0,0,0,0,0.0556,0,0.1,0,0.0417
"locus667",0,0.0625,0,0,0.0714,0,0.0556,0.0909,0.0625,0.05,0,0.1111,0.0625,0.0417,0,0,0.0625,0,0.0833,0,0,0.1,0.1364,0
"locus668",0,0.0625,0.15,0.0455,0.2857,0.125,0.3333,0.2273,0,0,0.0625,0,0.25,0.125,0,0.1667,0.3125,0.0556,0.3333,0.0556,0.05,0,0.1818,0.2917
"locus669",0.0417,0.0625,0,0,0,0,0,0.0455,0,0,0.0625,0,0,0.0833,0,0,0,0.0556,0.0833,0,0,0,0.1364,0
"locus670",0,0,0,0.0909,0,0,0,0.0455,0,0,0,0,0,0.0833,0.0556,0,0.25,0,0,0,0,0,0.1818,0
"locus671",0.2917,0.4375,0.3,0.0909,0.3571,0.2917,0.3889,0.4545,0.3125,0.4,0.375,0.2222,0.3125,0.4167,0.3333,0.1667,0.375,0.3889,0.4167,0.4444,0.25,0.1,0.4091,0.4167
"locus672",0.3333,0.1875,0.15,0.0455,0,0.125,0.2222,0.2727,0.1875,0.05,0.125,0.0556,0.125,0.25,0.3333,0,0.1875,0.0556,0.1667,0.1111,0.2,0.2,0.3182,0
"locus673",0.0833,0,0,0,0.0714,0,0.1111,0,0,0.25,0.0625,0.1111,0.0625,0.0417,0,0,0.0625,0,0,0,0.1,0.2,0,0.25
"locus674",0,0.25,0.05,0.0909,0.3571,0.5,0.3889,0.1818,0.4375,0.35,0.125,0.4444,0.1875,0.1667,0.1667,0,0.0625,0.2222,0,0.0556,0.2,0.2,0.2727,0.4583
"locus675",0,0.125,0.05,0,0.3571,0.2083,0.1111,0.0455,0,0.4,0.125,0.3889,0,0.125,0,0.1667,0.0625,0.0556,0,0,0,0.1,0.1364,0.0417
"locus676",0.2083,0.5,0.25,0.4545,0.3571,0.375,0.4444,0.1818,0.0625,0.2,0.4375,0.3889,0,0.375,0,0.1667,0.25,0.1111,0.4167,0.1667,0.35,0.4,0.4545,0.2917
"locus677",0.125,0,0,0,0,0,0.0556,0.0909,0,0,0,0,0,0.0833,0.1667,0.3333,0,0.3333,0,0.0556,0.05,0,0.1364,0.2917
"locus678",0.0417,0.0625,0,0,0.0714,0.1667,0.2222,0,0,0,0,0.1111,0,0,0,0,0.0625,0,0,0.0556,0,0,0.1364,0.0417
"locus679",0,0,0.05,0.1818,0,0.0417,0,0,0,0.05,0.0625,0,0,0.0417,0.0556,0,0,0,0,0,0.05,0.05,0,0.0833
"locus680",0.3333,0,0.05,0.0909,0,0,0,0,0.125,0.05,0.0625,0,0.0625,0.0417,0.3889,0,0.0625,0,0,0.3889,0.2,0.2,0.0455,0.0417
"locus681",0.0833,0.0625,0,0,0,0,0.1111,0,0,0,0,0,0,0.0417,0.1667,0.1667,0.0625,0,0,0,0.05,0.05,0.1364,0
"locus682",0.0417,0.3125,0.05,0,0,0.25,0,0,0,0.2,0,0.3333,0.125,0,0.1111,0,0,0.0556,0,0,0.05,0,0.0455,0
"locus683",0.3333,0.4375,0.5,0.5,0.0714,0.125,0.3889,0.5,0.4375,0.1,0.5,0,0.4375,0.5,0.5,0.5,0.5,0.4444,0.1667,0.5,0.4,0.45,0.4545,0.2917
"locus684",0.125,0.375,0.25,0.1818,0,0,0.2222,0.2727,0.5,0.1,0.125,0.0556,0.1875,0.125,0.1111,0,0.375,0,0.1667,0.2222,0.2,0.4,0.1818,0.0417
"locus685",0,0.125,0.05,0,0.0714,0.1667,0.1667,0,0,0.25,0,0.0556,0,0,0,0,0,0,0.1667,0,0,0,0,0.0417
"locus686",0.4583,0.1875,0.4,0.1818,0.0714,0.1667,0.1667,0.2727,0,0.05,0,0,0.375,0.3333,0.3333,0.3333,0.1875,0.4444,0.25,0.0556,0.35,0.25,0.1818,0.0833
"locus687",0.2083,0,0,0,0,0,0,0.3182,0.0625,0.05,0.125,0.2222,0.125,0.0417,0.2778,0,0.0625,0.1667,0,0,0.2,0.1,0,0
"locus688",0,0.1875,0,0,0.4286,0.2917,0.0556,0.0455,0,0.3,0.125,0.3333,0.0625,0,0,0,0.125,0.0556,0.0833,0,0,0,0.0909,0.1667
"locus689",0.4583,0.1875,0.4,0.2727,0.0714,0.0833,0.0556,0.4545,0.4375,0,0.25,0.0556,0.4375,0.2083,0.4444,0.3333,0.125,0.3889,0.0833,0.0556,0.05,0.45,0.0909,0.2083
"locus690",0.1667,0.3125,0.05,0.0909,0.5,0.2083,0.3333,0.0909,0.125,0.15,0.0625,0.5,0.0625,0.2083,0.0556,0,0.125,0,0.1667,0,0.1,0.1,0.1364,0.2083
"locus691",0.2917,0,0.3,0.0909,0,0,0.0556,0.3182,0,0.1,0.125,0,0.25,0.4583,0.3889,0,0.3125,0.2222,0,0.3333,0.1,0.3,0.1364,0
"locus692",0,0,0.05,0,0.0714,0.2083,0.1111,0.0909,0,0.1,0.125,0.2222,0.125,0.0417,0,0,0.0625,0.1111,0.4167,0,0.05,0.05,0.0455,0.1667
"locus693",0.25,0.125,0,0,0,0.0417,0,0,0.0625,0.05,0.0625,0,0,0,0.1111,0,0.0625,0,0,0,0.15,0.05,0.0455,0
"locus694",0,0.0625,0.05,0,0.1429,0,0,0.0909,0,0.05,0,0,0.0625,0.1667,0.1111,0,0.125,0,0,0,0,0.1,0.0455,0
"locus695",0.2083,0.5,0.2,0.3636,0.5,0.25,0.1667,0.1818,0.375,0.35,0.1875,0.3333,0.25,0.4167,0.0556,0.1667,0.375,0.2778,0.4167,0.1111,0.15,0.2,0.2727,0.0833
"locus696",0.0833,0.0625,0.05,0,0,0,0,0.1364,0,0.05,0,0,0.0625,0.125,0,0,0.125,0.1111,0,0,0,0,0.0909,0.0833
"locus697",0.125,0.0625,0.05,0,0,0,0,0,0,0,0,0,0,0,0,0,0,0.0556,0,0.3333,0,0,0.0455,0
"locus698",0.1667,0,0.2,0.0455,0.2143,0.0833,0,0.1364,0.0625,0.05,0.25,0,0.3125,0.0833,0.1667,0,0.25,0,0.25,0.0556,0.1,0.1,0,0.125
"locus699",0.1667,0.1875,0.45,0.3182,0,0.0833,0,0.3636,0.1875,0.05,0.3125,0,0.5,0.4583,0.3333,0.3333,0.5,0.3333,0.0833,0.3889,0.25,0.3,0.2727,0.0417
"locus700",0.0833,0.0625,0,0.0455,0,0.0417,0,0.0455,0.0625,0.05,0.0625,0.1111,0,0.0833,0.2222,0.1667,0.0625,0,0.0833,0,0.05,0.05,0.0455,0
"locus701",0.1667,0.375,0.45,0.4091,0.0714,0.3333,0.1667,0.2727,0.5,0.15,0.125,0.2778,0.375,0.4583,0.3889,0.5,0.375,0.4444,0.0833,0.4444,0.45,0.25,0.4545,0.1667
"locus702",0.2083,0.125,0.5,0.1364,0,0.0833,0.0556,0.4545,0.3125,0.05,0.0625,0.0556,0.4375,0.4583,0.2222,0.1667,0.5,0.3889,0.1667,0,0.05,0.4,0,0.0417
"locus703",0.1667,0.1875,0.45,0.2727,0,0.1667,0.2222,0.3636,0.5,0.1,0.25,0.1667,0.1875,0.4167,0.2222,0.5,0.1875,0.4444,0.4167,0.3333,0.2,0.3,0.2273,0.125
"locus704",0,0.0625,0.05,0.0909,0,0.125,0,0,0,0.05,0,0.0556,0.1875,0.0417,0,0.3333,0,0.0556,0.25,0,0,0,0.0909,0
"locus705",0.25,0.5,0.25,0.4091,0.4286,0.4583,0.2778,0.4545,0.3125,0.4,0.3125,0.4444,0.125,0.25,0.5,0.5,0.375,0.5,0.4167,0.2222,0.5,0.45,0.3636,0.375
"locus706",0.3333,0.375,0.1,0.1364,0.0714,0.3333,0.3333,0.1818,0.375,0.25,0.3125,0.3889,0.1875,0.2917,0.3333,0,0.125,0.3333,0.1667,0.4444,0.25,0.1,0.4545,0.25
"locus707",0.375,0.4375,0.35,0.1818,0.4286,0.4583,0.5,0.4091,0.375,0.35,0.3125,0.3333,0.25,0.25,0.4444,0.5,0.375,0.4444,0.4167,0.3333,0.35,0.3,0.3636,0.4583
"locus708",0.25,0,0.05,0.0909,0,0,0.0556,0,0,0,0.3125,0,0,0.125,0,0.3333,0,0.0556,0,0,0.35,0,0,0
"locus709",0.125,0,0,0,0,0,0.0556,0.0909,0.125,0,0,0,0,0.0417,0.2222,0,0,0.0556,0,0.1111,0.15,0.05,0.0909,0.0833
"locus710",0.125,0,0.2,0,0,0.0417,0.0556,0.0909,0.25,0,0.125,0,0.3125,0.1667,0.1111,0,0.0625,0.0556,0.0833,0,0.2,0.2,0,0
"locus711",0.0417,0,0.1,0.1364,0,0.0417,0.0556,0.0455,0.0625,0.15,0.0625,0.0556,0.1875,0.0417,0.0556,0.1667,0.0625,0.0556,0.0833,0.2222,0,0.2,0.0455,0
"locus712",0.0833,0.375,0.1,0.1364,0,0.375,0.1667,0,0.1875,0.45,0,0.3333,0,0.0833,0.0556,0.1667,0,0.0556,0,0.1111,0.25,0,0.3182,0.0417
"locus713",0.25,0.0625,0.2,0.0455,0,0,0.1667,0,0.0625,0.05,0.125,0,0.25,0.0833,0.4444,0,0.3125,0.0556,0,0.3889,0.25,0.1,0.0455,0.0833
"locus714",0.3333,0.4375,0.35,0.1364,0.1429,0.25,0.1111,0.3182,0.3125,0.3,0.375,0.1667,0.4375,0.4167,0.3333,0.3333,0.375,0.3889,0.25,0.3333,0.35,0.4,0.2273,0.2083
"locus715",0.0417,0.5,0.05,0.4091,0.2143,0.2083,0.0556,0.1364,0,0.15,0.0625,0.2222,0.375,0.125,0.1111,0,0.1875,0.1111,0.0833,0.0556,0.1,0.15,0.0909,0.2083
"locus716",0.125,0,0,0,0,0,0,0,0.0625,0,0,0,0,0,0.0556,0,0,0,0,0.2778,0,0,0,0
"locus717",0.0833,0.375,0.4,0.0455,0.4286,0.4583,0.4444,0.3182,0.3125,0.25,0.125,0.1111,0.1875,0.25,0.1667,0,0.4375,0.3333,0.4167,0,0.1,0.5,0.3182,0.25
"locus718",0.375,0.1875,0.45,0.2273,0,0.0833,0,0.2727,0.5,0,0.5,0.0556,0.3125,0.25,0.4444,0.3333,0.5,0.3333,0.1667,0.1111,0.3,0.35,0.2273,0
"locus719",0.0833,0,0.05,0,0,0,0,0,0,0.1,0,0.1111,0,0,0.1667,0.3333,0,0,0,0,0,0.05,0,0
"locus720",0,0.0625,0.1,0.0909,0.1429,0.1667,0.4444,0,0,0.05,0.0625,0.1111,0,0.1667,0.0556,0.1667,0.1875,0.1111,0.3333,0.1667,0.05,0.25,0.1364,0.2083
"locus721",0.125,0,0,0.0909,0,0,0.0556,0.0455,0,0,0.0625,0,0,0.0417,0.3333,0,0,0.0556,0,0,0.05,0.1,0.0455,0.125
"locus722",0,0,0.05,0,0,0,0,0.0455,0.0625,0.05,0,0,0.125,0.1667,0,0,0.0625,0,0,0.1111,0.1,0,0,0
"locus723",0.1667,0,0.05,0.1364,0,0.0417,0,0.0455,0,0.1,0.0625,0,0.0625,0.0833,0.0556,0,0.0625,0,0,0.2778,0.25,0.25,0.0909,0
"locus724",0,0,0.1,0.0455,0.2857,0.4167,0.3889,0.0455,0,0.3,0,0.3889,0.0625,0,0,0,0,0.0556,0,0.1667,0.05,0,0.0909,0.1667
"locus725",0.2083,0,0.05,0,0,0,0.0556,0.1364,0,0,0,0,0.0625,0.0417,0.1667,0,0,0.2222,0,0,0.4,0,0,0
"locus726",0.1667,0.4375,0.35,0.1364,0.1429,0.5,0.5,0.2727,0.125,0.2,0.3125,0.2778,0.375,0.1667,0.3333,0.1667,0.125,0,0.4167,0.0556,0.25,0.35,0.3182,0.4167
"locus727",0,0,0,0.0909,0,0.0417,0,0,0,0,0.0625,0,0,0,0,0,0,0,0.0833,0.3333,0,0.05,0.0909,0.0417
"locus728",0,0,0,0,0.2857,0.4583,0.3333,0,0.0625,0,0,0,0,0.0417,0,0.1667,0,0,0.0833,0,0.1,0,0.1818,0.125
"locus729",0.0833,0,0,0.1364,0.0714,0.0417,0,0.0455,0.3125,0.05,0,0,0.0625,0.0417,0.0556,0,0.1875,0.0556,0,0,0,0,0.0455,0.125
"locus730",0.0417,0,0,0,0.0714,0.0833,0,0.0455,0.0625,0.05,0,0,0.125,0.0833,0.0556,0,0.0625,0.1111,0.0833,0,0,0,0.0455,0.125
"locus731",0.375,0.5,0.15,0.4545,0.3571,0.2917,0.2778,0.1364,0.5,0.35,0.5,0.3333,0.5,0.375,0.3333,0.1667,0.375,0.2222,0.4167,0.2778,0.45,0.35,0.4545,0.5
"locus732",0.0833,0,0.05,0,0,0,0,0.1818,0,0,0,0,0.1875,0.0833,0.1111,0,0.0625,0.1667,0.0833,0,0.1,0.1,0,0.0417
"locus733",0.1667,0.1875,0.05,0.0455,0,0.0417,0.1111,0.1818,0.0625,0.1,0.0625,0,0.0625,0.0417,0.1111,0,0.125,0.1111,0,0,0.1,0.05,0.0909,0.0417
"locus734",0,0.25,0.1,0.0909,0,0.0833,0,0.0455,0,0,0,0.1111,0,0,0.0556,0,0,0,0,0,0.05,0.15,0,0
"locus735",0,0.1875,0.1,0.4091,0.1429,0.1667,0.2778,0.0909,0.0625,0.25,0.125,0.1111,0.5,0.125,0.1111,0.3333,0.1875,0,0.25,0.0556,0.2,0.1,0.0909,0.375
"locus736",0.0833,0,0.1,0.3182,0,0,0,0,0,0.05,0,0,0,0.0833,0,0,0.0625,0,0,0,0.25,0,0.3182,0
"locus737",0.25,0.125,0.05,0.0909,0.2143,0.0833,0.0556,0,0.0625,0.05,0.125,0,0.1875,0,0.4444,0.5,0.1875,0.1111,0.0833,0,0.3,0,0.3182,0.0417
"locus738",0.0417,0.125,0.15,0,0.0714,0,0.3889,0.0455,0.0625,0.05,0.375,0,0.1875,0.2083,0.1667,0,0.125,0,0.1667,0,0.1,0.1,0.1818,0.2917
"locus739",0.3333,0.3125,0.2,0.3182,0.4286,0.5,0.2222,0.0909,0.1875,0.15,0.125,0,0.125,0.125,0.3889,0,0.1875,0.2222,0,0,0.3,0.25,0.3182,0.1667
"locus740",0.4583,0,0,0.4545,0,0,0,0,0,0,0.125,0,0.0625,0.0417,0.3889,0,0,0.0556,0,0.2222,0.1,0,0.3182,0
"locus741",0.0833,0,0,0.0909,0,0,0,0.0455,0,0,0,0,0.125,0,0.0556,0,0,0,0.0833,0.1111,0,0.05,0,0
"locus742",0.3333,0.25,0.45,0.4091,0.1429,0.5,0.3333,0.4091,0.5,0.05,0.4375,0.1111,0.375,0.25,0.3889,0.1667,0.25,0.3889,0.5,0.3333,0.4,0.3,0.3182,0.2917
"locus743",0,0.125,0,0,0,0.0833,0,0,0,0.2,0,0.2778,0,0,0,0,0,0.0556,0,0,0,0.05,0,0
"locus744",0.0833,0,0.05,0,0,0,0,0.1364,0,0,0,0,0.0625,0,0.2778,0,0.0625,0,0,0.0556,0,0,0.3182,0
"locus745",0,0.0625,0,0.0455,0.0714,0.0417,0.0556,0.0455,0,0,0,0,0,0.0417,0,0,0,0,0.0833,0,0,0.05,0,0.0417
"locus746",0.2917,0.0625,0,0.1364,0,0.125,0,0.0909,0.25,0.05,0.0625,0.0556,0,0,0.1111,0.3333,0.0625,0.2222,0,0.4444,0.3,0,0.3636,0
"locus747",0,0.125,0.05,0,0,0,0.0556,0,0.0625,0.05,0,0.1667,0.0625,0.0833,0,0,0.125,0.1667,0,0,0,0.1,0,0.0417
"locus748",0.0833,0.25,0.15,0.0455,0,0,0.0556,0.1364,0.125,0.05,0.0625,0.0556,0,0.0417,0.0556,0.5,0.125,0.0556,0,0.1667,0.15,0.1,0.0909,0
"locus749",0.1667,0.0625,0.2,0.0909,0.1429,0.125,0.2222,0.0909,0.25,0.05,0.1875,0.1111,0.1875,0.125,0.1667,0.1667,0.0625,0.1667,0.0833,0.2222,0,0.15,0.1364,0.3333
"locus750",0.0417,0.0625,0,0,0,0.0833,0,0.0455,0.0625,0,0.0625,0,0,0,0,0,0.0625,0,0,0,0.15,0,0.0455,0.0417
"locus751",0.2083,0.125,0.05,0.0909,0.2143,0.2083,0.0556,0,0.1875,0.2,0,0.2222,0.0625,0.0833,0.2222,0,0,0.1667,0.0833,0.0556,0.15,0.15,0.0455,0.125
"locus752",0,0.4375,0.05,0.0455,0.4286,0.25,0.3333,0.0455,0.375,0.2,0.3125,0.1667,0.125,0.0833,0,0,0.0625,0,0.0833,0,0.05,0.15,0.1818,0.4167
"locus753",0.125,0,0.05,0,0,0,0,0,0,0.05,0,0,0,0,0.0556,0,0.125,0,0,0.3333,0.1,0.2,0.0909,0
"locus754",0.125,0.0625,0,0,0,0.0417,0,0,0.125,0.05,0,0.1111,0.125,0,0,0,0,0.1111,0,0.0556,0.1,0.25,0,0
"locus755",0.125,0.25,0,0.4545,0,0.0417,0,0.0455,0,0.4,0,0.3889,0.0625,0.0417,0.0556,0.1667,0,0,0.0833,0.5,0.05,0,0.0909,0
"locus756",0.125,0.25,0.4,0,0.3571,0.0833,0.5,0.3182,0.0625,0.1,0.375,0.0556,0.0625,0.375,0.1111,0.1667,0.125,0.1111,0.5,0,0.05,0.2,0.0909,0.4167
"locus757",0,0,0.05,0,0.2143,0.1667,0.1667,0,0,0,0.0625,0,0,0,0,0,0,0,0,0,0,0.05,0.0909,0.25
"locus758",0,0.0625,0,0.1364,0,0.0417,0.1111,0,0,0,0,0,0,0,0,0,0.0625,0.1667,0,0,0,0.2,0.0455,0
"locus759",0.0417,0,0,0.0909,0,0,0.0556,0,0.125,0,0,0,0,0,0,0,0.0625,0.0556,0,0,0.1,0.05,0,0
"locus760",0.0417,0.0625,0.05,0.0909,0,0,0.1111,0,0.125,0,0,0,0.0625,0,0.0556,0,0.0625,0.0556,0,0,0.05,0.05,0,0.0833
"locus761",0.125,0,0,0,0,0,0,0,0,0,0,0,0,0.0833,0,0,0.0625,0,0,0,0,0,0.1818,0
"locus762",0.0833,0.3125,0.15,0.3182,0.2143,0.1667,0.1667,0.2273,0.375,0.25,0.125,0.2778,0.1875,0.0833,0.1667,0,0.125,0.3333,0.0833,0.0556,0.15,0.15,0.0455,0.1667
"locus763",0,0,0.05,0.0455,0,0.0833,0.2778,0.1818,0.0625,0.1,0,0.1667,0.0625,0.0833,0.0556,0.5,0.1875,0,0,0,0,0.05,0.0455,0.2083
"locus764",0.125,0,0.1,0.0455,0,0,0.0556,0.4091,0,0,0,0,0,0.2083,0.1667,0,0.25,0.0556,0,0,0.1,0.2,0.0455,0
"locus765",0.5,0.0625,0.15,0.3182,0,0,0,0.3182,0.4375,0.05,0.125,0.2222,0.1875,0.3333,0.3889,0.5,0.25,0.1667,0.1667,0.3333,0.4,0.1,0.4091,0
"locus766",0.2917,0.375,0.45,0.4545,0.3571,0.4583,0.4444,0.5,0.4375,0.35,0.3125,0.4444,0.4375,0.375,0.3333,0.3333,0.3125,0.2222,0.4167,0.5,0.35,0.4,0.4091,0.4583
"locus767",0.0417,0,0.05,0.1364,0.0714,0,0.0556,0,0.0625,0,0,0,0,0,0.0556,0.1667,0.0625,0,0,0,0.05,0,0.1818,0
"locus768",0.0417,0.1875,0.15,0.2273,0.5,0.4583,0.2222,0.1818,0.125,0.45,0.3125,0.4444,0.25,0.1667,0.0556,0.5,0.25,0.1667,0.5,0,0.25,0.1,0.4091,0.2917
"locus769",0.25,0.25,0.05,0.0909,0.0714,0.25,0.1111,0.0909,0,0.05,0,0.0556,0.3125,0.0833,0.0556,0,0.0625,0,0,0,0.05,0.15,0.1364,0
"locus770",0.0417,0,0.05,0,0,0.0833,0.0556,0,0,0,0,0,0,0.0417,0,0,0.0625,0.0556,0,0,0.1,0.05,0,0.0417
"locus771",0,0,0,0.0455,0.0714,0.125,0,0,0.0625,0,0,0,0.0625,0,0.1111,0,0.0625,0,0,0,0.05,0,0,0.0417
"locus772",0,0,0.1,0.0455,0,0.0833,0.1111,0.0455,0,0,0.0625,0,0,0.0833,0,0,0.0625,0,0,0,0,0.05,0.0455,0
"locus773",0.0417,0.1875,0,0,0.2143,0.4167,0,0.0909,0,0.1,0.125,0.0556,0.0625,0,0.3889,0,0,0,0.25,0,0.05,0,0.0909,0.125
"locus774",0.125,0,0,0.5,0,0.0833,0,0.0909,0.25,0.1,0,0.1111,0.125,0.0417,0.1667,0.3333,0.125,0.2778,0,0.0556,0.1,0,0.0909,0
"locus775",0,0.0625,0.25,0.0455,0,0.0417,0,0.0909,0.0625,0,0.0625,0.1667,0.0625,0.2917,0.0556,0,0.1875,0.0556,0,0.0556,0.15,0.15,0,0
"locus776",0.3333,0.375,0.45,0.3636,0.3571,0.4583,0.3889,0.4091,0.375,0.2,0.4375,0.1111,0.4375,0.5,0.1667,0.5,0.4375,0.3889,0.0833,0.3889,0.3,0.4,0.3182,0.0833
"locus777",0,0.0625,0,0,0,0.125,0.1111,0,0,0,0,0.1667,0.0625,0.0417,0,0.1667,0,0,0.1667,0.0556,0.05,0.2,0,0.0417
"locus778",0,0,0.05,0.1818,0.4286,0.0833,0.5,0.1818,0,0,0.5,0,0.1875,0.2083,0,0,0.125,0.0556,0.3333,0,0,0.1,0.3182,0.4167
"locus779",0.125,0,0,0.0909,0,0,0,0,0,0.05,0.0625,0.0556,0,0,0,0,0,0,0,0.0556,0.2,0.05,0,0
"locus780",0.1667,0.0625,0.1,0.0455,0,0,0,0.1818,0.1875,0,0.125,0,0.25,0.125,0.0556,0,0,0.1111,0,0,0,0.1,0,0
"locus781",0,0,0.1,0,0.0714,0,0,0,0,0.1,0.125,0.0556,0,0.0833,0,0,0,0,0,0,0,0.05,0,0.0417
"locus782",0,0.125,0.05,0.1364,0,0.0417,0.1111,0,0.0625,0,0.125,0.0556,0.1875,0.1667,0.0556,0,0,0.1111,0.0833,0.1111,0.1,0.1,0.1364,0
"locus783",0.3333,0,0.05,0.2273,0,0,0.1667,0.1818,0.125,0.05,0,0.1111,0.0625,0,0.3889,0.5,0,0.2778,0,0.2778,0.2,0.05,0.1818,0
"locus784",0,0,0,0,0,0,0.2222,0.0455,0.0625,0,0.0625,0.1111,0,0.1667,0,0,0.125,0.1667,0.0833,0,0.1,0.2,0,0.0417
"locus785",0.4583,0.25,0.1,0.0455,0.3571,0.25,0.2778,0.0455,0.125,0.5,0.5,0.1667,0.0625,0.125,0,0.1667,0,0.1667,0.25,0.1667,0.15,0.05,0.4091,0.4583
"locus786",0.4583,0.375,0.3,0.4545,0.2857,0.3333,0.4444,0.4545,0.3125,0.15,0.4375,0,0.375,0.4583,0.2222,0.1667,0.4375,0.4444,0.3333,0.1667,0.35,0.25,0.2727,0.2917
"locus787",0.4167,0.0625,0.5,0.1818,0,0.0417,0.1667,0.4545,0.0625,0.1,0.3125,0,0.375,0.375,0.3333,0.3333,0.3125,0.5,0.4167,0.1111,0.45,0.35,0.4091,0
"locus788",0.2083,0.125,0.05,0.1364,0,0,0.0556,0.0909,0.25,0.05,0.125,0,0.1875,0.0417,0.3333,0.1667,0.0625,0.2222,0,0,0.15,0.35,0.0909,0.0417
"locus789",0.3333,0.375,0.45,0.4091,0.2143,0.5,0.3889,0.3636,0.4375,0.3,0.4375,0.4444,0.5,0.4167,0.3333,0.3333,0.3125,0.5,0.4167,0.3889,0.4,0.4,0.5,0.4583
"locus790",0,0.125,0.1,0.1818,0,0.0417,0,0.0909,0.0625,0,0,0,0,0,0,0,0.0625,0.0556,0,0,0.1,0.15,0,0
"locus791",0.1667,0.0625,0.05,0.1364,0,0,0.0556,0.0455,0.0625,0,0,0,0.1875,0.1667,0.2222,0,0.125,0.1111,0,0.0556,0.05,0.15,0.0455,0.0417
"locus792",0.125,0.25,0.15,0,0,0.0833,0.1667,0,0.0625,0.35,0.0625,0.3889,0.1875,0.125,0,0.1667,0,0,0,0,0,0.05,0.0909,0.0833
"locus793",0.4167,0.5,0.4,0.3636,0.4286,0.3333,0.3333,0.3182,0.375,0.4,0.1875,0.3333,0.5,0.5,0.4444,0.5,0.4375,0.3889,0.5,0.3889,0.3,0.5,0.3636,0.25
"locus794",0,0,0.15,0,0,0,0.0556,0.0909,0,0,0,0,0.25,0.2083,0,0,0,0.2778,0,0.1111,0,0.05,0.0455,0.0833
"locus795",0.2083,0,0.05,0,0,0,0,0.0455,0,0,0.0625,0,0,0.0417,0,0.3333,0.0625,0.1667,0,0.0556,0,0,0,0
"locus796",0.0417,0.0625,0,0.2273,0,0.125,0,0,0,0.3,0,0.2222,0,0.0417,0,0,0,0.0556,0,0,0.15,0,0.0455,0
"locus797",0.2083,0.5,0.45,0.2273,0.4286,0.3333,0.3333,0.4545,0.3125,0.2,0.375,0.0556,0.5,0.4583,0.2222,0.5,0.5,0.2222,0.25,0.1667,0.1,0.3,0.2727,0.3333
"locus798",0.0417,0.5,0.05,0.2273,0.2857,0.2083,0.3333,0.0909,0.0625,0.3,0.4375,0.4444,0.125,0.2083,0,0.3333,0.1875,0.0556,0.4167,0.1111,0.1,0.3,0.1818,0.4583
"locus799",0.0417,0.125,0.1,0,0.1429,0,0.0556,0.0455,0,0.25,0.0625,0.0556,0.3125,0.125,0,0,0.0625,0.0556,0.0833,0,0.05,0,0,0
"locus800",0.0417,0.0625,0.05,0,0,0.125,0,0.1364,0,0,0,0.0556,0,0,0.1111,0,0,0.1111,0,0,0,0.05,0,0.0417
"locus801",0,0.0625,0.15,0,0,0,0.1111,0.0909,0,0,0.0625,0,0,0,0,0,0.0625,0,0.0833,0.2778,0.05,0,0,0
"locus802",0.1667,0,0.1,0,0,0,0.1667,0,0,0,0.25,0,0.0625,0.0833,0,0.1667,0.25,0.1667,0.1667,0,0,0.1,0,0.0833
"locus803",0.0417,0,0.05,0.0455,0.0714,0,0.2222,0.0455,0,0.05,0,0.0556,0,0.125,0.0556,0,0.0625,0.0556,0.0833,0,0,0.05,0,0.0417
"locus804",0.4167,0.3125,0.45,0.5,0.5,0.5,0.4444,0.5,0.4375,0.2,0.4375,0.3333,0.3125,0.4583,0.4444,0.5,0.5,0.3333,0.4167,0.3889,0.4,0.45,0.4545,0.3333
"locus805",0,0,0,0.1818,0,0,0.3333,0,0,0.05,0,0,0,0.0833,0,0,0.0625,0.0556,0,0.3333,0.25,0,0.2727,0
"locus806",0,0.125,0,0,0.1429,0,0.0556,0,0.0625,0,0,0,0.1875,0,0.0556,0,0,0,0,0,0,0.1,0.3182,0
"locus807",0,0,0,0,0,0.2083,0,0.0455,0.0625,0.3,0,0.4444,0,0.0417,0,0,0,0,0,0,0,0.05,0.0455,0
"locus808",0.1667,0.1875,0,0.3636,0.2143,0.1667,0.2222,0.0455,0.0625,0.5,0,0.3889,0.0625,0,0.1111,0.1667,0.125,0.3333,0.0833,0.1667,0.35,0,0.0455,0
"locus809",0.125,0,0.15,0,0,0.0833,0,0.3182,0.0625,0,0.0625,0,0.1875,0.25,0.2222,0.3333,0.1875,0.2778,0,0.1111,0,0.05,0.0455,0
"locus810",0,0,0.05,0,0,0,0,0.0909,0,0,0,0,0.0625,0.0417,0.0556,0,0,0,0,0,0.05,0.25,0.0455,0
"locus811",0.0417,0,0,0,0.1429,0.0833,0,0.0455,0,0.35,0.125,0.3889,0,0.0417,0.2222,0.1667,0,0,0.0833,0.2778,0,0,0.0455,0.0833
"locus812",0.0417,0.3125,0.05,0,0.5,0.4167,0.3333,0.1364,0,0.1,0.375,0.0556,0.1875,0.2917,0,0,0.375,0,0.25,0.3333,0.05,0.45,0.4545,0.4167
"locus813",0,0.0625,0,0,0,0.0417,0,0,0,0.25,0,0.0556,0,0,0,0,0,0,0,0,0.05,0,0,0.125
"locus814",0.0417,0.0625,0.15,0.0455,0,0,0,0,0,0,0.0625,0,0.0625,0.125,0.0556,0,0.1875,0,0,0,0,0.05,0,0
"locus815",0.0417,0,0,0.0455,0,0.0417,0.0556,0,0,0,0.0625,0,0,0,0,0,0,0,0,0,0,0.05,0.1364,0.0833
"locus816",0.2083,0.375,0.4,0.5,0.3571,0.125,0.5,0.5,0.375,0.45,0.4375,0.3889,0.4375,0.5,0.2222,0.5,0.4375,0.1667,0.5,0.2222,0.35,0.45,0.4545,0.5
"locus817",0,0,0,0.0455,0.2143,0,0.0556,0,0.0625,0,0,0,0.0625,0.0417,0.0556,0,0,0,0,0,0.05,0.2,0.0909,0
"locus818",0.1667,0.375,0.3,0.4545,0.2857,0.0417,0,0.2273,0.4375,0.15,0.1875,0.0556,0.25,0.4167,0.2222,0.5,0.375,0.5,0.25,0.3333,0.3,0.5,0.5,0.0417
"locus819",0.0417,0,0,0.0455,0.0714,0,0,0,0.125,0.1,0,0,0.125,0.0417,0.2222,0,0.0625,0.1667,0,0.0556,0.05,0,0.0455,0.0417
"locus820",0.25,0,0.05,0.4545,0,0,0.2222,0.2727,0.125,0.2,0.25,0.1667,0.1875,0.0417,0.2222,0.3333,0.25,0.0556,0.25,0.4444,0.2,0.05,0.3636,0.0833
"locus821",0,0,0,0,0,0,0.0556,0.0455,0,0.05,0.1875,0,0.3125,0.0417,0,0.1667,0,0.0556,0,0,0,0,0,0
"locus822",0,0,0.15,0.0455,0,0,0.1111,0.0455,0,0,0.125,0,0.0625,0.0833,0,0,0.25,0,0,0.0556,0.15,0,0,0
"locus823",0,0.4375,0.4,0,0.2857,0.5,0.4444,0.4545,0.4375,0.35,0,0.4444,0.4375,0.375,0.1667,0.1667,0.125,0,0.3333,0.0556,0.1,0.3,0.1818,0.25
"locus824",0,0.125,0.25,0.0455,0,0.0417,0.1111,0.1818,0,0,0.125,0,0,0.0833,0,0,0,0,0.0833,0.2222,0.05,0.05,0.0455,0.0417
"locus825",0.2083,0.125,0.05,0.3636,0.2143,0.0833,0.0556,0,0,0,0.25,0,0.0625,0.125,0,0,0.0625,0,0,0,0.15,0.1,0.0455,0.0417
"locus826",0,0,0,0,0,0,0.0556,0,0,0.15,0,0.2222,0,0.0417,0,0.5,0,0.1667,0,0,0,0,0,0
"locus827",0,0.1875,0,0,0,0.0833,0,0,0,0.05,0,0,0.375,0,0,0,0,0,0,0,0,0,0,0
"locus828",0.125,0.0625,0.2,0,0,0,0,0.1364,0,0,0,0,0.1875,0.0833,0.1667,0,0.0625,0.2778,0,0,0.1,0,0,0
"locus829",0.0833,0.25,0.05,0.0455,0.1429,0.5,0.0556,0.0455,0.1875,0.1,0.0625,0.3889,0,0.0833,0,0.3333,0,0.0556,0,0.0556,0.25,0.15,0.0455,0.0417
"locus830",0.125,0.0625,0.2,0,0,0,0.0556,0.2273,0,0.1,0,0,0.0625,0.25,0,0.1667,0,0.0556,0,0,0,0,0,0
"locus831",0.2083,0.3125,0.4,0.2273,0.5,0.125,0.3333,0.2273,0.125,0.05,0.375,0,0.25,0.4583,0.1667,0.1667,0.25,0.1111,0.5,0.1111,0.25,0.35,0.3182,0.375
"locus832",0.0417,0,0,0.4545,0.0714,0,0,0,0,0.05,0.0625,0.0556,0.0625,0,0,0,0,0,0,0.1667,0.05,0.1,0.0455,0.0417
"locus833",0.1667,0.125,0.15,0.2727,0.0714,0,0.0556,0.1364,0.0625,0.2,0.0625,0.1111,0.125,0.1667,0.0556,0,0,0.3889,0.0833,0.2222,0.2,0.1,0.2727,0.125
"locus834",0.0417,0,0,0.0909,0,0,0.1667,0,0.125,0.05,0.0625,0,0,0.0833,0,0,0.0625,0.1111,0,0,0,0,0,0
"locus835",0.4583,0.4375,0.5,0.3636,0.4286,0.125,0.2222,0.4091,0.1875,0.2,0.4375,0.1667,0.3125,0.4583,0.1111,0.5,0.375,0.2222,0.0833,0.4444,0.35,0.45,0.3636,0.125
"locus836",0.1667,0,0,0.1364,0,0,0,0,0,0,0.0625,0,0,0,0,0,0.0625,0,0.0833,0.0556,0.05,0,0,0.0833
"locus837",0.0417,0,0.1,0,0.5,0.0833,0.4444,0.1364,0,0,0.0625,0,0.125,0.0833,0,0,0,0.1667,0.3333,0,0.2,0.05,0.0455,0.2917
"locus838",0.0417,0.0625,0,0,0,0.0833,0,0,0.125,0.05,0,0.1111,0,0,0,0,0,0.0556,0,0,0.05,0,0,0.0417
"locus839",0.2083,0,0.2,0.0455,0,0.0417,0,0.0455,0,0.05,0.1875,0,0.125,0.1667,0,0.1667,0.125,0.1111,0,0.3889,0.05,0.05,0.4545,0
"locus840",0.3333,0.3125,0.45,0.3636,0.3571,0.3333,0.2222,0.3636,0.25,0.1,0.4375,0.0556,0.3125,0.375,0.2778,0.5,0.3125,0.3889,0.3333,0.3333,0.4,0.35,0.3636,0.25
"locus841",0.0833,0.0625,0.05,0.1364,0.1429,0.125,0,0,0,0.15,0,0.1667,0,0.0417,0,0,0,0,0,0,0.15,0.05,0.0909,0.0417
"locus842",0,0.125,0.05,0.0455,0,0,0,0.1364,0,0.05,0.125,0.1667,0.125,0,0,0,0.0625,0.0556,0.1667,0,0,0,0.0455,0.1667
"locus843",0.0417,0,0.1,0.0455,0,0,0,0,0,0,0,0,0,0.0417,0,0,0.0625,0,0.1667,0.0556,0.2,0.05,0,0
"locus844",0.0417,0.0625,0.15,0.0909,0,0.0833,0.2222,0.4091,0.1875,0.1,0,0.1667,0.25,0.125,0.0556,0,0.125,0.2778,0.0833,0.1111,0.2,0.15,0.0455,0.125
"locus845",0.0833,0,0,0.0455,0,0,0,0.0909,0,0,0.0625,0,0,0.0417,0.2222,0,0,0,0,0,0.1,0.05,0,0
"locus846",0.2917,0,0,0.3636,0.0714,0.1667,0.0556,0.0455,0.4375,0,0.125,0,0.125,0,0.3889,0.1667,0.0625,0.0556,0,0.0556,0.2,0.3,0.1818,0.2917
"locus847",0.0417,0,0.1,0,0,0.0833,0,0.3182,0,0,0.0625,0,0,0,0.1667,0.3333,0.0625,0.1667,0,0,0,0.05,0.0455,0
"locus848",0.0417,0,0,0.1818,0,0,0.0556,0,0,0,0,0,0.0625,0,0.1111,0,0,0.1111,0,0,0.3,0.25,0.0455,0
"locus849",0.0833,0.0625,0,0.2273,0.0714,0.125,0,0.1364,0,0,0.0625,0.0556,0.0625,0.0833,0.1667,0.3333,0,0,0,0,0.2,0,0.0909,0.0417
"locus850",0.2083,0.0625,0.25,0.0909,0.2143,0.4583,0.2222,0.0455,0,0.4,0.0625,0.3889,0.25,0.2083,0,0,0.125,0.1111,0,0.4444,0.2,0.05,0.1364,0.1667
"locus851",0,0.0625,0.05,0.0455,0.0714,0,0.1667,0,0,0,0.0625,0,0,0,0,0,0,0.1111,0,0.1667,0,0,0.0455,0
"locus852",0,0,0.05,0.0455,0.0714,0.0833,0,0.0455,0,0,0,0,0.0625,0.0417,0.0556,0,0.0625,0,0,0.2778,0.1,0,0.0455,0
"locus853",0,0.25,0.1,0,0.2857,0.5,0.2778,0.0455,0.0625,0.3,0.1875,0.1111,0.125,0.3333,0,0.1667,0.125,0.0556,0.4167,0,0.2,0.1,0.1818,0.1667
"locus854",0,0,0,0,0.1429,0.0833,0.1111,0,0,0,0.0625,0,0,0,0,0,0,0,0.1667,0.0556,0.05,0,0,0.125
"locus855",0.4167,0.4375,0.25,0.2727,0.2143,0.4583,0.3333,0.2273,0.1875,0.2,0.5,0.3889,0.375,0.3333,0.1111,0.3333,0.25,0.2778,0.4167,0.3889,0.35,0.4,0.2727,0.4583
"locus856",0.0833,0.25,0,0,0,0.125,0,0,0.0625,0,0,0,0.0625,0,0.2222,0,0,0.0556,0,0.1667,0.1,0.25,0,0
"locus857",0,0.0625,0,0.0455,0,0,0,0,0.0625,0,0.0625,0,0,0.2083,0.0556,0.3333,0.125,0.0556,0,0,0.15,0,0.0455,0
"locus858",0.0417,0.4375,0.05,0.4545,0.2143,0.5,0.3333,0.1364,0.3125,0.2,0.125,0.1111,0.25,0.2083,0.4444,0,0.0625,0.0556,0.3333,0.2222,0.1,0.2,0.0909,0.2917
"locus859",0,0.0625,0.05,0,0,0.125,0.1111,0.0909,0,0.15,0,0.1111,0,0.125,0,0.3333,0.0625,0,0.25,0.0556,0,0,0,0.0417
"locus860",0.125,0,0.05,0,0.0714,0,0,0.0455,0.0625,0,0,0.0556,0.125,0.0417,0.3333,0,0.0625,0.2222,0,0.3889,0.05,0.15,0.1364,0
"locus861",0.0417,0,0.3,0.0455,0,0.0417,0.1667,0.1364,0.0625,0.15,0.0625,0.1667,0.125,0.125,0,0,0.25,0.2222,0,0.0556,0.15,0.4,0.0455,0.0417
"locus862",0.125,0,0.15,0.0909,0,0.0417,0,0,0,0,0,0,0.1875,0.0833,0,0,0,0,0,0,0.05,0,0,0
"locus863",0,0,0.15,0.0455,0.0714,0,0.0556,0,0.125,0,0,0,0,0.0417,0.0556,0,0,0.0556,0,0,0.05,0.05,0.1364,0.0417
"locus864",0.0833,0,0.05,0,0.1429,0,0,0.0455,0,0.05,0,0,0.125,0.0417,0,0.1667,0.0625,0,0,0.1667,0,0,0.0455,0.0833
"locus865",0,0.125,0.05,0,0,0.125,0,0,0.25,0.4,0,0.3889,0,0.0417,0.1667,0.1667,0,0.0556,0,0.1111,0.1,0,0,0
"locus866",0.0417,0.0625,0,0.0455,0,0.0833,0,0,0,0.05,0,0.0556,0,0.0417,0,0,0,0,0,0.3889,0.05,0,0,0
"locus867",0.1667,0.1875,0.1,0.1364,0,0.2083,0.1111,0.1364,0.0625,0.15,0.25,0.2222,0.1875,0.25,0,0.3333,0.0625,0.1111,0.1667,0.1111,0.15,0.05,0.0455,0.0417
"locus868",0.0417,0,0.05,0.0455,0.0714,0.0417,0.1111,0.0909,0,0,0.0625,0,0,0.125,0,0,0.125,0,0,0,0,0.1,0,0.1667
"locus869",0.125,0.0625,0,0,0.0714,0,0.0556,0,0.0625,0.05,0,0.0556,0,0.0833,0,0,0,0,0.1667,0,0.15,0,0.3636,0
"locus870",0.1667,0.5,0.45,0.2727,0.0714,0.1667,0.1111,0.2727,0.375,0.2,0.0625,0.2222,0.3125,0.125,0.2222,0.5,0.25,0.1667,0,0,0.2,0.1,0.0909,0.0417
"locus871",0,0.0625,0,0,0.4286,0.2917,0.1667,0,0,0,0,0,0,0,0,0,0,0.0556,0,0,0,0,0.0455,0.2917
"locus872",0.0417,0.0625,0.05,0,0,0.0417,0.1111,0.0455,0.0625,0.15,0.0625,0,0.125,0,0.0556,0,0,0.1111,0.0833,0,0.1,0.1,0,0.0833
"locus873",0.125,0,0.05,0.2273,0,0,0.1111,0.0909,0.0625,0,0,0.0556,0.125,0.1667,0.1667,0,0.125,0.0556,0.25,0.1111,0,0.4,0,0.125
"locus874",0.0417,0,0,0.0455,0.1429,0.125,0.2222,0.0455,0.1875,0,0.0625,0.0556,0,0.0833,0,0,0.0625,0,0,0.0556,0,0,0,0.3333
"locus875",0.1667,0,0,0.1364,0.0714,0.0417,0.0556,0.0909,0.1875,0.05,0,0,0.125,0,0.1111,0.3333,0.125,0.1111,0,0,0.15,0.05,0.0455,0.0417
"locus876",0.0417,0.125,0.1,0.1818,0.2143,0.0417,0.0556,0.0909,0.1875,0.2,0,0.1667,0.125,0.125,0,0,0,0.1111,0.0833,0.0556,0.1,0,0.0909,0.0833
"locus877",0.0417,0.0625,0.1,0,0,0.0417,0.2778,0.1818,0.0625,0.05,0.0625,0.0556,0,0.2083,0,0,0.25,0,0,0,0,0,0.1364,0.2083
"locus878",0,0.0625,0.05,0,0,0,0,0.0909,0,0,0,0.0556,0,0.0417,0.1111,0,0,0.0556,0.0833,0.1667,0.05,0,0.0455,0.0417
"locus879",0.0833,0,0.05,0,0,0.0417,0,0.0455,0,0,0,0,0.125,0,0,0,0.0625,0,0,0,0,0,0.0909,0
"locus880",0,0,0.05,0,0,0.0833,0.0556,0.0455,0.125,0,0,0,0.0625,0,0.2778,0,0,0,0,0,0,0.05,0.0909,0.0833
"locus881",0,0.3125,0.1,0,0.2143,0.0833,0.1667,0,0,0.5,0.0625,0.3333,0.0625,0.1667,0,0,0.125,0,0.1667,0.4444,0.05,0.05,0.0455,0.0833
"locus882",0,0.125,0,0,0.2143,0.1667,0,0,0,0,0.125,0,0.125,0,0,0.1667,0.125,0,0,0,0,0.05,0.1364,0.0417
"locus883",0.0417,0,0,0,0,0.125,0.1111,0,0,0.2,0,0,0,0,0.1111,0,0,0,0,0,0,0.1,0,0
"locus884",0,0,0.15,0,0,0,0,0,0,0.05,0,0,0,0.125,0.0556,0,0.0625,0,0,0,0,0.1,0.0455,0
"locus885",0.0417,0,0,0,0,0.0833,0.0556,0.0909,0.0625,0,0,0,0.0625,0,0,0,0,0.1111,0,0,0,0.1,0,0
"locus886",0.0833,0,0,0.0455,0,0,0,0.0455,0.125,0,0.0625,0,0,0,0,0,0.0625,0.1111,0.0833,0,0.05,0,0,0
"locus887",0,0,0,0,0.3571,0.4583,0.3889,0,0,0.3,0,0.5,0,0.0833,0,0,0,0.0556,0,0.0556,0,0,0.1364,0.4167
"locus888",0.0417,0.125,0.25,0,0,0.0417,0,0.1818,0,0,0.0625,0,0.125,0.0417,0.0556,0,0,0,0.1667,0.0556,0,0,0.0455,0.0417
"locus889",0.0417,0.4375,0.2,0.1818,0.4286,0.25,0.2778,0.1364,0.1875,0.2,0.125,0.2778,0.4375,0.2083,0.1667,0.5,0.3125,0.2778,0.0833,0.0556,0.05,0,0.1818,0.0417
"locus890",0.25,0.0625,0.15,0.2727,0.0714,0.0417,0.1111,0.0455,0.0625,0,0.0625,0.1111,0.1875,0.0417,0.3889,0.1667,0.0625,0.1111,0.0833,0.0556,0.05,0.1,0.0455,0
"locus891",0.0833,0,0,0,0,0,0,0,0.0625,0.1,0,0,0.125,0,0.2778,0,0.0625,0.2222,0,0.0556,0.05,0,0.0909,0
"locus892",0.25,0.375,0.25,0.3636,0.4286,0.5,0.3889,0.4545,0.5,0.25,0.4375,0.4444,0.5,0.375,0.4444,0,0.3125,0.3333,0.25,0.1667,0.5,0.5,0.4091,0.4583
"locus893",0.4167,0.0625,0.5,0.3636,0.0714,0.2083,0.1111,0.4545,0.25,0,0.4375,0,0.25,0.2917,0.2222,0.3333,0.125,0.5,0.25,0.2778,0.4,0.1,0.2727,0
"locus894",0.0833,0.0625,0.15,0.0455,0,0,0.1111,0,0,0.2,0,0,0.1875,0,0,0.5,0.0625,0,0.1667,0,0.05,0.05,0,0
"locus895",0,0,0.1,0,0.0714,0,0,0.0455,0,0.2,0,0.0556,0,0.0417,0,0,0,0.0556,0,0.1111,0.05,0,0.0455,0
"locus896",0.0833,0,0,0.1818,0,0,0.3333,0,0,0,0,0,0,0,0,0.1667,0,0,0,0.3889,0.15,0,0.0909,0.0417
"locus897",0,0.1875,0,0.3182,0.1429,0.4167,0.3333,0.0909,0.0625,0,0,0.3333,0,0.125,0,0,0.0625,0.0556,0.1667,0.0556,0.05,0.1,0.3182,0.4167
"locus898",0.0833,0,0,0.0909,0.0714,0,0.0556,0.0455,0,0,0,0,0,0.125,0.0556,0,0,0.0556,0,0,0,0.05,0,0
"locus899",0,0,0.05,0,0,0.0417,0.0556,0,0.125,0.05,0,0,0.1875,0.1667,0.0556,0,0,0.0556,0,0.2778,0.05,0.05,0,0.0417
"locus900",0.0417,0.125,0.1,0.0455,0,0.1667,0.0556,0.0455,0,0,0,0.1111,0,0,0,0,0.0625,0,0,0.2222,0,0.05,0,0
"locus901",0.0833,0,0.05,0,0.0714,0.0833,0.0556,0.1364,0,0.25,0.0625,0.0556,0,0.1667,0,0.5,0.1875,0.0556,0.1667,0.0556,0.15,0.1,0,0.0417
"locus902",0.125,0.1875,0.15,0,0.2143,0.125,0.0556,0,0.125,0.1,0.0625,0.0556,0.0625,0.0417,0.0556,0,0.125,0,0.0833,0,0,0.15,0,0.2083
"locus903",0.125,0.125,0,0.0455,0,0.0417,0.0556,0.0909,0.1875,0.05,0.0625,0.1667,0.25,0,0.2778,0.1667,0.0625,0.1111,0.0833,0.0556,0.15,0.1,0.0455,0
"locus904",0,0,0,0,0,0,0,0.1818,0.0625,0.05,0.0625,0,0.125,0,0,0.1667,0,0,0,0,0.05,0.1,0,0
"locus905",0.375,0.0625,0.1,0.1818,0,0.1667,0,0.2727,0.1875,0.1,0.0625,0,0.3125,0.125,0.2222,0.3333,0.1875,0.2222,0,0.1667,0.2,0.15,0.1364,0.0833
"locus906",0,0,0.05,0,0.0714,0.0833,0.1667,0.0455,0,0.1,0.0625,0,0.0625,0.0417,0.0556,0,0,0.1667,0,0,0,0,0,0.0417
"locus907",0.0833,0.0625,0.25,0,0,0,0.0556,0.1818,0,0,0,0,0.0625,0.25,0,0,0.0625,0.1667,0,0.1111,0.1,0.2,0,0.0417
"locus908",0.2083,0.0625,0.15,0.1364,0,0,0.0556,0.0909,0,0,0.0625,0,0.1875,0.0417,0.1111,0,0.0625,0.2222,0,0.1111,0.05,0.1,0,0
"locus909",0.0417,0.0625,0,0,0,0,0.1111,0,0,0.05,0.0625,0,0,0.0833,0,0,0.0625,0,0.0833,0,0,0,0,0
"locus910",0.2083,0.5,0.25,0.2273,0.4286,0.3333,0.2778,0.2273,0.1875,0.05,0.25,0.1667,0.375,0.375,0,0.5,0.3125,0.2222,0.25,0.1111,0.35,0.2,0.2727,0.5
"locus911",0.125,0,0,0.0455,0,0,0,0,0.125,0,0,0.0556,0,0,0.1667,0,0.0625,0,0,0.3333,0,0,0,0
"locus912",0.2083,0.0625,0.05,0.1364,0,0.0417,0.1111,0,0,0,0.0625,0.1667,0.0625,0.0417,0,0.1667,0.1875,0.1667,0,0,0,0.3,0.0909,0.0417
"locus913",0.1667,0,0,0,0,0,0,0.0455,0,0,0.0625,0,0,0.0417,0.0556,0,0.1875,0,0,0,0.15,0.1,0.3182,0
"locus914",0,0,0.25,0.2273,0,0,0,0.2727,0,0.1,0,0,0.125,0.4583,0,0.3333,0.5,0.1667,0,0,0,0.45,0,0
"locus915",0,0,0.05,0,0,0.0833,0,0,0,0,0,0.0556,0,0,0,0,0,0,0.1667,0.3889,0,0,0,0
"locus916",0.0417,0.25,0.35,0.3182,0.4286,0.25,0.4444,0.2273,0.0625,0.2,0.25,0.1111,0.5,0.2917,0.1111,0.5,0.1875,0.5,0.5,0.0556,0,0.5,0.1818,0.375
"locus917",0.0417,0.25,0.4,0.0455,0.0714,0.4167,0,0.0909,0.25,0.35,0.0625,0.2222,0.375,0.3333,0,0,0.25,0.2778,0,0,0.1,0.3,0,0.0417
"locus918",0.4167,0,0,0.2273,0,0,0,0.0455,0,0,0,0,0.0625,0,0.0556,0,0,0,0.0833,0.1667,0.05,0.05,0.0455,0
"locus919",0,0,0,0.0455,0.0714,0.125,0,0.0909,0,0.05,0,0.0556,0.125,0,0,0.3333,0,0,0,0.2222,0.25,0,0.1364,0.0417
"locus920",0,0,0.1,0,0,0,0.0556,0.1818,0,0.1,0.1875,0,0,0.125,0.3333,0,0.1875,0.1111,0,0,0.05,0.2,0.0455,0.125
"locus921",0,0,0.2,0,0,0,0,0.0455,0,0.05,0,0,0.1875,0.0833,0,0,0,0.1111,0,0,0,0,0,0
"locus922",0.0833,0.125,0,0,0.1429,0.0833,0,0,0,0.05,0,0,0.125,0.1667,0,0,0.0625,0.0556,0.25,0,0.1,0,0.1364,0.2083
"locus923",0.2083,0,0.1,0,0,0,0,0,0,0,0,0,0.0625,0.0833,0.1111,0,0.125,0,0,0,0,0,0.0909,0
"locus924",0,0.0625,0,0,0,0.2917,0,0,0,0,0,0.1111,0,0.0417,0,0,0,0,0,0,0.05,0,0,0
"locus925",0,0.25,0.1,0.2727,0.2143,0.2917,0.3333,0,0.125,0.15,0,0.2222,0.0625,0.0833,0.1667,0.1667,0.1875,0,0,0.3333,0.05,0.1,0,0.4583
"locus926",0.0417,0,0,0.1818,0,0,0,0,0,0.05,0,0.0556,0.0625,0,0,0.1667,0,0,0,0,0.1,0.05,0,0.0417
"locus927",0.0833,0.125,0.3,0.0909,0,0.0833,0.1111,0.0909,0,0.1,0,0.0556,0.125,0.1667,0,0,0.1875,0.2222,0.25,0.0556,0.25,0.15,0.1818,0.125
"locus928",0.0833,0,0.15,0,0,0,0.1111,0.1364,0,0,0.25,0,0.125,0,0.2222,0,0,0.1667,0,0,0,0,0,0
"locus929",0.125,0.0625,0.05,0,0,0.0833,0,0.1364,0,0.05,0,0,0.0625,0.25,0.0556,0,0.0625,0.0556,0,0,0,0,0.0455,0.0833
"locus930",0.3333,0.1875,0.25,0.4545,0,0,0.1667,0.2727,0.375,0.05,0,0.0556,0.1875,0.2083,0.5,0.3333,0.125,0.3333,0,0.1111,0.25,0.4,0.4091,0.0833
"locus931",0,0.1875,0,0,0,0.0417,0,0,0.125,0.15,0.1875,0.0556,0.125,0,0,0,0,0,0,0.0556,0,0.05,0,0.125
"locus932",0.0417,0.0625,0,0,0,0.2083,0,0.0455,0,0,0,0,0,0,0.0556,0.1667,0,0,0,0.2222,0.05,0,0,0
"locus933",0.0417,0,0.05,0.0455,0,0.125,0,0.0455,0,0.05,0,0,0.1875,0.0833,0,0,0.1875,0,0,0,0,0,0,0
"locus934",0.25,0.125,0.3,0.4545,0.0714,0.4167,0.1111,0.3182,0.3125,0.35,0.4375,0.3333,0.5,0.2083,0.3333,0,0.4375,0.3333,0.3333,0.0556,0.25,0.25,0.2727,0.4583
"locus935",0.2917,0.125,0,0.0909,0.0714,0.25,0.1667,0.0909,0.125,0.2,0.0625,0.0556,0.125,0.0417,0.1667,0.1667,0.125,0.2222,0.1667,0.4444,0.1,0.15,0.1364,0.0417
"locus936",0.0417,0,0,0,0,0,0,0.0909,0.1875,0,0,0,0,0.0417,0,0.1667,0.0625,0.2778,0,0,0,0,0,0
"locus937",0,0,0,0,0.1429,0,0,0,0,0,0,0,0,0,0.3333,0,0.0625,0,0,0,0.05,0,0.0455,0.0833
"locus938",0.5,0.125,0.4,0.4091,0,0.2083,0.1111,0.2727,0.3125,0.1,0.5,0.1111,0.375,0.3333,0.3889,0.1667,0.3125,0.3333,0.25,0.4444,0.2,0.2,0.2273,0.0833
"locus939",0.0417,0,0.05,0.0455,0,0,0,0,0,0,0,0,0.125,0.0417,0,0,0.1875,0,0.1667,0,0,0,0,0
"locus940",0.125,0.1875,0.05,0.0455,0.5,0.2917,0.2222,0.0909,0,0.4,0,0.1667,0,0.0833,0,0.1667,0.125,0.3333,0,0.0556,0.05,0,0.0909,0.4167
"locus941",0.125,0,0,0.1364,0.1429,0,0,0.0455,0.125,0,0,0.2222,0.0625,0,0.3333,0,0,0,0,0.2778,0.45,0,0.1364,0
"locus942",0.0417,0.0625,0.45,0.0455,0.0714,0.125,0.2778,0.1364,0,0.05,0.0625,0,0.0625,0.25,0.1111,0,0.125,0,0.1667,0,0.3,0.3,0.0455,0.0833
"locus943",0,0,0.05,0,0,0,0,0.0909,0,0,0,0,0,0,0,0,0.25,0,0,0,0,0.25,0,0
"locus944",0,0,0,0,0.4286,0.4583,0.1111,0,0,0,0.0625,0,0.0625,0,0,0,0.0625,0,0.3333,0.0556,0,0,0.4091,0.3333
"locus945",0.4583,0.375,0.3,0.5,0.2857,0.3333,0.2778,0.3636,0.375,0.35,0.3125,0.3333,0.5,0.3333,0.4444,0.3333,0.4375,0.3889,0.5,0.4444,0.45,0.4,0.3636,0.2917
"locus946",0,0.125,0,0,0,0.0417,0.1667,0,0,0,0.1875,0.0556,0.1875,0.0417,0,0,0,0,0.1667,0.1667,0,0,0.0455,0.2083
"locus947",0.0833,0.125,0.05,0.2273,0,0.1667,0,0.0909,0.125,0.15,0,0.4444,0.0625,0.1667,0.0556,0.1667,0.1875,0.0556,0.0833,0.0556,0,0,0.0909,0
"locus948",0.4583,0.125,0.05,0.2273,0.1429,0.125,0.2778,0.2273,0.3125,0,0.25,0,0.25,0.2083,0.3889,0,0.125,0.2778,0.0833,0.4444,0.45,0.05,0.4545,0.1667
"locus949",0.375,0.375,0.35,0.4545,0.4286,0.125,0.1667,0.3182,0.125,0.4,0.4375,0.5,0.375,0.375,0.3889,0.3333,0.375,0.2778,0.1667,0.5,0.35,0.4,0.3636,0.3333
"locus950",0,0,0.1,0,0,0,0.0556,0.0455,0.0625,0,0.25,0,0.0625,0.0833,0.1111,0.1667,0,0,0,0.1111,0.2,0.05,0.0909,0.0417
"locus951",0,0.0625,0,0,0.2857,0.0833,0.1111,0.0455,0.0625,0.4,0,0.3889,0,0,0,0,0,0.0556,0,0,0,0,0.0455,0
"locus952",0,0,0,0.4091,0,0,0.0556,0.0909,0,0.05,0,0,0,0,0,0,0,0,0,0,0,0,0,0
"locus953",0,0,0.15,0,0,0,0.0556,0,0.1875,0.1,0.0625,0,0.0625,0.0417,0,0,0.0625,0.1111,0,0,0.1,0,0.0455,0
"locus954",0,0,0,0,0.0714,0,0.2222,0,0,0,0,0,0,0,0,0,0,0,0,0,0,0,0,0.4167
"locus955",0.0417,0.125,0.15,0.0909,0.0714,0.125,0,0.1364,0,0.05,0,0,0.125,0.0833,0,0.1667,0.125,0,0,0,0,0.1,0,0
"locus956",0.0833,0,0.2,0,0,0,0.1111,0.2727,0.375,0,0.125,0.2222,0.0625,0.2917,0.3889,0.3333,0.125,0.2222,0,0.0556,0.05,0.1,0.2273,0
"locus957",0.0833,0.0625,0.05,0.0455,0,0.0417,0.1111,0.1818,0.125,0.05,0.0625,0.0556,0.1875,0.125,0,0.1667,0,0,0.0833,0.1667,0,0.1,0,0.0833
"locus958",0,0.25,0,0.2273,0.2143,0.4167,0.2778,0.0909,0.4375,0.5,0.3125,0.2778,0.1875,0.0417,0.3889,0,0.0625,0,0.25,0.1667,0.05,0.05,0.2727,0.1667
"locus959",0,0,0.05,0.0455,0,0,0.2222,0,0,0,0.1875,0,0,0.0833,0.0556,0.1667,0.1875,0.0556,0.0833,0,0,0.05,0,0
"locus960",0,0.125,0,0.0455,0.1429,0.2917,0,0,0,0.3,0,0.3333,0,0,0,0,0,0,0,0,0,0,0,0.125
"locus961",0,0.0625,0,0.0909,0.0714,0.0417,0.0556,0.0909,0.0625,0.05,0.125,0,0.125,0,0.0556,0,0.0625,0,0.0833,0.0556,0,0.2,0,0.0417
"locus962",0.2917,0.0625,0.25,0.3182,0.2857,0.125,0.3333,0.2727,0.0625,0.25,0.125,0.1111,0.1875,0.1667,0.4444,0,0.25,0.0556,0.25,0.2222,0.4,0.15,0.4091,0.25
"locus963",0,0.0625,0,0.0909,0,0.0833,0,0.0909,0,0,0,0,0,0.0833,0.1111,0,0,0,0,0.0556,0,0.15,0,0
"locus964",0.0417,0.3125,0.1,0,0.1429,0.0833,0.1111,0,0,0.3,0,0.0556,0.0625,0.0417,0.0556,0,0.0625,0.0556,0,0.1111,0.1,0.1,0.2273,0.0417
"locus965",0,0.0625,0.05,0,0,0,0.1667,0.0455,0.0625,0,0,0,0.0625,0.0417,0,0,0.0625,0,0,0.0556,0,0.05,0,0.0833
"locus966",0,0.0625,0.1,0,0.2857,0.125,0.0556,0.0909,0.125,0,0.125,0.1111,0.125,0.0417,0.3889,0.3333,0.125,0,0.3333,0.0556,0,0.05,0.0455,0.4167
"locus967",0.25,0,0,0.0455,0,0.0417,0,0.0909,0.0625,0.05,0.3125,0,0.125,0.0833,0.1111,0.3333,0.0625,0.1667,0.0833,0.0556,0.25,0.3,0.1364,0
"locus968",0.0417,0.4375,0.1,0.3636,0.2857,0.3333,0.1111,0.0455,0.125,0.4,0.125,0.4444,0,0.2083,0,0,0.25,0,0.3333,0,0.1,0.15,0.0455,0.25
"locus969",0.4167,0.375,0.45,0.4091,0.1429,0.25,0.1667,0.3182,0.0625,0.5,0.25,0.1667,0.4375,0.2917,0.2778,0.1667,0.375,0.3333,0.25,0.3333,0.45,0.45,0.0909,0.1667
"locus970",0.0833,0.4375,0.25,0.4091,0.2143,0.3333,0.2778,0.2273,0.4375,0.4,0.1875,0.4444,0.0625,0.4167,0.1111,0.3333,0.4375,0.4444,0.25,0.1111,0.3,0.2,0.1818,0.25
"locus971",0,0.125,0.45,0,0,0.0833,0.0556,0.3182,0,0.1,0,0.0556,0.375,0.3333,0,0.1667,0.5,0,0,0,0,0.25,0.0455,0.0833
"locus972",0.125,0.1875,0,0.1364,0.5,0.2083,0.1111,0,0.125,0.25,0.0625,0.1667,0,0,0,0.1667,0,0.0556,0,0.1667,0.15,0.1,0.0455,0.125
"locus973",0.0417,0,0.1,0,0.1429,0,0,0,0,0,0,0,0,0.1667,0.0556,0,0.0625,0.0556,0.0833,0,0,0,0,0.0417
"locus974",0.0833,0.1875,0.05,0,0.2143,0.2083,0.2222,0.0455,0,0,0.0625,0.0556,0.0625,0.0833,0,0.1667,0.0625,0.2222,0,0,0.15,0,0.0455,0.0833
"locus975",0.0833,0,0,0.1818,0,0.0417,0,0.0455,0,0,0.0625,0,0,0,0,0,0.0625,0,0.0833,0,0.05,0,0.1364,0.0833
"locus976",0.1667,0.375,0.05,0.1818,0.4286,0.4583,0.2778,0.0909,0.125,0,0.1875,0.0556,0.1875,0,0.1111,0,0.1875,0.1667,0,0.2778,0.15,0.35,0.3182,0.25
"locus977",0,0,0,0.0909,0,0,0,0.0455,0.0625,0,0,0,0.125,0,0,0,0,0.1111,0.1667,0,0.05,0.05,0,0
"locus978",0.4583,0.25,0,0.1364,0,0.0833,0.2222,0.1364,0.25,0.1,0.125,0,0.0625,0.0417,0.2778,0.3333,0.125,0.2778,0.0833,0.1667,0.1,0.15,0.2273,0.25
"locus979",0.2917,0.25,0.45,0.4091,0.3571,0.1667,0.1667,0.4545,0.5,0.35,0.3125,0.4444,0.3125,0.4167,0.3333,0.3333,0.4375,0.5,0.1667,0.4444,0.45,0.4,0.4545,0.2917
"locus980",0.0833,0,0,0.0909,0.0714,0,0,0.0455,0,0.05,0,0,0.125,0,0.1667,0.1667,0,0.0556,0,0.0556,0.15,0,0.0455,0.0417
"locus981",0.125,0.125,0,0,0,0,0,0,0.0625,0.05,0,0,0,0.0417,0.1111,0,0.0625,0,0,0,0.05,0,0,0
"locus982",0.4167,0,0.05,0.1364,0,0,0,0,0,0.05,0,0,0.0625,0,0.4444,0,0.0625,0.0556,0,0.5,0.1,0.05,0.0909,0
"locus983",0,0.125,0,0.0455,0.1429,0,0.1667,0.0455,0,0.1,0.0625,0.1111,0,0.0417,0,0,0,0,0.0833,0,0,0,0,0.25
"locus984",0,0.0625,0,0,0.1429,0.0417,0.0556,0,0.0625,0.45,0,0.3333,0,0,0,0,0.125,0,0,0,0,0,0.1818,0
"locus985",0.25,0,0.1,0,0,0,0.0556,0.0909,0.125,0,0,0,0.125,0.1667,0.3333,0,0.0625,0.1667,0.25,0.4444,0.3,0,0.1364,0
"locus986",0.0833,0,0,0.4091,0,0,0,0,0,0,0,0,0,0.0417,0,0.1667,0,0.0556,0,0.4444,0.05,0.05,0.0455,0.0417
"locus987",0.0417,0.25,0,0,0,0.0417,0,0.0455,0,0.1,0,0.0556,0.125,0.1667,0,0,0,0.1667,0.0833,0,0.05,0.05,0,0
"locus988",0.0417,0,0.1,0.0455,0.0714,0,0.1111,0.0909,0,0.05,0,0,0.0625,0,0.1111,0.1667,0.1875,0.1111,0,0.1667,0.15,0.05,0.1818,0.125
"locus989",0.0833,0.0625,0.15,0,0.0714,0.0417,0,0.0909,0.1875,0,0.125,0,0,0.0833,0.4444,0,0.0625,0.1111,0.0833,0.1111,0.15,0.15,0.0455,0.0833
"locus990",0,0,0.2,0,0,0.0417,0.0556,0,0,0.1,0,0,0.0625,0.0833,0.1667,0,0,0.0556,0.0833,0,0,0,0,0.0417
"locus991",0.2083,0.5,0.4,0.2727,0.4286,0.4167,0.1111,0.2727,0.3125,0.5,0.25,0.5,0.25,0.2917,0.3333,0,0.1875,0.2778,0.0833,0.3333,0.4,0.4,0.3182,0.1667
"locus992",0,0.125,0.1,0.1364,0.5,0.1667,0.3333,0.1818,0.25,0.5,0.375,0.2778,0.125,0.0833,0.1111,0,0.1875,0.1667,0.5,0.0556,0.05,0.15,0.4545,0.2083
"locus993",0.2083,0.125,0.05,0.1364,0,0,0,0.3182,0.125,0.1,0,0,0.25,0.0417,0.4444,0.1667,0,0.1667,0,0,0.1,0,0.0455,0.0417
"locus994",0,0.0625,0.05,0.0455,0,0,0,0.0455,0,0,0.0625,0,0,0.0417,0,0,0,0.1111,0.1667,0.1667,0.05,0,0,0.0417
"locus995",0.0417,0,0.3,0.0909,0,0.0833,0.2778,0.4091,0,0.1,0.3125,0,0.25,0.4167,0.2222,0.3333,0.4375,0.1667,0.3333,0.1111,0,0.25,0.0909,0.0417
"locus996",0.0833,0.1875,0.3,0.1818,0,0,0.1111,0.1818,0,0.1,0.125,0,0.0625,0.1667,0.0556,0,0.1875,0.1111,0.1667,0,0.15,0.2,0.0455,0.0417
"locus997",0,0.0625,0.05,0.3182,0.2857,0.0833,0.0556,0.0455,0,0,0,0.2222,0.0625,0,0.1667,0,0,0.0556,0.25,0.1111,0.1,0.05,0.2727,0.3333
"locus998",0.125,0,0.2,0,0,0,0,0.2273,0.0625,0,0.25,0.0556,0.125,0.1667,0.1667,0,0.0625,0.1111,0,0.3333,0,0.25,0.1364,0
"locus999",0.0417,0,0,0.1364,0,0,0.0556,0,0,0,0,0,0,0,0,0,0,0,0,0.5,0,0,0.1364,0
"locus1000",0,0,0,0,0,0,0,0.0455,0,0,0.0625,0.1111,0.125,0,0,0,0,0,0.0833,0.0556,0,0,0.0909,0.0833
"locus1001",0.1667,0,0,0,0,0,0,0.0909,0,0,0,0,0,0,0.1111,0,0,0.1667,0,0.1667,0.1,0,0.0909,0
"locus1002",0,0,0,0,0,0,0,0.0455,0,0,0,0,0.0625,0,0.3333,0,0.0625,0.2778,0,0,0.05,0,0,0.0417
"locus1003",0,0,0,0.0909,0.0714,0.0417,0,0,0,0,0.0625,0,0,0.0417,0,0,0.0625,0.0556,0.3333,0.0556,0,0,0.0455,0.0417
"locus1004",0.2083,0,0,0.0455,0,0,0,0,0.0625,0,0,0,0.0625,0,0.1667,0,0.0625,0.1111,0,0.0556,0.05,0.1,0.1818,0
"locus1005",0.1667,0.25,0.05,0.0909,0,0.0417,0,0,0.1875,0.05,0.0625,0.0556,0.0625,0,0.0556,0,0,0.1111,0,0.5,0,0.05,0.0455,0
"locus1006",0,0.125,0.1,0.0909,0,0.1667,0.2778,0.0455,0,0.05,0.1875,0,0,0.0417,0.1111,0.1667,0.0625,0,0.25,0.0556,0,0.15,0,0.0833
"locus1007",0.0833,0,0.1,0,0,0,0,0.1364,0,0.1,0.3125,0,0,0.2083,0,0.1667,0.125,0.1667,0.25,0.2222,0.25,0.2,0.0909,0.125
"locus1008",0.125,0,0,0.3182,0,0,0,0,0,0,0,0,0,0,0,0,0,0,0,0.0556,0.15,0,0,0
"locus1009",0.375,0.125,0.15,0,0,0,0,0.1818,0,0.1,0,0,0,0,0.1111,0,0,0,0,0.1667,0,0.25,0.0455,0.0833
"locus1010",0.25,0,0,0.1818,0,0,0,0,0,0,0,0,0,0.0417,0,0.1667,0,0,0,0.0556,0,0,0,0
"locus1011",0.125,0,0.05,0,0,0,0,0,0,0,0,0.0556,0.0625,0,0.0556,0,0.0625,0,0.0833,0,0.25,0,0.0455,0
"locus1012",0.125,0.0625,0.1,0.2273,0,0,0,0.2273,0.125,0,0,0,0.25,0.0833,0.2222,0,0.0625,0.1667,0.0833,0,0.1,0.15,0,0.0417
"locus1013",0.25,0.1875,0.35,0.4545,0.2857,0,0.5,0.4091,0.25,0.05,0.4375,0,0.3125,0.4167,0.2778,0.5,0.375,0.1111,0.5,0.4444,0.5,0.4,0.1364,0.1667
"locus1014",0,0,0,0.0455,0,0,0,0,0.1875,0.3,0.125,0,0,0,0.1667,0,0,0,0.0833,0,0,0,0.0909,0
"locus1015",0.0417,0.0625,0.2,0,0,0,0,0.1818,0,0,0,0,0,0.2917,0,0,0.0625,0.2778,0.0833,0,0,0,0,0
"locus1016",0.0417,0.3125,0.2,0.0909,0.2143,0.0833,0.3889,0.4545,0.0625,0.05,0,0.1111,0.125,0.4167,0,0.1667,0.3125,0.0556,0.25,0,0.2,0.15,0.1364,0.3333
"locus1017",0.2083,0.0625,0.4,0.0455,0.3571,0.2083,0.3333,0.1818,0.4375,0.2,0.0625,0.1667,0.4375,0.2917,0.2222,0.1667,0.25,0.3889,0.25,0.0556,0.05,0.15,0.1364,0.25
"locus1018",0,0.25,0.05,0.3182,0.2857,0.2917,0.0556,0.0455,0,0.45,0.0625,0.3333,0,0.0833,0,0,0,0,0,0.0556,0,0,0.0455,0.0833
"locus1019",0.125,0.375,0.15,0.0909,0.3571,0.25,0.2222,0.2273,0.125,0.45,0.375,0.4444,0.125,0.3333,0.0556,0.3333,0.125,0.1667,0.4167,0.4444,0.15,0.2,0.2273,0.2917
"locus1020",0.0417,0,0.05,0.0455,0,0.0417,0.0556,0.2727,0.3125,0,0.125,0,0.125,0.1667,0.0556,0,0.3125,0.2222,0.0833,0,0,0.2,0.0455,0
"locus1021",0.0833,0.0625,0.1,0,0.1429,0.1667,0.0556,0.0909,0,0,0,0,0.125,0,0,0,0.0625,0,0,0.2222,0.1,0.05,0.0455,0
"locus1022",0.1667,0,0.05,0.1364,0.3571,0.25,0,0.0455,0,0.4,0,0.3889,0,0.0833,0,0,0.125,0.1111,0.0833,0.1111,0.15,0,0.1364,0.1667
"locus1023",0,0,0,0,0.0714,0,0,0,0,0,0.0625,0.1111,0,0.0833,0,0,0.0625,0,0.25,0,0.15,0,0.0909,0.0417
"locus1024",0.0417,0,0.15,0,0.1429,0.1667,0.0556,0.0909,0.0625,0,0,0,0.0625,0.0833,0,0,0,0,0.0833,0,0.15,0.3,0,0
"locus1025",0,0,0,0,0.4286,0,0,0,0,0,0,0,0,0,0,0,0.0625,0,0,0,0,0,0.1818,0.125
"locus1026",0.125,0.1875,0.3,0.0455,0,0,0.2222,0.1818,0,0.1,0.125,0.0556,0,0.125,0.2222,0.3333,0.375,0.5,0.4167,0.1667,0,0,0.0909,0.2917
"locus1027",0.0833,0.25,0.05,0.0455,0.3571,0.5,0.1111,0.1364,0.125,0.25,0,0.1667,0.125,0.0833,0.1111,0,0.375,0.2222,0.0833,0.2778,0.05,0,0.0455,0.0833
"locus1028",0.125,0,0.05,0,0,0.0417,0,0,0,0,0.0625,0.1111,0,0,0.0556,0,0.125,0,0,0,0.05,0.05,0,0.0833
"locus1029",0.0833,0,0.05,0,0,0.0833,0,0,0,0,0,0,0.0625,0,0.1111,0.1667,0,0.2778,0,0,0,0.05,0.0455,0
"locus1030",0,0.25,0.05,0.0455,0,0.0833,0,0,0.0625,0.1,0,0,0.125,0.0417,0.1667,0,0.0625,0.1111,0,0,0.05,0.05,0,0
"locus1031",0.0833,0,0.15,0,0,0,0.1111,0.0455,0,0,0.0625,0,0.125,0.0833,0,0,0.125,0.1667,0.0833,0.1111,0.1,0,0,0.1667
"locus1032",0.3333,0.4375,0.4,0.2727,0,0.1667,0.2778,0.4545,0.375,0.15,0.4375,0.0556,0.4375,0.375,0.1667,0.1667,0.375,0.2222,0.1667,0.1111,0.1,0.35,0.4545,0.25
"locus1033",0,0.125,0.1,0.0909,0,0.0833,0,0.1818,0.0625,0.1,0,0.0556,0,0.0417,0,0.1667,0,0,0,0.0556,0.05,0,0,0
"locus1034",0,0,0,0,0,0.0833,0,0,0,0.3,0,0,0,0.0833,0,0,0,0,0,0,0,0.1,0.0909,0.125
"locus1035",0.0417,0.0625,0.05,0.0909,0,0.2083,0.0556,0.1818,0.125,0,0,0.2222,0.0625,0,0,0,0.125,0.3333,0.0833,0,0,0.1,0.0455,0.0417
"locus1036",0.4167,0.4375,0.45,0.5,0.4286,0.5,0.3889,0.4545,0.5,0.5,0.375,0.4444,0.4375,0.4583,0.3889,0.3333,0.5,0.4444,0.4167,0.4444,0.4,0.4,0.4545,0.4583
"locus1037",0,0,0,0,0,0,0,0.0455,0,0,0,0,0.0625,0.0417,0,0.3333,0.0625,0.0556,0,0,0.05,0,0.1364,0.0417
"locus1038",0.2917,0.0625,0,0.2273,0,0,0,0.0909,0.0625,0,0,0,0,0,0.0556,0,0,0.1111,0,0.4444,0.1,0,0.1818,0
"locus1039",0.375,0.375,0.45,0.4545,0.3571,0.3333,0.3889,0.4545,0.4375,0.1,0.375,0.1111,0.375,0.3333,0.4444,0.5,0.5,0.4444,0.4167,0.4444,0.45,0.4,0.4545,0.4167
"locus1040",0.2083,0,0.2,0.2727,0,0,0.1111,0.0455,0,0,0.0625,0,0.125,0.1667,0.3333,0.3333,0.1875,0.0556,0.0833,0.2778,0.15,0.05,0.1364,0.0833
"locus1041",0,0.0625,0,0.0455,0,0,0,0.0455,0,0,0.0625,0,0,0.1667,0,0,0,0,0,0,0,0.15,0,0
"locus1042",0.0417,0,0.05,0.0909,0,0,0,0.0455,0,0,0,0,0,0,0.1111,0,0.0625,0.0556,0,0,0,0.1,0,0
"locus1043",0.0417,0,0.05,0.0455,0.1429,0.125,0.2778,0.0909,0,0,0.25,0,0,0.125,0,0.3333,0,0,0.4167,0.3889,0.1,0,0,0.4583
"locus1044",0.375,0.0625,0.25,0.1818,0,0.125,0.2778,0.4091,0.125,0,0.0625,0.2778,0.0625,0.125,0.3333,0,0.0625,0.3889,0.0833,0.1111,0.1,0.15,0.2727,0.0417
"locus1045",0,0,0.1,0.0455,0,0,0,0,0,0.05,0.125,0,0,0.0417,0,0,0.0625,0.0556,0,0,0,0.1,0.0455,0
"locus1046",0,0,0.05,0.2727,0,0,0,0,0,0.05,0,0.0556,0,0.0833,0,0,0,0,0,0.1111,0,0,0.0909,0.0417
"locus1047",0.4167,0,0.05,0.3636,0,0,0.0556,0.0909,0.0625,0.05,0.125,0.0556,0.0625,0.0417,0.4444,0.1667,0.0625,0.5,0,0.3889,0.3,0,0.3636,0
"locus1048",0,0,0.05,0,0,0,0.0556,0.0455,0.0625,0,0,0,0,0.0833,0,0,0.0625,0,0,0,0.05,0.15,0,0
"locus1049",0.3333,0,0,0.4091,0,0,0.1111,0,0.0625,0,0.25,0,0.125,0.0417,0.3333,0.3333,0,0.1667,0.0833,0.4444,0.35,0,0.4091,0.0833
"locus1050",0.4583,0.375,0.25,0.4545,0.5,0.3333,0.2778,0.3182,0.3125,0.15,0.375,0.1111,0.3125,0.125,0.1667,0.5,0.1875,0.5,0.3333,0.5,0.1,0.3,0.5,0.5
"locus1051",0.0417,0,0,0.0455,0,0.0417,0.2222,0.0909,0.125,0,0,0,0,0.0833,0.1111,0,0.125,0.1111,0,0,0,0.05,0.0455,0.0833
"locus1052",0.3333,0.1875,0.45,0.4091,0,0.1667,0.3889,0.4091,0.1875,0.25,0.375,0.0556,0.5,0.2917,0.3333,0.1667,0.25,0.2778,0.3333,0.1667,0.25,0.25,0.4545,0.25
"locus1053",0.0417,0.0625,0.1,0,0,0,0,0.0909,0,0.05,0,0,0,0.125,0,0,0.0625,0,0,0,0,0,0.0909,0
"locus1054",0.0833,0.125,0.1,0.1364,0.2143,0.375,0.1111,0.1364,0.375,0.2,0.125,0.3889,0.25,0.1667,0.1667,0.1667,0.3125,0,0,0,0.15,0.15,0.2273,0.25
"locus1055",0.0417,0.0625,0,0,0,0.0833,0,0.0455,0.125,0,0,0.0556,0,0,0.0556,0,0.0625,0.1667,0,0,0.05,0.05,0.0455,0.0417
"locus1056",0,0.125,0,0.0455,0,0,0.0556,0.1364,0,0,0,0,0.3125,0.25,0.0556,0,0,0.1111,0,0,0.05,0.1,0,0
"locus1057",0,0.1875,0,0,0.5,0.4583,0.3889,0,0,0.45,0,0.3333,0,0.0417,0,0,0.0625,0,0,0,0,0,0.1364,0.5
"locus1058",0.125,0,0.05,0.1364,0,0,0.0556,0.0455,0.0625,0,0.125,0,0,0.1667,0,0,0.0625,0.0556,0.3333,0.4444,0.15,0.1,0,0.125
"locus1059",0.4583,0.5,0.25,0.1818,0,0.3333,0,0.3636,0.25,0.25,0.3125,0.3333,0.4375,0.2083,0.4444,0.3333,0.375,0.3889,0.0833,0.0556,0.2,0.3,0.4545,0
"locus1060",0.5,0.375,0.4,0.2727,0.2857,0.3333,0.3889,0.4091,0.3125,0.2,0.3125,0.4444,0.5,0.3333,0.2778,0.3333,0.3125,0.3889,0.1667,0.2778,0.35,0.4,0.2727,0.375
"locus1061",0.0417,0,0.05,0.0455,0.2143,0.125,0.1111,0.0909,0,0.05,0,0,0.0625,0.125,0,0,0.0625,0.0556,0.3333,0,0.05,0.05,0.0909,0.3333
"locus1062",0.0833,0.0625,0.15,0.0909,0.1429,0,0.0556,0.0455,0.125,0.05,0.125,0,0.25,0.2083,0.0556,0,0.125,0.1111,0.1667,0.0556,0.25,0.15,0.0455,0
"locus1063",0.4583,0.4375,0.3,0.1818,0.3571,0.3333,0.3333,0.3182,0.25,0.4,0.375,0.2778,0.25,0.4583,0.2778,0.1667,0.3125,0.3333,0.1667,0.3333,0.3,0.3,0.3182,0.3333
"locus1064",0,0,0,0,0,0,0.0556,0.0455,0.0625,0,0,0,0,0,0,0.1667,0.125,0,0.1667,0,0,0.1,0,0
"locus1065",0,0.0625,0,0,0,0.1667,0,0,0.0625,0,0,0,0,0,0,0,0,0.0556,0,0.0556,0.05,0.05,0.0909,0.0417
"locus1066",0,0,0,0,0,0,0,0,0.3125,0,0,0,0.25,0.0417,0,0.1667,0,0.1667,0,0,0,0.05,0,0
"locus1067",0.0417,0.375,0.2,0.0455,0.2857,0.3333,0.1111,0.0455,0.0625,0.35,0.1875,0.4444,0.1875,0.2917,0,0,0.1875,0.1111,0.0833,0,0.1,0.1,0.0455,0.25
"locus1068",0.125,0.125,0.15,0.0455,0,0.0833,0,0.1818,0.0625,0.05,0,0,0.0625,0.125,0.2222,0.5,0.25,0.1111,0,0.3333,0.15,0.25,0,0.0833
"locus1069",0.25,0.25,0.15,0.4091,0.4286,0.4583,0.3889,0.2273,0.25,0.35,0.3125,0.3333,0.375,0.375,0.1111,0.3333,0.375,0.3333,0.5,0.3889,0.1,0.35,0.3636,0.375
"locus1070",0,0.0625,0,0,0,0.0417,0.0556,0.0455,0,0,0,0.1667,0.0625,0,0,0,0.0625,0,0.1667,0,0.1,0.1,0,0.0833
"locus1071",0,0,0,0.2273,0,0,0,0,0.0625,0.15,0,0.1111,0.0625,0,0,0,0,0,0,0,0,0,0,0
"locus1072",0.0417,0,0.15,0,0,0,0,0.0909,0,0,0,0,0,0.0417,0.1111,0,0.125,0,0.0833,0,0,0,0,0.0417
"locus1073",0,0.0625,0,0,0.2143,0.375,0.5,0,0.25,0.05,0.0625,0.0556,0,0.0417,0,0,0.0625,0,0.25,0,0.05,0,0.0909,0.4167
"locus1074",0.0833,0,0.2,0,0,0,0,0.1364,0.125,0.05,0,0,0.125,0.125,0.1111,0.1667,0.125,0.0556,0,0,0,0.1,0,0
"locus1075",0,0,0,0,0.5,0.0833,0.2778,0.0455,0,0.4,0,0.1667,0.0625,0,0,0,0.0625,0,0,0.0556,0,0,0,0.5
"locus1076",0.3333,0.125,0.2,0.0455,0,0.0417,0.1111,0.3182,0,0.05,0.0625,0,0.375,0.3333,0.4444,0,0.0625,0.4444,0.0833,0.5,0.3,0.35,0.4545,0
"locus1077",0.0417,0,0.25,0.0909,0,0.0417,0.3333,0.1818,0,0,0.125,0,0.0625,0.2083,0,0.1667,0.25,0.0556,0.25,0.1667,0.05,0.05,0.1364,0.3333
"locus1078",0.1667,0.0625,0.15,0.2273,0.1429,0.2917,0.1667,0.0909,0.125,0.15,0.1875,0.1111,0.25,0.125,0.1667,0,0.25,0.1111,0.25,0.0556,0.15,0.1,0.0909,0.2083
"locus1079",0.0417,0,0,0,0.0714,0.0833,0.0556,0.0455,0,0,0.1875,0,0.0625,0,0,0,0,0,0,0.0556,0.1,0,0.1364,0.0833
"locus1080",0,0,0,0,0.3571,0.0417,0,0,0,0,0,0,0,0,0,0,0,0,0,0,0.1,0,0.3182,0.0417
"locus1081",0.0417,0,0,0,0,0.0417,0,0.0909,0,0,0,0,0.0625,0.0833,0.0556,0,0,0.2222,0,0,0,0,0.0455,0
"locus1082",0,0,0.05,0,0,0.25,0.3333,0,0,0,0,0,0.25,0,0,0,0.25,0,0,0,0,0,0.0455,0.3333
"locus1083",0.0417,0.0625,0.05,0.0455,0.1429,0.1667,0.1111,0,0,0.2,0,0.0556,0,0.125,0,0,0.25,0,0.25,0.1111,0.2,0.05,0.0909,0.25
"locus1084",0.2083,0,0.25,0.4091,0,0,0.0556,0.2273,0,0,0.1875,0,0.4375,0.25,0.3889,0.3333,0.4375,0.2222,0.0833,0.4444,0.2,0.2,0.3182,0.125
"locus1085",0.0417,0.375,0.15,0,0.5,0.3333,0.4444,0.0455,0.375,0.3,0.0625,0.2778,0.125,0.0417,0,0.1667,0.25,0.1111,0.25,0.0556,0,0.15,0.2273,0.375
"locus1086",0,0.0625,0.05,0,0,0,0,0.0455,0.0625,0,0,0,0.1875,0.0417,0,0,0.1875,0.0556,0,0,0,0.2,0,0
"locus1087",0.0833,0.0625,0.05,0,0,0.0417,0,0,0,0.5,0,0.3889,0,0.0417,0,0.1667,0,0,0,0,0.05,0,0,0
"locus1088",0,0.1875,0.25,0.1818,0.0714,0.0417,0.1111,0.3182,0,0.1,0.125,0.1111,0.3125,0.0833,0,0.1667,0.125,0.1111,0.0833,0.0556,0.05,0.15,0,0.0417
"locus1089",0,0,0.05,0,0,0,0,0.2727,0,0.05,0,0,0.0625,0.0833,0,0,0.0625,0.0556,0.0833,0,0.15,0.05,0,0
"locus1090",0,0,0.1,0.0909,0,0,0,0.1818,0,0.05,0,0,0.125,0.125,0.0556,0,0.1875,0.2222,0,0,0,0.1,0,0
"locus1091",0.25,0.1875,0.35,0.1818,0,0.0833,0.0556,0.2727,0.0625,0.1,0.0625,0,0.25,0.25,0.1111,0.1667,0.3125,0.2222,0.0833,0.0556,0.05,0.3,0.4545,0.0417
"locus1092",0.3333,0.25,0.25,0.3636,0.4286,0.4583,0.1667,0.1818,0.0625,0.25,0.25,0.4444,0.1875,0.0417,0.1667,0.3333,0.125,0.1111,0.25,0.4444,0.4,0.15,0.3182,0.5
"locus1093",0,0,0,0,0,0,0,0.0909,0.0625,0,0.125,0,0.5,0.0417,0,0,0.125,0.5,0,0,0.05,0.05,0,0
"locus1094",0,0.125,0,0.0455,0.4286,0.0833,0.4444,0,0,0,0,0.0556,0.125,0,0,0,0,0,0.25,0.0556,0.1,0.05,0.3182,0.375
"locus1095",0,0,0,0,0.0714,0,0.3333,0.0455,0,0,0.0625,0,0.1875,0.0833,0.0556,0,0,0.0556,0.25,0.0556,0.05,0,0.1364,0
"locus1096",0.0833,0.0625,0.05,0,0,0,0,0,0,0,0,0.0556,0,0.0833,0,0,0.0625,0,0.0833,0,0,0,0,0.1667
"locus1097",0,0.1875,0,0,0.0714,0.1667,0,0.0455,0.4375,0.3,0,0.5,0,0,0,0,0,0.0556,0,0,0,0,0.0455,0
"locus1098",0,0,0,0,0,0,0.0556,0,0,0,0.3125,0,0,0,0,0,0,0,0.1667,0.2222,0,0,0.0455,0.0417
"locus1099",0.1667,0,0,0.0455,0,0.0417,0.0556,0.1364,0,0,0,0.0556,0.0625,0.0833,0.1111,0,0.125,0.0556,0,0.1111,0.05,0,0,0.25
"locus1100",0.0417,0.0625,0,0,0,0,0,0.0455,0,0,0.0625,0,0,0.0417,0.1111,0,0.0625,0,0,0.2222,0,0,0.2727,0
"locus1101",0,0.1875,0,0.1364,0,0.2083,0,0,0,0.05,0,0.0556,0,0,0,0,0,0,0,0.0556,0.25,0.05,0.0455,0.0417
"locus1102",0.125,0.1875,0.25,0.4545,0.0714,0.125,0.1111,0.1364,0.4375,0.05,0.1875,0,0.125,0.0417,0.3333,0.5,0.1875,0.3889,0.0833,0.1667,0.4,0.2,0.0909,0.0833
"locus1103",0,0,0,0,0,0,0,0,0,0.05,0,0.1111,0,0,0.2778,0,0.0625,0,0,0,0,0.05,0.0455,0
"locus1104",0.0417,0,0.05,0.0455,0,0,0,0.0455,0.0625,0,0,0,0,0.0833,0,0,0,0.1667,0.0833,0.0556,0.15,0.1,0,0.0833
"locus1105",0.0417,0,0.1,0.1364,0,0,0.1111,0.0909,0.125,0,0.1875,0,0.125,0.1667,0.1111,0,0.0625,0.0556,0.4167,0.1111,0.1,0.2,0,0.125
"locus1106",0,0,0,0.5,0,0.0417,0,0,0,0,0,0,0,0,0,0,0,0,0,0,0.3,0,0.0909,0
"locus1107",0.0417,0,0,0.3182,0.0714,0.125,0.1111,0.1364,0.375,0.05,0,0,0.1875,0.0417,0.1111,0,0,0,0.0833,0,0,0,0.0455,0
"locus1108",0,0.1875,0.35,0.0455,0.0714,0.2917,0,0.1818,0.125,0,0,0.0556,0.25,0.4167,0,0.5,0.375,0.0556,0.1667,0,0.25,0.05,0,0.0417
"locus1109",0.125,0,0,0,0.0714,0,0.1111,0,0,0,0,0,0,0,0.1111,0,0,0,0,0,0.05,0,0.0455,0
"locus1110",0.25,0,0,0.0909,0,0,0,0,0,0.1,0,0,0.0625,0,0.1111,0,0.0625,0.0556,0,0.0556,0.05,0,0.1818,0
"locus1111",0,0.25,0,0.0909,0.2857,0.2083,0,0,0.375,0.45,0.125,0.2778,0,0.0417,0.0556,0,0.125,0.1667,0,0.0556,0.05,0,0.1364,0
"locus1112",0,0.0625,0,0.1364,0.0714,0,0,0,0.125,0,0,0.1667,0.0625,0,0,0,0,0,0.0833,0,0,0.05,0.0909,0
"locus1113",0.0417,0.0625,0.2,0,0,0.0833,0.0556,0,0,0.05,0,0.0556,0,0.125,0,0,0,0,0.1667,0,0,0.05,0.0455,0
"locus1114",0.2917,0.25,0.05,0.2727,0.2857,0.125,0.2778,0.1818,0.1875,0.05,0.4375,0.1667,0.125,0.125,0.3889,0.3333,0.125,0.2222,0.3333,0.3889,0.45,0.05,0.4545,0.4167
"locus1115",0.0417,0.1875,0.15,0.2727,0.1429,0.4583,0.1111,0.0909,0.125,0.45,0,0.3333,0.0625,0.0833,0,0,0.0625,0.3889,0.0833,0.3333,0.05,0,0.1364,0.1667
"locus1116",0.0417,0.125,0,0,0.0714,0.0833,0.0556,0,0,0.2,0.0625,0.2222,0,0,0,0,0,0,0.0833,0,0,0,0.0455,0
"locus1117",0.0833,0.0625,0.05,0.1364,0,0,0,0.2273,0,0.05,0.0625,0,0.0625,0.0417,0.0556,0,0.0625,0.1111,0,0.2222,0.1,0,0.0909,0
"locus1118",0.125,0.125,0,0.1364,0,0,0.0556,0,0,0,0,0,0.0625,0.0833,0.1111,0,0,0.0556,0,0.2778,0.15,0,0.0455,0
"locus1119",0,0,0.15,0,0,0,0,0,0,0,0,0,0.25,0.2917,0,0,0.0625,0,0,0,0,0,0,0
"locus1120",0.0833,0,0,0.0909,0,0,0,0.1818,0,0,0,0,0,0,0.2222,0,0,0,0,0,0.1,0,0.0455,0
"locus1121",0.0417,0.1875,0,0,0,0,0.3889,0,0.0625,0.1,0,0,0,0,0,0,0.0625,0,0.25,0,0.05,0.05,0,0.2083
"locus1122",0.2083,0,0,0.0455,0,0,0,0.0455,0,0.05,0.0625,0,0.125,0,0.2222,0,0,0.1111,0,0.0556,0.15,0,0.0455,0
"locus1123",0.4167,0.3125,0,0.4545,0.4286,0.0833,0.3333,0.2273,0.3125,0.4,0.125,0.5,0.375,0.1667,0.3889,0.5,0.1875,0.2778,0.3333,0.4444,0.45,0.15,0.3636,0.3333
"locus1124",0,0,0.4,0.0455,0.5,0.2083,0.4444,0.4091,0.0625,0.05,0.4375,0,0.1875,0.4167,0,0,0.375,0,0.4167,0.0556,0,0.3,0.1364,0.5
"locus1125",0,0.25,0,0,0.0714,0.3333,0.0556,0,0,0.45,0,0.2778,0.0625,0,0,0,0,0,0,0,0,0.15,0,0
"locus1126",0,0.0625,0,0,0,0.1667,0,0.0909,0,0,0,0,0,0.0417,0,0,0,0,0,0,0.05,0.2,0,0
"locus1127",0.3333,0.0625,0.35,0.4091,0,0.0417,0.3333,0.3182,0.375,0.2,0.25,0.0556,0.4375,0.3333,0.3889,0.1667,0.4375,0.3333,0.4167,0.2778,0.3,0.4,0.4091,0.125
"locus1128",0.25,0,0.2,0,0,0.0833,0,0.1364,0.0625,0,0.125,0.0556,0.0625,0.0833,0.1667,0.1667,0.0625,0.0556,0,0.1111,0.25,0.05,0.0909,0
"locus1129",0.0417,0,0.05,0,0.2143,0.0833,0.2222,0,0,0,0.0625,0,0.0625,0.0417,0,0.3333,0,0,0.1667,0.1111,0,0.1,0.2727,0.2917
"locus1130",0,0.0625,0,0,0.2857,0.0833,0.2778,0,0.0625,0,0,0,0,0.0417,0,0,0.1875,0,0,0,0.05,0,0,0.4167
"locus1131",0.375,0.3125,0.45,0.5,0,0.0833,0.4444,0.4545,0.4375,0.1,0.4375,0,0.4375,0.4583,0.4444,0.5,0.4375,0.5,0.5,0.2778,0.4,0.45,0.4091,0.1667
"locus1132",0,0.1875,0.05,0.0909,0.0714,0.0417,0,0.0455,0.0625,0.05,0.25,0,0,0.125,0,0.1667,0,0,0.1667,0,0.05,0.2,0,0.0417
"locus1133",0,0.1875,0,0.0909,0,0.0833,0,0.0455,0.25,0,0,0.0556,0,0,0,0,0.0625,0,0,0,0,0.05,0,0
"locus1134",0,0.3125,0.3,0,0.0714,0.4583,0.2222,0.1364,0.375,0.35,0.4375,0.4444,0.0625,0.375,0,0,0.4375,0.3333,0.25,0.0556,0,0.35,0.4091,0.25
"locus1135",0,0.0625,0,0,0,0.1667,0.1667,0,0.0625,0.15,0,0,0.1875,0.0833,0.1111,0,0.25,0.1111,0.1667,0,0.05,0.2,0.1364,0.0417
"locus1136",0.4583,0.25,0.3,0.4091,0,0.0833,0.2222,0.1818,0.3125,0.2,0.375,0.1111,0.375,0.125,0.3333,0.5,0.25,0.3889,0.3333,0.4444,0.4,0.15,0.3182,0.0417
"locus1137",0.1667,0.0625,0,0.0455,0,0.0417,0,0,0.1875,0,0,0,0.0625,0.0417,0.5,0,0,0.0556,0,0,0.15,0,0.0455,0
"locus1138",0,0,0,0,0,0.0417,0,0.0455,0,0.2,0,0.3889,0,0,0,0,0,0.0556,0,0,0,0,0,0
"locus1139",0,0.0625,0.05,0.1364,0,0.125,0,0,0,0,0.0625,0,0,0.0417,0,0.1667,0.125,0,0.1667,0,0.1,0,0,0
"locus1140",0.25,0.0625,0.2,0.0909,0,0,0.1667,0.4545,0.0625,0.1,0.3125,0,0.1875,0.25,0.2778,0,0.4375,0.1667,0.1667,0.3889,0.25,0.2,0.1364,0.0833
"locus1141",0.0417,0.1875,0.2,0.1818,0.0714,0.2083,0,0.1364,0,0.05,0,0.2778,0.3125,0.0833,0.1111,0,0.1875,0.1667,0,0,0,0.15,0.0455,0.25
"locus1142",0.125,0,0,0.0455,0,0.0417,0.0556,0.0455,0,0,0,0,0.0625,0.2083,0,0.3333,0.0625,0.0556,0,0.0556,0,0,0.0455,0.2917
"locus1143",0,0,0,0.0909,0,0.0417,0.1111,0.2273,0,0.2,0.0625,0,0,0.0417,0.3889,0.1667,0.125,0,0,0.1667,0.1,0.1,0.0455,0
"locus1144",0,0.125,0.05,0.1364,0,0.25,0.0556,0.3636,0.1875,0.25,0,0.3333,0.0625,0.125,0.0556,0,0,0.1111,0,0,0.05,0.25,0.0455,0.0833
"locus1145",0.4583,0.3125,0.35,0.5,0.4286,0.2917,0.3333,0.3636,0.3125,0.4,0.5,0.2222,0.375,0.375,0.2778,0.3333,0.4375,0.4444,0.3333,0.1667,0.3,0.4,0.3636,0.375
"locus1146",0.0417,0,0.15,0,0.0714,0.0417,0.1667,0.0909,0,0,0,0,0,0.0417,0.0556,0.3333,0.1875,0,0,0.1111,0.05,0,0.0455,0.0833
"locus1147",0.25,0,0,0.1364,0,0,0.0556,0,0,0,0,0,0.0625,0.0417,0.3333,0,0,0.1111,0,0.3333,0.2,0.1,0.0909,0.0417
"locus1148",0.2917,0,0.1,0,0.2143,0.1667,0.1111,0,0,0,0.25,0,0.1875,0.1667,0.1111,0,0,0.1667,0.4167,0.1111,0.15,0.05,0.0909,0.3333
"locus1149",0.3333,0.3125,0.35,0.4091,0.3571,0.4167,0.5,0.2727,0.25,0.35,0.4375,0.2778,0.25,0.4583,0.4444,0.3333,0.375,0.5,0.3333,0.4444,0.5,0.3,0.4091,0.4167
"locus1150",0.0833,0,0,0,0.1429,0.0417,0.1667,0,0,0,0,0,0,0.0417,0,0,0,0,0,0,0,0,0.0455,0.1667
"locus1151",0.125,0.3125,0.1,0.1818,0.3571,0.375,0.2778,0.2273,0,0.35,0.375,0.1111,0.1875,0.0417,0.1667,0.3333,0.1875,0.0556,0.1667,0.5,0.1,0.1,0.2727,0.2917
"locus1152",0.0833,0.125,0,0.0909,0,0,0.0556,0.0455,0.0625,0.05,0,0.0556,0.0625,0.0833,0.2222,0,0,0,0,0.0556,0.05,0.05,0.0455,0.0417
"locus1153",0,0.0625,0,0,0.3571,0.0417,0.4444,0,0,0.2,0,0,0,0,0,0,0.125,0.1111,0,0.0556,0,0,0,0.4583
"locus1154",0.25,0.5,0.45,0.2727,0.2857,0.4583,0.3889,0.3636,0.5,0.15,0.4375,0.0556,0.375,0.4167,0.3889,0.3333,0.375,0.1667,0.25,0.5,0.35,0.45,0.4091,0.4583
"locus1155",0.2917,0.25,0.1,0.0455,0.2857,0.2083,0.4444,0.0455,0.0625,0.4,0.125,0.3889,0.0625,0.1667,0.1111,0.5,0.0625,0.0556,0.25,0.1111,0.05,0.3,0,0.4167
"locus1156",0,0.125,0,0,0,0.25,0.0556,0,0,0.3,0,0.1111,0,0,0,0,0,0,0,0,0,0,0,0
"locus1157",0,0.0625,0.05,0.1818,0,0.1667,0,0,0,0,0,0,0,0.0417,0,0,0,0,0,0,0,0.05,0,0
"locus1158",0,0,0,0.0909,0.1429,0,0,0.0909,0.125,0.05,0,0.1111,0,0,0,0,0,0.1111,0,0,0,0,0,0.0417
"locus1159",0.375,0.375,0.25,0.3636,0.4286,0.4167,0.3333,0.1364,0.375,0.45,0.5,0.4444,0.375,0.375,0.2778,0,0.5,0.4444,0.5,0.3889,0.3,0.3,0.4091,0.25
"locus1160",0.0417,0.0625,0,0,0.1429,0.0833,0,0,0,0.45,0,0.2778,0.0625,0,0,0,0,0,0,0,0,0.1,0,0
"locus1161",0.3333,0.0625,0.25,0.1364,0,0.0417,0,0.2727,0,0.1,0.1875,0,0.3125,0.125,0.2778,0.1667,0.0625,0.3333,0,0.2778,0.2,0.1,0.5,0
"locus1162",0.2083,0,0,0,0.5,0.0417,0.3889,0,0,0.05,0,0,0.0625,0.0833,0.0556,0,0,0,0.3333,0,0,0,0.0455,0.3333
"locus1163",0.125,0.0625,0,0.1364,0,0,0.1111,0,0.25,0,0.1875,0,0.0625,0.0417,0.0556,0,0,0.1111,0,0.1111,0.3,0.05,0.0909,0
"locus1164",0.0417,0.25,0.45,0.1818,0.1429,0.125,0.3333,0.2273,0.125,0.05,0.25,0.0556,0.1875,0.3333,0,0.1667,0.125,0.1111,0.3333,0.2778,0.1,0.25,0.2273,0.25
"locus1165",0,0,0.15,0.0455,0.0714,0.0833,0.1667,0.0455,0,0.15,0.1875,0,0,0.125,0,0.1667,0.0625,0,0.25,0.0556,0.1,0,0.0455,0.3333
"locus1166",0.125,0.1875,0,0.0909,0,0.125,0.2222,0.0455,0.125,0.2,0.0625,0.1111,0.0625,0,0,0,0.0625,0.1111,0.0833,0.0556,0.1,0.15,0.0455,0.125
"locus1167",0,0,0,0,0,0,0,0,0.3125,0,0,0,0.0625,0.0833,0,0,0,0,0,0,0.35,0,0,0
"locus1168",0.125,0.375,0.2,0.3636,0.3571,0.2917,0.3889,0.4091,0.5,0.25,0.25,0.3889,0.1875,0.375,0.1667,0.3333,0.1875,0,0.25,0.4444,0.35,0.3,0.5,0.4583
"locus1169",0.3333,0.1875,0.35,0.2727,0.3571,0.3333,0.2222,0.3636,0.4375,0.3,0.4375,0.3889,0.3125,0.4167,0.4444,0.3333,0.25,0.3889,0.5,0.3333,0.35,0.45,0.3636,0.4583
"locus1170",0.4167,0.4375,0.45,0.4545,0.3571,0.3333,0.3333,0.3636,0.25,0.15,0.4375,0.0556,0.1875,0.4167,0.4444,0.3333,0.3125,0.4444,0.4167,0.2222,0.35,0.5,0.5,0.4167
"locus1171",0.2083,0.375,0.1,0.0909,0.1429,0.25,0.0556,0.3636,0.5,0.35,0.0625,0.2222,0.375,0.125,0.2778,0.1667,0,0.2222,0.1667,0.1111,0.25,0.2,0.1818,0
"locus1172",0.1667,0,0,0.0909,0,0.0833,0,0,0.0625,0.1,0,0.1667,0,0,0.1667,0,0,0.1667,0.0833,0,0.05,0.05,0,0
"locus1173",0.25,0.5,0.25,0.2273,0.3571,0.4583,0.3889,0.3636,0.5,0.35,0.5,0.3333,0.3125,0.3333,0.2778,0.1667,0.125,0.0556,0.3333,0.1667,0.25,0.3,0.3636,0.5
"locus1174",0,0,0.1,0.1364,0,0.0833,0,0,0,0.3,0.0625,0.1111,0.125,0.2083,0,0,0,0.1111,0.0833,0,0.2,0.05,0.0455,0.0417
"locus1175",0,0,0,0,0,0,0.2222,0,0.0625,0.15,0,0.0556,0,0.0833,0,0,0,0,0.0833,0.0556,0,0,0,0.4583
"locus1176",0,0,0,0.0455,0,0,0.0556,0.1364,0,0,0,0,0,0.0417,0.1667,0,0.0625,0.2778,0,0.0556,0,0,0.0455,0
"locus1177",0.0417,0,0,0,0,0,0.2222,0.0455,0.0625,0.05,0.0625,0,0,0,0,0,0,0,0.1667,0.0556,0,0.1,0.1364,0.1667
"locus1178",0.2083,0.3125,0.35,0.0455,0.0714,0.1667,0.0556,0.2273,0.125,0.15,0.1875,0.1111,0.3125,0.2083,0.3333,0.1667,0.3125,0.1667,0.3333,0.0556,0.1,0.4,0.0455,0.125
"locus1179",0,0.125,0.1,0,0.4286,0.1667,0.2222,0.1818,0,0.05,0,0,0.0625,0,0,0.1667,0,0.0556,0,0,0.05,0.05,0.2273,0.3333
"locus1180",0.0417,0,0.05,0.1364,0,0.0417,0,0.0455,0.0625,0.05,0.0625,0,0,0,0,0,0.0625,0,0.1667,0.0556,0.05,0.05,0,0.0833
"locus1181",0,0.125,0.1,0,0.1429,0.125,0.0556,0.1364,0,0,0.1875,0,0.0625,0,0,0,0.125,0,0,0,0.05,0.15,0.0909,0
"locus1182",0.1667,0.3125,0.4,0.0455,0.3571,0.375,0.3889,0.2273,0.0625,0.3,0.3125,0.4444,0.375,0.1667,0,0,0.4375,0.0556,0.5,0.3889,0.05,0.2,0.0909,0.2083
"locus1183",0.0417,0.0625,0.05,0.0455,0.1429,0,0,0,0,0,0.125,0,0.0625,0,0,0,0,0,0.1667,0,0,0.05,0.0455,0.125
"locus1184",0.4583,0.125,0.45,0.2727,0,0,0,0.4091,0.3125,0.2,0.4375,0,0.1875,0.4167,0.1667,0.3333,0.375,0.2778,0.4167,0.4444,0.3,0.45,0.2273,0.0833
"locus1185",0.375,0.25,0.45,0.3182,0.2143,0.3333,0.1667,0.3636,0.0625,0.5,0.3125,0.4444,0.5,0.3333,0.3889,0.5,0.5,0.3333,0.5,0.2778,0.5,0.45,0.3182,0.25
"locus1186",0,0,0,0,0,0,0.1111,0,0,0,0,0,0,0.0417,0,0,0.125,0.1667,0.0833,0,0,0.1,0.0909,0
"locus1187",0.2083,0,0,0.0909,0,0,0.1111,0.0455,0,0,0.125,0,0,0.1667,0,0.3333,0.125,0,0.1667,0.1111,0,0,0.0455,0
"locus1188",0,0,0,0,0,0.0417,0.0556,0,0.1875,0,0,0.1111,0,0,0,0,0,0,0,0.3333,0.05,0,0,0.0417
"locus1189",0.2917,0.4375,0.35,0.3182,0.3571,0.4583,0.4444,0.1818,0.4375,0.2,0.4375,0.2222,0.5,0.4167,0.3333,0.5,0.375,0.4444,0.3333,0.0556,0.2,0.4,0.2273,0.5
"locus1190",0.0417,0,0.25,0,0,0,0,0.1364,0,0,0,0,0.375,0.0833,0,0.1667,0.25,0.3889,0,0,0.1,0.1,0.0455,0
"locus1191",0,0,0,0,0.4286,0.0417,0,0,0.0625,0,0,0.0556,0,0,0,0,0,0,0,0.0556,0,0,0.0909,0.1667
"locus1192",0.0417,0.125,0.25,0.0455,0,0.0417,0,0.2727,0,0,0,0,0.3125,0.0833,0,0,0.1875,0.0556,0.0833,0.2778,0,0.1,0.0455,0
"locus1193",0.0417,0.0625,0,0,0,0.0417,0.0556,0,0.125,0,0,0.0556,0,0,0,0.1667,0,0.0556,0,0,0,0.15,0,0.0417
"locus1194",0,0.0625,0.2,0.0455,0.0714,0.0833,0,0.4545,0.125,0.05,0,0,0.375,0.4583,0.2222,0.1667,0.1875,0.3333,0.0833,0.3889,0.1,0.45,0.1364,0.0417
"locus1195",0,0.0625,0.05,0,0,0,0,0,0.0625,0,0,0.2778,0,0.0417,0,0,0.0625,0,0,0.2222,0.05,0,0,0
"locus1196",0.0833,0.4375,0.05,0.1364,0.4286,0.4167,0.2222,0.0455,0.1875,0.35,0.0625,0.4444,0.125,0.0417,0.0556,0.1667,0.25,0.1111,0.1667,0.0556,0.05,0,0.0455,0.0833
"locus1197",0,0.125,0.05,0,0,0.0417,0.2778,0.0909,0,0,0.25,0,0.0625,0.1667,0.0556,0.5,0.0625,0.1111,0.4167,0,0,0.1,0.0455,0.4583
"locus1198",0.1667,0.25,0.05,0,0.5,0.2917,0.1111,0.0455,0.25,0.35,0,0.3889,0.1875,0,0.1111,0,0.125,0.1667,0.25,0.2222,0.1,0,0.1818,0.3333
"locus1199",0.2083,0.0625,0,0.2273,0.1429,0.2083,0.2222,0.1818,0.1875,0.15,0.1875,0.2222,0.25,0.125,0.3333,0.1667,0.25,0.3333,0,0.3333,0.3,0.15,0.3182,0.2083
"locus1200",0,0.0625,0,0,0.0714,0,0,0,0,0.4,0,0.1667,0,0,0.1111,0,0,0,0.0833,0,0,0,0,0.0833
"locus1201",0,0.1875,0.35,0,0,0,0.0556,0.2273,0.0625,0.1,0,0,0.1875,0.0833,0,0.1667,0.1875,0.0556,0,0,0,0.05,0.0455,0
"locus1202",0,0.0625,0,0.1818,0,0.0417,0,0,0.125,0.05,0,0,0.0625,0.125,0,0,0,0.1667,0,0.0556,0.05,0.1,0.1364,0
"locus1203",0.4583,0.1875,0.15,0.3636,0.1429,0.375,0.2778,0.3636,0.5,0.4,0.375,0.1667,0.5,0.375,0.3889,0.5,0.25,0.0556,0.4167,0.2222,0.25,0.35,0.2727,0.3333
"locus1204",0.1667,0.375,0.4,0.4545,0.4286,0.4167,0.1667,0.3182,0.375,0.2,0.1875,0.4444,0.1875,0.2917,0.2222,0.1667,0.5,0.3889,0.4167,0.4444,0.4,0.4,0.2273,0.2917
"locus1205",0,0.3125,0.1,0,0.1429,0.0417,0.2778,0.0909,0,0.05,0.0625,0.1111,0.0625,0.0417,0,0,0.125,0.0556,0.0833,0.0556,0,0.05,0.1364,0.1667
"locus1206",0.0833,0.0625,0,0,0,0.0417,0.1111,0.0909,0.0625,0,0,0.0556,0.0625,0.0417,0,0.3333,0.0625,0.2222,0,0.0556,0,0.3,0.0455,0
"locus1207",0.5,0,0.1,0.5,0.2857,0.4583,0.2222,0.3636,0.125,0.05,0.375,0.0556,0.3125,0.4167,0.1667,0.5,0.3125,0.5,0.25,0.3889,0.45,0.45,0.4091,0.125
"locus1208",0,0.0625,0,0,0,0,0,0,0,0.4,0,0.4444,0,0,0,0,0,0,0,0,0,0,0,0
"locus1209",0.0833,0.3125,0.25,0,0.3571,0.2917,0.3889,0.1364,0.125,0.3,0.25,0.1111,0.25,0.375,0.0556,0,0.1875,0.1667,0.3333,0,0.25,0.25,0.2727,0.375
"locus1210",0.125,0.125,0.05,0.2273,0.0714,0,0.2222,0.0909,0.125,0.2,0.125,0.3333,0,0.125,0,0.1667,0.25,0.1111,0.25,0.0556,0.1,0.05,0.0455,0.125
"locus1211",0.0417,0.125,0.05,0.0909,0.1429,0.0833,0.0556,0.1364,0,0.25,0.0625,0.2222,0.1875,0.0833,0.0556,0.1667,0.0625,0.1111,0.0833,0.1667,0,0.1,0.1364,0.0417
"locus1212",0.0833,0,0,0,0,0,0,0.0455,0.125,0,0,0,0,0,0,0,0,0.0556,0,0,0.15,0.1,0.0455,0
"locus1213",0.2083,0.0625,0.05,0,0,0,0,0.0455,0,0,0.125,0,0.0625,0.0417,0.2222,0,0,0.1667,0,0.3889,0.15,0,0.0909,0
"locus1214",0,0,0.2,0,0,0,0,0.0909,0,0,0,0,0.0625,0.0833,0,0,0,0,0,0,0.05,0.15,0,0
"locus1215",0,0,0,0.0455,0.0714,0.0417,0,0,0,0,0.1875,0,0.0625,0.0417,0,0,0,0,0,0.2222,0.15,0,0.1364,0
"locus1216",0.0833,0,0.05,0.0455,0,0,0,0.0909,0,0,0,0,0.125,0,0.3889,0,0,0,0.1667,0.0556,0.05,0.05,0.0909,0
"locus1217",0.0833,0.125,0.15,0.0909,0,0.1667,0,0.0455,0.0625,0,0.125,0.1667,0,0,0.1667,0,0.125,0,0.0833,0.1667,0.2,0,0.0455,0
"locus1218",0.1667,0.1875,0.15,0.2273,0.2857,0.4583,0.4444,0.3636,0.0625,0.3,0.1875,0.3889,0.1875,0.4583,0.0556,0.3333,0.4375,0.1667,0.5,0.0556,0.25,0.45,0.1818,0.4583
"locus1219",0.4167,0.0625,0.25,0.2273,0,0.125,0.2222,0.5,0.3125,0.05,0.1875,0.0556,0.3125,0.4167,0.3333,0.5,0.25,0.4444,0.1667,0.3889,0.3,0.5,0.1818,0.2083
"locus1220",0,0,0.05,0.0455,0.1429,0.0417,0,0.0455,0,0,0,0,0.125,0,0,0.1667,0,0,0,0,0.1,0.05,0.0909,0
"locus1221",0.4167,0.5,0.4,0.4545,0.2857,0.5,0.4444,0.4545,0.375,0.45,0.4375,0.3889,0.4375,0.5,0.2778,0.3333,0.5,0.3889,0.25,0.4444,0.4,0.4,0.4545,0.4583
"locus1222",0.0417,0,0,0.0455,0.0714,0,0.0556,0,0,0,0,0,0,0,0,0.1667,0.0625,0,0.1667,0.0556,0.05,0,0.0909,0.3333
"locus1223",0.4167,0.1875,0.3,0.2273,0.2143,0.1667,0.1667,0.1818,0.25,0.25,0.4375,0.1667,0.0625,0.1667,0.2778,0.3333,0.0625,0.1667,0.1667,0.5,0.3,0.1,0.3636,0.25
"locus1224",0.0833,0,0.15,0.0455,0,0.0417,0.0556,0.1818,0,0.05,0,0,0,0.1667,0,0,0.1875,0,0,0,0,0.05,0,0
"locus1225",0,0,0,0,0,0.0833,0,0,0,0.45,0,0.2222,0,0,0,0,0,0,0,0,0,0,0,0
"locus1226",0.0833,0,0,0.2273,0,0,0,0.1818,0,0.05,0.0625,0.0556,0.1875,0.0833,0.0556,0,0,0.0556,0,0.1111,0,0.1,0.0455,0.125
"locus1227",0.4583,0.1875,0.15,0.4091,0.2857,0.3333,0.3889,0.2273,0.4375,0.3,0.5,0.2222,0.375,0.1667,0.4444,0.5,0.1875,0.2778,0.4167,0.5,0.45,0.45,0.4545,0.4583
"locus1228",0.0833,0.0625,0,0,0,0,0,0,0,0,0,0,0,0,0.1667,0,0,0,0,0,0.2,0,0,0
"locus1229",0.2083,0.5,0.45,0.1818,0.4286,0.25,0.4444,0.2273,0.25,0.5,0.3125,0.2778,0.375,0.375,0.1111,0.1667,0.5,0.2778,0.3333,0.2222,0.3,0.45,0.3182,0.5
"locus1230",0.3333,0,0.05,0,0,0,0,0,0.1875,0.05,0,0,0.0625,0.1667,0.3889,0,0.125,0.1667,0,0,0.1,0.1,0.2273,0
"locus1231",0.0833,0,0.15,0.0455,0.0714,0.1667,0.1111,0.0909,0,0,0.125,0.0556,0.0625,0.0833,0.3889,0,0.0625,0,0.0833,0.3333,0.05,0,0,0
"locus1232",0.125,0.1875,0.05,0.0909,0.4286,0.375,0.0556,0.0455,0,0.1,0,0.4444,0,0.0833,0.1667,0.3333,0.0625,0.1111,0.0833,0.1111,0.25,0,0.3636,0.1667
"locus1233",0.0833,0.125,0.15,0.0455,0,0,0,0.1818,0.0625,0.05,0.0625,0,0.0625,0.0417,0.1667,0,0.125,0.1111,0,0.0556,0,0.1,0.0909,0
"locus1234",0,0,0.1,0.1364,0,0.0833,0,0.1364,0.0625,0.05,0,0,0,0.1667,0,0.1667,0.1875,0,0.0833,0,0,0.25,0.0455,0
"locus1235",0,0,0,0,0.0714,0.1667,0.1111,0,0,0,0,0,0.125,0.0833,0,0.1667,0.0625,0,0,0.1111,0,0.05,0.0455,0.0833
"locus1236",0.1667,0.0625,0,0.0455,0,0,0,0,0,0.05,0,0,0,0,0.1667,0,0,0,0,0.3333,0,0,0.0455,0
"locus1237",0,0,0.25,0,0,0.0417,0.0556,0.1364,0,0,0,0,0,0,0,0,0.125,0.1111,0,0,0.05,0.15,0,0
"locus1238",0.0833,0.0625,0.2,0,0.2143,0.0833,0.1667,0.2273,0.125,0.05,0.1875,0,0.0625,0.25,0.2222,0.5,0.25,0.0556,0.3333,0.0556,0.25,0.15,0.1364,0.2917
"locus1239",0,0.1875,0,0,0.0714,0,0,0,0.0625,0.25,0,0.2222,0,0,0,0,0,0,0,0,0,0,0,0
"locus1240",0,0,0,0,0.1429,0.0417,0.0556,0.0455,0.0625,0,0.1875,0,0.0625,0.0417,0,0,0,0,0,0,0,0.05,0,0.1667
"locus1241",0.0417,0,0.1,0.0455,0,0,0.0556,0,0,0,0.0625,0,0,0.2083,0,0,0.25,0,0,0,0,0,0,0.0417
"locus1242",0.25,0,0,0,0,0,0,0.0455,0,0,0,0,0.0625,0.0417,0,0,0,0,0,0.0556,0,0,0.1364,0.0417
"locus1243",0,0,0,0,0.5,0.1667,0,0,0.0625,0,0,0,0,0,0.1111,0,0,0,0,0.0556,0.05,0.1,0,0.0417
"locus1244",0,0.0625,0,0.0909,0,0,0.0556,0,0,0.05,0.375,0,0,0,0,0,0,0,0,0,0.1,0,0.0455,0
"locus1245",0,0,0.2,0.1364,0.0714,0,0.0556,0.1818,0,0.05,0.125,0,0.3125,0.1667,0,0,0.1875,0,0.25,0,0.1,0.1,0,0
"locus1246",0,0,0.05,0,0.0714,0,0,0,0,0,0,0.0556,0,0.0417,0.0556,0,0.0625,0.0556,0,0.1111,0.05,0,0,0.0417
"locus1247",0,0,0,0,0.4286,0.125,0.2778,0,0.0625,0.1,0,0,0,0,0,0.1667,0.0625,0,0,0.0556,0,0,0.2273,0.4583
"locus1248",0.125,0.125,0.05,0.0455,0.0714,0.0833,0.1111,0.2273,0,0,0,0,0,0.125,0.0556,0,0.1875,0.0556,0.1667,0,0.15,0.25,0.2273,0.0833
"locus1249",0.0417,0,0,0.1818,0.1429,0.25,0.2222,0.0455,0.0625,0.1,0,0.0556,0.0625,0.0417,0,0.1667,0,0.0556,0,0,0.05,0.05,0.0455,0.0417
"locus1250",0,0,0,0.1364,0,0,0.1667,0,0,0,0,0,0,0,0,0,0,0,0,0.1111,0.15,0,0,0.1667
"locus1251",0,0.0625,0,0,0,0.0417,0,0,0,0.3,0.0625,0.1111,0,0.0417,0.1667,0,0,0,0,0.1667,0.1,0,0,0
"locus1252",0.4167,0.25,0.4,0.0455,0.0714,0,0.4444,0.4091,0.4375,0.05,0.4375,0,0.25,0.1667,0.3333,0.3333,0.125,0.1667,0.4167,0.0556,0.2,0.4,0.3636,0.4583
"locus1253",0.2083,0,0.05,0.0455,0,0.0417,0,0,0,0,0,0,0.0625,0.0833,0,0,0,0,0,0.0556,0,0,0.0909,0
"locus1254",0.0417,0,0,0,0,0.0417,0,0,0.125,0.1,0.0625,0.0556,0,0.0417,0.1111,0,0,0.0556,0,0,0,0,0,0
"locus1255",0,0.0625,0,0.0909,0.0714,0,0.1111,0.0909,0.1875,0,0,0.0556,0.125,0.0417,0,0,0,0.1667,0,0,0,0.05,0.0455,0.0833
"locus1256",0,0.0625,0.2,0,0,0,0.0556,0.1818,0.125,0.1,0.125,0.2222,0.0625,0.25,0.1667,0,0.125,0.1111,0,0.0556,0.15,0,0.2727,0
"locus1257",0.2917,0,0,0.0455,0,0,0,0.0455,0,0,0.125,0.0556,0,0,0.1667,0,0,0,0,0,0.15,0.05,0.1364,0
"locus1258",0.0417,0.0625,0,0,0.0714,0.0417,0.0556,0,0,0,0,0,0.0625,0.125,0,0,0.125,0,0,0,0.15,0,0,0.0417
"locus1259",0.125,0.0625,0.1,0.2273,0,0.2917,0.2778,0.0909,0,0,0.25,0,0.0625,0.0833,0.2222,0.1667,0,0.1667,0.25,0.2778,0.25,0.15,0.0455,0.4583
"locus1260",0.2917,0.5,0.35,0.3182,0.2857,0.3333,0.3333,0.3636,0.1875,0.1,0.375,0.2222,0.25,0.375,0.2222,0.5,0.1875,0.3889,0.5,0.1667,0.4,0.35,0.2727,0.2917
"locus1261",0.0833,0.125,0,0,0,0.25,0,0,0,0.1,0.0625,0,0.125,0.125,0.0556,0,0,0,0,0,0,0.05,0,0
"locus1262",0,0,0,0,0,0,0,0,0,0,0.4375,0,0,0,0,0.1667,0,0,0.0833,0.1111,0,0,0.0455,0
"locus1263",0,0,0,0,0.2143,0.125,0.2222,0,0,0.05,0,0.0556,0,0,0,0,0.0625,0,0,0.0556,0,0,0,0.0833
"locus1264",0.0833,0.4375,0.4,0.2273,0.4286,0.4167,0.3889,0.4091,0.375,0.45,0.3125,0.4444,0.3125,0.2083,0.3333,0,0.25,0.3889,0.4167,0.3889,0.45,0.5,0.2727,0.4583
"locus1265",0.1667,0.125,0.1,0.2273,0,0.125,0.3333,0,0.125,0.05,0.125,0,0.125,0.0417,0,0.1667,0,0.0556,0.25,0.0556,0.2,0,0.0455,0.25
"locus1266",0.0417,0,0.05,0.2273,0,0,0,0.0455,0.125,0,0.0625,0,0.0625,0.0417,0.1667,0,0.0625,0.1667,0,0,0.2,0,0.1818,0.0833
"locus1267",0.0417,0,0.15,0,0,0,0,0.1818,0.0625,0.05,0,0,0,0.0417,0,0,0,0,0,0,0,0.05,0.0455,0
"locus1268",0.4167,0.4375,0.35,0.3182,0.4286,0.5,0.3889,0.4091,0.3125,0.5,0.3125,0.4444,0.5,0.3333,0.3889,0.3333,0.4375,0.4444,0.4167,0.4444,0.4,0.35,0.5,0.4167
"locus1269",0.0417,0.1875,0.2,0,0,0.0833,0.1111,0,0,0.05,0.3125,0.0556,0.125,0.3333,0,0,0.125,0.1111,0.4167,0,0,0.2,0.0909,0.4167
"locus1270",0.2917,0.4375,0.3,0.2727,0.1429,0.375,0.3333,0.2273,0.25,0.3,0.25,0.1111,0.0625,0.5,0.1667,0.3333,0.375,0.4444,0.3333,0.0556,0.25,0.4,0.5,0.1667
"locus1271",0.0417,0.125,0,0,0.1429,0.0417,0,0,0,0,0,0,0.125,0,0.1111,0.1667,0.125,0.0556,0.1667,0.0556,0.05,0,0,0.0833
"locus1272",0.0417,0,0,0,0.0714,0.0833,0.0556,0,0,0,0.0625,0,0.0625,0,0,0,0.0625,0.0556,0.1667,0,0.05,0,0.0909,0.0833
"locus1273",0.0833,0,0.05,0.2273,0.0714,0,0.0556,0.1364,0.0625,0,0,0,0.25,0.25,0.3333,0,0.1875,0.1111,0.0833,0,0.25,0,0.1818,0.2083
"locus1274",0.1667,0,0,0,0,0,0,0,0,0,0,0,0.0625,0,0.1667,0,0,0.1111,0,0.2222,0,0.05,0,0
"locus1275",0.1667,0,0,0,0,0,0,0,0,0.05,0.125,0,0,0,0,0,0.0625,0.1667,0,0,0,0.05,0.0455,0
"locus1276",0,0.0625,0.05,0,0.1429,0.0417,0.4444,0.0909,0.0625,0.05,0.0625,0,0,0.125,0,0.1667,0.1875,0,0.3333,0,0.1,0.3,0.2273,0.2917
"locus1277",0.0417,0.0625,0,0,0.0714,0,0,0,0.125,0,0,0,0.0625,0,0.0556,0,0.0625,0,0,0.1667,0,0.05,0,0.0417
"locus1278",0,0.1875,0,0.0909,0.0714,0.0833,0,0,0.375,0,0.0625,0.0556,0,0,0.1111,0,0,0.0556,0,0,0.15,0.1,0.0909,0
"locus1279",0.0417,0.125,0.1,0.1818,0,0,0.1667,0.2273,0.0625,0.05,0,0.2222,0.0625,0.0833,0.2222,0.1667,0.25,0.3333,0.1667,0.0556,0.15,0,0.0909,0
"locus1280",0,0,0,0,0,0.125,0,0,0,0.4,0,0.2778,0,0.0417,0,0,0,0,0,0.0556,0,0,0,0.0417
"locus1281",0,0,0.25,0,0,0.0417,0,0.2273,0.0625,0.05,0,0,0.125,0,0,0,0,0.0556,0,0,0,0,0,0.0417
"locus1282",0,0.0625,0,0,0,0.2917,0,0,0,0,0,0,0,0,0.1111,0,0,0.1111,0,0.0556,0,0,0,0.0417
"locus1283",0.375,0.25,0.45,0.2273,0.5,0.4167,0.4444,0.5,0.375,0.3,0.375,0.4444,0.3125,0.4583,0.1667,0.3333,0.375,0.3889,0.4167,0.1111,0.25,0.4,0.4091,0.2917
"locus1284",0,0,0,0.0455,0.0714,0.125,0,0,0,0,0.25,0,0.0625,0.0417,0.1667,0.1667,0,0,0,0.0556,0,0.05,0.2273,0
"locus1285",0.4167,0,0.05,0.1364,0,0,0.0556,0.1364,0.125,0,0,0,0.0625,0.0833,0.4444,0,0.25,0.3333,0.0833,0.1667,0.3,0,0.2273,0
"locus1286",0.4167,0.0625,0,0.0909,0,0.0833,0,0.1364,0.0625,0,0.125,0,0.125,0.125,0.4444,0,0,0.0556,0.3333,0.4444,0,0,0.1364,0.0833
"locus1287",0.1667,0.1875,0,0.0455,0,0.125,0,0,0.375,0,0,0,0.1875,0,0.2222,0,0,0,0.1667,0.3333,0,0,0,0
"locus1288",0,0,0.05,0,0,0,0,0.0455,0,0,0,0,0.0625,0.0833,0,0,0,0.1111,0,0,0.05,0.25,0.0455,0
"locus1289",0.125,0.125,0.15,0,0.0714,0.125,0.1111,0.1818,0.125,0.05,0.125,0.1111,0.125,0.2083,0.1667,0.3333,0.125,0.1111,0.1667,0.0556,0.1,0.2,0.1364,0.0417
"locus1290",0.0417,0.0625,0,0.0455,0,0.125,0.1111,0,0.0625,0,0.0625,0,0,0.0417,0.0556,0,0.0625,0,0,0.1111,0.05,0,0.0455,0.0417
"locus1291",0.25,0.0625,0,0.0455,0,0,0,0,0,0,0.1875,0,0.0625,0,0.1667,0.1667,0.0625,0,0,0,0,0,0.0455,0
"locus1292",0,0.0625,0.05,0,0,0,0,0,0,0.05,0,0.3889,0,0,0,0,0,0,0,0,0,0,0,0
"locus1293",0.375,0.1875,0.2,0.3636,0,0.1667,0.0556,0.4545,0.0625,0.1,0.25,0,0.375,0.3333,0.1111,0.5,0.3125,0.3889,0.0833,0.3333,0.15,0.45,0.3182,0.0833
"locus1294",0.0833,0,0,0.4545,0,0,0,0,0,0,0,0,0,0.0417,0,0.1667,0,0,0.0833,0,0.2,0.05,0,0
"locus1295",0,0.0625,0,0,0,0.0833,0.1111,0.0455,0.0625,0,0,0,0,0,0,0,0.125,0,0.1667,0,0,0,0,0
"locus1296",0.1667,0.375,0.35,0.2727,0.1429,0.4583,0.1667,0.4091,0.4375,0.45,0.0625,0.3889,0.4375,0.2917,0.1667,0,0.3125,0.2222,0.25,0.0556,0.2,0.3,0.2273,0.2083
"locus1297",0,0,0,0,0,0,0.0556,0.0455,0,0,0,0,0,0,0,0,0.0625,0.0556,0,0.2778,0.05,0.1,0,0
"locus1298",0.0417,0.125,0.05,0.0909,0,0.125,0.0556,0.0455,0.125,0,0.125,0,0,0.0833,0.1667,0,0.0625,0.2222,0,0.0556,0.1,0.05,0.0455,0.0833
"locus1299",0.2083,0.0625,0.4,0.2273,0,0.0833,0.1667,0.4091,0.25,0.1,0.1875,0.0556,0.1875,0.3333,0.2222,0.5,0.25,0.4444,0.25,0.5,0.35,0.2,0.5,0.0833
"locus1300",0,0,0.2,0,0,0,0,0.1818,0,0,0.125,0,0,0.2083,0,0,0.0625,0.0556,0.0833,0.0556,0.05,0.2,0.0455,0.0417
"locus1301",0,0,0,0,0.4286,0.0833,0.2778,0,0,0.05,0.25,0,0.0625,0.125,0,0.1667,0.125,0,0.25,0.0556,0.05,0.1,0.0909,0.25
"locus1302",0.4583,0.5,0.45,0.1818,0.1429,0.4167,0.4444,0.4545,0.5,0.3,0.375,0.2222,0.375,0.4583,0.3333,0.3333,0.25,0.5,0.5,0.4444,0.5,0.5,0.3636,0.4167
"locus1303",0.0417,0.0625,0,0.1364,0.0714,0.2083,0.1111,0,0,0,0,0,0,0,0,0,0,0.0556,0,0.0556,0,0,0.0909,0.2083
"locus1304",0.2917,0.4375,0.5,0.5,0.3571,0.4167,0.5,0.5,0.3125,0.5,0.375,0.4444,0.3125,0.375,0.2778,0.5,0.4375,0.2778,0.25,0.3889,0.25,0.2,0.3636,0.4583
"locus1305",0,0,0,0,0.2143,0.125,0.1667,0,0,0,0,0,0,0,0,0,0,0,0,0.1111,0.05,0,0.0455,0.1667
"locus1306",0.0417,0,0.2,0.0909,0.0714,0.0417,0,0.1364,0,0.1,0,0.1111,0,0.0833,0,0,0.125,0,0,0.0556,0.05,0.1,0,0
"locus1307",0,0,0.1,0,0,0,0.0556,0.0455,0,0.05,0,0,0,0.0833,0,0,0,0,0.1667,0,0,0.1,0,0
"locus1308",0.125,0.125,0.1,0.0455,0.0714,0.2083,0.1667,0.1364,0.125,0.35,0.0625,0.2222,0.125,0.2083,0.1667,0.1667,0.0625,0,0,0.0556,0.05,0.1,0.0909,0.2083
"locus1309",0.0417,0.0625,0.1,0.3182,0,0,0,0,0.125,0.1,0.0625,0,0.1875,0.0833,0.0556,0,0.125,0,0,0,0.15,0.3,0,0
"locus1310",0.0417,0.1875,0,0,0,0,0.0556,0,0.0625,0.05,0,0.0556,0,0.0833,0,0,0.1875,0,0,0.0556,0.05,0.15,0,0
"locus1311",0.375,0.125,0.25,0.3182,0,0.0417,0.0556,0.0455,0,0.05,0.125,0,0.125,0.1667,0.2222,0.1667,0.0625,0.0556,0.0833,0.4444,0.25,0.15,0.1364,0
"locus1312",0,0.125,0,0,0,0.0833,0.0556,0.0909,0.0625,0.2,0,0.0556,0.125,0.0833,0,0.1667,0.0625,0.0556,0.1667,0,0,0,0.0455,0
"locus1313",0.0417,0.25,0.15,0.3182,0.3571,0.2083,0.3889,0.2273,0.4375,0.35,0.3125,0.2222,0.0625,0.2083,0.0556,0.3333,0.375,0.1667,0.1667,0.2778,0.15,0.45,0.1818,0.4583
"locus1314",0.0833,0.1875,0.1,0,0.1429,0.0417,0.0556,0.1364,0.125,0.35,0,0.2778,0.0625,0.0833,0.1111,0.3333,0.0625,0.0556,0,0.0556,0.1,0.1,0.0909,0.0833
"locus1315",0.0417,0,0,0,0,0.0833,0,0.0455,0.25,0.05,0,0,0,0,0,0,0,0.1111,0,0.1111,0,0.05,0,0
"locus1316",0.2083,0,0.2,0.0455,0,0.0417,0.0556,0.0909,0,0,0,0,0.125,0.1667,0,0,0.1875,0,0.0833,0.1111,0,0.1,0,0
"locus1317",0,0,0,0,0.2143,0,0,0,0,0.05,0,0.0556,0,0.0417,0,0,0,0,0,0,0.1,0,0,0.125
"locus1318",0.0833,0,0.35,0,0,0,0,0.5,0.0625,0,0,0,0.0625,0.125,0,0,0.125,0.3889,0.0833,0,0.05,0.15,0,0
"locus1319",0.0417,0.1875,0.2,0.1364,0,0.1667,0,0.0455,0,0.05,0,0.1667,0.0625,0.3333,0,0.1667,0.1875,0.0556,0.0833,0.1111,0.05,0.1,0,0.0417
"locus1320",0.0417,0,0.05,0,0,0,0,0.1818,0.0625,0,0,0,0.125,0,0,0.1667,0,0,0.0833,0,0.05,0,0.0455,0
"locus1321",0.2917,0,0,0.2273,0,0,0,0.1818,0,0,0.0625,0,0.0625,0,0.2778,0,0,0.0556,0,0.1111,0.15,0.1,0.0455,0
"locus1322",0,0.0625,0,0,0.0714,0.2083,0,0,0.0625,0.05,0.0625,0.2222,0,0,0,0,0,0,0,0,0,0,0,0
"locus1323",0,0.125,0.05,0.1364,0.0714,0.0417,0,0,0.1875,0,0.0625,0.0556,0,0,0,0,0.125,0,0,0,0.05,0,0.0455,0.0417
"locus1324",0,0,0.05,0,0,0,0,0.1818,0,0,0,0,0.0625,0.2917,0,0,0,0,0,0,0,0.05,0,0
"locus1325",0.3333,0.25,0.05,0.4545,0.5,0.3333,0.1667,0.0455,0.375,0.45,0.1875,0.4444,0.1875,0.125,0.3333,0.1667,0.0625,0.1111,0.0833,0.2778,0.3,0.05,0.3636,0.25
"locus1326",0,0.0625,0.05,0.0455,0.0714,0.25,0.1667,0.0455,0,0,0,0.1667,0,0.0417,0,0,0.0625,0,0,0,0.1,0,0.2727,0.125
"locus1327",0.0833,0.4375,0.45,0.4091,0.1429,0.4583,0.0556,0.1364,0.0625,0.5,0.3125,0.4444,0.3125,0.375,0,0,0.25,0.3889,0.4167,0.2778,0.2,0.45,0.1364,0.0417
"locus1328",0.4167,0.1875,0.45,0.5,0.4286,0.25,0.1111,0.2273,0.3125,0.35,0.4375,0.5,0.375,0.4583,0.3333,0.5,0.375,0.4444,0.4167,0.3889,0.4,0.45,0.4091,0.4167
"locus1329",0.125,0,0.1,0.1364,0,0.0417,0.1667,0.5,0.25,0.05,0.0625,0,0.1875,0.25,0.1111,0,0.1875,0.4444,0,0,0.1,0.35,0.0455,0.0417
"locus1330",0.0417,0,0,0,0.0714,0.2083,0.0556,0.0909,0,0.15,0,0.1667,0,0,0,0,0.0625,0.1667,0,0.0556,0,0,0.0909,0.0417
"locus1331",0.0417,0.0625,0,0,0.1429,0.0833,0.0556,0,0,0.2,0.0625,0.1111,0,0.0417,0.0556,0,0,0,0,0,0,0.1,0,0
"locus1332",0.0833,0,0,0.0455,0.1429,0,0,0,0,0,0.125,0,0,0,0.0556,0,0.0625,0,0,0,0.1,0.05,0,0.0417
"locus1333",0.0833,0.125,0.15,0.0455,0.0714,0.2083,0.1111,0.0455,0.0625,0.05,0.0625,0,0.0625,0.2083,0.0556,0,0.0625,0,0.0833,0,0,0.05,0.0455,0.0417
"locus1334",0.3333,0.1875,0.2,0.3636,0,0.0833,0.1111,0.2273,0.1875,0.1,0.0625,0,0.375,0.2083,0.3333,0.3333,0.1875,0.3333,0.1667,0.0556,0.05,0.3,0.0455,0.0833
"locus1335",0,0.0625,0.15,0,0,0,0.0556,0.0455,0,0,0.0625,0,0.0625,0.0833,0,0,0.125,0,0,0,0,0,0,0.0417
"locus1336",0.4167,0.0625,0.2,0.4091,0,0.1667,0.1667,0.3182,0.1875,0.05,0.375,0,0.1875,0.4583,0.2778,0.1667,0.5,0.1667,0.4167,0.5,0.45,0.35,0.4091,0.0833
"locus1337",0.4167,0.375,0.35,0.2727,0.2143,0.375,0.3889,0.5,0.3125,0.3,0.5,0.4444,0.375,0.3333,0.1111,0.5,0.5,0.3333,0.4167,0.4444,0.3,0.35,0.4091,0.375
"locus1338",0.25,0.25,0.15,0.2273,0.2857,0.25,0.3333,0.2273,0.375,0.2,0.125,0,0.375,0.4167,0.2222,0.3333,0.3125,0.2222,0.4167,0.5,0.35,0.15,0.2727,0.2083
"locus1339",0,0.5,0,0.0455,0,0.3333,0,0,0,0.3,0,0.3333,0,0,0,0,0,0,0,0,0,0,0,0.0417
"locus1340",0.25,0.125,0.15,0.1818,0,0.0417,0,0.1364,0,0.15,0,0.0556,0,0.0833,0.2222,0,0.0625,0,0,0.2222,0.15,0,0.1364,0.0417
"locus1341",0.0417,0.0625,0.05,0,0,0,0,0.0455,0.1875,0,0.0625,0,0,0,0.1667,0,0,0.0556,0,0.0556,0.15,0,0.0909,0
"locus1342",0,0.4375,0,0,0.2143,0.4583,0.3333,0.0909,0,0.35,0.0625,0.3889,0.125,0,0,0,0.1875,0,0.25,0.0556,0.05,0,0.0909,0.4583
"locus1343",0,0,0,0.0455,0,0,0,0,0.0625,0,0.1875,0,0,0.0417,0.1111,0,0,0.1111,0.0833,0,0.05,0,0,0.0833
"locus1344",0,0.1875,0.05,0,0.2857,0.2083,0.4444,0,0,0.3,0,0.3333,0,0,0,0,0,0,0.3333,0,0.05,0,0.2273,0.3333
"locus1345",0.0417,0,0,0.3182,0,0,0.0556,0,0,0,0,0.1111,0,0.0417,0,0,0,0,0,0,0.05,0,0,0.2083
"locus1346",0.125,0.1875,0.25,0.3182,0.3571,0.375,0.1111,0.1818,0.375,0.05,0.4375,0,0.3125,0.3333,0.3333,0.1667,0.375,0.1111,0.4167,0,0.15,0.3,0.3636,0.4583
"locus1347",0.125,0.125,0,0,0,0.0417,0.1111,0,0,0,0,0.2222,0,0.0417,0,0,0,0.0556,0.0833,0,0,0,0,0
"locus1348",0,0,0.05,0,0,0,0,0.0909,0.0625,0.15,0.0625,0,0,0.0833,0.0556,0,0,0,0,0,0,0,0,0
"locus1349",0.0417,0.1875,0,0.0455,0,0.125,0,0,0.0625,0.3,0,0.4444,0,0.0417,0.2222,0.3333,0,0.0556,0,0,0.1,0.2,0.0909,0.2083
"locus1350",0.3333,0.1875,0.2,0.4091,0.1429,0.0417,0.1111,0.0909,0.0625,0.05,0.125,0,0.125,0.0833,0.3333,0,0.0625,0.3333,0,0.5,0.4,0.15,0.3182,0
"locus1351",0.4583,0.375,0.45,0.4545,0.3571,0.3333,0.4444,0.4091,0.375,0.05,0.4375,0,0.375,0.5,0.2778,0.5,0.4375,0.2778,0.4167,0.3333,0.2,0.45,0.5,0.3333
"locus1352",0,0.25,0,0,0,0.2083,0,0,0,0.2,0.0625,0.0556,0,0,0,0,0,0,0,0,0,0,0,0
"locus1353",0.3333,0.4375,0.05,0.3182,0.2857,0.5,0.2222,0.0909,0.4375,0.5,0.3125,0.2222,0.3125,0.3333,0.3889,0.3333,0.1875,0.1667,0.1667,0.3889,0.3,0.3,0.5,0.4167
"locus1354",0.125,0,0.05,0.1364,0,0,0.0556,0.1364,0.125,0,0,0.0556,0.0625,0.0833,0.1111,0.1667,0.125,0,0,0.1667,0,0.2,0,0.0833
"locus1355",0,0.3125,0.05,0,0.0714,0.0833,0,0,0,0.3,0,0.2222,0.0625,0,0,0,0.0625,0.0556,0.0833,0,0,0,0.0455,0.0833
"locus1356",0.0417,0,0,0,0,0.0417,0,0.0455,0,0,0.0625,0,0.0625,0,0.2222,0,0,0.0556,0.0833,0,0.1,0.05,0,0.0417
"locus1357",0.125,0.375,0.3,0.3182,0.3571,0.375,0.3333,0.2273,0.375,0.35,0.375,0.2778,0.1875,0.3333,0.3889,0.1667,0.375,0.3333,0.4167,0.4444,0.35,0.3,0.4091,0.4167
"locus1358",0.2917,0.3125,0.45,0.3182,0.4286,0.3333,0.3333,0.4545,0.4375,0.35,0.375,0.2222,0.375,0.5,0.3889,0.3333,0.5,0.2778,0.5,0.5,0.45,0.25,0.3182,0.25
"locus1359",0.2917,0.3125,0.35,0,0.2857,0.0417,0.3889,0.3182,0.125,0.05,0.375,0.0556,0.3125,0.2917,0.0556,0.1667,0.125,0.1667,0.5,0.1111,0.1,0.4,0.0909,0.1667
"locus1360",0.0417,0.0625,0.1,0,0.0714,0,0.0556,0.1364,0.125,0.1,0.0625,0.0556,0.375,0.0833,0.3333,0.1667,0.1875,0,0,0.1111,0.15,0,0,0
"locus1361",0,0,0.15,0,0,0,0.0556,0.0909,0,0.05,0,0,0.0625,0.2083,0,0,0.25,0,0,0.0556,0,0,0,0
"locus1362",0.1667,0,0,0,0,0,0,0,0.0625,0.3,0,0,0.0625,0,0,0,0,0,0,0.4444,0,0,0.0909,0
"locus1363",0.25,0.375,0.5,0.3182,0.5,0.2917,0.4444,0.2273,0.5,0.3,0.4375,0.2778,0.5,0.4167,0.4444,0.3333,0.4375,0.4444,0.5,0.4444,0.35,0.35,0.4091,0.4583
"locus1364",0.25,0.3125,0.2,0.2273,0.4286,0.4583,0.2222,0.3182,0.3125,0.5,0.25,0.3889,0,0.125,0.1667,0.3333,0.1875,0.2778,0.3333,0.3889,0.45,0.2,0.2273,0.4167
"locus1365",0,0.0625,0.05,0,0,0,0.0556,0.1364,0,0,0,0,0.25,0.25,0.0556,0,0.0625,0,0,0,0.05,0.05,0,0
"locus1366",0,0.0625,0,0,0.0714,0.2917,0,0,0,0.4,0,0.3889,0,0.0417,0,0,0,0,0,0,0,0,0.0455,0
"locus1367",0,0,0,0,0,0,0.2222,0,0,0,0.25,0,0,0.0833,0,0,0,0,0.25,0,0,0.1,0.0909,0.3333
"locus1368",0.2083,0.125,0.2,0.0455,0.0714,0.375,0,0.0455,0.125,0,0.125,0.1667,0.0625,0.125,0,0,0.3125,0.1667,0.0833,0.2222,0.1,0.15,0.0909,0
"locus1369",0.25,0.5,0.5,0.4545,0.5,0.375,0.4444,0.5,0.3125,0.4,0.375,0.3333,0.375,0.5,0.2778,0,0.375,0.4444,0.5,0.2222,0.45,0.4,0.4545,0.4167
"locus1370",0.4583,0.3125,0.3,0.3636,0.1429,0.0833,0.0556,0.5,0.125,0.15,0.25,0,0.375,0.25,0.3889,0.3333,0.3125,0.3333,0.1667,0.3333,0.3,0.15,0.2727,0.0417
"locus1371",0,0.1875,0.35,0.0909,0.4286,0.2917,0.1667,0.2727,0.4375,0.25,0.0625,0.3889,0.3125,0.375,0,0,0.4375,0.0556,0.5,0,0.15,0.25,0.1364,0.3333
"locus1372",0.0417,0.125,0.05,0,0.1429,0.125,0.0556,0,0.0625,0,0,0.1111,0.125,0.125,0.1111,0.1667,0.0625,0,0.0833,0.1667,0.35,0.05,0.0455,0
"locus1373",0,0.1875,0,0,0.3571,0.3333,0.3889,0,0,0.35,0.125,0.5,0,0,0,0,0.0625,0,0.1667,0,0.05,0.15,0.2273,0.2917
"locus1374",0,0.125,0,0,0,0,0,0,0,0,0,0,0.3125,0.0833,0.3333,0,0.125,0.0556,0,0,0,0,0.0455,0.0417
"locus1375",0,0,0.05,0.0455,0.0714,0.0833,0.0556,0,0,0.25,0.125,0.0556,0,0,0,0,0.0625,0.0556,0.0833,0,0,0,0.0909,0
"locus1376",0.0417,0.25,0.2,0.2727,0.3571,0.4583,0.3889,0.1364,0,0.5,0.3125,0.3889,0.1875,0.2917,0.1111,0.3333,0.375,0.1111,0.25,0.1667,0,0.2,0.2727,0.4583
"locus1377",0.375,0,0.5,0,0,0,0,0.4545,0.125,0.05,0.3125,0,0.375,0.0833,0.1111,0.1667,0.3125,0.2222,0,0.2778,0.05,0.1,0.1364,0.0833
"locus1378",0.4583,0,0,0,0,0,0,0,0.0625,0,0.125,0,0,0.0417,0,0,0,0,0,0.1111,0,0,0.3636,0
"locus1379",0.2083,0.375,0.15,0,0.1429,0.125,0.2222,0.1818,0.0625,0.35,0.0625,0.1667,0.0625,0.1667,0,0.1667,0.125,0,0.25,0,0.25,0.05,0.0455,0.2083
"locus1380",0.0417,0.1875,0.1,0,0,0.125,0,0.0455,0.1875,0.05,0,0,0,0,0.0556,0,0,0,0,0,0,0.05,0,0.0417
"locus1381",0.125,0,0.05,0,0.2857,0,0,0.0909,0.125,0.1,0.1875,0,0.125,0.0417,0.2778,0,0.0625,0.3333,0,0,0.05,0.15,0.1818,0.0833
"locus1382",0,0,0.05,0.0455,0.2143,0.0417,0.0556,0.0455,0.0625,0.05,0,0,0,0.1667,0.0556,0,0,0,0,0.0556,0.15,0.1,0,0.0417
"locus1383",0.5,0.4375,0.4,0.4545,0.2857,0.4167,0.2778,0.4545,0.375,0.5,0.375,0.3333,0.5,0.4583,0.5,0.5,0.1875,0.4444,0.4167,0.4444,0.5,0.45,0.4091,0.1667
"locus1384",0.25,0.375,0.25,0.0909,0.4286,0.2083,0.4444,0.3636,0.3125,0.15,0.1875,0.2222,0.1875,0.25,0.1111,0.3333,0.4375,0.2778,0.3333,0.4444,0.15,0.45,0.3182,0.25
"locus1385",0.0417,0.125,0,0,0,0,0,0,0.125,0,0,0,0.0625,0,0.1111,0.1667,0.125,0.0556,0,0,0.05,0.05,0,0
"locus1386",0,0.125,0.05,0.1364,0,0,0.0556,0.0455,0.1875,0.3,0.0625,0,0.0625,0.0417,0.1111,0.3333,0,0,0,0,0.05,0.05,0,0.0833
"locus1387",0.0417,0,0,0.0455,0,0.0833,0,0,0,0.05,0,0.1111,0,0,0.1111,0,0.0625,0,0,0,0.1,0,0,0
"locus1388",0,0,0,0,0,0.0833,0,0,0,0.05,0,0,0.0625,0.0833,0,0,0.0625,0,0,0,0,0.25,0.1364,0.3333
"locus1389",0.4583,0,0.05,0.1818,0.2143,0.0417,0.1111,0,0.1875,0.15,0.25,0,0.0625,0.0417,0.1667,0.3333,0.125,0,0,0.4444,0.1,0,0.3636,0
"locus1390",0.125,0,0,0.1364,0,0,0,0.1364,0.0625,0,0,0,0,0.0833,0.0556,0.1667,0.25,0.1111,0,0,0.05,0.15,0,0
"locus1391",0.4167,0.25,0.45,0.2727,0.0714,0.4167,0.1667,0.4545,0.4375,0.5,0.3125,0.4444,0.375,0.375,0.2222,0.5,0.3125,0.4444,0.1667,0.2778,0.4,0.3,0.2273,0.0417
"locus1392",0.125,0.4375,0.35,0.4091,0.2857,0.2083,0.2778,0.3636,0.375,0.45,0.375,0.5,0.25,0.4583,0.1667,0.3333,0.5,0.5,0.1667,0.0556,0.1,0.3,0.3636,0.375
"locus1393",0.1667,0.4375,0.2,0.4545,0.5,0.3333,0.3333,0.1364,0.25,0.1,0.375,0.2222,0.0625,0.25,0.1667,0.5,0.25,0.3333,0.1667,0,0.25,0.25,0.4091,0.25
"locus1394",0.3333,0.125,0.1,0.4545,0,0,0,0.2273,0.4375,0.15,0.125,0,0.4375,0.2083,0.2222,0.1667,0.25,0.2222,0.1667,0.1667,0.4,0.35,0.4091,0.0417
"locus1395",0.2083,0,0.05,0.1818,0.1429,0,0.0556,0.0455,0.0625,0,0.125,0.0556,0,0.0417,0,0,0.0625,0,0,0,0,0.05,0.0455,0.0833
"locus1396",0.0833,0.0625,0.05,0.0455,0.0714,0,0,0.0909,0.0625,0,0,0.1111,0.0625,0.0417,0.0556,0,0.0625,0.1111,0,0.1667,0,0,0,0.0417
"locus1397",0.3333,0.3125,0.35,0.5,0.2857,0.375,0.3333,0.1818,0.25,0.15,0.5,0.4444,0.375,0.25,0.3333,0.1667,0.375,0.2778,0.3333,0.1667,0.4,0.35,0.5,0.4167
"locus1398",0.1667,0.125,0.05,0,0.2143,0.0833,0.1667,0.0455,0,0,0.1875,0.0556,0,0,0.0556,0,0.125,0.1111,0.0833,0.2222,0.15,0.1,0.0909,0.3333
"locus1399",0.0417,0,0,0.0909,0,0.2917,0,0,0,0.05,0.125,0,0.0625,0,0.0556,0.1667,0.0625,0,0.0833,0.1111,0.05,0.15,0.0455,0.0417
"locus1400",0.5,0.375,0.4,0.3182,0,0.125,0.1667,0.3182,0.375,0.3,0.375,0.2222,0.1875,0.4583,0.3889,0.3333,0.1875,0.4444,0.25,0.2778,0.3,0.4,0.2273,0.25
"locus1401",0.0833,0,0,0.0455,0,0,0,0.2273,0,0,0,0,0,0.0833,0.1667,0,0.125,0.1111,0,0.1111,0,0,0,0
"locus1402",0,0,0,0,0,0.125,0.0556,0,0,0.05,0.0625,0,0.0625,0.0417,0,0,0,0,0,0,0,0.2,0.0455,0.0833
"locus1403",0.2083,0,0.3,0,0.0714,0,0.3889,0.2727,0.125,0.05,0.4375,0.0556,0.3125,0.125,0.1111,0.1667,0.25,0.4444,0.4167,0.2778,0,0.25,0.3636,0.2917
"locus1404",0,0.0625,0.15,0.0455,0,0,0,0,0,0,0,0,0.0625,0,0,0.1667,0.0625,0,0,0,0,0.15,0,0
"locus1405",0,0.0625,0.05,0.0455,0,0.0417,0,0,0,0.05,0.0625,0,0.0625,0.0417,0,0.1667,0,0.0556,0,0.0556,0.05,0.1,0,0
"locus1406",0.0417,0.125,0.2,0.0455,0,0,0,0.0909,0,0,0.0625,0,0.1875,0.125,0,0,0,0.1667,0,0.1667,0.05,0.1,0.0455,0.0417
"locus1407",0.1667,0.5,0.25,0.1818,0.3571,0.25,0.4444,0.2273,0.4375,0.25,0.3125,0.3333,0.3125,0.2917,0.2778,0.3333,0.375,0.2778,0.4167,0,0.1,0.35,0.2727,0.4583
"locus1408",0,0,0.1,0,0,0.2083,0.0556,0,0,0.25,0.0625,0.5,0.3125,0.0833,0,0.1667,0.0625,0,0.5,0.0556,0.1,0.05,0.0455,0.125
"locus1409",0.0417,0.1875,0.05,0.0455,0,0,0.1111,0.0455,0,0,0,0,0.0625,0.125,0.0556,0.1667,0.0625,0,0.0833,0.0556,0,0,0.0455,0
"locus1410",0.0417,0.0625,0,0,0,0,0.1111,0.1364,0.0625,0,0.1875,0,0,0,0.0556,0,0,0,0,0.3333,0.2,0,0,0.0417
"locus1411",0.0833,0.4375,0.4,0.2273,0.1429,0.25,0.2222,0.4545,0.125,0.15,0.25,0.2222,0.375,0.3333,0.3889,0.3333,0.5,0.5,0.4167,0.1111,0.1,0.3,0.4545,0.0833
"locus1412",0.0833,0,0,0.0455,0,0.125,0.0556,0.0455,0,0.05,0.0625,0.1111,0.125,0.0417,0.1111,0,0,0.0556,0.0833,0.1111,0.1,0.05,0.0455,0
"locus1413",0.0417,0,0.05,0.2273,0,0.0417,0.0556,0.0455,0,0,0,0,0,0.0417,0,0,0,0,0,0,0,0,0,0.0417
"locus1414",0.0417,0.125,0.05,0.0909,0,0.2917,0,0,0.0625,0,0.0625,0,0.125,0.125,0,0,0,0,0.0833,0.5,0.3,0.35,0.0455,0
"locus1415",0.375,0.1875,0.4,0.4091,0.1429,0.3333,0.1111,0.4091,0.25,0.35,0.3125,0.3333,0.25,0.3333,0.4444,0.3333,0.25,0.3333,0.1667,0.0556,0.35,0.4,0.4091,0.125
"locus1416",0,0,0.1,0,0.2857,0.0833,0.0556,0.0455,0,0,0.0625,0.0556,0,0.0417,0.1111,0,0.0625,0.1111,0,0.0556,0.05,0.05,0,0.0417
"locus1417",0.3333,0.125,0.15,0.1818,0.0714,0.2083,0.1111,0.4091,0.125,0.1,0.0625,0,0.3125,0.3333,0.1667,0.5,0.375,0.3889,0.0833,0.1667,0.15,0.25,0.2273,0.0833
"locus1418",0.0833,0.0625,0,0,0.0714,0.0417,0.1111,0,0.0625,0.2,0.1875,0.0556,0,0.0417,0,0.1667,0.0625,0,0.0833,0.0556,0.2,0.15,0,0.0833
"locus1419",0.25,0,0.45,0.1364,0.0714,0.3333,0.3333,0.4545,0.4375,0.2,0.375,0.0556,0.375,0.25,0.2222,0.3333,0.375,0.4444,0.1667,0.3889,0.35,0.4,0.3182,0.375
"locus1420",0.125,0.0625,0.1,0.3636,0.0714,0.0833,0.1111,0.0909,0,0.05,0.125,0,0.0625,0.25,0.1667,0.1667,0.125,0.1111,0.25,0.1667,0.15,0,0.1364,0.375
"locus1421",0.0417,0,0,0,0.0714,0.0417,0.5,0,0,0,0.0625,0.0556,0,0.125,0,0,0,0,0.5,0,0.05,0.1,0.0455,0.3333
"locus1422",0.375,0.375,0.4,0.3636,0.3571,0.4167,0.5,0.3182,0.375,0.45,0.375,0.3333,0.4375,0.4583,0.5,0.1667,0.4375,0.5,0.25,0.2222,0.35,0.45,0.3182,0.4583
"locus1423",0.25,0,0,0.0909,0,0,0,0,0.0625,0,0.0625,0,0.0625,0,0.3333,0,0,0.1111,0,0.2778,0.3,0,0.1818,0
"locus1424",0.125,0,0.25,0.2727,0,0.0417,0.1667,0.3182,0.1875,0.2,0.3125,0.1111,0.3125,0.2083,0.3333,0.5,0.3125,0.3333,0.0833,0.1111,0.2,0.15,0.4091,0.0417
"locus1425",0,0,0,0.2273,0.0714,0,0,0.0909,0.25,0,0,0,0.0625,0,0.0556,0,0.0625,0,0.0833,0,0,0,0,0
"locus1426",0,0.25,0.45,0.0909,0.0714,0.1667,0.0556,0.5,0,0.05,0,0,0.375,0.2917,0,0.1667,0.375,0.3889,0,0.0556,0.05,0.25,0.0909,0
"locus1427",0.2917,0.375,0.2,0.4091,0,0.2083,0.3889,0.3636,0.25,0.1,0.25,0,0.4375,0.3333,0,0,0.3125,0.3889,0.4167,0.1111,0.45,0.2,0.5,0.2083
"locus1428",0,0,0.05,0,0,0,0,0,0,0.05,0.0625,0,0,0.0833,0,0,0.125,0,0.25,0,0,0.1,0,0
"locus1429",0.2083,0.1875,0.45,0.2273,0.5,0.2083,0.3333,0.2727,0.1875,0.05,0.3125,0,0.125,0.4583,0.0556,0.3333,0.3125,0.3333,0.25,0.0556,0.15,0.3,0.1818,0.5
"locus1430",0.0417,0,0,0,0,0.125,0.0556,0,0,0,0.0625,0,0,0.125,0.0556,0,0,0.3333,0,0,0,0,0,0.0417
"locus1431",0.2083,0.1875,0,0,0.0714,0.0417,0.2222,0.0455,0.0625,0,0,0,0,0,0,0,0,0,0,0.1111,0,0,0,0.0417
"locus1432",0.125,0.1875,0.2,0.1364,0.0714,0.2917,0.1667,0.0909,0.25,0.05,0.0625,0,0.125,0.1667,0.0556,0,0.125,0.1111,0,0,0.1,0.15,0,0.0417
"locus1433",0,0.0625,0,0,0.3571,0.25,0.3333,0,0,0,0,0,0,0,0,0,0,0.0556,0,0.0556,0.05,0,0.1818,0.3333
"locus1434",0.5,0.0625,0.4,0.4091,0,0,0.3333,0.3182,0.1875,0.15,0.4375,0,0.375,0.4583,0.4444,0.1667,0.375,0.3333,0.25,0.4444,0.45,0.4,0.4091,0.0417
"locus1435",0,0.0625,0,0,0.2143,0.1667,0,0,0,0.15,0,0,0,0.0417,0,0,0,0,0,0,0,0.05,0,0.0417
"locus1436",0,0.0625,0,0.0455,0,0,0.0556,0,0,0,0,0,0,0.0833,0.2222,0,0.0625,0,0,0.3333,0.1,0.05,0,0
"locus1437",0.0833,0,0,0,0,0.0417,0,0,0,0,0,0,0.0625,0,0,0,0,0,0,0.0556,0.15,0.2,0.0909,0.0417
"locus1438",0.0833,0.1875,0,0,0.0714,0.25,0.0556,0,0,0.1,0,0.1111,0,0.125,0.1667,0,0,0.2222,0,0,0,0.05,0,0.125
"locus1439",0.2917,0,0,0,0,0,0,0,0,0,0.0625,0,0,0,0,0.1667,0,0,0,0,0,0,0.1364,0
"locus1440",0.2083,0.375,0.05,0.2273,0.4286,0.375,0.2778,0.0455,0.1875,0.25,0.4375,0.5,0,0.125,0.1111,0.3333,0,0.0556,0.1667,0,0.35,0.15,0.0909,0.4167
"locus1441",0.25,0.1875,0.2,0.0455,0,0.0417,0.0556,0.0909,0,0.05,0.0625,0,0.0625,0.125,0,0,0.3125,0.0556,0,0.1667,0.1,0.05,0.0909,0
"locus1442",0.0417,0.0625,0,0.0455,0,0,0.0556,0.0909,0,0,0,0.0556,0.0625,0.0417,0,0,0,0,0,0,0.05,0.2,0,0
"locus1443",0,0.0625,0,0,0,0.0417,0,0,0,0.3,0,0.2778,0,0,0,0,0,0,0,0,0,0.05,0,0.0417
"locus1444",0.4583,0.4375,0.3,0.3182,0.1429,0.2917,0.4444,0.4091,0.375,0.3,0.25,0.5,0.375,0.5,0.4444,0.3333,0.25,0.3333,0.3333,0.2222,0.35,0.4,0.3636,0.4167
"locus1445",0.0417,0,0.1,0,0.0714,0.0417,0,0.0455,0,0,0.25,0,0.25,0.2083,0,0,0.25,0.0556,0.25,0,0.05,0.25,0.2727,0.0417
"locus1446",0.2083,0,0,0,0,0,0,0,0,0,0.0625,0,0,0,0.0556,0,0,0,0,0.1667,0,0,0.0909,0.125
"locus1447",0,0.4375,0.1,0.1364,0.1429,0.375,0.1111,0.1818,0,0.1,0.1875,0.3333,0.1875,0.2083,0,0.3333,0.125,0.1111,0.5,0,0,0.05,0.0455,0.0833
"locus1448",0.0417,0.0625,0.15,0.0909,0.1429,0.0833,0.1111,0.1364,0.0625,0,0.0625,0,0.1875,0.0417,0.0556,0,0.125,0,0.0833,0,0.05,0.05,0,0.125
"locus1449",0.0417,0.1875,0.1,0.0455,0.0714,0.2083,0.0556,0,0,0.3,0.0625,0.0556,0,0,0.0556,0.1667,0,0,0.0833,0,0.05,0,0.0455,0.0833
"locus1450",0,0,0,0,0.3571,0.0833,0,0,0,0.05,0,0.0556,0,0,0,0.1667,0.0625,0,0,0,0,0,0,0.1667
"locus1451",0.0417,0.0625,0.05,0,0,0,0.2222,0,0.125,0,0,0,0,0.0417,0,0,0,0.1111,0.0833,0.0556,0,0,0.0455,0.0417
"locus1452",0,0,0.05,0.1818,0,0.0417,0.1111,0,0,0,0,0.0556,0.0625,0,0.0556,0,0.125,0,0.1667,0,0,0.05,0.0455,0
"locus1453",0,0,0.1,0,0,0,0,0.0909,0.0625,0,0,0,0,0.125,0,0,0.0625,0.0556,0.0833,0,0,0.05,0.0455,0
"locus1454",0,0.125,0.1,0,0,0.0417,0,0.0455,0,0,0.125,0,0,0.0833,0,0,0,0.1111,0.0833,0.1111,0,0.2,0.0455,0
"locus1455",0,0.0625,0.35,0,0,0.1667,0.1667,0.0909,0.125,0.1,0,0.0556,0.1875,0.3333,0.1111,0.1667,0.4375,0.3333,0.25,0.0556,0.05,0.2,0.0909,0.25
"locus1456",0.125,0.0625,0,0,0.2143,0,0.1111,0,0.125,0,0,0.1111,0,0.0417,0,0,0,0,0,0,0.05,0.05,0,0
"locus1457",0.4583,0,0.4,0.3182,0,0.0833,0.2222,0.2727,0.25,0.05,0.5,0,0.25,0.5,0.3889,0.5,0.25,0.0556,0.1667,0.3333,0.45,0.2,0.0455,0.125
"locus1458",0,0,0,0,0,0,0.1667,0,0,0,0,0,0,0.0417,0,0,0,0,0,0,0,0,0,0.25
"locus1459",0.0417,0,0.4,0,0,0,0.0556,0,0,0.05,0,0,0.125,0.375,0,0,0.4375,0.0556,0,0,0,0.05,0.0909,0
"locus1460",0.0417,0.25,0.4,0.2727,0.3571,0.3333,0.4444,0.4545,0.4375,0.3,0.375,0.3889,0.4375,0.1667,0.1667,0.3333,0.3125,0.1667,0.3333,0.2778,0.1,0.35,0.1818,0.1667
"locus1461",0.0417,0.0625,0.05,0.0909,0.2143,0.0833,0.0556,0.0455,0,0.3,0.125,0,0.0625,0.0417,0,0,0.125,0.1111,0.1667,0,0.05,0.05,0,0.0833
"locus1462",0,0,0.45,0.0909,0,0,0.0556,0.0455,0.0625,0.2,0,0,0.0625,0.2083,0,0,0.3125,0.0556,0.0833,0,0,0.1,0,0
"locus1463",0.375,0.3125,0.35,0.1818,0.3571,0.5,0.3889,0.4545,0.0625,0.3,0.4375,0.2778,0.375,0.25,0.4444,0.3333,0.4375,0.2778,0.5,0.2778,0.35,0.2,0.4545,0.3333
"locus1464",0,0.0625,0,0.0455,0,0.0833,0,0.0455,0,0.15,0,0.0556,0.0625,0.0417,0,0.1667,0,0.2222,0,0,0,0,0,0.1667
"locus1465",0.0833,0,0.05,0.1364,0,0.0417,0.1111,0.1818,0.0625,0.05,0.1875,0,0.25,0.25,0,0.1667,0.375,0,0.1667,0.3333,0.15,0.1,0.0909,0.125
"locus1466",0.0417,0.3125,0.2,0.1818,0.2143,0.2083,0,0.1364,0.25,0.5,0.0625,0.2778,0.0625,0.125,0.1111,0.1667,0.125,0.1111,0.0833,0,0.1,0.1,0.0455,0.3333
"locus1467",0,0.0625,0,0,0,0,0.1111,0,0,0.05,0,0,0,0.0417,0,0,0,0,0,0.1111,0.05,0,0.0455,0.0833
"locus1468",0,0.1875,0,0.0455,0.4286,0.1667,0,0,0,0.4,0.0625,0.2222,0.1875,0,0,0,0,0,0.25,0,0.05,0,0,0.0833
"locus1469",0.0417,0.4375,0.2,0.1364,0.1429,0.4583,0.3333,0.0909,0,0.2,0.125,0.3333,0.1875,0.3333,0.0556,0.3333,0.125,0,0.4167,0.0556,0.15,0.25,0.2727,0.3333
"locus1470",0.3333,0,0,0.4091,0,0,0.0556,0.0455,0,0.05,0.3125,0,0.0625,0.0417,0.3889,0,0,0,0,0.3333,0.45,0,0.4545,0
"locus1471",0.2917,0.125,0.2,0.1364,0,0,0.2222,0.4091,0.4375,0.05,0.1875,0,0.25,0.2083,0.1667,0.5,0.1875,0.3333,0.0833,0.2778,0.15,0.3,0.2273,0.0417
"locus1472",0.0417,0,0.35,0.0909,0.0714,0,0.1111,0.1364,0,0.05,0,0,0,0.25,0.0556,0.3333,0,0.1667,0.1667,0,0,0.2,0.0455,0.0417
"locus1473",0.0833,0,0,0,0,0,0,0.0455,0,0,0.0625,0,0.0625,0,0.2222,0,0,0.0556,0,0,0,0,0.0455,0
"locus1474",0.2083,0.4375,0.25,0.4091,0.2143,0.3333,0.2222,0.1818,0.25,0.5,0.0625,0.3333,0,0.25,0.0556,0,0.1875,0.2778,0.1667,0.1111,0.1,0.45,0.0909,0.3333
"locus1475",0,0,0,0,0,0.0833,0.2778,0.0455,0,0.1,0,0,0.0625,0.0417,0,0.1667,0,0,0,0,0.05,0,0.0455,0.1667
"locus1476",0.0417,0,0,0.3182,0,0,0,0,0,0,0,0,0,0,0,0,0.0625,0.1111,0,0,0,0.05,0.2273,0
"locus1477",0.0833,0,0.15,0.0909,0,0,0.3889,0,0.0625,0,0,0,0.0625,0.4167,0,0.1667,0.25,0,0.4167,0.0556,0,0,0.0909,0.2917
"locus1478",0.25,0,0.1,0,0,0,0,0.0455,0,0,0,0,0.125,0.0833,0.1111,0,0.125,0,0.0833,0.0556,0.05,0,0.0455,0.0833
"locus1479",0.125,0.0625,0.3,0,0,0,0,0.0455,0,0.05,0,0,0.0625,0.375,0,0,0.125,0.2778,0,0,0,0.15,0,0
"locus1480",0.0417,0.0625,0.05,0.0909,0,0.0833,0.1667,0.0455,0.125,0.1,0.125,0.0556,0.125,0,0.1667,0,0.0625,0.2778,0.3333,0.2222,0.1,0,0.0455,0.1667
"locus1481",0.3333,0,0,0.3182,0,0.0833,0,0.0455,0.4375,0,0.25,0,0,0.125,0.4444,0.3333,0.125,0.1111,0.25,0.0556,0.3,0.2,0.1818,0.0833
"locus1482",0.0417,0.25,0.1,0,0.1429,0.1667,0.0556,0.1364,0.125,0.4,0.1875,0.2778,0.125,0.1667,0.0556,0,0.125,0.2222,0.1667,0,0,0,0.1364,0.25
"locus1483",0,0,0,0,0,0,0.0556,0.0909,0,0,0,0,0.125,0,0.1111,0.1667,0.0625,0.3333,0,0,0.05,0,0.0455,0.0417
"locus1484",0.0833,0.0625,0,0.0909,0,0.0833,0,0,0.1875,0,0.0625,0.1667,0,0,0,0,0,0.0556,0,0,0,0,0,0
"locus1485",0.0417,0,0,0.0455,0,0,0.0556,0,0.0625,0,0.1875,0,0,0,0,0.1667,0.0625,0,0,0.1111,0.05,0,0,0
"locus1486",0.0833,0.4375,0.2,0.0909,0.4286,0.4583,0.3333,0.1364,0.3125,0.25,0.3125,0.4444,0.4375,0,0,0.5,0.0625,0,0.4167,0.5,0.15,0.05,0.2273,0.5
"locus1487",0.125,0,0.2,0.0455,0,0.125,0.1667,0.1364,0,0.1,0.0625,0.1111,0.125,0.0833,0.0556,0,0,0,0,0,0.35,0,0.0909,0.1667
"locus1488",0.4167,0.1875,0.25,0.4545,0.3571,0.4583,0.5,0.3182,0.1875,0.25,0.375,0.4444,0.25,0.2917,0.3889,0.3333,0.25,0.2778,0.4167,0.3889,0.4,0.05,0.4091,0.4583
"locus1489",0,0.0625,0.1,0,0,0,0,0,0.0625,0,0,0.0556,0,0,0.2222,0.1667,0,0,0,0,0.2,0.05,0.0455,0
"locus1490",0.0417,0,0,0.3182,0.1429,0.125,0.0556,0,0.0625,0.05,0.125,0,0.125,0.0417,0.1667,0,0.0625,0.1667,0,0.0556,0.1,0.1,0,0
"locus1491",0.125,0.125,0,0,0,0.375,0.0556,0,0.0625,0.35,0,0.3889,0,0.0417,0.1667,0.3333,0.0625,0,0,0,0.05,0.1,0,0.0833
"locus1492",0,0,0,0,0,0.0833,0,0,0,0.4,0,0.3889,0,0,0,0,0,0,0,0,0,0,0,0
"locus1493",0,0.375,0.35,0,0.4286,0.4583,0.0556,0.1364,0.0625,0.4,0,0.2778,0,0.2083,0.0556,0,0.5,0.1667,0.0833,0.3333,0.1,0.35,0.0455,0.0833
"locus1494",0,0.125,0,0,0,0.0417,0,0,0,0.25,0,0.3333,0,0,0,0,0.0625,0,0,0,0.1,0,0.0455,0
"locus1495",0.5,0.4375,0.45,0.4545,0.5,0.375,0.4444,0.4091,0.4375,0.05,0.375,0.2222,0.4375,0.3333,0.4444,0.3333,0.4375,0.3333,0.4167,0.2222,0.35,0.5,0.4091,0.5
"locus1496",0.0417,0,0,0.0455,0,0,0.0556,0,0,0.1,0,0,0,0,0.1111,0,0.0625,0,0,0,0,0,0.1818,0.0833
"locus1497",0.0417,0,0,0,0.5,0.1667,0.1667,0,0,0.3,0.1875,0,0,0,0,0,0.0625,0.1111,0.25,0,0.05,0.15,0.1364,0.2917
"locus1498",0.1667,0.375,0.45,0.4545,0.0714,0.2917,0.2222,0.3636,0.125,0,0.3125,0.0556,0.375,0.3333,0.1111,0.3333,0.4375,0.3889,0.4167,0.1111,0.2,0.3,0.2273,0.3333
"locus1499",0,0,0,0.2727,0,0,0,0,0,0,0.0625,0,0,0,0,0.1667,0,0,0,0.1667,0.15,0,0,0
"locus1500",0.375,0.0625,0.05,0.2273,0,0,0,0.1364,0,0,0.125,0,0.125,0.0833,0.4444,0.1667,0,0.1111,0,0.0556,0.15,0.25,0.0909,0
"locus1501",0,0,0.05,0,0,0,0,0.0455,0,0.05,0,0,0.0625,0.1667,0.2222,0,0.3125,0,0,0,0,0.1,0,0
"locus1502",0.0417,0,0.05,0.0455,0,0.0833,0,0,0,0.05,0.125,0.0556,0,0,0,0,0.0625,0,0.0833,0,0,0.05,0,0.0833
"locus1503",0.0833,0,0,0,0.0714,0,0,0,0.0625,0.1,0,0,0,0,0,0,0,0,0,0.0556,0.05,0,0.1818,0
"locus1504",0.0417,0.125,0,0,0,0,0,0,0.0625,0,0.125,0,0,0.0417,0.0556,0,0,0,0,0,0.1,0.05,0.0909,0
"locus1505",0,0,0.1,0,0.0714,0,0,0.1818,0,0,0,0,0,0.0417,0,0,0,0.1667,0.0833,0,0,0,0,0.0833
"locus1506",0.0417,0.1875,0.05,0,0,0.0833,0,0.0909,0,0,0,0,0,0,0,0,0.0625,0,0,0,0,0.1,0.0455,0.0417
"locus1507",0.2917,0.25,0.1,0.4091,0.4286,0.4167,0.4444,0.0455,0.375,0.3,0.25,0.1111,0.1875,0.25,0.3333,0.3333,0.125,0.1111,0.3333,0.2778,0.4,0.05,0.3182,0.375
"locus1508",0.4583,0.3125,0.3,0.5,0.2143,0.1667,0.3889,0.4091,0.375,0.15,0.4375,0.0556,0.4375,0.4583,0.2778,0.5,0.375,0.3333,0.5,0.2778,0.35,0.45,0.5,0.25
"locus1509",0.0833,0.0625,0,0.1364,0,0.0833,0.0556,0,0.0625,0.1,0.0625,0.1111,0,0.0417,0.1111,0.3333,0.0625,0,0,0.5,0.1,0.1,0,0
"locus1510",0,0,0,0,0,0,0,0.0455,0,0,0,0,0.125,0.0833,0.0556,0,0.1875,0.1667,0,0.0556,0,0,0.0909,0
"locus1511",0,0.125,0.15,0,0,0,0,0,0,0,0.0625,0,0.0625,0.0833,0,0,0.1875,0,0,0,0,0,0,0
"locus1512",0.3333,0.375,0.25,0.1364,0.4286,0.3333,0.5,0.3182,0.5,0.1,0.375,0.2778,0.3125,0.25,0.2778,0.3333,0.125,0.2778,0.1667,0.2222,0.35,0.45,0.3636,0.4583
"locus1513",0,0.3125,0.2,0,0.3571,0.4167,0.2778,0.1818,0.25,0.45,0.0625,0.2778,0.125,0.5,0.1111,0,0.375,0,0.1667,0,0.1,0.2,0.3182,0.25
"locus1514",0,0,0,0,0,0,0,0,0,0.25,0,0,0,0,0,0,0,0,0.1667,0,0,0.1,0,0.0417
"locus1515",0.2083,0.3125,0.5,0.0455,0.3571,0.2917,0.2222,0.4545,0.1875,0.1,0.3125,0.3889,0.375,0.25,0.2778,0,0.375,0.2778,0.4167,0.0556,0.15,0.2,0.3636,0.25
"locus1516",0.1667,0,0.1,0,0,0.1667,0.0556,0.0455,0,0.05,0.3125,0,0.125,0.1667,0.0556,0.3333,0.0625,0.0556,0,0,0.05,0.05,0.0455,0.0833
"locus1517",0.375,0.4375,0.35,0.2727,0.2143,0.2083,0.2778,0.1818,0.1875,0.1,0.375,0,0.375,0.4583,0.2222,0.1667,0.3125,0.3333,0.4167,0.1667,0.45,0.15,0.4545,0.3333
"locus1518",0.125,0,0.1,0,0,0,0.0556,0.0455,0,0.05,0,0,0.125,0.0833,0,0,0.125,0,0.0833,0,0.05,0.05,0,0
"locus1519",0.0833,0.0625,0.1,0,0.0714,0.0833,0,0,0.0625,0,0.0625,0,0,0,0.0556,0,0,0,0.0833,0,0.1,0,0,0.0417
"locus1520",0.125,0.3125,0.1,0.0909,0.3571,0.25,0.3333,0.0909,0.125,0.5,0.1875,0.3333,0.125,0.25,0,0.1667,0.125,0.1111,0.5,0.1111,0.05,0.1,0.1364,0.4583
"locus1521",0,0.125,0,0,0,0.0833,0.0556,0,0,0.35,0,0.3333,0,0,0,0,0,0,0,0,0,0,0,0
"locus1522",0,0.1875,0.25,0.0455,0,0.0833,0.1111,0.1364,0.25,0.2,0.0625,0.1111,0.3125,0.3333,0.1111,0.1667,0.3125,0.1667,0.0833,0,0.05,0.2,0.0909,0.0833
"locus1523",0.375,0.4375,0.4,0.3636,0.1429,0.4167,0.4444,0.4545,0.25,0.4,0.25,0.3333,0.5,0.5,0.2778,0.5,0.4375,0.3889,0.3333,0.3889,0.4,0.3,0.4545,0.5
"locus1524",0,0,0,0,0,0.0833,0,0.1818,0,0.05,0,0,0.0625,0.0417,0,0,0,0,0,0.0556,0,0,0,0
"locus1525",0,0,0.05,0,0,0,0,0.0909,0,0.05,0,0.2222,0.125,0,0,0.1667,0.0625,0,0,0.0556,0.05,0.05,0,0
"locus1526",0.0417,0.0625,0,0.1364,0,0,0,0,0,0,0,0,0,0.0417,0.3889,0.1667,0,0,0,0.2778,0.15,0,0.2273,0
"locus1527",0.4167,0.1875,0.25,0.3182,0.1429,0.0833,0.3889,0.3636,0.4375,0.05,0.4375,0.0556,0.5,0.4583,0.5,0.1667,0.375,0.3333,0.3333,0.3333,0.35,0.45,0.3636,0.2083
"locus1528",0,0,0.3,0,0,0,0.0556,0,0,0,0,0,0.1875,0.1667,0,0,0.25,0,0,0,0,0.05,0.0455,0
"locus1529",0,0.0625,0.15,0,0.0714,0,0,0.0455,0,0,0,0.0556,0,0.125,0,0,0.125,0,0,0,0,0.1,0,0.0417
"locus1530",0,0.125,0.1,0.2273,0.4286,0.2083,0.1667,0.0455,0.0625,0.05,0,0.2778,0.125,0.0417,0,0,0,0,0.0833,0,0,0.2,0,0.0833
"locus1531",0.0417,0,0.05,0.0455,0,0.0417,0,0,0,0,0,0.1111,0.1875,0,0,0,0,0.1111,0,0,0,0.05,0,0
"locus1532",0,0.125,0.05,0,0,0.0833,0,0,0,0.05,0.0625,0,0,0.0417,0.1667,0,0,0,0.0833,0.2778,0.05,0,0.0455,0.0417
"locus1533",0.0833,0.3125,0.25,0.0909,0.3571,0.5,0.1667,0.1364,0.0625,0.4,0.0625,0.2778,0.25,0.2083,0,0,0.3125,0,0.1667,0,0.1,0.15,0.3182,0.375
"locus1534",0,0.0625,0.05,0.0455,0.0714,0.0833,0.0556,0.0455,0,0.05,0.1875,0.0556,0,0.0417,0,0,0.0625,0.0556,0,0,0,0.05,0,0.0833
"locus1535",0.125,0,0.15,0.2727,0,0,0.0556,0.0455,0,0.05,0,0,0.125,0.1667,0,0,0.125,0.2778,0,0.0556,0.05,0.15,0.0455,0
"locus1536",0,0.125,0.05,0,0,0.0417,0,0,0,0.05,0,0.2222,0,0,0,0,0,0,0,0,0.25,0,0.0909,0
"locus1537",0,0,0.1,0,0.2857,0.5,0.0556,0.0455,0,0.35,0,0.5,0,0,0,0,0.0625,0,0,0,0,0,0.2273,0
"locus1538",0.4583,0,0.4,0.4545,0,0,0,0.3182,0.1875,0,0.5,0,0.125,0.375,0.4444,0.1667,0.4375,0.3333,0.4167,0.3889,0.5,0.45,0.4545,0.0417
"locus1539",0.1667,0.125,0.5,0,0.4286,0.375,0.3889,0.3636,0,0.05,0.3125,0,0.3125,0.2083,0,0,0.25,0.2222,0.3333,0.0556,0.1,0.2,0.1818,0.2917
"locus1540",0.5,0.25,0.1,0.1364,0.1429,0.25,0.0556,0.3636,0.125,0.15,0.1875,0.0556,0.1875,0.0833,0.4444,0.1667,0.0625,0.3333,0,0.2222,0.35,0,0.3636,0.125
"locus1541",0,0,0.1,0,0.3571,0.2917,0.4444,0.2273,0,0,0.4375,0,0.1875,0.4167,0,0,0.5,0,0.5,0.0556,0,0.25,0.0455,0.2917
"locus1542",0.0417,0.3125,0,0,0,0.0417,0,0,0,0.1,0.125,0.0556,0,0,0.1667,0.1667,0,0,0.0833,0,0.05,0,0.0909,0.0417
"locus1543",0.375,0.375,0.05,0.4545,0.2143,0.3333,0.2778,0.1364,0.25,0.2,0.25,0.2778,0.0625,0.2083,0.2222,0,0.25,0.2778,0.3333,0.3333,0.45,0.05,0.3636,0.25
"locus1544",0,0.125,0,0,0.2143,0.2083,0.1111,0.0455,0,0.05,0.125,0.0556,0.0625,0,0,0,0,0.1111,0,0,0.1,0.05,0.1818,0.0833
"locus1545",0.4167,0.1875,0.1,0.5,0,0.0417,0,0.1818,0.1875,0.1,0.125,0,0.25,0.0417,0.3889,0.1667,0.125,0.3333,0,0,0.1,0.15,0.1364,0.0417
"locus1546",0,0,0,0,0,0,0.0556,0,0,0,0,0.0556,0,0.2083,0,0,0,0,0.0833,0,0.05,0,0.0455,0.2083
"locus1547",0.0833,0.25,0,0.1364,0.2143,0.0833,0.2222,0,0.125,0.45,0,0.2778,0.0625,0.0417,0,0,0.0625,0.1111,0,0,0.15,0.05,0.2727,0.4167
"locus1548",0.125,0.5,0.25,0.1818,0.0714,0.25,0.0556,0.2727,0.125,0.25,0.375,0.4444,0.25,0.2083,0.0556,0.1667,0.125,0.2778,0.3333,0,0.1,0.35,0.1364,0.0833
"locus1549",0,0,0,0.0455,0,0,0,0.1364,0,0,0,0,0,0.0833,0.1111,0,0,0.1111,0,0,0.05,0.05,0.0909,0.0417
"locus1550",0,0.1875,0.1,0,0.2857,0.5,0.2222,0.0909,0,0.2,0,0.3333,0.0625,0.125,0,0,0.125,0.3889,0.0833,0.0556,0,0.1,0.2727,0.375
"locus1551",0.0833,0.1875,0,0.4091,0.2857,0,0,0,0,0.1,0.0625,0,0,0,0.4444,0.1667,0,0.0556,0.1667,0.4444,0.45,0.05,0.5,0.25
"locus1552",0,0,0,0,0.3571,0.0833,0.4444,0.0455,0.25,0,0.125,0,0,0.125,0,0,0,0,0.1667,0.0556,0.05,0,0,0.5
"locus1553",0.0833,0.1875,0.1,0.2273,0,0.0833,0.0556,0,0.0625,0.05,0,0.0556,0,0.0417,0,0,0,0,0,0,0.2,0.05,0,0.0417
"locus1554",0.1667,0.125,0.15,0.0455,0.3571,0.0833,0.3333,0.1364,0,0.1,0.125,0.1111,0,0.0417,0,0,0.0625,0.0556,0.0833,0,0.05,0.2,0.0455,0.25
"locus1555",0.0417,0.375,0.45,0.5,0.2857,0.4167,0.1111,0.4545,0.375,0.35,0.4375,0.3889,0.1875,0.2917,0,0.5,0.375,0.0556,0.4167,0.0556,0.1,0.3,0.2727,0.1667
"locus1556",0.0417,0.0625,0.15,0,0,0,0,0.0909,0,0,0,0,0.0625,0,0,0,0.0625,0.0556,0,0,0,0.15,0,0
"locus1557",0,0.0625,0.1,0.0909,0.1429,0.0417,0.1667,0.1364,0.125,0.1,0.0625,0.1111,0.1875,0.0417,0.0556,0,0.125,0,0.1667,0,0,0.1,0.0455,0.0417
"locus1558",0.0833,0.125,0.2,0.0909,0,0.2083,0.0556,0.0909,0.0625,0,0.1875,0.1111,0.1875,0.125,0.0556,0,0.3125,0,0.1667,0.0556,0.05,0.1,0.0455,0.0833
"locus1559",0.4583,0.4375,0.2,0.4545,0.4286,0.4583,0.2778,0.4091,0.375,0.5,0.5,0.3889,0.5,0.375,0.3333,0.3333,0.5,0.4444,0.4167,0.4444,0.45,0.45,0.4091,0.3333
"locus1560",0.1667,0,0,0.1364,0,0,0,0,0,0,0,0,0,0.0417,0,0,0.0625,0,0,0,0.3,0,0,0
"locus1561",0.375,0,0,0.1364,0,0,0,0.0455,0.1875,0,0,0,0,0,0.1667,0.1667,0.0625,0,0,0.2778,0.1,0.05,0.2727,0
"locus1562",0,0,0,0,0.1429,0,0,0,0.125,0,0.0625,0,0.0625,0.125,0.1667,0.1667,0.0625,0,0.1667,0.2778,0,0,0,0.0417
"locus1563",0.2083,0.0625,0.05,0.1364,0,0.0833,0,0,0,0,0.0625,0,0,0.0417,0.2778,0.1667,0,0.1111,0,0.3333,0.15,0,0.1818,0
"locus1564",0.125,0.25,0.1,0,0.0714,0.125,0.0556,0.3182,0.125,0.45,0,0.4444,0.0625,0.2083,0.1667,0.1667,0.0625,0.0556,0.0833,0.1111,0.15,0.05,0.0455,0
"locus1565",0,0.125,0,0,0.2857,0.0417,0,0,0,0.2,0,0.2222,0.0625,0,0,0,0,0,0,0,0,0,0.0455,0.0833
"locus1566",0.25,0,0,0.4091,0,0.0417,0,0,0,0,0.0625,0,0.0625,0,0,0,0.0625,0,0,0.0556,0.05,0,0.0455,0
"locus1567",0.2917,0.1875,0.3,0.1364,0,0.1667,0.3333,0.3636,0.25,0.15,0.5,0.0556,0.4375,0.2917,0.2222,0.3333,0.4375,0.3889,0.4167,0.3889,0.25,0.35,0.1364,0.25
"locus1568",0.4583,0.3125,0.45,0.5,0.4286,0.2917,0.3889,0.4545,0.375,0.15,0.4375,0,0.5,0.4583,0.4444,0.3333,0.5,0.4444,0.4167,0.3889,0.45,0.45,0.4545,0.4583
"locus1569",0,0,0.1,0,0.2143,0,0,0.0455,0.125,0,0,0,0.0625,0,0,0.1667,0,0.1111,0,0,0,0.05,0.0909,0.0833
"locus1570",0.2083,0,0,0,0,0,0.1111,0,0,0,0.0625,0,0.0625,0,0.0556,0,0.0625,0,0,0.0556,0,0,0.1364,0
"locus1571",0,0,0.05,0,0,0,0.0556,0.0909,0.125,0,0,0.0556,0.0625,0,0,0,0.125,0.0556,0,0,0,0.1,0,0
"locus1572",0.4167,0.0625,0.45,0.4545,0.2857,0.3333,0.4444,0.5,0.4375,0.45,0.3125,0.3333,0.375,0.4583,0.2778,0.3333,0.4375,0.5,0.5,0.1111,0.2,0.45,0.5,0.25
"locus1573",0.2083,0.125,0.1,0.1818,0,0.0417,0.1111,0,0.4375,0,0.25,0,0.0625,0,0.4444,0.1667,0.0625,0.0556,0,0.0556,0.2,0.3,0.1818,0.4167
"locus1574",0.2917,0.375,0.2,0.4091,0.5,0.2917,0.3333,0.4091,0.4375,0.45,0.375,0.3889,0.125,0.375,0.1111,0.3333,0.375,0.3333,0.3333,0.2222,0.3,0.2,0.3182,0.3333
"locus1575",0,0.125,0.05,0.0455,0,0,0,0,0,0,0,0,0.3125,0.0833,0,0,0.125,0.1667,0,0,0.15,0,0,0.0417
"locus1576",0,0.1875,0,0,0,0,0,0.0455,0,0,0.0625,0,0.0625,0,0,0.1667,0,0,0,0.2778,0.05,0.15,0,0
"locus1577",0,0.0625,0.05,0,0.0714,0,0.1111,0.0909,0,0,0,0,0.0625,0.1667,0,0,0.0625,0,0,0.0556,0.05,0.1,0,0.1667
"locus1578",0.0417,0.0625,0.25,0,0,0.0417,0.1111,0.3182,0,0,0,0,0.1875,0.2083,0.1667,0,0.125,0,0.0833,0,0,0.05,0,0.0417
"locus1579",0.0833,0.25,0.2,0.0455,0,0.0833,0.0556,0.1364,0.0625,0.05,0.0625,0.3889,0.1875,0.2083,0,0,0.125,0,0,0,0,0.3,0.0455,0.0417
"locus1580",0.0417,0,0,0.1364,0,0,0,0.0455,0.25,0,0,0,0,0,0.0556,0,0,0,0,0.0556,0.15,0,0.2273,0.0833
"locus1581",0.4583,0,0,0.5,0,0,0.1111,0.2273,0,0,0,0,0.125,0,0.3889,0,0,0.5,0,0.2778,0.35,0.05,0.1818,0
"locus1582",0.0417,0,0,0,0,0.0417,0.0556,0,0,0,0,0,0.125,0.0833,0,0,0.125,0,0.1667,0.0556,0,0,0.2273,0
"locus1583",0.4167,0.5,0.45,0.4091,0.2857,0.4167,0.3889,0.2273,0.1875,0.35,0.375,0.3333,0.25,0.3333,0.2778,0.1667,0.3125,0.1667,0.3333,0.3889,0.35,0.25,0.4091,0.2083
"locus1584",0,0.0625,0,0,0,0.2083,0,0,0,0.1,0.0625,0.1111,0,0,0,0,0.0625,0,0,0.0556,0,0,0,0.125
"locus1585",0.125,0,0.05,0.1364,0,0,0,0,0.25,0,0.0625,0,0.0625,0,0.3889,0,0,0.1667,0,0.3889,0,0.1,0.0909,0
"locus1586",0.4167,0.4375,0.3,0.1818,0.4286,0.25,0.3333,0.3636,0.375,0.25,0.5,0.2222,0.375,0.375,0.3889,0.1667,0.4375,0.3333,0,0.2778,0.2,0.45,0.1364,0.3333
"locus1587",0.3333,0.4375,0.15,0.2273,0.2143,0.375,0.5,0.3182,0.375,0.15,0.4375,0,0.375,0.25,0.1111,0.5,0.25,0.4444,0.1667,0.1111,0.05,0.1,0.3636,0.5
"locus1588",0.0833,0,0,0.3182,0,0,0,0,0,0,0,0,0,0,0,0,0,0,0,0.1667,0.1,0,0,0
"locus1589",0.375,0.125,0.45,0.2727,0.0714,0.25,0.2778,0.4091,0.3125,0.3,0.3125,0.3333,0.4375,0.2917,0.3333,0.5,0.375,0.3889,0.3333,0.3333,0.1,0.35,0.4545,0.375
"locus1590",0.0833,0.4375,0.35,0.0455,0.4286,0.2917,0.3333,0.4545,0.3125,0.15,0.4375,0.5,0.3125,0.125,0.4444,0.1667,0.4375,0.2222,0.3333,0.0556,0.1,0.45,0.2727,0.2917
"locus1591",0.3333,0.4375,0.25,0.3182,0.2857,0.5,0.2222,0.2273,0.375,0.3,0.3125,0.3333,0.25,0.1667,0.5,0,0.25,0.4444,0,0.3889,0.3,0.3,0.3182,0.1667
"locus1592",0.375,0.1875,0.25,0.3182,0.1429,0.4583,0.3333,0.4545,0.1875,0.5,0.4375,0.4444,0.25,0.375,0.3889,0.1667,0.1875,0.1667,0.4167,0.0556,0.35,0.2,0.4545,0.4583
"locus1593",0.0833,0,0.1,0.0455,0.2143,0,0.0556,0.0909,0,0,0,0,0,0.0417,0.2222,0.1667,0,0.0556,0.1667,0.2222,0.15,0.1,0.0455,0.0417
"locus1594",0.4583,0.1875,0.1,0.2273,0.0714,0,0,0.2273,0.5,0.15,0.125,0.0556,0.5,0.0833,0.1111,0.3333,0.3125,0.4444,0,0.4444,0.45,0.1,0.4091,0
"locus1595",0.0833,0.3125,0.3,0.1364,0.2857,0.3333,0.1667,0.2727,0.5,0.45,0.4375,0.4444,0.4375,0.4583,0.0556,0.1667,0.25,0.2778,0.3333,0.2778,0.2,0.5,0.2727,0.2917
"locus1596",0.0417,0,0.05,0.0455,0.0714,0.25,0.0556,0.0909,0.3125,0.15,0.0625,0.1111,0,0,0.0556,0,0.0625,0.2778,0,0,0.15,0.05,0.0455,0
"locus1597",0.125,0,0.05,0,0,0,0.0556,0.0455,0,0,0.0625,0.0556,0,0,0,0,0.0625,0.1111,0,0,0,0.15,0.1364,0
"locus1598",0.4583,0.4375,0.5,0.3636,0,0.1667,0.3333,0.4091,0.4375,0.25,0.375,0.0556,0.375,0.4583,0.5,0.5,0.5,0.4444,0.25,0.4444,0.45,0.5,0.4091,0.1667
"locus1599",0.0417,0,0.1,0,0,0,0,0.1818,0,0.05,0.0625,0,0.25,0.2083,0,0,0.0625,0.1667,0,0,0,0.05,0,0
"locus1600",0,0,0.1,0,0,0.0833,0.1111,0.0455,0,0.05,0.0625,0,0,0.0833,0.0556,0,0.0625,0,0.0833,0,0,0,0.1364,0.125
"locus1601",0,0.125,0,0.0909,0,0.1667,0.2778,0.1818,0,0,0,0,0,0,0,0.3333,0.125,0,0.1667,0,0.05,0.15,0,0.3333
"locus1602",0.0417,0.5,0.1,0,0.2857,0.0833,0.4444,0.0455,0.0625,0.2,0.0625,0.5,0,0.0417,0,0,0,0,0.4167,0,0.1,0,0.0909,0.4167
"locus1603",0.4583,0.5,0.45,0.5,0.3571,0.5,0.4444,0.4545,0.5,0.4,0.4375,0.4444,0.4375,0.4167,0.3333,0.5,0.3125,0.3333,0.4167,0.4444,0.45,0.35,0.4545,0.3333
"locus1604",0.1667,0.0625,0.05,0,0.0714,0.1667,0.3889,0.0909,0,0.1,0.125,0,0.125,0,0,0,0.0625,0.1667,0.0833,0,0.1,0,0.1364,0.2917
"locus1605",0.3333,0.0625,0.05,0.0909,0,0.0417,0.1111,0.2273,0,0.1,0.0625,0,0.1875,0.375,0,0.5,0.1875,0.2778,0.1667,0.2222,0.05,0.05,0.2273,0
"locus1606",0.125,0,0,0,0,0.125,0.0556,0.0455,0,0,0.125,0.1111,0,0.0417,0,0,0,0,0.0833,0,0,0.1,0,0.0833
"locus1607",0,0,0.05,0.0455,0.0714,0.2083,0,0.1364,0.125,0.2,0,0.1111,0.125,0.0417,0,0,0,0,0,0,0.05,0,0,0
"locus1608",0.1667,0.125,0.15,0.0455,0,0.125,0.1667,0.3636,0.125,0.05,0,0,0.3125,0.2083,0.0556,0,0.125,0.5,0.1667,0.0556,0,0.1,0.0909,0.0833
"locus1609",0.4583,0.3125,0.45,0.3182,0.2143,0.4167,0.5,0.4545,0.3125,0.25,0.5,0.2778,0.3125,0.2917,0.3889,0.3333,0.4375,0.5,0.25,0.5,0.45,0.45,0.4545,0.2917
"locus1610",0,0.5,0.05,0,0.4286,0.2917,0.3333,0,0,0.35,0.3125,0.1667,0.0625,0.125,0,0,0.125,0,0.25,0.1111,0.05,0.1,0,0.1667
"locus1611",0.0833,0,0,0.0455,0.0714,0.0417,0,0.0455,0.0625,0,0,0,0.125,0.0833,0,0,0.0625,0,0,0,0,0,0,0
"locus1612",0,0.0625,0,0,0,0.0833,0,0.0455,0,0.05,0.125,0,0,0,0.0556,0,0.125,0.1111,0,0,0,0.15,0,0.0417
"locus1613",0.0833,0,0.1,0.0909,0,0,0,0.1818,0,0,0,0,0.1875,0.0833,0,0,0.0625,0,0,0.0556,0.05,0.05,0,0
"locus1614",0.2083,0.125,0.3,0.1364,0,0.0417,0.1111,0.2273,0.0625,0.1,0.0625,0,0.0625,0.3333,0,0.3333,0.3125,0.3889,0,0.0556,0.1,0.15,0.2727,0
"locus1615",0,0.0625,0.1,0.1364,0,0,0,0.0909,0.0625,0,0,0,0,0.1667,0.1667,0.1667,0.0625,0,0.0833,0,0,0.15,0.0909,0.1667
"locus1616",0.2083,0.375,0.3,0.0455,0.2857,0.5,0.3333,0.3182,0.1875,0.45,0.375,0.4444,0.25,0.25,0.0556,0.3333,0.375,0.1667,0.5,0.2778,0.1,0.25,0.5,0.2917
"locus1617",0,0.375,0.1,0.0455,0,0.2917,0,0,0,0.4,0,0.4444,0.1875,0,0,0,0,0.0556,0,0,0,0.05,0.0909,0.125
"locus1618",0.0417,0.1875,0.05,0.0909,0.0714,0.4583,0,0.1364,0.1875,0.4,0.1875,0,0.0625,0.125,0.1667,0,0.125,0,0,0.0556,0.05,0.15,0.0909,0
"locus1619",0,0.0625,0.3,0.0455,0.0714,0.0417,0,0.2273,0.1875,0.05,0,0,0.3125,0.25,0.1667,0,0.25,0,0.0833,0.0556,0.05,0,0,0
"locus1620",0.25,0.375,0.45,0.4091,0.3571,0.4583,0.4444,0.3636,0.5,0.5,0.4375,0.5,0.5,0.2917,0.2222,0.3333,0.4375,0.2222,0.1667,0.5,0.2,0.45,0.2273,0.4583
"locus1621",0.0833,0.0625,0.05,0,0.0714,0,0,0,0.125,0,0.0625,0.1667,0.0625,0.0417,0.1667,0,0.0625,0,0,0,0.1,0,0.4091,0.0833
"locus1622",0.125,0,0,0,0,0,0,0.0455,0,0,0,0,0.0625,0.0417,0.0556,0,0.0625,0,0,0,0.2,0,0.0455,0
"locus1623",0.0833,0.375,0.2,0.2727,0,0,0.1111,0.0909,0.125,0.05,0,0.0556,0,0.2083,0,0.1667,0.0625,0.0556,0.25,0.0556,0.15,0.1,0.0909,0.25
"locus1624",0,0,0,0,0.0714,0.0833,0.3889,0,0,0,0,0,0,0,0,0,0,0,0,0,0,0,0,0.1667
"locus1625",0.25,0.25,0.5,0.3182,0.2143,0.1667,0.2778,0.1364,0.25,0.35,0.125,0.1667,0.375,0.2917,0.3333,0.3333,0.3125,0.4444,0.25,0.1667,0.35,0.35,0.1364,0.2083
"locus1626",0,0.375,0,0.2727,0.1429,0.2917,0.2222,0.0455,0.0625,0.4,0.3125,0.0556,0.1875,0.0417,0.1111,0,0,0,0.4167,0.3889,0.15,0.5,0.1818,0.4583
"locus1627",0,0,0.2,0,0,0,0,0.1818,0,0.05,0,0,0.125,0.0417,0,0,0,0.1111,0,0,0,0.15,0,0
"locus1628",0,0,0,0,0.0714,0.0417,0.1111,0.0455,0,0,0,0,0,0,0,0,0,0,0,0.0556,0,0,0.0909,0.1667
"locus1629",0.0417,0.125,0.3,0.0455,0,0,0.1111,0.4545,0,0.05,0.0625,0.0556,0.4375,0.4167,0,0,0.4375,0.1667,0.1667,0.0556,0.1,0.35,0.0455,0.1667
"locus1630",0.0417,0.0625,0.15,0.1364,0,0,0.0556,0.0455,0.1875,0,0,0,0.25,0,0,0,0.125,0.2222,0,0,0.1,0,0.1818,0
"locus1631",0.0417,0.0625,0.1,0.0455,0,0.0417,0,0.0455,0,0.05,0.0625,0.0556,0.0625,0.0417,0,0,0,0,0.0833,0.1111,0.05,0,0.0455,0.0833
"locus1632",0.2083,0.3125,0.45,0.0909,0.1429,0.25,0.2778,0.2273,0.375,0.4,0.375,0.2778,0.1875,0.3333,0.1111,0.3333,0.25,0.1667,0.25,0.4444,0.25,0.3,0.0455,0.125
"locus1633",0,0,0,0.3182,0,0.0417,0,0,0,0,0.0625,0,0,0,0,0,0,0,0,0,0,0,0.1818,0
"locus1634",0.375,0.25,0.5,0.4091,0.2143,0.4583,0.3333,0.4545,0.25,0.25,0.4375,0.0556,0.4375,0.5,0.3889,0.3333,0.5,0.3889,0.25,0.5,0.3,0.2,0.2727,0.2917
"locus1635",0.4167,0.3125,0.35,0.3182,0.0714,0.5,0.3889,0.5,0.3125,0.45,0.3125,0.5,0.4375,0.4583,0.4444,0.5,0.375,0.3333,0.5,0.3333,0.4,0.45,0.4545,0.4167
"locus1636",0.125,0.0625,0.45,0.1364,0.1429,0,0.0556,0.4545,0.375,0.05,0.125,0.0556,0.375,0.375,0.2222,0.1667,0.1875,0.5,0,0,0.15,0.2,0.0909,0.125
"locus1637",0,0,0,0,0.3571,0.1667,0,0,0,0,0,0,0,0,0,0,0,0,0,0,0,0,0.2273,0.4583
"locus1638",0,0.125,0,0.1364,0,0.0833,0,0,0.375,0.2,0,0,0,0,0,0,0,0,0,0,0,0,0.0455,0.0417
"locus1639",0.0833,0.3125,0.05,0.0455,0.0714,0.4583,0,0.0455,0,0.4,0,0.3889,0.125,0,0.1111,0.1667,0,0,0,0.2778,0.35,0.15,0,0.3333
"locus1640",0.125,0.125,0.45,0.1818,0.2857,0.125,0.2222,0.1818,0.1875,0.2,0.25,0.1667,0.3125,0.3333,0,0,0.4375,0.2222,0.3333,0.2778,0.1,0.35,0.1364,0.5
"locus1641",0,0,0.15,0,0.5,0.2083,0,0,0,0,0,0,0.0625,0,0,0,0.25,0.1667,0,0,0,0,0,0.0417
"locus1642",0.0417,0,0,0.0909,0,0.0833,0.0556,0,0,0,0,0,0,0.0417,0.2778,0.1667,0,0,0,0,0.1,0,0,0.0417
"locus1643",0,0,0,0.4091,0,0,0,0,0,0.05,0,0,0,0.0417,0,0,0.0625,0,0,0,0,0,0,0
"locus1644",0,0.1875,0.1,0,0,0.0417,0,0,0.0625,0.15,0.1875,0.2222,0.0625,0,0,0,0.0625,0.2222,0.0833,0,0,0.35,0.1364,0.125
"locus1645",0,0,0,0.0909,0,0,0,0,0.0625,0.05,0,0,0,0.0417,0.0556,0,0.0625,0,0,0,0.15,0,0.0455,0
"locus1646",0.0417,0.1875,0.25,0.0909,0.1429,0.1667,0.0556,0.1364,0.25,0.25,0,0,0.3125,0.3333,0.2222,0,0.0625,0.1111,0,0.2778,0.1,0,0.2727,0.2083
"locus1647",0.125,0.0625,0,0,0,0,0,0.0455,0.0625,0,0.0625,0,0.0625,0.0833,0.1111,0.3333,0,0.0556,0,0.2778,0.05,0,0,0
"locus1648",0,0.4375,0.2,0,0.5,0.1667,0.0556,0.0909,0,0.4,0.125,0.5,0.0625,0.0833,0.0556,0,0.125,0.0556,0,0.0556,0.05,0.15,0.0909,0.125
"locus1649",0.0833,0,0.1,0.3182,0,0,0,0,0.0625,0,0,0,0.0625,0.0833,0.1667,0,0.0625,0,0,0,0.05,0,0,0
"locus1650",0,0.125,0.2,0,0,0.25,0,0.0909,0.125,0,0.0625,0.2778,0,0.1667,0,0,0.3125,0,0,0.0556,0.05,0.2,0.1364,0.0833
"locus1651",0.3333,0,0.05,0.4545,0.0714,0,0.2778,0.1818,0.0625,0,0,0.0556,0.0625,0.125,0.2778,0.3333,0,0.1667,0.0833,0.4444,0.35,0.05,0.0455,0.1667
"locus1652",0,0,0,0,0.2143,0.4167,0.2222,0.0455,0,0.35,0,0.2778,0,0.0417,0,0,0.0625,0.0556,0,0,0.05,0,0.0455,0.0833
"locus1653",0.4167,0,0.1,0.2727,0,0,0,0.1364,0,0,0,0,0.0625,0.2083,0.2778,0.1667,0.0625,0.2778,0,0.3889,0.25,0.1,0.2727,0.0833
"locus1654",0,0.0625,0.1,0.1818,0,0.1667,0.0556,0.1364,0.1875,0.05,0,0.0556,0,0.0417,0.2222,0,0,0.0556,0,0.0556,0.1,0,0,0
"locus1655",0.2083,0.0625,0,0.2727,0,0,0,0,0,0,0.125,0,0.0625,0.0417,0,0.3333,0,0,0,0,0,0.05,0,0
"locus1656",0.0417,0.0625,0,0.0909,0,0.0833,0,0,0,0,0,0,0.125,0.0833,0.0556,0,0,0,0.0833,0,0.05,0,0,0
"locus1657",0,0.0625,0,0.0455,0,0.0833,0.3333,0,0,0,0.125,0.0556,0,0.0833,0,0.1667,0,0,0.3333,0.0556,0.05,0.1,0.0455,0.0833
"locus1658",0,0.125,0,0,0.0714,0.125,0,0,0.125,0,0,0,0,0,0,0,0,0,0,0,0,0,0,0.0417
"locus1659",0.4167,0.25,0.45,0.1364,0.2143,0.4583,0.1667,0.4091,0.375,0.5,0.375,0.3889,0.3125,0.2917,0.2222,0.3333,0.1875,0.5,0.25,0.1667,0.45,0.5,0.3636,0.2083
"locus1660",0.0417,0.0625,0.15,0.1364,0,0.0417,0,0.1364,0.0625,0.1,0,0,0.0625,0.1667,0.0556,0,0.25,0.0556,0,0,0.05,0,0.1364,0
"locus1661",0.2083,0.125,0,0,0.2143,0.0417,0.2222,0.0455,0.25,0,0,0,0,0,0,0,0.0625,0,0,0.0556,0.3,0,0.0455,0.125
"locus1662",0.2917,0.3125,0.3,0.4545,0.0714,0.2917,0.2778,0.2273,0.1875,0.1,0.5,0.0556,0.25,0.125,0.1667,0.5,0.125,0.3889,0.4167,0.3333,0.25,0.4,0.3636,0.1667
"locus1663",0.4167,0,0.15,0.1818,0.0714,0.1667,0.1667,0.2273,0,0.1,0.0625,0,0.125,0.0833,0.2778,0.1667,0.0625,0.2222,0,0.3889,0.05,0.05,0.3182,0.0417
"locus1664",0.4167,0.0625,0.15,0.5,0.2857,0.375,0.2222,0.3636,0.4375,0.3,0.375,0.5,0.25,0.1667,0.2778,0.1667,0.125,0.1667,0.4167,0.4444,0.45,0.2,0.3636,0.3333
"locus1665",0.1667,0,0,0.0909,0.1429,0.0417,0.1667,0,0.125,0.2,0,0.1111,0.0625,0.0833,0,0,0.125,0,0,0.2778,0.05,0,0,0.0417
"locus1666",0,0,0,0,0.3571,0.1667,0.2222,0,0,0,0.0625,0.0556,0,0,0,0,0,0.0556,0,0.0556,0,0,0,0.0833
"locus1667",0.0417,0.125,0,0,0,0,0.0556,0,0,0.1,0,0,0,0.1667,0,0,0,0,0,0,0,0,0,0
"locus1668",0.5,0.375,0.4,0.5,0.3571,0.375,0.5,0.2727,0.375,0.45,0.4375,0.3333,0.25,0.3333,0.3889,0.3333,0.5,0.2222,0.4167,0.2778,0.45,0.25,0.4091,0.4583
"locus1669",0,0,0.15,0,0,0,0,0.0455,0,0.05,0,0,0,0.25,0,0,0.125,0,0,0,0,0,0,0
"locus1670",0.2083,0.4375,0.35,0.2727,0.5,0.2083,0.3889,0.4545,0.5,0.05,0.25,0.0556,0.3125,0.375,0.3333,0.3333,0.25,0.3889,0.4167,0.3889,0.2,0.25,0.4091,0.4167
"locus1671",0.2083,0,0,0,0,0,0,0.0455,0.0625,0,0,0,0,0,0.0556,0,0,0.4444,0.0833,0,0.05,0,0.0909,0
"locus1672",0,0,0,0,0.1429,0.0833,0.2222,0,0.0625,0,0,0,0,0,0,0,0,0,0,0,0,0,0,0.2083
"locus1673",0,0,0,0.1364,0,0,0,0,0,0.1,0.0625,0.0556,0.0625,0.0833,0,0,0,0,0,0,0.05,0,0.0909,0
"locus1674",0.4167,0.375,0.25,0.1818,0.2857,0.125,0.1667,0.2727,0.25,0.15,0.375,0.1667,0.4375,0.3333,0.2222,0.5,0.25,0.3889,0.3333,0.4444,0.35,0.3,0.4091,0.2083
"locus1675",0.3333,0.0625,0.1,0,0,0,0,0.0455,0.0625,0,0.0625,0.0556,0.125,0,0.1667,0,0.0625,0.2222,0,0.1111,0,0.1,0.2727,0
"locus1676",0,0,0.15,0.0909,0.0714,0,0.1111,0.0909,0,0,0.125,0,0,0.1667,0,0,0.25,0,0.25,0.1111,0,0.2,0.0909,0
"locus1677",0.0417,0.125,0,0.0455,0,0.125,0.0556,0,0.125,0.2,0.0625,0.0556,0,0,0,0,0,0,0,0,0,0.1,0,0.0417
"locus1678",0.5,0.5,0.4,0.2273,0.1429,0.2917,0.5,0.2727,0.3125,0.1,0.4375,0,0.375,0.4583,0.5,0,0.5,0.3889,0.5,0.3333,0.25,0.4,0.2727,0.3333
"locus1679",0.0833,0.125,0.05,0.1364,0,0.0417,0,0,0.125,0.15,0,0,0.1875,0.125,0.1667,0.3333,0.1875,0,0,0,0.05,0.15,0.0909,0.0417
"locus1680",0.25,0.375,0.3,0.3636,0.2143,0.4167,0.1111,0.4545,0.5,0.25,0.3125,0.2222,0.25,0.2083,0.3889,0.5,0.1875,0.3889,0.1667,0.3333,0.2,0.45,0.4091,0.125
"locus1681",0,0,0.15,0,0,0.0417,0,0,0.125,0,0,0,0,0,0.2222,0,0.125,0.2222,0,0,0,0,0,0
"locus1682",0.0833,0,0.05,0.0455,0,0.0417,0,0.0909,0,0,0,0,0,0,0.0556,0.1667,0,0.1111,0,0.0556,0.05,0,0,0.0417
"locus1683",0.3333,0,0.1,0.1364,0,0,0.2222,0.2273,0.25,0,0.25,0,0.1875,0.0417,0.2778,0.5,0.0625,0.2222,0.0833,0.3333,0.35,0.1,0.3636,0
"locus1684",0.0417,0.0625,0.05,0.0909,0.0714,0.0417,0,0.0909,0.3125,0.05,0,0.2222,0,0.0417,0.0556,0.1667,0.1875,0,0,0.0556,0.05,0.05,0,0.0417
"locus1685",0.1667,0.0625,0.1,0,0.2143,0.0833,0,0.1364,0,0.15,0.0625,0.1111,0.125,0.0417,0.0556,0,0.0625,0.1111,0.0833,0,0,0.25,0.0455,0.125
"locus1686",0.0417,0.125,0.35,0.0455,0,0.0417,0.0556,0.3636,0,0.1,0.3125,0.2778,0.1875,0.5,0,0,0.25,0.2222,0,0,0.05,0.45,0.0455,0.0417
"locus1687",0.0417,0.0625,0.25,0,0,0,0.1111,0.1364,0.0625,0,0.0625,0,0.125,0.0417,0,0.1667,0.25,0.2222,0.25,0,0.15,0.25,0,0.0833
"locus1688",0,0,0.1,0.0909,0.0714,0.0833,0.1111,0.1818,0.125,0.1,0.0625,0.1111,0.0625,0.125,0.0556,0,0.1875,0.0556,0.1667,0,0.05,0.15,0.0909,0.0417
"locus1689",0.0417,0,0,0,0,0,0.1111,0,0.0625,0,0.25,0,0,0,0,0,0.125,0,0.5,0.2778,0,0,0,0.0417
"locus1690",0.0417,0.0625,0.1,0.0909,0.0714,0,0.0556,0.0455,0.125,0.05,0.0625,0.0556,0.1875,0.0417,0.0556,0,0,0,0,0,0.05,0.05,0,0
"locus1691",0.4167,0.3125,0.35,0.2273,0,0,0.1667,0.4545,0.25,0.15,0.25,0,0.5,0.3333,0.4444,0.5,0.375,0.4444,0.3333,0.5,0.35,0.3,0.3636,0
"locus1692",0.0417,0,0,0.2273,0,0,0.0556,0,0,0,0,0,0,0.0417,0.1111,0.1667,0.0625,0,0,0.0556,0.05,0,0,0
"locus1693",0,0.125,0,0,0,0.125,0.2222,0,0,0.05,0,0,0,0,0,0,0.0625,0,0,0.0556,0,0,0,0.2083
"locus1694",0.0417,0.125,0.2,0,0,0.0417,0.1111,0.1818,0,0,0,0,0.0625,0.125,0.1667,0.1667,0.25,0.0556,0.0833,0,0.1,0.1,0.0909,0
"locus1695",0.0417,0,0.05,0,0,0,0,0.0455,0,0,0.0625,0,0,0.1667,0,0,0.0625,0.0556,0.0833,0,0,0,0.0909,0
"locus1696",0.3333,0.25,0.35,0.4545,0.4286,0.0833,0.4444,0.2273,0.1875,0.2,0.4375,0.1111,0.375,0.5,0.1667,0.1667,0.3125,0.3333,0.25,0.3333,0.3,0.45,0.3636,0.375
"locus1697",0.0417,0.0625,0,0.0909,0.0714,0.0417,0.1111,0.0455,0,0,0,0,0,0.125,0,0,0.0625,0,0.0833,0,0.05,0.05,0.2727,0.0417
"locus1698",0.25,0.25,0.4,0.4091,0,0.125,0.3333,0.2273,0,0.05,0.1875,0,0.3125,0.3333,0.1667,0,0.4375,0.1111,0.25,0.0556,0.05,0.4,0.0909,0.125
"locus1699",0,0.0625,0.2,0.1818,0.0714,0.0833,0.0556,0.0909,0,0.1,0.1875,0.0556,0,0.0417,0,0.1667,0.125,0,0.25,0,0,0.3,0,0.1667
"locus1700",0.0833,0,0,0,0,0,0,0.0455,0,0,0.0625,0.1111,0,0.1667,0,0,0.0625,0.0556,0.0833,0,0.05,0.05,0,0
"locus1701",0.0833,0,0,0,0,0,0,0,0,0.1,0,0.0556,0,0,0,0,0,0,0,0,0.3,0.05,0,0
"locus1702",0.0417,0.25,0.1,0.5,0.4286,0.375,0.2778,0.0455,0.5,0.15,0.1875,0.0556,0.0625,0.125,0.1667,0,0.1875,0.3333,0.3333,0,0.25,0.25,0.3636,0.3333
"locus1703",0.0417,0.0625,0.05,0,0,0,0,0,0,0,0,0,0.0625,0,0.2222,0,0,0,0,0.2778,0,0,0,0
"locus1704",0.2083,0.0625,0,0.0455,0.2857,0.0833,0.1111,0,0.0625,0.05,0.0625,0.0556,0,0.0417,0.2778,0,0,0,0.0833,0,0.3,0.1,0.1364,0.0833
"locus1705",0.0833,0.0625,0,0.0455,0,0,0,0.0909,0.125,0.05,0,0.0556,0.1875,0,0.1111,0,0,0.0556,0,0,0.05,0.05,0,0
"locus1706",0.4167,0.3125,0.35,0.3636,0.1429,0.4167,0.5,0.3182,0.5,0.45,0.125,0.4444,0.4375,0.3333,0.5,0,0.4375,0.3889,0.3333,0.2778,0.45,0.2,0.4545,0.5
"locus1707",0.4167,0.375,0.35,0.2727,0.1429,0.3333,0.2222,0.3636,0.1875,0.35,0.375,0.3333,0.375,0.4167,0.4444,0.1667,0.5,0.3889,0.0833,0.3333,0.25,0.2,0.4091,0.125
"locus1708",0.125,0.125,0.1,0.0909,0.1429,0.125,0.1667,0.1364,0.125,0.2,0,0.3333,0.0625,0.2917,0,0,0.1875,0.0556,0,0,0,0.05,0.1364,0.125
"locus1709",0.25,0.3125,0.35,0.0909,0.2857,0.4167,0.2222,0.2727,0.4375,0.45,0.5,0.3889,0.25,0.25,0.1111,0.5,0.4375,0.1667,0.25,0.0556,0.1,0.4,0.1818,0.1667
"locus1710",0,0,0,0.2273,0.0714,0,0,0,0,0,0.0625,0,0,0.0833,0,0.1667,0,0.0556,0,0.3889,0.15,0,0.4091,0
"locus1711",0,0.0625,0.05,0,0,0,0,0.1818,0,0,0,0,0.0625,0.125,0,0.1667,0.0625,0,0,0,0,0,0.0455,0
"locus1712",0.4167,0.0625,0.45,0.3182,0,0,0.1667,0.5,0.25,0,0.25,0.0556,0.4375,0.375,0.3889,0.3333,0.375,0.4444,0.0833,0.3333,0.45,0.35,0.3636,0
"locus1713",0.0417,0.125,0.05,0.3636,0.5,0.375,0.2778,0.0455,0,0.3,0.25,0.2222,0,0.0833,0,0.5,0.125,0,0,0.1111,0,0,0.0455,0.3333
"locus1714",0,0,0,0,0.0714,0,0.0556,0.0455,0,0,0.1875,0,0,0,0,0,0,0,0.0833,0,0.05,0.1,0.0455,0.1667
"locus1715",0.25,0.0625,0.25,0.4091,0.0714,0.4167,0.4444,0.2273,0.125,0.4,0.375,0.3889,0.1875,0.375,0.0556,0.3333,0.375,0.2222,0.5,0.0556,0.25,0.35,0.2727,0.2917
"locus1716",0.0833,0,0,0.0455,0,0,0,0,0,0,0,0,0.1875,0.0417,0,0,0.0625,0,0,0.0556,0.15,0,0.1364,0
"locus1717",0.4583,0.375,0.35,0.3182,0,0.0833,0.1667,0.5,0.4375,0.15,0.5,0.0556,0.375,0.5,0.5,0.3333,0.3125,0.3333,0.3333,0.5,0.45,0.5,0.2273,0.0833
"locus1718",0,0,0,0.0455,0,0.0417,0.1667,0.0455,0.25,0,0.0625,0,0.125,0.1667,0,0.1667,0.25,0,0.1667,0.1667,0,0.15,0,0.0833
"locus1719",0.4583,0.3125,0.2,0.3636,0.2857,0.0417,0.2778,0.0909,0.0625,0,0,0.2222,0.1875,0.0833,0.4444,0.1667,0.125,0.2222,0.0833,0.3333,0.15,0.05,0.2273,0.0833
"locus1720",0,0,0.05,0,0.0714,0.2083,0.1111,0,0,0.1,0,0,0.0625,0.0833,0,0,0,0,0.0833,0,0.05,0.2,0,0.0417
"locus1721",0.2917,0.125,0.1,0.3636,0.0714,0.1667,0.1111,0,0,0.1,0.0625,0,0,0.0833,0.2222,0,0.1875,0.1667,0.0833,0.4444,0.2,0.1,0.2273,0.1667
"locus1722",0.0417,0.1875,0.1,0.1364,0,0.125,0,0.0455,0.125,0,0,0,0,0.0417,0.0556,0,0,0.1111,0,0,0,0,0,0
"locus1723",0.25,0.5,0.05,0.3636,0.1429,0.4583,0.3333,0.0455,0.375,0.2,0.25,0.3889,0.125,0.375,0.3333,0.3333,0.0625,0.1667,0.25,0.3889,0.45,0.1,0.3636,0.1667
"locus1724",0.1667,0.0625,0.05,0.0455,0.0714,0.0417,0.0556,0.0455,0,0,0,0,0.125,0,0.0556,0,0.0625,0,0,0.0556,0,0,0.2273,0.0833
"locus1725",0,0,0.05,0.2727,0,0,0.0556,0,0,0,0,0,0,0.0833,0,0,0,0.1111,0,0.3889,0,0.05,0,0
"locus1726",0,0.0625,0,0,0,0.0833,0,0.0455,0,0,0,0.1111,0,0.0833,0,0,0.25,0,0,0,0,0,0.0455,0
"locus1727",0.0417,0.5,0,0.2273,0.2143,0.375,0.2222,0.3182,0.125,0.4,0.125,0.1111,0,0.0417,0.1667,0,0.125,0.1667,0.1667,0,0.2,0,0.5,0.2917
"locus1728",0,0,0,0.0909,0,0,0.0556,0.0909,0,0,0,0,0.125,0.2083,0,0,0.1875,0,0,0,0,0,0,0
"locus1729",0,0,0.1,0,0.0714,0,0.0556,0,0,0.05,0,0,0.0625,0.0417,0,0,0.0625,0,0.0833,0,0,0,0.0909,0.0833
"locus1730",0.0417,0,0.05,0,0,0,0,0,0.125,0,0.0625,0.0556,0,0.0833,0,0.1667,0.125,0,0.0833,0,0,0,0.0455,0
"locus1731",0.0833,0.3125,0.45,0.0909,0.4286,0.375,0.3333,0.2273,0.25,0.1,0.375,0.3333,0.375,0.3333,0,0.1667,0.25,0.0556,0.5,0.1111,0.25,0.4,0,0.4167
"locus1732",0,0.125,0,0.0455,0,0,0.0556,0.1364,0,0,0.125,0,0,0,0,0,0,0,0,0,0,0.1,0,0.0417
"locus1733",0.0417,0.0625,0.15,0.0455,0.0714,0.125,0,0.0909,0,0.05,0.125,0.2778,0.0625,0,0,0,0.125,0.0556,0,0,0,0.05,0,0
"locus1734",0,0.3125,0.05,0.0909,0.0714,0.1667,0.0556,0,0.25,0.25,0,0.2222,0.0625,0,0,0,0.0625,0.0556,0,0,0.05,0,0.0455,0.0833
"locus1735",0.2917,0.1875,0.5,0.3182,0.3571,0.375,0.4444,0.4091,0.5,0.15,0.25,0.0556,0.4375,0.5,0.3889,0.5,0.1875,0.3333,0.3333,0.0556,0.2,0.4,0.3182,0.4583
"locus1736",0.0833,0.125,0.1,0.2727,0.0714,0.0417,0.0556,0.1818,0.3125,0.05,0,0.0556,0.1875,0,0.1667,0,0.0625,0,0.0833,0.0556,0,0.1,0.0455,0.1667
"locus1737",0.0417,0.0625,0,0.0909,0.1429,0.0417,0.0556,0,0,0.05,0,0.1667,0,0,0,0,0,0,0,0,0.05,0,0,0.0417
"locus1738",0,0,0,0,0,0,0,0.0455,0,0,0.0625,0.0556,0.25,0.0417,0,0.1667,0.125,0.1667,0,0.0556,0,0,0,0.0417
"locus1739",0.375,0.125,0.15,0.0909,0.2143,0.0417,0.3333,0.0455,0.0625,0,0.1875,0,0,0.0833,0.2778,0.3333,0.0625,0.0556,0.25,0.2222,0.15,0.05,0.3636,0.4167
"locus1740",0,0.0625,0,0,0.4286,0,0,0,0.0625,0,0,0,0.125,0,0,0.1667,0,0,0,0,0,0.15,0.1364,0.125
"locus1741",0.0417,0,0,0,0,0.0417,0.0556,0,0,0,0,0,0,0,0.1667,0.1667,0.0625,0.2222,0,0,0.1,0.1,0.0909,0.0417
"locus1742",0.0833,0.0625,0.05,0,0,0,0,0.1364,0,0.1,0,0,0.3125,0.1667,0.1111,0,0.25,0.1111,0.0833,0.2222,0.05,0.1,0,0
"locus1743",0,0.25,0,0,0,0.3333,0,0.0455,0,0,0,0,0,0.0833,0,0,0,0,0,0,0,0.05,0,0.0417
"locus1744",0,0,0.1,0,0,0,0.0556,0.0455,0,0,0,0,0,0.0417,0,0,0.375,0.1111,0,0,0,0.05,0,0
"locus1745",0.2917,0.5,0.4,0.3182,0.3571,0.5,0.2222,0.4545,0.3125,0.4,0.3125,0.2778,0.3125,0.5,0.1667,0.1667,0.4375,0.3333,0.25,0.3889,0.5,0.35,0.4091,0.2917
"locus1746",0,0.0625,0.1,0,0,0,0.0556,0.2727,0,0,0,0,0.25,0.0833,0.0556,0.1667,0.125,0.2222,0.1667,0,0,0.25,0.0455,0.125
"locus1747",0,0.0625,0,0,0.1429,0.125,0,0,0.125,0.05,0,0,0,0.0833,0,0.1667,0.25,0,0.3333,0,0.25,0.1,0.0455,0.0417
"locus1748",0.125,0.1875,0.05,0.3182,0.2143,0.2083,0.4444,0.0909,0,0.1,0.375,0.1667,0.125,0.25,0.1111,0,0.25,0.1111,0.4167,0.1111,0.3,0.25,0.0455,0.375
"locus1749",0.125,0.125,0.2,0.5,0.0714,0.0417,0.1111,0.3636,0.5,0.1,0.3125,0.0556,0.1875,0.125,0.3333,0.1667,0.3125,0.5,0.3333,0.2222,0.35,0.35,0.3636,0.125
"locus1750",0.125,0,0.1,0.2727,0,0.1667,0.1111,0.0909,0,0,0.0625,0,0.0625,0.0833,0.1111,0,0,0.0556,0.0833,0.0556,0.05,0.15,0.1818,0.0833
"locus1751",0,0,0,0,0.4286,0.2083,0.1111,0,0,0.2,0,0,0,0,0,0,0,0,0.0833,0,0,0,0.1364,0.375
"locus1752",0.1667,0,0,0,0,0,0,0,0,0,0.1875,0,0,0,0.1111,0.1667,0,0,0,0.2222,0.15,0,0,0
"locus1753",0,0.3125,0.05,0,0,0.0417,0.0556,0.1364,0,0.05,0.0625,0.2778,0.0625,0.1667,0,0,0.125,0.0556,0,0.0556,0.05,0.2,0,0.2083
"locus1754",0.0833,0.0625,0,0.1364,0,0,0,0.0909,0,0,0,0,0.0625,0.0417,0.0556,0,0.0625,0.0556,0,0,0,0.1,0.0455,0
"locus1755",0,0,0.05,0,0,0.0833,0.2778,0.0455,0,0.05,0.125,0.1111,0.0625,0.0417,0.1111,0,0.0625,0,0,0.2222,0,0.15,0.0455,0.2083
"locus1756",0,0,0,0,0,0.0417,0.2222,0,0,0,0.125,0,0,0,0,0,0,0,0.4167,0.0556,0,0,0,0
"locus1757",0.2083,0.375,0.5,0.3636,0.0714,0.4583,0.3889,0.5,0.25,0.1,0.1875,0.0556,0.4375,0.375,0.1111,0.5,0.5,0.2222,0.3333,0.1111,0.2,0.4,0.1818,0.25
"locus1758",0,0,0.1,0.0455,0,0.125,0,0.1364,0,0,0,0,0,0.0833,0,0.1667,0,0.0556,0,0,0,0,0.0909,0.0417
"locus1759",0,0,0,0.0455,0,0,0,0.1364,0,0.05,0,0,0,0,0,0,0,0.0556,0,0.5,0.05,0,0,0
"locus1760",0.3333,0.4375,0.45,0.4091,0.2143,0.4583,0.4444,0.4545,0.25,0.45,0.4375,0.3333,0.5,0.4167,0.2778,0.3333,0.4375,0.2778,0.4167,0.3889,0.35,0.45,0.3182,0.4167
"locus1761",0.1667,0.125,0.15,0,0.1429,0.125,0.1111,0.1364,0.3125,0.35,0.25,0.2778,0.0625,0.0417,0.0556,0,0.125,0.0556,0.0833,0.0556,0.1,0.05,0.0909,0.0417
"locus1762",0.4583,0.3125,0.45,0.2727,0.5,0.375,0.3333,0.3636,0.375,0.4,0.375,0.4444,0.3125,0.375,0.1667,0.5,0.4375,0.4444,0.4167,0.3889,0.5,0.45,0.4545,0.375
"locus1763",0.375,0.1875,0.45,0.5,0,0.0833,0.1667,0.2273,0.375,0.1,0.1875,0,0.3125,0.4583,0.4444,0.5,0.5,0.3889,0,0.3889,0.45,0.15,0.3636,0.0417
"locus1764",0.375,0.1875,0.3,0.4091,0.2857,0.4583,0.3333,0.4091,0.375,0.35,0.5,0.4444,0.3125,0.4167,0.4444,0.5,0.375,0.3889,0.1667,0.1667,0.45,0.3,0.4545,0.1667
"locus1765",0.3333,0.3125,0.4,0.5,0.0714,0.0417,0.5,0.3182,0.375,0.15,0.375,0,0.5,0.3333,0.2778,0.1667,0.25,0.4444,0.25,0.5,0.3,0.4,0.4545,0.375
"locus1766",0.25,0.375,0.3,0.0455,0.2143,0.4167,0.3889,0.4091,0.25,0.3,0.375,0.0556,0.1875,0.4167,0.3889,0.5,0.5,0.1667,0.4167,0.0556,0.25,0.45,0.3182,0.1667
"locus1767",0,0,0.05,0,0,0,0,0.0909,0,0.05,0,0.0556,0.125,0.125,0,0,0.0625,0,0,0,0.05,0.1,0.0455,0
"locus1768",0.125,0,0,0.0455,0,0,0,0.0909,0,0.05,0,0,0,0,0.1111,0,0,0.0556,0,0.0556,0,0,0.1364,0
"locus1769",0.375,0.1875,0.45,0.0909,0,0.1667,0.2222,0.3182,0.4375,0.15,0.25,0.0556,0.375,0.375,0.4444,0.3333,0.375,0.4444,0.25,0.5,0.3,0.4,0.3636,0.3333
"locus1770",0.0833,0,0.05,0.0455,0,0,0,0,0,0,0,0,0.125,0.125,0.0556,0.1667,0.0625,0,0,0,0.1,0,0,0
"locus1771",0.1667,0.5,0.4,0.2273,0.2857,0.4583,0.3333,0.2727,0.4375,0.3,0.3125,0.3333,0.3125,0.4167,0.1667,0.1667,0.4375,0.3333,0.3333,0.4444,0.2,0.5,0.3182,0.4167
"locus1772",0.1667,0,0,0,0,0.0417,0,0.0909,0.0625,0,0.0625,0,0.0625,0,0,0.1667,0.0625,0.0556,0.0833,0.1667,0,0.1,0,0
"locus1773",0,0,0.15,0,0,0,0,0.1364,0,0,0,0,0,0.0417,0,0.1667,0.0625,0.0556,0,0,0,0.1,0,0
"locus1774",0,0.125,0.15,0,0,0,0,0.2273,0,0,0,0,0,0.0417,0,0,0.0625,0.1111,0,0,0,0,0,0
"locus1775",0.0833,0,0.05,0,0,0,0,0.0455,0.125,0,0,0,0.1875,0,0,0,0.0625,0,0,0,0,0.1,0.0455,0.0417
"locus1776",0.0417,0.0625,0.05,0,0.3571,0.0833,0,0.0455,0.0625,0.25,0,0.4444,0.0625,0.0833,0,0.1667,0.0625,0.1667,0,0,0,0,0.0455,0
"locus1777",0.125,0,0.05,0,0,0,0,0.2727,0.125,0.05,0.1875,0,0.0625,0,0.1667,0.1667,0.1875,0.1667,0,0,0,0,0.0455,0
"locus1778",0.0417,0,0,0.1818,0,0.0417,0,0,0,0,0,0,0,0,0.1667,0,0,0.1111,0,0,0,0,0.0455,0
"locus1779",0,0.3125,0.1,0,0,0.3333,0,0.0909,0.125,0.05,0.0625,0.1111,0.1875,0.0833,0,0,0,0.2222,0.0833,0.1111,0,0.1,0.0909,0
"locus1780",0.0417,0.0625,0.05,0,0,0.0833,0,0.0455,0.1875,0,0.0625,0.1111,0,0.0417,0,0,0.125,0,0.0833,0,0,0.1,0,0
"locus1781",0.125,0,0.25,0.0909,0,0,0,0.2273,0,0.05,0.125,0,0.0625,0.2917,0.0556,0,0.0625,0.0556,0,0,0.05,0.15,0.1364,0.0417
"locus1782",0.0417,0.0625,0.45,0.3182,0.2857,0.1667,0.2778,0.3636,0.3125,0.25,0.4375,0.2222,0.25,0.4167,0.3889,0.3333,0.5,0.2222,0.3333,0.2222,0.5,0.3,0.2273,0.4167
"locus1783",0.125,0.125,0,0,0,0.125,0.0556,0.0455,0,0.05,0,0,0.1875,0.1667,0.1667,0.1667,0.1875,0.0556,0.0833,0.0556,0.05,0.05,0.0909,0
"locus1784",0.0833,0.3125,0.05,0.1818,0,0.0833,0.4444,0.1364,0.125,0.1,0.1875,0.2222,0.0625,0.125,0,0.1667,0.125,0.3889,0.4167,0.1111,0.15,0.15,0,0.2083
"locus1785",0.125,0,0.05,0.0909,0,0,0.0556,0.0455,0,0,0.0625,0.1111,0,0.0833,0.4444,0,0,0.1111,0,0.1667,0.15,0.15,0,0.0417
"locus1786",0,0.125,0,0.0909,0.5,0.25,0.3889,0,0.0625,0.05,0,0.1667,0.0625,0,0,0,0.0625,0.0556,0.1667,0.1111,0.05,0.05,0.1818,0.375
"locus1787",0.2083,0,0,0.4091,0,0.1667,0,0,0.0625,0.05,0,0.1111,0,0.0417,0,0,0.0625,0,0,0.2778,0.05,0.05,0,0
"locus1788",0.0833,0,0.1,0,0,0,0.1111,0,0.0625,0,0,0,0.0625,0.1667,0.0556,0,0.375,0.0556,0.0833,0,0,0.05,0.0455,0.0417
"locus1789",0.2083,0.3125,0.2,0.4545,0.4286,0.4583,0.1667,0.4091,0.25,0.45,0.5,0.2222,0.1875,0.25,0.1111,0.1667,0.375,0.2222,0.3333,0.1111,0.4,0.3,0.2727,0.125
"locus1790",0.0833,0.125,0.05,0.0455,0,0.125,0.0556,0,0.0625,0.05,0,0,0,0.0417,0,0,0,0,0,0,0,0,0.0455,0.0417
"locus1791",0.0417,0.4375,0.2,0.1818,0.0714,0.4583,0.4444,0.3182,0.125,0.3,0.4375,0.4444,0.3125,0.2917,0.3889,0.1667,0.375,0.0556,0.4167,0.3333,0.05,0.45,0.1818,0.4583
"locus1792",0,0.0625,0,0.0455,0.0714,0,0.0556,0,0.125,0.1,0,0,0.125,0,0.1667,0.1667,0.125,0,0,0.2778,0.1,0.1,0.1818,0
"locus1793",0.4583,0.25,0.15,0.2727,0,0.25,0.1667,0.3636,0.0625,0.2,0.3125,0,0.25,0.25,0.5,0.3333,0.375,0.2778,0.1667,0.2778,0.2,0.3,0.3636,0.0833
"locus1794",0.0417,0.25,0,0,0.2857,0.5,0.1667,0,0.0625,0.5,0,0.3333,0,0.2083,0,0,0.125,0,0,0,0.05,0,0.1818,0.2917
"locus1795",0,0,0.2,0.0455,0,0,0,0.2273,0,0,0.0625,0,0,0.0417,0,0,0.0625,0.0556,0,0,0,0,0.0455,0
"locus1796",0.125,0.0625,0.4,0.0909,0,0.0833,0.0556,0.2727,0.375,0,0.125,0.1111,0.25,0.2917,0.2222,0.3333,0.375,0.4444,0.1667,0.4444,0.3,0.45,0.1818,0.0417
"locus1797",0.2083,0.0625,0,0.2727,0,0,0.1111,0.1364,0,0,0.0625,0,0.0625,0,0.5,0,0.125,0.3889,0.1667,0,0,0.15,0.0455,0
"locus1798",0.0833,0.3125,0.15,0.0455,0.2143,0.375,0.1667,0.0455,0,0.45,0.1875,0.4444,0.1875,0.0833,0,0,0.0625,0,0.4167,0.0556,0.2,0,0.0455,0.25
"locus1799",0,0.0625,0.05,0,0.1429,0.2917,0.1111,0.0455,0,0.2,0,0.3889,0,0,0,0,0,0,0,0,0,0,0.0455,0.0417
"locus1800",0.125,0.125,0.15,0,0,0,0.0556,0.0909,0,0,0,0,0.125,0.0833,0.1111,0,0.0625,0.1667,0,0,0,0.05,0,0.0417
"locus1801",0.375,0.5,0.3,0.4545,0.4286,0.4167,0.4444,0.4091,0.4375,0.4,0.5,0.2222,0.5,0.4167,0.3889,0.3333,0.5,0.5,0.5,0.1111,0.4,0.5,0.4545,0.2917
"locus1802",0.375,0.125,0.2,0.0455,0,0.0417,0.1111,0.3182,0.125,0.1,0.25,0,0.1875,0.2083,0.1667,0,0.1875,0.3889,0,0.1667,0.3,0.1,0.1364,0.125
"locus1803",0,0.0625,0,0,0.3571,0,0.1667,0,0,0.05,0,0.0556,0,0,0,0,0.0625,0,0,0,0.05,0,0.0909,0.1667
"locus1804",0.0417,0.0625,0.05,0,0,0.25,0,0,0,0,0.125,0,0,0.0417,0,0.1667,0,0.0556,0,0,0,0.05,0,0.0417
"locus1805",0,0.1875,0.15,0.0455,0,0.0833,0,0,0,0.05,0,0,0.0625,0,0,0,0.25,0,0,0,0.05,0,0,0.0833
"locus1806",0,0,0.05,0,0.0714,0,0.0556,0,0.0625,0,0.125,0,0.0625,0,0.0556,0.3333,0.0625,0.0556,0,0,0,0.1,0,0.125
"locus1807",0.0833,0.0625,0.25,0.0455,0,0,0,0.2727,0,0.05,0.0625,0,0.25,0.2083,0,0.1667,0,0.2222,0.0833,0.0556,0,0.2,0,0
"locus1808",0.0833,0.0625,0.4,0.1818,0,0.0417,0.2778,0.3182,0,0.15,0.375,0,0.1875,0.3333,0,0,0.1875,0.4444,0.5,0.0556,0,0.3,0.0455,0.125
"locus1809",0,0.0625,0.05,0.1818,0,0.25,0,0.0455,0.1875,0.25,0,0.2222,0.125,0.2083,0.1111,0.1667,0.25,0.1667,0,0,0.15,0.1,0.4545,0.0417
"locus1810",0.0833,0.125,0.2,0.0455,0.0714,0.0833,0.3889,0.3636,0.1875,0.05,0.3125,0,0.0625,0.25,0.3333,0.5,0.3125,0.4444,0.25,0.1667,0.1,0.4,0.0455,0.375
"locus1811",0.2083,0.3125,0.35,0.2273,0.2857,0.2083,0.4444,0.3636,0.25,0.1,0,0.2222,0.4375,0.375,0.1667,0.1667,0.125,0.4444,0.1667,0.3889,0.1,0.5,0.1818,0.375
"locus1812",0.1667,0,0,0,0,0,0,0.0455,0.0625,0,0,0,0.0625,0.0833,0,0,0,0.1111,0,0,0.05,0,0,0
"locus1813",0,0,0,0.0455,0.1429,0.0833,0,0,0,0,0,0,0,0.125,0,0,0.0625,0,0,0,0,0,0.0455,0.0417
"locus1814",0.2917,0.4375,0.45,0.2273,0.1429,0.375,0.2222,0.3636,0.375,0.2,0.375,0,0.5,0.4167,0.3333,0.5,0.375,0.3333,0.4167,0.3333,0.35,0.45,0.4545,0.1667
"locus1815",0.125,0.0625,0,0.3182,0,0,0.0556,0.0455,0.3125,0,0.25,0.1111,0.0625,0,0,0,0.0625,0,0.25,0,0.3,0,0.0455,0.0833
"locus1816",0.1667,0,0,0.0455,0.0714,0.0417,0.0556,0,0,0.1,0.125,0.0556,0,0.0833,0.0556,0.1667,0.0625,0,0.0833,0.0556,0.05,0,0,0
"locus1817",0,0,0,0,0,0,0,0.0909,0.125,0,0,0,0,0.125,0.1111,0.1667,0.0625,0.0556,0,0.2222,0,0.05,0,0.0417
"locus1818",0.25,0.0625,0.05,0.0455,0.0714,0,0.1667,0.2273,0,0.05,0,0,0.5,0.1667,0,0,0.1875,0.3333,0,0,0.1,0,0.2727,0.25
"locus1819",0.3333,0.375,0.45,0.2727,0,0.0833,0.2778,0.3636,0.3125,0.15,0.375,0,0.5,0.4167,0.1667,0.1667,0.5,0.4444,0.4167,0.3333,0.35,0.35,0.5,0.2083
"locus1820",0.0417,0.1875,0.05,0.0909,0.0714,0.0417,0.0556,0.0455,0.0625,0,0,0,0.0625,0.125,0,0,0.0625,0.0556,0,0.1111,0.05,0.05,0,0
"locus1821",0,0.1875,0.05,0.0909,0.2857,0.2083,0.1111,0.0455,0,0.45,0,0.0556,0,0.0417,0,0,0.0625,0.1667,0,0,0,0.1,0.0455,0.0417
"locus1822",0,0,0.05,0.0909,0.2143,0,0,0,0.125,0.05,0.0625,0,0.0625,0.0833,0.1111,0,0,0.0556,0,0,0,0,0.0909,0.125
"locus1823",0,0,0,0,0,0.1667,0.0556,0.0455,0,0,0,0,0.0625,0,0,0,0.0625,0,0,0,0.05,0,0,0.0833
"locus1824",0.2083,0,0,0.0455,0,0,0.0556,0,0,0,0,0,0,0,0,0,0,0,0,0.1667,0.15,0,0.0455,0
"locus1825",0.0417,0.1875,0.15,0,0,0.0417,0,0.1364,0,0,0,0,0.125,0.25,0,0,0.25,0.2222,0,0,0,0.2,0.1364,0
"locus1826",0.3333,0,0.1,0,0,0,0.0556,0.2727,0.125,0,0,0.0556,0.1875,0.2083,0.3889,0,0.125,0.1667,0.1667,0.2778,0.25,0,0,0
"locus1827",0,0,0.05,0.0455,0,0,0.0556,0.0909,0,0,0.125,0.0556,0,0,0.0556,0,0,0,0.3333,0,0,0.05,0.0455,0
"locus1828",0.4583,0.4375,0.4,0.4545,0.3571,0.2083,0.3889,0.5,0.5,0.5,0.5,0.3889,0.3125,0.4167,0.2778,0,0.3125,0.4444,0.25,0.2222,0.45,0.3,0.4091,0.3333
"locus1829",0.125,0.4375,0.25,0.3636,0.3571,0.3333,0.4444,0.3182,0.25,0.25,0.3125,0.3333,0.4375,0.3333,0.3889,0.3333,0.1875,0.4444,0.3333,0.4444,0.2,0.4,0.2727,0.2083
"locus1830",0.4167,0.5,0.35,0.4545,0.5,0.4583,0.2222,0.4091,0.4375,0.35,0.4375,0.3333,0.5,0.375,0.2222,0.5,0.375,0.4444,0.3333,0.4444,0.45,0.45,0.3636,0.5
"locus1831",0.0833,0.125,0.35,0,0,0.1667,0.1667,0.5,0.3125,0.3,0.375,0.1111,0.3125,0.4583,0,0.3333,0.375,0.2222,0.5,0.1667,0.25,0.4,0.0909,0.2083
"locus1832",0.3333,0.4375,0.3,0.4091,0.5,0.2917,0.4444,0.5,0.4375,0.45,0.5,0.3889,0.375,0.5,0.5,0.5,0.375,0.3889,0.5,0.0556,0.25,0.4,0.2727,0.2083
"locus1833",0,0.5,0,0.2273,0.5,0.4583,0.1111,0,0,0.35,0.4375,0.1667,0,0.0417,0,0,0,0,0.0833,0,0.25,0.1,0.0455,0
"locus1834",0.2917,0.375,0.15,0.4091,0.2143,0.2083,0.3889,0.5,0.375,0.35,0.4375,0.5,0.4375,0.4167,0.4444,0.1667,0.0625,0.4444,0.5,0.3333,0.35,0.45,0.2727,0.4167
"locus1835",0.2917,0.0625,0.05,0.0909,0,0.0833,0,0.0909,0,0,0,0,0.375,0.0417,0.1667,0.1667,0.0625,0.2778,0.0833,0.0556,0.05,0,0.0455,0.0833
"locus1836",0.0833,0,0.05,0,0,0,0.1111,0.4091,0.0625,0.1,0,0,0.3125,0.1667,0,0,0.0625,0.3333,0,0.4444,0.05,0,0.1818,0.0417
"locus1837",0,0.1875,0.1,0,0.3571,0.4583,0,0.0909,0,0.3,0,0.5,0,0,0,0,0,0.1111,0,0,0,0,0.0909,0.0833
"locus1838",0.25,0,0,0.2273,0,0.0417,0,0,0,0.05,0.1875,0,0.125,0,0.5,0.5,0.125,0.0556,0,0.3889,0.3,0,0.4091,0
"locus1839",0.375,0.4375,0.35,0.4545,0.2143,0.2917,0.5,0.2727,0.5,0.4,0.5,0.2778,0.3125,0.3333,0.2222,0.5,0.4375,0.4444,0.3333,0.4444,0.35,0.45,0.4091,0.25
"locus1840",0.125,0,0,0,0.1429,0.3333,0,0.0909,0,0,0,0.0556,0,0.0833,0.0556,0,0.125,0,0,0.0556,0,0.25,0.0455,0
"locus1841",0.1667,0.1875,0.05,0,0.1429,0.1667,0,0,0.125,0,0.0625,0.0556,0.25,0.0417,0,0,0,0.1111,0.0833,0.1667,0.1,0.1,0.0909,0.1667
"locus1842",0,0.0625,0,0,0,0.0833,0.1667,0,0.3125,0,0.0625,0,0.0625,0,0,0,0,0,0.4167,0,0.05,0,0.0455,0.0833
"locus1843",0,0.125,0.15,0,0,0,0,0.0909,0,0,0.0625,0,0,0.0417,0,0,0.0625,0,0,0.0556,0,0.05,0,0
"locus1844",0.2083,0.125,0.1,0.0909,0.0714,0.125,0.0556,0.2273,0.375,0.05,0,0,0.0625,0.0833,0.1111,0,0.125,0.1667,0,0,0,0.15,0.0909,0.0833
"locus1845",0,0,0,0,0,0.0833,0,0.0909,0,0.15,0,0.1111,0.125,0,0.0556,0,0,0.0556,0,0,0,0,0.0455,0
"locus1846",0,0.0625,0.15,0.0455,0,0,0,0.0455,0,0.1,0,0,0.0625,0.125,0,0,0.0625,0.1111,0.0833,0,0,0,0,0.0417
"locus1847",0.25,0.0625,0.2,0.1364,0.1429,0.0417,0.1111,0.5,0.25,0.15,0.125,0,0.3125,0.125,0.1667,0.3333,0,0.3333,0,0.2222,0.35,0.15,0.4545,0.2083
"locus1848",0.0417,0,0,0.3636,0.3571,0.0833,0.2222,0,0,0.05,0,0,0.0625,0.125,0.0556,0,0.1875,0,0.0833,0.1111,0.25,0.05,0.4091,0.4583
"locus1849",0.2083,0,0,0,0,0,0,0,0,0,0,0,0.0625,0.0417,0.1667,0,0,0,0,0.0556,0,0,0.0455,0
"locus1850",0.2917,0.1875,0.5,0.1818,0,0.125,0.4444,0.4545,0.25,0.05,0.25,0,0.3125,0.4167,0.1667,0.1667,0.5,0.3333,0.1667,0.3333,0.4,0.45,0.4091,0.3333
"locus1851",0,0.0625,0,0,0,0,0,0,0,0,0,0,0,0,0.0556,0,0,0,0,0,0.1,0,0.2727,0
"locus1852",0.2917,0.4375,0.35,0.3636,0.3571,0.5,0.3889,0.4545,0.4375,0.35,0.3125,0.2222,0.4375,0.4583,0.3889,0.3333,0.5,0.3889,0.5,0.3333,0.45,0.5,0.4545,0.2917
"locus1853",0.4583,0.0625,0.2,0.1818,0,0,0.0556,0.3636,0.375,0.05,0.125,0.0556,0.375,0.125,0.4444,0.1667,0.4375,0.4444,0.0833,0.2778,0.3,0.2,0.2727,0.0833
"locus1854",0,0.0625,0.1,0,0.5,0.4167,0.3889,0.1364,0,0.2,0.3125,0.2778,0,0,0,0,0.1875,0,0.3333,0,0,0.05,0.0909,0.4583
"locus1855",0,0.0625,0,0,0.2143,0.0417,0.1667,0.0455,0,0,0,0.1111,0,0,0,0.1667,0,0,0.1667,0.0556,0,0,0,0.0417
"locus1856",0.125,0,0,0.0909,0.0714,0.1667,0.1667,0.1364,0.0625,0.1,0.0625,0,0.125,0.125,0.0556,0,0.25,0.0556,0.1667,0.2778,0.05,0,0.0455,0.125
"locus1857",0.125,0,0.05,0,0,0,0,0.1818,0.0625,0.05,0.125,0,0.125,0.0833,0.2222,0.1667,0.0625,0.1667,0,0.2222,0,0,0.0909,0
"locus1858",0.1667,0.125,0.05,0.2273,0.2143,0.0833,0.2778,0.0455,0,0.1,0.0625,0.0556,0.125,0.0417,0.1667,0.1667,0.1875,0,0.4167,0,0,0.1,0.0909,0.125
"locus1859",0.1667,0,0.05,0.0455,0.0714,0,0,0,0,0,0,0.1111,0,0.0417,0,0,0,0,0,0,0.05,0,0,0
"locus1860",0,0.125,0.05,0,0.0714,0.0833,0,0,0,0,0,0.1667,0,0.0417,0,0.3333,0,0,0,0,0,0.05,0.0455,0
"locus1861",0.0417,0.375,0,0.1818,0.0714,0.3333,0.1111,0.0909,0,0.3,0.5,0.3333,0.0625,0.1667,0,0.1667,0,0.1111,0.4167,0,0.45,0.2,0.0455,0.375
"locus1862",0.0417,0.125,0,0,0.1429,0.0833,0,0.0455,0,0.1,0,0.1111,0,0,0,0,0,0,0,0,0,0.25,0,0
"locus1863",0,0,0.1,0,0,0,0,0.0909,0,0,0,0,0.0625,0.0833,0,0,0,0.2778,0,0,0,0,0,0
"locus1864",0.0417,0,0.15,0,0,0,0,0,0,0,0,0,0,0.2917,0,0,0.0625,0,0.0833,0,0,0.15,0.0455,0
"locus1865",0.0417,0.125,0,0.1818,0,0.0417,0,0.0455,0.1875,0.05,0,0,0.3125,0,0.0556,0,0.0625,0,0,0,0.2,0,0,0
"locus1866",0.125,0.5,0.1,0.3636,0.2143,0.2917,0.0556,0.0909,0.3125,0.45,0.125,0.3333,0.0625,0.1667,0.1667,0.1667,0.0625,0.1111,0.0833,0.2222,0.3,0.15,0.1818,0.3333
"locus1867",0.0833,0,0.05,0,0,0.0833,0.0556,0.0455,0,0,0.0625,0,0.0625,0.125,0.0556,0.1667,0.0625,0.2222,0.0833,0,0,0.1,0.0909,0.25
"locus1868",0.1667,0.125,0.1,0.0455,0.1429,0.0833,0.0556,0.2273,0.1875,0.15,0.25,0.1111,0.125,0,0.0556,0.1667,0.0625,0.1111,0.0833,0.1111,0.1,0,0.0455,0.1667
"locus1869",0.0417,0,0,0,0,0,0.0556,0.0909,0,0,0,0,0.0625,0.0833,0,0.1667,0.0625,0,0.1667,0,0,0.1,0,0.0417
"locus1870",0.4167,0.4375,0.3,0.4545,0.4286,0.3333,0.1111,0.2727,0.4375,0.45,0.0625,0.4444,0.5,0.4583,0.3889,0.3333,0.375,0.4444,0.4167,0.3333,0.5,0.35,0.5,0.0833
"locus1871",0,0,0.1,0,0,0,0.1111,0.2273,0.125,0,0,0,0.0625,0.2083,0.0556,0,0.25,0.0556,0.0833,0,0.05,0,0.0455,0
"locus1872",0,0,0,0,0.1429,0.0417,0.1667,0,0.0625,0,0,0,0,0.0417,0,0,0.0625,0,0.0833,0,0,0,0.1364,0
"locus1873",0.2083,0.1875,0.05,0.1818,0.0714,0.125,0.2222,0.0909,0.125,0.15,0.0625,0.0556,0.125,0,0,0,0,0.0556,0,0.0556,0.25,0.05,0.0909,0
"locus1874",0,0.0625,0,0.0455,0.0714,0.25,0.0556,0,0,0.4,0,0,0,0,0,0,0,0,0,0,0,0,0.0455,0.0833
"locus1875",0.4583,0.1875,0.35,0.4545,0.0714,0.0417,0.1111,0.3636,0.3125,0.15,0.5,0,0.375,0.25,0.4444,0.3333,0.25,0.2778,0.1667,0.4444,0.2,0.4,0.4091,0.1667
"locus1876",0.0833,0.3125,0.5,0.2727,0.3571,0.125,0.2222,0.2273,0.125,0.3,0.1875,0.4444,0.25,0.25,0.2222,0.1667,0.1875,0.0556,0.5,0.4444,0.1,0.15,0.3182,0.25
"locus1877",0,0.0625,0,0,0,0.1667,0,0,0,0,0.125,0,0,0,0,0,0.0625,0.1667,0,0,0,0.15,0,0
"locus1878",0,0,0,0,0.3571,0,0,0,0,0,0,0,0,0,0,0,0,0,0,0,0,0,0.1364,0.2917
"locus1879",0.4167,0.0625,0,0.0909,0,0,0.1111,0,0,0.05,0,0,0,0.0833,0.2778,0,0.125,0.2222,0,0.3889,0.3,0,0.1364,0.125
"locus1880",0.2083,0,0,0.1364,0.0714,0,0.0556,0.0455,0,0.05,0,0,0,0.125,0,0,0.1875,0.0556,0.25,0.0556,0.05,0,0.2273,0
"locus1881",0.0417,0,0,0.0455,0,0,0,0.0455,0,0,0.125,0,0,0.125,0.1111,0.1667,0.0625,0,0,0.2778,0,0,0.0455,0
"locus1882",0.1667,0,0.1,0.0455,0,0.0417,0.3333,0.1818,0,0.1,0.375,0,0.3125,0,0.1667,0.3333,0,0.0556,0.0833,0.3889,0,0.05,0.0455,0.4583
"locus1883",0,0,0,0.0455,0.0714,0,0.1667,0,0,0.05,0.0625,0,0.0625,0,0.1111,0.1667,0.0625,0,0,0,0.05,0.05,0,0.0833
"locus1884",0.2083,0,0,0.0909,0,0,0,0.0909,0.125,0,0,0.0556,0,0,0.3333,0,0.125,0.1111,0,0.2778,0.1,0,0,0
"locus1885",0.0833,0.0625,0.05,0.0455,0,0.0417,0.1111,0.0909,0.125,0.05,0.0625,0.1111,0,0.1667,0.0556,0.1667,0.25,0.0556,0,0,0.15,0,0.1364,0.0833
"locus1886",0.0833,0.125,0.05,0.0455,0,0.0833,0,0.0455,0.125,0,0.125,0,0.125,0.0833,0,0,0,0.1111,0,0.1111,0.05,0.1,0.0455,0
"locus1887",0.0833,0.125,0.1,0.0455,0,0.125,0.1111,0.0455,0.3125,0.25,0.125,0,0.1875,0.0833,0.1667,0.1667,0.25,0.2778,0,0.0556,0,0.3,0,0.0417
"locus1888",0,0,0.1,0,0,0,0,0.0455,0.0625,0,0,0,0,0.0833,0,0,0,0.1667,0,0,0.05,0.15,0,0
"locus1889",0,0.1875,0.2,0.0455,0,0.0833,0,0.2273,0.0625,0.05,0,0,0.1875,0.125,0.1111,0.5,0.0625,0.0556,0,0.0556,0.05,0,0,0
"locus1890",0.0833,0.375,0.2,0.4545,0.5,0.4167,0.3889,0.2273,0.4375,0.3,0.25,0.5,0.25,0.1667,0.3333,0,0.125,0,0.1667,0.0556,0.15,0.2,0.1818,0.2083
"locus1891",0,0.125,0.05,0,0,0.0833,0.0556,0.0455,0,0,0.0625,0,0.0625,0.125,0,0,0,0,0.25,0.3889,0.05,0,0.0455,0.1667
"locus1892",0,0.0625,0.1,0.0455,0.2143,0,0.1667,0,0.0625,0.2,0,0.0556,0.125,0,0.1667,0,0.0625,0,0.0833,0.0556,0.05,0.05,0,0.0833
"locus1893",0,0,0.05,0.1364,0,0,0,0.0455,0,0,0.0625,0.1667,0.0625,0.1667,0,0,0.125,0.0556,0.1667,0.1111,0.2,0,0.0455,0
"locus1894",0.2083,0,0.15,0.1364,0,0,0.0556,0.0909,0,0.1,0,0,0.1875,0.125,0,0,0.125,0.1111,0,0.1111,0.05,0.05,0,0.0417
"locus1895",0,0,0,0,0,0,0,0,0.0625,0.05,0,0,0.0625,0.2917,0,0,0,0,0.0833,0,0,0.05,0,0.0417
"locus1896",0.1667,0,0,0.1364,0,0,0,0.1818,0,0,0,0,0.125,0.0417,0.1111,0.1667,0.0625,0,0,0,0,0,0,0
"locus1897",0.0833,0.0625,0.15,0.1818,0.0714,0,0.0556,0.1364,0,0.05,0,0.0556,0,0.1667,0.1111,0.1667,0.125,0,0.0833,0.1667,0.05,0.2,0.1364,0
"locus1898",0,0,0.25,0.0455,0,0,0.1111,0.0909,0,0.05,0,0,0,0.1667,0,0,0.125,0,0,0,0,0.05,0,0
"locus1899",0.0833,0,0.05,0,0.1429,0.0833,0.0556,0.0455,0,0,0.1875,0,0.125,0.0833,0,0,0.125,0,0,0.1111,0.05,0.05,0.0455,0
"locus1900",0.0833,0,0,0,0,0.0833,0.2778,0,0.0625,0,0.125,0,0,0.0417,0.1111,0,0,0,0.0833,0,0,0.05,0.0909,0.0833
"locus1901",0,0.0625,0.25,0,0,0,0.0556,0.0909,0,0.1,0.125,0,0.125,0.2083,0.0556,0.1667,0.0625,0,0.0833,0.0556,0.05,0.15,0,0.0833
"locus1902",0.0417,0,0.05,0.0909,0,0.0417,0,0,0.0625,0.15,0.0625,0.2222,0,0.0833,0.0556,0,0,0,0,0.2222,0.05,0.05,0.0455,0
"locus1903",0.3333,0,0.15,0.0455,0,0,0,0.1364,0,0.05,0.0625,0,0,0.1667,0.1667,0,0.125,0.2222,0,0.2222,0.2,0.2,0.3636,0
"locus1904",0.0833,0.125,0.05,0,0.0714,0,0.1667,0.0909,0.0625,0.05,0.0625,0.0556,0,0,0,0,0,0.0556,0.0833,0,0.1,0,0.0455,0.0417
"locus1905",0.0417,0,0.1,0.1364,0,0,0,0.0455,0,0,0,0,0,0,0.2222,0,0,0,0,0,0.05,0,0.0455,0
"locus1906",0,0.0625,0.05,0,0,0,0,0,0,0.1,0.0625,0.1667,0.125,0.0417,0,0.1667,0,0,0,0,0,0,0.0455,0
"locus1907",0.0417,0.125,0,0,0,0.2083,0,0,0,0,0,0,0,0.0417,0,0,0,0,0.0833,0,0,0,0,0
"locus1908",0,0,0,0.0909,0,0.2083,0,0,0,0.15,0,0,0,0,0,0,0,0,0,0,0,0.05,0,0
"locus1909",0.2917,0.0625,0.15,0.5,0.0714,0.0833,0.1667,0.3182,0.4375,0.05,0.125,0,0.25,0.125,0.3333,0,0.25,0.5,0,0.2222,0.45,0.35,0.0909,0.0833
"locus1910",0.0417,0.1875,0,0.0909,0.2143,0.0833,0.0556,0,0.125,0.05,0,0.1111,0.0625,0,0,0,0,0.0556,0,0.0556,0,0,0.0909,0.0417
"locus1911",0.25,0.0625,0.1,0.0455,0.1429,0,0.2222,0.1818,0.1875,0,0.1875,0,0.25,0.1667,0.1111,0.1667,0.1875,0.2778,0.1667,0.2778,0.2,0.15,0.0909,0.0833
"locus1912",0.0417,0,0.05,0,0,0.125,0.1667,0.0455,0,0.05,0,0,0,0.0417,0,0,0,0.0556,0,0,0.05,0,0,0.0417
"locus1913",0,0,0,0,0,0,0.2778,0.1364,0,0,0.125,0,0.0625,0.0417,0,0.5,0,0,0.0833,0.0556,0,0.05,0,0.0833
"locus1914",0.0833,0.25,0.25,0.3636,0.5,0.375,0.5,0.0909,0.3125,0.15,0.4375,0.0556,0.1875,0.375,0.1111,0,0.1875,0.0556,0.4167,0.1111,0.45,0.4,0.1364,0.5
"locus1915",0.2083,0.375,0.4,0.4091,0.2857,0.3333,0.5,0.1364,0.1875,0.35,0.5,0.3889,0.25,0.3333,0,0.3333,0.375,0.1111,0.4167,0.3333,0.2,0.5,0.5,0.4583
"locus1916",0.5,0.3125,0.45,0.0909,0.3571,0.4167,0.2778,0.4545,0.5,0.35,0.4375,0.3889,0.3125,0.5,0.3889,0.3333,0.4375,0.3889,0.4167,0.3889,0.1,0.5,0.5,0.25
"locus1917",0.2083,0,0.05,0,0,0,0.0556,0,0.125,0,0.0625,0,0,0,0.0556,0.1667,0,0.0556,0,0.1667,0.15,0,0.0455,0
"locus1918",0.0417,0,0,0.1818,0.1429,0.0417,0.2778,0,0.0625,0.1,0.1875,0,0,0.25,0.2222,0,0,0.0556,0.1667,0.3333,0.1,0.1,0.0455,0.0417
"locus1919",0,0,0.05,0.0909,0.3571,0.0833,0,0,0.125,0,0,0,0,0.0417,0,0,0,0,0.0833,0.0556,0.05,0,0.0455,0.0833
"locus1920",0.0417,0.25,0,0.0455,0,0.25,0.1667,0.0909,0,0,0.0625,0.0556,0,0.0833,0,0,0,0.1111,0,0.0556,0.05,0.05,0.0455,0
"locus1921",0.0417,0,0.2,0,0,0,0,0.1364,0.0625,0,0,0,0.0625,0,0,0,0.125,0.2222,0,0,0,0.1,0.0909,0
"locus1922",0.25,0.125,0,0.1364,0,0,0,0,0,0.05,0,0.0556,0.0625,0.0417,0.1111,0,0,0,0,0,0.05,0.05,0,0
"locus1923",0,0,0.05,0,0,0.1667,0.0556,0.0455,0,0,0,0.0556,0,0.0417,0,0,0.125,0,0,0,0,0,0.0455,0.0417
"locus1924",0.3333,0.125,0.45,0.2727,0,0.125,0.1111,0.2727,0.4375,0.15,0.25,0,0.4375,0.2917,0.4444,0.1667,0.375,0.3889,0.0833,0.2778,0.2,0.3,0.1818,0.25
"locus1925",0.5,0.375,0.5,0.5,0.0714,0,0.2222,0.4545,0.5,0.15,0.375,0.4444,0.3125,0.5,0.2778,0.1667,0.5,0.2778,0.0833,0.5,0.4,0.4,0.4545,0.125
"locus1926",0,0,0,0,0,0,0.1111,0,0.0625,0.05,0.25,0,0,0.1667,0,0,0,0,0.1667,0,0,0,0,0.0417
"locus1927",0.3333,0.4375,0.15,0.2273,0.5,0.2917,0.5,0.4545,0.375,0.2,0.25,0.4444,0.375,0.2917,0.4444,0.5,0.1875,0.1111,0.3333,0.4444,0.2,0.5,0.3636,0.4167
"locus1928",0,0,0,0,0,0,0,0.0455,0,0,0,0,0,0,0.0556,0.1667,0.1875,0,0,0.0556,0.1,0.05,0.3182,0
"locus1929",0.0833,0,0,0.1364,0.2143,0,0.1667,0,0,0,0,0.1111,0,0,0.0556,0,0,0.0556,0,0,0.05,0,0.0455,0.0417
"locus1930",0,0,0,0.0455,0.2143,0,0.2222,0,0,0,0.0625,0,0,0,0,0,0.0625,0,0,0.5,0,0,0,0.2917
"locus1931",0.0417,0,0.05,0.0909,0,0,0,0.0455,0,0,0.0625,0,0.125,0.1667,0.0556,0,0.1875,0.0556,0.1667,0.1111,0,0.1,0.1364,0.0833
"locus1932",0.2083,0.5,0.5,0.1818,0.2857,0.25,0.1667,0.5,0.25,0.4,0.375,0.2778,0.4375,0.3333,0.4444,0.3333,0.5,0.4444,0.3333,0.5,0.45,0.45,0.3182,0.4583
"locus1933",0.25,0.4375,0.4,0.1364,0,0.0833,0.4444,0.4545,0.0625,0.05,0.1875,0,0.5,0.4583,0.1111,0.3333,0.375,0.2778,0.4167,0.1667,0.5,0.5,0.2273,0.1667
"locus1934",0.0417,0,0,0,0,0.0417,0,0.0455,0,0.1,0,0.0556,0.25,0.0833,0,0,0,0.1667,0,0.0556,0,0.05,0,0
"locus1935",0,0.1875,0.1,0.1364,0.4286,0.125,0.2222,0,0,0,0,0,0,0.125,0,0,0.125,0,0.0833,0,0.1,0.1,0.0909,0.375
"locus1936",0.0417,0.125,0,0,0.0714,0.0833,0,0,0.0625,0,0.0625,0.0556,0,0,0,0,0.125,0,0.0833,0,0,0.1,0,0.0417
"locus1937",0.0417,0,0,0.1364,0,0,0,0,0.0625,0,0.0625,0,0,0,0,0,0,0.0556,0.0833,0.1111,0.15,0,0.1364,0
"locus1938",0,0,0.05,0,0,0,0,0.0909,0,0,0,0,0,0.0833,0.0556,0,0,0.0556,0,0,0.05,0.15,0,0
"locus1939",0.2083,0.125,0.05,0.0909,0,0.1667,0.1111,0.2273,0.125,0.15,0.0625,0,0.1875,0.25,0,0.1667,0.125,0.2222,0.1667,0.0556,0.15,0.25,0,0.2917
"locus1940",0.25,0.25,0.1,0,0.2143,0.5,0.1667,0.0909,0.1875,0.2,0.25,0.3889,0.125,0.0417,0.1667,0,0.125,0.1111,0.3333,0.1111,0.15,0.25,0.3182,0.0833
"locus1941",0,0.25,0.35,0.0455,0.2857,0.4167,0.3889,0.3182,0.125,0.5,0.25,0.4444,0.4375,0.3333,0,0.5,0.5,0.1667,0.3333,0.2222,0.1,0.4,0.2273,0.25
"locus1942",0.0833,0,0.05,0,0.1429,0.0833,0,0,0,0.05,0,0.2778,0.0625,0.2083,0,0,0.0625,0.0556,0.0833,0,0.05,0.1,0.0455,0
"locus1943",0.125,0,0.05,0,0.0714,0.0417,0.1111,0.1818,0,0.15,0.125,0,0.125,0.0833,0,0,0,0.4444,0.0833,0.1111,0,0.2,0.0455,0.125
"locus1944",0,0.0625,0,0,0.5,0.0417,0.3333,0,0,0,0.0625,0,0.0625,0,0,0,0,0,0.3333,0.0556,0,0,0.2273,0.2083
"locus1945",0,0.1875,0,0,0,0.0417,0,0,0,0.4,0,0.5,0,0.0417,0,0,0,0,0,0,0,0,0,0.0833
"locus1946",0.4583,0.375,0.4,0.3636,0.3571,0.4583,0.3889,0.3182,0.3125,0.45,0.5,0.1111,0.5,0.375,0.5,0.3333,0.375,0.3333,0.5,0.3889,0.4,0.35,0.3636,0.4583
"locus1947",0.0417,0,0,0.0909,0,0,0.0556,0,0,0,0.0625,0,0,0.0417,0.0556,0.3333,0,0,0,0.2222,0.25,0,0,0
"locus1948",0,0.0625,0,0,0,0.125,0.1111,0,0.0625,0,0,0.1111,0.0625,0.0417,0,0,0.0625,0,0.0833,0,0,0,0.0455,0.2083
"locus1949",0,0.125,0.05,0,0,0,0,0,0.0625,0,0,0.1111,0.0625,0,0,0,0.0625,0,0.0833,0.0556,0,0.3,0,0.0417
"locus1950",0.125,0.1875,0,0,0,0.0417,0,0.1818,0.1875,0.05,0,0,0.0625,0.0417,0.0556,0,0.0625,0,0.0833,0.2222,0.3,0.1,0.0909,0.0417
"locus1951",0,0.0625,0.05,0,0,0,0.0556,0,0,0.2,0,0.1111,0,0.0417,0.0556,0,0.0625,0,0,0,0.05,0,0,0.0417
"locus1952",0,0,0,0,0,0.25,0,0,0,0.25,0,0.2778,0.0625,0,0,0,0,0,0.1667,0,0,0.05,0.2727,0.0417
"locus1953",0.125,0.1875,0.05,0.0455,0,0.125,0.0556,0.0455,0.1875,0.05,0.0625,0,0.0625,0.125,0,0,0.3125,0.1667,0.0833,0,0,0.2,0,0.0417
"locus1954",0.375,0.1875,0.3,0.2727,0.2857,0.25,0.3889,0.4545,0.125,0,0.25,0.3333,0.3125,0.375,0.3889,0.5,0.375,0.3889,0.25,0.3333,0.5,0.15,0.2727,0.0417
"locus1955",0,0,0,0,0.0714,0,0.4444,0,0,0,0,0,0,0.0417,0,0,0.0625,0,0.0833,0,0,0,0,0.375
"locus1956",0.0417,0,0,0,0,0,0.0556,0,0,0,0,0,0,0.0417,0,0.1667,0,0.0556,0,0.2778,0.1,0,0,0
"locus1957",0.25,0.1875,0.15,0.2273,0.2857,0.1667,0.0556,0.2727,0.0625,0.15,0.125,0.0556,0.0625,0.2083,0.2222,0,0.25,0.1111,0.0833,0.4444,0.2,0.35,0.1364,0.1667
"locus1958",0.0417,0.0625,0.1,0.1364,0,0.125,0.1111,0.0455,0.0625,0,0.125,0.0556,0,0.0833,0,0.1667,0.1875,0.0556,0.1667,0.2778,0,0.05,0.2727,0.125
"locus1959",0.0417,0.0625,0.1,0,0,0,0.1111,0.2727,0,0,0.0625,0.1667,0.0625,0,0,0.1667,0.1875,0,0,0,0.05,0.15,0,0
"locus1960",0.125,0.3125,0.2,0.2727,0.5,0.375,0.5,0.3636,0.4375,0.45,0.25,0.3889,0.4375,0.25,0.2778,0.3333,0.25,0.4444,0.3333,0.2778,0.45,0.25,0.1818,0.4167
"locus1961",0.375,0.5,0.5,0.4091,0.2857,0.375,0.5,0.4091,0.4375,0.35,0.4375,0.4444,0.1875,0.4583,0.3333,0.5,0.375,0.3889,0.4167,0.3889,0.45,0.4,0.4545,0.375
"locus1962",0,0.0625,0.15,0,0.1429,0,0.1111,0.0455,0,0.05,0,0.0556,0.0625,0.0417,0.1667,0,0,0,0,0,0,0,0,0
"locus1963",0.0833,0.125,0,0.0909,0,0.0833,0,0.0455,0.0625,0.05,0,0,0.125,0,0.3333,0,0.0625,0.2222,0,0.4444,0,0.1,0,0
"locus1964",0,0,0,0.1364,0,0,0,0.0455,0,0,0,0,0,0,0.1667,0,0,0.2222,0,0,0.15,0,0,0
"locus1965",0.4167,0.5,0.2,0.3182,0.0714,0.125,0.1111,0.2727,0.4375,0.15,0.375,0.2222,0.5,0.2917,0.3889,0,0.4375,0.3889,0.25,0.2222,0.25,0.2,0.4091,0.25
"locus1966",0,0.125,0,0,0.0714,0.0417,0,0.0455,0.1875,0,0,0,0,0,0,0,0,0,0,0,0,0.1,0.0455,0.0417
"locus1967",0.0417,0,0,0.1364,0,0,0.0556,0,0.125,0,0,0,0,0,0.1111,0.1667,0,0,0,0,0.2,0.05,0.0455,0.0833
"locus1968",0.0833,0.1875,0,0.1364,0,0,0.0556,0.1364,0.25,0.05,0.0625,0.0556,0.0625,0.0417,0.1667,0,0.125,0.1667,0.3333,0.2222,0.2,0.15,0.1364,0.1667
"locus1969",0,0.125,0,0,0.0714,0,0,0.0455,0.0625,0.5,0,0.2778,0,0,0,0,0,0,0,0,0,0,0,0
"locus1970",0.0833,0,0.05,0.5,0,0,0,0.0909,0,0.05,0.0625,0,0.0625,0,0,0,0.125,0,0,0.0556,0.3,0.1,0.2727,0.0417
"locus1971",0.375,0.375,0.15,0.3636,0.3571,0.4583,0.2778,0.2273,0.5,0.45,0.3125,0.3333,0.375,0.3333,0.2778,0.1667,0.375,0.2778,0.3333,0.3889,0.25,0.3,0.3182,0.2917
"locus1972",0,0,0,0.0455,0,0,0.1667,0,0,0,0.1875,0,0,0.0417,0,0,0,0,0.5,0,0,0.05,0,0.0417
"locus1973",0.375,0.375,0.4,0.4545,0.4286,0.4167,0.2778,0.2273,0.4375,0.2,0.3125,0.2222,0.4375,0.3333,0.1667,0.5,0.375,0.3333,0.1667,0.5,0.25,0.45,0.3636,0.25
"locus1974",0.1667,0,0,0.0909,0,0.1667,0.0556,0.2273,0.0625,0.35,0.0625,0.3333,0.125,0.125,0.3889,0.1667,0.1875,0,0.1667,0.3889,0.15,0.05,0.0455,0.0833
"locus1975",0.0833,0,0,0,0,0.0417,0,0.0455,0,0,0,0,0,0,0,0,0.0625,0.2778,0,0,0.05,0,0.0455,0
"locus1976",0.5,0.375,0.5,0.1818,0.2143,0.3333,0.2222,0.4091,0.5,0.1,0.4375,0.4444,0.5,0.375,0.2222,0.1667,0.3125,0.4444,0.5,0.2778,0.3,0.3,0.3182,0.1667
"locus1977",0.0833,0.0625,0,0.0455,0.4286,0.375,0.2222,0,0.0625,0.3,0.0625,0.5,0,0.125,0.2222,0.1667,0.0625,0,0.3333,0.0556,0,0,0.0909,0.25
"locus1978",0.1667,0,0,0,0,0,0,0.1364,0.0625,0,0,0,0,0.0833,0.1667,0,0,0.1667,0.0833,0.2778,0,0.25,0.1364,0
"locus1979",0,0.1875,0.05,0,0,0.1667,0.1111,0.0455,0.0625,0,0.0625,0.2222,0.125,0,0,0,0.0625,0.0556,0,0,0,0.1,0,0
"locus1980",0.0833,0,0.15,0,0,0.0417,0,0.0455,0,0,0,0,0,0.2083,0,0.1667,0.1875,0,0,0,0,0.05,0.0455,0
"locus1981",0.0417,0.3125,0.5,0.0455,0.4286,0.25,0.2778,0.3636,0.1875,0.45,0.1875,0,0.3125,0.2917,0.1667,0.1667,0.375,0.2222,0.25,0,0.15,0.3,0.2273,0.2917
"locus1982",0.0833,0,0,0.3182,0,0.0417,0.0556,0.0455,0.1875,0,0,0,0,0.0417,0,0,0,0,0.0833,0.0556,0.05,0,0.1364,0
"locus1983",0.1667,0,0.1,0.1364,0.0714,0.0833,0.2222,0.0909,0.125,0.2,0.125,0.0556,0.3125,0,0.1667,0,0,0,0,0.1667,0.2,0.05,0.1364,0.0417
"locus1984",0,0,0,0,0.1429,0.1667,0.0556,0,0.0625,0,0,0.1667,0.125,0,0,0,0.0625,0,0,0,0.1,0.05,0.0909,0.2083
"locus1985",0.375,0.1875,0.45,0.5,0.1429,0.3333,0.5,0.4091,0.3125,0.3,0.3125,0.4444,0.3125,0.4167,0.3889,0.3333,0.25,0.5,0.3333,0.0556,0.2,0.4,0.4545,0.4583
"locus1986",0,0,0.1,0,0,0,0.1111,0,0,0,0,0,0.3125,0.25,0,0,0.25,0,0,0,0,0,0,0
"locus1987",0.0417,0.0625,0,0.0909,0,0,0,0,0.0625,0,0,0,0,0,0.1111,0.1667,0,0,0,0.1111,0.1,0,0,0.0833
"locus1988",0.0833,0.375,0.45,0.0455,0.2143,0.375,0.3889,0.1818,0.1875,0.35,0.1875,0.4444,0.125,0.375,0,0,0.1875,0,0.5,0.0556,0,0.25,0.0455,0.3333
"locus1989",0.2917,0.0625,0.05,0.2273,0.4286,0.4167,0.2778,0.1818,0.0625,0.3,0.4375,0.5,0.125,0.0833,0.1667,0,0.0625,0.0556,0.0833,0.3889,0.15,0.2,0.1364,0.3333
"locus1990",0.125,0.5,0,0.3182,0.3571,0.3333,0.3889,0.4091,0.1875,0.45,0.3125,0.5,0.1875,0.1667,0.4444,0.3333,0.125,0,0.25,0.3889,0.25,0.15,0.3182,0.25
"locus1991",0.1667,0.4375,0.45,0.2727,0.4286,0.25,0.3333,0.3182,0.3125,0.1,0.1875,0.1111,0.125,0.5,0.3889,0,0.4375,0.4444,0.3333,0.3333,0.2,0.4,0.4091,0.375
"locus1992",0.1667,0.0625,0.3,0.0455,0.1429,0.0417,0.2778,0.4091,0.0625,0.05,0.375,0.0556,0.375,0.1667,0.0556,0,0.375,0.2222,0.1667,0.1667,0.1,0.15,0.2727,0.3333
"locus1993",0,0.1875,0,0.0455,0.0714,0.0833,0,0,0.125,0.05,0.0625,0,0.0625,0.1667,0,0,0,0,0,0,0.05,0,0.0455,0
"locus1994",0.2083,0,0.05,0,0,0,0.0556,0.0455,0.1875,0.05,0,0,0.0625,0,0.1667,0.1667,0.0625,0.1111,0,0,0.05,0.15,0.0909,0
"locus1995",0.0417,0,0.1,0.1364,0.0714,0,0.1667,0.0455,0.0625,0,0.125,0,0,0,0.1667,0,0,0,0,0.2778,0.1,0.15,0.2273,0
"locus1996",0.1667,0,0,0.1818,0,0,0,0,0,0,0.25,0,0.0625,0.0833,0,0,0,0.1111,0,0,0.05,0,0.0909,0
"locus1997",0.3333,0.375,0.1,0.0455,0,0.0417,0,0,0,0.1,0.1875,0.0556,0.125,0.0417,0.1667,0,0,0,0.3333,0.4444,0.05,0,0.2727,0.0417
"locus1998",0.125,0,0,0.0455,0,0,0,0,0,0,0,0,0.125,0,0,0,0.0625,0.0556,0,0.0556,0,0.1,0,0
"locus1999",0.4583,0.4375,0.45,0.2273,0.3571,0.5,0.3333,0.4545,0.5,0.35,0.4375,0.2778,0.5,0.375,0.4444,0.3333,0.4375,0.4444,0.4167,0.2778,0.35,0.4,0.2273,0.2917
"locus2000",0,0.125,0.45,0.3636,0,0,0.1667,0.4091,0,0,0,0,0.125,0.3333,0.1667,0.3333,0.25,0.2778,0.25,0.0556,0.05,0.45,0,0.0417
"locus2001",0,0.4375,0.25,0.5,0.2857,0.375,0.2222,0.3182,0.25,0.45,0.1875,0.1667,0.125,0.25,0.2222,0.1667,0.1875,0.4444,0.25,0,0.15,0.3,0.3636,0.3333
"locus2002",0,0.0625,0.05,0,0.0714,0.2083,0,0.0455,0.125,0,0,0.2778,0.1875,0.0417,0.0556,0,0,0,0,0,0,0.05,0.0455,0
"locus2003",0,0.0625,0.2,0,0,0,0,0.0909,0,0,0,0,0.0625,0.0833,0,0,0.0625,0,0,0.2778,0,0.05,0,0.0833
"locus2004",0,0.125,0.1,0.1364,0,0,0.0556,0.1818,0,0,0,0,0,0.2083,0.2222,0.1667,0.0625,0.0556,0,0,0.15,0.15,0.1364,0
"locus2005",0.2917,0.125,0.1,0.3636,0.2143,0.25,0.0556,0.0909,0.4375,0.15,0.4375,0.0556,0.25,0.25,0.3889,0.1667,0.25,0.0556,0.25,0,0.45,0.4,0.2273,0.2917
"locus2006",0,0.125,0.15,0.1364,0,0,0.1111,0.0909,0,0.1,0,0,0.1875,0.0833,0,0.1667,0.125,0.0556,0,0,0.05,0,0.0455,0
"locus2007",0.25,0,0,0,0.2143,0.4167,0,0.0455,0,0.5,0.125,0.3889,0,0.0833,0.2778,0,0,0.0556,0.0833,0.3889,0.15,0.05,0,0.2083
"locus2008",0.2917,0.1875,0.3,0.4091,0,0.125,0.2222,0.2727,0.5,0.15,0.375,0.0556,0.375,0.4167,0.2778,0.1667,0.25,0.2778,0.3333,0.3889,0.35,0.25,0.3636,0.2083
"locus2009",0.0833,0,0.05,0,0,0.0417,0,0,0.3125,0.05,0,0.0556,0,0,0,0,0,0,0,0,0,0,0,0
"locus2010",0,0.0625,0,0,0.1429,0.0417,0.0556,0,0,0.05,0.125,0.1111,0,0.0417,0,0,0,0,0.25,0,0,0,0,0.125
"locus2011",0,0,0.1,0.0909,0.0714,0,0.0556,0.0455,0,0,0.0625,0,0.0625,0,0.0556,0,0.0625,0,0.0833,0.0556,0,0.25,0.0455,0
"locus2012",0,0,0.05,0.1364,0,0,0.1111,0,0.0625,0.15,0,0.1667,0,0.0833,0.1667,0,0,0.1111,0,0,0.05,0,0.0455,0.0417
"locus2013",0.0833,0.0625,0.15,0,0.2143,0.2917,0.1111,0.0909,0.0625,0.2,0,0.2222,0,0.125,0.0556,0,0,0,0,0,0,0,0.1364,0.125
"locus2014",0.2083,0.25,0.1,0.5,0.2857,0.0833,0.3333,0.3636,0.1875,0.05,0.125,0,0.1875,0.25,0.1667,0.1667,0.25,0.1667,0.0833,0.0556,0.45,0.3,0.3182,0.1667
"locus2015",0.25,0.375,0.45,0.2727,0.4286,0.25,0.3333,0.5,0.4375,0.1,0.5,0.0556,0.4375,0.5,0.2778,0.5,0.4375,0.2778,0.1667,0.4444,0.45,0.35,0.3182,0.4583
"locus2016",0,0.0625,0,0,0,0,0,0,0.125,0,0,0,0,0,0,0,0.0625,0,0.0833,0.0556,0,0,0.0455,0.125
"locus2017",0.0833,0,0.05,0.2273,0,0.0417,0,0.0909,0,0.15,0.125,0,0,0.0833,0.3333,0,0.0625,0.0556,0.0833,0,0.15,0.15,0.2727,0.125
"locus2018",0.0833,0,0.05,0,0.2143,0.0417,0.1111,0.0909,0,0,0.125,0,0.0625,0.1667,0,0.1667,0.125,0,0.0833,0,0,0.1,0.0909,0.3333
"locus2019",0.1667,0.125,0.05,0.0909,0.4286,0.0417,0.1111,0,0.1875,0,0.375,0,0.0625,0.125,0.0556,0,0.1875,0.1111,0.3333,0.1111,0.2,0.05,0.2727,0.2917
"locus2020",0,0.125,0.05,0,0,0.0417,0.0556,0.0455,0.125,0,0.0625,0.0556,0,0,0,0,0,0,0,0.1667,0.05,0,0.0909,0
"locus2021",0.3333,0.125,0.2,0,0.2857,0.3333,0.1111,0,0.125,0.1,0.25,0.3889,0.25,0.2083,0.2222,0,0.3125,0,0.25,0,0.05,0.1,0.0909,0.25
"locus2022",0.375,0.375,0.35,0.3636,0.2857,0.3333,0.5,0.3636,0.5,0.3,0.3125,0.3333,0.375,0.4167,0.4444,0.5,0.3125,0.5,0.5,0.3889,0.35,0.45,0.2727,0.2917
"locus2023",0.375,0.125,0,0.4545,0.5,0.2083,0.3889,0.0455,0.375,0.4,0.375,0.3889,0.1875,0.3333,0.4444,0,0.4375,0.1111,0.25,0.2222,0.3,0.4,0.3636,0.4167
"locus2024",0.0417,0.125,0.25,0.0909,0.2857,0.2917,0.1667,0.2273,0.125,0,0.125,0.1111,0.25,0.2917,0,0.1667,0.3125,0.1111,0.3333,0.0556,0.05,0.35,0,0.3333
"locus2025",0,0,0.15,0.0455,0,0,0,0.1818,0,0,0,0,0.25,0.1667,0,0,0.3125,0,0,0,0,0,0,0
"locus2026",0.25,0.125,0.3,0.2273,0,0.125,0.2222,0.3182,0.4375,0.1,0.1875,0.1111,0.25,0.375,0.4444,0.1667,0.4375,0.2778,0,0.0556,0.25,0.3,0.1364,0.0417
"locus2027",0.2917,0.0625,0.05,0.0455,0.0714,0.0417,0.0556,0.0455,0.1875,0.05,0.0625,0,0,0.0833,0.4444,0.3333,0.125,0.3889,0.1667,0.2778,0.1,0.05,0.3182,0.0417
"locus2028",0.25,0,0,0.5,0,0,0,0.0455,0,0,0.0625,0.0556,0.0625,0,0.3333,0.3333,0,0.3333,0.0833,0.1667,0.3,0,0.1364,0
"locus2029",0.0417,0.0625,0.1,0.0909,0,0.0417,0.1111,0.3182,0,0,0.125,0,0,0.125,0.2222,0,0.0625,0.3333,0.0833,0,0.05,0.15,0.3182,0
"locus2030",0,0,0.05,0.0455,0.0714,0,0,0.2273,0.0625,0,0.0625,0,0.0625,0.0833,0,0.1667,0.0625,0.2222,0,0,0,0.05,0,0
"locus2031",0.1667,0.0625,0.05,0.0909,0,0.125,0,0,0.125,0.35,0,0.2222,0.0625,0,0.3333,0,0,0,0,0,0.2,0.15,0.0455,0
"locus2032",0,0,0,0.0455,0,0.0417,0,0.0455,0,0,0.125,0,0.0625,0.0417,0,0,0.25,0,0,0,0.05,0.2,0.0455,0
"locus2033",0.4583,0.3125,0.4,0.2273,0.0714,0.1667,0.4444,0.4545,0.3125,0.05,0.4375,0.1111,0.1875,0.2917,0.2222,0.1667,0.4375,0.2222,0.1667,0.4444,0.35,0.3,0.5,0.125
"locus2034",0,0,0,0,0,0,0,0,0,0.1,0.125,0.2778,0,0.1667,0,0,0.0625,0,0,0,0,0.05,0,0
"locus2035",0.0833,0,0.15,0.1364,0,0,0,0,0,0.05,0,0,0.0625,0.0833,0,0.3333,0.0625,0.1111,0,0,0.05,0.15,0,0.0417
"locus2036",0.125,0,0.15,0.1364,0.0714,0.2083,0,0,0,0.05,0.1875,0,0,0.2083,0,0,0.125,0,0.0833,0.0556,0.05,0.05,0.0455,0.0417
"locus2037",0.0833,0.3125,0.1,0.0455,0,0.0417,0,0.0455,0,0.05,0,0,0.375,0.125,0.0556,0,0.25,0.1111,0,0,0,0,0.0455,0.0417
"locus2038",0.4583,0.4375,0.45,0.5,0.2143,0.2917,0.4444,0.3636,0.375,0.25,0.5,0.2222,0.375,0.375,0.5,0.3333,0.375,0.5,0.4167,0.3333,0.5,0.45,0.4091,0.375
"locus2039",0.0417,0.125,0,0,0.3571,0.125,0.0556,0,0,0.3,0.125,0.1667,0,0.125,0.0556,0,0,0,0,0.2222,0.1,0,0.0909,0.1667
"locus2040",0.4583,0,0,0.4545,0,0.2917,0,0.0909,0.375,0.35,0.125,0.2778,0.3125,0.1667,0.2778,0.3333,0,0.2778,0,0.4444,0.45,0.1,0.3636,0.0417
"locus2041",0.0417,0,0.05,0.0455,0.1429,0,0,0.0909,0,0,0,0,0,0,0,0.1667,0.125,0,0,0.2222,0,0,0.0909,0.0833
"locus2042",0,0.3125,0.15,0.4091,0.2143,0.375,0.4444,0.2273,0.5,0.4,0.25,0.5,0.4375,0.3333,0.0556,0.1667,0.25,0.0556,0.4167,0.1667,0.15,0.45,0.0455,0.2917
"locus2043",0.2083,0,0.05,0,0,0,0,0.0455,0,0,0.0625,0,0.0625,0.125,0,0,0.125,0,0,0.4444,0,0.25,0,0
"locus2044",0.125,0,0,0,0,0,0.0556,0,0,0,0,0,0,0.0417,0.2222,0.1667,0,0,0,0,0.05,0,0.1364,0
"locus2045",0,0.375,0,0,0.0714,0.375,0,0,0.0625,0.3,0,0.3333,0,0.0417,0.0556,0,0,0,0,0.0556,0,0,0.1364,0
"locus2046",0.0417,0,0.05,0.3182,0,0,0,0.0455,0,0.05,0,0,0.0625,0,0.0556,0,0.0625,0,0,0,0,0.15,0.0909,0
"locus2047",0.125,0.25,0.5,0.0909,0.2857,0,0.3333,0.4545,0.1875,0,0.25,0,0.1875,0.5,0,0,0.375,0.3333,0.4167,0,0.05,0.4,0.1818,0.4167
"locus2048",0,0,0,0,0.2857,0,0.1667,0,0,0,0.25,0,0,0.0417,0,0,0,0,0.0833,0,0,0,0,0.1667
"locus2049",0.125,0.25,0.4,0.0909,0,0.0417,0.2778,0.3182,0.0625,0.05,0.125,0,0,0.4167,0.0556,0.5,0.3125,0.1667,0.3333,0,0.1,0.35,0.1818,0.1667
"locus2050",0.4583,0.25,0.45,0.4545,0.4286,0.3333,0.3333,0.4545,0.5,0.05,0.3125,0.0556,0.5,0.3333,0.4444,0.5,0.4375,0.3333,0.25,0.5,0.35,0.45,0.4545,0.25
"locus2051",0.1667,0.0625,0,0.0455,0.0714,0.0417,0.0556,0.0455,0,0,0,0,0,0.0417,0.0556,0,0,0,0,0,0.1,0,0.3182,0.0417
"locus2052",0,0,0,0.0909,0,0,0.3889,0,0,0,0,0,0,0,0,0.1667,0,0,0,0.0556,0.05,0,0,0.0833
"locus2053",0.2083,0,0,0.5,0,0,0,0,0.0625,0,0.0625,0,0,0,0.1667,0,0,0,0,0.3333,0.25,0.05,0.1818,0
"locus2054",0.125,0,0.25,0.1364,0.2143,0.0417,0.3333,0.0455,0,0.05,0,0,0.0625,0.0417,0,0,0.3125,0.0556,0.1667,0,0,0,0.0455,0.4583
"locus2055",0.0833,0,0.05,0,0,0.0833,0,0,0,0.2,0,0.2222,0,0.0833,0,0.1667,0.125,0,0.0833,0,0.05,0,0.2273,0
"locus2056",0.2083,0.125,0.3,0.0909,0.0714,0.2083,0.2222,0.1818,0.1875,0.1,0.0625,0,0.1875,0.2917,0,0.1667,0.125,0.1667,0.1667,0.2778,0.25,0.2,0.1364,0.25
"locus2057",0.25,0.1875,0.25,0.4545,0.4286,0.2083,0.3333,0.1364,0.25,0.05,0.4375,0.1111,0.125,0.375,0.1111,0.5,0.25,0.1111,0.3333,0.2222,0.1,0.4,0.2727,0.375
"locus2058",0.0833,0,0,0,0.1429,0.125,0.2222,0,0,0.05,0,0.1111,0,0,0.2222,0.3333,0,0,0,0.0556,0,0,0.0909,0
"locus2059",0.0417,0.125,0.05,0.0455,0.3571,0,0.0556,0.1364,0.375,0.15,0,0.0556,0.125,0.125,0,0,0.125,0,0,0,0,0.05,0.0455,0
"locus2060",0.0833,0.125,0.1,0,0,0,0,0.0455,0,0.05,0,0,0,0.125,0.0556,0,0.1875,0,0,0,0,0.1,0.0455,0
"locus2061",0,0.0625,0.05,0,0.0714,0.0417,0.1111,0.0909,0,0.1,0,0.2778,0,0,0,0,0.0625,0,0,0,0,0,0.0455,0.0417
"locus2062",0.0833,0,0,0,0,0,0,0,0.1875,0,0,0,0,0,0,0.1667,0,0,0,0.4444,0.25,0,0.2727,0.125
"locus2063",0.3333,0.25,0.05,0.0909,0,0.0417,0,0.1818,0.125,0.05,0.0625,0,0.125,0.0833,0.2222,0.3333,0.0625,0.1111,0,0,0.2,0.15,0.0909,0.0417
"locus2064",0,0.1875,0,0,0,0.0417,0,0,0,0.1,0.0625,0.1111,0,0.0417,0.0556,0,0,0,0,0.0556,0,0.05,0,0
"locus2065",0,0,0.2,0,0.1429,0.125,0,0.0455,0,0,0,0,0.125,0,0,0,0,0,0,0,0.05,0,0.0455,0.0417
"locus2066",0.0417,0,0,0,0.1429,0.0833,0,0,0,0.4,0,0.3889,0.125,0.0417,0,0,0,0,0,0,0,0,0,0
"locus2067",0,0,0,0.0455,0,0.0833,0,0,0,0,0,0,0.1875,0,0,0,0,0,0.1667,0,0.25,0,0.0455,0.0417
"locus2068",0.1667,0.375,0.25,0.1364,0.2857,0.2083,0.2222,0.2273,0.5,0.4,0.25,0.1667,0.375,0.3333,0.3333,0.3333,0.4375,0.2222,0.0833,0.1667,0.25,0.2,0.3182,0.4167
"locus2069",0.0833,0.1875,0,0.0455,0,0.0417,0,0.0455,0,0,0,0,0,0.0417,0.0556,0,0,0,0,0.0556,0,0.1,0.1364,0
"locus2070",0.125,0.25,0.05,0.1364,0.0714,0.25,0.0556,0.2727,0.3125,0.15,0.125,0.3333,0.1875,0.0833,0.1667,0.1667,0.0625,0.2222,0.0833,0.1111,0.25,0.35,0.2273,0.1667
"locus2071",0.1667,0.0625,0.45,0.0455,0.2143,0.0417,0.0556,0.1818,0.3125,0.1,0.25,0.0556,0.5,0.1667,0.1667,0.1667,0.1875,0.2778,0.25,0.0556,0.05,0.2,0.4545,0.4583
"locus2072",0,0,0,0,0.3571,0.5,0,0,0.0625,0.3,0,0.2778,0.0625,0.0417,0,0,0.0625,0,0,0,0,0,0.0455,0.1667
"locus2073",0.125,0,0.05,0.0909,0,0.0417,0.1111,0.1818,0,0.15,0.0625,0.0556,0.3125,0.125,0.1111,0.1667,0.25,0.0556,0.0833,0.2222,0.15,0.15,0.0909,0.0417
"locus2074",0.1667,0.0625,0,0.0455,0,0.0833,0.1111,0.0909,0.125,0.05,0.1875,0.1111,0.125,0.1667,0.0556,0,0.0625,0.1667,0.1667,0.0556,0.05,0.15,0.0455,0.0833
"locus2075",0.0417,0,0.05,0.0455,0,0,0,0.1818,0.25,0,0,0,0,0.0833,0.0556,0,0.0625,0.4444,0,0.1111,0.15,0.05,0.0909,0
"locus2076",0.125,0.0625,0.2,0,0,0.0833,0,0.0455,0.125,0.45,0.125,0.1111,0.1875,0.0417,0.2222,0,0.0625,0.1667,0.25,0.0556,0,0.3,0.0909,0
"locus2077",0,0.1875,0.2,0.1818,0.2143,0.0833,0.1111,0.1364,0.0625,0,0.3125,0,0.1875,0.0833,0.1111,0.3333,0.1875,0.0556,0.0833,0.1111,0.3,0.15,0.3636,0.25
"locus2078",0,0.0625,0,0.0909,0,0,0.1111,0,0.1875,0,0.125,0,0,0.0833,0.0556,0.1667,0,0,0,0,0.1,0.1,0,0.0833
"locus2079",0.125,0,0,0.0909,0.0714,0.0417,0,0,0.0625,0.2,0,0.1111,0.0625,0.0833,0,0,0.0625,0,0,0,0.1,0.05,0,0.0417
"locus2080",0,0.125,0.1,0.0455,0,0,0,0,0.0625,0,0,0,0.5,0,0.0556,0,0,0.1111,0,0.4444,0,0,0,0
"locus2081",0,0.0625,0,0.0909,0,0,0,0.0909,0,0.05,0.0625,0.3333,0.125,0.0833,0.0556,0,0,0.3333,0,0.1111,0.05,0.15,0,0
"locus2082",0.375,0,0,0.0455,0,0.0833,0.1667,0,0,0,0.0625,0,0.0625,0,0.3333,0.3333,0,0.4444,0,0.2778,0.2,0.2,0.2727,0.2083
"locus2083",0.0417,0,0,0,0,0,0,0,0,0.05,0,0,0.0625,0.0417,0.1667,0,0.0625,0,0,0,0.2,0,0,0
"locus2084",0.1667,0,0.05,0,0,0,0.0556,0.0909,0,0.05,0,0,0,0.125,0,0,0.0625,0.1667,0,0.3333,0.05,0.2,0.1364,0.0417
"locus2085",0.1667,0,0.05,0.3182,0,0,0,0.0909,0,0,0,0,0,0,0,0,0,0.0556,0,0.3333,0.1,0,0.0455,0
"locus2086",0,0.0625,0.2,0,0,0.125,0,0.0909,0,0.2,0,0.0556,0,0.125,0,0.1667,0.1875,0.0556,0.0833,0,0.05,0,0.0455,0
"locus2087",0,0.4375,0,0,0.3571,0.3333,0.3333,0.0455,0,0.35,0.0625,0.2778,0,0.0417,0.1111,0,0.0625,0.1111,0.4167,0.0556,0.1,0.1,0.2273,0.3333
"locus2088",0.0833,0.0625,0,0.0455,0,0,0.1111,0,0.25,0,0.0625,0.0556,0.0625,0,0,0,0,0.0556,0.0833,0.0556,0,0,0.0455,0.0417
"locus2089",0.2917,0,0.3,0,0.0714,0.125,0.0556,0.3182,0,0.1,0,0,0.3125,0.2917,0,0,0.375,0.1667,0.0833,0,0.05,0.1,0.0909,0
"locus2090",0.25,0.375,0.45,0.3182,0.2857,0.3333,0.3889,0.4545,0.375,0.1,0.25,0.1667,0.25,0.5,0.1667,0.5,0.4375,0.5,0.5,0.2222,0.1,0.5,0.2727,0.4583
"locus2091",0.1667,0,0.3,0.0909,0.3571,0.1667,0.4444,0,0,0.05,0.375,0,0.0625,0.2083,0.2222,0,0.25,0,0.25,0.2222,0.15,0.05,0.1818,0.5
"locus2092",0.125,0,0.05,0.0455,0,0,0,0,0,0,0,0,0,0,0.0556,0,0,0.0556,0,0.1667,0,0.15,0.0909,0
"locus2093",0,0.1875,0.2,0.1364,0.2143,0.2917,0.4444,0,0.1875,0.25,0.3125,0.1111,0.1875,0.25,0,0,0.125,0,0.3333,0,0,0.3,0.0455,0.4167
"locus2094",0.125,0,0.05,0.0909,0,0.1667,0.0556,0,0.0625,0.1,0,0,0,0.125,0.1111,0,0,0,0.0833,0.0556,0,0,0,0.0833
"locus2095",0.4583,0.4375,0.45,0.5,0.4286,0.4583,0.3889,0.4091,0.4375,0.35,0.4375,0.4444,0.5,0.4167,0.3889,0.3333,0.5,0.4444,0.4167,0.3333,0.5,0.35,0.4091,0.4167
"locus2096",0,0,0.05,0,0.0714,0.0417,0.1667,0.0455,0,0,0.125,0,0,0,0,0,0,0.0556,0,0.0556,0.05,0.05,0.0455,0.1667
"locus2097",0.0417,0.0625,0.1,0,0,0,0.0556,0.0455,0.125,0,0.0625,0,0.125,0.0833,0.1667,0.3333,0.125,0.2222,0.1667,0.0556,0.05,0.05,0,0
"locus2098",0,0,0.1,0,0,0.2083,0.0556,0,0.0625,0,0,0,0.0625,0,0,0,0.0625,0,0.0833,0.0556,0.05,0,0,0
"locus2099",0,0,0.1,0,0,0.0417,0,0,0,0.1,0,0.3889,0,0,0,0,0,0,0,0,0.05,0,0,0.0833
"locus2100",0.375,0.0625,0.35,0.2727,0.0714,0.1667,0.4444,0.4091,0,0.15,0.4375,0.0556,0.375,0.4583,0.2222,0.3333,0.4375,0.3889,0.5,0.2778,0.2,0.45,0.4545,0.3333
"locus2101",0.4167,0.5,0.5,0.4091,0.4286,0.4583,0.3333,0.5,0.375,0.45,0.3125,0.4444,0.375,0.5,0.4444,0.1667,0.5,0.4444,0.25,0.2778,0.45,0.4,0.4091,0.375
"locus2102",0.0833,0.0625,0,0.0455,0.1429,0.0417,0.0556,0.0455,0.3125,0,0,0,0.1875,0.0833,0.0556,0,0.0625,0.2222,0,0,0,0.1,0,0.0833
"locus2103",0.25,0,0.15,0.3636,0,0,0,0.0909,0,0.05,0,0,0.0625,0.125,0.2222,0,0.125,0.0556,0,0.0556,0,0.15,0,0
"locus2104",0.0833,0.0625,0,0.0455,0.0714,0,0.0556,0,0.25,0,0.125,0,0.0625,0.0417,0.2778,0,0.0625,0.0556,0.0833,0,0.05,0.25,0.1818,0
"locus2105",0.2917,0,0,0,0,0,0,0,0,0,0.1875,0,0,0,0,0.1667,0,0,0,0.0556,0,0,0,0
"locus2106",0.125,0.3125,0,0.0909,0.2143,0.375,0.0556,0.2273,0.25,0.3,0,0.1111,0.25,0.125,0.0556,0.1667,0.1875,0.1111,0.25,0.1111,0,0.15,0.3182,0.125
"locus2107",0.1667,0,0.1,0.0455,0,0.1667,0.0556,0.1364,0,0.25,0.125,0.1111,0.0625,0.1667,0.1111,0,0.0625,0,0,0,0.05,0.1,0,0.0417
"locus2108",0.2083,0.125,0.25,0.0455,0.4286,0.4583,0.1111,0.2727,0.25,0.25,0.4375,0.3333,0.3125,0.2083,0.2222,0.1667,0.3125,0.1667,0.3333,0.2222,0.25,0.25,0.5,0.375
"locus2109",0.1667,0.4375,0.1,0.3182,0.3571,0.4167,0.3333,0.1818,0.125,0.25,0.375,0.2222,0.125,0.25,0.0556,0.3333,0.3125,0.0556,0.4167,0.3889,0.25,0.45,0.3182,0.5
"locus2110",0,0.1875,0.15,0.0455,0.1429,0.125,0.2778,0.0909,0.125,0.05,0.125,0,0,0.0833,0.0556,0.3333,0,0.1111,0.1667,0.1111,0.05,0.1,0.0455,0.4583
"locus2111",0.375,0.125,0.05,0.3182,0,0.1667,0,0.0455,0,0,0.0625,0,0.0625,0.0833,0.3333,0.3333,0,0.1667,0,0,0.2,0.05,0.0455,0.0833
"locus2112",0,0,0,0.2273,0,0,0,0,0,0,0,0,0.0625,0.0417,0,0,0,0,0,0.2222,0.05,0,0.0455,0
"locus2113",0,0,0,0,0.0714,0.0417,0.0556,0,0,0,0,0,0,0.125,0,0,0,0,0.0833,0.0556,0,0,0,0.125
"locus2114",0,0,0,0.0455,0,0,0.0556,0,0,0.35,0.0625,0.0556,0.0625,0,0,0,0,0.1111,0,0,0,0.3,0.0455,0.0417
"locus2115",0.0417,0.125,0.05,0,0.2857,0.125,0.5,0.2727,0.125,0,0,0,0,0.0833,0,0,0.0625,0,0.3333,0.0556,0.1,0.35,0.1364,0.5
"locus2116",0,0,0,0,0.1429,0.0833,0.1111,0,0,0,0,0,0,0,0,0,0.0625,0.0556,0,0,0,0,0,0.2083
"locus2117",0,0,0,0.0455,0.3571,0.3333,0.1111,0,0,0.05,0,0.3889,0.0625,0.0417,0,0,0,0,0,0,0.05,0,0.2727,0.375
"locus2118",0,0,0,0.0455,0.2143,0,0,0,0,0,0,0,0,0,0,0,0,0,0,0,0,0,0,0.2917
"locus2119",0,0.375,0.15,0.0455,0.4286,0.5,0.1667,0,0.0625,0.45,0,0.1667,0.125,0.0417,0,0,0,0.0556,0.3333,0,0.05,0.05,0.0455,0.2917
"locus2120",0.0417,0,0,0.0455,0,0.0833,0,0.1364,0.0625,0.05,0,0.0556,0.0625,0.0833,0,0,0.125,0.0556,0.4167,0,0,0,0,0.0417
"locus2121",0.4583,0.0625,0.15,0.0909,0.1429,0,0.2222,0.1364,0,0,0.25,0.1111,0.1875,0.0417,0.2778,0,0.125,0.1111,0,0.2222,0.4,0,0.1818,0.2083
"locus2122",0,0,0,0.0455,0,0.0833,0.0556,0,0,0.15,0,0,0,0.0417,0,0,0,0,0,0.0556,0,0,0,0.1667
"locus2123",0.0417,0.125,0.3,0.0455,0,0.0833,0.0556,0,0,0.05,0,0.2778,0.1875,0.1667,0,0,0.4375,0,0.1667,0.0556,0,0.05,0,0
"locus2124",0,0.0625,0.1,0,0,0,0,0.1818,0,0.05,0,0,0.125,0,0.0556,0,0,0,0,0,0,0,0,0
"locus2125",0,0,0.05,0.0455,0,0.0417,0,0,0,0,0,0,0.1875,0,0,0,0,0.0556,0.0833,0,0,0.05,0.2727,0
"locus2126",0,0.3125,0.35,0,0.2857,0.25,0.1667,0.2273,0.125,0.3,0.25,0.2778,0.3125,0.1667,0,0,0.125,0,0.25,0,0,0.15,0,0.125
"locus2127",0.0417,0,0,0,0,0.0417,0.1667,0.0455,0,0.35,0.0625,0.5,0,0.0417,0.1111,0,0,0,0,0,0,0,0,0
"locus2128",0.1667,0,0,0.0455,0,0,0,0,0,0,0.0625,0,0,0.0417,0.1111,0,0.125,0,0,0,0,0,0,0
"locus2129",0,0,0,0.0909,0,0,0.0556,0.0909,0,0,0,0,0,0,0,0,0.125,0.1111,0.0833,0,0,0,0.0455,0.0833
"locus2130",0.1667,0.1875,0.15,0.0455,0,0,0.0556,0.1818,0.5,0.15,0.0625,0,0.1875,0.125,0.1111,0,0.1875,0.2778,0,0.0556,0.2,0.4,0,0
"locus2131",0.0833,0,0.1,0,0,0,0,0.0455,0,0,0,0,0.3125,0.0833,0,0,0,0.1111,0,0.2778,0,0,0,0.0417
"locus2132",0.1667,0,0.1,0.0455,0.0714,0,0.0556,0.1818,0.125,0,0.1875,0.1667,0.0625,0,0.2222,0.3333,0.1875,0.1667,0,0.3333,0.15,0.25,0,0.0417
"locus2133",0,0.0625,0.05,0,0,0,0,0.0455,0,0,0,0,0,0,0,0,0.0625,0,0,0.3889,0,0,0,0.1667
"locus2134",0,0.125,0,0,0,0.0417,0.0556,0,0,0.05,0.125,0,0.0625,0.1667,0,0,0.0625,0,0.0833,0,0,0,0,0
"locus2135",0.25,0,0.15,0.3182,0.0714,0.0833,0,0.4091,0,0.05,0.0625,0,0.1875,0.125,0.0556,0,0.0625,0.1667,0,0,0.35,0.05,0.0455,0
"locus2136",0.0417,0,0.15,0.1818,0,0,0,0.0909,0,0,0,0,0.1875,0,0,0,0.125,0.0556,0,0,0,0,0.0455,0
"locus2137",0.0417,0.0625,0.25,0,0,0,0,0.1818,0,0.1,0.25,0,0.0625,0.0833,0,0,0.25,0,0.0833,0,0,0.1,0,0
"locus2138",0.0833,0.125,0.05,0.0909,0,0.1667,0.0556,0,0.0625,0.1,0.0625,0,0.3125,0.0833,0.0556,0,0.25,0,0.1667,0,0,0.4,0.0455,0.1667
"locus2139",0.0417,0,0.1,0.0909,0,0.2083,0.1667,0.0909,0,0,0.0625,0,0.0625,0,0.2222,0,0,0.0556,0.0833,0,0,0.1,0.0909,0
"locus2140",0.0833,0,0.1,0.0909,0,0,0,0.0455,0,0,0,0,0.125,0,0.0556,0,0.0625,0,0,0,0.1,0.05,0,0.0417
"locus2141",0.0417,0,0,0.2727,0,0,0,0,0,0.05,0,0,0,0,0,0,0.125,0,0,0,0.3,0,0,0
"locus2142",0,0.125,0,0,0.2143,0.0417,0,0,0.0625,0.05,0,0.2222,0,0,0,0,0,0,0,0,0,0,0,0.0833
"locus2143",0,0,0,0,0,0,0,0,0,0,0,0,0,0,0,0,0,0,0,0.4444,0.2,0,0,0
"locus2144",0,0,0.05,0.0455,0,0.125,0,0,0,0.05,0.0625,0.1111,0,0,0,0,0,0,0.0833,0,0,0,0,0.0833
"locus2145",0.125,0,0.05,0,0.0714,0,0.0556,0.0455,0,0.15,0.0625,0.0556,0.0625,0.0417,0,0,0.125,0.1667,0.25,0,0.05,0.15,0.0909,0.25
"locus2146",0.25,0,0.2,0,0,0.0833,0,0.1364,0,0,0.0625,0,0.125,0.0417,0.1111,0,0.0625,0.1667,0,0,0.1,0.35,0.1364,0.0833
"locus2147",0.0833,0,0.2,0.0455,0.1429,0.0833,0,0.1818,0,0,0.0625,0.0556,0,0.1667,0.2222,0.3333,0,0.0556,0,0,0,0.2,0.0455,0.0417
"locus2148",0.2083,0,0.4,0.0909,0,0.1667,0.0556,0.2727,0.4375,0.05,0.1875,0,0.375,0.125,0.1667,0.5,0.1875,0.3333,0.0833,0,0.05,0.15,0.0909,0
"locus2149",0.5,0.5,0.4,0.4545,0.2857,0.375,0.1667,0.4545,0.3125,0.2,0.5,0.1667,0.5,0.375,0.3889,0.3333,0.4375,0.4444,0.5,0.3333,0.45,0.5,0.4091,0.25
"locus2150",0.125,0,0.05,0,0.0714,0.0417,0,0.1364,0,0,0.0625,0,0.1875,0.0417,0.0556,0.1667,0.0625,0.0556,0,0,0.25,0.05,0.0455,0
"locus2151",0,0.0625,0,0,0,0,0.0556,0.0455,0.0625,0,0.0625,0,0.125,0.0833,0,0.1667,0.0625,0.0556,0.0833,0,0,0.3,0,0
"locus2152",0.0417,0.0625,0,0,0.5,0.1667,0.1667,0,0,0.05,0,0.0556,0,0.0833,0,0,0,0,0.1667,0,0,0,0.1364,0.3333
"locus2153",0.125,0,0,0.1818,0,0,0.0556,0,0,0,0.1875,0,0,0.1667,0,0.1667,0,0.1111,0.0833,0.0556,0.1,0.05,0.0455,0.0417
"locus2154",0,0.25,0,0,0,0.125,0,0,0,0,0.0625,0,0,0,0,0,0,0,0,0,0,0.15,0,0.0417
"locus2155",0,0,0,0,0.1429,0.0833,0,0,0,0.2,0,0,0,0.0417,0.0556,0,0,0,0.0833,0,0.1,0,0,0
"locus2156",0,0.0625,0,0,0,0.125,0,0.0455,0,0,0,0,0,0,0,0,0.0625,0,0.0833,0,0,0,0.1364,0.0417
"locus2157",0.0417,0.3125,0.35,0.2273,0.1429,0.4583,0.2778,0.2727,0.125,0.3,0.4375,0.2778,0.1875,0.2917,0.1667,0,0.375,0.3889,0.0833,0.0556,0.15,0.45,0.1364,0.125
"locus2158",0,0,0,0.0455,0,0,0,0.1364,0,0.1,0,0,0.0625,0.125,0,0,0.1875,0.0556,0,0,0,0,0,0
"locus2159",0.0833,0,0,0,0,0,0,0,0,0,0,0,0,0.0417,0,0,0.0625,0.2222,0,0.4444,0,0.1,0,0
"locus2160",0.4583,0.3125,0.25,0.2727,0.4286,0.3333,0.4444,0.3636,0.375,0.3,0.4375,0.3333,0.4375,0.4583,0.4444,0.5,0.4375,0.4444,0.4167,0.3333,0.3,0.3,0.5,0.375
"locus2161",0.4583,0.1875,0.4,0.4545,0.2143,0.125,0.1667,0.2727,0.375,0.3,0.5,0.2222,0.3125,0.4583,0.3333,0.5,0.375,0.1667,0.25,0.3889,0.45,0.45,0.3182,0.0417
"locus2162",0.4167,0,0.2,0.0909,0,0,0,0.3182,0.0625,0,0.25,0,0.1875,0.0833,0.2778,0.3333,0.0625,0.5,0,0.4444,0.1,0.05,0.0455,0
"locus2163",0,0,0,0.0909,0,0.0417,0,0,0.0625,0,0,0,0,0,0,0,0,0,0,0,0.25,0.05,0.1364,0
"locus2164",0.4167,0.0625,0.2,0.1364,0,0,0.0556,0.2727,0,0,0,0,0.125,0.0833,0.4444,0,0.1875,0.2222,0,0.3889,0.15,0.15,0.2273,0.0833
"locus2165",0.125,0.25,0.2,0.0455,0.4286,0.5,0.2222,0.3182,0.4375,0.45,0.1875,0.5,0.3125,0.3333,0.2222,0.1667,0.1875,0.2778,0.4167,0.1667,0.1,0.4,0.1818,0.2083
"locus2166",0.0833,0.125,0.05,0,0,0,0.1111,0.1364,0,0.05,0,0,0.0625,0.125,0,0,0.125,0,0,0.3333,0.05,0.1,0,0.0417
"locus2167",0.2083,0.4375,0.25,0.2273,0.2857,0.4167,0.1667,0.4091,0.4375,0.2,0.4375,0.1111,0.0625,0.375,0.0556,0.3333,0.3125,0.1667,0.5,0.1111,0.4,0.35,0.5,0.1667
"locus2168",0,0.25,0,0,0.1429,0.25,0,0,0,0.15,0.125,0.2222,0,0.0417,0,0,0.0625,0,0,0,0,0.05,0.0455,0.2917
"locus2169",0,0,0,0,0.0714,0,0.1111,0,0,0,0.0625,0,0,0,0,0,0,0,0,0,0,0,0.0455,0.3333
"locus2170",0.25,0,0,0.1818,0,0.0833,0,0,0,0,0,0,0,0,0.4444,0,0.0625,0.1111,0,0,0.3,0,0,0
"locus2171",0.125,0,0,0,0,0,0.0556,0.0909,0,0,0,0,0.0625,0,0.1111,0,0,0.1667,0,0,0.05,0,0,0
"locus2172",0.2083,0.375,0.1,0.4545,0.3571,0.3333,0.3889,0.2273,0.0625,0.25,0.25,0.2222,0.25,0.25,0.1667,0.3333,0.25,0.0556,0.4167,0.3889,0.4,0.25,0.3182,0.2083
"locus2173",0.125,0.0625,0,0.2727,0.0714,0.0417,0.0556,0,0.125,0.05,0.125,0,0.25,0.0833,0,0,0,0,0,0,0.1,0.1,0.0909,0
"locus2174",0,0.0625,0,0,0.0714,0.4583,0.0556,0,0,0.45,0,0.4444,0,0.0417,0,0,0,0,0,0,0,0,0.0455,0.0417
"locus2175",0.0833,0.125,0.5,0,0,0,0,0.3636,0,0.1,0.125,0,0.3125,0.375,0,0,0.4375,0.4444,0.25,0.0556,0.05,0.2,0.1818,0
"locus2176",0.1667,0.1875,0.1,0.0455,0,0,0.0556,0.0455,0,0.1,0.0625,0.0556,0.1875,0.2917,0.0556,0.1667,0.1875,0.1667,0.0833,0.0556,0.1,0.05,0.0455,0
"locus2177",0.4583,0.4375,0.45,0.4545,0.4286,0.3333,0.4444,0.4091,0.3125,0.25,0.4375,0.5,0.4375,0.4583,0.5,0.3333,0.4375,0.4444,0.3333,0.4444,0.5,0.4,0.3182,0.4167
"locus2178",0.0417,0.3125,0.05,0.2273,0.4286,0.125,0.2222,0.0909,0,0.4,0.3125,0.3333,0.0625,0.0833,0,0.3333,0.125,0,0.3333,0,0.1,0,0.2727,0.4167
"locus2179",0,0,0,0,0.0714,0,0.1111,0.0909,0.0625,0,0,0.0556,0,0.0417,0,0.3333,0,0,0,0,0,0,0,0
"locus2180",0,0.0625,0.15,0.0455,0.0714,0.2083,0.1111,0.1818,0.0625,0.1,0,0.4444,0,0.0833,0,0,0.1875,0.2778,0.3333,0,0.05,0.15,0.0455,0.1667
"locus2181",0,0.125,0.05,0.0455,0.1429,0.125,0.1111,0.0455,0.0625,0,0.0625,0,0.0625,0,0.1111,0.1667,0,0.0556,0.1667,0.1667,0.1,0.1,0,0.0833
"locus2182",0.1667,0.125,0.15,0.1364,0,0,0.1111,0.5,0.375,0.15,0.125,0,0.375,0.25,0.3333,0,0.1875,0.2778,0.25,0.1111,0.05,0.4,0.4545,0
"locus2183",0.1667,0.3125,0,0.0909,0.5,0.2083,0.0556,0.0455,0,0.35,0.0625,0.2778,0,0.125,0,0,0.125,0,0.0833,0,0.05,0,0,0.1667
"locus2184",0,0.25,0.1,0,0.0714,0.0417,0,0.0455,0,0.3,0.25,0.1667,0.0625,0.125,0,0,0.0625,0,0,0,0.05,0.1,0.1364,0.2083
"locus2185",0.0417,0.0625,0.2,0.0455,0,0.2917,0.0556,0.0455,0,0.15,0,0.0556,0.0625,0.125,0.0556,0.3333,0.0625,0.0556,0.1667,0.1111,0,0,0,0
"locus2186",0.25,0.25,0.45,0.0909,0.2143,0.125,0.3333,0.4091,0.3125,0.1,0.375,0.0556,0.4375,0.375,0.1111,0.1667,0.375,0.3889,0.0833,0.1111,0.35,0.25,0.0909,0.2917
"locus2187",0,0.0625,0,0.0909,0.0714,0,0.1667,0,0,0,0.0625,0,0.125,0,0,0.1667,0.0625,0,0.0833,0.1111,0.1,0.05,0.0455,0.2083
"locus2188",0,0,0,0.0909,0,0,0.1667,0.0455,0,0,0.0625,0,0,0,0.0556,0.1667,0.0625,0.0556,0.0833,0.0556,0,0.05,0.0455,0.0833
"locus2189",0.1667,0,0.1,0,0,0.0417,0,0,0,0.05,0,0.0556,0,0,0,0,0,0,0,0,0.1,0.2,0,0.0833
"locus2190",0,0.0625,0,0.1364,0,0.0833,0,0,0,0,0,0,0,0,0,0,0.0625,0,0,0,0.05,0.1,0.0455,0
"locus2191",0.4167,0.4375,0.3,0.4091,0.5,0.4583,0.2778,0.5,0.4375,0.45,0.3125,0.2778,0.375,0.4583,0.3333,0.3333,0.375,0.4444,0.3333,0.2222,0.25,0.45,0.4091,0.4167
"locus2192",0.4583,0.125,0.25,0.3182,0.3571,0.4583,0.3889,0.3636,0.1875,0.15,0.375,0.3889,0.375,0.4167,0.3333,0.3333,0.375,0.3333,0.4167,0.4444,0.45,0.2,0.4545,0.375
"locus2193",0,0.1875,0,0,0.1429,0.2083,0,0,0,0.5,0,0.1111,0,0,0,0,0,0,0,0,0,0,0,0.0833
"locus2194",0.125,0,0.1,0.0455,0,0,0,0.1364,0,0,0.125,0,0,0.1667,0.1667,0.1667,0.0625,0,0,0,0.1,0,0.1364,0.2083
"locus2195",0,0,0,0.0455,0,0,0.0556,0.0909,0.125,0,0,0,0.125,0.0417,0,0,0,0.0556,0,0.0556,0,0.1,0,0
"locus2196",0.0833,0.0625,0.05,0.0455,0.0714,0.0417,0.1111,0.0455,0,0.15,0,0,0.0625,0,0,0,0,0,0.25,0.0556,0,0.05,0,0.0417
"locus2197",0.1667,0,0.2,0.4545,0,0,0,0.0909,0,0,0.125,0,0.0625,0.0833,0.0556,0.1667,0.125,0.0556,0,0.2222,0.35,0.15,0.2273,0
"locus2198",0.0417,0,0.05,0,0,0,0.2222,0,0,0,0,0.0556,0,0,0,0,0,0,0.25,0,0,0,0,0.1667
"locus2199",0.1667,0.1875,0.35,0.0909,0,0.25,0.2222,0.2273,0,0.1,0.125,0,0.125,0.375,0.3333,0.1667,0.25,0.0556,0,0.4444,0,0.1,0,0.1667
"locus2200",0,0.125,0,0.2273,0.4286,0.3333,0.1667,0.0455,0.4375,0.1,0.0625,0.3889,0.1875,0.0417,0.0556,0,0.0625,0.0556,0.25,0,0.1,0.1,0.1364,0.0833
"locus2201",0.4167,0.375,0.5,0.3636,0.2143,0.375,0.3333,0.5,0.375,0.4,0.3125,0.3889,0.3125,0.4583,0.1667,0.3333,0.1875,0.4444,0.4167,0.3889,0.5,0.45,0.4545,0.4583
"locus2202",0.0417,0,0,0.0455,0.0714,0.0833,0,0,0,0.1,0,0.0556,0,0.125,0,0,0,0,0,0,0.25,0,0.0909,0.0833
"locus2203",0.3333,0,0.35,0,0,0,0,0.1364,0,0.1,0.3125,0,0,0.0417,0.0556,0,0.0625,0.1111,0.1667,0.2778,0,0.15,0.0909,0
"locus2204",0,0.125,0.05,0,0.2143,0.4583,0.2222,0,0,0.35,0,0.2222,0,0.0417,0,0,0.1875,0.0556,0.0833,0.0556,0.05,0,0.1818,0.2917
"locus2205",0,0,0,0,0.0714,0.0833,0,0,0,0,0.1875,0.0556,0.0625,0.0417,0,0,0,0,0,0,0,0,0,0.1667
"locus2206",0.0417,0.0625,0,0,0,0.0417,0.2222,0,0.0625,0,0.0625,0,0.125,0,0,0,0.1875,0,0,0,0,0,0,0.0833
"locus2207",0.2083,0.125,0.05,0.1818,0.1429,0.0417,0,0.0455,0,0.05,0,0,0.125,0.0417,0.0556,0.5,0.0625,0,0.0833,0.0556,0.25,0.4,0.0909,0.125
"locus2208",0.0833,0.125,0.1,0,0,0.0417,0,0.0909,0,0.05,0,0.2222,0.0625,0.0833,0,0.3333,0.125,0.2778,0,0.1667,0,0,0,0
"locus2209",0.375,0.4375,0.4,0.3182,0.1429,0.25,0.4444,0.2727,0.25,0.35,0.5,0.3889,0.4375,0.375,0.2778,0.5,0.375,0.3333,0.3333,0.2222,0.35,0.45,0.3182,0.4167
"locus2210",0.125,0.375,0.5,0.3636,0.4286,0.4583,0.3889,0.3182,0.25,0.35,0.375,0.3333,0.4375,0.2917,0.0556,0.1667,0.4375,0.1667,0.3333,0.2222,0.35,0.5,0.3636,0.2083
"locus2211",0.25,0,0.15,0,0,0,0,0.2727,0,0.05,0.0625,0,0.0625,0.125,0.0556,0,0.0625,0.1111,0.3333,0.1111,0.25,0.15,0.2273,0
"locus2212",0.375,0.375,0.35,0.4545,0.4286,0.4583,0.5,0.4545,0.375,0.3,0.5,0.4444,0.375,0.5,0.3333,0.1667,0.4375,0.3889,0.4167,0.3333,0.25,0.45,0.5,0.375
"locus2213",0.1667,0,0,0,0,0,0,0,0,0,0,0,0.0625,0,0.1111,0,0,0.1667,0,0.1667,0.05,0,0.1818,0
"locus2214",0,0.0625,0.05,0,0.0714,0.0417,0,0,0,0.05,0,0,0.125,0.0833,0.1111,0,0,0,0,0.1111,0.1,0,0,0
"locus2215",0.0833,0,0,0,0,0,0,0,0,0,0,0,0,0,0.0556,0.1667,0,0.0556,0,0.3333,0,0.05,0.1364,0
"locus2216",0.0833,0.3125,0.1,0.0909,0,0.125,0.1111,0.4545,0.25,0.25,0.125,0.0556,0.4375,0.1667,0.1111,0.3333,0.25,0.2222,0.25,0.3889,0.1,0.3,0.1818,0.3333
"locus2217",0,0.0625,0.05,0,0,0.0417,0.0556,0.0455,0,0,0,0,0,0.0417,0,0,0.0625,0.0556,0.1667,0,0,0.05,0,0.125
"locus2218",0.0417,0.0625,0,0.0909,0.2143,0.0417,0.4444,0.0455,0.0625,0,0,0,0,0,0,0.1667,0.0625,0,0,0.1667,0.1,0.1,0.2727,0.0833
"locus2219",0.125,0.3125,0.05,0,0.2143,0.4167,0.3333,0.1818,0.125,0.5,0.0625,0.4444,0,0.2917,0,0.1667,0.125,0.1667,0.1667,0.2222,0.2,0.15,0.2273,0.2917
"locus2220",0.0417,0,0.1,0,0.0714,0.2083,0.3333,0.1364,0,0.05,0,0,0.0625,0.0833,0,0,0.0625,0,0.3333,0.0556,0.05,0,0.0909,0.375
"locus2221",0.3333,0.375,0.2,0.4545,0.5,0.2917,0.3889,0.2727,0.375,0.35,0.3125,0.4444,0.3125,0.375,0.3333,0.3333,0.25,0.4444,0.5,0.0556,0.1,0.5,0.4545,0.4583
"locus2222",0.2083,0,0.2,0.0909,0,0.2083,0.0556,0.0455,0,0,0,0.1111,0.25,0.2083,0.4444,0.1667,0.25,0.1111,0,0.4444,0.15,0.05,0.1818,0.0833
"locus2223",0.4167,0.375,0.45,0.1818,0,0.1667,0.1111,0.2727,0,0.05,0.0625,0,0.125,0.2083,0.0556,0.3333,0.1875,0.3333,0,0.2222,0.3,0.35,0.3182,0.2917
"locus2224",0,0.0625,0.05,0,0,0,0,0.0909,0,0.05,0.0625,0,0,0.25,0,0,0.25,0,0,0,0,0.05,0,0
"locus2225",0.1667,0.125,0,0.2727,0,0,0,0.0455,0.0625,0.05,0,0,0.0625,0.125,0.1111,0,0.0625,0.0556,0,0.3333,0.05,0,0,0.0833
"locus2226",0.0833,0,0.4,0.1364,0,0,0.0556,0.2273,0.3125,0,0,0,0.1875,0.125,0,0.3333,0.25,0.1667,0.1667,0,0,0.15,0,0
"locus2227",0.0417,0.0625,0.45,0.1818,0.1429,0.125,0.1667,0.1364,0.0625,0.15,0.3125,0,0.1875,0.2917,0.2222,0.1667,0.4375,0.2778,0.25,0,0.05,0.3,0,0.0833
"locus2228",0.375,0.1875,0.4,0.4545,0.4286,0.2917,0.4444,0.4545,0.125,0.2,0.5,0.2778,0.375,0.4583,0.5,0.5,0.375,0.3889,0.25,0.2222,0.45,0.35,0.3636,0.2083
"locus2229",0,0.25,0.15,0,0,0.0833,0.2222,0.0455,0,0.15,0.0625,0.1667,0,0,0,0,0.0625,0,0,0.0556,0.05,0.05,0.0909,0
"locus2230",0,0.0625,0,0,0,0.0417,0,0.0455,0,0.05,0,0,0,0.125,0.1111,0,0,0,0,0,0,0,0.1364,0
"locus2231",0,0.0625,0,0,0,0.0417,0,0,0,0,0,0.2222,0.0625,0,0.0556,0.1667,0.0625,0.0556,0.0833,0,0,0,0.0455,0.0417
"locus2232",0.0833,0,0.05,0,0,0,0,0.0909,0,0.05,0,0,0.0625,0.125,0.1111,0,0.1875,0.0556,0.0833,0,0,0,0.0455,0.0833
"locus2233",0.2083,0.0625,0,0.0909,0,0.0417,0,0.1364,0.1875,0.05,0,0,0.0625,0.0417,0.3889,0,0,0.2222,0.0833,0,0.15,0,0.2273,0
"locus2234",0.2917,0.375,0.3,0.3182,0.4286,0.5,0.4444,0.1818,0.3125,0.25,0.5,0.3889,0.3125,0.375,0.4444,0.5,0.3125,0.4444,0.5,0.1667,0.35,0.35,0.3636,0.4583
"locus2235",0.4167,0.4375,0.25,0.1818,0.4286,0.1667,0.3889,0.4091,0.375,0.25,0.3125,0.1667,0.4375,0.3333,0.3889,0.5,0.375,0.3333,0.25,0.3333,0.3,0.45,0.3182,0.375
"locus2236",0.5,0.375,0.45,0.4091,0.1429,0.25,0.3889,0.3182,0.3125,0.2,0.4375,0.1667,0.3125,0.375,0.3333,0.3333,0.4375,0.3889,0.4167,0.2778,0.25,0.5,0.4545,0.4583
"locus2237",0.125,0,0,0.1364,0,0.25,0,0,0,0.05,0,0,0.125,0.0833,0.2222,0,0,0.0556,0,0.0556,0,0,0.0909,0
"locus2238",0.4167,0.25,0.4,0.4091,0.1429,0.25,0.4444,0.4545,0.5,0.1,0.375,0.1667,0.3125,0.5,0.4444,0.3333,0.4375,0.3333,0.3333,0.3333,0.3,0.5,0.5,0.2083
"locus2239",0,0,0.05,0,0,0,0.0556,0.1818,0,0.1,0,0,0,0,0.2778,0,0,0.1667,0,0.2778,0.1,0,0.1364,0.0417
"locus2240",0.5,0.25,0.2,0.2727,0.0714,0.0417,0.0556,0.3182,0,0.05,0.125,0,0.0625,0.1667,0.4444,0,0.1875,0.3889,0,0.3333,0.3,0.05,0.3182,0.0417
"locus2241",0.4583,0.0625,0.2,0.4545,0,0.125,0.0556,0.2727,0.3125,0.05,0.25,0.1111,0.1875,0.2917,0.3889,0.3333,0.375,0.2222,0.25,0.2222,0.3,0.25,0.3182,0.0833
"locus2242",0.0417,0,0.05,0.0455,0,0.0833,0,0.0455,0,0,0,0,0,0.0417,0,0,0,0,0,0.0556,0.1,0,0,0.3333
"locus2243",0.4583,0.375,0.35,0.2273,0,0.0833,0.0556,0.4545,0.375,0.15,0.125,0.2778,0.4375,0.1667,0.3889,0.5,0.375,0.2778,0.1667,0.5,0.45,0.15,0.4091,0.0833
"locus2244",0,0,0,0,0,0,0.1667,0,0,0,0,0,0,0,0,0,0,0,0.25,0.5,0.05,0.5,0,0.2083
"locus2245",0,0,0.15,0.1364,0,0,0,0.0909,0,0,0,0,0.25,0.0417,0,0,0,0.1111,0,0,0,0.15,0,0
"locus2246",0.375,0,0,0,0,0,0.0556,0.0909,0,0,0.125,0,0,0,0.4444,0,0.0625,0.1111,0,0.5,0.25,0,0.0909,0
"locus2247",0.125,0,0,0.0455,0,0.0417,0,0,0,0.1,0.125,0.0556,0.0625,0,0,0.3333,0,0.1667,0,0.0556,0.05,0.05,0.0909,0
"locus2248",0.0417,0.0625,0.15,0,0,0,0,0.0455,0,0,0,0,0.0625,0.0417,0,0.1667,0.125,0.0556,0,0,0,0,0,0
"locus2249",0.125,0,0,0.0909,0,0,0,0,0,0.1,0.125,0,0.0625,0,0.0556,0,0,0,0,0.3889,0.25,0,0,0
"locus2250",0.4167,0.125,0.25,0.4545,0.3571,0.2083,0.1111,0.1818,0.3125,0.25,0.5,0,0.3125,0.375,0.3889,0.5,0.375,0.2778,0.25,0.3889,0.45,0.4,0.4091,0.4167
"locus2251",0,0,0.05,0.0455,0.0714,0,0.0556,0,0.0625,0,0.125,0,0,0.0417,0,0,0,0,0.0833,0,0,0.05,0.0455,0.2083
"locus2252",0.0833,0,0,0.0909,0,0.0417,0.0556,0,0.125,0,0.0625,0.0556,0,0,0.1667,0.5,0.0625,0,0.1667,0.0556,0.2,0.05,0.2727,0
"locus2253",0.0417,0.0625,0.1,0.0455,0,0.0417,0,0.0909,0,0,0,0,0.0625,0.0833,0,0,0,0,0.1667,0.0556,0,0.05,0,0.0833
"locus2254",0.125,0.25,0.15,0.1364,0.1429,0.0833,0.1111,0.0909,0.5,0.3,0,0.2778,0.3125,0.1667,0.0556,0,0.25,0.0556,0.0833,0,0.15,0.2,0.1364,0
"locus2255",0.2917,0.1875,0.35,0.3636,0.0714,0.0417,0.2778,0.3182,0.1875,0.05,0.3125,0,0.375,0.375,0.2778,0.3333,0.375,0.1667,0.4167,0.2222,0.1,0.4,0.0455,0.1667
"locus2256",0.0833,0.125,0.35,0.0455,0.4286,0.125,0.4444,0.1364,0,0.05,0,0,0,0.0833,0,0,0,0.0556,0.0833,0.0556,0,0.15,0.1364,0.4583
"locus2257",0.2083,0.3125,0.05,0.1818,0.3571,0.125,0.1667,0.1818,0.0625,0.3,0.4375,0.1111,0.1875,0.25,0.2778,0.3333,0.125,0.0556,0.25,0.5,0.45,0.15,0.2727,0.4583
"locus2258",0.0417,0.1875,0,0,0,0,0,0,0.1875,0,0.125,0,0.0625,0,0,0,0,0,0,0,0.05,0.25,0.1364,0
"locus2259",0.2083,0.4375,0.35,0.3182,0.4286,0.3333,0.4444,0.3636,0.125,0.3,0.375,0.4444,0.4375,0.5,0.3889,0.3333,0.5,0.2222,0.3333,0.0556,0.15,0.45,0.1818,0.5
"locus2260",0.4583,0,0.1,0.3182,0.2857,0.125,0.4444,0.0909,0,0,0.375,0,0.0625,0.125,0.2778,0.3333,0.125,0.1667,0.3333,0.4444,0.35,0.05,0.4091,0.4167
"locus2261",0,0.125,0,0,0,0.0417,0,0.1364,0.1875,0,0,0,0,0,0,0,0,0.2778,0,0,0,0.05,0,0
"locus2262",0.0417,0.4375,0.1,0.1364,0.2143,0.2917,0.2778,0.0909,0.0625,0.35,0.125,0.4444,0.375,0.0833,0.0556,0.1667,0.125,0,0.1667,0.0556,0.1,0.4,0.2727,0.25
"locus2263",0.0833,0.0625,0.2,0,0,0.0417,0,0.0909,0.0625,0,0,0,0.0625,0,0,0,0,0,0.0833,0,0,0,0.0455,0
"locus2264",0.3333,0.25,0.25,0.3182,0.2857,0.2917,0.3889,0.4545,0.375,0.35,0.3125,0.3333,0.5,0.25,0.4444,0,0.3125,0.4444,0.3333,0.3333,0.4,0.45,0.5,0.2083
"locus2265",0.0833,0.375,0,0.0455,0.0714,0.2917,0.1111,0.1364,0.1875,0.35,0,0.3333,0,0.0417,0.1111,0,0.0625,0.2222,0.1667,0,0.05,0.15,0,0.1667
"locus2266",0.0417,0,0,0.1364,0,0,0.0556,0,0,0,0.0625,0,0.0625,0.0833,0.2222,0,0.125,0,0,0,0.35,0,0.1364,0
"locus2267",0.0833,0.0625,0.2,0.0455,0,0,0.0556,0.3182,0,0.05,0.0625,0,0.0625,0.125,0.1667,0.1667,0.0625,0.1111,0,0.2222,0.1,0.05,0,0.0833
"locus2268",0,0,0,0,0,0.2917,0,0,0,0,0,0,0,0,0,0,0,0,0,0,0.05,0,0,0.0833
"locus2269",0.0417,0.1875,0,0.1364,0.2857,0.0833,0.0556,0,0,0.35,0,0,0.0625,0,0.0556,0,0.0625,0.0556,0.1667,0.0556,0,0,0.2273,0.125
"locus2270",0,0.0625,0,0,0.0714,0.0417,0.0556,0.0455,0.0625,0.1,0,0.0556,0,0.0417,0,0.3333,0,0,0.0833,0,0.1,0.1,0,0.0417
"locus2271",0.4583,0.5,0.45,0.4091,0.1429,0.5,0.3333,0.3636,0.3125,0.45,0.5,0.3333,0.5,0.25,0.3889,0.3333,0.4375,0.3333,0.25,0.3333,0.4,0.45,0.2727,0.4167
"locus2272",0.3333,0,0,0,0,0,0,0.0455,0,0,0.0625,0,0,0,0,0,0.0625,0.0556,0.0833,0.2778,0.1,0,0.1364,0.1667
"locus2273",0.5,0,0.15,0.1818,0,0,0,0.2273,0.125,0,0.125,0,0.1875,0.2083,0.3889,0.1667,0.125,0.3889,0,0.1667,0.35,0,0.1818,0
"locus2274",0.3333,0.4375,0.2,0.3636,0.3571,0.375,0.3889,0.3182,0.5,0.3,0.3125,0.3889,0.4375,0.375,0.3889,0.1667,0.5,0.3889,0.4167,0.1111,0.5,0.35,0.4091,0.4167
"locus2275",0.125,0,0.1,0.0455,0,0,0,0,0,0,0,0,0.0625,0.1667,0,0,0.1875,0,0,0,0.05,0,0,0
"locus2276",0.5,0.4375,0.3,0.4091,0.4286,0.4583,0.3333,0.4091,0.5,0.1,0.375,0.0556,0.5,0.4167,0.5,0.5,0.3125,0.3333,0.4167,0.2778,0.2,0.5,0.4091,0.375
"locus2277",0,0,0.1,0.0455,0,0.0417,0,0.0455,0,0.05,0,0,0,0.0417,0,0,0.125,0.2222,0,0,0.05,0.05,0,0
"locus2278",0,0,0.1,0,0,0.0833,0.0556,0.0909,0.1875,0,0,0,0.0625,0,0,0,0.0625,0.2778,0,0,0.05,0,0.0455,0.0417
"locus2279",0.2917,0.125,0,0.0455,0,0.125,0.1111,0.0455,0.0625,0,0.0625,0.1667,0,0,0.1111,0.1667,0,0.0556,0.1667,0.1667,0.05,0,0.0455,0.0417
"locus2280",0,0.0625,0.05,0,0,0.0833,0,0.1364,0,0,0.0625,0,0,0.0417,0.0556,0.5,0.0625,0.0556,0,0,0,0.1,0.0909,0
"locus2281",0.0833,0,0.05,0,0,0,0.1667,0.1364,0,0,0.0625,0,0,0,0,0.1667,0.375,0,0,0,0,0.1,0,0.0417
"locus2282",0.1667,0.0625,0.05,0.0455,0,0.125,0,0.1818,0.0625,0.05,0.125,0.1111,0.125,0.1667,0.0556,0,0.1875,0,0.0833,0.2778,0.05,0.05,0,0
"locus2283",0.0833,0,0.1,0.0909,0,0.1667,0.1667,0.1818,0.0625,0,0,0,0.3125,0.0833,0,0,0.1875,0.3333,0.0833,0.0556,0.05,0,0.3636,0.0833
"locus2284",0.125,0.25,0.05,0.5,0.3571,0.375,0.4444,0.2273,0.1875,0.45,0.375,0.3889,0,0.25,0.3889,0.5,0.1875,0.1111,0.3333,0.3333,0.35,0.3,0.4091,0.4583
"locus2285",0.1667,0.375,0.3,0.0909,0.2857,0.4167,0.5,0.2727,0.1875,0.5,0.375,0.1667,0.1875,0.2083,0,0.1667,0.3125,0.1111,0.4167,0.1667,0.15,0.5,0.3182,0.5
"locus2286",0.25,0.4375,0.05,0.4091,0.3571,0.4583,0.2778,0.0909,0.1875,0.4,0.5,0.3333,0.1875,0.0833,0.2778,0.3333,0.25,0.1667,0.3333,0.2778,0.5,0.05,0.5,0.2917
"locus2287",0.2917,0,0.35,0.3182,0.0714,0.1667,0.1667,0.4545,0.4375,0.25,0.25,0.0556,0.125,0.2083,0.3889,0.1667,0.25,0.5,0,0.3333,0.4,0.35,0.2727,0.0833
"locus2288",0.0417,0.0625,0.3,0.2273,0,0,0.2222,0.1818,0.0625,0.05,0.25,0.1111,0,0.125,0,0.3333,0.3125,0.2222,0.4167,0.1111,0.1,0.15,0.2273,0.2917
"locus2289",0.0417,0.1875,0,0,0.2143,0.375,0,0.0455,0.4375,0.25,0.0625,0.2222,0.0625,0.0417,0,0,0,0.1667,0,0.0556,0.05,0.1,0.1364,0
"locus2290",0,0,0.15,0.0909,0.0714,0.0417,0.0556,0.0455,0.125,0,0,0.0556,0.1875,0.125,0.0556,0.1667,0.125,0,0.0833,0,0,0,0.0455,0.0417
"locus2291",0.4583,0.4375,0.4,0.5,0.4286,0.5,0.5,0.2273,0.375,0.4,0.4375,0.4444,0.4375,0.4167,0.4444,0.3333,0.1875,0.3889,0.4167,0.3333,0.35,0.45,0.4545,0.375
"locus2292",0.4583,0,0,0.2727,0,0,0,0.1364,0.0625,0.05,0,0,0.375,0.0417,0.3889,0.3333,0,0.3333,0,0.5,0.2,0,0.3182,0.0417
"locus2293",0.2083,0.0625,0.2,0.2727,0.4286,0.3333,0.4444,0.2273,0.125,0.1,0.4375,0.0556,0.3125,0.25,0.2222,0.5,0.125,0.3333,0.5,0.0556,0.1,0.5,0.2727,0.2083
"locus2294",0.2083,0.1875,0.1,0.3182,0,0.0417,0.0556,0.0455,0.0625,0.25,0,0.1111,0,0.0417,0,0,0.0625,0,0.0833,0,0.2,0.05,0.2727,0.0833
"locus2295",0.125,0.3125,0.1,0.5,0.5,0.4167,0.3333,0.1818,0.1875,0.3,0.125,0.4444,0.125,0.0833,0.1111,0.1667,0,0.1667,0,0.1667,0.25,0.15,0.1364,0.375
"locus2296",0.375,0.3125,0.4,0.3636,0.2143,0.3333,0.5,0.2727,0.25,0.05,0.3125,0.1111,0.375,0.25,0.3333,0.3333,0.25,0.5,0.5,0.3889,0.2,0.45,0.2273,0.1667
"locus2297",0.1667,0.4375,0.2,0.4545,0,0.375,0.1111,0.3182,0.375,0.45,0.1875,0.3889,0.1875,0.25,0.3333,0.1667,0.125,0.2222,0,0,0.45,0.25,0.2727,0.1667
"locus2298",0.0833,0.125,0,0.0455,0,0.1667,0.2222,0.0455,0,0.05,0.0625,0.0556,0.0625,0.0417,0,0,0.0625,0,0.0833,0,0.25,0.05,0,0.0417
"locus2299",0.0833,0.125,0.05,0.0455,0,0.0417,0.1667,0.1364,0,0.05,0.0625,0,0,0.0833,0,0,0.1875,0.1111,0.0833,0,0.1,0.15,0.1364,0.0417
"locus2300",0.2917,0,0.25,0,0,0.0417,0,0.1364,0.0625,0,0.0625,0.1111,0.1875,0,0,0.3333,0.0625,0.2778,0,0,0.25,0,0.2727,0.0417
"locus2301",0.125,0,0.15,0.1364,0.4286,0.0833,0.2778,0.1364,0,0.2,0.0625,0.1111,0.0625,0.0417,0.4444,0,0,0.2222,0,0.1111,0.25,0,0.2273,0.3333
"locus2302",0,0.0625,0.05,0,0,0.0417,0,0.2273,0.1875,0.2,0.1875,0.1111,0.0625,0.125,0,0,0.0625,0.0556,0,0,0,0,0,0.1667
"locus2303",0.0833,0,0,0,0,0,0.0556,0.0455,0.0625,0,0,0,0.0625,0,0.1111,0.3333,0,0,0,0,0.1,0,0.0455,0.0417
"locus2304",0,0,0,0,0,0.2917,0,0,0.0625,0,0,0,0,0.0417,0.0556,0,0,0.0556,0,0,0,0,0,0.0417
"locus2305",0.0417,0,0.1,0,0,0.0417,0.0556,0,0,0,0,0,0.0625,0.1667,0,0,0,0,0,0,0,0,0,0
"locus2306",0.4167,0.3125,0.1,0.4091,0.4286,0.4167,0.3333,0.1818,0.3125,0.45,0.375,0.2778,0.125,0.25,0.3889,0.3333,0.375,0.3889,0.1667,0.3333,0.4,0.15,0.4091,0.4583
"locus2307",0.4583,0.0625,0.4,0.2727,0.3571,0,0.2778,0.2727,0.25,0.05,0.4375,0.0556,0.375,0.4583,0.4444,0.5,0.4375,0.1111,0.3333,0.3333,0.45,0.45,0.2273,0.4583
"locus2308",0,0.125,0.1,0.0455,0,0.0833,0,0,0,0.05,0,0.2778,0.125,0.0417,0,0.1667,0.0625,0.0556,0,0,0.05,0.15,0.1818,0
"locus2309",0.0833,0.0625,0,0,0,0,0.1667,0.0455,0.125,0,0,0.1111,0,0.0417,0,0,0.25,0.0556,0,0,0,0.05,0,0.0833
"locus2310",0.1667,0.0625,0,0.0455,0.2143,0.1667,0.0556,0,0,0,0.1875,0.1111,0.125,0.0833,0.2222,0,0.0625,0.1111,0.0833,0.0556,0.05,0.1,0.0909,0.0833
"locus2311",0,0,0,0,0,0,0.3889,0,0,0,0.125,0,0.125,0,0,0,0.0625,0.1111,0.3333,0.1111,0,0.05,0,0
"locus2312",0,0,0,0,0.0714,0.125,0.0556,0,0,0.15,0.0625,0.0556,0,0.0417,0,0,0,0,0,0,0,0,0,0.0417
"locus2313",0,0,0.1,0,0,0,0,0.2273,0,0.05,0.0625,0,0.0625,0.0833,0,0,0.0625,0.1111,0,0.2778,0,0.1,0,0
"locus2314",0.0833,0,0,0,0,0,0,0.0455,0.125,0.05,0,0,0.125,0.0417,0.0556,0,0.0625,0,0,0.1111,0.05,0,0.0455,0.0833
"locus2315",0.0417,0,0,0.2727,0,0.0417,0.1111,0,0,0,0.0625,0,0,0.125,0,0.1667,0,0,0.0833,0.0556,0.2,0,0.1364,0.0833
"locus2316",0.0417,0.25,0.2,0.0455,0.3571,0.2917,0.2222,0.0455,0.0625,0.4,0.125,0.4444,0,0.125,0,0,0.0625,0,0.1667,0.0556,0.1,0,0,0.2917
"locus2317",0,0,0,0.0455,0.0714,0.0833,0,0,0,0.05,0.0625,0,0,0.0833,0,0,0.0625,0,0.25,0.0556,0,0,0,0.0417
"locus2318",0,0,0,0,0,0,0.2222,0,0,0,0.1875,0,0,0,0,0.1667,0,0,0.3333,0.2778,0,0.05,0,0
"locus2319",0,0.125,0.15,0,0,0.0833,0,0.0909,0,0,0,0,0.0625,0.0833,0,0,0.0625,0,0,0,0,0.15,0,0
"locus2320",0.375,0.125,0.25,0.1818,0,0,0,0.2727,0.3125,0.05,0.3125,0,0.1875,0.2083,0.3333,0.3333,0.25,0.5,0.0833,0.2222,0.25,0.2,0.2273,0
"locus2321",0.4583,0.375,0.4,0.4091,0.5,0.2083,0.5,0.3182,0.375,0.4,0.4375,0.3889,0.375,0.3333,0.4444,0.1667,0.4375,0.3333,0.4167,0.4444,0.45,0.45,0.5,0.5
"locus2322",0,0.0625,0.1,0,0,0,0.0556,0.2727,0,0,0,0,0.0625,0.0833,0,0,0,0.1667,0,0,0,0,0,0
"locus2323",0.125,0.25,0,0,0.0714,0.0833,0.0556,0.0909,0.1875,0.05,0,0,0.1875,0.125,0.1667,0,0.1875,0.0556,0.0833,0.1667,0.05,0.05,0.2727,0
"locus2324",0.25,0.0625,0.05,0.0455,0.0714,0.2083,0.0556,0.2273,0,0.05,0,0,0,0,0.0556,0,0.0625,0.2222,0,0.3889,0.15,0.15,0.0909,0
"locus2325",0,0,0,0,0,0,0.0556,0.0455,0.125,0,0,0,0,0,0,0,0.125,0.2222,0,0.0556,0,0.05,0.0909,0.25
"locus2326",0.0417,0.0625,0.1,0.1364,0.3571,0.4167,0.3333,0.0909,0.0625,0.45,0.0625,0.5,0.0625,0.125,0.0556,0.3333,0,0.2222,0.25,0.0556,0,0.05,0,0.4583
"locus2327",0,0.125,0,0.2727,0,0.0417,0,0.1818,0.0625,0,0.0625,0,0.125,0.0833,0.2222,0,0.0625,0,0,0.1667,0.1,0,0,0
"locus2328",0.2917,0.4375,0.3,0.3182,0.2143,0.4583,0.3333,0.4091,0.0625,0.45,0.25,0.4444,0.25,0.4167,0.2778,0.3333,0.25,0.4444,0.25,0.0556,0.2,0.15,0.3182,0.4583
"locus2329",0.0417,0.3125,0.2,0.0455,0.2143,0.4167,0.2778,0.0909,0.1875,0.35,0.25,0.4444,0.3125,0.3333,0.1667,0.3333,0.4375,0.1111,0.25,0,0.05,0.3,0.2273,0.3333
"locus2330",0,0.4375,0,0.0455,0.2143,0.2917,0.2222,0.0455,0.0625,0.25,0,0.3333,0,0.0417,0,0,0.0625,0,0,0.0556,0,0.1,0.0909,0.3333
"locus2331",0.0417,0,0,0.1364,0,0,0.0556,0.0909,0,0,0,0,0,0,0.1111,0,0.0625,0.1667,0,0,0.15,0,0,0
"locus2332",0.2917,0.125,0.45,0.2273,0,0.1667,0.1667,0.2727,0.125,0.2,0.125,0.1667,0.3125,0.125,0.2222,0.1667,0.25,0.2778,0,0.2778,0.1,0.3,0.2273,0
"locus2333",0,0.4375,0.4,0.1364,0.3571,0.375,0.5,0.2727,0.25,0.45,0.375,0.3889,0.4375,0.4583,0,0.1667,0.25,0.1667,0.0833,0.5,0.3,0.15,0.2273,0.4583
"locus2334",0.125,0.125,0.15,0,0,0.0833,0.1667,0.1818,0,0.05,0.0625,0,0.0625,0.125,0,0,0.25,0,0.0833,0.1111,0,0,0.0455,0.125
"locus2335",0.3333,0.4375,0.15,0.4091,0.4286,0.2917,0.2222,0.4545,0.25,0.2,0.25,0.2778,0.25,0.375,0.3889,0.1667,0.375,0.3333,0.3333,0.2778,0.35,0.45,0.4545,0.5
"locus2336",0.0417,0,0.1,0.0455,0,0,0.0556,0.0909,0.0625,0.05,0.125,0,0,0.0417,0.0556,0.3333,0.0625,0.0556,0,0,0,0.1,0.0909,0.0833
"locus2337",0.2083,0.25,0.4,0.4545,0.4286,0.4167,0.2778,0.1818,0,0.4,0.5,0.3333,0.125,0.4167,0.1667,0.3333,0.375,0.1111,0.3333,0.3333,0.5,0.45,0.4091,0.375
"locus2338",0.4167,0.125,0.4,0.2273,0,0,0.1111,0.5,0.3125,0.05,0.375,0,0.25,0.25,0.3889,0.3333,0.125,0.1667,0,0.3333,0.4,0.45,0.4091,0.2083
"locus2339",0.4583,0.25,0.35,0.3636,0,0.0417,0.3889,0.3636,0,0.15,0.375,0.0556,0.375,0.5,0.1667,0.5,0.375,0.3333,0.4167,0.4444,0.5,0.4,0.4545,0.375
"locus2340",0.3333,0.0625,0.15,0.1364,0.0714,0,0.0556,0.0909,0.0625,0,0.1875,0.0556,0.1875,0.1667,0.1667,0.5,0.1875,0.1667,0.0833,0.2778,0.05,0.1,0.0909,0.0417
"locus2341",0.0417,0.0625,0.05,0.0455,0.0714,0.2917,0.0556,0.1364,0,0.25,0,0.3889,0.125,0.125,0,0,0.125,0,0,0,0,0,0,0.1667
"locus2342",0.25,0.0625,0.05,0.1818,0,0.0833,0.0556,0,0,0,0.1875,0,0.125,0.125,0,0,0.125,0,0.0833,0,0.1,0,0,0
"locus2343",0.25,0.25,0.1,0.1364,0.2143,0.3333,0,0.0909,0.1875,0.25,0.1875,0.3889,0.1875,0.2917,0.3333,0.1667,0.25,0.2222,0,0.0556,0.15,0.15,0.0455,0
"locus2344",0.0833,0.3125,0.05,0,0.3571,0.25,0.2778,0.1364,0,0.45,0,0.2778,0.25,0,0.1667,0.1667,0,0.0556,0,0,0.15,0,0.0455,0.0833
"locus2345",0,0,0.25,0,0,0,0,0,0.0625,0,0.125,0,0,0,0.0556,0,0,0,0.0833,0,0.15,0,0.0455,0.0417
"locus2346",0.0417,0,0,0.0455,0,0,0,0,0,0.05,0,0,0,0,0.0556,0,0,0.0556,0,0,0.4,0,0,0
"locus2347",0.4167,0.4375,0.3,0.3182,0.4286,0.375,0.1111,0.1818,0.4375,0.35,0.125,0.2778,0.375,0.125,0.4444,0.3333,0.125,0.2778,0.0833,0.4444,0.45,0.1,0.4091,0.0833
"locus2348",0.1667,0.0625,0,0.0909,0,0.125,0,0.0909,0.25,0,0,0,0.0625,0.0417,0.1111,0.1667,0,0.0556,0,0,0.15,0.15,0.1818,0.0833
"locus2349",0.0833,0.25,0.05,0,0.0714,0.0833,0.0556,0.1364,0.125,0.15,0,0.0556,0.0625,0.25,0.1667,0,0.0625,0,0,0,0,0.15,0.2273,0.0417
"locus2350",0.0417,0,0.05,0,0.0714,0.1667,0.0556,0.0909,0,0.15,0.0625,0.2222,0,0.0417,0,0,0,0.0556,0.1667,0.0556,0.1,0,0.0909,0.2083
"locus2351",0.0417,0.0625,0.05,0,0,0.0417,0.1111,0,0.125,0.1,0,0,0.125,0.0833,0.0556,0,0.0625,0,0,0,0,0.05,0.0455,0
"locus2352",0,0.0625,0,0,0,0.0833,0,0,0,0.35,0,0.2222,0,0.0417,0,0,0,0,0,0,0,0,0,0.0417
"locus2353",0.0833,0,0,0,0,0,0,0.0455,0,0,0,0.0556,0.125,0.0833,0.1111,0,0.0625,0,0,0,0.2,0,0,0.0833
"locus2354",0.0417,0,0.1,0,0,0,0,0,0.0625,0,0,0,0.125,0.0417,0.1111,0,0.0625,0,0.0833,0,0.05,0,0.0455,0
"locus2355",0.125,0.0625,0,0,0,0.0417,0,0,0,0,0,0,0,0,0.0556,0,0,0.0556,0,0.1111,0.05,0,0.0909,0.0417
"locus2356",0,0,0.05,0,0.0714,0,0,0.0455,0,0.1,0.0625,0,0,0.0417,0,0,0,0.1667,0,0.0556,0,0,0,0
"locus2357",0,0.125,0,0.0455,0,0,0,0.0909,0.0625,0.05,0,0,0.0625,0,0,0,0.0625,0.0556,0,0,0,0.1,0.1818,0
"locus2358",0.0417,0,0,0,0.1429,0,0.0556,0,0.0625,0.05,0.125,0,0.0625,0,0,0.1667,0.0625,0,0,0.0556,0.05,0.05,0.0455,0.0417
"locus2359",0.125,0,0,0.0455,0.0714,0.1667,0,0,0.0625,0.15,0.0625,0.0556,0,0,0,0,0,0,0.0833,0.0556,0,0,0.0455,0.0833
"locus2360",0.0417,0,0,0.0909,0.0714,0,0.1111,0.0455,0,0,0.0625,0,0,0.0417,0,0,0.125,0.0556,0.1667,0,0,0.1,0,0.125
"locus2361",0.2917,0.4375,0.25,0.3636,0.2143,0.4167,0.3889,0.3182,0.25,0.35,0.3125,0.0556,0.375,0.375,0.3889,0.3333,0.4375,0.3889,0.3333,0.3889,0.4,0.2,0.3182,0.3333
"locus2362",0.2917,0.4375,0.4,0.4545,0.5,0.4583,0.5,0.3182,0.4375,0.3,0.25,0.2778,0.3125,0.375,0.2222,0.5,0.125,0.2778,0.5,0.2222,0.3,0.4,0.2273,0.4583
"locus2363",0.0833,0.0625,0,0,0,0.0417,0,0,0,0,0,0,0,0,0.1111,0,0,0.2222,0,0,0.05,0.1,0.0909,0
"locus2364",0.0833,0,0.05,0,0,0,0.0556,0.2273,0,0.05,0.0625,0,0.0625,0,0.1111,0,0,0.0556,0,0.4444,0.2,0.05,0.4545,0
"locus2365",0.0833,0,0,0,0,0,0.1111,0.0909,0,0,0,0,0,0.0417,0,0,0,0,0,0,0.05,0.15,0,0
"locus2366",0.0833,0,0,0,0,0,0,0.0455,0,0,0.125,0,0.125,0,0,0,0.125,0,0,0.0556,0,0.1,0,0.0417
"locus2367",0.125,0,0.15,0,0,0.0417,0,0.1364,0.0625,0,0,0,0.0625,0.25,0.0556,0,0.125,0,0,0,0.05,0.05,0.2273,0
"locus2368",0,0.3125,0.05,0.2273,0.1429,0.0417,0.1111,0.0455,0,0.05,0.125,0.1111,0.25,0,0,0,0.0625,0.0556,0.25,0,0.05,0.05,0,0.125
"locus2369",0,0,0,0,0,0.0417,0.1111,0.0455,0.0625,0,0,0,0.125,0.125,0,0,0.125,0.1111,0,0,0,0.15,0,0.0417
"locus2370",0.0417,0.0625,0,0.1364,0,0.0833,0,0,0,0,0,0,0,0.0417,0,0,0.0625,0,0,0,0.1,0,0.0455,0
"locus2371",0,0,0,0,0,0,0.1111,0,0,0,0,0,0,0,0,0,0.0625,0,0,0,0,0.15,0,0.2917
"locus2372",0.125,0.0625,0,0,0,0,0.1667,0.0455,0.25,0.3,0,0.1111,0.125,0.0833,0.1667,0,0.375,0.1111,0,0.0556,0,0.3,0.0455,0.125
"locus2373",0.25,0.3125,0.45,0.2727,0.1429,0.4583,0.3333,0.4091,0.375,0.45,0.3125,0.3889,0.5,0.4583,0.1667,0.5,0.375,0.2778,0.5,0.3333,0.25,0.45,0.2727,0.25
"locus2374",0.0833,0.0625,0,0,0,0,0.0556,0,0,0,0.0625,0.0556,0,0.0417,0.3889,0,0,0.1111,0,0,0,0.15,0.0455,0.0833
"locus2375",0.4167,0,0,0.1364,0,0,0.0556,0.0909,0,0,0,0,0.0625,0.0417,0,0.3333,0,0,0,0,0,0,0.0909,0.125
"locus2376",0.0417,0.375,0.05,0,0,0.5,0,0,0,0.3,0.0625,0.4444,0.0625,0.0417,0.0556,0,0,0.1667,0,0,0,0.1,0.0455,0
"locus2377",0.2083,0.25,0.1,0.1818,0,0.1667,0.0556,0.0909,0.0625,0.2,0,0.0556,0.125,0.2083,0.2778,0.1667,0.3125,0.1667,0.25,0.5,0.15,0.2,0.1364,0.0417
"locus2378",0.0417,0,0.15,0,0,0,0.1111,0.0455,0,0,0,0,0,0.2083,0,0,0,0.0556,0.0833,0,0.05,0.25,0,0
"locus2379",0.0833,0,0.05,0.0455,0,0.2083,0,0.1364,0,0.1,0.125,0.1111,0.125,0.2917,0.2222,0.3333,0.1875,0.0556,0,0.4444,0.05,0,0.0455,0.0417
"locus2380",0.125,0.125,0,0,0,0.1667,0,0.0455,0,0,0,0.1667,0,0,0,0,0.0625,0,0.0833,0.0556,0.05,0,0.1818,0.1667
"locus2381",0.0833,0.0625,0.25,0.1364,0.1429,0,0.1111,0.4545,0.1875,0.05,0.125,0,0.4375,0.375,0.2222,0,0.3125,0.0556,0.0833,0.1667,0.4,0.25,0,0
"locus2382",0,0,0,0,0,0.0417,0.0556,0.2273,0,0,0.0625,0,0.1875,0.2083,0,0,0.125,0.0556,0.1667,0,0,0.15,0,0.125
"locus2383",0.1667,0.1875,0.15,0.0909,0.2857,0.375,0.3889,0.0909,0.1875,0.45,0.25,0.2778,0.125,0.125,0.1111,0.1667,0.1875,0,0.3333,0.0556,0.05,0.15,0.4091,0.4167
"locus2384",0.4583,0,0.05,0.0909,0,0,0,0.2273,0,0,0.1875,0,0.1875,0.0417,0.0556,0.1667,0,0.1111,0,0.4444,0.35,0.1,0.2273,0.0417
"locus2385",0,0,0.05,0,0,0,0.0556,0,0,0,0,0,0.3125,0.0417,0,0,0.125,0.1667,0,0,0.05,0,0,0
"locus2386",0.1667,0.125,0,0.0909,0.1429,0,0.1667,0.1818,0.0625,0,0.0625,0,0.125,0.125,0,0,0.125,0.0556,0,0,0.05,0.05,0,0
"locus2387",0.0833,0,0.3,0.4091,0.3571,0.5,0.2778,0.1818,0.0625,0.05,0.3125,0,0.125,0.125,0.1667,0.1667,0.1875,0.1111,0.0833,0,0.15,0.25,0.4545,0.375
"locus2388",0,0,0,0.2727,0,0.0833,0,0.0909,0,0.2,0,0,0,0.0417,0.1111,0.1667,0,0.0556,0,0.2222,0.1,0.05,0.0909,0.0417
"locus2389",0.0833,0.125,0.15,0,0,0.0833,0,0,0.125,0,0,0,0,0,0.0556,0,0,0.0556,0.0833,0.2222,0,0,0.0455,0
"locus2390",0.0417,0,0,0.0455,0,0,0.4444,0,0.1875,0.05,0,0,0.0625,0,0,0,0,0,0,0,0,0.05,0.1818,0
"locus2391",0.0417,0,0,0,0.0714,0,0.2222,0.0455,0.125,0,0,0,0.0625,0.0833,0,0,0.0625,0,0.0833,0,0,0,0,0
"locus2392",0.2083,0,0,0,0,0.0417,0,0.0455,0,0,0.125,0,0,0,0.0556,0,0,0.1667,0,0,0,0.05,0,0
"locus2393",0.25,0.0625,0,0.0455,0,0.0417,0,0.0455,0,0.05,0.0625,0,0.125,0,0.0556,0,0.0625,0.1111,0,0.0556,0,0,0.0909,0.0417
"locus2394",0.0417,0.0625,0.05,0.0455,0,0,0.0556,0,0,0,0.1875,0,0,0,0.1111,0,0.0625,0.1111,0,0.2778,0.15,0.05,0.0455,0
"locus2395",0,0.0625,0,0.2727,0.1429,0,0,0,0,0,0,0,0,0,0.1667,0,0,0,0,0,0.05,0,0,0.0417
"locus2396",0,0.0625,0,0,0,0.0833,0.0556,0,0,0.5,0.0625,0.4444,0,0,0,0,0,0,0,0,0,0,0,0
"locus2397",0.1667,0.4375,0,0.0455,0.4286,0.2083,0.3889,0,0.1875,0.35,0.125,0.4444,0.125,0.2083,0.1111,0,0.25,0.0556,0.1667,0,0.15,0.4,0.0455,0
"locus2398",0.1667,0.25,0.3,0.1818,0.3571,0.2917,0.3889,0.2727,0.1875,0.2,0.4375,0.1111,0.25,0.375,0.2222,0.3333,0.5,0.4444,0.25,0.2222,0.1,0.4,0.4091,0.375
"locus2399",0.125,0,0,0.1364,0,0,0.0556,0.1818,0,0,0.125,0,0,0,0.0556,0,0,0.0556,0,0,0.05,0,0,0.0417
"locus2400",0.3333,0.1875,0.2,0.3636,0,0.1667,0.2222,0.4091,0.3125,0.45,0.125,0.2778,0.4375,0.3333,0.1667,0.5,0.4375,0.3333,0.1667,0.4444,0.4,0.5,0.5,0.0417
"locus2401",0,0,0,0,0,0.125,0.0556,0,0,0.05,0.0625,0,0,0,0,0,0.0625,0,0,0.0556,0,0.2,0,0.0417
"locus2402",0,0.1875,0,0,0.2143,0.4167,0.0556,0,0,0.2,0,0.2778,0,0.0417,0,0,0,0.1111,0,0,0,0,0.1818,0
"locus2403",0.375,0,0.1,0.3636,0,0.0417,0.1667,0.2273,0.25,0.2,0.25,0.1111,0.3125,0.2083,0.2222,0.5,0.1875,0.2222,0.0833,0.2778,0.35,0.1,0.1818,0.125
"locus2404",0.4583,0.375,0.45,0.4091,0.1429,0.4167,0.5,0.3636,0.25,0.35,0.4375,0.4444,0.375,0.3333,0.2222,0.1667,0.375,0.3333,0.4167,0.1667,0.2,0.4,0.4545,0.5
"locus2405",0,0.3125,0.25,0.0455,0.0714,0.0833,0.2778,0.1364,0.25,0.2,0.1875,0,0.0625,0.25,0.1111,0,0.1875,0.3889,0.25,0.0556,0.1,0.25,0.3636,0.2083
"locus2406",0.4583,0.3125,0.05,0.3636,0.0714,0.2083,0.2222,0.0909,0.5,0.15,0,0,0.125,0.0833,0.3889,0.1667,0,0.1667,0,0.2222,0.15,0.35,0.2273,0.1667
"locus2407",0.125,0,0,0.2727,0.0714,0,0,0,0,0,0,0,0.0625,0.0417,0.3333,0,0.0625,0,0.0833,0,0.4,0,0.4545,0
"locus2408",0.0417,0,0.05,0,0,0,0.1667,0,0,0,0,0,0,0,0,0,0,0,0.1667,0,0,0.05,0.0909,0.125
"locus2409",0.0417,0.125,0.2,0,0,0.0417,0.0556,0.1818,0,0.2,0,0,0,0.0833,0,0,0,0.0556,0,0.0556,0.25,0,0.0909,0.1667
"locus2410",0.2917,0,0.1,0,0,0,0,0.0455,0,0,0,0,0,0.0417,0.3889,0,0.0625,0.1667,0,0.4444,0.1,0,0.1364,0
"locus2411",0.25,0.4375,0.25,0.4091,0.3571,0.3333,0.2778,0.2727,0.375,0.15,0.4375,0.2222,0.125,0.1667,0.4444,0.5,0.1875,0.4444,0.1667,0.4444,0.3,0.35,0.3182,0.5
"locus2412",0.0833,0.0625,0.3,0.0455,0.0714,0,0.0556,0.5,0.0625,0,0,0,0.5,0.375,0.0556,0,0.3125,0.4444,0.0833,0.0556,0,0.5,0.0455,0
"locus2413",0.375,0.4375,0.5,0.3182,0.1429,0.4583,0.4444,0.4091,0.25,0.35,0.1875,0.4444,0.3125,0.375,0.2222,0.3333,0.3125,0.1667,0.5,0.3889,0.4,0.15,0.5,0.3333
"locus2414",0.0417,0,0,0,0.0714,0.0417,0,0.2727,0,0,0,0,0.0625,0,0,0,0,0.2222,0,0,0,0.05,0,0
"locus2415",0.2083,0.5,0.2,0.4091,0.5,0.3333,0,0.1364,0.3125,0.4,0.0625,0.4444,0.0625,0.2083,0.3889,0.3333,0.1875,0.1111,0.0833,0.5,0.15,0.05,0.3182,0.1667
"locus2416",0,0.0625,0,0.0455,0,0.1667,0,0,0,0.15,0,0.1111,0,0.0417,0,0,0,0,0,0,0,0,0,0
"locus2417",0,0.0625,0.05,0,0,0,0,0.1364,0,0,0.0625,0,0,0,0,0,0,0,0,0,0.2,0,0,0
"locus2418",0.4583,0.1875,0.1,0.3182,0.2143,0.25,0.1111,0,0.3125,0.4,0.0625,0.4444,0,0.1667,0.4444,0,0.1875,0.1111,0.0833,0.2222,0.3,0,0.4545,0.1667
"locus2419",0.375,0.5,0.5,0.3636,0.0714,0.375,0.3889,0.4545,0.3125,0.45,0.3125,0.4444,0.3125,0.5,0.3889,0.3333,0.3125,0.3333,0.5,0.2222,0.35,0.4,0.3636,0.4583
"locus2420",0.1667,0.4375,0.25,0,0.2857,0.4583,0.5,0.2273,0.0625,0.25,0.0625,0.1667,0.25,0.125,0,0,0.1875,0.0556,0.25,0.0556,0.15,0.2,0.3636,0.4167
"locus2421",0.0417,0,0,0,0.0714,0,0,0,0.0625,0,0,0,0.0625,0,0.1667,0.1667,0,0.0556,0,0,0,0.05,0,0
"locus2422",0,0,0.1,0,0,0,0,0.0455,0,0,0,0,0,0.125,0,0,0.125,0,0.1667,0,0,0,0.0455,0
"locus2423",0.125,0.125,0.1,0,0,0.0417,0.1667,0,0.25,0.3,0,0.3889,0.375,0.0417,0.2222,0.1667,0.0625,0.2222,0,0,0.1,0,0.2273,0.0417
"locus2424",0.0833,0,0.05,0,0,0.0417,0.0556,0.0455,0.375,0.1,0.0625,0,0.125,0.0833,0.1111,0,0.1875,0.2222,0,0.0556,0.05,0.05,0.0455,0.0417
"locus2425",0.0833,0,0,0.2273,0,0,0,0,0,0,0.1875,0,0,0,0,0,0,0,0,0,0.25,0,0.2273,0
"locus2426",0,0.125,0.15,0.1364,0,0,0,0.0455,0.0625,0.05,0.125,0,0.0625,0.125,0,0,0.0625,0,0,0.1111,0,0,0,0
"locus2427",0,0,0,0.0909,0,0.0833,0,0,0,0,0,0,0,0.0417,0.2778,0,0.0625,0,0,0,0.05,0.2,0,0
"locus2428",0,0,0.25,0,0,0,0,0.0455,0,0,0,0,0.0625,0.2083,0,0,0.375,0,0,0,0,0,0,0
"locus2429",0,0.25,0,0,0,0.0833,0,0,0.0625,0.3,0,0.2222,0,0,0,0,0,0,0.0833,0,0,0.05,0,0
"locus2430",0,0.0625,0.1,0,0,0.0833,0,0.0455,0.0625,0,0.0625,0.1111,0,0,0.1111,0,0,0.0556,0,0.2222,0,0.2,0,0.0417
"locus2431",0.0833,0.125,0.15,0,0.0714,0.1667,0.0556,0.0455,0.25,0.4,0.125,0.0556,0.0625,0.125,0.1111,0,0.1875,0,0.0833,0.0556,0.1,0.1,0.0455,0.0833
"locus2432",0.0833,0.5,0.15,0.4091,0.1429,0.1667,0.4444,0.1818,0.4375,0.3,0.1875,0.5,0,0.125,0.3333,0,0.125,0.1667,0.0833,0.1111,0.2,0.2,0.0909,0.2917
"locus2433",0.5,0.3125,0.45,0.5,0.2143,0.4167,0.3333,0.4091,0.4375,0.35,0.375,0.2778,0.5,0.5,0.3889,0.3333,0.5,0.5,0.3333,0.3333,0.3,0.45,0.5,0.375
"locus2434",0.0417,0.1875,0.4,0.0455,0.3571,0.0833,0.5,0.0909,0.0625,0.15,0.375,0.2222,0,0.2917,0.0556,0,0.3125,0,0.3333,0.1111,0.05,0.25,0.1818,0.4167
"locus2435",0.125,0.0625,0,0,0.0714,0.125,0,0,0,0,0.0625,0,0,0,0,0,0.0625,0,0,0,0,0,0.1818,0
"locus2436",0.2083,0.125,0.45,0.2273,0.0714,0.25,0,0.3182,0.25,0.3,0.3125,0.3889,0.375,0.4167,0.3333,0.1667,0.375,0.4444,0.1667,0.5,0.5,0.2,0.3182,0.0833
"locus2437",0.3333,0.375,0.1,0.0909,0.2143,0.0833,0.0556,0.0455,0.0625,0.3,0.1875,0.3333,0.0625,0.1667,0.3889,0.1667,0.1875,0.0556,0.0833,0.2778,0.25,0.1,0.1818,0.0417
"locus2438",0.4583,0.4375,0.4,0.4091,0.1429,0.4583,0.1667,0.4545,0.25,0.25,0.375,0.3333,0.3125,0.375,0.1667,0.1667,0.5,0.2778,0,0.2222,0.15,0.5,0.3636,0.2083
"locus2439",0,0,0.05,0,0,0,0.0556,0,0,0.05,0,0,0,0,0,0,0,0,0,0.5,0.05,0,0,0.0417
"locus2440",0,0.125,0.1,0.0455,0.5,0.3333,0.4444,0,0.0625,0.2,0.125,0.2778,0,0.0833,0,0.1667,0.1875,0.0556,0.0833,0.0556,0.05,0.2,0.1818,0.25
"locus2441",0,0,0.1,0,0,0.0417,0,0.0909,0,0,0.0625,0,0,0,0,0,0.125,0,0.0833,0,0,0,0.0455,0
"locus2442",0.0417,0,0,0,0,0,0.1111,0.0455,0.1875,0,0,0,0.0625,0,0,0,0,0,0,0,0.05,0.05,0.0455,0
"locus2443",0,0.375,0.05,0.2273,0.2143,0.4167,0.4444,0,0.4375,0.5,0.25,0.3889,0.125,0,0.1111,0,0.0625,0.1111,0.5,0.1111,0.15,0.05,0.1818,0.4167
"locus2444",0.25,0.0625,0,0.3636,0,0.1667,0.1667,0.0455,0.25,0,0.25,0.0556,0.0625,0.0833,0.5,0.3333,0.1875,0.1111,0.0833,0.5,0.45,0.15,0.5,0.1667
"locus2445",0.1667,0.25,0.35,0.0455,0,0.2083,0.2222,0.4091,0.1875,0.05,0.0625,0,0.375,0.375,0.1667,0,0.4375,0.3333,0.3333,0.1111,0,0.25,0.0455,0.125
"locus2446",0.4167,0.4375,0.3,0.2273,0.3571,0.3333,0.1667,0.3182,0.25,0.35,0.125,0.3333,0.3125,0.375,0.3333,0.5,0.375,0.1667,0.0833,0.3333,0.25,0.4,0.3182,0.1667
"locus2447",0,0.125,0.15,0.0455,0.2143,0.2083,0.4444,0.1364,0.1875,0,0.1875,0.0556,0,0.0833,0,0.1667,0,0,0.3333,0.1111,0.1,0.05,0.1818,0.3333
"locus2448",0.0833,0,0,0.1818,0.0714,0.0417,0,0,0,0,0,0,0,0,0.1111,0,0.0625,0,0,0.2222,0,0,0.0455,0.0417
"locus2449",0.1667,0.0625,0,0.0455,0,0,0,0.0455,0,0,0,0,0,0,0.1111,0,0,0,0,0,0.05,0.1,0.0909,0
"locus2450",0.0417,0,0,0.0455,0.3571,0.0417,0.5,0.2273,0,0.1,0,0,0,0,0.1111,0,0,0.3333,0.1667,0,0.1,0,0.1818,0.4167
"locus2451",0.4167,0.4375,0.4,0.2727,0.1429,0.375,0.0556,0.2727,0.4375,0.4,0.25,0.3889,0.25,0.4583,0.2778,0.3333,0.5,0.3333,0.5,0.3889,0.25,0.3,0.2273,0.125
"locus2452",0,0,0.1,0,0,0.125,0.1667,0,0,0.05,0,0,0.125,0.0833,0,0,0.125,0,0.25,0.0556,0,0,0.0455,0.25
"locus2453",0.0417,0.5,0.1,0.0909,0.3571,0.4167,0,0.1364,0,0.35,0,0.4444,0.0625,0.0833,0.1111,0,0.1875,0,0,0,0.05,0.05,0,0.1667
"locus2454",0.0833,0,0,0.0455,0,0,0,0,0,0,0,0,0,0,0,0.1667,0,0,0,0.3333,0,0.15,0,0
"locus2455",0,0,0.05,0.2727,0,0.0833,0.0556,0.1818,0.1875,0,0,0,0.0625,0,0.0556,0,0.125,0.1111,0,0,0,0,0.0455,0.2083
"locus2456",0.3333,0.125,0,0.2727,0,0,0.0556,0,0,0,0.0625,0,0.1875,0,0,0,0,0.0556,0,0.0556,0.2,0.15,0.2273,0
"locus2457",0,0,0,0,0,0,0.1111,0,0,0,0,0.2778,0,0.0417,0,0.1667,0.0625,0,0,0,0.05,0,0,0
"locus2458",0.125,0,0.05,0,0,0,0,0.0909,0,0,0.1875,0,0.1875,0.0833,0.3333,0,0,0,0.0833,0.3333,0.2,0.2,0.0909,0
"locus2459",0.0417,0,0,0,0.0714,0.25,0.1111,0.0455,0,0.2,0,0.2222,0,0.0833,0,0,0.0625,0,0,0,0,0,0.0455,0.0417
"locus2460",0,0,0.05,0,0,0,0.2222,0.0455,0,0.05,0,0.1111,0,0,0,0,0.0625,0.0556,0,0,0.05,0,0.1364,0.2083
"locus2461",0.0833,0,0,0.1818,0,0.0417,0,0,0,0,0,0,0,0,0.1111,0,0,0,0,0.0556,0.05,0,0,0
"locus2462",0,0.0625,0,0,0,0.0417,0,0,0,0.35,0,0,0,0,0,0,0,0,0,0,0.15,0.05,0,0.0417
"locus2463",0.125,0.0625,0.1,0,0,0.1667,0,0.0455,0,0,0.0625,0,0,0,0,0,0,0,0,0,0.15,0.1,0,0
"locus2464",0.2083,0.25,0,0,0,0.0417,0,0.1818,0,0.25,0,0.1111,0.1875,0.1667,0.1667,0.1667,0.125,0,0,0.0556,0.15,0.05,0.2727,0.2917
"locus2465",0.375,0.125,0.2,0.3636,0.4286,0.0417,0.4444,0.2727,0.1875,0.25,0.4375,0,0.25,0.2917,0.5,0.3333,0.25,0.2222,0.5,0.2778,0.15,0.25,0.3182,0.4583
"locus2466",0,0,0.15,0,0,0,0.1111,0,0,0,0.0625,0,0,0.0833,0,0.1667,0,0,0.0833,0.0556,0,0.05,0,0.0417
"locus2467",0,0,0,0,0,0.1667,0,0.1364,0,0.1,0,0,0,0.0833,0.0556,0,0.125,0,0,0,0,0,0,0
"locus2468",0.125,0.125,0,0.4545,0.0714,0.125,0.1111,0.0455,0,0.35,0.1875,0.4444,0.0625,0,0,0,0.0625,0,0.0833,0,0.15,0.05,0.1364,0
"locus2469",0.125,0.4375,0.25,0.1818,0.4286,0.25,0.4444,0.3182,0.4375,0.35,0.375,0.2778,0.25,0.25,0.2778,0.3333,0.125,0.1111,0.5,0.1111,0.1,0.15,0.5,0.25
"locus2470",0.3333,0.3125,0.3,0.2727,0.0714,0,0.3889,0.2273,0,0.2,0.5,0.0556,0.375,0.4583,0.2222,0.1667,0.4375,0.4444,0.25,0.3333,0.05,0.25,0.3636,0.2083
"locus2471",0.2083,0.25,0.2,0.0455,0.2857,0.2917,0.2778,0.1364,0,0.2,0.375,0.0556,0.1875,0.2917,0.0556,0.1667,0.5,0,0.4167,0.0556,0.05,0.35,0.0455,0.3333
"locus2472",0,0.1875,0.2,0.0455,0,0.0417,0.0556,0.0909,0.25,0,0,0,0,0.0417,0.2778,0,0,0,0.0833,0.5,0,0,0.0455,0
"locus2473",0.3333,0.3125,0.4,0.3182,0.3571,0.4167,0.3333,0.3636,0.375,0.35,0.5,0.3333,0.4375,0.2083,0.4444,0.3333,0.1875,0.2778,0.3333,0.1667,0.35,0.35,0.3636,0.3333
"locus2474",0.375,0.1875,0.15,0.4545,0,0.1667,0.0556,0.0455,0.0625,0,0.0625,0,0,0.0417,0.4444,0.5,0.0625,0.1667,0.0833,0.1667,0.3,0.2,0.0455,0.0417
"locus2475",0.125,0.0625,0.1,0.0909,0.0714,0.0417,0.0556,0.1364,0.1875,0.15,0.125,0,0.125,0.2083,0.1111,0.1667,0.125,0.0556,0,0.3333,0.25,0.1,0.0909,0.0833
"locus2476",0.4583,0.0625,0.15,0.4091,0,0.0833,0.1667,0.4091,0.1875,0.2,0.3125,0.2778,0.375,0.25,0.3333,0.3333,0.3125,0.2778,0.0833,0.4444,0.3,0.4,0.3182,0.0833
"locus2477",0,0,0,0.0455,0.1429,0.0417,0.3333,0,0,0.05,0,0,0.1875,0.125,0,0,0,0,0.25,0,0,0.25,0.1364,0.375
"locus2478",0.0417,0,0.05,0.0909,0,0.0417,0.1111,0,0,0,0.0625,0.1111,0.0625,0.0833,0,0,0.0625,0.0556,0.0833,0,0,0.05,0,0.0833
"locus2479",0.0833,0.0625,0.05,0,0,0.4167,0,0.0455,0,0.1,0,0.2778,0,0,0,0,0,0,0,0,0,0,0.0455,0.0417
"locus2480",0.0833,0.125,0.05,0,0.0714,0,0.0556,0.0455,0.125,0,0.0625,0.1667,0.0625,0.0417,0.0556,0.1667,0.0625,0.0556,0.0833,0.1111,0.2,0.1,0.0909,0.2083
"locus2481",0.0833,0,0,0,0,0.125,0,0.0909,0.125,0.05,0.0625,0,0.125,0.0417,0,0,0.0625,0,0,0,0.05,0.05,0.0455,0
"locus2482",0.0417,0,0,0,0,0,0,0.0455,0,0,0,0,0,0.0833,0,0.3333,0,0,0.1667,0.1667,0.05,0.15,0.0455,0
"locus2483",0.4167,0.1875,0.45,0.4545,0.2857,0.1667,0.4444,0.3636,0.5,0.1,0.25,0,0.375,0.3333,0.3889,0.1667,0.375,0.5,0.1667,0.2778,0.35,0.4,0.4545,0.4583
"locus2484",0.1667,0.0625,0.1,0.0455,0,0.25,0.1667,0.1818,0.125,0.15,0.125,0.1111,0.125,0.0417,0.1111,0,0.0625,0.0556,0,0.0556,0,0,0,0.0833
"locus2485",0.0417,0.0625,0,0,0,0,0,0,0,0.05,0,0,0,0,0.1667,0,0,0,0,0,0.1,0.1,0,0
"locus2486",0.5,0.375,0.25,0.3636,0.0714,0.4583,0.2222,0.3636,0.3125,0.3,0.125,0.2778,0.375,0.3333,0.2778,0.1667,0.3125,0.4444,0.0833,0.2222,0.3,0.15,0.3182,0.25
"locus2487",0,0,0,0,0.1429,0.1667,0.0556,0,0,0.05,0,0.0556,0,0.0417,0,0,0.0625,0,0,0,0,0,0,0.0833
"locus2488",0.375,0.125,0.25,0.1364,0.1429,0.125,0.2222,0.4545,0.1875,0.05,0.375,0,0.4375,0.25,0.3889,0.1667,0.4375,0.3889,0.3333,0.2778,0.45,0.35,0.4091,0.2083
"locus2489",0.25,0.125,0.25,0.0455,0,0.0417,0,0.2727,0.25,0.1,0,0,0.3125,0.1667,0.5,0.3333,0.125,0.3889,0.0833,0.3333,0.2,0.2,0.0455,0
"locus2490",0.25,0,0.25,0,0,0.0833,0,0.0909,0.125,0.2,0,0,0.1875,0.0417,0.0556,0.3333,0.0625,0.1667,0.0833,0,0.15,0.05,0.1364,0
"locus2491",0,0.125,0.1,0,0.2857,0.0417,0,0.0909,0,0.2,0.1875,0.1111,0.0625,0,0,0,0.125,0.0556,0,0,0,0,0.0909,0.1667
"locus2492",0.0833,0.25,0.4,0.0455,0.2857,0.4167,0.3333,0.2273,0.3125,0.4,0.375,0.5,0.1875,0.4167,0,0,0.3125,0.1111,0.0833,0.0556,0,0.4,0.0455,0.4583
"locus2493",0.3333,0.125,0.25,0.4091,0.2857,0.2917,0.3333,0.4545,0.3125,0.05,0.375,0.0556,0.3125,0.3333,0.2222,0.3333,0.375,0.3889,0.25,0.2778,0.25,0.3,0.3182,0.4583
"locus2494",0,0.0625,0.4,0.0455,0,0,0.1111,0.1818,0,0.05,0,0,0,0.375,0,0.1667,0.375,0.0556,0.3333,0.4444,0.05,0.4,0,0.0417
"locus2495",0,0,0,0,0.2857,0,0.0556,0,0.1875,0,0.0625,0.1111,0,0,0.2222,0,0.1875,0,0,0.0556,0.2,0,0.0455,0.0833
"locus2496",0,0,0.05,0,0,0,0,0.0455,0,0.1,0,0,0,0.0417,0.0556,0.1667,0.1875,0,0,0,0.05,0,0.4091,0
"locus2497",0.2083,0,0.2,0,0,0,0,0.1818,0,0.05,0.0625,0,0.0625,0.0833,0,0.1667,0.0625,0,0,0.2222,0.05,0,0.0909,0
"locus2498",0.0417,0.0625,0,0,0,0.125,0.2778,0,0,0.05,0.1875,0,0,0.125,0,0.1667,0.125,0,0.3333,0.0556,0.05,0.05,0,0.2083
"locus2499",0.4167,0.3125,0.5,0.2273,0.4286,0.4583,0.5,0.5,0.125,0.3,0.5,0.2778,0.4375,0.3333,0.3889,0.1667,0.25,0.1667,0.3333,0.1111,0.5,0.35,0.4545,0.4167
"locus2500",0.2917,0,0,0,0,0,0,0.0455,0,0.05,0,0,0,0,0.2778,0,0,0.1111,0,0,0.1,0,0,0
"locus2501",0,0.375,0,0,0.5,0.4167,0.3333,0,0.0625,0.4,0.0625,0.3333,0,0,0.0556,0,0,0,0.1667,0.0556,0.05,0,0.0909,0.375
"locus2502",0.0833,0,0,0.0909,0,0,0,0,0,0,0,0,0,0,0.1111,0,0.0625,0,0,0.2222,0,0,0.0909,0
"locus2503",0.0833,0,0.05,0,0,0,0,0.0455,0,0,0.0625,0,0,0.0833,0,0,0,0.1111,0,0.0556,0,0.15,0,0
"locus2504",0.3333,0.3125,0.35,0.3182,0,0.2083,0.3889,0.5,0.3125,0.1,0.25,0.1667,0.3125,0.375,0.2222,0,0.375,0.3333,0.3333,0.0556,0.5,0.4,0.3182,0.2083
"locus2505",0,0.25,0.05,0.0455,0,0.5,0.0556,0,0.125,0.3,0,0.4444,0,0.0417,0,0,0,0,0,0,0.05,0,0.0455,0
"locus2506",0.125,0.0625,0.05,0,0,0.0417,0.1111,0.0455,0.125,0,0.0625,0.0556,0.1875,0.125,0.2778,0,0.125,0,0,0.0556,0.1,0.2,0,0.0417
"locus2507",0.375,0.0625,0.3,0.3182,0,0.0833,0.1111,0.2273,0.125,0.1,0.25,0,0.25,0.25,0.3333,0.3333,0.25,0.2222,0.3333,0.1667,0.3,0.2,0,0.125
"locus2508",0,0,0,0,0.5,0.3333,0.3333,0,0,0,0.375,0,0,0.125,0,0,0.0625,0,0.3333,0.0556,0.05,0.05,0.2273,0.375
"locus2509",0.3333,0.3125,0.2,0.4091,0,0.2083,0.1111,0.0909,0.25,0.3,0.1875,0.3889,0.1875,0.1667,0.3333,0,0.0625,0.1667,0,0.5,0.5,0,0.2727,0
"locus2510",0.0417,0,0,0.0455,0.0714,0,0,0,0.3125,0,0,0,0,0,0.0556,0,0,0.0556,0,0,0,0.1,0,0
"locus2511",0.0417,0.25,0.05,0.0455,0,0.2917,0.0556,0.2273,0.0625,0.05,0.0625,0.1667,0.375,0.375,0.4444,0.5,0.125,0.1111,0.25,0.3333,0.2,0.05,0.0909,0.0833
"locus2512",0.125,0.1875,0.3,0.1364,0.2857,0.125,0.1667,0.2273,0,0.05,0.125,0.1667,0.25,0.4583,0,0.3333,0.3125,0.2222,0.1667,0,0.1,0.2,0.1818,0.375
"locus2513",0.0417,0,0.05,0.0909,0,0,0,0,0,0.05,0.0625,0,0,0,0.0556,0,0,0,0.1667,0,0.05,0,0,0.2083
"locus2514",0.125,0.4375,0,0.0455,0.4286,0.125,0.1111,0.1364,0.1875,0.5,0.1875,0.4444,0.0625,0.0833,0.1111,0,0.125,0,0.25,0.2222,0.05,0.05,0.1818,0.3333
"locus2515",0.1667,0,0.05,0.1364,0,0.0417,0.1667,0.0909,0.0625,0,0.1875,0.0556,0.0625,0.2083,0,0.1667,0.125,0,0.0833,0.1111,0.1,0.1,0.0455,0
"locus2516",0.0417,0.125,0.05,0,0.2143,0.25,0.0556,0.0455,0.0625,0.15,0,0.1111,0,0,0,0,0.0625,0.0556,0,0,0,0,0,0.0833
"locus2517",0,0,0,0,0.4286,0.0417,0.0556,0,0,0,0,0,0,0,0,0,0.0625,0,0,0,0,0,0.0455,0.2083
"locus2518",0.125,0,0,0.1818,0,0,0,0,0,0,0.0625,0,0.0625,0,0.1667,0.1667,0,0,0.0833,0.0556,0,0.25,0,0.0833
"locus2519",0,0.125,0,0,0,0.1667,0.1111,0,0,0.05,0,0,0,0.0417,0,0,0,0,0,0.0556,0,0,0,0.2917
"locus2520",0.1667,0.0625,0.4,0.1364,0.4286,0.3333,0.2778,0.1818,0.25,0.1,0.5,0,0.1875,0.3333,0,0.3333,0.25,0.0556,0.25,0.1667,0.15,0.35,0.5,0.3333
"locus2521",0.4583,0.0625,0.05,0.3636,0,0,0.1111,0.3182,0.1875,0.05,0.0625,0,0.25,0.0417,0.3889,0.3333,0,0.2222,0,0.4444,0.45,0.25,0.4545,0
"locus2522",0.0833,0.3125,0.05,0.0455,0.3571,0.1667,0.4444,0.0455,0.125,0.2,0.25,0.2778,0.0625,0,0.4444,0,0.125,0.0556,0.3333,0.1111,0.05,0.1,0.1364,0.375
"locus2523",0.0417,0.3125,0.2,0.2273,0.2857,0.3333,0.5,0.2727,0.25,0.25,0.25,0.2222,0.25,0.3333,0.1667,0.3333,0.1875,0.3333,0.3333,0.0556,0.05,0.45,0.2727,0.4167
"locus2524",0.4583,0.4375,0.3,0.5,0.4286,0.4583,0.3889,0.4545,0.25,0.4,0.5,0.3889,0.3125,0.2917,0.4444,0.3333,0.1875,0.3889,0.4167,0.5,0.4,0.35,0.4545,0.4583
"locus2525",0.0833,0,0,0,0,0,0,0.0909,0,0,0,0,0,0.0833,0.1111,0,0.125,0,0,0.2778,0,0.05,0,0
"locus2526",0.1667,0,0.15,0.0455,0,0.0417,0.0556,0.0455,0,0.05,0,0,0.0625,0.125,0.3333,0.1667,0.125,0.1111,0,0.1667,0.05,0.2,0.1818,0.0417
"locus2527",0.125,0.4375,0.4,0.1818,0.4286,0.375,0.3889,0.5,0.375,0.45,0.4375,0.2222,0.4375,0.4167,0.5,0.3333,0.3125,0.3889,0.4167,0.4444,0.35,0.4,0.4091,0.2917
"locus2528",0,0.0625,0,0,0,0.125,0.0556,0.0455,0.0625,0,0.125,0.1111,0.0625,0,0,0.1667,0,0,0.0833,0,0,0.1,0,0
"locus2529",0.0417,0.1875,0.3,0.0455,0,0.0833,0,0.1364,0,0.05,0.0625,0,0.4375,0.1667,0,0,0,0.1111,0.25,0,0,0.2,0.0455,0.0417
"locus2530",0,0,0,0,0,0,0.0556,0,0,0,0,0.0556,0.125,0.0417,0,0,0,0.1111,0.0833,0.0556,0,0.1,0.1364,0
"locus2531",0,0,0,0,0,0,0,0.0455,0.1875,0,0,0.0556,0.0625,0,0.2222,0,0.0625,0.1667,0,0,0,0,0,0
"locus2532",0.2083,0.125,0.15,0,0,0.0833,0.1667,0.2273,0,0.1,0.0625,0,0.25,0.25,0.0556,0,0.1875,0.1667,0.1667,0,0.05,0.1,0.1818,0.1667
"locus2533",0,0.0625,0.1,0,0.0714,0.0833,0.2222,0,0.125,0,0,0.1111,0.0625,0.0417,0.0556,0,0.1875,0,0,0.0556,0.05,0.35,0,0.2083
"locus2534",0,0,0,0,0,0.2083,0,0,0,0,0,0,0,0,0,0,0,0,0,0,0.1,0.1,0.0455,0.2917
"locus2535",0,0.0625,0,0,0.2857,0.0833,0.3333,0,0,0.05,0,0.0556,0,0,0,0,0,0,0,0,0,0,0.2273,0.125
"locus2536",0.4583,0.25,0.4,0.3636,0.4286,0.3333,0.5,0.3636,0.3125,0.5,0.375,0.3889,0.25,0.5,0.3889,0.3333,0.5,0.3889,0.4167,0.4444,0.45,0.3,0.4091,0.4583
"locus2537",0,0,0,0.1818,0,0,0.0556,0.0455,0.0625,0,0,0.0556,0,0,0,0,0.0625,0,0,0,0.1,0.05,0,0.0417
"locus2538",0,0,0,0.0455,0.1429,0.1667,0.1111,0,0,0,0,0,0,0,0,0,0.0625,0,0.1667,0,0,0,0.1364,0.125
"locus2539",0.125,0.0625,0,0.0909,0,0,0,0.1364,0,0,0.0625,0,0.0625,0.0417,0.1111,0.1667,0.0625,0.2778,0,0,0.05,0,0.0909,0
"locus2540",0,0,0.05,0,0,0.0417,0,0,0,0,0.125,0,0,0,0,0,0.0625,0,0,0.1111,0.05,0.05,0.1818,0
"locus2541",0.125,0.125,0.05,0.0455,0,0.0417,0.0556,0.1818,0.0625,0,0.0625,0.0556,0.1875,0.125,0.2222,0,0.3125,0.3333,0.0833,0.2222,0.15,0.45,0.0455,0
"locus2542",0,0.125,0,0,0.0714,0.1667,0,0,0,0.1,0,0.2222,0.0625,0,0,0,0.0625,0,0.0833,0,0,0,0,0.0833
"locus2543",0,0,0.05,0,0,0.0833,0.1111,0,0.1875,0,0,0.0556,0,0,0.0556,0,0.0625,0,0.1667,0.1111,0.1,0.15,0,0.125
"locus2544",0,0,0,0,0.2143,0.125,0.1111,0,0,0,0,0.0556,0,0,0,0,0.0625,0,0,0,0.05,0,0,0.0417
"locus2545",0.2083,0.3125,0.35,0.3182,0.1429,0.1667,0.2222,0.4091,0.25,0.25,0.3125,0.5,0.375,0.375,0.3333,0.3333,0.4375,0.3889,0.25,0.1111,0.2,0.35,0.3636,0
"locus2546",0,0,0,0,0,0,0,0.2727,0.3125,0,0,0,0.0625,0,0,0,0,0,0,0,0,0,0,0
"locus2547",0.0417,0.0625,0,0.1364,0,0,0,0.0909,0.0625,0,0,0.0556,0,0.0417,0.1667,0,0.0625,0.0556,0,0,0.05,0.05,0,0.0417
"locus2548",0.25,0,0.4,0.2273,0,0.0417,0,0.3182,0.125,0.05,0.1875,0,0.3125,0.3333,0.1111,0.1667,0.25,0.3333,0.1667,0.2222,0.3,0.3,0.0455,0.0417
"locus2549",0.0417,0,0,0,0.0714,0.0833,0,0.0455,0,0,0,0.0556,0,0,0,0,0,0.1111,0.1667,0,0.05,0.05,0.0455,0.0417
"locus2550",0,0.0625,0,0,0,0.0417,0,0,0.1875,0.15,0.0625,0.0556,0.0625,0.0417,0,0,0.0625,0,0.1667,0,0,0.1,0.0455,0.125
"locus2551",0,0,0.1,0.4091,0,0,0.0556,0.0455,0,0,0.125,0,0.125,0.125,0,0.1667,0,0,0.0833,0.2222,0.1,0,0.0455,0.0833
"locus2552",0.1667,0,0.3,0.0455,0.2857,0,0.2778,0.0909,0,0.15,0.0625,0.1111,0.1875,0.125,0.2222,0.3333,0.125,0.1111,0.1667,0.2222,0,0.3,0.1364,0.4167
"locus2553",0,0.0625,0,0,0,0,0,0,0,0.05,0,0.2778,0,0,0,0,0,0,0,0,0,0,0.0909,0.0833
"locus2554",0,0.0625,0,0,0,0,0.1111,0,0,0,0,0,0.125,0.125,0,0,0.0625,0,0,0,0.05,0.15,0,0
"locus2555",0,0.125,0.05,0,0.2143,0.2917,0.0556,0,0.0625,0.1,0,0.0556,0,0,0,0,0,0,0,0,0.05,0,0.1364,0
"locus2556",0,0.125,0,0.0909,0.4286,0.375,0,0,0.0625,0.35,0.0625,0.2778,0,0.0833,0,0,0,0,0,0,0.05,0,0.0455,0.0417
"locus2557",0.375,0.375,0.3,0,0.4286,0.4583,0.3889,0.1364,0.125,0.45,0.25,0.5,0.1875,0.2083,0.3333,0.1667,0.5,0,0.4167,0,0.05,0.35,0.4545,0.4583
"locus2558",0.0417,0.0625,0.05,0.1364,0.0714,0.2083,0.1111,0.0909,0.0625,0.4,0,0,0.3125,0.2917,0,0.1667,0.125,0.0556,0.0833,0,0.05,0.25,0.0455,0.0417
"locus2559",0,0.375,0,0,0,0.125,0.0556,0,0,0.1,0.0625,0,0,0,0,0,0,0,0,0,0,0,0,0
"locus2560",0.2083,0.0625,0,0.0455,0,0,0,0.0455,0.0625,0,0.125,0,0.0625,0,0.2222,0.1667,0.0625,0.1667,0,0.2778,0,0,0.0909,0.0833
"locus2561",0.1667,0.0625,0.15,0.1364,0.0714,0.0417,0.0556,0,0.1875,0,0.0625,0.0556,0,0.0417,0.2778,0,0,0.1667,0.0833,0.1667,0.15,0,0.0909,0
"locus2562",0.3333,0.5,0.45,0.3636,0.3571,0.4583,0.4444,0.3636,0.0625,0.25,0.4375,0.2778,0.375,0.4167,0.1111,0.3333,0.375,0.3889,0.4167,0.2222,0.25,0.5,0.2273,0.4167
"locus2563",0.375,0.375,0.45,0.4091,0,0.0833,0.1667,0.4545,0.4375,0.1,0.4375,0,0.4375,0.4167,0.4444,0.5,0.4375,0.5,0.4167,0.3889,0.45,0.4,0.4545,0.0417
"locus2564",0.1667,0,0,0,0,0,0,0,0,0,0,0,0,0,0.0556,0,0,0,0,0.2778,0.05,0,0,0
"locus2565",0.4583,0.25,0.3,0.4091,0.2857,0.2083,0.2222,0.4545,0.4375,0.3,0.25,0.2222,0.375,0.0833,0.4444,0.1667,0.375,0.3333,0.1667,0.1667,0.45,0.3,0.4091,0.2917
"locus2566",0.3333,0.25,0.25,0.4545,0.2857,0.4167,0.3333,0.4091,0.1875,0.4,0.1875,0.2778,0.1875,0.4167,0.1667,0.3333,0.3125,0.3333,0.1667,0.3333,0.35,0.35,0.5,0.4167
"locus2567",0,0.125,0.1,0.1818,0,0,0,0.1818,0,0,0,0,0.1875,0.25,0.1111,0,0.125,0.1111,0,0,0,0,0,0.0417
"locus2568",0.0833,0.0625,0.05,0.0455,0.1429,0.2917,0.2222,0.1364,0,0.2,0.1875,0.1111,0.1875,0.375,0,0.1667,0.125,0,0.25,0,0.05,0.2,0.1364,0.0417
"locus2569",0.0417,0.0625,0.05,0.0909,0,0,0,0.0455,0.0625,0.05,0.0625,0.0556,0.125,0,0.0556,0,0,0.0556,0,0,0.05,0.05,0,0
"locus2570",0.125,0.3125,0.35,0.2727,0.3571,0.2083,0.3333,0.3636,0.375,0.1,0.4375,0.1667,0.3125,0.25,0.2222,0.3333,0.1875,0.1111,0.5,0.5,0.2,0.2,0.4091,0.5
"locus2571",0.125,0.1875,0.15,0.3636,0.4286,0.5,0.1111,0.1364,0.5,0.25,0.1875,0.2222,0.3125,0.2083,0.1111,0.1667,0,0,0.25,0.0556,0.25,0.05,0.4091,0.4167
"locus2572",0.125,0.125,0.1,0.0909,0.2143,0.0833,0,0.0455,0.0625,0.4,0.0625,0.5,0.125,0,0,0,0,0.0556,0,0,0.15,0.05,0.0455,0.0833
"locus2573",0.0833,0.4375,0,0.1818,0.0714,0.1667,0,0,0.0625,0,0,0,0,0,0.1667,0,0,0,0,0.5,0.05,0.1,0.1818,0.0833
"locus2574",0,0,0.05,0,0,0.0417,0.0556,0.0455,0.125,0.05,0.0625,0,0.125,0.25,0,0,0.1875,0.0556,0.0833,0,0,0.05,0.0455,0
"locus2575",0,0.3125,0.1,0.0909,0.2857,0.5,0.4444,0,0.1875,0.2,0.125,0.0556,0.4375,0.25,0,0.3333,0.3125,0.0556,0.5,0.0556,0.05,0.25,0.2727,0.2083
"locus2576",0.0417,0,0.15,0.0455,0,0,0,0.2273,0.3125,0,0,0,0.125,0,0.0556,0,0.0625,0.0556,0.0833,0,0,0.1,0.0455,0
"locus2577",0.0833,0,0.05,0.3182,0.0714,0.0417,0.0556,0.0455,0,0.15,0,0,0,0.125,0,0,0,0,0,0,0.2,0.05,0.1364,0
"locus2578",0.25,0,0,0,0.0714,0,0,0,0,0.1,0,0.0556,0,0.0417,0,0,0,0.1111,0,0,0,0.05,0,0
"locus2579",0.0833,0.125,0.1,0.0909,0,0.0833,0,0.0455,0.125,0.05,0,0.0556,0.125,0.1667,0.0556,0,0,0.1667,0.0833,0,0.2,0.05,0.0909,0.0417
"locus2580",0.0417,0,0,0,0,0,0.2778,0,0.125,0,0,0.1111,0.125,0,0,0,0.0625,0,0,0,0,0.05,0,0
"locus2581",0.0417,0,0.25,0,0,0,0.0556,0.1364,0,0,0,0,0.0625,0.0833,0,0,0,0.0556,0,0,0,0,0,0
"locus2582",0,0.0625,0.05,0,0,0.2083,0.2778,0,0,0.05,0.0625,0,0.0625,0.2083,0,0,0.0625,0,0,0,0,0.05,0.0909,0.2083
"locus2583",0.0417,0,0,0,0,0,0,0,0,0,0,0,0,0.0417,0.1111,0,0,0,0,0.3333,0,0,0.0455,0.0417
"locus2584",0.0417,0.0625,0.05,0.0455,0,0.0417,0,0,0,0,0,0,0,0,0.5,0.1667,0.0625,0,0,0,0.15,0.1,0.0909,0
"locus2585",0.0417,0,0.15,0,0.1429,0.125,0.1111,0,0,0.05,0,0.0556,0,0.0417,0,0,0,0.0556,0,0,0.05,0.1,0,0.0833
"locus2586",0,0,0,0,0.2143,0.0417,0.1111,0,0,0,0,0,0.0625,0.1667,0,0,0.0625,0,0.1667,0,0.05,0,0,0.0833
"locus2587",0,0.0625,0,0.0455,0,0.0417,0.0556,0,0.125,0.1,0,0,0.0625,0.0833,0,0,0.0625,0,0.0833,0,0,0.1,0.0455,0.0833
"locus2588",0,0.125,0.05,0.1818,0,0.0417,0.1111,0.0455,0.125,0.05,0.125,0.0556,0,0.125,0,0,0,0.1111,0,0.0556,0,0.2,0,0
"locus2589",0,0.25,0.05,0,0,0.4583,0,0,0,0.05,0.0625,0,0.375,0.0417,0,0,0.3125,0,0,0.2778,0.05,0,0,0
"locus2590",0.1667,0.375,0.3,0.3182,0.4286,0.1667,0.1667,0.3182,0.3125,0.3,0.125,0.4444,0.3125,0.2083,0.4444,0,0.25,0.3889,0.3333,0.3889,0.35,0.25,0.3636,0.3333
"locus2591",0.4167,0.3125,0.2,0.3182,0.3571,0.4583,0.2222,0.4545,0.25,0.2,0.375,0.3889,0.4375,0.4167,0.3889,0.1667,0.1875,0.3889,0.25,0.4444,0.45,0.2,0.3636,0.375
"locus2592",0.125,0.1875,0.1,0.4545,0,0,0.0556,0.1364,0,0.2,0.1875,0.1111,0.125,0,0.2222,0.1667,0.125,0.1111,0.1667,0.2222,0.45,0.25,0.2727,0
"locus2593",0.125,0,0,0.0909,0,0,0,0,0.0625,0,0,0,0,0,0,0,0.0625,0.0556,0,0,0.1,0.05,0,0
"locus2594",0,0.1875,0,0,0,0.2917,0.0556,0,0,0.2,0,0.4444,0,0,0,0,0,0,0,0,0,0,0,0
"locus2595",0.375,0.375,0.4,0.3636,0.2857,0.3333,0.3333,0.4545,0.5,0.25,0.4375,0.3333,0.3125,0.25,0.4444,0.5,0.3125,0.5,0.25,0.5,0.5,0.3,0.2273,0.25
"locus2596",0.4167,0.375,0.5,0.4545,0.4286,0.5,0.5,0.4091,0.4375,0.45,0.4375,0.4444,0.5,0.5,0.4444,0.1667,0.5,0.5,0.4167,0.2778,0.4,0.5,0.4091,0.4167
"locus2597",0.0833,0,0,0.0909,0.1429,0.2083,0.1667,0,0.0625,0.15,0,0.0556,0.125,0.0417,0,0,0,0,0,0,0,0.05,0,0
"locus2598",0.2917,0.1875,0.15,0.0909,0.0714,0.0833,0,0.1364,0.125,0.4,0.3125,0.4444,0,0.125,0.1111,0.1667,0,0.0556,0,0.3333,0.2,0.15,0.0909,0.0833
"locus2599",0.125,0,0.35,0.3182,0,0.0833,0.0556,0.1818,0,0.45,0.125,0.5,0.125,0.0833,0.0556,0,0.25,0.0556,0.0833,0.3333,0.2,0.35,0.0909,0
"locus2600",0.125,0.0625,0.05,0.0455,0,0,0.0556,0.0909,0,0.05,0.0625,0.0556,0.0625,0.1667,0.1111,0,0,0.0556,0,0.1111,0.15,0.1,0.1364,0.0417
"locus2601",0,0.1875,0,0.0909,0,0.125,0,0.1818,0,0.3,0.0625,0.2778,0.125,0,0.1111,0,0,0.4444,0.0833,0.0556,0.15,0.1,0.0455,0
"locus2602",0.2083,0.0625,0,0.0909,0.2143,0.0417,0.2778,0.0455,0,0.1,0.125,0.1111,0.0625,0.0417,0,0,0.0625,0.0556,0.5,0,0.1,0.15,0.1818,0.3333
"locus2603",0.1667,0.125,0,0.0455,0.0714,0.1667,0.2222,0.0909,0,0.15,0.0625,0.1667,0,0.0417,0,0.1667,0.125,0.0556,0.1667,0,0.2,0.15,0.0455,0.1667
"locus2604",0.2083,0.4375,0.35,0.3636,0.2857,0.5,0.3889,0.1818,0.375,0.35,0.4375,0.3889,0.25,0.4583,0.3889,0.3333,0.5,0.4444,0.4167,0.3333,0.45,0.4,0.3636,0.25
"locus2605",0.0833,0,0,0,0,0,0.1111,0.0455,0,0,0.0625,0,0.0625,0,0,0.1667,0.125,0.1667,0,0,0,0.15,0.0909,0
"locus2606",0.375,0.5,0.4,0.3182,0.4286,0.375,0.4444,0.4545,0.4375,0.15,0.5,0.4444,0.5,0.5,0.5,0.5,0.375,0.3889,0.5,0.5,0.4,0.5,0.5,0.4583
"locus2607",0,0,0.05,0,0.1429,0.0833,0.1111,0,0.0625,0,0,0.0556,0,0.0833,0,0,0.0625,0,0,0,0,0.05,0.2273,0
"locus2608",0.0833,0,0.05,0,0,0,0.0556,0.0455,0,0,0,0,0,0.1667,0.0556,0,0.0625,0,0,0,0,0.05,0.1818,0
"locus2609",0.0417,0,0,0.0455,0,0,0,0,0,0,0.125,0,0,0,0,0,0,0,0.3333,0,0,0,0.0455,0.125
"locus2610",0,0.0625,0,0,0,0.0417,0.0556,0,0,0,0,0,0,0.125,0,0.1667,0.0625,0,0,0,0,0,0.2273,0.0833
"locus2611",0,0.5,0,0.0455,0,0.5,0.0556,0,0.0625,0.05,0,0.1667,0,0,0,0,0.125,0.0556,0,0,0,0,0,0
"locus2612",0.4167,0.375,0.4,0.2727,0.2857,0.3333,0.3333,0.2273,0.4375,0.35,0.375,0.3333,0.375,0.4167,0.4444,0.5,0.3125,0.4444,0.4167,0.2778,0.5,0.4,0.3636,0.375
"locus2613",0.125,0.1875,0,0.1364,0,0.0417,0.0556,0,0,0,0,0,0.0625,0.0417,0,0.1667,0.0625,0,0,0,0,0.1,0,0.0833
"locus2614",0,0.0625,0,0,0,0,0,0.0455,0,0,0,0,0,0.2083,0,0,0.125,0.1667,0,0,0,0,0.0455,0
"locus2615",0.125,0,0.05,0.3636,0.0714,0.0833,0.2778,0,0.0625,0.05,0.1875,0.0556,0.0625,0.0833,0.1667,0.1667,0.125,0,0.5,0.5,0.35,0,0.0909,0.1667
"locus2616",0,0.0625,0,0,0.2857,0.1667,0.2778,0,0,0,0,0,0,0,0,0,0.0625,0.0556,0.0833,0.0556,0,0,0.0909,0.2917
"locus2617",0,0,0.1,0,0,0,0,0,0,0,0,0.0556,0.125,0.125,0,0,0.125,0.1111,0,0,0.1,0.05,0,0
"locus2618",0,0,0.15,0,0.2143,0.3333,0.1111,0.1364,0,0.35,0.25,0.3333,0.0625,0.125,0,0,0.1875,0,0.1667,0,0,0.05,0.0455,0.0833
"locus2619",0,0,0,0,0,0.0833,0,0.0455,0.0625,0.05,0,0,0,0.0417,0,0,0,0,0.25,0,0.05,0.05,0.0455,0
"locus2620",0.4167,0.3125,0.15,0.1364,0,0.25,0.0556,0.3182,0.1875,0.1,0.0625,0,0.4375,0.2083,0.2778,0.3333,0.1875,0.5,0.0833,0.0556,0.2,0.45,0.1364,0.0833
"locus2621",0.2083,0.4375,0.15,0.4091,0.2857,0.3333,0.2778,0,0.3125,0.4,0,0.2778,0.1875,0.2083,0.0556,0,0.125,0.0556,0,0.0556,0.05,0.35,0.0455,0.2917
"locus2622",0.0417,0,0,0.0455,0.0714,0,0.1111,0.0455,0.125,0.05,0,0.1111,0.0625,0.0417,0.1111,0,0,0,0.25,0.0556,0,0.25,0,0.0417
"locus2623",0.0417,0,0.05,0,0.0714,0,0.1111,0.0909,0,0,0,0,0.125,0.1667,0,0.1667,0.0625,0,0.1667,0,0,0,0,0.0833
"locus2624",0.375,0,0,0.2727,0,0,0,0,0,0,0,0,0,0.0833,0.0556,0,0,0.2222,0,0,0.15,0,0.0455,0
"locus2625",0.3333,0.375,0.45,0.3182,0.4286,0.3333,0.5,0.2273,0.4375,0.4,0.3125,0.3889,0.375,0.375,0.2778,0.3333,0.375,0.3889,0.5,0.4444,0.25,0.2,0.3636,0.4167
"locus2626",0.0833,0.0625,0.05,0.2273,0,0,0.0556,0.1364,0.25,0,0,0.0556,0,0.0833,0.2222,0,0.125,0.0556,0,0.0556,0.2,0.05,0,0
"locus2627",0,0,0,0,0,0,0.0556,0,0,0,0.1875,0,0.0625,0.0417,0,0,0,0,0.1667,0.0556,0,0.05,0,0.125
"locus2628",0,0,0,0,0.0714,0.1667,0.0556,0.0455,0,0.25,0,0.1667,0,0.0417,0,0,0,0,0,0,0.2,0.05,0.0909,0
"locus2629",0,0.0625,0,0,0,0.0417,0.2222,0.0455,0,0.1,0,0,0.0625,0.0417,0,0,0,0.0556,0,0.0556,0,0,0,0.25
"locus2630",0.25,0.125,0.2,0.3182,0,0.1667,0.1111,0.0909,0.0625,0.1,0.375,0.3333,0.25,0.0833,0.1667,0.3333,0.125,0.1111,0.4167,0,0.3,0.15,0.0455,0
"locus2631",0.0417,0.0625,0,0.1364,0,0,0,0,0,0,0,0,0,0,0.1111,0,0.0625,0.0556,0,0,0.3,0,0,0
"locus2632",0,0,0.05,0.0455,0.0714,0,0.2222,0.0455,0,0,0.25,0,0,0.0833,0,0,0.0625,0,0,0,0,0,0.0909,0.1667
"locus2633",0.0833,0.25,0.05,0.2727,0,0.0417,0.0556,0,0,0.15,0,0.1111,0.0625,0.0417,0.2222,0,0,0,0,0,0,0.05,0.0455,0.0833
"locus2634",0.25,0,0,0.0909,0,0,0,0,0,0.05,0,0.0556,0,0,0.3333,0.3333,0,0,0,0.1111,0,0,0,0
"locus2635",0,0,0.05,0.1364,0,0,0.1111,0.0909,0,0.05,0.125,0,0.1875,0.2083,0,0.1667,0.125,0.1111,0.3333,0.2778,0,0.1,0,0.1667
"locus2636",0.0417,0.375,0.05,0.0909,0.0714,0.0833,0.0556,0.0455,0,0.15,0,0.2222,0.0625,0.125,0,0,0,0.0556,0.1667,0.2222,0,0.05,0.0455,0.0833
"locus2637",0.125,0.0625,0,0,0.1429,0,0,0.0909,0,0.3,0.0625,0,0.0625,0.0417,0.1111,0,0.0625,0.0556,0,0,0,0.05,0.0909,0
"locus2638",0.2083,0,0.1,0.0455,0,0.0833,0,0.1364,0,0.1,0,0,0,0.0833,0.0556,0.1667,0,0.0556,0,0.1667,0,0,0.1364,0.0417
"locus2639",0.2917,0.25,0.05,0.1818,0,0.0417,0.0556,0.0455,0.3125,0.1,0,0.0556,0.25,0.125,0.2222,0,0.25,0.0556,0.0833,0,0.1,0.1,0.1364,0
"locus2640",0,0.125,0,0.0455,0,0.1667,0,0,0.0625,0.3,0.0625,0.2222,0,0.0417,0,0,0,0,0,0.0556,0,0.45,0.0455,0.0417
"locus2641",0.4167,0.125,0,0.3636,0,0.0417,0,0,0.3125,0,0.1875,0,0.125,0,0.3889,0.5,0.0625,0,0,0.5,0.5,0,0.3182,0.0417
"locus2642",0.0833,0,0,0.0909,0,0,0.0556,0.0455,0,0.05,0.1875,0,0.1875,0.1667,0,0.1667,0,0.0556,0.0833,0.3333,0,0.1,0,0
"locus2643",0.25,0.1875,0.25,0.3182,0.2857,0,0.0556,0.3636,0.4375,0.1,0.25,0.2222,0.3125,0.375,0.1667,0,0.25,0.3333,0.0833,0.2222,0.4,0.15,0.3636,0.375
"locus2644",0.3333,0.4375,0.35,0.2727,0.2143,0.3333,0.4444,0.4091,0.4375,0.4,0.4375,0.2222,0.4375,0.5,0.2778,0.5,0.5,0.5,0.4167,0.1111,0.45,0.3,0.4091,0.375
"locus2645",0.0417,0,0.15,0,0.0714,0,0.0556,0.0455,0,0,0.0625,0,0,0.0417,0.2222,0,0,0,0,0,0,0.1,0,0.0417
"locus2646",0,0.0625,0,0,0,0,0,0.0455,0,0.1,0,0.1667,0.0625,0,0.0556,0,0,0,0,0,0.1,0,0.0455,0
"locus2647",0.0833,0.0625,0,0.1818,0,0.125,0,0,0,0.05,0.125,0.0556,0,0,0.0556,0,0,0,0.0833,0,0,0.05,0.0455,0.0833
"locus2648",0.0833,0,0.05,0,0,0,0,0.2273,0,0.05,0,0,0,0.0833,0,0,0.0625,0,0,0,0,0,0,0
"locus2649",0.0417,0.0625,0,0,0,0.0833,0,0.0455,0,0.05,0,0.0556,0.0625,0.0417,0,0,0,0.0556,0.1667,0,0.05,0.15,0.0909,0.125
"locus2650",0,0,0,0,0,0,0.3889,0,0,0,0,0,0,0.125,0,0,0,0,0.3333,0,0.05,0.05,0,0.2083
"locus2651",0,0,0.05,0,0.1429,0,0.0556,0,0.0625,0,0,0,0.125,0.0833,0.0556,0.3333,0,0.1667,0,0.1667,0.05,0,0.0455,0.1667
"locus2652",0,0.0625,0,0.0455,0.2857,0.375,0.2222,0.1364,0,0.15,0.125,0.4444,0,0.2083,0,0.1667,0,0,0.4167,0.0556,0.1,0.15,0.1364,0.375
"locus2653",0,0.0625,0.05,0.0455,0,0.1667,0,0.0455,0,0.05,0,0,0,0.0417,0,0,0.0625,0,0,0.0556,0.05,0.1,0,0
"locus2654",0.0417,0,0,0,0,0,0,0.0455,0.125,0.05,0,0,0,0.0417,0.0556,0,0,0.1111,0,0,0.05,0.1,0,0
"locus2655",0.0833,0.125,0,0.0909,0.2143,0.375,0.1111,0.0455,0,0.2,0.0625,0.5,0.0625,0.0833,0,0,0.125,0.2222,0.0833,0.0556,0,0.1,0,0.125
"locus2656",0.2917,0.4375,0.2,0.1364,0.4286,0.4583,0.2222,0.3182,0.5,0.4,0.1875,0.4444,0.4375,0.375,0.3333,0.1667,0.3125,0.3333,0.3333,0.2778,0.35,0.4,0.1818,0.4583
"locus2657",0,0.0625,0.05,0.0455,0.0714,0.25,0.0556,0,0,0.45,0,0.3333,0,0.0833,0,0,0,0,0,0,0,0,0.0455,0.0417
"locus2658",0.3333,0.5,0.5,0.4545,0.3571,0.4583,0.4444,0.2727,0.375,0.2,0.25,0.1667,0.4375,0.4583,0.3333,0.5,0.5,0.2778,0.3333,0.3889,0.35,0.4,0.3182,0.4583
"locus2659",0,0.1875,0.05,0.1818,0,0.0417,0,0.3182,0,0.35,0,0.2222,0.0625,0.0417,0,0,0,0.2222,0,0.0556,0.1,0.1,0.0455,0.0833
"locus2660",0,0.125,0.05,0,0,0.0833,0,0,0,0,0,0.2222,0.0625,0,0,0,0,0,0,0,0,0,0.1364,0
"locus2661",0.0833,0.4375,0,0.0455,0.5,0.4583,0,0.1818,0.3125,0.45,0.0625,0.2222,0.1875,0.0417,0.0556,0,0.0625,0.0556,0,0,0.3,0.35,0.0455,0
"locus2662",0.125,0.4375,0.2,0.0455,0.2143,0.3333,0.4444,0.0909,0,0.15,0.1875,0.3889,0.125,0.1667,0,0.1667,0.125,0,0.4167,0.0556,0,0.1,0.3182,0.25
"locus2663",0.2917,0.375,0.45,0.4091,0.2857,0.1667,0.3889,0.4091,0.375,0.15,0.375,0.0556,0.3125,0.2083,0.4444,0.1667,0.4375,0.2222,0.3333,0.5,0.25,0.35,0.3636,0.3333
"locus2664",0.0833,0.1875,0,0,0.2143,0.1667,0,0.0455,0,0,0,0,0,0,0,0,0,0,0,0,0,0,0,0.1667
"locus2665",0.2083,0.0625,0.15,0.2273,0.0714,0,0.0556,0.0909,0.0625,0.05,0,0.2222,0.0625,0.25,0.0556,0.5,0.0625,0.1667,0.1667,0.4444,0,0.3,0,0.0833
"locus2666",0.0833,0.1875,0.4,0,0.2143,0.4167,0.4444,0.4545,0.25,0.05,0.125,0.1111,0.25,0.25,0,0.1667,0.4375,0.3333,0.3333,0.0556,0.3,0.3,0.1818,0.3333
"locus2667",0.25,0.25,0.05,0.0909,0.2857,0.3333,0.0556,0.1818,0,0.45,0.125,0.5,0.1875,0.0417,0.2222,0.1667,0.1875,0.0556,0.25,0.0556,0.1,0.1,0,0.3333
"locus2668",0.25,0,0.05,0.1364,0.1429,0.125,0.1111,0.0909,0.0625,0,0.0625,0,0,0.0417,0.1667,0,0.0625,0.0556,0,0.1111,0.15,0,0,0
"locus2669",0.1667,0.0625,0.1,0.0455,0.0714,0.1667,0.0556,0.0455,0,0.05,0,0,0.0625,0,0.0556,0,0,0,0,0.0556,0.05,0.15,0,0
"locus2670",0.0417,0,0,0,0,0.0417,0,0.0455,0.0625,0,0,0,0,0,0,0,0.0625,0.0556,0,0,0,0.15,0,0.0833
"locus2671",0.25,0.125,0.5,0.3636,0,0.25,0.3333,0.4091,0,0.05,0.5,0,0.1875,0.4167,0.3333,0.3333,0.375,0.3889,0.3333,0.2222,0.45,0.35,0.1818,0
"locus2672",0.2083,0,0.2,0.4091,0.0714,0.125,0.0556,0.0909,0.0625,0,0.25,0,0.125,0.1667,0.1667,0.3333,0,0,0.1667,0.2778,0.15,0.05,0.2727,0.0833
"locus2673",0,0.0625,0.05,0.0909,0,0.1667,0,0.1364,0.0625,0,0,0.2222,0,0,0,0.1667,0.0625,0.0556,0,0.0556,0,0.1,0,0.0833
"locus2674",0,0,0,0.1364,0,0.0417,0.0556,0,0,0,0,0,0,0,0,0.1667,0.0625,0,0,0.0556,0.05,0.05,0.0455,0.125
"locus2675",0.25,0.5,0.4,0.3636,0.4286,0.4167,0.4444,0.3182,0.3125,0.35,0.375,0.3333,0.4375,0.25,0.2778,0.1667,0.5,0.3333,0.5,0.2778,0.4,0.5,0.4091,0.5
"locus2676",0.0833,0.3125,0.45,0.2273,0.2857,0.3333,0.5,0.5,0.375,0.35,0.375,0.2222,0.375,0.375,0,0.3333,0.4375,0.3333,0.4167,0.1111,0.05,0.3,0.3182,0.4583
"locus2677",0,0,0,0,0.2143,0.0417,0,0,0.0625,0.25,0.0625,0.3889,0,0.0833,0,0,0,0,0.1667,0,0.05,0,0,0.125
"locus2678",0.0417,0.0625,0,0,0,0,0.1111,0.0909,0.3125,0,0,0,0.0625,0.0417,0.3889,0.1667,0.125,0.0556,0,0.1111,0,0.05,0.1818,0.1667
"locus2679",0.2917,0.5,0.5,0.4091,0.4286,0.5,0.5,0.3636,0.5,0.45,0.375,0.2778,0.5,0.375,0.3889,0.5,0.4375,0.2778,0.4167,0.3333,0.3,0.45,0.2273,0.125
"locus2680",0.0417,0,0.45,0.0909,0.0714,0,0.1667,0.4091,0,0.2,0.4375,0,0.375,0.4583,0.0556,0.3333,0.25,0.3889,0.25,0.1111,0,0.45,0.2727,0.0833
"locus2681",0.1667,0.3125,0.4,0.2273,0.4286,0.2917,0.3333,0.3636,0,0.15,0.1875,0.0556,0.3125,0.2917,0.1111,0.3333,0.375,0.2778,0.4167,0.0556,0.15,0.4,0.2273,0.375
"locus2682",0.125,0,0.1,0.1818,0.0714,0.0417,0,0.0455,0,0,0,0,0,0.125,0.2222,0.5,0,0.0556,0,0.2778,0.35,0,0,0.0833
"locus2683",0.25,0.125,0,0.1818,0,0.2083,0.0556,0,0,0.45,0,0.4444,0.0625,0.0417,0,0,0,0.2222,0,0.2222,0.1,0.05,0.0455,0.0417
"locus2684",0.2917,0.25,0.25,0.0909,0.1429,0.25,0.0556,0.3636,0.3125,0.15,0.1875,0.1111,0.3125,0.1667,0.3889,0.3333,0.1875,0.0556,0.0833,0.3333,0.1,0.15,0.1818,0.125
"locus2685",0.0417,0.125,0.2,0,0.1429,0.2083,0.0556,0.1364,0.125,0.1,0,0.1111,0.0625,0.125,0,0.5,0.125,0,0.1667,0,0,0,0.0455,0.0833
"locus2686",0.2083,0,0.05,0.1818,0.2143,0.1667,0,0.0909,0.375,0.05,0.0625,0,0.125,0.0833,0.4444,0,0.125,0,0.25,0.1111,0.25,0.3,0.0455,0.0417
"locus2687",0.4167,0.3125,0.35,0.4091,0,0.125,0.0556,0.4091,0.3125,0.15,0.3125,0,0.375,0.4167,0.2778,0.1667,0.3125,0.4444,0,0.1667,0.3,0.5,0.4091,0.0833
"locus2688",0.25,0,0,0,0,0,0.0556,0.1364,0.1875,0.1,0.0625,0,0,0.0417,0.0556,0,0.0625,0.1111,0,0.3889,0.2,0,0.1818,0
"locus2689",0.0833,0.0625,0,0.0455,0,0.0833,0.1111,0,0.0625,0.15,0,0.0556,0,0.1667,0.1111,0.1667,0.0625,0,0,0.3333,0.05,0,0.3636,0.0417
"locus2690",0,0.0625,0.05,0.0455,0,0.0417,0,0.0455,0,0,0,0,0,0.125,0.1111,0,0,0.2222,0.1667,0,0.05,0.1,0.0455,0.0833
"locus2691",0.1667,0,0.25,0.1364,0.1429,0.0833,0.3333,0.1818,0.125,0,0.5,0,0.0625,0.3333,0.1111,0.3333,0.3125,0.2778,0.4167,0.5,0.25,0.2,0.3636,0.2917
"locus2692",0.0833,0,0.15,0.4545,0,0,0,0,0,0.05,0,0,0.3125,0.125,0,0.1667,0.0625,0.1111,0,0.0556,0.1,0,0,0.0417
"locus2693",0,0,0.05,0.0455,0,0,0,0,0,0,0,0,0,0,0,0,0,0,0,0.3889,0.05,0.1,0,0
"locus2694",0.0833,0.125,0,0.0455,0,0.125,0.0556,0.0909,0,0.1,0,0,0,0.0417,0,0.3333,0,0.1111,0,0.2778,0.05,0.05,0.1364,0.0417
"locus2695",0.2083,0.3125,0.35,0.1818,0.1429,0.1667,0.2222,0.0455,0.125,0.15,0.25,0.0556,0,0.2083,0,0.1667,0.0625,0,0.0833,0.3889,0.25,0.3,0.0909,0.125
"locus2696",0.0417,0.1875,0.15,0.0455,0.2143,0,0.4444,0,0,0.05,0.125,0,0.1875,0.125,0.1667,0.3333,0,0.1111,0.1667,0.0556,0,0,0.1818,0.25
"locus2697",0.0417,0,0.1,0,0,0,0.0556,0.0455,0.0625,0,0.0625,0.0556,0,0.0833,0.0556,0,0.0625,0,0,0,0,0,0.0455,0.125
"locus2698",0.0833,0.5,0.25,0.0909,0.2857,0.375,0.1111,0.2727,0.25,0.4,0.25,0.5,0.125,0.3333,0,0,0.375,0.3333,0,0,0.05,0.4,0.0455,0.25
"locus2699",0,0,0.05,0.0909,0,0,0,0.0455,0,0,0.0625,0,0,0.0417,0,0,0,0,0.0833,0.3889,0.05,0,0,0
"locus2700",0,0,0,0,0,0,0,0,0.0625,0.15,0,0.0556,0,0,0,0,0,0.2778,0,0,0,0,0.0909,0
"locus2701",0,0.1875,0,0,0,0.2083,0,0,0.0625,0,0,0.0556,0,0,0,0,0,0,0,0,0,0.1,0,0.0417
"locus2702",0,0,0,0.1364,0,0,0,0,0,0.05,0,0.1667,0,0,0,0,0,0.3333,0,0,0,0,0.0455,0.0833
"locus2703",0.0833,0,0,0.0455,0,0,0,0,0,0,0.0625,0,0,0,0,0,0,0.1111,0,0.3889,0.1,0,0.1364,0
"locus2704",0.0417,0.4375,0.4,0.0455,0.2143,0.3333,0.3889,0.0909,0.125,0.4,0.25,0.3333,0,0.3333,0,0.1667,0.3125,0.0556,0.4167,0.0556,0.1,0.15,0.1818,0.2083
"locus2705",0.0417,0.1875,0.05,0,0.0714,0.1667,0.0556,0.1818,0.0625,0.25,0,0.3333,0.0625,0.0417,0.1667,0,0.0625,0.0556,0,0.1111,0.05,0.1,0,0.0833
"locus2706",0,0.25,0,0,0,0.1667,0.0556,0,0,0.3,0,0.4444,0,0,0,0,0,0,0,0,0,0,0,0.0417
"locus2707",0,0,0,0,0.1429,0.0417,0.1667,0,0,0,0,0,0,0,0,0,0,0,0.0833,0.0556,0.1,0,0,0.0417
"locus2708",0.0417,0,0.05,0,0,0,0,0.0909,0.0625,0.05,0,0.0556,0,0.125,0.1111,0.3333,0.0625,0,0,0,0.05,0,0,0
"locus2709",0.4167,0,0,0.3636,0,0.0417,0,0,0,0,0.0625,0,0,0,0.1667,0.5,0,0.1111,0,0.3333,0.2,0,0.0455,0
"locus2710",0.125,0,0,0.2727,0,0,0.0556,0,0,0,0.125,0,0.125,0.0833,0,0,0,0,0.0833,0,0.1,0,0,0.25
"locus2711",0.0417,0,0.1,0,0,0,0.1667,0,0,0,0.125,0,0,0,0.0556,0,0.1875,0.0556,0.0833,0.3333,0,0.15,0.0455,0
"locus2712",0,0.125,0.1,0,0.4286,0,0,0,0,0.05,0.1875,0.0556,0,0.0417,0,0,0.0625,0,0,0,0,0.15,0.1364,0.2083
"locus2713",0.4583,0,0,0.1364,0,0,0,0,0,0,0.0625,0,0.125,0.0833,0.1667,0.1667,0.0625,0,0,0.1667,0.2,0.05,0.4545,0
"locus2714",0.2083,0,0.05,0,0,0,0.0556,0.0455,0.0625,0.05,0,0,0,0.0417,0.0556,0.3333,0,0,0,0,0.1,0,0,0.0417
"locus2715",0,0.0625,0.1,0.0455,0,0,0,0.1364,0,0.05,0,0,0.0625,0.0833,0,0,0,0.0556,0,0,0,0,0,0
"locus2716",0.25,0.25,0.2,0,0.2143,0.375,0.2778,0.3182,0.3125,0.1,0.125,0.0556,0.375,0.25,0.2222,0.1667,0.3125,0.3333,0,0.0556,0.05,0.3,0.1364,0.0417
"locus2717",0,0,0.05,0.0455,0,0,0.1111,0.0455,0,0.05,0.0625,0,0,0.0417,0,0,0,0.0556,0,0,0,0.1,0,0.0417
"locus2718",0.125,0.1875,0.1,0.1364,0,0.125,0.2222,0.0909,0.1875,0,0.125,0,0.125,0.25,0,0.3333,0.3125,0.1667,0.0833,0,0,0.1,0,0
"locus2719",0.0833,0,0.15,0,0,0.0833,0,0.1364,0.0625,0.05,0,0,0.1875,0.1667,0.1667,0,0.125,0.0556,0,0.1111,0.1,0.05,0.0455,0
"locus2720",0,0.0625,0.2,0.0455,0,0.125,0.1111,0.1364,0.0625,0.05,0.0625,0,0.125,0.125,0,0,0.0625,0,0.0833,0,0.05,0.15,0,0.1667
"locus2721",0.3333,0.0625,0.1,0.0909,0,0,0.0556,0.0909,0.3125,0,0,0,0.125,0.0417,0.2778,0.3333,0.0625,0.2778,0,0.1111,0.05,0.15,0.2273,0
"locus2722",0.0833,0,0,0,0,0.0417,0,0,0,0,0,0,0,0,0,0,0.0625,0.2778,0,0,0.15,0,0,0
"locus2723",0.1667,0,0.1,0.0455,0,0,0,0.0909,0.1875,0,0.0625,0,0.25,0.125,0.2778,0,0.125,0.1667,0,0.0556,0.15,0.2,0,0.0833
"locus2724",0,0.125,0.05,0,0.0714,0.0417,0.1111,0.1364,0,0.05,0,0.0556,0.1875,0.125,0,0,0.0625,0.3333,0.25,0.1111,0,0,0.0455,0.125
"locus2725",0.4167,0.125,0.4,0.3636,0.1429,0.0833,0.3333,0.2273,0.4375,0.15,0.5,0,0.25,0.5,0.2778,0.3333,0.4375,0.1111,0.25,0.1667,0.35,0.25,0.4545,0.5
"locus2726",0.0833,0.125,0.1,0.0455,0.0714,0.0833,0,0.0455,0.3125,0.1,0,0,0.125,0.1667,0.1111,0,0.3125,0,0.3333,0.0556,0,0.3,0.1364,0.0833
"locus2727",0,0,0,0,0,0,0.1667,0.0909,0.0625,0,0.125,0,0,0.0417,0,0,0.125,0,0.0833,0,0.1,0,0,0
"locus2728",0,0,0.1,0,0.0714,0.2083,0,0.0455,0.0625,0,0,0,0.0625,0.0417,0,0,0.125,0,0.0833,0,0,0.1,0.0455,0
"locus2729",0.0833,0,0.2,0.0455,0,0,0,0.0909,0,0,0,0,0,0.0833,0,0,0,0.0556,0,0,0,0,0.1818,0
"locus2730",0,0,0.05,0.0455,0.0714,0.125,0.2222,0,0,0,0.0625,0,0,0.0417,0,0,0,0,0,0,0,0,0,0
"locus2731",0,0.0625,0.25,0.0909,0,0,0,0.2273,0,0.05,0,0.0556,0,0.2917,0,0.1667,0.125,0.2222,0.3333,0,0,0.2,0,0.0417
"locus2732",0.0417,0,0.05,0,0,0.0833,0.0556,0.0455,0.0625,0,0.125,0,0,0,0,0.1667,0.0625,0.1667,0,0,0,0,0,0
"locus2733",0.0833,0.0625,0.15,0,0,0,0.0556,0.0909,0.0625,0,0.125,0,0.0625,0.0833,0.1667,0,0,0,0,0.2222,0.1,0.25,0,0.1667
"locus2734",0.0417,0.125,0.05,0,0.0714,0.0417,0,0.1364,0.0625,0.05,0,0,0,0.0833,0,0,0,0.1667,0.25,0.3333,0,0.05,0.0455,0.0417
"locus2735",0,0,0,0.0909,0,0,0,0,0.0625,0,0,0,0,0.0833,0,0,0,0.2778,0,0.5,0,0.05,0,0
"locus2736",0.2083,0.0625,0.05,0,0.0714,0,0.2222,0,0.0625,0.1,0,0.0556,0.125,0.0417,0.2778,0,0.125,0.2222,0,0,0.1,0.05,0.3182,0.0833
"locus2737",0.1667,0.0625,0,0,0.5,0.1667,0.3889,0.0455,0.4375,0.1,0.1875,0.0556,0.125,0.0417,0,0.1667,0.0625,0.1111,0,0,0.05,0.1,0.0455,0.25
"locus2738",0,0,0,0.0909,0,0.0417,0.1667,0,0,0,0,0,0.0625,0,0,0,0.0625,0,0.1667,0.0556,0.05,0.05,0,0.2083
"locus2739",0.0417,0.25,0.05,0,0,0.25,0,0.2273,0.0625,0.05,0.25,0.1667,0.1875,0.1667,0.1111,0,0,0.2778,0.1667,0.0556,0,0.2,0.0455,0
"locus2740",0,0,0,0,0.1429,0.125,0,0,0,0,0,0,0,0.0417,0,0,0,0,0,0.0556,0.15,0,0,0.2083
"locus2741",0,0,0,0.2727,0,0,0,0,0.125,0,0,0,0,0.0417,0,0,0.0625,0.2222,0,0.4444,0.1,0,0,0
"locus2742",0.125,0.25,0.1,0.5,0.5,0.3333,0.0556,0.0909,0.1875,0.35,0.125,0.3333,0.0625,0.0417,0,0,0,0,0.1667,0.1111,0.2,0.1,0.2727,0.2083
"locus2743",0.375,0.0625,0.35,0.1364,0.0714,0.125,0.1667,0.4545,0.25,0.15,0.3125,0.1111,0.3125,0.375,0.2222,0.3333,0.5,0.1667,0,0.2778,0.25,0.25,0.4091,0.1667
"locus2744",0,0.0625,0,0.3636,0,0,0,0,0,0.05,0.0625,0,0,0,0,0,0,0.1111,0,0.0556,0,0,0,0
"locus2745",0.2917,0.4375,0.2,0.0455,0.3571,0.4583,0.2778,0.1818,0.0625,0.45,0.3125,0.5,0.25,0.375,0.2222,0.1667,0.25,0.3333,0.0833,0.5,0.2,0.45,0.2727,0.4167
"locus2746",0.0417,0.3125,0,0.1818,0.2143,0.1667,0.2778,0.1364,0.25,0.05,0.125,0,0.1875,0.25,0.2222,0,0.3125,0.1111,0.1667,0.1111,0.15,0.15,0.0909,0.0417
"locus2747",0,0,0,0,0.4286,0.2917,0.1667,0,0,0,0,0,0,0.0417,0,0,0,0.0556,0,0,0,0,0.2273,0
"locus2748",0.2917,0,0,0.4091,0,0.0833,0.1111,0.1818,0.3125,0.05,0,0.1111,0,0.0417,0.3889,0,0.1875,0.0556,0,0.4444,0.3,0.1,0,0.0833
"locus2749",0,0,0,0.0455,0,0,0.1667,0,0,0,0,0,0,0.0417,0,0,0.0625,0,0.1667,0,0,0,0.0455,0.2083
"locus2750",0,0.0625,0,0.0455,0,0.0417,0,0.0909,0,0.05,0,0,0.1875,0.0417,0.2222,0,0.0625,0.2778,0,0,0.05,0,0.0455,0.0417
"locus2751",0,0,0.15,0,0,0,0.0556,0.1818,0,0,0.1875,0,0.0625,0,0,0.3333,0.125,0.0556,0,0.2778,0.05,0,0,0
"locus2752",0.0417,0.125,0,0.0455,0,0.125,0.0556,0.0455,0.0625,0.05,0,0.0556,0,0.0417,0.0556,0,0,0,0,0,0.2,0.05,0,0.0417
"locus2753",0,0,0.05,0.0455,0,0,0,0,0,0.15,0,0,0.0625,0.0417,0.1111,0,0.0625,0.0556,0,0,0.1,0,0,0.0833
"locus2754",0.2083,0.375,0.25,0.2727,0.1429,0.2917,0.5,0.2727,0.1875,0.45,0.125,0.3333,0.375,0.25,0.2222,0.3333,0.1875,0.3333,0.3333,0.3889,0.15,0.2,0.0909,0.5
"locus2755",0,0,0,0.0455,0,0,0.1111,0,0,0,0.125,0,0,0.1667,0,0,0,0,0.25,0.0556,0.05,0.1,0,0.25
"locus2756",0,0,0,0.1818,0,0,0,0,0,0,0.0625,0,0,0,0,0.1667,0,0,0,0,0.45,0,0,0
"locus2757",0,0,0.05,0,0.1429,0.125,0,0.1818,0,0.1,0.0625,0,0.3125,0.0417,0,0,0.1875,0.0556,0.0833,0,0,0,0.0455,0.0417
"locus2758",0,0,0,0,0.2143,0.0417,0.1667,0,0,0.15,0.0625,0.2222,0,0,0.0556,0,0,0.0556,0.0833,0,0.1,0,0.0909,0.375
"locus2759",0.0417,0.1875,0.2,0.1364,0,0.125,0,0.1364,0.1875,0.4,0.125,0,0.125,0.1667,0,0.5,0,0,0.1667,0,0.05,0.25,0.0455,0
"locus2760",0.375,0.3125,0.15,0.2727,0.2857,0.3333,0.3333,0.0909,0.3125,0.2,0.1875,0.2778,0.125,0.125,0.3889,0,0.1875,0.2222,0.1667,0.2222,0.45,0.3,0.3636,0.25
"locus2761",0.4583,0.4375,0.25,0.4091,0.2857,0.3333,0.1667,0.1818,0.4375,0.05,0.5,0.2778,0.375,0.5,0.3889,0.3333,0.375,0.5,0.25,0.4444,0.35,0.5,0.4545,0.25
"locus2762",0,0.1875,0.05,0,0.0714,0,0.0556,0.0909,0,0.05,0,0,0,0.125,0,0,0.1875,0,0,0,0.05,0.1,0.0455,0.0417
"locus2763",0,0.3125,0.35,0.0909,0.3571,0.1667,0.4444,0.4545,0.125,0,0.375,0,0.3125,0.4167,0.1667,0.5,0.5,0.1111,0.3333,0.0556,0.1,0.45,0.0909,0.4583
"locus2764",0,0.125,0,0,0,0.0833,0,0,0.25,0,0,0,0,0.0417,0,0,0.125,0,0,0,0,0.2,0,0
"locus2765",0.2917,0.0625,0.4,0.3636,0.4286,0.375,0.5,0.4545,0.375,0.15,0.4375,0.2222,0.4375,0.3333,0.2778,0.3333,0.375,0.3889,0.3333,0.5,0.4,0.4,0.1818,0.4167
"locus2766",0.0833,0,0,0.0455,0,0,0,0.0909,0,0,0,0,0,0.125,0,0,0,0.1111,0,0,0.05,0,0,0.0417
"locus2767",0.0833,0,0,0.0455,0,0,0,0.0455,0,0,0,0,0.0625,0.0833,0.3889,0.1667,0,0.1667,0,0.2222,0,0,0.0455,0.0417
"locus2768",0.0417,0.125,0.05,0.0455,0,0,0,0,0,0.05,0,0,0,0.0417,0.1667,0,0.125,0,0,0.0556,0,0,0,0.0417
"locus2769",0.4167,0.4375,0.5,0.3636,0.3571,0.4167,0.4444,0.3182,0.375,0.45,0.3125,0.2222,0.4375,0.3333,0.4444,0.3333,0.3125,0.3333,0.25,0.3333,0.4,0.35,0.4545,0.4583
"locus2770",0.1667,0.25,0.35,0,0,0.0417,0.0556,0.4545,0.25,0.05,0.0625,0,0.3125,0.375,0.3889,0.1667,0.375,0.4444,0.0833,0.2778,0.25,0.15,0.2273,0
"locus2771",0,0,0.1,0,0,0,0.1667,0.0455,0,0,0,0,0.125,0,0,0,0.0625,0,0.0833,0,0,0,0,0.125
"locus2772",0.1667,0,0.15,0.0455,0,0.0833,0,0.0455,0.0625,0,0,0,0.0625,0.3333,0.5,0,0.125,0.1111,0.0833,0,0.1,0,0.0455,0.0417
"locus2773",0,0,0,0,0,0.0833,0,0,0,0.15,0,0.2222,0,0,0,0,0,0,0,0,0,0,0,0.0833
"locus2774",0,0,0,0,0.2143,0.2917,0.0556,0,0.375,0.4,0,0.2778,0.0625,0.0833,0,0,0.1875,0,0,0,0,0.1,0,0.25
"locus2775",0,0,0.15,0.1364,0,0,0.1111,0.0455,0,0.05,0,0.0556,0,0.1667,0,0.1667,0,0,0.25,0.0556,0.15,0,0.0455,0.1667
"locus2776",0.2917,0.375,0.25,0.3636,0.3571,0.4583,0.2778,0.4545,0.1875,0.45,0.1875,0.1111,0.5,0.3333,0.1667,0.1667,0.4375,0.2778,0.1667,0.3889,0.35,0.1,0.4091,0.2917
"locus2777",0,0,0.05,0,0.1429,0.2917,0.2222,0.0455,0.0625,0.05,0.1875,0.1111,0.0625,0,0,0,0,0,0,0,0,0.05,0.0909,0.375
"locus2778",0.0833,0,0.05,0,0.2857,0.1667,0.1667,0.0909,0,0,0,0,0,0.0417,0,0.3333,0.0625,0.2222,0.0833,0.1667,0.05,0.15,0.0909,0.1667
"locus2779",0,0.0625,0,0,0,0,0.1111,0,0,0,0,0.1111,0,0,0,0,0.0625,0,0,0,0,0.2,0.1818,0
"locus2780",0.0417,0.0625,0.1,0.0909,0.0714,0.4583,0.0556,0.0909,0,0.25,0,0,0.0625,0.0417,0,0,0.125,0.0556,0,0.0556,0.05,0.2,0.2727,0.5
"locus2781",0,0.0625,0.15,0.2727,0,0.125,0.0556,0,0.1875,0.05,0.125,0,0,0,0.2222,0,0,0.1667,0.0833,0,0,0,0,0.0417
"locus2782",0,0.375,0,0.0455,0,0.1667,0,0,0.1875,0.45,0,0.4444,0,0,0,0,0,0,0.0833,0,0,0,0.0909,0.0833
"locus2783",0,0.125,0,0,0,0.0833,0.1111,0,0,0.05,0.0625,0.1667,0,0,0,0,0,0,0,0,0,0,0,0
"locus2784",0,0.1875,0,0,0,0,0,0,0,0.05,0,0,0,0.1667,0,0,0,0.0556,0,0.0556,0,0,0.0455,0
"locus2785",0.0833,0,0,0.0455,0.0714,0,0,0,0,0,0,0,0,0.1667,0.0556,0.1667,0,0.0556,0,0,0,0.05,0.0455,0.0833
"locus2786",0.375,0.0625,0.15,0.4091,0,0,0,0.0455,0,0.05,0.0625,0,0,0,0.0556,0,0.125,0.1667,0,0.0556,0.15,0.05,0.3182,0
"locus2787",0,0.1875,0,0,0.1429,0.25,0,0,0,0.25,0,0.2222,0,0,0,0,0,0,0,0,0.05,0,0.1818,0
"locus2788",0.0833,0.25,0.15,0.0909,0.4286,0.3333,0.0556,0.0909,0,0.4,0.0625,0.5,0.0625,0.0417,0,0,0.0625,0.3333,0,0.0556,0.05,0.15,0.1818,0.1667
"locus2789",0,0.25,0,0.0455,0.2857,0.0833,0.2222,0,0,0.1,0,0,0,0,0,0,0,0.0556,0,0,0.05,0,0,0.4583
"locus2790",0,0,0.15,0,0,0,0,0.0909,0,0,0.25,0,0.0625,0.0833,0,0,0.0625,0,0.1667,0.1111,0,0.05,0,0.125
"locus2791",0.0833,0,0,0.0909,0,0.0417,0.0556,0,0,0,0.0625,0.1111,0.125,0,0.0556,0,0.0625,0,0,0.0556,0.1,0.05,0,0
"locus2792",0,0.0625,0,0,0,0.0417,0.2778,0,0,0.05,0.25,0,0,0.0417,0,0,0,0,0,0.0556,0,0.05,0,0.0833
"locus2793",0.2917,0.125,0.3,0.0909,0.0714,0.125,0.3333,0.2273,0.1875,0,0.3125,0,0.4375,0.3333,0,0.3333,0.375,0.0556,0.4167,0.1667,0.05,0.35,0.2273,0.125
"locus2794",0.125,0.125,0.05,0.0909,0.1429,0.125,0.0556,0.0909,0.125,0.1,0.1875,0.0556,0.0625,0.125,0.1667,0.3333,0,0.1111,0.1667,0.0556,0.05,0.15,0.0909,0.1667
"locus2795",0.0417,0.125,0.05,0,0,0,0.1111,0,0,0.3,0,0.2222,0.1875,0.125,0,0,0,0,0,0,0,0,0.0909,0.0417
"locus2796",0.0833,0,0.05,0,0,0,0.0556,0.1818,0.125,0,0.125,0,0,0.0833,0.1667,0.1667,0,0.1667,0,0.3333,0.1,0,0.1364,0
"locus2797",0.375,0.125,0.35,0.5,0.3571,0.2083,0.4444,0.5,0.5,0.35,0.5,0.4444,0.25,0.4583,0.3889,0.1667,0.3125,0.3333,0.4167,0.1667,0.45,0.2,0.4545,0.3333
"locus2798",0,0,0,0,0,0,0,0,0.0625,0,0,0,0.0625,0.0833,0.0556,0,0.125,0.1111,0.1667,0,0,0,0,0
"locus2799",0,0,0,0,0.5,0,0.2778,0,0,0,0,0,0,0,0,0,0,0,0,0,0,0.05,0.4545,0.3333
"locus2800",0.4583,0.4375,0.45,0.5,0.4286,0.4167,0.3333,0.3636,0.4375,0.4,0.3125,0.3333,0.5,0.375,0.3333,0.3333,0.3125,0.3333,0.4167,0.3333,0.45,0.4,0.3636,0.4167
"locus2801",0.1667,0,0.1,0,0.0714,0.0417,0,0,0,0,0.125,0.0556,0.0625,0,0,0.3333,0,0.0556,0.25,0.1111,0.05,0.15,0.3636,0.0833
"locus2802",0,0.25,0.05,0.0455,0.0714,0.0833,0.1111,0.0455,0.0625,0,0.0625,0,0.0625,0.0833,0,0,0,0.0556,0.0833,0,0,0.1,0.0455,0.0833
"locus2803",0,0,0.25,0,0,0,0.0556,0.0455,0,0,0.0625,0,0.1875,0.0417,0.1667,0,0,0.1111,0,0,0,0.2,0,0.0417
"locus2804",0.1667,0,0.1,0,0,0.0417,0.1111,0.0455,0.125,0,0,0,0,0.1667,0.1667,0.1667,0.25,0.2222,0,0.2778,0,0,0.2727,0
"locus2805",0.0417,0.0625,0.1,0.0455,0,0.0417,0.0556,0.0455,0,0.05,0,0,0.25,0.0833,0,0,0,0.0556,0.0833,0,0.05,0,0,0
"locus2806",0,0,0,0,0,0.2083,0.0556,0,0,0.05,0.0625,0.0556,0,0.0417,0,0,0,0,0,0,0,0,0,0.0417
"locus2807",0.0417,0.125,0.1,0.1364,0.0714,0.0417,0,0.2273,0,0.1,0.1875,0,0.1875,0.0833,0,0.3333,0.1875,0.0556,0.0833,0.2222,0.1,0.2,0.1818,0
"locus2808",0.0417,0.1875,0.05,0.0455,0.1429,0.125,0.2778,0.0909,0,0.05,0,0.0556,0,0,0,0.1667,0.1875,0,0.1667,0.2778,0,0,0.0455,0.3333
"locus2809",0.1667,0.4375,0.45,0.3636,0.4286,0.3333,0.2778,0.5,0.3125,0.25,0.4375,0.1111,0.375,0.4167,0.1667,0.5,0.4375,0.4444,0.4167,0.2778,0.4,0.25,0.4545,0.2917
"locus2810",0.0833,0,0.05,0.0455,0,0,0,0.0909,0,0,0,0,0.0625,0,0.0556,0,0,0,0,0.4444,0,0,0.0909,0
"locus2811",0.0417,0,0.25,0.0455,0,0.0833,0.1667,0.0909,0.25,0,0,0,0,0.0833,0,0,0.125,0.1667,0,0.1111,0.25,0.3,0.0909,0
"locus2812",0.4583,0.25,0.3,0.4091,0.2143,0.2917,0.3889,0.3182,0.3125,0.25,0.3125,0.1111,0.25,0.375,0.4444,0,0.3125,0.2778,0.3333,0.4444,0.45,0.2,0.3182,0.2083
"locus2813",0,0.125,0.25,0,0.1429,0.0833,0.1111,0.0455,0,0.05,0,0,0,0.1667,0,0,0,0.0556,0,0.0556,0.1,0.05,0,0.0833
"locus2814",0.3333,0.5,0.35,0.2273,0.5,0.5,0.4444,0.3636,0.4375,0.5,0.375,0.2222,0.5,0.375,0.4444,0.3333,0.5,0.5,0.5,0.2222,0.25,0.45,0.2727,0.4583
"locus2815",0.0417,0,0.05,0,0.0714,0,0.1111,0.0455,0.125,0,0.125,0,0.125,0.0833,0.1111,0,0,0.0556,0,0.2778,0.05,0.05,0.0455,0
"locus2816",0,0.125,0,0,0.0714,0.0417,0,0.0455,0,0.05,0.0625,0,0,0.0417,0,0,0,0,0.25,0,0,0,0.0909,0
"locus2817",0,0.1875,0,0.3182,0.2143,0.2083,0.3333,0.1364,0.0625,0,0.1875,0,0.1875,0.125,0,0,0.3125,0.1111,0.5,0,0,0.2,0.0909,0.4167
"locus2818",0,0,0.1,0,0,0,0.0556,0.1364,0.0625,0.1,0,0,0,0.0833,0,0,0.0625,0,0.1667,0,0,0.15,0,0.1667
"locus2819",0.2917,0.25,0.3,0.0455,0.0714,0.375,0,0.2273,0.125,0.35,0.1875,0.2222,0.1875,0.2917,0.0556,0.1667,0.3125,0.1111,0.3333,0.2222,0.15,0.25,0.1364,0.125
"locus2820",0,0.0625,0,0.0455,0,0.0417,0.0556,0,0,0,0,0.0556,0,0.0833,0,0,0.0625,0.0556,0.0833,0.0556,0,0,0.1364,0.0417
"locus2821",0,0,0,0.0909,0,0,0,0.0455,0,0.05,0,0.1667,0,0.125,0,0,0,0,0,0.2222,0,0,0,0
"locus2822",0,0,0,0.1818,0.2143,0,0.1111,0,0,0.05,0,0,0,0.0417,0.0556,0,0,0,0,0,0.05,0,0.0455,0.0833
"locus2823",0.125,0,0,0,0,0,0.1667,0.0909,0,0,0,0,0,0,0,0.1667,0.125,0,0,0.0556,0.1,0,0,0.0417
"locus2824",0.4167,0.0625,0.45,0.1818,0,0,0.1111,0.4545,0.0625,0.05,0.25,0,0.375,0.2917,0.5,0.1667,0.3125,0.4444,0.0833,0.4444,0.35,0.5,0.2727,0.0417
"locus2825",0.0833,0,0,0,0,0,0,0,0.0625,0,0,0,0,0,0.1667,0,0.125,0.0556,0,0,0.1,0.15,0.1818,0
"locus2826",0,0.0625,0.05,0,0,0,0,0.1364,0,0.05,0,0,0,0.0833,0,0,0,0.1111,0,0,0,0.2,0,0
"locus2827",0.125,0,0,0,0,0,0,0.0455,0,0.05,0,0,0,0.0417,0,0,0,0,0,0.1111,0.2,0.05,0,0.0417
"locus2828",0,0,0.05,0,0,0,0.0556,0,0,0,0.125,0,0,0,0,0,0.0625,0.1111,0,0,0.15,0,0.1818,0
"locus2829",0.0417,0,0,0.1818,0,0,0.1111,0.0455,0,0,0.0625,0,0,0,0,0,0.0625,0,0,0,0.2,0,0,0
"locus2830",0.1667,0,0,0.0909,0,0,0.0556,0,0,0,0.0625,0,0,0,0.1111,0.1667,0,0.0556,0,0.1667,0.25,0.1,0.1364,0
"locus2831",0,0,0,0,0.2143,0.125,0,0,0.0625,0,0,0.0556,0.0625,0.0417,0.0556,0.3333,0,0,0,0,0,0.15,0,0.0833
"locus2832",0,0.125,0.15,0.0909,0.2857,0.1667,0.2778,0,0.0625,0.2,0.1875,0,0.0625,0.0833,0,0,0,0,0.25,0,0.05,0.15,0.0909,0.3333
"locus2833",0.0417,0,0.1,0,0,0,0.1667,0.3182,0,0,0,0,0.0625,0,0,0,0,0.0556,0,0,0.05,0,0.0455,0.1667
"locus2834",0.0417,0.1875,0.15,0,0.1429,0.125,0,0.2273,0.0625,0.3,0.125,0.1111,0.0625,0.1667,0.1667,0,0.0625,0.1111,0,0,0.05,0,0.0909,0.0417
"locus2835",0.0417,0,0,0.0455,0,0,0.0556,0,0,0.05,0.125,0,0,0.0833,0.1111,0.5,0.0625,0,0,0.0556,0,0,0,0.0833
"locus2836",0.0833,0.0625,0,0,0,0.0417,0,0.1818,0.0625,0.1,0,0.1667,0,0.0833,0.1111,0,0,0.0556,0.0833,0.0556,0.05,0.1,0,0
"locus2837",0.3333,0.125,0.05,0.4091,0,0,0.1111,0.1364,0.125,0,0.0625,0,0,0.0417,0.5,0.1667,0.1875,0.2222,0.0833,0.3889,0.3,0.05,0.3636,0
"locus2838",0,0.0625,0,0,0,0.0417,0.1111,0.0455,0,0.2,0,0.5,0,0.0417,0,0,0,0.0556,0,0,0,0,0,0.0833
"locus2839",0.0417,0.0625,0.05,0.0455,0,0.0417,0.0556,0.4545,0,0.35,0.0625,0,0,0.1667,0,0.1667,0.25,0.1667,0.25,0.3889,0,0.15,0,0.125
"locus2840",0.125,0,0,0.2727,0,0,0,0.0455,0.125,0.05,0,0,0.0625,0,0.1111,0,0,0,0,0,0.05,0,0.1364,0
"locus2841",0.1667,0.0625,0.05,0.0455,0,0,0.0556,0.0909,0.25,0.05,0.125,0,0.0625,0.0417,0.2778,0,0.125,0.2222,0.0833,0,0.1,0.15,0.0909,0
"locus2842",0.0833,0.0625,0.05,0,0.0714,0.0833,0.1111,0.0909,0.0625,0.2,0,0,0.1875,0.1667,0.0556,0,0.125,0,0.1667,0.0556,0.15,0.25,0.0455,0.125
"locus2843",0,0,0.1,0,0,0.0417,0,0,0.0625,0.35,0,0.1111,0,0.0833,0,0,0.125,0,0,0,0,0,0.0455,0.0417
"locus2844",0.0417,0.375,0.2,0.0909,0.2857,0.3333,0.3889,0.2727,0.3125,0.2,0.3125,0.3889,0.25,0.25,0,0,0.3125,0,0.4167,0,0.1,0.4,0.3636,0.4167
"locus2845",0.25,0.125,0.1,0.3182,0.1429,0.0833,0.3333,0.0909,0.0625,0.05,0.1875,0,0.1875,0.2083,0.1667,0.3333,0.1875,0.0556,0.25,0.3889,0.2,0.2,0,0.2083
"locus2846",0,0.0625,0,0,0,0.0833,0,0,0.25,0,0,0,0,0,0,0,0,0,0,0.2222,0.05,0,0,0
"locus2847",0,0,0.05,0,0,0,0,0.0909,0,0,0,0,0,0.0417,0.0556,0,0.0625,0.0556,0,0,0.05,0.15,0,0
"locus2848",0,0,0,0,0,0.0417,0,0.0455,0.125,0.3,0,0.0556,0.0625,0,0,0,0,0.0556,0,0,0,0,0,0
"locus2849",0.125,0,0,0,0,0,0,0,0,0,0,0,0.0625,0.125,0,0,0.125,0,0,0,0,0,0,0.0417
"locus2850",0.0833,0.0625,0.15,0.1818,0.2857,0.2917,0.2222,0.4091,0.0625,0,0.0625,0,0.25,0.2917,0.0556,0.1667,0.3125,0.2778,0.1667,0,0,0.4,0.1364,0.2083
"locus2851",0.375,0.1875,0.45,0.1364,0.2143,0.2083,0.2222,0.3182,0.3125,0.5,0.3125,0.4444,0.25,0.25,0.2222,0.5,0.375,0.2778,0.3333,0.3333,0.3,0.45,0.2273,0.1667
"locus2852",0.125,0,0.15,0.0909,0.0714,0.0417,0.1111,0.1364,0.125,0.15,0.0625,0.1111,0,0.2083,0.0556,0.3333,0,0.0556,0.0833,0,0.05,0.1,0.0455,0.125
"locus2853",0,0,0,0,0.0714,0.2083,0,0,0,0.15,0,0,0,0,0,0,0,0,0.0833,0,0,0,0.0455,0.0833
"locus2854",0.125,0.0625,0,0,0,0,0,0.0455,0,0,0,0,0.0625,0,0.3889,0.1667,0,0,0,0,0.2,0.05,0.1818,0
"locus2855",0,0.0625,0.05,0.0455,0.0714,0.1667,0.2778,0.2727,0,0,0,0,0,0,0,0,0,0.2222,0.3333,0.4444,0,0.1,0.0455,0.375
"locus2856",0,0,0.05,0.0455,0,0,0,0.0455,0.0625,0,0.125,0,0.0625,0,0,0.1667,0.0625,0,0.1667,0,0,0,0,0.0417
"locus2857",0.125,0,0.05,0.0909,0,0,0.0556,0,0.125,0,0,0,0.0625,0.0417,0.1667,0,0.0625,0,0,0,0.1,0.1,0,0
"locus2858",0.375,0.5,0.4,0.3182,0.4286,0.4583,0,0.4091,0.375,0.4,0.4375,0.3889,0.375,0.3333,0.0556,0.3333,0.3125,0.3889,0.1667,0.3889,0.5,0.35,0.1818,0.2917
"locus2859",0.125,0,0.2,0.1364,0.0714,0.0417,0,0.0909,0,0.45,0,0.2778,0.0625,0.125,0.0556,0,0,0.0556,0,0.0556,0,0.1,0.0455,0.0417
"locus2860",0,0,0,0,0,0,0.0556,0,0,0,0,0,0,0,0,0,0,0,0.0833,0,0,0,0,0.4583
"locus2861",0.0417,0.0625,0.15,0,0,0,0.2222,0.2727,0.0625,0.05,0.1875,0,0.0625,0.2083,0,0,0.125,0.0556,0.25,0,0,0.1,0.0455,0.25
"locus2862",0.25,0.3125,0.35,0.3636,0.2143,0.25,0.3333,0.4091,0.5,0.1,0.5,0.0556,0.375,0.3333,0.3333,0.3333,0.4375,0.3889,0.3333,0.5,0.45,0.3,0.5,0.4583
"locus2863",0.0417,0,0.05,0.0909,0,0.2083,0,0,0,0,0,0.2222,0,0,0.1111,0.3333,0.0625,0.3889,0,0,0,0.35,0.0455,0
"locus2864",0,0.0625,0.2,0.0909,0,0.0417,0,0.2273,0.0625,0.05,0,0,0.0625,0.2083,0,0,0.125,0,0,0,0.05,0.15,0.0455,0
"locus2865",0,0,0,0,0.4286,0.125,0.1667,0.0909,0.1875,0,0,0,0,0.0417,0,0,0,0,0.5,0,0,0.05,0.0455,0.1667
"locus2866",0,0.0625,0.15,0.0455,0,0,0,0,0.0625,0,0,0,0,0.0833,0.0556,0,0.0625,0,0.0833,0,0.05,0.1,0.0909,0.125
"locus2867",0.4167,0.3125,0.4,0.4091,0.4286,0.375,0.4444,0.3636,0.4375,0.45,0.3125,0.2778,0.1875,0.4167,0.3889,0,0.4375,0.3889,0.1667,0.3333,0.5,0.45,0.2727,0.25
"locus2868",0.4583,0.4375,0.45,0.1364,0.5,0.4167,0.4444,0.3182,0.3125,0.3,0.4375,0.4444,0.3125,0.375,0.5,0.5,0.5,0.3889,0.4167,0.3889,0.25,0.4,0.0455,0.4583
"locus2869",0,0.3125,0.15,0.0455,0,0.0417,0,0.1364,0.0625,0.05,0.0625,0,0.25,0.125,0,0,0.1875,0.1111,0.1667,0,0.25,0.05,0,0
"locus2870",0.0833,0.4375,0.5,0.3636,0.3571,0.4583,0.5,0.5,0.3125,0.35,0.4375,0.3333,0.3125,0.4167,0.2222,0.5,0.4375,0.2778,0.5,0.2778,0.3,0.4,0.3636,0.4167
"locus2871",0.2917,0,0.05,0.2727,0,0.0417,0.1111,0.0909,0,0,0,0,0,0.2083,0.3333,0.3333,0,0.0556,0.25,0.0556,0.1,0.25,0.0909,0.25
"locus2872",0,0,0,0.1818,0,0.0417,0,0,0,0,0,0,0.125,0.0417,0,0.1667,0.0625,0,0.0833,0.1111,0.05,0,0,0
"locus2873",0,0.3125,0,0.0455,0,0.125,0,0,0,0.35,0,0.3333,0,0,0,0,0,0,0,0,0.05,0.05,0,0.0417
"locus2874",0,0,0,0,0.0714,0.0417,0.0556,0,0,0,0,0.0556,0,0.0417,0,0.1667,0,0.0556,0.0833,0,0,0.15,0.0455,0.0833
"locus2875",0,0,0.1,0.0455,0,0,0,0.0455,0.0625,0.05,0,0,0.1875,0.0417,0,0,0,0,0,0.1667,0.1,0.1,0.0455,0
"locus2876",0.5,0.0625,0.05,0.3182,0.0714,0.125,0.1667,0.2727,0.25,0,0.25,0.1667,0.1875,0.25,0.5,0.3333,0.3125,0.4444,0.0833,0.2778,0.45,0.15,0.4545,0.1667
"locus2877",0.25,0,0,0.0909,0,0,0,0.0909,0.0625,0,0.0625,0,0.1875,0.0417,0.3889,0,0.0625,0,0.0833,0.3889,0.5,0.05,0.1364,0
"locus2878",0,0,0,0,0.0714,0,0.1667,0,0,0.05,0,0.0556,0,0.0417,0,0,0.125,0,0,0.0556,0.05,0,0.0455,0.0833
"locus2879",0,0.0625,0,0,0,0.125,0,0,0,0.15,0,0.1111,0,0.0417,0,0,0,0,0,0.1111,0,0,0.0455,0
"locus2880",0.2917,0,0.1,0.0455,0,0,0,0.0909,0,0,0,0,0,0.0417,0.2778,0,0,0.2778,0,0.2222,0.2,0.05,0.5,0
"locus2881",0.1667,0.375,0.3,0.1364,0.4286,0.4583,0.3333,0.2727,0.4375,0.5,0.4375,0.4444,0.1875,0.2917,0.2222,0.1667,0.25,0.1111,0.4167,0.0556,0.1,0.4,0.3182,0.4583
"locus2882",0.0417,0.0625,0.15,0.0909,0,0.0833,0,0.0909,0.1875,0,0,0,0.125,0,0,0,0.0625,0.2222,0.0833,0.0556,0.05,0.1,0.0909,0
"locus2883",0.4583,0.1875,0.5,0.4091,0.0714,0.25,0.1667,0.4545,0.25,0,0.3125,0.2778,0.3125,0.4167,0.3889,0.5,0.125,0.2778,0.0833,0.2222,0.3,0.45,0.4091,0.25
"locus2884",0.0833,0.5,0.05,0,0.2857,0.25,0.2778,0.1364,0.125,0.15,0.0625,0,0,0.125,0.1667,0,0.1875,0.0556,0.25,0,0.05,0.2,0.1818,0.2917
"locus2885",0.0417,0.125,0,0.0909,0,0.125,0,0.0455,0.0625,0,0,0,0.125,0.1667,0,0,0.1875,0.0556,0,0.0556,0,0.1,0,0
"locus2886",0,0,0.05,0,0.2143,0.125,0.1111,0,0.0625,0,0.3125,0,0,0,0,0,0,0,0.25,0,0.05,0,0.1364,0.0417
"locus2887",0.2917,0.375,0.3,0.2727,0.2143,0.2917,0.3889,0.3636,0.1875,0.35,0.1875,0.3333,0.25,0.3333,0.2778,0.1667,0.3125,0.4444,0.0833,0.0556,0.35,0.25,0.1364,0.2917
"locus2888",0.0833,0.375,0.35,0.1364,0.3571,0.3333,0.4444,0.2727,0.25,0.35,0.4375,0.3889,0.3125,0.4167,0.3333,0.3333,0.4375,0.3333,0.3333,0.1667,0.2,0.3,0.2727,0.4583
"locus2889",0.2083,0.0625,0.3,0.3636,0,0.2917,0.1111,0.0909,0,0.4,0.1875,0.3333,0,0.2083,0,0.3333,0.0625,0.1667,0.1667,0.1111,0.05,0.15,0.0455,0.0417
"locus2890",0.125,0.0625,0.2,0,0,0.0417,0,0.1818,0,0,0.1875,0,0.1875,0.125,0.3889,0.1667,0.0625,0.1111,0,0.1111,0.05,0.2,0,0
"locus2891",0.0417,0,0.05,0.0909,0,0,0.0556,0,0,0,0.0625,0,0,0,0.0556,0,0,0,0.1667,0,0,0,0,0.125
"locus2892",0,0.3125,0.1,0,0.4286,0.3333,0.3333,0.0909,0,0.2,0,0.3333,0,0.1667,0,0.1667,0.1875,0.0556,0.3333,0,0.05,0,0.0455,0.4583
"locus2893",0,0,0.25,0,0,0,0,0.0909,0,0,0,0,0.0625,0.0833,0,0,0.0625,0.0556,0,0,0,0,0,0
"locus2894",0.0417,0,0,0.0455,0,0.0417,0,0.0455,0,0,0,0.1111,0.0625,0,0,0.1667,0.0625,0,0,0,0,0,0.0455,0
"locus2895",0.4167,0.4375,0.35,0.2727,0.1429,0.2917,0.1111,0.4091,0.5,0.45,0.1875,0.1111,0.5,0.1667,0.2222,0.3333,0.375,0.4444,0.25,0.1111,0.3,0.35,0.3636,0.0833
"locus2896",0.1667,0,0.1,0.0455,0,0,0,0.0909,0,0.15,0.125,0.0556,0.0625,0.0833,0.2222,0.1667,0.125,0.0556,0,0,0.1,0.05,0.2273,0
"locus2897",0,0.1875,0.15,0,0,0,0,0,0,0,0,0,0,0.0417,0.0556,0,0.25,0,0,0,0,0,0,0
"locus2898",0.4167,0.4375,0.45,0.3182,0.3571,0.2917,0.4444,0.3636,0.4375,0.1,0.3125,0.1667,0.3125,0.4167,0.5,0.3333,0.4375,0.4444,0.3333,0.4444,0.45,0.4,0.3182,0.4167
"locus2899",0.0417,0.3125,0.4,0.0455,0.0714,0.25,0.1111,0.1364,0.0625,0.45,0.25,0,0.5,0.0833,0,0,0.25,0.0556,0,0,0.05,0.15,0.0909,0.0417
"locus2900",0.2917,0.5,0.45,0.4091,0.1429,0.4583,0.2222,0.4091,0.3125,0.5,0.4375,0.2778,0.3125,0.3333,0.3333,0.5,0.4375,0.2778,0.4167,0.4444,0.35,0.5,0.2727,0.2917
"locus2901",0.4167,0.4375,0.4,0.4091,0.3571,0.25,0.3889,0.4091,0.4375,0.35,0.3125,0.3889,0.4375,0.4167,0.3889,0.5,0.4375,0.4444,0.4167,0.5,0.3,0.5,0.3636,0.4167
"locus2902",0,0,0.05,0.0455,0,0.125,0.2222,0.0909,0,0.1,0,0.1111,0.0625,0.0833,0,0,0,0.0556,0.0833,0.3333,0.05,0.1,0.0455,0.125
"locus2903",0.4167,0.25,0.2,0.1364,0.1429,0.2083,0.1111,0.4091,0.0625,0.15,0.1875,0.2222,0.1875,0.2083,0.3889,0.1667,0.25,0.3333,0.0833,0.3333,0.15,0.05,0.4545,0.0833
"locus2904",0.0417,0.0625,0,0.0909,0,0.0417,0.0556,0,0.0625,0,0,0,0.125,0.0417,0.0556,0.1667,0,0,0,0,0.05,0,0,0.0417
"locus2905",0.1667,0.125,0,0,0,0,0,0.0455,0.0625,0.05,0,0,0,0.0417,0,0,0,0.1111,0,0.1667,0,0,0.1364,0.0417
"locus2906",0.5,0.4375,0.45,0.4545,0.2143,0.5,0.5,0.2727,0.4375,0.25,0.375,0.2222,0.4375,0.4167,0.4444,0.3333,0.5,0.1111,0.1667,0.3333,0.25,0.35,0.3636,0.4583
"locus2907",0.25,0.0625,0.15,0.1818,0,0.0417,0.1111,0.0909,0.0625,0.1,0.3125,0,0.125,0,0.1667,0,0.375,0.0556,0.1667,0,0.1,0,0.0455,0.1667
"locus2908",0.0417,0,0.05,0.0455,0,0,0,0.0455,0,0,0.0625,0,0,0,0,0,0.0625,0,0,0,0.15,0.05,0.0909,0.0833
"locus2909",0.0417,0.25,0.05,0.0455,0.3571,0.2917,0.3889,0.1364,0.0625,0.45,0.125,0.1111,0,0.0417,0.1111,0,0.3125,0.1667,0.5,0.3889,0,0.25,0.0455,0.3333
"locus2910",0.375,0.1875,0.3,0.5,0.0714,0.2083,0.3889,0.1364,0.1875,0.1,0.375,0,0.375,0.1667,0.2222,0.3333,0.1875,0.4444,0.1667,0.2222,0.2,0.4,0.2273,0.125
"locus2911",0.0833,0.3125,0.2,0,0.3571,0.3333,0.1667,0.0909,0,0.3,0.0625,0.2222,0.1875,0.2917,0,0,0.1875,0,0.1667,0,0,0.15,0,0.1667
"locus2912",0,0.0625,0,0.0455,0.3571,0.2917,0.3333,0.0455,0,0.35,0.125,0.1667,0.0625,0.1667,0,0,0.125,0.0556,0.3333,0.0556,0,0.35,0.1364,0.5
"locus2913",0,0.0625,0.1,0,0,0,0.0556,0.0455,0,0,0,0,0.0625,0.125,0.1667,0,0.0625,0.0556,0,0.0556,0,0,0.0455,0
"locus2914",0.0417,0,0,0.0909,0,0.125,0,0.0909,0,0.05,0,0,0,0,0.0556,0,0.0625,0,0,0,0.1,0,0.1364,0
"locus2915",0,0.0625,0,0.1364,0,0.0417,0,0,0.25,0.05,0,0,0,0.0417,0,0,0,0.2222,0,0,0,0,0.0455,0
"locus2916",0,0,0.1,0,0,0,0,0.0455,0,0,0.0625,0,0,0.1667,0,0,0.125,0,0.25,0,0,0.05,0,0.0417
"locus2917",0.1667,0.125,0,0,0,0.0417,0,0,0,0.1,0,0,0.0625,0.0417,0.1111,0,0,0,0,0,0,0,0,0
"locus2918",0.125,0,0.05,0.0909,0.2857,0.125,0.0556,0.0455,0,0.3,0,0.5,0.1875,0.0833,0.1667,0.1667,0.125,0,0,0.3889,0.15,0,0,0.0417
"locus2919",0.125,0.0625,0.1,0.0909,0,0.125,0.1111,0.0455,0,0,0.125,0,0.0625,0.0417,0,0,0.0625,0.0556,0,0.1111,0.05,0.05,0,0.0833
"locus2920",0.0417,0.0625,0.05,0.0909,0,0.2083,0,0.0909,0,0.1,0.0625,0.0556,0.0625,0.0417,0,0,0.0625,0,0,0,0,0,0.1818,0
"locus2921",0.0833,0.1875,0.15,0.0455,0.0714,0.0833,0.0556,0.1364,0,0.05,0.0625,0.0556,0.1875,0.0417,0.1667,0,0.25,0.1111,0.1667,0.1667,0.1,0.1,0.1364,0.1667
"locus2922",0.0417,0.125,0,0.0455,0.1429,0,0.3889,0,0,0.05,0.0625,0,0.0625,0.0417,0,0,0,0.0556,0.1667,0,0.1,0,0.0909,0.5
"locus2923",0.0833,0,0.15,0.0455,0,0.0833,0,0.1364,0,0,0,0,0.125,0.3333,0.1111,0.1667,0,0.0556,0,0.1111,0.05,0,0.0455,0.0833
"locus2924",0,0.1875,0.1,0,0,0.0417,0,0,0,0.05,0,0,0.0625,0.0833,0,0,0.0625,0,0.1667,0,0,0,0,0
"locus2925",0.2083,0.1875,0,0,0.0714,0.125,0.1667,0.0455,0,0,0,0,0.0625,0.0833,0,0.1667,0,0,0,0.1667,0.05,0.05,0.0455,0.0417
"locus2926",0.0833,0,0.05,0.0909,0,0,0.1111,0.1818,0.0625,0.05,0,0.0556,0,0.0417,0.1111,0.1667,0.125,0,0.0833,0,0.1,0.1,0.1364,0.25
"locus2927",0,0.1875,0,0,0.0714,0,0,0.0455,0,0,0,0.0556,0,0,0.1111,0,0,0,0.0833,0.0556,0.05,0.05,0.0455,0.0833
"locus2928",0,0,0,0.1364,0,0,0,0.1364,0.0625,0,0,0,0,0.125,0,0,0,0.0556,0.0833,0,0.05,0,0.0455,0
"locus2929",0.2083,0,0.05,0,0,0,0.1667,0.1364,0,0.05,0,0,0,0.1667,0,0,0.125,0,0,0.3333,0.05,0.1,0.0909,0
"locus2930",0.25,0.4375,0.25,0.1818,0.4286,0.375,0.2222,0.4545,0.4375,0.4,0.375,0.2222,0.5,0.2917,0.3333,0.5,0.4375,0.3333,0.1667,0.2222,0.45,0.25,0.5,0.3333
"locus2931",0,0,0,0,0,0,0.1667,0,0.3125,0,0,0,0,0,0.1667,0,0,0.0556,0,0,0,0,0.0909,0
"locus2932",0.0417,0,0.2,0,0,0,0,0.0455,0,0,0.125,0,0.25,0.0417,0.2222,0,0.125,0.1667,0,0.2222,0,0.05,0.2273,0
"locus2933",0,0,0,0,0,0,0,0,0.0625,0.35,0,0.4444,0,0.0417,0,0,0.0625,0,0,0,0,0,0,0.0417
"locus2934",0.0417,0.5,0.35,0,0.3571,0.4167,0.2222,0.0909,0.3125,0.45,0.125,0.3889,0.125,0.375,0.1111,0.1667,0.25,0.1667,0.25,0.0556,0,0.45,0.0909,0.2083
"locus2935",0.4167,0.25,0.4,0.4545,0.3571,0.2917,0.1667,0.2273,0.375,0.3,0.3125,0.3889,0.1875,0.3333,0.3333,0.3333,0.25,0.2222,0.25,0.2778,0.4,0.3,0.2727,0.125
"locus2936",0.0417,0,0.1,0.3182,0,0,0,0,0,0.1,0.0625,0.0556,0.0625,0.0417,0.0556,0,0.125,0,0.0833,0,0.05,0.1,0,0.0833
"locus2937",0.0417,0,0.05,0,0.0714,0.0417,0,0.0455,0,0,0,0,0,0.0417,0.0556,0.1667,0,0,0,0,0,0.1,0.1364,0.0833
"locus2938",0,0,0,0,0,0.0417,0.3889,0.0909,0.0625,0,0.125,0,0,0.0417,0,0,0,0,0.1667,0.1111,0,0,0.1364,0.25
"locus2939",0,0,0.1,0,0,0,0,0.0909,0,0.05,0,0,0.3125,0.125,0,0,0.125,0,0.0833,0,0,0.1,0,0
"locus2940",0,0,0.05,0,0,0.0833,0,0,0,0,0,0,0.125,0.0833,0,0,0.0625,0.0556,0,0,0.05,0.1,0,0
"locus2941",0.0833,0.1875,0.35,0.0455,0.4286,0.375,0.1667,0.3182,0.0625,0,0.25,0.1111,0.125,0.375,0,0.1667,0.25,0.1111,0.3333,0.0556,0.05,0.3,0.1364,0.125
"locus2942",0.4167,0.3125,0.45,0.0909,0.0714,0.25,0.2778,0.3636,0.4375,0.1,0.4375,0,0.4375,0.4583,0.3889,0.3333,0.375,0.3889,0.3333,0.3333,0.5,0.5,0.4545,0.2917
"locus2943",0.1667,0.5,0.35,0.0455,0.4286,0.375,0.3333,0.2727,0.25,0.1,0.125,0,0.3125,0.4167,0.1111,0.3333,0.5,0.2222,0.5,0.0556,0,0.25,0.2273,0.25
"locus2944",0.0417,0.125,0.05,0.0455,0.2857,0.2083,0.2778,0.0455,0.0625,0,0.3125,0.0556,0.0625,0.0417,0.0556,0.1667,0,0.0556,0.0833,0.0556,0.05,0.05,0.1818,0.375
"locus2945",0.0417,0.125,0.1,0.0455,0,0,0,0.0909,0,0,0,0,0,0,0,0,0.1875,0,0,0,0.05,0,0.1818,0
"locus2946",0.0417,0,0.1,0,0.2857,0,0.1111,0.0455,0,0,0.1875,0,0,0,0.0556,0,0,0.0556,0,0.3889,0.05,0,0.0909,0.125
"locus2947",0,0,0,0,0.2857,0.1667,0.1111,0,0,0,0,0,0,0.0417,0,0,0,0,0,0,0,0,0.0909,0.1667
"locus2948",0.2083,0.125,0.1,0,0.2143,0.25,0.1667,0.0909,0.1875,0,0.125,0.0556,0,0.0417,0.0556,0,0,0.0556,0,0.0556,0.05,0.1,0.2273,0.0833
"locus2949",0.125,0,0.15,0,0.0714,0,0.1111,0.2727,0.25,0.1,0.0625,0.0556,0.1875,0.0833,0.2222,0.5,0.25,0.0556,0.1667,0.2222,0.15,0.05,0.3182,0
"locus2950",0.25,0.25,0.2,0.1364,0,0.25,0,0.0455,0.4375,0.15,0.4375,0,0.1875,0.2083,0.3889,0.5,0.25,0.3889,0.1667,0.1111,0.15,0.25,0.3182,0.0833
"locus2951",0.3333,0.125,0,0.1818,0,0.125,0.0556,0.2273,0.25,0,0.125,0,0,0,0.3333,0.3333,0,0.2222,0,0.4444,0.35,0,0.1818,0.0417
"locus2952",0.2083,0.0625,0.05,0,0,0,0.1667,0,0.0625,0,0.125,0,0,0.125,0.3889,0,0,0.1667,0,0,0.2,0,0.2273,0
"locus2953",0.125,0.4375,0.45,0.1364,0,0.3333,0.3889,0.4545,0.0625,0,0.5,0.1111,0.25,0.2917,0.1111,0.5,0.1875,0.3333,0.3333,0.0556,0.1,0.05,0.0455,0.2083
"locus2954",0.4167,0.25,0.1,0.3636,0,0.0833,0.3333,0.2727,0.5,0,0.4375,0,0.3125,0,0.2222,0.3333,0.125,0.2778,0.0833,0.5,0.35,0.1,0.3636,0.1667
"locus2955",0,0.0625,0.05,0,0,0.125,0.1667,0.0455,0,0,0.1875,0.0556,0.0625,0.1667,0,0,0.0625,0,0.1667,0.1111,0,0.15,0.0909,0.125
"locus2956",0.4167,0.3125,0.25,0.4091,0.0714,0.2917,0.1111,0.4091,0.4375,0.4,0.3125,0.3889,0.5,0.5,0.5,0.3333,0.25,0.4444,0.4167,0.4444,0.2,0.45,0.4091,0.0833
"locus2957",0.1667,0,0,0,0,0,0,0,0,0,0,0,0,0,0,0,0,0.0556,0,0,0.1,0,0.3182,0
"locus2958",0.2083,0.5,0.4,0.4091,0.5,0.5,0.1667,0.3182,0.1875,0.45,0.375,0.3889,0.375,0.375,0.3333,0.5,0.1875,0.3333,0.0833,0.2222,0.3,0.35,0.4545,0.5
"locus2959",0.4583,0.125,0.05,0.3182,0,0,0.0556,0.0909,0.125,0.05,0.125,0.0556,0.0625,0.0417,0.2778,0.1667,0.125,0.1111,0,0.4444,0.25,0.05,0.1364,0
"locus2960",0.1667,0.375,0.5,0.0909,0.2857,0.375,0.5,0.4091,0.5,0.35,0.4375,0.1667,0.375,0.4167,0.2222,0.5,0.3125,0.3333,0.4167,0.3889,0.4,0.45,0.2273,0.4583
"locus2961",0.0417,0,0,0.0455,0,0,0,0,0,0,0,0,0.0625,0.0417,0.1111,0,0,0.0556,0,0,0.15,0.05,0,0
"locus2962",0,0,0,0.4091,0,0,0.0556,0,0,0,0,0.0556,0,0.0833,0,0.3333,0,0,0,0.0556,0.05,0.05,0,0.0417
"locus2963",0,0,0,0.0455,0.0714,0.0417,0.1667,0,0,0,0.0625,0.0556,0,0,0,0,0,0,0,0.0556,0,0,0.0909,0.5
"locus2964",0.125,0.1875,0,0,0,0,0,0.1364,0.0625,0.05,0.1875,0,0.1875,0.1667,0.2222,0.1667,0.0625,0.1111,0.0833,0.3889,0,0.2,0.1364,0.0833
"locus2965",0,0.3125,0.1,0.1364,0.0714,0.1667,0,0.0455,0.125,0.1,0.125,0.3889,0.0625,0.0417,0.1667,0,0,0,0,0.0556,0.1,0.05,0,0.1667
"locus2966",0.4167,0.3125,0.35,0.4091,0.0714,0.125,0.2778,0.3636,0.5,0.15,0.3125,0,0.5,0.5,0.2778,0.5,0.5,0.4444,0.3333,0.5,0.45,0.45,0.3636,0.0417
"locus2967",0,0,0,0,0.2857,0,0.2222,0,0,0,0,0,0,0.0833,0,0,0,0,0,0.0556,0.05,0,0.1364,0.375
"locus2968",0,0,0,0.0455,0.2143,0.3333,0.0556,0,0.1875,0.35,0,0.1667,0.0625,0.0833,0.3333,0,0,0,0,0.0556,0.25,0,0.2727,0.0833
"locus2969",0.375,0,0,0.1818,0,0,0.1111,0,0.0625,0.1,0.4375,0,0.125,0.1667,0.4444,0.3333,0.3125,0.1111,0.1667,0.3889,0.2,0.1,0.4091,0.2083
"locus2970",0.2917,0.375,0.2,0.2727,0.2143,0.1667,0.1667,0.0455,0,0.15,0.25,0.1111,0.125,0.25,0.0556,0.5,0.1875,0.1111,0.1667,0.2778,0.3,0.15,0.0909,0.1667
"locus2971",0.125,0.0625,0,0,0,0,0,0,0.3125,0.05,0,0,0,0,0,0,0,0.0556,0,0,0,0,0.0455,0
"locus2972",0,0.1875,0,0,0,0.2083,0.1667,0,0,0.25,0.125,0.3333,0,0.0417,0,0,0,0,0.25,0,0.05,0,0.0909,0.0833
"locus2973",0,0,0.05,0,0.1429,0,0.1111,0,0.0625,0.05,0,0.0556,0,0.0833,0,0.1667,0.0625,0,0.0833,0,0.05,0.25,0.0909,0.0417
"locus2974",0.0833,0.125,0,0,0.4286,0.2917,0.1667,0.0455,0.3125,0.35,0.1875,0.1667,0.0625,0,0,0,0,0,0,0.0556,0.1,0.3,0,0.3333
"locus2975",0.4167,0.3125,0.5,0.5,0.1429,0.5,0.2222,0.3182,0.3125,0.5,0.25,0.1111,0.4375,0.3333,0.5,0.3333,0.375,0.4444,0.3333,0.2778,0.45,0.25,0.3182,0.0417
"locus2976",0.0417,0.125,0.05,0.0455,0,0.125,0.1111,0.0909,0.125,0.1,0,0,0.25,0,0,0.1667,0.0625,0.1111,0,0.2778,0,0.05,0.2727,0.125
"locus2977",0.5,0.0625,0.15,0,0.0714,0.0417,0.0556,0.2273,0.375,0.05,0,0.0556,0.375,0.2083,0.3333,0.1667,0.0625,0.4444,0.0833,0.1111,0.35,0.15,0.2727,0.1667
"locus2978",0.1667,0.125,0.1,0.0455,0.4286,0.2917,0.5,0.1364,0.25,0.05,0,0.1667,0.0625,0.25,0,0,0.1875,0.1111,0.1667,0.1111,0.25,0.05,0.1818,0.2083
"locus2979",0.0417,0.375,0.05,0.0909,0.2143,0.2083,0.4444,0,0.3125,0.2,0.0625,0,0,0.0833,0,0.1667,0.1875,0.1111,0.0833,0,0,0.2,0.2727,0.3333
"locus2980",0,0,0.05,0,0.1429,0.2917,0.2778,0.0455,0.0625,0.05,0.125,0,0.0625,0.2083,0.0556,0,0.125,0.0556,0.0833,0.1111,0,0.1,0.0909,0.2917
"locus2981",0.4583,0.0625,0,0.3636,0,0.1667,0.1111,0.1818,0.3125,0.15,0,0.0556,0.1875,0.1667,0.4444,0.3333,0.0625,0.3889,0,0.3889,0.15,0.2,0.2273,0.0417
"locus2982",0,0.25,0.05,0.0455,0.5,0.4167,0,0,0.3125,0.2,0,0.2778,0,0.0833,0,0,0.1875,0,0,0,0.05,0,0,0.0833
"locus2983",0,0.0625,0,0,0,0,0,0.0909,0,0.1,0,0,0,0.0417,0,0,0.0625,0.1111,0,0.0556,0,0.05,0,0.0417
"locus2984",0.0833,0,0,0.1364,0,0,0,0,0.0625,0,0,0,0,0,0.1667,0,0,0,0,0,0,0,0.2727,0
"locus2985",0.1667,0,0.1,0.1364,0,0,0,0.1364,0,0,0.125,0,0,0.125,0.0556,0,0.125,0.2778,0,0,0.1,0.05,0,0
"locus2986",0.3333,0,0,0,0,0,0,0,0,0,0.0625,0,0.0625,0,0,0,0,0,0.0833,0,0,0.25,0,0
"locus2987",0,0.0625,0,0,0.2143,0.25,0.0556,0,0,0.45,0,0.3333,0,0,0,0,0,0.0556,0,0,0,0,0.0455,0.0417
"locus2988",0.0833,0.125,0.05,0.3182,0.5,0.1667,0.5,0,0.125,0.3,0.0625,0.1111,0.1875,0.1667,0,0,0.25,0,0.3333,0,0.05,0,0.2727,0.2917
"locus2989",0.0417,0.125,0.25,0.0455,0.1429,0,0.0556,0.1364,0,0.3,0.25,0,0.0625,0.1667,0.0556,0.1667,0.0625,0.1667,0.1667,0.1111,0.1,0.15,0,0.375
"locus2990",0.0833,0.125,0.1,0.2727,0,0.125,0.2222,0.1818,0.125,0.05,0.1875,0.0556,0,0.4583,0.1111,0.3333,0.125,0.0556,0.1667,0.1667,0.2,0.2,0.2727,0.25
"locus2991",0.375,0.125,0.3,0.0909,0,0.1667,0.2778,0.1818,0,0.3,0.25,0.1111,0.1875,0.125,0.2778,0,0,0.1667,0,0.3333,0.4,0.2,0.1364,0.0833
"locus2992",0,0.1875,0,0.0455,0,0.0417,0.1667,0,0.375,0.15,0,0.3889,0.0625,0.0417,0,0,0.0625,0.0556,0.25,0,0,0.35,0.0909,0.125
"locus2993",0.375,0.125,0,0.2727,0,0.125,0,0,0.0625,0.05,0,0,0.0625,0.125,0.1667,0,0.0625,0.0556,0,0.2778,0.4,0.1,0.1364,0
"locus2994",0.0833,0,0,0,0,0,0,0.1818,0,0,0,0,0,0,0.1111,0,0,0.0556,0,0,0,0,0.0909,0
"locus2995",0.4167,0.375,0.35,0.3182,0.0714,0.1667,0.1111,0.2727,0.3125,0.4,0.4375,0,0.4375,0.2083,0.1111,0.3333,0.25,0.3333,0,0.1111,0.35,0.45,0.2273,0.1667
"locus2996",0,0,0.05,0,0,0,0,0.0455,0.0625,0.05,0,0.1111,0.0625,0,0,0,0.3125,0.0556,0,0,0,0.05,0,0
"locus2997",0.0833,0.3125,0,0.1818,0,0.1667,0.2222,0.0909,0.4375,0,0,0.0556,0.0625,0.125,0.1667,0,0,0,0,0.0556,0.1,0.25,0.2273,0
"locus2998",0.375,0.375,0.1,0.2727,0.4286,0.3333,0.5,0.1364,0.25,0.4,0.375,0.3889,0.1875,0.375,0.2222,0.3333,0.25,0.2222,0.4167,0.1667,0.25,0.25,0.3182,0.5
"locus2999",0.5,0.125,0.2,0.2727,0,0,0,0.3182,0,0,0.0625,0,0.25,0.2083,0.5,0.3333,0.0625,0.2222,0,0.1667,0.1,0.1,0.2727,0.0417
"locus3000",0.0417,0.375,0.4,0.0909,0.1429,0.1667,0,0.3636,0.125,0.45,0.3125,0.3889,0.5,0.1667,0.1111,0,0.1875,0.0556,0.25,0.0556,0.05,0.2,0.0909,0.0417
"locus3001",0.125,0,0,0.1364,0,0.0417,0,0.1364,0,0.05,0.0625,0,0,0,0.1667,0,0,0.2778,0,0.1667,0.25,0.05,0.1364,0
"locus3002",0,0.0625,0.15,0,0,0,0,0.0909,0.0625,0.1,0.0625,0.1667,0.0625,0.2083,0,0,0.125,0.0556,0,0,0,0,0.0455,0
"locus3003",0.25,0.1875,0.2,0.1364,0.2143,0.3333,0.2222,0.1818,0.0625,0.35,0.4375,0.3889,0.0625,0.2083,0.1667,0.3333,0,0.0556,0.0833,0.3333,0.1,0,0.0909,0.25
"locus3004",0.25,0,0,0.1364,0.0714,0.0417,0,0.0455,0,0.05,0,0,0,0.25,0.0556,0,0.125,0,0.0833,0,0,0.05,0,0.125
"locus3005",0,0,0.15,0,0,0,0,0.0455,0,0.05,0,0,0.375,0.2083,0,0,0.0625,0.0556,0,0,0,0,0.0455,0
"locus3006",0.0417,0,0.15,0,0,0,0.0556,0.1364,0.25,0,0,0,0.1875,0.2083,0.0556,0,0.125,0.2222,0.3333,0,0.05,0.15,0.1364,0
"locus3007",0.2083,0.375,0.15,0,0.2143,0.25,0.3889,0.0455,0.0625,0,0.5,0.1667,0.125,0.2917,0.1111,0.5,0.25,0.0556,0.4167,0.1111,0.1,0,0.1364,0.4583
"locus3008",0.3333,0.4375,0.3,0.3636,0.3571,0.3333,0.2778,0.2727,0.4375,0.3,0.125,0.3333,0.375,0.3333,0.3889,0.1667,0.375,0.3333,0.3333,0,0.2,0.25,0.4091,0.3333
"locus3009",0.0417,0.0625,0,0,0,0,0,0.0909,0.125,0,0.0625,0,0.125,0.0833,0.1111,0,0.0625,0.0556,0,0,0,0,0.0455,0
"locus3010",0,0.0625,0,0.0455,0,0,0.0556,0,0,0,0,0,0,0,0,0,0,0,0,0.3889,0.05,0,0,0
"locus3011",0,0,0.15,0.0455,0.0714,0,0,0,0,0.05,0,0,0.0625,0.0833,0,0,0.0625,0,0,0,0,0.05,0,0
"locus3012",0,0.375,0,0,0,0.0417,0.0556,0.0455,0,0.05,0,0,0,0.0833,0,0,0.0625,0,0,0,0,0.1,0,0
"locus3013",0.1667,0.5,0.25,0.4091,0.5,0.375,0.1667,0.0909,0.4375,0.2,0.3125,0.5,0.1875,0.25,0.1111,0,0.0625,0.3889,0.25,0,0.4,0.25,0.1818,0.3333
"locus3014",0.125,0.0625,0,0.0909,0.0714,0.0833,0,0.0909,0.0625,0,0.0625,0,0,0.0833,0.0556,0.1667,0.3125,0.0556,0,0.3333,0,0,0.0909,0.1667
"locus3015",0.375,0.25,0.25,0.2727,0.4286,0.2917,0.2778,0.2273,0.375,0.2,0.375,0.3889,0.5,0.2083,0.4444,0.3333,0.375,0.4444,0.3333,0.2222,0.4,0.1,0.3636,0.2917
"locus3016",0.2917,0.1875,0.05,0.3636,0.5,0.3333,0.1111,0,0.0625,0.35,0,0.3333,0.125,0.1667,0.2778,0.1667,0.1875,0.0556,0.0833,0.5,0.1,0.15,0.3636,0.2083
"locus3017",0.0417,0.0625,0.35,0.0909,0.0714,0.1667,0.1111,0.3636,0,0,0.125,0,0.25,0.4583,0.1111,0.3333,0.3125,0.3889,0.25,0,0.1,0.45,0.1364,0.125
"locus3018",0,0.0625,0.05,0,0.0714,0.0833,0.0556,0,0.0625,0,0,0,0,0,0,0,0.0625,0,0.0833,0,0.15,0.05,0.0909,0.125
"locus3019",0.5,0.375,0.35,0.1818,0.1429,0.0833,0.0556,0.3182,0.375,0.1,0.25,0.0556,0.3125,0.0417,0.3889,0,0.3125,0.3889,0.1667,0.3889,0.45,0.35,0.3636,0.0417
"locus3020",0.0417,0,0.1,0.0455,0,0,0.0556,0,0.0625,0.05,0,0,0,0.1667,0.0556,0,0,0,0,0.1111,0,0,0,0
"locus3021",0.1667,0.25,0.15,0.2273,0.0714,0.375,0.3889,0.1364,0.125,0.45,0.375,0.4444,0.1875,0.4167,0.0556,0.3333,0.25,0.2222,0.4167,0.1111,0.2,0.3,0.1364,0.2083
"locus3022",0,0,0.05,0,0.2143,0.0417,0.3889,0,0,0,0.0625,0,0,0.0833,0,0,0.0625,0,0.25,0.0556,0.05,0,0.0455,0.4583
"locus3023",0,0,0,0.1818,0,0,0,0.0455,0.125,0,0,0,0,0,0.0556,0,0,0,0,0,0.05,0.1,0.0455,0
"locus3024",0,0.0625,0,0,0.0714,0.2083,0.0556,0,0,0.45,0,0.4444,0,0,0,0,0,0,0,0,0,0,0.0455,0.0417
"locus3025",0.0417,0,0,0.0909,0.0714,0,0,0.1364,0,0.05,0,0.2222,0.125,0.0833,0,0,0,0,0,0.0556,0,0.05,0,0
"locus3026",0.0417,0.125,0,0.1364,0,0,0.2222,0.0909,0,0.35,0,0.1667,0.0625,0.1667,0.1667,0.3333,0,0.1111,0.0833,0.0556,0.05,0.05,0.0909,0.0417
"locus3027",0.5,0.125,0.15,0.3636,0.0714,0.25,0.1667,0.3182,0.4375,0.3,0.1875,0.1111,0.25,0.25,0.4444,0.5,0.4375,0.4444,0,0.4444,0.35,0.35,0.4545,0.0833
"locus3028",0,0.1875,0,0,0,0.0833,0,0.0455,0,0,0.1875,0,0,0.0833,0,0,0,0.0556,0,0.1667,0.05,0,0.0909,0
"locus3029",0.4167,0.125,0.3,0.4545,0,0.1667,0.0556,0.3182,0.25,0.15,0,0,0.4375,0.2083,0.4444,0.3333,0.125,0.3889,0.0833,0.5,0.25,0.1,0.1364,0
"locus3030",0.0417,0.0625,0.15,0.3636,0,0,0,0.0909,0.0625,0.05,0.0625,0,0,0,0.1667,0,0,0,0.0833,0.0556,0.05,0.05,0,0
"locus3031",0.375,0.1875,0.2,0.2727,0,0.125,0.1111,0.2273,0.3125,0.3,0.125,0.2222,0.125,0.0833,0.4444,0,0,0.2222,0.25,0.2778,0.2,0.15,0.0909,0.0417
"locus3032",0.1667,0.0625,0.1,0.1818,0.0714,0.0833,0.4444,0.0455,0,0.2,0.5,0.3889,0,0.0417,0.1111,0.5,0,0.1111,0.5,0.4444,0.05,0.2,0.2273,0.375
"locus3033",0,0.0625,0,0,0.0714,0.0417,0.4444,0.1364,0.0625,0.1,0,0,0.125,0,0.0556,0,0,0.2222,0.0833,0.0556,0,0.05,0,0.0417
"locus3034",0.0833,0,0,0.0455,0,0,0.0556,0,0,0,0.125,0,0.1875,0.0417,0,0.1667,0.1875,0,0.0833,0,0,0.05,0,0.0417
"locus3035",0.5,0,0.3,0.2273,0,0,0.2222,0.3182,0.0625,0.05,0.4375,0,0.3125,0.2083,0.2778,0.3333,0.5,0.5,0.3333,0.3889,0.25,0.4,0.4091,0.0417
"locus3036",0,0.0625,0,0,0.0714,0.0417,0,0.0455,0,0.2,0.0625,0,0,0.2083,0,0,0.125,0.0556,0,0.1111,0.05,0,0.0455,0
"locus3037",0.0833,0,0,0.3182,0.0714,0,0.0556,0.0455,0,0.05,0.1875,0,0.25,0,0,0.3333,0,0,0,0,0.1,0,0.1818,0
"locus3038",0.125,0,0.05,0,0,0,0,0.0455,0.0625,0,0,0.0556,0.0625,0.0833,0.4444,0,0,0.0556,0,0.1111,0.2,0.05,0.0455,0
"locus3039",0.2917,0.4375,0.5,0.5,0.3571,0.4167,0.4444,0.4091,0.4375,0.35,0.4375,0.4444,0.4375,0.4583,0.5,0.5,0.4375,0.4444,0.5,0.3333,0.45,0.5,0.5,0.5
"locus3040",0,0,0.05,0,0,0.1667,0.0556,0,0,0,0,0,0,0.0417,0,0,0,0,0,0,0,0.05,0,0.1667
"locus3041",0.0417,0.375,0,0,0.2143,0.1667,0,0,0.1875,0.45,0,0.3889,0,0.0417,0,0,0,0,0,0.0556,0.05,0,0.0455,0
"locus3042",0.0417,0,0,0,0.0714,0,0,0.0455,0,0.05,0.125,0,0.125,0,0,0,0.0625,0.0556,0,0,0,0.1,0,0
"locus3043",0.375,0.25,0.25,0.5,0.2143,0.1667,0.3333,0.2273,0.1875,0.45,0.3125,0.2778,0.25,0.2083,0.1667,0.3333,0.25,0.3333,0.4167,0.3889,0.3,0.15,0.3636,0.375
"locus3044",0.4583,0.25,0.1,0.3636,0.2857,0.5,0.1667,0.4545,0.1875,0.4,0.3125,0.2778,0.125,0.1667,0.4444,0.3333,0.1875,0.2778,0,0.1667,0.45,0.1,0.4091,0.0417
"locus3045",0.2083,0.0625,0,0,0.0714,0.0833,0.0556,0.0455,0,0.05,0.0625,0,0.0625,0,0,0,0,0.0556,0,0.1111,0,0.05,0.0909,0.0833
"locus3046",0.375,0.3125,0,0.4091,0.2143,0.375,0.2222,0.2273,0.375,0.35,0.125,0.2778,0.125,0.0417,0.1111,0.1667,0.4375,0.0556,0.3333,0,0.3,0.3,0.0455,0.1667
"locus3047",0,0.4375,0.3,0,0.1429,0.25,0.1111,0.0455,0.125,0.2,0,0.0556,0.125,0.0417,0,0.1667,0.0625,0.0556,0.1667,0.0556,0.1,0.05,0.2727,0.3333
"locus3048",0,0,0.05,0.0455,0,0,0.0556,0,0,0,0.0625,0,0,0.125,0,0,0.0625,0.0556,0.5,0,0,0.05,0.0909,0
"locus3049",0.0417,0,0.05,0.0455,0.0714,0,0,0,0,0.15,0,0.0556,0.0625,0.0417,0,0,0,0,0.0833,0,0,0.05,0,0
"locus3050",0.125,0,0,0,0,0,0,0,0.25,0,0,0,0,0,0.2222,0,0,0,0,0.3333,0,0,0,0
"locus3051",0.0417,0.0625,0.05,0,0.0714,0.0417,0.1667,0.0909,0,0.1,0.125,0,0.125,0.125,0.1111,0.1667,0.3125,0.1111,0.0833,0.3889,0.25,0.05,0.3636,0.1667
"locus3052",0.25,0,0,0.1818,0,0.0417,0.1111,0.0909,0,0,0.125,0,0.1875,0.0833,0.1111,0,0,0.1111,0,0.3333,0,0.05,0.0909,0.0417
"locus3053",0,0,0.05,0,0.0714,0,0,0,0,0.1,0,0.1667,0.0625,0.0833,0,0,0.0625,0.0556,0,0,0,0,0,0.0417
"locus3054",0.125,0.375,0.15,0.0909,0.3571,0.3333,0.2778,0,0.125,0.1,0.0625,0,0.125,0.2083,0,0,0.125,0.2222,0.4167,0.0556,0.1,0.1,0.0909,0.25
"locus3055",0.125,0,0.1,0.0909,0,0,0,0.0455,0,0,0.125,0,0.0625,0,0.2222,0,0.0625,0.1667,0,0.0556,0.1,0,0.0455,0
"locus3056",0,0.1875,0,0.0455,0,0,0.0556,0.0909,0.0625,0.05,0,0,0.0625,0.0417,0,0.1667,0.125,0,0,0.0556,0,0.05,0,0
"locus3057",0.0417,0.0625,0.3,0,0,0.0417,0,0.1364,0,0.1,0,0,0.125,0.1667,0.1111,0,0.3125,0.0556,0,0,0.05,0.25,0,0.0417
"locus3058",0,0.0625,0.05,0.0455,0,0,0,0,0,0,0,0,0.125,0,0,0,0.0625,0,0.1667,0,0.05,0,0.0455,0.0833
"locus3059",0.25,0.375,0.5,0.4545,0.4286,0.5,0.4444,0.4545,0.4375,0.45,0.375,0.4444,0.1875,0.5,0.2778,0.5,0.375,0.4444,0.4167,0.4444,0.2,0.45,0.4091,0.4583
"locus3060",0,0.25,0,0,0.0714,0.2917,0,0,0,0.35,0,0.2222,0.0625,0,0,0,0,0,0,0,0.05,0,0,0
"locus3061",0.0833,0.0625,0,0.1364,0,0.0417,0.0556,0.0455,0.125,0,0,0,0,0.0417,0,0,0,0.0556,0,0.4444,0.05,0,0,0.125
"locus3062",0.0833,0,0,0,0,0.0417,0,0,0,0,0,0,0,0.0417,0,0,0,0,0,0.1667,0,0.05,0.0909,0
"locus3063",0.1667,0.375,0.35,0.4545,0,0.3333,0.4444,0.0909,0.125,0.2,0.3125,0.1111,0.0625,0.375,0.1667,0.1667,0.25,0,0.4167,0.1667,0.3,0.35,0.4091,0.4583
"locus3064",0.0417,0.25,0.25,0.4545,0.2143,0.25,0.1667,0.1364,0.0625,0.4,0,0.4444,0,0.25,0.2222,0.5,0.375,0.1111,0.0833,0.2222,0.05,0.2,0.1364,0.2083
"locus3065",0,0.125,0.05,0.0455,0,0.0417,0.0556,0,0,0.05,0,0.1111,0.125,0.125,0,0,0.125,0.0556,0,0,0.05,0.15,0.0909,0.0417
"locus3066",0.0833,0,0,0.2273,0,0,0,0.0455,0,0,0,0,0,0,0,0,0,0,0,0,0.05,0,0,0
"locus3067",0,0.25,0,0,0.4286,0.4583,0.0556,0,0.0625,0.45,0,0.3333,0,0,0,0,0.0625,0.0556,0,0.0556,0.05,0.1,0.0455,0.0417
"locus3068",0,0,0.05,0.0455,0,0,0.1667,0,0,0,0,0,0,0,0,0,0,0,0.1667,0,0,0,0.0455,0.2083
"locus3069",0.4583,0.375,0.2,0.4545,0.2143,0.4583,0.3889,0.2273,0.1875,0.35,0.25,0.3333,0.5,0.3333,0.1111,0.3333,0.375,0.2778,0.4167,0.3333,0.35,0.45,0.4545,0.25
"locus3070",0.2917,0,0,0.1364,0,0,0,0.2727,0,0,0.25,0,0.0625,0,0.2778,0.1667,0.125,0.5,0.0833,0.1111,0.4,0.25,0.0909,0.125
"locus3071",0.0833,0.25,0.25,0.1364,0.4286,0.1667,0.1667,0.1818,0.0625,0.1,0.375,0.2222,0.125,0.2083,0.1667,0.5,0.375,0.0556,0.5,0.2222,0.1,0.2,0.2273,0.2083
"locus3072",0,0,0,0,0,0.25,0,0,0.0625,0.3,0.0625,0.2778,0,0.0417,0,0,0,0,0,0.0556,0,0,0,0.125
"locus3073",0.375,0.3125,0.25,0.5,0.2857,0.3333,0.2778,0.2727,0.1875,0.45,0.4375,0.4444,0.3125,0.2083,0.2778,0.3333,0.1875,0.2778,0.3333,0.2222,0.4,0.4,0.4091,0.4583
"locus3074",0,0,0,0,0,0.0833,0.1111,0,0,0.05,0,0.1111,0,0,0,0,0,0.0556,0.0833,0,0,0,0,0.0417
"locus3075",0.2083,0.125,0.1,0.4091,0,0.0833,0.0556,0.1818,0,0,0,0,0.125,0.2083,0.3889,0,0.25,0.2222,0.0833,0.3889,0.3,0.1,0.1818,0.0417
"locus3076",0.0417,0.0625,0,0.0455,0,0.2083,0.0556,0,0,0,0,0.1111,0,0,0.0556,0,0,0,0,0,0,0,0.0455,0
"locus3077",0.2917,0.375,0.35,0.3636,0,0.25,0.1111,0.4545,0.375,0.4,0.1875,0.3889,0.125,0.4583,0.3333,0.5,0.375,0.3889,0.25,0.4444,0.5,0.45,0.4091,0.1667
"locus3078",0,0,0.05,0,0,0,0,0.0909,0,0.1,0,0.2222,0,0.0833,0,0,0,0,0,0.2222,0,0,0.0455,0
"locus3079",0,0.0625,0,0.0455,0,0.0417,0,0.0455,0.1875,0,0,0,0,0,0.0556,0,0.0625,0,0,0.2778,0,0,0,0
"locus3080",0.2083,0.375,0.45,0.0455,0.2857,0.25,0.4444,0.1818,0.0625,0.35,0.25,0.3333,0.1875,0.4583,0.0556,0.3333,0.375,0.0556,0.5,0.0556,0.1,0.4,0.3182,0.2917
"locus3081",0.125,0,0,0,0,0,0,0.0909,0,0,0.0625,0,0,0.0417,0.0556,0,0,0,0,0.0556,0,0.05,0.0455,0
"locus3082",0,0.3125,0,0,0.2857,0.2917,0.1667,0,0,0.3,0,0.2778,0.0625,0.0417,0,0,0,0.1111,0,0,0,0,0.0909,0.0417
"locus3083",0.2083,0.25,0.2,0.4545,0.0714,0.2917,0.0556,0.3182,0,0.15,0.0625,0.1667,0.125,0.125,0.0556,0,0.0625,0.3889,0,0.4444,0.25,0.25,0.2727,0.0833
"locus3084",0.0833,0,0.15,0.0455,0,0,0.0556,0.0455,0,0,0,0,0,0.0417,0.1111,0.1667,0.0625,0,0.0833,0.2778,0.2,0,0.2273,0
"locus3085",0.1667,0.1875,0.45,0.4545,0.0714,0.0417,0,0.3182,0.375,0.05,0.375,0,0.4375,0.375,0.2222,0.3333,0.3125,0.2778,0.25,0.3889,0.5,0.25,0.3182,0.0417
"locus3086",0.125,0.5,0.15,0,0.5,0.4583,0.2778,0.0909,0.0625,0.35,0.1875,0.2778,0.4375,0.0417,0.0556,0,0.25,0.1111,0.0833,0,0,0.05,0.1364,0.3333
"locus3087",0.125,0,0,0.0909,0,0,0,0,0,0,0,0,0.125,0,0.1667,0.1667,0,0,0,0,0,0,0.0909,0
"locus3088",0,0,0,0,0,0.0417,0.2778,0,0,0,0,0.0556,0,0,0,0,0,0,0.0833,0.0556,0.05,0.05,0.1818,0.0417
"locus3089",0.125,0.0625,0,0.0909,0.0714,0,0.0556,0.0455,0.1875,0.05,0.0625,0.1667,0,0,0.0556,0.1667,0,0,0,0.3889,0.35,0.05,0.0455,0
"locus3090",0.125,0.0625,0.05,0.0455,0,0,0.2778,0.0909,0,0.05,0.125,0,0,0.25,0,0,0.125,0.0556,0.0833,0,0.05,0.05,0.0455,0.1667
"locus3091",0.4167,0.0625,0.2,0.4091,0,0.0833,0.1111,0.0455,0.0625,0.5,0.0625,0.3889,0.0625,0.2917,0.1667,0.3333,0.125,0.2778,0.0833,0.5,0.3,0.1,0.2727,0.125
"locus3092",0.3333,0.375,0.5,0.4545,0.4286,0.4583,0.3333,0.3636,0.3125,0.25,0.375,0.3889,0.4375,0.5,0.2778,0.5,0.25,0.4444,0.3333,0.2222,0.45,0.4,0.2727,0.375
"locus3093",0,0.0625,0,0.0455,0.1429,0.1667,0.4444,0.0455,0.0625,0,0.125,0,0.0625,0.0833,0,0,0,0.0556,0.25,0.1667,0.15,0.1,0.1364,0.5
"locus3094",0.4583,0.375,0.45,0.3636,0.3571,0.25,0.4444,0.3182,0.375,0.25,0.25,0.1667,0.375,0.375,0.2222,0.5,0.3125,0.5,0.1667,0.5,0.35,0.4,0.5,0.4167
"locus3095",0,0.125,0,0,0.1429,0.0833,0.0556,0.0909,0.125,0.45,0,0.3333,0.125,0.0417,0.0556,0.1667,0.1875,0.1111,0.0833,0.0556,0,0.05,0.0455,0.0417
"locus3096",0,0,0,0,0.0714,0.1667,0.0556,0,0,0,0,0,0,0.0417,0,0,0.1875,0,0,0,0,0.05,0.2273,0.3333
"locus3097",0.125,0,0,0,0,0,0,0,0,0,0,0,0,0,0.4444,0,0,0,0,0,0,0,0.0455,0.125
"locus3098",0.25,0.5,0.4,0.3182,0.5,0.4583,0.4444,0.4545,0.3125,0.5,0.4375,0.3889,0.4375,0.3333,0.2778,0.5,0.4375,0.3333,0.3333,0.3889,0.45,0.5,0.3636,0.4167
"locus3099",0.125,0.25,0.5,0.3636,0.1429,0.4583,0.4444,0.3182,0.4375,0.2,0.25,0.1111,0.25,0.4167,0,0.3333,0.375,0.3333,0.3333,0.1111,0.15,0.4,0.3636,0.25
"locus3100",0.5,0.375,0.25,0.3182,0.5,0.4167,0.4444,0.3182,0.4375,0.4,0.3125,0.4444,0.375,0.4583,0.2778,0.3333,0.1875,0.4444,0.5,0.3889,0.25,0.45,0.3182,0.5
"locus3101",0.125,0.0625,0.1,0,0.1429,0.1667,0.1111,0.0455,0,0,0.125,0.0556,0,0.125,0,0,0,0.0556,0.1667,0.1667,0,0,0,0.0833
"locus3102",0,0,0,0.0455,0.0714,0,0,0,0.125,0,0.125,0.0556,0.125,0.0833,0.0556,0,0,0.1111,0,0.1111,0.05,0.05,0.0455,0.0417
"locus3103",0.4583,0.4375,0.45,0.5,0.4286,0.3333,0.4444,0.3636,0.4375,0.3,0.375,0.3889,0.4375,0.25,0.2778,0.3333,0.25,0.2222,0.1667,0.3333,0.5,0.4,0.3182,0.5
"locus3104",0.125,0,0.05,0.1364,0.2143,0.25,0.2778,0.1364,0,0.1,0.25,0.1111,0.0625,0.0833,0.2222,0,0.125,0.1111,0.25,0.3889,0.25,0.2,0.1818,0.4583
"locus3105",0.25,0.375,0.45,0.1818,0.1429,0.2083,0.3889,0.3182,0.1875,0.1,0.3125,0.1111,0.375,0.4167,0.2222,0.5,0.5,0.3889,0.5,0.4444,0.35,0.4,0.3636,0.3333
"locus3106",0,0.125,0,0,0.1429,0.0417,0,0,0,0,0,0,0.1875,0.0833,0,0,0.0625,0,0,0,0,0.1,0.1364,0
"locus3107",0.1667,0.125,0.2,0.0455,0.5,0.4167,0.0556,0.0909,0.5,0.35,0.25,0.3333,0.1875,0.3333,0,0,0.3125,0.0556,0.4167,0.2222,0.1,0.35,0.2727,0.25
"locus3108",0.2083,0.0625,0.05,0,0.0714,0.0417,0.1111,0.0455,0,0,0.125,0,0,0.0417,0.2222,0,0.125,0.1667,0,0.2778,0,0,0.2727,0
"locus3109",0.1667,0.0625,0.25,0.4545,0.0714,0,0.3889,0.1364,0,0,0.3125,0,0.1875,0.2083,0.2222,0.1667,0.25,0.1111,0.25,0.0556,0.35,0.1,0.2273,0.375
"locus3110",0.1667,0,0.05,0.0909,0,0.0833,0.1111,0.0909,0.125,0.05,0,0.0556,0,0.0417,0.3889,0,0.0625,0.1667,0.0833,0.3889,0.15,0.15,0.1818,0.2083
"locus3111",0.0417,0.125,0.25,0.0455,0.0714,0.125,0.0556,0.1364,0,0.15,0,0,0.125,0.0833,0,0,0.25,0.0556,0,0,0.1,0.1,0,0
"locus3112",0.125,0,0,0,0,0,0,0.2273,0.0625,0,0.1875,0,0.1875,0,0.1667,0,0.125,0.2778,0,0.0556,0,0,0.0455,0
"locus3113",0.25,0,0.15,0.0909,0,0,0.0556,0.3636,0,0,0,0.0556,0.0625,0,0.1667,0,0,0.1111,0,0,0.1,0.15,0.1818,0
"locus3114",0.0417,0.1875,0.35,0.1818,0.3571,0,0.4444,0.4545,0.0625,0,0.4375,0,0.5,0.4583,0,0.3333,0.3125,0.1667,0.4167,0.0556,0.15,0.3,0,0.4167
"locus3115",0,0,0,0.2273,0.0714,0,0.0556,0,0,0,0.0625,0,0,0,0.3333,0.1667,0.0625,0.0556,0,0.0556,0.2,0,0.0909,0
"locus3116",0,0.125,0.05,0.0909,0.0714,0.1667,0.1667,0,0.3125,0.05,0,0,0,0.0833,0,0,0,0,0.0833,0,0,0.05,0.1818,0.125
"locus3117",0.2917,0.125,0.35,0.5,0.0714,0.25,0.5,0.2727,0.1875,0.05,0.25,0.1667,0.375,0.3333,0.2222,0.1667,0.3125,0.1111,0.3333,0.4444,0.4,0.45,0.2273,0.375
"locus3118",0.0833,0,0.05,0,0.0714,0.125,0,0.0455,0.0625,0.1,0,0,0.0625,0,0.0556,0,0,0,0,0.0556,0,0,0,0.0417
"locus3119",0,0.125,0.05,0,0,0,0,0.0455,0,0.05,0.0625,0,0.0625,0.0417,0,0,0.0625,0.0556,0.0833,0.0556,0,0.15,0.0455,0
"locus3120",0.25,0.4375,0.3,0.4545,0.0714,0.125,0.2778,0.2273,0.3125,0.4,0.3125,0.2222,0.25,0.25,0.2778,0,0.25,0.3333,0,0.2778,0.35,0.1,0.1364,0
"locus3121",0.25,0,0.2,0.3182,0,0,0.1667,0.3182,0.3125,0.05,0.125,0,0.25,0.125,0.1667,0.5,0.1875,0.0556,0,0.2778,0.05,0.3,0.1364,0.0417
"locus3122",0,0.0625,0,0.0455,0,0,0.2222,0,0.0625,0.05,0,0,0,0,0,0,0,0,0,0.0556,0.1,0,0,0.2083
"locus3123",0.125,0,0.15,0.0455,0,0.0417,0.1667,0.1818,0.0625,0,0.0625,0,0.25,0.0833,0,0,0.1875,0,0,0,0.05,0.05,0.2727,0
"locus3124",0.375,0.4375,0,0.2727,0.2143,0.4583,0.0556,0.2727,0.375,0.4,0.5,0.4444,0.375,0.2917,0.3889,0.5,0.25,0.4444,0.0833,0.3889,0.3,0.3,0.4091,0.0833
"locus3125",0.0833,0.0625,0.2,0,0,0,0.1111,0.2273,0.0625,0,0,0,0.125,0.125,0,0.1667,0.0625,0.2222,0,0.0556,0.1,0,0.1818,0
"locus3126",0,0.125,0,0,0,0.0833,0.0556,0.0455,0,0,0,0,0,0.0417,0,0,0,0,0,0.0556,0,0.15,0,0
"locus3127",0.125,0.1875,0,0,0.4286,0.2083,0.2778,0,0.25,0.1,0.0625,0.1667,0.125,0.0833,0.1667,0,0.0625,0.0556,0.3333,0,0.05,0.1,0.3636,0.2917
"locus3128",0.25,0,0,0,0,0,0,0.0455,0.125,0,0.1875,0,0.0625,0,0.1111,0,0.0625,0.0556,0,0,0.1,0.05,0,0
"locus3129",0.0417,0.5,0.05,0,0.3571,0.4167,0.4444,0.0909,0.0625,0.4,0.0625,0.3333,0.1875,0.0833,0.1111,0,0.0625,0,0.25,0.0556,0.1,0.15,0.1364,0.375
"locus3130",0,0,0.15,0.1364,0,0.0417,0.0556,0.0455,0,0.05,0.0625,0,0,0.0417,0,0.3333,0,0,0,0,0.05,0.1,0.0455,0.0833
"locus3131",0,0,0,0.0455,0.0714,0.0417,0.1111,0,0,0,0,0,0.0625,0.125,0.1111,0.3333,0.125,0,0,0.1111,0,0,0,0.0417
"locus3132",0,0,0.1,0.0455,0,0,0.0556,0.1818,0,0,0,0,0,0.0417,0,0,0.125,0,0,0,0,0.1,0.0455,0
"locus3133",0.0417,0,0,0.0455,0.1429,0.125,0,0,0.3125,0,0,0.0556,0,0,0,0,0.0625,0.0556,0,0,0.05,0.05,0,0.0833
"locus3134",0,0.1875,0.05,0.1364,0.4286,0.125,0.2222,0.0909,0.1875,0.45,0.125,0.2222,0.1875,0.1667,0,0.3333,0,0.1111,0.1667,0.1111,0.15,0.15,0.0909,0.375
"locus3135",0.0833,0.0625,0.05,0.0455,0.0714,0.1667,0.2222,0.1364,0.0625,0,0.125,0.0556,0.0625,0.0833,0.1111,0,0,0.1111,0.25,0.0556,0,0,0,0.0417
"locus3136",0.0833,0.0625,0.05,0,0,0.0417,0,0.0455,0,0,0,0,0,0.0833,0,0,0,0,0,0,0.05,0.1,0,0.0417
"locus3137",0.2917,0.3125,0.4,0.3636,0.1429,0.375,0.0556,0.4091,0.3125,0.5,0.125,0.4444,0.3125,0.2917,0.3889,0.3333,0.125,0.2222,0.0833,0.3333,0.45,0.35,0.3636,0.125
"locus3138",0.375,0,0.1,0.0909,0,0,0.0556,0.3182,0.1875,0.1,0.4375,0,0.125,0.125,0.5,0,0.25,0.3333,0.1667,0.4444,0.25,0.15,0.4091,0
"locus3139",0,0,0,0.0455,0.0714,0,0,0,0,0.15,0.125,0,0,0.125,0.0556,0,0,0,0,0,0.1,0.05,0,0
"locus3140",0,0,0,0.0455,0,0,0.1111,0,0.125,0,0,0,0,0,0,0,0,0.0556,0,0,0.05,0.05,0,0.2083
"locus3141",0.25,0.375,0.45,0.4545,0.1429,0.3333,0.1667,0.2273,0.4375,0.1,0.3125,0,0.1875,0.5,0.4444,0.5,0.375,0.2778,0.4167,0.4444,0.45,0.3,0.3182,0.2917
"locus3142",0,0.3125,0.05,0,0,0.2917,0.2222,0,0,0.05,0,0.1667,0,0.0833,0,0,0.0625,0.0556,0,0,0.05,0,0.3182,0.0833
"locus3143",0.375,0.4375,0.4,0.4091,0,0.2083,0.2778,0.2727,0.375,0,0.1875,0,0.5,0.5,0.2778,0.5,0.4375,0.5,0.4167,0.0556,0.15,0.3,0.2727,0.125
"locus3144",0.0833,0.0625,0.15,0.2273,0,0,0,0.1364,0.0625,0.15,0.125,0.0556,0.125,0,0.3333,0,0.0625,0.2778,0.0833,0,0.05,0.1,0.0909,0.0417
"locus3145",0.125,0.125,0.05,0.1364,0,0.0417,0,0.1364,0,0,0,0.0556,0.125,0.2083,0.2222,0.1667,0.25,0,0.0833,0,0,0.05,0.0909,0
"locus3146",0.0417,0,0.05,0,0,0,0.0556,0.0909,0,0,0,0,0.1875,0.1667,0,0,0.375,0.0556,0.0833,0.0556,0,0.05,0,0
"locus3147",0.4583,0.25,0.25,0.5,0.2143,0.3333,0.3889,0.4545,0.375,0.35,0.1875,0.3889,0.4375,0.2083,0.1667,0.3333,0.3125,0.3333,0.4167,0.5,0.25,0.4,0.4545,0.5
"locus3148",0,0,0,0,0.1429,0,0.0556,0.0455,0,0.05,0.0625,0,0,0,0,0,0.0625,0,0,0,0,0,0,0.2083
"locus3149",0.25,0.25,0.45,0.5,0.4286,0.3333,0.3889,0.3636,0.25,0.5,0.25,0.3333,0.5,0.5,0.2778,0.5,0.5,0.5,0.4167,0.0556,0.5,0.3,0.4545,0.4583
"locus3150",0.125,0.125,0.05,0.0909,0,0,0.0556,0.2273,0.25,0.05,0.0625,0.0556,0.25,0.0833,0.2778,0.3333,0.125,0.2222,0.0833,0.3889,0.1,0.15,0.2273,0
"locus3151",0,0,0,0,0,0.0833,0.0556,0,0,0,0,0,0,0,0,0,0,0,0.3333,0,0,0,0,0.4583
"locus3152",0,0.0625,0.05,0.3182,0,0.0417,0,0,0,0,0.0625,0,0.0625,0,0,0,0.0625,0,0.1667,0,0.05,0,0,0
"locus3153",0,0,0,0,0.1429,0.0417,0.1111,0,0,0,0,0,0.1875,0.0417,0,0.1667,0,0,0,0,0,0,0,0.2083
"locus3154",0.0417,0.125,0.1,0.0455,0,0,0.0556,0.1818,0.0625,0,0,0.1111,0,0.0417,0,0.1667,0,0,0.1667,0,0,0,0,0.0417
"locus3155",0.5,0.0625,0,0.0455,0.0714,0,0,0.1364,0,0,0,0,0.4375,0.0833,0.1111,0,0.125,0.3333,0,0.0556,0.2,0.15,0.0455,0
"locus3156",0,0.0625,0,0.1818,0.0714,0.0417,0,0,0.125,0,0,0,0,0,0,0,0,0,0,0,0.1,0,0,0
"locus3157",0.0833,0.0625,0,0.0455,0.0714,0,0,0.0909,0,0.1,0.0625,0,0.0625,0.0417,0,0,0.0625,0.0556,0,0.0556,0.1,0,0,0
"locus3158",0.0417,0.1875,0.2,0.1364,0.2857,0.1667,0.4444,0.4091,0.0625,0.05,0.125,0.1667,0.25,0.2083,0,0.1667,0.25,0.1667,0.3333,0.0556,0.2,0.5,0.1364,0.375
"locus3159",0.0833,0,0,0,0,0,0,0.0909,0.25,0,0,0,0.0625,0.0417,0,0,0,0,0,0,0,0,0.0455,0
"locus3160",0.0417,0,0.05,0,0,0,0,0.0909,0,0,0,0,0.125,0,0,0.1667,0.1875,0.0556,0,0.0556,0,0.1,0.1818,0
"locus3161",0.0417,0,0.05,0.0909,0,0,0.0556,0,0,0,0,0,0,0,0.1667,0,0,0.0556,0,0.0556,0.05,0,0.0909,0
"locus3162",0.2917,0.125,0,0.1364,0,0.2083,0.3889,0.1364,0.4375,0.2,0.125,0,0.375,0.0417,0.5,0.3333,0.25,0.2222,0,0.4444,0.3,0.4,0.2727,0.2083
"locus3163",0.0833,0.125,0.15,0.1818,0.0714,0.4167,0.0556,0.1818,0.0625,0.35,0.25,0.4444,0.0625,0.125,0.1111,0,0.125,0,0.25,0,0.15,0.05,0.2273,0
"locus3164",0,0,0.1,0.0455,0,0.0417,0,0.1364,0.1875,0.15,0,0.1111,0.125,0,0,0,0.0625,0.0556,0,0,0,0.15,0,0
"locus3165",0,0,0,0,0,0.0833,0.1111,0,0,0,0,0,0,0.0833,0,0,0,0,0,0.0556,0,0.2,0.0455,0
"locus3166",0.1667,0.25,0.3,0.3636,0.0714,0.0417,0.1667,0.2727,0.0625,0.05,0.1875,0.0556,0.25,0.25,0.1667,0.1667,0.1875,0.4444,0.25,0.1111,0.15,0.1,0.0909,0.0833
"locus3167",0,0.0625,0.4,0,0,0.0417,0,0.2727,0,0,0,0,0,0.2083,0,0,0.125,0.0556,0.0833,0,0,0.2,0.0455,0.0417
"locus3168",0,0,0.15,0,0,0,0.0556,0.1364,0.0625,0,0,0,0,0.0417,0,0,0.0625,0.0556,0,0,0,0.05,0,0.0833
"locus3169",0.375,0.25,0.2,0.5,0,0.0417,0.1667,0.3182,0.0625,0.05,0.3125,0,0.3125,0.25,0.3333,0.3333,0.25,0.5,0.1667,0.1667,0.4,0.35,0.4545,0.375
"locus3170",0.0417,0,0,0.0455,0.2143,0.4583,0.3889,0,0.3125,0.2,0.0625,0.2778,0.0625,0.0417,0.0556,0,0.0625,0,0.1667,0.0556,0.1,0,0.0455,0.4167
"locus3171",0.2083,0,0,0,0,0.0833,0.1111,0,0.125,0.1,0.125,0.1111,0.0625,0.0833,0.0556,0.1667,0,0.1111,0,0.2778,0,0,0,0.0417
"locus3172",0.125,0,0,0.3636,0,0.0833,0,0,0,0,0,0,0,0,0.0556,0.1667,0,0,0,0.3333,0.05,0,0.0455,0
"locus3173",0.1667,0,0.1,0.0455,0.0714,0.0833,0,0.0455,0.0625,0.1,0.1875,0,0.125,0,0.1667,0.1667,0,0.1111,0.0833,0.0556,0.1,0,0.0909,0
"locus3174",0.25,0.0625,0.25,0.2727,0,0,0,0.0455,0.25,0.05,0,0,0.25,0.1667,0.2222,0,0.3125,0.2222,0,0.1667,0.1,0.15,0.1818,0
"locus3175",0.125,0,0.1,0.0909,0.2143,0.0833,0.1667,0.0455,0.1875,0,0,0,0,0.0833,0,0.1667,0.125,0,0,0,0.1,0.1,0,0.1667
"locus3176",0.0417,0,0,0.1818,0,0,0,0.0455,0.0625,0,0,0,0.0625,0,0.0556,0,0.0625,0.0556,0,0,0,0,0,0.0417
"locus3177",0,0,0.05,0,0,0,0,0,0,0.05,0,0.0556,0.0625,0.2083,0,0,0,0,0,0,0.3,0.05,0.0455,0
"locus3178",0.0833,0,0.05,0,0,0,0,0.0455,0.0625,0,0,0.0556,0.125,0,0.2778,0,0,0,0,0,0,0.1,0,0.0417
"locus3179",0.125,0,0,0,0,0,0.0556,0.0909,0,0,0.1875,0,0,0.1667,0.0556,0,0.0625,0,0,0.0556,0,0,0,0
"locus3180",0,0,0,0,0,0,0.3889,0,0,0.05,0.0625,0,0,0.0833,0,0,0,0,0.3333,0.0556,0,0.05,0,0.125
"locus3181",0,0,0,0,0,0.0833,0,0.0455,0.0625,0,0.0625,0.2778,0,0.0417,0,0,0,0.1667,0,0,0,0,0,0
"locus3182",0.4583,0.3125,0.4,0.2727,0.0714,0.25,0.1667,0.3636,0.375,0.25,0.25,0.1111,0.375,0.375,0.4444,0.5,0.25,0.3889,0.25,0.2778,0.25,0.3,0.3636,0.25
"locus3183",0.2083,0,0,0.3182,0,0,0.0556,0.0909,0.0625,0.05,0,0,0.0625,0.0833,0.0556,0,0.0625,0.0556,0,0.0556,0.05,0,0.0455,0
"locus3184",0,0.4375,0.1,0,0,0.5,0.0556,0.0909,0.125,0.25,0,0.3889,0.1875,0.0833,0,0,0.125,0.2222,0.1667,0,0,0.1,0.0909,0.125
"locus3185",0,0.0625,0.15,0,0,0,0.0556,0.0455,0,0,0.0625,0,0,0,0,0,0.0625,0,0.1667,0,0,0,0.0455,0
"locus3186",0.3333,0.3125,0.3,0.1818,0.0714,0.0833,0.0556,0.2273,0,0.1,0.125,0.2778,0.375,0.4167,0.2222,0.5,0.1875,0.3889,0.25,0.1111,0.2,0.4,0.0909,0.1667
"locus3187",0.0833,0.0625,0,0,0,0.0417,0,0,0.125,0,0.1875,0.1667,0.0625,0.0417,0.0556,0,0,0.0556,0,0,0.1,0,0,0
"locus3188",0.0417,0.3125,0.05,0.2727,0.3571,0.4583,0.3889,0.1364,0.1875,0.15,0.125,0.1667,0.125,0.0833,0.1667,0,0.25,0,0.3333,0.1111,0.05,0.05,0.0455,0.5
"locus3189",0.0833,0,0.05,0.0455,0.0714,0.0417,0,0.0455,0.125,0,0.125,0.0556,0.0625,0,0.1111,0.1667,0.0625,0.0556,0.0833,0,0.05,0,0,0.0417
"locus3190",0.2083,0,0,0.2273,0,0,0.0556,0,0,0,0.0625,0,0,0,0,0,0,0.0556,0,0.0556,0,0,0.0455,0
"locus3191",0.2083,0.3125,0.15,0.2727,0.0714,0.25,0.1667,0.3182,0.125,0.3,0.25,0.2222,0.0625,0.2083,0.3889,0.3333,0.1875,0.2222,0.25,0.4444,0.2,0.35,0.1818,0.125
"locus3192",0.375,0.0625,0.3,0.1364,0,0.0833,0,0.4091,0.25,0,0.25,0.1111,0.375,0.2917,0.3889,0.1667,0.375,0.4444,0,0.2778,0.45,0.5,0.3182,0
"locus3193",0.0833,0,0.05,0.0455,0,0,0,0.0455,0,0.05,0.0625,0,0,0,0.1111,0.1667,0,0.0556,0,0.2222,0.05,0,0.1364,0
"locus3194",0.0417,0,0.1,0.0455,0,0,0.1111,0.1818,0,0.1,0,0,0.1875,0.25,0,0,0.0625,0.0556,0,0,0,0,0.0455,0
"locus3195",0.2083,0,0.1,0.1364,0,0,0.0556,0.0909,0.0625,0,0,0,0.0625,0.0833,0.1111,0,0.0625,0.2222,0,0.2222,0.1,0,0,0
"locus3196",0.3333,0.375,0.4,0.5,0.2857,0.4583,0.3889,0.3636,0.25,0.35,0.5,0.5,0.5,0.375,0.1667,0.5,0.4375,0.2778,0.4167,0.2778,0.25,0.45,0.5,0.25
"locus3197",0.0417,0.0625,0,0.1364,0,0,0,0,0,0,0,0,0.1875,0,0,0,0,0.2222,0,0,0.1,0.05,0.0455,0
"locus3198",0.3333,0,0.4,0,0,0,0.1111,0.0909,0,0.1,0.375,0,0,0.25,0.2222,0.5,0.3125,0,0.1667,0.2222,0.2,0.35,0.0455,0.0417
"locus3199",0.3333,0.5,0.2,0.1818,0.2857,0.375,0.3889,0.2727,0.1875,0.5,0.4375,0.1667,0.25,0.5,0.4444,0.1667,0.1875,0.1667,0.25,0.4444,0.35,0.45,0.4545,0.5
"locus3200",0.125,0,0,0.1364,0,0,0.0556,0,0,0.05,0.0625,0,0.125,0,0.3333,0.1667,0.0625,0.2222,0.0833,0.1111,0.1,0,0.0909,0
"locus3201",0,0.1875,0,0.2273,0.0714,0.2917,0,0.0455,0.0625,0.15,0,0.1111,0,0,0,0,0,0,0,0,0,0,0,0.0417
"locus3202",0.3333,0.125,0.45,0.4545,0.3571,0.1667,0.3333,0.4091,0.25,0.25,0.375,0,0.375,0.3333,0.2222,0.1667,0.3125,0.3333,0.25,0.4444,0.25,0.45,0.3182,0.25
"locus3203",0.125,0.4375,0.1,0.2273,0.1429,0.375,0.3889,0.1818,0.1875,0.35,0.3125,0.1111,0.3125,0.375,0.3333,0,0.3125,0.2222,0.1667,0.1111,0.05,0.15,0.2727,0.5
"locus3204",0,0,0.05,0.1818,0.1429,0,0.0556,0,0.1875,0,0,0.1667,0,0,0,0,0,0,0,0,0,0,0,0.0833
"locus3205",0.0417,0,0.05,0.0455,0,0,0,0.0909,0.1875,0.1,0,0.0556,0,0.0417,0,0,0,0.0556,0,0,0.05,0.05,0,0
"locus3206",0,0,0,0,0.0714,0.375,0,0,0,0.35,0,0.2778,0,0,0,0,0,0,0,0,0,0,0,0.0833
"locus3207",0.2917,0,0.05,0,0,0,0,0,0,0,0.125,0,0,0,0,0,0,0,0,0.3333,0,0,0.0909,0
"locus3208",0,0,0,0.1818,0,0.0417,0,0.0909,0,0.05,0,0,0,0.0833,0,0.1667,0,0.0556,0.25,0,0.1,0,0,0
"locus3209",0.0417,0,0,0,0,0,0.0556,0.1364,0.0625,0.05,0.0625,0,0.125,0.0417,0.1667,0,0,0.0556,0,0,0.1,0,0,0
"locus3210",0.375,0.4375,0.15,0.3182,0.2857,0.2083,0.3333,0.4091,0.4375,0.1,0.375,0.1111,0.375,0.375,0.2778,0.1667,0.375,0.3333,0.3333,0.2222,0.3,0.3,0.2727,0.375
"locus3211",0,0.0625,0.35,0.2273,0,0.1667,0.5,0.2273,0,0.2,0.375,0.0556,0.1875,0.4167,0,0.3333,0.375,0.0556,0.4167,0.0556,0.05,0.35,0.0455,0.5
"locus3212",0.0417,0,0.15,0,0,0,0.0556,0.0455,0,0.15,0,0.0556,0.1875,0.0833,0,0,0.125,0.1111,0.0833,0,0.1,0,0.0455,0
"locus3213",0,0.125,0,0.3636,0.2857,0.125,0,0,0.0625,0.45,0,0.2222,0.125,0,0.2222,0,0.0625,0.0556,0.1667,0.1667,0.25,0,0.0909,0.25
"locus3214",0,0.125,0.05,0,0.4286,0,0.2778,0.0909,0.0625,0.1,0.0625,0.1111,0,0.1667,0,0.1667,0,0.0556,0,0,0.15,0.1,0.0909,0.4167
"locus3215",0,0,0,0.0455,0,0,0,0.0455,0.4375,0.15,0,0,0,0,0,0,0.0625,0.0556,0,0,0.1,0,0,0
"locus3216",0,0,0,0,0.4286,0.0833,0.1667,0,0,0,0,0,0,0.0417,0,0,0,0,0,0,0,0,0.0909,0.2083
"locus3217",0,0,0.05,0,0,0,0.1667,0,0,0.05,0.25,0,0,0.0417,0.0556,0,0,0,0.0833,0,0.05,0,0.1818,0.0417
"locus3218",0.2083,0.1875,0,0.1818,0,0.4583,0.0556,0.0909,0.1875,0.2,0.0625,0.3889,0.0625,0.1667,0.2222,0,0.0625,0.0556,0,0.1111,0.1,0.15,0.2273,0.0833
"locus3219",0.0833,0,0,0.1364,0,0,0,0,0,0.05,0.125,0,0.0625,0,0,0.1667,0,0,0,0,0.1,0.05,0,0.0417
"locus3220",0.1667,0.375,0.4,0.4545,0.2143,0.1667,0.4444,0.4545,0.125,0.5,0.375,0.5,0.3125,0.4583,0.3333,0.3333,0.4375,0.3889,0.3333,0.1667,0.35,0.4,0.2727,0.4583
"locus3221",0.2917,0.1875,0.35,0.4091,0.3571,0.1667,0.0556,0.3636,0.25,0.1,0.1875,0.2778,0.25,0.2917,0.5,0.3333,0,0.5,0.3333,0.3889,0.5,0.3,0.2273,0.3333
"locus3222",0.0417,0.25,0.4,0.2727,0,0.2083,0.2778,0.1364,0,0.1,0.1875,0,0.1875,0.2917,0.0556,0,0.4375,0.1111,0.4167,0.1667,0.1,0.15,0.1364,0.0833
"locus3223",0,0.0625,0,0.0455,0,0.0417,0,0,0,0.15,0.0625,0.3333,0.0625,0,0,0,0,0,0,0,0.05,0,0.0455,0
"locus3224",0,0,0.05,0.0909,0,0.0833,0,0,0,0,0,0,0,0.0417,0.0556,0,0,0,0,0,0.05,0.2,0,0
"locus3225",0,0.125,0.1,0.1818,0.5,0.2917,0.2778,0.1364,0.0625,0.4,0,0.2778,0.0625,0.125,0,0.3333,0.0625,0.1111,0.1667,0,0,0.15,0.1818,0.25
"locus3226",0.125,0,0,0.2273,0,0,0,0.0455,0.0625,0.05,0,0,0,0,0.2222,0,0.0625,0,0.0833,0.0556,0.4,0.05,0,0
"locus3227",0.2083,0.4375,0.35,0.2273,0.2857,0.4583,0.3889,0.4545,0.4375,0.15,0.125,0.1111,0.25,0.4167,0.4444,0.1667,0.4375,0.2778,0.3333,0.2778,0.4,0.45,0.1818,0.25
"locus3228",0,0,0,0.3182,0,0,0,0,0,0,0,0,0,0,0,0,0.0625,0,0,0.0556,0,0.1,0,0
"locus3229",0.0833,0.0625,0,0,0,0.0833,0,0,0.0625,0,0.125,0,0,0.0417,0,0,0.0625,0,0,0.0556,0.1,0.15,0,0
"locus3230",0.0417,0,0.05,0,0.0714,0.0417,0.0556,0,0,0,0.0625,0,0,0.125,0,0,0,0,0,0,0,0.05,0,0.0417
"locus3231",0.1667,0,0.05,0,0,0.0417,0,0.0455,0.125,0,0.0625,0,0.25,0.0833,0.1667,0,0.0625,0.3889,0,0.0556,0.05,0,0.0909,0
"locus3232",0.0417,0.0625,0.1,0,0,0,0.0556,0.0455,0,0,0,0,0,0.2083,0,0,0.0625,0,0,0,0.05,0.15,0,0
"locus3233",0.4167,0.1875,0.45,0.5,0.3571,0.4583,0.1667,0.2727,0.4375,0.45,0.5,0.2778,0.375,0.25,0.2778,0.3333,0.375,0.2778,0.1667,0.4444,0.45,0.4,0.4545,0.25
"locus3234",0.0417,0,0.25,0,0,0,0,0.2727,0,0,0,0,0.0625,0.125,0,0,0,0.0556,0,0,0,0.1,0,0
"locus3235",0,0,0,0,0.0714,0.0833,0,0,0,0,0,0.0556,0,0.0417,0,0,0,0.1667,0.25,0.0556,0.05,0,0.0455,0.0833
"locus3236",0.0417,0.1875,0,0.2727,0,0.0417,0.1111,0.1364,0,0.25,0.0625,0.4444,0.1875,0.1667,0,0,0.125,0,0,0,0.25,0,0.0909,0.125
"locus3237",0.0833,0.3125,0,0,0,0.1667,0,0,0,0,0.0625,0,0,0,0,0,0,0,0,0,0,0,0.0455,0
"locus3238",0,0,0,0,0,0.0417,0,0.0455,0,0.05,0,0,0,0,0,0,0.0625,0.1667,0,0,0,0.05,0.0455,0.0417
"locus3239",0.3333,0.5,0.4,0.5,0,0.2083,0.3333,0.5,0.4375,0.2,0.3125,0.2778,0.4375,0.375,0.2222,0.5,0.375,0.3889,0.3333,0.1111,0.4,0.35,0.5,0.0833
"locus3240",0.0833,0,0,0.0455,0,0,0,0,0,0.15,0,0,0.1875,0.0417,0,0,0,0,0,0.0556,0,0.05,0,0
"locus3241",0.125,0.4375,0.05,0.1364,0.3571,0.2083,0.2778,0.1364,0.375,0.35,0.3125,0.2778,0.125,0.125,0.1667,0.1667,0.0625,0.1667,0.4167,0.0556,0.15,0.35,0.0909,0.2083
"locus3242",0,0,0.05,0.0455,0,0,0.0556,0.1364,0.0625,0.05,0,0,0,0.0417,0.1667,0,0.1875,0,0,0.3333,0.2,0.35,0.0455,0
"locus3243",0,0,0.15,0.1364,0,0,0,0.0909,0,0.05,0,0,0,0.0833,0,0.1667,0.3125,0,0,0.0556,0,0.1,0,0
"locus3244",0.0833,0.0625,0.15,0,0.0714,0.0833,0.1667,0.1818,0,0.15,0.0625,0.0556,0,0.0417,0.2222,0.1667,0.125,0.1667,0.25,0,0.1,0.15,0.1818,0.125
"locus3245",0.0417,0,0,0,0,0,0,0.0455,0,0,0,0,0.1875,0.0833,0,0,0.125,0,0,0.0556,0,0,0,0
"locus3246",0,0,0,0,0,0,0,0.1818,0.375,0,0,0,0,0.0417,0,0,0.0625,0.1667,0,0,0.1,0,0,0.0417
"locus3247",0.0417,0,0.05,0,0.0714,0,0,0.0455,0,0,0,0,0,0,0.1667,0.1667,0.125,0,0,0,0.05,0,0.2727,0.0417
"locus3248",0.375,0.3125,0.2,0.0909,0,0,0.3889,0.3182,0.25,0.15,0.3125,0.0556,0.5,0.3333,0.4444,0.1667,0.4375,0.4444,0.5,0.5,0.2,0.45,0.4091,0.375
"locus3249",0.0417,0.1875,0,0,0.0714,0.25,0,0.0455,0.125,0.25,0,0.2222,0,0.0417,0.0556,0.1667,0,0.2222,0,0.3333,0.05,0,0,0
"locus3250",0.0417,0.375,0.15,0.2727,0.2857,0.4167,0.1111,0.0909,0.0625,0.45,0,0.2222,0.125,0.0833,0,0,0,0.0556,0,0,0,0,0.3182,0.0833
"locus3251",0,0,0,0,0.0714,0,0.1111,0,0,0.05,0.125,0,0,0.125,0,0,0.0625,0,0.0833,0,0,0.05,0.0455,0.0833
"locus3252",0.1667,0.0625,0.15,0,0,0,0,0.2273,0,0,0,0,0.125,0.0833,0.1667,0,0,0.1111,0,0,0,0.15,0,0
"locus3253",0.4167,0.125,0.15,0.4545,0,0.0417,0.0556,0.0909,0.0625,0.05,0.0625,0.1111,0,0.25,0.2778,0.1667,0.25,0.2222,0,0.3333,0.35,0.05,0.1818,0.0417
"locus3254",0.0417,0,0,0,0,0.0417,0,0.0455,0,0,0,0,0,0,0,0,0.1875,0,0,0.1111,0.05,0,0.1364,0.0417
"locus3255",0.0417,0,0.15,0,0,0,0,0.1818,0,0,0,0,0.375,0.3333,0,0,0.25,0.1667,0.0833,0,0,0.15,0.2273,0.0833
"locus3256",0,0,0,0.4545,0,0,0,0,0,0,0,0,0,0,0,0.1667,0,0,0,0.0556,0,0,0,0
"locus3257",0,0,0,0,0.1429,0.0417,0,0.0455,0.0625,0,0,0.0556,0,0.0417,0,0.1667,0,0.0556,0,0,0,0.05,0,0.0417
"locus3258",0.2083,0.25,0,0.0455,0.2143,0.1667,0.1667,0.1364,0.0625,0.35,0.0625,0.2778,0.125,0,0.0556,0.1667,0.1875,0.1111,0,0.2778,0.05,0.15,0,0.1667
"locus3259",0.0833,0,0.05,0,0.0714,0,0.0556,0,0.0625,0,0.1875,0,0.0625,0,0.2778,0,0,0.1667,0,0,0.05,0,0,0
"locus3260",0.0417,0.1875,0.1,0.0909,0.3571,0.4167,0.2778,0,0,0.3,0,0.3889,0.0625,0.125,0.1667,0,0.125,0,0.1667,0,0.05,0.1,0.2273,0.4167
"locus3261",0.0417,0,0,0,0,0,0.1111,0,0,0,0,0,0,0.0417,0.0556,0,0,0,0.0833,0,0,0,0,0.25
"locus3262",0.125,0.0625,0.15,0.1364,0.0714,0.2917,0.2222,0.0909,0.375,0.15,0.25,0.1111,0.1875,0.2917,0.2222,0.1667,0.3125,0.2778,0.1667,0,0.4,0.15,0.1364,0.1667
"locus3263",0,0.3125,0.15,0.0909,0.2143,0.1667,0.2222,0.1364,0.0625,0.2,0,0.2222,0,0.125,0,0.1667,0.25,0,0.1667,0,0.05,0.2,0.0455,0.4167
"locus3264",0,0.0625,0,0,0.0714,0,0.0556,0.0909,0.125,0,0,0.0556,0.0625,0.0417,0,0,0.0625,0,0.0833,0,0,0,0.0455,0
"locus3265",0,0,0,0,0,0.0417,0.0556,0,0,0.3,0,0.1111,0,0,0,0,0,0,0,0,0.05,0.05,0.0455,0
"locus3266",0.0417,0.0625,0.5,0,0,0.0417,0.0556,0.4545,0,0,0,0,0.5,0.4167,0,0,0.5,0.3333,0.1667,0,0,0.4,0.2273,0
"locus3267",0.125,0.125,0.1,0.0455,0,0,0,0,0,0,0.0625,0,0,0,0,0,0.125,0,0,0,0,0.25,0,0
"locus3268",0.0833,0,0.05,0.1818,0.0714,0.0417,0.2778,0.0909,0.1875,0.15,0,0.1667,0.1875,0.0417,0.2222,0.1667,0.125,0,0,0.1111,0.25,0.2,0,0
"locus3269",0.2917,0,0.4,0,0.2857,0,0.3889,0.4545,0.125,0.1,0.1875,0,0.4375,0.1667,0.0556,0,0.3125,0.1111,0.3333,0,0,0.35,0.0909,0.375
"locus3270",0.1667,0.125,0.1,0.0909,0,0,0.0556,0.2273,0.1875,0.05,0,0,0,0.0417,0.0556,0,0.0625,0.0556,0,0,0.05,0.1,0,0
"locus3271",0,0,0.05,0.0455,0.0714,0.0417,0.1111,0,0.3125,0.05,0,0,0.125,0,0.1111,0,0.0625,0.1111,0,0,0,0.15,0.1818,0
"locus3272",0.125,0.4375,0.3,0.2273,0.3571,0.3333,0.5,0.2727,0.25,0.5,0.3125,0.2222,0.375,0.4583,0.1667,0.3333,0.375,0.5,0.5,0.3889,0.4,0.4,0.4091,0.375
"locus3273",0,0.0625,0,0,0,0,0,0,0,0.15,0,0.4444,0,0,0,0,0,0,0,0,0,0,0,0
"locus3274",0.2917,0.1875,0.15,0.4091,0.2857,0.2917,0.3333,0.1818,0.1875,0.3,0.1875,0.2778,0,0.0417,0.5,0.3333,0.0625,0.0556,0,0.4444,0.3,0.05,0.3182,0.3333
"locus3275",0,0,0.05,0.3636,0.0714,0.0417,0,0.0909,0.0625,0.1,0.0625,0,0.125,0,0,0,0,0,0,0,0,0,0,0.0833
"locus3276",0,0.0625,0,0,0,0.0417,0.0556,0.1364,0.0625,0.1,0.0625,0,0,0.0417,0,0,0.0625,0.0556,0,0,0,0.35,0,0
"locus3277",0.25,0.125,0.05,0.0909,0.0714,0,0.0556,0.1364,0,0,0.0625,0,0,0.0417,0.2778,0,0.0625,0.1667,0.25,0.5,0.4,0.15,0.0909,0
"locus3278",0,0.125,0,0,0.1429,0.125,0,0,0,0.05,0,0,0,0,0,0.1667,0,0,0,0,0,0.05,0.0455,0
"locus3279",0.0833,0,0,0,0,0,0.0556,0,0.1875,0,0,0,0,0,0.1111,0,0,0,0,0,0.1,0,0.1818,0
"locus3280",0.0833,0.3125,0,0.0909,0.3571,0.25,0.0556,0,0,0.45,0,0.2778,0.0625,0,0,0.1667,0,0,0.1667,0.0556,0.05,0.05,0,0.3333
"locus3281",0,0,0.05,0,0,0.0417,0.1111,0.0455,0,0.05,0,0.0556,0.0625,0,0,0.1667,0.0625,0.1111,0,0,0,0.05,0.0909,0.0417
"locus3282",0.2083,0.125,0.25,0.3636,0.0714,0.125,0.2222,0.4091,0.125,0.2,0.4375,0.1667,0.3125,0.2083,0.5,0.3333,0.125,0.3889,0.4167,0.0556,0.35,0.2,0.4091,0.2917
"locus3283",0.1667,0,0,0.0455,0,0,0.1111,0.0455,0.0625,0,0,0.1111,0.125,0,0,0,0.0625,0,0,0,0.05,0.05,0,0
"locus3284",0,0.25,0,0.0909,0,0.0417,0,0,0.125,0,0,0.1111,0,0,0.1111,0,0,0.0556,0,0,0,0,0.0909,0.0833
"locus3285",0.0417,0.0625,0,0.0455,0.0714,0,0.0556,0.0455,0.125,0,0,0,0.0625,0.0417,0.1111,0,0,0.0556,0.0833,0.1111,0.15,0.05,0.0909,0.125
"locus3286",0,0.4375,0.15,0.0455,0.1429,0.375,0.0556,0,0.125,0.45,0.0625,0.3333,0,0.0417,0,0,0.375,0,0.0833,0,0,0.05,0.1818,0
"locus3287",0.0417,0.0625,0.05,0.1364,0,0.0417,0.1111,0.0909,0.125,0,0,0.1111,0,0.0417,0,0,0,0,0,0,0,0,0.0455,0.0417
"locus3288",0.0833,0,0,0,0,0,0,0.0455,0.0625,0,0.0625,0,0,0,0.2222,0.3333,0.0625,0,0,0,0.15,0,0,0
"locus3289",0.375,0.375,0.5,0.4091,0.2143,0.4583,0.2222,0.4545,0.375,0.45,0.1875,0.4444,0.125,0.4583,0.4444,0.5,0.25,0.1111,0.1667,0.5,0.4,0.45,0.2273,0.0417
"locus3290",0.4167,0.125,0,0.3182,0,0.0417,0,0.0909,0.125,0,0.1875,0,0.4375,0,0.3889,0,0,0.0556,0,0.3889,0.4,0.1,0,0
"locus3291",0.0417,0,0.1,0,0,0,0.1111,0.0455,0.0625,0,0,0,0.0625,0.0833,0,0.1667,0.0625,0,0.0833,0,0,0.05,0,0.0417
"locus3292",0.0833,0,0,0,0,0,0,0,0,0,0.125,0,0.0625,0.0417,0,0.1667,0.0625,0.1111,0,0.0556,0,0,0.0909,0
"locus3293",0.125,0,0,0,0,0.0417,0.0556,0,0,0.05,0,0,0,0,0,0,0,0,0,0.3333,0,0,0,0.0417
"locus3294",0.2083,0.25,0.25,0.1818,0.2143,0.2917,0.1111,0.2273,0.1875,0.35,0.125,0.3333,0.25,0.2917,0.2222,0.3333,0.3125,0.1667,0.1667,0.1111,0.2,0.35,0.2727,0.3333
"locus3295",0.125,0.5,0.3,0.1364,0.5,0.3333,0.3333,0.3636,0.125,0.1,0.375,0.0556,0.1875,0.375,0,0.3333,0.25,0.4444,0.3333,0.4444,0.1,0.15,0.3182,0.2083
"locus3296",0.125,0.0625,0.05,0.3636,0,0.0833,0.1667,0.0909,0.1875,0,0.1875,0,0.125,0.0833,0.1667,0,0.25,0.1111,0.1667,0.3889,0.35,0.05,0,0.125
"locus3297",0,0.0625,0,0,0,0.0417,0.1111,0,0,0,0,0.1667,0,0,0,0,0.0625,0,0,0,0,0.15,0.1364,0
"locus3298",0,0.0625,0.05,0.0455,0.1429,0,0.1111,0,0,0,0,0,0.125,0.0833,0,0.5,0.1875,0,0,0.0556,0.1,0.1,0,0.0833
"locus3299",0,0,0.05,0.2727,0,0.0417,0.1667,0,0,0,0,0,0,0,0.1667,0.1667,0,0.0556,0.0833,0,0,0,0.1818,0.0417
"locus3300",0,0,0,0,0,0,0.5,0,0,0,0.125,0,0,0,0,0,0,0,0.1667,0,0,0,0.0455,0.1667
"locus3301",0.2083,0.0625,0,0.0909,0,0,0.0556,0.0455,0,0.05,0.125,0,0.125,0.0833,0.0556,0.1667,0.1875,0.1667,0,0.2778,0.4,0.05,0.2273,0.0833
"locus3302",0,0,0,0,0,0.0417,0,0.0455,0.375,0.5,0.0625,0.2222,0,0,0,0,0,0,0,0,0.1,0.05,0.0455,0
"locus3303",0.0417,0.125,0.1,0.0909,0.0714,0,0.0556,0.0455,0.125,0,0,0.0556,0.125,0.1667,0,0.1667,0.125,0.1111,0.1667,0.3333,0.25,0.2,0.0909,0.0417
"locus3304",0.0417,0.4375,0.3,0,0.2143,0.4583,0.3333,0.2273,0.1875,0.45,0.375,0.3889,0.0625,0.3333,0,0.1667,0.4375,0.0556,0.4167,0.0556,0.2,0.35,0.1818,0.3333
"locus3305",0,0,0,0,0.2857,0,0.3889,0,0,0.05,0,0,0,0,0,0,0,0,0.0833,0.0556,0,0,0.0455,0.4167
"locus3306",0.0417,0.0625,0.05,0.1818,0,0.0417,0,0,0,0.05,0,0,0,0.0417,0,0.1667,0.125,0,0.0833,0,0.2,0.05,0,0
"locus3307",0,0.0625,0.1,0,0.0714,0.0417,0.2778,0,0,0.05,0.125,0,0,0.25,0.2222,0,0.125,0,0.1667,0.2222,0.1,0.2,0.0909,0.25
"locus3308",0.125,0,0.05,0,0,0,0,0.0909,0,0,0.0625,0,0,0.0417,0.1667,0,0.125,0,0,0,0.05,0,0.0455,0
"locus3309",0.4167,0.25,0.3,0.2727,0.1429,0.2917,0.2222,0.2727,0.5,0.5,0.3125,0.3889,0.5,0.2917,0.1667,0.3333,0.5,0.5,0.4167,0.5,0.5,0.35,0.4091,0.2917
"locus3310",0.0417,0,0.05,0.0455,0,0.125,0,0.0455,0,0.2,0,0.1667,0,0.0417,0,0,0,0,0.0833,0,0,0.05,0.0455,0
"locus3311",0,0,0,0.2727,0.4286,0,0.4444,0.0455,0,0,0.25,0,0.0625,0.125,0.0556,0.1667,0,0,0.25,0,0,0.1,0.0909,0.375
"locus3312",0.5,0.25,0.25,0.0455,0.1429,0.125,0.2778,0.4091,0.1875,0.25,0.125,0.3333,0.25,0.375,0.3333,0.3333,0.375,0.3333,0.25,0.4444,0.3,0.2,0.3636,0.2083
"locus3313",0,0,0.05,0,0.2857,0.1667,0.1111,0.0909,0,0,0,0.0556,0,0,0,0,0,0,0,0,0.05,0.1,0,0.2083
"locus3314",0,0.125,0,0,0,0.0833,0.1111,0,0.0625,0.15,0.0625,0.1111,0,0.0417,0,0,0,0,0.1667,0.1111,0.05,0,0,0.0417
"locus3315",0.25,0.0625,0.4,0.2727,0,0.0833,0.0556,0.2727,0,0.15,0.1875,0,0.3125,0.4583,0.2222,0.3333,0.3125,0.4444,0.0833,0.5,0.2,0.35,0.4091,0.0833
"locus3316",0.0417,0,0.1,0,0,0,0.0556,0.1364,0,0,0.0625,0,0,0.1667,0.1667,0.1667,0.125,0.0556,0,0,0.15,0.05,0.1364,0
"locus3317",0.0417,0.5,0.2,0.4091,0.1429,0.4583,0.3333,0.2273,0.25,0.45,0.375,0.2778,0.3125,0.2917,0,0.3333,0.25,0.2222,0.25,0.1111,0.15,0.3,0.0455,0.2083
"locus3318",0.2083,0.0625,0.15,0,0,0,0,0.0909,0,0,0.1875,0.0556,0,0.0833,0,0,0.1875,0,0,0.1667,0,0.25,0,0
"locus3319",0,0.1875,0.1,0,0,0,0.0556,0.0455,0,0,0,0,0.125,0.1667,0,0,0.1875,0.0556,0,0,0,0,0.0455,0
"locus3320",0.0833,0.0625,0,0.1364,0,0,0,0.0909,0.125,0.15,0.25,0.0556,0.0625,0.125,0,0.3333,0.125,0.0556,0,0.3889,0.15,0.05,0.0455,0
"locus3321",0.3333,0.3125,0.2,0.4545,0.0714,0.25,0.2778,0.1364,0.0625,0.4,0.375,0.3333,0.125,0.1667,0.2778,0,0.1875,0.2222,0.25,0.4444,0.5,0.35,0.4545,0.2917
"locus3322",0.0417,0.0625,0.05,0,0,0.0417,0.1111,0.0909,0.0625,0,0.1875,0,0.125,0.0417,0,0,0.0625,0.1111,0.0833,0,0,0.05,0.0455,0
"locus3323",0.1667,0.0625,0.2,0.3182,0,0.0833,0,0.0909,0,0,0.0625,0.1111,0.0625,0.125,0.1667,0.1667,0.25,0.1667,0,0,0.1,0.2,0.1364,0
"locus3324",0.2083,0,0.05,0,0.0714,0.0417,0.0556,0.0455,0,0,0,0,0,0.0833,0.1111,0,0.0625,0.0556,0.0833,0,0,0,0,0.0833
"locus3325",0.2917,0.125,0.45,0.4545,0.1429,0.0417,0.1111,0.4091,0.375,0.2,0.25,0.2778,0.3125,0.4167,0.2222,0.3333,0.25,0.1667,0.3333,0.1667,0.45,0.2,0.1364,0.25
"locus3326",0.2083,0,0.15,0.0909,0,0.0833,0.0556,0.1364,0,0,0,0.0556,0.1875,0.2083,0.2778,0.1667,0.1875,0.0556,0.0833,0.5,0.15,0,0.0909,0
"locus3327",0.0417,0,0.2,0,0,0,0.0556,0.0909,0,0,0,0,0,0.25,0,0,0.125,0,0,0,0,0,0,0
"locus3328",0.0417,0.1875,0,0,0.0714,0,0,0.3182,0.1875,0.05,0.0625,0.0556,0,0.0833,0.2778,0.3333,0.0625,0.1667,0,0.0556,0.15,0.05,0.3182,0.2083
"locus3329",0.0417,0,0,0,0,0.0417,0,0.2273,0.0625,0.05,0,0,0,0,0.0556,0,0,0.1111,0,0,0.05,0,0,0
"locus3330",0.2917,0,0.1,0.1364,0.1429,0.0417,0.4444,0,0,0.1,0.375,0,0.0625,0.25,0,0.1667,0.0625,0,0.4167,0.0556,0.05,0.1,0.0455,0.375
"locus3331",0.0417,0.0625,0.3,0.0455,0,0.0833,0,0.1818,0,0,0.0625,0,0.125,0.0833,0.0556,0,0.0625,0.0556,0.0833,0,0,0.15,0.0455,0.0417
"locus3332",0,0.0625,0,0,0.2857,0.2917,0.4444,0,0,0.35,0,0.1111,0,0,0,0,0.0625,0,0.25,0,0.05,0,0.3636,0.0417
"locus3333",0.2083,0.5,0.35,0.4091,0.2857,0.4583,0.2222,0.4545,0.1875,0.5,0.3125,0.3889,0.5,0.375,0.1667,0.1667,0.4375,0.3889,0.25,0,0.3,0.5,0.1818,0.25
"locus3334",0,0.25,0,0.0455,0.4286,0.375,0,0.0909,0,0.5,0,0.4444,0,0.0833,0,0.1667,0.0625,0.1111,0,0.0556,0.05,0.05,0,0.125
"locus3335",0,0,0,0.1818,0,0,0,0.0455,0,0,0,0,0,0,0.1667,0,0,0.2222,0,0,0.1,0.15,0,0
"locus3336",0,0,0.05,0.0455,0,0.0417,0,0.0455,0,0,0.25,0,0,0.0417,0,0,0,0,0.0833,0,0.15,0,0.0455,0
"locus3337",0.0833,0,0.35,0,0,0,0,0.3182,0,0.05,0,0,0.125,0.2917,0,0.3333,0.4375,0.2222,0,0,0.05,0.5,0,0
"locus3338",0.4583,0,0,0.2273,0,0,0,0,0,0,0.125,0,0.0625,0.0417,0.2222,0,0,0,0.0833,0.4444,0.35,0,0.2727,0
"locus3339",0.125,0,0.1,0.0455,0,0,0.0556,0,0,0.05,0,0,0.0625,0.0417,0.3889,0.1667,0,0,0,0,0,0,0,0.0417
"locus3340",0,0,0.3,0,0,0.0417,0.1667,0.0909,0.125,0.1,0,0.0556,0.125,0.2083,0.1667,0,0.125,0.0556,0,0,0,0.2,0.0909,0.0417
"locus3341",0.0417,0.0625,0.2,0,0,0.0417,0,0.0455,0.0625,0,0.125,0,0.125,0.1667,0.2222,0,0.0625,0,0,0,0,0.15,0,0.0833
"locus3342",0.0417,0.0625,0.2,0,0,0,0,0,0,0,0.0625,0,0,0,0.1111,0,0.1875,0.0556,0,0,0.1,0.05,0,0.0417
"locus3343",0.2917,0.125,0.35,0.3636,0,0.1667,0.2778,0.4091,0.4375,0.4,0.4375,0.1667,0.375,0.3333,0.4444,0.3333,0.4375,0.5,0.5,0.3333,0.45,0.45,0.4545,0.125
"locus3344",0.125,0,0.05,0.1818,0,0.1667,0.1111,0.0909,0.125,0,0.125,0,0.125,0.2083,0.1667,0,0.125,0.1667,0.25,0.2778,0.05,0.1,0,0
"locus3345",0,0.1875,0.1,0,0.4286,0.4583,0.1667,0.0909,0.0625,0.4,0,0.5,0.0625,0.1667,0.0556,0,0,0,0.1667,0,0,0.25,0.2273,0.0417
"locus3346",0,0.0625,0.1,0,0.5,0.2083,0.3333,0.0455,0,0.35,0.0625,0.0556,0.0625,0.0417,0,0,0,0,0.1667,0,0.05,0.1,0,0.5
"locus3347",0.0417,0,0,0,0.0714,0.0417,0,0,0.125,0,0,0.1111,0,0,0,0,0.0625,0,0.0833,0,0,0.05,0,0.0833
"locus3348",0.0833,0.125,0.3,0.0455,0.0714,0.0833,0,0.1818,0,0.15,0,0,0.25,0.25,0.1111,0,0.0625,0.1111,0.0833,0,0,0.05,0.0455,0
"locus3349",0,0,0,0,0.0714,0.1667,0,0,0.0625,0.1,0,0,0,0.0417,0,0,0.0625,0,0.0833,0,0.05,0,0,0
"locus3350",0.25,0.4375,0.1,0.0909,0.2857,0.2083,0.1111,0.1818,0.375,0.45,0.25,0.5,0.3125,0.375,0.2778,0.1667,0.375,0.3333,0.0833,0,0.15,0.35,0.0909,0.1667
"locus3351",0,0,0.05,0,0,0,0.1667,0.0455,0,0,0.125,0,0,0.0417,0,0,0,0,0.1667,0,0,0,0.0455,0
"locus3352",0.1667,0,0,0.2727,0.1429,0.125,0.0556,0.0909,0,0,0.125,0,0.25,0.125,0,0,0,0,0,0.3889,0.1,0,0.0455,0
"locus3353",0.1667,0.5,0.15,0.3636,0.3571,0.4167,0.3889,0.0455,0.3125,0.2,0.4375,0.1111,0.125,0.2917,0.0556,0.3333,0.0625,0.1111,0.25,0.1111,0.4,0.5,0.2273,0.4167
"locus3354",0.4583,0.0625,0.25,0.3636,0,0.0417,0.2778,0.3636,0.1875,0.15,0.25,0,0.3125,0.1667,0.4444,0.1667,0.1875,0.4444,0.1667,0.3333,0.45,0.4,0.5,0.1667
"locus3355",0.0417,0.125,0.1,0.0455,0,0.0417,0,0.1364,0,0.35,0,0.2222,0,0.0833,0,0,0.125,0.0556,0,0,0.1,0.05,0,0
"locus3356",0.0417,0.0625,0.1,0,0,0,0,0.1364,0,0,0,0,0.25,0.0417,0,0,0.125,0.3333,0,0,0.05,0,0.1364,0
"locus3357",0,0,0,0,0,0,0.1111,0.0455,0,0,0,0,0,0.1667,0,0,0.1875,0,0.0833,0,0,0,0,0.0833
"locus3358",0.25,0,0,0.0455,0,0,0,0,0,0,0.0625,0.0556,0,0,0,0,0,0,0,0.0556,0.3,0,0.1364,0
"locus3359",0.25,0.4375,0.35,0.4545,0.2857,0.25,0.4444,0.5,0.3125,0.35,0.4375,0.2778,0.25,0.2917,0.3333,0.5,0.3125,0.3889,0.25,0.3889,0.35,0.4,0.3636,0.4583
"locus3360",0.1667,0,0,0,0,0,0,0.0909,0.0625,0,0,0,0,0,0.2778,0,0.0625,0.1667,0,0.1111,0.05,0,0.0455,0
"locus3361",0.125,0,0.05,0.0455,0,0.0417,0.1111,0.2727,0.0625,0.05,0,0.1111,0.0625,0,0.0556,0,0.0625,0.1111,0,0.0556,0,0,0.0909,0
"locus3362",0.0417,0,0.05,0,0,0,0.1111,0.1364,0,0.1,0.0625,0.1111,0,0.0417,0,0,0.0625,0,0,0,0.05,0.05,0.0455,0.0417
"locus3363",0.4167,0.1875,0.25,0.3636,0.0714,0.0417,0.2778,0.4545,0.1875,0.1,0.375,0.1111,0.5,0.1667,0.2222,0.1667,0.1875,0.3889,0.0833,0.2778,0.3,0.4,0.3182,0.0417
"locus3364",0,0,0.1,0.0455,0,0.0833,0.1111,0.0455,0.0625,0.05,0,0,0.1875,0.0833,0.0556,0,0.0625,0.0556,0.1667,0.0556,0.05,0.05,0,0.0833
"locus3365",0.2917,0.0625,0.2,0.3182,0.0714,0.2083,0.3889,0.2273,0.375,0.05,0.5,0,0.5,0.375,0.3889,0,0.375,0.3333,0.0833,0.5,0.3,0.35,0.4091,0.1667
"locus3366",0.0833,0.125,0,0,0,0.0417,0,0.1364,0.4375,0.05,0,0,0,0,0,0,0,0.1667,0,0,0.05,0,0,0
"locus3367",0.375,0.25,0.45,0.1818,0.2143,0.0417,0.1667,0.4545,0.4375,0.35,0.4375,0.1111,0.4375,0.4583,0.3333,0.3333,0.5,0.2778,0.25,0.1111,0.4,0.4,0.3182,0
"locus3368",0.0833,0.125,0.4,0.0909,0,0.25,0,0.4545,0.25,0.25,0.125,0.4444,0.3125,0.4167,0,0.5,0.3125,0.2778,0.0833,0.0556,0,0.5,0.0455,0
"locus3369",0,0,0.1,0,0,0,0.2222,0,0.125,0,0,0,0.0625,0,0,0,0.125,0.0556,0,0.0556,0,0,0,0
"locus3370",0,0.1875,0,0,0,0.2083,0,0,0,0.1,0.125,0.0556,0,0.0833,0,0,0.125,0,0,0,0,0,0.0455,0.125
"locus3371",0,0.0625,0.05,0,0.0714,0,0,0,0.0625,0.05,0,0.1667,0,0.0417,0.0556,0,0,0,0,0.2222,0.1,0,0,0.0833
"locus3372",0.375,0,0,0,0,0,0,0,0,0,0,0,0,0,0.2222,0,0,0.2222,0,0.1111,0.05,0,0.2727,0
"locus3373",0.4583,0.4375,0.45,0.4545,0.4286,0.4167,0.3333,0.4545,0.4375,0.4,0.4375,0.2778,0.3125,0.5,0.4444,0.5,0.375,0.3889,0.3333,0.5,0.45,0.45,0.4091,0.375
"locus3374",0,0,0.15,0.0455,0,0.0417,0.1111,0.0909,0.1875,0,0,0,0,0.0417,0,0,0.1875,0.1667,0.0833,0,0.05,0.1,0,0
"locus3375",0,0,0.25,0.0455,0.0714,0.0417,0.1667,0,0,0,0.1875,0,0,0.25,0,0,0.25,0.1111,0.25,0.2778,0.05,0.1,0.2727,0
"locus3376",0.125,0.5,0.4,0.0909,0.3571,0.4583,0.2778,0.4545,0.4375,0.3,0.5,0.2778,0.3125,0.4583,0,0.3333,0.1875,0.2222,0.1667,0.0556,0.1,0.4,0.3636,0.1667
"locus3377",0.375,0.3125,0.5,0.4091,0.2857,0.375,0.4444,0.4545,0.4375,0.5,0.375,0.2222,0.5,0.4583,0.4444,0,0.375,0.4444,0.5,0.4444,0.45,0.45,0.3636,0.1667
"locus3378",0.0833,0.0625,0.25,0.1364,0,0.1667,0.0556,0.2273,0.0625,0.25,0.125,0.0556,0.125,0.1667,0.1111,0,0.25,0.1111,0.25,0.1111,0.1,0.2,0.0455,0.125
"locus3379",0,0,0,0.0455,0,0,0.0556,0.0455,0.3125,0,0,0,0.0625,0.0417,0,0,0.0625,0.2778,0,0,0,0,0,0.0417
"locus3380",0.0417,0,0,0,0,0,0,0,0,0,0,0,0.0625,0,0,0,0,0,0,0.5,0,0,0.1818,0
"locus3381",0.0417,0,0,0.0455,0.0714,0,0,0,0.0625,0,0,0,0,0,0.1111,0,0,0,0.1667,0,0.1,0.1,0.1364,0
"locus3382",0,0.0625,0.05,0,0,0,0,0.0909,0,0,0,0,0.125,0.125,0.0556,0,0.125,0,0,0,0,0.05,0,0
"locus3383",0,0.125,0,0,0,0.0833,0,0,0,0.2,0,0.2778,0,0,0,0,0,0.0556,0,0,0,0,0,0.0417
"locus3384",0,0,0,0.0909,0,0.125,0,0.0455,0,0.15,0.0625,0,0,0,0,0,0,0,0,0,0,0.2,0,0.0417
"locus3385",0.4583,0.4375,0.3,0.4091,0.5,0.2083,0.3889,0.4545,0.25,0.2,0.375,0,0.125,0.3333,0.2778,0.5,0.375,0.4444,0.3333,0.5,0.4,0.25,0.2273,0.2917
"locus3386",0,0,0.15,0,0,0,0.1667,0.0909,0,0,0.1875,0,0,0.0833,0,0,0.0625,0,0.1667,0,0,0,0,0
"locus3387",0,0.0625,0,0.1818,0,0,0,0.0909,0,0.05,0.0625,0,0.0625,0,0.0556,0,0,0,0.0833,0.0556,0.1,0,0,0
"locus3388",0.2917,0.125,0.35,0.3636,0,0.25,0.1111,0.1364,0.125,0,0.3125,0.0556,0.375,0.375,0.1111,0.5,0.125,0.3333,0.4167,0.2222,0.45,0.4,0.3636,0.0833
"locus3389",0,0,0,0,0,0,0.1111,0,0,0.05,0,0,0.0625,0,0,0,0.0625,0.0556,0.1667,0,0,0,0,0.2083
"locus3390",0.25,0.125,0.15,0.3636,0.0714,0.2083,0.1111,0.0909,0.1875,0.2,0.25,0,0.25,0.25,0.3889,0.3333,0,0.1111,0.1667,0.5,0.4,0.1,0.1818,0.125
"locus3391",0.0417,0,0,0.3636,0.0714,0.0417,0,0,0,0,0,0,0,0,0,0,0.0625,0,0,0.1667,0.2,0,0.0455,0
"locus3392",0.3333,0.1875,0.3,0.2273,0,0.0833,0.2222,0.4091,0.375,0.15,0.4375,0.0556,0.4375,0.5,0.2222,0.1667,0.25,0.5,0.25,0.3889,0.15,0.45,0.2273,0.2083
"locus3393",0,0,0,0,0,0,0.1111,0,0.125,0,0,0,0,0.0833,0,0,0.0625,0,0.0833,0.0556,0.05,0.15,0,0
"locus3394",0,0.125,0.1,0,0,0,0,0,0,0,0.125,0,0,0.125,0,0.1667,0.0625,0.0556,0,0,0.05,0,0,0
"locus3395",0.1667,0,0.2,0.0909,0,0.0833,0.1111,0.0909,0.4375,0.1,0.125,0,0.4375,0.0417,0,0,0.25,0.1667,0,0.0556,0.15,0.1,0.1818,0.0417
"locus3396",0.0417,0,0,0.2727,0,0,0,0,0,0.1,0.125,0,0,0,0.2778,0.1667,0,0.0556,0,0.0556,0,0,0.0455,0
"locus3397",0.0417,0.0625,0.2,0.0455,0,0.125,0.1111,0.0455,0.0625,0.05,0,0,0.25,0.2917,0,0.1667,0.25,0.0556,0.0833,0,0.05,0.15,0,0.125
"locus3398",0.4583,0.25,0.4,0.4545,0,0.125,0.3889,0.2727,0.3125,0.35,0.5,0.1111,0.4375,0.4167,0.3889,0.1667,0.4375,0.4444,0.1667,0.1667,0.45,0.5,0.4545,0.25
"locus3399",0,0.125,0.2,0,0.0714,0.0417,0.2222,0,0,0,0.125,0,0,0.0833,0,0.1667,0.125,0,0.4167,0.0556,0,0.15,0.0455,0.2083
"locus3400",0,0.3125,0,0,0,0.0417,0,0.0455,0,0,0,0,0,0.0833,0,0,0,0,0,0.0556,0,0,0,0.0833
"locus3401",0,0,0.35,0,0,0,0,0,0,0.05,0,0,0,0.3333,0,0,0.0625,0,0.1667,0,0,0,0.0455,0
"locus3402",0,0,0.05,0,0,0,0,0,0.0625,0,0,0,0,0.1667,0,0,0,0.0556,0,0,0,0.15,0.0455,0
"locus3403",0,0,0,0,0,0,0,0.0909,0,0.1,0,0.1111,0,0,0,0.1667,0,0,0,0,0,0.05,0.0909,0.125
"locus3404",0,0,0.1,0,0,0,0,0.0909,0,0,0,0,0,0,0.2222,0.1667,0,0.1111,0,0,0,0,0,0
"locus3405",0.2083,0,0,0.1364,0,0,0,0.1818,0.1875,0,0,0,0.125,0.0833,0.3333,0.5,0,0.1667,0,0,0,0.15,0.2727,0
"locus3406",0.0417,0.1875,0.05,0,0,0.0833,0,0.0909,0,0.1,0,0,0.125,0.0833,0,0,0,0.0556,0,0,0,0,0,0
"locus3407",0.0417,0.0625,0,0,0,0.2917,0.0556,0,0.125,0.05,0,0.1111,0,0.0417,0,0,0.1875,0.0556,0.1667,0,0,0.05,0,0.0833
"locus3408",0.3333,0.5,0.25,0.3182,0.1429,0.3333,0.4444,0.4091,0.375,0.25,0.0625,0.5,0.4375,0.3333,0.4444,0.3333,0.375,0.3333,0.3333,0.3889,0.4,0.3,0.3182,0.25
"locus3409",0.0417,0,0.1,0.0455,0.0714,0.0833,0.0556,0,0,0.05,0.0625,0.2222,0,0.0833,0,0.3333,0.0625,0,0,0,0,0.05,0.0455,0.0417
"locus3410",0.0417,0.3125,0.15,0.4091,0,0.2083,0,0,0.125,0.4,0.0625,0.1111,0.1875,0.0833,0.0556,0.3333,0.1875,0.0556,0,0.0556,0.25,0.2,0.0909,0.1667
"locus3411",0,0,0.05,0,0.0714,0,0.0556,0,0,0,0,0,0,0.0833,0,0,0.0625,0.1667,0,0.0556,0.15,0,0,0.2083
"locus3412",0.4583,0.0625,0.35,0.4545,0,0.0417,0.0556,0.2727,0.3125,0.2,0.25,0.1111,0.4375,0.2917,0.4444,0.5,0.25,0.5,0.1667,0.5,0.4,0.3,0.2727,0
"locus3413",0,0,0,0,0.1429,0.125,0,0.0455,0,0.45,0,0.3889,0,0,0,0,0,0,0,0,0,0,0,0
"locus3414",0.4167,0,0.3,0.0909,0,0,0.0556,0.5,0.3125,0.05,0.25,0,0.3125,0.375,0.5,0.3333,0.4375,0.5,0,0.2222,0.4,0.2,0.0909,0.0833
"locus3415",0.0833,0.0625,0,0,0,0.0417,0,0.1364,0.125,0.1,0,0.1667,0,0,0.0556,0,0.0625,0,0,0,0.05,0.2,0.0455,0
"locus3416",0,0,0.05,0.0909,0,0,0,0.1364,0.0625,0,0.125,0,0,0.0833,0,0.1667,0,0,0,0.1667,0.1,0,0,0.0417
"locus3417",0.0833,0,0.05,0,0.0714,0.0417,0,0.0455,0,0,0,0,0.0625,0.0833,0,0.1667,0,0,0,0,0.05,0.05,0,0
"locus3418",0.1667,0,0,0.0455,0,0,0.1667,0,0.0625,0.05,0,0,0.125,0.0833,0.0556,0.1667,0.0625,0.0556,0.1667,0.1667,0.1,0.1,0.0909,0
"locus3419",0.125,0.0625,0,0.1364,0.0714,0.125,0.1111,0.0455,0,0.05,0.125,0,0.125,0.3333,0.0556,0.1667,0.125,0.0556,0.0833,0.0556,0.3,0.05,0.0455,0.125
"locus3420",0.0417,0.1875,0.15,0,0,0.2083,0.1111,0,0.0625,0,0.1875,0.1667,0.1875,0,0.2222,0.1667,0.1875,0,0.0833,0.0556,0.05,0,0,0.2083
"locus3421",0,0,0,0.0455,0.2857,0.0833,0,0,0,0.3,0,0.1667,0,0,0,0,0,0,0,0,0,0.15,0,0
"locus3422",0.1667,0,0,0.3636,0,0.0417,0,0.0909,0,0,0.25,0.0556,0.125,0.0417,0,0.1667,0.0625,0.1111,0,0.0556,0.1,0,0.2273,0
"locus3423",0.4583,0.25,0.4,0.4091,0.5,0.4583,0.5,0.4091,0.375,0.4,0.4375,0.3889,0.25,0.3333,0.5,0.3333,0.4375,0.2778,0.25,0.4444,0.35,0.25,0.4091,0.5
"locus3424",0.0833,0.125,0.05,0.4091,0.0714,0,0,0,0.1875,0.05,0,0,0,0.0417,0,0,0.0625,0,0.0833,0,0,0.45,0.1364,0
"locus3425",0,0.125,0.1,0.1364,0.1429,0,0,0.0455,0,0,0,0,0.0625,0.0833,0,0,0,0,0.0833,0,0,0.05,0,0.0417
"locus3426",0.0417,0.125,0.05,0,0,0.0417,0.0556,0,0.1875,0,0,0.1667,0,0.125,0,0,0.0625,0,0.1667,0,0,0,0.0455,0.0833
"locus3427",0.0417,0.1875,0,0,0,0.0417,0,0.0455,0.25,0.05,0,0,0,0.125,0,0,0,0.0556,0.0833,0,0,0,0,0
"locus3428",0.125,0,0,0.4545,0.0714,0.25,0,0.0455,0.375,0.15,0,0.1667,0.125,0,0.1667,0,0,0,0.0833,0.1667,0.15,0.05,0.2727,0.0417
"locus3429",0.375,0.25,0.45,0.1364,0,0.1667,0.0556,0.4545,0.375,0,0.3125,0.0556,0.4375,0.2917,0.4444,0.1667,0.1875,0.2778,0.1667,0.1111,0.2,0.3,0.3182,0.0833
"locus3430",0.0417,0,0,0.0455,0,0.1667,0,0,0,0,0.0625,0,0.0625,0,0,0,0,0,0,0.1111,0.2,0,0,0.0833
"locus3431",0,0,0,0,0.1429,0.25,0,0,0.125,0.3,0,0.2222,0,0,0,0.1667,0.0625,0,0,0,0,0.1,0,0.125
"locus3432",0.3333,0.25,0,0.0455,0,0,0.0556,0.1818,0.25,0,0.0625,0,0.125,0.0833,0.1667,0,0.125,0.3333,0,0.1667,0.2,0.1,0.1818,0.0417
"locus3433",0.0833,0.0625,0,0,0,0,0,0.1364,0.125,0,0.0625,0,0.125,0.25,0.1111,0,0.125,0.0556,0.0833,0,0,0.2,0,0.0417
"locus3434",0.0833,0.5,0.4,0.1818,0.2143,0.375,0.3889,0.1818,0.25,0.45,0.25,0.5,0.1875,0.4167,0,0.1667,0.4375,0.1111,0.25,0.1667,0.2,0.35,0.0909,0.4167
"locus3435",0.2917,0.25,0.25,0.0909,0.2143,0.4167,0.4444,0.3182,0.1875,0.25,0.375,0,0.25,0.2917,0.2778,0.5,0.3125,0.5,0.3333,0.2222,0.3,0.35,0.3182,0.125
"locus3436",0.0833,0.0625,0.15,0,0,0.1667,0,0.3182,0.25,0.1,0,0.2222,0.0625,0.0417,0.0556,0.1667,0.3125,0.1667,0.1667,0,0.05,0.2,0.0909,0.0833
"locus3437",0.0417,0,0.05,0.0909,0,0,0,0,0.1875,0,0,0,0,0,0.0556,0,0,0.0556,0.0833,0,0,0.1,0,0
"locus3438",0.25,0.4375,0.1,0.0909,0.4286,0.4583,0.2778,0.2273,0.25,0.45,0.25,0.4444,0.0625,0.1667,0.1667,0.1667,0.0625,0.1667,0.25,0.1111,0.4,0.25,0.3182,0.375
"locus3439",0.0417,0,0,0.2727,0.2857,0.25,0.2222,0.0455,0,0,0.3125,0,0,0.0417,0,0,0.125,0,0.3333,0.0556,0.1,0,0.1364,0.2917
"locus3440",0.5,0,0,0.0455,0,0,0,0,0.1875,0,0.1875,0,0.0625,0,0.3889,0.1667,0.0625,0.1667,0,0.1111,0.35,0,0.1818,0.0417
"locus3441",0.0833,0,0.1,0.2727,0.0714,0.0833,0.2222,0,0.0625,0,0.0625,0,0.125,0.1667,0.1111,0,0.125,0.1111,0,0.2222,0,0.1,0.0909,0.25
"locus3442",0.0417,0.0625,0.1,0,0,0,0,0.0909,0,0.2,0,0.0556,0.0625,0.125,0.0556,0,0.125,0,0.0833,0.3333,0,0,0,0
"locus3443",0.125,0.125,0.25,0,0.0714,0.1667,0.1111,0.2273,0,0.15,0.0625,0,0.0625,0.3333,0.0556,0.1667,0.4375,0.5,0,0,0.25,0.45,0.0909,0
"locus3444",0.0417,0.125,0.15,0.0455,0.0714,0,0.0556,0.3636,0.4375,0.05,0,0,0.25,0.2083,0.2778,0,0.0625,0.5,0,0.1667,0.1,0.05,0.0455,0
"locus3445",0.1667,0.0625,0.25,0,0,0,0.1667,0.3182,0.125,0.05,0,0.2222,0,0.0833,0.0556,0,0.3125,0,0,0,0.05,0,0.2273,0.0833
"locus3446",0.125,0.5,0.45,0.0909,0.4286,0.5,0.3333,0.5,0.1875,0.4,0.5,0.5,0.4375,0.4167,0,0.3333,0.4375,0.4444,0.4167,0.0556,0.05,0.45,0.2273,0.4167
"locus3447",0,0,0,0,0.2143,0.125,0.0556,0,0,0,0,0,0,0,0,0,0.0625,0,0,0,0,0,0.0455,0.25
"locus3448",0.0417,0,0,0,0,0.0417,0.1111,0.1364,0,0,0,0,0.0625,0,0,0,0,0.0556,0,0,0,0,0,0.0417
"locus3449",0.5,0.4375,0.25,0.1364,0.3571,0.4583,0.2778,0.3636,0.25,0.15,0.4375,0.1111,0.4375,0.2083,0.1667,0.5,0.375,0.4444,0.25,0.2222,0.3,0.4,0.4091,0.3333
"locus3450",0.0833,0.0625,0.2,0.2727,0,0.0417,0,0.0455,0.375,0,0,0.0556,0.125,0.0417,0.2778,0,0.0625,0,0,0.3889,0.05,0.05,0.0455,0
"locus3451",0.4583,0,0.1,0.0909,0,0.125,0,0.1818,0.125,0,0.375,0,0.125,0.0833,0.4444,0.3333,0.0625,0.2778,0,0.1667,0.45,0.2,0.4091,0
"locus3452",0.0833,0,0.05,0,0,0.2917,0.0556,0.0909,0.0625,0.05,0,0.2222,0,0.0833,0,0,0.0625,0.0556,0,0,0,0.05,0.0455,0
"locus3453",0.3333,0.25,0.25,0.3636,0.2857,0.375,0.5,0.3636,0.375,0.4,0.375,0.4444,0.375,0.25,0.3889,0.1667,0.25,0.4444,0,0.4444,0.3,0.15,0.1364,0.4583
"locus3454",0.0833,0,0.05,0,0,0,0.0556,0.0909,0,0.1,0.0625,0,0,0.125,0.0556,0,0.0625,0.1111,0.0833,0,0.05,0.05,0,0
"locus3455",0,0,0.05,0.1364,0.0714,0,0.0556,0,0,0.1,0,0,0,0,0,0.1667,0.0625,0.0556,0,0.1111,0.05,0,0,0.1667
"locus3456",0.4167,0.1875,0.1,0.5,0,0.0417,0.0556,0.2273,0.1875,0,0.5,0,0.25,0.125,0.3333,0.1667,0.125,0.4444,0,0.2778,0.45,0.15,0.5,0.0417
"locus3457",0.0417,0,0.1,0,0,0,0,0.0455,0,0,0.125,0,0.1875,0.25,0,0.3333,0.1875,0,0,0,0,0.15,0,0.1667
"locus3458",0.2083,0,0,0,0,0,0,0,0.0625,0,0,0,0,0,0.5,0,0,0.0556,0.0833,0,0.3,0,0.0455,0
"locus3459",0.0833,0.125,0.2,0.0455,0.2857,0.2917,0.1111,0.2273,0.0625,0.2,0.3125,0.1111,0.3125,0.2917,0.2222,0,0,0.2222,0.1667,0,0,0.1,0.1818,0.2083
"locus3460",0,0.0625,0.25,0,0,0.0833,0,0.1818,0,0.05,0,0,0,0,0,0,0.25,0.1111,0,0,0,0,0,0.0833
"locus3461",0.0417,0.3125,0,0.0909,0.0714,0.375,0,0,0.0625,0.4,0,0.2778,0,0.0417,0,0,0,0,0,0.0556,0,0.05,0.0909,0
"locus3462",0.0417,0.25,0.05,0,0.1429,0.125,0.2222,0,0.0625,0,0.1875,0.1111,0,0.0417,0,0,0,0.1667,0,0.0556,0,0.05,0,0.0417
"locus3463",0.3333,0.4375,0.25,0.2727,0.5,0.1667,0.4444,0.2727,0.5,0.1,0.3125,0,0.375,0.1667,0.3333,0.3333,0.3125,0.3333,0.4167,0.0556,0.25,0.1,0.1818,0.5
"locus3464",0,0,0.4,0.0455,0,0.0417,0.1111,0.1818,0.0625,0.05,0,0,0.3125,0.2917,0,0,0.375,0.3333,0.1667,0,0,0.3,0,0
"locus3465",0.125,0.125,0.15,0.0455,0.1429,0.1667,0.1667,0.3636,0.3125,0.3,0.25,0.1111,0.25,0.25,0.0556,0.3333,0.4375,0.3333,0,0.1111,0.05,0.2,0.0455,0.2083
"locus3466",0,0.5,0.05,0,0,0.125,0,0.0455,0.3125,0.1,0,0,0,0.125,0,0,0,0.1111,0.0833,0.0556,0.05,0,0,0.0417
"locus3467",0.2083,0,0.05,0,0,0,0,0.0909,0,0,0,0.0556,0.0625,0,0.2222,0,0,0.0556,0,0.3889,0,0,0.1818,0
"locus3468",0,0,0.05,0.0455,0.2143,0.2917,0.0556,0.1364,0,0.1,0,0.2222,0.0625,0.0417,0,0,0.0625,0.0556,0,0,0,0,0.0455,0.125
"locus3469",0.2083,0,0,0,0,0,0.0556,0.0909,0,0,0.0625,0,0.125,0,0.1111,0,0.0625,0,0,0.2222,0,0.35,0.3636,0.0417
"locus3470",0.4167,0.3125,0.2,0.3182,0.0714,0.25,0.3889,0.4091,0.4375,0.1,0.1875,0.2222,0.3125,0.25,0.2778,0,0.375,0.3333,0.0833,0.3333,0.25,0.25,0.1818,0.125
"locus3471",0.4167,0.25,0.25,0.5,0,0,0.1111,0.5,0.375,0.05,0.25,0,0.4375,0.2917,0.2222,0.3333,0.375,0.2222,0.1667,0.3333,0.4,0.4,0.2727,0.0833
"locus3472",0,0.25,0,0,0.4286,0.2917,0.2222,0.0455,0,0.1,0.25,0.4444,0,0.1667,0,0,0.0625,0,0.5,0.0556,0,0.1,0.0909,0.2083
"locus3473",0.3333,0.1875,0.4,0.2273,0,0,0.0556,0.4091,0.25,0.15,0.4375,0.1111,0.4375,0.4583,0.3889,0.3333,0.5,0.3333,0.3333,0.5,0.4,0.4,0.4545,0.0833
"locus3474",0.0417,0,0,0.0455,0,0.0833,0,0.0909,0,0.05,0,0,0,0.0417,0.0556,0,0.0625,0.1111,0,0.0556,0,0.1,0.2273,0.0833
"locus3475",0.375,0.0625,0.25,0.2727,0,0.0417,0.1111,0.4091,0.375,0.05,0.3125,0,0.3125,0.1667,0.3889,0.3333,0.25,0.5,0.0833,0.3889,0.45,0.15,0.2273,0.125
"locus3476",0,0.125,0,0,0.1429,0,0.0556,0,0,0.35,0,0.3333,0,0,0,0,0,0,0,0,0,0,0,0.0417
"locus3477",0.0417,0.0625,0.05,0.1364,0,0.0833,0.0556,0.1364,0.0625,0.05,0.125,0,0.125,0.125,0.0556,0.1667,0.125,0.2222,0,0.0556,0.4,0.15,0.0909,0
"locus3478",0,0,0.05,0,0.0714,0,0.1667,0,0,0,0,0,0,0.1667,0,0.1667,0,0.0556,0,0,0.1,0,0.0455,0.125
"locus3479",0.0417,0.125,0.15,0.1818,0.1429,0.4583,0.2778,0,0.0625,0.45,0.0625,0.3889,0.125,0.125,0.2778,0,0.3125,0.1111,0.0833,0.4444,0.15,0.05,0.3636,0.125
"locus3480",0,0,0.2,0,0,0,0,0.3636,0,0,0,0,0,0.2917,0,0,0.3125,0.0556,0,0,0,0,0,0
"locus3481",0,0,0.05,0,0,0.0417,0.0556,0,0,0.2,0,0,0,0.0417,0.1111,0,0.0625,0.0556,0,0,0,0,0,0.0417
"locus3482",0.0417,0,0.15,0,0.0714,0,0,0.0909,0.125,0,0,0.2222,0,0.0417,0,0,0.125,0,0,0.2222,0,0.05,0.0455,0
"locus3483",0.1667,0.0625,0.05,0,0,0,0.0556,0.1364,0.1875,0,0,0,0.0625,0,0.2778,0,0,0,0,0,0.15,0,0.1364,0
"locus3484",0.0417,0,0,0.0455,0.2857,0.25,0.1111,0.1364,0,0,0,0,0.0625,0.0417,0,0.1667,0.0625,0.0556,0,0.3333,0.05,0.05,0.2273,0.1667
"locus3485",0,0,0,0.0909,0,0,0.2222,0.0909,0,0,0,0,0.0625,0,0,0,0,0,0.1667,0.4444,0.15,0,0.0455,0.2917
"locus3486",0,0,0.05,0.0455,0,0.1667,0,0,0.0625,0.1,0,0.2778,0,0,0,0,0,0.1111,0,0,0.05,0.05,0.0909,0
"locus3487",0.25,0.375,0.05,0.3182,0,0.25,0.1111,0.3182,0.375,0.45,0.3125,0.4444,0.125,0,0.2778,0.3333,0.125,0.3889,0,0.4444,0.45,0.35,0.3636,0.0833
"locus3488",0.2917,0.25,0.3,0.4545,0.2857,0.25,0.4444,0.1818,0.1875,0.2,0.125,0.1667,0.375,0.2083,0.5,0.3333,0.3125,0.3889,0.4167,0.5,0.35,0.45,0.4545,0.3333
"locus3489",0,0,0,0,0.2143,0.2917,0,0,0,0,0,0,0,0.0833,0,0,0,0,0,0,0.05,0,0.2727,0.3333
"locus3490",0,0,0,0,0.2143,0,0.3333,0,0,0,0.0625,0,0,0.0417,0,0,0,0,0.25,0.0556,0,0,0.0909,0.2917
"locus3491",0.125,0.125,0.2,0.1818,0.1429,0.125,0,0.2727,0.125,0.1,0.125,0,0.25,0.1667,0.1667,0.1667,0.3125,0,0.25,0,0.15,0.1,0.1364,0.0833
"locus3492",0.125,0,0.05,0,0,0.125,0,0.0455,0,0.15,0,0.2778,0.0625,0,0,0,0,0.2778,0,0,0.2,0,0,0
"locus3493",0,0.125,0.05,0.0455,0.0714,0.0833,0.0556,0,0.1875,0.1,0,0.1111,0.0625,0.2083,0,0.1667,0.0625,0.1111,0,0.0556,0,0.05,0.0909,0.2083
"locus3494",0.3333,0.125,0.05,0.0455,0,0,0.0556,0.1364,0,0,0.125,0,0.0625,0.0833,0.4444,0.3333,0.1875,0.1667,0.0833,0,0.3,0.05,0.2727,0.0833
"locus3495",0.2083,0.0625,0.1,0.0909,0,0.0417,0.1111,0.2273,0.1875,0,0.25,0.1111,0.0625,0.0833,0.2778,0,0.0625,0.3889,0.3333,0.2778,0.4,0.2,0.4545,0.125
"locus3496",0.0833,0,0.05,0,0,0.0833,0.1667,0.0909,0.0625,0.05,0,0.0556,0,0.0417,0.1667,0,0,0,0,0,0,0,0,0.0833
"locus3497",0.3333,0.4375,0.35,0.3182,0.3571,0.0417,0.1667,0.5,0.5,0.05,0.375,0.2778,0.1875,0.4583,0.4444,0.3333,0.25,0.2778,0.3333,0.2222,0.3,0.3,0.3182,0.4583
"locus3498",0.0417,0,0.05,0,0,0,0.0556,0.0455,0.125,0,0,0,0.0625,0.0833,0,0,0.125,0.0556,0,0,0.05,0,0.0455,0.0417
"locus3499",0.2917,0.5,0.3,0.2273,0.2857,0.5,0.3889,0.2727,0.1875,0.35,0.4375,0.4444,0.1875,0.25,0.1667,0.3333,0.1875,0.4444,0.4167,0.1111,0.25,0.5,0.4091,0.2917
"locus3500",0,0,0.05,0,0,0,0.5,0,0,0.1,0.0625,0,0,0,0,0,0,0,0,0.0556,0,0,0,0.1667
"locus3501",0,0.4375,0.2,0.0455,0.3571,0.4583,0.1111,0.1364,0.0625,0.4,0.125,0.1111,0.125,0,0.0556,0,0.3125,0.1667,0.1667,0.0556,0,0.1,0.0909,0.0417
"locus3502",0.0833,0,0,0.2273,0,0,0,0.0909,0,0,0.125,0,0,0.125,0.1111,0,0,0.1111,0,0.0556,0.05,0.05,0.0909,0
"locus3503",0.1667,0.0625,0.05,0.0455,0,0,0.1667,0.2273,0.0625,0.05,0,0.0556,0.125,0.1667,0.1667,0,0.3125,0.2222,0,0,0,0.2,0,0.0417
"locus3504",0,0.0625,0.05,0.1364,0.0714,0,0,0.2727,0.0625,0,0,0,0,0.125,0,0,0.3125,0,0,0,0.05,0.05,0.0455,0
"locus3505",0.1667,0,0,0.0909,0.0714,0,0,0.0455,0,0,0,0,0.0625,0.0417,0,0,0,0,0,0.4444,0.05,0.1,0,0
"locus3506",0.0417,0.125,0.05,0,0,0.0417,0.2222,0.0455,0,0,0,0,0.125,0.0417,0,0,0.125,0.0556,0.25,0,0,0.05,0.0455,0
"locus3507",0,0.125,0,0,0,0.1667,0,0,0,0.35,0,0.4444,0,0,0,0,0,0,0,0,0,0,0,0
"locus3508",0,0.1875,0,0,0,0,0,0,0,0.25,0,0.1111,0,0,0,0,0,0,0,0.0556,0.05,0,0,0
"locus3509",0.0833,0,0.1,0,0,0,0.0556,0.0455,0,0.2,0,0.1111,0.0625,0,0,0,0.0625,0,0,0,0,0.05,0,0.0417
"locus3510",0.0833,0.1875,0,0.0909,0,0,0,0.1818,0,0,0,0,0,0.125,0,0,0,0.0556,0,0.1111,0.05,0.15,0,0.0417
"locus3511",0,0,0,0.0455,0.2857,0,0.2222,0,0,0,0,0,0,0.0417,0,0,0,0,0,0,0,0,0,0.3333
"locus3512",0.4167,0.0625,0.45,0.3182,0,0,0.2222,0.4545,0.25,0.1,0.4375,0,0.4375,0.375,0.3333,0,0.375,0.5,0,0.3333,0.1,0.3,0.4091,0.25
"locus3513",0,0.125,0,0.1818,0,0,0,0,0.125,0.5,0,0.3889,0,0,0.1111,0.1667,0,0,0,0,0,0,0,0
"locus3514",0.4583,0.3125,0.35,0.3182,0.2143,0.25,0.1667,0.2273,0.375,0.45,0.1875,0.5,0.5,0.1667,0.5,0.3333,0.125,0.3333,0.0833,0.1111,0.2,0.1,0.3636,0.25
"locus3515",0,0.0625,0,0.0455,0.3571,0.0833,0.0556,0,0,0.45,0.125,0.3889,0,0.0417,0,0,0,0.0556,0,0,0,0,0,0.125
"locus3516",0.0417,0,0,0.0455,0,0,0,0.0455,0,0,0,0,0,0,0,0,0.0625,0,0,0.2778,0,0.05,0,0
"locus3517",0.125,0.1875,0.3,0.0455,0.1429,0.2917,0.2778,0.1364,0.1875,0.25,0.125,0.0556,0.1875,0.125,0.1111,0.3333,0.125,0,0.0833,0,0.1,0.05,0.0455,0.1667
"locus3518",0,0,0,0,0.2143,0.0417,0,0,0.1875,0.05,0,0.1111,0,0,0,0,0,0,0,0,0.15,0,0.0455,0
"locus3519",0.4583,0,0,0.1364,0,0,0.1667,0.1364,0.1875,0.05,0.0625,0.0556,0.1875,0,0.1111,0.1667,0.125,0.2778,0,0.3889,0.4,0.15,0.5,0.0417
"locus3520",0.0833,0.25,0.05,0.2727,0.3571,0.2083,0.1667,0.0909,0.125,0.35,0.0625,0.1667,0,0.0417,0,0,0.0625,0.0556,0,0.2222,0.1,0.05,0.0455,0.2917
"locus3521",0.0417,0.3125,0.1,0.4545,0.2143,0.0833,0.2222,0.0455,0.0625,0,0.0625,0.1667,0.125,0.1667,0,0,0.125,0.1111,0.3333,0.1111,0.45,0.05,0.1818,0.2917
"locus3522",0.0417,0.4375,0.15,0.0909,0.2143,0.4167,0.3889,0.1364,0,0.3,0.25,0.3889,0.0625,0.1667,0,0.3333,0.125,0.1111,0.3333,0.0556,0.05,0.35,0.0909,0.2083
"locus3523",0.0833,0,0.05,0,0,0.0417,0,0.0909,0,0,0,0,0,0.0417,0,0,0.0625,0.1111,0,0.0556,0,0,0,0.125
"locus3524",0.0833,0.125,0.25,0.0455,0.1429,0.2083,0.2778,0.0909,0.0625,0.05,0,0.1667,0.0625,0.0833,0.3333,0,0.0625,0.1667,0.0833,0.3333,0.1,0.25,0.1818,0.375
"locus3525",0.0417,0,0.15,0,0,0,0,0.0909,0,0.05,0,0,0.0625,0.2917,0,0,0.125,0,0.0833,0,0,0.15,0,0
"locus3526",0.3333,0.3125,0.35,0.5,0.2143,0.25,0.5,0.3182,0.375,0.1,0.375,0.3333,0.1875,0.4167,0.5,0.5,0.3125,0.3889,0.3333,0.2222,0.45,0.25,0.5,0.25
"locus3527",0.0417,0.1875,0.15,0.5,0.4286,0.0833,0.3333,0,0.0625,0.1,0.0625,0.2778,0,0.0833,0.4444,0,0.1875,0.0556,0,0,0.5,0,0.4545,0.3333
"locus3528",0,0,0,0.3182,0,0.0833,0.0556,0,0,0.35,0,0.3889,0,0,0.0556,0,0,0,0,0,0,0,0,0
"locus3529",0.4167,0.125,0.3,0.4545,0,0.0417,0.2222,0.2727,0.4375,0.05,0.4375,0,0.5,0.375,0.3889,0.3333,0.5,0.4444,0.4167,0.2222,0.5,0.4,0.4091,0.0417
"locus3530",0.1667,0,0.2,0,0,0,0,0,0,0,0,0,0.0625,0.0417,0.0556,0.3333,0,0,0,0.0556,0,0,0,0.0417
"locus3531",0.125,0.0625,0.1,0.0909,0,0.125,0.0556,0.0455,0,0,0,0.0556,0,0.0417,0.1667,0,0,0.0556,0,0.1667,0.05,0.05,0.0455,0
"locus3532",0,0.125,0.15,0,0,0,0,0.0455,0.0625,0,0,0,0,0.0833,0,0,0,0,0,0,0,0.2,0,0.0417
"locus3533",0,0.0625,0,0.1364,0,0,0,0,0,0,0,0,0.125,0,0,0,0.0625,0,0,0.0556,0,0.1,0,0
"locus3534",0,0.0625,0.1,0,0.1429,0.0833,0.0556,0.1364,0.1875,0.05,0,0,0.0625,0.125,0,0.1667,0.0625,0.4444,0,0,0,0.05,0.1818,0.0417
"locus3535",0.0417,0.1875,0.05,0.0455,0,0,0.0556,0,0.0625,0,0.0625,0,0.0625,0.125,0.0556,0,0.0625,0.1111,0.1667,0,0.05,0.1,0.0455,0
"locus3536",0.1667,0.0625,0.05,0.1818,0.1429,0.0833,0.3333,0.1364,0,0.05,0.125,0.1111,0.0625,0.0417,0.0556,0.1667,0.0625,0.1111,0.0833,0.2222,0.25,0.05,0.0909,0.0833
"locus3537",0,0.0625,0.1,0.0909,0.1429,0.0417,0.1667,0.1818,0,0,0.0625,0.1111,0.25,0.1667,0,0.1667,0.1875,0.1111,0,0,0.05,0.1,0,0.0833
"locus3538",0.125,0,0.05,0.2727,0,0,0.0556,0,0,0,0,0,0,0,0,0,0.125,0,0,0.2222,0.1,0.15,0.1364,0
"locus3539",0,0,0,0,0,0.0417,0.0556,0,0.0625,0.05,0,0,0.125,0.0417,0,0.1667,0,0,0,0,0,0.05,0.1818,0.125
"locus3540",0.0833,0.125,0.05,0.1364,0.1429,0.2083,0.0556,0.0909,0.0625,0.05,0.0625,0,0.0625,0.0833,0,0,0,0.0556,0.3333,0,0.05,0,0,0.125
"locus3541",0.0833,0.3125,0.45,0.2727,0.2857,0.2083,0.3333,0.1364,0.25,0.1,0.5,0,0.3125,0.3333,0,0.3333,0.1875,0.2778,0.4167,0.1111,0.2,0.2,0.2727,0.4167
"locus3542",0.4583,0.25,0.25,0.4091,0,0.0833,0.0556,0.4545,0.5,0.1,0.5,0,0.4375,0.4583,0.2778,0.1667,0.4375,0.4444,0.3333,0.3889,0.2,0.4,0.5,0.0833
"locus3543",0,0,0.05,0,0,0.1667,0,0,0,0,0,0,0,0,0.1111,0,0.0625,0,0.1667,0,0,0,0,0.125
"locus3544",0.25,0,0.15,0.0909,0,0,0.0556,0.1818,0.0625,0,0,0,0,0.0417,0.0556,0,0.0625,0.3889,0.1667,0.5,0.05,0.05,0.1818,0
"locus3545",0.0833,0.0625,0.05,0.0909,0,0,0.1111,0.0455,0.125,0.05,0.3125,0,0,0.0417,0,0,0.0625,0.0556,0.1667,0,0.05,0.15,0.0909,0.125
"locus3546",0.2083,0.4375,0.4,0.5,0.2143,0.3333,0.1111,0.3636,0.25,0.2,0.1875,0.3889,0.5,0.375,0.3889,0.3333,0.4375,0.3333,0,0.4444,0.35,0.5,0.3636,0.0417
"locus3547",0.0417,0,0.2,0,0,0,0,0.2273,0,0.1,0,0.0556,0.1875,0.1667,0,0,0.3125,0.1111,0,0,0,0.05,0,0.0417
"locus3548",0.0417,0,0.15,0,0,0,0.0556,0,0,0,0.0625,0,0.1875,0,0,0,0.0625,0.2778,0,0,0,0.05,0.0909,0
"locus3549",0.0417,0.0625,0.2,0,0.1429,0.2917,0.1111,0.0455,0,0.05,0,0.0556,0.25,0.375,0,0,0.375,0.0556,0,0,0.1,0.15,0,0.25
"locus3550",0.2083,0.3125,0.4,0.4091,0.3571,0.2917,0.2778,0.2727,0.375,0.4,0.4375,0.3889,0.1875,0.4167,0.1667,0.5,0.4375,0.4444,0.4167,0.1667,0.2,0.4,0.2273,0.375
"locus3551",0.0417,0,0,0,0.0714,0,0.1667,0,0.0625,0,0.0625,0,0.0625,0.0417,0.1667,0,0,0,0.0833,0,0.05,0,0.1818,0
"locus3552",0.0417,0.3125,0.35,0.1364,0,0.1667,0,0.3636,0.0625,0.05,0.1875,0,0.125,0.2083,0.1111,0,0.375,0.1111,0,0,0,0.25,0.3182,0
"locus3553",0,0.125,0.05,0.0455,0,0,0,0,0,0,0,0,0,0.0417,0.0556,0,0,0.3889,0,0,0,0,0,0
"locus3554",0.0833,0,0.2,0.0455,0,0,0.0556,0.0455,0,0,0,0,0.0625,0.0417,0.1667,0,0.0625,0.0556,0,0.0556,0.1,0.1,0.2727,0.0417
"locus3555",0,0.0625,0.1,0,0,0,0,0.0909,0,0.1,0,0.0556,0.0625,0.0833,0,0.1667,0,0.1111,0,0,0.05,0.05,0,0.125
"locus3556",0.0417,0.0625,0,0.0909,0.2143,0,0,0.0909,0,0.05,0.125,0.1111,0,0,0.2778,0,0,0,0.1667,0,0,0,0.0455,0.0417
"locus3557",0.0417,0.25,0.1,0,0.0714,0,0.1667,0.1364,0,0,0,0,0.125,0,0,0,0.0625,0,0,0,0.05,0.05,0.2273,0.0417
"locus3558",0.25,0,0.05,0,0,0,0.1667,0.5,0,0,0.125,0,0,0,0.0556,0.3333,0.125,0.1667,0,0.3889,0.05,0.05,0.4091,0.0417
"locus3559",0.25,0.0625,0,0.1818,0.1429,0.125,0.1111,0.1364,0.125,0.2,0.1875,0.1111,0,0.1667,0,0.5,0.1875,0,0.25,0.3333,0.1,0.05,0.2727,0.1667
"locus3560",0.1667,0.1875,0.4,0.0909,0,0.125,0.2778,0.4091,0.0625,0.25,0.0625,0.0556,0.375,0.4583,0.3333,0.3333,0.375,0.2222,0.1667,0.0556,0.1,0.35,0.3636,0.2083
"locus3561",0,0,0.05,0.0455,0.0714,0.0417,0,0,0,0,0,0,0,0,0,0,0,0.1111,0,0.1111,0.05,0,0.0909,0
"locus3562",0.3333,0.0625,0.4,0.3636,0.2857,0.0833,0.1111,0.3636,0.375,0.05,0.0625,0,0.375,0.25,0.5,0.1667,0.3125,0.3333,0,0.3333,0.35,0.1,0.3636,0.0833
"locus3563",0.2083,0.25,0.05,0.0455,0.3571,0.4583,0.1111,0.0455,0,0.45,0,0.3889,0,0,0.2222,0,0.0625,0.2222,0,0.1111,0.05,0.15,0.1818,0
"locus3564",0.125,0,0.05,0,0,0.0833,0.0556,0,0,0.05,0,0,0,0,0,0.1667,0,0,0,0,0.05,0,0.1364,0.0417
"locus3565",0,0,0,0,0,0.0417,0,0,0,0.05,0.125,0.1111,0,0.0833,0,0,0,0,0.25,0.0556,0,0,0,0.0833
"locus3566",0.0417,0.0625,0.05,0,0,0,0,0.0455,0.125,0.05,0,0,0,0,0.0556,0.1667,0.125,0.1667,0,0.1111,0,0,0.0455,0
"locus3567",0.0417,0.5,0.1,0.0909,0.1429,0.25,0.3889,0.3636,0.0625,0.25,0.25,0.1667,0.25,0.4167,0,0,0.1875,0.0556,0.4167,0.0556,0.05,0.3,0,0.4167
"locus3568",0.125,0,0,0,0,0,0.0556,0,0,0,0,0,0,0,0,0,0,0.1111,0,0.2222,0.1,0,0,0
"locus3569",0.2917,0,0,0.0909,0,0,0.0556,0,0.125,0,0.1875,0,0.25,0,0,0.1667,0,0,0,0.3889,0,0.05,0.3182,0
"locus3570",0,0.0625,0,0,0,0.125,0,0,0.0625,0,0,0,0.0625,0.125,0.0556,0,0.125,0,0,0,0,0,0,0
"locus3571",0,0.0625,0.05,0.0455,0,0.125,0.0556,0.0909,0.0625,0.1,0,0,0,0,0.0556,0.1667,0.0625,0.1667,0,0,0.05,0.2,0.0455,0.0417
"locus3572",0.0417,0,0.3,0.1818,0,0,0.0556,0.0455,0,0,0.125,0,0.3125,0.125,0.1111,0,0.1875,0.1111,0.0833,0.1667,0.25,0.1,0.0455,0.0417
"locus3573",0.0833,0,0,0.0455,0,0.0833,0,0.0909,0,0,0.125,0.0556,0.0625,0.0833,0.0556,0,0,0,0.1667,0.0556,0,0.05,0,0.0833
"locus3574",0,0,0.15,0,0,0.0833,0,0.2273,0,0.05,0.0625,0,0,0.0417,0,0,0.25,0.1111,0.0833,0,0.05,0,0,0.0417
"locus3575",0,0.125,0.05,0.0909,0.0714,0.2083,0.2222,0,0.0625,0.1,0.125,0.0556,0.0625,0.125,0,0,0.1875,0,0.25,0.0556,0,0.1,0,0.2917
"locus3576",0,0,0,0,0.2857,0.0833,0.0556,0,0.0625,0,0,0,0,0,0,0,0.0625,0,0,0,0,0,0,0.0417
"locus3577",0.3333,0,0,0,0,0.0417,0,0,0,0.05,0.1875,0,0,0.125,0.0556,0,0.125,0,0,0.5,0.1,0,0.4545,0
"locus3578",0.4583,0.4375,0.2,0.3636,0.3571,0.4583,0.2778,0.4545,0.25,0.3,0.25,0.4444,0.375,0.3333,0.3333,0.3333,0.3125,0.3333,0.5,0.2222,0.45,0.5,0.4545,0.4167
"locus3579",0.2083,0,0,0.1364,0,0.0833,0,0,0.0625,0,0,0,0,0,0.0556,0,0,0,0.25,0.0556,0.15,0.1,0,0.0417
"locus3580",0,0,0,0.0455,0,0.0417,0.1667,0,0.125,0.05,0.0625,0,0,0.0417,0.1111,0,0,0.0556,0,0.0556,0.1,0.1,0,0.0417
"locus3581",0.0833,0.25,0.15,0,0,0.25,0,0.0909,0.1875,0.3,0.0625,0.2778,0.25,0.1667,0,0,0.125,0.1111,0.3333,0.1667,0.05,0.15,0.0909,0
"locus3582",0.0417,0.375,0.4,0.0455,0.2857,0.4167,0.3333,0.4091,0.1875,0.45,0.375,0.3333,0.1875,0.2917,0,0.1667,0.1875,0.2222,0.3333,0.0556,0.15,0.3,0.2273,0.375
"locus3583",0.4583,0,0.05,0.3182,0,0,0.0556,0.1364,0,0.05,0.125,0,0.0625,0.0417,0.4444,0,0.1875,0,0,0.2778,0.45,0,0.2727,0.0417
"locus3584",0.2917,0,0.05,0.4545,0,0.0417,0.0556,0,0.0625,0.1,0,0.2222,0.125,0.125,0.3333,0.5,0.125,0.1111,0.1667,0.3333,0.4,0.15,0.0909,0
"locus3585",0.0417,0.0625,0.05,0,0,0,0,0.0909,0,0.05,0,0,0,0.125,0.0556,0.1667,0,0.0556,0,0.4444,0.05,0,0,0
"locus3586",0.125,0,0,0.0909,0,0,0.0556,0,0,0,0,0,0.0625,0,0,0.1667,0,0,0,0,0.2,0.15,0,0
"locus3587",0.0833,0,0,0,0.0714,0,0,0,0,0,0,0,0.1875,0,0,0,0.125,0.1667,0,0.0556,0.1,0.25,0,0
"locus3588",0.0417,0.0625,0.15,0.0455,0.0714,0,0,0,0,0,0,0,0.0625,0,0.0556,0,0,0.0556,0,0.0556,0,0,0.1364,0
"locus3589",0.0417,0,0.15,0,0.1429,0,0.3889,0,0,0.05,0.125,0,0.0625,0.125,0.1111,0,0.1875,0.1111,0.4167,0.0556,0.15,0.05,0.0455,0.125
"locus3590",0.0833,0.0625,0,0,0,0,0.1111,0.0455,0.125,0,0.0625,0,0.125,0.0833,0.0556,0.1667,0.0625,0.2222,0,0.2222,0.25,0.05,0.3636,0.0417
"locus3591",0,0,0.15,0,0,0,0,0,0,0,0,0,0.0625,0.0833,0.0556,0,0.0625,0.2222,0,0,0.05,0.05,0.0909,0.0417
"locus3592",0.0417,0,0,0,0.1429,0.0833,0.0556,0.0455,0,0.05,0.0625,0.0556,0.0625,0,0.1667,0.3333,0.0625,0.1111,0,0,0,0,0.0909,0.0417
"locus3593",0.2917,0.0625,0,0.3636,0,0,0,0,0.0625,0,0,0,0,0,0,0.1667,0,0,0,0.3889,0.25,0,0,0.0417
"locus3594",0.5,0.0625,0.35,0.0455,0,0.0417,0,0.2273,0.4375,0.1,0,0.1667,0.1875,0.0417,0.3889,0.1667,0.0625,0.0556,0,0.2222,0.2,0.15,0.0455,0
"locus3595",0.1667,0.25,0.25,0.1818,0,0.0417,0.2222,0.2273,0.125,0.2,0.125,0.0556,0.25,0.2917,0.3333,0,0.4375,0.1111,0,0.2778,0.1,0.1,0.2273,0.125
"locus3596",0,0.25,0,0,0,0.1667,0,0,0,0,0,0.0556,0,0,0,0,0.0625,0,0,0,0,0,0,0
"locus3597",0.0417,0,0.1,0,0,0.0417,0,0.0455,0,0,0,0,0,0.125,0,0.1667,0.0625,0,0,0,0,0.15,0,0
"locus3598",0,0,0,0,0.0714,0.0417,0.0556,0.0455,0,0.05,0,0.1111,0.0625,0.0417,0,0,0,0,0,0,0.05,0,0,0.125
"locus3599",0.0833,0.0625,0.1,0,0.1429,0,0,0.2273,0,0,0,0,0.25,0.0833,0,0,0,0.2778,0,0,0,0,0,0.0417
"locus3600",0,0.5,0,0.1364,0.4286,0.4167,0,0,0.25,0.4,0,0.3889,0,0.0833,0,0,0.125,0.0556,0,0,0.1,0,0.1364,0.0417
"locus3601",0,0.125,0.05,0.1364,0.1429,0.25,0.0556,0,0.125,0.15,0,0.3889,0,0.0833,0,0,0.0625,0.1111,0,0,0,0.2,0,0.125
"locus3602",0.25,0.0625,0.1,0.2273,0,0,0.4444,0,0.0625,0.05,0.4375,0,0.1875,0.0417,0.3889,0.1667,0,0.2222,0.0833,0.1667,0.4,0.05,0.3182,0.375
"locus3603",0.4583,0.125,0.5,0.3636,0,0.0417,0.2222,0.3636,0.25,0.15,0.375,0.1667,0.4375,0.3333,0.3333,0.3333,0.4375,0.3333,0.0833,0.4444,0.15,0.4,0.5,0.1667
"locus3604",0.125,0.3125,0.35,0.4091,0.4286,0.4167,0.3889,0.4091,0.375,0.25,0.375,0.2778,0.25,0.4167,0.1667,0.3333,0.5,0.3333,0.4167,0.2778,0.15,0.4,0.3636,0.4167
"locus3605",0.0417,0,0.1,0.0455,0,0.0417,0.0556,0,0.3125,0,0,0,0.125,0.0833,0.2778,0,0,0.1111,0,0,0.05,0.15,0.0909,0
"locus3606",0,0,0,0,0,0,0,0.0909,0,0.15,0,0,0,0.125,0,0,0,0.1111,0,0,0,0,0.0909,0.0833
"locus3607",0.2917,0,0.05,0.2273,0.0714,0,0,0.1364,0.125,0.05,0.1875,0.0556,0.3125,0.1667,0.3889,0.1667,0,0.0556,0,0.4444,0.35,0.05,0.1364,0
"locus3608",0.125,0,0,0,0,0,0.0556,0,0,0,0.3125,0,0,0,0.2778,0,0.0625,0.2222,0,0.5,0.15,0.05,0.1818,0
"locus3609",0.0833,0.125,0,0,0.2143,0.4583,0.0556,0.0455,0.0625,0.05,0.0625,0.3889,0,0.0833,0,0,0,0,0.0833,0,0,0,0.0455,0.25
"locus3610",0.0833,0.0625,0.05,0,0.1429,0,0.0556,0.0909,0.125,0.05,0,0.0556,0,0,0.1667,0,0.125,0.1667,0,0.1111,0,0,0.3182,0
"locus3611",0,0.125,0,0.1364,0,0,0,0,0,0,0,0,0.0625,0,0,0,0.0625,0.0556,0,0.0556,0.05,0.35,0,0
"locus3612",0.0417,0,0,0,0,0,0,0.0455,0.0625,0.05,0.0625,0,0,0.0833,0.0556,0.1667,0,0.0556,0,0,0.05,0.05,0.0909,0
"locus3613",0.4167,0.1875,0.25,0.3182,0.0714,0.3333,0.2222,0.3636,0.5,0.25,0.25,0.2778,0.5,0.4167,0.4444,0.1667,0.375,0.4444,0.3333,0.3333,0.5,0.4,0.4091,0.125
"locus3614",0.375,0.25,0.15,0.3636,0.2143,0.3333,0.5,0.3636,0.25,0.2,0.5,0.2778,0.4375,0.4583,0.3333,0.1667,0.4375,0.4444,0.5,0.1667,0.25,0.4,0.1818,0.4583
"locus3615",0.0417,0,0.1,0,0.0714,0,0,0.0455,0,0.05,0,0.2778,0.0625,0.0417,0,0,0,0,0,0.0556,0.1,0.1,0,0
"locus3616",0.0417,0,0.05,0.0455,0,0.1667,0,0.0909,0,0.2,0,0.1111,0,0,0.1111,0,0,0,0,0.0556,0,0.05,0,0.0417
"locus3617",0,0,0.05,0.1364,0,0.0833,0.1667,0.0455,0.0625,0,0,0.0556,0,0,0,0,0,0.0556,0,0.0556,0.05,0.15,0.0909,0.0417
"locus3618",0.0417,0.125,0.05,0.0455,0.3571,0.125,0.2222,0.0455,0,0,0.1875,0.2222,0,0,0.0556,0,0.25,0,0.0833,0,0,0.05,0.3182,0.1667
"locus3619",0,0,0.05,0,0,0,0,0.1364,0.0625,0,0,0,0,0.0417,0,0,0.0625,0.3333,0,0.0556,0,0.1,0,0
"locus3620",0.0417,0.25,0.05,0.1818,0.5,0.4583,0.1111,0.1364,0.375,0.3,0.125,0.3889,0.125,0.0833,0,0,0.125,0.0556,0.25,0,0.1,0.05,0.2727,0.375
"locus3621",0.4583,0.3125,0.25,0.1818,0.2143,0.0417,0.3889,0.4091,0.25,0.2,0.375,0.2222,0.4375,0.25,0.3889,0.5,0.25,0.2222,0.25,0.2222,0.3,0.15,0.2273,0.0833
"locus3622",0.125,0.1875,0.05,0,0.2857,0.25,0.1111,0.1818,0.1875,0.25,0.0625,0.4444,0.0625,0.1667,0.1667,0,0.0625,0,0,0.0556,0.1,0.1,0.0909,0.1667
"locus3623",0.0417,0.125,0,0,0.0714,0.1667,0.1667,0.1364,0.125,0.2,0.125,0.3889,0,0.125,0,0,0,0.0556,0.0833,0,0.05,0.1,0,0.0417
"locus3624",0.0417,0,0.15,0.2727,0,0.0417,0,0.0909,0.0625,0.05,0,0,0.0625,0.0833,0.1667,0,0,0,0,0.1667,0.2,0.05,0,0.0417
"locus3625",0,0.125,0,0,0,0.125,0,0,0.25,0.05,0,0,0,0,0.0556,0,0,0.0556,0,0,0,0,0,0.0417
"locus3626",0.2917,0.375,0.45,0.2727,0,0.1667,0.1667,0.4545,0.3125,0.35,0.375,0.0556,0.4375,0.4583,0.5,0.1667,0.5,0.4444,0.25,0.3333,0.3,0.4,0.3182,0.3333
"locus3627",0,0,0.1,0,0.5,0.4583,0.3889,0.1364,0.0625,0.45,0.25,0.4444,0.4375,0.1667,0,0.1667,0.375,0,0.3333,0.0556,0.05,0.05,0.0455,0.4583
"locus3628",0.125,0,0.15,0.3182,0,0.125,0.1667,0.2727,0.25,0,0,0,0,0.0833,0.1111,0.3333,0.125,0.3889,0.0833,0.0556,0.1,0.05,0,0.0417
"locus3629",0,0.0625,0,0.1364,0,0.0833,0.0556,0.0455,0,0,0,0,0.0625,0,0,0,0.0625,0.0556,0,0,0.05,0.05,0.0455,0.0417
"locus3630",0,0.25,0,0,0,0.2917,0,0.0455,0.125,0.45,0,0.3889,0,0.0417,0,0,0.0625,0.0556,0,0,0.05,0,0,0
"locus3631",0.0417,0.125,0,0.2727,0.0714,0.3333,0.2222,0.1364,0.375,0.2,0.0625,0.1111,0.0625,0.0833,0.2222,0,0.1875,0.0556,0,0,0.1,0.1,0,0.2083
"locus3632",0.0833,0,0.05,0.1818,0,0.0417,0,0.0455,0,0.05,0,0,0.0625,0.0833,0,0,0,0,0,0,0,0.1,0.0455,0
"locus3633",0.125,0,0,0.3182,0,0.0417,0,0.0455,0.0625,0,0.125,0,0.1875,0.0417,0,0,0,0,0,0.2222,0.15,0.05,0,0.0417
"locus3634",0.0417,0.1875,0.25,0,0.2143,0.375,0.0556,0.0909,0.0625,0,0.0625,0,0.125,0.2917,0,0,0.0625,0,0.1667,0.0556,0.05,0.35,0.0909,0.0833
"locus3635",0.0417,0.1875,0,0.0455,0.2143,0.2083,0.4444,0.1364,0.0625,0.3,0.0625,0.2222,0.1875,0.3333,0.1111,0.3333,0,0.0556,0.25,0.0556,0,0.35,0.0455,0.3333
"locus3636",0.25,0.375,0.3,0.1364,0.3571,0.4583,0.4444,0.3636,0.1875,0.45,0.25,0.3333,0.1875,0.0417,0.1111,0,0.1875,0.1111,0.25,0.1667,0.05,0.15,0.1818,0.3333
"locus3637",0,0,0.1,0,0,0,0,0.2727,0,0,0,0,0.1875,0.0417,0,0.1667,0,0.1111,0,0,0,0.05,0,0
"locus3638",0.125,0.0625,0.1,0,0,0,0.1667,0.1364,0,0.15,0.0625,0.1111,0.125,0.1667,0,0,0.125,0.2222,0.0833,0,0.1,0.2,0.0909,0.125
"locus3639",0,0.0625,0,0,0,0.125,0,0,0,0.05,0,0,0,0,0.2222,0,0.0625,0,0,0.1111,0,0,0,0
"locus3640",0,0.4375,0.15,0,0.2143,0.5,0.3333,0.0455,0,0.5,0.0625,0.3333,0.0625,0.25,0,0,0.375,0.0556,0.25,0,0.05,0.05,0.0909,0.25
"locus3641",0.1667,0.0625,0.1,0,0.0714,0,0,0.0455,0,0,0,0,0.125,0,0.1667,0,0,0.0556,0,0.0556,0,0,0,0
"locus3642",0.0417,0.0625,0.05,0.0909,0.0714,0.125,0,0,0,0.05,0.0625,0.1111,0.0625,0.2083,0,0,0,0,0.3333,0,0.05,0.25,0,0.0417
"locus3643",0.0833,0,0.4,0.0455,0.2143,0.4167,0.3333,0.2273,0.1875,0.45,0,0.2778,0.375,0.2917,0.1667,0,0.4375,0.3333,0.25,0.3889,0.2,0.25,0.3636,0.25
"locus3644",0,0,0.05,0,0,0,0,0,0,0,0,0,0.25,0.0417,0.0556,0,0.1875,0.1667,0,0,0,0.15,0.0455,0
"locus3645",0.375,0.25,0.35,0.4091,0.1429,0.1667,0.3333,0.3636,0.3125,0.1,0.125,0.2222,0.4375,0.2917,0.2222,0,0.375,0.2222,0,0.3333,0.35,0.35,0.0909,0.0833
"locus3646",0,0.1875,0,0,0,0,0.0556,0,0,0.05,0.0625,0,0.1875,0.0833,0,0,0.0625,0.0556,0.1667,0,0,0,0.0455,0
"locus3647",0,0.125,0.2,0,0,0.0417,0,0,0,0,0,0,0.1875,0.0833,0,0,0.1875,0.2222,0.0833,0,0,0.25,0,0.0417
"locus3648",0,0,0,0,0,0,0,0,0,0,0,0,0,0,0,0.3333,0,0,0,0.4444,0,0,0,0
"locus3649",0.0833,0,0,0,0,0.1667,0,0.0909,0,0,0,0,0,0.0833,0,0.3333,0,0,0.0833,0.2222,0,0,0.0909,0
"locus3650",0.5,0.4375,0.4,0.4545,0.0714,0.375,0.3333,0.3182,0.3125,0.4,0.3125,0.3889,0.1875,0.5,0.4444,0.3333,0.5,0.5,0.0833,0.4444,0.5,0.05,0.4091,0.125
"locus3651",0,0.0625,0,0,0,0.125,0.0556,0.0455,0.0625,0,0,0.1111,0,0,0.0556,0,0,0,0,0.0556,0,0,0,0
"locus3652",0,0,0.05,0.0455,0,0.0833,0.1667,0.0455,0,0,0.0625,0,0.375,0.0833,0,0,0.0625,0,0.3333,0.0556,0,0,0,0.0833
"locus3653",0,0.375,0,0,0.2143,0.375,0,0,0.0625,0.4,0.0625,0.3333,0.125,0.0833,0,0,0,0,0.0833,0,0.1,0.15,0,0.0417
"locus3654",0.5,0.4375,0.45,0.4545,0.2143,0.375,0.3333,0.5,0.5,0.4,0.4375,0.2778,0.5,0.4167,0.4444,0.5,0.5,0.4444,0.5,0.3889,0.45,0.4,0.5,0.4167
"locus3655",0.0417,0,0.35,0.0909,0.0714,0.0417,0,0.3636,0.0625,0.1,0,0.1667,0,0.375,0,0.1667,0.1875,0.1667,0.0833,0.0556,0,0.4,0.2727,0.375
"locus3656",0,0,0.05,0.0909,0,0,0.0556,0,0,0,0,0,0,0.125,0,0,0,0,0.1667,0,0,0.05,0.0455,0
"locus3657",0.0833,0,0.1,0.1818,0,0,0.1111,0.1364,0,0.1,0,0,0.0625,0.25,0,0,0.125,0.2222,0,0.0556,0,0.35,0.0909,0
"locus3658",0.0833,0.375,0.2,0,0.2857,0.4167,0.0556,0.0909,0.3125,0.4,0.125,0.3889,0.25,0.125,0.1667,0,0.0625,0.3333,0,0.0556,0.05,0.25,0.2273,0.2083
"locus3659",0.0417,0,0,0.2273,0,0,0,0,0,0,0,0,0,0,0,0.1667,0,0,0,0.1111,0.05,0,0,0
"locus3660",0,0,0.1,0,0,0,0.0556,0,0,0.25,0.125,0.0556,0.125,0.0833,0,0,0.1875,0,0.0833,0.3889,0,0.05,0,0
"locus3661",0.2917,0.0625,0.3,0.4091,0.2857,0.3333,0.3333,0.1818,0.125,0,0.5,0.1111,0.4375,0.1667,0.3889,0.3333,0.3125,0.3889,0.5,0.5,0.3,0.4,0.3182,0.25
"locus3662",0.0833,0.3125,0.2,0.1364,0.4286,0.4583,0,0.1818,0.0625,0.45,0,0.3889,0.375,0.25,0,0,0.1875,0.1667,0,0.1111,0.1,0.05,0.3636,0.0833
"locus3663",0.0833,0,0,0.0909,0,0,0,0,0.0625,0,0,0.2778,0.0625,0,0.1111,0,0.125,0.2222,0,0.1667,0,0.1,0.1818,0
"locus3664",0.0833,0,0,0,0,0,0.1111,0,0,0,0,0,0,0,0.0556,0,0.0625,0.1667,0.0833,0.1111,0.05,0.1,0.0455,0.0417
"locus3665",0,0,0,0.0455,0.0714,0.0833,0,0.0455,0,0,0,0.1667,0,0,0,0,0,0,0.1667,0,0,0.05,0.0455,0
"locus3666",0.0417,0,0.1,0.1364,0,0,0,0.1364,0.125,0,0,0,0.0625,0.125,0.0556,0,0.0625,0.0556,0,0.0556,0,0.25,0,0.0833
"locus3667",0.25,0.0625,0.1,0.4545,0.0714,0.25,0.1667,0,0.4375,0.1,0,0,0,0.0833,0.4444,0.3333,0.1875,0.4444,0.1667,0.1667,0,0.25,0.1364,0.125
"locus3668",0.0417,0.0625,0.1,0.1364,0,0.0833,0.1111,0.1818,0.0625,0.05,0.0625,0.0556,0.1875,0.0833,0.0556,0.1667,0.125,0.1111,0.4167,0,0.1,0.2,0.1818,0.0417
"locus3669",0,0.0625,0.1,0,0,0,0,0.0909,0,0,0,0,0,0.2083,0,0,0.0625,0.1111,0,0,0,0,0,0
"locus3670",0.125,0,0,0.0455,0.0714,0,0.2778,0.0455,0,0,0.0625,0,0.0625,0.0417,0.3333,0.1667,0,0,0.25,0.0556,0.05,0,0,0
"locus3671",0,0.0625,0,0,0.2143,0,0.0556,0,0,0.1,0.0625,0,0,0,0,0,0.0625,0,0.3333,0,0,0,0,0.25
"locus3672",0.0833,0,0,0.1364,0,0,0.0556,0,0,0,0.125,0,0.0625,0,0.2778,0,0,0.0556,0,0.1111,0.05,0,0.0909,0.0417
"locus3673",0.0417,0.0625,0.15,0,0,0,0.1111,0.1364,0,0.1,0.125,0,0,0.125,0.1667,0.1667,0.125,0,0.0833,0.4444,0.05,0,0.0455,0
"locus3674",0.2083,0.3125,0.4,0.1364,0.3571,0.3333,0.4444,0.2727,0.4375,0.3,0.3125,0.5,0.25,0.375,0.0556,0.1667,0.3125,0.3333,0.4167,0.1111,0.25,0.25,0.2273,0.4583
"locus3675",0.125,0.0625,0.05,0.2727,0,0.0417,0,0.0909,0,0.1,0,0,0.375,0.0417,0,0.1667,0.25,0,0,0.0556,0.05,0.05,0,0
"locus3676",0,0.0625,0,0,0,0,0.0556,0.0909,0.1875,0.05,0,0,0.0625,0,0.0556,0,0,0.1667,0,0,0,0,0.0455,0
"locus3677",0,0,0.05,0.0909,0,0,0,0,0,0,0,0,0,0,0,0,0,0,0.0833,0.3333,0.15,0,0.0455,0
"locus3678",0,0,0,0.1818,0,0.1667,0,0.0455,0.1875,0,0,0,0.0625,0,0,0,0.0625,0,0,0,0,0,0.0455,0
"locus3679",0.4167,0.1875,0.1,0.1364,0,0.0417,0.1111,0.4545,0.25,0.15,0,0.1111,0.25,0.0833,0.4444,0.3333,0.125,0.4444,0,0.3333,0.4,0.3,0.2273,0.1667
"locus3680",0.125,0.5,0.15,0.3182,0.1429,0.375,0.3889,0.0909,0.3125,0.25,0.1875,0.2222,0.125,0.2917,0,0,0.375,0.2222,0.5,0.3333,0.3,0.1,0.2727,0.5
"locus3681",0.3333,0.125,0,0.4091,0.2143,0.1667,0.5,0.1818,0.3125,0,0.4375,0,0.125,0.2083,0.3333,0.3333,0.125,0.5,0.5,0.2778,0.25,0.15,0.3636,0.2083
"locus3682",0.0833,0.25,0.05,0,0.2143,0.1667,0.1111,0.1364,0,0.3,0.0625,0.3333,0.125,0,0,0,0.125,0.1111,0.25,0.0556,0.3,0.1,0.0455,0.1667
"locus3683",0.375,0.5,0.3,0.4091,0.5,0.3333,0.3889,0.4545,0.4375,0.15,0.375,0.4444,0.375,0.4167,0.2778,0.3333,0.375,0.3889,0.25,0.5,0.4,0.4,0.4545,0.2917
"locus3684",0.125,0.125,0.05,0,0,0.0833,0.0556,0.0455,0.0625,0.15,0,0.0556,0,0.0833,0,0,0,0,0,0,0.05,0.05,0,0
"locus3685",0.125,0.1875,0,0.0909,0,0,0,0.0455,0,0,0.125,0,0,0.0833,0,0.5,0.0625,0.0556,0.0833,0,0.05,0.05,0.0455,0
"locus3686",0.25,0,0,0.3636,0.1429,0.0417,0,0.0909,0.25,0.05,0.0625,0,0,0.0417,0.0556,0.1667,0,0.2778,0,0.3889,0.25,0.05,0.0909,0.0417
"locus3687",0.0833,0.1875,0.1,0,0.3571,0.2917,0.5,0.1364,0.375,0.4,0,0.4444,0.25,0.1667,0,0.3333,0.1875,0,0.3333,0.0556,0.15,0.2,0,0.3333
"locus3688",0.2917,0.375,0.5,0,0.1429,0.125,0.2778,0.2727,0.1875,0.15,0.25,0,0.4375,0.375,0.1111,0.5,0.4375,0.3333,0.3333,0.1667,0.15,0.35,0.2727,0.3333
"locus3689",0,0,0,0,0.0714,0.3333,0.0556,0,0,0.1,0,0.1667,0,0.0417,0,0,0,0,0,0,0,0,0.0455,0.0417
"locus3690",0,0,0.2,0,0,0,0,0,0,0.05,0,0,0,0.0417,0,0,0.1875,0,0.25,0,0,0.1,0,0.0417
"locus3691",0.4583,0.125,0.2,0.3636,0.2857,0.2083,0.1111,0.0909,0.125,0.1,0.1875,0.0556,0.25,0.3333,0.3333,0.5,0.25,0.1667,0.0833,0.5,0.35,0.3,0.4091,0.125
"locus3692",0,0.375,0.05,0,0,0.0417,0,0.0455,0.0625,0.05,0,0,0,0.0833,0,0,0.0625,0,0.1667,0.0556,0,0,0.0455,0.0417
"locus3693",0.375,0.25,0.4,0.3182,0.4286,0.375,0.4444,0.4545,0.125,0.05,0.25,0,0.375,0.375,0.3889,0.3333,0.3125,0.4444,0.4167,0.3889,0.35,0.15,0.4091,0.3333
"locus3694",0.0417,0.25,0.35,0.2273,0,0.2917,0.3333,0.1818,0,0.05,0.125,0.1111,0.3125,0.125,0,0,0.25,0.1111,0.1667,0,0.1,0.3,0.0455,0.2083
"locus3695",0,0.3125,0.2,0.2273,0.1429,0.2083,0.3889,0.2273,0,0.1,0.125,0.2222,0.0625,0.2083,0,0.1667,0.25,0.1111,0.0833,0,0,0.15,0.0909,0.1667
"locus3696",0,0,0.05,0,0,0.0833,0,0.0909,0,0.05,0.25,0,0.125,0.0833,0,0,0.125,0,0,0,0,0.05,0.0909,0.125
"locus3697",0.4167,0.0625,0.3,0.4545,0.1429,0.2083,0.1111,0.2727,0.25,0.25,0.375,0,0.3125,0.25,0.5,0.1667,0.125,0.2778,0,0.4444,0.5,0.2,0.3182,0
"locus3698",0,0.0625,0,0,0,0.0833,0.1111,0.0455,0.0625,0.35,0,0.3333,0.1875,0.2083,0,0.1667,0.125,0,0.1667,0,0.05,0.2,0,0.0833
"locus3699",0,0.0625,0.2,0,0,0.25,0.0556,0.0909,0,0.25,0,0.4444,0.0625,0.125,0.0556,0,0.0625,0.1111,0,0,0.05,0.1,0.0909,0
"locus3700",0,0.0625,0,0,0.0714,0.0417,0,0,0,0.3,0,0.1667,0,0.125,0,0,0,0,0,0,0,0,0.0909,0.0417
"locus3701",0,0.125,0.1,0,0,0,0,0,0,0,0,0,0.0625,0.0833,0.1111,0,0.125,0,0,0,0,0,0,0
"locus3702",0.0833,0.1875,0.15,0.0455,0.0714,0.0417,0.2222,0.0455,0.1875,0.1,0.0625,0.2778,0.125,0.1667,0.0556,0.3333,0.1875,0,0.0833,0.0556,0,0,0,0.0417
"locus3703",0,0.1875,0,0,0.3571,0.2917,0.0556,0,0.0625,0.3,0,0.0556,0,0,0,0,0,0,0,0,0,0,0.0909,0.0833
"locus3704",0,0,0,0.0455,0,0,0,0.0909,0,0,0,0,0.125,0.0417,0.1111,0,0.0625,0.1111,0,0,0,0,0.1364,0
"locus3705",0,0.1875,0.1,0.1364,0,0.0833,0.0556,0.1364,0,0.05,0,0,0.1875,0.1667,0,0,0.125,0.2222,0.0833,0.2778,0.05,0.15,0.0909,0.0417
"locus3706",0,0,0.05,0,0,0,0.0556,0.0455,0,0,0,0,0,0.0417,0.1667,0,0,0,0,0,0,0,0.0455,0.125
"locus3707",0.0833,0.0625,0.1,0,0,0,0,0.0909,0,0,0,0,0.0625,0.0833,0.2778,0,0.0625,0,0,0,0,0,0,0
"locus3708",0,0.125,0.05,0,0,0.2083,0.0556,0.0455,0,0.35,0,0.3889,0,0,0.0556,0,0,0.0556,0,0,0.05,0.1,0,0.0417
"locus3709",0,0,0.05,0.1364,0,0.0833,0,0,0.0625,0,0,0,0,0.0417,0,0,0.0625,0,0.0833,0.0556,0.1,0.1,0.0909,0
"locus3710",0,0,0,0,0,0,0.1667,0,0,0,0.125,0,0,0,0,0,0,0,0.3333,0,0,0,0.0455,0.125
"locus3711",0.0833,0,0.05,0.0909,0.0714,0.125,0.0556,0.0455,0,0,0,0,0.0625,0.25,0,0.1667,0,0,0,0.2778,0.2,0.15,0.0909,0.0417
"locus3712",0.0417,0,0,0,0,0,0,0.0455,0,0,0,0,0.0625,0,0,0,0.125,0.2778,0,0.0556,0,0.1,0.0909,0
"locus3713",0.0833,0,0.05,0,0,0.0417,0.1111,0.0909,0,0,0,0,0,0,0.0556,0.1667,0,0.0556,0,0,0.05,0,0.0455,0.0417
"locus3714",0.0833,0.0625,0.05,0,0.0714,0.25,0.1111,0.2727,0.1875,0.1,0.125,0.0556,0.25,0.125,0.1111,0.1667,0.0625,0.1667,0.0833,0.1111,0,0,0.2273,0
"locus3715",0,0.125,0,0,0,0.0833,0,0.1364,0,0.05,0,0,0,0,0,0.1667,0.0625,0,0,0,0.05,0,0,0
"locus3716",0,0.125,0,0,0.0714,0.2083,0,0,0.25,0.25,0,0.2222,0,0.0833,0,0,0,0,0.0833,0,0,0,0.1818,0
"locus3717",0.2083,0.375,0.4,0.3182,0.3571,0.2917,0.1667,0.4091,0.0625,0.25,0.1875,0.4444,0.4375,0.4583,0.3889,0.3333,0.3125,0.2222,0.3333,0.2222,0.45,0.45,0.1818,0.0833
"locus3718",0.4167,0.4375,0.25,0.3182,0.1429,0.4167,0.4444,0.3636,0.25,0.35,0.4375,0.3889,0.4375,0.4167,0.4444,0.1667,0.4375,0.4444,0.4167,0.3333,0.45,0.45,0.5,0.375
"locus3719",0,0,0.1,0.1818,0.0714,0,0,0.1364,0,0.2,0.0625,0.4444,0,0.0833,0,0,0,0,0,0,0.05,0.1,0,0.125
"locus3720",0.0417,0.0625,0.2,0,0.1429,0,0.0556,0,0.0625,0.05,0.0625,0,0,0.0833,0,0,0.125,0.1667,0.0833,0.4444,0,0,0.1364,0.125
"locus3721",0.375,0.125,0.4,0.4091,0,0.0417,0.5,0.4091,0.4375,0.15,0.4375,0,0.375,0.3333,0.4444,0.3333,0.5,0.3333,0.5,0.4444,0.35,0.2,0.4545,0.4583
"locus3722",0.0417,0,0,0.3182,0,0.0833,0.2222,0.0909,0,0,0.3125,0,0,0.0833,0,0.1667,0,0.2222,0.3333,0.5,0.25,0.2,0.0455,0.0833
"locus3723",0.3333,0,0.1,0.4545,0,0.0417,0,0,0.1875,0,0.125,0,0.1875,0.0417,0.3333,0,0.0625,0,0.0833,0.1667,0.3,0.05,0.1818,0.0417
"locus3724",0.0417,0.1875,0.05,0,0,0.0417,0.1111,0.0455,0,0,0.0625,0,0,0.0417,0.0556,0,0.125,0.0556,0.25,0,0,0.05,0,0.0417
"locus3725",0.2917,0.4375,0.4,0.4091,0.2857,0.2083,0.3333,0.3636,0.1875,0.4,0.4375,0.2778,0.25,0.4167,0.2778,0,0.3125,0.2778,0.25,0.3333,0.3,0.45,0.5,0.4583
"locus3726",0.0417,0.0625,0,0.1364,0.2143,0,0.0556,0.0455,0,0.2,0,0,0.125,0,0.0556,0,0.125,0.0556,0.1667,0,0,0.1,0.0455,0.0417
"locus3727",0.4167,0.5,0.15,0.4545,0.3571,0.4583,0.1667,0.4091,0.3125,0.45,0.25,0.3889,0.375,0.4167,0.4444,0.3333,0.125,0.5,0.25,0.3333,0.5,0.4,0.3636,0.2083
"locus3728",0.375,0.25,0.45,0.2727,0,0.25,0.2222,0.3636,0.25,0.15,0.25,0,0.5,0.4167,0.4444,0.3333,0.1875,0.3333,0.5,0.2778,0.2,0.25,0.2727,0.25
"locus3729",0.3333,0.125,0.15,0.0455,0,0,0.0556,0.2273,0.1875,0.05,0.1875,0.0556,0.1875,0.125,0.4444,0,0.0625,0.2222,0.0833,0.1667,0.1,0.05,0.2273,0
"locus3730",0.1667,0.5,0.35,0.2727,0.3571,0.375,0.3889,0.4545,0.4375,0.35,0.5,0.2222,0.375,0.375,0.2222,0.3333,0.5,0.3333,0.25,0.5,0.45,0.45,0.3636,0.2083
"locus3731",0,0.0625,0,0,0.1429,0,0.4444,0,0,0.05,0.125,0,0,0,0,0,0,0,0,0.0556,0.05,0,0,0.5
"locus3732",0.1667,0,0.15,0,0,0.0833,0,0.1364,0.3125,0,0.0625,0,0.0625,0.0417,0,0,0,0.3333,0,0,0.05,0.05,0.0455,0
"locus3733",0.3333,0.3125,0.45,0.1364,0,0.4167,0.0556,0.5,0.375,0.45,0.125,0.4444,0.5,0.375,0.1667,0.5,0.375,0.5,0.3333,0.5,0.3,0.35,0.2273,0.0417
"locus3734",0,0,0.1,0,0.2143,0.1667,0.0556,0.0455,0,0.05,0.1875,0.0556,0.0625,0.0417,0,0,0,0,0,0,0,0,0,0.125
"locus3735",0.0417,0.125,0,0,0.0714,0.125,0,0,0.0625,0.25,0,0,0,0.1667,0,0,0.125,0,0.1667,0,0,0.1,0,0.0833
"locus3736",0.0833,0.375,0.2,0.3636,0.1429,0.4583,0.2778,0.1818,0.4375,0.45,0.5,0.3333,0.4375,0.375,0.4444,0.3333,0.5,0.4444,0.1667,0.0556,0.1,0.45,0.3636,0.4167
"locus3737",0.2083,0.0625,0.1,0.0455,0.1429,0.0417,0.2222,0.0455,0.0625,0.15,0.1875,0.0556,0.125,0.2083,0.1667,0.1667,0.125,0.0556,0.1667,0.0556,0.1,0.15,0.0909,0.3333
"locus3738",0,0.3125,0,0,0.4286,0.4167,0,0,0.125,0.45,0,0.4444,0,0.0417,0,0,0,0,0,0,0,0,0.1818,0.0833
"locus3739",0.4583,0.4375,0.4,0.4091,0.5,0.3333,0.3333,0.5,0.5,0.2,0.375,0.3889,0.3125,0.5,0.5,0.5,0.4375,0.4444,0.5,0.3889,0.3,0.4,0.4091,0.375
"locus3740",0.0417,0.3125,0.05,0.2727,0.1429,0.1667,0.0556,0.0455,0.4375,0.05,0,0,0,0.0417,0,0.1667,0.125,0.2222,0.0833,0,0,0.2,0.0909,0.2083
"locus3741",0.0417,0,0,0,0,0,0,0,0,0,0,0,0,0,0.1111,0,0.0625,0,0,0.4444,0.05,0,0.0455,0
"locus3742",0,0,0.1,0.0455,0,0,0,0,0.0625,0,0,0,0.125,0,0.0556,0,0.125,0,0,0,0.05,0,0,0.0417
"locus3743",0,0.0625,0,0,0,0.4167,0.2778,0,0,0.15,0.0625,0.2222,0.0625,0.0417,0,0,0.0625,0,0.0833,0.0556,0,0.1,0,0.0417
"locus3744",0.2917,0.3125,0.15,0.3636,0.3571,0.4583,0.1667,0.1818,0.375,0.25,0,0.1667,0.3125,0.1667,0.2222,0.3333,0.1875,0.2778,0.1667,0,0.35,0.25,0.1364,0.25
"locus3745",0.25,0.5,0.2,0.1364,0.2143,0.2917,0.1667,0.2727,0.375,0.25,0.25,0.3889,0.25,0.25,0.4444,0.1667,0.125,0.4444,0.0833,0.1111,0.2,0.25,0.4545,0.375
"locus3746",0,0,0,0,0,0,0.1111,0,0,0,0.0625,0,0,0.0417,0,0,0.0625,0.0556,0,0,0,0.15,0,0.0833
"locus3747",0,0.0625,0.1,0,0,0,0,0.1364,0,0,0,0,0,0.0833,0,0,0.125,0,0,0.2222,0.15,0.1,0,0
"locus3748",0.2083,0,0.1,0.0455,0.2857,0.2083,0.3333,0,0.0625,0.15,0.125,0.2222,0.125,0.0417,0.3333,0,0.0625,0.0556,0.3333,0,0,0,0.1364,0.375
"locus3749",0.5,0,0,0.2273,0.0714,0.0833,0.0556,0.2727,0,0.1,0.25,0,0.0625,0.0833,0.4444,0.1667,0.1875,0.2222,0.0833,0.4444,0.4,0,0.2727,0.0417
"locus3750",0.0417,0.0625,0.05,0.0455,0,0.0833,0,0.0455,0.0625,0,0.0625,0.1111,0.0625,0.0833,0.1667,0,0.125,0.1111,0,0.1111,0.05,0.2,0.2273,0
"locus3751",0,0.375,0.4,0.4545,0.3571,0.5,0.3889,0.4091,0.0625,0.4,0.125,0.5,0.3125,0.2083,0,0.5,0.375,0.3889,0.4167,0.3333,0.1,0.25,0.2727,0.4583
"locus3752",0,0,0.05,0.0455,0,0.125,0,0.0455,0,0.1,0,0,0.0625,0.0417,0.0556,0,0.0625,0.0556,0,0,0,0,0,0
"locus3753",0,0,0.05,0,0,0,0.0556,0.0455,0.0625,0,0.125,0,0,0.0833,0,0.1667,0.0625,0,0.3333,0,0,0.05,0,0.0417
"locus3754",0.0417,0,0.05,0,0,0.0417,0.1667,0.0455,0,0,0.0625,0.0556,0,0.125,0,0,0,0.0556,0.1667,0,0.05,0,0,0.0417
"locus3755",0.0833,0,0,0,0,0,0.0556,0.1364,0,0.05,0,0,0.0625,0.0833,0,0,0.125,0.1667,0,0.1111,0.05,0,0.0455,0
"locus3756",0,0.1875,0,0.2273,0.0714,0.0833,0.0556,0.1364,0.0625,0,0,0,0,0.125,0.2222,0.1667,0.0625,0.1111,0.0833,0,0.15,0,0.0455,0
"locus3757",0.0417,0.3125,0.05,0,0.0714,0,0.0556,0,0.0625,0,0.0625,0,0,0.0833,0,0,0.3125,0.0556,0,0.2778,0.05,0.15,0,0
"locus3758",0,0,0.05,0,0.0714,0.25,0.0556,0.0909,0.0625,0,0,0,0.0625,0.0417,0,0,0,0,0.1667,0,0,0.15,0.0455,0
"locus3759",0,0,0,0,0,0,0.4444,0,0,0.05,0,0,0,0.0417,0,0,0.0625,0.0556,0,0.0556,0,0.05,0,0.125
"locus3760",0.0417,0.25,0,0,0.2143,0.125,0,0,0,0.25,0,0.3889,0,0.0417,0,0,0,0,0,0.0556,0,0,0,0.0417
"locus3761",0,0.125,0,0,0.0714,0.0417,0,0,0,0.1,0.0625,0.2778,0,0,0.0556,0,0,0,0,0.1667,0.05,0,0.0909,0.125
"locus3762",0,0,0,0,0.1429,0,0.0556,0,0.125,0.15,0,0.0556,0,0,0,0,0,0,0,0,0,0.05,0.0909,0.0417
"locus3763",0.125,0,0.05,0,0,0,0.0556,0,0.0625,0,0,0,0,0.0417,0.2778,0,0,0,0,0,0.2,0,0.1364,0.0417
"locus3764",0.25,0,0.05,0.1818,0,0,0,0,0,0.05,0.1875,0,0.125,0,0.1667,0,0,0,0,0.3889,0,0,0.2273,0
"locus3765",0.4167,0.4375,0.35,0.4545,0.3571,0.2917,0.4444,0.5,0.25,0.1,0.4375,0.3889,0.5,0.5,0.2778,0.5,0.4375,0.5,0.5,0.1111,0.4,0.45,0.4545,0.375
"locus3766",0.0417,0.0625,0,0.0455,0,0,0,0.0909,0.125,0,0.0625,0,0,0,0.0556,0,0.125,0,0,0,0.05,0,0,0.0417
"locus3767",0.0417,0.1875,0.05,0.0455,0.2143,0.0833,0,0.0455,0.25,0,0.0625,0,0.125,0,0.1111,0,0,0,0,0,0,0,0,0
"locus3768",0.0417,0.0625,0,0.0909,0,0.0417,0.0556,0,0,0,0.0625,0,0.0625,0.0417,0,0,0.125,0,0,0.4444,0.2,0,0,0
"locus3769",0,0,0.15,0.1364,0,0.0417,0,0.0909,0,0.05,0.0625,0,0,0,0.0556,0,0,0.1111,0.0833,0.2778,0.1,0.2,0.2273,0
"locus3770",0.0417,0,0,0,0.0714,0.125,0,0,0,0.5,0,0.2778,0.0625,0,0,0,0,0,0,0,0,0,0.0909,0
"locus3771",0.2083,0,0.05,0.1364,0.1429,0.0833,0.0556,0,0.1875,0.1,0.25,0.0556,0.125,0.0833,0,0.3333,0.125,0.0556,0.25,0.3333,0.15,0.2,0.2727,0.2083
"locus3772",0.375,0.25,0.5,0.2727,0.5,0.5,0.1111,0.4091,0.4375,0.45,0.1875,0.3333,0.4375,0.4167,0.3889,0.1667,0.4375,0.3333,0.25,0.0556,0.2,0.35,0.4091,0.3333
"locus3773",0.0833,0.0625,0.1,0,0,0,0,0,0,0,0.25,0,0,0,0.1111,0,0,0,0,0,0.1,0.05,0,0
"locus3774",0.125,0.25,0.1,0,0,0.375,0.1111,0,0,0.3,0,0.2222,0.125,0.0833,0,0.3333,0.125,0,0,0.1111,0,0.1,0.0455,0
"locus3775",0.0417,0,0.1,0.0455,0,0,0,0.3636,0,0,0.125,0,0,0.125,0,0,0.0625,0,0,0,0,0.05,0,0
"locus3776",0,0,0,0,0,0,0.2778,0,0,0.05,0,0,0,0.0417,0,0,0.125,0,0.3333,0.1111,0,0,0.0455,0.25
"locus3777",0.0417,0.3125,0.1,0,0.3571,0.25,0.0556,0,0.1875,0.3,0,0.4444,0.125,0.0833,0,0,0.0625,0,0.0833,0.0556,0,0.05,0.0455,0.0417
"locus3778",0,0.1875,0.15,0,0.1429,0.2083,0.1111,0.2273,0.0625,0.05,0.0625,0.1667,0.25,0.2917,0,0,0.25,0.1111,0,0.0556,0.05,0,0.2273,0.1667
"locus3779",0.0417,0,0.3,0,0,0,0.1111,0.2727,0,0.05,0.0625,0,0.375,0.2083,0,0,0.3125,0.3333,0.1667,0,0.2,0.1,0.1818,0
"locus3780",0.2083,0,0.2,0,0.0714,0,0,0.3182,0,0.05,0,0,0.3125,0.3333,0.0556,0.1667,0.375,0.1667,0.1667,0.0556,0.1,0,0.0455,0
"locus3781",0.0833,0,0,0,0,0,0.0556,0,0,0,0,0.0556,0,0.125,0,0,0.125,0,0,0,0.1,0.1,0,0
"locus3782",0.0417,0.0625,0,0.1364,0.0714,0,0.1111,0,0.0625,0,0,0,0,0,0,0.1667,0.0625,0,0.0833,0,0.05,0,0,0
"locus3783",0.125,0.3125,0.4,0.1818,0.0714,0.125,0.0556,0.4545,0.0625,0.05,0.3125,0,0.4375,0.4167,0.0556,0.3333,0.3125,0.1111,0.3333,0.0556,0.2,0.35,0.0909,0
"locus3784",0.25,0.1875,0.45,0.4545,0.4286,0.375,0.4444,0.4545,0.375,0.1,0.375,0.0556,0.5,0.4583,0.2222,0.3333,0.375,0.4444,0.25,0.3333,0.5,0.4,0.4545,0.375
"locus3785",0,0.0625,0,0,0,0,0,0.0455,0,0,0.1875,0,0.0625,0,0.1111,0,0,0.0556,0.25,0.0556,0,0,0,0
"locus3786",0.0417,0.25,0.25,0.1364,0.1429,0.25,0.2222,0.1364,0.0625,0.25,0.1875,0.3889,0.25,0.1667,0,0,0.1875,0.1111,0.3333,0.2222,0.15,0.15,0.1818,0.25
"locus3787",0.0833,0,0.15,0,0,0,0,0.1364,0,0,0.0625,0,0,0.0833,0.1111,0.1667,0.125,0.1111,0,0.1111,0.1,0.05,0,0
"locus3788",0.0417,0,0.2,0.0455,0,0.0417,0.0556,0.0455,0.0625,0.05,0,0,0.0625,0.0417,0.0556,0.1667,0,0,0.1667,0,0.05,0,0,0.0833
"locus3789",0,0,0.25,0,0,0,0,0,0,0.05,0,0,0.0625,0.2083,0,0,0.0625,0,0,0,0,0,0.0455,0
"locus3790",0.0417,0,0,0,0.2857,0,0,0,0,0,0,0,0,0,0.3889,0,0,0,0.0833,0,0,0,0.2273,0.1667
"locus3791",0,0,0.3,0,0,0.0417,0,0.0909,0,0,0,0,0.1875,0.0833,0,0,0.0625,0,0,0,0,0.1,0,0
"locus3792",0.5,0.125,0.25,0.2727,0.5,0.375,0.3333,0.4545,0.4375,0.15,0.4375,0.1111,0.4375,0.4167,0.5,0.3333,0.3125,0.1667,0.3333,0.4444,0.5,0.45,0.1818,0.2917
"locus3793",0.2083,0.375,0.3,0.0455,0,0.125,0,0.4091,0,0.15,0.125,0.0556,0.1875,0.2917,0,0,0.25,0.2778,0,0.1111,0.25,0.2,0.0909,0.0833
"locus3794",0,0.1875,0,0.0455,0,0.1667,0,0,0,0.05,0.125,0.1667,0,0.0833,0,0,0,0,0,0.1111,0,0,0,0.0417
"locus3795",0.0833,0,0.05,0.3182,0.0714,0,0,0.1818,0,0,0,0,0,0,0.0556,0.1667,0,0,0,0,0,0,0.1818,0
"locus3796",0.0417,0,0.05,0.1818,0.0714,0.0833,0.2222,0.1818,0,0,0,0.0556,0.0625,0.0417,0,0.3333,0.0625,0.0556,0,0.1667,0.05,0,0.0455,0.125
"locus3797",0,0.5,0.2,0.1364,0.3571,0.375,0.3889,0.3182,0.1875,0.15,0.1875,0.3333,0.5,0.2917,0.0556,0.3333,0.375,0,0.4167,0,0.15,0.4,0.3182,0.4583
"locus3798",0.0833,0,0,0.0455,0.2143,0.125,0.0556,0,0,0.2,0,0.0556,0.0625,0.0417,0,0,0,0,0,0.2222,0.25,0,0.0909,0
"locus3799",0.125,0.0625,0.05,0.1364,0,0.0417,0,0,0,0,0,0,0.1875,0,0.1111,0,0,0.0556,0,0,0.4,0,0,0
"locus3800",0.0417,0,0,0,0,0.0417,0,0,0,0.05,0,0.1111,0.0625,0,0,0,0,0,0,0,0.1,0.1,0,0
"locus3801",0.2917,0.125,0.35,0.1818,0.0714,0.2083,0.1667,0.4091,0.1875,0.35,0.125,0.1111,0.4375,0.4167,0.1667,0.3333,0.3125,0.3889,0.0833,0.1111,0.2,0.3,0.0909,0.2083
"locus3802",0.0417,0.0625,0,0.0909,0,0,0.0556,0.0455,0,0.05,0,0,0,0.0417,0,0,0.0625,0,0,0,0.1,0,0.0455,0
"locus3803",0.0417,0,0.1,0,0,0,0.0556,0,0,0.05,0,0,0,0.0833,0,0,0.125,0,0.0833,0,0,0.05,0,0
"locus3804",0.2917,0.1875,0.45,0.2273,0.4286,0.4167,0.3333,0.2727,0.1875,0.5,0.1875,0.3889,0.4375,0.4583,0.3889,0.5,0.4375,0.0556,0.4167,0.1667,0.5,0.2,0.4091,0.5
"locus3805",0.375,0,0.35,0.4545,0,0.125,0.0556,0.3636,0,0.1,0.4375,0,0.1875,0.375,0.2222,0.1667,0.3125,0.2778,0.3333,0.3333,0.15,0.05,0.3636,0.0417
"locus3806",0.25,0.5,0.5,0.0909,0.0714,0.1667,0.3889,0.4091,0,0.15,0.0625,0.1111,0.375,0.4583,0.2778,0.3333,0.3125,0.5,0.1667,0.1111,0.25,0.2,0.1818,0.375
"locus3807",0.25,0.1875,0.15,0.3636,0.4286,0.5,0.2222,0.2727,0.5,0.5,0.5,0.4444,0.125,0.2917,0.1667,0.5,0.125,0.2222,0.5,0.1111,0.15,0.15,0.1364,0.4583
"locus3808",0,0.375,0,0,0.3571,0.1667,0.1667,0,0.25,0.4,0,0.4444,0,0,0,0,0.0625,0,0,0,0.05,0,0.2273,0.2083
"locus3809",0.4167,0.3125,0.4,0.3636,0,0.25,0.3889,0.2273,0.125,0.2,0.375,0,0.25,0.25,0.2222,0.3333,0.3125,0.2222,0.3333,0.2222,0.25,0.45,0.2727,0.25
"locus3810",0.375,0.4375,0.25,0.3182,0.3571,0.375,0.4444,0.2727,0.25,0.3,0.1875,0.3889,0.1875,0.1667,0.2222,0,0.3125,0.2778,0.25,0.2222,0.2,0.3,0.2273,0.375
"locus3811",0.0833,0.0625,0,0.0455,0,0,0,0,0,0,0.0625,0.0556,0.125,0.0417,0.1667,0,0.1875,0.2778,0,0.4444,0.2,0,0.0455,0
"locus3812",0.0833,0,0.05,0,0,0.0417,0,0,0,0,0.0625,0.0556,0,0,0.0556,0,0.0625,0.1111,0,0,0,0,0.0909,0
"locus3813",0.2083,0.375,0.5,0.4545,0.3571,0.3333,0.2778,0.4545,0.4375,0.3,0.4375,0.0556,0.4375,0.25,0.4444,0.5,0.4375,0.3889,0.25,0.2778,0.2,0.45,0.4545,0.4167
"locus3814",0.0417,0,0.15,0,0.0714,0,0.0556,0,0.125,0,0,0,0.125,0.0417,0,0,0,0,0,0,0,0.1,0.0455,0
"locus3815",0.4583,0.375,0.3,0.5,0,0.375,0.2778,0.2273,0.5,0.15,0.25,0.2222,0.1875,0.3333,0.3333,0.3333,0.4375,0.2778,0.3333,0.3889,0.25,0.35,0.2727,0.375
"locus3816",0.25,0,0.05,0,0,0.0417,0,0,0,0,0.0625,0,0,0,0.0556,0,0,0,0.0833,0.0556,0,0,0.0455,0
"locus3817",0.0833,0,0.05,0.1818,0.2143,0.0833,0.0556,0,0,0,0,0,0,0.0833,0,0,0.0625,0.2222,0,0,0,0,0,0.125
"locus3818",0.0833,0,0.1,0.0455,0,0.0417,0,0,0,0,0,0,0.0625,0,0.0556,0,0.0625,0,0,0.0556,0,0.15,0,0.0417
"locus3819",0.0833,0.1875,0.35,0.2273,0,0.2917,0.0556,0.2273,0,0,0.0625,0,0.1875,0.3333,0.1667,0.3333,0.3125,0,0.0833,0.0556,0.1,0.15,0.0909,0.125
"locus3820",0.2083,0,0,0,0,0,0.2222,0,0,0,0.0625,0,0,0.1667,0,0,0,0,0.5,0.1111,0.05,0,0.0455,0.1667
"locus3821",0.0417,0.0625,0.3,0.0455,0,0,0,0.0455,0,0,0.0625,0,0.0625,0.0833,0,0.1667,0,0.2778,0.25,0.0556,0.25,0,0,0
"locus3822",0.375,0.5,0.35,0.4545,0.4286,0.5,0.3889,0.3182,0.3125,0.35,0.3125,0.5,0.4375,0.4583,0.5,0.1667,0.5,0.4444,0.0833,0.3333,0.5,0.45,0.4091,0.375
"locus3823",0.0417,0,0,0,0,0.0417,0,0.0909,0.3125,0.05,0.0625,0,0.1875,0.0833,0.3333,0,0.125,0.2222,0,0.0556,0.1,0,0.1818,0.0417
"locus3824",0.4583,0.125,0.15,0.3636,0.2857,0.125,0.3333,0.1818,0,0.1,0.1875,0,0.1875,0.0417,0.4444,0.1667,0.125,0.1111,0.1667,0.3333,0.35,0,0.2727,0.2083
"locus3825",0,0.125,0,0,0.0714,0,0.0556,0,0,0,0.0625,0,0.0625,0.0833,0,0,0,0.0556,0.1667,0.0556,0,0.05,0.0455,0
"locus3826",0.1667,0.25,0.2,0.0455,0,0.2083,0,0.1364,0,0.2,0.0625,0.0556,0.0625,0.125,0.0556,0.1667,0,0.1111,0.1667,0,0.05,0.2,0.0455,0
"locus3827",0,0.0625,0,0,0.0714,0,0,0,0,0.05,0,0.1111,0,0,0,0,0,0.0556,0.0833,0,0,0,0,0.1667
"locus3828",0.0417,0.4375,0.15,0.1364,0.3571,0.2917,0.3333,0.1364,0.125,0.4,0.375,0.3889,0.125,0.125,0.1111,0.3333,0.375,0.1667,0.25,0.0556,0,0.3,0.4545,0.2083
"locus3829",0,0.125,0.25,0.1364,0.0714,0.125,0.2778,0.2727,0.25,0.15,0,0.2222,0.25,0.1667,0.1667,0.3333,0.1875,0.2778,0.25,0.2222,0.05,0.25,0.1818,0.0833
"locus3830",0.3333,0.375,0.1,0.4091,0.2857,0.25,0.0556,0,0.1875,0.3,0.375,0.3889,0.125,0.0417,0.1111,0.3333,0,0.3333,0,0.4444,0.45,0.05,0.3636,0.0417
"locus3831",0.2083,0,0.05,0,0,0,0,0,0.0625,0.05,0,0,0,0,0.1667,0,0,0,0,0.3333,0,0,0.1364,0
"locus3832",0,0,0.2,0,0,0,0,0.0909,0,0,0,0,0,0.1667,0,0,0,0.1111,0,0,0,0,0,0
"locus3833",0.25,0.25,0.3,0.2273,0,0.3333,0.1111,0.2273,0.4375,0.25,0,0.0556,0.375,0.3333,0.1111,0.1667,0.25,0.2222,0.1667,0,0.2,0.4,0.1818,0
"locus3834",0,0.0625,0.05,0.0455,0.1429,0,0.0556,0,0,0,0.1875,0.2778,0.125,0,0,0,0.125,0,0.0833,0,0.1,0.05,0.1364,0.3333
"locus3835",0.3333,0.25,0.3,0.2273,0.5,0.375,0.4444,0.3182,0.25,0.35,0.4375,0.4444,0.3125,0.375,0.4444,0.5,0.375,0.2778,0.4167,0.3889,0.45,0.45,0.4545,0.25
"locus3836",0.0417,0.0625,0,0.0455,0,0.1667,0,0,0,0,0,0,0,0.0417,0,0.1667,0,0.1111,0.0833,0.0556,0,0.05,0,0
"locus3837",0.375,0,0,0.3636,0,0,0.0556,0,0.1875,0.1,0.375,0.0556,0,0.125,0.2778,0.1667,0.0625,0.0556,0,0.2778,0.45,0,0.3636,0.0417
"locus3838",0.0833,0.0625,0.05,0.0909,0,0.25,0.1111,0,0.1875,0,0.0625,0.0556,0.125,0.125,0.0556,0,0,0,0.0833,0.1111,0.25,0.1,0.0455,0
"locus3839",0.0833,0,0,0,0,0,0,0.0455,0,0,0,0,0.0625,0,0.1667,0,0,0,0,0.1111,0.1,0,0,0
"locus3840",0.2083,0,0,0,0,0,0,0,0.0625,0.05,0.125,0,0,0.0417,0,0.3333,0,0.0556,0.0833,0.1667,0.1,0,0.3636,0
"locus3841",0,0,0,0,0.2143,0.1667,0.1667,0,0,0.2,0,0.1667,0,0,0,0,0,0,0,0.0556,0,0,0.0455,0.125
"locus3842",0.2083,0,0,0,0,0,0,0,0,0,0.3125,0,0.0625,0,0.1667,0.3333,0,0,0.0833,0.2222,0.2,0,0.2727,0.125
"locus3843",0.0833,0,0.05,0,0,0,0,0.0455,0.0625,0.1,0,0,0,0,0.1667,0,0,0.1111,0,0.0556,0,0,0,0
"locus3844",0.0833,0,0,0.0909,0,0.0417,0,0.0909,0.0625,0,0,0,0.0625,0,0,0.1667,0,0,0,0,0,0.1,0.0455,0.0417
"locus3845",0.0833,0.0625,0.15,0.1364,0,0,0,0.1364,0.0625,0,0.0625,0,0,0.125,0.1667,0.1667,0,0,0.1667,0.0556,0.05,0.05,0.0455,0
"locus3846",0.0417,0.0625,0.1,0,0,0,0,0.0909,0,0,0,0,0,0.0417,0.1111,0,0,0.2778,0,0,0,0,0.0455,0
"locus3847",0,0,0.05,0,0,0.0417,0.2222,0,0,0.05,0.0625,0,0,0.125,0,0,0.0625,0,0.25,0,0,0.05,0.0455,0.1667
"locus3848",0.375,0.5,0.4,0.2727,0.4286,0.5,0.3889,0.4091,0.375,0.25,0.3125,0.3333,0.4375,0.2917,0.2778,0.1667,0.25,0.3889,0.4167,0.1667,0.35,0.4,0.5,0.5
"locus3849",0.1667,0.0625,0.05,0.0455,0,0.0833,0,0.1364,0,0,0.0625,0,0.125,0.0833,0.2778,0,0.0625,0.2778,0,0,0.25,0.05,0.0455,0
"locus3850",0,0,0,0,0,0,0.2222,0,0,0.05,0,0,0,0,0,0,0,0,0.25,0.0556,0,0,0,0.0833
"locus3851",0,0,0.1,0,0,0.0417,0,0.0455,0.0625,0.05,0,0.0556,0.0625,0.2083,0,0,0,0,0,0,0,0.15,0,0
"locus3852",0.125,0.375,0.05,0.2273,0.2857,0.4167,0.2222,0.0455,0.25,0.35,0.0625,0.3889,0.3125,0.1667,0.1111,0.1667,0.125,0.1667,0,0.1111,0.15,0.2,0.1818,0.125
"locus3853",0,0.0625,0,0.0909,0,0.0417,0,0,0.1875,0,0,0.0556,0.0625,0,0,0,0,0,0,0,0.1,0,0,0
"locus3854",0.125,0.125,0.15,0.0455,0,0.125,0.1111,0.0455,0.0625,0,0.0625,0,0.1875,0.125,0,0.1667,0,0.2222,0,0.0556,0.15,0.15,0.0909,0.0833
"locus3855",0.3333,0.4375,0.25,0.4545,0.3571,0.4167,0.3333,0.4545,0.4375,0.5,0.5,0.5,0.4375,0.4167,0.3889,0.5,0.4375,0.3333,0.4167,0.1667,0.3,0.45,0.5,0.4583
"locus3856",0,0.125,0.05,0,0,0,0,0.0455,0,0.4,0,0.3889,0,0,0,0,0,0,0,0,0,0,0,0.0833
"locus3857",0,0.0625,0,0,0.2857,0.125,0,0,0,0,0.0625,0,0.0625,0.0417,0,0,0,0,0,0,0,0,0.1818,0.3333
"locus3858",0,0.0625,0.1,0,0.2857,0.0833,0,0,0,0,0,0,0.0625,0,0,0,0,0,0,0.0556,0,0.05,0.0455,0.0417
"locus3859",0,0.0625,0,0,0.1429,0.2083,0,0.0455,0,0.4,0,0.3889,0,0.125,0,0.1667,0.0625,0,0.0833,0,0,0.1,0.0909,0
"locus3860",0.125,0,0,0.2273,0,0,0,0,0,0.05,0,0,0,0,0,0,0.0625,0,0.0833,0,0.05,0,0,0
"locus3861",0.375,0.4375,0.35,0.4545,0.4286,0.2917,0.3889,0.4545,0,0.45,0.3125,0.3889,0.4375,0.4583,0.5,0.3333,0.5,0.4444,0.4167,0.1667,0.4,0.4,0.2273,0.3333
"locus3862",0.2083,0,0.1,0,0,0,0.1111,0.2727,0,0.05,0.0625,0,0.125,0.2917,0.2222,0,0.0625,0.4444,0.1667,0.1111,0,0.15,0.1364,0
"locus3863",0.4167,0,0,0.2727,0,0,0.0556,0.1364,0.0625,0.1,0.125,0,0.0625,0.125,0.3333,0,0.0625,0.1111,0,0.3889,0.25,0.05,0.1364,0.0417
"locus3864",0.125,0.1875,0,0.3636,0,0.375,0,0,0.125,0.1,0,0.1111,0.0625,0.0417,0,0.1667,0,0,0,0.0556,0.4,0.1,0.0455,0
"locus3865",0.125,0,0,0.1818,0,0.0833,0.1111,0,0,0.05,0,0,0,0.0417,0,0.1667,0,0,0,0,0.05,0,0,0.2083
"locus3866",0.2083,0,0,0,0,0,0,0,0.0625,0,0,0,0.0625,0,0,0,0,0,0.1667,0,0.15,0.05,0,0
"locus3867",0.0417,0,0,0.2273,0,0.0417,0.1111,0,0,0.15,0,0.0556,0,0,0,0,0.0625,0,0,0.2778,0,0,0.0909,0
"locus3868",0,0.0625,0,0.0455,0.0714,0.125,0,0.0455,0,0.05,0,0.1111,0.1875,0,0,0.1667,0.0625,0,0,0,0.1,0.05,0,0.0833
"locus3869",0,0,0,0.0455,0,0,0.1111,0,0.0625,0,0,0,0,0,0,0,0.0625,0,0,0,0,0.2,0,0.0417
"locus3870",0.3333,0,0,0.4545,0,0,0,0,0,0,0.0625,0,0,0.125,0.3333,0.1667,0,0,0,0.2778,0.4,0,0,0
"locus3871",0.125,0.0625,0.15,0.0455,0,0.0417,0,0.0455,0,0,0.0625,0.0556,0.0625,0.0833,0,0,0.0625,0.1111,0,0,0,0.05,0.1364,0
"locus3872",0.125,0.375,0.5,0.2273,0,0.125,0.1111,0.4091,0,0.25,0.1875,0.1111,0.4375,0.3333,0.0556,0.1667,0.4375,0.3889,0.1667,0.1111,0,0.45,0.1818,0.4167
"locus3873",0,0,0,0.0455,0,0.0417,0.2778,0.0455,0,0,0,0,0,0.0833,0,0,0.1875,0.0556,0,0.2222,0,0.15,0.0455,0.3333
"locus3874",0.0417,0.25,0,0.0455,0,0.0417,0.2222,0.0909,0,0,0,0.0556,0.3125,0.125,0,0,0.125,0,0.1667,0,0,0.4,0,0.0833
"locus3875",0.2083,0,0,0.0455,0,0,0.1111,0,0,0,0.25,0.0556,0,0.125,0,0,0,0,0,0.4444,0.15,0,0.3182,0.4583
"locus3876",0.1667,0.1875,0.15,0,0,0,0.1111,0.1818,0,0.15,0,0,0.375,0.1667,0,0,0.3125,0.1111,0,0,0.05,0,0,0
"locus3877",0.4167,0.4375,0.35,0.0909,0.3571,0.4583,0.1667,0.2273,0.1875,0.4,0.0625,0.3889,0.3125,0.25,0.1111,0.1667,0.4375,0.2222,0.4167,0,0.05,0.15,0.3636,0.0833
"locus3878",0.0417,0.125,0.05,0,0,0,0,0.0909,0,0,0.0625,0,0.0625,0,0.1111,0,0,0,0,0.1667,0,0,0.0455,0
"locus3879",0.1667,0.4375,0.2,0.3182,0.2857,0.1667,0.5,0.3182,0.25,0.1,0.5,0.3889,0.125,0.2917,0.3333,0.1667,0.1875,0.1667,0.4167,0.1667,0.3,0.4,0.4091,0.2083
"locus3880",0.3333,0.375,0,0.4545,0.2857,0.4167,0.3333,0,0.375,0.45,0.25,0.3889,0.25,0,0.4444,0,0.1875,0.2778,0.4167,0.1111,0.35,0.1,0.4545,0.2917
"locus3881",0,0.125,0.1,0,0,0,0,0.0455,0,0,0,0,0.375,0.0417,0.0556,0.1667,0.0625,0,0.1667,0,0,0,0,0
"locus3882",0,0.125,0.1,0.0455,0,0.0417,0.2778,0,0,0.05,0.0625,0.0556,0.125,0.2083,0.0556,0.1667,0.125,0.1667,0.0833,0,0,0.05,0.0909,0.2917
"locus3883",0.375,0,0,0,0,0,0,0,0,0.05,0.125,0,0,0.0417,0,0.1667,0,0.0556,0,0.4444,0.25,0,0.0909,0
"locus3884",0.0417,0.0625,0,0.1364,0,0,0,0,0.0625,0,0.0625,0,0,0,0,0,0.125,0.1111,0,0,0.05,0.1,0.0455,0
"locus3885",0.1667,0.3125,0,0.0455,0,0.0833,0.0556,0.0909,0.0625,0.35,0.0625,0.1111,0,0.0833,0,0,0.0625,0,0.0833,0.0556,0.1,0,0,0.0417
"locus3886",0.0417,0,0,0,0,0.0833,0.1111,0.0909,0,0.1,0,0.0556,0,0.0417,0.1667,0,0,0.0556,0,0.1111,0,0.05,0,0.125
"locus3887",0.0833,0,0,0.0455,0,0.0833,0,0.0455,0,0.1,0,0,0.1875,0,0,0,0.1875,0,0,0,0.05,0,0,0.0417
"locus3888",0.3333,0.1875,0.3,0.1818,0,0.25,0.4444,0.3182,0.25,0.3,0.375,0,0.375,0.4583,0.2778,0.1667,0.25,0.1667,0.4167,0.3889,0.2,0.25,0.4091,0.5
"locus3889",0.0417,0,0,0,0.0714,0,0,0,0.0625,0.15,0,0,0,0,0,0,0.0625,0,0,0,0.05,0,0.2273,0.0833
"locus3890",0.0417,0,0.05,0.0909,0,0,0,0.0455,0,0,0,0,0.0625,0,0,0,0,0.1111,0,0,0.1,0.15,0,0
"locus3891",0,0,0.2,0,0,0,0,0,0,0,0,0.1111,0,0.0417,0,0,0.0625,0,0,0.2222,0,0.05,0,0
"locus3892",0.375,0.125,0.4,0.4545,0,0,0.0556,0.5,0.375,0.15,0.5,0.3333,0.375,0.375,0.4444,0.1667,0.4375,0.2778,0.5,0,0.4,0.15,0.0909,0.2083
"locus3893",0.0833,0.125,0.2,0.0909,0.4286,0,0.2222,0.1364,0.25,0.1,0.3125,0.2222,0.25,0.25,0.1111,0.1667,0.25,0,0.3333,0.3333,0.15,0.15,0.3636,0.25
"locus3894",0.25,0,0.25,0.1364,0,0.0833,0.0556,0.2727,0.25,0.05,0.0625,0.0556,0.1875,0.1667,0.3333,0,0.1875,0.3333,0,0.2222,0.35,0.15,0.2727,0.0417
"locus3895",0.1667,0,0,0,0,0,0,0,0,0,0,0,0.0625,0.0417,0.5,0,0.0625,0.0556,0,0,0,0,0,0
"locus3896",0.3333,0.1875,0.4,0.0909,0.0714,0.1667,0,0.2727,0.0625,0.15,0.25,0,0.375,0.2917,0.3333,0.1667,0.25,0.2778,0.1667,0.3889,0.25,0.2,0.1364,0.0833
"locus3897",0.0417,0.4375,0.05,0.0455,0.2857,0.375,0.0556,0.1364,0,0.3,0,0.5,0.1875,0.125,0,0,0.0625,0.1111,0,0,0,0.05,0.0455,0.1667
"locus3898",0,0,0.1,0,0,0.4583,0,0.0909,0,0.25,0,0.4444,0,0,0,0,0,0,0,0,0.05,0,0.0455,0.0417
"locus3899",0,0.25,0,0,0.1429,0.0833,0.0556,0.0455,0.0625,0,0,0,0,0.0417,0.0556,0,0.0625,0.0556,0,0.1111,0,0.1,0.0455,0.0833
"locus3900",0.375,0.0625,0.05,0.1364,0.0714,0,0,0.1364,0.0625,0.05,0,0.1111,0,0,0,0.1667,0.0625,0.0556,0,0.5,0.05,0.05,0,0.0417
"locus3901",0,0.375,0,0.0909,0.3571,0.4583,0.2778,0,0,0.3,0,0.1111,0.125,0.1667,0,0.3333,0,0,0.5,0.5,0,0.05,0.1818,0.0833
"locus3902",0.0417,0.125,0.05,0.0455,0.1429,0.0833,0.1667,0.0455,0,0,0.0625,0,0,0,0,0,0,0,0.0833,0.0556,0,0.1,0.0455,0
"locus3903",0,0,0,0,0,0,0,0,0.0625,0.3,0.0625,0.1111,0,0,0,0,0,0,0,0,0,0.1,0,0
"locus3904",0.125,0.0625,0.1,0,0.0714,0.0833,0.0556,0.2727,0.125,0.15,0.125,0,0.0625,0.1667,0.0556,0,0.0625,0.1111,0.5,0,0.05,0.1,0.0455,0.2083
"locus3905",0.0833,0,0.15,0.0455,0,0,0,0.0455,0,0,0.0625,0,0.1875,0.25,0.0556,0.1667,0.0625,0,0.0833,0,0,0.1,0,0
"locus3906",0.0417,0,0.1,0.0455,0,0.125,0.0556,0.0455,0,0.1,0,0.0556,0.0625,0.3333,0,0,0.3125,0,0.0833,0.3333,0.05,0,0.0909,0.0417
"locus3907",0.4167,0.125,0.45,0.2727,0,0.0833,0.1111,0.2727,0.4375,0,0.0625,0,0.1875,0.2917,0.4444,0.1667,0.375,0.3889,0,0.3889,0.3,0.2,0.3182,0.2917
"locus3908",0,0,0.05,0,0,0,0.0556,0.0455,0,0,0,0,0,0.25,0,0,0,0,0.0833,0,0,0,0,0
"locus3909",0,0,0.05,0,0,0.2083,0,0,0,0.05,0.0625,0.0556,0,0.125,0,0,0,0,0,0,0,0.1,0,0
"locus3910",0,0,0,0,0,0,0,0.0455,0.1875,0,0,0,0,0,0.0556,0,0,0,0.0833,0.2778,0.05,0,0,0
"locus3911",0.0833,0.0625,0.05,0.2727,0,0.0417,0,0.0455,0,0.05,0,0,0.125,0.0833,0.0556,0.1667,0,0,0,0,0,0,0,0
"locus3912",0.3333,0.375,0.25,0.5,0,0.25,0.1667,0.2273,0.5,0.4,0.3125,0.2222,0.4375,0.4583,0.4444,0.1667,0.4375,0.3333,0.3333,0.1667,0.4,0.1,0.1818,0.0833
"locus3913",0.125,0.0625,0,0,0,0,0.0556,0,0,0.05,0.0625,0,0,0,0,0.3333,0.125,0,0,0.2222,0.05,0.15,0.0909,0.0833
"locus3914",0,0.0625,0.05,0.1818,0,0.0417,0,0.0909,0.3125,0,0,0,0.125,0.0833,0.1111,0.1667,0.1875,0.1111,0.0833,0,0.05,0.2,0.0909,0
"locus3915",0,0.0625,0.2,0,0,0,0.0556,0,0,0.05,0.0625,0,0,0.1667,0,0,0.25,0,0,0,0,0.05,0,0
"locus3916",0,0.125,0.1,0.0455,0.1429,0,0.3333,0,0,0.05,0.25,0.1111,0,0.0417,0.0556,0,0.0625,0.0556,0.5,0.0556,0,0.1,0.2273,0.2917
"locus3917",0,0,0,0,0.0714,0.0833,0.1111,0,0,0,0.0625,0,0,0,0,0,0,0,0.25,0.0556,0,0,0.0455,0.125
"locus3918",0.3333,0.1875,0.15,0.3636,0.0714,0.0833,0.1111,0.2273,0.375,0.2,0.25,0.2222,0.375,0.375,0.4444,0.1667,0.375,0.1111,0.1667,0.1111,0.5,0.3,0.1818,0.0417
"locus3919",0.0417,0.4375,0.35,0.3182,0.2857,0.1667,0.5,0.2273,0.4375,0.5,0.25,0.3333,0.3125,0.125,0,0.1667,0.25,0.1111,0.3333,0.0556,0.1,0.35,0.1818,0.3333
"locus3920",0.2917,0.125,0.1,0.0455,0,0,0.1111,0.0909,0.125,0,0.125,0,0,0.1667,0,0.3333,0.125,0.0556,0.0833,0.3889,0,0,0.0909,0
"locus3921",0.125,0.1875,0,0,0,0.2917,0.0556,0.0455,0.1875,0.1,0.1875,0.0556,0,0.0833,0.1111,0,0,0,0.0833,0,0.05,0.05,0.0455,0.1667
"locus3922",0.0417,0,0.15,0.0455,0,0.0417,0,0,0.0625,0,0,0.1667,0.0625,0,0,0,0.0625,0,0,0,0.05,0,0.0455,0.0833
"locus3923",0,0.0625,0.15,0,0.3571,0.2083,0.3333,0.0455,0,0,0.375,0.0556,0.0625,0.0833,0,0,0,0.1111,0.4167,0,0.1,0,0.3182,0.25
"locus3924",0,0,0.1,0.0455,0.1429,0.0833,0.1111,0.0909,0,0.05,0,0.1111,0,0,0,0.1667,0,0,0,0,0.1,0,0.0455,0
"locus3925",0.0417,0.0625,0.25,0.0909,0,0,0,0.0909,0.0625,0.05,0.0625,0,0.125,0.2083,0.0556,0,0.0625,0,0,0.0556,0.1,0.1,0.0455,0.0417
"locus3926",0,0.0625,0.05,0,0,0.0417,0,0,0.0625,0.05,0,0.2778,0.0625,0,0,0,0,0,0,0,0,0.05,0,0.0833
"locus3927",0,0,0,0,0,0,0,0,0,0,0.1875,0,0,0.0417,0,0,0,0,0.1667,0,0,0.15,0,0.0833
"locus3928",0.1667,0.25,0.15,0,0,0.0833,0,0.0455,0,0,0,0,0.1875,0.0833,0.1667,0,0.0625,0.1111,0,0,0,0.25,0.1818,0
"locus3929",0,0,0,0.2727,0.0714,0.0417,0,0,0,0,0,0,0,0,0,0,0,0,0,0,0,0.2,0,0
"locus3930",0.2083,0.1875,0,0.4091,0.3571,0.2917,0,0,0.0625,0.4,0.0625,0.3889,0.0625,0.0833,0,0.1667,0.0625,0,0.1667,0.1111,0.05,0.15,0.0455,0.125
"locus3931",0.1667,0,0,0.1364,0,0,0,0,0,0,0,0,0,0,0,0.1667,0,0.0556,0,0.0556,0.05,0,0.0909,0
"locus3932",0.0417,0.125,0,0.0909,0,0,0,0.0455,0.0625,0.05,0,0,0,0.0833,0.0556,0,0,0.0556,0,0,0,0,0.0909,0.0417
"locus3933",0.125,0,0.1,0.4545,0,0.0417,0,0,0.1875,0,0,0,0,0.0417,0,0.1667,0.125,0.0556,0,0.0556,0.25,0.2,0,0
"locus3934",0.1667,0.1875,0,0,0,0,0.0556,0.1818,0.0625,0.05,0,0.0556,0.125,0.0417,0.0556,0,0.1875,0.1111,0,0.0556,0,0,0.0455,0
"locus3935",0.1667,0.25,0.05,0.1818,0.1429,0,0.1667,0.1818,0.25,0.05,0,0.1111,0.0625,0.2083,0,0,0.25,0.0556,0.1667,0.0556,0.2,0.05,0.1818,0.0833
"locus3936",0.2083,0.4375,0.3,0.4091,0.2857,0.375,0.5,0.3182,0.125,0.5,0.4375,0.5,0.1875,0.2917,0,0.5,0.3125,0.3333,0.3333,0.4444,0.3,0.45,0.0909,0.375
"locus3937",0.0417,0,0.05,0,0.0714,0.125,0.0556,0,0,0.1,0.0625,0,0,0,0.0556,0,0.0625,0,0,0,0.1,0,0.0909,0.125
"locus3938",0.0417,0.125,0.1,0,0,0,0,0.1818,0,0.05,0,0,0.125,0.25,0,0.1667,0.125,0.0556,0,0.0556,0,0.2,0,0
"locus3939",0.4167,0.4375,0.4,0.4545,0.1429,0.2917,0.2778,0.4545,0.0625,0.15,0.375,0.3333,0.4375,0.4583,0.5,0.3333,0.375,0.5,0.3333,0.3333,0.5,0.4,0.4545,0.25
"locus3940",0,0.375,0.05,0,0,0.3333,0,0.0455,0,0,0,0,0,0.125,0,0,0.0625,0,0,0,0,0.15,0,0
"locus3941",0,0,0.1,0.0455,0.1429,0,0,0.0455,0,0.05,0,0,0,0.0417,0.2222,0,0,0,0,0,0,0.05,0,0
"locus3942",0.4167,0.375,0.25,0.4091,0.2857,0.4167,0.3333,0.1364,0.25,0.3,0.375,0.2222,0.4375,0.1667,0.2778,0.5,0.125,0.3333,0.0833,0.5,0.3,0.35,0.5,0.0417
"locus3943",0,0.0625,0,0,0,0,0,0.0909,0,0,0.0625,0.1111,0,0.0417,0.0556,0,0.1875,0.0556,0,0,0,0.05,0.0455,0
"locus3944",0.0417,0.1875,0.05,0.0909,0.2143,0.0833,0.3889,0.0909,0.4375,0.1,0.5,0.1667,0.25,0.125,0.4444,0,0.25,0.1111,0.4167,0.0556,0.1,0.1,0.4091,0.4167
"locus3945",0,0,0.25,0,0.0714,0,0,0.2727,0.0625,0,0,0,0,0.0833,0.0556,0,0.0625,0.0556,0,0,0,0.15,0,0
"locus3946",0.125,0.0625,0.05,0,0,0.0417,0,0,0.0625,0.1,0,0,0,0.0833,0.1667,0,0.0625,0.0556,0,0,0,0.05,0,0.0833
"locus3947",0.0417,0.0625,0.05,0.0909,0,0.0417,0,0.0909,0.0625,0.05,0.0625,0,0,0,0.1111,0.1667,0,0,0,0,0.15,0,0,0
"locus3948",0.25,0,0,0.0455,0.0714,0,0,0.1364,0,0,0.125,0,0,0.0417,0.3333,0,0,0.0556,0,0.1111,0.1,0,0,0.0417
"locus3949",0,0,0,0.0455,0.0714,0.2083,0.1111,0.0455,0,0.05,0,0,0,0,0,0,0,0,0,0,0,0.25,0,0.0417
"locus3950",0.2083,0.4375,0.15,0.2273,0.4286,0.4583,0.0556,0.1818,0.3125,0.2,0.0625,0.3333,0.125,0.2917,0.0556,0,0.25,0.1667,0.0833,0.0556,0.15,0.2,0.0455,0.0833
"locus3951",0,0.125,0.05,0,0,0,0,0,0,0.35,0,0.3333,0,0,0,0,0,0,0,0.0556,0,0,0,0
"locus3952",0.4583,0.4375,0.4,0.4545,0.4286,0.4167,0.4444,0.2273,0.3125,0.5,0.375,0.4444,0.125,0.2917,0.3333,0.5,0.25,0.1667,0.4167,0.1111,0.45,0.45,0.4091,0.2917
"locus3953",0.0417,0.0625,0.1,0,0.3571,0.0833,0,0.0455,0.125,0.3,0,0.3889,0,0.0417,0.1111,0,0.125,0.2222,0,0,0,0.4,0.0909,0.0417
"locus3954",0,0.0625,0,0.0455,0,0.125,0.0556,0,0.0625,0,0,0,0.0625,0,0,0,0,0.2778,0.25,0,0,0,0,0
"locus3955",0.0417,0.0625,0.35,0,0.2143,0.2917,0,0.4091,0.0625,0.1,0,0,0.4375,0.375,0,0.3333,0.25,0.2778,0.4167,0,0.05,0.4,0.1364,0.0833
"locus3956",0.0417,0.0625,0,0.3636,0,0.2083,0,0.0455,0,0,0,0.1111,0.0625,0.125,0,0,0.125,0.1111,0,0,0.05,0,0,0.0417
"locus3957",0,0,0,0,0.0714,0,0.3333,0,0,0,0,0,0.1875,0,0,0.1667,0,0,0,0,0,0,0,0.0417
"locus3958",0.0417,0,0,0.0455,0,0,0.0556,0.0909,0,0,0.1875,0,0.125,0.0833,0,0,0.125,0.0556,0.0833,0.0556,0.05,0.1,0.0455,0.125
"locus3959",0,0,0,0,0,0,0,0.0909,0,0.05,0,0,0.0625,0,0.2222,0.1667,0,0,0,0,0.05,0,0.0455,0
"locus3960",0.0417,0.0625,0.05,0.2273,0,0.0417,0.2222,0,0.125,0.05,0.1875,0,0.0625,0,0.0556,0.1667,0,0,0.25,0.3889,0,0,0,0
"locus3961",0,0.1875,0,0,0,0,0,0,0.125,0.15,0,0,0,0,0,0.1667,0.0625,0,0,0.0556,0,0,0.0909,0.1667
"locus3962",0.0417,0,0,0.1818,0.1429,0.125,0.0556,0,0.0625,0.05,0.0625,0.1667,0,0,0,0,0,0.1111,0,0.0556,0.05,0,0.0909,0.0833
"locus3963",0.1667,0.0625,0.25,0.0455,0,0.125,0.0556,0.0909,0.125,0.1,0.0625,0.1111,0.125,0.125,0.1111,0.3333,0.125,0.1667,0,0.1667,0.15,0.1,0.2273,0.125
"locus3964",0,0.125,0.3,0.0909,0,0.125,0.1111,0.0909,0.125,0.1,0.125,0.3889,0.125,0.2083,0,0,0.125,0.2222,0,0.0556,0.1,0.1,0.2273,0.0833
"locus3965",0.2083,0.0625,0,0.4091,0,0,0,0.0455,0,0.1,0.125,0.0556,0.0625,0.125,0.2222,0.1667,0.0625,0,0.1667,0.2778,0.2,0,0.2273,0.0417
"locus3966",0.125,0,0.15,0,0,0.0417,0,0.0455,0,0.05,0,0,0,0.3333,0.2778,0,0.1875,0,0.25,0.0556,0.15,0.05,0.1364,0
"locus3967",0.4167,0.5,0.5,0.4091,0.4286,0.2083,0.4444,0.4545,0.375,0.35,0.375,0.5,0.375,0.3333,0.2778,0.5,0.4375,0.3889,0.4167,0.2222,0.45,0.4,0.3636,0.25
"locus3968",0,0.25,0,0.2273,0,0.2917,0.0556,0.0909,0.0625,0.2,0,0.1111,0,0.0417,0,0,0,0.0556,0,0,0.05,0.25,0,0
"locus3969",0,0.0625,0,0,0,0.1667,0.1111,0,0,0.05,0.25,0.2222,0,0,0,0.3333,0,0,0,0,0,0.1,0,0
"locus3970",0.0417,0.0625,0.25,0,0,0,0,0,0.0625,0,0,0,0,0,0,0.1667,0.0625,0,0.0833,0.0556,0.2,0.4,0.0909,0
"locus3971",0.0417,0,0.2,0,0,0,0.1111,0.0909,0,0.15,0.125,0,0.25,0.125,0,0,0.1875,0.2222,0.0833,0,0,0.25,0.1364,0
"locus3972",0.0833,0,0.1,0.0455,0,0,0,0,0,0,0,0,0.125,0,0.0556,0,0.1875,0.1111,0,0,0.25,0,0.0455,0
"locus3973",0.0833,0,0,0.0909,0,0,0,0,0,0,0,0,0,0,0.2222,0,0,0.4444,0,0,0.1,0.05,0.0909,0
"locus3974",0.125,0,0,0,0,0,0.1111,0.0455,0,0.05,0,0.1111,0,0,0.1111,0,0.0625,0,0,0,0.05,0.15,0.0455,0
"locus3975",0.0833,0,0,0.1364,0.1429,0,0.0556,0.0455,0.125,0,0,0,0.0625,0.0417,0,0,0.0625,0,0,0,0,0,0,0.0417
"locus3976",0.1667,0.0625,0.4,0.2727,0.2143,0.125,0.3333,0.2727,0.0625,0.05,0.375,0,0.1875,0.2083,0.0556,0.3333,0.125,0.3333,0.25,0,0.3,0.25,0.5,0.4167
"locus3977",0.2083,0,0.05,0,0,0.0417,0.0556,0.1818,0.0625,0,0,0,0.0625,0,0,0.1667,0.25,0.1111,0,0.0556,0.15,0.05,0.1818,0.0833
"locus3978",0.375,0.4375,0.5,0.4545,0.4286,0.375,0.4444,0.3182,0.5,0.1,0.375,0.3889,0.375,0.5,0.4444,0.3333,0.4375,0.4444,0.4167,0.5,0.45,0.35,0.3182,0.375
"locus3979",0.0833,0.0625,0.05,0,0.0714,0,0,0.0455,0,0,0,0,0.125,0,0,0,0.1875,0.0556,0,0,0,0.05,0.0455,0
"locus3980",0.0417,0,0.1,0.0455,0,0.1667,0.0556,0.0455,0.0625,0.45,0.0625,0.2778,0,0.125,0.1111,0,0,0,0,0.0556,0,0,0.0455,0.2083
"locus3981",0,0,0,0.1818,0,0,0,0,0,0,0.0625,0,0,0.0417,0.1111,0,0,0,0.25,0.1667,0,0,0,0.0417
"locus3982",0.0417,0.125,0.35,0,0,0.25,0.2222,0.0455,0,0.05,0,0,0,0.0833,0,0,0.0625,0.0556,0,0.0556,0,0,0,0
"locus3983",0.5,0.5,0.45,0.5,0.3571,0.25,0.2222,0.3636,0.4375,0.4,0.5,0.3333,0.4375,0.4583,0.3333,0.1667,0.4375,0.3889,0.4167,0.3889,0.45,0.45,0.4091,0.2917
"locus3984",0.1667,0,0,0,0,0.0833,0.0556,0.0909,0.0625,0.1,0,0.0556,0.125,0.0417,0,0,0,0,0.0833,0,0,0.15,0.0455,0
"locus3985",0,0.0625,0,0.0455,0,0,0,0,0.0625,0.5,0,0.0556,0,0,0,0,0,0.1667,0,0,0,0,0,0
"locus3986",0.1667,0,0,0.1364,0,0,0,0,0,0,0,0,0,0.2083,0.2222,0,0,0,0,0,0.05,0,0,0
"locus3987",0.3333,0.0625,0.35,0.2727,0.2143,0.2083,0.3889,0.3636,0.4375,0.1,0.3125,0.1111,0.4375,0.25,0.3333,0.5,0.375,0.2222,0.3333,0.0556,0.5,0.35,0.4545,0.3333
"locus3988",0.125,0,0,0,0,0,0,0,0,0,0,0,0,0.0417,0,0,0,0,0,0.2222,0.3,0,0.0455,0
"locus3989",0,0,0.15,0.1364,0,0.125,0.0556,0.0455,0,0,0,0,0,0.0417,0.2778,0,0.125,0.2222,0,0,0.05,0.15,0.0455,0
"locus3990",0.4167,0.4375,0.35,0.4091,0.4286,0.2917,0.2778,0.2727,0.5,0.45,0.4375,0.4444,0.25,0.5,0.4444,0.5,0.3125,0.3889,0.0833,0.2222,0.35,0.25,0.3636,0.4167
"locus3991",0.0833,0,0.05,0,0,0,0,0.0455,0,0.15,0,0,0,0,0.2222,0.1667,0.0625,0.1111,0.0833,0,0.1,0,0.0909,0
"locus3992",0,0,0.05,0,0,0.0833,0.1111,0,0,0,0,0.2222,0,0.0833,0,0,0,0,0,0,0,0.05,0.0455,0
"locus3993",0.125,0,0,0.0909,0,0,0.0556,0,0.0625,0.05,0,0.0556,0.375,0.125,0.3889,0,0,0,0,0.5,0,0.05,0.0455,0.0417
"locus3994",0.1667,0.3125,0.25,0.1818,0.4286,0.2083,0.3333,0.2273,0.0625,0.45,0.1875,0.2778,0.3125,0.4167,0.2222,0.3333,0.3125,0.0556,0.1667,0,0,0.3,0.1818,0.4167
"locus3995",0.2917,0,0.05,0.2727,0,0.0833,0.0556,0.1364,0.25,0.1,0,0,0.0625,0.2917,0.4444,0.1667,0.1875,0.1111,0,0.0556,0.35,0.25,0.0909,0.0833
"locus3996",0.0417,0.1875,0,0,0,0.2083,0.1111,0.1364,0,0.05,0,0.2778,0,0.0417,0,0,0.3125,0.1111,0.1667,0,0,0.15,0,0.0417
"locus3997",0,0.125,0.1,0.0455,0,0.0417,0.1111,0,0,0,0.0625,0,0.0625,0.0833,0,0,0.125,0.0556,0.0833,0,0.2,0.05,0.0455,0.0833
"locus3998",0.125,0.1875,0.1,0.4545,0.2857,0.375,0.3889,0.0455,0.5,0.45,0.4375,0.2222,0.3125,0.1667,0.4444,0.1667,0.1875,0.2222,0.25,0.1111,0.45,0.5,0.3636,0.3333
"locus3999",0.0417,0,0,0.0909,0.1429,0,0.0556,0.1818,0.1875,0,0,0,0.125,0.0417,0.2222,0,0,0.0556,0.0833,0.0556,0.05,0.05,0,0.0833
"locus4000",0.125,0.1875,0.2,0.0909,0,0,0.1667,0,0,0.3,0.1875,0,0.1875,0,0.2222,0,0,0.1111,0.25,0,0.05,0,0.0455,0.0417
"locus4001",0,0.0625,0,0,0,0,0.2778,0,0,0,0.0625,0,0,0,0,0,0,0,0.0833,0,0,0.05,0,0.2083
"locus4002",0.0833,0.1875,0.25,0.2727,0.1429,0,0.1111,0.0909,0.0625,0.15,0.0625,0,0,0.125,0,0,0.0625,0.0556,0.25,0.3333,0.2,0.25,0,0.125
"locus4003",0.0833,0,0.05,0.0909,0.0714,0,0.0556,0,0,0.1,0.0625,0.0556,0,0,0.0556,0.3333,0,0,0,0,0.1,0.05,0.2273,0.0417
"locus4004",0.1667,0.25,0,0.1818,0.1429,0.4167,0.3333,0.0455,0,0.25,0.0625,0.3333,0.0625,0.0417,0.0556,0,0.125,0,0.3333,0,0.15,0.15,0.4091,0.1667
"locus4005",0,0.0625,0.05,0,0.2857,0,0,0.1818,0,0,0,0.3333,0.125,0.0417,0,0,0.0625,0,0,0.0556,0.05,0.1,0,0.0833
"locus4006",0.0833,0.0625,0,0,0,0.0417,0.0556,0.0455,0.25,0.05,0.1875,0.0556,0.0625,0.0417,0.1667,0,0,0.0556,0,0.1667,0.1,0.05,0.0455,0
"locus4007",0,0.0625,0.05,0,0,0.0417,0.2222,0,0.0625,0,0,0.1111,0,0,0,0,0,0,0,0,0.05,0,0.0455,0.2083
"locus4008",0,0.0625,0.05,0,0.0714,0.0833,0.1111,0,0,0.15,0,0.2222,0,0,0,0,0,0.1111,0,0.0556,0,0,0,0.0417
"locus4009",0.0833,0,0,0,0,0.0417,0.0556,0.1364,0.0625,0,0,0.0556,0,0,0.1667,0.3333,0,0.1111,0,0.0556,0,0,0,0.125
"locus4010",0,0.3125,0,0.4091,0,0,0,0,0.3125,0,0,0,0.125,0.0417,0.0556,0,0,0.2222,0,0,0.05,0.2,0,0.0833
"locus4011",0,0,0,0,0,0.0833,0.1111,0.0455,0.25,0,0.0625,0,0,0,0,0,0,0.0556,0,0,0.05,0,0,0.0417
"locus4012",0,0,0,0.3182,0,0.0417,0,0,0.0625,0,0.0625,0,0.0625,0,0,0,0,0,0,0,0.15,0,0,0
"locus4013",0.0417,0.0625,0,0,0,0.125,0,0,0,0,0,0,0.0625,0.125,0,0,0,0.0556,0,0,0.05,0,0,0
"locus4014",0,0.125,0.05,0.0455,0.1429,0.0417,0.2222,0.0909,0.125,0.1,0.0625,0,0.0625,0.0833,0,0.1667,0.0625,0,0.1667,0,0,0,0.0455,0.2917
"locus4015",0,0,0,0,0,0,0,0.0909,0,0,0,0,0,0,0,0,0,0,0,0.5,0,0,0.0455,0.0417
"locus4016",0.0417,0.125,0,0,0.0714,0.1667,0,0,0,0.05,0,0,0,0,0,0,0,0.0556,0,0,0,0,0.0455,0
"locus4017",0.0417,0.1875,0.25,0.0909,0.1429,0.0833,0,0.1364,0.0625,0.3,0.125,0.2222,0.1875,0.125,0.2222,0.1667,0.3125,0.0556,0.0833,0.1111,0.1,0.2,0.0455,0.0833
"locus4018",0.125,0.0625,0,0,0.1429,0.0833,0.1111,0,0.0625,0,0.125,0.1667,0,0.0417,0,0.1667,0,0,0,0.2778,0,0.05,0.0455,0
"locus4019",0.125,0,0,0.0455,0,0.0833,0,0,0,0.05,0.0625,0,0.125,0.0417,0.2778,0,0.125,0,0,0.3889,0.1,0.1,0.1364,0.1667
"locus4020",0.4583,0.25,0.5,0.5,0.2857,0.3333,0.2778,0.4091,0.125,0.5,0.375,0.4444,0.4375,0.4167,0.2778,0.3333,0.4375,0.3889,0.25,0.4444,0.3,0.25,0.4091,0.2917
"locus4021",0,0,0.15,0,0.4286,0.0417,0.2778,0.2273,0.0625,0,0,0,0.0625,0.25,0.1111,0,0.0625,0.1667,0.25,0.0556,0.1,0.05,0.2273,0.4583
"locus4022",0.2917,0.25,0.15,0.1818,0.2857,0.0417,0.3333,0.1364,0.375,0.15,0.1875,0.0556,0.0625,0.125,0.5,0.3333,0.0625,0.0556,0.0833,0.1667,0.5,0.3,0.3636,0.1667
"locus4023",0.2917,0,0.35,0,0.0714,0.0417,0.3333,0.0909,0.3125,0.15,0.0625,0.2222,0.3125,0.2917,0.2778,0.3333,0.25,0.3333,0.0833,0.4444,0.15,0.3,0.2273,0.0833
"locus4024",0.0417,0.0625,0,0.1364,0,0.125,0,0.0455,0.1875,0.05,0,0,0,0.125,0,0,0.0625,0,0.0833,0,0.05,0.1,0,0.0417
"locus4025",0.125,0.0625,0.05,0.0455,0,0.0833,0,0.1818,0,0.05,0.0625,0,0,0.125,0,0,0,0.0556,0.1667,0,0.25,0.05,0,0.1667
"locus4026",0,0,0,0,0.2143,0,0.2778,0,0.0625,0,0,0,0,0.0417,0.1667,0,0,0,0.1667,0,0.05,0,0,0.375
"locus4027",0,0.0625,0.15,0,0,0.0417,0.0556,0.1364,0.25,0.15,0,0,0.0625,0,0,0,0.125,0,0,0,0.05,0.05,0.0909,0.0417
"locus4028",0,0,0.05,0,0.2143,0.125,0,0,0,0.1,0,0.1667,0.0625,0,0,0,0,0,0,0,0,0,0.0455,0.0833
"locus4029",0,0.1875,0.05,0.0909,0,0.4167,0.0556,0,0.0625,0.35,0,0.2778,0,0.0417,0,0,0,0,0,0.0556,0,0.15,0,0
"locus4030",0,0.125,0.1,0.0455,0,0,0,0.0909,0,0.1,0.0625,0,0.375,0.0417,0,0,0.0625,0.1667,0.0833,0.0556,0,0.2,0,0.0417
"locus4031",0,0.125,0.05,0.0455,0.1429,0.2917,0.0556,0,0.1875,0.05,0,0.1667,0,0,0.1667,0,0,0.1667,0,0.0556,0,0.05,0.0455,0
"locus4032",0.125,0.125,0,0.1364,0.1429,0.0417,0.1111,0.0909,0.1875,0.1,0.1875,0.0556,0.125,0.0417,0,0.1667,0.25,0.1111,0.25,0,0.1,0.05,0,0.125
"locus4033",0,0,0.1,0,0,0.0833,0,0.0909,0.125,0,0.0625,0.0556,0,0.0833,0,0.1667,0.0625,0.0556,0,0,0,0,0,0
"locus4034",0.0833,0,0,0,0,0,0,0,0,0,0,0,0.0625,0,0.0556,0,0,0,0,0.2222,0,0,0.1364,0
"locus4035",0.0833,0,0,0.0455,0,0,0.0556,0.0455,0,0,0.0625,0,0,0,0.1667,0,0.0625,0,0,0.1667,0.05,0,0.0455,0
"locus4036",0.2917,0.0625,0.45,0.4545,0.2143,0.0833,0.3333,0.2727,0.4375,0.05,0.4375,0,0.4375,0.5,0.1667,0.5,0.25,0.1667,0.4167,0.2778,0.4,0.5,0.3182,0.1667
"locus4037",0,0.0625,0.15,0.0455,0.2143,0.0417,0.1667,0,0.0625,0,0,0.0556,0.0625,0,0,0,0.0625,0,0.0833,0,0.05,0,0,0
"locus4038",0.125,0.0625,0.1,0.1364,0.2857,0.0833,0.0556,0.1364,0.125,0.2,0.125,0.1111,0.1875,0.2083,0.2222,0,0,0.2222,0.0833,0,0.05,0.1,0.1364,0.2083
"locus4039",0.4167,0,0.05,0.4091,0,0.0833,0.0556,0,0,0.05,0.125,0,0.3125,0.0833,0.3333,0.3333,0,0,0,0.2778,0.45,0.15,0.0909,0
"locus4040",0,0,0.1,0,0,0.0417,0,0.1818,0.1875,0,0,0,0.1875,0.0417,0,0,0,0.0556,0.0833,0,0,0.1,0.0455,0
"locus4041",0.4583,0.3125,0.35,0.5,0.4286,0.125,0.4444,0.4545,0.375,0.15,0.1875,0.0556,0.4375,0.4583,0.2222,0.5,0.4375,0.3889,0.3333,0.1667,0.4,0.3,0.3636,0.4167
"locus4042",0.0417,0.3125,0.15,0.2273,0.2857,0.375,0.4444,0.4091,0.25,0.2,0.125,0.1111,0.25,0.2917,0.0556,0,0.3125,0.4444,0.4167,0.0556,0.15,0.4,0.2727,0.4583
"locus4043",0.0417,0,0,0.1818,0.3571,0.375,0.1667,0,0.0625,0.3,0.1875,0.4444,0,0,0,0,0.125,0.0556,0,0.0556,0,0.1,0,0.4167
"locus4044",0,0.0625,0.05,0.0455,0,0,0,0,0.0625,0,0.1875,0,0.0625,0.0833,0,0,0.0625,0.0556,0.0833,0,0,0,0,0
"locus4045",0,0,0,0,0,0,0,0,0,0,0,0,0,0,0,0,0.25,0,0.0833,0.4444,0,0.05,0.0455,0
"locus4046",0.25,0.0625,0,0.4545,0.0714,0,0,0.0455,0.25,0,0.125,0,0,0.0417,0.3889,0,0,0.0556,0.0833,0.1667,0.4,0,0.0455,0
"locus4047",0.375,0,0.35,0.4091,0,0,0.1667,0.3182,0.4375,0,0.125,0.1111,0.125,0.125,0.1111,0.5,0.1875,0.2778,0,0.4444,0.3,0.35,0.3636,0.0417
"locus4048",0.2917,0.0625,0.15,0.1818,0,0.0417,0,0.0909,0.125,0,0.0625,0,0.25,0.3333,0.3889,0,0.125,0.1667,0,0.3889,0.35,0.1,0.1364,0
"locus4049",0.2083,0,0,0.0455,0,0,0,0,0.1875,0,0,0,0,0,0.1111,0,0,0.0556,0,0,0,0,0,0
"locus4050",0.0833,0.25,0.35,0.2727,0.0714,0.1667,0.1667,0.2273,0.25,0.15,0.375,0.1111,0.25,0.3333,0.4444,0.1667,0.3125,0.3333,0.3333,0,0.25,0.35,0.0909,0.2083
"locus4051",0.0417,0,0.1,0,0,0,0.0556,0.0455,0,0.05,0,0,0.1875,0.0417,0,0,0,0.1667,0,0,0,0.05,0,0
"locus4052",0.0417,0.0625,0.05,0.1364,0,0,0,0,0.0625,0,0,0,0,0,0,0.1667,0.1875,0,0,0,0,0.05,0,0
"locus4053",0,0.1875,0,0.0909,0.2857,0.375,0.4444,0.0455,0.125,0.45,0,0.3889,0.0625,0.125,0,0,0.1875,0,0.25,0.0556,0.1,0.35,0.3182,0.3333
"locus4054",0.4167,0.3125,0.3,0.4545,0.4286,0.4583,0.2222,0.0909,0.25,0.35,0.5,0.3889,0.0625,0.1667,0.3889,0.5,0.1875,0.1111,0.5,0.3333,0.35,0.25,0.4545,0.5
"locus4055",0.5,0.5,0.4,0.5,0.5,0.5,0.4444,0.4545,0.3125,0.3,0.5,0.4444,0.4375,0.4167,0.4444,0.5,0.5,0.4444,0.3333,0.5,0.45,0.5,0.4545,0.4583
"locus4056",0,0,0.1,0,0,0.0417,0,0.0909,0.0625,0,0.0625,0.0556,0,0,0.0556,0,0.125,0.1667,0.0833,0,0,0,0.0455,0
"locus4057",0,0,0.05,0.0455,0,0,0,0,0,0,0,0,0.125,0.125,0.1111,0,0.0625,0.1111,0,0.0556,0,0,0,0
"locus4058",0,0,0,0.0455,0,0,0,0,0,0,0,0,0,0,0.1111,0,0,0.1111,0,0.3889,0,0,0,0
"locus4059",0.0833,0.25,0.1,0.0909,0.2857,0.375,0.2222,0.3182,0.125,0.15,0.0625,0.3889,0,0.2083,0.1667,0,0.1875,0.1111,0,0,0.1,0.1,0.1364,0.2083
"locus4060",0.375,0.4375,0.35,0.5,0.2143,0.125,0.4444,0.4545,0.375,0.1,0.5,0.0556,0.375,0.4583,0.2778,0.1667,0.5,0.2778,0.25,0.1111,0.35,0.45,0.5,0.5
"locus4061",0,0,0,0,0,0,0,0.1364,0.0625,0,0,0.0556,0.0625,0.125,0,0.1667,0,0.0556,0,0,0,0.1,0,0.0417
"locus4062",0,0,0,0.0455,0,0.0417,0.2778,0.0455,0,0.05,0,0,0,0,0,0,0,0,0,0,0,0,0.1364,0.0833
"locus4063",0,0.5,0,0,0.3571,0.5,0.3889,0.0455,0.125,0.05,0.1875,0.1111,0.0625,0.0833,0,0,0.0625,0,0.4167,0,0.05,0.1,0.0909,0.4167
"locus4064",0.0833,0,0,0,0,0,0,0.0909,0,0,0.0625,0,0.0625,0,0.2222,0,0,0,0,0.0556,0.05,0.15,0,0.0833
"locus4065",0.0417,0,0.25,0.0455,0,0,0,0.0909,0,0,0,0,0.25,0.2917,0,0,0.1875,0,0,0,0,0.15,0.0909,0
"locus4066",0.2083,0.4375,0.2,0.3636,0.5,0.3333,0.3333,0.2727,0.125,0.4,0.3125,0.3333,0.4375,0.4583,0.2778,0.3333,0.375,0.3333,0.3333,0.3333,0.4,0.45,0.2727,0.1667
"locus4067",0,0,0,0,0,0.0833,0,0,0,0,0,0,0,0,0,0,0,0,0.0833,0.0556,0.05,0,0.1364,0.25
"locus4068",0.1667,0.1875,0.35,0.3636,0.4286,0.1667,0.3889,0.3182,0.1875,0.45,0.5,0.2778,0.25,0.2917,0,0.1667,0.5,0,0.5,0.1667,0.1,0.35,0.2727,0.3333
"locus4069",0.0417,0.0625,0,0.0909,0.0714,0,0.2222,0.0455,0,0,0,0,0.1875,0.0833,0,0,0.125,0.1667,0,0,0.05,0,0,0
"locus4070",0,0,0.05,0,0,0.0417,0,0.2727,0,0,0,0,0,0.2083,0,0,0,0.3333,0,0,0.05,0,0.0909,0.0417
"locus4071",0.0417,0.375,0.1,0,0.4286,0.1667,0.1667,0.0909,0,0.45,0.0625,0.4444,0,0.0833,0,0,0.1875,0.0556,0.3333,0.0556,0.05,0.1,0.2273,0.4583
"locus4072",0.4167,0,0.1,0.4545,0,0.0417,0.0556,0.0909,0.0625,0,0.125,0,0.1875,0,0.5,0,0.0625,0.2222,0,0.3889,0.35,0.3,0.0455,0.25
"locus4073",0.1667,0.4375,0.15,0.3182,0.5,0.3333,0.3889,0.1818,0.1875,0.25,0.4375,0.0556,0.1875,0.375,0.2778,0.3333,0.4375,0.3889,0.4167,0.0556,0.05,0.5,0.0455,0.375
"locus4074",0.0417,0,0,0,0,0,0,0,0,0,0,0,0.0625,0.0417,0.4444,0.1667,0.0625,0.1667,0,0,0.05,0.25,0.0455,0.0417
"locus4075",0.4583,0.3125,0.45,0.2273,0.3571,0.2917,0.4444,0.3636,0.3125,0.1,0.3125,0.1111,0.3125,0.4583,0.5,0.3333,0.25,0.3889,0.3333,0.2778,0.45,0.5,0.5,0.4583
"locus4076",0,0.0625,0.05,0,0.1429,0.2917,0.1111,0.0455,0.3125,0.4,0,0.5,0.0625,0,0.1667,0,0.125,0,0.0833,0,0.05,0.15,0,0.0833
"locus4077",0.125,0.375,0.15,0.3636,0.4286,0.375,0.3889,0.2273,0.1875,0.45,0.125,0.4444,0.3125,0.2083,0.3889,0,0.4375,0.0556,0.1667,0.1111,0.15,0.1,0.0909,0.375
"locus4078",0.0833,0.125,0.15,0,0.2143,0.25,0.0556,0.0909,0.0625,0.2,0.375,0.0556,0.25,0.0833,0.0556,0,0.1875,0.2222,0,0,0.2,0.2,0.1364,0.0833
"locus4079",0.0417,0.0625,0.05,0,0,0.0417,0.1111,0.1364,0,0,0,0,0.3125,0.0833,0,0.1667,0.125,0,0.3333,0,0.1,0.05,0.0455,0
"locus4080",0.375,0.0625,0.05,0.5,0.2143,0.0833,0,0,0.0625,0.1,0.375,0,0.1875,0.0833,0.1667,0.1667,0.125,0.1111,0.0833,0.4444,0.25,0.2,0.2727,0.375
"locus4081",0.0417,0,0.2,0.1364,0,0,0,0.0909,0,0.05,0,0,0.0625,0.0417,0.0556,0.1667,0.0625,0,0,0,0,0,0,0
"locus4082",0.2083,0.1875,0.2,0.0909,0.1429,0.1667,0.1667,0.3636,0.25,0.1,0.375,0.0556,0.375,0.375,0.1111,0,0.3125,0.4444,0.3333,0.1111,0.2,0.2,0.1818,0.125
"locus4083",0,0,0.05,0.2727,0,0.1667,0.0556,0,0,0,0,0,0.0625,0.0417,0,0,0,0,0,0,0,0,0,0
"locus4084",0.3333,0.25,0.4,0.5,0.0714,0.2083,0.1667,0.4091,0.3125,0.1,0.25,0.1111,0.4375,0.4583,0.2778,0.3333,0.375,0.2778,0.3333,0.3333,0.45,0.15,0.3182,0.4583
"locus4085",0.0417,0,0,0.1818,0,0,0,0.1364,0.0625,0,0,0.0556,0.0625,0.0417,0.0556,0,0,0,0,0.2222,0.1,0.05,0.1364,0
"locus4086",0,0,0,0.1364,0,0,0,0.0455,0,0,0.3125,0,0.25,0.0417,0,0,0.0625,0.1111,0.0833,0.0556,0,0,0.2273,0
"locus4087",0.4167,0.375,0.25,0.3636,0,0.125,0.2222,0.4091,0.4375,0.25,0.3125,0.5,0.25,0.5,0.3889,0.3333,0.4375,0.4444,0.4167,0.3333,0.35,0.2,0.3182,0
"locus4088",0.3333,0.0625,0,0.1364,0,0.0417,0,0.0909,0.125,0,0.125,0,0.25,0.0417,0.5,0.3333,0,0.3889,0,0.3889,0.5,0.1,0.3182,0.0417
"locus4089",0,0.0625,0.1,0.0909,0,0.0833,0,0.0455,0,0.2,0.1875,0.1667,0,0.0833,0,0,0,0,0.0833,0,0,0.1,0,0
"locus4090",0,0.0625,0,0,0.0714,0.125,0,0,0,0.3,0,0.4444,0,0,0,0,0,0,0,0,0,0,0.0455,0
"locus4091",0,0,0,0,0,0.25,0,0,0,0,0,0,0.0625,0,0,0,0,0,0,0,0.15,0,0,0.0417
"locus4092",0.0833,0,0.2,0.0455,0,0,0,0,0,0,0,0,0.3125,0.0833,0,0,0,0.0556,0,0,0,0,0.0455,0.0417
"locus4093",0.1667,0,0.2,0.0909,0,0,0.2222,0.0909,0.0625,0,0.125,0,0.1875,0.125,0.1667,0.3333,0.0625,0.1111,0,0,0,0.05,0.0909,0.0833
"locus4094",0.0833,0,0,0,0,0,0,0,0,0,0.0625,0,0,0,0,0.1667,0,0,0,0.4444,0,0,0.0455,0
"locus4095",0.1667,0.1875,0.3,0.1364,0.2143,0.375,0.3333,0.1818,0.1875,0.3,0.25,0.1111,0.1875,0.2917,0.2778,0.5,0.375,0.3333,0.25,0.1111,0.15,0.25,0.0455,0.5
"locus4096",0.0833,0.25,0,0,0,0.0417,0.0556,0.0909,0.0625,0,0.125,0.1111,0.0625,0,0,0,0.0625,0.0556,0,0,0.1,0.15,0,0.0417
"locus4097",0.0417,0.3125,0,0,0.1429,0.1667,0.4444,0,0.4375,0.15,0.125,0,0.0625,0.0833,0,0,0.125,0.1111,0.1667,0.0556,0.25,0.05,0.3636,0.25
"locus4098",0.4167,0.375,0.4,0.2273,0.2857,0.125,0.2778,0.2273,0.125,0.2,0.3125,0.0556,0.4375,0.2083,0.2222,0.3333,0.5,0.1667,0.3333,0.3333,0.2,0.35,0.3636,0.25
"locus4099",0.1667,0.1875,0.05,0,0.2857,0.0833,0.3333,0,0.125,0.05,0.375,0.1111,0.0625,0.0417,0,0,0,0.0556,0.1667,0,0,0.25,0.0909,0.125
"locus4100",0.0833,0.375,0.15,0.0909,0.1429,0.4583,0.3333,0.1818,0.125,0.05,0.125,0.3333,0,0.2083,0,0.3333,0.125,0.0556,0.0833,0,0.05,0.25,0.2273,0.2917
"locus4101",0.375,0.4375,0.1,0.3182,0.2143,0.125,0.0556,0.0909,0.375,0.35,0.125,0.1111,0.125,0.0417,0.3333,0,0.125,0.1111,0,0.5,0.2,0.05,0.3636,0
"locus4102",0,0.125,0.15,0.1818,0.0714,0.1667,0.2222,0.0455,0,0.25,0.125,0.3889,0.25,0.125,0,0.1667,0.1875,0,0,0.0556,0.1,0.05,0.0455,0.0833
"locus4103",0.2083,0.0625,0.2,0.3182,0.1429,0.125,0.1111,0.0909,0.1875,0.2,0.25,0.1111,0.0625,0.25,0.1667,0.1667,0.3125,0.2778,0.1667,0.4444,0.35,0.05,0.0909,0.1667
"locus4104",0,0.0625,0.1,0,0,0,0.0556,0,0,0,0,0,0,0.0833,0,0.1667,0.3125,0,0.1667,0,0,0,0,0
"locus4105",0.0417,0.125,0,0.2273,0,0.0417,0.0556,0.0455,0.125,0.05,0.0625,0.2222,0.125,0,0,0,0.0625,0.0556,0,0,0.05,0,0.0455,0
"locus4106",0,0,0,0,0.1429,0.1667,0.2778,0.0455,0,0,0.1875,0.2222,0,0.0417,0,0,0,0,0,0,0.05,0,0.0455,0.3333
"locus4107",0.125,0,0,0,0.1429,0.125,0,0,0,0,0,0.2222,0,0,0,0,0,0,0,0,0,0,0.1818,0
"locus4108",0.0833,0.4375,0.3,0.4545,0.2857,0.375,0.3333,0.1364,0.3125,0.2,0.375,0,0.3125,0.3333,0.1111,0,0.4375,0.1667,0.4167,0,0.15,0.2,0.2273,0.375
"locus4109",0.0417,0,0.1,0,0.0714,0.0833,0.2778,0.1364,0,0,0.0625,0,0.0625,0.1667,0,0,0.1875,0.1667,0.1667,0.0556,0.05,0.1,0,0.0833
"locus4110",0.2917,0.375,0.3,0.3182,0.4286,0.25,0.4444,0.5,0.3125,0.45,0.4375,0.5,0.1875,0.4583,0.5,0,0.375,0.3889,0.5,0.2222,0.25,0.5,0.2273,0.2917
"locus4111",0.3333,0.1875,0.25,0.1818,0.1429,0.125,0.1667,0.4091,0.375,0.25,0.125,0,0.25,0.2083,0.3333,0.3333,0.25,0.3889,0.1667,0.2778,0.2,0.35,0.2727,0.1667
"locus4112",0.125,0,0,0.0909,0,0.0833,0,0.1818,0.0625,0,0,0,0,0.0833,0.0556,0.1667,0.125,0.1111,0.0833,0.3889,0,0.2,0.0909,0
"locus4113",0.375,0,0,0.3636,0,0.0417,0,0.0455,0,0,0.125,0,0.0625,0.1667,0.2222,0,0.0625,0.2778,0.0833,0.2778,0.25,0,0.1364,0.0833
"locus4114",0.0417,0,0,0,0,0,0,0.0455,0,0,0,0.0556,0.0625,0.2917,0,0,0.0625,0,0,0,0,0,0,0
"locus4115",0.4583,0.1875,0.35,0.2273,0.0714,0.125,0.3889,0.2273,0.125,0.05,0.5,0.1667,0.375,0.3333,0.3333,0.5,0.1875,0.2222,0.3333,0.3333,0.4,0.2,0.5,0.25
"locus4116",0.2083,0,0.1,0.3182,0,0.0417,0,0.0455,0.0625,0,0,0.0556,0,0,0.0556,0,0.0625,0,0.0833,0.0556,0.2,0.1,0.3636,0.0417
"locus4117",0.125,0.3125,0.3,0.3636,0.3571,0.2917,0.5,0.3636,0.5,0.1,0.4375,0.0556,0.5,0.3333,0.3333,0.3333,0.375,0.3889,0.5,0.3333,0.25,0.35,0.2727,0.4583
"locus4118",0,0.0625,0,0,0,0.2917,0.2222,0,0,0.1,0,0,0,0.125,0,0,0,0,0.5,0.0556,0,0.25,0.0455,0.0417
"locus4119",0,0,0.05,0,0,0,0.1111,0.1818,0,0.1,0,0,0.0625,0.0417,0.1667,0.3333,0.0625,0.0556,0,0.3333,0.1,0.15,0.0909,0.125
"locus4120",0.0417,0,0.05,0.0455,0,0.0833,0,0,0.0625,0,0,0,0,0.0417,0.0556,0,0,0,0,0,0.35,0,0.0455,0
"locus4121",0,0,0,0,0.0714,0,0,0.0455,0.0625,0,0,0,0,0,0,0,0.0625,0,0,0,0.05,0.2,0.0455,0
"locus4122",0.125,0.0625,0,0.0909,0,0,0,0.0455,0,0,0,0,0.1875,0.0833,0.2222,0,0.125,0.0556,0,0.0556,0.15,0.05,0,0.0417
"locus4123",0.375,0,0.15,0.0909,0.1429,0.0417,0.0556,0.0455,0,0,0.125,0,0.0625,0.1667,0.3889,0,0.0625,0.2778,0,0.1111,0.3,0.15,0.1818,0.0417
"locus4124",0.2083,0,0.05,0.0455,0,0.0417,0,0.1364,0.125,0.05,0.0625,0,0.0625,0.0833,0.1111,0.3333,0,0,0,0.4444,0.1,0.1,0,0.0833
"locus4125",0.0417,0.125,0.1,0.0455,0,0.125,0.0556,0.2273,0.125,0,0,0,0.0625,0.0833,0.0556,0,0.0625,0,0,0,0,0.15,0,0.0833
"locus4126",0.0417,0,0,0.0909,0,0,0.0556,0.2727,0.0625,0,0,0,0.125,0.25,0.1667,0.1667,0.1875,0.0556,0.0833,0.0556,0.05,0,0,0
"locus4127",0.0833,0.125,0.3,0.3636,0.2143,0.125,0.1111,0.4091,0.25,0,0.4375,0.1111,0.3125,0.25,0.1111,0,0.375,0.0556,0,0.0556,0.2,0.35,0.1818,0.1667
"locus4128",0,0.0625,0.05,0.0909,0,0.0417,0,0.0909,0,0,0,0,0.125,0.0417,0,0,0,0.1667,0.0833,0.3333,0.05,0.1,0,0
"locus4129",0.25,0.25,0.25,0.2727,0.1429,0.3333,0.3333,0.1364,0.1875,0.05,0.375,0.2778,0.1875,0.4167,0.2778,0.1667,0.0625,0,0.0833,0.3333,0.3,0.5,0.2727,0.25
"locus4130",0,0,0.3,0,0.0714,0.0417,0.0556,0.2273,0,0.1,0,0,0,0.1667,0,0,0,0.0556,0.1667,0.3889,0,0.15,0,0
"locus4131",0,0.125,0,0.0909,0,0.0833,0,0,0,0.3,0,0.1667,0,0,0,0,0.0625,0,0,0,0,0,0,0.0417
"locus4132",0.0417,0.125,0.05,0,0,0.125,0.1667,0,0,0,0.0625,0,0,0,0,0,0.125,0,0.0833,0,0.05,0,0.1364,0.0833
"locus4133",0.0417,0,0.1,0.0909,0,0,0,0,0,0,0,0,0.125,0.0417,0,0.1667,0,0,0,0,0.1,0,0.0455,0
"locus4134",0,0,0,0,0.2143,0.2083,0.0556,0,0,0,0,0,0,0.0417,0,0,0.125,0,0,0,0,0.05,0,0
"locus4135",0.125,0,0,0.0455,0,0,0,0.0909,0,0,0,0,0,0,0.2778,0,0.125,0.1111,0,0,0.25,0.05,0.1364,0.0417
"locus4136",0,0,0.05,0.0909,0,0,0.1111,0.0455,0,0,0,0,0,0.125,0,0,0,0,0,0,0,0.1,0,0
"locus4137",0.0833,0,0,0.2727,0,0.0833,0,0.0909,0.0625,0.1,0.0625,0,0.0625,0.1667,0,0.1667,0.125,0.0556,0,0,0,0.15,0,0.0417
"locus4138",0.375,0,0.05,0.0909,0,0,0,0,0,0,0.1875,0,0.125,0,0.4444,0,0,0.1667,0,0.1667,0.35,0,0.0455,0
"locus4139",0,0.1875,0,0,0,0,0,0,0,0.5,0,0.5,0,0,0,0,0,0,0,0,0,0,0,0
"locus4140",0.2083,0.4375,0.35,0.1818,0.2143,0.5,0.1111,0.3636,0.4375,0.2,0.4375,0.3333,0.375,0.375,0.5,0.3333,0.4375,0.2778,0.5,0.2778,0.35,0.35,0.3182,0.4167
"locus4141",0,0,0.05,0,0,0,0.1111,0.0909,0,0,0.0625,0,0,0.0417,0,0,0.0625,0.0556,0.0833,0,0,0.05,0,0.1667
"locus4142",0.125,0.1875,0.05,0.0455,0,0,0.2778,0.2273,0.1875,0.1,0.1875,0.1111,0,0.25,0.0556,0,0.125,0.1667,0.5,0.0556,0.05,0.2,0,0.1667
"locus4143",0.2917,0.125,0.25,0.3636,0,0,0.1111,0.4091,0.25,0.05,0,0.0556,0.3125,0.375,0.3889,0.3333,0.25,0.3889,0.0833,0.0556,0.4,0.35,0.0455,0
"locus4144",0.2083,0,0.1,0.1364,0,0,0,0.1818,0.0625,0.15,0,0,0.0625,0.0417,0,0,0.0625,0,0,0,0.05,0.05,0.0455,0.25
"locus4145",0.125,0,0.25,0.2727,0.1429,0.25,0.4444,0.2727,0.125,0.05,0.375,0.0556,0.1875,0.3333,0.0556,0,0.5,0,0.5,0.1667,0,0.15,0.2727,0.4583
"locus4146",0.125,0.0625,0.15,0.1364,0,0.2083,0,0.1818,0.1875,0.05,0.125,0,0.25,0.2083,0.1667,0.1667,0.25,0.2222,0,0.1667,0.1,0.15,0.0909,0.1667
"locus4147",0.0417,0,0.1,0,0,0.0417,0,0.0455,0,0.05,0,0,0.125,0.25,0.1111,0.1667,0.25,0.1667,0,0,0.1,0.05,0,0
"locus4148",0.0833,0,0.2,0,0.0714,0.0417,0.2222,0.0455,0,0.05,0.125,0.1111,0,0.25,0.0556,0,0,0,0.1667,0,0,0.15,0.0909,0.0833
"locus4149",0.25,0,0.1,0.4091,0,0,0.0556,0.0909,0,0,0.3125,0,0.125,0.0417,0.2222,0.1667,0.25,0.0556,0.0833,0.2222,0.45,0.1,0.0909,0.0833
"locus4150",0,0.0625,0.1,0,0.0714,0.0417,0.3333,0.0909,0.125,0.05,0.0625,0,0.0625,0.1667,0,0.1667,0.3125,0.2222,0.25,0,0,0.05,0.0455,0.2083
"locus4151",0,0,0,0,0.0714,0.2083,0,0,0,0,0,0,0,0,0,0,0,0,0,0,0,0.25,0,0
"locus4152",0,0.0625,0,0,0.1429,0.0833,0.0556,0,0.3125,0.35,0.0625,0.4444,0,0,0,0,0,0,0,0.0556,0,0.05,0,0.0417
"locus4153",0.2917,0,0,0.0455,0,0.0417,0,0,0.0625,0,0,0,0.0625,0,0.2222,0,0.0625,0,0,0.0556,0.05,0,0.0909,0
"locus4154",0.2917,0.125,0,0.4545,0,0,0.0556,0,0.1875,0,0,0,0.0625,0.125,0.1111,0.1667,0,0,0.0833,0.2778,0.4,0.05,0.0909,0.0833
"locus4155",0,0,0.05,0,0,0.125,0,0.0455,0,0,0,0,0,0.0417,0.1111,0,0.0625,0,0,0,0,0.05,0,0.0417
"locus4156",0.375,0.3125,0.15,0.0455,0,0.0833,0,0.3182,0.1875,0.3,0.125,0.2778,0.0625,0.0833,0.2778,0.3333,0.125,0.0556,0,0.4444,0.45,0.35,0.2273,0
"locus4157",0.2917,0,0.2,0.0455,0,0,0.1111,0.3182,0.125,0.1,0.0625,0,0.1875,0.125,0.1111,0,0.125,0,0,0.4444,0.05,0,0.2273,0
"locus4158",0.3333,0.0625,0.1,0,0,0.0417,0,0.2727,0.25,0.05,0,0,0.1875,0.125,0.3333,0.1667,0.25,0.4444,0,0.0556,0.1,0.1,0.3182,0.2083
"locus4159",0.0417,0,0.05,0.0455,0.0714,0,0.1667,0,0,0.1,0.1875,0,0.0625,0.0417,0,0.1667,0,0,0,0,0.05,0.05,0,0.125
"locus4160",0.25,0.1875,0.25,0.3636,0.0714,0.1667,0.0556,0.2727,0.0625,0.5,0,0.3333,0.4375,0.2917,0.2222,0,0.25,0.1667,0.0833,0.1111,0.15,0.35,0.0455,0
"locus4161",0.1667,0.0625,0.1,0.2727,0,0.25,0.1111,0.0455,0.3125,0.1,0.0625,0,0.125,0.1667,0.1111,0.1667,0.1875,0.2222,0.0833,0,0.1,0.35,0.2273,0.0833
"locus4162",0.4167,0.375,0.35,0.3182,0.2857,0.2917,0.4444,0.3182,0.0625,0.45,0.3125,0.3333,0.375,0.375,0.2778,0,0.25,0.2778,0.4167,0.3889,0.45,0.35,0.3182,0.3333
"locus4163",0.0417,0.125,0.45,0.0909,0.1429,0.0417,0,0.2273,0.0625,0,0.0625,0.0556,0.375,0.25,0,0.1667,0.4375,0.1111,0.5,0.0556,0.15,0.25,0.5,0.0417
"locus4164",0.0417,0.125,0.05,0,0,0.0833,0,0.0909,0.125,0,0.0625,0.1111,0.25,0.0833,0,0,0,0.0556,0.0833,0,0.05,0.05,0.0455,0.0833
"locus4165",0.2917,0.1875,0.05,0.1818,0,0.0833,0,0.0455,0,0.05,0.0625,0.1667,0.0625,0.0417,0,0,0.125,0.0556,0.0833,0,0.05,0.2,0.0909,0.1667
"locus4166",0.0833,0,0,0,0.0714,0.0833,0,0.0455,0.0625,0.15,0,0,0.0625,0,0,0,0,0,0,0,0,0,0,0
"locus4167",0.1667,0.4375,0.35,0,0.2143,0.375,0.0556,0.3636,0.4375,0.4,0,0.3889,0.375,0.375,0.2778,0.1667,0.25,0.4444,0.0833,0,0.35,0.25,0.0455,0
"locus4168",0.0833,0.125,0.2,0,0.0714,0.1667,0.1667,0.1364,0.125,0.05,0.0625,0,0.0625,0.25,0,0,0.25,0.2222,0,0,0,0.15,0,0.0833
"locus4169",0,0,0.05,0,0,0,0,0.0455,0,0.05,0,0,0.0625,0.1667,0.0556,0,0,0,0.0833,0.0556,0,0,0,0
"locus4170",0.0417,0.0625,0,0.1818,0,0.0417,0,0,0,0,0.0625,0,0.3125,0.0833,0,0,0.0625,0,0.0833,0,0,0.1,0,0
"locus4171",0.0833,0.25,0.15,0.1818,0.0714,0.25,0.5,0.1818,0.375,0.15,0.4375,0.0556,0.375,0.0833,0.4444,0,0.25,0.2222,0.1667,0.1111,0,0.4,0.4545,0.2917
"locus4172",0.0833,0.4375,0,0.3182,0.3571,0.2917,0.4444,0,0.1875,0.45,0.375,0.4444,0.125,0.125,0,0.1667,0.1875,0,0.25,0.1111,0,0.15,0.3636,0.3333
"locus4173",0,0.125,0.05,0.0455,0.1429,0.125,0,0.1364,0.1875,0.15,0,0.1111,0.0625,0,0.1111,0,0.125,0.2222,0,0,0.15,0.25,0.0455,0.2083
"locus4174",0.0417,0.25,0.05,0.3636,0,0.2083,0.0556,0.1818,0.125,0.25,0,0.3889,0.1875,0.1667,0.1667,0,0.1875,0.2222,0.25,0.0556,0.45,0.1,0,0.1667
"locus4175",0,0.0625,0.25,0.0909,0.2143,0,0.1111,0.1364,0.0625,0,0,0,0.125,0.0417,0.1111,0,0,0.1111,0.1667,0.1667,0.25,0.1,0,0.25
"locus4176",0.0833,0,0.15,0.1364,0,0.0833,0,0.1364,0.0625,0.05,0.1875,0.0556,0.0625,0.0417,0,0.1667,0.125,0.1667,0.1667,0.0556,0.05,0,0,0
"locus4177",0,0,0.1,0,0,0,0.0556,0.0455,0,0,0,0,0.0625,0.125,0,0,0,0,0,0,0.05,0.05,0.0455,0
"locus4178",0,0,0.15,0,0,0,0,0,0,0,0,0,0.0625,0.1667,0,0.1667,0,0,0,0.1667,0,0.1,0,0
"locus4179",0.2083,0.3125,0.45,0.2273,0.2143,0.1667,0.2778,0.4545,0.4375,0.05,0.4375,0.0556,0.4375,0.4167,0.4444,0.1667,0.3125,0.2222,0.5,0.3333,0.45,0.45,0.3636,0.1667
"locus4180",0.0417,0.0625,0,0,0.0714,0.2083,0.1111,0.0455,0,0.4,0,0.3333,0,0,0.0556,0,0,0,0,0,0,0,0.0909,0.1667
"locus4181",0.0833,0.0625,0.1,0.3182,0,0.1667,0.0556,0.1364,0.0625,0.1,0.125,0,0.25,0.125,0.1667,0,0.0625,0.0556,0,0.1111,0.2,0,0.0455,0.125
"locus4182",0.4583,0.0625,0.3,0.2273,0,0,0,0.2727,0,0,0.0625,0,0.3125,0.125,0.1667,0.3333,0.1875,0.2222,0,0.2222,0.2,0.3,0.0455,0
"locus4183",0.4167,0.1875,0.3,0.3636,0.4286,0.25,0.1111,0.3182,0.125,0.3,0.3125,0.4444,0.1875,0.2083,0.3333,0.5,0.25,0.3333,0.0833,0.3889,0.45,0.15,0.2727,0.5
"locus4184",0,0.125,0,0.1818,0.1429,0.0833,0.0556,0.0909,0,0.05,0.0625,0,0,0.0417,0,0,0.125,0.1667,0,0.2778,0.1,0,0.0909,0.1667
"locus4185",0.2917,0.25,0.3,0.2727,0.4286,0.4583,0.4444,0.3182,0.375,0.25,0.375,0.4444,0.3125,0.4583,0.3889,0,0.4375,0.4444,0.3333,0.0556,0.2,0.5,0.3636,0.4583
"locus4186",0.1667,0.125,0.05,0,0,0,0.0556,0.0455,0.4375,0,0,0,0.1875,0.1667,0.1111,0,0.3125,0.1667,0,0.0556,0.1,0,0.1818,0.0417
"locus4187",0.125,0,0.15,0,0,0.125,0,0.0909,0.125,0.05,0,0,0.125,0.0417,0.1667,0,0,0.1667,0,0,0.05,0.1,0,0
"locus4188",0.0833,0.0625,0,0.0909,0,0.0833,0,0.0455,0.25,0,0.0625,0.0556,0.125,0.1667,0.0556,0,0.0625,0,0.0833,0.4444,0.15,0,0,0.125
"locus4189",0.0833,0,0.1,0,0.0714,0,0,0.2727,0,0.2,0.0625,0.0556,0,0.0833,0.1111,0,0.125,0.1667,0,0,0.1,0.1,0,0.125
"locus4190",0,0,0.05,0.0455,0,0.0833,0,0,0,0.3,0,0.4444,0,0.0417,0,0,0.0625,0,0,0,0,0.1,0.0455,0.0417
"locus4191",0,0,0.05,0,0,0,0,0.0455,0,0.05,0.0625,0,0,0.1667,0,0,0.1875,0,0,0,0,0,0,0
"locus4192",0.3333,0.4375,0.4,0.5,0.3571,0.4167,0.3333,0.4545,0.5,0.1,0.5,0.2222,0.3125,0.3333,0.3333,0.5,0.25,0.5,0.3333,0.3889,0.45,0.25,0.4091,0.4583
"locus4193",0.2083,0.25,0,0.4545,0,0,0.1111,0,0.125,0.05,0.0625,0.2222,0.0625,0.1667,0.1667,0,0,0.1111,0,0.1667,0.25,0.2,0.0909,0.0417
"locus4194",0.125,0.5,0.4,0.0909,0.5,0.5,0.5,0.4545,0.5,0.25,0.0625,0.3333,0.1875,0.5,0,0.1667,0.375,0.3889,0.1667,0.0556,0.2,0.45,0.1818,0.375
"locus4195",0.25,0.5,0.4,0.4091,0.2857,0.375,0.3889,0.2273,0.4375,0.45,0.375,0.2778,0.375,0.375,0.1667,0.3333,0.375,0.1111,0.25,0,0.25,0.25,0.1818,0.4583
"locus4196",0.0833,0,0.15,0,0.0714,0.0417,0,0.0909,0,0.05,0.125,0,0.125,0,0.0556,0,0,0.2222,0,0,0.05,0.05,0.1364,0
"locus4197",0.0417,0.125,0.1,0.2727,0,0.0833,0.1111,0,0,0.1,0.25,0,0,0.0833,0,0,0,0.1111,0,0,0.15,0,0,0
"locus4198",0.4167,0.25,0.25,0.4545,0.2143,0.3333,0.1111,0.4545,0.25,0.4,0.4375,0.2778,0.5,0.3333,0.3889,0.1667,0.4375,0.2222,0.5,0.3333,0.35,0.25,0.5,0.4583
"locus4199",0,0.125,0.05,0,0.0714,0,0,0,0,0,0,0.1111,0.0625,0.0417,0,0,0,0.0556,0.0833,0,0.05,0.15,0,0
"locus4200",0,0,0.1,0.0455,0,0.0833,0.1111,0.0909,0.0625,0.1,0.0625,0,0.0625,0.0417,0,0,0.1875,0.1111,0,0.1111,0.05,0,0,0.0833
"locus4201",0,0,0.05,0,0,0,0,0.0455,0,0,0.0625,0.0556,0,0.2083,0,0,0.125,0,0,0.1111,0,0,0.0455,0.2917
"locus4202",0.0417,0.0625,0.1,0,0,0,0,0.2273,0,0,0.0625,0,0,0.0417,0,0,0.1875,0.1667,0,0.1111,0,0.15,0.0909,0
"locus4203",0.3333,0.5,0.4,0.5,0.5,0.375,0.2222,0.2273,0.3125,0.25,0.375,0.2222,0.125,0.3333,0.4444,0.5,0.1875,0.3333,0.3333,0.1111,0.45,0.4,0.3636,0.375
"locus4204",0.0833,0.0625,0.1,0,0,0,0,0,0,0.05,0,0,0.0625,0,0.0556,0,0,0.1111,0.0833,0,0,0,0.0455,0
"locus4205",0,0,0,0,0,0.0833,0.0556,0.0909,0,0,0,0,0,0.0417,0,0,0.0625,0.0556,0.0833,0,0,0,0,0.2917
"locus4206",0.3333,0.375,0.25,0.3636,0.2143,0.2917,0.2222,0.3636,0.3125,0.2,0.375,0.0556,0.4375,0.25,0.4444,0.3333,0.0625,0.4444,0.5,0.3333,0.25,0.45,0.2727,0.3333
"locus4207",0.4583,0.3125,0.45,0.3636,0.4286,0.4583,0.2778,0.4545,0.4375,0.35,0.4375,0.3333,0.4375,0.4583,0.4444,0.5,0.4375,0.2222,0.3333,0.1667,0.3,0.3,0.4545,0.5
"locus4208",0,0.0625,0.05,0.0909,0.4286,0.1667,0.2222,0.0909,0.0625,0.05,0.125,0.1111,0.125,0.2083,0,0.1667,0.1875,0,0.25,0.2222,0,0.05,0.1818,0.375
"locus4209",0.125,0.125,0,0,0,0,0,0.0455,0.1875,0,0.0625,0,0.4375,0,0.0556,0,0.125,0.0556,0,0,0,0,0.0455,0
"locus4210",0,0,0.05,0.0455,0.0714,0,0.0556,0,0.125,0.1,0.0625,0.1667,0.0625,0,0,0.1667,0.125,0,0,0,0,0,0.0455,0.25
"locus4211",0,0,0.05,0,0,0,0,0.0909,0,0.1,0,0,0,0.0833,0,0,0,0.0556,0,0,0.05,0.05,0,0
"locus4212",0,0.0625,0,0,0.2143,0.0833,0,0,0.0625,0.15,0,0.1111,0,0,0,0,0,0.0556,0,0,0,0,0,0
"locus4213",0,0.0625,0,0.0909,0,0.1667,0,0.0909,0.0625,0,0.0625,0.0556,0,0.1667,0,0,0.0625,0,0.0833,0.0556,0.05,0.25,0.1818,0
"locus4214",0.0417,0.125,0.35,0,0,0,0,0.5,0.0625,0.1,0,0,0.25,0.4167,0,0,0.375,0.5,0.0833,0,0,0.2,0,0.0417
"locus4215",0,0.0625,0.05,0.2273,0.1429,0.0833,0.1667,0,0,0,0.0625,0.0556,0,0.125,0,0.1667,0.0625,0,0.1667,0,0,0,0,0.125
"locus4216",0,0,0,0,0.0714,0.0833,0.0556,0,0,0,0,0,0,0,0,0,0.0625,0.1111,0,0,0,0,0,0.125
"locus4217",0.125,0.0625,0.2,0.0909,0.2143,0.2083,0.2222,0.2273,0.0625,0.1,0.125,0,0.125,0.125,0,0,0.125,0.0556,0.4167,0.1667,0,0.2,0.2273,0.25
"locus4218",0,0,0,0.1818,0,0,0.0556,0,0,0,0,0,0,0,0,0,0,0,0,0,0.25,0,0,0
"locus4219",0.4583,0.4375,0.4,0.3182,0.5,0.375,0.3889,0.4545,0.25,0.45,0.25,0.4444,0.375,0.3333,0.3333,0.1667,0.4375,0.5,0.0833,0.3889,0.45,0.4,0.4545,0.3333
"locus4220",0,0.25,0,0,0.2143,0.125,0.0556,0.0455,0.125,0.05,0.125,0,0.0625,0,0,0,0.0625,0,0,0,0.05,0.05,0.0455,0.2083
"locus4221",0,0.1875,0,0,0.0714,0.1667,0,0.0909,0,0.3,0,0.1667,0,0,0.0556,0,0,0,0,0.0556,0.1,0,0.0455,0.0417
"locus4222",0.2917,0.375,0.5,0.2273,0.5,0.4583,0.3889,0.2273,0.1875,0.45,0.3125,0.2778,0.25,0.4583,0.0556,0,0.5,0.3889,0.4167,0.5,0.15,0.25,0.2727,0.4583
"locus4223",0.0417,0,0,0,0,0.3333,0,0.2273,0,0,0.125,0,0,0.0833,0.0556,0,0,0.1667,0.0833,0,0,0,0.2273,0.0417
"locus4224",0.0417,0.0625,0.05,0.0455,0,0,0.0556,0.0909,0,0,0.0625,0,0,0.0417,0,0,0,0,0,0,0.2,0.05,0,0.0833
"locus4225",0,0.125,0.45,0.0455,0.0714,0,0.2222,0.5,0.125,0.15,0,0,0.3125,0.4167,0.0556,0,0.5,0.3889,0.0833,0.0556,0,0.2,0,0.125
"locus4226",0.1667,0.4375,0.1,0,0.2143,0.5,0.4444,0.1364,0,0.2,0.375,0.4444,0.1875,0.1667,0.3889,0.1667,0.375,0.1111,0.0833,0.4444,0.15,0.25,0.1364,0.2083
"locus4227",0.0833,0.375,0.15,0.1364,0.0714,0.0833,0,0.2273,0,0.15,0.3125,0.1111,0.0625,0.25,0.0556,0,0.0625,0.1111,0.0833,0.0556,0.1,0.2,0.2727,0.0417
"locus4228",0.1667,0,0.15,0.0909,0,0,0,0.1818,0,0,0.0625,0,0,0.0417,0.1111,0,0,0,0,0.1111,0,0,0.0455,0.0417
"locus4229",0.0833,0.5,0.2,0.0909,0.5,0.4167,0.2222,0.4545,0.3125,0.3,0.5,0.3333,0.25,0.4167,0.1667,0.3333,0.375,0.0556,0.3333,0,0.1,0.3,0.1364,0.375
"locus4230",0,0,0.25,0,0,0,0,0,0.0625,0.05,0,0,0,0.1667,0.0556,0,0,0,0,0,0,0.15,0.0909,0
"locus4231",0,0,0.15,0,0,0,0,0.0455,0,0.1,0.0625,0.0556,0,0.0417,0,0,0,0,0.1667,0.0556,0,0.05,0.0455,0
"locus4232",0.2083,0.1875,0.1,0.0909,0.2143,0.1667,0.1667,0,0,0.25,0,0.1111,0,0.2083,0.1111,0,0.25,0,0,0,0.2,0.15,0.2727,0.3333
"locus4233",0,0.1875,0,0.4091,0,0.0833,0,0.0909,0,0,0,0,0,0,0.0556,0.1667,0,0.0556,0,0.5,0.1,0,0.1364,0
"locus4234",0,0.25,0.1,0,0.2143,0.5,0,0,0.125,0.5,0.1875,0.5,0.0625,0.0417,0,0,0.125,0.1667,0.1667,0,0.1,0.05,0.2727,0.1667
"locus4235",0,0.0625,0.15,0,0,0.2083,0.0556,0,0,0.15,0,0,0.0625,0.0833,0,0,0.0625,0,0,0,0,0,0.0909,0.0417
"locus4236",0.0833,0.5,0.1,0.0909,0.1429,0.4167,0.3333,0.0909,0.25,0.35,0.125,0.1667,0.0625,0.2083,0.1111,0.1667,0.0625,0,0,0.0556,0,0.1,0.0455,0.375
"locus4237",0.0417,0.3125,0.2,0.2273,0.0714,0.4167,0.3333,0.1364,0.125,0.4,0.0625,0.3889,0,0.25,0,0,0,0.1111,0,0.0556,0.05,0.25,0.0455,0.2083
"locus4238",0.25,0.125,0.1,0.1818,0.0714,0,0.0556,0.2273,0.0625,0.05,0.125,0.1667,0.125,0.0417,0.0556,0.1667,0.0625,0.1111,0,0,0.15,0.25,0.0909,0.2083
"locus4239",0.0417,0.0625,0.05,0,0.1429,0.0833,0.0556,0,0.0625,0.1,0,0,0,0.0417,0.0556,0,0.0625,0.0556,0,0,0,0.15,0.1364,0.0417
"locus4240",0,0.375,0.1,0,0.2143,0.2083,0.4444,0.0909,0.0625,0.45,0,0.3333,0.0625,0.0833,0,0.1667,0.125,0,0,0,0,0.1,0.0455,0.3333
"locus4241",0.0417,0,0,0.0455,0,0,0,0.2273,0,0,0,0,0.125,0.0417,0.0556,0,0,0.0556,0,0,0.05,0.2,0,0
"locus4242",0.4583,0.375,0.5,0.4091,0.4286,0.4583,0.3889,0.3182,0.5,0.25,0.4375,0.2222,0.5,0.4167,0.3333,0.5,0.375,0.5,0.5,0.2222,0.45,0.5,0.3182,0.375
"locus4243",0,0.125,0.05,0.0909,0.2857,0.125,0.1667,0,0.0625,0,0.0625,0.1667,0,0.2083,0,0.1667,0.0625,0,0,0,0,0,0.0909,0.0833
"locus4244",0,0,0.05,0,0.0714,0.125,0.4444,0.0455,0,0,0,0,0,0.125,0,0,0.125,0,0.1667,0,0,0,0.0455,0.1667
"locus4245",0.4167,0.0625,0,0.0909,0,0,0.1111,0.0909,0.125,0,0,0,0.1875,0.125,0.4444,0.3333,0,0.3889,0.3333,0.3333,0.4,0,0.2727,0.0833
"locus4246",0.0833,0,0,0.0455,0,0,0,0.3636,0,0,0.0625,0,0,0,0,0,0,0.1111,0,0,0,0,0,0
"locus4247",0,0,0,0.1364,0,0.0417,0,0,0.125,0,0.125,0,0.0625,0.0833,0,0,0.125,0,0,0,0,0.15,0,0.0833
"locus4248",0,0,0.05,0,0,0,0.0556,0.0455,0,0,0.0625,0,0,0.125,0,0.1667,0.125,0,0.3333,0,0,0.05,0,0
"locus4249",0,0.0625,0,0,0.1429,0.25,0.0556,0.0455,0,0.3,0,0.0556,0,0,0.1111,0.1667,0.0625,0,0,0,0.05,0,0.0455,0.0417
"locus4250",0.125,0.1875,0.15,0.2273,0.0714,0.0833,0.1111,0.2273,0.0625,0,0,0,0.125,0.25,0,0.5,0.3125,0.1111,0.0833,0.0556,0.2,0.15,0.1364,0.2083
"locus4251",0.0417,0.125,0.45,0.0455,0.2143,0.1667,0.2222,0.0455,0,0,0.4375,0.1111,0.125,0.25,0.1111,0.1667,0.375,0.1111,0.4167,0.0556,0.15,0.3,0.3182,0.2083
"locus4252",0.4167,0,0.4,0.2273,0,0,0.1111,0.3636,0.125,0.05,0,0,0.3125,0.4167,0.3889,0.3333,0.125,0.2222,0,0.2222,0.15,0.25,0,0
"locus4253",0.3333,0,0,0,0,0.0833,0.0556,0.1364,0,0.1,0.0625,0,0.0625,0.2083,0.1667,0.1667,0.0625,0,0.0833,0.4444,0.15,0.05,0.0455,0.125
"locus4254",0.4583,0.4375,0.35,0.4545,0.2857,0.3333,0.2222,0.4545,0.4375,0.3,0.5,0.2778,0.5,0.4167,0.4444,0.5,0.5,0.3889,0.1667,0.4444,0.3,0.45,0.4091,0.25
"locus4255",0.0833,0.0625,0.05,0.0909,0,0,0,0.0909,0,0,0,0,0.125,0.0417,0.0556,0.1667,0,0.1111,0.0833,0,0.15,0.15,0,0.0417
"locus4256",0.2083,0.0625,0,0.0909,0,0,0,0,0.3125,0,0.0625,0,0.0625,0,0.2222,0,0,0.0556,0,0,0.1,0.1,0,0
"locus4257",0,0,0.05,0.0909,0.2857,0.4583,0.3889,0.0455,0,0.25,0.25,0.2778,0,0.2917,0,0.3333,0.25,0,0.3333,0.1111,0.05,0.05,0.1364,0.375
"locus4258",0.3333,0.375,0.35,0.2273,0.4286,0.375,0.4444,0.4091,0.375,0.15,0.3125,0.3333,0.4375,0.4167,0.3889,0.1667,0.4375,0.3889,0.4167,0.1111,0.4,0.45,0.4091,0.4167
"locus4259",0.125,0,0,0.3182,0,0,0,0,0,0.05,0,0,0,0,0,0.1667,0,0,0,0,0.25,0.05,0.0455,0
"locus4260",0.0833,0,0.15,0,0,0,0.0556,0.0455,0,0.15,0.0625,0,0,0.2083,0.1111,0,0.0625,0,0.0833,0,0.1,0.15,0.0909,0.0417
"locus4261",0.2083,0.375,0.4,0.4545,0.2143,0.2083,0.5,0.3182,0.125,0,0.25,0,0.25,0.25,0.4444,0.1667,0.4375,0.4444,0.3333,0.4444,0.3,0.45,0.2273,0.375
"locus4262",0.125,0.125,0.15,0.0909,0.2143,0.0417,0.3333,0.0909,0.1875,0.35,0,0.2222,0.25,0.2083,0.1111,0.1667,0.0625,0.1667,0.25,0.1111,0.1,0.15,0,0.375
"locus4263",0,0.125,0.45,0.0455,0.4286,0.0833,0.2222,0.4091,0.0625,0.2,0.125,0.1111,0.125,0.4167,0,0.1667,0.5,0.0556,0.3333,0,0,0.35,0.0455,0.3333
"locus4264",0.2917,0.25,0.25,0.0455,0.4286,0.4583,0.0556,0.2273,0.375,0.5,0.125,0.4444,0.1875,0.0417,0.1111,0.3333,0.0625,0.3889,0.0833,0.0556,0.25,0,0.3182,0.0417
"locus4265",0.0833,0.0625,0.1,0,0.1429,0.0417,0.1667,0,0.0625,0,0.0625,0,0,0.0417,0.1667,0.1667,0,0.0556,0,0,0.05,0.1,0.0909,0.125
"locus4266",0,0.1875,0.05,0,0,0.0833,0,0.0455,0.0625,0,0,0,0,0.0417,0,0,0.0625,0.1111,0.1667,0,0.1,0.05,0,0.0833
"locus4267",0.0833,0,0,0,0,0,0.0556,0,0,0,0.0625,0.0556,0,0.0417,0,0,0,0,0,0.0556,0,0.05,0,0.125
"locus4268",0,0.0625,0.1,0.0455,0,0.0417,0.0556,0.0455,0.0625,0.05,0,0.1111,0,0,0,0.1667,0,0,0,0,0.05,0,0,0
"locus4269",0.0833,0.125,0,0,0,0.125,0,0,0,0.1,0.0625,0.1111,0.1875,0,0.0556,0,0,0.1667,0.0833,0.0556,0,0,0,0
"locus4270",0.25,0.4375,0.2,0.3182,0.4286,0.4167,0.5,0.2273,0.4375,0.4,0.1875,0.2222,0.1875,0.125,0.1111,0,0.25,0.2222,0.0833,0.1111,0.05,0.3,0.3636,0.3333
"locus4271",0,0,0.1,0.0455,0.1429,0,0.1111,0,0.0625,0,0.0625,0,0,0,0,0,0.1875,0.0556,0.3333,0,0,0,0.1364,0.2917
"locus4272",0.125,0,0.15,0.0909,0,0.0417,0,0.0909,0,0.05,0,0,0.0625,0.1667,0,0,0.1875,0.1111,0.0833,0,0.05,0.2,0.1818,0
"locus4273",0,0.0625,0,0.0455,0.2143,0.2083,0.0556,0.1818,0.5,0.2,0,0.0556,0.0625,0.0833,0,0,0,0,0,0.0556,0.05,0,0,0.0417
"locus4274",0.0417,0.125,0,0,0,0.0417,0,0.0455,0.125,0.2,0,0.2222,0,0.0417,0,0,0.0625,0,0,0,0.05,0,0.0455,0
"locus4275",0.1667,0,0,0.3636,0.0714,0,0,0,0,0,0,0,0,0,0,0.1667,0,0,0,0.4444,0.15,0.05,0.1364,0
"locus4276",0.25,0.375,0.15,0.2727,0.2143,0.25,0.2222,0.0455,0.125,0.45,0.125,0.5,0.0625,0.0833,0.2222,0,0.0625,0.3333,0.0833,0.0556,0.2,0.15,0.0455,0.25
"locus4277",0.125,0,0,0.0909,0,0,0.0556,0.0455,0.125,0,0.125,0.1111,0.0625,0.0417,0.1111,0.1667,0.0625,0.0556,0,0.0556,0.25,0.2,0,0.0417
"locus4278",0,0.125,0.2,0,0,0.0417,0,0.0909,0,0.15,0,0.0556,0.0625,0.0833,0,0,0.25,0,0.0833,0,0,0.05,0,0
"locus4279",0.0833,0.1875,0.1,0.0909,0,0.25,0,0.0455,0.0625,0,0.125,0,0.125,0.1667,0,0,0,0.1111,0.25,0,0.15,0.2,0.0455,0
"locus4280",0,0.125,0.05,0.1818,0,0.1667,0.1111,0.0455,0,0,0.0625,0,0,0.125,0,0,0.25,0,0.5,0,0.1,0,0,0.2917
"locus4281",0.3333,0.1875,0.45,0.4091,0.2857,0.4167,0.2778,0.4091,0.5,0.2,0.3125,0.2778,0.5,0.5,0.3889,0.5,0.375,0.3333,0.3333,0.3333,0.35,0.3,0.3182,0.3333
"locus4282",0,0.0625,0,0.0455,0.1429,0.0417,0.0556,0.1818,0,0,0,0,0.0625,0,0.0556,0,0,0,0.0833,0.0556,0.05,0.05,0.0455,0.125
"locus4283",0,0.125,0.05,0,0,0.0833,0.0556,0.0909,0.0625,0,0,0.0556,0,0.125,0,0,0.0625,0,0,0,0.15,0.05,0,0
"locus4284",0.0833,0,0.05,0.1818,0,0.125,0.0556,0.0455,0.1875,0,0.25,0,0.25,0.125,0.0556,0,0.1875,0,0.1667,0.0556,0,0.1,0.3182,0.125
"locus4285",0.375,0.1875,0.15,0.0909,0,0,0.2222,0.1818,0,0.2,0.3125,0,0.0625,0.2917,0.5,0.5,0.0625,0.1111,0.5,0.2222,0.2,0.15,0.3636,0.1667
"locus4286",0.0417,0,0.05,0,0,0,0,0.0455,0.0625,0.05,0.0625,0,0,0.0833,0,0,0,0.0556,0,0,0.05,0.1,0.0455,0
"locus4287",0.0417,0,0,0.1818,0,0.0417,0.0556,0,0.1875,0,0,0,0.0625,0,0.0556,0.1667,0.0625,0.1111,0,0.5,0.15,0,0,0
"locus4288",0.0833,0.125,0.05,0.0455,0,0.25,0.2778,0.1364,0,0.05,0,0.1111,0.0625,0.0833,0,0,0.1875,0,0.1667,0.2222,0.05,0,0.0455,0.1667
"locus4289",0.375,0.125,0.3,0.4091,0,0.0417,0.0556,0.2727,0.5,0.05,0.4375,0.1667,0.3125,0.25,0.2222,0.3333,0.1875,0.2778,0.25,0.2778,0.5,0.1,0.4545,0
"locus4290",0.0833,0,0.05,0.0909,0.0714,0.125,0.2222,0,0,0.05,0,0,0.0625,0.0833,0.1667,0.1667,0,0.0556,0,0,0.05,0.05,0.0909,0.3333
"locus4291",0.4583,0.4375,0.45,0.5,0.1429,0.4167,0.4444,0.4545,0.3125,0.35,0.375,0.4444,0.4375,0.375,0.3333,0.5,0.375,0.2778,0.5,0.3889,0.35,0.45,0.5,0.375
"locus4292",0,0.0625,0.1,0,0,0.0833,0.0556,0,0,0,0,0,0.0625,0.1667,0,0.1667,0.0625,0.0556,0.1667,0.1111,0,0.1,0,0.0833
"locus4293",0.4167,0.4375,0.45,0.4545,0.3571,0.4167,0.3889,0.4545,0.375,0.35,0.5,0.5,0.375,0.5,0.3889,0.5,0.5,0.4444,0.4167,0.4444,0.45,0.45,0.4091,0.4167
"locus4294",0,0,0.1,0,0,0,0.0556,0.1818,0,0,0,0,0,0.0417,0,0,0,0,0,0,0,0.25,0,0
"locus4295",0.0417,0.25,0.35,0.1818,0.3571,0.125,0.3333,0.5,0.4375,0.3,0.5,0.1111,0.375,0.4583,0,0.5,0.5,0.3333,0.3333,0.0556,0.15,0.35,0.4091,0.25
"locus4296",0,0,0,0,0,0,0,0.0455,0,0,0,0,0.125,0.1667,0,0,0,0.1667,0,0,0,0.1,0,0
"locus4297",0.2917,0.0625,0.15,0,0,0,0,0.1818,0.0625,0,0.0625,0,0.125,0.0833,0,0,0,0.3333,0,0.1111,0.2,0.05,0.0909,0
"locus4298",0.2083,0.1875,0.05,0.0455,0.2143,0.125,0.1111,0.2727,0.0625,0.2,0.125,0.0556,0.0625,0.1667,0.4444,0.1667,0.0625,0.3333,0,0.3333,0,0.1,0.1364,0.0833
"locus4299",0.0833,0.1875,0,0.0909,0,0.0417,0,0.1364,0,0,0,0,0,0,0.2222,0.1667,0,0.0556,0,0.0556,0.05,0,0.1364,0
"locus4300",0.3333,0.3125,0.3,0.2273,0,0.1667,0.2222,0.2273,0.4375,0.2,0.3125,0.1111,0.4375,0.2917,0.3889,0.5,0.375,0.3889,0.4167,0.5,0.3,0.2,0.4091,0.0417
"locus4301",0.2083,0.375,0.2,0.4545,0.2857,0.4583,0.2222,0.1818,0.3125,0.4,0.375,0.1667,0.375,0.2917,0.1667,0.3333,0.3125,0.3889,0.3333,0.3333,0.4,0.35,0.4545,0.375
"locus4302",0,0,0,0.1818,0.0714,0,0,0,0.0625,0,0,0,0.0625,0,0,0.3333,0,0,0,0.0556,0.1,0,0,0
"locus4303",0.0833,0,0.1,0,0,0.0417,0,0,0,0.05,0,0,0,0.2083,0,0,0,0,0,0,0,0,0,0
"locus4304",0,0,0,0,0,0.1667,0,0,0,0.05,0,0,0.1875,0,0.0556,0,0,0.0556,0,0,0.05,0,0,0
"locus4305",0.0833,0.3125,0.2,0,0,0.0833,0.0556,0.1364,0.1875,0.05,0,0,0.1875,0.2083,0.1667,0.1667,0.0625,0.0556,0.0833,0.1111,0.1,0.05,0.1818,0.0417
"locus4306",0.0833,0.125,0,0.0909,0,0.0833,0,0.0455,0.1875,0,0,0,0.0625,0.2083,0.2778,0,0.125,0.0556,0.0833,0,0.05,0,0.1818,0
"locus4307",0,0.0625,0,0,0,0.1667,0,0,0,0.2,0,0.2778,0,0,0,0,0,0,0,0,0,0,0.0909,0
"locus4308",0,0.375,0,0,0.5,0.4167,0.0556,0.1364,0,0.45,0,0.3889,0.0625,0.1667,0,0,0,0,0,0,0.1,0,0,0.1667
"locus4309",0.125,0.3125,0.25,0.1818,0.0714,0.2917,0.2222,0.0455,0.1875,0.2,0.0625,0.0556,0.25,0.0833,0.1111,0.1667,0.25,0,0.3333,0.1111,0.05,0.1,0.0455,0.125
"locus4310",0.0833,0,0,0,0,0,0,0,0,0,0,0,0,0.0833,0.2778,0,0,0,0,0,0.3,0,0,0
"locus4311",0,0,0.15,0,0,0,0,0.0455,0,0,0,0.1667,0.0625,0.125,0,0,0.125,0,0,0,0.05,0,0.0455,0.0833
"locus4312",0.2917,0,0,0,0,0,0,0,0,0,0,0,0,0,0.1111,0,0,0,0,0,0,0,0.1364,0
"locus4313",0,0,0.35,0.0455,0,0,0,0.0909,0,0.05,0,0,0.0625,0.1667,0,0,0.25,0,0.0833,0,0,0.05,0.0455,0
"locus4314",0.2083,0.3125,0.35,0.4091,0.0714,0.1667,0.1667,0.3182,0.5,0.2,0.4375,0.2222,0.125,0.3333,0.1667,0.5,0.25,0.5,0.4167,0.3333,0.35,0.4,0.3182,0.4167
"locus4315",0,0.0625,0,0.0455,0,0,0.0556,0,0.0625,0.2,0,0,0,0.0417,0.0556,0,0,0.1111,0,0,0,0.1,0,0.0417
"locus4316",0.2083,0.0625,0.2,0.0455,0.3571,0.1667,0.3889,0.0909,0.125,0,0.125,0.0556,0.1875,0.2083,0.0556,0.1667,0.3125,0,0.25,0,0,0.35,0.1818,0.375
"locus4317",0.4583,0.25,0.15,0.4545,0.1429,0.3333,0.2222,0.4545,0.25,0.15,0.3125,0,0.4375,0.25,0.5,0.1667,0.1875,0.3889,0,0.3333,0.3,0.35,0.3636,0.375
"locus4318",0.4167,0.25,0.15,0.4091,0.2143,0.2917,0.3889,0.2727,0.25,0.3,0.4375,0.2222,0.4375,0.5,0.4444,0.5,0.375,0.2778,0.4167,0.4444,0.5,0.45,0.3636,0.375
"locus4319",0.0417,0,0,0.0909,0,0,0,0.0909,0,0,0.25,0,0.375,0.0417,0.0556,0,0.125,0,0,0.1667,0.15,0.2,0,0
"locus4320",0.0833,0.125,0,0,0,0,0.1667,0,0.0625,0.2,0.0625,0.0556,0.0625,0.25,0.0556,0,0.125,0,0.1667,0.4444,0,0.25,0.4545,0.0417
"locus4321",0.2083,0,0.05,0.3182,0.0714,0.0833,0.1111,0,0.25,0.05,0,0,0.125,0.125,0,0.1667,0,0,0,0.3333,0.15,0.05,0.0909,0.1667
"locus4322",0.0417,0.0625,0,0,0,0.1667,0,0,0,0.2,0,0.2222,0,0.125,0.0556,0,0,0,0,0.1111,0,0,0,0
"locus4323",0.125,0.125,0.15,0.0909,0.1429,0.3333,0.1111,0.1818,0,0,0.1875,0.1111,0,0.0417,0,0,0.0625,0,0.1667,0,0,0.05,0,0.125
"locus4324",0,0,0.15,0.0909,0,0,0,0,0.0625,0.05,0.0625,0.0556,0.125,0.1667,0.0556,0.1667,0,0,0,0.1667,0.05,0,0,0.0417
"locus4325",0.2083,0,0.2,0,0,0,0.2222,0.3182,0,0.05,0.0625,0,0.3125,0.375,0,0.3333,0.3125,0.2778,0.3333,0.3889,0.2,0.4,0.0909,0.1667
"locus4326",0.125,0,0,0,0,0.1667,0,0,0,0,0.25,0,0,0.0833,0.0556,0.3333,0.125,0,0.1667,0.0556,0.05,0.2,0.1818,0.0833
"locus4327",0.0833,0,0,0.4545,0.1429,0,0,0.2727,0,0.1,0,0,0.0625,0.0833,0.0556,0.1667,0.0625,0.3333,0,0.2778,0.45,0.2,0,0
"locus4328",0,0.25,0.25,0.0455,0,0.1667,0.2222,0.3182,0,0.05,0,0,0.125,0.3333,0.0556,0,0.25,0.1667,0,0,0,0.1,0,0.125
"locus4329",0.375,0.0625,0.4,0.0909,0.2857,0.125,0.3889,0.4545,0.0625,0,0.25,0,0.5,0.5,0.3333,0.5,0.4375,0.4444,0.4167,0.3333,0.1,0.4,0.4091,0.4583
"locus4330",0.0417,0,0,0.1364,0,0,0,0,0,0,0.1875,0,0.0625,0.0417,0,0,0,0,0,0,0.25,0,0,0
"locus4331",0.0417,0.0625,0.05,0.2727,0,0.0417,0.0556,0.2273,0,0,0.125,0,0.1875,0.25,0.0556,0,0,0.0556,0,0.0556,0.1,0.05,0.0455,0
"locus4332",0.0417,0,0,0,0,0,0,0,0,0,0.0625,0,0,0,0.1111,0.1667,0,0.0556,0.0833,0.2222,0.05,0,0,0
"locus4333",0.1667,0.4375,0.25,0.3182,0.4286,0.5,0.2222,0.3636,0,0.35,0.3125,0.4444,0.375,0.4167,0.0556,0.3333,0.375,0.4444,0.5,0.1111,0.25,0.25,0.2727,0.25
"locus4334",0.5,0.375,0.45,0.4545,0.4286,0.25,0.2222,0.2727,0.3125,0.45,0.3125,0.0556,0.5,0.2083,0.0556,0.3333,0.1875,0.1667,0.3333,0.4444,0.3,0.45,0.3182,0.375
"locus4335",0,0,0.1,0,0,0.0833,0,0.0909,0.0625,0,0,0,0,0,0.3333,0,0,0,0,0,0,0,0,0
"locus4336",0.2917,0,0,0,0,0.0417,0,0,0,0,0,0,0.25,0,0.2778,0,0,0.1111,0,0.2778,0.1,0.05,0.1364,0.0417
"locus4337",0,0,0.2,0,0,0,0,0.0455,0,0.05,0,0,0,0.125,0,0,0.3125,0,0.0833,0,0,0,0,0
"locus4338",0.2917,0.125,0.1,0.2727,0.2857,0.1667,0.0556,0,0.1875,0.15,0.0625,0.3333,0.0625,0.25,0,0.1667,0.1875,0.0556,0,0.0556,0.25,0.1,0.0455,0.2083
"locus4339",0.0417,0,0.05,0.0455,0,0,0.0556,0.0909,0.1875,0,0,0,0,0,0.1111,0,0.0625,0.1667,0,0,0,0.2,0.0909,0.0417
"locus4340",0,0.1875,0.1,0,0.1429,0.0417,0,0.0909,0,0.05,0.0625,0,0.125,0.0833,0,0,0.0625,0.0556,0,0,0,0,0.1364,0.0833
"locus4341",0.3333,0.125,0.2,0.1818,0,0.2083,0.2222,0.0909,0.4375,0.1,0.3125,0,0.25,0.25,0.3889,0,0.125,0.2778,0.3333,0.0556,0.45,0.25,0.1818,0.2083
"locus4342",0.375,0.3125,0.5,0.5,0.3571,0.3333,0.4444,0.3636,0.4375,0.45,0.4375,0.2778,0.375,0.375,0.2778,0.1667,0.3125,0.4444,0.4167,0.5,0.35,0.5,0.3182,0.375
"locus4343",0.1667,0.25,0.35,0.1364,0,0.4167,0.1667,0.3182,0,0.2,0.0625,0.2778,0.25,0.375,0.1111,0.1667,0.375,0.3889,0.4167,0.0556,0.1,0.15,0.1818,0.2083
"locus4344",0.0417,0,0.05,0,0,0.0833,0,0.0909,0.125,0.1,0,0,0,0,0,0,0.1875,0,0.0833,0,0,0,0,0
"locus4345",0,0.0625,0.05,0.0909,0.1429,0.2083,0.0556,0.0455,0.1875,0.05,0,0.1111,0.125,0.0417,0,0,0.0625,0.1111,0,0.1667,0.05,0.05,0.0455,0
"locus4346",0.1667,0.0625,0,0,0.0714,0.25,0.2778,0.0455,0.0625,0.05,0.125,0,0.125,0.0417,0.3333,0,0.125,0.1111,0.3333,0.3333,0.2,0.1,0,0.2083
"locus4347",0.125,0.1875,0.05,0,0,0.0417,0.1111,0.0455,0,0,0,0.0556,0,0.0417,0.0556,0,0,0,0.1667,0,0,0.05,0,0
"locus4348",0,0,0,0,0.2143,0.0833,0.3889,0,0,0,0.1875,0,0,0,0,0,0.125,0,0.25,0.0556,0,0,0.0455,0.3333
"locus4349",0.2083,0.3125,0.05,0.4545,0,0.25,0,0.0455,0.1875,0.05,0.0625,0.2222,0.125,0.125,0.2222,0,0,0,0.1667,0.0556,0.3,0.1,0.0455,0.0417
"locus4350",0.25,0.375,0.3,0.2727,0.2143,0.4167,0.1667,0.3182,0.3125,0.45,0.1875,0.3333,0.125,0.25,0.2222,0.3333,0.5,0.3333,0.1667,0.3333,0.1,0.25,0.4091,0.2917
"locus4351",0.1667,0,0.3,0,0,0,0.1111,0.3182,0,0,0.125,0.0556,0.0625,0.125,0.1667,0.3333,0.25,0.2778,0.0833,0.4444,0,0.2,0.0909,0.0417
"locus4352",0.2083,0.3125,0.4,0.1364,0.2857,0.3333,0.0556,0.2727,0.4375,0.4,0.375,0.4444,0.5,0.2083,0.1667,0.3333,0.5,0.2778,0.1667,0.1667,0.1,0.45,0.3182,0.0417
"locus4353",0.0417,0.0625,0,0.2727,0.1429,0.0833,0.1111,0,0.1875,0.3,0.125,0.1667,0.1875,0.0833,0.2778,0,0.125,0,0,0,0.3,0,0.1818,0.0417
"locus4354",0,0.0625,0,0,0,0,0.2222,0,0,0,0,0,0,0,0.0556,0,0,0.0556,0.1667,0,0,0,0,0.0417
"locus4355",0.375,0.375,0.45,0.2727,0.3571,0.2083,0.2778,0.3636,0.0625,0.2,0.3125,0.0556,0.375,0.4583,0.2222,0.1667,0.375,0.1667,0.5,0.1111,0.5,0.45,0.5,0.3333
"locus4356",0.2917,0.25,0.3,0.1364,0.0714,0.0833,0,0.3636,0.3125,0.1,0.25,0,0.4375,0.4167,0.3889,0.5,0.375,0.3889,0.25,0.1111,0.05,0.35,0.0455,0.0833
"locus4357",0.1667,0.0625,0,0,0.0714,0,0.0556,0.0455,0,0,0,0,0,0,0.1111,0.1667,0,0.1667,0,0.3333,0.05,0.05,0.0909,0
"locus4358",0,0,0,0,0,0,0.0556,0.0455,0.1875,0,0,0,0.0625,0.0417,0.2222,0,0,0.2222,0,0,0,0,0,0
"locus4359",0,0.3125,0,0,0.5,0.4583,0.4444,0.0455,0.0625,0.3,0.25,0.4444,0.0625,0.0833,0,0,0.0625,0,0.0833,0,0.05,0.1,0.1364,0.4167
"locus4360",0.25,0,0.1,0.1818,0.0714,0.25,0.3333,0.1818,0.3125,0.1,0.4375,0,0.5,0.2917,0.1111,0.3333,0.4375,0.4444,0.1667,0.2778,0.45,0.3,0.4091,0.3333
"locus4361",0,0.125,0,0,0.1429,0,0.2222,0.0909,0,0,0.125,0.1111,0,0,0.1667,0,0.0625,0.1111,0,0,0,0,0.0909,0.0417
"locus4362",0.1667,0,0,0,0,0.0417,0.0556,0,0,0,0.125,0,0.125,0.0417,0.0556,0,0.0625,0,0.0833,0,0.15,0,0.2273,0.0417
"locus4363",0.125,0.0625,0.15,0.0455,0.0714,0.0417,0.2778,0.2273,0.1875,0.35,0.0625,0.5,0.125,0,0.1667,0,0.0625,0.0556,0.0833,0,0,0,0.1364,0.375
"locus4364",0.0417,0.0625,0.2,0.0455,0,0.1667,0.2778,0.1364,0.0625,0.15,0.125,0.1111,0.0625,0.1667,0.0556,0.1667,0.25,0.2222,0.25,0.3333,0.15,0.1,0.0909,0.4583
"locus4365",0.0833,0.0625,0.3,0,0,0,0,0.4091,0,0,0,0,0.0625,0.2917,0,0,0.1875,0.0556,0.0833,0,0.1,0.1,0,0.0833
"locus4366",0.5,0.4375,0.15,0.4545,0.4286,0.2917,0.3889,0.3636,0.5,0.15,0.3125,0.0556,0.4375,0.3333,0.3333,0.5,0.25,0.3889,0.4167,0.0556,0.45,0.4,0.3636,0.4583
"locus4367",0.0417,0,0,0.0455,0,0,0.1111,0.0909,0,0,0.0625,0,0.125,0.0833,0.2222,0.1667,0,0.0556,0,0,0.1,0.15,0,0.0417
"locus4368",0.4583,0,0,0.0455,0,0,0,0,0.0625,0.05,0.0625,0.0556,0.0625,0,0.4444,0.1667,0.0625,0,0.25,0.2222,0.4,0.05,0.3636,0
"locus4369",0,0.125,0.05,0,0,0,0.1667,0.0909,0.0625,0.05,0.0625,0,0.0625,0.0417,0,0,0.0625,0.0556,0,0.0556,0.1,0.05,0,0
"locus4370",0.1667,0,0,0.0909,0,0.3333,0,0.0455,0,0,0,0,0,0.0833,0,0.1667,0.0625,0,0.25,0,0.25,0.05,0.0455,0.0833
"locus4371",0.125,0.125,0.1,0.1818,0,0.0417,0.0556,0.3636,0.0625,0.15,0.125,0.0556,0.125,0.2083,0.2222,0.1667,0.1875,0.0556,0.0833,0,0,0.15,0.0455,0.0833
"locus4372",0.2083,0.3125,0.3,0.1818,0.2143,0.4167,0.3333,0.1818,0.125,0.25,0.125,0.3333,0.25,0.2083,0.1111,0,0.1875,0.0556,0.25,0.1667,0.25,0.1,0.4091,0.4583
"locus4373",0.0417,0.125,0.05,0.0909,0.1429,0,0.2222,0.0909,0,0,0.0625,0,0.125,0.0417,0,0.3333,0,0,0,0.0556,0.25,0.05,0.0455,0.0833
"locus4374",0.375,0,0,0.2273,0,0,0.1111,0.0909,0,0.1,0,0.1667,0.0625,0.0417,0.1667,0.1667,0.0625,0,0.25,0.3333,0.05,0.2,0.0455,0
"locus4375",0.0833,0.4375,0.05,0.1364,0.4286,0.25,0.1111,0.1364,0,0.15,0,0.5,0,0.0417,0,0,0.125,0,0,0.0556,0.05,0,0.0455,0.0833
"locus4376",0.2917,0.375,0.1,0.2727,0.5,0.125,0.2222,0.0909,0.0625,0.4,0.1875,0.5,0.125,0.2083,0.0556,0.3333,0.125,0.2222,0.1667,0.0556,0.45,0.15,0.2727,0.25
"locus4377",0.125,0.0625,0,0,0,0.0833,0,0.0455,0,0,0,0,0,0.125,0.0556,0.1667,0.0625,0.0556,0,0.1667,0.1,0.1,0.0455,0.0417
"locus4378",0.4583,0.4375,0.45,0.4091,0.4286,0.5,0.5,0.3182,0.4375,0.2,0.375,0.2778,0.5,0.5,0.2222,0.1667,0.375,0.5,0.5,0.4444,0.4,0.4,0.4545,0.5
"locus4379",0.0417,0,0,0.1818,0,0,0.0556,0,0,0,0.0625,0,0,0,0,0.1667,0,0,0,0,0.15,0,0.1364,0
"locus4380",0.2083,0,0.2,0.0909,0,0,0.0556,0.1364,0,0.15,0,0,0.0625,0.1667,0.4444,0,0.25,0.2778,0,0,0.05,0.2,0.0909,0.0417
"locus4381",0.125,0.5,0.3,0.0909,0.3571,0.5,0.3889,0.3636,0.3125,0.3,0.4375,0.4444,0.1875,0.4583,0.2222,0.3333,0.3125,0.3333,0.4167,0.4444,0.2,0.3,0.4091,0.2917
"locus4382",0,0,0.05,0.0455,0.0714,0.0417,0,0.1364,0.0625,0,0,0,0,0.0417,0.0556,0,0.0625,0.0556,0,0.2778,0,0.05,0,0
"locus4383",0,0.25,0,0.0455,0,0.125,0.1111,0.0909,0.125,0.25,0.0625,0.2222,0.125,0.125,0,0,0,0,0.1667,0.0556,0,0.1,0,0.0417
"locus4384",0.375,0.125,0.3,0.1364,0.0714,0.0833,0.2222,0.4091,0.3125,0.1,0.3125,0.0556,0.3125,0.3333,0.4444,0,0.3125,0.5,0.4167,0.2778,0.15,0.3,0.4545,0.2083
"locus4385",0.1667,0,0.05,0.0455,0,0.0417,0,0.1364,0,0,0,0,0.1875,0,0.1667,0,0,0,0,0.0556,0.1,0.05,0.0455,0
"locus4386",0.1667,0,0,0,0,0.0833,0.0556,0,0,0,0.0625,0,0,0,0,0,0.0625,0.3333,0,0.3333,0,0,0.0909,0.125
"locus4387",0.0417,0.0625,0.05,0.0909,0,0.2083,0.0556,0.0909,0.0625,0,0.0625,0.0556,0.125,0.0833,0,0.3333,0.125,0,0.4167,0.2778,0,0.1,0,0.25
"locus4388",0.125,0.5,0.4,0.0455,0.4286,0.25,0.3333,0.2273,0,0.35,0.125,0.2778,0.375,0.5,0,0.5,0.25,0.1111,0.3333,0.0556,0.05,0.5,0.4545,0.375
"locus4389",0.4167,0,0,0.3182,0,0.0417,0.0556,0.0455,0.1875,0,0.25,0,0.0625,0.0833,0.4444,0,0,0.1111,0,0.3889,0.35,0,0.3636,0
"locus4390",0.4167,0.5,0.25,0.2727,0.0714,0.4167,0.3889,0.1818,0.25,0.3,0.3125,0.3333,0.1875,0.3333,0.3889,0.3333,0.3125,0.2222,0.0833,0.1667,0.45,0.2,0.3636,0.375
"locus4391",0.0417,0.0625,0.1,0,0,0.0417,0.0556,0,0,0,0,0,0,0,0,0,0.0625,0,0,0.2222,0.1,0,0,0
"locus4392",0.3333,0.4375,0.45,0.4091,0.4286,0.2083,0.3333,0.4545,0.3125,0.1,0.4375,0.1111,0.3125,0.5,0.2778,0.1667,0.5,0.4444,0.25,0.4444,0.35,0.4,0.3636,0.25
"locus4393",0.125,0.0625,0.05,0.0455,0,0,0.0556,0,0.0625,0,0.125,0,0,0,0.1667,0,0,0,0,0.0556,0.05,0.1,0,0
"locus4394",0,0.3125,0.1,0.0455,0.1429,0.125,0.1111,0.1364,0.1875,0.1,0.25,0.1111,0,0.2083,0,0.1667,0.25,0.1111,0.1667,0.0556,0.05,0.25,0.0455,0.125
"locus4395",0.0833,0,0.05,0,0.0714,0.0417,0,0.0455,0,0,0.0625,0.0556,0,0.0417,0,0,0.1875,0,0,0,0,0.1,0,0.0417
"locus4396",0.0833,0.25,0.05,0.0455,0.1429,0.4167,0.3333,0,0.125,0.25,0.4375,0.3889,0.0625,0.0833,0,0,0,0.1667,0.1667,0.0556,0.2,0,0.5,0.2083
"locus4397",0.0417,0,0.05,0,0.1429,0.0833,0.1667,0.2727,0.0625,0,0.125,0,0,0,0,0,0.0625,0,0.1667,0.3889,0,0.25,0.0909,0.2917
"locus4398",0.0833,0,0,0,0,0,0,0.0909,0,0,0.125,0,0,0.0417,0.0556,0.1667,0,0.1111,0,0.1667,0,0.05,0.0455,0
"locus4399",0.0833,0.0625,0,0.0909,0,0.125,0,0,0,0,0,0,0,0,0,0,0,0,0,0,0.05,0,0,0.0417
"locus4400",0.4583,0.5,0.4,0.3182,0.1429,0.4167,0.5,0.4091,0.25,0.45,0.5,0.5,0.4375,0.4583,0.3333,0.3333,0.3125,0.4444,0.5,0.4444,0.45,0.3,0.1818,0.3333
"locus4401",0.0417,0,0.05,0.1818,0.0714,0,0,0.0909,0.0625,0,0.1875,0.0556,0.125,0,0.0556,0.1667,0.0625,0.2222,0,0,0.15,0.05,0.0455,0.125
"locus4402",0,0.1875,0.2,0,0,0.0417,0.0556,0.2273,0.0625,0,0,0.0556,0.125,0.0833,0,0,0.125,0,0,0,0,0.25,0,0
"locus4403",0.1667,0.0625,0.05,0,0,0.0833,0.0556,0.3636,0.5,0.15,0.0625,0.0556,0.125,0,0.3333,0,0.1875,0.4444,0,0.3889,0.35,0.1,0.2273,0
"locus4404",0,0.0625,0,0,0.3571,0.1667,0.1111,0,0,0.45,0.0625,0.4444,0.0625,0,0,0,0,0,0,0,0.05,0.1,0.0455,0.125
"locus4405",0,0,0.05,0.0909,0,0.125,0,0,0,0.1,0.0625,0.1667,0,0.0417,0,0,0,0,0,0,0,0,0.0455,0.1667
"locus4406",0,0.125,0,0.1818,0,0.25,0.1111,0.0909,0.0625,0.15,0,0.3333,0.0625,0,0.1111,0,0.0625,0.1111,0,0,0.2,0.3,0.0909,0.1667
"locus4407",0,0.25,0,0.0455,0.0714,0.0417,0.3889,0.0455,0.0625,0.25,0.0625,0.3333,0,0.0417,0,0,0,0,0,0.1111,0.05,0.05,0,0.0417
"locus4408",0.0833,0.0625,0.4,0.4091,0.2143,0.0417,0,0.1818,0.125,0.05,0,0,0.4375,0.375,0.1667,0.1667,0.25,0.1111,0.1667,0.3333,0.05,0.4,0.1818,0.0833
"locus4409",0.1667,0.3125,0.3,0.0455,0.2143,0.4167,0.3333,0.1818,0.1875,0.15,0,0.4444,0.125,0.25,0.1111,0.1667,0.375,0.0556,0.4167,0.0556,0.1,0.45,0.0909,0.3333
"locus4410",0.1667,0,0,0,0,0,0.0556,0,0,0.05,0.25,0,0.0625,0,0.5,0,0,0,0.0833,0.5,0,0.05,0.0909,0
"locus4411",0.25,0.375,0.25,0.1818,0.3571,0.125,0.1111,0.0909,0.3125,0.2,0.375,0.1667,0.375,0.2083,0.0556,0,0.375,0.3889,0.3333,0.3333,0.2,0.25,0.4091,0.2083
"locus4412",0.125,0.4375,0.05,0,0.2143,0.4167,0.1111,0.0455,0.4375,0.25,0,0.2778,0.0625,0.0417,0,0,0.0625,0,0,0.3889,0.05,0.05,0.1364,0.0833
"locus4413",0,0.4375,0.1,0.0455,0.4286,0.2917,0.1111,0,0.125,0.4,0.0625,0.3889,0.125,0.2917,0.1667,0,0.1875,0.1667,0.1667,0.2778,0.05,0.05,0.0455,0.125
"locus4414",0,0,0.2,0.0455,0.2143,0.0417,0.3889,0.0909,0,0.05,0.125,0,0.0625,0.2083,0,0,0.0625,0.0556,0.4167,0,0,0.1,0.0909,0.3333
"locus4415",0,0,0,0,0.0714,0,0.2222,0,0,0,0,0,0,0,0,0,0,0,0.1667,0.0556,0,0.05,0.0909,0.25
"locus4416",0,0,0.1,0.1364,0,0,0.1111,0,0.0625,0.1,0,0,0.1875,0.0833,0,0,0,0.0556,0.0833,0,0.05,0.15,0,0.0417
"locus4417",0.0833,0,0.05,0.2273,0,0,0,0,0,0,0,0,0,0,0,0,0,0,0,0,0.25,0,0.0455,0
"locus4418",0.2917,0.0625,0.35,0.3182,0,0.0417,0,0.4091,0.125,0.05,0.1875,0,0.1875,0.2917,0.3889,0.3333,0.3125,0.1667,0,0.0556,0.2,0.1,0.1818,0.0417
"locus4419",0.1667,0,0.05,0.0455,0,0,0,0.0455,0,0,0,0,0,0,0.0556,0,0.0625,0.0556,0.0833,0,0.1,0.05,0,0.0417
"locus4420",0.0417,0,0.1,0,0.0714,0.0417,0,0.0909,0,0.05,0,0.0556,0.0625,0,0.0556,0,0.0625,0,0.0833,0,0.25,0.1,0.0455,0.1667
"locus4421",0.125,0,0.1,0.0909,0,0.0417,0.2778,0.1818,0.0625,0,0,0.1111,0.0625,0.2917,0.0556,0,0.125,0.0556,0,0,0.2,0.2,0,0.2083
"locus4422",0.0833,0,0,0,0,0,0.0556,0,0,0.05,0,0,0.0625,0.0417,0.2222,0,0,0.0556,0.0833,0,0.05,0,0.0455,0
"locus4423",0.4167,0.1875,0.4,0.4545,0,0.25,0.1667,0.2727,0.375,0.15,0.25,0,0.375,0.2917,0.4444,0.3333,0.3125,0.4444,0,0.3889,0.4,0.4,0.4545,0.0417
"locus4424",0,0,0.05,0,0,0.0417,0,0,0.0625,0,0,0,0,0.0417,0,0,0,0.1111,0,0,0.05,0,0.1818,0.1667
"locus4425",0.2917,0.375,0.35,0.3636,0.3571,0.4167,0.2222,0.3182,0.1875,0.4,0.25,0.3333,0.125,0.125,0.5,0.5,0.1875,0.2222,0.0833,0.1111,0.2,0.1,0.3636,0.25
"locus4426",0,0,0.15,0,0,0.0417,0,0.1364,0,0,0,0,0,0.1667,0,0,0,0.1111,0,0,0,0.05,0,0
"locus4427",0,0.1875,0.1,0,0,0.125,0,0.0909,0,0.05,0.125,0,0.25,0.2083,0,0,0.0625,0.0556,0.0833,0,0,0,0.0455,0
"locus4428",0,0,0.2,0.0909,0,0,0.1111,0.2273,0.0625,0.1,0.1875,0.0556,0.125,0.0417,0,0,0.0625,0.0556,0.0833,0,0,0.05,0.0455,0.2083
"locus4429",0.0417,0.1875,0,0,0,0.0417,0,0,0.0625,0.1,0,0,0,0.0833,0,0,0,0,0,0,0,0,0.0455,0
"locus4430",0.375,0.1875,0.3,0.4545,0.3571,0.0833,0.4444,0.3182,0.3125,0.1,0.3125,0.0556,0.4375,0.5,0.3333,0.3333,0.3125,0.3333,0.3333,0.2778,0.2,0.4,0.4545,0.4167
"locus4431",0,0,0.1,0,0,0,0,0.0455,0,0,0,0,0.0625,0.0417,0,0,0.125,0,0,0,0.05,0.2,0,0
"locus4432",0.125,0.1875,0.1,0.0455,0,0,0.1111,0.1818,0,0.25,0,0.2222,0,0.125,0.0556,0.3333,0,0.1111,0.0833,0.1111,0.05,0.1,0,0.2083
"locus4433",0.1667,0.1875,0.1,0.0909,0.4286,0.2917,0.3333,0.0455,0,0.3,0.25,0.1667,0.0625,0.125,0.2222,0.1667,0,0,0.0833,0.0556,0.15,0.1,0.2727,0.2083
"locus4434",0,0.25,0,0.0455,0,0.25,0,0,0,0,0.25,0,0.0625,0.0833,0,0.1667,0,0,0.1667,0,0,0,0.0909,0
"locus4435",0.0833,0.125,0.25,0.0909,0,0.0417,0.1111,0.1818,0.125,0,0,0.1111,0.1875,0.2917,0.1111,0,0.1875,0.1667,0,0.1667,0.15,0.2,0.1364,0
"locus4436",0.1667,0.1875,0.2,0,0.0714,0.125,0.1111,0.0455,0,0.05,0.1875,0.1667,0,0.2917,0.1111,0.3333,0.25,0.0556,0.4167,0.1111,0.05,0.05,0.0455,0.125
"locus4437",0.125,0,0,0.0455,0,0,0,0.1364,0,0,0.125,0,0.0625,0.125,0.0556,0.3333,0.125,0.1111,0,0.1111,0.1,0,0,0
"locus4438",0,0,0,0.0455,0.0714,0,0,0.0455,0.1875,0,0,0,0,0,0.1111,0,0.0625,0.0556,0,0.0556,0.1,0,0.0455,0
"locus4439",0,0.0625,0,0,0,0.0417,0.2778,0,0,0,0.125,0.1111,0,0.0417,0,0.1667,0,0.0556,0.0833,0.0556,0,0.05,0.0455,0.0833
"locus4440",0,0,0.05,0,0,0.0417,0,0.0909,0,0,0,0,0.0625,0.125,0,0,0.0625,0,0,0,0,0.15,0,0
"locus4441",0,0,0,0.0909,0,0.0417,0,0,0.125,0,0.0625,0,0.1875,0.0417,0,0,0,0.0556,0,0,0,0.3,0,0
"locus4442",0.2917,0.125,0.15,0.1364,0.1429,0.0417,0,0.1364,0.3125,0.15,0.1875,0,0.25,0.1667,0,0.1667,0.125,0.2778,0.1667,0.2778,0.1,0.2,0.4545,0.4167
"locus4443",0,0.0625,0.15,0.0455,0.0714,0.0833,0.0556,0.0455,0.0625,0.15,0.125,0.1667,0,0.125,0,0,0.0625,0.0556,0.1667,0,0,0.2,0.0455,0.2083
"locus4444",0,0,0.1,0.0909,0.2143,0.25,0.2222,0.0455,0.0625,0.15,0,0,0.0625,0,0.0556,0,0.125,0,0.3333,0,0.1,0.2,0,0.125
"locus4445",0,0,0.1,0,0,0.0417,0,0.0909,0,0.05,0.0625,0,0.125,0.0417,0.1111,0,0,0,0.0833,0.1111,0.05,0.05,0.0455,0
"locus4446",0,0.125,0.05,0,0.1429,0.3333,0.1111,0,0.1875,0.15,0,0.1111,0.0625,0.0833,0,0,0.1875,0,0,0,0,0.05,0.0455,0.0417
"locus4447",0.0417,0,0,0,0,0,0,0.0909,0,0,0,0,0.0625,0,0.1111,0,0,0,0,0.5,0.1,0.1,0.1818,0
"locus4448",0.1667,0.0625,0.2,0.0455,0,0.125,0,0.0455,0,0,0.0625,0,0.0625,0.125,0,0.1667,0.0625,0.2778,0,0,0.2,0.2,0.1818,0.0417
"locus4449",0.0417,0.0625,0,0.0455,0.0714,0.0833,0.2222,0.0455,0.25,0.05,0.0625,0,0,0.0417,0.1111,0,0.0625,0.1111,0.0833,0.2778,0,0,0.0909,0.125
"locus4450",0,0.125,0.2,0.1364,0,0.0417,0.3889,0,0.0625,0.1,0.1875,0.0556,0.3125,0.2083,0.0556,0,0.25,0.1111,0.1667,0.2778,0,0.15,0,0.125
"locus4451",0,0,0.05,0,0,0,0,0.1818,0,0,0,0,0.1875,0.125,0,0.1667,0.1875,0,0,0,0.05,0.15,0.0455,0
"locus4452",0,0.0625,0,0.0455,0,0,0,0.0455,0.0625,0,0.0625,0,0.0625,0.0417,0,0,0.0625,0,0,0,0,0,0,0.1667
"locus4453",0,0.25,0,0,0,0.1667,0.1111,0,0.0625,0,0.1875,0.0556,0.0625,0,0.0556,0,0.25,0,0.1667,0,0,0.1,0,0.2083
"locus4454",0.0833,0,0,0,0,0,0,0,0,0,0,0,0.125,0,0,0,0.0625,0,0.25,0,0.05,0,0,0.0833
"locus4455",0.4167,0.375,0.45,0.2273,0.2143,0.0833,0.1111,0.5,0.4375,0.2,0.1875,0.0556,0.375,0.4167,0.3889,0.3333,0.5,0.3889,0.4167,0.4444,0.3,0.5,0.3182,0.1667
"locus4456",0,0,0,0,0,0,0,0.0909,0.25,0.05,0,0,0,0,0.0556,0,0,0.1667,0,0,0,0.1,0,0
"locus4457",0,0.125,0,0,0,0.0833,0.1111,0,0.125,0.05,0.125,0.1111,0,0.0417,0,0.1667,0.125,0,0.5,0,0,0.15,0,0.0833
"locus4458",0.0417,0.375,0.15,0,0.3571,0.4583,0.0556,0,0,0.2,0.125,0.5,0,0,0,0,0.0625,0.0556,0,0.1111,0,0,0,0.0417
"locus4459",0,0.0625,0,0,0,0.0417,0,0,0.0625,0.05,0,0.2222,0,0,0.0556,0,0.0625,0,0,0.0556,0,0,0,0
"locus4460",0.375,0.4375,0.4,0.4091,0.3571,0.5,0.2778,0.4091,0.125,0.4,0.375,0.5,0.5,0.4167,0.3889,0.1667,0.375,0.2222,0.3333,0.4444,0.35,0.5,0.5,0.2083
"locus4461",0,0,0.05,0.0909,0.0714,0.0417,0,0,0,0,0,0.1111,0.0625,0.0417,0,0,0,0,0.0833,0,0.05,0.05,0,0.0833
"locus4462",0.25,0.125,0.1,0.4545,0.0714,0,0.1111,0.4545,0.375,0.05,0.1875,0.1111,0.3125,0.1667,0.3333,0,0.125,0.5,0.1667,0.3333,0.4,0.1,0.3182,0.125
"locus4463",0.4167,0.375,0.45,0.4091,0.2857,0.4167,0.3333,0.4545,0.5,0.5,0.375,0.4444,0.3125,0.4583,0.4444,0.5,0.4375,0.2222,0.3333,0.1111,0.45,0.4,0.4091,0.5
"locus4464",0,0.125,0.1,0.0455,0.5,0.375,0.3333,0,0.1875,0.45,0,0.2778,0.0625,0.2917,0,0,0.125,0,0.1667,0.0556,0.15,0.1,0.0909,0.375
"locus4465",0.0417,0.1875,0.05,0.0909,0.4286,0.25,0.1667,0,0.0625,0.45,0,0.3889,0.0625,0.0417,0,0,0.0625,0.1111,0.0833,0.0556,0.15,0.4,0.1818,0.0833
"locus4466",0,0,0.1,0,0,0,0.2778,0,0,0.15,0.0625,0,0,0,0,0.1667,0.0625,0,0.0833,0,0,0.05,0,0
"locus4467",0.1667,0,0.05,0.1364,0.0714,0,0.0556,0.0909,0.25,0,0.125,0.0556,0.0625,0.0833,0.3889,0.1667,0.0625,0.2222,0,0.4444,0.25,0.05,0.1818,0.125
"locus4468",0.25,0.0625,0.3,0.2273,0,0,0,0.3636,0,0.2,0.25,0,0.375,0.375,0.3333,0.3333,0.1875,0.3889,0,0.4444,0.3,0.3,0.4545,0
"locus4469",0.4583,0.5,0.4,0.3636,0.4286,0.375,0.3889,0.3636,0.3125,0.45,0.5,0.2222,0.375,0.4167,0.3889,0.3333,0.4375,0.2778,0.4167,0.5,0.4,0.45,0.3636,0.5
"locus4470",0,0,0,0,0.0714,0.0417,0.2778,0,0,0,0,0,0,0,0,0,0,0,0.0833,0,0,0,0.0909,0.375
"locus4471",0,0,0,0.2727,0,0,0,0,0,0,0,0,0,0,0,0,0,0,0,0,0,0.2,0,0
"locus4472",0.4167,0.375,0.45,0.4545,0.2143,0.4583,0.0556,0.3636,0.5,0.35,0.375,0.2222,0.5,0.375,0.3333,0.1667,0.375,0.4444,0.4167,0.3333,0.4,0.5,0.5,0.25
"locus4473",0.0417,0.1875,0.3,0.0909,0.1429,0.0833,0.2778,0.2273,0.0625,0.05,0.1875,0.0556,0.1875,0.2917,0.1667,0.3333,0.125,0.0556,0.0833,0.3889,0.1,0.3,0.0455,0.2917
"locus4474",0.0417,0.1875,0.1,0.0909,0,0.0833,0.0556,0,0.1875,0.15,0.1875,0.0556,0.0625,0.0833,0.0556,0,0.0625,0,0.1667,0.3889,0.05,0.3,0.1364,0.0833
"locus4475",0,0.0625,0.05,0.0909,0.5,0.0417,0.3889,0.0455,0,0,0.1875,0.0556,0.0625,0.125,0,0,0.1875,0,0.3333,0.2222,0.15,0.1,0.0909,0.1667
"locus4476",0.4167,0.25,0.15,0.2273,0.3571,0.2917,0.1667,0.2273,0.5,0.25,0.375,0,0.3125,0.2083,0.4444,0.3333,0.125,0.4444,0.3333,0.3889,0.45,0.25,0.5,0.375
"locus4477",0.125,0,0.15,0.4545,0.1429,0.0833,0.1667,0.0455,0.125,0.2,0.1875,0.1111,0.25,0.1667,0.1111,0.3333,0.0625,0.1667,0.25,0.3889,0.2,0.25,0.1364,0.0833
"locus4478",0.5,0,0.2,0.2273,0.0714,0,0.3333,0.2273,0.125,0,0.125,0,0.1875,0.1667,0.3889,0.3333,0.125,0.1111,0.0833,0.2778,0.35,0.05,0.0909,0.25
"locus4479",0.0417,0.1875,0.2,0.1364,0.1429,0.0417,0,0.0455,0,0.1,0.0625,0,0,0.0417,0,0,0,0.1111,0.0833,0,0.4,0.05,0.1818,0.0417
"locus4480",0.2083,0.0625,0.25,0.1818,0,0,0.0556,0.0455,0,0.1,0.125,0,0,0.2917,0,0,0.1875,0.3889,0,0.0556,0.05,0.1,0.1364,0
"locus4481",0,0,0,0,0.0714,0,0.1111,0,0,0,0,0,0,0,0,0,0,0,0,0.0556,0,0,0.0455,0.375
"locus4482",0.2083,0.375,0.25,0,0.5,0.2917,0.2778,0.1364,0.3125,0.35,0.3125,0.3889,0.125,0.25,0.3889,0.5,0.4375,0.1667,0.1667,0.0556,0.15,0.3,0.1818,0.375
"locus4483",0.0833,0,0,0.1364,0,0,0,0,0,0,0.0625,0,0,0,0.0556,0.1667,0.0625,0,0.25,0.1111,0.05,0,0,0
"locus4484",0.0833,0,0,0,0,0,0,0.0909,0.1875,0,0,0.0556,0.0625,0.0417,0.2778,0,0.125,0.2222,0.0833,0,0,0.15,0.1818,0
"locus4485",0.125,0,0,0.0909,0,0,0,0.1364,0,0,0,0,0.1875,0,0.1111,0.5,0,0.1111,0,0.1111,0.1,0,0,0
"locus4486",0.125,0.0625,0,0.1364,0,0.0417,0,0.0455,0.125,0.1,0.1875,0.1111,0,0.0833,0.0556,0,0.125,0,0,0.0556,0,0.2,0.0909,0.0417
"locus4487",0,0,0.1,0.1364,0,0.0417,0.2222,0.0909,0.0625,0,0.125,0,0.0625,0.25,0.2222,0.1667,0.1875,0.1667,0,0.0556,0,0.1,0.0455,0.0833
"locus4488",0,0.3125,0,0,0.2143,0.2917,0,0,0,0.35,0.0625,0.4444,0,0.0417,0,0,0,0,0,0,0.05,0,0,0.0417
"locus4489",0,0,0,0.0455,0.2143,0.125,0.2778,0.0455,0,0,0.375,0.0556,0,0.25,0.2222,0.1667,0.3125,0.0556,0.4167,0,0.1,0.1,0.2273,0.0833
"locus4490",0,0.1875,0.05,0.0909,0,0.2917,0.0556,0,0,0,0,0.2222,0,0.125,0,0,0.4375,0,0.0833,0,0,0.05,0.0455,0
"locus4491",0.2083,0,0.05,0.3636,0,0.0833,0,0.0909,0,0.05,0.0625,0,0.0625,0.3333,0.1667,0.1667,0.1875,0.0556,0,0.2222,0.35,0,0,0
"locus4492",0.125,0.125,0,0.0455,0,0,0.1667,0.0909,0.125,0,0,0.1667,0.0625,0,0,0,0.125,0.2778,0,0,0.05,0,0,0
"locus4493",0.0417,0.4375,0,0.0909,0.3571,0.25,0.1111,0.0909,0.1875,0.35,0.125,0.2778,0.125,0.0833,0,0,0.0625,0.1667,0.0833,0,0.05,0.25,0.1818,0.0833
"locus4494",0.4167,0,0.15,0.2273,0.3571,0.3333,0.3333,0.1818,0.1875,0.05,0.25,0,0.4375,0.125,0.3889,0.3333,0.25,0.2778,0.4167,0.2778,0.4,0.05,0.3636,0.1667
"locus4495",0.25,0.1875,0.3,0.3636,0.1429,0.3333,0.0556,0.1818,0.375,0.15,0.125,0,0.375,0.2917,0.2778,0.3333,0.3125,0.2778,0.0833,0.1667,0.25,0.35,0.1364,0.0833
"locus4496",0.0417,0.0625,0.2,0.0909,0,0,0,0.0455,0,0,0,0.0556,0.125,0.0833,0.1667,0.1667,0,0,0.1667,0,0,0.1,0,0.0417
"locus4497",0.0417,0,0,0,0.0714,0,0.1667,0,0,0.1,0,0,0.0625,0,0,0,0,0,0,0.2778,0.05,0,0.1364,0.3333
"locus4498",0.2083,0.125,0.05,0.1818,0.0714,0,0.0556,0.2727,0.3125,0.1,0,0,0.5,0.0417,0.2222,0,0.125,0.2222,0.0833,0.2778,0.3,0.2,0.3182,0.0417
"locus4499",0.0833,0.125,0.15,0,0,0.2917,0,0.1818,0,0.3,0,0.3889,0,0.0833,0.4444,0,0.0625,0.1111,0.0833,0,0.1,0.05,0.0455,0.0417
"locus4500",0.0417,0,0,0,0,0,0.1111,0.1364,0.0625,0.05,0,0,0.0625,0.0417,0,0,0,0.1111,0,0.1667,0.05,0.05,0.0455,0
"locus4501",0.1667,0.3125,0.3,0.4545,0.3571,0.2917,0.5,0.5,0.4375,0.4,0.4375,0.2778,0.4375,0.375,0.2222,0.1667,0.375,0.3889,0.25,0.2222,0.35,0.2,0.3636,0.3333
"locus4502",0.0417,0,0,0.1364,0,0.0417,0,0,0.0625,0,0,0,0.1875,0.0417,0.0556,0,0.125,0.1111,0,0,0,0.05,0,0.0833
"locus4503",0.0833,0.1875,0.15,0,0.4286,0.4583,0.5,0,0.125,0.35,0.25,0.3889,0.0625,0.2917,0.1111,0,0.3125,0.0556,0.1667,0,0.05,0.25,0.0909,0.4167
"locus4504",0.3333,0.375,0.4,0.3636,0.2857,0.2917,0.1667,0.4545,0.25,0.3,0.0625,0.3889,0.3125,0.4583,0.3889,0.1667,0.5,0.5,0.3333,0.0556,0.4,0.45,0.2273,0.1667
"locus4505",0.125,0.5,0.3,0.2273,0.4286,0.4167,0.4444,0.1818,0.25,0.35,0.3125,0.5,0.3125,0.4583,0.2222,0.1667,0.375,0.1111,0.5,0.2222,0.2,0.4,0.2727,0.2917
"locus4506",0,0.0625,0.15,0,0,0,0,0.0455,0.0625,0,0,0,0,0.125,0,0,0,0,0,0.0556,0,0.1,0,0
"locus4507",0.0417,0,0.1,0.2273,0,0,0.1111,0,0.0625,0,0.0625,0,0.125,0.25,0.1111,0,0.0625,0.2222,0.0833,0.3333,0.15,0.1,0.1364,0.0417
"locus4508",0.0833,0.0625,0.05,0,0,0,0,0.0455,0,0,0,0,0,0.0833,0,0,0.125,0,0.0833,0,0.05,0,0.0455,0.0833
"locus4509",0.0833,0,0,0.1818,0.0714,0.0417,0,0,0.125,0,0,0,0,0.0833,0.0556,0,0,0.0556,0.1667,0.1111,0.05,0,0,0
"locus4510",0,0.25,0.1,0.0455,0.4286,0.375,0.4444,0,0.3125,0.2,0,0.5,0,0.125,0.0556,0,0.1875,0.0556,0.25,0.0556,0,0,0.3182,0.125
"locus4511",0.4167,0.4375,0.45,0.1364,0.2143,0.5,0.5,0.5,0.1875,0.3,0.4375,0.2778,0.375,0.4583,0.4444,0.3333,0.5,0.3889,0.4167,0.3889,0.1,0.35,0.3636,0.4167
"locus4512",0.125,0.1875,0.35,0.3636,0.0714,0.2083,0.1111,0.2273,0.25,0.05,0,0.2222,0.1875,0.375,0.1667,0.1667,0.3125,0.2222,0,0.1667,0.15,0.3,0,0.125
"locus4513",0,0.0625,0.05,0.0455,0.3571,0.25,0.1667,0.1364,0.125,0,0,0,0,0.0833,0,0.3333,0,0.1111,0,0.1111,0.05,0.1,0.0909,0.125
"locus4514",0.125,0.3125,0.3,0.2273,0.2857,0.3333,0.3889,0.3182,0.25,0.3,0.3125,0.3889,0.3125,0.3333,0.0556,0.5,0.3125,0.2778,0.4167,0.4444,0.4,0.45,0.2273,0.3333
"locus4515",0,0,0.05,0.1364,0,0,0.1111,0,0,0.05,0,0.0556,0,0.0417,0,0,0.0625,0,0.0833,0,0,0.1,0,0
"locus4516",0.2917,0.0625,0,0,0,0,0.0556,0.0909,0,0,0.1875,0,0.0625,0.125,0.3333,0,0.0625,0.0556,0.0833,0,0.05,0.05,0.1364,0.0833
"locus4517",0.4167,0.4375,0.05,0.4545,0.3571,0.375,0.3333,0.0909,0.5,0.45,0.375,0.3333,0.1875,0,0.3333,0.5,0.125,0.0556,0.4167,0.3333,0.2,0.15,0.3636,0.2917
"locus4518",0.125,0,0,0,0,0.125,0.0556,0,0,0,0,0,0,0,0,0,0,0,0,0,0.25,0,0.0909,0
"locus4519",0.0417,0.125,0.05,0,0,0.0417,0.0556,0.0455,0,0,0,0,0.1875,0.1667,0,0,0,0,0,0,0.15,0.1,0,0.0417
"locus4520",0.0833,0.125,0.1,0.1818,0,0.0417,0,0.0455,0,0.05,0.0625,0,0.1875,0.2083,0.2778,0,0,0.0556,0.0833,0,0.35,0.05,0.1364,0
"locus4521",0.2917,0,0,0,0,0,0,0,0,0,0,0,0,0,0.1111,0,0.0625,0.1111,0,0.4444,0.1,0,0,0
"locus4522",0,0.0625,0,0.0455,0,0.0417,0.1111,0,0.375,0.2,0,0,0,0.0417,0.3333,0,0,0.0556,0,0,0.05,0,0.0909,0.0417
"locus4523",0.0417,0,0,0,0,0,0,0,0,0,0,0,0,0.0417,0,0.3333,0,0,0.0833,0.2778,0.05,0,0.0455,0
"locus4524",0,0.25,0,0.0909,0,0.25,0.0556,0.0909,0.0625,0.2,0,0.3333,0.3125,0.125,0,0,0,0.0556,0.3333,0,0,0.3,0.0455,0
"locus4525",0.0417,0,0.1,0,0.0714,0,0.0556,0.1364,0.125,0,0.0625,0,0.0625,0.125,0,0.1667,0.0625,0,0,0.1111,0.05,0.1,0.0455,0.125
"locus4526",0.0833,0,0,0.1364,0.0714,0,0.0556,0,0,0,0,0.1667,0,0,0,0.1667,0,0,0,0,0,0,0.0455,0.0417
"locus4527",0.0417,0,0,0,0,0.1667,0,0,0,0.35,0,0.2778,0,0.125,0,0.1667,0.0625,0,0,0,0.05,0,0.0455,0
"locus4528",0.2917,0,0,0,0,0,0.0556,0,0,0,0,0,0,0,0,0.1667,0,0.1111,0,0.1111,0,0,0,0
"locus4529",0.1667,0.1875,0.5,0.3636,0.2857,0.375,0.2222,0.4545,0.375,0.3,0.4375,0.3889,0.3125,0.375,0.3333,0.3333,0.375,0.3889,0.25,0.3889,0.4,0.35,0.2727,0.3333
"locus4530",0.2083,0.375,0.2,0,0.0714,0.3333,0.3333,0.2273,0.25,0.2,0.125,0.5,0.0625,0.125,0.1111,0.1667,0.0625,0.3333,0.25,0.2778,0.2,0.05,0.2727,0.2917
"locus4531",0.0417,0.0625,0.05,0.0909,0.0714,0.25,0.1111,0.0455,0.25,0.25,0.0625,0.2222,0.0625,0.0417,0.1111,0,0,0.1111,0,0.0556,0.05,0.15,0.1364,0.0833
"locus4532",0.2917,0.125,0,0.4091,0,0,0.2778,0.2727,0.25,0.1,0.3125,0,0.375,0.0833,0.3333,0.1667,0.125,0.4444,0,0.3889,0.1,0.05,0.2727,0
"locus4533",0.5,0.5,0.35,0.4545,0.2143,0.4583,0.1667,0.4545,0.375,0.4,0.5,0.4444,0.3125,0.4167,0.3889,0.1667,0.4375,0.3889,0.4167,0.3333,0.45,0.45,0.4545,0.375
"locus4534",0.0417,0,0.05,0,0,0,0,0.0909,0,0.05,0,0,0,0.25,0,0,0,0,0,0,0,0,0.0455,0
"locus4535",0.375,0.3125,0.5,0.2273,0,0.2083,0.1667,0.3636,0,0.1,0.125,0.1111,0.25,0.375,0.1111,0.1667,0.3125,0.1111,0.1667,0.1111,0.25,0.2,0.1818,0.0833
"locus4536",0.0417,0,0,0.4545,0,0,0.0556,0,0,0.1,0,0,0.25,0,0,0,0.0625,0.0556,0.0833,0,0,0.05,0,0
"locus4537",0.125,0.375,0.15,0.2273,0.4286,0.3333,0.2222,0.1364,0.4375,0.3,0.4375,0.2222,0.0625,0.4167,0,0,0.25,0.0556,0.25,0.0556,0.05,0.35,0.3636,0.2917
"locus4538",0.0417,0.0625,0.1,0.2273,0.4286,0.1667,0.3889,0.2727,0,0.1,0,0,0.0625,0.2917,0.1111,0,0.1875,0.0556,0.4167,0,0.05,0.1,0,0.3333
"locus4539",0.1667,0,0,0.1364,0,0.0417,0.1111,0.0909,0.0625,0,0.0625,0.1667,0,0.0417,0.0556,0.1667,0,0.1667,0,0,0,0.1,0,0.0833
"locus4540",0,0,0,0.3636,0,0,0.0556,0,0,0,0.125,0,0,0.0417,0.0556,0,0,0,0.3333,0.0556,0.05,0,0.0455,0
"locus4541",0.0833,0,0.1,0.0455,0.1429,0,0.2222,0,0,0,0.0625,0,0.0625,0,0.2222,0,0.0625,0.0556,0,0,0,0.05,0,0.1667
"locus4542",0.3333,0.5,0.35,0.2273,0.3571,0.2083,0.3333,0.2273,0.3125,0.2,0.5,0.2778,0.1875,0.2083,0.2222,0.3333,0.1875,0.0556,0.3333,0.0556,0.25,0.4,0.4545,0.4167
"locus4543",0.25,0.5,0.45,0.3636,0.1429,0.25,0.4444,0.4091,0.375,0.5,0.375,0.3889,0.375,0.375,0.5,0.1667,0.5,0.3333,0.25,0.2222,0.4,0.4,0.4545,0.375
"locus4544",0.0417,0,0.05,0.1364,0,0.0417,0.1111,0,0,0.35,0.125,0.2222,0.0625,0.0833,0,0.1667,0,0,0,0,0,0.05,0.0455,0.125
"locus4545",0.1667,0.0625,0,0.0909,0.0714,0.0417,0,0.0909,0.0625,0,0,0.0556,0,0,0.1667,0.1667,0,0,0,0.0556,0.05,0,0.0455,0
"locus4546",0,0,0,0,0,0,0,0,0,0.2,0.1875,0,0,0,0,0.1667,0,0,0,0.3333,0,0,0,0
"locus4547",0.2083,0,0,0,0,0,0,0,0,0,0,0,0.0625,0,0,0,0,0,0,0,0,0.05,0.1364,0
"locus4548",0.0833,0,0,0.1818,0,0.125,0.0556,0.0455,0,0.25,0,0.1111,0.3125,0,0.0556,0,0.1875,0,0.1667,0.0556,0.1,0.1,0,0.0417
"locus4549",0.0833,0,0.1,0,0.1429,0.0833,0,0.0909,0.0625,0,0.125,0,0.3125,0.0417,0.0556,0.3333,0.125,0.2778,0,0,0.15,0.1,0.2727,0
"locus4550",0,0.0625,0.05,0.0455,0.2857,0,0,0,0,0.05,0,0.0556,0.0625,0,0,0.1667,0.0625,0.1111,0,0.1111,0,0,0,0
"locus4551",0.0833,0.0625,0.15,0.0909,0.0714,0.0833,0.1111,0.1364,0.0625,0,0,0.0556,0,0.25,0.1111,0,0.1875,0.0556,0,0,0.05,0.3,0.0455,0.0417
"locus4552",0.4583,0,0.1,0.0909,0,0,0.1111,0.2273,0.125,0,0,0,0,0.0417,0.4444,0,0,0.2222,0,0.3333,0.2,0.05,0.1818,0.0417
"locus4553",0.3333,0.1875,0.4,0.3636,0.0714,0.0833,0.4444,0.4545,0.4375,0.1,0.4375,0,0.1875,0.4583,0.2222,0.3333,0.4375,0.3333,0.5,0.1667,0.4,0.45,0.4091,0.375
"locus4554",0.0833,0,0,0.0455,0,0.0417,0.1111,0.0455,0,0.05,0.1875,0,0,0.125,0,0,0,0.0556,0.0833,0.0556,0.05,0,0.0455,0.0417
"locus4555",0.2083,0.125,0.1,0,0.0714,0,0,0,0.0625,0,0.0625,0,0,0,0.1111,0,0,0,0.0833,0,0.15,0.1,0,0.0417
"locus4556",0.2083,0,0,0,0.2857,0.125,0.0556,0.0455,0.125,0,0,0.1111,0,0,0.0556,0.1667,0,0.0556,0.1667,0.2222,0.25,0,0.0455,0.25
"locus4557",0.0417,0.125,0.2,0.0909,0.0714,0,0,0.1364,0,0.1,0,0.0556,0.125,0.1667,0.1667,0,0.125,0,0,0.1111,0,0.15,0.1364,0.2917
"locus4558",0,0,0.1,0,0.2143,0,0,0.1364,0.125,0.05,0,0,0.3125,0.0833,0,0.5,0.125,0.2222,0,0,0,0,0.3182,0
"locus4559",0.25,0.375,0.45,0.3636,0.0714,0.2917,0.2778,0.5,0.375,0.4,0.5,0.3889,0.375,0.4583,0.1111,0.1667,0.5,0.5,0.4167,0.5,0.35,0.45,0.3182,0
"locus4560",0,0.1875,0.1,0,0.0714,0.0417,0.1111,0,0,0,0.1875,0.1111,0,0.125,0,0,0.0625,0,0.3333,0,0.05,0,0,0.2083
"locus4561",0,0.0625,0,0.1364,0.1429,0,0.1667,0.0455,0,0,0.0625,0,0,0.0417,0.0556,0,0,0.1111,0,0,0.1,0,0.0455,0
"locus4562",0.0417,0.4375,0.5,0.1818,0.3571,0.3333,0.3889,0.2273,0.25,0.35,0.4375,0.4444,0.1875,0.4583,0.0556,0.5,0.3125,0.2778,0.5,0.3889,0.25,0.45,0.1818,0.5
"locus4563",0.2083,0.1875,0.25,0.1364,0.2857,0.2917,0.3889,0.3182,0.5,0.45,0.1875,0.3889,0.3125,0.375,0.3889,0.3333,0.25,0.3889,0.3333,0.1111,0.3,0.4,0.4091,0.3333
"locus4564",0.1667,0.25,0.1,0.0909,0.4286,0.375,0.0556,0.2727,0.1875,0.4,0.1875,0.2778,0,0.25,0.1111,0.1667,0,0.2222,0.25,0.3333,0.1,0.2,0.2273,0.25
"locus4565",0.4167,0.4375,0.4,0.5,0.2143,0.25,0.5,0.3636,0.375,0.15,0.4375,0.1667,0.375,0.2083,0.3333,0.5,0.4375,0.3889,0.5,0.3889,0.3,0.3,0.4091,0.375
"locus4566",0,0.125,0,0,0,0,0.0556,0,0.0625,0.15,0,0.0556,0.125,0,0,0,0,0.0556,0,0.0556,0,0,0.0455,0.0833
"locus4567",0.0417,0.125,0,0.0455,0,0.125,0.1111,0.1818,0,0.05,0,0.0556,0.0625,0,0.1111,0.1667,0.0625,0,0,0.0556,0.05,0.15,0.0455,0
"locus4568",0.4583,0.4375,0.5,0.5,0.4286,0.4583,0.4444,0.3636,0.25,0.45,0.4375,0.3333,0.4375,0.4583,0.5,0.5,0.5,0.3889,0.4167,0.4444,0.4,0.5,0.3182,0.4583
"locus4569",0.1667,0,0,0.3636,0,0.125,0.0556,0.0455,0.0625,0.1,0,0.0556,0.1875,0.1667,0.2222,0.1667,0,0.1111,0,0.4444,0.4,0.05,0.0455,0.0417
"locus4570",0,0.125,0,0.0455,0,0.0833,0.0556,0.0455,0.0625,0,0,0.1111,0.125,0,0.1111,0,0,0,0,0.1667,0,0.1,0,0
"locus4571",0,0,0,0,0.2143,0.0833,0,0,0,0,0.25,0,0,0.0417,0,0,0,0.0556,0.1667,0,0.05,0,0.1364,0.1667
"locus4572",0.0417,0,0.1,0.1818,0,0,0.0556,0.0455,0,0.05,0,0,0,0.1667,0,0,0,0,0.25,0.0556,0,0.1,0,0
"locus4573",0,0,0.1,0,0,0,0.0556,0.1364,0,0,0,0,0,0.2083,0.0556,0,0.0625,0.1111,0,0,0,0.1,0,0.0417
"locus4574",0.1667,0,0.05,0,0,0,0,0,0,0,0.0625,0.1111,0.0625,0.0417,0,0,0,0,0,0,0,0,0,0
"locus4575",0.0833,0,0,0.0455,0,0,0,0.0455,0.125,0,0,0,0,0.0833,0,0,0,0,0,0,0,0.05,0.0909,0.0417
"locus4576",0,0,0.1,0.0455,0,0,0,0,0,0,0,0,0,0,0.0556,0,0,0.0556,0,0.0556,0.1,0.05,0.0455,0
"locus4577",0.0417,0,0.15,0.0455,0,0,0,0.0455,0,0.2,0.0625,0,0,0,0,0,0,0,0,0,0,0.05,0.0455,0
"locus4578",0,0,0.05,0,0,0,0,0,0,0,0,0,0.125,0.2083,0,0,0.0625,0,0,0,0.05,0.15,0,0
"locus4579",0.2917,0.1875,0.05,0.2273,0.2143,0.1667,0.2778,0.1818,0.1875,0.25,0,0.3889,0.125,0.0417,0.0556,0,0,0,0,0.5,0.05,0,0.1818,0.3333
"locus4580",0.2917,0.0625,0.4,0.2273,0,0.125,0.3333,0.2727,0.5,0.1,0.1875,0,0.375,0.5,0.4444,0.3333,0.375,0.5,0.3333,0.4444,0.2,0.3,0.2727,0.2083
"locus4581",0,0.0625,0,0.0909,0.0714,0,0.0556,0.1364,0.0625,0,0,0,0.0625,0,0,0,0.0625,0,0,0,0.25,0.1,0.2727,0
"locus4582",0,0,0.1,0,0,0,0.0556,0.1364,0,0.05,0,0,0.25,0,0,0,0.125,0,0,0,0,0,0.0455,0
"locus4583",0.0833,0,0.05,0,0,0.25,0,0.0909,0.1875,0.25,0,0.4444,0.125,0.125,0,0.1667,0,0.0556,0,0.1111,0.05,0,0,0.0417
"locus4584",0.125,0,0.1,0.0909,0,0.0417,0,0.1818,0.25,0.05,0.0625,0,0.125,0,0,0,0.0625,0.2778,0,0.1667,0,0.15,0,0
"locus4585",0.0417,0,0.05,0.0455,0,0,0,0.0455,0,0.1,0,0,0,0.2917,0.0556,0.1667,0.125,0.0556,0,0,0.1,0.15,0.0455,0
"locus4586",0.0417,0.125,0.25,0,0,0.2917,0.2222,0.0909,0.125,0.1,0.1875,0,0.4375,0.1667,0,0,0.1875,0.1111,0.3333,0.0556,0,0,0.1364,0.1667
"locus4587",0.3333,0.375,0,0.4091,0.5,0.4167,0.3333,0.0455,0.25,0.4,0.375,0.4444,0.125,0.2083,0.2778,0.3333,0.0625,0.1667,0.25,0.2222,0.4,0.2,0.3636,0.4583
"locus4588",0,0.0625,0,0,0.4286,0.125,0.3333,0,0.0625,0.05,0.1875,0.0556,0,0.0417,0.0556,0,0,0,0.3333,0,0,0.05,0.0455,0
"locus4589",0.125,0,0.1,0,0,0.0417,0,0.1818,0.1875,0.2,0,0,0.125,0.125,0.0556,0.1667,0.0625,0,0,0,0,0,0,0.0417
"locus4590",0.2083,0.0625,0.15,0.0909,0,0,0.0556,0.1818,0,0.05,0.125,0,0.1875,0.125,0,0,0.25,0.1667,0,0.4444,0.05,0.2,0.0455,0
"locus4591",0.0833,0.1875,0.05,0.1364,0.4286,0,0.4444,0,0,0,0.0625,0,0,0.0417,0,0.1667,0.0625,0.0556,0,0,0.15,0,0,0.375
"locus4592",0.0417,0.4375,0.25,0.1364,0.3571,0.4583,0.1111,0.2273,0.3125,0.45,0.0625,0.3889,0.5,0.4167,0.0556,0,0.3125,0.3889,0.0833,0,0.05,0.15,0.0909,0.0833
"locus4593",0.2917,0.0625,0,0,0,0,0.0556,0,0,0,0,0,0.0625,0,0.2778,0,0.0625,0.0556,0,0.3889,0.1,0.05,0.0455,0.0417
"locus4594",0.375,0.4375,0.5,0.3182,0.5,0.5,0.3889,0.3636,0.1875,0.35,0.3125,0.5,0.5,0.375,0.0556,0.5,0.1875,0.3889,0.5,0.0556,0.45,0.3,0.4091,0.25
"locus4595",0,0.125,0.05,0,0,0.1667,0.1111,0.0455,0,0.35,0,0.4444,0.1875,0.25,0,0,0.0625,0,0,0,0,0.2,0,0
"locus4596",0.1667,0,0,0.2273,0,0,0.0556,0,0,0,0,0,0.1875,0,0.1111,0.1667,0.0625,0.1667,0.0833,0,0.2,0,0.0909,0
"locus4597",0,0.125,0,0,0,0.0417,0,0,0.125,0,0,0.0556,0,0,0,0,0.0625,0,0,0,0,0,0.0909,0.0417
"locus4598",0.25,0.25,0.2,0.2273,0.2143,0.2917,0.3333,0.2273,0.375,0.4,0.3125,0.3889,0.25,0.3333,0.2778,0.5,0.3125,0.2778,0.5,0.3333,0.35,0.4,0.2273,0.2917
"locus4599",0,0,0,0,0.5,0.375,0.1111,0,0,0.2,0,0.2222,0,0,0,0,0,0,0,0,0.05,0,0.2273,0.2083
"locus4600",0,0,0,0.0455,0,0,0.3333,0,0.0625,0,0.125,0,0,0,0.0556,0,0.0625,0,0.0833,0,0.1,0,0,0.1667
"locus4601",0.0833,0,0,0.2727,0,0.125,0,0,0,0,0,0,0,0,0,0,0.0625,0,0,0,0,0.15,0,0
"locus4602",0.1667,0.3125,0.4,0.4091,0.2857,0.375,0.3333,0.2727,0.125,0.25,0.1875,0.3333,0.375,0.3333,0.1667,0,0.25,0.2222,0.3333,0.0556,0.2,0.25,0.4091,0.2083
"locus4603",0.2083,0.4375,0.15,0.5,0.4286,0.4583,0.3333,0.0455,0.375,0.35,0.375,0.3889,0.25,0.1667,0.2778,0.3333,0.1875,0.0556,0.5,0.2222,0.45,0.05,0.3636,0.375
"locus4604",0,0.125,0.05,0.0455,0.1429,0.0417,0.0556,0.0455,0.0625,0.05,0.4375,0.0556,0.125,0.2917,0,0,0.3125,0.1111,0.25,0.3333,0.15,0.15,0.0909,0.0417
"locus4605",0.4167,0.5,0.45,0.4091,0.3571,0.2083,0.2778,0.5,0.375,0.45,0.4375,0.3889,0.4375,0.4583,0.2222,0.3333,0.25,0.3333,0.4167,0.5,0.3,0.4,0.3182,0.4167
"locus4606",0,0,0,0,0,0,0.0556,0,0,0,0.125,0,0,0,0.0556,0,0,0,0.3333,0,0.05,0,0,0.1667
"locus4607",0.2083,0.5,0.5,0,0.3571,0.1667,0.3333,0.2273,0.4375,0.4,0.3125,0.2778,0.4375,0.25,0.0556,0,0.375,0.1667,0.3333,0,0.25,0.1,0.1364,0.3333
"locus4608",0,0.125,0,0.1818,0,0,0.1111,0,0,0.2,0,0,0.0625,0.0417,0.0556,0.3333,0.125,0,0,0,0,0.05,0.0455,0.0417
"locus4609",0.375,0.375,0.45,0.4545,0,0.125,0.2222,0.4545,0.25,0.05,0.4375,0,0.5,0.5,0.2778,0.3333,0.4375,0.4444,0.3333,0.1667,0.2,0.4,0.4545,0.1667
"locus4610",0.0833,0,0.05,0.1364,0,0,0.0556,0.0455,0.0625,0,0.0625,0,0,0,0,0,0,0.2222,0,0.0556,0.15,0.05,0,0.0417
"locus4611",0,0.375,0,0,0,0.2917,0,0,0.1875,0.5,0,0.4444,0,0.0417,0,0,0,0,0,0,0,0,0,0
"locus4612",0.2083,0.4375,0.25,0.2727,0.2143,0.2917,0.2778,0.3182,0.375,0.4,0.3125,0.4444,0.1875,0.2917,0.2222,0.3333,0.375,0.2222,0.25,0.1111,0.3,0.4,0.5,0.1667
"locus4613",0.0417,0,0,0.2727,0,0,0,0,0,0,0,0,0,0,0,0.1667,0,0,0,0.3333,0,0,0.1364,0
"locus4614",0.3333,0,0,0,0,0,0,0,0,0,0.1875,0,0,0,0,0,0.0625,0,0,0.5,0,0,0.1364,0
"locus4615",0,0,0.1,0,0,0.0417,0,0.1818,0,0,0,0,0.0625,0,0,0.1667,0.0625,0,0,0,0,0.2,0,0
"locus4616",0.0833,0.1875,0.05,0.0909,0,0.4583,0.2222,0.0455,0.0625,0.05,0.125,0.2222,0.125,0.2083,0,0.1667,0.25,0.0556,0.1667,0,0.1,0.1,0.1364,0.0833
"locus4617",0,0,0.05,0.0455,0,0.125,0,0.0909,0,0,0,0,0.0625,0.0417,0,0.1667,0,0.0556,0,0,0.05,0.2,0,0
"locus4618",0.0417,0.0625,0.1,0,0,0,0.0556,0,0.3125,0,0,0,0,0.2083,0.1111,0,0.125,0.2222,0,0,0.05,0.05,0,0
"locus4619",0,0.125,0,0,0.2143,0.0833,0.1111,0.0455,0,0.05,0.0625,0.0556,0.0625,0.125,0,0,0.25,0.0556,0,0.3889,0,0.05,0,0.0417
"locus4620",0.0417,0,0,0,0,0,0,0.0909,0,0,0,0,0,0,0.1111,0,0.0625,0.3333,0,0,0,0,0.0455,0
"locus4621",0,0.25,0,0.0909,0,0.1667,0.1111,0.1818,0,0.05,0,0,0,0.125,0.1111,0.1667,0,0,0.0833,0,0,0.15,0.0455,0.0833
"locus4622",0.25,0,0.05,0.0909,0.0714,0.1667,0.0556,0.0909,0.125,0.2,0,0.4444,0.0625,0.0417,0.0556,0,0,0.2222,0,0,0,0.1,0,0
"locus4623",0.0833,0.0625,0,0,0,0,0,0,0.0625,0,0,0,0,0.1667,0,0,0.0625,0.2778,0,0.1111,0,0.05,0,0.0833
"locus4624",0.0417,0.0625,0,0,0,0.125,0,0.0909,0,0.05,0,0,0.125,0.0417,0,0,0.0625,0,0,0,0,0.05,0,0
"locus4625",0.5,0.125,0.25,0.3636,0.0714,0.0833,0.0556,0.3182,0.375,0.35,0.3125,0.4444,0.25,0.2083,0.3889,0.5,0.125,0.2222,0,0.3333,0.25,0.1,0.3182,0.0833
"locus4626",0.375,0,0,0.2273,0,0,0,0.0909,0,0,0,0.0556,0,0.0417,0.5,0.1667,0.0625,0.2222,0,0.2778,0.3,0.1,0.4545,0
"locus4627",0.0833,0,0.2,0,0,0,0.0556,0.2273,0.125,0,0.125,0,0.125,0.125,0,0.1667,0.125,0.1111,0,0,0.05,0.15,0,0
"locus4628",0.4583,0.1875,0.2,0.1364,0,0.0417,0.2778,0.3636,0.3125,0.1,0.25,0.1111,0.3125,0.2917,0.2222,0.1667,0.25,0.2222,0.1667,0.4444,0.35,0.3,0.5,0.125
"locus4629",0,0,0.1,0.0455,0,0,0.0556,0.1364,0.125,0,0,0,0,0.1667,0,0,0.0625,0.0556,0,0,0,0.05,0.0909,0
"locus4630",0.2083,0.125,0.1,0.0455,0.1429,0.0417,0.1111,0.2273,0,0.05,0.25,0,0.125,0.0833,0,0,0.0625,0.1667,0.25,0.0556,0.05,0,0,0.125
"locus4631",0.4167,0.5,0.4,0.0455,0.3571,0.2083,0.2778,0.3636,0.25,0.35,0.375,0.5,0.375,0.4167,0,0.3333,0.375,0.2222,0.4167,0.0556,0.2,0.3,0.2273,0.2917
"locus4632",0,0.0625,0,0,0,0.0833,0.2222,0.0455,0.0625,0.45,0,0.0556,0,0.0417,0,0,0,0,0,0.2222,0.05,0.05,0.0455,0.0417
"locus4633",0.2917,0.1875,0.35,0.4091,0,0.0417,0.1667,0.4091,0.4375,0.15,0.25,0,0.4375,0.4167,0.1667,0.3333,0.375,0.1667,0.3333,0.3333,0.4,0.45,0.4091,0
"locus4634",0,0,0,0.0455,0.0714,0,0.1111,0.1818,0,0,0,0,0,0,0,0,0.0625,0.0556,0.0833,0,0,0,0,0.0833
"locus4635",0.2083,0.3125,0,0,0,0.0417,0.1111,0.1364,0.1875,0,0,0,0.125,0,0.1667,0.1667,0,0.0556,0,0.0556,0.1,0.1,0,0.0417
"locus4636",0,0.125,0,0,0.2143,0.3333,0.1111,0,0,0.45,0,0.2222,0.0625,0.125,0,0,0.0625,0.1111,0,0,0,0.05,0.0455,0.2083
"locus4637",0.0833,0,0.05,0,0,0,0,0.1364,0,0,0,0,0,0.0833,0,0,0.0625,0,0,0.0556,0,0.1,0,0
"locus4638",0.5,0.3125,0.25,0.4091,0.4286,0.5,0.3889,0.3182,0.25,0.5,0.375,0.4444,0.4375,0.2083,0.3333,0.3333,0.5,0.3333,0.4167,0.2222,0.4,0.45,0.5,0.5
"locus4639",0.125,0.1875,0.15,0.1818,0.0714,0.2083,0.2778,0.1818,0.1875,0.3,0.0625,0.2222,0,0.1667,0.2222,0,0.25,0.0556,0.0833,0.0556,0.1,0,0,0.125
"locus4640",0.1667,0,0,0,0,0,0,0,0,0,0,0,0,0,0.1667,0,0,0.1111,0,0,0.2,0,0,0
"locus4641",0,0.125,0,0.1364,0.0714,0.0833,0.1111,0.0909,0.0625,0,0.1875,0.1111,0.0625,0,0,0,0.0625,0,0,0.2778,0.2,0,0,0
"locus4642",0.3333,0.4375,0.2,0.5,0.3571,0.4583,0.2778,0.3182,0.3125,0.35,0.3125,0.2778,0.3125,0.375,0.2222,0.5,0.375,0.3333,0.25,0.4444,0.25,0.4,0.4091,0.125
"locus4643",0.0417,0,0,0.0909,0,0,0.0556,0.0909,0,0,0.0625,0,0,0,0,0.1667,0,0,0.0833,0.1111,0,0,0,0.0417
"locus4644",0.0833,0.0625,0.05,0,0,0,0,0.1364,0,0,0.1875,0.0556,0.0625,0,0,0,0,0,0,0.0556,0.1,0,0.1818,0.0417
"locus4645",0.4167,0.25,0.35,0.5,0.1429,0.3333,0.2222,0.2727,0.1875,0.15,0.25,0.0556,0.25,0.3333,0.4444,0.3333,0.1875,0.4444,0.4167,0.5,0.45,0.1,0.4545,0.5
"locus4646",0,0,0.05,0,0.1429,0,0.2222,0.0455,0,0,0.125,0,0,0.0417,0,0,0,0,0.0833,0,0.05,0,0.3182,0.375
"locus4647",0,0,0,0,0.1429,0,0.1667,0,0,0,0,0,0,0.0417,0,0,0,0,0.0833,0.0556,0,0,0,0.25
"locus4648",0.2083,0.0625,0.45,0.1818,0.5,0.2083,0.2222,0.3182,0.1875,0.45,0.25,0.3333,0.1875,0.4583,0.2222,0.1667,0.5,0.2222,0.25,0.3889,0.35,0.2,0.2273,0.125
"locus4649",0.0417,0.3125,0.45,0,0.0714,0.375,0.4444,0.2727,0.0625,0.3,0.375,0.4444,0.1875,0.0833,0.0556,0.1667,0.1875,0.0556,0.0833,0,0.05,0.25,0,0.3333
"locus4650",0.1667,0,0.15,0,0,0.0417,0.1111,0.2273,0.0625,0.15,0.0625,0.0556,0.1875,0.0833,0.1111,0,0.25,0.0556,0,0.0556,0.05,0.1,0.0909,0.2917
"locus4651",0.0417,0.0625,0,0,0,0,0,0.0909,0,0,0,0,0,0.0417,0.1111,0,0.0625,0.1111,0,0,0,0,0.0455,0
"locus4652",0.0833,0,0,0.0909,0,0,0.1111,0,0,0.05,0.125,0,0.0625,0,0,0.3333,0,0,0,0,0,0,0.0909,0
"locus4653",0,0.3125,0,0.0909,0.0714,0.125,0.1111,0,0.0625,0.1,0,0.2778,0,0,0.1667,0,0.0625,0.1111,0,0,0.1,0,0.2273,0
"locus4654",0.125,0,0,0,0.0714,0.0833,0,0.0909,0,0,0,0,0.1875,0,0,0,0,0,0,0,0,0,0.0455,0.0417
"locus4655",0.0417,0,0,0,0,0.0417,0,0,0,0.4,0,0.3333,0,0,0,0,0,0,0,0,0,0,0,0
"locus4656",0.125,0.0625,0,0.3636,0,0.0417,0,0,0.0625,0.05,0.125,0,0.0625,0.0833,0.0556,0.1667,0.0625,0,0.0833,0.3333,0.15,0.15,0.0455,0.0417
"locus4657",0,0,0.05,0,0.1429,0.0417,0.1667,0,0.0625,0,0,0.0556,0,0.0417,0,0,0.125,0.0556,0.0833,0,0,0.05,0,0.2083
"locus4658",0,0.0625,0.05,0,0,0,0.1111,0.0909,0,0,0,0,0,0,0,0,0,0,0,0,0,0.05,0,0.1667
"locus4659",0.4583,0.5,0.4,0.4545,0.3571,0.25,0.2778,0.4545,0.3125,0.45,0.375,0.3333,0.375,0.5,0.1667,0.5,0.4375,0.4444,0.4167,0.5,0.35,0.5,0.3636,0.4583
"locus4660",0,0,0,0.1364,0,0,0,0,0,0,0,0,0,0.0417,0.0556,0,0,0,0,0.0556,0.25,0,0,0
"locus4661",0.375,0.5,0.3,0.4545,0,0.4167,0.2222,0.4545,0.125,0.4,0.4375,0.3333,0.4375,0.4167,0.4444,0.5,0.3125,0.5,0.4167,0.0556,0.2,0.5,0.2727,0.5
"locus4662",0,0,0.05,0,0.0714,0,0,0,0,0.2,0,0.2778,0,0.0417,0,0,0,0.0556,0,0,0.05,0,0,0
"locus4663",0.4583,0.375,0.25,0.3182,0.4286,0.4583,0.4444,0.4545,0.4375,0.4,0.375,0.5,0.375,0.2917,0.3889,0.3333,0.25,0.4444,0.3333,0.0556,0.45,0.4,0.4545,0.2917
"locus4664",0,0.125,0.05,0,0,0.2917,0,0.0455,0,0.05,0.0625,0,0,0.0833,0.2222,0,0.0625,0.1667,0,0,0.1,0,0.0455,0.125
"locus4665",0,0.125,0.05,0,0.2143,0.2083,0.1111,0.0455,0.125,0.45,0,0.2222,0.125,0,0,0,0.125,0.1111,0,0.0556,0,0,0.0909,0.0417
"locus4666",0,0,0.15,0,0,0,0,0.1364,0,0,0,0,0,0,0,0.1667,0.1875,0.0556,0,0,0.1,0,0,0
"locus4667",0.4583,0.375,0.45,0.2727,0.4286,0.4583,0.2778,0.4545,0.3125,0.1,0.4375,0.3333,0.4375,0.4583,0.0556,0.5,0.375,0.3889,0.5,0.2778,0.25,0.3,0.3182,0.25
"locus4668",0.1667,0.3125,0.15,0.1364,0.2143,0.2083,0.0556,0.0909,0.125,0.3,0.0625,0.1667,0,0.1667,0.1111,0,0.0625,0.0556,0,0,0.25,0.25,0.0455,0.2083
"locus4669",0.0833,0,0,0.3636,0,0.25,0,0,0,0.05,0,0,0.0625,0,0.4444,0,0,0,0.0833,0.1667,0.1,0.15,0.0909,0.0417
"locus4670",0.125,0,0.1,0,0,0.25,0,0.0455,0.0625,0,0,0,0,0.0833,0,0,0.0625,0,0.0833,0,0.05,0,0,0
"locus4671",0.0417,0,0,0.1364,0,0,0.0556,0,0.0625,0,0.0625,0,0,0.0417,0,0,0,0.0556,0,0,0,0.15,0,0.0417
"locus4672",0.125,0.0625,0.2,0.5,0.2857,0,0.0556,0.0455,0.0625,0,0.0625,0.2778,0.0625,0.2083,0.4444,0,0.0625,0.2778,0,0.1667,0.45,0.15,0.0909,0.0417
"locus4673",0.4167,0,0,0.1818,0,0,0.1111,0,0,0.1,0.4375,0,0.0625,0.0833,0.1667,0.1667,0.0625,0.1667,0,0.4444,0.35,0,0.2273,0
"locus4674",0.0833,0.3125,0.2,0.1818,0.2143,0.25,0.2222,0.2273,0.0625,0.05,0.0625,0.2222,0.125,0.125,0.2222,0,0.25,0.2222,0.1667,0,0,0.15,0.1818,0.0833
"locus4675",0.0417,0.125,0,0.1818,0.4286,0.0417,0.4444,0,0.125,0,0.0625,0,0,0,0,0,0.0625,0.1111,0.0833,0,0,0,0.1364,0.2917
"locus4676",0.0417,0.125,0.05,0,0,0.0417,0,0.0455,0.3125,0,0,0,0,0.2083,0,0,0.25,0.0556,0,0.0556,0,0.05,0.0909,0.2083
"locus4677",0,0.0625,0,0,0,0.0417,0,0.0455,0,0,0,0,0.0625,0.0417,0,0,0.0625,0.2222,0,0,0,0.15,0,0
"locus4678",0.1667,0,0.05,0.1364,0,0,0,0.3182,0.0625,0,0,0,0,0,0.1111,0.1667,0.125,0,0,0,0.05,0.3,0.0455,0
"locus4679",0,0,0,0.4545,0,0.0833,0,0.1818,0.0625,0,0,0,0.25,0.125,0,0,0,0.0556,0,0,0.2,0.05,0.0909,0.125
"locus4680",0.125,0.125,0.05,0,0,0,0,0,0,0.15,0,0,0.125,0.0833,0,0,0,0,0,0.0556,0.1,0.05,0.0455,0.0833
"locus4681",0,0.0625,0,0,0,0.125,0,0,0.0625,0.3,0,0.3889,0,0,0,0,0,0,0,0,0,0,0,0.0833
"locus4682",0.3333,0.3125,0.45,0.4545,0.2143,0.2917,0.3333,0.4091,0.375,0.2,0.3125,0.1667,0.5,0.4167,0.3333,0.5,0.375,0.3889,0.3333,0.4444,0.5,0.4,0.4091,0.4167
"locus4683",0.125,0,0,0,0,0,0,0,0,0,0,0,0,0,0.1111,0,0.0625,0,0,0,0.3,0.1,0.0455,0.0417
"locus4684",0.1667,0,0.15,0,0,0.0417,0,0.0909,0,0,0.0625,0,0.1875,0,0,0,0.0625,0.2778,0,0.0556,0,0.1,0.2273,0.0833
"locus4685",0,0,0.05,0,0,0,0,0,0,0,0,0.3889,0,0.1667,0,0,0.125,0,0.1667,0,0,0,0,0
"locus4686",0.4167,0,0.05,0.3636,0,0.0833,0.1667,0,0.0625,0,0.125,0,0,0.0833,0.0556,0.5,0.125,0.0556,0.25,0.3889,0.4,0,0.3636,0.0417
"locus4687",0.0417,0.0625,0,0.1364,0.4286,0.0833,0.1111,0,0,0,0,0,0,0,0,0,0,0,0,0,0.05,0,0,0.2083
"locus4688",0.0417,0.0625,0.25,0,0,0,0,0.1364,0,0,0,0,0.5,0.125,0,0,0,0.3333,0,0,0,0.05,0,0
"locus4689",0,0.375,0.1,0.1818,0,0.25,0,0,0.4375,0.05,0,0.0556,0.1875,0.125,0,0,0.0625,0.1111,0,0.0556,0,0.3,0,0
"locus4690",0.0833,0,0.05,0,0.0714,0,0,0.0909,0.125,0,0.0625,0.0556,0.125,0.0417,0.1111,0,0.0625,0.0556,0,0.1111,0,0.05,0.0909,0
"locus4691",0.0833,0,0,0.0455,0,0.0417,0,0,0,0.15,0,0,0,0.0417,0.1111,0,0,0.1111,0,0,0.1,0,0.0909,0.0417
"locus4692",0,0.0625,0.1,0,0,0.2917,0.0556,0,0,0.1,0.0625,0,0.1875,0.0833,0,0.1667,0.0625,0,0.1667,0,0.1,0.05,0,0
"locus4693",0,0,0.1,0.0455,0,0,0.0556,0.0455,0,0,0,0,0,0.125,0.1111,0,0.0625,0,0.0833,0,0.15,0.15,0,0.125
"locus4694",0.0833,0.25,0.5,0.0455,0.1429,0.0417,0.4444,0.4545,0.125,0.05,0.125,0,0.1875,0.2083,0.0556,0.1667,0.3125,0,0.1667,0.0556,0.15,0.35,0.1818,0.3333
"locus4695",0.0833,0,0,0.0455,0,0,0,0.0455,0.125,0,0.125,0,0.0625,0.0417,0,0,0,0.1667,0,0.0556,0.1,0,0,0.0417
"locus4696",0.125,0,0.15,0.0455,0,0,0,0.0909,0,0.05,0,0,0.0625,0.125,0,0,0.0625,0,0.0833,0,0,0,0,0.0417
"locus4697",0,0.375,0,0,0,0.375,0,0,0.0625,0.3,0,0.3889,0.0625,0,0,0,0,0,0,0,0,0,0.0455,0
"locus4698",0,0.125,0.1,0.0909,0,0.125,0.1667,0.0455,0.25,0.1,0,0.2222,0,0.0833,0.2222,0,0.125,0.0556,0.0833,0.0556,0,0.2,0.0455,0.0833
"locus4699",0.0417,0,0.05,0.3182,0,0,0,0,0,0,0,0,0,0,0,0,0,0,0,0,0.05,0,0.1364,0
"locus4700",0.1667,0.4375,0.2,0.3182,0.2857,0.4167,0.3333,0.2273,0.1875,0.1,0.3125,0.1667,0.25,0.25,0.0556,0.1667,0.1875,0,0.3333,0,0.5,0.2,0.3182,0.4167
"locus4701",0,0,0,0,0.2143,0.2917,0,0,0,0.35,0,0.4444,0,0,0,0,0,0,0.0833,0,0,0,0.0909,0
"locus4702",0.375,0.125,0.35,0.3636,0.3571,0.4167,0.1667,0.4091,0.3125,0.4,0.3125,0.3889,0.4375,0.25,0.4444,0.3333,0.3125,0.4444,0.1667,0.4444,0.35,0.35,0.5,0.4583
"locus4703",0.0417,0.125,0,0,0,0,0,0,0.0625,0,0,0,0,0,0,0,0,0,0,0.3889,0.1,0,0,0
"locus4704",0.1667,0.1875,0.25,0,0,0.0833,0.1111,0.3636,0.0625,0.1,0.0625,0.2778,0.375,0.4167,0,0.1667,0.375,0.3333,0,0.2778,0.05,0.2,0.1818,0.0833
"locus4705",0,0.125,0,0,0,0.1667,0,0,0,0.4,0,0.5,0.0625,0,0,0,0,0,0,0,0.05,0,0.0455,0.0833
"locus4706",0.2083,0.0625,0.45,0.0455,0,0.0417,0.2778,0.4545,0.0625,0.05,0.1875,0.0556,0.25,0.4167,0.2222,0.5,0.4375,0.3889,0.3333,0,0.2,0.4,0.1364,0.125
"locus4707",0.0833,0,0.05,0.0455,0,0,0,0.0455,0,0.1,0,0,0,0,0.2778,0,0.125,0,0.0833,0.1111,0.15,0.1,0.0909,0.125
"locus4708",0.0417,0,0.15,0.3636,0,0.0417,0.1111,0.1364,0,0,0,0.1111,0.125,0.0417,0.0556,0.1667,0.25,0.0556,0.25,0.4444,0.3,0.3,0,0.0417
"locus4709",0.0417,0,0.2,0.0455,0,0,0,0.2727,0,0,0,0,0,0.1667,0,0,0.0625,0.0556,0.0833,0,0.05,0.2,0,0
"locus4710",0.125,0.0625,0,0,0.2857,0.3333,0.4444,0,0.125,0,0.125,0.0556,0.0625,0.0417,0.0556,0,0,0.1111,0,0,0.05,0,0.0909,0.4167
"locus4711",0.4167,0.1875,0.2,0.4545,0.0714,0.1667,0.2222,0.2273,0.0625,0,0,0,0.375,0.125,0.4444,0.1667,0.25,0.4444,0.5,0.2222,0.45,0.5,0.4091,0.25
"locus4712",0,0,0,0,0.3571,0.1667,0.1667,0,0,0,0,0,0,0,0,0,0.0625,0,0,0,0,0,0,0.0833
"locus4713",0.125,0.25,0.1,0.0455,0.0714,0.0417,0.0556,0.0909,0.125,0.2,0.125,0.4444,0.1875,0.0417,0.0556,0,0,0,0.1667,0,0.1,0.15,0.1364,0.125
"locus4714",0.25,0.4375,0.4,0.4545,0.2857,0.2917,0.2222,0.4545,0.25,0.15,0.1875,0.1667,0.4375,0.375,0.2222,0.5,0.3125,0.3333,0.4167,0.2222,0.4,0.45,0.3636,0.2917
"locus4715",0,0,0.05,0.3182,0,0,0,0.1364,0,0.1,0,0,0.0625,0.0833,0,0,0,0,0,0,0,0.05,0.1364,0.1667
"locus4716",0.5,0.4375,0.45,0.4545,0.3571,0.3333,0.4444,0.3636,0.375,0.45,0.3125,0.3333,0.375,0.1667,0.5,0.3333,0.25,0.3889,0.25,0.1111,0.4,0.45,0.4545,0.5
"locus4717",0,0,0.1,0,0,0,0.0556,0.1818,0,0,0,0,0,0.0417,0.1667,0,0,0.0556,0,0,0,0,0,0
"locus4718",0,0.0625,0.1,0,0,0.0833,0,0,0,0.1,0.0625,0,0,0.125,0.1111,0,0.0625,0,0,0,0,0,0,0
"locus4719",0.0417,0,0,0,0.1429,0.0417,0,0,0,0,0,0,0,0,0.0556,0,0,0.0556,0,0.2778,0,0,0.0455,0.0833
"locus4720",0.375,0.125,0.05,0.2273,0,0.0833,0.2778,0.1364,0,0.05,0.1875,0,0.125,0.2083,0.4444,0.1667,0.0625,0.3333,0.0833,0.2222,0.1,0.2,0.0909,0.2083
"locus4721",0.375,0.5,0.45,0.4091,0.4286,0.4167,0.2778,0.1818,0.3125,0.3,0.5,0.0556,0.25,0.4167,0.3889,0.3333,0.4375,0.4444,0.4167,0.4444,0.35,0.45,0.4545,0.4167
"locus4722",0.1667,0.25,0.35,0.0455,0.4286,0.375,0.2778,0.2727,0,0.25,0.25,0.2778,0.25,0.25,0.1111,0,0.125,0.0556,0.4167,0.0556,0.2,0.2,0.0455,0.2917
"locus4723",0.4167,0.0625,0.25,0.0455,0.0714,0.1667,0.0556,0.1818,0.0625,0,0.375,0,0.25,0.2083,0.1667,0.5,0.25,0.1111,0.0833,0.1111,0.3,0.25,0.3636,0.1667
"locus4724",0.0417,0.375,0.05,0.0455,0.2143,0.0417,0.4444,0.2727,0,0,0.5,0,0.125,0.125,0.3889,0,0.0625,0,0.3333,0.0556,0.1,0.45,0.2727,0.4167
"locus4725",0,0,0.05,0.0909,0,0,0,0.0909,0,0,0,0.0556,0.3125,0,0.1111,0,0.125,0.0556,0,0.0556,0,0.1,0,0
"locus4726",0.0833,0,0.05,0,0,0,0,0.1818,0,0,0,0,0.125,0,0,0,0,0.0556,0,0.0556,0,0.05,0,0.0417
"locus4727",0.0833,0,0.1,0.1818,0,0,0,0.0455,0.0625,0,0,0.1667,0,0.0833,0.1111,0,0.125,0.0556,0.0833,0,0,0,0,0
"locus4728",0,0.125,0.05,0,0,0,0,0.0455,0,0,0,0,0,0,0,0,0.0625,0,0,0,0,0.15,0.0455,0.125
"locus4729",0.0833,0,0,0,0,0.0417,0,0,0,0.4,0.125,0.2222,0.0625,0,0,0,0.0625,0.0556,0,0,0.05,0,0.3636,0
"locus4730",0.4583,0.1875,0.4,0.2273,0,0.1667,0,0.3636,0.375,0.5,0.1875,0.3889,0.1875,0.25,0.2222,0.3333,0.1875,0.3889,0.1667,0.2778,0.35,0.3,0.5,0
"locus4731",0.0417,0,0.1,0.0455,0.0714,0,0.0556,0.1364,0.125,0,0,0.3333,0.125,0.0417,0,0.1667,0.0625,0.0556,0,0,0.05,0,0,0
"locus4732",0.375,0.4375,0.4,0.4091,0.4286,0.3333,0.3889,0.2727,0.3125,0.05,0.1875,0.1111,0.4375,0.4583,0.5,0.3333,0.375,0.4444,0.4167,0.4444,0.45,0.5,0.5,0.2083
"locus4733",0.0417,0.375,0.05,0,0.1429,0.4167,0.4444,0,0.5,0.25,0.3125,0.1667,0.1875,0.0417,0,0,0,0,0.0833,0.2778,0.1,0.15,0.2727,0.4583
"locus4734",0,0.0625,0.05,0.0455,0,0.125,0,0,0,0.05,0,0.0556,0.0625,0.0417,0,0,0.125,0,0.1667,0,0,0,0,0
"locus4735",0.0833,0.5,0.1,0,0.4286,0.4167,0.5,0.1364,0.375,0.4,0.1875,0.0556,0,0.25,0.3333,0,0.0625,0.3333,0.5,0.4444,0.1,0.4,0.1364,0.5
"locus4736",0.2917,0.25,0,0,0.1429,0.0417,0,0.1364,0.3125,0.1,0.125,0.4444,0,0,0.1667,0,0,0.2778,0,0,0.05,0.1,0.0455,0.125
"locus4737",0,0,0,0,0.1429,0.125,0.1111,0.0455,0,0,0,0,0,0.0417,0,0.1667,0.125,0,0.0833,0,0.05,0.1,0.1364,0.125
"locus4738",0.2083,0.3125,0.25,0.2727,0.2143,0.2917,0.0556,0.1818,0.375,0.45,0,0.2222,0.4375,0.3333,0.2222,0.1667,0.1875,0.3333,0.0833,0.1667,0.2,0.2,0.3636,0.0417
"locus4739",0.1667,0.5,0.1,0,0.2857,0.3333,0.1667,0.0909,0.3125,0.3,0.125,0.4444,0.0625,0.1667,0,0.1667,0.3125,0.0556,0.25,0,0.05,0.05,0.1364,0.2917
"locus4740",0.2083,0.4375,0.45,0.4545,0.2857,0.3333,0.2222,0.4545,0.4375,0.45,0.4375,0.3333,0.375,0.375,0.3333,0.5,0.4375,0.1667,0.0833,0.0556,0.4,0.35,0.4545,0.1667
"locus4741",0.1667,0.125,0.15,0.0909,0,0,0,0.1364,0,0,0.1875,0,0.0625,0.125,0.0556,0,0.125,0.1667,0.0833,0.2222,0,0.05,0,0
"locus4742",0,0.1875,0.1,0.1364,0.0714,0.125,0,0.1364,0,0.25,0.0625,0.2778,0.0625,0.0417,0.0556,0,0.0625,0.1667,0,0,0.25,0.1,0.0455,0
"locus4743",0.0417,0.0625,0,0,0,0,0,0,0,0,0.0625,0,0.125,0,0,0.1667,0,0,0,0.2222,0,0.1,0,0
"locus4744",0,0.3125,0,0,0.0714,0.2083,0,0.0455,0,0.3,0,0.4444,0.0625,0.0417,0,0,0.0625,0,0,0,0.05,0,0,0
"locus4745",0,0,0,0,0,0.0417,0,0.0909,0,0.05,0.125,0,0,0.0417,0,0,0.125,0,0.1667,0,0.1,0,0,0
"locus4746",0,0.0625,0.05,0.1364,0,0.125,0.0556,0.0909,0,0.05,0,0.1111,0,0,0.0556,0,0.0625,0,0.1667,0,0.05,0.15,0,0
"locus4747",0.25,0,0,0,0,0,0.1111,0.0909,0,0,0.25,0,0.125,0,0.2222,0.1667,0.0625,0.2778,0,0.0556,0.15,0.05,0.1364,0
"locus4748",0.1667,0,0.05,0.0455,0,0,0.0556,0.0909,0,0,0.0625,0,0.0625,0,0,0,0.3125,0,0.1667,0,0,0,0.0455,0.0417
"locus4749",0.0833,0,0,0.1364,0,0.0417,0,0,0.0625,0.05,0,0.0556,0,0,0,0,0,0,0,0,0,0.05,0.0455,0.1667
"locus4750",0.0417,0,0,0,0.0714,0.0833,0,0.1364,0,0,0.125,0,0.0625,0.0417,0.0556,0,0.0625,0.0556,0.0833,0,0,0.05,0.0455,0.0417
"locus4751",0.125,0.1875,0.3,0.4545,0,0.1667,0.1111,0.4545,0.3125,0.1,0,0,0,0.4167,0.0556,0.1667,0.25,0,0.3333,0.2222,0.2,0.45,0.0455,0.25
"locus4752",0.0417,0,0,0.0455,0,0,0,0,0,0.05,0.125,0,0.0625,0,0,0,0,0,0.0833,0,0,0.2,0,0
"locus4753",0,0.125,0,0,0.0714,0,0,0.0909,0,0.3,0,0.2222,0.0625,0,0.2222,0,0,0,0,0.0556,0.2,0,0,0
"locus4754",0,0.1875,0.1,0.0455,0,0.25,0.0556,0.0455,0,0.05,0,0.1111,0.0625,0.125,0,0,0.125,0.0556,0,0,0,0.05,0.0909,0.0833
"locus4755",0.2083,0,0.05,0.3182,0,0.1667,0,0,0,0.05,0.0625,0,0,0.0833,0.0556,0,0,0.0556,0,0.2222,0.2,0.05,0,0
"locus4756",0.3333,0.3125,0.35,0.4545,0.3571,0.375,0.3889,0.3636,0.4375,0.45,0.4375,0.5,0.1875,0.375,0.2778,0.3333,0.375,0.2778,0.25,0.0556,0.4,0.4,0.4091,0.5
"locus4757",0,0.0625,0,0,0,0.0417,0,0,0,0.1,0,0.1111,0,0,0,0,0.0625,0,0,0.0556,0.2,0.1,0,0
"locus4758",0.4167,0.4375,0.25,0.4545,0,0,0.1111,0.2273,0.3125,0.25,0.25,0.4444,0.375,0.3333,0.1111,0.3333,0.25,0.3333,0.0833,0.2778,0.45,0.25,0.2273,0.25
"locus4759",0,0,0.3,0,0,0,0.1111,0.0909,0,0,0,0,0.125,0.25,0,0.1667,0.0625,0,0,0,0,0,0,0
"locus4760",0,0,0,0,0.2857,0.1667,0,0,0.125,0.2,0,0,0,0.0417,0,0,0,0.0556,0.0833,0,0,0,0.0455,0.2083
"locus4761",0.1667,0.0625,0.05,0.0909,0,0,0,0.0455,0,0,0.0625,0,0.125,0,0.1667,0.1667,0,0,0,0.0556,0,0,0.0455,0
"locus4762",0.0833,0.125,0,0.0909,0,0.0417,0.1667,0.0455,0.125,0,0,0,0.0625,0.0417,0,0,0.0625,0,0,0.0556,0,0.15,0,0.125
"locus4763",0.0833,0.25,0.05,0.1364,0,0.0417,0.1667,0.1364,0.0625,0.05,0,0.1111,0,0.0833,0.0556,0.1667,0.0625,0.1667,0,0,0.1,0.05,0.0455,0.1667
"locus4764",0.25,0.0625,0,0.4091,0.0714,0,0,0.1364,0.0625,0,0.0625,0,0.0625,0.2083,0.1111,0,0.0625,0.1111,0.1667,0,0.15,0.35,0.0455,0
"locus4765",0,0,0.1,0,0,0,0,0.0455,0,0.05,0.0625,0.0556,0.0625,0.125,0,0,0,0,0.0833,0,0,0,0.1364,0.0417
"locus4766",0.125,0,0.05,0,0.0714,0,0,0.0455,0,0,0,0,0.0625,0.125,0.0556,0,0,0.2222,0,0.4444,0.15,0.1,0,0
"locus4767",0,0,0.05,0.1818,0.0714,0,0,0.0455,0.0625,0,0,0,0,0,0,0,0,0,0,0,0,0.2,0,0
"locus4768",0,0.1875,0.3,0.1818,0.1429,0.0417,0.2222,0.1364,0.125,0,0.0625,0.0556,0.0625,0.0417,0.1111,0,0.0625,0,0,0.1667,0.05,0,0.1818,0.2083
"locus4769",0.0417,0,0.1,0,0,0.0833,0,0.1818,0,0,0,0,0,0,0.0556,0.1667,0.1875,0,0,0,0,0.05,0,0
"locus4770",0.0833,0,0.05,0,0,0,0,0.0909,0.0625,0,0,0,0.125,0.0417,0,0.1667,0,0.1667,0,0.1111,0.05,0,0.0455,0
"locus4771",0.125,0.0625,0.05,0,0,0,0,0,0.125,0,0.0625,0,0,0,0.3333,0,0.0625,0.0556,0,0.3333,0.1,0,0.3636,0.1667
"locus4772",0.0417,0.4375,0.15,0.4545,0.2143,0.4167,0.4444,0.3182,0.375,0.15,0.4375,0.0556,0.375,0.375,0,0.1667,0.375,0.1111,0.25,0.1111,0.2,0.2,0.3636,0.4583
"locus4773",0.0833,0.0625,0.15,0,0.0714,0.0417,0,0.0455,0.25,0,0,0.0556,0,0.0417,0.2222,0,0,0.2778,0,0,0.25,0,0.0455,0
"locus4774",0,0,0,0,0,0,0,0,0.1875,0,0.0625,0,0,0.0417,0.1667,0,0.0625,0.1667,0,0.0556,0,0,0.0909,0
"locus4775",0,0,0.05,0,0,0,0,0.1818,0,0,0,0,0.125,0.0833,0,0,0,0.1667,0,0,0,0.25,0,0
"locus4776",0.25,0.25,0.1,0.1364,0.4286,0.5,0,0.0455,0.25,0.2,0.125,0.3333,0.0625,0.0833,0.1111,0.1667,0.125,0,0,0.2778,0.3,0.1,0.2273,0.125
"locus4777",0.2917,0.375,0.35,0.4091,0.4286,0.4583,0.2778,0.4545,0.3125,0.2,0.4375,0.2778,0.5,0.4583,0.1667,0.5,0.5,0.3889,0.25,0.3333,0.35,0.35,0.4091,0.3333
"locus4778",0.4583,0.4375,0.4,0.4091,0.4286,0.5,0.5,0.3636,0.5,0.2,0.4375,0.2222,0.4375,0.4583,0.5,0.3333,0.5,0.2778,0.5,0.1667,0.5,0.4,0.4091,0.4583
"locus4779",0.4583,0.4375,0.3,0.4545,0.4286,0.4583,0.4444,0.2273,0.5,0.4,0.375,0.3333,0.375,0.4583,0.4444,0.5,0.3125,0.4444,0.4167,0.3889,0.45,0.3,0.3636,0.4583
"locus4780",0.2083,0.125,0.3,0.0909,0.2143,0.2917,0.1667,0.2273,0,0.35,0.25,0.0556,0.1875,0.3333,0.3889,0.5,0.1875,0.0556,0.0833,0.3333,0.3,0.35,0.2273,0.0833
"locus4781",0.4167,0.125,0.1,0.1364,0,0,0.0556,0.1818,0,0,0.0625,0,0.25,0.0833,0.5,0.5,0.125,0,0,0.3333,0.3,0,0,0
"locus4782",0.0417,0.0625,0.05,0.1364,0.0714,0,0.1667,0,0,0,0,0.0556,0,0,0.0556,0,0,0.0556,0,0.0556,0.2,0.05,0.0455,0.4167
"locus4783",0,0.0625,0,0,0.4286,0.0417,0.2778,0,0,0,0,0,0,0.1667,0,0,0,0.0556,0.0833,0.2778,0.05,0.05,0,0.375
"locus4784",0.1667,0.0625,0.05,0.0455,0.3571,0.25,0.1667,0.0455,0.125,0.1,0,0.0556,0,0,0.0556,0,0,0.0556,0,0.0556,0.15,0.05,0.0909,0.3333
"locus4785",0.4167,0.125,0.3,0.3182,0,0,0.1111,0.3636,0.25,0.2,0.3125,0,0.125,0.25,0.3889,0.3333,0.3125,0.3333,0.0833,0.3889,0.5,0.1,0.3636,0.125
"locus4786",0,0,0,0.0455,0,0.0417,0,0,0.0625,0.15,0,0.2222,0,0,0,0.1667,0,0,0,0.0556,0.15,0.05,0,0
"locus4787",0.2917,0,0.25,0.0455,0,0,0,0.0909,0,0,0.0625,0,0.0625,0.125,0,0,0.1875,0.1111,0,0,0.3,0.1,0,0
"locus4788",0.0833,0.1875,0,0,0,0.25,0,0.0909,0,0.15,0,0.2222,0,0,0,0,0,0.0556,0,0,0.05,0,0.0455,0.0417
"locus4789",0.0833,0.0625,0.05,0,0,0,0,0,0,0,0,0,0.0625,0.0417,0.0556,0,0.0625,0,0,0.0556,0,0.05,0.1364,0
"locus4790",0.0417,0.0625,0.1,0.0455,0.2143,0.0833,0.1667,0,0,0.1,0.0625,0,0,0.125,0,0,0.0625,0,0.0833,0.0556,0.05,0.1,0.0455,0.2917
"locus4791",0,0,0.1,0.0455,0,0,0,0,0,0,0,0,0.1875,0.0833,0.2222,0,0.1875,0.0556,0,0,0,0,0.0909,0
"locus4792",0.0417,0,0.05,0,0,0,0,0.1364,0,0,0,0,0.125,0,0,0.1667,0,0.1667,0,0.0556,0.05,0.05,0,0
"locus4793",0,0,0.35,0,0,0,0.0556,0.1364,0,0,0,0,0,0.125,0,0,0.3125,0,0,0,0,0.3,0,0
"locus4794",0.0417,0.5,0.35,0,0.0714,0.25,0.2222,0.3182,0.0625,0.5,0.1875,0.1667,0.25,0.4583,0.1667,0.3333,0.5,0.1111,0.0833,0,0.05,0.3,0.1364,0.0833
"locus4795",0,0,0.05,0.2273,0.2857,0.2917,0.1667,0.2273,0.1875,0.3,0.0625,0.3889,0.125,0.0417,0,0,0,0.0556,0,0.3333,0.1,0.1,0.2273,0.2917
"locus4796",0.1667,0.375,0.3,0.3182,0.3571,0.5,0.2778,0.1818,0.3125,0.2,0.4375,0.3333,0.4375,0.2083,0.1111,0.5,0.4375,0.4444,0.5,0,0.05,0.35,0.4091,0.4583
"locus4797",0.0417,0.125,0,0.2727,0,0.1667,0,0,0.1875,0.1,0.0625,0.0556,0,0,0,0,0,0,0.0833,0.0556,0.15,0,0.0909,0.125
"locus4798",0.0833,0.0625,0.25,0.0455,0,0.125,0,0.0909,0.3125,0.05,0.125,0.0556,0.0625,0.1667,0.1111,0.1667,0.1875,0.0556,0,0,0.05,0.05,0.1818,0.0417
"locus4799",0,0.0625,0.1,0,0.0714,0,0.1667,0.2273,0,0,0,0,0,0.0833,0,0.3333,0.0625,0,0.0833,0.1111,0,0.05,0.0455,0.125
"locus4800",0,0,0,0,0.2857,0.3333,0,0.0455,0.125,0,0,0,0,0.125,0,0,0.0625,0.2222,0.0833,0,0,0,0.0455,0.0417
"locus4801",0.0417,0.1875,0.15,0.4545,0.0714,0.0417,0.1111,0,0.125,0.1,0.0625,0,0.25,0.3333,0,0.5,0.0625,0,0.25,0.1667,0.15,0.05,0,0.1667
"locus4802",0.1667,0.1875,0.1,0.2273,0,0.125,0.1667,0.0455,0.375,0.05,0.0625,0.1667,0.0625,0.0833,0.5,0,0.1875,0.4444,0.0833,0.2222,0.25,0.2,0.3182,0
"locus4803",0.375,0.1875,0.4,0.5,0.0714,0.0833,0.1111,0.2727,0.4375,0.2,0.25,0.2222,0.25,0.2083,0.3333,0.3333,0.25,0.2222,0.3333,0.4444,0.25,0.35,0.2273,0.3333
"locus4804",0.4583,0.3125,0.25,0.4545,0.1429,0.1667,0.2222,0.2273,0.4375,0.05,0.1875,0.0556,0.0625,0.25,0.5,0.3333,0.1875,0.2778,0.0833,0.4444,0.4,0.4,0.2727,0.0833
"locus4805",0.125,0.25,0.25,0.1818,0.3571,0.375,0.1111,0.0909,0,0.45,0.1875,0.3889,0.125,0.3333,0,0.1667,0.3125,0.1667,0.1667,0.4444,0.05,0.3,0.0909,0.0417
"locus4806",0.0417,0.1875,0,0,0,0.0833,0,0.0455,0,0,0,0,0,0.0417,0,0,0,0,0,0,0,0.15,0,0
"locus4807",0.0417,0,0,0.0455,0,0,0,0,0,0,0.0625,0,0,0,0.0556,0,0.0625,0,0,0.1111,0.2,0.05,0,0
"locus4808",0.0833,0,0,0,0,0,0,0.1364,0,0.05,0,0.1111,0.1875,0,0.1111,0.1667,0.25,0.1667,0,0.0556,0.2,0,0,0.0417
"locus4809",0.0417,0.0625,0.05,0,0,0.0417,0,0,0.1875,0,0.0625,0,0,0.0417,0,0,0.1875,0.0556,0,0,0.1,0,0,0
"locus4810",0.0417,0,0.1,0,0,0,0,0,0,0,0,0,0.125,0,0,0,0.0625,0.0556,0,0,0,0.2,0,0
"locus4811",0,0.125,0,0,0,0,0.0556,0.0455,0,0,0,0,0.0625,0.0417,0,0,0,0,0,0,0.2,0.05,0,0
"locus4812",0.375,0.125,0.25,0.3636,0,0.0833,0.2778,0.4091,0.1875,0.05,0.3125,0,0.125,0.2083,0.3889,0,0.1875,0.5,0,0.3889,0.2,0.25,0.4545,0.0417
"locus4813",0,0,0.1,0.0455,0.1429,0.125,0.0556,0,0.125,0.05,0,0,0.0625,0.1667,0,0.1667,0.1875,0.1111,0.25,0,0,0.05,0.0455,0.0417
"locus4814",0,0.125,0.05,0,0.1429,0.125,0,0.0909,0.3125,0.2,0,0,0.1875,0,0.1111,0,0,0.1667,0,0,0.1,0.2,0.1364,0
"locus4815",0.0417,0.1875,0.15,0,0,0.25,0,0.0455,0.0625,0.1,0.0625,0,0.0625,0.1667,0,0,0.0625,0.0556,0.1667,0,0.1,0,0,0
"locus4816",0.0417,0,0,0.0909,0,0,0.0556,0,0.0625,0.05,0,0.1667,0,0,0,0,0,0,0,0.0556,0.05,0,0,0
"locus4817",0.0417,0,0,0.3182,0,0.0417,0,0,0.125,0,0.125,0,0.125,0,0.1667,0.1667,0,0.0556,0,0,0,0,0,0
"locus4818",0.125,0.25,0,0.4091,0,0.0417,0.0556,0,0.125,0,0.1875,0,0.125,0.125,0.3333,0.1667,0.0625,0.5,0,0.5,0.45,0.05,0.2727,0.125
"locus4819",0,0,0,0,0,0,0,0,0,0,0,0,0,0,0,0,0.0625,0,0,0.0556,0,0.1,0.3636,0.0417
"locus4820",0,0.0625,0.15,0,0,0.0417,0,0,0,0,0,0,0.125,0.1667,0,0,0.3125,0.1111,0,0,0.05,0.05,0,0.0417
"locus4821",0,0.0625,0,0,0,0.1667,0,0,0.125,0.25,0,0.1667,0,0.0417,0,0,0.0625,0,0,0,0,0,0,0.0833
"locus4822",0,0,0.05,0,0,0,0,0,0,0,0,0,0,0.0417,0,0.1667,0,0,0,0.4444,0,0,0.0455,0
"locus4823",0,0.1875,0.15,0.1818,0.5,0.375,0.1111,0.1364,0.125,0.25,0.1875,0.2778,0.125,0.2917,0.3889,0.3333,0.3125,0.2778,0.3333,0.1111,0.15,0.2,0.1364,0.2083
"locus4824",0.375,0.1875,0.05,0.1364,0.1429,0.375,0.1667,0.1364,0.25,0.45,0.1875,0.4444,0.3125,0.0833,0.0556,0,0.125,0.5,0,0.4444,0.1,0.4,0.0909,0
"locus4825",0.5,0.4375,0.1,0.2727,0.2857,0.2083,0.4444,0.2727,0.0625,0.35,0.375,0.2778,0,0.2083,0.3889,0.1667,0,0.1111,0,0.3333,0.45,0.1,0.4091,0.2083
"locus4826",0.25,0,0,0,0,0,0,0,0,0.1,0,0,0.0625,0,0.0556,0.1667,0,0,0,0,0.05,0,0.0455,0
"locus4827",0.4583,0.25,0.3,0.3636,0.4286,0.25,0.4444,0.5,0.125,0.05,0.3125,0.0556,0.5,0.375,0.4444,0.5,0.4375,0.1667,0.4167,0.2778,0.35,0.45,0.3636,0.2083
"locus4828",0.125,0.5,0.35,0.2273,0.4286,0.25,0.3889,0.1818,0.4375,0.5,0.3125,0.5,0.375,0.5,0.1667,0.1667,0.4375,0.2222,0.5,0.1111,0.05,0.2,0.2273,0.2917
"locus4829",0.2917,0.25,0.2,0.4091,0.2857,0.125,0.3333,0.1818,0.3125,0.2,0.1875,0.4444,0.375,0.2917,0.3333,0.3333,0.375,0.0556,0.4167,0.5,0.2,0.4,0.0909,0.4583
"locus4830",0.0417,0.125,0,0.1364,0,0.0833,0.0556,0,0.0625,0.1,0.125,0,0.125,0.0417,0.1111,0,0.125,0,0.0833,0.0556,0.15,0.1,0,0.0417
"locus4831",0.0833,0.1875,0.1,0.0909,0.1429,0.125,0.1667,0.0455,0.1875,0,0,0.2222,0,0.0833,0.0556,0,0.0625,0.2222,0.0833,0,0.1,0,0.0455,0
"locus4832",0.0833,0.0625,0,0.1364,0,0,0,0,0,0,0.0625,0,0,0.0417,0,0.1667,0.0625,0.0556,0,0,0.05,0,0,0
"locus4833",0.125,0,0.05,0,0,0.0417,0.0556,0,0,0.1,0.1875,0.0556,0.0625,0,0,0.1667,0.3125,0,0,0,0,0,0,0.0417
"locus4834",0.2917,0.0625,0.3,0,0.5,0.375,0.4444,0,0,0.25,0.5,0.0556,0.0625,0.4167,0.0556,0.1667,0.1875,0,0.4167,0.3333,0.15,0.25,0.4545,0.4583
"locus4835",0.25,0,0.1,0,0.0714,0,0,0.3182,0,0,0.0625,0.1111,0.125,0.0833,0.3333,0,0,0.0556,0,0,0,0.1,0.0909,0
"locus4836",0.0833,0.25,0.1,0.1364,0,0.1667,0.1111,0.0455,0.125,0.1,0.0625,0.1111,0.125,0.0417,0,0,0.1875,0.0556,0.0833,0,0.15,0.25,0.0909,0.0833
"locus4837",0.375,0.4375,0.35,0.2727,0.1429,0.4583,0.2778,0.4091,0.0625,0.4,0.25,0.2778,0.375,0.4583,0.4444,0.3333,0.5,0.3333,0.4167,0.2778,0.35,0.45,0.3636,0.2917
"locus4838",0,0,0,0,0,0,0,0,0.0625,0,0.1875,0,0,0,0.1667,0,0,0.1111,0,0,0.05,0,0.1364,0
"locus4839",0,0,0,0,0,0,0,0,0,0.4,0,0.0556,0,0.0417,0,0,0.0625,0.2222,0,0,0,0.05,0.0455,0
"locus4840",0.0833,0,0.05,0.0909,0,0,0,0.1818,0,0,0,0,0.125,0,0.1667,0,0,0.0556,0.0833,0,0,0.1,0.1818,0.0417
"locus4841",0.0417,0.3125,0.35,0.1364,0.2857,0.0833,0.1111,0.1818,0.0625,0.25,0.125,0,0.125,0.1667,0,0,0.1875,0.2222,0,0.0556,0.1,0.1,0.2273,0.0417
"locus4842",0.125,0,0,0.1818,0,0,0.0556,0.0455,0.25,0,0,0,0.3125,0.0417,0,0.1667,0,0,0,0,0.1,0,0.0909,0.1667
"locus4843",0,0.125,0.15,0,0.1429,0.0417,0.2222,0.0455,0.125,0,0.0625,0,0.125,0,0,0.1667,0.125,0.1111,0.25,0,0.15,0,0.2727,0.3333
"locus4844",0.0833,0.125,0.1,0,0,0.3333,0.1111,0.0455,0,0.05,0,0.0556,0,0.0417,0,0.1667,0.125,0.0556,0.0833,0,0.05,0,0.0455,0.0833
"locus4845",0.0417,0.0625,0.05,0.1364,0,0.0833,0,0.0455,0,0.05,0.0625,0.0556,0.125,0,0,0,0.1875,0,0,0,0,0.05,0.0455,0
"locus4846",0.375,0.3125,0.45,0.4091,0.4286,0.3333,0.5,0.3182,0.25,0.1,0.3125,0.2222,0.3125,0.4167,0.2222,0.1667,0.4375,0.2222,0.3333,0.5,0.45,0.3,0.4091,0.4583
"locus4847",0.375,0.4375,0.2,0.4545,0.3571,0.4583,0,0.2273,0.1875,0.45,0.0625,0.5,0.3125,0.0833,0.3333,0.3333,0.125,0.0556,0,0.4444,0.35,0.1,0.3182,0
"locus4848",0.4167,0.125,0.25,0.5,0,0.1667,0.1111,0.2273,0.25,0.2,0.1875,0.1667,0.0625,0.0833,0.3333,0.3333,0.125,0.2778,0,0.3333,0.45,0.45,0.3636,0.0833
"locus4849",0,0,0.05,0,0.1429,0,0,0.1364,0.0625,0.05,0,0.0556,0.125,0.0833,0,0,0,0,0,0,0.1,0,0,0
"locus4850",0,0.0625,0.05,0.0909,0,0,0,0.0455,0,0,0,0,0.0625,0.0417,0,0,0,0,0,0,0.15,0,0,0
"locus4851",0.0833,0,0,0.3182,0,0.0417,0.0556,0,0,0,0.125,0,0.0625,0.0417,0,0,0.0625,0.2778,0,0.0556,0,0,0.0455,0
"locus4852",0.0417,0,0,0.0455,0,0,0,0.1364,0,0.05,0,0,0,0.125,0,0,0.125,0.2778,0,0.0556,0.05,0.05,0,0.0417
"locus4853",0.1667,0,0.1,0.1818,0,0.0833,0.1111,0.0455,0.1875,0.1,0.0625,0,0.25,0.1667,0.0556,0,0.125,0,0,0.0556,0.15,0.15,0,0.125
"locus4854",0.375,0.125,0.25,0.3636,0.0714,0.125,0,0.3636,0.125,0.05,0.375,0,0.1875,0.2917,0.3333,0.1667,0.375,0.1667,0,0.2778,0.45,0.25,0.0909,0.2083
"locus4855",0.0417,0,0.1,0,0,0,0,0.0909,0,0,0,0,0,0.0833,0,0,0.0625,0,0,0,0.05,0.05,0,0
"locus4856",0.25,0.1875,0.2,0.3182,0.0714,0.125,0.0556,0.2727,0.4375,0.3,0,0.2778,0.25,0.1667,0.4444,0,0.25,0.2222,0,0.0556,0.3,0.1,0.0909,0.125
"locus4857",0.0417,0.0625,0.05,0,0,0.0417,0.0556,0,0,0,0,0,0,0,0.0556,0,0.0625,0.3889,0,0,0.05,0,0,0
"locus4858",0.1667,0,0,0,0,0,0,0,0.125,0.1,0.0625,0.4444,0,0,0,0,0.0625,0,0,0,0.05,0,0.0909,0
"locus4859",0.0417,0.0625,0,0,0.3571,0,0.3889,0,0,0,0.4375,0,0,0.0417,0,0.3333,0,0,0.3333,0.1111,0.05,0.05,0.0909,0.3333
"locus4860",0.2083,0,0,0.0909,0.2143,0,0.0556,0,0.0625,0.05,0,0,0.1875,0.0417,0.1111,0.3333,0.0625,0,0.0833,0.0556,0,0,0.2273,0.0417
"locus4861",0,0,0,0,0,0,0.2222,0,0,0,0,0,0,0.0833,0,0,0.0625,0,0,0,0,0.15,0,0.25
"locus4862",0.0417,0,0,0.0909,0,0,0,0,0.1875,0.15,0,0,0,0,0,0,0,0.0556,0,0.1111,0.05,0,0,0
"locus4863",0.25,0.3125,0.3,0.0455,0.2143,0.4583,0.2778,0.3182,0.0625,0.4,0.375,0.4444,0.375,0.2083,0,0.5,0.3125,0.3333,0.25,0.3889,0,0.35,0.1364,0.3333
"locus4864",0.4167,0.125,0.15,0.4545,0.1429,0.3333,0.2778,0.3636,0.25,0.15,0.0625,0.3889,0.0625,0.125,0.3889,0.1667,0.1875,0.3333,0.1667,0.3333,0.15,0.2,0.1364,0.25
"locus4865",0.2083,0.125,0.15,0,0,0.2083,0.0556,0.0909,0.0625,0,0.0625,0.2222,0.25,0.2917,0.1111,0.3333,0.375,0.2778,0.1667,0.1111,0.1,0.2,0.0909,0.0833
"locus4866",0.0833,0.3125,0.05,0.1818,0.2857,0.4583,0.0556,0.0455,0.25,0.4,0.125,0.3889,0.0625,0.2083,0,0,0.125,0.0556,0.1667,0,0,0.25,0.1364,0.1667
"locus4867",0.0417,0,0.05,0,0.0714,0.0417,0.1111,0,0,0.05,0,0.0556,0,0.0417,0.1111,0,0,0,0.0833,0,0.1,0.1,0,0.1667
"locus4868",0.375,0.25,0.3,0.4545,0.5,0.1667,0.5,0.3636,0.25,0.05,0.4375,0.1111,0.3125,0.5,0.4444,0.5,0.5,0.2778,0.25,0.2778,0.3,0.3,0.3182,0.4583
"locus4869",0.5,0,0,0,0,0,0,0,0,0,0,0,0.0625,0,0.0556,0,0.0625,0,0,0.1111,0.1,0,0.2273,0
"locus4870",0.2917,0.25,0.35,0.4091,0.1429,0.4583,0.3889,0.3182,0.375,0.45,0.5,0.3889,0.375,0.4583,0.2222,0.1667,0.3125,0.4444,0.25,0.1111,0.25,0.35,0.4091,0.375
"locus4871",0,0.125,0.05,0.0455,0,0.0417,0.0556,0.0455,0.0625,0,0,0,0.0625,0.0417,0,0,0,0,0,0,0,0.05,0.0455,0.125
"locus4872",0.4583,0,0.1,0.4091,0.3571,0.5,0.2222,0.1364,0.375,0.35,0.1875,0.1667,0.0625,0.1667,0.3333,0.5,0,0,0.0833,0.3889,0.25,0.15,0.4545,0.0417
"locus4873",0.0417,0,0,0.1364,0,0,0,0.0909,0.0625,0,0,0,0.125,0.0417,0,0,0.0625,0,0,0,0.15,0.1,0.0455,0.0417
"locus4874",0,0,0.05,0,0,0,0.0556,0.1818,0,0,0.0625,0,0,0,0,0,0.0625,0,0.0833,0,0,0.1,0,0
"locus4875",0.0833,0,0,0,0,0,0,0,0,0,0,0,0,0,0,0,0,0,0,0.2222,0.3,0,0,0
"locus4876",0,0,0.05,0.0455,0,0.0833,0,0.0909,0,0.1,0.125,0,0.125,0.1667,0,0.3333,0,0,0,0,0,0.25,0,0
"locus4877",0,0,0.05,0,0,0.375,0.1111,0,0.0625,0.2,0,0.1667,0,0,0,0,0,0,0,0,0,0,0.0455,0.0417
"locus4878",0,0.125,0.2,0,0,0.4583,0,0.1364,0,0,0,0,0,0.125,0,0,0.125,0.1667,0,0.3889,0,0.15,0.0455,0
"locus4879",0.0417,0,0,0,0,0,0.0556,0,0.0625,0,0,0.0556,0.0625,0,0,0,0,0,0,0,0.05,0.05,0.0909,0.0417
"locus4880",0,0,0.15,0,0,0,0.0556,0.0455,0,0,0,0,0.125,0.0833,0,0,0,0.1111,0,0,0,0.05,0,0
"locus4881",0.0417,0,0.05,0,0,0.0417,0,0,0,0,0,0,0,0.0417,0.1667,0,0,0.1111,0.0833,0,0.05,0,0,0
"locus4882",0,0,0.05,0.2273,0,0,0,0.0909,0,0,0,0,0,0,0,0,0,0,0,0,0.15,0,0,0
"locus4883",0.1667,0.0625,0.05,0.2727,0.0714,0,0,0.0455,0.0625,0,0,0.1667,0,0.125,0.1111,0,0.0625,0,0,0.0556,0.15,0.2,0.1818,0
"locus4884",0.0417,0,0,0,0,0,0.1111,0,0,0,0.1875,0,0,0,0.2222,0,0.0625,0,0.1667,0,0,0,0,0.25
"locus4885",0.25,0.4375,0.45,0.3636,0.4286,0.1667,0.3333,0.2727,0.25,0.4,0.3125,0.3889,0.3125,0.3333,0.5,0.3333,0.5,0.3889,0.4167,0.4444,0.4,0.4,0.4091,0.5
"locus4886",0.2083,0,0.15,0.1364,0,0.0417,0.0556,0.1364,0.0625,0,0.1875,0,0,0,0.1111,0,0.1875,0.0556,0,0.1111,0.3,0,0.0909,0
"locus4887",0.0833,0.0625,0,0.2727,0,0,0,0.0455,0,0,0.0625,0,0.0625,0.0833,0.1667,0,0,0.0556,0,0,0.05,0,0.0455,0
"locus4888",0,0,0,0,0,0,0,0.0455,0,0,0,0,0.0625,0,0.1111,0,0.125,0.1111,0,0,0,0,0.0455,0.0417
"locus4889",0.0417,0.0625,0.1,0,0,0,0,0.0909,0,0,0,0,0.0625,0.2083,0,0,0.25,0.0556,0,0,0.05,0.15,0,0
"locus4890",0.4167,0.4375,0.35,0.5,0.2143,0.4583,0.1667,0.2273,0.5,0.2,0.1875,0.0556,0.3125,0.375,0.4444,0.1667,0.4375,0.3889,0,0.3889,0.4,0.15,0.2727,0.1667
"locus4891",0.125,0.125,0.2,0.1364,0.1429,0.1667,0,0.2727,0.125,0.4,0.0625,0.3333,0.375,0.25,0,0.1667,0.25,0.1667,0.0833,0.1111,0.1,0.3,0,0.125
"locus4892",0.125,0,0.05,0,0,0,0,0,0,0,0,0.1111,0.0625,0,0.0556,0,0,0,0,0.0556,0,0.05,0,0.0833
"locus4893",0.375,0.125,0.2,0.2727,0,0.0833,0.0556,0.3182,0.4375,0.15,0.1875,0.1667,0.5,0.2083,0.3889,0.1667,0.375,0.4444,0.1667,0.4444,0.25,0.3,0.4545,0.0833
"locus4894",0.2917,0,0,0.0909,0,0,0,0.0455,0.0625,0.05,0.1875,0.1667,0.0625,0,0.2222,0.1667,0,0.1667,0,0,0.15,0.15,0,0
"locus4895",0.25,0,0.05,0.1364,0,0.0417,0.1667,0,0,0,0.0625,0,0.125,0.0417,0.2778,0.1667,0.0625,0,0.0833,0.0556,0.15,0,0.0909,0.0833
"locus4896",0.4167,0.3125,0.4,0.5,0.0714,0.0833,0.3333,0.3182,0.375,0.1,0.25,0.0556,0.3125,0.5,0.1667,0.3333,0.4375,0.2222,0.25,0.3889,0.4,0.35,0.4545,0.125
"locus4897",0,0,0,0,0,0,0.0556,0.0455,0.125,0.05,0,0,0,0.0833,0.1111,0,0.0625,0.1111,0.0833,0.0556,0,0,0,0
"locus4898",0.1667,0.1875,0.1,0.2273,0,0.1667,0,0.0909,0.125,0.15,0.0625,0.0556,0.1875,0.1667,0.1667,0,0.1875,0.0556,0.0833,0,0.05,0.25,0.0909,0.0833
"locus4899",0.0833,0,0,0,0,0,0,0.0455,0,0,0,0,0.125,0.125,0.0556,0.1667,0,0,0.0833,0,0,0.05,0,0.0417
"locus4900",0,0.0625,0,0,0.0714,0.125,0,0.0455,0,0.05,0,0.1111,0.125,0.0417,0,0,0,0,0,0.0556,0,0,0,0
"locus4901",0,0,0.05,0,0,0.0417,0.0556,0,0.125,0,0.0625,0,0.0625,0,0.2222,0,0,0,0.0833,0.2778,0.15,0,0,0
"locus4902",0,0,0,0.0455,0,0.125,0,0,0,0,0.0625,0,0.125,0.0833,0,0,0.1875,0,0.0833,0,0,0.15,0,0
"locus4903",0.1667,0,0,0,0,0.0417,0.0556,0,0,0,0.0625,0,0,0,0.1111,0,0,0,0,0.0556,0.1,0,0.0455,0
"locus4904",0.4167,0.125,0.3,0.0455,0.0714,0.0833,0.2222,0.2273,0.1875,0.15,0.25,0.1111,0.375,0.4167,0.2778,0.1667,0.4375,0.1667,0.3333,0.3889,0.25,0.45,0.2727,0.375
"locus4905",0,0,0,0,0.2857,0.0833,0.3333,0,0,0.05,0.25,0,0,0.0417,0,0,0.0625,0,0.0833,0.0556,0.05,0,0.0455,0.4167
"locus4906",0.2917,0.0625,0,0.0455,0,0,0,0,0,0,0,0,0.125,0.0833,0.2222,0,0,0,0,0.1111,0,0,0,0
"locus4907",0,0,0.2,0,0,0,0,0.0455,0,0,0,0,0,0.125,0,0,0.125,0,0,0,0,0,0,0
"locus4908",0.1667,0.25,0.4,0.3182,0.0714,0.0417,0.0556,0.1818,0,0.15,0.25,0.0556,0.125,0.125,0.2222,0.1667,0.25,0.0556,0.0833,0.0556,0.15,0.25,0.3182,0.0417
"locus4909",0,0,0.05,0,0,0.0417,0,0.0909,0,0,0,0,0,0.0417,0.1667,0,0,0.1111,0,0,0.05,0.05,0.0455,0
"locus4910",0,0,0.05,0.0909,0.0714,0,0.2222,0.1364,0,0,0,0,0,0.0417,0.2778,0.1667,0,0,0.1667,0.0556,0.05,0.05,0.0909,0.0833
"locus4911",0.0417,0.125,0.1,0,0.1429,0.3333,0.0556,0.0455,0.0625,0,0,0,0.25,0.0417,0,0,0.0625,0,0,0,0.05,0.1,0.1364,0.2083
"locus4912",0.25,0,0.05,0.0909,0.0714,0,0,0,0,0,0.125,0.0556,0,0.0417,0,0.1667,0.0625,0,0,0.2222,0.25,0,0.1364,0.0833
"locus4913",0.0833,0.125,0.05,0,0,0.0833,0,0,0,0,0.125,0,0,0.0833,0,0,0,0.1667,0,0,0.15,0.05,0.0455,0
"locus4914",0.0417,0.0625,0.05,0,0.1429,0.25,0.0556,0,0.1875,0.2,0,0.1667,0.125,0.0417,0,0,0,0.1667,0.25,0,0.05,0.3,0.0455,0
"locus4915",0,0.0625,0.05,0,0.1429,0.1667,0.1111,0.1364,0,0,0.125,0.0556,0.0625,0.0417,0,0.1667,0.125,0,0.0833,0,0,0,0.0455,0.0417
"locus4916",0.2917,0.1875,0.15,0.4545,0,0,0.2222,0.4545,0.25,0,0.3125,0,0.4375,0.4167,0.4444,0.3333,0.4375,0.5,0.0833,0.5,0.3,0.45,0.3636,0.0417
"locus4917",0,0,0,0,0,0,0.2222,0,0.125,0,0,0,0.0625,0.1667,0,0,0.125,0.0556,0.0833,0,0.05,0.05,0,0.0417
"locus4918",0.1667,0.0625,0.25,0,0,0,0.0556,0.2727,0.125,0.05,0.0625,0,0.375,0.2917,0.1111,0.3333,0.1875,0.3333,0.1667,0.1667,0.4,0.3,0.1818,0
"locus4919",0.4583,0.4375,0.25,0.3182,0.2857,0.2917,0.0556,0.0455,0.0625,0.3,0.0625,0.5,0.375,0.2083,0.3333,0,0.25,0.2222,0.0833,0.5,0.45,0,0.2727,0.0833
"locus4920",0,0.0625,0,0.1818,0,0,0,0,0,0,0,0,0,0,0.1111,0.1667,0,0.1111,0,0.0556,0.05,0,0,0
"locus4921",0,0.1875,0.05,0,0.0714,0.1667,0,0.1818,0,0.05,0,0,0,0.0417,0,0,0,0,0.0833,0,0,0,0,0
"locus4922",0,0.0625,0.1,0,0,0,0,0.0909,0,0,0,0,0.0625,0.0417,0,0,0,0.1111,0.0833,0.0556,0,0,0.2727,0.2083
"locus4923",0.0417,0,0,0.0455,0,0,0,0.0909,0,0,0.0625,0,0.0625,0.0417,0.0556,0.1667,0,0.0556,0,0,0.1,0,0.0455,0
"locus4924",0,0.0625,0.05,0.0909,0.0714,0,0,0,0.375,0,0,0,0.0625,0,0,0,0.0625,0,0,0,0,0,0,0
"locus4925",0.2083,0.4375,0.45,0.4545,0.0714,0.25,0.3333,0.4091,0.25,0.1,0.3125,0.2222,0.375,0.5,0.4444,0.5,0.4375,0.3889,0.0833,0.3889,0.3,0.5,0.4545,0.0417
"locus4926",0.2917,0.125,0.05,0.4545,0,0.125,0.1111,0.1364,0.0625,0.1,0.0625,0.0556,0,0.0833,0.4444,0,0.125,0.1667,0.25,0.2222,0.25,0,0.3182,0.1667
"locus4927",0,0,0,0,0,0.125,0,0,0,0,0,0.2778,0.0625,0,0,0,0.125,0,0,0,0,0,0,0
"locus4928",0.4167,0.3125,0.5,0.4545,0.3571,0.3333,0.3333,0.5,0.1875,0.15,0.3125,0.0556,0.3125,0.4583,0.3889,0.1667,0.375,0.4444,0.1667,0.2778,0.35,0.35,0.4545,0.25
"locus4929",0,0.25,0,0,0.3571,0.375,0.1111,0,0.0625,0.35,0.125,0.1111,0,0.0417,0,0,0,0,0,0.0556,0.05,0.05,0.1364,0.2917
"locus4930",0.0833,0,0.15,0.0455,0,0.1667,0.1111,0.1364,0.125,0,0.1875,0,0.125,0.125,0.2222,0,0.0625,0.1111,0,0.3333,0.05,0.1,0.1818,0.0833
"locus4931",0.1667,0.0625,0,0,0.0714,0,0.0556,0,0,0,0,0,0,0,0.1111,0,0.0625,0,0,0.3333,0.1,0.1,0.0909,0.0417
"locus4932",0,0,0,0,0,0.25,0,0.0455,0,0.2,0,0.1111,0.0625,0,0,0,0,0.0556,0.25,0,0,0.05,0,0.0417
"locus4933",0,0,0,0,0,0,0,0.0909,0.125,0.1,0,0.1111,0,0,0,0,0.0625,0,0.0833,0,0.05,0,0.0455,0.0417
"locus4934",0.2083,0.125,0.1,0.3182,0.4286,0.0833,0.5,0.0455,0.1875,0.1,0.3125,0.1111,0,0.0833,0.2222,0.3333,0.1875,0.0556,0.4167,0.3889,0.4,0.15,0.4091,0.4583
"locus4935",0.0417,0.0625,0.15,0.0909,0.4286,0.375,0.2222,0.0909,0,0.4,0.0625,0.2222,0.125,0.1667,0.0556,0,0.125,0.0556,0.0833,0.0556,0.25,0.15,0.0455,0.2917
"locus4936",0,0,0.05,0,0.0714,0,0,0,0,0,0,0.0556,0,0,0.0556,0,0.0625,0.2778,0,0.0556,0,0,0,0
"locus4937",0.1667,0,0,0,0,0,0,0,0,0,0,0,0.0625,0,0.1111,0,0.0625,0.1667,0,0,0.05,0.05,0,0
"locus4938",0.0417,0,0,0,0,0,0,0.0455,0.125,0,0.0625,0,0,0,0.1667,0.1667,0,0,0.0833,0.0556,0.25,0,0.0455,0
"locus4939",0.1667,0.125,0.4,0.2273,0.3571,0.375,0.5,0.2273,0.375,0.5,0.1875,0.2778,0.375,0.2917,0.2222,0.3333,0.375,0.3333,0.4167,0,0.2,0.1,0.2727,0.4167
"locus4940",0.1667,0.25,0,0.2273,0.2857,0.4583,0.1111,0.0455,0.25,0.35,0.0625,0.3889,0.0625,0.0833,0,0.1667,0.125,0,0,0,0.1,0.05,0,0.0833
"locus4941",0,0,0.1,0,0,0.0417,0,0.0455,0,0,0,0,0,0,0,0,0.0625,0,0,0,0.05,0.1,0.0909,0
"locus4942",0,0.0625,0,0,0.0714,0.125,0.2778,0.0455,0,0,0,0.0556,0.125,0,0,0,0.0625,0,0.1667,0,0,0,0,0.0833
"locus4943",0.0833,0,0.05,0.0455,0,0.1667,0.1111,0,0,0.1,0,0.0556,0,0.125,0,0,0.0625,0.0556,0,0,0.1,0,0,0
"locus4944",0.2083,0,0.05,0,0,0,0.0556,0.1364,0,0.05,0.125,0,0,0.0833,0.2222,0,0,0.0556,0,0.0556,0,0,0.1364,0
"locus4945",0.0417,0,0,0.0455,0.0714,0.0833,0.0556,0,0,0.1,0.0625,0,0.125,0.0417,0.0556,0,0,0.0556,0.0833,0,0,0.05,0.0455,0.0833
"locus4946",0.0417,0,0.15,0,0.0714,0.125,0.0556,0.1364,0.125,0,0,0,0,0.1667,0,0,0,0.0556,0.0833,0,0,0.1,0.1364,0
"locus4947",0.125,0.0625,0.05,0.0909,0.2143,0.2083,0,0,0,0.35,0,0.1667,0.0625,0,0.0556,0,0,0.1111,0,0,0.15,0.15,0.1818,0.125
"locus4948",0.0833,0.0625,0.05,0,0.1429,0.1667,0,0.0909,0.125,0,0.0625,0.1111,0.0625,0.0417,0.2222,0,0.125,0,0.0833,0.0556,0.15,0.05,0.2273,0.0833
"locus4949",0.375,0,0,0.3636,0,0,0.0556,0,0.125,0.05,0.3125,0.0556,0.125,0.0417,0.2778,0.3333,0.1875,0.3889,0.25,0.1667,0.5,0,0.4545,0.0417
"locus4950",0,0,0.05,0,0,0.0417,0.2222,0,0,0.1,0,0.0556,0.125,0,0,0,0.0625,0.0556,0,0,0.05,0.05,0,0.0417
"locus4951",0.4583,0.375,0.5,0.4545,0.4286,0.3333,0.3333,0.4545,0.375,0.2,0.375,0.2222,0.4375,0.375,0.3889,0.5,0.375,0.5,0.4167,0.1667,0.3,0.45,0.3182,0.25
"locus4952",0.125,0,0.1,0,0.1429,0,0,0.0909,0,0.05,0,0,0,0.0417,0,0,0,0.0556,0,0,0,0,0,0
"locus4953",0,0,0.2,0,0,0,0.0556,0.0455,0.0625,0,0,0,0.0625,0.25,0,0,0.3125,0,0,0.0556,0,0,0,0
"locus4954",0.4583,0.25,0.45,0.4545,0.2857,0.25,0.2778,0.4545,0.4375,0.15,0.4375,0.0556,0.375,0.4583,0.4444,0.5,0.5,0.4444,0.5,0.4444,0.5,0.45,0.3182,0.3333
"locus4955",0.125,0,0.25,0.0455,0,0.0417,0.0556,0.1364,0,0.05,0.125,0,0.125,0.375,0.2222,0,0.1875,0,0.3333,0,0.05,0.15,0.0909,0.0833
"locus4956",0.125,0.3125,0.25,0.2273,0,0.2083,0,0.1364,0.375,0.2,0.25,0.2222,0.25,0.0833,0.1111,0,0,0.1111,0.0833,0.1111,0.25,0.05,0.2273,0.125
"locus4957",0,0.125,0,0.0455,0,0,0.0556,0.0455,0,0,0,0,0,0,0,0,0,0.1111,0,0.4444,0,0.05,0.0455,0.0833
"locus4958",0.3333,0.375,0.25,0.3636,0.4286,0.2917,0.2778,0.3636,0.375,0.45,0.375,0.3889,0.375,0.4583,0.2778,0.3333,0.3125,0.3889,0.4167,0.4444,0.25,0.5,0.4091,0.125
"locus4959",0.0417,0,0.05,0,0,0,0.0556,0.0455,0,0.05,0.0625,0,0.125,0.125,0.0556,0,0.125,0.0556,0,0,0,0,0.0909,0
"locus4960",0.25,0.3125,0.35,0.3182,0.1429,0.0417,0.1667,0.4545,0.5,0.05,0.1875,0.1111,0.375,0.3333,0.3333,0.5,0.3125,0.2222,0.1667,0.4444,0.45,0.25,0.0909,0.125
"locus4961",0.375,0.4375,0.25,0.3182,0,0.0833,0.3889,0.2273,0.3125,0.1,0.25,0.0556,0.1875,0.25,0.3333,0.5,0.25,0.2778,0.4167,0.3333,0.2,0.5,0.2273,0.375
"locus4962",0.5,0.4375,0.45,0.4091,0.3571,0.4167,0.3333,0.3182,0.3125,0.3,0.0625,0.3889,0.5,0.375,0.3889,0.5,0.3125,0.2222,0.1667,0.5,0.45,0.45,0.5,0.25
"locus4963",0.2917,0.375,0.45,0.4545,0.4286,0.4583,0.1667,0.4545,0.4375,0.35,0.5,0.4444,0.125,0.4583,0.2778,0.5,0.4375,0.3333,0.3333,0.3889,0.25,0.4,0.3182,0.1667
"locus4964",0,0.25,0.05,0,0.1429,0.125,0.0556,0,0,0,0,0,0,0.0833,0,0,0,0,0,0,0.05,0,0.1364,0.0417
"locus4965",0,0.0625,0.05,0,0,0,0,0.2273,0,0,0,0,0.0625,0.1667,0,0,0.125,0.2222,0,0,0,0.1,0.0909,0
"locus4966",0,0,0.15,0.1364,0,0.0417,0.0556,0,0,0,0,0,0,0,0,0.1667,0.125,0.0556,0,0,0.05,0,0.0455,0
"locus4967",0,0.0625,0.05,0.0455,0,0,0,0,0,0.05,0,0.1667,0.1875,0.0417,0,0,0.25,0,0.0833,0,0.2,0,0,0
"locus4968",0,0.3125,0.1,0.1364,0.0714,0.1667,0.1111,0.0455,0.125,0.3,0,0.3889,0.0625,0.1667,0,0,0.1875,0,0,0,0,0,0,0
"locus4969",0.0417,0,0,0,0,0.125,0,0,0,0.2,0,0.1111,0,0,0.1111,0,0,0,0,0,0,0.05,0.1364,0
"locus4970",0.0417,0,0,0.0455,0,0.0833,0,0.0455,0,0,0,0,0,0.0417,0.1111,0.1667,0.0625,0.1111,0,0,0.05,0.1,0,0.0417
"locus4971",0.125,0.125,0.3,0.4545,0,0.125,0.1667,0.3182,0.5,0.1,0.5,0,0.375,0.2917,0.2222,0,0.375,0.5,0.3333,0.0556,0.5,0.4,0.3636,0
"locus4972",0.3333,0,0,0,0,0,0,0,0,0,0,0,0.0625,0,0.0556,0,0,0,0,0.3889,0,0,0.0455,0
"locus4973",0.1667,0.1875,0.15,0.0909,0,0.1667,0.1111,0.1364,0.0625,0,0.125,0,0.125,0,0,0,0.0625,0,0.0833,0,0,0.25,0,0.0417
"locus4974",0,0.125,0,0,0.2143,0.4583,0.1667,0,0,0.2,0,0.4444,0,0.0833,0,0,0,0.1667,0.0833,0.0556,0.2,0,0.1364,0.2083
"locus4975",0.4167,0.3125,0.4,0.3182,0.5,0.25,0.4444,0.5,0.4375,0.2,0.3125,0.2222,0.5,0.4167,0.3889,0,0.5,0.5,0.25,0.3889,0.2,0.25,0.3182,0.2917
"locus4976",0.125,0.0625,0.05,0.0455,0.5,0.2083,0.1111,0,0,0.4,0.0625,0.3333,0,0.0833,0,0,0.125,0,0.0833,0,0,0,0,0.4583
"locus4977",0,0.0625,0.05,0,0.0714,0.0833,0,0,0,0.05,0.125,0.2222,0.0625,0.0417,0,0,0.1875,0,0,0,0.05,0,0.0455,0.1667
"locus4978",0.2083,0.1875,0.3,0.3636,0.3571,0.25,0.4444,0.0455,0,0.2,0.1875,0.2222,0.3125,0.25,0,0,0.25,0.0556,0.0833,0.0556,0.1,0,0.3182,0.4167
"locus4979",0.0417,0.0625,0.2,0.1364,0.0714,0.125,0.2222,0.1364,0,0.1,0.125,0.1111,0,0.1667,0,0,0.1875,0.0556,0.3333,0.0556,0,0.05,0.0455,0.2917
"locus4980",0.0417,0.125,0.05,0.0455,0.4286,0.3333,0.3889,0.0909,0.0625,0.05,0.4375,0.1667,0,0.0833,0,0.3333,0.125,0.0556,0.3333,0.1111,0.1,0.05,0.1364,0.375
"locus4981",0.2083,0.5,0.05,0.1364,0.2857,0.375,0.3889,0.1818,0.125,0.25,0.3125,0.4444,0.1875,0.25,0.0556,0.1667,0.25,0.1667,0.5,0.0556,0.05,0.15,0.3636,0.375
"locus4982",0.0833,0.125,0.05,0.1364,0,0,0.0556,0.0455,0,0.05,0.0625,0,0,0.0833,0,0,0,0.1667,0.1667,0,0,0.05,0.0909,0
"locus4983",0.2083,0.3125,0.15,0.1818,0,0.1667,0,0.1818,0.4375,0.1,0.3125,0.1667,0.1875,0.125,0.4444,0.3333,0.1875,0.3889,0,0.2222,0,0.2,0.2727,0.0833
"locus4984",0.375,0.4375,0.4,0.3636,0.4286,0.4167,0.3889,0.3636,0.375,0.15,0.4375,0.4444,0.4375,0.125,0.3889,0.5,0.5,0.3889,0.5,0.2222,0.45,0.5,0.5,0.4583
"locus4985",0.125,0.0625,0.05,0.2273,0.1429,0.0833,0,0.0909,0.25,0.1,0,0,0.125,0,0.1667,0.1667,0,0.2778,0,0.0556,0.1,0.15,0,0
"locus4986",0.25,0.3125,0.35,0.3636,0.5,0.4583,0.4444,0.5,0.4375,0.35,0.4375,0.3889,0.3125,0.4583,0.4444,0,0.4375,0.2222,0.4167,0.2778,0.3,0.2,0.3182,0.1667
"locus4987",0.0833,0,0,0,0,0,0,0,0,0.05,0.125,0,0,0.125,0,0,0,0,0,0.5,0.2,0,0,0
"locus4988",0.4167,0.4375,0.2,0.4545,0.2143,0.25,0.2778,0.3182,0.375,0.5,0.3125,0.5,0.4375,0.1667,0.4444,0.5,0.1875,0.2222,0.25,0.3889,0.35,0.45,0.3182,0.1667
"locus4989",0.125,0,0.05,0.1818,0,0.0417,0,0.1364,0,0,0,0,0.1875,0.125,0.0556,0.1667,0.125,0.1667,0,0.0556,0.05,0.2,0.0455,0
"locus4990",0,0,0.05,0.1364,0,0,0,0,0,0,0,0,0,0,0.1111,0,0.0625,0,0,0,0.1,0.05,0.0909,0
"locus4991",0.25,0.5,0.45,0.1364,0.2143,0.25,0.2778,0.4091,0.3125,0.4,0.4375,0.3333,0.4375,0.375,0.5,0,0.3125,0.5,0.4167,0.1111,0.35,0.35,0.1364,0.3333
"locus4992",0,0,0,0,0,0,0,0.0909,0,0.05,0,0,0,0.125,0.0556,0,0.25,0,0,0,0.1,0.1,0,0
"locus4993",0.125,0.1875,0.15,0.0455,0,0.0417,0.1111,0.1818,0.0625,0,0,0,0.125,0.375,0.1111,0.1667,0.3125,0.1667,0.1667,0.2778,0.1,0.3,0.0909,0.0417
"locus4994",0,0,0,0.0909,0,0,0.1111,0,0.0625,0.05,0,0,0.0625,0.3333,0,0.1667,0.1875,0.1667,0.3333,0.0556,0,0.4,0,0
"locus4995",0.125,0.375,0.35,0.3636,0.4286,0.2917,0.2222,0.1364,0.3125,0.4,0,0.3333,0.1875,0.375,0.1667,0.1667,0.4375,0.1111,0,0.1111,0.25,0.25,0.3636,0.125
"locus4996",0,0.1875,0.05,0,0.3571,0.2083,0.0556,0,0.125,0.1,0,0.0556,0,0.125,0,0,0,0,0.0833,0.2222,0,0,0.0909,0.0833
"locus4997",0.25,0.3125,0.4,0.5,0.2857,0.25,0.4444,0.5,0.375,0.05,0.375,0.1667,0.3125,0.4583,0.2778,0.3333,0.375,0.2778,0.4167,0.3333,0.35,0.4,0.3636,0.4583
"locus4998",0,0.0625,0.05,0,0.0714,0,0,0.0455,0,0,0,0,0.125,0.125,0,0,0.125,0,0,0,0,0.05,0,0
"locus4999",0.0833,0.1875,0.45,0,0.1429,0,0,0.4091,0,0,0,0,0.4375,0.2917,0.1111,0,0.4375,0.3333,0.0833,0.0556,0,0.2,0.1364,0.0417
"locus5000",0.2917,0.375,0.45,0.0909,0.2857,0.3333,0.2778,0.3182,0.3125,0.3,0.25,0.3889,0.0625,0.2917,0,0.5,0.4375,0.2778,0.0833,0.4444,0.15,0.2,0.3182,0.375
"locus5001",0.2917,0.1875,0.4,0.2273,0,0.0417,0.0556,0.4545,0.1875,0,0.375,0,0.5,0.375,0.3889,0.3333,0.25,0.3333,0.4167,0.3333,0.45,0.25,0.4545,0
"locus5002",0,0,0,0,0.0714,0.0833,0.1111,0,0,0,0,0,0,0,0,0,0.0625,0,0.3333,0,0,0.05,0,0.0833
"locus5003",0,0.1875,0,0.2727,0.1429,0.0417,0.0556,0,0,0.35,0.125,0.3333,0,0,0,0,0,0,0,0,0,0,0.0455,0.0417
"locus5004",0.5,0.375,0.3,0.3636,0.3571,0.4583,0.5,0.5,0.5,0.45,0.4375,0.3889,0.3125,0.4583,0.2778,0.5,0.4375,0.5,0.4167,0.2778,0.45,0.4,0.4545,0.4167
"locus5005",0.125,0.125,0.1,0,0,0.0417,0.1667,0.0455,0,0,0,0,0.0625,0.0833,0,0,0.0625,0,0,0,0.05,0.1,0.0455,0.0833
"locus5006",0,0.0625,0.15,0,0,0,0,0.0455,0.0625,0.05,0,0,0,0.2083,0,0,0.0625,0,0,0,0,0.2,0,0
"locus5007",0.0833,0.25,0.4,0.1364,0.2857,0.2083,0.1667,0.2273,0.3125,0.15,0.25,0,0.375,0.2917,0,0.1667,0.3125,0.3889,0.3333,0.0556,0.15,0.45,0.4091,0.25
"locus5008",0.0417,0.1875,0.05,0.0455,0.3571,0.5,0.1111,0.0909,0,0.35,0,0.2222,0,0.125,0.0556,0,0.0625,0,0.25,0,0.2,0.25,0.3182,0.25
"locus5009",0.0833,0.1875,0.05,0.1364,0.4286,0.4167,0.3333,0.0455,0.1875,0.15,0.3125,0.3889,0.0625,0,0.0556,0,0,0.0556,0.1667,0.0556,0.3,0.45,0.1364,0.4583
"locus5010",0,0,0,0.0455,0,0,0.0556,0.1818,0,0,0,0,0.125,0,0.3333,0,0,0.0556,0,0,0,0,0,0.0417
"locus5011",0.0833,0.0625,0,0,0,0.0417,0,0,0,0.2,0.0625,0.0556,0,0.0417,0.1111,0,0.0625,0,0,0,0,0.05,0,0.0417
"locus5012",0,0.3125,0,0.0909,0,0.0833,0,0,0.3125,0.05,0,0.1667,0.0625,0,0,0,0,0,0,0.0556,0.05,0.2,0,0
"locus5013",0.0417,0,0.15,0,0,0.0417,0,0.0455,0,0.2,0,0.1111,0.0625,0,0,0,0,0,0,0,0,0,0.0455,0
"locus5014",0,0,0,0,0,0,0.0556,0,0,0.05,0.0625,0,0,0.0417,0,0.1667,0,0,0.0833,0.4444,0,0.05,0,0.5
"locus5015",0,0,0.35,0,0,0,0,0,0,0,0,0,0.0625,0.0833,0,0,0.125,0.0556,0,0,0,0,0.0455,0
"locus5016",0,0.25,0,0.0455,0.2857,0.25,0,0,0,0.3,0,0,0.125,0.0417,0,0,0,0,0,0,0.3,0,0.0455,0.0417
"locus5017",0,0.125,0.1,0.0909,0,0.0417,0.2778,0.2273,0.0625,0,0.1875,0,0.25,0.2083,0.1111,0.3333,0.25,0.0556,0.25,0.1111,0.1,0.2,0.0909,0.125
"locus5018",0,0,0.1,0,0,0,0,0.2273,0,0,0.125,0,0.0625,0.0833,0.1111,0,0.125,0.1667,0,0,0.05,0,0,0
"locus5019",0,0.0625,0.1,0,0.2143,0.1667,0,0.1818,0,0.05,0,0,0.1875,0.0417,0,0,0.125,0.2222,0,0,0.05,0,0,0
"locus5020",0,0.3125,0,0.2727,0,0.0833,0,0,0,0.05,0,0,0,0,0,0,0,0,0,0,0.05,0.1,0.0455,0
"locus5021",0.0417,0,0.1,0.0909,0.2143,0.0833,0.1111,0.0455,0,0.05,0.0625,0,0.1875,0,0,0,0.125,0,0.25,0.0556,0,0,0,0.1667
"locus5022",0.2917,0.0625,0.15,0.4545,0,0.0833,0.0556,0.1818,0,0.05,0.0625,0,0.125,0.1667,0.2222,0.1667,0.125,0.0556,0,0.4444,0.2,0.1,0,0.0833
"locus5023",0,0.0625,0,0,0.1429,0.125,0,0,0.0625,0.05,0,0.0556,0,0,0,0.1667,0,0,0,0,0,0,0,0.0417
"locus5024",0.0833,0,0,0.1364,0,0.0417,0,0,0,0,0,0,0,0,0,0.1667,0,0,0,0.0556,0.05,0,0.0909,0.0833
"locus5025",0,0.0625,0,0,0,0,0,0,0,0,0,0,0,0.0417,0,0,0,0,0,0.3889,0,0,0.1364,0.0417
"locus5026",0,0.125,0.25,0.0455,0,0.0417,0,0,0.125,0.05,0,0,0.375,0.1667,0.0556,0,0.125,0.0556,0,0,0,0.2,0,0
"locus5027",0.5,0,0.1,0.3636,0.0714,0,0.0556,0.0909,0,0.1,0.125,0,0.125,0.0417,0.4444,0.1667,0.125,0.1111,0,0.1667,0.3,0.2,0.0455,0.0417
"locus5028",0.2083,0.125,0.05,0.0909,0.3571,0.375,0.0556,0.1364,0.125,0.4,0,0.4444,0.125,0.0417,0.1667,0,0.0625,0.1111,0,0,0.05,0,0.0909,0
"locus5029",0.1667,0.0625,0.2,0,0,0.0417,0,0.1364,0.125,0.15,0.0625,0.1111,0.125,0.0417,0.1667,0,0,0.1667,0,0,0.1,0.05,0.1818,0
"locus5030",0.0417,0.0625,0.1,0,0,0.0417,0,0,0.125,0.05,0,0,0,0,0.0556,0,0,0.1111,0,0,0,0,0,0.0417
"locus5031",0,0,0.05,0,0,0,0,0,0.0625,0,0.125,0,0,0.1667,0.1111,0,0,0,0.1667,0,0.05,0.05,0.1364,0.125
"locus5032",0.2917,0.25,0.45,0.3182,0.3571,0.375,0.2778,0.4545,0.5,0.3,0.375,0.0556,0.375,0.4583,0.2222,0.3333,0.4375,0.3333,0.4167,0.3889,0.3,0.4,0.3182,0.4583
"locus5033",0,0,0,0,0,0,0.4444,0,0,0,0,0,0,0,0,0,0,0,0.0833,0,0.05,0,0,0.1667
"locus5034",0,0.125,0,0,0,0.0833,0,0,0,0,0.0625,0,0.0625,0.0833,0,0,0.25,0.0556,0.0833,0.0556,0,0.1,0.0455,0
"locus5035",0.125,0.1875,0.25,0.2273,0.2143,0.1667,0.0556,0.1364,0.0625,0.45,0.375,0.4444,0.3125,0.4167,0.0556,0,0.3125,0.1111,0.5,0.0556,0.05,0.2,0.0455,0.0417
"locus5036",0.1667,0,0,0.1364,0,0.0833,0,0.2727,0.0625,0,0,0.0556,0.375,0.125,0.3333,0.1667,0.1875,0.2778,0,0.3333,0.1,0.05,0.0455,0.0417
"locus5037",0,0.0625,0.45,0,0.5,0.3333,0.5,0.0455,0,0,0.125,0,0.125,0.1667,0.1111,0,0.125,0,0.0833,0.0556,0,0.15,0.2273,0.4583
"locus5038",0.0417,0,0.05,0.0909,0,0.0833,0,0,0,0,0,0,0,0.0833,0.0556,0,0.25,0.1667,0,0,0.05,0.05,0,0
"locus5039",0.0833,0.0625,0,0.0909,0,0,0,0.0455,0,0,0,0.1111,0,0.2083,0.0556,0,0,0,0,0.1111,0,0,0.0455,0
"locus5040",0.125,0.0625,0.1,0.0455,0.2857,0.4167,0.0556,0.2727,0.125,0.1,0,0.0556,0.0625,0.1667,0.3333,0.3333,0.125,0.0556,0,0.3333,0.1,0.1,0.2273,0.25
"locus5041",0.375,0.3125,0.15,0.3182,0.4286,0.5,0.3333,0.0455,0.4375,0.35,0,0.4444,0,0.0417,0.4444,0,0.25,0.1111,0.1667,0.0556,0.25,0,0.2727,0.2083
"locus5042",0.25,0.4375,0.2,0.5,0.1429,0.125,0.1667,0.3636,0.1875,0.2,0.375,0.0556,0.4375,0.25,0.3889,0.3333,0.375,0.4444,0.25,0.0556,0.5,0.45,0.5,0.25
"locus5043",0.125,0.1875,0.2,0.1364,0.1429,0.0417,0.3333,0.2273,0,0,0.25,0,0.25,0.25,0,0.1667,0.125,0.1111,0.4167,0.1111,0.3,0.2,0.1364,0.2083
"locus5044",0.2083,0.25,0.3,0.1818,0.2143,0.3333,0.1667,0.1818,0.375,0.1,0.25,0,0.3125,0.375,0.3889,0.1667,0.3125,0.3889,0.25,0.0556,0.2,0.1,0.3636,0.3333
"locus5045",0,0,0,0,0.0714,0,0.1111,0,0.0625,0,0,0,0,0.0417,0,0.1667,0.0625,0,0.1667,0,0,0.05,0.1818,0
"locus5046",0.125,0.125,0,0,0,0,0.0556,0,0.1875,0.05,0,0,0.5,0.0833,0.1111,0,0.0625,0.3333,0,0.2222,0.4,0.4,0.0909,0.0417
"locus5047",0,0.375,0.3,0.1818,0.2857,0.0833,0.2222,0.1364,0.1875,0.35,0.0625,0.5,0,0.25,0.1111,0,0.1875,0,0.4167,0.1111,0.05,0.15,0.0909,0.3333
"locus5048",0.0417,0.125,0,0,0,0.125,0,0,0,0.05,0.0625,0.1111,0,0,0,0,0,0.0556,0,0,0,0.05,0.0909,0
"locus5049",0,0.0625,0.1,0.0455,0,0,0,0.0455,0,0,0,0,0,0.125,0,0,0,0.1667,0,0,0,0.05,0,0
"locus5050",0.125,0.125,0.05,0.0455,0,0.0417,0,0,0.0625,0,0,0,0.1875,0,0.0556,0,0.1875,0,0.0833,0,0,0.05,0.0909,0
"locus5051",0.0833,0,0,0.0909,0,0,0,0,0.0625,0,0,0,0,0.0417,0.3333,0,0,0.1111,0,0,0,0.05,0,0
"locus5052",0.1667,0,0.2,0,0,0.0833,0.0556,0.1364,0.0625,0.1,0,0,0,0.2917,0.0556,0,0.125,0,0,0,0.15,0.1,0,0
"locus5053",0.2917,0.4375,0.3,0.0455,0.2857,0.1667,0.2778,0.2727,0.4375,0.2,0.0625,0.2778,0.4375,0.25,0.1111,0.1667,0.25,0.3333,0.1667,0.1111,0.1,0.4,0.2273,0.3333
"locus5054",0,0.125,0,0,0.0714,0.0833,0,0,0,0.05,0.0625,0,0,0,0.1111,0,0,0,0,0,0.05,0,0.0909,0
"locus5055",0.0417,0,0,0.1818,0,0,0,0,0,0,0.125,0,0.0625,0,0,0,0.0625,0,0.0833,0.1667,0.05,0.05,0,0
"locus5056",0,0,0,0,0,0,0.1667,0,0,0,0,0,0,0,0,0,0,0,0,0.0556,0.05,0,0,0.375
"locus5057",0.2083,0.4375,0.25,0.1818,0.4286,0.4583,0.5,0.1818,0.0625,0.2,0.25,0.2778,0.1875,0.4583,0.0556,0,0.125,0.1111,0.0833,0.0556,0.1,0.25,0.3182,0.375
"locus5058",0,0,0.05,0,0,0,0,0.1364,0,0.15,0,0,0.0625,0.125,0,0,0.3125,0,0.1667,0,0,0.25,0,0
"locus5059",0,0,0.1,0,0,0.125,0.1111,0.0455,0,0.05,0,0.0556,0,0.0417,0,0.1667,0,0,0,0.0556,0,0.1,0.0455,0.1667
"locus5060",0.0833,0.1875,0.4,0.0455,0,0,0,0.2273,0,0.1,0,0.1667,0.1875,0.375,0,0.3333,0.1875,0.1111,0.3333,0.0556,0.15,0.35,0.0455,0
"locus5061",0,0.0625,0,0,0,0.0417,0,0,0,0.05,0.125,0,0,0.125,0,0.1667,0,0.0556,0.0833,0,0,0.05,0.0455,0.0833
"locus5062",0.25,0.375,0.35,0.2727,0.2143,0.4583,0.4444,0.3636,0.5,0.45,0.375,0.1667,0.5,0.375,0.1111,0.3333,0.3125,0.3333,0.5,0.3889,0.1,0.15,0.2727,0.5
"locus5063",0.125,0.25,0.25,0.0455,0,0.25,0.1111,0.1818,0,0.05,0.125,0.0556,0.1875,0.2083,0.0556,0.1667,0.25,0,0.0833,0.1111,0.05,0.25,0,0.125
"locus5064",0,0.0625,0,0,0.0714,0,0.2222,0.0455,0,0,0.125,0.0556,0,0,0,0,0,0,0.4167,0,0,0,0.0909,0.5
"locus5065",0.3333,0.5,0.35,0.1818,0.1429,0.4583,0.4444,0.3636,0.4375,0.35,0.25,0.1111,0.4375,0.2917,0.0556,0.3333,0.375,0.5,0.4167,0,0.05,0.45,0.2273,0.3333
"locus5066",0.125,0.0625,0,0,0,0,0.0556,0,0.1875,0,0,0,0.25,0.125,0.1667,0,0.125,0,0,0,0,0.05,0.0455,0
"locus5067",0,0,0.05,0,0,0.125,0,0,0.0625,0.15,0.125,0.1667,0.0625,0,0,0,0,0,0.0833,0,0.05,0.1,0,0
"locus5068",0,0,0.05,0,0.0714,0.0417,0.2778,0,0,0,0.1875,0,0,0,0,0,0,0,0.0833,0.0556,0,0,0.1364,0.2917
"locus5069",0,0.125,0.1,0.0455,0.3571,0.0417,0.3889,0,0.0625,0.05,0.125,0,0.0625,0.0417,0,0.1667,0.125,0,0.25,0,0.05,0.05,0.1818,0.4583
"locus5070",0.125,0.1875,0.1,0.0909,0.0714,0,0.1111,0.0455,0.0625,0,0,0.0556,0,0.125,0.1111,0,0.25,0.2222,0.25,0.2222,0.05,0.05,0.1364,0.0417
"locus5071",0.4583,0.5,0.4,0.1364,0.2857,0.5,0.4444,0.4545,0.4375,0.5,0.1875,0.4444,0.5,0.4583,0.4444,0.3333,0.5,0.4444,0.3333,0.2778,0.15,0.5,0.3636,0.375
"locus5072",0.375,0.1875,0.1,0.1364,0.1429,0,0.1667,0.1818,0.0625,0,0.1875,0,0.125,0,0.4444,0,0.0625,0.2778,0.1667,0.3889,0.4,0.1,0.2727,0.25
"locus5073",0.2083,0.3125,0.25,0.1364,0.3571,0.4167,0.3889,0.0455,0,0.3,0.125,0.2778,0,0.2083,0.1667,0,0.1875,0.0556,0.25,0.1111,0,0.15,0.1818,0.375
"locus5074",0.1667,0,0,0,0,0,0,0.0455,0,0,0.0625,0,0.0625,0.0833,0.1667,0,0,0.0556,0.0833,0.1111,0,0,0,0.0833
"locus5075",0.125,0.0625,0,0,0,0.25,0,0,0,0.05,0,0,0,0,0,0.1667,0.0625,0,0.0833,0,0.05,0.05,0.0909,0.0833
"locus5076",0.0833,0.0625,0.25,0,0.0714,0.125,0,0.3182,0.125,0.05,0.0625,0,0.1875,0.0833,0,0.1667,0,0.2778,0,0.1667,0,0,0.1364,0.0417
"locus5077",0.0833,0,0.05,0,0,0,0,0.0455,0,0.05,0.0625,0,0.1875,0.0833,0,0.1667,0.0625,0.0556,0.0833,0,0.05,0.15,0.1818,0.0417
"locus5078",0,0.125,0.05,0.0455,0.1429,0.125,0,0.0455,0,0.05,0.0625,0,0.25,0.2083,0,0,0.0625,0.1667,0.0833,0,0.05,0,0.0455,0.2083
"locus5079",0.1667,0.1875,0.25,0.1364,0,0.0833,0.1667,0.1818,0,0,0.25,0.2222,0.25,0.2917,0,0.1667,0.1875,0.1111,0.1667,0.0556,0.2,0.25,0.0455,0.0417
"locus5080",0.0417,0,0,0,0,0,0,0,0.0625,0,0,0,0,0,0,0,0.1875,0,0.25,0,0.05,0.05,0,0.0417
"locus5081",0.4583,0.375,0.2,0.3182,0.2857,0.4167,0.4444,0.4545,0.5,0.35,0.4375,0.3889,0.4375,0.4167,0.2778,0.5,0.25,0.4444,0.5,0.3889,0.45,0.5,0.2727,0.375
"locus5082",0.0833,0.1875,0.05,0.1364,0,0.125,0.2222,0.0455,0,0.05,0.1875,0,0,0.0833,0.1667,0,0.125,0.1111,0.1667,0.2222,0.2,0.2,0.0455,0.125
"locus5083",0.5,0.375,0.3,0.3182,0.2857,0.2917,0.5,0.5,0.25,0.45,0.5,0.5,0.25,0.3333,0.3889,0.3333,0.4375,0.3889,0.3333,0.3889,0.35,0.3,0.3636,0.375
"locus5084",0.5,0.125,0.35,0.4545,0.3571,0,0.3333,0.3182,0.375,0.05,0.4375,0,0.3125,0.25,0.3889,0.3333,0.5,0.4444,0.4167,0.3333,0.45,0.45,0.3636,0.4583
"locus5085",0.25,0.125,0.4,0.0455,0,0,0.1111,0.2727,0,0.1,0,0,0.4375,0.375,0.2222,0.5,0.375,0.1667,0.0833,0.0556,0.05,0.1,0.0909,0
"locus5086",0.0833,0.375,0.2,0,0.2143,0.3333,0.0556,0.1818,0.1875,0.4,0.125,0,0.125,0.1667,0,0,0.125,0.0556,0,0.0556,0.05,0.15,0.0455,0.0417
"locus5087",0.0833,0.0625,0,0.0909,0,0.0417,0.1111,0.0455,0.0625,0,0.0625,0.1111,0,0.0417,0,0.1667,0.0625,0.0556,0,0.0556,0,0.05,0,0.0833
"locus5088",0,0.0625,0,0,0,0,0.1667,0,0,0.1,0.125,0,0,0,0.0556,0,0,0,0.0833,0,0,0.1,0.0455,0.125
"locus5089",0.0417,0,0.05,0.1818,0.0714,0,0.2778,0,0,0,0.0625,0.0556,0,0.125,0,0,0.125,0,0.0833,0.0556,0.15,0,0,0.0833
"locus5090",0,0,0.15,0.1818,0.0714,0,0.0556,0,0,0,0,0,0.125,0.125,0.0556,0,0,0.1111,0.1667,0,0,0.2,0.0455,0.1667
"locus5091",0,0.0625,0.2,0,0.4286,0.25,0.4444,0.1818,0.125,0.05,0.4375,0.0556,0.0625,0.2917,0.1111,0,0.1875,0.1111,0.5,0.0556,0.05,0.1,0.1364,0.5
"locus5092",0.125,0.0625,0.05,0.0455,0,0,0,0,0.1875,0.05,0,0,0.0625,0,0.0556,0,0,0.0556,0,0,0.2,0.05,0.0455,0
"locus5093",0.0417,0.5,0.3,0.1818,0.2857,0.25,0.2222,0.2727,0,0.35,0.0625,0.2222,0.125,0.375,0.0556,0,0.3125,0.2778,0.0833,0.0556,0.05,0.25,0.0455,0.2917
"locus5094",0.1667,0.125,0,0.1364,0,0,0,0,0,0,0.0625,0,0,0.0417,0,0.3333,0,0,0.1667,0.2222,0,0.05,0,0.125
"locus5095",0.125,0.125,0.15,0.3182,0.1429,0.1667,0.2222,0,0.125,0.15,0.125,0,0.3125,0.2083,0.1111,0.1667,0.0625,0.1667,0.3333,0,0.15,0.35,0.1818,0.125
"locus5096",0.125,0.1875,0.3,0.2727,0.2143,0.1667,0.4444,0.3182,0,0.1,0.3125,0.1667,0.125,0.3333,0.0556,0.5,0.25,0.2222,0.4167,0.1111,0.2,0.5,0.1818,0.4583
"locus5097",0.0417,0.1875,0,0.0909,0,0.0833,0,0.0455,0.1875,0.15,0.125,0.2222,0.1875,0.1667,0.2222,0,0,0,0,0.1111,0.05,0.1,0.0455,0
"locus5098",0.3333,0.0625,0.35,0.2273,0.1429,0,0.0556,0.4091,0.1875,0.15,0.125,0,0.3125,0.375,0.2222,0.3333,0.4375,0.2222,0,0.3889,0.4,0.25,0.0909,0.0833
"locus5099",0.2917,0.4375,0.1,0.2273,0.4286,0.4583,0.2778,0.1364,0.4375,0.45,0.125,0.3889,0.3125,0.125,0.5,0.1667,0.25,0.3889,0.5,0,0.35,0.05,0.1818,0.2917
"locus5100",0.4167,0,0.15,0.3636,0,0.0417,0.0556,0.0455,0.0625,0,0,0,0.125,0.0833,0.3333,0.3333,0.25,0.3889,0,0.3889,0.25,0.35,0.3636,0
"locus5101",0,0.0625,0,0,0.0714,0,0.1111,0,0,0,0,0,0,0,0,0,0,0,0,0.0556,0.05,0.1,0,0.125
"locus5102",0.0833,0,0,0,0.2143,0.2083,0,0,0,0,0,0,0.0625,0.0417,0.0556,0,0,0,0,0,0.05,0,0,0
"locus5103",0.0417,0.25,0,0,0.4286,0.4583,0.3889,0.0455,0.125,0.3,0.0625,0.2222,0.0625,0.1667,0.0556,0,0.125,0.0556,0.0833,0.0556,0.15,0.15,0.0455,0.2917
"locus5104",0.0417,0,0,0.0455,0.0714,0.0833,0,0,0,0,0,0,0.0625,0.0417,0.0556,0.1667,0,0,0,0,0.05,0,0,0.1667
"locus5105",0.125,0.125,0.1,0,0,0,0.2222,0.1818,0,0.05,0,0,0,0.0417,0,0,0.125,0,0,0.0556,0,0,0,0.2083
"locus5106",0.0833,0,0,0.0455,0.2143,0.4167,0.0556,0.0455,0.0625,0.3,0.1875,0.4444,0,0,0,0.1667,0,0.0556,0,0,0,0.1,0.1818,0.0833
"locus5107",0.2083,0,0.1,0.2273,0,0,0,0.1818,0,0,0.0625,0.0556,0.0625,0.125,0.1111,0,0,0.2778,0,0,0.1,0.15,0.3182,0
"locus5108",0,0,0,0.1364,0,0.0833,0,0,0.125,0,0,0,0,0,0.0556,0,0,0,0,0,0,0.2,0,0.0833
"locus5109",0,0,0,0.2727,0,0,0,0,0,0,0,0,0.0625,0,0,0,0,0,0,0,0.2,0.05,0,0
"locus5110",0,0.0625,0,0.0455,0.0714,0.0417,0,0,0,0.1,0,0.2222,0,0,0,0,0,0,0,0.0556,0.05,0,0.0909,0.25
"locus5111",0.125,0,0.05,0,0,0.1667,0,0.0909,0.125,0.1,0,0.0556,0.125,0.125,0.0556,0,0.125,0.1111,0,0,0.05,0.25,0,0.0833
"locus5112",0,0,0,0,0,0.0833,0,0.0455,0,0,0,0,0,0.0833,0,0,0.125,0,0,0,0,0.15,0.0455,0
"locus5113",0.125,0.3125,0.1,0.1364,0.4286,0.4167,0.2778,0.2273,0.0625,0.25,0.1875,0.2778,0.125,0.25,0,0.1667,0.125,0.1667,0.5,0.4444,0.15,0.3,0.4091,0.4167
"locus5114",0.125,0.25,0.4,0.0455,0.3571,0.2917,0.3333,0.5,0,0.45,0.125,0.4444,0.1875,0.2917,0.1111,0.3333,0.25,0.2222,0.4167,0.0556,0.05,0.2,0.0455,0.2917
"locus5115",0,0,0,0,0.2143,0.0417,0,0,0,0,0,0,0.0625,0.0833,0,0,0,0.0556,0,0,0,0,0.1364,0
"locus5116",0,0.0625,0.05,0.0455,0,0.2083,0.0556,0.0455,0.0625,0.2,0,0.3889,0.0625,0.0833,0,0,0,0,0,0.1667,0,0,0.0455,0.0833
"locus5117",0.125,0,0,0,0,0,0,0,0,0,0,0,0.125,0,0,0,0,0,0,0.0556,0,0.05,0.0909,0.125
"locus5118",0,0,0.1,0,0.5,0.2917,0.2222,0.0455,0.0625,0.4,0,0.5,0,0.125,0,0,0.125,0,0.3333,0.0556,0.05,0.05,0,0.2917
"locus5119",0.125,0.1875,0.25,0.0909,0,0.1667,0,0.0455,0,0.15,0,0.0556,0.1875,0.0417,0,0.1667,0.0625,0.1111,0.1667,0,0.05,0.25,0.0455,0.0417
"locus5120",0.0417,0.125,0.05,0,0,0,0,0.0909,0,0.05,0.0625,0.1111,0,0,0.0556,0,0.0625,0.1111,0,0,0.05,0,0.0909,0
"locus5121",0,0,0,0.0455,0.0714,0.0417,0.0556,0,0.25,0,0.0625,0,0,0.0417,0,0,0.125,0.1111,0,0,0,0.05,0.0455,0
"locus5122",0.0833,0.125,0.4,0.4091,0.0714,0.0833,0.3889,0.2273,0.4375,0.05,0.4375,0.0556,0.25,0.375,0.2222,0.3333,0.4375,0.4444,0.3333,0.5,0.2,0.4,0.3636,0.125
"locus5123",0,0,0.05,0,0,0,0,0.0909,0,0.05,0,0.0556,0,0,0,0,0,0.2222,0,0,0.05,0,0.0455,0
"locus5124",0.0417,0.1875,0,0.0909,0,0.0833,0.0556,0,0.125,0,0,0,0.0625,0.0417,0,0,0.0625,0.0556,0.1667,0.1111,0,0.05,0,0.0417
"locus5125",0,0.0625,0.05,0,0,0.125,0.0556,0,0,0,0,0,0,0,0,0.1667,0,0,0.0833,0.2222,0.05,0.05,0.0455,0
"locus5126",0,0,0,0,0,0,0.1111,0,0,0.1,0,0,0,0,0,0,0.0625,0,0,0.0556,0,0.05,0,0.125
"locus5127",0.0833,0,0.15,0.0455,0.1429,0,0,0.0455,0,0.3,0,0.0556,0,0.0417,0,0,0.25,0.0556,0,0.0556,0,0.15,0.0909,0.125
"locus5128",0,0,0,0,0,0.2083,0,0,0,0.1,0,0.1111,0,0,0,0,0,0,0,0,0,0,0.0455,0
"locus5129",0,0.0625,0,0,0,0,0,0.1364,0.0625,0,0,0,0.125,0,0.1111,0.1667,0,0.2778,0,0,0,0,0.0455,0.0417
"locus5130",0.0833,0,0,0.1364,0.0714,0.0833,0.2778,0,0.125,0.05,0,0,0.125,0.0417,0.0556,0,0,0.1111,0.1667,0.2222,0.15,0.05,0,0.4167
"locus5131",0,0.0625,0.15,0,0.0714,0.2083,0.1667,0.0909,0,0.1,0.125,0.2222,0.125,0.2083,0,0,0.25,0,0.1667,0,0.05,0.05,0,0.0417
"locus5132",0.375,0.4375,0.45,0.4091,0.2857,0.4583,0.1667,0.3182,0.5,0.3,0.25,0.2778,0.25,0.25,0.2222,0.3333,0.4375,0.3889,0.4167,0.1111,0.45,0.15,0.4545,0.4167
"locus5133",0.0417,0,0.05,0.1818,0,0,0,0,0,0,0,0,0.125,0,0,0.1667,0.0625,0.0556,0,0,0.15,0.1,0,0
"locus5134",0.4583,0.0625,0.1,0.3182,0.0714,0.125,0.2222,0.3182,0.125,0,0,0,0.3125,0.1667,0.1111,0.3333,0.375,0.3889,0.0833,0.4444,0.4,0.25,0.1364,0.0833
"locus5135",0.0417,0,0.15,0.1364,0.1429,0.0417,0.4444,0.4545,0,0,0.3125,0,0.1875,0.2917,0.1111,0,0.25,0.1667,0.25,0,0.1,0.45,0.0455,0.375
"locus5136",0.4583,0,0,0.0455,0,0,0.1111,0.0909,0.125,0.1,0.0625,0,0.125,0.125,0.5,0,0,0.2222,0,0.1667,0.15,0.05,0.1364,0.125
"locus5137",0.3333,0,0,0.0909,0,0,0,0.0455,0,0,0.125,0,0.0625,0,0.1111,0,0.0625,0.1111,0,0.3889,0,0,0.0909,0.0417
"locus5138",0,0.125,0.45,0.0455,0.2857,0.2083,0.4444,0.2727,0,0.05,0.25,0.1667,0,0.3333,0,0,0.375,0,0.3333,0.0556,0.1,0.3,0.0455,0.4167
"locus5139",0,0,0.05,0.2273,0.1429,0.0417,0,0.1818,0,0.1,0.0625,0,0.1875,0.0417,0.0556,0.1667,0.0625,0.0556,0.25,0,0,0.05,0,0
"locus5140",0,0,0,0,0,0,0.1111,0,0,0,0.125,0,0,0.0417,0,0.1667,0.1875,0,0.0833,0.1111,0,0.45,0,0
"locus5141",0.125,0.125,0,0,0,0.0417,0.0556,0.2727,0.0625,0.05,0.125,0,0.1875,0.125,0.2222,0.3333,0.375,0.1667,0.0833,0.0556,0.05,0.25,0.0455,0.0417
"locus5142",0.4583,0.4375,0.25,0.3636,0.2143,0.25,0.5,0.5,0.1875,0.4,0.5,0.1667,0.3125,0.375,0.2222,0.5,0.5,0.3333,0.0833,0.3889,0.5,0.45,0.4545,0.3333
"locus5143",0,0,0,0.0909,0,0,0,0.0455,0.125,0,0.0625,0,0.0625,0,0.0556,0,0,0,0.0833,0,0.05,0,0,0.125
"locus5144",0,0.125,0,0.0455,0,0.0417,0,0,0.375,0.45,0,0.1667,0,0,0,0,0,0,0,0,0,0.1,0,0
"locus5145",0.0833,0.0625,0.05,0,0,0.1667,0.1667,0.0455,0,0.1,0.0625,0.1667,0.125,0.0833,0.0556,0,0.0625,0.0556,0.0833,0,0,0.05,0.0455,0.1667
"locus5146",0.0417,0,0.05,0.3636,0,0,0,0.2727,0,0,0.0625,0,0,0.0417,0.4444,0.1667,0.0625,0.2778,0,0.2222,0.05,0.15,0.1364,0.0417
"locus5147",0.125,0.0625,0.25,0,0,0,0.2778,0.0455,0,0,0.125,0,0,0.2083,0,0.3333,0.4375,0.1667,0.1667,0.0556,0.05,0.15,0.0455,0.125
"locus5148",0,0,0.05,0.0455,0,0.0417,0,0,0,0,0,0,0,0.2083,0,0,0.25,0,0,0,0,0.3,0,0
"locus5149",0.0833,0.4375,0.35,0.4545,0.0714,0.25,0.2222,0.4545,0.1875,0.35,0.375,0.4444,0.5,0.4167,0.3333,0.5,0.3125,0.4444,0.5,0.0556,0.15,0.5,0.4545,0.4583
"locus5150",0.2917,0.1875,0.2,0.2727,0,0.0833,0.0556,0.2273,0,0.05,0.125,0,0.125,0.125,0.3333,0,0.25,0.4444,0.1667,0.2778,0.2,0.15,0.2273,0
"locus5151",0.1667,0,0.1,0.0455,0.2143,0,0.3333,0.0455,0,0,0.0625,0,0,0,0.2778,0,0.0625,0,0.1667,0.1111,0,0.05,0.0909,0.1667
"locus5152",0.375,0.375,0,0.4091,0.2857,0.4583,0.2778,0.3182,0.25,0.45,0.5,0.1667,0.1875,0.0833,0.5,0.5,0.1875,0.3889,0.1667,0.1111,0.35,0.1,0.5,0.4583
"locus5153",0.2083,0.375,0.2,0.4545,0.5,0.4583,0.2778,0.3182,0.4375,0.45,0.4375,0.2222,0.4375,0.25,0.1667,0.5,0.1875,0.2778,0.25,0.3333,0.5,0.15,0.1364,0.4167
"locus5154",0,0,0,0.1364,0.1429,0.25,0,0.0455,0.125,0.25,0,0,0,0.0417,0,0,0,0,0,0,0.05,0,0.0455,0
"locus5155",0.125,0,0,0.2727,0,0,0,0,0.125,0.05,0,0,0,0.0833,0,0,0,0,0.1667,0,0.25,0,0.0455,0
"locus5156",0.1667,0.1875,0.3,0.2727,0,0.0417,0.2222,0.2727,0.1875,0,0,0.0556,0.125,0.2917,0.0556,0.3333,0.1875,0.1667,0,0,0.25,0.15,0.0909,0.0417
"locus5157",0,0,0,0.1818,0,0,0,0.0909,0.0625,0,0,0,0,0.0417,0.1111,0.1667,0.0625,0,0,0,0.05,0.1,0.0909,0
"locus5158",0.0417,0,0,0.0909,0,0,0,0,0.0625,0,0,0,0.1875,0,0,0,0,0,0,0.3333,0.05,0,0.3182,0
"locus5159",0.125,0.25,0.05,0.1364,0.1429,0.375,0.1667,0.0909,0.125,0.1,0.125,0.0556,0.0625,0,0,0,0.0625,0,0,0.0556,0,0,0.1818,0.4583
"locus5160",0.4583,0.375,0.35,0.4091,0.2857,0.2917,0.5,0.3636,0.375,0.25,0.5,0,0.4375,0.25,0.5,0.5,0.3125,0.3889,0.5,0.3889,0.45,0.2,0.3636,0.25
"locus5161",0,0,0,0.0909,0,0,0.0556,0.0455,0,0,0.25,0,0,0.0417,0,0,0,0,0,0,0.05,0.1,0,0.0417
"locus5162",0,0,0.05,0,0,0.0417,0,0.1364,0.0625,0,0,0,0,0.0417,0,0,0.0625,0.0556,0,0,0.1,0.1,0.0455,0.0417
"locus5163",0.25,0.3125,0.15,0.4545,0.4286,0.25,0.2778,0.2273,0.4375,0.35,0.5,0.1111,0.25,0.3333,0.5,0,0.3125,0.2222,0.4167,0.3333,0.4,0.35,0.4091,0.2083
"locus5164",0,0.125,0,0.0909,0,0.125,0,0,0,0,0,0,0,0,0,0.1667,0,0,0,0.2222,0,0.1,0,0
"locus5165",0.25,0.0625,0.35,0.0455,0.4286,0.2917,0.4444,0.2727,0.1875,0.05,0.4375,0.0556,0.3125,0.2917,0.2222,0.1667,0.1875,0.4444,0.4167,0.0556,0.15,0.4,0.2727,0.3333
"locus5166",0.2083,0,0.2,0.0455,0,0.1667,0.1667,0.1818,0,0,0.0625,0,0.1875,0.125,0.2222,0,0.25,0.2778,0,0.0556,0.2,0.25,0.1364,0.0833
"locus5167",0,0.0625,0.2,0.0909,0.2857,0.3333,0.1667,0,0,0.05,0.0625,0.0556,0,0,0,0,0,0.0556,0.0833,0.0556,0,0.2,0.0455,0.2083
"locus5168",0.0417,0.0625,0.05,0,0,0,0,0,0.125,0.05,0,0,0,0.0417,0,0.1667,0.0625,0.0556,0,0,0.1,0.05,0,0
"locus5169",0.3333,0.4375,0.45,0.5,0.5,0.5,0.2778,0.4545,0.375,0.25,0.4375,0.5,0.5,0.4583,0.2222,0.3333,0.4375,0.3333,0.3333,0.3889,0.5,0.35,0.4545,0.2917
"locus5170",0,0,0,0,0,0,0.0556,0,0,0,0,0,0.25,0.0417,0,0,0.125,0,0.0833,0,0,0.1,0.0455,0
"locus5171",0,0,0.35,0,0,0.0417,0.2222,0.2273,0.0625,0.1,0.3125,0.0556,0.375,0.4167,0,0.1667,0.3125,0,0.25,0,0,0.25,0.1364,0.0833
"locus5172",0.2917,0.25,0,0.2273,0.2143,0.3333,0.3333,0.4545,0.4375,0.35,0.4375,0.1667,0.25,0.25,0.1667,0.3333,0.5,0.5,0.4167,0.5,0.45,0.45,0.2727,0.4167
"locus5173",0,0,0,0,0,0.2083,0.0556,0,0.0625,0,0,0,0,0,0,0,0,0,0,0,0.05,0,0.0455,0.3333
"locus5174",0.4167,0.3125,0.4,0.3636,0.3571,0.125,0.3889,0.3182,0.375,0.25,0.4375,0.1667,0.125,0.25,0.3889,0.3333,0.125,0.2222,0.4167,0.4444,0.2,0.45,0.3636,0.3333
"locus5175",0.1667,0.375,0.3,0.3182,0.2857,0.4167,0.2222,0.1818,0.1875,0.05,0.125,0.1111,0.1875,0.2083,0,0.3333,0.375,0.2778,0.4167,0.1111,0.4,0.25,0.1818,0.4167
"locus5176",0,0,0.05,0,0.1429,0.0833,0.3333,0.0909,0,0,0.125,0,0,0.0417,0,0.1667,0.25,0.2222,0.25,0.0556,0.1,0.05,0.1818,0.4583
"locus5177",0,0,0.05,0,0,0.0417,0,0,0,0.05,0,0,0.125,0.0833,0,0,0.0625,0.0556,0.0833,0.0556,0,0.05,0.1364,0
"locus5178",0.0833,0,0,0,0,0,0.0556,0,0,0,0.0625,0,0,0.0417,0.0556,0,0,0,0,0.2222,0.1,0,0,0.125
"locus5179",0.0417,0,0.1,0.1818,0.2143,0.1667,0,0.0455,0.0625,0.35,0.0625,0.2778,0.0625,0.0833,0.1111,0,0.0625,0,0,0,0.05,0.05,0,0.0417
"locus5180",0.0417,0,0.05,0,0,0,0,0,0,0.25,0.0625,0,0,0.1667,0,0,0.125,0,0.0833,0,0.05,0.1,0,0
"locus5181",0,0.5,0,0.0455,0.3571,0.4583,0,0,0.0625,0.25,0,0.3333,0.0625,0.0417,0,0,0,0.0556,0.1667,0,0.05,0,0.3182,0.125
"locus5182",0,0,0,0,0.1429,0.0417,0,0,0,0,0,0.1111,0,0,0,0,0,0,0,0,0,0.2,0,0.0417
"locus5183",0.25,0.4375,0.2,0.4545,0.3571,0.5,0.3333,0.2727,0.3125,0.45,0.4375,0.4444,0.125,0.2917,0.2222,0.3333,0.125,0.1667,0.4167,0.3889,0.25,0.1,0.3182,0.375
"locus5184",0.1667,0,0,0.1818,0,0,0,0,0.1875,0,0.0625,0,0,0,0.1667,0,0,0,0,0.1111,0.05,0,0,0
"locus5185",0.4167,0.375,0.2,0.2727,0,0.3333,0.1667,0.3636,0.375,0.15,0.25,0.0556,0.375,0.4167,0.1111,0.3333,0.375,0.5,0.25,0.1667,0.35,0.45,0.1364,0
"locus5186",0.3333,0,0.05,0.4545,0.0714,0,0.1111,0.0455,0,0.1,0.0625,0.0556,0,0.0833,0.2778,0.3333,0,0.1111,0,0.5,0.45,0.25,0.2727,0.0833
"locus5187",0.0417,0,0,0,0,0,0,0.0909,0,0,0.0625,0,0.0625,0,0,0.1667,0,0.0556,0,0.4444,0,0,0.0455,0
"locus5188",0.4583,0.1875,0.45,0.5,0.0714,0.25,0.2778,0.3636,0.1875,0.3,0.4375,0.4444,0.375,0.5,0.5,0.5,0.25,0.3889,0.4167,0.5,0.45,0.4,0.3636,0.1667
"locus5189",0.4167,0,0,0.5,0.0714,0,0,0,0,0.05,0.0625,0,0.0625,0,0.3889,0,0.125,0.0556,0,0.2222,0.3,0,0.4091,0
"locus5190",0.0833,0.3125,0.2,0.2273,0.1429,0.2917,0.1111,0.2273,0.5,0.1,0.125,0.1111,0.125,0.375,0.1111,0.3333,0.3125,0.1667,0.25,0.0556,0.1,0.25,0.2273,0.125
"locus5191",0.0833,0.1875,0,0.0455,0.1429,0,0.1111,0.0455,0.0625,0.1,0,0.1111,0,0,0.0556,0.1667,0,0,0,0.0556,0,0,0,0.1667
"locus5192",0.0417,0.25,0.1,0,0,0.0417,0,0.0909,0,0,0,0.1667,0,0.125,0,0.1667,0.25,0.1111,0,0,0.05,0.25,0.0909,0
"locus5193",0.375,0,0,0,0,0,0.0556,0,0,0,0.0625,0,0,0,0,0,0.0625,0.0556,0,0.2778,0,0,0.4091,0
"locus5194",0.0833,0,0,0.0909,0.1429,0.0833,0.0556,0,0,0,0,0,0.0625,0.0417,0,0,0.0625,0.0556,0,0,0.1,0,0,0
"locus5195",0,0,0.05,0,0,0.0417,0,0.0909,0,0,0,0,0.1875,0.0833,0,0,0.125,0.2222,0,0,0,0,0,0
"locus5196",0,0.0625,0.15,0,0,0.0417,0,0,0.125,0.1,0,0,0,0.0833,0,0,0,0,0,0,0,0,0,0
"locus5197",0.0417,0.0625,0,0,0,0.0417,0.0556,0.0455,0,0.05,0,0,0,0.0833,0.0556,0.1667,0.0625,0.1667,0,0.0556,0.05,0.05,0.1364,0.25
"locus5198",0,0,0,0.2273,0.3571,0,0.3333,0.0455,0,0,0.0625,0.0556,0,0.2083,0.1111,0.3333,0.0625,0,0,0,0,0.05,0.0909,0.3333
"locus5199",0.0417,0.0625,0,0.0455,0,0,0,0,0,0,0.0625,0,0,0,0.2222,0.3333,0,0,0.0833,0.2222,0.2,0,0,0
"locus5200",0.0417,0,0,0,0,0.0833,0,0,0.125,0,0,0,0.0625,0,0.1111,0,0.0625,0.0556,0,0,0,0.05,0,0.125
"locus5201",0.2917,0.25,0,0.3182,0,0,0.0556,0.0909,0.0625,0.05,0.25,0.1111,0.1875,0.125,0.3889,0.3333,0.125,0.3333,0.25,0.1667,0.25,0.2,0.0455,0.0417
"locus5202",0.4167,0.3125,0.45,0.4091,0.3571,0.2083,0.0556,0.3636,0.4375,0.35,0.25,0.2778,0.375,0.25,0.3889,0.1667,0.3125,0.1667,0.3333,0.3889,0.25,0.3,0.2727,0.2083
"locus5203",0,0.0625,0,0,0,0,0.2778,0,0,0,0,0,0,0,0,0,0.0625,0,0.0833,0.0556,0,0,0,0.0417
"locus5204",0.0417,0,0.05,0,0,0,0,0,0,0,0,0,0.0625,0.0417,0,0,0.125,0,0,0,0,0.3,0.0455,0
"locus5205",0.0417,0.0625,0.2,0.0909,0.0714,0.0833,0.0556,0.1364,0.125,0.05,0.1875,0.1111,0.125,0.2083,0.2222,0.1667,0,0.2222,0.0833,0,0.1,0.15,0.0909,0.0833
"locus5206",0.0833,0,0.15,0,0.0714,0,0.1111,0.1364,0.0625,0.1,0,0.0556,0.1875,0.0417,0,0,0,0,0,0,0,0.05,0.0909,0
"locus5207",0,0,0,0,0.1429,0.2083,0,0,0,0.25,0,0.0556,0,0,0,0,0,0,0,0,0,0.1,0,0.0833
"locus5208",0,0.125,0,0,0.3571,0.2083,0.1667,0,0.125,0.35,0,0.3889,0,0.0417,0,0,0,0,0,0.1667,0.1,0.05,0.0909,0.0417
"locus5209",0.0833,0,0.05,0,0,0,0,0.0909,0,0,0,0,0.125,0,0.1111,0,0,0.0556,0.1667,0,0.1,0,0.0909,0
"locus5210",0.0417,0,0.1,0,0.0714,0.0833,0,0,0,0.1,0,0,0.0625,0.0833,0,0,0,0.0556,0,0.2778,0,0.15,0.0455,0
"locus5211",0.0417,0.125,0,0,0,0.25,0.0556,0,0,0.05,0,0.0556,0,0.0417,0,0,0.0625,0,0,0,0.05,0.05,0,0.0417
"locus5212",0.0417,0,0.05,0,0,0.125,0,0,0,0,0,0,0.1875,0,0,0,0,0,0,0.2778,0,0,0.0455,0
"locus5213",0.0417,0.0625,0.1,0.0455,0,0,0.1111,0.1364,0.0625,0,0.0625,0,0.125,0.0417,0,0.1667,0.0625,0,0.0833,0.0556,0.05,0,0.0455,0.0417
"locus5214",0.0833,0,0.1,0,0,0,0.0556,0.0909,0,0,0,0,0.1875,0.0417,0,0,0.0625,0,0.0833,0,0,0.2,0,0.0417
"locus5215",0.0417,0.0625,0.15,0.0455,0.5,0.3333,0.2222,0.2273,0.0625,0.1,0.125,0.0556,0.25,0.125,0.3333,0,0.1875,0.2222,0.1667,0,0.05,0.1,0.0455,0.4583
"locus5216",0.0833,0,0.05,0.0909,0,0.0833,0,0,0,0.05,0,0,0.0625,0,0,0,0,0,0,0.0556,0,0,0.0455,0
"locus5217",0,0,0,0,0.3571,0.0417,0.1667,0,0,0,0,0,0,0,0,0,0,0,0,0.0556,0,0,0,0.25
"locus5218",0.4583,0.3125,0.4,0.4545,0.0714,0.2083,0.3333,0.4091,0.4375,0.1,0.3125,0.1111,0.3125,0.3333,0.1667,0.3333,0.375,0.2778,0.0833,0.3333,0.4,0.45,0.5,0.1667
"locus5219",0,0,0.4,0,0.0714,0.0833,0.1667,0.4091,0,0,0.125,0,0.3125,0.4167,0,0.1667,0.3125,0.4444,0.1667,0.1111,0,0.15,0.0909,0.1667
"locus5220",0,0,0,0,0,0.0417,0.0556,0.1364,0.0625,0,0,0,0,0.0417,0,0,0.125,0.0556,0,0,0,0,0,0.0417
"locus5221",0.375,0.5,0.4,0.3636,0.3571,0.4167,0.4444,0.3636,0.25,0.4,0.4375,0.4444,0.5,0.4583,0.4444,0.5,0.1875,0.3333,0.5,0.3889,0.4,0.3,0.3636,0.4167
"locus5222",0.1667,0.5,0.5,0.1818,0.2143,0.4583,0.2222,0.3182,0.3125,0.35,0.25,0.5,0.4375,0.4167,0.3333,0.5,0.4375,0.2778,0.5,0.1111,0.5,0.25,0.4091,0.3333
"locus5223",0,0.0625,0.1,0,0,0.0833,0.0556,0.0455,0,0.15,0.125,0.2222,0,0.0833,0,0,0.0625,0.0556,0,0.0556,0.05,0,0.0455,0.125
"locus5224",0.125,0,0,0.0455,0,0,0,0,0,0,0.125,0,0,0,0.1111,0.1667,0,0,0,0.0556,0.05,0,0.0455,0
"locus5225",0,0.125,0.1,0,0.0714,0.125,0.0556,0.0455,0.25,0,0,0,0.125,0.1667,0,0,0,0.0556,0,0,0.1,0.05,0,0
"locus5226",0.0417,0.125,0.1,0.0909,0,0.0833,0,0,0,0.35,0,0.5,0,0.0417,0,0,0,0.0556,0,0.0556,0,0,0.0455,0
"locus5227",0.25,0.0625,0.25,0.4545,0,0.0833,0.0556,0.4091,0.0625,0.05,0.0625,0,0.5,0.25,0.3889,0.1667,0.25,0,0.0833,0,0.3,0.25,0,0
"locus5228",0.0833,0,0.05,0.0455,0,0.0417,0.2222,0.2273,0.125,0.15,0.0625,0.2222,0,0.0417,0.2222,0,0.3125,0,0,0,0,0,0.0909,0.0833
"locus5229",0,0,0,0.0455,0.3571,0.0417,0.1667,0,0,0,0,0.1111,0,0.0833,0,0,0,0,0,0,0.05,0.1,0.0455,0.25
"locus5230",0.0833,0.25,0.2,0,0,0.0833,0,0,0.0625,0.1,0,0,0,0,0,0,0.125,0,0,0.1111,0,0.15,0.0455,0
"locus5231",0,0,0.05,0.0455,0.0714,0,0.1667,0,0.0625,0.1,0,0,0,0.0417,0,0.1667,0,0.1111,0,0,0.1,0,0.2273,0.0833
"locus5232",0,0,0,0,0.0714,0,0,0,0,0.2,0,0.1111,0.0625,0.0417,0,0,0,0,0,0,0.05,0,0,0
"locus5233",0.25,0.25,0.3,0.1818,0.4286,0.25,0.5,0.2727,0.4375,0.2,0.3125,0.1111,0.3125,0.3333,0.3889,0.3333,0.1875,0.2778,0.4167,0.1667,0.25,0.45,0.4545,0.4583
"locus5234",0,0,0.2,0,0,0,0,0.0455,0,0,0,0,0.1875,0.125,0,0.1667,0,0,0,0,0,0,0,0
"locus5235",0,0.0625,0,0,0,0,0,0.1818,0,0,0,0,0.125,0.1667,0,0,0.25,0,0.0833,0,0.05,0,0,0
"locus5236",0,0.125,0,0,0,0.0833,0,0,0,0.1,0,0.0556,0,0.0417,0.1111,0,0.0625,0,0,0,0.05,0,0.1364,0.0417
"locus5237",0.0833,0.25,0,0,0.0714,0.0417,0,0.0455,0.0625,0,0.0625,0,0,0,0.1667,0,0,0,0,0,0.05,0,0.3182,0
"locus5238",0,0.0625,0.05,0.0909,0.1429,0.0833,0.0556,0,0.125,0,0.1875,0.2222,0,0.0833,0.1111,0,0,0.3333,0,0.0556,0.1,0.05,0.0909,0
"locus5239",0.0417,0.125,0,0.1818,0.2143,0.0833,0.2778,0.0455,0.0625,0.3,0,0.3889,0,0.0417,0,0,0,0.0556,0,0.0556,0.05,0.1,0.1818,0.3333
"locus5240",0.4583,0.0625,0.4,0.3636,0.2857,0.1667,0.2222,0.4545,0.3125,0.15,0.25,0.0556,0.5,0.5,0.3889,0.5,0.3125,0.5,0.3333,0.3333,0.4,0.45,0.0909,0.3333
"locus5241",0.0417,0.5,0.35,0.0909,0,0.375,0.1111,0.2727,0.1875,0.35,0.0625,0.4444,0.25,0.3333,0,0.1667,0.4375,0.3889,0,0,0.1,0.2,0.0455,0
"locus5242",0,0,0,0,0.3571,0.0417,0.3333,0,0,0,0,0,0.125,0.0417,0,0,0,0,0.0833,0.0556,0,0.05,0.0909,0.4583
"locus5243",0.0833,0.3125,0.3,0.1364,0,0.4167,0,0.3182,0.125,0.25,0.1875,0.3889,0.5,0.1667,0.1111,0.1667,0.1875,0.2778,0.0833,0.1111,0.1,0.35,0.1818,0.1667
"locus5244",0,0,0.05,0,0,0,0,0,0,0,0.0625,0,0.0625,0,0,0,0.125,0.0556,0,0.0556,0,0.1,0.0455,0.0417
"locus5245",0,0.1875,0.1,0,0.0714,0.1667,0,0.1364,0,0.2,0,0.1111,0.0625,0,0,0,0,0.0556,0,0,0,0,0.0455,0.125
"locus5246",0,0,0,0.0455,0,0,0,0,0,0.05,0,0,0.25,0.0417,0,0,0,0.1111,0,0.0556,0.05,0,0,0
"locus5247",0.0417,0.0625,0,0.1818,0,0.0833,0,0.0909,0.1875,0,0.0625,0,0,0,0.0556,0,0,0.0556,0.0833,0,0.1,0.05,0.0455,0
"locus5248",0.0417,0.0625,0,0.0909,0,0,0.0556,0,0.125,0,0.125,0.2222,0.4375,0.0833,0,0,0,0,0,0.5,0.05,0.05,0,0
"locus5249",0,0,0,0,0,0.0417,0.0556,0.0909,0,0.1,0,0,0,0.125,0.1111,0,0,0.0556,0.0833,0,0,0.05,0,0
"locus5250",0.0833,0,0.05,0.0455,0,0.125,0,0.0909,0.0625,0.05,0.0625,0,0.25,0.0417,0.0556,0.1667,0,0.1667,0.25,0,0.05,0.05,0,0.0417
"locus5251",0.0417,0,0.05,0,0,0.0417,0.0556,0,0,0,0,0,0.1875,0,0.1111,0,0.125,0,0,0,0,0,0,0
"locus5252",0,0,0.1,0,0,0,0,0,0,0,0,0.1111,0.1875,0.0417,0,0,0.0625,0,0,0,0,0,0.0455,0
"locus5253",0,0,0,0,0,0.0417,0.0556,0.1818,0,0,0.125,0,0.0625,0,0,0,0.125,0,0,0,0,0,0.0909,0
"locus5254",0.25,0,0,0.3636,0,0,0,0,0,0,0.125,0,0.25,0.1667,0.1111,0,0,0.0556,0,0.1111,0.4,0,0.0909,0
"locus5255",0.0833,0.5,0.3,0,0.3571,0.1667,0.2222,0.3636,0,0.2,0.375,0.1111,0.375,0.2083,0,0,0.5,0.3333,0.25,0,0.05,0.45,0.1818,0.2917
"locus5256",0,0.125,0.1,0,0,0.0833,0,0.2273,0,0.15,0,0,0,0.25,0.0556,0.1667,0,0.0556,0,0,0,0.25,0,0
"locus5257",0.125,0,0,0.3182,0.3571,0,0.4444,0,0,0,0.125,0,0,0,0,0.1667,0.125,0,0.1667,0.4444,0.35,0,0.2273,0.2083
"locus5258",0.2917,0.3125,0.35,0.3636,0.2857,0.3333,0.3333,0.2727,0.375,0.45,0.3125,0.3889,0.375,0.4583,0.2778,0.3333,0.4375,0.3333,0.4167,0.1667,0.35,0.3,0.2273,0.2917
"locus5259",0,0,0.3,0.0455,0.3571,0.0417,0.4444,0.2273,0,0,0.375,0.0556,0,0.2917,0,0.1667,0.4375,0.1111,0.0833,0.0556,0.1,0.1,0.1364,0.4583
"locus5260",0,0,0.2,0,0,0.0417,0,0.0455,0,0,0,0,0.25,0.0833,0,0,0.3125,0,0,0,0,0,0,0
"locus5261",0.4167,0.125,0.3,0.4091,0.1429,0.25,0.3333,0.4545,0.1875,0.15,0.375,0.1111,0.4375,0.4583,0.3333,0.5,0.3125,0.5,0.25,0.3333,0.1,0.4,0.3636,0.375
"locus5262",0.375,0.125,0,0.1364,0,0,0,0.0455,0,0.2,0.125,0,0,0.0417,0,0,0,0,0.0833,0,0.25,0,0,0
"locus5263",0.2083,0,0.15,0,0,0,0.0556,0.0455,0,0,0,0,0.125,0,0,0,0.125,0.1667,0,0,0,0.1,0.1818,0
"locus5264",0,0,0.05,0,0.2857,0.2917,0.1667,0,0,0.25,0.0625,0.3333,0,0,0,0,0,0,0,0,0,0,0.1818,0.25
"locus5265",0,0,0.1,0,0.1429,0.0417,0.2222,0.0455,0.0625,0,0,0,0.0625,0.1667,0,0.1667,0.1875,0,0.25,0,0.1,0.05,0.0455,0.0833
"locus5266",0.0417,0,0,0,0,0,0,0,0.0625,0,0,0.0556,0.0625,0.0417,0.0556,0,0,0.1667,0,0,0.05,0,0.0909,0
"locus5267",0.4167,0.5,0.45,0.3636,0.2857,0.375,0.3889,0.3636,0.3125,0.3,0.4375,0.3333,0.4375,0.4583,0.3889,0.5,0.4375,0.4444,0.5,0.3333,0.3,0.45,0.3636,0.4583
"locus5268",0,0.125,0,0,0,0,0,0,0.0625,0,0,0,0.125,0.0833,0,0,0.0625,0,0.1667,0,0.05,0,0,0
"locus5269",0.0417,0,0,0,0.1429,0,0,0.0455,0.0625,0,0,0,0.0625,0,0,0,0,0.1667,0,0.0556,0,0,0.0455,0
"locus5270",0.2083,0.25,0.1,0.4545,0.3571,0.4167,0.3889,0,0.0625,0.3,0.0625,0.4444,0.375,0.0833,0.0556,0,0.0625,0.0556,0.0833,0.1111,0.25,0.25,0.4545,0.5
"locus5271",0,0.0625,0.15,0,0,0.0417,0,0.1818,0,0,0,0,0.0625,0.125,0,0.1667,0.125,0.2778,0.0833,0,0,0.15,0.0455,0
"locus5272",0.0417,0,0.05,0.0909,0,0,0,0,0,0.05,0,0,0,0.3333,0,0,0,0,0,0,0,0,0.0455,0
"locus5273",0.0417,0.0625,0.1,0.0455,0,0,0,0.2727,0.1875,0.05,0.0625,0.0556,0.1875,0.0417,0.1111,0,0.3125,0.1111,0,0.4444,0.15,0.35,0.2273,0
"locus5274",0.125,0.0625,0,0.1364,0,0,0.0556,0,0.1875,0,0.0625,0,0.125,0.0833,0.1111,0,0.375,0.0556,0,0.1111,0,0.1,0,0.0833
"locus5275",0.0833,0,0.2,0.0909,0,0.0833,0.0556,0,0,0,0.125,0,0,0.0833,0.1667,0,0.3125,0,0.3333,0,0.05,0.05,0,0.0833
"locus5276",0.0417,0,0.05,0,0,0,0.1667,0,0.125,0,0.0625,0.0556,0,0,0.2222,0.1667,0,0.1111,0,0,0.05,0,0.2727,0
"locus5277",0.2083,0,0.25,0.0455,0,0,0,0.1364,0,0.05,0.0625,0,0.0625,0.25,0,0,0.3125,0.1111,0,0,0.05,0.25,0,0
"locus5278",0.0417,0.1875,0,0.0455,0,0,0,0,0,0,0.1875,0,0.1875,0,0,0,0,0,0,0,0,0,0,0.0417
"locus5279",0.0417,0,0,0.1364,0.2143,0,0,0,0,0,0,0.0556,0,0.125,0,0.3333,0,0,0.0833,0,0.05,0.45,0.0455,0
"locus5280",0.0417,0.0625,0.05,0,0.2143,0.125,0.0556,0.0909,0.0625,0.05,0,0,0.0625,0.0833,0,0.1667,0.125,0.1111,0,0,0,0,0.1818,0.0417
"locus5281",0.0417,0.25,0.2,0,0.2857,0.0833,0.1667,0.1364,0.0625,0.05,0.1875,0,0.0625,0.2917,0,0,0.125,0,0.25,0,0.05,0.15,0.0455,0.4167
"locus5282",0.2917,0.25,0.25,0.3182,0.0714,0.1667,0.2222,0.3636,0.4375,0,0,0.1667,0.375,0.3333,0.4444,0.3333,0.3125,0.3889,0.0833,0.2222,0.3,0.25,0.4091,0.125
"locus5283",0,0,0,0,0,0,0.1111,0,0,0,0,0,0,0.0417,0,0,0,0,0,0,0,0,0,0.3333
"locus5284",0,0.0625,0.25,0.0455,0.4286,0.4583,0.3333,0.2727,0,0.05,0.25,0,0.0625,0.4167,0,0,0.1875,0.1667,0.0833,0,0,0.05,0.1364,0.375
"locus5285",0.2083,0.125,0.1,0.0909,0.1429,0.0833,0.1111,0.1818,0,0.1,0,0.1667,0,0.1667,0.2222,0,0.0625,0.2222,0.1667,0.1667,0.05,0.15,0.0455,0.0833
"locus5286",0,0.4375,0.05,0,0.2143,0.1667,0,0.0909,0.0625,0.25,0.0625,0.3889,0.1875,0.0833,0.0556,0,0.125,0.0556,0,0,0.2,0.1,0,0.2083
"locus5287",0,0.1875,0.15,0.1818,0,0.0417,0.2222,0.0909,0,0.05,0,0,0.1875,0,0,0,0.0625,0.0556,0,0.1111,0.05,0.1,0.1364,0.0417
"locus5288",0.0417,0.1875,0.05,0,0,0,0.3333,0.1818,0,0.05,0.0625,0,0.25,0.1667,0,0,0.125,0.0556,0.1667,0,0.1,0.1,0.0909,0.4583
"locus5289",0.0833,0.3125,0.05,0,0.4286,0.4583,0.5,0,0,0.35,0.375,0.4444,0.0625,0.1667,0,0,0.3125,0,0.1667,0,0.1,0.1,0.5,0.4583
"locus5290",0.0417,0.125,0.3,0.1364,0.3571,0.1667,0.2778,0.4545,0.5,0.15,0.0625,0.2778,0.375,0.125,0,0.3333,0.3125,0.1667,0.4167,0.0556,0.1,0.25,0.5,0.4167
"locus5291",0.1667,0.25,0.15,0.2273,0.2143,0,0.3333,0.1818,0.1875,0.1,0,0.3333,0.125,0,0.4444,0,0,0.1667,0.1667,0,0.3,0.2,0.1364,0.125
"locus5292",0.1667,0.25,0.1,0.1818,0.0714,0.1667,0.0556,0.1364,0,0.15,0,0.1111,0.0625,0.1667,0.2778,0.1667,0.125,0.1667,0.1667,0.4444,0.35,0.15,0.1364,0.125
"locus5293",0.1667,0.4375,0.35,0.2273,0.2857,0.3333,0.3889,0.3636,0.375,0.5,0.4375,0.5,0.375,0.4583,0.0556,0.3333,0.4375,0.3333,0.4167,0.0556,0.2,0.25,0.4091,0.375
"locus5294",0.125,0.4375,0.1,0.4091,0.3571,0.1667,0.4444,0.1364,0.3125,0.15,0.375,0.1111,0.125,0.0833,0.1111,0.3333,0.25,0.0556,0.0833,0.0556,0.15,0.1,0.3182,0.4167
"locus5295",0.4583,0.4375,0.45,0.4545,0.3571,0.2917,0.3333,0.3182,0.375,0.5,0.3125,0.4444,0.375,0.4167,0.3889,0.3333,0.25,0.2222,0.3333,0.2222,0.45,0.4,0.3182,0.4167
"locus5296",0.0417,0.25,0.05,0,0.1429,0.25,0.0556,0,0.125,0.15,0.0625,0.1667,0,0.0417,0.0556,0,0.0625,0.0556,0,0.1111,0,0.05,0,0.0417
"locus5297",0.0417,0.4375,0.05,0.0909,0.4286,0.3333,0.5,0,0.375,0.2,0.0625,0.1111,0.125,0,0,0,0.0625,0.1667,0.5,0.0556,0.05,0.05,0.1818,0.375
"locus5298",0,0,0,0,0,0,0,0.0455,0,0,0,0,0,0.0833,0,0,0.1875,0.1111,0.0833,0,0.05,0.1,0,0
"locus5299",0,0.0625,0,0,0,0,0,0,0.125,0,0,0,0.0625,0.0417,0,0,0,0.2778,0.1667,0,0,0,0,0
"locus5300",0.4167,0.3125,0.25,0.4091,0.4286,0.375,0.2778,0.2727,0.3125,0.45,0.25,0.5,0.3125,0.4167,0.3889,0.1667,0.1875,0.3333,0.3333,0.1111,0.4,0.2,0.4545,0.5
"locus5301",0.0833,0,0,0.0455,0,0,0,0,0,0,0.0625,0,0,0.0417,0,0,0,0,0,0.0556,0.2,0,0.0455,0
"locus5302",0.0833,0.0625,0.1,0,0.5,0.2083,0.1111,0.1818,0.125,0.3,0.0625,0.2222,0,0.1667,0.3333,0.3333,0.0625,0.0556,0.0833,0.0556,0.35,0,0.2273,0.25
"locus5303",0.0833,0,0.3,0.0455,0,0.0417,0,0,0,0.1,0,0,0.1875,0.1667,0,0.1667,0.25,0,0.0833,0,0,0.05,0.1364,0
"locus5304",0,0.375,0.15,0.0455,0.1429,0.375,0.4444,0.0455,0.1875,0.3,0.125,0.3889,0.1875,0.0417,0.0556,0.1667,0,0.1111,0.25,0,0.05,0,0.0909,0.5
"locus5305",0.0417,0,0,0.0909,0.0714,0,0.0556,0.0455,0,0.05,0.0625,0,0,0,0.1111,0,0,0.0556,0.0833,0,0,0.1,0.0455,0
"locus5306",0,0,0,0.0455,0.0714,0,0.3333,0,0,0.05,0.1875,0,0,0,0,0,0,0.0556,0.4167,0,0,0,0.0455,0.4167
"locus5307",0.0417,0.25,0.15,0,0,0.125,0.1111,0.1818,0,0,0,0.1667,0.0625,0.1667,0,0,0.125,0.0556,0,0.1111,0,0.2,0.0455,0.2917
"locus5308",0.125,0.3125,0.35,0.3182,0.0714,0.1667,0.4444,0.0909,0.4375,0.45,0.1875,0.3333,0.1875,0.2917,0.3889,0.5,0.125,0.1667,0.4167,0.3889,0.3,0.2,0.4091,0.1667
"locus5309",0.0833,0.375,0.1,0.0455,0.5,0.25,0.4444,0,0,0.2,0.0625,0.0556,0,0.125,0,0,0.25,0,0.1667,0.0556,0.05,0.15,0.1818,0.3333
"locus5310",0.375,0.0625,0.25,0.1364,0,0.125,0.0556,0.0455,0.1875,0.05,0.3125,0,0.125,0.125,0.2778,0,0,0.1111,0.1667,0.1667,0.25,0.05,0.3636,0.0417
"locus5311",0.0833,0.0625,0,0.0455,0,0,0,0.0909,0,0,0,0,0,0,0.1667,0,0,0.0556,0,0,0.05,0.15,0.0455,0
"locus5312",0,0,0,0,0.1429,0.0833,0.1111,0.0455,0,0,0,0,0,0.0417,0,0,0,0,0,0,0.05,0.1,0.0455,0.2917
"locus5313",0.0833,0,0.05,0,0,0,0.1111,0.1364,0,0,0.0625,0,0.125,0.125,0.0556,0,0,0,0.1667,0,0,0.25,0.0909,0.2083
"locus5314",0.3333,0.125,0.1,0.2727,0.2143,0.25,0.4444,0.3182,0.1875,0.45,0.4375,0.2778,0.375,0.2083,0.0556,0.5,0.25,0.2778,0.4167,0.3333,0.25,0.4,0.3182,0.5
"locus5315",0.3333,0,0,0,0,0,0,0.0455,0,0.05,0.0625,0,0.0625,0,0.3889,0.1667,0.125,0.1111,0.0833,0,0.05,0,0.1364,0
"locus5316",0.2083,0.0625,0,0,0,0,0,0.0455,0,0,0.0625,0,0.0625,0.0417,0.1667,0,0,0,0,0,0,0,0,0
"locus5317",0.0833,0.3125,0.05,0.0909,0,0.2083,0.0556,0.0455,0.3125,0.05,0,0.0556,0.125,0,0,0,0,0,0,0,0,0.05,0,0
"locus5318",0.25,0,0.05,0.5,0,0.0417,0.1111,0.3182,0.1875,0,0.5,0,0.125,0.375,0.0556,0.3333,0.25,0.5,0.1667,0.3333,0.35,0.35,0.2273,0
"locus5319",0.0833,0.125,0,0,0.1429,0,0.4444,0,0.0625,0.25,0,0.1667,0.0625,0.0833,0,0,0,0,0,0.0556,0.15,0.3,0.0455,0.4167
"locus5320",0,0,0,0,0.1429,0.125,0.1111,0,0,0,0,0,0,0,0,0,0.125,0,0,0.0556,0,0.1,0.0455,0.0833
"locus5321",0,0,0,0,0.2857,0.0417,0.2778,0,0,0,0.125,0,0,0,0,0,0,0,0.1667,0,0,0,0,0.3333
"locus5322",0.4167,0.1875,0.05,0.4545,0,0.2917,0,0.3182,0.4375,0.05,0.1875,0.1667,0.1875,0.1667,0.4444,0.5,0.0625,0.3333,0.1667,0.3333,0.45,0.35,0.4091,0.0833
"locus5323",0.0417,0.0625,0.05,0.0909,0.1429,0.25,0.0556,0.0455,0.125,0,0,0,0.0625,0,0,0,0,0.1111,0,0,0,0,0.1364,0.1667
"locus5324",0.0833,0.0625,0,0.1364,0,0.0417,0,0,0.0625,0,0,0,0.125,0.0417,0.0556,0,0,0.0556,0,0.1111,0.05,0,0,0
"locus5325",0.2083,0.25,0.35,0.3182,0,0.0417,0.4444,0.4091,0.375,0.15,0.5,0.0556,0.3125,0.4167,0.4444,0.5,0.5,0.2222,0.5,0.3889,0.4,0.25,0.3182,0.0417
"locus5326",0.4167,0.1875,0.35,0.3182,0,0.2917,0.2778,0.3182,0.25,0.1,0.4375,0,0.1875,0.2917,0.3333,0.5,0.375,0.2222,0.3333,0.1667,0.4,0.4,0.3182,0.0417
"locus5327",0,0.3125,0.1,0,0,0.0833,0,0,0,0,0,0,0,0.125,0,0.1667,0.0625,0,0,0,0,0.05,0.0455,0.0417
"locus5328",0.0417,0,0,0.1364,0,0.0417,0,0,0,0.2,0.0625,0,0,0,0,0,0,0,0,0,0,0,0,0
"locus5329",0.0833,0,0.1,0,0,0,0.0556,0.0909,0.3125,0.05,0,0.1111,0.3125,0.1667,0,0.1667,0.125,0.4444,0,0.0556,0,0,0,0
"locus5330",0.0417,0,0.05,0.0455,0,0.0833,0.0556,0,0,0,0,0,0.125,0.0833,0,0,0,0.0556,0.1667,0,0,0.1,0,0
"locus5331",0.25,0.0625,0.2,0.2727,0.2143,0.0417,0.1111,0.3636,0,0.25,0,0.1667,0.25,0.2917,0.3889,0.5,0.25,0.3333,0.25,0.0556,0.2,0.35,0.2727,0.0833
"locus5332",0,0,0.1,0,0,0,0.0556,0.2727,0,0,0,0,0.1875,0.1667,0,0,0.375,0.1111,0,0.0556,0,0.05,0,0
"locus5333",0,0,0,0.0455,0.0714,0,0.1111,0,0,0,0,0.1111,0,0,0,0,0,0,0.1667,0,0,0,0.0455,0.1667
"locus5334",0,0,0,0,0.0714,0.0417,0.1111,0,0,0,0,0,0,0,0,0,0,0,0,0,0,0,0.0455,0.2917
"locus5335",0,0.0625,0,0.0455,0.0714,0,0,0,0.0625,0,0.0625,0.0556,0,0,0.0556,0,0,0.0556,0.0833,0,0.05,0,0,0.0833
"locus5336",0,0,0,0.4545,0,0,0,0,0,0.05,0,0,0,0,0,0,0,0,0,0,0,0.05,0,0
"locus5337",0.4167,0,0.05,0.3182,0.0714,0,0.0556,0.4091,0.3125,0.05,0.3125,0,0.375,0.0417,0.4444,0.1667,0.1875,0.3889,0,0.3889,0.5,0.3,0.4091,0.0417
"locus5338",0.375,0,0,0.0455,0,0.0417,0,0.0909,0.3125,0,0,0,0,0.0833,0.5,0.3333,0.0625,0.1667,0,0.3333,0.2,0.05,0.2727,0.0417
"locus5339",0,0.125,0,0,0.4286,0.25,0.2222,0.0455,0,0.15,0,0.0556,0,0.0417,0,0,0,0,0,0,0,0.05,0.0455,0.2917
"locus5340",0.0417,0.0625,0,0,0,0.2083,0,0.0455,0,0.2,0,0.0556,0,0,0,0,0,0.1111,0,0,0,0.05,0.0455,0
"locus5341",0.0833,0,0,0.5,0,0.0417,0.0556,0,0,0.05,0,0,0.0625,0,0,0,0.125,0,0,0.0556,0.45,0,0,0.0417
"locus5342",0,0.0625,0,0,0,0.0417,0.0556,0,0.1875,0.05,0,0,0,0,0,0,0,0,0,0,0.05,0,0.1818,0
"locus5343",0.4583,0.1875,0.4,0.4545,0.3571,0.1667,0.3333,0.2727,0.5,0.15,0.3125,0.1667,0.5,0.2917,0.5,0.3333,0.4375,0.4444,0.25,0.3889,0.35,0.45,0.3636,0.375
"locus5344",0.0417,0,0.1,0.0455,0,0,0.0556,0.0909,0,0.05,0.0625,0,0,0.125,0,0.1667,0.125,0,0.0833,0,0.05,0.45,0.0455,0
"locus5345",0.0417,0.4375,0.1,0,0.5,0.375,0.2222,0.1364,0.4375,0.35,0.3125,0.3333,0.0625,0.2917,0.1667,0.1667,0.1875,0.1111,0.4167,0.1111,0.2,0.25,0.1364,0.4167
"locus5346",0,0,0.05,0,0.0714,0.0417,0,0.0455,0,0,0,0,0.3125,0.0833,0,0,0.125,0.3333,0,0,0,0,0,0
"locus5347",0.0417,0,0,0.3636,0,0,0,0,0,0.05,0,0,0,0.0417,0.0556,0,0,0.1667,0,0,0,0,0,0
"locus5348",0.375,0.4375,0.5,0.5,0.2857,0.3333,0.3889,0.5,0.4375,0.3,0.375,0.3333,0.375,0.4583,0.4444,0.3333,0.4375,0.3333,0.5,0.3889,0.4,0.5,0.2273,0.2917
"locus5349",0,0.125,0.05,0,0.1429,0.2917,0.1111,0,0,0.3,0.125,0.3889,0,0,0,0.1667,0.125,0,0,0,0.05,0,0.0909,0.125
"locus5350",0.2083,0.125,0.15,0.0909,0,0.0417,0.2222,0.0909,0.0625,0.05,0.0625,0,0,0.125,0.3333,0.3333,0,0.2222,0.0833,0.2778,0.2,0.2,0.1364,0.0417
"locus5351",0,0,0,0,0,0.0833,0.0556,0,0,0,0,0,0,0.0417,0.0556,0,0.0625,0,0,0,0,0.1,0,0.2917
"locus5352",0.125,0.3125,0.3,0.3182,0,0.0833,0,0.1818,0.3125,0.1,0.125,0.1667,0.375,0.2917,0,0.1667,0.0625,0.2222,0.25,0.0556,0.1,0.1,0.1818,0
"locus5353",0.1667,0.25,0.5,0,0.2143,0.0417,0.3889,0.5,0,0.1,0.375,0.1667,0.375,0.4167,0,0.3333,0.5,0.2222,0.4167,0.1111,0,0.4,0.2727,0.375
"locus5354",0.0417,0.0625,0.05,0,0.0714,0,0,0.1364,0.1875,0,0,0.0556,0.0625,0,0.2222,0,0,0,0,0,0,0,0.0455,0
"locus5355",0.25,0.25,0.45,0.2727,0,0.0833,0.2778,0.3182,0.25,0.15,0.3125,0.0556,0.3125,0.2917,0.4444,0.3333,0.3125,0.4444,0.0833,0.4444,0.2,0.5,0.5,0.2083
"locus5356",0.2917,0,0,0,0,0.0417,0,0.0455,0,0.05,0.1875,0,0.0625,0.0417,0.3333,0,0.0625,0,0,0.2222,0.1,0.05,0.2273,0
"locus5357",0,0,0.45,0.0455,0.2143,0.0417,0.3333,0.0909,0,0.1,0.4375,0,0,0.3333,0,0,0.3125,0.2222,0.25,0.3333,0,0.2,0.0455,0.2917
"locus5358",0,0,0,0.0909,0,0,0.0556,0,0,0.1,0,0,0,0.125,0,0,0,0,0,0,0.15,0.15,0,0
"locus5359",0.0417,0.0625,0.25,0,0,0,0,0.1818,0,0,0.0625,0,0,0,0.0556,0.1667,0.0625,0,0,0,0.05,0,0,0.0417
"locus5360",0,0,0,0.0909,0,0,0,0,0,0,0.25,0.0556,0,0,0,0,0,0,0,0,0.05,0.05,0.0455,0
"locus5361",0.0833,0.0625,0.2,0.0455,0,0.1667,0.1111,0.0909,0,0.05,0,0.1667,0.0625,0.0833,0.0556,0.1667,0,0.0556,0,0.0556,0.05,0.05,0.1364,0.125
"locus5362",0,0,0.2,0,0,0,0,0.1364,0,0.05,0.0625,0,0.25,0.0417,0,0,0.0625,0,0,0,0,0,0,0
"locus5363",0,0.0625,0.05,0.0455,0.2143,0.0417,0.0556,0.1364,0,0.4,0.0625,0.1111,0,0.125,0,0,0.0625,0.0556,0.0833,0,0,0.05,0.1818,0.0417
"locus5364",0.0833,0,0,0.0455,0,0.1667,0,0,0,0,0.0625,0,0,0,0,0,0,0,0,0.0556,0,0.2,0,0
"locus5365",0.0417,0,0.05,0,0.2857,0,0.1667,0.0455,0.125,0.25,0.0625,0,0.0625,0,0,0,0,0,0,0.3889,0.1,0.1,0.1818,0.0833
"locus5366",0,0,0,0,0.2143,0,0.0556,0,0,0,0.1875,0,0,0.0417,0,0,0,0.0556,0.0833,0,0,0,0,0.1667
"locus5367",0,0.0625,0,0,0.2857,0.125,0.0556,0,0,0.25,0,0.1111,0,0,0,0,0,0,0,0,0,0,0,0.0417
"locus5368",0.3333,0,0,0.0455,0,0.0833,0.1111,0,0.0625,0.05,0.0625,0,0.0625,0.0417,0.2222,0,0.0625,0,0,0.0556,0.3,0,0.0455,0
"locus5369",0,0.125,0,0.0455,0,0.0417,0.0556,0,0,0,0,0,0,0.0417,0,0,0.0625,0,0,0,0,0.1,0.0455,0
"locus5370",0.125,0.0625,0.15,0,0.1429,0,0.4444,0.1364,0.0625,0.1,0.1875,0.1667,0.125,0.1667,0.1111,0.1667,0.25,0.0556,0.1667,0.2222,0.1,0.05,0.2273,0.25
"locus5371",0.125,0,0,0,0,0.0417,0,0.0455,0,0,0,0.1111,0,0,0.0556,0,0.0625,0.1111,0.0833,0,0.15,0,0,0
"locus5372",0.0417,0.0625,0,0,0.1429,0,0.1111,0.0455,0,0,0,0,0,0.0417,0,0,0,0,0,0,0,0.05,0.0455,0.0417
"locus5373",0,0.0625,0,0,0.0714,0.1667,0,0,0.0625,0.4,0,0.4444,0,0,0,0,0,0,0,0,0,0.05,0,0
"locus5374",0,0,0.1,0.1364,0,0,0.0556,0.1364,0,0,0,0,0.25,0.2083,0,0,0.25,0,0,0,0,0.1,0.2727,0
"locus5375",0.0833,0.1875,0,0,0,0.0417,0,0.1364,0,0.05,0,0,0.0625,0.0833,0,0,0,0,0,0,0,0,0,0
"locus5376",0.0833,0,0,0.0455,0,0.0417,0.1667,0.0455,0,0,0,0.1111,0.0625,0.0833,0.0556,0,0,0,0,0.2222,0,0.05,0.1364,0.0833
"locus5377",0,0.0625,0.05,0,0,0.0417,0,0,0.1875,0.05,0,0,0.125,0.125,0,0,0.0625,0,0,0,0,0,0,0.0417
"locus5378",0,0.1875,0,0,0.2143,0.1667,0.1111,0,0.0625,0.1,0,0.0556,0,0,0,0,0,0,0,0,0,0,0.0455,0.125
"locus5379",0.125,0.5,0.35,0.4545,0.2143,0.125,0.3889,0.1818,0.25,0,0.1875,0.1667,0.25,0.375,0,0.5,0.375,0.3889,0.5,0.1111,0.45,0.3,0.2273,0.375
"locus5380",0,0.0625,0.05,0.0455,0,0.0833,0,0.0455,0.4375,0.05,0,0,0.0625,0.0833,0.0556,0,0,0.1111,0.0833,0,0,0.1,0,0
"locus5381",0.4583,0.4375,0.45,0.0455,0.2857,0.375,0.1111,0.3182,0.1875,0.45,0.3125,0.4444,0.0625,0.4167,0.1111,0.3333,0.3125,0.3889,0,0.2222,0.1,0.2,0.2727,0.25
"locus5382",0,0.0625,0.15,0.0909,0,0.0417,0.1667,0.0909,0,0.15,0,0.1111,0.1875,0.0417,0.1111,0,0.1875,0,0,0,0.05,0.15,0,0
"locus5383",0.0833,0.0625,0.15,0.0455,0,0,0,0.0455,0,0,0,0,0.125,0,0.0556,0,0.0625,0.1111,0,0.1111,0.05,0.1,0,0
"locus5384",0,0.0625,0,0,0,0.375,0,0,0,0.15,0,0.0556,0,0,0,0,0,0,0,0,0,0,0.0909,0.0417
"locus5385",0,0,0.05,0.0455,0.5,0.0417,0.3889,0,0.0625,0.05,0.3125,0,0.0625,0.2083,0,0,0.0625,0,0.4167,0,0.1,0,0.0455,0.4167
"locus5386",0.4583,0.4375,0.4,0.4545,0.3571,0.4167,0.4444,0.4545,0.5,0.5,0.4375,0.5,0.4375,0.5,0.5,0.5,0.375,0.4444,0.5,0.4444,0.5,0.45,0.4091,0.4167
"locus5387",0.1667,0,0,0.0455,0,0,0.0556,0.0909,0.125,0,0,0,0,0.0417,0.3333,0,0.0625,0.1667,0,0,0.15,0.05,0.1818,0.0417
"locus5388",0.125,0,0,0,0,0.4583,0,0,0,0,0.125,0,0.0625,0.0417,0,0,0.375,0,0,0,0.05,0,0.0909,0
"locus5389",0.375,0,0,0,0,0,0,0,0,0,0,0,0,0,0.0556,0,0,0,0,0.4444,0.05,0,0.0455,0
"locus5390",0.125,0,0.1,0.1364,0,0.0417,0.0556,0.0455,0,0.05,0.0625,0.0556,0.1875,0.0417,0,0.1667,0.0625,0,0.0833,0,0.1,0.15,0.2273,0.0417
"locus5391",0,0,0,0,0.2143,0,0.0556,0.0455,0,0.3,0,0.2778,0,0.0417,0,0,0.0625,0.1111,0.0833,0,0,0.05,0.0455,0
"locus5392",0,0,0.05,0,0.0714,0.0833,0.0556,0.0455,0,0,0.0625,0,0.1875,0.125,0.1667,0.1667,0,0.0556,0,0,0.1,0.05,0.0909,0.25
"locus5393",0.125,0,0.05,0,0,0,0,0.1364,0,0.1,0,0,0,0.125,0.1111,0,0.125,0,0.0833,0,0,0,0,0
"locus5394",0.2917,0.1875,0.3,0.5,0.2143,0.2083,0.3889,0.4091,0.25,0.3,0.3125,0.0556,0.4375,0.4583,0.2222,0.3333,0.4375,0.4444,0.5,0.0556,0.15,0.4,0.2273,0.4167
"locus5395",0.0833,0.0625,0.05,0,0.0714,0.125,0.1667,0,0,0.1,0.125,0.1111,0,0,0.0556,0,0,0.0556,0,0.0556,0,0,0.0455,0.0417
"locus5396",0.125,0.25,0.3,0.2727,0.1429,0.3333,0.1111,0.1364,0.0625,0.1,0.25,0.0556,0.4375,0.3333,0.2222,0.1667,0.3125,0.2222,0.3333,0.1111,0,0.25,0.0455,0.0833
"locus5397",0,0.125,0.1,0.0455,0,0.0833,0.0556,0.0909,0,0,0.0625,0,0,0,0,0,0,0,0.0833,0,0,0.05,0,0
"locus5398",0.1667,0,0.05,0.0455,0,0,0,0.0455,0.125,0,0.125,0,0.125,0,0.0556,0,0.0625,0,0,0,0.05,0,0.1818,0.125
"locus5399",0,0,0.3,0,0,0,0.0556,0.0455,0,0.05,0.0625,0,0.25,0.25,0,0.1667,0.25,0.1111,0.1667,0,0,0.1,0,0.0417
"locus5400",0.0417,0.0625,0,0.0455,0.0714,0.0833,0.0556,0.0909,0.125,0,0.0625,0,0.0625,0,0,0,0,0,0.0833,0,0,0,0.0455,0
"locus5401",0.125,0,0,0.0455,0.0714,0.0417,0,0,0,0.05,0,0,0.125,0.0417,0.2222,0,0,0,0,0,0.15,0,0.0455,0
"locus5402",0.0833,0.3125,0.05,0.2727,0.2143,0.1667,0.3889,0.0909,0.3125,0.15,0.375,0.0556,0.25,0.25,0,0.1667,0.125,0,0.4167,0.4444,0.3,0.1,0.5,0.4583
"locus5403",0.0833,0.375,0.3,0.1818,0.4286,0.25,0.3333,0.0909,0.0625,0.4,0.375,0.3333,0.1875,0.3333,0,0,0.25,0,0.1667,0.4444,0,0.15,0.2727,0.5
"locus5404",0.5,0.4375,0.2,0.4545,0.2857,0.375,0.4444,0.2273,0.375,0.3,0.375,0.0556,0.3125,0.2917,0.3889,0.5,0.3125,0.3333,0.3333,0.1667,0.4,0.3,0.5,0.4167
"locus5405",0.0833,0.0625,0.35,0.1364,0.2857,0.2917,0.3333,0.4091,0.1875,0.3,0.125,0.0556,0.1875,0.5,0.2778,0.1667,0.375,0.3889,0.3333,0,0.05,0.45,0.3636,0.25
"locus5406",0.0833,0,0,0.2273,0,0,0,0,0,0,0.0625,0,0,0.0417,0.2222,0.3333,0.0625,0,0,0.0556,0.2,0,0,0
"locus5407",0.125,0.1875,0,0.1818,0,0.0417,0,0,0,0,0,0,0.0625,0,0,0,0,0,0,0,0.05,0,0,0
"locus5408",0.125,0.125,0,0,0,0,0,0,0.375,0,0,0,0.125,0.0417,0.1111,0.1667,0,0,0,0,0.05,0,0,0
"locus5409",0.1667,0.125,0.2,0.0909,0.1429,0.2917,0.3333,0.1818,0.1875,0.1,0.3125,0,0.375,0.375,0.1667,0.3333,0.3125,0.1111,0.0833,0.3889,0.15,0.2,0.3636,0.1667
"locus5410",0.4583,0.4375,0.4,0.2727,0.2143,0.375,0.0556,0.3636,0.5,0.45,0.375,0.1667,0.375,0.2917,0.4444,0.1667,0.375,0.3333,0,0.4444,0.4,0.25,0.2727,0.0833
"locus5411",0,0.0625,0.05,0,0,0,0,0.0909,0.0625,0,0,0,0.0625,0.0417,0.0556,0,0.0625,0.0556,0,0,0,0,0,0
"locus5412",0.1667,0.1875,0.3,0.0455,0,0.125,0.0556,0.2273,0.25,0.1,0,0,0.25,0.0833,0.0556,0.1667,0.0625,0.2778,0,0.2778,0,0.35,0.0909,0.1667
"locus5413",0.0833,0,0.1,0.0455,0,0,0,0,0,0,0.125,0,0,0.0833,0,0,0,0,0.1667,0.1111,0,0,0.1364,0.0417
"locus5414",0.0417,0.1875,0.2,0,0,0.0833,0.0556,0.1364,0.0625,0.15,0,0.1111,0.125,0.125,0,0,0.125,0,0,0,0,0.1,0,0
"locus5415",0,0,0,0.4091,0.1429,0,0,0,0,0,0.0625,0,0,0,0,0,0,0,0,0,0,0,0.0909,0
"locus5416",0.0417,0,0,0,0.0714,0.125,0,0,0,0.05,0,0,0,0.125,0.1111,0,0,0,0.0833,0.2778,0.05,0,0,0.0833
"locus5417",0,0,0,0,0,0,0,0,0,0,0.0625,0,0.0625,0.0833,0,0.1667,0,0,0,0,0.1,0.2,0.0455,0
"locus5418",0,0.125,0.05,0,0,0.0417,0,0.0455,0,0,0.0625,0.2778,0.1875,0.125,0.0556,0,0.0625,0,0,0,0,0.05,0.0455,0
"locus5419",0.0417,0,0,0,0.2143,0.0833,0.0556,0,0.4375,0,0.125,0,0,0.0417,0.0556,0.3333,0,0,0,0.2222,0,0,0.0455,0
"locus5420",0,0.0625,0.05,0.0455,0.0714,0,0,0.0455,0,0.1,0,0,0,0.0833,0,0,0.3125,0,0,0,0,0,0.0909,0.375
"locus5421",0,0,0.15,0,0,0.0833,0,0,0.0625,0,0,0,0.0625,0.125,0,0.3333,0.25,0.2222,0.1667,0,0.05,0,0.0455,0.1667
"locus5422",0,0,0.15,0,0,0,0,0.0455,0,0,0,0,0.0625,0.0833,0,0.3333,0.0625,0.0556,0.0833,0,0,0,0,0
"locus5423",0.3333,0.125,0.4,0.5,0.2143,0,0.1667,0.3182,0.4375,0.15,0.375,0.1111,0.4375,0.5,0.3333,0.3333,0.5,0.3889,0.1667,0.1667,0.35,0.4,0.4545,0.0833
"locus5424",0.1667,0.0625,0,0.5,0,0.0833,0.1111,0.0909,0.0625,0.1,0,0,0.0625,0.125,0.1667,0.1667,0,0,0.0833,0.5,0.25,0.15,0.0455,0
"locus5425",0.125,0.0625,0.4,0.1364,0.2143,0.0417,0.3333,0.4091,0.0625,0.05,0.125,0,0.0625,0.3333,0.0556,0,0.4375,0.1111,0.3333,0.1111,0.35,0.4,0.0909,0.3333
"locus5426",0.0417,0,0.05,0.1364,0,0,0,0.0909,0,0,0,0,0.0625,0.125,0,0,0.0625,0,0,0,0,0.1,0.0455,0
"locus5427",0.4583,0.4375,0.2,0.3182,0.5,0.5,0.2778,0.3636,0.25,0.4,0.3125,0.5,0.4375,0.25,0.2778,0.5,0.25,0.1667,0.1667,0.2778,0.35,0.25,0.5,0.1667
"locus5428",0,0,0.15,0.0455,0,0,0,0.0909,0.0625,0,0,0,0,0.0417,0,0,0.0625,0.0556,0,0,0.2,0.3,0.0909,0
"locus5429",0.4583,0.3125,0.3,0.4091,0.3571,0.4167,0.3333,0.5,0.4375,0.3,0.375,0.4444,0.5,0.4583,0.4444,0.5,0.3125,0.4444,0.1667,0.4444,0.35,0.45,0.4545,0.375
"locus5430",0,0.0625,0.2,0.0909,0,0.0417,0,0.0909,0,0,0,0.0556,0,0.2083,0.0556,0.1667,0.125,0.0556,0,0,0,0.1,0.0455,0.0417
"locus5431",0,0.0625,0,0,0.2857,0.125,0.1111,0,0,0,0,0.0556,0,0,0,0,0.0625,0,0.1667,0.0556,0,0,0.0455,0.25
"locus5432",0.0833,0.125,0.05,0,0,0.0417,0,0.0909,0,0,0.0625,0.1111,0.0625,0.1667,0.1111,0,0.125,0.1111,0,0.1667,0.05,0.1,0.0455,0.0417
"locus5433",0,0.0625,0,0,0.5,0,0.4444,0,0.25,0.05,0,0,0,0,0,0,0,0,0.4167,0.0556,0,0.05,0,0.5
"locus5434",0.1667,0.0625,0.25,0,0,0.0417,0.1111,0.1364,0.25,0.05,0,0.2222,0.0625,0.125,0.2222,0.1667,0.0625,0.0556,0,0.1667,0.25,0.35,0.2727,0.0833
"locus5435",0.375,0,0.05,0.4545,0,0.0833,0,0.0455,0.0625,0.05,0,0,0,0.2083,0.1667,0.5,0.0625,0,0,0.2778,0.15,0.05,0.2273,0.125
"locus5436",0.0833,0.0625,0,0.0909,0,0.0417,0.0556,0.0455,0,0,0,0,0.0625,0.0417,0,0,0,0.1667,0.0833,0,0.05,0,0,0
"locus5437",0,0,0,0,0.2143,0,0,0.0455,0,0.4,0,0.3889,0,0,0,0.1667,0.0625,0,0.0833,0,0,0,0,0.0417
"locus5438",0.0417,0.3125,0.35,0.3182,0.4286,0.2083,0.3889,0.3636,0.375,0.1,0.3125,0.1111,0.4375,0.5,0,0.1667,0.4375,0.3333,0.4167,0.1111,0.2,0.3,0.2273,0.2917
"locus5439",0.0417,0,0.05,0.3182,0,0,0,0.0455,0,0,0.0625,0,0,0,0,0,0,0,0,0.1667,0,0.05,0.0909,0
"locus5440",0.2917,0.4375,0.1,0.2273,0.2857,0.375,0.2222,0.0455,0.4375,0.3,0.1875,0.4444,0.125,0.125,0.3889,0,0.25,0.0556,0.3333,0.1111,0.1,0.2,0.4091,0.25
"locus5441",0.3333,0.1875,0.45,0.2273,0,0.5,0.1667,0.3636,0.375,0.4,0.125,0.2222,0.4375,0.2917,0.2778,0.3333,0.3125,0.4444,0.1667,0.1111,0.4,0.5,0.4545,0.1667
"locus5442",0.0417,0.125,0.15,0.2273,0.0714,0.0417,0,0.0909,0,0,0,0,0.125,0,0,0.1667,0,0,0,0,0.1,0,0.0909,0.0833
"locus5443",0,0,0.1,0.0909,0,0.0833,0,0,0.0625,0,0,0,0.0625,0.0417,0.0556,0,0,0.1111,0.1667,0,0.05,0,0,0.0833
"locus5444",0.1667,0.0625,0.05,0.2727,0,0.0417,0.0556,0.0455,0.25,0,0,0,0.0625,0,0,0,0.0625,0,0,0,0.15,0.1,0.1364,0
"locus5445",0.125,0,0.1,0,0,0,0.0556,0.0909,0,0,0,0,0.125,0.2083,0,0,0.0625,0,0.0833,0,0.15,0,0.0455,0
"locus5446",0,0.0625,0.05,0,0,0,0.0556,0,0.0625,0.1,0,0.1111,0,0,0,0,0,0,0.1667,0,0,0,0,0
"locus5447",0,0.25,0.45,0.1364,0,0,0.0556,0.2273,0.125,0.05,0.375,0.0556,0.4375,0.2917,0.0556,0.3333,0.4375,0.2778,0.0833,0.2778,0,0.5,0,0.1667
"locus5448",0.2917,0.25,0.4,0.4545,0.4286,0.4583,0.5,0.4091,0.4375,0.05,0.4375,0.0556,0.4375,0.4167,0.2778,0.3333,0.5,0.2222,0.5,0.4444,0.4,0.4,0.3182,0.4167
"locus5449",0,0.1875,0,0.0909,0,0.3333,0,0,0,0.5,0,0.4444,0.0625,0.0417,0,0,0,0,0,0,0,0.1,0,0
"locus5450",0,0,0.1,0.0909,0.0714,0.0417,0,0.0909,0.1875,0.1,0,0.0556,0.0625,0.0417,0.0556,0,0,0,0,0.1111,0.1,0.1,0,0
"locus5451",0.0833,0.0625,0.05,0,0,0,0.0556,0,0,0,0,0.0556,0.0625,0.0833,0.0556,0,0,0,0.0833,0.1667,0,0,0.0909,0
"locus5452",0.1667,0.1875,0.1,0.5,0,0.125,0.1111,0.3182,0.375,0.05,0.125,0,0.25,0.1667,0.4444,0.1667,0.0625,0.5,0.0833,0.1667,0.45,0.35,0.2273,0.2917
"locus5453",0.1667,0,0.05,0.0909,0.0714,0,0,0,0.25,0.25,0,0,0.0625,0,0.1111,0,0,0,0,0,0,0,0,0.0417
"locus5454",0.125,0.4375,0.1,0.3182,0.4286,0.4583,0.3333,0,0.3125,0.45,0.25,0.2222,0.1875,0.1667,0,0,0.1875,0.0556,0.1667,0.1111,0.2,0.15,0.0909,0.125
"locus5455",0,0.125,0.05,0,0,0.2083,0.1111,0.0455,0,0.05,0,0,0,0,0,0,0,0.0556,0,0.0556,0,0,0,0
"locus5456",0,0,0,0,0,0,0,0.1364,0,0.05,0,0,0.1875,0.125,0,0,0.0625,0.1111,0,0,0,0.15,0.0455,0
"locus5457",0.0833,0.0625,0.1,0.0909,0.0714,0,0,0.0909,0.0625,0,0,0,0.0625,0,0.0556,0,0.0625,0,0,0,0,0.05,0,0.0417
"locus5458",0.0417,0,0.05,0,0,0.0417,0.1667,0,0,0,0,0,0.0625,0,0,0.3333,0.0625,0,0,0,0.1,0,0,0
"locus5459",0.0417,0.375,0.1,0.1364,0.5,0.5,0.2222,0.0455,0,0.35,0.125,0.3889,0.5,0.25,0.0556,0,0.125,0,0.0833,0.0556,0.05,0.25,0,0.2083
"locus5460",0.4583,0.25,0.4,0.4545,0.1429,0.0417,0.2778,0.4545,0.1875,0.15,0.4375,0.2222,0.3125,0.4583,0.3889,0.1667,0.375,0.2778,0.4167,0.3889,0.5,0.45,0.3636,0.125
"locus5461",0,0,0.15,0,0,0,0.0556,0.2727,0,0,0.0625,0.0556,0.25,0.125,0.2222,0.1667,0.125,0.1667,0.0833,0,0.1,0.2,0,0.0833
"locus5462",0.4583,0.4375,0.45,0.3636,0.5,0.2083,0.4444,0.2273,0.375,0.2,0.4375,0.2222,0.5,0.4167,0.3889,0.1667,0.4375,0.2778,0.4167,0.1667,0.35,0.25,0.3636,0.25
"locus5463",0,0,0.1,0,0.0714,0.0417,0,0.1364,0.25,0.05,0,0.0556,0.0625,0,0.2222,0.1667,0.125,0.2778,0.0833,0.1111,0.35,0.05,0.0455,0.0417
"locus5464",0.0833,0,0,0.1364,0,0.0417,0.1667,0,0,0.05,0,0.0556,0.0625,0,0,0,0,0,0,0,0.1,0.05,0.0455,0.25
"locus5465",0.0417,0.25,0.15,0.3636,0,0,0,0.0909,0.125,0,0.125,0,0.125,0.1667,0.1667,0.3333,0.0625,0.1111,0,0.0556,0.15,0.2,0,0
"locus5466",0,0,0.05,0,0,0.0833,0,0,0.25,0.05,0,0.1111,0,0.0833,0.0556,0,0.1875,0,0,0,0,0.15,0.0455,0
"locus5467",0.25,0.5,0.3,0,0.1429,0.5,0.3889,0.1364,0.375,0.3,0.375,0.3333,0.375,0.2917,0.0556,0.3333,0.3125,0.0556,0.4167,0.0556,0.05,0.4,0.1818,0.4167
"locus5468",0,0,0.05,0.4091,0,0,0,0,0,0,0,0,0,0.0417,0,0,0,0,0,0,0.1,0,0,0
"locus5469",0,0,0,0.1364,0,0.0417,0,0,0,0,0.0625,0,0.0625,0,0.2778,0,0,0,0,0,0.1,0,0,0
"locus5470",0.2083,0,0,0.0909,0,0,0.0556,0.0455,0,0,0,0,0.0625,0,0.3333,0.1667,0.0625,0,0,0,0.3,0.1,0.1364,0
"locus5471",0.2083,0.1875,0.2,0.2273,0.0714,0.125,0.0556,0.0909,0.0625,0.3,0,0.4444,0.3125,0.2083,0.1667,0.1667,0.3125,0.2222,0.0833,0,0.1,0.15,0.0909,0.0417
"locus5472",0.1667,0.25,0.35,0.2727,0,0,0.2222,0.4545,0.3125,0.1,0.1875,0.0556,0.3125,0.3333,0.1667,0.1667,0.25,0.2778,0,0.3889,0.5,0.15,0.0909,0.0417
"locus5473",0,0.1875,0.1,0,0.2143,0.0833,0.2222,0.1364,0.125,0.3,0,0.0556,0.1875,0.125,0,0.1667,0.125,0,0.3333,0.0556,0.1,0,0.1364,0.1667
"locus5474",0.125,0,0,0,0.2143,0.125,0,0,0,0,0,0,0,0.0833,0,0,0.0625,0,0,0.0556,0.3,0,0,0.0417
"locus5475",0,0.0625,0.05,0.1818,0.1429,0.1667,0,0.1364,0,0.1,0.0625,0.1111,0,0.25,0,0.1667,0.125,0.0556,0.1667,0.1667,0,0.1,0.0455,0.125
"locus5476",0.4583,0.25,0.25,0.0909,0,0,0.2778,0.4091,0.4375,0.15,0.375,0,0.4375,0.4583,0.3333,0.3333,0.25,0.3889,0.5,0.4444,0.45,0.45,0.1364,0.1667
"locus5477",0.4583,0.25,0.35,0.0909,0.0714,0.125,0.3333,0.3636,0.25,0.15,0.3125,0.0556,0.3125,0.4583,0.3333,0.3333,0.4375,0.5,0.5,0.3889,0.3,0.35,0.3636,0.3333
"locus5478",0.25,0.0625,0.25,0.4091,0,0.0417,0.0556,0.4545,0.25,0.05,0.0625,0,0.4375,0.2083,0.3333,0.3333,0.4375,0.1667,0.1667,0.2778,0.35,0.15,0.0909,0
"locus5479",0.1667,0.3125,0.4,0.3182,0.2857,0.4167,0.3889,0.1818,0.4375,0.3,0.4375,0.3333,0.1875,0.4583,0.2222,0.3333,0.4375,0.1111,0.4167,0.2222,0.45,0.3,0.3182,0.4583
"locus5480",0.375,0.375,0.35,0.4091,0.2143,0.2917,0.2222,0.3636,0.375,0.4,0.4375,0.3333,0.375,0.2917,0.5,0.3333,0.3125,0.3889,0.25,0.1667,0.45,0.2,0.2273,0.3333
"locus5481",0,0,0,0,0,0,0.1667,0.0455,0,0.2,0.0625,0,0,0,0,0.3333,0,0,0,0.0556,0.05,0,0.0909,0.0417
"locus5482",0.0417,0.0625,0.1,0.0455,0,0,0,0.4091,0.125,0,0,0,0,0,0.1111,0,0.125,0.2222,0,0,0,0,0.2273,0.0417
"locus5483",0.3333,0.25,0.45,0.3636,0.1429,0.1667,0.2778,0.4091,0.3125,0.1,0.4375,0,0.25,0.4167,0.2778,0.1667,0.4375,0.3889,0.4167,0.4444,0.3,0.5,0.3636,0.5
"locus5484",0.125,0.3125,0.15,0.2273,0.4286,0.5,0.3333,0.0455,0,0.25,0.125,0.2222,0.3125,0.2083,0.1111,0.1667,0.25,0.1667,0.25,0.3889,0.25,0.2,0.3182,0.3333
"locus5485",0.0417,0.25,0.2,0.0455,0.4286,0.4167,0.1111,0.0455,0,0.45,0.0625,0.3889,0.125,0.2083,0,0,0.25,0,0.0833,0,0,0.35,0.0909,0.0417
"locus5486",0,0,0,0.0455,0,0.125,0.1111,0,0,0,0,0,0,0,0.1667,0,0,0,0,0.0556,0.15,0,0.0455,0.0833
"locus5487",0.2917,0.25,0.45,0.5,0.4286,0.4167,0.4444,0.4091,0.25,0.35,0.375,0.5,0.1875,0.1667,0.2222,0.3333,0.375,0.5,0.4167,0.2222,0.5,0.4,0.5,0.375
"locus5488",0,0,0.05,0,0,0.125,0,0,0.1875,0,0,0,0,0.0833,0,0,0.125,0,0,0,0,0,0.0455,0.0833
"locus5489",0,0,0.05,0,0.0714,0.0833,0,0,0,0.15,0,0.1111,0,0,0,0,0,0,0,0,0,0,0.0455,0.0417
"locus5490",0,0.0625,0,0.0909,0.1429,0.0833,0,0.0909,0,0,0,0,0,0.0833,0,0,0,0,0,0,0.15,0.05,0.0455,0.2083
"locus5491",0.3333,0.25,0.3,0.2727,0.4286,0.4583,0.1667,0.2727,0.25,0.2,0.5,0.3333,0,0.4583,0.3333,0.3333,0.1875,0.2778,0.25,0.2778,0.2,0.45,0.2727,0.2917
"locus5492",0.0417,0,0.15,0,0,0,0,0.4091,0.0625,0,0,0,0.0625,0.2917,0,0.5,0.125,0.2778,0,0,0.05,0.3,0,0
"locus5493",0.4583,0.5,0.3,0.4545,0.4286,0.4583,0.3333,0.1818,0.375,0.3,0.4375,0.3889,0.4375,0.1667,0.5,0.3333,0.25,0.4444,0.5,0.3889,0.45,0.25,0.4545,0.2917
"locus5494",0.4167,0.5,0.35,0.4091,0,0.375,0.2222,0.4545,0.3125,0.1,0.4375,0,0.25,0.4167,0.3889,0.5,0.5,0.3889,0.3333,0.3333,0.45,0.2,0.3636,0.0417
"locus5495",0.0417,0.0625,0,0,0,0,0,0.0455,0,0.05,0.0625,0.1111,0,0.0417,0,0,0.125,0,0.25,0,0.05,0,0.1364,0.0417
"locus5496",0,0.125,0.05,0.0455,0,0.125,0.0556,0,0.125,0,0.125,0.1111,0,0.0417,0.0556,0,0,0,0.1667,0.0556,0,0.05,0.0455,0
"locus5497",0.0417,0.4375,0.4,0.0909,0.3571,0.375,0.2778,0.3636,0.3125,0.35,0,0.5,0.4375,0.375,0,0.3333,0.4375,0.2222,0.4167,0.0556,0,0.25,0.3182,0.1667
"locus5498",0,0,0,0,0.1429,0.0417,0.2778,0.0455,0,0,0,0,0.0625,0.0417,0,0,0,0,0,0.0556,0,0.1,0,0.25
"locus5499",0.0833,0.125,0.05,0,0,0,0.0556,0.0455,0,0,0,0,0.125,0.0417,0.1111,0,0.125,0.0556,0.0833,0,0,0.05,0,0
"locus5500",0,0.0625,0.05,0.0909,0,0.125,0,0.0455,0,0.05,0,0,0.1875,0.0417,0,0,0,0,0,0,0.05,0,0,0
"locus5501",0.25,0.4375,0.45,0.5,0.4286,0.5,0.4444,0.4091,0.4375,0.25,0.4375,0.3333,0.5,0.4583,0.1111,0.3333,0.5,0.2222,0.4167,0.5,0.4,0.45,0.3182,0.2917
"locus5502",0.0417,0.0625,0.05,0.0455,0,0.0417,0,0.0455,0,0,0,0,0.0625,0.0417,0,0,0,0,0,0.2778,0.05,0,0,0.0417
"locus5503",0.0833,0.0625,0,0.0455,0,0.0417,0.0556,0,0.0625,0,0,0.0556,0,0,0,0.1667,0.0625,0,0.0833,0.0556,0,0,0.0455,0.0833
"locus5504",0.25,0.5,0.1,0.2727,0.4286,0.4167,0.2222,0.1818,0.25,0.45,0.3125,0.5,0.0625,0.2083,0.4444,0.5,0.3125,0.3889,0.0833,0.2222,0.4,0.2,0.5,0.375
"locus5505",0.0833,0.25,0.1,0.0909,0,0.0833,0.1111,0.2727,0.1875,0,0,0.0556,0.0625,0.0417,0.0556,0,0.0625,0.3333,0.25,0.0556,0.25,0.2,0.0909,0.1667
"locus5506",0.3333,0.375,0.2,0.3182,0,0.1667,0.1111,0.1364,0.3125,0.05,0.25,0,0.125,0.2083,0.4444,0.5,0.25,0.2778,0.0833,0.3889,0.25,0.45,0.3636,0.2083
"locus5507",0.0417,0.125,0.05,0.0455,0,0,0,0.0455,0.0625,0.05,0.1875,0,0.125,0.1667,0,0,0.0625,0,0.0833,0,0,0.15,0,0
"locus5508",0.125,0,0.1,0.1818,0,0,0,0,0.3125,0,0,0,0,0,0.0556,0,0,0,0,0.0556,0.2,0,0,0
"locus5509",0.1667,0,0.05,0,0,0,0.0556,0,0,0.05,0,0,0,0.0833,0.2778,0,0.0625,0.1111,0,0.5,0.2,0,0.0455,0
"locus5510",0.1667,0,0.2,0.1364,0,0.1667,0,0.1364,0,0,0.0625,0.0556,0.0625,0.125,0,0.1667,0.1875,0.1111,0,0,0.1,0,0,0.0417
"locus5511",0.0833,0.375,0.1,0.2273,0.4286,0.4583,0.2778,0.2273,0.4375,0.45,0.1875,0.3889,0.5,0.125,0,0.3333,0.125,0.1111,0.4167,0.1111,0.05,0.15,0.4545,0.25
"locus5512",0,0.0625,0,0.0455,0,0,0.1111,0,0.125,0,0.0625,0,0.125,0,0.1667,0,0.0625,0.1667,0,0.0556,0,0,0,0
"locus5513",0.125,0.3125,0,0.3182,0,0.2083,0,0.1364,0.375,0.3,0.125,0.3889,0.4375,0.1667,0.4444,0.1667,0.25,0.3889,0.0833,0.3333,0.5,0.45,0.1364,0
"locus5514",0.1667,0.1875,0.35,0.4545,0.3571,0.4167,0.0556,0.2273,0.0625,0.45,0.125,0.3333,0.375,0.5,0.2222,0.3333,0.5,0.2222,0.25,0.1667,0.45,0.5,0.2727,0.375
"locus5515",0.4583,0.375,0.4,0.1818,0.1429,0.25,0.4444,0.4545,0.3125,0.15,0.3125,0.0556,0.375,0.4167,0.1667,0.5,0.4375,0.1667,0.4167,0.2222,0.25,0.35,0.4545,0.375
"locus5516",0,0.125,0.05,0,0,0.125,0,0.0455,0,0,0,0,0.125,0.0417,0,0,0,0,0,0,0,0,0,0
"locus5517",0.25,0.4375,0,0.3636,0.0714,0.1667,0.2222,0.0455,0.375,0.2,0.3125,0.3889,0.4375,0,0.1667,0,0.125,0.3889,0.3333,0.5,0.35,0.15,0.4091,0.3333
"locus5518",0,0.125,0.2,0.1364,0.2143,0.1667,0.2778,0,0,0.1,0.0625,0,0.0625,0.125,0.0556,0.1667,0.25,0,0,0.0556,0.05,0.15,0.0909,0.25
"locus5519",0.0417,0.375,0,0,0.4286,0.4167,0.1111,0.0455,0.125,0.45,0.0625,0.2778,0.0625,0.0417,0,0,0,0.1111,0.1667,0,0.05,0.15,0.0455,0.1667
"locus5520",0.0833,0,0.05,0.1364,0,0,0.1111,0,0,0,0,0,0,0,0.0556,0,0,0,0,0.0556,0.1,0.05,0,0.0417
"locus5521",0,0,0.05,0,0,0,0,0,0.1875,0,0,0,0.125,0,0,0,0,0,0,0,0.05,0.2,0.0455,0
"locus5522",0.0417,0,0,0.1364,0,0,0,0.0455,0,0,0,0,0,0,0.1111,0,0.0625,0,0.1667,0,0,0.05,0,0.0417
"locus5523",0.0417,0.0625,0.05,0.0455,0,0.0417,0,0,0.0625,0,0,0,0,0.0417,0.0556,0.1667,0,0,0,0.1111,0.1,0.05,0.0455,0
"locus5524",0.0833,0.0625,0.15,0.0455,0.1429,0.25,0.3889,0.3182,0,0.5,0.3125,0.1111,0.0625,0.1667,0,0,0,0.0556,0.25,0.0556,0.1,0.15,0.1818,0.375
"locus5525",0.0833,0.125,0.35,0.1364,0.5,0.1667,0.3333,0.2727,0,0.15,0.375,0.0556,0.3125,0.2917,0.2222,0.5,0.3125,0.3889,0.3333,0.0556,0.3,0.25,0.1818,0.2083
"locus5526",0.4583,0.4375,0.45,0.4091,0.2143,0.4167,0.4444,0.5,0.4375,0.15,0.3125,0.0556,0.5,0.4583,0.3889,0.1667,0.5,0.5,0.3333,0.2222,0.2,0.45,0.2273,0.4167
"locus5527",0.3333,0.4375,0.45,0.4545,0.4286,0.125,0.1667,0.3182,0.125,0.15,0.25,0.1667,0.4375,0.4167,0.2222,0.1667,0.4375,0.3889,0,0.1667,0.45,0.2,0.4545,0.4167
"locus5528",0,0,0.05,0.0909,0,0.0417,0.3333,0,0,0,0.1875,0,0,0.0417,0,0,0.0625,0,0,0.0556,0,0.1,0,0.1667
"locus5529",0.4167,0.4375,0.5,0.4091,0.1429,0.2083,0.2778,0.3636,0.3125,0.15,0.1875,0.0556,0.4375,0.3333,0.5,0.3333,0.5,0.4444,0.3333,0.5,0.4,0.4,0.4091,0.0417
"locus5530",0,0,0,0,0.0714,0,0,0.0455,0,0.05,0.0625,0,0.0625,0.0417,0.1667,0,0.0625,0,0,0.0556,0,0.1,0.0455,0
"locus5531",0.0833,0,0,0.0909,0,0,0.1667,0,0,0,0.0625,0,0,0,0,0.1667,0.0625,0,0,0,0.05,0,0,0
"locus5532",0.25,0,0.15,0.2273,0,0,0.0556,0.4545,0.125,0,0.125,0,0.375,0.125,0.5,0,0,0.1111,0,0.4444,0.2,0.1,0.0455,0.0417
"locus5533",0.0833,0.1875,0.05,0.2727,0,0.1667,0,0,0,0,0.125,0.0556,0.125,0,0,0,0,0,0,0.0556,0,0,0,0
"locus5534",0.0417,0.125,0.3,0.4545,0,0.125,0.2222,0,0,0.1,0.4375,0,0.1875,0.0833,0.2778,0.3333,0.25,0.1667,0.25,0.0556,0.2,0.25,0.1818,0.0417
"locus5535",0.0833,0.125,0,0,0,0,0,0,0,0,0,0,0.0625,0,0,0.1667,0.0625,0.1667,0,0,0,0.15,0.1818,0.0417
"locus5536",0.0833,0.5,0.4,0.0455,0.4286,0.375,0.1111,0.5,0.125,0.25,0.1875,0.3889,0.25,0.4583,0.0556,0,0.375,0.2778,0.4167,0.0556,0.1,0.3,0.2273,0.5
"locus5537",0,0.0625,0.05,0,0,0.0417,0.1111,0,0,0.05,0,0,0,0.0417,0,0,0.1875,0.1111,0,0,0,0,0,0.1667
"locus5538",0.4583,0.25,0.4,0.5,0,0.0417,0.2778,0.4091,0.25,0.05,0.375,0.0556,0.4375,0.5,0.5,0.3333,0.4375,0.3889,0.4167,0.3333,0.4,0.35,0.3182,0.0417
"locus5539",0.2083,0.4375,0.05,0,0.2143,0.4583,0.2222,0,0,0.3,0.125,0.2778,0.25,0.0417,0,0.1667,0.0625,0,0.1667,0,0.1,0.05,0,0.125
"locus5540",0,0,0.1,0,0,0,0.0556,0,0,0,0,0,0.0625,0.0833,0,0,0.25,0,0,0,0,0,0.0455,0
"locus5541",0.5,0.5,0.45,0.5,0.5,0.4583,0.3333,0.5,0.4375,0.4,0.4375,0.3333,0.5,0.4583,0.4444,0.5,0.375,0.5,0.5,0.4444,0.45,0.5,0.4545,0.4167
"locus5542",0,0,0.05,0.2273,0,0,0.0556,0.0909,0.0625,0.05,0,0.0556,0.375,0,0.0556,0,0,0.0556,0.25,0,0.05,0.1,0,0.0417
"locus5543",0.0833,0,0.2,0.0909,0,0,0.1111,0,0.125,0,0,0,0.0625,0.0417,0.0556,0,0.1875,0,0,0.0556,0,0,0.0455,0.0833
"locus5544",0,0,0,0,0,0,0,0,0,0.05,0,0,0,0,0,0.1667,0,0.0556,0.3333,0,0.15,0.05,0.2727,0
"locus5545",0.4167,0.4375,0.5,0.3636,0.5,0.25,0.4444,0.4545,0.4375,0.3,0.4375,0.2778,0.5,0.4167,0.4444,0.5,0.4375,0.4444,0.3333,0.3333,0.25,0.5,0.4091,0.4167
"locus5546",0,0.1875,0,0.0909,0.3571,0.4583,0.3889,0,0.25,0.45,0,0.3889,0.25,0,0.0556,0,0,0,0.0833,0.0556,0,0.15,0.0455,0.3333
"locus5547",0.2083,0,0,0.1364,0,0,0,0,0,0,0.0625,0,0.0625,0,0.1111,0.1667,0.0625,0,0,0.0556,0.2,0,0,0
"locus5548",0,0.0625,0,0.3636,0,0.0417,0,0,0,0.05,0,0,0.0625,0,0,0,0,0,0.0833,0,0,0.35,0,0
"locus5549",0,0,0.05,0,0,0,0.1111,0.0455,0,0,0.0625,0,0.3125,0,0,0,0,0,0.25,0,0.05,0.05,0.0455,0.0417
"locus5550",0.1667,0,0,0.0909,0,0,0.1111,0,0.125,0,0.0625,0,0,0,0.0556,0,0,0,0,0.1111,0.1,0,0.1818,0.0417
"locus5551",0,0.0625,0.1,0,0.2143,0,0.3889,0,0,0,0.0625,0.0556,0,0,0,0,0,0.0556,0,0.0556,0.1,0,0.0455,0.2917
"locus5552",0,0,0.1,0,0,0.0417,0,0,0,0,0,0.0556,0,0.0417,0,0,0,0.0556,0.0833,0,0.05,0.05,0,0.25
"locus5553",0,0,0.05,0.0455,0,0,0,0,0.0625,0,0,0,0,0.0833,0,0,0.0625,0,0,0,0,0,0.1818,0
"locus5554",0.125,0.0625,0,0,0,0,0,0,0,0,0,0.1111,0,0,0.0556,0,0,0,0,0.1111,0.05,0,0.0909,0
"locus5555",0.3333,0.375,0.4,0.4091,0.1429,0.4167,0.3333,0.2273,0.5,0.35,0.4375,0.3889,0.375,0.4167,0.3333,0.1667,0.5,0.3333,0.25,0.3889,0.2,0.5,0.5,0.4167
"locus5556",0.125,0,0,0,0,0.0417,0,0.0909,0.0625,0,0.0625,0,0,0,0.0556,0,0,0.0556,0,0.1667,0,0,0,0
"locus5557",0,0.125,0,0,0,0.0417,0.1111,0,0,0.1,0.0625,0.1111,0,0,0,0,0.0625,0,0,0.0556,0.1,0,0.0455,0
"locus5558",0,0,0,0.0455,0,0,0,0.0455,0,0.05,0.1875,0.0556,0.0625,0,0,0.3333,0.0625,0,0,0.1111,0.1,0,0.0455,0.0417
"locus5559",0.0417,0.25,0.05,0.0909,0,0.1667,0,0.0455,0.1875,0.45,0.125,0.2222,0,0.125,0.2778,0,0.0625,0.2222,0,0,0,0.35,0,0
"locus5560",0.25,0.3125,0.35,0.1364,0.2857,0.3333,0.2222,0.3636,0.375,0.4,0.4375,0.4444,0.1875,0.4583,0,0.1667,0.375,0.1667,0.4167,0.0556,0.3,0.45,0.0455,0.2917
"locus5561",0.0417,0.4375,0.05,0.0455,0,0.375,0,0,0,0.1,0,0.2222,0.25,0.125,0.1111,0,0,0.2778,0,0,0.05,0,0.0455,0.0417
"locus5562",0,0,0,0.1818,0,0,0.0556,0,0.125,0,0,0,0,0,0.0556,0,0,0,0,0,0.15,0,0.0455,0
"locus5563",0,0.25,0,0,0,0.0417,0,0,0.125,0.15,0.0625,0.1667,0,0.0417,0,0,0,0,0,0,0,0,0.0455,0
"locus5564",0.125,0.0625,0.05,0,0,0.0417,0.0556,0.0455,0,0,0,0,0.0625,0.0833,0,0,0.25,0.0556,0,0,0.1,0,0,0
"locus5565",0.125,0,0.05,0.0455,0,0.125,0.0556,0.0909,0,0.05,0.0625,0,0.1875,0.125,0,0,0,0.3333,0.0833,0,0.05,0,0.1364,0.125
"locus5566",0,0,0,0,0,0,0,0,0,0,0.25,0,0,0.0417,0,0,0.1875,0,0,0,0,0,0.0909,0
"locus5567",0.1667,0.125,0.4,0.0455,0,0.1667,0,0.3182,0.1875,0.05,0,0.1111,0.375,0.2917,0.2222,0.3333,0.3125,0.2222,0,0.3333,0.45,0.45,0.3636,0.0417
"locus5568",0.0833,0.0625,0.2,0,0,0.0417,0,0.1364,0.25,0.05,0.0625,0,0.0625,0.0833,0,0,0.25,0,0,0,0,0.1,0.0455,0
"locus5569",0.25,0.0625,0.25,0.3636,0.0714,0,0.3333,0.0909,0.25,0.2,0.5,0,0.3125,0.375,0.2222,0.1667,0.5,0.2778,0.25,0.4444,0.25,0.2,0.4545,0.0417
"locus5570",0.0417,0,0.05,0,0,0.0417,0,0,0,0,0,0.0556,0.0625,0.0417,0,0.1667,0,0,0.0833,0,0.05,0.05,0,0
"locus5571",0.4583,0.375,0.5,0.3636,0.0714,0.3333,0.1111,0.4545,0.4375,0.3,0.25,0.0556,0.5,0.5,0.2778,0.3333,0.1875,0.2778,0.25,0.3333,0.4,0.45,0.4091,0.2917
"locus5572",0,0,0,0.2273,0,0,0,0.0455,0,0.05,0.125,0,0,0,0,0,0,0,0,0.0556,0,0.05,0,0.0833
"locus5573",0.2083,0.4375,0.5,0,0.0714,0.0833,0.2778,0.4545,0.125,0.1,0.4375,0.1667,0.4375,0.4167,0.1667,0.1667,0.5,0.2222,0.1667,0.3889,0.1,0.25,0.1818,0.4167
"locus5574",0.2917,0,0.35,0.2727,0,0.0417,0.1111,0.4545,0.25,0.15,0.375,0,0.1875,0.2917,0.4444,0,0.25,0.4444,0.0833,0.4444,0.2,0.3,0.1818,0
"locus5575",0.1667,0.375,0.45,0.4091,0.2857,0.4583,0.1667,0.3182,0.4375,0.45,0.375,0.3333,0.5,0.25,0.3333,0.5,0.375,0.1667,0.3333,0.2222,0.4,0.25,0.3636,0.2083
"locus5576",0.0417,0,0.1,0,0,0,0,0,0.125,0,0,0,0,0.0417,0.2778,0,0.0625,0,0,0,0,0,0,0
"locus5577",0.2917,0.4375,0.25,0.1364,0.4286,0.375,0.3333,0.3182,0.25,0.1,0.25,0.0556,0.25,0.375,0.1111,0,0.375,0.2222,0.1667,0.2778,0.1,0.5,0.4545,0.3333
"locus5578",0.2917,0.0625,0,0,0,0.0417,0,0.3182,0.0625,0,0.0625,0,0.1875,0,0.0556,0,0.125,0.3333,0.0833,0.1667,0.05,0.2,0.0909,0
"locus5579",0,0.25,0.1,0,0.0714,0.0417,0,0.0909,0.0625,0,0.125,0.1111,0.0625,0.0417,0.1111,0,0.125,0.1111,0.0833,0.1111,0.1,0,0.1364,0
"locus5580",0,0.4375,0.3,0.0455,0.5,0.4167,0.1667,0.3636,0.375,0.15,0.5,0.3333,0.4375,0.375,0,0.1667,0.375,0.5,0.25,0.1111,0,0.3,0.2727,0.2083
"locus5581",0.2083,0.25,0.35,0.3636,0.3571,0.2083,0.3333,0.3182,0.3125,0.05,0.3125,0,0.3125,0.4583,0.1667,0.3333,0.4375,0.4444,0.4167,0.2778,0.3,0.5,0.4091,0.4167
"locus5582",0.5,0.3125,0.45,0.5,0.2857,0.25,0.4444,0.5,0.4375,0.1,0.4375,0.0556,0.5,0.5,0.3333,0.5,0.5,0.4444,0.3333,0.2778,0.45,0.45,0.4545,0.3333
"locus5583",0.0417,0.3125,0,0.0909,0.2857,0.25,0.3333,0.1818,0.125,0,0.0625,0.3333,0,0.125,0.1111,0.1667,0.0625,0.2778,0.0833,0,0.05,0.05,0.0455,0.0833
"locus5584",0.0833,0.125,0.35,0.0455,0.2857,0.1667,0.3333,0.2273,0.0625,0.1,0,0.0556,0.4375,0.4167,0.2222,0.1667,0.3125,0.1667,0.1667,0.0556,0.15,0.25,0.0909,0.5
"locus5585",0.1667,0.0625,0.1,0.0909,0,0,0,0.0909,0,0.1,0,0.1667,0.125,0.0833,0,0,0,0.1111,0,0,0.05,0.05,0,0
"locus5586",0.3333,0.25,0.45,0.4545,0.1429,0.2917,0.3333,0.4545,0.3125,0.2,0.0625,0.1667,0.4375,0.4167,0.1667,0.5,0.5,0.3889,0.1667,0.5,0.3,0.35,0.3182,0.2083
"locus5587",0,0.1875,0.25,0.2727,0.4286,0.1667,0.3889,0.1818,0,0.1,0.25,0,0.4375,0.25,0.2222,0.3333,0.1875,0.1667,0.4167,0.0556,0.2,0.35,0.0909,0.2917
"locus5588",0.125,0,0.4,0.0909,0,0,0.0556,0.5,0,0.1,0.0625,0,0.3125,0.0417,0,0,0.4375,0.0556,0,0,0.05,0.45,0,0
"locus5589",0,0.1875,0.05,0.0455,0.2143,0.4583,0.5,0,0.0625,0.4,0.125,0.5,0.125,0.1667,0.2222,0.3333,0.25,0.0556,0.0833,0.0556,0.1,0.1,0.1818,0.4167
"locus5590",0,0.0625,0.1,0,0.1429,0,0.0556,0.0455,0,0.1,0.0625,0,0,0.0833,0,0,0,0,0.1667,0,0,0,0,0.0417
"locus5591",0.0833,0.375,0.3,0.2727,0.2143,0.4167,0.3889,0.4091,0.3125,0.45,0.3125,0.3333,0.3125,0.2917,0.2778,0.1667,0.375,0.2222,0.25,0.5,0.2,0.45,0.5,0.2917
"locus5592",0.0417,0.25,0,0.1364,0.1429,0.2083,0.1667,0.0455,0.3125,0.25,0,0.2222,0.125,0,0.0556,0,0.125,0.0556,0.0833,0,0,0,0.3636,0.2083
"locus5593",0,0,0,0,0.3571,0,0,0,0,0,0.0625,0,0.0625,0.125,0,0.1667,0.125,0.1667,0,0,0.05,0,0,0.0833
"locus5594",0,0.1875,0.05,0,0.4286,0.1667,0,0,0,0.25,0,0.1667,0,0.0417,0,0,0,0,0.1667,0,0,0.05,0.0455,0.0833
"locus5595",0.0417,0.0625,0.05,0.2273,0.0714,0.0417,0,0,0,0,0,0.1667,0,0.125,0.1667,0.1667,0.0625,0.0556,0.1667,0.0556,0.05,0,0.0455,0.0417
"locus5596",0,0,0.1,0,0,0,0,0,0.125,0,0,0,0.25,0.1667,0,0,0.125,0.0556,0,0,0,0,0,0
"locus5597",0.0833,0.125,0.3,0.1818,0.4286,0.2083,0.1667,0.1818,0.375,0.15,0.4375,0.0556,0.4375,0.2917,0.0556,0.1667,0.25,0.1111,0.25,0.0556,0.05,0.25,0.4091,0.375
"locus5598",0.0417,0,0.1,0.0455,0,0,0.1667,0,0,0,0,0,0,0.0417,0,0,0,0.1111,0.0833,0,0.05,0,0.0455,0
"locus5599",0.0417,0.1875,0.05,0.0455,0.2857,0.3333,0.1111,0.0909,0.1875,0.4,0,0.5,0.0625,0,0.0556,0,0,0.0556,0.1667,0,0.1,0.3,0,0.0833
"locus5600",0.0417,0,0,0.0909,0,0,0,0.0455,0.0625,0,0.0625,0,0,0,0.2222,0,0.0625,0.0556,0,0,0,0.05,0,0
"locus5601",0.2083,0.4375,0.2,0.4091,0.3571,0.2917,0.4444,0.4545,0.375,0.4,0.375,0.3889,0.5,0.375,0.2222,0.3333,0.5,0.3333,0.4167,0.1111,0.25,0.45,0.3636,0.3333
"locus5602",0.125,0.3125,0.45,0.3182,0.2143,0.125,0.3333,0.4091,0.1875,0.05,0.3125,0.1111,0.3125,0.4167,0.4444,0,0.375,0.1111,0.3333,0.2778,0.35,0.25,0.3636,0.4167
"locus5603",0,0,0.15,0.0455,0,0,0,0.0455,0,0,0.25,0,0,0.0833,0,0.3333,0.0625,0.0556,0,0.2222,0,0.05,0.0455,0
"locus5604",0.2917,0.125,0.15,0.0909,0.1429,0.2083,0.0556,0.1364,0.25,0.3,0.3125,0.3889,0.125,0.0833,0.3333,0.1667,0.125,0.2222,0,0,0.05,0.2,0.2273,0.1667
"locus5605",0,0,0.15,0,0,0,0,0,0.125,0,0,0,0.0625,0.0833,0,0.1667,0.1875,0,0.1667,0,0.05,0,0,0
"locus5606",0.125,0,0.05,0,0.0714,0,0,0.3182,0.0625,0,0.0625,0,0.125,0.0417,0.1667,0.3333,0,0.1667,0,0.5,0.2,0,0.0909,0
"locus5607",0.2083,0.125,0.4,0.3636,0.0714,0.0833,0.1667,0.1818,0.3125,0.1,0.3125,0.1111,0.375,0.3333,0.1667,0.5,0.375,0.4444,0.1667,0.4444,0.2,0.35,0.2273,0.0417
"locus5608",0.0417,0.0625,0.2,0.0455,0,0,0,0.0455,0.125,0,0.0625,0,0.0625,0.0833,0,0,0,0,0,0.0556,0.15,0.1,0,0
"locus5609",0,0,0.05,0.2727,0,0,0.0556,0.0455,0,0,0.0625,0,0.0625,0.0417,0,0,0,0,0,0.0556,0,0.1,0,0
"locus5610",0,0.0625,0.05,0,0,0.0833,0,0.0455,0.125,0.05,0,0,0,0.125,0,0,0.1875,0,0.0833,0,0,0.1,0,0
"locus5611",0.3333,0.5,0.35,0.1818,0.0714,0.375,0.5,0.3182,0,0.25,0.3125,0.2778,0.4375,0.4583,0.0556,0.3333,0.5,0.2778,0.25,0.1667,0.4,0.5,0.4545,0.375
"locus5612",0,0.125,0.05,0,0.1429,0.2083,0,0,0,0.25,0,0.1111,0.0625,0,0.1111,0,0,0,0,0,0.05,0,0.0909,0
"locus5613",0.3333,0.25,0.2,0.0909,0.0714,0.1667,0.1111,0.0455,0.0625,0.4,0.125,0.1667,0.0625,0.0417,0.0556,0,0.0625,0,0,0.0556,0.15,0.1,0.3182,0
"locus5614",0.1667,0,0,0,0,0,0,0,0,0,0,0,0,0,0,0,0,0,0,0.1667,0.05,0,0.1818,0
"locus5615",0.375,0.125,0,0.2273,0.5,0.1667,0.3333,0.0909,0.0625,0.15,0.3125,0,0.1875,0.0833,0.3889,0.1667,0.1875,0.1667,0.3333,0.5,0.4,0.05,0.5,0.4583
"locus5616",0.0417,0,0.1,0,0,0.0417,0,0.0455,0.0625,0,0,0,0.125,0.0417,0.1111,0,0.0625,0,0,0,0,0.05,0,0.0417
"locus5617",0.25,0,0,0,0,0,0,0,0,0,0.0625,0,0.0625,0,0.3333,0,0,0,0,0,0.1,0,0.0909,0
"locus5618",0.2083,0.125,0.05,0,0,0.1667,0.0556,0.0455,0,0.35,0,0.2778,0,0.0417,0.0556,0.3333,0,0.0556,0,0.1667,0.05,0,0,0.0417
"locus5619",0.3333,0,0.15,0.0455,0,0,0.0556,0.3636,0.3125,0.15,0,0,0.125,0.2083,0.1111,0.1667,0.0625,0.3333,0,0.1111,0,0.1,0.1818,0.125
"locus5620",0,0.125,0,0,0,0.2917,0,0,0,0,0.0625,0.0556,0.0625,0.0417,0,0,0.125,0,0,0,0.05,0,0.0455,0
"locus5621",0.4167,0.1875,0.25,0.3636,0.0714,0.0833,0.2222,0.3636,0.4375,0.05,0.3125,0,0.375,0.3333,0.4444,0.5,0.3125,0.3333,0.25,0.5,0.25,0.25,0.3182,0.125
"locus5622",0,0,0,0,0.0714,0.0833,0,0,0.0625,0.05,0,0,0.0625,0.0417,0.1111,0,0,0,0.0833,0,0,0.05,0,0
"locus5623",0.125,0,0,0,0,0,0,0.1364,0,0.05,0,0,0.0625,0.0833,0.1667,0,0.0625,0,0,0,0.05,0.1,0.0455,0.125
"locus5624",0,0.0625,0.05,0,0.0714,0.2083,0,0,0.0625,0,0,0.1111,0.0625,0.0833,0,0,0.0625,0.1111,0.0833,0.0556,0,0,0.0909,0.0833
"locus5625",0.5,0,0.1,0.4091,0,0.125,0.0556,0.0455,0.0625,0,0.125,0,0.0625,0.0833,0.4444,0.1667,0.125,0.1667,0,0.3889,0.35,0.05,0.4091,0
"locus5626",0,0.125,0,0,0.0714,0.0417,0,0.0909,0,0,0,0,0,0.0417,0,0,0.0625,0,0,0,0.1,0.05,0,0
"locus5627",0.0417,0.4375,0.25,0,0.1429,0.2083,0.1667,0.1364,0,0.45,0.125,0.2222,0.125,0.0833,0,0,0.375,0.1111,0.0833,0.2778,0.05,0.1,0,0.1667
"locus5628",0,0,0.15,0,0,0,0,0.0455,0.0625,0,0,0,0.1875,0.125,0.1111,0,0.125,0.1111,0,0,0,0.05,0.0455,0.0417
"locus5629",0.1667,0.4375,0,0.3182,0.2143,0.4583,0.3889,0.2727,0.3125,0.4,0.1875,0.5,0.125,0.1667,0.4444,0.3333,0.3125,0.2222,0.1667,0.0556,0.35,0.05,0.2727,0.5
"locus5630",0.125,0,0,0,0.0714,0.0417,0.0556,0,0,0,0.0625,0.2222,0.0625,0,0.2222,0,0.0625,0,0.0833,0,0,0.05,0.0909,0
"locus5631",0.125,0.3125,0.3,0.3182,0.0714,0.25,0.2222,0.1818,0,0.15,0.0625,0,0.1875,0.2917,0,0.3333,0.25,0.1111,0.1667,0.0556,0.05,0.35,0.3182,0.1667
"locus5632",0.3333,0.5,0.45,0.4091,0.3571,0.4167,0.2222,0.3636,0.4375,0.2,0.375,0.3889,0.5,0.4583,0.3889,0.1667,0.4375,0.4444,0.5,0.1111,0.2,0.4,0.3636,0.4583
"locus5633",0.0833,0,0.1,0.1364,0,0.0417,0.1111,0.2273,0,0,0,0,0,0.25,0,0,0.1875,0,0.1667,0,0.05,0.15,0.1364,0
"locus5634",0.25,0.4375,0.3,0.2727,0.4286,0.2917,0.3889,0.2273,0.375,0.35,0.25,0.2778,0.375,0.4167,0.2778,0.5,0.3125,0.2222,0.3333,0.4444,0.35,0.35,0.4091,0.4167
"locus5635",0.125,0,0,0.2727,0,0,0.1111,0.0455,0,0,0,0.3333,0.1875,0.0417,0.2222,0.1667,0,0.0556,0.0833,0,0.05,0.1,0,0.125
"locus5636",0.1667,0,0,0.1364,0,0,0,0,0,0,0.125,0,0,0.0417,0.2222,0,0,0,0,0,0,0,0.0455,0
"locus5637",0.0417,0,0.15,0,0,0,0.1111,0.1364,0,0.1,0,0.0556,0.0625,0.2083,0,0,0.125,0.0556,0.0833,0,0.05,0.05,0.0909,0.1667
"locus5638",0.0833,0,0,0.2273,0.0714,0.0417,0.0556,0.0909,0.0625,0,0,0,0,0,0,0,0,0.2222,0,0,0.2,0.05,0,0.1667
"locus5639",0,0,0,0,0.1429,0.2917,0.0556,0,0,0.05,0,0,0.0625,0,0,0,0,0.0556,0,0,0,0,0.0455,0
"locus5640",0.375,0.3125,0.2,0.2727,0.2857,0.375,0.3889,0.4545,0.3125,0.2,0.1875,0.4444,0.4375,0.25,0.3889,0.3333,0.375,0.3333,0.25,0.4444,0.45,0.35,0.2273,0.4167
"locus5641",0.1667,0.125,0.05,0.5,0.0714,0.0833,0.1667,0.0455,0.0625,0,0.125,0,0.0625,0.0833,0.2778,0.1667,0.0625,0.2222,0.1667,0.3333,0.5,0.05,0.1818,0.0417
"locus5642",0,0,0,0,0,0,0.1111,0,0,0,0,0,0,0,0,0,0,0,0,0.0556,0.05,0,0,0.3333
"locus5643",0.0417,0.0625,0,0,0,0.0417,0,0,0.375,0.05,0,0.1667,0,0,0,0,0,0,0,0,0,0.05,0,0.0833
"locus5644",0.125,0.125,0.1,0.2273,0.4286,0.1667,0.4444,0.1364,0.0625,0,0.125,0.0556,0.125,0.0417,0.1111,0.1667,0.0625,0.1667,0.0833,0.2222,0,0.25,0.1364,0.2917
"locus5645",0,0,0,0,0,0,0.0556,0.0455,0,0,0,0,0,0.125,0.0556,0,0,0,0.0833,0,0,0.1,0.0455,0.0833
"locus5646",0.0417,0,0,0.1364,0,0,0.0556,0,0,0.05,0,0,0,0.125,0,0.1667,0,0,0,0,0,0.05,0.0909,0
"locus5647",0,0.0625,0,0,0,0.0833,0,0,0,0,0,0,0,0.125,0,0.1667,0,0,0,0,0,0.05,0.0455,0.0833
"locus5648",0,0.0625,0,0,0.2857,0.0417,0.2222,0,0,0.05,0.0625,0,0,0.0417,0,0,0.0625,0,0,0.1111,0,0.05,0.0455,0.0833
"locus5649",0,0,0,0,0.2143,0.0417,0,0,0.0625,0,0,0,0,0,0,0,0,0,0,0,0.05,0,0.2727,0.0833
"locus5650",0.2917,0.25,0.05,0.1364,0.1429,0.2083,0.0556,0,0,0.4,0,0.2222,0.0625,0.0417,0.3333,0,0.125,0.0556,0,0,0,0,0.0909,0
"locus5651",0.25,0.0625,0.1,0.3636,0,0.0417,0.1111,0.2727,0.0625,0,0.25,0,0,0.0833,0.3889,0.5,0.0625,0.2778,0.1667,0.4444,0.35,0.1,0.4545,0.0833
"locus5652",0.0417,0.25,0.15,0,0,0.125,0.1667,0.1364,0,0.3,0.0625,0.4444,0.1875,0.1667,0.2222,0,0,0,0,0,0,0.15,0.0455,0.125
"locus5653",0,0.0625,0,0,0,0,0,0,0,0,0,0.0556,0.0625,0,0.1111,0,0,0.0556,0,0,0.05,0.05,0.0909,0
"locus5654",0.375,0.375,0.15,0.3636,0,0,0.0556,0.4545,0.25,0.25,0.1875,0.3333,0.125,0,0.3889,0.3333,0.0625,0.4444,0,0.1667,0.4,0.15,0.2727,0.0417
"locus5655",0.125,0,0,0,0,0,0,0,0.0625,0.05,0,0,0,0,0.0556,0,0.0625,0.0556,0,0,0,0,0.2273,0
"locus5656",0.0833,0,0.05,0,0,0,0,0.0909,0.125,0.05,0.0625,0,0.0625,0.0833,0.2778,0,0,0.1111,0,0,0.15,0,0.0455,0
"locus5657",0.0417,0.125,0.15,0,0,0,0.0556,0.0455,0,0.05,0,0,0.125,0.0417,0,0,0.25,0.2222,0,0,0,0.15,0,0
"locus5658",0.375,0.375,0.4,0.4091,0.1429,0.4583,0.3333,0.3636,0.3125,0.1,0.5,0.4444,0.4375,0.4583,0.4444,0.3333,0.3125,0.2222,0.4167,0.3889,0.45,0.5,0.3636,0.3333
"locus5659",0.0833,0,0,0.2273,0.0714,0,0,0,0,0,0.125,0,0,0.0417,0.1111,0,0,0,0.0833,0,0.05,0,0,0
"locus5660",0.2083,0,0,0.2727,0,0,0,0,0,0,0,0,0,0.0417,0,0,0,0,0,0.0556,0.05,0,0,0
"locus5661",0,0.0625,0,0.0455,0,0,0,0.2273,0.0625,0,0.0625,0,0,0.0417,0.0556,0,0.0625,0.2778,0,0,0,0,0,0.0417
"locus5662",0,0.0625,0.05,0,0,0.0417,0.0556,0.1818,0.0625,0.1,0.0625,0,0,0.0417,0,0,0,0,0.0833,0,0,0.05,0,0.125
"locus5663",0,0,0.05,0.0455,0,0,0.1667,0.1818,0,0.05,0,0,0.25,0.0417,0.0556,0,0.125,0.2222,0,0,0,0.1,0.0455,0
"locus5664",0,0.125,0,0,0,0.0417,0.0556,0,0,0,0,0.1111,0,0,0.0556,0,0,0.1667,0,0,0,0,0,0
"locus5665",0.0417,0.0625,0,0.1818,0,0,0,0.0455,0,0.05,0.0625,0,0,0,0.0556,0,0.0625,0,0,0,0,0.2,0,0
"locus5666",0.2083,0.1875,0.15,0.1364,0.3571,0.1667,0.1667,0.0909,0.1875,0.1,0,0,0.125,0.2917,0,0.1667,0.0625,0.4444,0.1667,0,0.3,0.35,0.0909,0.1667
"locus5667",0.0417,0,0,0,0,0.1667,0,0.0455,0,0,0,0.0556,0,0,0.1111,0,0.125,0,0,0,0,0.1,0,0
"locus5668",0.25,0.0625,0.5,0.0455,0,0,0.2222,0.1818,0.1875,0.05,0.5,0,0.25,0.4583,0.3889,0,0.5,0.3889,0.3333,0.3889,0.25,0.45,0.2727,0
"locus5669",0,0,0.05,0,0,0,0,0,0,0,0,0,0,0.0833,0,0,0.0625,0,0,0,0,0.2,0,0.0833
"locus5670",0,0,0.05,0.1364,0.0714,0,0.1667,0.0909,0.0625,0.15,0.0625,0.0556,0,0.0833,0.0556,0,0.125,0,0,0.1111,0.05,0.1,0.0455,0.0417
"locus5671",0.0417,0.0625,0.2,0,0.0714,0,0.0556,0.0455,0.0625,0.1,0,0,0.0625,0.125,0.0556,0,0.1875,0,0,0.2222,0.05,0,0.1818,0.0833
"locus5672",0,0.125,0,0,0.0714,0.2917,0.2778,0,0,0.4,0.25,0.3889,0.1875,0.0417,0,0.1667,0,0.0556,0.25,0,0.05,0.1,0,0.25
"locus5673",0,0.1875,0.15,0.0909,0.2143,0.0417,0.0556,0.0909,0,0.15,0.0625,0.2778,0.0625,0.125,0.1111,0,0.0625,0,0.0833,0,0.05,0.2,0,0.25
"locus5674",0.3333,0,0.05,0.2727,0,0,0,0.0455,0,0,0,0,0.0625,0.125,0.0556,0,0,0.0556,0.1667,0.2222,0.1,0.1,0,0.0417
"locus5675",0.5,0.3125,0.35,0.3636,0,0.1667,0.3333,0.4545,0.5,0.05,0.375,0.0556,0.5,0.375,0.2222,0.5,0.3125,0.3889,0.3333,0.2222,0.4,0.45,0.2273,0.125
"locus5676",0.0833,0.0625,0.05,0.0455,0,0,0,0,0.0625,0,0,0,0,0.125,0.1111,0,0,0,0,0,0.05,0.1,0.0455,0
"locus5677",0.125,0,0,0.0455,0,0,0,0,0.1875,0,0,0,0,0,0.2222,0,0,0,0,0,0.05,0.05,0.0455,0
"locus5678",0.0833,0,0.35,0.1364,0,0.0833,0,0.4091,0,0.05,0,0,0.0625,0.4583,0,0.3333,0.375,0.1111,0.3333,0,0,0.3,0.0909,0
"locus5679",0.125,0,0,0.1364,0,0.0833,0.5,0.0455,0,0,0.0625,0,0.1875,0.0417,0.1111,0.1667,0.125,0.0556,0.5,0.2222,0.15,0.35,0.0455,0.2917
"locus5680",0,0,0.1,0,0,0.0833,0,0.0455,0.125,0,0.0625,0.1667,0,0.0833,0,0.1667,0.125,0,0,0,0.2,0,0.0455,0
"locus5681",0.1667,0,0.1,0.0455,0,0,0.3333,0.0909,0,0,0.125,0,0.125,0.125,0.1667,0,0,0.0556,0,0.3889,0.1,0.05,0.2273,0
"locus5682",0.0417,0,0,0.0909,0,0,0.0556,0.0455,0,0,0,0,0,0,0.1667,0.1667,0,0,0,0.2222,0.05,0,0,0
"locus5683",0.0417,0,0,0.0455,0,0,0.0556,0.0909,0.25,0,0.0625,0,0.0625,0.0417,0.1667,0,0,0,0,0,0,0.05,0.0455,0
"locus5684",0.1667,0.125,0,0,0.1429,0.0417,0.2222,0,0,0,0,0.0556,0,0.0833,0.0556,0,0,0,0,0.0556,0.05,0,0,0.0833
"locus5685",0.4583,0.0625,0.4,0.2273,0.3571,0.125,0.1667,0.2727,0.25,0.15,0.5,0.0556,0.4375,0.25,0.4444,0.3333,0.3125,0.4444,0.5,0.2778,0.4,0.15,0.3182,0.0417
"locus5686",0,0.0625,0,0,0.0714,0.0417,0,0,0,0.35,0,0.1667,0,0,0,0,0,0,0.0833,0,0,0,0.0455,0.0417
"locus5687",0.2083,0.1875,0.3,0.5,0,0.125,0.0556,0.4545,0.4375,0.15,0.375,0,0.3125,0.4167,0.4444,0.5,0.375,0.3889,0,0.3889,0.4,0.4,0.4091,0.2083
"locus5688",0,0.125,0.05,0,0,0.0833,0.1667,0.0455,0.25,0,0,0,0,0.0417,0,0,0.0625,0,0.0833,0,0,0,0,0.0833
"locus5689",0.0417,0,0.05,0,0,0.0417,0,0.0455,0,0,0.125,0,0.125,0.0417,0,0,0.0625,0.1667,0,0,0,0.1,0,0.0417
"locus5690",0.3333,0.4375,0.45,0.5,0.2857,0.4583,0.4444,0.4091,0.4375,0.4,0.375,0.4444,0.4375,0.375,0.1667,0.3333,0.375,0.3889,0.4167,0.4444,0.4,0.5,0.5,0.375
"locus5691",0,0.125,0.25,0.1818,0.2143,0.0417,0.1111,0.1818,0.125,0.1,0,0.0556,0.125,0.0833,0,0.3333,0.1875,0,0,0,0.1,0.15,0,0.2083
"locus5692",0,0.125,0.05,0,0.1429,0.25,0.1667,0,0,0.2,0.0625,0.1667,0,0.0417,0,0,0.0625,0,0.3333,0.0556,0,0,0.0909,0.3333
"locus5693",0,0.1875,0,0.0455,0,0.0417,0.0556,0,0,0.1,0.1875,0,0.0625,0,0,0,0,0,0,0,0,0,0.0909,0.25
"locus5694",0.2083,0.0625,0,0.2273,0.0714,0.125,0.1111,0,0.375,0.4,0.25,0.3889,0.1875,0.125,0.0556,0.1667,0,0,0.0833,0,0.1,0.1,0,0.125
"locus5695",0.1667,0.5,0.2,0.2727,0.4286,0.4167,0.2778,0.1818,0.25,0.1,0.4375,0.2222,0.3125,0.0833,0.3889,0.1667,0.1875,0.1667,0.5,0.2778,0.45,0.25,0.2273,0.2917
"locus5696",0,0,0.05,0.0455,0,0.0417,0,0.0455,0,0,0,0,0,0.125,0,0,0.0625,0,0.25,0,0,0.05,0,0
"locus5697",0,0,0,0,0,0,0,0,0,0,0,0,0,0,0,0,0,0,0,0.1111,0,0,0.3636,0
"locus5698",0.4583,0.5,0.05,0.3636,0.5,0.2083,0.3333,0.2273,0.4375,0.2,0.4375,0.2222,0.3125,0.125,0.3889,0.3333,0.4375,0.3889,0.4167,0.3889,0.3,0.3,0.3636,0.4167
"locus5699",0,0.0625,0,0.5,0,0.0833,0,0,0.125,0.4,0.125,0.5,0,0,0,0.3333,0,0.2222,0,0.4444,0.1,0,0,0
"locus5700",0.4583,0.375,0.4,0.4545,0.3571,0.3333,0.3333,0.4091,0.25,0.25,0.3125,0.3889,0.3125,0.2917,0.5,0.3333,0.5,0.3333,0.5,0.2778,0.5,0.5,0.1818,0.25
"locus5701",0.2083,0.4375,0.25,0.4545,0,0,0.1667,0,0.3125,0.05,0.25,0.0556,0.25,0.4167,0.2778,0.1667,0.4375,0.1667,0.1667,0.3333,0.35,0.4,0.5,0
"locus5702",0,0.1875,0.05,0,0,0.0833,0.2222,0.0909,0.0625,0,0,0.1111,0.0625,0,0,0,0,0.0556,0,0,0.05,0,0.0455,0
"locus5703",0.5,0.125,0.1,0.3182,0,0.125,0.0556,0.3182,0.25,0,0.1875,0.2222,0.25,0.25,0.3333,0.3333,0.0625,0.2778,0.1667,0.3333,0.35,0.4,0.1818,0.125
"locus5704",0.125,0,0,0.2273,0,0,0,0,0,0.05,0,0,0,0,0,0.1667,0,0,0,0.0556,0.1,0.05,0,0
"locus5705",0.0417,0.0625,0,0,0,0,0,0.0455,0,0.25,0,0.2222,0,0,0,0,0,0.0556,0,0,0,0.05,0.0455,0.0417
"locus5706",0,0.25,0,0,0,0.0417,0,0,0.25,0,0,0.0556,0,0,0,0,0.0625,0,0.4167,0,0.05,0.05,0,0
"locus5707",0.0833,0.4375,0.35,0.0455,0.2857,0.1667,0.3889,0.3182,0.375,0.3,0.1875,0.3333,0.5,0.2917,0.0556,0.3333,0.375,0.1111,0.25,0.1111,0.2,0.25,0.1364,0.2083
"locus5708",0.0833,0.0625,0.05,0,0,0.0417,0,0.2273,0,0,0.0625,0.0556,0,0,0.0556,0,0.125,0.1111,0,0,0.05,0.1,0,0
"locus5709",0.125,0.0625,0,0.0909,0,0,0,0,0,0,0,0,0.125,0,0,0,0,0.0556,0,0.1111,0.45,0.1,0,0
"locus5710",0,0.0625,0,0,0.0714,0.0417,0,0.1364,0,0.1,0,0.0556,0.0625,0.0833,0,0,0,0,0.1667,0,0,0.1,0.0455,0
"locus5711",0,0,0.25,0,0,0,0,0.1364,0,0.05,0,0,0.0625,0,0,0,0.125,0.0556,0,0,0,0,0.0455,0
"locus5712",0,0,0,0,0.0714,0.0417,0.1667,0,0,0.25,0,0,0,0,0,0,0,0,0.0833,0,0,0.05,0,0.125
"locus5713",0.0833,0,0,0,0.2143,0.125,0.1667,0,0,0.1,0,0,0,0.125,0.0556,0,0,0,0.0833,0,0.05,0,0.0455,0.0417
"locus5714",0.5,0.0625,0.5,0.1364,0,0.0417,0.5,0.4091,0.3125,0.05,0.5,0.0556,0.4375,0.4583,0.4444,0.5,0.4375,0.3333,0.5,0.3889,0.1,0.4,0.2273,0.1667
"locus5715",0.125,0,0.15,0.0909,0,0.0417,0,0.1364,0,0.05,0.0625,0,0.0625,0.1667,0,0,0.0625,0.0556,0.25,0,0,0.1,0,0
"locus5716",0.3333,0.0625,0.05,0.1364,0,0.2917,0.1667,0.1364,0.25,0.35,0,0.3333,0.125,0.125,0.2778,0.1667,0.125,0.1667,0.0833,0.1111,0.4,0.1,0.4091,0
"locus5717",0.2917,0.25,0.3,0.0909,0.4286,0.2917,0.4444,0.3182,0.375,0.05,0.3125,0,0.4375,0.4583,0.1667,0.3333,0.5,0.3889,0.5,0.2778,0.3,0.35,0.4545,0.4167
"locus5718",0.2917,0.25,0.1,0.1364,0.1429,0.0833,0.0556,0.2727,0.3125,0.05,0.25,0.1111,0.125,0.125,0.2778,0.3333,0.3125,0.3333,0,0.2222,0.2,0.3,0.1364,0.0417
"locus5719",0.3333,0.4375,0.5,0.3182,0.2143,0.2083,0.3333,0.2273,0.125,0.1,0.3125,0.1667,0.4375,0.375,0.2778,0.1667,0.3125,0.4444,0.25,0.1667,0.45,0.25,0.2727,0.125
"locus5720",0.125,0.4375,0.4,0.1364,0.3571,0.4167,0.3333,0.5,0.3125,0.45,0.3125,0.2222,0.3125,0.375,0.1667,0.1667,0.4375,0.1667,0.4167,0.0556,0.1,0.45,0.4091,0.4583
"locus5721",0.125,0.4375,0.15,0.2273,0,0.375,0.3333,0.1364,0.25,0.35,0.125,0.2222,0.0625,0.2083,0,0.3333,0.25,0,0.25,0.0556,0.1,0.1,0.0455,0.2083
"locus5722",0.25,0,0.1,0.0909,0,0,0.0556,0.0455,0,0,0,0,0,0.0417,0,0,0,0,0,0,0.05,0.1,0,0
"locus5723",0.3333,0.0625,0,0.3636,0,0,0,0,0,0.05,0.125,0,0,0.0417,0.3889,0,0,0.1667,0.0833,0.1667,0.2,0.05,0.2727,0.1667
"locus5724",0.3333,0.1875,0.05,0.0455,0.0714,0.125,0.0556,0.0909,0,0,0.1875,0.1111,0.0625,0.0417,0.0556,0.1667,0,0.1111,0,0.1111,0.25,0.15,0.1364,0.0417
"locus5725",0,0.3125,0.3,0.1818,0.3571,0.125,0,0.3636,0,0.3,0.125,0.1667,0.125,0.3333,0.2222,0.1667,0.375,0.1111,0.3333,0.0556,0,0.25,0.1364,0.0417
"locus5726",0.0417,0,0.05,0.0909,0,0,0,0,0,0,0,0,0,0,0,0.3333,0.0625,0.1111,0,0,0,0.35,0,0
"locus5727",0.4583,0.3125,0.35,0.4091,0.2857,0.25,0.3333,0.3636,0.3125,0.5,0.1875,0.2778,0.3125,0.25,0.3333,0,0.1875,0.1111,0.4167,0.3889,0.3,0.4,0.3636,0.3333
"locus5728",0.25,0.125,0.05,0.1364,0.1429,0.2917,0.2778,0.0455,0.25,0.3,0.1875,0,0.3125,0,0.2222,0.3333,0,0.0556,0.25,0.0556,0.3,0.1,0.0455,0.0833
"locus5729",0.25,0.4375,0.4,0.3182,0.4286,0.375,0.4444,0.2273,0.4375,0.4,0.3125,0.2778,0.3125,0.4167,0.4444,0.5,0.375,0.1111,0.5,0.3889,0.45,0.2,0.3182,0.3333
"locus5730",0,0,0,0,0,0.0417,0.0556,0.0455,0.0625,0.05,0,0,0,0,0,0,0,0,0,0,0,0.05,0.2727,0
"locus5731",0.3333,0.1875,0.3,0.0909,0,0.25,0.1111,0.1818,0.1875,0.2,0.1875,0.3889,0.25,0.125,0.0556,0.3333,0.125,0.0556,0.0833,0.0556,0.15,0.05,0,0.0833
"locus5732",0.0417,0.1875,0.05,0.1364,0.1429,0.0833,0.2222,0.1364,0.0625,0.5,0.125,0.3889,0.3125,0.125,0,0.5,0.125,0,0.3333,0.0556,0.25,0.3,0.0909,0.0833
"locus5733",0.4167,0.1875,0.05,0.4545,0.3571,0.25,0.3889,0.2273,0.1875,0,0.4375,0.1667,0.375,0.125,0.4444,0.5,0.125,0.1111,0.5,0.5,0.45,0.4,0.3636,0.4583
"locus5734",0.0833,0.0625,0.05,0,0,0,0,0.1364,0,0,0,0,0.0625,0,0,0.1667,0,0.1111,0,0,0,0,0,0
"locus5735",0.0833,0,0,0.1818,0,0,0,0.0909,0,0,0.0625,0,0.125,0,0,0,0,0.0556,0,0.0556,0.4,0.15,0,0.0417
"locus5736",0,0,0.05,0,0.0714,0,0.0556,0,0,0,0,0,0.0625,0.0417,0,0,0,0.2222,0,0,0.1,0,0.0455,0
"locus5737",0.1667,0.375,0.3,0.4545,0.3571,0.375,0.3889,0.3182,0.3125,0.4,0.5,0.4444,0.1875,0.2917,0.2222,0.1667,0.3125,0.3333,0.3333,0.2778,0.15,0.4,0.3636,0.3333
"locus5738",0.25,0.125,0.3,0.2273,0.0714,0.0833,0.1667,0.4091,0.1875,0.15,0.4375,0,0.4375,0.2083,0.5,0.3333,0.375,0.3889,0.5,0.2222,0.5,0.45,0.3182,0.0833
"locus5739",0.0417,0.0625,0.05,0.0455,0.0714,0.0417,0.0556,0.0909,0,0,0.0625,0,0.125,0.0417,0,0,0,0.0556,0,0,0.05,0,0,0.1667
"locus5740",0,0.0625,0.05,0,0.0714,0,0,0,0,0.1,0,0,0,0.0417,0.1667,0,0.0625,0,0,0,0,0.1,0,0.0417
"locus5741",0.125,0,0,0.0455,0,0,0.0556,0,0.0625,0,0,0,0,0,0,0,0.0625,0.1111,0,0,0,0.05,0.2727,0
"locus5742",0.1667,0,0.15,0.1818,0,0.0417,0.1667,0.0909,0,0,0.0625,0,0.1875,0.125,0.1111,0,0.1875,0.0556,0,0.3333,0.05,0.15,0.0455,0.125
"locus5743",0.0833,0.0625,0.3,0.0909,0.1429,0.0417,0.1111,0.1364,0,0.05,0.1875,0,0.125,0.3333,0,0.1667,0.0625,0.1667,0.4167,0.0556,0,0.1,0.0909,0.0417
"locus5744",0.375,0.0625,0.1,0.3182,0.1429,0.125,0.0556,0.0455,0.25,0.05,0.125,0.2222,0,0.125,0.0556,0.1667,0,0.2778,0.0833,0.3889,0.5,0.25,0.3636,0
"locus5745",0,0,0.05,0,0.0714,0.0833,0,0,0,0,0,0.0556,0,0.2083,0,0,0,0,0,0.0556,0,0,0.1364,0
"locus5746",0.3333,0.5,0.45,0.3636,0.3571,0.4583,0.5,0.4091,0.5,0.4,0.5,0.5,0.3125,0.375,0.3889,0.5,0.5,0.3889,0.4167,0.4444,0.45,0.4,0.2273,0.375
"locus5747",0,0,0,0,0.3571,0.1667,0.0556,0,0,0,0,0,0,0.0417,0,0,0.0625,0,0,0,0.1,0,0.2273,0.1667
"locus5748",0.1667,0,0.1,0,0,0,0.1667,0.3182,0.1875,0.1,0,0,0.1875,0,0,0,0.125,0.3333,0,0,0.05,0.15,0.0455,0
"locus5749",0.4167,0.5,0.45,0.4091,0.3571,0.4583,0.1667,0.5,0.375,0.4,0.375,0.3889,0.4375,0.4167,0.4444,0.3333,0.3125,0.3333,0.4167,0.4444,0.4,0.5,0.5,0.4167
"locus5750",0,0.0625,0.1,0.0455,0,0,0,0.2727,0,0.05,0,0,0,0.0417,0,0,0.125,0.0556,0,0,0,0,0,0.0417
"locus5751",0.4583,0.5,0.5,0.4091,0.3571,0.4167,0.3333,0.4091,0.5,0.45,0.4375,0.3889,0.4375,0.5,0.1667,0.5,0.4375,0.2222,0.3333,0.2222,0.45,0.45,0.4091,0.2917
"locus5752",0,0,0.1,0,0,0.0833,0.0556,0,0.125,0.1,0,0,0.0625,0.125,0.2222,0.1667,0,0.3333,0,0.0556,0,0,0.0455,0.0417
"locus5753",0.0417,0.0625,0,0.0909,0,0,0,0.0455,0.0625,0,0.0625,0,0.25,0,0.0556,0.1667,0.0625,0.2778,0.0833,0,0,0,0.0909,0
"locus5754",0.2083,0,0.15,0,0,0,0.0556,0.0455,0.125,0.05,0,0,0,0.0833,0.0556,0.1667,0.1875,0.3333,0.0833,0.0556,0.1,0.05,0.1818,0
"locus5755",0.3333,0.25,0.35,0.3636,0.3571,0.25,0.4444,0.2273,0.3125,0.3,0.4375,0.4444,0.375,0.2083,0.4444,0.3333,0.25,0.2222,0.4167,0.1667,0.4,0.5,0.4545,0.375
"locus5756",0,0,0.25,0,0,0,0.0556,0.1364,0,0,0,0,0.0625,0.0833,0,0,0.125,0,0,0,0,0,0,0
"locus5757",0.1667,0.3125,0.05,0.0455,0.5,0.125,0.3333,0.3636,0.4375,0.1,0.4375,0,0.375,0.2917,0,0.1667,0.25,0.0556,0.4167,0.4444,0.15,0.35,0.2273,0.4583
"locus5758",0.0833,0,0.1,0,0.0714,0.125,0.1111,0.2727,0.25,0.15,0.0625,0.2778,0.1875,0.1667,0.1667,0.1667,0,0.2222,0.25,0.0556,0.25,0.2,0.0909,0.25
"locus5759",0.2917,0,0.3,0.3636,0,0.0833,0.3333,0.3636,0.3125,0.1,0.25,0,0.3125,0.3333,0.5,0.1667,0.375,0.4444,0.3333,0.4444,0.45,0.1,0.3182,0.0417
"locus5760",0,0.0625,0.1,0,0.0714,0,0.1111,0,0,0.05,0.0625,0,0,0.0833,0,0,0.0625,0.0556,0.1667,0,0,0,0.1364,0.0833
"locus5761",0.125,0.1875,0.3,0.2273,0.0714,0.1667,0.1667,0.0909,0,0.1,0.125,0.0556,0.0625,0.0833,0.0556,0,0.0625,0.3333,0,0.0556,0,0.25,0.0455,0.0833
"locus5762",0.125,0,0,0.0455,0.1429,0.25,0.0556,0.0455,0.0625,0,0.0625,0,0,0,0,0,0.0625,0,0,0.0556,0.05,0.05,0,0.1667
"locus5763",0.0417,0.25,0.15,0.0455,0,0.25,0.1111,0.0909,0.125,0.05,0.1875,0.0556,0.375,0.2083,0.1111,0,0.1875,0.1667,0.0833,0,0.3,0.25,0.0455,0.0417
"locus5764",0.125,0,0.05,0,0,0.0417,0,0.1818,0,0,0,0,0,0,0.1111,0,0,0.1111,0.0833,0,0.15,0,0,0.0417
"locus5765",0.375,0,0.45,0.1364,0.0714,0.0417,0.1667,0.4091,0,0.1,0.125,0,0.4375,0.25,0.4444,0.5,0.375,0.1667,0.3333,0.1111,0.45,0.5,0.3636,0.25
"locus5766",0,0,0,0,0.0714,0.0417,0.2222,0,0.0625,0,0,0,0,0,0,0,0.0625,0.0556,0,0.0556,0,0.2,0.0909,0.2083
"locus5767",0.125,0,0,0.1364,0,0,0,0,0,0.05,0,0,0,0.0417,0.0556,0,0,0.0556,0,0.0556,0.1,0,0,0
"locus5768",0.0417,0,0.15,0,0,0,0,0,0.125,0,0,0,0.0625,0.0417,0,0,0,0,0,0.0556,0,0,0.0455,0
"locus5769",0.0833,0,0.1,0.1818,0.2143,0.0417,0.1667,0,0,0.05,0,0,0.0625,0.125,0.0556,0,0.125,0,0.0833,0.1111,0,0.15,0.1364,0.125
"locus5770",0.1667,0,0.15,0.2727,0,0,0,0.1364,0.125,0.05,0,0,0,0.125,0,0,0.25,0.1111,0,0.0556,0.1,0.05,0.1364,0.0417
"locus5771",0.2083,0,0.25,0.0455,0,0,0.0556,0.2727,0,0,0.125,0,0.0625,0.3333,0.2778,0.1667,0.375,0.1111,0,0.2778,0.05,0.3,0.4091,0
"locus5772",0.125,0.4375,0.1,0.2727,0.4286,0.3333,0.3889,0.0455,0.1875,0.2,0,0.4444,0.1875,0.125,0.0556,0,0.3125,0.1667,0.3333,0.2222,0,0.1,0,0.25
"locus5773",0.0417,0.0625,0.25,0.1818,0,0.0833,0,0.1364,0,0,0,0,0,0.1667,0,0,0.0625,0.1667,0.25,0.3889,0,0.1,0.0455,0.0833
"locus5774",0.2083,0,0.05,0,0,0,0.0556,0.0455,0.0625,0,0.0625,0,0.0625,0,0.0556,0,0,0.1667,0,0,0,0,0.0455,0
"locus5775",0.0417,0.375,0.35,0.1818,0.4286,0.2917,0.3889,0.3182,0.25,0.5,0.25,0.3889,0.4375,0.3333,0,0.3333,0.375,0.4444,0.4167,0.1111,0,0.5,0.3182,0.4583
"locus5776",0,0,0.25,0.0455,0,0.0417,0.0556,0.0455,0,0,0.125,0,0.0625,0,0,0,0,0,0.0833,0.0556,0,0.05,0,0.0833
"locus5777",0.0417,0,0.05,0,0,0,0,0.2727,0,0,0,0,0.0625,0.1667,0.0556,0,0,0.0556,0.0833,0.0556,0.05,0.05,0,0
"locus5778",0,0,0,0,0,0,0.1667,0,0,0,0,0,0.125,0.0417,0,0,0.125,0,0.25,0,0,0,0,0.1667
"locus5779",0.1667,0,0.15,0.1818,0.0714,0,0.1111,0.0455,0.125,0.05,0.1875,0,0.0625,0.1667,0.1667,0.1667,0.125,0.1667,0,0.2222,0.15,0.35,0.0455,0.375
"locus5780",0,0.3125,0.1,0.0909,0.1429,0.125,0.1111,0,0,0.1,0,0.3333,0.125,0,0,0,0.0625,0,0.0833,0.0556,0,0,0.0455,0.0417
"locus5781",0.0417,0,0,0,0,0,0,0,0,0,0.0625,0,0,0.0417,0,0,0.1875,0,0,0.0556,0.05,0.1,0.0455,0.0417
"locus5782",0.0833,0.0625,0.1,0.0455,0,0,0,0.0909,0.0625,0.05,0,0,0.0625,0.0833,0,0,0,0,0,0.3333,0,0.15,0.0455,0
"locus5783",0,0,0.1,0,0,0.0417,0,0,0,0.05,0,0,0.125,0.0417,0,0,0,0,0.25,0,0.05,0.15,0,0
"locus5784",0.1667,0.1875,0.2,0.1364,0.5,0.0833,0.1111,0.0909,0.375,0.05,0.0625,0.1111,0.0625,0.125,0,0,0.0625,0.3889,0,0.1111,0.25,0.1,0.1364,0.2917
"locus5785",0.0417,0,0.25,0,0.0714,0.125,0,0.0455,0,0,0.0625,0,0,0,0,0,0,0,0.0833,0.0556,0.05,0.2,0.0455,0
"locus5786",0,0.125,0,0.0909,0,0,0,0.0455,0,0.05,0,0,0.0625,0,0,0,0,0,0,0,0.1,0,0,0.0833
"locus5787",0.3333,0.4375,0.45,0.3636,0.3571,0.4583,0.4444,0.3182,0.375,0.4,0.4375,0.5,0.375,0.375,0.2778,0.5,0.4375,0.2778,0.4167,0.2222,0.35,0.45,0.1364,0.4583
"locus5788",0.125,0,0,0.0909,0,0,0.0556,0,0,0,0,0,0.0625,0,0.1667,0.1667,0.0625,0.0556,0.0833,0,0.3,0,0.2273,0
"locus5789",0,0.125,0.1,0.0455,0,0.0833,0.0556,0,0.0625,0.1,0.0625,0.1111,0,0.125,0.0556,0,0,0,0.0833,0,0,0.1,0,0
"locus5790",0.5,0.4375,0.4,0.4545,0.4286,0.2917,0.3889,0.3182,0.125,0.5,0.5,0.3889,0.4375,0.4583,0.2778,0.1667,0.3125,0.3889,0.4167,0.1667,0.4,0.45,0.3182,0.5
"locus5791",0,0,0.05,0,0.0714,0.125,0.0556,0,0.125,0.05,0,0,0,0.0417,0,0,0,0,0,0,0,0,0.0455,0
"locus5792",0.4583,0.125,0.3,0.3182,0,0.0833,0.1111,0.3182,0.5,0.15,0.1875,0.0556,0.375,0.4583,0.1667,0.3333,0.375,0.1111,0.0833,0.3333,0.4,0.25,0.4545,0
"locus5793",0,0.3125,0,0,0.5,0.375,0.2778,0,0.0625,0,0,0.3889,0.0625,0.2917,0,0,0.125,0.1111,0.25,0,0,0.05,0.1364,0.2917
"locus5794",0.125,0.0625,0,0,0.0714,0,0.1111,0.0909,0.0625,0,0,0,0.0625,0.0833,0,0,0.0625,0.3333,0,0,0.15,0,0.1364,0
"locus5795",0.125,0.0625,0.05,0.1364,0.2857,0.375,0,0.0909,0.125,0.5,0.125,0.3889,0,0.0417,0.1111,0,0.125,0.0556,0,0.0556,0,0,0.0455,0.125
"locus5796",0,0.0625,0.05,0.0909,0,0,0,0,0,0,0.0625,0,0,0.0417,0.0556,0,0,0,0.1667,0.0556,0.05,0.15,0,0
"locus5797",0,0,0.1,0,0,0.0417,0.1111,0,0,0,0,0,0,0.0417,0,0,0.0625,0.0556,0,0,0.05,0,0,0.0417
"locus5798",0,0.125,0.1,0,0.0714,0.0417,0,0,0.0625,0.05,0,0,0,0.0417,0,0,0,0,0.0833,0,0,0.05,0,0
"locus5799",0.4167,0.5,0.4,0.3182,0.2143,0.4583,0.4444,0.4091,0.375,0.4,0.4375,0.3889,0.5,0.5,0.4444,0.3333,0.5,0.5,0.4167,0.5,0.4,0.5,0.5,0.4583
"locus5800",0.125,0.0625,0,0.0909,0.0714,0.0833,0.2778,0.1364,0.125,0,0.125,0.0556,0.0625,0.1667,0,0.1667,0.0625,0.1111,0.25,0.2222,0.05,0,0.1364,0.0833
"locus5801",0,0.0625,0,0.0909,0,0.125,0.1111,0,0,0,0,0.1111,0,0,0,0,0,0,0,0,0,0,0.0455,0.0417
"locus5802",0,0.0625,0,0,0,0,0,0,0,0.15,0.0625,0.3333,0,0.0417,0,0,0,0,0,0,0,0,0,0
"locus5803",0,0,0.1,0,0,0,0.0556,0,0.0625,0,0.125,0,0,0.0417,0,0,0.0625,0,0.0833,0,0,0.25,0,0.1667
"locus5804",0.25,0,0.15,0.5,0.0714,0.0417,0,0.2727,0,0.15,0.0625,0.0556,0.0625,0.1667,0.2778,0.5,0,0.1111,0.25,0.2778,0.2,0.2,0.1364,0
"locus5805",0,0,0.05,0.0455,0,0,0.0556,0,0,0.05,0.125,0,0.0625,0.3333,0,0,0.125,0,0,0,0,0.15,0.0909,0
"locus5806",0.125,0.3125,0,0,0.3571,0.3333,0.1111,0,0,0.3,0.125,0.4444,0,0,0.2222,0,0.0625,0,0,0.4444,0.25,0.1,0,0
"locus5807",0,0.25,0,0,0.1429,0.2917,0.1111,0.0909,0,0.25,0.0625,0.4444,0,0,0,0,0.1875,0.2222,0.0833,0.0556,0.1,0.1,0.0455,0.2083
"locus5808",0,0,0,0,0,0,0,0,0,0,0,0.0556,0,0,0,0.1667,0,0,0,0.4444,0.05,0,0,0
"locus5809",0,0,0.05,0,0,0,0,0,0,0,0,0,0,0.1667,0,0,0.0625,0,0.1667,0,0,0.1,0.0455,0
"locus5810",0,0,0.05,0,0,0,0.2222,0,0,0,0,0,0,0.2083,0,0,0.125,0,0,0,0.1,0.05,0.2273,0.25
"locus5811",0.125,0.125,0.15,0.0455,0,0,0.1111,0.1364,0.25,0.05,0,0,0.3125,0.3333,0.2222,0.1667,0.25,0.2222,0.1667,0.2778,0.05,0.2,0.1364,0.0833
"locus5812",0,0.4375,0.25,0.0909,0.2143,0.4583,0.3333,0.0455,0.0625,0.45,0.4375,0.4444,0.1875,0.125,0,0.1667,0.0625,0,0.25,0.0556,0.1,0.2,0.1818,0.4167
"locus5813",0.3333,0,0.15,0.0909,0,0.0417,0.0556,0,0.125,0.05,0.25,0.1111,0.0625,0.1667,0.3889,0,0,0.1111,0,0.4444,0.1,0.05,0.3636,0
"locus5814",0,0,0,0.0455,0.0714,0,0.1111,0,0,0,0.0625,0,0,0,0,0,0,0,0,0,0,0.05,0,0.4583
"locus5815",0.2083,0,0.05,0.0455,0,0,0.0556,0.0909,0,0.05,0.0625,0,0.0625,0.0417,0.1667,0.1667,0.0625,0,0.0833,0.3889,0,0,0.0909,0.0833
"locus5816",0.0833,0,0,0.0455,0,0,0,0.0455,0,0,0.0625,0,0.125,0.0833,0,0,0,0,0.0833,0.0556,0.05,0.05,0,0
"locus5817",0.0417,0,0.05,0.2727,0,0,0,0,0,0,0,0,0.125,0.0417,0.1667,0,0,0,0,0.0556,0,0,0,0.0833
"locus5818",0.25,0,0.05,0,0,0.0417,0,0,0,0,0,0,0,0,0.1667,0,0.125,0,0,0.1111,0.1,0.05,0.0455,0
"locus5819",0.2917,0.125,0.3,0.1364,0.0714,0.2083,0.2778,0.2273,0.25,0.1,0.375,0.0556,0.3125,0.2917,0.2222,0.3333,0.125,0.2778,0.25,0,0.35,0.25,0.3182,0.125
"locus5820",0.125,0.1875,0.15,0.0455,0.4286,0.3333,0,0.0909,0.1875,0.35,0.125,0.2778,0.125,0.125,0.2222,0.1667,0,0.0556,0.4167,0,0.2,0.05,0.1818,0.0417
"locus5821",0.3333,0.5,0.45,0.5,0.2143,0.3333,0.3333,0.4545,0.375,0.3,0.3125,0.2778,0.4375,0.5,0.2778,0.3333,0.4375,0.5,0.3333,0.2778,0.35,0.3,0.2727,0.375
"locus5822",0,0,0,0,0.2857,0.125,0,0,0,0,0,0,0,0.125,0,0,0.125,0.0556,0,0.0556,0,0,0,0.125
"locus5823",0.0417,0,0,0,0.1429,0.0417,0.0556,0.0455,0,0,0,0,0,0,0.0556,0,0,0,0,0,0.05,0,0.0909,0.125
"locus5824",0.125,0.125,0.05,0.2273,0,0.125,0.1111,0.0455,0,0.15,0,0.1667,0.25,0.0417,0.0556,0.1667,0.1875,0.0556,0.0833,0,0.05,0,0,0.0417
"locus5825",0.2917,0.3125,0.25,0.2273,0.0714,0.2917,0.3333,0.4091,0.5,0.2,0.125,0.0556,0.4375,0.375,0.3889,0.3333,0.4375,0.3889,0.3333,0.2222,0.2,0.35,0.1364,0.25
"locus5826",0.4167,0.4375,0.45,0.3636,0.5,0.2083,0.3889,0.4545,0.3125,0.45,0.25,0.4444,0.375,0.3333,0.5,0.5,0.4375,0.2778,0.3333,0.3333,0.25,0.35,0.3636,0.2083
"locus5827",0,0.4375,0,0,0.0714,0.5,0.0556,0,0,0.35,0.0625,0.4444,0.3125,0,0.0556,0,0,0.2222,0,0,0.05,0,0.0909,0
"locus5828",0,0.25,0.05,0,0,0.0417,0.0556,0.0909,0.0625,0,0,0,0.0625,0.0833,0.2778,0,0.0625,0,0,0,0.05,0.05,0,0
"locus5829",0,0,0.2,0.0455,0,0,0.0556,0,0,0.05,0,0.1111,0.1875,0.0833,0,0,0.1875,0,0,0,0,0,0,0
"locus5830",0,0,0,0,0,0,0,0,0,0.05,0.0625,0,0.0625,0,0,0,0,0,0,0,0,0,0.3182,0
"locus5831",0.1667,0,0.05,0,0,0,0.0556,0,0,0.05,0,0.0556,0.0625,0.0417,0,0,0,0,0.0833,0,0.15,0.05,0,0
"locus5832",0.0417,0.0625,0.2,0.0455,0,0.125,0.1667,0.0455,0.125,0.25,0.0625,0,0.25,0.3333,0.0556,0,0.4375,0.0556,0.0833,0.0556,0.05,0.2,0.0909,0.0417
"locus5833",0.0833,0,0.1,0.0909,0.0714,0.125,0,0.0455,0,0.1,0,0.1111,0,0,0,0.1667,0.0625,0.0556,0.0833,0,0,0.05,0.0909,0.125
"locus5834",0,0.0625,0.05,0,0.2857,0.0417,0.4444,0,0,0.05,0.0625,0.0556,0.125,0.0417,0,0,0,0,0.4167,0.0556,0,0,0,0.375
"locus5835",0.1667,0.0625,0,0.0455,0,0.0417,0.0556,0,0.0625,0.1,0.125,0,0,0.0417,0,0,0,0,0.1667,0.3889,0.1,0,0,0.0833
"locus5836",0,0,0,0,0.0714,0,0.1111,0,0,0,0,0,0,0,0,0,0,0,0,0,0,0,0.1364,0.2917
"locus5837",0.125,0,0,0.2727,0,0,0,0,0,0,0,0,0,0,0,0,0,0,0,0.2222,0.05,0,0.0455,0
"locus5838",0.0833,0.125,0,0,0,0.125,0.1667,0.1818,0.375,0.15,0.0625,0.3889,0.3125,0.125,0.1667,0,0.0625,0,0.1667,0.2778,0.15,0.2,0,0.1667
"locus5839",0.0417,0,0,0,0,0.0833,0,0.0909,0,0,0.1875,0,0,0.0417,0,0,0,0,0.0833,0,0,0.05,0,0.0417
"locus5840",0.0833,0,0.15,0,0,0,0,0.0455,0,0,0,0,0.1875,0.1667,0.1111,0,0,0,0,0,0,0.15,0,0
"locus5841",0.3333,0.0625,0,0,0,0.0417,0,0,0,0,0,0,0,0,0,0,0,0,0,0.0556,0.15,0,0,0
"locus5842",0,0.125,0,0,0,0,0,0.0455,0,0.3,0,0.1111,0,0,0,0,0,0,0.1667,0,0,0,0.0455,0.0417
"locus5843",0.0417,0,0,0,0,0.0417,0,0,0,0,0,0,0,0.0833,0,0.1667,0.0625,0,0,0,0,0,0.1818,0.0833
"locus5844",0,0.0625,0.3,0,0.0714,0.0417,0.1111,0.0455,0,0,0,0,0,0.0417,0,0,0,0,0.0833,0,0,0.05,0,0.125
"locus5845",0.25,0.1875,0.5,0.3636,0.2857,0.0417,0.3333,0.4545,0.375,0.2,0.4375,0.1667,0.375,0.375,0.1667,0.1667,0.375,0.4444,0.3333,0.1111,0.4,0.4,0.4545,0.2917
"locus5846",0.4583,0.4375,0.45,0.4091,0.4286,0.375,0.4444,0.3636,0.5,0.4,0.375,0.3333,0.3125,0.375,0.2778,0.1667,0.5,0.3333,0.4167,0.4444,0.45,0.45,0.4545,0.5
"locus5847",0.1667,0.125,0.1,0.4545,0.1429,0.0833,0.4444,0,0.125,0.1,0.4375,0.0556,0,0.375,0.1667,0.1667,0.125,0,0.1667,0.4444,0.45,0.25,0.1364,0.2917
"locus5848",0.0417,0.0625,0.05,0.0909,0,0.125,0.0556,0.0455,0.0625,0,0,0,0.25,0,0,0,0,0,0,0.0556,0.1,0,0.0909,0
"locus5849",0.0417,0.125,0.25,0.2273,0.2143,0.0417,0.2222,0.2273,0,0.35,0.0625,0.2222,0.0625,0.0833,0,0.1667,0.3125,0.2222,0,0.1667,0,0.2,0.2273,0.125
"locus5850",0,0.0625,0,0,0,0,0,0,0.1875,0,0,0.0556,0.125,0,0,0,0.0625,0.1667,0.0833,0,0.05,0,0.0455,0.0833
"locus5851",0,0,0,0,0,0,0.0556,0.0909,0.125,0,0,0.0556,0,0.1667,0,0,0.0625,0,0,0.2222,0,0.1,0.0455,0.0417
"locus5852",0.0833,0,0,0,0,0,0.0556,0.1364,0,0,0.0625,0,0,0,0.1111,0,0,0.1111,0,0,0,0,0.0455,0.0833
"locus5853",0.0417,0.3125,0.05,0.0909,0.3571,0.4167,0.3889,0.0455,0.125,0.4,0.3125,0.4444,0,0.0417,0.0556,0.3333,0.1875,0,0.4167,0.1667,0.05,0.1,0.3636,0.3333
"locus5854",0.0417,0.0625,0.05,0,0,0.0417,0,0.1364,0,0,0,0.0556,0.0625,0,0.0556,0.1667,0,0,0,0,0,0.05,0,0
"locus5855",0.1667,0,0.1,0.1364,0,0,0.0556,0.0909,0,0.05,0.0625,0,0.0625,0.0833,0.1111,0.3333,0.0625,0.1667,0.1667,0.2778,0.2,0.2,0.0455,0.25
"locus5856",0.25,0.125,0.05,0.0909,0.2143,0.1667,0.1111,0.1364,0,0,0.125,0,0.25,0.125,0.2222,0.1667,0,0.0556,0.0833,0.0556,0,0.1,0.0909,0.25
"locus5857",0,0.3125,0,0,0.2857,0.375,0.4444,0.0909,0,0.45,0.125,0.5,0,0.125,0,0,0.0625,0.1667,0.3333,0.0556,0.1,0.15,0.0455,0.4167
"locus5858",0.1667,0,0,0.1818,0,0,0,0.0909,0,0.05,0,0,0,0.0417,0,0.1667,0,0,0,0,0,0.05,0.0455,0
"locus5859",0,0.1875,0.05,0.2273,0.0714,0.2917,0,0,0,0.1,0.0625,0.2222,0,0,0,0,0.0625,0,0,0,0,0,0,0
"locus5860",0,0.25,0.1,0,0.5,0.375,0.1111,0,0.0625,0.4,0,0.3333,0,0.2083,0.1111,0,0.125,0.1111,0,0.0556,0.1,0.15,0.0909,0
"locus5861",0.0833,0,0.05,0.3182,0,0,0.0556,0,0,0,0.125,0,0,0.0833,0,0.3333,0,0,0,0.3889,0.15,0.4,0,0.0417
"locus5862",0.2083,0.4375,0.5,0.3636,0,0.1667,0.1111,0.4091,0.25,0.1,0.25,0.1111,0.4375,0.375,0.4444,0.5,0.375,0.2778,0.0833,0.1667,0.15,0,0.0909,0
"locus5863",0.0417,0,0,0,0.0714,0.0833,0.0556,0,0,0.05,0.0625,0.0556,0,0.125,0,0.1667,0,0,0.0833,0,0.05,0.05,0.0909,0
"locus5864",0.0417,0.0625,0.1,0,0.2857,0.2917,0.4444,0,0,0.1,0.0625,0,0.0625,0.0417,0,0,0.125,0,0,0.0556,0.05,0.2,0.1818,0.2917
"locus5865",0.0417,0,0,0.1818,0,0,0.0556,0,0,0.05,0,0,0,0.0417,0,0,0,0,0,0,0.05,0,0.0909,0
"locus5866",0.1667,0,0.1,0,0.0714,0,0,0,0,0,0,0.0556,0.1875,0.0417,0.0556,0,0.0625,0,0,0,0.25,0.1,0.0909,0.1667
"locus5867",0.0833,0.0625,0.05,0,0,0,0.0556,0.1364,0.125,0.05,0.125,0,0.1875,0.0417,0.3889,0,0.0625,0.2778,0,0,0.25,0.05,0.0909,0
"locus5868",0,0.125,0.05,0.0455,0,0.0833,0.0556,0.0909,0,0,0,0,0.1875,0.0417,0.0556,0.1667,0.0625,0.0556,0,0.1111,0.05,0.25,0.0455,0
"locus5869",0.0417,0,0.1,0,0,0,0.0556,0.0909,0.1875,0,0.0625,0,0.0625,0.1667,0,0,0.0625,0.1111,0.0833,0.3333,0,0.05,0,0.0417
"locus5870",0.0417,0.0625,0.05,0.0455,0,0.0833,0,0.0455,0,0,0,0,0.0625,0.0833,0.0556,0,0,0.1111,0,0.0556,0,0,0.0909,0
"locus5871",0.2083,0.3125,0.15,0.3636,0.2857,0.375,0.3333,0.0909,0.1875,0.2,0.1875,0.3333,0.0625,0.0833,0.0556,0.1667,0.25,0.2778,0.1667,0.0556,0.15,0.15,0.2273,0.25
"locus5872",0.0833,0.125,0.05,0.0909,0.2143,0.1667,0.1667,0,0.0625,0.2,0.125,0,0.0625,0.125,0.0556,0,0.125,0,0.0833,0.0556,0,0.3,0.1818,0.0833
"locus5873",0.4167,0.0625,0.05,0.4091,0,0.0833,0,0.1364,0.0625,0.05,0.125,0,0.25,0.125,0.2778,0.1667,0,0.0556,0.1667,0.2778,0.2,0.2,0.0909,0.125
"locus5874",0.1667,0.1875,0.05,0.1364,0.2857,0.1667,0.2222,0.0909,0.1875,0.05,0.0625,0.0556,0.0625,0.0417,0,0,0.0625,0,0.1667,0.0556,0.15,0,0.0909,0
"locus5875",0.0417,0.1875,0.05,0,0,0,0,0,0.0625,0.05,0,0,0,0.0417,0.0556,0,0,0.0556,0,0,0.1,0.05,0,0
"locus5876",0.3333,0.4375,0.45,0.4545,0.2143,0.4167,0.2778,0.3182,0.3125,0.35,0.4375,0.2222,0.4375,0.5,0.2222,0.5,0.4375,0.2778,0.4167,0.3889,0.4,0.45,0.1364,0.2917
"locus5877",0.0833,0,0,0.2273,0,0.0417,0.0556,0.0455,0.0625,0.05,0.0625,0.0556,0,0.2083,0.1111,0,0.125,0.1667,0,0,0.05,0.05,0.2273,0
"locus5878",0.0833,0.125,0,0.2273,0,0.125,0.1111,0,0.1875,0.1,0,0,0.125,0.0417,0.3889,0,0,0,0.0833,0,0.05,0.3,0.1364,0.0417
"locus5879",0.0417,0,0,0,0,0,0.0556,0,0,0,0,0,0,0.0417,0,0,0,0,0,0.4444,0,0,0,0
"locus5880",0.0833,0.3125,0.05,0.0909,0,0.0833,0,0.0455,0.0625,0.1,0.125,0.1111,0.0625,0.125,0.0556,0,0.125,0,0,0.0556,0,0.1,0.0455,0.125
"locus5881",0,0.125,0.1,0,0.4286,0.3333,0.5,0.0455,0,0.4,0.0625,0.3889,0.0625,0.125,0,0.3333,0.125,0.0556,0.0833,0.3889,0.05,0.1,0.0455,0.2083
"locus5882",0.1667,0.25,0.3,0.3182,0.2857,0.4583,0.2778,0,0.125,0.2,0.3125,0.2222,0.0625,0.2083,0.0556,0.1667,0.1875,0,0.25,0,0.25,0.05,0.3636,0.4167
"locus5883",0,0.125,0,0.0455,0,0.0417,0,0,0.1875,0,0,0,0,0.0417,0,0,0,0,0,0,0,0.1,0.0455,0.0417
"locus5884",0,0,0,0,0,0,0.0556,0.1364,0.1875,0.1,0,0,0,0,0,0,0,0.1667,0,0,0.05,0,0,0.0417
"locus5885",0,0,0.05,0.0909,0,0,0.0556,0.1364,0,0,0,0,0,0.125,0.0556,0.1667,0.0625,0,0,0,0,0.1,0,0
"locus5886",0.0417,0,0,0,0,0.0417,0.0556,0.0909,0.0625,0,0.0625,0.0556,0,0.125,0.0556,0,0.0625,0.1111,0,0,0.05,0.2,0.0455,0.125
"locus5887",0.0417,0.1875,0.05,0,0.2857,0.4583,0.0556,0,0,0.45,0.125,0.3333,0.0625,0.0417,0,0,0.1875,0,0,0.0556,0,0,0.2273,0.0417
"locus5888",0,0,0.05,0,0,0.0417,0,0.0455,0,0,0,0,0,0.125,0,0,0.1875,0,0.1667,0.1667,0.05,0,0.1364,0
"locus5889",0.0417,0,0,0,0,0.125,0.1111,0.0455,0,0,0,0,0,0,0,0,0,0,0,0,0.05,0.05,0.0455,0.25
"locus5890",0.2083,0,0,0.0909,0,0,0.0556,0.0909,0,0.05,0.0625,0,0.0625,0,0.1111,0.1667,0.0625,0.1111,0.1667,0.0556,0.05,0,0.0455,0.2083
"locus5891",0,0,0,0,0.0714,0.0417,0,0,0.125,0.15,0,0,0,0,0,0,0,0,0,0,0,0.05,0,0.1667
"locus5892",0.0417,0.0625,0.1,0,0,0,0.1111,0.0909,0,0,0,0,0.1875,0.125,0.0556,0,0.125,0,0,0,0,0,0.0455,0
"locus5893",0.0833,0.125,0,0,0,0.0417,0,0,0,0.35,0,0.2222,0,0,0.1111,0,0,0,0,0,0,0.05,0.0455,0
"locus5894",0.2083,0.1875,0.05,0.1818,0.2143,0,0.1667,0.0455,0.125,0.05,0.125,0.0556,0.1875,0.2083,0.2222,0,0.125,0,0.0833,0.0556,0.15,0.25,0.1818,0.1667
"locus5895",0.0417,0.4375,0.1,0,0.3571,0.5,0.2222,0.1364,0.125,0.35,0.125,0.3333,0.25,0.125,0,0,0.0625,0,0,0,0.05,0.05,0.0909,0.0833
"locus5896",0.1667,0,0,0,0,0,0,0.0455,0,0.05,0,0,0,0.0417,0.0556,0.3333,0,0,0,0.4444,0.1,0,0.0455,0
"locus5897",0.0833,0,0.05,0,0,0,0,0.0455,0,0,0,0,0,0.0417,0,0.3333,0,0.1111,0,0,0,0.2,0,0
"locus5898",0,0,0,0,0,0,0,0,0.0625,0,0,0,0,0.0417,0,0,0,0.1667,0.25,0,0,0,0,0.25
"locus5899",0.0833,0.375,0.15,0.0455,0.0714,0.375,0.0556,0,0.125,0.45,0.0625,0.3333,0.0625,0.0833,0,0,0.0625,0.1667,0,0.1667,0.05,0.15,0.0909,0.375
"locus5900",0,0.0625,0.1,0,0.1429,0,0.2222,0.1818,0.4375,0.35,0,0.2222,0.1875,0,0.0556,0.1667,0.0625,0.1667,0,0,0.05,0.1,0,0.0417
"locus5901",0.1667,0.1875,0,0.1818,0,0,0,0,0,0,0.125,0,0.25,0,0.2222,0,0,0.1667,0,0.0556,0.05,0,0,0
"locus5902",0.0417,0.1875,0.2,0.0909,0,0.0417,0.0556,0.1364,0.0625,0,0.0625,0.1111,0.25,0.125,0,0,0.3125,0.0556,0.25,0.3333,0.05,0.15,0.0455,0.0417
"locus5903",0.25,0.0625,0.1,0.1818,0.0714,0.0833,0.2222,0.0909,0.3125,0.1,0.125,0.1111,0,0.0833,0.5,0.1667,0.1875,0.3333,0.1667,0.1111,0.35,0.05,0.1818,0.0833
"locus5904",0.375,0.3125,0.45,0.5,0,0.125,0.1667,0.5,0.375,0.15,0.1875,0.0556,0.4375,0.5,0.1111,0.5,0.4375,0.4444,0.25,0.3333,0.4,0.25,0.5,0.125
"locus5905",0.5,0.125,0.2,0.3636,0.2143,0.0417,0.3889,0.1818,0.1875,0.1,0.375,0.0556,0.5,0.2083,0.4444,0.3333,0.1875,0.2222,0.1667,0.3333,0.5,0.15,0.4091,0.3333
"locus5906",0.25,0.4375,0.35,0.3182,0.0714,0.2083,0.2222,0.4091,0.375,0.1,0.3125,0,0.4375,0.375,0.2222,0.5,0.3125,0.2778,0.25,0.3333,0.3,0.4,0.3182,0.125
"locus5907",0.3333,0,0.1,0.3636,0.0714,0,0.3889,0,0.1875,0.1,0.25,0,0.5,0.125,0.2778,0,0.0625,0.2222,0.4167,0.2778,0.45,0.35,0.5,0.4583
"locus5908",0.4583,0.5,0.45,0.2273,0.4286,0.4583,0.5,0.5,0.375,0.35,0.4375,0.3889,0.375,0.4583,0.5,0.5,0.4375,0.4444,0.4167,0.3333,0.45,0.45,0.3182,0.5
"locus5909",0,0.375,0,0.0455,0.4286,0.4583,0.0556,0,0,0.35,0,0.3889,0,0,0,0,0.0625,0,0,0.1111,0,0,0.0909,0.125
"locus5910",0.1667,0,0,0.0909,0,0,0,0.2727,0,0.05,0.0625,0,0.125,0.0833,0.3333,0.3333,0.0625,0.0556,0.0833,0.4444,0,0.1,0.3182,0
"locus5911",0.1667,0.0625,0.1,0.2727,0,0.1667,0.1667,0.1818,0.1875,0,0.0625,0,0.125,0.1667,0.2778,0.1667,0.3125,0.3333,0.0833,0.1111,0.05,0.15,0.0455,0.1667
"locus5912",0,0.1875,0.05,0.0909,0.2857,0.125,0.0556,0,0,0.5,0,0.2222,0,0,0.1111,0,0.0625,0.0556,0.0833,0,0,0,0.0909,0
"locus5913",0,0,0.05,0,0,0,0,0,0,0,0.4375,0,0,0,0.0556,0,0,0,0,0,0,0.1,0.0455,0.0833
"locus5914",0.2917,0,0.1,0.1364,0,0,0.0556,0.0909,0,0,0.125,0.0556,0.0625,0.0833,0.0556,0.3333,0.0625,0.1111,0,0.2778,0.15,0.15,0.0455,0
"locus5915",0.2917,0.5,0.3,0.3182,0.3571,0.1667,0.4444,0.3182,0.5,0.1,0.4375,0.1667,0.25,0.375,0.1111,0.5,0.4375,0.2222,0.3333,0.4444,0.3,0.35,0.4545,0.375
"locus5916",0.0417,0,0.15,0.0455,0.0714,0.125,0.1111,0.0909,0,0.1,0.0625,0.2222,0.0625,0.2083,0.0556,0,0.1875,0.0556,0.0833,0,0,0.15,0,0.1667
"locus5917",0,0,0.05,0,0,0,0,0.0455,0,0.05,0.0625,0.0556,0,0.0417,0,0,0,0,0,0.0556,0,0,0,0.25
"locus5918",0.0833,0.0625,0.2,0,0,0,0,0.1818,0,0,0,0,0.0625,0.125,0,0.1667,0.125,0.3333,0,0,0.05,0.05,0,0
"locus5919",0.125,0,0,0.1818,0.0714,0,0.0556,0,0,0.1,0.0625,0,0,0,0,0.1667,0,0,0,0.0556,0,0,0,0
"locus5920",0.0417,0.0625,0,0,0.0714,0,0,0,0.4375,0,0,0,0.375,0,0,0,0,0.0556,0.0833,0,0,0,0.0455,0.0417
"locus5921",0.25,0.25,0.25,0.3182,0.3571,0.2917,0.4444,0.3636,0.4375,0.1,0.5,0,0.5,0.4583,0.2778,0.3333,0.25,0.3889,0.4167,0.1111,0.25,0.45,0.4091,0.4583
"locus5922",0.2083,0.25,0.1,0,0,0,0,0.0455,0,0,0,0,0.0625,0.125,0.1111,0.3333,0.25,0.0556,0,0.2778,0.2,0,0.1818,0.0417
"locus5923",0.5,0.375,0.4,0.4545,0.3571,0.375,0.3333,0.2727,0.4375,0.2,0.3125,0.2778,0.4375,0.375,0.5,0.1667,0.25,0.3889,0.3333,0.4444,0.45,0.45,0.4545,0.3333
"locus5924",0.1667,0.0625,0,0,0,0.0833,0.0556,0,0.125,0.25,0.0625,0,0.125,0,0,0,0.0625,0,0,0,0.1,0.05,0,0
"locus5925",0.2083,0,0,0.1364,0.0714,0,0.2778,0.1364,0,0,0,0,0,0.0417,0.0556,0.1667,0.0625,0.0556,0,0.4444,0.2,0.1,0.0909,0.0833
"locus5926",0.0417,0,0.05,0.0455,0,0.0833,0,0,0.125,0.25,0,0,0.0625,0.0833,0,0,0.125,0,0,0,0.05,0.15,0,0
"locus5927",0.1667,0.25,0.1,0,0.2143,0.375,0.1667,0.0455,0,0.4,0.1875,0.3333,0.25,0.0833,0,0.3333,0.0625,0.1111,0.1667,0,0.25,0.2,0.0909,0.4167
"locus5928",0.25,0.0625,0,0.3636,0.5,0.375,0.3889,0.0455,0,0.05,0.3125,0.1111,0.0625,0.25,0.1667,0.5,0.25,0.0556,0.0833,0.0556,0.5,0.15,0.3636,0.375
"locus5929",0,0.1875,0,0,0.0714,0.0417,0,0.0455,0.25,0,0,0,0.125,0,0.0556,0.1667,0,0.0556,0.1667,0,0,0,0.0455,0
"locus5930",0.0417,0.125,0,0.1818,0,0,0,0.0909,0.0625,0,0.0625,0.0556,0.1875,0.0833,0.1111,0,0.0625,0.0556,0,0,0.05,0.1,0.1364,0
"locus5931",0,0.0625,0,0.0909,0.0714,0.0417,0,0.0909,0,0.05,0,0,0.1875,0,0,0,0,0,0.0833,0,0.15,0,0,0
"locus5932",0.0417,0.0625,0,0,0,0.125,0.1111,0.1364,0.0625,0,0.0625,0,0,0.0417,0.0556,0,0.1875,0,0.0833,0,0.1,0.1,0.1364,0.0417
"locus5933",0.2917,0,0.3,0.1364,0.2143,0,0,0.3636,0.25,0,0,0,0.1875,0.0417,0.2222,0.1667,0.25,0.2222,0,0.1667,0.05,0,0.0909,0
"locus5934",0.0417,0,0,0.2727,0,0.125,0.1111,0,0,0.05,0,0,0.0625,0,0,0,0.0625,0,0.0833,0,0,0,0,0.0833
"locus5935",0.125,0.125,0.15,0.2273,0.0714,0.25,0.2222,0.2273,0.25,0.1,0.125,0.0556,0.1875,0.0833,0.5,0.1667,0.25,0.1667,0.1667,0.0556,0.2,0.4,0,0.125
"locus5936",0.0417,0,0.1,0,0,0,0,0,0,0.45,0,0.2778,0,0.0833,0,0,0.125,0.0556,0,0,0,0,0,0
"locus5937",0.3333,0.375,0.25,0.3182,0.0714,0.25,0.1111,0.2727,0.125,0.15,0.25,0,0.4375,0.375,0.5,0.3333,0.375,0.3889,0.1667,0.2778,0.4,0.25,0.1818,0.1667
"locus5938",0,0,0,0,0,0.0417,0.0556,0,0.375,0.1,0,0.1667,0,0,0,0,0,0.0556,0,0,0.1,0,0.0455,0.0417
"locus5939",0,0,0,0,0,0.125,0.2778,0.0455,0,0,0,0,0,0.0833,0,0,0.0625,0.2222,0,0,0,0.05,0,0.2083
"locus5940",0.0417,0.125,0.1,0.0455,0,0,0,0.0455,0.0625,0,0,0,0,0.0417,0,0,0,0.1667,0,0,0.05,0,0,0
"locus5941",0.2083,0.0625,0.1,0,0.2143,0.0417,0,0.0455,0.25,0,0.125,0,0,0,0.2222,0.1667,0.0625,0.2778,0.0833,0.1111,0.2,0,0.1818,0.125
"locus5942",0.0417,0.25,0.05,0,0,0.0417,0.1111,0.0909,0,0.05,0,0,0.0625,0.0833,0,0,0,0,0,0,0,0.05,0,0
"locus5943",0.5,0.125,0,0.4545,0,0.0833,0.0556,0.1818,0.4375,0,0.3125,0.0556,0.0625,0.0833,0.4444,0.5,0.0625,0.3333,0,0.1667,0.35,0.15,0.4545,0.0417
"locus5944",0.0833,0.1875,0,0.0909,0.0714,0.25,0.0556,0.0455,0.125,0,0.125,0.1111,0.25,0.0417,0.1111,0,0.25,0.1667,0,0.1667,0.15,0.05,0.0455,0
"locus5945",0,0.125,0.1,0,0,0.0417,0,0,0,0.05,0.125,0,0.0625,0.0833,0,0,0.125,0.1667,0.0833,0,0,0.05,0,0
"locus5946",0,0,0,0.0455,0.0714,0,0,0,0.0625,0,0.0625,0,0.125,0.0417,0,0,0,0,0,0,0,0.1,0,0.0417
"locus5947",0.125,0.4375,0.25,0.4091,0.0714,0.4167,0,0.3182,0.4375,0.45,0.125,0.1111,0.4375,0.4583,0.1667,0,0.375,0.3333,0.1667,0.0556,0.3,0.5,0.1818,0.0417
"locus5948",0.2083,0.375,0,0.4545,0,0.2083,0.0556,0.0909,0.375,0.35,0.125,0.5,0.0625,0.0417,0.0556,0,0,0.0556,0.3333,0.3889,0.35,0.25,0.2727,0
"locus5949",0,0,0,0,0,0,0,0,0,0,0,0.0556,0,0.0833,0,0,0.1875,0,0.0833,0.2222,0.1,0.3,0,0
"locus5950",0.0417,0.0625,0,0,0.2143,0.4167,0.1667,0,0,0.4,0,0.3889,0,0,0,0,0,0,0.0833,0,0.05,0,0.1364,0.2917
"locus5951",0.0833,0.0625,0.1,0.0455,0,0.0417,0,0.0455,0,0,0.25,0.0556,0,0.2083,0,0,0.1875,0.0556,0,0.2222,0,0,0,0
"locus5952",0.5,0.0625,0.45,0.3636,0,0.0833,0.5,0.2727,0.25,0.1,0.375,0,0.375,0.4583,0.4444,0.3333,0.3125,0.3333,0.25,0.3889,0.4,0.45,0.4545,0.3333
"locus5953",0.4583,0.4375,0.4,0.5,0.2143,0.4583,0.1667,0.2727,0.5,0.45,0.4375,0.3333,0.375,0.4167,0.1111,0.3333,0.375,0.3333,0.1667,0.2778,0.35,0.2,0.4091,0.25
"locus5954",0.0833,0,0.05,0.1364,0.0714,0,0,0.0909,0,0.05,0,0,0,0.2083,0,0,0.0625,0,0,0.0556,0.15,0.2,0.0455,0.125
"locus5955",0.125,0,0,0.0455,0,0,0,0.0455,0,0,0.0625,0,0.0625,0,0,0,0,0,0.0833,0.2222,0.1,0,0.0455,0
"locus5956",0.4167,0.375,0.5,0.1818,0,0.4167,0.2222,0.4545,0.25,0.3,0.3125,0.2778,0.3125,0.5,0.3889,0.5,0.5,0.4444,0.25,0.5,0.3,0.5,0.5,0.0833
"locus5957",0.25,0.0625,0.1,0.1818,0.0714,0.0417,0.3333,0.0455,0.0625,0.2,0.0625,0,0.125,0.0833,0.1111,0,0,0,0,0.5,0.05,0.25,0.0455,0.1667
"locus5958",0.125,0,0.05,0,0,0,0,0.0455,0,0,0.125,0,0,0,0.1111,0.1667,0.0625,0.2222,0,0.4444,0,0,0,0.125
"locus5959",0,0,0,0.0909,0,0,0.0556,0,0,0,0.125,0,0.0625,0,0,0,0,0,0.25,0.0556,0,0,0,0.0833
"locus5960",0.0417,0,0,0,0.1429,0,0,0,0.0625,0,0,0.0556,0,0.0417,0,0,0.0625,0,0,0,0.1,0.05,0,0.125
"locus5961",0.0417,0.25,0,0,0,0.0833,0,0,0,0.4,0,0.1667,0.125,0,0,0,0,0.0556,0,0,0,0.05,0,0
"locus5962",0.0417,0.0625,0,0,0,0,0.3333,0,0,0,0,0,0,0.0417,0,0,0,0,0,0,0,0,0,0.2083
"locus5963",0,0,0.1,0.1818,0,0.0417,0,0.1364,0,0,0,0,0.0625,0.125,0.1111,0,0,0.0556,0,0,0,0,0,0
"locus5964",0,0,0.05,0.1818,0,0,0,0,0,0,0,0,0.25,0.0833,0,0,0.1875,0,0,0,0.1,0,0,0
"locus5965",0.0417,0,0.2,0,0,0.0417,0,0,0,0,0.0625,0,0,0.25,0,0,0.0625,0,0.0833,0,0,0.1,0,0.25
"locus5966",0.2083,0,0.15,0.0455,0.2143,0.2917,0.0556,0.0909,0,0,0.0625,0.0556,0.125,0.0417,0.1667,0,0.0625,0.0556,0,0.1111,0.15,0.05,0.0455,0.0417
"locus5967",0.0417,0.0625,0,0.1364,0,0.0417,0,0,0,0,0,0,0.0625,0,0.0556,0,0,0,0,0,0.05,0.1,0.0455,0
"locus5968",0.3333,0.1875,0.4,0.4091,0.0714,0.4167,0.5,0.4545,0.375,0.25,0.375,0.3889,0.375,0.4583,0.5,0.5,0.4375,0.4444,0.3333,0.2778,0.5,0.45,0.5,0.3333
"locus5969",0.125,0.0625,0.1,0.2273,0.0714,0.125,0.2222,0.0455,0.125,0.05,0.25,0,0,0.25,0.2222,0.1667,0.125,0.0556,0.0833,0.1111,0.1,0.1,0.1818,0.125
"locus5970",0.0417,0.0625,0.05,0.0455,0,0.0417,0,0.0909,0,0,0.0625,0,0.375,0.0417,0,0,0.1875,0.1111,0.3333,0,0,0.05,0,0
"locus5971",0,0.0625,0.05,0.0455,0.0714,0,0,0,0,0,0,0,0.125,0.0833,0,0,0,0,0,0,0.1,0,0.0455,0.125
"locus5972",0,0.0625,0.05,0,0,0,0.0556,0,0,0,0.0625,0,0,0.0833,0.1111,0,0,0,0.0833,0,0,0,0.1364,0
"locus5973",0,0.125,0.05,0.0455,0.0714,0.125,0,0.1364,0.0625,0.05,0.0625,0.0556,0.0625,0.0833,0.0556,0,0.0625,0.1667,0,0,0.1,0,0,0.125
"locus5974",0,0,0,0.4091,0,0,0,0,0,0.05,0,0.0556,0,0,0,0,0.0625,0.2222,0,0,0,0,0,0.0417
"locus5975",0.375,0,0.15,0.3636,0,0.0833,0.2222,0.3636,0.4375,0.05,0.4375,0,0.125,0.375,0.2778,0.1667,0.3125,0.2778,0,0.3889,0.25,0.3,0.4091,0.1667
"locus5976",0.0833,0,0.05,0.1364,0.4286,0.0417,0.3889,0.0455,0.0625,0.05,0.25,0,0.125,0.3333,0,0.5,0.1875,0,0.4167,0.2222,0.15,0.05,0.1818,0.3333
"locus5977",0.0417,0,0.1,0.1364,0,0,0.0556,0.0455,0.0625,0.05,0,0,0,0.125,0,0,0,0,0.0833,0,0,0.1,0,0
"locus5978",0,0,0,0.0909,0.0714,0,0.1111,0.0455,0,0.15,0,0,0.0625,0,0,0,0,0,0,0,0,0.05,0,0.0833
"locus5979",0,0,0,0,0,0.125,0.2778,0,0,0,0,0,0,0,0,0,0,0,0,0,0,0,0.0909,0.2083
"locus5980",0,0.1875,0.1,0,0,0,0,0,0,0.05,0,0,0.125,0.125,0,0.1667,0.0625,0.0556,0.1667,0,0,0.1,0,0
"locus5981",0,0,0.15,0.0909,0.0714,0,0.1667,0.1364,0,0,0.1875,0,0,0.2083,0,0.1667,0,0,0.0833,0,0,0.15,0.0909,0.2083
"locus5982",0,0.0625,0,0,0.1429,0.1667,0,0.0455,0.0625,0,0,0.1111,0,0,0,0,0.0625,0,0,0,0,0,0,0.125
"locus5983",0.0417,0,0.05,0.0455,0,0.0417,0.0556,0.0455,0.0625,0,0,0,0,0.125,0.0556,0,0.0625,0,0,0.0556,0.05,0,0,0.0417
"locus5984",0.4167,0.375,0.5,0.4091,0,0.0833,0.3333,0.4091,0.375,0.15,0.4375,0.0556,0.375,0.375,0.4444,0.5,0.4375,0.4444,0.3333,0.5,0.35,0.3,0.2727,0.4583
"locus5985",0,0.0625,0,0.0909,0,0.0417,0.1111,0,0.0625,0.05,0.125,0,0.1875,0.0417,0.2222,0.1667,0.25,0,0.0833,0.2778,0.2,0,0.1818,0.0833
"locus5986",0.1667,0.25,0.1,0,0.1429,0.2083,0.1111,0.0909,0.0625,0,0.125,0.0556,0,0.125,0,0.3333,0,0.1111,0.0833,0.1111,0,0.15,0.0455,0.1667
"locus5987",0.0417,0.0625,0.3,0,0,0,0,0.3182,0.0625,0.1,0,0,0.4375,0.2083,0,0.3333,0.375,0.4444,0,0,0.1,0.15,0.0455,0
"locus5988",0,0,0.05,0,0,0,0.2778,0,0,0.05,0,0.0556,0,0,0,0,0,0,0,0.0556,0,0,0,0.4583
"locus5989",0.2917,0.125,0.15,0,0,0,0,0.4545,0.0625,0.1,0,0,0.1875,0.125,0.2778,0.1667,0.0625,0.1111,0,0.2778,0.3,0.3,0.2727,0
"locus5990",0,0.25,0.15,0.0909,0,0.0417,0,0,0.0625,0.05,0,0,0.1875,0.375,0,0,0,0,0,0.0556,0,0,0.0455,0
"locus5991",0.2083,0.0625,0,0,0,0.125,0.0556,0.0455,0,0,0.0625,0,0,0.0417,0.4444,0,0,0,0,0.0556,0.1,0,0.1818,0
"locus5992",0.4167,0.375,0.4,0.2273,0.4286,0.125,0.1111,0.1818,0.3125,0.1,0.4375,0,0.4375,0.4583,0.3889,0.5,0.375,0.3889,0.25,0.1667,0.3,0.5,0.4091,0.3333
"locus5993",0,0,0.05,0.0455,0,0.125,0,0,0.0625,0.1,0,0,0,0.0833,0.1111,0,0.0625,0.1111,0.0833,0,0.05,0,0.0455,0
"locus5994",0.2083,0.125,0.45,0.4545,0.0714,0.0417,0.3333,0.5,0.4375,0.05,0.25,0,0.25,0.2917,0.1111,0.1667,0.25,0.5,0.4167,0.2778,0.3,0.2,0.5,0.0833
"locus5995",0.125,0.1875,0.5,0.2273,0,0.125,0.1667,0.2727,0,0,0.25,0,0.3125,0.375,0,0.3333,0.4375,0.3333,0.1667,0.0556,0.1,0.3,0.0909,0.0833
"locus5996",0.1667,0.25,0.35,0.5,0.1429,0.3333,0.0556,0.3182,0.375,0.3,0.25,0.3333,0.25,0.4167,0.0556,0.3333,0.375,0.3889,0.25,0.1111,0.35,0.2,0.0455,0.0833
"locus5997",0.0417,0.0625,0.05,0,0,0,0.0556,0.0455,0,0,0,0,0.125,0.125,0,0,0,0.0556,0,0,0.05,0.05,0,0
"locus5998",0.1667,0.4375,0.3,0.4091,0.3571,0.375,0.2778,0.3182,0.5,0.4,0.3125,0.3333,0.3125,0.4583,0.0556,0.3333,0.5,0.2222,0.25,0.1111,0.35,0.45,0.3182,0.2917
"locus5999",0,0.125,0.05,0.0455,0.2143,0.0833,0.0556,0.0455,0,0,0,0.0556,0.25,0.0833,0.0556,0.1667,0.125,0,0.25,0.1667,0.05,0.05,0.1818,0.0833
"locus6000",0,0.0625,0.05,0,0,0.0833,0,0.0909,0.0625,0.05,0,0,0,0.125,0,0,0,0,0,0,0,0.05,0.0455,0
"locus6001",0.0417,0.0625,0,0,0,0,0.0556,0.0455,0.3125,0,0,0,0,0,0.0556,0,0,0,0,0,0,0,0.0909,0
"locus6002",0.1667,0.0625,0.2,0.4545,0,0.0417,0.0556,0.1364,0,0,0,0,0.125,0.125,0.1667,0.1667,0.125,0.1667,0.1667,0,0.3,0.2,0.2273,0
"locus6003",0.3333,0.3125,0.45,0.3182,0.4286,0.25,0.1111,0.5,0.3125,0.3,0.4375,0.2222,0.375,0.375,0.3889,0,0.3125,0.4444,0.3333,0.1111,0.25,0.4,0.2727,0.1667
"locus6004",0.2917,0.5,0.5,0.3636,0.3571,0.5,0.4444,0.4091,0.5,0.15,0.4375,0.3333,0.3125,0.25,0.4444,0.3333,0.3125,0.3333,0.4167,0.3889,0.4,0.45,0.4091,0.2917
"locus6005",0,0.3125,0.1,0.0455,0,0.0833,0,0,0.0625,0.35,0,0.0556,0,0.1667,0.0556,0,0.125,0,0.0833,0,0,0.15,0.1364,0
"locus6006",0,0.1875,0,0.0455,0.0714,0.125,0,0,0.0625,0.1,0.0625,0.1667,0.0625,0,0,0,0,0,0,0,0.05,0,0,0.0417
"locus6007",0,0,0.05,0.0455,0,0,0.0556,0,0,0.2,0,0,0,0.0417,0,0,0.0625,0.1667,0,0,0,0.1,0,0.1667
"locus6008",0.125,0,0.25,0.3636,0,0,0,0.0455,0,0.05,0,0.1111,0.25,0.0833,0.2222,0,0.125,0.1111,0.0833,0.0556,0.2,0,0.0455,0.0833
"locus6009",0.0417,0,0,0,0,0,0,0.0909,0.25,0,0,0,0,0,0.1111,0,0,0.0556,0,0,0,0.05,0.0455,0.0417
"locus6010",0.125,0.0625,0.1,0,0,0.0417,0,0.0909,0,0,0,0,0,0.1667,0,0,0.1875,0.0556,0.0833,0.0556,0.05,0,0,0.0417
"locus6011",0,0.0625,0,0,0.2143,0.0833,0,0.0455,0,0,0.0625,0.0556,0,0.0417,0,0,0.125,0.1667,0.0833,0,0.05,0,0,0
"locus6012",0.25,0.0625,0,0.0909,0.0714,0.0417,0,0,0,0.05,0.0625,0,0,0.0417,0,0,0.0625,0,0,0,0.2,0,0,0.0417
"locus6013",0.0833,0.125,0.15,0,0,0.0417,0,0.1364,0.25,0.05,0,0.0556,0.125,0.0833,0,0.1667,0.1875,0,0.25,0.3333,0.1,0.05,0,0.0833
"locus6014",0.1667,0,0.3,0.0455,0,0,0,0.2727,0,0,0.125,0.1667,0.1875,0.0417,0.3333,0,0.0625,0.5,0,0,0.25,0.1,0.0909,0
"locus6015",0.375,0.4375,0.5,0.2727,0.5,0.4583,0.5,0.5,0.5,0.25,0.4375,0.2222,0.375,0.2917,0.2222,0.1667,0.375,0.3333,0.5,0.3333,0.2,0.5,0.4545,0.5
"locus6016",0.0833,0,0,0.0909,0,0,0,0.0455,0.0625,0.05,0.0625,0,0,0.0417,0,0,0.0625,0.1111,0,0,0.05,0,0,0
"locus6017",0.2083,0.125,0,0.0455,0,0.0833,0,0.1818,0.0625,0.15,0,0.1111,0.125,0.125,0.1111,0.1667,0,0.1111,0.25,0.1667,0.15,0.1,0.1818,0.125
"locus6018",0.2083,0.125,0.1,0.2727,0.1429,0.2917,0.0556,0.1364,0,0.1,0.125,0.1111,0,0,0.2778,0.5,0,0.1667,0,0.1111,0.3,0.2,0,0.0417
"locus6019",0,0.0625,0,0.0455,0,0.0833,0.1111,0.0455,0,0.15,0,0.1111,0.0625,0.0833,0.0556,0,0.125,0,0.25,0,0.05,0.1,0,0.0417
"locus6020",0.2083,0.4375,0.4,0.3182,0.0714,0.2083,0.1111,0.5,0.125,0.1,0.1875,0,0.3125,0.4583,0.3889,0.1667,0.1875,0.3333,0.4167,0.1667,0.45,0.4,0.3182,0.4167
"locus6021",0.0417,0,0.1,0,0,0,0,0.1364,0,0,0.125,0,0,0,0.0556,0,0,0.0556,0,0.0556,0.2,0.1,0.1364,0
"locus6022",0,0.1875,0.05,0,0.1429,0.0417,0.1111,0.0909,0.3125,0.25,0.125,0.0556,0.25,0.125,0,0.1667,0,0.3333,0.4167,0,0.05,0.05,0.0909,0.4167
"locus6023",0.2917,0.5,0.3,0.3636,0.2857,0.3333,0.2222,0.5,0.1875,0.15,0.4375,0.0556,0.375,0.4167,0.2222,0.3333,0.3125,0.4444,0.1667,0.3333,0.4,0.2,0.3636,0.125
"locus6024",0,0.1875,0.15,0.0909,0.2857,0.375,0.2222,0.1818,0,0.5,0.0625,0.3889,0.0625,0.375,0,0.1667,0.3125,0.2778,0.1667,0,0.1,0.3,0.1364,0.125
"locus6025",0,0.1875,0.15,0.1364,0,0.0417,0.0556,0,0.0625,0,0.0625,0.0556,0,0.0833,0.1111,0,0.125,0.0556,0.1667,0,0.15,0.15,0.0455,0
"locus6026",0.0833,0.1875,0,0,0.1429,0.0833,0,0,0,0.1,0.0625,0.1111,0,0.0417,0,0,0.0625,0.1111,0.0833,0,0,0.15,0,0
"locus6027",0.1667,0.125,0.45,0.1818,0.1429,0.125,0.2778,0.2727,0.1875,0.05,0.4375,0,0.375,0.5,0,0.5,0.5,0.2222,0.1667,0.2778,0.25,0.3,0.1818,0.4167
"locus6028",0.25,0.3125,0.2,0.1818,0.2857,0.3333,0.3889,0.2727,0.125,0.1,0.3125,0.2222,0.1875,0.2917,0.1111,0.1667,0.25,0.2222,0.1667,0.4444,0.15,0.25,0.2273,0.2917
"locus6029",0,0.0625,0.05,0.1364,0,0,0.0556,0,0,0,0.1875,0,0,0.0417,0.2222,0,0.0625,0.1667,0,0,0,0,0,0
"locus6030",0.2083,0.0625,0.45,0.0455,0,0.0833,0.3333,0.2273,0,0.05,0.25,0,0.25,0.3333,0.1667,0.3333,0.25,0.1111,0.4167,0.1111,0.15,0.1,0.1818,0.4167
"locus6031",0.125,0.125,0,0.0455,0.0714,0,0,0,0,0,0,0,0,0,0.1111,0,0,0,0.0833,0.1667,0.05,0,0.0909,0
"locus6032",0.0833,0,0.05,0,0,0.0417,0,0,0.125,0,0,0,0,0,0,0,0.0625,0,0,0.2778,0,0.05,0,0
"locus6033",0,0,0,0.0909,0,0,0,0.0909,0,0,0,0.2222,0,0,0,0,0.0625,0,0.0833,0,0,0.05,0.1818,0.0417
"locus6034",0.375,0.4375,0.4,0.1818,0.3571,0.5,0.1667,0.3636,0.375,0.4,0.3125,0.5,0.1875,0.2083,0.3889,0.1667,0.3125,0.1667,0.25,0.5,0.3,0.3,0.4545,0.375
"locus6035",0.4583,0,0.05,0.4545,0,0,0,0.3182,0.125,0.1,0.25,0,0.0625,0.125,0.0556,0.5,0.0625,0,0.0833,0.4444,0.3,0.15,0.3182,0
"locus6036",0.125,0.0625,0.3,0.0909,0.2143,0.0417,0.2778,0.4545,0.125,0,0.25,0.1111,0.3125,0.0833,0.0556,0.5,0.375,0,0.5,0.2222,0.25,0.3,0.1818,0.5
"locus6037",0.4583,0.3125,0.45,0.5,0.3571,0.1667,0.3333,0.4091,0.3125,0.1,0.25,0,0.3125,0.4583,0.3333,0.3333,0.4375,0.2778,0.1667,0.4444,0.35,0.35,0.3636,0.2917
"locus6038",0.0833,0,0.05,0,0,0.125,0,0.1818,0,0,0,0,0.0625,0,0.0556,0,0.0625,0.2222,0,0,0,0,0,0.125
"locus6039",0.0833,0.125,0.1,0.0909,0.2857,0.25,0.0556,0.1364,0,0.2,0,0.1667,0.125,0,0.0556,0,0.0625,0.1667,0,0,0.15,0,0.1364,0
"locus6040",0.0417,0.25,0.15,0.2273,0.0714,0.2083,0.0556,0.0909,0.125,0.1,0.0625,0.0556,0.125,0.25,0.1111,0.1667,0.3125,0.3333,0.3333,0,0.05,0.25,0,0.0833
"locus6041",0.0833,0.125,0.05,0.1818,0,0.0417,0.0556,0,0,0.4,0.125,0.2222,0.0625,0,0.0556,0,0,0.0556,0.0833,0,0.05,0.05,0,0
"locus6042",0.0833,0.1875,0.05,0,0,0.0417,0,0.0455,0.0625,0.05,0,0.1111,0,0,0,0,0,0,0,0,0,0,0,0
"locus6043",0.2083,0.0625,0.1,0.1364,0,0.0417,0,0.1364,0.0625,0,0,0,0,0,0.1111,0,0,0.1111,0,0.2222,0.2,0,0.1818,0
"locus6044",0,0.3125,0.05,0.0909,0,0.0833,0.0556,0,0.375,0,0,0,0.0625,0,0,0,0,0.0556,0,0.0556,0.05,0.05,0,0
"locus6045",0.375,0,0.25,0.5,0.2857,0.125,0.4444,0.4545,0.5,0.05,0.4375,0.0556,0.1875,0.25,0.4444,0.1667,0.3125,0.3889,0.5,0.5,0.5,0.25,0.3636,0.1667
"locus6046",0,0.0625,0.05,0,0,0,0,0.0455,0.0625,0,0,0,0.1875,0.0833,0.0556,0,0,0,0,0,0,0.2,0,0
"locus6047",0.0417,0.0625,0.15,0.0455,0.0714,0.0417,0.0556,0.0455,0,0,0.125,0,0.0625,0.0417,0,0.1667,0,0,0.0833,0,0,0.1,0,0.0833
"locus6048",0.125,0.0625,0,0,0,0.1667,0,0.1818,0.1875,0.2,0,0.0556,0,0.125,0.1667,0.1667,0.0625,0.0556,0,0.4444,0.05,0.1,0.2273,0
"locus6049",0.375,0.375,0.1,0.4091,0.3571,0.0417,0.2778,0.2273,0.375,0.1,0.0625,0.0556,0.25,0,0.3889,0.1667,0.0625,0.0556,0.4167,0.3333,0.35,0.3,0.3182,0.125
"locus6050",0,0,0.05,0.1364,0,0,0.0556,0,0,0,0,0,0,0,0,0,0,0,0,0.1111,0.15,0,0,0
"locus6051",0.0417,0.25,0.1,0.0455,0,0.0833,0.1111,0.0909,0.0625,0.3,0.125,0.1111,0.1875,0.125,0,0.3333,0.1875,0.0556,0.3333,0.2222,0.05,0,0.1818,0
"locus6052",0.0417,0,0,0.1818,0,0,0,0,0,0,0.125,0,0,0.0417,0,0,0,0,0,0.5,0,0,0,0
"locus6053",0,0.375,0.1,0.0909,0.2143,0.4167,0.2778,0.0909,0.125,0.3,0.0625,0.2222,0.125,0.1667,0,0.1667,0.125,0.0556,0.3333,0.0556,0.05,0.25,0.1818,0.3333
"locus6054",0,0.0625,0.05,0,0.2143,0.1667,0.1667,0,0,0.25,0,0.1111,0.125,0,0,0,0.0625,0,0.0833,0,0,0.1,0,0.0833
"locus6055",0,0.0625,0,0,0.0714,0.0417,0.1111,0.0455,0.3125,0.1,0,0,0.0625,0.1667,0,0.1667,0.0625,0,0.0833,0.1111,0.05,0.1,0.1818,0.125
"locus6056",0,0,0.1,0,0,0,0,0.0455,0.125,0,0,0,0,0.0417,0,0.3333,0,0,0,0,0,0.3,0,0
"locus6057",0,0,0.2,0,0,0,0,0.0909,0,0,0,0,0.125,0.0833,0,0.1667,0.0625,0,0,0,0.05,0.05,0,0
"locus6058",0.3333,0.3125,0.4,0.3636,0.0714,0.125,0.2222,0.4091,0.4375,0.2,0.25,0,0.3125,0.4167,0.1667,0.1667,0.3125,0.5,0.3333,0.2778,0.2,0.45,0.3636,0.0833
"locus6059",0.125,0.0625,0,0,0,0.0417,0.0556,0.1364,0.0625,0.1,0.0625,0,0,0.0417,0,0,0.125,0,0.1667,0.0556,0.05,0.1,0.0455,0
"locus6060",0.4167,0,0,0.3182,0,0,0.1111,0,0.0625,0.05,0.125,0,0,0,0.4444,0,0.0625,0,0,0.4444,0.3,0.05,0.0909,0
"locus6061",0.25,0.25,0.05,0,0,0.0417,0,0.0909,0.4375,0.25,0.3125,0.3889,0,0.0417,0.4444,0.1667,0.0625,0,0,0.0556,0.15,0.15,0.4091,0.0833
"locus6062",0.0417,0,0.05,0.0455,0,0,0,0.0455,0,0.3,0,0.2222,0,0,0,0,0,0,0,0,0,0,0,0
"locus6063",0.2083,0,0.1,0.0455,0,0.0833,0.2222,0.1364,0.125,0.15,0.0625,0,0.125,0.0417,0.0556,0,0.125,0.0556,0,0,0,0.1,0,0.0417
"locus6064",0,0.125,0.25,0,0.2857,0.375,0.3889,0.1364,0.125,0.15,0.375,0.2778,0.1875,0.4167,0,0,0.3125,0.0556,0.5,0.0556,0.05,0.25,0.2273,0.2917
"locus6065",0.0833,0.0625,0.2,0,0,0.0417,0.1111,0.3636,0,0,0.1875,0,0.375,0.25,0.1667,0,0.5,0.2778,0.3333,0.3889,0.15,0.45,0.0455,0
"locus6066",0,0,0.05,0,0,0.125,0,0.0909,0.0625,0,0,0,0,0,0,0,0,0,0,0,0.05,0.1,0,0.125
"locus6067",0.0833,0.0625,0.3,0.3636,0.1429,0.4583,0.4444,0.2727,0.125,0.1,0.375,0,0.1875,0.3333,0.3889,0.1667,0.1875,0.3333,0.1667,0.2222,0.2,0.2,0.2727,0.375
"locus6068",0,0,0,0,0.4286,0.0417,0.3889,0,0.0625,0,0,0,0,0.0417,0.0556,0,0,0,0,0.0556,0,0,0.1364,0.375
"locus6069",0.125,0.1875,0.25,0,0.0714,0.125,0,0.0455,0,0.1,0,0,0.125,0.125,0.0556,0,0.375,0.1111,0.0833,0.0556,0.05,0.1,0.0455,0
"locus6070",0.0833,0,0.35,0.0455,0,0.0417,0.0556,0.0909,0.1875,0,0,0,0.125,0.0833,0.0556,0.1667,0.25,0.1111,0.0833,0.0556,0.15,0.05,0.1818,0.0417
"locus6071",0.0833,0.1875,0.05,0,0.0714,0,0.0556,0.1818,0.0625,0.15,0,0,0.25,0.0417,0,0,0.125,0.0556,0,0,0.05,0.2,0.0455,0.125
"locus6072",0.0417,0.4375,0.5,0.0909,0.4286,0.5,0.3889,0.4091,0.1875,0.5,0.1875,0.4444,0.3125,0.5,0.3333,0.1667,0.3125,0.3889,0.5,0.0556,0.25,0.2,0.4091,0.375
"locus6073",0.125,0,0,0.0909,0,0,0,0.0455,0,0,0.0625,0,0.125,0.0833,0.1667,0,0.0625,0.0556,0.1667,0.0556,0,0.15,0,0
"locus6074",0.375,0,0.5,0.0909,0,0,0,0.4091,0,0,0.25,0,0.1875,0.4583,0.1667,0.3333,0.375,0.3333,0,0.3889,0.3,0.25,0.0909,0.0417
"locus6075",0.25,0,0.05,0.0455,0,0.0417,0.1111,0.3636,0,0,0.125,0,0.125,0.125,0.3333,0.3333,0.125,0.0556,0,0,0.2,0.2,0.1364,0.0417
"locus6076",0.4167,0.4375,0.5,0.5,0.3571,0.5,0.4444,0.5,0.4375,0.3,0.3125,0.3889,0.3125,0.4167,0.3889,0.5,0.3125,0.4444,0.5,0.3889,0.45,0.45,0.4545,0.4167
"locus6077",0.4583,0,0,0.1818,0.0714,0,0,0,0.125,0,0,0.0556,0.0625,0,0.2778,0.1667,0,0,0,0.1667,0.45,0,0.0909,0
"locus6078",0,0.0625,0,0,0.1429,0.2917,0,0,0,0.35,0,0.4444,0,0,0,0,0,0,0,0,0,0,0.0909,0.0417
"locus6079",0,0,0.05,0,0,0.0417,0.0556,0.0909,0,0.2,0,0,0,0.0417,0,0,0,0.0556,0,0,0,0.05,0,0.0417
"locus6080",0.4167,0.5,0.5,0.4091,0.3571,0.2083,0.3333,0.4091,0.3125,0.3,0.375,0.1667,0.5,0.375,0.3333,0.1667,0.3125,0.4444,0.5,0.1667,0.3,0.4,0.0455,0.375
"locus6081",0.4583,0.375,0.4,0.4091,0.2143,0.375,0.1111,0.5,0.5,0.1,0.3125,0,0.3125,0.2917,0.5,0.5,0.125,0.4444,0.25,0.2222,0.45,0.4,0.4091,0
"locus6082",0.125,0.0625,0.35,0.0909,0.1429,0.1667,0.1667,0.2727,0.4375,0,0.125,0.0556,0.4375,0.1667,0.2222,0.1667,0.3125,0.2222,0.25,0.3889,0.4,0.2,0.3182,0.0417
"locus6083",0.0417,0,0.05,0.1364,0,0,0,0.0455,0.0625,0,0,0,0.0625,0,0.0556,0.1667,0,0.0556,0.0833,0.0556,0.05,0.05,0.0455,0
"locus6084",0.2083,0,0.05,0.0909,0,0,0,0.0455,0,0,0.125,0,0.0625,0.0417,0.1111,0,0.125,0.0556,0,0.1111,0,0.1,0.0909,0
"locus6085",0.3333,0.375,0.45,0.2727,0.2857,0.4167,0.4444,0.3636,0.5,0.4,0.5,0.2778,0.3125,0.5,0.2778,0.5,0.4375,0.4444,0.5,0.3889,0.4,0.3,0.4545,0.4583
"locus6086",0,0.0625,0.05,0,0.0714,0.0833,0.0556,0,0,0,0,0,0,0.125,0.0556,0.1667,0,0.0556,0,0,0.1,0.05,0.1818,0
"locus6087",0.0833,0.1875,0.3,0.2727,0.0714,0.25,0.0556,0,0.1875,0.05,0,0.0556,0.125,0.2083,0.2778,0,0.375,0,0.4167,0,0,0.05,0.0455,0.2917
"locus6088",0.0417,0.125,0.1,0,0,0,0.2222,0,0,0.15,0.25,0.0556,0,0.0417,0.0556,0.1667,0.0625,0,0.1667,0,0.1,0.05,0.1364,0
"locus6089",0.3333,0.25,0.3,0.4091,0.4286,0.4167,0.3333,0.4091,0.5,0.3,0.4375,0.1667,0.1875,0.2083,0.1111,0.3333,0.3125,0.3889,0.25,0.4444,0.3,0.25,0.2727,0.2917
"locus6090",0.375,0.5,0.45,0.2727,0.2857,0.4167,0.3333,0.3636,0.5,0.3,0.25,0.2222,0.4375,0.4583,0,0.1667,0.5,0.3333,0.3333,0.3333,0.35,0.4,0.3182,0.125
"locus6091",0.125,0.1875,0.4,0.5,0.4286,0.25,0.4444,0.3182,0.375,0.4,0.5,0.3333,0.25,0.375,0.3889,0.1667,0.1875,0.3889,0.25,0.2778,0.3,0.3,0.0909,0.375
"locus6092",0.0833,0.1875,0.1,0.0455,0,0.2083,0.0556,0,0,0.15,0,0,0.0625,0.0417,0,0,0.1875,0.0556,0,0,0,0,0.0455,0.125
"locus6093",0.1667,0.0625,0,0.1818,0,0.0417,0,0,0,0,0.125,0,0.0625,0,0.1111,0.1667,0.0625,0.0556,0,0,0.1,0,0.2273,0.0833
"locus6094",0.0833,0.4375,0.45,0.3182,0.5,0.5,0.2778,0.4545,0.1875,0.15,0.4375,0.2222,0.25,0.4583,0.3333,0.5,0.25,0.5,0.5,0.1111,0.3,0.25,0.2727,0.375
"locus6095",0.0417,0.5,0,0,0,0.3333,0.0556,0,0.0625,0.5,0,0.2222,0.0625,0.0417,0.1111,0,0.0625,0,0,0.0556,0,0.2,0.1818,0.1667
"locus6096",0,0,0,0,0,0,0,0,0,0.1,0,0.0556,0.0625,0.0833,0,0,0,0.0556,0,0,0,0.2,0,0.125
"locus6097",0.0417,0,0.25,0,0,0.125,0,0.3182,0,0.1,0.125,0.0556,0.1875,0.2917,0,0,0,0.2778,0.1667,0.2778,0,0.2,0.0455,0.1667
"locus6098",0.2083,0,0,0,0,0.0417,0.0556,0,0,0,0.0625,0,0.0625,0,0.2222,0,0,0,0.0833,0.0556,0,0,0,0
"locus6099",0.1667,0.1875,0.05,0.4545,0.2857,0.3333,0.2222,0.1364,0.1875,0.15,0.4375,0.0556,0.0625,0.125,0.4444,0.1667,0.125,0.1667,0.3333,0.2778,0.45,0.15,0.1364,0.4167
"locus6100",0.0417,0.0625,0,0.0909,0,0.0417,0.1111,0,0,0,0.0625,0,0.0625,0,0,0,0.0625,0,0.1667,0.2222,0.15,0.05,0.0909,0.1667
"locus6101",0,0,0,0,0.2143,0,0.3333,0,0,0,0.3125,0,0,0,0,0,0,0,0.3333,0,0,0,0,0.4583
"locus6102",0.1667,0.0625,0.05,0,0,0.0833,0,0.0455,0,0,0,0,0,0,0,0,0,0.0556,0,0.1111,0,0,0.0909,0
"locus6103",0,0,0,0,0,0.125,0.0556,0,0,0.15,0.0625,0.2222,0,0,0,0,0,0,0,0,0,0,0.1364,0.0833
"locus6104",0.4583,0.3125,0.35,0.4545,0.1429,0.4583,0.5,0.5,0.375,0.3,0.5,0.3333,0.4375,0.5,0.4444,0.5,0.4375,0.5,0.4167,0.2778,0.45,0.35,0.4545,0.5
"locus6105",0.4583,0.375,0.25,0.0909,0.4286,0.4167,0.4444,0.0909,0.375,0.3,0.4375,0.2222,0.25,0.375,0.3889,0.1667,0.375,0.3889,0.0833,0.1667,0.3,0.5,0.4091,0.2083
"locus6106",0.0417,0.125,0.1,0.1364,0,0.2083,0,0.0455,0,0,0.125,0.0556,0.1875,0.0417,0.2222,0,0.0625,0.0556,0.0833,0.0556,0,0.05,0,0.0417
"locus6107",0.1667,0.5,0.05,0.2273,0.1429,0.375,0,0,0.125,0.35,0,0.2222,0.125,0.2083,0,0,0.1875,0.0556,0,0.0556,0,0.25,0,0.0417
"locus6108",0.0417,0,0,0.3182,0,0,0,0,0,0,0,0,0.0625,0,0,0,0,0,0,0,0.05,0,0,0
"locus6109",0.0833,0.1875,0.2,0.0909,0,0,0.1111,0.0455,0.125,0,0.3125,0.1111,0.125,0.125,0,0.1667,0.125,0.0556,0.25,0.3333,0.1,0.1,0.0455,0.125
"locus6110",0.25,0.25,0.3,0.5,0,0.4167,0.2778,0.2273,0.25,0.25,0.3125,0.2222,0.3125,0.4167,0.3333,0.5,0.375,0.2778,0.0833,0.1667,0.3,0.35,0.3182,0.2083
"locus6111",0.0417,0,0,0,0,0.1667,0.1667,0.0455,0,0,0,0.0556,0,0,0,0,0,0,0,0,0,0.05,0,0.0417
"locus6112",0.1667,0.25,0.05,0.0909,0.0714,0.1667,0.0556,0,0.25,0,0,0,0.0625,0.0417,0,0.1667,0,0.0556,0,0.1111,0.1,0.05,0.0455,0
"locus6113",0.0833,0.125,0.2,0,0,0,0.2222,0.1818,0,0.05,0.125,0.0556,0.375,0.2083,0,0,0.375,0.1111,0.0833,0,0,0.35,0.0909,0.0833
"locus6114",0.0833,0,0.1,0.0909,0,0,0.0556,0,0,0,0,0,0.0625,0.125,0,0,0.4375,0,0,0,0.05,0.05,0,0
"locus6115",0,0,0,0.0455,0,0.0417,0.0556,0.0909,0,0,0,0,0.0625,0,0,0,0,0,0.0833,0.1111,0.05,0,0,0
"locus6116",0.4583,0.4375,0.5,0.4091,0.4286,0.2917,0.5,0.2727,0.4375,0.2,0.3125,0.0556,0.375,0.2917,0.1667,0.1667,0.375,0.2778,0.0833,0.4444,0.45,0.45,0.4091,0.4167
"locus6117",0.0417,0,0.25,0,0,0,0,0.1364,0,0.05,0.0625,0,0.0625,0.0417,0,0.1667,0.125,0,0,0,0,0.05,0,0
"locus6118",0.0417,0,0,0,0,0,0.0556,0,0,0,0.0625,0,0,0,0.1667,0.1667,0.0625,0,0.1667,0.0556,0,0,0,0.0417
"locus6119",0.4583,0.0625,0,0.3182,0,0,0.0556,0,0,0,0.125,0,0.0625,0,0.3333,0,0,0,0,0.2222,0.4,0,0.2727,0.0417
"locus6120",0.125,0.125,0,0,0.0714,0.0833,0.1111,0.0455,0.0625,0.05,0,0,0.0625,0.0417,0.1667,0,0.0625,0.1111,0.0833,0,0.05,0.05,0.1364,0.0833
"locus6121",0.0417,0,0.05,0.0455,0.0714,0,0,0.0455,0,0.05,0,0,0.0625,0.0417,0,0,0.0625,0,0,0.1667,0,0,0,0
"locus6122",0,0.25,0,0.0455,0,0.0417,0.0556,0.1364,0.3125,0,0.0625,0,0.125,0.125,0.1667,0,0.125,0.1667,0,0.4444,0.2,0.05,0.1364,0.0417
"locus6123",0,0,0,0,0.2857,0,0,0,0,0,0,0.0556,0,0,0,0,0,0.0556,0,0,0,0,0.0455,0.1667
"locus6124",0,0.125,0.1,0,0,0.0417,0.0556,0,0,0,0,0.0556,0.125,0,0,0,0,0.1111,0,0,0,0.05,0.0455,0.0417
"locus6125",0.4583,0.125,0.3,0.1818,0,0.0417,0,0.4545,0.4375,0.05,0.1875,0,0.4375,0.4167,0.4444,0.1667,0.375,0.3889,0.25,0.4444,0.3,0.35,0.3182,0
"locus6126",0.125,0,0.1,0.0455,0.0714,0.0417,0.0556,0,0,0.25,0.0625,0.0556,0,0.125,0,0,0.1875,0.0556,0.0833,0.0556,0.15,0.05,0,0
"locus6127",0.125,0.0625,0,0.2727,0.2143,0,0.2222,0,0.0625,0.15,0.25,0.0556,0,0.0417,0,0.3333,0,0,0,0.3333,0.25,0.15,0,0
"locus6128",0,0,0,0.1818,0,0,0,0,0,0,0.0625,0,0,0,0,0,0.0625,0,0,0,0,0.4,0,0
"locus6129",0.4167,0.375,0.3,0.3182,0.2857,0.375,0.1111,0.4091,0.5,0.15,0.125,0.1667,0.4375,0.2917,0.4444,0.5,0.25,0.5,0,0.5,0.4,0.4,0.3636,0.375
"locus6130",0.5,0.25,0.45,0.3182,0.3571,0.2083,0.5,0.2273,0.25,0.15,0.375,0.0556,0.4375,0.5,0.3889,0.5,0.375,0.1667,0.25,0.2778,0.15,0.4,0.5,0.5
"locus6131",0.375,0,0,0.3636,0,0.0417,0,0.0909,0.1875,0.05,0.25,0,0,0,0.2222,0.1667,0.0625,0.1667,0.1667,0.1111,0.2,0,0.2727,0
"locus6132",0,0,0,0.0909,0,0,0.0556,0.0455,0,0,0.0625,0,0,0.0417,0.1667,0,0,0.0556,0,0.1667,0.1,0,0.0455,0
"locus6133",0.375,0.125,0.3,0.4091,0,0.125,0,0.1818,0,0.4,0.0625,0.5,0,0.25,0.4444,0,0.125,0,0.0833,0.1111,0.5,0,0.2273,0.0833
"locus6134",0,0,0.05,0,0,0.0833,0,0.0455,0,0,0,0.0556,0,0.125,0,0,0.1875,0.2222,0.1667,0,0,0.15,0,0
"locus6135",0,0,0,0.0455,0,0.0417,0,0,0,0.15,0,0,0,0.125,0,0,0,0.1111,0,0,0,0.05,0,0
"locus6136",0,0.125,0,0,0,0,0.0556,0,0,0,0.125,0,0,0,0,0,0.0625,0,0.3333,0.1667,0.05,0,0.0455,0
"locus6137",0.0417,0.25,0.15,0.2727,0,0,0.2222,0.1364,0.1875,0.1,0.125,0,0.125,0.25,0,0.1667,0.3125,0.1667,0.3333,0.1111,0.05,0.2,0.0909,0
"locus6138",0,0.125,0.05,0.0455,0,0.125,0.1111,0.1364,0,0.15,0.4375,0.1667,0.0625,0.0417,0,0,0.0625,0,0.25,0,0,0,0,0.0417
"locus6139",0,0.4375,0,0.2273,0,0,0,0,0.375,0.3,0,0.2222,0,0,0,0,0,0,0,0.0556,0,0.05,0,0
"locus6140",0.125,0.4375,0.3,0.1818,0.0714,0.0833,0.1111,0.2273,0.5,0.15,0,0.5,0.125,0.2917,0.0556,0.1667,0.1875,0.5,0,0.1667,0.05,0.4,0.0909,0.0417
"locus6141",0,0.4375,0.05,0,0.2857,0.5,0.2222,0,0.0625,0.3,0.0625,0.3889,0,0,0,0,0.0625,0,0,0,0.05,0.05,0.1364,0.3333
"locus6142",0.1667,0.1875,0.25,0.2273,0.1429,0.0417,0.0556,0.2273,0,0.15,0.1875,0.0556,0.25,0.125,0.4444,0.3333,0.1875,0.1111,0.1667,0.1667,0.15,0.2,0.1364,0.125
"locus6143",0,0.125,0,0,0.3571,0.3333,0.4444,0,0.125,0.45,0.125,0.1111,0.0625,0,0,0,0.1875,0.0556,0.4167,0.0556,0.05,0,0.3636,0.4583
"locus6144",0.2083,0,0.05,0.0455,0.0714,0.0417,0,0.0909,0.0625,0.05,0.125,0.1667,0.0625,0.0833,0.3889,0,0.0625,0.2778,0.1667,0.3333,0.2,0.1,0.1818,0.1667
"locus6145",0,0,0.45,0,0.0714,0,0,0.1364,0,0,0,0,0,0.0833,0.0556,0,0.25,0.1111,0,0,0,0.1,0.0909,0.0417
"locus6146",0.2917,0.0625,0.05,0.0455,0,0,0.2222,0.0909,0,0,0,0,0.125,0,0.4444,0,0.125,0,0.0833,0.3889,0.35,0.15,0.0909,0
"locus6147",0,0,0,0,0.0714,0,0.0556,0,0,0,0,0,0,0,0,0,0,0,0.1667,0.3333,0,0,0,0.0833
"locus6148",0.0833,0,0.1,0.1818,0,0.1667,0.0556,0.1364,0.0625,0,0,0,0,0.125,0.2222,0,0.0625,0.1111,0,0.2778,0.15,0.1,0,0.0833
"locus6149",0.125,0.25,0.15,0.1818,0,0.125,0,0.2727,0.4375,0.35,0.0625,0.3333,0.125,0.2083,0.3889,0.1667,0,0.1667,0,0.2778,0.05,0.05,0.3182,0
"locus6150",0.0417,0.5,0.2,0.0909,0,0.2083,0,0.0455,0.1875,0.05,0,0.0556,0.25,0.1667,0.2778,0,0.1875,0,0,0,0,0.2,0.0455,0
"locus6151",0,0.125,0,0,0,0.2917,0.0556,0,0.0625,0.15,0,0,0.1875,0.0833,0,0,0,0,0.0833,0,0,0.05,0,0
"locus6152",0,0.125,0.15,0,0.0714,0.2083,0,0.1364,0,0.5,0,0.3889,0.1875,0.0833,0,0,0.25,0,0.0833,0,0.05,0.05,0,0
"locus6153",0.4167,0.3125,0.3,0.5,0.0714,0.25,0.3889,0.1818,0.4375,0.3,0.4375,0.3333,0.5,0.4583,0.2778,0.3333,0.3125,0.3333,0.25,0.3333,0.5,0.4,0.4091,0.25
"locus6154",0,0.0625,0.05,0.0909,0,0.0417,0.1111,0,0,0.1,0.0625,0.0556,0.0625,0.125,0,0,0,0,0,0.1667,0.05,0,0.1364,0.1667
"locus6155",0,0,0.4,0,0,0,0.1111,0.0455,0,0.05,0,0,0,0.1667,0,0,0.3125,0,0.1667,0,0,0,0,0.0833
"locus6156",0.0833,0.125,0.05,0.2273,0.1429,0.25,0.0556,0,0.3125,0.05,0,0.1111,0.1875,0,0,0,0.0625,0,0,0,0,0,0.1364,0.125
"locus6157",0.25,0,0,0,0,0,0,0.1364,0,0.05,0.125,0,0,0,0,0,0,0,0,0.3889,0,0,0.2727,0
"locus6158",0.3333,0,0.2,0.0455,0,0,0.0556,0.1364,0.125,0,0.0625,0,0.125,0.0833,0.3333,0,0,0.1111,0,0.3889,0.25,0.25,0.0909,0
"locus6159",0.0833,0,0,0,0,0.0833,0,0.1364,0,0,0,0,0,0,0.1111,0,0.0625,0.2778,0,0.2778,0,0,0.0909,0.0833
"locus6160",0.0833,0,0.35,0.1364,0,0.0417,0,0.1818,0.0625,0.1,0,0,0.1875,0.375,0.1667,0,0.25,0,0.4167,0,0.05,0.05,0.0909,0.1667
"locus6161",0.4167,0,0.5,0.2727,0,0.0417,0.2778,0.4545,0.375,0.05,0.4375,0.0556,0.4375,0.25,0.2222,0.1667,0.375,0.3889,0.25,0.3333,0.45,0.3,0.3636,0.25
"locus6162",0,0,0.05,0,0,0.3333,0,0,0,0,0,0.0556,0,0.1667,0,0,0.3125,0,0,0,0.05,0,0,0
"locus6163",0,0,0,0,0.0714,0.2083,0.2778,0,0,0.4,0,0.2222,0,0,0,0,0,0,0,0,0,0.05,0,0.0417
"locus6164",0.125,0.25,0.15,0.0455,0,0.1667,0.1667,0,0.0625,0.05,0.25,0.0556,0.125,0.125,0.1111,0.1667,0.1875,0,0.0833,0.0556,0.05,0.05,0.0909,0.0833
"locus6165",0,0.4375,0.1,0.0455,0.2857,0.4167,0.3889,0.1818,0.3125,0.4,0.5,0.5,0.125,0.2083,0.1111,0,0.25,0.1111,0.3333,0.1111,0.05,0.35,0.1364,0.4167
"locus6166",0.2917,0.375,0.1,0.4091,0.0714,0.2917,0.0556,0.1364,0.5,0.05,0.125,0.1111,0.4375,0.2917,0.2222,0.1667,0.3125,0.2778,0.1667,0.2778,0.45,0.45,0.0909,0.0833
"locus6167",0.125,0.0625,0,0.1364,0,0,0,0,0.0625,0,0,0,0,0,0.1667,0,0,0,0,0,0.2,0,0.0455,0.0417
"locus6168",0,0,0,0,0,0.125,0.2222,0,0.0625,0,0,0,0,0,0,0,0.125,0,0,0,0,0,0.0455,0
"locus6169",0,0.3125,0,0.0455,0.5,0.4583,0.2222,0,0.0625,0.45,0.5,0.4444,0,0.0833,0,0,0.125,0.0556,0.25,0.0556,0.05,0.2,0.1818,0.2083
"locus6170",0.0417,0,0.15,0.1364,0,0,0.0556,0.0455,0,0.05,0,0,0.125,0.0417,0,0,0,0,0,0,0.05,0.05,0,0
"locus6171",0,0,0,0,0,0,0.0556,0,0,0.05,0,0,0,0.0417,0,0,0.0625,0,0.1667,0.2778,0,0,0,0
"locus6172",0.125,0.0625,0,0.0455,0,0,0,0,0,0.1,0,0.1667,0.0625,0.0833,0.1111,0,0,0,0,0,0,0,0,0
"locus6173",0.0417,0.0625,0.1,0.1364,0,0.125,0.1111,0.0455,0,0,0.125,0,0.125,0.25,0,0,0.125,0.0556,0.3333,0.1667,0.05,0.2,0.0455,0
"locus6174",0.0417,0,0.05,0.0455,0.0714,0,0.0556,0,0,0,0.125,0,0.1875,0,0.1667,0,0,0.1111,0.1667,0,0.1,0.05,0.0455,0.0417
"locus6175",0.0833,0,0,0.0909,0,0.0417,0,0.0909,0,0.05,0,0.0556,0,0,0,0,0,0.0556,0.0833,0,0,0.1,0,0.0833
"locus6176",0.0833,0.25,0.2,0,0.0714,0.1667,0.0556,0,0.3125,0.05,0.1875,0.2778,0.3125,0.0833,0.1111,0,0.0625,0.1667,0.0833,0,0,0.15,0.0455,0.0833
"locus6177",0.1667,0,0.05,0.0455,0,0.0417,0.0556,0.1364,0,0,0.1875,0,0.1875,0.0833,0.2778,0,0.125,0.3333,0,0.2778,0.15,0.05,0.2727,0
"locus6178",0.2083,0.4375,0.1,0.3182,0,0.4167,0.1667,0.2273,0.375,0.4,0.1875,0.4444,0.3125,0.2917,0.2778,0.3333,0.125,0.5,0.1667,0.1667,0.5,0.25,0.5,0.1667
"locus6179",0.0417,0.125,0.3,0.0455,0,0.0417,0,0.2727,0,0.05,0.125,0,0.375,0.25,0.0556,0.1667,0.25,0.0556,0,0,0.05,0.15,0.0909,0.0833
"locus6180",0,0,0,0,0,0.0833,0.0556,0.1818,0,0,0,0,0,0,0,0,0.0625,0.1111,0,0.0556,0.05,0.05,0,0.0417
"locus6181",0.0417,0,0.1,0,0.5,0,0.3889,0.0455,0.0625,0.05,0.0625,0.0556,0.125,0,0,0,0.1875,0.0556,0,0.0556,0,0,0.1364,0.375
"locus6182",0.0833,0,0.05,0,0,0,0,0.0909,0,0.05,0.125,0,0.0625,0.1667,0,0,0.125,0,0,0,0,0.25,0.0455,0
"locus6183",0,0,0.15,0,0,0.0833,0.2222,0,0,0.05,0,0,0,0.0417,0,0,0.125,0,0.1667,0,0,0,0,0
"locus6184",0.1667,0.5,0.5,0.3636,0.0714,0.125,0.2222,0.5,0.375,0.45,0.4375,0.2222,0.4375,0.5,0.3889,0.3333,0.375,0.3889,0.1667,0.1111,0.3,0.45,0.4545,0.25
"locus6185",0.4167,0.25,0.4,0.5,0.0714,0.125,0.5,0.5,0.1875,0.25,0.1875,0.0556,0.5,0.2917,0.2778,0.5,0.375,0.2778,0.3333,0.4444,0.4,0.35,0.4545,0.3333
"locus6186",0.0833,0.1875,0,0,0,0.2083,0,0,0.3125,0.05,0,0.3333,0,0,0,0,0,0,0,0,0,0.1,0.0455,0
"locus6187",0.0417,0,0,0,0,0.0833,0,0.0909,0.25,0,0,0,0,0.0417,0.1111,0,0.0625,0,0,0.0556,0,0,0,0
"locus6188",0,0.125,0,0.0909,0,0,0,0.0909,0.125,0,0,0,0,0,0,0,0.125,0.1111,0.1667,0,0,0.2,0,0
"locus6189",0.0417,0.375,0.05,0.0909,0.3571,0.5,0,0,0.5,0.4,0.125,0.2778,0.0625,0.125,0.1111,0,0.1875,0.1667,0.1667,0.3333,0.1,0.25,0.0455,0.2083
"locus6190",0.5,0.125,0.05,0.1364,0.3571,0.1667,0.1111,0.4545,0.25,0.25,0.3125,0.1111,0.3125,0.1667,0.5,0.5,0.3125,0.4444,0.1667,0.4444,0.25,0.2,0.3636,0.25
"locus6191",0,0.0625,0.1,0.1818,0,0,0.0556,0,0,0,0,0,0,0.0833,0,0,0.125,0.0556,0,0.3333,0,0.1,0,0
"locus6192",0.2083,0,0.05,0.1364,0,0,0,0,0,0,0,0,0,0,0,0,0,0.0556,0,0.2778,0,0,0.0455,0
"locus6193",0.0417,0.1875,0.05,0.0455,0.4286,0.0833,0.1667,0.0455,0.0625,0.45,0,0.4444,0.125,0,0,0,0.0625,0.1667,0,0.1111,0.2,0.15,0.2273,0.1667
"locus6194",0.0417,0,0.05,0.1364,0,0,0,0.0909,0,0.05,0.0625,0,0.125,0.0833,0.0556,0.1667,0.125,0.1111,0,0,0,0.1,0,0
"locus6195",0.375,0.5,0.5,0.4091,0.2143,0.4583,0.3333,0.2727,0.0625,0.45,0.375,0.2778,0.1875,0.4167,0.2222,0.5,0.375,0.2222,0.4167,0.4444,0.45,0.25,0.3182,0.4583
"locus6196",0,0,0,0,0,0,0.4444,0,0.0625,0,0,0,0,0,0,0,0,0,0.25,0.0556,0,0,0,0.2917
"locus6197",0.25,0.0625,0.05,0,0.0714,0.0417,0.0556,0.1364,0.0625,0.05,0.0625,0,0.0625,0.25,0.0556,0.3333,0,0.0556,0.1667,0.0556,0.2,0.3,0.0909,0.1667
"locus6198",0.0833,0.0625,0.05,0,0,0,0.1111,0.0909,0,0.05,0,0,0.0625,0.0417,0,0,0,0,0,0.0556,0.15,0,0,0
"locus6199",0,0.0625,0,0,0.2143,0.2917,0.1111,0,0.125,0,0,0,0,0,0,0,0,0.0556,0,0,0,0,0,0.2917
"locus6200",0,0.0625,0.05,0,0,0.0417,0,0.1364,0,0,0,0.0556,0.0625,0.0833,0,0,0.1875,0,0,0,0,0,0,0.125
"locus6201",0.3333,0.375,0.2,0.1818,0,0.25,0.3333,0.1818,0.0625,0.4,0.125,0.1111,0.125,0.0417,0.1667,0,0.125,0.1111,0.4167,0.1667,0.25,0.3,0.4545,0.375
"locus6202",0.1667,0.125,0.1,0.0455,0,0.1667,0,0.1818,0.0625,0.1,0.125,0,0.1875,0.1667,0.0556,0.1667,0.0625,0.1667,0,0.1667,0.05,0.05,0.1818,0
"locus6203",0.2083,0.4375,0.25,0.1818,0.2143,0.2917,0.3333,0.3636,0.1875,0.15,0.375,0,0.5,0.3333,0.0556,0.3333,0.3125,0.2222,0.0833,0.0556,0.25,0.25,0.3182,0.4167
"locus6204",0.125,0,0,0.1364,0,0.0833,0,0.0455,0,0,0,0.0556,0,0,0,0.1667,0,0.0556,0,0,0,0,0,0
"locus6205",0.0417,0,0,0.0909,0,0,0.0556,0.0455,0,0,0,0.1111,0.375,0.0833,0,0.1667,0.1875,0.0556,0.0833,0,0,0.1,0.1818,0
"locus6206",0.0417,0,0,0,0.0714,0,0.0556,0.0909,0,0,0.125,0,0,0.0833,0,0.3333,0.0625,0,0.1667,0.0556,0,0.1,0,0
"locus6207",0.125,0.5,0.5,0.2727,0.3571,0.4167,0.1667,0.4091,0.375,0.5,0.125,0.5,0.125,0.25,0,0,0.3125,0.2222,0.0833,0,0.3,0.2,0.1818,0.1667
"locus6208",0.1667,0.0625,0.25,0.0455,0,0.0833,0.0556,0,0,0,0,0,0.0625,0.0833,0.1667,0,0.125,0.0556,0,0,0,0.25,0,0
"locus6209",0.5,0.125,0.45,0.3636,0.1429,0.25,0.4444,0.2727,0.375,0.25,0.4375,0.0556,0.5,0.375,0.3889,0.3333,0.1875,0.3889,0.3333,0.5,0.25,0.3,0.4545,0.5
"locus6210",0.25,0.375,0.2,0.2273,0.2857,0.5,0.3333,0.3182,0.375,0.1,0.25,0.0556,0.4375,0.4167,0.2222,0.5,0.4375,0.3333,0.4167,0.3333,0.3,0.4,0.5,0.2917
"locus6211",0.0417,0.125,0.1,0.0455,0,0,0,0,0,0,0.0625,0,0,0,0,0,0.0625,0.1667,0,0.0556,0.15,0.2,0,0
"locus6212",0.2917,0,0,0,0,0,0,0,0,0,0.125,0,0,0,0.3889,0.1667,0,0,0,0.5,0.1,0,0.3636,0
"locus6213",0.125,0,0.05,0,0,0,0,0,0,0,0.0625,0,0,0.0833,0.1667,0.1667,0,0.0556,0,0,0,0.1,0.0909,0
"locus6214",0,0.0625,0,0,0.0714,0.1667,0.0556,0,0.0625,0.1,0,0.1111,0.0625,0.0417,0.0556,0,0.0625,0.0556,0,0,0,0,0,0.0417
"locus6215",0,0.0625,0.25,0.0455,0.0714,0.0417,0,0.1818,0.0625,0.15,0,0,0.25,0.1667,0,0.1667,0.0625,0.2222,0,0,0,0.05,0,0
"locus6216",0.0417,0,0,0.0455,0,0,0,0,0,0,0.1875,0,0,0,0.1111,0,0,0,0,0.0556,0.1,0,0.2273,0.0833
"locus6217",0.4583,0.3125,0.25,0.3636,0.2857,0.375,0.3333,0.3636,0.5,0.05,0.375,0.1111,0.1875,0.2917,0.0556,0.1667,0.375,0.4444,0.3333,0.3889,0.45,0.35,0.5,0.2917
"locus6218",0.375,0.25,0.35,0.4545,0.5,0.2083,0.4444,0.4091,0.4375,0.35,0.375,0.5,0.25,0.375,0.2222,0.3333,0.5,0.1667,0.4167,0.4444,0.45,0.25,0.3636,0.2917
"locus6219",0.3333,0.4375,0.25,0.4091,0.1429,0.0833,0.0556,0.4545,0.375,0.1,0.4375,0.1111,0.1875,0.2917,0.3889,0.5,0.3125,0.2778,0.3333,0.4444,0.2,0.45,0.2273,0.2917
"locus6220",0.0417,0,0,0.0909,0.0714,0.125,0.1111,0,0.125,0.15,0.0625,0.1111,0.125,0.0833,0,0,0,0.1111,0,0.0556,0.05,0.1,0.0455,0.1667
"locus6221",0,0.125,0.1,0,0,0,0.0556,0.1364,0,0,0.125,0,0,0.25,0,0.3333,0.0625,0.3333,0.3333,0.0556,0.05,0.1,0.0455,0.0417
"locus6222",0.0417,0,0,0.0455,0,0,0,0,0,0,0,0.0556,0,0.0417,0.0556,0.1667,0,0,0.0833,0,0.05,0,0.2273,0.0833
"locus6223",0.375,0.375,0.15,0.4545,0.5,0.2917,0.4444,0.3636,0.375,0.2,0.4375,0.2778,0.3125,0.4583,0.4444,0.5,0.1875,0.4444,0.3333,0.5,0.5,0.5,0.5,0.4167
"locus6224",0,0.0625,0.05,0,0,0.125,0,0,0,0.05,0,0.2222,0,0,0,0,0,0,0,0,0,0,0,0
"locus6225",0.125,0,0.05,0.0909,0.2857,0,0.1111,0.2273,0,0,0.1875,0,0.0625,0.375,0.0556,0,0,0,0,0.0556,0.1,0.15,0.1818,0.0417
"locus6226",0.1667,0,0,0,0,0,0,0.0455,0,0,0.0625,0,0.0625,0,0,0,0,0,0,0,0.2,0,0.0455,0
"locus6227",0.0417,0,0,0,0,0,0.0556,0.0455,0.0625,0,0,0,0.0625,0,0.2222,0,0,0.1111,0,0,0.05,0,0.2273,0
"locus6228",0.125,0.0625,0.45,0.1818,0,0,0.0556,0.3182,0.1875,0.05,0,0,0.25,0.2917,0.2778,0.1667,0.1875,0.3889,0.0833,0,0.1,0.25,0.1364,0.0833
"locus6229",0.0417,0.125,0,0,0.0714,0.0833,0.0556,0.0455,0.25,0.3,0,0.1111,0.0625,0.0417,0,0,0.0625,0,0,0,0,0,0.0455,0.2083
"locus6230",0,0,0,0.0455,0.2143,0.125,0.1111,0.0455,0,0.05,0.25,0.0556,0.0625,0.125,0.2778,0,0.1875,0,0.25,0.2778,0,0,0.0455,0.1667
"locus6231",0.0417,0,0.15,0,0.1429,0.0417,0,0.0909,0,0.1,0.0625,0,0,0.2083,0,0,0.0625,0,0,0,0,0,0.2727,0
"locus6232",0.0833,0.0625,0,0.3636,0,0,0.1111,0,0,0,0.125,0,0.0625,0,0.1111,0,0,0,0,0.4444,0.15,0.05,0.0455,0.0417
"locus6233",0.4583,0.25,0.3,0.4091,0.0714,0.2083,0.3333,0.3636,0.3125,0.2,0.375,0.2222,0.1875,0.3333,0.5,0.1667,0.3125,0.2778,0.1667,0.4444,0.4,0.25,0.4545,0.25
"locus6234",0.0833,0.0625,0.05,0,0,0,0,0.0455,0.0625,0,0.0625,0,0.25,0.0417,0.1667,0,0.125,0.0556,0,0.2778,0.25,0.1,0.0455,0.0417
"locus6235",0.3333,0,0.05,0,0,0,0,0.0455,0,0.05,0,0,0,0.0417,0.4444,0,0,0.0556,0,0.1111,0.05,0.1,0.0909,0.0417
"locus6236",0.0833,0.4375,0,0.0455,0.4286,0.25,0.1111,0,0.25,0.2,0,0.1667,0.0625,0.0417,0,0,0,0.0556,0.0833,0,0,0,0.0455,0.0833
"locus6237",0.0833,0.375,0.45,0.4091,0.5,0.25,0.3333,0.4545,0.25,0.1,0.4375,0.1111,0.4375,0.4583,0.5,0.5,0.4375,0.5,0.5,0.2778,0.35,0.45,0.3182,0.3333
"locus6238",0,0.0625,0,0,0,0,0,0,0,0.25,0,0.4444,0,0,0,0.1667,0,0,0,0,0,0,0,0
"locus6239",0,0.25,0.25,0.1818,0.2143,0.0833,0.2778,0.1364,0,0.05,0.0625,0,0,0.2083,0,0,0.1875,0.1667,0.1667,0.0556,0.15,0.25,0.0909,0.4167
"locus6240",0.0833,0.0625,0.05,0,0,0.0833,0.1111,0,0,0,0,0,0,0.0417,0.2778,0.1667,0,0.0556,0,0,0.1,0.2,0,0.2083
"locus6241",0.2917,0,0,0.0455,0.0714,0.0417,0.0556,0.0909,0,0.05,0.25,0,0.3125,0.125,0,0.3333,0.125,0.0556,0.25,0,0.1,0,0.4545,0
"locus6242",0.3333,0.375,0.3,0.4091,0.2857,0.2917,0.3333,0.5,0.4375,0.4,0.25,0.4444,0.4375,0.3333,0.3333,0.1667,0.375,0.5,0.4167,0.4444,0.4,0.45,0.4545,0.4167
"locus6243",0.2083,0.4375,0.05,0.0455,0.1429,0.4583,0.2778,0,0.25,0.2,0.125,0.1111,0.125,0.125,0,0.3333,0.125,0.0556,0,0.3889,0.1,0.05,0.0909,0.2917
"locus6244",0,0.0625,0,0.0455,0,0,0.2778,0,0,0,0,0,0,0,0,0,0,0.0556,0.0833,0.2222,0,0.05,0.0455,0.0417
"locus6245",0.0417,0,0,0.0455,0,0.125,0,0.0909,0,0,0.25,0,0,0.0417,0,0,0.0625,0,0.0833,0,0,0.3,0.0455,0.0417
"locus6246",0.2083,0.25,0.3,0.1364,0.1429,0.125,0.1667,0.1818,0,0.05,0.0625,0,0.0625,0.3333,0.1667,0.3333,0.4375,0.0556,0.1667,0.0556,0.15,0.25,0.2727,0.0417
"locus6247",0.0833,0.0625,0.05,0.1364,0.0714,0.125,0.1111,0.0455,0.1875,0.05,0.1875,0.1667,0.4375,0.125,0.1111,0.3333,0.125,0,0.1667,0.3333,0.1,0.2,0.1818,0.25
"locus6248",0,0.0625,0,0,0,0.125,0,0,0.125,0.1,0.0625,0,0,0.0417,0,0,0.0625,0.1111,0,0,0,0,0,0
"locus6249",0.375,0,0,0,0,0.0417,0,0,0,0.1,0,0,0.0625,0.0833,0.0556,0,0,0.0556,0.0833,0.2222,0.35,0,0.0455,0
"locus6250",0.0833,0.1875,0.15,0.0455,0.5,0.4167,0.3889,0.0455,0.0625,0.4,0.125,0.3333,0.25,0.1667,0.0556,0,0.1875,0.1111,0.1667,0,0.05,0.1,0.0455,0.375
"locus6251",0.0833,0.25,0,0.0455,0,0.125,0.1111,0.1364,0.1875,0.35,0,0.3889,0.0625,0.125,0.1667,0,0.0625,0.3333,0.3333,0,0.1,0.3,0.0455,0.0417
"locus6252",0,0.0625,0.05,0,0,0,0,0.0455,0,0,0,0,0.0625,0.25,0,0,0.1875,0.0556,0,0,0,0,0,0
"locus6253",0,0,0.1,0,0,0,0,0.3636,0,0,0,0,0,0.125,0,0,0,0.0556,0,0,0,0.15,0,0
"locus6254",0.1667,0,0,0,0,0,0,0,0,0,0,0,0,0.0417,0,0.1667,0.0625,0.1111,0,0.0556,0,0,0.1364,0.0417
"locus6255",0.0417,0.0625,0.1,0,0,0,0,0.0455,0.0625,0,0.0625,0.0556,0.375,0,0,0,0,0.1111,0.0833,0,0,0.1,0,0.1667
"locus6256",0.4583,0.3125,0.35,0.4545,0.0714,0.25,0.2778,0.3636,0.4375,0.35,0.5,0.4444,0.4375,0.5,0.4444,0.5,0.5,0.5,0.3333,0.4444,0.4,0.3,0.4545,0.3333
"locus6257",0.0417,0.0625,0,0,0.0714,0,0.3333,0,0,0,0,0,0,0.0417,0,0,0,0,0,0,0,0,0,0.125
"locus6258",0,0,0,0,0,0,0,0,0,0,0,0,0,0,0,0.1667,0,0,0,0.2778,0.2,0,0.2273,0.0417
"locus6259",0.25,0,0.05,0.1818,0,0,0.0556,0.1364,0.0625,0.15,0.5,0,0.4375,0.25,0.4444,0.1667,0.375,0.3889,0.1667,0.1111,0.35,0.2,0.1818,0
"locus6260",0,0,0.05,0,0.1429,0,0,0,0,0.25,0,0.1111,0.1875,0,0.0556,0,0.0625,0.1111,0,0,0,0.1,0,0
"locus6261",0.0833,0.125,0.05,0.0455,0,0.0833,0,0,0.0625,0,0,0,0.0625,0.0833,0,0,0.1875,0.1667,0,0,0,0,0,0.0833
"locus6262",0.1667,0.0625,0.1,0,0.1429,0,0.1111,0.2727,0,0.05,0.125,0,0,0.125,0.1667,0.1667,0.125,0.1111,0,0.0556,0,0.25,0,0.125
"locus6263",0.375,0.125,0.05,0.1818,0,0.0417,0,0.1364,0.1875,0.1,0.125,0.0556,0.1875,0.125,0.1667,0.3333,0.125,0.3333,0,0.4444,0.4,0.2,0.2727,0.0833
"locus6264",0.125,0.125,0.1,0,0,0,0.0556,0.0455,0,0,0.125,0,0,0.0417,0,0,0.1875,0,0.1667,0,0.05,0,0,0.1667
"locus6265",0.2917,0,0,0.0455,0,0,0.0556,0,0.0625,0,0.1875,0,0.0625,0.0417,0.3889,0.1667,0,0,0,0.3889,0.15,0,0.0455,0
"locus6266",0.0417,0,0,0.3636,0,0,0,0,0,0.05,0.0625,0,0,0.0417,0.0556,0,0,0,0,0,0.2,0,0,0
"locus6267",0.125,0.4375,0.5,0.5,0.5,0.2083,0.3889,0.4545,0.4375,0.2,0.3125,0.2778,0.5,0.4583,0.3333,0.3333,0.4375,0.3889,0.4167,0.1111,0.25,0.35,0.3636,0.4167
"locus6268",0.125,0,0,0,0.1429,0.0417,0,0,0.4375,0,0.0625,0,0,0,0.0556,0.1667,0,0.2222,0.0833,0,0.2,0,0.1818,0.125
"locus6269",0,0.0625,0,0.0455,0.2857,0.0833,0.1111,0.0455,0,0,0.125,0,0,0.0833,0.0556,0,0.0625,0.0556,0.0833,0.0556,0.05,0.1,0.0455,0.1667
"locus6270",0,0,0.1,0.0455,0,0,0.1111,0.0455,0.0625,0,0,0,0.0625,0.0417,0,0,0.0625,0.1667,0,0,0,0,0,0
"locus6271",0.0417,0.3125,0,0,0.0714,0.0417,0,0,0.0625,0,0,0.0556,0,0.125,0,0,0.125,0.0556,0,0,0,0.05,0,0.0417
"locus6272",0.2083,0,0,0.1818,0,0,0,0,0,0,0,0,0.125,0.0833,0,0.3333,0.0625,0.0556,0,0,0,0.05,0,0
"locus6273",0.375,0.25,0,0.0455,0.0714,0.2083,0,0.1818,0.25,0,0.1875,0,0.125,0,0.5,0.3333,0.0625,0.1111,0,0.5,0.35,0.05,0.3182,0.0417
"locus6274",0.0833,0.375,0.15,0.4091,0,0.4167,0.1667,0.3182,0.3125,0.4,0.1875,0.3333,0.25,0.4167,0.5,0.5,0.3125,0.3333,0.25,0.1111,0.35,0.4,0.1818,0
"locus6275",0.125,0.4375,0.3,0.3182,0.2857,0.2083,0.2222,0.1818,0.25,0.5,0.25,0.3333,0.25,0.2917,0.2778,0.3333,0.3125,0.2778,0.4167,0.2222,0.4,0.3,0.2727,0.1667
"locus6276",0.0417,0.0625,0,0.0455,0,0.0833,0,0.4091,0,0,0,0,0.3125,0.0833,0,0,0.0625,0.2222,0,0.0556,0,0.25,0.1364,0
"locus6277",0.25,0.125,0.4,0.0909,0,0.0417,0.1111,0.5,0.3125,0.1,0.0625,0,0.375,0.375,0.3333,0.5,0.25,0.4444,0.0833,0,0.2,0.35,0,0
"locus6278",0.0417,0,0,0.2273,0,0,0.0556,0,0,0.25,0,0,0,0.0417,0.0556,0,0.0625,0.1111,0,0,0.05,0,0,0
"locus6279",0.0833,0.1875,0.25,0,0.2143,0.2083,0.2778,0.2273,0.125,0.35,0.0625,0.2778,0.0625,0.25,0,0,0.25,0.1111,0.1667,0.0556,0.15,0.45,0.0909,0.4167
"locus6280",0.1667,0.5,0.2,0,0.3571,0.375,0.2778,0.1364,0,0.4,0.1875,0.5,0.125,0.125,0.1667,0.3333,0.25,0,0.4167,0.1667,0.15,0.3,0.0909,0.2917
"locus6281",0.3333,0.4375,0.45,0.4545,0.2857,0.4167,0.3889,0.5,0.4375,0.3,0.375,0.5,0.4375,0.4583,0.2778,0,0.375,0.3889,0.3333,0.5,0.25,0.45,0.3636,0.4583
"locus6282",0.4583,0,0.15,0.0909,0,0.0417,0,0.2273,0.3125,0.05,0.0625,0.0556,0.125,0.1667,0.2778,0,0.1875,0,0.0833,0.0556,0.05,0.2,0.1818,0.125
"locus6283",0,0,0.1,0.0455,0,0.0417,0,0.0909,0,0,0.0625,0,0,0,0,0,0.0625,0.2222,0.25,0.0556,0,0.1,0.0455,0.0833
"locus6284",0.0833,0,0.15,0.3636,0,0,0.1667,0.0909,0.0625,0,0.125,0,0.125,0.25,0.0556,0,0.0625,0.1111,0.1667,0,0.15,0.1,0.0455,0
"locus6285",0,0,0,0,0,0.0417,0,0,0,0,0.125,0.4444,0,0.0417,0,0,0,0,0,0,0,0,0.0455,0.0417
"locus6286",0.4167,0.3125,0.35,0.4091,0.4286,0.375,0.3889,0.3636,0.4375,0.45,0.3125,0.3333,0.1875,0.2917,0.2222,0.5,0.375,0.4444,0.3333,0.4444,0.45,0.5,0.4091,0.25
"locus6287",0.1667,0.125,0,0.0455,0,0.0417,0,0,0.25,0,0.0625,0,0.25,0,0.1111,0,0.0625,0,0,0,0,0,0.0455,0.0417
"locus6288",0.125,0,0,0.2727,0.2857,0.0833,0.2778,0,0.125,0.05,0.125,0,0.0625,0.2917,0.4444,0,0,0.0556,0.4167,0.0556,0.4,0.25,0.4545,0.25
"locus6289",0.0833,0,0.05,0,0,0,0,0.0455,0,0,0,0,0,0,0,0,0,0.0556,0.3333,0,0.05,0,0,0.0417
"locus6290",0,0.0625,0.1,0,0.0714,0.0417,0.1111,0.0909,0.125,0.1,0,0.0556,0.0625,0,0,0.1667,0,0.0556,0.3333,0,0.05,0,0.0909,0.0833
"locus6291",0,0.0625,0.15,0.2727,0,0.0417,0,0.0455,0.1875,0.1,0.0625,0.1111,0.0625,0.0417,0.0556,0,0.0625,0,0,0,0.1,0,0.1818,0
"locus6292",0.0833,0.0625,0,0.0455,0,0.0417,0,0,0.25,0,0,0,0,0,0,0,0,0,0,0,0,0,0,0.0417
"locus6293",0.4167,0.4375,0.35,0.5,0.4286,0.4583,0.4444,0.2727,0.4375,0.1,0.4375,0.2778,0.4375,0.4167,0.5,0.5,0.375,0.3333,0.3333,0.4444,0.45,0.45,0.4545,0.4167
"locus6294",0.0833,0,0.05,0,0,0,0.0556,0.0909,0,0,0,0,0,0.0417,0,0,0.0625,0.1667,0,0.0556,0,0.1,0.0455,0
"locus6295",0,0,0.15,0,0,0,0,0.0455,0,0.05,0,0,0.0625,0,0,0,0.125,0,0.1667,0,0.05,0.15,0.0909,0
"locus6296",0.125,0.1875,0,0,0,0.0833,0.0556,0.0455,0,0.05,0,0,0,0,0.1111,0.1667,0,0,0,0,0,0.1,0,0
"locus6297",0.1667,0.0625,0.15,0.1364,0,0,0.0556,0,0.0625,0,0.0625,0,0.0625,0,0.0556,0,0.125,0,0.1667,0.1667,0.1,0,0,0.0417
"locus6298",0.0417,0.1875,0,0.0455,0.4286,0.4167,0.2222,0,0.1875,0.25,0,0.2222,0.125,0,0,0,0,0,0,0.0556,0,0,0.1364,0.0417
"locus6299",0.4583,0.4375,0.4,0.5,0.3571,0.2917,0.3889,0.4545,0.4375,0.5,0.375,0.4444,0.4375,0.4583,0.1111,0.5,0.3125,0.5,0.25,0.0556,0.45,0.45,0.2273,0.3333
"locus6300",0.0417,0,0,0,0.1429,0,0.1111,0,0,0,0.0625,0,0,0.0417,0,0,0.125,0,0.1667,0,0.1,0,0.0909,0.0833
"locus6301",0.0417,0,0.05,0,0,0.0417,0.0556,0.1364,0.125,0,0.125,0,0.1875,0.0417,0,0,0.0625,0.2222,0,0,0,0.2,0.0455,0
"locus6302",0.0833,0.0625,0.1,0.0909,0,0.0833,0.1111,0.0455,0.125,0.15,0,0.1667,0.125,0.0417,0.0556,0.1667,0.0625,0.0556,0,0,0.05,0.2,0,0
"locus6303",0.125,0,0.15,0,0,0,0.0556,0.0455,0,0,0,0,0.125,0.25,0.0556,0.3333,0.125,0.0556,0.1667,0.2222,0.1,0.05,0.0909,0
"locus6304",0.0833,0.375,0.05,0.0455,0.2857,0.25,0.1667,0.0455,0.125,0.4,0.1875,0.4444,0.0625,0.125,0,0,0.1875,0.1111,0.25,0.1667,0.15,0.15,0,0.1667
"locus6305",0,0.4375,0.05,0.0455,0,0.2917,0,0,0.0625,0.35,0,0.2222,0.125,0.0417,0.0556,0,0,0.2222,0.0833,0,0,0,0.0455,0
"locus6306",0,0.0625,0,0,0.0714,0.0833,0.0556,0,0,0,0.0625,0.0556,0,0,0,0,0,0,0.0833,0,0,0.15,0,0.25
"locus6307",0.1667,0.125,0.3,0.1364,0.0714,0.0833,0.1111,0.3182,0.0625,0.05,0.1875,0,0.4375,0.4583,0.1667,0.3333,0.3125,0.3889,0.3333,0,0.15,0.4,0.0909,0.125
"locus6308",0,0,0.1,0,0.2143,0.0833,0.2222,0,0,0.05,0,0,0.125,0,0,0,0,0.2222,0,0,0,0.05,0.0455,0.25
"locus6309",0,0.0625,0.05,0,0,0.0833,0.0556,0,0.0625,0,0,0,0,0.125,0,0,0.4375,0,0,0,0.05,0.05,0,0
"locus6310",0,0,0.05,0,0,0.0417,0,0,0.0625,0,0,0.0556,0.1875,0,0,0,0,0.0556,0,0,0,0,0.0455,0
"locus6311",0.375,0.125,0.3,0.2727,0,0.0417,0.1111,0.3182,0.5,0.05,0.4375,0.1111,0.1875,0.1667,0.3333,0.1667,0.125,0.1667,0.25,0.2222,0.15,0.2,0.2273,0.2083
"locus6312",0.0417,0,0,0,0,0,0,0.0909,0,0.05,0,0,0,0.0417,0,0,0,0,0,0,0,0.15,0.1364,0
"locus6313",0.4583,0.1875,0.35,0.5,0.0714,0.0417,0.1111,0.2727,0.375,0.1,0.3125,0.0556,0.3125,0.0833,0.5,0.5,0.3125,0.5,0.25,0.4444,0.35,0.4,0.4545,0.0833
"locus6314",0.0417,0,0.05,0,0,0,0,0,0,0,0,0,0,0.125,0,0,0.1875,0,0.25,0,0,0.05,0,0
"locus6315",0.0833,0.0625,0,0.0455,0.0714,0,0.1111,0.0455,0,0,0,0,0,0,0.1667,0,0,0,0,0.0556,0.1,0,0.0455,0.125
"locus6316",0,0,0,0,0,0.2083,0,0,0,0.15,0,0.4444,0,0,0,0,0,0,0,0,0,0,0,0
"locus6317",0.2917,0.3125,0.25,0.3636,0.2857,0.3333,0.4444,0.0909,0.1875,0.15,0.4375,0.0556,0.375,0.1667,0.3333,0.5,0.0625,0.3889,0.5,0.1111,0.45,0.45,0.4545,0.4167
"locus6318",0.0833,0.1875,0,0,0.1429,0.125,0.0556,0.0909,0.0625,0.15,0.0625,0.1111,0.125,0.125,0.0556,0,0.0625,0,0.1667,0,0.1,0.3,0,0.0417
"locus6319",0.0417,0.125,0,0,0,0.2917,0.0556,0.0909,0,0.4,0.0625,0.2222,0.0625,0.125,0.1111,0,0.125,0,0.1667,0.1111,0,0.05,0.0455,0.0417
"locus6320",0.0833,0,0.05,0,0,0.125,0,0,0,0.1,0,0,0,0.0417,0.1111,0,0,0,0.0833,0,0,0.05,0.0455,0.0417
"locus6321",0.0833,0,0,0.0909,0,0,0,0.0455,0,0,0.0625,0,0.0625,0.0417,0.1111,0,0.0625,0.1111,0,0,0,0.05,0,0.0417
"locus6322",0,0.0625,0.05,0,0,0,0,0.0455,0,0,0,0,0,0.125,0,0,0.0625,0,0.25,0,0,0.05,0,0.0417
"locus6323",0.0417,0,0,0.0455,0,0.0417,0,0.0455,0,0,0,0,0,0,0.2222,0.1667,0.0625,0,0,0,0.05,0.15,0,0
"locus6324",0.375,0.25,0.35,0.3636,0.2143,0.1667,0.2222,0.2273,0.0625,0.35,0.4375,0.0556,0.25,0.25,0.1667,0.1667,0.375,0.1667,0.3333,0.1667,0.5,0.45,0.3636,0.0833
"locus6325",0.1667,0.25,0.3,0.5,0,0.125,0.0556,0.0455,0.5,0.15,0,0.4444,0.125,0.125,0.1667,0.3333,0.0625,0.1111,0,0,0.2,0.2,0.0909,0.25
"locus6326",0.5,0.3125,0.45,0.4545,0.3571,0.3333,0.3333,0.3182,0.5,0.15,0.25,0.1111,0.3125,0.5,0.2222,0.3333,0.5,0.4444,0.3333,0.1667,0.5,0.3,0.1818,0.3333
"locus6327",0.375,0.125,0.3,0.3636,0,0,0.1111,0.3182,0.4375,0.15,0.1875,0.1667,0.1875,0.2083,0.4444,0.3333,0.0625,0.5,0.3333,0.3889,0.25,0.25,0.2273,0.0417
"locus6328",0.0417,0,0.1,0,0,0,0.0556,0,0,0.05,0,0,0,0.125,0,0,0.0625,0.0556,0,0,0.1,0,0.0455,0.0833
"locus6329",0.0833,0.1875,0.15,0.2727,0.0714,0.0833,0.3333,0.3636,0.1875,0.1,0.0625,0.1111,0.1875,0.125,0.0556,0,0.0625,0.2222,0.3333,0.2222,0.1,0.1,0.0455,0.4583
"locus6330",0.0417,0.0625,0.05,0.1364,0,0,0,0.2727,0,0,0.125,0,0.125,0,0.2778,0,0.0625,0.3889,0,0.0556,0.2,0,0.0455,0
"locus6331",0.0417,0.1875,0.35,0.2273,0.1429,0.1667,0.2778,0.0909,0.125,0.1,0,0.0556,0.1875,0.1667,0.0556,0,0.125,0.0556,0.1667,0.2222,0.1,0,0.1818,0.1667
"locus6332",0.0833,0.1875,0.2,0.1364,0.0714,0.0833,0.0556,0.0909,0.0625,0,0,0,0.1875,0.0833,0,0.3333,0.0625,0,0.0833,0.3889,0.1,0,0.0455,0.0833
"locus6333",0,0,0.05,0,0,0,0,0,0,0.05,0,0,0.0625,0.125,0,0,0,0,0,0,0,0,0.1818,0
"locus6334",0.25,0,0.25,0.3182,0,0.0417,0,0.0455,0.375,0,0,0.2222,0.0625,0.1667,0.1111,0,0,0.1667,0.0833,0.4444,0.3,0.25,0.1818,0.125
"locus6335",0,0.0625,0.05,0.0909,0.4286,0.2917,0.2222,0.0455,0,0.45,0.125,0.4444,0.0625,0.0833,0,0,0,0,0,0.0556,0.2,0.1,0.0909,0.3333
"locus6336",0.0417,0.25,0.1,0.1818,0,0.375,0.0556,0,0.125,0.05,0,0.2222,0,0.0833,0.1111,0.1667,0,0,0.1667,0.1111,0.1,0.1,0.0455,0.2083
"locus6337",0,0,0,0,0,0,0,0,0,0,0,0,0,0,0,0,0,0,0,0.3889,0.05,0,0,0
"locus6338",0.25,0.25,0.35,0.5,0.3571,0.0417,0.3889,0.1818,0.375,0.15,0.375,0,0.4375,0.375,0.4444,0.1667,0.4375,0.4444,0.3333,0.2222,0.45,0.45,0.2727,0.4167
"locus6339",0.0417,0,0,0,0.1429,0,0.0556,0,0,0,0,0,0,0,0.1667,0,0.0625,0.1111,0,0,0,0,0.0909,0.0833
"locus6340",0,0.1875,0,0.0909,0,0.0417,0.0556,0,0.1875,0,0,0,0.0625,0,0,0,0,0.2222,0.0833,0,0.2,0.15,0.1364,0.0417
"locus6341",0.1667,0.3125,0.2,0.4545,0.5,0.4583,0.2778,0.1818,0.375,0.35,0.5,0.2222,0.4375,0.3333,0.3889,0.1667,0.5,0.3333,0.5,0.1667,0.4,0.35,0.4545,0.25
"locus6342",0.125,0.0625,0,0.1364,0.0714,0,0,0.0455,0,0,0,0,0,0,0.2778,0,0,0,0.0833,0,0.1,0,0.0455,0.0417
"locus6343",0,0,0.05,0,0,0,0,0.1364,0,0.05,0,0,0,0.25,0,0,0,0.0556,0,0,0,0.05,0,0
"locus6344",0.2083,0,0,0,0,0,0,0.0909,0,0,0,0,0.125,0.0833,0.4444,0,0.0625,0.1111,0.0833,0,0.1,0.05,0.0909,0
"locus6345",0.0833,0,0.1,0,0.1429,0,0.1111,0.0909,0,0,0,0,0.125,0.0833,0,0.1667,0.0625,0.0556,0,0,0,0.05,0,0.0417
"locus6346",0,0.125,0,0,0,0,0.0556,0,0,0,0,0,0.125,0,0.0556,0,0.0625,0,0,0.0556,0,0.1,0,0
"locus6347",0.0417,0,0.05,0.1364,0,0,0.2222,0,0,0.05,0.0625,0,0,0.0833,0,0.1667,0.125,0,0,0,0,0,0,0.0417
"locus6348",0.1667,0.125,0.15,0.0455,0.0714,0,0.0556,0.1364,0,0,0.0625,0,0.1875,0,0.0556,0,0,0,0.0833,0.0556,0.2,0.1,0,0.125
"locus6349",0.0833,0,0,0,0.0714,0.0833,0,0,0.125,0,0,0,0.0625,0,0.0556,0,0.0625,0.0556,0,0,0,0,0,0
"locus6350",0.0417,0,0.05,0.0455,0.2143,0.0833,0.0556,0,0,0.5,0,0.3889,0,0,0,0,0,0,0.0833,0,0,0,0,0
"locus6351",0.125,0,0.05,0,0,0,0,0.0455,0,0,0.125,0,0.125,0.0417,0.2222,0.5,0,0.0556,0,0,0.15,0,0,0
"locus6352",0.4583,0.5,0.35,0.4091,0.2857,0.3333,0.2778,0.4545,0.375,0.5,0.25,0.4444,0.5,0.5,0.3889,0.3333,0.4375,0.4444,0.4167,0.3889,0.5,0.45,0.3182,0.2917
"locus6353",0.0417,0.125,0.15,0,0,0,0,0.0909,0.125,0.3,0.0625,0.1667,0.0625,0.125,0,0,0.125,0.1111,0,0,0.05,0.05,0,0
"locus6354",0,0,0,0.4091,0,0,0,0,0,0,0,0,0,0.0833,0,0,0,0,0,0,0.2,0,0,0
"locus6355",0,0.125,0,0.0909,0,0.0417,0.1111,0,0,0.05,0.125,0,0,0,0,0,0,0,0,0.3889,0,0,0,0.0417
"locus6356",0,0.125,0.05,0.0455,0.0714,0.0417,0.1667,0,0,0,0,0,0.25,0,0,0.1667,0.0625,0,0.25,0,0,0,0,0.0833
"locus6357",0.0833,0,0,0,0,0,0,0.0455,0,0,0,0,0,0,0.2778,0,0,0,0,0.0556,0.05,0,0.0455,0
"locus6358",0.125,0,0,0,0,0.0833,0.0556,0,0.0625,0,0,0,0,0.0417,0.1667,0,0,0,0,0,0.05,0,0,0
"locus6359",0.0417,0,0.05,0,0.0714,0.0417,0,0.0909,0,0,0,0.0556,0.0625,0.0833,0,0.1667,0.0625,0.1667,0,0.0556,0,0,0,0.0833
"locus6360",0.0417,0.0625,0,0,0.1429,0.0833,0,0.0455,0,0,0,0,0,0,0,0,0,0,0,0,0.05,0,0.1818,0.0417
"locus6361",0.2083,0.25,0.2,0.1364,0.2143,0.4167,0.1667,0.3182,0.1875,0.4,0.125,0.4444,0.25,0.3333,0.0556,0,0.25,0.1111,0.0833,0.0556,0.15,0.35,0.1364,0.125
"locus6362",0,0.0625,0,0,0,0,0,0,0.25,0,0.0625,0,0.3125,0.0417,0.1667,0,0,0,0,0,0.05,0.05,0,0
"locus6363",0.0833,0,0.15,0.0909,0.0714,0,0.2222,0,0,0.25,0,0.0556,0.125,0,0,0,0.1875,0,0,0.0556,0,0.05,0.0455,0
"locus6364",0,0,0,0,0,0,0.1667,0,0,0.05,0.1875,0,0,0,0.0556,0,0,0,0.0833,0.0556,0,0,0,0.0417
"locus6365",0,0.0625,0.15,0,0,0,0,0.0909,0,0,0,0,0.25,0.25,0.0556,0,0.3125,0.1111,0.0833,0,0,0.05,0.0455,0
"locus6366",0.3333,0.4375,0.15,0.1818,0,0.0833,0.0556,0.0455,0.0625,0,0.125,0.0556,0.125,0.0417,0.3889,0,0.1875,0.1111,0.0833,0.3889,0.4,0.1,0.2727,0.0833
"locus6367",0.5,0.1875,0.15,0.4091,0,0.375,0.2778,0.4091,0.375,0.05,0.375,0.0556,0.1875,0.125,0.4444,0.5,0.25,0.4444,0.4167,0.3333,0.5,0.4,0.5,0.0833
"locus6368",0.0833,0.0625,0,0,0.2143,0.0417,0,0,0.125,0,0.1875,0,0.1875,0.25,0.2222,0.3333,0.125,0.0556,0,0,0.25,0,0.2727,0.1667
"locus6369",0.0417,0,0.1,0.0455,0,0,0,0.0455,0.0625,0,0,0,0.125,0.0417,0,0,0.125,0.0556,0,0,0,0,0.0455,0
"locus6370",0.0417,0.3125,0.45,0,0.0714,0.375,0,0.5,0.0625,0.05,0.0625,0.0556,0.1875,0.25,0,0,0.1875,0.2778,0.0833,0.0556,0,0.3,0.0909,0.125
"locus6371",0.1667,0,0.1,0.1818,0,0.0417,0.1111,0.0455,0.0625,0,0,0,0.0625,0.0417,0.1667,0.1667,0.0625,0,0.0833,0,0,0,0.0909,0.25
"locus6372",0.0417,0,0.05,0,0,0,0,0.0909,0,0,0,0.0556,0,0.0833,0.1111,0,0.0625,0,0,0,0,0,0,0
"locus6373",0.375,0.0625,0,0.1364,0.0714,0.0417,0.1111,0.1364,0,0,0.25,0,0.25,0.2083,0.2778,0.3333,0,0.2222,0,0.4444,0.2,0.1,0.2273,0.0417
"locus6374",0,0.0625,0,0.0455,0,0.1667,0.1111,0.0909,0.125,0,0,0,0,0.0417,0,0,0.0625,0,0,0,0.1,0,0.0909,0.0417
"locus6375",0,0,0.05,0,0,0,0.1111,0,0.0625,0.1,0.0625,0,0.1875,0.0417,0,0,0.125,0.0556,0,0.0556,0.05,0,0.2273,0
"locus6376",0.375,0.0625,0.25,0.2273,0,0.125,0.0556,0.3182,0,0.05,0.1875,0.0556,0.1875,0.0417,0.3889,0.1667,0.1875,0.1667,0,0.2222,0.45,0.25,0.1818,0
"locus6377",0.2083,0.375,0.1,0.1364,0,0.0833,0.3333,0.0455,0,0,0.125,0,0,0.2083,0.0556,0,0.125,0.1667,0.4167,0,0,0.1,0.1364,0.4583
"locus6378",0.0417,0,0.05,0,0,0.0417,0,0,0,0,0,0,0,0.2083,0,0,0.0625,0,0,0,0,0,0,0.0417
"locus6379",0,0,0,0,0,0,0,0,0,0,0,0,0,0,0.0556,0,0.0625,0,0,0.3889,0.05,0,0,0
"locus6380",0,0.0625,0,0,0.2143,0,0.5,0,0,0.05,0.0625,0,0,0,0,0,0.0625,0,0.3333,0.0556,0,0,0.0909,0.4583
"locus6381",0.375,0.375,0.25,0.2273,0.2857,0.25,0.3333,0.2273,0.25,0.3,0.25,0.1111,0.375,0.2917,0.2778,0.3333,0.125,0.2222,0,0.1667,0.35,0.4,0.2727,0.4167
"locus6382",0.2083,0,0.05,0.1818,0.0714,0,0.1111,0.3182,0.0625,0,0.125,0.1111,0.125,0.0833,0.3333,0,0.1875,0.4444,0,0.1667,0.35,0.3,0.3636,0
"locus6383",0,0,0,0,0.0714,0.0417,0.2778,0,0,0,0,0,0,0.0417,0,0,0.0625,0,0.0833,0.0556,0,0,0,0.125
"locus6384",0,0.0625,0.05,0,0.1429,0.2917,0.0556,0,0,0.35,0,0.3333,0,0,0,0,0,0,0,0,0,0,0.0455,0.0833
"locus6385",0,0,0,0,0.2857,0.0833,0,0,0.125,0,0,0,0,0,0,0,0,0,0,0,0,0.25,0,0.0417
"locus6386",0.4583,0.375,0.2,0.4091,0.3571,0.4583,0.5,0.2727,0.375,0.15,0.1875,0.1111,0.25,0.25,0.3889,0.1667,0.375,0.1111,0.4167,0.4444,0.45,0.45,0.2727,0.4167
"locus6387",0.375,0.375,0.2,0.4091,0.3571,0.4583,0.4444,0.2727,0.375,0.05,0.375,0.2222,0.3125,0.1667,0.4444,0.1667,0.3125,0.3333,0.25,0.2222,0.15,0.2,0.3182,0.375
"locus6388",0.4583,0,0.05,0.1364,0.1429,0.0833,0.1111,0.0455,0.1875,0.05,0,0,0.0625,0.2917,0.3889,0,0.3125,0.1667,0,0.2778,0.35,0.1,0.1364,0
"locus6389",0.0833,0.5,0.45,0.0455,0.3571,0.4583,0.4444,0.4091,0.1875,0.35,0.375,0.3333,0.375,0.4167,0.0556,0.5,0.4375,0.4444,0.3333,0,0.15,0.4,0.3182,0.3333
"locus6390",0,0,0,0,0,0.2917,0.1667,0,0,0.1,0,0.0556,0,0,0,0,0.0625,0,0.0833,0,0,0,0,0.1667
"locus6391",0,0.125,0.15,0.0455,0,0.2083,0.0556,0.4091,0,0,0.125,0,0.25,0.2083,0.2778,0.1667,0.25,0.1111,0.1667,0.0556,0.05,0.35,0.0909,0
"locus6392",0,0.125,0.05,0.2727,0.2143,0.0833,0.1111,0.0909,0,0.1,0,0.1667,0.0625,0.0417,0,0,0.125,0,0.1667,0,0,0,0.0455,0.125
"locus6393",0.2083,0.1875,0.2,0.0909,0,0.0417,0.0556,0.2273,0,0.1,0,0,0.3125,0.25,0.0556,0.1667,0.3125,0.3333,0.3333,0.1667,0,0.15,0.2727,0
"locus6394",0,0.25,0,0,0.3571,0.25,0.3333,0,0.25,0.4,0.0625,0.4444,0,0.0417,0,0,0,0,0.0833,0,0,0.1,0.0909,0.3333
"locus6395",0.3333,0,0.25,0.2273,0,0,0.1667,0.3182,0.125,0.15,0.25,0,0.375,0.125,0.1111,0.1667,0.25,0.4444,0.25,0.1667,0.2,0.35,0.3636,0.125
"locus6396",0,0,0.05,0,0,0.0417,0.0556,0,0.0625,0.05,0,0,0.0625,0.0417,0,0.1667,0.0625,0.0556,0.0833,0.2778,0,0,0,0
"locus6397",0,0.0625,0,0,0.2143,0.1667,0.2778,0.0455,0.0625,0,0,0.0556,0,0.0417,0,0,0.0625,0.0556,0.1667,0,0.15,0.15,0.1364,0.2917
"locus6398",0.1667,0.0625,0,0.0455,0,0,0.1111,0.0455,0,0.05,0.0625,0,0.0625,0,0.2778,0.3333,0,0,0.3333,0.1111,0.25,0.1,0.1364,0.125
"locus6399",0,0.125,0.05,0.1818,0,0.125,0.0556,0,0.25,0,0,0,0,0.0417,0,0,0,0,0,0,0,0.25,0,0
"locus6400",0.125,0.0625,0.15,0,0.2143,0.2083,0.0556,0.0455,0.1875,0.05,0,0.0556,0.1875,0.0417,0.1667,0.1667,0.125,0.1667,0.1667,0.1667,0.05,0.35,0.0455,0.0833
"locus6401",0,0.1875,0,0,0,0.1667,0,0,0.5,0.2,0,0.3889,0,0.0833,0,0,0.0625,0,0,0.0556,0,0,0,0
"locus6402",0.4583,0,0.2,0.1818,0.1429,0.2083,0.4444,0.0909,0.0625,0,0.25,0,0.125,0.0833,0.3333,0.5,0.1875,0.2778,0.4167,0.4444,0.35,0.2,0.3182,0.375
"locus6403",0,0.125,0.1,0,0,0.0833,0,0.0909,0,0,0,0,0.0625,0,0,0,0,0.2222,0,0,0,0,0.0455,0.0417
"locus6404",0.125,0.375,0.2,0.1818,0.3571,0.25,0,0.1364,0.1875,0.45,0.1875,0.2778,0.0625,0.2083,0.1111,0.3333,0.3125,0.0556,0.0833,0.2222,0.1,0.15,0.1364,0.0833
"locus6405",0.0417,0.0625,0,0,0,0.0833,0,0,0,0.2,0,0.1111,0.1875,0,0,0,0.0625,0.0556,0,0,0,0,0.0455,0
"locus6406",0.0417,0,0,0,0.0714,0,0,0,0.0625,0.25,0,0.0556,0,0,0,0,0,0,0,0,0.05,0.05,0,0.0417
"locus6407",0,0,0,0,0,0.2083,0,0,0,0.4,0,0,0,0,0,0,0,0,0,0,0,0,0.0455,0
"locus6408",0.4583,0.125,0.45,0.3182,0,0.2917,0.2222,0.4545,0.3125,0.1,0.375,0.1667,0.4375,0.5,0.4444,0.3333,0.4375,0.3889,0.1667,0,0.3,0.45,0.2727,0.0417
"locus6409",0.0417,0.25,0.2,0.0455,0.0714,0.1667,0.1111,0.1818,0.125,0.4,0.125,0.2778,0.0625,0.375,0,0,0.125,0.1111,0,0,0.05,0.3,0.0455,0
"locus6410",0.4167,0.0625,0.4,0.4091,0.0714,0.2083,0.2778,0.4091,0.1875,0.3,0.4375,0.2778,0.3125,0.5,0.1667,0.5,0.4375,0.5,0.5,0.3889,0.4,0.45,0.3182,0.25
"locus6411",0.0833,0,0.2,0,0,0,0,0.0455,0,0,0,0,0,0,0.1111,0.1667,0.0625,0.2778,0,0,0.1,0,0,0
"locus6412",0,0,0,0,0,0,0,0,0,0,0,0,0.25,0.0417,0.1667,0.1667,0.0625,0.1111,0,0.0556,0.05,0.05,0,0
"locus6413",0,0.0625,0,0.0455,0,0,0,0.0455,0.0625,0.2,0,0.0556,0.0625,0,0.0556,0,0,0,0,0,0,0,0,0.0833
"locus6414",0,0.5,0.05,0.2273,0.1429,0.0833,0.0556,0.1364,0.0625,0.3,0.1875,0.4444,0.1875,0.1667,0,0.1667,0.125,0.1667,0.0833,0.2222,0.4,0.2,0.2273,0.125
"locus6415",0,0.0625,0.2,0,0,0,0.0556,0.0909,0,0,0,0,0,0.125,0,0,0,0,0.0833,0.0556,0,0.15,0.0909,0.0417
"locus6416",0.0833,0.0625,0,0.0455,0.0714,0,0.2778,0.1364,0,0,0.0625,0,0.0625,0.1667,0.0556,0.1667,0.0625,0.1667,0.1667,0.4444,0.05,0.15,0.0455,0.0833
"locus6417",0.25,0.25,0.35,0.0909,0.2857,0.25,0.3333,0.0909,0.4375,0.1,0,0.2778,0.375,0.1667,0.2778,0.1667,0.125,0.0556,0,0.2222,0.25,0.3,0.1364,0.125
"locus6418",0.1667,0.0625,0.15,0.3182,0.1429,0.2083,0.1667,0.1364,0.0625,0.15,0.25,0,0.3125,0.2917,0.0556,0.1667,0.0625,0.0556,0.1667,0.3889,0.35,0.25,0.1818,0.125
"locus6419",0,0.1875,0.15,0,0.1429,0.375,0.1667,0.1364,0.0625,0.5,0,0.3333,0,0.125,0,0,0.125,0,0.1667,0.0556,0,0,0,0.1667
"locus6420",0,0,0.05,0,0.2143,0.0417,0.3333,0.0909,0,0,0.0625,0,0,0.0833,0,0,0,0.0556,0.4167,0.0556,0.05,0.2,0.0909,0.5
"locus6421",0,0,0,0,0.4286,0.2083,0.1667,0,0,0.4,0.0625,0.3333,0,0,0,0,0,0,0.1667,0,0.05,0,0.4545,0.375
"locus6422",0,0.0625,0,0.0455,0,0,0.0556,0.0455,0,0.05,0,0.0556,0.125,0.0417,0,0,0.125,0.1111,0,0,0.05,0.15,0,0
"locus6423",0.0833,0,0,0,0.2143,0.2917,0.1667,0,0,0.05,0.125,0,0,0,0,0,0,0,0,0.0556,0.05,0,0,0.2917
"locus6424",0.0833,0,0.1,0.1364,0,0.0417,0,0.1818,0,0,0,0,0.0625,0.0833,0,0,0.0625,0.1111,0,0.1111,0,0.1,0,0.0833
"locus6425",0.4583,0.1875,0.35,0.4545,0.1429,0.4583,0.3333,0.2727,0.375,0.35,0.3125,0.2778,0.1875,0.5,0.4444,0.3333,0.4375,0.2222,0.4167,0.3333,0.4,0.35,0.1364,0.2083
"locus6426",0.0417,0.0625,0.15,0,0,0,0,0.0455,0,0,0.1875,0,0.125,0.0417,0,0.3333,0.1875,0.0556,0,0.4444,0,0.1,0.0455,0.125
"locus6427",0,0.125,0,0.0455,0,0,0,0,0,0,0.0625,0,0,0,0,0,0,0.1111,0,0.3889,0.15,0,0.0455,0
"locus6428",0.4583,0.5,0.45,0.2727,0.3571,0.4167,0.4444,0.2727,0.375,0.3,0.4375,0.3333,0.3125,0.4167,0.0556,0.3333,0.375,0.1667,0.4167,0.3333,0.5,0.45,0.3636,0.4167
"locus6429",0.125,0,0,0.0455,0,0,0,0,0,0,0,0,0,0,0,0,0,0,0,0.5,0.2,0,0,0
"locus6430",0,0,0,0.1818,0.1429,0.0417,0,0.0455,0,0.05,0.0625,0,0,0,0,0,0,0,0,0,0.05,0.05,0,0.0417
"locus6431",0,0.0625,0.05,0.2727,0,0,0.1667,0.0909,0,0.05,0,0,0,0.125,0,0,0.125,0.2222,0,0,0.15,0.3,0,0.0417
"locus6432",0,0,0.05,0,0,0,0.0556,0,0,0,0,0,0,0,0,0.1667,0,0,0.0833,0.1111,0.15,0,0,0.0417
"locus6433",0.375,0.375,0.35,0.4091,0.2143,0.2083,0.3333,0.5,0.1875,0.15,0.5,0.1667,0.4375,0.4167,0.3889,0.5,0.4375,0.5,0.5,0.3889,0.4,0.4,0.2727,0.375
"locus6434",0.5,0.1875,0.4,0.5,0.3571,0.2083,0.2222,0.4091,0.4375,0.15,0.1875,0.4444,0.25,0.1667,0.3333,0,0.375,0.5,0.0833,0.4444,0.45,0.3,0.3182,0.2083
"locus6435",0.25,0.375,0.5,0.4545,0.2857,0.2917,0.2778,0.4545,0.4375,0.5,0.375,0.1667,0.4375,0.3333,0.1667,0.3333,0.4375,0.4444,0.5,0.1111,0.3,0.45,0.2727,0.3333
"locus6436",0.2917,0.375,0.3,0.0909,0.2857,0.2917,0.3333,0.4545,0.3125,0.45,0.125,0.3889,0.1875,0.3333,0.2222,0,0.4375,0.1667,0.5,0.0556,0.2,0.3,0.2727,0.125
"locus6437",0,0.0625,0.05,0,0,0,0,0.1818,0,0,0,0,0,0.0417,0.0556,0,0.125,0,0.1667,0,0.05,0.05,0,0
"locus6438",0.125,0.1875,0.1,0.0455,0.0714,0.125,0,0.0455,0,0.15,0.1875,0.3333,0,0.0833,0.2222,0,0.0625,0.0556,0,0.0556,0.05,0.05,0,0
"locus6439",0,0,0,0,0,0,0,0,0,0,0.1875,0,0,0,0.1667,0,0,0.0556,0,0.1111,0.3,0,0,0
"locus6440",0.0833,0.3125,0.35,0.5,0.3571,0.125,0.4444,0.4091,0.375,0.1,0.3125,0.1111,0.5,0.4583,0.3889,0.1667,0.25,0.4444,0.5,0.4444,0.3,0.4,0.4091,0.3333
"locus6441",0.375,0,0,0.1818,0,0,0,0,0,0,0.0625,0,0,0,0.1111,0.3333,0,0,0,0.0556,0.05,0,0.0455,0
"locus6442",0.2917,0.4375,0.3,0.2273,0.2143,0.375,0.3889,0.4091,0.4375,0.5,0.4375,0.3333,0.4375,0.4583,0.4444,0.5,0.3125,0.5,0.1667,0.4444,0.4,0.3,0.4091,0.2917
"locus6443",0,0,0,0.0909,0.2143,0.125,0.0556,0.0455,0,0.05,0,0,0,0,0.2222,0,0,0,0,0,0,0,0,0.0833
"locus6444",0,0.0625,0,0,0,0.0417,0.1111,0,0,0,0,0,0,0.0833,0,0,0,0,0.1667,0.1667,0,0.1,0,0.0417
"locus6445",0.0833,0,0.1,0.0909,0,0,0,0.1364,0.1875,0,0,0,0.25,0.125,0.1667,0.1667,0,0.2222,0,0,0,0.15,0.0455,0.2083
"locus6446",0.4583,0.1875,0.3,0.1364,0.2143,0,0.0556,0.3636,0.25,0.05,0.1875,0.0556,0.4375,0.2083,0.1111,0.3333,0.3125,0.4444,0.25,0.3889,0.3,0.35,0.2273,0.0833
"locus6447",0,0,0,0.0909,0,0,0.0556,0,0,0,0,0,0,0.0833,0.3889,0,0,0.1111,0,0,0.25,0.05,0.0909,0
"locus6448",0,0.25,0.05,0.3182,0.4286,0.5,0.0556,0,0.0625,0.4,0,0.3333,0,0.0417,0,0,0.0625,0.0556,0.0833,0,0.1,0.05,0.0909,0.125
"locus6449",0.125,0.125,0.05,0,0,0.0417,0,0,0,0,0,0,0.25,0,0,0,0,0.1667,0,0,0.05,0.05,0,0
"locus6450",0.0417,0.0625,0.05,0,0.0714,0.0417,0,0.0455,0.0625,0.05,0,0.0556,0,0,0.0556,0,0,0.0556,0,0,0,0,0.0455,0.0833
"locus6451",0.2917,0.4375,0.2,0.4545,0.2857,0.0417,0.5,0.3636,0.375,0.45,0.25,0.3889,0.4375,0.375,0.4444,0.1667,0.25,0.4444,0.3333,0.1667,0.4,0.25,0.3182,0.4167
"locus6452",0.4583,0.25,0.15,0.0909,0.1429,0,0.1111,0.3182,0.125,0.05,0,0,0.25,0.1667,0.2778,0.3333,0.375,0.3333,0,0.1667,0.35,0.35,0.1818,0.0417
"locus6453",0,0,0,0,0.2143,0.2083,0,0,0,0,0,0,0,0,0,0,0,0.0556,0,0,0,0,0.0909,0.125
"locus6454",0,0.125,0,0.1364,0,0.125,0,0,0.125,0.05,0,0,0,0,0,0,0,0,0,0,0,0.05,0,0
"locus6455",0.0417,0.125,0.05,0.0455,0,0.0417,0,0,0.0625,0.1,0,0,0.0625,0.0417,0,0,0.0625,0.0556,0,0,0,0.05,0.0455,0.125
"locus6456",0,0.1875,0.05,0.0455,0.1429,0.0833,0.2778,0,0.4375,0.1,0,0,0.0625,0.0417,0.0556,0,0.0625,0.2222,0,0.1111,0.05,0.2,0.0455,0.4167
"locus6457",0,0.1875,0,0,0,0.125,0,0,0.0625,0,0,0,0,0,0,0,0,0,0,0.1111,0,0,0,0.0833
"locus6458",0,0.375,0.1,0.1818,0.2143,0.4583,0.3889,0,0.0625,0.4,0.3125,0.4444,0,0,0,0.1667,0,0,0.5,0,0,0,0.1818,0.2083
"locus6459",0.0417,0.0625,0.25,0.1364,0.2143,0.125,0.3889,0.0455,0.0625,0.2,0.125,0.2778,0.0625,0.3333,0,0,0.125,0.1111,0.3333,0.0556,0.2,0.1,0.2273,0.4583
"locus6460",0.4583,0,0.05,0.3636,0,0.0833,0,0.2727,0.1875,0,0.125,0,0.1875,0.1667,0.3333,0,0.0625,0.4444,0.1667,0.1111,0.45,0.1,0.4091,0
"locus6461",0.0417,0.4375,0.1,0,0.2857,0.3333,0.4444,0.0909,0.3125,0.25,0.25,0.1111,0.25,0.2917,0.1111,0.5,0.25,0.2778,0.3333,0.0556,0.05,0.25,0.3182,0.5
"locus6462",0,0,0.05,0.0455,0,0,0.0556,0.0909,0,0,0.0625,0.0556,0.25,0.0417,0,0,0.0625,0,0,0,0,0.15,0.0455,0
"locus6463",0.0833,0,0,0.0455,0,0.0417,0,0.0455,0,0.05,0.0625,0.0556,0.0625,0.0833,0,0,0.0625,0,0,0.2222,0,0.2,0,0
"locus6464",0,0,0.05,0,0,0,0.1111,0,0,0,0.125,0,0,0.0417,0.1111,0,0.0625,0,0.25,0,0,0,0.0455,0.0417
"locus6465",0,0,0,0,0,0,0.0556,0,0,0,0,0,0,0,0,0,0.0625,0,0,0.4444,0,0,0.3182,0
"locus6466",0.0417,0.0625,0,0.0455,0,0.0417,0,0.0455,0.3125,0.35,0,0.0556,0,0,0.1667,0,0.0625,0,0,0,0,0,0,0
"locus6467",0.2083,0,0,0,0.0714,0.0417,0.1111,0.0455,0,0,0,0,0,0.0417,0,0,0,0,0,0.1111,0,0.05,0,0.0833
"locus6468",0.1667,0.125,0.1,0.0455,0.2143,0,0.3889,0.0909,0.3125,0.05,0,0,0.25,0.125,0.2222,0.1667,0.1875,0.1111,0.0833,0.5,0.25,0.25,0.1364,0.1667
"locus6469",0.0417,0.1875,0,0.0909,0,0.0417,0,0,0.1875,0,0,0.0556,0,0,0,0,0,0,0.0833,0,0,0.05,0,0
"locus6470",0.1667,0.125,0.5,0.0455,0,0.0833,0.0556,0.4091,0.25,0.1,0.125,0,0.3125,0.25,0.0556,0.1667,0.1875,0.2778,0,0.4444,0.1,0.25,0.0909,0.0833
"locus6471",0,0,0.05,0,0.0714,0.25,0,0,0,0,0,0,0,0,0.1111,0,0,0,0,0,0,0,0,0.0833
"locus6472",0.1667,0.125,0,0.2273,0,0.0833,0,0,0.0625,0,0,0,0,0.0417,0.1111,0,0.0625,0.1111,0.1667,0.0556,0.05,0.15,0,0
"locus6473",0.2083,0.1875,0.35,0.0455,0,0.125,0.0556,0.1818,0,0.15,0,0,0.125,0.25,0,0.5,0.25,0.2778,0,0.1111,0.15,0.3,0.0455,0
"locus6474",0,0.1875,0,0,0.2143,0.4167,0,0,0,0.4,0,0.3889,0.0625,0.1667,0,0,0.125,0.1667,0.1667,0.1667,0,0.15,0,0.4167
"locus6475",0.2083,0,0,0,0,0,0,0,0.0625,0,0.0625,0,0,0,0.1667,0,0,0.1111,0,0,0,0,0,0
"locus6476",0.1667,0.4375,0.4,0.0455,0.3571,0.1667,0.4444,0.3182,0.0625,0.3,0.4375,0.3889,0.3125,0.2917,0.1667,0.3333,0.375,0.1667,0.5,0,0.15,0.3,0.4091,0.375
"locus6477",0.25,0.0625,0,0.1364,0,0.0417,0,0,0,0.05,0,0,0.0625,0,0.1111,0.1667,0,0,0.0833,0.1667,0.1,0,0,0
"locus6478",0.2917,0.3125,0.2,0.2727,0.5,0.5,0.5,0.0909,0.375,0.2,0.3125,0.3889,0.5,0.2083,0.2778,0.1667,0.3125,0.3889,0.5,0.3889,0.3,0.25,0.3182,0.375
"locus6479",0.1667,0,0,0,0,0.0417,0,0.0455,0,0,0.1875,0,0,0,0,0,0,0.1111,0,0,0,0.05,0,0
"locus6480",0,0.0625,0.1,0,0,0,0.0556,0,0,0,0,0,0,0.0417,0,0,0.0625,0.1111,0,0.2222,0,0,0.0455,0.0417
"locus6481",0.0417,0.0625,0.05,0,0,0.0417,0.1111,0.1364,0,0.1,0.125,0,0,0.1667,0,0,0.3125,0,0.1667,0,0,0.05,0,0.125
"locus6482",0,0.5,0.15,0.2273,0.1429,0.5,0.1111,0.0909,0,0.3,0,0.4444,0.1875,0.0833,0,0.3333,0.1875,0.0556,0.0833,0,0,0.05,0,0
"locus6483",0.3333,0,0,0.4091,0,0,0,0,0,0,0.0625,0,0.0625,0,0.3889,0,0.125,0,0,0.2778,0.4,0,0.3182,0
"locus6484",0.2083,0.3125,0.45,0.2273,0.4286,0.3333,0.5,0.4545,0.375,0.1,0.4375,0,0.375,0.4583,0.2222,0.3333,0.375,0.4444,0.4167,0.2222,0.4,0.45,0.4545,0.375
"locus6485",0.2083,0,0.05,0.0909,0,0,0.0556,0,0.125,0,0.0625,0.0556,0,0.0417,0,0,0.0625,0,0,0,0.05,0.1,0.1364,0
"locus6486",0,0,0.05,0,0.0714,0.125,0.1111,0,0,0,0,0,0,0,0,0,0,0,0,0,0,0.25,0.0455,0.1667
"locus6487",0.1667,0.25,0.25,0.0909,0.3571,0.2083,0.1667,0.4091,0.1875,0.5,0.3125,0.2778,0.3125,0.375,0.2778,0,0.1875,0.2222,0.1667,0.0556,0.25,0.4,0.5,0.2083
"locus6488",0,0,0,0.0455,0,0.0833,0.0556,0.0455,0,0,0.0625,0.0556,0,0.0417,0,0,0.0625,0.0556,0,0.0556,0,0,0,0.0417
"locus6489",0,0,0.2,0,0,0,0,0.1364,0.0625,0.05,0,0,0,0.0833,0,0,0.1875,0,0.0833,0,0,0.05,0.0909,0
"locus6490",0,0.0625,0.05,0,0.0714,0,0.1111,0,0,0,0.0625,0,0,0.0417,0.1111,0,0,0,0,0,0,0,0.0455,0.2083
"locus6491",0.125,0,0,0.0909,0,0,0,0,0.1875,0,0,0.2222,0.125,0,0.2222,0,0,0.1111,0,0.0556,0,0.05,0,0.0417
"locus6492",0.2917,0.4375,0.15,0.5,0.5,0.4167,0.2778,0.1364,0.3125,0.15,0.3125,0.1111,0.125,0.0833,0.0556,0,0.125,0.0556,0.5,0.4444,0.15,0.05,0.3636,0.4167
"locus6493",0,0.125,0.05,0,0,0.2083,0.1111,0,0,0.15,0,0.1111,0,0.0417,0.1667,0,0.0625,0.2222,0.3333,0.0556,0,0.15,0,0.2083
"locus6494",0.375,0.125,0.35,0.5,0.2857,0.0417,0.0556,0.2273,0.375,0.45,0.25,0.2222,0.25,0.3333,0.3889,0.3333,0.125,0.2222,0.0833,0.3333,0.35,0.4,0.1818,0.0833
"locus6495",0.1667,0.4375,0.2,0.0455,0.1429,0.3333,0.3889,0.3182,0.3125,0.45,0.25,0.3333,0.125,0.1667,0.3333,0,0.4375,0.3889,0.3333,0.5,0.1,0.15,0.3636,0.25
"locus6496",0,0.0625,0.2,0.0909,0,0,0,0.0455,0,0.05,0,0,0.0625,0,0.1111,0,0,0,0,0,0.05,0.15,0,0
"locus6497",0,0.0625,0.05,0,0.1429,0.4583,0.0556,0,0.0625,0.25,0.125,0.3889,0,0.0417,0,0,0.0625,0,0.0833,0,0.05,0,0,0
"locus6498",0.0833,0.0625,0,0.1364,0,0.25,0,0.0909,0.0625,0,0.0625,0.1111,0,0,0.1111,0.1667,0.1875,0.0556,0.1667,0.0556,0.1,0.05,0.0909,0.0417
"locus6499",0,0.0625,0,0.2273,0.1429,0.0417,0.1667,0.0909,0.125,0.2,0,0.5,0.125,0,0.0556,0.1667,0,0,0.3333,0.0556,0.05,0,0,0.0417
"locus6500",0.0417,0,0.05,0.0455,0,0,0,0,0,0,0,0,0,0,0.3333,0,0,0,0,0.0556,0.2,0,0.0455,0
"locus6501",0.0417,0,0.4,0,0,0,0,0.1364,0,0.05,0,0,0.1875,0.4583,0,0.3333,0.5,0,0,0.0556,0,0.05,0,0.0417
"locus6502",0.3333,0.3125,0.3,0.4091,0,0.4167,0.2222,0.3636,0.4375,0.3,0.25,0.3889,0.5,0.2083,0.3889,0,0.375,0.5,0.0833,0.3333,0.2,0.4,0.4091,0.0833
"locus6503",0.3333,0.25,0.35,0.4091,0.2857,0.2917,0.3333,0.5,0.3125,0.4,0.4375,0.3889,0.375,0.3333,0.2778,0.1667,0.375,0.3333,0.4167,0.1667,0.35,0.25,0.3636,0.1667
"locus6504",0.0833,0,0.05,0.0455,0.0714,0,0.0556,0,0,0,0,0,0,0.0417,0.0556,0,0,0,0.0833,0.0556,0.1,0.1,0.0455,0
"locus6505",0,0,0,0,0,0.1667,0,0.0455,0,0.5,0.0625,0.3889,0,0,0,0,0.0625,0,0,0,0,0,0.0455,0.0417
"locus6506",0.25,0.4375,0.35,0.1818,0.2857,0.375,0.4444,0.3182,0.1875,0.5,0.375,0.3889,0.25,0.4167,0.0556,0.3333,0.3125,0.1667,0.25,0.3889,0.4,0.35,0.2727,0.375
"locus6507",0.125,0,0.1,0,0.1429,0,0.0556,0.0909,0.375,0.05,0,0,0.0625,0.2917,0,0.1667,0.5,0.0556,0.1667,0.0556,0.05,0.1,0.0455,0.0833
"locus6508",0,0,0.05,0,0,0,0,0.0455,0,0.05,0,0,0,0.2083,0,0,0.1875,0,0,0,0,0.05,0,0
"locus6509",0,0,0.05,0,0,0.125,0,0.0455,0,0.15,0,0.2778,0,0.0833,0,0,0.0625,0,0,0.1667,0.05,0.1,0.0909,0.0417
"locus6510",0.1667,0.25,0.3,0.4545,0.2857,0.375,0.3889,0.2727,0.4375,0.5,0.375,0.3889,0.375,0.3333,0.0556,0.3333,0.4375,0.4444,0.5,0.5,0.45,0.2,0.4545,0.4583
"locus6511",0.125,0.0625,0,0.1818,0,0,0.0556,0,0,0,0,0,0,0,0.5,0,0,0,0,0.3889,0.05,0,0,0.0417
"locus6512",0.0417,0.25,0,0,0,0.4583,0.0556,0.0455,0,0.1,0,0.2778,0,0.125,0,0,0,0,0,0.0556,0,0.05,0.0455,0.0417
"locus6513",0.0833,0.125,0.05,0,0,0.2083,0.0556,0,0,0.25,0,0.4444,0.0625,0.0417,0.1667,0,0.0625,0.1111,0,0.2778,0.2,0.15,0.2273,0.0417
"locus6514",0.125,0.125,0,0,0,0,0,0,0,0,0,0,0,0,0,0,0,0.0556,0,0.1667,0.05,0,0.0909,0
"locus6515",0.5,0.125,0.4,0.5,0,0.2083,0,0.3182,0.4375,0.2,0.375,0,0.25,0.25,0.4444,0.5,0.375,0.2778,0.1667,0.3889,0.45,0.25,0.2727,0.0417
"locus6516",0,0.125,0,0,0,0,0,0.0909,0.0625,0,0,0,0.1875,0,0,0,0.0625,0,0,0,0,0.2,0,0
"locus6517",0.1667,0,0.05,0,0,0,0,0,0,0,0,0,0.0625,0,0.0556,0,0,0,0,0.1667,0,0,0,0
"locus6518",0.0417,0.125,0.05,0.1364,0,0.1667,0.0556,0,0.0625,0,0,0,0.0625,0,0.0556,0,0,0.1111,0.0833,0.0556,0,0.1,0.0455,0
"locus6519",0.0833,0.0625,0.05,0.2273,0,0,0,0,0,0,0,0,0,0,0,0,0,0.1111,0,0.0556,0.05,0.05,0.1364,0
"locus6520",0.0417,0.125,0.1,0.1818,0.0714,0.2083,0,0.0455,0.125,0.2,0.0625,0,0.125,0.125,0,0,0.125,0,0.25,0.0556,0.05,0.35,0.0455,0.1667
"locus6521",0,0,0,0,0,0,0.1111,0,0,0.05,0,0.3333,0,0,0,0,0,0.0556,0,0,0,0.05,0,0.0417
"locus6522",0.4583,0.375,0.2,0.4545,0.4286,0.5,0.3889,0.3182,0.5,0.45,0.375,0.5,0.4375,0.2917,0.3889,0.1667,0.3125,0.3333,0.0833,0.4444,0.5,0.3,0.1818,0.2917
"locus6523",0.5,0,0.25,0.3636,0.0714,0,0.0556,0.2273,0.25,0.1,0.1875,0.1111,0.5,0.2917,0.3889,0,0.25,0.2222,0.1667,0.2222,0.5,0.35,0.2727,0.0417
"locus6524",0.0417,0,0.1,0.0909,0,0,0.0556,0.0455,0,0,0,0,0.1875,0.2083,0,0,0.1875,0.0556,0,0,0,0.1,0,0.0417
"locus6525",0,0,0.3,0,0,0,0.3889,0.4091,0,0.05,0.25,0,0.1875,0.4167,0,0.1667,0.5,0,0.3333,0.2778,0.05,0.3,0.0455,0.3333
"locus6526",0,0,0,0.0455,0,0,0.0556,0.0455,0,0.1,0.0625,0,0,0.0833,0,0,0.0625,0.1111,0.0833,0,0,0.05,0,0.0417
"locus6527",0.375,0.0625,0.1,0.4091,0,0,0,0.0909,0.5,0,0,0,0.375,0.125,0.5,0,0.4375,0.2222,0,0.1667,0.3,0,0,0.0417
"locus6528",0.125,0.375,0.45,0.3636,0.1429,0.3333,0.0556,0.2727,0.375,0.1,0.25,0.0556,0.125,0.3333,0.3333,0.5,0.25,0.3333,0.0833,0.0556,0.25,0.4,0.0909,0.0833
"locus6529",0.0833,0,0.2,0.2727,0.0714,0.0417,0.0556,0.2727,0.0625,0,0.0625,0,0.375,0.2917,0.2222,0,0.125,0.1111,0,0.0556,0.1,0.05,0.2273,0
"locus6530",0,0.0625,0.2,0,0,0,0,0.1818,0.0625,0,0,0,0.4375,0.0417,0,0,0.1875,0.1111,0.0833,0,0,0.15,0,0
"locus6531",0.3333,0.4375,0.3,0.0909,0.0714,0.2083,0.1667,0.3182,0.125,0,0.5,0,0.4375,0.2917,0.4444,0.3333,0.4375,0.2778,0.5,0.2222,0.45,0.4,0.5,0.2083
"locus6532",0,0.0625,0,0,0,0.0833,0,0.0909,0.1875,0,0,0.0556,0.125,0,0.0556,0,0,0.0556,0,0,0.05,0,0,0.0417
"locus6533",0.2083,0.3125,0.2,0.1364,0.0714,0.1667,0.0556,0.1364,0.125,0.05,0.125,0,0.1875,0.1667,0.0556,0.3333,0,0.0556,0.1667,0,0.45,0.3,0.1818,0.0833
"locus6534",0.1667,0.125,0.05,0.0909,0,0.125,0.0556,0,0,0.35,0.0625,0.3333,0.0625,0.0833,0.1111,0.1667,0.0625,0.0556,0,0.1111,0.15,0,0,0
"locus6535",0.2083,0.0625,0.15,0.0455,0.1429,0.0833,0.1111,0.0909,0.1875,0.1,0,0,0,0.0833,0,0.3333,0.125,0,0.1667,0,0.05,0.05,0.0455,0.25
"locus6536",0,0.0625,0.1,0,0,0.0833,0,0.0455,0,0,0,0.0556,0.0625,0,0,0,0.125,0,0,0,0,0,0,0
"locus6537",0.0833,0.0625,0,0.0455,0,0,0.0556,0.0455,0,0,0.0625,0,0,0,0,0,0,0,0,0,0.25,0.05,0.2727,0
"locus6538",0,0.3125,0.15,0.0909,0.2143,0.375,0.0556,0.1364,0,0.25,0.0625,0.4444,0.1875,0.375,0,0.1667,0.375,0.0556,0.0833,0.1111,0.1,0.05,0,0.25
"locus6539",0.0417,0.0625,0.1,0.0455,0,0,0,0,0.0625,0,0.0625,0,0,0.0417,0.0556,0,0,0.0556,0.0833,0,0,0.05,0,0.0417
"locus6540",0,0,0,0.0455,0,0.0417,0,0,0,0,0,0,0,0.0417,0.1667,0,0,0.2222,0,0,0.05,0,0.0455,0
"locus6541",0.0417,0,0,0.0909,0,0,0,0,0,0,0.0625,0,0,0,0,0.1667,0,0,0,0.0556,0.2,0,0.1364,0
"locus6542",0.0833,0,0.05,0,0,0.0417,0.0556,0.3182,0.125,0,0.0625,0,0.125,0.0417,0.3333,0,0.0625,0.0556,0,0.3333,0,0.1,0.0455,0
"locus6543",0.0417,0,0,0.0909,0,0,0.0556,0.0909,0.0625,0.05,0,0,0.125,0.0417,0,0,0,0,0,0,0.15,0.25,0,0.125
"locus6544",0,0,0,0.1364,0,0,0,0.0455,0,0.05,0,0,0.0625,0.0833,0,0,0,0,0.1667,0,0,0,0,0.1667
"locus6545",0.3333,0.1875,0.25,0.4091,0.1429,0.0833,0,0.0909,0.0625,0,0,0.1111,0,0,0.3889,0.5,0,0,0,0.1111,0.3,0.2,0.0909,0
"locus6546",0.4583,0.375,0.1,0.1818,0.2857,0.375,0.5,0.2273,0.1875,0.25,0.3125,0.2222,0.3125,0.2917,0.4444,0.1667,0.25,0.2222,0.5,0.2222,0.45,0.3,0.3182,0.5
"locus6547",0,0,0,0.1818,0,0.125,0,0,0.0625,0.35,0,0.2778,0,0,0,0,0,0,0,0,0,0.2,0,0.0417
"locus6548",0,0.0625,0,0,0.1429,0.25,0.1667,0,0,0.2,0,0.3889,0,0,0,0,0,0,0,0,0,0,0.0455,0.125
"locus6549",0.1667,0.0625,0.05,0,0.0714,0.25,0,0.1364,0,0.25,0.0625,0.1667,0,0.125,0.1111,0,0.125,0.1667,0,0,0.2,0,0,0
"locus6550",0,0.1875,0.05,0.0455,0,0.25,0.0556,0,0,0.15,0.0625,0.1667,0.0625,0.125,0,0.1667,0.0625,0,0.0833,0.0556,0.05,0,0,0.125
"locus6551",0.1667,0.375,0.45,0.0909,0.5,0.4167,0.5,0.2727,0.125,0.45,0.3125,0.4444,0.1875,0.2917,0.1667,0.1667,0.25,0.1667,0.5,0.3333,0.25,0.4,0.4091,0.3333
"locus6552",0.2917,0.5,0.5,0.5,0.0714,0.375,0.4444,0.5,0.4375,0.35,0.375,0.3333,0.4375,0.4167,0.3333,0.3333,0.4375,0.5,0.5,0.3889,0.4,0.5,0.4091,0.4583
"locus6553",0.3333,0.125,0.25,0.1364,0.1429,0.0833,0.1111,0.3182,0,0.1,0,0,0.4375,0.125,0.3889,0,0.3125,0.2778,0.0833,0.5,0.2,0.25,0.3182,0.0417
"locus6554",0.0417,0.0625,0,0,0,0,0,0.0455,0,0,0,0,0.125,0,0,0,0.0625,0.0556,0,0,0.2,0,0.1364,0.0417
"locus6555",0.375,0.375,0.5,0.4545,0.0714,0.2083,0.2222,0.3636,0.25,0.05,0.375,0.0556,0.25,0.4167,0.4444,0.3333,0.4375,0.3333,0.25,0.2222,0.2,0.5,0.2273,0.2083
"locus6556",0.0417,0.125,0,0,0.0714,0.3333,0.0556,0,0,0.05,0,0.1111,0,0.0833,0,0,0,0,0,0,0,0.05,0,0.0417
"locus6557",0.1667,0.0625,0.2,0.0455,0.1429,0,0,0.2727,0.0625,0.1,0,0,0.0625,0.125,0.1111,0.1667,0.0625,0,0,0.0556,0,0.3,0,0
"locus6558",0.0833,0.3125,0,0,0,0.0833,0,0.0909,0,0,0,0,0,0,0.0556,0,0,0.1111,0,0,0,0,0,0
"locus6559",0.25,0.0625,0.4,0.0909,0,0,0.1111,0.0909,0,0.1,0.375,0,0.125,0.125,0,0.5,0.1875,0.0556,0.25,0.4444,0.1,0.05,0.1364,0.25
"locus6560",0,0,0.3,0.0455,0,0,0,0.2727,0,0.1,0,0,0.1875,0.125,0,0,0.25,0.2778,0.0833,0.2222,0,0.25,0.0455,0
"locus6561",0.125,0.0625,0.1,0.0909,0.0714,0,0.0556,0.1364,0.0625,0.15,0.125,0,0.125,0.1667,0,0,0.25,0.1667,0,0.0556,0.1,0,0.0455,0
"locus6562",0.0833,0.25,0.25,0.0455,0,0.375,0,0,0,0.1,0.0625,0.2222,0.0625,0.25,0.0556,0,0.3125,0.0556,0.25,0.0556,0,0.2,0.1818,0
"locus6563",0.25,0,0,0,0,0,0,0.0909,0,0,0.0625,0,0.125,0,0.4444,0.1667,0.0625,0.1667,0,0.2222,0.15,0.05,0.0909,0
"locus6564",0.2917,0,0.4,0.0455,0,0,0.0556,0.2727,0.3125,0,0.0625,0,0.25,0.0833,0.2222,0.3333,0.4375,0.4444,0.25,0.5,0.2,0.05,0.1364,0.0417
"locus6565",0.0417,0,0,0.0455,0,0,0,0,0,0,0,0.2778,0.0625,0,0.1111,0,0,0.0556,0,0.3889,0.15,0,0.1818,0
"locus6566",0.0417,0,0.1,0.1364,0.1429,0.0833,0,0.0455,0,0.05,0,0,0.125,0.1667,0.2222,0.1667,0,0,0.25,0,0.15,0,0,0.125
"locus6567",0.1667,0,0.05,0.0909,0,0,0,0,0.1875,0.05,0,0,0.0625,0.2083,0,0,0.125,0.4444,0,0,0,0.2,0.0455,0
"locus6568",0.0833,0.25,0.05,0.0455,0.4286,0.4583,0.2778,0.0909,0.0625,0.4,0,0.3333,0.125,0.3333,0.1111,0,0.125,0,0.25,0.0556,0.25,0.15,0.1818,0.5
"locus6569",0.0833,0,0.05,0.2273,0.1429,0.1667,0.4444,0.0909,0,0,0,0,0.0625,0.125,0,0.3333,0.1875,0,0.1667,0.2222,0.1,0,0.2273,0.4167
"locus6570",0.3333,0.1875,0.45,0.3182,0.2143,0.125,0,0.3636,0.4375,0.4,0.4375,0.1667,0.1875,0.4583,0.5,0.3333,0.25,0.3333,0.0833,0.1667,0.45,0.3,0.2273,0
"locus6571",0.0833,0.1875,0.2,0.0909,0.0714,0.2083,0.1111,0.0909,0.0625,0.1,0,0.1111,0.1875,0.125,0.1667,0,0.0625,0.1111,0,0.1111,0.1,0.1,0.1818,0.0833
"locus6572",0,0,0.1,0.0455,0.1429,0,0.1111,0,0.0625,0.05,0,0,0.125,0,0,0.1667,0,0,0.0833,0.1111,0,0,0.0455,0
"locus6573",0.0417,0,0,0,0,0,0.0556,0,0,0,0,0,0.0625,0.0833,0,0,0.0625,0,0,0.1111,0.1,0,0,0.0833
"locus6574",0.0417,0,0,0.1364,0,0.0833,0,0.0455,0.125,0.2,0,0.0556,0.125,0,0.0556,0.1667,0.0625,0.1111,0,0,0.05,0,0.0909,0.0417
"locus6575",0.4583,0.0625,0.25,0.1818,0,0.0833,0,0.4091,0.25,0,0.4375,0,0.3125,0.4167,0.4444,0.3333,0.25,0.3889,0.25,0.2222,0.2,0.3,0.4545,0.125
"locus6576",0.375,0.1875,0.3,0.3636,0,0.125,0.0556,0.4545,0.375,0.15,0.5,0.0556,0.375,0.4167,0.5,0.3333,0.375,0.4444,0.3333,0.3889,0.25,0.35,0.2273,0.0833
"locus6577",0.2083,0.0625,0.15,0.0909,0,0.0417,0,0,0.1875,0,0,0,0,0.0417,0,0,0.125,0.2222,0.1667,0,0.05,0,0.1364,0
"locus6578",0.0417,0.0625,0,0.1364,0,0,0,0.0909,0,0.05,0,0.0556,0,0.125,0.0556,0.1667,0.0625,0.0556,0,0.1667,0,0.1,0.0909,0.0417
"locus6579",0,0.0625,0,0.0455,0,0.125,0.2778,0,0,0.4,0,0.2222,0,0,0,0,0,0,0,0,0.05,0,0,0.125
"locus6580",0.0417,0.0625,0.4,0,0.0714,0.0417,0,0.2273,0,0.15,0,0,0.4375,0.4167,0,0,0.375,0.2778,0.1667,0,0.05,0.3,0,0
"locus6581",0.0417,0.4375,0.35,0.3182,0.4286,0.4167,0.4444,0.2273,0.375,0.45,0.375,0.4444,0.25,0.4583,0,0.3333,0.375,0.3889,0.5,0.0556,0.5,0.4,0.2273,0.2917
"locus6582",0.125,0.0625,0.15,0.0455,0,0.0417,0,0.0455,0,0.05,0.125,0.0556,0.125,0.0833,0.4444,0.1667,0.125,0.0556,0,0,0.1,0.15,0.5,0
"locus6583",0.25,0,0.4,0.4545,0,0,0.0556,0.3182,0.125,0.1,0.4375,0,0.3125,0.4583,0.2222,0.3333,0.4375,0.3889,0.0833,0.5,0.35,0.25,0.5,0.0833
"locus6584",0,0.0625,0,0.0455,0,0,0.1667,0.0455,0,0,0.0625,0,0,0.0833,0.0556,0.1667,0,0,0,0,0.1,0.05,0.1818,0.0417
"locus6585",0.0833,0.25,0.05,0,0,0.125,0.0556,0.0455,0,0,0,0,0,0,0,0,0.0625,0,0,0.0556,0,0,0.0455,0
"locus6586",0.0417,0.0625,0.15,0,0,0.0833,0.0556,0.0909,0.0625,0,0,0,0,0.0417,0,0,0,0.0556,0.0833,0,0,0.1,0,0.0417
"locus6587",0,0,0.05,0,0.1429,0,0.0556,0.0455,0,0,0,0,0.0625,0.0833,0,0,0.0625,0,0.0833,0,0,0,0.0909,0
"locus6588",0.0417,0.1875,0,0.1364,0,0,0.0556,0.0909,0.1875,0.05,0,0.3889,0,0.1667,0,0,0,0,0.0833,0,0,0.4,0.0455,0.0417
"locus6589",0.2917,0.3125,0.45,0.1818,0.0714,0.125,0.2222,0.3636,0.375,0.25,0.5,0,0.3125,0.25,0.0556,0,0.4375,0.3333,0.3333,0.3889,0.3,0.45,0.4091,0.0833
"locus6590",0.1667,0,0.15,0,0,0,0.0556,0.0455,0.0625,0,0.0625,0,0,0.0833,0.2222,0.1667,0.125,0.0556,0,0.3333,0.2,0.2,0.1818,0.0417
"locus6591",0,0,0,0,0.0714,0.0417,0.1111,0,0,0,0,0.1667,0,0,0,0,0,0,0,0,0,0,0.0455,0.0833
"locus6592",0.2917,0.1875,0.3,0.4545,0.5,0.0833,0.5,0.3636,0.0625,0.15,0.375,0,0.375,0.375,0.5,0.3333,0.3125,0.3889,0.4167,0.1111,0.45,0.5,0.2727,0.3333
"locus6593",0.5,0.5,0.1,0.3636,0,0.125,0.1667,0,0.375,0.4,0.1875,0.3889,0.4375,0.1667,0.4444,0.1667,0,0.3889,0.1667,0.4444,0.25,0.25,0.4091,0
"locus6594",0.1667,0,0,0.1364,0,0.0417,0.0556,0,0.0625,0,0,0,0.1875,0.0833,0.1111,0,0.125,0,0.0833,0.5,0,0,0.1364,0.0833
"locus6595",0.25,0.25,0.2,0.4091,0.0714,0.2917,0.1667,0.3182,0.4375,0,0.3125,0.0556,0.0625,0.4167,0.4444,0.5,0.25,0.3333,0,0.1667,0.4,0.15,0.3182,0.0833
"locus6596",0,0,0.15,0.0455,0.0714,0,0,0.1364,0,0,0,0,0.0625,0.0833,0,0,0,0.0556,0.0833,0,0,0.05,0,0.0833
"locus6597",0.3333,0.1875,0.2,0.3636,0,0.1667,0.2222,0.1818,0.125,0.1,0.0625,0.2222,0.25,0.1667,0.2222,0.3333,0.1875,0.1111,0.1667,0,0.15,0.4,0.0455,0.0417
"locus6598",0,0.0625,0.05,0,0,0.125,0.1111,0,0,0,0.125,0,0.0625,0,0,0.1667,0.0625,0.0556,0.0833,0.1667,0,0.15,0,0.0417
"locus6599",0,0.1875,0.1,0,0.0714,0,0,0.0455,0.0625,0,0.0625,0,0.1875,0.0833,0,0,0,0,0,0.0556,0.1,0.1,0.0455,0
"locus6600",0.375,0.3125,0.35,0.3636,0.2143,0.4583,0.3889,0.4545,0.4375,0.3,0.25,0.4444,0.4375,0.375,0.3889,0.5,0.375,0.4444,0.25,0.3889,0.35,0.5,0.5,0.4167
"locus6601",0.3333,0.1875,0.15,0.5,0.1429,0.2083,0.0556,0.2273,0.0625,0.05,0,0,0,0.25,0.1111,0.3333,0.125,0,0.0833,0.3333,0.15,0.2,0.2727,0.25
"locus6602",0.1667,0.125,0,0,0,0,0,0.0909,0,0,0,0,0.0625,0.0417,0,0,0.125,0,0,0,0.05,0,0.1364,0
"locus6603",0,0.4375,0.35,0.0909,0.0714,0.0833,0,0.1364,0.125,0.05,0,0.1111,0.25,0.125,0.1111,0,0.1875,0.1111,0.0833,0.0556,0.15,0.05,0,0
"locus6604",0.0417,0.0625,0.15,0.0455,0,0,0.0556,0,0,0.05,0.125,0,0,0.1667,0.1111,0,0.125,0,0.0833,0.3889,0.1,0.05,0.0455,0.0417
"locus6605",0.0833,0,0.1,0.0909,0,0,0,0.0455,0,0.05,0.0625,0,0.25,0.2083,0.0556,0,0.0625,0.1111,0,0.0556,0.1,0.05,0.0455,0.0833
"locus6606",0.4167,0.375,0.45,0.4545,0,0.3333,0,0.4545,0.4375,0.15,0.375,0,0.25,0.4583,0.4444,0.5,0.3125,0.4444,0.25,0.1111,0.4,0.45,0.3182,0
"locus6607",0,0.125,0,0.1818,0,0.0833,0,0,0.0625,0.05,0.1875,0,0.0625,0.0417,0,0.3333,0.0625,0,0,0.3889,0.05,0,0.0909,0
"locus6608",0.5,0.375,0.4,0.3636,0.2857,0.4583,0.2222,0.3182,0.25,0.4,0.4375,0.3333,0.4375,0.2917,0.5,0.3333,0.1875,0.3889,0.5,0.5,0.35,0.3,0.2727,0.2917
"locus6609",0.0417,0.3125,0.1,0.3636,0.0714,0.2917,0.1111,0.1364,0.0625,0,0,0,0.25,0.0417,0.1111,0,0,0.0556,0,0.5,0.2,0.1,0.0909,0
"locus6610",0.0417,0,0.05,0,0,0,0,0.0455,0.0625,0,0,0.1667,0,0,0.1667,0,0.0625,0.0556,0,0,0.05,0,0.0455,0
"locus6611",0.4167,0.4375,0,0.4545,0.3571,0.25,0.3889,0.1364,0.375,0.4,0.4375,0.3889,0.1875,0.0833,0.3333,0.3333,0.25,0.0556,0.5,0.2778,0.25,0.15,0.2273,0.375
"locus6612",0.375,0.125,0.05,0.4545,0.0714,0.0417,0.1111,0.3636,0.375,0.15,0.25,0.1111,0.375,0.2917,0.5,0.3333,0.375,0.4444,0,0.4444,0.3,0.3,0.4545,0.125
"locus6613",0.4167,0.4375,0.3,0.1818,0,0.3333,0,0.1818,0.375,0.1,0.125,0.1111,0.25,0.2917,0.3889,0.1667,0.0625,0.2222,0.1667,0.1111,0.5,0.35,0.0909,0.4167
"locus6614",0.1667,0,0.05,0.0455,0.5,0.0417,0.3889,0.1364,0.0625,0,0.0625,0,0,0.0833,0.2778,0,0.125,0.1667,0.1667,0.0556,0,0.35,0.1364,0.4167
"locus6615",0.125,0.0625,0,0,0,0,0,0.0909,0.1875,0.05,0,0.0556,0,0.0417,0,0,0,0.1111,0,0,0,0,0,0
"locus6616",0.0833,0.0625,0.05,0.0909,0,0.0417,0,0.0909,0,0.05,0.125,0.0556,0,0.125,0.0556,0,0.0625,0,0,0,0,0.1,0,0
"locus6617",0,0,0.4,0,0,0,0.0556,0.2727,0,0.1,0.0625,0,0.1875,0.5,0,0.3333,0.4375,0.1111,0.0833,0.0556,0.05,0.5,0.0909,0.0417
"locus6618",0.4583,0.125,0.1,0.2273,0,0.125,0.1667,0.0455,0.0625,0.15,0.0625,0.0556,0.125,0.2917,0.5,0.5,0.125,0.0556,0.0833,0.3333,0.4,0.25,0.3636,0.0417
"locus6619",0.0417,0.375,0.15,0.1364,0.2857,0.375,0.1667,0.1364,0.0625,0.45,0.125,0.4444,0.125,0.125,0.0556,0,0.125,0.1111,0.25,0.0556,0.25,0.15,0,0.2083
"locus6620",0.125,0,0.1,0.0455,0,0,0,0.0909,0.0625,0.1,0,0.2222,0.0625,0.0417,0,0,0,0,0,0,0.3,0.05,0,0
"locus6621",0.2917,0.0625,0.2,0.2273,0.3571,0.1667,0.2778,0.1818,0.0625,0.1,0.25,0.1111,0.125,0.1667,0.3333,0.1667,0.3125,0.2778,0.0833,0.0556,0.15,0.25,0.1818,0.25
"locus6622",0,0.125,0.15,0.0909,0,0.0417,0,0,0.0625,0,0,0,0,0,0,0,0,0,0,0,0.05,0.2,0,0
"locus6623",0,0.0625,0.15,0,0.0714,0,0,0.1364,0,0,0.0625,0,0,0.0417,0,0,0.0625,0.1111,0,0,0.1,0.2,0,0
"locus6624",0,0,0,0,0.0714,0.0833,0,0.0455,0.0625,0,0,0,0,0.0833,0,0,0,0,0,0,0,0.2,0.0909,0
"locus6625",0.2083,0,0,0.1364,0,0,0,0,0,0,0,0,0.0625,0,0.1111,0,0,0,0,0.0556,0,0,0.0455,0
"locus6626",0,0.0625,0.05,0,0.0714,0.0417,0.0556,0,0,0.35,0,0.1111,0,0.0417,0,0,0.0625,0,0.0833,0,0.15,0,0.0455,0.0417
"locus6627",0.125,0.0625,0.1,0,0,0.0417,0,0,0,0.05,0,0,0,0,0.2778,0,0.125,0,0.25,0,0,0,0,0
"locus6628",0.2083,0.375,0.05,0,0.0714,0.25,0.1111,0.1364,0.1875,0.45,0,0.3333,0,0.0833,0.3333,0.3333,0,0.0556,0,0.1111,0.15,0.15,0.1364,0.125
"locus6629",0,0.125,0.05,0,0,0.0417,0,0.0455,0.0625,0.05,0,0.0556,0.0625,0.1667,0.0556,0.1667,0.125,0,0.0833,0.2222,0,0,0.0909,0
"locus6630",0,0.1875,0.1,0.0455,0,0,0,0.1364,0,0,0.1875,0.0556,0,0.2083,0,0,0,0,0.25,0,0,0.05,0,0
"locus6631",0.0417,0,0,0.0455,0,0,0,0.0909,0.25,0.05,0,0,0.1875,0,0.0556,0.1667,0.0625,0,0,0,0.05,0,0.0909,0
"locus6632",0.2083,0.3125,0.2,0.2273,0.1429,0.3333,0.1111,0.2273,0.25,0.15,0.0625,0.3889,0.3125,0.2917,0.1111,0.3333,0.375,0.4444,0.1667,0.3333,0.25,0.15,0.1364,0.0833
"locus6633",0.0417,0.4375,0.2,0.1364,0.4286,0.4167,0.2778,0.0455,0.1875,0.5,0.1875,0.2778,0.0625,0.0833,0,0,0.125,0,0,0.5,0.05,0.2,0,0.0417
"locus6634",0.0417,0.0625,0.15,0.0455,0.0714,0.125,0.2222,0.0909,0.0625,0,0,0,0.1875,0.125,0.1111,0,0.125,0.2222,0.1667,0.1667,0,0,0.0455,0.0417
"locus6635",0,0,0.1,0.1364,0.0714,0,0.0556,0,0.0625,0,0,0.0556,0,0,0,0,0,0.0556,0,0,0,0,0,0.0833
"locus6636",0.2083,0.125,0.4,0.3636,0.0714,0.0833,0.2778,0.2273,0.3125,0.1,0.4375,0,0.4375,0.4167,0.1111,0.3333,0.5,0.3333,0.4167,0.0556,0.4,0.3,0.3182,0.375
"locus6637",0,0.25,0,0,0,0.25,0.0556,0.0909,0.0625,0.05,0,0,0.0625,0,0,0,0.0625,0.0556,0,0,0.1,0.25,0.3636,0.125
"locus6638",0.0417,0.125,0.15,0.0455,0,0.0417,0,0.0909,0.0625,0,0,0,0.0625,0.2083,0.0556,0.1667,0,0.0556,0,0.0556,0.1,0,0,0
"locus6639",0.2083,0.25,0.25,0.5,0,0.1667,0.0556,0,0.1875,0.5,0.0625,0.5,0.0625,0.0833,0.1111,0.1667,0.0625,0.1667,0.0833,0.3889,0.15,0.05,0,0.0417
"locus6640",0.4167,0.3125,0.15,0.4091,0.1429,0.25,0.3333,0.1364,0.1875,0.25,0.375,0,0.3125,0.2083,0.3889,0.3333,0.3125,0.4444,0.25,0.4444,0.35,0.4,0.5,0.4583
"locus6641",0,0,0.2,0,0.0714,0,0,0,0,0.1,0.0625,0,0,0,0.0556,0,0,0,0,0,0.3,0,0.0455,0.0417
"locus6642",0.0833,0.125,0,0.0909,0,0.2083,0,0.0909,0,0,0,0,0.1875,0,0,0,0,0,0,0,0,0,0,0
"locus6643",0,0.0625,0,0,0,0,0.1111,0.3182,0.125,0,0.0625,0,0.125,0,0,0,0.0625,0.2778,0,0,0.1,0,0,0
"locus6644",0.25,0.375,0.25,0.2727,0.4286,0.4167,0.2778,0.1364,0.1875,0.45,0.3125,0.5,0.1875,0.1667,0,0.1667,0.25,0.1667,0.5,0.0556,0.1,0.15,0.3182,0.5
"locus6645",0,0,0.05,0.3636,0,0.0833,0,0.0455,0,0.05,0,0,0.0625,0.0833,0.0556,0,0.0625,0,0,0,0,0.1,0,0
"locus6646",0,0.0625,0.05,0,0,0.0417,0,0,0,0.05,0,0.2222,0,0,0,0,0.0625,0,0.1667,0,0,0,0,0
"locus6647",0,0,0,0,0,0,0.2778,0,0,0,0,0,0,0,0,0,0,0,0.25,0.0556,0,0.05,0,0.125
"locus6648",0.0417,0.25,0.15,0.2273,0.3571,0.2083,0.2778,0.0455,0.125,0.05,0.125,0.1111,0.0625,0.0833,0,0.1667,0.125,0.1111,0.1667,0.2778,0.1,0.1,0,0.0833
"locus6649",0.0833,0,0,0.3636,0,0,0,0,0,0,0.125,0.0556,0,0.0417,0.0556,0,0.0625,0,0.1667,0.5,0.15,0,0.0909,0
"locus6650",0,0.125,0,0,0,0.125,0,0,0,0,0,0,0,0,0,0,0.0625,0.0556,0.0833,0,0.1,0.05,0,0
"locus6651",0,0,0,0,0,0,0,0,0.3125,0,0,0,0.125,0,0,0,0.0625,0.1111,0,0,0,0,0,0.0417
"locus6652",0.4167,0,0.05,0,0,0,0,0.3182,0,0,0,0.0556,0.125,0.2917,0.3889,0,0.0625,0.2222,0,0.3889,0.3,0.3,0.1818,0
"locus6653",0.125,0.5,0.35,0.2727,0.2143,0.125,0.4444,0.3636,0.25,0.45,0.4375,0.2222,0.375,0.3333,0.1667,0.3333,0.5,0.5,0.25,0.0556,0.05,0.45,0.1818,0.2083
"locus6654",0.0833,0.125,0.15,0.0455,0,0.0833,0.2778,0.0455,0,0,0.0625,0.0556,0,0.125,0,0.1667,0.0625,0,0.0833,0,0.2,0.05,0.0455,0.125
"locus6655",0,0,0.05,0,0,0,0,0,0,0,0,0.1667,0.0625,0,0,0,0,0,0,0.3889,0.05,0,0.0455,0
"locus6656",0.2917,0.375,0.25,0.2273,0.2857,0.2917,0.3889,0.4091,0.375,0.25,0.3125,0.3889,0.25,0.2917,0.3889,0.5,0.3125,0.1667,0.3333,0.1111,0.25,0.2,0.2273,0.4583
"locus6657",0.0417,0,0.05,0.0455,0.0714,0,0,0.0455,0,0,0,0.0556,0.0625,0,0.1111,0,0,0,0.0833,0.1111,0,0,0.0455,0
"locus6658",0.4167,0.4375,0.4,0.5,0.2143,0.4583,0.3889,0.2727,0.4375,0.45,0.375,0.3889,0.25,0.5,0.5,0.5,0.1875,0.3333,0.3333,0.3889,0.45,0.35,0.4091,0.4583
"locus6659",0.0417,0,0,0.2727,0,0,0,0,0,0,0.125,0,0,0.0417,0.1111,0.5,0,0,0,0.1667,0.2,0,0,0.0417
"locus6660",0.2083,0.3125,0.15,0.2727,0.3571,0.4167,0.1667,0.3182,0.1875,0.4,0.5,0.4444,0.3125,0.3333,0.2222,0.1667,0.3125,0.1667,0.25,0.0556,0.35,0.3,0.3636,0.2083
"locus6661",0.3333,0.3125,0.3,0.2273,0.3571,0.3333,0.2222,0.2727,0.375,0.45,0.5,0.4444,0.1875,0.3333,0.2778,0.3333,0.4375,0.2222,0.5,0.4444,0.5,0.45,0.2273,0.4167
"locus6662",0.4583,0.1875,0.2,0.1818,0,0,0,0.0455,0.4375,0,0.0625,0,0,0.125,0.3333,0.1667,0,0.3333,0.0833,0.2778,0.35,0.1,0.3636,0.0417
"locus6663",0.0833,0.4375,0.35,0.1364,0.3571,0.0833,0.1667,0.4545,0.25,0.15,0.1875,0.0556,0.1875,0.2917,0.3333,0,0.25,0.1667,0.5,0.0556,0.15,0.2,0.0909,0.2917
"locus6664",0.25,0,0.05,0.1818,0,0,0,0,0,0.05,0.0625,0,0,0,0,0.3333,0,0,0,0.1667,0.2,0.1,0.0909,0
"locus6665",0,0,0,0.0909,0,0,0,0.0909,0,0,0,0,0.0625,0.0833,0.1667,0,0.125,0.1111,0.0833,0.3333,0.15,0.05,0.1364,0
"locus6666",0,0.1875,0,0.0455,0.2857,0.25,0.1667,0,0.125,0.3,0,0.3889,0,0,0.0556,0,0.0625,0,0,0,0,0,0.0455,0
"locus6667",0,0,0,0,0.0714,0,0.1667,0,0.0625,0.05,0,0,0,0.0833,0,0,0,0,0,0.0556,0,0,0.0455,0.0833
"locus6668",0.125,0,0,0.1364,0,0,0.0556,0,0.0625,0,0.25,0,0,0,0.0556,0.3333,0,0,0,0.2778,0.05,0,0.0455,0
"locus6669",0,0.0625,0,0,0.3571,0.0417,0,0,0.25,0.05,0,0,0.0625,0,0,0,0.125,0.1667,0,0,0,0,0.3182,0.4167
"locus6670",0.2083,0,0.5,0,0,0,0.0556,0.2727,0.0625,0,0.1875,0,0.125,0.2917,0.0556,0.3333,0.125,0.3889,0.0833,0,0.05,0.35,0.0909,0.0417
"locus6671",0.2917,0.3125,0.45,0.4545,0.4286,0.375,0.3889,0.1818,0.375,0.25,0.25,0.5,0.0625,0.375,0.3333,0.3333,0.375,0.3333,0.5,0.4444,0.15,0.4,0.2727,0.4167
"locus6672",0.0833,0.375,0.1,0.0909,0.3571,0.4167,0.1667,0.1818,0.0625,0.4,0.0625,0.5,0.1875,0.4583,0,0,0.25,0,0.3333,0.3889,0.05,0.4,0.1364,0.25
"locus6673",0.375,0.5,0.5,0.4091,0.3571,0.3333,0.4444,0.4545,0.25,0.45,0.375,0.3333,0.4375,0.5,0.5,0.3333,0.3125,0.2778,0.5,0.4444,0.45,0.45,0.4545,0.4583
"locus6674",0.0417,0,0.05,0,0,0.0833,0.2778,0,0,0.05,0,0,0.25,0.1667,0.1111,0,0.125,0.0556,0.25,0.2778,0.05,0.1,0.0455,0.0417
"locus6675",0.375,0.5,0.2,0.4545,0.1429,0.4167,0.2778,0.3636,0.3125,0.45,0.4375,0.3889,0.375,0.2917,0.2778,0.1667,0.3125,0.3333,0.4167,0.2778,0.35,0.45,0.4545,0.3333
"locus6676",0,0.125,0,0,0,0.2083,0.1111,0.0455,0.125,0.4,0,0.4444,0.0625,0.0417,0,0,0,0,0,0,0.15,0,0,0.125
"locus6677",0.2083,0,0,0.0909,0,0.0417,0,0.1818,0,0,0,0,0,0.0833,0.0556,0,0,0,0,0,0,0,0.1818,0
"locus6678",0.0833,0.1875,0,0,0.0714,0.0833,0,0.0455,0.25,0,0.125,0.0556,0.0625,0,0.0556,0,0,0,0,0.0556,0,0.05,0.0909,0
"locus6679",0.1667,0.125,0.15,0,0,0.125,0.0556,0.0909,0,0.1,0.125,0,0,0.0833,0.3889,0,0,0.0556,0.25,0.1111,0.05,0.15,0.0455,0
"locus6680",0.0833,0.0625,0,0.0909,0.2143,0.0417,0,0,0,0,0,0,0,0,0.3889,0,0,0,0,0.0556,0,0.1,0.1364,0
"locus6681",0.0417,0.1875,0.15,0,0.2857,0.25,0.1111,0.0455,0,0.25,0,0.1111,0.0625,0.125,0,0,0,0,0,0,0,0.05,0.0909,0.0417
"locus6682",0,0,0.35,0.0455,0,0,0,0.4091,0,0.05,0.0625,0,0.4375,0.2917,0,0.3333,0.3125,0.3889,0.25,0.0556,0.05,0.25,0,0.0417
"locus6683",0,0,0,0,0.1429,0,0,0,0,0,0,0,0,0.125,0,0,0,0.0556,0.0833,0,0.05,0,0,0.1667
"locus6684",0.1667,0.0625,0,0,0,0.0417,0.1111,0,0.0625,0,0,0,0,0,0,0,0.0625,0.1667,0,0.0556,0,0.05,0,0.0417
"locus6685",0.0833,0.0625,0,0.0455,0,0.0417,0,0.0909,0,0,0.125,0,0.0625,0.25,0.0556,0.3333,0.4375,0.0556,0.1667,0,0.1,0.2,0.0909,0
"locus6686",0,0,0.15,0.0455,0,0,0.0556,0.0455,0.0625,0.05,0.125,0,0,0.0417,0,0.3333,0.125,0.2222,0,0,0,0,0,0
"locus6687",0.3333,0.4375,0.35,0.3636,0.2857,0.2917,0.3333,0.3182,0.1875,0.45,0.3125,0.2778,0.1875,0.3333,0.3889,0.1667,0.4375,0.3333,0.4167,0.2222,0.15,0.35,0.2273,0.4167
"locus6688",0.0417,0,0.05,0,0.2857,0.2917,0.1667,0.0455,0,0.3,0.125,0.2778,0,0.1667,0,0,0.0625,0,0.25,0.0556,0,0,0.1364,0.25
"locus6689",0,0,0,0,0.1429,0,0.1667,0,0,0,0,0,0,0,0,0,0.125,0,0.1667,0.0556,0,0,0,0.1667
"locus6690",0.125,0,0,0.1364,0,0,0,0.0455,0,0,0.0625,0,0,0.0833,0.1111,0,0,0,0.0833,0,0.1,0,0,0
"locus6691",0,0.0625,0,0,0.0714,0,0.1111,0,0,0.2,0.125,0,0,0,0,0,0,0.0556,0,0,0,0.15,0,0.0417
"locus6692",0.125,0.3125,0.45,0.1364,0.2857,0.1667,0.4444,0.3636,0.3125,0.4,0.375,0.3333,0.3125,0.375,0.1667,0.1667,0.375,0.4444,0.0833,0.1111,0.35,0.1,0.2727,0.4583
"locus6693",0.0417,0.0625,0.15,0.0455,0,0,0,0.0909,0.1875,0,0.0625,0.1667,0.0625,0.125,0,0,0.1875,0,0,0,0.05,0.05,0,0
"locus6694",0,0.1875,0,0.0455,0.2143,0.4583,0.0556,0.0455,0,0.3,0,0.4444,0,0,0.0556,0,0.0625,0.0556,0,0,0.05,0.4,0.2273,0.0417
"locus6695",0.0833,0,0,0,0.0714,0,0.1111,0,0.25,0,0.0625,0,0,0,0,0.1667,0,0.0556,0,0,0,0.15,0.0455,0.125
"locus6696",0,0.3125,0,0,0,0.0417,0.0556,0.0909,0.0625,0.1,0,0.0556,0.125,0.0417,0.1667,0,0,0.1667,0,0,0.05,0,0.0455,0
"locus6697",0.3333,0,0.1,0.0909,0.0714,0,0.1111,0.0909,0.3125,0.05,0,0,0.1875,0.1667,0.2778,0,0.125,0.2222,0,0.1111,0.05,0.1,0.0455,0
"locus6698",0.2083,0,0.15,0.3182,0,0,0,0.4545,0,0,0,0,0,0.25,0.3333,0.3333,0.1875,0.3333,0.25,0.4444,0.4,0.15,0.3636,0
"locus6699",0,0.0625,0,0,0.2143,0,0.2778,0.0455,0,0.1,0.125,0,0,0.125,0,0,0.125,0.0556,0.4167,0.1111,0,0.15,0.0909,0.5
"locus6700",0.0417,0.0625,0.05,0.0455,0.1429,0.0417,0.0556,0.0909,0,0.3,0.125,0.3889,0,0.0833,0.1111,0,0.1875,0,0,0,0.05,0.1,0,0
"locus6701",0,0,0,0,0,0,0.2778,0,0,0,0.1875,0,0.0625,0,0,0,0,0,0.3333,0.0556,0,0,0,0.0417
"locus6702",0.3333,0.375,0.3,0.5,0.3571,0.1667,0.5,0.4091,0.375,0.5,0.3125,0.4444,0.4375,0.5,0.3889,0.3333,0.4375,0.3333,0.3333,0.3333,0.45,0.5,0.1364,0.4167
"locus6703",0.0417,0.125,0.05,0,0,0,0,0.1364,0,0,0.125,0,0.125,0.0833,0.0556,0,0,0,0,0.3333,0.1,0,0,0.0417
"locus6704",0.375,0.0625,0.35,0.3182,0.0714,0.0833,0.1111,0.4091,0.375,0,0.25,0.0556,0.375,0.2917,0.1667,0.1667,0.3125,0.3333,0.3333,0.3333,0.35,0.35,0.2273,0.0417
"locus6705",0.4583,0.25,0.4,0.3636,0.3571,0.25,0.2778,0.2273,0.25,0.35,0.4375,0.3333,0.125,0.3333,0.2222,0.3333,0.1875,0.1111,0.4167,0.2778,0.4,0.35,0.0909,0.375
"locus6706",0.125,0.4375,0.05,0.4545,0.5,0.5,0.2222,0.0909,0.375,0.35,0.3125,0.4444,0.1875,0.2083,0.1111,0,0.0625,0.1667,0.1667,0.2222,0.1,0.25,0.2727,0.2083
"locus6707",0.1667,0.0625,0.5,0.4091,0,0.0833,0.3889,0.4545,0.1875,0.05,0.375,0,0.4375,0.4583,0.3889,0.1667,0.4375,0.3333,0.4167,0.1111,0.3,0.45,0.2273,0.3333
"locus6708",0.0833,0.125,0.5,0.4545,0.5,0.125,0.4444,0.3636,0.5,0.05,0.375,0,0.375,0.2083,0.0556,0.3333,0.375,0.3889,0.4167,0.0556,0.35,0.5,0.3636,0.4583
"locus6709",0.1667,0.125,0.25,0.0455,0,0,0,0.1364,0,0,0,0,0.1875,0.0417,0,0,0.125,0.1111,0.0833,0,0,0.15,0.0455,0
"locus6710",0.125,0.125,0.05,0.2273,0.2857,0.3333,0.4444,0.0455,0.0625,0.05,0.125,0.1667,0.125,0.0833,0,0.1667,0.1875,0,0.25,0,0.1,0.1,0.3636,0.5
"locus6711",0,0,0.1,0,0,0,0,0.1364,0,0,0.0625,0,0,0.0417,0,0,0,0.1111,0,0,0,0.05,0,0
"locus6712",0.4167,0,0.25,0.3182,0,0.125,0.0556,0.4091,0.1875,0.15,0.25,0,0.375,0.4583,0.3333,0.1667,0.4375,0.3889,0.25,0.2222,0.15,0.5,0.5,0.125
"locus6713",0.25,0,0.15,0.2727,0,0,0,0,0.375,0.1,0,0.0556,0.0625,0.2083,0.3333,0.1667,0,0,0.0833,0,0.3,0.2,0.1364,0
"locus6714",0.4583,0.4375,0.3,0.5,0.5,0.2083,0.3889,0.4545,0.4375,0.2,0.4375,0.3333,0.375,0.4167,0.3333,0.3333,0.5,0.3889,0.25,0.5,0.45,0.5,0.4091,0.4583
"locus6715",0.125,0,0.05,0.3636,0.2143,0.0417,0,0,0.0625,0,0,0.0556,0,0.0417,0,0,0,0,0,0.1111,0.1,0.1,0,0
"locus6716",0.0417,0,0.15,0,0,0.1667,0.0556,0.0909,0,0,0.1875,0,0,0.0417,0,0,0.1875,0,0,0,0,0.05,0.1364,0.0417
"locus6717",0,0,0,0.1364,0,0,0,0.0455,0.0625,0,0,0,0,0,0.3889,0,0,0.0556,0,0,0,0,0.1364,0.0417
"locus6718",0,0.0625,0.2,0,0,0,0,0,0.0625,0.05,0,0,0.1875,0.1667,0,0,0.125,0.1667,0,0,0,0.2,0,0
"locus6719",0,0,0.15,0,0.2143,0.125,0.2778,0.0455,0,0,0,0,0,0.0417,0,0,0.125,0,0,0.0556,0,0,0,0.125
"locus6720",0,0.375,0.3,0.1364,0.2143,0.4167,0.1667,0,0.375,0.05,0.125,0.3333,0.25,0.25,0.1111,0.1667,0.25,0.0556,0.1667,0,0.05,0.1,0.1364,0.1667
"locus6721",0.25,0,0,0,0,0,0,0,0.0625,0.05,0,0,0,0.0833,0.2778,0.1667,0,0,0,0.2222,0.2,0,0.1818,0
"locus6722",0.2083,0.0625,0.25,0.4545,0.0714,0.0417,0.1667,0.1818,0.125,0,0.0625,0,0.25,0.25,0.5,0.5,0.25,0.3889,0,0.1667,0.35,0.15,0.1364,0.0417
"locus6723",0.2917,0,0,0,0,0,0.0556,0.1364,0,0,0,0,0.0625,0,0.3333,0,0.0625,0.2778,0,0,0,0,0,0
"locus6724",0.25,0.1875,0.1,0,0.0714,0.1667,0.1111,0.2727,0.1875,0.05,0,0.0556,0.125,0.0833,0.3333,0.1667,0.0625,0.1111,0.0833,0,0.1,0.2,0.2273,0.125
"locus6725",0.0417,0,0.05,0,0.0714,0,0,0.0455,0,0,0.0625,0,0,0,0,0,0.125,0.0556,0.1667,0.0556,0,0,0.0909,0.125
"locus6726",0,0.125,0.05,0,0,0.125,0.1111,0.0455,0,0,0.0625,0,0.0625,0,0,0,0,0.0556,0.1667,0,0.1,0.1,0.0455,0.0833
"locus6727",0,0.0625,0,0.0909,0,0.0417,0,0.0455,0.0625,0.05,0.0625,0,0.0625,0,0,0.1667,0.0625,0,0,0,0,0.05,0,0.0833
"locus6728",0,0.5,0,0,0.4286,0.4167,0,0,0,0.3,0,0.1667,0,0.2083,0,0,0,0.1111,0.1667,0,0,0,0.1364,0
"locus6729",0.2083,0,0.25,0.0909,0,0,0.1111,0.2727,0,0.15,0.125,0.1111,0.0625,0.2917,0.1111,0.3333,0.0625,0,0.0833,0.2778,0.1,0.1,0.1364,0.0833
"locus6730",0,0.0625,0.2,0.0455,0.1429,0.0833,0.0556,0.0455,0,0.3,0,0,0,0.3333,0.1111,0.1667,0.1875,0,0.0833,0,0,0.25,0,0.0417
"locus6731",0.0417,0,0.25,0.0455,0,0.125,0.3889,0.0455,0.0625,0.1,0.125,0,0,0.375,0,0.3333,0.3125,0.1111,0.3333,0.0556,0,0.15,0,0.2083
"locus6732",0.0417,0.0625,0,0.0455,0,0,0,0,0.0625,0,0.0625,0,0.125,0,0.3333,0.1667,0,0,0,0,0,0,0,0
"locus6733",0.3333,0.25,0.4,0.1364,0.2857,0.25,0.3889,0.3636,0.1875,0.3,0.4375,0.5,0.375,0.3333,0.2778,0,0.4375,0.3889,0.4167,0.3889,0.35,0.25,0.2727,0.2917
"locus6734",0,0,0.05,0,0,0,0.1111,0.0909,0,0.05,0,0.0556,0.0625,0.0417,0.1111,0,0,0,0,0,0.05,0.05,0,0
"locus6735",0,0.125,0,0,0.2143,0.0833,0.0556,0,0,0.4,0,0.3333,0,0,0,0,0,0,0,0,0,0,0,0.125
"locus6736",0.3333,0.4375,0.4,0.4091,0.0714,0.125,0.1667,0.3182,0.375,0.15,0.4375,0.1667,0.375,0.375,0.2778,0.5,0.4375,0.2222,0.1667,0.2778,0.35,0.5,0.3636,0.0833
"locus6737",0,0.0625,0.2,0,0,0.0833,0.1111,0,0,0.1,0.125,0,0.0625,0.3333,0.1111,0.3333,0.0625,0,0.5,0.0556,0.15,0.2,0,0.0833
"locus6738",0,0.0625,0.1,0,0.0714,0.125,0.0556,0.2273,0.0625,0,0.0625,0,0,0.2083,0,0.1667,0.0625,0.2778,0.0833,0,0.05,0.2,0.0455,0.2083
"locus6739",0.0417,0,0.05,0,0.0714,0.1667,0.0556,0.1364,0,0.25,0,0.2778,0.0625,0.0417,0.0556,0.1667,0.125,0.1111,0,0,0.25,0.3,0,0.0833
"locus6740",0.125,0,0,0,0,0,0,0.2727,0,0,0,0,0.0625,0,0.1111,0,0,0.2222,0,0,0.05,0.05,0.0455,0
"locus6741",0.1667,0,0.05,0.0909,0,0,0,0,0.125,0.15,0,0,0.25,0,0.1111,0,0,0.0556,0.0833,0.1667,0.05,0.1,0.2273,0
"locus6742",0.125,0.0625,0,0,0,0.0417,0,0.0455,0,0.25,0,0.2222,0,0.0833,0,0.3333,0,0,0,0,0,0,0.0909,0.0833
"locus6743",0,0,0,0,0.1429,0,0.1667,0,0,0,0.0625,0,0,0,0,0,0,0,0,0,0.05,0.05,0.0455,0.125
"locus6744",0.0833,0,0.05,0,0,0.1667,0,0,0,0.05,0,0,0,0.1667,0,0,0.0625,0,0,0.0556,0,0,0.0455,0
"locus6745",0.2083,0.25,0.4,0.1818,0,0.2083,0.1667,0.4091,0.1875,0.05,0.375,0,0.1875,0.25,0.1111,0.5,0.1875,0.1667,0.3333,0,0.15,0.25,0,0.125
"locus6746",0.0833,0.125,0.2,0,0,0,0,0.0455,0,0,0.125,0,0.0625,0.0833,0.1111,0.1667,0.125,0,0,0.3333,0.2,0.05,0.0455,0
"locus6747",0,0.125,0,0,0,0,0,0,0,0.05,0.0625,0,0.0625,0.0417,0.1667,0,0,0,0.0833,0,0.05,0.1,0,0
"locus6748",0,0.0625,0.1,0,0,0,0.1111,0,0.0625,0.05,0.125,0,0,0.0417,0,0,0,0.0556,0.0833,0,0,0,0.0455,0.0417
"locus6749",0,0,0.1,0,0,0,0.0556,0.0455,0,0,0.1875,0,0,0,0,0,0,0,0,0,0,0.05,0,0.1667
"locus6750",0.1667,0.4375,0.35,0.2727,0.1429,0.375,0.2222,0.4545,0.375,0.2,0.375,0.5,0.375,0.4167,0.3889,0.5,0.4375,0.3889,0.5,0.0556,0.3,0.4,0.3636,0.4167
"locus6751",0.125,0.3125,0.1,0.3182,0.2143,0.375,0.4444,0.2273,0.125,0.45,0.1875,0.2778,0.1875,0.2917,0.0556,0.1667,0.0625,0.2222,0,0.1111,0.15,0.4,0.1364,0.4583
"locus6752",0.0833,0.0625,0,0.1364,0.0714,0.0417,0.0556,0.1818,0.0625,0.15,0.125,0,0.25,0,0.1111,0,0.0625,0.2222,0,0,0,0.1,0.0909,0.0417
"locus6753",0.3333,0.125,0,0.3636,0.1429,0.0417,0,0.0909,0.1875,0.15,0,0.1111,0.1875,0,0.2778,0,0,0.0556,0,0.3889,0.25,0,0,0.125
"locus6754",0.0833,0,0,0,0,0,0,0,0,0,0,0,0.0625,0.0417,0.1667,0,0.0625,0.0556,0,0.1111,0.2,0,0.0455,0
"locus6755",0,0,0,0.0909,0,0,0,0,0,0,0,0,0,0,0.3889,0,0,0,0.0833,0,0,0.05,0.0455,0
"locus6756",0,0.0625,0,0,0.0714,0.2917,0.0556,0,0.0625,0.3,0,0.3333,0,0.0417,0,0,0,0,0,0,0,0,0.0455,0.0833
"locus6757",0.375,0.25,0.3,0.5,0.2143,0.125,0.4444,0.4545,0.4375,0.05,0.375,0.1667,0.375,0.4167,0.3333,0.3333,0.5,0.4444,0.4167,0.4444,0.4,0.45,0.2273,0.3333
"locus6758",0,0,0,0,0,0.0417,0.1111,0,0.125,0.05,0.0625,0,0,0.0417,0,0,0,0,0.0833,0,0.05,0.05,0.0455,0.0417
"locus6759",0.1667,0.0625,0,0.1364,0,0,0,0.0909,0,0,0.0625,0,0,0.0833,0,0,0.0625,0,0,0.4444,0.2,0,0.0455,0
"locus6760",0,0,0,0,0,0,0,0,0.0625,0.25,0,0.2222,0,0,0,0,0,0,0,0,0.05,0,0,0.0417
"locus6761",0.0417,0,0.15,0,0,0,0.1111,0.0909,0.0625,0,0.0625,0,0.0625,0.125,0,0,0,0,0,0,0,0,0,0
"locus6762",0,0,0,0.0455,0.0714,0,0,0,0.25,0,0,0,0,0,0,0,0,0.0556,0.0833,0,0,0,0,0.1667
"locus6763",0,0,0,0.1364,0,0,0.0556,0,0,0,0.1875,0,0,0,0.0556,0,0,0.1111,0.1667,0,0,0,0,0
"locus6764",0,0.125,0.05,0.0455,0.1429,0.25,0,0,0,0.4,0,0.5,0,0.0417,0,0,0.0625,0,0.0833,0,0,0,0,0
"locus6765",0.2917,0.1875,0.15,0.3182,0,0.0417,0.1111,0.0455,0.1875,0.05,0,0,0.1875,0.125,0.2778,0.3333,0.3125,0.1667,0,0.4444,0.35,0.1,0.3636,0
"locus6766",0,0,0,0,0.1429,0.0417,0.1111,0,0,0,0,0,0,0,0,0,0.0625,0,0.4167,0,0,0,0.2273,0.0417
"locus6767",0,0.25,0,0.1818,0,0.2083,0.2778,0.0909,0,0.25,0,0.3333,0.0625,0,0.0556,0,0,0.0556,0.1667,0,0,0,0,0.125
"locus6768",0.3333,0.0625,0.1,0.1818,0,0.0417,0,0.2273,0.3125,0.1,0,0,0.125,0,0.2778,0.1667,0,0.1667,0,0.1667,0.25,0.15,0.1818,0.125
"locus6769",0.3333,0,0.05,0.0455,0,0,0,0.0455,0,0,0.0625,0,0.0625,0.0417,0.0556,0,0.0625,0,0,0,0.1,0,0.3182,0.0417
"locus6770",0.0417,0.25,0.1,0.1364,0.1429,0.2083,0.1667,0,0.1875,0,0.1875,0,0.0625,0.125,0.2222,0.1667,0.25,0.0556,0,0,0.05,0.15,0.0455,0.0417
"locus6771",0.0417,0,0,0.0455,0,0,0.0556,0,0,0,0,0,0,0,0.1111,0,0.0625,0,0,0,0.25,0,0.1364,0
"locus6772",0,0.125,0.05,0,0,0.0833,0.1111,0.0455,0,0.05,0.25,0,0,0.0417,0,0,0.25,0,0,0.0556,0.1,0.05,0,0.0417
"locus6773",0.4583,0.5,0.45,0.4545,0.3571,0.5,0.3333,0.5,0.3125,0.25,0.375,0.4444,0.375,0.5,0.4444,0.5,0.3125,0.3333,0.5,0.4444,0.35,0.45,0.5,0.4583
"locus6774",0.0833,0.0625,0,0,0,0,0.2222,0,0.125,0,0,0,0,0,0,0.1667,0,0,0.25,0,0.15,0,0,0.0417
"locus6775",0.2917,0,0.1,0.5,0.1429,0.125,0.0556,0.0455,0,0.1,0,0.0556,0.125,0,0.3889,0,0.125,0.1111,0.0833,0.5,0.35,0.15,0.2273,0.125
"locus6776",0,0,0.05,0,0,0.0833,0.1111,0.0455,0.0625,0,0,0,0,0.0833,0,0,0,0,0.1667,0,0,0.05,0.0455,0.4167
"locus6777",0,0,0.05,0.0455,0,0.1667,0,0.0455,0,0.05,0,0,0.0625,0.125,0,0,0,0.0556,0,0.0556,0,0.1,0,0.0417
"locus6778",0.25,0.1875,0.1,0.3182,0,0.0417,0,0.4091,0.1875,0.05,0.0625,0,0.1875,0.2917,0.2222,0.5,0.0625,0.3333,0,0.4444,0.3,0.15,0.3182,0.0417
"locus6779",0.4167,0.375,0.45,0.3636,0.2857,0.2083,0.3333,0.4545,0.3125,0.05,0.4375,0,0.4375,0.4167,0.3333,0.5,0.375,0.4444,0.3333,0.3889,0.5,0.45,0.5,0.4583
"locus6780",0.0417,0.0625,0.25,0.0455,0.1429,0.25,0.1111,0.0909,0.0625,0.1,0,0.0556,0.1875,0.25,0.0556,0.1667,0.125,0.0556,0.1667,0.0556,0.25,0.1,0.0455,0
"locus6781",0.0417,0.4375,0.05,0.0455,0,0,0.2222,0.0455,0.1875,0.15,0.125,0.0556,0,0.125,0,0.1667,0.25,0.1111,0.1667,0,0.2,0.4,0.1818,0.2083
"locus6782",0,0.3125,0,0.3636,0,0.125,0,0,0.4375,0.35,0,0.2778,0,0,0,0,0,0,0,0,0,0,0.0455,0
"locus6783",0.125,0,0,0.2727,0,0.0417,0.2222,0.0455,0,0,0,0,0,0.0417,0.1111,0,0.0625,0.2222,0.0833,0,0.1,0.05,0.3182,0.4583
"locus6784",0,0.125,0.1,0,0,0.125,0.0556,0,0,0.35,0,0.4444,0.0625,0.0833,0,0,0.0625,0.1667,0,0,0,0.05,0,0.0417
"locus6785",0.0417,0.0625,0,0.1818,0,0,0.1111,0.1364,0,0,0.0625,0,0,0.25,0.0556,0,0,0.0556,0.1667,0.3333,0.1,0,0,0
"locus6786",0,0,0,0,0.0714,0.0833,0.3333,0,0,0.1,0,0.0556,0,0,0,0,0,0,0.1667,0.0556,0,0,0.0455,0.1667
"locus6787",0.1667,0,0,0.0455,0.0714,0,0,0,0.1875,0,0,0.0556,0,0.0417,0.0556,0,0,0.0556,0.0833,0,0.1,0,0,0
"locus6788",0.4167,0.1875,0.1,0.4091,0.0714,0.0833,0.3333,0.3636,0.375,0.05,0.25,0,0.4375,0.25,0.2778,0.5,0.25,0.5,0.0833,0.2222,0.35,0.4,0.1818,0.2917
"locus6789",0.0417,0.0625,0.1,0.1364,0,0,0.1667,0.0909,0.125,0.05,0,0.1111,0.0625,0.0833,0,0,0.125,0.0556,0.25,0.0556,0,0.15,0,0.25
"locus6790",0.0417,0.375,0.15,0.0455,0.2857,0.2917,0.2778,0.1364,0.0625,0.25,0.5,0.1111,0.1875,0.375,0.0556,0.3333,0.125,0,0.1667,0.0556,0.1,0.5,0.4091,0.25
"locus6791",0,0.125,0.15,0,0.0714,0.0417,0.1667,0,0,0,0,0,0.0625,0,0,0,0.125,0,0,0.0556,0,0,0.0909,0.2917
"locus6792",0.25,0.0625,0,0.2273,0,0.0417,0.0556,0.0455,0,0,0.3125,0,0,0.0417,0,0.1667,0,0.1111,0.4167,0.3333,0.15,0.05,0.3182,0.0833
"locus6793",0.3333,0,0,0,0,0,0,0.0455,0,0,0.1875,0,0.0625,0.0417,0.1667,0.3333,0,0,0,0.0556,0.35,0,0.0455,0
"locus6794",0.0833,0.0625,0.1,0.2273,0.0714,0,0.1667,0.0909,0.4375,0.2,0.0625,0.0556,0.1875,0.0417,0.1667,0.5,0.0625,0,0,0.0556,0.05,0,0.1364,0
"locus6795",0.0833,0,0.05,0.0455,0,0,0,0.0455,0,0,0.0625,0,0,0.125,0.0556,0,0.0625,0,0.0833,0.0556,0,0.15,0,0
"locus6796",0.0417,0.375,0.15,0,0,0,0,0.1364,0,0.1,0,0,0.375,0.125,0.0556,0.1667,0.25,0,0.1667,0,0.1,0.2,0.1818,0.0833
"locus6797",0.3333,0.375,0.4,0.4091,0.2857,0.375,0.3333,0.3636,0.25,0.35,0.5,0.5,0.375,0.4167,0.3889,0.5,0.3125,0.2222,0.25,0.2778,0.35,0.25,0.2727,0.4583
"locus6798",0.125,0,0.2,0.0909,0.2857,0.2083,0,0.2273,0.0625,0.3,0.25,0.0556,0.1875,0.25,0.0556,0,0.25,0,0.0833,0.1111,0.1,0.05,0,0.0833
"locus6799",0,0,0.05,0.1818,0,0.2083,0.0556,0,0.25,0.4,0,0.2222,0.125,0,0,0,0,0,0,0,0,0.1,0.0455,0
"locus6800",0,0,0.05,0,0,0.0417,0.0556,0,0.125,0,0.125,0,0.0625,0.1667,0.0556,0.1667,0,0,0.0833,0.1111,0,0,0,0
"locus6801",0.125,0,0,0.0455,0,0,0,0.0909,0,0,0,0,0,0,0.1111,0,0,0,0,0.1111,0,0.05,0.0455,0
"locus6802",0,0.1875,0.05,0,0,0,0,0.0455,0,0.2,0,0.1111,0,0.0417,0,0,0,0,0,0,0,0.05,0,0
"locus6803",0.0833,0.1875,0,0.1364,0.2857,0.375,0.0556,0,0.0625,0.35,0,0.4444,0.1875,0.2917,0.0556,0,0,0.1667,0.1667,0.1667,0.05,0.25,0.2273,0.3333
"locus6804",0.0833,0,0.05,0.2273,0,0,0.1111,0.1818,0.25,0,0,0.2222,0.0625,0.2083,0,0.1667,0.0625,0,0,0,0.05,0,0.0455,0
"locus6805",0.1667,0,0,0.0455,0,0,0.2778,0.0455,0,0,0.125,0,0.125,0,0.2778,0,0,0.0556,0.3333,0.3889,0.1,0.15,0.0455,0
"locus6806",0,0,0,0,0,0,0,0,0.0625,0,0,0,0,0.125,0,0,0,0.1667,0,0,0.05,0.05,0.0455,0
"locus6807",0,0.0625,0,0,0,0,0.1111,0.0455,0.0625,0,0,0,0.0625,0.0417,0,0,0,0,0,0.1667,0,0,0,0
"locus6808",0.0833,0.0625,0,0.2273,0.0714,0.1667,0.1667,0,0.0625,0.05,0.0625,0.0556,0.125,0,0.2778,0,0.0625,0.0556,0.0833,0.0556,0,0.05,0,0.25
"locus6809",0.125,0,0,0.0909,0.4286,0.0833,0.5,0.0455,0.0625,0.05,0.5,0,0,0.2083,0,0.3333,0.125,0.1111,0.4167,0.0556,0.1,0.2,0.4091,0.375
"locus6810",0.2917,0,0.1,0.4091,0.0714,0.1667,0.3889,0.0455,0.125,0.1,0.375,0.1111,0.125,0.25,0.2778,0.1667,0,0.2222,0.3333,0.2778,0.2,0,0.3636,0.4167
"locus6811",0.125,0.0625,0.05,0.0909,0.0714,0,0.0556,0.1364,0,0,0.0625,0.0556,0,0,0.3333,0.1667,0.125,0.2222,0,0.3889,0.3,0.15,0.4545,0
"locus6812",0.0417,0.125,0,0,0.2857,0.2083,0,0,0,0,0,0.0556,0.0625,0,0,0,0,0,0,0,0,0,0,0.125
"locus6813",0.0417,0.1875,0.1,0.0909,0,0,0,0.1818,0,0,0,0,0.0625,0.0417,0.0556,0,0.125,0,0,0.0556,0.05,0.05,0,0
"locus6814",0.0417,0.0625,0,0,0.0714,0.0417,0.1667,0,0.0625,0.05,0,0,0,0,0,0,0,0,0.25,0,0.05,0,0.0455,0.125
"locus6815",0,0,0,0.0909,0,0.0417,0.0556,0,0,0,0.125,0,0.0625,0.0417,0,0,0.0625,0,0.0833,0.0556,0.15,0,0,0
"locus6816",0.125,0.125,0.05,0,0.0714,0.0833,0,0.1364,0,0.05,0,0,0.25,0.125,0.0556,0.3333,0.25,0.0556,0.3333,0,0.1,0.25,0.0455,0.0833
"locus6817",0,0,0,0.3636,0.0714,0.0417,0.0556,0,0.0625,0,0,0.0556,0,0,0.1667,0.1667,0,0,0,0,0.05,0,0,0
"locus6818",0,0.0625,0.1,0,0,0.0833,0,0.0455,0.0625,0,0,0.0556,0.25,0.0833,0,0,0,0.0556,0.0833,0.0556,0,0,0,0
"locus6819",0,0.3125,0.2,0,0.1429,0.4583,0.0556,0.2727,0.25,0.4,0.1875,0.2222,0.375,0.2083,0.0556,0.1667,0.375,0.0556,0.0833,0,0,0.35,0.1364,0.0833
"locus6820",0.0417,0,0.05,0,0.1429,0,0.1111,0,0,0,0.0625,0,0.125,0.0833,0.1111,0,0.125,0.0556,0,0,0.15,0.05,0.0455,0.0833
"locus6821",0.0417,0.1875,0.05,0,0,0.0417,0,0,0.125,0,0,0,0,0.0417,0.0556,0,0,0,0,0,0,0.15,0.0455,0.0417
"locus6822",0.125,0,0.05,0,0,0,0,0.0455,0.0625,0,0,0,0.0625,0.0833,0.0556,0,0,0.0556,0,0,0,0,0,0
"locus6823",0.0417,0.125,0,0.0455,0.1429,0.2083,0.0556,0.1364,0.125,0.45,0,0.2778,0,0,0,0,0.0625,0,0.0833,0.1111,0,0.05,0.0909,0.0417
"locus6824",0.2083,0.375,0.15,0.0909,0.0714,0.0833,0.1667,0.1364,0.1875,0.45,0.1875,0.2778,0.4375,0.25,0.0556,0.1667,0.3125,0.1111,0.1667,0.2222,0.25,0.45,0.1364,0.25
"locus6825",0.0417,0.125,0.05,0.0455,0.1429,0.125,0.1667,0,0,0.45,0.0625,0.2222,0.0625,0.0417,0,0,0,0.0556,0,0,0,0,0,0.2917
"locus6826",0.2083,0.0625,0.15,0.2727,0.0714,0.125,0.0556,0.3182,0.375,0,0.1875,0,0.0625,0.0417,0,0,0.125,0.1111,0.0833,0.4444,0.2,0.2,0.0909,0.0833
"locus6827",0,0.125,0,0,0,0.125,0.1111,0,0.0625,0.25,0.1875,0,0,0,0,0,0,0,0.0833,0,0,0,0.0909,0.0417
"locus6828",0,0,0,0,0,0,0,0.0909,0,0.2,0,0.1667,0,0,0,0.1667,0,0.0556,0,0.2778,0,0,0,0
"locus6829",0,0,0.05,0,0,0.0417,0.1667,0,0,0.1,0.0625,0,0.0625,0.0417,0,0,0.0625,0,0.0833,0,0.05,0.05,0,0.0833
"locus6830",0.0417,0.1875,0.05,0.1818,0,0.1667,0,0.0909,0,0.1,0.0625,0,0.1875,0.0833,0,0,0,0.2222,0.1667,0,0.05,0.3,0.0909,0.0417
"locus6831",0.0417,0.125,0.5,0.1364,0,0,0.0556,0.3636,0.0625,0,0.0625,0.1111,0.5,0.375,0,0,0.25,0.3333,0.25,0.0556,0.15,0.2,0.1818,0
"locus6832",0.25,0.0625,0.1,0.0909,0,0,0,0.1364,0,0,0.125,0,0.125,0.0833,0.1111,0,0.0625,0.1111,0,0,0.1,0.05,0.3636,0
"locus6833",0.0417,0,0.1,0,0,0,0,0.1364,0,0,0.0625,0,0,0.0417,0,0,0,0,0,0,0,0.2,0,0
"locus6834",0,0.125,0,0.0455,0,0,0,0,0,0.25,0,0.4444,0,0,0,0,0,0,0,0,0,0,0,0
"locus6835",0.0833,0,0.05,0.1364,0,0,0.1667,0.0455,0.1875,0.1,0.125,0,0.125,0,0,0.1667,0,0.2222,0,0.1111,0.1,0.1,0.0909,0.0833
"locus6836",0.1667,0,0.15,0.2727,0,0,0.0556,0.1818,0,0.1,0.1875,0,0,0.2917,0,0,0.1875,0.1667,0.3333,0.0556,0.3,0.05,0.0909,0.0417
"locus6837",0.0417,0,0.1,0,0.1429,0.0417,0.1667,0.0909,0,0,0.125,0,0.0625,0.0417,0,0,0.3125,0.1667,0,0,0.05,0.1,0,0.0417
"locus6838",0.0833,0.4375,0,0,0.4286,0.375,0.1667,0.1364,0.0625,0.1,0,0.0556,0.0625,0,0.0556,0,0.0625,0.0556,0.25,0.0556,0.05,0,0,0.125
"locus6839",0.125,0,0,0,0.0714,0,0,0,0,0,0,0,0,0,0,0,0.0625,0,0,0.1667,0.05,0.05,0,0
"locus6840",0.4167,0.4375,0.35,0.2727,0.2143,0.375,0.3889,0.3182,0.5,0.1,0.5,0.0556,0.4375,0.25,0.3889,0.5,0.25,0.2778,0.3333,0.4444,0.45,0.45,0.1364,0.4583
"locus6841",0.0417,0,0,0.0455,0,0,0,0,0,0.25,0,0,0,0.0833,0.0556,0.1667,0,0,0,0.0556,0,0.1,0,0
"locus6842",0,0,0,0.1364,0,0.0833,0,0.0909,0.0625,0.05,0.0625,0.2222,0,0.0833,0,0,0,0,0,0.0556,0.1,0.2,0,0
"locus6843",0,0.1875,0,0,0,0.0833,0,0,0,0.1,0,0.0556,0,0,0,0,0.0625,0.1667,0,0,0.05,0,0,0
"locus6844",0,0.0625,0.1,0.0909,0,0.0833,0,0.2273,0.0625,0.05,0.125,0,0.0625,0.1667,0.0556,0.3333,0.125,0.1111,0.0833,0.3333,0.15,0.05,0.0455,0.0417
"locus6845",0.0417,0.125,0.1,0,0,0,0.2778,0,0,0,0,0,0.25,0.25,0,0.1667,0.25,0.2778,0.0833,0,0.1,0.05,0.3182,0.1667
"locus6846",0.0417,0.375,0.1,0.0909,0.1429,0.375,0.3889,0.0455,0,0.45,0.1875,0.2778,0.25,0.0833,0,0.1667,0.125,0,0.1667,0.0556,0.05,0.15,0.0909,0.3333
"locus6847",0.3333,0,0.05,0.0455,0,0,0,0.0455,0,0.05,0,0,0,0,0.0556,0,0,0.0556,0,0.0556,0,0.15,0,0
"locus6848",0.0833,0,0,0.5,0,0,0,0,0,0.05,0.125,0,0,0.125,0,0,0,0,0,0,0.05,0,0,0
"locus6849",0,0,0.1,0,0,0,0,0.0455,0,0.05,0.0625,0,0,0,0.0556,0,0.0625,0,0.0833,0,0.05,0.1,0.0455,0
"locus6850",0.4583,0,0.45,0.4091,0.2857,0.0417,0.2778,0.3636,0.1875,0.15,0.3125,0.1111,0.1875,0.3333,0.2222,0.1667,0.3125,0.5,0.3333,0.3333,0.3,0.25,0.3636,0.2917
"locus6851",0.0417,0,0.1,0,0.0714,0,0,0.0455,0,0,0,0,0.0625,0,0,0,0.0625,0,0,0,0,0.15,0.0455,0.0417
"locus6852",0.0417,0.0625,0.05,0.0455,0,0.1667,0,0.0455,0,0,0,0.0556,0,0.0417,0,0,0.125,0.1111,0,0,0,0.15,0,0
"locus6853",0.2917,0.25,0.5,0.3636,0,0.0417,0.2222,0.4091,0.4375,0,0.375,0,0.3125,0.4583,0.4444,0.3333,0.3125,0.3333,0.3333,0.2778,0.3,0.3,0.3636,0.25
"locus6854",0.125,0.0625,0.1,0.0455,0,0.0417,0,0.1818,0.1875,0,0.25,0,0.1875,0.2083,0,0,0.0625,0.0556,0,0.2222,0.25,0.1,0.2727,0
"locus6855",0.0417,0.3125,0,0,0.4286,0.3333,0.1111,0.1364,0,0.45,0,0.2222,0.0625,0.125,0,0,0.125,0.1111,0.0833,0,0.05,0.1,0.0909,0.125
"locus6856",0,0,0,0.1364,0,0.25,0.1111,0,0.0625,0.05,0,0,0.0625,0,0.1111,0,0,0,0.0833,0,0.15,0,0.0455,0
"locus6857",0.0417,0.0625,0,0.0455,0,0,0.0556,0.0455,0.0625,0.05,0.125,0,0.125,0.125,0,0,0.0625,0,0,0,0,0,0,0
"locus6858",0.375,0.1875,0.1,0.1364,0,0.2083,0.0556,0.3182,0.3125,0.05,0.1875,0.1111,0.1875,0.0417,0.5,0.5,0.1875,0.3889,0,0.1111,0.1,0.1,0.2727,0.125
"locus6859",0.0833,0.0625,0,0.0455,0.0714,0,0,0.0455,0,0,0.0625,0.0556,0,0,0.3333,0,0,0,0,0.2222,0.1,0,0.0455,0
"locus6860",0.1667,0.25,0.25,0.1818,0,0.1667,0.0556,0.2273,0.1875,0.15,0,0.3333,0.375,0.2917,0.0556,0,0.25,0.1111,0.0833,0,0.1,0,0.1818,0.0833
"locus6861",0.0833,0,0.35,0.0455,0,0,0,0.1818,0.0625,0.05,0,0,0.1875,0.25,0.0556,0,0.375,0,0,0.1667,0,0.05,0,0
"locus6862",0.2917,0.1875,0.15,0.3636,0,0.0417,0.1111,0.1818,0.25,0,0.1875,0,0.0625,0.1667,0.3333,0.5,0.0625,0.2222,0,0.3889,0.25,0.25,0.1818,0
"locus6863",0.2083,0.3125,0.45,0.2727,0.4286,0.2917,0.4444,0.3182,0.1875,0.15,0.5,0.0556,0.3125,0.4583,0.2222,0.3333,0.4375,0.1667,0.25,0.2778,0.25,0.4,0.5,0.4583
"locus6864",0,0.125,0.35,0,0.5,0.125,0.4444,0.3182,0,0.05,0.125,0,0.3125,0.4167,0.0556,0.5,0.4375,0.1111,0.3333,0.0556,0,0.3,0,0.3333
"locus6865",0.1667,0.125,0.1,0.2727,0.0714,0,0.1111,0,0.0625,0.3,0.1875,0.2222,0.125,0,0,0.5,0.0625,0,0,0.0556,0.2,0.35,0,0.0417
"locus6866",0.1667,0.0625,0.15,0.1364,0,0,0,0.2727,0.0625,0,0.125,0.0556,0.375,0.125,0.1111,0,0.125,0.1667,0.0833,0.0556,0.1,0.1,0,0
"locus6867",0.375,0.3125,0.15,0.4545,0.4286,0.3333,0.3889,0.1818,0.0625,0.4,0.3125,0.5,0.25,0.1667,0.2778,0.5,0.125,0.2778,0.4167,0.3889,0.3,0.3,0.1818,0.2917
"locus6868",0.0417,0.125,0,0.0909,0,0.125,0,0.1364,0.0625,0,0.1875,0,0,0.0417,0.2222,0,0.1875,0,0,0,0,0.1,0.0455,0
"locus6869",0.25,0.375,0.2,0.0909,0,0.25,0.0556,0.2273,0.4375,0.45,0,0.4444,0.3125,0.2083,0.2222,0.1667,0.25,0.3333,0.0833,0.3333,0.4,0.1,0.4545,0.0833
"locus6870",0,0.125,0,0,0,0.0417,0,0.1364,0,0.05,0.0625,0,0,0.0833,0,0.1667,0.0625,0,0.0833,0,0,0,0.0455,0.0833
"locus6871",0.0417,0.0625,0,0,0,0.2083,0,0.1818,0.0625,0.05,0,0,0.1875,0.125,0,0,0.0625,0,0,0,0.05,0.3,0.0455,0
"locus6872",0.0833,0.375,0.3,0.1818,0.2143,0.3333,0.1111,0.2273,0.3125,0.25,0.1875,0.1667,0.375,0.3333,0.3889,0,0.4375,0.2778,0,0.1111,0.05,0.25,0.1364,0.25
"locus6873",0.2917,0.125,0.1,0.2273,0,0,0,0.1818,0.5,0,0,0.0556,0.125,0.0833,0.1111,0,0.1875,0.3333,0,0,0.15,0.2,0.0909,0.0417
"locus6874",0.0833,0,0,0.0455,0,0,0,0.1364,0.0625,0,0,0,0.0625,0.0417,0.1111,0,0.0625,0.1111,0,0.0556,0.1,0.15,0,0
"locus6875",0.375,0.1875,0.25,0.3182,0.4286,0.2083,0.4444,0.4091,0.375,0.05,0.4375,0.0556,0.3125,0.5,0.0556,0.3333,0.375,0.2778,0.5,0.2222,0.15,0.45,0.4545,0.3333
"locus6876",0.1667,0.125,0.1,0.3182,0.0714,0.0417,0.3889,0.2273,0.1875,0.2,0.0625,0.1667,0.25,0.2083,0.0556,0,0.1875,0.1111,0.4167,0,0.15,0.15,0.1364,0.25
"locus6877",0,0.0625,0.05,0,0,0,0,0.1364,0,0.05,0,0,0.125,0.0833,0,0,0.0625,0,0,0,0,0,0,0.0417
"locus6878",0.0833,0,0.15,0.0455,0,0.0417,0,0.1818,0.125,0,0,0,0.3125,0,0,0,0.0625,0.1667,0,0,0,0.05,0.0455,0
"locus6879",0.2083,0.125,0.1,0.2727,0,0.1667,0,0.1818,0.125,0.1,0.125,0.1111,0.1875,0.1667,0.3333,0.3333,0.125,0.1111,0,0.4444,0.35,0.1,0.3182,0.0833
"locus6880",0,0,0,0.0455,0.0714,0,0.0556,0,0,0,0.0625,0,0.0625,0.1667,0.0556,0,0,0,0.0833,0.0556,0,0,0,0.0417
"locus6881",0.0833,0.0625,0,0,0,0.125,0.0556,0.1364,0.125,0.3,0.125,0,0.125,0.0417,0,0,0.125,0.3889,0,0.1111,0.05,0.05,0.2273,0
"locus6882",0,0,0,0,0.0714,0.3333,0.1111,0,0,0,0,0,0,0,0,0,0,0,0.3333,0,0,0,0,0.0417
"locus6883",0,0,0,0.0909,0,0,0,0,0,0,0,0,0,0,0.1111,0,0,0,0,0.3333,0,0,0,0
"locus6884",0,0.0625,0.05,0,0,0,0,0,0,0.15,0,0,0.0625,0,0,0,0.0625,0,0,0,0.1,0.1,0,0
"locus6885",0.0417,0.0625,0.05,0.0455,0,0,0.0556,0,0,0.05,0,0,0.0625,0.0417,0,0,0.0625,0,0,0,0.05,0.1,0.0455,0
"locus6886",0.0417,0.1875,0.05,0.0909,0,0,0,0,0.125,0,0.0625,0,0,0,0.0556,0,0,0,0,0,0.05,0,0,0
"locus6887",0,0,0.05,0,0,0.0417,0.0556,0,0.125,0,0,0.1111,0,0.0417,0,0,0,0,0.1667,0.0556,0,0.05,0,0.0417
"locus6888",0,0,0,0,0.0714,0.0417,0.0556,0,0,0,0,0,0,0,0,0,0.0625,0,0,0,0,0,0.1818,0.25
"locus6889",0,0,0,0,0,0,0,0,0,0.05,0,0,0,0.0417,0,0,0,0,0,0,0,0,0,0.3333
"locus6890",0.0833,0,0,0.1818,0,0,0,0,0,0.05,0,0,0,0.2083,0.1667,0,0,0,0,0.0556,0.15,0.05,0,0
"locus6891",0.25,0,0,0.0455,0.2857,0.0833,0.0556,0,0.125,0.1,0.125,0,0.0625,0.0417,0,0,0,0,0,0,0.1,0,0.0455,0.0833
"locus6892",0,0.3125,0,0.3182,0,0.2917,0.0556,0.1364,0,0.2,0.0625,0.3889,0,0.0833,0,0,0,0,0,0.3333,0,0.05,0.0909,0.0833
"locus6893",0,0,0,0.1364,0,0,0.0556,0.0909,0,0,0.1875,0,0,0.0417,0.0556,0,0,0,0.0833,0,0,0,0,0
"locus6894",0.0417,0.4375,0.25,0.4545,0.2143,0.0833,0.0556,0.2273,0.3125,0.2,0.1875,0.1111,0.375,0.0417,0,0.1667,0.3125,0.4444,0.1667,0.0556,0.1,0.2,0.0909,0.125
"locus6895",0.4583,0.375,0.3,0.3636,0.0714,0.3333,0.3333,0.3636,0.4375,0.5,0.3125,0.2222,0.25,0.2917,0.3889,0.3333,0.4375,0.4444,0.1667,0.4444,0.5,0.35,0.2727,0.25
"locus6896",0.25,0.1875,0.4,0.3182,0.0714,0.0833,0.2778,0.2727,0.3125,0.1,0.3125,0.1111,0.4375,0.2917,0.3333,0.3333,0.375,0.4444,0.1667,0.4444,0.1,0.25,0.3636,0.2917
"locus6897",0.0833,0,0.15,0.0455,0,0,0,0.0455,0,0,0.0625,0,0.0625,0.125,0.3333,0,0.1875,0.1111,0,0.0556,0.15,0.2,0,0
"locus6898",0.2917,0.25,0.5,0.1818,0.2857,0.2083,0.1111,0.3182,0.125,0.35,0.0625,0.2778,0.25,0.3333,0.0556,0.1667,0.375,0.1667,0.4167,0.1667,0.15,0.3,0.1364,0.0833
"locus6899",0.4167,0.375,0.25,0.4091,0.2857,0.4583,0.3333,0.4545,0.375,0.3,0.5,0.3889,0.5,0.4583,0.3889,0.3333,0.4375,0.2778,0.4167,0.3333,0.45,0.5,0.4091,0.2917
"locus6900",0.0833,0.0625,0.05,0,0.1429,0.0833,0.0556,0,0.125,0,0,0,0,0,0.0556,0,0.0625,0.0556,0,0.0556,0,0.05,0.0909,0.1667
"locus6901",0.375,0.0625,0.2,0.2727,0.0714,0,0.1667,0.4545,0.125,0.05,0.0625,0,0.4375,0.25,0.3889,0.3333,0.125,0.5,0.0833,0.3333,0.45,0.2,0.5,0.0417
"locus6902",0.25,0,0,0.2273,0,0,0,0,0,0,0.125,0,0.0625,0.0417,0.0556,0,0,0,0,0.1111,0.05,0.05,0.4091,0
"locus6903",0,0.5,0,0.0455,0.3571,0.5,0.0556,0,0.4375,0.4,0.1875,0.3889,0.375,0.0833,0.2222,0,0.125,0.3333,0.0833,0.3889,0.1,0.05,0.2273,0.0417
"locus6904",0,0,0,0,0.0714,0.0833,0.0556,0,0.0625,0.1,0,0.0556,0,0.0833,0,0,0.0625,0.0556,0,0,0.05,0.1,0.0455,0.25
"locus6905",0.0417,0.0625,0,0,0,0.0417,0,0.1818,0,0.1,0.0625,0,0.0625,0.375,0.1667,0,0.375,0.0556,0,0,0.05,0.3,0.0455,0.0833
"locus6906",0.125,0,0,0,0,0,0.0556,0.0909,0,0,0,0,0.0625,0.0833,0.0556,0.1667,0,0.0556,0.0833,0.0556,0,0,0,0
"locus6907",0,0,0,0.0455,0.0714,0,0.2222,0,0,0,0,0,0,0,0,0,0,0,0,0,0.05,0,0.0909,0.4167
"locus6908",0.2917,0.0625,0.1,0.0909,0,0,0,0.1818,0.0625,0.1,0,0.1111,0,0.0417,0.1667,0,0.125,0.1667,0,0.1111,0.2,0.05,0.2273,0
"locus6909",0,0,0.1,0,0,0,0,0.0909,0,0,0,0,0.4375,0.2083,0,0,0,0,0,0,0,0,0.0455,0
"locus6910",0,0.0625,0.05,0,0.0714,0.2917,0.1111,0.0455,0.125,0.4,0,0.3333,0,0,0,0.3333,0,0,0,0,0,0.25,0,0
"locus6911",0,0.25,0,0.1364,0,0.1667,0,0,0.0625,0.15,0,0.0556,0,0,0,0,0,0,0,0,0.1,0.2,0.0455,0
"locus6912",0.1667,0.4375,0.2,0.1364,0.2857,0.4583,0.3333,0.2727,0.25,0.35,0.3125,0.3889,0.25,0.2917,0.1111,0.3333,0.125,0.0556,0.25,0.1111,0.05,0.3,0.2273,0.4583
"locus6913",0.0833,0.1875,0.05,0.0909,0.1429,0.125,0.1111,0.0455,0.0625,0.35,0.125,0.2778,0.0625,0.0417,0.1667,0.1667,0.1875,0.0556,0.3333,0.1111,0.05,0.15,0.1364,0.1667
"locus6914",0,0,0,0.0455,0.2857,0.3333,0.3333,0,0.0625,0.1,0.25,0,0,0.0833,0,0,0,0,0.4167,0,0,0,0.0455,0.2917
"locus6915",0.4167,0.4375,0.45,0.5,0.4286,0.4583,0.3333,0.4545,0.375,0.35,0.375,0.3333,0.4375,0.375,0.5,0.1667,0.375,0.2778,0.3333,0.3333,0.35,0.3,0.3182,0.2917
"locus6916",0.0417,0.125,0,0,0,0.0417,0.0556,0.0455,0.0625,0.15,0.125,0.1667,0,0,0,0.1667,0,0.0556,0,0.2778,0.05,0,0,0.0417
"locus6917",0.1667,0,0,0,0,0,0,0.0909,0,0,0,0,0,0.0417,0.1111,0.1667,0,0,0,0.0556,0,0.05,0.0909,0
"locus6918",0.0833,0.1875,0.1,0,0.4286,0.375,0.4444,0.0909,0,0.2,0.3125,0.3333,0.125,0.125,0,0.1667,0.125,0.2222,0,0.1111,0.05,0.45,0.0455,0.4583
"locus6919",0.1667,0.125,0.1,0,0,0.2083,0.3333,0.3636,0.125,0,0.3125,0,0.25,0.2917,0,0.1667,0.1875,0.1667,0.4167,0.1667,0.15,0.15,0.1818,0.2083
"locus6920",0,0,0.1,0,0,0,0.1111,0.1364,0,0.15,0.0625,0,0,0.0417,0,0.1667,0,0,0,0,0,0.1,0,0.0833
"locus6921",0,0,0.15,0.0909,0.0714,0,0,0,0,0,0.125,0,0,0.0417,0.0556,0.1667,0,0,0.0833,0,0.05,0,0,0
"locus6922",0.2083,0.4375,0.3,0.4091,0.5,0.25,0.3333,0.3636,0.3125,0.5,0.4375,0.5,0.25,0.2083,0.0556,0,0.25,0.4444,0.3333,0.2222,0.45,0,0.3182,0.375
"locus6923",0.3333,0.375,0.45,0.4091,0.4286,0.375,0.4444,0.5,0.4375,0.5,0.5,0.3333,0.5,0.4583,0.5,0.3333,0.4375,0.2778,0.5,0.3333,0.35,0.5,0.2727,0.4167
"locus6924",0.375,0.125,0.2,0.0909,0.2143,0.125,0.1111,0.3182,0.1875,0.05,0.25,0.1111,0.375,0.3333,0.5,0.3333,0.1875,0.3889,0.1667,0,0.1,0.3,0.0909,0.1667
"locus6925",0.4583,0.4375,0.3,0.4091,0.0714,0.3333,0.4444,0.4091,0.125,0.35,0.3125,0.2222,0.3125,0.5,0.2222,0.3333,0.4375,0.3889,0.4167,0.4444,0.35,0.35,0.1364,0.3333
"locus6926",0,0.125,0,0,0,0.0833,0,0,0,0.1,0,0.0556,0,0.0417,0,0,0.0625,0,0.0833,0.0556,0.05,0.05,0,0.0417
"locus6927",0,0,0,0.0455,0.0714,0,0.0556,0,0,0,0,0,0,0,0,0,0,0.0556,0.25,0,0,0.2,0,0.125
"locus6928",0.25,0.0625,0.4,0.0909,0.1429,0,0.3889,0.2273,0.0625,0.1,0.375,0,0.125,0.2917,0.2222,0,0.5,0.1111,0.25,0.4444,0.4,0.25,0.3182,0.2917
"locus6929",0,0.1875,0.25,0.2273,0.0714,0,0.1667,0.1364,0.125,0.1,0.125,0,0.1875,0.2917,0.1667,0,0.125,0,0.25,0.1111,0.05,0.05,0.0455,0
"locus6930",0.4583,0.0625,0.4,0.4091,0.1429,0.1667,0.3333,0.3182,0.375,0.05,0.375,0.0556,0.375,0.25,0.1667,0.1667,0.1875,0.2778,0.5,0.5,0.5,0.4,0.3636,0
"locus6931",0.0833,0,0.15,0,0,0,0.0556,0,0,0,0,0,0,0.125,0,0.1667,0,0.0556,0.25,0,0,0,0,0
"locus6932",0,0.125,0,0,0,0,0,0,0,0,0,0.0556,0,0.0417,0,0.1667,0,0,0,0.0556,0.05,0.15,0,0.0417
"locus6933",0.0833,0,0.05,0,0.1429,0,0.1111,0.1364,0,0.05,0.125,0,0,0.0417,0,0,0.125,0.1667,0.25,0,0,0,0,0.0833
"locus6934",0.0833,0.3125,0.15,0.1818,0.5,0.2917,0.4444,0.0455,0.4375,0.35,0.375,0.3889,0.0625,0.2083,0.1667,0.3333,0.3125,0.0556,0.25,0.4444,0.3,0.15,0.3182,0.3333
"locus6935",0.2083,0,0,0.0455,0,0,0.0556,0,0,0,0.125,0.0556,0,0,0.1667,0,0,0.1667,0,0.0556,0.05,0.25,0.1364,0
"locus6936",0,0,0,0,0.0714,0,0.0556,0,0,0,0,0,0,0,0,0,0,0,0,0,0,0,0.0909,0.3333
"locus6937",0,0.125,0.1,0,0,0.0833,0,0.2273,0,0,0.0625,0,0,0.0833,0,0,0.0625,0,0,0,0,0,0,0.0417
"locus6938",0.2083,0.0625,0.25,0.1364,0.2857,0.125,0.2222,0.0909,0,0.05,0.125,0.0556,0.1875,0.1667,0.1111,0.1667,0.1875,0.1111,0,0.1111,0.15,0.25,0.0909,0.2083
"locus6939",0,0.0625,0.1,0,0,0,0,0.1818,0,0,0.0625,0,0.0625,0.0833,0,0.1667,0.0625,0.0556,0,0.0556,0,0,0.0455,0
"locus6940",0,0,0,0,0.2857,0.1667,0,0,0,0,0,0,0,0,0,0,0,0,0,0,0,0,0,0.0833
"locus6941",0.0833,0.0625,0,0.0455,0,0,0,0.0455,0,0,0.0625,0,0,0.0833,0.1667,0,0,0.3889,0,0,0.1,0.05,0.0455,0
"locus6942",0,0.125,0.05,0.0909,0,0,0.0556,0.1818,0.125,0,0.0625,0.1667,0.125,0.0417,0.1667,0.1667,0.125,0,0,0,0.05,0.1,0,0
"locus6943",0.125,0,0,0,0,0.0833,0,0,0.0625,0,0,0,0,0,0.1111,0.1667,0,0.0556,0,0.1667,0.1,0.05,0.0455,0
"locus6944",0,0.1875,0,0.1364,0,0.25,0.0556,0,0.125,0.1,0,0,0,0.0417,0,0,0.125,0.0556,0,0,0.05,0,0.0909,0.0417
"locus6945",0.0833,0.3125,0,0.4091,0.4286,0.4167,0.4444,0,0.5,0.5,0,0.2778,0.0625,0.0833,0.3333,0,0,0.0556,0.1667,0.2222,0.05,0.05,0.1364,0.3333
"locus6946",0,0.0625,0,0,0,0.0833,0.1667,0,0,0,0.0625,0,0,0.125,0.1667,0,0.0625,0.0556,0.0833,0.0556,0.05,0,0,0.2083
"locus6947",0,0,0.25,0,0,0.0417,0.0556,0.0455,0,0.05,0,0,0,0.0833,0,0.3333,0.3125,0,0.1667,0,0.2,0,0,0
"locus6948",0,0.4375,0,0,0,0.4583,0,0,0,0.25,0,0.1667,0,0,0,0,0,0,0,0,0,0,0,0
"locus6949",0.0833,0,0.1,0,0,0,0,0.1818,0,0,0,0,0,0,0,0,0.0625,0,0,0,0.05,0.1,0.0455,0
"locus6950",0,0,0,0,0,0,0.0556,0.0909,0,0,0,0,0,0,0,0,0.0625,0.1111,0,0,0,0.05,0.0455,0.25
"locus6951",0.1667,0.3125,0.3,0.3636,0.2143,0.375,0.3333,0.2727,0.0625,0.1,0.3125,0.1111,0.4375,0.375,0,0.3333,0.1875,0.2778,0.4167,0.1667,0.3,0.45,0.1364,0.4167
"locus6952",0.375,0,0,0.3182,0,0.0417,0,0,0,0.05,0.1875,0,0.0625,0,0.3333,0.3333,0,0,0,0.2222,0.25,0.2,0.4091,0
"locus6953",0,0,0,0,0,0.0833,0.0556,0.0909,0,0,0,0,0,0,0.0556,0.1667,0.125,0.1111,0,0,0,0,0,0
"locus6954",0,0,0,0,0,0.0833,0.0556,0.1364,0,0.05,0.125,0.1111,0,0.0833,0,0,0.0625,0.1111,0,0,0,0.1,0,0
"locus6955",0.375,0.125,0.1,0.2273,0,0.0417,0.1667,0.3182,0.25,0.15,0,0.1667,0.1875,0.0833,0.4444,0,0.25,0.1667,0.1667,0.2778,0.25,0.2,0.2727,0
"locus6956",0.4583,0.25,0.45,0.4091,0.3571,0.25,0.0556,0.4091,0.375,0.45,0.1875,0.1667,0.4375,0.4583,0.5,0.1667,0.4375,0.2778,0.25,0.2778,0.4,0.45,0.3182,0.1667
"locus6957",0,0,0,0.0455,0.1429,0.0417,0.1111,0,0,0,0,0.0556,0,0.0417,0,0,0,0,0.0833,0,0,0,0,0.2083
"locus6958",0,0,0.05,0,0,0.1667,0,0,0,0,0,0,0.0625,0.0417,0,0,0.125,0,0,0,0.1,0,0.0909,0.0833
"locus6959",0.0417,0.1875,0.1,0.0455,0.3571,0.25,0.3889,0.0909,0,0.4,0.0625,0.2778,0.0625,0.1667,0.2222,0,0.125,0,0.3333,0.3333,0.1,0.25,0.1364,0.125
"locus6960",0.0417,0,0.2,0,0,0,0,0.0455,0,0,0,0,0,0.0833,0,0.1667,0.0625,0,0.0833,0,0,0.1,0,0
"locus6961",0.125,0,0,0.2727,0.3571,0,0.4444,0.1364,0.0625,0,0.25,0,0,0.1667,0.2222,0.3333,0.0625,0,0.25,0.1111,0.1,0,0.2727,0.4167
"locus6962",0,0.375,0,0.2273,0.1429,0.5,0.3333,0.0455,0,0.45,0.3125,0.5,0.1875,0.375,0,0.1667,0.0625,0,0.4167,0,0.05,0.25,0.1364,0.5
"locus6963",0,0,0,0.0455,0,0,0.0556,0,0.0625,0.05,0,0.1111,0,0.125,0,0.1667,0.0625,0.0556,0,0,0.05,0,0,0
"locus6964",0,0,0,0,0,0,0.0556,0,0,0.3,0,0.1667,0,0.0417,0,0,0.0625,0,0,0,0.05,0,0,0
"locus6965",0,0,0,0,0,0,0.1667,0,0,0,0.125,0,0,0,0,0,0.0625,0,0.5,0,0,0,0,0.4167
"locus6966",0.0833,0.375,0.3,0.0909,0.3571,0.25,0.1111,0.1818,0.125,0.45,0,0.4444,0.4375,0.1667,0,0,0.25,0.1111,0.0833,0.3333,0.05,0.1,0.1364,0
"locus6967",0.1667,0,0,0.0909,0,0,0.1111,0,0,0,0.0625,0,0,0.0833,0,0.1667,0,0,0.1667,0.2778,0.25,0,0.2727,0
"locus6968",0.0417,0.3125,0.45,0.3636,0.2857,0.125,0.2222,0.2727,0.4375,0.4,0.1875,0.1667,0.4375,0.2917,0.1667,0.3333,0.3125,0.1111,0.25,0.2778,0.35,0.15,0.0909,0.2917
"locus6969",0,0.0625,0,0,0.2143,0.25,0,0,0,0.05,0,0.2778,0,0,0,0,0,0,0,0.0556,0,0.1,0,0
"locus6970",0,0.0625,0,0,0.1429,0.0833,0.0556,0.0455,0,0.15,0,0.0556,0,0,0,0,0.125,0.0556,0,0,0,0,0,0
"locus6971",0.375,0.3125,0.5,0.5,0.4286,0.25,0.2778,0.3182,0.375,0.4,0.375,0.3333,0.375,0.4167,0.2222,0.3333,0.3125,0.3889,0.4167,0.2222,0.25,0.5,0.3636,0.4167
"locus6972",0.3333,0.25,0.5,0.2273,0.5,0.1667,0.3889,0.3636,0.5,0.4,0.375,0.3889,0.1875,0.4167,0.5,0.5,0.25,0.3889,0.5,0.3889,0.35,0.45,0.4091,0.4167
"locus6973",0.2083,0.25,0.4,0.3182,0.1429,0.125,0.3333,0.4091,0.1875,0.1,0.25,0,0.375,0.4583,0.1111,0.3333,0.5,0.3889,0.1667,0.3889,0.2,0.25,0.2273,0
"locus6974",0,0,0,0,0,0.2083,0.0556,0,0.0625,0,0,0.0556,0,0.0417,0,0,0,0,0,0,0,0,0.1364,0.0833
"locus6975",0.0417,0.0625,0.2,0.1818,0.0714,0.3333,0.0556,0.1364,0,0,0.3125,0,0,0.0833,0,0.1667,0.1875,0.1667,0.0833,0.0556,0.2,0.25,0.0455,0.0833
"locus6976",0.4583,0.4375,0.45,0.5,0.3571,0.5,0.3889,0.5,0.5,0.45,0.4375,0.3889,0.5,0.4167,0.5,0.3333,0.4375,0.3889,0.5,0.5,0.5,0.45,0.5,0.4583
"locus6977",0.0417,0,0.05,0,0.0714,0.0417,0,0.1364,0.0625,0,0,0,0.0625,0.2083,0,0,0.1875,0,0.0833,0,0,0,0.0455,0
"locus6978",0.4167,0.125,0.3,0.1364,0,0.0417,0.1667,0.1818,0.4375,0,0.3125,0.0556,0.375,0.25,0.5,0.3333,0.4375,0.2778,0.0833,0.1111,0.2,0.4,0.5,0.0417
"locus6979",0,0,0,0.1364,0,0,0,0.2273,0.0625,0.05,0,0.0556,0.0625,0,0,0,0,0,0,0,0.05,0.05,0,0.0417
"locus6980",0.0417,0.1875,0.15,0,0,0.0833,0,0.0909,0.0625,0,0,0.0556,0,0.0417,0.3889,0.1667,0.1875,0.1111,0.0833,0,0,0.05,0.0455,0
"locus6981",0,0.0625,0,0.0909,0.2143,0.125,0.0556,0,0,0.3,0,0.2778,0,0,0,0,0.125,0,0.0833,0,0.05,0,0.0455,0.2083
"locus6982",0.0833,0,0,0,0,0,0,0.0455,0.0625,0,0.0625,0,0.0625,0.0417,0.0556,0.1667,0,0,0,0,0,0,0.2273,0
"locus6983",0.3333,0.375,0.5,0.2273,0.4286,0.375,0.3889,0.3182,0.3125,0.5,0.375,0.3889,0.25,0.5,0.2222,0.5,0.375,0.4444,0.3333,0.3333,0.4,0.4,0.2273,0.4583
"locus6984",0.2083,0.1875,0,0.0455,0.1429,0.1667,0.0556,0.0909,0.3125,0.15,0.0625,0,0.3125,0.125,0.3333,0.3333,0.0625,0,0.0833,0.3889,0.4,0,0.0455,0.0833
"locus6985",0.4167,0.375,0.45,0.3182,0.4286,0.375,0.5,0.5,0.375,0.35,0.4375,0.0556,0.4375,0.375,0.1111,0.3333,0.375,0.2778,0.5,0.1667,0.3,0.45,0.3636,0.4167
"locus6986",0.0417,0,0,0.0909,0,0,0,0,0,0,0.125,0,0.0625,0,0,0,0,0,0.0833,0.0556,0.05,0,0.0455,0.125
"locus6987",0.125,0.5,0.25,0.0909,0.2143,0.2917,0.2778,0.0455,0.1875,0.25,0.3125,0.1111,0.0625,0.2083,0,0,0.1875,0.0556,0.4167,0.1667,0.15,0.2,0.4091,0.25
"locus6988",0.2083,0.1875,0.4,0.2727,0.4286,0.4583,0.1667,0.3636,0.125,0.25,0.4375,0.5,0.375,0.3333,0.4444,0.1667,0.3125,0.3889,0.4167,0.3889,0.5,0.45,0.2727,0.375
"locus6989",0,0.125,0.15,0,0,0,0.0556,0.0909,0,0.1,0.0625,0,0,0.125,0,0,0.1875,0.1667,0,0,0.05,0.05,0.0455,0
"locus6990",0.125,0.5,0.35,0.3636,0.3571,0.4167,0.2778,0.2273,0.3125,0.45,0.5,0.5,0.375,0.25,0.2778,0,0.1875,0.1667,0.25,0.1667,0.25,0.2,0.5,0.375
"locus6991",0,0.125,0,0,0,0,0.0556,0,0,0.15,0,0,0.125,0.0833,0,0,0.0625,0,0.0833,0,0,0.05,0,0
"locus6992",0.0417,0.125,0.4,0.0909,0.1429,0.1667,0.2222,0.2273,0,0.05,0.0625,0.0556,0.0625,0.3333,0,0.1667,0.25,0.2222,0.3333,0,0.2,0.4,0.0455,0.1667
"locus6993",0.375,0.0625,0.3,0.2727,0,0.0417,0.1667,0.4545,0.1875,0.15,0.125,0.1111,0.4375,0.375,0.4444,0.3333,0.5,0.3889,0.0833,0.4444,0.25,0.35,0.2273,0.0833
"locus6994",0.2917,0.25,0,0.4091,0.4286,0.2083,0.4444,0,0.375,0.05,0.125,0.3333,0.4375,0.0833,0,0.1667,0.0625,0.1667,0.3333,0,0.45,0.05,0.4091,0.3333
"locus6995",0.0417,0.0625,0,0,0,0.0417,0,0,0,0.05,0,0.0556,0.1875,0,0.1111,0,0.0625,0.2222,0,0,0.15,0,0.0455,0
"locus6996",0.375,0.375,0.45,0.5,0.2143,0.2083,0.2778,0.4545,0.25,0.25,0.3125,0.1111,0.4375,0.4583,0.4444,0.1667,0.5,0.2778,0.3333,0.2222,0.3,0.45,0.3636,0.3333
"locus6997",0,0,0,0,0.0714,0.1667,0.1111,0,0,0.15,0.0625,0.1111,0,0,0,0,0,0,0.0833,0,0,0,0.0455,0.125
"locus6998",0.375,0.3125,0.4,0.5,0.3571,0.4583,0.3333,0.3182,0.3125,0.45,0.5,0.3333,0.25,0.375,0.4444,0.3333,0.375,0.3889,0.4167,0.4444,0.4,0.45,0.4545,0.4167
"locus6999",0,0,0.15,0,0,0,0,0.0909,0,0,0,0,0.0625,0.1667,0,0,0.0625,0,0,0,0,0.1,0.2273,0.0417
"locus7000",0.125,0.0625,0.05,0,0.0714,0,0.1667,0.0909,0,0,0,0,0,0.0833,0,0,0,0,0.0833,0.3889,0.25,0.1,0.0455,0.0417
"locus7001",0,0,0.05,0,0,0,0,0,0,0.2,0.125,0,0,0.0417,0,0,0,0,0.0833,0,0.05,0.1,0.0455,0.0417
"locus7002",0.1667,0.3125,0.1,0.0909,0.2857,0.25,0.4444,0.1364,0.0625,0.2,0.0625,0.5,0.1875,0.1667,0.1667,0,0.125,0.1111,0.4167,0.1667,0.2,0.15,0.0909,0.2917
"locus7003",0.3333,0.25,0.3,0.1364,0,0.4167,0.3889,0.1364,0.1875,0.05,0.3125,0.0556,0.375,0.375,0.2222,0.3333,0.1875,0.1667,0.3333,0.1111,0.3,0.35,0.3182,0.2083
"locus7004",0,0.4375,0.25,0.3182,0.2857,0.3333,0.3333,0.2727,0.375,0.05,0.5,0.0556,0.3125,0.25,0.3333,0.1667,0.3125,0.3333,0.3333,0.1111,0.3,0.35,0.4545,0.3333
"locus7005",0.125,0.125,0.05,0,0.2857,0.0833,0.1111,0,0,0.15,0.1875,0,0.125,0.1667,0,0,0,0.0556,0,0,0,0.15,0.2727,0.2083
"locus7006",0.125,0.1875,0.05,0.0455,0.3571,0.4583,0.1111,0.0455,0.0625,0.15,0.125,0.1111,0.375,0.2917,0.1667,0,0.0625,0.0556,0.3333,0.1111,0.15,0.1,0.0455,0.3333
"locus7007",0,0,0,0,0.1429,0.2917,0.0556,0.0909,0,0.4,0,0.3333,0,0.0833,0,0.1667,0,0.0556,0,0,0,0,0.0909,0.0833
"locus7008",0,0.25,0,0,0.0714,0.0833,0.1667,0,0,0,0,0,0.0625,0,0.0556,0,0.0625,0,0,0,0,0,0.0909,0
"locus7009",0,0,0,0.0455,0,0.0417,0,0.1818,0.0625,0.15,0.125,0,0.125,0.0417,0,0.1667,0.125,0,0.0833,0.1667,0,0.15,0,0.2917
"locus7010",0,0.0625,0,0,0.3571,0.25,0.1667,0,0,0.3,0,0.2778,0,0,0,0,0,0,0.0833,0,0,0,0.1364,0.0833
"locus7011",0.0833,0.0625,0,0.0455,0,0,0.0556,0.2727,0.0625,0,0,0.0556,0.0625,0.0833,0.1667,0.5,0.0625,0.1667,0,0.0556,0.05,0.15,0.1364,0.0833
"locus7012",0.125,0.3125,0.1,0.0455,0.5,0.4583,0.3333,0.0455,0,0.35,0.0625,0.5,0.125,0.1667,0,0,0,0,0,0.1667,0.1,0.2,0.0455,0.25
"locus7013",0.0417,0,0.25,0.0455,0,0.0417,0,0.1364,0.125,0.1,0,0,0.0625,0.25,0,0,0.1875,0.0556,0,0.1667,0,0.1,0,0
"locus7014",0,0,0.15,0,0,0,0,0.1364,0,0,0,0,0.125,0.125,0,0,0,0.0556,0,0,0,0.1,0,0
"locus7015",0.3333,0.125,0.05,0.0909,0.1429,0.2083,0.1667,0.1364,0.125,0.05,0.0625,0.0556,0.125,0.0833,0.3333,0,0.125,0.0556,0.0833,0.0556,0.2,0,0.3182,0.0417
"locus7016",0.375,0.0625,0.15,0.2273,0,0,0.1111,0.2273,0.375,0.05,0,0,0.25,0.4583,0.2778,0.1667,0.1875,0.3333,0.0833,0.2778,0.4,0.2,0.2727,0
"locus7017",0.2083,0.125,0.05,0.1818,0,0,0,0.1818,0.1875,0.05,0,0,0.375,0.0833,0.5,0.5,0.1875,0.3889,0,0,0.05,0.1,0.0909,0
"locus7018",0.0417,0,0.1,0.0455,0,0.125,0,0.0455,0,0,0,0,0,0.0417,0,0,0,0,0,0,0,0.05,0,0
"locus7019",0.25,0.5,0.3,0.3182,0.4286,0.4167,0.4444,0.3182,0.25,0.45,0.3125,0.4444,0.3125,0.3333,0.2222,0.3333,0.375,0.3333,0.4167,0.4444,0.45,0.4,0.3636,0.5
"locus7020",0.2083,0.125,0,0.1364,0.0714,0.2083,0.0556,0.0909,0.125,0.05,0.0625,0.0556,0.125,0.0833,0.2222,0,0,0.1111,0.0833,0,0.05,0.2,0.0455,0.0417
"locus7021",0.125,0,0,0.2273,0.0714,0.0417,0,0,0,0.05,0.0625,0,0,0.125,0.1111,0,0,0,0,0.0556,0.05,0,0,0
"locus7022",0,0,0,0.1364,0.1429,0.2083,0.0556,0,0,0.15,0,0.2222,0,0.0417,0,0,0.125,0,0,0,0.05,0,0.0455,0.0417
"locus7023",0.4167,0,0.3,0.0455,0,0,0.0556,0.4091,0,0.05,0.25,0,0.125,0.4167,0.1667,0.3333,0.3125,0.4444,0.1667,0.3333,0,0.3,0.1364,0
"locus7024",0.0417,0,0.3,0,0,0,0,0.4091,0,0,0,0,0.1875,0.0417,0,0,0.1875,0.0556,0,0,0,0,0,0
"locus7025",0.1667,0,0.1,0,0,0,0,0.0909,0.0625,0.1,0,0,0.0625,0.0417,0.1111,0.1667,0.0625,0,0.0833,0.3333,0.1,0.1,0.1818,0.0833
"locus7026",0.1667,0.125,0.45,0.3636,0,0.0833,0.1111,0.4091,0.5,0.15,0.375,0,0.1875,0.375,0.4444,0.3333,0.375,0.3333,0.25,0.4444,0.15,0.45,0.2727,0.0833
"locus7027",0.1667,0.4375,0.4,0.3636,0.4286,0.4583,0.3333,0.3182,0.1875,0.25,0.5,0.5,0.375,0.5,0.2222,0.3333,0.3125,0.1667,0.4167,0.1111,0.3,0.3,0.2727,0.2917
"locus7028",0,0.125,0.05,0,0.2857,0.0833,0.0556,0,0,0.4,0.0625,0.4444,0.1875,0,0.0556,0.3333,0.0625,0,0.0833,0.0556,0,0.1,0,0.125
"locus7029",0.0833,0,0.05,0,0,0,0.1111,0.2727,0,0.05,0,0,0.0625,0.1667,0.0556,0,0.1875,0,0,0.1667,0.1,0.1,0.0455,0.0833
"locus7030",0,0.0625,0.05,0,0,0,0.0556,0.0455,0,0,0.0625,0,0,0.0417,0,0.1667,0.0625,0.1667,0,0,0.05,0.1,0,0
"locus7031",0,0,0.05,0.2273,0,0,0.0556,0,0,0,0,0.0556,0,0,0,0.1667,0,0,0,0.0556,0.05,0,0,0.0417
"locus7032",0,0,0.05,0,0,0,0,0.0909,0.1875,0.05,0.0625,0,0,0.0833,0.0556,0,0,0.0556,0,0.0556,0,0,0.0455,0
"locus7033",0.0417,0,0,0.0455,0.0714,0.0833,0,0,0,0.1,0.0625,0,0.125,0,0.1111,0,0,0,0.0833,0,0,0.05,0.0909,0.0833
"locus7034",0.0417,0,0,0.0455,0,0,0,0,0.1875,0,0,0,0.0625,0,0,0,0,0,0,0,0.05,0,0.2273,0
"locus7035",0.0417,0,0.1,0.0909,0.0714,0,0.0556,0,0,0.05,0.1875,0,0.0625,0.1667,0,0,0,0,0.0833,0.3333,0.1,0.15,0,0.0417
"locus7036",0,0,0,0.0455,0.2857,0.25,0.4444,0,0,0.15,0.0625,0.0556,0,0.0417,0,0,0.0625,0,0.25,0.0556,0.05,0,0.1818,0.25
"locus7037",0.0417,0.0625,0,0,0,0,0.1111,0.0455,0,0,0.0625,0,0,0,0.1667,0,0,0.0556,0.0833,0.0556,0.05,0.05,0.0455,0.0417
"locus7038",0.0417,0.0625,0.2,0,0.0714,0.0417,0.0556,0.0455,0,0,0.0625,0,0,0.0833,0,0.1667,0.0625,0,0.1667,0.1667,0,0.1,0,0.2083
"locus7039",0.0417,0.25,0.05,0,0.1429,0.4167,0.0556,0.0455,0.375,0.2,0.25,0,0.125,0.25,0.1111,0.1667,0.25,0,0.1667,0.2222,0.05,0.35,0.1818,0.25
"locus7040",0,0.0625,0,0,0,0,0,0,0,0,0,0,0,0.0833,0.2778,0,0,0.0556,0,0,0,0,0.0455,0
"locus7041",0.2083,0,0,0.4091,0,0,0.0556,0,0,0,0,0,0.0625,0,0,0,0,0,0,0.2778,0.15,0,0,0.0417
"locus7042",0,0,0,0,0.1429,0.0833,0.3333,0.0455,0,0,0,0,0,0.0417,0,0,0,0,0.0833,0.0556,0,0.15,0.1364,0.375
"locus7043",0.125,0.25,0,0.0909,0,0.2917,0.1111,0,0,0.15,0,0.0556,0,0,0.2778,0,0,0,0,0,0.1,0.05,0,0.0833
"locus7044",0.0833,0,0.15,0,0,0,0,0,0,0,0,0,0,0.0417,0,0.3333,0.125,0,0.1667,0.0556,0,0.05,0,0
"locus7045",0.0417,0.0625,0.2,0.0909,0,0,0.0556,0.0909,0,0,0,0,0.0625,0,0,0,0.0625,0,0,0.0556,0,0.05,0,0.125
"locus7046",0.0417,0,0,0,0,0,0.1111,0,0,0,0.125,0,0,0.0417,0.0556,0,0,0,0,0.0556,0.1,0.1,0,0.0417
"locus7047",0.1667,0,0.2,0,0,0,0.0556,0,0,0.05,0,0,0,0.0833,0.0556,0,0,0.1111,0,0,0.1,0.1,0,0
"locus7048",0,0,0,0.0909,0.0714,0.0417,0.0556,0.0455,0,0.2,0,0.0556,0,0,0,0,0,0.0556,0,0,0,0,0,0
"locus7049",0.0417,0,0.1,0.0455,0,0,0,0.0455,0,0,0,0,0,0.0833,0,0,0.125,0.2222,0.0833,0,0,0,0,0
"locus7050",0.0833,0.0625,0.05,0,0,0,0,0.0455,0,0,0,0.0556,0,0,0,0,0,0.1667,0,0.0556,0.05,0.15,0,0
"locus7051",0.0833,0.0625,0,0.0909,0.0714,0,0.2222,0.0909,0.125,0.1,0.375,0,0,0.0417,0,0,0.0625,0.0556,0.3333,0.0556,0.15,0.1,0.0455,0.0417
"locus7052",0.4167,0.3125,0.05,0.2727,0.0714,0.4167,0.0556,0.1364,0.1875,0.45,0.1875,0.4444,0.0625,0.0833,0.2222,0,0.125,0.1111,0.0833,0.3889,0.3,0.05,0.1364,0.0417
"locus7053",0.0833,0.4375,0.05,0.0455,0.3571,0.2917,0.1111,0,0,0.35,0,0.3889,0,0.2083,0.1111,0.1667,0.125,0,0,0.0556,0.15,0.05,0.0909,0.125
"locus7054",0.375,0.4375,0.35,0.5,0.1429,0.3333,0.2778,0.3636,0.4375,0.4,0.4375,0.2778,0.5,0.375,0.3333,0.5,0.5,0.4444,0.1667,0.3889,0.4,0.45,0.4091,0.2083
"locus7055",0,0,0,0,0.0714,0.0833,0.0556,0.0455,0,0.3,0,0.1111,0,0,0,0,0.0625,0,0,0,0,0.25,0,0
"locus7056",0.125,0,0.1,0.2727,0,0.125,0,0.0909,0,0.05,0.125,0,0,0.25,0,0.3333,0.125,0.1111,0.0833,0.2222,0.1,0.25,0.4091,0.0417
"locus7057",0.2917,0.125,0.1,0.1364,0,0,0.0556,0.2727,0.1875,0.05,0.1875,0,0.0625,0.0833,0.2222,0.3333,0.125,0.2778,0,0.0556,0.25,0.25,0.1818,0.1667
"locus7058",0.0833,0,0,0,0,0,0.2222,0,0.0625,0,0.0625,0,0,0,0,0,0.0625,0,0,0.4444,0,0,0.0909,0.0417
"locus7059",0.0417,0.1875,0,0,0.3571,0.25,0.0556,0,0,0.5,0,0.3333,0.1875,0,0,0,0.0625,0,0,0,0,0.1,0.0909,0
"locus7060",0,0.0625,0,0,0,0.0833,0,0,0,0.45,0.0625,0.0556,0,0.0417,0,0,0,0,0,0,0,0.05,0,0
"locus7061",0,0.0625,0,0,0.1429,0.0833,0,0,0,0.3,0,0.4444,0,0,0,0.1667,0,0,0.0833,0,0.05,0,0.0455,0.0833
"locus7062",0,0.0625,0.15,0.0455,0.1429,0,0,0.2273,0,0.15,0,0,0.1875,0.125,0.0556,0.1667,0.125,0.2778,0,0,0.05,0.15,0.0455,0.0417
"locus7063",0,0.0625,0.05,0.1364,0.3571,0.25,0.4444,0.0455,0,0.15,0.0625,0.4444,0,0.1667,0,0,0,0,0.5,0,0.1,0.05,0.0909,0.2917
"locus7064",0.0833,0,0,0,0,0,0.0556,0,0.0625,0,0,0,0.0625,0,0.1667,0,0,0.2222,0,0.1667,0.05,0.05,0.0455,0
"locus7065",0.1667,0,0,0.0455,0,0,0,0,0.125,0,0.0625,0,0,0,0.3333,0,0,0.1111,0,0,0.05,0,0,0.0417
"locus7066",0.125,0,0.05,0.0455,0,0,0,0.0909,0,0,0.0625,0,0,0,0.2778,0,0,0.1111,0,0.2778,0.2,0,0,0
"locus7067",0.4167,0.1875,0.25,0.1818,0,0.0833,0.1111,0.2727,0.3125,0.05,0.1875,0,0.25,0.1667,0.4444,0.3333,0.3125,0.2222,0.25,0.2222,0.5,0.35,0.2727,0.0833
"locus7068",0.4167,0,0.1,0.0455,0,0.0417,0.0556,0.1364,0,0.05,0.375,0.0556,0,0.0833,0.1111,0.3333,0.125,0.5,0,0.3889,0.4,0.05,0.3636,0.0417
"locus7069",0.125,0.1875,0.4,0.3636,0.0714,0.0417,0.3333,0.1364,0.125,0.05,0.0625,0,0.1875,0.2917,0.4444,0.3333,0.375,0.1667,0.0833,0.3889,0.3,0.2,0.1364,0.1667
"locus7070",0,0.0625,0.05,0,0,0,0,0.1818,0,0,0,0,0.0625,0,0.0556,0,0,0.1111,0,0,0,0,0.0909,0
"locus7071",0,0,0,0.0455,0.1429,0.1667,0,0,0,0,0.25,0,0,0.0417,0,0,0,0.0556,0.0833,0,0,0.05,0.0455,0.1667
"locus7072",0,0,0,0,0,0,0.1667,0.0909,0,0,0.125,0,0,0,0,0,0,0,0,0.0556,0.05,0,0,0.0833
"locus7073",0,0,0,0,0,0.1667,0.2778,0,0,0,0,0,0,0,0,0,0,0,0,0,0.05,0,0.0455,0
"locus7074",0.0417,0.0625,0.05,0,0,0,0,0.0909,0,0.1,0,0,0.0625,0.0417,0,0.1667,0.0625,0,0.0833,0,0.05,0,0,0
"locus7075",0,0.0625,0.1,0,0,0,0,0.0455,0.0625,0,0.1875,0,0.125,0.1667,0,0,0,0.1667,0,0,0,0.1,0,0.125
"locus7076",0.4583,0.1875,0.45,0.5,0,0.375,0.1667,0.4091,0.375,0.1,0.3125,0.0556,0.4375,0.4583,0.4444,0.3333,0.4375,0.5,0.3333,0.2778,0.35,0.35,0.2273,0.0833
"locus7077",0.3333,0.125,0.15,0.4091,0.0714,0.0417,0.0556,0.1364,0.1875,0.05,0.1875,0,0.1875,0.0833,0.3889,0.3333,0.125,0.2778,0,0.2222,0.2,0.1,0.3182,0
"locus7078",0.125,0,0,0.0455,0,0,0.0556,0,0.3125,0.05,0.0625,0,0,0,0.1667,0,0,0,0,0,0.05,0.05,0,0
"locus7079",0,0,0.05,0,0.1429,0,0.1111,0,0,0.1,0,0.0556,0,0,0,0,0,0,0,0.0556,0,0,0,0.125
"locus7080",0,0,0.1,0.0909,0,0,0,0,0,0,0,0,0.125,0.0417,0,0,0.1875,0.0556,0,0.1111,0,0.1,0.0455,0
"locus7081",0.0833,0.0625,0,0.3182,0,0,0,0,0,0,0,0.0556,0,0.0417,0,0.3333,0,0,0,0,0.15,0,0,0
"locus7082",0.125,0.0625,0.2,0,0.0714,0,0,0,0.0625,0.05,0.125,0,0.0625,0.2083,0,0.3333,0.125,0.1111,0,0.1667,0,0.2,0,0
"locus7083",0,0.25,0.25,0.1818,0.2143,0.0417,0.1667,0.0909,0.0625,0,0.25,0.0556,0.1875,0.25,0.1111,0,0.1875,0.0556,0,0.0556,0.1,0.35,0.0455,0.3333
"locus7084",0.1667,0.0625,0,0,0,0.0417,0,0.0909,0,0.05,0,0,0.1875,0,0.1667,0,0,0.0556,0,0,0,0.05,0,0
"locus7085",0.0417,0,0,0.0455,0,0,0.0556,0.1364,0.0625,0,0,0,0.0625,0,0.0556,0,0,0.1667,0,0,0.15,0,0.0909,0
"locus7086",0.25,0,0,0.0455,0,0,0.0556,0.0909,0,0.05,0,0.0556,0.0625,0.0833,0.1111,0,0.0625,0.2222,0,0,0,0,0.2727,0
"locus7087",0.0417,0,0.05,0,0.0714,0,0.0556,0,0.0625,0,0,0,0,0,0,0,0,0,0,0,0.1,0.1,0,0.25
"locus7088",0.0833,0.3125,0.05,0.1818,0.4286,0.375,0.5,0.1818,0.3125,0.35,0,0.3333,0.1875,0.1667,0.1667,0.1667,0.125,0.1111,0.25,0.0556,0,0.15,0.2273,0.25
"locus7089",0.2083,0.25,0.4,0.3182,0,0.1667,0.1111,0.3182,0.4375,0.05,0.1875,0.1667,0.5,0.125,0.4444,0.3333,0.3125,0.5,0,0.2222,0.2,0.5,0.1364,0.0417
"locus7090",0.2083,0.25,0,0,0.4286,0.3333,0,0.3182,0.125,0.45,0.1875,0.4444,0.1875,0.125,0.3889,0,0.125,0.1667,0.1667,0.3333,0.2,0.2,0.3182,0.125
"locus7091",0,0,0,0.2273,0.0714,0.0417,0.0556,0.0455,0.125,0.05,0.0625,0,0,0,0,0.1667,0.0625,0,0,0,0,0,0,0
"locus7092",0.0417,0,0.05,0.0455,0.0714,0.0417,0.0556,0,0,0,0,0,0.1875,0.0417,0,0,0.1875,0,0.0833,0,0,0.15,0,0.25
"locus7093",0.0833,0,0.05,0.0455,0,0.125,0.2222,0,0,0,0,0,0,0,0,0,0,0.1111,0.1667,0,0,0,0,0.125
"locus7094",0.125,0.4375,0.5,0.4545,0.2143,0.0833,0.2778,0.3182,0.25,0.15,0,0.0556,0.3125,0.5,0.3889,0.3333,0.375,0.3889,0.3333,0.2222,0.45,0.3,0.4091,0.2917
"locus7095",0.3333,0.0625,0.35,0.4091,0,0.2083,0.0556,0.4545,0.4375,0.05,0.5,0,0.3125,0.2917,0.1111,0.5,0.25,0.5,0.25,0.3333,0.4,0.4,0.2273,0.0833
"locus7096",0,0.125,0.05,0,0.2857,0.2083,0,0.0909,0.0625,0.45,0,0.3889,0,0,0,0,0,0.0556,0,0,0,0.05,0.0455,0
"locus7097",0.25,0.3125,0.1,0.2727,0.3571,0.3333,0.3333,0.0909,0.3125,0.4,0.3125,0.4444,0.0625,0.25,0.2778,0.3333,0.25,0.1111,0.25,0.3333,0.2,0.05,0.2273,0.4167
"locus7098",0.0833,0.0625,0.15,0.0455,0.2857,0.0417,0,0.0909,0,0.1,0.125,0,0.0625,0.0417,0,0,0.25,0,0.1667,0,0.05,0.15,0.0909,0.125
"locus7099",0,0,0,0.1818,0,0,0.1667,0.0455,0.0625,0,0,0,0,0,0,0,0.0625,0,0,0.0556,0,0,0,0.125
"locus7100",0,0,0.05,0,0,0.0833,0,0,0,0.25,0,0.1111,0,0,0,0,0.1875,0,0,0,0,0,0,0
"locus7101",0.0417,0.25,0,0.0909,0.1429,0.1667,0.1111,0.0455,0.1875,0.2,0,0.1111,0.0625,0.0833,0.0556,0,0.0625,0.1667,0.3333,0.3333,0.1,0,0.0909,0.1667
"locus7102",0.25,0.1875,0.2,0.0909,0.1429,0.0833,0.4444,0.1364,0,0.1,0.4375,0.3333,0.0625,0.4167,0.0556,0.3333,0.0625,0.0556,0.3333,0.3333,0.15,0.2,0.1364,0.25
"locus7103",0.0417,0.0625,0.05,0,0,0,0,0.1364,0,0.1,0,0.0556,0.0625,0.0417,0.1667,0,0.125,0.0556,0,0,0,0.05,0,0
"locus7104",0.4583,0.3125,0.45,0.3182,0.5,0.2917,0.5,0.2273,0.375,0.35,0.25,0.2778,0.375,0.3333,0.4444,0.5,0.4375,0.3889,0.25,0.2222,0.45,0.4,0.3636,0.4167
"locus7105",0.0417,0,0.1,0,0,0.0833,0,0,0,0.05,0,0,0,0.0833,0,0,0,0,0.3333,0,0,0.05,0,0
"locus7106",0.0417,0,0,0,0,0,0,0,0,0,0,0,0,0,0,0,0,0,0,0.2778,0,0,0.1818,0
"locus7107",0.125,0,0,0,0,0,0,0,0.0625,0.05,0.1875,0,0,0,0.2222,0,0,0.0556,0.0833,0.0556,0.1,0,0.2273,0
"locus7108",0.125,0.1875,0.15,0.1818,0.2143,0.375,0.0556,0.1364,0.1875,0.05,0.125,0.2778,0.0625,0.0833,0.1667,0,0.1875,0.0556,0,0.5,0.15,0.25,0.1818,0.1667
"locus7109",0.0417,0,0.05,0.0909,0,0.0417,0.0556,0.0909,0.3125,0.05,0.125,0,0.0625,0.1667,0.3889,0,0.125,0.0556,0,0.0556,0.4,0,0.0455,0.0833
"locus7110",0.125,0.1875,0.05,0.0909,0.0714,0.2083,0.1111,0.2273,0.1875,0.05,0.125,0.0556,0.125,0,0.3889,0,0.125,0.2222,0.25,0.1667,0.05,0.2,0.0455,0.1667
"locus7111",0.0417,0.125,0.05,0,0,0.0417,0.0556,0,0.0625,0,0,0,0,0.0417,0,0,0,0,0.0833,0.0556,0,0,0,0.0833
"locus7112",0.125,0.1875,0.1,0,0,0,0,0,0,0.05,0.0625,0.0556,0.125,0,0.0556,0,0,0,0.25,0,0,0.15,0.0909,0.125
"locus7113",0.1667,0.0625,0.4,0.1364,0,0.0417,0.1667,0.3636,0,0,0,0,0.1875,0.1667,0.1111,0.1667,0.3125,0.3333,0,0.1667,0.15,0.4,0.2727,0.125
"locus7114",0.1667,0,0,0.1818,0,0,0,0,0,0.05,0,0.1111,0,0.0833,0,0,0.0625,0,0,0.1667,0,0.05,0,0.0417
"locus7115",0,0.4375,0.1,0,0.4286,0.375,0.0556,0,0,0.5,0.0625,0.1667,0,0.0417,0,0,0.0625,0,0.0833,0,0,0.05,0.0909,0.0417
"locus7116",0.0833,0.125,0.1,0,0.0714,0.3333,0.0556,0.1364,0.0625,0.15,0.1875,0.1111,0.0625,0.1667,0.1667,0,0.0625,0,0.25,0,0.1,0.15,0.0909,0.0417
"locus7117",0.2917,0.3125,0.35,0.4545,0.2857,0.4167,0.4444,0.2727,0.4375,0.4,0.5,0.5,0.25,0.4167,0.2222,0.3333,0.4375,0.2222,0.25,0.5,0.3,0.5,0.3182,0.375
"locus7118",0,0.1875,0.05,0,0,0.2917,0.1667,0,0,0.05,0.0625,0.2222,0.0625,0.25,0.0556,0,0.125,0,0.1667,0,0,0.05,0.0909,0.0417
"locus7119",0.0417,0.125,0,0.0909,0,0.0833,0,0.0455,0,0.1,0,0,0,0.125,0,0,0.125,0,0,0.0556,0,0,0,0
"locus7120",0,0,0,0,0.2143,0.1667,0.1667,0,0,0.05,0,0,0,0,0,0,0,0,0,0,0.05,0,0.0455,0.125
"locus7121",0,0.25,0.05,0.0909,0.0714,0.0417,0.0556,0.0455,0,0.05,0,0,0,0,0,0,0.0625,0,0,0,0,0,0,0.0417
"locus7122",0,0,0,0,0,0,0,0.0455,0.125,0,0,0,0.0625,0.0417,0,0,0.125,0.1111,0,0,0,0.05,0,0.0833
"locus7123",0.1667,0,0,0.0455,0.0714,0.0417,0.1667,0,0,0,0.1875,0,0.1875,0.3333,0.0556,0,0.25,0,0.25,0.1667,0.05,0.15,0.0455,0.1667
"locus7124",0.4167,0,0,0.5,0.0714,0.0833,0,0.0455,0.375,0,0.25,0,0,0.0417,0.2222,0.3333,0.0625,0.4444,0,0.3889,0.3,0.2,0.3636,0
"locus7125",0.0833,0.0625,0.2,0,0.4286,0.0833,0.1667,0,0.0625,0.2,0.0625,0.1667,0.125,0.0417,0,0,0,0,0.25,0,0,0,0.0455,0.3333
"locus7126",0.0417,0,0.05,0.0455,0,0.0417,0,0.0909,0,0,0,0.0556,0,0.0417,0,0,0.125,0,0,0,0.1,0,0,0
"locus7127",0.0833,0.0625,0,0,0.0714,0,0.0556,0,0,0,0,0,0,0.0417,0,0.1667,0,0,0,0,0.05,0.15,0,0
"locus7128",0,0,0.1,0,0,0,0,0,0,0,0.0625,0,0,0.0833,0,0,0.0625,0,0,0.2222,0,0,0.0455,0
"locus7129",0.0417,0.375,0.1,0.1818,0.0714,0.2083,0,0.1364,0.0625,0.35,0.0625,0.3889,0.0625,0.125,0.0556,0.1667,0.25,0,0.25,0.0556,0,0.1,0,0.0417
"locus7130",0.4167,0.5,0.45,0.4545,0.4286,0.3333,0.4444,0.1818,0.3125,0.3,0.4375,0.1667,0.375,0.2917,0.5,0.5,0.25,0.3333,0.5,0.2222,0.45,0.35,0.4545,0.375
"locus7131",0,0,0,0,0,0.0833,0,0,0,0,0.25,0,0,0.0833,0,0.3333,0,0,0,0,0,0.1,0,0
"locus7132",0,0.25,0.1,0,0,0.375,0.0556,0.1364,0.125,0.35,0,0.1667,0.0625,0.0417,0,0,0,0.0556,0.0833,0.0556,0,0.1,0.0455,0
"locus7133",0,0.0625,0,0,0,0,0.1111,0,0,0,0,0.0556,0.0625,0.0417,0,0,0,0,0.0833,0.0556,0,0,0.0455,0.2917
"locus7134",0.125,0.0625,0,0.0455,0,0,0.0556,0,0,0,0,0,0.0625,0,0.1667,0,0,0,0,0,0.05,0.05,0.1818,0.0833
"locus7135",0.375,0.0625,0,0.3636,0,0.0833,0.1111,0.0909,0.125,0,0.4375,0,0.25,0,0.3889,0.1667,0.0625,0.1111,0.25,0.3889,0.45,0.1,0.4545,0.125
"locus7136",0,0,0,0,0.0714,0.0833,0.2222,0.0455,0.125,0,0,0,0,0.0833,0.2222,0.1667,0.0625,0.0556,0,0,0.05,0.1,0.1818,0.4583
"locus7137",0,0.0625,0,0,0,0.0417,0.0556,0.0455,0,0.05,0.0625,0.0556,0,0.1667,0,0,0,0,0,0,0,0,0.0455,0.2083
"locus7138",0,0.5,0.1,0.0455,0.3571,0.4583,0.0556,0.3182,0.375,0.5,0.1875,0.5,0.4375,0.1667,0.3889,0,0.1875,0.2778,0.25,0.0556,0.05,0.45,0.0455,0
"locus7139",0.0833,0.125,0.15,0.2273,0,0.0417,0,0.0455,0,0,0,0.0556,0,0.0417,0,0.1667,0,0.2778,0.0833,0,0,0.05,0,0.0417
"locus7140",0.0833,0,0,0.0909,0.1429,0.0417,0,0,0,0.05,0,0,0,0,0,0,0,0.0556,0.0833,0.1111,0.05,0.05,0,0
"locus7141",0.2917,0.25,0.3,0.2273,0,0,0.0556,0.0909,0.1875,0.1,0,0.2222,0.125,0.125,0.0556,0.1667,0.0625,0.1111,0,0.2222,0.15,0.15,0,0
"locus7142",0.125,0.0625,0.05,0.0909,0,0,0,0,0,0,0.125,0,0,0.0417,0.0556,0,0,0.1111,0,0.0556,0.05,0.05,0.0455,0
"locus7143",0.2917,0.3125,0.1,0.2727,0.5,0.4583,0.0556,0.0909,0.4375,0.5,0.0625,0.3333,0.375,0.2083,0.3333,0.1667,0.25,0.1667,0,0.2778,0.2,0.2,0.0455,0.0833
"locus7144",0.4583,0.0625,0,0.0455,0,0,0.0556,0,0.125,0.05,0.125,0.1667,0.0625,0,0.2778,0,0.0625,0.0556,0,0.4444,0.1,0.15,0.0455,0
"locus7145",0.0833,0,0,0,0,0,0.2778,0,0.0625,0.05,0,0,0,0,0,0,0,0,0,0.0556,0,0,0,0.0417
"locus7146",0.0417,0.125,0,0,0,0.125,0,0,0.1875,0,0,0.0556,0.1875,0,0.0556,0,0,0,0,0.0556,0.05,0,0,0
"locus7147",0,0.0625,0.05,0,0.0714,0,0.1111,0,0,0,0.0625,0,0,0.125,0,0,0.0625,0,0.0833,0,0,0.15,0,0.2917
"locus7148",0.0833,0.125,0,0.0455,0,0.0417,0.5,0,0,0.05,0.25,0,0,0.125,0,0.1667,0.0625,0,0.25,0.0556,0.1,0.3,0.0909,0.4583
"locus7149",0,0.1875,0.05,0.0455,0,0.0833,0,0.0909,0,0.05,0,0.1111,0.0625,0.0833,0,0,0.0625,0.1111,0,0,0.05,0.05,0,0
"locus7150",0.4583,0.3125,0.45,0.3636,0.2857,0.2083,0.3333,0.2727,0.5,0.45,0.375,0.4444,0.25,0.25,0.5,0.1667,0.5,0.4444,0.25,0.3889,0.35,0.45,0.4091,0.5
"locus7151",0,0.0625,0.05,0.0455,0,0.0833,0.0556,0.1364,0.1875,0,0.0625,0.1667,0,0.125,0.4444,0,0.0625,0.1111,0.1667,0.0556,0.15,0.3,0.1364,0.0417
"locus7152",0,0.0625,0.05,0,0,0,0,0.0455,0.125,0,0,0,0.0625,0.0833,0,0.1667,0.375,0,0.0833,0,0,0,0,0
"locus7153",0.4583,0.25,0.05,0.1818,0,0.0833,0.0556,0.2273,0.1875,0.15,0.125,0.1111,0.125,0.0833,0.3889,0,0.0625,0.0556,0.25,0.1667,0.35,0.05,0.1818,0.0417
"locus7154",0.0417,0,0.05,0,0,0.1667,0.1111,0.0455,0,0,0.0625,0,0.0625,0.0417,0,0,0.1875,0,0.1667,0.0556,0.1,0.1,0,0.0833
"locus7155",0,0,0,0,0,0.0417,0,0.0455,0,0.1,0.125,0.0556,0.125,0,0.2222,0.1667,0,0,0,0,0,0.05,0,0
"locus7156",0.125,0.125,0.05,0,0,0,0.0556,0.1818,0,0.05,0,0.0556,0.125,0.0833,0,0,0.0625,0.0556,0,0.0556,0,0.05,0.0455,0.0417
"locus7157",0.25,0.1875,0.3,0.0909,0,0,0,0.0455,0.0625,0,0.0625,0,0.125,0.125,0.1667,0,0.0625,0.0556,0.25,0,0.05,0.15,0.0909,0.0417
"locus7158",0,0.25,0.05,0.0909,0.0714,0.25,0.2778,0,0,0,0.125,0,0.1875,0.1667,0.0556,0.1667,0,0.1111,0.25,0.2778,0.05,0.2,0.0909,0.0417
"locus7159",0,0.0625,0,0,0,0,0,0,0,0.3,0,0.1667,0,0,0,0,0,0,0,0,0.05,0.05,0,0.0417
"locus7160",0,0.125,0.1,0,0.2857,0.0833,0.3333,0.1818,0,0.15,0,0.1111,0.25,0.3333,0,0.3333,0.3125,0.1667,0.0833,0.1111,0,0.3,0.0909,0.25
"locus7161",0.0417,0.1875,0.15,0.0455,0.2857,0.375,0.0556,0.0909,0,0.4,0.125,0.3889,0,0.125,0,0.1667,0,0,0.0833,0,0,0,0.0455,0.3333
"locus7162",0.0833,0,0,0.0455,0,0.0833,0.0556,0.0909,0,0,0,0,0,0.0833,0,0,0,0.1111,0,0,0,0,0,0.0417
"locus7163",0,0.0625,0.05,0,0,0.1667,0,0,0.1875,0,0.0625,0,0,0.0417,0,0,0.0625,0,0,0,0,0,0.0455,0
"locus7164",0.0833,0.25,0.1,0.0909,0.0714,0.0417,0.1111,0.0909,0,0.05,0,0,0.0625,0.0417,0.0556,0,0.25,0.1111,0.1667,0.0556,0.1,0.1,0.0455,0.0417
"locus7165",0,0,0,0,0.2857,0,0.1667,0,0.1875,0.35,0,0.1667,0,0,0,0,0,0.0556,0,0,0,0,0.0455,0.0417
"locus7166",0.375,0.125,0.05,0.2273,0.0714,0,0,0.0909,0.0625,0,0,0,0.0625,0.0417,0.3889,0,0.0625,0.1667,0,0.1667,0.15,0.15,0.0909,0
"locus7167",0,0.125,0,0,0,0.1667,0.0556,0,0,0,0.25,0,0.0625,0.0417,0,0,0,0,0,0,0.1,0,0.0455,0.1667
"locus7168",0,0,0,0,0.2143,0.2917,0.0556,0,0,0,0,0,0,0,0,0,0,0.0556,0,0,0,0,0.0455,0.125
"locus7169",0.0417,0.0625,0.05,0.0909,0,0,0,0.0455,0.125,0,0,0,0,0.0833,0.1667,0.1667,0,0.0556,0,0.0556,0.1,0.15,0.3636,0
"locus7170",0.4167,0,0.45,0.2727,0,0.0833,0,0.3182,0.125,0.05,0.0625,0,0.1875,0.1667,0.4444,0.5,0.25,0.2778,0.0833,0.3889,0.1,0.15,0.3636,0.0417
"locus7171",0.0417,0,0,0,0,0,0.0556,0.0455,0,0,0,0,0.0625,0.0417,0,0,0,0,0.0833,0,0.4,0,0,0
"locus7172",0,0,0,0,0.1429,0,0,0.1818,0.0625,0.1,0,0,0.125,0,0.0556,0,0,0.0556,0,0,0,0.05,0.0455,0
"locus7173",0.3333,0.1875,0.4,0.3182,0.3571,0.25,0.3889,0.4545,0.1875,0.45,0.4375,0.3889,0.25,0.375,0.2222,0.3333,0.375,0.4444,0.4167,0.0556,0.4,0.4,0.4545,0.0833
"locus7174",0.0417,0,0,0,0,0,0.0556,0.0455,0.1875,0.05,0,0,0.125,0,0,0,0.0625,0.2222,0,0,0.05,0.05,0,0
"locus7175",0,0,0.05,0.1818,0,0,0,0,0,0.05,0.125,0.0556,0,0,0.0556,0,0.0625,0.0556,0.0833,0,0,0.1,0,0
"locus7176",0.2083,0.0625,0.2,0.1818,0.3571,0.1667,0.4444,0.3182,0.3125,0.15,0.1875,0.0556,0.125,0.3333,0,0.1667,0.375,0.3333,0.5,0.1111,0.25,0.35,0.3182,0.5
"locus7177",0.0417,0.0625,0,0,0,0.0417,0.0556,0,0,0,0,0.0556,0,0.0833,0,0,0,0,0.0833,0,0,0.05,0,0.0833
"locus7178",0.2917,0.4375,0.45,0.3636,0.2857,0.4583,0.1667,0.5,0.25,0.45,0.25,0.2778,0.3125,0.4167,0.3333,0.5,0.375,0.3889,0.3333,0.3333,0.35,0.45,0.3182,0.3333
"locus7179",0.1667,0,0.2,0.0455,0,0.0417,0.1111,0.3182,0.25,0.05,0.1875,0.0556,0.4375,0.2917,0.3333,0.1667,0.3125,0.3333,0.0833,0.2222,0.3,0.3,0.1818,0.125
"locus7180",0.0833,0.125,0,0.0909,0.1429,0,0.0556,0.0455,0,0,0.125,0,0,0,0.0556,0,0.0625,0.1111,0.0833,0.1111,0.1,0.05,0.1364,0.125
"locus7181",0,0,0.05,0,0,0,0,0,0,0.05,0.0625,0,0.0625,0.0417,0,0,0,0.0556,0.4167,0,0,0.15,0,0
"locus7182",0.4583,0.5,0.3,0.3182,0.2143,0.4167,0.5,0.3636,0.125,0.5,0.3125,0.4444,0.25,0.3333,0.2778,0.3333,0.4375,0.1667,0.4167,0.3889,0.45,0.3,0.1818,0.4167
"locus7183",0,0,0.05,0.1364,0,0,0,0,0,0,0.125,0,0,0.125,0,0,0,0,0,0,0.05,0.05,0,0
"locus7184",0.125,0.25,0.45,0.4091,0.2143,0.2917,0.2778,0.5,0.5,0.25,0.4375,0.3889,0.4375,0.4583,0.3889,0.3333,0.5,0.3889,0.3333,0.2778,0.1,0.4,0.1818,0.0417
"locus7185",0.0417,0.125,0.1,0,0,0,0.0556,0.0455,0,0,0,0,0.125,0.0833,0.1111,0,0.0625,0,0.4167,0,0.1,0.05,0,0.0833
"locus7186",0.0833,0,0,0,0,0,0.0556,0,0,0.1,0,0,0,0.0833,0.0556,0,0,0.0556,0,0.0556,0.05,0,0,0
"locus7187",0,0.0625,0.05,0.0455,0.2143,0.3333,0.3889,0,0,0.25,0.125,0.1111,0.0625,0.0417,0,0,0.125,0,0.4167,0.0556,0.05,0,0.1364,0.375
"locus7188",0.1667,0.0625,0,0.0455,0,0.125,0.1667,0,0,0,0,0,0,0,0.0556,0,0,0,0,0,0,0,0,0
"locus7189",0.0833,0,0,0.1818,0,0,0,0.0455,0,0.1,0,0,0,0.0417,0.2222,0,0,0,0.25,0,0.05,0,0.0909,0.0417
"locus7190",0.125,0.0625,0,0,0,0,0,0,0,0,0.125,0,0,0.0417,0.0556,0.1667,0,0,0,0,0.05,0.15,0,0
"locus7191",0,0,0,0,0.1429,0.0417,0.3333,0.0909,0,0,0,0,0,0,0,0,0.0625,0,0.0833,0,0,0,0.1364,0.3333
"locus7192",0.125,0.5,0.45,0.4091,0.5,0.4167,0.1111,0.5,0.375,0.45,0.5,0.2778,0.4375,0.4583,0.2778,0.3333,0.375,0.4444,0.4167,0.4444,0.15,0.45,0.3636,0.125
"locus7193",0.125,0.25,0.05,0.1364,0.0714,0.125,0.2778,0,0,0,0.1875,0,0,0.1667,0,0,0.125,0.1667,0.25,0.1111,0.1,0.25,0.0455,0.0417
"locus7194",0,0,0.15,0.1364,0,0.0417,0.0556,0.0455,0,0.05,0,0.1111,0.0625,0.0833,0,0,0.1875,0,0.25,0,0,0.1,0.0909,0.0833
"locus7195",0,0.0625,0,0,0.2857,0.0833,0.2778,0,0,0.3,0,0,0.0625,0,0,0,0.0625,0,0.1667,0,0,0,0.1818,0.0833
"locus7196",0.2917,0.3125,0.4,0.3182,0,0.375,0.2222,0.4091,0.5,0.15,0.1875,0.3889,0.375,0.4583,0.3333,0.1667,0.4375,0.5,0.4167,0.3889,0.45,0.25,0.3636,0.0833
"locus7197",0,0.1875,0.05,0.0455,0.1429,0.2083,0.2778,0,0,0,0,0.1111,0,0.0417,0,0.1667,0,0,0,0.0556,0,0.1,0.0455,0.2083
"locus7198",0.0833,0.25,0.1,0,0,0.25,0,0,0,0,0.0625,0.0556,0.0625,0.0417,0,0,0,0.2222,0,0,0,0,0,0
"locus7199",0.0417,0,0,0,0,0,0.0556,0,0.1875,0,0.25,0,0,0,0.0556,0,0.1875,0,0,0.4444,0.05,0.2,0.1818,0
"locus7200",0.0417,0,0,0,0,0,0,0.2727,0,0,0,0,0,0,0,0,0.0625,0.0556,0,0,0.1,0.05,0.0455,0
"locus7201",0.0417,0,0,0,0.0714,0,0.2222,0,0,0.1,0,0.0556,0,0,0,0,0.125,0,0,0.0556,0,0,0,0.0417
"locus7202",0.0417,0,0.05,0.1818,0,0.0417,0.1667,0.0455,0,0,0.125,0.0556,0,0,0.0556,0,0.0625,0,0,0,0,0.05,0.0455,0
"locus7203",0.1667,0.4375,0.35,0.1364,0.5,0.4167,0.2222,0.1818,0.375,0.3,0.125,0.1111,0.5,0.4167,0,0.1667,0.25,0.0556,0.3333,0,0.2,0.25,0.0909,0.0833
"locus7204",0,0,0.25,0,0,0,0,0,0,0,0,0,0,0,0,0,0.1875,0,0,0,0.05,0.05,0,0
"locus7205",0.3333,0.3125,0.15,0.1364,0.5,0.2083,0.1111,0.4091,0.1875,0.05,0.4375,0.1111,0.3125,0.25,0.3333,0.1667,0.25,0.4444,0.4167,0.5,0.45,0.5,0.4091,0.2917
"locus7206",0.25,0.125,0.05,0.2727,0.1429,0.125,0.0556,0.0909,0.125,0.1,0,0,0.0625,0.1667,0.3333,0,0.1875,0.0556,0.3333,0.2222,0.05,0.25,0.1818,0.2083
"locus7207",0,0,0,0.0455,0,0.1667,0,0.1364,0.1875,0.05,0.0625,0.0556,0.125,0.0833,0,0,0.1875,0.1667,0.4167,0,0.05,0.1,0.0455,0.0417
"locus7208",0,0.1875,0,0,0,0.25,0,0,0,0.15,0,0.3333,0,0,0,0,0,0,0,0,0,0,0,0
"locus7209",0.0833,0.1875,0.2,0.0909,0,0,0.2778,0.1818,0.25,0.05,0.3125,0,0.125,0.4583,0,0,0.375,0.2778,0.4167,0.0556,0.05,0.25,0.0455,0.25
"locus7210",0.4583,0.0625,0.3,0.0455,0.0714,0.1667,0,0.5,0.1875,0.2,0.1875,0.1111,0.375,0.25,0.4444,0.1667,0.375,0.4444,0.1667,0.2222,0.45,0.25,0.3182,0.2083
"locus7211",0,0.375,0,0,0.2143,0.25,0.1111,0,0.0625,0.35,0,0.2222,0.0625,0,0,0,0,0.0556,0,0,0,0,0.0455,0
"locus7212",0,0,0,0,0.0714,0.1667,0,0,0.125,0.1,0,0.0556,0,0.0417,0,0,0,0,0,0,0,0,0.0909,0.0417
"locus7213",0.0833,0.0625,0,0,0,0.0417,0.0556,0,0,0,0,0.1111,0.1875,0,0.0556,0.1667,0.0625,0,0,0.1111,0.05,0,0.0455,0
"locus7214",0.1667,0,0.2,0,0,0.0417,0,0.3182,0,0.1,0.1875,0.1111,0.125,0.0833,0,0.1667,0.25,0.1667,0.1667,0.0556,0,0.15,0.0909,0
"locus7215",0.4583,0.125,0.3,0.4545,0.3571,0.25,0.2778,0.2727,0.375,0.45,0.3125,0.1667,0.3125,0.4167,0.4444,0,0.4375,0.4444,0.25,0.4444,0.45,0.25,0.5,0.2083
"locus7216",0,0.3125,0,0.0455,0,0,0,0.0455,0,0.3,0,0.1667,0,0.0417,0,0,0,0,0,0,0,0.05,0,0.0833
"locus7217",0,0.25,0.5,0.1818,0.2143,0.0833,0.1111,0.0455,0,0.05,0.3125,0,0.375,0.3333,0.1111,0,0.375,0.2778,0.5,0.0556,0.1,0.4,0,0.2917
"locus7218",0.0833,0.0625,0,0,0,0.0417,0.0556,0,0,0,0.125,0,0,0,0,0,0,0.1111,0,0.2222,0,0,0.1364,0
"locus7219",0,0,0.05,0,0,0,0,0.1364,0,0,0.0625,0,0,0.0417,0.0556,0.3333,0.0625,0,0,0,0,0.2,0,0
"locus7220",0,0.0625,0,0.0909,0,0.0833,0.0556,0,0,0,0.0625,0,0,0,0,0,0,0,0.0833,0,0.05,0,0.0455,0.0417
"locus7221",0.0417,0,0.15,0,0.0714,0,0,0.0455,0.125,0,0.125,0.0556,0.0625,0.125,0.0556,0.1667,0.0625,0.0556,0.25,0.1667,0.15,0.05,0,0.0417
"locus7222",0.3333,0,0.15,0.0455,0,0,0,0.0455,0.125,0.05,0,0,0,0.125,0.3333,0.3333,0,0.1111,0,0.1111,0.05,0,0.3182,0
"locus7223",0.2083,0.0625,0.05,0,0,0,0,0,0,0.05,0,0,0.0625,0,0.1667,0,0,0,0,0,0,0,0,0
"locus7224",0.25,0.4375,0.4,0.4545,0.3571,0.2917,0.5,0.4091,0.125,0.35,0.3125,0.2222,0.375,0.2917,0,0.5,0.5,0.2778,0.25,0.5,0.15,0.15,0.1818,0.4583
"locus7225",0.0417,0.0625,0.25,0.0909,0,0.0417,0.0556,0.0455,0.0625,0.1,0,0,0.125,0.0417,0.0556,0,0.125,0.2778,0,0,0.05,0.1,0,0.0417
"locus7226",0,0,0,0,0,0,0.0556,0.0909,0.0625,0.2,0,0.2778,0.1875,0.0833,0.1667,0,0,0,0.0833,0,0,0.2,0,0.125
"locus7227",0,0.125,0.25,0.2273,0,0.0833,0.2222,0.2727,0.25,0.15,0,0,0.4375,0.25,0.1111,0.1667,0.1875,0.5,0,0,0.1,0.25,0.2727,0.0417
"locus7228",0,0,0,0.3636,0.0714,0,0,0,0,0,0,0,0,0,0,0,0,0,0.25,0.0556,0.1,0,0.0455,0
"locus7229",0,0,0,0,0.0714,0,0.2222,0,0,0,0,0,0,0,0,0,0,0,0.25,0,0.05,0,0,0.3333
"locus7230",0,0.0625,0,0,0,0,0,0.0909,0,0,0,0,0.0625,0.0833,0,0.1667,0,0,0,0.1667,0,0.05,0.0455,0
"locus7231",0.0417,0.0625,0,0,0.0714,0,0.2222,0,0,0.05,0.0625,0,0.0625,0.125,0.1667,0,0.125,0,0.0833,0,0,0.1,0.0909,0.0833
"locus7232",0.2917,0,0.15,0.1364,0.5,0.1667,0.3333,0.0455,0.125,0.45,0.25,0.3889,0.125,0.1667,0,0.5,0.0625,0.0556,0.4167,0.0556,0.15,0.15,0.1818,0.4583
"locus7233",0.3333,0,0.3,0.3182,0,0.0833,0.1111,0.2727,0.3125,0.15,0.375,0.1667,0.375,0.125,0.4444,0.1667,0.125,0.2222,0.4167,0.4444,0.4,0.15,0.3182,0.0833
"locus7234",0.2083,0.1875,0,0,0,0.125,0.1667,0.1364,0.125,0,0.125,0,0.125,0,0.0556,0,0,0,0.0833,0.3889,0,0.15,0.0455,0
"locus7235",0,0,0.1,0,0,0,0,0.1818,0,0,0,0,0.0625,0.1667,0.0556,0.1667,0.125,0.1111,0,0.0556,0.05,0,0,0
"locus7236",0,0,0,0.1818,0,0,0,0,0,0,0,0,0,0.0417,0.0556,0,0.0625,0,0,0.1667,0.1,0,0,0
"locus7237",0.0417,0.1875,0,0,0.0714,0,0,0,0.0625,0.05,0,0,0.0625,0.0417,0,0,0,0,0,0,0,0.1,0.0455,0
"locus7238",0.1667,0,0,0.0909,0,0,0,0.1364,0,0,0.0625,0,0.0625,0.125,0.2778,0.3333,0.0625,0.1111,0,0,0.15,0.15,0,0.0417
"locus7239",0,0,0,0,0,0.0417,0,0.0455,0,0,0,0,0.0625,0,0,0,0.0625,0.2222,0.0833,0.1111,0.25,0.2,0,0
"locus7240",0.4583,0.375,0.2,0.4091,0.3571,0.2083,0.2222,0.4545,0.375,0.15,0.5,0.0556,0.4375,0.4167,0.3889,0.3333,0.5,0.3889,0.4167,0.1111,0.3,0.35,0.4545,0.2917
"locus7241",0.2083,0.0625,0.05,0,0,0.0417,0,0.1818,0.1875,0.45,0,0.0556,0,0,0.2778,0,0.0625,0.2222,0,0.3333,0.3,0,0.0909,0
"locus7242",0.0833,0,0.05,0.1818,0,0,0,0,0,0,0,0,0,0,0.2778,0,0,0,0,0.1111,0,0.05,0,0
"locus7243",0.375,0.4375,0.45,0.1818,0.0714,0.1667,0.3889,0.4091,0.3125,0.1,0.375,0.1111,0.5,0.4583,0.4444,0.3333,0.375,0.3889,0.5,0.1111,0.3,0.45,0.4091,0.2083
"locus7244",0.0417,0,0,0,0,0,0,0,0.125,0,0,0,0,0,0.2222,0,0.0625,0.2222,0,0.3333,0,0.1,0,0.0417
"locus7245",0,0,0,0.2727,0,0,0,0,0.0625,0.1,0,0.0556,0,0,0,0,0.0625,0,0,0,0,0,0,0
"locus7246",0.0833,0.25,0,0,0.2143,0.125,0.0556,0,0,0.5,0.125,0.3889,0,0,0,0,0,0,0,0,0.05,0.15,0,0.2083
"locus7247",0.125,0.125,0,0,0.0714,0.0833,0.0556,0,0,0.05,0.0625,0,0.0625,0.0417,0.0556,0,0,0,0.0833,0,0.05,0,0.0909,0.0833
"locus7248",0.1667,0.0625,0.1,0.0909,0.0714,0,0.0556,0,0,0,0.125,0,0,0,0.0556,0,0,0,0.0833,0.0556,0.35,0.05,0,0.0417
"locus7249",0.1667,0.3125,0.45,0.1818,0.4286,0.3333,0.3889,0.3636,0.25,0.4,0.4375,0.3333,0.375,0.1667,0.1111,0.5,0.4375,0.3333,0.5,0.4444,0.2,0.45,0.1364,0.375
"locus7250",0.375,0,0.05,0,0,0,0,0.1364,0,0,0,0,0,0,0.0556,0,0,0,0,0,0,0,0,0
"locus7251",0.0417,0,0.1,0,0,0,0.0556,0.1818,0,0,0.0625,0,0.0625,0.0833,0,0,0.1875,0,0,0,0,0.05,0,0.0417
"locus7252",0,0.25,0.3,0,0,0.1667,0,0.0909,0,0.05,0,0,0.1875,0.2917,0,0,0.0625,0,0.0833,0,0,0.15,0,0.0833
"locus7253",0.2083,0.3125,0.25,0.2727,0.4286,0.3333,0.5,0.3182,0.375,0.4,0.375,0.3333,0.125,0.375,0.0556,0.1667,0.4375,0.3889,0.3333,0.4444,0.35,0.45,0.4545,0.375
"locus7254",0.0833,0,0.05,0.5,0.0714,0.0417,0.1111,0.0455,0,0.1,0.0625,0.1111,0.0625,0.0833,0.2222,0.3333,0.0625,0.1111,0.0833,0.0556,0.2,0,0.1364,0
"locus7255",0.0417,0.1875,0.25,0.1364,0,0,0,0.1364,0,0.05,0.0625,0,0.0625,0.0833,0,0,0.25,0,0,0,0.1,0,0.0455,0
"locus7256",0.3333,0.3125,0.15,0.4091,0.0714,0.25,0.4444,0.0909,0,0.1,0.375,0.1111,0.125,0.1667,0.2222,0.3333,0.125,0.1111,0.4167,0.3889,0.25,0.4,0.3636,0.25
"locus7257",0.125,0.0625,0,0.0455,0,0,0.1111,0,0,0,0.1875,0,0,0,0.0556,0,0.0625,0,0,0.0556,0.05,0,0.5,0.25
"locus7258",0,0.0625,0,0,0,0.125,0.0556,0,0,0,0,0,0.125,0,0,0,0,0,0.25,0,0.05,0,0.0455,0.125
"locus7259",0,0.125,0,0.3182,0,0,0.0556,0,0,0.1,0,0,0,0,0.1111,0,0,0,0,0,0,0,0,0
"locus7260",0.375,0.25,0.3,0.4091,0,0.1667,0.3333,0.3636,0.375,0.1,0.5,0.0556,0.4375,0.25,0.2778,0.3333,0.25,0.4444,0.25,0.5,0.4,0.4,0.4091,0.25
"locus7261",0.0417,0,0,0,0,0.0417,0,0,0.125,0,0,0.0556,0,0.1667,0.1667,0.3333,0.0625,0.1111,0.1667,0.3333,0,0,0,0.0417
"locus7262",0.0417,0,0.05,0,0.2143,0.0417,0,0.0909,0,0.05,0.0625,0,0.125,0.0417,0,0,0.1875,0,0,0,0.2,0.05,0.0455,0
"locus7263",0,0,0,0,0.2857,0.2917,0.4444,0,0.125,0,0,0,0,0,0,0,0,0,0.4167,0.0556,0.1,0,0.4091,0.4583
"locus7264",0.0417,0,0.1,0.1364,0,0,0.1667,0.0455,0,0,0.1875,0,0,0,0,0,0,0,0,0,0.1,0.1,0,0.0417
"locus7265",0.0417,0,0,0,0,0.0417,0.1111,0,0,0.05,0,0,0,0.0833,0.0556,0,0.0625,0.0556,0,0,0,0,0.0455,0.0417
"locus7266",0.0417,0,0.05,0,0,0.125,0.0556,0.0455,0.0625,0,0.0625,0.1667,0,0.0833,0,0,0,0.1111,0.1667,0,0.1,0,0,0.0833
"locus7267",0,0.0625,0.25,0,0,0,0,0.2273,0.0625,0,0.0625,0.1111,0.1875,0.125,0,0,0.25,0,0,0,0,0.05,0.0455,0.0417
"locus7268",0.0417,0,0,0.0909,0,0.0833,0,0,0,0,0,0,0.125,0.0417,0.0556,0,0.0625,0.0556,0,0.2778,0.05,0.05,0.0909,0.0417
"locus7269",0.125,0,0,0.1818,0,0,0,0,0,0,0.0625,0,0.0625,0.0417,0,0,0,0,0,0.1111,0.2,0.05,0,0
"locus7270",0,0,0.05,0,0,0,0.1111,0.0455,0,0.05,0,0,0,0.0417,0,0,0.125,0,0.25,0,0,0.05,0,0
"locus7271",0.0417,0,0.25,0,0,0,0.1111,0.0455,0,0,0.0625,0,0,0.0833,0,0,0.0625,0.1111,0,0,0,0.1,0,0
"locus7272",0,0,0,0,0.2857,0,0.0556,0,0,0.2,0,0.1111,0,0,0,0,0,0,0,0,0.3,0,0.0455,0.0417
"locus7273",0.125,0,0.05,0,0.0714,0,0.0556,0.1364,0,0,0.0625,0,0.125,0.0417,0.1111,0.1667,0.1875,0,0,0.2222,0.1,0.15,0.0909,0.0417
"locus7274",0,0.4375,0,0.0455,0.0714,0.25,0.1667,0.0455,0.1875,0.4,0,0.3889,0,0.0417,0,0,0,0.0556,0,0,0.05,0.05,0,0.125
"locus7275",0.0417,0,0.05,0,0,0.125,0,0.0455,0,0,0.125,0,0,0,0,0.3333,0.125,0,0.0833,0,0.1,0,0,0
"locus7276",0.0417,0.1875,0,0.1364,0.0714,0.1667,0.0556,0.2273,0.1875,0.05,0.0625,0,0,0.125,0.0556,0,0,0.1111,0.0833,0.0556,0.1,0.1,0.0455,0
"locus7277",0.0417,0,0,0,0,0,0.2222,0,0.0625,0,0,0,0,0,0,0,0,0,0.0833,0.0556,0.05,0.1,0,0.0833
"locus7278",0.5,0.3125,0.45,0.4545,0,0.375,0.2778,0.4091,0.4375,0.1,0.25,0.2222,0.5,0.4167,0.0556,0.3333,0.4375,0.3889,0.3333,0.3333,0.35,0.5,0.3182,0.25
"locus7279",0,0.1875,0.45,0.0909,0.3571,0.25,0.4444,0.3182,0,0.2,0.0625,0.1111,0.1875,0.25,0,0,0.375,0,0.0833,0,0,0.25,0.1364,0.3333
"locus7280",0.0417,0.0625,0,0.0455,0,0.0417,0,0.0455,0,0.25,0.0625,0,0,0.0417,0,0.1667,0.0625,0,0,0.1111,0,0.05,0.0455,0
"locus7281",0.0417,0.3125,0.1,0,0.5,0.4583,0.1111,0.0909,0.125,0.35,0.125,0.5,0.0625,0.2083,0.0556,0,0.125,0,0.0833,0.0556,0.05,0.25,0.0455,0
"locus7282",0.1667,0.1875,0.15,0,0.2143,0.0417,0.0556,0,0.1875,0.05,0.0625,0,0,0.0417,0,0,0.0625,0,0.0833,0,0,0,0,0
"locus7283",0.375,0.375,0.3,0.2727,0,0.1667,0.3889,0.5,0.4375,0.1,0.4375,0,0.375,0.4167,0.2778,0.1667,0.3125,0.2222,0.4167,0.3333,0.4,0.45,0.4091,0.375
"locus7284",0.2083,0.1875,0.25,0.0455,0.2143,0.2083,0.3889,0.2727,0.0625,0.1,0.1875,0.0556,0.4375,0.25,0.1667,0.3333,0.4375,0.2778,0.3333,0.1111,0.15,0.3,0.3182,0.5
"locus7285",0,0.125,0.15,0,0,0,0.2778,0.0909,0,0,0,0,0.125,0,0,0,0.1875,0.1667,0,0,0,0.15,0.2273,0.0833
"locus7286",0.0833,0.125,0,0.0909,0.2857,0.25,0.2222,0.1364,0,0.45,0.0625,0.3333,0.3125,0.25,0.1667,0,0.0625,0.0556,0.0833,0.0556,0.15,0.15,0.0909,0.2917
"locus7287",0,0.0625,0.05,0.0909,0.2857,0.4167,0.3889,0,0.0625,0.35,0,0.1667,0,0.0833,0.0556,0,0,0,0.1667,0.1667,0.15,0,0.0909,0.4167
"locus7288",0,0.0625,0,0.1818,0.0714,0.1667,0,0.0455,0.0625,0.3,0,0.2778,0,0,0,0,0,0.0556,0,0,0.1,0,0.0455,0.0417
"locus7289",0.3333,0.3125,0.35,0.3182,0.4286,0.4583,0.5,0.3636,0.1875,0.45,0.4375,0.3333,0.25,0.4583,0.2222,0.5,0.375,0.5,0.25,0,0.1,0.3,0.1364,0.4583
"locus7290",0.2917,0.4375,0.4,0.4091,0.2857,0.4167,0.2778,0.4545,0.1875,0.45,0.125,0.3333,0.4375,0.4167,0.3333,0.3333,0.4375,0.4444,0.25,0.4444,0.15,0.5,0.3636,0.25
"locus7291",0.4583,0.4375,0.4,0.5,0.1429,0.4583,0.0556,0.5,0.3125,0.05,0.4375,0.1111,0.5,0.4167,0.3889,0.5,0.5,0.3889,0.3333,0.2778,0.4,0.4,0.4091,0.1667
"locus7292",0.0417,0.125,0.05,0,0,0.1667,0,0,0,0.05,0,0.0556,0.0625,0.125,0,0,0,0,0,0,0.05,0,0,0
"locus7293",0.0833,0,0.1,0,0,0,0,0.0455,0,0,0.0625,0.1111,0,0.0417,0.1111,0,0.0625,0.1111,0,0,0,0.05,0.0909,0
"locus7294",0,0.125,0,0.0455,0,0.2917,0,0,0.1875,0.4,0,0.3889,0.0625,0.0833,0.0556,0,0.0625,0,0,0,0,0.05,0.3636,0.0833
"locus7295",0,0,0,0,0.2857,0,0.1111,0.0455,0,0.05,0,0,0.125,0.0833,0.0556,0,0,0,0.0833,0,0,0.1,0,0.25
"locus7296",0.125,0,0.05,0,0,0.0833,0.1111,0,0,0.05,0,0,0,0.125,0.1111,0,0.0625,0.1111,0,0,0.05,0.05,0.0455,0
"locus7297",0.0833,0,0,0.0909,0,0,0,0,0,0,0.1875,0,0,0.125,0,0.3333,0,0,0.0833,0.0556,0,0.05,0.0909,0
"locus7298",0.0417,0.125,0.05,0.0909,0.1429,0.125,0,0,0,0.1,0.0625,0,0,0,0,0,0,0,0,0,0.2,0,0.2273,0.0833
"locus7299",0.0417,0,0,0,0,0,0,0.0909,0,0,0,0,0.0625,0.125,0,0,0,0.0556,0,0.0556,0.2,0,0.0909,0
"locus7300",0,0,0,0.0455,0.1429,0.0417,0.0556,0.0909,0,0.45,0.0625,0.2778,0,0,0,0,0,0,0,0.2222,0,0,0.0909,0.0417
"locus7301",0.2083,0.0625,0.05,0,0,0,0,0,0,0,0.0625,0.1111,0.0625,0,0,0.1667,0,0,0,0,0.25,0.1,0.0455,0
"locus7302",0.0417,0.4375,0.45,0,0.1429,0.25,0.2778,0.4091,0.125,0.45,0.1875,0.3333,0.3125,0.4583,0,0.1667,0.4375,0.3333,0.25,0.0556,0.05,0.35,0.1364,0.0417
"locus7303",0,0.0625,0,0,0,0,0,0,0.125,0.15,0,0,0,0.0417,0.0556,0.1667,0,0,0.25,0,0,0,0,0.0417
"locus7304",0.0417,0.0625,0.1,0.0455,0,0,0,0.0455,0,0,0,0.0556,0,0,0.1667,0,0.125,0.0556,0,0.1667,0.05,0,0,0
"locus7305",0.0417,0.0625,0.2,0.0455,0,0.125,0.1667,0,0,0.1,0.0625,0,0.125,0.2083,0,0,0.0625,0.1111,0.1667,0,0,0.05,0,0.0833
"locus7306",0.0417,0.4375,0,0,0.3571,0.4167,0.0556,0,0.0625,0.5,0.0625,0.3333,0,0.0833,0,0.1667,0.0625,0.0556,0,0.0556,0,0,0.0455,0.0417
"locus7307",0.25,0.0625,0.15,0.1818,0.2857,0,0.2778,0.2727,0.1875,0.25,0.1875,0.0556,0.3125,0.3333,0.3889,0.3333,0.125,0.3333,0.3333,0,0.3,0.1,0,0.2083
"locus7308",0.0833,0,0,0.1364,0,0,0.0556,0,0,0,0.1875,0,0.1875,0.125,0.1111,0,0,0,0,0.0556,0.1,0.1,0.0455,0.125
"locus7309",0,0.0625,0,0.0455,0.1429,0.125,0,0,0.0625,0.1,0,0.2778,0,0,0,0,0.125,0,0,0,0,0.05,0,0.0417
"locus7310",0.2083,0,0.05,0,0,0.0833,0,0,0,0,0,0.0556,0,0.0417,0.1667,0,0,0.0556,0,0.2222,0.1,0,0.3182,0
"locus7311",0.0417,0,0,0.0455,0,0.0417,0,0,0.25,0,0.0625,0,0.125,0.0417,0,0,0,0.0556,0,0,0.05,0,0,0
"locus7312",0,0,0.1,0.0909,0.0714,0.0833,0,0,0.125,0.05,0,0,0,0.0833,0,0,0.0625,0,0,0,0,0,0,0.0417
"locus7313",0.2083,0.1875,0.4,0.4545,0,0.25,0.1111,0.2727,0.4375,0,0,0,0.0625,0.2917,0.3889,0,0.0625,0.3333,0.0833,0.0556,0.2,0.35,0.1364,0
"locus7314",0.0417,0.125,0,0.1364,0.0714,0.1667,0.1111,0,0.0625,0,0,0,0.125,0,0.0556,0,0.0625,0.0556,0.1667,0.2222,0.15,0,0.0909,0.0417
"locus7315",0.0417,0.125,0,0.0455,0,0.125,0,0,0,0.1,0.0625,0.1111,0.1875,0.2917,0.1111,0.1667,0.1875,0.1111,0.0833,0.1111,0.15,0.15,0.0455,0.0417
"locus7316",0.0417,0.125,0.1,0,0,0,0,0.1364,0.0625,0,0.0625,0,0.0625,0.0417,0,0,0.0625,0.0556,0,0.1667,0,0.1,0.0909,0.0417
"locus7317",0,0,0.05,0,0,0,0.0556,0,0,0,0,0,0,0.25,0,0,0,0,0.0833,0,0,0,0,0.2083
"locus7318",0.375,0.375,0.3,0.3636,0.2143,0.3333,0.4444,0.3636,0.5,0.3,0.375,0.4444,0.375,0.375,0.3889,0.1667,0.1875,0.3889,0.25,0.0556,0.1,0.4,0.4091,0.3333
"locus7319",0.0417,0.5,0.25,0.0455,0.4286,0.2083,0.3889,0.3182,0.0625,0.3,0.3125,0.2222,0.4375,0.2917,0.1111,0.1667,0.1875,0.2222,0.4167,0.0556,0.2,0.2,0.2727,0.5
"locus7320",0.0833,0.0625,0.05,0,0.0714,0,0,0.0455,0,0.1,0,0,0,0.0417,0.0556,0,0,0.0556,0,0.0556,0,0,0.0455,0
"locus7321",0,0.0625,0,0.0455,0.1429,0.25,0.1111,0,0.125,0.2,0,0.3333,0,0.0833,0,0,0,0,0,0,0,0,0.1364,0.125
"locus7322",0,0,0,0.0909,0,0,0.1111,0.0455,0,0.1,0.0625,0.1111,0,0.0833,0,0,0,0.0556,0,0,0,0,0.0455,0.0417
"locus7323",0,0.0625,0,0,0.0714,0.1667,0,0.0455,0,0.15,0,0.3889,0,0,0,0,0.0625,0.0556,0,0,0,0,0.0909,0
"locus7324",0,0.0625,0.5,0,0.0714,0,0.2222,0.1364,0,0.05,0.1875,0,0.125,0.25,0,0,0.125,0.1111,0.0833,0,0.05,0.4,0.0909,0
"locus7325",0.0833,0,0,0.1364,0,0.0417,0,0.0909,0,0.1,0,0.0556,0,0.0417,0.0556,0,0,0,0,0.0556,0.05,0.05,0.0455,0
"locus7326",0.0417,0.0625,0.05,0,0,0,0,0.1364,0.0625,0,0,0,0,0.0417,0,0.1667,0.0625,0,0,0.0556,0,0,0,0
"locus7327",0.1667,0.25,0.4,0.4545,0.4286,0.3333,0.2778,0.3636,0.0625,0.25,0.4375,0.3889,0.5,0.2917,0.2222,0.3333,0.375,0.2778,0.3333,0.1667,0.25,0.35,0.1818,0.375
"locus7328",0,0,0,0,0,0.0417,0.2222,0,0,0,0,0.1111,0.0625,0.0417,0,0,0,0.1111,0.0833,0.0556,0.05,0,0,0.0417
"locus7329",0.3333,0.0625,0.1,0.2727,0.0714,0.0417,0.2778,0.0455,0.0625,0,0.1875,0,0.0625,0.0833,0.2222,0,0,0.2222,0,0.0556,0.3,0.05,0.2727,0
"locus7330",0.0417,0,0.05,0,0,0.0417,0,0.0909,0,0,0,0,0.0625,0.125,0.0556,0,0.1875,0,0.0833,0,0,0.1,0.0455,0
"locus7331",0.0417,0,0.4,0.0455,0,0,0.0556,0.1364,0.125,0.05,0.1875,0,0.1875,0.2917,0.1111,0,0.3125,0.2222,0,0,0.05,0.15,0.1364,0.125
"locus7332",0.1667,0.375,0.5,0.3636,0.3571,0.3333,0.3889,0.4091,0.125,0.25,0.4375,0.3889,0.5,0.4167,0.2778,0.5,0.3125,0.3889,0.4167,0.3889,0.25,0.35,0.4545,0.2917
"locus7333",0,0.0625,0.1,0,0,0.125,0,0.0455,0,0,0.0625,0,0,0.0833,0,0,0,0,0,0,0,0.05,0.0909,0
"locus7334",0.0417,0.0625,0.05,0.1364,0,0.0833,0.2222,0,0,0,0.1875,0,0,0.0417,0,0.1667,0.0625,0.0556,0.0833,0,0,0.1,0,0.0417
"locus7335",0,0,0,0,0.0714,0,0,0,0,0,0.0625,0,0,0.0417,0,0,0,0,0,0,0.05,0.1,0.2273,0
"locus7336",0.2083,0.125,0.3,0.2273,0,0.125,0.0556,0.4091,0.3125,0.1,0.4375,0,0.3125,0.375,0.3889,0.3333,0.4375,0.5,0.3333,0.3889,0.25,0.5,0.1364,0.0417
"locus7337",0.25,0.0625,0.15,0.2727,0.0714,0.0417,0.5,0.0455,0,0.05,0.1875,0.0556,0.1875,0.1667,0.2778,0,0,0,0.3333,0.5,0.45,0.15,0.0909,0.4167
"locus7338",0.125,0.25,0.15,0.1364,0.3571,0.1667,0.1111,0.1818,0.25,0.3,0.375,0.2222,0.25,0.375,0.1667,0.3333,0.375,0.1111,0.25,0.1667,0.2,0.45,0.4545,0.25
"locus7339",0.125,0.25,0.1,0.0909,0.4286,0.4583,0.3333,0.0455,0.375,0.2,0.4375,0.2778,0.0625,0.2083,0.0556,0,0.1875,0.2778,0.4167,0.0556,0.05,0,0.3636,0.3333
"locus7340",0,0.125,0.05,0.1364,0.2143,0.1667,0.0556,0,0.125,0.35,0,0.1667,0.0625,0,0,0,0.0625,0,0.0833,0,0.05,0.05,0.0455,0.125
"locus7341",0,0.125,0,0,0.1429,0.125,0.2222,0,0.0625,0,0.0625,0.0556,0.0625,0.0417,0,0,0,0.1111,0.1667,0.0556,0,0,0.0455,0.2083
"locus7342",0,0.0625,0,0,0.1429,0,0,0,0,0.3,0,0.1111,0,0,0,0,0,0,0,0,0,0,0.1364,0
"locus7343",0,0.125,0.1,0.0909,0.2143,0.125,0.2778,0,0.0625,0.05,0.125,0.0556,0.125,0.2083,0.0556,0.3333,0.0625,0,0.3333,0.0556,0.1,0,0.0909,0.4167
"locus7344",0.2083,0.1875,0.35,0.2727,0.0714,0.0417,0.0556,0.2273,0.25,0.2,0.0625,0,0.25,0.2917,0.3889,0.3333,0.3125,0.3889,0.0833,0,0.1,0.25,0.2273,0.0417
"locus7345",0.375,0,0.1,0.3182,0.1429,0.2083,0,0.1818,0.0625,0.05,0.1875,0,0.3125,0.0833,0.2222,0.3333,0.125,0.0556,0,0.3889,0.1,0.25,0.4545,0
"locus7346",0,0,0,0,0,0,0.1111,0,0,0.05,0.25,0,0,0.0833,0,0,0.0625,0,0.25,0.0556,0,0,0.0455,0.2083
"locus7347",0.1667,0.0625,0,0.0455,0,0,0,0.1364,0.0625,0,0.125,0.1111,0.0625,0.125,0.3333,0,0,0.1111,0,0.5,0,0.15,0.0455,0
"locus7348",0.125,0.375,0.05,0.0909,0.3571,0.2917,0.3889,0.0909,0.125,0.4,0,0.1111,0.1875,0.1667,0,0,0.25,0.0556,0.25,0.1111,0.1,0.1,0.2273,0.3333
"locus7349",0,0.375,0,0,0.3571,0.2917,0.0556,0,0,0.5,0.0625,0.4444,0.0625,0,0,0,0,0,0,0,0,0,0.0455,0.0417
"locus7350",0.2083,0,0,0.0455,0,0,0,0,0.0625,0,0,0,0,0,0.3889,0,0,0,0,0.5,0.35,0.1,0.3182,0
"locus7351",0.0833,0.375,0.3,0.0909,0.4286,0.2083,0.2778,0.3182,0.4375,0.5,0,0.4444,0.375,0.3333,0,0,0.3125,0.2778,0.0833,0,0.1,0.3,0.1364,0.0833
"locus7352",0.0417,0.125,0.1,0,0.0714,0.0417,0.0556,0,0.375,0.05,0.0625,0,0.0625,0,0.1111,0,0.1875,0,0,0.4444,0,0.05,0,0.125
"locus7353",0.125,0.0625,0,0.0909,0.0714,0,0,0.1364,0,0,0.0625,0,0,0,0.2778,0,0.0625,0.1111,0,0,0.2,0.05,0.0455,0
"locus7354",0.3333,0.375,0.1,0.4091,0.3571,0.4583,0.3333,0.4545,0.1875,0.45,0.3125,0.2778,0.3125,0.4583,0.4444,0.5,0.3125,0.1667,0.3333,0.3889,0.45,0.45,0.2727,0.375
"locus7355",0.25,0.0625,0.1,0.0455,0,0,0.0556,0.1818,0.125,0,0,0,0.125,0.0417,0.4444,0.3333,0,0.1667,0.0833,0.2222,0.3,0.15,0.0455,0
"locus7356",0.0417,0,0,0,0,0,0,0,0,0,0,0,0,0.0417,0,0,0,0,0,0.4444,0,0,0.0455,0
"locus7357",0.0417,0.1875,0,0,0.0714,0.1667,0.0556,0,0,0.25,0,0.1667,0,0,0,0,0,0,0.0833,0,0,0,0.0455,0
"locus7358",0.0417,0.0625,0.15,0.2273,0.0714,0.1667,0.1667,0.0909,0,0.1,0.3125,0.1111,0.0625,0.2083,0,0,0.0625,0.0556,0.1667,0,0,0.05,0.1364,0.0417
"locus7359",0,0.0625,0.05,0,0,0,0,0.0455,0.0625,0.05,0.0625,0,0,0.0417,0,0,0.0625,0,0.1667,0,0,0,0,0.0417
"locus7360",0.0833,0,0.05,0,0,0.0417,0.0556,0.0909,0.125,0,0.125,0,0.125,0.125,0.1667,0.1667,0.0625,0.1111,0.0833,0,0,0.1,0.0909,0.0417
"locus7361",0,0,0,0.0455,0,0,0,0.1364,0.0625,0.1,0.125,0,0,0,0.0556,0.1667,0.1875,0,0.3333,0,0,0.2,0.1364,0.0833
"locus7362",0,0,0.05,0.0455,0.2143,0,0.2222,0.2273,0.0625,0.2,0.0625,0.1111,0.125,0.1667,0,0,0.25,0,0,0,0.05,0,0.2727,0
"locus7363",0,0.0625,0.05,0,0,0,0,0.1818,0,0,0.125,0,0.25,0.0833,0.0556,0,0.1875,0.2222,0,0,0.05,0.1,0.2273,0.0417
"locus7364",0,0.1875,0.05,0.1364,0.0714,0.375,0,0.0455,0.125,0.4,0.0625,0.1111,0,0.0417,0.2222,0.5,0.0625,0,0.0833,0,0.15,0.2,0.0455,0.0833
"locus7365",0.0417,0,0.35,0.0909,0,0,0,0.5,0.0625,0,0,0,0.4375,0.5,0.2222,0.3333,0.5,0.5,0,0.1111,0,0.45,0.0909,0.0417
"locus7366",0.0833,0.0625,0.1,0.0455,0,0.0417,0.1111,0.0455,0,0,0,0,0,0.1667,0.0556,0.1667,0.125,0,0.0833,0.2222,0.1,0,0.0455,0
"locus7367",0.0833,0,0.05,0.0455,0.2857,0.0833,0.1111,0.1364,0.0625,0.05,0.0625,0.0556,0.25,0.25,0.1111,0,0.125,0.1111,0.1667,0.0556,0.1,0.05,0.1818,0.125
"locus7368",0.4167,0.0625,0.2,0.4091,0.0714,0.0833,0.1667,0.4545,0.3125,0.05,0.125,0.0556,0.1875,0.2917,0.3889,0.1667,0.1875,0.4444,0.1667,0.3333,0.4,0.25,0.4545,0.2083
"locus7369",0.0833,0,0.1,0,0,0.0417,0.0556,0.0909,0.0625,0.05,0.0625,0,0.125,0.0417,0.1667,0,0,0.1667,0,0.0556,0.05,0.2,0,0
"locus7370",0.4167,0.4375,0.45,0.5,0.4286,0.2917,0.4444,0.4545,0.5,0.25,0.3125,0.2778,0.4375,0.4167,0.0556,0.5,0.4375,0.2778,0.4167,0.5,0.35,0.45,0.4545,0.25
"locus7371",0.375,0.1875,0.3,0.2273,0.2857,0.25,0.5,0.2727,0.25,0.2,0.3125,0.1667,0.1875,0.4167,0.3333,0.3333,0.3125,0.4444,0.4167,0.1667,0.2,0.25,0.2273,0.25
"locus7372",0.0417,0.0625,0,0,0.0714,0,0,0.0455,0,0.05,0.0625,0,0,0,0.1667,0,0.0625,0.1111,0.0833,0,0.05,0,0.0909,0
"locus7373",0.0833,0.4375,0.3,0.0455,0.3571,0.25,0.1111,0.3182,0.125,0.35,0.1875,0.4444,0.4375,0.5,0.4444,0.1667,0.25,0.4444,0,0.0556,0.1,0.3,0.2273,0.2083
"locus7374",0.375,0.25,0.05,0.3182,0.3571,0.0833,0.1667,0.1364,0.25,0,0.3125,0.0556,0.0625,0.0417,0.3333,0.3333,0.125,0.3333,0,0.1111,0.3,0,0.2727,0.375
"locus7375",0.0417,0.125,0.05,0,0,0.0417,0.2778,0.3182,0,0,0,0,0,0.2917,0,0.3333,0.1875,0.1111,0.4167,0.0556,0.1,0.1,0,0
"locus7376",0.0833,0.375,0,0,0.2857,0.375,0.1667,0.0455,0.1875,0.45,0,0.4444,0.125,0,0.1667,0.1667,0.0625,0,0,0,0.1,0.2,0.4091,0.0417
"locus7377",0,0.0625,0.1,0,0.2143,0,0.3333,0.0909,0,0.25,0.0625,0.0556,0,0.125,0,0.1667,0.0625,0,0.1667,0,0,0.15,0.0455,0.0417
"locus7378",0,0.0625,0,0.0455,0,0.0417,0,0.1818,0.0625,0,0.0625,0.0556,0,0.0833,0.0556,0,0,0.0556,0,0.2778,0.1,0.1,0,0.125
"locus7379",0.1667,0.375,0.05,0.1818,0.3571,0.4583,0.1667,0.0909,0.3125,0.15,0.0625,0.3333,0.0625,0.0833,0.1111,0.1667,0.125,0.1111,0,0.4444,0.2,0.25,0.2273,0.25
"locus7380",0.0417,0,0,0,0,0.0417,0.2778,0.0455,0,0.2,0,0,0,0.0417,0,0.1667,0,0.1111,0,0.2222,0,0.1,0,0.125
"locus7381",0.2083,0.25,0.4,0.2727,0.4286,0.25,0.3333,0.5,0.5,0,0.4375,0.0556,0.25,0.4167,0.5,0.3333,0.4375,0.4444,0.4167,0.2778,0.25,0.4,0.4091,0.2917
"locus7382",0.0833,0.125,0.05,0.1364,0.2857,0.4583,0.4444,0.1364,0.125,0.15,0.0625,0.4444,0.1875,0.0833,0,0,0.0625,0.1111,0,0.0556,0.05,0.3,0.3182,0.3333
"locus7383",0.125,0.1875,0.25,0.4545,0,0.0833,0,0.3182,0.25,0.05,0.1875,0.1667,0.5,0.4167,0.0556,0.5,0.3125,0.3889,0.3333,0.0556,0.2,0.3,0.1364,0.125
"locus7384",0.2917,0.375,0.45,0.4091,0.4286,0.5,0.4444,0.1818,0.25,0.45,0.25,0.3889,0.4375,0.2917,0.1667,0,0.25,0.4444,0.0833,0.3333,0.35,0.5,0.4545,0.375
"locus7385",0.125,0,0.1,0,0,0,0,0.3182,0,0.05,0,0,0,0.0417,0.3889,0,0.1875,0.0556,0,0.0556,0.05,0.2,0.0909,0
"locus7386",0,0,0.05,0,0,0,0.0556,0.2273,0,0,0.0625,0.0556,0.0625,0.0833,0,0,0.1875,0.0556,0,0,0,0.05,0,0
"locus7387",0.375,0.375,0.35,0.3182,0.4286,0.4167,0.2222,0.3636,0.4375,0.2,0.5,0.2778,0.3125,0.4167,0.3889,0.1667,0.4375,0.2778,0.4167,0.3889,0.35,0.45,0.2273,0.2083
"locus7388",0,0,0,0,0,0,0,0.1818,0.25,0,0,0,0.0625,0,0,0.1667,0,0,0,0,0.05,0.05,0.0455,0
"locus7389",0.125,0,0.05,0.1364,0,0,0,0.1818,0.25,0,0.125,0,0.0625,0.125,0.2778,0.1667,0.25,0.1111,0,0.3333,0.1,0.05,0.0455,0
"locus7390",0,0,0.1,0,0,0,0,0.0455,0,0.05,0,0,0.1875,0.0833,0,0.1667,0.0625,0,0,0,0,0.05,0,0
"locus7391",0.3333,0,0.2,0.4545,0.1429,0.1667,0.1667,0.3182,0.125,0.1,0.25,0,0.125,0.2917,0,0.3333,0.1875,0.2778,0.1667,0.5,0.15,0.3,0.3182,0.0417
"locus7392",0,0,0.05,0.0455,0,0,0.0556,0.0455,0,0,0,0,0.0625,0.0417,0,0,0,0,0.1667,0.0556,0,0.1,0,0
"locus7393",0.2917,0.1875,0,0.3182,0.2143,0.1667,0.1111,0,0,0.1,0.0625,0.0556,0,0,0.1667,0.1667,0.0625,0,0,0.1667,0.25,0,0.1364,0
"locus7394",0,0,0,0,0,0,0,0.2727,0.0625,0,0,0,0.125,0.1667,0,0,0,0,0,0,0,0.1,0,0
"locus7395",0.125,0.1875,0.25,0.1818,0.3571,0.3333,0.2222,0.0909,0.5,0.45,0.3125,0.3889,0.25,0.2917,0,0.1667,0.25,0,0.0833,0,0.3,0.45,0.1364,0.4167
"locus7396",0,0.0625,0.1,0.0455,0.0714,0.0833,0.1111,0.1818,0.125,0.05,0.125,0,0.1875,0.2083,0.0556,0.1667,0.25,0.3333,0.25,0.0556,0.05,0.25,0.0909,0.25
"locus7397",0.4167,0.25,0.3,0.3636,0.4286,0.0833,0.4444,0.3636,0.125,0.1,0.4375,0.1111,0.3125,0.3333,0.2222,0.3333,0.3125,0.4444,0.5,0.3333,0.45,0.45,0.3636,0.4583
"locus7398",0.0833,0,0.05,0,0.1429,0.125,0.1111,0.0455,0.0625,0,0,0.0556,0,0,0.0556,0.1667,0.0625,0.1111,0.0833,0.0556,0.1,0.05,0.0909,0.0833
"locus7399",0,0,0,0.0455,0.0714,0.3333,0,0.0455,0,0.4,0,0.3889,0.0625,0.0833,0.0556,0,0.3125,0,0,0.0556,0,0.05,0,0.0417
"locus7400",0.0417,0,0,0,0.1429,0,0.0556,0,0.125,0,0,0,0.0625,0.0833,0.1111,0,0.0625,0.0556,0.0833,0.1111,0.2,0,0,0
"locus7401",0.0833,0,0.1,0.2273,0,0,0,0,0,0.05,0,0,0,0,0,0,0,0,0,0,0.1,0.05,0.0455,0
"locus7402",0.0417,0.1875,0.2,0,0,0.1667,0.0556,0.1818,0,0,0.0625,0.1111,0.375,0.0833,0.1667,0.3333,0.1875,0.0556,0.0833,0.2778,0.1,0.2,0.0455,0.0417
"locus7403",0,0,0.45,0,0.0714,0,0.3333,0.0909,0.0625,0.1,0,0,0.375,0.25,0,0,0.25,0.2222,0.25,0.0556,0.05,0.2,0.1818,0.0417
"locus7404",0,0,0,0,0,0,0,0.0455,0.1875,0,0,0,0,0,0.1667,0,0.125,0,0,0.0556,0,0.1,0.0455,0
"locus7405",0.0833,0.0625,0.1,0,0,0.0833,0.0556,0.0455,0.125,0,0.0625,0,0.3125,0.0833,0.0556,0,0.3125,0.2778,0.25,0.1667,0.1,0.05,0,0.0417
"locus7406",0.0417,0.0625,0.05,0,0.0714,0,0,0.1364,0.0625,0.35,0,0.1667,0,0,0.0556,0,0.0625,0,0,0,0,0.05,0.0455,0.0833
"locus7407",0.0833,0.4375,0,0,0.5,0.375,0,0.0455,0.125,0.2,0,0.3889,0.0625,0.0833,0.0556,0.1667,0.125,0.1111,0,0,0.05,0.05,0.1364,0.1667
"locus7408",0,0.125,0.1,0.0455,0,0.2917,0,0,0,0.45,0,0.4444,0,0,0,0,0.0625,0,0,0,0,0,0.0455,0
"locus7409",0.25,0,0.1,0.1818,0,0.0833,0.0556,0.1364,0,0.2,0.0625,0,0.3125,0,0.0556,0.3333,0,0.2778,0.0833,0.0556,0.15,0.2,0.0455,0
"locus7410",0,0.0625,0.05,0.0455,0,0.1667,0,0,0.0625,0,0.125,0,0.125,0.0417,0.0556,0,0,0,0,0,0.1,0.15,0,0.0417
"locus7411",0.0417,0,0,0,0.4286,0.0417,0.0556,0,0,0,0,0,0,0,0,0,0,0,0,0,0,0,0,0.125
"locus7412",0,0.125,0,0,0,0,0,0,0,0.45,0.0625,0.3889,0,0,0,0.1667,0,0,0,0,0,0,0,0
"locus7413",0.2083,0,0,0.0909,0,0,0,0.1364,0.0625,0.1,0.0625,0,0.125,0,0.1667,0,0,0.1667,0,0.0556,0.1,0.1,0.0455,0
"locus7414",0.1667,0,0,0.1818,0,0,0,0,0,0,0.0625,0,0,0.0417,0,0,0,0,0,0.2778,0,0,0,0
"locus7415",0,0,0,0,0.0714,0,0,0.0455,0,0,0,0,0,0.125,0,0.1667,0.0625,0,0.0833,0,0.1,0.1,0,0
"locus7416",0.2083,0,0,0,0,0,0,0,0,0,0.0625,0,0,0,0.0556,0,0,0,0,0.1667,0,0,0,0
"locus7417",0.2917,0.4375,0.5,0.1818,0.3571,0.375,0.3333,0.4091,0.25,0.45,0.4375,0.3889,0.375,0.4167,0.5,0.5,0.3125,0.5,0.4167,0.3333,0.5,0.35,0.3182,0.4583
"locus7418",0,0.0625,0.1,0.0909,0,0.0417,0.0556,0,0.0625,0.05,0,0,0,0.125,0.1111,0,0.25,0,0.3333,0,0,0.05,0.0455,0
"locus7419",0.4583,0.5,0.45,0.5,0.3571,0.5,0.3333,0.5,0.125,0.4,0.4375,0.2778,0.3125,0.375,0.3889,0.3333,0.5,0.4444,0.4167,0.4444,0.45,0.4,0.5,0.4583
"locus7420",0.4167,0.0625,0.35,0.3182,0.0714,0.0833,0.1667,0.4545,0.25,0.05,0.4375,0.0556,0.4375,0.375,0.5,0.1667,0.3125,0.3333,0.3333,0.5,0.3,0.4,0.4545,0.125
"locus7421",0.2083,0.25,0.3,0.4545,0.2143,0.0417,0.3889,0.2727,0.375,0.15,0.3125,0.1111,0.4375,0.2917,0.2222,0.1667,0.5,0.1667,0.3333,0.2222,0.3,0.45,0.3636,0.2917
"locus7422",0.0833,0,0.15,0.1818,0,0,0.3333,0.2727,0.125,0,0,0,0,0.2917,0.1111,0,0.125,0.1111,0,0.0556,0.05,0,0.0909,0.0417
"locus7423",0.2083,0.25,0.2,0,0.4286,0.4167,0.5,0.1364,0.3125,0.3,0.3125,0.2778,0.4375,0.375,0.0556,0,0.4375,0.1111,0,0.0556,0.1,0.05,0.1364,0.4583
"locus7424",0.1667,0,0.05,0,0,0,0,0.1364,0,0,0,0,0,0.0417,0.1667,0,0,0.1667,0,0.0556,0.05,0,0.0909,0.0833
"locus7425",0,0,0,0.0455,0.0714,0.0417,0.0556,0.0455,0,0,0.3125,0,0,0.0833,0,0,0.125,0,0.25,0,0,0.05,0.0909,0.2083
"locus7426",0,0,0,0,0,0,0,0.0455,0,0,0.0625,0,0,0.0417,0,0,0.0625,0,0.0833,0,0,0.05,0.0909,0.1667
"locus7427",0.0417,0.0625,0.05,0,0,0,0,0.4091,0,0,0,0,0,0.0417,0,0,0,0.1667,0,0,0,0.1,0,0
"locus7428",0,0.0625,0.1,0,0,0.0417,0.0556,0.0909,0,0,0,0,0,0.125,0,0,0.125,0,0,0,0,0.05,0,0.0417
"locus7429",0.3333,0,0.1,0.4545,0.0714,0,0.1667,0.1364,0.4375,0,0.0625,0,0.0625,0,0.1667,0,0.125,0.3333,0,0.3333,0.3,0,0.2727,0
"locus7430",0.0417,0,0.1,0.1818,0.2143,0.0417,0.0556,0.0455,0,0.05,0.125,0,0.0625,0.0417,0.0556,0.1667,0.0625,0,0,0.0556,0,0,0,0.0833
"locus7431",0.0833,0,0.05,0,0,0,0,0,0,0,0,0,0,0.125,0,0,0.0625,0.1667,0,0.1667,0.15,0.1,0,0
"locus7432",0,0.1875,0,0,0.1429,0,0,0,0.0625,0,0,0,0,0,0,0,0.1875,0.0556,0.0833,0.0556,0.05,0,0.1364,0.0833
"locus7433",0.0833,0,0,0,0,0,0,0,0.1875,0.05,0,0,0.0625,0.0417,0,0,0,0,0,0,0,0.05,0.0455,0
"locus7434",0.0417,0.0625,0,0.0455,0,0,0,0.0909,0,0,0,0,0.0625,0,0,0,0,0,0.0833,0,0.1,0,0.0455,0
"locus7435",0.0833,0,0.05,0,0,0.0833,0.0556,0,0,0,0,0,0,0.0833,0,0,0,0,0.0833,0.3889,0.05,0,0,0
"locus7436",0.0417,0.125,0.25,0.0909,0,0.2083,0.1667,0.3182,0.125,0,0,0,0.375,0.25,0.1667,0.1667,0.25,0.2778,0.25,0.1111,0.15,0.25,0.0455,0.0417
"locus7437",0.5,0.4375,0.3,0.3182,0.0714,0.5,0.1111,0.4545,0.375,0.25,0.3125,0.4444,0.5,0.25,0.4444,0.3333,0.125,0.3889,0.3333,0.3889,0.45,0.15,0.2727,0.125
"locus7438",0.1667,0.0625,0.1,0.0909,0,0,0,0.0455,0,0.1,0.125,0,0.1875,0.1667,0.1111,0.1667,0.125,0,0,0.0556,0.15,0.1,0.0909,0.0833
"locus7439",0.2083,0.125,0.1,0,0,0,0,0.0909,0,0,0.25,0,0,0.125,0,0,0.125,0.0556,0.0833,0.0556,0,0.05,0,0
"locus7440",0,0.0625,0,0.1818,0.2143,0,0.1667,0,0,0,0,0.0556,0,0,0.0556,0,0.0625,0,0,0.3889,0.05,0,0,0
"locus7441",0.25,0.125,0.1,0.4545,0.2857,0.2083,0.4444,0.1364,0.125,0,0.4375,0,0,0.25,0,0.3333,0.125,0,0.25,0.1111,0.1,0.05,0.1364,0.375
"locus7442",0.0833,0.0625,0,0.0455,0,0.125,0,0,0.0625,0.2,0,0.0556,0,0,0,0,0,0,0,0,0,0.05,0,0
"locus7443",0.3333,0.1875,0.5,0.2727,0.0714,0.125,0.1111,0.4545,0.5,0.1,0.25,0.1111,0.1875,0.4167,0.1667,0.3333,0.4375,0.1667,0.0833,0.3889,0.35,0.2,0.3636,0.0417
"locus7444",0.4583,0.4375,0.3,0.4545,0.3571,0.4583,0.2778,0.3636,0.25,0.1,0.25,0.3889,0.375,0.2083,0.4444,0.3333,0.25,0.4444,0.4167,0.4444,0.5,0.4,0.3636,0.3333
"locus7445",0,0.0625,0.05,0.1364,0,0.125,0.1111,0.0455,0,0.05,0,0.0556,0.0625,0.125,0.0556,0,0.1875,0,0.0833,0.0556,0.05,0,0.1364,0.125
"locus7446",0.0833,0.125,0,0.0455,0,0,0,0.0909,0,0.05,0.125,0,0,0.0417,0.2222,0,0,0.0556,0.0833,0.0556,0.05,0.3,0.0909,0
"locus7447",0,0.0625,0,0.0455,0.0714,0.0833,0,0,0,0.25,0,0.1111,0,0,0,0,0,0,0,0.4444,0.2,0.05,0.0455,0.0833
"locus7448",0.375,0.1875,0.4,0.5,0.4286,0.3333,0.4444,0.4545,0.25,0.35,0.375,0.1667,0.4375,0.4167,0.3889,0.3333,0.5,0.5,0.4167,0.2222,0.45,0.4,0.3636,0.375
"locus7449",0,0.125,0,0.0455,0.1429,0.375,0.1111,0.0909,0.0625,0.5,0,0.3333,0.25,0.2083,0,0,0.125,0.2778,0.25,0,0.05,0.25,0.1364,0.1667
"locus7450",0.375,0.25,0.35,0.3636,0.2143,0.3333,0.3333,0.2727,0.4375,0.2,0.1875,0.1111,0.3125,0.2083,0.4444,0.3333,0.3125,0.4444,0.0833,0.3333,0.45,0.1,0.4091,0.3333
"locus7451",0,0,0.05,0,0.4286,0.25,0.2778,0.0455,0,0.35,0.1875,0.5,0.1875,0.0417,0,0.1667,0.0625,0,0.1667,0,0.1,0,0.1364,0.2917
"locus7452",0.2083,0.4375,0.25,0.2727,0.5,0.375,0.2222,0.4091,0.4375,0.3,0.3125,0.4444,0.375,0.3333,0.3889,0.3333,0.125,0.2222,0.4167,0.0556,0.25,0.4,0.3636,0.375
"locus7453",0,0,0.2,0.1364,0,0.0417,0,0.0909,0,0,0.0625,0,0.1875,0.1667,0.1667,0,0.25,0.0556,0,0,0.05,0.1,0,0
"locus7454",0,0.125,0.15,0,0,0.125,0.1111,0,0,0.1,0,0,0,0,0,0,0,0,0,0,0,0,0,0
"locus7455",0,0.125,0.05,0,0,0.2083,0,0,0,0,0,0,0.125,0.25,0,0.1667,0.1875,0.0556,0.1667,0,0,0.1,0,0.0417
"locus7456",0.0417,0.1875,0.2,0.0455,0.1429,0.0417,0.4444,0.3182,0.125,0.2,0.3125,0.0556,0.5,0.0833,0.2222,0.3333,0.375,0.5,0.25,0.0556,0.2,0.3,0.4545,0.375
"locus7457",0,0.0625,0,0,0,0.0833,0,0,0.1875,0,0.0625,0,0,0,0,0,0.0625,0.1111,0,0,0.05,0.05,0,0
"locus7458",0,0,0,0,0,0,0.2222,0,0,0.1,0,0,0,0,0,0,0,0,0,0.0556,0,0,0,0.125
"locus7459",0.0417,0.125,0,0.0909,0.0714,0,0.1667,0,0,0.1,0,0,0.0625,0,0,0,0,0,0.1667,0,0,0.1,0,0.25
"locus7460",0.0417,0,0.1,0.0455,0,0.125,0.0556,0,0.0625,0,0,0,0,0.0417,0.2222,0.1667,0,0,0.0833,0,0.05,0.05,0.0455,0.0833
"locus7461",0.2083,0.125,0.45,0.0455,0,0.0833,0,0.5,0,0.1,0.25,0,0.4375,0.375,0.2222,0.5,0.3125,0.3889,0.1667,0.3333,0.25,0.35,0.2273,0.0417
"locus7462",0.0417,0.1875,0.1,0,0.1429,0.0417,0.5,0.1818,0.125,0.05,0,0.1111,0.25,0.2083,0.0556,0.1667,0.0625,0.2222,0.1667,0.0556,0.2,0.15,0.0909,0.4583
"locus7463",0.25,0.375,0.25,0.4091,0.3571,0.4583,0.3333,0.3182,0.375,0.45,0.25,0.2222,0.25,0.2083,0.3333,0.5,0.375,0.4444,0.25,0.0556,0.15,0.4,0.5,0.25
"locus7464",0.4583,0,0.2,0.1818,0,0,0,0.3182,0,0.05,0,0,0.125,0.0417,0.5,0.1667,0.25,0.3889,0,0.4444,0.2,0.15,0.4545,0
"locus7465",0,0,0,0,0,0,0.1667,0,0.0625,0,0.0625,0,0,0,0,0,0.0625,0.0556,0,0.0556,0.05,0,0.0455,0
"locus7466",0.0417,0,0.15,0.0455,0.0714,0.1667,0.1111,0,0.125,0,0,0,0.0625,0,0.1111,0,0,0,0,0.0556,0,0,0.0455,0
"locus7467",0.25,0.4375,0.15,0,0,0.1667,0.1667,0.0909,0.1875,0.4,0.1875,0.3889,0.0625,0.0833,0,0,0.125,0,0,0.2222,0.25,0,0.0455,0.0417
"locus7468",0.0833,0,0,0.0455,0,0,0,0.0909,0,0,0.0625,0,0,0.1667,0,0,0,0,0,0,0.05,0.05,0.0455,0
"locus7469",0.0417,0.125,0,0.0455,0.4286,0.125,0.4444,0.0455,0,0.05,0.1875,0.1667,0.0625,0.0417,0,0.1667,0.0625,0,0.4167,0,0.05,0.15,0.0909,0.4583
"locus7470",0.2917,0.125,0.35,0.1364,0.0714,0.25,0.3333,0.3182,0.25,0.05,0.25,0,0.3125,0.2917,0.2778,0.3333,0.25,0.2222,0.25,0.4444,0.4,0.4,0.2273,0.1667
"locus7471",0.375,0.1875,0.15,0.2273,0.1429,0.2917,0.2778,0.2727,0.375,0.4,0.0625,0.4444,0,0.125,0.5,0.1667,0.125,0.2778,0,0.1667,0.2,0.15,0.0455,0.2083
"locus7472",0.375,0,0,0.1364,0,0,0,0,0,0,0.0625,0,0,0,0.4444,0,0,0,0,0.2222,0.4,0,0,0.0417
"locus7473",0.2917,0.375,0.45,0.4545,0.5,0.25,0.4444,0.4091,0.4375,0.35,0.4375,0.3333,0.4375,0.5,0.4444,0.5,0.4375,0.3889,0.25,0.2778,0.5,0.4,0.4091,0.5
"locus7474",0,0,0,0,0.1429,0.0417,0.1667,0,0.25,0.2,0,0,0,0.0417,0,0,0,0,0,0,0,0.05,0,0
"locus7475",0.2917,0.25,0.05,0.4091,0,0,0.0556,0.0455,0.25,0.05,0.0625,0,0.1875,0,0.2778,0,0,0.1667,0.0833,0.0556,0.35,0.05,0.3636,0
"locus7476",0.0833,0,0,0,0,0.0833,0.0556,0.0455,0,0.05,0,0.0556,0.0625,0.0417,0.1111,0,0,0.1111,0.0833,0,0,0.1,0.1364,0
"locus7477",0.375,0.0625,0.15,0.3636,0.5,0.2083,0.3889,0.0909,0.25,0.4,0.375,0.1111,0.125,0.2917,0.2778,0,0.0625,0.0556,0.3333,0.3333,0.25,0.2,0.2727,0.2917
"locus7478",0.0417,0.0625,0,0,0,0,0,0,0.0625,0,0.0625,0.0556,0,0,0,0,0,0,0,0,0.15,0,0.0455,0.0833
"locus7479",0,0.0625,0.05,0,0.0714,0.0833,0,0.0909,0.0625,0.05,0.0625,0.0556,0,0.1667,0,0,0.125,0,0.3333,0,0,0,0.0455,0.0833
"locus7480",0,0.0625,0,0.2273,0,0,0.0556,0,0.0625,0,0,0.0556,0,0,0.0556,0,0,0.0556,0,0,0.2,0,0,0.0417
"locus7481",0.0417,0.375,0,0,0,0,0,0,0,0.4,0,0.2222,0,0,0,0,0,0.0556,0,0,0.15,0.05,0.0455,0.0417
"locus7482",0.0417,0,0,0,0.1429,0,0.2222,0,0,0,0,0,0,0.125,0,0,0.125,0,0.1667,0.0556,0,0.2,0,0.375
"locus7483",0.125,0,0,0,0,0,0,0,0.0625,0,0,0,0,0,0.0556,0,0,0,0,0.1667,0.15,0,0.1364,0
"locus7484",0.375,0.25,0.35,0.5,0.2143,0.2083,0.2778,0.3636,0.5,0.25,0.375,0.1111,0.4375,0.375,0.5,0.5,0.1875,0.4444,0.4167,0.3889,0.5,0.35,0.5,0.3333
"locus7485",0,0,0.15,0,0,0.0417,0,0.0909,0,0.1,0.1875,0,0.0625,0.0417,0,0,0,0.1667,0,0,0.05,0.05,0.0909,0.25
"locus7486",0.3333,0.375,0.4,0.4545,0.3571,0.0417,0.2778,0.3182,0.4375,0.1,0.25,0.0556,0.375,0.5,0.2222,0,0.1875,0.2778,0.3333,0.1111,0.4,0.4,0.3182,0.375
"locus7487",0.0833,0.0625,0.05,0,0,0.0833,0,0,0,0,0.0625,0,0,0,0.2222,0,0.125,0.0556,0,0.1667,0.05,0,0.0455,0
"locus7488",0.1667,0.125,0.15,0,0,0.25,0.0556,0,0.0625,0.1,0,0.1111,0.0625,0.0417,0.0556,0.1667,0.125,0,0,0.3889,0.05,0,0,0.0417
"locus7489",0.2917,0,0,0.2273,0,0,0,0.0455,0.125,0,0,0,0.0625,0.0417,0.0556,0.1667,0,0,0,0,0.1,0,0.1364,0
"locus7490",0.0417,0,0,0.1818,0,0.0833,0,0,0.125,0,0,0.1667,0.0625,0.0417,0.0556,0,0,0,0,0,0.15,0.05,0.0909,0
"locus7491",0.0417,0,0,0,0,0.0417,0,0.0455,0,0,0,0,0.0625,0.0417,0,0,0,0.0556,0,0,0,0.2,0.2273,0
"locus7492",0.4583,0.4375,0.45,0.3636,0.4286,0.375,0.3333,0.5,0.25,0.3,0.5,0,0.4375,0.5,0.3889,0.5,0.4375,0.2778,0.25,0.1667,0.4,0.35,0.2273,0.4167
"locus7493",0,0.1875,0.15,0.1818,0.2857,0.1667,0,0.2727,0,0.4,0,0.3333,0.3125,0.25,0,0,0.0625,0,0,0,0,0.1,0,0.125
"locus7494",0.0833,0.3125,0.15,0.0455,0,0.2083,0.0556,0.1364,0,0.2,0.3125,0.1667,0.0625,0,0,0,0.0625,0.1111,0.1667,0.0556,0.15,0.05,0.0909,0.125
"locus7495",0,0,0.15,0,0,0,0.0556,0.0455,0,0,0,0,0,0.0417,0.1667,0.3333,0,0.0556,0,0.0556,0.1,0,0,0
"locus7496",0.0417,0,0,0,0.0714,0,0,0.0909,0,0,0.0625,0,0.0625,0,0.1111,0,0,0.1111,0,0.3333,0,0,0.0909,0
"locus7497",0.1667,0.0625,0.2,0.1818,0,0.0417,0,0.1818,0.125,0.1,0.125,0.0556,0.3125,0.125,0.1667,0.1667,0,0.1111,0.0833,0,0.25,0.1,0.1364,0.0417
"locus7498",0.4583,0.5,0.35,0.3636,0.3571,0.4167,0.5,0.4545,0.375,0.35,0.375,0.3889,0.4375,0.4583,0.2778,0.5,0.375,0.4444,0.25,0.4444,0.45,0.45,0.3636,0.4167
"locus7499",0.2083,0.5,0.45,0.4091,0.4286,0.4583,0.4444,0.4545,0.1875,0.35,0.5,0.1667,0.375,0.4583,0.5,0.5,0.375,0.3889,0.3333,0.1111,0.45,0.25,0.3636,0.4583
"locus7500",0,0,0.05,0,0.2143,0,0,0,0,0,0.0625,0,0,0.0417,0,0,0.0625,0,0.0833,0.0556,0,0,0.0455,0.0833
"locus7501",0.4583,0.25,0.3,0.3636,0,0.125,0.1111,0.2273,0.5,0.15,0.3125,0.1667,0.4375,0.2083,0.2778,0.3333,0.3125,0.2778,0.1667,0.2778,0.5,0.25,0.3636,0
"locus7502",0.4167,0.1875,0.4,0.5,0.2857,0.2917,0.2778,0.4545,0.3125,0.05,0.4375,0.1111,0.4375,0.4583,0.5,0.5,0.375,0.3889,0.4167,0.3889,0.5,0.5,0.4091,0.4583
"locus7503",0,0,0.15,0.0455,0.5,0.1667,0.2222,0.0455,0.0625,0.3,0.0625,0.2778,0.1875,0.0417,0,0,0.0625,0,0.1667,0.0556,0.05,0.15,0,0.375
"locus7504",0.1667,0.3125,0.25,0.1364,0.2857,0.4167,0.1667,0.1364,0.375,0.5,0.1875,0.5,0.375,0.3333,0.0556,0,0.375,0.1111,0.3333,0.2222,0.2,0.3,0.1818,0.25
"locus7505",0.0417,0.1875,0,0,0.0714,0.3333,0,0,0.0625,0.45,0.0625,0.5,0,0.1667,0,0,0.0625,0,0,0,0,0.05,0.0455,0.0833
"locus7506",0.4583,0.4375,0.45,0.2727,0.2143,0.2917,0.2222,0.3182,0.1875,0.15,0.5,0.1111,0.3125,0.4167,0.5,0.1667,0.4375,0.4444,0.5,0.1111,0.3,0.4,0.5,0.375
"locus7507",0,0,0,0,0,0.0417,0.1667,0,0,0,0,0,0,0,0,0,0,0,0.0833,0,0.05,0,0,0.1667
"locus7508",0,0.375,0,0,0,0.2083,0.0556,0,0,0.05,0.0625,0,0,0,0,0,0,0,0,0,0.05,0,0,0
"locus7509",0,0.125,0.1,0,0.0714,0.125,0,0.0455,0,0.3,0.0625,0.0556,0,0.0833,0,0.1667,0,0,0.1667,0,0.15,0,0.0455,0.125
"locus7510",0,0,0,0,0.1429,0.0417,0.1111,0,0,0,0.0625,0,0,0.0833,0,0.1667,0,0,0.1667,0,0,0,0,0.0417
"locus7511",0.25,0.3125,0.35,0.1364,0.5,0.25,0.1667,0.2727,0.125,0.4,0.375,0.2222,0.375,0.2917,0.1111,0.1667,0.375,0.3889,0.4167,0.3889,0.2,0.2,0.1818,0.3333
"locus7512",0.3333,0.3125,0.2,0.5,0.1429,0.375,0.2778,0.4091,0.25,0.45,0.125,0.2778,0.3125,0.25,0.2778,0.3333,0.125,0.3333,0.3333,0.4444,0.35,0.5,0.3182,0.0833
"locus7513",0,0,0,0.0455,0,0,0.3333,0,0,0,0,0,0,0,0,0,0,0,0,0.0556,0,0,0,0.25
"locus7514",0.2917,0.4375,0.3,0.2273,0.2857,0.2083,0.4444,0.1364,0.5,0.25,0.1875,0.1667,0.3125,0.25,0.2778,0,0.3125,0.1667,0.1667,0.3889,0.45,0.15,0.1818,0.375
"locus7515",0,0,0,0.3182,0.1429,0,0,0,0.0625,0.05,0,0,0,0,0,0,0.125,0.0556,0,0,0,0.05,0,0.0833
"locus7516",0,0,0.25,0,0,0,0,0.1818,0,0,0.0625,0,0.0625,0.125,0.0556,0,0.0625,0.1667,0,0,0.05,0.05,0.1818,0
"locus7517",0,0,0.05,0.2273,0,0.0417,0,0,0,0.05,0,0,0,0,0,0,0.0625,0,0,0,0,0.25,0,0
"locus7518",0.1667,0.125,0.15,0.0909,0.0714,0.125,0.0556,0.2727,0.0625,0.25,0.125,0.0556,0.25,0.2083,0.1111,0.1667,0.25,0.1111,0.0833,0.3333,0.05,0.1,0.0909,0.25
"locus7519",0,0,0,0,0,0.0833,0,0,0,0,0.125,0,0,0,0.1111,0,0.0625,0,0,0,0.05,0.2,0.0909,0
"locus7520",0,0.0625,0,0.1364,0.1429,0.0833,0.0556,0.0455,0.3125,0.05,0,0.1667,0,0.0417,0.0556,0,0.0625,0.1667,0,0,0.05,0.15,0,0.125
"locus7521",0.0417,0,0,0.0455,0,0,0,0,0.125,0.05,0,0,0.0625,0.0833,0.0556,0,0,0,0,0.0556,0,0,0,0
"locus7522",0,0.125,0.05,0.0455,0.4286,0.4167,0.0556,0.0909,0,0.4,0,0.5,0.3125,0.125,0,0,0.3125,0.1111,0.0833,0.0556,0.05,0.15,0.1818,0.2083
"locus7523",0.25,0,0.1,0.0909,0.0714,0,0.2222,0.1818,0.0625,0.05,0,0.0556,0.0625,0.0833,0.0556,0,0.1875,0.1667,0.25,0.1111,0.2,0.15,0.1818,0.0417
"locus7524",0.5,0.1875,0.35,0.5,0,0.0833,0.3333,0.3636,0.375,0.15,0.5,0,0.4375,0.5,0.5,0.3333,0.4375,0.4444,0.3333,0.1667,0.4,0.4,0.2273,0.4167
"locus7525",0.0833,0.25,0,0.0909,0,0.375,0.3333,0.0455,0.0625,0.1,0,0,0.3125,0.0417,0,0.1667,0.0625,0,0.0833,0,0,0.25,0,0.0833
"locus7526",0,0,0.05,0,0,0,0,0,0,0,0,0.0556,0,0,0,0.3333,0.1875,0,0.0833,0,0,0.25,0,0
"locus7527",0,0.0625,0.1,0,0.0714,0,0.0556,0.0909,0.0625,0.05,0.0625,0,0.125,0.0417,0.0556,0,0.0625,0.0556,0,0,0,0,0,0
"locus7528",0,0,0.1,0,0.1429,0.0417,0.0556,0.1364,0.0625,0,0,0,0,0.125,0.1667,0,0,0,0,0,0.05,0,0.0909,0
"locus7529",0.2917,0.25,0.2,0.4091,0.3571,0.4167,0.2222,0.4545,0.3125,0.4,0.3125,0.1111,0.4375,0.2917,0.3333,0.3333,0.3125,0.4444,0.4167,0.1667,0.5,0.3,0.4545,0.2083
"locus7530",0.0417,0,0,0,0,0,0.0556,0,0,0,0,0,0,0,0.1111,0,0,0.0556,0,0,0.15,0.05,0.0455,0
"locus7531",0.375,0,0.25,0.3636,0,0,0.1667,0.4545,0,0.1,0.1875,0,0.1875,0.2083,0.3889,0,0.3125,0.1111,0.3333,0.3889,0.25,0.05,0.0455,0.0417
"locus7532",0,0,0,0,0.1429,0.1667,0,0.0455,0,0.1,0,0.1667,0,0,0.0556,0,0,0,0,0.1111,0,0,0,0
"locus7533",0.125,0,0,0,0,0,0,0.0909,0.125,0.1,0,0.1111,0.1875,0.0833,0.1111,0.1667,0.125,0.0556,0,0.3889,0.05,0,0.0455,0
"locus7534",0.1667,0.0625,0,0.0455,0.2857,0.2917,0.0556,0,0,0.45,0.125,0.3889,0.0625,0,0.1111,0.5,0.0625,0,0.1667,0,0.05,0,0,0.0833
"locus7535",0.5,0.4375,0.45,0.4545,0.4286,0.4583,0.5,0.5,0.375,0.25,0.4375,0.3333,0.4375,0.5,0.3333,0.3333,0.5,0.5,0.4167,0.4444,0.5,0.5,0.3636,0.375
"locus7536",0.0417,0.0625,0,0,0,0.125,0,0,0,0,0,0,0,0,0.1667,0,0,0,0,0,0.05,0,0.0455,0
"locus7537",0.1667,0,0,0,0,0,0,0,0,0,0.1875,0,0.0625,0,0,0,0,0,0,0,0,0,0.0909,0
"locus7538",0.2083,0.125,0,0.4091,0,0,0,0.0909,0,0,0.125,0,0,0,0,0.3333,0,0.1667,0,0.4444,0.15,0,0.2273,0
"locus7539",0.0417,0,0.05,0,0.0714,0.0833,0.0556,0.0909,0.1875,0,0.3125,0,0.0625,0,0,0.1667,0.125,0.0556,0.0833,0,0.05,0.05,0,0.25
"locus7540",0.0417,0,0.05,0,0,0,0,0.0909,0,0,0,0,0.125,0,0.2222,0,0.0625,0,0,0,0.1,0,0.0455,0
"locus7541",0.0833,0,0.05,0,0,0.0417,0,0.1364,0,0,0.125,0,0,0.0833,0.0556,0,0.125,0.0556,0,0,0.05,0,0,0
"locus7542",0,0,0,0,0,0,0.1667,0,0,0.1,0,0,0,0,0.1111,0,0.125,0,0.3333,0,0.05,0,0,0
"locus7543",0.0833,0.0625,0.05,0,0,0.0417,0.1667,0.0455,0,0,0.1875,0,0.0625,0.125,0.0556,0,0.0625,0,0.1667,0.1667,0.1,0,0,0.0833
"locus7544",0.0833,0.125,0.3,0.2727,0.3571,0.1667,0.3333,0.4091,0.0625,0.15,0.375,0.1111,0.3125,0.2083,0,0,0.4375,0.1667,0.25,0.1667,0,0.1,0.1364,0.4167
"locus7545",0.125,0.0625,0.1,0,0,0.0417,0,0,0,0,0,0,0.0625,0.0833,0,0,0.3125,0,0.25,0,0.1,0,0,0
"locus7546",0,0.0625,0.05,0.2273,0.2143,0.2083,0.3889,0,0.125,0.1,0.0625,0.1111,0.0625,0.2083,0.0556,0.1667,0.125,0,0.3333,0.0556,0,0.35,0.0909,0.4167
"locus7547",0,0.25,0.15,0.2727,0.2857,0.3333,0.1111,0.1364,0,0.4,0,0.4444,0,0.125,0,0,0.125,0.1667,0,0.4444,0.05,0.1,0,0.0417
"locus7548",0,0,0,0,0,0.0417,0,0.0909,0,0,0,0,0.1875,0,0,0,0,0.2222,0.0833,0,0,0.05,0,0
"locus7549",0,0.0625,0,0,0.2143,0,0.1111,0,0,0,0.125,0,0,0.0417,0,0,0,0,0.0833,0,0,0,0.0909,0
"locus7550",0.1667,0,0.05,0,0,0,0,0.0909,0,0,0,0,0,0,0,0,0,0.1667,0,0.0556,0,0,0.0455,0
"locus7551",0.4167,0.1875,0,0.4091,0.3571,0.375,0.1667,0.1818,0.4375,0.4,0.1875,0.3889,0.1875,0.0417,0.5,0,0.125,0.5,0,0.2222,0.5,0.05,0.3636,0.1667
"locus7552",0,0,0,0,0.2857,0.0417,0.0556,0,0,0,0,0,0,0,0,0,0,0,0,0,0,0,0.2273,0
"locus7553",0,0.0625,0,0,0,0.125,0,0,0,0.15,0,0.1111,0,0.0417,0,0.1667,0,0,0,0,0,0,0,0.0417
"locus7554",0.25,0.4375,0.4,0.3182,0.4286,0.3333,0.3333,0.3636,0.5,0.15,0.3125,0,0.375,0.375,0.3333,0.5,0.5,0.2778,0.1667,0.0556,0.3,0.35,0.2727,0.2917
"locus7555",0,0.1875,0.05,0.0909,0.4286,0.1667,0.1111,0.0909,0,0.45,0.0625,0.2778,0,0,0.0556,0.1667,0.0625,0.0556,0.0833,0,0,0.1,0.0455,0.125
"locus7556",0.2083,0.0625,0,0,0,0,0,0,0,0,0.0625,0,0,0,0.1111,0,0,0.0556,0,0,0.05,0,0.0455,0
"locus7557",0.0833,0.125,0,0.2273,0,0.0417,0,0,0,0.1,0,0.0556,0,0,0.0556,0,0,0,0,0.0556,0.1,0,0.0455,0
"locus7558",0.0417,0.1875,0.05,0.0909,0,0,0.0556,0,0,0.05,0.0625,0,0,0.0833,0.2778,0,0,0,0,0.0556,0,0.05,0.0455,0
"locus7559",0.0417,0,0.15,0.0909,0,0,0.0556,0.0455,0,0.05,0,0,0,0,0.0556,0.1667,0.0625,0,0,0,0.15,0.15,0.0455,0
"locus7560",0.0833,0.0625,0,0,0.0714,0.2083,0.1111,0.1364,0,0.3,0,0,0,0.0833,0,0.1667,0.125,0,0,0.1111,0,0.15,0.0455,0.2083
"locus7561",0,0.4375,0.05,0.2273,0.4286,0.4583,0.2222,0.1364,0.125,0.4,0.25,0.5,0.0625,0.0833,0,0.1667,0.0625,0.1111,0.25,0.2222,0.05,0.1,0.1818,0.4583
"locus7562",0.125,0,0,0,0,0,0,0,0,0,0.0625,0.1111,0,0.0417,0.0556,0,0,0.2778,0,0,0.3,0.1,0.2727,0
"locus7563",0.0417,0,0.05,0.0455,0.1429,0.0417,0,0.0909,0.1875,0,0.0625,0,0.1875,0.1667,0.1667,0.1667,0.125,0.1111,0.0833,0,0,0,0.2273,0.0833
"locus7564",0.25,0.1875,0.05,0.3182,0.4286,0.4167,0.2222,0.0455,0.125,0.5,0.25,0.3333,0.0625,0.1667,0.1667,0.3333,0.1875,0,0.25,0.1111,0.4,0.3,0.4091,0.375
"locus7565",0.2083,0.3125,0.25,0.2273,0.2143,0.4583,0.3333,0.2727,0.25,0.35,0.3125,0.5,0.3125,0.2083,0.0556,0.3333,0.375,0.2778,0.25,0.1111,0.15,0.45,0.1364,0.2917
"locus7566",0,0,0.05,0,0.1429,0.1667,0,0,0,0.05,0,0.1111,0,0.0417,0,0,0.0625,0,0,0,0,0,0,0
"locus7567",0.0833,0.25,0.3,0.3182,0.1429,0.25,0.3889,0.2273,0.125,0.15,0.1875,0.2222,0,0.375,0.2222,0,0.125,0.1111,0.1667,0,0.05,0.3,0.1818,0.25
"locus7568",0,0.25,0.15,0,0,0,0,0,0.0625,0,0.0625,0,0.125,0.0417,0,0,0,0.0556,0,0.0556,0.05,0.1,0,0
"locus7569",0.4167,0.5,0.35,0.4091,0.5,0.375,0.3889,0.2727,0.4375,0.35,0.375,0.4444,0.4375,0.4167,0.3889,0.5,0.3125,0.4444,0.3333,0.4444,0.5,0.4,0.4545,0.375
"locus7570",0,0,0.15,0.0455,0,0,0,0,0,0,0,0,0.1875,0,0,0,0.0625,0,0.0833,0,0,0.1,0,0
"locus7571",0.0417,0.125,0.15,0,0,0.2083,0.1111,0,0.25,0.35,0,0.3333,0.125,0.2917,0.4444,0,0.0625,0.0556,0,0.0556,0.05,0.05,0.2273,0
"locus7572",0.3333,0.5,0.35,0.4545,0.2143,0.3333,0.2778,0.4091,0.3125,0.4,0.3125,0.5,0.4375,0.375,0.4444,0.5,0.3125,0.3889,0.25,0.2778,0.35,0.35,0.1818,0.1667
"locus7573",0.0417,0.0625,0.15,0,0.0714,0.0417,0.1111,0.0455,0,0.1,0,0,0.0625,0.1667,0,0.1667,0,0.1111,0,0,0.1,0.05,0,0.0417
"locus7574",0.4583,0.0625,0.4,0.2273,0.0714,0.0417,0.2778,0.4091,0.25,0.05,0.375,0,0.3125,0.3333,0.2778,0.1667,0.375,0.5,0.4167,0.1111,0,0.25,0.4545,0.375
"locus7575",0,0.0625,0.15,0.0455,0,0,0,0,0,0,0.0625,0.0556,0,0.0417,0,0,0.0625,0,0,0,0,0,0,0.125
"locus7576",0.3333,0.5,0.4,0.5,0.2143,0.3333,0.3333,0.2727,0.5,0.05,0.5,0.1667,0.375,0.2083,0.4444,0.3333,0.25,0.2222,0.3333,0.5,0.35,0.4,0.4545,0.25
"locus7577",0.375,0.4375,0.3,0.3636,0.4286,0.4583,0.1667,0.5,0.25,0.35,0.3125,0.4444,0.1875,0.2917,0.4444,0.5,0.25,0.3333,0.3333,0.3333,0.5,0.5,0.4091,0.4167
"locus7578",0,0,0.1,0,0,0,0.1111,0,0,0,0.0625,0,0,0,0,0,0,0,0.3333,0.2222,0.1,0.05,0.0909,0.125
"locus7579",0.125,0.375,0.1,0.0455,0.3571,0.5,0.3889,0.1364,0.3125,0.3,0.5,0.2778,0.375,0.25,0.0556,0,0.1875,0.1667,0.5,0.2778,0.05,0.35,0.4545,0.4167
"locus7580",0.25,0.0625,0,0.0909,0,0,0.0556,0,0,0,0.0625,0,0.125,0,0.4444,0.3333,0.0625,0,0,0.3333,0.45,0,0.0455,0
"locus7581",0.1667,0.5,0.15,0.4545,0.4286,0.4583,0.4444,0.3182,0.375,0.4,0.375,0.3333,0.375,0.2083,0.5,0.3333,0.375,0.3333,0.3333,0.2778,0.35,0.3,0.2727,0.5
"locus7582",0.0417,0.125,0.05,0,0,0,0,0,0,0.3,0,0.1111,0.0625,0.0417,0,0,0.0625,0,0,0.1111,0,0.1,0,0
"locus7583",0.125,0.0625,0.05,0.1364,0.0714,0.0833,0.0556,0.0455,0,0,0,0,0.25,0.0833,0,0,0,0.1667,0.0833,0,0.05,0.15,0.1364,0
"locus7584",0,0.125,0,0,0.0714,0,0.0556,0,0,0.1,0,0,0.0625,0,0.0556,0,0.0625,0,0.1667,0.0556,0,0.05,0,0.0417
"locus7585",0.1667,0,0,0,0,0,0,0,0,0,0,0,0.0625,0.0417,0.0556,0.1667,0.0625,0,0.0833,0,0.05,0,0.0455,0
"locus7586",0,0.0625,0,0,0,0,0.0556,0,0,0,0,0,0,0.0417,0.1111,0,0,0.1111,0,0,0,0.05,0.0909,0
"locus7587",0.0417,0.375,0.2,0,0,0.3333,0.0556,0.0909,0.4375,0.25,0.0625,0.1111,0.0625,0.0833,0.0556,0.1667,0.1875,0.0556,0,0,0.05,0.05,0.0909,0.0417
"locus7588",0,0.125,0,0,0.0714,0.0417,0,0,0,0.5,0,0.5,0.0625,0,0.1111,0,0,0,0,0,0.05,0,0,0
"locus7589",0.0833,0,0,0,0,0.0833,0,0,0,0.15,0.0625,0,0,0.0417,0.1111,0,0,0,0,0,0,0,0,0.0417
"locus7590",0.0833,0.25,0.05,0.2273,0.2143,0.4167,0.3333,0,0.4375,0.5,0.375,0.5,0.0625,0.2917,0,0.1667,0.375,0.2222,0.3333,0,0.15,0.4,0.3636,0.3333
"locus7591",0.0833,0,0.1,0.0455,0.0714,0.0833,0.1111,0.0909,0.0625,0.05,0,0.0556,0,0.0833,0.0556,0,0.0625,0,0.0833,0.3889,0.05,0.1,0.0455,0
"locus7592",0,0.0625,0.1,0,0,0,0,0.1818,0,0,0.0625,0,0,0.0417,0.0556,0,0.25,0,0,0,0,0,0,0
"locus7593",0.0833,0.125,0,0,0.5,0.4167,0.2778,0,0.125,0.3,0.0625,0.4444,0,0.0833,0,0,0.0625,0,0.4167,0,0,0.1,0.1818,0.25
"locus7594",0.2917,0.125,0.2,0.0909,0,0.0417,0.0556,0.0455,0.125,0.05,0,0,0.0625,0.2083,0.0556,0.1667,0.0625,0.2222,0,0.0556,0.1,0.2,0.0909,0.0417
"locus7595",0.0417,0.0625,0.05,0,0,0,0,0,0,0,0,0,0.0625,0.0417,0,0,0,0.0556,0,0.2778,0,0.05,0,0
"locus7596",0,0,0,0,0,0,0,0,0,0.25,0,0.2222,0,0,0,0,0,0,0,0,0,0,0.0455,0
"locus7597",0,0.0625,0.05,0.0455,0,0,0.2778,0,0,0.05,0,0,0.0625,0,0,0,0.0625,0,0,0,0,0,0,0.1667
"locus7598",0.375,0,0,0.5,0,0,0,0.1818,0.0625,0.05,0.125,0.0556,0.0625,0.0417,0.3333,0,0.125,0.1111,0.0833,0.1667,0.1,0.25,0.2727,0.125
"locus7599",0,0,0.25,0,0,0.1667,0,0.0455,0,0.05,0,0,0.0625,0.1667,0,0,0.25,0.1667,0,0,0,0.2,0,0
"locus7600",0.0417,0,0.1,0,0,0.1667,0,0.0455,0,0,0,0,0,0.1667,0,0,0,0,0.0833,0,0,0.2,0,0
"locus7601",0.0417,0,0.05,0.0909,0,0.0417,0,0,0.0625,0.1,0,0,0,0,0,0,0.0625,0.1667,0,0,0.05,0,0,0
"locus7602",0.25,0.3125,0.35,0.0455,0.2857,0.1667,0.0556,0.4091,0,0.25,0.125,0.0556,0.4375,0.5,0.3333,0.5,0.1875,0.0556,0.3333,0,0.05,0.5,0,0.125
"locus7603",0,0.0625,0.15,0,0,0.0833,0,0.2273,0,0.05,0,0,0.0625,0.25,0,0,0.0625,0.1111,0,0,0,0.15,0,0.0417
"locus7604",0,0.0625,0,0,0.2143,0.2917,0,0,0,0.4,0,0.4444,0.0625,0,0,0,0,0,0,0.1111,0,0,0,0.0417
"locus7605",0,0,0,0,0,0,0,0.0455,0,0,0,0,0.125,0,0,0.1667,0.3125,0,0,0,0.1,0,0,0
"locus7606",0.5,0.1875,0.45,0.4545,0.2857,0.3333,0.3333,0.4091,0.4375,0.15,0.375,0.0556,0.375,0.4167,0.3889,0.1667,0.5,0.5,0.5,0.4444,0.45,0.4,0.3636,0.2917
"locus7607",0.1667,0,0.15,0,0,0,0,0.0909,0,0.05,0,0,0.1875,0.0417,0.0556,0,0,0,0.0833,0,0,0.1,0.0909,0
"locus7608",0,0.1875,0.05,0.1818,0,0.125,0.1111,0,0.1875,0.05,0.125,0.1111,0.125,0.0417,0,0,0,0.0556,0.1667,0.0556,0,0.05,0.0455,0.0417
"locus7609",0.0417,0.3125,0,0.0909,0.0714,0.375,0.2778,0.0909,0,0.45,0.3125,0.4444,0,0.3333,0,0.3333,0.4375,0,0.1667,0.0556,0.2,0.35,0.2727,0.1667
"locus7610",0.2083,0,0.05,0.0455,0,0.0833,0,0.0455,0,0.05,0,0,0,0.0417,0,0.1667,0,0.0556,0,0.0556,0.2,0,0,0
"locus7611",0.0417,0.1875,0,0.2727,0.4286,0.4167,0,0,0.3125,0.35,0,0.5,0,0.0417,0,0.1667,0,0,0,0,0.05,0.1,0.0909,0.4583
"locus7612",0.375,0.1875,0.5,0.4091,0.2857,0.2917,0.3889,0.4091,0.25,0.2,0.375,0.2778,0.375,0.4167,0.2778,0.1667,0.5,0.3889,0.4167,0.3333,0.3,0.4,0.4545,0.3333
"locus7613",0.375,0.4375,0.35,0.2273,0.2857,0.1667,0.5,0.1818,0.375,0.3,0.3125,0.3333,0.375,0.125,0.1667,0.1667,0.125,0.2778,0.4167,0.0556,0.2,0.25,0.0455,0.25
"locus7614",0,0.0625,0,0.0455,0.0714,0.1667,0,0,0,0.1,0.0625,0,0,0,0,0,0,0,0,0,0.2,0,0.0909,0
"locus7615",0,0,0,0,0.1429,0,0,0.0455,0,0.05,0.0625,0.1111,0,0.0417,0.0556,0,0.125,0,0,0,0,0,0,0
"locus7616",0,0,0,0.0455,0,0,0.1111,0,0,0.05,0,0,0,0,0,0,0.125,0,0.0833,0,0,0,0,0.125
"locus7617",0,0,0,0,0.5,0.25,0.5,0,0,0,0,0,0,0.0417,0,0,0,0,0.25,0.0556,0.1,0,0.1364,0.4167
"locus7618",0.4583,0.5,0.45,0.4091,0.3571,0.4583,0.3889,0.3636,0.5,0.5,0.4375,0.3333,0.4375,0.4583,0.4444,0.5,0.4375,0.4444,0.5,0.5,0.45,0.3,0.5,0.4167
"locus7619",0.2083,0,0,0.0909,0,0,0,0,0,0,0,0,0.0625,0,0.2222,0,0,0,0.0833,0.0556,0.25,0,0,0
"locus7620",0.125,0.375,0.15,0.1818,0.4286,0.4167,0.2778,0.1364,0.25,0.45,0.0625,0.4444,0.0625,0.0833,0.1111,0,0.0625,0.1667,0.5,0.0556,0.2,0.1,0.2727,0.5
"locus7621",0,0,0,0,0,0.0833,0.0556,0,0,0.4,0,0.3333,0,0,0,0,0,0,0,0,0.05,0,0,0
"locus7622",0.2917,0.125,0.5,0.1364,0.0714,0.0833,0.0556,0.5,0.0625,0,0.25,0.2778,0.1875,0.2083,0.1667,0.1667,0.3125,0.5,0.1667,0.0556,0.05,0,0,0.25
"locus7623",0.3333,0.375,0.3,0.4091,0.0714,0.4167,0.0556,0.1364,0.25,0.3,0.1875,0.4444,0.375,0.125,0.2778,0.3333,0.25,0.3333,0.1667,0.3333,0.3,0.25,0.3182,0.0417
"locus7624",0,0,0,0.1818,0,0.0417,0,0.1364,0.0625,0,0,0,0.0625,0,0,0.1667,0.0625,0,0,0,0.05,0,0,0
"locus7625",0,0.125,0.05,0,0.0714,0.125,0.1667,0,0,0.1,0.0625,0.1111,0,0.0833,0,0,0.0625,0.0556,0.0833,0,0,0,0.0909,0.125
"locus7626",0.0417,0.1875,0,0,0,0.3333,0,0,0.0625,0.4,0,0.3889,0,0,0,0,0,0,0,0,0,0,0.0455,0
"locus7627",0.0833,0.0625,0.05,0.1818,0,0,0.0556,0,0,0.1,0,0.1667,0.125,0.0417,0.1667,0,0.0625,0.0556,0,0,0.15,0.05,0,0.0417
"locus7628",0,0.1875,0,0,0,0,0,0,0.0625,0.05,0,0,0.0625,0,0,0,0.0625,0,0,0.0556,0.05,0,0,0.0417
"locus7629",0,0.125,0,0,0,0,0,0,0.0625,0.15,0.0625,0,0,0.0417,0,0,0,0,0,0,0.05,0,0.0455,0
"locus7630",0.0417,0.0625,0.05,0.0455,0,0,0,0.0455,0.1875,0.1,0.0625,0.0556,0,0,0,0,0,0,0,0,0.1,0,0.0455,0.0417
"locus7631",0.0417,0.125,0,0.0909,0,0.0833,0.0556,0.0455,0.125,0.05,0,0,0.0625,0.0417,0,0,0.0625,0.0556,0,0,0.1,0.05,0.2727,0
"locus7632",0.1667,0.375,0.05,0.1818,0.4286,0.4167,0.3333,0.0909,0.3125,0.15,0.4375,0,0.25,0.2917,0.1111,0.1667,0.1875,0.2222,0.4167,0.1111,0.1,0.3,0.2727,0.4583
"locus7633",0.375,0.25,0.35,0.2727,0.1429,0.0417,0.1111,0.2727,0.3125,0.05,0.5,0,0.3125,0.25,0.3333,0.5,0.25,0.4444,0.25,0.2222,0.35,0.35,0.3636,0.1667
"locus7634",0,0,0.05,0,0,0,0,0.2273,0,0,0,0,0,0.1667,0,0,0.125,0,0,0,0,0.2,0,0
"locus7635",0.3333,0,0.1,0,0,0,0.0556,0.1818,0,0.1,0.0625,0,0.375,0.5,0,0.1667,0.5,0.3333,0.25,0.3333,0,0.45,0.1364,0.0833
"locus7636",0.375,0,0,0.2727,0,0,0.1111,0.0909,0.25,0,0.125,0.1111,0,0,0.3889,0.1667,0.0625,0.1111,0,0.2778,0.2,0.15,0.2273,0.0417
"locus7637",0,0,0,0,0,0.0417,0.1667,0,0,0,0,0,0,0,0,0,0,0,0,0.0556,0,0,0.2273,0.375
"locus7638",0.125,0,0,0.0909,0,0.125,0.1111,0,0.0625,0,0.0625,0,0,0,0.2222,0,0.0625,0.1667,0,0.2778,0,0,0.0455,0
"locus7639",0.1667,0.5,0.4,0.5,0.2857,0.5,0.2222,0.2727,0.5,0.35,0.375,0.3889,0.375,0.0833,0.4444,0.3333,0.375,0.3333,0.5,0.3889,0.45,0.4,0.3182,0.4167
"locus7640",0,0.0625,0,0.1818,0.4286,0.2083,0.0556,0,0,0.15,0,0,0,0.2083,0,0,0.0625,0.1111,0,0,0,0,0.0909,0.0833
"locus7641",0.2083,0.375,0.4,0.4545,0,0.1667,0.3889,0.3182,0.375,0.35,0.5,0.4444,0.25,0.375,0.3333,0,0.375,0.1667,0.3333,0.4444,0.5,0.35,0.1818,0.3333
"locus7642",0,0,0.05,0,0,0.0417,0,0,0,0,0.125,0,0.0625,0.125,0,0.1667,0,0,0.0833,0.0556,0,0,0,0
"locus7643",0.3333,0.1875,0.05,0.3636,0.5,0.4583,0.1111,0.0455,0.375,0.25,0.3125,0.2778,0.125,0.0833,0.2222,0,0,0.1667,0.0833,0.3333,0.35,0.15,0.4545,0.2917
"locus7644",0.0833,0.0625,0,0,0,0.0417,0.1111,0.0455,0.125,0.2,0.0625,0.1111,0,0.0417,0,0,0.1875,0,0,0,0,0,0.0909,0.0417
"locus7645",0,0,0.1,0,0,0,0,0.1364,0,0,0,0,0,0.125,0,0,0.125,0,0,0,0,0.2,0,0
"locus7646",0.25,0.125,0.05,0.1818,0.2143,0.2917,0.2778,0.1364,0,0.35,0.0625,0.2222,0.1875,0.2083,0.3889,0,0.1875,0.1111,0.25,0,0.2,0.25,0.2273,0.125
"locus7647",0.0417,0,0.1,0.0455,0.1429,0,0,0.0909,0,0,0.125,0,0.0625,0.0417,0.0556,0.1667,0.0625,0,0.25,0,0.05,0.2,0.0455,0.25
"locus7648",0.0833,0.375,0.35,0.3182,0.0714,0.25,0.0556,0.0909,0.1875,0.05,0.25,0.0556,0.1875,0.4167,0.1667,0,0.3125,0.1111,0.1667,0.2778,0,0.15,0,0
"locus7649",0.375,0.0625,0.5,0.2727,0,0.0833,0.1667,0.2727,0.4375,0.05,0.25,0,0.4375,0.2917,0.2778,0.3333,0.3125,0.4444,0.25,0.2222,0.4,0.45,0.3182,0.125
"locus7650",0,0.25,0,0.3182,0.0714,0.4167,0.4444,0.0909,0.3125,0.35,0.4375,0.4444,0.1875,0.125,0,0,0.0625,0.0556,0.4167,0.1111,0,0.05,0.2273,0.1667
"locus7651",0.0417,0.0625,0.05,0.0455,0,0.125,0.0556,0.0909,0.0625,0.15,0.1875,0,0.125,0.2083,0.1111,0,0.1875,0.0556,0.0833,0.2222,0.15,0.2,0.0909,0.25
"locus7652",0,0,0,0,0.4286,0,0,0.0455,0,0,0,0,0.0625,0,0,0,0,0,0,0,0.05,0,0.3182,0.0417
"locus7653",0.4583,0.125,0.35,0.5,0,0,0.1111,0.4545,0.25,0.05,0.375,0,0.375,0.375,0.4444,0.3333,0.375,0.3889,0.25,0.3333,0.35,0.35,0.3636,0
"locus7654",0.4583,0.25,0.45,0.4091,0.4286,0.2917,0.3333,0.4545,0.375,0.25,0.5,0.4444,0.375,0.4167,0.5,0.3333,0.4375,0.4444,0.25,0.4444,0.5,0.4,0.4545,0.375
"locus7655",0.125,0.25,0.3,0.1818,0.2857,0.3333,0.1111,0.3636,0.4375,0.15,0.0625,0,0.3125,0.25,0,0.3333,0.4375,0.3889,0.3333,0,0,0.35,0.0909,0.2083
"locus7656",0.0417,0.0625,0,0.0455,0.1429,0.2083,0.0556,0.0909,0.0625,0.05,0,0,0.0625,0.125,0,0,0,0,0.0833,0,0.05,0,0.0455,0.1667
"locus7657",0,0.125,0,0.0455,0.2143,0.125,0,0,0.0625,0,0,0,0,0,0,0,0.1875,0.0556,0,0,0.05,0,0.0455,0.0417
"locus7658",0,0.0625,0,0.0455,0,0,0,0,0.0625,0.15,0,0,0.125,0.0417,0,0,0,0,0,0,0,0.15,0,0
"locus7659",0.0417,0.0625,0,0.0909,0.0714,0.125,0.1111,0,0.0625,0,0,0,0,0,0,0,0,0.0556,0,0.0556,0,0,0,0.4583
"locus7660",0,0,0.1,0,0,0.0833,0.1111,0.0455,0,0,0,0,0,0.1667,0,0.1667,0,0,0,0.0556,0,0,0.0455,0.0417
"locus7661",0.0833,0.125,0.05,0.1364,0.2143,0.2917,0.1111,0,0.125,0.15,0.0625,0.3333,0.1875,0.0417,0.0556,0.5,0.125,0.2778,0,0.2222,0.05,0,0.1364,0
"locus7662",0,0,0,0.0909,0,0,0.0556,0.0455,0,0,0,0,0.0625,0,0,0,0.0625,0.1111,0,0,0.1,0,0.0455,0.0833
"locus7663",0.4167,0.4375,0.5,0.4091,0.5,0.4583,0.1667,0.4545,0.3125,0.45,0.375,0.3889,0.3125,0.375,0.4444,0.5,0.4375,0.4444,0.3333,0.3889,0.4,0.45,0.5,0.3333
"locus7664",0.375,0.375,0.2,0.4545,0.1429,0.5,0.3333,0.4545,0.1875,0.4,0.3125,0.2222,0.3125,0.2083,0.3889,0.3333,0.25,0.5,0.25,0.4444,0.5,0.15,0.4545,0.4167
"locus7665",0,0.125,0,0,0,0.0833,0,0.0909,0.0625,0,0,0,0.0625,0.0833,0,0.1667,0.0625,0.1111,0.0833,0,0.05,0.1,0,0
"locus7666",0.0417,0.375,0.1,0.0455,0.0714,0.2083,0.1667,0.1364,0.125,0.25,0,0.4444,0.0625,0.25,0.0556,0.1667,0.1875,0.0556,0.0833,0.4444,0.05,0.1,0.1818,0.375
"locus7667",0,0.0625,0.05,0,0.0714,0.125,0,0,0,0.1,0,0.1667,0,0.0833,0,0,0.0625,0,0,0,0,0,0,0.2083
"locus7668",0,0.0625,0.05,0,0,0.0417,0.2222,0,0.0625,0,0.125,0,0.0625,0,0.1111,0,0,0,0,0,0.05,0,0.0455,0.0417
"locus7669",0.125,0,0,0,0,0,0,0,0.0625,0.05,0,0,0,0.0417,0.0556,0,0,0,0.1667,0,0.05,0.05,0,0
"locus7670",0.2917,0,0,0.5,0.0714,0.0417,0,0.0909,0,0,0,0,0.125,0.0417,0.3889,0,0.0625,0.1111,0,0.3889,0.3,0.1,0.3636,0.125
"locus7671",0.125,0,0,0.0455,0,0.0417,0,0,0,0.05,0,0,0.0625,0,0,0.1667,0,0,0,0.0556,0,0,0,0.25
"locus7672",0.3333,0,0,0.1364,0,0,0,0,0.125,0,0.3125,0,0.125,0.0417,0.4444,0.1667,0.0625,0.0556,0.25,0.1111,0.25,0.05,0.1364,0
"locus7673",0.125,0.1875,0.05,0.4545,0.0714,0.1667,0,0,0,0.3,0,0.3333,0.0625,0.125,0.1667,0.1667,0.0625,0.1111,0,0.1111,0.25,0.05,0.0455,0.0417
"locus7674",0.25,0.25,0.2,0.4091,0.3571,0.1667,0.2222,0.1364,0.125,0.45,0.1875,0.4444,0,0.2083,0.0556,0.1667,0.0625,0.1111,0.5,0.1111,0.3,0.1,0.3182,0.375
"locus7675",0,0.125,0.05,0,0.3571,0.2083,0,0,0,0.25,0,0.2778,0,0.0417,0,0,0,0,0,0,0.05,0,0.0909,0.0417
"locus7676",0.0417,0,0,0.0455,0,0,0,0,0,0.1,0,0,0.125,0,0,0,0,0.0556,0,0.0556,0,0,0.0909,0
"locus7677",0,0.0625,0.1,0.0455,0.0714,0.0417,0.0556,0.0455,0.0625,0.2,0,0.1111,0.0625,0.1667,0.1667,0,0,0,0.1667,0.0556,0.1,0,0.0909,0
"locus7678",0,0.125,0,0,0,0,0.0556,0.0455,0,0,0.125,0.1111,0,0,0.2222,0,0.0625,0.2778,0,0,0.1,0.05,0,0
"locus7679",0,0.125,0,0.0909,0,0.0417,0,0,0.125,0.2,0,0,0,0,0,0,0,0,0,0,0.1,0,0,0
"locus7680",0.375,0.3125,0.45,0.4091,0.5,0.2083,0.4444,0.4545,0.3125,0.05,0.5,0.0556,0.5,0.3333,0.2222,0.3333,0.5,0.4444,0.5,0.4444,0.25,0.5,0.2273,0.4167
"locus7681",0.125,0.125,0.35,0.0909,0,0.125,0.3333,0.2273,0,0.05,0.0625,0,0.0625,0.2083,0.0556,0,0.25,0.2778,0.5,0.0556,0.1,0.2,0.1364,0.375
"locus7682",0.0833,0.25,0.35,0.4545,0.4286,0.4167,0.3889,0.2273,0.5,0.3,0.25,0.3889,0.1875,0.4583,0,0.5,0.375,0.1111,0,0.2222,0.05,0.2,0.2727,0.4167
"locus7683",0,0,0,0.0455,0,0,0,0.0909,0,0,0,0.0556,0,0.1667,0.0556,0.1667,0.125,0,0,0.0556,0.05,0.05,0.0455,0.0417
"locus7684",0,0,0,0.0455,0,0.1667,0.0556,0,0,0.15,0.125,0,0.125,0,0,0.1667,0,0,0,0,0,0,0.1364,0.25
"locus7685",0.0417,0.0625,0,0.0455,0,0.0417,0,0.0455,0,0,0,0,0,0.0417,0.1667,0,0.0625,0.0556,0.0833,0.1111,0.1,0,0.0455,0.0417
"locus7686",0,0,0,0.2273,0,0,0,0,0,0,0,0,0.0625,0,0.0556,0,0,0,0,0.2778,0.2,0.05,0,0
"locus7687",0.3333,0.1875,0.5,0.5,0.3571,0.125,0.3333,0.5,0.1875,0.25,0.375,0,0.5,0.4583,0.3333,0.3333,0.3125,0.3889,0.4167,0.3889,0.4,0.4,0.4545,0.375
"locus7688",0.0417,0.125,0.05,0,0,0.125,0,0,0.0625,0.45,0.0625,0.3333,0.0625,0,0,0,0,0,0,0,0.05,0,0.0455,0
"locus7689",0.125,0,0.1,0,0,0,0,0.0455,0.0625,0.05,0.0625,0,0.25,0.0417,0,0,0.1875,0.0556,0,0,0.1,0.05,0.0909,0
"locus7690",0,0.1875,0,0.0909,0,0.25,0.0556,0,0.0625,0.4,0.125,0.3889,0,0,0.1111,0,0.0625,0.0556,0,0,0.1,0,0.0455,0
"locus7691",0,0,0,0.0455,0.3571,0.3333,0.0556,0,0,0.25,0,0.5,0,0.0417,0,0,0.125,0,0.25,0,0,0,0.0455,0.2083
"locus7692",0,0.125,0,0,0.2857,0.3333,0,0,0,0.5,0,0.1111,0,0,0,0,0,0,0,0,0,0,0.0909,0.0417
"locus7693",0.3333,0,0,0,0,0,0,0,0,0,0.0625,0,0,0.125,0.0556,0.1667,0,0,0,0,0.1,0.2,0,0
"locus7694",0.0417,0.0625,0.05,0.0909,0,0.1667,0,0.0455,0.0625,0.05,0,0.1111,0.125,0,0.2778,0.1667,0,0.2778,0,0,0.05,0.25,0.0455,0
"locus7695",0,0.0625,0.05,0,0,0.0833,0.1667,0,0,0.05,0,0.0556,0,0,0,0,0.125,0,0,0.0556,0,0,0.0455,0.0833
"locus7696",0.0833,0.0625,0.05,0,0,0,0,0,0,0.05,0,0,0,0.0833,0.1111,0,0,0,0,0,0,0.05,0.0909,0
"locus7697",0,0.25,0.05,0,0,0.0417,0.0556,0,0.1875,0.05,0.0625,0.1111,0,0.125,0,0,0,0,0,0,0,0,0,0
"locus7698",0.2083,0.125,0.25,0.4091,0.5,0.3333,0.2778,0.4545,0.25,0.35,0.375,0.2222,0.375,0.2917,0.2778,0.1667,0.1875,0.2778,0.1667,0.2222,0.35,0.3,0.4545,0.4167
"locus7699",0.1667,0.0625,0,0.0909,0,0,0,0.0455,0.125,0,0.0625,0,0.125,0,0,0.1667,0.0625,0.1667,0,0,0.05,0.1,0,0.0417
"locus7700",0,0,0,0,0.1429,0,0.2222,0,0,0,0,0,0,0,0,0,0,0,0.0833,0.0556,0,0.05,0.0909,0.125
"locus7701",0,0,0,0,0.0714,0,0,0.0455,0.0625,0,0,0,0,0.0417,0.1111,0.1667,0,0.0556,0.0833,0,0,0.05,0,0.0417
"locus7702",0.0417,0.0625,0,0,0.1429,0,0.1667,0.0455,0,0,0,0,0.125,0.0833,0,0,0.0625,0,0,0,0,0.1,0,0
"locus7703",0.125,0.125,0,0,0,0,0.0556,0,0,0,0.0625,0.0556,0.1875,0.125,0,0,0.0625,0,0,0.0556,0,0,0,0
"locus7704",0,0.125,0,0.0455,0,0.0417,0.2222,0,0,0,0.125,0,0,0.125,0,0,0.125,0.0556,0.0833,0.0556,0,0,0,0.0833
"locus7705",0,0.125,0.05,0,0,0.125,0.0556,0.0455,0.0625,0.1,0.25,0.0556,0.125,0.25,0.1111,0.3333,0.1875,0.1111,0.0833,0.0556,0.05,0.1,0.0909,0.125
"locus7706",0.125,0,0.05,0,0,0,0,0.1364,0,0.1,0,0,0.125,0.0833,0,0.1667,0.1875,0,0,0.0556,0,0,0.0909,0
"locus7707",0.3333,0.1875,0.2,0.3636,0.1429,0.125,0.3889,0.2727,0.3125,0.45,0.375,0.2778,0.5,0.2917,0.4444,0.3333,0.25,0.3889,0.1667,0.3889,0.4,0.2,0.3636,0.375
"locus7708",0.25,0,0.2,0.4091,0.0714,0.0833,0.2222,0.1818,0,0.1,0.25,0,0.25,0.4583,0.2778,0.5,0.375,0.2222,0.3333,0.1111,0.4,0.15,0.1364,0.2083
"locus7709",0.125,0.375,0.1,0.1364,0.2857,0.3333,0.3889,0.1364,0.125,0.4,0.375,0.2778,0.1875,0.2917,0.2778,0.1667,0.1875,0.2778,0.25,0.3333,0.1,0.2,0.3182,0.4583
"locus7710",0.0417,0.1875,0.05,0,0,0.25,0.0556,0,0.0625,0.25,0.0625,0.3333,0.0625,0.0417,0,0,0.125,0,0,0.0556,0,0.05,0.0909,0
"locus7711",0,0,0,0,0,0.125,0,0.0909,0,0,0,0,0.125,0,0,0,0,0,0,0.3333,0,0,0,0.0417
"locus7712",0,0.125,0.1,0,0,0.0833,0,0,0,0.05,0,0,0,0.0417,0,0,0.0625,0.0556,0,0.0556,0,0.05,0,0.0417
"locus7713",0,0.0625,0.05,0,0,0,0,0,0,0.2,0,0.0556,0,0,0,0,0,0,0,0.2778,0,0.2,0,0.1667
"locus7714",0,0,0,0,0,0,0.0556,0,0,0.05,0.0625,0,0,0.0833,0,0.1667,0,0,0.0833,0,0.05,0,0,0.0833
"locus7715",0.1667,0.125,0,0.0455,0,0,0.0556,0.1364,0.125,0,0,0.0556,0.125,0.0417,0,0,0,0.2222,0.1667,0,0.05,0,0,0
"locus7716",0.4167,0.4375,0.3,0.5,0.0714,0.375,0.2222,0.2273,0.3125,0.3,0.375,0.2222,0.375,0.5,0.2222,0.5,0.4375,0.1667,0.1667,0.4444,0.45,0.4,0.4545,0.25
"locus7717",0,0,0,0,0,0,0.1667,0.1364,0,0,0,0,0.25,0,0,0,0.125,0.0556,0,0,0,0,0,0.0417
"locus7718",0.0417,0,0.05,0.0909,0,0,0,0.0455,0,0,0.0625,0,0.0625,0.0417,0.2222,0,0.0625,0.0556,0,0.3333,0.15,0.1,0.1364,0.0417
"locus7719",0.0833,0,0,0.1364,0.0714,0,0.0556,0,0.0625,0,0,0,0.0625,0,0,0,0,0,0,0,0.2,0,0,0
"locus7720",0.1667,0.125,0,0,0,0.0833,0.0556,0.0455,0,0.15,0,0.0556,0,0,0.0556,0,0.125,0,0,0.3889,0.15,0,0.4545,0
"locus7721",0.2083,0.0625,0,0.1364,0,0,0.0556,0.1364,0,0.05,0.0625,0,0.125,0.125,0.2222,0.3333,0,0,0.0833,0.0556,0.05,0.1,0.1364,0
"locus7722",0,0,0,0,0.4286,0.0417,0.2778,0,0,0,0,0,0,0,0,0,0,0,0,0.0556,0.05,0,0.0455,0.2083
"locus7723",0,0,0.05,0,0,0,0.1667,0.0455,0,0,0.0625,0,0,0.0417,0,0,0.0625,0.0556,0,0,0,0.05,0,0.0417
"locus7724",0.0833,0.0625,0,0.0909,0,0.0417,0.0556,0.0455,0.0625,0,0.125,0,0.125,0.125,0,0,0.0625,0.0556,0.0833,0,0.1,0.05,0,0
"locus7725",0.0417,0.125,0.5,0.0455,0.2857,0.2917,0.5,0.3182,0,0.05,0.4375,0,0.4375,0.5,0,0.1667,0.5,0.0556,0.5,0.0556,0.05,0.5,0.1364,0.5
"locus7726",0.25,0.1875,0.1,0.3636,0,0.125,0.1111,0,0.125,0.05,0.0625,0.1111,0.0625,0.0417,0.2222,0,0.0625,0,0.1667,0.3889,0.35,0.05,0.1818,0.0417
"locus7727",0.0417,0,0,0.0455,0,0.0417,0,0.0455,0,0,0,0,0,0.0833,0,0.1667,0,0.1111,0,0.2778,0,0,0,0
"locus7728",0.2917,0.375,0.2,0.4545,0.2143,0.4167,0.1111,0.1364,0.1875,0.3,0.125,0.3333,0.125,0.25,0.0556,0.5,0.1875,0,0.3333,0.3889,0.45,0.05,0.3182,0.0833
"locus7729",0.0417,0.125,0,0,0.0714,0.0417,0,0,0,0.05,0,0.0556,0.0625,0,0,0,0.0625,0,0,0,0,0,0.0455,0.1667
"locus7730",0,0,0,0,0,0,0,0.1364,0.0625,0,0,0,0,0.0833,0,0,0.0625,0,0.1667,0,0,0.15,0,0.0417
"locus7731",0.4167,0.1875,0.4,0.5,0,0.0417,0.1667,0.3636,0.375,0.15,0.5,0.0556,0.5,0.5,0.4444,0.1667,0.5,0.2778,0.1667,0.4444,0.15,0.4,0.2727,0
"locus7732",0.3333,0.4375,0.2,0.4091,0.2143,0.4167,0.3333,0.3182,0.4375,0.45,0.1875,0.2778,0.3125,0.2083,0.2222,0,0.25,0.3333,0.3333,0.3889,0.25,0.4,0.3636,0.1667
"locus7733",0.4167,0.375,0.5,0.4545,0.3571,0.2917,0.4444,0.5,0.4375,0.2,0.375,0.4444,0.5,0.4583,0.2778,0.5,0.375,0.4444,0.4167,0.4444,0.45,0.4,0.4545,0.1667
"locus7734",0.0417,0,0,0,0.0714,0,0,0.0455,0.125,0,0,0,0,0,0,0,0.25,0,0,0,0,0,0.0455,0.0417
"locus7735",0.2083,0,0.1,0,0,0.0833,0.0556,0.0455,0,0,0.0625,0,0,0,0.1111,0.3333,0,0.1111,0.0833,0.3333,0.05,0,0.0909,0
"locus7736",0,0,0.1,0.0455,0,0,0,0.0455,0,0,0.0625,0.0556,0.0625,0,0.0556,0,0,0.0556,0,0,0.05,0.05,0.0455,0
"locus7737",0.1667,0,0.05,0.2273,0,0,0.0556,0,0,0,0,0,0,0,0,0,0.0625,0,0,0.3889,0,0,0.0455,0
"locus7738",0,0.1875,0.05,0,0.4286,0.0833,0.2778,0.0455,0,0.35,0,0.4444,0,0,0.1667,0,0.0625,0.1111,0,0,0.1,0,0.3182,0.375
"locus7739",0.0417,0.0625,0,0.0909,0,0,0.1111,0.0455,0,0,0,0,0,0.0833,0.1667,0.1667,0,0,0,0,0.1,0.05,0.2273,0
"locus7740",0.25,0,0.15,0.0455,0,0.0417,0.0556,0.0909,0,0.05,0.3125,0.1111,0.0625,0.0833,0.2778,0,0.0625,0.3889,0.0833,0.2222,0.4,0.05,0.1818,0
"locus7741",0.0417,0,0.25,0,0,0,0.0556,0.0909,0,0,0,0,0,0.1667,0,0.1667,0.0625,0,0,0,0.05,0,0,0.0417
"locus7742",0,0.0625,0.05,0,0,0.1667,0.1667,0.0455,0.1875,0.1,0.0625,0.2222,0,0,0,0,0.0625,0,0.0833,0.0556,0.15,0.15,0.1364,0.25
"locus7743",0.0833,0,0.05,0,0,0,0,0.0455,0,0,0,0,0.0625,0.0833,0.1667,0,0,0.1111,0,0,0.15,0,0,0
"locus7744",0.1667,0.1875,0.15,0,0,0.0417,0.1111,0.0909,0,0,0.0625,0,0,0.1667,0,0.5,0,0,0,0.0556,0.05,0.05,0.0909,0.0833
"locus7745",0.0833,0,0.05,0.0909,0,0,0.0556,0,0,0.05,0,0,0,0.0417,0.0556,0,0.25,0,0,0.0556,0,0,0,0.0417
"locus7746",0,0.0625,0.1,0.0455,0,0,0,0.1818,0.0625,0.05,0,0,0,0.0833,0,0,0.0625,0,0,0,0,0.05,0,0
"locus7747",0.1667,0,0.1,0,0,0.0833,0.1111,0,0.0625,0,0,0,0.0625,0.125,0.1111,0,0.125,0.0556,0,0.1667,0,0,0,0
"locus7748",0.1667,0,0,0,0.0714,0,0.1111,0.0909,0.1875,0,0.0625,0,0.125,0,0.1111,0,0.125,0.0556,0.0833,0.1111,0,0,0.1818,0.2083
"locus7749",0.0417,0.0625,0.05,0.0455,0,0,0,0.0909,0,0.05,0,0.0556,0,0.0417,0,0,0.1875,0,0,0,0,0.1,0,0
"locus7750",0,0,0.05,0,0,0,0.1111,0.0909,0.0625,0,0.0625,0,0.0625,0,0,0,0,0.0556,0.0833,0,0,0.05,0.0909,0
"locus7751",0.5,0,0,0.0455,0,0,0,0,0,0,0.25,0,0,0.0417,0.1111,0.1667,0,0.0556,0.0833,0.3333,0.1,0.05,0.1364,0
"locus7752",0.125,0.3125,0.35,0.1364,0.3571,0,0.4444,0.1818,0,0,0.5,0,0.4375,0.2917,0.0556,0.5,0.25,0.1667,0.25,0.0556,0.2,0.25,0.0909,0.4167
"locus7753",0.2917,0.3125,0.4,0.3636,0.4286,0.4167,0.4444,0.3182,0.25,0.45,0.375,0.1111,0.375,0.5,0.2778,0.3333,0.4375,0.5,0.25,0.1667,0.35,0.35,0.3636,0.375
"locus7754",0,0,0.05,0,0.0714,0.0417,0.0556,0.1818,0,0,0.125,0,0,0.0417,0,0,0.125,0,0,0,0.05,0.1,0,0.0417
"locus7755",0.0833,0,0,0,0,0,0,0.0455,0,0.05,0.0625,0,0.0625,0,0.1111,0,0,0,0,0.1667,0.05,0,0.1364,0
"locus7756",0.0417,0.0625,0,0.0455,0,0,0.0556,0.0455,0,0.05,0,0.1111,0.125,0,0.1111,0.1667,0,0,0,0,0,0,0.0455,0
"locus7757",0.0417,0.0625,0,0,0,0.0833,0,0.0455,0,0.4,0,0.2778,0,0,0,0,0,0,0,0,0,0,0,0
"locus7758",0.125,0.1875,0.1,0.1364,0.1429,0.0417,0.0556,0.1364,0,0,0.0625,0.0556,0.0625,0.0417,0,0,0.125,0,0,0.1667,0,0,0,0.2083
"locus7759",0.0833,0,0,0.1818,0,0,0.0556,0,0.0625,0,0,0,0.125,0,0,0,0.0625,0,0,0,0.05,0,0.0455,0.0417
