"chi^2","df","Pr(chi^2 >)"
7.3185652700206,1,0.00682458730352686
0.235327203893997,1,0.627601614814355
0.201969196978914,1,0.653136040111586
0.420383286483248,1,0.516745853714097
0.171296296296296,1,0.678962308510818
0.171296296296296,1,0.678962308510818
4.25609467455621,1,0.0391097343729656
0.790323591230398,1,0.374002296559102
1.25076655195258,1,0.263406120513285
1.52666270077335,1,0.216614005669275
0.271406914763558,1,0.602389559742499
2.35658402203857,1,0.124755105718347
3.65569125868899,1,0.0558779631257278
38.7693493960448,1,4.7695869476172e-10
0.310245436282645,1,0.577529614887739
0.0844744624455217,1,0.771322910488903
0.430953337908048,1,0.511521530290964
51.4280286487903,1,7.4273920347423e-13
0.637926641677079,1,0.424462588936614
0.351880392038568,1,0.553050611047318
1.89086110140624,1,0.169104829930854
0.493948024207903,1,0.482171447122277
12.4016858630481,1,0.000428946414710363
0.201969196978914,1,0.653136040111586
0.89959016954753,1,0.342891625516222
0.328907265777527,1,0.566303239095915
0.562145445673868,1,0.453397099254811
0.547155575675268,1,0.459482259102442
8.27046767646239,1,0.0040295125395825
0.662589355735975,1,0.415647289013008
8.41161453397964,1,0.00372831410877072
1.89086110140624,1,0.169104829930854
0.356550569124168,1,0.5504282303086
0.000207239375481332,1,0.988514201351109
2.93340603304599,1,0.0867642662182807
16.9486673384404,1,3.84042694401288e-05
0.117861921043131,1,0.731365077864628
0.201969196978914,1,0.653136040111586
10.6530683329583,1,0.0010988845121257
0.945560110803324,1,0.330852013654346
2.42325685007797,1,0.119546156842897
1.16572148708254,1,0.280282106923824
0.858908907763101,1,0.354044206183144
2.96971244414926,1,0.0848369332647847
4.57487605452343,1,0.0324440929206896
0.379830991735537,1,0.537693700581959
0.858908907763101,1,0.354044206183144
0.396349930569331,1,0.528980350898716
0.724897959183674,1,0.394541974238978
1.87644015196635e-06,1,0.998907032408888
7.32099777092729,1,0.00681535641106756
1.58648953129982,1,0.207828399700933
0.235327203893997,1,0.627601614814355
4.8159365422751,1,0.0281977448743406
26.6288826916067,1,2.46530619474328e-07
53.3865105010405,1,2.74003042477489e-13
1.8745945945946,1,0.170949781269857
9.31582493724366,1,0.00227183070441339
0.310245436282645,1,0.577529614887739
0.890231761525786,1,0.345414510466416
0.858908907763101,1,0.354044206183144
0.0796315426997244,1,0.777797354840176
0.235327203893997,1,0.627601614814355
0.171296296296296,1,0.678962308510818
1.89086110140624,1,0.169104829930854
2.33095269738138,1,0.126824237123489
8.77090055296568,1,0.00306074290985692
0.30515606632555,1,0.580667940721855
19.8845618751402,1,8.22619465223884e-06
16.1685970833909,1,5.7946829910005e-05
0.396349930569331,1,0.528980350898716
13.3716050919168,1,0.00025546262977294
9.31582493724366,1,0.00227183070441339
21.6376157978442,1,3.29329439097137e-06
0.776288635662379,1,0.378278615730209
6.1862628852939,1,0.012874578754312
1.08405864421542,1,0.297791380623621
1.43118972774255,1,0.231570372408945
1.6417243689971,1,0.200089041949775
0.396349930569331,1,0.528980350898716
0.00648648648648644,1,0.935808796863444
7.3185652700206,1,0.00682458730352686
27.4497527076601,1,1.61229486983494e-07
0.593976061244362,1,0.440885706122744
0.117861921043131,1,0.731365077864628
0.212687074829932,1,0.6446694053273
0.235327203893997,1,0.627601614814355
2.89289403299574,1,0.0889709747745451
0.443692733564014,1,0.505345494078554
12.1252625731145,1,0.000497433268397685
0.201969196978914,1,0.653136040111586
5.28940738709423,1,0.021455520011046
0.0390717556627787,1,0.843306574747948
0.79959238983084,1,0.37121526620304
2.93340603304599,1,0.0867642662182807
3.08463188255799,1,0.0790351473947583
0.01952280967986,1,0.888878024977594
0.858908907763101,1,0.354044206183144
0.235327203893997,1,0.627601614814355
0.0116163360082326,1,0.914170916154567
5.06927407407408,1,0.024353580274053
1.38820426837076,1,0.238708589898094
4.09283560800645,1,0.0430653352906427
0.726694854902263,1,0.393956617013521
3.11148475023635,1,0.0777420610804642
7.65081234094755,1,0.00567467625158713
0.787136776859504,1,0.374967307867984
0.351880392038568,1,0.553050611047318
9.09210221387363,1,0.00256715626785331
1.33993585044589,1,0.24704528143187
1.919758943711,1,0.16588323667367
0.0176977040816326,1,0.894167505169529
0.0176977040816326,1,0.894167505169529
1.33924026769724,1,0.247167992967929
6.84856067162685,1,0.00887127132366794
0.420383286483248,1,0.516745853714097
0.00338576258244157,1,0.953599431915394
0.310245436282645,1,0.577529614887739
0.132007631322145,1,0.716359472655046
1.16572148708254,1,0.280282106923824
1.61741445792653,1,0.203452681704904
1.33993585044589,1,0.24704528143187
0.171296296296296,1,0.678962308510818
0.305492006098815,1,0.580459735920054
0.142320096928473,1,0.705985329829655
0.143272405314445,1,0.705049230089236
46.0578938569757,1,1.14809273199512e-11
0.396349930569331,1,0.528980350898716
0.201969196978914,1,0.653136040111586
0.89959016954753,1,0.342891625516222
0.0973200537620115,1,0.755069689818882
0.603355719772691,1,0.437300523775819
0.356550569124168,1,0.5504282303086
6.76795162509448,1,0.00928092966382954
8.04362857491967,1,0.0045663975718957
62.6924384180347,1,2.44249065417534e-15
0.271406914763558,1,0.602389559742499
8.904912151279,1,0.00284404559884865
1.00573224852071,1,0.315927435597613
0.171296296296296,1,0.678962308510818
18.4728839278787,1,1.72338935413574e-05
1.85948142070688,1,0.17268466367651
3.0709991847886,1,0.0797004712279754
1.00573224852071,1,0.315927435597613
5.9823223617361,1,0.0144499627450774
0.351880392038568,1,0.553050611047318
1.919758943711,1,0.16588323667367
0.858908907763101,1,0.354044206183144
0.00397899174639333,1,0.949703397704659
0.0024276685983035,1,0.960703029593357
3.28276681761342,1,0.0700108102438477
0.722261169761523,1,0.395403204655725
5.65434627667529,1,0.0174121639776863
5.09370890780577,1,0.0240127830304949
2.35658402203857,1,0.124755105718347
22.0020576131687,1,2.72358326558475e-06
21.239025388384,1,4.05425041150043e-06
0.212687074829932,1,0.6446694053273
4.29939887221946,1,0.0381258468406346
0.785746046248811,1,0.375389535239207
0.271406914763558,1,0.602389559742499
3.53040084635122,1,0.060253219659596
0.396349930569331,1,0.528980350898716
0.201969196978914,1,0.653136040111586
0.271406914763558,1,0.602389559742499
1.00573224852071,1,0.315927435597613
2.05860082304527,1,0.151349086158636
0.117861921043131,1,0.731365077864628
0.420383286483248,1,0.516745853714097
1.20101096931091,1,0.273119711702692
3.14625850340136,1,0.0761012727344652
0.493948024207903,1,0.482171447122277
0.735192239231043,1,0.391205341460776
0.000404311932119307,1,0.98395760976515
52.6257825816752,1,4.03566069451244e-13
0.212687074829932,1,0.6446694053273
30.858365896864,1,2.77562999251302e-08
6.80523002638111,1,0.00908912437082388
3.18605897441198,1,0.0742688606886459
5.01413683525822,1,0.0251411603979099
0.123035396020066,1,0.725765393926298
0.724897959183674,1,0.394541974238978
1.52666270077335,1,0.216614005669275
0.647149851768954,1,0.421133528749737
5.92528948463478,1,0.0149250861052527
0.493948024207903,1,0.482171447122277
2.6803749990032,1,0.101591802741871
3.14625850340136,1,0.0761012727344652
0.143272405314445,1,0.705049230089236
20.3282788094738,1,6.52293660685643e-06
0.858908907763101,1,0.354044206183144
1.00573224852071,1,0.315927435597613
0.46232520786092,1,0.496539284526448
3.67053260930195,1,0.0553824838323762
0.171296296296296,1,0.678962308510818
1.62395589926631,1,0.202541074969305
3.49286430081918,1,0.0616338584278364
0.235327203893997,1,0.627601614814355
0.00338576258244157,1,0.953599431915394
0.00505436726694323,1,0.943322885010434
8.40011901251784,1,0.00375196445369419
0.493948024207903,1,0.482171447122277
0.603355719772691,1,0.437300523775819
0.724897959183674,1,0.394541974238978
1.21574288776475,1,0.27019773285525
0.300856780582055,1,0.583345794245816
1.51165618878881,1,0.218886540501116
6.85591951096089,1,0.00883480781943613
0.0578620844527779,1,0.809907480162082
0.166189236780283,1,0.683521001292311
0.493948024207903,1,0.482171447122277
1.83471074380165,1,0.175572147774272
0.443692733564014,1,0.505345494078554
0.0236230735696108,1,0.877847866005715
0.529089218178437,1,0.466990022912779
0.271406914763558,1,0.602389559742499
0.271406914763558,1,0.602389559742499
0.351880392038568,1,0.553050611047318
83.1424720637064,1,0
23.6878220783791,1,1.13297194292983e-06
0.212687074829932,1,0.6446694053273
0.602543203366476,1,0.437609320706139
0.201969196978914,1,0.653136040111586
3.56819903837652,1,0.0588961545133814
2.91199649353495,1,0.0879229712259635
0.603355719772691,1,0.437300523775819
0.10280396887725,1,0.748490360617514
0.662589355735975,1,0.415647289013008
23.9141185361336,1,1.00730304952723e-06
0.443692733564014,1,0.505345494078554
0.0426953767040827,1,0.836299925768028
0.420383286483248,1,0.516745853714097
5.82384332076543,1,0.0158103614179939
6.78098130455728,1,0.00921342238653211
2.42325685007797,1,0.119546156842897
0.237088299372037,1,0.626317053257915
3.03201378156399,1,0.0816366360784286
0.0495244891692664,1,0.823892773099783
0.930697168883598,1,0.334681831689834
0.310245436282645,1,0.577529614887739
4.07897645881437,1,0.0434199532096321
0.171296296296296,1,0.678962308510818
56.6345532892847,1,5.25135490647699e-14
0.00338576258244157,1,0.953599431915394
2.96553117345522,1,0.0850565186060117
31.3916478468254,1,2.10886129670129e-08
4.4480631950834,1,0.0349408534189957
0.866045059624084,1,0.352052535234871
5.63138340298182,1,0.017641703462953
64.5057494496777,1,9.99200722162641e-16
0.662589355735975,1,0.415647289013008
2.55270800554723,1,0.110105388781717
0.547155575675268,1,0.459482259102442
0.860687679060653,1,0.353546321039079
7.3185652700206,1,0.00682458730352686
3.7470213983514,1,0.0529017035049562
2.93340603304599,1,0.0867642662182807
0.00733875483152095,1,0.931731507298743
1.83471074380165,1,0.175572147774272
10.2379953961227,1,0.00137577018283275
3.65569125868899,1,0.0558779631257278
5.84518333926664,1,0.0156197464435329
18.0574236961919,1,2.14341242606997e-05
62.6034720570749,1,2.55351295663786e-15
0.0176977040816326,1,0.894167505169529
0.310245436282645,1,0.577529614887739
0.171296296296296,1,0.678962308510818
0.117861921043131,1,0.731365077864628
0.790323591230398,1,0.374002296559102
4.36481871148532,1,0.036688386788749
3.76515310857963,1,0.0523310669211963
1.89086110140624,1,0.169104829930854
0.0116163360082326,1,0.914170916154567
0.117861921043131,1,0.731365077864628
0.616905919230779,1,0.432199394897541
0.235327203893997,1,0.627601614814355
0.30515606632555,1,0.580667940721855
1.16572148708254,1,0.280282106923824
0.139944684753448,1,0.708336009315603
16.0129959183673,1,6.29091695094619e-05
0.171296296296296,1,0.678962308510818
0.310245436282645,1,0.577529614887739
5.69031156980253,1,0.0170588255664752
22.0020576131687,1,2.72358326558475e-06
2.25314511339963,1,0.133343145669134
0.0337449331813308,1,0.854250425006006
0.235327203893997,1,0.627601614814355
0.396349930569331,1,0.528980350898716
5.756818526742,1,0.0164247860778469
0.511353865600786,1,0.474553364645714
38.3855760838606,1,5.8059945740041e-10
0.117861921043131,1,0.731365077864628
0.0578620844527779,1,0.809907480162082
0.271406914763558,1,0.602389559742499
4.87741107960321,1,0.0272104021565627
1.96518383628165,1,0.160959999879863
0.201969196978914,1,0.653136040111586
0.396349930569331,1,0.528980350898716
1.08405864421542,1,0.297791380623621
3.41626021470918,1,0.064557104781875
1.16253536903109,1,0.280940347168996
0.0438969983488722,1,0.834045364220821
1.62159444307447,1,0.20286960851126
0.396349930569331,1,0.528980350898716
9.52561224489796,1,0.00202623979645955
7.58196724593686,1,0.00589550653981752
0.310245436282645,1,0.577529614887739
0.493948024207903,1,0.482171447122277
91.4353253162996,1,0
0.711640797431255,1,0.398899644492822
0.201969196978914,1,0.653136040111586
2.99366063876209,1,0.0835910078163373
0.310245436282645,1,0.577529614887739
0.143272405314445,1,0.705049230089236
0.420383286483248,1,0.516745853714097
0.662589355735975,1,0.415647289013008
0.547155575675268,1,0.459482259102442
1.19304944956149,1,0.274715308096422
5.96389137940984,1,0.0146017785231044
0.235327203893997,1,0.627601614814355
11.2577995693698,1,0.000792891466704804
6.70920232290165,1,0.00959166208111351
1.09621621621622,1,0.295097988793095
8.41161453397964,1,0.00372831410877072
0.351880392038568,1,0.553050611047318
0.271406914763558,1,0.602389559742499
41.6408229614551,1,1.09679043625022e-10
1.8256323382799,1,0.176644304214871
24.2906037958412,1,8.28421913623423e-07
3.02775205927143,1,0.0818513458131183
5.78316986927907,1,0.016180335360053
0.201969196978914,1,0.653136040111586
0.235327203893997,1,0.627601614814355
7.65081234094755,1,0.00567467625158713
0.724897959183674,1,0.394541974238978
8.41161453397964,1,0.00372831410877072
9.09210221387363,1,0.00256715626785331
0.662589355735975,1,0.415647289013008
10.7233425914745,1,0.00105792387322468
0.443692733564014,1,0.505345494078554
8.39769369017761,1,0.00375697365928285
9.17112829664882,1,0.00245862943820296
5.756818526742,1,0.0164247860778469
0.143272405314445,1,0.705049230089236
9.0372474839479,1,0.00264533632996133
2.6803749990032,1,0.101591802741871
1.20101096931091,1,0.273119711702692
8.59509884409442,1,0.00337068917712913
1.10437863194007,1,0.29330718183043
53.2875996576731,1,2.88102874890228e-13
19.8434274624883,1,8.40512290389839e-06
0.890231761525786,1,0.345414510466416
7.4282493749398,1,0.00642077757178117
0.396349930569331,1,0.528980350898716
5.93949967640903,1,0.0148052208887809
11.2647049346621,1,0.00078994735839566
60.5085023657453,1,7.32747196252603e-15
0.139944684753448,1,0.708336009315603
0.0236230735696108,1,0.877847866005715
0.89959016954753,1,0.342891625516222
0.310245436282645,1,0.577529614887739
0.569580254176227,1,0.450425760402492
5.44553894523172,1,0.0196183612923074
0.000207239375481332,1,0.988514201351109
0.439147895572128,1,0.507534016834395
1.62570764163294,1,0.202297771439771
2.35658402203857,1,0.124755105718347
0.111788703935803,1,0.738116839546706
0.162162162162162,1,0.687173618309648
0.396349930569331,1,0.528980350898716
0.493948024207903,1,0.482171447122277
0.956994184266911,1,0.327945354552966
8.78742026733358,1,0.00303314874780103
2.64514090547578,1,0.103866947276561
0.0856905766752664,1,0.769728897825661
0.858908907763101,1,0.354044206183144
0.171296296296296,1,0.678962308510818
0.171296296296296,1,0.678962308510818
1.919758943711,1,0.16588323667367
12.8967258382643,1,0.000329157439211358
0.351880392038568,1,0.553050611047318
0.724897959183674,1,0.394541974238978
1.55677355015166,1,0.212138260562057
0.171296296296296,1,0.678962308510818
0.351880392038568,1,0.553050611047318
2.82378879529651,1,0.092876933791523
0.0180977877844567,1,0.892985056832142
2.6862,1,0.101220947586377
1.52666270077335,1,0.216614005669275
0.0632037427304804,1,0.801502126743451
0.351880392038568,1,0.553050611047318
0.201969196978914,1,0.653136040111586
4.75769088954582,1,0.0291676532215414
0.201969196978914,1,0.653136040111586
16.5144659816835,1,4.82803125844145e-05
23.7643866374031,1,1.08878485016728e-06
3.35591619447067,1,0.066963937880161
0.171296296296296,1,0.678962308510818
0.022455905667856,1,0.880880635426109
0.396349930569331,1,0.528980350898716
0.235327203893997,1,0.627601614814355
0.000166875692252244,1,0.989693184001688
7.96016369474017,1,0.00478180892324798
0.00216097718642503,1,0.962922643879351
0.420383286483248,1,0.516745853714097
1.35657709250425,1,0.244131583318369
0.662589355735975,1,0.415647289013008
0.201969196978914,1,0.653136040111586
4.07897645881437,1,0.0434199532096321
21.6854422779958,1,3.2121975317434e-06
0.695264329712049,1,0.404379538094075
0.945560110803324,1,0.330852013654346
0.100412629392474,1,0.751335023465042
0.18068593291741,1,0.670784422171031
3.65569125868899,1,0.0558779631257278
28.9561215024635,1,7.40364745066557e-08
2.29779137855661,1,0.129558106944264
0.235327203893997,1,0.627601614814355
0.30515606632555,1,0.580667940721855
105.232733371126,1,0
0.310245436282645,1,0.577529614887739
52.4594907407407,1,4.39204228541712e-13
2.76507454805121,1,0.096342198673646
2.6862,1,0.101220947586377
37.3121524044989,1,1.00655428436625e-09
0.000397069502314294,1,0.984101923327118
4.8159365422751,1,0.0281977448743406
0.22256384626401,1,0.637093301699516
15.3437569801206,1,8.96165675191574e-05
0.201969196978914,1,0.653136040111586
16.0435766203642,1,6.19012620981518e-05
2.35658402203857,1,0.124755105718347
0.165683007632976,1,0.683977305333254
0.271406914763558,1,0.602389559742499
0.310245436282645,1,0.577529614887739
1.36577779226804,1,0.242538644143473
0.858908907763101,1,0.354044206183144
1.61941175886981,1,0.203173828911709
0.271406914763558,1,0.602389559742499
45.1204761245684,1,1.85278459241545e-11
1.90766648653632,1,0.167222699641981
22.7116540455214,1,1.88222854691222e-06
0.945560110803324,1,0.330852013654346
29.9550575791991,1,4.42177034987168e-08
2.6803749990032,1,0.101591802741871
0.396349930569331,1,0.528980350898716
1.62159444307447,1,0.20286960851126
2.2661985222604,1,0.132223883750439
2.12348991667673,1,0.145055681584272
0.171296296296296,1,0.678962308510818
24.4897696013579,1,7.47054486271992e-07
50.0931011704771,1,1.46616052631998e-12
15.2923477665809,1,9.20888045730095e-05
0.443692733564014,1,0.505345494078554
39.3419442056617,1,3.55717455491344e-10
9.29887671821796,1,0.0022929440551539
0.00338576258244157,1,0.953599431915394
12.8967258382643,1,0.000329157439211358
0.0820534819239661,1,0.774533644988166
2.42325685007797,1,0.119546156842897
10.7233425914745,1,0.00105792387322468
3.11148475023635,1,0.0777420610804642
0.139944684753448,1,0.708336009315603
15.2923477665809,1,9.20888045730095e-05
5.85313106899356,1,0.0155493616941424
18.0844763363199,1,2.11317282907686e-05
2.59794594171784,1,0.107002314657837
0.171296296296296,1,0.678962308510818
2.48900184658957,1,0.114644412617312
0.235327203893997,1,0.627601614814355
0.493948024207903,1,0.482171447122277
14.9565686480412,1,0.00011001439690761
0.235327203893997,1,0.627601614814355
0.271406914763558,1,0.602389559742499
0.989889748772667,1,0.319769322346855
0.226490953763681,1,0.634138029287199
0.171296296296296,1,0.678962308510818
13.4597570364025,1,0.000243735318530947
7.89899670694942,1,0.00494622247121823
0.603355719772691,1,0.437300523775819
4.1445265600682,1,0.0417693341740455
0.171296296296296,1,0.678962308510818
0.0442738801231863,1,0.833344884437158
0.515772069955866,1,0.472650790150857
10.9373635251987,1,0.000942441823092666
10.9373635251987,1,0.000942441823092666
0.0844744624455217,1,0.771322910488903
14.0699371200748,1,0.000176136682102035
0.310245436282645,1,0.577529614887739
0.201969196978914,1,0.653136040111586
0.790323591230398,1,0.374002296559102
9.31582493724366,1,0.00227183070441339
5.53021032363889,1,0.018690858443376
0.443692733564014,1,0.505345494078554
2.48964437635156,1,0.114597616153364
20.8201561690138,1,5.04492207376028e-06
0.790323591230398,1,0.374002296559102
0.271406914763558,1,0.602389559742499
6.76795162509448,1,0.00928092966382954
0.351880392038568,1,0.553050611047318
22.8010425443192,1,1.79668215249951e-06
0.288325661587655,1,0.591295488822146
0.735192239231043,1,0.391205341460776
0.0844744624455217,1,0.771322910488903
2.35658402203857,1,0.124755105718347
1.2220395421436,1,0.268960762135638
5.21357395850902,1,0.0224112198242156
0.493948024207903,1,0.482171447122277
1.38092847168915,1,0.239943058146251
10.9373635251987,1,0.000942441823092666
45.2552443871585,1,1.72957204114255e-11
3.81683965354193,1,0.0507398570550597
0.562145445673868,1,0.453397099254811
0.562145445673868,1,0.453397099254811
2.63903893692464,1,0.104266601185661
1.39135416666667,1,0.238176546391224
3.71348522622311,1,0.0539745784208602
0.735192239231043,1,0.391205341460776
0.443692733564014,1,0.505345494078554
1.16253536903109,1,0.280940347168996
0.722261169761523,1,0.395403204655725
2.93340603304599,1,0.0867642662182807
20.311323176194,1,6.58099661221545e-06
0.396349930569331,1,0.528980350898716
2.93340603304599,1,0.0867642662182807
1.62570764163294,1,0.202297771439771
1.10437863194007,1,0.29330718183043
0.235327203893997,1,0.627601614814355
1.16572148708254,1,0.280282106923824
0.356550569124168,1,0.5504282303086
0.0616073004446756,1,0.803973337901416
10.7878024206648,1,0.00102171105412141
0.562145445673868,1,0.453397099254811
0.143272405314445,1,0.705049230089236
38.8872194265533,1,4.49010717495923e-10
30.2436197195168,1,3.81042657426889e-08
0.226490953763681,1,0.634138029287199
0.201969196978914,1,0.653136040111586
2.35658402203857,1,0.124755105718347
0.104103400596776,1,0.746959878843455
0.547155575675268,1,0.459482259102442
3.04504504504505,1,0.0809838691937457
0.396349930569331,1,0.528980350898716
1.98668173296512,1,0.158688266210805
0.143272405314445,1,0.705049230089236
0.569580254176227,1,0.450425760402492
1.00573224852071,1,0.315927435597613
0.603355719772691,1,0.437300523775819
0.790323591230398,1,0.374002296559102
0.735192239231043,1,0.391205341460776
0.998775545995693,1,0.317606971388463
1.94476934650198,1,0.16315162028933
0.430953337908048,1,0.511521530290964
2.6803749990032,1,0.101591802741871
4.7515856393363,1,0.0292713101828797
0.171296296296296,1,0.678962308510818
3.43515455627298,1,0.0638226133066125
1.919758943711,1,0.16588323667367
7.2609778180172,1,0.00704689124237279
0.396349930569331,1,0.528980350898716
0.396349930569331,1,0.528980350898716
0.0442738801231863,1,0.833344884437158
0.662589355735975,1,0.415647289013008
0.0263327124791688,1,0.871090424565133
0.201969196978914,1,0.653136040111586
1.20101096931091,1,0.273119711702692
0.610466983938133,1,0.434612036609096
0.396349930569331,1,0.528980350898716
2.74858599432369,1,0.0973404781341525
0.171296296296296,1,0.678962308510818
0.201969196978914,1,0.653136040111586
2.54395282791987,1,0.110717295214072
0.143272405314445,1,0.705049230089236
0.443692733564014,1,0.505345494078554
65.5004197673994,1,5.55111512312578e-16
10.9373635251987,1,0.000942441823092666
5.30236811938336,1,0.0212964516031289
1.51165618878881,1,0.218886540501116
0.310245436282645,1,0.577529614887739
0.945560110803324,1,0.330852013654346
20.8484267576326,1,4.97100400220774e-06
0.490816824336633,1,0.483563163934335
2.6862,1,0.101220947586377
0.143272405314445,1,0.705049230089236
0.201969196978914,1,0.653136040111586
0.724897959183674,1,0.394541974238978
4.47823566477631,1,0.0343291425300905
1.25076655195258,1,0.263406120513285
0.143272405314445,1,0.705049230089236
0.930697168883598,1,0.334681831689834
2.42325685007797,1,0.119546156842897
0.945560110803324,1,0.330852013654346
0.310245436282645,1,0.577529614887739
0.76968295533241,1,0.380315150497219
22.0020576131687,1,2.72358326558475e-06
0.603355719772691,1,0.437300523775819
1.16572148708254,1,0.280282106923824
0.443692733564014,1,0.505345494078554
0.271406914763558,1,0.602389559742499
9.17112829664882,1,0.00245862943820307
0.310245436282645,1,0.577529614887739
12.5489737627557,1,0.000396423951720348
47.4721581916288,1,5.57909274334634e-12
1.10437863194007,1,0.29330718183043
0.271406914763558,1,0.602389559742499
0.0578620844527779,1,0.809907480162082
0.0116163360082326,1,0.914170916154567
0.547155575675268,1,0.459482259102442
1.25076655195258,1,0.263406120513285
0.443692733564014,1,0.505345494078554
13.1285020661157,1,0.000290837208542949
19.1504719057167,1,1.20807631636133e-05
0.443692733564014,1,0.505345494078554
0.0578620844527779,1,0.809907480162082
0.310245436282645,1,0.577529614887739
1.72837370242214,1,0.188618724091759
0.198898855402107,1,0.65561113008815
0.351880392038568,1,0.553050611047318
0.790323591230398,1,0.374002296559102
0.235327203893997,1,0.627601614814355
0.114331935966359,1,0.735265180337928
0.310245436282645,1,0.577529614887739
2.71533650729006,1,0.0993880095437352
1.51165618878881,1,0.218886540501116
0.235327203893997,1,0.627601614814355
0.30515606632555,1,0.580667940721855
1.41598237136832,1,0.234065818598538
0.134694425800857,1,0.713613504146744
14.5105186365678,1,0.000139379119192151
0.171296296296296,1,0.678962308510818
1.37516763498399,1,0.240925992971674
6.81428723341833,1,0.0090431391043081
5.78316986927907,1,0.016180335360053
0.171296296296296,1,0.678962308510818
0.00721730740866236,1,0.932297374872854
0.106600287334593,1,0.744048362965351
0.547155575675268,1,0.459482259102442
0.0487566171697162,1,0.825241150814997
7.81754000914495,1,0.00517415759842565
0.351880392038568,1,0.553050611047318
0.962395353396726,1,0.326584107211651
3.14625850340136,1,0.0761012727344652
1.16572148708254,1,0.280282106923824
1.51165618878881,1,0.218886540501116
1.61017691100109,1,0.204466935652646
0.271406914763558,1,0.602389559742499
0.0024276685983035,1,0.960703029593357
0.310245436282645,1,0.577529614887739
6.00056283174374,1,0.0143013153532808
0.148443220584265,1,0.700027533646435
2.35658402203857,1,0.124755105718347
1.52666270077335,1,0.216614005669275
16.6107257703433,1,4.58907621184723e-05
1.25076655195258,1,0.263406120513285
0.171296296296296,1,0.678962308510818
0.0317861056322594,1,0.858497915324709
0.493948024207903,1,0.482171447122277
0.201969196978914,1,0.653136040111586
0.00961749427552105,1,0.921877642868312
1.04109992643038,1,0.307565796056616
1.83471074380165,1,0.175572147774272
0.143272405314445,1,0.705049230089236
0.171296296296296,1,0.678962308510818
0.396349930569331,1,0.528980350898716
2.54315779264056,1,0.110773045854694
0.271406914763558,1,0.602389559742499
0.396349930569331,1,0.528980350898716
0.756577235160043,1,0.384401795261374
0.143272405314445,1,0.705049230089236
0.235327203893997,1,0.627601614814355
2.40207063239611,1,0.121174764914665
5.71124311095695,1,0.0168565986210761
0.0176977040816326,1,0.894167505169529
0.8589089077631,1,0.354044206183144
0.281179640831402,1,0.595929078789489
6.19321848383243,1,0.0128240750142801
0.89959016954753,1,0.342891625516222
0.443692733564014,1,0.505345494078554
2.93340603304599,1,0.0867642662182807
2.42325685007797,1,0.119546156842897
0.310245436282645,1,0.577529614887739
0.000207239375481332,1,0.988514201351109
32.9211442728924,1,9.59737311845288e-09
0.155684432987887,1,0.693161241246628
0.735192239231043,1,0.391205341460776
2.05723592944907,1,0.151484737319426
0.288325661587655,1,0.591295488822146
2.55270800554723,1,0.110105388781717
0.959971667693594,1,0.327194016197348
3.16108184450251,1,0.0754131923459126
3.0709991847886,1,0.0797004712279754
9.23252177797632,1,0.00237753972139698
15.8239213243147,1,6.95180410631435e-05
0.443692733564014,1,0.505345494078554
8.70724498199058,1,0.0031694784489914
5.84518333926664,1,0.0156197464435329
3.65569125868899,1,0.0558779631257278
5.61880165289256,1,0.0177687942300977
0.262137536962665,1,0.608655426860572
0.662589355735975,1,0.415647289013008
1.4202112503948,1,0.233368635431063
0.00424610680866053,1,0.94804489076874
0.104974622442085,1,0.745939643694827
0.562145445673868,1,0.453397099254811
13.4095494289842,1,0.000250346540973001
0.0102734971539637,1,0.919266068361424
6.62075637152088,1,0.0100797017694472
0.0176977040816326,1,0.894167505169529
0.724897959183674,1,0.394541974238978
2.05860082304527,1,0.151349086158636
1.43118972774255,1,0.231570372408945
6.06993613987228,1,0.0137501932080517
0.217029344154959,1,0.641312791326418
37.4787638646811,1,9.24137211200105e-10
0.106600287334593,1,0.744048362965351
0.117861921043131,1,0.731365077864628
1.00573224852071,1,0.315927435597613
1.2220395421436,1,0.268960762135638
18.2617958323938,1,1.92529980281853e-05
0.756577235160043,1,0.384401795261374
0.30515606632555,1,0.580667940721855
12.8967258382643,1,0.000329157439211358
9.0372474839479,1,0.00264533632996133
2.15290061583653,1,0.14230082705213
37.0407827215446,1,1.15684140045147e-09
6.25761177287242,1,0.0123660797014797
0.271406914763558,1,0.602389559742499
1.92574971164937,1,0.165224198866442
0.790323591230398,1,0.374002296559102
0.493948024207903,1,0.482171447122277
19.8434274624883,1,8.40512290389839e-06
0.724897959183674,1,0.394541974238978
0.439147895572128,1,0.507534016834395
7.96016369474017,1,0.00478180892324798
0.129752445356841,1,0.718688850197819
0.930697168883598,1,0.334681831689834
0.971049284371175,1,0.324418629774673
0.551630618014259,1,0.457652188937118
3.72369511065196,1,0.0536455291250036
7.89899670694942,1,0.00494622247121823
0.171296296296296,1,0.678962308510818
15.0596806971107,1,0.000104164630128301
0.271406914763558,1,0.602389559742499
0.547155575675268,1,0.459482259102442
0.117861921043131,1,0.731365077864628
12.8967258382643,1,0.000329157439211358
0.493948024207903,1,0.482171447122277
1.83471074380165,1,0.175572147774272
0.891361039020316,1,0.345108745606736
0.201969196978914,1,0.653136040111586
3.90649729279467,1,0.0480997488157168
24.3703730584991,1,7.94816975902002e-07
0.603355719772691,1,0.437300523775819
0.603355719772691,1,0.437300523775819
0.00219335344142556,1,0.962646127275217
1.06975569353528,1,0.301000635359341
0.547155575675268,1,0.459482259102442
0.310245436282645,1,0.577529614887739
5.756818526742,1,0.0164247860778469
0.351880392038568,1,0.553050611047318
77.4835583681964,1,0
3.41626021470918,1,0.0645571047818748
0.237088299372037,1,0.626317053257915
16.7289504036909,1,4.31179879424315e-05
5.46935369621054,1,0.019352781071713
37.2315646258503,1,1.04901998199125e-09
0.310245436282645,1,0.577529614887739
6.42944821454493,1,0.0112243443548992
0.000112141091678372,1,0.991550824436859
0.171296296296296,1,0.678962308510818
4.57265946502057,1,0.0324860956265427
0.235327203893997,1,0.627601614814355
2.29779137855661,1,0.129558106944264
0.998775545995693,1,0.317606971388463
1.62570764163294,1,0.202297771439771
13.1460359567381,1,0.000288128166659019
5.01413683525822,1,0.0251411603979099
12.5174634832543,1,0.000403165854160559
2.93340603304599,1,0.0867642662182807
1.08405864421542,1,0.297791380623621
0.171296296296296,1,0.678962308510818
1.43118972774255,1,0.231570372408945
4.624508449357,1,0.0315182911713699
0.858908907763101,1,0.354044206183144
1.85233620365594,1,0.173511924347315
5.60109875841059,1,0.0179492171440404
0.0405405405405405,1,0.840427397735947
1.48645099847973,1,0.222767924940647
48.6761148904006,1,3.01925151546811e-12
0.443692733564014,1,0.505345494078554
1.52666270077335,1,0.216614005669275
0.00397899174639333,1,0.949703397704659
25.149112837496,1,5.30640593687792e-07
2.27425461817109,1,0.131538352306475
0.310245436282645,1,0.577529614887739
0.0844744624455217,1,0.771322910488903
0.000404311932119307,1,0.98395760976515
0.902637596137539,1,0.342075457869442
0.0176977040816326,1,0.894167505169529
0.310245436282645,1,0.577529614887739
0.351880392038568,1,0.553050611047318
1.16572148708254,1,0.280282106923824
0.493948024207903,1,0.482171447122277
38.1314070802889,1,6.6136951470952e-10
3.43515455627298,1,0.0638226133066125
0.945560110803324,1,0.330852013654346
0.212687074829932,1,0.6446694053273
0.953577839404736,1,0.328810258095074
1.87158842975207,1,0.171293265517444
0.201969196978914,1,0.653136040111586
0.162162162162162,1,0.687173618309648
0.300243725661167,1,0.583729667019598
22.0020576131687,1,2.72358326558475e-06
0.310245436282645,1,0.577529614887739
0.143272405314445,1,0.705049230089236
2.68278455378609,1,0.101438215933101
0.310245436282645,1,0.577529614887739
1.30303431946501,1,0.253659713263212
0.603355719772691,1,0.437300523775819
0.980223039135043,1,0.322143747598573
2.93340603304599,1,0.0867642662182807
30.6714061943752,1,3.05636023156808e-08
7.68763974700833,1,0.00556002938227029
1.00573224852071,1,0.315927435597613
1.94476934650198,1,0.16315162028933
2.35658402203857,1,0.124755105718347
22.0020576131687,1,2.72358326558475e-06
13.9564541279313,1,0.000187094219172734
4.01621011593311,1,0.0450648726556313
0.790323591230398,1,0.374002296559102
7.81754000914495,1,0.00517415759842565
0.212687074829932,1,0.6446694053273
3.45821292060831,1,0.0629383036053096
0.271406914763558,1,0.602389559742499
3.32704988468149,1,0.0681490103775102
0.235327203893997,1,0.627601614814355
3.67876304005481,1,0.0551097206967432
0.171296296296296,1,0.678962308510818
5.61880165289256,1,0.0177687942300977
12.756764916302,1,0.00035472388178992
0.858908907763101,1,0.354044206183144
0.724897959183674,1,0.394541974238978
0.235327203893997,1,0.627601614814355
3.21841581378884,1,0.0728140668210052
0.235327203893997,1,0.627601614814355
2.19394336035569,1,0.138554192648714
0.724897959183674,1,0.394541974238978
21.6376157978442,1,3.29329439097137e-06
1.33924026769724,1,0.247167992967929
2.25314511339963,1,0.133343145669134
0.235327203893997,1,0.627601614814355
0.396349930569331,1,0.528980350898716
0.95572795786413,1,0.328265567851437
0.235327203893997,1,0.627601614814355
0.220438447053996,1,0.638706046620787
0.0844744624455217,1,0.771322910488903
6.81680376501261,1,0.00903040450511805
15.8142777967953,1,6.98732482672382e-05
2.6803749990032,1,0.101591802741871
0.237088299372037,1,0.626317053257915
1.48645099847973,1,0.222767924940647
0.271406914763558,1,0.602389559742499
0.351880392038568,1,0.553050611047318
0.396349930569331,1,0.528980350898716
0.123035396020066,1,0.725765393926298
15.8239213243147,1,6.95180410631435e-05
1.11692336009531,1,0.290581899872299
0.547155575675268,1,0.459482259102442
49.3383673469388,1,2.15405471237773e-12
9.91939323145141,1,0.00163546289249461
7.4282493749398,1,0.00642077757178117
0.724897959183674,1,0.394541974238978
2.55270800554723,1,0.110105388781717
0.00338576258244157,1,0.953599431915394
1.33924026769724,1,0.247167992967929
2.29779137855661,1,0.129558106944264
2.24332325090533,1,0.134192299505998
0.310245436282645,1,0.577529614887739
7.3185652700206,1,0.00682458730352686
0.396349930569331,1,0.528980350898716
0.202465239730197,1,0.652738290934154
0.547155575675268,1,0.459482259102442
0.235327203893997,1,0.627601614814355
0.171296296296296,1,0.678962308510818
0.171296296296296,1,0.678962308510818
0.171296296296296,1,0.678962308510818
3.21841581378884,1,0.0728140668210052
10.7926692873797,1,0.00101902834099299
0.608490110334408,1,0.435356877292794
2.96553117345522,1,0.0850565186060117
0.547155575675268,1,0.459482259102442
11.7093800193689,1,0.000621858349044491
0.0711408321902148,1,0.789682915155395
9.52561224489796,1,0.00202623979645955
0.271406914763558,1,0.602389559742499
0.858908907763101,1,0.354044206183144
2.19394336035569,1,0.138554192648714
0.201969196978914,1,0.653136040111586
3.68184937687345,1,0.0550078045147847
0.493948024207903,1,0.482171447122277
1.6417243689971,1,0.200089041949775
0.171296296296296,1,0.678962308510818
2.05860082304527,1,0.151349086158636
0.201969196978914,1,0.653136040111586
7.2609778180172,1,0.00704689124237279
0.396349930569331,1,0.528980350898716
0.0487566171697162,1,0.825241150814997
0.0236230735696108,1,0.877847866005715
0.117861921043131,1,0.731365077864628
22.7658752411511,1,1.82986244290362e-06
0.351880392038568,1,0.553050611047318
2.24332325090533,1,0.134192299505998
0.662589355735975,1,0.415647289013008
15.2558317933207,1,9.38864155962671e-05
72.5946888928359,1,0
2.30798956333129,1,0.128710428510534
21.4752761966922,1,3.58420143298233e-06
2.6803749990032,1,0.101591802741871
2.27425461817109,1,0.131538352306475
18.2378358985107,1,1.9496707371669e-05
3.65569125868899,1,0.0558779631257278
1.16572148708254,1,0.280282106923824
0.310245436282645,1,0.577529614887739
4.57265946502057,1,0.0324860956265427
0.000835435313368997,1,0.976941236853569
3.65569125868899,1,0.0558779631257278
4.07897645881437,1,0.0434199532096321
0.662589355735975,1,0.415647289013008
0.724897959183674,1,0.394541974238978
4.87186143861546,1,0.0272980397104895
0.493948024207903,1,0.482171447122277
0.271406914763558,1,0.602389559742499
1.89086110140624,1,0.169104829930854
25.932442909159,1,3.53576574685377e-07
0.656210155957727,1,0.417901097723707
15.2923477665809,1,9.20888045730095e-05
3.65569125868899,1,0.0558779631257278
0.205249447221962,1,0.650516596462605
0.143272405314445,1,0.705049230089236
3.396108033241,1,0.0653504422707795
2.84657573985266,1,0.0915687807803467
5.45084861324177,1,0.019558823722988
4.57265946502057,1,0.0324860956265427
36.4204578316014,1,1.59025270729529e-09
47.3686645613871,1,5.88151749525423e-12
0.790323591230398,1,0.374002296559102
0.0183471074380166,1,0.892254912290382
1.61183209974412,1,0.204234456469517
16.2133613742313,1,5.65935456282585e-05
0.139944684753448,1,0.708336009315603
5.23728053312828,1,0.0221078064950376
44.0202829180933,1,3.24991145106424e-11
0.396349930569331,1,0.528980350898716
31.8918323634408,1,1.63001112607475e-08
0.790323591230398,1,0.374002296559102
1.7084620838603,1,0.191185028889373
0.0236230735696108,1,0.877847866005715
16.0215681858361,1,6.26249832078596e-05
0.443692733564014,1,0.505345494078554
1.919758943711,1,0.16588323667367
0.662589355735975,1,0.415647289013008
19.746999076639,1,8.84003908008246e-06
0.271406914763558,1,0.602389559742499
1.38820426837076,1,0.238708589898094
0.235327203893997,1,0.627601614814355
0.0153853796799711,1,0.901285333787101
2.82378879529651,1,0.092876933791523
3.18605897441198,1,0.0742688606886459
7.15342481339723,1,0.00748209764845997
20.350823305903,1,6.44653454640043e-06
0.156132410671437,1,0.69274256656496
3.26170798898072,1,0.07091522646858
0.235327203893997,1,0.627601614814355
0.171296296296296,1,0.678962308510818
1.51165618878881,1,0.218886540501116
6.76795162509448,1,0.00928092966382943
0.171296296296296,1,0.678962308510818
1.78845071588858,1,0.181115041764149
2.00990318900236,1,0.156275290181683
0.493948024207903,1,0.482171447122277
0.171296296296296,1,0.678962308510818
6.83317023032538,1,0.00894803080110695
0.603355719772691,1,0.437300523775819
6.55715235964705,1,0.0104463403692203
0.78508606779435,1,0.375590138977819
1.61017691100109,1,0.204466935652646
0.603355719772691,1,0.437300523775819
1.43118972774255,1,0.231570372408945
0.962395353396726,1,0.326584107211651
1.51165618878881,1,0.218886540501116
26.5518996014087,1,2.5655233126809e-07
4.80680680680681,1,0.0283475264189123
2.16549215121328,1,0.141139429277479
0.271406914763558,1,0.602389559742499
6.78098130455728,1,0.00921342238653211
1.11270971607308,1,0.291493674053362
3.26170798898072,1,0.07091522646858
0.787136776859504,1,0.374967307867984
9.31582493724366,1,0.00227183070441339
4.57265946502057,1,0.0324860956265427
0.396349930569331,1,0.528980350898716
0.310245436282645,1,0.577529614887739
0.271406914763558,1,0.602389559742499
0.603355719772691,1,0.437300523775819
0.569580254176227,1,0.450425760402492
0.439147895572128,1,0.507534016834395
0.998775545995693,1,0.317606971388463
0.235327203893997,1,0.627601614814355
0.0487566171697162,1,0.825241150814997
3.65569125868899,1,0.0558779631257278
0.271406914763558,1,0.602389559742499
0.356550569124168,1,0.5504282303086
2.21540610573152,1,0.136639102148829
1.20101096931091,1,0.273119711702692
19.3507482993197,1,1.08776611095207e-05
0.736215954333499,1,0.39087574577526
14.2276013162743,1,0.00016197719096267
11.9651104736518,1,0.000542059951265217
0.02282701968629,1,0.879907770925449
11.814682874228,1,0.00058765440818509
0.139944684753448,1,0.708336009315603
0.512798706037452,1,0.473929821049774
0.310245436282645,1,0.577529614887739
1.919758943711,1,0.16588323667367
10.9373635251987,1,0.000942441823092666
4.51197735566581,1,0.0336583084075529
3.09665384092383,1,0.0784533957954379
0.271406914763558,1,0.602389559742499
0.310245436282645,1,0.577529614887739
0.603355719772691,1,0.437300523775819
1.919758943711,1,0.16588323667367
1.4353775520673,1,0.23088882014126
0.735192239231043,1,0.391205341460776
0.351880392038568,1,0.553050611047318
1.62570764163294,1,0.202297771439771
94.5776651416254,1,0
4.57265946502057,1,0.0324860956265427
1.43118972774255,1,0.231570372408945
70.6920301261047,1,0
1.76199974616099,1,0.184375280601893
0.143272405314445,1,0.705049230089236
0.143272405314445,1,0.705049230089236
8.62493255594178,1,0.00331592717020945
7.06435947434465,1,0.00786324212084089
0.171296296296296,1,0.678962308510818
1.89086110140624,1,0.169104829930854
8.76473756254141,1,0.0030711026358694
0.143272405314445,1,0.705049230089236
0.238125922041063,1,0.625562961183098
4.94046199361746,1,0.0262350234524604
0.662589355735975,1,0.415647289013008
22.3433131208941,1,2.28005576341506e-06
0.201969196978914,1,0.653136040111586
7.65081234094755,1,0.00567467625158713
0.351880392038568,1,0.553050611047318
0.724897959183674,1,0.394541974238978
5.13471354166667,1,0.0234519568618978
0.430953337908048,1,0.511521530290964
4.78963071699374,1,0.0286315644183279
1.18629463159716,1,0.276078249164059
10.1716807638088,1,0.00142614207971725
2.55270800554723,1,0.110105388781717
14.7404630960431,1,0.000123369978124344
0.117861921043131,1,0.731365077864628
0.201969196978914,1,0.653136040111586
0.271406914763558,1,0.602389559742499
5.96926667555832,1,0.0145573334345926
1.48645099847973,1,0.222767924940647
9.97859581172727,1,0.00158370412589726
0.351880392038568,1,0.553050611047318
0.171296296296296,1,0.678962308510818
0.201969196978914,1,0.653136040111586
12.5416347045322,1,0.000397983977898031
2.6803749990032,1,0.101591802741871
6.18982783564306,1,0.0128486686052919
11.2091603206628,1,0.000813945410188865
3.90649729279467,1,0.0480997488157168
7.516032,1,0.00611522394808306
0.396349930569331,1,0.528980350898716
1.89086110140624,1,0.169104829930854
0.201969196978914,1,0.653136040111586
0.000207239375481332,1,0.988514201351109
0.000112141091678372,1,0.991550824436859
0.00519321522410751,1,0.942551002446903
11.1660740481018,1,0.000833067268158016
0.310245436282645,1,0.577529614887739
2.6803749990032,1,0.101591802741871
3.26170798898072,1,0.07091522646858
0.396349930569331,1,0.528980350898716
3.14625850340136,1,0.0761012727344652
6.50405918875449,1,0.0107628497049688
2.05860082304527,1,0.151349086158637
24.1176642485638,1,9.06251702237348e-07
15.2785323236359,1,9.27648031184836e-05
0.724897959183674,1,0.394541974238978
3.65569125868899,1,0.0558779631257278
42.1424243473934,1,8.48620063109706e-11
0.235327203893997,1,0.627601614814355
1.61017691100109,1,0.204466935652646
1.20101096931091,1,0.273119711702692
0.603355719772691,1,0.437300523775819
6.46448558457443,1,0.0110051494535243
0.143272405314445,1,0.705049230089236
0.443692733564014,1,0.505345494078554
2.29779137855661,1,0.129558106944264
0.735192239231043,1,0.391205341460776
3.43515455627298,1,0.0638226133066125
8.75534262981429,1,0.00308696371245176
0.117861921043131,1,0.731365077864628
0.547155575675268,1,0.459482259102442
0.23148702728347,1,0.630423405653007
0.271406914763558,1,0.602389559742499
0.396349930569331,1,0.528980350898716
4.13927866191378,1,0.0418990201470181
0.198854147908811,1,0.655647338807701
7.96016369474017,1,0.00478180892324798
0.0176977040816326,1,0.894167505169529
0.724897959183674,1,0.394541974238978
12.8967258382643,1,0.000329157439211358
2.35658402203857,1,0.124755105718347
0.790323591230398,1,0.374002296559102
4.29939887221946,1,0.0381258468406346
16.7209851851852,1,4.32993910939317e-05
0.215504107888074,1,0.642487124681046
18.1134785805313,1,2.08122981499859e-05
0.201969196978914,1,0.653136040111586
24.1376382521681,1,8.96900515412469e-07
0.288325661587655,1,0.591295488822146
1.62570764163294,1,0.202297771439771
0.0176977040816326,1,0.894167505169529
14.8026968418254,1,0.000119364680142064
0.930697168883598,1,0.334681831689834
0.271406914763558,1,0.602389559742499
5.39655872677046,1,0.0201764963354616
0.237088299372037,1,0.626317053257915
7.19752542376046,1,0.00730041791943603
7.4282493749398,1,0.00642077757178117
2.93340603304599,1,0.0867642662182807
0.351880392038568,1,0.553050611047318
1.15518362396696,1,0.282466658691506
1.61017691100109,1,0.204466935652646
0.858908907763101,1,0.354044206183144
0.0820534819239661,1,0.774533644988166
1.62159444307447,1,0.20286960851126
7.53573910128235,1,0.00604869187689627
0.724897959183674,1,0.394541974238978
1.62570764163294,1,0.202297771439771
0.0632037427304804,1,0.801502126743451
14.1289721240579,1,0.000170694424732054
0.235327203893997,1,0.627601614814355
18.7740770609102,1,1.47153745659878e-05
0.30515606632555,1,0.580667940721855
9.23252177797632,1,0.00237753972139698
36.7029863825224,1,1.37568534341881e-09
1.66136432350718,1,0.197419216288931
1.51165618878881,1,0.218886540501116
0.171296296296296,1,0.678962308510818
0.235327203893997,1,0.627601614814355
0.681595485084656,1,0.409037865450178
0.30515606632555,1,0.580667940721855
0.129752445356841,1,0.718688850197819
4.1445265600682,1,0.0417693341740455
0.0236230735696108,1,0.877847866005715
4.95959679121393,1,0.0259462565908185
4.66517757426848,1,0.0307802403405646
2.17625722968336,1,0.140154938211153
12.8967258382643,1,0.000329157439211358
0.0946654194196317,1,0.758327772536026
59.7295876892208,1,1.08801856413265e-14
2.72715509733088,1,0.0986548775332055
2.00813740548204,1,0.156457303089091
0.662589355735975,1,0.415647289013008
14.3100240740741,1,0.000155037095030952
1.43118972774255,1,0.231570372408945
3.14625850340136,1,0.0761012727344652
0.351880392038568,1,0.553050611047318
0.547155575675268,1,0.459482259102442
2.75356161684839,1,0.0970380525547092
0.00733875483152095,1,0.931731507298743
1.20101096931091,1,0.273119711702692
8.41161453397964,1,0.00372831410877072
0.438228809202263,1,0.507978574860029
0.310245436282645,1,0.577529614887739
19.6183009493947,1,9.45591111500832e-06
0.377418613555582,1,0.538987998678665
0.201969196978914,1,0.653136040111586
0.790323591230398,1,0.374002296559102
0.271406914763558,1,0.602389559742499
10.1571759514617,1,0.00143740638193168
2.59794594171784,1,0.107002314657837
1.89086110140624,1,0.169104829930854
1.92574971164937,1,0.165224198866442
0.201969196978914,1,0.653136040111586
10.9767919908701,1,0.000922599986924344
0.271406914763558,1,0.602389559742499
2.42090537460873,1,0.119725716184542
0.198898855402107,1,0.65561113008815
0.242721673803915,1,0.62224725234586
14.349324906636,1,0.000151834128214068
1.20101096931091,1,0.273119711702692
0.00721730740866236,1,0.932297374872854
0.662589355735975,1,0.415647289013008
13.0498745636757,1,0.000303304720416397
7.67184418145957,1,0.00560891021919396
1.72837370242214,1,0.188618724091759
0.0442738801231863,1,0.833344884437158
0.000265635462196149,1,0.986996392245208
72.5946888928359,1,0
2.76578736171398,1,0.096299294556055
4.07897645881437,1,0.0434199532096321
0.787136776859504,1,0.374967307867984
4.57265946502057,1,0.0324860956265427
0.89959016954753,1,0.342891625516222
0.201969196978914,1,0.653136040111586
0.396349930569331,1,0.528980350898716
4.29939887221946,1,0.0381258468406346
1.52666270077335,1,0.216614005669275
4.83358125105998,1,0.0279105968423392
0.343740801601775,1,0.557677878039027
0.235327203893997,1,0.627601614814355
36.5686868188372,1,1.47380296855459e-09
0.493948024207903,1,0.482171447122277
11.0938628537835,1,0.000866138782808057
0.547155575675268,1,0.459482259102442
23.7643866374031,1,1.08878485016728e-06
0.00338576258244157,1,0.953599431915394
29.8700114767148,1,4.62003649781551e-08
0.117861921043131,1,0.731365077864628
5.53021032363889,1,0.018690858443376
0.0578620844527779,1,0.809907480162082
0.162162162162162,1,0.687173618309648
0.588563701610931,1,0.442975064449076
1.08405864421542,1,0.297791380623621
1.919758943711,1,0.16588323667367
0.945560110803324,1,0.330852013654346
0.351880392038568,1,0.553050611047318
20.6738081068571,1,5.4455825920785e-06
7.2609778180172,1,0.00704689124237279
2.93340603304599,1,0.0867642662182807
0.310245436282645,1,0.577529614887739
1.89086110140624,1,0.169104829930854
2.93340603304599,1,0.0867642662182807
6.81680376501261,1,0.00903040450511805
2.93340603304599,1,0.0867642662182807
1.62570764163294,1,0.202297771439771
0.143272405314445,1,0.705049230089236
0.288325661587655,1,0.591295488822146
0.63079364069085,1,0.427064350681687
0.000207239375481332,1,0.988514201351109
12.8967258382643,1,0.000329157439211358
0.493948024207903,1,0.482171447122277
7.21065604419923,1,0.00724719994488399
0.235327203893997,1,0.627601614814355
0.171296296296296,1,0.678962308510818
0.420383286483248,1,0.516745853714097
2.6862,1,0.101220947586377
0.603355719772691,1,0.437300523775819
0.271406914763558,1,0.602389559742499
7.2609778180172,1,0.00704689124237279
29.0598367628749,1,7.0176863320448e-08
0.493948024207903,1,0.482171447122277
4.57265946502057,1,0.0324860956265427
0.310245436282645,1,0.577529614887739
8.28381388977814,1,0.00400000243772092
3.11148475023635,1,0.0777420610804642
1.16572148708254,1,0.280282106923824
0.201969196978914,1,0.653136040111586
53.7668607363612,1,2.25708340906294e-13
0.0317861056322596,1,0.858497915324708
8.0981872246525,1,0.00443095520823722
0.493948024207903,1,0.482171447122277
0.310245436282645,1,0.577529614887739
0.299845582210312,1,0.58397924304046
0.271406914763558,1,0.602389559742499
0.201969196978914,1,0.653136040111586
1.35657709250425,1,0.244131583318369
0.201969196978914,1,0.653136040111586
0.0844744624455217,1,0.771322910488903
0.23148702728347,1,0.630423405653007
6.81680376501261,1,0.00903040450511805
1.51165618878881,1,0.218886540501116
0.235327203893997,1,0.627601614814355
15.5849222003068,1,7.88811044966087e-05
4.29939887221946,1,0.0381258468406346
0.0156544594690058,1,0.900430305612513
0.460118934664797,1,0.497568394154961
0.722261169761523,1,0.395403204655725
0.235327203893997,1,0.627601614814355
2.05860082304527,1,0.151349086158637
0.396349930569331,1,0.528980350898716
0.396349930569331,1,0.528980350898716
33.107130752405,1,8.72182714939385e-09
0.443692733564015,1,0.505345494078554
40.3083737435821,1,2.16877404923821e-10
5.756818526742,1,0.0164247860778469
15.2080920454543,1,9.62899235102954e-05
0.171296296296296,1,0.678962308510818
3.43515455627298,1,0.0638226133066125
0.163061084540721,1,0.686353745915832
0.858908907763101,1,0.354044206183144
6.85657043427115,1,0.00883158984899568
16.3739700271252,1,5.199439766157e-05
0.603355719772691,1,0.437300523775819
18.9454518977824,1,1.3450954933103e-05
9.31582493724366,1,0.00227183070441339
0.724897959183674,1,0.394541974238978
0.143272405314445,1,0.705049230089236
0.0418857783368659,1,0.837837654455057
0.0487566171697162,1,0.825241150814997
0.396349930569331,1,0.528980350898716
0.140583835908938,1,0.707701288934107
0.662589355735975,1,0.415647289013008
16.7449627984707,1,4.27556235854665e-05
2.96553117345522,1,0.0850565186060117
0.235327203893997,1,0.627601614814355
1.00573224852071,1,0.315927435597613
0.143272405314445,1,0.705049230089236
0.0578620844527779,1,0.809907480162082
0.511353865600786,1,0.474553364645714
0.201969196978914,1,0.653136040111586
1.33924026769724,1,0.247167992967929
0.235327203893997,1,0.627601614814355
1.20101096931091,1,0.273119711702692
0.235327203893997,1,0.627601614814355
0.0272491513967476,1,0.868886390656356
0.000207239375481332,1,0.988514201351109
0.00292321595629013,1,0.956881964714251
12.5092256920183,1,0.000404947396939304
0.55107014638869,1,0.457880762323765
0.724897959183674,1,0.394541974238978
0.396349930569331,1,0.528980350898716
0.201969196978914,1,0.653136040111586
1.33924026769724,1,0.247167992967929
3.41626021470918,1,0.0645571047818748
0.201969196978914,1,0.653136040111586
3.76942576421347,1,0.0521975497569278
25.8211835144653,1,3.7455502233108e-07
24.8526979034901,1,6.18823773446131e-07
34.7120979110598,1,3.82248743768798e-09
0.00733875483152095,1,0.931731507298743
0.396349930569331,1,0.528980350898716
13.2460344496189,1,0.000273157124825785
0.235327203893997,1,0.627601614814355
19.5952737728086,1,9.57056543438028e-06
7.96016369474017,1,0.00478180892324798
0.697815061084145,1,0.403518840722771
0.271406914763558,1,0.602389559742499
0.143272405314445,1,0.705049230089236
0.379830991735537,1,0.537693700581959
1.93061051577247,1,0.164691666879752
0.288624741257419,1,0.591103179144739
2.35658402203857,1,0.124755105718347
2.61343784487761,1,0.105961827074627
1.25076655195258,1,0.263406120513285
0.858908907763101,1,0.354044206183144
2.35658402203857,1,0.124755105718347
41.8017655892027,1,1.01012198605588e-10
0.751213980793396,1,0.386092149259658
9.10364640278404,1,0.00255100428007804
4.1445265600682,1,0.0417693341740455
1.20101096931091,1,0.273119711702692
4.29939887221946,1,0.0381258468406346
15.428459213475,1,8.56880680230043e-05
14.5757481247814,1,0.000134636197836269
5.84518333926664,1,0.0156197464435329
18.0350066512637,1,2.16879946646209e-05
2.6803749990032,1,0.101591802741871
0.650497966737283,1,0.419934699716023
43.0292698586463,1,5.39269739974202e-11
3.62118391413753,1,0.0570482626454152
1.47732662622813,1,0.224193265303705
1.62570764163294,1,0.202297771439771
8.20873163181487,1,0.00416892823499926
30.6714061943752,1,3.05636023156808e-08
0.443692733564014,1,0.505345494078554
2.05860082304527,1,0.151349086158637
1.96518383628165,1,0.160959999879863
52.7258095468736,1,3.83471032705529e-13
5.84803048162057,1,0.0155944946172566
0.351880392038568,1,0.553050611047318
2.42325685007797,1,0.119546156842897
0.603355719772691,1,0.437300523775819
97.8688387773687,1,0
32.5951611494454,1,1.13496967379945e-08
0.235327203893997,1,0.627601614814355
1.00573224852071,1,0.315927435597613
0.171296296296296,1,0.678962308510818
0.30515606632555,1,0.580667940721855
2.89289403299574,1,0.0889709747745451
0.212687074829932,1,0.6446694053273
0.865301848170748,1,0.352259247775996
0.314386762021309,1,0.575000685791914
14.5106836269531,1,0.000139366912752625
1.98573580666835,1,0.158787453306577
0.724897959183674,1,0.394541974238978
0.547155575675268,1,0.459482259102442
1.00573224852071,1,0.315927435597613
2.82378879529651,1,0.092876933791523
0.858908907763101,1,0.354044206183144
0.38866491104248,1,0.533002017210211
0.443692733564014,1,0.505345494078554
0.271406914763558,1,0.602389559742499
0.917404552683397,1,0.338157376052805
0.143272405314445,1,0.705049230089236
0.235327203893997,1,0.627601614814355
1.00573224852071,1,0.315927435597613
2.05860082304527,1,0.151349086158637
3.57720158390913,1,0.0585777525469331
0.443692733564014,1,0.505345494078554
30.858365896864,1,2.77562999251302e-08
4.43430598009886,1,0.0352235376417018
0.139944684753448,1,0.708336009315603
0.171296296296296,1,0.678962308510818
0.787136776859504,1,0.374967307867984
9.80422607270055,1,0.00174111293446122
0.603355719772691,1,0.437300523775819
11.3755621522125,1,0.000744166997052154
0.000207239375481332,1,0.988514201351109
4.28129876527694,1,0.0385338935791738
1.02113278736655,1,0.312250459436857
14.2394659652906,1,0.000160959216761403
34.6097174981104,1,4.0289003244709e-09
2.59794594171784,1,0.107002314657837
9.05867164147219,1,0.00261451852874806
27.4497527076601,1,1.61229486983494e-07
0.525834351529317,1,0.468363469078687
1.60846272890826,1,0.204708029721405
0.171296296296296,1,0.678962308510818
10.0920920920921,1,0.00148906952954853
1.51165618878881,1,0.218886540501116
0.945560110803324,1,0.330852013654346
0.78508606779435,1,0.375590138977819
0.569580254176227,1,0.450425760402492
2.45873233581126,1,0.116873070473003
2.93340603304599,1,0.0867642662182807
0.443692733564014,1,0.505345494078554
0.271406914763558,1,0.602389559742499
1.25076655195258,1,0.263406120513285
4.57265946502057,1,0.0324860956265427
1.98573580666835,1,0.158787453306577
1.94476934650198,1,0.16315162028933
2.93340603304599,1,0.0867642662182807
0.271406914763558,1,0.602389559742499
3.67053260930195,1,0.0553824838323762
2.17625722968336,1,0.140154938211153
0.271406914763558,1,0.602389559742499
0.569701350415513,1,0.450377616172006
0.00721730740866236,1,0.932297374872854
0.00338576258244157,1,0.953599431915394
2.35658402203857,1,0.124755105718347
0.310245436282645,1,0.577529614887739
0.351880392038568,1,0.553050611047318
0.201969196978914,1,0.653136040111586
0.493948024207903,1,0.482171447122277
2.37421976238715,1,0.123353215038565
0.310245436282645,1,0.577529614887739
10.1423918177125,1,0.00144898032113638
0.117861921043131,1,0.731365077864628
7.32099777092729,1,0.00681535641106756
12.7851116972231,1,0.000349388903416847
0.0236230735696108,1,0.877847866005715
2.99366063876209,1,0.0835910078163373
3.53892483370972,1,0.0599443059548539
0.493948024207903,1,0.482171447122277
1.90766648653632,1,0.167222699641981
7.77688810088936,1,0.00529188769968802
0.143272405314445,1,0.705049230089236
22.868345298225,1,1.73485533028206e-06
4.09278805598628,1,0.0430665467960352
12.9577065896384,1,0.000318607238448787
0.917404552683397,1,0.338157376052805
9.23252177797632,1,0.00237753972139698
0.143272405314445,1,0.705049230089236
8.79796810699588,1,0.00301566220500593
0.443692733564014,1,0.505345494078554
0.351880392038568,1,0.553050611047318
2.80338422099786,1,0.0940655697290446
0.662589355735975,1,0.415647289013008
3.43515455627298,1,0.0638226133066125
2.6862,1,0.101220947586377
2.73447261073787,1,0.0982039161363512
12.5416347045322,1,0.000397983977898031
1.20101096931091,1,0.273119711702692
0.271406914763558,1,0.602389559742499
0.171296296296296,1,0.678962308510818
1.5095108448231,1,0.219213742283712
6.85657043427115,1,0.00883158984899568
12.7669565553429,1,0.000352796379942011
10.9373635251987,1,0.000942441823092666
0.569580254176227,1,0.450425760402492
0.000112141091678372,1,0.991550824436859
1.51165618878881,1,0.218886540501116
0.39153429595838,1,0.531494011339707
1.20101096931091,1,0.273119711702692
29.9550575791991,1,4.42177034987168e-08
0.235327203893997,1,0.627601614814355
29.9859741398203,1,4.35182740954332e-08
12.605393138899,1,0.000384635332892347
0.235327203893997,1,0.627601614814355
3.11148475023635,1,0.0777420610804642
0.443692733564014,1,0.505345494078554
0.235327203893997,1,0.627601614814355
0.171296296296296,1,0.678962308510818
0.201969196978914,1,0.653136040111586
0.235327203893997,1,0.627601614814355
0.235327203893997,1,0.627601614814355
2.57152959572934,1,0.108802482120166
5.08207484916447,1,0.0241744240637137
0.0820534819239661,1,0.774533644988166
0.271406914763558,1,0.602389559742499
22.0020576131687,1,2.72358326558475e-06
3.10350385759533,1,0.0781239817057262
0.597686150222504,1,0.439462228901378
0.117861921043131,1,0.731365077864628
11.5800061644428,1,0.000666647206170046
1.52666270077335,1,0.216614005669275
1.33201511395145,1,0.248447043110713
0.351880392038568,1,0.553050611047318
0.271406914763558,1,0.602389559742499
1.68053624437422,1,0.194853213493369
32.6216666666666,1,1.11959670423545e-08
1.05033420777019,1,0.305430128374887
26.7794133787894,1,2.28053924411498e-07
33.107130752405,1,8.72182714939385e-09
0.271406914763558,1,0.602389559742499
13.9564541279313,1,0.000187094219172734
6.56023761639827,1,0.0104282440521021
30.6714061943752,1,3.05636023156808e-08
0.271406914763558,1,0.602389559742499
0.785746046248811,1,0.375389535239207
0.171296296296296,1,0.678962308510818
0.735192239231043,1,0.391205341460776
4.24502590135713,1,0.0393654692331938
0.443692733564014,1,0.505345494078554
1.52666270077335,1,0.216614005669275
0.310245436282645,1,0.577529614887739
0.63079364069085,1,0.427064350681687
0.658051851851851,1,0.417248556443094
0.60604318888049,1,0.436281521042486
0.00255099109451308,1,0.959718102759213
2.80651690144464,1,0.0938820104368892
0.547155575675268,1,0.459482259102442
5.81045653550978,1,0.0159311579143956
1.08405864421542,1,0.297791380623621
2.75447876804704,1,0.0969824186470317
2.35658402203857,1,0.124755105718347
1.25076655195258,1,0.263406120513285
4.8112664287336,1,0.0282742591215555
2.35658402203857,1,0.124755105718347
0.701969502205419,1,0.402122703283218
0.00648648648648644,1,0.935808796863444
2.84657573985266,1,0.0915687807803467
0.790323591230398,1,0.374002296559102
3.26170798898072,1,0.07091522646858
0.773025864980619,1,0.379282601484838
0.201969196978914,1,0.653136040111586
0.439147895572128,1,0.507534016834395
7.51275632690749,1,0.00612635493666158
28.7047520131219,1,8.42966286773716e-08
0.271406914763558,1,0.602389559742499
0.123035396020066,1,0.725765393926298
0.603355719772691,1,0.437300523775819
0.123035396020066,1,0.725765393926298
1.24875,1,0.263791354852089
0.443692733564014,1,0.505345494078554
4.29939887221946,1,0.0381258468406346
0.361889603169611,1,0.54745866661945
33.4920283388685,1,7.15566728093364e-09
1.51165618878881,1,0.218886540501116
0.271406914763558,1,0.602389559742499
0.201969196978914,1,0.653136040111586
2.18018018018018,1,0.139798094417535
1.30458266042816,1,0.253377841613374
35.1264296296296,1,3.08978664875781e-09
0.493948024207903,1,0.482171447122277
0.310245436282645,1,0.577529614887739
0.562145445673868,1,0.453397099254811
1.43118972774255,1,0.231570372408945
0.0426953767040827,1,0.836299925768028
0.547155575675268,1,0.459482259102442
16.1522680055402,1,5.84485404961921e-05
0.351880392038568,1,0.553050611047318
10.9094797630446,1,0.00095673390394968
0.310245436282645,1,0.577529614887739
4.1445265600682,1,0.0417693341740455
0.329973123460411,1,0.565674914382246
7.3739670097044,1,0.00661747917079303
0.235327203893997,1,0.627601614814355
21.3395405474554,1,3.84713979750817e-06
2.03703483354089,1,0.153508627230743
4.37678269844248,1,0.0364317025359325
3.94843429251694,1,0.0469149996503884
1.25076655195258,1,0.263406120513285
2.6862,1,0.101220947586377
12.7728386999415,1,0.000351688725735322
0.171296296296296,1,0.678962308510818
0.351880392038568,1,0.553050611047318
50.5704799524248,1,1.14963594199935e-12
36.2166889082671,1,1.76552128472451e-09
0.493948024207903,1,0.482171447122277
0.328907265777527,1,0.566303239095915
19.3268776045495,1,1.10144948529678e-05
60.6771458031873,1,6.77236045021345e-15
9.0372474839479,1,0.00264533632996133
2.89289403299574,1,0.0889709747745451
0.396349930569331,1,0.528980350898716
0.30515606632555,1,0.580667940721855
0.217029344154959,1,0.641312791326418
47.960512727967,1,4.3488546097592e-12
7.50855415081636,1,0.00614066453495865
4.57265946502057,1,0.0324860956265427
0.310245436282645,1,0.577529614887739
0.443692733564014,1,0.505345494078554
0.0670029669613383,1,0.79575150768762
1.00573224852071,1,0.315927435597613
34.9668859425081,1,3.35360406111818e-09
8.24592396694215,1,0.00408436129114631
1.76199974616099,1,0.184375280601893
0.430953337908048,1,0.511521530290964
3.05747579444327,1,0.0803664269488387
1.16572148708254,1,0.280282106923824
0.201969196978914,1,0.653136040111586
0.376127786865783,1,0.539682899694139
0.235327203893997,1,0.627601614814355
0.500303811212471,1,0.479366660595102
2.76028427369188,1,0.096631065198222
9.31582493724366,1,0.00227183070441339
0.171296296296296,1,0.678962308510818
0.101240126027277,1,0.750346479410184
1.33993585044589,1,0.24704528143187
0.443692733564014,1,0.505345494078554
6.42944821454493,1,0.0112243443548992
3.65569125868899,1,0.0558779631257278
34.3748242005463,1,4.54565329821577e-09
49.3327399242442,1,2.16027196131563e-12
32.957071868406,1,9.42164068984397e-09
2.6803749990032,1,0.101591802741871
0.945560110803324,1,0.330852013654346
10.1548706369665,1,0.0014392049463392
5.34757232652894,1,0.0207511441511756
49.3383673469388,1,2.15405471237773e-12
0.310245436282645,1,0.577529614887739
0.171296296296296,1,0.678962308510818
0.226490953763681,1,0.634138029287199
0.143272405314445,1,0.705049230089236
0.16830800703633,1,0.681619933851312
0.547155575675268,1,0.459482259102442
0.454407751439442,1,0.500249181732936
0.493948024207903,1,0.482171447122277
2.42325685007797,1,0.119546156842897
7.01164435125836,1,0.00809812686406952
1.83471074380165,1,0.175572147774272
1.45007465315918,1,0.228515974156675
1.08405864421542,1,0.297791380623621
6.81680376501261,1,0.00903040450511805
0.201969196978914,1,0.653136040111586
6.55715235964705,1,0.0104463403692203
9.43271061787114,1,0.00213149007646984
0.00262844011610618,1,0.959111715908131
1.16572148708254,1,0.280282106923824
1.33924026769724,1,0.247167992967929
6.83301080171025,1,0.00894882949617004
4.07342997163911,1,0.0435627321373984
18.5940860828558,1,1.61721468086018e-05
0.722261169761523,1,0.395403204655725
0.945560110803324,1,0.330852013654346
0.117861921043131,1,0.731365077864628
40.0706946408209,1,2.44936071425172e-10
3.65569125868899,1,0.0558779631257278
6.08982955770728,1,0.0135962201967768
40.3083737435821,1,2.16877404923821e-10
2.93340603304599,1,0.0867642662182807
0.201969196978914,1,0.653136040111586
18.3984894570842,1,1.79199984704503e-05
1.62570764163294,1,0.202297771439771
1.25076655195258,1,0.263406120513285
0.443692733564014,1,0.505345494078554
0.0552823036530339,1,0.814114128301751
1.62570764163294,1,0.202297771439771
5.27048312504953,1,0.0216899921107278
1.89086110140624,1,0.169104829930854
0.235327203893997,1,0.627601614814355
8.04362857491967,1,0.0045663975718957
0.00338576258244157,1,0.953599431915394
0.288325661587655,1,0.591295488822146
2.96971244414926,1,0.0848369332647847
7.58196724593686,1,0.00589550653981752
0.10280396887725,1,0.748490360617514
0.603355719772691,1,0.437300523775819
0.562145445673868,1,0.453397099254811
0.0115796296296297,1,0.914306105368273
0.235327203893997,1,0.627601614814355
9.31582493724366,1,0.00227183070441339
1.52666270077335,1,0.216614005669275
0.201969196978914,1,0.653136040111586
0.478037487197684,1,0.489312601569089
0.662589355735975,1,0.415647289013008
2.05723592944907,1,0.151484737319426
1.94476934650198,1,0.16315162028933
0.271406914763558,1,0.602389559742499
22.0020576131687,1,2.72358326558475e-06
15.1646846059155,1,9.85290282888851e-05
3.65569125868899,1,0.0558779631257278
0.356550569124168,1,0.5504282303086
0.396349930569331,1,0.528980350898716
23.0211372726973,1,1.60230000623152e-06
9.34446986289617,1,0.00223659342397853
0.376127786865783,1,0.539682899694139
1.70754841765368,1,0.191303759967552
0.000207239375481332,1,0.988514201351109
0.201969196978914,1,0.653136040111586
2.66660147894236,1,0.102474632854996
2.37421976238715,1,0.123353215038565
2.35658402203857,1,0.124755105718347
14.8037931375674,1,0.000119295309529477
0.271406914763558,1,0.602389559742499
15.7659309426501,1,7.16817554106131e-05
1.33924026769724,1,0.247167992967929
0.011430344128694,1,0.914858168390104
0.547155575675268,1,0.459482259102442
2.56106296627504,1,0.109524919931975
0.945560110803324,1,0.330852013654346
2.76507454805121,1,0.096342198673646
0.662589355735975,1,0.415647289013008
0.735192239231043,1,0.391205341460776
0.201969196978914,1,0.653136040111586
20.0360055787021,1,7.59976498021508e-06
31.8918323634408,1,1.63001112607475e-08
0.201969196978914,1,0.653136040111586
0.201969196978914,1,0.653136040111586
8.78623285786739,1,0.00303512371282522
0.171296296296296,1,0.678962308510818
0.790323591230398,1,0.374002296559102
1.52666270077335,1,0.216614005669275
0.0366257604255951,1,0.848229001522372
0.597599877554051,1,0.439495249568434
0.235327203893997,1,0.627601614814355
0.310245436282645,1,0.577529614887739
0.101240126027277,1,0.750346479410184
0.493948024207903,1,0.482171447122277
0.443692733564014,1,0.505345494078554
0.439147895572128,1,0.507534016834395
0.351880392038568,1,0.553050611047318
0.235327203893997,1,0.627601614814355
17.4729659590779,1,2.9142232565782e-05
0.123035396020066,1,0.725765393926298
0.00338576258244157,1,0.953599431915394
1.15574427294874,1,0.282349892503471
11.7162162162162,1,0.000619578045020663
1.94476934650198,1,0.16315162028933
1.10437863194007,1,0.29330718183043
0.351880392038568,1,0.553050611047318
0.226490953763681,1,0.634138029287199
0.310245436282645,1,0.577529614887739
3.43515455627298,1,0.0638226133066125
3.65569125868899,1,0.0558779631257278
0.223991770251816,1,0.636015078028594
0.310245436282645,1,0.577529614887739
10.9373635251987,1,0.000942441823092666
26.3023095046472,1,2.91939359908788e-07
12.8967258382643,1,0.000329157439211358
8.47609152835919,1,0.0035984440067659
0.280344011084797,1,0.596475828319324
21.4446170391124,1,3.64197011271106e-06
0.555730984445001,1,0.455985425981351
2.40207063239611,1,0.121174764914665
0.271406914763558,1,0.602389559742499
0.235327203893997,1,0.627601614814355
24.9975371042924,1,5.74035939893136e-07
0.235327203893997,1,0.627601614814355
23.0211372726973,1,1.60230000623152e-06
0.443692733564014,1,0.505345494078554
0.171296296296296,1,0.678962308510818
0.235327203893997,1,0.627601614814355
0.235327203893997,1,0.627601614814355
0.237088299372037,1,0.626317053257915
1.00573224852071,1,0.315927435597613
0.171296296296296,1,0.678962308510818
0.0578620844527779,1,0.809907480162082
0.396349930569331,1,0.528980350898716
1.83471074380165,1,0.175572147774272
0.518616666666667,1,0.471432369827847
1.33924026769724,1,0.247167992967929
0.0685376727258719,1,0.793477946901835
1.43118972774255,1,0.231570372408945
19.5608934440511,1,9.74435115874694e-06
0.00721730740866236,1,0.932297374872854
0.212687074829932,1,0.6446694053273
5.58748422283987,1,0.0180892585968087
0.271406914763558,1,0.602389559742499
18.3984894570842,1,1.79199984704503e-05
0.00338576258244157,1,0.953599431915394
3.32694229709593,1,0.0681534689728748
30.403577484873,1,3.50880458022118e-08
2.35658402203857,1,0.124755105718347
5.72646744948772,1,0.0167110655108373
9.0372474839479,1,0.00264533632996133
0.162162162162162,1,0.687173618309648
0.930697168883598,1,0.334681831689834
0.662589355735975,1,0.415647289013008
0.88530058821049,1,0.346753989243306
5.71124311095695,1,0.0168565986210761
0.945560110803324,1,0.330852013654346
0.310245436282645,1,0.577529614887739
7.96016369474017,1,0.00478180892324798
9.31582493724366,1,0.00227183070441339
1.83471074380165,1,0.175572147774272
2.96971244414926,1,0.0848369332647847
5.01226878573922,1,0.0251683021374411
9.10364640278404,1,0.00255100428007804
16.2707226022855,1,5.49057864673852e-05
0.171296296296296,1,0.678962308510818
0.143272405314445,1,0.705049230089236
45.8123141420842,1,1.3014256339261e-11
1.94476934650198,1,0.16315162028933
0.547155575675268,1,0.459482259102442
0.396349930569331,1,0.528980350898716
2.86195963541667,1,0.0906969445754541
8.93949116984644,1,0.00279070448711549
0.603355719772691,1,0.437300523775819
0.226490953763681,1,0.634138029287199
0.547155575675268,1,0.459482259102442
0.143272405314445,1,0.705049230089236
0.235327203893997,1,0.627601614814355
0.0820534819239661,1,0.774533644988166
3.90649729279467,1,0.0480997488157168
0.271406914763558,1,0.602389559742499
2.78084095950217,1,0.0953980648769184
10.5273720831919,1,0.00117619344427033
32.1661429072966,1,1.41535797526515e-08
0.238128994045136,1,0.62556073162705
2.94606636230629,1,0.0860868637852894
0.295084635416667,1,0.58698044981823
0.646565513148063,1,0.421343281151879
0.10280396887725,1,0.748490360617514
0.0409900190468359,1,0.839557189060295
29.9859741398203,1,4.35182740954332e-08
26.5994756829361,1,2.50311674609982e-07
21.8899339735105,1,2.8874457667083e-06
1.00573224852071,1,0.315927435597613
2.05860082304527,1,0.151349086158636
0.603355719772691,1,0.437300523775819
0.171296296296296,1,0.678962308510818
4.01621011593311,1,0.0450648726556315
2.93340603304599,1,0.0867642662182807
1.51165618878881,1,0.218886540501116
8.45845845845846,1,0.00363349679403024
1.11692336009531,1,0.290581899872299
0.171296296296296,1,0.678962308510818
1.45053035168839,1,0.228442872164726
7.3185652700206,1,0.00682458730352686
27.4225193434812,1,1.63515992523955e-07
5.79943482963765,1,0.0160313267560783
9.97971490065915,1,0.00158274188961438
0.310245436282645,1,0.577529614887739
2.55270800554723,1,0.110105388781717
1.25076655195258,1,0.263406120513285
0.23148702728347,1,0.630423405653007
0.143272405314445,1,0.705049230089236
0.235327203893997,1,0.627601614814355
2.12348991667673,1,0.145055681584272
1.51165618878881,1,0.218886540501116
0.171296296296296,1,0.678962308510818
1.51165618878881,1,0.218886540501116
9.52561224489796,1,0.00202623979645955
0.000397069502314294,1,0.984101923327118
4.47823566477631,1,0.0343291425300905
3.26170798898072,1,0.07091522646858
0.235327203893997,1,0.627601614814355
6.0334928309968,1,0.0140369304048328
0.0844744624455217,1,0.771322910488903
18.2617958323938,1,1.92529980281853e-05
0.597599877554051,1,0.439495249568434
8.41161453397964,1,0.00372831410877072
4.78963071699374,1,0.0286315644183279
3.81683965354193,1,0.0507398570550597
0.235327203893997,1,0.627601614814355
0.271406914763558,1,0.602389559742499
0.956994184266911,1,0.327945354552966
1.08405864421542,1,0.297791380623621
1.20101096931091,1,0.273119711702692
0.0156544594690058,1,0.900430305612513
0.310245436282645,1,0.577529614887739
1.08405864421542,1,0.297791380623621
1.62570764163294,1,0.202297771439771
0.790323591230398,1,0.374002296559102
0.00219335344142556,1,0.962646127275217
0.201969196978914,1,0.653136040111586
0.0236230735696108,1,0.877847866005715
7.16919488514474,1,0.00741660533491539
1.00573224852071,1,0.315927435597613
1.00573224852071,1,0.315927435597613
0.0844744624455217,1,0.771322910488903
0.00721730740866236,1,0.932297374872854
3.65569125868899,1,0.0558779631257278
7.96016369474017,1,0.00478180892324798
0.288325661587655,1,0.591295488822146
0.396349930569331,1,0.528980350898716
0.662589355735975,1,0.415647289013008
0.547155575675268,1,0.459482259102442
3.92788513836919,1,0.0474916334384773
0.724897959183674,1,0.394541974238978
0.633070390888711,1,0.426231306089253
0.547155575675268,1,0.459482259102442
0.201969196978914,1,0.653136040111586
0.201969196978914,1,0.653136040111586
0.117861921043131,1,0.731365077864628
0.143272405314445,1,0.705049230089236
2.76028427369188,1,0.096631065198222
0.30515606632555,1,0.580667940721855
6.06993613987228,1,0.0137501932080517
0.235327203893997,1,0.627601614814355
50.3876379494482,1,1.26187948978895e-12
0.0971344027942101,1,0.755295946159768
0.96308521689947,1,0.32641078178438
4.19371269898987,1,0.0405741471251463
0.735192239231043,1,0.391205341460776
2.6862,1,0.101220947586377
0.945560110803324,1,0.330852013654346
0.930697168883598,1,0.334681831689834
0.493948024207903,1,0.482171447122277
0.443692733564014,1,0.505345494078554
0.201969196978914,1,0.653136040111586
7.21065604419923,1,0.00724719994488399
4.37635139271503,1,0.0364409233452434
0.271406914763558,1,0.602389559742499
2.05860082304527,1,0.151349086158637
0.351880392038568,1,0.553050611047318
0.396349930569331,1,0.528980350898716
2.27425461817109,1,0.131538352306475
1.00573224852071,1,0.315927435597613
8.53022746488706,1,0.00349296042698288
2.98555145320879,1,0.0840106665001346
0.351880392038568,1,0.553050611047318
8.24592396694215,1,0.00408436129114631
0.271406914763558,1,0.602389559742499
0.310245436282645,1,0.577529614887739
0.143272405314445,1,0.705049230089236
1.53863273441211,1,0.214821434678456
11.7353151065446,1,0.00061325200548723
11.8304317605359,1,0.000582704811262325
0.0844744624455217,1,0.771322910488903
0.0263327124791688,1,0.871090424565133
33.7852312522642,1,6.15443107587765e-09
9.52561224489796,1,0.00202623979645955
14.2567947401817,1,0.000159483991432396
1.20101096931091,1,0.273119711702692
0.945560110803324,1,0.330852013654346
0.351880392038568,1,0.553050611047318
0.123035396020066,1,0.725765393926298
0.235327203893997,1,0.627601614814355
6.55715235964705,1,0.0104463403692203
0.171296296296296,1,0.678962308510818
24.4553642726298,1,7.60514684117197e-07
37.0407827215446,1,1.15684140045147e-09
0.171296296296296,1,0.678962308510818
6.168328728964,1,0.0130057416865768
0.511353865600786,1,0.474553364645714
2.6803749990032,1,0.101591802741871
14.3717340294379,1,0.000150037728551933
20.311323176194,1,6.58099661221545e-06
0.310245436282645,1,0.577529614887739
0.0820534819239661,1,0.774533644988166
2.93340603304599,1,0.0867642662182807
16.441906287186,1,5.01638971618368e-05
4.57265946502057,1,0.0324860956265427
0.396349930569331,1,0.528980350898716
3.73859332206748,1,0.0531691888890993
30.6714061943752,1,3.05636023156808e-08
1.83471074380165,1,0.175572147774272
6.11533401903327,1,0.0134014086193421
10.9373635251987,1,0.000942441823092666
5.3218928192547,1,0.0210591240573078
0.656210155957727,1,0.417901097723707
4.57265946502057,1,0.0324860956265427
3.04504504504505,1,0.0809838691937457
0.871586854571513,1,0.350516374547203
1.10437863194007,1,0.29330718183043
0.30515606632555,1,0.580667940721855
0.396349930569331,1,0.528980350898716
2.04044257343169,1,0.153165077685804
0.603355719772691,1,0.437300523775819
1.15008058073448,1,0.283532281887134
0.724897959183674,1,0.394541974238978
0.204489676313682,1,0.651121056177008
6.81680376501261,1,0.00903040450511805
0.235327203893997,1,0.627601614814355
0.0548355116929065,1,0.81485313207753
7.43131112927985,1,0.00640986225870044
2.3818274591851,1,0.122753873283549
4.44117759705563,1,0.0350820413849134
8.904912151279,1,0.00284404559884865
1.20101096931091,1,0.273119711702692
0.858908907763101,1,0.354044206183144
0.0236230735696108,1,0.877847866005715
0.493948024207903,1,0.482171447122277
1.48645099847973,1,0.222767924940647
5.756818526742,1,0.0164247860778469
11.4593368150953,1,0.000711356818598019
12.5735171677078,1,0.00039125155362929
4.07897645881437,1,0.0434199532096321
0.30515606632555,1,0.580667940721855
18.0574236961919,1,2.14341242606997e-05
1.43118972774255,1,0.231570372408945
9.52561224489796,1,0.00202623979645955
2.6803749990032,1,0.101591802741871
0.111076869806094,1,0.738921449965167
13.2320617854898,1,0.000275200928452457
0.143272405314445,1,0.705049230089236
0.351880392038568,1,0.553050611047318
0.443692733564014,1,0.505345494078554
0.662589355735975,1,0.415647289013008
2.05860082304527,1,0.151349086158636
1.79017105132779,1,0.180905323420344
12.3924087842039,1,0.000431082792338167
0.117861921043131,1,0.731365077864628
0.63079364069085,1,0.427064350681687
1.52666270077335,1,0.216614005669275
13.0383270045795,1,0.000305180593262344
0.310245436282645,1,0.577529614887739
1.24559346068257,1,0.264395774319752
18.4175179260894,1,1.77419389563171e-05
17.1917523419823,1,3.37900187633577e-05
6.50405918875449,1,0.0107628497049688
13.9031297444283,1,0.000192477693143789
11.4167129331287,1,0.000727863579065957
0.860687679060653,1,0.353546321039079
1.23198844505663,1,0.267020681113832
0.787136776859504,1,0.374967307867984
0.493948024207903,1,0.482171447122277
1.1625353690311,1,0.280940347168996
1.51165618878881,1,0.218886540501116
0.223991770251816,1,0.636015078028594
12.8967258382643,1,0.000329157439211358
0.603355719772691,1,0.437300523775819
1.33924026769724,1,0.247167992967929
0.00721730740866236,1,0.932297374872854
43.6104081134248,1,4.00701694047711e-11
1.1625353690311,1,0.280940347168996
4.30886806535599,1,0.0379141813157884
0.396349930569331,1,0.528980350898716
0.14615970276234,1,0.702232634425247
1.919758943711,1,0.16588323667367
0.235327203893997,1,0.627601614814355
10.81550233362,1,0.00100653710709631
0.945560110803324,1,0.330852013654346
2.93750516071097,1,0.0865443092004172
1.51165618878881,1,0.218886540501116
2.96350569950078,1,0.085163110134323
0.00616286441460129,1,0.937427217411924
0.603355719772691,1,0.437300523775819
39.3419442056617,1,3.55717455491344e-10
20.6192449899502,1,5.60300419494286e-06
4.01621011593311,1,0.0450648726556315
0.790323591230398,1,0.374002296559102
6.78098130455728,1,0.00921342238653211
10.1375430835782,1,0.00145279672504617
10.7926692873797,1,0.00101902834099299
0.569580254176227,1,0.450425760402492
0.396349930569331,1,0.528980350898716
0.396349930569331,1,0.528980350898716
4.47823566477631,1,0.0343291425300905
2.46377517352601,1,0.116498483503683
0.201969196978914,1,0.653136040111586
0.271406914763558,1,0.602389559742499
24.1176642485638,1,9.06251702237348e-07
2.35658402203857,1,0.124755105718347
13.1363240099813,1,0.000289625535183302
0.310245436282645,1,0.577529614887739
10.3997147682492,1,0.00126034780531359
4.58994694547649,1,0.0321600097157855
1.6417243689971,1,0.200089041949775
0.956994184266911,1,0.327945354552966
0.511353865600786,1,0.474553364645714
3.92788513836919,1,0.0474916334384773
0.0153853796799711,1,0.901285333787101
4.28982604162979,1,0.0383410882754577
0.493948024207903,1,0.482171447122277
0.420383286483248,1,0.516745853714097
2.6803749990032,1,0.101591802741871
1.16572148708254,1,0.280282106923824
1.9719246309677,1,0.1602437213621
22.0020576131687,1,2.72358326558475e-06
0.00721730740866236,1,0.932297374872854
49.3383673469388,1,2.15405471237773e-12
0.0844744624455217,1,0.771322910488903
1.18314466987316,1,0.27671673190109
0.396349930569331,1,0.528980350898716
4.25609467455621,1,0.0391097343729656
0.018799275643156,1,0.890943492160769
0.602543203366476,1,0.437609320706139
0.271406914763558,1,0.602389559742499
10.226791576469,1,0.00138415227130018
0.662589355735975,1,0.415647289013008
67.5375709454322,1,2.22044604925031e-16
0.396349930569331,1,0.528980350898716
0.00338576258244157,1,0.953599431915394
0.235327203893997,1,0.627601614814355
12.8967258382643,1,0.000329157439211358
4.78565189090744,1,0.0286977832068461
105.900138132481,1,0
1.08405864421542,1,0.297791380623621
1.62570764163294,1,0.202297771439771
1.33924026769724,1,0.247167992967929
22.0020576131687,1,2.72358326558475e-06
0.82421859945273,1,0.363949626655482
0.171296296296296,1,0.678962308510818
1.37542244945544,1,0.240882412222345
9.64785347294485,1,0.00189572980110864
7.89899670694942,1,0.00494622247121823
0.119550676435009,1,0.72952232894881
0.201969196978914,1,0.653136040111586
0.143272405314445,1,0.705049230089236
0.420383286483248,1,0.516745853714097
1.24875,1,0.263791354852089
0.201969196978914,1,0.653136040111586
6.83317023032538,1,0.00894803080110695
0.143272405314445,1,0.705049230089236
16.1522680055402,1,5.84485404961921e-05
4.29939887221946,1,0.0381258468406346
0.230565116568002,1,0.631105119335712
0.201969196978914,1,0.653136040111586
0.226490953763681,1,0.634138029287199
5.756818526742,1,0.0164247860778469
0.271406914763558,1,0.602389559742499
1.15890118308604,1,0.281693541987194
2.27425461817109,1,0.131538352306475
0.143272405314445,1,0.705049230089236
0.201969196978914,1,0.653136040111586
0.989889748772667,1,0.319769322346855
0.493948024207903,1,0.482171447122277
1.35657709250425,1,0.244131583318369
2.35658402203857,1,0.124755105718347
0.235327203893997,1,0.627601614814355
2.15290061583653,1,0.14230082705213
0.351880392038568,1,0.553050611047318
0.930697168883598,1,0.334681831689834
2.55270800554723,1,0.110105388781717
0.930697168883598,1,0.334681831689834
0.271406914763558,1,0.602389559742499
1.89086110140624,1,0.169104829930854
0.235327203893997,1,0.627601614814355
4.57265946502057,1,0.0324860956265427
0.171296296296296,1,0.678962308510818
1.52666270077335,1,0.216614005669275
0.0578620844527779,1,0.809907480162082
0.0820534819239661,1,0.774533644988166
6.15124036459843,1,0.0131319969335368
42.1336415627578,1,8.52440340537441e-11
0.790323591230398,1,0.374002296559102
0.443692733564014,1,0.505345494078554
13.5515916506719,1,0.000232094518104242
0.790323591230398,1,0.374002296559102
0.171296296296296,1,0.678962308510818
44.0202829180933,1,3.24991145106424e-11
0.143272405314445,1,0.705049230089236
1.09109137482153,1,0.296229521971411
15.2923477665809,1,9.20888045730095e-05
1.20101096931091,1,0.273119711702692
32.9211442728924,1,9.59737311845288e-09
2.8820216173758,1,0.0895735009024323
0.140583835908938,1,0.707701288934107
0.201969196978914,1,0.653136040111586
7.67564409526572,1,0.00559711114662187
0.0110541590790843,1,0.916265702847687
0.930697168883598,1,0.334681831689834
0.0288125518617424,1,0.865212566502597
0.0236230735696108,1,0.877847866005715
18.2617958323938,1,1.92529980281853e-05
1.08405864421542,1,0.297791380623621
3.65569125868899,1,0.0558779631257278
13.6796020985184,1,0.000216796539023956
1.16572148708254,1,0.280282106923824
25.7529575531811,1,3.8803193114223e-07
2.08863629599578,1,0.148398485595421
0.0263327124791688,1,0.871090424565133
57.3369951697351,1,3.67483821150927e-14
0.0255676383105294,1,0.872960764089304
0.117861921043131,1,0.731365077864628
0.551630618014259,1,0.457652188937118
1.16572148708254,1,0.280282106923824
5.24420295123158,1,0.0220200136291449
0.23148702728347,1,0.630423405653007
1.38820426837076,1,0.238708589898094
2.99366063876209,1,0.0835910078163373
10.544831063867,1,0.00116513471397139
0.724897959183674,1,0.394541974238978
0.351880392038568,1,0.553050611047318
0.351880392038568,1,0.553050611047318
0.143272405314445,1,0.705049230089236
1.09084919261822,1,0.296283131828008
2.94606636230629,1,0.0860868637852894
3.14625850340136,1,0.0761012727344652
0.000207239375481332,1,0.988514201351109
0.201969196978914,1,0.653136040111586
0.493948024207903,1,0.482171447122277
0.23148702728347,1,0.630423405653007
37.3121524044989,1,1.00655428436625e-09
0.329580491000886,1,0.565906214637579
0.454407751439442,1,0.500249181732936
12.7759945307731,1,0.000351095904198573
0.493948024207903,1,0.482171447122277
0.597599877554051,1,0.439495249568434
4.65478634969798,1,0.0309670860882328
3.65569125868899,1,0.0558779631257278
0.310245436282645,1,0.577529614887739
7.51275632690749,1,0.00612635493666158
1.08405864421542,1,0.297791380623621
21.2899747899828,1,3.94790788704746e-06
0.184115363261539,1,0.667860158691938
19.8792183195592,1,8.24922042041987e-06
93.1712363906898,1,0
1.20101096931091,1,0.273119711702692
0.271406914763558,1,0.602389559742499
2.35658402203857,1,0.124755105718347
6.78780921009046,1,0.00917824775360943
0.235327203893997,1,0.627601614814355
35.1969984709316,1,2.97982460928381e-09
0.497312999869987,1,0.480683151990231
31.9348162655817,1,1.59433739543857e-08
1.27421882726892,1,0.258976720294127
0.871586854571513,1,0.350516374547203
2.69382056777602,1,0.100738008138434
9.31582493724366,1,0.00227183070441339
1.33924026769724,1,0.247167992967929
0.0183471074380166,1,0.892254912290382
0.317837837837838,1,0.572909931641841
1.72837370242214,1,0.188618724091759
0.930697168883598,1,0.334681831689834
4.57265946502057,1,0.0324860956265427
2.93340603304599,1,0.0867642662182807
0.493948024207903,1,0.482171447122277
0.10280396887725,1,0.748490360617514
15.4108527777698,1,8.64901338526458e-05
21.1753213938637,1,4.19126801265435e-06
23.3861958841559,1,1.32526146112699e-06
0.790323591230398,1,0.374002296559102
0.529089218178437,1,0.466990022912779
0.0442738801231863,1,0.833344884437158
4.41403540643089,1,0.0356444257861173
10.2113357420314,1,0.00139580041755394
0.396349930569331,1,0.528980350898716
15.1509393687286,1,9.92489213259562e-05
9.09210221387363,1,0.00256715626785331
0.396349930569331,1,0.528980350898716
9.0372474839479,1,0.00264533632996133
0.547155575675268,1,0.459482259102442
0.171296296296296,1,0.678962308510818
0.662589355735975,1,0.415647289013008
5.36148648648649,1,0.0205862191822441
0.310245436282645,1,0.577529614887739
3.92788513836919,1,0.0474916334384773
0.351880392038568,1,0.553050611047318
2.37421976238715,1,0.123353215038565
5.3433078068735,1,0.0208019648945682
14.4661308054293,1,0.000142702464262734
0.959971667693594,1,0.327194016197348
0.443692733564014,1,0.505345494078554
12.6784813420157,1,0.000369887874273167
0.756420876149272,1,0.384450926430995
0.271406914763558,1,0.602389559742499
3.69088654825556,1,0.0547105289164175
0.235327203893997,1,0.627601614814355
4.07620263095495,1,0.0434912960764366
2.25940751473296,1,0.132804862150123
0.790323591230398,1,0.374002296559102
0.10280396887725,1,0.748490360617514
0.117861921043131,1,0.731365077864628
0.237088299372037,1,0.626317053257915
0.396349930569331,1,0.528980350898716
34.3459860664901,1,4.61350879721323e-09
0.930697168883598,1,0.334681831689834
0.0260724838347988,1,0.871723425756335
0.0291814395597841,1,0.864360774892945
0.271406914763558,1,0.602389559742499
0.892575905887508,1,0.344780215211916
0.271406914763558,1,0.602389559742499
0.735192239231043,1,0.391205341460776
1.43118972774255,1,0.231570372408945
6.81680376501261,1,0.00903040450511805
0.735192239231043,1,0.391205341460776
0.288325661587655,1,0.591295488822146
0.119550676435009,1,0.72952232894881
17.1917523419823,1,3.37900187633577e-05
0.547155575675268,1,0.459482259102442
0.162162162162162,1,0.687173618309648
1.82334300096649,1,0.176915864961322
0.305492006098815,1,0.580459735920054
18.3650514011813,1,1.82372562916866e-05
0.790323591230398,1,0.374002296559102
34.3459860664901,1,4.61350879721323e-09
1.45007465315918,1,0.228515974156675
9.67140953563173,1,0.00187157667947135
0.0183471074380166,1,0.892254912290382
0.244790371748214,1,0.620767463739864
0.220438447053996,1,0.638706046620787
22.9964191906473,1,1.62303425788046e-06
1.00573224852071,1,0.315927435597613
1.33924026769724,1,0.247167992967929
5.01258954592212,1,0.0251636395044638
6.76795162509448,1,0.00928092966382954
1.16572148708254,1,0.280282106923824
0.235327203893997,1,0.627601614814355
52.4594907407407,1,4.39204228541712e-13
0.117861921043131,1,0.731365077864628
17.4622119391673,1,2.9307552895208e-05
3.4755883423524,1,0.0622805710908411
0.930697168883598,1,0.334681831689834
0.493948024207903,1,0.482171447122277
2.05860082304527,1,0.151349086158636
0.562145445673868,1,0.453397099254811
4.57265946502057,1,0.0324860956265427
0.603355719772691,1,0.437300523775819
0.351880392038568,1,0.553050611047318
0.858908907763101,1,0.354044206183144
0.55107014638869,1,0.457880762323765
0.235327203893997,1,0.627601614814355
39.3419442056617,1,3.55717455491344e-10
0.310245436282645,1,0.577529614887739
3.17401805871347,1,0.0748181713959858
7.25322112888365,1,0.00707739449482148
0.310245436282645,1,0.577529614887739
0.000112141091678372,1,0.991550824436859
0.00397899174639333,1,0.949703397704659
0.493948024207903,1,0.482171447122277
0.000166875692252244,1,0.989693184001688
1.08405864421542,1,0.297791380623621
1.77606851851852,1,0.182632831715325
8.43572151387848,1,0.00367920869844252
1.48645099847973,1,0.222767924940647
0.310245436282645,1,0.577529614887739
1.15574427294874,1,0.282349892503471
0.500400744420727,1,0.479324091482555
1.52666270077335,1,0.216614005669275
1.08405864421541,1,0.297791380623621
0.139944684753448,1,0.708336009315603
8.27194471647609,1,0.00402623575183947
0.97060735018119,1,0.324528754227841
3.7470213983514,1,0.0529017035049562
0.0632037427304804,1,0.801502126743451
3.67057042285912,1,0.0553812273922336
1.00573224852071,1,0.315927435597613
7.65081234094755,1,0.00567467625158713
0.104760476833947,1,0.746189981845332
0.271406914763558,1,0.602389559742499
0.201969196978914,1,0.653136040111586
0.362020463814704,1,0.54738625733132
0.439147895572128,1,0.507534016834395
2.17625722968336,1,0.140154938211153
1.33924026769724,1,0.247167992967929
0.396349930569331,1,0.528980350898716
27.4497527076601,1,1.61229486983494e-07
0.351880392038568,1,0.553050611047318
0.201969196978914,1,0.653136040111586
0.201969196978914,1,0.653136040111586
0.143272405314445,1,0.705049230089236
0.310245436282645,1,0.577529614887739
0.310245436282645,1,0.577529614887739
0.493948024207903,1,0.482171447122277
0.945560110803324,1,0.330852013654346
4.33681191395477,1,0.0372966988035867
9.38993843140478,1,0.00218179532556806
0.271406914763558,1,0.602389559742499
0.962395353396726,1,0.326584107211651
0.143272405314445,1,0.705049230089236
0.201969196978914,1,0.653136040111586
0.0176977040816326,1,0.894167505169529
0.237088299372037,1,0.626317053257915
0.396349930569331,1,0.528980350898716
0.171296296296296,1,0.678962308510818
3.65569125868899,1,0.0558779631257278
0.198898855402107,1,0.65561113008815
43.0413030534027,1,5.35963495806868e-11
0.603355719772691,1,0.437300523775819
8.41161453397964,1,0.00372831410877072
6.83317023032538,1,0.00894803080110695
5.71124311095695,1,0.0168565986210761
5.84518333926664,1,0.0156197464435329
0.171296296296296,1,0.678962308510817
8.41161453397964,1,0.00372831410877072
3.43135135135135,1,0.0639697380115368
0.930697168883598,1,0.334681831689834
4.09488545159546,1,0.0430131445114106
0.285381192238092,1,0.593195689177134
0.235327203893997,1,0.627601614814355
1.33993585044589,1,0.24704528143187
0.244790371748214,1,0.620767463739864
1.08405864421542,1,0.297791380623621
0.443692733564014,1,0.505345494078554
0.493948024207903,1,0.482171447122277
0.235327203893997,1,0.627601614814355
0.235327203893997,1,0.627601614814355
0.603355719772691,1,0.437300523775819
3.68184937687345,1,0.0550078045147847
0.235327203893997,1,0.627601614814355
10.7926692873797,1,0.00101902834099299
0.0199689726229454,1,0.887623773999406
1.02113278736656,1,0.312250459436857
1.51165618878881,1,0.218886540501116
3.90227933507541,1,0.0482206439364614
0.201969196978914,1,0.653136040111586
19.0532114050533,1,1.27123664186435e-05
0.726694854902263,1,0.393956617013521
26.9997606030309,1,2.03480661320476e-07
22.667522790329,1,1.92595770864834e-06
3.46064281585946,1,0.0628458784242006
0.288325661587655,1,0.591295488822146
0.201969196978914,1,0.653136040111586
0.0236230735696108,1,0.877847866005715
1.6417243689971,1,0.200089041949775
3.85664167339002,1,0.0495494138809739
1.57339175631361,1,0.209715131394497
3.48459236954866,1,0.0619426150192137
0.271406914763558,1,0.602389559742499
1.92392392392392,1,0.165424733980327
4.57265946502057,1,0.0324860956265427
0.117861921043131,1,0.731365077864628
12.6882665224446,1,0.000367957229561511
49.9474417580482,1,1.57918123022682e-12
4.24554638314834,1,0.0393534047158667
0.117861921043131,1,0.731365077864628
0.143272405314445,1,0.705049230089236
0.285381192238092,1,0.593195689177134
0.569580254176227,1,0.450425760402492
15.8239213243147,1,6.95180410631435e-05
0.493948024207903,1,0.482171447122277
0.310245436282645,1,0.577529614887739
7.96016369474017,1,0.00478180892324798
0.945560110803324,1,0.330852013654346
0.603355719772691,1,0.437300523775819
3.11148475023635,1,0.0777420610804642
0.00154089422644538,1,0.968687701154275
30.1269897933461,1,4.04660077668595e-08
4.68289115646258,1,0.0304644352928586
0.235327203893997,1,0.627601614814355
17.8411902207586,1,2.40128413985241e-05
6.78098130455728,1,0.00921342238653211
0.0597195982207718,1,0.806939676976316
15.2923477665809,1,9.20888045730095e-05
0.111076869806094,1,0.738921449965167
7.3185652700206,1,0.00682458730352686
0.143272405314445,1,0.705049230089236
7.84952904808316,1,0.00508339477337771
1.32032696848319,1,0.250533378503077
0.421282704870436,1,0.516297692472219
19.8260468139052,1,8.48189544044864e-06
5.69722970048477,1,0.0169917116517506
0.351880392038568,1,0.553050611047318
0.235327203893997,1,0.627601614814355
2.91199649353495,1,0.0879229712259635
9.06275304337647,1,0.00260868905077338
0.858908907763101,1,0.354044206183144
0.336987687637038,1,0.561573167931897
3.65569125868899,1,0.0558779631257278
0.00338576258244157,1,0.953599431915394
1.62570764163294,1,0.202297771439771
5.756818526742,1,0.0164247860778469
1.83471074380165,1,0.175572147774272
0.212687074829932,1,0.6446694053273
0.735192239231043,1,0.391205341460776
0.143272405314445,1,0.705049230089236
15.2923477665809,1,9.20888045730095e-05
0.351880392038568,1,0.553050611047318
3.67876304005481,1,0.0551097206967432
0.46139308812626,1,0.496973630330276
0.201969196978914,1,0.653136040111586
0.235327203893997,1,0.627601614814355
12.1252625731145,1,0.000497433268397685
0.0874657760599292,1,0.767423962070031
1.20132044893609,1,0.273057922748067
3.71348522622311,1,0.0539745784208602
0.0487566171697162,1,0.825241150814997
2.62165946436359,1,0.105414146595066
0.000835435313368997,1,0.976941236853569
3.90649729279467,1,0.0480997488157168
16.7047980060246,1,4.36704120864162e-05
9.23252177797632,1,0.00237753972139698
0.443692733564014,1,0.505345494078554
3.14625850340136,1,0.0761012727344652
1.72837370242214,1,0.188618724091759
0.396349930569331,1,0.528980350898716
0.310245436282645,1,0.577529614887739
0.478037487197684,1,0.489312601569089
2.17625722968336,1,0.140154938211153
0.117861921043131,1,0.731365077864628
0.655794011348536,1,0.418048754266465
0.201969196978914,1,0.653136040111586
0.852592739535808,1,0.355819897630452
0.82421859945273,1,0.363949626655482
2.17625722968336,1,0.140154938211153
1.16572148708254,1,0.280282106923824
0.412455410225922,1,0.520725859791284
21.2200243678498,1,4.09464153183769e-06
2.37632634624686,1,0.123186931941568
0.0844744624455217,1,0.771322910488903
0.735192239231043,1,0.391205341460776
0.930697168883598,1,0.334681831689834
1.33924026769724,1,0.247167992967929
0.000525776153504073,1,0.981706262277856
0.396349930569331,1,0.528980350898716
13.4304083195629,1,0.00024757822114152
0.201969196978914,1,0.653136040111586
0.201969196978914,1,0.653136040111586
17.2071133872695,1,3.35178955555016e-05
19.8792183195592,1,8.24922042041987e-06
1.52666270077335,1,0.216614005669275
3.97493638106049,1,0.0461821978530605
16.1522680055402,1,5.84485404961921e-05
8.91485870675339,1,0.00282859695923587
4.57265946502057,1,0.0324860956265427
0.784864864864865,1,0.37565740839166
1.48306421582692,1,0.223295712060488
0.271406914763558,1,0.602389559742499
0.22256384626401,1,0.637093301699516
1.72837370242214,1,0.188618724091759
0.139944684753448,1,0.708336009315603
2.35658402203857,1,0.124755105718347
0.420383286483248,1,0.516745853714097
1.20101096931091,1,0.273119711702692
2.44003642039542,1,0.118273479598055
5.46272698203216,1,0.0194263063372179
29.848897043012,1,4.67062508668903e-08
0.287957017659752,1,0.59153270554147
29.9550575791991,1,4.42177034987168e-08
10.9373635251987,1,0.000942441823092666
0.430953337908048,1,0.511521530290964
7.22446216439746,1,0.00719167161053036
0.310245436282645,1,0.577529614887739
0.962395353396726,1,0.326584107211651
0.235327203893997,1,0.627601614814355
2.93340603304599,1,0.0867642662182807
4.07897645881437,1,0.0434199532096321
1.52666270077335,1,0.216614005669275
0.351880392038568,1,0.553050611047318
0.30515606632555,1,0.580667940721855
15.7429594553017,1,7.25574769583348e-05
0.201969196978914,1,0.653136040111586
0.396349930569331,1,0.528980350898716
3.14625850340136,1,0.0761012727344652
0.201969196978914,1,0.653136040111586
4.43791674651899,1,0.0351491126161956
0.396349930569331,1,0.528980350898716
0.30515606632555,1,0.580667940721855
0.171296296296296,1,0.678962308510818
1.5331540289881,1,0.215639697759002
95.9449588477366,1,0
0.396349930569331,1,0.528980350898716
0.866045059624084,1,0.352052535234871
0.235327203893997,1,0.627601614814355
0.547155575675268,1,0.459482259102442
1.25076655195258,1,0.263406120513285
1.45810607183365,1,0.227231705064345
26.8032716321561,1,2.25255663899304e-07
0.201969196978914,1,0.653136040111586
0.603355719772691,1,0.437300523775819
4.1445265600682,1,0.0417693341740455
0.343740801601775,1,0.557677878039027
1.48645099847973,1,0.222767924940647
0.201969196978914,1,0.653136040111586
0.000207239375481332,1,0.988514201351109
1.83471074380165,1,0.175572147774272
8.26802136063586,1,0.00403494561929174
55.5,1,9.34807786734382e-14
0.143272405314445,1,0.705049230089236
6.61323680488333,1,0.0101223509038199
15.4669252472021,1,8.39616754167993e-05
1.00573224852071,1,0.315927435597613
2.54315779264056,1,0.110773045854694
0.310245436282645,1,0.577529614887739
21.3680166434227,1,3.79041890241627e-06
3.19973318025633,1,0.0736502850128632
0.0183471074380166,1,0.892254912290382
0.962395353396726,1,0.326584107211651
0.662589355735975,1,0.415647289013008
2.63986328150655,1,0.10421251174089
0.724897959183674,1,0.394541974238978
12.5366765789156,1,0.00039904140521263
2.93340603304599,1,0.0867642662182807
1.52666270077335,1,0.216614005669275
2.93340603304599,1,0.0867642662182807
0.235327203893997,1,0.627601614814355
1.33993585044589,1,0.24704528143187
0.171296296296296,1,0.678962308510818
3.68184937687345,1,0.0550078045147847
0.493948024207903,1,0.482171447122277
0.351880392038568,1,0.553050611047318
0.396349930569331,1,0.528980350898716
0.930697168883598,1,0.334681831689834
1.72837370242214,1,0.188618724091759
2.48625975182317,1,0.114844360806994
13.1842384012429,1,0.000282313524010869
0.0114972799228071,1,0.914610189284695
0.143272405314445,1,0.705049230089236
0.30515606632555,1,0.580667940721855
25.9687231054545,1,3.46993707878163e-07
81.4426658340655,1,0
21.6376157978442,1,3.29329439097137e-06
4.73994382057672,1,0.029470033594044
0.162162162162162,1,0.687173618309648
1.25076655195258,1,0.263406120513285
0.379830991735537,1,0.537693700581959
0.499791142801396,1,0.479591906598723
2.6862,1,0.101220947586377
0.492575841147271,1,0.482780525243983
1.20101096931091,1,0.273119711702692
46.7724090683604,1,7.97284460674064e-12
0.396349930569331,1,0.528980350898716
0.310245436282645,1,0.577529614887739
0.171296296296296,1,0.678962308510818
0.271406914763558,1,0.602389559742499
0.000207239375481332,1,0.988514201351109
66.4337068557346,1,3.33066907387547e-16
0.443692733564014,1,0.505345494078554
0.201969196978914,1,0.653136040111586
0.0854798474525142,1,0.770004226193399
0.0442738801231863,1,0.833344884437158
0.271406914763558,1,0.602389559742499
5.07705733624182,1,0.0242444843112564
0.171296296296296,1,0.678962308510818
5.10750392522926,1,0.0238225700722285
1.91809615824031,1,0.166066690684093
0.139944684753448,1,0.708336009315603
0.945560110803324,1,0.330852013654346
0.858908907763101,1,0.354044206183144
32.9211442728924,1,9.59737311845288e-09
0.0487566171697162,1,0.825241150814997
3.65569125868899,1,0.0558779631257278
0.662589355735975,1,0.415647289013008
6.81680376501261,1,0.00903040450511805
1.96518383628165,1,0.160959999879863
0.271406914763558,1,0.602389559742499
0.547155575675268,1,0.459482259102442
0.000207239375481332,1,0.988514201351109
0.735192239231043,1,0.391205341460776
0.356550569124168,1,0.5504282303086
1.6417243689971,1,0.200089041949775
0.724897959183674,1,0.394541974238978
0.930697168883598,1,0.334681831689834
1.62159444307447,1,0.20286960851126
0.722261169761523,1,0.395403204655725
1.85948142070688,1,0.17268466367651
1.00573224852071,1,0.315927435597613
4.92241453586329,1,0.0265104420985781
11.4211388485238,1,0.000726131720584666
0.310245436282645,1,0.577529614887739
0.171296296296296,1,0.678962308510818
0.493948024207903,1,0.482171447122277
4.57265946502057,1,0.0324860956265427
0.562145445673868,1,0.453397099254811
0.562145445673868,1,0.453397099254811
19.3507482993197,1,1.08776611095207e-05
9.45127347431923,1,0.00211002549244432
0.271406914763558,1,0.602389559742499
0.171296296296296,1,0.678962308510818
3.73859332206748,1,0.0531691888890993
6.11533401903327,1,0.0134014086193421
1.16572148708254,1,0.280282106923824
47.7023222396662,1,4.96103158553751e-12
0.511353865600786,1,0.474553364645714
0.201969196978914,1,0.653136040111586
0.807679516250944,1,0.368807192940355
1.93061051577247,1,0.164691666879752
1.05949452741756,1,0.303330499827414
9.31582493724366,1,0.00227183070441339
0.647149851768954,1,0.421133528749737
2.65745625481712,1,0.103065441222997
0.866045059624084,1,0.352052535234871
1.33924026769724,1,0.247167992967929
0.662589355735975,1,0.415647289013008
0.143272405314445,1,0.705049230089236
19.0208771556305,1,1.29296048781979e-05
3.07586588541667,1,0.0794622690813043
0.724897959183674,1,0.394541974238978
0.235327203893997,1,0.627601614814355
51.2567288312583,1,8.10462807976364e-13
0.00752423295159993,1,0.930876323515257
2.27425461817109,1,0.131538352306475
19.6148461998415,1,9.47302427822816e-06
30.5810055508765,1,3.20213366933331e-08
23.7749471009984,1,1.08282734434528e-06
5.27905327003327,1,0.021583480812377
0.226490953763681,1,0.634138029287199
1.61017691100109,1,0.204466935652646
6.04930951969905,1,0.0139117360352077
0.10280396887725,1,0.748490360617514
0.00216892327668079,1,0.96285458736986
5.65434627667529,1,0.0174121639776863
0.171296296296296,1,0.678962308510818
0.162162162162162,1,0.687173618309648
0.603355719772691,1,0.437300523775819
17.3475238561902,1,3.11303607024582e-05
23.6593664577246,1,1.14984890764447e-06
4.57265946502057,1,0.0324860956265427
1.08405864421542,1,0.297791380623621
0.238125922041063,1,0.625562961183098
7.89899670694942,1,0.00494622247121823
0.310245436282645,1,0.577529614887739
0.276850642206917,1,0.598772886445176
12.8967258382643,1,0.000329157439211358
22.0020576131687,1,2.72358326558475e-06
0.201969196978914,1,0.653136040111586
1.89086110140624,1,0.169104829930854
0.396349930569331,1,0.528980350898716
9.07251473034924,1,0.00259479986407041
2.84657573985266,1,0.0915687807803467
34.4292810055142,1,4.42023140312386e-09
0.143272405314445,1,0.705049230089236
1.89086110140624,1,0.169104829930854
1.1625353690311,1,0.280940347168996
0.790323591230398,1,0.374002296559102
0.724897959183674,1,0.394541974238978
0.0176977040816326,1,0.894167505169529
0.63079364069085,1,0.427064350681687
1.51165618878881,1,0.218886540501116
0.171296296296296,1,0.678962308510818
8.05647869821929,1,0.0045341221443389
0.171296296296296,1,0.678962308510818
0.998775545995693,1,0.317606971388463
3.92788513836919,1,0.0474916334384773
1.33924026769724,1,0.247167992967929
0.171296296296296,1,0.678962308510817
4.57265946502057,1,0.0324860956265427
2.17625722968336,1,0.140154938211153
0.0820534819239661,1,0.774533644988166
4.24150027578599,1,0.039447293758274
0.119550676435009,1,0.72952232894881
0.235327203893997,1,0.627601614814355
0.396349930569331,1,0.528980350898716
0.310245436282645,1,0.577529614887739
0.171296296296296,1,0.678962308510818
0.10280396887725,1,0.748490360617514
0.235327203893997,1,0.627601614814355
1.43118972774255,1,0.231570372408945
0.0176977040816326,1,0.894167505169529
74.9726165895337,1,0
2.42325685007797,1,0.119546156842897
12.8967258382643,1,0.000329157439211358
0.396349930569331,1,0.528980350898716
1.23198844505663,1,0.267020681113832
2.35658402203857,1,0.124755105718347
40.6755212515048,1,1.79724568560857e-10
5.32299415643421,1,0.0210458188720298
15.6730908450621,1,7.52877257179652e-05
0.235327203893997,1,0.627601614814355
21.2200243678498,1,4.09464153183769e-06
6.52982087287056,1,0.0106080639310691
3.68184937687345,1,0.0550078045147847
4.71551632590594,1,0.0298915876953774
2.93340603304599,1,0.0867642662182807
0.662589355735975,1,0.415647289013008
0.662589355735975,1,0.415647289013008
0.493948024207903,1,0.482171447122277
0.271406914763558,1,0.602389559742499
14.8037931375674,1,0.000119295309529477
0.603355719772691,1,0.437300523775819
2.35658402203857,1,0.124755105718347
0.0844744624455217,1,0.771322910488903
0.00721730740866236,1,0.932297374872854
0.0796315426997244,1,0.777797354840176
0.500303811212471,1,0.479366660595102
25.846725051091,1,3.69631306895712e-07
0.493948024207903,1,0.482171447122277
0.0505491156650745,1,0.822110511680997
12.8967258382643,1,0.000329157439211358
0.0236481504811097,1,0.877783557518353
4.57265946502057,1,0.0324860956265427
3.14625850340136,1,0.0761012727344652
0.235327203893997,1,0.627601614814355
9.17112829664882,1,0.00245862943820296
0.13306095523849,1,0.71527921000763
3.65569125868899,1,0.0558779631257278
0.356550569124168,1,0.5504282303086
0.143272405314445,1,0.705049230089236
14.1567187021732,1,0.00016819537288526
0.0176977040816326,1,0.894167505169529
1.19175067585351,1,0.274976708474764
0.123035396020066,1,0.725765393926298
0.10280396887725,1,0.748490360617514
15.2923477665809,1,9.20888045730095e-05
0.971049284371175,1,0.324418629774673
0.00338576258244157,1,0.953599431915394
39.9899679016142,1,2.55270582449896e-10
0.143272405314445,1,0.705049230089236
5.756818526742,1,0.0164247860778469
2.35658402203857,1,0.124755105718347
0.495955299821372,1,0.481282740107848
2.6803749990032,1,0.101591802741871
0.16830800703633,1,0.681619933851312
3.43515455627298,1,0.0638226133066125
0.547155575675268,1,0.459482259102442
0.351880392038568,1,0.553050611047318
1.51165618878881,1,0.218886540501116
2.92970304403801,1,0.0869634870027443
3.26170798898072,1,0.07091522646858
2.6803749990032,1,0.101591802741871
0.0236230735696108,1,0.877847866005715
19.1989609731448,1,1.17777479149428e-05
5.756818526742,1,0.0164247860778469
0.89959016954753,1,0.342891625516222
4.75769088954582,1,0.0291676532215414
0.0820534819239661,1,0.774533644988166
0.724897959183674,1,0.394541974238978
0.420383286483248,1,0.516745853714097
12.8967258382643,1,0.000329157439211358
0.396349930569331,1,0.528980350898716
5.756818526742,1,0.0164247860778469
2.96553117345522,1,0.0850565186060117
0.962395353396726,1,0.326584107211651
4.10481537358029,1,0.0427612600166452
0.396349930569331,1,0.528980350898716
2.17625722968336,1,0.140154938211153
16.0376063926586,1,6.20967503964787e-05
0.858908907763101,1,0.354044206183144
60.1037091226525,1,8.99280649946377e-15
0.790323591230398,1,0.374002296559102
0.201969196978914,1,0.653136040111586
32.6216666666667,1,1.11959670423545e-08
0.547155575675268,1,0.459482259102442
1.68053624437422,1,0.194853213493369
0.271406914763558,1,0.602389559742499
0.235327203893997,1,0.627601614814355
0.310245436282645,1,0.577529614887739
0.271406914763558,1,0.602389559742499
6.57653755133247,1,0.0103331702283518
1.20101096931091,1,0.273119711702692
0.235327203893997,1,0.627601614814355
2.93340603304599,1,0.0867642662182807
0.235327203893997,1,0.627601614814355
2.93340603304599,1,0.0867642662182807
0.790323591230398,1,0.374002296559102
1.20101096931091,1,0.273119711702692
1.23198844505663,1,0.267020681113832
0.547155575675268,1,0.459482259102442
0.689563226988346,1,0.406312983135659
1.51165618878881,1,0.218886540501116
0.724897959183674,1,0.394541974238978
0.106600287334593,1,0.744048362965351
24.2433941007689,1,8.48977616096924e-07
11.088449563054,1,0.000868670814849426
0.735192239231043,1,0.391205341460776
0.10280396887725,1,0.748490360617514
0.785746046248811,1,0.375389535239207
0.443692733564014,1,0.505345494078554
2.51817698750899,1,0.112540621048868
8.88,1,0.00288311544287378
4.57265946502057,1,0.0324860956265427
0.143272405314445,1,0.705049230089236
3.65569125868899,1,0.0558779631257278
0.117861921043131,1,0.731365077864628
7.06435947434465,1,0.00786324212084089
0.000654102203110654,1,0.979595990173979
2.17625722968336,1,0.140154938211153
0.201969196978914,1,0.653136040111586
10.7926692873797,1,0.00101902834099299
0.119550676435009,1,0.72952232894881
0.171296296296296,1,0.678962308510818
0.443692733564014,1,0.505345494078554
7.95405612244898,1,0.00479797247358615
6.18982783564306,1,0.0128486686052919
12.8967258382643,1,0.000329157439211358
2.84657573985266,1,0.0915687807803467
7.16172483188618,1,0.00744755473459691
2.99366063876209,1,0.0835910078163373
0.0176977040816326,1,0.894167505169529
4.47823566477631,1,0.0343291425300905
0.443692733564014,1,0.505345494078554
5.19688475898279,1,0.0226274052075857
6.20857389689028,1,0.0127133008879241
1.72837370242214,1,0.188618724091759
13.5678022917967,1,0.000230098631500364
4.20608523970156,1,0.040279193184861
0.235327203893997,1,0.627601614814355
0.139944684753448,1,0.708336009315603
0.235327203893997,1,0.627601614814355
0.396349930569331,1,0.528980350898716
0.0121001412430279,1,0.912408865753775
0.0765647733113231,1,0.782007858538019
0.235327203893997,1,0.627601614814355
3.65569125868899,1,0.0558779631257278
0.00397899174639333,1,0.949703397704659
16.0376063926586,1,6.20967503964787e-05
0.0176977040816326,1,0.894167505169529
0.000709717512465593,1,0.97874645133882
33.1257843608587,1,8.63855398325342e-09
0.662589355735975,1,0.415647289013008
10.7926692873797,1,0.00101902834099299
33.3346875,1,7.75863207014282e-09
11.1974582096809,1,0.000819094543839438
3.02663071423463e-07,1,0.999561045245846
0.962395353396726,1,0.326584107211651
0.171296296296296,1,0.678962308510818
8.65940764751655,1,0.00325377052977294
0.171296296296296,1,0.678962308510818
0.117861921043131,1,0.731365077864628
5.995378747127,1,0.0143434013229932
1.52666270077335,1,0.216614005669275
0.171296296296296,1,0.678962308510818
13.6127244684302,1,0.000224657623751345
13.233312413465,1,0.000275017370714337
15.6717425515851,1,7.53414170870936e-05
35.4903838990366,1,2.56312804314263e-09
1.43118972774255,1,0.231570372408945
6.13928418627323,1,0.0132210823057102
0.235327203893997,1,0.627601614814355
0.443692733564014,1,0.505345494078554
33.3928567306474,1,7.53000328757025e-09
9.40324647995102,1,0.00216601572086272
2.93340603304599,1,0.0867642662182807
1.38092847168915,1,0.239943058146251
0.129752445356841,1,0.718688850197819
3.45821292060831,1,0.0629383036053096
0.390255497720085,1,0.532165131889105
0.310245436282645,1,0.577529614887739
0.310245436282645,1,0.577529614887739
1.89086110140624,1,0.169104829930854
0.271406914763558,1,0.602389559742499
0.201969196978914,1,0.653136040111586
0.0813767105311676,1,0.775440332609175
0.858908907763101,1,0.354044206183144
0.30515606632555,1,0.580667940721855
3.26170798898072,1,0.07091522646858
1.72837370242214,1,0.188618724091759
0.00721730740866236,1,0.932297374872854
0.201969196978914,1,0.653136040111586
0.930697168883598,1,0.334681831689834
0.0820534819239661,1,0.774533644988166
0.271406914763558,1,0.602389559742499
0.235327203893997,1,0.627601614814355
1.16572148708254,1,0.280282106923824
22.0859378335144,1,2.60712613697756e-06
0.235327203893997,1,0.627601614814355
0.722261169761523,1,0.395403204655725
0.562145445673868,1,0.453397099254811
0.00154089422644538,1,0.968687701154275
1.60253151676183,1,0.205544826558771
0.790323591230398,1,0.374002296559102
0.271406914763558,1,0.602389559742499
0.930697168883598,1,0.334681831689834
1.20101096931091,1,0.273119711702692
0.171296296296296,1,0.678962308510818
0.646494778668973,1,0.421368682373198
5.20165490332918,1,0.0225653949602422
2.87942445044699,1,0.0897180842185327
0.23148702728347,1,0.630423405653007
1.89086110140624,1,0.169104829930854
1.00573224852071,1,0.315927435597613
9.31582493724366,1,0.00227183070441339
2.55270800554723,1,0.110105388781717
0.0418857783368659,1,0.837837654455057
8.62807004428317,1,0.00331022087887556
11.7561983164276,1,0.000606409573212563
0.328907265777527,1,0.566303239095915
5.46935369621054,1,0.019352781071713
22.0020576131687,1,2.72358326558475e-06
0.89959016954753,1,0.342891625516222
3.67053260930195,1,0.0553824838323762
0.235327203893997,1,0.627601614814355
0.187522918454357,1,0.664986317210934
0.395698775643932,1,0.529318990622966
0.810994027630001,1,0.367826529247195
0.143272405314445,1,0.705049230089236
0.443692733564014,1,0.505345494078554
0.30515606632555,1,0.580667940721855
0.998775545995693,1,0.317606971388463
0.597599877554051,1,0.439495249568434
24.010988891093,1,9.57874462303998e-07
9.52561224489796,1,0.00202623979645955
2.46377517352601,1,0.116498483503683
0.758664994764181,1,0.383746632264112
2.0818244309394,1,0.149061919431846
0.171296296296296,1,0.678962308510818
0.0487566171697162,1,0.825241150814997
0.603355719772691,1,0.437300523775819
10.2633132031639,1,0.00135701753460482
3.57926580659634,1,0.0585050032630909
2.05860082304527,1,0.151349086158636
4.15298340562182,1,0.0415612354537622
3.81646056808912,1,0.0507513394100801
23.1127647619577,1,1.52773115169591e-06
0.787136776859504,1,0.374967307867984
0.00255099109451308,1,0.959718102759213
0.0426953767040827,1,0.836299925768028
0.171296296296296,1,0.678962308510818
2.35658402203857,1,0.124755105718347
0.0176977040816326,1,0.894167505169529
0.310245436282645,1,0.577529614887739
3.92788513836919,1,0.0474916334384773
2.44003642039542,1,0.118273479598054
0.650497966737283,1,0.419934699716023
3.82076080500791,1,0.0506212478483815
1.15518362396696,1,0.282466658691506
0.00397899174639333,1,0.949703397704659
12.9577065896384,1,0.000318607238448787
26.8032716321561,1,2.25255663899304e-07
6.07428345299338,1,0.0137163929970519
0.235327203893997,1,0.627601614814355
0.78508606779435,1,0.375590138977819
1.05636524055359,1,0.304045655671103
2.14635605475409,1,0.142908715009724
1.78553665910809,1,0.181470923692436
0.0236230735696108,1,0.877847866005715
0.662589355735975,1,0.415647289013008
18.92540695016,1,1.35930251952132e-05
0.0442738801231863,1,0.833344884437158
0.945560110803324,1,0.330852013654346
0.10280396887725,1,0.748490360617514
0.260875333618292,1,0.60951942574082
9.46857277882798,1,0.00209021932782094
0.310245436282645,1,0.577529614887739
5.756818526742,1,0.0164247860778469
0.143272405314445,1,0.705049230089236
0.271406914763558,1,0.602389559742499
11.5800061644428,1,0.000666647206170046
2.24332325090533,1,0.134192299505998
5.7129455251644,1,0.0168402601236672
0.000397069502314294,1,0.984101923327118
3.41626021470918,1,0.0645571047818748
0.396349930569331,1,0.528980350898716
0.616905919230779,1,0.432199394897541
0.235327203893997,1,0.627601614814355
0.0101351351351351,1,0.919809721220749
0.569580254176227,1,0.450425760402492
0.171296296296296,1,0.678962308510818
5.09370890780577,1,0.0240127830304949
0.396349930569331,1,0.528980350898716
0.511353865600786,1,0.474553364645714
0.798386150765606,1,0.371576322330724
1.20101096931091,1,0.273119711702692
0.447229745808543,1,0.503653448117494
0.139944684753448,1,0.708336009315603
4.41403540643089,1,0.0356444257861173
0.839204085341923,1,0.359624502044538
1.61017691100109,1,0.204466935652646
9.31582493724366,1,0.00227183070441339
0.291973640604788,1,0.588958542185842
0.547155575675268,1,0.459482259102442
1.00573224852071,1,0.315927435597613
0.0442738801231863,1,0.833344884437158
104.916892366945,1,0
0.171296296296296,1,0.678962308510818
0.162162162162162,1,0.687173618309648
0.171296296296296,1,0.678962308510818
24.2427576244566,1,8.49258212087811e-07
0.811573409916901,1,0.367655480109049
0.603355719772691,1,0.437300523775819
0.002002002002002,1,0.964311571491703
26.7929030245804,1,2.26467512631778e-07
7.96016369474017,1,0.00478180892324798
0.171296296296296,1,0.678962308510818
23.7643866374031,1,1.08878485016728e-06
2.21481490308955,1,0.13669145539354
0.171296296296296,1,0.678962308510818
3.65569125868899,1,0.0558779631257278
11.3956424301889,1,0.000736165857517346
0.662589355735975,1,0.415647289013008
0.310245436282645,1,0.577529614887739
0.328907265777527,1,0.566303239095915
0.171296296296296,1,0.678962308510818
15.179994466496,1,9.77333737035568e-05
0.790323591230398,1,0.374002296559102
2.6803749990032,1,0.101591802741871
0.117861921043131,1,0.731365077864628
5.72401822359491,1,0.0167343904921918
3.17401805871347,1,0.0748181713959858
3.14625850340136,1,0.0761012727344652
0.0950297265160523,1,0.757877714096102
5.45084861324177,1,0.019558823722988
0.201969196978914,1,0.653136040111586
11.8204839823807,1,0.000585826302771597
6.70884167441279,1,0.00959360215807747
11.3755621522125,1,0.000744166997052154
0.212687074829932,1,0.6446694053273
32.7130485880606,1,1.06817731326814e-08
0.117861921043131,1,0.731365077864628
0.0549459270876424,1,0.814670207979355
0.201969196978914,1,0.653136040111586
3.90649729279467,1,0.0480997488157169
27.4497527076601,1,1.61229486983494e-07
0.235327203893997,1,0.627601614814355
0.106125713589553,1,0.744598818625769
0.143272405314445,1,0.705049230089236
15.3437569801206,1,8.96165675191574e-05
5.24420295123158,1,0.0220200136291449
1.00573224852071,1,0.315927435597613
12.4474110166963,1,0.000418571615899976
2.99727221832853,1,0.0834048343124317
0.201969196978914,1,0.653136040111586
10.9373635251987,1,0.000942441823092666
0.328907265777527,1,0.566303239095915
1.43118972774255,1,0.231570372408945
2.76028427369188,1,0.096631065198222
29.1368215112554,1,6.74429320168812e-08
1.61017691100109,1,0.204466935652646
2.18546766091946,1,0.139318741205106
0.511353865600786,1,0.474553364645714
0.724897959183674,1,0.394541974238978
12.8967258382643,1,0.000329157439211358
43.2841963231574,1,4.73391326138994e-11
2.1606919682709,1,0.141580919559411
10.3756533111844,1,0.00127687955764055
1.08405864421542,1,0.297791380623621
0.493948024207903,1,0.482171447122277
12.203636276697,1,0.000476964557295845
0.616351973807577,1,0.432406154568677
16.9787335839948,1,3.78008589846379e-05
0.310245436282645,1,0.577529614887739
2.51355244054641,1,0.112871236203058
2.24332325090533,1,0.134192299505998
0.405085441964164,1,0.52447454039576
1.24875,1,0.263791354852089
1.43118972774255,1,0.231570372408945
0.930697168883598,1,0.334681831689834
0.237088299372037,1,0.626317053257915
2.57681032929102,1,0.108439978716506
0.212687074829932,1,0.6446694053273
1.16572148708254,1,0.280282106923824
21.2200243678498,1,4.09464153183769e-06
0.271406914763558,1,0.602389559742499
1.89086110140624,1,0.169104829930854
8.38760050756674,1,0.0037778930554303
7.2609778180172,1,0.00704689124237279
1.89086110140624,1,0.169104829930854
1.52666270077335,1,0.216614005669275
8.68863439201803,1,0.00320200442932372
0.0487566171697162,1,0.825241150814997
5.756818526742,1,0.0164247860778469
0.0169092661936734,1,0.896538233919204
0.493948024207903,1,0.482171447122277
0.000559334845049122,1,0.981131580871633
0.735192239231043,1,0.391205341460776
0.396349930569331,1,0.528980350898716
2.93340603304599,1,0.0867642662182807
0.443692733564014,1,0.505345494078554
0.317837837837838,1,0.572909931641841
0.0487566171697162,1,0.825241150814997
0.171296296296296,1,0.678962308510818
0.0738288012827583,1,0.785841506272526
0.171296296296296,1,0.678962308510818
0.235327203893997,1,0.627601614814355
3.65569125868899,1,0.0558779631257278
1.7952910718317,1,0.180282825432228
0.328907265777527,1,0.566303239095915
0.271406914763559,1,0.602389559742498
2.42325685007797,1,0.119546156842897
1.52666270077335,1,0.216614005669275
0.603355719772691,1,0.437300523775819
1.54324267444212,1,0.21413578421791
0.171296296296296,1,0.678962308510818
16.4681275540902,1,4.94748379085141e-05
2.71533650729006,1,0.0993880095437352
1.20101096931091,1,0.273119711702692
0.310245436282645,1,0.577529614887739
0.271406914763558,1,0.602389559742499
0.443692733564014,1,0.505345494078554
2.91199649353495,1,0.0879229712259635
0.143272405314445,1,0.705049230089236
0.351880392038568,1,0.553050611047318
9.84159597877502,1,0.00170609409574873
5.756818526742,1,0.0164247860778469
1.20101096931091,1,0.273119711702692
0.201969196978914,1,0.653136040111586
7.62434811884521,1,0.00575854805712683
3.02663071423463e-07,1,0.999561045245846
0.420383286483248,1,0.516745853714097
0.171296296296296,1,0.678962308510818
5.59765185364086,1,0.0179845664377852
3.92788513836919,1,0.0474916334384773
0.235327203893997,1,0.627601614814355
0.000155081704797884,1,0.990064056353227
2.22675398916905,1,0.135638542731775
1.10437863194007,1,0.29330718183043
0.662589355735975,1,0.415647289013008
1.25076655195258,1,0.263406120513285
0.156132410671437,1,0.69274256656496
1.33924026769724,1,0.247167992967929
0.171296296296296,1,0.678962308510818
9.31582493724366,1,0.00227183070441339
0.310245436282645,1,0.577529614887739
0.310245436282645,1,0.577529614887739
9.52561224489796,1,0.00202623979645955
2.93340603304599,1,0.0867642662182807
30.8918191751937,1,2.72819390412238e-08
0.858908907763101,1,0.354044206183144
0.0156544594690058,1,0.900430305612513
0.143272405314445,1,0.705049230089236
11.4167129331287,1,0.000727863579065957
0.396349930569331,1,0.528980350898716
11.3910442294191,1,0.00073799033895261
0.547155575675268,1,0.459482259102442
0.271406914763558,1,0.602389559742499
11.3594569537988,1,0.000750647691602935
1.78947251614711,1,0.180990444789252
0.443692733564014,1,0.505345494078554
0.212687074829932,1,0.6446694053273
0.000207239375481332,1,0.988514201351109
9.5161210037538,1,0.00203674647441054
0.310245436282645,1,0.577529614887739
11.2392569064666,1,0.000800852131088714
3.26296745725318,1,0.0708607855785895
1.16572148708254,1,0.280282106923824
0.212687074829932,1,0.6446694053273
0.942327823691459,1,0.331679903140363
0.0409649833955396,1,0.839605528106584
10.9373635251987,1,0.000942441823092666
0.271406914763558,1,0.602389559742499
9.52561224489796,1,0.00202623979645955
9.52561224489796,1,0.00202623979645955
0.351880392038568,1,0.553050611047318
0.351880392038568,1,0.553050611047318
38.3456741092954,1,5.92593085713133e-10
2.29779137855661,1,0.129558106944263
0.662589355735975,1,0.415647289013008
2.54315779264056,1,0.110773045854694
0.0426953767040827,1,0.836299925768028
39.3419442056617,1,3.55717455491344e-10
6.81680376501261,1,0.00903040450511805
0.396349930569331,1,0.528980350898716
0.16830800703633,1,0.681619933851312
0.235327203893997,1,0.627601614814355
28.3294609548693,1,1.02326745743397e-07
10.0689024757271,1,0.00150792830397983
2.54129177077137,1,0.110904019151437
1.89086110140624,1,0.169104829930854
0.171296296296296,1,0.678962308510818
0.390255497720085,1,0.532165131889105
1.919758943711,1,0.16588323667367
4.94046199361746,1,0.0262350234524604
26.8032716321561,1,2.25255663899304e-07
0.310245436282645,1,0.577529614887739
0.143272405314445,1,0.705049230089236
0.89959016954753,1,0.342891625516222
0.310245436282645,1,0.577529614887739
3.1725319468065,1,0.0748862702544583
6.81680376501261,1,0.00903040450511805
1.89086110140624,1,0.169104829930854
0.376127786865783,1,0.539682899694139
3.65569125868899,1,0.0558779631257278
7.3185652700206,1,0.00682458730352686
17.9968171296296,1,2.21274634066848e-05
0.171296296296296,1,0.678962308510818
1.87606410003007,1,0.170782163552339
1.43118972774255,1,0.231570372408945
0.735192239231043,1,0.391205341460776
3.11148475023635,1,0.0777420610804642
77.4835583681964,1,0
7.96016369474017,1,0.00478180892324798
1.20101096931091,1,0.273119711702692
0.0291814395597841,1,0.864360774892945
1.83471074380165,1,0.175572147774272
20.1786147228084,1,7.05371127007748e-06
0.271406914763558,1,0.602389559742499
0.139944684753448,1,0.708336009315603
0.23920098127076,1,0.624783804655144
0.201969196978914,1,0.653136040111586
2.17625722968336,1,0.140154938211153
22.0020576131687,1,2.72358326558475e-06
0.143272405314445,1,0.705049230089236
5.21357395850902,1,0.0224112198242156
0.443692733564014,1,0.505345494078554
8.20873163181487,1,0.00416892823499926
0.171296296296296,1,0.678962308510818
9.23587679516251,1,0.00237318736591174
5.21357395850902,1,0.0224112198242156
0.201969196978914,1,0.653136040111586
0.201969196978914,1,0.653136040111586
8.58864848871624,1,0.00338264964986501
1.89086110140624,1,0.169104829930854
1.11270971607308,1,0.291493674053362
0.297999033888229,1,0.585139574484905
0.930697168883598,1,0.334681831689834
0.0844744624455217,1,0.771322910488903
17.6104679349559,1,2.71092032886333e-05
4.57265946502057,1,0.0324860956265427
11.799315226961,1,0.000592525111649533
0.547155575675268,1,0.459482259102442
0.493948024207903,1,0.482171447122277
0.384207517084844,1,0.535360001892755
0.143272405314445,1,0.705049230089236
2.93340603304599,1,0.0867642662182807
0.384207517084844,1,0.535360001892755
0.310245436282645,1,0.577529614887739
4.0666958052732,1,0.0437367487713181
0.310245436282645,1,0.577529614887739
1.20101096931091,1,0.273119711702692
0.790323591230398,1,0.374002296559102
5.13471354166667,1,0.0234519568618978
1.20101096931091,1,0.273119711702692
44.8573412892672,1,2.11924922055573e-11
3.20321738044826,1,0.0734935569842358
1.46778107248132,1,0.225696117039503
0.271406914763558,1,0.602389559742499
0.201969196978914,1,0.653136040111586
3.65569125868899,1,0.0558779631257278
22.3800332837306,1,2.23687467759692e-06
1.41386498355071,1,0.234415842156775
2.89289403299574,1,0.0889709747745451
15.2923477665809,1,9.20888045730095e-05
0.724897959183674,1,0.394541974238978
0.420383286483248,1,0.516745853714097
7.96016369474017,1,0.00478180892324798
0.0765647733113231,1,0.782007858538019
6.55715235964705,1,0.0104463403692203
2.6862,1,0.101220947586377
11.0411553510549,1,0.000891113101111785
2.6803749990032,1,0.101591802741871
0.443692733564014,1,0.505345494078554
2.82378879529651,1,0.092876933791523
0.271406914763558,1,0.602389559742499
1.84954068592183,1,0.173836824755931
1.20101096931091,1,0.273119711702692
2.46377517352601,1,0.116498483503683
11.8304317605359,1,0.000582704811262325
0.420383286483248,1,0.516745853714097
0.493948024207903,1,0.482171447122277
20.2543665775148,1,6.77985417107951e-06
2.27425461817109,1,0.131538352306475
0.351880392038568,1,0.553050611047318
1.00573224852071,1,0.315927435597613
0.396349930569331,1,0.528980350898716
2.05860082304527,1,0.151349086158636
1.8169590384895,1,0.177675677509754
0.547155575675268,1,0.459482259102442
3.11148475023635,1,0.0777420610804642
0.443692733564014,1,0.505345494078554
0.333691984328977,1,0.563493158666289
2.15290061583653,1,0.14230082705213
0.310245436282645,1,0.577529614887739
0.0796315426997244,1,0.777797354840176
3.65569125868899,1,0.0558779631257278
0.287191515379564,1,0.5920259198903
1.08405864421542,1,0.297791380623621
0.00397899174639333,1,0.949703397704659
34.6257184200714,1,3.99591915112296e-09
0.202465239730197,1,0.652738290934154
0.351880392038568,1,0.553050611047318
2.93340603304599,1,0.0867642662182807
5.13471354166667,1,0.0234519568618978
0.171296296296296,1,0.678962308510817
0.443692733564014,1,0.505345494078554
1.83471074380165,1,0.175572147774272
0.0442738801231863,1,0.833344884437158
9.31582493724366,1,0.00227183070441339
0.0197187381897207,1,0.888325451025754
0.998775545995693,1,0.317606971388463
0.560951700077212,1,0.453877042133411
0.299845582210312,1,0.58397924304046
4.57265946502057,1,0.0324860956265427
0.0578620844527779,1,0.809907480162082
0.171296296296296,1,0.678962308510818
6.05605605605606,1,0.0138586849958207
0.143272405314445,1,0.705049230089236
0.162162162162162,1,0.687173618309648
5.50665576875299,1,0.0189442360532887
9.83629858253315,1,0.00171101446968114
1.33993585044589,1,0.24704528143187
0.724897959183674,1,0.394541974238978
0.201969196978914,1,0.653136040111586
0.443692733564014,1,0.505345494078554
21.4242781372478,1,3.6808077070738e-06
0.735192239231043,1,0.391205341460776
0.858908907763101,1,0.354044206183144
0.396349930569331,1,0.528980350898716
5.14305634352948,1,0.023339523982118
0.790323591230398,1,0.374002296559102
0.648648648648649,1,0.420596237599926
15.8239213243147,1,6.95180410631435e-05
0.00961749427552105,1,0.921877642868312
4.52378903465373,1,0.0334267239897188
3.65569125868899,1,0.0558779631257278
0.547155575675268,1,0.459482259102442
0.396349930569331,1,0.528980350898716
7.4282493749398,1,0.00642077757178117
92.1985185185185,1,0
0.662589355735975,1,0.415647289013008
0.00397899174639333,1,0.949703397704659
0.170796526186797,1,0.679404877759738
1.48804760439109,1,0.222519632285793
5.21357395850902,1,0.0224112198242156
1.51165618878881,1,0.218886540501116
2.35658402203857,1,0.124755105718347
0.271406914763558,1,0.602389559742499
0.201969196978914,1,0.653136040111586
2.35658402203857,1,0.124755105718347
0.271406914763558,1,0.602389559742499
24.010988891093,1,9.57874462303998e-07
0.310245436282645,1,0.577529614887739
0.271406914763558,1,0.602389559742499
9.21876986659625,1,0.0023954644371238
0.201969196978914,1,0.653136040111586
8.39769369017761,1,0.00375697365928285
5.84518333926664,1,0.0156197464435329
2.03956384325577,1,0.153253582953969
0.201969196978914,1,0.653136040111586
0.201969196978914,1,0.653136040111586
1.37516763498399,1,0.240925992971674
0.493948024207903,1,0.482171447122277
0.430953337908048,1,0.511521530290964
7.23844796669263,1,0.00713586376338693
1.52666270077335,1,0.216614005669275
0.171296296296296,1,0.678962308510818
0.493948024207903,1,0.482171447122277
5.756818526742,1,0.0164247860778469
0.201969196978914,1,0.653136040111586
5.756818526742,1,0.0164247860778469
0.430953337908048,1,0.511521530290964
0.310245436282645,1,0.577529614887739
0.139944684753448,1,0.708336009315603
4.15877063452127,1,0.0414194562920143
0.420383286483248,1,0.516745853714097
2.02023459141274,1,0.1552151603306
1.20101096931091,1,0.273119711702692
1.12680711969903,1,0.288457412102567
15.5464587327517,1,8.0502299297347e-05
5.55641128926504,1,0.0184131221531084
0.603355719772691,1,0.437300523775819
1.20101096931091,1,0.273119711702692
0.171296296296296,1,0.678962308510818
0.00338576258244157,1,0.953599431915394
7.51275632690749,1,0.00612635493666158
0.430953337908048,1,0.511521530290964
6.81680376501261,1,0.00903040450511805
2.24332325090533,1,0.134192299505998
59.5883000175187,1,1.16573417585641e-14
1.38820426837076,1,0.238708589898094
0.310245436282645,1,0.577529614887739
5.01413683525822,1,0.0251411603979099
0.310245436282645,1,0.577529614887739
0.0108688532481825,1,0.916967946271918
7.4841343028054,1,0.00622449876063635
0.310245436282645,1,0.577529614887739
1.919758943711,1,0.16588323667367
1.61017691100109,1,0.204466935652646
1.00573224852071,1,0.315927435597613
1.5331540289881,1,0.215639697759002
19.7123539932362,1,9.00175504348066e-06
3.57520162848824,1,0.0586483285573902
0.171296296296296,1,0.678962308510818
14.2353746097815,1,0.00016130952083282
19.3268776045495,1,1.10144948529678e-05
1.36577779226804,1,0.242538644143473
2.82378879529651,1,0.092876933791523
0.790323591230398,1,0.374002296559102
2.95447914303718,1,0.085639896630208
2.37632634624686,1,0.123186931941568
0.00397899174639333,1,0.949703397704659
2.99039352184633,1,0.0837598113965579
0.271406914763558,1,0.602389559742499
0.117861921043131,1,0.731365077864628
33.3124246970204,1,7.8479622800387e-09
0.511353865600786,1,0.474553364645714
1.21352298600092,1,0.270635524237711
0.790323591230398,1,0.374002296559102
1.26996462197371,1,0.259773316897161
0.443692733564014,1,0.505345494078554
0.396349930569331,1,0.528980350898716
0.0548355116929065,1,0.81485313207753
1.919758943711,1,0.16588323667367
9.52561224489796,1,0.00202623979645955
0.171296296296296,1,0.678962308510818
0.562145445673868,1,0.453397099254811
11.2055045280846,1,0.000815550499652984
0.0176977040816326,1,0.894167505169529
9.55472965263175,1,0.00199434883140936
3.57520162848824,1,0.0586483285573902
1.31431761270824,1,0.251614413502947
1.33993585044589,1,0.24704528143187
7.4282493749398,1,0.00642077757178117
1.16572148708254,1,0.280282106923824
2.59794594171784,1,0.107002314657837
10.6023513584001,1,0.00112943933879939
0.00689968313321752,1,0.933800387304394
13.2460344496189,1,0.000273157124825785
11.2814828511944,1,0.000782840022729436
0.603355719772691,1,0.437300523775819
0.0024276685983035,1,0.960703029593357
0.443692733564014,1,0.505345494078554
0.00397899174639333,1,0.949703397704659
0.351880392038568,1,0.553050611047318
4.24502590135713,1,0.0393654692331938
29.4465212661126,1,5.74811238607253e-08
0.201969196978914,1,0.653136040111586
0.420383286483248,1,0.516745853714097
0.139944684753448,1,0.708336009315603
2.05860082304527,1,0.151349086158636
0.000207239375481332,1,0.988514201351109
0.493948024207903,1,0.482171447122277
0.0406799460308305,1,0.840156968332306
18.7786309389136,1,1.46802789827705e-05
0.930697168883598,1,0.334681831689834
0.724897959183674,1,0.394541974238978
3.07586588541667,1,0.0794622690813043
26.6288826916067,1,2.46530619474328e-07
1.52666270077335,1,0.216614005669275
2.21481490308955,1,0.13669145539354
16.7263234397094,1,4.31777308999015e-05
0.443692733564014,1,0.505345494078554
0.00248406814124188,1,0.960249550789694
0.271406914763558,1,0.602389559742499
14.3717340294379,1,0.000150037728551933
20.6738081068571,1,5.4455825920785e-06
5.20444566465821,1,0.02252919769254
0.662589355735975,1,0.415647289013008
0.511353865600786,1,0.474553364645714
0.724897959183674,1,0.394541974238978
3.68184937687345,1,0.0550078045147847
0.562145445673868,1,0.453397099254811
37.0407827215446,1,1.15684140045147e-09
0.171296296296296,1,0.678962308510818
0.310245436282645,1,0.577529614887739
0.603355719772691,1,0.437300523775819
1.20101096931091,1,0.273119711702692
2.98555145320879,1,0.0840106665001346
23.6593664577246,1,1.14984890764447e-06
3.92579239945767,1,0.0475507761742272
0.0487566171697162,1,0.825241150814997
0.117861921043131,1,0.731365077864628
5.84803048162057,1,0.0155944946172566
15.2923477665809,1,9.20888045730095e-05
3.50892128838552,1,0.0610391862256698
1.45007465315918,1,0.228515974156675
1.96518383628165,1,0.160959999879863
0.447229745808543,1,0.503653448117494
0.235327203893997,1,0.627601614814355
4.9737877857593,1,0.0257342315607423
5.01413683525822,1,0.0251411603979099
13.3464774408284,1,0.000258908498212418
2.04958396947977,1,0.152247787905896
8.41161453397964,1,0.00372831410877072
0.81485200509549,1,0.366689631015489
2.35658402203857,1,0.124755105718347
0.790323591230398,1,0.374002296559102
0.235327203893997,1,0.627601614814355
0.117861921043131,1,0.731365077864628
0.162162162162162,1,0.687173618309648
0.662589355735975,1,0.415647289013008
1.48645099847973,1,0.222767924940647
1.83471074380165,1,0.175572147774272
0.790323591230398,1,0.374002296559102
0.310245436282645,1,0.577529614887739
0.569580254176227,1,0.450425760402492
9.43271061787114,1,0.00213149007646984
0.0495244891692664,1,0.823892773099783
0.201969196978914,1,0.653136040111586
0.0183471074380166,1,0.892254912290382
9.09210221387363,1,0.00256715626785331
2.62165946436359,1,0.105414146595066
0.00338576258244157,1,0.953599431915394
7.96016369474017,1,0.00478180892324798
21.7875545574321,1,3.0456936379597e-06
1.43466263361141,1,0.231004998955214
0.396349930569331,1,0.528980350898716
5.84803048162057,1,0.0155944946172566
0.201969196978914,1,0.653136040111586
1.00573224852071,1,0.315927435597613
0.945560110803324,1,0.330852013654346
0.662589355735975,1,0.415647289013008
0.790323591230398,1,0.374002296559102
0.0153853796799711,1,0.901285333787101
1.57339175631361,1,0.209715131394497
10.2113357420314,1,0.00139580041755394
0.143272405314445,1,0.705049230089236
0.708498759259581,1,0.399942638351445
5.96389137940984,1,0.0146017785231044
15.2923477665809,1,9.20888045730095e-05
0.235327203893997,1,0.627601614814355
0.351880392038568,1,0.553050611047318
2.06781773931855,1,0.150436644949023
0.171296296296296,1,0.678962308510818
18.2378358985107,1,1.9496707371669e-05
0.171296296296296,1,0.678962308510818
0.790323591230398,1,0.374002296559102
0.689563226988346,1,0.406312983135659
0.493948024207903,1,0.482171447122277
4.29939887221946,1,0.0381258468406346
0.00733875483152095,1,0.931731507298743
0.117861921043131,1,0.731365077864628
6.85657043427115,1,0.00883158984899568
5.08207484916447,1,0.0241744240637137
0.603355719772691,1,0.437300523775819
0.443692733564014,1,0.505345494078554
4.8159365422751,1,0.0281977448743406
5.81045653550978,1,0.0159311579143956
1.24875,1,0.263791354852089
4.71551632590594,1,0.0298915876953774
0.562145445673868,1,0.453397099254811
0.271406914763558,1,0.602389559742499
0.443692733564014,1,0.505345494078554
0.235327203893997,1,0.627601614814355
0.511353865600786,1,0.474553364645714
1.1625353690311,1,0.280940347168996
1.51165618878881,1,0.218886540501116
0.603355719772691,1,0.437300523775819
0.89959016954753,1,0.342891625516222
0.445039814702408,1,0.504699928247745
3.41626021470918,1,0.0645571047818748
7.3185652700206,1,0.00682458730352686
3.65569125868899,1,0.0558779631257278
0.201969196978914,1,0.653136040111586
0.724897959183674,1,0.394541974238978
29.5923931543793,1,5.33137552993779e-08
0.356550569124168,1,0.5504282303086
2.96971244414926,1,0.0848369332647847
17.0767246364079,1,3.58995937115303e-05
8.17071246821684,1,0.00425721811449697
5.78316986927907,1,0.016180335360053
0.235327203893997,1,0.627601614814355
0.454407751439442,1,0.500249181732936
1.92574971164937,1,0.165224198866442
2.17625722968336,1,0.140154938211153
1.10437863194007,1,0.29330718183043
9.31582493724366,1,0.00227183070441339
0.235327203893997,1,0.627601614814355
5.78122827602313,1,0.0161982180666048
6.20857389689028,1,0.0127133008879241
0.396349930569331,1,0.528980350898716
0.493948024207903,1,0.482171447122277
0.547155575675268,1,0.459482259102442
0.689563226988346,1,0.406312983135659
0.310245436282645,1,0.577529614887739
0.405085441964164,1,0.52447454039576
2.33173628105419,1,0.126760418533966
4.22732878560142,1,0.0397779973850485
0.10280396887725,1,0.748490360617514
1.10437863194007,1,0.29330718183043
0.201969196978914,1,0.653136040111586
37.0080552448324,1,1.17642229291448e-09
6.1459950917312,1,0.01317100318396
4.57487605452343,1,0.0324440929206896
0.271406914763558,1,0.602389559742499
0.237088299372037,1,0.626317053257915
2.71533650729006,1,0.0993880095437352
0.310245436282645,1,0.577529614887739
1.00573224852071,1,0.315927435597613
0.00219335344142556,1,0.962646127275217
0.82421859945273,1,0.363949626655482
1.70524354369403,1,0.191603661189409
1.89086110140624,1,0.169104829930854
2.42325685007797,1,0.119546156842897
0.171296296296296,1,0.678962308510818
4.52283993082647,1,0.0334452708391213
0.310245436282645,1,0.577529614887739
0.000207239375481332,1,0.988514201351109
6.18742983940961,1,0.012866091395339
17.3336632896828,1,3.13582363912213e-05
3.92780568210435,1,0.0474938775282383
0.310245436282645,1,0.577529614887739
0.858908907763101,1,0.354044206183144
7.3185652700206,1,0.00682458730352686
0.443692733564014,1,0.505345494078554
0.0706443540932561,1,0.790400901683311
0.143272405314445,1,0.705049230089236
0.139944684753448,1,0.708336009315603
1.60568455390774,1,0.205099483317871
94.1886937635926,1,0
4.51197735566581,1,0.0336583084075529
5.756818526742,1,0.0164247860778469
0.288325661587655,1,0.591295488822146
0.00112107057189751,1,0.973289907133066
0.117861921043131,1,0.731365077864628
6.55715235964705,1,0.0104463403692203
2.95297884748763,1,0.0857194223268877
0.475710476663965,1,0.490371745987624
0.0176977040816326,1,0.894167505169529
0.351880392038568,1,0.553050611047318
22.0020576131687,1,2.72358326558475e-06
0.858908907763101,1,0.354044206183144
0.390387442896,1,0.532095815627287
0.0765647733113231,1,0.782007858538019
0.201969196978914,1,0.653136040111586
0.0844744624455217,1,0.771322910488903
0.945560110803324,1,0.330852013654346
0.547155575675268,1,0.459482259102442
0.0820534819239661,1,0.774533644988166
0.205249447221962,1,0.650516596462605
0.89959016954753,1,0.342891625516222
2.93340603304599,1,0.0867642662182807
15.2923477665809,1,9.20888045730095e-05
2.35658402203857,1,0.124755105718347
0.322795611721636,1,0.569932408556019
2.32533094887039,1,0.127283147137352
0.432640788043683,1,0.510695990690219
4.43791674651899,1,0.0351491126161956
37.6004446730144,1,8.68246807783635e-10
0.945560110803324,1,0.330852013654346
0.603355719772691,1,0.437300523775819
0.0409900190468359,1,0.839557189060295
0.000397069502314294,1,0.984101923327118
0.137175427110838,1,0.711105324753169
1.20101096931091,1,0.273119711702692
12.8967258382643,1,0.000329157439211358
5.81045653550978,1,0.0159311579143956
0.443692733564014,1,0.505345494078554
15.5849222003068,1,7.88811044966087e-05
1.45810607183365,1,0.227231705064345
3.86273177804709,1,0.0493698831667115
0.420383286483248,1,0.516745853714097
0.351880392038568,1,0.553050611047318
0.962395353396726,1,0.326584107211651
0.430953337908048,1,0.511521530290964
0.396349930569331,1,0.528980350898716
0.143272405314445,1,0.705049230089236
2.42325685007797,1,0.119546156842897
0.0176977040816326,1,0.894167505169529
0.235327203893997,1,0.627601614814355
2.29779137855661,1,0.129558106944264
5.756818526742,1,0.0164247860778469
0.310245436282645,1,0.577529614887739
1.10437863194007,1,0.29330718183043
0.351880392038568,1,0.553050611047318
0.201969196978914,1,0.653136040111586
2.59794594171784,1,0.107002314657837
12.8967258382643,1,0.000329157439211358
0.235327203893997,1,0.627601614814355
0.0409900190468359,1,0.839557189060295
0.143272405314445,1,0.705049230089236
5.78316986927907,1,0.016180335360053
0.949316986630337,1,0.329893213431207
51.8709934657966,1,5.92748072847371e-13
0.00721730740866236,1,0.932297374872854
6.55844762036109,1,0.0104387392068155
1.666695723881,1,0.196701700141893
3.28022818148587,1,0.0701191795792713
0.134694425800857,1,0.713613504146744
0.493948024207903,1,0.482171447122277
0.781241022694628,1,0.376761859493005
0.0844744624455217,1,0.771322910488903
26.9997606030309,1,2.03480661320476e-07
0.496621621621622,1,0.480988325493407
5.21357395850902,1,0.0224112198242156
1.34536376189075,1,0.246090268405575
12.5366765789156,1,0.00039904140521263
0.00338576258244157,1,0.953599431915394
8.96967962570959,1,0.0027449672518326
0.547155575675268,1,0.459482259102442
0.790323591230398,1,0.374002296559102
2.48079052534723,1,0.115244316029069
4.8159365422751,1,0.0281977448743406
9.53617158575759,1,0.00201461530810954
64.4905493065034,1,9.99200722162641e-16
0.78508606779435,1,0.375590138977819
27.4497527076601,1,1.61229486983494e-07
0.143272405314445,1,0.705049230089236
0.722261169761523,1,0.395403204655725
15.4771187994832,1,8.35100735531169e-05
10.6403249247169,1,0.00110648232015553
5.756818526742,1,0.0164247860778469
0.945560110803324,1,0.330852013654346
1.39135416666667,1,0.238176546391224
9.46857277882798,1,0.00209021932782094
0.0487566171697162,1,0.825241150814997
29.8790596510915,1,4.59852612655354e-08
0.201969196978914,1,0.653136040111586
0.310245436282645,1,0.577529614887739
0.351880392038568,1,0.553050611047318
0.945560110803324,1,0.330852013654346
0.0236230735696108,1,0.877847866005715
1.00573224852071,1,0.315927435597613
0.493948024207903,1,0.482171447122277
0.351880392038568,1,0.553050611047318
2.27425461817109,1,0.131538352306475
12.2404024769813,1,0.000467657405809563
0.201969196978914,1,0.653136040111586
0.493948024207903,1,0.482171447122277
0.0236230735696108,1,0.877847866005715
7.25520419441268,1,0.00706958325901264
0.201969196978914,1,0.653136040111586
0.562145445673868,1,0.453397099254811
8.41161453397964,1,0.00372831410877072
1.25076655195258,1,0.263406120513285
3.68184937687345,1,0.0550078045147847
1.24875,1,0.263791354852089
4.28006441338346,1,0.0385618868989793
15.2923477665809,1,9.20888045730095e-05
0.495955299821372,1,0.481282740107848
0.443692733564014,1,0.505345494078554
0.603355719772691,1,0.437300523775819
6.78000630666517,1,0.00921845643699226
2.05860082304527,1,0.151349086158637
0.134694425800857,1,0.713613504146744
0.171296296296296,1,0.678962308510817
3.65569125868899,1,0.0558779631257278
0.201969196978914,1,0.653136040111586
1.28147826613598,1,0.25762435757569
4.42878893078327,1,0.0353375734243287
0.201969196978914,1,0.653136040111586
0.525834351529317,1,0.468363469078687
0.662589355735975,1,0.415647289013008
0.493948024207903,1,0.482171447122277
0.235327203893997,1,0.627601614814355
4.29939887221946,1,0.0381258468406346
1.51165618878881,1,0.218886540501116
1.46262017203576,1,0.226513683714796
5.21357395850902,1,0.0224112198242157
0.443692733564014,1,0.505345494078554
0.562145445673868,1,0.453397099254811
1.33924026769724,1,0.247167992967929
0.0867211422904522,1,0.768387677852497
1.00573224852071,1,0.315927435597613
10.7926692873797,1,0.00101902834099299
0.117861921043131,1,0.731365077864628
5.00381340807928,1,0.0252915352218016
0.171296296296296,1,0.678962308510818
0.143272405314445,1,0.705049230089236
11.1974582096809,1,0.000819094543839438
3.80751998416889,1,0.0510229442550552
0.0390717556627787,1,0.843306574747948
2.20484021623058,1,0.137578148475319
2.91199649353495,1,0.0879229712259635
1.41676158969811,1,0.233937165779917
22.3433131208941,1,2.28005576341506e-06
2.24332325090533,1,0.134192299505998
0.171296296296296,1,0.678962308510818
0.0735672622894993,1,0.786211944181527
2.93340603304599,1,0.0867642662182807
22.8884013509865,1,1.71684717187315e-06
3.65569125868899,1,0.0558779631257278
0.662589355735975,1,0.415647289013008
2.93340603304599,1,0.0867642662182807
1.68693191655125,1,0.194005904335876
12.5366765789156,1,0.00039904140521263
1.08405864421542,1,0.297791380623621
24.8111270704376,1,6.32314051784988e-07
1.92574971164937,1,0.165224198866442
1.79071656346091,1,0.180838881189787
0.235327203893997,1,0.627601614814355
0.00397899174639333,1,0.949703397704659
0.143272405314445,1,0.705049230089236
1.41386498355071,1,0.234415842156775
4.54098570972252,1,0.0330925306799484
5.66886960015449,1,0.0172685803181636
50.3876379494482,1,1.26187948978895e-12
0.171296296296296,1,0.678962308510818
3.96347885921231,1,0.04649751484468
0.569580254176227,1,0.450425760402492
25.1628047048893,1,5.26886490548328e-07
0.235327203893997,1,0.627601614814355
13.8858180101148,1,0.000194258777527767
1.72837370242214,1,0.188618724091759
0.143272405314445,1,0.705049230089236
1.33993585044589,1,0.24704528143187
12.2404024769813,1,0.000467657405809563
0.439147895572128,1,0.507534016834395
0.201969196978914,1,0.653136040111586
0.235327203893997,1,0.627601614814355
0.930697168883598,1,0.334681831689834
0.271406914763558,1,0.602389559742499
0.547155575675268,1,0.459482259102442
0.851666086512914,1,0.356081436903724
2.24332325090533,1,0.134192299505998
0.143272405314445,1,0.705049230089236
0.310245436282645,1,0.577529614887739
0.195007370856453,1,0.658781297436551
0.143272405314445,1,0.705049230089236
0.0578620844527779,1,0.809907480162082
68.2309710961124,1,1.11022302462516e-16
0.562145445673868,1,0.453397099254811
3.68184937687345,1,0.0550078045147847
0.235327203893997,1,0.627601614814355
30.2064365955783,1,3.88418265329094e-08
4.57265946502057,1,0.0324860956265427
29.4369712274258,1,5.7765072503102e-08
0.376127786865783,1,0.539682899694139
2.21481490308955,1,0.13669145539354
15.514662470366,1,8.18677606297946e-05
0.493948024207903,1,0.482171447122277
0.201969196978914,1,0.653136040111586
0.547155575675268,1,0.459482259102442
0.493948024207903,1,0.482171447122277
0.117861921043131,1,0.731365077864628
9.40324647995102,1,0.00216601572086272
0.603355719772691,1,0.437300523775819
0.351880392038568,1,0.553050611047318
0.000207239375481332,1,0.988514201351109
24.9090894527746,1,6.0098400134212e-07
6.20307446313477,1,0.0127528603976218
0.162162162162162,1,0.687173618309648
3.50748077910386,1,0.0610922853956546
0.235327203893997,1,0.627601614814355
0.231206501638397,1,0.630630665241873
5.69444525515451,1,0.0170186911969372
0.351880392038568,1,0.553050611047318
0.356550569124168,1,0.5504282303086
8.16230323310397,1,0.00427700211587378
0.271406914763558,1,0.602389559742499
1.52666270077335,1,0.216614005669275
0.547155575675268,1,0.459482259102442
1.89086110140624,1,0.169104829930854
22.0654575610869,1,2.63509107167881e-06
2.35658402203857,1,0.124755105718347
0.201969196978914,1,0.653136040111586
0.201969196978914,1,0.653136040111586
0.0616073004446756,1,0.803973337901416
6.46400049787083,1,0.0110081539939957
0.111998579467068,1,0.737880153952295
23.7643866374031,1,1.08878485016728e-06
12.1498782153681,1,0.000490910699394997
2.75649387875832,1,0.096860305159773
21.6854422779958,1,3.2121975317434e-06
0.603355719772691,1,0.437300523775819
0.162162162162162,1,0.687173618309648
0.000835435313368997,1,0.976941236853569
0.443692733564014,1,0.505345494078554
0.171296296296296,1,0.678962308510818
0.119550676435009,1,0.72952232894881
0.662589355735975,1,0.415647289013008
1.6417243689971,1,0.200089041949775
12.4657127361056,1,0.000414490333856765
7.3185652700206,1,0.00682458730352686
2.93340603304599,1,0.0867642662182807
0.171296296296296,1,0.678962308510818
0.945560110803324,1,0.330852013654346
3.10052767516879,1,0.0782669216230996
0.30515606632555,1,0.580667940721855
1.52666270077335,1,0.216614005669275
0.351880392038568,1,0.553050611047318
0.281179640831402,1,0.595929078789489
0.235327203893997,1,0.627601614814355
13.1767755702329,1,0.000283440039542171
0.500400744420727,1,0.479324091482555
14.2394659652906,1,0.000160959216761403
0.171296296296296,1,0.678962308510818
0.310245436282645,1,0.577529614887739
26.5994756829361,1,2.50311674609982e-07
63.964571991154,1,1.22124532708767e-15
0.000207239375481332,1,0.988514201351109
2.93340603304599,1,0.0867642662182807
0.143272405314445,1,0.705049230089236
1.52666270077335,1,0.216614005669275
4.57265946502057,1,0.0324860956265427
1.85310141444168,1,0.17342311194378
0.201969196978914,1,0.653136040111586
0.271406914763558,1,0.602389559742499
1.92574971164937,1,0.165224198866442
0.0844744624455217,1,0.771322910488903
4.25609467455621,1,0.0391097343729656
0.547155575675268,1,0.459482259102442
0.945560110803324,1,0.330852013654346
0.930697168883598,1,0.334681831689834
48.9454807699049,1,2.63178367987393e-12
0.662589355735975,1,0.415647289013008
0.201969196978914,1,0.653136040111586
15.7781528921597,1,7.1220170107078e-05
2.93340603304599,1,0.0867642662182807
19.8916989790491,1,8.19554096576081e-06
0.547155575675268,1,0.459482259102442
0.443692733564014,1,0.505345494078554
1.51165618878881,1,0.218886540501116
0.0844744624455217,1,0.771322910488903
0.351880392038568,1,0.553050611047318
2.80293739980206,1,0.0940917829985035
36.2166889082671,1,1.76552128472451e-09
4.81593654227511,1,0.0281977448743406
0.132007631322145,1,0.716359472655046
0.310245436282645,1,0.577529614887739
0.0757128066771794,1,0.783193622174555
1.00573224852071,1,0.315927435597613
4.57265946502057,1,0.0324860956265427
0.212687074829932,1,0.6446694053273
0.143272405314445,1,0.705049230089236
0.722261169761523,1,0.395403204655725
0.351880392038568,1,0.553050611047318
0.790323591230398,1,0.374002296559102
2.05860082304527,1,0.151349086158637
2.57226831844143,1,0.108751691465668
0.171296296296296,1,0.678962308510817
0.237088299372037,1,0.626317053257915
19.746999076639,1,8.84003908008246e-06
1.52666270077335,1,0.216614005669275
0.493948024207903,1,0.482171447122277
2.27425461817109,1,0.131538352306475
9.23252177797632,1,0.00237753972139698
0.945560110803324,1,0.330852013654346
5.01413683525822,1,0.0251411603979099
0.351880392038568,1,0.553050611047318
0.271406914763558,1,0.602389559742499
2.4458099931549,1,0.117839043286964
1.33924026769724,1,0.247167992967929
78.9429377747452,1,0
0.235327203893997,1,0.627601614814355
4.1445265600682,1,0.0417693341740455
0.271406914763558,1,0.602389559742499
13.9564541279313,1,0.000187094219172734
67.7460498473319,1,2.22044604925031e-16
0.547155575675268,1,0.459482259102442
23.7643866374031,1,1.08878485016728e-06
0.351880392038568,1,0.553050611047318
2.93093103867486,1,0.086897366068119
12.8967258382643,1,0.000329157439211358
0.0176977040816326,1,0.894167505169529
19.9693657050574,1,7.86928704576972e-06
0.735192239231043,1,0.391205341460776
3.65569125868899,1,0.0558779631257278
15.3437569801206,1,8.96165675191574e-05
0.000654102203110654,1,0.979595990173979
0.0169092661936734,1,0.896538233919204
0.0820534819239661,1,0.774533644988166
0.212687074829932,1,0.6446694053273
2.25965569156432,1,0.132783580218753
22.9988831807014,1,1.62095537137308e-06
0.356550569124168,1,0.5504282303086
0.235327203893997,1,0.627601614814355
0.0108688532481825,1,0.916967946271918
0.662589355735975,1,0.415647289013008
0.390387442896,1,0.532095815627287
0.858908907763101,1,0.354044206183144
1.00573224852071,1,0.315927435597613
1.51165618878881,1,0.218886540501116
1.20101096931091,1,0.273119711702692
0.493948024207903,1,0.482171447122277
6.55844762036109,1,0.0104387392068155
0.201969196978914,1,0.653136040111586
2.93340603304599,1,0.0867642662182807
0.143272405314445,1,0.705049230089236
7.32099777092729,1,0.00681535641106756
18.2617958323938,1,1.92529980281853e-05
0.143272405314445,1,0.705049230089236
0.000963541666666658,1,0.975236868018651
8.41161453397964,1,0.00372831410877072
16.7289504036909,1,4.31179879424315e-05
0.268582230623819,1,0.604284413304865
0.156132410671437,1,0.69274256656496
7.81291345054092,1,0.00518742062216904
6.78780921009046,1,0.00917824775360943
0.603355719772691,1,0.437300523775819
1.16572148708254,1,0.280282106923824
0.139944684753448,1,0.708336009315603
0.724897959183674,1,0.394541974238978
0.310245436282645,1,0.577529614887739
0.123035396020066,1,0.725765393926298
1.00573224852071,1,0.315927435597613
1.16572148708254,1,0.280282106923824
0.689563226988346,1,0.406312983135659
0.271406914763558,1,0.602389559742499
5.756818526742,1,0.0164247860778469
0.271406914763558,1,0.602389559742499
1.33201511395145,1,0.248447043110713
0.396349930569331,1,0.528980350898716
4.8159365422751,1,0.0281977448743406
16.2569275831503,1,5.53070015546497e-05
0.443692733564014,1,0.505345494078554
0.0802803547433491,1,0.776917841749525
0.119334530501688,1,0.729757368484546
0.217029344154959,1,0.641312791326418
0.201969196978914,1,0.653136040111586
0.271406914763558,1,0.602389559742499
7.22177784758727,1,0.00720243380622754
1.40787391099491,1,0.235409656956923
0.860687679060653,1,0.353546321039079
4.57265946502057,1,0.0324860956265427
3.19973318025633,1,0.0736502850128632
0.235327203893997,1,0.627601614814355
0.171296296296296,1,0.678962308510818
0.39153429595838,1,0.531494011339707
1.52666270077335,1,0.216614005669275
68.5631923680368,1,1.11022302462516e-16
0.310245436282645,1,0.577529614887739
3.65569125868899,1,0.0558779631257278
22.0020576131687,1,2.72358326558475e-06
0.82421859945273,1,0.363949626655482
2.78084095950217,1,0.0953980648769184
0.235327203893997,1,0.627601614814355
0.235327203893997,1,0.627601614814355
0.701969502205419,1,0.402122703283218
0.351880392038568,1,0.553050611047318
5.78316986927907,1,0.016180335360053
0.232897923159882,1,0.629383337995135
0.235327203893997,1,0.627601614814355
7.21710660608028,1,0.00722120140608784
0.547155575675268,1,0.459482259102442
5.09370890780577,1,0.0240127830304949
0.329580491000886,1,0.565906214637579
0.95572795786413,1,0.328265567851437
2.60740728176515,1,0.106365534587029
3.14625850340136,1,0.0761012727344652
22.9362244897959,1,1.67466009337591e-06
2.46377517352601,1,0.116498483503683
0.0110541590790843,1,0.916265702847687
2.71533650729006,1,0.0993880095437352
0.930697168883598,1,0.334681831689834
4.15298340562182,1,0.0415612354537622
0.310245436282645,1,0.577529614887739
0.215504107888074,1,0.642487124681046
0.235327203893997,1,0.627601614814355
33.4025592890331,1,7.49253026288699e-09
0.662589355735975,1,0.415647289013008
0.212687074829932,1,0.6446694053273
0.220438447053996,1,0.638706046620787
11.7561983164276,1,0.000606409573212563
0.30515606632555,1,0.580667940721855
5.84518333926664,1,0.0156197464435329
0.143272405314445,1,0.705049230089236
9.31582493724366,1,0.00227183070441339
1.94476934650198,1,0.16315162028933
3.65569125868899,1,0.0558779631257278
14.1445631666773,1,0.000169285618233816
3.14625850340136,1,0.0761012727344652
54.4639599863074,1,1.58317803311547e-13
1.73661588393079,1,0.187568188487127
1.36577779226804,1,0.242538644143473
3.18605897441198,1,0.0742688606886459
7.3609818705223,1,0.00666543833660282
3.73859332206748,1,0.0531691888890993
0.03663352028621,1,0.84821311994502
0.235327203893997,1,0.627601614814355
0.790323591230398,1,0.374002296559102
10.1217783378842,1,0.00146527553267461
27.4497527076601,1,1.61229486983494e-07
2.32533094887039,1,0.127283147137352
1.52666270077335,1,0.216614005669275
12.55528217055,1,0.000395087936510108
15.4771187994832,1,8.35100735531169e-05
1.52666270077335,1,0.216614005669275
1.61017691100109,1,0.204466935652646
0.171296296296296,1,0.678962308510818
0.0973200537620115,1,0.755069689818882
0.162162162162162,1,0.687173618309648
13.9724183895931,1,0.000185512207330651
1.25076655195258,1,0.263406120513285
0.0820534819239661,1,0.774533644988166
0.310245436282645,1,0.577529614887739
0.117861921043131,1,0.731365077864628
0.790323591230398,1,0.374002296559102
0.0632037427304804,1,0.801502126743451
0.237088299372037,1,0.626317053257915
0.930697168883598,1,0.334681831689834
4.47823566477631,1,0.0343291425300905
8.05647869821929,1,0.0045341221443389
0.30515606632555,1,0.580667940721855
4.10506019583538,1,0.0427550694307141
1.43118972774255,1,0.231570372408945
1.51165618878881,1,0.218886540501116
0.493948024207903,1,0.482171447122277
4.57265946502057,1,0.0324860956265427
0.201969196978914,1,0.653136040111586
0.790323591230398,1,0.374002296559102
0.143272405314445,1,0.705049230089236
0.00338576258244157,1,0.953599431915394
0.356550569124168,1,0.5504282303086
24.2433941007689,1,8.48977616096924e-07
11.2814828511944,1,0.000782840022729436
0.271406914763558,1,0.602389559742499
26.5918866217972,1,2.51296851216942e-07
0.16142234627885,1,0.6878503592167
4.47823566477631,1,0.0343291425300905
0.16142234627885,1,0.6878503592167
5.419921875,1,0.0199082507297976
0.0442738801231863,1,0.833344884437158
2.59794594171784,1,0.107002314657837
0.000963541666666658,1,0.975236868018651
2.42325685007797,1,0.119546156842897
0.143272405314445,1,0.705049230089236
4.47823566477631,1,0.0343291425300905
0.493948024207903,1,0.482171447122277
0.78508606779435,1,0.375590138977819
0.143272405314445,1,0.705049230089236
0.00112107057189751,1,0.973289907133066
0.384207517084844,1,0.535360001892755
1.15890118308604,1,0.281693541987194
0.493948024207903,1,0.482171447122277
4.52378903465373,1,0.0334267239897188
6.06993613987228,1,0.0137501932080517
0.144236671616367,1,0.70410499302191
1.8745945945946,1,0.170949781269857
0.858908907763101,1,0.354044206183144
0.0263327124791688,1,0.871090424565133
0.143272405314445,1,0.705049230089236
5.94979058272633,1,0.0147190346127398
0.495955299821372,1,0.481282740107848
0.143272405314445,1,0.705049230089236
0.443692733564014,1,0.505345494078554
13.355116624444,1,0.0002577185150201
11.9179488327355,1,0.000555956620942322
2.55270800554723,1,0.110105388781717
0.506574201833806,1,0.476625630334162
0.597599877554051,1,0.439495249568434
1.25076655195258,1,0.263406120513285
0.143272405314445,1,0.705049230089236
0.235327203893997,1,0.627601614814355
2.40196529505323,1,0.121182923459904
1.33924026769724,1,0.247167992967929
0.119550676435009,1,0.72952232894881
1.15890118308604,1,0.281693541987194
12.8611931768766,1,0.000335466629015735
1.52666270077335,1,0.216614005669275
7.80126251375489,1,0.00522097425604406
2.16549215121328,1,0.141139429277479
0.858908907763101,1,0.354044206183144
1.1625353690311,1,0.280940347168996
1.43118972774255,1,0.231570372408945
15.5464587327517,1,8.0502299297347e-05
0.143272405314445,1,0.705049230089236
5.3218928192547,1,0.0210591240573078
1.16253536903109,1,0.280940347168996
16.980026921354,1,3.77751173925578e-05
0.119475353990047,1,0.729604208406433
0.724897959183674,1,0.394541974238978
0.0176977040816326,1,0.894167505169529
3.99584745483342,1,0.0456125094646969
0.235327203893997,1,0.627601614814355
2.6803749990032,1,0.101591802741871
5.01413683525822,1,0.0251411603979099
0.724897959183674,1,0.394541974238978
13.7018699986117,1,0.000214241056128328
0.171296296296296,1,0.678962308510818
0.310245436282645,1,0.577529614887739
2.59108157348553,1,0.107466927936764
16.9228541020935,1,3.89300443495166e-05
0.512798706037452,1,0.473929821049774
0.420383286483248,1,0.516745853714097
0.662589355735975,1,0.415647289013008
0.117861921043131,1,0.731365077864628
0.201969196978914,1,0.653136040111586
1.08405864421542,1,0.297791380623621
28.1062914548492,1,1.14831952724437e-07
0.0844744624455217,1,0.771322910488903
0.117861921043131,1,0.731365077864628
3.6576767424132,1,0.0558114061053545
0.117861921043131,1,0.731365077864628
10.1276450088363,1,0.00146061905580874
0.0442738801231863,1,0.833344884437158
0.139944684753448,1,0.708336009315603
8.76716959193208,1,0.00306701024881728
30.858365896864,1,2.77562999251302e-08
0.310245436282645,1,0.577529614887739
1.62395589926631,1,0.202541074969305
2.04044257343169,1,0.153165077685804
5.01226878573922,1,0.0251683021374411
0.547155575675268,1,0.459482259102442
1.73586393721319,1,0.187663747700935
0.351880392038568,1,0.553050611047318
0.235327203893997,1,0.627601614814355
3.26429128492623,1,0.0708036109955318
1.43118972774255,1,0.231570372408945
2.37938136016769,1,0.122946226240508
0.493948024207903,1,0.482171447122277
3.02663071423463e-07,1,0.999561045245846
4.05405405405405,1,0.044065400736827
3.73859332206748,1,0.0531691888890993
0.603355719772691,1,0.437300523775819
1.46778107248132,1,0.225696117039503
1.51165618878881,1,0.218886540501116
16.6389626444504,1,4.52126321766055e-05
0.00721730740866236,1,0.932297374872854
2.27425461817109,1,0.131538352306475
6.92743011109769,1,0.00848835728290787
15.2923477665809,1,9.20888045730095e-05
0.396349930569331,1,0.528980350898716
0.271406914763558,1,0.602389559742499
2.6803749990032,1,0.101591802741871
5.419921875,1,0.0199082507297976
10.8478670360111,1,0.000989096203973694
0.663523578070282,1,0.415318736938022
4.01621011593311,1,0.0450648726556315
55.8713731264533,1,7.73825448163734e-14
0.30515606632555,1,0.580667940721855
0.724897959183674,1,0.394541974238978
0.0305638371327402,1,0.861217016700561
0.457263680215021,1,0.498905580089006
0.945560110803324,1,0.330852013654346
1.61017691100109,1,0.204466935652646
2.9115518799783,1,0.0879472110906683
0.701791346650954,1,0.402182429701543
0.0831921863768075,1,0.773017179797195
0.333636849957176,1,0.56352538591583
0.930697168883598,1,0.334681831689834
0.443692733564014,1,0.505345494078554
0.143272405314445,1,0.705049230089236
0.201969196978914,1,0.653136040111586
0.562145445673868,1,0.453397099254811
1.1779814008835,1,0.277767325632029
13.9564541279313,1,0.000187094219172734
1.33924026769724,1,0.247167992967929
6.55844762036109,1,0.0104387392068155
0.443692733564014,1,0.505345494078554
0.00338576258244157,1,0.953599431915394
3.71348522622311,1,0.0539745784208602
1.25076655195258,1,0.263406120513285
0.603355719772691,1,0.437300523775819
4.1445265600682,1,0.0417693341740455
0.226490953763681,1,0.634138029287199
14.9655249625546,1,0.000109493431614149
5.84518333926664,1,0.0156197464435329
0.396349930569331,1,0.528980350898716
0.890231761525786,1,0.345414510466416
0.750302373226009,1,0.386380514506501
0.201969196978914,1,0.653136040111586
0.0176977040816326,1,0.894167505169529
0.00733875483152095,1,0.931731507298743
2.84075535413282,1,0.091901003067983
1.52666270077335,1,0.216614005669275
48.7269186217241,1,2.9419799929542e-12
0.603355719772691,1,0.437300523775819
76.2600657238106,1,0
3.65569125868899,1,0.0558779631257278
9.24253130689168,1,0.00236457858681649
0.171296296296296,1,0.678962308510818
0.171296296296296,1,0.678962308510818
2.37421976238715,1,0.123353215038565
0.603355719772691,1,0.437300523775819
14.0291043321132,1,0.000180002865160178
1.666695723881,1,0.196701700141893
0.171296296296296,1,0.678962308510818
5.756818526742,1,0.0164247860778469
0.143272405314445,1,0.705049230089236
6.83317023032538,1,0.00894803080110695
1.33924026769724,1,0.247167992967929
0.310245436282645,1,0.577529614887739
0.0156544594690058,1,0.900430305612513
6.52982087287056,1,0.0106080639310691
59.3419035975679,1,1.32116539930394e-14
0.351880392038568,1,0.553050611047318
4.57265946502057,1,0.0324860956265427
3.68184937687345,1,0.0550078045147847
4.74666510026415,1,0.0293551319153016
0.271406914763558,1,0.602389559742499
1.3937011700852,1,0.237781053729553
8.26034223787854,1,0.00405204883650812
7.1068699538639,1,0.00767890763638013
1.08405864421542,1,0.297791380623621
2.15290061583653,1,0.14230082705213
2.82378879529651,1,0.092876933791523
0.493948024207903,1,0.482171447122277
2.05860082304527,1,0.151349086158636
0.603355719772691,1,0.437300523775819
1.15518362396696,1,0.282466658691506
0.722261169761523,1,0.395403204655725
0.000854858306080566,1,0.97667480644794
0.78508606779435,1,0.375590138977819
2.92905405405405,1,0.0869984536381989
0.235327203893997,1,0.627601614814355
1.52666270077335,1,0.216614005669275
0.171296296296296,1,0.678962308510818
10.050912962963,1,0.00152272460169933
0.365188398313717,1,0.545638756858007
3.65569125868899,1,0.0558779631257278
1.25076655195258,1,0.263406120513285
0.271406914763558,1,0.602389559742499
2.19394336035569,1,0.138554192648714
0.420383286483248,1,0.516745853714097
0.662589355735975,1,0.415647289013008
4.24554638314834,1,0.0393534047158667
5.77751804537605,1,0.0162324471885804
0.239638339163761,1,0.624467447352367
0.235327203893997,1,0.627601614814355
1.25076655195258,1,0.263406120513285
4.624508449357,1,0.0315182911713699
44.8573412892672,1,2.11924922055573e-11
15.435211999703,1,8.53824323910901e-05
0.287191515379564,1,0.5920259198903
7.21710660608028,1,0.00722120140608784
0.0156544594690058,1,0.900430305612513
19.7123539932362,1,9.00175504348066e-06
0.376127786865783,1,0.539682899694139
7.3185652700206,1,0.00682458730352686
25.7593292875671,1,3.86752985748195e-07
0.101210543698387,1,0.750381742228128
9.52561224489796,1,0.00202623979645955
0.271406914763558,1,0.602389559742499
3.14625850340136,1,0.0761012727344652
5.93949967640903,1,0.0148052208887809
0.662589355735975,1,0.415647289013008
3.68184937687345,1,0.0550078045147847
0.295084635416667,1,0.58698044981823
2.95447914303718,1,0.085639896630208
0.162162162162162,1,0.687173618309648
14.1803553683746,1,0.000166095572652458
0.662589355735975,1,0.415647289013008
0.376127786865783,1,0.539682899694139
0.443692733564014,1,0.505345494078554
1.25076655195258,1,0.263406120513285
0.00219335344142556,1,0.962646127275217
6.42944821454493,1,0.0112243443548992
1.16572148708254,1,0.280282106923824
0.890231761525786,1,0.345414510466416
0.0153853796799711,1,0.901285333787101
10.5079746728243,1,0.00118860460203996
0.662589355735975,1,0.415647289013008
7.41725208277345,1,0.00646014021684116
0.235327203893997,1,0.627601614814355
0.171296296296296,1,0.678962308510817
14.3703854175592,1,0.000150145230588095
0.396349930569331,1,0.528980350898716
0.328907265777527,1,0.566303239095915
2.59122328403388,1,0.107457313935766
0.562145445673868,1,0.453397099254811
0.0844744624455217,1,0.771322910488903
0.597599877554051,1,0.439495249568434
1.22386170816085,1,0.268604119498304
0.16830800703633,1,0.681619933851312
2.68278455378609,1,0.101438215933101
0.201969196978914,1,0.653136040111586
34.0662880854578,1,5.3266154820264e-09
0.351880392038568,1,0.553050611047318
4.25609467455621,1,0.0391097343729656
0.271406914763558,1,0.602389559742499
30.366935113081,1,3.57571505738008e-08
0.000112141091678372,1,0.991550824436859
0.310245436282645,1,0.577529614887739
0.117861921043131,1,0.731365077864628
22.0753934906588,1,2.62148659946337e-06
1.25076655195258,1,0.263406120513285
0.930697168883598,1,0.334681831689834
0.0593336722146323,1,0.807552214915162
11.814682874228,1,0.00058765440818509
1.20101096931091,1,0.273119711702692
0.202465239730197,1,0.652738290934154
1.52666270077335,1,0.216614005669275
2.12348991667673,1,0.145055681584272
5.79943482963765,1,0.0160313267560783
2.99366063876209,1,0.0835910078163373
0.163546821084296,1,0.685911817805889
34.7651988179944,1,3.71963426726296e-09
0.500525608868455,1,0.479269265224544
0.998775545995693,1,0.317606971388463
1.51165618878881,1,0.218886540501116
0.603355719772691,1,0.437300523775819
0.235327203893997,1,0.627601614814355
2.96350569950078,1,0.085163110134323
0.271406914763558,1,0.602389559742499
0.790323591230398,1,0.374002296559102
0.890231761525786,1,0.345414510466416
0.235327203893997,1,0.627601614814355
19.7756217560305,1,8.70863690416446e-06
2.35658402203857,1,0.124755105718347
18.4728839278787,1,1.72338935413574e-05
0.235327203893997,1,0.627601614814355
0.858908907763101,1,0.354044206183144
1.43118972774255,1,0.231570372408945
0.143272405314445,1,0.705049230089236
0.283562227236659,1,0.594375855711838
0.171296296296296,1,0.678962308510818
2.55270800554723,1,0.110105388781717
0.23920098127076,1,0.624783804655144
0.662589355735975,1,0.415647289013008
0.0108688532481825,1,0.916967946271918
0.650497966737283,1,0.419934699716023
0.724897959183674,1,0.394541974238978
0.235327203893997,1,0.627601614814355
0.493948024207903,1,0.482171447122277
0.171296296296296,1,0.678962308510818
1.51165618878881,1,0.218886540501116
0.0305638371327402,1,0.861217016700561
1.72837370242214,1,0.188618724091759
0.0578620844527779,1,0.809907480162082
0.396349930569331,1,0.528980350898716
0.722261169761523,1,0.395403204655725
10.7926692873797,1,0.00101902834099299
2.05860082304527,1,0.151349086158636
0.0820534819239661,1,0.774533644988166
2.05860082304527,1,0.151349086158637
0.493948024207903,1,0.482171447122277
0.171296296296296,1,0.678962308510818
1.16572148708254,1,0.280282106923824
0.143272405314445,1,0.705049230089236
29.7732155171344,1,4.85655547999286e-08
3.65569125868899,1,0.0558779631257278
1.61017691100109,1,0.204466935652646
0.132007631322145,1,0.716359472655046
0.143272405314445,1,0.705049230089236
43.6382812882516,1,3.95035115730025e-11
0.235327203893997,1,0.627601614814355
0.020650875953136,1,0.885734112603655
43.4680300491319,1,4.30943059015476e-11
19.9170071329924,1,8.08776439487069e-06
6.06993613987228,1,0.0137501932080517
2.35658402203857,1,0.124755105718347
3.60264459293754,1,0.0576877334738947
0.276850642206917,1,0.598772886445176
67.8407320926787,1,2.22044604925031e-16
0.443692733564014,1,0.505345494078554
0.117861921043131,1,0.731365077864628
17.3605107980063,1,3.09183582798411e-05
2.34162162162162,1,0.125958371467358
1.11270971607308,1,0.291493674053362
4.57487605452343,1,0.0324440929206896
10.9129143305497,1,0.000954961716513214
6.50405918875449,1,0.0107628497049688
0.602543203366476,1,0.437609320706139
0.237088299372037,1,0.626317053257915
0.0426953767040827,1,0.836299925768028
15.2923477665809,1,9.20888045730095e-05
0.149855447015952,1,0.698673536581386
0.271406914763558,1,0.602389559742499
0.00338576258244157,1,0.953599431915394
0.420383286483248,1,0.516745853714097
1.25076655195258,1,0.263406120513285
0.356550569124168,1,0.5504282303086
0.439147895572128,1,0.507534016834395
1.90766648653632,1,0.167222699641981
3.92788513836919,1,0.0474916334384773
12.8967258382643,1,0.000329157439211358
0.790323591230398,1,0.374002296559102
6.06993613987228,1,0.0137501932080517
5.06262873636653,1,0.0244471293589897
15.5762716062737,1,7.9242831314108e-05
0.30515606632555,1,0.580667940721855
0.790323591230398,1,0.374002296559102
0.0685376727258719,1,0.793477946901835
0.0153853796799711,1,0.901285333787101
0.396349930569331,1,0.528980350898716
35.6096888451784,1,2.41085462704405e-09
0.396349930569331,1,0.528980350898716
0.0024276685983035,1,0.960703029593357
10.5868074889693,1,0.00113897487199732
18.5751070800511,1,1.63339603392876e-05
0.171296296296296,1,0.678962308510818
2.55270800554723,1,0.110105388781717
0.235327203893997,1,0.627601614814355
0.945560110803324,1,0.330852013654346
13.5942315426602,1,0.000226881623819786
34.5729769820688,1,4.10566514119637e-09
6.46448558457443,1,0.0110051494535243
0.288325661587655,1,0.591295488822146
3.66262484842751,1,0.055645902247339
0.201969196978914,1,0.653136040111586
0.0820534819239661,1,0.774533644988166
0.261856879904396,1,0.60884731394774
0.235327203893997,1,0.627601614814355
0.493948024207903,1,0.482171447122277
2.17625722968336,1,0.140154938211153
24.2433941007689,1,8.48977616096924e-07
0.0442738801231863,1,0.833344884437158
0.171296296296296,1,0.678962308510818
2.96553117345522,1,0.0850565186060117
0.858908907763101,1,0.354044206183144
0.201969196978914,1,0.653136040111586
3.14625850340136,1,0.0761012727344652
3.65569125868899,1,0.0558779631257278
6.68673474592665,1,0.00971329537942456
0.0498969040696563,1,0.823242765495962
2.82378879529651,1,0.092876933791523
11.9179488327355,1,0.000555956620942322
7.64672535017673,1,0.0056875471541451
22.0020576131687,1,2.72358326558475e-06
5.41255237152495,1,0.0199924636782182
0.420383286483248,1,0.516745853714097
1.67147568542108,1,0.196060995113902
5.69722970048477,1,0.0169917116517506
0.930697168883598,1,0.334681831689834
0.493948024207903,1,0.482171447122277
0.724897959183674,1,0.394541974238978
7.47046943433964,1,0.00627191954246586
36.7029863825224,1,1.37568534341881e-09
10.1217783378842,1,0.00146527553267461
0.493948024207903,1,0.482171447122277
0.235327203893997,1,0.627601614814355
0.117861921043131,1,0.731365077864628
1.62570764163294,1,0.202297771439771
0.0263327124791688,1,0.871090424565133
10.9373635251987,1,0.000942441823092666
0.356550569124168,1,0.5504282303086
0.285381192238092,1,0.593195689177134
1.0812289312291,1,0.298422798312115
0.493948024207903,1,0.482171447122277
5.01413683525822,1,0.0251411603979099
2.05860082304527,1,0.151349086158636
0.597599877554051,1,0.439495249568434
6.55844762036109,1,0.0104387392068155
34.6792457572961,1,3.8875410668382e-09
0.0176977040816326,1,0.894167505169529
0.396349930569331,1,0.528980350898716
8.1726569419676e-05,1,0.992787002518351
21.3395405474554,1,3.84713979750817e-06
1.79017105132779,1,0.180905323420344
9.7628306493837,1,0.00178075516009912
2.35658402203857,1,0.124755105718347
0.858908907763101,1,0.354044206183144
107.383270813156,1,0
2.37632634624686,1,0.123186931941568
0.443692733564014,1,0.505345494078554
0.547155575675268,1,0.459482259102442
0.493948024207903,1,0.482171447122277
0.396349930569331,1,0.528980350898716
0.117861921043131,1,0.731365077864628
0.171296296296296,1,0.678962308510818
0.117861921043131,1,0.731365077864628
3.65569125868899,1,0.0558779631257278
0.201969196978914,1,0.653136040111586
0.238125922041063,1,0.625562961183098
0.5630692622807,1,0.453026226826363
0.724897959183674,1,0.394541974238978
15.2923477665809,1,9.20888045730095e-05
3.23914126066072,1,0.071898314147062
0.0236230735696108,1,0.877847866005715
0.724897959183674,1,0.394541974238978
0.79959238983084,1,0.37121526620304
1.95608490369928,1,0.161932650598826
1.10437863194007,1,0.29330718183043
0.858908907763101,1,0.354044206183144
0.0765647733113231,1,0.782007858538019
0.962395353396726,1,0.326584107211651
2.40002621930578,1,0.12133321674589
1.33993585044589,1,0.24704528143187
0.000884161374352981,1,0.976278516984989
0.0578620844527779,1,0.809907480162082
0.0442738801231863,1,0.833344884437158
0.117861921043131,1,0.731365077864628
24.2427576244566,1,8.49258212087811e-07
46.2728794032561,1,1.02877706353866e-11
0.443692733564014,1,0.505345494078554
2.35658402203857,1,0.124755105718347
17.2822313671696,1,3.22185573484735e-05
20.5896400187295,1,5.69032159813965e-06
0.551630618014259,1,0.457652188937118
5.73905420991926,1,0.0165917244331724
0.201969196978914,1,0.653136040111586
2.94790878252314,1,0.0859887614344144
0.603355719772691,1,0.437300523775819
0.202573625830896,1,0.652651460139534
0.493948024207903,1,0.482171447122277
2.24332325090533,1,0.134192299505998
16.441906287186,1,5.01638971618368e-05
21.6376157978442,1,3.29329439097137e-06
19.3507482993197,1,1.08776611095207e-05
0.235327203893997,1,0.627601614814355
4.624508449357,1,0.0315182911713699
0.310245436282645,1,0.577529614887739
0.139944684753448,1,0.708336009315603
3.92788513836919,1,0.0474916334384773
3.65569125868899,1,0.0558779631257278
0.000207239375481332,1,0.988514201351109
0.0263327124791688,1,0.871090424565133
0.443692733564014,1,0.505345494078554
0.201969196978914,1,0.653136040111586
1.03584453635844,1,0.308789896094561
2.25940751473296,1,0.132804862150123
1.16572148708254,1,0.280282106923824
0.903398454433394,1,0.34187209213398
0.396349930569331,1,0.528980350898716
2.29779137855661,1,0.129558106944264
2.9115518799783,1,0.0879472110906683
1.61017691100109,1,0.204466935652646
3.98558620797579,1,0.0458911295369853
18.2617958323938,1,1.92529980281853e-05
0.0236230735696108,1,0.877847866005715
0.000112141091678372,1,0.991550824436859
0.171296296296296,1,0.678962308510818
15.7476247612584,1,7.23787589943514e-05
3.45821292060831,1,0.0629383036053096
3.65569125868899,1,0.0558779631257278
1.08405864421542,1,0.297791380623621
6.0334928309968,1,0.0140369304048328
0.171296296296296,1,0.678962308510818
0.493948024207903,1,0.482171447122277
12.1937584616798,1,0.0004794967763464
11.2647049346621,1,0.00078994735839566
0.235327203893997,1,0.627601614814355
10.6403249247169,1,0.00110648232015553
0.528122101412606,1,0.467397438723441
0.0765647733113231,1,0.782007858538019
0.143272405314445,1,0.705049230089236
2.93340603304599,1,0.0867642662182807
1.52666270077335,1,0.216614005669275
3.65569125868899,1,0.0558779631257278
40.6755212515048,1,1.79724568560857e-10
1.94476934650198,1,0.16315162028933
0.493948024207903,1,0.482171447122277
0.143272405314445,1,0.705049230089236
17.7832868637264,1,2.47548229672656e-05
0.143272405314445,1,0.705049230089236
13.1786131586895,1,0.000283162235443446
2.93340603304599,1,0.0867642662182807
42.4806279882266,1,7.13857861711631e-11
0.00338576258244157,1,0.953599431915394
0.00733875483152095,1,0.931731507298743
3.65569125868899,1,0.0558779631257278
4.63051084512011,1,0.0314082106874214
1.69255947553102,1,0.193263917339324
0.288325661587655,1,0.591295488822146
0.396349930569331,1,0.528980350898716
0.201969196978914,1,0.653136040111586
0.560951700077212,1,0.453877042133411
0.79959238983084,1,0.37121526620304
1.30458266042816,1,0.253377841613374
21.7875545574321,1,3.0456936379597e-06
1.10437863194007,1,0.29330718183043
3.65569125868899,1,0.0558779631257278
1.33993585044589,1,0.24704528143187
0.328907265777527,1,0.566303239095915
0.493948024207903,1,0.482171447122277
0.735192239231043,1,0.391205341460776
31.7323849869483,1,1.76946871599526e-08
1.89086110140624,1,0.169104829930854
1.16572148708254,1,0.280282106923824
1.89086110140624,1,0.169104829930854
8.76473756254141,1,0.0030711026358694
0.562145445673868,1,0.453397099254811
1.61017691100109,1,0.204466935652646
1.60568455390774,1,0.205099483317871
0.420383286483248,1,0.516745853714097
0.351880392038568,1,0.553050611047318
0.0844744624455217,1,0.771322910488903
0.547155575675268,1,0.459482259102442
6.46448558457443,1,0.0110051494535243
0.351880392038568,1,0.553050611047318
0.351880392038568,1,0.553050611047318
0.89959016954753,1,0.342891625516222
0.511353865600786,1,0.474553364645714
3.65569125868899,1,0.0558779631257278
0.0102734971539637,1,0.919266068361424
1.61017691100109,1,0.204466935652646
19.4968256167084,1,1.00767000791313e-05
0.201969196978914,1,0.653136040111586
7.35427529767347,1,0.00669034716524342
5.78316986927907,1,0.016180335360053
0.16142234627885,1,0.6878503592167
0.930697168883598,1,0.334681831689834
0.0317861056322596,1,0.858497915324708
0.724897959183674,1,0.394541974238978
6.20307446313477,1,0.0127528603976218
0.33395765740949,1,0.563337916684935
12.8967258382643,1,0.000329157439211358
0.0409900190468359,1,0.839557189060295
4.89947443719549,1,0.026864870434397
19.3507482993197,1,1.08776611095207e-05
7.25520419441268,1,0.00706958325901264
22.0020576131687,1,2.72358326558475e-06
0.235327203893997,1,0.627601614814355
0.235327203893997,1,0.627601614814355
4.22732878560142,1,0.0397779973850485
0.769858085245778,1,0.380260958367644
12.5489737627557,1,0.000396423951720348
0.0305638371327402,1,0.861217016700561
12.4177928949357,1,0.000425262538972015
0.443692733564014,1,0.505345494078554
3.65569125868899,1,0.0558779631257278
0.547155575675268,1,0.459482259102442
0.171296296296296,1,0.678962308510818
13.5515916506719,1,0.000232094518104242
3.44738331863877,1,0.063351991062629
0.724897959183674,1,0.394541974238978
25.788212673568,1,3.81008250505133e-07
17.0021318810016,1,3.73378714495498e-05
2.93340603304599,1,0.0867642662182807
5.06262873636653,1,0.0244471293589897
0.78508606779435,1,0.375590138977819
0.603355719772691,1,0.437300523775819
18.0050309769142,1,2.20321928640077e-05
9.2024469631244,1,0.00241691835548541
0.296762634599872,1,0.585919112295283
0.0487566171697162,1,0.825241150814997
2.29779137855661,1,0.129558106944264
0.171296296296296,1,0.678962308510818
18.1134785805313,1,2.08122981499859e-05
0.201969196978914,1,0.653136040111586
4.29939887221946,1,0.0381258468406346
1.62570764163294,1,0.202297771439771
0.735192239231043,1,0.391205341460776
0.271406914763558,1,0.602389559742499
0.396349930569331,1,0.528980350898716
4.24502590135713,1,0.0393654692331938
0.143272405314445,1,0.705049230089236
17.3336632896828,1,3.13582363912213e-05
1.08405864421542,1,0.297791380623621
1.33924026769724,1,0.247167992967929
12.0866666666667,1,0.000507836847765231
15.2923477665809,1,9.20888045730095e-05
1.46262017203576,1,0.226513683714796
0.493948024207903,1,0.482171447122277
0.662589355735975,1,0.415647289013008
0.396349930569331,1,0.528980350898716
0.30515606632555,1,0.580667940721855
1.83471074380165,1,0.175572147774272
0.998775545995693,1,0.317606971388463
0.271406914763558,1,0.602389559742499
4.47823566477631,1,0.0343291425300905
0.171296296296296,1,0.678962308510818
0.281179640831402,1,0.595929078789489
0.271406914763558,1,0.602389559742499
0.351880392038568,1,0.553050611047318
1.92574971164937,1,0.165224198866442
1.20972074201299,1,0.271387435273514
18.0350066512637,1,2.16879946646209e-05
0.271406914763558,1,0.602389559742499
1.51165618878881,1,0.218886540501116
0.304707724036417,1,0.580946042176649
19.2420209158082,1,1.15150636702532e-05
50.4518168543911,1,1.22124532708767e-12
30.8325916394154,1,2.81274017410738e-08
8.91485870675339,1,0.00282859695923587
35.1969984709316,1,2.97982460928381e-09
0.000207239375481332,1,0.988514201351109
0.328907265777527,1,0.566303239095915
0.379830991735537,1,0.537693700581959
0.0975240823403092,1,0.754821309301583
1.89086110140624,1,0.169104829930854
7.32099777092729,1,0.00681535641106756
9.52561224489796,1,0.00202623979645955
0.201969196978914,1,0.653136040111586
0.0487566171697162,1,0.825241150814997
0.396349930569331,1,0.528980350898716
0.235327203893997,1,0.627601614814355
29.4465212661126,1,5.74811238607253e-08
0.247383199816314,1,0.618923703879294
4.73994382057672,1,0.029470033594044
19.7756217560305,1,8.70863690416446e-06
1.16572148708254,1,0.280282106923824
2.42325685007797,1,0.119546156842897
0.139944684753448,1,0.708336009315603
0.858908907763101,1,0.354044206183144
0.0156544594690058,1,0.900430305612513
2.74858599432369,1,0.0973404781341525
0.872436743472076,1,0.350281597243845
1.01648219307215,1,0.313354898586274
0.726694854902263,1,0.393956617013521
0.143272405314445,1,0.705049230089236
0.171296296296296,1,0.678962308510818
0.930697168883598,1,0.334681831689834
0.271406914763558,1,0.602389559742499
0.143272405314445,1,0.705049230089236
0.143272405314445,1,0.705049230089236
1.5095108448231,1,0.219213742283712
0.00338576258244157,1,0.953599431915394
0.237088299372037,1,0.626317053257915
1.08405864421542,1,0.297791380623621
0.143272405314445,1,0.705049230089236
0.493948024207903,1,0.482171447122277
2.99727221832853,1,0.0834048343124317
18.2617958323938,1,1.92529980281853e-05
0.547155575675268,1,0.459482259102442
0.945560110803324,1,0.330852013654346
4.57265946502057,1,0.0324860956265427
2.76028427369188,1,0.096631065198222
0.501739971048238,1,0.478736590120927
0.329973123460411,1,0.565674914382246
0.201969196978914,1,0.653136040111586
3.95361808172981,1,0.0467707056691212
1.10579876907377,1,0.29299702963057
11.6440351606436,1,0.000644087327274945
1.08405864421542,1,0.297791380623621
0.226490953763681,1,0.634138029287199
4.57265946502057,1,0.0324860956265427
0.735192239231043,1,0.391205341460776
2.03807799152742,1,0.15340336911472
1.52666270077335,1,0.216614005669275
2.82378879529651,1,0.092876933791523
16.2686746250383,1,5.49651644304872e-05
3.65569125868899,1,0.0558779631257278
9.31582493724366,1,0.00227183070441339
0.30515606632555,1,0.580667940721855
0.36638671875,1,0.544980433908113
5.78316986927907,1,0.016180335360053
3.28022818148587,1,0.0701191795792713
0.00338576258244157,1,0.953599431915394
0.443692733564014,1,0.505345494078554
20.1266417099384,1,7.24800018403471e-06
0.0408526714522716,1,0.839822570394038
5.81045653550978,1,0.0159311579143956
0.271406914763558,1,0.602389559742499
0.117861921043131,1,0.731365077864628
0.30515606632555,1,0.580667940721855
5.84518333926664,1,0.0156197464435329
0.000112141091678372,1,0.991550824436859
5.68679298236641,1,0.0170930648119663
0.117861921043131,1,0.731365077864628
0.421282704870436,1,0.516297692472219
0.271406914763558,1,0.602389559742499
0.562145445673868,1,0.453397099254811
17.2536736530186,1,3.27064552998468e-05
1.16572148708254,1,0.280282106923824
1.89086110140624,1,0.169104829930854
0.201969196978914,1,0.653136040111586
9.83629858253315,1,0.00171101446968114
2.65745625481712,1,0.103065441222997
6.29717451523546,1,0.012093057437509
3.82076080500791,1,0.0506212478483815
0.493948024207903,1,0.482171447122277
4.93314301145789,1,0.0263463567840716
9.52561224489796,1,0.00202623979645955
25.149112837496,1,5.30640593687792e-07
0.271406914763558,1,0.602389559742499
1.5095108448231,1,0.219213742283712
0.396349930569331,1,0.528980350898716
5.756818526742,1,0.0164247860778469
4.57265946502057,1,0.0324860956265427
0.662589355735975,1,0.415647289013008
0.603355719772691,1,0.437300523775819
0.785746046248811,1,0.375389535239207
0.117861921043131,1,0.731365077864628
0.171296296296296,1,0.678962308510818
0.143272405314445,1,0.705049230089236
5.756818526742,1,0.0164247860778469
1.72837370242214,1,0.188618724091759
0.443692733564014,1,0.505345494078554
4.15452118058048,1,0.0415235124105606
10.1716807638088,1,0.00142614207971725
0.493948024207903,1,0.482171447122277
0.117861921043131,1,0.731365077864628
5.01413683525822,1,0.0251411603979099
36.969067583798,1,1.20018228688679e-09
0.0255676383105294,1,0.872960764089304
4.57265946502057,1,0.0324860956265427
0.253619606497086,1,0.614537854459512
0.569580254176227,1,0.450425760402492
0.0820534819239661,1,0.774533644988166
0.0981931958561704,1,0.754008738473199
0.235327203893997,1,0.627601614814355
0.000854858306080566,1,0.97667480644794
0.201969196978914,1,0.653136040111586
0.201969196978914,1,0.653136040111586
0.493948024207903,1,0.482171447122277
0.310245436282645,1,0.577529614887739
0.201969196978914,1,0.653136040111586
0.184907976206098,1,0.667188894638434
2.99366063876209,1,0.0835910078163373
0.443692733564014,1,0.505345494078554
0.117861921043131,1,0.731365077864628
8.04362857491967,1,0.0045663975718957
0.201969196978914,1,0.653136040111586
0.0442738801231863,1,0.833344884437158
0.123035396020066,1,0.725765393926298
0.000207239375481332,1,0.988514201351109
0.443692733564014,1,0.505345494078554
1.1625353690311,1,0.280940347168996
0.724897959183674,1,0.394541974238978
3.57571882031292,1,0.0586300688244709
1.20101096931091,1,0.273119711702692
0.588563701610931,1,0.442975064449076
12.9823513379804,1,0.000314440836205465
52.4594907407407,1,4.39204228541712e-13
0.310245436282645,1,0.577529614887739
0.603355719772691,1,0.437300523775819
0.201969196978914,1,0.653136040111586
3.65569125868899,1,0.0558779631257278
0.529089218178437,1,0.466990022912779
3.37431004367925,1,0.0662203014278971
5.756818526742,1,0.0164247860778469
18.6430070918469,1,1.57624348453567e-05
22.9634889444353,1,1.65107582006385e-06
3.11148475023635,1,0.0777420610804642
0.662589355735975,1,0.415647289013008
0.493948024207903,1,0.482171447122277
3.65569125868899,1,0.0558779631257278
0.537972100599128,1,0.463274370885413
1.45810607183365,1,0.227231705064345
0.143272405314445,1,0.705049230089236
3.65569125868899,1,0.0558779631257278
0.351880392038568,1,0.553050611047318
0.667318180197358,1,0.413988176843822
0.0854798474525142,1,0.770004226193399
0.117861921043131,1,0.731365077864628
18.0574236961919,1,2.14341242606997e-05
0.493948024207903,1,0.482171447122277
3.14625850340136,1,0.0761012727344652
0.443692733564014,1,0.505345494078554
0.790323591230398,1,0.374002296559102
0.63079364069085,1,0.427064350681687
1.94476934650198,1,0.16315162028933
0.515772069955866,1,0.472650790150857
1.89086110140624,1,0.169104829930854
20.5453225877483,1,5.82359150091971e-06
0.171296296296296,1,0.678962308510818
0.493948024207903,1,0.482171447122277
12.8416088830805,1,0.000338996009696224
3.17376952467203,1,0.0748295554637836
3.37431004367925,1,0.0662203014278971
13.9031297444283,1,0.000192477693143789
4.73394657874134,1,0.0295729532012245
0.351880392038568,1,0.553050611047318
0.351880392038568,1,0.553050611047318
1.57926691153964,1,0.208866320569182
32.9838576952751,1,9.29272359062594e-09
3.32481945799533,1,0.0682415065295435
0.396349930569331,1,0.528980350898716
0.420383286483248,1,0.516745853714097
0.235327203893997,1,0.627601614814355
0.493948024207903,1,0.482171447122277
13.1074008326259,1,0.000294131486889726
1.89086110140624,1,0.169104829930854
0.310245436282645,1,0.577529614887739
10.3036293528005,1,0.00132768829382601
24.2433941007689,1,8.48977616096924e-07
0.0820534819239661,1,0.774533644988166
18.2205405405405,1,1.96745515050889e-05
21.1485035177136,1,4.25033021944632e-06
0.00219335344142556,1,0.962646127275217
0.662589355735975,1,0.415647289013008
11.3755621522125,1,0.000744166997052154
0.171296296296296,1,0.678962308510817
5.85331915799754,1,0.0155476999499294
1.01648219307215,1,0.313354898586274
0.420383286483248,1,0.516745853714097
0.212687074829932,1,0.6446694053273
3.63611151809226,1,0.0565388394450117
0.0578620844527779,1,0.809907480162082
39.9470718800211,1,2.60938493035212e-10
44.9921201215258,1,1.97828420311907e-11
25.846725051091,1,3.69631306895712e-07
1.33924026769724,1,0.247167992967929
0.171296296296296,1,0.678962308510818
2.8804800014878,1,0.0896592915743646
0.271406914763558,1,0.602389559742499
5.01226878573922,1,0.0251683021374411
1.1625353690311,1,0.280940347168996
18.0680680680681,1,2.13146255112484e-05
0.0236230735696108,1,0.877847866005715
21.2899747899828,1,3.94790788704746e-06
0.171296296296296,1,0.678962308510818
4.22732878560142,1,0.0397779973850485
5.69444525515451,1,0.0170186911969372
15.6068967081472,1,7.79696863867363e-05
3.65569125868899,1,0.0558779631257278
1.16572148708254,1,0.280282106923824
56.7035135524798,1,5.06261699229071e-14
0.603355719772691,1,0.437300523775819
0.351880392038568,1,0.553050611047318
11.2046968867914,1,0.000815905528792293
0.926634894584017,1,0.335738874944944
6.43822562794076,1,0.0111690154415826
1.89086110140624,1,0.169104829930854
1.89086110140624,1,0.169104829930854
8.41161453397964,1,0.00372831410877072
0.235327203893997,1,0.627601614814355
30.858365896864,1,2.77562999251302e-08
0.235327203893997,1,0.627601614814355
0.0236230735696108,1,0.877847866005715
0.134694425800857,1,0.713613504146744
0.493948024207903,1,0.482171447122277
0.858908907763101,1,0.354044206183144
0.396349930569331,1,0.528980350898716
5.78316986927907,1,0.016180335360053
0.295084635416667,1,0.58698044981823
0.143272405314445,1,0.705049230089236
0.201969196978914,1,0.653136040111586
23.7643866374031,1,1.08878485016728e-06
1.16572148708254,1,0.280282106923824
1.53863273441211,1,0.214821434678456
2.69348747559426,1,0.100759064535447
0.226490953763681,1,0.634138029287199
0.171296296296296,1,0.678962308510818
0.735192239231043,1,0.391205341460776
1.95158985935522,1,0.162415631212737
15.2923477665809,1,9.20888045730095e-05
0.396349930569331,1,0.528980350898716
0.03663352028621,1,0.84821311994502
3.90649729279467,1,0.0480997488157168
9.44236220931146,1,0.00212030226326676
0.396349930569331,1,0.528980350898716
0.351880392038568,1,0.553050611047318
0.0685376727258719,1,0.793477946901835
1.61183209974412,1,0.204234456469517
0.347978841571126,1,0.555259494709526
3.37431004367925,1,0.0662203014278971
1.74972207457431,1,0.18591167527587
0.235327203893997,1,0.627601614814355
1.61017691100109,1,0.204466935652646
0.390387442896,1,0.532095815627287
0.235327203893997,1,0.627601614814355
4.57265946502057,1,0.0324860956265427
0.493948024207903,1,0.482171447122277
12.8967258382643,1,0.000329157439211358
0.0236230735696108,1,0.877847866005715
0.00292321595629013,1,0.956881964714251
0.171296296296296,1,0.678962308510818
2.35658402203857,1,0.124755105718347
0.235327203893997,1,0.627601614814355
0.45045045045045,1,0.502121120226331
0.30515606632555,1,0.580667940721855
0.735192239231043,1,0.391205341460776
0.395698775643932,1,0.529318990622966
0.271406914763558,1,0.602389559742499
4.15452118058048,1,0.0415235124105606
4.43791674651899,1,0.0351491126161956
0.89959016954753,1,0.342891625516222
0.0374943156405502,1,0.846462090316224
0.603355719772691,1,0.437300523775819
0.396349930569331,1,0.528980350898716
0.662589355735975,1,0.415647289013008
4.10958338987432,1,0.0426408651247342
0.000112141091678372,1,0.991550824436859
15.0688209929005,1,0.000103661434949109
0.111998579467068,1,0.737880153952295
2.25314511339963,1,0.133343145669134
0.396349930569331,1,0.528980350898716
0.493948024207903,1,0.482171447122277
0.511353865600786,1,0.474553364645714
0.724897959183674,1,0.394541974238978
1.43118972774255,1,0.231570372408945
0.711640797431255,1,0.398899644492822
5.756818526742,1,0.0164247860778469
18.5342361025214,1,1.66879667683473e-05
0.0796315426997244,1,0.777797354840176
14.1803553683746,1,0.000166095572652458
4.12746929002634,1,0.0421924030535662
1.57339175631361,1,0.209715131394497
13.3800238514976,1,0.000254318494905426
0.547155575675268,1,0.459482259102442
0.310245436282645,1,0.577529614887739
0.858908907763101,1,0.354044206183144
1.00573224852071,1,0.315927435597613
0.0363810577647958,1,0.848730715332063
0.443692733564014,1,0.505345494078554
0.745263136061749,1,0.387980106486207
10.7926692873797,1,0.00101902834099299
5.21357395850902,1,0.0224112198242157
6.76795162509448,1,0.00928092966382954
1.94476934650198,1,0.16315162028933
13.7953731916369,1,0.000203837600624923
0.343740801601775,1,0.557677878039027
0.653013593801251,1,0.419037297314011
0.143272405314445,1,0.705049230089236
2.93340603304599,1,0.0867642662182807
2.96971244414926,1,0.0848369332647847
0.235327203893997,1,0.627601614814355
0.790323591230398,1,0.374002296559102
6.83317023032538,1,0.00894803080110695
0.511353865600786,1,0.474553364645714
0.235327203893997,1,0.627601614814355
4.57265946502057,1,0.0324860956265427
0.493948024207903,1,0.482171447122277
2.99366063876209,1,0.0835910078163373
0.143272405314445,1,0.705049230089236
17.0013340318521,1,3.73535644092593e-05
0.901577637554445,1,0.342359040509895
5.756818526742,1,0.0164247860778469
9.09210221387363,1,0.00256715626785331
4.57265946502057,1,0.0324860956265427
2.12949160556297,1,0.144488671716317
2.17625722968336,1,0.140154938211153
0.351880392038568,1,0.553050611047318
0.310245436282645,1,0.577529614887739
0.781241022694628,1,0.376761859493005
0.143272405314445,1,0.705049230089236
5.01413683525822,1,0.0251411603979099
0.271406914763558,1,0.602389559742499
0.117861921043131,1,0.731365077864628
0.00721730740866236,1,0.932297374872854
7.3185652700206,1,0.00682458730352686
0.351880392038568,1,0.553050611047318
0.000112141091678372,1,0.991550824436859
1.1625353690311,1,0.280940347168996
3.08463188255799,1,0.0790351473947583
0.310245436282645,1,0.577529614887739
4.24554638314834,1,0.0393534047158667
2.53497970020323,1,0.111348318548221
0.460118934664797,1,0.497568394154961
13.5515916506719,1,0.000232094518104242
5.87940761902603,1,0.0153189748539504
1.00573224852071,1,0.315927435597613
0.562145445673868,1,0.453397099254811
3.26170798898072,1,0.07091522646858
15.3439900563376,1,8.96055124689488e-05
0.201969196978914,1,0.653136040111586
15.5464587327517,1,8.0502299297347e-05
1.33924026769724,1,0.247167992967929
0.132007631322145,1,0.716359472655046
24.5185188535248,1,7.35990449696189e-07
63.964571991154,1,1.22124532708767e-15
23.4233414288435,1,1.29991656649953e-06
3.82076080500791,1,0.0506212478483815
1.62570764163294,1,0.202297771439771
0.325026686114507,1,0.568602335296319
7.11899163256139,1,0.00762715933048586
0.603355719772691,1,0.437300523775819
0.603355719772691,1,0.437300523775819
6.06993613987228,1,0.0137501932080517
0.351880392038568,1,0.553050611047318
13.9031297444283,1,0.000192477693143789
3.67876304005481,1,0.0551097206967432
0.000219885833428112,1,0.988168964136293
0.201969196978914,1,0.653136040111586
0.271406914763558,1,0.602389559742499
2.08100697291121,1,0.149141759784582
0.235327203893997,1,0.627601614814355
7.39149971640588,1,0.00655328255930576
2.37632634624686,1,0.123186931941568
1.94476934650198,1,0.16315162028933
0.201969196978914,1,0.653136040111586
12.9490879164314,1,0.000320077398295204
0.171296296296296,1,0.678962308510818
0.210258488118482,1,0.646564879099021
0.18068593291741,1,0.670784422171031
1.51165618878881,1,0.218886540501116
27.3973737998615,1,1.65656051875906e-07
12.1145000867365,1,0.000500312491554467
0.132007631322145,1,0.716359472655046
0.271406914763558,1,0.602389559742499
0.271406914763558,1,0.602389559742499
0.10280396887725,1,0.748490360617514
0.396349930569331,1,0.528980350898716
23.8609399057986,1,1.03551703678484e-06
0.117861921043131,1,0.731365077864628
3.60305339403194,1,0.0576735510530449
0.396349930569331,1,0.528980350898716
6.73300791904674,1,0.00946448675874612
1.45810607183365,1,0.227231705064345
1.20101096931091,1,0.273119711702692
16.1839039093286,1,5.74804612946123e-05
6.19534623326919,1,0.012808666393895
2.46926506169916,1,0.116092195958853
0.662589355735975,1,0.415647289013008
0.00721730740866236,1,0.932297374872854
13.9564541279313,1,0.000187094219172734
0.271406914763558,1,0.602389559742499
0.271406914763558,1,0.602389559742499
5.756818526742,1,0.0164247860778469
0.0844744624455217,1,0.771322910488903
3.23914126066072,1,0.071898314147062
0.443692733564014,1,0.505345494078554
0.235327203893997,1,0.627601614814355
1.45810607183365,1,0.227231705064345
24.9643009780089,1,5.84017169291684e-07
7.3185652700206,1,0.00682458730352686
0.201969196978914,1,0.653136040111586
1.35657709250425,1,0.244131583318369
0.420383286483248,1,0.516745853714097
0.351880392038568,1,0.553050611047318
6.18982783564306,1,0.0128486686052919
0.310245436282645,1,0.577529614887739
0.547155575675268,1,0.459482259102442
0.351880392038568,1,0.553050611047318
0.235327203893997,1,0.627601614814355
0.603355719772691,1,0.437300523775819
1.20101096931091,1,0.273119711702692
4.9751660695794,1,0.0257137349956373
0.143272405314445,1,0.705049230089236
1.89086110140624,1,0.169104829930854
0.00632776207406296,1,0.936597365128856
1.34715345523078,1,0.245776370687433
0.143272405314445,1,0.705049230089236
1.55542058564796,1,0.212336996299412
1.53966124682469,1,0.214668234931123
0.858908907763101,1,0.354044206183144
0.171296296296296,1,0.678962308510818
0.724897959183674,1,0.394541974238978
0.00338576258244157,1,0.953599431915394
0.0255676383105294,1,0.872960764089304
4.1445265600682,1,0.0417693341740455
0.212687074829932,1,0.6446694053273
0.662589355735975,1,0.415647289013008
12.2404024769813,1,0.000467657405809563
0.117861921043131,1,0.731365077864628
6.29717451523546,1,0.012093057437509
0.171296296296296,1,0.678962308510818
23.7643866374031,1,1.08878485016728e-06
0.310245436282645,1,0.577529614887739
0.603355719772691,1,0.437300523775819
1.52666270077335,1,0.216614005669275
0.299845582210312,1,0.58397924304046
3.94843429251694,1,0.0469149996503884
0.237088299372037,1,0.626317053257915
28.1765845579268,1,1.10736159353308e-07
7.46278884836477,1,0.00629873496013023
0.143272405314445,1,0.705049230089236
0.790323591230398,1,0.374002296559102
0.143272405314445,1,0.705049230089236
0.547155575675268,1,0.459482259102442
73.2534122630849,1,0
0.235327203893997,1,0.627601614814355
1.00573224852071,1,0.315927435597613
0.143272405314445,1,0.705049230089236
0.117861921043131,1,0.731365077864628
18.2617958323938,1,1.92529980281853e-05
0.356550569124168,1,0.5504282303086
5.79943482963765,1,0.0160313267560783
33.7852312522642,1,6.15443107587765e-09
0.647149851768954,1,0.421133528749737
55.5,1,9.34807786734382e-14
10.9614857235558,1,0.000930252007577459
0.351880392038568,1,0.553050611047318
1.710412155641,1,0.190931904146577
1.61017691100109,1,0.204466935652646
0.662589355735975,1,0.415647289013008
1.83471074380165,1,0.175572147774272
1.08405864421542,1,0.297791380623621
0.171296296296296,1,0.678962308510818
17.639342065105,1,2.67007331371527e-05
5.756818526742,1,0.0164247860778469
0.143272405314445,1,0.705049230089236
4.82361836083174,1,0.028072355812036
0.858908907763101,1,0.354044206183144
37.3121524044989,1,1.00655428436625e-09
4.07897645881437,1,0.0434199532096321
0.89959016954753,1,0.342891625516222
1.25076655195258,1,0.263406120513285
0.30515606632555,1,0.580667940721855
5.23728053312828,1,0.0221078064950376
0.171296296296296,1,0.678962308510818
2.6803749990032,1,0.101591802741871
0.930697168883598,1,0.334681831689834
1.16253536903109,1,0.280940347168996
6.9778641335079,1,0.00825240402929783
26.8032716321561,1,2.25255663899304e-07
0.317837837837838,1,0.572909931641841
0.376127786865783,1,0.539682899694139
23.1220840801863,1,1.52034462985728e-06
0.0236230735696108,1,0.877847866005715
0.119550676435009,1,0.72952232894881
4.43228194773214,1,0.0352653290235301
10.9888954505646,1,0.000916594215761735
3.37431004367925,1,0.0662203014278971
7.77688810088936,1,0.00529188769968802
0.759557062677687,1,0.383467174293918
4.52561524647857,1,0.0333910674120698
13.0590053464023,1,0.000301829680492971
1.33924026769724,1,0.247167992967929
18.8368368368368,1,1.42390354149757e-05
0.171296296296296,1,0.678962308510818
4.57265946502057,1,0.0324860956265427
11.2814828511944,1,0.000782840022729436
0.143272405314445,1,0.705049230089236
0.560951700077212,1,0.453877042133411
1.08405864421542,1,0.297791380623621
0.317837837837838,1,0.572909931641841
0.271406914763558,1,0.602389559742499
42.9408085771722,1,5.64213120668455e-11
0.000112141091678372,1,0.991550824436859
1.80475678581026,1,0.179138484835594
0.111076869806094,1,0.738921449965167
9.44236220931146,1,0.00212030226326676
0.271406914763558,1,0.602389559742499
0.443692733564014,1,0.505345494078554
1.08405864421542,1,0.297791380623621
6.41815423280267,1,0.0112959506471613
0.00338576258244157,1,0.953599431915394
0.201969196978914,1,0.653136040111586
0.930697168883598,1,0.334681831689834
9.39561125316419,1,0.0021750547452527
6.20307446313477,1,0.0127528603976218
0.271406914763558,1,0.602389559742499
0.603355719772691,1,0.437300523775819
2.57152959572934,1,0.108802482120166
0.930697168883598,1,0.334681831689834
0.310245436282645,1,0.577529614887739
0.496199717126274,1,0.48117470985548
0.0559440397351411,1,0.813025369202719
0.351880392038568,1,0.553050611047318
0.117861921043131,1,0.731365077864628
0.171296296296296,1,0.678962308510818
0.271406914763558,1,0.602389559742499
7.46278884836477,1,0.00629873496013023
7.4282493749398,1,0.00642077757178117
0.201969196978914,1,0.653136040111586
0.171296296296296,1,0.678962308510818
0.171296296296296,1,0.678962308510818
4.57265946502057,1,0.0324860956265427
0.00154089422644538,1,0.968687701154275
9.53617158575759,1,0.00201461530810954
0.569580254176227,1,0.450425760402492
0.351880392038568,1,0.553050611047318
8.16230323310397,1,0.00427700211587378
0.171296296296296,1,0.678962308510818
3.35591619447067,1,0.066963937880161
0.0442738801231863,1,0.833344884437158
4.96818125650364,1,0.0258177817804391
0.945560110803324,1,0.330852013654346
12.8967258382643,1,0.000329157439211358
37.0272559602308,1,1.16489462520519e-09
3.57720158390913,1,0.0585777525469331
4.43791674651899,1,0.0351491126161956
2.35658402203857,1,0.124755105718347
5.21357395850902,1,0.0224112198242157
2.13563590735154,1,0.143910773039219
23.7643866374031,1,1.08878485016728e-06
0.287957017659752,1,0.59153270554147
0.0820534819239661,1,0.774533644988166
4.30603443793192,1,0.0379773921513989
0.235327203893997,1,0.627601614814355
1.51165618878881,1,0.218886540501116
0.117861921043131,1,0.731365077864628
1.62570764163294,1,0.202297771439771
0.271406914763558,1,0.602389559742499
0.439147895572128,1,0.507534016834395
0.201969196978914,1,0.653136040111586
11.814682874228,1,0.00058765440818509
0.235327203893997,1,0.627601614814355
1.51165618878881,1,0.218886540501116
1.25076655195258,1,0.263406120513285
0.117861921043131,1,0.731365077864628
0.0670029669613383,1,0.79575150768762
2.35658402203857,1,0.124755105718347
0.143272405314445,1,0.705049230089236
9.52561224489796,1,0.00202623979645955
0.000207239375481332,1,0.988514201351109
18.2617958323938,1,1.92529980281853e-05
0.724897959183674,1,0.394541974238978
0.235327203893997,1,0.627601614814355
0.493948024207903,1,0.482171447122277
0.120795831367749,1,0.728172944069935
21.6376157978442,1,3.29329439097137e-06
15.3850136708297,1,8.76809400444101e-05
4.47823566477631,1,0.0343291425300905
0.443692733564014,1,0.505345494078554
1.51165618878881,1,0.218886540501116
19.0532114050533,1,1.27123664186435e-05
112.065289760817,1,0
1.16572148708254,1,0.280282106923824
1.919758943711,1,0.16588323667367
24.2433941007689,1,8.48977616096924e-07
1.33924026769724,1,0.247167992967929
0.30515606632555,1,0.580667940721855
1.33993585044589,1,0.24704528143187
23.7643866374031,1,1.08878485016728e-06
2.59372599431591,1,0.10728767922092
4.29939887221946,1,0.0381258468406346
5.53676461141917,1,0.0186209781284058
0.201969196978914,1,0.653136040111586
0.30515606632555,1,0.580667940721855
3.43515455627298,1,0.0638226133066125
0.271406914763558,1,0.602389559742499
7.96016369474017,1,0.00478180892324798
4.71701017850043,1,0.029865628259227
0.107367290128086,1,0.743161579595649
14.3579586057398,1,0.000151139467709616
4.42606317506519,1,0.0353940564615289
0.562145445673868,1,0.453397099254811
0.201969196978914,1,0.653136040111586
7.96016369474017,1,0.00478180892324798
8.17157368334403,1,0.00425519724095547
13.9532791112874,1,0.000187410470601113
0.117861921043131,1,0.731365077864628
3.26429128492623,1,0.0708036109955318
0.351880392038568,1,0.553050611047318
0.00338576258244157,1,0.953599431915394
2.93340603304599,1,0.0867642662182807
0.493948024207903,1,0.482171447122277
4.57265946502057,1,0.0324860956265427
0.547155575675268,1,0.459482259102442
0.790323591230398,1,0.374002296559102
8.41161453397964,1,0.00372831410877072
21.8706970399106,1,2.9165375815543e-06
0.171296296296296,1,0.678962308510818
4.3449234771962,1,0.0371194352756636
0.384207517084844,1,0.535360001892755
8.05647869821929,1,0.0045341221443389
0.271406914763558,1,0.602389559742499
0.325026686114507,1,0.568602335296319
4.29939887221946,1,0.0381258468406346
51.0969011242714,1,8.79185613200661e-13
0.790323591230398,1,0.374002296559102
4.29939887221946,1,0.0381258468406346
1.16572148708254,1,0.280282106923824
5.57666434807382,1,0.0182013579829844
0.395698775643932,1,0.529318990622966
0.0813767105311676,1,0.775440332609175
0.271406914763558,1,0.602389559742499
10.7926692873797,1,0.00101902834099299
3.93588658520465,1,0.0472662196567223
1.51165618878881,1,0.218886540501116
7.1497474316901,1,0.00749745443959848
3.7876275437401,1,0.0516327836319086
0.212687074829932,1,0.6446694053273
0.351880392038568,1,0.553050611047318
1.08405864421542,1,0.297791380623621
0.547155575675268,1,0.459482259102442
0.117861921043131,1,0.731365077864628
1.15518362396696,1,0.282466658691506
4.68577617686688,1,0.0304133206923215
15.3437569801206,1,8.96165675191574e-05
0.662589355735975,1,0.415647289013008
0.310245436282645,1,0.577529614887739
3.56007295315278,1,0.0591851376789909
0.562145445673868,1,0.453397099254811
2.80293739980206,1,0.0940917829985035
0.235327203893997,1,0.627601614814355
0.351880392038568,1,0.553050611047318
0.310245436282645,1,0.577529614887739
0.171296296296296,1,0.678962308510818
0.359954142190943,1,0.548531704853602
10.1946455873619,1,0.00140849028114676
1.38820426837076,1,0.238708589898094
8.28381388977814,1,0.00400000243772092
1.1625353690311,1,0.280940347168996
0.420383286483248,1,0.516745853714097
4.4936194214876,1,0.0340215744511464
0.493948024207903,1,0.482171447122277
3.58595527398809,1,0.0582699056738331
18.2617958323938,1,1.92529980281853e-05
0.201969196978914,1,0.653136040111586
1.33993585044589,1,0.24704528143187
0.95572795786413,1,0.328265567851437
6.04930951969905,1,0.0139117360352077
1.35657709250425,1,0.244131583318369
0.493948024207903,1,0.482171447122277
0.511353865600786,1,0.474553364645714
1.7541558805532,1,0.185355132147248
14.7195258804888,1,0.000124747670691594
0.528122101412606,1,0.467397438723441
8.52483624119987,1,0.00350332272064746
11.2712084668578,1,0.000787184673859631
0.310245436282645,1,0.577529614887739
1.16572148708254,1,0.280282106923824
12.5359696002137,1,0.00039919241438946
6.76795162509448,1,0.00928092966382954
0.0549459270876424,1,0.814670207979355
0.310245436282645,1,0.577529614887739
0.113345625832032,1,0.736366871249041
0.235327203893997,1,0.627601614814355
0.143272405314445,1,0.705049230089236
5.01413683525822,1,0.0251411603979099
0.545852307597233,1,0.460017409021742
0.356550569124168,1,0.5504282303086
41.2113590974307,1,1.36626265856421e-10
6.25761177287242,1,0.0123660797014797
1.20101096931091,1,0.273119711702692
5.01413683525822,1,0.0251411603979099
0.0110285240236963,1,0.916362494049102
0.493948024207903,1,0.482171447122277
0.351880392038568,1,0.553050611047318
0.235327203893997,1,0.627601614814355
33.5154731483286,1,7.06993075194617e-09
0.271406914763558,1,0.602389559742499
0.271406914763558,1,0.602389559742499
1.84709955516571,1,0.174121110431947
9.53617158575759,1,0.00201461530810954
0.0547302758346123,1,0.815027656185345
0.603355719772691,1,0.437300523775819
0.735192239231043,1,0.391205341460776
25.8283026849309,1,3.73176067602898e-07
0.0487566171697162,1,0.825241150814997
0.171296296296297,1,0.678962308510817
0.351880392038568,1,0.553050611047318
1.70524354369403,1,0.191603661189409
11.4915713354711,1,0.000699125063569506
3.99584745483342,1,0.0456125094646969
0.117861921043131,1,0.731365077864628
12.6769583673561,1,0.000370189279161881
0.119550676435009,1,0.72952232894881
12.3561202128443,1,0.000439543172564227
2.93340603304599,1,0.0867642662182807
4.57265946502057,1,0.0324860956265427
0.171296296296296,1,0.678962308510818
0.271406914763558,1,0.602389559742499
4.05405405405405,1,0.044065400736827
5.01882557063249,1,0.0250731694193032
0.139292168158319,1,0.708985709256863
1.36463246855734,1,0.242736245016221
0.420383286483248,1,0.516745853714097
15.9842007041598,1,6.38733141551384e-05
2.93340603304599,1,0.0867642662182807
0.143272405314445,1,0.705049230089236
0.2449314707297,1,0.62066681615988
0.603355719772691,1,0.437300523775819
1.96518383628165,1,0.160959999879863
1.20101096931091,1,0.273119711702692
0.256918712946643,1,0.612244987118214
0.310245436282645,1,0.577529614887739
6.19321848383243,1,0.0128240750142801
4.65478634969798,1,0.0309670860882328
0.143272405314445,1,0.705049230089236
124.540491180827,1,0
0.0442738801231863,1,0.833344884437158
0.603355719772691,1,0.437300523775819
1.51165618878881,1,0.218886540501116
41.6532129643317,1,1.08986153435353e-10
2.14635605475409,1,0.142908715009724
18.0574236961919,1,2.14341242606997e-05
5.84518333926664,1,0.0156197464435329
9.31582493724366,1,0.00227183070441339
5.01413683525822,1,0.0251411603979099
0.0442738801231863,1,0.833344884437158
0.271406914763558,1,0.602389559742499
0.117861921043131,1,0.731365077864628
0.171296296296296,1,0.678962308510818
14.5105186365678,1,0.000139379119192151
0.201969196978914,1,0.653136040111586
0.271406914763558,1,0.602389559742499
1.51165618878881,1,0.218886540501116
1.86892115494569,1,0.171598692123843
0.127766624633049,1,0.720759011328732
0.63079364069085,1,0.427064350681687
0.171296296296296,1,0.678962308510818
0.310245436282645,1,0.577529614887739
1.20101096931091,1,0.273119711702692
2.99366063876209,1,0.0835910078163373
7.3185652700206,1,0.00682458730352686
0.0346814925529415,1,0.852264652232761
0.930697168883598,1,0.334681831689834
11.4581998564551,1,0.000711792175907777
0.117861921043131,1,0.731365077864628
2.51592749840168,1,0.112701306644709
3.65569125868899,1,0.0558779631257278
15.5849222003068,1,7.88811044966087e-05
4.05214086198345,1,0.0441153646232183
0.0180977877844567,1,0.892985056832142
0.171296296296296,1,0.678962308510818
8.13471059946345,1,0.00434257780326908
0.511353865600786,1,0.474553364645714
1.25076655195258,1,0.263406120513285
3.10350385759533,1,0.0781239817057262
17.7618530621765,1,2.50352836292933e-05
31.6923091730707,1,1.8063611495478e-08
0.756577235160043,1,0.384401795261374
6.46279421622139,1,0.0110156291362987
0.212687074829932,1,0.6446694053273
21.5957495008648,1,3.36596951977519e-06
0.665486374152865,1,0.414629702552034
7.40383610134457,1,0.00650849387561203
1.79071656346091,1,0.180838881189787
0.271406914763558,1,0.602389559742499
1.18754843778234,1,0.275824623751326
1.90766648653632,1,0.167222699641981
0.443692733564014,1,0.505345494078554
1.08405864421542,1,0.297791380623621
1.00573224852071,1,0.315927435597613
0.271406914763558,1,0.602389559742499
5.74726693670219,1,0.0165143297854433
44.0202829180933,1,3.24991145106424e-11
4.65478634969798,1,0.0309670860882328
0.201969196978914,1,0.653136040111586
0.278686081371562,1,0.597563701432306
3.26170798898072,1,0.0709152264685802
0.562145445673868,1,0.453397099254811
1.74634080147486,1,0.186337406646997
0.271406914763558,1,0.602389559742499
0.962395353396726,1,0.326584107211651
3.50555345595028,1,0.0611634061142419
0.493948024207903,1,0.482171447122277
0.271406914763558,1,0.602389559742499
0.351880392038568,1,0.553050611047318
1.10579876907377,1,0.29299702963057
0.662589355735975,1,0.415647289013008
2.54315779264056,1,0.110773045854694
4.57265946502057,1,0.0324860956265427
1.18050790289099,1,0.277252620885335
0.235327203893997,1,0.627601614814355
1.20101096931091,1,0.273119711702692
0.171296296296296,1,0.678962308510818
0.647149851768954,1,0.421133528749737
0.351880392038568,1,0.553050611047318
3.14118593912591,1,0.0763382819109483
0.143272405314445,1,0.705049230089236
5.01413683525822,1,0.0251411603979099
3.68184937687345,1,0.0550078045147847
0.329580491000886,1,0.565906214637579
5.756818526742,1,0.0164247860778469
0.336987687637038,1,0.561573167931897
0.735192239231043,1,0.391205341460776
0.361889603169611,1,0.54745866661945
0.562145445673868,1,0.453397099254811
2.12348991667673,1,0.145055681584272
0.00701256991042599,1,0.933262287924686
1.43118972774255,1,0.231570372408945
24.0265209496043,1,9.50178575598315e-07
2.24332325090533,1,0.134192299505998
0.271406914763558,1,0.602389559742499
1.16572148708254,1,0.280282106923824
0.858908907763101,1,0.354044206183144
2.93340603304599,1,0.0867642662182807
15.409519149226,1,8.6551194534934e-05
0.784864864864865,1,0.37565740839166
95.9449588477366,1,0
10.9373635251987,1,0.000942441823092666
1.15890118308604,1,0.281693541987194
0.171296296296296,1,0.678962308510818
0.201969196978914,1,0.653136040111586
0.143272405314445,1,0.705049230089236
0.493948024207903,1,0.482171447122277
2.93340603304599,1,0.0867642662182807
34.2312997398225,1,4.89355223010079e-09
0.807679516250944,1,0.368807192940355
0.299845582210312,1,0.58397924304046
0.117861921043131,1,0.731365077864628
3.53040084635122,1,0.060253219659596
3.65569125868899,1,0.0558779631257278
0.662589355735975,1,0.415647289013008
21.6376157978442,1,3.29329439097137e-06
22.0753934906588,1,2.62148659946337e-06
0.271406914763558,1,0.602389559742499
0.235327203893997,1,0.627601614814355
0.396349930569331,1,0.528980350898716
0.396349930569331,1,0.528980350898716
0.790323591230398,1,0.374002296559102
0.117861921043131,1,0.731365077864628
2.35658402203857,1,0.124755105718347
1.24559346068257,1,0.264395774319752
0.201969196978914,1,0.653136040111586
1.4004789267645,1,0.236643399160783
0.117861921043131,1,0.731365077864628
1.61017691100109,1,0.204466935652646
1.25076655195258,1,0.263406120513285
0.000854858306080566,1,0.97667480644794
0.689563226988346,1,0.406312983135659
0.0487566171697162,1,0.825241150814997
0.000265635462196149,1,0.986996392245208
0.271406914763558,1,0.602389559742499
0.235327203893997,1,0.627601614814355
2.69348747559426,1,0.100759064535447
1.9719246309677,1,0.1602437213621
0.547155575675268,1,0.459482259102442
0.511353865600786,1,0.474553364645714
0.235327203893997,1,0.627601614814355
0.351880392038568,1,0.553050611047318
0.547155575675268,1,0.459482259102442
0.809412083779289,1,0.368294125395281
1.89086110140624,1,0.169104829930854
19.7756217560305,1,8.70863690416446e-06
0.396349930569331,1,0.528980350898716
0.310245436282645,1,0.577529614887739
69.950499267561,1,1.11022302462516e-16
0.281179640831402,1,0.595929078789489
3.67057042285912,1,0.0553812273922336
0.735192239231043,1,0.391205341460776
0.0156544594690058,1,0.900430305612513
2.204502665167,1,0.137608267387983
0.171296296296296,1,0.678962308510818
7.3185652700206,1,0.00682458730352686
4.07620263095495,1,0.0434912960764366
16.0607634313662,1,6.13419482434763e-05
48.6079834727107,1,3.12594394813459e-12
23.2402868174297,1,1.42970704430923e-06
0.443692733564014,1,0.505345494078554
0.276850642206917,1,0.598772886445176
0.235327203893997,1,0.627601614814355
10.9373635251987,1,0.000942441823092666
0.396349930569331,1,0.528980350898716
2.99295740740741,1,0.0836273109172948
0.735192239231043,1,0.391205341460776
0.603355719772691,1,0.437300523775819
1.51165618878881,1,0.218886540501116
2.93340603304599,1,0.0867642662182807
0.271406914763558,1,0.602389559742499
0.562145445673868,1,0.453397099254811
0.0476081918366322,1,0.827278727127582
0.858908907763101,1,0.354044206183144
0.390387442896,1,0.532095815627287
14.8691301999967,1,0.000115233402651627
2.53497970020323,1,0.111348318548221
1.81305751565838,1,0.178141886969385
5.65660074622559,1,0.0173897948258481
7.65081234094755,1,0.00567467625158713
1.89086110140624,1,0.169104829930854
7.40383610134457,1,0.00650849387561203
0.0426953767040827,1,0.836299925768028
5.32299415643421,1,0.0210458188720298
0.310245436282645,1,0.577529614887739
45.8490154829176,1,1.2772782831405e-11
4.51197735566581,1,0.0336583084075529
5.85499389703698,1,0.0155329118926222
22.0020576131687,1,2.72358326558475e-06
0.484668572148709,1,0.486315220766358
1.14078698886191,1,0.285486094228149
17.1917523419823,1,3.37900187633577e-05
0.143272405314445,1,0.705049230089236
5.09370890780577,1,0.0240127830304949
0.171296296296296,1,0.678962308510818
39.8168825926541,1,2.7892366194493e-10
0.81485200509549,1,0.366689631015489
0.443692733564014,1,0.505345494078554
0.201969196978914,1,0.653136040111586
0.310245436282645,1,0.577529614887739
0.0183471074380166,1,0.892254912290382
0.0409900190468359,1,0.839557189060295
0.00255099109451308,1,0.959718102759213
2.93340603304599,1,0.0867642662182807
10.6677293206711,1,0.00109020867166953
0.30515606632555,1,0.580667940721855
1.83471074380165,1,0.175572147774272
103.426451337888,1,0
1.89086110140624,1,0.169104829930854
14.1973968247471,1,0.000164598065184984
1.919758943711,1,0.16588323667367
4.29939887221946,1,0.0381258468406346
1.62570764163294,1,0.202297771439771
18.6348925556175,1,1.58296654246826e-05
0.235327203893997,1,0.627601614814355
16.0813242166358,1,6.06795074514777e-05
4.07342997163911,1,0.0435627321373984
15.3850136708297,1,8.76809400444101e-05
0.443692733564014,1,0.505345494078554
0.460118934664797,1,0.497568394154961
0.724897959183674,1,0.394541974238978
5.21357395850902,1,0.0224112198242156
0.396349930569331,1,0.528980350898716
1.25125125125125,1,0.263313629586635
0.547155575675268,1,0.459482259102442
0.201969196978914,1,0.653136040111586
0.117861921043131,1,0.731365077864628
0.123035396020066,1,0.725765393926298
10.1716807638088,1,0.00142614207971725
26.7398615916955,1,2.32769798991228e-07
0.32610242869428,1,0.567963182629317
1.1625353690311,1,0.280940347168996
0.310245436282645,1,0.577529614887739
4.28006441338346,1,0.0385618868989793
1.51165618878881,1,0.218886540501116
0.443692733564014,1,0.505345494078554
0.271406914763558,1,0.602389559742499
1.25076655195258,1,0.263406120513285
0.00721730740866236,1,0.932297374872854
0.171296296296296,1,0.678962308510818
0.30515606632555,1,0.580667940721855
0.235327203893997,1,0.627601614814355
2.08863629599578,1,0.148398485595421
0.493948024207903,1,0.482171447122277
0.143272405314445,1,0.705049230089236
20.1220582986361,1,7.26538984008318e-06
0.790323591230398,1,0.374002296559102
0.562145445673868,1,0.453397099254811
16.3103332958268,1,5.37699396001567e-05
0.143272405314445,1,0.705049230089236
16.4554672530638,1,4.98063370480972e-05
0.000963541666666658,1,0.975236868018651
0.0844744624455217,1,0.771322910488903
24.6386386409016,1,6.9151231318898e-07
0.235327203893997,1,0.627601614814355
0.117861921043131,1,0.731365077864628
0.143272405314445,1,0.705049230089236
91.0019710257198,1,0
0.787136776859504,1,0.374967307867984
0.171296296296296,1,0.678962308510818
0.171296296296296,1,0.678962308510818
0.396349930569331,1,0.528980350898716
0.305492006098815,1,0.580459735920054
40.3083737435821,1,2.16877404923821e-10
8.3128020768746,1,0.00393666119976255
1.48645099847973,1,0.222767924940647
63.2826317215569,1,1.77635683940025e-15
0.143272405314445,1,0.705049230089236
40.6755212515048,1,1.79724568560857e-10
0.140583835908938,1,0.707701288934107
3.32190762574364,1,0.0683624627868724
14.4661308054293,1,0.000142702464262734
9.31582493724366,1,0.00227183070441339
1.25076655195258,1,0.263406120513285
0.201969196978914,1,0.653136040111586
0.351880392038568,1,0.553050611047318
6.81680376501261,1,0.00903040450511805
1.99778336895449,1,0.157529433434938
3.50892128838552,1,0.0610391862256698
21.1262865050884,1,4.29989183414747e-06
9.31582493724366,1,0.00227183070441339
0.201969196978914,1,0.653136040111586
1.6417243689971,1,0.200089041949775
3.35026146196127,1,0.067194339688963
18.5922451790634,1,1.61877714439651e-05
0.384207517084844,1,0.535360001892755
0.547155575675268,1,0.459482259102442
1.51165618878881,1,0.218886540501116
7.3185652700206,1,0.00682458730352686
2.35658402203857,1,0.124755105718347
0.551630618014259,1,0.457652188937118
0.790323591230398,1,0.374002296559102
4.1445265600682,1,0.0417693341740455
3.92788513836919,1,0.0474916334384773
3.65569125868899,1,0.0558779631257278
0.271406914763558,1,0.602389559742499
0.454407751439442,1,0.500249181732936
0.171296296296296,1,0.678962308510818
0.396349930569331,1,0.528980350898716
2.93340603304599,1,0.0867642662182807
0.271406914763558,1,0.602389559742499
0.171296296296296,1,0.678962308510818
0.396349930569331,1,0.528980350898716
4.89947443719549,1,0.026864870434397
44.09312706016,1,3.13118420081082e-11
9.99200170273662,1,0.00157221608048963
0.493948024207903,1,0.482171447122277
1.02113278736655,1,0.312250459436857
1.89086110140624,1,0.169104829930854
0.443692733564014,1,0.505345494078554
0.235327203893997,1,0.627601614814355
6.5045045045045,1,0.0107601545012992
0.171296296296296,1,0.678962308510818
1.35657709250425,1,0.244131583318369
0.299845582210312,1,0.58397924304046
0.000559334845049122,1,0.981131580871633
2.35658402203857,1,0.124755105718347
0.139944684753448,1,0.708336009315603
7.67564409526572,1,0.00559711114662187
0.237088299372037,1,0.626317053257915
9.36871726623125,1,0.00220719924987245
0.351880392038568,1,0.553050611047318
0.119550676435009,1,0.72952232894881
0.143272405314445,1,0.705049230089236
1.919758943711,1,0.16588323667367
0.10280396887725,1,0.748490360617514
0.858908907763101,1,0.354044206183144
1.919758943711,1,0.16588323667367
0.310245436282645,1,0.577529614887739
15.1650309917355,1,9.85109547179119e-05
2.82378879529651,1,0.092876933791523
2.02023459141274,1,0.1552151603306
2.42325685007797,1,0.119546156842897
0.201969196978914,1,0.653136040111586
32.9505621518796,1,9.45324085677157e-09
0.0487566171697162,1,0.825241150814997
0.511353865600786,1,0.474553364645714
5.756818526742,1,0.0164247860778469
1.52666270077335,1,0.216614005669275
0.588563701610931,1,0.442975064449076
0.0807316387236336,1,0.776308354446771
0.171296296296296,1,0.678962308510818
2.93340603304599,1,0.0867642662182807
0.271406914763558,1,0.602389559742499
3.14625850340136,1,0.0761012727344652
1.7084620838603,1,0.191185028889373
0.396349930569331,1,0.528980350898716
0.310245436282645,1,0.577529614887739
1.08405864421542,1,0.297791380623621
0.171296296296296,1,0.678962308510818
0.396349930569331,1,0.528980350898716
5.84518333926664,1,0.0156197464435329
2.71533650729006,1,0.0993880095437352
0.2449314707297,1,0.62066681615988
3.68184937687345,1,0.0550078045147847
0.201969196978914,1,0.653136040111586
0.235327203893997,1,0.627601614814355
2.37421976238715,1,0.123353215038565
0.0183471074380166,1,0.892254912290382
0.858908907763101,1,0.354044206183144
3.11148475023635,1,0.0777420610804642
8.31633714880333,1,0.00392900694954357
0.231206501638397,1,0.630630665241873
3.45119907945375,1,0.0632059004423478
0.956425813568673,1,0.32808903731312
0.0581786755868274,1,0.809398125853017
47.2110331545057,1,6.37401242897795e-12
6.00056283174374,1,0.0143013153532808
9.40324647995102,1,0.00216601572086272
1.85310141444168,1,0.17342311194378
0.328907265777527,1,0.566303239095915
0.235327203893997,1,0.627601614814355
2.05860082304527,1,0.151349086158636
1.80977473085771,1,0.178535255396308
2.05860082304527,1,0.151349086158636
0.201969196978914,1,0.653136040111586
0.0844744624455217,1,0.771322910488903
0.235327203893997,1,0.627601614814355
4.29939887221946,1,0.0381258468406346
17.7500053860587,1,2.519167803261e-05
2.05860082304527,1,0.151349086158636
17.3668696285018,1,3.08150847353472e-05
4.29939887221946,1,0.0381258468406346
0.430953337908048,1,0.511521530290964
27.2291241731842,1,1.80715837183598e-07
0.300838497351352,1,0.583357235179459
1.92245429262551,1,0.165586352930754
0.396349930569331,1,0.528980350898716
0.0442738801231863,1,0.833344884437158
0.271406914763558,1,0.602389559742499
0.858908907763101,1,0.354044206183144
0.202465239730197,1,0.652738290934154
0.396349930569331,1,0.528980350898716
3.18605897441198,1,0.0742688606886459
0.603355719772691,1,0.437300523775819
8.91327224396583,1,0.00283105527313332
7.96016369474017,1,0.00478180892324798
4.29939887221946,1,0.0381258468406346
0.201969196978914,1,0.653136040111586
0.0183471074380166,1,0.892254912290382
0.310245436282645,1,0.577529614887739
8.45845845845846,1,0.00363349679403024
2.6862,1,0.101220947586377
7.96016369474017,1,0.00478180892324798
0.117861921043131,1,0.731365077864628
0.0998825136731583,1,0.751970667791515
6.98426734912278,1,0.00822293075314029
0.443692733564014,1,0.505345494078554
10.2633132031639,1,0.00135701753460482
0.858908907763101,1,0.354044206183144
14.1723442183155,1,0.000166804281432897
10.6437247808226,1,0.00110445009325177
0.0176977040816326,1,0.894167505169529
0.271406914763558,1,0.602389559742499
16.2133613742313,1,5.65935456282585e-05
5.45084861324177,1,0.019558823722988
0.858908907763101,1,0.354044206183144
0.171296296296296,1,0.678962308510818
0.201969196978914,1,0.653136040111586
0.420383286483248,1,0.516745853714097
2.93340603304599,1,0.0867642662182807
0.351880392038568,1,0.553050611047318
0.310245436282645,1,0.577529614887739
10.7926692873797,1,0.00101902834099299
0.430953337908048,1,0.511521530290964
0.171296296296296,1,0.678962308510818
42.2581356867071,1,7.99865729206317e-11
2.21481490308955,1,0.13669145539354
8.41161453397964,1,0.00372831410877072
0.235327203893997,1,0.627601614814355
0.171296296296296,1,0.678962308510818
1.00573224852071,1,0.315927435597613
9.31582493724366,1,0.00227183070441339
2.04044257343169,1,0.153165077685804
0.065018291489019,1,0.798733259096561
0.310245436282645,1,0.577529614887739
0.201969196978914,1,0.653136040111586
0.271406914763558,1,0.602389559742499
0.396349930569331,1,0.528980350898716
1.33924026769724,1,0.247167992967929
0.271406914763558,1,0.602389559742499
0.271406914763558,1,0.602389559742499
18.5751070800511,1,1.63339603392876e-05
3.67057042285912,1,0.0553812273922336
2.55270800554723,1,0.110105388781717
12.8967258382643,1,0.000329157439211358
40.3083737435821,1,2.16877404923821e-10
0.711640797431255,1,0.398899644492822
2.27425461817109,1,0.131538352306475
1.00573224852071,1,0.315927435597613
0.0661765918466858,1,0.79698724428061
0.396349930569331,1,0.528980350898716
0.0390717556627787,1,0.843306574747948
0.525834351529317,1,0.468363469078687
20.3282788094738,1,6.52293660685643e-06
0.201969196978914,1,0.653136040111586
1.58847428931494,1,0.207544250798856
10.1716807638088,1,0.00142614207971725
0.201969196978914,1,0.653136040111586
0.171296296296296,1,0.678962308510818
2.21481490308955,1,0.13669145539354
0.245356354685378,1,0.620363959195664
6.5045045045045,1,0.0107601545012992
0.0487566171697162,1,0.825241150814997
0.396349930569331,1,0.528980350898716
0.396349930569331,1,0.528980350898716
2.55270800554723,1,0.110105388781717
3.65569125868899,1,0.0558779631257278
0.547155575675268,1,0.459482259102442
1.51165618878881,1,0.218886540501116
0.735192239231043,1,0.391205341460776
0.0578620844527779,1,0.809907480162082
1.62159444307447,1,0.20286960851126
28.0266473453287,1,1.19656363706255e-07
0.201969196978914,1,0.653136040111586
1.23198844505663,1,0.267020681113832
5.01226878573922,1,0.0251683021374411
0.790323591230398,1,0.374002296559102
6.85591951096089,1,0.00883480781943613
0.735192239231043,1,0.391205341460776
2.54315779264056,1,0.110773045854694
1.04514511221088,1,0.30662786671953
0.000559334845049122,1,0.981131580871633
1.16572148708254,1,0.280282106923824
4.29939887221946,1,0.0381258468406346
1.08076304564276,1,0.298526920193785
19.5768166834635,1,9.66347189856887e-06
0.396349930569331,1,0.528980350898716
6.46448558457443,1,0.0110051494535243
0.310245436282645,1,0.577529614887739
0.201969196978914,1,0.653136040111586
0.310245436282645,1,0.577529614887739
4.12746929002634,1,0.0421924030535662
1.62395589926631,1,0.202541074969305
2.34422437343361,1,0.125748136658414
51.0912162162162,1,8.81739126157299e-13
0.735192239231043,1,0.391205341460776
0.597599877554051,1,0.439495249568434
1.69255947553102,1,0.193263917339324
0.00721730740866236,1,0.932297374872854
0.171296296296296,1,0.678962308510818
0.0236230735696108,1,0.877847866005715
0.603355719772691,1,0.437300523775819
17.4208616440872,1,2.99520536211073e-05
2.93340603304599,1,0.0867642662182807
0.493948024207903,1,0.482171447122277
0.0426953767040827,1,0.836299925768028
0.235327203893998,1,0.627601614814354
0.117861921043131,1,0.731365077864628
1.48645099847973,1,0.222767924940647
1.51165618878881,1,0.218886540501116
1.5442138230547,1,0.213991674250706
0.0442738801231863,1,0.833344884437158
2.99366063876209,1,0.0835910078163373
2.93340603304599,1,0.0867642662182807
0.235327203893997,1,0.627601614814355
0.165233193972032,1,0.684383439971913
0.662589355735975,1,0.415647289013008
4.01621011593311,1,0.0450648726556313
0.0341666439823568,1,0.85335279654222
0.235327203893997,1,0.627601614814355
1.43118972774255,1,0.231570372408945
0.0181280394622245,1,0.892896191525738
10.1548706369665,1,0.0014392049463392
3.65569125868899,1,0.0558779631257278
0.709199826852955,1,0.39970957802173
0.722261169761523,1,0.395403204655725
1.94476934650198,1,0.16315162028933
0.0263327124791688,1,0.871090424565133
1.43118972774255,1,0.231570372408945
26.2732029366645,1,2.96372533292732e-07
0.603355719772691,1,0.437300523775819
0.0199689726229454,1,0.887623773999406
1.35657709250425,1,0.244131583318369
71.5907201738147,1,0
58.3284241214498,1,2.22044604925031e-14
1.00573224852071,1,0.315927435597613
0.201969196978914,1,0.653136040111586
22.8004586309479,1,1.79722811632921e-06
0.199667747811003,1,0.654989164156664
0.0548355116929065,1,0.81485313207753
0.310245436282645,1,0.577529614887739
0.724897959183674,1,0.394541974238978
31.467009460034,1,2.02857746156582e-08
0.443692733564014,1,0.505345494078554
0.0337449331813308,1,0.854250425006006
1.08405864421542,1,0.297791380623621
4.33681191395477,1,0.0372966988035867
10.2068370027045,1,0.00139920946173588
2.53396888012273,1,0.111419650793243
0.930697168883598,1,0.334681831689834
0.930697168883598,1,0.334681831689834
1.88157506231809,1,0.170155239577909
2.53184349496335,1,0.111569800543108
0.235327203893997,1,0.627601614814355
3.90649729279467,1,0.0480997488157168
0.271406914763558,1,0.602389559742499
11.3594569537988,1,0.000750647691602935
0.858908907763101,1,0.354044206183144
57.5065346454436,1,3.36397576461422e-14
0.235327203893997,1,0.627601614814355
0.351880392038568,1,0.553050611047318
65.7131297689878,1,5.55111512312578e-16
2.18546766091946,1,0.139318741205106
1.25076655195258,1,0.263406120513285
1.39135416666667,1,0.238176546391224
7.3185652700206,1,0.00682458730352686
0.0409900190468359,1,0.839557189060295
11.1410747998341,1,0.000844369532749023
4.57265946502057,1,0.0324860956265427
1.25076655195258,1,0.263406120513285
1.62159444307447,1,0.20286960851126
0.735192239231043,1,0.391205341460776
0.117861921043131,1,0.731365077864628
0.922011022499552,1,0.336947496881083
0.351880392038568,1,0.553050611047318
0.171296296296296,1,0.678962308510818
8.59029691828255,1,0.0033795889769086
1.08405864421542,1,0.297791380623621
0.171296296296296,1,0.678962308510818
2.96553117345522,1,0.0850565186060117
5.756818526742,1,0.0164247860778469
0.235327203893997,1,0.627601614814355
0.869127202772908,1,0.351197049150696
1.08405864421542,1,0.297791380623621
0.495955299821372,1,0.481282740107848
2.93340603304599,1,0.0867642662182807
47.9358614106751,1,4.40392167178061e-12
0.018018018018018,1,0.893219746393803
48.4194916108441,1,3.4413583094306e-12
0.310245436282645,1,0.577529614887739
0.395533634871028,1,0.529404935575867
0.735192239231043,1,0.391205341460776
0.143272405314445,1,0.705049230089236
0.271406914763558,1,0.602389559742499
2.71533650729006,1,0.0993880095437352
8.16230323310397,1,0.00427700211587378
0.000207239375481332,1,0.988514201351109
0.216960217902476,1,0.641365905278611
0.0418857783368659,1,0.837837654455057
5.96926667555832,1,0.0145573334345926
0.0341666439823568,1,0.85335279654222
2.37632634624686,1,0.123186931941568
6.55715235964705,1,0.0104463403692203
0.0153853796799711,1,0.901285333787101
0.171296296296296,1,0.678962308510818
2.46377517352601,1,0.116498483503683
0.500525608868455,1,0.479269265224544
1.15008058073448,1,0.283532281887134
0.562145445673868,1,0.453397099254811
3.17376952467203,1,0.0748295554637836
20.1220582986361,1,7.26538984008318e-06
0.858908907763101,1,0.354044206183144
2.6803749990032,1,0.101591802741871
0.226490953763681,1,0.634138029287199
2.6803749990032,1,0.101591802741871
3.73859332206748,1,0.0531691888890993
3.14625850340136,1,0.0761012727344652
0.460118934664797,1,0.497568394154961
3.78208462392899,1,0.0518040819748716
0.493948024207903,1,0.482171447122277
5.09370890780577,1,0.0240127830304949
2.6862,1,0.101220947586377
2.33354335472802,1,0.126613378424475
1.42913116767979,1,0.231906284708505
1.51165618878881,1,0.218886540501116
0.143272405314445,1,0.705049230089236
8.45845845845846,1,0.00363349679403024
0.271406914763558,1,0.602389559742499
0.143272405314445,1,0.705049230089236
0.271406914763558,1,0.602389559742499
0.0578620844527779,1,0.809907480162082
0.603355719772691,1,0.437300523775819
2.35658402203857,1,0.124755105718347
1.48645099847973,1,0.222767924940647
0.119550676435009,1,0.72952232894881
0.662353736455659,1,0.415730213617809
3.11148475023635,1,0.0777420610804642
0.235327203893997,1,0.627601614814355
6.18982783564306,1,0.0128486686052919
0.562145445673868,1,0.453397099254811
0.271406914763558,1,0.602389559742499
4.86801438417332,1,0.0273589629808018
4.06418057067039,1,0.0438019320566713
8.41161453397964,1,0.00372831410877072
0.235327203893997,1,0.627601614814355
1.20101096931091,1,0.273119711702692
3.69598752027348,1,0.0545434859464828
0.903398454433394,1,0.34187209213398
0.547155575675268,1,0.459482259102442
1.89086110140624,1,0.169104829930854
0.55107014638869,1,0.457880762323765
0.547155575675268,1,0.459482259102442
19.1989609731448,1,1.17777479149428e-05
0.735192239231043,1,0.391205341460776
0.119550676435009,1,0.72952232894881
0.271406914763558,1,0.602389559742499
0.30515606632555,1,0.580667940721855
1.89086110140624,1,0.169104829930854
6.19541272896569,1,0.0128081851557016
2.6862,1,0.101220947586377
0.764522413834369,1,0.38191693986483
0.171296296296296,1,0.678962308510818
1.919758943711,1,0.16588323667367
0.351880392038568,1,0.553050611047318
0.72339637762892,1,0.395032090497264
0.0176977040816326,1,0.894167505169529
3.06393927633147,1,0.0800473893544552
1.34618929924911,1,0.245945415011964
6.81680376501261,1,0.00903040450511805
3.23914126066072,1,0.071898314147062
0.310245436282645,1,0.577529614887739
0.396349930569331,1,0.528980350898716
0.0236230735696108,1,0.877847866005715
0.351880392038568,1,0.553050611047318
0.0950297265160527,1,0.757877714096101
2.72310499816816,1,0.0989054467951712
6.72955197704081,1,0.00948284152635537
1.33924026769724,1,0.247167992967929
0.123035396020066,1,0.725765393926298
2.35658402203857,1,0.124755105718347
25.7078041077093,1,3.97217512215775e-07
0.117861921043131,1,0.731365077864628
2.42325685007797,1,0.119546156842897
0.171296296296296,1,0.678962308510818
1.51165618878881,1,0.218886540501116
0.0341666439823568,1,0.85335279654222
0.00338576258244157,1,0.953599431915394
2.29779137855661,1,0.129558106944264
0.212687074829932,1,0.6446694053273
12.3206529315019,1,0.000447973974812887
11.7986675647835,1,0.000592731277976544
0.0236230735696108,1,0.877847866005715
0.00338576258244157,1,0.953599431915394
28.660594816439,1,8.62408594537456e-08
22.9857880727779,1,1.63203451530869e-06
0.271406914763558,1,0.602389559742499
5.84803048162057,1,0.0155944946172566
0.0442738801231863,1,0.833344884437158
12.1252625731145,1,0.000497433268397685
41.5190942669141,1,1.1672529609541e-10
17.336058943073,1,3.13187309759488e-05
0.310245436282645,1,0.577529614887739
0.420383286483248,1,0.516745853714097
8.31633714880333,1,0.00392900694954357
6.29717451523546,1,0.012093057437509
0.201969196978914,1,0.653136040111586
0.000207239375481332,1,0.988514201351109
0.216960217902476,1,0.641365905278611
0.295084635416667,1,0.58698044981823
2.93340603304599,1,0.0867642662182807
0.351880392038568,1,0.553050611047318
0.235327203893997,1,0.627601614814355
0.662589355735975,1,0.415647289013008
61.1729369105195,1,5.21804821573824e-15
3.65569125868899,1,0.0558779631257278
0.310245436282645,1,0.577529614887739
22.0582657018264,1,2.64498247792844e-06
0.945560110803324,1,0.330852013654346
0.493948024207903,1,0.482171447122277
2.17625722968336,1,0.140154938211153
1.57071633051035,1,0.210103015653811
0.603355719772691,1,0.437300523775819
41.7521345272803,1,1.03609121282489e-10
1.51165618878881,1,0.218886540501116
6.47160163841623,1,0.0109611704572589
14.9037072002545,1,0.000113140429177983
0.0176977040816326,1,0.894167505169529
0.201969196978914,1,0.653136040111586
0.396349930569331,1,0.528980350898716
0.396349930569331,1,0.528980350898716
0.784864864864865,1,0.37565740839166
13.4597570364025,1,0.000243735318530947
7.30879009087323,1,0.00686181125968555
0.123035396020066,1,0.725765393926298
0.528122101412606,1,0.467397438723441
1.20101096931091,1,0.273119711702692
2.75356161684839,1,0.0970380525547092
11.8317847310132,1,0.000582281564963538
52.2613325691568,1,4.85833595575969e-13
9.48656700485523,1,0.00206981753142044
0.547155575675268,1,0.459482259102442
0.785746046248811,1,0.375389535239207
68.9928199467997,1,1.11022302462516e-16
8.47333701047987,1,0.00360389696726393
12.2404024769813,1,0.000467657405809563
4.5128620299664,1,0.0336409052018467
0.143272405314445,1,0.705049230089236
0.858908907763101,1,0.354044206183144
1.16572148708254,1,0.280282106923824
0.117861921043131,1,0.731365077864628
53.7668607363612,1,2.25708340906294e-13
0.271406914763558,1,0.602389559742499
1.89086110140624,1,0.169104829930854
0.310245436282645,1,0.577529614887739
2.27425461817109,1,0.131538352306475
2.6862,1,0.101220947586377
3.00191700514573,1,0.0831660580935953
0.351880392038568,1,0.553050611047318
8.41161453397964,1,0.00372831410877072
0.0236230735696108,1,0.877847866005715
1.43118972774255,1,0.231570372408945
1.96518383628165,1,0.160959999879863
2.80338422099786,1,0.0940655697290446
1.51165618878881,1,0.218886540501116
0.646494778668973,1,0.421368682373198
7.4282493749398,1,0.00642077757178117
1.20101096931091,1,0.273119711702692
0.0950297265160523,1,0.757877714096102
0.00201408041805779,1,0.964204148265424
5.756818526742,1,0.0164247860778469
17.2071133872695,1,3.35178955555016e-05
0.171296296296296,1,0.678962308510818
0.396349930569331,1,0.528980350898716
1.89086110140624,1,0.169104829930854
1.61899253598146,1,0.203232321284592
8.37177084396955,1,0.00381094094381806
0.00733875483152095,1,0.931731507298743
0.271406914763558,1,0.602389559742499
0.271406914763558,1,0.602389559742499
0.171296296296296,1,0.678962308510818
0.235327203893997,1,0.627601614814355
26.1475208812937,1,3.163029453912e-07
0.283401367683922,1,0.594480457003852
0.0719127572550905,1,0.788571898320923
0.0980980980980981,1,0.754124039395282
0.271406914763558,1,0.602389559742499
0.0255676383105294,1,0.872960764089304
0.328907265777527,1,0.566303239095915
0.454407751439442,1,0.500249181732936
0.430953337908048,1,0.511521530290964
7.3185652700206,1,0.00682458730352686
2.56106296627504,1,0.109524919931975
0.210258488118482,1,0.646564879099021
1.11270971607308,1,0.291493674053362
52.4594907407407,1,4.39204228541712e-13
0.0377365546525602,1,0.845973096241718
0.235327203893997,1,0.627601614814355
0.930697168883598,1,0.334681831689834
0.5137804970772,1,0.473506871519326
0.443692733564014,1,0.505345494078554
3.65569125868899,1,0.0558779631257278
5.78316986927907,1,0.016180335360053
0.443692733564014,1,0.505345494078554
0.117861921043131,1,0.731365077864628
9.31582493724366,1,0.00227183070441339
1.25076655195258,1,0.263406120513285
0.143272405314445,1,0.705049230089236
9.09210221387363,1,0.00256715626785331
5.01413683525822,1,0.0251411603979099
35.9310596027339,1,2.04423900029838e-09
0.000207239375481332,1,0.988514201351109
2.35658402203857,1,0.124755105718347
12.2404024769813,1,0.000467657405809563
0.735192239231043,1,0.391205341460776
0.143272405314445,1,0.705049230089236
4.57265946502057,1,0.0324860956265427
1.20101096931091,1,0.273119711702692
0.201969196978914,1,0.653136040111586
11.4167129331287,1,0.000727863579065957
9.31582493724366,1,0.00227183070441339
0.858908907763101,1,0.354044206183144
5.756818526742,1,0.0164247860778469
0.0442738801231863,1,0.833344884437158
0.101240126027277,1,0.750346479410184
12.4391156791793,1,0.000420434805466496
0.0426953767040827,1,0.836299925768028
0.201969196978914,1,0.653136040111586
3.16108184450251,1,0.0754131923459126
1.25076655195258,1,0.263406120513285
0.117861921043131,1,0.731365077864628
1.23397792950463,1,0.266634818037818
0.945560110803324,1,0.330852013654346
0.547155575675268,1,0.459482259102442
0.506574201833806,1,0.476625630334162
0.454407751439442,1,0.500249181732936
0.117861921043131,1,0.731365077864628
7.3185652700206,1,0.00682458730352686
12.3206529315019,1,0.000447973974812887
13.1363240099813,1,0.000289625535183302
0.0685376727258719,1,0.793477946901835
0.235327203893997,1,0.627601614814355
0.0176977040816326,1,0.894167505169529
0.235327203893997,1,0.627601614814355
4.10481537358029,1,0.0427612600166452
33.6803832422833,1,6.49523990148282e-09
0.230565116568002,1,0.631105119335712
0.522601779677562,1,0.469733942123611
0.945560110803324,1,0.330852013654346
2.54315779264056,1,0.110773045854694
1.43118972774255,1,0.231570372408945
3.6576767424132,1,0.0558114061053545
0.0813767105311676,1,0.775440332609175
11.7587780068143,1,0.000605569698903019
0.310245436282645,1,0.577529614887739
1.6417243689971,1,0.200089041949775
8.37177084396955,1,0.00381094094381806
0.562145445673868,1,0.453397099254811
1.62159444307447,1,0.20286960851126
10.1217783378842,1,0.00146527553267461
5.34757232652894,1,0.0207511441511756
0.271406914763558,1,0.602389559742499
2.48900184658957,1,0.114644412617312
0.310245436282645,1,0.577529614887739
4.57265946502057,1,0.0324860956265427
15.2923477665809,1,9.20888045730095e-05
3.72622182294067,1,0.0535644254118421
5.419921875,1,0.0199082507297976
44.1582045063428,1,3.02879943347989e-11
0.396349930569331,1,0.528980350898716
0.271406914763558,1,0.602389559742499
0.201969196978914,1,0.653136040111586
7.35427529767347,1,0.00669034716524342
0.443692733564014,1,0.505345494078554
2.42325685007797,1,0.119546156842897
11.7587780068143,1,0.000605569698903019
3.65412978505011,1,0.0559303657011595
5.69722970048477,1,0.0169917116517506
26.2844789256198,1,2.94647154563954e-07
8.75534262981429,1,0.00308696371245176
0.351880392038568,1,0.553050611047318
0.0442738801231863,1,0.833344884437158
0.724897959183674,1,0.394541974238978
4.8453173745464,1,0.027721290720753
0.439147895572128,1,0.507534016834395
0.351880392038568,1,0.553050611047318
0.459861697185306,1,0.497688616264679
1.51165618878881,1,0.218886540501116
3.65569125868899,1,0.0558779631257278
1.43118972774255,1,0.231570372408945
7.3185652700206,1,0.00682458730352686
30.2436197195168,1,3.81042657426889e-08
4.48762106295061,1,0.0341411558930419
9.54054852209479,1,0.00200981670337308
22.3433131208941,1,2.28005576341506e-06
2.93340603304599,1,0.0867642662182807
1.83471074380165,1,0.175572147774272
2.35658402203857,1,0.124755105718347
0.593976061244362,1,0.440885706122744
0.547155575675268,1,0.459482259102442
36.6569980829791,1,1.4085246302642e-09
0.351880392038568,1,0.553050611047318
0.235327203893997,1,0.627601614814355
5.23728053312828,1,0.0221078064950376
3.47289916303253,1,0.0623818869193924
0.603355719772691,1,0.437300523775819
2.22675398916905,1,0.135638542731775
0.310245436282645,1,0.577529614887739
0.235327203893997,1,0.627601614814355
10.7878024206648,1,0.00102171105412141
0.140254548273106,1,0.708028087917483
2.93340603304599,1,0.0867642662182807
0.171296296296296,1,0.678962308510818
0.396349930569331,1,0.528980350898716
1.35657709250425,1,0.244131583318369
0.143272405314445,1,0.705049230089236
18.7014758831563,1,1.52864123379448e-05
0.736215954333499,1,0.39087574577526
0.653013593801251,1,0.419037297314011
0.0102734971539639,1,0.919266068361424
0.351880392038568,1,0.553050611047318
0.735192239231043,1,0.391205341460776
0.235327203893997,1,0.627601614814355
34.6674199043411,1,3.9112290073362e-09
0.420383286483248,1,0.516745853714097
0.310245436282645,1,0.577529614887739
3.37431004367925,1,0.0662203014278971
0.201969196978914,1,0.653136040111586
0.100412629392474,1,0.751335023465042
0.171296296296296,1,0.678962308510818
0.930697168883598,1,0.334681831689834
5.21357395850902,1,0.0224112198242156
8.75534262981429,1,0.00308696371245176
0.171296296296296,1,0.678962308510818
2.02916897745073,1,0.154304960348884
0.603355719772691,1,0.437300523775819
20.0614991554106,1,7.49912532160835e-06
0.171296296296296,1,0.678962308510818
0.235327203893997,1,0.627601614814355
1.61017691100109,1,0.204466935652646
1.34715345523078,1,0.245776370687433
0.384207517084844,1,0.535360001892755
11.6020708249536,1,0.000658784233896537
0.547155575675268,1,0.459482259102442
1.51165618878881,1,0.218886540501116
0.0841292175269699,1,0.771777702851755
0.171296296296296,1,0.678962308510818
7.96016369474017,1,0.00478180892324798
2.35658402203857,1,0.124755105718347
0.662589355735975,1,0.415647289013008
2.97151476198002,1,0.0847424711108558
1.83471074380165,1,0.175572147774272
8.70724498199058,1,0.0031694784489914
5.44274062590923,1,0.0196498143463735
1.89086110140624,1,0.169104829930854
1.1625353690311,1,0.280940347168996
1.52666270077335,1,0.216614005669275
11.814682874228,1,0.00058765440818509
2.35658402203857,1,0.124755105718347
2.48964437635156,1,0.114597616153364
0.488836638295124,1,0.484446712870395
3.53281125832599,1,0.0601656937257867
0.271406914763558,1,0.602389559742499
7.4282493749398,1,0.00642077757178117
20.4010632490803,1,6.27948969245118e-06
26.2844789256198,1,2.94647154563954e-07
0.171296296296296,1,0.678962308510818
8.41161453397964,1,0.00372831410877072
0.712188230667339,1,0.39871832811107
0.930697168883598,1,0.334681831689834
8.16230323310397,1,0.00427700211587378
0.460118934664797,1,0.497568394154961
4.57265946502057,1,0.0324860956265427
0.256918712946643,1,0.612244987118214
0.201969196978914,1,0.653136040111586
0.117861921043131,1,0.731365077864628
0.603355719772691,1,0.437300523775819
0.351880392038568,1,0.553050611047318
1.11270971607308,1,0.291493674053362
4.57265946502057,1,0.0324860956265427
18.7601406165495,1,1.48233036371126e-05
11.3594569537988,1,0.000750647691602935
0.603355719772691,1,0.437300523775819
2.59410599338206,1,0.107261948441499
0.235327203893997,1,0.627601614814355
3.09665384092383,1,0.0784533957954379
0.665486374152865,1,0.414629702552034
0.551630618014259,1,0.457652188937118
6.55715235964705,1,0.0104463403692203
2.92905405405405,1,0.0869984536381989
0.271406914763558,1,0.602389559742499
0.0169092661936734,1,0.896538233919204
0.0263327124791688,1,0.871090424565133
0.0263327124791688,1,0.871090424565133
0.117861921043131,1,0.731365077864628
0.443692733564014,1,0.505345494078554
0.00641692681234826,1,0.936153171305524
0.201969196978914,1,0.653136040111586
0.171296296296296,1,0.678962308510818
0.201969196978914,1,0.653136040111586
2.84657573985266,1,0.0915687807803467
0.603355719772691,1,0.437300523775819
0.235327203893997,1,0.627601614814355
4.20608523970156,1,0.040279193184861
2.72374393992001,1,0.0988658710080781
0.790323591230398,1,0.374002296559102
0.0442738801231863,1,0.833344884437158
1.1625353690311,1,0.280940347168996
1.25076655195258,1,0.263406120513285
7.49825672370557,1,0.006175874567805
38.258324128418,1,6.19721496342152e-10
1.87606410003007,1,0.170782163552339
0.271406914763558,1,0.602389559742499
3.18036403750689,1,0.0745281239149567
0.493948024207903,1,0.482171447122277
0.237088299372037,1,0.626317053257915
0.235327203893997,1,0.627601614814355
0.569701350415513,1,0.450377616172006
0.785746046248811,1,0.375389535239207
1.72837370242214,1,0.188618724091759
0.650497966737283,1,0.419934699716023
0.0820534819239661,1,0.774533644988166
0.22256384626401,1,0.637093301699516
0.139944684753448,1,0.708336009315603
0.0236230735696108,1,0.877847866005715
3.43515455627298,1,0.0638226133066125
15.4092225861989,1,8.65647786780777e-05
0.104760476833947,1,0.746189981845332
1.67147568542108,1,0.196060995113902
1.48645099847973,1,0.222767924940647
0.310245436282645,1,0.577529614887739
0.171296296296296,1,0.678962308510818
0.790323591230398,1,0.374002296559102
14.1445631666773,1,0.000169285618233816
0.81431696012048,1,0.366847010285483
12.5366765789156,1,0.00039904140521263
0.724897959183674,1,0.394541974238978
2.27425461817109,1,0.131538352306475
0.0854798474525142,1,0.770004226193399
0.0187822713159558,1,0.890992517074373
0.198898855402107,1,0.65561113008815
11.4830417496547,1,0.000702340888337649
0.443692733564014,1,0.505345494078554
0.271406914763558,1,0.602389559742499
0.351880392038568,1,0.553050611047318
0.171296296296296,1,0.678962308510818
16.7289504036909,1,4.31179879424315e-05
0.0183471074380164,1,0.892254912290383
2.17625722968336,1,0.140154938211153
0.117861921043131,1,0.731365077864628
2.33353688399143,1,0.126613904604495
4.47485139460448,1,0.0343971935584236
12.3206529315019,1,0.000447973974812887
3.48243149116087,1,0.062023542640358
0.310245436282645,1,0.577529614887739
5.05537047314485,1,0.0245497330564194
0.547155575675268,1,0.459482259102442
0.493948024207903,1,0.482171447122277
73.7277422371599,1,0
0.00474623743802836,1,0.945074836752496
1.89086110140624,1,0.169104829930854
0.132007631322145,1,0.716359472655046
1.25076655195258,1,0.263406120513285
1.08405864421542,1,0.297791380623621
0.665686042656464,1,0.414559704288744
5.78316986927907,1,0.016180335360053
8.28381388977814,1,0.00400000243772092
16.6257862097219,1,4.55278113594693e-05
2.93340603304599,1,0.0867642662182807
1.14904332890875e-07,1,0.999729536753981
14.2353746097815,1,0.00016130952083282
16.4832871420173,1,4.90808143294164e-05
3.26429128492623,1,0.0708036109955318
0.235327203893997,1,0.627601614814355
0.493948024207903,1,0.482171447122277
5.13471354166667,1,0.0234519568618978
0.926634894584017,1,0.335738874944944
0.980223039135043,1,0.322143747598573
0.724897959183674,1,0.394541974238978
5.53676461141917,1,0.0186209781284058
0.235327203893997,1,0.627601614814355
0.443692733564014,1,0.505345494078554
3.65569125868899,1,0.0558779631257278
0.201969196978914,1,0.653136040111586
0.603355719772691,1,0.437300523775819
0.396349930569331,1,0.528980350898716
0.407018749862295,1,0.523486561817214
0.212687074829932,1,0.6446694053273
0.420383286483248,1,0.516745853714097
0.396349930569331,1,0.528980350898716
4.7004955477384,1,0.0301539220027339
4.02965173964422,1,0.0447071688711094
1.94476934650198,1,0.16315162028933
0.171296296296296,1,0.678962308510818
7.20587647332278,1,0.00726652534835248
1.72837370242214,1,0.188618724091759
0.662589355735975,1,0.415647289013008
0.0549459270876424,1,0.814670207979355
5.92528948463478,1,0.0149250861052527
0.351880392038568,1,0.553050611047318
0.310245436282645,1,0.577529614887739
3.68184937687345,1,0.0550078045147847
14.6118287468824,1,0.000132082873731454
0.493948024207903,1,0.482171447122277
26.8032716321561,1,2.25255663899304e-07
18.2617958323938,1,1.92529980281853e-05
0.156132410671437,1,0.69274256656496
3.43515455627298,1,0.0638226133066125
0.143272405314445,1,0.705049230089236
5.756818526742,1,0.0164247860778469
17.2911953746915,1,3.20669241281601e-05
0.451616448302356,1,0.50156832676722
0.0487566171697162,1,0.825241150814997
2.93340603304599,1,0.0867642662182807
25.932442909159,1,3.53576574685377e-07
0.201969196978914,1,0.653136040111586
56.2823363832619,1,6.27276008913213e-14
3.68184937687345,1,0.0550078045147847
4.89973609288166,1,0.0268608001577147
1.70306492092591,1,0.191887639606598
4.09709109163195,1,0.0429570613050959
5.28450612244898,1,0.0215159938346668
0.0844744624455217,1,0.771322910488903
1.00573224852071,1,0.315927435597613
5.86628335140346,1,0.0154336026058119
4.57265946502057,1,0.0324860956265427
0.420383286483248,1,0.516745853714097
0.328907265777527,1,0.566303239095915
27.9718255955068,1,1.23094693549319e-07
2.94606636230629,1,0.0860868637852894
2.6862,1,0.101220947586377
76.1340561500287,1,0
0.171296296296296,1,0.678962308510818
18.3809876009227,1,1.80853571380979e-05
0.237088299372037,1,0.626317053257915
0.443692733564014,1,0.505345494078554
0.420383286483248,1,0.516745853714097
0.356550569124168,1,0.5504282303086
4.29939887221946,1,0.0381258468406346
27.9718255955068,1,1.23094693549319e-07
0.217029344154959,1,0.641312791326418
0.171296296296296,1,0.678962308510818
1.89086110140624,1,0.169104829930854
0.226490953763681,1,0.634138029287199
0.945560110803324,1,0.330852013654346
49.0812683654226,1,2.45570230816838e-12
1.23198844505663,1,0.267020681113832
0.235327203893997,1,0.627601614814355
0.271406914763558,1,0.602389559742499
0.271406914763558,1,0.602389559742499
2.56467582951548,1,0.109274955357507
0.212687074829932,1,0.6446694053273
4.20608523970156,1,0.040279193184861
0.443692733564014,1,0.505345494078554
3.14625850340136,1,0.0761012727344652
1.11270971607308,1,0.291493674053362
0.00886351286076559,1,0.924992996206302
0.0183471074380166,1,0.892254912290382
1.62570764163294,1,0.202297771439771
12.8967258382643,1,0.000329157439211358
24.518851768456,1,7.35863295742156e-07
0.662589355735975,1,0.415647289013008
19.0430146966316,1,1.27804746207216e-05
10.1675569255167,1,0.00142933549041235
10.544831063867,1,0.00116513471397139
7.21710660608028,1,0.00722120140608784
9.38381429827432,1,0.00218909595067862
0.0176977040816326,1,0.894167505169529
0.162162162162162,1,0.687173618309648
0.117861921043131,1,0.731365077864628
1.47732662622813,1,0.224193265303705
0.376127786865783,1,0.539682899694139
25.7078041077093,1,3.97217512215775e-07
2.6803749990032,1,0.101591802741871
0.662589355735975,1,0.415647289013008
1.51165618878881,1,0.218886540501116
0.662589355735975,1,0.415647289013008
24.2433941007689,1,8.48977616096924e-07
0.171296296296296,1,0.678962308510818
0.0176977040816326,1,0.894167505169529
2.75356161684839,1,0.0970380525547092
0.724897959183674,1,0.394541974238978
2.71533650729006,1,0.0993880095437352
0.310245436282645,1,0.577529614887739
0.547155575675268,1,0.459482259102442
0.235327203893997,1,0.627601614814355
15.1288131946636,1,0.00010041889314405
0.756577235160043,1,0.384401795261374
2.05860082304527,1,0.151349086158636
0.217029344154959,1,0.641312791326418
2.93340603304599,1,0.0867642662182807
0.144694388990541,1,0.703658046867838
0.201969196978914,1,0.653136040111586
0.790323591230398,1,0.374002296559102
0.144694388990541,1,0.703658046867838
0.495955299821372,1,0.481282740107848
0.356550569124168,1,0.5504282303086
0.597599877554051,1,0.439495249568434
18.0574236961919,1,2.14341242606997e-05
0.00721730740866236,1,0.932297374872854
0.662589355735975,1,0.415647289013008
0.171296296296296,1,0.678962308510818
0.271406914763558,1,0.602389559742499
2.75356161684839,1,0.0970380525547092
1.25076655195258,1,0.263406120513285
0.201969196978914,1,0.653136040111586
0.235327203893997,1,0.627601614814355
4.57265946502057,1,0.0324860956265427
10.6677293206711,1,0.00109020867166953
0.182925661297436,1,0.668870936298263
1.62570764163294,1,0.202297771439771
0.134694425800857,1,0.713613504146744
0.310245436282645,1,0.577529614887739
4.57265946502057,1,0.0324860956265427
0.930697168883598,1,0.334681831689834
2.94606636230629,1,0.0860868637852894
3.65569125868899,1,0.0558779631257278
19.8529239310148,1,8.36347091315304e-06
4.57265946502057,1,0.0324860956265427
0.235327203893997,1,0.627601614814355
22.0020576131687,1,2.72358326558475e-06
0.171296296296296,1,0.678962308510818
8.16230323310397,1,0.00427700211587378
3.18605897441198,1,0.0742688606886459
0.351880392038568,1,0.553050611047318
1.1625353690311,1,0.280940347168996
0.647149851768954,1,0.421133528749737
2.27425461817109,1,0.131538352306475
0.0765647733113231,1,0.782007858538019
0.235327203893997,1,0.627601614814355
0.662589355735975,1,0.415647289013008
80.269758882021,1,0
0.351880392038568,1,0.553050611047318
1.34715345523078,1,0.245776370687433
3.68184937687345,1,0.0550078045147847
0.351880392038568,1,0.553050611047318
6.168328728964,1,0.0130057416865768
29.8357167752916,1,4.70248497919101e-08
3.41626021470918,1,0.064557104781875
43.9486181878539,1,3.37110339643232e-11
1.38820426837076,1,0.238708589898094
0.0426953767040827,1,0.836299925768028
0.722261169761523,1,0.395403204655725
1.16572148708254,1,0.280282106923824
0.493948024207903,1,0.482171447122277
0.310245436282645,1,0.577529614887739
0.5630692622807,1,0.453026226826363
0.171296296296296,1,0.678962308510818
16.9892645115424,1,3.75917711598062e-05
0.662589355735975,1,0.415647289013008
9.40324647995102,1,0.00216601572086272
12.5366765789156,1,0.00039904140521263
1.60568455390774,1,0.205099483317871
0.310245436282645,1,0.577529614887739
2.6862,1,0.101220947586377
0.452148549502445,1,0.501316404514434
0.156132410671437,1,0.69274256656496
9.89185355585763,1,0.00166012064099819
0.351880392038568,1,0.553050611047318
0.171296296296296,1,0.678962308510818
0.201969196978914,1,0.653136040111586
0.807679516250944,1,0.368807192940355
3.43515455627298,1,0.0638226133066125
0.288325661587655,1,0.591295488822146
0.117861921043131,1,0.731365077864628
0.117861921043131,1,0.731365077864628
1.94476934650198,1,0.16315162028933
0.212687074829932,1,0.6446694053273
5.10750392522926,1,0.0238225700722285
0.0418857783368659,1,0.837837654455057
0.351880392038568,1,0.553050611047318
0.493948024207903,1,0.482171447122277
0.351880392038568,1,0.553050611047318
0.235327203893997,1,0.627601614814355
2.48964437635156,1,0.114597616153364
0.396349930569331,1,0.528980350898716
1.51165618878881,1,0.218886540501116
6.1862628852939,1,0.012874578754312
3.68184937687345,1,0.0550078045147847
0.271406914763558,1,0.602389559742499
0.143272405314445,1,0.705049230089236
0.0578620844527779,1,0.809907480162082
13.7953731916369,1,0.000203837600624923
0.226490953763681,1,0.634138029287199
3.6576767424132,1,0.0558114061053545
0.493948024207903,1,0.482171447122277
27.4497527076601,1,1.61229486983494e-07
1.89086110140624,1,0.169104829930854
0.356550569124168,1,0.5504282303086
2.75649387875832,1,0.096860305159773
0.171296296296296,1,0.678962308510818
0.171296296296296,1,0.678962308510818
1.89086110140624,1,0.169104829930854
0.439147895572128,1,0.507534016834395
1.62159444307447,1,0.20286960851126
0.930697168883598,1,0.334681831689834
43.3832690854119,1,4.5002002124761e-11
0.117861921043131,1,0.731365077864628
6.11533401903327,1,0.0134014086193421
0.235327203893997,1,0.627601614814355
0.30515606632555,1,0.580667940721855
0.201969196978914,1,0.653136040111586
2.29779137855661,1,0.129558106944264
0.281179640831402,1,0.595929078789489
9.51494034114416,1,0.00203805730976137
0.396349930569331,1,0.528980350898716
0.735192239231043,1,0.391205341460776
0.171296296296296,1,0.678962308510818
12.7851116972231,1,0.000349388903416847
0.171296296296296,1,0.678962308510818
0.396349930569331,1,0.528980350898716
0.00816035581604812,1,0.928021255962869
0.998775545995693,1,0.317606971388463
5.19085719991684,1,0.0227060140597812
5.01413683525822,1,0.0251411603979099
0.271406914763558,1,0.602389559742499
2.53497970020323,1,0.111348318548221
0.562145445673868,1,0.453397099254811
0.390255497720085,1,0.532165131889105
0.171296296296296,1,0.678962308510818
0.407018749862295,1,0.523486561817214
18.2141477098113,1,1.97406992331617e-05
4.74213017751479,1,0.0294326060449591
0.633070390888711,1,0.426231306089253
2.55270800554723,1,0.110105388781717
9.80859651278123,1,0.00173698012736045
0.0844744624455217,1,0.771322910488903
3.32694229709593,1,0.0681534689728748
0.310245436282645,1,0.577529614887739
0.0176977040816326,1,0.894167505169529
0.0147765986926825,1,0.903248259119913
0.650497966737283,1,0.419934699716023
0.493948024207903,1,0.482171447122277
1.94476934650198,1,0.16315162028933
4.79472008077888,1,0.0285470949571928
0.171296296296296,1,0.678962308510818
0.724897959183674,1,0.394541974238978
7.35427529767347,1,0.00669034716524342
0.201969196978914,1,0.653136040111586
2.29779137855661,1,0.129558106944264
1.89086110140624,1,0.169104829930854
0.117861921043131,1,0.731365077864628
0.143272405314445,1,0.705049230089236
0.201969196978914,1,0.653136040111586
0.171296296296296,1,0.678962308510818
0.201969196978914,1,0.653136040111586
2.93340603304599,1,0.0867642662182807
0.117861921043131,1,0.731365077864628
0.735192239231043,1,0.391205341460776
0.930697168883598,1,0.334681831689834
0.0796315426997244,1,0.777797354840176
0.171296296296296,1,0.678962308510818
2.19306395006768,1,0.138633300423551
13.9532791112874,1,0.000187410470601113
6.03039094650206,1,0.0140616185030273
1.25076655195258,1,0.263406120513285
1.39518104171429,1,0.237532090606965
20.311323176194,1,6.58099661221545e-06
0.420383286483248,1,0.516745853714097
0.262137536962665,1,0.608655426860572
11.2647049346621,1,0.00078994735839566
1.32260086443165,1,0.250125809774384
0.420383286483248,1,0.516745853714097
25.7529575531811,1,3.8803193114223e-07
0.235327203893997,1,0.627601614814355
18.0574236961919,1,2.14341242606997e-05
0.63079364069085,1,0.427064350681687
23.7643866374031,1,1.08878485016728e-06
5.23728053312828,1,0.0221078064950376
0.662589355735975,1,0.415647289013008
7.68763974700833,1,0.00556002938227029
0.217029344154959,1,0.641312791326418
19.3884591134613,1,1.06649614706189e-05
36.5557830010498,1,1.48359169394041e-09
0.724897959183674,1,0.394541974238978
0.235327203893997,1,0.627601614814355
2.25314511339963,1,0.133343145669134
2.96350569950078,1,0.085163110134323
1.51165618878881,1,0.218886540501116
0.201969196978914,1,0.653136040111586
0.773025864980619,1,0.379282601484838
52.7066493656286,1,3.87245790989255e-13
12.5489737627557,1,0.000396423951720348
26.2732029366645,1,2.96372533292732e-07
2.93340603304599,1,0.0867642662182807
0.235327203893997,1,0.627601614814355
0.902637596137539,1,0.342075457869442
3.41626021470918,1,0.064557104781875
2.64042945397049,1,0.104175380085543
0.235327203893997,1,0.627601614814355
0.143272405314445,1,0.705049230089236
0.724897959183674,1,0.394541974238978
2.10918640473846,1,0.146417143962289
0.0844744624455217,1,0.771322910488903
4.57265946502057,1,0.0324860956265427
0.310245436282645,1,0.577529614887739
6.06993613987228,1,0.0137501932080517
27.4497527076601,1,1.61229486983494e-07
0.117861921043131,1,0.731365077864628
0.603355719772691,1,0.437300523775819
0.0176977040816326,1,0.894167505169529
0.351880392038568,1,0.553050611047318
0.139944684753448,1,0.708336009315603
0.171296296296296,1,0.678962308510818
0.662589355735975,1,0.415647289013008
9.52561224489796,1,0.00202623979645955
2.27425461817109,1,0.131538352306475
0.201969196978914,1,0.653136040111586
0.235327203893997,1,0.627601614814355
1.82334300096649,1,0.176915864961322
14.2626004016863,1,0.000158992797706148
0.143272405314445,1,0.705049230089236
0.396349930569331,1,0.528980350898716
1.48306421582692,1,0.223295712060488
11.9199399543365,1,0.000555362707596929
0.235327203893997,1,0.627601614814355
0.271406914763558,1,0.602389559742499
9.17112829664882,1,0.00245862943820296
0.201969196978914,1,0.653136040111586
2.02023459141274,1,0.1552151603306
0.578578578578579,1,0.4468700126873
0.201969196978914,1,0.653136040111586
3.65569125868899,1,0.0558779631257278
24.2433941007689,1,8.48977616096924e-07
3.46064281585946,1,0.0628458784242006
1.16572148708254,1,0.280282106923824
0.349080372955381,1,0.554634170802543
0.443692733564014,1,0.505345494078554
0.235327203893997,1,0.627601614814355
0.0331820409706473,1,0.855457646976757
2.32419845518747,1,0.127375817342761
12.4657127361056,1,0.000414490333856765
0.235327203893997,1,0.627601614814355
1.62159444307447,1,0.20286960851126
100.942219595349,1,0
0.443692733564014,1,0.505345494078554
2.44649536250282,1,0.117787589462204
12.8967258382643,1,0.000329157439211358
0.000207239375481332,1,0.988514201351109
1.25076655195258,1,0.263406120513285
2.93340603304599,1,0.0867642662182807
63.1929703620253,1,1.88737914186277e-15
0.0854798474525142,1,0.770004226193399
38.6279079030593,1,5.12804132490885e-10
0.201969196978914,1,0.653136040111586
8.20408568546422,1,0.00417961653939569
30.7156267757444,1,2.98749369687101e-08
0.30515606632555,1,0.580667940721855
5.20720720720721,1,0.022493438626542
3.65569125868899,1,0.0558779631257278
1.61941175886981,1,0.203173828911709
1.83025249168618,1,0.176097725338375
22.2673481365973,1,2.3720597794874e-06
0.443692733564014,1,0.505345494078554
7.53573910128235,1,0.00604869187689627
0.396349930569331,1,0.528980350898716
5.62469711509939,1,0.0177091257404406
0.443692733564014,1,0.505345494078554
1.10437863194007,1,0.29330718183043
0.235327203893997,1,0.627601614814355
5.53676461141917,1,0.0186209781284058
17.0013340318521,1,3.73535644092593e-05
0.066908748254896,1,0.795891987417349
0.511353865600786,1,0.474553364645714
8.23197168810287,1,0.00411587907558153
0.0820534819239661,1,0.774533644988166
0.271406914763558,1,0.602389559742499
0.0236230735696108,1,0.877847866005715
0.0236230735696108,1,0.877847866005715
0.237088299372037,1,0.626317053257915
4.29411368012867,1,0.0382445253048312
1.25076655195258,1,0.263406120513285
2.93340603304599,1,0.0867642662182807
2.71533650729006,1,0.0993880095437352
0.515772069955866,1,0.472650790150857
4.93835152801163,1,0.0262670767289316
0.117861921043131,1,0.731365077864628
54.0050953660889,1,1.99951166734991e-13
0.597599877554051,1,0.439495249568434
0.443692733564014,1,0.505345494078554
0.724897959183674,1,0.394541974238978
0.758664994764181,1,0.383746632264112
12.5366765789156,1,0.00039904140521263
0.0820534819239661,1,0.774533644988166
3.26170798898072,1,0.0709152264685802
2.08100697291121,1,0.149141759784582
0.785746046248811,1,0.375389535239207
1.25076655195258,1,0.263406120513285
2.93340603304599,1,0.0867642662182807
0.171296296296296,1,0.678962308510818
0.235327203893997,1,0.627601614814355
0.396349930569331,1,0.528980350898716
22.0020576131687,1,2.72358326558475e-06
1.08405864421542,1,0.297791380623621
6.20307446313477,1,0.0127528603976218
0.310245436282645,1,0.577529614887739
0.930697168883598,1,0.334681831689834
11.8277843935904,1,0.000583533879092601
0.117861921043131,1,0.731365077864628
0.139944684753448,1,0.708336009315603
1.33993585044589,1,0.24704528143187
0.0236230735696108,1,0.877847866005715
2.93340603304599,1,0.0867642662182807
1.20101096931091,1,0.273119711702692
0.201969196978914,1,0.653136040111586
18.0574236961919,1,2.14341242606997e-05
0.171296296296296,1,0.678962308510818
2.93340603304599,1,0.0867642662182807
0.235327203893997,1,0.627601614814355
0.226490953763681,1,0.634138029287199
14.349324906636,1,0.000151834128214068
0.0169092661936734,1,0.896538233919204
27.9596784219364,1,1.23869845491953e-07
6.81680376501261,1,0.00903040450511805
1.90766648653632,1,0.167222699641981
1.85310141444168,1,0.17342311194378
0.735192239231043,1,0.391205341460776
16.4787420874833,1,4.91986157279412e-05
1.89086110140624,1,0.169104829930854
1.919758943711,1,0.16588323667367
0.171296296296296,1,0.678962308510818
17.0064792237203,1,3.72524795734241e-05
0.396349930569331,1,0.528980350898716
0.396349930569331,1,0.528980350898716
3.14625850340136,1,0.0761012727344652
5.34757232652894,1,0.0207511441511756
6.5026640844799,1,0.0107712978382852
2.76028427369188,1,0.096631065198222
0.171296296296296,1,0.678962308510818
0.493948024207903,1,0.482171447122277
26.8032716321561,1,2.25255663899304e-07
0.143272405314445,1,0.705049230089236
0.201969196978914,1,0.653136040111586
24.2433941007689,1,8.48977616096924e-07
0.858265193667505,1,0.354224620551659
5.96926667555832,1,0.0145573334345926
23.7643866374031,1,1.08878485016728e-06
0.171296296296296,1,0.678962308510818
0.310245436282645,1,0.577529614887739
0.351880392038568,1,0.553050611047318
34.4292810055142,1,4.42023140312386e-09
5.84803048162057,1,0.0155944946172566
0.351880392038568,1,0.553050611047318
0.351880392038568,1,0.553050611047318
1.00573224852071,1,0.315927435597613
0.271406914763558,1,0.602389559742499
1.87606410003007,1,0.170782163552339
12.017211300169,1,0.000527115115534493
0.297999033888229,1,0.585139574484905
0.271406914763558,1,0.602389559742499
0.662589355735975,1,0.415647289013008
0.396349930569331,1,0.528980350898716
7.40601738913119e-06,1,0.997828639720106
0.237088299372036,1,0.626317053257916
11.814682874228,1,0.00058765440818509
11.5800061644428,1,0.000666647206170046
1.62570764163294,1,0.202297771439771
0.235327203893997,1,0.627601614814355
0.201969196978914,1,0.653136040111586
0.376127786865783,1,0.539682899694139
5.53676461141917,1,0.0186209781284058
0.396349930569331,1,0.528980350898716
1.7043575349728,1,0.191719091151613
0.201969196978914,1,0.653136040111586
7.3185652700206,1,0.00682458730352686
0.603355719772691,1,0.437300523775819
4.29411368012867,1,0.0382445253048312
9.0372474839479,1,0.00264533632996133
0.76968295533241,1,0.380315150497219
0.171296296296296,1,0.678962308510818
2.6803749990032,1,0.101591802741871
3.59419200678306,1,0.0579818082809083
0.443692733564014,1,0.505345494078554
15.9102408854167,1,6.64183654799366e-05
0.171296296296296,1,0.678962308510817
32.0266400473667,1,1.52072773262901e-08
0.171296296296296,1,0.678962308510818
0.310245436282645,1,0.577529614887739
0.310245436282645,1,0.577529614887739
0.235327203893997,1,0.627601614814355
0.171296296296296,1,0.678962308510818
0.0183471074380166,1,0.892254912290382
9.87151614035798,1,0.00167857130645521
0.63079364069085,1,0.427064350681687
0.171296296296296,1,0.678962308510818
0.143272405314445,1,0.705049230089236
0.143272405314445,1,0.705049230089236
0.0632037427304804,1,0.801502126743451
14.1001484542394,1,0.000173330101733926
0.171296296296296,1,0.678962308510818
2.05860082304527,1,0.151349086158636
1.89086110140624,1,0.169104829930854
0.396349930569331,1,0.528980350898716
0.146098605888711,1,0.702291903626972
0.162162162162162,1,0.687173618309648
1.51165618878881,1,0.218886540501116
0.244790371748214,1,0.620767463739864
0.790323591230398,1,0.374002296559102
0.235327203893997,1,0.627601614814355
0.650497966737283,1,0.419934699716023
0.351880392038568,1,0.553050611047318
4.35828149898422,1,0.0368294403242522
4.4936194214876,1,0.0340215744511464
0.143272405314445,1,0.705049230089236
1.89086110140624,1,0.169104829930854
0.562145445673868,1,0.453397099254811
2.15290061583653,1,0.14230082705213
0.493948024207903,1,0.482171447122277
8.08221957986524,1,0.00447016615712992
2.96553117345522,1,0.0850565186060117
1.89086110140624,1,0.169104829930854
3.09665384092383,1,0.0784533957954379
3.14625850340136,1,0.0761012727344652
0.271406914763558,1,0.602389559742499
0.30515606632555,1,0.580667940721855
0.962395353396726,1,0.326584107211651
1.23198844505663,1,0.267020681113832
0.201969196978914,1,0.653136040111586
0.0593336722146323,1,0.807552214915162
0.287191515379564,1,0.5920259198903
0.201969196978914,1,0.653136040111586
0.201969196978914,1,0.653136040111586
1.62570764163294,1,0.202297771439771
0.662589355735975,1,0.415647289013008
0.0426953767040827,1,0.836299925768028
0.735192239231043,1,0.391205341460776
1.89086110140624,1,0.169104829930854
0.00338576258244157,1,0.953599431915394
0.917404552683397,1,0.338157376052805
0.235327203893997,1,0.627601614814355
0.271406914763558,1,0.602389559742499
4.86801438417332,1,0.0273589629808018
0.310245436282645,1,0.577529614887739
0.271406914763558,1,0.602389559742499
2.63903893692464,1,0.10426660118566
0.143272405314445,1,0.705049230089236
63.682729938608,1,1.4432899320127e-15
12.0866666666667,1,0.000507836847765231
1.00573224852071,1,0.315927435597613
2.93340603304599,1,0.0867642662182807
22.1036958917443,1,2.58311938627909e-06
0.143272405314445,1,0.705049230089236
37.0080552448324,1,1.17642229291448e-09
0.724897959183674,1,0.394541974238978
0.143272405314445,1,0.705049230089236
13.233312413465,1,0.000275017370714337
0.201969196978914,1,0.653136040111586
0.547155575675268,1,0.459482259102442
0.201969196978914,1,0.653136040111586
0.212687074829932,1,0.6446694053273
27.3253358350841,1,1.71943657312212e-07
0.998775545995693,1,0.317606971388463
0.0442738801231863,1,0.833344884437158
0.0176977040816326,1,0.894167505169529
1.24289420501884,1,0.264913998141942
1.10437863194007,1,0.29330718183043
0.603355719772691,1,0.437300523775819
28.2179206049149,1,1.08396307707537e-07
0.201969196978914,1,0.653136040111586
0.201969196978914,1,0.653136040111586
0.396349930569331,1,0.528980350898716
0.0473778504594802,1,0.827690496914308
0.117861921043131,1,0.731365077864628
3.94923485704393,1,0.0468926848292489
6.52982087287056,1,0.0106080639310691
0.0820534819239661,1,0.774533644988166
1.20101096931091,1,0.273119711702692
0.634036213012537,1,0.425878658163684
6.03039094650206,1,0.0140616185030273
14.0699371200748,1,0.000176136682102035
2.93340603304599,1,0.0867642662182807
0.351880392038568,1,0.553050611047318
2.55270800554723,1,0.110105388781717
46.3721108619476,1,9.77973257931808e-12
0.735192239231043,1,0.391205341460776
6.33748599837451,1,0.0118212311535985
0.310245436282645,1,0.577529614887739
0.235327203893997,1,0.627601614814355
0.143272405314445,1,0.705049230089236
0.000207239375481332,1,0.988514201351109
1.1625353690311,1,0.280940347168996
0.171296296296296,1,0.678962308510818
1.58847428931494,1,0.207544250798856
0.000207239375481332,1,0.988514201351109
1.33993585044589,1,0.24704528143187
0.238125922041063,1,0.625562961183098
0.310245436282645,1,0.577529614887739
1.51165618878881,1,0.218886540501116
0.171296296296296,1,0.678962308510818
0.139944684753448,1,0.708336009315603
0.333636849957176,1,0.56352538591583
3.45119907945375,1,0.0632059004423478
6.85657043427115,1,0.00883158984899568
0.945560110803324,1,0.330852013654346
0.171296296296296,1,0.678962308510818
0.171296296296296,1,0.678962308510818
1.25076655195258,1,0.263406120513285
0.493948024207903,1,0.482171447122277
1.56041016222834,1,0.211605174742371
4.01621011593311,1,0.0450648726556313
0.271406914763558,1,0.602389559742499
0.0613324306063119,1,0.804402240119774
0.562145445673868,1,0.453397099254811
0.143272405314445,1,0.705049230089236
49.3496563867676,1,2.14173123680439e-12
0.493948024207903,1,0.482171447122277
0.790323591230398,1,0.374002296559102
10.1946455873619,1,0.00140849028114676
2.93340603304599,1,0.0867642662182807
1.51165618878881,1,0.218886540501116
0.0820534819239661,1,0.774533644988166
19.4176281402462,1,1.05033083988015e-05
0.281179640831402,1,0.595929078789489
0.930697168883598,1,0.334681831689834
7.01494592242562,1,0.00808320744033697
0.89959016954753,1,0.342891625516222
0.271406914763558,1,0.602389559742499
68.9928199467997,1,1.11022302462516e-16
0.38262417162831,1,0.536202159405584
0.0844744624455217,1,0.771322910488903
0.603355719772691,1,0.437300523775819
24.891004136493,1,6.06648496881412e-07
0.396349930569331,1,0.528980350898716
0.171296296296296,1,0.678962308510818
0.603355719772691,1,0.437300523775819
5.78316986927907,1,0.016180335360053
0.562145445673868,1,0.453397099254811
0.351880392038568,1,0.553050611047318
0.171296296296296,1,0.678962308510818
1.51165618878881,1,0.218886540501116
0.443692733564014,1,0.505345494078554
1.25076655195258,1,0.263406120513285
1.87158842975207,1,0.171293265517444
0.271406914763558,1,0.602389559742499
1.72837370242214,1,0.188618724091759
0.201969196978914,1,0.653136040111586
10.6473078772026,1,0.00110231242276171
0.111998579467068,1,0.737880153952295
0.396349930569331,1,0.528980350898716
0.0549459270876424,1,0.814670207979355
0.30515606632555,1,0.580667940721855
0.942327823691459,1,0.331679903140363
6.76795162509448,1,0.00928092966382954
1.16572148708254,1,0.280282106923824
3.59419200678306,1,0.0579818082809083
0.445039814702408,1,0.504699928247745
5.78316986927907,1,0.016180335360053
4.40235519407327,1,0.0358893343301272
17.7671851218454,1,2.49652168466952e-05
38.7190734134848,1,4.89403295667046e-10
0.271406914763558,1,0.602389559742499
0.351880392038568,1,0.553050611047318
0.0183471074380166,1,0.892254912290382
0.420383286483248,1,0.516745853714097
0.493948024207903,1,0.482171447122277
9.31582493724366,1,0.00227183070441339
2.6803749990032,1,0.101591802741871
2.35658402203857,1,0.124755105718347
5.09370890780577,1,0.0240127830304949
0.493948024207903,1,0.482171447122277
7.1497474316901,1,0.00749745443959848
0.201969196978914,1,0.653136040111586
0.351880392038568,1,0.553050611047318
0.00721730740866236,1,0.932297374872854
23.4652032313886,1,1.27193582577512e-06
3.97493638106049,1,0.0461821978530605
0.0844744624455217,1,0.771322910488903
0.443692733564014,1,0.505345494078554
0.0442738801231863,1,0.833344884437158
0.201969196978914,1,0.653136040111586
2.93340603304599,1,0.0867642662182807
2.80651690144464,1,0.0938820104368892
1.25076655195258,1,0.263406120513285
0.785746046248811,1,0.375389535239207
0.603355719772691,1,0.437300523775819
0.235327203893997,1,0.627601614814355
46.8648648648649,1,7.60536078558971e-12
1.48299005734376,1,0.223307285464238
0.201969196978914,1,0.653136040111586
1.33924026769724,1,0.247167992967929
0.271406914763558,1,0.602389559742499
0.562145445673868,1,0.453397099254811
3.17376952467203,1,0.0748295554637836
0.351880392038568,1,0.553050611047318
0.143272405314445,1,0.705049230089236
14.8691301999967,1,0.000115233402651627
0.271406914763558,1,0.602389559742499
0.650497966737283,1,0.419934699716023
0.351880392038568,1,0.553050611047318
1.62159444307447,1,0.20286960851126
0.16183981405208,1,0.687468262820548
0.201969196978914,1,0.653136040111586
0.30515606632555,1,0.580667940721855
0.143272405314445,1,0.705049230089236
0.351880392038568,1,0.553050611047318
0.065018291489019,1,0.798733259096561
4.09283560800645,1,0.0430653352906427
5.18503787735205,1,0.0227821757272493
1.62570764163294,1,0.202297771439771
0.930697168883598,1,0.334681831689834
2.93340603304599,1,0.0867642662182807
3.90649729279467,1,0.0480997488157168
2.98069538926682,1,0.0842630622545855
6.23351351351351,1,0.0125354771754765
5.84518333926664,1,0.0156197464435329
0.356550569124168,1,0.5504282303086
5.32299415643421,1,0.0210458188720298
0.785746046248811,1,0.375389535239207
14.2394659652906,1,0.000160959216761403
1.30666834635089,1,0.252998756463392
34.7120979110598,1,3.82248743768798e-09
8.41161453397964,1,0.00372831410877072
0.106927438266674,1,0.743669691354358
3.26170798898072,1,0.07091522646858
44.0202829180933,1,3.24991145106424e-11
0.493948024207903,1,0.482171447122277
0.787136776859504,1,0.374967307867984
0.143272405314445,1,0.705049230089236
1.08405864421542,1,0.297791380623621
1.919758943711,1,0.16588323667367
0.0578620844527779,1,0.809907480162082
1.25076655195258,1,0.263406120513285
0.376127786865783,1,0.539682899694139
17.2732512522954,1,3.23711856353714e-05
0.858908907763101,1,0.354044206183144
3.26170798898072,1,0.07091522646858
0.903398454433394,1,0.34187209213398
0.0844744624455217,1,0.771322910488903
15.7429594553017,1,7.25574769583348e-05
14.0291043321132,1,0.000180002865160178
0.310245436282645,1,0.577529614887739
0.756549378790639,1,0.384410547644234
1.84916908811752,1,0.173880065261783
2.84657573985266,1,0.0915687807803467
0.390255497720085,1,0.532165131889105
0.569580254176227,1,0.450425760402492
0.858908907763101,1,0.354044206183144
2.80293739980206,1,0.0940917829985035
8.41161453397964,1,0.00372831410877072
0.287975416960784,1,0.591520861237337
3.41626021470918,1,0.0645571047818748
3.00679994054697,1,0.0829158350906668
4.68577617686688,1,0.0304133206923215
0.569580254176227,1,0.450425760402492
1.51165618878881,1,0.218886540501116
23.7045194367922,1,1.12318466272132e-06
0.201969196978914,1,0.653136040111586
2.55270800554723,1,0.110105388781717
0.171296296296296,1,0.678962308510818
3.69088654825556,1,0.0547105289164175
0.143272405314445,1,0.705049230089236
0.998775545995693,1,0.317606971388463
2.35658402203857,1,0.124755105718347
5.44553894523172,1,0.0196183612923074
4.624508449357,1,0.0315182911713699
44.7779135454543,1,2.20697904396161e-11
0.930697168883598,1,0.334681831689834
39.4343027476083,1,3.39284156325448e-10
0.493948024207903,1,0.482171447122277
0.235327203893997,1,0.627601614814355
1.62159444307447,1,0.20286960851126
2.57226831844143,1,0.108751691465668
0.201969196978914,1,0.653136040111586
0.0263327124791688,1,0.871090424565133
0.212687074829932,1,0.6446694053273
0.156132410671437,1,0.69274256656496
2.24332325090533,1,0.134192299505998
2.96553117345522,1,0.0850565186060117
0.493948024207903,1,0.482171447122277
4.57265946502057,1,0.0324860956265427
15.8239213243147,1,6.95180410631435e-05
0.0176977040816326,1,0.894167505169529
0.271406914763558,1,0.602389559742499
0.171296296296296,1,0.678962308510818
0.117861921043131,1,0.731365077864628
23.9503133488004,1,9.88542017132943e-07
0.724897959183674,1,0.394541974238978
46.1087019618382,1,1.11870512853329e-11
19.7756217560305,1,8.70863690416446e-06
0.17858319652487,1,0.672593656819508
2.29779137855661,1,0.129558106944264
5.69403324691242,1,0.0170226870524214
0.547155575675268,1,0.459482259102442
0.790323591230398,1,0.374002296559102
0.171296296296296,1,0.678962308510818
1.20101096931091,1,0.273119711702692
0.235327203893997,1,0.627601614814355
0.891361039020316,1,0.345108745606736
0.724897959183674,1,0.394541974238978
0.396349930569331,1,0.528980350898716
1.20101096931091,1,0.273119711702692
0.117861921043131,1,0.731365077864628
0.117861921043131,1,0.731365077864628
23.7643866374031,1,1.08878485016728e-06
4.51197735566581,1,0.0336583084075529
0.399659727732594,1,0.52726503994463
1.72837370242214,1,0.188618724091759
0.724897959183674,1,0.394541974238978
0.603355719772691,1,0.437300523775819
3.7254715078255,1,0.0535884958476353
0.235327203893997,1,0.627601614814355
0.0971344027942101,1,0.755295946159768
10.7540289452478,1,0.00104052548712719
1.16572148708254,1,0.280282106923824
0.930697168883598,1,0.334681831689834
1.61017691100109,1,0.204466935652646
3.45786492182578,1,0.062951552182549
7.01164435125836,1,0.00809812686406952
22.6724394836492,1,1.92103579643721e-06
0.000963541666666658,1,0.975236868018651
4.66719851392399,1,0.0307440383490056
1.08405864421542,1,0.297791380623621
0.171296296296296,1,0.678962308510818
0.858908907763101,1,0.354044206183144
14.9281333332188,1,0.000111684997171291
4.57265946502057,1,0.0324860956265427
0.117861921043131,1,0.731365077864628
0.420383286483248,1,0.516745853714097
0.562145445673868,1,0.453397099254811
5.33551473953605,1,0.0208951687307602
0.00251674999149748,1,0.95998913306824
0.339250325439363,1,0.560262268211277
4.54098570972252,1,0.0330925306799484
0.117861921043131,1,0.731365077864628
0.443692733564014,1,0.505345494078554
5.84803048162057,1,0.0155944946172566
0.201969196978914,1,0.653136040111586
8.75534262981429,1,0.00308696371245176
19.1766417877213,1,1.19162639896642e-05
3.47289916303253,1,0.0623818869193924
19.1413537190083,1,1.21386125536693e-05
54.7452734744594,1,1.37223565843669e-13
0.310245436282645,1,0.577529614887739
1.69255947553102,1,0.193263917339324
0.493948024207903,1,0.482171447122277
9.65010879907923,1,0.00189340369733171
5.756818526742,1,0.0164247860778469
0.212687074829932,1,0.6446694053273
0.310245436282645,1,0.577529614887739
0.0844744624455217,1,0.771322910488903
0.0176977040816326,1,0.894167505169529
2.93340603304599,1,0.0867642662182807
20.8447755483877,1,4.98048921981908e-06
0.858908907763101,1,0.354044206183144
0.166189236780283,1,0.683521001292311
0.443692733564014,1,0.505345494078554
1.72837370242214,1,0.188618724091759
0.724897959183674,1,0.394541974238978
0.547155575675268,1,0.459482259102442
0.271406914763558,1,0.602389559742499
18.5922451790634,1,1.61877714439651e-05
0.00216892327668079,1,0.96285458736986
1.23198844505663,1,0.267020681113832
0.271406914763558,1,0.602389559742499
0.396349930569331,1,0.528980350898716
3.73859332206748,1,0.0531691888890993
36.0191473425296,1,1.953880834904e-09
1.46262017203576,1,0.226513683714796
0.171296296296296,1,0.678962308510818
0.640696264178214,1,0.423458782254809
29.6341650545354,1,5.21771291728257e-08
0.650497966737283,1,0.419934699716023
7.68763974700833,1,0.00556002938227029
5.57666434807382,1,0.0182013579829844
0.142320096928473,1,0.705985329829655
0.117861921043131,1,0.731365077864628
0.271406914763558,1,0.602389559742499
1.08405864421542,1,0.297791380623621
0.171296296296296,1,0.678962308510818
29.5955572808273,1,5.32267967479072e-08
2.858521490554,1,0.0908910062257032
15.2923477665809,1,9.20888045730095e-05
10.5722491760651,1,0.00114797966512858
1.51165618878881,1,0.218886540501116
8.41161453397964,1,0.00372831410877072
0.235327203893997,1,0.627601614814355
7.01164435125836,1,0.00809812686406952
0.235327203893997,1,0.627601614814355
1.33924026769724,1,0.247167992967929
0.117861921043131,1,0.731365077864628
7.77688810088936,1,0.00529188769968802
3.41626021470918,1,0.064557104781875
20.3817449730816,1,6.34320145076472e-06
0.00397899174639333,1,0.949703397704659
3.65569125868899,1,0.0558779631257278
0.310245436282645,1,0.577529614887739
0.443692733564014,1,0.505345494078554
11.8204839823807,1,0.000585826302771597
0.117861921043131,1,0.731365077864628
1.15518362396696,1,0.282466658691506
0.271406914763558,1,0.602389559742499
0.00721730740866236,1,0.932297374872854
0.0796315426997244,1,0.777797354840176
52.5992018515043,1,4.09006162271908e-13
0.117861921043131,1,0.731365077864628
0.117861921043131,1,0.731365077864628
0.495955299821372,1,0.481282740107848
0.000207239375481332,1,0.988514201351109
15.2923477665809,1,9.20888045730095e-05
0.310245436282645,1,0.577529614887739
0.235327203893997,1,0.627601614814355
0.930697168883598,1,0.334681831689834
9.84159597877502,1,0.00170609409574873
0.735192239231043,1,0.391205341460776
0.656210155957727,1,0.417901097723707
0.0114972799228071,1,0.914610189284695
0.171296296296296,1,0.678962308510818
0.171296296296296,1,0.678962308510818
0.171296296296296,1,0.678962308510818
0.451616448302356,1,0.50156832676722
44.8573412892672,1,2.11924922055573e-11
4.57265946502057,1,0.0324860956265427
0.839335414257723,1,0.359586911853765
0.171296296296296,1,0.678962308510817
0.171296296296296,1,0.678962308510818
0.396349930569331,1,0.528980350898716
0.493948024207903,1,0.482171447122277
0.443692733564014,1,0.505345494078554
0.171296296296296,1,0.678962308510818
1.57337847485127,1,0.209717054850272
1.919758943711,1,0.16588323667367
1.62570764163294,1,0.202297771439771
0.0115796296296297,1,0.914306105368273
7.68763974700833,1,0.00556002938227029
0.171296296296296,1,0.678962308510818
13.1842384012429,1,0.000282313524010869
0.351880392038568,1,0.553050611047318
65.1354166666667,1,6.66133814775094e-16
0.143272405314445,1,0.705049230089236
9.29312529222186,1,0.00230015407960871
15.0688209929005,1,0.000103661434949109
0.724897959183674,1,0.394541974238978
5.64835351496673,1,0.0174717694555572
4.57265946502057,1,0.0324860956265427
8.26802136063586,1,0.00403494561929174
36.3476085670586,1,1.65081648351162e-09
0.547155575675268,1,0.459482259102442
3.57377564082107,1,0.0586987051218737
8.24592396694215,1,0.00408436129114631
11.3572622768427,1,0.000751535228539324
0.945560110803324,1,0.330852013654346
0.000207239375481332,1,0.988514201351109
0.235327203893997,1,0.627601614814355
0.171296296296296,1,0.678962308510818
0.117861921043131,1,0.731365077864628
0.376127786865783,1,0.539682899694139
6.55715235964705,1,0.0104463403692203
4.57265946502057,1,0.0324860956265427
0.0559440397351411,1,0.813025369202719
1.25076655195258,1,0.263406120513285
2.93340603304599,1,0.0867642662182807
0.656210155957727,1,0.417901097723707
0.0183471074380166,1,0.892254912290382
0.171296296296296,1,0.678962308510818
33.107130752405,1,8.72182714939385e-09
0.271406914763558,1,0.602389559742499
0.454407751439442,1,0.500249181732936
6.55715235964705,1,0.0104463403692203
1.51165618878881,1,0.218886540501116
0.201969196978914,1,0.653136040111586
0.215504107888074,1,0.642487124681046
0.858908907763101,1,0.354044206183144
7.32099777092729,1,0.00681535641106756
5.756818526742,1,0.0164247860778469
11.9935135135135,1,0.000533860425433463
0.493948024207903,1,0.482171447122277
1.25076655195258,1,0.263406120513285
1.85233620365594,1,0.173511924347315
0.443692733564014,1,0.505345494078554
2.75649387875832,1,0.096860305159773
66.4337068557346,1,3.33066907387547e-16
19.746999076639,1,8.84003908008246e-06
0.310245436282645,1,0.577529614887739
0.143272405314445,1,0.705049230089236
0.117861921043131,1,0.731365077864628
16.4787420874833,1,4.91986157279412e-05
84.4377236720927,1,0
0.443692733564014,1,0.505345494078554
6.03655020091589,1,0.0140126402417154
0.396349930569331,1,0.528980350898716
11.7353151065446,1,0.00061325200548723
16.1390800572394,1,5.88569271452455e-05
0.201969196978914,1,0.653136040111586
0.790323591230398,1,0.374002296559102
0.569580254176227,1,0.450425760402492
0.930697168883598,1,0.334681831689834
0.117861921043131,1,0.731365077864628
0.117861921043131,1,0.731365077864628
0.310245436282645,1,0.577529614887739
0.139944684753448,1,0.708336009315603
1.99910346961028,1,0.157392277460115
2.57152959572934,1,0.108802482120166
1.89086110140624,1,0.169104829930854
1.61017691100109,1,0.204466935652646
0.044416334833795,1,0.833080926484448
0.945560110803324,1,0.330852013654346
0.858908907763101,1,0.354044206183144
36.3385611506079,1,1.65849756150749e-09
1.33924026769724,1,0.247167992967929
0.286143879222742,1,0.592702286698314
0.143272405314445,1,0.705049230089236
4.67548950863299,1,0.0305959820798346
0.662589355735975,1,0.415647289013008
0.235327203893997,1,0.627601614814355
8.904912151279,1,0.00284404559884865
4.47823566477631,1,0.0343291425300905
4.05405405405405,1,0.044065400736827
0.81485200509549,1,0.366689631015489
7.44570100819044,1,0.00635881475442512
3.57520162848824,1,0.0586483285573902
1.51165618878881,1,0.218886540501116
2.05860082304527,1,0.151349086158637
63.8438102693565,1,1.33226762955019e-15
3.57571882031292,1,0.0586300688244709
15.5464587327517,1,8.0502299297347e-05
0.351880392038568,1,0.553050611047318
0.171296296296296,1,0.678962308510818
0.212687074829932,1,0.6446694053273
0.271406914763558,1,0.602389559742499
2.21481490308955,1,0.13669145539354
3.65569125868899,1,0.0558779631257278
60.9646615960047,1,5.77315972805081e-15
11.8562364130773,1,0.00057468567937502
0.396349930569331,1,0.528980350898716
1.57071633051035,1,0.210103015653811
0.945560110803324,1,0.330852013654346
1.89086110140624,1,0.169104829930854
0.143272405314445,1,0.705049230089236
0.891361039020316,1,0.345108745606736
2.35658402203857,1,0.124755105718347
0.956994184266911,1,0.327945354552966
0.156132410671437,1,0.69274256656496
3.22333303306578,1,0.0725956736976539
5.78316986927907,1,0.016180335360053
0.117861921043131,1,0.731365077864628
0.000207239375481332,1,0.988514201351109
0.547155575675268,1,0.459482259102442
0.201969196978914,1,0.653136040111586
26.9997606030309,1,2.03480661320476e-07
1.78845071588858,1,0.181115041764149
1.40904417318296,1,0.235215130732778
0.351880392038568,1,0.553050611047318
0.662589355735975,1,0.415647289013008
1.20101096931091,1,0.273119711702692
0.351880392038568,1,0.553050611047318
25.8211835144653,1,3.7455502233108e-07
0.0442738801231863,1,0.833344884437158
0.662589355735975,1,0.415647289013008
0.162162162162162,1,0.687173618309648
0.511353865600786,1,0.474553364645714
53.4100412895391,1,2.70672373403613e-13
5.84518333926664,1,0.0156197464435329
1.52666270077335,1,0.216614005669275
0.271406914763558,1,0.602389559742499
0.171296296296296,1,0.678962308510818
0.351880392038568,1,0.553050611047318
14.3100240740741,1,0.000155037095030952
0.603355719772691,1,0.437300523775819
0.235327203893997,1,0.627601614814355
0.143272405314445,1,0.705049230089236
0.271406914763558,1,0.602389559742499
0.310245436282645,1,0.577529614887739
0.493948024207903,1,0.482171447122277
0.00397899174639333,1,0.949703397704659
5.84518333926664,1,0.0156197464435329
29.8461604971248,1,4.67722214292365e-08
0.213687985625399,1,0.643892028121209
6.18742983940961,1,0.012866091395339
0.569580254176227,1,0.450425760402492
0.235327203893997,1,0.627601614814355
0.201969196978914,1,0.653136040111586
5.84518333926664,1,0.0156197464435329
0.117861921043131,1,0.731365077864628
0.724897959183674,1,0.394541974238978
11.2612612612613,1,0.000791414187996664
2.93340603304599,1,0.0867642662182807
0.00338576258244157,1,0.953599431915394
0.201969196978914,1,0.653136040111586
0.226490953763681,1,0.634138029287199
1.52666270077335,1,0.216614005669275
0.420383286483248,1,0.516745853714097
0.143272405314445,1,0.705049230089236
0.420383286483248,1,0.516745853714097
10.0920920920921,1,0.00148906952954853
2.89289403299574,1,0.0889709747745451
2.93340603304599,1,0.0867642662182807
10.6475550309333,1,0.00110216512557682
0.235327203893997,1,0.627601614814355
0.201969196978914,1,0.653136040111586
2.38886074956441,1,0.12220265611823
20.0424712504464,1,7.57411317175993e-06
73.5185811994007,1,0
0.143272405314445,1,0.705049230089236
1.00573224852071,1,0.315927435597613
0.171296296296296,1,0.678962308510818
15.8239213243147,1,6.95180410631435e-05
0.0418857783368659,1,0.837837654455057
0.547155575675268,1,0.459482259102442
0.104760476833947,1,0.746189981845332
0.351880392038568,1,0.553050611047318
1.94476934650198,1,0.16315162028933
0.271406914763558,1,0.602389559742499
0.000207239375481332,1,0.988514201351109
0.271406914763558,1,0.602389559742499
0.235327203893997,1,0.627601614814355
0.662589355735975,1,0.415647289013008
0.0236230735696108,1,0.877847866005715
0.235327203893997,1,0.627601614814355
0.201969196978914,1,0.653136040111586
2.24332325090533,1,0.134192299505998
3.26350096824885,1,0.0708377379092677
9.17112829664882,1,0.00245862943820296
1.51165618878881,1,0.218886540501116
0.271406914763558,1,0.602389559742499
0.235327203893997,1,0.627601614814355
1.20101096931091,1,0.273119711702692
1.33924026769724,1,0.247167992967929
0.235327203893997,1,0.627601614814355
