"chi^2","df","Pr(chi^2 >)"
7.3185652700206,1,0.00682458730352686
0.145336178007887,1,0.703032721447867
0.172114656571119,1,0.678239243231068
0.496394959681948,1,0.481088442997219
0.0711317207654038,1,0.789696067517315
0.171296296296296,1,0.678962308510818
4.24920318865256,1,0.0392687510014945
0.794328565924239,1,0.37279446312431
0.881223567858516,1,0.347866772965448
1.52666270077335,1,0.216614005669275
0.203917094921817,1,0.651577485720653
2.35658402203857,1,0.124755105718347
0.120126077277436,1,0.728897788793905
31.1196389924945,1,2.42604382139078e-08
0.311754722387533,1,0.57660540847686
0.0817307692307692,1,0.774965484737705
0.331077115428572,1,0.565025530781819
37.1283277569915,1,1.10605202774394e-09
0.654706551020408,1,0.418434973723109
0.311754722387533,1,0.57660540847686
2.33950961662099,1,0.126129253845469
2.24423518567701,1,0.134113203724127
12.3904670332529,1,0.000431531306547717
0.202938475665748,1,0.652359375013656
0.00232228797881371,1,0.961564721548892
1.0486,1,0.305829739866878
0.90681559855844,1,0.340960748291733
0.549878414136684,1,0.458367378301643
16.6051847529641,1,4.60250293360387e-05
0.612495377218935,1,0.433849800604659
0.63525,1,0.425436093395749
0.237607176706562,1,0.625939704532432
0.26344227958668,1,0.607765064336716
1.52428412208505,1,0.216972327293199
2.93340603304599,1,0.0867642662182807
17.0844444444444,1,3.57539594024736e-05
0.0954776013526126,1,0.757325710212382
0.153440024386526,1,0.695269387430052
16.2807078646214,1,5.46172017303892e-05
0.316371882086168,1,0.573796212550348
2.11541099182823,1,0.145822901649326
1.0896528677544,1,0.296548134939702
0.794328565924239,1,0.37279446312431
2.00479780944335,1,0.156802199885133
3.29060358203154,1,0.0696774040191309
0.595189348586763,1,0.440419416566782
0.371766499009297,1,0.542042945924238
0.360649609808556,1,0.548145680038247
0.665916689925439,1,0.414478867488544
0.666554395780177,1,0.414255486925704
4.40261748958953,1,0.0358838152822449
0.759096987199623,1,0.383611265993323
0.202938475665748,1,0.652359375013656
4.48844646637539,1,0.0341246748713805
28.9678497942387,1,7.35895685499699e-08
122.673236046337,1,0
0.519847795838564,1,0.470906615169438
10.6886734693878,1,0.00107793472697382
0.237607176706562,1,0.625939704532432
0.642695173307418,1,0.422736517707832
0.890476423880012,1,0.345348234220045
0.00473922902494334,1,0.945115339600976
0.202938475665748,1,0.652359375013656
1.36376850531479,1,0.242885433009869
2.89374071390111,1,0.0889242383036145
1.81931573671084,1,0.177394748072494
10.3264618690675,1,0.00131136350948591
0.407957693276252,1,0.523007923890729
11.9708897890485,1,0.000540381310983662
19.9064382745589,1,8.13259851395465e-06
0.3536,1,0.552082297766469
13.4043937927134,1,0.000251035574313385
2.33950961662099,1,0.126129253845469
13.8218755300203,1,0.000200982522088333
1.37696999285317,1,0.240617942747162
6.13804465253494,1,0.0132303535375133
1.01611839004619,1,0.313441510681954
1.29088749448076,1,0.255884461143551
0.298103019716727,1,0.585074108160998
0.35709006381142,1,0.550126797900178
0.520759958531937,1,0.470517685253892
12.1398047864442,1,0.000493569422972628
5.65844237886386,1,0.017371543904888
16.7245180620725,1,4.32188374135389e-05
0.117861921043131,1,0.731365077864628
0.552628431143591,1,0.457245703064265
0.202938475665748,1,0.652359375013656
1.786285713161,1,0.181379367522539
0.398295656817373,1,0.527970765772683
2.34355618995925,1,0.125802071307087
0.172940868198096,1,0.677511281924434
0.564299465309186,1,0.4525330911137
0.0212578038551974,1,0.884078832299616
0.0410879629629631,1,0.839368225627941
4.49039542418832,1,0.0340857925669951
9.2761196695573,1,0.00232160727360087
0.00325963718820866,1,0.954470927377775
0.697433473672427,1,0.403647430409131
0.173775044634001,1,0.676778369226918
0.575657752957041,1,0.448019394248268
4.13216670336914,1,0.0420754463905114
1.11385459533608,1,0.291245577338662
6.15554034623112,1,0.0131001088945483
0.0745320082658646,1,0.784848980361884
2.45758522984385,1,0.116958464256277
7.11939824044993,1,0.00762542968584257
0.821666474197325,1,0.364693378106176
0.311754722387533,1,0.57660540847686
0.413733575766471,1,0.52008054694373
0.679566187744567,1,0.409736145826029
0.136407947598755,1,0.711878438747478
0.0790197474798318,1,0.778630239466219
0.872160429823735,1,0.350357903929343
1.31192437109438,1,0.252046532888187
5.20393326722178,1,0.0225358391757995
0.718367346938775,1,0.396679971652829
0.112498730981657,1,0.737317104052233
0.272721289537046,1,0.601512122481903
0.535936891947589,1,0.464121505368679
1.20294052127423,1,0.272734753963109
0.590620206004822,1,0.442179389075622
0.0384297546935704,1,0.844582704599966
0.172940868198096,1,0.677511281924434
3.03476360936543,1,0.0814984196665933
1.56576366246696,1,0.210823300739516
0.143272405314445,1,0.705049230089236
47.3741413470134,1,5.86508619448978e-12
0.402244897959184,1,0.525932169596187
0.201969196978914,1,0.653136040111586
0.572674897119342,1,0.449197937118284
0.180486137810244,1,0.670955793865932
0.503883136094674,1,0.477798856973996
1.75719135802469,1,0.184975226599684
5.87550767106587,1,0.0153529452422
6.25402476167873,1,0.0123911446686699
68.5738238223567,1,1.11022302462516e-16
0.271406914763558,1,0.602389559742499
9.52875996576731,1,0.00202276745973384
1.00573224852071,1,0.315927435597613
0.172940868198096,1,0.677511281924434
16.2916599485832,1,5.43024284372917e-05
1.69730741110963,1,0.192640485803421
0.934869470530232,1,0.333600784693876
0.693785442924961,1,0.404879788011583
10.487002163022,1,0.00120217271798095
0.314817726466162,1,0.574738773656348
0.459475139266284,1,0.49786936971319
0.858908907763101,1,0.354044206183144
2.08095720797756,1,0.149146621838877
0.0019738065233154,1,0.9645636076618
5.49836388810122,1,0.0190342745680013
1.04675925701236,1,0.306254641418065
1.69234289783674,1,0.193292411417457
1.74304625367725,1,0.186753308707057
0.172940868198096,1,0.677511281924434
21.8909656871582,1,2.88589376884474e-06
26.133107662876,1,3.1867278815767e-07
0.203967373438527,1,0.651537375648443
4.07670901369785,1,0.0434782627143769
1.68718676315978,1,0.193972231207586
0.272721289537046,1,0.601512122481903
3.02619658064214,1,0.0819298640693482
0.3536,1,0.552082297766469
0.209992742052548,1,0.646773092768691
0.271406914763558,1,0.602389559742499
0.628357882986726,1,0.427958293678484
1.75719135802469,1,0.184975226599684
0.118419924554184,1,0.730754567318302
0.547627294586227,1,0.45928880416029
1.48600087475497,1,0.222837984869769
0.389477513634533,1,0.532574170637627
0.406273113905325,1,0.523867212585899
0.398295656817373,1,0.527970765772683
1.8614383112368,1,0.172458890278901
58.2074616592602,1,2.35367281220533e-14
0.273930933301966,1,0.600706975247393
1.11204999963279,1,0.291636757900232
7.42424242424243,1,0.00643509123155916
2.85740662730393,1,0.0909540299822198
1.17869747138332,1,0.277621324072216
1.39740842771146,1,0.237157966631405
0.511600237953599,1,0.474446944675241
1.29782476240727,1,0.254610938347043
0.884797108437192,1,0.34689114769241
3.85780718593173,1,0.0495150023550928
0.448090453111864,1,0.503243165352676
3.1201087938056,1,0.0773316203704426
0.297185478701707,1,0.585652276539716
0.118419924554184,1,0.730754567318302
20.838491739466,1,4.996856032502e-06
0.794328565924239,1,0.37279446312431
0.890476423880012,1,0.345348234220045
0.00123163205927489,1,0.972004294725696
9.1234056122449,1,0.00252359727362594
0.144641683103222,1,0.70370947119751
2.95960607395416,1,0.0853687368104769
3.39962921984256,1,0.065211075858204
0.235327203893997,1,0.627601614814355
0.0384297546935704,1,0.844582704599966
0.211171498088413,1,0.645850741364216
9.31150793650793,1,0.00227718984295044
0.400260551200557,1,0.526954728068088
0.498866213151928,1,0.479998722325441
0.561045676529733,1,0.453839230200982
4.41970291368925,1,0.0355262212439251
1.19636811326562,1,0.274048785610033
1.87608450979744,1,0.170779836861159
2.97946142136043,1,0.0843273287023287
0.00546647230320699,1,0.941061632119893
0.124378109452736,1,0.724333747231756
0.400260551200557,1,0.526954728068088
1.71621916323577,1,0.19018044999886
0.448090453111864,1,0.503243165352676
1.09530490584356,1,0.295298795023814
2.55374350053597,1,0.11003326349672
0.23876379494482,1,0.625100396245646
0.203917094921817,1,0.651577485720653
0.351880392038568,1,0.553050611047318
88.0636252328986,1,0
27.8797017101099,1,1.29097005197032e-07
0.238656448650896,1,0.625178186727705
0.997041140710587,1,0.318027525967151
0.172114656571119,1,0.678239243231068
2.85566796127581,1,0.0910524123161712
0.426439640945135,1,0.513741153552123
0.549878414136684,1,0.458367378301643
0.114380040448712,1,0.735211584129037
0.478942477167121,1,0.48890172185964
9.14415504070206,1,0.00249513836966153
0.244719830101053,1,0.620817795473868
0.00473922902494334,1,0.945115339600976
0.547627294586227,1,0.45928880416029
1.9997574784727,1,0.157324377465452
8.16946494692162,1,0.00426014720260437
1.92700946993477,1,0.165085995582647
0.00478458049886623,1,0.944853775390433
1.12510511219704,1,0.288821840832161
1.28239873235863,1,0.257453507594427
0.93545652489476,1,0.333449052871041
0.310245436282645,1,0.577529614887739
3.55615489008756,1,0.059325011702402
0.171296296296296,1,0.678962308510818
56.8067033976125,1,4.80726569662693e-14
0.0121673310151279,1,0.912166995994163
2.87573562698053,1,0.0899238749412309
12.497052154195,1,0.000407594653401011
6.77575821995465,1,0.00924042279747894
4.33542330994898,1,0.0373271330106547
5.32389739914599,1,0.0210349133475541
67.4227669455278,1,2.22044604925031e-16
0.454852663666715,1,0.500039464757587
1.81491124260355,1,0.177920201411599
0.498866213151928,1,0.479998722325441
0.0110597832552737,1,0.916244482626449
0.0574967064734465,1,0.81049716197053
4.38812998919545,1,0.0361899861538838
2.89374071390111,1,0.0889242383036145
0.120294300332581,1,0.728715516079876
1.804872969596,1,0.179124491260357
0.586223961101074,1,0.443883015517772
0.144641683103222,1,0.70370947119751
12.2588516525476,1,0.000463056379694904
2.27128229567564,1,0.131790818420928
71.9255988761952,1,0
0.621915526472338,1,0.430336353854369
0.272721289537046,1,0.601512122481903
0.172940868198096,1,0.677511281924434
0.117861921043131,1,0.731365077864628
0.72855474920446,1,0.393352051998465
0.147589408312345,1,0.700849732431149
6.16522977694168,1,0.013028544932855
0.173775044634001,1,0.676778369226918
0.0443394939109264,1,0.833223251976617
0.117861921043131,1,0.731365077864628
0.175631917319499,1,0.675154291677332
0.235327203893997,1,0.627601614814355
0.299892263277552,1,0.583949969894126
0.96,1,0.327186877790306
0.214297364433127,1,0.64341982357151
14.1291021317437,1,0.000170682628552354
0.171296296296296,1,0.678962308510818
0.310245436282645,1,0.577529614887739
2.37139219183511,1,0.123576800837929
7.27875171467764,1,0.00697750068469238
0.234122545756215,1,0.628483729165182
0.0302278911878635,1,0.861974152071419
0.235327203893997,1,0.627601614814355
0.400260551200557,1,0.526954728068088
0.0954776013526126,1,0.757325710212382
0.30581135734072,1,0.580261950679748
41.0693876442775,1,1.46919587606931e-10
0.118419924554184,1,0.730754567318302
1.5935994228143,1,0.206812629612015
0.236461699711765,1,0.626773423557178
3.61453408707207,1,0.05727676298767
6.72945625153181,1,0.00948335045039672
0.201969196978914,1,0.653136040111586
0.416705088694217,1,0.518585736573626
0.876668649613325,1,0.349115735692165
3.53547982466306,1,0.060068951525965
3.95085066162531e-05,1,0.994984866377282
0.00340352233417444,1,0.953478033456978
1.41728559913685,1,0.233850697289754
0.3536,1,0.552082297766469
10.119092004537,1,0.00146741273599826
3.37149725195508,1,0.0663334447742084
0.274048442906574,1,0.600628880788515
0.45257606864149,1,0.501114152334699
109.873681359691,1,0
2.38530305966953,1,0.122481137638797
0.172114656571119,1,0.678239243231068
3.30582556244486,1,0.0690346488913695
0.272721289537046,1,0.601512122481903
0.0963861313511663,1,0.756210291696511
0.718367346938775,1,0.396679971652829
0.609418282548477,1,0.435006921134963
0.410382693939108,1,0.521775328931297
0.327892254396311,1,0.566902848758879
4.48166997376975,1,0.0342602291735121
0.235327203893997,1,0.627601614814355
19.5446286415614,1,9.82766708534921e-06
15.8088077898992,1,7.00755399732911e-05
1.34854444257042,1,0.245532740563247
0.701606878698225,1,0.402244285939815
0.274048442906574,1,0.600628880788515
0.272721289537046,1,0.601512122481903
27.1406237869441,1,1.89180494269969e-07
5.47140616863283,1,0.0193300666978427
15.3225644621599,1,9.06275079338714e-05
1.62384160440381,1,0.202556961613463
2.93754969556362,1,0.0865419228009463
0.173775044634001,1,0.676778369226918
0.235327203893997,1,0.627601614814355
11.1684375,1,0.000832006684692743
0.697433473672427,1,0.403647430409131
1.01297813153984,1,0.314190426525132
0.471452291963359,1,0.492319803993571
0.609418282548477,1,0.435006921134963
10.8182876036241,1,0.00100502400857827
0.398295656817373,1,0.527970765772683
5.40564476034442,1,0.0200717329721944
20.190147055195,1,7.01131403402222e-06
5.72402390684093,1,0.0167343363294639
0.143272405314445,1,0.705049230089236
10.5644643070337,1,0.00115282438275865
0.469007259449907,1,0.493444230441254
0.175467756788931,1,0.675297463794829
8.64,1,0.00328861430384797
0.0763419024039541,1,0.782317360717501
54.5739619377163,1,1.49658063719471e-13
25.3942048711288,1,4.6731986746984e-07
0.749014281221212,1,0.386788494715235
0.660000727996312,1,0.416559686266863
0.406273113905325,1,0.523867212585899
1.65059880996341,1,0.198877449453646
6.07827825837796,1,0.0136854088709549
70.1969437510677,1,0
0.609418282548477,1,0.435006921134963
0.0261289069255713,1,0.87158590341115
0.000359628833466909,1,0.984869917941132
0.310245436282645,1,0.577529614887739
1.0321046373365,1,0.309664861020709
8.68665531830104,1,0.00320548317692104
0.0659727640114179,1,0.797293305448766
3.85714285714286,1,0.0495346134356268
0.819468672252567,1,0.365335559371795
2.33950961662099,1,0.126129253845469
0.0278482076737565,1,0.867466183446792
1.29782476240727,1,0.254610938347043
0.398295656817373,1,0.527970765772683
0.360649609808556,1,0.548145680038247
0.00841614249221,1,0.926904984521876
18.4947046385843,1,1.70377017333356e-05
4.89260258359918,1,0.0269719978493114
0.406529005236692,1,0.523736523487384
0.74355740630577,1,0.388523691651806
0.0319122090109157,1,0.858220473407978
0.171296296296296,1,0.678962308510818
0.323482267538212,1,0.569522406656532
3.63247863247863,1,0.0566623700744892
0.319526627218935,1,0.571892263597918
0.724897959183674,1,0.394541974238978
5.42180056174701,1,0.0198868412921797
0.171296296296296,1,0.678962308510818
0.274048442906574,1,0.600628880788515
2.71914776716218,1,0.0991509415275725
3.29682853750919,1,0.069413781678252
2.62447917007346,1,0.105227028072436
1.47171592937909,1,0.225075153749679
3.34711481261154,1,0.0673229165316939
0.311754722387533,1,0.57660540847686
0.172114656571119,1,0.678239243231068
6.88436240036844,1,0.00869530796351292
0.201969196978914,1,0.653136040111586
17.1694052476661,1,3.41898709674826e-05
12.825841174775,1,0.000341864778947487
3.89698502218935,1,0.0483728436011148
0.172114656571119,1,0.678239243231068
0.00248775595460339,1,0.960220079690057
0.275388561943564,1,0.59973977075218
0.235327203893997,1,0.627601614814355
0.411282211941334,1,0.521319421672628
1.9996258237686,1,0.157338043339252
3.20595878967361,1,0.0733704931525566
0.877907391383154,1,0.348775469246163
2.06544567461062,1,0.150670874533788
0.669277527618193,1,0.413303607206438
0.201969196978914,1,0.653136040111586
3.70055645404457,1,0.0543943246626869
12.294139785599,1,0.000454382746959414
1.6908589664017,1,0.193487777199322
0.355336474243974,1,0.551107715811613
0.410226542555681,1,0.521854543705064
2.43506089461612,1,0.118649287315616
3.65569125868899,1,0.0558779631257278
26.6412564511735,1,2.44956804396068e-07
2.56140364045787,1,0.109501322759087
0.235327203893997,1,0.627601614814355
0.238656448650896,1,0.625178186727705
103.934351397737,1,0
0.176326530612245,1,0.674549355869586
12.2646604938272,1,0.000461617193714625
0.00077319763197425,1,0.977816536363551
8.31368129782675,1,0.00393475606632243
37.1283277569915,1,1.10605202774394e-09
0.78125,1,0.376759117811582
5.02077208921217,1,0.0250449992133114
0.885256965596379,1,0.346765870048719
11.8264880732042,1,0.000583940278086947
0.204905190311419,1,0.650790313598794
5.46314645997563,1,0.0194216435620415
2.30538168770853,1,0.128926606956954
0.375992954203976,1,0.539755579861658
0.203917094921817,1,0.651577485720653
0.310245436282645,1,0.577529614887739
5.41093264591183,1,0.0200110219707563
0.794328565924239,1,0.37279446312431
1.97476158575513,1,0.159943352251497
0.274048442906574,1,0.600628880788515
48.8440845881958,1,2.77144973637178e-12
2.26180593908524,1,0.132599349228265
17.4236363636364,1,2.99083634457409e-05
1.83180555555556,1,0.175914431063563
37.0606018730489,1,1.14514253635178e-09
0.273930933301966,1,0.600706975247393
0.36798560505975,1,0.544104338575052
0.551241313735022,1,0.457810937173999
0.140480972167927,1,0.707803328341366
3.25586761047394,1,0.071168264926403
0.172114656571119,1,0.678239243231068
35.9016032849071,1,2.07537864671536e-09
50.8456637556887,1,9.99200722162641e-13
4.54523466137852,1,0.0330104971295885
0.421029182445979,1,0.516423948503477
38.5506645966648,1,5.3350601714186e-10
9.03716925830953,1,0.00264544952754853
0.0252461242683061,1,0.873755310936582
22.6663510848126,1,1.92713252322729e-06
1.12446440009701,1,0.288959179991218
2.11427682209144,1,0.145930974462684
11.1408183395972,1,0.000844486279082624
3.11393183337046,1,0.0776253603394372
0.566800772353106,1,0.451533012203512
0.118983234180638,1,0.730139880923261
10.9195916935475,1,0.000951525786760388
19.9314169385548,1,8.02703611524347e-06
1.74467892556975,1,0.186547066313955
0.171296296296296,1,0.678962308510818
2.4941862479869,1,0.114267424598878
0.235327203893997,1,0.627601614814355
0.493948024207903,1,0.482171447122277
21.7848797170004,1,3.04994276900672e-06
0.203917094921817,1,0.651577485720653
0.274048442906574,1,0.600628880788515
1.56577760627539,1,0.21082126873519
1.567825,1,0.210523157765067
0.144641683103222,1,0.70370947119751
7.77517700662295,1,0.00529690258458648
6.1682107094486,1,0.013006609366331
0.609418282548477,1,0.435006921134963
0.130718682671591,1,0.71768804489855
0.143953790085109,1,0.704381623503203
0.0422894413690261,1,0.837069030371338
0.0650779265161519,1,0.798642962965246
10.875185975005,1,0.000974612420235332
3.60927046468863,1,0.057458319739757
0.203967373438527,1,0.651537375648443
2.01719359612949,1,0.155526353691586
0.274048442906574,1,0.600628880788515
0.146037370242214,1,0.702351321703865
0.72855474920446,1,0.393352051998465
3.58606682090866,1,0.058265993938753
6.10351177666798,1,0.0134913514174276
0.443692733564014,1,0.505345494078554
0.146083491550758,1,0.702306568021058
20.23645197004,1,6.84363951808376e-06
0.735979836168872,1,0.390951731157395
0.204905190311419,1,0.650790313598794
6.06420927467301,1,0.0137948502073013
0.311754722387533,1,0.57660540847686
24.6795908323384,1,6.76972863100644e-07
1.65184811186572,1,0.198707579743209
1.47318837415066,1,0.224843313092558
0.506429554948773,1,0.476688572710798
0.203917094921817,1,0.651577485720653
0.497138397502602,1,0.480760191271803
4.79130828429153,1,0.0286036926988469
0.358861022664487,1,0.549139475745601
0.731738667437112,1,0.392320198615673
2.91357056404534,1,0.0878372127095044
44.24946378621,1,2.89083201820972e-11
0.592933180934657,1,0.441287112072486
0.445880768349457,1,0.504297630854606
0.718367346938775,1,0.396679971652829
2.46677053270641,1,0.116276613101039
1.09370433240997,1,0.295651903606878
1.9875529304,1,0.158596977334417
1.16755857898715,1,0.279903455213856
0.402244897959184,1,0.525932169596187
0.0448821732612505,1,0.832220835623417
0.985861240185868,1,0.320756031741128
2.8540982035994,1,0.0911413362273646
18.6565911357341,1,1.56505295668685e-05
0.313278746885013,1,0.575675150015983
2.93340603304599,1,0.0867642662182807
1.55109793157534,1,0.212973429618494
1.41680737846944,1,0.233929608485912
0.235327203893997,1,0.627601614814355
0.950030188724362,1,0.329711613152337
0.28654021328014,1,0.592446221508453
0.411687327735127,1,0.52111432453798
15.3178854725856,1,9.08522503796361e-05
0.547627294586227,1,0.45928880416029
0.118983234180638,1,0.730139880923261
35.8163265306123,1,2.1682328155137e-09
33.168188458729,1,8.45220460288232e-09
0.024299531974708,1,0.876125189180398
0.172940868198096,1,0.677511281924434
2.32244213763937,1,0.127519682625872
0.0387145359172821,1,0.844015278321445
0.509001790932227,1,0.475571292700334
4.59275576412029,1,0.0321073517257424
0.3536,1,0.552082297766469
3.52397673392028,1,0.0604871517865989
0.143953790085109,1,0.704381623503203
0.347036726293281,1,0.555795379726186
1.5849833775187,1,0.208044335981534
0.506429554948773,1,0.476688572710798
0.72855474920446,1,0.393352051998465
0.35709006381142,1,0.550126797900178
0.921635851082536,1,0.337045817482167
1.78512396694215,1,0.181521389526096
0.363021069576741,1,0.54683317935004
3.59538302342767,1,0.0579402752997474
7.16388151447874,1,0.00743860578892053
0.171296296296296,1,0.678962308510818
0.0634687553137782,1,0.801095123989488
0.1910888029612,1,0.662011957124044
6.93650840029219,1,0.00844538105731896
0.404248986973741,1,0.524903021170022
0.3536,1,0.552082297766469
0.0422894413690261,1,0.837069030371338
0.375625773471558,1,0.539953595824319
0.286599979474672,1,0.592407627282959
0.145336178007887,1,0.703032721447867
1.49882352941176,1,0.220852469896346
0.00513290976842407,1,0.942884961861769
0.278108463724859,1,0.597943685074941
0.132928213966517,1,0.71541507878574
0.143953790085109,1,0.704381623503203
0.172114656571119,1,0.678239243231068
6.5077076707363,1,0.0107407882282536
0.0963861313511663,1,0.756210291696511
0.317941439069618,1,0.57284739883216
88.6311119983056,1,0
2.8540982035994,1,0.0911413362273646
17.7903801722327,1,2.46627042194136e-05
0.23876379494482,1,0.625100396245646
0.206910364983271,1,0.64919988170416
1.17869747138332,1,0.277621324072216
20.63359375,1,5.56116883698721e-06
0.0875829294404354,1,0.767272747098913
2.8423268698061,1,0.0918111735599297
0.143272405314445,1,0.705049230089236
0.172114656571119,1,0.678239243231068
0.72855474920446,1,0.393352051998465
4.47823566477631,1,0.0343291425300905
1.02672049211842,1,0.310930176314315
0.143272405314445,1,0.705049230089236
0.945122276093558,1,0.330963995529574
2.22426283032344,1,0.135857487174341
0.314817726466162,1,0.574738773656348
0.279488639304384,1,0.597036576619995
0.82350080920174,1,0.364158595791443
0.0580414146847713,1,0.809618780435356
0.450322110263669,1,0.502182029023051
1.01611839004619,1,0.313441510681954
0.314817726466162,1,0.574738773656348
0.271406914763558,1,0.602389559742499
14.1950432530781,1,0.000164804071791314
0.23876379494482,1,0.625100396245646
14.3360307124845,1,0.00015291006057494
63.6094176746645,1,1.55431223447522e-15
0.566800772353106,1,0.451533012203512
0.174617301530794,1,0.676040448896426
0.204764258299783,1,0.65090244794058
1.33731416570083,1,0.247508176408892
0.547155575675268,1,0.459482259102442
1.1330789686669,1,0.287119540987054
0.289546761571095,1,0.590511122571517
12.0575554993744,1,0.000515828875973567
24.2218555097332,1,8.5852494291494e-07
0.410382693939108,1,0.521775328931297
0.002410277354343,1,0.960843926232597
0.274048442906574,1,0.600628880788515
1.37501546991411,1,0.240952022235918
0.00699843754283053,1,0.933329412899628
0.23876379494482,1,0.625100396245646
0.651993960849646,1,0.419400687396252
0.172940868198096,1,0.677511281924434
0.270153285295196,1,0.603228965772761
0.316371882086168,1,0.573796212550348
2.86869032368515,1,0.090318340217452
0.275388561943564,1,0.59973977075218
0.235327203893997,1,0.627601614814355
0.450322110263669,1,0.502182029023051
0.830333662064432,1,0.362176064891231
0.291776921617515,1,0.589084080930983
19.1896335912972,1,1.18354372394824e-05
0.119551925932396,1,0.729520970922985
0.052734375,1,0.818371783462987
4.6896654057222,1,0.0303445557366084
5.79179267421692,1,0.0161011620648418
0.119551925932396,1,0.729520970922985
0.0011467829303739,1,0.972985454149499
0.143479387682449,1,0.704846241467558
0.558211641747713,1,0.454981697987257
1.17787031528852,1,0.277789983836083
11.3253511945239,1,0.000764560659820668
0.274048442906574,1,0.600628880788515
0.179872890642122,1,0.671482499064386
0.533182947345484,1,0.465271747789623
1.0486,1,0.305829739866878
1.43481333513484,1,0.230980503133309
0.463893071941317,1,0.49581013912193
0.236461699711765,1,0.626773423557178
6.8604961703843,1,0.00881220760511015
0.239931717616406,1,0.624255436244986
2.66757862417824,1,0.102411725835595
0.0835626643935642,1,0.772526222890101
3.58606682090866,1,0.058265993938753
1.36770904813254,1,0.242205891211101
22.9916326530612,1,1.62708034157077e-06
0.614521133054199,1,0.433090584239031
0.171296296296296,1,0.678962308510818
0.000317298023221098,1,0.985788144654738
0.35709006381142,1,0.550126797900178
0.201969196978914,1,0.653136040111586
3.44743803416445,1,0.0633498936763918
4.3464919230685,1,0.0370852616603299
1.804872969596,1,0.179124491260357
0.143953790085109,1,0.704381623503203
0.171296296296296,1,0.678962308510818
0.396349930569331,1,0.528980350898716
2.95595845508457,1,0.0855615613410395
0.203917094921817,1,0.651577485720653
0.396349930569331,1,0.528980350898716
0.371999708854736,1,0.541916268174444
0.143272405314445,1,0.705049230089236
0.235327203893997,1,0.627601614814355
0.0390532544378699,1,0.843343197265092
4.95531433954648,1,0.0260105957601083
0.836722522190992,1,0.360335816592721
0.622245897542691,1,0.430213918849211
1.38736441115703,1,0.238850692164228
7.68904802881099,1,0.00555569247054843
1.29192783983256,1,0.255692978098111
0.398295656817373,1,0.527970765772683
3.63247863247863,1,0.0566623700744892
1.71576677693762,1,0.190238866914141
0.272721289537046,1,0.601512122481903
0.473922902494331,1,0.491187964201909
36.7419791354517,1,1.34844269084056e-09
0.426473327660827,1,0.513724526030279
0.366123809354669,1,0.545124742744029
0.740666259175912,1,0.389447535114058
0.171428571428572,1,0.678845299424318
1.66619589012075,1,0.196768839308981
0.126306091817194,1,0.722293182184601
2.41451039776129,1,0.120215550227496
2.3190611749376,1,0.127797136898448
3.50985305744558,1,0.0610048660917308
4.40816326530612,1,0.0357673324220088
0.398295656817373,1,0.527970765772683
8.12485866805866,1,0.00436623875388142
5.84518333926664,1,0.0156197464435329
4.51781329761939,1,0.0335436778597062
0.803787028700098,1,0.369963516694642
0.85749972837914,1,0.354439321954939
0.657869470343186,1,0.417313109463126
0.990340799871073,1,0.31965909429396
3.20016512479932,1,0.0736308356046872
0.000780635863394177,1,0.977710115923716
0.72677186047034,1,0.393931559584778
15.8212718573872,1,6.96154494905787e-05
0.0227242700488835,1,0.880176311327385
15.486598612251,1,8.30922856729366e-05
0.914478600324667,1,0.338928900168473
0.73974926948817,1,0.389741207871165
2.53443528625529,1,0.111386730878029
1.35332564398308,1,0.244697563650438
5.55115436849253,1,0.0184685028753131
0.156957437901317,1,0.691973319276686
38.8899027970641,1,4.48393877583442e-10
0.684485929913687,1,0.408046277038173
0.117861921043131,1,0.731365077864628
1.26004483243952,1,0.261642604590528
0.000198202737885285,1,0.988767393629796
5.72402390684093,1,0.0167343363294639
0.892737332143292,1,0.344736593359559
0.407957693276252,1,0.523007923890729
7.15932200401155,1,0.00745753799670446
4.68135127314815,1,0.0304917544229183
0.220636794662769,1,0.638555140599373
21.2748344598015,1,3.97921339534424e-06
6.24606786901536,1,0.0124469315436844
0.203917094921817,1,0.651577485720653
3.613960481866,1,0.0572965185954475
0.669277527618193,1,0.413303607206438
0.35709006381142,1,0.550126797900178
17.6078279590963,1,2.71468617865089e-05
0.612495377218935,1,0.433849800604659
0.538931099245353,1,0.462876051441088
8.98630806546317,1,0.00272010005118073
0.290217034122594,1,0.590081483284714
0.909575553514948,1,0.340227061938467
0.203938547194407,1,0.651560371277639
1.10030344925647,1,0.294199519529106
10.5024342928474,1,0.00119217380596337
9.72943338179233,1,0.00181340382457629
0.171296296296296,1,0.678962308510818
18.5151774691358,1,1.6855669067839e-05
0.208955138047835,1,0.647587591478214
0.448090453111864,1,0.503243165352676
0.118419924554184,1,0.730754567318302
13.418945699564,1,0.000249095659848098
0.498866213151928,1,0.479998722325441
1.68803076430059,1,0.193860761301031
0.647219308202612,1,0.421108607253115
0.202938475665748,1,0.652359375013656
3.43461829176115,1,0.0638433365069403
26.6127630662568,1,2.48596081831032e-07
0.450322110263669,1,0.502182029023051
0.606371882086168,1,0.436157140100994
0.987654320987654,1,0.320316355492068
0.650773646992929,1,0.419836216327729
0.414576124567474,1,0.519655935937996
0.272721289537046,1,0.601512122481903
5.756818526742,1,0.0164247860778469
0.3536,1,0.552082297766469
96.1912604057957,1,0
4.33403788702463,1,0.0373575234237874
0.107638935477763,1,0.742848353519821
9.24087003096653,1,0.00236672476661148
5.83378587127159,1,0.0157212553287371
54.4492628619305,1,1.59539048638635e-13
0.274048442906574,1,0.600628880788515
12.6142109687682,1,0.000382825100483819
0.630188829664736,1,0.427286058407063
0.171296296296296,1,0.678962308510818
5.72402390684093,1,0.0167343363294639
0.235327203893997,1,0.627601614814355
2.2,1,0.13801073756866
0.93613086786374,1,0.33327487385371
1.51011571091241,1,0.219121430763888
17.340492805109,1,3.12457464791693e-05
0.426534417774251,1,0.513694374776996
6.95411151653382,1,0.00836268195334244
3.49329884353553,1,0.0616176841405559
1.05989184777064,1,0.30323985326075
0.171296296296296,1,0.678962308510818
1.44631117604091,1,0.229120779034297
3.28000286851447,1,0.0701288064170843
0.618743519653125,1,0.431514585424926
0.0329418473871824,1,0.855976003651911
15.6686003781381,1,7.54666933812098e-05
0.255997653691106,1,0.612883251159946
0.946259492092432,1,0.33067324246767
62.2699616064624,1,2.99760216648792e-15
0.35709006381142,1,0.550126797900178
1.55941684611767,1,0.211750625634198
1.16185753707665,1,0.281080636482032
45.151059244856,1,1.82407422499864e-11
3.04176223541856,1,0.0811477806765991
0.316371882086168,1,0.573796212550348
0.1910888029612,1,0.662011957124044
0.0907193434236437,1,0.763264643626935
0.00167783332766501,1,0.967326697183773
0.102732925150214,1,0.748574343355276
0.311754722387533,1,0.57660540847686
0.274048442906574,1,0.600628880788515
1.09530490584356,1,0.295298795023814
0.445880768349457,1,0.504297630854606
44.2200372837194,1,2.93461921430094e-11
1.84789283283382,1,0.174028669391416
0.947599603296741,1,0.330331051151912
0.414576124567474,1,0.519655935937996
0.371082391368645,1,0.542414862497074
1.05898108727283,1,0.303447690376857
0.201969196978914,1,0.653136040111586
0.100576258559756,1,0.751139194148806
0.22901506464305,1,0.63225510679206
11.7652551775148,1,0.000603466088597182
0.204905190311419,1,0.650790313598794
0.118419924554184,1,0.730754567318302
6.06614090734333,1,0.0137797710551429
0.310245436282645,1,0.577529614887739
0.118192773593975,1,0.73100289822465
0.651993960849646,1,0.419400687396252
0.466878789614655,1,0.494426586501814
4.51781329761939,1,0.0335436778597062
34.312355990367,1,4.69392191781992e-09
2.02117000596927,1,0.155119578993014
0.950030188724362,1,0.329711613152337
1.86448467360278,1,0.17210809570779
0.203917094921817,1,0.651577485720653
9.33419093337842,1,0.0022491737197724
3.82303323167688,1,0.0505526443756223
0.00024996843832849,1,0.987385659291197
0.790323591230398,1,0.374002296559102
9.27879866519548,1,0.00231821420276845
0.299892263277552,1,0.583949969894126
5.00155672903758,1,0.0253245310515796
0.205902900032974,1,0.649997799092183
6.77694416741645,1,0.00923428501340329
0.203917094921817,1,0.651577485720653
2.86549707602339,1,0.0904977476099096
0.144641683103222,1,0.70370947119751
5.24089129780187,1,0.0220619681924965
14.220125433095,1,0.000162621941021901
0.794328565924239,1,0.37279446312431
0.558211641747713,1,0.454981697987257
0.235327203893997,1,0.627601614814355
0.919188583289495,1,0.3376881140209
0.236461699711765,1,0.626773423557178
3.2751684116549,1,0.070335707256155
0.665916689925439,1,0.414478867488544
16.4646075875229,1,4.95667819264689e-05
1.20294052127423,1,0.272734753963109
4.27311851211073,1,0.0387198079802403
0.237607176706562,1,0.625939704532432
0.314817726466162,1,0.574738773656348
0.995041029495217,1,0.318513416145238
0.204905190311419,1,0.650790313598794
0.0877955851912732,1,0.766998543843771
0.720151201749922,1,0.396094316720071
7.86251792398704,1,0.00504700599997288
16.840655903476,1,4.06529899137364e-05
0.401776217663456,1,0.52617336696874
0.00478458049886623,1,0.944853775390433
1.07392050869434,1,0.300061571892396
0.272721289537046,1,0.601512122481903
0.275388561943564,1,0.59973977075218
0.2110406932092,1,0.645952939393891
0.530061768995396,1,0.466580891676791
12.6132014350831,1,0.000383031913577025
0.538813377641217,1,0.462924917657413
0.496394959681948,1,0.481088442997219
39.8942331906321,1,2.68093547362014e-10
11.6190821865926,1,0.000652786058508603
1.37107285422036,1,0.241627638027905
0.72855474920446,1,0.393352051998465
1.78577777777778,1,0.181441446146802
0.00793076756977381,1,0.929038313616082
1.30483665272922,1,0.253331639740677
2.08095720797756,1,0.149146621838877
1.05989184777064,1,0.30323985326075
0.237607176706562,1,0.625939704532432
7.3185652700206,1,0.00682458730352686
0.396349930569331,1,0.528980350898716
0.857043722087172,1,0.354567309429014
0.547155575675268,1,0.459482259102442
0.2079277288236,1,0.648396499978178
0.143953790085109,1,0.704381623503203
0.143953790085109,1,0.704381623503203
0.118983234180638,1,0.730139880923261
0.0114783951077387,1,0.914680078335915
1.04587457418615,1,0.306459126310721
0.557568141205196,1,0.45524173820017
2.65432098765432,1,0.103268845884259
0.501362148302466,1,0.47890221675332
18.7424021914887,1,1.49618274704055e-05
2.66425981691568,1,0.102625557348949
1.14531740813792,1,0.284531529752459
0.239931717616406,1,0.624255436244986
0.858908907763101,1,0.354044206183144
3.21643973551177,1,0.0729020306804821
0.201969196978914,1,0.653136040111586
0.540395755631583,1,0.462268758765723
0.448090453111864,1,0.503243165352676
1.29714455681142,1,0.254735462600107
0.126641522934959,1,0.721939958526
1.96579292591767,1,0.160895128122832
0.202938475665748,1,0.652359375013656
6.43608870201745,1,0.0111824598466128
0.396349930569331,1,0.528980350898716
1.13656580525224,1,0.286379161389693
1.13048284872582,1,0.28767236982681
0.117861921043131,1,0.731365077864628
27.3197563912468,1,1.72440506984728e-07
0.242302145097411,1,0.622548306392547
0.0118481399694242,1,0.913322130162202
0.555406034884323,1,0.456117165795697
12.12629473988,1,0.000497158019400756
43.1675094689801,1,5.02482500053247e-11
0.510761484043338,1,0.474809401156253
21.0545808736718,1,4.46384383157028e-06
2.85958758056054,1,0.0908307839829858
0.353119834710744,1,0.552352358278318
13.8302969472746,1,0.000200083750131363
0.118983234180638,1,0.730139880923261
1.02672049211842,1,0.310930176314315
0.272721289537046,1,0.601512122481903
7.23893996755003,1,0.00713390859847007
0.0564187682913347,1,0.812248477474143
4.54523466137852,1,0.0330104971295885
3.21495982468956,1,0.0729679826163656
0.45257606864149,1,0.501114152334699
0.724897959183674,1,0.394541974238978
2.46373802649502,1,0.11650123796911
0.466587410455723,1,0.494561322750879
0.205902900032974,1,0.649997799092183
2.33950961662099,1,0.126129253845469
22.0776859504132,1,2.61835773596175e-06
0.648442968990348,1,0.420669909377464
18.1671964399237,1,2.02334076074839e-05
3.60927046468863,1,0.057458319739757
0.338324570735616,1,0.560797911546934
0.118983234180638,1,0.730139880923261
5.32004559928123,1,0.0210814597563231
1.1083179096025,1,0.292447890118042
4.64892665383663,1,0.0310729710844259
4.57265946502057,1,0.0324860956265427
14.1782918589672,1,0.000166277831148642
45.866365911986,1,1.26600951944056e-11
0.481492272530091,1,0.487747154927694
0.280663495218234,1,0.596266667936769
2.14754200721085,1,0.142798342114287
23.5697755145747,1,1.20464944153298e-06
0.454852663666715,1,0.500039464757587
6.92364552510691,1,0.00850633938044187
51.9591230675168,1,5.6665783176868e-13
0.3536,1,0.552082297766469
31.571598615917,1,1.92220449557468e-08
0.615603631356624,1,0.432685711372922
0.154685299607816,1,0.694097533674148
1.10101565629091,1,0.294043318227633
7.73616008653326,1,0.00541257782462423
0.402244897959184,1,0.525932169596187
0.371195091179031,1,0.542353560679146
0.501362148302466,1,0.47890221675332
18.2974142797998,1,1.88963480007853e-05
0.271406914763558,1,0.602389559742499
1.91454669124363,1,0.166459078292186
0.174617301530794,1,0.676040448896426
0.180693333333333,1,0.670778076707954
2.63931642006067,1,0.104248390672054
3.06451271505615,1,0.0800191504093212
6.1854321681188,1,0.0128806241388505
14.9259027777778,1,0.000111817119371804
0.0597270306800478,1,0.806927900865046
2.76207758053912,1,0.0965228135666332
0.202938475665748,1,0.652359375013656
1.36770904813254,1,0.242205891211101
2.28832837147663,1,0.130350245035899
6.72235829593098,1,0.00952116474556242
0.172114656571119,1,0.678239243231068
2.03708371259788,1,0.153503693343153
6.64811648715928,1,0.0099260699944751
0.445880768349457,1,0.504297630854606
0.171296296296296,1,0.678962308510818
0.649476813317479,1,0.420299794543974
0.362456089417913,1,0.547145340425893
4.07670901369785,1,0.0434782627143769
1.28557516276926,1,0.256864995918825
2.18818778622192,1,0.139072858394345
0.549878414136684,1,0.458367378301643
1.28402366863905,1,0.257152240561018
0.0687158158159878,1,0.793215808687411
0.272721289537046,1,0.601512122481903
26.8274472693908,1,2.22455279086375e-07
1.31288005440371,1,0.251873867182385
0.0836817857788845,1,0.772368614027403
0.272721289537046,1,0.601512122481903
5.13626605141369,1,0.0234309918051598
0.829587620172036,1,0.362391800029971
2.93725754764716,1,0.0865575788421264
2.48527274447244,1,0.114916425582346
3.53967337422329,1,0.0599172590413087
5.691231845078,1,0.0170498820797113
0.398295656817373,1,0.527970765772683
0.310245436282645,1,0.577529614887739
0.23876379494482,1,0.625100396245646
0.552628431143591,1,0.457245703064265
0.528811780567309,1,0.467106840370431
0.933333333333333,1,0.333998255821998
2.19109603912284,1,0.138810508384881
0.235327203893997,1,0.627601614814355
0.0267625432525951,1,0.870051859791466
3.63247863247863,1,0.0566623700744892
0.23876379494482,1,0.625100396245646
0.158236862631186,1,0.690785009046073
0.259764906626588,1,0.610281713080996
1.20101096931091,1,0.273119711702692
6.38088832651262,1,0.0115355680333811
1.324872768882,1,0.249719409862365
12.6791563678006,1,0.000369754362212427
5.4383758363843,1,0.0196989786121984
0.982695509747538,1,0.321534233074167
8.09808661504748,1,0.00443120117071716
0.461821725121203,1,0.496773816026342
0.0111295616414399,1,0.915981658573875
0.237607176706562,1,0.625939704532432
2.25270432692308,1,0.13338112511313
4.49039542418832,1,0.0340857925669951
6.89736124455314,1,0.00863230696465223
1.13800123293073,1,0.286075073532555
0.237607176706562,1,0.625939704532432
0.272721289537046,1,0.601512122481903
0.498866213151928,1,0.479998722325441
1.90020145831977,1,0.168055771174917
0.233473670903273,1,0.628960030744321
0.402244897959184,1,0.525932169596187
0.242302145097411,1,0.622548306392547
1.68595041322314,1,0.194135655186375
109.299126008992,1,0
0.118419924554184,1,0.730754567318302
1.27051174471322,1,0.259670698898955
68.1034025236213,1,1.11022302462516e-16
3.52318190835152,1,0.0605161622286408
0.143272405314445,1,0.705049230089236
0.143272405314445,1,0.705049230089236
5.29633306512604,1,0.0213703680024797
8.45636808032765,1,0.00363767521517799
0.171296296296296,1,0.678962308510818
1.89086110140624,1,0.169104829930854
7.13162137501651,1,0.00757362121212113
0.143272405314445,1,0.705049230089236
0.174456849776988,1,0.676180862910611
4.33701278257377,1,0.0372922984934518
0.606371882086168,1,0.436157140100994
23.028143574106,1,1.59647138875396e-06
0.201969196978914,1,0.653136040111586
7.06115271197283,1,0.0078773295519049
0.313278746885013,1,0.575675150015983
0.669277527618193,1,0.413303607206438
8.15396599637327,1,0.00429670912638536
1.86448467360278,1,0.17210809570779
0.520050794399514,1,0.470820015352044
4.18223135723363,1,0.0408498842457621
12.8246437750066,1,0.000342083630903711
2.62447917007346,1,0.105227028072436
16.0619907117096,1,6.13022035871325e-05
0.0954776013526126,1,0.757325710212382
0.202938475665748,1,0.652359375013656
0.271406914763558,1,0.602389559742499
6.81044880408492,1,0.00906259842769686
1.51268518518519,1,0.218729807721064
4.62667430580277,1,0.0314785242720883
0.3536,1,0.552082297766469
0.172114656571119,1,0.678239243231068
0.172114656571119,1,0.678239243231068
13.8422514009348,1,0.000198814865295716
0.289435101190057,1,0.590582758275806
14.4786324786325,1,0.000141758465823982
15.5408960778521,1,8.07395179273085e-05
3.84771182569927,1,0.0498139056020872
6.14521362898864,1,0.0131768246855054
0.3536,1,0.552082297766469
2.33950961662099,1,0.126129253845469
0.203917094921817,1,0.651577485720653
0.000836572020073323,1,0.976925559495222
0.129440086791162,1,0.719013283820369
0.128510830906625,1,0.719981084558345
6.1723833446662,1,0.0129759682499099
0.311754722387533,1,0.57660540847686
0.660000727996312,1,0.416559686266863
2.85893452031018,1,0.090867669490885
0.3536,1,0.552082297766469
0.525989156555086,1,0.468297999673008
6.6796875,1,0.00975177194976462
2.82237072532465,1,0.0929590109268924
18.4632661285931,1,1.73210869969243e-05
5.65886537223469,1,0.017367354754163
0.732248520710059,1,0.392155324963294
4.54523466137852,1,0.0330104971295885
44.3224930747922,1,2.78498335504196e-11
0.203917094921817,1,0.651577485720653
0.522264300388604,1,0.469877390946422
1.84655661092518,1,0.174184412579318
0.549878414136684,1,0.458367378301643
5.88559425771649,1,0.0152652450550745
0.143272405314445,1,0.705049230089236
0.314817726466162,1,0.574738773656348
2.51524146956494,1,0.112750361359864
0.735192239231043,1,0.391205341460776
2.14529226898071,1,0.143007799891407
9.11147876008632,1,0.00254010444976083
0.117861921043131,1,0.731365077864628
0.555406034884323,1,0.456117165795697
0.269643158325905,1,0.603571245157533
0.205902900032974,1,0.649997799092183
0.275388561943564,1,0.59973977075218
4.80647678040231,1,0.0283529562819068
0.646149994979183,1,0.421492529250994
2.77488437088761,1,0.0957535712678523
0.802461174070318,1,0.37035853618809
0.511600237953599,1,0.474446944675241
12.8967258382643,1,0.000329157439211358
2.35658402203857,1,0.124755105718347
0.790323591230398,1,0.374002296559102
0.849134594964537,1,0.356797271962479
10.0507038945406,1,0.00152289742117806
0.0152717983314327,1,0.9016485273884
18.6412843489873,1,1.57766840978013e-05
0.201969196978914,1,0.653136040111586
26.8676859769645,1,2.17871385710389e-07
0.226939729717801,1,0.633802315914532
1.53472222222222,1,0.215405104607953
0.00884387755102041,1,0.92507587874605
20.9286891456966,1,4.76701473384189e-06
0.93545652489476,1,0.333449052871041
0.272721289537046,1,0.601512122481903
6.55694735439324,1,0.0104475439507907
0.0992807493112947,1,0.752694476101438
9.52026111508745,1,0.00203215665027012
0.455164712583944,1,0.499892464184234
3.60927046468863,1,0.057458319739757
0.23876379494482,1,0.625100396245646
1.87958019580755,1,0.170381868890485
0.846434830179227,1,0.357562867407182
0.798374219770649,1,0.371579896011851
0.103913907520912,1,0.747182406261579
1.07392050869434,1,0.300061571892396
17.914196265511,1,2.31090911733123e-05
0.621915526472338,1,0.430336353854369
1.41274468971262,1,0.234601293023248
1.42794826921516,1,0.232099574064936
23.1488605487924,1,1.49932022353028e-06
0.172940868198096,1,0.677511281924434
9.38824480970122,1,0.00218381183084815
0.498866213151928,1,0.479998722325441
11.163496346155,1,0.000834225552843182
44.009913096274,1,3.26717541909716e-11
2.16870435506326,1,0.140844855166192
0.275388561943564,1,0.59973977075218
0.172940868198096,1,0.677511281924434
0.236461699711765,1,0.626773423557178
3.26821119243899,1,0.0706346043510165
1.37107285422036,1,0.241627638027905
0.00195437652185056,1,0.964738341441559
12.8643990512156,1,0.000334892422342081
0.0236230735696108,1,0.877847866005715
5.33223350281111,1,0.020934540984159
2.43242048779132,1,0.11884925681432
2.00922466438197,1,0.156345202468327
12.8967258382643,1,0.000329157439211358
0.5446024407927,1,0.460531559752829
43.2674707505762,1,4.77455852632147e-11
5.09095840614701,1,0.024050896404734
1.20338382333298e-05,1,0.99723215812833
0.552628431143591,1,0.457245703064265
13.3298338765432,1,0.000261216660146668
1.10678603553296,1,0.292781661636002
4.14026937209869,1,0.0418745053739267
0.3536,1,0.552082297766469
0.516877381154602,1,0.472176750385877
3.42537618371835,1,0.0642016147992441
0.542461911357341,1,0.461414217700367
0.314817726466162,1,0.574738773656348
4.31112847395888,1,0.0378638365558603
1.04920233853178,1,0.305690866987131
0.311754722387533,1,0.57660540847686
18.4674229610619,1,1.72833475661216e-05
0.0096535081379339,1,0.921731979455796
0.201969196978914,1,0.653136040111586
0.672672376251996,1,0.412121443770895
0.271406914763558,1,0.602389559742499
18.6948520455181,1,1.53396067200662e-05
4.28010741075439,1,0.0385609114223313
0.173775044634001,1,0.676778369226918
0.619590897085727,1,0.431199351772573
0.201969196978914,1,0.653136040111586
11.176489500759,1,0.000828403636012665
0.272721289537046,1,0.601512122481903
3.18554708873098,1,0.0742921247347665
0.0398989980448343,1,0.841678191315324
2.45285380287029,1,0.117311414213594
12.3361962742217,1,0.000444259318817197
1.17869747138332,1,0.277621324072216
0.000581664353228887,1,0.980758709988448
0.454852663666715,1,0.500039464757587
0.0634222180248727,1,0.801166529836285
0.00587232150682552,1,0.938917038128466
1.845703125,1,0.174283974509495
0.0763419024039541,1,0.782317360717501
1.4070004354111,1,0.235554976907474
79.0361878816491,1,0
2.83980035569871,1,0.0919556384293968
3.43461829176115,1,0.0638433365069403
1.89523473802275,1,0.168612674732679
5.72402390684093,1,0.0167343363294639
0.15400990328104,1,0.694732430199902
0.144641683103222,1,0.70370947119751
0.316371882086168,1,0.573796212550348
0.324378346222487,1,0.568988223760016
1.3302875571083,1,0.248754067525873
8.50078492935636,1,0.00354993307007567
0.300020092063494,1,0.583869825127006
0.202938475665748,1,0.652359375013656
41.3628774893454,1,1.26435750757992e-10
0.327695406343274,1,0.567019277789665
11.2428562542356,1,0.000799300580438089
0.404248986973741,1,0.524903021170022
27.1683650765397,1,1.8648526289855e-07
0.0152354277557946,1,0.901765117488727
29.9960933449815,1,4.32917621751017e-08
0.117861921043131,1,0.731365077864628
5.96588004873075,1,0.0145853191562079
0.189000617283951,1,0.663749699801386
1.50183555736845,1,0.220389147319203
1.18981166293108,1,0.275367549394106
0.940264643633954,1,0.332209791381315
0.203967373438527,1,0.651537375648443
1.47318837415066,1,0.224843313092558
0.313278746885013,1,0.575675150015983
10.875185975005,1,0.000974612420235332
7.14242849151053,1,0.00752811436716061
0.174617301530794,1,0.676040448896426
0.280882566410219,1,0.59612333415383
2.33950961662099,1,0.126129253845469
4.51781329761939,1,0.0335436778597062
6.81680376501261,1,0.00903040450511805
2.93340603304599,1,0.0867642662182807
1.63432921418179,1,0.20110530155499
0.143272405314445,1,0.705049230089236
1.46198820279433e-05,1,0.996949219671693
0.401220974344289,1,0.526459367680529
1.13963476990504,1,0.285729515695239
12.1879895239481,1,0.000480981939007363
0.498866213151928,1,0.479998722325441
3.89008620689655,1,0.0485719303523572
0.202938475665748,1,0.652359375013656
0.171296296296296,1,0.678962308510818
0.317941439069618,1,0.57284739883216
2.46349862258953,1,0.116518991578588
0.552628431143591,1,0.457245703064265
0.203917094921817,1,0.651577485720653
7.23231295799954,1,0.00716028973704008
29.53258533189,1,5.4984468533803e-08
0.464192358541253,1,0.495671158973514
0.0963861313511663,1,0.756210291696511
0.311754722387533,1,0.57660540847686
7.81211872950835,1,0.0051897023455898
2.76207758053912,1,0.0965228135666332
1.11261697911904,1,0.291513782069553
0.172114656571119,1,0.678239243231068
57.7106405807243,1,3.04201108747293e-14
0.727504145095068,1,0.393693390399115
4.38732061692227,1,0.0362071714189214
0.402244897959184,1,0.525932169596187
0.313278746885013,1,0.575675150015983
2.62472832270163,1,0.105210511565474
0.271406914763558,1,0.602389559742499
0.172114656571119,1,0.678239243231068
0.809257681156649,1,0.368339808516993
0.201969196978914,1,0.653136040111586
0.199647307988518,1,0.655005679562861
0.312075301957518,1,0.576409480568307
1.83180555555556,1,0.175914431063563
1.87608450979744,1,0.170779836861159
0.202938475665748,1,0.652359375013656
18.7153287286193,1,1.51757617489201e-05
0.35709006381142,1,0.550126797900178
0.277070894429747,1,0.598627514707426
0.472911545322785,1,0.491650762165323
0.676174517204196,1,0.41090713606151
0.172940868198096,1,0.677511281924434
1.47760489433356,1,0.224149635106868
0.239931717616406,1,0.624255436244986
0.3536,1,0.552082297766469
32.7870200108167,1,1.02829181836128e-08
0.322210448196393,1,0.570282264958849
21.2729321725238,1,3.9831643108279e-06
7.27875171467764,1,0.00697750068469238
14.6190106639406,1,0.000131580476763649
0.171296296296296,1,0.678962308510818
0.036555642732165,1,0.848372585771024
0.0134272605070543,1,0.907750771864133
0.751292193452886,1,0.386067422827823
6.64054544825478,1,0.00996834095654919
14.1300889936938,1,0.000170593112913009
0.498866213151928,1,0.479998722325441
26.9377544931561,1,2.10114143195383e-07
2.79467870728173,1,0.0945777222786288
0.672672376251996,1,0.412121443770895
0.143272405314445,1,0.705049230089236
0.389853816215192,1,0.532376252140248
0.0277162848232506,1,0.867777580062268
0.412468768590125,1,0.520719108197226
0.0836367774237596,1,0.772428150042645
0.641650463372137,1,0.42311377168915
16.1040138560942,1,5.99568248728088e-05
2.41560465508517,1,0.120131576637193
0.202938475665748,1,0.652359375013656
0.836722522190992,1,0.360335816592721
0.143272405314445,1,0.705049230089236
0.198347107438017,1,0.656058334155085
1.89523473802275,1,0.168612674732679
0.201969196978914,1,0.653136040111586
1.19657386530732,1,0.274007529074141
0.236461699711765,1,0.626773423557178
0.313278746885013,1,0.575675150015983
0.235327203893997,1,0.627601614814355
0.355661451712576,1,0.550925683475059
0.00190694247259062,1,0.965168606807497
0.545112676320673,1,0.460321557007061
16.8042971630222,1,4.14393587964135e-05
1.61929209923988,1,0.203190522484546
0.676101753542555,1,0.410932311982407
0.408317580340265,1,0.522824672604454
0.144641683103222,1,0.70370947119751
1.33924026769724,1,0.247167992967929
3.33373484187177,1,0.067872586305348
0.201969196978914,1,0.653136040111586
0.264666080106016,1,0.60693246532949
44.5683535445384,1,2.45630182860168e-11
19.0627702479339,1,1.26488498298771e-05
37.6081789518585,1,8.64811000589327e-10
0.0521052631578948,1,0.819439631301761
0.3536,1,0.552082297766469
13.7054457194731,1,0.00021383354075899
0.236461699711765,1,0.626773423557178
19.9154558367769,1,8.09432957293854e-06
2.87391656555823,1,0.0900255445414927
0.347176452838201,1,0.555715839957929
0.271406914763558,1,0.602389559742499
0.143272405314445,1,0.705049230089236
0.00581717451523539,1,0.939203971484191
2.46646547937158,1,0.116299187469043
2.29746076273864,1,0.129585691808948
2.79467870728173,1,0.0945777222786288
0.925104371007494,1,0.336138290711342
1.2564095680421,1,0.262331806127508
0.584795284533244,1,0.444438836953252
2.28832837147663,1,0.130350245035899
38.2589749196318,1,6.19514883837269e-10
0.0906998093354989,1,0.763289371075431
8.29344850855179,1,0.00397883587508197
0.351589852787617,1,0.553214529826294
2.30538168770853,1,0.128926606956954
5.76689342403628,1,0.0163308788486736
15.1922299483841,1,9.71021457097931e-05
13.9200145743397,1,0.000190756377035251
0.278108463724859,1,0.597943685074941
3.45157682346477,1,0.0631914576424555
11.692032971924,1,0.000627682801178198
1.51434238104494,1,0.218477671396215
43.0218976683623,1,5.41305889001364e-11
0.650318060116655,1,0.41999898772356
0.111721168654986,1,0.738193054492917
1.46959906965753,1,0.225408962127204
8.93728211001825,1,0.00279408157222594
20.5627645267197,1,5.77077083607769e-06
0.443692733564014,1,0.505345494078554
5.2763994490453,1,0.021616404963435
0.238204221987447,1,0.625506139301785
19.5634179157196,1,9.73148336447238e-06
5.73351673479726,1,0.0166441192241162
0.275388561943564,1,0.59973977075218
2.10380117886669,1,0.146933459181925
0.606371882086168,1,0.436157140100994
98.468863407663,1,0
20.7472179745341,1,5.24076596175593e-06
0.236461699711765,1,0.626773423557178
1.01089873742678,1,0.314687625594192
0.171296296296296,1,0.678962308510818
0.263720299449488,1,0.607575702407445
2.18291761148904,1,0.139549693278566
0.407957693276252,1,0.523007923890729
0.107862507287615,1,0.742590887863504
0.0403611651602148,1,0.840776076535878
18.2576066466207,1,1.92953866402501e-05
2.92589009596646,1,0.0871691412551939
0.724897959183674,1,0.394541974238978
0.450322110263669,1,0.502182029023051
0.829562531844013,1,0.362399057980413
2.62447917007346,1,0.105227028072436
0.672672376251996,1,0.412121443770895
4.02857529386041,1,0.0447357044442833
0.445880768349457,1,0.504297630854606
0.2110406932092,1,0.645952939393891
1.45446069576329e-05,1,0.996957083721275
0.143272405314445,1,0.705049230089236
0.203917094921817,1,0.651577485720653
0.747404844290658,1,0.387299118293557
0.221726944712169,1,0.637727211907931
1.83984542929598,1,0.174969064958773
0.400260551200557,1,0.526954728068088
28.9092091779906,1,7.58514259180387e-08
6.48856209150327,1,0.0108570761049316
0.434556213017751,1,0.509761710876351
0.172114656571119,1,0.678239243231068
0.633424967640522,1,0.426101789457992
9.97723918695724,1,0.00158487139935048
0.450322110263669,1,0.502182029023051
10.0314367103953,1,0.00153890957160829
0.00793076756977381,1,0.929038313616082
1.3035984170557,1,0.253556976036409
1.01913776986732,1,0.312723619886645
1.80585983087979,1,0.179005681210016
41.6667535661803,1,1.0823397733617e-10
0.288785377770467,1,0.590999942083187
14.1191857754103,1,0.000171584745302433
15.2108592498053,1,9.61489301882779e-05
0.03,1,0.862490230135922
0.789015568860084,1,0.37439796191657
0.171296296296296,1,0.678962308510818
8.75213675213675,1,0.0030923950880456
0.272721289537046,1,0.601512122481903
1.17869747138332,1,0.277621324072216
0.0694079953828324,1,0.792200695691493
0.56204627066144,1,0.453436942029242
0.102217414818821,1,0.749184703662942
0.148182113339523,1,0.700278684249725
0.443692733564014,1,0.505345494078554
0.271406914763558,1,0.602389559742499
1.29088749448076,1,0.255884461143551
5.72402390684093,1,0.0167343363294639
2.13010380622837,1,0.144430974482206
1.87755102040816,1,0.170612751480843
3.63247863247863,1,0.0566623700744892
0.272721289537046,1,0.601512122481903
1.08754246213316,1,0.297016361914834
2.11541099182823,1,0.145822901649326
0.272721289537046,1,0.601512122481903
0.306293813026829,1,0.579963404831407
1.14271430860439,1,0.28507951022821
0.819234872732815,1,0.365403966050814
0.145336178007887,1,0.703032721447867
0.310245436282645,1,0.577529614887739
0.311754722387533,1,0.57660540847686
0.172114656571119,1,0.678239243231068
0.498866213151928,1,0.479998722325441
1.94179730912123,1,0.163473517913078
0.237607176706562,1,0.625939704532432
25.6060606060606,1,4.1872219302963e-07
0.117861921043131,1,0.731365077864628
14.1705541950113,1,0.000166963052198876
10.4773338265733,1,0.0012084803001795
0.00884387755102041,1,0.92507587874605
2.6661712136113,1,0.10250234604024
3.55750022675737,1,0.0592769438892347
0.364280730965181,1,0.546138385493747
1.41728559913685,1,0.233850697289754
6.71184662898433,1,0.00957744954028383
0.143272405314445,1,0.705049230089236
17.0258818807718,1,3.68737532487895e-05
8.96330353762485,1,0.00275456356528514
18.1996962452286,1,1.98910556081788e-05
2.50169976108485,1,0.113723497116588
7.25196506400592,1,0.00708234665758811
0.143953790085109,1,0.704381623503203
6.66438801015479,1,0.0098358426424271
0.445880768349457,1,0.504297630854606
0.313278746885013,1,0.575675150015983
13.1863335585687,1,0.000281998071869238
0.672672376251996,1,0.412121443770895
1.64838944788461,1,0.199178277655975
1.98238664448173,1,0.15913920437859
1.78640817823552,1,0.181364403818819
8.35183399131549,1,0.00385298229788644
1.47318837415066,1,0.224843313092558
0.242302145097411,1,0.622548306392547
0.143953790085109,1,0.704381623503203
0.936339402323577,1,0.333221035155
0.355135642489622,1,0.551220265786427
20.4634630795566,1,6.07804996188843e-06
3.60927046468863,1,0.057458319739757
0.576627913588317,1,0.447637114878056
1.52695150531819,1,0.216570546636667
0.274048442906574,1,0.600628880788515
2.81588585017836,1,0.0933353581644298
0.286599979474672,1,0.592407627282959
32.9722130066209,1,9.34854960110698e-09
0.203917094921817,1,0.651577485720653
35.7776044566053,1,2.21175799897111e-09
8.058765,1,0.00452840406921251
0.23876379494482,1,0.625100396245646
2.98206815631058,1,0.0841916291862501
0.406273113905325,1,0.523867212585899
0.174617301530794,1,0.676040448896426
0.118983234180638,1,0.730139880923261
0.0784023668639053,1,0.779474262258059
0.235327203893997,1,0.627601614814355
0.236461699711765,1,0.626773423557178
5.47737812934665,1,0.0192641325889195
4.73314294097511,1,0.0295867729764563
1.11850944221071,1,0.290239636087587
0.237607176706562,1,0.625939704532432
22.0020576131687,1,2.72358326558475e-06
1.47586141425903,1,0.224423166742687
0.125897663185211,1,0.722723989381166
0.0954776013526126,1,0.757325710212382
3.23299412388364,1,0.0721686298643762
1.19657386530732,1,0.274007529074141
6.26012210623553,1,0.012348569225283
0.314817726466162,1,0.574738773656348
0.174617301530794,1,0.676040448896426
3.36424669128963,1,0.0666260487380368
43.0831428765794,1,5.24623677833347e-11
0.0251177394034537,1,0.874074032570988
35.3121879417502,1,2.80868883706376e-09
0.0293387740160744,1,0.863999163083792
0.180749553837002,1,0.670729875625314
13.1719996640632,1,0.000284163340152244
10.6526170963457,1,0.00109915264263682
10.813011747953,1,0.00100789206923779
0.174617301530794,1,0.676040448896426
0.110814553912802,1,0.739218676745063
0.143953790085109,1,0.704381623503203
0.735192239231043,1,0.391205341460776
8.04709148538453,1,0.00455767688038011
0.398295656817373,1,0.527970765772683
1.59820111739961,1,0.206158325015795
0.314817726466162,1,0.574738773656348
2.24119366649846,1,0.13437721014599
0.0118635689569946,1,0.913265934004531
0.977701672212805,1,0.3227668857245
0.140239309017678,1,0.708043222585577
0.1619316293632,1,0.687384303702052
0.498866213151928,1,0.479998722325441
4.33026029506928,1,0.0374405198315332
1.10678603553296,1,0.292781661636002
4.10330091480598,1,0.0427995756389541
2.35658402203857,1,0.124755105718347
1.0757347005938,1,0.299653695926021
3.7512521003973,1,0.0527679693598191
2.35658402203857,1,0.124755105718347
9.79623778969724e-06,1,0.99750270980719
0.214822771213749,1,0.643013342564599
4.98946011645655,1,0.0255021642457028
0.669277527618193,1,0.413303607206438
3.29862557267805,1,0.069337877272459
6.68663673828713,1,0.00971382941375787
0.202938475665748,1,0.652359375013656
1.04675925701236,1,0.306254641418065
2.59420332096875,1,0.107255359213088
35.6199248914334,1,2.3982197339123e-09
0.236461699711765,1,0.626773423557178
0.0909996272161391,1,0.76291016246085
0.606371882086168,1,0.436157140100994
1.08321819534488,1,0.297978737695665
0.0109629489655944,1,0.916610606969398
0.445880768349457,1,0.504297630854606
5.41504517214921,1,0.0199639367420094
0.23564941260235,1,0.62736614943672
28.2714681440443,1,1.0543872008828e-07
0.272721289537046,1,0.601512122481903
0.237607176706562,1,0.625939704532432
0.145336178007887,1,0.703032721447867
5.7547740566917,1,0.0164439102592325
1.20428488103903,1,0.272466947500942
22.4584934404967,1,2.14733863723726e-06
0.448090453111864,1,0.503243165352676
0.311754722387533,1,0.57660540847686
0.562145445673868,1,0.453397099254811
1.26386140685433,1,0.260921442571506
0.634232461629982,1,0.425807056103735
0.549878414136684,1,0.458367378301643
16.9253489772054,1,3.88789133665135e-05
0.314817726466162,1,0.574738773656348
23.3760623066068,1,1.3322613792166e-06
0.237607176706562,1,0.625939704532432
4.0631053193124,1,0.0438298287963576
0.293004457323033,1,0.588301605174465
7.89546461928714,1,0.00495589059833257
0.235327203893997,1,0.627601614814355
22.3330153466567,1,2.29231488879655e-06
4.42324185736483,1,0.0354526192093797
3.2016675620228,1,0.0735632274463466
5.21544515251382,1,0.0223871148977969
0.965063512490071,1,0.325914418094232
2.82598926871376,1,0.0927497274734322
11.436766862683,1,0.000720049721012139
0.130321099633269,1,0.71809934391026
0.351880392038568,1,0.553050611047318
55.4935880226762,1,9.38138455808257e-14
36.9679793404454,1,1.20085241750445e-09
0.498866213151928,1,0.479998722325441
0.947371349900504,1,0.330389301319295
15.1629709217117,1,9.86184932736389e-05
58.7378640776699,1,1.79856129989275e-14
11.4990288284024,1,0.000696325628723904
2.66407295003253,1,0.102637611742226
0.313278746885013,1,0.575675150015983
0.407957693276252,1,0.523007923890729
0.0251177394034537,1,0.874074032570988
50.2185396863315,1,1.37545530520811e-12
3.95628115757433,1,0.0466967593126878
0.0959297161406323,1,0.756769917247399
0.310245436282645,1,0.577529614887739
0.355336474243974,1,0.551107715811613
0.0753554059300287,1,0.783693187482357
0.823538104415396,1,0.364147734005113
32.8370384800168,1,1.00217054654905e-08
3.86029244220725,1,0.0494417099318544
1.74428413219005,1,0.1865969131263
0.418485769860733,1,0.517693584277713
12.3244947325785,1,0.000447052928655323
1.01611839004619,1,0.313441510681954
0.172940868198096,1,0.677511281924434
1.55092085842584,1,0.212999548715188
0.235327203893997,1,0.627601614814355
1.10904330497446,1,0.29229000736225
1.27755019703509,1,0.258355032067557
3.58606682090866,1,0.058265993938753
0.143953790085109,1,0.704381623503203
0.907480185393509,1,0.34078388483708
1.88066905989901,1,0.170258124203171
0.317941439069618,1,0.57284739883216
8.37015117157974,1,0.00381433890578486
3.65569125868899,1,0.0558779631257278
39.8095778393352,1,2.79968825900312e-10
48.6972132105968,1,2.98694402545152e-12
68.3616985053485,1,1.11022302462516e-16
3.1201087938056,1,0.0773316203704426
0.276741837385255,1,0.598844727479599
9.0068031514053,1,0.00268976485276284
7.76607754154793,1,0.00532365285064007
23.2660882723577,1,1.41065459635659e-06
0.23876379494482,1,0.625100396245646
0.171296296296296,1,0.678962308510818
1.39740842771146,1,0.237157966631405
0.143272405314445,1,0.705049230089236
0.222648036071923,1,0.63702961291725
0.364280730965181,1,0.546138385493747
1.3378887761304,1,0.247406630194245
0.35709006381142,1,0.550126797900178
2.32297535819498,1,0.127475985811368
3.03357340720222,1,0.0815582125704312
1.50183555736845,1,0.220389147319203
0.475774684624459,1,0.490342470324538
1.13048284872582,1,0.28767236982681
0.274048442906574,1,0.600628880788515
0.172114656571119,1,0.678239243231068
4.27611354542437,1,0.0386516303098081
8.84166760398845,1,0.00294429995841083
0.526315789473684,1,0.468159909854428
1.0896528677544,1,0.296548134939702
1.26386140685433,1,0.260921442571506
2.3840803728899,1,0.122577007025688
2.41451039776129,1,0.120215550227496
10.184866151159,1,0.00141597999371634
0.996598661704201,1,0.318134934231851
0.314817726466162,1,0.574738773656348
0.118419924554184,1,0.730754567318302
55.3592344653056,1,1.00364161426114e-13
0.143953790085109,1,0.704381623503203
6.42366967448136,1,0.0112609231682342
38.2375061905227,1,6.26368401590582e-10
0.1218820861678,1,0.727002112555968
0.201969196978914,1,0.653136040111586
18.7624504807881,1,1.48053603680198e-05
1.55941684611767,1,0.211750625634198
1.0321046373365,1,0.309664861020709
0.404248986973741,1,0.524903021170022
1.325542531071,1,0.249599756874347
1.53472222222222,1,0.215405104607953
5.06615653246456,1,0.0243974208136096
0.205902900032974,1,0.649997799092183
0.120705767176931,1,0.728270285229519
7.75482829799212,1,0.00535691341850542
0.0129355663834162,1,0.909448158736079
0.121747770382076,1,0.727146568397368
0.75965379720553,1,0.383436887637639
6.8289224952741,1,0.0089693357800753
0.145931642098047,1,0.702453945285452
0.555406034884323,1,0.456117165795697
0.400260551200557,1,0.526954728068088
0.492850525293123,1,0.482658498431839
0.202938475665748,1,0.652359375013656
2.16916414292336,1,0.140802747003981
1.44631117604091,1,0.229120779034297
0.172114656571119,1,0.678239243231068
1.67204984229303,1,0.195984199813723
0.676101753542555,1,0.410932311982407
0.332009157850295,1,0.564478411296704
1.74664998015934,1,0.186298431367812
0.237607176706562,1,0.625939704532432
7.27875171467764,1,0.00697750068469238
13.0096350252438,1,0.000309892335419559
0.146037370242214,1,0.702351321703865
1.567825,1,0.210523157765067
0.396349930569331,1,0.528980350898716
32.7560573740389,1,1.04480212259617e-08
8.90844871131469,1,0.00283854294548724
1.38654967725113,1,0.238988641771142
2.16693960367642,1,0.141006605529364
0.0023554411355431,1,0.961291555155035
0.145336178007887,1,0.703032721447867
0.0680000000000001,1,0.794271348944978
0.665790050405435,1,0.414523248970423
0.205902900032974,1,0.649997799092183
12.7523516418803,1,0.000355561837860119
0.244719830101053,1,0.620817795473868
19.9768051614331,1,7.83872878939995e-06
1.25728003031003,1,0.262166572352522
0.428571428571429,1,0.512690760261923
0.450322110263669,1,0.502182029023051
2.36131111128645,1,0.124377615233184
0.849134594964537,1,0.356797271962479
4.5878840199648,1,0.0321987415690047
0.552628431143591,1,0.457245703064265
0.935853167838327,1,0.333346587504295
0.201969196978914,1,0.653136040111586
25.4112215735135,1,4.6321576929742e-07
41.4618837771361,1,1.20191634422895e-10
0.145336178007887,1,0.703032721447867
0.201969196978914,1,0.653136040111586
5.89147675098088,1,0.0152143367262447
0.171296296296296,1,0.678962308510818
0.581717451523546,1,0.445639921089854
1.19657386530732,1,0.274007529074141
1.55728375152564,1,0.212063374858194
0.317941439069618,1,0.57284739883216
0.235327203893997,1,0.627601614814355
0.275388561943564,1,0.59973977075218
1.24440019910403,1,0.264624710273527
0.45257606864149,1,0.501114152334699
0.314817726466162,1,0.574738773656348
0.360089744180986,1,0.548456398109028
0.278108463724859,1,0.597943685074941
0.235327203893997,1,0.627601614814355
16.1737259543001,1,5.77901410016013e-05
1.27051174471322,1,0.259670698898955
0.0152354277557946,1,0.901765117488727
2.8055791986092,1,0.0939369142060081
7.20949303378884,1,0.00725189754457933
1.96579292591767,1,0.160895128122832
0.610668401659409,1,0.434536256060279
0.351880392038568,1,0.553050611047318
0.226490953763681,1,0.634138029287199
0.310245436282645,1,0.577529614887739
1.13410466073724,1,0.28690149785967
0.147460237755373,1,0.700974357798102
1.07115192122809,1,0.300685398998456
0.313278746885013,1,0.575675150015983
3.58606682090866,1,0.058265993938753
32.471172662114,1,1.20973752126829e-08
7.25068106091661,1,0.00708741262884027
13.9196260863024,1,0.000190795806449207
0.381199483272411,1,0.536961991323805
26.0396704914653,1,3.34473550744896e-07
0.598386301137901,1,0.439194388496589
4.40003510684491,1,0.0359381907592653
0.236461699711765,1,0.626773423557178
0.205902900032974,1,0.649997799092183
19.0500740019087,1,1.27332835719862e-05
0.236461699711765,1,0.626773423557178
26.4819874028822,1,2.66006950577768e-07
0.445880768349457,1,0.504297630854606
0.171296296296296,1,0.678962308510818
0.235327203893997,1,0.627601614814355
0.235327203893997,1,0.627601614814355
0.00343071804146501,1,0.953292748935467
0.876668649613325,1,0.349115735692165
0.171296296296296,1,0.678962308510818
1.55941684611767,1,0.211750625634198
0.313278746885013,1,0.575675150015983
1.75629316106037,1,0.185087546290953
0.203556546556821,1,0.651865290495097
1.27051174471322,1,0.259670698898955
1.47,1,0.225345693701667
1.35611395537498,1,0.244212104068407
9.64000096379326,1,0.00190385136590054
1.05989184777064,1,0.30323985326075
0.618743519653125,1,0.431514585424926
2.12956172361024,1,0.144482062081008
0.242302145097411,1,0.622548306392547
23.4505576320827,1,1.28165568269445e-06
0.692943754565376,1,0.405164901902994
4.09795385742395,1,0.0429351445317416
30.499722830571,1,3.33914210726149e-08
2.35658402203857,1,0.124755105718347
6.01037821605389,1,0.0142219788387343
3.52384433143262,1,0.0604919833348893
1.69576953318344,1,0.192842160521724
0.798374219770649,1,0.371579896011851
0.609418282548477,1,0.435006921134963
4.93903637554903,1,0.0262566709607867
5.28782222222222,1,0.0214750591508724
1.14531740813792,1,0.284531529752459
0.280882566410219,1,0.59612333415383
1.87608450979744,1,0.170779836861159
9.31582493724366,1,0.00227183070441339
1.77540971187596,1,0.182713999110931
11.271510015771,1,0.000787056813734033
5.07168114909131,1,0.0243197866263359
10.1282579639118,1,0.00146013340827733
15.7467071551037,1,7.24138755203718e-05
0.172114656571119,1,0.678239243231068
0.0959297161406323,1,0.756769917247399
47.622107981264,1,5.16819920193257e-12
1.7658,1,0.1839027173794
0.498866213151928,1,0.479998722325441
0.316371882086168,1,0.573796212550348
2.9195203633454,1,0.0875138733805739
18.2364830389254,1,1.95105601006329e-05
0.498866213151928,1,0.479998722325441
0.0941202849735897,1,0.759002995915955
0.496394959681948,1,0.481088442997219
0.143953790085109,1,0.704381623503203
0.235327203893997,1,0.627601614814355
1.38986389232595,1,0.238428086296658
3.37009296548609,1,0.0663900088581907
0.271406914763558,1,0.602389559742499
10.9535126430514,1,0.000934263353573828
9.96592781152873,1,0.00159463797425663
30.8804307198609,1,2.74425063784278e-08
0.433121484403535,1,0.510461244989542
0.20495162313023,1,0.650753378914082
0.0656695167233901,1,0.797749585742436
2.43110000953124,1,0.118949402197735
0.102735705852589,1,0.748571055608696
0.0612318818707024,1,0.804559389418612
23.5954001585714,1,1.18871336052262e-06
26.7104640675492,1,2.36338165815475e-07
24.0068098992962,1,9.59955736345997e-07
0.950030188724362,1,0.329711613152337
1.72582443629857,1,0.188945035239494
0.45257606864149,1,0.501114152334699
0.171296296296296,1,0.678962308510818
1.33615182368216,1,0.247713743605612
3.63247863247863,1,0.0566623700744892
1.87608450979744,1,0.170779836861159
7.74021858669567,1,0.00540042633303228
0.760564452128303,1,0.383151936518959
0.144641683103222,1,0.70370947119751
1.30556736583188,1,0.253198778871571
0.0577677768745862,1,0.810059493725099
31.5582647757593,1,1.9354487013068e-08
6.44358269962921,1,0.0111353844465791
11.9642808101579,1,0.000542301364222175
0.278108463724859,1,0.597943685074941
2.37502371125254,1,0.123289726004238
1.04383009644603,1,0.306932362881438
0.0937340745629243,1,0.759482665982557
0.143953790085109,1,0.704381623503203
0.202938475665748,1,0.652359375013656
4.45215344992976,1,0.034857264921384
1.51165618878881,1,0.218886540501116
0.143953790085109,1,0.704381623503203
2.30538168770853,1,0.128926606956954
4.31112847395888,1,0.0378638365558603
1.2539273855167,1,0.262803691506867
0.273930933301966,1,0.600706975247393
2.31353307201009,1,0.128252242161364
0.235327203893997,1,0.627601614814355
12.2632072990038,1,0.000461976810214648
0.651993960849646,1,0.419400687396252
5.5273112437056,1,0.0187218541300014
0.860066337053136,1,0.35372012829518
14.6575493043105,1,0.000128917256723704
1.84750580599352,1,0.174073762761463
3.74985828406793,1,0.0528119888630315
0.236461699711765,1,0.626773423557178
0.236461699711765,1,0.626773423557178
0.0146655403665209,1,0.903610748800831
1.02139202855443,1,0.312189043499708
0.241111111111111,1,0.623404761102108
1.01653650123574,1,0.313341971897432
0.239931717616406,1,0.624255436244986
0.945122276093558,1,0.330963995529574
1.53472222222222,1,0.215405104607953
0.735979836168872,1,0.390951731157395
0.883827966382748,1,0.34715536947408
0.201969196978914,1,0.653136040111586
0.0319122090109157,1,0.858220473407978
5.29461179099253,1,0.0213914985400236
1.05421580263125,1,0.304538143662805
0.823538104415396,1,0.364147734005113
0.72855474920446,1,0.393352051998465
0.00721730740866236,1,0.932297374872854
0.143953790085109,1,0.704381623503203
2.30538168770853,1,0.128926606956954
0.299889727366804,1,0.583951560057753
0.396349930569331,1,0.528980350898716
0.511600237953599,1,0.474446944675241
0.578671774429263,1,0.44683341436988
1.53943930513382,1,0.214701282759327
0.522264300388604,1,0.469877390946422
0.166801658163265,1,0.682970059891547
0.496394959681948,1,0.481088442997219
0.172940868198096,1,0.677511281924434
0.202938475665748,1,0.652359375013656
0.117861921043131,1,0.731365077864628
0.0968469086102595,1,0.755646789353262
4.89182458015946,1,0.0269841543394236
0.555406034884323,1,0.456117165795697
6.11055468924036,1,0.0134376949445955
0.202938475665748,1,0.652359375013656
42.1959717191427,1,8.2569950876632e-11
0.477258646631177,1,0.489666667963186
0.124897959183673,1,0.723781799382389
3.64096575226614,1,0.0563742246530661
0.693251417769376,1,0.40506064994823
2.22426283032344,1,0.135857487174341
0.858710092690232,1,0.354099914859585
0.867698195990571,1,0.3515933344104
0.448090453111864,1,0.503243165352676
0.319526627218935,1,0.571892263597918
0.145336178007887,1,0.703032721447867
1.97247431629013,1,0.160185472007638
1.0446027720753,1,0.306753399854803
0.204905190311419,1,0.650790313598794
3.19468633633932,1,0.0738779411266081
0.313278746885013,1,0.575675150015983
0.400260551200557,1,0.526954728068088
2.27425461817109,1,0.131538352306475
0.693785442924961,1,0.404879788011583
10.9279783620791,1,0.000947228012733947
0.0436406154726174,1,0.834523678042731
0.311754722387533,1,0.57660540847686
15.411776821031,1,8.64478516073852e-05
0.237607176706562,1,0.625939704532432
0.310245436282645,1,0.577529614887739
0.118419924554184,1,0.730754567318302
1.43281009541397,1,0.231306376403191
11.8233984375,1,0.000584910037619846
16.5762333445775,1,4.67330156830315e-05
0.186851211072664,1,0.665550351249315
0.028797930895833,1,0.865246442757789
25.4016,1,4.65531846072231e-07
1.9996258237686,1,0.157338043339252
17.0483217624529,1,3.64405659808442e-05
1.48600087475497,1,0.222837984869769
0.314817726466162,1,0.574738773656348
0.314817726466162,1,0.574738773656348
1.37501546991411,1,0.240952022235918
0.173775044634001,1,0.676778369226918
2.60922677391554,1,0.106243553850658
1.36770904813254,1,0.242205891211101
29.3838347425951,1,5.93708235907542e-08
57.7508275805078,1,2.97539770599542e-14
0.143953790085109,1,0.704381623503203
9.4333966796945,1,0.00213069284286649
0.218083815207137,1,0.640503849715635
0.602513536026656,1,0.43762060209447
5.44868061711958,1,0.0195831109748036
27.3176345100739,1,1.72629838091076e-07
0.237607176706562,1,0.625939704532432
0.0828777571634714,1,0.773434790696238
3.58606682090866,1,0.058265993938753
13.6903735271471,1,0.000215556588288646
7.19913005502664,1,0.00729389303963934
0.275388561943564,1,0.59973977075218
4.05316695817127,1,0.0440885602427274
16.6537288123058,1,4.48620325248505e-05
1.78512396694215,1,0.181521389526096
6.34872599986582,1,0.0117465625073125
0.145336178007887,1,0.703032721447867
1.68472031715025,1,0.19429841231835
4.22696789536266,1,0.0397864569466815
0.118419924554184,1,0.730754567318302
1.83062506718822,1,0.176053733508388
1.68079700519261,1,0.194818582935017
0.0403412121750069,1,0.840814911922597
0.540395755631583,1,0.462268758765723
0.3536,1,0.552082297766469
3.34398128324429,1,0.0674512186285372
0.603355719772691,1,0.437300523775819
0.193493294380654,1,0.660024944102835
0.665916689925439,1,0.414478867488544
0.0167209631593706,1,0.897112704552726
1.48600087475497,1,0.222837984869769
0.236461699711765,1,0.626773423557178
0.00313364956721607,1,0.955358528482686
9.10905612244898,1,0.00254347083300743
0.794383361125933,1,0.37277797570019
1.18468068463896,1,0.27640515711818
1.65154326193287,1,0.198749014995951
0.1854,1,0.666773056740416
0.672672376251996,1,0.412121443770895
1.05421580263125,1,0.304538143662805
0.496394959681948,1,0.481088442997219
1.69408054453275,1,0.193063935882889
7.27875171467764,1,0.00697750068469238
21.7286678125649,1,3.14062734374509e-06
16.3765395857985,1,5.19239554140905e-05
4.48248197154108,1,0.0342439566514215
0.407957693276252,1,0.523007923890729
10.7508408953078,1,0.00104231947808464
1.36047950690383,1,0.243454396155607
4.23598044699799,1,0.0395757593189467
0.525989156555086,1,0.468297999673008
0.0699708454810496,1,0.791379233748365
4.82485241966496,1,0.0280522666282651
0.143272405314445,1,0.705049230089236
0.3536,1,0.552082297766469
0.443692733564014,1,0.505345494078554
0.552628431143591,1,0.457245703064265
1.976475,1,0.15976225123203
2.78602257434616,1,0.0950899798219275
10.0566007653061,1,0.00151803058113287
0.117861921043131,1,0.731365077864628
0.00029778870029245,1,0.986231944297691
1.36047950690383,1,0.243454396155607
10.2877624184799,1,0.00133915383805738
0.313278746885013,1,0.575675150015983
2.35031839610861,1,0.125257421609161
26.0796123688433,1,3.27625249041397e-07
10.137770190177,1,0.00145261774407424
6.01569087695943,1,0.0141792263272456
2.16916414292336,1,0.140802747003981
8.26615537190083,1,0.00403909484809784
0.0468009573218076,1,0.828726403539615
0.924430027603502,1,0.336314473848515
0.699140076701783,1,0.403072791862706
0.448090453111864,1,0.503243165352676
0.112703673843153,1,0.737086790042952
0.204905190311419,1,0.650790313598794
0.188560137709412,1,0.664117713819011
3.63247863247863,1,0.0566623700744892
0.609418282548477,1,0.435006921134963
1.01877919454614,1,0.312808762739489
0.0123550123233238,1,0.911494939429329
56.230337839626,1,6.45039577307216e-14
1.88959354208958,1,0.169247773200816
3.1640625,1,0.0752756432048391
0.35709006381142,1,0.550126797900178
0.299997060601988,1,0.583884263514532
0.178461534272239,1,0.672698720829106
0.204905190311419,1,0.650790313598794
10.3962138063306,1,0.00126273965620982
0.35709006381142,1,0.550126797900178
1.59011922264709,1,0.207309101057738
2.30538168770853,1,0.128926606956954
2.137751315576,1,0.143712412144478
0.0943133848770039,1,0.758763571188323
0.498866213151928,1,0.479998722325441
30.9311195072719,1,2.67350318550186e-08
1.29580191079202,1,0.254981479117609
1.85707731407977,1,0.172962499427406
0.612495377218935,1,0.433849800604659
7.18876118036355,1,0.00733616119769998
12.3308757243087,1,0.000445527349091868
1.16755857898715,1,0.279903455213856
0.00552268244575937,1,0.940759938657647
0.313278746885013,1,0.575675150015983
0.314817726466162,1,0.574738773656348
0.228825033849857,1,0.632396420009782
1.9408182489101,1,0.163579717457545
0.208955138047835,1,0.647587591478214
0.271406914763558,1,0.602389559742499
36.5722800989251,1,1.47108869530399e-09
2.89374071390111,1,0.0889242383036145
6.72489087997796,1,0.0095076547341636
0.272721289537046,1,0.601512122481903
10.9241597350295,1,0.000949182440713625
4.67514551382683,1,0.0306021101552151
4.44203113952919,1,0.0350645072986646
0.0103687809590947,1,0.91889382642288
0.438173621940051,1,0.508005290030012
0.0110288065843622,1,0.916361426555088
2.5926826835276,1,0.107358359497085
3.95693447866894,1,0.0466786372020919
0.493948024207903,1,0.482171447122277
0.547627294586227,1,0.45928880416029
0.555406034884323,1,0.456117165795697
1.09530490584356,1,0.295298795023814
2.71715420400271,1,0.0992748680686599
12.1398047864442,1,0.000493569422972628
0.841211344335844,1,0.35905055543087
37.4090375645591,1,9.57772749998753e-10
0.0844744624455217,1,0.771322910488903
0.211486737103018,1,0.645604602123042
0.314817726466162,1,0.574738773656348
4.21881811938248,1,0.0399779978916914
0.63838011589542,1,0.424297990049177
1.07365945216199,1,0.300120322779312
0.236461699711765,1,0.626773423557178
4.98589701752185,1,0.0255547330581558
0.606371882086168,1,0.436157140100994
94.4303498486857,1,0
0.317941439069618,1,0.57284739883216
0.876668649613325,1,0.349115735692165
0.236461699711765,1,0.626773423557178
15.2108592498053,1,9.61489301882779e-05
9.21959571938169,1,0.00239438413212112
102.800470842113,1,0
1.01611839004619,1,0.313441510681954
1.38986389232595,1,0.238428086296658
1.18403979238754,1,0.276535106024336
7.27875171467764,1,0.00697750068469238
2.68744047350063,1,0.10114216274493
0.0723653119092629,1,0.787923515190515
0.718501768281607,1,0.396635796444425
4.04949591694281,1,0.0441845367848855
10.232065785621,1,0.0013801999734705
0.947986650241768,1,0.33023230816183
0.202938475665748,1,0.652359375013656
0.0588781024875789,1,0.808278012820942
0.420383286483248,1,0.516745853714097
0.00824499933941074,1,0.927649937757719
0.175467756788931,1,0.675297463794829
2.54824352623912,1,0.110416948789772
0.143272405314445,1,0.705049230089236
7.39701443334473,1,0.00653322197038786
5.76689342403628,1,0.0163308788486736
0.0811654456440999,1,0.775724204038017
0.144641683103222,1,0.70370947119751
1.57632383020631,1,0.20929101172385
0.0954776013526126,1,0.757325710212382
0.236461699711765,1,0.626773423557178
0.991512408883857,1,0.319373009295558
5.41504517214921,1,0.0199639367420094
0.143272405314445,1,0.705049230089236
0.201969196978914,1,0.653136040111586
2.14044479398844,1,0.143460291120186
0.493948024207903,1,0.482171447122277
1.1933865667529,1,0.274647508505973
2.91357056404534,1,0.0878372127095044
0.172940868198096,1,0.677511281924434
1.84740575483722,1,0.174085422135277
0.311754722387533,1,0.57660540847686
0.930697168883598,1,0.334681831689834
2.50508875739645,1,0.113479091322219
0.735979836168872,1,0.390951731157395
0.272721289537046,1,0.601512122481903
5.42899209156479,1,0.0198051066590786
0.236461699711765,1,0.626773423557178
7.19913005502664,1,0.00729389303963934
0.144641683103222,1,0.70370947119751
1.50843375495187,1,0.219378237101835
0.385941811088095,1,0.534440309118627
1.19439435815679,1,0.274444950936997
6.15422887147575,1,0.013109826154998
44.1784179180587,1,2.99767988209965e-11
0.72855474920446,1,0.393352051998465
0.355336474243974,1,0.551107715811613
6.64416888272247,1,0.00994808746447751
0.735979836168872,1,0.390951731157395
0.171296296296296,1,0.678962308510818
42.9543121325562,1,5.6033289119739e-11
0.118419924554184,1,0.730754567318302
0.276195186484729,1,0.599205940158309
18.1671964399237,1,2.02334076074839e-05
0.313278746885013,1,0.575675150015983
36.4736727402176,1,1.54742285651821e-09
4.03053610420235,1,0.0446837395318255
0.040917869486711,1,0.839696537751257
0.202938475665748,1,0.652359375013656
5.05346592303165,1,0.0245767299592052
3.91947530864198,1,0.0477297747144756
0.895175861983614,1,0.344078541830027
0.119559113349947,1,0.729513159377341
0.0109547651821432,1,0.916641624119057
20.6689734717416,1,5.45935004370168e-06
1.01611839004619,1,0.313441510681954
4.54523466137852,1,0.0330104971295885
16.6118543453114,1,4.5863463353446e-05
1.16572148708254,1,0.280282106923824
32.5072691066222,1,1.18747539579189e-08
0.785921521997622,1,0.375336223827204
1.77540971187596,1,0.182713999110931
64.3460739323143,1,9.99200722162641e-16
0.567372937856439,1,0.45130473338291
0.0954776013526126,1,0.757325710212382
0.575439921397309,1,0.448105297763819
1.06562910665052,1,0.301934818335751
7.01834705075446,1,0.00806786752610267
0.0977777777777777,1,0.754512862693725
0.0319122090109157,1,0.858220473407978
2.98480902777778,1,0.0840492013772586
14.526715177107,1,0.000138185973524663
0.735979836168872,1,0.390951731157395
0.317941439069618,1,0.57284739883216
0.351880392038568,1,0.553050611047318
0.143272405314445,1,0.705049230089236
12.9573375677436,1,0.000318670045883152
9.30103806228374,1,0.00229024051121285
0.407957693276252,1,0.523007923890729
0.819234872732815,1,0.365403966050814
0.201969196978914,1,0.653136040111586
0.448090453111864,1,0.503243165352676
2.2003844007688,1,0.137976326485842
42.9543121325562,1,5.6033289119739e-11
0.213750680793109,1,0.643843408265368
0.878337116216945,1,0.348657534654478
16.5081853518492,1,4.84405019498535e-05
0.493948024207903,1,0.482171447122277
1.99818896031017,1,0.157487278799592
3.35664102249369,1,0.0669344658940667
3.56286776801919,1,0.0590855776431334
0.237607176706562,1,0.625939704532432
0.589955029001516,1,0.442436509250045
0.810761532989401,1,0.367895198993216
23.9216651227284,1,1.00336215114183e-06
0.73452164127488,1,0.391421463348877
17.4281220509594,1,2.9837868135596e-05
105.041463829041,1,0
1.48600087475497,1,0.222837984869769
0.271406914763558,1,0.602389559742499
0.146745357096949,1,0.701665218571974
7.91424418604651,1,0.00490470668949361
0.203917094921817,1,0.651577485720653
22.0319792903258,1,2.68145375847961e-06
1.37424476167788,1,0.241083911672401
17.6345210421447,1,2.67685014764263e-05
0.29739773930216,1,0.585518422314572
0.205145179049795,1,0.650599470398469
4.57239104792244,1,0.0324911857807912
4.46298109252007,1,0.0346369989348342
1.29782476240727,1,0.254610938347043
1.88389081122645,1,0.169892589834068
0.810449137418203,1,0.367987496399486
1.4962534430643,1,0.221248732002477
0.872160429823735,1,0.350357903929343
0.0968469086102595,1,0.755646789353262
3.63247863247863,1,0.0566623700744892
0.402244897959184,1,0.525932169596187
0.0002765907711357,1,0.986730978917721
14.7758374885262,1,0.000121077010197257
28.13671875,1,1.13040722560243e-07
27.1089108910891,1,1.92309450364192e-07
0.669277527618193,1,0.413303607206438
4.76046538734761,1,0.0291206732877938
0.0422894413690261,1,0.837069030371338
2.29754348484039,1,0.129578789293012
9.35381665961817,1,0.00222521592553093
0.414576124567474,1,0.519655935937996
15.0358615783845,1,0.000105487510653535
0.166097622394496,1,0.68360352040926
0.275388561943564,1,0.59973977075218
4.68135127314815,1,0.0304917544229183
0.547155575675268,1,0.459482259102442
0.144641683103222,1,0.70370947119751
0.552628431143591,1,0.457245703064265
2.396369745455,1,0.121617183886557
0.101200973212738,1,0.750393151682586
0.0634687553137782,1,0.801095123989488
0.274048442906574,1,0.600628880788515
5.29102670132325,1,0.0214355789420972
6.63551336464614,1,0.00999653833375547
7.07301353391982,1,0.00782535293534714
1.64299802761341,1,0.199914622630441
0.316371882086168,1,0.573796212550348
11.6397191455106,1,0.000645583494427338
0.359328641518605,1,0.548879327393551
0.204905190311419,1,0.650790313598794
4.70986552683955,1,0.0299899973810376
0.235327203893997,1,0.627601614814355
9.30232558139535,1,0.00228863153925196
0.112363003782971,1,0.73746976225304
0.615603631356624,1,0.432685711372922
0.0941202849735897,1,0.759002995915955
0.117861921043131,1,0.731365077864628
0.0314022006169608,1,0.859346063936923
0.3536,1,0.552082297766469
44.6116878940328,1,2.40253372751909e-11
0.735979836168872,1,0.390951731157395
0.0147141448151549,1,0.903451935158262
2.51435011874572,1,0.112814132827364
0.203917094921817,1,0.651577485720653
7.6911869096595,1,0.00554911222035204
0.174617301530794,1,0.676040448896426
0.398295656817373,1,0.527970765772683
1.209375,1,0.271455936872794
7.91133795032721,1,0.00491259230057273
0.289546761571095,1,0.590511122571517
1.75529239947369,1,0.185212784981913
0.728657784757071,1,0.39331859893618
20.8672959704205,1,4.92227318560357e-06
2.43981634527089,1,0.118290074297034
0.456367442330542,1,0.499326565215028
2.3067549519743,1,0.128812720587634
0.369247550633347,1,0.543414703420946
21.0282635045309,1,4.52557886265748e-06
0.615603631356624,1,0.432685711372922
41.5219026068213,1,1.16557652418692e-10
0.185835737819273,1,0.666405335169225
10.4790512987103,1,0.00120735738749067
0.000816859788385043,1,0.977198957862176
0.000989680777455341,1,0.974903335885512
1.82717272662931,1,0.176461854242449
8.95336606571057,1,0.00276958789870396
1.00573224852071,1,0.315927435597613
1.17787031528852,1,0.277789983836083
3.02633902540608,1,0.0819226702889957
4.70399530539391,1,0.0300925859452171
1.02139202855443,1,0.312189043499708
0.202938475665748,1,0.652359375013656
49.957583184089,1,1.57107660214706e-12
0.0954776013526126,1,0.757325710212382
18.0326249104424,1,2.17151445149888e-05
1.82186364937254,1,0.177091601527811
0.930697168883598,1,0.334681831689834
0.402244897959184,1,0.525932169596187
1.8544538787875,1,0.173266269213661
0.358861022664487,1,0.549139475745601
0.118419924554184,1,0.730754567318302
0.549878414136684,1,0.458367378301643
0.274048442906574,1,0.600628880788515
0.735979836168872,1,0.390951731157395
3.46433225299876,1,0.0627058208598956
0.235327203893997,1,0.627601614814355
39.3419442056617,1,3.55717455491344e-10
0.237607176706562,1,0.625939704532432
2.89842106967052,1,0.0886663641497444
15.7857021880972,1,7.09365514705018e-05
0.275388561943564,1,0.59973977075218
0.118024007787582,1,0.731187572867401
0.019399288356867,1,0.889227844077458
0.448090453111864,1,0.503243165352676
1.97476158575513,1,0.159943352251497
1.0896528677544,1,0.296548134939702
1.66833859340716,1,0.196481214012387
12.5811149183447,1,0.000389664206376317
2.05315950077586,1,0.151890696902302
0.311754722387533,1,0.57660540847686
2.66955953923182,1,0.102284327334499
0.0654405201600493,1,0.798094889369579
1.39740842771146,1,0.237157966631405
5.91104767891545,1,0.0150462208654877
0.395616048591932,1,0.529362041504285
12.5593104661603,1,0.000394237188063529
0.015789653291091,1,0.90000353033802
7.33642513117707,1,0.00675710856976941
3.50966109230191,1,0.0610119351221435
2.13997324497409,1,0.143504394140386
0.950030188724362,1,0.329711613152337
9.83809645862703,1,0.0017093429409516
0.0977777777777777,1,0.754512862693725
0.272721289537046,1,0.601512122481903
0.172940868198096,1,0.677511281924434
1.32644273337598,1,0.249439046465918
0.0319122090109157,1,0.858220473407978
1.96579292591767,1,0.160895128122832
1.29229855138072,1,0.255624788663844
0.3536,1,0.552082297766469
26.8869756235828,1,2.15707646744612e-07
0.311754722387533,1,0.57660540847686
0.172940868198096,1,0.677511281924434
0.172114656571119,1,0.678239243231068
0.118983234180638,1,0.730139880923261
0.272721289537046,1,0.601512122481903
0.310245436282645,1,0.577529614887739
0.400260551200557,1,0.526954728068088
1.17869747138332,1,0.277621324072216
4.98917332506035,1,0.0255063913142219
12.2525106824476,1,0.000464632574557866
0.236461699711765,1,0.626773423557178
1.1083179096025,1,0.292447890118042
0.118419924554184,1,0.730754567318302
0.201969196978914,1,0.653136040111586
0.802461174070318,1,0.37035853618809
1.28402366863905,1,0.257152240561018
0.313278746885013,1,0.575675150015983
0.143953790085109,1,0.704381623503203
0.0977818017202355,1,0.754507973866756
0.335477138284213,1,0.562451610961681
42.374162170687,1,7.53792583907398e-11
0.603355719772691,1,0.437300523775819
3.53884869455804,1,0.0599470578080994
5.63003599309962,1,0.0176552689428437
6.26271541284555,1,0.0123305067281079
1.14531740813792,1,0.284531529752459
0.229710488846701,1,0.631738579765007
0.594378698224852,1,0.440730880904821
8.01614044409589,1,0.00463622688783683
0.872160429823735,1,0.350357903929343
10.3690339990646,1,0.0012814658201783
0.515575064323836,1,0.472735361679984
0.235327203893997,1,0.627601614814355
0.0790197474798318,1,0.778630239466219
0.00209056677588144,1,0.96353125783919
1.01089873742678,1,0.314687625594192
0.400260551200557,1,0.526954728068088
0.35709006381142,1,0.550126797900178
0.145336178007887,1,0.703032721447867
0.235327203893997,1,0.627601614814355
0.552628431143591,1,0.457245703064265
0.540395755631583,1,0.462268758765723
0.202938475665748,1,0.652359375013656
11.8711190950456,1,0.000570111450440169
0.0526445693270615,1,0.818523806911793
1.67833889727752,1,0.195145320271102
0.205902900032974,1,0.649997799092183
1.2771054390248,1,0.258437924417489
0.201969196978914,1,0.653136040111586
20.231452991453,1,6.86154574769393e-06
0.223806201914317,1,0.636154962286456
40.4034301455838,1,2.06578087968978e-10
34.6820347170969,1,3.88197562983805e-09
7.51550550101924,1,0.00611701163906753
0.184452942583929,1,0.667574053878886
0.201969196978914,1,0.653136040111586
0.00112661283521673,1,0.973223989600742
0.204764258299783,1,0.65090244794058
6.31352035840422,1,0.0119820695036401
0.021078367648036,1,0.884565669494272
1.68101753375391,1,0.1947893010752
0.271406914763558,1,0.602389559742499
0.510754913256004,1,0.474812242410319
6.96031065088757,1,0.00833375620738208
0.0959297161406323,1,0.756769917247399
4.67447942647113,1,0.0306139797674604
72.9017127085335,1,0
5.56106896235051,1,0.0183641977039467
0.117861921043131,1,0.731365077864628
0.143272405314445,1,0.705049230089236
8.08373452051541e-07,1,0.999282625352857
0.478979420792517,1,0.48888496106996
8.32781051929278,1,0.00390426860159565
0.445880768349457,1,0.504297630854606
0.272721289537046,1,0.601512122481903
2.32244213763937,1,0.127519682625872
2.71553915683921,1,0.099375388771108
0.498866213151928,1,0.479998722325441
2.93725754764716,1,0.0865575788421264
0.250311050008592,1,0.61685614271351
41.0798446888206,1,1.4613554810694e-10
5.62648760330578,1,0.0176910450270279
0.172940868198096,1,0.677511281924434
12.5346414047713,1,0.000399476270073529
6.43941689918903,1,0.0111615277960324
0.236123929063471,1,0.627019741708051
18.0725978765027,1,2.12639749829213e-05
1.18617792395051,1,0.276101872207159
7.3185652700206,1,0.00682458730352686
0.143272405314445,1,0.705049230089236
13.8816649011537,1,0.000194688525733122
2.36236757288665,1,0.124293423059756
1.46676716874114,1,0.225856455109844
15.9008119331424,1,6.67500756306172e-05
1.91883335469264,1,0.165985327662624
0.35709006381142,1,0.550126797900178
0.146745357096949,1,0.701665218571974
0.180693333333333,1,0.670778076707954
10.3084423788469,1,0.00132423005225024
0.836722522190992,1,0.360335816592721
0.00826777152561807,1,0.9275503680883
3.65569125868899,1,0.0558779631257278
0.0763419024039541,1,0.782317360717501
1.54286684947463,1,0.214191584313495
0.0954776013526126,1,0.757325710212382
1.46959906965753,1,0.225408962127204
0.558211641747713,1,0.454981697987257
1.11204999963279,1,0.291636757900232
0.118419924554184,1,0.730754567318302
15.1293722540924,1,0.000100389161367676
0.313278746885013,1,0.575675150015983
0.0252077466147138,1,0.873850498083319
0.119120829507883,1,0.729989983714899
0.201969196978914,1,0.653136040111586
0.17984729946272,1,0.671504501807827
8.75148744387044,1,0.00309349632342959
0.564447714681441,1,0.452473721062832
0.0647855497447219,1,0.799086086643752
2.27830716775442,1,0.131195001917616
0.000194441053040478,1,0.98887448894089
3.79694666411402,1,0.0513461346634502
0.612505277742226,1,0.433846085147168
3.25656340201569,1,0.0711380685777048
22.2195910515116,1,2.43179766801216e-06
22.9257838279214,1,1.68378068088337e-06
0.398295656817373,1,0.527970765772683
0.684912809878405,1,0.407900131586717
1.64304221917391,1,0.19990857408879
0.326028450595925,1,0.568007091941559
0.313278746885013,1,0.575675150015983
1.44419400644928,1,0.229461862997004
1.78512396694215,1,0.181521389526096
0.0954776013526126,1,0.757325710212382
0.934521894821373,1,0.333690663600293
0.172114656571119,1,0.678239243231068
0.0517241379310345,1,0.820089851129244
2.01368343195266,1,0.155886439460978
1.976475,1,0.15976225123203
1.10678603553296,1,0.292781661636002
4.00790670303033,1,0.0452873450803665
25.3752677374679,1,4.71930009404709e-07
2.14044479398844,1,0.143460291120186
0.456555671175859,1,0.499238099544036
0.314817726466162,1,0.574738773656348
0.810761532989401,1,0.367895198993216
0.985861240185868,1,0.320756031741128
0.0693734240560765,1,0.792251267379551
0.276741837385255,1,0.598844727479599
20.3575363548135,1,6.42395842631593e-06
0.204905190311419,1,0.650790313598794
0.172114656571119,1,0.678239243231068
20.4465306122449,1,6.1320614207494e-06
16.7720881417724,1,4.21487425023015e-05
1.43871091157992,1,0.230348056906549
3.56080705464103,1,0.0591589694329003
7.97028917945824,1,0.00475513416556461
10.485173224268,1,0.00120336334982274
0.118983234180638,1,0.730139880923261
0.010498891294275,1,0.918388308797557
0.428571428571429,1,0.512690760261923
0.237607176706562,1,0.625939704532432
0.33530060212193,1,0.562554445892613
1.72837370242214,1,0.188618724091759
0.139944684753448,1,0.708336009315603
4.4355703550634,1,0.0351974576412936
0.407957693276252,1,0.523007923890729
0.242302145097411,1,0.622548306392547
0.257171471046255,1,0.612070085481967
6.30995024803918,1,0.0120062208581359
36.54669782551,1,1.49052259423854e-09
0.157489136691608,1,0.691478807234877
31.8572207490415,1,1.65931670625952e-08
12.5423263962067,1,0.000397836684567388
1.976475,1,0.15976225123203
5.43170445546465,1,0.0197743698284958
0.272721289537046,1,0.601512122481903
1.36439567725333,1,0.242777122705704
0.172940868198096,1,0.677511281924434
3.63247863247863,1,0.0566623700744892
3.39464378717689,1,0.0654084897956994
1.36770904813254,1,0.242205891211101
0.3536,1,0.552082297766469
0.527764450392667,1,0.467548250232461
21.2444636678201,1,4.04276383991764e-06
0.172114656571119,1,0.678239243231068
0.3536,1,0.552082297766469
0.540395755631583,1,0.462268758765723
0.173775044634001,1,0.676778369226918
4.30561894279041,1,0.0379866700443729
0.358861022664487,1,0.549139475745601
0.503883136094674,1,0.477798856973996
0.171296296296296,1,0.678962308510818
5.29290440135426,1,0.0214124800005397
121.664330719308,1,0
0.322744839287397,1,0.569962747653351
0.927363151693423,1,0.33554904710921
0.235327203893997,1,0.627601614814355
0.511600237953599,1,0.474446944675241
1.19027396927856,1,0.275274300407838
1.152,1,0.283130870662347
26.8032716321561,1,2.25255663899304e-07
0.172940868198096,1,0.677511281924434
0.606371882086168,1,0.436157140100994
0.130718682671591,1,0.71768804489855
0.332647931763647,1,0.564104034217923
1.33340980959647,1,0.248199513884567
0.144641683103222,1,0.70370947119751
0.934629117560203,1,0.333662933638411
1.70571219868517,1,0.191542637219532
7.36659524538312,1,0.00664466255950547
57.4752580989676,1,3.41948691584548e-14
0.143272405314445,1,0.705049230089236
14.4152558467573,1,0.000146609765533601
18.5354675741384,1,1.66771885250494e-05
0.810761532989401,1,0.367895198993216
2.20455770476309,1,0.137603355825968
0.2079277288236,1,0.648396499978178
24.963093164899,1,5.84383149315748e-07
1.41174128734734,1,0.234767544618789
0.0589973447358804,1,0.808087753721542
1.46175396683681,1,0.226651252374877
0.628357882986726,1,0.427958293678484
0.717732683915224,1,0.396888638450936
0.72855474920446,1,0.393352051998465
12.294139785599,1,0.000454382746959414
2.91357056404534,1,0.0878372127095044
1.67623924852875,1,0.195424918312613
3.63247863247863,1,0.0566623700744892
0.174617301530794,1,0.676040448896426
1.53943930513382,1,0.214701282759327
0.144641683103222,1,0.70370947119751
3.85469077314221,1,0.0496070703658629
0.400260551200557,1,0.526954728068088
0.275388561943564,1,0.59973977075218
0.208955138047835,1,0.647587591478214
0.798374219770649,1,0.371579896011851
1.64304221917391,1,0.19990857408879
4.45543275956106,1,0.0347903999497864
18.5883870967742,1,1.62205660472203e-05
0.719239466565402,1,0.396393491249754
0.143272405314445,1,0.705049230089236
2.67600815446265,1,0.101870796991701
32.0927643784787,1,1.46983722970617e-08
93.9027101258511,1,0
0.242302145097411,1,0.622548306392547
1.55693436094384,1,0.212114653889322
0.000700277008310247,1,0.978888246328541
1.3336549454471,1,0.248156038619481
0.43348871995827,1,0.510282033069883
0.472911545322785,1,0.491650762165323
2.49107142857143,1,0.114493757013468
8.44559695399037,1,0.0036592830234784
1.49882352941176,1,0.220852469896346
54.4585934735397,1,1.58761892521397e-13
0.358861022664487,1,0.549139475745601
0.274048442906574,1,0.600628880788515
0.171296296296296,1,0.678962308510818
0.271406914763558,1,0.602389559742499
0.0963931291235293,1,0.756201722818161
64.7548942274306,1,8.88178419700125e-16
0.398295656817373,1,0.527970765772683
0.172114656571119,1,0.678239243231068
0.0106952558675349,1,0.917631329857789
0.0763419024039541,1,0.782317360717501
0.236461699711765,1,0.626773423557178
19.3703698224852,1,1.07664639257266e-05
0.171296296296296,1,0.678962308510818
0.898520976950347,1,0.343178601358265
1.39139922188411,1,0.238168946643372
0.609418282548477,1,0.435006921134963
0.3536,1,0.552082297766469
0.794328565924239,1,0.37279446312431
54.4560609564462,1,1.58983937126322e-13
0.0211430406631695,1,0.884389958954536
7.19913005502664,1,0.00729389303963934
0.606371882086168,1,0.436157140100994
0.274886778670563,1,0.60007235822455
4.4792948547327,1,0.0343078732270786
0.271406914763558,1,0.602389559742499
0.547155575675268,1,0.459482259102442
0.00115206764433877,1,0.972923304043911
0.371766499009297,1,0.542042945924238
0.37626042237774,1,0.539611421366728
0.426872503199026,1,0.51352756712703
0.669277527618193,1,0.413303607206438
0.798374219770649,1,0.371579896011851
3.09713488109645,1,0.0784302140489085
0.253613758221204,1,0.614541935555842
2.18580904538002,1,0.139287855371585
1.01089873742678,1,0.314687625594192
2.41108162757742,1,0.120479096129329
11.439023431071,1,0.000719175787960658
0.310245436282645,1,0.577529614887739
0.143953790085109,1,0.704381623503203
0.501362148302466,1,0.47890221675332
5.72402390684093,1,0.0167343363294639
0.445880768349457,1,0.504297630854606
0.402244897959184,1,0.525932169596187
1.81706326835466,1,0.177663241974399
6.79916640836894,1,0.00912004432981917
0.23876379494482,1,0.625100396245646
0.172114656571119,1,0.678239243231068
1.3380087890541,1,0.247385427724557
5.81003847894975,1,0.0159349455533778
0.832281204263792,1,0.361613723400161
59.5137353428349,1,1.21014309684142e-14
0.0892017817093486,1,0.765194387906686
0.120126077277436,1,0.728897788793905
0.567345535950504,1,0.451315661901093
3.92652364943321,1,0.0475301015481235
3.26843402951112,1,0.0706250097302624
4.27118448013748,1,0.0387639004585749
0.361493762572087,1,0.547677806190944
2.78551014126796,1,0.095120399415086
1.98054712291776,1,0.159332780380393
0.8457484347584,1,0.357757874000683
0.609418282548477,1,0.435006921134963
0.143272405314445,1,0.705049230089236
17.5012783987143,1,2.87114561381419e-05
4.57135178715399,1,0.0325109017594186
0.609418282548477,1,0.435006921134963
0.147460237755373,1,0.700974357798102
59.9543715726812,1,9.65894031423886e-15
0.0357011995318286,1,0.850133877773728
1.01297813153984,1,0.314190426525132
7.554872969596,1,0.00598480168219928
47.4492961734987,1,5.64448487949676e-12
21.8112244897959,1,3.00835053423931e-06
4.26752145024708,1,0.0388475553576948
1.40503491458167,1,0.235882377556718
1.59208380181867,1,0.20702866915831
4.33907565434827,1,0.0372471398372325
1.52695150531819,1,0.216570546636667
1.17551020408163,1,0.278271927786276
7.8913028194787,1,0.00496730710538951
0.130321099633269,1,0.71809934391026
0.115389573128152,1,0.7340896861576
0.552628431143591,1,0.457245703064265
6.17650642878345,1,0.0129457638829433
20.8506969387755,1,4.96511560210688e-06
9.23567605946895,1,0.00237344754632196
0.96,1,0.327186877790306
0.0190391066488822,1,0.890254430525407
7.10732287723093,1,0.00767696763377612
0.272721289537046,1,0.601512122481903
1.34391007035857,1,0.246345594765966
0.144641683103222,1,0.70370947119751
7.27875171467764,1,0.00697750068469238
0.175467756788931,1,0.675297463794829
1.89086110140624,1,0.169104829930854
0.400260551200557,1,0.526954728068088
5.33851187533837,1,0.0208592724304333
0.0924810322418375,1,0.761046418123467
41.7064444786422,1,1.06058828386324e-10
0.119551925932396,1,0.729520970922985
0.204905190311419,1,0.650790313598794
0.0211430406631695,1,0.884389958954536
0.672672376251996,1,0.412121443770895
0.669277527618193,1,0.413303607206438
0.86328125,1,0.352822083296811
3.37149725195508,1,0.0663334447742084
1.86131630473478,1,0.172472956676454
0.143953790085109,1,0.704381623503203
6.70741187361381,1,0.00960129760349493
0.172114656571119,1,0.678239243231068
0.818762698607229,1,0.365542172179791
3.51782217830478,1,0.0607121746580327
1.41274468971262,1,0.234601293023248
0.634232461629982,1,0.425807056103735
4.57265946502057,1,0.0324860956265427
2.22426283032344,1,0.135857487174341
0.0509830132522705,1,0.821361501247179
1.56853369047272,1,0.210420085223436
0.597694119067745,1,0.439459179036131
0.204905190311419,1,0.650790313598794
0.3536,1,0.552082297766469
0.272721289537046,1,0.601512122481903
0.145336178007887,1,0.703032721447867
0.110562025928989,1,0.739505182373136
0.235327203893997,1,0.627601614814355
1.43871091157992,1,0.230348056906549
0.735979836168872,1,0.390951731157395
70.862140627793,1,0
2.56140364045787,1,0.109501322759087
5.13016672715231,1,0.02351346892358
0.322744839287397,1,0.569962747653351
0.862944848039627,1,0.35291590690465
0.178954001260239,1,0.672273700511152
30.1859410430839,1,3.92544714511445e-08
3.98537004934284,1,0.0458970180665065
17.6962977892185,1,2.59130453932332e-05
0.173775044634001,1,0.676778369226918
23.8310971019285,1,1.05169593767052e-06
6.83124261866003,1,0.00895769251938883
0.383589404916834,1,0.535688480225491
10.7267452343097,1,0.00105598024471854
0.175467756788931,1,0.675297463794829
0.662589355735975,1,0.415647289013008
0.612495377218935,1,0.433849800604659
0.402244897959184,1,0.525932169596187
0.271406914763558,1,0.602389559742499
6.27036734612712,1,0.012277368693977
0.606371882086168,1,0.436157140100994
2.35658402203857,1,0.124755105718347
0.136407947598755,1,0.711878438747478
0.000370335459410774,1,0.984646375848024
0.0924385247229036,1,0.761099668418179
0.218012812618749,1,0.640558244754637
28.680084202148,1,8.53772677000819e-08
0.496394959681948,1,0.481088442997219
0.0718959355409408,1,0.7885960411919
3.63247863247863,1,0.0566623700744892
0.279585798816568,1,0.596972827405562
4.57265946502057,1,0.0324860956265427
0.414160154419895,1,0.519865491972904
0.235327203893997,1,0.627601614814355
17.1262801020586,1,3.49749956856105e-05
2.22339107233819,1,0.135934198171321
3.63247863247863,1,0.0566623700744892
0.581211511619435,1,0.445837838505692
0.144641683103222,1,0.70370947119751
19.7386747901744,1,8.87862688581098e-06
0.0176977040816326,1,0.894167505169529
0.0708482666805172,1,0.790105685639854
0.0879490076788918,1,0.766800941580276
0.275624981606166,1,0.599583203115276
5.2324339498526,1,0.0221694885275014
1.08199186424406,1,0.298252389382522
0.00793076756977381,1,0.929038313616082
41.2992270184228,1,1.30620514404711e-10
0.148182113339523,1,0.700278684249725
7.19913005502664,1,0.00729389303963934
2.35658402203857,1,0.124755105718347
0.274826140448657,1,0.600112576109624
5.61042134037138,1,0.0178539694946018
0.0349664978580598,1,0.851665878543459
4.68570528862394,1,0.0304145755644641
0.402244897959184,1,0.525932169596187
0.351880392038568,1,0.553050611047318
0.214248199506185,1,0.64345789097166
6.52311636232118,1,0.0106481260248984
2.50144882136424,1,0.113741617309574
3.06786039347476,1,0.0798545083989642
0.0267625432525951,1,0.870051859791466
24.7380014168977,1,6.56763823214668e-07
9.28493288633149,1,0.00231046386694977
1.50424628237728,1,0.220019156247362
29.9454653125349,1,4.4436991530894e-08
1.4525917600943,1,0.228112537576775
0.724897959183674,1,0.394541974238978
0.498866213151928,1,0.479998722325441
11.3444082062745,1,0.000756754803956983
0.396349930569331,1,0.528980350898716
5.756818526742,1,0.0164247860778469
2.8423268698061,1,0.0918111735599297
0.000482582444943724,1,0.982473673747534
5.5490738147193,1,0.0184904686296347
0.278108463724859,1,0.597943685074941
2.48527274447244,1,0.114916425582346
17.3604056524244,1,3.09200688657363e-05
0.794328565924239,1,0.37279446312431
67.885467777681,1,2.22044604925031e-16
0.618743519653125,1,0.431514585424926
0.201969196978914,1,0.653136040111586
9.19213839784595,1,0.002430567711459
0.496394959681948,1,0.481088442997219
0.984722840881473,1,0.321035587721987
0.173775044634001,1,0.676778369226918
0.202938475665748,1,0.652359375013656
0.272721289537046,1,0.601512122481903
0.271406914763558,1,0.602389559742499
9.70622248269138,1,0.00183645117046893
1.20101096931091,1,0.273119711702692
0.202938475665748,1,0.652359375013656
2.93340603304599,1,0.0867642662182807
0.173775044634001,1,0.676778369226918
3.63247863247863,1,0.0566623700744892
0.621915526472338,1,0.430336353854369
1.83180555555556,1,0.175914431063563
2.80967881944445,1,0.0936971329873117
0.547155575675268,1,0.459482259102442
0.624282403503183,1,0.429460355425149
1.86131630473478,1,0.172472956676454
0.561045676529733,1,0.453839230200982
0.0288597074792588,1,0.865103368833443
37.1658246407699,1,1.08498687811931e-09
2.13898026315789,1,0.143597315619173
0.676591314693635,1,0.410762969623067
0.0711317207654038,1,0.789696067517315
0.880673104176866,1,0.34801738789594
0.364280730965181,1,0.546138385493747
3.70608857596772,1,0.0542142966787224
8.10437399541739,1,0.00441585695365887
5.33069924961817,1,0.0209529771483065
0.143272405314445,1,0.705049230089236
7.0001089718642,1,0.00815047542268454
0.0954776013526126,1,0.757325710212382
7.39558040003494,1,0.00653843243627439
1.690594408925,1,0.193522631531599
2.18806465186505,1,0.139083978465238
0.145336178007887,1,0.703032721447867
7.61850670697719,1,0.00577723068672908
0.0628231476473771,1,0.802088229747773
0.118983234180638,1,0.730139880923261
0.400260551200557,1,0.526954728068088
17.9798920550811,1,2.23250806420383e-05
1.76185864676292,1,0.184392853481647
8.94016175366347,1,0.00278968015699832
3.21943290243152,1,0.0727688361583223
14.2971670660447,1,0.000156099626788975
3.9885258794771,1,0.0458111268553565
0.810761532989401,1,0.367895198993216
4.55661975805133,1,0.0327917328123047
0.443692733564014,1,0.505345494078554
9.61209183673469,1,0.00193300329480572
18.0810823477948,1,2.11694301058829e-05
1.66074837843048,1,0.197502309601547
11.9020408163265,1,0.000560724762662224
5.37652686470254,1,0.0204094696080795
0.202938475665748,1,0.652359375013656
0.389477513634533,1,0.532574170637627
0.172940868198096,1,0.677511281924434
0.396349930569331,1,0.528980350898716
0.0928238598156716,1,0.760617436842964
0.310144120441751,1,0.577591760753013
0.202938475665748,1,0.652359375013656
4.54523466137852,1,0.0330104971295885
0.0263747672383526,1,0.870988428954534
9.49752066115703,1,0.002057497300331
0.0422894413690261,1,0.837069030371338
1.05478009104213,1,0.304408751784918
27.7349970124235,1,1.39122956932525e-07
0.606371882086168,1,0.436157140100994
1.75818448839976,1,0.184851127572406
31.2151248513674,1,2.30959583680246e-08
11.6965716564273,1,0.000626153589764034
0.766157773412354,1,0.381408306660599
0.0738103554497723,1,0.785867609417829
0.171296296296296,1,0.678962308510818
15.8040615639652,1,7.02515421139305e-05
0.076528025744451,1,0.782058856689502
0.0959297161406323,1,0.756769917247399
6.6618378704075,1,0.00984992770912807
1.20118343195266,1,0.273085276623975
0.143953790085109,1,0.704381623503203
19.1989154043999,1,1.17780290674885e-05
16.8351419766322,1,4.07712733609955e-05
27.8066080461988,1,1.34067416390771e-07
31.2595603483729,1,2.25733096659297e-08
1.35332564398308,1,0.244697563650438
7.53167536541385,1,0.00606235051905535
0.235327203893997,1,0.627601614814355
0.443692733564014,1,0.505345494078554
35.1784666521093,1,3.00831615174246e-09
2.79787518791707,1,0.0943893190567843
0.144641683103222,1,0.70370947119751
1.5006731847232,1,0.220567810508409
0.101383621238252,1,0.750175510267208
1.81825777534178,1,0.17752079854369
0.000428049602381007,1,0.983493456980636
0.272721289537046,1,0.601512122481903
0.311754722387533,1,0.57660540847686
1.87608450979744,1,0.170779836861159
0.236461699711765,1,0.626773423557178
0.201969196978914,1,0.653136040111586
0.193881323963383,1,0.659705668512107
0.802461174070318,1,0.37035853618809
0.45257606864149,1,0.501114152334699
3.3350394806654,1,0.0678187792304128
1.05989184777064,1,0.30323985326075
0.975351913618633,1,0.323349044283185
0.202938475665748,1,0.652359375013656
0.86328125,1,0.352822083296811
1.18403979238754,1,0.276535106024336
0.203917094921817,1,0.651577485720653
0.236461699711765,1,0.626773423557178
0.755220076463092,1,0.384828539513209
30.3589155238815,1,3.59052880760657e-08
0.202938475665748,1,0.652359375013656
0.0659727640114179,1,0.797293305448766
6.72156455249485,1,0.00952540299810911
0.0915120010409288,1,0.762263688203614
0.717299402204205,1,0.397031185422343
0.672672376251996,1,0.412121443770895
0.236461699711765,1,0.626773423557178
0.867698195990571,1,0.3515933344104
1.47318837415066,1,0.224843313092558
0.143953790085109,1,0.704381623503203
4.41992856351403e-07,1,0.999469546090464
4.35150667139946,1,0.0369762202335726
0.887851575002754,1,0.346060175451197
0.268026855684513,1,0.604658455683382
1.89086110140624,1,0.169104829930854
1.00573224852071,1,0.315927435597613
10.5021922915354,1,0.00119232995415064
2.44993813287543,1,0.11752950027927
0.0787883031109244,1,0.778946229537358
4.67228502269527,1,0.0306531177950123
9.18503576718715,1,0.00244001764779067
0.642082507386177,1,0.422957695669269
4.65608310235262,1,0.0309437045921483
17.7581604771085,1,2.50839224024135e-05
0.0245333252448684,1,0.875535531029515
9.56969709673683,1,0.00197815418379199
0.236461699711765,1,0.626773423557178
1.15656819614876,1,0.282178405025302
0.381234093776599,1,0.53694350920282
8.50059798818043,1,0.00355029781244354
0.143272405314445,1,0.705049230089236
0.398295656817373,1,0.527970765772683
2.08428610605288,1,0.148821781496218
1.03721854079682,1,0.308469249208929
2.1390166207704,1,0.143593912144069
27.0106870923428,1,2.02333676813105e-07
17.0618486051,1,3.6181914005784e-05
1.52202571686642,1,0.21731319910632
0.13795918367347,1,0.710318348253684
1.16602445085716,1,0.280219617135184
0.171296296296296,1,0.678962308510818
0.00115206764433877,1,0.972923304043911
0.603355719772691,1,0.437300523775819
4.06051567960193,1,0.0438970921769154
14.0447060634041,1,0.000178515652013655
1.66974453678055,1,0.196292755144799
3.7477404154867,1,0.0528789498082054
0.050506517560384,1,0.822184227909968
19.2190535488487,1,1.16544339329172e-05
0.312817467553822,1,0.575956399039883
0.0274717651193267,1,0.868356776016745
0.0371638722177979,1,0.847131787749088
0.171296296296296,1,0.678962308510818
2.33950961662099,1,0.126129253845469
0.732072616215258,1,0.392212196791435
0.310245436282645,1,0.577529614887739
10.9854772422044,1,0.000918286324294693
3.46994103846241,1,0.0624935382010576
1.72803783929051,1,0.188661677690925
2.97101121175662,1,0.084768851473105
2.70383638953793,1,0.100107098982331
0.254610277960402,1,0.613847384951044
10.8391082414503,1,0.000993785815930015
0.0577677768745862,1,0.810059493725099
12.3615753734722,1,0.000438260726596584
0.202938475665748,1,0.652359375013656
0.319444444444445,1,0.571941704895787
0.318495950405122,1,0.572512928663531
3.30714785613858,1,0.0689791147386126
0.752355813923437,1,0.385731389620526
0.00115206764433877,1,0.972923304043911
0.410382693939108,1,0.521775328931297
15.7569709785418,1,7.20220562829832e-05
0.0817307692307692,1,0.774965484737705
1.4475944474064,1,0.228914336299792
0.158236862631186,1,0.690785009046073
0.976519680239342,1,0.323059554146268
15.8278289591618,1,6.93746258811911e-05
0.23876379494482,1,0.625100396245646
0.0959297161406323,1,0.756769917247399
0.143272405314445,1,0.705049230089236
0.203917094921817,1,0.651577485720653
14.2858469744418,1,0.000157041213551756
0.00793076756977381,1,0.929038313616082
1.1057105705831,1,0.293016279609228
0.0251666362308256,1,0.873952545598505
1.57390537588577,1,0.209640763700474
0.3536,1,0.552082297766469
0.012333570954707,1,0.911571454854295
0.235327203893997,1,0.627601614814355
0.292098372395902,1,0.588878971296141
0.860765547230557,1,0.353524547300271
0.145336178007887,1,0.703032721447867
2.12388027278913,1,0.145018726547962
0.279488639304384,1,0.597036576619995
1.99818896031017,1,0.157487278799592
1.84674328447873,1,0.174162645225782
0.274048442906574,1,0.600628880788515
1.02278285285441,1,0.311859816917797
0.139944684753448,1,0.708336009315603
3.5934743744673,1,0.0580068487313992
1.67996372693056,1,0.194929272420562
0.603966942148761,1,0.437068448293936
12.7549588619762,1,0.000355066559434736
0.1509916025866,1,0.697589542797357
0.37758556792985,1,0.538898240371463
0.954989163834372,1,0.32845259161118
0.0422894413690261,1,0.837069030371338
119.332720490633,1,0
0.171296296296296,1,0.678962308510818
1.27723212924859,1,0.258414309015421
0.171296296296296,1,0.678962308510818
28.6275024628025,1,8.77273074184615e-08
0.270746868312319,1,0.602831206265493
0.498866213151928,1,0.479998722325441
1.38736441115703,1,0.238850692164228
16.0254917351608,1,6.24953414706253e-05
9.20596774182008,1,0.00241227440655634
0.143953790085109,1,0.704381623503203
12.825841174775,1,0.000341864778947487
3.19455558975411,1,0.0738838489516357
1.17358024691358,1,0.278666815563779
4.54523466137852,1,0.0330104971295885
12.2729695748106,1,0.00045956639619682
0.563908572646385,1,0.452689692054154
0.204905190311419,1,0.650790313598794
0.218529653505501,1,0.640162539543022
0.119551925932396,1,0.729520970922985
19.3727335640138,1,1.07531456233767e-05
0.414576124567474,1,0.519655935937996
0.427448511084874,1,0.513243588107165
0.117861921043131,1,0.731365077864628
9.51181931172521,1,0.00204152656604273
3.37320385127077,1,0.0662647729343312
0.450322110263669,1,0.502182029023051
0.0954776013526126,1,0.757325710212382
0.202851208391719,1,0.652429209174745
0.201969196978914,1,0.653136040111586
16.8348253748953,1,4.07780755196097e-05
7.08578562582098,1,0.00776977495101006
13.1420581560404,1,0.00028874051008998
0.501362148302466,1,0.47890221675332
13.6613170084426,1,0.000218917901078863
0.0959297161406323,1,0.756769917247399
0.0441638772221209,1,0.833549015182348
0.175467756788931,1,0.675297463794829
4.4026115446834,1,0.0358839403611705
15.2108592498053,1,9.61489301882779e-05
0.237607176706562,1,0.625939704532432
0.203139427516159,1,0.652198635347698
0.143272405314445,1,0.705049230089236
8.17111815301041,1,0.00425626603826013
7.54954515919428,1,0.00600252237239596
0.88582591181538,1,0.346610958438829
3.77971101706556,1,0.0518776196505459
2.01330060085932,1,0.155925768929656
0.204905190311419,1,0.650790313598794
0.180749553837002,1,0.670729875625314
0.0120251956480244,1,0.912679458179046
1.26386140685433,1,0.260921442571506
3.35171597633136,1,0.0671349947534556
27.8254522802711,1,1.32767939642342e-07
0.173060461074894,1,0.677406079709582
8.30007972215023,1,0.00396433382065631
0.107326262297272,1,0.743208925679663
0.74355740630577,1,0.388523691651806
4.51781329761939,1,0.0335436778597062
38.5947578288089,1,5.21588217061719e-10
3.51199751299507,1,0.0609259567138405
16.6040540246966,1,4.60524770748982e-05
1.12446440009701,1,0.288959179991218
0.400260551200557,1,0.526954728068088
16.4531211958624,1,4.98680113821814e-05
0.045044478313787,1,0.831922263393315
23.676806328592,1,1.13947568747275e-06
0.313278746885013,1,0.575675150015983
0.132879000594884,1,0.715465471198385
1.15976331360947,1,0.281514632510023
0.123375529984811,1,0.725401904760479
0.000624534628280728,1,0.980062388930713
1.21587838690942,1,0.270171039465653
0.867698195990571,1,0.3515933344104
0.230472547498763,1,0.631173662828609
0.00551349056830169,1,0.940809167751276
0.228825033849857,1,0.632396420009782
1.18403979238754,1,0.276535106024336
20.0560198022204,1,7.52064239484262e-06
0.239931717616406,1,0.624255436244986
0.203917094921817,1,0.651577485720653
9.61179718546523,1,0.00193331346890124
6.61562613210965,1,0.0101087792138939
1.87608450979744,1,0.170779836861159
1.44631117604091,1,0.229120779034297
18.6418147877607,1,1.57722953233463e-05
0.0356500427703846,1,0.850240018120703
0.0424445646295295,1,0.836774674008533
0.216983375601695,1,0.641348110646854
0.493948024207903,1,0.482171447122277
0.96333950209498,1,0.326346924386972
0.355336474243974,1,0.551107715811613
0.3536,1,0.552082297766469
0.146037370242214,1,0.702351321703865
0.241111111111111,1,0.623404761102108
0.769319204528959,1,0.380427744271905
1.13656580525224,1,0.286379161389693
0.143953790085109,1,0.704381623503203
0.653520036234433,1,0.41885697902399
0.116053574353196,1,0.733354760103939
0.235327203893997,1,0.627601614814355
0.118983234180638,1,0.730139880923261
4.76330752373996,1,0.0290726297461712
0.0319122090109157,1,0.858220473407978
0.0215516716585092,1,0.883286035785306
2.34871334722,1,0.125386459803808
1.51011571091241,1,0.219121430763888
0.549878414136684,1,0.458367378301643
0.00523560209424084,1,0.942317437595012
0.171296296296296,1,0.678962308510818
21.6969102548254,1,3.19305158291705e-06
2.4634076113758,1,0.116525741531976
0.280882566410219,1,0.59612333415383
0.311754722387533,1,0.57660540847686
0.204905190311419,1,0.650790313598794
0.445880768349457,1,0.504297630854606
0.976159750512831,1,0.323148744488946
0.143953790085109,1,0.704381623503203
0.351880392038568,1,0.553050611047318
9.16891975308642,1,0.00246159826875192
0.0959297161406323,1,0.756769917247399
0.274048442906574,1,0.600628880788515
0.172114656571119,1,0.678239243231068
8.41612722996344,1,0.00371907139527738
0.081990429480777,1,0.774617946641531
0.496394959681948,1,0.481088442997219
0.171296296296296,1,0.678962308510818
5.59936058370394,1,0.017967033799052
0.105954590737495,1,0.74479763704482
0.120705767176931,1,0.728270285229519
0.52239907727797,1,0.469820094270963
7.01969898512615,1,0.00806177824713461
0.720151201749922,1,0.396094316720071
0.676101753542555,1,0.410932311982407
1.02139202855443,1,0.312189043499708
0.491287640919315,1,0.483353478940243
1.10759002770083,1,0.292606423598158
0.171296296296296,1,0.678962308510818
0.173775044634001,1,0.676778369226918
0.313278746885013,1,0.575675150015983
0.317941439069618,1,0.57284739883216
15.1958060678168,1,9.69184298122983e-05
2.93340603304599,1,0.0867642662182807
32.3096446617907,1,1.31459210184204e-08
0.676101753542555,1,0.410932311982407
0.456445847196361,1,0.49928971248554
0.0959297161406323,1,0.756769917247399
12.4427340060823,1,0.000419621077767829
0.3536,1,0.552082297766469
9.79056001182256,1,0.00175410033777668
0.549878414136684,1,0.458367378301643
0.236461699711765,1,0.626773423557178
10.4989993289283,1,0.00119439211043026
1.33802203110881,1,0.247383088410495
0.316371882086168,1,0.573796212550348
0.182641972762153,1,0.669112533564134
1.04304348902255,1,0.307114691830428
17.9240154738964,1,2.29901740310678e-05
0.272721289537046,1,0.601512122481903
10.0547683381639,1,0.00151954124145914
11.1764672539083,1,0.000828413569109565
1.07729125575279,1,0.29930431178921
0.887528721084093,1,0.346147880776714
0.487614969966124,1,0.484993145027591
0.559367210628334,1,0.454515315410654
12.5423263962067,1,0.000397836684567388
0.272721289537046,1,0.601512122481903
5.00326287606881,1,0.025299580656865
0.324378346222487,1,0.568988223760016
0.274048442906574,1,0.600628880788515
0.280882566410219,1,0.59612333415383
28.0634327452741,1,1.17403364474633e-07
3.73045959862612,1,0.053428690527312
0.662589355735975,1,0.415647289013008
2.25751391465677,1,0.132967369715933
1.14371867705267,1,0.284867921463981
27.3090591180101,1,1.73397127212205e-07
1.49882352941176,1,0.220852469896346
0.3536,1,0.552082297766469
1.06909164506225,1,0.301150711814827
0.172940868198096,1,0.677511281924434
41.5904141707554,1,1.12543752095462e-10
11.1214542370874,1,0.000853348533166765
5.36875514284708,1,0.0205006034410574
2.25424356917344,1,0.133248552093946
0.143953790085109,1,0.704381623503203
1.50151022247342,1,0.220439135682815
2.63292321091595,1,0.104668846779418
5.34010519476078,1,0.0208402154403822
26.8032716321561,1,2.25255663899304e-07
0.310245436282645,1,0.577529614887739
0.143953790085109,1,0.704381623503203
0.0384297546935704,1,0.844582704599966
0.237607176706562,1,0.625939704532432
8.12886202188271,1,0.00435660828493567
2.30538168770853,1,0.128926606956954
2.89374071390111,1,0.0889242383036145
0.379283824398374,1,0.537986770799691
0.14964726375381,1,0.698872673796694
7.3185652700206,1,0.00682458730352686
19.6627235808544,1,9.23860857737768e-06
0.171296296296296,1,0.678962308510818
3.17277887941118,1,0.0748749503260115
1.26386140685433,1,0.260921442571506
0.355336474243974,1,0.551107715811613
4.00688192520776,1,0.0453148819224782
23.1113659476972,1,1.52884295900879e-06
2.28832837147663,1,0.130350245035899
0.313278746885013,1,0.575675150015983
0.666764776806468,1,0.414181832086915
1.64304221917391,1,0.19990857408879
5.65286504554118,1,0.0174268771148869
0.204905190311419,1,0.650790313598794
0.401776217663456,1,0.52617336696874
0.00366550589554246,1,0.951722833843131
0.201969196978914,1,0.653136040111586
2.10380117886669,1,0.146933459181925
9.33419093337842,1,0.0022491737197724
0.143272405314445,1,0.705049230089236
4.54333057655955,1,0.033047232572706
0.276741837385255,1,0.598844727479599
4.68745625191878,1,0.0303835955944713
0.171296296296296,1,0.678962308510818
8.81649739481074,1,0.00298519134373243
4.96051474364838,1,0.025932486888707
0.144641683103222,1,0.70370947119751
0.148182113339523,1,0.700278684249725
11.9305508922041,1,0.000552208453769465
0.237607176706562,1,0.625939704532432
0.684513706053629,1,0.408036765340409
0.523177822720004,1,0.469489252325955
0.798374219770649,1,0.371579896011851
0.684912809878405,1,0.407900131586717
19.9238872550154,1,8.05871167774974e-06
11.7652551775148,1,0.000603466088597182
4.45151851487029,1,0.0348702267387728
0.547155575675268,1,0.459482259102442
0.448090453111864,1,0.503243165352676
2.40652717681864,1,0.120830155281016
0.118419924554184,1,0.730754567318302
3.63247863247863,1,0.0566623700744892
0.00759087952060272,1,0.930571634268603
0.23876379494482,1,0.625100396245646
0.634634119374299,1,0.425660566164494
0.272721289537046,1,0.601512122481903
0.242302145097411,1,0.622548306392547
0.679566187744567,1,0.409736145826029
1.65813698751923,1,0.197855051889366
0.275388561943564,1,0.59973977075218
5.65844237886386,1,0.017371543904888
1.36188317311847,1,0.24321137774103
9.35039503236887,1,0.00222937411371094
0.274048442906574,1,0.600628880788515
0.201969196978914,1,0.653136040111586
4.46298109252007,1,0.0346369989348342
21.7777777777778,1,3.06125347304675e-06
1.54748173779316,1,0.21350758993638
4.47309423034083,1,0.0344325822843791
4.54523466137852,1,0.0330104971295885
0.555406034884323,1,0.456117165795697
0.693251417769376,1,0.40506064994823
2.20317260731348,1,0.137727017371483
0.433444035052776,1,0.510303833605989
21.7712145544948,1,3.07174362157436e-06
2.41560465508517,1,0.120131576637193
9.47861880770123,1,0.00207880415627981
8.54722422345724,1,0.00346049504291457
0.355336474243974,1,0.551107715811613
1.99332584993169,1,0.157993566525411
0.237607176706562,1,0.625939704532432
3.64468148148148,1,0.056248562046336
1.84655661092518,1,0.174184412579318
1.26478458049887,1,0.260747374061235
9.47884200364173,1,0.00207855126077117
1.30784697450125,1,0.25278484261031
0.418855994510342,1,0.51750843338725
21.2163420871936,1,4.10251566906883e-06
0.268812807676642,1,0.604129264866558
0.611787958352195,1,0.434115405384495
0.93545652489476,1,0.333449052871041
0.327695406343274,1,0.567019277789665
1.845703125,1,0.174283974509495
3.09036461946648,1,0.0787571586054882
0.549878414136684,1,0.458367378301643
2.87133616922091,1,0.0901699800861416
0.398295656817373,1,0.527970765772683
0.202461937155815,1,0.652740937147156
0.010756799116147,1,0.917395530643959
0.310245436282645,1,0.577529614887739
0.102337847758008,1,0.749041960362077
4.46298109252007,1,0.0346369989348342
1.71342192112872,1,0.190541994988641
0.950030188724362,1,0.329711613152337
0.000114003360756617,1,0.99148096040343
26.7774763705104,1,2.28282633463195e-07
0.136795756209731,1,0.711487474877386
0.274048442906574,1,0.600628880788515
0.172114656571119,1,0.678239243231068
5.70296156269691,1,0.0169363122708215
0.0518740032374755,1,0.819833873342006
0.443692733564014,1,0.505345494078554
1.68803076430059,1,0.193860761301031
0.0736977496488777,1,0.786027036621846
2.89374071390111,1,0.0889242383036145
3.93235827664399,1,0.0473654784413265
0.75940281366638,1,0.383515475205746
1.81424406497293,1,0.17799995187925
0.0629510070796656,1,0.801891120756694
7.19913005502664,1,0.00729389303963934
0.129440086791162,1,0.719013283820369
0.171296296296296,1,0.678962308510818
5.0395822262423,1,0.0247744640506112
0.143953790085109,1,0.704381623503203
0.114380040448712,1,0.735211584129037
2.59711117332592,1,0.107058697860918
11.5192483298944,1,0.000688792357138257
2.18818778622192,1,0.139072858394345
0.669277527618193,1,0.413303607206438
0.172114656571119,1,0.678239243231068
0.398295656817373,1,0.527970765772683
26.0609274417307,1,3.30811230409012e-07
0.676591314693635,1,0.410762969623067
0.679566187744567,1,0.409736145826029
0.398295656817373,1,0.527970765772683
0.912108773853493,1,0.339555517427179
0.73974926948817,1,0.389741207871165
1.27972167243413,1,0.257950792002652
12.4714538584959,1,0.000413218354596956
0.00016869078570034,1,0.989637285531452
1.99050964101928,1,0.158287602108615
0.118983234180638,1,0.730139880923261
0.516877381154602,1,0.472176750385877
0.3536,1,0.552082297766469
3.4803064981697,1,0.0621032361410566
103.317538500653,1,0
0.662589355735975,1,0.415647289013008
0.47662510558414,1,0.489954995098378
0.325532152974981,1,0.568301837720526
0.755659842536909,1,0.384690186024021
4.76268861454047,1,0.0290830847672927
1.87608450979744,1,0.170779836861159
3.60927046468863,1,0.057458319739757
0.236461699711765,1,0.626773423557178
0.202938475665748,1,0.652359375013656
0.203917094921817,1,0.651577485720653
0.274048442906574,1,0.600628880788515
31.3222550101235,1,2.18559842446453e-08
0.310245436282645,1,0.577529614887739
0.236461699711765,1,0.626773423557178
2.63412098298677,1,0.104589932840469
0.172114656571119,1,0.678239243231068
5.12790585386663,1,0.0235441176447199
9.15104587816222,1,0.00248575945581808
2.46084177990644,1,0.116716217265728
0.201969196978914,1,0.653136040111586
0.203917094921817,1,0.651577485720653
0.0315604947639014,1,0.858995705542625
0.400260551200557,1,0.526954728068088
0.324153041863023,1,0.569122443306181
6.69311379791178,1,0.00967860114888597
1.35332564398308,1,0.244697563650438
0.171296296296296,1,0.678962308510818
0.448090453111864,1,0.503243165352676
5.756818526742,1,0.0164247860778469
0.201969196978914,1,0.653136040111586
7.27875171467764,1,0.00697750068469238
1.77540971187596,1,0.182713999110931
0.321127680926043,1,0.57093073688542
0.122559123869417,1,0.726275318628464
8.32645956600026,1,0.0039071732141297
0.448090453111864,1,0.503243165352676
5.40430823192864,1,0.0200871079903041
0.205902900032974,1,0.649997799092183
1.48457552381047,1,0.223060009066741
0.158252886065951,1,0.690770162055979
4.50626585467062,1,0.0337708910059293
0.552628431143591,1,0.457245703064265
0.311754722387533,1,0.57660540847686
0.172940868198096,1,0.677511281924434
0.940264643633954,1,0.332209791381315
0.99089667578937,1,0.319523317815903
1.95522497794334,1,0.162024920454786
6.6859500389736,1,0.00971757201714141
0.989731011281983,1,0.319808126569004
81.2671324271697,1,0
0.181905712030583,1,0.669740591226314
0.310245436282645,1,0.577529614887739
1.08993690399047,1,0.29648518932468
0.204905190311419,1,0.650790313598794
0.00117923875432526,1,0.972605991655423
12.5067816815274,1,0.000405477476029037
0.272721289537046,1,0.601512122481903
0.225680881891446,1,0.634745049471796
0.806863650353955,1,0.369049141054097
0.93545652489476,1,0.333449052871041
2.97079926299299,1,0.0847799578569417
18.4599005414856,1,1.73517034305348e-05
3.65781631721657,1,0.0558067304690713
0.171296296296296,1,0.678962308510818
17.8281026590826,1,2.41785683555706e-05
16.3421623968736,1,5.28743753114291e-05
1.3831187481783,1,0.239570624636842
3.19899185440806,1,0.0736836779595514
0.802461174070318,1,0.37035853618809
4.79700680272109,1,0.0285092261572235
1.98502713513227,1,0.158861808784748
0.801815358613539,1,0.370551160804727
3.24905951028608,1,0.0714644524044745
0.271406914763558,1,0.602389559742499
0.0959297161406323,1,0.756769917247399
38.6109637562796,1,5.17275333677958e-10
1.804872969596,1,0.179124491260357
0.153720635492172,1,0.695004843605429
0.802461174070318,1,0.37035853618809
7.08968144044321,1,0.00775290270228102
0.443692733564014,1,0.505345494078554
0.398295656817373,1,0.527970765772683
0.0565843621399178,1,0.811978296360019
0.1910888029612,1,0.662011957124044
12.0188151009829,1,0.000526661731980349
0.347222222222222,1,0.555689790282795
0.72677186047034,1,0.393931559584778
7.43655977717741,1,0.00639119460636373
0.732072616215258,1,0.392212196791435
12.6973906899389,1,0.000366166162536152
3.12124653739612,1,0.077277646511035
3.41647058823529,1,0.0645488773428192
0.686602394219102,1,0.407322442201104
4.14026937209869,1,0.0418745053739267
1.10101565629091,1,0.294043318227633
0.0121673310151279,1,0.912166995994163
16.265068496845,1,5.50698755967804e-05
0.164976699922997,1,0.684615315688558
17.2784066769699,1,3.22834741219857e-05
11.5397081648026,1,0.000681253331197396
0.549878414136684,1,0.458367378301643
0.852361920450716,1,0.355885019560493
0.445880768349457,1,0.504297630854606
0.215294998624773,1,0.642648518736613
0.35709006381142,1,0.550126797900178
2.98138185350387,1,0.0842273333358331
16.5641418357116,1,4.70319371349559e-05
0.203917094921817,1,0.651577485720653
0.547627294586227,1,0.45928880416029
0.119173780704985,1,0.729932324167221
1.976475,1,0.15976225123203
0.00150381726661282,1,0.969066521756681
0.448090453111864,1,0.503243165352676
0.404057311247694,1,0.525001296262699
14.9765475864972,1,0.000108855681515196
0.628357882986726,1,0.427958293678484
0.555406034884323,1,0.456117165795697
4.59723209197278,1,0.0320236182012964
11.7234471166525,1,0.000617175270976489
1.56176857582445,1,0.211406454557571
2.27926078724263,1,0.131114352365177
14.7522054166306,1,0.00012260403436648
0.402244897959184,1,0.525932169596187
0.0190425888056224,1,0.890244458564331
0.272721289537046,1,0.601512122481903
15.7117980454443,1,7.37626435752814e-05
26.4648879641299,1,2.68372076339674e-07
2.19562323227356,1,0.138403219640776
0.606371882086168,1,0.436157140100994
2.08085451595457,1,0.149156655457556
0.724897959183674,1,0.394541974238978
1.77289035253087,1,0.183024779291642
0.45257606864149,1,0.501114152334699
7.27715754777361,1,0.00698369582903846
0.172940868198096,1,0.677511281924434
0.310245436282645,1,0.577529614887739
0.603355719772691,1,0.437300523775819
0.242302145097411,1,0.622548306392547
0.871115286663113,1,0.350646735116995
33.7535991669213,1,6.25532048381672e-09
2.72005619261317,1,0.0990945267829877
0.732072616215258,1,0.392212196791435
0.118419924554184,1,0.730754567318302
5.02077208921217,1,0.0250449992133114
5.691231845078,1,0.0170498820797113
2.96798841006401,1,0.0849273989970046
1.94174361850583,1,0.163479339741522
0.936531593563421,1,0.333171426170568
0.561711038324795,1,0.453571659621011
0.235327203893997,1,0.627601614814355
4.65502868996402,1,0.0309627150984315
6.88746822716104,1,0.0086802124112334
12.2525106824476,1,0.000464632574557866
6.80799474030243,1,0.00907506202729413
4.20388279225146,1,0.0403315330747926
0.132352941176471,1,0.716004795504331
0.203917094921817,1,0.651577485720653
0.7632,1,0.382328942447213
0.237607176706562,1,0.625939704532432
0.0954776013526126,1,0.757325710212382
0.204641608688644,1,0.651000073500251
0.552628431143591,1,0.457245703064265
1.77307117225879,1,0.183002453545347
1.66074837843048,1,0.197502309601547
0.612495377218935,1,0.433849800604659
0.237607176706562,1,0.625939704532432
1.11852341388934,1,0.290236623395732
13.0340844592685,1,0.000305872718906253
0.10044554556832,1,0.751295615701957
0.201969196978914,1,0.653136040111586
4.23702347834322e-05,1,0.994806412774808
0.383360947094655,1,0.535809980399638
0.785632432794843,1,0.375424057893248
0.0710878155647918,1,0.789759457424487
0.146745357096949,1,0.701665218571974
17.3668626353134,1,3.08151981208704e-05
5.71303292247864,1,0.0168394217905887
0.396349930569331,1,0.528980350898716
4.55429020895318,1,0.0328363715199083
0.201969196978914,1,0.653136040111586
0.74355740630577,1,0.388523691651806
0.355336474243974,1,0.551107715811613
0.665916689925439,1,0.414478867488544
0.735979836168872,1,0.390951731157395
0.674159316205426,1,0.411605227672819
1.84207754673388,1,0.17470764116454
12.3349082456596,1,0.000444565956221998
0.143272405314445,1,0.705049230089236
2.44508834765235,1,0.11789324738477
1.30023997405686,1,0.254169394239339
15.2108592498053,1,9.61489301882779e-05
0.236461699711765,1,0.626773423557178
0.274048442906574,1,0.600628880788515
0.775381741167937,1,0.378557299486612
0.143953790085109,1,0.704381623503203
16.7997400872519,1,4.15389919102838e-05
0.171296296296296,1,0.678962308510818
0.72855474920446,1,0.393352051998465
1.90570997546116,1,0.167440581211248
0.493948024207903,1,0.482171447122277
0.718367346938775,1,0.396679971652829
0.00513054331576348,1,0.942898106898278
0.1218820861678,1,0.727002112555968
3.37149725195508,1,0.0663334447742084
11.6720565998168,1,0.000634458367671731
0.569722726970884,1,0.45036911832918
0.279488639304384,1,0.597036576619995
3.41568024019516,1,0.064579792636452
7.7297794117647,1,0.00543173849565226
0.732154231184775,1,0.392185808316377
2.41638459609119,1,0.120071763404164
0.400260551200557,1,0.526954728068088
0.236461699711765,1,0.626773423557178
0.443692733564014,1,0.505345494078554
0.235327203893997,1,0.627601614814355
0.460478012447709,1,0.49740065814757
0.0376133494031222,1,0.846221599484951
0.272721289537046,1,0.601512122481903
0.412468768590125,1,0.520719108197226
0.0685126374846881,1,0.793514815513618
8.08373452051541e-07,1,0.999282625352857
3.9533982769561,1,0.0467768145614742
7.07971159677456,1,0.00779615568781922
4.51781329761939,1,0.0335436778597062
0.172114656571119,1,0.678239243231068
0.724897959183674,1,0.394541974238978
28.0855182675691,1,1.1607116467971e-07
4.10573671528386e-05,1,0.994887508042446
4.92897650553605,1,0.026409955161386
20.7828915984774,1,5.14404452223172e-06
16.6541729554763,1,4.48515294869667e-05
1.97470085470085,1,0.159949775569953
0.172940868198096,1,0.677511281924434
1.56991353231026,1,0.210219571357635
0.518742308256847,1,0.471378671082928
1.20804977777778,1,0.271718702628326
0.146111583472089,1,0.702279313071362
10.875185975005,1,0.000974612420235332
0.14964726375381,1,0.698872673796694
7.78203918231597,1,0.00527682007672836
10.6210346686775,1,0.00111808469244845
0.396349930569331,1,0.528980350898716
0.493948024207903,1,0.482171447122277
0.547155575675268,1,0.459482259102442
0.535657448877934,1,0.46423801352488
0.310245436282645,1,0.577529614887739
0.0620588861715174,1,0.803270890751082
1.21469034337329,1,0.27040519684519
3.0364641510714,1,0.0814130705686039
0.351589852787617,1,0.553214529826294
1.40183171279256,1,0.236417122867481
0.120126077277436,1,0.728897788793905
43.3557986111111,1,4.56381599178712e-11
1.84845532879819,1,0.173963155689419
2.13010380622837,1,0.144430974482206
0.236461699711765,1,0.626773423557178
0.608418367346938,1,0.435383944995865
2.27926078724263,1,0.131114352365177
0.272721289537046,1,0.601512122481903
1.00573224852071,1,0.315927435597613
0.135427452026562,1,0.712869736942994
1.52198161905918,1,0.217319861346937
1.04305038586562,1,0.30711309259015
1.89086110140624,1,0.169104829930854
2.28730972643561,1,0.130435836119064
0.143953790085109,1,0.704381623503203
2.64521739130435,1,0.103861948426131
0.311754722387533,1,0.57660540847686
0.0123550123233238,1,0.911494939429329
6.04881087297202,1,0.0139156654000504
13.1719996640632,1,0.000284163340152244
1.86211141889812,1,0.172381309926332
0.310245436282645,1,0.577529614887739
0.798374219770649,1,0.371579896011851
9.38345018298687,1,0.00218953079483608
0.398295656817373,1,0.527970765772683
0.0418484564657017,1,0.837908914423732
0.0768956924172303,1,0.781549202455371
0.558211641747713,1,0.454981697987257
0.722789256198348,1,0.395230503902651
103.852019152264,1,0
3.77762600076402,1,0.051942307500487
7.19913005502664,1,0.00729389303963934
1.50346238130022,1,0.220139385634305
1.97946386843804,1,0.15944689851026
0.117861921043131,1,0.731365077864628
5.49316605595865,1,0.0190909413066865
1.31695771716898,1,0.251138776019459
0.015882539614577,1,0.899711384652156
0.872160429823735,1,0.350357903929343
0.3536,1,0.552082297766469
21.3355102040816,1,3.85523626189599e-06
0.690175278158817,1,0.406104768517585
1.45339533538162,1,0.227983922682142
0.000553178109467809,1,0.981235693617548
0.172114656571119,1,0.678239243231068
0.669277527618193,1,0.413303607206438
0.275388561943564,1,0.59973977075218
0.448090453111864,1,0.503243165352676
0.0615047539310081,1,0.804133230732481
1.47027757161397,1,0.225301904263922
1.30789856730796,1,0.252775483910701
2.93340603304599,1,0.0867642662182807
5.62565554634104,1,0.0176994449360869
2.71553915683921,1,0.099375388771108
0.952454939968584,1,0.329095199723349
2.30126172545911,1,0.129268953727633
3.87940983975932,1,0.0488817369819425
3.87029574059148,1,0.0491478605048568
40.3120128386338,1,2.1647383885437e-10
0.319526627218935,1,0.571892263597918
0.501362148302466,1,0.47890221675332
0.0832932184075968,1,0.772883175057009
0.00552469135802473,1,0.940749184978913
0.000122197026958956,1,0.991180143148323
1.86131630473478,1,0.172472956676454
0.076528025744451,1,0.782058856689502
8.09108687099591,1,0.00444834776982117
0.443692733564014,1,0.505345494078554
25.4476444444444,1,4.54552313011725e-07
4.96930795847751,1,0.0258009687263598
3.28993104922318,1,0.0697059493764651
0.533182947345484,1,0.465271747789623
1.15313542955086,1,0.282893755042586
0.172333898843831,1,0.678045873197233
1.85619911734876,1,0.173064118302628
0.244719830101053,1,0.620817795473868
0.118983234180638,1,0.730139880923261
2.310315234358,1,0.128517983774092
0.0422894413690261,1,0.837069030371338
0.203917094921817,1,0.651577485720653
2.2,1,0.13801073756866
7.27875171467764,1,0.00697750068469238
0.205902900032974,1,0.649997799092183
0.0763419024039541,1,0.782317360717501
0.3536,1,0.552082297766469
0.173775044634001,1,0.676778369226918
0.73046875,1,0.392731290566912
4.51781329761939,1,0.0335436778597062
0.205902900032974,1,0.649997799092183
2.59472008304226,1,0.107220381060482
0.143272405314445,1,0.705049230089236
0.51165980427437,1,0.474421220954595
1.12478248582111,1,0.288890986676274
59.5048080960779,1,1.22124532708767e-14
1.10101565629091,1,0.294043318227633
1.5218277560727,1,0.217343108677593
3.84760987852181,1,0.0498169337559742
0.261676032309597,1,0.608971029400927
1.37734017039511,1,0.240554733111833
0.450322110263669,1,0.502182029023051
0.612064978610244,1,0.434011366943453
0.747404844290658,1,0.387299118293557
29.6814407519871,1,5.0920001770649e-08
0.551043440847016,1,0.457891657965495
4.93091805264514,1,0.0263802991706521
4.52300949598247,1,0.0334419565043135
19.2303222222222,1,1.1585843125661e-05
0.0384297546935704,1,0.844582704599966
12.2597606060097,1,0.000462830880876064
0.506429554948773,1,0.476688572710798
0.615603631356624,1,0.432685711372922
5.26383520590162,1,0.0217729884219652
4.72746899676155,1,0.0296845367255046
1.01270247495397,1,0.314256279056839
72.5755851777265,1,0
0.204311901957137,1,0.651262685389891
27.4497527076601,1,1.61229486983494e-07
0.118419924554184,1,0.730754567318302
0.630812544638302,1,0.427057423788208
14.3873280988519,1,0.000148800292002038
6.94888445684649,1,0.00838715172310134
5.756818526742,1,0.0164247860778469
1.13421550094518,1,0.286877947882689
4.02641016159132,1,0.0447931581728166
8.69635779157954,1,0.00318846516346205
0.00631830044520023,1,0.936644684646803
37.3607011359072,1,9.81806858035839e-10
0.206910364983271,1,0.64919988170416
0.205902900032974,1,0.649997799092183
0.275388561943564,1,0.59973977075218
0.35709006381142,1,0.550126797900178
0.00406037640903953,1,0.949192317114259
0.876668649613325,1,0.349115735692165
0.493948024207903,1,0.482171447122277
0.355336474243974,1,0.551107715811613
0.383360947094655,1,0.535809980399638
11.5757999742369,1,0.000668156849689794
0.201969196978914,1,0.653136040111586
0.402244897959184,1,0.525932169596187
0.020003733195239,1,0.887526658115296
8.77923952527417,1,0.00304678194441366
0.173775044634001,1,0.676778369226918
1.0678778578088,1,0.301425279861976
6.54690927734603,1,0.0105066515734511
1.17787031528852,1,0.277789983836083
0.90681559855844,1,0.340960748291733
1.29182989500716,1,0.255710998012927
1.50690831366126,1,0.21961145705347
7.11951584193663,1,0.00762492950277294
0.135458855121592,1,0.712837924803041
0.400260551200557,1,0.526954728068088
0.450322110263669,1,0.502182029023051
5.79052457466919,1,0.0161127804715826
1.44444444444444,1,0.22942148462969
0.0448303324099724,1,0.832316319556976
2.63931642006067,1,0.104248390672054
0.118983234180638,1,0.730139880923261
0.204905190311419,1,0.650790313598794
0.0373175053406829,1,0.846820042677842
16.4296313288942,1,5.04897743810462e-05
0.172114656571119,1,0.678239243231068
0.219600527039777,1,0.639344465409948
0.366123809354669,1,0.545124742744029
0.493948024207903,1,0.482171447122277
0.176326530612245,1,0.674549355869586
0.360649609808556,1,0.548145680038247
3.37744909470481,1,0.0660942777595912
7.07628813868175,1,0.0078110647983729
4.38599143361048,1,0.0362354122787533
0.400260551200557,1,0.526954728068088
0.35709006381142,1,0.550126797900178
1.48611627441448,1,0.222820020867132
1.40417346193408,1,0.236026045073582
0.872160429823735,1,0.350357903929343
10.7252776567656,1,0.00105681809846447
0.117861921043131,1,0.731365077864628
5.80170858725762,1,0.0160106090949866
0.118983234180638,1,0.730139880923261
0.143953790085109,1,0.704381623503203
16.8506073625008,1,4.04403860024827e-05
0.0982809137699287,1,0.753902439566145
0.0284638260539716,1,0.866022976383056
3.37124525299174,1,0.0663435913981629
1.16364839319471,1,0.280710178884212
1.24927237784693,1,0.263691494676721
24.5921141584411,1,7.08410415772853e-07
3.47521434135867,1,0.0622946512164213
0.171296296296296,1,0.678962308510818
2.34392917656214,1,0.125771961284699
4.51781329761939,1,0.0335436778597062
28.9181162554721,1,7.55034317290182e-08
4.35336024819198,1,0.0369360008243633
0.612495377218935,1,0.433849800604659
2.93340603304599,1,0.0867642662182807
1.55084386870039,1,0.213010906237061
7.90269804789771,1,0.00493611167882779
0.814976244951675,1,0.366653100253622
30.1063617936384,1,4.08987333999633e-08
0.575203780638406,1,0.448198450590247
1.2861304457718,1,0.256762286697959
0.202938475665748,1,0.652359375013656
0.00185664229145952,1,0.965630769458172
0.143272405314445,1,0.705049230089236
0.184727138893745,1,0.667341895504237
7.07379333952761,1,0.00782194797413849
4.45895815537895,1,0.0347186668653868
42.3147102361109,1,7.77058417611443e-11
0.171296296296296,1,0.678962308510818
7.99231877109216,1,0.00469762139382934
0.659076416197258,1,0.416886192535627
41.0081309470713,1,1.51597179254281e-10
0.120126077277436,1,0.728897788793905
17.3266584884929,1,3.14740362979959e-05
1.64304221917391,1,0.19990857408879
0.123081545857988,1,0.725716042161968
0.6434818445088,1,0.422452776064786
11.8711190950456,1,0.000570111450440169
0.459419069292361,1,0.497895597098093
0.201969196978914,1,0.653136040111586
0.235327203893997,1,0.627601614814355
0.735979836168872,1,0.390951731157395
0.236461699711765,1,0.626773423557178
0.406273113905325,1,0.523867212585899
1.75289615175952,1,0.185513059625667
0.00808593750000001,1,0.928349324803296
0.118983234180638,1,0.730139880923261
0.239931717616406,1,0.624255436244986
0.190469397356494,1,0.662526229037501
0.143272405314445,1,0.705049230089236
1.67623924852875,1,0.195424918312613
72.5085157355608,1,0
2.59702779183299,1,0.107064331531847
5.53224144559785,1,0.018669174165833
0.236461699711765,1,0.626773423557178
26.5535899938349,1,2.56327949421653e-07
4.57265946502057,1,0.0324860956265427
38.9406972789116,1,4.36877201082098e-10
3.05008502497609,1,0.080732916263956
1.18362868087335,1,0.276618504463725
14.4405432277272,1,0.000144654358735119
0.496394959681948,1,0.481088442997219
0.145336178007887,1,0.703032721447867
0.498866213151928,1,0.479998722325441
0.493948024207903,1,0.482171447122277
0.0954776013526126,1,0.757325710212382
9.51190097930991,1,0.00204143571019966
0.454852663666715,1,0.500039464757587
0.802901122641872,1,0.370227394594576
0.88582591181538,1,0.346610958438829
18.0724703842878,1,2.12653988953537e-05
7.36999576148443,1,0.00663210901362143
0.0711317207654038,1,0.789696067517315
4.8241810447267,1,0.0280631940521131
0.236461699711765,1,0.626773423557178
0.505720888888889,1,0.476997141049293
4.40494958350834,1,0.0358347839475543
0.351880392038568,1,0.553050611047318
1.4628125760108,1,0.226483140185355
1.78339747857196,1,0.181732688463764
0.274048442906574,1,0.600628880788515
1.27723212924859,1,0.258414309015421
0.501362148302466,1,0.47890221675332
0.239931717616406,1,0.624255436244986
15.0628558405387,1,0.000103989552826755
0.145336178007887,1,0.703032721447867
0.173775044634001,1,0.676778369226918
0.202938475665748,1,0.652359375013656
0.151966580832779,1,0.696663062896973
5.02040165238027,1,0.0250503576783081
1.45509564542714e-05,1,0.996956419599349
4.46298109252007,1,0.0346369989348342
14.64774078478,1,0.00012958988414602
2.43931601267027,1,0.118327811308445
24.4070878882802,1,7.79812594831064e-07
0.5942268823464,1,0.440789248549459
0.893954531406105,1,0.344407912543123
0.377144192633287,1,0.539135592772756
0.450322110263669,1,0.502182029023051
0.144641683103222,1,0.70370947119751
2.45413754158908,1,0.117215535045059
0.690175278158817,1,0.406104768517585
0.664764253978862,1,0.414883004018473
11.5192483298944,1,0.000688792357138257
7.3185652700206,1,0.00682458730352686
2.81447918559837,1,0.0934172118505032
0.145336178007887,1,0.703032721447867
1.84655661092518,1,0.174184412579318
6.69062222222222,1,0.0096921371328309
0.407957693276252,1,0.523007923890729
1.44631117604091,1,0.229120779034297
0.313278746885013,1,0.575675150015983
0.0111446487405676,1,0.915924941831001
0.235327203893997,1,0.627601614814355
5.07528344671202,1,0.0242693037620264
0.167809027524127,1,0.682066380129664
12.635359228903,1,0.000378518467694655
1.30723204994797,1,0.252896419923468
0.274048442906574,1,0.600628880788515
25.4906692856529,1,4.44527552989626e-07
51.1777039388128,1,8.43769498715119e-13
0.914478600324667,1,0.338928900168473
2.91357056404534,1,0.0878372127095044
0.143953790085109,1,0.704381623503203
1.46175396683681,1,0.226651252374877
4.57265946502057,1,0.0324860956265427
4.58463667820069,1,0.0322598097530374
0.172940868198096,1,0.677511281924434
0.203917094921817,1,0.651577485720653
0.056264214674423,1,0.81250102363782
0.1910888029612,1,0.662011957124044
4.86488799113468,1,0.02740857776131
2.82255932759456,1,0.0929480901834692
1.15643182998173,1,0.282206778537094
0.881223567858516,1,0.347866772965448
59.4714164240426,1,1.24344978758018e-14
0.665916689925439,1,0.414478867488544
0.201969196978914,1,0.653136040111586
16.4165629840849,1,5.08390544140536e-05
0.145336178007887,1,0.703032721447867
15.1785508784116,1,9.78081201763459e-05
0.450322110263669,1,0.502182029023051
0.398295656817373,1,0.527970765772683
1.51165618878881,1,0.218886540501116
0.74355740630577,1,0.388523691651806
0.311754722387533,1,0.57660540847686
1.4321711164814,1,0.231410437725067
42.6395635696198,1,6.58146870335941e-11
13.6029897744524,1,0.000225825587513828
0.048793042974403,1,0.825176936770307
0.310245436282645,1,0.577529614887739
0.461749763705103,1,0.49680735223832
0.827886642496004,1,0.36288434104512
4.57265946502057,1,0.0324860956265427
0.555406034884323,1,0.456117165795697
0.118983234180638,1,0.730139880923261
0.710674077929803,1,0.399220125157677
0.239931717616406,1,0.624255436244986
0.735979836168872,1,0.390951731157395
2.02552508715819,1,0.15467545219959
0.405198470831189,1,0.524416688129933
0.0157010170285067,1,0.900283123744213
1.34611275602088,1,0.245958841331091
30.4688195513141,1,3.39275952887519e-08
1.28402366863905,1,0.257152240561018
0.445880768349457,1,0.504297630854606
0.558211641747713,1,0.454981697987257
5.51893959955397,1,0.0188116584831743
0.3536,1,0.552082297766469
1.47318837415066,1,0.224843313092558
0.3536,1,0.552082297766469
0.173775044634001,1,0.676778369226918
0.279324766943815,1,0.597144130226076
1.21587838690942,1,0.270171039465653
84.4420724172022,1,0
0.202938475665748,1,0.652359375013656
2.60712430426716,1,0.106384519505752
0.236461699711765,1,0.626773423557178
4.20388279225146,1,0.0403315330747926
70.2741778011265,1,0
0.496394959681948,1,0.481088442997219
35.2900061985579,1,2.84086087987134e-09
0.274048442906574,1,0.600628880788515
10.931094311122,1,0.000945636240458514
3.60927046468863,1,0.057458319739757
0.683066217920744,1,0.408532878459485
26.9056281645733,1,2.13635856782801e-07
0.735192239231043,1,0.391205341460776
4.38075987780093,1,0.0363467901345547
8.70127146575992,1,0.00317988169282479
0.149333333333333,1,0.699173264554519
0.00274932722345593,1,0.958182861498865
0.0849673202614381,1,0.770675410098931
0.606371882086168,1,0.436157140100994
0.185290717274291,1,0.666865361373219
11.3444082062745,1,0.000756754803956983
0.363021069576741,1,0.54683317935004
0.237607176706562,1,0.625939704532432
1.21314975134176,1,0.270709217669684
0.662589355735975,1,0.415647289013008
0.13822263293915,1,0.710054388016694
0.858908907763101,1,0.354044206183144
1.00757166035695,1,0.315485297672769
0.24350499260355,1,0.621686006675627
1.10098679994874,1,0.294049644939619
0.364280730965181,1,0.546138385493747
1.74467892556975,1,0.186547066313955
0.172114656571119,1,0.678239243231068
0.172114656571119,1,0.678239243231068
0.143272405314445,1,0.705049230089236
1.24421348140086,1,0.264660555722257
26.274248482942,1,2.96212125494577e-07
0.0963861313511663,1,0.756210291696511
0.440307988372924,1,0.506973839948691
6.46800956494307,1,0.0109833477896648
13.0971574302247,1,0.000295744202047366
0.921394480091855,1,0.337109093541031
0.809257681156649,1,0.368339808516993
9.33271983767132,1,0.00225098004394064
7.20942422785784,1,0.00725217556107449
0.603355719772691,1,0.437300523775819
1.02139202855443,1,0.312189043499708
0.660000727996312,1,0.416559686266863
0.72855474920446,1,0.393352051998465
0.314817726466162,1,0.574738773656348
0.190702941398866,1,0.662332208398467
0.954989163834372,1,0.32845259161118
1.10678603553296,1,0.292781661636002
0.642695173307418,1,0.422736517707832
0.237607176706562,1,0.625939704532432
7.23893996755003,1,0.00713390859847007
0.271406914763558,1,0.602389559742499
0.427913141485168,1,0.513014718508768
0.396349930569331,1,0.528980350898716
6.3698652032607,1,0.0116074412513235
7.69678752646485,1,0.0055319195916359
0.443692733564014,1,0.505345494078554
4.23555449710754,1,0.0395856908751058
0.529388917312447,1,0.46686388466061
0.708427268827411,1,0.399966415436342
0.0977818017202355,1,0.754507973866756
0.271406914763558,1,0.602389559742499
3.50472579177265,1,0.0611939750395359
0.185297648471153,1,0.66685950604443
0.60972250012268,1,0.434892312877506
5.1996851944688,1,0.0225909791299791
1.51371176476484,1,0.218573576479895
0.203917094921817,1,0.651577485720653
0.143953790085109,1,0.704381623503203
1.03864982147055,1,0.308135695729737
1.53669944826609,1,0.215109755028804
75.3481397982865,1,0
0.310245436282645,1,0.577529614887739
0.119551925932396,1,0.729520970922985
21.8909656871582,1,2.88589376884474e-06
3.77045678394113,1,0.0521653852120458
5.39174267024073,1,0.0202322553792282
0.203917094921817,1,0.651577485720653
0.202938475665748,1,0.652359375013656
1.36111111111111,1,0.243345009148763
0.351880392038568,1,0.553050611047318
6.17391943926398,1,0.0129647068654359
1.46031746031746,1,0.226879616254351
0.236461699711765,1,0.626773423557178
7.99358105645861,1,0.00469434748141995
0.547155575675268,1,0.459482259102442
5.09370890780577,1,0.0240127830304949
0.596200692041523,1,0.44003131689246
0.742376737967744,1,0.388900586331752
3.3241540806248,1,0.0682691258292042
0.90681559855844,1,0.340960748291733
33.0804030934895,1,8.84254769406567e-09
1.66748972730727,1,0.19659510240424
0.451426968270334,1,0.501658087731151
4.54333057655955,1,0.033047232572706
0.86328125,1,0.352822083296811
6.01569087695943,1,0.0141792263272456
0.310245436282645,1,0.577529614887739
0.691039308773559,1,0.405811098112393
0.235327203893997,1,0.627601614814355
31.3435140360286,1,2.16179683043549e-08
0.693785442924961,1,0.404879788011583
0.14221205789268,1,0.706091755748708
4.24271979311227,1,0.039418970409694
11.1143973080336,1,0.000856601557386205
0.414160154419895,1,0.519865491972904
7.81370370370371,1,0.00518515274032771
0.143272405314445,1,0.705049230089236
9.31582493724366,1,0.00227183070441339
1.66074837843048,1,0.197502309601547
0.144641683103222,1,0.70370947119751
11.4482326578802,1,0.000715620297060737
3.65301258555762,1,0.055967890564245
67.2055677720451,1,2.22044604925031e-16
4.02296672762658,1,0.0448846928786295
0.00416689047458612,1,0.948531136528357
4.41817627623198,1,0.0355580211929071
14.9580929328908,1,0.000109925557419288
3.21905211671445,1,0.0727857664422419
0.0746625083537539,1,0.784665343064818
0.202938475665748,1,0.652359375013656
0.615603631356624,1,0.432685711372922
12.6036101975539,1,0.000385002405128843
14.7219609459908,1,0.000124586648009406
1.06286429438149,1,0.302562813810218
1.05989184777064,1,0.30323985326075
12.0401520549783,1,0.000520667241559858
16.3943047476074,1,5.1439556882138e-05
1.28402366863905,1,0.257152240561018
0.803787028700098,1,0.369963516694642
0.118983234180638,1,0.730139880923261
0.00744464854340685,1,0.93124194751578
1.47759167043911,1,0.224151708276605
4.97697313962636,1,0.0256868876059287
1.26386140685433,1,0.260921442571506
1.27051174471322,1,0.259670698898955
0.311754722387533,1,0.57660540847686
0.0959297161406323,1,0.756769917247399
0.732072616215258,1,0.392212196791435
0.0145038486509711,1,0.904141002643663
1.08747866673756,1,0.297030530704066
0.86328125,1,0.352822083296811
0.679566187744567,1,0.409736145826029
11.0401465006769,1,0.000891598157921614
0.549878414136684,1,0.458367378301643
4.07550763332602,1,0.0435091907312872
1.34854444257042,1,0.245532740563247
1.46038617991176,1,0.226868685489891
0.441650390625,1,0.506326955892738
5.72402390684093,1,0.0167343363294639
0.201969196978914,1,0.653136040111586
0.794328565924239,1,0.37279446312431
0.143272405314445,1,0.705049230089236
0.802461174070318,1,0.37035853618809
1.75629316106037,1,0.185087546290953
26.1834938280785,1,3.10464999153659e-07
23.5748134733647,1,1.20149948068526e-06
0.236461699711765,1,0.626773423557178
19.274090048675,1,1.13232574773248e-05
0.00404128934050298,1,0.949311715322834
5.60623170836962,1,0.0178967097174971
2.29347345751113,1,0.12991888785304
5.22647126835472,1,0.022245619713593
0.0422894413690261,1,0.837069030371338
0.797629934461211,1,0.371802926160202
0.396825396825397,1,0.52873332512143
2.51926347114465,1,0.112463101693291
0.118419924554184,1,0.730754567318302
13.0927715699227,1,0.00029643743210972
0.400260551200557,1,0.526954728068088
0.738216387505659,1,0.390232832495289
0.143272405314445,1,0.705049230089236
0.120850471339552,1,0.728113909141385
0.256793388297624,1,0.612331748424798
0.483499599617469,1,0.486841403455797
0.450322110263669,1,0.502182029023051
4.66793481765058,1,0.030730859648758
6.26271541284555,1,0.0123305067281079
0.0311649723934053,1,0.859872839726285
7.86902494331066,1,0.00502887627625559
0.794328565924239,1,0.37279446312431
0.271606742567552,1,0.602255986750805
0.0758031368307193,1,0.783067561963311
5.98779002081498,1,0.0144052389004444
0.195193469387755,1,0.658628836562451
0.118419924554184,1,0.730754567318302
0.398295656817373,1,0.527970765772683
3.71064793553398,1,0.0540663992199029
8.58775720089863,1,0.00338430569565773
2.23659460434435,1,0.134777517086066
1.50069434401082,1,0.220564556661043
0.551525919284554,1,0.457694873831009
1.1717645395419,1,0.279038971602311
0.118419924554184,1,0.730754567318302
0.173775044634001,1,0.676778369226918
0.18715377894976,1,0.665296135678365
0.448979591836735,1,0.502819928630721
0.809257681156649,1,0.368339808516993
4.36179981634527,1,0.0367534551088605
5.92767915844839,1,0.0149048591535138
1.35332564398308,1,0.244697563650438
14.4105769701133,1,0.000146974478168804
0.683110447185679,1,0.40851770618793
0.794328565924239,1,0.37279446312431
2.19879590144274,1,0.138118589273288
1.5184871894846,1,0.21784857018815
4.87315855669214,1,0.02727752992504
0.143272405314445,1,0.705049230089236
5.2142729678639,1,0.022402211964031
1.30232325203116,1,0.253789290612054
18.0476774310109,1,2.15441306572473e-05
0.519620353855499,1,0.471003673158059
0.669277527618193,1,0.413303607206438
0.150044378698225,1,0.698492952043325
1.23893714702772,1,0.265675989863395
0.236461699711765,1,0.626773423557178
2.63292321091595,1,0.104668846779418
4.90838701817873,1,0.0267265880323491
0.412468768590125,1,0.520719108197226
23.01554670222,1,1.60696616890998e-06
0.143953790085109,1,0.704381623503203
0.278108463724859,1,0.597943685074941
9.85169200261173,1,0.00169675627981569
22.7844320721406,1,1.8122782213803e-06
0.321108418287081,1,0.570942286396331
0.448090453111864,1,0.503243165352676
0.503883136094674,1,0.477798856973996
0.118419924554184,1,0.730754567318302
0.147460237755373,1,0.700974357798102
0.945122276093558,1,0.330963995529574
24.677889559324,1,6.77570726859145e-07
0.558211641747713,1,0.454981697987257
0.118419924554184,1,0.730754567318302
3.95693447866894,1,0.0466786372020919
0.0963861313511663,1,0.756210291696511
13.0931037874372,1,0.000296384864437282
0.561045676529733,1,0.453839230200982
0.256223854708703,1,0.612726367764015
11.1684375,1,0.000832006684692743
33.6010151452585,1,6.76574085645143e-09
0.175467756788931,1,0.675297463794829
1.86050294294351,1,0.172566764662061
1.32709936277889,1,0.249321900392973
4.93091805264514,1,0.0263802991706521
0.450322110263669,1,0.502182029023051
2.34950318518737,1,0.125322942188643
0.351880392038568,1,0.553050611047318
0.174617301530794,1,0.676040448896426
3.21643973551177,1,0.0729020306804821
0.681275464010865,1,0.409147868429124
0.000559282536544035,1,0.981132463006805
0.445880768349457,1,0.504297630854606
0.196622225719337,1,0.657461214495658
5.47952414798831,1,0.0192404960359943
4.16187804218497,1,0.0413435388049228
0.549878414136684,1,0.458367378301643
0.21115517756159,1,0.645863490520479
1.51165618878881,1,0.218886540501116
21.7294281663516,1,3.13938282170412e-06
0.00184521454010967,1,0.965736639876866
1.64089072444536,1,0.200203300998499
0.460905349794239,1,0.497201160481886
15.2923477665809,1,9.20888045730095e-05
0.314817726466162,1,0.574738773656348
0.271406914763558,1,0.602389559742499
4.07670901369785,1,0.0434782627143769
4.62843014559995,1,0.0314463240317281
9.98155777788645,1,0.00158115860231389
2.56398529788163,1,0.109322682929157
0.714133644359082,1,0.39807494819977
41.6116343248074,1,1.11328835039615e-10
0.561045676529733,1,0.453839230200982
0.672672376251996,1,0.412121443770895
0.0407032619141842,1,0.840111785498038
0.690474523303998,1,0.406003024644437
0.90681559855844,1,0.340960748291733
0.109210037251012,1,0.741045295563379
0.120383387984441,1,0.728619045826297
0.305573722436462,1,0.580409113328204
2.81079249710342,1,0.0936321105423952
0.40631299821579,1,0.523846839020482
0.930697168883598,1,0.334681831689834
0.443692733564014,1,0.505345494078554
0.143272405314445,1,0.705049230089236
0.201969196978914,1,0.653136040111586
0.362456089417913,1,0.547145340425893
1.191828734979,1,0.274960988925603
9.21733640690065,1,0.00239734073226838
1.18403979238754,1,0.276535106024336
1.66758749009165,1,0.196581982088961
0.362456089417913,1,0.547145340425893
0.872160429823735,1,0.350357903929343
5.22210923150354,1,0.0223014854672731
1.10101565629091,1,0.294043318227633
0.549878414136684,1,0.458367378301643
3.81035720323632,1,0.050936586666509
0.709135862763652,1,0.399730833844892
24.8159155163583,1,6.30745232599317e-07
7.81370370370371,1,0.00518515274032771
0.314817726466162,1,0.574738773656348
2.56275869630767,1,0.109407518624564
0.429988123660851,1,0.511994775838125
0.201969196978914,1,0.653136040111586
0.162037037037037,1,0.687287949348002
0.20535828713828,1,0.650430115894062
5.02171774096692,1,0.0250313255109335
1.14892942006747,1,0.283773371648071
50.4350279134662,1,1.23179244582161e-12
0.609418282548477,1,0.435006921134963
90.9435464210721,1,0
0.143953790085109,1,0.704381623503203
2.35597044300293,1,0.124804197442922
0.118983234180638,1,0.730139880923261
1.44631117604091,1,0.229120779034297
3.49295515437164,1,0.0616304763578676
0.450322110263669,1,0.502182029023051
12.8534102939188,1,0.00033686476164374
3.82840528455871,1,0.050390855133574
0.143953790085109,1,0.704381623503203
5.756818526742,1,0.0164247860778469
0.143272405314445,1,0.705049230089236
2.44259326280688,1,0.118080870224735
1.37501546991411,1,0.240952022235918
0.245946837590725,1,0.619943605251896
0.102272727272727,1,0.749119133000595
6.41575029028072,1,0.0113112525802445
29.7458652644731,1,4.92555718434318e-08
0.351880392038568,1,0.553050611047318
7.23893996755003,1,0.00713390859847007
4.87315855669214,1,0.02727752992504
3.01698022959183,1,0.0823967627011091
0.271406914763558,1,0.602389559742499
0.517611940298508,1,0.471862141767717
10.1454603414042,1,0.00144657035466589
9.72685749461373,1,0.00181594703310606
0.939805772569445,1,0.33232779698556
1.10610692521756,1,0.292929784942399
2.83946348241534,1,0.0919749193326378
0.445880768349457,1,0.504297630854606
1.804872969596,1,0.179124491260357
0.609418282548477,1,0.435006921134963
4.12345839090978,1,0.0422925372558236
0.989731011281983,1,0.319808126569004
0.0468631897203324,1,0.82861433454362
0.271606742567552,1,0.602255986750805
4.49170718128103,1,0.0340596486839584
0.202938475665748,1,0.652359375013656
1.50183555736845,1,0.220389147319203
0.172940868198096,1,0.677511281924434
18.131374499905,1,2.0617617581542e-05
4.66695601913598,1,0.0307483799212054
3.65569125868899,1,0.0558779631257278
1.10101565629091,1,0.294043318227633
0.205902900032974,1,0.649997799092183
2.07408534803864,1,0.149819728950394
0.718367346938775,1,0.396679971652829
0.606371882086168,1,0.436157140100994
2.25910162390942,1,0.13283109847709
23.3282554288337,1,1.36578812037769e-06
0.441506104442393,1,0.506396417283937
0.172940868198096,1,0.677511281924434
1.22245179063361,1,0.268880023275147
4.19305293005671,1,0.0405899391626603
36.7606745083224,1,1.33557320758371e-09
2.32652892328229,1,0.127185200384917
1.78137902652826,1,0.181980081067199
5.29981308264047,1,0.0213277129329247
0.0546737213403882,1,0.815121519787868
20.5942611478927,1,5.67660254047198e-06
0.235923756171119,1,0.627165819931065
0.0574967064734465,1,0.81049716197053
23.1704486629604,1,1.48258213206187e-06
0.161616161616162,1,0.687672894255411
4.90838701817873,1,0.0267265880323491
0.237607176706562,1,0.625939704532432
0.681474646503483,1,0.409079396998469
5.11719939117199,1,0.0236898196306837
0.609418282548477,1,0.435006921134963
0.554877283106885,1,0.45633165850514
0.998958463350764,1,0.317562660553683
2.89502493699015,1,0.0888534004613744
0.0656901920125813,1,0.797718441098483
24.436294440965,1,7.68079736257476e-07
0.662589355735975,1,0.415647289013008
1.28883286982912,1,0.256263149319944
0.314817726466162,1,0.574738773656348
1.02139202855443,1,0.312189043499708
0.13726443421316,1,0.711015823481182
4.60647912692576,1,0.0318513653450392
0.985861240185868,1,0.320756031741128
2.24906289046231,1,0.13369534470948
0.0508333333333332,1,0.821619504629988
11.358511969428,1,0.000751029717503182
0.662589355735975,1,0.415647289013008
11.0293860647304,1,0.000896788427814488
0.235327203893997,1,0.627601614814355
2.66949569910609,1,0.102288430377167
17.2716748072765,1,3.23980541760971e-05
0.3536,1,0.552082297766469
1.0486,1,0.305829739866878
0.828191007083791,1,0.362796140251177
0.400260551200557,1,0.526954728068088
0.199647307988518,1,0.655005679562861
0.552443681616808,1,0.457320922732002
0.695701971704101,1,0.40423167373438
0.0825337990900976,1,0.773892604163719
7.97042410714286,1,0.00475477973488958
0.202938475665748,1,0.652359375013656
36.5813769440483,1,1.46423950742047e-09
0.351880392038568,1,0.553050611047318
3.71900826446281,1,0.0537963145388449
0.274048442906574,1,0.600628880788515
19.688223413721,1,9.11614321197352e-06
0.491786055903922,1,0.483131665802463
0.276741837385255,1,0.598844727479599
0.117861921043131,1,0.731365077864628
28.0845,1,1.16132252148127e-07
1.1717645395419,1,0.279038971602311
0.975351913618633,1,0.323349044283185
0.000697887970615226,1,0.978924280721541
6.02826605151864,1,0.0140785564607436
1.10098679994874,1,0.294049644939619
0.254062475738628,1,0.614228978696292
1.53472222222222,1,0.215405104607953
2.45353497164461,1,0.117260528668877
9.01610083639065,1,0.00267611663127532
3.05119922141074,1,0.0806775509598376
0.141990726734164,1,0.70630992652025
38.3407427192484,1,5.9409244190789e-10
1.1616,1,0.281133961530644
0.924430027603502,1,0.336314473848515
1.84655661092518,1,0.174184412579318
0.498866213151928,1,0.479998722325441
0.173775044634001,1,0.676778369226918
4.27695319193067,1,0.0386325395505123
0.271406914763558,1,0.602389559742499
0.735979836168872,1,0.390951731157395
2.80465521694215,1,0.0939910487471434
0.235327203893997,1,0.627601614814355
21.4900339591837,1,3.55672322471801e-06
0.202938475665748,1,0.652359375013656
18.4530526686035,1,1.74141658241256e-05
0.202938475665748,1,0.652359375013656
0.794328565924239,1,0.37279446312431
1.37501546991411,1,0.240952022235918
0.143272405314445,1,0.705049230089236
4.14,1,0.0418811693989192
0.171296296296296,1,0.678962308510818
2.46349862258953,1,0.116518991578588
0.534894553314355,1,0.464556325225049
0.662589355735975,1,0.415647289013008
1.23613289291346,1,0.266217643334214
0.73673163556251,1,0.390709867504878
0.676101753542555,1,0.410932311982407
0.235327203893997,1,0.627601614814355
0.445880768349457,1,0.504297630854606
0.171296296296296,1,0.678962308510818
0.237607176706562,1,0.625939704532432
0.17209184012868,1,0.678259375453338
1.73553719008264,1,0.187705289170779
0.20535828713828,1,0.650430115894062
0.317941439069618,1,0.57284739883216
0.0118481399694242,1,0.913322130162202
6.38088832651262,1,0.0115355680333811
1.95522497794334,1,0.162024920454786
1.263427734375,1,0.26100326314752
1.69038125832086,1,0.19355071856306
0.445880768349457,1,0.504297630854606
0.118983234180638,1,0.730139880923261
1.0321046373365,1,0.309664861020709
0.143272405314445,1,0.705049230089236
40.5846461776859,1,1.88280280255526e-10
3.65569125868899,1,0.0558779631257278
2.18818778622192,1,0.139072858394345
1.4869531693856,1,0.222689795199252
0.124925639500297,1,0.723752446203907
48.8433102345316,1,2.77244893709394e-12
0.202938475665748,1,0.652359375013656
0.230575525113553,1,0.631097413305595
48.3952682429744,1,3.48410189587867e-12
19.7797530970021,1,8.68983320989614e-06
5.25855368882396,1,0.0218391602156757
0.202938475665748,1,0.652359375013656
1.53505156366201,1,0.215355875518324
0.156323149715219,1,0.692564514863979
71.7762739632902,1,0
0.402244897959184,1,0.525932169596187
0.117861921043131,1,0.731365077864628
18.2671759226576,1,1.91986963399282e-05
3.29403428945621,1,0.069531983756244
2.73122213919452,1,0.0984039569350249
1.39725673141167,1,0.237183423691448
6.57969145184155,1,0.0103148770997374
6.43637734921027,1,0.0111806428618674
1.30601000540833,1,0.253118338243972
1.11261697911904,1,0.291513782069553
0.105812972376679,1,0.744962310107358
5.65844237886386,1,0.017371543904888
0.111106824582385,1,0.738887533407673
0.271406914763558,1,0.602389559742499
0.0152354277557946,1,0.901765117488727
0.554877283106885,1,0.45633165850514
1.17787031528852,1,0.277789983836083
1.75529239947369,1,0.185212784981913
0.5942268823464,1,0.440789248549459
2.95420924541036,1,0.0856541971194682
3.75319717503341,1,0.0527066049271403
11.1087828872273,1,0.000859198581364851
0.669277527618193,1,0.413303607206438
6.10653643458344,1,0.0134682811007614
5.732218925599,1,0.0166564235699154
9.59250589309605,1,0.00195373124730736
0.552628431143591,1,0.457245703064265
0.621915526472338,1,0.430336353854369
0.665608924315906,1,0.414586737776492
0.41245485154576,1,0.520726142163179
0.402244897959184,1,0.525932169596187
27.4133074944237,1,1.64296749427528e-07
0.319526627218935,1,0.571892263597918
0.641089054247556,1,0.423316709810713
15.193662252727,1,9.70285219387135e-05
17.0761987493343,1,3.59095362453266e-05
0.143953790085109,1,0.704381623503203
2.27441811031991,1,0.131524481115409
0.235327203893997,1,0.627601614814355
0.935853167838327,1,0.333346587504295
7.18553377646584,1,0.00734936855492119
41.822046198576,1,9.99698102077673e-11
9.80511967750063,1,0.0017402671078478
0.141812425801346,1,0.706485822761507
4.51537534321498,1,0.0335915148833253
0.201969196978914,1,0.653136040111586
1.40503491458167,1,0.235882377556718
0.033883568111364,1,0.85395469839131
0.202938475665748,1,0.652359375013656
0.402244897959184,1,0.525932169596187
2.26166995397765,1,0.132610991832053
12.2588516525476,1,0.000463056379694904
0.77549022134041,1,0.378523948884818
0.0776417233560091,1,0.780519082677458
2.36179580314537,1,0.124338981018793
0.86328125,1,0.352822083296811
0.172114656571119,1,0.678239243231068
5.53224144559785,1,0.018669174165833
3.63247863247863,1,0.0566623700744892
10.5274765701163,1,0.00117612694608404
0.544176247216228,1,0.460707089014439
1.9105098855359,1,0.166906630753097
22.9273872127743,1,1.68237678999095e-06
21.8527501987529,1,2.94394350996985e-06
22.0020576131687,1,2.72358326558475e-06
5.18060770570625,1,0.0228403340539137
0.414160154419895,1,0.519865491972904
8.5819793705557,1,0.00339506112528765
2.18842205774801,1,0.139051704453851
0.806590062810426,1,0.369130323965095
0.493948024207903,1,0.482171447122277
0.669277527618193,1,0.413303607206438
9.12847584926588,1,0.00251661291065652
39.6367777503158,1,3.05868552707977e-10
6.54537323820677,1,0.0105157265009302
0.516877381154602,1,0.472176750385877
0.202938475665748,1,0.652359375013656
0.117861921043131,1,0.731365077864628
1.567825,1,0.210523157765067
1.77540971187596,1,0.182713999110931
4.38075987780093,1,0.0363467901345547
0.228497540509259,1,0.632640124248056
0.348417076793679,1,0.555010555081194
1.21406328669377,1,0.27052888883163
0.245946837590725,1,0.619943605251896
1.47318837415066,1,0.224843313092558
1.89523473802275,1,0.168612674732679
2.63336987687637,1,0.104639411043173
1.74467892556975,1,0.186547066313955
27.69411447596,1,1.42094368160706e-07
0.819234872732815,1,0.365403966050814
0.314817726466162,1,0.574738773656348
1.56232816893165,1,0.211324656932665
14.4835783775876,1,0.000141386740211691
5.49945207185924,1,0.019022433213285
9.74968289934671,1,0.00179353650693281
2.35658402203857,1,0.124755105718347
0.858908907763101,1,0.354044206183144
115.648150191632,1,0
1.58473943985308,1,0.208079334124656
0.400260551200557,1,0.526954728068088
0.448090453111864,1,0.503243165352676
0.498866213151928,1,0.479998722325441
0.314817726466162,1,0.574738773656348
0.118419924554184,1,0.730754567318302
0.171296296296296,1,0.678962308510818
0.117861921043131,1,0.731365077864628
5.691231845078,1,0.0170498820797113
0.172114656571119,1,0.678239243231068
1.61948451557093,1,0.203163679500506
0.500558333986834,1,0.479254897773229
0.72855474920446,1,0.393352051998465
4.54523466137852,1,0.0330104971295885
4.912364415916,1,0.0266651160388749
1.3789141051422,1,0.24028620133461
0.645061728395061,1,0.421883793490536
0.00268636363774046,1,0.958664037841079
7.08111017952528,1,0.0077900732549343
3.19377544001253,1,0.0739191108024005
0.86328125,1,0.352822083296811
2.05315950077586,1,0.151890696902302
2.43064723812012,1,0.11898376197767
2.51147732301792,1,0.113019936834646
0.115820149367475,1,0.733612850192201
1.0753488372093,1,0.299740387935666
2.20973523715374,1,0.137142206209025
0.732248520710059,1,0.392155324963294
0.117861921043131,1,0.731365077864628
39.105227186549,1,4.01567445962314e-10
58.0416469808951,1,2.56461518688411e-14
0.402244897959184,1,0.525932169596187
2.35658402203857,1,0.124755105718347
22.2195910515116,1,2.43179766801216e-06
24.0361573410753,1,9.45435096544323e-07
1.70812228657989,1,0.191229175559795
3.32483626123034,1,0.0682408091949854
0.173775044634001,1,0.676778369226918
7.52668788442012,1,0.0060791569913764
0.569722726970884,1,0.45036911832918
1.26402815254623,1,0.260889991277628
0.493948024207903,1,0.482171447122277
2.51500684002416,1,0.112767144018928
26.5541241616166,1,2.56257085218259e-07
15.7679397550075,1,7.16056826275402e-05
15.2855273824112,1,9.24219085969291e-05
0.236461699711765,1,0.626773423557178
4.38207756232687,1,0.0363187034059294
0.310245436282645,1,0.577529614887739
0.665916689925439,1,0.414478867488544
4.214,1,0.0400916911811766
0.118983234180638,1,0.730139880923261
0.00343071804146501,1,0.953292748935467
0.850014277315865,1,0.356548298815724
0.355336474243974,1,0.551107715811613
0.202938475665748,1,0.652359375013656
0.0247015647555388,1,0.875112987351452
0.807837178991792,1,0.368760462925946
1.10678603553296,1,0.292781661636002
0.810279667422523,1,0.36803757985824
0.313278746885013,1,0.575675150015983
2.25848255609818,1,0.132884213783846
1.37984008754831,1,0.240128388114858
0.2790742809731,1,0.597308608576913
2.23589472436383,1,0.13483855218105
0.0973121107266436,1,0.755079365294773
0.0120313236566781,1,0.912657300914723
0.190255480756846,1,0.662704068142136
0.171296296296296,1,0.678962308510818
27.2090151442069,1,1.82605222831533e-07
2.19640126070327,1,0.138333359386798
3.65569125868899,1,0.0558779631257278
0.996598661704201,1,0.318134934231851
13.4297839506173,1,0.000247660635613434
0.171296296296296,1,0.678962308510818
0.402244897959184,1,0.525932169596187
10.0722222222222,1,0.00150521378202895
12.1324953286903,1,0.000495507734341483
0.202938475665748,1,0.652359375013656
9.97924666933485,1,0.00158314442108476
0.158755112312964,1,0.690305250003431
0.587488665448136,1,0.443391882589841
0.118419924554184,1,0.730754567318302
0.173775044634001,1,0.676778369226918
1.43871091157992,1,0.230348056906549
3.65569125868899,1,0.0558779631257278
42.6395635696198,1,6.58146870335941e-11
1.78577777777778,1,0.181441446146802
0.493948024207903,1,0.482171447122277
0.143272405314445,1,0.705049230089236
30.4522534517199,1,3.42185607626888e-08
0.143272405314445,1,0.705049230089236
16.0454918827873,1,6.18386802376802e-05
0.119551925932396,1,0.729520970922985
40.5403463753304,1,1.92597715553688e-10
0.93545652489476,1,0.333449052871041
0.0393985398983314,1,0.842661195971347
0.143953790085109,1,0.704381623503203
5.23921921230136,1,0.0220831829020964
1.60543666315801,1,0.20513445479522
0.189000617283951,1,0.663749699801386
0.396349930569331,1,0.528980350898716
0.201969196978914,1,0.653136040111586
0.346487081214183,1,0.556108476341916
0.243471513928424,1,0.621709971073404
4.29297955182914,1,0.0382700424667758
4.03808776842918,1,0.0444842001019397
0.000471919603776301,1,0.982668349882191
4.54523466137852,1,0.0330104971295885
0.0790197474798318,1,0.778630239466219
0.00717239239830448,1,0.932507863623563
0.493948024207903,1,0.482171447122277
4.27118448013748,1,0.0387639004585749
34.5306197183368,1,4.1959850038964e-09
0.203917094921817,1,0.651577485720653
1.09530490584356,1,0.295298795023814
1.89086110140624,1,0.169104829930854
5.42634710171652,1,0.0198351275753226
0.554877283106885,1,0.45633165850514
1.82222637432393,1,0.177048493723691
0.00329894965466511,1,0.954197501204483
0.414160154419895,1,0.519865491972904
0.274048442906574,1,0.600628880788515
0.558211641747713,1,0.454981697987257
0.501362148302466,1,0.47890221675332
8.1635705842107,1,0.00427401450125442
0.311754722387533,1,0.57660540847686
0.351880392038568,1,0.553050611047318
0.00980161129573978,1,0.921135818835191
0.383032530477254,1,0.535984729193051
0.118983234180638,1,0.730139880923261
0.322619917214511,1,0.570037408349957
0.792021370078522,1,0.373489606631578
20.4738330739761,1,6.04520762215177e-06
0.172114656571119,1,0.678239243231068
8.87342024692874,1,0.00289352520433406
2.58555038627524,1,0.107842916305867
1.15542329174362,1,0.282416735686458
0.93545652489476,1,0.333449052871041
1.40748395011303,1,0.235474521253284
0.672672376251996,1,0.412121443770895
1.64632161458333,1,0.199460319325929
1.0041975308642,1,0.316296955488756
3.60927046468863,1,0.057458319739757
2.45353497164461,1,0.117260528668877
7.56,1,0.00596779919795642
23.8465731438579,1,1.04327440075824e-06
12.6552676412577,1,0.000374508978190469
9.33419093337842,1,0.0022491737197724
0.203917094921817,1,0.651577485720653
0.202938475665748,1,0.652359375013656
3.57809668704375,1,0.0585461946801726
6.12250326753912,1,0.0133471660332423
6.42693220043446,1,0.0112402559987909
0.011759060707656,1,0.913647305115688
4.51812561348155,1,0.0335375548089231
0.314817726466162,1,0.574738773656348
0.118983234180638,1,0.730139880923261
0.496394959681948,1,0.481088442997219
0.119551925932396,1,0.729520970922985
5.06402777777778,1,0.0244274035489759
0.703215423135605,1,0.401705370156531
0.665916689925439,1,0.414478867488544
34.4012916855107,1,4.48425585553025e-09
20.9201622398465,1,4.78828112593366e-06
0.172114656571119,1,0.678239243231068
2.3994348224623,1,0.121379095643346
0.54480612244898,1,0.460447710236835
0.503883136094674,1,0.477798856973996
17.3509108067145,1,3.10749307690372e-05
15.2807215085158,1,9.26573528937658e-05
0.0756672860798155,1,0.783257179081428
1.11261697911904,1,0.291513782069553
1.90570997546116,1,0.167440581211248
0.143953790085109,1,0.704381623503203
11.486320761046,1,0.000701102870995007
0.172940868198096,1,0.677511281924434
0.320885719647213,1,0.571075845494298
1.53472222222222,1,0.215405104607953
0.935853167838327,1,0.333346587504295
0.23876379494482,1,0.625100396245646
0.239931717616406,1,0.624255436244986
2.39295736401557,1,0.121882859030735
0.118419924554184,1,0.730754567318302
10.4557844172502,1,0.00122265982231773
0.890476423880012,1,0.345348234220045
1.11385459533608,1,0.291245577338662
19.8974082208255,1,8.17110248862996e-06
0.118983234180638,1,0.730139880923261
0.780834081760734,1,0.376886169285765
0.493948024207903,1,0.482171447122277
0.606371882086168,1,0.436157140100994
0.398295656817373,1,0.527970765772683
0.414160154419895,1,0.519865491972904
1.29782476240727,1,0.254610938347043
0.73876671926534,1,0.390056228515725
0.271406914763558,1,0.602389559742499
0.14221205789268,1,0.706091755748708
0.171296296296296,1,0.678962308510818
1.86681440443213,1,0.171840376086464
0.204905190311419,1,0.650790313598794
0.311754722387533,1,0.57660540847686
2.81447918559837,1,0.0934172118505032
5.60654948096886,1,0.0178934642849464
0.544981073317404,1,0.460375707637263
0.236461699711765,1,0.626773423557178
1.87608450979744,1,0.170779836861159
1.11255800310246,1,0.291526570672712
29.1324820034397,1,6.75941616012921e-08
49.9178784932922,1,1.60316204755873e-12
39.67993258991,1,2.99183899876709e-10
11.6000832466181,1,0.000659488672773101
53.6510765370349,1,2.39475106411646e-13
0.15400990328104,1,0.694732430199902
0.508723495808433,1,0.475691967688414
1.96793002915452,1,0.160667749204997
0.424840792182559,1,0.514531413155119
1.81706326835466,1,0.177663241974399
1.27865961199295,1,0.258148406574458
6.55516269489984,1,0.0104580276583301
0.201969196978914,1,0.653136040111586
1.06562910665052,1,0.301934818335751
0.3536,1,0.552082297766469
0.235327203893997,1,0.627601614814355
1.34565692526013,1,0.246038816389961
0.146229608482958,1,0.70216483730115
3.84241103849109,1,0.0499716138956655
6.30880612482159,1,0.0120139712833066
0.8457484347584,1,0.357757874000683
2.34871334722,1,0.125386459803808
0.693251417769376,1,0.40506064994823
0.767253352188076,1,0.381068093257904
0.776207193397359,1,0.378303630677575
4.19917764328943,1,0.040443587540172
0.781544414645212,1,0.376669218719923
1.67357506234845,1,0.195780367810587
0.0647773265798674,1,0.799098564979298
0.143953790085109,1,0.704381623503203
0.172114656571119,1,0.678239243231068
0.676101753542555,1,0.410932311982407
0.272721289537046,1,0.601512122481903
0.143272405314445,1,0.705049230089236
0.143272405314445,1,0.705049230089236
2.23343182630283,1,0.135053582431392
0.802461174070318,1,0.37035853618809
0.0683759769255974,1,0.793716198212646
1.22201960171751,1,0.268964668235052
0.118419924554184,1,0.730754567318302
0.496394959681948,1,0.481088442997219
3.87251923710381,1,0.0490827956209722
21.7798740307256,1,3.05791056376403e-06
0.549878414136684,1,0.458367378301643
1.8023298816568,1,0.179431078569972
5.691231845078,1,0.0170498820797113
5.29608176364841,1,0.0213734516575175
0.517378300568083,1,0.471962171935925
0.639936621545395,1,0.423733748352317
0.144641683103222,1,0.70370947119751
9.23544358543716,1,0.00237374890004882
4.5121534452561,1,0.0336548436447891
16.5796058169581,1,4.66499839669732e-05
1.22201960171751,1,0.268964668235052
1.55941684611767,1,0.211750625634198
4.57265946502057,1,0.0324860956265427
1.14531740813792,1,0.284531529752459
1.14112792070735,1,0.28541411832066
1.35332564398308,1,0.244697563650438
2.60980647333424,1,0.106204722404473
19.7089040241341,1,9.01802050468081e-06
0.120705767176931,1,0.728270285229519
2.87391656555823,1,0.0900255445414927
0.709978938211121,1,0.399450803986898
0.992206475306603,1,0.319203689979092
2.60922677391554,1,0.106243553850658
0.204311901957137,1,0.651262685389891
0.867698195990571,1,0.3515933344104
0.358861022664487,1,0.549139475745601
21.2695424836601,1,3.99021421293444e-06
1.21715976331361,1,0.269918770631176
8.16355026675271,1,0.00427406238024741
0.203917094921817,1,0.651577485720653
0.0954776013526126,1,0.757325710212382
0.533381432142029,1,0.465188694274313
2.27128229567564,1,0.131790818420928
2.05469678953627,1,0.151737458331242
5.30836734693878,1,0.0212232362887712
0.0963861313511663,1,0.756210291696511
0.516215389348742,1,0.472460569359904
0.271406914763558,1,0.602389559742499
0.362456089417913,1,0.547145340425893
8.30883279237847,1,0.00394527370379172
1.0896528677544,1,0.296548134939702
1.87608450979744,1,0.170779836861159
0.201969196978914,1,0.653136040111586
2.54445128510681,1,0.110682357404461
3.31116764787883,1,0.0688105834484911
6.90443798085945,1,0.00859820501415431
4.78684693731693,1,0.0286778775584177
0.45257606864149,1,0.501114152334699
6.36168120543473,1,0.011661099973108
12.4412607660695,1,0.0004199522036481
25.658269942079,1,4.07545200253878e-07
0.271406914763558,1,0.602389559742499
2.92693115084979,1,0.0871129389568083
0.396349930569331,1,0.528980350898716
5.756818526742,1,0.0164247860778469
5.59287138640198,1,0.0180337109173427
0.552628431143591,1,0.457245703064265
0.555406034884323,1,0.456117165795697
0.0313134297824567,1,0.859542942448871
0.117861921043131,1,0.731365077864628
0.119551925932396,1,0.729520970922985
0.118983234180638,1,0.730139880923261
0.0954776013526126,1,0.757325710212382
1.55941684611767,1,0.211750625634198
0.445880768349457,1,0.504297630854606
8.60797910492693,1,0.0033469346088375
11.0373294265123,1,0.000892954025217052
0.457152237510919,1,0.498957894744619
0.0954776013526126,1,0.757325710212382
1.17869747138332,1,0.277621324072216
37.876775000046,1,7.53570206235565e-10
1.58767236079617,1,0.20765900397581
0.118419924554184,1,0.730754567318302
0.605401811143803,1,0.436524381129934
0.672464124041907,1,0.412193818202537
0.0484158341499102,1,0.825843130390499
0.185668484446426,1,0.666546420715883
0.235327203893997,1,0.627601614814355
1.40830101379886,1,0.235338639458808
0.201969196978914,1,0.653136040111586
0.145336178007887,1,0.703032721447867
0.400260551200557,1,0.526954728068088
0.310245436282645,1,0.577529614887739
0.202938475665748,1,0.652359375013656
0.731771690698968,1,0.392309516715536
7.17969072338763,1,0.00737334166943326
0.454852663666715,1,0.500039464757587
0.117861921043131,1,0.731365077864628
6.75893643433883,1,0.00932793404357957
0.172940868198096,1,0.677511281924434
0.893954531406105,1,0.344407912543123
0.0484158341499102,1,0.825843130390499
1.05989184777064,1,0.30323985326075
0.317941439069618,1,0.57284739883216
0.377266690179556,1,0.539069699760457
0.716262975778547,1,0.39737246337521
0.319987093051075,1,0.571615401659347
0.311754722387533,1,0.57660540847686
2.13912012949474,1,0.143584223078545
16.6035154389818,1,4.6065556700281e-05
52.7317414818821,1,3.82360809680904e-13
0.324378346222487,1,0.568988223760016
0.603355719772691,1,0.437300523775819
0.144641683103222,1,0.70370947119751
3.65569125868899,1,0.0558779631257278
2.04660953271873,1,0.152545571742106
2.08984324939126,1,0.148281283928287
5.65844237886386,1,0.017371543904888
35.9300421607404,1,2.04530670178116e-09
18.8381125430028,1,1.42295152661953e-05
3.08097946188247,1,0.0792128096440212
0.662589355735975,1,0.415647289013008
0.448090453111864,1,0.503243165352676
0.143953790085109,1,0.704381623503203
0.181967548142588,1,0.669687785000035
1.8122552516845,1,0.178237927884621
0.143272405314445,1,0.705049230089236
0.143953790085109,1,0.704381623503203
0.313278746885013,1,0.575675150015983
0.395300660844569,1,0.529526225880081
0.0251177394034537,1,0.874074032570988
0.118419924554184,1,0.730754567318302
10.3778896490184,1,0.00127533384385092
0.514225297962322,1,0.47331545534658
0.709978938211121,1,0.399450803986898
0.35709006381142,1,0.550126797900178
0.72855474920446,1,0.393352051998465
1.7656329146112,1,0.183923464966687
2.01938070839831,1,0.155302469083443
0.338025435319996,1,0.560971201503432
2.32244213763937,1,0.127519682625872
29.8764187338451,1,4.60479402386582e-08
0.143953790085109,1,0.704381623503203
0.493948024207903,1,0.482171447122277
20.2338256558183,1,6.85304106085027e-06
0.239433293978748,1,0.624615719603424
3.27691279190318,1,0.070260977522116
7.81370370370371,1,0.00518515274032771
7.00394548650537,1,0.00813302667655647
0.351880392038568,1,0.553050611047318
0.00529085559076496,1,0.942014395952976
0.0068975960108712,1,0.933810377597423
46.654295443537,1,8.46811509802592e-12
2.19334536535702,1,0.138607980065904
0.398295656817373,1,0.527970765772683
0.408317580340265,1,0.522824672604454
0.146745357096949,1,0.701665218571974
0.493948024207903,1,0.482171447122277
6.02625622453599,1,0.0140945965076307
2.83428571428571,1,0.0922718214908624
0.274048442906574,1,0.600628880788515
10.8399390967639,1,0.000993339997811926
19.6744521337947,1,9.18207727218512e-06
0.0284194403831688,1,0.866126490504232
6.54471240656756,1,0.0105196331703181
26.7362585714429,1,2.33204225152939e-07
0.0120313236566781,1,0.912657300914723
0.387698997495391,1,0.533511392791347
12.347545196281,1,0.000441566719739162
0.732239873748884,1,0.392158120342938
6.53158276502723,1,0.010597561602568
2.44487105081555,1,0.117909574341659
0.402244897959184,1,0.525932169596187
0.225580453208912,1,0.634820397812583
10.2481688357433,1,0.00136820349001809
1.3824,1,0.239692762732272
39.6765357780193,1,2.99704705497561e-10
47.4224568921539,1,5.72231151352298e-12
25.1928650036735,1,5.18737548582671e-07
1.29088749448076,1,0.255884461143551
0.171296296296296,1,0.678962308510818
10.7016001338282,1,0.00107042913695432
0.236461699711765,1,0.626773423557178
4.62843014559995,1,0.0314463240317281
1.14440086448411,1,0.284724319622143
19.8672312341065,1,8.30110929905814e-06
0.0118481399694242,1,0.913322130162202
23.288791473582,1,1.3941006989926e-06
0.143953790085109,1,0.704381623503203
3.52655215238464,1,0.0603932528600667
7.20965427676711,1,0.00725124607062422
8.47447956640838,1,0.00360163409595049
3.63247863247863,1,0.0566623700744892
1.16572148708254,1,0.280282106923824
66.6997733499162,1,3.33066907387547e-16
0.549878414136684,1,0.458367378301643
0.311754722387533,1,0.57660540847686
7.75433108250105,1,0.00535838841165071
2.15522723638479,1,0.142085421270423
2.08301506327212,1,0.148945717883325
0.146037370242214,1,0.702351321703865
2.7353144993869,1,0.0981521769108853
0.684912809878405,1,0.407900131586717
0.235327203893997,1,0.627601614814355
21.0329864602987,1,4.5144370519612e-06
0.145336178007887,1,0.703032721447867
1.09530490584356,1,0.295298795023814
0.381847578089633,1,0.536616098765102
0.493948024207903,1,0.482171447122277
0.86328125,1,0.352822083296811
0.355336474243974,1,0.551107715811613
2.25270432692308,1,0.13338112511313
0.0282406692844365,1,0.866544255862838
0.124304835517014,1,0.72441164969308
0.204905190311419,1,0.650790313598794
21.5576915470116,1,3.43342925845924e-06
1.04304348902255,1,0.307114691830428
3.23063475546306,1,0.0722726705196155
0.00395821015603695,1,0.94983474124909
0.280663495218234,1,0.596266667936769
0.143953790085109,1,0.704381623503203
0.735192239231043,1,0.391205341460776
6.38969112179107,1,0.0114785000135176
4.24380046136102,1,0.0393938896660839
0.396349930569331,1,0.528980350898716
0.0273805065309856,1,0.86857361938489
3.76694411414982,1,0.0522750554472053
2.97042976800601,1,0.0847993236248321
0.316371882086168,1,0.573796212550348
0.23876379494482,1,0.625100396245646
1.7597015610652,1,0.184661744581684
1.18616895838701,1,0.276103687051029
1.31993375385228,1,0.250603940142465
4.55292681566408,1,0.0328625262270287
1.41169542906063,1,0.234775146185538
0.23876379494482,1,0.625100396245646
0.681470034936845,1,0.409080982090926
1.11923505425505,1,0.290083226169572
0.202938475665748,1,0.652359375013656
5.72402390684093,1,0.0167343363294639
0.496394959681948,1,0.481088442997219
3.63247863247863,1,0.0566623700744892
0.000581664353228887,1,0.980758709988448
0.196831140887085,1,0.657290908568196
0.14964726375381,1,0.698872673796694
2.87391656555823,1,0.0900255445414927
0.235327203893997,1,0.627601614814355
0.235157814174429,1,0.627725482196714
0.30515606632555,1,0.580667940721855
0.792021370078522,1,0.373489606631578
1.78671110657643,1,0.181327395895409
0.271406914763558,1,0.602389559742499
2.89261098485911,1,0.0889866048653534
4.32680529300567,1,0.0375165978434181
1.53943930513382,1,0.214701282759327
0.1124115385526,1,0.737415161341632
0.450322110263669,1,0.502182029023051
0.275388561943564,1,0.59973977075218
0.676101753542555,1,0.410932311982407
3.56395724926028,1,0.0590468151602347
0.460478012447709,1,0.49740065814757
20.9823629525232,1,4.63530954597502e-06
1.34996021563957,1,0.245285072081778
3.23895960639819,1,0.0719062866729682
0.316371882086168,1,0.573796212550348
0.493948024207903,1,0.482171447122277
1.79494447164318,1,0.180324887199639
0.665916689925439,1,0.414478867488544
1.30483665272922,1,0.253331639740677
0.00207217768280226,1,0.963691894473321
0.0954776013526126,1,0.757325710212382
17.9173288417683,1,2.30710866131467e-05
2.57694905478527,1,0.108430473610605
20.9296876490672,1,4.76453064057747e-06
3.589373449786,1,0.0581501634734696
4.22277019351698,1,0.039884993303843
9.04598973650487,1,0.00263271665344589
0.406273113905325,1,0.523867212585899
0.237607176706562,1,0.625939704532432
0.802461174070318,1,0.37035853618809
0.93545652489476,1,0.333449052871041
0.00337079696488794,1,0.953701979062994
0.358861022664487,1,0.549139475745601
1.35103072035256,1,0.245098005702466
1.4475944474064,1,0.228914336299792
5.50513747553003,1,0.0189606896727099
10.8680790737484,1,0.000978359545694141
1.86448467360278,1,0.17210809570779
15.0026370238143,1,0.000107361047756993
1.63052176138806,1,0.201630896813654
0.554539332721151,1,0.456468834243318
0.118419924554184,1,0.730754567318302
2.93340603304599,1,0.0867642662182807
2.96655795533855,1,0.0850025388343555
0.203917094921817,1,0.651577485720653
0.732248520710059,1,0.392155324963294
2.69910444007734,1,0.100404630807452
0.396890017236689,1,0.528699767913523
0.235327203893997,1,0.627601614814355
4.57265946502057,1,0.0324860956265427
0.498866213151928,1,0.479998722325441
0.00791709814117112,1,0.929099333224149
0.143272405314445,1,0.705049230089236
19.9317006175614,1,8.02584519243865e-06
4.02299922617443,1,0.0448838280694909
0.0954776013526126,1,0.757325710212382
0.233726426551434,1,0.628774400437223
5.72402390684093,1,0.0167343363294639
5.85060212776654,1,0.015571722371165
2.10380117886669,1,0.146933459181925
0.351880392038568,1,0.553050611047318
0.310245436282645,1,0.577529614887739
0.00264975477206465,1,0.958946409955024
0.118983234180638,1,0.730139880923261
6.72956072253125,1,0.00948279503240756
0.272721289537046,1,0.601512122481903
0.117861921043131,1,0.731365077864628
0.000370335459410774,1,0.984646375848024
9.38345018298687,1,0.00218953079483608
0.3536,1,0.552082297766469
1.44532347050744,1,0.229279826083054
0.133411419643627,1,0.714920856949362
1.99613121206214,1,0.15770128094031
0.204905190311419,1,0.650790313598794
9.28202798844532,1,0.00231413080360177
3.71813202816018,1,0.0538245546288993
1.80065211776859,1,0.179633677010644
5.83949281894117,1,0.0156703430415845
4.55305850742664,1,0.0328599989642188
0.867698195990571,1,0.3515933344104
0.445880768349457,1,0.504297630854606
3.31739644970414,1,0.0685503081375872
21.1521902330926,1,4.24216154615298e-06
0.202938475665748,1,0.652359375013656
5.53224144559785,1,0.018669174165833
1.17447798954292,1,0.278483041036727
0.0320635508994818,1,0.85788824962688
4.5596948299651,1,0.0327329054364417
35.6576818681097,1,2.35218511335233e-09
23.9509155415917,1,9.88232861209859e-07
2.72401849842594,1,0.0988488702770887
1.60237921699292,1,0.205566366651962
0.317489724874325,1,0.573120148053371
7.09288051169041,1,0.00773907596869883
0.555406034884323,1,0.456117165795697
0.549878414136684,1,0.458367378301643
5.17694080904224,1,0.0228885886624254
0.351880392038568,1,0.553050611047318
9.7566124260355,1,0.00178678854846515
0.462903499961369,1,0.496270135773209
3.79903483155713,1,0.0512821353585512
0.144641683103222,1,0.70370947119751
0.147460237755373,1,0.700974357798102
0.0129531238154186,1,0.909386991308578
0.203917094921817,1,0.651577485720653
10.5331324048469,1,0.00117253309628773
2.08733354180283,1,0.148525107465321
1.72582443629857,1,0.188945035239494
0.201969196978914,1,0.653136040111586
17.7703272272231,1,2.49240198108014e-05
0.171296296296296,1,0.678962308510818
0.000170777828367031,1,0.989573382454137
0.268404274647771,1,0.604404212360011
0.278108463724859,1,0.597943685074941
27.4717018763356,1,1.59409981770331e-07
7.94011189985605,1,0.00483508446395164
0.808973291710024,1,0.368423971494721
0.203917094921817,1,0.651577485720653
0.274048442906574,1,0.600628880788515
0.100576258559756,1,0.751139194148806
0.313278746885013,1,0.575675150015983
23.9997199467899,1,9.63497142403291e-07
0.118419924554184,1,0.730754567318302
14.2378463458896,1,0.000161097797748311
0.410382693939108,1,0.521775328931297
5.00610455646208,1,0.0252580810700131
0.611541481859392,1,0.434208004652282
1.17869747138332,1,0.277621324072216
16.6303882893141,1,4.54174797677176e-05
4.68954436123197,1,0.0303466934634159
2.87606428176266,1,0.0899055193069809
0.606371882086168,1,0.436157140100994
0.945122276093558,1,0.330963995529574
4.98614958448753,1,0.0255510030630843
0.23876379494482,1,0.625100396245646
0.271406914763558,1,0.602389559742499
5.756818526742,1,0.0164247860778469
0.504524846399188,1,0.477518662565023
2.88921050030094,1,0.0891746146045873
0.410382693939108,1,0.521775328931297
0.235327203893997,1,0.627601614814355
2.32767061858352,1,0.127091933064987
18.3471384898412,1,1.84095273592089e-05
7.3185652700206,1,0.00682458730352686
0.201969196978914,1,0.653136040111586
3.39846978305785,1,0.0652569305930086
0.533182947345484,1,0.465271747789623
0.276741837385255,1,0.598844727479599
3.72679573336384,1,0.0535460218448295
0.206910364983271,1,0.64919988170416
0.549878414136684,1,0.458367378301643
0.360649609808556,1,0.548145680038247
0.202938475665748,1,0.652359375013656
0.603355719772691,1,0.437300523775819
1.20101096931091,1,0.273119711702692
1.1688047336631,1,0.279646971710611
0.143272405314445,1,0.705049230089236
0.23876379494482,1,0.625100396245646
2.46475070671501,1,0.116426173113708
1.68113457597991,1,0.194773762258963
0.143272405314445,1,0.705049230089236
20.6537621994304,1,5.50289503498114e-06
3.46530643783001,1,0.062668894612277
0.73974926948817,1,0.389741207871165
0.171296296296296,1,0.678962308510818
0.751292193452886,1,0.386067422827823
0.0140648787772099,1,0.905595876911253
0.238204221987447,1,0.625506139301785
0.676174517204196,1,0.41090713606151
0.284242463407892,1,0.593933942708336
0.70484553547069,1,0.401160298359153
0.314817726466162,1,0.574738773656348
0.0594494221381742,1,0.807368276770229
8.82329361715373,1,0.00297409371441704
0.143953790085109,1,0.704381623503203
23.7643866374031,1,1.08878485016728e-06
0.278108463724859,1,0.597943685074941
0.416705088694217,1,0.518585736573626
1.36047950690383,1,0.243454396155607
0.0983666344474509,1,0.753798611284773
7.33499273380319,1,0.00676249527974759
0.171931996964803,1,0.67840045789356
24.1773438334486,1,8.78597993247965e-07
10.0945283328057,1,0.00148710219136949
0.143953790085109,1,0.704381623503203
0.802461174070318,1,0.37035853618809
0.143953790085109,1,0.704381623503203
0.547155575675268,1,0.459482259102442
45.3259113614624,1,1.66827662795299e-11
0.202938475665748,1,0.652359375013656
0.802461174070318,1,0.37035853618809
0.143272405314445,1,0.705049230089236
0.117861921043131,1,0.731365077864628
7.19913005502664,1,0.00729389303963934
0.154008721721892,1,0.694733542313996
2.34375,1,0.12578642463894
18.5741922611296,1,1.63418009693217e-05
0.882549215882549,1,0.347504419153985
37.4118505873633,1,9.56392409712237e-10
5.8399802028634,1,0.0156660029192742
0.311754722387533,1,0.57660540847686
5.01365986653931,1,0.025148087602416
0.0736977496488777,1,0.786027036621846
0.606371882086168,1,0.436157140100994
0.673711911357341,1,0.411760451468341
0.950030188724362,1,0.329711613152337
0.118983234180638,1,0.730139880923261
27.5970136012393,1,1.49409268845879e-07
5.756818526742,1,0.0164247860778469
0.118419924554184,1,0.730754567318302
7.58107330703484,1,0.00589843091807984
0.859657205429695,1,0.353834637971974
37.3121524044989,1,1.00655428436625e-09
3.57707061354349,1,0.0585823715700905
0.994897959183674,1,0.318548209782059
1.09530490584356,1,0.295298795023814
0.407957693276252,1,0.523007923890729
0.989731011281983,1,0.319808126569004
0.076163857105424,1,0.782564962876081
2.6803749990032,1,0.101591802741871
0.683066217920744,1,0.408532878459485
0.865914595172628,1,0.352088809885725
6.25899590421349,1,0.0123564217360439
12.2022322877231,1,0.000477323651277506
0.0901346522397955,1,0.764006042949866
2.16403292903017,1,0.141273475373097
21.7406841410338,1,3.12101718691338e-06
1.1717645395419,1,0.279038971602311
0.354774544137182,1,0.551422740766711
4.0041206549842,1,0.0453891679340966
11.216855272506,1,0.000810577336953222
3.16728497245157,1,0.0751272380536456
6.63869224718717,1,0.00997871590961008
1.53708081167675,1,0.215052844027203
5.92516961888648,1,0.014926101430832
21.0548673952193,1,4.46317638369553e-06
1.10678603553296,1,0.292781661636002
11.7363861546281,1,0.000612899184696425
0.171296296296296,1,0.678962308510818
4.54523466137852,1,0.0330104971295885
17.6342971231809,1,2.67716532659223e-05
0.143272405314445,1,0.705049230089236
0.216153577596666,1,0.641986459107386
1.08321819534488,1,0.297978737695665
0.933529230232526,1,0.333947532881125
0.271406914763558,1,0.602389559742499
18.1305045607715,1,2.06270387612673e-05
0.736882526625668,1,0.390661349708775
1.67913678406388,1,0.195039193092737
1.0757347005938,1,0.299653695926021
14.2099394197045,1,0.00016350458558867
0.237607176706562,1,0.625939704532432
0.314817726466162,1,0.574738773656348
0.701119967839398,1,0.402407624546877
7.09946228607037,1,0.00771070806587604
0.975351913618633,1,0.323349044283185
0.202938475665748,1,0.652359375013656
0.872160429823735,1,0.350357903929343
11.140641412743,1,0.000844566829583449
4.05929243014943,1,0.0439289026595253
0.274048442906574,1,0.600628880788515
0.612495377218935,1,0.433849800604659
1.75089470306702,1,0.18576429525856
0.945122276093558,1,0.330963995529574
0.310245436282645,1,0.577529614887739
0.431696829052277,1,0.511157512582946
1.2698097055805,1,0.259802382034727
0.311754722387533,1,0.57660540847686
0.124304835517014,1,0.72441164969308
1.38986389232595,1,0.238428086296658
0.271406914763558,1,0.602389559742499
4.22345620667927,1,0.039868872422673
15.6684266520861,1,7.54736258294919e-05
0.122478880978,1,0.72636134077039
0.171296296296296,1,0.678962308510818
0.146037370242214,1,0.702351321703865
4.57265946502057,1,0.0324860956265427
0.170570969716673,1,0.679604866613648
17.6641714285714,1,2.63544315027842e-05
3.1652211662837,1,0.0752222466887392
0.322744839287397,1,0.569962747653351
1.97470085470085,1,0.159949775569953
0.0968469086102595,1,0.755646789353262
11.8342417726537,1,0.000581513728451388
0.701119967839398,1,0.402407624546877
0.0348041003685424,1,0.852006752017011
0.3536,1,0.552082297766469
15.0478868033507,1,0.000104817546494052
49.4007712479967,1,2.08666417478298e-12
3.06167435388699,1,0.0801590303229124
4.75244564056559,1,0.029256685612151
0.173775044634001,1,0.676778369226918
6.97994447069943,1,0.00824281663939186
2.08291680149778,1,0.148955304012553
15.0478868033507,1,0.000104817546494052
1.06522182826169,1,0.302027221256372
0.0941202849735897,1,0.759002995915955
0.978945298095562,1,0.322459333851607
0.235327203893997,1,0.627601614814355
1.87608450979744,1,0.170779836861159
0.117861921043131,1,0.731365077864628
1.63432921418179,1,0.20110530155499
0.203917094921817,1,0.651577485720653
0.439147895572128,1,0.507534016834395
0.202938475665748,1,0.652359375013656
5.46944226883691,1,0.0193518002837123
0.214248199506185,1,0.64345789097166
0.272721289537046,1,0.601512122481903
1.19657386530732,1,0.274007529074141
0.118419924554184,1,0.730754567318302
0.0142255004534599,1,0.905060893875705
3.49329884353553,1,0.0616176841405559
0.143272405314445,1,0.705049230089236
1.72880127824019,1,0.188564057812373
0.0140648787772099,1,0.905595876911253
0.0580414146847713,1,0.809618780435356
0.669277527618193,1,0.413303607206438
0.235327203893997,1,0.627601614814355
0.509001790932227,1,0.475571292700334
0.0229964847503196,1,0.879466214077916
13.5781384697877,1,0.000228835059228216
6.42223784595406,1,0.0112700057016433
4.98946011645655,1,0.0255021642457028
0.278108463724859,1,0.597943685074941
0.178069526627219,1,0.673037534652338
27.6368029317828,1,1.46367253206492e-07
139.731605657219,1,0
1.03754533869229,1,0.308393049142109
0.2790742809731,1,0.597308608576913
10.0672,1,0.00150932232317547
1.34624628197501,1,0.245935420349197
0.450322110263669,1,0.502182029023051
0.182641972762153,1,0.669112533564134
12.825841174775,1,0.000341864778947487
1.42872046521757,1,0.231973372768799
0.385633270321361,1,0.534603718066104
6.02384922814289,1,0.0141138310359322
0.145336178007887,1,0.703032721447867
0.514225297962322,1,0.47331545534658
2.46748050571825,1,0.116224092850523
0.236461699711765,1,0.626773423557178
17.6942121872102,1,2.59414728045471e-05
8.74603806228374,1,0.00310275426515383
0.00242504409171077,1,0.960724259768716
15.0132456828885,1,0.000106759212642693
2.62894691039931,1,0.104931289220426
0.51165980427437,1,0.474421220954595
0.144641683103222,1,0.70370947119751
7.91133795032721,1,0.00491259230057273
4.78495064022839,1,0.0287094704950805
10.6321975218659,1,0.0011113557300374
0.117861921043131,1,0.731365077864628
4.96051474364838,1,0.025932486888707
0.351880392038568,1,0.553050611047318
0.77549022134041,1,0.378523948884818
0.144641683103222,1,0.70370947119751
0.400260551200557,1,0.526954728068088
5.691231845078,1,0.0170498820797113
0.558211641747713,1,0.454981697987257
0.72855474920446,1,0.393352051998465
4.07670901369785,1,0.0434782627143769
11.4281785123967,1,0.000723385676347443
0.171296296296296,1,0.678962308510818
8.05973424154703,1,0.00452598219841593
0.451450751074974,1,0.50164681977985
7.06533404798618,1,0.0078589658876731
0.271406914763558,1,0.602389559742499
0.00979591836734695,1,0.921158650225025
4.94362632850924,1,0.0261870403847997
57.790188045816,1,2.91988655476416e-14
0.790323591230398,1,0.374002296559102
0.402244897959184,1,0.525932169596187
0.945122276093558,1,0.330963995529574
17.7164885429416,1,2.56394522603065e-05
0.00941682713686415,1,0.922694360759639
1.22011612118966,1,0.269337864392093
0.205902900032974,1,0.649997799092183
0.108228974224379,1,0.742169502572789
4.25978504155125,1,0.0390248593176574
0.272721289537046,1,0.601512122481903
5.64984126984127,1,0.017456952259804
4.7631540127769,1,0.0290752225892377
0.401776217663456,1,0.52617336696874
0.3536,1,0.552082297766469
1.10101565629091,1,0.294043318227633
0.450322110263669,1,0.502182029023051
0.0787883031109244,1,0.778946229537358
0.148449074074074,1,0.700021906272227
6.94606538722491,1,0.00840037921216641
11.9793035031422,1,0.000537946868680916
0.665916689925439,1,0.414478867488544
0.272721289537046,1,0.601512122481903
0.0870038757222861,1,0.768021232478131
0.926159963019506,1,0.335862748268697
0.742435536583995,1,0.388881804197066
0.172940868198096,1,0.677511281924434
0.274048442906574,1,0.600628880788515
0.272721289537046,1,0.601512122481903
0.171296296296296,1,0.678962308510818
0.0122811267068671,1,0.911758891029485
20.1315186289003,1,7.22954282594834e-06
0.06096508601177,1,0.804977033985066
9.86091074711954,1,0.00168827509196867
0.100576258559756,1,0.751139194148806
0.364280730965181,1,0.546138385493747
1.73864477763895,1,0.187310634016206
0.496394959681948,1,0.481088442997219
3.66655634337814,1,0.0555147730377997
18.1671964399237,1,2.02334076074839e-05
0.172114656571119,1,0.678239243231068
0.771349862258953,1,0.379799785323235
0.356676983509974,1,0.550357570930428
5.77457636297019,1,0.0162596389802446
3.01569658475635,1,0.082462019439525
0.498866213151928,1,0.479998722325441
1.97840365493147,1,0.159558679455365
0.527053849561239,1,0.467848122663804
14.1381499655647,1,0.000169863691708794
0.0440139871201096,1,0.833827591762357
14.7298789887645,1,0.000124064499399612
15.68,1,7.50131946654076e-05
0.311754722387533,1,0.57660540847686
1.19439435815679,1,0.274444950936997
14.5599954459763,1,0.00013576649999314
11.474203125,1,0.000705688993592357
0.543300422516913,1,0.461068133777758
0.175467756788931,1,0.675297463794829
0.315085496392053,1,0.574576159224698
0.235327203893997,1,0.627601614814355
0.118419924554184,1,0.730754567318302
1.17869747138332,1,0.277621324072216
0.0271514744061413,1,0.869119472847341
0.294061659806857,1,0.587629402784167
42.2202946198796,1,8.15493228500941e-11
10.1510175567881,1,0.00144221613799889
1.20101096931091,1,0.273119711702692
5.25892756834755,1,0.0218344690599109
0.00197704081632651,1,0.964534605499397
0.373686187341835,1,0.541001804524488
0.351880392038568,1,0.553050611047318
0.203917094921817,1,0.651577485720653
54.5967053249881,1,1.47992729182533e-13
0.271406914763558,1,0.602389559742499
0.236461699711765,1,0.626773423557178
5.62724887049175e-05,1,0.994014725821919
0.175533351336754,1,0.675240246265157
0.430387655680495,1,0.511798792807684
0.501362148302466,1,0.47890221675332
0.935853167838327,1,0.333346587504295
23.0196567972056,1,1.60353435874061e-06
0.0353665893537489,1,0.850829563278093
0.245078003183042,1,0.620562331015
0.311754722387533,1,0.57660540847686
2.44232165872338,1,0.118101313946363
12.6306839001784,1,0.000379466324947564
5.6824127002322,1,0.0171357882691688
0.117861921043131,1,0.731365077864628
7.78198653198653,1,0.00527697386476966
0.179186620457887,1,0.672073179804046
4.4238025051568,1,0.035440973647629
2.93340603304599,1,0.0867642662182807
0.0968469086102595,1,0.755646789353262
0.171296296296296,1,0.678962308510818
0.271406914763558,1,0.602389559742499
3.56839328942389,1,0.0588892648608133
4.58695451183432,1,0.0322162091840047
1.04634453476557,1,0.306350477965981
5.57441465367288,1,0.0182247558979692
0.450322110263669,1,0.502182029023051
15.8070928994976,1,7.01390812397618e-05
4.51781329761939,1,0.0335436778597062
0.143272405314445,1,0.705049230089236
2.0418612244898,1,0.15302231407923
0.549878414136684,1,0.458367378301643
4.36634814049587,1,0.0366554679986627
0.23876379494482,1,0.625100396245646
0.869720122086879,1,0.351032802320302
0.274048442906574,1,0.600628880788515
6.47162200498101,1,0.0109610448458844
1.25750873989071,1,0.262123179425628
0.118419924554184,1,0.730754567318302
146.10740922377,1,0
0.735979836168872,1,0.390951731157395
0.609418282548477,1,0.435006921134963
1.86131630473478,1,0.172472956676454
36.2661136502216,1,1.72130898423717e-09
0.253526419239218,1,0.614602890247232
11.8337203912036,1,0.000581676576990264
1.18984832702644,1,0.275360152655309
0.203917094921817,1,0.651577485720653
0.369866404264439,1,0.543077098259843
0.625120146097655,1,0.429150946849428
0.272721289537046,1,0.601512122481903
0.117861921043131,1,0.731365077864628
0.118983234180638,1,0.730139880923261
19.1927743727298,1,1.18159800672757e-05
0.146745357096949,1,0.701665218571974
0.241111111111111,1,0.623404761102108
0.237607176706562,1,0.625939704532432
0.00405397104891382,1,0.949232354051312
0.0192582521306225,1,0.889628657425074
1.24260355029586,1,0.264969875552517
0.118983234180638,1,0.730139880923261
0.274048442906574,1,0.600628880788515
0.311754722387533,1,0.57660540847686
0.796873245953188,1,0.37202986485105
0.0574967064734465,1,0.81049716197053
1.23313455017183,1,0.266798307672592
0.876668649613325,1,0.349115735692165
8.34906112910672,1,0.00385886676139924
0.117861921043131,1,0.731365077864628
5.94471667458031,1,0.0147614638168659
3.65569125868899,1,0.0558779631257278
12.3627777777778,1,0.000437978563255226
5.79975750844555,1,0.0160283849412926
1.17060739199137,1,0.279276472964528
0.171296296296296,1,0.678962308510818
1.20347554784495,1,0.272628133207503
0.4455,1,0.504479715720826
1.16156382788906,1,0.281141452270099
1.91416150377184,1,0.166501723906459
15.2859504132231,1,9.24012127682117e-05
25.515137604902,1,4.3892562906489e-07
1.49764050865805,1,0.221034765403936
5.93898648876461,1,0.0148095324093288
0.606371882086168,1,0.436157140100994
20.6590542099193,1,5.48770630537376e-06
1.69333479861273,1,0.193161952065617
9.47950882629812,1,0.0020777958931798
0.429988123660851,1,0.511994775838125
0.203917094921817,1,0.651577485720653
6.85993193749728,1,0.00881499066835745
1.67286167410615,1,0.195875674845101
0.282290451371586,1,0.595203888651978
0.751292193452886,1,0.386067422827823
0.93545652489476,1,0.333449052871041
0.237607176706562,1,0.625939704532432
7.08642895406043,1,0.00776698619721083
76.403053541794,1,0
1.44153569275233,1,0.229890993582584
0.172114656571119,1,0.678239243231068
0.421357018964006,1,0.516260693740326
0.67543177378351,1,0.411164228919796
0.400260551200557,1,0.526954728068088
1.6778535092673,1,0.19520991494733
0.23876379494482,1,0.625100396245646
0.05078125,1,0.821709374303958
0.911254123123384,1,0.339781881805963
0.445880768349457,1,0.504297630854606
0.203917094921817,1,0.651577485720653
0.3536,1,0.552082297766469
1.27182390924959,1,0.259424794462726
0.503883136094674,1,0.477798856973996
2.16204882381723,1,0.141455967481151
5.62565554634104,1,0.0176994449360869
0.0497345015880388,1,0.823525906262071
0.235327203893997,1,0.627601614814355
2.20317260731348,1,0.137727017371483
0.125552672049212,1,0.723088496596006
0.104439824186791,1,0.74656535675743
0.311754722387533,1,0.57660540847686
1.59138321995465,1,0.207128621562305
0.143272405314445,1,0.705049230089236
5.01413683525822,1,0.0251411603979099
0.497410113565316,1,0.48064031156727
0.202576199523232,1,0.652649398630313
5.756818526742,1,0.0164247860778469
0.487459894918308,1,0.485062580373
0.314817726466162,1,0.574738773656348
0.335675861814983,1,0.562335894782473
0.72677186047034,1,0.393931559584778
4.2315761036925,1,0.0396785784778723
3.5367988654702,1,0.0600211941205853
1.05421580263125,1,0.304538143662805
25.3680643910065,1,4.73695570879507e-07
1.8131349373731,1,0.178132621795349
0.23876379494482,1,0.625100396245646
1.19657386530732,1,0.274007529074141
0.575657752957041,1,0.448019394248268
0.144641683103222,1,0.70370947119751
0.828324321780262,1,0.362757516762735
0.176184740302136,1,0.674672726475387
77.1233916323731,1,0
5.46176227762789,1,0.0194370340567154
1.93115586493338,1,0.164632042927471
0.171296296296296,1,0.678962308510818
0.201969196978914,1,0.653136040111586
0.143272405314445,1,0.705049230089236
0.469007259449907,1,0.493444230441254
3.56286776801919,1,0.0590855776431334
16.5290761625725,1,4.79097330358114e-05
2.10972816863015,1,0.146365315069913
0.47291805949543,1,0.491647778942232
0.117861921043131,1,0.731365077864628
2.15724661050952,1,0.141898758476341
3.65569125868899,1,0.0558779631257278
0.581717451523546,1,0.445639921089854
2.25424356917344,1,0.133248552093946
29.9532452133795,1,4.42590526450459e-08
0.280882566410219,1,0.59612333415383
0.202938475665748,1,0.652359375013656
0.398295656817373,1,0.527970765772683
0.398295656817373,1,0.527970765772683
0.669277527618193,1,0.413303607206438
0.117861921043131,1,0.731365077864628
2.91357056404534,1,0.0878372127095044
1.31310218111929,1,0.251833755805584
0.202938475665748,1,0.652359375013656
0.0633402266322382,1,0.801292403533818
0.117861921043131,1,0.731365077864628
0.283100875831029,1,0.594675958356794
1.07142857142857,1,0.300622988196907
0.67702741020794,1,0.4106122078523
0.508146701388889,1,0.475942237288768
1.29088749448076,1,0.255884461143551
0.590850570259042,1,0.442090396842386
0.271406914763558,1,0.602389559742499
0.235327203893997,1,0.627601614814355
3.46098497807682,1,0.0628328753270815
0.706471841256981,1,0.400617569135407
0.496394959681948,1,0.481088442997219
1.64776184863354,1,0.199263829394089
0.235327203893997,1,0.627601614814355
0.23876379494482,1,0.625100396245646
0.448090453111864,1,0.503243165352676
2.05409974640744,1,0.151796951422972
2.8540982035994,1,0.0911413362273646
14.360236982517,1,0.000150956685638914
0.398295656817373,1,0.527970765772683
0.237607176706562,1,0.625939704532432
71.09398348109,1,0
0.677155787371874,1,0.410567842334093
1.61008667494478,1,0.204479618704947
0.326028450595925,1,0.568007091941559
0.00158277936055712,1,0.968265204986209
4.18435107627657,1,0.0407988291370144
0.144641683103222,1,0.70370947119751
7.3185652700206,1,0.00682458730352686
5.59214519703712,1,0.0180411884598364
19.7039821080328,1,9.04127679990374e-06
50.9772371040043,1,9.34474719826994e-13
15.2367561083399,1,9.48394734848756e-05
0.314817726466162,1,0.574738773656348
0.633595289671186,1,0.426039596797479
0.235327203893997,1,0.627601614814355
12.6132014350831,1,0.000383031913577025
0.3536,1,0.552082297766469
5.11620673875077,1,0.0237033757136509
0.398295656817373,1,0.527970765772683
0.498866213151928,1,0.479998722325441
0.205902900032974,1,0.649997799092183
0.144641683103222,1,0.70370947119751
0.206910364983271,1,0.64919988170416
0.490315923507082,1,0.483786412056257
0.153679831039461,1,0.695043294352235
0.909575553514948,1,0.340227061938467
0.376544503403824,1,0.539458386172427
9.73300469218158,1,0.00180988379149194
3.99928868094922,1,0.045519470567015
0.445936815380521,1,0.504270838443615
5.6915626383993,1,0.0170466685217209
6.94378844260402,1,0.00841107855262913
2.33950961662099,1,0.126129253845469
5.24089129780187,1,0.0220619681924965
0.00156740699609989,1,0.968419608393507
8.7603125,1,0.00307856294495812
0.310245436282645,1,0.577529614887739
48.9049479166667,1,2.68673971959288e-12
6.38885158394887,1,0.0114839301661184
19.0847559340065,1,1.25039662058901e-05
26.6710160896782,1,2.41212794405143e-07
0.611541481859392,1,0.434208004652282
0.265872066107156,1,0.606114364351455
24.4221233312142,1,7.73750282623276e-07
0.118983234180638,1,0.730139880923261
6.75271459870025,1,0.00936051626982548
0.118983234180638,1,0.730139880923261
43.2926794199573,1,4.71344074881586e-11
0.572912414965985,1,0.449103915731011
0.443692733564014,1,0.505345494078554
0.144641683103222,1,0.70370947119751
0.272721289537046,1,0.601512122481903
0.0246707279494895,1,0.875190325237756
0.307593719259879,1,0.579160542666457
0.17566168863924,1,0.675128335136778
0.119551925932396,1,0.729520970922985
25.6846717971933,1,4.02007448663255e-07
0.525989156555086,1,0.468297999673008
1.73758159625325,1,0.187445546437262
118.508572048611,1,0
1.89086110140624,1,0.169104829930854
24.4477617044561,1,7.63521646018894e-07
0.203967373438527,1,0.651537375648443
0.926159963019506,1,0.335862748268697
1.54286684947463,1,0.214191584313495
22.3113202115519,1,2.31835899333621e-06
0.121291076121381,1,0.727638410124096
12.3177714726166,1,0.000448666041793389
5.13007118005682,1,0.0235147633359698
15.8387704150286,1,6.897464177269e-05
0.398295656817373,1,0.527970765772683
0.859711737011729,1,0.353819372490334
0.676101753542555,1,0.410932311982407
5.07168114909131,1,0.0243197866263359
0.355336474243974,1,0.551107715811613
2.17665443829775,1,0.140118760389161
0.563908572646385,1,0.452689692054154
0.184450879928715,1,0.667575801075991
0.117861921043131,1,0.731365077864628
1.34854444257042,1,0.245532740563247
3.54081391136336,1,0.0598760731192421
29.8102417969448,1,4.76468261512153e-08
2.74563362249932,1,0.0975204132286982
1.42753319537459,1,0.232167444525548
0.272721289537046,1,0.601512122481903
5.24117021673933,1,0.0220584314426321
1.87608450979744,1,0.170779836861159
0.355336474243974,1,0.551107715811613
0.271406914763558,1,0.602389559742499
4.46126569247048,1,0.0346717979484558
0.00793076756977381,1,0.929038313616082
0.143953790085109,1,0.704381623503203
0.401776217663456,1,0.52617336696874
0.202938475665748,1,0.652359375013656
0.779198718726491,1,0.377386312141
0.400260551200557,1,0.526954728068088
0.143953790085109,1,0.704381623503203
26.5121868519466,1,2.61880799601322e-07
0.621915526472338,1,0.430336353854369
0.448090453111864,1,0.503243165352676
24.6090352182753,1,7.02217153203399e-07
0.0758031368307193,1,0.783067561963311
10.5386404561825,1,0.00116904383089989
1.49527835646382,1,0.221399295612041
0.669277527618193,1,0.413303607206438
17.8851186503359,1,2.3464877740853e-05
0.203917094921817,1,0.651577485720653
0.0754458161865569,1,0.783566694241274
0.143953790085109,1,0.704381623503203
91.8266270782733,1,0
0.836277988638121,1,0.360463442210637
0.144641683103222,1,0.70370947119751
0.143953790085109,1,0.704381623503203
0.3536,1,0.552082297766469
1.79351333779657,1,0.180498683115447
28.9092091779906,1,7.58514259180387e-08
5.32301457988543,1,0.0210455722197835
0.933862849952816,1,0.333861173503144
62.9849303385969,1,2.1094237467878e-15
0.0963861313511663,1,0.756210291696511
29.8704305818105,1,4.61903792992047e-08
0.0352176824479138,1,0.851140249927337
2.84649778876171,1,0.0915732215296895
15.8960549339986,1,6.69180585535223e-05
2.28832837147663,1,0.130350245035899
0.796875,1,0.372029338570443
0.172940868198096,1,0.677511281924434
0.313278746885013,1,0.575675150015983
8.27297141810111,1,0.00402395962956459
3.85923005565863,1,0.0494730266260235
0.618971143050338,1,0.431429872722335
27.036468945308,1,1.99652900323422e-07
3.58606682090866,1,0.058265993938753
0.2079277288236,1,0.648396499978178
2.2683788636113,1,0.132037955357698
0.522003254827569,1,0.469988399279045
34.2117962293389,1,4.94284246865817e-09
0.0251821828015143,1,0.873913944605491
0.547155575675268,1,0.459482259102442
1.51165618878881,1,0.218886540501116
7.3185652700206,1,0.00682458730352686
2.35658402203857,1,0.124755105718347
1.61917500629882,1,0.203206859545704
0.631629252034114,1,0.426758322675594
0.294498752317941,1,0.58735194251227
0.516877381154602,1,0.472176750385877
3.4701188499632,1,0.0624868208835903
0.174617301530794,1,0.676040448896426
0.294428925181247,1,0.587396249916332
0.171296296296296,1,0.678962308510818
0.396349930569331,1,0.528980350898716
0.172114656571119,1,0.678239243231068
0.274048442906574,1,0.600628880788515
0.171296296296296,1,0.678962308510818
0.3536,1,0.552082297766469
10.5256103117552,1,0.00117731525428111
52.1131427202686,1,5.23914245320611e-13
8.35578947368421,1,0.00384460391702013
0.448090453111864,1,0.503243165352676
0.693785442924961,1,0.404879788011583
1.89086110140624,1,0.169104829930854
0.400260551200557,1,0.526954728068088
0.173775044634001,1,0.676778369226918
3.39272188186527,1,0.0654847639838393
0.0963861313511663,1,0.756210291696511
1.4018206057105,1,0.236418979646772
1.13891634597688,1,0.285881425544301
0.0616853974705352,1,0.803851662000965
2.89374071390111,1,0.0889242383036145
0.868301104179855,1,0.351426064526101
3.47180300361378,1,0.0624232354921563
0.0711317207654038,1,0.789696067517315
0.631254007469118,1,0.426895708546419
0.313278746885013,1,0.575675150015983
0.00966388359419044,1,0.921690065304128
0.143272405314445,1,0.705049230089236
3.5378136908083,1,0.0599844786799069
0.121747770382076,1,0.727146568397368
0.732248520710059,1,0.392155324963294
0.395616048591932,1,0.529362041504285
0.23876379494482,1,0.625100396245646
13.5318901542355,1,0.000234543707664625
2.56308627295548,1,0.109384855294732
2.16329005793027,1,0.141341771449421
2.00922466438197,1,0.156345202468327
0.172940868198096,1,0.677511281924434
40.7764961591293,1,1.70673586374903e-10
0.0143354730442692,1,0.90469637261687
2.0923172593137,1,0.148041370852997
7.27875171467764,1,0.00697750068469238
1.39740842771146,1,0.237157966631405
0.0495968966098837,1,0.823766193814226
0.0499724645091052,1,0.823111194476469
0.118983234180638,1,0.730139880923261
3.60927046468863,1,0.057458319739757
0.271406914763558,1,0.602389559742499
0.414160154419895,1,0.519865491972904
0.290199319084648,1,0.590092830242149
0.3536,1,0.552082297766469
0.204905190311419,1,0.650790313598794
1.25094673253952,1,0.26337173351828
0.171296296296296,1,0.678962308510818
0.396349930569331,1,0.528980350898716
7.76489537926623,1,0.00532713822056763
2.46826478673937,1,0.116166106113724
0.339336877927669,1,0.560212238831317
6.59875090925394,1,0.0102050335366082
0.172940868198096,1,0.677511281924434
0.202938475665748,1,0.652359375013656
3.44244287894591,1,0.0635416762248842
0.541644484013607,1,0.461751996945142
0.631629252034114,1,0.426758322675594
2.45758522984385,1,0.116958464256277
8.1449166795191,1,0.00431820394170512
0.0428761916146417,1,0.835958572556465
3.30932816358784,1,0.0688876497857279
4.20840255346069,1,0.04022420052862
0.007101189333425,1,0.932842913059698
47.9494591365465,1,4.37350156090588e-12
0.113884776261875,1,0.735763991211804
7.39233563670783,1,0.00655023773769425
3.03476360936543,1,0.0814984196665933
0.421198345743837,1,0.516339697942426
0.202938475665748,1,0.652359375013656
1.94878731657952,1,0.162717588864461
1.06180700936677,1,0.30280340960738
1.7658,1,0.1839027173794
0.203917094921817,1,0.651577485720653
0.162037037037037,1,0.687287949348002
0.235327203893997,1,0.627601614814355
5.76689342403628,1,0.0163308788486736
11.3329241033209,1,0.00076144906031328
2.02901751658299,1,0.154320340036122
18.5706496786042,1,1.63721990298349e-05
3.85469077314221,1,0.0496070703658629
1.41985611297136,1,0.233427087621259
10.7508408953078,1,0.00104231947808464
0.00441469577080323,1,0.947024995847727
0.950076509965762,1,0.32969982312545
0.313278746885013,1,0.575675150015983
0.771349862258953,1,0.379799785323235
0.236461699711765,1,0.626773423557178
0.732248520710059,1,0.392155324963294
0.277775649411804,1,0.598162854819103
0.3536,1,0.552082297766469
6.53899154626257,1,0.0105535157250607
0.552628431143591,1,0.457245703064265
17.4892484140144,1,2.88937061039274e-05
0.206910364983271,1,0.64919988170416
0.926159963019506,1,0.335862748268697
0.201969196978914,1,0.653136040111586
2.00543288888889,1,0.156736545584247
0.329379472600725,1,0.566024705728724
6.51456744813628,1,0.010699434336142
2.57759002770083,1,0.108386567713224
9.15104587816222,1,0.00248575945581808
0.117861921043131,1,0.731365077864628
0.326028450595925,1,0.568007091941558
8.66606809192167,1,0.00324189928350638
0.398295656817373,1,0.527970765772683
10.4413160746917,1,0.00123227435383089
0.86328125,1,0.352822083296811
24.7238149762922,1,6.61615769503854e-07
4.99199977015392,1,0.0254647635794577
0.87402952583683,1,0.349842175727803
0.271406914763558,1,0.602389559742499
24.6897848425823,1,6.73401533202167e-07
1.84211042361167,1,0.174703794014586
0.858908907763101,1,0.354044206183144
0.118983234180638,1,0.730139880923261
0.172114656571119,1,0.678239243231068
0.107084910762574,1,0.743487648224484
0.148182113339523,1,0.700278684249725
0.311754722387533,1,0.57660540847686
0.311754722387533,1,0.57660540847686
12.0926718710652,1,0.000506203823953166
2.81588585017836,1,0.0933353581644299
0.172940868198096,1,0.677511281924434
44.154106481361,1,3.0351388069505e-11
4.08027718831724,1,0.0433865408504523
10.2537448502047,1,0.00136407410924577
0.235327203893997,1,0.627601614814355
0.171296296296296,1,0.678962308510818
0.867698195990571,1,0.3515933344104
9.26089411764706,1,0.00234098705319141
3.41826300961165,1,0.0644788233912708
0.511625409012908,1,0.474436074274995
0.272721289537046,1,0.601512122481903
0.0968469086102595,1,0.755646789353262
0.23876379494482,1,0.625100396245646
0.3536,1,0.552082297766469
1.34624628197501,1,0.245935420349197
0.152666179693207,1,0.696000371870369
0.271406914763558,1,0.602389559742499
28.8746085956594,1,7.72185655417701e-08
2.7623047160336,1,0.0965091121326773
2.79310211797384,1,0.0946707984237481
6.9052257837849,1,0.0085944172239909
30.77099724198,1,2.90345054665408e-08
0.222046512272484,1,0.637484983524201
2.18645415362101,1,0.139229511927246
0.93545652489476,1,0.333449052871041
1.15165716826998,1,0.283202514815514
0.355336474243974,1,0.551107715811613
1.31884432205112,1,0.250799564087109
0.40265061108366,1,0.525723536132948
7.83296760682027,1,0.00513018032651769
0.201969196978914,1,0.653136040111586
2.53741200455407,1,0.111176879906586
3.14488474403489,1,0.0761653816987081
0.201969196978914,1,0.653136040111586
0.145336178007887,1,0.703032721447867
3.83491599707816,1,0.0501955062826387
0.0239221764703906,1,0.877083093715735
9.53138698224852,1,0.00201987414541294
0.890476423880012,1,0.345348234220045
0.400260551200557,1,0.526954728068088
0.355336474243974,1,0.551107715811613
2.21089852017442,1,0.137038833954432
0.144641683103222,1,0.70370947119751
0.527764450392667,1,0.467548250232461
1.86131630473478,1,0.172472956676454
0.72677186047034,1,0.393931559584778
0.312817467553822,1,0.575956399039883
3.16436313210929,1,0.0752617848235779
38.7618302872676,1,4.78799555558851e-10
0.120126077277436,1,0.728897788793905
0.780612427344834,1,0.37695390317251
5.11670307439927,1,0.02369659653788
0.790323591230398,1,0.374002296559102
4.58928749297746,1,0.0321723857823912
1.17869747138332,1,0.277621324072216
3.51742878013148,1,0.0607265883401363
2.15724602467201,1,0.141898812588802
1.68959289385304,1,0.193654643410216
0.954989163834372,1,0.32845259161118
1.0678778578088,1,0.301425279861976
3.34710743801653,1,0.0673232181774567
18.100807081411,1,2.09512607098894e-05
0.313278746885013,1,0.575675150015983
4.58026035710407,1,0.0323423003662925
0.275388561943564,1,0.59973977075218
0.204905190311419,1,0.650790313598794
0.204905190311419,1,0.650790313598794
0.99330612244898,1,0.318935669590783
1.21229670229145,1,0.270877742436376
1.51740877593088,1,0.218012044215246
55.6363636363636,1,8.71525074330748e-14
0.402244897959184,1,0.525932169596187
1.90570997546116,1,0.167440581211248
6.5444616768106,1,0.0105211158106249
0.253613758221204,1,0.614541935555842
0.173775044634001,1,0.676778369226918
1.23581320283215,1,0.266279480075184
0.549878414136684,1,0.458367378301643
12.3615132324404,1,0.000438275313963898
3.63247863247863,1,0.0566623700744892
0.36798560505975,1,0.544104338575052
0.0433220938916136,1,0.835119966344223
0.11475791829019,1,0.734791002991398
0.0954776013526126,1,0.757325710212382
1.61917500629882,1,0.203206859545704
1.51165618878881,1,0.218886540501116
0.654115226337448,1,0.418645209833763
0.0469945368937333,1,0.828378058105067
1.68681595243114,1,0.194021229049538
0.172114656571119,1,0.678239243231068
0.203917094921817,1,0.651577485720653
0.172222222222222,1,0.678144353108166
0.606371882086168,1,0.436157140100994
7.00985829072316,1,0.00810620960524433
2.97809794253701,1,0.0843984018417046
0.235327203893997,1,0.627601614814355
1.43118972774255,1,0.231570372408945
0.328572278405711,1,0.566500994089881
8.34795373473138,1,0.00386121938588235
0.118983234180638,1,0.730139880923261
2.46486403468794,1,0.116417776008885
0.708610799551354,1,0.399905378864866
1.86448467360278,1,0.17210809570779
0.241794133713423,1,0.622913289379397
1.43871091157992,1,0.230348056906549
36.8041287014083,1,1.30613353466202e-09
0.45257606864149,1,0.501114152334699
0.0121216766317846,1,0.912331268811997
1.49527835646382,1,0.221399295612041
82.2552502547009,1,0
67.0876856649542,1,2.22044604925031e-16
0.93545652489476,1,0.333449052871041
0.201969196978914,1,0.653136040111586
28.802724468701,1,8.01383023274482e-08
0.557479157583322,1,0.455277715103206
1.36160122234298,1,0.243260168475048
0.237607176706562,1,0.625939704532432
0.615603631356624,1,0.432685711372922
32.6741754583291,1,1.08975514168108e-08
0.398295656817373,1,0.527970765772683
1.18007005700372,1,0.27734173380502
0.876668649613325,1,0.349115735692165
6.30136879976624,1,0.0120644780158499
15.8970732809013,1,6.68820621468891e-05
8.88572445710293e-05,1,0.992478922727009
0.767253352188076,1,0.381068093257904
0.841211344335844,1,0.35905055543087
0.441320329340576,1,0.506485876121074
0.235923756171119,1,0.627165819931065
0.235327203893997,1,0.627601614814355
3.39464378717689,1,0.0654084897956994
0.236461699711765,1,0.626773423557178
8.14153902032203,1,0.00432625491167205
0.732248520710059,1,0.392155324963294
78.0019350723768,1,0
0.173775044634001,1,0.676778369226918
0.280882566410219,1,0.59612333415383
70.0158547293278,1,1.11022302462516e-16
0.753197593852356,1,0.385465738170181
1.09530490584356,1,0.295298795023814
3.01865588265141,1,0.0823116612816407
7.3185652700206,1,0.00682458730352686
0.00996165256912,1,0.920496694223598
8.64277443354791,1,0.00328361005022615
0.0959297161406323,1,0.756769917247399
1.10101565629091,1,0.294043318227633
2.5460431067125,1,0.110570864790751
0.355336474243974,1,0.551107715811613
0.117861921043131,1,0.731365077864628
6.6976809749579,1,0.00965383931571706
0.274048442906574,1,0.600628880788515
0.171296296296296,1,0.678962308510818
11.8043959044778,1,0.000590910320676041
1.01089873742678,1,0.314687625594192
0.145336178007887,1,0.703032721447867
2.09046124569333,1,0.148221313632302
5.756818526742,1,0.0164247860778469
0.175467756788931,1,0.675297463794829
0.478097834683493,1,0.489285184975741
1.12446440009701,1,0.288959179991218
1.73632068282274,1,0.187605696609647
0.144641683103222,1,0.70370947119751
49.1424511799183,1,2.38031816479634e-12
0.680983686590331,1,0.409248200892056
53.0600983110332,1,3.23518989375771e-13
0.314817726466162,1,0.574738773656348
1.30021292687213,1,0.254174333728632
0.718367346938775,1,0.396679971652829
0.0959297161406323,1,0.756769917247399
0.23876379494482,1,0.625100396245646
2.20455770476309,1,0.137603355825968
9.2836291913215,1,0.00231210882916899
1.00204251588867,1,0.316816783033982
0.549814191295673,1,0.458393625401129
0.0385725824440062,1,0.844297848531868
8.00898234477286,1,0.0046545887533268
0.0545838776378836,1,0.815270738890393
3.81185686206498,1,0.050891003383376
0.429951815300575,1,0.512012592685
0.0342351951548633,1,0.853207424971788
0.171296296296296,1,0.678962308510818
0.414872236577663,1,0.51950685222271
1.42067431744,1,0.233292445629815
0.000553178109467809,1,0.981235693617548
0.554877283106885,1,0.45633165850514
3.5779414135985,1,0.0585516677245085
28.4284053812747,1,9.72282284683601e-08
0.806590062810426,1,0.369130323965095
4.01320341305058,1,0.0451452976865685
0.000280633553329937,1,0.986634366548373
0.533182947345484,1,0.465271747789623
2.35796695834957,1,0.124644537266916
0.464192358541253,1,0.495671158973514
0.436005467166644,1,0.509056774352284
0.211648196075314,1,0.645478620695753
0.448090453111864,1,0.503243165352676
7.06419895021314,1,0.00786394669664758
2.02038213244481,1,0.155200080041554
0.0778207959832517,1,0.780272613641909
0.665740741687378,1,0.414540531370303
0.176326530612245,1,0.674549355869586
0.118419924554184,1,0.730754567318302
1.02184256055363,1,0.312082346988609
0.271406914763558,1,0.602389559742499
0.143272405314445,1,0.705049230089236
0.271406914763558,1,0.602389559742499
1.95032519558865,1,0.162551812115972
0.606371882086168,1,0.436157140100994
2.35658402203857,1,0.124755105718347
1.49527835646382,1,0.221399295612041
0.912881561794664,1,0.33935100988653
0.0486636727298311,1,0.825405114075862
2.27880230021812,1,0.131153120645551
0.202938475665748,1,0.652359375013656
6.58400329828901,1,0.010289921410653
0.562145445673868,1,0.453397099254811
0.21209914693851,1,0.645127065856853
5.72877529268428,1,0.016689117656458
3.880400940386,1,0.0488528895932859
1.3583589775406,1,0.243822087659967
0.203917094921817,1,0.651577485720653
0.23876379494482,1,0.625100396245646
7.55900259509265,1,0.00597110297057701
1.35413154843095,1,0.244557130577408
0.402244897959184,1,0.525932169596187
1.87608450979744,1,0.170779836861159
4.65287610778486,1,0.0310015628553699
0.552628431143591,1,0.457245703064265
22.725904997366,1,1.86832126836123e-06
0.360649609808556,1,0.548145680038247
0.328263911944257,1,0.566683152235247
0.236461699711765,1,0.626773423557178
0.45257606864149,1,0.501114152334699
4.46298109252007,1,0.0346369989348342
5.664758203125,1,0.0173091029006668
3.48415732662375,1,0.0619588988791332
0.7432056855442,1,0.388635913892603
0.145336178007887,1,0.703032721447867
2.25270432692308,1,0.13338112511313
0.275388561943564,1,0.59973977075218
0.731406980991388,1,0.392427511036606
0.0403412121750069,1,0.840814911922597
10.9459389697555,1,0.000938089949248155
2.00074080497691,1,0.157222349977412
9.20596774182008,1,0.00241227440655634
2.549616167971,1,0.110321053945472
0.239931717616406,1,0.624255436244986
0.416705088694217,1,0.518585736573626
0.000280633553329937,1,0.986634366548373
0.355336474243974,1,0.551107715811613
0.614268614508852,1,0.433185113313287
9.70276632426697,1,0.00183990827994707
2.04970997951467,1,0.152235187037392
1.39526626368335,1,0.23751776309603
1.4525917600943,1,0.228112537576775
2.91357056404534,1,0.0878372127095044
29.5695332385254,1,5.39462494675291e-08
0.118419924554184,1,0.730754567318302
2.31353307201009,1,0.128252242161364
0.0963861313511663,1,0.756210291696511
1.87608450979744,1,0.170779836861159
0.976966413252963,1,0.322948899183182
0.162037037037037,1,0.687287949348002
2.0923172593137,1,0.148041370852997
0.533182947345484,1,0.465271747789623
13.8377928788626,1,0.000199287156737782
7.85242797860063,1,0.00507525021193067
0.00662039469156377,1,0.935151040283646
0.0129355663834162,1,0.909448158736079
26.7908804863982,1,2.2670466071073e-07
18.6581143952345,1,1.56380308253823e-05
0.274048442906574,1,0.600628880788515
4.47309423034083,1,0.0344325822843791
0.129422992454666,1,0.719031051738905
2.64149013878744,1,0.104105855501219
52.968476778017,1,3.3895108941806e-13
15.551085,1,8.03055469434932e-05
0.174617301530794,1,0.676040448896426
0.718367346938775,1,0.396679971652829
8.19650454008865,1,0.00419711738469353
5.90834490594622,1,0.0150693235716118
0.2079277288236,1,0.648396499978178
0.00284861059816097,1,0.957435214006613
1.99501327621915,1,0.157817682882771
1.3944915898191,1,0.237648039755432
2.91357056404534,1,0.0878372127095044
0.311754722387533,1,0.57660540847686
0.204905190311419,1,0.650790313598794
0.509001790932227,1,0.475571292700334
70.0983141541172,1,1.11022302462516e-16
3.65569125868899,1,0.0558779631257278
0.311754722387533,1,0.57660540847686
16.0447810120018,1,6.18619007564103e-05
0.3536,1,0.552082297766469
0.493948024207903,1,0.482171447122277
1.98727304866039,1,0.158626298371156
0.477894975045378,1,0.489377356718701
0.558211641747713,1,0.454981697987257
49.0831923297903,1,2.45337083981667e-12
1.87608450979744,1,0.170779836861159
6.8145830128729,1,0.00904164139560359
6.83184112803467,1,0.00895469148350247
0.0347194620558895,1,0.852184734683544
0.201969196978914,1,0.653136040111586
0.313278746885013,1,0.575675150015983
0.396349930569331,1,0.528980350898716
1.33365759485452,1,0.248155568793445
21.675027519874,1,3.22968490629183e-06
9.24625689090452,1,0.0023597727324397
0.00105544539418986,1,0.97408318935344
1.90415094339623,1,0.167614431408759
0.242302145097411,1,0.622548306392547
2.78236175640525,1,0.095307529815161
12.5810537190083,1,0.000389676966356389
66.5261521855819,1,3.33066907387547e-16
0.159905471713139,1,0.689243561558296
0.496394959681948,1,0.481088442997219
1.32606234438085,1,0.249506940688351
49.4571799307959,1,2.02748928757046e-12
16.4587523229083,1,4.97201063383024e-05
5.76689342403628,1,0.0163308788486736
19.0123722431415,1,1.29873620575705e-05
0.118983234180638,1,0.730139880923261
0.73974926948817,1,0.389741207871165
1.10101565629091,1,0.294043318227633
0.117861921043131,1,0.731365077864628
57.5681994732746,1,3.26405569239796e-14
0.237607176706562,1,0.625939704532432
2.87391656555823,1,0.0900255445414927
0.253575,1,0.61456898365637
0.609418282548477,1,0.435006921134963
2.58094398162541,1,0.108157143946254
2.87903921777022,1,0.0897395515280999
0.351880392038568,1,0.553050611047318
9.40227440828403,1,0.00216716439589815
1.10759002770083,1,0.292606423598158
1.26386140685433,1,0.260921442571506
1.66336045826952,1,0.197150211678183
2.80338422099786,1,0.0940655697290446
0.272721289537046,1,0.601512122481903
0.731513219119802,1,0.392393134619173
0.414576124567474,1,0.519655935937996
1.20101096931091,1,0.273119711702692
0.0954776013526126,1,0.757325710212382
0.0991228298765852,1,0.752884822443371
5.756818526742,1,0.0164247860778469
11.820503944159,1,0.000585820022132588
0.171296296296296,1,0.678962308510818
0.3536,1,0.552082297766469
4.32596443324232,1,0.0375351377922272
2.26013584518775,1,0.132742416372868
2.88921050030094,1,0.0891746146045873
1.10759002770083,1,0.292606423598158
0.203917094921817,1,0.651577485720653
0.272721289537046,1,0.601512122481903
0.143953790085109,1,0.704381623503203
0.237607176706562,1,0.625939704532432
24.8304293901993,1,6.26013911819712e-07
1.35809006216879,1,0.24386876490389
1.77441962088998,1,0.182836060588918
0.268668431604834,1,0.604226401344116
0.271406914763558,1,0.602389559742499
0.329471225004876,1,0.565970615949719
0.0396409539346544,1,0.84218423848302
2.43745724973751,1,0.11846812301014
0.363021069576741,1,0.54683317935004
0.0750918473528849,1,0.784062399355468
2.25570185742699,1,0.133123087345952
0.512665291756665,1,0.473987342368831
2.71914776716218,1,0.0991509415275725
62.6872273026119,1,2.44249065417534e-15
0.143800931318257,1,0.704531233850563
0.146745357096949,1,0.701665218571974
0.86328125,1,0.352822083296811
0.0371035467152003,1,0.84725438010786
0.319526627218935,1,0.571892263597918
3.63247863247863,1,0.0566623700744892
2.16672823265517,1,0.141025992979444
0.35709006381142,1,0.550126797900178
0.117861921043131,1,0.731365077864628
9.31582493724366,1,0.00227183070441339
1.17787031528852,1,0.277789983836083
0.118983234180638,1,0.730139880923261
7.62039314761154,1,0.00577119052050223
1.0678778578088,1,0.301425279861976
52.1625572908461,1,5.10924635932497e-13
0.0384297546935704,1,0.844582704599966
0.176326530612245,1,0.674549355869586
9.09612859647616,1,0.00256151102149693
0.355336474243974,1,0.551107715811613
0.143272405314445,1,0.705049230089236
0.0580414146847713,1,0.809618780435356
0.274048442906574,1,0.600628880788515
0.144641683103222,1,0.70370947119751
10.1842652584324,1,0.00141644150828479
2.32244213763937,1,0.127519682625872
0.858908907763101,1,0.354044206183144
0.076163857105424,1,0.782564962876081
0.0811744466183559,1,0.77571210150916
0.0360827314977344,1,0.849344744955825
13.6865723709901,1,0.000215993339600762
0.0294771273792253,1,0.863682000566143
0.201969196978914,1,0.653136040111586
6.16449982639559,1,0.0130339221595513
1.26386140685433,1,0.260921442571506
0.0954776013526126,1,0.757325710212382
0.0309137136334354,1,0.860433030327539
0.3536,1,0.552082297766469
0.450322110263669,1,0.502182029023051
1.68201656638968,1,0.194656713651929
0.191779374471682,1,0.66143976759916
0.117861921043131,1,0.731365077864628
7.23893996755003,1,0.00713390859847007
12.1977791302521,1,0.000478464427941416
2.67259745113083,1,0.102089286888976
1.27150914449068,1,0.259483756254531
0.121291076121381,1,0.727638410124096
0.0736977496488777,1,0.786027036621846
0.235327203893997,1,0.627601614814355
10.6994720595339,1,0.00107166111287116
29.04,1,7.08991352293964e-08
1.58168121975883,1,0.208518693489173
1.2989940624581,1,0.25439705143424
0.3536,1,0.552082297766469
1.99254797205848,1,0.158074721279201
1.36047950690383,1,0.243454396155607
2.38575130402049,1,0.122446012175393
0.0929846442887027,1,0.76041654490051
10.8674411823321,1,0.000978696586649397
0.314817726466162,1,0.574738773656348
1.62922233573036,1,0.201810644187894
1.31298148491051,1,0.251855550009097
0.540395755631583,1,0.462268758765723
3.6954898017811,1,0.0545597610501913
13.4999926035543,1,0.000238564394356655
7.38693289784597,1,0.00656994262940425
0.23876379494482,1,0.625100396245646
0.0225718810768827,1,0.880575732064876
0.274048442906574,1,0.600628880788515
4.29857249086206,1,0.0381443776634335
7.11951584193663,1,0.00762492950277294
5.29847392703162,1,0.0213441167112084
5.45215317562567,1,0.0195442242053601
45.1741316702782,1,1.80270243177461e-11
0.313278746885013,1,0.575675150015983
0.271406914763558,1,0.602389559742499
0.2079277288236,1,0.648396499978178
8.75344022219416,1,0.00309018558783491
0.355336474243974,1,0.551107715811613
2.51651706530503,1,0.112659168254856
11.9473022446879,1,0.000547265644561534
3.21905211671445,1,0.0727857664422417
0.295206495372381,1,0.586903241710557
17.2432742767163,1,3.2885963395457e-05
20.4051051828273,1,6.26624084854033e-06
0.351880392038568,1,0.553050611047318
0.0442738801231863,1,0.833344884437158
0.555406034884323,1,0.456117165795697
16.974070544783,1,3.78938150106256e-05
1.11261697911904,1,0.291513782069553
0.313278746885013,1,0.575675150015983
1.39538024985128,1,0.237498601388479
0.274048442906574,1,0.600628880788515
3.65569125868899,1,0.0558779631257278
1.34624628197501,1,0.245935420349197
9.38345018298687,1,0.00218953079483608
33.4173822376009,1,7.43564176897138e-09
5.23666329678189,1,0.0221156521180396
10.0224928850146,1,0.00154640025318753
25.0064432286207,1,5.71390494918944e-07
2.93340603304599,1,0.0867642662182807
1.32633224534115,1,0.249458764732012
3.58606682090866,1,0.058265993938753
0.33551284331895,1,0.562430816643057
0.558211641747713,1,0.454981697987257
40.8983018648688,1,1.60360391632253e-10
0.274048442906574,1,0.600628880788515
0.204905190311419,1,0.650790313598794
2.7623047160336,1,0.0965091121326773
5.05390191112287,1,0.0245705471316034
0.549878414136684,1,0.458367378301643
1.79333081228718,1,0.180520862818346
0.237607176706562,1,0.625939704532432
0.236461699711765,1,0.626773423557178
3.14567901234568,1,0.0761283086553742
0.505340541521678,1,0.47716288669093
2.93340603304599,1,0.0867642662182807
0.10274061166561,1,0.748565255370077
0.396349930569331,1,0.528980350898716
0.198690268523549,1,0.655780106906017
0.148911086957772,1,0.699578141897544
14.17597088533,1,0.000166483070747736
0.544289049357388,1,0.460660620745278
0.0457148718068425,1,0.830694942443192
0.000255543537047053,1,0.987245776715519
0.311754722387533,1,0.57660540847686
0.321127680926043,1,0.57093073688542
0.235327203893997,1,0.627601614814355
44.1920384672023,1,2.97689650707866e-11
0.511600237953599,1,0.474446944675241
0.316371882086168,1,0.573796212550348
3.23357135403467,1,0.0721432003065425
0.201969196978914,1,0.653136040111586
2.56612445379042,1,0.109174904981379
0.143953790085109,1,0.704381623503203
0.810761532989401,1,0.367895198993216
5.13249909017105,1,0.0234818944317008
6.40507769293847,1,0.0113794446941767
0.171296296296296,1,0.678962308510818
3.90943367318096,1,0.0480157751397349
0.569722726970884,1,0.45036911832918
15.378824614396,1,8.79686057845275e-05
0.143953790085109,1,0.704381623503203
0.237607176706562,1,0.625939704532432
0.676101753542555,1,0.410932311982407
0.639767765068665,1,0.423794905302656
0.347890678451953,1,0.5553096013207
17.6470067384888,1,2.65933468045487e-05
0.547155575675268,1,0.459482259102442
0.276741837385255,1,0.598844727479599
0.319396855936442,1,0.57197033806024
0.143953790085109,1,0.704381623503203
0.23876379494482,1,0.625100396245646
0.172940868198096,1,0.677511281924434
0.618743519653125,1,0.431514585424926
1.5726694967258,1,0.209819761229416
1.95986065758169,1,0.161528221670968
10.4561335875934,1,0.00122242873142442
3.6625298960399,1,0.0556490733038411
0.203917094921817,1,0.651577485720653
0.684686243129215,1,0.407977688798594
1.43871091157992,1,0.230348056906549
24.2083287042628,1,8.64575880998864e-07
0.203917094921817,1,0.651577485720653
1.42753319537459,1,0.232167444525548
4.06366261111516,1,0.0438153678679846
2.89684726048362,1,0.0887529859337299
0.175467756788931,1,0.675297463794829
8.60209151034519,1,0.00335777168582707
17.6313693183034,1,2.68128981517624e-05
9.99615438659504,1,0.00156867462987453
0.171296296296296,1,0.678962308510818
3.50905220446282,1,0.0610343629132276
0.00134594924381734,1,0.97073442990752
0.8457484347584,1,0.357757874000683
6.07827825837796,1,0.0136854088709549
0.581211511619435,1,0.445837838505692
0.121291076121381,1,0.727638410124096
0.347245766316024,1,0.555676391047196
0.202938475665748,1,0.652359375013656
0.118983234180638,1,0.730139880923261
0.498866213151928,1,0.479998722325441
0.311754722387533,1,0.57660540847686
1.06098633392273,1,0.30299033284817
4.57265946502057,1,0.0324860956265427
32.3037474152492,1,1.31858790552997e-08
11.794066443385,1,0.000594198011390823
0.603355719772691,1,0.437300523775819
11.4019998362313,1,0.000733650859154444
0.235327203893997,1,0.627601614814355
12.6847217478428,1,0.000368655447090527
0.393309090909091,1,0.530565111638944
0.519836764648495,1,0.470911321845589
0.448200837842828,1,0.503190588342075
5.86229728490079,1,0.0154685916851138
0.271406914763558,1,0.602389559742499
0.1584898755737,1,0.690550673966349
0.236609108621582,1,0.626665994263889
0.382257285659362,1,0.53639764428361
0.117861921043131,1,0.731365077864628
0.400260551200557,1,0.526954728068088
1.19333762428345,1,0.274657350306038
0.201969196978914,1,0.653136040111586
0.171296296296296,1,0.678962308510818
0.201969196978914,1,0.653136040111586
0.459419069292361,1,0.497895597098093
0.498866213151928,1,0.479998722325441
0.235327203893997,1,0.627601614814355
4.98235986265962,1,0.0256070304311911
4.82907253269917,1,0.027983680588261
0.257569120564817,1,0.611795141571664
0.129422992454666,1,0.719031051738905
0.136591571721826,1,0.711693242007308
0.8457484347584,1,0.357757874000683
6.21616487825182,1,0.0126589031490442
42.4586872442842,1,7.21910309309237e-11
0.256899293754331,1,0.612258429136602
0.236461699711765,1,0.626773423557178
3.53424966859575,1,0.0601135271840662
0.319526627218935,1,0.571892263597918
0.0711317207654038,1,0.789696067517315
0.173775044634001,1,0.676778369226918
0.00490184183066802,1,0.944183189397454
0.239433293978748,1,0.624615719603424
1.62023063024764,1,0.203059632482131
0.641606983624814,1,0.423129483537247
0.0820534819239661,1,0.774533644988166
0.0841607663473552,1,0.77173610152284
0.429951815300575,1,0.512012592685
0.00897889131960322,1,0.924507832639837
0.0588624282606597,1,0.808303037279188
17.6243531138636,1,2.69119976173959e-05
0.266340992271717,1,0.605796894478497
0.0477226328880462,1,0.827074534576172
0.658310950413223,1,0.417156875305696
0.310245436282645,1,0.577529614887739
0.118983234180638,1,0.730139880923261
0.676101753542555,1,0.410932311982407
16.0125647999088,1,6.29234960798364e-05
6.47162200498101,1,0.0109610448458844
6.59718373758812,1,0.0102140200488819
0.724897959183674,1,0.394541974238978
0.969328703703704,1,0.324847655321254
4.01056107269008,1,0.0452161013336837
1.70601050877867,1,0.191503805818175
0.215919582542459,1,0.64216673654156
9.93961933304921,1,0.00161758996023431
0.400260551200557,1,0.526954728068088
0.271406914763558,1,0.602389559742499
0.351880392038568,1,0.553050611047318
0.171296296296296,1,0.678962308510818
4.32054682717813,1,0.0376548198958284
0.864807728035748,1,0.352396771162299
2.10206881106352,1,0.147099988517373
0.0977818017202355,1,0.754507973866756
3.48853330733147,1,0.0617953113642002
0.548531442929623,1,0.4589183673287
5.38548513771813,1,0.020304941629815
4.29669817332158,1,0.0381864424631504
0.272721289537046,1,0.601512122481903
9.40034017641707,1,0.00216945187195516
0.448090453111864,1,0.503243165352676
0.493948024207903,1,0.482171447122277
83.9646765078219,1,0
0.174876756410177,1,0.675813555839408
0.236461699711765,1,0.626773423557178
1.72922495274102,1,0.188509908515286
1.28495842781557,1,0.25697913118446
0.934629117560203,1,0.333662933638411
0.110219324730755,1,0.739894575789111
0.839574854012856,1,0.35951839108665
7.45079196800096,1,0.00634085432590137
15.8190009965792,1,6.96990476121151e-05
0.172114656571119,1,0.678239243231068
2.55524695085135,1,0.109928636193539
11.9119746232758,1,0.000557742464090571
17.7724637167724,1,2.48960467106318e-05
2.40215645134087,1,0.121168118550364
0.235327203893997,1,0.627601614814355
0.496394959681948,1,0.481088442997219
0.906913294778375,1,0.340934741096015
0.00429044734302512,1,0.947774706965495
0.110001602540213,1,0.740142311343059
0.672672376251996,1,0.412121443770895
6.545379276184,1,0.0105156908127969
0.235327203893997,1,0.627601614814355
0.355336474243974,1,0.551107715811613
3.65569125868899,1,0.0558779631257278
0.201969196978914,1,0.653136040111586
0.552628431143591,1,0.457245703064265
0.3536,1,0.552082297766469
2.86891041866423,1,0.0903059887672439
0.606371882086168,1,0.436157140100994
0.602513536026656,1,0.43762060209447
0.396349930569331,1,0.528980350898716
3.49833998262552,1,0.0614303758847848
0.298344041121877,1,0.584922425366793
2.06544567461062,1,0.150670874533788
0.0968469086102595,1,0.755646789353262
4.99417447283704,1,0.0254327827057432
1.55109793157534,1,0.212973429618494
0.555406034884323,1,0.456117165795697
0.956480365263893,1,0.328075243150858
8.16242335411101,1,0.00427671885512348
0.351880392038568,1,0.553050611047318
0.311754722387533,1,0.57660540847686
4.26754764715804,1,0.0388469564108602
15.7799707438928,1,7.11517713494203e-05
0.445880768349457,1,0.504297630854606
8.64469622456762,1,0.00328014824811595
5.56008993870745,1,0.0183744702652375
0.186333038919734,1,0.665986284136797
5.20925398167156,1,0.0224669730061949
0.143272405314445,1,0.705049230089236
0.0754458161865569,1,0.783566694241274
27.5225871319355,1,1.55270539980989e-07
1.09491415613865,1,0.295384949914485
0.0376133494031222,1,0.846221599484951
2.93340603304599,1,0.0867642662182807
14.7993987744248,1,0.000119573617800794
0.172940868198096,1,0.677511281924434
68.6395093862967,1,1.11022302462516e-16
4.31112847395888,1,0.0378638365558603
4.50353055758461,1,0.0338249472560328
3.39516895186857,1,0.0653876642142512
4.83366493236212,1,0.0279092422950052
7.7639903805257,1,0.00532980800100757
0.615603631356624,1,0.432685711372922
0.893954531406105,1,0.344407912543123
5.83949281894117,1,0.0156703430415845
5.36346053241141,1,0.0205629308474049
0.546009070294785,1,0.459952986651632
0.313389260596785,1,0.575607808505253
23.7634810352009,1,1.08929725795015e-06
11.2053640195774,1,0.000815612254237319
0.974039160666056,1,0.323674885622781
77.5892615999568,1,0
0.114380040448712,1,0.735211584129037
17.7802639476143,1,2.47941856943434e-05
1.97819485571962,1,0.159580704190915
0.443692733564014,1,0.505345494078554
0.420383286483248,1,0.516745853714097
0.103913907520912,1,0.747182406261579
1.16755857898715,1,0.279903455213856
25.9479710773125,1,3.5074387605416e-07
0.829777720063236,1,0.362336811434973
0.0583176565439398,1,0.809174986644802
0.236461699711765,1,0.626773423557178
0.231506002721663,1,0.630409391694691
0.3536,1,0.552082297766469
54.7919143876338,1,1.34003919072256e-13
2.11427682209144,1,0.145930974462684
0.146745357096949,1,0.701665218571974
0.274048442906574,1,0.600628880788515
0.271406914763558,1,0.602389559742499
4.17481637308014,1,0.0410290084737145
0.540395755631583,1,0.462268758765723
5.71803587011968,1,0.0167915041704098
0.316371882086168,1,0.573796212550348
3.14625850340136,1,0.0761012727344652
1.17950461274872,1,0.277456869619954
0.516406670252824,1,0.472378532228257
0.105812972376679,1,0.744962310107358
1.55941684611767,1,0.211750625634198
3.63247863247863,1,0.0566623700744892
30.3381542823256,1,3.62916515728173e-08
0.662589355735975,1,0.415647289013008
17.4146734748723,1,3.00497224605678e-05
1.74314319446787,1,0.186741055552289
9.54386745395744,1,0.00200618575655598
1.94281072778828,1,0.163363674399676
13.9251840201321,1,0.000190232487159991
0.0763419024039541,1,0.782317360717501
0.00959183673469385,1,0.921981586633181
0.118419924554184,1,0.730754567318302
0.389577362530577,1,0.5325216415934
0.396825396825397,1,0.52873332512143
27.2874322485793,1,1.75347420361405e-07
3.59538302342767,1,0.0579402752997474
0.672672376251996,1,0.412121443770895
0.204905190311419,1,0.650790313598794
0.662589355735975,1,0.415647289013008
14.8369542833098,1,0.000117216031959799
0.414185078518967,1,0.519852931603769
0.669992598887092,1,0.413054187410363
0.00298134561879539,1,0.956455784552716
0.669277527618193,1,0.413303607206438
3.34162597506043,1,0.0675478285738258
0.237607176706562,1,0.625939704532432
0.369866404264439,1,0.543077098259843
0.23876379494482,1,0.625100396245646
14.0898070983575,1,0.000174285689049758
2.20840956600359,1,0.137260115204355
1.79494447164318,1,0.180324887199639
0.00653061224489796,1,0.935591302773544
0.120126077277436,1,0.728897788793905
0.851470250151733,1,0.356136743637369
0.119551925932396,1,0.729520970922985
0.794328565924239,1,0.37279446312431
0.205541381955068,1,0.650284697157969
0.34477956335858,1,0.557083274309736
1.57632383020631,1,0.20929101172385
0.37626042237774,1,0.539611421366728
9.26089411764706,1,0.00234098705319141
1.01611839004619,1,0.313441510681954
0.618743519653125,1,0.431514585424926
0.172940868198096,1,0.677511281924434
0.204905190311419,1,0.650790313598794
5.31099989084523,1,0.0211911906992573
1.20294052127423,1,0.272734753963109
0.172114656571119,1,0.678239243231068
0.202938475665748,1,0.652359375013656
5.72402390684093,1,0.0167343363294639
12.0853812033542,1,0.000508187100297874
1.06036532029843,1,0.30313187866488
1.65714681440443,1,0.197988995958173
0.0758010688697519,1,0.78307044700145
0.272721289537046,1,0.601512122481903
0.118983234180638,1,0.730139880923261
0.519556906185668,1,0.471030754406793
5.4737426035503,1,0.0193042432917743
0.0992184669530562,1,0.752769527526127
11.2067964127772,1,0.000814982927674124
0.0963861313511663,1,0.756210291696511
0.235327203893997,1,0.627601614814355
22.0020576131687,1,2.72358326558475e-06
0.119551925932396,1,0.729520970922985
1.82222637432393,1,0.177048493723691
8.33801950153317,1,0.00388238971892096
0.366123809354669,1,0.545124742744029
1.10139524684082,1,0.293960109753259
0.734477974332293,1,0.391435542368073
0.427448511084874,1,0.513243588107165
0.060349074772302,1,0.805945061922157
0.235327203893997,1,0.627601614814355
0.555406034884323,1,0.456117165795697
82.0259486746957,1,0
0.351880392038568,1,0.553050611047318
3.47875,1,0.0621616786103939
4.10848245583847,1,0.0426686326004428
0.313278746885013,1,0.575675150015983
7.01834705075446,1,0.00806786752610267
31.9331457130862,1,1.59570913149665e-08
3.45789243483399,1,0.0629505046332917
40.4721603872348,1,1.99437577563799e-10
2.75591715976331,1,0.0968952365686067
0.256217572648878,1,0.612730723558638
1.68681595243114,1,0.194021229049538
1.02672049211842,1,0.310930176314315
0.450322110263669,1,0.502182029023051
0.310245436282645,1,0.577529614887739
1.79639112828344,1,0.180149402905325
1.37501546991411,1,0.240952022235918
17.1389181115785,1,3.47430526667081e-05
0.662589355735975,1,0.415647289013008
1.83946951656386,1,0.175013135874458
10.119092004537,1,0.00146741273599826
0.6328125,1,0.426325543384408
0.313278746885013,1,0.575675150015983
2.42943915358343,1,0.119075494478713
3.07132951183432,1,0.0796842789553811
2.58178173849525,1,0.108099921328812
4.86608717561098,1,0.0273895360627939
0.311754722387533,1,0.57660540847686
0.144641683103222,1,0.70370947119751
0.204905190311419,1,0.650790313598794
0.173248665341474,1,0.677240608461637
1.27865961199295,1,0.258148406574458
0.90950263198925,1,0.340246419525608
0.117861921043131,1,0.731365077864628
0.117861921043131,1,0.731365077864628
1.2890802430001,1,0.256217519352042
0.0540076101425203,1,0.816230941120641
0.693995938844119,1,0.404808530316753
0.218099642431829,1,0.640491725958749
0.36798560505975,1,0.544104338575052
0.445880768349457,1,0.504297630854606
0.3536,1,0.552082297766469
0.120126077277436,1,0.728897788793905
1.50953867499133,1,0.219209493969404
0.3536,1,0.552082297766469
1.87608450979744,1,0.170779836861159
7.0322879582268,1,0.00800530114981712
3.68184937687345,1,0.0550078045147847
0.271406914763558,1,0.602389559742499
0.143272405314445,1,0.705049230089236
0.0417339129529364,1,0.838127823357926
14.0238423573813,1,0.000180507264763929
0.137905335901937,1,0.710372335759971
3.35170884812034,1,0.0671352854515181
0.493948024207903,1,0.482171447122277
4.49039542418832,1,0.0340857925669951
2.69577034143027,1,0.100614849749334
1.75629316106037,1,0.185087546290953
5.18797950987159,1,0.0227436434271233
1.46959906965753,1,0.225408962127204
0.143953790085109,1,0.704381623503203
2.75509626982096,1,0.09694498089904
0.0161574684921407,1,0.898851729135297
3.16436313210929,1,0.0752617848235779
0.93545652489476,1,0.333449052871041
38.8518371701676,1,4.57223370275983e-10
0.117861921043131,1,0.731365077864628
17.7515301765607,1,2.5171495231735e-05
0.202938475665748,1,0.652359375013656
0.421029182445979,1,0.516423948503477
0.172114656571119,1,0.678239243231068
2.31353307201009,1,0.128252242161364
0.000170777828367031,1,0.989573382454137
4.26191378903103,1,0.0389759879538585
0.3536,1,0.552082297766469
1.14531740813792,1,0.284531529752459
0.143953790085109,1,0.704381623503203
3.28587920031297,1,0.0698781934482546
0.171296296296296,1,0.678962308510818
0.313278746885013,1,0.575675150015983
3.91966310333657,1,0.0477244432001852
2.548095703125,1,0.11042728140472
0.305320485747825,1,0.580566020105096
1.34565692526013,1,0.246038816389961
0.203917094921817,1,0.651577485720653
4.62488888888889,1,0.0315113021973048
0.91648070299247,1,0.33840072460481
4.1155850040079,1,0.0424898276576857
0.100576258559756,1,0.751139194148806
0.294123367513519,1,0.587590215414811
6.89844669653901,1,0.00862706732641283
1.75843097944323,1,0.184820341655442
0.0392295839071286,1,0.842994524911205
2.436525,1,0.118538564652318
16.0377933673469,1,6.20906187153158e-05
0.509001790932227,1,0.475571292700334
4.78427381718142,1,0.0287207553632589
0.272721289537046,1,0.601512122481903
0.854970559274655,1,0.355149983024198
0.0209083894682305,1,0.885028800993219
3.27564553296064,1,0.0703152587937924
0.445880768349457,1,0.504297630854606
4.80311116856649,1,0.0284083919175088
4.39164536257523,1,0.0361154438322765
0.118983234180638,1,0.730139880923261
0.609418282548477,1,0.435006921134963
6.88628570169058,1,0.00868595679021456
0.201969196978914,1,0.653136040111586
2.08095720797756,1,0.149146621838877
1.86131630473478,1,0.172472956676454
0.118983234180638,1,0.730139880923261
0.118419924554184,1,0.730754567318302
0.201969196978914,1,0.653136040111586
0.171296296296296,1,0.678962308510818
0.120705767176931,1,0.728270285229519
2.87391656555823,1,0.0900255445414927
0.0959297161406323,1,0.756769917247399
0.366123809354669,1,0.545124742744029
0.819234872732815,1,0.365403966050814
1.49743456276026,1,0.221066518655916
0.143953790085109,1,0.704381623503203
0.358603395061728,1,0.549282898999724
18.329526445605,1,1.85804986467808e-05
3.38603802386015,1,0.0657507648320073
1.17787031528852,1,0.277789983836083
1.7942589437987,1,0.180408113065853
32.68495279007,1,1.08372945062385e-08
0.651732183119302,1,0.419494058890762
0.0413321675622944,1,0.838898099821075
8.72460157437708,1,0.00313944668322763
1.31884432205112,1,0.250799564087109
0.554877283106885,1,0.45633165850514
1.82686096549618,1,0.176498762971896
0.202938475665748,1,0.652359375013656
26.3241911348855,1,2.88650426227832e-07
0.406985384725895,1,0.523503584393417
23.7643866374031,1,1.08878485016728e-06
4.36101424444832,1,0.0367704068845084
0.662589355735975,1,0.415647289013008
9.66256960336844,1,0.00188060389273759
1.21850560767908,1,0.269654126587312
5.73940993313052,1,0.0165883644510376
40.5816417612933,1,1.88570048464953e-10
0.669277527618193,1,0.413303607206438
0.203917094921817,1,0.651577485720653
0.230494260204082,1,0.63115758396544
1.10727367870225,1,0.292675358991062
2.32244213763937,1,0.127519682625872
0.201969196978914,1,0.653136040111586
2.42027852222112,1,0.119773633193291
80.9813713763146,1,0
12.5830145113817,1,0.000389268353268912
32.6074156723507,1,1.12783605787925e-08
4.05222943704353,1,0.0441130501292349
0.202938475665748,1,0.652359375013656
1.981578433923,1,0.15922422076507
3.17681374932083,1,0.0746902432425685
7.84441211638519,1,0.00509780334123544
0.235327203893997,1,0.627601614814355
0.143272405314445,1,0.705049230089236
0.618743519653125,1,0.431514585424926
0.741208959198056,1,0.389273880414908
0.669277527618193,1,0.413303607206438
5.72402390684093,1,0.0167343363294639
0.310245436282645,1,0.577529614887739
5.87550767106587,1,0.0153529452422
31.7317159639992,1,1.77007836166254e-08
0.0959297161406323,1,0.756769917247399
0.501362148302466,1,0.47890221675332
0.86328125,1,0.352822083296811
0.279488639304384,1,0.597036576619995
0.575657752957041,1,0.448019394248268
0.121200007014505,1,0.727736612077758
0.665916689925439,1,0.414478867488544
4.26754764715804,1,0.0388469564108602
0.810992679049766,1,0.367826927513202
0.173775044634001,1,0.676778369226918
0.235327203893997,1,0.627601614814355
1.03550295857988,1,0.30886967618016
14.2412764504277,1,0.00016080444665767
0.143272405314445,1,0.705049230089236
0.355336474243974,1,0.551107715811613
0.583637895073444,1,0.444889904628646
15.8951067188536,1,6.69515934705878e-05
0.236461699711765,1,0.626773423557178
0.271406914763558,1,0.602389559742499
7.26391235941962,1,0.00703538617901922
0.145336178007887,1,0.703032721447867
3.54987318928478,1,0.0595500010605676
0.281494259179872,1,0.595723494840757
0.202938475665748,1,0.652359375013656
3.63247863247863,1,0.0566623700744892
17.1613967684465,1,3.43343197881651e-05
2.98524014813827,1,0.0840268221652087
1.15521222388655,1,0.28246070071706
1.52385363252739,1,0.217037253950051
0.398295656817373,1,0.527970765772683
0.172940868198096,1,0.677511281924434
0.315341399530248,1,0.574420836289348
5.19908540739754,1,0.0225987756176159
12.6875923874554,1,0.000368089911767844
0.235327203893997,1,0.627601614814355
3.41451523545706,1,0.064625391828612
107.98875402422,1,0
0.400260551200557,1,0.526954728068088
0.435202299140565,1,0.509447237891618
0.144641683103222,1,0.70370947119751
0.00284861059816097,1,0.957435214006613
0.792504496765014,1,0.373343893489572
3.63247863247863,1,0.0566623700744892
68.6392599017937,1,1.11022302462516e-16
0.369247550633347,1,0.543414703420946
47.1888334055737,1,6.44662101478843e-12
0.201969196978914,1,0.653136040111586
4.3668612010191,1,0.0366444320270829
46.9903858320268,1,7.13362702242648e-12
0.335261757677833,1,0.562577078208987
1.17881630762231,1,0.27759710357601
0.0968469086102595,1,0.755646789353262
4.50119919146217,1,0.0338710922009886
4.36808865028355,1,0.036618043613226
17.9775190546523,1,2.23529291796254e-05
0.398295656817373,1,0.527970765772683
10.9753925238508,1,0.000923296967572651
0.3536,1,0.552082297766469
8.08283619274632,1,0.00446864543304348
0.276741837385255,1,0.598844727479599
1.49596390106463,1,0.221293427543253
0.202938475665748,1,0.652359375013656
5.89799127712545,1,0.0151581626632548
19.2970220433217,1,1.11880710239598e-05
2.50654177537836,1,0.113374480725428
0.48378533859303,1,0.486712698368591
5,1,0.0253473186774683
0.402801777777778,1,0.525645838039401
0.271406914763558,1,0.602389559742499
0.0542107438964242,1,0.815891857168977
1.02139202855443,1,0.312189043499708
0.0849673202614381,1,0.770675410098931
2.5395296751684,1,0.111027854438993
1.18403979238754,1,0.276535106024336
0.119551925932396,1,0.729520970922985
4.98269896193772,1,0.0256020119825786
0.514505014968457,1,0.473195145770221
2.26084637866165,1,0.132681528079111
0.117861921043131,1,0.731365077864628
66.8905011922711,1,3.33066907387547e-16
1.91630091378262,1,0.166265019484637
0.457152237510919,1,0.498957894744619
0.612495377218935,1,0.433849800604659
0.0886719798055374,1,0.765872295887521
9.278973041757,1,0.00231799352133444
0.0605240046859304,1,0.805669638517467
2.21812170241625,1,0.136398914023071
3.42449564235606,1,0.0642358614594555
0.0857759754660773,1,0.769617424656703
1.34854444257042,1,0.245532740563247
3.63247863247863,1,0.0566623700744892
0.171296296296296,1,0.678962308510818
0.235327203893997,1,0.627601614814355
0.209992742052548,1,0.646773092768691
7.27875171467764,1,0.00697750068469238
1.08405864421542,1,0.297791380623621
1.11569123619718,1,0.290848137571091
0.274048442906574,1,0.600628880788515
0.806590062810426,1,0.369130323965095
9.79778170997817,1,0.00174722508497471
0.117861921043131,1,0.731365077864628
0.676101753542555,1,0.410932311982407
0.631629252034114,1,0.426758322675594
0.00190694247259062,1,0.965168606807497
0.119551925932396,1,0.729520970922985
1.18984832702644,1,0.275360152655309
0.201969196978914,1,0.653136040111586
3.53967337422329,1,0.0599172590413087
0.143953790085109,1,0.704381623503203
0.172940868198096,1,0.677511281924434
0.172940868198096,1,0.677511281924434
0.137905335901937,1,0.710372335759971
11.5797470836193,1,0.000666740093206997
1.78577777777778,1,0.181441446146802
35.158971995452,1,3.03858238570598e-09
0.280882566410219,1,0.59612333415383
1.41728559913685,1,0.233850697289754
2.70253317376333,1,0.100188945353068
1.46038617991176,1,0.226868685489891
1.49596390106463,1,0.221293427543253
1.86131630473478,1,0.172472956676454
3.06786039347476,1,0.0798545083989642
0.223243958160779,1,0.636579223979923
13.0923846798451,1,0.000296498662616496
0.396349930569331,1,0.528980350898716
0.358861022664487,1,0.549139475745601
4.80273486132692,1,0.0284145971541235
4.62546972191947,1,0.031500634954956
2.54441463777617,1,0.110684925672271
0.560766254475248,1,0.453951671677533
0.143953790085109,1,0.704381623503203
0.454852663666715,1,0.500039464757587
32.7870200108167,1,1.02829181836128e-08
0.144641683103222,1,0.70370947119751
0.145336178007887,1,0.703032721447867
15.4649796597633,1,8.4048149028737e-05
2.75789940828402,1,0.0967752308286043
4.10133773363821,1,0.042849297619585
15.0478868033507,1,0.000104817546494052
0.176326530612245,1,0.674549355869586
0.310245436282645,1,0.577529614887739
0.316371882086168,1,0.573796212550348
9.03248456033722,1,0.00265223756349098
5.43744233186333,1,0.0197095099506908
0.3536,1,0.552082297766469
0.311754722387533,1,0.57660540847686
0.872160429823735,1,0.350357903929343
0.271406914763558,1,0.602389559742499
4.21544766136221,1,0.0400574950596257
5.10056095701963,1,0.0239181072253648
3.05997445982171,1,0.0802429305558205
0.271406914763558,1,0.602389559742499
0.418855994510342,1,0.51750843338725
0.358861022664487,1,0.549139475745601
0.0856080919334248,1,0.76983662448345
0.0711612452575675,1,0.789653452121768
13.4783682769418,1,0.000241329578289373
10.0771527777778,1,0.001501191248512
1.65184811186572,1,0.198707579743209
0.172940868198096,1,0.677511281924434
0.175467756788931,1,0.675297463794829
0.12369306520528,1,0.725063073743068
6.5919998788778,1,0.0102438032938039
0.355336474243974,1,0.551107715811613
2.23023824439164,1,0.135332978554269
0.119551925932396,1,0.729520970922985
7.3185652700206,1,0.00682458730352686
0.503883136094674,1,0.477798856973996
4.35578346023363,1,0.0368834903994025
4.78015938970822,1,0.0287894558530253
0.453871439006574,1,0.500502180329674
0.171296296296296,1,0.678962308510818
0.540395755631583,1,0.462268758765723
2.85012244897959,1,0.0913669776022674
0.355336474243974,1,0.551107715811613
11.026637021621,1,0.000898119313553991
0.85078125,1,0.356331419866848
41.5185545388363,1,1.16757492563124e-10
1.5184871894846,1,0.21784857018815
0.272721289537046,1,0.601512122481903
0.274048442906574,1,0.600628880788515
0.235327203893997,1,0.627601614814355
0.143953790085109,1,0.704381623503203
0.914151594828369,1,0.339015272804688
17.4041063137273,1,3.02172461411621e-05
0.98013121855002,1,0.322166412564999
0.171296296296296,1,0.678962308510818
0.143272405314445,1,0.705049230089236
0.143953790085109,1,0.704381623503203
3.024,1,0.0820408826750783
17.5116183168457,1,2.855573350935e-05
0.171296296296296,1,0.678962308510818
1.77549972208346,1,0.182702907057944
2.27128229567564,1,0.131790818420928
0.355336474243974,1,0.551107715811613
0.0170450922070196,1,0.896125875767598
1.18768126425142,1,0.27579777218675
1.87608450979744,1,0.170779836861159
0.0857739306367787,1,0.769620093119093
0.563908572646385,1,0.452689692054154
0.172940868198096,1,0.677511281924434
0.58838248451554,1,0.443045284415781
0.279488639304384,1,0.597036576619995
4.11086517565875,1,0.0426085601871777
3.32944817859741,1,0.0680497023127753
0.118419924554184,1,0.730754567318302
0.236461699711765,1,0.626773423557178
0.459475139266284,1,0.49786936971319
0.00220164488428641,1,0.96257564192994
0.493948024207903,1,0.482171447122277
5.09794192296169,1,0.0239542490158468
2.76428350667366,1,0.0963898356832446
1.64089072444536,1,0.200203300998499
2.8623305826769,1,0.0906760338308843
0.401776217663456,1,0.52617336696874
0.204905190311419,1,0.650790313598794
0.540395755631583,1,0.462268758765723
0.0975539150319588,1,0.754785015451953
1.15227246237009,1,0.283073948488574
0.175467756788931,1,0.675297463794829
0.0110597832552737,1,0.916244482626449
1.06598452995126,1,0.301854210045867
0.202938475665748,1,0.652359375013656
0.172114656571119,1,0.678239243231068
1.50183555736845,1,0.220389147319203
0.606371882086168,1,0.436157140100994
0.268748894357457,1,0.604172261777599
0.316371882086168,1,0.573796212550348
0.237607176706562,1,0.625939704532432
1.63331437418323e-06,1,0.998980294327274
1.08485354693181,1,0.29761431615267
0.202938475665748,1,0.652359375013656
0.204905190311419,1,0.650790313598794
6.65511926207778,1,0.00988713533131302
0.272721289537046,1,0.601512122481903
0.173775044634001,1,0.676778369226918
3.81170572855777,1,0.0508955952477059
0.143272405314445,1,0.705049230089236
65.6480256799699,1,5.55111512312578e-16
10.2885551603152,1,0.00133857862634279
0.96,1,0.327186877790306
2.93340603304599,1,0.0867642662182807
28.5996473549597,1,8.89983899909907e-08
0.118419924554184,1,0.730754567318302
27.8142734238081,1,1.33537289892516e-07
0.558211641747713,1,0.454981697987257
0.143272405314445,1,0.705049230089236
3.09970524157375,1,0.0783064710481283
0.201969196978914,1,0.653136040111586
0.496394959681948,1,0.481088442997219
0.201969196978914,1,0.653136040111586
0.366123809354669,1,0.545124742744029
28.9966714530815,1,7.25027701209413e-08
2.53443528625529,1,0.111386730878029
0.129422992454666,1,0.719031051738905
0.798374219770649,1,0.371579896011851
6.6907381631421,1,0.00969150683047859
1.22837641412021,1,0.26772301935998
0.609418282548477,1,0.435006921134963
29.3130991488902,1,6.15780201274063e-08
0.172940868198096,1,0.677511281924434
0.172940868198096,1,0.677511281924434
0.398295656817373,1,0.527970765772683
0.0128337445199288,1,0.909803722659349
0.117861921043131,1,0.731365077864628
0.603485827999886,1,0.437251107098467
6.25738697045212,1,0.0123676490229544
1.04304348902255,1,0.307114691830428
0.147460237755373,1,0.700974357798102
1.05086098380824,1,0.305308877881671
6.46569797964391,1,0.010997643773497
16.816824008515,1,4.11667156152706e-05
6.60222115603141,1,0.0101851632006031
0.177193745564433,1,0.673796066134886
2.49107142857143,1,0.114493757013468
50.7029545454545,1,1.07458486553469e-12
0.709978938211121,1,0.399450803986898
5.0241577253268,1,0.0249960802133485
0.310245436282645,1,0.577529614887739
0.235327203893997,1,0.627601614814355
0.118419924554184,1,0.730754567318302
0.00190694247259062,1,0.965168606807497
1.18104288665135,1,0.277143786806782
0.118983234180638,1,0.730139880923261
3.77079485012003,1,0.0521548431861087
1.08321819534488,1,0.297978737695665
0.802461174070318,1,0.37035853618809
0.00146913329356641,1,0.969425150151826
0.310245436282645,1,0.577529614887739
2.23721230302737,1,0.134723674524632
0.171296296296296,1,0.678962308510818
0.294651822570992,1,0.587254838649926
0.0735025377722661,1,0.786303727602936
1.45454545454545,1,0.227799993988229
0.437067901234568,1,0.508541060194943
1.17869747138332,1,0.277621324072216
0.119551925932396,1,0.729520970922985
0.172114656571119,1,0.678239243231068
1.2705243825553,1,0.259668329145986
0.319526627218935,1,0.571892263597918
5.97610016014828,1,0.0145010324341783
8.38931950769694,1,0.00377432185745363
0.239931717616406,1,0.624255436244986
1.03051831299767,1,0.310036961948243
0.445880768349457,1,0.504297630854606
0.143272405314445,1,0.705049230089236
64.257477718256,1,1.11022302462516e-15
0.493948024207903,1,0.482171447122277
0.779675135360266,1,0.377240513349614
7.18710242711856,1,0.00734294620523945
0.172114656571119,1,0.678239243231068
0.237607176706562,1,0.625939704532432
0.0580414146847714,1,0.809618780435355
18.515236306558,1,1.6855148744499e-05
0.228497540509259,1,0.632640124248056
0.802461174070318,1,0.37035853618809
7.32243107136981,1,0.00680992327183305
1.07549738912023,1,0.299707008924699
0.275388561943564,1,0.59973977075218
68.9928199467997,1,1.11022302462516e-16
6.81597518914417,1,0.00903459538278539
0.597438557767924,1,0.439557004567069
0.549878414136684,1,0.458367378301643
34.2790869287372,1,4.7748528464453e-09
0.313278746885013,1,0.575675150015983
0.171296296296296,1,0.678962308510818
0.552628431143591,1,0.457245703064265
4.31112847395888,1,0.0378638365558603
0.402244897959184,1,0.525932169596187
0.364280730965181,1,0.546138385493747
0.171296296296296,1,0.678962308510818
2.32244213763937,1,0.127519682625872
0.319526627218935,1,0.571892263597918
1.10101565629091,1,0.294043318227633
3.02633902540608,1,0.0819226702889957
0.237607176706562,1,0.625939704532432
2.07357218341142,1,0.149870131689635
0.201969196978914,1,0.653136040111586
12.7728345558078,1,0.00035168950487241
0.757905624545909,1,0.383984747818347
0.36798560505975,1,0.544104338575052
0.215122179760714,1,0.642781975156588
0.30515606632555,1,0.580667940721855
1.3644676266415,1,0.242764701072249
4.93531351541673,1,0.0263132888541371
1.19439435815679,1,0.274444950936997
5.80934545724623,1,0.0159412264517985
0.466166858900423,1,0.494755898267196
1.28233070165684,1,0.25746613014957
6.89795918367347,1,0.00862942022077529
23.9836380332248,1,9.71578639985538e-07
39.503892348411,1,3.27406213251891e-10
0.242302145097411,1,0.622548306392547
0.23876379494482,1,0.625100396245646
0.0295250253223726,1,0.863572377496644
0.466587410455723,1,0.494561322750879
0.400260551200557,1,0.526954728068088
0.146037370242214,1,0.702351321703865
2.60922677391554,1,0.106243553850658
3.60927046468863,1,0.057458319739757
0.295625701009454,1,0.586637798669764
0.493948024207903,1,0.482171447122277
17.8372539943049,1,2.40625652090376e-05
0.201969196978914,1,0.653136040111586
0.319526627218935,1,0.571892263597918
0.0011467829303739,1,0.972985454149499
9.70102512309052,1,0.00184165245811097
4.66195896985384,1,0.0308379884258406
0.284242463407892,1,0.593933942708336
0.402244897959184,1,0.525932169596187
0.683066217920744,1,0.408532878459485
0.172114656571119,1,0.678239243231068
0.119551925932396,1,0.729520970922985
6.20743318219018,1,0.012721496101834
1.27723212924859,1,0.258414309015421
1.63039039960126,1,0.201649059309229
0.501362148302466,1,0.47890221675332
0.235327203893997,1,0.627601614814355
16.5058760683761,1,4.84995351988093e-05
2.5097474316896,1,0.113144063913372
0.172114656571119,1,0.678239243231068
0.965063512490071,1,0.325914418094232
0.237607176706562,1,0.625939704532432
0.45257606864149,1,0.501114152334699
1.375,1,0.24095466870157
0.311754722387533,1,0.57660540847686
0.143272405314445,1,0.705049230089236
15.7276067636269,1,7.31487461022029e-05
0.271406914763558,1,0.602389559742499
1.69038125832086,1,0.19355071856306
0.3536,1,0.552082297766469
0.535936891947589,1,0.464121505368679
0.663519951597196,1,0.415320011570608
0.201969196978914,1,0.653136040111586
0.530558106315682,1,0.466372314496491
0.143272405314445,1,0.705049230089236
0.0374217517668177,1,0.846608889682338
0.235540269045091,1,0.627445887652942
6.81531455594108,1,0.00903793824525689
6.31721921287122,1,0.0119570998292509
1.24260355029586,1,0.264969875552517
0.876668649613325,1,0.349115735692165
0.148911086957772,1,0.699578141897544
3.17681374932083,1,0.0746902432425685
2.27299853335356,1,0.13164497698709
6.49167162403331,1,0.0108381017070488
0.216441207075963,1,0.641765022476604
1.43673398143721,1,0.230668585271284
5.92084775086505,1,0.0149627574676309
0.0753520568639874,1,0.783697874736928
4.77026266752135,1,0.0289554076455403
1.73550516756352,1,0.187709360975719
3.44443628044494,1,0.0634650680278011
9.278973041757,1,0.00231799352133444
0.235415055509058,1,0.627537394410744
2.20383993162602,1,0.137667423092933
26.5387603849142,1,2.58303149869299e-07
0.358861022664487,1,0.549139475745601
2.23659460434435,1,0.134777517086066
0.143272405314445,1,0.705049230089236
0.881223567858516,1,0.347866772965448
0.533381432142029,1,0.465188694274313
0.137905335901937,1,0.710372335759971
1.1717645395419,1,0.279038971602311
2.06155872497634,1,0.151055584010255
12.5812815146856,1,0.000389629473396713
0.802461174070318,1,0.37035853618809
3.97154884598636,1,0.0462751892433473
2.62332029007984,1,0.105303888419341
0.203967373438527,1,0.651537375648443
14.3458761475754,1,0.000152112510422353
11.2471251892248,1,0.000797464331974251
0.237607176706562,1,0.625939704532432
0.398009553348957,1,0.528119000745252
1.82569608069163,1,0.176636749985622
3.02633902540608,1,0.0819226702889957
0.423514825967033,1,0.515188404562309
0.955684331345707,1,0.328276607861777
0.88582591181538,1,0.346610958438829
0.362692197828159,1,0.547014846246586
4.66202535132564,1,0.0308367962716253
0.00579408284023656,1,0.939324525148028
5.66855193825112,1,0.0172717077521223
3.54938898576111,1,0.0595673812220253
6.2523240967124,1,0.0124030466428372
0.69913014225298,1,0.403076133490124
0.276741837385255,1,0.598844727479599
26.1245071034848,1,3.20095375427876e-07
0.201969196978914,1,0.653136040111586
2.59259259259259,1,0.107364465206614
0.171296296296296,1,0.678962308510818
1.46581632653061,1,0.22600694493292
0.143272405314445,1,0.705049230089236
0.769934712376608,1,0.380237250330031
2.30538168770853,1,0.128926606956954
2.9655243307555,1,0.0850568784633654
4.54288686355151,1,0.0330557992447102
42.1581423138531,1,8.41826608422025e-11
0.6555161078238,1,0.418147403275985
38.1906447451936,1,6.41592889927267e-10
0.496394959681948,1,0.481088442997219
0.235327203893997,1,0.627601614814355
1.4018206057105,1,0.236418979646772
0.0330574760324237,1,0.855726225099656
0.201969196978914,1,0.653136040111586
1.80065211776859,1,0.179633677010644
0.195354311328956,1,0.658497137068419
0.00120094506788892,1,0.972355119777957
2.3499623157881,1,0.125286036009248
2.73195477348043,1,0.0983588303178329
0.445880768349457,1,0.504297630854606
5.72402390684093,1,0.0167343363294639
5.36346053241141,1,0.0205629308474049
0.329359151317805,1,0.566036686864354
0.204905190311419,1,0.650790313598794
0.144641683103222,1,0.70370947119751
0.118419924554184,1,0.730754567318302
24.2494010309291,1,8.46333984783065e-07
0.724897959183674,1,0.394541974238978
48.1592045454546,1,3.9297454179632e-12
22.1868272872054,1,2.47365154526502e-06
0.780645161290323,1,0.376943899147968
1.88487332576185,1,0.169781294690491
6.72908186356592,1,0.00948534115028121
0.496394959681948,1,0.481088442997219
0.814976244951675,1,0.366653100253622
0.171296296296296,1,0.678962308510818
1.48600087475497,1,0.222837984869769
0.120705767176931,1,0.728270285229519
0.351263340232822,1,0.553398853593002
0.72855474920446,1,0.393352051998465
0.398295656817373,1,0.527970765772683
1.20101096931091,1,0.273119711702692
0.117861921043131,1,0.731365077864628
0.118419924554184,1,0.730754567318302
12.7549588619762,1,0.000355066559434736
4.7423150719854,1,0.0294294431668056
0.340909090909091,1,0.559304946892258
1.54286684947463,1,0.214191584313495
0.641650463372137,1,0.42311377168915
0.603355719772691,1,0.437300523775819
2.16591636414477,1,0.141100487327763
0.203917094921817,1,0.651577485720653
0.705615579565159,1,0.400903187004771
10.768875,1,0.00103221230507045
1.18061234043881,1,0.277231370475785
0.679566187744567,1,0.409736145826029
0.504524846399188,1,0.477518662565023
6.48371986873958,1,0.010886691270631
7.30668005306752,1,0.00686987347557633
19.2173585135756,1,1.16647865936459e-05
0.171717171717172,1,0.678590190304496
1.00316417881114,1,0.316546078619386
0.996598661704201,1,0.318134934231851
0.172114656571119,1,0.678239243231068
0.73974926948817,1,0.389741207871165
10.3518227433097,1,0.00129346901812299
4.57265946502057,1,0.0324860956265427
0.118983234180638,1,0.730139880923261
0.51165980427437,1,0.474421220954595
0.562145445673868,1,0.453397099254811
7.85783533977966,1,0.00506009371919858
0.495630962444149,1,0.481426155812513
0.470112863716489,1,0.492935250545009
4.31284060765444,1,0.0378257498319103
0.118419924554184,1,0.730754567318302
0.432241774260724,1,0.51089098905761
5.43744233186333,1,0.0197095099506908
0.202938475665748,1,0.652359375013656
9.11123769394858,1,0.00254043922121183
16.0093213756091,1,6.30313841221142e-05
6.17586442887404,1,0.0129504622100134
29.0024580348445,1,7.2286517660558e-08
43.9905344733907,1,3.29967164702794e-11
0.274048442906574,1,0.600628880788515
0.98275600955015,1,0.321519337691452
0.445880768349457,1,0.504297630854606
6.8508792573572,1,0.00885976599425653
0.0754458161865569,1,0.783566694241274
0.289435101190057,1,0.590582758275806
0.274048442906574,1,0.600628880788515
0.375625773471558,1,0.539953595824319
0.751292193452886,1,0.386067422827823
0.172940868198096,1,0.677511281924434
18.1634133672358,1,2.02736410910287e-05
0.794328565924239,1,0.37279446312431
1.42029437463087,1,0.233354956538947
0.445880768349457,1,0.504297630854606
1.11385459533608,1,0.291245577338662
0.690175278158817,1,0.406104768517585
0.549878414136684,1,0.458367378301643
0.236461699711765,1,0.626773423557178
23.3653846153846,1,1.33967727788953e-06
0.118946796674996,1,0.730179592410215
0.87436644498967,1,0.349749321605695
0.236461699711765,1,0.626773423557178
0.288065843621399,1,0.591462657365329
3.7815234375,1,0.0518214583589359
55.4057321017043,1,9.80326930744013e-14
0.989261117484245,1,0.31992303090269
0.144641683103222,1,0.70370947119751
3.41894764339991,1,0.0644520869745605
36.5581439124261,1,1.48179579717578e-09
0.333794205089443,1,0.563433417783152
6.63261032634457,1,0.0100128427366981
6.47100059489375,1,0.0109648780754306
6.12591365692823,1,0.0133214422906555
0.117861921043131,1,0.731365077864628
0.280882566410219,1,0.59612333415383
1.10678603553296,1,0.292781661636002
0.172940868198096,1,0.677511281924434
21.5493845301381,1,3.44833332899253e-06
0.941464958998175,1,0.331901376257127
15.2923477665809,1,9.20888045730095e-05
10.3996474411532,1,0.00126039375979592
0.204905190311419,1,0.650790313598794
0.345351553061827,1,0.556756372380696
0.204905190311419,1,0.650790313598794
8.03021715913136,1,0.00460033236614099
0.202938475665748,1,0.652359375013656
1.34624628197501,1,0.245935420349197
0.0758031368307193,1,0.783067561963311
6.14521362898864,1,0.0131768246855054
3.17681374932083,1,0.0746902432425685
20.8384230114039,1,4.99703533984874e-06
0.0184897849514466,1,0.891839345903302
4.54523466137852,1,0.0330104971295885
0.274048442906574,1,0.600628880788515
0.443692733564014,1,0.505345494078554
15.980334412136,1,6.40038952463007e-05
0.117861921043131,1,0.731365077864628
0.0346578823297225,1,0.852314369445736
0.239931717616406,1,0.624255436244986
0.77549022134041,1,0.378523948884818
0.0924758966094692,1,0.761052850955992
50.4477508650519,1,1.22379884004431e-12
0.118419924554184,1,0.730754567318302
0.119551925932396,1,0.729520970922985
0.0393985398983314,1,0.842661195971347
0.940264643633954,1,0.332209791381315
7.19913005502664,1,0.00729389303963934
0.313278746885013,1,0.575675150015983
0.235327203893997,1,0.627601614814355
0.96,1,0.327186877790306
4.52054888862106,1,0.0334900853977875
0.314817726466162,1,0.574738773656348
2.33670914883933,1,0.126356237360895
2.31120491779215,1,0.128444448963881
0.171296296296296,1,0.678962308510818
0.1218820861678,1,0.727002112555968
0.171296296296296,1,0.678962308510818
8.84562097995259,1,0.00293792922133707
58.4875858021897,1,2.04281036531029e-14
5.46176227762789,1,0.0194370340567154
0.46281202499684,1,0.496312693679548
0.2929347828135,1,0.58834596145774
0.171296296296296,1,0.678962308510818
0.355336474243974,1,0.551107715811613
0.448090453111864,1,0.503243165352676
0.443692733564014,1,0.505345494078554
1.33815360463712,1,0.247359846372815
2.07815088936883,1,0.149421090400427
0.22395273863475,1,0.636044494768646
1.53472222222222,1,0.215405104607953
0.0306465813639628,1,0.861031191598908
11.8446121142019,1,0.00057828419736794
0.1218820861678,1,0.727002112555968
12.5850178359096,1,0.000388851323200323
0.274048442906574,1,0.600628880788515
79.2115854654527,1,0
0.143953790085109,1,0.704381623503203
3.70650491842421,1,0.0542007735070764
14.6103061307089,1,0.000132189633239133
0.669277527618193,1,0.413303607206438
0.0175715090562976,1,0.894543291354948
5.72402390684093,1,0.0167343363294639
8.97672948211633,1,0.0027343963941715
42.8247716399449,1,5.98692206921214e-11
0.555406034884323,1,0.456117165795697
1.09219892695676,1,0.295984510850826
2.431004070246,1,0.118956681892562
9.58594351385917,1,0.0019607265449354
0.215339125133364,1,0.642614453225899
0.876668649613325,1,0.349115735692165
0.159084516715615,1,0.690000782107326
0.143953790085109,1,0.704381623503203
0.118419924554184,1,0.730754567318302
0.3894146986359,1,0.532607221484386
3.23860388782332,1,0.0719219013587292
0.118419924554184,1,0.730754567318302
0.262291934786426,1,0.60854991932172
1.09530490584356,1,0.295298795023814
0.172940868198096,1,0.677511281924434
1.77307117225879,1,0.183002453545347
0.552443681616808,1,0.457320922732002
0.143953790085109,1,0.704381623503203
31.6666170488166,1,1.83041676260487e-08
0.173775044634001,1,0.676778369226918
1.41503863269597,1,0.234221749103552
0.377266690179556,1,0.539069699760457
1.49882352941176,1,0.220852469896346
0.172114656571119,1,0.678239243231068
0.257070796204154,1,0.612139736744583
0.810761532989401,1,0.367895198993216
4.52150971503273,1,0.0334712832567935
5.756818526742,1,0.0164247860778469
10.6578603854985,1,0.00109604109296313
0.400260551200557,1,0.526954728068088
1.05398100856576,1,0.304592003128939
0.425113131935506,1,0.514396654755756
0.400260551200557,1,0.526954728068088
0.00824499933941074,1,0.927649937757719
76.3711838191552,1,0
17.7052631578947,1,2.57912006556005e-05
0.247186198691255,1,0.61906336739482
0.143272405314445,1,0.705049230089236
0.117861921043131,1,0.731365077864628
11.0203154447099,1,0.000901187339126586
100.072392844795,1,0
0.471452291963359,1,0.492319803993571
10.3176716594165,1,0.00131762414002867
0.107653904537021,1,0.742831105880763
11.6190821865926,1,0.000652786058508603
6.06996215230418,1,0.0137499907076981
0.201969196978914,1,0.653136040111586
0.735979836168872,1,0.390951731157395
0.146111583472089,1,0.702279313071362
0.93545652489476,1,0.333449052871041
0.0954776013526126,1,0.757325710212382
0.120126077277436,1,0.728897788793905
0.311754722387533,1,0.57660540847686
0.208314096645121,1,0.648092018887896
0.644978038716805,1,0.421913904902807
5.70831082616777,1,0.0168847788412567
0.203917094921817,1,0.651577485720653
1.06307109234611,1,0.302515783722109
0.0786252682710996,1,0.779169121033148
0.250980296049407,1,0.616385665202082
0.77549022134041,1,0.378523948884818
49.4831026799585,1,2.00084393497946e-12
1.27051174471322,1,0.259670698898955
0.352589216382862,1,0.552651084343986
0.143953790085109,1,0.704381623503203
3.47399187576396,1,0.0623406974002418
0.569722726970884,1,0.45036911832918
0.202938475665748,1,0.652359375013656
10.3052429523128,1,0.00132652787748011
0.70484553547069,1,0.401160298359153
7.58645950978297,1,0.00588083319374533
0.118504198883279,1,0.730662502855415
6.03466270677463,1,0.0140276308741254
4.03692820490329,1,0.0445147784630685
1.47318837415066,1,0.224843313092558
4.21084722311792,1,0.0401662709774948
59.1807958477509,1,1.4432899320127e-14
0.622960726765266,1,0.42994918462651
0.980217548304388,1,0.322145102894516
0.317941439069618,1,0.57284739883216
0.171296296296296,1,0.678962308510818
0.555406034884323,1,0.456117165795697
0.23876379494482,1,0.625100396245646
1.97196048599375,1,0.16023992112151
0.118983234180638,1,0.730139880923261
62.852181565011,1,2.22044604925031e-15
21.1895423525223,1,4.1602834479626e-06
0.398295656817373,1,0.527970765772683
5.54422476586889,1,0.0185417679766413
0.336292215080094,1,0.561977284701031
1.89086110140624,1,0.169104829930854
0.143953790085109,1,0.704381623503203
1.83780001505006,1,0.175209017960395
0.202938475665748,1,0.652359375013656
1.19955982212607,1,0.273409673412328
0.18963289545196,1,0.663222331179927
4.88900612324035,1,0.027028241126326
3.94285827210872,1,0.0470707357812901
0.0954776013526126,1,0.757325710212382
0.000836572020073323,1,0.976925559495222
0.498866213151928,1,0.479998722325441
0.172940868198096,1,0.677511281924434
33.7637797276089,1,6.22267048999703e-09
3.7631509945186,1,0.0523937557421167
2.09339820091312,1,0.147936685920956
0.313278746885013,1,0.575675150015983
0.641650463372137,1,0.42311377168915
1.49882352941176,1,0.220852469896346
0.289546761571095,1,0.590511122571517
27.4407859283909,1,1.61978774837479e-07
0.429951815300575,1,0.512012592685
0.501362148302466,1,0.47890221675332
0.864395344914826,1,0.352511601624489
0.00379819969610951,1,0.950857855390816
68.9128327083143,1,1.11022302462516e-16
1.48600087475497,1,0.222837984869769
1.48554333826114,1,0.222909225605367
0.237607176706562,1,0.625939704532432
0.143953790085109,1,0.704381623503203
0.326028450595925,1,0.568007091941559
17.6067211477284,1,2.71626657684099e-05
0.549878414136684,1,0.458367378301643
0.237607176706562,1,0.625939704532432
0.118419924554184,1,0.730754567318302
0.237607176706562,1,0.625939704532432
0.274048442906574,1,0.600628880788515
0.509001790932227,1,0.475571292700334
2.55362523592455,1,0.11004149834783
1.07890051931486,1,0.298943647564825
24.9225003767136,1,5.96817839371155e-07
0.427209152732804,1,0.51336156155798
5.98317917976409,1,0.0144429447931756
0.0538229938428544,1,0.816539698035444
0.235327203893997,1,0.627601614814355
0.172114656571119,1,0.678239243231068
1.84655661092518,1,0.174184412579318
0.118419924554184,1,0.730754567318302
0.724897959183674,1,0.394541974238978
13.5913177195927,1,0.00022723406424896
2.93340603304599,1,0.0867642662182807
0.728055321302074,1,0.393514261688105
0.172114656571119,1,0.678239243231068
1.31192437109438,1,0.252046532888187
1.52695150531819,1,0.216570546636667
0.414160154419895,1,0.519865491972904
0.143272405314445,1,0.705049230089236
0.554877283106885,1,0.45633165850514
12.0570446296786,1,0.000515970255242637
3.458489653319,1,0.0629277703024659
2.91357056404534,1,0.0878372127095044
15.355327203894,1,8.90694330332176e-05
0.235327203893997,1,0.627601614814355
0.172940868198096,1,0.677511281924434
0.347509668277743,1,0.555526243029463
30.8856235167299,1,2.73691753704952e-08
66.6377239854163,1,3.33066907387547e-16
0.118419924554184,1,0.730754567318302
0.96,1,0.327186877790306
0.143953790085109,1,0.704381623503203
17.3604995834651,1,3.09185407217916e-05
0.0209694970977714,1,0.884862083409967
0.448090453111864,1,0.503243165352676
0.481466055810079,1,0.48775900300286
0.351880392038568,1,0.553050611047318
1.78512396694215,1,0.181521389526096
0.237607176706562,1,0.625939704532432
0.940264643633954,1,0.332209791381315
0.237607176706562,1,0.625939704532432
0.235327203893997,1,0.627601614814355
0.606371882086168,1,0.436157140100994
0.0118413553884147,1,0.913346852989871
0.202938475665748,1,0.652359375013656
0.201969196978914,1,0.653136040111586
0.00478458049886623,1,0.944853775390433
5.41312003526125,1,0.0199859637833921
6.67328169766054,1,0.00978688185988075
1.51165618878881,1,0.218886540501116
0.271406914763558,1,0.602389559742499
0.202938475665748,1,0.652359375013656
0.124304835517014,1,0.72441164969308
0.767253352188076,1,0.381068093257904
0.235327203893997,1,0.627601614814355
