param,mean,median,ci_0.950_LB,ci_0.950_UB
q_ind_0_pop_0,0.391345,0.397653,0.332698,0.429447
q_ind_1_pop_0,0.380282,0.384031,0.325084,0.419853
q_ind_2_pop_0,0.364181,0.367792,0.310039,0.403522
q_ind_3_pop_0,0.375367,0.375859,0.327354,0.418939
q_ind_4_pop_0,0.400073,0.405400,0.311657,0.439077
q_ind_5_pop_0,0.385011,0.387411,0.336152,0.426465
q_ind_6_pop_0,0.382558,0.385454,0.330959,0.420445
q_ind_7_pop_0,0.379240,0.381868,0.332451,0.409981
q_ind_8_pop_0,0.347134,0.356486,0.271388,0.397984
q_ind_9_pop_0,0.398486,0.404649,0.330252,0.441698
q_ind_10_pop_0,0.377421,0.379408,0.323902,0.430013
q_ind_11_pop_0,0.376303,0.377830,0.321048,0.422982
q_ind_12_pop_0,0.165203,0.172780,0.034802,0.248176
q_ind_13_pop_0,0.132695,0.141968,0.000709,0.215160
q_ind_14_pop_0,0.168908,0.192994,0.002343,0.250977
q_ind_15_pop_0,0.181442,0.193545,0.002593,0.272634
q_ind_16_pop_0,0.149811,0.166010,0.000466,0.228108
q_ind_17_pop_0,0.172331,0.188815,0.028544,0.242174
q_ind_18_pop_0,0.170907,0.179964,0.000791,0.255009
q_ind_19_pop_0,0.180743,0.186118,0.068818,0.237829
q_ind_20_pop_0,0.409426,0.416699,0.305811,0.455567
q_ind_21_pop_0,0.378164,0.383414,0.287375,0.414608
q_ind_22_pop_0,0.397910,0.402451,0.314720,0.431352
q_ind_23_pop_0,0.409569,0.418823,0.289000,0.452399
q_ind_24_pop_0,0.392365,0.421780,0.158070,0.448646
q_ind_25_pop_0,0.371078,0.376401,0.290233,0.409138
q_ind_26_pop_0,0.406963,0.413423,0.321448,0.441255
q_ind_27_pop_0,0.405399,0.411216,0.319290,0.439817
q_ind_28_pop_0,0.382533,0.390952,0.294907,0.423472
q_ind_29_pop_0,0.401239,0.406521,0.319704,0.439494
q_ind_30_pop_0,0.350281,0.442005,0.000675,0.468426
q_ind_31_pop_0,0.362961,0.444055,0.064439,0.498885
q_ind_32_pop_0,0.353456,0.432559,0.080212,0.458100
q_ind_33_pop_0,0.330058,0.430009,0.033283,0.457900
q_ind_34_pop_0,0.332788,0.424565,0.072334,0.451809
q_ind_35_pop_0,0.335428,0.444533,0.000003,0.466424
q_ind_36_pop_0,0.343762,0.416456,0.071747,0.447522
q_ind_37_pop_0,0.353112,0.454995,0.000061,0.476635
q_ind_38_pop_0,0.281039,0.345154,0.070441,0.388264
q_ind_39_pop_0,0.309804,0.379438,0.001459,0.436585
q_ind_40_pop_0,0.344551,0.391722,0.112379,0.428400
q_ind_41_pop_0,0.001761,0.000159,0.000000,0.013336
q_ind_42_pop_0,0.007306,0.001060,0.000000,0.048207
q_ind_43_pop_0,0.007056,0.000488,0.000000,0.053983
q_ind_44_pop_0,0.008909,0.001688,0.000000,0.054773
q_ind_45_pop_0,0.004363,0.000394,0.000000,0.035787
q_ind_46_pop_0,0.009750,0.001618,0.000000,0.062533
q_ind_47_pop_0,0.002407,0.000222,0.000000,0.015936
q_ind_48_pop_0,0.010046,0.001048,0.000000,0.062019
q_ind_49_pop_0,0.002659,0.000248,0.000000,0.018582
q_ind_50_pop_0,0.042018,0.045558,0.000000,0.079719
q_ind_51_pop_0,0.032242,0.036431,0.000000,0.063289
q_ind_52_pop_0,0.023124,0.010534,0.000000,0.073772
q_ind_53_pop_0,0.049137,0.052496,0.000007,0.088337
q_ind_54_pop_0,0.052218,0.059648,0.000000,0.095094
q_ind_55_pop_0,0.008036,0.001601,0.000000,0.040647
q_ind_56_pop_0,0.111697,0.117007,0.001437,0.156468
q_ind_57_pop_0,0.025066,0.023127,0.000000,0.066861
q_ind_58_pop_0,0.062960,0.068195,0.000011,0.108361
q_ind_59_pop_0,0.039519,0.042762,0.000002,0.076267
q_ind_60_pop_0,0.025980,0.018048,0.000000,0.080023
q_ind_61_pop_0,0.058086,0.062361,0.000001,0.106580
q_ind_62_pop_0,0.001011,0.000074,0.000000,0.008277
q_ind_63_pop_0,0.002219,0.000176,0.000000,0.016365
q_ind_64_pop_0,0.005114,0.000546,0.000000,0.037528
q_ind_65_pop_0,0.005446,0.000190,0.000000,0.047757
q_ind_66_pop_0,0.019965,0.006164,0.000000,0.072363
q_ind_67_pop_0,0.067787,0.078805,0.000000,0.137479
q_ind_68_pop_0,0.119009,0.122973,0.030960,0.202139
q_ind_69_pop_0,0.047579,0.052076,0.000000,0.116865
q_ind_70_pop_0,0.084316,0.102842,0.000009,0.139696
q_ind_71_pop_0,0.081000,0.106823,0.000000,0.150761
q_ind_72_pop_0,0.074356,0.081367,0.000940,0.140612
q_ind_73_pop_0,0.115236,0.138278,0.000006,0.187699
q_ind_74_pop_0,0.076817,0.090949,0.000000,0.154631
q_ind_75_pop_0,0.076643,0.099264,0.000000,0.142490
q_ind_76_pop_0,0.418835,0.420351,0.378568,0.450753
q_ind_77_pop_0,0.428031,0.429238,0.379255,0.465667
q_ind_78_pop_0,0.431721,0.434574,0.370157,0.476025
q_ind_79_pop_0,0.437776,0.438754,0.399654,0.470135
q_ind_80_pop_0,0.397597,0.398929,0.350520,0.433872
q_ind_81_pop_0,0.412901,0.415312,0.361881,0.450487
q_ind_82_pop_0,0.420186,0.420625,0.374694,0.464074
q_ind_83_pop_0,0.442009,0.444806,0.383200,0.473886
q_ind_84_pop_0,0.414713,0.416112,0.379626,0.443569
q_ind_85_pop_0,0.428731,0.430426,0.390387,0.465153
q_ind_86_pop_0,0.410332,0.411146,0.374638,0.443221
q_ind_87_pop_0,0.207299,0.242709,0.015681,0.338103
q_ind_88_pop_0,0.172194,0.168397,0.044967,0.306972
q_ind_89_pop_0,0.186014,0.213080,0.000001,0.329135
q_ind_90_pop_0,0.191601,0.208514,0.003636,0.333157
q_ind_91_pop_0,0.164351,0.136732,0.000010,0.308312
q_ind_92_pop_0,0.159799,0.136308,0.003589,0.293921
q_ind_93_pop_0,0.176119,0.179137,0.079566,0.281540
q_ind_94_pop_0,0.178023,0.182059,0.002001,0.347703
q_ind_95_pop_0,0.001028,0.000119,0.000000,0.007114
q_ind_96_pop_0,0.002535,0.000228,0.000000,0.018624
q_ind_97_pop_0,0.134309,0.141543,0.000069,0.183213
q_ind_98_pop_0,0.123092,0.128329,0.045331,0.167505
q_ind_99_pop_0,0.001133,0.000095,0.000000,0.008870
q_ind_100_pop_0,0.001224,0.000072,0.000000,0.011225
q_ind_101_pop_0,0.000495,0.000038,0.000000,0.003966
q_ind_102_pop_0,0.001981,0.000245,0.000000,0.013384
q_ind_103_pop_0,0.000790,0.000068,0.000000,0.006029
q_ind_104_pop_0,0.079569,0.087773,0.000001,0.125827
q_ind_105_pop_0,0.005322,0.001145,0.000000,0.028328
q_ind_106_pop_0,0.248346,0.277189,0.116763,0.327873
q_ind_107_pop_0,0.274918,0.300779,0.150970,0.362188
q_ind_108_pop_0,0.255584,0.272586,0.100864,0.340071
q_ind_109_pop_0,0.220090,0.227428,0.125311,0.303093
q_ind_110_pop_0,0.259905,0.278634,0.141256,0.327405
q_ind_111_pop_0,0.229017,0.256054,0.077734,0.315144
q_ind_112_pop_0,0.266059,0.287599,0.103547,0.361106
q_ind_113_pop_0,0.280887,0.299736,0.124578,0.390999
q_ind_114_pop_0,0.005737,0.000472,0.000000,0.039188
q_ind_115_pop_0,0.001681,0.000143,0.000000,0.012649
q_ind_116_pop_0,0.002048,0.000175,0.000000,0.015013
q_ind_117_pop_0,0.011822,0.007749,0.000000,0.040688
q_ind_118_pop_0,0.005546,0.001115,0.000000,0.029462
q_ind_119_pop_0,0.000800,0.000057,0.000000,0.006458
q_ind_120_pop_0,0.010395,0.008690,0.000000,0.032606
q_ind_121_pop_0,0.000788,0.000071,0.000000,0.006094
q_ind_122_pop_0,0.004118,0.000730,0.000000,0.025567
q_ind_123_pop_0,0.043054,0.039173,0.000001,0.104502
q_ind_124_pop_0,0.400150,0.406602,0.317262,0.436406
q_ind_125_pop_0,0.404088,0.415348,0.290196,0.466480
q_ind_126_pop_0,0.400999,0.406661,0.312665,0.435039
q_ind_127_pop_0,0.365395,0.395627,0.210268,0.430177
q_ind_128_pop_0,0.414519,0.418095,0.311842,0.477163
q_ind_129_pop_0,0.391135,0.395269,0.317067,0.449427
q_ind_130_pop_0,0.351677,0.357680,0.277773,0.386380
q_ind_131_pop_0,0.337908,0.345726,0.244539,0.389590
q_ind_132_pop_0,0.354204,0.371243,0.103812,0.408678
q_ind_133_pop_0,0.395985,0.403813,0.280968,0.433379
q_ind_134_pop_0,0.382834,0.388366,0.262574,0.442933
q_ind_135_pop_0,0.383888,0.394168,0.258733,0.446479
q_ind_136_pop_0,0.413278,0.419550,0.311147,0.462969
q_ind_137_pop_0,0.410516,0.424875,0.265629,0.451659
q_ind_138_pop_0,0.382355,0.392190,0.272468,0.418770
q_ind_139_pop_0,0.370797,0.384375,0.161104,0.419714
q_ind_140_pop_0,0.401614,0.402143,0.299525,0.466465
q_ind_141_pop_0,0.302791,0.330325,0.049754,0.366187
q_ind_142_pop_0,0.382695,0.389865,0.299810,0.418192
q_ind_143_pop_0,0.373021,0.390315,0.081243,0.420884
q_ind_144_pop_0,0.000631,0.000049,0.000000,0.005002
q_ind_145_pop_0,0.042694,0.042071,0.000545,0.086229
q_ind_146_pop_0,0.010337,0.001336,0.000000,0.056143
q_ind_147_pop_0,0.014436,0.012956,0.000000,0.039127
q_ind_148_pop_0,0.024097,0.022444,0.000000,0.071157
q_ind_149_pop_0,0.003993,0.000571,0.000000,0.025315
q_ind_150_pop_0,0.001435,0.000122,0.000000,0.010601
q_ind_151_pop_0,0.013000,0.002669,0.000000,0.053358
q_ind_152_pop_0,0.005705,0.000462,0.000000,0.034614
q_ind_153_pop_0,0.007513,0.002005,0.000000,0.034167
q_ind_154_pop_0,0.154749,0.158875,0.079906,0.202681
q_ind_155_pop_0,0.359584,0.359368,0.323188,0.398938
q_ind_156_pop_0,0.372346,0.369470,0.338110,0.428628
q_ind_157_pop_0,0.400328,0.399932,0.362766,0.440619
q_ind_158_pop_0,0.403824,0.403707,0.371918,0.438757
q_ind_159_pop_0,0.371741,0.370995,0.332480,0.424375
q_ind_160_pop_0,0.383632,0.385251,0.341009,0.417248
q_ind_161_pop_0,0.388192,0.387341,0.355468,0.430250
q_ind_162_pop_0,0.384978,0.383983,0.337410,0.448702
q_ind_163_pop_0,0.385864,0.384158,0.348751,0.442721
q_ind_164_pop_0,0.375073,0.385327,0.260395,0.442740
q_ind_165_pop_0,0.386951,0.409643,0.213161,0.444626
q_ind_166_pop_0,0.385284,0.390044,0.221098,0.492113
q_ind_167_pop_0,0.303718,0.307047,0.194623,0.362110
q_ind_168_pop_0,0.360894,0.364498,0.295938,0.403202
q_ind_169_pop_0,0.401108,0.403597,0.298795,0.457333
q_ind_170_pop_0,0.404630,0.410395,0.296934,0.445923
q_ind_171_pop_0,0.365925,0.379465,0.093905,0.411578
q_ind_172_pop_0,0.370956,0.376489,0.288526,0.403281
q_ind_173_pop_0,0.387728,0.408237,0.127668,0.433500
q_ind_174_pop_0,0.375511,0.392872,0.220719,0.423639
q_ind_175_pop_0,0.383063,0.383511,0.346833,0.418558
q_ind_176_pop_0,0.408352,0.406710,0.360121,0.464753
q_ind_177_pop_0,0.416172,0.414656,0.373742,0.471401
q_ind_178_pop_0,0.394692,0.386361,0.339419,0.461146
q_ind_179_pop_0,0.434513,0.434427,0.382156,0.487413
q_ind_180_pop_0,0.365635,0.368092,0.314005,0.403914
q_ind_181_pop_0,0.413194,0.415855,0.337959,0.456615
q_ind_182_pop_0,0.399361,0.397156,0.366346,0.443034
q_ind_183_pop_0,0.395796,0.398068,0.344456,0.442954
q_ind_184_pop_0,0.221904,0.267572,0.006280,0.341813
q_ind_185_pop_0,0.178946,0.208718,0.000181,0.255410
q_ind_186_pop_0,0.184800,0.218355,0.011900,0.253545
q_ind_187_pop_0,0.163818,0.183586,0.000238,0.244873
q_ind_188_pop_0,0.181201,0.202361,0.000005,0.254105
q_ind_189_pop_0,0.184251,0.207009,0.005143,0.276201
q_ind_190_pop_0,0.179057,0.219639,0.000098,0.261793
q_ind_191_pop_0,0.293834,0.286820,0.133010,0.432583
q_ind_192_pop_0,0.234846,0.206102,0.070134,0.409969
q_ind_193_pop_0,0.117425,0.000441,0.000000,0.353273
q_ind_194_pop_0,0.243388,0.221518,0.097027,0.403935
q_ind_195_pop_0,0.103809,0.000332,0.000000,0.326933
q_ind_196_pop_0,0.113922,0.000338,0.000000,0.348312
q_ind_197_pop_0,0.129397,0.044006,0.000000,0.360316
q_ind_198_pop_0,0.265190,0.248026,0.085447,0.445859
q_ind_199_pop_0,0.100489,0.000652,0.000000,0.347349
q_ind_200_pop_0,0.123426,0.127250,0.050353,0.183118
q_ind_201_pop_0,0.262854,0.242477,0.089062,0.427821
q_ind_202_pop_0,0.381297,0.419233,0.232235,0.469191
q_ind_203_pop_0,0.400645,0.424244,0.291597,0.454248
q_ind_204_pop_0,0.365291,0.392184,0.238864,0.443944
q_ind_205_pop_0,0.372543,0.401388,0.257051,0.433321
q_ind_206_pop_0,0.346795,0.382203,0.172094,0.442905
q_ind_207_pop_0,0.284614,0.299452,0.157222,0.346755
q_ind_208_pop_0,0.371274,0.399187,0.261524,0.440083
q_ind_209_pop_0,0.327251,0.341369,0.216785,0.398573
q_ind_210_pop_0,0.366513,0.395564,0.252750,0.436994
q_ind_211_pop_0,0.158155,0.168060,0.045267,0.230283
q_ind_212_pop_0,0.347759,0.384100,0.124125,0.422569
q_ind_213_pop_0,0.370370,0.406281,0.125973,0.436895
q_ind_214_pop_0,0.369425,0.399036,0.151736,0.434248
q_ind_215_pop_0,0.359866,0.392672,0.089324,0.426363
q_ind_216_pop_0,0.363498,0.406044,0.045719,0.446202
q_ind_217_pop_0,0.363522,0.403276,0.075792,0.433632
q_ind_218_pop_0,0.343748,0.389966,0.077102,0.421807
q_ind_219_pop_0,0.386835,0.422346,0.161213,0.452414
q_ind_220_pop_0,0.319510,0.352779,0.093619,0.398511
q_ind_221_pop_0,0.343961,0.386891,0.077843,0.423991
q_ind_222_pop_0,0.211670,0.213250,0.158308,0.259751
q_ind_223_pop_0,0.201990,0.208339,0.120359,0.249666
q_ind_224_pop_0,0.197125,0.199554,0.134908,0.250216
q_ind_225_pop_0,0.229713,0.229437,0.184936,0.274086
q_ind_226_pop_0,0.237201,0.239840,0.159762,0.309718
q_ind_227_pop_0,0.238371,0.241973,0.172872,0.284164
q_ind_228_pop_0,0.213000,0.221557,0.127415,0.275551
q_ind_229_pop_0,0.234692,0.240248,0.140163,0.297968
q_ind_230_pop_0,0.207001,0.204588,0.136008,0.280875
q_ind_231_pop_0,0.213932,0.217166,0.143014,0.271350
q_ind_232_pop_0,0.213769,0.222467,0.099285,0.272922
q_ind_233_pop_0,0.010855,0.001146,0.000000,0.061205
q_ind_234_pop_0,0.045419,0.053239,0.000000,0.084649
q_ind_235_pop_0,0.032679,0.039248,0.000000,0.078429
q_ind_236_pop_0,0.023046,0.011929,0.000000,0.084549
q_ind_237_pop_0,0.022270,0.014421,0.000000,0.086287
q_ind_238_pop_0,0.037545,0.033668,0.000000,0.101391
q_ind_239_pop_0,0.039058,0.039171,0.000000,0.089689
q_ind_240_pop_0,0.065187,0.068569,0.000548,0.117523
q_ind_241_pop_0,0.027887,0.020132,0.000000,0.078052
q_ind_242_pop_0,0.037071,0.032706,0.000000,0.098761
q_ind_243_pop_0,0.035358,0.042277,0.000000,0.079640
q_ind_244_pop_0,0.010508,0.003215,0.000000,0.045482
q_ind_0_pop_1,0.001101,0.000125,0.000000,0.007947
q_ind_1_pop_1,0.001929,0.000223,0.000000,0.012809
q_ind_2_pop_1,0.001501,0.000173,0.000000,0.010277
q_ind_3_pop_1,0.003183,0.000386,0.000000,0.021115
q_ind_4_pop_1,0.005875,0.000959,0.000000,0.033812
q_ind_5_pop_1,0.001412,0.000144,0.000000,0.010403
q_ind_6_pop_1,0.001031,0.000067,0.000000,0.009030
q_ind_7_pop_1,0.001644,0.000141,0.000000,0.012423
q_ind_8_pop_1,0.001458,0.000126,0.000000,0.011133
q_ind_9_pop_1,0.000787,0.000069,0.000000,0.005706
q_ind_10_pop_1,0.003915,0.000695,0.000000,0.022212
q_ind_11_pop_1,0.003248,0.000382,0.000000,0.021986
q_ind_12_pop_1,0.274790,0.272570,0.220767,0.334898
q_ind_13_pop_1,0.286784,0.287510,0.235377,0.332349
q_ind_14_pop_1,0.259006,0.259664,0.222801,0.293144
q_ind_15_pop_1,0.255156,0.252223,0.214320,0.308424
q_ind_16_pop_1,0.290308,0.289958,0.251560,0.330054
q_ind_17_pop_1,0.294304,0.294420,0.244830,0.344474
q_ind_18_pop_1,0.279919,0.280253,0.233310,0.326259
q_ind_19_pop_1,0.209821,0.209113,0.171085,0.252417
q_ind_20_pop_1,0.015189,0.011739,0.000000,0.047573
q_ind_21_pop_1,0.007744,0.003709,0.000000,0.031647
q_ind_22_pop_1,0.003006,0.000594,0.000000,0.017459
q_ind_23_pop_1,0.023732,0.021856,0.000000,0.061720
q_ind_24_pop_1,0.049000,0.048017,0.021426,0.081986
q_ind_25_pop_1,0.003743,0.000518,0.000000,0.022968
q_ind_26_pop_1,0.012604,0.007069,0.000000,0.043991
q_ind_27_pop_1,0.004667,0.001035,0.000000,0.024384
q_ind_28_pop_1,0.009805,0.006136,0.000000,0.038103
q_ind_29_pop_1,0.017659,0.016527,0.000000,0.046670
q_ind_30_pop_1,0.001476,0.000134,0.000000,0.011016
q_ind_31_pop_1,0.003152,0.000236,0.000000,0.025809
q_ind_32_pop_1,0.002002,0.000226,0.000000,0.014592
q_ind_33_pop_1,0.000740,0.000063,0.000000,0.005423
q_ind_34_pop_1,0.002692,0.000330,0.000000,0.018206
q_ind_35_pop_1,0.000612,0.000045,0.000000,0.004834
q_ind_36_pop_1,0.007829,0.002997,0.000000,0.028775
q_ind_37_pop_1,0.000644,0.000048,0.000000,0.005093
q_ind_38_pop_1,0.029621,0.033699,0.000000,0.071951
q_ind_39_pop_1,0.009505,0.002699,0.000000,0.041978
q_ind_40_pop_1,0.001401,0.000094,0.000000,0.012046
q_ind_41_pop_1,0.344387,0.363930,0.205940,0.422163
q_ind_42_pop_1,0.327541,0.345836,0.200405,0.384098
q_ind_43_pop_1,0.350661,0.365907,0.204307,0.434277
q_ind_44_pop_1,0.347533,0.368939,0.194035,0.424079
q_ind_45_pop_1,0.327376,0.345839,0.209820,0.394778
q_ind_46_pop_1,0.319218,0.334223,0.177202,0.390424
q_ind_47_pop_1,0.339966,0.357931,0.214391,0.403520
q_ind_48_pop_1,0.326559,0.344623,0.171712,0.396951
q_ind_49_pop_1,0.350300,0.368856,0.225008,0.416012
q_ind_50_pop_1,0.450462,0.449938,0.416888,0.491594
q_ind_51_pop_1,0.461306,0.460030,0.434850,0.497411
q_ind_52_pop_1,0.467520,0.470595,0.420724,0.499788
q_ind_53_pop_1,0.464140,0.464545,0.422760,0.498921
q_ind_54_pop_1,0.490480,0.493814,0.464019,0.500265
q_ind_55_pop_1,0.454076,0.452655,0.421910,0.493180
q_ind_56_pop_1,0.311218,0.311615,0.260212,0.363221
q_ind_57_pop_1,0.473121,0.476259,0.432366,0.499994
q_ind_58_pop_1,0.431311,0.431206,0.394648,0.471738
q_ind_59_pop_1,0.451073,0.448082,0.414331,0.497864
q_ind_60_pop_1,0.482948,0.488819,0.431261,0.500019
q_ind_61_pop_1,0.440117,0.439628,0.396364,0.489415
q_ind_62_pop_1,0.000686,0.000055,0.000000,0.005352
q_ind_63_pop_1,0.000784,0.000055,0.000000,0.006423
q_ind_64_pop_1,0.003145,0.000552,0.000000,0.019139
q_ind_65_pop_1,0.000522,0.000041,0.000000,0.003902
q_ind_66_pop_1,0.000699,0.000053,0.000000,0.005504
q_ind_67_pop_1,0.215147,0.236840,0.093908,0.281132
q_ind_68_pop_1,0.220137,0.231496,0.122367,0.280078
q_ind_69_pop_1,0.238325,0.258326,0.126258,0.302686
q_ind_70_pop_1,0.193888,0.223765,0.058949,0.269681
q_ind_71_pop_1,0.185295,0.208648,0.064177,0.253190
q_ind_72_pop_1,0.203863,0.229102,0.052819,0.273513
q_ind_73_pop_1,0.208314,0.233159,0.051299,0.280853
q_ind_74_pop_1,0.181655,0.199207,0.076989,0.243895
q_ind_75_pop_1,0.212898,0.234397,0.071785,0.282639
q_ind_76_pop_1,0.002983,0.000238,0.000000,0.022277
q_ind_77_pop_1,0.001068,0.000081,0.000000,0.008309
q_ind_78_pop_1,0.002238,0.000235,0.000000,0.014866
q_ind_79_pop_1,0.000988,0.000090,0.000000,0.007574
q_ind_80_pop_1,0.031495,0.033379,0.000000,0.067804
q_ind_81_pop_1,0.001887,0.000182,0.000000,0.013697
q_ind_82_pop_1,0.001900,0.000161,0.000000,0.014065
q_ind_83_pop_1,0.001010,0.000074,0.000000,0.008057
q_ind_84_pop_1,0.001584,0.000153,0.000000,0.012770
q_ind_85_pop_1,0.002060,0.000197,0.000000,0.015142
q_ind_86_pop_1,0.003465,0.000494,0.000000,0.021158
q_ind_87_pop_1,0.013562,0.005021,0.000000,0.051979
q_ind_88_pop_1,0.029911,0.030126,0.000017,0.061683
q_ind_89_pop_1,0.055193,0.050313,0.016592,0.109700
q_ind_90_pop_1,0.059720,0.056017,0.026271,0.105410
q_ind_91_pop_1,0.039076,0.040153,0.000000,0.090465
q_ind_92_pop_1,0.056297,0.055565,0.028359,0.087815
q_ind_93_pop_1,0.063292,0.063239,0.016547,0.108598
q_ind_94_pop_1,0.020225,0.019020,0.000000,0.054668
q_ind_95_pop_1,0.216682,0.226684,0.124500,0.258386
q_ind_96_pop_1,0.195667,0.204584,0.107182,0.238704
q_ind_97_pop_1,0.125922,0.133286,0.054003,0.173741
q_ind_98_pop_1,0.091268,0.102419,0.000001,0.143197
q_ind_99_pop_1,0.146819,0.164570,0.028447,0.203443
q_ind_100_pop_1,0.159999,0.172920,0.016315,0.206982
q_ind_101_pop_1,0.160361,0.172743,0.057714,0.205360
q_ind_102_pop_1,0.152195,0.163087,0.055520,0.198881
q_ind_103_pop_1,0.120981,0.131758,0.024004,0.163452
q_ind_104_pop_1,0.143361,0.144733,0.100867,0.178680
q_ind_105_pop_1,0.198127,0.203079,0.125807,0.244451
q_ind_106_pop_1,0.064106,0.080965,0.000000,0.131053
q_ind_107_pop_1,0.068166,0.076195,0.000001,0.124471
q_ind_108_pop_1,0.059962,0.064403,0.000001,0.131827
q_ind_109_pop_1,0.067560,0.079850,0.000002,0.126283
q_ind_110_pop_1,0.078608,0.092620,0.000001,0.137527
q_ind_111_pop_1,0.080047,0.083871,0.018423,0.133322
q_ind_112_pop_1,0.067976,0.074024,0.000017,0.131251
q_ind_113_pop_1,0.071286,0.069077,0.021811,0.126961
q_ind_114_pop_1,0.264075,0.270065,0.184463,0.309759
q_ind_115_pop_1,0.239769,0.243672,0.175869,0.281105
q_ind_116_pop_1,0.259341,0.266746,0.179740,0.306512
q_ind_117_pop_1,0.254195,0.259743,0.185425,0.297472
q_ind_118_pop_1,0.235878,0.242015,0.155700,0.283570
q_ind_119_pop_1,0.232762,0.241352,0.145332,0.276161
q_ind_120_pop_1,0.232188,0.238891,0.155297,0.277492
q_ind_121_pop_1,0.239388,0.245811,0.162299,0.284310
q_ind_122_pop_1,0.238930,0.246817,0.158064,0.283169
q_ind_123_pop_1,0.286809,0.289486,0.232216,0.328156
q_ind_124_pop_1,0.002013,0.000215,0.000000,0.013313
q_ind_125_pop_1,0.029382,0.027248,0.000000,0.080502
q_ind_126_pop_1,0.004582,0.000494,0.000000,0.028221
q_ind_127_pop_1,0.003162,0.000225,0.000000,0.026345
q_ind_128_pop_1,0.001584,0.000144,0.000000,0.011620
q_ind_129_pop_1,0.005407,0.000912,0.000000,0.028454
q_ind_130_pop_1,0.004829,0.000619,0.000000,0.030341
q_ind_131_pop_1,0.010860,0.004331,0.000000,0.046046
q_ind_132_pop_1,0.017709,0.013526,0.000000,0.053643
q_ind_133_pop_1,0.010974,0.008654,0.000000,0.033919
q_ind_134_pop_1,0.029961,0.030632,0.000002,0.063815
q_ind_135_pop_1,0.013618,0.011460,0.000000,0.040537
q_ind_136_pop_1,0.018677,0.010685,0.000000,0.056382
q_ind_137_pop_1,0.005242,0.001343,0.000000,0.026844
q_ind_138_pop_1,0.045795,0.049914,0.005298,0.077932
q_ind_139_pop_1,0.035443,0.037153,0.000002,0.070173
q_ind_140_pop_1,0.036113,0.038436,0.000002,0.072409
q_ind_141_pop_1,0.088566,0.087727,0.050922,0.142618
q_ind_142_pop_1,0.010783,0.007562,0.000000,0.036570
q_ind_143_pop_1,0.002697,0.000221,0.000000,0.019080
q_ind_144_pop_1,0.000391,0.000025,0.000000,0.003259
q_ind_145_pop_1,0.001134,0.000103,0.000000,0.008514
q_ind_146_pop_1,0.000829,0.000076,0.000000,0.006004
q_ind_147_pop_1,0.002482,0.000300,0.000000,0.016443
q_ind_148_pop_1,0.050684,0.050391,0.019554,0.081886
q_ind_149_pop_1,0.000977,0.000077,0.000000,0.007286
q_ind_150_pop_1,0.000924,0.000069,0.000000,0.007145
q_ind_151_pop_1,0.000758,0.000062,0.000000,0.005654
q_ind_152_pop_1,0.000597,0.000037,0.000000,0.005101
q_ind_153_pop_1,0.001010,0.000096,0.000000,0.007762
q_ind_154_pop_1,0.015562,0.006830,0.000000,0.059004
q_ind_155_pop_1,0.001136,0.000108,0.000000,0.008322
q_ind_156_pop_1,0.001649,0.000180,0.000000,0.011822
q_ind_157_pop_1,0.001710,0.000147,0.000000,0.012095
q_ind_158_pop_1,0.001365,0.000135,0.000000,0.009973
q_ind_159_pop_1,0.000643,0.000055,0.000000,0.004953
q_ind_160_pop_1,0.000636,0.000051,0.000000,0.004918
q_ind_161_pop_1,0.001286,0.000158,0.000000,0.008647
q_ind_162_pop_1,0.000588,0.000041,0.000000,0.004526
q_ind_163_pop_1,0.001326,0.000122,0.000000,0.009675
q_ind_164_pop_1,0.014362,0.008291,0.000000,0.051502
q_ind_165_pop_1,0.006723,0.001224,0.000000,0.034986
q_ind_166_pop_1,0.003310,0.000408,0.000000,0.021986
q_ind_167_pop_1,0.079757,0.078157,0.049225,0.117722
q_ind_168_pop_1,0.005469,0.000711,0.000000,0.033296
q_ind_169_pop_1,0.039311,0.036358,0.000014,0.093063
q_ind_170_pop_1,0.011532,0.006824,0.000000,0.048334
q_ind_171_pop_1,0.013740,0.008413,0.000000,0.048585
q_ind_172_pop_1,0.061771,0.060910,0.037990,0.094101
q_ind_173_pop_1,0.020679,0.020165,0.000000,0.054367
q_ind_174_pop_1,0.023268,0.024240,0.000000,0.053180
q_ind_175_pop_1,0.013765,0.006874,0.000000,0.050282
q_ind_176_pop_1,0.001878,0.000192,0.000000,0.012492
q_ind_177_pop_1,0.001383,0.000161,0.000000,0.009338
q_ind_178_pop_1,0.000942,0.000081,0.000000,0.006706
q_ind_179_pop_1,0.000823,0.000063,0.000000,0.006877
q_ind_180_pop_1,0.010174,0.003468,0.000000,0.044065
q_ind_181_pop_1,0.002111,0.000271,0.000000,0.014114
q_ind_182_pop_1,0.004899,0.000677,0.000000,0.028163
q_ind_183_pop_1,0.017291,0.013461,0.000000,0.056560
q_ind_184_pop_1,0.029974,0.023220,0.000000,0.093184
q_ind_185_pop_1,0.113237,0.142299,0.000001,0.191618
q_ind_186_pop_1,0.122739,0.140319,0.035104,0.182914
q_ind_187_pop_1,0.138387,0.171416,0.028308,0.222054
q_ind_188_pop_1,0.066841,0.077940,0.000000,0.140581
q_ind_189_pop_1,0.119399,0.152428,0.002666,0.210463
q_ind_190_pop_1,0.097223,0.129485,0.000000,0.179296
q_ind_191_pop_1,0.004574,0.000426,0.000000,0.031528
q_ind_192_pop_1,0.000957,0.000087,0.000000,0.006977
q_ind_193_pop_1,0.000184,0.000014,0.000000,0.001458
q_ind_194_pop_1,0.000385,0.000034,0.000000,0.002985
q_ind_195_pop_1,0.000241,0.000019,0.000000,0.001906
q_ind_196_pop_1,0.000258,0.000022,0.000000,0.001994
q_ind_197_pop_1,0.000228,0.000018,0.000000,0.001827
q_ind_198_pop_1,0.000635,0.000043,0.000000,0.005043
q_ind_199_pop_1,0.000288,0.000023,0.000000,0.002294
q_ind_200_pop_1,0.104862,0.106205,0.060369,0.143972
q_ind_201_pop_1,0.000388,0.000027,0.000000,0.003031
q_ind_202_pop_1,0.001533,0.000122,0.000000,0.012098
q_ind_203_pop_1,0.002235,0.000170,0.000000,0.016489
q_ind_204_pop_1,0.007598,0.001757,0.000000,0.041891
q_ind_205_pop_1,0.003049,0.000387,0.000000,0.019337
q_ind_206_pop_1,0.002553,0.000224,0.000000,0.020079
q_ind_207_pop_1,0.003684,0.000434,0.000000,0.022288
q_ind_208_pop_1,0.001900,0.000210,0.000000,0.013985
q_ind_209_pop_1,0.004811,0.000953,0.000000,0.027634
q_ind_210_pop_1,0.003407,0.000358,0.000000,0.024729
q_ind_211_pop_1,0.117864,0.116739,0.078343,0.162263
q_ind_212_pop_1,0.034553,0.034701,0.000000,0.084759
q_ind_213_pop_1,0.016248,0.010733,0.000000,0.051675
q_ind_214_pop_1,0.016199,0.008125,0.000000,0.057069
q_ind_215_pop_1,0.023777,0.016285,0.000000,0.072106
q_ind_216_pop_1,0.037767,0.042868,0.000000,0.070134
q_ind_217_pop_1,0.010219,0.003612,0.000000,0.045999
q_ind_218_pop_1,0.005926,0.000881,0.000000,0.032993
q_ind_219_pop_1,0.026497,0.028791,0.000000,0.060563
q_ind_220_pop_1,0.009860,0.001334,0.000000,0.048763
q_ind_221_pop_1,0.023259,0.025845,0.000000,0.055776
q_ind_222_pop_1,0.083498,0.084982,0.028440,0.133308
q_ind_223_pop_1,0.082716,0.083469,0.045366,0.113951
q_ind_224_pop_1,0.137931,0.147579,0.054140,0.183347
q_ind_225_pop_1,0.084865,0.084025,0.059496,0.118485
q_ind_226_pop_1,0.117992,0.124977,0.039508,0.165007
q_ind_227_pop_1,0.126778,0.131918,0.058434,0.168940
q_ind_228_pop_1,0.115056,0.117794,0.048169,0.173221
q_ind_229_pop_1,0.140663,0.147536,0.061225,0.178425
q_ind_230_pop_1,0.070239,0.069832,0.033303,0.107411
q_ind_231_pop_1,0.194127,0.196890,0.134904,0.238939
q_ind_232_pop_1,0.122210,0.127221,0.058321,0.172944
q_ind_233_pop_1,0.278238,0.300549,0.103188,0.345079
q_ind_234_pop_1,0.274551,0.303049,0.086853,0.342298
q_ind_235_pop_1,0.237687,0.265986,0.079047,0.311283
q_ind_236_pop_1,0.273483,0.300346,0.095416,0.351684
q_ind_237_pop_1,0.316519,0.345930,0.136012,0.398088
q_ind_238_pop_1,0.281386,0.309567,0.091248,0.355995
q_ind_239_pop_1,0.310923,0.335293,0.168148,0.379627
q_ind_240_pop_1,0.244978,0.284832,0.072283,0.330975
q_ind_241_pop_1,0.263474,0.294040,0.089212,0.334754
q_ind_242_pop_1,0.310023,0.328609,0.177081,0.381501
q_ind_243_pop_1,0.243723,0.269075,0.096668,0.309688
q_ind_244_pop_1,0.303522,0.328662,0.168585,0.371764
q_ind_0_pop_2,0.055676,0.054383,0.027929,0.087388
q_ind_1_pop_2,0.051322,0.050799,0.023961,0.082060
q_ind_2_pop_2,0.104033,0.106578,0.051694,0.154388
q_ind_3_pop_2,0.108362,0.110924,0.056102,0.159764
q_ind_4_pop_2,0.032888,0.031909,0.004155,0.064333
q_ind_5_pop_2,0.062201,0.063529,0.024093,0.099259
q_ind_6_pop_2,0.049807,0.050406,0.011862,0.088353
q_ind_7_pop_2,0.067211,0.068256,0.025427,0.111467
q_ind_8_pop_2,0.061698,0.062282,0.000423,0.113553
q_ind_9_pop_2,0.045757,0.044777,0.017768,0.078654
q_ind_10_pop_2,0.080473,0.081705,0.036241,0.127128
q_ind_11_pop_2,0.057770,0.058448,0.019172,0.095898
q_ind_12_pop_2,0.000830,0.000074,0.000000,0.006203
q_ind_13_pop_2,0.000830,0.000084,0.000000,0.006458
q_ind_14_pop_2,0.002432,0.000381,0.000000,0.014186
q_ind_15_pop_2,0.001178,0.000097,0.000000,0.008621
q_ind_16_pop_2,0.001570,0.000236,0.000000,0.010275
q_ind_17_pop_2,0.000807,0.000067,0.000000,0.006050
q_ind_18_pop_2,0.000470,0.000038,0.000000,0.003703
q_ind_19_pop_2,0.001759,0.000119,0.000000,0.013751
q_ind_20_pop_2,0.001347,0.000120,0.000000,0.009971
q_ind_21_pop_2,0.001966,0.000284,0.000000,0.012936
q_ind_22_pop_2,0.001970,0.000251,0.000000,0.013112
q_ind_23_pop_2,0.003212,0.000600,0.000000,0.018501
q_ind_24_pop_2,0.000667,0.000049,0.000000,0.005259
q_ind_25_pop_2,0.002996,0.000366,0.000000,0.018863
q_ind_26_pop_2,0.001108,0.000090,0.000000,0.008812
q_ind_27_pop_2,0.008344,0.005579,0.000000,0.031521
q_ind_28_pop_2,0.004018,0.001193,0.000000,0.020173
q_ind_29_pop_2,0.005160,0.001266,0.000000,0.024897
q_ind_30_pop_2,0.004114,0.000978,0.000000,0.023976
q_ind_31_pop_2,0.001414,0.000107,0.000000,0.011306
q_ind_32_pop_2,0.012642,0.009682,0.000000,0.043091
q_ind_33_pop_2,0.001536,0.000130,0.000000,0.011570
q_ind_34_pop_2,0.001532,0.000110,0.000000,0.011159
q_ind_35_pop_2,0.000535,0.000041,0.000000,0.004214
q_ind_36_pop_2,0.003837,0.000776,0.000000,0.019546
q_ind_37_pop_2,0.001627,0.000089,0.000000,0.019516
q_ind_38_pop_2,0.002499,0.000304,0.000000,0.017246
q_ind_39_pop_2,0.008854,0.002719,0.000000,0.044649
q_ind_40_pop_2,0.004003,0.000507,0.000000,0.025180
q_ind_41_pop_2,0.000742,0.000058,0.000000,0.005692
q_ind_42_pop_2,0.001767,0.000188,0.000000,0.011236
q_ind_43_pop_2,0.001260,0.000120,0.000000,0.008789
q_ind_44_pop_2,0.001155,0.000101,0.000000,0.008895
q_ind_45_pop_2,0.000557,0.000044,0.000000,0.004396
q_ind_46_pop_2,0.002009,0.000225,0.000000,0.013829
q_ind_47_pop_2,0.000827,0.000071,0.000000,0.006561
q_ind_48_pop_2,0.000565,0.000043,0.000000,0.004530
q_ind_49_pop_2,0.001063,0.000091,0.000000,0.008124
q_ind_50_pop_2,0.000601,0.000060,0.000000,0.004268
q_ind_51_pop_2,0.000606,0.000050,0.000000,0.004796
q_ind_52_pop_2,0.000450,0.000032,0.000000,0.003748
q_ind_53_pop_2,0.001841,0.000155,0.000000,0.013322
q_ind_54_pop_2,0.000510,0.000041,0.000000,0.003959
q_ind_55_pop_2,0.000735,0.000070,0.000000,0.005345
q_ind_56_pop_2,0.001098,0.000075,0.000000,0.008678
q_ind_57_pop_2,0.000730,0.000053,0.000000,0.005857
q_ind_58_pop_2,0.001507,0.000176,0.000000,0.010478
q_ind_59_pop_2,0.001355,0.000111,0.000000,0.010151
q_ind_60_pop_2,0.001212,0.000096,0.000000,0.009265
q_ind_61_pop_2,0.001445,0.000145,0.000000,0.010593
q_ind_62_pop_2,0.010534,0.004021,0.000000,0.038865
q_ind_63_pop_2,0.003926,0.001065,0.000000,0.020602
q_ind_64_pop_2,0.003802,0.000719,0.000000,0.023446
q_ind_65_pop_2,0.000533,0.000043,0.000000,0.004471
q_ind_66_pop_2,0.111563,0.112176,0.072529,0.152193
q_ind_67_pop_2,0.001794,0.000192,0.000000,0.012180
q_ind_68_pop_2,0.016590,0.009050,0.000000,0.057413
q_ind_69_pop_2,0.020274,0.019618,0.000000,0.054751
q_ind_70_pop_2,0.001540,0.000120,0.000000,0.012408
q_ind_71_pop_2,0.002864,0.000450,0.000000,0.016346
q_ind_72_pop_2,0.003519,0.000511,0.000000,0.022397
q_ind_73_pop_2,0.002590,0.000238,0.000000,0.019120
q_ind_74_pop_2,0.013006,0.009617,0.000000,0.040333
q_ind_75_pop_2,0.001277,0.000099,0.000000,0.009489
q_ind_76_pop_2,0.004944,0.000919,0.000000,0.029804
q_ind_77_pop_2,0.006691,0.001148,0.000000,0.035799
q_ind_78_pop_2,0.007064,0.001588,0.000000,0.038127
q_ind_79_pop_2,0.023393,0.024395,0.000000,0.051976
q_ind_80_pop_2,0.001509,0.000122,0.000000,0.011394
q_ind_81_pop_2,0.005814,0.000471,0.000000,0.041954
q_ind_82_pop_2,0.001629,0.000177,0.000000,0.011786
q_ind_83_pop_2,0.002227,0.000222,0.000000,0.016594
q_ind_84_pop_2,0.003987,0.000591,0.000000,0.025960
q_ind_85_pop_2,0.002870,0.000320,0.000000,0.021163
q_ind_86_pop_2,0.010824,0.003379,0.000000,0.044787
q_ind_87_pop_2,0.001581,0.000134,0.000000,0.011907
q_ind_88_pop_2,0.001638,0.000120,0.000000,0.013563
q_ind_89_pop_2,0.000757,0.000056,0.000000,0.005864
q_ind_90_pop_2,0.001429,0.000132,0.000000,0.011347
q_ind_91_pop_2,0.002227,0.000263,0.000000,0.015315
q_ind_92_pop_2,0.001452,0.000148,0.000000,0.010200
q_ind_93_pop_2,0.002285,0.000180,0.000000,0.019848
q_ind_94_pop_2,0.003088,0.000441,0.000000,0.020705
q_ind_95_pop_2,0.000875,0.000086,0.000000,0.006307
q_ind_96_pop_2,0.003717,0.002161,0.000000,0.014466
q_ind_97_pop_2,0.006679,0.000829,0.000000,0.036170
q_ind_98_pop_2,0.001299,0.000097,0.000000,0.011248
q_ind_99_pop_2,0.000961,0.000100,0.000000,0.006892
q_ind_100_pop_2,0.000415,0.000038,0.000000,0.003173
q_ind_101_pop_2,0.000261,0.000020,0.000000,0.002044
q_ind_102_pop_2,0.000662,0.000052,0.000000,0.005126
q_ind_103_pop_2,0.000444,0.000038,0.000000,0.003582
q_ind_104_pop_2,0.003023,0.000245,0.000000,0.022543
q_ind_105_pop_2,0.000869,0.000074,0.000000,0.006298
q_ind_106_pop_2,0.018731,0.016009,0.000000,0.058324
q_ind_107_pop_2,0.029694,0.028655,0.000188,0.064274
q_ind_108_pop_2,0.057389,0.055407,0.019363,0.107296
q_ind_109_pop_2,0.075987,0.074732,0.037883,0.119316
q_ind_110_pop_2,0.051756,0.051231,0.018653,0.089987
q_ind_111_pop_2,0.016134,0.012208,0.000000,0.052517
q_ind_112_pop_2,0.026598,0.024559,0.000000,0.072028
q_ind_113_pop_2,0.038049,0.036154,0.000002,0.088464
q_ind_114_pop_2,0.001025,0.000083,0.000000,0.007582
q_ind_115_pop_2,0.001108,0.000104,0.000000,0.007686
q_ind_116_pop_2,0.001245,0.000140,0.000000,0.008595
q_ind_117_pop_2,0.001159,0.000108,0.000000,0.008464
q_ind_118_pop_2,0.001166,0.000093,0.000000,0.008626
q_ind_119_pop_2,0.000774,0.000063,0.000000,0.005949
q_ind_120_pop_2,0.001174,0.000119,0.000000,0.008253
q_ind_121_pop_2,0.000827,0.000068,0.000000,0.006512
q_ind_122_pop_2,0.000668,0.000054,0.000000,0.005295
q_ind_123_pop_2,0.001442,0.000113,0.000000,0.010955
q_ind_124_pop_2,0.003959,0.000638,0.000000,0.023281
q_ind_125_pop_2,0.003885,0.000561,0.000000,0.021236
q_ind_126_pop_2,0.001054,0.000065,0.000000,0.008683
q_ind_127_pop_2,0.001438,0.000130,0.000000,0.010938
q_ind_128_pop_2,0.001660,0.000141,0.000000,0.012917
q_ind_129_pop_2,0.000952,0.000066,0.000000,0.007576
q_ind_130_pop_2,0.003079,0.000434,0.000000,0.019815
q_ind_131_pop_2,0.001736,0.000142,0.000000,0.013605
q_ind_132_pop_2,0.001411,0.000133,0.000000,0.009007
q_ind_133_pop_2,0.002977,0.000759,0.000000,0.015725
q_ind_134_pop_2,0.002729,0.000333,0.000000,0.019783
q_ind_135_pop_2,0.003211,0.000413,0.000000,0.018774
q_ind_136_pop_2,0.002274,0.000241,0.000000,0.016467
q_ind_137_pop_2,0.004386,0.001326,0.000000,0.019959
q_ind_138_pop_2,0.006463,0.002350,0.000000,0.027428
q_ind_139_pop_2,0.002020,0.000220,0.000000,0.013470
q_ind_140_pop_2,0.027871,0.027151,0.000004,0.063957
q_ind_141_pop_2,0.001582,0.000120,0.000000,0.014241
q_ind_142_pop_2,0.001447,0.000148,0.000000,0.010405
q_ind_143_pop_2,0.006988,0.003565,0.000000,0.027667
q_ind_144_pop_2,0.001068,0.000057,0.000000,0.009528
q_ind_145_pop_2,0.007238,0.001667,0.000000,0.037316
q_ind_146_pop_2,0.002165,0.000157,0.000000,0.018649
q_ind_147_pop_2,0.001607,0.000143,0.000000,0.011762
q_ind_148_pop_2,0.001638,0.000136,0.000000,0.012828
q_ind_149_pop_2,0.002200,0.000243,0.000000,0.014679
q_ind_150_pop_2,0.001545,0.000158,0.000000,0.010898
q_ind_151_pop_2,0.000791,0.000055,0.000000,0.006350
q_ind_152_pop_2,0.000755,0.000057,0.000000,0.005711
q_ind_153_pop_2,0.002439,0.000338,0.000000,0.015809
q_ind_154_pop_2,0.001220,0.000088,0.000000,0.010054
q_ind_155_pop_2,0.034205,0.036137,0.000012,0.069736
q_ind_156_pop_2,0.002575,0.000234,0.000000,0.019023
q_ind_157_pop_2,0.017015,0.007498,0.000000,0.066565
q_ind_158_pop_2,0.008842,0.002637,0.000000,0.038334
q_ind_159_pop_2,0.032351,0.033805,0.000001,0.068294
q_ind_160_pop_2,0.002757,0.000207,0.000000,0.020652
q_ind_161_pop_2,0.001902,0.000136,0.000000,0.015595
q_ind_162_pop_2,0.010009,0.001740,0.000000,0.049725
q_ind_163_pop_2,0.024402,0.023210,0.000000,0.065068
q_ind_164_pop_2,0.062748,0.062147,0.030962,0.096892
q_ind_165_pop_2,0.060457,0.058751,0.032284,0.097476
q_ind_166_pop_2,0.100985,0.099819,0.055073,0.152235
q_ind_167_pop_2,0.001762,0.000168,0.000000,0.012376
q_ind_168_pop_2,0.001429,0.000157,0.000000,0.010291
q_ind_169_pop_2,0.008381,0.006540,0.000000,0.027344
q_ind_170_pop_2,0.001615,0.000128,0.000000,0.013209
q_ind_171_pop_2,0.000802,0.000067,0.000000,0.006267
q_ind_172_pop_2,0.001677,0.000151,0.000000,0.013241
q_ind_173_pop_2,0.000586,0.000039,0.000000,0.004641
q_ind_174_pop_2,0.024309,0.024045,0.001965,0.048442
q_ind_175_pop_2,0.001548,0.000176,0.000000,0.010892
q_ind_176_pop_2,0.009064,0.005298,0.000000,0.035569
q_ind_177_pop_2,0.009979,0.007206,0.000000,0.033372
q_ind_178_pop_2,0.012222,0.008731,0.000000,0.040235
q_ind_179_pop_2,0.029844,0.028749,0.000654,0.062668
q_ind_180_pop_2,0.009499,0.005011,0.000000,0.040384
q_ind_181_pop_2,0.000992,0.000099,0.000000,0.007284
q_ind_182_pop_2,0.002684,0.000306,0.000000,0.018100
q_ind_183_pop_2,0.002714,0.000280,0.000000,0.017899
q_ind_184_pop_2,0.003169,0.000434,0.000000,0.020733
q_ind_185_pop_2,0.001368,0.000091,0.000000,0.010863
q_ind_186_pop_2,0.002725,0.000355,0.000000,0.017430
q_ind_187_pop_2,0.003002,0.000326,0.000000,0.019990
q_ind_188_pop_2,0.006696,0.002695,0.000000,0.031340
q_ind_189_pop_2,0.027196,0.028676,0.000000,0.063039
q_ind_190_pop_2,0.004006,0.000617,0.000000,0.024617
q_ind_191_pop_2,0.536844,0.562031,0.433248,0.617821
q_ind_192_pop_2,0.535538,0.571841,0.409181,0.626356
q_ind_193_pop_2,0.880970,0.996314,0.645270,0.999922
q_ind_194_pop_2,0.563912,0.592165,0.443985,0.655391
q_ind_195_pop_2,0.894126,0.996271,0.671384,0.999909
q_ind_196_pop_2,0.884148,0.996272,0.649595,0.999904
q_ind_197_pop_2,0.868625,0.954523,0.637843,0.999853
q_ind_198_pop_2,0.549749,0.582501,0.414817,0.636461
q_ind_199_pop_2,0.892596,0.995131,0.650104,0.999892
q_ind_200_pop_2,0.222001,0.216571,0.182034,0.288864
q_ind_201_pop_2,0.547987,0.582390,0.422937,0.638422
q_ind_202_pop_2,0.016410,0.011132,0.000000,0.061018
q_ind_203_pop_2,0.015253,0.006201,0.000000,0.061354
q_ind_204_pop_2,0.007357,0.001386,0.000000,0.039399
q_ind_205_pop_2,0.002009,0.000251,0.000000,0.013441
q_ind_206_pop_2,0.049796,0.048725,0.014073,0.092877
q_ind_207_pop_2,0.070875,0.069269,0.046746,0.106785
q_ind_208_pop_2,0.017461,0.015217,0.000000,0.050593
q_ind_209_pop_2,0.055327,0.051299,0.020094,0.107665
q_ind_210_pop_2,0.016948,0.011179,0.000000,0.067148
q_ind_211_pop_2,0.029025,0.029349,0.000017,0.059823
q_ind_212_pop_2,0.003605,0.000568,0.000000,0.021661
q_ind_213_pop_2,0.003005,0.000573,0.000000,0.017345
q_ind_214_pop_2,0.002245,0.000287,0.000000,0.014651
q_ind_215_pop_2,0.002524,0.000304,0.000000,0.016512
q_ind_216_pop_2,0.002215,0.000268,0.000000,0.014743
q_ind_217_pop_2,0.000851,0.000058,0.000000,0.006613
q_ind_218_pop_2,0.001664,0.000141,0.000000,0.013190
q_ind_219_pop_2,0.001308,0.000119,0.000000,0.010202
q_ind_220_pop_2,0.001356,0.000129,0.000000,0.009819
q_ind_221_pop_2,0.008359,0.005287,0.000000,0.031333
q_ind_222_pop_2,0.036109,0.035227,0.000551,0.072693
q_ind_223_pop_2,0.021369,0.019934,0.000000,0.056791
q_ind_224_pop_2,0.016201,0.014892,0.000000,0.046814
q_ind_225_pop_2,0.029581,0.029753,0.002593,0.053977
q_ind_226_pop_2,0.016746,0.011761,0.000000,0.058556
q_ind_227_pop_2,0.012050,0.005924,0.000000,0.050546
q_ind_228_pop_2,0.001095,0.000068,0.000000,0.009640
q_ind_229_pop_2,0.031692,0.033246,0.000001,0.064120
q_ind_230_pop_2,0.059308,0.059643,0.026511,0.090953
q_ind_231_pop_2,0.010012,0.007094,0.000000,0.035943
q_ind_232_pop_2,0.037495,0.036383,0.005869,0.075984
q_ind_233_pop_2,0.001171,0.000104,0.000000,0.009054
q_ind_234_pop_2,0.000758,0.000052,0.000000,0.006048
q_ind_235_pop_2,0.001512,0.000144,0.000000,0.010966
q_ind_236_pop_2,0.001040,0.000107,0.000000,0.007349
q_ind_237_pop_2,0.002103,0.000168,0.000000,0.017443
q_ind_238_pop_2,0.001995,0.000159,0.000000,0.014394
q_ind_239_pop_2,0.000714,0.000052,0.000000,0.005810
q_ind_240_pop_2,0.000625,0.000049,0.000000,0.005030
q_ind_241_pop_2,0.002029,0.000352,0.000000,0.011854
q_ind_242_pop_2,0.016180,0.014853,0.000000,0.049268
q_ind_243_pop_2,0.001149,0.000095,0.000000,0.008911
q_ind_244_pop_2,0.014874,0.006880,0.000000,0.057232
q_ind_0_pop_3,0.004052,0.000507,0.000000,0.028961
q_ind_1_pop_3,0.004062,0.000771,0.000000,0.023259
q_ind_2_pop_3,0.003965,0.000584,0.000000,0.024991
q_ind_3_pop_3,0.008665,0.002922,0.000000,0.036500
q_ind_4_pop_3,0.011542,0.005597,0.000000,0.059902
q_ind_5_pop_3,0.001550,0.000121,0.000000,0.012193
q_ind_6_pop_3,0.001009,0.000071,0.000000,0.008751
q_ind_7_pop_3,0.001709,0.000153,0.000000,0.012569
q_ind_8_pop_3,0.002196,0.000191,0.000000,0.015416
q_ind_9_pop_3,0.002185,0.000137,0.000000,0.020299
q_ind_10_pop_3,0.001540,0.000124,0.000000,0.011354
q_ind_11_pop_3,0.012420,0.008102,0.000000,0.041277
q_ind_12_pop_3,0.106008,0.104265,0.062566,0.166971
q_ind_13_pop_3,0.152261,0.150158,0.106118,0.203846
q_ind_14_pop_3,0.134474,0.128100,0.084544,0.211332
q_ind_15_pop_3,0.139443,0.136556,0.086127,0.207387
q_ind_16_pop_3,0.115854,0.109666,0.064281,0.197979
q_ind_17_pop_3,0.122432,0.119655,0.074608,0.181273
q_ind_18_pop_3,0.105413,0.102207,0.057447,0.189267
q_ind_19_pop_3,0.055068,0.047156,0.000001,0.157027
q_ind_20_pop_3,0.002324,0.000188,0.000000,0.016798
q_ind_21_pop_3,0.005204,0.000835,0.000000,0.030514
q_ind_22_pop_3,0.003989,0.000662,0.000000,0.024108
q_ind_23_pop_3,0.011008,0.000583,0.000000,0.093189
q_ind_24_pop_3,0.027545,0.011638,0.000000,0.156036
q_ind_25_pop_3,0.001648,0.000176,0.000000,0.012119
q_ind_26_pop_3,0.003086,0.000335,0.000000,0.021605
q_ind_27_pop_3,0.004617,0.000687,0.000000,0.030724
q_ind_28_pop_3,0.009709,0.003321,0.000000,0.050356
q_ind_29_pop_3,0.014051,0.012490,0.000000,0.041686
q_ind_30_pop_3,0.025351,0.008626,0.000000,0.105061
q_ind_31_pop_3,0.020482,0.007704,0.000000,0.084234
q_ind_32_pop_3,0.010251,0.000432,0.000000,0.088135
q_ind_33_pop_3,0.001140,0.000085,0.000000,0.008998
q_ind_34_pop_3,0.029290,0.009566,0.000000,0.123010
q_ind_35_pop_3,0.002657,0.000060,0.000000,0.019271
q_ind_36_pop_3,0.003808,0.000909,0.000000,0.018750
q_ind_37_pop_3,0.009790,0.000297,0.000000,0.068632
q_ind_38_pop_3,0.034880,0.016841,0.000000,0.115711
q_ind_39_pop_3,0.059914,0.046743,0.000025,0.183936
q_ind_40_pop_3,0.002658,0.000201,0.000000,0.022822
q_ind_41_pop_3,0.000980,0.000087,0.000000,0.007223
q_ind_42_pop_3,0.001344,0.000171,0.000000,0.009256
q_ind_43_pop_3,0.002758,0.000281,0.000000,0.019745
q_ind_44_pop_3,0.002553,0.000191,0.000000,0.019516
q_ind_45_pop_3,0.001939,0.000183,0.000000,0.014044
q_ind_46_pop_3,0.004188,0.000455,0.000000,0.027876
q_ind_47_pop_3,0.004318,0.000775,0.000000,0.025551
q_ind_48_pop_3,0.002807,0.000300,0.000000,0.019703
q_ind_49_pop_3,0.001510,0.000149,0.000000,0.011297
q_ind_50_pop_3,0.029948,0.029175,0.000000,0.072453
q_ind_51_pop_3,0.039662,0.039164,0.007435,0.071981
q_ind_52_pop_3,0.050038,0.053147,0.000037,0.084425
q_ind_53_pop_3,0.023377,0.014556,0.000000,0.073498
q_ind_54_pop_3,0.008367,0.002216,0.000000,0.038172
q_ind_55_pop_3,0.044293,0.046802,0.000008,0.078933
q_ind_56_pop_3,0.026024,0.024654,0.000000,0.069990
q_ind_57_pop_3,0.037808,0.040851,0.000001,0.071546
q_ind_58_pop_3,0.050183,0.051742,0.011658,0.081114
q_ind_59_pop_3,0.030168,0.027137,0.000000,0.074566
q_ind_60_pop_3,0.041289,0.045186,0.000001,0.084468
q_ind_61_pop_3,0.048678,0.051119,0.001845,0.085031
q_ind_62_pop_3,0.001043,0.000074,0.000000,0.008542
q_ind_63_pop_3,0.003019,0.000404,0.000000,0.019323
q_ind_64_pop_3,0.003026,0.000271,0.000000,0.021692
q_ind_65_pop_3,0.000695,0.000056,0.000000,0.005175
q_ind_66_pop_3,0.002473,0.000223,0.000000,0.020105
q_ind_67_pop_3,0.005025,0.001027,0.000000,0.029727
q_ind_68_pop_3,0.002896,0.000176,0.000000,0.027968
q_ind_69_pop_3,0.002915,0.000178,0.000000,0.026074
q_ind_70_pop_3,0.001859,0.000151,0.000000,0.015078
q_ind_71_pop_3,0.002326,0.000282,0.000000,0.016122
q_ind_72_pop_3,0.002803,0.000353,0.000000,0.017663
q_ind_73_pop_3,0.008522,0.000299,0.000000,0.088668
q_ind_74_pop_3,0.028143,0.026959,0.000000,0.076830
q_ind_75_pop_3,0.013083,0.000350,0.000000,0.088637
q_ind_76_pop_3,0.004746,0.000655,0.000000,0.028842
q_ind_77_pop_3,0.002008,0.000120,0.000000,0.016131
q_ind_78_pop_3,0.002028,0.000174,0.000000,0.015256
q_ind_79_pop_3,0.005635,0.001455,0.000000,0.030688
q_ind_80_pop_3,0.025079,0.023995,0.000000,0.067988
q_ind_81_pop_3,0.001666,0.000144,0.000000,0.012672
q_ind_82_pop_3,0.002521,0.000228,0.000000,0.019391
q_ind_83_pop_3,0.001875,0.000113,0.000000,0.016589
q_ind_84_pop_3,0.001709,0.000132,0.000000,0.013550
q_ind_85_pop_3,0.000920,0.000075,0.000000,0.006817
q_ind_86_pop_3,0.002197,0.000184,0.000000,0.015686
q_ind_87_pop_3,0.469521,0.463364,0.381350,0.589002
q_ind_88_pop_3,0.490185,0.485361,0.409816,0.594550
q_ind_89_pop_3,0.508858,0.499641,0.415275,0.641940
q_ind_90_pop_3,0.450760,0.440230,0.363423,0.576858
q_ind_91_pop_3,0.462220,0.455937,0.384009,0.581070
q_ind_92_pop_3,0.432771,0.426974,0.369602,0.534638
q_ind_93_pop_3,0.249873,0.248701,0.201690,0.304712
q_ind_94_pop_3,0.493528,0.487146,0.399134,0.616983
q_ind_95_pop_3,0.001328,0.000174,0.000000,0.008396
q_ind_96_pop_3,0.003427,0.000838,0.000000,0.017252
q_ind_97_pop_3,0.000600,0.000047,0.000000,0.004323
q_ind_98_pop_3,0.001577,0.000087,0.000000,0.014900
q_ind_99_pop_3,0.001783,0.000187,0.000000,0.013010
q_ind_100_pop_3,0.000773,0.000056,0.000000,0.005892
q_ind_101_pop_3,0.000689,0.000056,0.000000,0.005366
q_ind_102_pop_3,0.000933,0.000078,0.000000,0.006930
q_ind_103_pop_3,0.000774,0.000066,0.000000,0.005721
q_ind_104_pop_3,0.001801,0.000109,0.000000,0.016787
q_ind_105_pop_3,0.004989,0.000737,0.000000,0.028689
q_ind_106_pop_3,0.021012,0.002352,0.000000,0.146108
q_ind_107_pop_3,0.012477,0.000475,0.000000,0.103502
q_ind_108_pop_3,0.012830,0.000535,0.000000,0.095180
q_ind_109_pop_3,0.005005,0.000449,0.000000,0.046183
q_ind_110_pop_3,0.009697,0.000330,0.000000,0.083508
q_ind_111_pop_3,0.071745,0.060433,0.016527,0.175093
q_ind_112_pop_3,0.009411,0.000481,0.000000,0.078895
q_ind_113_pop_3,0.012859,0.002151,0.000000,0.085951
q_ind_114_pop_3,0.041385,0.040877,0.000015,0.088209
q_ind_115_pop_3,0.004166,0.001174,0.000000,0.021075
q_ind_116_pop_3,0.006698,0.001191,0.000000,0.038406
q_ind_117_pop_3,0.011047,0.006675,0.000000,0.039886
q_ind_118_pop_3,0.003644,0.000549,0.000000,0.024071
q_ind_119_pop_3,0.000705,0.000056,0.000000,0.005531
q_ind_120_pop_3,0.005579,0.001284,0.000000,0.028372
q_ind_121_pop_3,0.001095,0.000081,0.000000,0.008322
q_ind_122_pop_3,0.002824,0.000359,0.000000,0.019985
q_ind_123_pop_3,0.067389,0.064383,0.025971,0.132998
q_ind_124_pop_3,0.103087,0.100921,0.052823,0.164742
q_ind_125_pop_3,0.109660,0.108164,0.062879,0.161867
q_ind_126_pop_3,0.118576,0.117937,0.072893,0.168130
q_ind_127_pop_3,0.119652,0.108784,0.064167,0.226800
q_ind_128_pop_3,0.114014,0.109698,0.065832,0.183660
q_ind_129_pop_3,0.104624,0.102523,0.053969,0.166811
q_ind_130_pop_3,0.061633,0.062264,0.003917,0.106882
q_ind_131_pop_3,0.008950,0.001052,0.000000,0.056404
q_ind_132_pop_3,0.008910,0.001219,0.000000,0.073925
q_ind_133_pop_3,0.001019,0.000079,0.000000,0.007928
q_ind_134_pop_3,0.002011,0.000173,0.000000,0.015384
q_ind_135_pop_3,0.003223,0.000285,0.000000,0.021542
q_ind_136_pop_3,0.003421,0.000301,0.000000,0.028474
q_ind_137_pop_3,0.014951,0.006067,0.000000,0.091722
q_ind_138_pop_3,0.001336,0.000104,0.000000,0.010238
q_ind_139_pop_3,0.021206,0.019566,0.000000,0.055547
q_ind_140_pop_3,0.001478,0.000089,0.000000,0.014441
q_ind_141_pop_3,0.004466,0.000305,0.000000,0.039084
q_ind_142_pop_3,0.001818,0.000176,0.000000,0.013135
q_ind_143_pop_3,0.008717,0.000704,0.000000,0.073965
q_ind_144_pop_3,0.047983,0.050947,0.000003,0.082643
q_ind_145_pop_3,0.009908,0.001751,0.000000,0.053127
q_ind_146_pop_3,0.030147,0.032652,0.000000,0.075159
q_ind_147_pop_3,0.012848,0.009705,0.000000,0.040627
q_ind_148_pop_3,0.042809,0.046433,0.000000,0.086920
q_ind_149_pop_3,0.021167,0.020386,0.000000,0.057471
q_ind_150_pop_3,0.046965,0.050981,0.000001,0.089871
q_ind_151_pop_3,0.021581,0.022391,0.000000,0.054421
q_ind_152_pop_3,0.038077,0.039840,0.000160,0.071565
q_ind_153_pop_3,0.024915,0.023418,0.000000,0.066350
q_ind_154_pop_3,0.087201,0.086974,0.043064,0.128439
q_ind_155_pop_3,0.027852,0.030113,0.000000,0.068252
q_ind_156_pop_3,0.002510,0.000290,0.000000,0.018573
q_ind_157_pop_3,0.017011,0.012098,0.000000,0.055402
q_ind_158_pop_3,0.005414,0.000583,0.000000,0.039808
q_ind_159_pop_3,0.003665,0.000289,0.000000,0.027363
q_ind_160_pop_3,0.001348,0.000093,0.000000,0.010862
q_ind_161_pop_3,0.006362,0.000892,0.000000,0.037467
q_ind_162_pop_3,0.008967,0.000750,0.000000,0.064502
q_ind_163_pop_3,0.003616,0.000385,0.000000,0.024999
q_ind_164_pop_3,0.012380,0.001235,0.000000,0.081580
q_ind_165_pop_3,0.005671,0.000336,0.000000,0.066448
q_ind_166_pop_3,0.005048,0.000403,0.000000,0.039908
q_ind_167_pop_3,0.057264,0.057392,0.022341,0.096767
q_ind_168_pop_3,0.009983,0.004021,0.000000,0.043636
q_ind_169_pop_3,0.002377,0.000211,0.000000,0.019036
q_ind_170_pop_3,0.006255,0.001092,0.000000,0.037627
q_ind_171_pop_3,0.009705,0.000534,0.000000,0.094208
q_ind_172_pop_3,0.000878,0.000064,0.000000,0.007494
q_ind_173_pop_3,0.001321,0.000107,0.000000,0.009885
q_ind_174_pop_3,0.023736,0.000881,0.000000,0.178082
q_ind_175_pop_3,0.017991,0.009247,0.000000,0.062739
q_ind_176_pop_3,0.012333,0.003819,0.000000,0.058202
q_ind_177_pop_3,0.023759,0.020893,0.000023,0.067541
q_ind_178_pop_3,0.009252,0.003192,0.000000,0.041302
q_ind_179_pop_3,0.018760,0.010498,0.000000,0.069183
q_ind_180_pop_3,0.060676,0.061847,0.007408,0.101032
q_ind_181_pop_3,0.022007,0.019750,0.000000,0.068928
q_ind_182_pop_3,0.009123,0.001707,0.000000,0.052353
q_ind_183_pop_3,0.047952,0.048081,0.000601,0.096679
q_ind_184_pop_3,0.007980,0.000621,0.000000,0.057147
q_ind_185_pop_3,0.042375,0.024756,0.000001,0.174229
q_ind_186_pop_3,0.013631,0.003425,0.000000,0.098731
q_ind_187_pop_3,0.004244,0.000402,0.000000,0.033514
q_ind_188_pop_3,0.011869,0.001684,0.000000,0.082323
q_ind_189_pop_3,0.006356,0.000317,0.000000,0.053742
q_ind_190_pop_3,0.026385,0.000824,0.000000,0.202776
q_ind_191_pop_3,0.000781,0.000060,0.000000,0.005913
q_ind_192_pop_3,0.003552,0.000396,0.000000,0.024807
q_ind_193_pop_3,0.000192,0.000015,0.000000,0.001478
q_ind_194_pop_3,0.000593,0.000046,0.000000,0.004607
q_ind_195_pop_3,0.000230,0.000015,0.000000,0.001773
q_ind_196_pop_3,0.000171,0.000014,0.000000,0.001349
q_ind_197_pop_3,0.000236,0.000017,0.000000,0.001884
q_ind_198_pop_3,0.000932,0.000080,0.000000,0.007169
q_ind_199_pop_3,0.000342,0.000026,0.000000,0.002844
q_ind_200_pop_3,0.015556,0.002449,0.000000,0.084329
q_ind_201_pop_3,0.000582,0.000041,0.000000,0.004537
q_ind_202_pop_3,0.004968,0.000373,0.000000,0.043543
q_ind_203_pop_3,0.001957,0.000150,0.000000,0.015314
q_ind_204_pop_3,0.002143,0.000249,0.000000,0.015064
q_ind_205_pop_3,0.002412,0.000254,0.000000,0.016307
q_ind_206_pop_3,0.056707,0.050202,0.012194,0.128125
q_ind_207_pop_3,0.001592,0.000127,0.000000,0.012012
q_ind_208_pop_3,0.008010,0.000450,0.000000,0.058890
q_ind_209_pop_3,0.002323,0.000220,0.000000,0.017153
q_ind_210_pop_3,0.009354,0.001281,0.000000,0.058525
q_ind_211_pop_3,0.048255,0.045483,0.000004,0.117592
q_ind_212_pop_3,0.130777,0.095411,0.054484,0.366062
q_ind_213_pop_3,0.081399,0.046273,0.000000,0.357700
q_ind_214_pop_3,0.092766,0.059491,0.020182,0.315562
q_ind_215_pop_3,0.099675,0.065601,0.021586,0.400247
q_ind_216_pop_3,0.088128,0.041331,0.000011,0.408891
q_ind_217_pop_3,0.081614,0.047172,0.000012,0.382943
q_ind_218_pop_3,0.132904,0.082437,0.041919,0.411421
q_ind_219_pop_3,0.083916,0.049425,0.012031,0.315636
q_ind_220_pop_3,0.099257,0.058061,0.015622,0.386085
q_ind_221_pop_3,0.113028,0.064946,0.026684,0.395069
q_ind_222_pop_3,0.008407,0.000487,0.000000,0.059912
q_ind_223_pop_3,0.003730,0.000345,0.000000,0.027317
q_ind_224_pop_3,0.002409,0.000228,0.000000,0.016382
q_ind_225_pop_3,0.001180,0.000103,0.000000,0.008829
q_ind_226_pop_3,0.003721,0.000293,0.000000,0.027004
q_ind_227_pop_3,0.022003,0.018797,0.000000,0.064644
q_ind_228_pop_3,0.004784,0.000565,0.000000,0.030569
q_ind_229_pop_3,0.001486,0.000125,0.000000,0.011614
q_ind_230_pop_3,0.005738,0.000430,0.000000,0.039985
q_ind_231_pop_3,0.003218,0.000462,0.000000,0.019974
q_ind_232_pop_3,0.020084,0.017908,0.000000,0.058492
q_ind_233_pop_3,0.001212,0.000110,0.000000,0.008830
q_ind_234_pop_3,0.001253,0.000088,0.000000,0.010284
q_ind_235_pop_3,0.001224,0.000102,0.000000,0.009966
q_ind_236_pop_3,0.005998,0.001404,0.000000,0.029768
q_ind_237_pop_3,0.001440,0.000135,0.000000,0.010990
q_ind_238_pop_3,0.001238,0.000093,0.000000,0.009737
q_ind_239_pop_3,0.006350,0.000918,0.000000,0.037840
q_ind_240_pop_3,0.001310,0.000092,0.000000,0.011539
q_ind_241_pop_3,0.002869,0.000468,0.000000,0.017187
q_ind_242_pop_3,0.002869,0.000140,0.000000,0.024835
q_ind_243_pop_3,0.001288,0.000093,0.000000,0.009793
q_ind_244_pop_3,0.009006,0.001228,0.000000,0.046712
q_ind_0_pop_4,0.088603,0.088494,0.056812,0.119957
q_ind_1_pop_4,0.056895,0.056195,0.020204,0.098167
q_ind_2_pop_4,0.004934,0.001018,0.000000,0.026085
q_ind_3_pop_4,0.003662,0.000464,0.000000,0.022912
q_ind_4_pop_4,0.160422,0.160181,0.128736,0.192379
q_ind_5_pop_4,0.014003,0.009396,0.000000,0.048589
q_ind_6_pop_4,0.019669,0.011992,0.000000,0.066736
q_ind_7_pop_4,0.003600,0.000559,0.000000,0.022120
q_ind_8_pop_4,0.021923,0.020236,0.000000,0.058170
q_ind_9_pop_4,0.001339,0.000092,0.000000,0.010616
q_ind_10_pop_4,0.009067,0.003217,0.000000,0.040698
q_ind_11_pop_4,0.005323,0.000937,0.000000,0.029879
q_ind_12_pop_4,0.174566,0.176601,0.113980,0.230197
q_ind_13_pop_4,0.146324,0.146239,0.095475,0.200624
q_ind_14_pop_4,0.147116,0.142735,0.093797,0.211049
q_ind_15_pop_4,0.167487,0.168085,0.110814,0.239468
q_ind_16_pop_4,0.165441,0.169772,0.104310,0.221681
q_ind_17_pop_4,0.123261,0.123133,0.083622,0.165131
q_ind_18_pop_4,0.179002,0.181620,0.119734,0.233734
q_ind_19_pop_4,0.172672,0.174663,0.127945,0.209982
q_ind_20_pop_4,0.536068,0.531672,0.491459,0.623046
q_ind_21_pop_4,0.565423,0.563694,0.525549,0.613865
q_ind_22_pop_4,0.563484,0.561679,0.518889,0.624527
q_ind_23_pop_4,0.466169,0.462046,0.423724,0.538331
q_ind_24_pop_4,0.498129,0.500286,0.418863,0.548608
q_ind_25_pop_4,0.595009,0.591160,0.556091,0.664107
q_ind_26_pop_4,0.532727,0.528093,0.490332,0.600415
q_ind_27_pop_4,0.548855,0.544969,0.508460,0.631480
q_ind_28_pop_4,0.549029,0.545894,0.505746,0.613911
q_ind_29_pop_4,0.518289,0.516002,0.475235,0.577842
q_ind_30_pop_4,0.002763,0.000301,0.000000,0.019351
q_ind_31_pop_4,0.001485,0.000091,0.000000,0.012843
q_ind_32_pop_4,0.025665,0.026301,0.000000,0.065982
q_ind_33_pop_4,0.000685,0.000050,0.000000,0.005779
q_ind_34_pop_4,0.001951,0.000155,0.000000,0.015209
q_ind_35_pop_4,0.000408,0.000033,0.000000,0.003017
q_ind_36_pop_4,0.004491,0.000934,0.000000,0.024208
q_ind_37_pop_4,0.000608,0.000045,0.000000,0.005053
q_ind_38_pop_4,0.125378,0.119641,0.080095,0.194201
q_ind_39_pop_4,0.007732,0.002375,0.000000,0.034218
q_ind_40_pop_4,0.079834,0.073212,0.043518,0.154131
q_ind_41_pop_4,0.001030,0.000090,0.000000,0.007878
q_ind_42_pop_4,0.001678,0.000206,0.000000,0.010899
q_ind_43_pop_4,0.001582,0.000122,0.000000,0.011453
q_ind_44_pop_4,0.001367,0.000094,0.000000,0.011269
q_ind_45_pop_4,0.000731,0.000057,0.000000,0.005756
q_ind_46_pop_4,0.001099,0.000089,0.000000,0.008746
q_ind_47_pop_4,0.002020,0.000195,0.000000,0.014741
q_ind_48_pop_4,0.000979,0.000077,0.000000,0.007369
q_ind_49_pop_4,0.000745,0.000054,0.000000,0.006145
q_ind_50_pop_4,0.028253,0.030877,0.000000,0.061082
q_ind_51_pop_4,0.035752,0.037542,0.000012,0.061049
q_ind_52_pop_4,0.008443,0.001374,0.000000,0.041862
q_ind_53_pop_4,0.015616,0.008347,0.000000,0.055900
q_ind_54_pop_4,0.004666,0.000949,0.000000,0.026614
q_ind_55_pop_4,0.024742,0.024531,0.000000,0.059385
q_ind_56_pop_4,0.109884,0.110276,0.076224,0.143206
q_ind_57_pop_4,0.004983,0.000597,0.000000,0.028488
q_ind_58_pop_4,0.014781,0.011911,0.000000,0.045643
q_ind_59_pop_4,0.026426,0.026884,0.000000,0.059569
q_ind_60_pop_4,0.003294,0.000228,0.000000,0.029321
q_ind_61_pop_4,0.004347,0.000588,0.000000,0.024293
q_ind_62_pop_4,0.000723,0.000048,0.000000,0.006490
q_ind_63_pop_4,0.000688,0.000049,0.000000,0.005615
q_ind_64_pop_4,0.000545,0.000041,0.000000,0.004508
q_ind_65_pop_4,0.000624,0.000054,0.000000,0.004492
q_ind_66_pop_4,0.000436,0.000027,0.000000,0.003788
q_ind_67_pop_4,0.155143,0.140989,0.102142,0.242246
q_ind_68_pop_4,0.151783,0.142499,0.094837,0.231558
q_ind_69_pop_4,0.167317,0.157249,0.111071,0.247913
q_ind_70_pop_4,0.149996,0.130767,0.096260,0.260226
q_ind_71_pop_4,0.159449,0.142536,0.107120,0.254035
q_ind_72_pop_4,0.125383,0.112869,0.072146,0.213819
q_ind_73_pop_4,0.167939,0.153899,0.115698,0.252305
q_ind_74_pop_4,0.170838,0.165701,0.109474,0.250114
q_ind_75_pop_4,0.123969,0.113985,0.080484,0.208470
q_ind_76_pop_4,0.429984,0.427069,0.392237,0.479483
q_ind_77_pop_4,0.431277,0.429248,0.387019,0.502196
q_ind_78_pop_4,0.442906,0.439276,0.398122,0.522871
q_ind_79_pop_4,0.408114,0.404726,0.367900,0.482186
q_ind_80_pop_4,0.396595,0.394609,0.359162,0.446486
q_ind_81_pop_4,0.406345,0.403238,0.361403,0.477038
q_ind_82_pop_4,0.433041,0.432611,0.379955,0.487902
q_ind_83_pop_4,0.393651,0.390395,0.351234,0.463479
q_ind_84_pop_4,0.450761,0.449307,0.408471,0.509675
q_ind_85_pop_4,0.394643,0.392928,0.355455,0.441980
q_ind_86_pop_4,0.434389,0.432704,0.390299,0.487667
q_ind_87_pop_4,0.015005,0.001542,0.000000,0.092824
q_ind_88_pop_4,0.004821,0.000214,0.000000,0.040840
q_ind_89_pop_4,0.011965,0.000845,0.000000,0.081549
q_ind_90_pop_4,0.022312,0.004221,0.000000,0.076916
q_ind_91_pop_4,0.015581,0.001791,0.000000,0.068388
q_ind_92_pop_4,0.020323,0.006898,0.000000,0.073071
q_ind_93_pop_4,0.111171,0.112088,0.063543,0.153192
q_ind_94_pop_4,0.004378,0.000183,0.000000,0.045056
q_ind_95_pop_4,0.001461,0.000201,0.000000,0.009319
q_ind_96_pop_4,0.002676,0.000562,0.000000,0.014958
q_ind_97_pop_4,0.314986,0.315304,0.271493,0.356959
q_ind_98_pop_4,0.186187,0.186434,0.135790,0.242823
q_ind_99_pop_4,0.002857,0.000269,0.000000,0.021169
q_ind_100_pop_4,0.001041,0.000062,0.000000,0.008510
q_ind_101_pop_4,0.000293,0.000019,0.000000,0.002324
q_ind_102_pop_4,0.000914,0.000083,0.000000,0.007198
q_ind_103_pop_4,0.000488,0.000043,0.000000,0.003744
q_ind_104_pop_4,0.229632,0.228846,0.191699,0.270684
q_ind_105_pop_4,0.023304,0.021302,0.000002,0.057732
q_ind_106_pop_4,0.196468,0.190291,0.139132,0.269675
q_ind_107_pop_4,0.169513,0.168056,0.127076,0.218217
q_ind_108_pop_4,0.145066,0.142414,0.087800,0.213020
q_ind_109_pop_4,0.197367,0.190674,0.139331,0.268270
q_ind_110_pop_4,0.149990,0.148251,0.107105,0.204272
q_ind_111_pop_4,0.205138,0.206973,0.147336,0.259265
q_ind_112_pop_4,0.190758,0.188948,0.128108,0.265860
q_ind_113_pop_4,0.175747,0.174109,0.121453,0.242747
q_ind_114_pop_4,0.004604,0.000498,0.000000,0.028673
q_ind_115_pop_4,0.001574,0.000159,0.000000,0.011125
q_ind_116_pop_4,0.001505,0.000176,0.000000,0.011402
q_ind_117_pop_4,0.006852,0.001293,0.000000,0.035095
q_ind_118_pop_4,0.002537,0.000320,0.000000,0.017189
q_ind_119_pop_4,0.000711,0.000057,0.000000,0.005276
q_ind_120_pop_4,0.002155,0.000207,0.000000,0.014544
q_ind_121_pop_4,0.001005,0.000083,0.000000,0.007555
q_ind_122_pop_4,0.001786,0.000168,0.000000,0.013337
q_ind_123_pop_4,0.026588,0.026837,0.000000,0.068532
q_ind_124_pop_4,0.403283,0.401071,0.359996,0.462002
q_ind_125_pop_4,0.363923,0.361455,0.319478,0.425149
q_ind_126_pop_4,0.406251,0.404692,0.366487,0.477664
q_ind_127_pop_4,0.380470,0.381803,0.316315,0.432469
q_ind_128_pop_4,0.414566,0.411473,0.370257,0.484852
q_ind_129_pop_4,0.406715,0.404245,0.355798,0.471832
q_ind_130_pop_4,0.363711,0.362427,0.329045,0.415783
q_ind_131_pop_4,0.354506,0.352690,0.318024,0.402136
q_ind_132_pop_4,0.558223,0.552793,0.509469,0.637052
q_ind_133_pop_4,0.507390,0.503367,0.466620,0.588540
q_ind_134_pop_4,0.528931,0.523616,0.476003,0.625899
q_ind_135_pop_4,0.524427,0.519974,0.476438,0.617062
q_ind_136_pop_4,0.501215,0.497277,0.455081,0.579595
q_ind_137_pop_4,0.417142,0.414608,0.380109,0.463230
q_ind_138_pop_4,0.468267,0.465426,0.432123,0.522986
q_ind_139_pop_4,0.486619,0.483977,0.443348,0.538668
q_ind_140_pop_4,0.459562,0.456111,0.408503,0.531104
q_ind_141_pop_4,0.332287,0.331461,0.297795,0.375862
q_ind_142_pop_4,0.496149,0.494609,0.454182,0.542770
q_ind_143_pop_4,0.504980,0.499738,0.460667,0.589955
q_ind_144_pop_4,0.000360,0.000023,0.000000,0.003239
q_ind_145_pop_4,0.009478,0.004939,0.000000,0.037408
q_ind_146_pop_4,0.000850,0.000069,0.000000,0.006354
q_ind_147_pop_4,0.018837,0.018306,0.000002,0.045519
q_ind_148_pop_4,0.004413,0.000346,0.000000,0.035845
q_ind_149_pop_4,0.000601,0.000045,0.000000,0.004603
q_ind_150_pop_4,0.001142,0.000069,0.000000,0.010240
q_ind_151_pop_4,0.000469,0.000037,0.000000,0.003536
q_ind_152_pop_4,0.000472,0.000041,0.000000,0.003506
q_ind_153_pop_4,0.001709,0.000200,0.000000,0.011402
q_ind_154_pop_4,0.182681,0.182705,0.143964,0.222494
q_ind_155_pop_4,0.001325,0.000090,0.000000,0.009936
q_ind_156_pop_4,0.001000,0.000086,0.000000,0.007236
q_ind_157_pop_4,0.002285,0.000245,0.000000,0.016036
q_ind_158_pop_4,0.014355,0.004345,0.000000,0.053780
q_ind_159_pop_4,0.000933,0.000069,0.000000,0.007668
q_ind_160_pop_4,0.000484,0.000034,0.000000,0.004450
q_ind_161_pop_4,0.001339,0.000117,0.000000,0.009852
q_ind_162_pop_4,0.000816,0.000059,0.000000,0.006679
q_ind_163_pop_4,0.001550,0.000185,0.000000,0.010617
q_ind_164_pop_4,0.211038,0.210799,0.169017,0.252919
q_ind_165_pop_4,0.217402,0.216704,0.172376,0.268345
q_ind_166_pop_4,0.219321,0.217836,0.177368,0.271374
q_ind_167_pop_4,0.399539,0.406311,0.339949,0.443551
q_ind_168_pop_4,0.341629,0.342285,0.307603,0.372609
q_ind_169_pop_4,0.535099,0.531250,0.487928,0.618178
q_ind_170_pop_4,0.549219,0.544210,0.499233,0.645205
q_ind_171_pop_4,0.558818,0.552525,0.512768,0.659510
q_ind_172_pop_4,0.499424,0.497494,0.459902,0.543376
q_ind_173_pop_4,0.566069,0.561261,0.519760,0.661955
q_ind_174_pop_4,0.418378,0.417584,0.389676,0.449837
q_ind_175_pop_4,0.214040,0.212122,0.176571,0.279918
q_ind_176_pop_4,0.232731,0.232567,0.183133,0.289152
q_ind_177_pop_4,0.250418,0.248638,0.205312,0.307194
q_ind_178_pop_4,0.246610,0.244886,0.198990,0.302734
q_ind_179_pop_4,0.219594,0.218551,0.165735,0.277176
q_ind_180_pop_4,0.263803,0.262079,0.219539,0.313963
q_ind_181_pop_4,0.262933,0.258534,0.217692,0.353950
q_ind_182_pop_4,0.263083,0.262014,0.213691,0.321622
q_ind_183_pop_4,0.257289,0.253925,0.213931,0.331856
q_ind_184_pop_4,0.323167,0.313624,0.240655,0.432232
q_ind_185_pop_4,0.280850,0.258290,0.214861,0.388089
q_ind_186_pop_4,0.269521,0.248357,0.209823,0.366467
q_ind_187_pop_4,0.288118,0.266051,0.207740,0.402246
q_ind_188_pop_4,0.299919,0.287630,0.218506,0.412902
q_ind_189_pop_4,0.288166,0.277012,0.207592,0.384846
q_ind_190_pop_4,0.286383,0.257245,0.216054,0.413781
q_ind_191_pop_4,0.001279,0.000080,0.000000,0.011276
q_ind_192_pop_4,0.006846,0.000889,0.000000,0.046044
q_ind_193_pop_4,0.000179,0.000015,0.000000,0.001299
q_ind_194_pop_4,0.000771,0.000054,0.000000,0.005947
q_ind_195_pop_4,0.000222,0.000015,0.000000,0.001782
q_ind_196_pop_4,0.000212,0.000017,0.000000,0.001654
q_ind_197_pop_4,0.000192,0.000014,0.000000,0.001491
q_ind_198_pop_4,0.001415,0.000089,0.000000,0.013370
q_ind_199_pop_4,0.000277,0.000022,0.000000,0.002188
q_ind_200_pop_4,0.104717,0.105172,0.067219,0.139013
q_ind_201_pop_4,0.000596,0.000040,0.000000,0.004767
q_ind_202_pop_4,0.001797,0.000163,0.000000,0.013275
q_ind_203_pop_4,0.003417,0.000375,0.000000,0.024334
q_ind_204_pop_4,0.002595,0.000240,0.000000,0.019626
q_ind_205_pop_4,0.001062,0.000099,0.000000,0.008344
q_ind_206_pop_4,0.003366,0.000413,0.000000,0.020717
q_ind_207_pop_4,0.119854,0.116268,0.083137,0.177316
q_ind_208_pop_4,0.002896,0.000256,0.000000,0.021651
q_ind_209_pop_4,0.002141,0.000151,0.000000,0.016148
q_ind_210_pop_4,0.007308,0.001504,0.000000,0.037527
q_ind_211_pop_4,0.124213,0.124942,0.076014,0.167338
q_ind_212_pop_4,0.424475,0.414985,0.370492,0.495856
q_ind_213_pop_4,0.435075,0.432128,0.394093,0.481773
q_ind_214_pop_4,0.420719,0.420627,0.378775,0.463487
q_ind_215_pop_4,0.400467,0.399128,0.363982,0.445414
q_ind_216_pop_4,0.431726,0.427840,0.388797,0.483535
q_ind_217_pop_4,0.417783,0.415523,0.375200,0.464898
q_ind_218_pop_4,0.399919,0.398851,0.351912,0.452033
q_ind_219_pop_4,0.423008,0.417581,0.379462,0.483064
q_ind_220_pop_4,0.387095,0.388184,0.339040,0.434045
q_ind_221_pop_4,0.381504,0.381764,0.334436,0.429107
q_ind_222_pop_4,0.074246,0.079330,0.007828,0.117498
q_ind_223_pop_4,0.183960,0.187138,0.127768,0.223681
q_ind_224_pop_4,0.002488,0.000211,0.000000,0.019562
q_ind_225_pop_4,0.058484,0.058695,0.020254,0.091927
q_ind_226_pop_4,0.003907,0.000429,0.000000,0.028825
q_ind_227_pop_4,0.006027,0.001193,0.000000,0.030628
q_ind_228_pop_4,0.001742,0.000165,0.000000,0.013107
q_ind_229_pop_4,0.004792,0.000394,0.000000,0.033023
q_ind_230_pop_4,0.046041,0.047101,0.006409,0.079822
q_ind_231_pop_4,0.015033,0.009967,0.000000,0.052838
q_ind_232_pop_4,0.031155,0.030827,0.000001,0.073170
q_ind_233_pop_4,0.004095,0.000388,0.000000,0.027985
q_ind_234_pop_4,0.064885,0.060966,0.031550,0.116608
q_ind_235_pop_4,0.068252,0.062368,0.031822,0.127715
q_ind_236_pop_4,0.030491,0.024852,0.000000,0.104956
q_ind_237_pop_4,0.047601,0.037619,0.001468,0.133935
q_ind_238_pop_4,0.013475,0.004177,0.000000,0.051754
q_ind_239_pop_4,0.064746,0.060165,0.024948,0.122860
q_ind_240_pop_4,0.107096,0.096565,0.059938,0.195409
q_ind_241_pop_4,0.064298,0.057752,0.006981,0.137886
q_ind_242_pop_4,0.098420,0.090342,0.048250,0.177743
q_ind_243_pop_4,0.056324,0.052383,0.020824,0.113212
q_ind_244_pop_4,0.100361,0.091841,0.043725,0.185535
q_ind_0_pop_5,0.001214,0.000087,0.000000,0.009742
q_ind_1_pop_5,0.000866,0.000069,0.000000,0.006515
q_ind_2_pop_5,0.002981,0.000566,0.000000,0.017779
q_ind_3_pop_5,0.001390,0.000130,0.000000,0.010286
q_ind_4_pop_5,0.000839,0.000061,0.000000,0.007284
q_ind_5_pop_5,0.001313,0.000108,0.000000,0.010019
q_ind_6_pop_5,0.002447,0.000229,0.000000,0.018571
q_ind_7_pop_5,0.002152,0.000254,0.000000,0.015224
q_ind_8_pop_5,0.001247,0.000097,0.000000,0.009663
q_ind_9_pop_5,0.000555,0.000054,0.000000,0.004104
q_ind_10_pop_5,0.004003,0.000884,0.000000,0.022060
q_ind_11_pop_5,0.001346,0.000129,0.000000,0.009564
q_ind_12_pop_5,0.003304,0.000464,0.000000,0.022949
q_ind_13_pop_5,0.005825,0.000973,0.000000,0.030833
q_ind_14_pop_5,0.003660,0.000612,0.000000,0.020802
q_ind_15_pop_5,0.002705,0.000237,0.000000,0.019285
q_ind_16_pop_5,0.005874,0.000750,0.000000,0.034142
q_ind_17_pop_5,0.003132,0.000415,0.000000,0.019914
q_ind_18_pop_5,0.004958,0.001105,0.000000,0.027557
q_ind_19_pop_5,0.005909,0.000733,0.000000,0.034377
q_ind_20_pop_5,0.004559,0.000535,0.000000,0.030800
q_ind_21_pop_5,0.006859,0.002667,0.000000,0.031243
q_ind_22_pop_5,0.002282,0.000249,0.000000,0.015217
q_ind_23_pop_5,0.002239,0.000259,0.000000,0.014991
q_ind_24_pop_5,0.004416,0.000286,0.000000,0.040736
q_ind_25_pop_5,0.002383,0.000321,0.000000,0.015678
q_ind_26_pop_5,0.032512,0.030890,0.000242,0.073593
q_ind_27_pop_5,0.003291,0.000483,0.000000,0.020421
q_ind_28_pop_5,0.007533,0.003580,0.000000,0.032454
q_ind_29_pop_5,0.016561,0.014498,0.000000,0.052761
q_ind_30_pop_5,0.002403,0.000232,0.000000,0.016552
q_ind_31_pop_5,0.000996,0.000087,0.000000,0.008094
q_ind_32_pop_5,0.003278,0.000412,0.000000,0.021954
q_ind_33_pop_5,0.000829,0.000064,0.000000,0.006212
q_ind_34_pop_5,0.001047,0.000102,0.000000,0.007668
q_ind_35_pop_5,0.000601,0.000041,0.000000,0.004820
q_ind_36_pop_5,0.011392,0.009383,0.000000,0.034766
q_ind_37_pop_5,0.000726,0.000064,0.000000,0.005436
q_ind_38_pop_5,0.073656,0.073320,0.035209,0.113900
q_ind_39_pop_5,0.051466,0.056549,0.000675,0.090823
q_ind_40_pop_5,0.002938,0.000278,0.000000,0.021561
q_ind_41_pop_5,0.459439,0.445831,0.391521,0.577780
q_ind_42_pop_5,0.439574,0.425287,0.368903,0.558560
q_ind_43_pop_5,0.439653,0.426685,0.367702,0.560025
q_ind_44_pop_5,0.422542,0.406372,0.348214,0.558690
q_ind_45_pop_5,0.459111,0.446063,0.393737,0.574318
q_ind_46_pop_5,0.414771,0.402089,0.342267,0.542401
q_ind_47_pop_5,0.436044,0.425425,0.369897,0.554483
q_ind_48_pop_5,0.428119,0.415655,0.349842,0.544321
q_ind_49_pop_5,0.431312,0.420090,0.369251,0.543236
q_ind_50_pop_5,0.105417,0.105099,0.076529,0.136670
q_ind_51_pop_5,0.077811,0.077212,0.045218,0.112118
q_ind_52_pop_5,0.086989,0.086606,0.055794,0.121689
q_ind_53_pop_5,0.088083,0.087898,0.055136,0.121817
q_ind_54_pop_5,0.087575,0.086971,0.055205,0.124440
q_ind_55_pop_5,0.107301,0.106687,0.077410,0.139553
q_ind_56_pop_5,0.098901,0.098376,0.060134,0.135493
q_ind_57_pop_5,0.107700,0.106720,0.076468,0.143963
q_ind_58_pop_5,0.065999,0.065404,0.038277,0.096546
q_ind_59_pop_5,0.111977,0.111563,0.080514,0.145064
q_ind_60_pop_5,0.079691,0.078844,0.042914,0.119620
q_ind_61_pop_5,0.078832,0.078459,0.046206,0.113419
q_ind_62_pop_5,0.000328,0.000024,0.000000,0.002549
q_ind_63_pop_5,0.000401,0.000033,0.000000,0.003038
q_ind_64_pop_5,0.000469,0.000038,0.000000,0.003565
q_ind_65_pop_5,0.000450,0.000035,0.000000,0.003388
q_ind_66_pop_5,0.000550,0.000043,0.000000,0.004444
q_ind_67_pop_5,0.542758,0.525704,0.467886,0.684465
q_ind_68_pop_5,0.402904,0.388457,0.341741,0.496581
q_ind_69_pop_5,0.450609,0.447535,0.385899,0.499798
q_ind_70_pop_5,0.538272,0.523517,0.475639,0.676574
q_ind_71_pop_5,0.516727,0.501551,0.446078,0.646461
q_ind_72_pop_5,0.555447,0.543424,0.479747,0.683653
q_ind_73_pop_5,0.393987,0.374343,0.329799,0.524730
q_ind_74_pop_5,0.389637,0.378259,0.318611,0.481788
q_ind_75_pop_5,0.559083,0.542308,0.484946,0.698563
q_ind_76_pop_5,0.004422,0.001034,0.000000,0.024948
q_ind_77_pop_5,0.001231,0.000108,0.000000,0.009306
q_ind_78_pop_5,0.002901,0.000369,0.000000,0.017387
q_ind_79_pop_5,0.001779,0.000156,0.000000,0.012584
q_ind_80_pop_5,0.002058,0.000216,0.000000,0.015273
q_ind_81_pop_5,0.002387,0.000235,0.000000,0.017658
q_ind_82_pop_5,0.007570,0.004994,0.000000,0.028282
q_ind_83_pop_5,0.001435,0.000150,0.000000,0.010661
q_ind_84_pop_5,0.002127,0.000159,0.000000,0.015423
q_ind_85_pop_5,0.012092,0.005335,0.000000,0.056824
q_ind_86_pop_5,0.000981,0.000082,0.000000,0.007419
q_ind_87_pop_5,0.002423,0.000201,0.000000,0.019378
q_ind_88_pop_5,0.001109,0.000087,0.000000,0.009415
q_ind_89_pop_5,0.002328,0.000208,0.000000,0.017730
q_ind_90_pop_5,0.002032,0.000233,0.000000,0.013086
q_ind_91_pop_5,0.004169,0.000569,0.000000,0.025980
q_ind_92_pop_5,0.002269,0.000230,0.000000,0.015659
q_ind_93_pop_5,0.058803,0.058942,0.021757,0.099617
q_ind_94_pop_5,0.002591,0.000360,0.000000,0.016719
q_ind_95_pop_5,0.002701,0.000619,0.000000,0.015089
q_ind_96_pop_5,0.002592,0.000614,0.000000,0.013719
q_ind_97_pop_5,0.007339,0.001371,0.000000,0.036106
q_ind_98_pop_5,0.001994,0.000140,0.000000,0.018445
q_ind_99_pop_5,0.007952,0.000345,0.000000,0.052094
q_ind_100_pop_5,0.000690,0.000057,0.000000,0.005181
q_ind_101_pop_5,0.000413,0.000030,0.000000,0.003214
q_ind_102_pop_5,0.001395,0.000184,0.000000,0.009870
q_ind_103_pop_5,0.000792,0.000059,0.000000,0.006379
q_ind_104_pop_5,0.015951,0.015569,0.000000,0.040543
q_ind_105_pop_5,0.003013,0.000561,0.000000,0.018138
q_ind_106_pop_5,0.257692,0.252584,0.204370,0.329128
q_ind_107_pop_5,0.225502,0.220563,0.170660,0.294844
q_ind_108_pop_5,0.273519,0.269312,0.209151,0.363902
q_ind_109_pop_5,0.249933,0.246455,0.191042,0.329015
q_ind_110_pop_5,0.247653,0.241487,0.198992,0.332088
q_ind_111_pop_5,0.142667,0.142299,0.098053,0.186727
q_ind_112_pop_5,0.203785,0.198234,0.142067,0.287975
q_ind_113_pop_5,0.224003,0.220399,0.161932,0.305588
q_ind_114_pop_5,0.018888,0.018251,0.000000,0.045520
q_ind_115_pop_5,0.002170,0.000207,0.000000,0.015538
q_ind_116_pop_5,0.001570,0.000194,0.000000,0.010640
q_ind_117_pop_5,0.012076,0.009097,0.000000,0.040820
q_ind_118_pop_5,0.002472,0.000230,0.000000,0.016652
q_ind_119_pop_5,0.000857,0.000075,0.000000,0.006432
q_ind_120_pop_5,0.003564,0.000814,0.000000,0.019211
q_ind_121_pop_5,0.000719,0.000051,0.000000,0.005366
q_ind_122_pop_5,0.001079,0.000089,0.000000,0.008051
q_ind_123_pop_5,0.006755,0.001649,0.000000,0.033594
q_ind_124_pop_5,0.002317,0.000190,0.000000,0.018297
q_ind_125_pop_5,0.005466,0.001573,0.000000,0.027896
q_ind_126_pop_5,0.002441,0.000276,0.000000,0.015598
q_ind_127_pop_5,0.001784,0.000229,0.000000,0.012286
q_ind_128_pop_5,0.002125,0.000208,0.000000,0.014846
q_ind_129_pop_5,0.002063,0.000177,0.000000,0.014953
q_ind_130_pop_5,0.001575,0.000127,0.000000,0.011332
q_ind_131_pop_5,0.011474,0.001724,0.000000,0.053858
q_ind_132_pop_5,0.047034,0.045885,0.010261,0.085010
q_ind_133_pop_5,0.056088,0.055598,0.025891,0.089539
q_ind_134_pop_5,0.033931,0.033580,0.007040,0.062976
q_ind_135_pop_5,0.054185,0.054170,0.000578,0.104967
q_ind_136_pop_5,0.050518,0.048584,0.022583,0.089073
q_ind_137_pop_5,0.052461,0.052137,0.029742,0.076150
q_ind_138_pop_5,0.064397,0.061249,0.035901,0.110501
q_ind_139_pop_5,0.035461,0.034097,0.000007,0.105047
q_ind_140_pop_5,0.064410,0.061096,0.032102,0.112354
q_ind_141_pop_5,0.072789,0.071595,0.050397,0.102120
q_ind_142_pop_5,0.064483,0.063567,0.034806,0.100906
q_ind_143_pop_5,0.079682,0.079774,0.045912,0.112111
q_ind_144_pop_5,0.000262,0.000021,0.000000,0.001978
q_ind_145_pop_5,0.001249,0.000108,0.000000,0.009447
q_ind_146_pop_5,0.000561,0.000056,0.000000,0.004381
q_ind_147_pop_5,0.002300,0.000293,0.000000,0.014870
q_ind_148_pop_5,0.005015,0.000528,0.000000,0.031684
q_ind_149_pop_5,0.000948,0.000094,0.000000,0.006857
q_ind_150_pop_5,0.001705,0.000174,0.000000,0.011626
q_ind_151_pop_5,0.000514,0.000045,0.000000,0.003936
q_ind_152_pop_5,0.000548,0.000036,0.000000,0.004507
q_ind_153_pop_5,0.000873,0.000099,0.000000,0.006152
q_ind_154_pop_5,0.003888,0.000664,0.000000,0.022963
q_ind_155_pop_5,0.000929,0.000078,0.000000,0.006835
q_ind_156_pop_5,0.001062,0.000099,0.000000,0.007780
q_ind_157_pop_5,0.000595,0.000052,0.000000,0.004789
q_ind_158_pop_5,0.000829,0.000070,0.000000,0.005779
q_ind_159_pop_5,0.000798,0.000071,0.000000,0.006037
q_ind_160_pop_5,0.001080,0.000090,0.000000,0.008216
q_ind_161_pop_5,0.000992,0.000100,0.000000,0.007112
q_ind_162_pop_5,0.000590,0.000047,0.000000,0.004454
q_ind_163_pop_5,0.000784,0.000071,0.000000,0.006158
q_ind_164_pop_5,0.073221,0.072902,0.036269,0.111140
q_ind_165_pop_5,0.062168,0.062091,0.024951,0.097959
q_ind_166_pop_5,0.076293,0.076712,0.031691,0.120126
q_ind_167_pop_5,0.132143,0.130231,0.098470,0.181218
q_ind_168_pop_5,0.041843,0.041199,0.017319,0.070909
q_ind_169_pop_5,0.007690,0.001274,0.000000,0.037803
q_ind_170_pop_5,0.003458,0.000299,0.000000,0.025075
q_ind_171_pop_5,0.042787,0.042864,0.002858,0.078967
q_ind_172_pop_5,0.004726,0.000818,0.000000,0.027618
q_ind_173_pop_5,0.007295,0.000162,0.000000,0.090817
q_ind_174_pop_5,0.059056,0.058505,0.035786,0.085669
q_ind_175_pop_5,0.045315,0.045829,0.010406,0.077182
q_ind_176_pop_5,0.001056,0.000089,0.000000,0.007997
q_ind_177_pop_5,0.000689,0.000059,0.000000,0.005521
q_ind_178_pop_5,0.000563,0.000047,0.000000,0.004539
q_ind_179_pop_5,0.001060,0.000092,0.000000,0.007755
q_ind_180_pop_5,0.021112,0.017995,0.000000,0.063637
q_ind_181_pop_5,0.000845,0.000062,0.000000,0.006446
q_ind_182_pop_5,0.000732,0.000045,0.000000,0.006761
q_ind_183_pop_5,0.006548,0.001318,0.000000,0.034985
q_ind_184_pop_5,0.373200,0.362194,0.302685,0.503805
q_ind_185_pop_5,0.369948,0.360159,0.307060,0.479593
q_ind_186_pop_5,0.374437,0.365146,0.320168,0.476498
q_ind_187_pop_5,0.374476,0.360846,0.310567,0.507926
q_ind_188_pop_5,0.420070,0.412737,0.360310,0.527951
q_ind_189_pop_5,0.305072,0.291354,0.239257,0.421940
q_ind_190_pop_5,0.395466,0.385212,0.323541,0.498321
q_ind_191_pop_5,0.002332,0.000212,0.000000,0.016952
q_ind_192_pop_5,0.002436,0.000301,0.000000,0.015715
q_ind_193_pop_5,0.000222,0.000015,0.000000,0.001781
q_ind_194_pop_5,0.001022,0.000061,0.000000,0.008697
q_ind_195_pop_5,0.000255,0.000019,0.000000,0.001976
q_ind_196_pop_5,0.000255,0.000020,0.000000,0.002006
q_ind_197_pop_5,0.000221,0.000015,0.000000,0.001884
q_ind_198_pop_5,0.000805,0.000058,0.000000,0.006863
q_ind_199_pop_5,0.000381,0.000026,0.000000,0.002819
q_ind_200_pop_5,0.323744,0.322168,0.279994,0.373169
q_ind_201_pop_5,0.000447,0.000033,0.000000,0.003525
q_ind_202_pop_5,0.001537,0.000150,0.000000,0.011062
q_ind_203_pop_5,0.001984,0.000197,0.000000,0.013023
q_ind_204_pop_5,0.002398,0.000215,0.000000,0.017115
q_ind_205_pop_5,0.002290,0.000217,0.000000,0.016578
q_ind_206_pop_5,0.006589,0.002078,0.000000,0.031297
q_ind_207_pop_5,0.119923,0.119089,0.084139,0.161916
q_ind_208_pop_5,0.002876,0.000365,0.000000,0.018204
q_ind_209_pop_5,0.114381,0.112924,0.080284,0.155797
q_ind_210_pop_5,0.006652,0.002327,0.000000,0.031223
q_ind_211_pop_5,0.114676,0.115796,0.075019,0.152755
q_ind_212_pop_5,0.030617,0.030685,0.000000,0.073057
q_ind_213_pop_5,0.028248,0.029700,0.000001,0.061003
q_ind_214_pop_5,0.034347,0.035914,0.000004,0.070829
q_ind_215_pop_5,0.060813,0.062132,0.023267,0.091994
q_ind_216_pop_5,0.049993,0.051006,0.011771,0.082675
q_ind_217_pop_5,0.036427,0.037017,0.000138,0.065979
q_ind_218_pop_5,0.049281,0.053493,0.000009,0.089753
q_ind_219_pop_5,0.021396,0.021794,0.000000,0.054752
q_ind_220_pop_5,0.033447,0.034736,0.000003,0.068732
q_ind_221_pop_5,0.047945,0.050073,0.000202,0.084336
q_ind_222_pop_5,0.188619,0.186587,0.137918,0.246426
q_ind_223_pop_5,0.089939,0.089249,0.057761,0.126618
q_ind_224_pop_5,0.199484,0.192439,0.149946,0.282900
q_ind_225_pop_5,0.157798,0.157204,0.121275,0.195711
q_ind_226_pop_5,0.192185,0.186804,0.141700,0.273846
q_ind_227_pop_5,0.156841,0.151082,0.114936,0.222636
q_ind_228_pop_5,0.192064,0.186966,0.132427,0.269665
q_ind_229_pop_5,0.158359,0.152810,0.121838,0.222867
q_ind_230_pop_5,0.163264,0.161931,0.120736,0.210164
q_ind_231_pop_5,0.179524,0.176703,0.131683,0.240068
q_ind_232_pop_5,0.152007,0.145845,0.113247,0.220341
q_ind_233_pop_5,0.660451,0.644836,0.578852,0.816497
q_ind_234_pop_5,0.583776,0.563611,0.516340,0.736011
q_ind_235_pop_5,0.623576,0.612640,0.543782,0.761892
q_ind_236_pop_5,0.634031,0.618233,0.560423,0.800641
q_ind_237_pop_5,0.592234,0.572479,0.523173,0.753760
q_ind_238_pop_5,0.618356,0.598629,0.543813,0.790568
q_ind_239_pop_5,0.496502,0.482411,0.435824,0.626667
q_ind_240_pop_5,0.528016,0.514909,0.458228,0.664443
q_ind_241_pop_5,0.591625,0.578141,0.519042,0.740295
q_ind_242_pop_5,0.474556,0.481563,0.415778,0.526829
q_ind_243_pop_5,0.625569,0.607393,0.550175,0.777399
q_ind_244_pop_5,0.492422,0.492746,0.449450,0.564129
q_ind_0_pop_6,0.047605,0.046959,0.023019,0.075615
q_ind_1_pop_6,0.051831,0.052167,0.021724,0.077903
q_ind_2_pop_6,0.031469,0.031203,0.000029,0.065755
q_ind_3_pop_6,0.013500,0.010167,0.000000,0.043411
q_ind_4_pop_6,0.058472,0.057600,0.034295,0.087759
q_ind_5_pop_6,0.066071,0.064729,0.031421,0.107920
q_ind_6_pop_6,0.030699,0.029820,0.004470,0.060782
q_ind_7_pop_6,0.052607,0.051845,0.030376,0.079564
q_ind_8_pop_6,0.081122,0.080767,0.045514,0.119748
q_ind_9_pop_6,0.028253,0.028422,0.000000,0.068142
q_ind_10_pop_6,0.017397,0.015941,0.000000,0.046502
q_ind_11_pop_6,0.036564,0.036197,0.008230,0.067044
q_ind_12_pop_6,0.000989,0.000062,0.000000,0.008556
q_ind_13_pop_6,0.028875,0.028842,0.000119,0.060321
q_ind_14_pop_6,0.016599,0.015321,0.000000,0.043799
q_ind_15_pop_6,0.005055,0.000844,0.000000,0.030457
q_ind_16_pop_6,0.004591,0.000721,0.000000,0.027083
q_ind_17_pop_6,0.001274,0.000107,0.000000,0.010203
q_ind_18_pop_6,0.005160,0.001089,0.000000,0.026590
q_ind_19_pop_6,0.027844,0.029062,0.000002,0.056338
q_ind_20_pop_6,0.002899,0.000293,0.000000,0.021535
q_ind_21_pop_6,0.019213,0.018751,0.000003,0.042885
q_ind_22_pop_6,0.015234,0.014075,0.000000,0.040377
q_ind_23_pop_6,0.047868,0.047249,0.023554,0.075626
q_ind_24_pop_6,0.001071,0.000095,0.000000,0.007925
q_ind_25_pop_6,0.019222,0.018813,0.000003,0.045104
q_ind_26_pop_6,0.005351,0.001737,0.000000,0.025461
q_ind_27_pop_6,0.017012,0.016065,0.000004,0.041017
q_ind_28_pop_6,0.020158,0.019503,0.000015,0.044570
q_ind_29_pop_6,0.020952,0.020691,0.001721,0.042360
q_ind_30_pop_6,0.001049,0.000095,0.000000,0.007825
q_ind_31_pop_6,0.001510,0.000134,0.000000,0.010944
q_ind_32_pop_6,0.002250,0.000203,0.000000,0.017089
q_ind_33_pop_6,0.001210,0.000105,0.000000,0.009681
q_ind_34_pop_6,0.001879,0.000142,0.000000,0.014403
q_ind_35_pop_6,0.000609,0.000043,0.000000,0.004669
q_ind_36_pop_6,0.003827,0.000557,0.000000,0.021701
q_ind_37_pop_6,0.000497,0.000039,0.000000,0.003781
q_ind_38_pop_6,0.030823,0.030631,0.000169,0.061164
q_ind_39_pop_6,0.018328,0.014183,0.000000,0.057714
q_ind_40_pop_6,0.067139,0.067147,0.037398,0.096942
q_ind_41_pop_6,0.002347,0.000301,0.000000,0.016429
q_ind_42_pop_6,0.002464,0.000379,0.000000,0.015523
q_ind_43_pop_6,0.002506,0.000302,0.000000,0.016742
q_ind_44_pop_6,0.005977,0.000881,0.000000,0.034408
q_ind_45_pop_6,0.000671,0.000055,0.000000,0.005496
q_ind_46_pop_6,0.006406,0.002574,0.000000,0.027534
q_ind_47_pop_6,0.008340,0.003544,0.000000,0.038731
q_ind_48_pop_6,0.000900,0.000074,0.000000,0.007546
q_ind_49_pop_6,0.002941,0.000349,0.000000,0.018360
q_ind_50_pop_6,0.001176,0.000099,0.000000,0.008670
q_ind_51_pop_6,0.000832,0.000074,0.000000,0.006124
q_ind_52_pop_6,0.000970,0.000073,0.000000,0.007472
q_ind_53_pop_6,0.000808,0.000046,0.000000,0.007167
q_ind_54_pop_6,0.001010,0.000092,0.000000,0.007476
q_ind_55_pop_6,0.002312,0.000282,0.000000,0.016209
q_ind_56_pop_6,0.084563,0.083845,0.058351,0.113198
q_ind_57_pop_6,0.000786,0.000059,0.000000,0.005898
q_ind_58_pop_6,0.011960,0.010826,0.000000,0.033358
q_ind_59_pop_6,0.000709,0.000056,0.000000,0.005486
q_ind_60_pop_6,0.004560,0.001285,0.000000,0.022721
q_ind_61_pop_6,0.002263,0.000262,0.000000,0.014809
q_ind_62_pop_6,0.967753,0.968284,0.944554,0.988578
q_ind_63_pop_6,0.985304,0.987073,0.960738,0.999371
q_ind_64_pop_6,0.971629,0.972808,0.942251,0.993293
q_ind_65_pop_6,0.968013,0.967923,0.939618,0.995921
q_ind_66_pop_6,0.821950,0.822067,0.786759,0.855732
q_ind_67_pop_6,0.001876,0.000218,0.000000,0.012227
q_ind_68_pop_6,0.051631,0.051439,0.024591,0.081340
q_ind_69_pop_6,0.001843,0.000133,0.000000,0.015378
q_ind_70_pop_6,0.001498,0.000108,0.000000,0.012074
q_ind_71_pop_6,0.002505,0.000262,0.000000,0.018789
q_ind_72_pop_6,0.001773,0.000182,0.000000,0.012637
q_ind_73_pop_6,0.049333,0.050397,0.012218,0.081470
q_ind_74_pop_6,0.029641,0.029912,0.000001,0.065298
q_ind_75_pop_6,0.001847,0.000201,0.000000,0.012865
q_ind_76_pop_6,0.076029,0.075795,0.046170,0.106280
q_ind_77_pop_6,0.107095,0.106682,0.075633,0.140781
q_ind_78_pop_6,0.063880,0.063410,0.035550,0.093664
q_ind_79_pop_6,0.048209,0.047739,0.021281,0.076326
q_ind_80_pop_6,0.084480,0.083991,0.050203,0.121756
q_ind_81_pop_6,0.113720,0.113503,0.077181,0.150117
q_ind_82_pop_6,0.088272,0.088312,0.056330,0.118334
q_ind_83_pop_6,0.092147,0.092289,0.061903,0.121561
q_ind_84_pop_6,0.077811,0.077279,0.051538,0.106280
q_ind_85_pop_6,0.084586,0.084954,0.049330,0.118774
q_ind_86_pop_6,0.061785,0.061533,0.028395,0.096077
q_ind_87_pop_6,0.237200,0.233162,0.173466,0.317329
q_ind_88_pop_6,0.238096,0.236815,0.177658,0.307578
q_ind_89_pop_6,0.196553,0.189526,0.132990,0.280980
q_ind_90_pop_6,0.236866,0.232385,0.176841,0.318460
q_ind_91_pop_6,0.240474,0.239588,0.180412,0.307503
q_ind_92_pop_6,0.206456,0.204572,0.145993,0.276842
q_ind_93_pop_6,0.217011,0.214875,0.171379,0.270833
q_ind_94_pop_6,0.234324,0.231914,0.169386,0.302227
q_ind_95_pop_6,0.001541,0.000230,0.000000,0.009764
q_ind_96_pop_6,0.002862,0.000685,0.000000,0.014599
q_ind_97_pop_6,0.000510,0.000033,0.000000,0.004093
q_ind_98_pop_6,0.109643,0.108899,0.081518,0.141040
q_ind_99_pop_6,0.001433,0.000154,0.000000,0.009687
q_ind_100_pop_6,0.000608,0.000053,0.000000,0.004570
q_ind_101_pop_6,0.000439,0.000031,0.000000,0.003610
q_ind_102_pop_6,0.000845,0.000082,0.000000,0.006188
q_ind_103_pop_6,0.000458,0.000039,0.000000,0.003386
q_ind_104_pop_6,0.050631,0.050758,0.022382,0.077573
q_ind_105_pop_6,0.005674,0.002706,0.000000,0.022985
q_ind_106_pop_6,0.002555,0.000174,0.000000,0.019575
q_ind_107_pop_6,0.001095,0.000086,0.000000,0.008409
q_ind_108_pop_6,0.002152,0.000195,0.000000,0.016284
q_ind_109_pop_6,0.001202,0.000088,0.000000,0.009417
q_ind_110_pop_6,0.002406,0.000206,0.000000,0.018174
q_ind_111_pop_6,0.001365,0.000137,0.000000,0.009751
q_ind_112_pop_6,0.004571,0.000476,0.000000,0.031744
q_ind_113_pop_6,0.002240,0.000162,0.000000,0.015599
q_ind_114_pop_6,0.011651,0.008716,0.000000,0.037513
q_ind_115_pop_6,0.000817,0.000077,0.000000,0.006305
q_ind_116_pop_6,0.001115,0.000136,0.000000,0.007814
q_ind_117_pop_6,0.001469,0.000139,0.000000,0.010699
q_ind_118_pop_6,0.003760,0.001199,0.000000,0.017938
q_ind_119_pop_6,0.000641,0.000052,0.000000,0.005139
q_ind_120_pop_6,0.006414,0.003342,0.000000,0.026275
q_ind_121_pop_6,0.001029,0.000112,0.000000,0.007552
q_ind_122_pop_6,0.001410,0.000137,0.000000,0.010101
q_ind_123_pop_6,0.022049,0.020800,0.000001,0.056471
q_ind_124_pop_6,0.035000,0.035173,0.001865,0.062425
q_ind_125_pop_6,0.036234,0.036354,0.000008,0.074694
q_ind_126_pop_6,0.021195,0.021585,0.000000,0.049480
q_ind_127_pop_6,0.050641,0.048947,0.019853,0.092524
q_ind_128_pop_6,0.039552,0.040190,0.000066,0.074265
q_ind_129_pop_6,0.010566,0.004713,0.000000,0.043567
q_ind_130_pop_6,0.069164,0.067720,0.043302,0.101790
q_ind_131_pop_6,0.069471,0.069081,0.043603,0.097555
q_ind_132_pop_6,0.001443,0.000140,0.000000,0.010757
q_ind_133_pop_6,0.001050,0.000137,0.000000,0.006966
q_ind_134_pop_6,0.001293,0.000122,0.000000,0.009499
q_ind_135_pop_6,0.001093,0.000078,0.000000,0.008994
q_ind_136_pop_6,0.000898,0.000071,0.000000,0.007119
q_ind_137_pop_6,0.001276,0.000100,0.000000,0.009556
q_ind_138_pop_6,0.001154,0.000102,0.000000,0.008547
q_ind_139_pop_6,0.001298,0.000116,0.000000,0.009521
q_ind_140_pop_6,0.000645,0.000051,0.000000,0.004830
q_ind_141_pop_6,0.073363,0.071858,0.051023,0.105636
q_ind_142_pop_6,0.001294,0.000129,0.000000,0.009217
q_ind_143_pop_6,0.000633,0.000047,0.000000,0.005167
q_ind_144_pop_6,0.945402,0.944661,0.913578,0.980520
q_ind_145_pop_6,0.920946,0.921799,0.880342,0.956679
q_ind_146_pop_6,0.947635,0.947388,0.912209,0.985225
q_ind_147_pop_6,0.926086,0.926754,0.892434,0.956577
q_ind_148_pop_6,0.811062,0.811141,0.776826,0.845274
q_ind_149_pop_6,0.963499,0.963537,0.932669,0.992921
q_ind_150_pop_6,0.935612,0.935221,0.898611,0.973204
q_ind_151_pop_6,0.957999,0.958824,0.928461,0.983583
q_ind_152_pop_6,0.951700,0.951362,0.921918,0.983939
q_ind_153_pop_6,0.950350,0.951244,0.917997,0.979506
q_ind_154_pop_6,0.414516,0.414181,0.382298,0.448568
q_ind_155_pop_6,0.108279,0.106508,0.069394,0.154388
q_ind_156_pop_6,0.088277,0.087644,0.049645,0.128515
q_ind_157_pop_6,0.066620,0.065276,0.029597,0.110372
q_ind_158_pop_6,0.056936,0.056573,0.023539,0.093241
q_ind_159_pop_6,0.137686,0.137039,0.097175,0.182052
q_ind_160_pop_6,0.084469,0.083863,0.047532,0.123601
q_ind_161_pop_6,0.089244,0.088346,0.052789,0.131043
q_ind_162_pop_6,0.077900,0.075412,0.044255,0.121037
q_ind_163_pop_6,0.089571,0.087993,0.053422,0.134393
q_ind_164_pop_6,0.007581,0.002302,0.000000,0.035199
q_ind_165_pop_6,0.001501,0.000192,0.000000,0.010010
q_ind_166_pop_6,0.001805,0.000187,0.000000,0.012945
q_ind_167_pop_6,0.001812,0.000200,0.000000,0.013272
q_ind_168_pop_6,0.090742,0.090253,0.064218,0.120485
q_ind_169_pop_6,0.001381,0.000105,0.000000,0.010346
q_ind_170_pop_6,0.013586,0.012256,0.000000,0.039900
q_ind_171_pop_6,0.000659,0.000048,0.000000,0.005196
q_ind_172_pop_6,0.000507,0.000041,0.000000,0.003990
q_ind_173_pop_6,0.001343,0.000119,0.000000,0.009129
q_ind_174_pop_6,0.001994,0.000225,0.000000,0.013577
q_ind_175_pop_6,0.111992,0.111720,0.083674,0.143462
q_ind_176_pop_6,0.145272,0.144757,0.109948,0.183156
q_ind_177_pop_6,0.171914,0.171731,0.133057,0.210820
q_ind_178_pop_6,0.154554,0.154331,0.121559,0.189858
q_ind_179_pop_6,0.188914,0.188985,0.148948,0.228303
q_ind_180_pop_6,0.124062,0.122460,0.088360,0.168448
q_ind_181_pop_6,0.163470,0.164410,0.122528,0.201968
q_ind_182_pop_6,0.181065,0.180703,0.144857,0.218998
q_ind_183_pop_6,0.139653,0.138920,0.108550,0.174128
q_ind_184_pop_6,0.000972,0.000076,0.000000,0.007737
q_ind_185_pop_6,0.000772,0.000056,0.000000,0.006724
q_ind_186_pop_6,0.000418,0.000029,0.000000,0.003450
q_ind_187_pop_6,0.000588,0.000043,0.000000,0.004708
q_ind_188_pop_6,0.000923,0.000071,0.000000,0.007622
q_ind_189_pop_6,0.001763,0.000149,0.000000,0.012949
q_ind_190_pop_6,0.000682,0.000045,0.000000,0.005221
q_ind_191_pop_6,0.000935,0.000083,0.000000,0.007350
q_ind_192_pop_6,0.001251,0.000136,0.000000,0.008665
q_ind_193_pop_6,0.000191,0.000014,0.000000,0.001527
q_ind_194_pop_6,0.001533,0.000114,0.000000,0.011877
q_ind_195_pop_6,0.000292,0.000019,0.000000,0.002368
q_ind_196_pop_6,0.000245,0.000020,0.000000,0.001986
q_ind_197_pop_6,0.000253,0.000018,0.000000,0.002035
q_ind_198_pop_6,0.001711,0.000127,0.000000,0.014266
q_ind_199_pop_6,0.001400,0.000040,0.000000,0.013504
q_ind_200_pop_6,0.001205,0.000085,0.000000,0.009299
q_ind_201_pop_6,0.001070,0.000061,0.000000,0.009039
q_ind_202_pop_6,0.004671,0.000848,0.000000,0.028024
q_ind_203_pop_6,0.001318,0.000115,0.000000,0.009650
q_ind_204_pop_6,0.002960,0.000258,0.000000,0.021775
q_ind_205_pop_6,0.005728,0.001620,0.000000,0.027922
q_ind_206_pop_6,0.009360,0.003692,0.000000,0.037980
q_ind_207_pop_6,0.070510,0.069319,0.045651,0.102340
q_ind_208_pop_6,0.006898,0.001547,0.000000,0.035189
q_ind_209_pop_6,0.001570,0.000112,0.000000,0.011491
q_ind_210_pop_6,0.003824,0.000398,0.000000,0.023047
q_ind_211_pop_6,0.043246,0.043015,0.017607,0.070125
q_ind_212_pop_6,0.001582,0.000158,0.000000,0.011404
q_ind_213_pop_6,0.006279,0.002644,0.000000,0.028656
q_ind_214_pop_6,0.017105,0.016520,0.000000,0.045356
q_ind_215_pop_6,0.023963,0.024839,0.000003,0.049785
q_ind_216_pop_6,0.000656,0.000044,0.000000,0.005432
q_ind_217_pop_6,0.032519,0.033057,0.001100,0.055883
q_ind_218_pop_6,0.002064,0.000271,0.000000,0.013306
q_ind_219_pop_6,0.010556,0.006726,0.000000,0.036890
q_ind_220_pop_6,0.039066,0.039591,0.000832,0.068049
q_ind_221_pop_6,0.003088,0.000471,0.000000,0.018729
q_ind_222_pop_6,0.006492,0.000875,0.000000,0.034800
q_ind_223_pop_6,0.094816,0.091398,0.064074,0.143160
q_ind_224_pop_6,0.039537,0.040043,0.000356,0.071939
q_ind_225_pop_6,0.078708,0.078772,0.052699,0.103898
q_ind_226_pop_6,0.018079,0.014832,0.000000,0.057369
q_ind_227_pop_6,0.019371,0.017643,0.000000,0.054450
q_ind_228_pop_6,0.015824,0.011791,0.000000,0.050802
q_ind_229_pop_6,0.002633,0.000268,0.000000,0.018751
q_ind_230_pop_6,0.061470,0.061232,0.034362,0.090229
q_ind_231_pop_6,0.002855,0.000310,0.000000,0.018943
q_ind_232_pop_6,0.017970,0.016909,0.000000,0.048720
q_ind_233_pop_6,0.007025,0.002954,0.000000,0.030048
q_ind_234_pop_6,0.000906,0.000076,0.000000,0.006729
q_ind_235_pop_6,0.000573,0.000049,0.000000,0.004328
q_ind_236_pop_6,0.000782,0.000064,0.000000,0.005990
q_ind_237_pop_6,0.001166,0.000082,0.000000,0.008448
q_ind_238_pop_6,0.001387,0.000097,0.000000,0.011380
q_ind_239_pop_6,0.000999,0.000070,0.000000,0.007939
q_ind_240_pop_6,0.026065,0.026462,0.002337,0.051267
q_ind_241_pop_6,0.005677,0.004124,0.000000,0.019920
q_ind_242_pop_6,0.004307,0.000295,0.000000,0.035064
q_ind_243_pop_6,0.002318,0.000352,0.000000,0.014428
q_ind_244_pop_6,0.000963,0.000056,0.000000,0.008322
q_ind_0_pop_7,0.357904,0.357905,0.326650,0.389926
q_ind_1_pop_7,0.371192,0.373222,0.324858,0.407740
q_ind_2_pop_7,0.451877,0.456152,0.377373,0.506019
q_ind_3_pop_7,0.421254,0.425967,0.344504,0.480897
q_ind_4_pop_7,0.283963,0.283324,0.242656,0.326310
q_ind_5_pop_7,0.412310,0.416565,0.348762,0.470011
q_ind_6_pop_7,0.444249,0.441450,0.399478,0.499849
q_ind_7_pop_7,0.437486,0.440678,0.374329,0.487614
q_ind_8_pop_7,0.406846,0.405930,0.351496,0.461882
q_ind_9_pop_7,0.449092,0.453161,0.380269,0.497076
q_ind_10_pop_7,0.426099,0.426473,0.378713,0.473900
q_ind_11_pop_7,0.436494,0.441551,0.357494,0.488972
q_ind_12_pop_7,0.001633,0.000124,0.000000,0.012375
q_ind_13_pop_7,0.001332,0.000109,0.000000,0.010570
q_ind_14_pop_7,0.000726,0.000056,0.000000,0.005514
q_ind_15_pop_7,0.002860,0.000178,0.000000,0.030036
q_ind_16_pop_7,0.002508,0.000329,0.000000,0.017677
q_ind_17_pop_7,0.007676,0.000843,0.000000,0.052520
q_ind_18_pop_7,0.000966,0.000058,0.000000,0.008241
q_ind_19_pop_7,0.055149,0.055510,0.024377,0.084772
q_ind_20_pop_7,0.003558,0.000269,0.000000,0.029266
q_ind_21_pop_7,0.003317,0.000411,0.000000,0.022780
q_ind_22_pop_7,0.006572,0.002040,0.000000,0.030260
q_ind_23_pop_7,0.014090,0.010092,0.000000,0.044836
q_ind_24_pop_7,0.020299,0.003714,0.000000,0.121453
q_ind_25_pop_7,0.000905,0.000088,0.000000,0.006555
q_ind_26_pop_7,0.001628,0.000138,0.000000,0.012126
q_ind_27_pop_7,0.002508,0.000283,0.000000,0.016982
q_ind_28_pop_7,0.001963,0.000202,0.000000,0.013101
q_ind_29_pop_7,0.001404,0.000107,0.000000,0.011096
q_ind_30_pop_7,0.036885,0.021002,0.000000,0.121875
q_ind_31_pop_7,0.052062,0.050006,0.000008,0.122440
q_ind_32_pop_7,0.043098,0.022937,0.000000,0.145381
q_ind_33_pop_7,0.023246,0.004411,0.000000,0.129692
q_ind_34_pop_7,0.074776,0.064483,0.035273,0.164230
q_ind_35_pop_7,0.017994,0.000249,0.000000,0.133256
q_ind_36_pop_7,0.040792,0.030118,0.002885,0.107230
q_ind_37_pop_7,0.014136,0.000382,0.000000,0.088421
q_ind_38_pop_7,0.059027,0.054766,0.025579,0.110443
q_ind_39_pop_7,0.075300,0.072740,0.039765,0.126719
q_ind_40_pop_7,0.046801,0.037719,0.000056,0.119359
q_ind_41_pop_7,0.001190,0.000120,0.000000,0.008936
q_ind_42_pop_7,0.002312,0.000306,0.000000,0.015056
q_ind_43_pop_7,0.001069,0.000105,0.000000,0.007667
q_ind_44_pop_7,0.001925,0.000238,0.000000,0.013117
q_ind_45_pop_7,0.000959,0.000074,0.000000,0.007780
q_ind_46_pop_7,0.000631,0.000050,0.000000,0.004827
q_ind_47_pop_7,0.001256,0.000124,0.000000,0.008588
q_ind_48_pop_7,0.001322,0.000126,0.000000,0.009982
q_ind_49_pop_7,0.000491,0.000041,0.000000,0.003734
q_ind_50_pop_7,0.000893,0.000085,0.000000,0.006731
q_ind_51_pop_7,0.000629,0.000050,0.000000,0.004887
q_ind_52_pop_7,0.000723,0.000050,0.000000,0.005727
q_ind_53_pop_7,0.001122,0.000089,0.000000,0.008579
q_ind_54_pop_7,0.001035,0.000074,0.000000,0.008564
q_ind_55_pop_7,0.000889,0.000076,0.000000,0.006804
q_ind_56_pop_7,0.003763,0.000325,0.000000,0.028620
q_ind_57_pop_7,0.000751,0.000059,0.000000,0.006059
q_ind_58_pop_7,0.001171,0.000093,0.000000,0.009194
q_ind_59_pop_7,0.000729,0.000058,0.000000,0.005493
q_ind_60_pop_7,0.001637,0.000151,0.000000,0.013085
q_ind_61_pop_7,0.001257,0.000113,0.000000,0.008947
q_ind_62_pop_7,0.015500,0.012239,0.000000,0.046627
q_ind_63_pop_7,0.002055,0.000202,0.000000,0.015626
q_ind_64_pop_7,0.010029,0.006007,0.000000,0.038743
q_ind_65_pop_7,0.022453,0.024099,0.000000,0.050509
q_ind_66_pop_7,0.041071,0.040436,0.014892,0.070437
q_ind_67_pop_7,0.003899,0.000406,0.000000,0.025016
q_ind_68_pop_7,0.032701,0.035436,0.000000,0.073095
q_ind_69_pop_7,0.059099,0.059149,0.025575,0.092659
q_ind_70_pop_7,0.002893,0.000256,0.000000,0.021817
q_ind_71_pop_7,0.003954,0.000516,0.000000,0.024939
q_ind_72_pop_7,0.017472,0.013133,0.000000,0.054500
q_ind_73_pop_7,0.010204,0.001166,0.000000,0.050977
q_ind_74_pop_7,0.078278,0.077647,0.042997,0.116238
q_ind_75_pop_7,0.006491,0.000475,0.000000,0.045701
q_ind_76_pop_7,0.048919,0.050987,0.002139,0.083407
q_ind_77_pop_7,0.020212,0.018976,0.000000,0.058778
q_ind_78_pop_7,0.038415,0.039131,0.000115,0.074433
q_ind_79_pop_7,0.070424,0.071309,0.030075,0.108667
q_ind_80_pop_7,0.056613,0.057079,0.012720,0.093129
q_ind_81_pop_7,0.048958,0.048597,0.009212,0.089923
q_ind_82_pop_7,0.042033,0.042697,0.000014,0.078288
q_ind_83_pop_7,0.062505,0.062564,0.030789,0.094887
q_ind_84_pop_7,0.042169,0.042809,0.000786,0.074002
q_ind_85_pop_7,0.070732,0.070068,0.039588,0.104251
q_ind_86_pop_7,0.065417,0.065129,0.030777,0.100683
q_ind_87_pop_7,0.027834,0.011532,0.000000,0.093714
q_ind_88_pop_7,0.041439,0.042524,0.000000,0.097464
q_ind_89_pop_7,0.006115,0.000550,0.000000,0.046068
q_ind_90_pop_7,0.003416,0.000208,0.000000,0.030691
q_ind_91_pop_7,0.021023,0.009548,0.000000,0.076140
q_ind_92_pop_7,0.063409,0.068742,0.000047,0.108614
q_ind_93_pop_7,0.059796,0.059816,0.000008,0.116456
q_ind_94_pop_7,0.024397,0.012734,0.000000,0.089034
q_ind_95_pop_7,0.001356,0.000160,0.000000,0.008906
q_ind_96_pop_7,0.000915,0.000089,0.000000,0.006884
q_ind_97_pop_7,0.007073,0.000436,0.000000,0.038481
q_ind_98_pop_7,0.083555,0.083014,0.051513,0.119130
q_ind_99_pop_7,0.000930,0.000077,0.000000,0.007206
q_ind_100_pop_7,0.000504,0.000041,0.000000,0.003891
q_ind_101_pop_7,0.000251,0.000018,0.000000,0.002035
q_ind_102_pop_7,0.001213,0.000114,0.000000,0.009053
q_ind_103_pop_7,0.000566,0.000049,0.000000,0.004175
q_ind_104_pop_7,0.051341,0.052709,0.003363,0.086388
q_ind_105_pop_7,0.003233,0.000565,0.000000,0.017896
q_ind_106_pop_7,0.146665,0.144834,0.101373,0.199253
q_ind_107_pop_7,0.152470,0.150769,0.106074,0.208828
q_ind_108_pop_7,0.130893,0.131070,0.083930,0.177912
q_ind_109_pop_7,0.150270,0.151185,0.108692,0.190412
q_ind_110_pop_7,0.130284,0.128322,0.091094,0.178782
q_ind_111_pop_7,0.095566,0.094444,0.054564,0.140851
q_ind_112_pop_7,0.143746,0.143791,0.096062,0.190859
q_ind_113_pop_7,0.125533,0.124362,0.075297,0.180370
q_ind_114_pop_7,0.001020,0.000080,0.000000,0.008710
q_ind_115_pop_7,0.002053,0.000216,0.000000,0.013461
q_ind_116_pop_7,0.000988,0.000114,0.000000,0.007134
q_ind_117_pop_7,0.000929,0.000099,0.000000,0.006538
q_ind_118_pop_7,0.001025,0.000074,0.000000,0.008011
q_ind_119_pop_7,0.000521,0.000040,0.000000,0.004049
q_ind_120_pop_7,0.002705,0.000421,0.000000,0.016762
q_ind_121_pop_7,0.000622,0.000051,0.000000,0.004902
q_ind_122_pop_7,0.001080,0.000080,0.000000,0.008350
q_ind_123_pop_7,0.042959,0.043112,0.008869,0.078686
q_ind_124_pop_7,0.046805,0.044259,0.011277,0.088199
q_ind_125_pop_7,0.034730,0.035003,0.000185,0.071753
q_ind_126_pop_7,0.020396,0.020852,0.000000,0.045366
q_ind_127_pop_7,0.069384,0.057257,0.025393,0.155379
q_ind_128_pop_7,0.005646,0.000953,0.000000,0.034928
q_ind_129_pop_7,0.065832,0.065761,0.027725,0.104733
q_ind_130_pop_7,0.072471,0.071594,0.047793,0.102510
q_ind_131_pop_7,0.109441,0.107176,0.070586,0.156109
q_ind_132_pop_7,0.005375,0.000199,0.000000,0.079233
q_ind_133_pop_7,0.006820,0.001362,0.000000,0.036993
q_ind_134_pop_7,0.006016,0.001244,0.000000,0.040773
q_ind_135_pop_7,0.002180,0.000098,0.000000,0.015422
q_ind_136_pop_7,0.002440,0.000279,0.000000,0.017487
q_ind_137_pop_7,0.050304,0.050616,0.025664,0.074035
q_ind_138_pop_7,0.004703,0.001200,0.000000,0.022515
q_ind_139_pop_7,0.012420,0.003624,0.000000,0.116355
q_ind_140_pop_7,0.001354,0.000125,0.000000,0.009867
q_ind_141_pop_7,0.007203,0.000148,0.000000,0.072025
q_ind_142_pop_7,0.024736,0.023903,0.000001,0.060495
q_ind_143_pop_7,0.004743,0.000176,0.000000,0.072274
q_ind_144_pop_7,0.003110,0.000109,0.000000,0.027609
q_ind_145_pop_7,0.001907,0.000141,0.000000,0.016524
q_ind_146_pop_7,0.004499,0.000493,0.000000,0.027503
q_ind_147_pop_7,0.017455,0.016999,0.000000,0.043150
q_ind_148_pop_7,0.032604,0.032560,0.002862,0.059238
q_ind_149_pop_7,0.002999,0.000300,0.000000,0.020851
q_ind_150_pop_7,0.001141,0.000090,0.000000,0.008776
q_ind_151_pop_7,0.003257,0.000334,0.000000,0.021607
q_ind_152_pop_7,0.000867,0.000081,0.000000,0.006728
q_ind_153_pop_7,0.005936,0.001311,0.000000,0.029350
q_ind_154_pop_7,0.073931,0.075435,0.035172,0.107342
q_ind_155_pop_7,0.443780,0.457041,0.348016,0.507855
q_ind_156_pop_7,0.517654,0.528249,0.393370,0.573184
q_ind_157_pop_7,0.482889,0.490878,0.395912,0.537810
q_ind_158_pop_7,0.473601,0.481551,0.382606,0.531748
q_ind_159_pop_7,0.450120,0.455750,0.371880,0.509059
q_ind_160_pop_7,0.502436,0.508546,0.416778,0.546520
q_ind_161_pop_7,0.480387,0.487326,0.386045,0.534004
q_ind_162_pop_7,0.507829,0.516900,0.396130,0.562822
q_ind_163_pop_7,0.475685,0.488294,0.375144,0.537439
q_ind_164_pop_7,0.164920,0.164765,0.126313,0.204899
q_ind_165_pop_7,0.151995,0.149900,0.112815,0.204149
q_ind_166_pop_7,0.110227,0.107487,0.069399,0.175304
q_ind_167_pop_7,0.003285,0.000458,0.000000,0.021122
q_ind_168_pop_7,0.138091,0.137832,0.104337,0.172335
q_ind_169_pop_7,0.002618,0.000313,0.000000,0.017457
q_ind_170_pop_7,0.005265,0.001335,0.000000,0.024794
q_ind_171_pop_7,0.002566,0.000085,0.000000,0.019464
q_ind_172_pop_7,0.000547,0.000039,0.000000,0.004560
q_ind_173_pop_7,0.008800,0.000077,0.000000,0.120697
q_ind_174_pop_7,0.054916,0.055269,0.026983,0.080952
q_ind_175_pop_7,0.176167,0.176078,0.141808,0.210590
q_ind_176_pop_7,0.186813,0.187937,0.138666,0.227806
q_ind_177_pop_7,0.123629,0.123856,0.075207,0.169313
q_ind_178_pop_7,0.178725,0.181165,0.119359,0.228077
q_ind_179_pop_7,0.103940,0.103726,0.066374,0.141308
q_ind_180_pop_7,0.126108,0.132216,0.066904,0.175706
q_ind_181_pop_7,0.132101,0.132022,0.092195,0.175245
q_ind_182_pop_7,0.137606,0.138130,0.095411,0.175172
q_ind_183_pop_7,0.129134,0.128836,0.089913,0.167800
q_ind_184_pop_7,0.002117,0.000190,0.000000,0.015948
q_ind_185_pop_7,0.003103,0.000256,0.000000,0.027263
q_ind_186_pop_7,0.004607,0.000334,0.000000,0.042042
q_ind_187_pop_7,0.004177,0.000335,0.000000,0.031320
q_ind_188_pop_7,0.007366,0.001571,0.000000,0.050277
q_ind_189_pop_7,0.012510,0.003272,0.000000,0.061878
q_ind_190_pop_7,0.005379,0.000390,0.000000,0.039175
q_ind_191_pop_7,0.111405,0.110060,0.068713,0.162497
q_ind_192_pop_7,0.164209,0.165561,0.112184,0.220065
q_ind_193_pop_7,0.000221,0.000015,0.000000,0.001854
q_ind_194_pop_7,0.129386,0.132123,0.072529,0.185213
q_ind_195_pop_7,0.000353,0.000022,0.000000,0.002758
q_ind_196_pop_7,0.000310,0.000022,0.000000,0.002322
q_ind_197_pop_7,0.000381,0.000024,0.000000,0.002984
q_ind_198_pop_7,0.132726,0.132070,0.070199,0.202141
q_ind_199_pop_7,0.003611,0.000044,0.000000,0.069354
q_ind_200_pop_7,0.055943,0.053699,0.000012,0.117227
q_ind_201_pop_7,0.130056,0.127547,0.082642,0.185987
q_ind_202_pop_7,0.295528,0.295443,0.243105,0.346778
q_ind_203_pop_7,0.326735,0.326722,0.277397,0.377462
q_ind_204_pop_7,0.313330,0.315447,0.252853,0.370861
q_ind_205_pop_7,0.333510,0.336739,0.270573,0.387348
q_ind_206_pop_7,0.273439,0.275859,0.211533,0.327527
q_ind_207_pop_7,0.255474,0.253065,0.208368,0.311209
q_ind_208_pop_7,0.298504,0.294167,0.255636,0.356928
q_ind_209_pop_7,0.301375,0.301676,0.257685,0.344276
q_ind_210_pop_7,0.300935,0.298099,0.253155,0.358948
q_ind_211_pop_7,0.112680,0.113213,0.073764,0.147897
q_ind_212_pop_7,0.002212,0.000195,0.000000,0.016677
q_ind_213_pop_7,0.009232,0.002205,0.000000,0.055360
q_ind_214_pop_7,0.035369,0.034652,0.000005,0.080957
q_ind_215_pop_7,0.012519,0.006854,0.000000,0.047125
q_ind_216_pop_7,0.007457,0.000500,0.000000,0.051629
q_ind_217_pop_7,0.016851,0.008794,0.000000,0.076833
q_ind_218_pop_7,0.027053,0.017748,0.000000,0.106175
q_ind_219_pop_7,0.005982,0.000599,0.000000,0.039413
q_ind_220_pop_7,0.032306,0.030815,0.000001,0.081548
q_ind_221_pop_7,0.022021,0.010431,0.000000,0.098224
q_ind_222_pop_7,0.373055,0.372827,0.334495,0.413690
q_ind_223_pop_7,0.190150,0.186745,0.146508,0.247318
q_ind_224_pop_7,0.372146,0.372621,0.325126,0.418297
q_ind_225_pop_7,0.326375,0.325813,0.291952,0.363120
q_ind_226_pop_7,0.350845,0.350499,0.298971,0.403915
q_ind_227_pop_7,0.394006,0.393506,0.340141,0.451201
q_ind_228_pop_7,0.421832,0.420461,0.373138,0.485079
q_ind_229_pop_7,0.371170,0.370460,0.324455,0.422989
q_ind_230_pop_7,0.347943,0.347393,0.297860,0.400397
q_ind_231_pop_7,0.282689,0.281118,0.236222,0.342205
q_ind_232_pop_7,0.368733,0.367929,0.324314,0.420342
q_ind_233_pop_7,0.001181,0.000088,0.000000,0.009356
q_ind_234_pop_7,0.002566,0.000208,0.000000,0.018389
q_ind_235_pop_7,0.001323,0.000104,0.000000,0.010894
q_ind_236_pop_7,0.001560,0.000161,0.000000,0.010368
q_ind_237_pop_7,0.002059,0.000139,0.000000,0.018450
q_ind_238_pop_7,0.001029,0.000083,0.000000,0.007978
q_ind_239_pop_7,0.034914,0.035098,0.013781,0.056806
q_ind_240_pop_7,0.002576,0.000159,0.000000,0.025608
q_ind_241_pop_7,0.007650,0.003281,0.000000,0.032258
q_ind_242_pop_7,0.023874,0.021221,0.000000,0.069884
q_ind_243_pop_7,0.001101,0.000089,0.000000,0.008416
q_ind_244_pop_7,0.048617,0.054338,0.000003,0.090372
q_ind_0_pop_8,0.000664,0.000046,0.000000,0.005328
q_ind_1_pop_8,0.000732,0.000058,0.000000,0.005579
q_ind_2_pop_8,0.001043,0.000094,0.000000,0.008027
q_ind_3_pop_8,0.001037,0.000071,0.000000,0.008946
q_ind_4_pop_8,0.017220,0.017092,0.000000,0.042480
q_ind_5_pop_8,0.002920,0.000492,0.000000,0.018463
q_ind_6_pop_8,0.000525,0.000045,0.000000,0.003928
q_ind_7_pop_8,0.001347,0.000109,0.000000,0.009768
q_ind_8_pop_8,0.001187,0.000104,0.000000,0.008620
q_ind_9_pop_8,0.000479,0.000036,0.000000,0.003811
q_ind_10_pop_8,0.002336,0.000285,0.000000,0.016020
q_ind_11_pop_8,0.001701,0.000217,0.000000,0.010794
q_ind_12_pop_8,0.271012,0.270199,0.226703,0.316367
q_ind_13_pop_8,0.243713,0.242316,0.197792,0.297622
q_ind_14_pop_8,0.262488,0.262624,0.228585,0.295420
q_ind_15_pop_8,0.241005,0.240010,0.201999,0.285625
q_ind_16_pop_8,0.261174,0.260489,0.217909,0.309817
q_ind_17_pop_8,0.272307,0.270627,0.230714,0.325945
q_ind_18_pop_8,0.250718,0.248125,0.214968,0.298893
q_ind_19_pop_8,0.289249,0.286370,0.250657,0.351811
q_ind_20_pop_8,0.023538,0.023754,0.000001,0.056192
q_ind_21_pop_8,0.008797,0.005120,0.000000,0.033264
q_ind_22_pop_8,0.002314,0.000297,0.000000,0.016227
q_ind_23_pop_8,0.012626,0.010550,0.000000,0.038833
q_ind_24_pop_8,0.003999,0.000338,0.000000,0.030460
q_ind_25_pop_8,0.002002,0.000230,0.000000,0.013613
q_ind_26_pop_8,0.002154,0.000291,0.000000,0.015407
q_ind_27_pop_8,0.004135,0.001192,0.000000,0.020689
q_ind_28_pop_8,0.010308,0.007566,0.000000,0.035002
q_ind_29_pop_8,0.002466,0.000261,0.000000,0.016524
q_ind_30_pop_8,0.001271,0.000107,0.000000,0.009853
q_ind_31_pop_8,0.002812,0.000255,0.000000,0.021277
q_ind_32_pop_8,0.002541,0.000255,0.000000,0.016429
q_ind_33_pop_8,0.000749,0.000063,0.000000,0.006098
q_ind_34_pop_8,0.001540,0.000143,0.000000,0.010618
q_ind_35_pop_8,0.000430,0.000036,0.000000,0.003205
q_ind_36_pop_8,0.011500,0.010179,0.000000,0.035157
q_ind_37_pop_8,0.000626,0.000055,0.000000,0.004671
q_ind_38_pop_8,0.068867,0.065541,0.037614,0.112794
q_ind_39_pop_8,0.003655,0.000454,0.000000,0.023039
q_ind_40_pop_8,0.015978,0.006431,0.000000,0.051920
q_ind_41_pop_8,0.186571,0.184649,0.142894,0.235228
q_ind_42_pop_8,0.212717,0.213217,0.168578,0.256977
q_ind_43_pop_8,0.192544,0.191049,0.137619,0.249601
q_ind_44_pop_8,0.207053,0.205391,0.160442,0.263398
q_ind_45_pop_8,0.202094,0.201123,0.160362,0.246715
q_ind_46_pop_8,0.237779,0.236396,0.187756,0.297003
q_ind_47_pop_8,0.202697,0.201414,0.161758,0.248707
q_ind_48_pop_8,0.227689,0.226059,0.173348,0.291103
q_ind_49_pop_8,0.207107,0.206132,0.163675,0.252352
q_ind_50_pop_8,0.338297,0.336695,0.300373,0.384835
q_ind_51_pop_8,0.350243,0.347204,0.308943,0.406682
q_ind_52_pop_8,0.360696,0.357124,0.320064,0.419598
q_ind_53_pop_8,0.354507,0.352810,0.310739,0.406880
q_ind_54_pop_8,0.353088,0.348158,0.313999,0.412586
q_ind_55_pop_8,0.353238,0.352161,0.315824,0.398872
q_ind_56_pop_8,0.216461,0.214021,0.171481,0.274337
q_ind_57_pop_8,0.347810,0.345806,0.307433,0.399990
q_ind_58_pop_8,0.359118,0.354506,0.315938,0.418694
q_ind_59_pop_8,0.337075,0.334616,0.299436,0.384434
q_ind_60_pop_8,0.356323,0.352280,0.313731,0.415909
q_ind_61_pop_8,0.361416,0.357760,0.321729,0.418042
q_ind_62_pop_8,0.000366,0.000025,0.000000,0.002985
q_ind_63_pop_8,0.000744,0.000053,0.000000,0.005809
q_ind_64_pop_8,0.001285,0.000097,0.000000,0.010218
q_ind_65_pop_8,0.000667,0.000059,0.000000,0.004983
q_ind_66_pop_8,0.000450,0.000032,0.000000,0.003548
q_ind_67_pop_8,0.001999,0.000177,0.000000,0.016136
q_ind_68_pop_8,0.000957,0.000082,0.000000,0.007626
q_ind_69_pop_8,0.009029,0.001750,0.000000,0.054308
q_ind_70_pop_8,0.024224,0.013392,0.000000,0.085589
q_ind_71_pop_8,0.030323,0.022546,0.000226,0.085408
q_ind_72_pop_8,0.013709,0.008966,0.000000,0.057675
q_ind_73_pop_8,0.006819,0.001083,0.000000,0.034993
q_ind_74_pop_8,0.029072,0.027161,0.000105,0.069421
q_ind_75_pop_8,0.003852,0.000358,0.000000,0.031703
q_ind_76_pop_8,0.000639,0.000060,0.000000,0.004734
q_ind_77_pop_8,0.000793,0.000064,0.000000,0.005883
q_ind_78_pop_8,0.005412,0.002458,0.000000,0.024045
q_ind_79_pop_8,0.002979,0.000489,0.000000,0.017889
q_ind_80_pop_8,0.002803,0.000375,0.000000,0.018438
q_ind_81_pop_8,0.002721,0.000386,0.000000,0.017623
q_ind_82_pop_8,0.001488,0.000153,0.000000,0.010337
q_ind_83_pop_8,0.001998,0.000243,0.000000,0.013478
q_ind_84_pop_8,0.003231,0.000412,0.000000,0.021410
q_ind_85_pop_8,0.001252,0.000093,0.000000,0.010655
q_ind_86_pop_8,0.009187,0.006019,0.000000,0.031462
q_ind_87_pop_8,0.020044,0.019120,0.000000,0.054145
q_ind_88_pop_8,0.018495,0.017265,0.000000,0.049475
q_ind_89_pop_8,0.030192,0.032316,0.000000,0.065032
q_ind_90_pop_8,0.029970,0.034833,0.000000,0.065594
q_ind_91_pop_8,0.046419,0.045713,0.018608,0.078047
q_ind_92_pop_8,0.055306,0.054181,0.029953,0.086175
q_ind_93_pop_8,0.057696,0.057838,0.024341,0.088943
q_ind_94_pop_8,0.034811,0.034861,0.000185,0.069196
q_ind_95_pop_8,0.771975,0.762220,0.729350,0.864854
q_ind_96_pop_8,0.783905,0.774870,0.739018,0.872553
q_ind_97_pop_8,0.377649,0.365024,0.324156,0.488874
q_ind_98_pop_8,0.373959,0.368961,0.330582,0.450434
q_ind_99_pop_8,0.835311,0.825871,0.787732,0.932418
q_ind_100_pop_8,0.834216,0.822402,0.787740,0.962876
q_ind_101_pop_8,0.836252,0.824181,0.791477,0.938550
q_ind_102_pop_8,0.839141,0.828425,0.791129,0.938236
q_ind_103_pop_8,0.874286,0.863716,0.831941,0.971727
q_ind_104_pop_8,0.403314,0.396265,0.359161,0.477276
q_ind_105_pop_8,0.752499,0.747527,0.706998,0.825684
q_ind_106_pop_8,0.001732,0.000177,0.000000,0.013293
q_ind_107_pop_8,0.002450,0.000215,0.000000,0.018186
q_ind_108_pop_8,0.004680,0.000431,0.000000,0.032555
q_ind_109_pop_8,0.009481,0.003208,0.000000,0.042530
q_ind_110_pop_8,0.009569,0.003292,0.000000,0.044931
q_ind_111_pop_8,0.062580,0.062009,0.024112,0.110282
q_ind_112_pop_8,0.001692,0.000138,0.000000,0.012645
q_ind_113_pop_8,0.026826,0.025099,0.000000,0.068215
q_ind_114_pop_8,0.649365,0.643134,0.597901,0.727402
q_ind_115_pop_8,0.741857,0.737493,0.697931,0.808603
q_ind_116_pop_8,0.724541,0.716797,0.675089,0.806001
q_ind_117_pop_8,0.697276,0.691199,0.650322,0.776504
q_ind_118_pop_8,0.743268,0.735965,0.693350,0.828062
q_ind_119_pop_8,0.760859,0.752534,0.716979,0.849013
q_ind_120_pop_8,0.731037,0.723960,0.682954,0.811979
q_ind_121_pop_8,0.754024,0.747666,0.709719,0.830948
q_ind_122_pop_8,0.747081,0.740152,0.696219,0.827564
q_ind_123_pop_8,0.499814,0.495363,0.461693,0.558909
q_ind_124_pop_8,0.001286,0.000135,0.000000,0.009242
q_ind_125_pop_8,0.003853,0.000594,0.000000,0.024047
q_ind_126_pop_8,0.021871,0.021625,0.000138,0.044366
q_ind_127_pop_8,0.006866,0.001025,0.000000,0.037058
q_ind_128_pop_8,0.004855,0.001425,0.000000,0.023940
q_ind_129_pop_8,0.009341,0.004342,0.000000,0.041092
q_ind_130_pop_8,0.067060,0.067088,0.040022,0.092390
q_ind_131_pop_8,0.062017,0.061058,0.033001,0.096882
q_ind_132_pop_8,0.001453,0.000131,0.000000,0.010931
q_ind_133_pop_8,0.015861,0.015427,0.000001,0.038362
q_ind_134_pop_8,0.002127,0.000164,0.000000,0.015707
q_ind_135_pop_8,0.011613,0.008262,0.000000,0.039263
q_ind_136_pop_8,0.005564,0.002228,0.000000,0.025545
q_ind_137_pop_8,0.001719,0.000139,0.000000,0.012717
q_ind_138_pop_8,0.016379,0.015829,0.000000,0.041033
q_ind_139_pop_8,0.024986,0.024903,0.000001,0.056865
q_ind_140_pop_8,0.005603,0.001231,0.000000,0.028297
q_ind_141_pop_8,0.068359,0.065154,0.040485,0.117145
q_ind_142_pop_8,0.005253,0.001884,0.000000,0.024880
q_ind_143_pop_8,0.004560,0.000659,0.000000,0.029073
q_ind_144_pop_8,0.000402,0.000030,0.000000,0.003252
q_ind_145_pop_8,0.004115,0.000830,0.000000,0.023524
q_ind_146_pop_8,0.001322,0.000145,0.000000,0.009906
q_ind_147_pop_8,0.002415,0.000492,0.000000,0.013506
q_ind_148_pop_8,0.026870,0.026755,0.000030,0.057699
q_ind_149_pop_8,0.002049,0.000234,0.000000,0.014287
q_ind_150_pop_8,0.000658,0.000048,0.000000,0.005043
q_ind_151_pop_8,0.000953,0.000072,0.000000,0.007327
q_ind_152_pop_8,0.000543,0.000037,0.000000,0.004111
q_ind_153_pop_8,0.004081,0.000608,0.000000,0.022045
q_ind_154_pop_8,0.029877,0.030004,0.000005,0.060491
q_ind_155_pop_8,0.000989,0.000091,0.000000,0.007163
q_ind_156_pop_8,0.004770,0.001838,0.000000,0.021365
q_ind_157_pop_8,0.001979,0.000203,0.000000,0.013416
q_ind_158_pop_8,0.001997,0.000237,0.000000,0.013035
q_ind_159_pop_8,0.000488,0.000034,0.000000,0.003893
q_ind_160_pop_8,0.000712,0.000063,0.000000,0.005563
q_ind_161_pop_8,0.001003,0.000083,0.000000,0.007675
q_ind_162_pop_8,0.000659,0.000054,0.000000,0.004984
q_ind_163_pop_8,0.001626,0.000152,0.000000,0.011499
q_ind_164_pop_8,0.002214,0.000347,0.000000,0.013982
q_ind_165_pop_8,0.001652,0.000139,0.000000,0.013449
q_ind_166_pop_8,0.003466,0.000482,0.000000,0.021681
q_ind_167_pop_8,0.008358,0.002853,0.000000,0.040316
q_ind_168_pop_8,0.003092,0.000396,0.000000,0.018702
q_ind_169_pop_8,0.001421,0.000088,0.000000,0.011452
q_ind_170_pop_8,0.003006,0.000323,0.000000,0.020545
q_ind_171_pop_8,0.004349,0.000765,0.000000,0.025895
q_ind_172_pop_8,0.059019,0.058471,0.034661,0.088434
q_ind_173_pop_8,0.004872,0.000353,0.000000,0.041514
q_ind_174_pop_8,0.014813,0.013013,0.000000,0.046158
q_ind_175_pop_8,0.034379,0.034557,0.007300,0.059742
q_ind_176_pop_8,0.001146,0.000085,0.000000,0.008584
q_ind_177_pop_8,0.001296,0.000138,0.000000,0.009485
q_ind_178_pop_8,0.001346,0.000112,0.000000,0.009758
q_ind_179_pop_8,0.000759,0.000060,0.000000,0.005890
q_ind_180_pop_8,0.016252,0.013865,0.000000,0.046523
q_ind_181_pop_8,0.000906,0.000085,0.000000,0.006128
q_ind_182_pop_8,0.000732,0.000058,0.000000,0.006057
q_ind_183_pop_8,0.002766,0.000345,0.000000,0.017783
q_ind_184_pop_8,0.002426,0.000182,0.000000,0.019754
q_ind_185_pop_8,0.004638,0.000894,0.000000,0.024086
q_ind_186_pop_8,0.006754,0.000674,0.000000,0.046287
q_ind_187_pop_8,0.009595,0.001410,0.000000,0.051930
q_ind_188_pop_8,0.002399,0.000183,0.000000,0.018743
q_ind_189_pop_8,0.009970,0.001925,0.000000,0.046785
q_ind_190_pop_8,0.001633,0.000132,0.000000,0.013000
q_ind_191_pop_8,0.001746,0.000117,0.000000,0.015457
q_ind_192_pop_8,0.001088,0.000123,0.000000,0.007396
q_ind_193_pop_8,0.000185,0.000015,0.000000,0.001431
q_ind_194_pop_8,0.000459,0.000036,0.000000,0.003754
q_ind_195_pop_8,0.000251,0.000017,0.000000,0.002054
q_ind_196_pop_8,0.000245,0.000020,0.000000,0.001873
q_ind_197_pop_8,0.000199,0.000017,0.000000,0.001587
q_ind_198_pop_8,0.000531,0.000038,0.000000,0.004460
q_ind_199_pop_8,0.000295,0.000019,0.000000,0.002400
q_ind_200_pop_8,0.024501,0.025296,0.000000,0.055984
q_ind_201_pop_8,0.000472,0.000035,0.000000,0.003748
q_ind_202_pop_8,0.001144,0.000091,0.000000,0.008740
q_ind_203_pop_8,0.002283,0.000264,0.000000,0.016181
q_ind_204_pop_8,0.001823,0.000252,0.000000,0.011699
q_ind_205_pop_8,0.001596,0.000179,0.000000,0.011147
q_ind_206_pop_8,0.006243,0.001318,0.000000,0.033022
q_ind_207_pop_8,0.006446,0.001351,0.000000,0.034509
q_ind_208_pop_8,0.001253,0.000097,0.000000,0.009275
q_ind_209_pop_8,0.001102,0.000093,0.000000,0.008656
q_ind_210_pop_8,0.001320,0.000102,0.000000,0.009946
q_ind_211_pop_8,0.155737,0.156551,0.114914,0.191112
q_ind_212_pop_8,0.020015,0.019507,0.000000,0.049351
q_ind_213_pop_8,0.021132,0.021643,0.000000,0.048018
q_ind_214_pop_8,0.005330,0.000798,0.000000,0.029529
q_ind_215_pop_8,0.007154,0.002736,0.000000,0.030408
q_ind_216_pop_8,0.001915,0.000174,0.000000,0.013750
q_ind_217_pop_8,0.027602,0.027541,0.000371,0.052973
q_ind_218_pop_8,0.018107,0.017937,0.000000,0.043841
q_ind_219_pop_8,0.030629,0.030930,0.000711,0.057019
q_ind_220_pop_8,0.052613,0.052317,0.027137,0.079748
q_ind_221_pop_8,0.024193,0.026566,0.000000,0.053110
q_ind_222_pop_8,0.015874,0.009907,0.000000,0.053946
q_ind_223_pop_8,0.107987,0.107305,0.076465,0.142059
q_ind_224_pop_8,0.030774,0.029349,0.000036,0.076678
q_ind_225_pop_8,0.032127,0.031422,0.012866,0.054426
q_ind_226_pop_8,0.051662,0.052520,0.008298,0.090247
q_ind_227_pop_8,0.020830,0.016393,0.000000,0.073035
q_ind_228_pop_8,0.025819,0.024061,0.000009,0.063798
q_ind_229_pop_8,0.039535,0.038986,0.015135,0.065465
q_ind_230_pop_8,0.037016,0.037788,0.000040,0.073089
q_ind_231_pop_8,0.085646,0.085208,0.053268,0.122664
q_ind_232_pop_8,0.034847,0.031188,0.009658,0.074789
q_ind_233_pop_8,0.034324,0.033549,0.000100,0.076557
q_ind_234_pop_8,0.021360,0.010109,0.000000,0.103801
q_ind_235_pop_8,0.032151,0.026426,0.000000,0.097626
q_ind_236_pop_8,0.028291,0.021941,0.000000,0.106897
q_ind_237_pop_8,0.006957,0.000451,0.000000,0.056922
q_ind_238_pop_8,0.041164,0.035222,0.000937,0.114996
q_ind_239_pop_8,0.044210,0.040166,0.018596,0.093710
q_ind_240_pop_8,0.022804,0.005295,0.000000,0.094258
q_ind_241_pop_8,0.033046,0.025403,0.000068,0.104803
q_ind_242_pop_8,0.017832,0.011160,0.000000,0.071971
q_ind_243_pop_8,0.032550,0.028978,0.000000,0.092497
q_ind_244_pop_8,0.016649,0.005847,0.000000,0.078371
q_ind_0_pop_9,0.051836,0.048655,0.024166,0.097822
q_ind_1_pop_9,0.080890,0.072363,0.037569,0.162028
q_ind_2_pop_9,0.034015,0.026298,0.000006,0.106749
q_ind_3_pop_9,0.063580,0.050030,0.016337,0.156801
q_ind_4_pop_9,0.028705,0.031930,0.000000,0.062752
q_ind_5_pop_9,0.053209,0.049077,0.002711,0.114627
q_ind_6_pop_9,0.068006,0.061911,0.023234,0.133952
q_ind_7_pop_9,0.053005,0.050074,0.000478,0.114574
q_ind_8_pop_9,0.075188,0.067002,0.033873,0.144395
q_ind_9_pop_9,0.073067,0.065159,0.027846,0.152687
q_ind_10_pop_9,0.077748,0.068579,0.029766,0.156193
q_ind_11_pop_9,0.068832,0.060580,0.018087,0.159363
q_ind_12_pop_9,0.001665,0.000130,0.000000,0.012705
q_ind_13_pop_9,0.001362,0.000091,0.000000,0.011243
q_ind_14_pop_9,0.004591,0.000450,0.000000,0.029969
q_ind_15_pop_9,0.003669,0.000427,0.000000,0.025587
q_ind_16_pop_9,0.002868,0.000243,0.000000,0.022879
q_ind_17_pop_9,0.002478,0.000266,0.000000,0.019327
q_ind_18_pop_9,0.002487,0.000255,0.000000,0.018135
q_ind_19_pop_9,0.001786,0.000095,0.000000,0.016539
q_ind_20_pop_9,0.001092,0.000081,0.000000,0.008578
q_ind_21_pop_9,0.003313,0.000655,0.000000,0.018930
q_ind_22_pop_9,0.003239,0.000349,0.000000,0.022849
q_ind_23_pop_9,0.009486,0.005879,0.000000,0.036756
q_ind_24_pop_9,0.002508,0.000284,0.000000,0.017090
q_ind_25_pop_9,0.001013,0.000072,0.000000,0.008714
q_ind_26_pop_9,0.001868,0.000151,0.000000,0.014703
q_ind_27_pop_9,0.001172,0.000102,0.000000,0.009008
q_ind_28_pop_9,0.004943,0.000950,0.000000,0.027668
q_ind_29_pop_9,0.002220,0.000252,0.000000,0.014791
q_ind_30_pop_9,0.574407,0.524994,0.482418,0.799407
q_ind_31_pop_9,0.553126,0.487171,0.437272,0.817742
q_ind_32_pop_9,0.544816,0.492602,0.450199,0.764794
q_ind_33_pop_9,0.639808,0.559116,0.525198,0.931917
q_ind_34_pop_9,0.552504,0.499930,0.457128,0.771445
q_ind_35_pop_9,0.640727,0.550959,0.529527,0.997201
q_ind_36_pop_9,0.568763,0.506178,0.465232,0.817809
q_ind_37_pop_9,0.618234,0.537641,0.515239,0.928546
q_ind_38_pop_9,0.294210,0.278459,0.238818,0.413612
q_ind_39_pop_9,0.455441,0.398714,0.345065,0.701270
q_ind_40_pop_9,0.434698,0.407011,0.371892,0.586231
q_ind_41_pop_9,0.001552,0.000140,0.000000,0.011314
q_ind_42_pop_9,0.003298,0.000520,0.000000,0.020012
q_ind_43_pop_9,0.000912,0.000078,0.000000,0.006783
q_ind_44_pop_9,0.000987,0.000084,0.000000,0.007450
q_ind_45_pop_9,0.002200,0.000344,0.000000,0.013441
q_ind_46_pop_9,0.004150,0.000480,0.000000,0.030746
q_ind_47_pop_9,0.002126,0.000267,0.000000,0.012861
q_ind_48_pop_9,0.001015,0.000071,0.000000,0.008104
q_ind_49_pop_9,0.001872,0.000308,0.000000,0.010995
q_ind_50_pop_9,0.002934,0.000651,0.000000,0.017371
q_ind_51_pop_9,0.000916,0.000070,0.000000,0.006945
q_ind_52_pop_9,0.001047,0.000077,0.000000,0.008517
q_ind_53_pop_9,0.001369,0.000099,0.000000,0.011039
q_ind_54_pop_9,0.001051,0.000078,0.000000,0.008183
q_ind_55_pop_9,0.004378,0.000503,0.000000,0.026304
q_ind_56_pop_9,0.036391,0.036197,0.000001,0.082726
q_ind_57_pop_9,0.001245,0.000101,0.000000,0.009790
q_ind_58_pop_9,0.001011,0.000081,0.000000,0.008023
q_ind_59_pop_9,0.000970,0.000062,0.000000,0.008085
q_ind_60_pop_9,0.003065,0.000301,0.000000,0.022078
q_ind_61_pop_9,0.003559,0.000796,0.000000,0.020905
q_ind_62_pop_9,0.002056,0.000122,0.000000,0.015859
q_ind_63_pop_9,0.000860,0.000079,0.000000,0.006449
q_ind_64_pop_9,0.000956,0.000090,0.000000,0.007138
q_ind_65_pop_9,0.000597,0.000046,0.000000,0.004784
q_ind_66_pop_9,0.000845,0.000065,0.000000,0.006998
q_ind_67_pop_9,0.004573,0.001007,0.000000,0.025791
q_ind_68_pop_9,0.001391,0.000108,0.000000,0.010760
q_ind_69_pop_9,0.003012,0.000160,0.000000,0.026172
q_ind_70_pop_9,0.001513,0.000162,0.000000,0.011341
q_ind_71_pop_9,0.015558,0.014076,0.000000,0.049450
q_ind_72_pop_9,0.001675,0.000168,0.000000,0.012346
q_ind_73_pop_9,0.037057,0.036304,0.000089,0.078823
q_ind_74_pop_9,0.002913,0.000222,0.000000,0.021227
q_ind_75_pop_9,0.000857,0.000070,0.000000,0.007154
q_ind_76_pop_9,0.008498,0.005566,0.000002,0.035575
q_ind_77_pop_9,0.001592,0.000117,0.000000,0.011689
q_ind_78_pop_9,0.003435,0.000460,0.000000,0.024189
q_ind_79_pop_9,0.000703,0.000053,0.000000,0.005714
q_ind_80_pop_9,0.001771,0.000177,0.000000,0.012529
q_ind_81_pop_9,0.003600,0.000203,0.000000,0.032142
q_ind_82_pop_9,0.001361,0.000121,0.000000,0.009648
q_ind_83_pop_9,0.001144,0.000111,0.000000,0.008614
q_ind_84_pop_9,0.001907,0.000179,0.000000,0.013955
q_ind_85_pop_9,0.002113,0.000176,0.000000,0.018404
q_ind_86_pop_9,0.001422,0.000109,0.000000,0.011492
q_ind_87_pop_9,0.005531,0.000662,0.000000,0.041807
q_ind_88_pop_9,0.002111,0.000199,0.000000,0.017428
q_ind_89_pop_9,0.002026,0.000131,0.000000,0.016537
q_ind_90_pop_9,0.001895,0.000157,0.000000,0.013230
q_ind_91_pop_9,0.004459,0.000396,0.000000,0.034522
q_ind_92_pop_9,0.001917,0.000174,0.000000,0.014417
q_ind_93_pop_9,0.003955,0.000313,0.000000,0.030148
q_ind_94_pop_9,0.004634,0.000305,0.000000,0.044023
q_ind_95_pop_9,0.001053,0.000139,0.000000,0.007107
q_ind_96_pop_9,0.001703,0.000223,0.000000,0.010960
q_ind_97_pop_9,0.024933,0.024590,0.000000,0.072437
q_ind_98_pop_9,0.027426,0.024382,0.000000,0.086891
q_ind_99_pop_9,0.000820,0.000052,0.000000,0.006503
q_ind_100_pop_9,0.000530,0.000035,0.000000,0.004061
q_ind_101_pop_9,0.000544,0.000052,0.000000,0.004079
q_ind_102_pop_9,0.000721,0.000066,0.000000,0.005253
q_ind_103_pop_9,0.000421,0.000034,0.000000,0.003263
q_ind_104_pop_9,0.021378,0.020766,0.000527,0.045440
q_ind_105_pop_9,0.002968,0.000460,0.000000,0.017813
q_ind_106_pop_9,0.042692,0.033962,0.000002,0.119312
q_ind_107_pop_9,0.063714,0.053586,0.019031,0.157423
q_ind_108_pop_9,0.057925,0.052631,0.005417,0.135138
q_ind_109_pop_9,0.023105,0.015790,0.000000,0.079699
q_ind_110_pop_9,0.060133,0.054267,0.012420,0.132716
q_ind_111_pop_9,0.095741,0.087052,0.045960,0.168235
q_ind_112_pop_9,0.085403,0.074571,0.030343,0.178234
q_ind_113_pop_9,0.042570,0.037162,0.000001,0.119926
q_ind_114_pop_9,0.002250,0.000167,0.000000,0.017172
q_ind_115_pop_9,0.004804,0.001876,0.000000,0.022000
q_ind_116_pop_9,0.000949,0.000090,0.000000,0.006504
q_ind_117_pop_9,0.003174,0.000446,0.000000,0.019273
q_ind_118_pop_9,0.000704,0.000059,0.000000,0.005378
q_ind_119_pop_9,0.001370,0.000137,0.000000,0.010532
q_ind_120_pop_9,0.004790,0.001938,0.000000,0.021493
q_ind_121_pop_9,0.000504,0.000036,0.000000,0.004069
q_ind_122_pop_9,0.001025,0.000092,0.000000,0.007754
q_ind_123_pop_9,0.003142,0.000298,0.000000,0.023409
q_ind_124_pop_9,0.002099,0.000175,0.000000,0.016472
q_ind_125_pop_9,0.008780,0.002817,0.000000,0.043023
q_ind_126_pop_9,0.002636,0.000283,0.000000,0.017103
q_ind_127_pop_9,0.001207,0.000090,0.000000,0.009168
q_ind_128_pop_9,0.001479,0.000147,0.000000,0.011476
q_ind_129_pop_9,0.003365,0.000373,0.000000,0.024729
q_ind_130_pop_9,0.004801,0.000609,0.000000,0.033531
q_ind_131_pop_9,0.033637,0.036687,0.000000,0.072874
q_ind_132_pop_9,0.004239,0.000604,0.000000,0.026803
q_ind_133_pop_9,0.001836,0.000178,0.000000,0.013201
q_ind_134_pop_9,0.010167,0.004089,0.000000,0.052559
q_ind_135_pop_9,0.002562,0.000282,0.000000,0.017427
q_ind_136_pop_9,0.001716,0.000143,0.000000,0.012638
q_ind_137_pop_9,0.042004,0.040834,0.012578,0.082230
q_ind_138_pop_9,0.009151,0.001767,0.000000,0.061786
q_ind_139_pop_9,0.009749,0.004210,0.000000,0.048800
q_ind_140_pop_9,0.001349,0.000088,0.000000,0.011377
q_ind_141_pop_9,0.048594,0.043584,0.017726,0.121581
q_ind_142_pop_9,0.011342,0.007922,0.000000,0.041092
q_ind_143_pop_9,0.013978,0.008905,0.000000,0.070226
q_ind_144_pop_9,0.000391,0.000033,0.000000,0.003203
q_ind_145_pop_9,0.001331,0.000141,0.000000,0.009766
q_ind_146_pop_9,0.001655,0.000109,0.000000,0.013216
q_ind_147_pop_9,0.001534,0.000119,0.000000,0.012022
q_ind_148_pop_9,0.000808,0.000059,0.000000,0.006460
q_ind_149_pop_9,0.001568,0.000149,0.000000,0.011226
q_ind_150_pop_9,0.008873,0.005559,0.000000,0.035368
q_ind_151_pop_9,0.000678,0.000061,0.000000,0.005437
q_ind_152_pop_9,0.000736,0.000052,0.000000,0.006039
q_ind_153_pop_9,0.001172,0.000104,0.000000,0.008759
q_ind_154_pop_9,0.036374,0.036168,0.000001,0.082117
q_ind_155_pop_9,0.021921,0.005853,0.000000,0.099641
q_ind_156_pop_9,0.008157,0.000942,0.000000,0.069813
q_ind_157_pop_9,0.009569,0.000891,0.000000,0.074401
q_ind_158_pop_9,0.032838,0.025239,0.000000,0.109074
q_ind_159_pop_9,0.001575,0.000082,0.000000,0.012199
q_ind_160_pop_9,0.022445,0.006124,0.000000,0.094587
q_ind_161_pop_9,0.029293,0.027103,0.000001,0.091868
q_ind_162_pop_9,0.007664,0.000501,0.000000,0.063237
q_ind_163_pop_9,0.015575,0.002060,0.000000,0.081460
q_ind_164_pop_9,0.076463,0.066240,0.037880,0.153014
q_ind_165_pop_9,0.105479,0.095070,0.061457,0.189968
q_ind_166_pop_9,0.094259,0.081160,0.041199,0.192365
q_ind_167_pop_9,0.012362,0.010503,0.000000,0.037829
q_ind_168_pop_9,0.006827,0.001857,0.000000,0.030895
q_ind_169_pop_9,0.000613,0.000045,0.000000,0.005286
q_ind_170_pop_9,0.001434,0.000125,0.000000,0.011371
q_ind_171_pop_9,0.000648,0.000043,0.000000,0.005091
q_ind_172_pop_9,0.000496,0.000041,0.000000,0.003700
q_ind_173_pop_9,0.001307,0.000072,0.000000,0.009751
q_ind_174_pop_9,0.004019,0.000638,0.000000,0.021988
q_ind_175_pop_9,0.001741,0.000177,0.000000,0.012688
q_ind_176_pop_9,0.001356,0.000101,0.000000,0.011125
q_ind_177_pop_9,0.000761,0.000057,0.000000,0.005821
q_ind_178_pop_9,0.001096,0.000073,0.000000,0.008449
q_ind_179_pop_9,0.001794,0.000182,0.000000,0.012498
q_ind_180_pop_9,0.002680,0.000264,0.000000,0.019158
q_ind_181_pop_9,0.001440,0.000129,0.000000,0.011375
q_ind_182_pop_9,0.000713,0.000053,0.000000,0.005654
q_ind_183_pop_9,0.000857,0.000072,0.000000,0.007050
q_ind_184_pop_9,0.035091,0.023105,0.000000,0.120172
q_ind_185_pop_9,0.004762,0.000575,0.000000,0.027718
q_ind_186_pop_9,0.020368,0.013999,0.000000,0.079429
q_ind_187_pop_9,0.013595,0.004000,0.000000,0.063250
q_ind_188_pop_9,0.002716,0.000271,0.000000,0.019424
q_ind_189_pop_9,0.045316,0.044659,0.000001,0.108490
q_ind_190_pop_9,0.003786,0.000299,0.000000,0.029536
q_ind_191_pop_9,0.046271,0.035957,0.000001,0.128512
q_ind_192_pop_9,0.049276,0.037994,0.001365,0.129475
q_ind_193_pop_9,0.000233,0.000018,0.000000,0.001784
q_ind_194_pop_9,0.058552,0.054517,0.024492,0.111584
q_ind_195_pop_9,0.000220,0.000016,0.000000,0.001744
q_ind_196_pop_9,0.000233,0.000017,0.000000,0.001815
q_ind_197_pop_9,0.000268,0.000019,0.000000,0.002160
q_ind_198_pop_9,0.046305,0.039556,0.000345,0.121146
q_ind_199_pop_9,0.000321,0.000021,0.000000,0.002560
q_ind_200_pop_9,0.024045,0.025522,0.000000,0.059749
q_ind_201_pop_9,0.055548,0.045539,0.000101,0.143354
q_ind_202_pop_9,0.291113,0.246003,0.196427,0.483303
q_ind_203_pop_9,0.244172,0.216087,0.170617,0.397028
q_ind_204_pop_9,0.294503,0.251643,0.199261,0.484636
q_ind_205_pop_9,0.275802,0.235911,0.189374,0.447667
q_ind_206_pop_9,0.245151,0.203667,0.162422,0.421269
q_ind_207_pop_9,0.067028,0.069005,0.014970,0.113546
q_ind_208_pop_9,0.288928,0.256362,0.188227,0.453501
q_ind_209_pop_9,0.189719,0.181689,0.143173,0.273643
q_ind_210_pop_9,0.283739,0.244790,0.185664,0.457847
q_ind_211_pop_9,0.096150,0.092774,0.061060,0.156666
q_ind_212_pop_9,0.004403,0.000374,0.000000,0.031789
q_ind_213_pop_9,0.029013,0.031286,0.000001,0.055766
q_ind_214_pop_9,0.006496,0.000909,0.000000,0.037044
q_ind_215_pop_9,0.009241,0.003080,0.000000,0.040221
q_ind_216_pop_9,0.016647,0.014024,0.000000,0.048000
q_ind_217_pop_9,0.012613,0.009640,0.000000,0.040416
q_ind_218_pop_9,0.019333,0.019635,0.000000,0.048705
q_ind_219_pop_9,0.009873,0.003143,0.000000,0.041956
q_ind_220_pop_9,0.025491,0.027196,0.000000,0.058322
q_ind_221_pop_9,0.032641,0.030837,0.002480,0.082149
q_ind_222_pop_9,0.002030,0.000175,0.000000,0.015643
q_ind_223_pop_9,0.023344,0.023055,0.000000,0.062203
q_ind_224_pop_9,0.001905,0.000174,0.000000,0.014340
q_ind_225_pop_9,0.001169,0.000107,0.000000,0.008723
q_ind_226_pop_9,0.007662,0.001376,0.000000,0.044281
q_ind_227_pop_9,0.003722,0.000397,0.000000,0.026624
q_ind_228_pop_9,0.008785,0.000958,0.000000,0.062498
q_ind_229_pop_9,0.014978,0.004039,0.000000,0.081227
q_ind_230_pop_9,0.001981,0.000143,0.000000,0.016025
q_ind_231_pop_9,0.012962,0.010174,0.000000,0.042505
q_ind_232_pop_9,0.001729,0.000115,0.000000,0.013584
q_ind_233_pop_9,0.001448,0.000104,0.000000,0.011129
q_ind_234_pop_9,0.004528,0.000886,0.000000,0.022992
q_ind_235_pop_9,0.001024,0.000091,0.000000,0.008117
q_ind_236_pop_9,0.001278,0.000117,0.000000,0.009513
q_ind_237_pop_9,0.007649,0.000987,0.000000,0.040596
q_ind_238_pop_9,0.002425,0.000193,0.000000,0.020067
q_ind_239_pop_9,0.001586,0.000107,0.000000,0.012936
q_ind_240_pop_9,0.001344,0.000100,0.000000,0.011019
q_ind_241_pop_9,0.001445,0.000156,0.000000,0.010113
q_ind_242_pop_9,0.014868,0.002672,0.000000,0.071424
q_ind_243_pop_9,0.000620,0.000046,0.000000,0.004637
q_ind_244_pop_9,0.003078,0.000146,0.000000,0.029176
