param,mean,median,ci_0.950_LB,ci_0.950_UB
q_ind_0_pop_0,0.028038,0.031960,0.000000,0.054880
q_ind_1_pop_0,0.025714,0.027785,0.000000,0.060404
q_ind_2_pop_0,0.003562,0.000388,0.000000,0.020919
q_ind_3_pop_0,0.021263,0.021843,0.000000,0.052434
q_ind_4_pop_0,0.085339,0.095059,0.001921,0.119322
q_ind_5_pop_0,0.015972,0.016388,0.000000,0.041589
q_ind_6_pop_0,0.003420,0.000319,0.000000,0.022630
q_ind_7_pop_0,0.023063,0.024417,0.000000,0.053930
q_ind_8_pop_0,0.022923,0.024240,0.000000,0.059319
q_ind_9_pop_0,0.002544,0.000233,0.000000,0.017308
q_ind_10_pop_0,0.016520,0.015610,0.000000,0.046593
q_ind_11_pop_0,0.021059,0.021885,0.000000,0.048732
q_ind_12_pop_0,0.356383,0.350325,0.316918,0.436692
q_ind_13_pop_0,0.332409,0.326609,0.291366,0.399540
q_ind_14_pop_0,0.332426,0.328539,0.299001,0.401527
q_ind_15_pop_0,0.325196,0.319007,0.286814,0.395523
q_ind_16_pop_0,0.355079,0.344486,0.312066,0.444353
q_ind_17_pop_0,0.316662,0.306150,0.265778,0.420385
q_ind_18_pop_0,0.353912,0.352031,0.322879,0.407550
q_ind_19_pop_0,0.301685,0.302995,0.258455,0.336116
q_ind_20_pop_0,0.112890,0.124296,0.032202,0.153363
q_ind_21_pop_0,0.101855,0.118088,0.000001,0.143787
q_ind_22_pop_0,0.083026,0.097966,0.000001,0.125685
q_ind_23_pop_0,0.110591,0.123108,0.016488,0.153255
q_ind_24_pop_0,0.120323,0.131851,0.040147,0.161703
q_ind_25_pop_0,0.084465,0.099092,0.000001,0.126537
q_ind_26_pop_0,0.087898,0.101254,0.000013,0.126553
q_ind_27_pop_0,0.087634,0.099688,0.000148,0.129047
q_ind_28_pop_0,0.095875,0.111414,0.000002,0.138327
q_ind_29_pop_0,0.115730,0.128112,0.022329,0.158445
q_ind_30_pop_0,0.067396,0.078396,0.000005,0.105275
q_ind_31_pop_0,0.057509,0.067802,0.000000,0.097464
q_ind_32_pop_0,0.055641,0.065543,0.000000,0.095845
q_ind_33_pop_0,0.034835,0.042153,0.000000,0.070426
q_ind_34_pop_0,0.062915,0.072270,0.000093,0.098970
q_ind_35_pop_0,0.047938,0.059273,0.000000,0.084858
q_ind_36_pop_0,0.076910,0.087577,0.000017,0.113938
q_ind_37_pop_0,0.057153,0.070021,0.000000,0.102171
q_ind_38_pop_0,0.157694,0.170052,0.066531,0.198840
q_ind_39_pop_0,0.047450,0.052297,0.000000,0.088870
q_ind_40_pop_0,0.041274,0.050818,0.000000,0.085789
q_ind_41_pop_0,0.091734,0.092234,0.046061,0.131338
q_ind_42_pop_0,0.102370,0.103157,0.059299,0.134096
q_ind_43_pop_0,0.125834,0.132277,0.002828,0.165641
q_ind_44_pop_0,0.120146,0.123870,0.048762,0.153935
q_ind_45_pop_0,0.105482,0.104107,0.070448,0.145713
q_ind_46_pop_0,0.095670,0.100389,0.006032,0.136220
q_ind_47_pop_0,0.120871,0.122084,0.064948,0.158943
q_ind_48_pop_0,0.097832,0.098119,0.062628,0.129358
q_ind_49_pop_0,0.119011,0.118246,0.073771,0.165595
q_ind_50_pop_0,0.341491,0.323366,0.287213,0.429768
q_ind_51_pop_0,0.360034,0.342450,0.310970,0.458252
q_ind_52_pop_0,0.352342,0.336029,0.302641,0.442572
q_ind_53_pop_0,0.334975,0.318494,0.283578,0.433040
q_ind_54_pop_0,0.346939,0.325524,0.291141,0.463590
q_ind_55_pop_0,0.319486,0.303328,0.271464,0.411000
q_ind_56_pop_0,0.285544,0.283146,0.247351,0.330759
q_ind_57_pop_0,0.337099,0.320581,0.284669,0.431736
q_ind_58_pop_0,0.316194,0.298930,0.263137,0.420854
q_ind_59_pop_0,0.344759,0.327663,0.296041,0.443766
q_ind_60_pop_0,0.348724,0.329029,0.295211,0.452579
q_ind_61_pop_0,0.306684,0.290158,0.250445,0.415903
q_ind_62_pop_0,0.001011,0.000064,0.000000,0.008089
q_ind_63_pop_0,0.000996,0.000054,0.000000,0.008274
q_ind_64_pop_0,0.001198,0.000086,0.000000,0.008952
q_ind_65_pop_0,0.000287,0.000017,0.000000,0.002380
q_ind_66_pop_0,0.000497,0.000038,0.000000,0.003980
q_ind_67_pop_0,0.104948,0.115236,0.002295,0.141186
q_ind_68_pop_0,0.116177,0.126424,0.000068,0.159037
q_ind_69_pop_0,0.129079,0.134465,0.049844,0.161359
q_ind_70_pop_0,0.109178,0.114643,0.049658,0.141250
q_ind_71_pop_0,0.120416,0.126567,0.056860,0.154214
q_ind_72_pop_0,0.102124,0.108754,0.023132,0.135349
q_ind_73_pop_0,0.130420,0.139841,0.044998,0.168375
q_ind_74_pop_0,0.131543,0.149999,0.000085,0.179667
q_ind_75_pop_0,0.112611,0.117606,0.050029,0.145026
q_ind_76_pop_0,0.069223,0.081353,0.000000,0.122393
q_ind_77_pop_0,0.053563,0.064992,0.000000,0.091783
q_ind_78_pop_0,0.068595,0.084143,0.000000,0.108611
q_ind_79_pop_0,0.059120,0.069790,0.000000,0.095649
q_ind_80_pop_0,0.081805,0.090043,0.018842,0.116728
q_ind_81_pop_0,0.045315,0.055657,0.000000,0.082455
q_ind_82_pop_0,0.054685,0.065347,0.000000,0.090150
q_ind_83_pop_0,0.041702,0.051133,0.000000,0.074763
q_ind_84_pop_0,0.073915,0.088783,0.000000,0.116243
q_ind_85_pop_0,0.060680,0.073471,0.000000,0.098224
q_ind_86_pop_0,0.061418,0.070810,0.000052,0.095796
q_ind_87_pop_0,0.138312,0.131958,0.098414,0.224571
q_ind_88_pop_0,0.175823,0.172299,0.137761,0.251810
q_ind_89_pop_0,0.213620,0.207943,0.163340,0.297178
q_ind_90_pop_0,0.172941,0.168141,0.136455,0.240295
q_ind_91_pop_0,0.182827,0.177843,0.142114,0.270993
q_ind_92_pop_0,0.195016,0.188049,0.154420,0.275282
q_ind_93_pop_0,0.141713,0.144104,0.097851,0.171660
q_ind_94_pop_0,0.148497,0.141958,0.100146,0.232259
q_ind_95_pop_0,0.150098,0.150249,0.104790,0.186717
q_ind_96_pop_0,0.150040,0.150302,0.105823,0.183434
q_ind_97_pop_0,0.200445,0.217968,0.001780,0.249786
q_ind_98_pop_0,0.185252,0.196422,0.074118,0.229255
q_ind_99_pop_0,0.124236,0.125663,0.064434,0.154133
q_ind_100_pop_0,0.118243,0.120877,0.046075,0.149132
q_ind_101_pop_0,0.118834,0.121512,0.048625,0.144899
q_ind_102_pop_0,0.122412,0.125643,0.043315,0.152788
q_ind_103_pop_0,0.102150,0.106222,0.002796,0.127452
q_ind_104_pop_0,0.226761,0.235239,0.124830,0.268869
q_ind_105_pop_0,0.159216,0.158039,0.122768,0.199441
q_ind_106_pop_0,0.104218,0.114465,0.011546,0.158287
q_ind_107_pop_0,0.082827,0.092259,0.000055,0.124322
q_ind_108_pop_0,0.057175,0.064096,0.000000,0.102488
q_ind_109_pop_0,0.088794,0.098407,0.000052,0.127435
q_ind_110_pop_0,0.088543,0.095964,0.008356,0.130737
q_ind_111_pop_0,0.176291,0.180702,0.119681,0.214108
q_ind_112_pop_0,0.101396,0.111687,0.000007,0.169082
q_ind_113_pop_0,0.093332,0.099627,0.020186,0.135419
q_ind_114_pop_0,0.205819,0.203504,0.175701,0.248435
q_ind_115_pop_0,0.181588,0.178174,0.151358,0.228019
q_ind_116_pop_0,0.197758,0.194859,0.166030,0.242540
q_ind_117_pop_0,0.186763,0.184784,0.158204,0.223334
q_ind_118_pop_0,0.173070,0.171727,0.140633,0.213325
q_ind_119_pop_0,0.165330,0.163509,0.132415,0.207010
q_ind_120_pop_0,0.172257,0.169523,0.142826,0.214628
q_ind_121_pop_0,0.168512,0.165511,0.140712,0.211634
q_ind_122_pop_0,0.176515,0.175414,0.144002,0.216262
q_ind_123_pop_0,0.241443,0.239491,0.203886,0.290260
q_ind_124_pop_0,0.078745,0.091400,0.000000,0.126327
q_ind_125_pop_0,0.119797,0.123680,0.060369,0.164176
q_ind_126_pop_0,0.105536,0.118856,0.000011,0.148072
q_ind_127_pop_0,0.112428,0.120115,0.046290,0.150186
q_ind_128_pop_0,0.076853,0.089118,0.000011,0.118734
q_ind_129_pop_0,0.087418,0.092959,0.031880,0.121219
q_ind_130_pop_0,0.141588,0.156604,0.000154,0.183735
q_ind_131_pop_0,0.142425,0.163417,0.000009,0.190622
q_ind_132_pop_0,0.105136,0.114526,0.004042,0.151006
q_ind_133_pop_0,0.103467,0.120563,0.000001,0.146870
q_ind_134_pop_0,0.094145,0.106204,0.001448,0.135703
q_ind_135_pop_0,0.112499,0.127513,0.000038,0.155497
q_ind_136_pop_0,0.103037,0.116461,0.002171,0.151431
q_ind_137_pop_0,0.132773,0.153853,0.000051,0.182704
q_ind_138_pop_0,0.136451,0.154074,0.018107,0.181671
q_ind_139_pop_0,0.122280,0.132478,0.047329,0.159841
q_ind_140_pop_0,0.108339,0.116863,0.027383,0.152250
q_ind_141_pop_0,0.205003,0.219162,0.095829,0.244928
q_ind_142_pop_0,0.091930,0.104600,0.000154,0.132019
q_ind_143_pop_0,0.091979,0.106012,0.000004,0.133576
q_ind_144_pop_0,0.004416,0.000669,0.000000,0.023173
q_ind_145_pop_0,0.001807,0.000121,0.000000,0.013921
q_ind_146_pop_0,0.001118,0.000111,0.000000,0.007455
q_ind_147_pop_0,0.016563,0.018227,0.000000,0.034407
q_ind_148_pop_0,0.051253,0.050927,0.028278,0.075880
q_ind_149_pop_0,0.000773,0.000056,0.000000,0.006459
q_ind_150_pop_0,0.002365,0.000270,0.000000,0.014931
q_ind_151_pop_0,0.000758,0.000049,0.000000,0.005756
q_ind_152_pop_0,0.003257,0.000763,0.000000,0.017331
q_ind_153_pop_0,0.001493,0.000136,0.000000,0.009523
q_ind_154_pop_0,0.097514,0.099618,0.058147,0.122778
q_ind_155_pop_0,0.013661,0.012950,0.000000,0.038033
q_ind_156_pop_0,0.003825,0.000306,0.000000,0.024192
q_ind_157_pop_0,0.015470,0.014512,0.000000,0.042423
q_ind_158_pop_0,0.006773,0.000741,0.000000,0.032722
q_ind_159_pop_0,0.003064,0.000416,0.000000,0.017693
q_ind_160_pop_0,0.000690,0.000040,0.000000,0.005846
q_ind_161_pop_0,0.004111,0.001187,0.000000,0.020023
q_ind_162_pop_0,0.000914,0.000071,0.000000,0.006879
q_ind_163_pop_0,0.005715,0.001196,0.000000,0.027572
q_ind_164_pop_0,0.059062,0.067906,0.000001,0.095766
q_ind_165_pop_0,0.071848,0.081600,0.000009,0.113405
q_ind_166_pop_0,0.052048,0.060940,0.000000,0.090606
q_ind_167_pop_0,0.158791,0.170649,0.073829,0.198399
q_ind_168_pop_0,0.111504,0.125585,0.015883,0.152708
q_ind_169_pop_0,0.105093,0.111967,0.001276,0.145773
q_ind_170_pop_0,0.095032,0.110729,0.000003,0.143017
q_ind_171_pop_0,0.111493,0.124997,0.018265,0.152669
q_ind_172_pop_0,0.168152,0.180676,0.079885,0.208928
q_ind_173_pop_0,0.097288,0.112177,0.000014,0.137089
q_ind_174_pop_0,0.141816,0.157340,0.032813,0.186523
q_ind_175_pop_0,0.084277,0.092153,0.000251,0.119350
q_ind_176_pop_0,0.035058,0.039447,0.000000,0.067217
q_ind_177_pop_0,0.027970,0.033927,0.000000,0.059036
q_ind_178_pop_0,0.042368,0.048706,0.000000,0.071523
q_ind_179_pop_0,0.010732,0.004222,0.000000,0.043956
q_ind_180_pop_0,0.089772,0.105978,0.000008,0.133093
q_ind_181_pop_0,0.037032,0.042019,0.000001,0.064182
q_ind_182_pop_0,0.040210,0.047077,0.000000,0.075075
q_ind_183_pop_0,0.083053,0.086877,0.030748,0.113991
q_ind_184_pop_0,0.070582,0.077445,0.000000,0.124305
q_ind_185_pop_0,0.118731,0.129294,0.034673,0.164565
q_ind_186_pop_0,0.129219,0.138518,0.038183,0.183612
q_ind_187_pop_0,0.131427,0.142396,0.041799,0.174008
q_ind_188_pop_0,0.086576,0.094591,0.000480,0.141530
q_ind_189_pop_0,0.117434,0.132163,0.004315,0.168702
q_ind_190_pop_0,0.111969,0.124639,0.006572,0.155576
q_ind_191_pop_0,0.011020,0.008525,0.000000,0.036330
q_ind_192_pop_0,0.005835,0.001410,0.000000,0.027470
q_ind_193_pop_0,0.000186,0.000011,0.000000,0.001422
q_ind_194_pop_0,0.000881,0.000049,0.000000,0.007562
q_ind_195_pop_0,0.000222,0.000011,0.000000,0.001882
q_ind_196_pop_0,0.000199,0.000011,0.000000,0.001688
q_ind_197_pop_0,0.000222,0.000013,0.000000,0.001757
q_ind_198_pop_0,0.000693,0.000046,0.000000,0.005165
q_ind_199_pop_0,0.000305,0.000020,0.000000,0.002532
q_ind_200_pop_0,0.154117,0.164350,0.077854,0.189347
q_ind_201_pop_0,0.000724,0.000052,0.000000,0.005664
q_ind_202_pop_0,0.009778,0.004782,0.000000,0.039292
q_ind_203_pop_0,0.019961,0.022410,0.000000,0.047726
q_ind_204_pop_0,0.034582,0.034909,0.000000,0.079938
q_ind_205_pop_0,0.007922,0.003245,0.000000,0.031094
q_ind_206_pop_0,0.045654,0.046607,0.015772,0.068738
q_ind_207_pop_0,0.064117,0.077271,0.000000,0.105306
q_ind_208_pop_0,0.028495,0.032931,0.000000,0.055650
q_ind_209_pop_0,0.018092,0.014952,0.000000,0.053228
q_ind_210_pop_0,0.028778,0.031926,0.000000,0.059141
q_ind_211_pop_0,0.239653,0.241716,0.187151,0.279268
q_ind_212_pop_0,0.172260,0.179131,0.106116,0.211093
q_ind_213_pop_0,0.167788,0.175063,0.103434,0.206870
q_ind_214_pop_0,0.143153,0.151793,0.071879,0.182305
q_ind_215_pop_0,0.144837,0.156236,0.065026,0.184937
q_ind_216_pop_0,0.160488,0.169613,0.086358,0.209953
q_ind_217_pop_0,0.170507,0.179745,0.103502,0.207608
q_ind_218_pop_0,0.148211,0.159823,0.067466,0.189336
q_ind_219_pop_0,0.177743,0.185980,0.110516,0.216791
q_ind_220_pop_0,0.158549,0.169086,0.080758,0.199484
q_ind_221_pop_0,0.145582,0.157074,0.072270,0.185462
q_ind_222_pop_0,0.104844,0.116090,0.001501,0.141751
q_ind_223_pop_0,0.166156,0.181704,0.065283,0.209396
q_ind_224_pop_0,0.086449,0.088895,0.040091,0.116660
q_ind_225_pop_0,0.098595,0.108953,0.028915,0.137039
q_ind_226_pop_0,0.045676,0.053210,0.000000,0.093062
q_ind_227_pop_0,0.068023,0.074028,0.000001,0.100665
q_ind_228_pop_0,0.050963,0.058986,0.000000,0.089236
q_ind_229_pop_0,0.070326,0.074137,0.016848,0.111232
q_ind_230_pop_0,0.087656,0.096814,0.023528,0.124206
q_ind_231_pop_0,0.175679,0.177910,0.134632,0.205261
q_ind_232_pop_0,0.081632,0.086752,0.010986,0.112553
q_ind_233_pop_0,0.096877,0.103444,0.000090,0.127011
q_ind_234_pop_0,0.124760,0.130220,0.047299,0.153912
q_ind_235_pop_0,0.108763,0.118479,0.020836,0.142121
q_ind_236_pop_0,0.113745,0.119963,0.031680,0.144544
q_ind_237_pop_0,0.123833,0.132492,0.015674,0.159546
q_ind_238_pop_0,0.115918,0.125281,0.000009,0.147982
q_ind_239_pop_0,0.157850,0.163167,0.084792,0.188895
q_ind_240_pop_0,0.129029,0.136371,0.056949,0.163292
q_ind_241_pop_0,0.135496,0.139644,0.084535,0.162831
q_ind_242_pop_0,0.165261,0.167894,0.072484,0.214688
q_ind_243_pop_0,0.103171,0.110704,0.000265,0.135293
q_ind_244_pop_0,0.161262,0.165463,0.084990,0.198982
q_ind_0_pop_1,0.043948,0.044752,0.013431,0.070500
q_ind_1_pop_1,0.028721,0.029614,0.000000,0.063179
q_ind_2_pop_1,0.087714,0.087025,0.051802,0.126341
q_ind_3_pop_1,0.094449,0.094062,0.055494,0.134374
q_ind_4_pop_1,0.018489,0.011342,0.000000,0.061064
q_ind_5_pop_1,0.047060,0.046893,0.014936,0.077332
q_ind_6_pop_1,0.030968,0.031734,0.000000,0.069252
q_ind_7_pop_1,0.053489,0.052925,0.023845,0.087792
q_ind_8_pop_1,0.037378,0.037299,0.000063,0.077960
q_ind_9_pop_1,0.032707,0.032677,0.003028,0.060873
q_ind_10_pop_1,0.075981,0.075543,0.040842,0.113769
q_ind_11_pop_1,0.040402,0.040137,0.004977,0.077443
q_ind_12_pop_1,0.002040,0.000174,0.000000,0.014399
q_ind_13_pop_1,0.002079,0.000176,0.000000,0.015420
q_ind_14_pop_1,0.005318,0.001400,0.000000,0.026209
q_ind_15_pop_1,0.001499,0.000112,0.000000,0.011187
q_ind_16_pop_1,0.002977,0.000372,0.000000,0.019609
q_ind_17_pop_1,0.001494,0.000096,0.000000,0.011187
q_ind_18_pop_1,0.000748,0.000042,0.000000,0.006373
q_ind_19_pop_1,0.003948,0.000439,0.000000,0.023284
q_ind_20_pop_1,0.001171,0.000085,0.000000,0.009121
q_ind_21_pop_1,0.001859,0.000147,0.000000,0.015184
q_ind_22_pop_1,0.001333,0.000069,0.000000,0.010567
q_ind_23_pop_1,0.006760,0.001881,0.000000,0.032080
q_ind_24_pop_1,0.000571,0.000032,0.000000,0.004503
q_ind_25_pop_1,0.002899,0.000218,0.000000,0.020375
q_ind_26_pop_1,0.001053,0.000073,0.000000,0.008308
q_ind_27_pop_1,0.008744,0.005859,0.000000,0.031194
q_ind_28_pop_1,0.003255,0.000402,0.000000,0.020142
q_ind_29_pop_1,0.003154,0.000338,0.000000,0.021148
q_ind_30_pop_1,0.001643,0.000112,0.000000,0.013402
q_ind_31_pop_1,0.001385,0.000085,0.000000,0.011331
q_ind_32_pop_1,0.008313,0.000968,0.000000,0.055478
q_ind_33_pop_1,0.001093,0.000087,0.000000,0.009199
q_ind_34_pop_1,0.001694,0.000096,0.000000,0.015138
q_ind_35_pop_1,0.000533,0.000027,0.000000,0.004485
q_ind_36_pop_1,0.001899,0.000171,0.000000,0.014398
q_ind_37_pop_1,0.000632,0.000046,0.000000,0.004976
q_ind_38_pop_1,0.002410,0.000176,0.000000,0.016820
q_ind_39_pop_1,0.004136,0.000631,0.000000,0.027628
q_ind_40_pop_1,0.003193,0.000236,0.000000,0.021871
q_ind_41_pop_1,0.000686,0.000046,0.000000,0.005487
q_ind_42_pop_1,0.001698,0.000162,0.000000,0.011359
q_ind_43_pop_1,0.000755,0.000045,0.000000,0.006165
q_ind_44_pop_1,0.000927,0.000067,0.000000,0.006956
q_ind_45_pop_1,0.000434,0.000026,0.000000,0.003530
q_ind_46_pop_1,0.001294,0.000070,0.000000,0.010901
q_ind_47_pop_1,0.000651,0.000050,0.000000,0.005067
q_ind_48_pop_1,0.000410,0.000025,0.000000,0.003259
q_ind_49_pop_1,0.000692,0.000041,0.000000,0.005850
q_ind_50_pop_1,0.000562,0.000041,0.000000,0.004794
q_ind_51_pop_1,0.000513,0.000035,0.000000,0.004265
q_ind_52_pop_1,0.000435,0.000030,0.000000,0.003550
q_ind_53_pop_1,0.001664,0.000180,0.000000,0.010962
q_ind_54_pop_1,0.000751,0.000041,0.000000,0.006161
q_ind_55_pop_1,0.000952,0.000073,0.000000,0.007556
q_ind_56_pop_1,0.000914,0.000052,0.000000,0.007417
q_ind_57_pop_1,0.000518,0.000030,0.000000,0.004118
q_ind_58_pop_1,0.002072,0.000188,0.000000,0.013915
q_ind_59_pop_1,0.001198,0.000103,0.000000,0.008406
q_ind_60_pop_1,0.001254,0.000092,0.000000,0.009017
q_ind_61_pop_1,0.001687,0.000195,0.000000,0.010926
q_ind_62_pop_1,0.002726,0.000163,0.000000,0.020570
q_ind_63_pop_1,0.002709,0.000292,0.000000,0.017116
q_ind_64_pop_1,0.001827,0.000064,0.000000,0.018400
q_ind_65_pop_1,0.000360,0.000023,0.000000,0.002963
q_ind_66_pop_1,0.109324,0.108938,0.081779,0.138847
q_ind_67_pop_1,0.001207,0.000094,0.000000,0.008635
q_ind_68_pop_1,0.010462,0.003338,0.000000,0.049126
q_ind_69_pop_1,0.019382,0.014256,0.000000,0.062249
q_ind_70_pop_1,0.000983,0.000056,0.000000,0.007805
q_ind_71_pop_1,0.001951,0.000187,0.000000,0.013475
q_ind_72_pop_1,0.002438,0.000204,0.000000,0.016128
q_ind_73_pop_1,0.003044,0.000354,0.000000,0.020820
q_ind_74_pop_1,0.006004,0.000549,0.000000,0.035629
q_ind_75_pop_1,0.001100,0.000077,0.000000,0.008426
q_ind_76_pop_1,0.002784,0.000240,0.000000,0.020659
q_ind_77_pop_1,0.002328,0.000121,0.000000,0.020818
q_ind_78_pop_1,0.002238,0.000184,0.000000,0.015977
q_ind_79_pop_1,0.010916,0.004497,0.000000,0.046271
q_ind_80_pop_1,0.000848,0.000039,0.000000,0.007924
q_ind_81_pop_1,0.001584,0.000100,0.000000,0.012533
q_ind_82_pop_1,0.001496,0.000124,0.000000,0.011124
q_ind_83_pop_1,0.001353,0.000097,0.000000,0.010476
q_ind_84_pop_1,0.001936,0.000177,0.000000,0.013641
q_ind_85_pop_1,0.002000,0.000168,0.000000,0.013925
q_ind_86_pop_1,0.003942,0.000343,0.000000,0.027824
q_ind_87_pop_1,0.005324,0.000385,0.000000,0.035392
q_ind_88_pop_1,0.004311,0.000457,0.000000,0.025489
q_ind_89_pop_1,0.002400,0.000194,0.000000,0.018818
q_ind_90_pop_1,0.001976,0.000171,0.000000,0.012569
q_ind_91_pop_1,0.002736,0.000269,0.000000,0.020287
q_ind_92_pop_1,0.005749,0.000906,0.000000,0.033908
q_ind_93_pop_1,0.001319,0.000068,0.000000,0.011168
q_ind_94_pop_1,0.014636,0.008721,0.000000,0.054087
q_ind_95_pop_1,0.001298,0.000159,0.000000,0.008246
q_ind_96_pop_1,0.004933,0.003469,0.000000,0.017588
q_ind_97_pop_1,0.003986,0.000750,0.000000,0.022177
q_ind_98_pop_1,0.001389,0.000091,0.000000,0.011494
q_ind_99_pop_1,0.001457,0.000214,0.000000,0.009260
q_ind_100_pop_1,0.000329,0.000019,0.000000,0.002583
q_ind_101_pop_1,0.000363,0.000021,0.000000,0.002949
q_ind_102_pop_1,0.000804,0.000054,0.000000,0.006180
q_ind_103_pop_1,0.000610,0.000043,0.000000,0.004983
q_ind_104_pop_1,0.003404,0.000359,0.000000,0.020160
q_ind_105_pop_1,0.001079,0.000065,0.000000,0.009184
q_ind_106_pop_1,0.013997,0.006775,0.000000,0.055481
q_ind_107_pop_1,0.026578,0.026202,0.000000,0.066094
q_ind_108_pop_1,0.057110,0.058661,0.003078,0.100742
q_ind_109_pop_1,0.080468,0.080084,0.045119,0.118342
q_ind_110_pop_1,0.061768,0.062062,0.023947,0.097021
q_ind_111_pop_1,0.007337,0.001177,0.000000,0.045458
q_ind_112_pop_1,0.023007,0.018185,0.000000,0.074535
q_ind_113_pop_1,0.020521,0.015013,0.000000,0.067842
q_ind_114_pop_1,0.001300,0.000099,0.000000,0.010078
q_ind_115_pop_1,0.000770,0.000043,0.000000,0.006077
q_ind_116_pop_1,0.001180,0.000158,0.000000,0.007475
q_ind_117_pop_1,0.000687,0.000054,0.000000,0.005347
q_ind_118_pop_1,0.001075,0.000077,0.000000,0.007506
q_ind_119_pop_1,0.000748,0.000053,0.000000,0.005520
q_ind_120_pop_1,0.001072,0.000076,0.000000,0.008451
q_ind_121_pop_1,0.001017,0.000085,0.000000,0.007523
q_ind_122_pop_1,0.000837,0.000054,0.000000,0.006563
q_ind_123_pop_1,0.001340,0.000066,0.000000,0.011629
q_ind_124_pop_1,0.004877,0.000950,0.000000,0.028366
q_ind_125_pop_1,0.001888,0.000133,0.000000,0.014850
q_ind_126_pop_1,0.000877,0.000052,0.000000,0.007345
q_ind_127_pop_1,0.001053,0.000062,0.000000,0.008340
q_ind_128_pop_1,0.001859,0.000144,0.000000,0.013330
q_ind_129_pop_1,0.001472,0.000074,0.000000,0.012636
q_ind_130_pop_1,0.001483,0.000094,0.000000,0.011881
q_ind_131_pop_1,0.001130,0.000063,0.000000,0.009023
q_ind_132_pop_1,0.001021,0.000058,0.000000,0.009124
q_ind_133_pop_1,0.003517,0.000688,0.000000,0.020277
q_ind_134_pop_1,0.001903,0.000175,0.000000,0.012815
q_ind_135_pop_1,0.002763,0.000233,0.000000,0.020099
q_ind_136_pop_1,0.001170,0.000063,0.000000,0.008903
q_ind_137_pop_1,0.001551,0.000102,0.000000,0.011901
q_ind_138_pop_1,0.004879,0.000516,0.000000,0.030116
q_ind_139_pop_1,0.001666,0.000123,0.000000,0.013222
q_ind_140_pop_1,0.013571,0.009452,0.000000,0.047369
q_ind_141_pop_1,0.001187,0.000054,0.000000,0.010194
q_ind_142_pop_1,0.001489,0.000115,0.000000,0.010761
q_ind_143_pop_1,0.003379,0.000336,0.000000,0.021334
q_ind_144_pop_1,0.002639,0.000271,0.000000,0.019004
q_ind_145_pop_1,0.006642,0.000718,0.000000,0.042464
q_ind_146_pop_1,0.004306,0.000450,0.000000,0.026826
q_ind_147_pop_1,0.001493,0.000113,0.000000,0.010505
q_ind_148_pop_1,0.001861,0.000141,0.000000,0.014778
q_ind_149_pop_1,0.004078,0.000884,0.000000,0.022389
q_ind_150_pop_1,0.003598,0.000690,0.000000,0.020267
q_ind_151_pop_1,0.001044,0.000049,0.000000,0.009277
q_ind_152_pop_1,0.001340,0.000118,0.000000,0.009637
q_ind_153_pop_1,0.003040,0.000402,0.000000,0.020309
q_ind_154_pop_1,0.001995,0.000073,0.000000,0.023044
q_ind_155_pop_1,0.006351,0.001116,0.000000,0.036072
q_ind_156_pop_1,0.001573,0.000064,0.000000,0.014577
q_ind_157_pop_1,0.006209,0.000641,0.000000,0.040262
q_ind_158_pop_1,0.006443,0.000406,0.000000,0.045324
q_ind_159_pop_1,0.009850,0.004172,0.000000,0.046515
q_ind_160_pop_1,0.001490,0.000112,0.000000,0.012420
q_ind_161_pop_1,0.001172,0.000077,0.000000,0.008939
q_ind_162_pop_1,0.002284,0.000153,0.000000,0.017960
q_ind_163_pop_1,0.011198,0.005780,0.000000,0.046958
q_ind_164_pop_1,0.055503,0.055634,0.024646,0.087056
q_ind_165_pop_1,0.055903,0.055517,0.024008,0.090460
q_ind_166_pop_1,0.085187,0.083327,0.051710,0.127448
q_ind_167_pop_1,0.001778,0.000099,0.000000,0.014006
q_ind_168_pop_1,0.000957,0.000049,0.000000,0.008394
q_ind_169_pop_1,0.003232,0.000961,0.000000,0.016337
q_ind_170_pop_1,0.001785,0.000111,0.000000,0.013802
q_ind_171_pop_1,0.000648,0.000048,0.000000,0.004944
q_ind_172_pop_1,0.002118,0.000139,0.000000,0.016341
q_ind_173_pop_1,0.000502,0.000034,0.000000,0.004057
q_ind_174_pop_1,0.029376,0.029584,0.000005,0.059447
q_ind_175_pop_1,0.002114,0.000192,0.000000,0.014676
q_ind_176_pop_1,0.004421,0.000715,0.000000,0.025344
q_ind_177_pop_1,0.002848,0.000273,0.000000,0.020014
q_ind_178_pop_1,0.004791,0.000717,0.000000,0.032393
q_ind_179_pop_1,0.018649,0.017110,0.000000,0.052418
q_ind_180_pop_1,0.002503,0.000206,0.000000,0.016654
q_ind_181_pop_1,0.000917,0.000069,0.000000,0.007483
q_ind_182_pop_1,0.002026,0.000170,0.000000,0.013731
q_ind_183_pop_1,0.003689,0.000330,0.000000,0.027951
q_ind_184_pop_1,0.007367,0.001443,0.000000,0.040565
q_ind_185_pop_1,0.000914,0.000068,0.000000,0.006905
q_ind_186_pop_1,0.001901,0.000158,0.000000,0.012848
q_ind_187_pop_1,0.003077,0.000290,0.000000,0.019058
q_ind_188_pop_1,0.004691,0.000847,0.000000,0.025687
q_ind_189_pop_1,0.013634,0.005862,0.000000,0.052811
q_ind_190_pop_1,0.002621,0.000228,0.000000,0.017636
q_ind_191_pop_1,0.582971,0.582970,0.540198,0.625146
q_ind_192_pop_1,0.603005,0.603692,0.562551,0.640612
q_ind_193_pop_1,0.998296,0.999043,0.992626,0.999988
q_ind_194_pop_1,0.621667,0.621447,0.586143,0.658685
q_ind_195_pop_1,0.998212,0.998947,0.992157,0.999987
q_ind_196_pop_1,0.998352,0.998999,0.993176,0.999989
q_ind_197_pop_1,0.998046,0.998905,0.991057,0.999988
q_ind_198_pop_1,0.615405,0.615341,0.579557,0.654097
q_ind_199_pop_1,0.997354,0.998426,0.988788,0.999982
q_ind_200_pop_1,0.272737,0.271478,0.239475,0.312953
q_ind_201_pop_1,0.622402,0.622879,0.580542,0.661924
q_ind_202_pop_1,0.008205,0.002719,0.000000,0.037027
q_ind_203_pop_1,0.003562,0.000280,0.000000,0.028151
q_ind_204_pop_1,0.003034,0.000214,0.000000,0.023423
q_ind_205_pop_1,0.001952,0.000103,0.000000,0.013970
q_ind_206_pop_1,0.045180,0.043233,0.006534,0.090544
q_ind_207_pop_1,0.075722,0.074840,0.049437,0.108368
q_ind_208_pop_1,0.009626,0.001704,0.000000,0.047026
q_ind_209_pop_1,0.045871,0.048754,0.000000,0.094311
q_ind_210_pop_1,0.007762,0.002316,0.000000,0.037634
q_ind_211_pop_1,0.023379,0.023003,0.000000,0.058098
q_ind_212_pop_1,0.001665,0.000139,0.000000,0.012972
q_ind_213_pop_1,0.001571,0.000114,0.000000,0.012013
q_ind_214_pop_1,0.001422,0.000089,0.000000,0.011472
q_ind_215_pop_1,0.002055,0.000156,0.000000,0.014839
q_ind_216_pop_1,0.000941,0.000061,0.000000,0.007784
q_ind_217_pop_1,0.000702,0.000039,0.000000,0.005944
q_ind_218_pop_1,0.001326,0.000103,0.000000,0.009952
q_ind_219_pop_1,0.001807,0.000127,0.000000,0.014883
q_ind_220_pop_1,0.001020,0.000074,0.000000,0.008045
q_ind_221_pop_1,0.004929,0.001165,0.000000,0.026351
q_ind_222_pop_1,0.018100,0.017349,0.000000,0.048449
q_ind_223_pop_1,0.009746,0.003116,0.000000,0.043643
q_ind_224_pop_1,0.024123,0.023313,0.000000,0.058884
q_ind_225_pop_1,0.027454,0.027566,0.000000,0.062586
q_ind_226_pop_1,0.011913,0.005132,0.000000,0.047766
q_ind_227_pop_1,0.005826,0.000845,0.000000,0.033281
q_ind_228_pop_1,0.002111,0.000128,0.000000,0.017218
q_ind_229_pop_1,0.031986,0.030861,0.000000,0.078990
q_ind_230_pop_1,0.045904,0.046286,0.019566,0.072019
q_ind_231_pop_1,0.007952,0.002918,0.000000,0.034688
q_ind_232_pop_1,0.038788,0.038484,0.002926,0.074065
q_ind_233_pop_1,0.000784,0.000060,0.000000,0.006134
q_ind_234_pop_1,0.000688,0.000046,0.000000,0.005472
q_ind_235_pop_1,0.001180,0.000079,0.000000,0.009802
q_ind_236_pop_1,0.000509,0.000032,0.000000,0.004154
q_ind_237_pop_1,0.001501,0.000047,0.000000,0.018704
q_ind_238_pop_1,0.000791,0.000054,0.000000,0.006267
q_ind_239_pop_1,0.000477,0.000024,0.000000,0.004259
q_ind_240_pop_1,0.000550,0.000032,0.000000,0.005065
q_ind_241_pop_1,0.001430,0.000116,0.000000,0.010659
q_ind_242_pop_1,0.030792,0.030970,0.000002,0.063958
q_ind_243_pop_1,0.000911,0.000062,0.000000,0.007331
q_ind_244_pop_1,0.024556,0.022262,0.000000,0.070611
q_ind_0_pop_2,0.111589,0.109445,0.074062,0.159216
q_ind_1_pop_2,0.072827,0.069115,0.031282,0.133198
q_ind_2_pop_2,0.050141,0.051229,0.000217,0.103700
q_ind_3_pop_2,0.013787,0.009521,0.000000,0.048061
q_ind_4_pop_2,0.158688,0.153515,0.108188,0.239131
q_ind_5_pop_2,0.033994,0.034544,0.000001,0.077483
q_ind_6_pop_2,0.066392,0.064814,0.021589,0.117915
q_ind_7_pop_2,0.008171,0.001359,0.000000,0.051733
q_ind_8_pop_2,0.038275,0.037441,0.000000,0.101769
q_ind_9_pop_2,0.011278,0.004033,0.000000,0.046922
q_ind_10_pop_2,0.019086,0.012034,0.000000,0.067405
q_ind_11_pop_2,0.013067,0.002548,0.000000,0.054413
q_ind_12_pop_2,0.138724,0.140806,0.094959,0.179751
q_ind_13_pop_2,0.158023,0.153039,0.096961,0.246437
q_ind_14_pop_2,0.155237,0.149760,0.099544,0.245704
q_ind_15_pop_2,0.140499,0.135636,0.098584,0.196117
q_ind_16_pop_2,0.121893,0.121593,0.070657,0.175223
q_ind_17_pop_2,0.132683,0.131000,0.058366,0.211289
q_ind_18_pop_2,0.127388,0.127575,0.077098,0.184038
q_ind_19_pop_2,0.125948,0.125530,0.076184,0.183431
q_ind_20_pop_2,0.764691,0.741791,0.685499,0.922629
q_ind_21_pop_2,0.761512,0.732185,0.675276,0.953945
q_ind_22_pop_2,0.805253,0.777310,0.711785,0.991018
q_ind_23_pop_2,0.684727,0.665022,0.593141,0.851910
q_ind_24_pop_2,0.750797,0.727603,0.669178,0.912054
q_ind_25_pop_2,0.813747,0.782460,0.723830,0.987387
q_ind_26_pop_2,0.808392,0.785544,0.733086,0.968182
q_ind_27_pop_2,0.795902,0.771452,0.708791,0.976335
q_ind_28_pop_2,0.779713,0.753245,0.694572,0.955018
q_ind_29_pop_2,0.738080,0.712598,0.655814,0.921553
q_ind_30_pop_2,0.003110,0.000097,0.000000,0.035629
q_ind_31_pop_2,0.002720,0.000199,0.000000,0.022091
q_ind_32_pop_2,0.028710,0.016848,0.000000,0.103581
q_ind_33_pop_2,0.000881,0.000057,0.000000,0.007294
q_ind_34_pop_2,0.001100,0.000063,0.000000,0.009463
q_ind_35_pop_2,0.000496,0.000024,0.000000,0.004152
q_ind_36_pop_2,0.002794,0.000103,0.000000,0.033591
q_ind_37_pop_2,0.000531,0.000036,0.000000,0.004498
q_ind_38_pop_2,0.169610,0.166508,0.106010,0.247974
q_ind_39_pop_2,0.021442,0.004998,0.000000,0.107295
q_ind_40_pop_2,0.160545,0.158777,0.099136,0.231843
q_ind_41_pop_2,0.001034,0.000069,0.000000,0.007620
q_ind_42_pop_2,0.001022,0.000085,0.000000,0.007775
q_ind_43_pop_2,0.000883,0.000055,0.000000,0.007497
q_ind_44_pop_2,0.001205,0.000083,0.000000,0.010022
q_ind_45_pop_2,0.000470,0.000027,0.000000,0.003542
q_ind_46_pop_2,0.000881,0.000064,0.000000,0.006842
q_ind_47_pop_2,0.001190,0.000066,0.000000,0.009455
q_ind_48_pop_2,0.000764,0.000045,0.000000,0.006261
q_ind_49_pop_2,0.000680,0.000039,0.000000,0.005422
q_ind_50_pop_2,0.003690,0.000379,0.000000,0.027566
q_ind_51_pop_2,0.001532,0.000131,0.000000,0.010997
q_ind_52_pop_2,0.000854,0.000049,0.000000,0.007040
q_ind_53_pop_2,0.002092,0.000188,0.000000,0.014570
q_ind_54_pop_2,0.000885,0.000051,0.000000,0.007475
q_ind_55_pop_2,0.001967,0.000134,0.000000,0.016140
q_ind_56_pop_2,0.074141,0.073633,0.042584,0.108883
q_ind_57_pop_2,0.000624,0.000044,0.000000,0.004856
q_ind_58_pop_2,0.006658,0.000523,0.000000,0.042845
q_ind_59_pop_2,0.001374,0.000086,0.000000,0.011168
q_ind_60_pop_2,0.001166,0.000070,0.000000,0.010312
q_ind_61_pop_2,0.002556,0.000299,0.000000,0.017119
q_ind_62_pop_2,0.000673,0.000039,0.000000,0.005466
q_ind_63_pop_2,0.000911,0.000052,0.000000,0.008227
q_ind_64_pop_2,0.000427,0.000026,0.000000,0.003484
q_ind_65_pop_2,0.000393,0.000020,0.000000,0.003307
q_ind_66_pop_2,0.000535,0.000032,0.000000,0.004684
q_ind_67_pop_2,0.143626,0.138711,0.089323,0.226527
q_ind_68_pop_2,0.176158,0.166567,0.105969,0.317303
q_ind_69_pop_2,0.185417,0.182841,0.128208,0.257050
q_ind_70_pop_2,0.128342,0.127127,0.078997,0.184003
q_ind_71_pop_2,0.135840,0.133867,0.085072,0.198106
q_ind_72_pop_2,0.125023,0.123601,0.070503,0.185712
q_ind_73_pop_2,0.179453,0.174240,0.107308,0.269007
q_ind_74_pop_2,0.205707,0.203787,0.147399,0.276992
q_ind_75_pop_2,0.095605,0.092936,0.051091,0.153507
q_ind_76_pop_2,0.673968,0.652849,0.576076,0.825571
q_ind_77_pop_2,0.688959,0.667182,0.595820,0.829565
q_ind_78_pop_2,0.666336,0.639019,0.571292,0.834598
q_ind_79_pop_2,0.667324,0.649383,0.585110,0.803513
q_ind_80_pop_2,0.612791,0.599651,0.540549,0.731442
q_ind_81_pop_2,0.672497,0.662132,0.595613,0.790896
q_ind_82_pop_2,0.681469,0.667421,0.595781,0.812631
q_ind_83_pop_2,0.677554,0.660692,0.596424,0.795561
q_ind_84_pop_2,0.659362,0.633978,0.564008,0.826100
q_ind_85_pop_2,0.662451,0.643603,0.576918,0.800153
q_ind_86_pop_2,0.678614,0.661524,0.595439,0.827675
q_ind_87_pop_2,0.090672,0.090837,0.043680,0.141471
q_ind_88_pop_2,0.033115,0.029452,0.000000,0.098591
q_ind_89_pop_2,0.033246,0.030802,0.000000,0.092194
q_ind_90_pop_2,0.067475,0.063464,0.000015,0.154946
q_ind_91_pop_2,0.055357,0.055269,0.000049,0.115321
q_ind_92_pop_2,0.029115,0.015487,0.000000,0.100434
q_ind_93_pop_2,0.159342,0.158343,0.117236,0.206948
q_ind_94_pop_2,0.037083,0.030475,0.000000,0.115404
q_ind_95_pop_2,0.001277,0.000111,0.000000,0.009095
q_ind_96_pop_2,0.001758,0.000196,0.000000,0.011490
q_ind_97_pop_2,0.282369,0.270177,0.230512,0.450829
q_ind_98_pop_2,0.140918,0.135161,0.092576,0.213281
q_ind_99_pop_2,0.001792,0.000141,0.000000,0.013091
q_ind_100_pop_2,0.000794,0.000044,0.000000,0.007638
q_ind_101_pop_2,0.000363,0.000025,0.000000,0.002950
q_ind_102_pop_2,0.000888,0.000057,0.000000,0.006695
q_ind_103_pop_2,0.000706,0.000040,0.000000,0.006029
q_ind_104_pop_2,0.171135,0.165631,0.125831,0.260527
q_ind_105_pop_2,0.010960,0.007385,0.000000,0.038591
q_ind_106_pop_2,0.228491,0.215103,0.133302,0.386267
q_ind_107_pop_2,0.236025,0.231489,0.171961,0.333625
q_ind_108_pop_2,0.188660,0.192187,0.101035,0.266582
q_ind_109_pop_2,0.193006,0.182777,0.131589,0.320938
q_ind_110_pop_2,0.187007,0.182186,0.107331,0.292542
q_ind_111_pop_2,0.211894,0.207310,0.142922,0.295514
q_ind_112_pop_2,0.252363,0.241051,0.170342,0.360921
q_ind_113_pop_2,0.276136,0.271628,0.189702,0.390457
q_ind_114_pop_2,0.001348,0.000099,0.000000,0.010866
q_ind_115_pop_2,0.001185,0.000090,0.000000,0.008983
q_ind_116_pop_2,0.001206,0.000092,0.000000,0.008878
q_ind_117_pop_2,0.002180,0.000129,0.000000,0.017381
q_ind_118_pop_2,0.002807,0.000336,0.000000,0.017710
q_ind_119_pop_2,0.000657,0.000037,0.000000,0.005285
q_ind_120_pop_2,0.002779,0.000464,0.000000,0.016690
q_ind_121_pop_2,0.000750,0.000056,0.000000,0.005540
q_ind_122_pop_2,0.001597,0.000112,0.000000,0.012086
q_ind_123_pop_2,0.012595,0.002206,0.000000,0.072322
q_ind_124_pop_2,0.654627,0.629856,0.556694,0.832948
q_ind_125_pop_2,0.586946,0.570965,0.499552,0.736732
q_ind_126_pop_2,0.644829,0.627865,0.555522,0.806268
q_ind_127_pop_2,0.595910,0.580469,0.505887,0.750661
q_ind_128_pop_2,0.722804,0.697806,0.621744,0.898413
q_ind_129_pop_2,0.641221,0.626702,0.553854,0.787014
q_ind_130_pop_2,0.367046,0.342034,0.314549,0.540075
q_ind_131_pop_2,0.343952,0.333671,0.288297,0.423132
q_ind_132_pop_2,0.790664,0.763845,0.705728,0.983179
q_ind_133_pop_2,0.765558,0.740630,0.680208,0.942728
q_ind_134_pop_2,0.782255,0.760862,0.695581,0.948689
q_ind_135_pop_2,0.759468,0.733993,0.677552,0.934162
q_ind_136_pop_2,0.736928,0.713651,0.639201,0.928973
q_ind_137_pop_2,0.472063,0.447633,0.374346,0.664297
q_ind_138_pop_2,0.656377,0.637211,0.568184,0.831406
q_ind_139_pop_2,0.732865,0.714520,0.650161,0.884894
q_ind_140_pop_2,0.737788,0.717296,0.650921,0.897666
q_ind_141_pop_2,0.293798,0.279795,0.253315,0.402650
q_ind_142_pop_2,0.709087,0.686948,0.618060,0.906125
q_ind_143_pop_2,0.770150,0.747160,0.682841,0.935394
q_ind_144_pop_2,0.000596,0.000033,0.000000,0.004497
q_ind_145_pop_2,0.029605,0.026890,0.000029,0.067397
q_ind_146_pop_2,0.001063,0.000060,0.000000,0.009120
q_ind_147_pop_2,0.008490,0.003349,0.000000,0.040466
q_ind_148_pop_2,0.005346,0.000275,0.000000,0.043358
q_ind_149_pop_2,0.001089,0.000074,0.000000,0.008454
q_ind_150_pop_2,0.001393,0.000102,0.000000,0.009865
q_ind_151_pop_2,0.001012,0.000066,0.000000,0.008017
q_ind_152_pop_2,0.000806,0.000050,0.000000,0.006639
q_ind_153_pop_2,0.001876,0.000210,0.000000,0.011558
q_ind_154_pop_2,0.227424,0.224398,0.175777,0.294396
q_ind_155_pop_2,0.004472,0.000317,0.000000,0.031454
q_ind_156_pop_2,0.001615,0.000090,0.000000,0.013319
q_ind_157_pop_2,0.003319,0.000213,0.000000,0.028760
q_ind_158_pop_2,0.042018,0.042762,0.000000,0.100519
q_ind_159_pop_2,0.005067,0.000424,0.000000,0.036737
q_ind_160_pop_2,0.000689,0.000043,0.000000,0.005747
q_ind_161_pop_2,0.003347,0.000474,0.000000,0.019964
q_ind_162_pop_2,0.001807,0.000115,0.000000,0.014219
q_ind_163_pop_2,0.002838,0.000311,0.000000,0.019036
q_ind_164_pop_2,0.340042,0.335239,0.264294,0.431968
q_ind_165_pop_2,0.340219,0.332528,0.263145,0.462781
q_ind_166_pop_2,0.387747,0.384497,0.310757,0.485061
q_ind_167_pop_2,0.443533,0.425449,0.366470,0.591541
q_ind_168_pop_2,0.374248,0.363259,0.324958,0.479663
q_ind_169_pop_2,0.794438,0.769801,0.706062,0.984816
q_ind_170_pop_2,0.792492,0.762710,0.698500,0.983419
q_ind_171_pop_2,0.772954,0.745999,0.693866,0.954216
q_ind_172_pop_2,0.659135,0.633299,0.579958,0.835070
q_ind_173_pop_2,0.802137,0.772247,0.722597,0.998428
q_ind_174_pop_2,0.507429,0.480932,0.406919,0.730091
q_ind_175_pop_2,0.361821,0.357777,0.308245,0.448820
q_ind_176_pop_2,0.437617,0.439741,0.366415,0.498684
q_ind_177_pop_2,0.508093,0.500000,0.429864,0.600759
q_ind_178_pop_2,0.443523,0.435533,0.374762,0.545877
q_ind_179_pop_2,0.499685,0.496893,0.425058,0.584694
q_ind_180_pop_2,0.383466,0.378472,0.294187,0.514033
q_ind_181_pop_2,0.493541,0.485014,0.428151,0.592423
q_ind_182_pop_2,0.475287,0.467699,0.403162,0.567466
q_ind_183_pop_2,0.414932,0.406727,0.370738,0.511735
q_ind_184_pop_2,0.390574,0.388086,0.286945,0.482809
q_ind_185_pop_2,0.347843,0.336305,0.272162,0.466144
q_ind_186_pop_2,0.323917,0.311660,0.248272,0.449887
q_ind_187_pop_2,0.284861,0.274287,0.220352,0.392783
q_ind_188_pop_2,0.379190,0.369649,0.296109,0.495100
q_ind_189_pop_2,0.316959,0.298047,0.242286,0.443591
q_ind_190_pop_2,0.334125,0.322507,0.255962,0.470509
q_ind_191_pop_2,0.000747,0.000040,0.000000,0.006520
q_ind_192_pop_2,0.004668,0.000391,0.000000,0.031396
q_ind_193_pop_2,0.000229,0.000012,0.000000,0.001990
q_ind_194_pop_2,0.001483,0.000107,0.000000,0.011374
q_ind_195_pop_2,0.000215,0.000012,0.000000,0.001811
q_ind_196_pop_2,0.000244,0.000014,0.000000,0.002077
q_ind_197_pop_2,0.000244,0.000014,0.000000,0.002009
q_ind_198_pop_2,0.001247,0.000057,0.000000,0.011936
q_ind_199_pop_2,0.000361,0.000022,0.000000,0.002764
q_ind_200_pop_2,0.015600,0.003491,0.000000,0.079511
q_ind_201_pop_2,0.000869,0.000047,0.000000,0.007490
q_ind_202_pop_2,0.005149,0.000646,0.000000,0.033362
q_ind_203_pop_2,0.003182,0.000120,0.000000,0.029584
q_ind_204_pop_2,0.003034,0.000225,0.000000,0.024799
q_ind_205_pop_2,0.002134,0.000134,0.000000,0.015030
q_ind_206_pop_2,0.003054,0.000423,0.000000,0.018311
q_ind_207_pop_2,0.092730,0.087335,0.050216,0.158981
q_ind_208_pop_2,0.002547,0.000182,0.000000,0.020604
q_ind_209_pop_2,0.004346,0.000396,0.000000,0.030488
q_ind_210_pop_2,0.023686,0.004344,0.000000,0.125457
q_ind_211_pop_2,0.037719,0.042200,0.000000,0.072408
q_ind_212_pop_2,0.546971,0.530169,0.457898,0.712690
q_ind_213_pop_2,0.548337,0.523240,0.457652,0.749851
q_ind_214_pop_2,0.537952,0.517823,0.447963,0.707487
q_ind_215_pop_2,0.529252,0.509589,0.438861,0.709282
q_ind_216_pop_2,0.557476,0.535319,0.466062,0.725460
q_ind_217_pop_2,0.447182,0.426265,0.357480,0.658531
q_ind_218_pop_2,0.530760,0.513811,0.440886,0.702933
q_ind_219_pop_2,0.548365,0.522569,0.453309,0.731403
q_ind_220_pop_2,0.473694,0.456891,0.391055,0.623673
q_ind_221_pop_2,0.537836,0.524713,0.458205,0.683181
q_ind_222_pop_2,0.003984,0.000318,0.000000,0.026613
q_ind_223_pop_2,0.132515,0.125106,0.090652,0.199890
q_ind_224_pop_2,0.005935,0.000397,0.000000,0.044830
q_ind_225_pop_2,0.036988,0.035878,0.000000,0.102117
q_ind_226_pop_2,0.007164,0.000774,0.000000,0.045174
q_ind_227_pop_2,0.005520,0.000592,0.000000,0.035954
q_ind_228_pop_2,0.002329,0.000131,0.000000,0.017797
q_ind_229_pop_2,0.007926,0.001171,0.000000,0.047395
q_ind_230_pop_2,0.012501,0.001560,0.000000,0.077527
q_ind_231_pop_2,0.003161,0.000399,0.000000,0.020620
q_ind_232_pop_2,0.034033,0.031824,0.000000,0.088314
q_ind_233_pop_2,0.000830,0.000051,0.000000,0.007122
q_ind_234_pop_2,0.010913,0.003476,0.000000,0.050596
q_ind_235_pop_2,0.020070,0.015816,0.000000,0.065164
q_ind_236_pop_2,0.001026,0.000067,0.000000,0.008353
q_ind_237_pop_2,0.007771,0.000275,0.000000,0.053516
q_ind_238_pop_2,0.001731,0.000100,0.000000,0.014140
q_ind_239_pop_2,0.002786,0.000086,0.000000,0.031110
q_ind_240_pop_2,0.071243,0.068949,0.030069,0.125222
q_ind_241_pop_2,0.005124,0.000463,0.000000,0.042861
q_ind_242_pop_2,0.088225,0.086737,0.034130,0.148290
q_ind_243_pop_2,0.007266,0.000510,0.000000,0.052898
q_ind_244_pop_2,0.067739,0.071536,0.000000,0.142346
q_ind_0_pop_3,0.392766,0.395249,0.342500,0.443617
q_ind_1_pop_3,0.412206,0.409186,0.370551,0.481917
q_ind_2_pop_3,0.447938,0.446955,0.414101,0.490612
q_ind_3_pop_3,0.438929,0.438509,0.396090,0.484803
q_ind_4_pop_3,0.345526,0.342527,0.297232,0.401853
q_ind_5_pop_3,0.430046,0.429702,0.397132,0.465069
q_ind_6_pop_3,0.454125,0.454843,0.412102,0.490711
q_ind_7_pop_3,0.455713,0.456354,0.411800,0.496790
q_ind_8_pop_3,0.409962,0.410606,0.361612,0.452137
q_ind_9_pop_3,0.475619,0.475483,0.437122,0.508955
q_ind_10_pop_3,0.431198,0.431006,0.398837,0.464372
q_ind_11_pop_3,0.461731,0.460312,0.421877,0.499357
q_ind_12_pop_3,0.003182,0.000166,0.000000,0.026296
q_ind_13_pop_3,0.005049,0.000838,0.000000,0.026243
q_ind_14_pop_3,0.001176,0.000092,0.000000,0.008663
q_ind_15_pop_3,0.001641,0.000097,0.000000,0.013975
q_ind_16_pop_3,0.004775,0.000857,0.000000,0.026091
q_ind_17_pop_3,0.021404,0.014062,0.000000,0.071376
q_ind_18_pop_3,0.001157,0.000068,0.000000,0.010812
q_ind_19_pop_3,0.050659,0.049965,0.006677,0.092894
q_ind_20_pop_3,0.003493,0.000435,0.000000,0.021856
q_ind_21_pop_3,0.002476,0.000173,0.000000,0.019126
q_ind_22_pop_3,0.012874,0.009411,0.000000,0.043794
q_ind_23_pop_3,0.009646,0.003288,0.000000,0.041185
q_ind_24_pop_3,0.004392,0.000377,0.000000,0.029236
q_ind_25_pop_3,0.001225,0.000071,0.000000,0.010648
q_ind_26_pop_3,0.001621,0.000100,0.000000,0.013327
q_ind_27_pop_3,0.003248,0.000289,0.000000,0.022448
q_ind_28_pop_3,0.004642,0.000722,0.000000,0.026871
q_ind_29_pop_3,0.001702,0.000103,0.000000,0.014198
q_ind_30_pop_3,0.008693,0.000204,0.000000,0.063540
q_ind_31_pop_3,0.003591,0.000318,0.000000,0.025371
q_ind_32_pop_3,0.023254,0.011459,0.000000,0.087166
q_ind_33_pop_3,0.001005,0.000072,0.000000,0.007424
q_ind_34_pop_3,0.017893,0.003664,0.000000,0.068336
q_ind_35_pop_3,0.000406,0.000029,0.000000,0.003201
q_ind_36_pop_3,0.004901,0.000197,0.000000,0.044101
q_ind_37_pop_3,0.000544,0.000028,0.000000,0.004539
q_ind_38_pop_3,0.021566,0.005475,0.000000,0.079052
q_ind_39_pop_3,0.015438,0.010370,0.000000,0.053717
q_ind_40_pop_3,0.026503,0.012235,0.000000,0.093718
q_ind_41_pop_3,0.000904,0.000055,0.000000,0.007134
q_ind_42_pop_3,0.001159,0.000087,0.000000,0.008625
q_ind_43_pop_3,0.000781,0.000037,0.000000,0.006793
q_ind_44_pop_3,0.001693,0.000108,0.000000,0.013515
q_ind_45_pop_3,0.000572,0.000033,0.000000,0.004502
q_ind_46_pop_3,0.000645,0.000039,0.000000,0.005385
q_ind_47_pop_3,0.000764,0.000050,0.000000,0.006011
q_ind_48_pop_3,0.000917,0.000063,0.000000,0.007191
q_ind_49_pop_3,0.000485,0.000030,0.000000,0.004200
q_ind_50_pop_3,0.000680,0.000048,0.000000,0.005352
q_ind_51_pop_3,0.000720,0.000048,0.000000,0.005672
q_ind_52_pop_3,0.000918,0.000064,0.000000,0.007342
q_ind_53_pop_3,0.001151,0.000098,0.000000,0.008200
q_ind_54_pop_3,0.000776,0.000042,0.000000,0.006361
q_ind_55_pop_3,0.000699,0.000041,0.000000,0.005909
q_ind_56_pop_3,0.003027,0.000204,0.000000,0.024580
q_ind_57_pop_3,0.000530,0.000028,0.000000,0.004196
q_ind_58_pop_3,0.001359,0.000089,0.000000,0.010225
q_ind_59_pop_3,0.000879,0.000058,0.000000,0.006660
q_ind_60_pop_3,0.001177,0.000102,0.000000,0.008864
q_ind_61_pop_3,0.003181,0.000605,0.000000,0.017763
q_ind_62_pop_3,0.030498,0.030979,0.000067,0.061727
q_ind_63_pop_3,0.008446,0.002457,0.000000,0.040067
q_ind_64_pop_3,0.034603,0.035616,0.000035,0.066133
q_ind_65_pop_3,0.045362,0.044891,0.021078,0.072491
q_ind_66_pop_3,0.068645,0.067997,0.034716,0.106074
q_ind_67_pop_3,0.001400,0.000112,0.000000,0.010065
q_ind_68_pop_3,0.046347,0.049324,0.000000,0.094164
q_ind_69_pop_3,0.031580,0.034326,0.000000,0.075654
q_ind_70_pop_3,0.000954,0.000062,0.000000,0.007652
q_ind_71_pop_3,0.002205,0.000186,0.000000,0.015613
q_ind_72_pop_3,0.003216,0.000321,0.000000,0.020684
q_ind_73_pop_3,0.004202,0.000441,0.000000,0.025859
q_ind_74_pop_3,0.079354,0.079497,0.038758,0.120555
q_ind_75_pop_3,0.001745,0.000107,0.000000,0.014846
q_ind_76_pop_3,0.089984,0.088825,0.054983,0.133442
q_ind_77_pop_3,0.076536,0.076035,0.018483,0.135534
q_ind_78_pop_3,0.107101,0.107605,0.057506,0.155079
q_ind_79_pop_3,0.140098,0.139645,0.097566,0.183690
q_ind_80_pop_3,0.107996,0.107101,0.066092,0.153690
q_ind_81_pop_3,0.104351,0.105145,0.055921,0.160517
q_ind_82_pop_3,0.110029,0.104718,0.072284,0.173451
q_ind_83_pop_3,0.123850,0.121892,0.087641,0.167480
q_ind_84_pop_3,0.097201,0.094619,0.069515,0.140966
q_ind_85_pop_3,0.109973,0.105268,0.076249,0.169559
q_ind_86_pop_3,0.131200,0.131915,0.076171,0.182201
q_ind_87_pop_3,0.016581,0.008392,0.000000,0.069340
q_ind_88_pop_3,0.066238,0.068484,0.016137,0.104241
q_ind_89_pop_3,0.024035,0.021784,0.000000,0.068036
q_ind_90_pop_3,0.018676,0.007648,0.000000,0.070566
q_ind_91_pop_3,0.025372,0.020768,0.000000,0.075661
q_ind_92_pop_3,0.097624,0.097861,0.057042,0.138883
q_ind_93_pop_3,0.087737,0.087764,0.053843,0.121091
q_ind_94_pop_3,0.053979,0.053961,0.016674,0.093613
q_ind_95_pop_3,0.001168,0.000107,0.000000,0.008112
q_ind_96_pop_3,0.000954,0.000064,0.000000,0.007698
q_ind_97_pop_3,0.003990,0.000389,0.000000,0.026847
q_ind_98_pop_3,0.071460,0.070559,0.037367,0.110127
q_ind_99_pop_3,0.000832,0.000047,0.000000,0.006522
q_ind_100_pop_3,0.000435,0.000025,0.000000,0.003304
q_ind_101_pop_3,0.000297,0.000020,0.000000,0.002206
q_ind_102_pop_3,0.001206,0.000106,0.000000,0.009050
q_ind_103_pop_3,0.001082,0.000070,0.000000,0.008564
q_ind_104_pop_3,0.054140,0.053408,0.025498,0.086815
q_ind_105_pop_3,0.005020,0.002176,0.000000,0.022115
q_ind_106_pop_3,0.127394,0.132396,0.053105,0.173811
q_ind_107_pop_3,0.147304,0.148144,0.104197,0.187167
q_ind_108_pop_3,0.122715,0.126562,0.057841,0.184580
q_ind_109_pop_3,0.119687,0.119972,0.078252,0.160266
q_ind_110_pop_3,0.128808,0.130312,0.084648,0.165935
q_ind_111_pop_3,0.083934,0.086741,0.029568,0.131910
q_ind_112_pop_3,0.103212,0.102668,0.046890,0.160778
q_ind_113_pop_3,0.122244,0.124176,0.067963,0.163329
q_ind_114_pop_3,0.000977,0.000071,0.000000,0.007991
q_ind_115_pop_3,0.000786,0.000061,0.000000,0.006006
q_ind_116_pop_3,0.001684,0.000257,0.000000,0.009975
q_ind_117_pop_3,0.001163,0.000097,0.000000,0.008644
q_ind_118_pop_3,0.001679,0.000114,0.000000,0.012551
q_ind_119_pop_3,0.000604,0.000043,0.000000,0.004769
q_ind_120_pop_3,0.003201,0.000583,0.000000,0.016780
q_ind_121_pop_3,0.000756,0.000055,0.000000,0.005775
q_ind_122_pop_3,0.001235,0.000103,0.000000,0.008998
q_ind_123_pop_3,0.069765,0.069516,0.035743,0.106055
q_ind_124_pop_3,0.103935,0.103875,0.061679,0.150898
q_ind_125_pop_3,0.068654,0.068016,0.036242,0.103558
q_ind_126_pop_3,0.062827,0.061997,0.023178,0.103524
q_ind_127_pop_3,0.086707,0.086974,0.046633,0.127306
q_ind_128_pop_3,0.053410,0.052393,0.022802,0.093340
q_ind_129_pop_3,0.094028,0.093719,0.054309,0.140900
q_ind_130_pop_3,0.124866,0.124875,0.081753,0.170567
q_ind_131_pop_3,0.128620,0.127792,0.090178,0.170441
q_ind_132_pop_3,0.002236,0.000268,0.000000,0.016458
q_ind_133_pop_3,0.002725,0.000222,0.000000,0.019326
q_ind_134_pop_3,0.004167,0.000534,0.000000,0.026752
q_ind_135_pop_3,0.001464,0.000114,0.000000,0.011358
q_ind_136_pop_3,0.019356,0.017527,0.000000,0.054774
q_ind_137_pop_3,0.074413,0.074585,0.028552,0.118368
q_ind_138_pop_3,0.014030,0.010525,0.000000,0.046104
q_ind_139_pop_3,0.006498,0.001068,0.000000,0.034402
q_ind_140_pop_3,0.002824,0.000189,0.000000,0.020652
q_ind_141_pop_3,0.000825,0.000037,0.000000,0.007855
q_ind_142_pop_3,0.032881,0.034903,0.000002,0.061627
q_ind_143_pop_3,0.000938,0.000055,0.000000,0.007610
q_ind_144_pop_3,0.010138,0.005935,0.000000,0.035265
q_ind_145_pop_3,0.002595,0.000280,0.000000,0.017994
q_ind_146_pop_3,0.004177,0.000430,0.000000,0.027135
q_ind_147_pop_3,0.023445,0.023018,0.000458,0.048293
q_ind_148_pop_3,0.038146,0.038305,0.003611,0.071791
q_ind_149_pop_3,0.005491,0.001716,0.000000,0.027923
q_ind_150_pop_3,0.001916,0.000137,0.000000,0.015066
q_ind_151_pop_3,0.007655,0.001929,0.000000,0.035480
q_ind_152_pop_3,0.002252,0.000258,0.000000,0.014795
q_ind_153_pop_3,0.014774,0.010933,0.000000,0.047686
q_ind_154_pop_3,0.069516,0.069024,0.023810,0.114902
q_ind_155_pop_3,0.478443,0.479417,0.445889,0.499929
q_ind_156_pop_3,0.515705,0.503340,0.476146,0.576750
q_ind_157_pop_3,0.522249,0.521516,0.473331,0.580300
q_ind_158_pop_3,0.490691,0.494158,0.458313,0.524092
q_ind_159_pop_3,0.521788,0.519743,0.476484,0.576375
q_ind_160_pop_3,0.496494,0.498320,0.476417,0.509050
q_ind_161_pop_3,0.492823,0.494688,0.462196,0.524721
q_ind_162_pop_3,0.560452,0.559854,0.520187,0.603209
q_ind_163_pop_3,0.498396,0.496628,0.435071,0.556440
q_ind_164_pop_3,0.177554,0.178124,0.126841,0.220523
q_ind_165_pop_3,0.181081,0.184044,0.109924,0.225848
q_ind_166_pop_3,0.144271,0.144983,0.095566,0.189056
q_ind_167_pop_3,0.005412,0.000444,0.000000,0.035431
q_ind_168_pop_3,0.185241,0.185719,0.139770,0.227418
q_ind_169_pop_3,0.007644,0.002829,0.000000,0.035140
q_ind_170_pop_3,0.003943,0.000558,0.000000,0.023888
q_ind_171_pop_3,0.000649,0.000038,0.000000,0.004899
q_ind_172_pop_3,0.000781,0.000058,0.000000,0.006372
q_ind_173_pop_3,0.000593,0.000038,0.000000,0.004699
q_ind_174_pop_3,0.069832,0.069518,0.031923,0.110634
q_ind_175_pop_3,0.257461,0.257232,0.217159,0.297381
q_ind_176_pop_3,0.277163,0.278070,0.233891,0.319436
q_ind_177_pop_3,0.245913,0.246963,0.182475,0.308880
q_ind_178_pop_3,0.295020,0.295893,0.245359,0.340136
q_ind_179_pop_3,0.178640,0.177397,0.122073,0.244911
q_ind_180_pop_3,0.213807,0.219071,0.145734,0.260138
q_ind_181_pop_3,0.242856,0.243638,0.187099,0.292790
q_ind_182_pop_3,0.259154,0.259989,0.207517,0.305966
q_ind_183_pop_3,0.224094,0.226825,0.157862,0.270255
q_ind_184_pop_3,0.002442,0.000222,0.000000,0.017546
q_ind_185_pop_3,0.000977,0.000057,0.000000,0.008031
q_ind_186_pop_3,0.001299,0.000066,0.000000,0.010875
q_ind_187_pop_3,0.002375,0.000185,0.000000,0.016952
q_ind_188_pop_3,0.002446,0.000194,0.000000,0.017122
q_ind_189_pop_3,0.004608,0.000251,0.000000,0.033353
q_ind_190_pop_3,0.001507,0.000124,0.000000,0.010926
q_ind_191_pop_3,0.160954,0.160850,0.112036,0.208982
q_ind_192_pop_3,0.153873,0.154061,0.112480,0.197453
q_ind_193_pop_3,0.000349,0.000017,0.000000,0.002693
q_ind_194_pop_3,0.152202,0.152280,0.110309,0.193728
q_ind_195_pop_3,0.000334,0.000016,0.000000,0.002637
q_ind_196_pop_3,0.000312,0.000020,0.000000,0.002544
q_ind_197_pop_3,0.000445,0.000020,0.000000,0.003728
q_ind_198_pop_3,0.164838,0.165000,0.121346,0.206461
q_ind_199_pop_3,0.000591,0.000030,0.000000,0.005459
q_ind_200_pop_3,0.054198,0.053062,0.020873,0.094040
q_ind_201_pop_3,0.143276,0.144916,0.079671,0.190123
q_ind_202_pop_3,0.287524,0.287477,0.234536,0.337383
q_ind_203_pop_3,0.302350,0.302524,0.256762,0.349234
q_ind_204_pop_3,0.238062,0.238591,0.191792,0.283101
q_ind_205_pop_3,0.307284,0.308382,0.258521,0.351928
q_ind_206_pop_3,0.228323,0.235488,0.148160,0.281723
q_ind_207_pop_3,0.268209,0.268058,0.219533,0.317999
q_ind_208_pop_3,0.277034,0.277083,0.229537,0.323466
q_ind_209_pop_3,0.298750,0.298253,0.245864,0.351003
q_ind_210_pop_3,0.256586,0.260221,0.177432,0.314785
q_ind_211_pop_3,0.082082,0.079921,0.043081,0.134122
q_ind_212_pop_3,0.003914,0.000338,0.000000,0.029058
q_ind_213_pop_3,0.008411,0.000906,0.000000,0.049636
q_ind_214_pop_3,0.047902,0.048180,0.000140,0.095937
q_ind_215_pop_3,0.029906,0.030985,0.000000,0.067823
q_ind_216_pop_3,0.001100,0.000068,0.000000,0.009044
q_ind_217_pop_3,0.011096,0.000652,0.000000,0.061812
q_ind_218_pop_3,0.010304,0.001911,0.000000,0.050472
q_ind_219_pop_3,0.002020,0.000118,0.000000,0.016810
q_ind_220_pop_3,0.005981,0.000571,0.000000,0.038168
q_ind_221_pop_3,0.010095,0.002659,0.000000,0.049372
q_ind_222_pop_3,0.379096,0.368969,0.334539,0.465934
q_ind_223_pop_3,0.195274,0.193534,0.156745,0.246205
q_ind_224_pop_3,0.412274,0.412083,0.356873,0.469780
q_ind_225_pop_3,0.353196,0.351347,0.307984,0.403130
q_ind_226_pop_3,0.368946,0.368700,0.306228,0.434003
q_ind_227_pop_3,0.445037,0.442855,0.383516,0.513730
q_ind_228_pop_3,0.454626,0.452554,0.387719,0.523963
q_ind_229_pop_3,0.417960,0.418135,0.359471,0.477022
q_ind_230_pop_3,0.356663,0.352804,0.316172,0.413785
q_ind_231_pop_3,0.312802,0.312030,0.274239,0.354591
q_ind_232_pop_3,0.420851,0.419442,0.364366,0.484380
q_ind_233_pop_3,0.000522,0.000032,0.000000,0.004109
q_ind_234_pop_3,0.001027,0.000071,0.000000,0.008466
q_ind_235_pop_3,0.000892,0.000047,0.000000,0.007809
q_ind_236_pop_3,0.000584,0.000041,0.000000,0.004748
q_ind_237_pop_3,0.001865,0.000050,0.000000,0.019673
q_ind_238_pop_3,0.001012,0.000063,0.000000,0.008397
q_ind_239_pop_3,0.054299,0.054578,0.017473,0.087378
q_ind_240_pop_3,0.000639,0.000037,0.000000,0.005076
q_ind_241_pop_3,0.003077,0.000428,0.000000,0.020455
q_ind_242_pop_3,0.003847,0.000044,0.000000,0.044295
q_ind_243_pop_3,0.001312,0.000068,0.000000,0.011607
q_ind_244_pop_3,0.009737,0.000253,0.000000,0.053865
q_ind_0_pop_4,0.337578,0.339857,0.277738,0.394045
q_ind_1_pop_4,0.394990,0.398847,0.332147,0.434270
q_ind_2_pop_4,0.379332,0.381536,0.316712,0.428448
q_ind_3_pop_4,0.413782,0.415447,0.354958,0.460725
q_ind_4_pop_4,0.240213,0.242156,0.180001,0.289690
q_ind_5_pop_4,0.400584,0.402276,0.348855,0.443621
q_ind_6_pop_4,0.416967,0.418325,0.363272,0.460519
q_ind_7_pop_4,0.402854,0.406664,0.342618,0.448166
q_ind_8_pop_4,0.415095,0.417281,0.351435,0.471064
q_ind_9_pop_4,0.441027,0.444702,0.390344,0.478527
q_ind_10_pop_4,0.429290,0.429857,0.393223,0.462090
q_ind_11_pop_4,0.409644,0.410434,0.358675,0.456206
q_ind_12_pop_4,0.084696,0.083662,0.035141,0.132007
q_ind_13_pop_4,0.015473,0.004793,0.000000,0.058962
q_ind_14_pop_4,0.035933,0.037818,0.000001,0.079552
q_ind_15_pop_4,0.101015,0.104492,0.047616,0.142262
q_ind_16_pop_4,0.050447,0.051268,0.000882,0.087971
q_ind_17_pop_4,0.064136,0.068119,0.000000,0.132669
q_ind_18_pop_4,0.056880,0.057798,0.000044,0.101769
q_ind_19_pop_4,0.027611,0.024356,0.000000,0.089434
q_ind_20_pop_4,0.001285,0.000081,0.000000,0.011073
q_ind_21_pop_4,0.003038,0.000399,0.000000,0.020576
q_ind_22_pop_4,0.004302,0.000356,0.000000,0.027129
q_ind_23_pop_4,0.013746,0.006617,0.000000,0.056353
q_ind_24_pop_4,0.003137,0.000208,0.000000,0.024177
q_ind_25_pop_4,0.000924,0.000061,0.000000,0.007078
q_ind_26_pop_4,0.001970,0.000140,0.000000,0.014409
q_ind_27_pop_4,0.004764,0.000606,0.000000,0.029646
q_ind_28_pop_4,0.002184,0.000142,0.000000,0.017782
q_ind_29_pop_4,0.004978,0.000563,0.000000,0.032915
q_ind_30_pop_4,0.850740,0.829510,0.754438,0.994383
q_ind_31_pop_4,0.874938,0.853670,0.793618,0.998457
q_ind_32_pop_4,0.825180,0.807140,0.728063,0.963395
q_ind_33_pop_4,0.926499,0.911916,0.855002,0.999676
q_ind_34_pop_4,0.852614,0.834300,0.764874,0.993492
q_ind_35_pop_4,0.905156,0.880372,0.827155,0.999748
q_ind_36_pop_4,0.834142,0.816219,0.757134,0.971132
q_ind_37_pop_4,0.885312,0.858775,0.806054,0.999672
q_ind_38_pop_4,0.345794,0.328889,0.298273,0.493798
q_ind_39_pop_4,0.824462,0.823623,0.743243,0.906519
q_ind_40_pop_4,0.648069,0.639765,0.554102,0.757564
q_ind_41_pop_4,0.000608,0.000035,0.000000,0.005184
q_ind_42_pop_4,0.001712,0.000100,0.000000,0.014788
q_ind_43_pop_4,0.000900,0.000064,0.000000,0.007259
q_ind_44_pop_4,0.001367,0.000093,0.000000,0.010742
q_ind_45_pop_4,0.000763,0.000039,0.000000,0.006302
q_ind_46_pop_4,0.003022,0.000277,0.000000,0.021718
q_ind_47_pop_4,0.001186,0.000087,0.000000,0.008450
q_ind_48_pop_4,0.000910,0.000062,0.000000,0.006797
q_ind_49_pop_4,0.000997,0.000061,0.000000,0.008433
q_ind_50_pop_4,0.007127,0.001148,0.000000,0.039864
q_ind_51_pop_4,0.002095,0.000137,0.000000,0.016722
q_ind_52_pop_4,0.001716,0.000099,0.000000,0.014740
q_ind_53_pop_4,0.002953,0.000385,0.000000,0.018359
q_ind_54_pop_4,0.001474,0.000139,0.000000,0.010988
q_ind_55_pop_4,0.002679,0.000340,0.000000,0.016805
q_ind_56_pop_4,0.062475,0.063096,0.026243,0.098008
q_ind_57_pop_4,0.000920,0.000065,0.000000,0.006946
q_ind_58_pop_4,0.002769,0.000231,0.000000,0.019041
q_ind_59_pop_4,0.001970,0.000154,0.000000,0.015756
q_ind_60_pop_4,0.002534,0.000228,0.000000,0.017696
q_ind_61_pop_4,0.003970,0.000484,0.000000,0.025486
q_ind_62_pop_4,0.001234,0.000068,0.000000,0.011020
q_ind_63_pop_4,0.000720,0.000047,0.000000,0.005500
q_ind_64_pop_4,0.000661,0.000037,0.000000,0.005518
q_ind_65_pop_4,0.000517,0.000032,0.000000,0.004359
q_ind_66_pop_4,0.001546,0.000075,0.000000,0.013922
q_ind_67_pop_4,0.001610,0.000156,0.000000,0.011101
q_ind_68_pop_4,0.003294,0.000140,0.000000,0.037173
q_ind_69_pop_4,0.028593,0.005371,0.000000,0.105457
q_ind_70_pop_4,0.001235,0.000074,0.000000,0.010287
q_ind_71_pop_4,0.005697,0.001779,0.000000,0.028286
q_ind_72_pop_4,0.003908,0.000368,0.000000,0.025420
q_ind_73_pop_4,0.031982,0.015434,0.000000,0.106401
q_ind_74_pop_4,0.004353,0.000176,0.000000,0.043178
q_ind_75_pop_4,0.001543,0.000131,0.000000,0.012711
q_ind_76_pop_4,0.017915,0.006144,0.000000,0.080050
q_ind_77_pop_4,0.007632,0.000239,0.000000,0.062251
q_ind_78_pop_4,0.003307,0.000205,0.000000,0.025156
q_ind_79_pop_4,0.002107,0.000140,0.000000,0.015637
q_ind_80_pop_4,0.003047,0.000254,0.000000,0.022017
q_ind_81_pop_4,0.020153,0.002402,0.000000,0.090805
q_ind_82_pop_4,0.002865,0.000191,0.000000,0.023540
q_ind_83_pop_4,0.003395,0.000218,0.000000,0.029058
q_ind_84_pop_4,0.003390,0.000084,0.000000,0.046683
q_ind_85_pop_4,0.003903,0.000275,0.000000,0.033750
q_ind_86_pop_4,0.002538,0.000144,0.000000,0.019352
q_ind_87_pop_4,0.239258,0.238141,0.167406,0.310156
q_ind_88_pop_4,0.207296,0.205570,0.159299,0.271623
q_ind_89_pop_4,0.185562,0.185108,0.115203,0.259026
q_ind_90_pop_4,0.187652,0.187764,0.134914,0.246165
q_ind_91_pop_4,0.180075,0.178735,0.117198,0.255537
q_ind_92_pop_4,0.168244,0.171501,0.102954,0.224490
q_ind_93_pop_4,0.087364,0.087009,0.046971,0.127376
q_ind_94_pop_4,0.202652,0.204357,0.135923,0.259714
q_ind_95_pop_4,0.001686,0.000211,0.000000,0.010881
q_ind_96_pop_4,0.001697,0.000163,0.000000,0.011298
q_ind_97_pop_4,0.012486,0.007950,0.000000,0.050629
q_ind_98_pop_4,0.020646,0.018158,0.000000,0.061972
q_ind_99_pop_4,0.001515,0.000178,0.000000,0.010207
q_ind_100_pop_4,0.000642,0.000038,0.000000,0.005300
q_ind_101_pop_4,0.000523,0.000032,0.000000,0.004342
q_ind_102_pop_4,0.001311,0.000108,0.000000,0.010087
q_ind_103_pop_4,0.000712,0.000045,0.000000,0.005553
q_ind_104_pop_4,0.006798,0.001526,0.000000,0.034653
q_ind_105_pop_4,0.003387,0.000344,0.000000,0.023144
q_ind_106_pop_4,0.179972,0.178769,0.128153,0.245143
q_ind_107_pop_4,0.177449,0.168588,0.115431,0.257387
q_ind_108_pop_4,0.198102,0.197775,0.131613,0.271451
q_ind_109_pop_4,0.155658,0.156189,0.097624,0.209628
q_ind_110_pop_4,0.159299,0.151690,0.112033,0.237901
q_ind_111_pop_4,0.210020,0.205304,0.161607,0.286112
q_ind_112_pop_4,0.228703,0.227308,0.162796,0.304789
q_ind_113_pop_4,0.141791,0.137867,0.098327,0.220121
q_ind_114_pop_4,0.005319,0.000444,0.000000,0.030513
q_ind_115_pop_4,0.001662,0.000152,0.000000,0.012894
q_ind_116_pop_4,0.001301,0.000067,0.000000,0.010313
q_ind_117_pop_4,0.002599,0.000213,0.000000,0.018996
q_ind_118_pop_4,0.001041,0.000072,0.000000,0.008454
q_ind_119_pop_4,0.001360,0.000092,0.000000,0.010509
q_ind_120_pop_4,0.007005,0.003449,0.000000,0.030291
q_ind_121_pop_4,0.000822,0.000059,0.000000,0.006382
q_ind_122_pop_4,0.001216,0.000089,0.000000,0.009149
q_ind_123_pop_4,0.006275,0.000374,0.000000,0.045982
q_ind_124_pop_4,0.025734,0.015807,0.000000,0.090103
q_ind_125_pop_4,0.075437,0.074362,0.038601,0.120134
q_ind_126_pop_4,0.026587,0.013927,0.000000,0.099240
q_ind_127_pop_4,0.022815,0.008677,0.000000,0.081821
q_ind_128_pop_4,0.024069,0.013650,0.000000,0.079560
q_ind_129_pop_4,0.060929,0.074096,0.000000,0.118989
q_ind_130_pop_4,0.097903,0.096683,0.046864,0.156279
q_ind_131_pop_4,0.138939,0.130399,0.080720,0.247847
q_ind_132_pop_4,0.004748,0.000742,0.000000,0.030352
q_ind_133_pop_4,0.001914,0.000102,0.000000,0.016323
q_ind_134_pop_4,0.015493,0.010615,0.000000,0.058386
q_ind_135_pop_4,0.002064,0.000150,0.000000,0.015730
q_ind_136_pop_4,0.001704,0.000130,0.000000,0.012737
q_ind_137_pop_4,0.164561,0.163163,0.108091,0.229834
q_ind_138_pop_4,0.023892,0.016836,0.000000,0.091475
q_ind_139_pop_4,0.010265,0.002904,0.000000,0.048698
q_ind_140_pop_4,0.004729,0.000343,0.000000,0.032386
q_ind_141_pop_4,0.081028,0.078177,0.023568,0.143082
q_ind_142_pop_4,0.032991,0.034048,0.000001,0.068141
q_ind_143_pop_4,0.007547,0.001084,0.000000,0.041339
q_ind_144_pop_4,0.000821,0.000038,0.000000,0.006833
q_ind_145_pop_4,0.002846,0.000212,0.000000,0.021503
q_ind_146_pop_4,0.007123,0.001462,0.000000,0.036185
q_ind_147_pop_4,0.001963,0.000161,0.000000,0.014740
q_ind_148_pop_4,0.004056,0.000183,0.000000,0.035594
q_ind_149_pop_4,0.002355,0.000312,0.000000,0.014394
q_ind_150_pop_4,0.018264,0.016745,0.000000,0.047628
q_ind_151_pop_4,0.001583,0.000148,0.000000,0.010512
q_ind_152_pop_4,0.002215,0.000180,0.000000,0.015099
q_ind_153_pop_4,0.002001,0.000191,0.000000,0.012954
q_ind_154_pop_4,0.101537,0.101226,0.054365,0.151534
q_ind_155_pop_4,0.358122,0.357675,0.316023,0.402399
q_ind_156_pop_4,0.368930,0.371457,0.309671,0.419036
q_ind_157_pop_4,0.380585,0.382885,0.314709,0.435267
q_ind_158_pop_4,0.370704,0.371686,0.310478,0.423493
q_ind_159_pop_4,0.305357,0.305082,0.252748,0.354256
q_ind_160_pop_4,0.405595,0.407284,0.361363,0.443102
q_ind_161_pop_4,0.385384,0.385824,0.342175,0.424137
q_ind_162_pop_4,0.331616,0.333792,0.272889,0.379085
q_ind_163_pop_4,0.380708,0.380414,0.325000,0.443390
q_ind_164_pop_4,0.239300,0.237225,0.182443,0.301238
q_ind_165_pop_4,0.245706,0.238937,0.185780,0.328337
q_ind_166_pop_4,0.220310,0.219111,0.151189,0.302640
q_ind_167_pop_4,0.041047,0.040966,0.000002,0.095357
q_ind_168_pop_4,0.063096,0.063561,0.014608,0.114835
q_ind_169_pop_4,0.001551,0.000124,0.000000,0.011907
q_ind_170_pop_4,0.002515,0.000173,0.000000,0.017417
q_ind_171_pop_4,0.000847,0.000051,0.000000,0.007136
q_ind_172_pop_4,0.000586,0.000036,0.000000,0.004676
q_ind_173_pop_4,0.000645,0.000041,0.000000,0.005459
q_ind_174_pop_4,0.063097,0.067094,0.000003,0.115422
q_ind_175_pop_4,0.008166,0.000759,0.000000,0.054748
q_ind_176_pop_4,0.024838,0.016967,0.000000,0.085000
q_ind_177_pop_4,0.002725,0.000130,0.000000,0.023929
q_ind_178_pop_4,0.002204,0.000163,0.000000,0.017751
q_ind_179_pop_4,0.083221,0.095747,0.000000,0.153826
q_ind_180_pop_4,0.046169,0.030823,0.000000,0.147678
q_ind_181_pop_4,0.003687,0.000243,0.000000,0.029778
q_ind_182_pop_4,0.004641,0.000214,0.000000,0.045898
q_ind_183_pop_4,0.002758,0.000232,0.000000,0.021769
q_ind_184_pop_4,0.058550,0.057525,0.000432,0.125070
q_ind_185_pop_4,0.008961,0.000854,0.000000,0.057394
q_ind_186_pop_4,0.006895,0.000878,0.000000,0.041714
q_ind_187_pop_4,0.006096,0.000828,0.000000,0.036800
q_ind_188_pop_4,0.002623,0.000227,0.000000,0.019858
q_ind_189_pop_4,0.069653,0.069951,0.010330,0.122770
q_ind_190_pop_4,0.002338,0.000132,0.000000,0.020484
q_ind_191_pop_4,0.229630,0.229034,0.173135,0.287707
q_ind_192_pop_4,0.223782,0.223728,0.178779,0.269657
q_ind_193_pop_4,0.000391,0.000018,0.000000,0.003129
q_ind_194_pop_4,0.220128,0.219569,0.177736,0.263981
q_ind_195_pop_4,0.000293,0.000014,0.000000,0.002536
q_ind_196_pop_4,0.000270,0.000015,0.000000,0.002171
q_ind_197_pop_4,0.000415,0.000020,0.000000,0.003447
q_ind_198_pop_4,0.215955,0.216241,0.169984,0.259346
q_ind_199_pop_4,0.000401,0.000022,0.000000,0.003190
q_ind_200_pop_4,0.022744,0.010655,0.000000,0.106162
q_ind_201_pop_4,0.230194,0.228561,0.177871,0.292936
q_ind_202_pop_4,0.677138,0.677618,0.615637,0.736052
q_ind_203_pop_4,0.647327,0.643408,0.581406,0.721508
q_ind_204_pop_4,0.702780,0.700855,0.638609,0.778873
q_ind_205_pop_4,0.665797,0.665870,0.612308,0.720474
q_ind_206_pop_4,0.623237,0.620460,0.557878,0.699710
q_ind_207_pop_4,0.248318,0.247930,0.203633,0.293678
q_ind_208_pop_4,0.651732,0.646311,0.586703,0.737109
q_ind_209_pop_4,0.482225,0.482618,0.431738,0.539966
q_ind_210_pop_4,0.655486,0.655215,0.595467,0.719690
q_ind_211_pop_4,0.160111,0.158469,0.109118,0.216911
q_ind_212_pop_4,0.104556,0.104381,0.034523,0.169162
q_ind_213_pop_4,0.114090,0.118145,0.000381,0.184450
q_ind_214_pop_4,0.102143,0.101323,0.034830,0.174137
q_ind_215_pop_4,0.089187,0.092816,0.004686,0.147771
q_ind_216_pop_4,0.129485,0.129527,0.074955,0.183859
q_ind_217_pop_4,0.122049,0.127909,0.000184,0.192688
q_ind_218_pop_4,0.141056,0.140848,0.080034,0.199443
q_ind_219_pop_4,0.079514,0.081856,0.015537,0.136708
q_ind_220_pop_4,0.128544,0.128933,0.068403,0.183939
q_ind_221_pop_4,0.143079,0.141894,0.086836,0.208702
q_ind_222_pop_4,0.119196,0.122280,0.057559,0.162218
q_ind_223_pop_4,0.079165,0.078462,0.038535,0.124266
q_ind_224_pop_4,0.067431,0.065134,0.000047,0.138821
q_ind_225_pop_4,0.090485,0.096584,0.000003,0.161631
q_ind_226_pop_4,0.165501,0.167251,0.085567,0.227489
q_ind_227_pop_4,0.125401,0.127485,0.054954,0.191444
q_ind_228_pop_4,0.128310,0.133607,0.040478,0.199575
q_ind_229_pop_4,0.136469,0.136269,0.070261,0.210408
q_ind_230_pop_4,0.088448,0.104362,0.000002,0.159342
q_ind_231_pop_4,0.109332,0.109915,0.063488,0.150219
q_ind_232_pop_4,0.088370,0.084027,0.031216,0.157321
q_ind_233_pop_4,0.000575,0.000037,0.000000,0.004712
q_ind_234_pop_4,0.003118,0.000281,0.000000,0.021111
q_ind_235_pop_4,0.000987,0.000049,0.000000,0.008345
q_ind_236_pop_4,0.000907,0.000056,0.000000,0.008029
q_ind_237_pop_4,0.017732,0.001124,0.000000,0.079152
q_ind_238_pop_4,0.001627,0.000095,0.000000,0.012696
q_ind_239_pop_4,0.008782,0.000785,0.000000,0.051368
q_ind_240_pop_4,0.000789,0.000046,0.000000,0.006671
q_ind_241_pop_4,0.000983,0.000065,0.000000,0.007837
q_ind_242_pop_4,0.040653,0.040811,0.000000,0.111367
q_ind_243_pop_4,0.000864,0.000056,0.000000,0.007000
q_ind_244_pop_4,0.053276,0.060634,0.000000,0.126830
q_ind_0_pop_5,0.001033,0.000081,0.000000,0.007836
q_ind_1_pop_5,0.000836,0.000051,0.000000,0.006883
q_ind_2_pop_5,0.002382,0.000257,0.000000,0.016720
q_ind_3_pop_5,0.002280,0.000169,0.000000,0.016208
q_ind_4_pop_5,0.000666,0.000038,0.000000,0.005812
q_ind_5_pop_5,0.000999,0.000060,0.000000,0.007732
q_ind_6_pop_5,0.002710,0.000266,0.000000,0.017826
q_ind_7_pop_5,0.002324,0.000169,0.000000,0.018477
q_ind_8_pop_5,0.001031,0.000063,0.000000,0.009190
q_ind_9_pop_5,0.000842,0.000049,0.000000,0.006675
q_ind_10_pop_5,0.001858,0.000138,0.000000,0.014557
q_ind_11_pop_5,0.001982,0.000149,0.000000,0.013838
q_ind_12_pop_5,0.004164,0.000524,0.000000,0.027185
q_ind_13_pop_5,0.031254,0.030642,0.000000,0.080245
q_ind_14_pop_5,0.010423,0.002242,0.000000,0.050272
q_ind_15_pop_5,0.005634,0.000751,0.000000,0.029854
q_ind_16_pop_5,0.037939,0.039399,0.000030,0.077466
q_ind_17_pop_5,0.028392,0.027918,0.000001,0.067489
q_ind_18_pop_5,0.028223,0.028111,0.000000,0.064494
q_ind_19_pop_5,0.032091,0.033141,0.000001,0.066694
q_ind_20_pop_5,0.001541,0.000108,0.000000,0.012027
q_ind_21_pop_5,0.002259,0.000164,0.000000,0.017078
q_ind_22_pop_5,0.000975,0.000065,0.000000,0.007404
q_ind_23_pop_5,0.005342,0.000271,0.000000,0.042833
q_ind_24_pop_5,0.001729,0.000094,0.000000,0.014151
q_ind_25_pop_5,0.001350,0.000071,0.000000,0.011439
q_ind_26_pop_5,0.007979,0.001780,0.000000,0.042611
q_ind_27_pop_5,0.002011,0.000170,0.000000,0.014631
q_ind_28_pop_5,0.001948,0.000146,0.000000,0.014178
q_ind_29_pop_5,0.001840,0.000131,0.000000,0.014141
q_ind_30_pop_5,0.001068,0.000060,0.000000,0.008607
q_ind_31_pop_5,0.000900,0.000057,0.000000,0.007267
q_ind_32_pop_5,0.001585,0.000109,0.000000,0.013050
q_ind_33_pop_5,0.000889,0.000054,0.000000,0.006818
q_ind_34_pop_5,0.000616,0.000035,0.000000,0.005326
q_ind_35_pop_5,0.000693,0.000036,0.000000,0.005859
q_ind_36_pop_5,0.001326,0.000112,0.000000,0.010555
q_ind_37_pop_5,0.000427,0.000026,0.000000,0.003536
q_ind_38_pop_5,0.086506,0.085573,0.048252,0.130536
q_ind_39_pop_5,0.020612,0.018123,0.000000,0.061362
q_ind_40_pop_5,0.001769,0.000101,0.000000,0.014183
q_ind_41_pop_5,0.606458,0.605579,0.552431,0.667178
q_ind_42_pop_5,0.569005,0.566652,0.514742,0.636618
q_ind_43_pop_5,0.555612,0.550438,0.495941,0.663923
q_ind_44_pop_5,0.545354,0.541784,0.483833,0.631374
q_ind_45_pop_5,0.568335,0.567304,0.514041,0.627913
q_ind_46_pop_5,0.551877,0.548484,0.489827,0.635630
q_ind_47_pop_5,0.564372,0.563368,0.506037,0.633468
q_ind_48_pop_5,0.548842,0.547042,0.496676,0.611687
q_ind_49_pop_5,0.548589,0.546644,0.495501,0.614674
q_ind_50_pop_5,0.178671,0.179465,0.122481,0.231300
q_ind_51_pop_5,0.128810,0.130226,0.081704,0.166345
q_ind_52_pop_5,0.107438,0.108285,0.063692,0.150066
q_ind_53_pop_5,0.144148,0.144919,0.089645,0.186673
q_ind_54_pop_5,0.144416,0.144942,0.098703,0.184715
q_ind_55_pop_5,0.163719,0.163287,0.124599,0.205392
q_ind_56_pop_5,0.124728,0.124320,0.095403,0.157150
q_ind_57_pop_5,0.167094,0.167199,0.126873,0.206960
q_ind_58_pop_5,0.129836,0.129122,0.084725,0.182269
q_ind_59_pop_5,0.166247,0.166668,0.122842,0.206396
q_ind_60_pop_5,0.129921,0.129774,0.088850,0.173088
q_ind_61_pop_5,0.153518,0.153565,0.109902,0.197957
q_ind_62_pop_5,0.000323,0.000019,0.000000,0.002627
q_ind_63_pop_5,0.000318,0.000019,0.000000,0.002671
q_ind_64_pop_5,0.000352,0.000024,0.000000,0.002790
q_ind_65_pop_5,0.000362,0.000022,0.000000,0.002852
q_ind_66_pop_5,0.000474,0.000026,0.000000,0.004098
q_ind_67_pop_5,0.641632,0.633265,0.585454,0.750712
q_ind_68_pop_5,0.482281,0.474224,0.423192,0.589425
q_ind_69_pop_5,0.483424,0.477817,0.425925,0.577397
q_ind_70_pop_5,0.648237,0.643277,0.594423,0.728521
q_ind_71_pop_5,0.612559,0.608086,0.558063,0.698375
q_ind_72_pop_5,0.657808,0.652261,0.601179,0.754205
q_ind_73_pop_5,0.471922,0.465441,0.416291,0.560931
q_ind_74_pop_5,0.380326,0.357875,0.322866,0.499413
q_ind_75_pop_5,0.679462,0.673266,0.619547,0.776905
q_ind_76_pop_5,0.001744,0.000139,0.000000,0.013448
q_ind_77_pop_5,0.000989,0.000058,0.000000,0.007670
q_ind_78_pop_5,0.001394,0.000090,0.000000,0.011362
q_ind_79_pop_5,0.001082,0.000061,0.000000,0.008623
q_ind_80_pop_5,0.001178,0.000085,0.000000,0.008913
q_ind_81_pop_5,0.001273,0.000080,0.000000,0.010685
q_ind_82_pop_5,0.002875,0.000357,0.000000,0.018824
q_ind_83_pop_5,0.001665,0.000103,0.000000,0.014290
q_ind_84_pop_5,0.000939,0.000054,0.000000,0.007755
q_ind_85_pop_5,0.003198,0.000290,0.000000,0.027254
q_ind_86_pop_5,0.000645,0.000044,0.000000,0.005088
q_ind_87_pop_5,0.003215,0.000242,0.000000,0.024222
q_ind_88_pop_5,0.001643,0.000152,0.000000,0.011961
q_ind_89_pop_5,0.003482,0.000313,0.000000,0.023148
q_ind_90_pop_5,0.011203,0.004574,0.000000,0.051586
q_ind_91_pop_5,0.007697,0.001973,0.000000,0.037957
q_ind_92_pop_5,0.005897,0.001277,0.000000,0.030016
q_ind_93_pop_5,0.108156,0.107793,0.073492,0.145462
q_ind_94_pop_5,0.009718,0.002280,0.000000,0.049325
q_ind_95_pop_5,0.003372,0.000778,0.000000,0.018624
q_ind_96_pop_5,0.003376,0.000745,0.000000,0.017011
q_ind_97_pop_5,0.006825,0.002227,0.000000,0.030727
q_ind_98_pop_5,0.001814,0.000107,0.000000,0.014229
q_ind_99_pop_5,0.001610,0.000117,0.000000,0.011765
q_ind_100_pop_5,0.000563,0.000028,0.000000,0.004649
q_ind_101_pop_5,0.000550,0.000029,0.000000,0.004526
q_ind_102_pop_5,0.002435,0.000226,0.000000,0.017367
q_ind_103_pop_5,0.000603,0.000034,0.000000,0.004972
q_ind_104_pop_5,0.022834,0.022884,0.000009,0.048621
q_ind_105_pop_5,0.018487,0.016425,0.000000,0.050981
q_ind_106_pop_5,0.278401,0.277030,0.222743,0.348147
q_ind_107_pop_5,0.250227,0.248175,0.194255,0.314043
q_ind_108_pop_5,0.317455,0.315772,0.251837,0.392574
q_ind_109_pop_5,0.272015,0.269288,0.218123,0.338383
q_ind_110_pop_5,0.287383,0.285150,0.235438,0.351861
q_ind_111_pop_5,0.134301,0.128961,0.086329,0.205543
q_ind_112_pop_5,0.236996,0.235240,0.180458,0.305136
q_ind_113_pop_5,0.253082,0.252231,0.187526,0.323285
q_ind_114_pop_5,0.029400,0.026201,0.001313,0.070701
q_ind_115_pop_5,0.001971,0.000126,0.000000,0.016394
q_ind_116_pop_5,0.003119,0.000389,0.000000,0.020345
q_ind_117_pop_5,0.021662,0.019965,0.000131,0.050767
q_ind_118_pop_5,0.002830,0.000314,0.000000,0.020013
q_ind_119_pop_5,0.001580,0.000127,0.000000,0.011402
q_ind_120_pop_5,0.004707,0.000822,0.000000,0.025583
q_ind_121_pop_5,0.001363,0.000131,0.000000,0.009749
q_ind_122_pop_5,0.001995,0.000155,0.000000,0.015424
q_ind_123_pop_5,0.013778,0.007553,0.000000,0.052768
q_ind_124_pop_5,0.001897,0.000120,0.000000,0.015379
q_ind_125_pop_5,0.002061,0.000271,0.000000,0.015143
q_ind_126_pop_5,0.001489,0.000103,0.000000,0.011617
q_ind_127_pop_5,0.001129,0.000069,0.000000,0.009832
q_ind_128_pop_5,0.001429,0.000091,0.000000,0.011446
q_ind_129_pop_5,0.001667,0.000119,0.000000,0.013189
q_ind_130_pop_5,0.000797,0.000041,0.000000,0.006475
q_ind_131_pop_5,0.001686,0.000072,0.000000,0.016384
q_ind_132_pop_5,0.013263,0.003873,0.000000,0.058607
q_ind_133_pop_5,0.015529,0.011805,0.000000,0.051385
q_ind_134_pop_5,0.019894,0.015020,0.000000,0.065921
q_ind_135_pop_5,0.006577,0.000669,0.000000,0.041965
q_ind_136_pop_5,0.037986,0.036001,0.007001,0.081890
q_ind_137_pop_5,0.021360,0.011253,0.000000,0.073679
q_ind_138_pop_5,0.026845,0.021894,0.000000,0.095485
q_ind_139_pop_5,0.003894,0.000402,0.000000,0.026340
q_ind_140_pop_5,0.045657,0.046133,0.001540,0.084204
q_ind_141_pop_5,0.111381,0.109155,0.077597,0.160777
q_ind_142_pop_5,0.039095,0.038427,0.002378,0.075135
q_ind_143_pop_5,0.033347,0.032766,0.000004,0.075749
q_ind_144_pop_5,0.000334,0.000021,0.000000,0.002803
q_ind_145_pop_5,0.000811,0.000058,0.000000,0.006202
q_ind_146_pop_5,0.000687,0.000055,0.000000,0.005129
q_ind_147_pop_5,0.003742,0.001020,0.000000,0.019515
q_ind_148_pop_5,0.007558,0.001675,0.000000,0.035987
q_ind_149_pop_5,0.001046,0.000077,0.000000,0.007480
q_ind_150_pop_5,0.002942,0.000341,0.000000,0.019643
q_ind_151_pop_5,0.000583,0.000038,0.000000,0.004463
q_ind_152_pop_5,0.000756,0.000048,0.000000,0.005820
q_ind_153_pop_5,0.001179,0.000087,0.000000,0.008917
q_ind_154_pop_5,0.002948,0.000162,0.000000,0.024113
q_ind_155_pop_5,0.000805,0.000052,0.000000,0.006749
q_ind_156_pop_5,0.000836,0.000051,0.000000,0.006709
q_ind_157_pop_5,0.000808,0.000044,0.000000,0.006501
q_ind_158_pop_5,0.000646,0.000042,0.000000,0.005399
q_ind_159_pop_5,0.001325,0.000098,0.000000,0.010021
q_ind_160_pop_5,0.001039,0.000064,0.000000,0.008253
q_ind_161_pop_5,0.001203,0.000089,0.000000,0.009214
q_ind_162_pop_5,0.000687,0.000048,0.000000,0.005387
q_ind_163_pop_5,0.000955,0.000070,0.000000,0.007011
q_ind_164_pop_5,0.069367,0.067231,0.029520,0.120252
q_ind_165_pop_5,0.035794,0.037086,0.000000,0.085630
q_ind_166_pop_5,0.056910,0.061472,0.000006,0.102843
q_ind_167_pop_5,0.180119,0.177878,0.136245,0.237041
q_ind_168_pop_5,0.024870,0.020483,0.000000,0.080930
q_ind_169_pop_5,0.001933,0.000167,0.000000,0.013405
q_ind_170_pop_5,0.001880,0.000155,0.000000,0.013933
q_ind_171_pop_5,0.002785,0.000181,0.000000,0.022726
q_ind_172_pop_5,0.002343,0.000203,0.000000,0.016879
q_ind_173_pop_5,0.000913,0.000042,0.000000,0.007984
q_ind_174_pop_5,0.043955,0.042681,0.001441,0.096457
q_ind_175_pop_5,0.044455,0.044143,0.014124,0.077853
q_ind_176_pop_5,0.001445,0.000098,0.000000,0.012036
q_ind_177_pop_5,0.001053,0.000079,0.000000,0.008312
q_ind_178_pop_5,0.000637,0.000039,0.000000,0.005031
q_ind_179_pop_5,0.001212,0.000079,0.000000,0.009492
q_ind_180_pop_5,0.007075,0.001164,0.000000,0.044658
q_ind_181_pop_5,0.001111,0.000075,0.000000,0.008890
q_ind_182_pop_5,0.001150,0.000070,0.000000,0.009943
q_ind_183_pop_5,0.006364,0.001442,0.000000,0.033232
q_ind_184_pop_5,0.415704,0.413082,0.348282,0.488291
q_ind_185_pop_5,0.406077,0.403055,0.347477,0.482382
q_ind_186_pop_5,0.415782,0.412363,0.361377,0.495029
q_ind_187_pop_5,0.444218,0.439135,0.391739,0.526127
q_ind_188_pop_5,0.463017,0.460279,0.398456,0.540384
q_ind_189_pop_5,0.370381,0.362645,0.323568,0.460471
q_ind_190_pop_5,0.437855,0.432828,0.373241,0.532217
q_ind_191_pop_5,0.002043,0.000076,0.000000,0.019046
q_ind_192_pop_5,0.001281,0.000088,0.000000,0.009967
q_ind_193_pop_5,0.000164,0.000009,0.000000,0.001427
q_ind_194_pop_5,0.000889,0.000053,0.000000,0.006925
q_ind_195_pop_5,0.000205,0.000012,0.000000,0.001588
q_ind_196_pop_5,0.000196,0.000012,0.000000,0.001553
q_ind_197_pop_5,0.000203,0.000011,0.000000,0.001599
q_ind_198_pop_5,0.000717,0.000043,0.000000,0.005639
q_ind_199_pop_5,0.000284,0.000017,0.000000,0.002215
q_ind_200_pop_5,0.331140,0.326878,0.294835,0.385501
q_ind_201_pop_5,0.000572,0.000035,0.000000,0.004489
q_ind_202_pop_5,0.001455,0.000130,0.000000,0.010693
q_ind_203_pop_5,0.001992,0.000139,0.000000,0.017194
q_ind_204_pop_5,0.001423,0.000076,0.000000,0.011401
q_ind_205_pop_5,0.002607,0.000216,0.000000,0.017706
q_ind_206_pop_5,0.001953,0.000222,0.000000,0.013083
q_ind_207_pop_5,0.109341,0.106265,0.062043,0.177853
q_ind_208_pop_5,0.001880,0.000114,0.000000,0.014459
q_ind_209_pop_5,0.134162,0.134771,0.092755,0.174283
q_ind_210_pop_5,0.003616,0.000668,0.000000,0.020639
q_ind_211_pop_5,0.132319,0.130489,0.090350,0.185847
q_ind_212_pop_5,0.009202,0.002706,0.000000,0.043504
q_ind_213_pop_5,0.006019,0.000398,0.000000,0.044991
q_ind_214_pop_5,0.016482,0.013588,0.000000,0.054434
q_ind_215_pop_5,0.042537,0.041866,0.015268,0.075399
q_ind_216_pop_5,0.012624,0.002996,0.000000,0.064688
q_ind_217_pop_5,0.014757,0.004500,0.000000,0.066677
q_ind_218_pop_5,0.019716,0.017174,0.000000,0.059587
q_ind_219_pop_5,0.005391,0.000603,0.000000,0.030167
q_ind_220_pop_5,0.003980,0.000284,0.000000,0.030966
q_ind_221_pop_5,0.010438,0.003121,0.000000,0.044928
q_ind_222_pop_5,0.250228,0.246257,0.204052,0.313952
q_ind_223_pop_5,0.115876,0.114476,0.080584,0.155498
q_ind_224_pop_5,0.274069,0.273594,0.226377,0.326056
q_ind_225_pop_5,0.226486,0.222859,0.180100,0.288959
q_ind_226_pop_5,0.276799,0.276025,0.222917,0.333920
q_ind_227_pop_5,0.245991,0.242795,0.196605,0.318395
q_ind_228_pop_5,0.276229,0.274773,0.217787,0.337891
q_ind_229_pop_5,0.226368,0.224146,0.176687,0.286071
q_ind_230_pop_5,0.230823,0.224976,0.175355,0.302571
q_ind_231_pop_5,0.210138,0.208107,0.167366,0.268130
q_ind_232_pop_5,0.230345,0.230372,0.186892,0.275311
q_ind_233_pop_5,0.794260,0.787960,0.740704,0.900863
q_ind_234_pop_5,0.733997,0.726589,0.673826,0.842375
q_ind_235_pop_5,0.750669,0.742329,0.691274,0.864487
q_ind_236_pop_5,0.765701,0.755957,0.707676,0.879860
q_ind_237_pop_5,0.722428,0.713697,0.658808,0.839358
q_ind_238_pop_5,0.752407,0.741797,0.696167,0.886737
q_ind_239_pop_5,0.610295,0.603653,0.556001,0.710392
q_ind_240_pop_5,0.638703,0.631657,0.582707,0.739981
q_ind_241_pop_5,0.714309,0.706959,0.660170,0.812676
q_ind_242_pop_5,0.516882,0.508678,0.454238,0.620473
q_ind_243_pop_5,0.773987,0.768470,0.718424,0.864781
q_ind_244_pop_5,0.529009,0.522305,0.467509,0.624617
q_ind_0_pop_6,0.027926,0.031878,0.000000,0.053732
q_ind_1_pop_6,0.004068,0.000222,0.000000,0.030008
q_ind_2_pop_6,0.001981,0.000185,0.000000,0.013306
q_ind_3_pop_6,0.002604,0.000149,0.000000,0.023775
q_ind_4_pop_6,0.087401,0.094799,0.027177,0.118762
q_ind_5_pop_6,0.014936,0.015038,0.000000,0.036611
q_ind_6_pop_6,0.000716,0.000048,0.000000,0.005552
q_ind_7_pop_6,0.009111,0.003987,0.000000,0.035058
q_ind_8_pop_6,0.001099,0.000073,0.000000,0.008289
q_ind_9_pop_6,0.000759,0.000035,0.000000,0.006671
q_ind_10_pop_6,0.013091,0.011230,0.000000,0.038628
q_ind_11_pop_6,0.008543,0.002045,0.000000,0.035344
q_ind_12_pop_6,0.408188,0.420316,0.326853,0.455388
q_ind_13_pop_6,0.401670,0.409215,0.321476,0.462783
q_ind_14_pop_6,0.417990,0.431282,0.332388,0.472398
q_ind_15_pop_6,0.388854,0.399820,0.307251,0.447367
q_ind_16_pop_6,0.405164,0.420257,0.308695,0.459666
q_ind_17_pop_6,0.432199,0.443070,0.342974,0.496726
q_ind_18_pop_6,0.406686,0.415468,0.330703,0.456451
q_ind_19_pop_6,0.424011,0.427467,0.368235,0.470157
q_ind_20_pop_6,0.113212,0.124439,0.033160,0.152637
q_ind_21_pop_6,0.101523,0.116955,0.000167,0.142462
q_ind_22_pop_6,0.083042,0.098841,0.000002,0.125947
q_ind_23_pop_6,0.109189,0.122689,0.001796,0.152160
q_ind_24_pop_6,0.117872,0.129829,0.034246,0.158249
q_ind_25_pop_6,0.078436,0.096533,0.000000,0.122268
q_ind_26_pop_6,0.086565,0.099577,0.000019,0.124739
q_ind_27_pop_6,0.085034,0.097311,0.000107,0.125164
q_ind_28_pop_6,0.098645,0.111937,0.009041,0.138718
q_ind_29_pop_6,0.105821,0.121019,0.000660,0.149020
q_ind_30_pop_6,0.066559,0.077686,0.000001,0.104320
q_ind_31_pop_6,0.057673,0.068552,0.000000,0.098952
q_ind_32_pop_6,0.056068,0.066220,0.000000,0.095827
q_ind_33_pop_6,0.034049,0.041333,0.000000,0.069516
q_ind_34_pop_6,0.062038,0.072138,0.000003,0.098557
q_ind_35_pop_6,0.044272,0.058271,0.000000,0.084509
q_ind_36_pop_6,0.077284,0.087373,0.003166,0.113207
q_ind_37_pop_6,0.054952,0.067171,0.000000,0.095300
q_ind_38_pop_6,0.159845,0.169976,0.088212,0.197555
q_ind_39_pop_6,0.044471,0.049580,0.000000,0.082891
q_ind_40_pop_6,0.050409,0.057776,0.000000,0.097801
q_ind_41_pop_6,0.297069,0.298288,0.242922,0.342326
q_ind_42_pop_6,0.321260,0.323271,0.266116,0.365869
q_ind_43_pop_6,0.313492,0.314034,0.266042,0.357882
q_ind_44_pop_6,0.327900,0.328147,0.279288,0.375707
q_ind_45_pop_6,0.323461,0.326202,0.263931,0.370376
q_ind_46_pop_6,0.342500,0.343339,0.292820,0.387359
q_ind_47_pop_6,0.306139,0.306248,0.255665,0.352956
q_ind_48_pop_6,0.349571,0.350162,0.299183,0.395436
q_ind_49_pop_6,0.328873,0.331581,0.269500,0.374718
q_ind_50_pop_6,0.464728,0.472511,0.398402,0.513654
q_ind_51_pop_6,0.504842,0.517800,0.415291,0.553606
q_ind_52_pop_6,0.534845,0.547876,0.438998,0.587759
q_ind_53_pop_6,0.512172,0.523362,0.421374,0.558644
q_ind_54_pop_6,0.503939,0.520337,0.405985,0.557990
q_ind_55_pop_6,0.505725,0.516587,0.427745,0.554809
q_ind_56_pop_6,0.347443,0.355836,0.286707,0.393241
q_ind_57_pop_6,0.492513,0.504329,0.411588,0.543397
q_ind_58_pop_6,0.519538,0.529816,0.435829,0.568285
q_ind_59_pop_6,0.482724,0.493912,0.405128,0.531597
q_ind_60_pop_6,0.511991,0.529001,0.406254,0.565515
q_ind_61_pop_6,0.523120,0.536397,0.425281,0.578440
q_ind_62_pop_6,0.000397,0.000026,0.000000,0.003060
q_ind_63_pop_6,0.000727,0.000039,0.000000,0.005988
q_ind_64_pop_6,0.000723,0.000036,0.000000,0.006184
q_ind_65_pop_6,0.000638,0.000037,0.000000,0.005517
q_ind_66_pop_6,0.000432,0.000024,0.000000,0.003697
q_ind_67_pop_6,0.104399,0.114086,0.011687,0.140062
q_ind_68_pop_6,0.111625,0.123928,0.004516,0.154090
q_ind_69_pop_6,0.121092,0.132106,0.045243,0.158038
q_ind_70_pop_6,0.109961,0.114777,0.055580,0.141738
q_ind_71_pop_6,0.119061,0.125009,0.057120,0.151420
q_ind_72_pop_6,0.104031,0.109461,0.044906,0.136663
q_ind_73_pop_6,0.130732,0.140025,0.049155,0.168579
q_ind_74_pop_6,0.143372,0.150299,0.076493,0.181476
q_ind_75_pop_6,0.106368,0.112915,0.047957,0.139764
q_ind_76_pop_6,0.058327,0.068997,0.000000,0.100913
q_ind_77_pop_6,0.054287,0.064583,0.000000,0.090444
q_ind_78_pop_6,0.074723,0.084863,0.000273,0.110658
q_ind_79_pop_6,0.057594,0.068192,0.000000,0.093175
q_ind_80_pop_6,0.079675,0.087930,0.017706,0.113164
q_ind_81_pop_6,0.048729,0.057953,0.000000,0.084316
q_ind_82_pop_6,0.055971,0.065160,0.000001,0.089885
q_ind_83_pop_6,0.043501,0.051279,0.000000,0.075390
q_ind_84_pop_6,0.073407,0.086766,0.000000,0.111167
q_ind_85_pop_6,0.060891,0.073478,0.000000,0.097896
q_ind_86_pop_6,0.062770,0.072224,0.000027,0.097127
q_ind_87_pop_6,0.138028,0.138152,0.067625,0.199077
q_ind_88_pop_6,0.153713,0.159471,0.086842,0.202904
q_ind_89_pop_6,0.199674,0.213297,0.102107,0.254607
q_ind_90_pop_6,0.174086,0.179584,0.104413,0.223037
q_ind_91_pop_6,0.176828,0.183438,0.106186,0.227890
q_ind_92_pop_6,0.185631,0.197754,0.088304,0.238111
q_ind_93_pop_6,0.142950,0.147573,0.087016,0.182177
q_ind_94_pop_6,0.166373,0.171781,0.098312,0.218336
q_ind_95_pop_6,0.839115,0.839122,0.802711,0.887378
q_ind_96_pop_6,0.833888,0.833254,0.800805,0.881007
q_ind_97_pop_6,0.489403,0.491853,0.466426,0.499963
q_ind_98_pop_6,0.486203,0.491702,0.448590,0.499982
q_ind_99_pop_6,0.866902,0.865090,0.835559,0.930356
q_ind_100_pop_6,0.878345,0.876101,0.847750,0.951008
q_ind_101_pop_6,0.878522,0.875762,0.852010,0.949062
q_ind_102_pop_6,0.869949,0.866481,0.840193,0.952781
q_ind_103_pop_6,0.893380,0.889248,0.867147,0.990131
q_ind_104_pop_6,0.475182,0.475328,0.448091,0.499197
q_ind_105_pop_6,0.795127,0.794448,0.755709,0.848657
q_ind_106_pop_6,0.065485,0.075524,0.000000,0.117497
q_ind_107_pop_6,0.078477,0.089654,0.000015,0.120207
q_ind_108_pop_6,0.056946,0.063382,0.000001,0.102137
q_ind_109_pop_6,0.089291,0.097410,0.009241,0.125943
q_ind_110_pop_6,0.085984,0.093229,0.011326,0.122508
q_ind_111_pop_6,0.174632,0.183550,0.094085,0.221813
q_ind_112_pop_6,0.050125,0.057394,0.000000,0.108588
q_ind_113_pop_6,0.090615,0.099536,0.000839,0.133628
q_ind_114_pop_6,0.740197,0.742703,0.689871,0.777174
q_ind_115_pop_6,0.811356,0.814582,0.764220,0.841955
q_ind_116_pop_6,0.791663,0.793314,0.750653,0.824564
q_ind_117_pop_6,0.784042,0.787034,0.735684,0.816547
q_ind_118_pop_6,0.812605,0.814049,0.772454,0.845845
q_ind_119_pop_6,0.828985,0.830689,0.787672,0.864167
q_ind_120_pop_6,0.801653,0.803709,0.758185,0.834833
q_ind_121_pop_6,0.825553,0.827616,0.784187,0.854368
q_ind_122_pop_6,0.814438,0.815445,0.774306,0.848683
q_ind_123_pop_6,0.621092,0.626616,0.559974,0.659618
q_ind_124_pop_6,0.073847,0.086582,0.000000,0.113455
q_ind_125_pop_6,0.096726,0.112409,0.000002,0.142750
q_ind_126_pop_6,0.109946,0.118602,0.039322,0.145792
q_ind_127_pop_6,0.109820,0.118645,0.036075,0.146258
q_ind_128_pop_6,0.074269,0.087545,0.000001,0.114955
q_ind_129_pop_6,0.087900,0.093774,0.030516,0.123435
q_ind_130_pop_6,0.149117,0.157838,0.082398,0.185136
q_ind_131_pop_6,0.150350,0.163348,0.072354,0.189992
q_ind_132_pop_6,0.081772,0.103812,0.000000,0.136135
q_ind_133_pop_6,0.106293,0.119876,0.020573,0.145789
q_ind_134_pop_6,0.080686,0.100893,0.000000,0.127565
q_ind_135_pop_6,0.114221,0.127159,0.025895,0.154464
q_ind_136_pop_6,0.099059,0.112569,0.000137,0.142335
q_ind_137_pop_6,0.132317,0.153125,0.000328,0.181168
q_ind_138_pop_6,0.136326,0.153450,0.021020,0.180118
q_ind_139_pop_6,0.121350,0.131754,0.048095,0.157525
q_ind_140_pop_6,0.086344,0.101326,0.000001,0.132439
q_ind_141_pop_6,0.206143,0.219078,0.120485,0.244666
q_ind_142_pop_6,0.091594,0.104105,0.000480,0.131090
q_ind_143_pop_6,0.092091,0.106223,0.000031,0.132764
q_ind_144_pop_6,0.000472,0.000029,0.000000,0.003772
q_ind_145_pop_6,0.007614,0.004456,0.000000,0.027508
q_ind_146_pop_6,0.002629,0.000382,0.000000,0.015983
q_ind_147_pop_6,0.003954,0.001365,0.000000,0.018499
q_ind_148_pop_6,0.056094,0.056700,0.028657,0.080692
q_ind_149_pop_6,0.002653,0.000599,0.000000,0.014830
q_ind_150_pop_6,0.001443,0.000107,0.000000,0.010571
q_ind_151_pop_6,0.003689,0.001108,0.000000,0.019237
q_ind_152_pop_6,0.000928,0.000077,0.000000,0.006855
q_ind_153_pop_6,0.007792,0.005215,0.000000,0.028971
q_ind_154_pop_6,0.088981,0.096854,0.037575,0.119198
q_ind_155_pop_6,0.008649,0.003189,0.000000,0.031728
q_ind_156_pop_6,0.013771,0.012872,0.000000,0.038670
q_ind_157_pop_6,0.014213,0.013167,0.000000,0.039326
q_ind_158_pop_6,0.007028,0.001083,0.000000,0.033673
q_ind_159_pop_6,0.000979,0.000050,0.000000,0.008142
q_ind_160_pop_6,0.000950,0.000083,0.000000,0.007208
q_ind_161_pop_6,0.002793,0.000333,0.000000,0.017146
q_ind_162_pop_6,0.001345,0.000077,0.000000,0.010805
q_ind_163_pop_6,0.006270,0.002028,0.000000,0.027836
q_ind_164_pop_6,0.056184,0.065411,0.000000,0.092164
q_ind_165_pop_6,0.068483,0.079110,0.000001,0.109677
q_ind_166_pop_6,0.051625,0.060450,0.000000,0.089198
q_ind_167_pop_6,0.157421,0.170072,0.067856,0.198308
q_ind_168_pop_6,0.110415,0.124883,0.009265,0.151933
q_ind_169_pop_6,0.085183,0.105315,0.000000,0.133703
q_ind_170_pop_6,0.092808,0.108914,0.000000,0.139635
q_ind_171_pop_6,0.110200,0.123697,0.018406,0.149536
q_ind_172_pop_6,0.166429,0.179742,0.079698,0.205918
q_ind_173_pop_6,0.097185,0.112144,0.000002,0.136944
q_ind_174_pop_6,0.140715,0.156286,0.036488,0.185105
q_ind_175_pop_6,0.089343,0.093285,0.041389,0.120423
q_ind_176_pop_6,0.031028,0.036844,0.000000,0.063049
q_ind_177_pop_6,0.029728,0.035167,0.000000,0.059705
q_ind_178_pop_6,0.042030,0.048270,0.000000,0.071256
q_ind_179_pop_6,0.004498,0.000549,0.000000,0.025626
q_ind_180_pop_6,0.100131,0.105749,0.044032,0.132528
q_ind_181_pop_6,0.037970,0.042073,0.000002,0.065094
q_ind_182_pop_6,0.036102,0.043846,0.000000,0.066650
q_ind_183_pop_6,0.073618,0.083666,0.000035,0.109573
q_ind_184_pop_6,0.053354,0.061105,0.000000,0.108059
q_ind_185_pop_6,0.115845,0.126547,0.034312,0.156380
q_ind_186_pop_6,0.120584,0.131005,0.040387,0.161175
q_ind_187_pop_6,0.127427,0.137753,0.041972,0.167229
q_ind_188_pop_6,0.060709,0.075191,0.000000,0.110841
q_ind_189_pop_6,0.106022,0.126478,0.004172,0.160810
q_ind_190_pop_6,0.109071,0.122973,0.000061,0.154178
q_ind_191_pop_6,0.011933,0.008762,0.000000,0.043041
q_ind_192_pop_6,0.006207,0.002452,0.000000,0.027381
q_ind_193_pop_6,0.000195,0.000010,0.000000,0.001635
q_ind_194_pop_6,0.000633,0.000044,0.000000,0.004803
q_ind_195_pop_6,0.000239,0.000012,0.000000,0.001935
q_ind_196_pop_6,0.000224,0.000014,0.000000,0.001823
q_ind_197_pop_6,0.000199,0.000011,0.000000,0.001678
q_ind_198_pop_6,0.000581,0.000036,0.000000,0.004533
q_ind_199_pop_6,0.000260,0.000016,0.000000,0.002147
q_ind_200_pop_6,0.146420,0.163981,0.028512,0.188602
q_ind_201_pop_6,0.000887,0.000056,0.000000,0.007535
q_ind_202_pop_6,0.003213,0.000388,0.000000,0.020572
q_ind_203_pop_6,0.020646,0.022813,0.000000,0.048219
q_ind_204_pop_6,0.014744,0.008956,0.000000,0.046942
q_ind_205_pop_6,0.008992,0.005157,0.000000,0.032469
q_ind_206_pop_6,0.038674,0.043708,0.000001,0.067814
q_ind_207_pop_6,0.070001,0.077712,0.007365,0.105733
q_ind_208_pop_6,0.026626,0.031593,0.000000,0.054585
q_ind_209_pop_6,0.015506,0.011406,0.000000,0.047960
q_ind_210_pop_6,0.021245,0.023769,0.000000,0.050265
q_ind_211_pop_6,0.274235,0.280599,0.186193,0.322203
q_ind_212_pop_6,0.158683,0.172847,0.058092,0.202997
q_ind_213_pop_6,0.150032,0.169436,0.026284,0.198106
q_ind_214_pop_6,0.128923,0.144643,0.014724,0.173891
q_ind_215_pop_6,0.142851,0.155171,0.059529,0.183515
q_ind_216_pop_6,0.137292,0.157727,0.000002,0.189488
q_ind_217_pop_6,0.158275,0.178957,0.038127,0.206629
q_ind_218_pop_6,0.143343,0.155824,0.059855,0.185436
q_ind_219_pop_6,0.165843,0.180226,0.069268,0.210203
q_ind_220_pop_6,0.157631,0.168305,0.080275,0.198073
q_ind_221_pop_6,0.144609,0.156695,0.068964,0.184494
q_ind_222_pop_6,0.113064,0.116535,0.068153,0.142070
q_ind_223_pop_6,0.184748,0.187629,0.133490,0.215802
q_ind_224_pop_6,0.092340,0.092793,0.057229,0.124220
q_ind_225_pop_6,0.106056,0.110026,0.056558,0.137980
q_ind_226_pop_6,0.100268,0.098985,0.066746,0.140526
q_ind_227_pop_6,0.079700,0.079800,0.048789,0.109021
q_ind_228_pop_6,0.070339,0.069805,0.040952,0.104068
q_ind_229_pop_6,0.106791,0.108097,0.062668,0.146554
q_ind_230_pop_6,0.110068,0.109274,0.081257,0.144525
q_ind_231_pop_6,0.177718,0.179564,0.136713,0.210130
q_ind_232_pop_6,0.093469,0.093394,0.067033,0.121674
q_ind_233_pop_6,0.104412,0.105094,0.074126,0.128974
q_ind_234_pop_6,0.124646,0.129503,0.075610,0.152832
q_ind_235_pop_6,0.116965,0.120252,0.068068,0.146995
q_ind_236_pop_6,0.117023,0.120577,0.071706,0.146537
q_ind_237_pop_6,0.124027,0.129748,0.066430,0.155907
q_ind_238_pop_6,0.125570,0.127400,0.088850,0.151691
q_ind_239_pop_6,0.165019,0.166910,0.120238,0.201914
q_ind_240_pop_6,0.129857,0.136676,0.056588,0.163616
q_ind_241_pop_6,0.136010,0.140204,0.083515,0.163381
q_ind_242_pop_6,0.144557,0.152139,0.081636,0.182586
q_ind_243_pop_6,0.110816,0.111774,0.077024,0.136885
q_ind_244_pop_6,0.153615,0.162279,0.081859,0.189791
q_ind_0_pop_7,0.057122,0.055393,0.029970,0.092070
q_ind_1_pop_7,0.060637,0.061572,0.016787,0.094519
q_ind_2_pop_7,0.026949,0.024660,0.000000,0.076141
q_ind_3_pop_7,0.012906,0.009329,0.000000,0.041977
q_ind_4_pop_7,0.063678,0.062846,0.037227,0.093870
q_ind_5_pop_7,0.056410,0.056910,0.021870,0.089393
q_ind_6_pop_7,0.024702,0.023640,0.001886,0.053345
q_ind_7_pop_7,0.045275,0.044152,0.019860,0.075761
q_ind_8_pop_7,0.074236,0.073282,0.037801,0.117147
q_ind_9_pop_7,0.035224,0.034919,0.000061,0.072371
q_ind_10_pop_7,0.012977,0.009358,0.000000,0.045116
q_ind_11_pop_7,0.043573,0.042381,0.014881,0.075346
q_ind_12_pop_7,0.002623,0.000270,0.000000,0.017253
q_ind_13_pop_7,0.054044,0.053717,0.028900,0.081582
q_ind_14_pop_7,0.041497,0.041831,0.016744,0.064259
q_ind_15_pop_7,0.035662,0.036647,0.004755,0.063956
q_ind_16_pop_7,0.021727,0.021451,0.000000,0.052734
q_ind_17_pop_7,0.003030,0.000224,0.000000,0.022917
q_ind_18_pop_7,0.025006,0.025405,0.000004,0.052317
q_ind_19_pop_7,0.034046,0.033509,0.007916,0.064004
q_ind_20_pop_7,0.001716,0.000080,0.000000,0.014268
q_ind_21_pop_7,0.025478,0.025250,0.000006,0.054616
q_ind_22_pop_7,0.009196,0.005915,0.000000,0.032857
q_ind_23_pop_7,0.059999,0.060271,0.028792,0.090874
q_ind_24_pop_7,0.001178,0.000070,0.000000,0.009623
q_ind_25_pop_7,0.016954,0.015644,0.000000,0.046512
q_ind_26_pop_7,0.004522,0.000836,0.000000,0.025722
q_ind_27_pop_7,0.012662,0.010817,0.000000,0.039728
q_ind_28_pop_7,0.013738,0.012287,0.000000,0.040222
q_ind_29_pop_7,0.028694,0.028595,0.000020,0.059471
q_ind_30_pop_7,0.000790,0.000046,0.000000,0.006518
q_ind_31_pop_7,0.001284,0.000080,0.000000,0.011231
q_ind_32_pop_7,0.001249,0.000076,0.000000,0.009293
q_ind_33_pop_7,0.000749,0.000049,0.000000,0.005912
q_ind_34_pop_7,0.001130,0.000071,0.000000,0.009155
q_ind_35_pop_7,0.000506,0.000035,0.000000,0.004229
q_ind_36_pop_7,0.000744,0.000047,0.000000,0.005848
q_ind_37_pop_7,0.000448,0.000027,0.000000,0.003771
q_ind_38_pop_7,0.056575,0.057184,0.024060,0.088496
q_ind_39_pop_7,0.021989,0.018542,0.000000,0.067114
q_ind_40_pop_7,0.068238,0.067770,0.031929,0.106366
q_ind_41_pop_7,0.001506,0.000113,0.000000,0.011625
q_ind_42_pop_7,0.001775,0.000235,0.000000,0.011887
q_ind_43_pop_7,0.001743,0.000134,0.000000,0.015102
q_ind_44_pop_7,0.001408,0.000087,0.000000,0.011133
q_ind_45_pop_7,0.000482,0.000028,0.000000,0.003864
q_ind_46_pop_7,0.004110,0.000778,0.000000,0.022113
q_ind_47_pop_7,0.004826,0.000935,0.000000,0.026012
q_ind_48_pop_7,0.000754,0.000056,0.000000,0.005830
q_ind_49_pop_7,0.000674,0.000045,0.000000,0.005448
q_ind_50_pop_7,0.003051,0.000831,0.000000,0.015731
q_ind_51_pop_7,0.001455,0.000152,0.000000,0.009774
q_ind_52_pop_7,0.001451,0.000189,0.000000,0.009286
q_ind_53_pop_7,0.000845,0.000065,0.000000,0.005937
q_ind_54_pop_7,0.000820,0.000048,0.000000,0.006705
q_ind_55_pop_7,0.004773,0.002203,0.000000,0.020741
q_ind_56_pop_7,0.101729,0.101351,0.074213,0.130489
q_ind_57_pop_7,0.000701,0.000042,0.000000,0.005414
q_ind_58_pop_7,0.021573,0.021234,0.003954,0.040862
q_ind_59_pop_7,0.000848,0.000061,0.000000,0.006537
q_ind_60_pop_7,0.003233,0.000583,0.000000,0.017881
q_ind_61_pop_7,0.005284,0.002105,0.000000,0.024595
q_ind_62_pop_7,0.963139,0.963654,0.934149,0.990772
q_ind_63_pop_7,0.985173,0.988231,0.955942,0.999802
q_ind_64_pop_7,0.960207,0.960503,0.929828,0.990430
q_ind_65_pop_7,0.952081,0.952564,0.924250,0.976420
q_ind_66_pop_7,0.818548,0.819047,0.783525,0.851904
q_ind_67_pop_7,0.001179,0.000089,0.000000,0.008829
q_ind_68_pop_7,0.053656,0.052890,0.023222,0.087898
q_ind_69_pop_7,0.001434,0.000069,0.000000,0.012194
q_ind_70_pop_7,0.001110,0.000091,0.000000,0.008103
q_ind_71_pop_7,0.002272,0.000172,0.000000,0.014854
q_ind_72_pop_7,0.001453,0.000109,0.000000,0.010979
q_ind_73_pop_7,0.048244,0.048278,0.008401,0.082185
q_ind_74_pop_7,0.049340,0.049029,0.021686,0.079827
q_ind_75_pop_7,0.001565,0.000167,0.000000,0.011361
q_ind_76_pop_7,0.086055,0.086194,0.053722,0.117549
q_ind_77_pop_7,0.115705,0.115812,0.077230,0.156726
q_ind_78_pop_7,0.076305,0.075855,0.044483,0.111488
q_ind_79_pop_7,0.061759,0.061026,0.031454,0.095300
q_ind_80_pop_7,0.112659,0.112196,0.078681,0.148287
q_ind_81_pop_7,0.106099,0.105817,0.073770,0.139046
q_ind_82_pop_7,0.090611,0.092335,0.053165,0.120290
q_ind_83_pop_7,0.106978,0.106980,0.078223,0.136376
q_ind_84_pop_7,0.089850,0.090985,0.055824,0.114888
q_ind_85_pop_7,0.096903,0.098173,0.063077,0.126923
q_ind_86_pop_7,0.058873,0.057416,0.027430,0.095264
q_ind_87_pop_7,0.368611,0.368788,0.323955,0.414180
q_ind_88_pop_7,0.357860,0.357780,0.317716,0.398322
q_ind_89_pop_7,0.337980,0.337978,0.292953,0.382526
q_ind_90_pop_7,0.365992,0.366374,0.323253,0.406445
q_ind_91_pop_7,0.369107,0.369437,0.324280,0.412791
q_ind_92_pop_7,0.312724,0.312880,0.270330,0.354401
q_ind_93_pop_7,0.271419,0.269583,0.236535,0.316941
q_ind_94_pop_7,0.367062,0.367064,0.323349,0.411778
q_ind_95_pop_7,0.001985,0.000312,0.000000,0.011547
q_ind_96_pop_7,0.003354,0.000937,0.000000,0.015986
q_ind_97_pop_7,0.000495,0.000027,0.000000,0.004000
q_ind_98_pop_7,0.092317,0.092023,0.066961,0.119106
q_ind_99_pop_7,0.001655,0.000235,0.000000,0.010226
q_ind_100_pop_7,0.000650,0.000035,0.000000,0.005265
q_ind_101_pop_7,0.000548,0.000035,0.000000,0.004352
q_ind_102_pop_7,0.000995,0.000064,0.000000,0.007797
q_ind_103_pop_7,0.000757,0.000052,0.000000,0.006039
q_ind_104_pop_7,0.039746,0.039019,0.021288,0.062012
q_ind_105_pop_7,0.006723,0.005366,0.000000,0.022554
q_ind_106_pop_7,0.002042,0.000132,0.000000,0.016346
q_ind_107_pop_7,0.001113,0.000065,0.000000,0.009953
q_ind_108_pop_7,0.001837,0.000135,0.000000,0.014148
q_ind_109_pop_7,0.001081,0.000060,0.000000,0.008527
q_ind_110_pop_7,0.001207,0.000079,0.000000,0.009560
q_ind_111_pop_7,0.001592,0.000125,0.000000,0.012358
q_ind_112_pop_7,0.004198,0.000587,0.000000,0.027101
q_ind_113_pop_7,0.002279,0.000185,0.000000,0.016756
q_ind_114_pop_7,0.015641,0.015688,0.000000,0.039864
q_ind_115_pop_7,0.000682,0.000042,0.000000,0.005521
q_ind_116_pop_7,0.002089,0.000235,0.000000,0.013478
q_ind_117_pop_7,0.000904,0.000070,0.000000,0.006643
q_ind_118_pop_7,0.004894,0.002099,0.000000,0.022285
q_ind_119_pop_7,0.000737,0.000049,0.000000,0.005419
q_ind_120_pop_7,0.007327,0.004402,0.000000,0.029341
q_ind_121_pop_7,0.001227,0.000136,0.000000,0.007926
q_ind_122_pop_7,0.002168,0.000283,0.000000,0.013846
q_ind_123_pop_7,0.033713,0.034111,0.006589,0.061900
q_ind_124_pop_7,0.056338,0.055266,0.021662,0.093881
q_ind_125_pop_7,0.048491,0.048948,0.000856,0.084114
q_ind_126_pop_7,0.047908,0.050612,0.000028,0.080813
q_ind_127_pop_7,0.070138,0.069786,0.039297,0.102376
q_ind_128_pop_7,0.045308,0.046432,0.010390,0.072488
q_ind_129_pop_7,0.025364,0.019238,0.000000,0.077297
q_ind_130_pop_7,0.117201,0.117035,0.084269,0.153195
q_ind_131_pop_7,0.092897,0.091695,0.061049,0.131878
q_ind_132_pop_7,0.001159,0.000069,0.000000,0.009663
q_ind_133_pop_7,0.000998,0.000094,0.000000,0.007146
q_ind_134_pop_7,0.001457,0.000135,0.000000,0.011284
q_ind_135_pop_7,0.000943,0.000070,0.000000,0.006868
q_ind_136_pop_7,0.000759,0.000047,0.000000,0.006285
q_ind_137_pop_7,0.000962,0.000045,0.000000,0.009192
q_ind_138_pop_7,0.001200,0.000095,0.000000,0.009139
q_ind_139_pop_7,0.001182,0.000069,0.000000,0.009103
q_ind_140_pop_7,0.000748,0.000050,0.000000,0.005860
q_ind_141_pop_7,0.100634,0.100464,0.074941,0.127943
q_ind_142_pop_7,0.000933,0.000049,0.000000,0.008238
q_ind_143_pop_7,0.000567,0.000036,0.000000,0.004511
q_ind_144_pop_7,0.980583,0.980987,0.957567,0.998961
q_ind_145_pop_7,0.948079,0.948561,0.917318,0.976307
q_ind_146_pop_7,0.978898,0.979500,0.953048,0.998969
q_ind_147_pop_7,0.940351,0.941270,0.912708,0.963676
q_ind_148_pop_7,0.835685,0.835825,0.806270,0.863708
q_ind_149_pop_7,0.982517,0.983577,0.959532,0.999206
q_ind_150_pop_7,0.968080,0.968626,0.941537,0.991596
q_ind_151_pop_7,0.983676,0.985598,0.957262,0.999571
q_ind_152_pop_7,0.988448,0.990257,0.966401,0.999820
q_ind_153_pop_7,0.967844,0.968497,0.939425,0.993217
q_ind_154_pop_7,0.410086,0.402395,0.380022,0.460966
q_ind_155_pop_7,0.129498,0.128346,0.092026,0.170627
q_ind_156_pop_7,0.093745,0.094041,0.054660,0.132284
q_ind_157_pop_7,0.057146,0.055933,0.007412,0.109196
q_ind_158_pop_7,0.075697,0.075243,0.036961,0.117091
q_ind_159_pop_7,0.152570,0.151894,0.110444,0.200304
q_ind_160_pop_7,0.093054,0.091800,0.056409,0.134446
q_ind_161_pop_7,0.109168,0.108688,0.071203,0.150325
q_ind_162_pop_7,0.100894,0.100767,0.061952,0.139748
q_ind_163_pop_7,0.093920,0.093463,0.059060,0.131111
q_ind_164_pop_7,0.002988,0.000263,0.000000,0.021357
q_ind_165_pop_7,0.000967,0.000071,0.000000,0.007305
q_ind_166_pop_7,0.001902,0.000134,0.000000,0.015029
q_ind_167_pop_7,0.011899,0.004091,0.000000,0.049343
q_ind_168_pop_7,0.129670,0.129304,0.095417,0.164538
q_ind_169_pop_7,0.000927,0.000071,0.000000,0.006702
q_ind_170_pop_7,0.009546,0.006332,0.000000,0.036678
q_ind_171_pop_7,0.000423,0.000026,0.000000,0.003405
q_ind_172_pop_7,0.000454,0.000032,0.000000,0.003614
q_ind_173_pop_7,0.000737,0.000055,0.000000,0.005713
q_ind_174_pop_7,0.003780,0.000311,0.000000,0.024818
q_ind_175_pop_7,0.152363,0.152328,0.114615,0.191883
q_ind_176_pop_7,0.188431,0.187970,0.148223,0.229440
q_ind_177_pop_7,0.181670,0.180548,0.131732,0.230951
q_ind_178_pop_7,0.169427,0.168748,0.133301,0.210327
q_ind_179_pop_7,0.203362,0.203009,0.161011,0.247803
q_ind_180_pop_7,0.157076,0.156464,0.122187,0.194545
q_ind_181_pop_7,0.182886,0.182856,0.146412,0.219790
q_ind_182_pop_7,0.181430,0.181466,0.143218,0.221283
q_ind_183_pop_7,0.191492,0.188919,0.151882,0.243769
q_ind_184_pop_7,0.001425,0.000112,0.000000,0.010888
q_ind_185_pop_7,0.000652,0.000035,0.000000,0.005315
q_ind_186_pop_7,0.000404,0.000026,0.000000,0.003186
q_ind_187_pop_7,0.000520,0.000038,0.000000,0.004147
q_ind_188_pop_7,0.000746,0.000040,0.000000,0.006429
q_ind_189_pop_7,0.001307,0.000094,0.000000,0.009986
q_ind_190_pop_7,0.000512,0.000030,0.000000,0.004197
q_ind_191_pop_7,0.000702,0.000035,0.000000,0.005762
q_ind_192_pop_7,0.001348,0.000103,0.000000,0.010017
q_ind_193_pop_7,0.000190,0.000010,0.000000,0.001533
q_ind_194_pop_7,0.002118,0.000183,0.000000,0.015883
q_ind_195_pop_7,0.000280,0.000014,0.000000,0.002250
q_ind_196_pop_7,0.000203,0.000013,0.000000,0.001664
q_ind_197_pop_7,0.000226,0.000013,0.000000,0.001924
q_ind_198_pop_7,0.000564,0.000035,0.000000,0.004626
q_ind_199_pop_7,0.000443,0.000028,0.000000,0.003888
q_ind_200_pop_7,0.003045,0.000235,0.000000,0.022187
q_ind_201_pop_7,0.001077,0.000062,0.000000,0.008289
q_ind_202_pop_7,0.007539,0.002801,0.000000,0.034169
q_ind_203_pop_7,0.000978,0.000067,0.000000,0.007716
q_ind_204_pop_7,0.002341,0.000254,0.000000,0.016063
q_ind_205_pop_7,0.003312,0.000423,0.000000,0.019493
q_ind_206_pop_7,0.013925,0.006541,0.000000,0.062420
q_ind_207_pop_7,0.071562,0.070459,0.044280,0.105763
q_ind_208_pop_7,0.002059,0.000187,0.000000,0.014648
q_ind_209_pop_7,0.001047,0.000066,0.000000,0.008653
q_ind_210_pop_7,0.002841,0.000310,0.000000,0.018433
q_ind_211_pop_7,0.050502,0.049945,0.027554,0.075471
q_ind_212_pop_7,0.002748,0.000297,0.000000,0.017454
q_ind_213_pop_7,0.003752,0.000434,0.000000,0.024942
q_ind_214_pop_7,0.022024,0.021367,0.000002,0.051097
q_ind_215_pop_7,0.019375,0.018874,0.000000,0.050590
q_ind_216_pop_7,0.000595,0.000036,0.000000,0.004731
q_ind_217_pop_7,0.075433,0.075405,0.043666,0.107465
q_ind_218_pop_7,0.005284,0.000603,0.000000,0.030890
q_ind_219_pop_7,0.019317,0.018823,0.000000,0.047781
q_ind_220_pop_7,0.070601,0.070098,0.039694,0.103680
q_ind_221_pop_7,0.003433,0.000388,0.000000,0.023295
q_ind_222_pop_7,0.011488,0.007248,0.000000,0.039598
q_ind_223_pop_7,0.116519,0.115776,0.089097,0.147966
q_ind_224_pop_7,0.037380,0.037819,0.000635,0.071714
q_ind_225_pop_7,0.060739,0.059010,0.027727,0.101042
q_ind_226_pop_7,0.023735,0.022377,0.000000,0.062873
q_ind_227_pop_7,0.024501,0.024445,0.000000,0.058498
q_ind_228_pop_7,0.015093,0.007864,0.000000,0.059652
q_ind_229_pop_7,0.002174,0.000188,0.000000,0.015275
q_ind_230_pop_7,0.067938,0.063656,0.036145,0.115114
q_ind_231_pop_7,0.003218,0.000394,0.000000,0.018967
q_ind_232_pop_7,0.012512,0.005531,0.000000,0.051372
q_ind_233_pop_7,0.001740,0.000169,0.000000,0.012431
q_ind_234_pop_7,0.000852,0.000064,0.000000,0.006395
q_ind_235_pop_7,0.000473,0.000032,0.000000,0.004014
q_ind_236_pop_7,0.000505,0.000031,0.000000,0.003985
q_ind_237_pop_7,0.000844,0.000037,0.000000,0.008161
q_ind_238_pop_7,0.000944,0.000046,0.000000,0.007990
q_ind_239_pop_7,0.000491,0.000027,0.000000,0.004278
q_ind_240_pop_7,0.029190,0.028433,0.010245,0.052204
q_ind_241_pop_7,0.003571,0.001769,0.000000,0.016089
q_ind_242_pop_7,0.009784,0.000502,0.000000,0.050004
q_ind_243_pop_7,0.001673,0.000190,0.000000,0.011027
q_ind_244_pop_7,0.000807,0.000031,0.000000,0.006504
