param,mean,median,ci_0.950_LB,ci_0.950_UB
Q_ind_1_anc_1-1,0.000157,0.000000,0.000000,0.001657
Q_ind_2_anc_1-1,0.000337,0.000000,0.000000,0.003870
Q_ind_3_anc_1-1,0.000564,0.000000,0.000000,0.006783
Q_ind_4_anc_1-1,0.000502,0.000000,0.000000,0.005994
Q_ind_5_anc_1-1,0.000117,0.000000,0.000000,0.001352
Q_ind_6_anc_1-1,0.001282,0.000000,0.000000,0.015472
Q_ind_7_anc_1-1,0.025580,0.021878,0.000000,0.073765
Q_ind_8_anc_1-1,0.000361,0.000000,0.000000,0.003961
Q_ind_9_anc_1-1,0.034388,0.029476,0.000000,0.109386
Q_ind_10_anc_1-1,0.001040,0.000000,0.000000,0.011898
Q_ind_11_anc_1-1,0.000365,0.000000,0.000000,0.004300
Q_ind_12_anc_1-1,0.001169,0.000000,0.000000,0.014573
Q_ind_13_anc_1-1,0.000322,0.000000,0.000000,0.003851
Q_ind_14_anc_1-1,0.000609,0.000000,0.000000,0.007669
Q_ind_15_anc_1-1,0.000420,0.000000,0.000000,0.005093
Q_ind_16_anc_1-1,0.000276,0.000000,0.000000,0.003204
Q_ind_17_anc_1-1,0.000415,0.000000,0.000000,0.004610
Q_ind_18_anc_1-1,0.000518,0.000000,0.000000,0.006411
Q_ind_19_anc_1-1,0.000226,0.000000,0.000000,0.002446
Q_ind_20_anc_1-1,0.000126,0.000000,0.000000,0.001489
Q_ind_21_anc_1-1,0.000708,0.000000,0.000000,0.008818
Q_ind_22_anc_1-1,0.000789,0.000000,0.000000,0.011324
Q_ind_23_anc_1-1,0.002630,0.000000,0.000000,0.022466
Q_ind_24_anc_1-1,0.000306,0.000000,0.000000,0.003552
Q_ind_25_anc_1-1,0.000627,0.000000,0.000000,0.008128
Q_ind_26_anc_1-1,0.000682,0.000000,0.000000,0.008244
Q_ind_27_anc_1-1,0.000248,0.000000,0.000000,0.003074
Q_ind_28_anc_1-1,0.000596,0.000000,0.000000,0.007482
Q_ind_29_anc_1-1,0.001407,0.000000,0.000000,0.015048
Q_ind_30_anc_1-1,0.000231,0.000000,0.000000,0.002710
Q_ind_31_anc_1-1,0.000176,0.000000,0.000000,0.001992
Q_ind_32_anc_1-1,0.000472,0.000000,0.000000,0.006021
Q_ind_33_anc_1-1,0.000306,0.000000,0.000000,0.003151
Q_ind_34_anc_1-1,0.000678,0.000000,0.000000,0.008129
Q_ind_35_anc_1-1,0.001799,0.000000,0.000000,0.015995
Q_ind_36_anc_1-1,0.000400,0.000000,0.000000,0.004946
Q_ind_37_anc_1-1,0.000293,0.000000,0.000000,0.003460
Q_ind_38_anc_1-1,0.000159,0.000000,0.000000,0.001655
Q_ind_39_anc_1-1,0.000103,0.000000,0.000000,0.001096
Q_ind_40_anc_1-1,0.000320,0.000000,0.000000,0.003874
Q_ind_41_anc_1-1,0.000267,0.000000,0.000000,0.002957
Q_ind_42_anc_1-1,0.000800,0.000000,0.000000,0.008489
Q_ind_43_anc_1-1,0.000691,0.000000,0.000000,0.008792
Q_ind_44_anc_1-1,0.000583,0.000000,0.000000,0.007066
Q_ind_45_anc_1-1,0.001467,0.000000,0.000000,0.016253
Q_ind_46_anc_1-1,0.000200,0.000000,0.000000,0.002313
Q_ind_47_anc_1-1,0.000327,0.000000,0.000000,0.003746
Q_ind_48_anc_1-1,0.001318,0.000000,0.000000,0.016846
Q_ind_49_anc_1-1,0.000635,0.000000,0.000000,0.007481
Q_ind_50_anc_1-1,0.000459,0.000000,0.000000,0.005649
Q_ind_51_anc_1-1,0.000615,0.000000,0.000000,0.006512
Q_ind_52_anc_1-1,0.000207,0.000000,0.000000,0.002366
Q_ind_53_anc_1-1,0.000197,0.000000,0.000000,0.002298
Q_ind_54_anc_1-1,0.000170,0.000000,0.000000,0.001873
Q_ind_55_anc_1-1,0.000174,0.000000,0.000000,0.001950
Q_ind_56_anc_1-1,0.000777,0.000000,0.000000,0.007529
Q_ind_57_anc_1-1,0.000132,0.000000,0.000000,0.001646
Q_ind_58_anc_1-1,0.000239,0.000000,0.000000,0.002817
Q_ind_59_anc_1-1,0.000714,0.000000,0.000000,0.008768
Q_ind_60_anc_1-1,0.000118,0.000000,0.000000,0.001421
Q_ind_61_anc_1-1,0.000271,0.000000,0.000000,0.003499
Q_ind_62_anc_1-1,0.000462,0.000000,0.000000,0.005471
Q_ind_63_anc_1-1,0.979318,0.979581,0.954111,0.999669
Q_ind_64_anc_1-1,0.995133,0.997246,0.979580,0.999982
Q_ind_65_anc_1-1,0.989864,0.991999,0.968441,0.999879
Q_ind_66_anc_1-1,0.994241,0.996208,0.978209,0.999972
Q_ind_67_anc_1-1,0.742044,0.743078,0.671794,0.807237
Q_ind_68_anc_1-1,0.000211,0.000000,0.000000,0.002492
Q_ind_69_anc_1-1,0.000146,0.000000,0.000000,0.001648
Q_ind_70_anc_1-1,0.000097,0.000000,0.000000,0.001110
Q_ind_71_anc_1-1,0.000203,0.000000,0.000000,0.002380
Q_ind_72_anc_1-1,0.001621,0.000000,0.000000,0.014950
Q_ind_73_anc_1-1,0.000414,0.000000,0.000000,0.005275
Q_ind_74_anc_1-1,0.000236,0.000000,0.000000,0.002724
Q_ind_75_anc_1-1,0.000127,0.000000,0.000000,0.001437
Q_ind_76_anc_1-1,0.000267,0.000000,0.000000,0.003184
Q_ind_77_anc_1-1,0.000674,0.000000,0.000000,0.006890
Q_ind_78_anc_1-1,0.002317,0.000000,0.000000,0.025494
Q_ind_79_anc_1-1,0.000260,0.000000,0.000000,0.003123
Q_ind_80_anc_1-1,0.000984,0.000000,0.000000,0.011324
Q_ind_81_anc_1-1,0.000269,0.000000,0.000000,0.003044
Q_ind_82_anc_1-1,0.002558,0.000000,0.000000,0.027859
Q_ind_83_anc_1-1,0.001234,0.000000,0.000000,0.015031
Q_ind_84_anc_1-1,0.000764,0.000000,0.000000,0.009801
Q_ind_85_anc_1-1,0.000513,0.000000,0.000000,0.006043
Q_ind_86_anc_1-1,0.001039,0.000000,0.000000,0.012533
Q_ind_87_anc_1-1,0.000485,0.000000,0.000000,0.005768
Q_ind_88_anc_1-1,0.190489,0.188157,0.112744,0.277436
Q_ind_89_anc_1-1,0.167486,0.166635,0.093251,0.243820
Q_ind_90_anc_1-1,0.187022,0.189453,0.097648,0.260875
Q_ind_91_anc_1-1,0.140128,0.141210,0.070963,0.203356
Q_ind_92_anc_1-1,0.156133,0.153563,0.075544,0.247051
Q_ind_93_anc_1-1,0.132481,0.130342,0.063680,0.214595
Q_ind_94_anc_1-1,0.000321,0.000000,0.000000,0.003501
Q_ind_95_anc_1-1,0.089186,0.093262,0.000000,0.183407
Q_ind_96_anc_1-1,0.000382,0.000000,0.000000,0.004807
Q_ind_97_anc_1-1,0.000597,0.000000,0.000000,0.007155
Q_ind_98_anc_1-1,0.000064,0.000000,0.000000,0.000763
Q_ind_99_anc_1-1,0.000084,0.000000,0.000000,0.001009
Q_ind_100_anc_1-1,0.000813,0.000000,0.000000,0.009281
Q_ind_101_anc_1-1,0.000228,0.000000,0.000000,0.002635
Q_ind_102_anc_1-1,0.000160,0.000000,0.000000,0.001899
Q_ind_103_anc_1-1,0.000318,0.000000,0.000000,0.003909
Q_ind_104_anc_1-1,0.000164,0.000000,0.000000,0.001857
Q_ind_105_anc_1-1,0.000078,0.000000,0.000000,0.000915
Q_ind_106_anc_1-1,0.001525,0.000000,0.000000,0.014787
Q_ind_107_anc_1-1,0.000422,0.000000,0.000000,0.004708
Q_ind_108_anc_1-1,0.001530,0.000000,0.000000,0.016380
Q_ind_109_anc_1-1,0.000714,0.000000,0.000000,0.008016
Q_ind_110_anc_1-1,0.001542,0.000000,0.000000,0.015280
Q_ind_111_anc_1-1,0.000609,0.000000,0.000000,0.007839
Q_ind_112_anc_1-1,0.000340,0.000000,0.000000,0.004139
Q_ind_113_anc_1-1,0.000936,0.000000,0.000000,0.011693
Q_ind_114_anc_1-1,0.001247,0.000000,0.000000,0.014673
Q_ind_115_anc_1-1,0.009310,0.001992,0.000000,0.037255
Q_ind_116_anc_1-1,0.000218,0.000000,0.000000,0.002411
Q_ind_117_anc_1-1,0.000255,0.000000,0.000000,0.003013
Q_ind_118_anc_1-1,0.000212,0.000000,0.000000,0.002363
Q_ind_119_anc_1-1,0.001402,0.000000,0.000000,0.014709
Q_ind_120_anc_1-1,0.000167,0.000000,0.000000,0.001896
Q_ind_121_anc_1-1,0.001160,0.000000,0.000000,0.012842
Q_ind_122_anc_1-1,0.000303,0.000000,0.000000,0.003627
Q_ind_123_anc_1-1,0.000517,0.000000,0.000000,0.005724
Q_ind_124_anc_1-1,0.000223,0.000000,0.000000,0.002527
Q_ind_125_anc_1-1,0.000514,0.000000,0.000000,0.005870
Q_ind_126_anc_1-1,0.002242,0.000000,0.000000,0.025406
Q_ind_127_anc_1-1,0.001057,0.000000,0.000000,0.012238
Q_ind_128_anc_1-1,0.001092,0.000000,0.000000,0.013008
Q_ind_129_anc_1-1,0.006225,0.000000,0.000000,0.047590
Q_ind_130_anc_1-1,0.002123,0.000000,0.000000,0.025295
Q_ind_131_anc_1-1,0.000124,0.000000,0.000000,0.001305
Q_ind_132_anc_1-1,0.000067,0.000000,0.000000,0.000711
Q_ind_133_anc_1-1,0.000195,0.000000,0.000000,0.002347
Q_ind_134_anc_1-1,0.000140,0.000000,0.000000,0.001581
Q_ind_135_anc_1-1,0.000306,0.000000,0.000000,0.003523
Q_ind_136_anc_1-1,0.000252,0.000000,0.000000,0.003116
Q_ind_137_anc_1-1,0.000277,0.000000,0.000000,0.003545
Q_ind_138_anc_1-1,0.000091,0.000000,0.000000,0.001010
Q_ind_139_anc_1-1,0.000096,0.000000,0.000000,0.001106
Q_ind_140_anc_1-1,0.000539,0.000000,0.000000,0.006466
Q_ind_141_anc_1-1,0.000240,0.000000,0.000000,0.003027
Q_ind_142_anc_1-1,0.000064,0.000000,0.000000,0.000709
Q_ind_143_anc_1-1,0.000301,0.000000,0.000000,0.003787
Q_ind_144_anc_1-1,0.000142,0.000000,0.000000,0.001625
Q_ind_145_anc_1-1,0.992714,0.994984,0.974164,0.999955
Q_ind_146_anc_1-1,0.952082,0.952463,0.920793,0.980119
Q_ind_147_anc_1-1,0.978935,0.979776,0.955927,0.998355
Q_ind_148_anc_1-1,0.950873,0.951803,0.918701,0.976217
Q_ind_149_anc_1-1,0.694162,0.694605,0.636544,0.750016
Q_ind_150_anc_1-1,0.985878,0.987686,0.961523,0.999796
Q_ind_151_anc_1-1,0.972314,0.972917,0.946284,0.995429
Q_ind_152_anc_1-1,0.992340,0.993937,0.975594,0.999944
Q_ind_153_anc_1-1,0.991356,0.993524,0.970873,0.999941
Q_ind_154_anc_1-1,0.976412,0.977005,0.951345,0.997475
Q_ind_155_anc_1-1,0.000194,0.000000,0.000000,0.002285
Q_ind_156_anc_1-1,0.003068,0.000000,0.000000,0.033886
Q_ind_157_anc_1-1,0.015406,0.000040,0.000000,0.081598
Q_ind_158_anc_1-1,0.002026,0.000000,0.000000,0.022894
Q_ind_159_anc_1-1,0.001004,0.000000,0.000000,0.011113
Q_ind_160_anc_1-1,0.005807,0.000000,0.000000,0.053703
Q_ind_161_anc_1-1,0.000667,0.000000,0.000000,0.007477
Q_ind_162_anc_1-1,0.001527,0.000000,0.000000,0.017368
Q_ind_163_anc_1-1,0.001278,0.000000,0.000000,0.015051
Q_ind_164_anc_1-1,0.007097,0.000003,0.000000,0.051621
Q_ind_165_anc_1-1,0.004244,0.000001,0.000000,0.030166
Q_ind_166_anc_1-1,0.001136,0.000000,0.000000,0.012071
Q_ind_167_anc_1-1,0.001067,0.000000,0.000000,0.013303
Q_ind_168_anc_1-1,0.000117,0.000000,0.000000,0.001264
Q_ind_169_anc_1-1,0.000076,0.000000,0.000000,0.000882
Q_ind_170_anc_1-1,0.000412,0.000000,0.000000,0.005082
Q_ind_171_anc_1-1,0.005418,0.000002,0.000000,0.033988
Q_ind_172_anc_1-1,0.000212,0.000000,0.000000,0.002517
Q_ind_173_anc_1-1,0.000112,0.000000,0.000000,0.001286
Q_ind_174_anc_1-1,0.000233,0.000000,0.000000,0.002583
Q_ind_175_anc_1-1,0.000091,0.000000,0.000000,0.000988
Q_ind_176_anc_1-1,0.000229,0.000000,0.000000,0.002674
Q_ind_177_anc_1-1,0.001165,0.000000,0.000000,0.012824
Q_ind_178_anc_1-1,0.054916,0.056472,0.000000,0.124386
Q_ind_179_anc_1-1,0.002380,0.000000,0.000000,0.029093
Q_ind_180_anc_1-1,0.203155,0.203567,0.135409,0.266465
Q_ind_181_anc_1-1,0.000796,0.000000,0.000000,0.010030
Q_ind_182_anc_1-1,0.002913,0.000000,0.000000,0.034376
Q_ind_183_anc_1-1,0.084874,0.086417,0.005609,0.146114
Q_ind_184_anc_1-1,0.001188,0.000000,0.000000,0.013281
Q_ind_185_anc_1-1,0.000338,0.000000,0.000000,0.004031
Q_ind_186_anc_1-1,0.000401,0.000000,0.000000,0.005246
Q_ind_187_anc_1-1,0.000141,0.000000,0.000000,0.001672
Q_ind_188_anc_1-1,0.000175,0.000000,0.000000,0.002038
Q_ind_189_anc_1-1,0.000336,0.000000,0.000000,0.003980
Q_ind_190_anc_1-1,0.000809,0.000000,0.000000,0.009261
Q_ind_191_anc_1-1,0.000187,0.000000,0.000000,0.002101
Q_ind_192_anc_1-1,0.000159,0.000000,0.000000,0.001858
Q_ind_193_anc_1-1,0.000351,0.000000,0.000000,0.004327
Q_ind_194_anc_1-1,0.000113,0.000000,0.000000,0.001272
Q_ind_195_anc_1-1,0.000382,0.000000,0.000000,0.004391
Q_ind_196_anc_1-1,0.000183,0.000000,0.000000,0.002109
Q_ind_197_anc_1-1,0.000159,0.000000,0.000000,0.001960
Q_ind_198_anc_1-1,0.000113,0.000000,0.000000,0.001365
Q_ind_199_anc_1-1,0.000206,0.000000,0.000000,0.002384
Q_ind_200_anc_1-1,0.000174,0.000000,0.000000,0.001929
Q_ind_201_anc_1-1,0.000089,0.000000,0.000000,0.001050
Q_ind_202_anc_1-1,0.000502,0.000000,0.000000,0.006033
Q_ind_203_anc_1-1,0.000567,0.000000,0.000000,0.006659
Q_ind_204_anc_1-1,0.000622,0.000000,0.000000,0.007163
Q_ind_205_anc_1-1,0.009771,0.000124,0.000000,0.048123
Q_ind_206_anc_1-1,0.006669,0.000002,0.000000,0.042115
Q_ind_207_anc_1-1,0.000666,0.000000,0.000000,0.007185
Q_ind_208_anc_1-1,0.000141,0.000000,0.000000,0.001530
Q_ind_209_anc_1-1,0.024734,0.024521,0.000000,0.052721
Q_ind_210_anc_1-1,0.001447,0.000000,0.000000,0.015770
Q_ind_211_anc_1-1,0.001523,0.000000,0.000000,0.018801
Q_ind_212_anc_1-1,0.000110,0.000000,0.000000,0.001199
Q_ind_213_anc_1-1,0.000185,0.000000,0.000000,0.002152
Q_ind_214_anc_1-1,0.000192,0.000000,0.000000,0.002256
Q_ind_215_anc_1-1,0.000187,0.000000,0.000000,0.002273
Q_ind_216_anc_1-1,0.002296,0.000000,0.000000,0.020389
Q_ind_217_anc_1-1,0.000139,0.000000,0.000000,0.001601
Q_ind_218_anc_1-1,0.000106,0.000000,0.000000,0.001225
Q_ind_219_anc_1-1,0.000354,0.000000,0.000000,0.004353
Q_ind_220_anc_1-1,0.000198,0.000000,0.000000,0.002302
Q_ind_221_anc_1-1,0.000183,0.000000,0.000000,0.002158
Q_ind_222_anc_1-1,0.000557,0.000000,0.000000,0.007042
Q_ind_223_anc_1-1,0.000096,0.000000,0.000000,0.001107
Q_ind_224_anc_1-1,0.000102,0.000000,0.000000,0.001186
Q_ind_225_anc_1-1,0.003340,0.000000,0.000000,0.048501
Q_ind_226_anc_1-1,0.000208,0.000000,0.000000,0.002253
Q_ind_227_anc_1-1,0.016490,0.000186,0.000000,0.075448
Q_ind_228_anc_1-1,0.006405,0.000007,0.000000,0.040636
Q_ind_229_anc_1-1,0.002359,0.000000,0.000000,0.026671
Q_ind_230_anc_1-1,0.009931,0.000018,0.000000,0.055935
Q_ind_231_anc_1-1,0.000173,0.000000,0.000000,0.002004
Q_ind_232_anc_1-1,0.000961,0.000000,0.000000,0.011736
Q_ind_233_anc_1-1,0.001520,0.000000,0.000000,0.018165
Q_ind_234_anc_1-1,0.001068,0.000000,0.000000,0.011502
Q_ind_235_anc_1-1,0.000188,0.000000,0.000000,0.002368
Q_ind_236_anc_1-1,0.000172,0.000000,0.000000,0.002029
Q_ind_237_anc_1-1,0.000207,0.000000,0.000000,0.002370
Q_ind_238_anc_1-1,0.000101,0.000000,0.000000,0.001230
Q_ind_239_anc_1-1,0.000149,0.000000,0.000000,0.001812
Q_ind_240_anc_1-1,0.000136,0.000000,0.000000,0.001394
Q_ind_241_anc_1-1,0.000199,0.000000,0.000000,0.002331
Q_ind_242_anc_1-1,0.000557,0.000000,0.000000,0.006922
Q_ind_243_anc_1-1,0.000088,0.000000,0.000000,0.001083
Q_ind_244_anc_1-1,0.000778,0.000000,0.000000,0.008834
Q_ind_245_anc_1-1,0.000094,0.000000,0.000000,0.001150
Q_ind_1_anc_2-1,0.000832,0.000000,0.000000,0.009857
Q_ind_2_anc_2-1,0.000791,0.000000,0.000000,0.007824
Q_ind_3_anc_2-1,0.000932,0.000000,0.000000,0.011588
Q_ind_4_anc_2-1,0.000742,0.000000,0.000000,0.008683
Q_ind_5_anc_2-1,0.000674,0.000000,0.000000,0.008712
Q_ind_6_anc_2-1,0.000971,0.000000,0.000000,0.011342
Q_ind_7_anc_2-1,0.000844,0.000000,0.000000,0.010529
Q_ind_8_anc_2-1,0.001016,0.000000,0.000000,0.012159
Q_ind_9_anc_2-1,0.000550,0.000000,0.000000,0.006624
Q_ind_10_anc_2-1,0.000426,0.000000,0.000000,0.004911
Q_ind_11_anc_2-1,0.000925,0.000000,0.000000,0.012126
Q_ind_12_anc_2-1,0.001679,0.000000,0.000000,0.019490
Q_ind_13_anc_2-1,0.005726,0.000000,0.000000,0.060211
Q_ind_14_anc_2-1,0.072915,0.086615,0.000000,0.165996
Q_ind_15_anc_2-1,0.079149,0.086701,0.000000,0.146520
Q_ind_16_anc_2-1,0.021515,0.000037,0.000000,0.117268
Q_ind_17_anc_2-1,0.018646,0.000478,0.000000,0.088496
Q_ind_18_anc_2-1,0.006421,0.000000,0.000000,0.064260
Q_ind_19_anc_2-1,0.071896,0.082947,0.000000,0.142166
Q_ind_20_anc_2-1,0.035682,0.006663,0.000000,0.127087
Q_ind_21_anc_2-1,0.004239,0.000000,0.000000,0.049856
Q_ind_22_anc_2-1,0.001833,0.000000,0.000000,0.023781
Q_ind_23_anc_2-1,0.002323,0.000000,0.000000,0.028538
Q_ind_24_anc_2-1,0.005626,0.000000,0.000000,0.074500
Q_ind_25_anc_2-1,0.000919,0.000000,0.000000,0.010745
Q_ind_26_anc_2-1,0.002248,0.000000,0.000000,0.026265
Q_ind_27_anc_2-1,0.013144,0.000034,0.000000,0.066951
Q_ind_28_anc_2-1,0.004136,0.000000,0.000000,0.047888
Q_ind_29_anc_2-1,0.002074,0.000000,0.000000,0.029333
Q_ind_30_anc_2-1,0.007070,0.000000,0.000000,0.065205
Q_ind_31_anc_2-1,0.001059,0.000000,0.000000,0.013187
Q_ind_32_anc_2-1,0.002434,0.000000,0.000000,0.031861
Q_ind_33_anc_2-1,0.001232,0.000000,0.000000,0.014506
Q_ind_34_anc_2-1,0.003470,0.000000,0.000000,0.034495
Q_ind_35_anc_2-1,0.005238,0.000000,0.000000,0.052360
Q_ind_36_anc_2-1,0.006958,0.000002,0.000000,0.048007
Q_ind_37_anc_2-1,0.014302,0.000045,0.000000,0.069098
Q_ind_38_anc_2-1,0.001653,0.000000,0.000000,0.021514
Q_ind_39_anc_2-1,0.146369,0.146211,0.084472,0.205685
Q_ind_40_anc_2-1,0.001473,0.000000,0.000000,0.021026
Q_ind_41_anc_2-1,0.002574,0.000000,0.000000,0.027995
Q_ind_42_anc_2-1,0.001188,0.000000,0.000000,0.014475
Q_ind_43_anc_2-1,0.000771,0.000000,0.000000,0.009570
Q_ind_44_anc_2-1,0.001644,0.000000,0.000000,0.021511
Q_ind_45_anc_2-1,0.001047,0.000000,0.000000,0.013235
Q_ind_46_anc_2-1,0.000386,0.000000,0.000000,0.004671
Q_ind_47_anc_2-1,0.002024,0.000000,0.000000,0.023604
Q_ind_48_anc_2-1,0.004382,0.000000,0.000000,0.046185
Q_ind_49_anc_2-1,0.000412,0.000000,0.000000,0.004996
Q_ind_50_anc_2-1,0.000356,0.000000,0.000000,0.004247
Q_ind_51_anc_2-1,0.001165,0.000000,0.000000,0.012809
Q_ind_52_anc_2-1,0.000562,0.000000,0.000000,0.006745
Q_ind_53_anc_2-1,0.000719,0.000000,0.000000,0.008740
Q_ind_54_anc_2-1,0.000438,0.000000,0.000000,0.005497
Q_ind_55_anc_2-1,0.000914,0.000000,0.000000,0.010035
Q_ind_56_anc_2-1,0.002334,0.000000,0.000000,0.025485
Q_ind_57_anc_2-1,0.012427,0.000000,0.000000,0.115501
Q_ind_58_anc_2-1,0.000925,0.000000,0.000000,0.012301
Q_ind_59_anc_2-1,0.009691,0.000005,0.000000,0.060091
Q_ind_60_anc_2-1,0.000707,0.000000,0.000000,0.007909
Q_ind_61_anc_2-1,0.005542,0.000001,0.000000,0.045010
Q_ind_62_anc_2-1,0.001489,0.000000,0.000000,0.017867
Q_ind_63_anc_2-1,0.000162,0.000000,0.000000,0.001873
Q_ind_64_anc_2-1,0.000121,0.000000,0.000000,0.001361
Q_ind_65_anc_2-1,0.000204,0.000000,0.000000,0.002393
Q_ind_66_anc_2-1,0.000203,0.000000,0.000000,0.002326
Q_ind_67_anc_2-1,0.000249,0.000000,0.000000,0.002742
Q_ind_68_anc_2-1,0.003274,0.000000,0.000000,0.031890
Q_ind_69_anc_2-1,0.117546,0.116697,0.060147,0.180495
Q_ind_70_anc_2-1,0.002887,0.000000,0.000000,0.031638
Q_ind_71_anc_2-1,0.000960,0.000000,0.000000,0.010716
Q_ind_72_anc_2-1,0.002450,0.000000,0.000000,0.025412
Q_ind_73_anc_2-1,0.001798,0.000000,0.000000,0.020524
Q_ind_74_anc_2-1,0.081515,0.088999,0.000000,0.165435
Q_ind_75_anc_2-1,0.132479,0.132850,0.066520,0.201884
Q_ind_76_anc_2-1,0.002403,0.000000,0.000000,0.026767
Q_ind_77_anc_2-1,0.000686,0.000000,0.000000,0.008284
Q_ind_78_anc_2-1,0.000815,0.000000,0.000000,0.009582
Q_ind_79_anc_2-1,0.000685,0.000000,0.000000,0.008192
Q_ind_80_anc_2-1,0.000479,0.000000,0.000000,0.006038
Q_ind_81_anc_2-1,0.000688,0.000000,0.000000,0.007661
Q_ind_82_anc_2-1,0.000569,0.000000,0.000000,0.007270
Q_ind_83_anc_2-1,0.000346,0.000000,0.000000,0.004524
Q_ind_84_anc_2-1,0.000737,0.000000,0.000000,0.008355
Q_ind_85_anc_2-1,0.000587,0.000000,0.000000,0.007082
Q_ind_86_anc_2-1,0.002415,0.000000,0.000000,0.027698
Q_ind_87_anc_2-1,0.000569,0.000000,0.000000,0.006806
Q_ind_88_anc_2-1,0.042071,0.011785,0.000000,0.158569
Q_ind_89_anc_2-1,0.008999,0.000000,0.000000,0.071724
Q_ind_90_anc_2-1,0.012927,0.000001,0.000000,0.110420
Q_ind_91_anc_2-1,0.042773,0.019306,0.000000,0.152687
Q_ind_92_anc_2-1,0.018351,0.000015,0.000000,0.112233
Q_ind_93_anc_2-1,0.005368,0.000000,0.000000,0.080843
Q_ind_94_anc_2-1,0.224847,0.225852,0.127380,0.313303
Q_ind_95_anc_2-1,0.007918,0.000000,0.000000,0.081582
Q_ind_96_anc_2-1,0.002047,0.000000,0.000000,0.018848
Q_ind_97_anc_2-1,0.001266,0.000000,0.000000,0.015078
Q_ind_98_anc_2-1,0.000335,0.000000,0.000000,0.004207
Q_ind_99_anc_2-1,0.001389,0.000000,0.000000,0.014776
Q_ind_100_anc_2-1,0.000353,0.000000,0.000000,0.004030
Q_ind_101_anc_2-1,0.000209,0.000000,0.000000,0.002533
Q_ind_102_anc_2-1,0.000143,0.000000,0.000000,0.001741
Q_ind_103_anc_2-1,0.000379,0.000000,0.000000,0.005419
Q_ind_104_anc_2-1,0.000158,0.000000,0.000000,0.001889
Q_ind_105_anc_2-1,0.003744,0.000000,0.000000,0.038010
Q_ind_106_anc_2-1,0.001711,0.000000,0.000000,0.020942
Q_ind_107_anc_2-1,0.001707,0.000000,0.000000,0.020560
Q_ind_108_anc_2-1,0.000922,0.000000,0.000000,0.011459
Q_ind_109_anc_2-1,0.002438,0.000000,0.000000,0.026201
Q_ind_110_anc_2-1,0.000465,0.000000,0.000000,0.004890
Q_ind_111_anc_2-1,0.001482,0.000000,0.000000,0.018846
Q_ind_112_anc_2-1,0.001772,0.000000,0.000000,0.022295
Q_ind_113_anc_2-1,0.005268,0.000000,0.000000,0.053472
Q_ind_114_anc_2-1,0.002444,0.000000,0.000000,0.029408
Q_ind_115_anc_2-1,0.004435,0.000000,0.000000,0.053152
Q_ind_116_anc_2-1,0.000953,0.000000,0.000000,0.012199
Q_ind_117_anc_2-1,0.001049,0.000000,0.000000,0.012198
Q_ind_118_anc_2-1,0.001084,0.000000,0.000000,0.012155
Q_ind_119_anc_2-1,0.001920,0.000000,0.000000,0.022316
Q_ind_120_anc_2-1,0.000398,0.000000,0.000000,0.004391
Q_ind_121_anc_2-1,0.007551,0.000006,0.000000,0.043727
Q_ind_122_anc_2-1,0.000562,0.000000,0.000000,0.006690
Q_ind_123_anc_2-1,0.000828,0.000000,0.000000,0.010792
Q_ind_124_anc_2-1,0.000759,0.000000,0.000000,0.008838
Q_ind_125_anc_2-1,0.000551,0.000000,0.000000,0.006596
Q_ind_126_anc_2-1,0.002284,0.000000,0.000000,0.028500
Q_ind_127_anc_2-1,0.001000,0.000000,0.000000,0.011157
Q_ind_128_anc_2-1,0.001182,0.000000,0.000000,0.012923
Q_ind_129_anc_2-1,0.000752,0.000000,0.000000,0.010330
Q_ind_130_anc_2-1,0.000800,0.000000,0.000000,0.008112
Q_ind_131_anc_2-1,0.001131,0.000000,0.000000,0.012887
Q_ind_132_anc_2-1,0.004186,0.000000,0.000000,0.044432
Q_ind_133_anc_2-1,0.002517,0.000000,0.000000,0.028669
Q_ind_134_anc_2-1,0.001124,0.000000,0.000000,0.014070
Q_ind_135_anc_2-1,0.001038,0.000000,0.000000,0.012560
Q_ind_136_anc_2-1,0.000926,0.000000,0.000000,0.011562
Q_ind_137_anc_2-1,0.000956,0.000000,0.000000,0.011068
Q_ind_138_anc_2-1,0.001403,0.000000,0.000000,0.017848
Q_ind_139_anc_2-1,0.000966,0.000000,0.000000,0.012454
Q_ind_140_anc_2-1,0.001087,0.000000,0.000000,0.013281
Q_ind_141_anc_2-1,0.000714,0.000000,0.000000,0.008857
Q_ind_142_anc_2-1,0.002303,0.000000,0.000000,0.028691
Q_ind_143_anc_2-1,0.001967,0.000000,0.000000,0.020443
Q_ind_144_anc_2-1,0.000334,0.000000,0.000000,0.003244
Q_ind_145_anc_2-1,0.000171,0.000000,0.000000,0.002134
Q_ind_146_anc_2-1,0.000588,0.000000,0.000000,0.007202
Q_ind_147_anc_2-1,0.000190,0.000000,0.000000,0.002217
Q_ind_148_anc_2-1,0.000526,0.000000,0.000000,0.005846
Q_ind_149_anc_2-1,0.067550,0.069409,0.000000,0.128215
Q_ind_150_anc_2-1,0.000285,0.000000,0.000000,0.003148
Q_ind_151_anc_2-1,0.000689,0.000000,0.000000,0.007901
Q_ind_152_anc_2-1,0.000171,0.000000,0.000000,0.001887
Q_ind_153_anc_2-1,0.000254,0.000000,0.000000,0.002857
Q_ind_154_anc_2-1,0.000231,0.000000,0.000000,0.002640
Q_ind_155_anc_2-1,0.028355,0.018371,0.000000,0.099750
Q_ind_156_anc_2-1,0.000494,0.000000,0.000000,0.005585
Q_ind_157_anc_2-1,0.000653,0.000000,0.000000,0.006563
Q_ind_158_anc_2-1,0.000377,0.000000,0.000000,0.004215
Q_ind_159_anc_2-1,0.000415,0.000000,0.000000,0.004985
Q_ind_160_anc_2-1,0.000863,0.000000,0.000000,0.010274
Q_ind_161_anc_2-1,0.002418,0.000000,0.000000,0.029129
Q_ind_162_anc_2-1,0.000391,0.000000,0.000000,0.004750
Q_ind_163_anc_2-1,0.000383,0.000000,0.000000,0.004164
Q_ind_164_anc_2-1,0.000281,0.000000,0.000000,0.003278
Q_ind_165_anc_2-1,0.008854,0.000001,0.000000,0.064969
Q_ind_166_anc_2-1,0.004616,0.000000,0.000000,0.053771
Q_ind_167_anc_2-1,0.001618,0.000000,0.000000,0.019372
Q_ind_168_anc_2-1,0.014967,0.000002,0.000000,0.092128
Q_ind_169_anc_2-1,0.000635,0.000000,0.000000,0.007860
Q_ind_170_anc_2-1,0.000926,0.000000,0.000000,0.010899
Q_ind_171_anc_2-1,0.003869,0.000000,0.000000,0.040677
Q_ind_172_anc_2-1,0.000509,0.000000,0.000000,0.005816
Q_ind_173_anc_2-1,0.000545,0.000000,0.000000,0.006628
Q_ind_174_anc_2-1,0.000791,0.000000,0.000000,0.010780
Q_ind_175_anc_2-1,0.005905,0.000000,0.000000,0.057913
Q_ind_176_anc_2-1,0.021037,0.000015,0.000000,0.119333
Q_ind_177_anc_2-1,0.000379,0.000000,0.000000,0.003869
Q_ind_178_anc_2-1,0.000268,0.000000,0.000000,0.002853
Q_ind_179_anc_2-1,0.000386,0.000000,0.000000,0.004657
Q_ind_180_anc_2-1,0.000341,0.000000,0.000000,0.003699
Q_ind_181_anc_2-1,0.010738,0.000000,0.000000,0.082068
Q_ind_182_anc_2-1,0.000503,0.000000,0.000000,0.005470
Q_ind_183_anc_2-1,0.000371,0.000000,0.000000,0.004658
Q_ind_184_anc_2-1,0.009862,0.000002,0.000000,0.066880
Q_ind_185_anc_2-1,0.000555,0.000000,0.000000,0.006293
Q_ind_186_anc_2-1,0.000441,0.000000,0.000000,0.004867
Q_ind_187_anc_2-1,0.000236,0.000000,0.000000,0.002698
Q_ind_188_anc_2-1,0.000340,0.000000,0.000000,0.003740
Q_ind_189_anc_2-1,0.000329,0.000000,0.000000,0.003882
Q_ind_190_anc_2-1,0.001865,0.000000,0.000000,0.021133
Q_ind_191_anc_2-1,0.000425,0.000000,0.000000,0.005499
Q_ind_192_anc_2-1,0.001212,0.000000,0.000000,0.014606
Q_ind_193_anc_2-1,0.000910,0.000000,0.000000,0.012480
Q_ind_194_anc_2-1,0.000129,0.000000,0.000000,0.001673
Q_ind_195_anc_2-1,0.001445,0.000000,0.000000,0.017445
Q_ind_196_anc_2-1,0.000125,0.000000,0.000000,0.001410
Q_ind_197_anc_2-1,0.000110,0.000000,0.000000,0.001264
Q_ind_198_anc_2-1,0.000119,0.000000,0.000000,0.001338
Q_ind_199_anc_2-1,0.000368,0.000000,0.000000,0.004455
Q_ind_200_anc_2-1,0.000146,0.000000,0.000000,0.001603
Q_ind_201_anc_2-1,0.005553,0.000000,0.000000,0.048014
Q_ind_202_anc_2-1,0.000447,0.000000,0.000000,0.005387
Q_ind_203_anc_2-1,0.007204,0.000000,0.000000,0.066170
Q_ind_204_anc_2-1,0.003780,0.000000,0.000000,0.037728
Q_ind_205_anc_2-1,0.005525,0.000000,0.000000,0.046289
Q_ind_206_anc_2-1,0.006990,0.000001,0.000000,0.057186
Q_ind_207_anc_2-1,0.003898,0.000000,0.000000,0.044871
Q_ind_208_anc_2-1,0.004809,0.000000,0.000000,0.061380
Q_ind_209_anc_2-1,0.003087,0.000000,0.000000,0.038008
Q_ind_210_anc_2-1,0.002254,0.000000,0.000000,0.026434
Q_ind_211_anc_2-1,0.022432,0.006074,0.000000,0.085241
Q_ind_212_anc_2-1,0.030534,0.000004,0.000000,0.164053
Q_ind_213_anc_2-1,0.015936,0.000021,0.000000,0.086112
Q_ind_214_anc_2-1,0.020096,0.000073,0.000000,0.096943
Q_ind_215_anc_2-1,0.050220,0.046806,0.000000,0.140201
Q_ind_216_anc_2-1,0.075920,0.082504,0.000000,0.149708
Q_ind_217_anc_2-1,0.001010,0.000000,0.000000,0.012713
Q_ind_218_anc_2-1,0.043588,0.001627,0.000000,0.155966
Q_ind_219_anc_2-1,0.020496,0.001667,0.000000,0.094747
Q_ind_220_anc_2-1,0.070605,0.075477,0.000000,0.128271
Q_ind_221_anc_2-1,0.026961,0.000004,0.000000,0.163001
Q_ind_222_anc_2-1,0.013797,0.000015,0.000000,0.080932
Q_ind_223_anc_2-1,0.002181,0.000000,0.000000,0.023215
Q_ind_224_anc_2-1,0.008001,0.000000,0.000000,0.076955
Q_ind_225_anc_2-1,0.118621,0.142682,0.000000,0.240220
Q_ind_226_anc_2-1,0.003569,0.000000,0.000000,0.042917
Q_ind_227_anc_2-1,0.034511,0.000009,0.000000,0.185638
Q_ind_228_anc_2-1,0.003722,0.000000,0.000000,0.046274
Q_ind_229_anc_2-1,0.039408,0.000348,0.000000,0.168221
Q_ind_230_anc_2-1,0.006194,0.000000,0.000000,0.058462
Q_ind_231_anc_2-1,0.009051,0.000000,0.000000,0.109092
Q_ind_232_anc_2-1,0.003237,0.000000,0.000000,0.034607
Q_ind_233_anc_2-1,0.002523,0.000000,0.000000,0.034693
Q_ind_234_anc_2-1,0.003165,0.000000,0.000000,0.027053
Q_ind_235_anc_2-1,0.000875,0.000000,0.000000,0.010856
Q_ind_236_anc_2-1,0.000305,0.000000,0.000000,0.003733
Q_ind_237_anc_2-1,0.000480,0.000000,0.000000,0.005765
Q_ind_238_anc_2-1,0.001598,0.000000,0.000000,0.018929
Q_ind_239_anc_2-1,0.002452,0.000000,0.000000,0.029247
Q_ind_240_anc_2-1,0.000838,0.000000,0.000000,0.010695
Q_ind_241_anc_2-1,0.050706,0.053027,0.000000,0.103652
Q_ind_242_anc_2-1,0.003408,0.000000,0.000000,0.030409
Q_ind_243_anc_2-1,0.015862,0.000027,0.000000,0.088437
Q_ind_244_anc_2-1,0.000801,0.000000,0.000000,0.009233
Q_ind_245_anc_2-1,0.001483,0.000000,0.000000,0.019257
Q_ind_1_anc_2-2,0.000252,0.000000,0.000000,0.002954
Q_ind_2_anc_2-2,0.000221,0.000000,0.000000,0.002693
Q_ind_3_anc_2-2,0.000881,0.000000,0.000000,0.010460
Q_ind_4_anc_2-2,0.000368,0.000000,0.000000,0.004296
Q_ind_5_anc_2-2,0.000116,0.000000,0.000000,0.001320
Q_ind_6_anc_2-2,0.000328,0.000000,0.000000,0.003333
Q_ind_7_anc_2-2,0.000387,0.000000,0.000000,0.004674
Q_ind_8_anc_2-2,0.000659,0.000000,0.000000,0.008236
Q_ind_9_anc_2-2,0.000249,0.000000,0.000000,0.002930
Q_ind_10_anc_2-2,0.000161,0.000000,0.000000,0.001975
Q_ind_11_anc_2-2,0.000417,0.000000,0.000000,0.004967
Q_ind_12_anc_2-2,0.000271,0.000000,0.000000,0.003149
Q_ind_13_anc_2-2,0.010432,0.000015,0.000000,0.060223
Q_ind_14_anc_2-2,0.002535,0.000000,0.000000,0.030710
Q_ind_15_anc_2-2,0.002478,0.000000,0.000000,0.031929
Q_ind_16_anc_2-2,0.002162,0.000000,0.000000,0.027095
Q_ind_17_anc_2-2,0.007366,0.000000,0.000000,0.075822
Q_ind_18_anc_2-2,0.004258,0.000000,0.000000,0.052457
Q_ind_19_anc_2-2,0.001558,0.000000,0.000000,0.017526
Q_ind_20_anc_2-2,0.000269,0.000000,0.000000,0.003169
Q_ind_21_anc_2-2,0.000696,0.000000,0.000000,0.008008
Q_ind_22_anc_2-2,0.002147,0.000000,0.000000,0.023742
Q_ind_23_anc_2-2,0.000332,0.000000,0.000000,0.003668
Q_ind_24_anc_2-2,0.000668,0.000000,0.000000,0.008356
Q_ind_25_anc_2-2,0.000903,0.000000,0.000000,0.012188
Q_ind_26_anc_2-2,0.000553,0.000000,0.000000,0.006289
Q_ind_27_anc_2-2,0.001311,0.000000,0.000000,0.015329
Q_ind_28_anc_2-2,0.000541,0.000000,0.000000,0.006948
Q_ind_29_anc_2-2,0.000566,0.000000,0.000000,0.006969
Q_ind_30_anc_2-2,0.000495,0.000000,0.000000,0.006315
Q_ind_31_anc_2-2,0.000284,0.000000,0.000000,0.003211
Q_ind_32_anc_2-2,0.000484,0.000000,0.000000,0.006029
Q_ind_33_anc_2-2,0.001673,0.000000,0.000000,0.019460
Q_ind_34_anc_2-2,0.000993,0.000000,0.000000,0.010917
Q_ind_35_anc_2-2,0.001487,0.000000,0.000000,0.017491
Q_ind_36_anc_2-2,0.001102,0.000000,0.000000,0.013869
Q_ind_37_anc_2-2,0.001413,0.000000,0.000000,0.018159
Q_ind_38_anc_2-2,0.000543,0.000000,0.000000,0.005939
Q_ind_39_anc_2-2,0.000260,0.000000,0.000000,0.003172
Q_ind_40_anc_2-2,0.004203,0.000000,0.000000,0.041731
Q_ind_41_anc_2-2,0.000494,0.000000,0.000000,0.006368
Q_ind_42_anc_2-2,0.526476,0.525582,0.433129,0.623406
Q_ind_43_anc_2-2,0.497928,0.503050,0.357510,0.605338
Q_ind_44_anc_2-2,0.510076,0.511124,0.401750,0.614587
Q_ind_45_anc_2-2,0.527559,0.527216,0.429479,0.630568
Q_ind_46_anc_2-2,0.511677,0.513370,0.415450,0.601637
Q_ind_47_anc_2-2,0.544731,0.543939,0.429599,0.662778
Q_ind_48_anc_2-2,0.466418,0.469622,0.337443,0.585664
Q_ind_49_anc_2-2,0.622447,0.624430,0.549624,0.679414
Q_ind_50_anc_2-2,0.495517,0.494556,0.394934,0.598772
Q_ind_51_anc_2-2,0.003290,0.000000,0.000000,0.037434
Q_ind_52_anc_2-2,0.000374,0.000000,0.000000,0.004622
Q_ind_53_anc_2-2,0.000555,0.000000,0.000000,0.006348
Q_ind_54_anc_2-2,0.001272,0.000000,0.000000,0.015419
Q_ind_55_anc_2-2,0.000555,0.000000,0.000000,0.006700
Q_ind_56_anc_2-2,0.000784,0.000000,0.000000,0.009370
Q_ind_57_anc_2-2,0.001063,0.000000,0.000000,0.012947
Q_ind_58_anc_2-2,0.011199,0.000023,0.000000,0.066750
Q_ind_59_anc_2-2,0.001862,0.000000,0.000000,0.022877
Q_ind_60_anc_2-2,0.001156,0.000000,0.000000,0.014787
Q_ind_61_anc_2-2,0.002162,0.000000,0.000000,0.025966
Q_ind_62_anc_2-2,0.006199,0.000000,0.000000,0.067400
Q_ind_63_anc_2-2,0.000164,0.000000,0.000000,0.001822
Q_ind_64_anc_2-2,0.000165,0.000000,0.000000,0.001918
Q_ind_65_anc_2-2,0.000434,0.000000,0.000000,0.005257
Q_ind_66_anc_2-2,0.000379,0.000000,0.000000,0.004944
Q_ind_67_anc_2-2,0.000205,0.000000,0.000000,0.002463
Q_ind_68_anc_2-2,0.561619,0.562864,0.468373,0.650502
Q_ind_69_anc_2-2,0.201897,0.201722,0.102398,0.306379
Q_ind_70_anc_2-2,0.192283,0.190319,0.094568,0.289529
Q_ind_71_anc_2-2,0.555087,0.556452,0.441974,0.661390
Q_ind_72_anc_2-2,0.566108,0.569119,0.450187,0.665552
Q_ind_73_anc_2-2,0.588983,0.589314,0.484757,0.691304
Q_ind_74_anc_2-2,0.212305,0.210943,0.111319,0.317355
Q_ind_75_anc_2-2,0.001941,0.000000,0.000000,0.024955
Q_ind_76_anc_2-2,0.653287,0.652408,0.554679,0.754708
Q_ind_77_anc_2-2,0.000362,0.000000,0.000000,0.004105
Q_ind_78_anc_2-2,0.000302,0.000000,0.000000,0.003657
Q_ind_79_anc_2-2,0.000351,0.000000,0.000000,0.003763
Q_ind_80_anc_2-2,0.000203,0.000000,0.000000,0.002286
Q_ind_81_anc_2-2,0.000399,0.000000,0.000000,0.004607
Q_ind_82_anc_2-2,0.000495,0.000000,0.000000,0.006146
Q_ind_83_anc_2-2,0.001575,0.000000,0.000000,0.015194
Q_ind_84_anc_2-2,0.000350,0.000000,0.000000,0.004065
Q_ind_85_anc_2-2,0.000367,0.000000,0.000000,0.004348
Q_ind_86_anc_2-2,0.000570,0.000000,0.000000,0.007429
Q_ind_87_anc_2-2,0.000270,0.000000,0.000000,0.003268
Q_ind_88_anc_2-2,0.002810,0.000000,0.000000,0.035359
Q_ind_89_anc_2-2,0.001304,0.000000,0.000000,0.016433
Q_ind_90_anc_2-2,0.002009,0.000000,0.000000,0.022636
Q_ind_91_anc_2-2,0.009325,0.000001,0.000000,0.071587
Q_ind_92_anc_2-2,0.003418,0.000000,0.000000,0.038868
Q_ind_93_anc_2-2,0.001564,0.000000,0.000000,0.019276
Q_ind_94_anc_2-2,0.000561,0.000000,0.000000,0.006515
Q_ind_95_anc_2-2,0.005234,0.000000,0.000000,0.049918
Q_ind_96_anc_2-2,0.003146,0.000000,0.000000,0.025905
Q_ind_97_anc_2-2,0.001670,0.000000,0.000000,0.018138
Q_ind_98_anc_2-2,0.000302,0.000000,0.000000,0.003548
Q_ind_99_anc_2-2,0.000187,0.000000,0.000000,0.002199
Q_ind_100_anc_2-2,0.000284,0.000000,0.000000,0.003391
Q_ind_101_anc_2-2,0.000176,0.000000,0.000000,0.001916
Q_ind_102_anc_2-2,0.000211,0.000000,0.000000,0.002666
Q_ind_103_anc_2-2,0.000619,0.000000,0.000000,0.008640
Q_ind_104_anc_2-2,0.000252,0.000000,0.000000,0.003038
Q_ind_105_anc_2-2,0.000247,0.000000,0.000000,0.003010
Q_ind_106_anc_2-2,0.002361,0.000000,0.000000,0.024655
Q_ind_107_anc_2-2,0.024546,0.000022,0.000000,0.129778
Q_ind_108_anc_2-2,0.022053,0.000319,0.000000,0.123648
Q_ind_109_anc_2-2,0.332462,0.341043,0.196494,0.432480
Q_ind_110_anc_2-2,0.019654,0.000019,0.000000,0.119577
Q_ind_111_anc_2-2,0.145984,0.159827,0.000000,0.300521
Q_ind_112_anc_2-2,0.001398,0.000000,0.000000,0.019108
Q_ind_113_anc_2-2,0.280876,0.285833,0.165404,0.353989
Q_ind_114_anc_2-2,0.185149,0.231787,0.000000,0.343601
Q_ind_115_anc_2-2,0.002010,0.000000,0.000000,0.026839
Q_ind_116_anc_2-2,0.005825,0.000001,0.000000,0.039627
Q_ind_117_anc_2-2,0.001799,0.000000,0.000000,0.020422
Q_ind_118_anc_2-2,0.002634,0.000000,0.000000,0.029470
Q_ind_119_anc_2-2,0.003063,0.000000,0.000000,0.033228
Q_ind_120_anc_2-2,0.001090,0.000000,0.000000,0.014038
Q_ind_121_anc_2-2,0.003293,0.000000,0.000000,0.032093
Q_ind_122_anc_2-2,0.001144,0.000000,0.000000,0.012302
Q_ind_123_anc_2-2,0.000944,0.000000,0.000000,0.012351
Q_ind_124_anc_2-2,0.000335,0.000000,0.000000,0.004216
Q_ind_125_anc_2-2,0.000393,0.000000,0.000000,0.004811
Q_ind_126_anc_2-2,0.006013,0.000169,0.000000,0.034260
Q_ind_127_anc_2-2,0.000491,0.000000,0.000000,0.006077
Q_ind_128_anc_2-2,0.000617,0.000000,0.000000,0.007343
Q_ind_129_anc_2-2,0.000270,0.000000,0.000000,0.003362
Q_ind_130_anc_2-2,0.000398,0.000000,0.000000,0.005043
Q_ind_131_anc_2-2,0.000180,0.000000,0.000000,0.002195
Q_ind_132_anc_2-2,0.000122,0.000000,0.000000,0.001436
Q_ind_133_anc_2-2,0.007811,0.000003,0.000000,0.051931
Q_ind_134_anc_2-2,0.019120,0.010750,0.000000,0.068930
Q_ind_135_anc_2-2,0.010717,0.000003,0.000000,0.061641
Q_ind_136_anc_2-2,0.002366,0.000000,0.000000,0.028220
Q_ind_137_anc_2-2,0.000884,0.000000,0.000000,0.011381
Q_ind_138_anc_2-2,0.000186,0.000000,0.000000,0.002073
Q_ind_139_anc_2-2,0.000511,0.000000,0.000000,0.006221
Q_ind_140_anc_2-2,0.001263,0.000000,0.000000,0.017047
Q_ind_141_anc_2-2,0.056268,0.057917,0.000000,0.105390
Q_ind_142_anc_2-2,0.000169,0.000000,0.000000,0.001850
Q_ind_143_anc_2-2,0.029364,0.027917,0.000000,0.082225
Q_ind_144_anc_2-2,0.025284,0.022143,0.000000,0.075641
Q_ind_145_anc_2-2,0.000253,0.000000,0.000000,0.003082
Q_ind_146_anc_2-2,0.000272,0.000000,0.000000,0.002832
Q_ind_147_anc_2-2,0.000221,0.000000,0.000000,0.002643
Q_ind_148_anc_2-2,0.003609,0.000000,0.000000,0.026094
Q_ind_149_anc_2-2,0.000277,0.000000,0.000000,0.003256
Q_ind_150_anc_2-2,0.000486,0.000000,0.000000,0.006101
Q_ind_151_anc_2-2,0.001735,0.000000,0.000000,0.019182
Q_ind_152_anc_2-2,0.000364,0.000000,0.000000,0.004909
Q_ind_153_anc_2-2,0.000389,0.000000,0.000000,0.004706
Q_ind_154_anc_2-2,0.000486,0.000000,0.000000,0.005770
Q_ind_155_anc_2-2,0.000234,0.000000,0.000000,0.002414
Q_ind_156_anc_2-2,0.000345,0.000000,0.000000,0.003735
Q_ind_157_anc_2-2,0.000388,0.000000,0.000000,0.003933
Q_ind_158_anc_2-2,0.000271,0.000000,0.000000,0.003067
Q_ind_159_anc_2-2,0.000176,0.000000,0.000000,0.002079
Q_ind_160_anc_2-2,0.000273,0.000000,0.000000,0.003140
Q_ind_161_anc_2-2,0.000425,0.000000,0.000000,0.005566
Q_ind_162_anc_2-2,0.000440,0.000000,0.000000,0.005738
Q_ind_163_anc_2-2,0.000174,0.000000,0.000000,0.002153
Q_ind_164_anc_2-2,0.000466,0.000000,0.000000,0.006247
Q_ind_165_anc_2-2,0.001016,0.000000,0.000000,0.012371
Q_ind_166_anc_2-2,0.027874,0.011213,0.000000,0.097704
Q_ind_167_anc_2-2,0.005958,0.000000,0.000000,0.059507
Q_ind_168_anc_2-2,0.000258,0.000000,0.000000,0.003044
Q_ind_169_anc_2-2,0.000172,0.000000,0.000000,0.001629
Q_ind_170_anc_2-2,0.001988,0.000000,0.000000,0.023167
Q_ind_171_anc_2-2,0.000685,0.000000,0.000000,0.008481
Q_ind_172_anc_2-2,0.002442,0.000000,0.000000,0.025434
Q_ind_173_anc_2-2,0.001513,0.000000,0.000000,0.017617
Q_ind_174_anc_2-2,0.000403,0.000000,0.000000,0.004928
Q_ind_175_anc_2-2,0.000447,0.000000,0.000000,0.005043
Q_ind_176_anc_2-2,0.000491,0.000000,0.000000,0.006257
Q_ind_177_anc_2-2,0.000335,0.000000,0.000000,0.003948
Q_ind_178_anc_2-2,0.000264,0.000000,0.000000,0.003107
Q_ind_179_anc_2-2,0.000132,0.000000,0.000000,0.001417
Q_ind_180_anc_2-2,0.000322,0.000000,0.000000,0.004001
Q_ind_181_anc_2-2,0.000823,0.000000,0.000000,0.010967
Q_ind_182_anc_2-2,0.000225,0.000000,0.000000,0.002458
Q_ind_183_anc_2-2,0.000349,0.000000,0.000000,0.004344
Q_ind_184_anc_2-2,0.000657,0.000000,0.000000,0.008110
Q_ind_185_anc_2-2,0.225475,0.230734,0.000000,0.492280
Q_ind_186_anc_2-2,0.319442,0.318037,0.215012,0.429117
Q_ind_187_anc_2-2,0.304955,0.302922,0.188555,0.430150
Q_ind_188_anc_2-2,0.148672,0.147202,0.058661,0.247563
Q_ind_189_anc_2-2,0.512110,0.515965,0.410486,0.581167
Q_ind_190_anc_2-2,0.001540,0.000000,0.000000,0.017322
Q_ind_191_anc_2-2,0.477829,0.503274,0.299829,0.578158
Q_ind_192_anc_2-2,0.000293,0.000000,0.000000,0.003320
Q_ind_193_anc_2-2,0.000822,0.000000,0.000000,0.010262
Q_ind_194_anc_2-2,0.000094,0.000000,0.000000,0.001071
Q_ind_195_anc_2-2,0.000480,0.000000,0.000000,0.005907
Q_ind_196_anc_2-2,0.000168,0.000000,0.000000,0.001886
Q_ind_197_anc_2-2,0.000124,0.000000,0.000000,0.001473
Q_ind_198_anc_2-2,0.000088,0.000000,0.000000,0.000986
Q_ind_199_anc_2-2,0.000287,0.000000,0.000000,0.003608
Q_ind_200_anc_2-2,0.000152,0.000000,0.000000,0.001882
Q_ind_201_anc_2-2,0.000234,0.000000,0.000000,0.002785
Q_ind_202_anc_2-2,0.000245,0.000000,0.000000,0.002847
Q_ind_203_anc_2-2,0.001582,0.000000,0.000000,0.020085
Q_ind_204_anc_2-2,0.001937,0.000000,0.000000,0.018405
Q_ind_205_anc_2-2,0.002742,0.000000,0.000000,0.027555
Q_ind_206_anc_2-2,0.002906,0.000000,0.000000,0.028510
Q_ind_207_anc_2-2,0.000996,0.000000,0.000000,0.012384
Q_ind_208_anc_2-2,0.000189,0.000000,0.000000,0.002206
Q_ind_209_anc_2-2,0.002890,0.000000,0.000000,0.028161
Q_ind_210_anc_2-2,0.000915,0.000000,0.000000,0.011702
Q_ind_211_anc_2-2,0.005635,0.000003,0.000000,0.035298
Q_ind_212_anc_2-2,0.000361,0.000000,0.000000,0.003611
Q_ind_213_anc_2-2,0.000375,0.000000,0.000000,0.004564
Q_ind_214_anc_2-2,0.000304,0.000000,0.000000,0.003686
Q_ind_215_anc_2-2,0.000724,0.000000,0.000000,0.009178
Q_ind_216_anc_2-2,0.000999,0.000000,0.000000,0.011936
Q_ind_217_anc_2-2,0.000986,0.000000,0.000000,0.011721
Q_ind_218_anc_2-2,0.000222,0.000000,0.000000,0.002463
Q_ind_219_anc_2-2,0.000607,0.000000,0.000000,0.007261
Q_ind_220_anc_2-2,0.000667,0.000000,0.000000,0.008041
Q_ind_221_anc_2-2,0.000342,0.000000,0.000000,0.003751
Q_ind_222_anc_2-2,0.000694,0.000000,0.000000,0.007287
Q_ind_223_anc_2-2,0.000214,0.000000,0.000000,0.002494
Q_ind_224_anc_2-2,0.000181,0.000000,0.000000,0.002399
Q_ind_225_anc_2-2,0.159687,0.163018,0.045389,0.260420
Q_ind_226_anc_2-2,0.000248,0.000000,0.000000,0.002904
Q_ind_227_anc_2-2,0.115065,0.116624,0.000000,0.253108
Q_ind_228_anc_2-2,0.149712,0.146347,0.057389,0.266954
Q_ind_229_anc_2-2,0.127130,0.125144,0.034319,0.227909
Q_ind_230_anc_2-2,0.019597,0.000004,0.000000,0.116457
Q_ind_231_anc_2-2,0.000224,0.000000,0.000000,0.002495
Q_ind_232_anc_2-2,0.005849,0.000000,0.000000,0.068806
Q_ind_233_anc_2-2,0.063257,0.064272,0.000000,0.157843
Q_ind_234_anc_2-2,0.827194,0.825537,0.752188,0.919258
Q_ind_235_anc_2-2,0.768027,0.765325,0.650983,0.891248
Q_ind_236_anc_2-2,0.794933,0.795722,0.686281,0.890826
Q_ind_237_anc_2-2,0.842254,0.843264,0.764773,0.914808
Q_ind_238_anc_2-2,0.720039,0.721645,0.616430,0.814991
Q_ind_239_anc_2-2,0.794958,0.796849,0.699224,0.879402
Q_ind_240_anc_2-2,0.463174,0.464396,0.357323,0.562599
Q_ind_241_anc_2-2,0.526593,0.525459,0.425947,0.627589
Q_ind_242_anc_2-2,0.703278,0.704100,0.600471,0.802127
Q_ind_243_anc_2-2,0.291220,0.291222,0.185025,0.398051
Q_ind_244_anc_2-2,0.796749,0.798744,0.690615,0.895425
Q_ind_245_anc_2-2,0.304330,0.304127,0.201471,0.407394
Q_ind_1_anc_3-1,0.003002,0.000000,0.000000,0.037485
Q_ind_2_anc_3-1,0.001939,0.000000,0.000000,0.023324
Q_ind_3_anc_3-1,0.006160,0.000000,0.000000,0.072430
Q_ind_4_anc_3-1,0.143751,0.148006,0.055166,0.209009
Q_ind_5_anc_3-1,0.012590,0.000001,0.000000,0.109408
Q_ind_6_anc_3-1,0.156288,0.214040,0.000000,0.292214
Q_ind_7_anc_3-1,0.046941,0.014867,0.000000,0.187371
Q_ind_8_anc_3-1,0.101846,0.017327,0.000000,0.266344
Q_ind_9_anc_3-1,0.079945,0.018717,0.000000,0.272777
Q_ind_10_anc_3-1,0.063959,0.000240,0.000000,0.225983
Q_ind_11_anc_3-1,0.005956,0.000000,0.000000,0.077678
Q_ind_12_anc_3-1,0.136864,0.168690,0.000000,0.253023
Q_ind_13_anc_3-1,0.002515,0.000000,0.000000,0.029910
Q_ind_14_anc_3-1,0.034784,0.000051,0.000000,0.154100
Q_ind_15_anc_3-1,0.015620,0.000001,0.000000,0.110830
Q_ind_16_anc_3-1,0.006454,0.000000,0.000000,0.072932
Q_ind_17_anc_3-1,0.002491,0.000000,0.000000,0.032184
Q_ind_18_anc_3-1,0.002053,0.000000,0.000000,0.025375
Q_ind_19_anc_3-1,0.011459,0.000000,0.000000,0.097947
Q_ind_20_anc_3-1,0.001251,0.000000,0.000000,0.014327
Q_ind_21_anc_3-1,0.008771,0.000000,0.000000,0.071422
Q_ind_22_anc_3-1,0.050493,0.055901,0.000000,0.122437
Q_ind_23_anc_3-1,0.030085,0.005162,0.000000,0.109783
Q_ind_24_anc_3-1,0.137048,0.143087,0.000000,0.220941
Q_ind_25_anc_3-1,0.000950,0.000000,0.000000,0.013007
Q_ind_26_anc_3-1,0.057078,0.059672,0.000000,0.112949
Q_ind_27_anc_3-1,0.006982,0.000000,0.000000,0.056391
Q_ind_28_anc_3-1,0.037193,0.036475,0.000000,0.103341
Q_ind_29_anc_3-1,0.044691,0.044651,0.000000,0.118040
Q_ind_30_anc_3-1,0.080163,0.085263,0.000000,0.145033
Q_ind_31_anc_3-1,0.000905,0.000000,0.000000,0.012040
Q_ind_32_anc_3-1,0.002442,0.000000,0.000000,0.033668
Q_ind_33_anc_3-1,0.001033,0.000000,0.000000,0.013323
Q_ind_34_anc_3-1,0.002203,0.000000,0.000000,0.023689
Q_ind_35_anc_3-1,0.003277,0.000000,0.000000,0.038127
Q_ind_36_anc_3-1,0.001146,0.000000,0.000000,0.012286
Q_ind_37_anc_3-1,0.002564,0.000000,0.000000,0.032265
Q_ind_38_anc_3-1,0.000344,0.000000,0.000000,0.003634
Q_ind_39_anc_3-1,0.001827,0.000000,0.000000,0.022370
Q_ind_40_anc_3-1,0.006669,0.000000,0.000000,0.067833
Q_ind_41_anc_3-1,0.002207,0.000000,0.000000,0.023658
Q_ind_42_anc_3-1,0.000651,0.000000,0.000000,0.007814
Q_ind_43_anc_3-1,0.000488,0.000000,0.000000,0.005917
Q_ind_44_anc_3-1,0.000553,0.000000,0.000000,0.006446
Q_ind_45_anc_3-1,0.000527,0.000000,0.000000,0.006583
Q_ind_46_anc_3-1,0.000202,0.000000,0.000000,0.002302
Q_ind_47_anc_3-1,0.000956,0.000000,0.000000,0.011589
Q_ind_48_anc_3-1,0.002117,0.000000,0.000000,0.021365
Q_ind_49_anc_3-1,0.000523,0.000000,0.000000,0.005797
Q_ind_50_anc_3-1,0.000246,0.000000,0.000000,0.002623
Q_ind_51_anc_3-1,0.001482,0.000000,0.000000,0.017236
Q_ind_52_anc_3-1,0.000547,0.000000,0.000000,0.007082
Q_ind_53_anc_3-1,0.000450,0.000000,0.000000,0.005360
Q_ind_54_anc_3-1,0.000378,0.000000,0.000000,0.004638
Q_ind_55_anc_3-1,0.000402,0.000000,0.000000,0.004486
Q_ind_56_anc_3-1,0.001043,0.000000,0.000000,0.013342
Q_ind_57_anc_3-1,0.004454,0.000000,0.000000,0.052299
Q_ind_58_anc_3-1,0.000540,0.000000,0.000000,0.005988
Q_ind_59_anc_3-1,0.003723,0.000000,0.000000,0.036343
Q_ind_60_anc_3-1,0.000795,0.000000,0.000000,0.009455
Q_ind_61_anc_3-1,0.002054,0.000000,0.000000,0.022667
Q_ind_62_anc_3-1,0.003734,0.000000,0.000000,0.042151
Q_ind_63_anc_3-1,0.000234,0.000000,0.000000,0.002637
Q_ind_64_anc_3-1,0.000215,0.000000,0.000000,0.002599
Q_ind_65_anc_3-1,0.000588,0.000000,0.000000,0.007202
Q_ind_66_anc_3-1,0.000366,0.000000,0.000000,0.004440
Q_ind_67_anc_3-1,0.000295,0.000000,0.000000,0.003166
Q_ind_68_anc_3-1,0.001468,0.000000,0.000000,0.019053
Q_ind_69_anc_3-1,0.000657,0.000000,0.000000,0.007875
Q_ind_70_anc_3-1,0.000420,0.000000,0.000000,0.004784
Q_ind_71_anc_3-1,0.000554,0.000000,0.000000,0.006753
Q_ind_72_anc_3-1,0.001258,0.000000,0.000000,0.016446
Q_ind_73_anc_3-1,0.001072,0.000000,0.000000,0.013081
Q_ind_74_anc_3-1,0.000923,0.000000,0.000000,0.010916
Q_ind_75_anc_3-1,0.000633,0.000000,0.000000,0.007964
Q_ind_76_anc_3-1,0.001730,0.000000,0.000000,0.020173
Q_ind_77_anc_3-1,0.226334,0.227332,0.149440,0.297581
Q_ind_78_anc_3-1,0.290782,0.291969,0.211068,0.367190
Q_ind_79_anc_3-1,0.219237,0.219939,0.149594,0.288955
Q_ind_80_anc_3-1,0.188148,0.188166,0.121426,0.253464
Q_ind_81_anc_3-1,0.289183,0.289803,0.219532,0.357543
Q_ind_82_anc_3-1,0.233896,0.247132,0.088880,0.339783
Q_ind_83_anc_3-1,0.251619,0.256009,0.139821,0.335254
Q_ind_84_anc_3-1,0.235830,0.250928,0.067019,0.341681
Q_ind_85_anc_3-1,0.109773,0.109545,0.000000,0.267964
Q_ind_86_anc_3-1,0.236661,0.244319,0.110461,0.318576
Q_ind_87_anc_3-1,0.109363,0.142708,0.000000,0.256372
Q_ind_88_anc_3-1,0.213146,0.240914,0.000000,0.485773
Q_ind_89_anc_3-1,0.012666,0.000000,0.000000,0.135495
Q_ind_90_anc_3-1,0.093617,0.026644,0.000000,0.409123
Q_ind_91_anc_3-1,0.345396,0.354809,0.149101,0.491021
Q_ind_92_anc_3-1,0.252450,0.287306,0.000000,0.468002
Q_ind_93_anc_3-1,0.312259,0.347091,0.000000,0.483215
Q_ind_94_anc_3-1,0.352442,0.410844,0.000007,0.521795
Q_ind_95_anc_3-1,0.402557,0.411508,0.218838,0.551302
Q_ind_96_anc_3-1,0.000690,0.000000,0.000000,0.008666
Q_ind_97_anc_3-1,0.001617,0.000000,0.000000,0.016828
Q_ind_98_anc_3-1,0.000215,0.000000,0.000000,0.002737
Q_ind_99_anc_3-1,0.001252,0.000000,0.000000,0.016160
Q_ind_100_anc_3-1,0.000539,0.000000,0.000000,0.006330
Q_ind_101_anc_3-1,0.000238,0.000000,0.000000,0.002741
Q_ind_102_anc_3-1,0.000141,0.000000,0.000000,0.001494
Q_ind_103_anc_3-1,0.000286,0.000000,0.000000,0.003634
Q_ind_104_anc_3-1,0.000132,0.000000,0.000000,0.001492
Q_ind_105_anc_3-1,0.000351,0.000000,0.000000,0.003563
Q_ind_106_anc_3-1,0.002641,0.000000,0.000000,0.029265
Q_ind_107_anc_3-1,0.004405,0.000000,0.000000,0.053665
Q_ind_108_anc_3-1,0.001269,0.000000,0.000000,0.015918
Q_ind_109_anc_3-1,0.002357,0.000000,0.000000,0.034494
Q_ind_110_anc_3-1,0.000978,0.000000,0.000000,0.011904
Q_ind_111_anc_3-1,0.001851,0.000000,0.000000,0.022120
Q_ind_112_anc_3-1,0.001321,0.000000,0.000000,0.017790
Q_ind_113_anc_3-1,0.003969,0.000000,0.000000,0.045888
Q_ind_114_anc_3-1,0.001435,0.000000,0.000000,0.017730
Q_ind_115_anc_3-1,0.002968,0.000000,0.000000,0.033176
Q_ind_116_anc_3-1,0.000512,0.000000,0.000000,0.005074
Q_ind_117_anc_3-1,0.000411,0.000000,0.000000,0.005108
Q_ind_118_anc_3-1,0.000801,0.000000,0.000000,0.009573
Q_ind_119_anc_3-1,0.001467,0.000000,0.000000,0.016389
Q_ind_120_anc_3-1,0.000260,0.000000,0.000000,0.002824
Q_ind_121_anc_3-1,0.002752,0.000000,0.000000,0.027518
Q_ind_122_anc_3-1,0.000348,0.000000,0.000000,0.004609
Q_ind_123_anc_3-1,0.000987,0.000000,0.000000,0.012695
Q_ind_124_anc_3-1,0.000342,0.000000,0.000000,0.004558
Q_ind_125_anc_3-1,0.153008,0.157763,0.000125,0.228183
Q_ind_126_anc_3-1,0.165416,0.167288,0.077270,0.239078
Q_ind_127_anc_3-1,0.119735,0.132990,0.000000,0.217434
Q_ind_128_anc_3-1,0.183278,0.187511,0.077522,0.267950
Q_ind_129_anc_3-1,0.098999,0.112006,0.000000,0.194711
Q_ind_130_anc_3-1,0.001230,0.000000,0.000000,0.013934
Q_ind_131_anc_3-1,0.296137,0.296275,0.223163,0.371271
Q_ind_132_anc_3-1,0.271484,0.271563,0.201163,0.341223
Q_ind_133_anc_3-1,0.000791,0.000000,0.000000,0.009101
Q_ind_134_anc_3-1,0.000580,0.000000,0.000000,0.006690
Q_ind_135_anc_3-1,0.001203,0.000000,0.000000,0.014778
Q_ind_136_anc_3-1,0.000834,0.000000,0.000000,0.009404
Q_ind_137_anc_3-1,0.000853,0.000000,0.000000,0.009541
Q_ind_138_anc_3-1,0.019332,0.000930,0.000000,0.083450
Q_ind_139_anc_3-1,0.001715,0.000000,0.000000,0.017271
Q_ind_140_anc_3-1,0.001612,0.000000,0.000000,0.020144
Q_ind_141_anc_3-1,0.000469,0.000000,0.000000,0.005626
Q_ind_142_anc_3-1,0.229596,0.229701,0.166981,0.294343
Q_ind_143_anc_3-1,0.000571,0.000000,0.000000,0.006169
Q_ind_144_anc_3-1,0.000315,0.000000,0.000000,0.003644
Q_ind_145_anc_3-1,0.000254,0.000000,0.000000,0.003052
Q_ind_146_anc_3-1,0.002532,0.000000,0.000000,0.033994
Q_ind_147_anc_3-1,0.000465,0.000000,0.000000,0.005780
Q_ind_148_anc_3-1,0.001311,0.000000,0.000000,0.014191
Q_ind_149_anc_3-1,0.020202,0.000045,0.000000,0.113320
Q_ind_150_anc_3-1,0.000270,0.000000,0.000000,0.003082
Q_ind_151_anc_3-1,0.000521,0.000000,0.000000,0.006111
Q_ind_152_anc_3-1,0.000342,0.000000,0.000000,0.003755
Q_ind_153_anc_3-1,0.000346,0.000000,0.000000,0.004228
Q_ind_154_anc_3-1,0.000389,0.000000,0.000000,0.004733
Q_ind_155_anc_3-1,0.593498,0.596135,0.483969,0.693957
Q_ind_156_anc_3-1,0.004503,0.000000,0.000000,0.067888
Q_ind_157_anc_3-1,0.018416,0.000001,0.000000,0.136674
Q_ind_158_anc_3-1,0.104322,0.010001,0.000000,0.284423
Q_ind_159_anc_3-1,0.288037,0.291085,0.202008,0.357051
Q_ind_160_anc_3-1,0.020771,0.000001,0.000000,0.172197
Q_ind_161_anc_3-1,0.004634,0.000000,0.000000,0.049050
Q_ind_162_anc_3-1,0.174715,0.179151,0.030456,0.292850
Q_ind_163_anc_3-1,0.010231,0.000000,0.000000,0.119115
Q_ind_164_anc_3-1,0.008455,0.000000,0.000000,0.089031
Q_ind_165_anc_3-1,0.010527,0.000004,0.000000,0.072665
Q_ind_166_anc_3-1,0.004399,0.000000,0.000000,0.042689
Q_ind_167_anc_3-1,0.001138,0.000000,0.000000,0.013002
Q_ind_168_anc_3-1,0.026521,0.001231,0.000000,0.110066
Q_ind_169_anc_3-1,0.375573,0.375549,0.309423,0.440256
Q_ind_170_anc_3-1,0.000576,0.000000,0.000000,0.006735
Q_ind_171_anc_3-1,0.023787,0.000950,0.000000,0.107920
Q_ind_172_anc_3-1,0.000318,0.000000,0.000000,0.003821
Q_ind_173_anc_3-1,0.000502,0.000000,0.000000,0.005672
Q_ind_174_anc_3-1,0.000966,0.000000,0.000000,0.012592
Q_ind_175_anc_3-1,0.026773,0.019407,0.000000,0.092507
Q_ind_176_anc_3-1,0.402158,0.406033,0.286661,0.496191
Q_ind_177_anc_3-1,0.466399,0.477195,0.290011,0.559461
Q_ind_178_anc_3-1,0.329324,0.335965,0.132636,0.471064
Q_ind_179_anc_3-1,0.151943,0.164862,0.000000,0.354152
Q_ind_180_anc_3-1,0.064614,0.057218,0.000000,0.190797
Q_ind_181_anc_3-1,0.361754,0.372168,0.217834,0.475192
Q_ind_182_anc_3-1,0.459830,0.462102,0.361487,0.539956
Q_ind_183_anc_3-1,0.274326,0.277412,0.133516,0.394733
Q_ind_184_anc_3-1,0.489022,0.491229,0.404558,0.562008
Q_ind_185_anc_3-1,0.000498,0.000000,0.000000,0.005958
Q_ind_186_anc_3-1,0.000601,0.000000,0.000000,0.007601
Q_ind_187_anc_3-1,0.000243,0.000000,0.000000,0.003090
Q_ind_188_anc_3-1,0.000412,0.000000,0.000000,0.004785
Q_ind_189_anc_3-1,0.000525,0.000000,0.000000,0.006122
Q_ind_190_anc_3-1,0.001628,0.000000,0.000000,0.018721
Q_ind_191_anc_3-1,0.000365,0.000000,0.000000,0.004245
Q_ind_192_anc_3-1,0.000616,0.000000,0.000000,0.007678
Q_ind_193_anc_3-1,0.002351,0.000000,0.000000,0.028269
Q_ind_194_anc_3-1,0.000128,0.000000,0.000000,0.001512
Q_ind_195_anc_3-1,0.001909,0.000000,0.000000,0.022381
Q_ind_196_anc_3-1,0.000125,0.000000,0.000000,0.001432
Q_ind_197_anc_3-1,0.000134,0.000000,0.000000,0.001647
Q_ind_198_anc_3-1,0.000115,0.000000,0.000000,0.001396
Q_ind_199_anc_3-1,0.000710,0.000000,0.000000,0.008949
Q_ind_200_anc_3-1,0.000203,0.000000,0.000000,0.002058
Q_ind_201_anc_3-1,0.003326,0.000000,0.000000,0.034820
Q_ind_202_anc_3-1,0.000493,0.000000,0.000000,0.005097
Q_ind_203_anc_3-1,0.065961,0.066084,0.000000,0.187578
Q_ind_204_anc_3-1,0.004700,0.000000,0.000000,0.045494
Q_ind_205_anc_3-1,0.003751,0.000000,0.000000,0.041509
Q_ind_206_anc_3-1,0.016003,0.000002,0.000000,0.102808
Q_ind_207_anc_3-1,0.065113,0.066731,0.000000,0.171663
Q_ind_208_anc_3-1,0.020626,0.000022,0.000000,0.126249
Q_ind_209_anc_3-1,0.001348,0.000000,0.000000,0.015971
Q_ind_210_anc_3-1,0.009395,0.000000,0.000000,0.079573
Q_ind_211_anc_3-1,0.014118,0.000002,0.000000,0.099220
Q_ind_212_anc_3-1,0.073178,0.089077,0.000000,0.172945
Q_ind_213_anc_3-1,0.005758,0.000000,0.000000,0.050433
Q_ind_214_anc_3-1,0.017893,0.000043,0.000000,0.098758
Q_ind_215_anc_3-1,0.050618,0.030059,0.000000,0.151492
Q_ind_216_anc_3-1,0.015667,0.000001,0.000000,0.110285
Q_ind_217_anc_3-1,0.000740,0.000000,0.000000,0.008522
Q_ind_218_anc_3-1,0.121737,0.147436,0.000000,0.230005
Q_ind_219_anc_3-1,0.008767,0.000000,0.000000,0.069806
Q_ind_220_anc_3-1,0.005169,0.000000,0.000000,0.063319
Q_ind_221_anc_3-1,0.101998,0.125334,0.000000,0.243240
Q_ind_222_anc_3-1,0.013242,0.000015,0.000000,0.083028
Q_ind_223_anc_3-1,0.087603,0.103823,0.000000,0.209784
Q_ind_224_anc_3-1,0.344092,0.345431,0.276507,0.405186
Q_ind_225_anc_3-1,0.027479,0.000009,0.000000,0.161393
Q_ind_226_anc_3-1,0.151865,0.152054,0.000000,0.310716
Q_ind_227_anc_3-1,0.054922,0.044608,0.000000,0.159050
Q_ind_228_anc_3-1,0.068045,0.055862,0.000000,0.192252
Q_ind_229_anc_3-1,0.004241,0.000000,0.000000,0.048466
Q_ind_230_anc_3-1,0.002266,0.000000,0.000000,0.027959
Q_ind_231_anc_3-1,0.101797,0.109212,0.000000,0.214377
Q_ind_232_anc_3-1,0.024418,0.001213,0.000000,0.101293
Q_ind_233_anc_3-1,0.002363,0.000000,0.000000,0.028252
Q_ind_234_anc_3-1,0.000554,0.000000,0.000000,0.006692
Q_ind_235_anc_3-1,0.000612,0.000000,0.000000,0.007242
Q_ind_236_anc_3-1,0.000309,0.000000,0.000000,0.003857
Q_ind_237_anc_3-1,0.000310,0.000000,0.000000,0.003708
Q_ind_238_anc_3-1,0.000499,0.000000,0.000000,0.006106
Q_ind_239_anc_3-1,0.000475,0.000000,0.000000,0.006043
Q_ind_240_anc_3-1,0.000290,0.000000,0.000000,0.003403
Q_ind_241_anc_3-1,0.002824,0.000000,0.000000,0.031782
Q_ind_242_anc_3-1,0.004088,0.000000,0.000000,0.036331
Q_ind_243_anc_3-1,0.000245,0.000000,0.000000,0.002315
Q_ind_244_anc_3-1,0.001200,0.000000,0.000000,0.013948
Q_ind_245_anc_3-1,0.000256,0.000000,0.000000,0.003004
Q_ind_1_anc_3-2,0.000585,0.000000,0.000000,0.007618
Q_ind_2_anc_3-2,0.000312,0.000000,0.000000,0.003801
Q_ind_3_anc_3-2,0.000893,0.000000,0.000000,0.011556
Q_ind_4_anc_3-2,0.000903,0.000000,0.000000,0.010407
Q_ind_5_anc_3-2,0.000439,0.000000,0.000000,0.004952
Q_ind_6_anc_3-2,0.000387,0.000000,0.000000,0.004845
Q_ind_7_anc_3-2,0.000946,0.000000,0.000000,0.011147
Q_ind_8_anc_3-2,0.000634,0.000000,0.000000,0.007629
Q_ind_9_anc_3-2,0.000310,0.000000,0.000000,0.003372
Q_ind_10_anc_3-2,0.000385,0.000000,0.000000,0.004215
Q_ind_11_anc_3-2,0.001032,0.000000,0.000000,0.013608
Q_ind_12_anc_3-2,0.001870,0.000000,0.000000,0.021166
Q_ind_13_anc_3-2,0.004909,0.000000,0.000000,0.057078
Q_ind_14_anc_3-2,0.007220,0.000000,0.000000,0.105532
Q_ind_15_anc_3-2,0.017171,0.000002,0.000000,0.108044
Q_ind_16_anc_3-2,0.007326,0.000000,0.000000,0.084445
Q_ind_17_anc_3-2,0.003338,0.000000,0.000000,0.039246
Q_ind_18_anc_3-2,0.007762,0.000000,0.000000,0.085780
Q_ind_19_anc_3-2,0.003646,0.000000,0.000000,0.050191
Q_ind_20_anc_3-2,0.004189,0.000000,0.000000,0.054399
Q_ind_21_anc_3-2,0.003375,0.000000,0.000000,0.039402
Q_ind_22_anc_3-2,0.001751,0.000000,0.000000,0.020643
Q_ind_23_anc_3-2,0.000922,0.000000,0.000000,0.010261
Q_ind_24_anc_3-2,0.003120,0.000000,0.000000,0.036928
Q_ind_25_anc_3-2,0.003667,0.000000,0.000000,0.043027
Q_ind_26_anc_3-2,0.001334,0.000000,0.000000,0.015511
Q_ind_27_anc_3-2,0.014277,0.000001,0.000000,0.111001
Q_ind_28_anc_3-2,0.000726,0.000000,0.000000,0.008683
Q_ind_29_anc_3-2,0.002340,0.000000,0.000000,0.028004
Q_ind_30_anc_3-2,0.004866,0.000000,0.000000,0.052504
Q_ind_31_anc_3-2,0.001948,0.000000,0.000000,0.022966
Q_ind_32_anc_3-2,0.001797,0.000000,0.000000,0.023887
Q_ind_33_anc_3-2,0.003158,0.000000,0.000000,0.040805
Q_ind_34_anc_3-2,0.001236,0.000000,0.000000,0.014342
Q_ind_35_anc_3-2,0.000936,0.000000,0.000000,0.012495
Q_ind_36_anc_3-2,0.001165,0.000000,0.000000,0.012914
Q_ind_37_anc_3-2,0.016051,0.000001,0.000000,0.114458
Q_ind_38_anc_3-2,0.003627,0.000000,0.000000,0.044780
Q_ind_39_anc_3-2,0.044765,0.017584,0.000000,0.157183
Q_ind_40_anc_3-2,0.076753,0.000022,0.000000,0.283229
Q_ind_41_anc_3-2,0.001002,0.000000,0.000000,0.012383
Q_ind_42_anc_3-2,0.000816,0.000000,0.000000,0.009993
Q_ind_43_anc_3-2,0.000968,0.000000,0.000000,0.012426
Q_ind_44_anc_3-2,0.001083,0.000000,0.000000,0.015670
Q_ind_45_anc_3-2,0.001569,0.000000,0.000000,0.019063
Q_ind_46_anc_3-2,0.000558,0.000000,0.000000,0.006458
Q_ind_47_anc_3-2,0.000649,0.000000,0.000000,0.008037
Q_ind_48_anc_3-2,0.001368,0.000000,0.000000,0.017025
Q_ind_49_anc_3-2,0.000500,0.000000,0.000000,0.005869
Q_ind_50_anc_3-2,0.000850,0.000000,0.000000,0.009543
Q_ind_51_anc_3-2,0.002081,0.000000,0.000000,0.023917
Q_ind_52_anc_3-2,0.000735,0.000000,0.000000,0.007699
Q_ind_53_anc_3-2,0.000991,0.000000,0.000000,0.012348
Q_ind_54_anc_3-2,0.000701,0.000000,0.000000,0.009040
Q_ind_55_anc_3-2,0.001102,0.000000,0.000000,0.013083
Q_ind_56_anc_3-2,0.004103,0.000000,0.000000,0.043029
Q_ind_57_anc_3-2,0.016879,0.000002,0.000000,0.129553
Q_ind_58_anc_3-2,0.000880,0.000000,0.000000,0.011917
Q_ind_59_anc_3-2,0.003460,0.000000,0.000000,0.037271
Q_ind_60_anc_3-2,0.002047,0.000000,0.000000,0.028279
Q_ind_61_anc_3-2,0.030119,0.000354,0.000000,0.143496
Q_ind_62_anc_3-2,0.002269,0.000000,0.000000,0.028972
Q_ind_63_anc_3-2,0.000180,0.000000,0.000000,0.001861
Q_ind_64_anc_3-2,0.000167,0.000000,0.000000,0.001805
Q_ind_65_anc_3-2,0.000291,0.000000,0.000000,0.003444
Q_ind_66_anc_3-2,0.000336,0.000000,0.000000,0.004234
Q_ind_67_anc_3-2,0.000230,0.000000,0.000000,0.002691
Q_ind_68_anc_3-2,0.419121,0.419264,0.313012,0.519651
Q_ind_69_anc_3-2,0.488964,0.490278,0.362414,0.617447
Q_ind_70_anc_3-2,0.468719,0.467490,0.356809,0.587975
Q_ind_71_anc_3-2,0.321753,0.328900,0.159308,0.446461
Q_ind_72_anc_3-2,0.298462,0.298666,0.146464,0.438933
Q_ind_73_anc_3-2,0.342867,0.345339,0.217357,0.452741
Q_ind_74_anc_3-2,0.491695,0.491841,0.366523,0.617085
Q_ind_75_anc_3-2,0.494191,0.495659,0.375889,0.605794
Q_ind_76_anc_3-2,0.285101,0.300346,0.084618,0.421485
Q_ind_77_anc_3-2,0.001485,0.000000,0.000000,0.017211
Q_ind_78_anc_3-2,0.000517,0.000000,0.000000,0.005928
Q_ind_79_anc_3-2,0.001011,0.000000,0.000000,0.011307
Q_ind_80_anc_3-2,0.000702,0.000000,0.000000,0.007831
Q_ind_81_anc_3-2,0.001169,0.000000,0.000000,0.014309
Q_ind_82_anc_3-2,0.000418,0.000000,0.000000,0.005113
Q_ind_83_anc_3-2,0.000683,0.000000,0.000000,0.008384
Q_ind_84_anc_3-2,0.001165,0.000000,0.000000,0.015612
Q_ind_85_anc_3-2,0.000977,0.000000,0.000000,0.010596
Q_ind_86_anc_3-2,0.002011,0.000000,0.000000,0.024754
Q_ind_87_anc_3-2,0.000396,0.000000,0.000000,0.004235
Q_ind_88_anc_3-2,0.003887,0.000000,0.000000,0.045808
Q_ind_89_anc_3-2,0.004762,0.000000,0.000000,0.049118
Q_ind_90_anc_3-2,0.017343,0.000003,0.000000,0.121175
Q_ind_91_anc_3-2,0.002584,0.000000,0.000000,0.031586
Q_ind_92_anc_3-2,0.038486,0.000362,0.000000,0.158137
Q_ind_93_anc_3-2,0.025817,0.000891,0.000000,0.132153
Q_ind_94_anc_3-2,0.010925,0.000001,0.000000,0.084903
Q_ind_95_anc_3-2,0.006947,0.000000,0.000000,0.065470
Q_ind_96_anc_3-2,0.002504,0.000000,0.000000,0.023969
Q_ind_97_anc_3-2,0.000740,0.000000,0.000000,0.008973
Q_ind_98_anc_3-2,0.001313,0.000000,0.000000,0.015592
Q_ind_99_anc_3-2,0.001301,0.000000,0.000000,0.015363
Q_ind_100_anc_3-2,0.000442,0.000000,0.000000,0.004922
Q_ind_101_anc_3-2,0.000276,0.000000,0.000000,0.003242
Q_ind_102_anc_3-2,0.000113,0.000000,0.000000,0.001305
Q_ind_103_anc_3-2,0.000709,0.000000,0.000000,0.008604
Q_ind_104_anc_3-2,0.000164,0.000000,0.000000,0.001784
Q_ind_105_anc_3-2,0.000969,0.000000,0.000000,0.012689
Q_ind_106_anc_3-2,0.012988,0.000011,0.000000,0.070700
Q_ind_107_anc_3-2,0.387044,0.532190,0.000000,0.735656
Q_ind_108_anc_3-2,0.001039,0.000000,0.000000,0.013338
Q_ind_109_anc_3-2,0.003395,0.000000,0.000000,0.042051
Q_ind_110_anc_3-2,0.534122,0.540232,0.323055,0.698267
Q_ind_111_anc_3-2,0.171701,0.026243,0.000000,0.658630
Q_ind_112_anc_3-2,0.063778,0.000045,0.000000,0.296897
Q_ind_113_anc_3-2,0.008509,0.000000,0.000000,0.113678
Q_ind_114_anc_3-2,0.120842,0.000524,0.000000,0.527316
Q_ind_115_anc_3-2,0.002920,0.000000,0.000000,0.037217
Q_ind_116_anc_3-2,0.003446,0.000000,0.000000,0.034524
Q_ind_117_anc_3-2,0.003512,0.000000,0.000000,0.030166
Q_ind_118_anc_3-2,0.006588,0.000000,0.000000,0.068057
Q_ind_119_anc_3-2,0.001757,0.000000,0.000000,0.018194
Q_ind_120_anc_3-2,0.000518,0.000000,0.000000,0.005925
Q_ind_121_anc_3-2,0.002930,0.000000,0.000000,0.032846
Q_ind_122_anc_3-2,0.000630,0.000000,0.000000,0.007691
Q_ind_123_anc_3-2,0.001269,0.000000,0.000000,0.016777
Q_ind_124_anc_3-2,0.000725,0.000000,0.000000,0.009691
Q_ind_125_anc_3-2,0.001551,0.000000,0.000000,0.019452
Q_ind_126_anc_3-2,0.000627,0.000000,0.000000,0.006296
Q_ind_127_anc_3-2,0.001140,0.000000,0.000000,0.014974
Q_ind_128_anc_3-2,0.001084,0.000000,0.000000,0.012049
Q_ind_129_anc_3-2,0.000881,0.000000,0.000000,0.012312
Q_ind_130_anc_3-2,0.000938,0.000000,0.000000,0.012681
Q_ind_131_anc_3-2,0.002640,0.000000,0.000000,0.031849
Q_ind_132_anc_3-2,0.017756,0.000130,0.000000,0.093740
Q_ind_133_anc_3-2,0.028098,0.000099,0.000000,0.147435
Q_ind_134_anc_3-2,0.006547,0.000000,0.000000,0.085167
Q_ind_135_anc_3-2,0.026717,0.000064,0.000000,0.134155
Q_ind_136_anc_3-2,0.029212,0.000293,0.000000,0.144920
Q_ind_137_anc_3-2,0.101099,0.107785,0.000000,0.207219
Q_ind_138_anc_3-2,0.172652,0.172927,0.084835,0.256837
Q_ind_139_anc_3-2,0.176366,0.176879,0.081459,0.265580
Q_ind_140_anc_3-2,0.013579,0.000001,0.000000,0.101890
Q_ind_141_anc_3-2,0.008304,0.000000,0.000000,0.100485
Q_ind_142_anc_3-2,0.326503,0.325607,0.243341,0.412651
Q_ind_143_anc_3-2,0.002028,0.000000,0.000000,0.029861
Q_ind_144_anc_3-2,0.039724,0.000538,0.000000,0.161826
Q_ind_145_anc_3-2,0.000222,0.000000,0.000000,0.002469
Q_ind_146_anc_3-2,0.000569,0.000000,0.000000,0.006703
Q_ind_147_anc_3-2,0.000263,0.000000,0.000000,0.002965
Q_ind_148_anc_3-2,0.003806,0.000000,0.000000,0.032514
Q_ind_149_anc_3-2,0.000476,0.000000,0.000000,0.005860
Q_ind_150_anc_3-2,0.000328,0.000000,0.000000,0.004006
Q_ind_151_anc_3-2,0.000763,0.000000,0.000000,0.009322
Q_ind_152_anc_3-2,0.000257,0.000000,0.000000,0.003147
Q_ind_153_anc_3-2,0.000272,0.000000,0.000000,0.003135
Q_ind_154_anc_3-2,0.000313,0.000000,0.000000,0.003997
Q_ind_155_anc_3-2,0.001835,0.000000,0.000000,0.021688
Q_ind_156_anc_3-2,0.000490,0.000000,0.000000,0.005242
Q_ind_157_anc_3-2,0.001398,0.000000,0.000000,0.017233
Q_ind_158_anc_3-2,0.000539,0.000000,0.000000,0.005719
Q_ind_159_anc_3-2,0.000739,0.000000,0.000000,0.008993
Q_ind_160_anc_3-2,0.000438,0.000000,0.000000,0.005363
Q_ind_161_anc_3-2,0.001019,0.000000,0.000000,0.011654
Q_ind_162_anc_3-2,0.000878,0.000000,0.000000,0.009956
Q_ind_163_anc_3-2,0.000295,0.000000,0.000000,0.003331
Q_ind_164_anc_3-2,0.000673,0.000000,0.000000,0.007732
Q_ind_165_anc_3-2,0.027929,0.000002,0.000000,0.194449
Q_ind_166_anc_3-2,0.021851,0.000001,0.000000,0.161944
Q_ind_167_anc_3-2,0.036161,0.000104,0.000000,0.188740
Q_ind_168_anc_3-2,0.458469,0.458402,0.354035,0.566643
Q_ind_169_anc_3-2,0.158483,0.158824,0.083136,0.235698
Q_ind_170_anc_3-2,0.002527,0.000000,0.000000,0.031366
Q_ind_171_anc_3-2,0.002044,0.000000,0.000000,0.025064
Q_ind_172_anc_3-2,0.003463,0.000000,0.000000,0.045349
Q_ind_173_anc_3-2,0.016503,0.000002,0.000000,0.113592
Q_ind_174_anc_3-2,0.001005,0.000000,0.000000,0.011391
Q_ind_175_anc_3-2,0.146743,0.164300,0.000000,0.268130
Q_ind_176_anc_3-2,0.048852,0.046318,0.000000,0.139202
Q_ind_177_anc_3-2,0.000456,0.000000,0.000000,0.005413
Q_ind_178_anc_3-2,0.000434,0.000000,0.000000,0.004918
Q_ind_179_anc_3-2,0.000316,0.000000,0.000000,0.003554
Q_ind_180_anc_3-2,0.000374,0.000000,0.000000,0.004062
Q_ind_181_anc_3-2,0.012486,0.000000,0.000000,0.099776
Q_ind_182_anc_3-2,0.000463,0.000000,0.000000,0.006091
Q_ind_183_anc_3-2,0.000599,0.000000,0.000000,0.007046
Q_ind_184_anc_3-2,0.029517,0.007901,0.000000,0.111787
Q_ind_185_anc_3-2,0.484147,0.475890,0.002941,0.960428
Q_ind_186_anc_3-2,0.338666,0.340795,0.150628,0.519769
Q_ind_187_anc_3-2,0.398569,0.406188,0.146833,0.597663
Q_ind_188_anc_3-2,0.801035,0.811702,0.639334,0.912921
Q_ind_189_anc_3-2,0.017977,0.000000,0.000000,0.204004
Q_ind_190_anc_3-2,0.825866,0.825681,0.715269,0.931678
Q_ind_191_anc_3-2,0.099216,0.001727,0.000000,0.443996
Q_ind_192_anc_3-2,0.000717,0.000000,0.000000,0.008683
Q_ind_193_anc_3-2,0.001707,0.000000,0.000000,0.020688
Q_ind_194_anc_3-2,0.000126,0.000000,0.000000,0.001385
Q_ind_195_anc_3-2,0.000661,0.000000,0.000000,0.007677
Q_ind_196_anc_3-2,0.000113,0.000000,0.000000,0.001376
Q_ind_197_anc_3-2,0.000142,0.000000,0.000000,0.001607
Q_ind_198_anc_3-2,0.000097,0.000000,0.000000,0.001151
Q_ind_199_anc_3-2,0.000782,0.000000,0.000000,0.009361
Q_ind_200_anc_3-2,0.000197,0.000000,0.000000,0.002237
Q_ind_201_anc_3-2,0.036479,0.000094,0.000000,0.172775
Q_ind_202_anc_3-2,0.000253,0.000000,0.000000,0.003092
Q_ind_203_anc_3-2,0.006127,0.000000,0.000000,0.071337
Q_ind_204_anc_3-2,0.002431,0.000000,0.000000,0.030819
Q_ind_205_anc_3-2,0.002737,0.000000,0.000000,0.036648
Q_ind_206_anc_3-2,0.001449,0.000000,0.000000,0.017823
Q_ind_207_anc_3-2,0.006718,0.000000,0.000000,0.069011
Q_ind_208_anc_3-2,0.000543,0.000000,0.000000,0.006453
Q_ind_209_anc_3-2,0.002321,0.000000,0.000000,0.029083
Q_ind_210_anc_3-2,0.005511,0.000000,0.000000,0.052284
Q_ind_211_anc_3-2,0.002432,0.000000,0.000000,0.032424
Q_ind_212_anc_3-2,0.002485,0.000000,0.000000,0.028818
Q_ind_213_anc_3-2,0.077276,0.058901,0.000000,0.227700
Q_ind_214_anc_3-2,0.051884,0.000311,0.000000,0.206507
Q_ind_215_anc_3-2,0.073945,0.053547,0.000000,0.213325
Q_ind_216_anc_3-2,0.013777,0.000000,0.000000,0.116318
Q_ind_217_anc_3-2,0.179589,0.179940,0.082930,0.276062
Q_ind_218_anc_3-2,0.046584,0.000258,0.000000,0.185962
Q_ind_219_anc_3-2,0.020642,0.000000,0.000000,0.163424
Q_ind_220_anc_3-2,0.006688,0.000000,0.000000,0.068744
Q_ind_221_anc_3-2,0.042672,0.000789,0.000000,0.173694
Q_ind_222_anc_3-2,0.007279,0.000000,0.000000,0.096462
Q_ind_223_anc_3-2,0.000998,0.000000,0.000000,0.011932
Q_ind_224_anc_3-2,0.019864,0.000004,0.000000,0.133912
Q_ind_225_anc_3-2,0.010899,0.000001,0.000000,0.085869
Q_ind_226_anc_3-2,0.000773,0.000000,0.000000,0.007677
Q_ind_227_anc_3-2,0.025168,0.000004,0.000000,0.198438
Q_ind_228_anc_3-2,0.015811,0.000000,0.000000,0.157430
Q_ind_229_anc_3-2,0.000932,0.000000,0.000000,0.008378
Q_ind_230_anc_3-2,0.004396,0.000000,0.000000,0.058692
Q_ind_231_anc_3-2,0.000893,0.000000,0.000000,0.010989
Q_ind_232_anc_3-2,0.096570,0.101948,0.000000,0.237123
Q_ind_233_anc_3-2,0.087158,0.028172,0.000000,0.265299
Q_ind_234_anc_3-2,0.000682,0.000000,0.000000,0.007774
Q_ind_235_anc_3-2,0.074126,0.076674,0.000000,0.191289
Q_ind_236_anc_3-2,0.049197,0.035598,0.000000,0.163247
Q_ind_237_anc_3-2,0.003845,0.000000,0.000000,0.045493
Q_ind_238_anc_3-2,0.036506,0.002984,0.000000,0.168409
Q_ind_239_anc_3-2,0.012251,0.000001,0.000000,0.094640
Q_ind_240_anc_3-2,0.212287,0.212433,0.095213,0.330348
Q_ind_241_anc_3-2,0.260747,0.260772,0.156958,0.365623
Q_ind_242_anc_3-2,0.106186,0.114646,0.000000,0.217586
Q_ind_243_anc_3-2,0.283574,0.284129,0.172522,0.396280
Q_ind_244_anc_3-2,0.035314,0.001623,0.000000,0.157517
Q_ind_245_anc_3-2,0.238430,0.238054,0.127302,0.357330
Q_ind_1_anc_3-3,0.000342,0.000000,0.000000,0.004336
Q_ind_2_anc_3-3,0.000833,0.000000,0.000000,0.010023
Q_ind_3_anc_3-3,0.035538,0.000222,0.000000,0.146588
Q_ind_4_anc_3-3,0.013473,0.000002,0.000000,0.102532
Q_ind_5_anc_3-3,0.000491,0.000000,0.000000,0.005746
Q_ind_6_anc_3-3,0.005115,0.000000,0.000000,0.053054
Q_ind_7_anc_3-3,0.014208,0.000000,0.000000,0.119922
Q_ind_8_anc_3-3,0.001717,0.000000,0.000000,0.020177
Q_ind_9_anc_3-3,0.010411,0.000001,0.000000,0.082695
Q_ind_10_anc_3-3,0.002113,0.000000,0.000000,0.029205
Q_ind_11_anc_3-3,0.004870,0.000000,0.000000,0.070481
Q_ind_12_anc_3-3,0.003388,0.000000,0.000000,0.041674
Q_ind_13_anc_3-3,0.002927,0.000000,0.000000,0.030624
Q_ind_14_anc_3-3,0.002666,0.000000,0.000000,0.031275
Q_ind_15_anc_3-3,0.013594,0.000002,0.000000,0.101614
Q_ind_16_anc_3-3,0.003711,0.000000,0.000000,0.046715
Q_ind_17_anc_3-3,0.001143,0.000000,0.000000,0.013347
Q_ind_18_anc_3-3,0.001469,0.000000,0.000000,0.018849
Q_ind_19_anc_3-3,0.004192,0.000000,0.000000,0.053542
Q_ind_20_anc_3-3,0.000517,0.000000,0.000000,0.005850
Q_ind_21_anc_3-3,0.949204,0.951632,0.879011,0.997454
Q_ind_22_anc_3-3,0.918149,0.919594,0.846183,0.984972
Q_ind_23_anc_3-3,0.948184,0.952432,0.870442,0.998654
Q_ind_24_anc_3-3,0.782597,0.784791,0.682834,0.869941
Q_ind_25_anc_3-3,0.963490,0.969826,0.895490,0.999534
Q_ind_26_anc_3-3,0.932711,0.932123,0.878061,0.992087
Q_ind_27_anc_3-3,0.951548,0.955349,0.869564,0.998659
Q_ind_28_anc_3-3,0.939018,0.940001,0.880773,0.994273
Q_ind_29_anc_3-3,0.918164,0.921519,0.838909,0.977301
Q_ind_30_anc_3-3,0.895880,0.897900,0.814928,0.960837
Q_ind_31_anc_3-3,0.001319,0.000000,0.000000,0.015402
Q_ind_32_anc_3-3,0.001008,0.000000,0.000000,0.011125
Q_ind_33_anc_3-3,0.002894,0.000000,0.000000,0.033608
Q_ind_34_anc_3-3,0.001081,0.000000,0.000000,0.013279
Q_ind_35_anc_3-3,0.002597,0.000000,0.000000,0.029398
Q_ind_36_anc_3-3,0.000571,0.000000,0.000000,0.007269
Q_ind_37_anc_3-3,0.001304,0.000000,0.000000,0.017215
Q_ind_38_anc_3-3,0.000955,0.000000,0.000000,0.011037
Q_ind_39_anc_3-3,0.000592,0.000000,0.000000,0.006916
Q_ind_40_anc_3-3,0.001371,0.000000,0.000000,0.017379
Q_ind_41_anc_3-3,0.000529,0.000000,0.000000,0.005939
Q_ind_42_anc_3-3,0.000464,0.000000,0.000000,0.005540
Q_ind_43_anc_3-3,0.000514,0.000000,0.000000,0.006134
Q_ind_44_anc_3-3,0.000670,0.000000,0.000000,0.007737
Q_ind_45_anc_3-3,0.000749,0.000000,0.000000,0.009697
Q_ind_46_anc_3-3,0.000358,0.000000,0.000000,0.004479
Q_ind_47_anc_3-3,0.000349,0.000000,0.000000,0.004191
Q_ind_48_anc_3-3,0.000506,0.000000,0.000000,0.005426
Q_ind_49_anc_3-3,0.000409,0.000000,0.000000,0.004919
Q_ind_50_anc_3-3,0.000303,0.000000,0.000000,0.003521
Q_ind_51_anc_3-3,0.000718,0.000000,0.000000,0.008911
Q_ind_52_anc_3-3,0.000439,0.000000,0.000000,0.005505
Q_ind_53_anc_3-3,0.001025,0.000000,0.000000,0.013830
Q_ind_54_anc_3-3,0.000562,0.000000,0.000000,0.006919
Q_ind_55_anc_3-3,0.000515,0.000000,0.000000,0.005026
Q_ind_56_anc_3-3,0.000811,0.000000,0.000000,0.009428
Q_ind_57_anc_3-3,0.000762,0.000000,0.000000,0.008255
Q_ind_58_anc_3-3,0.000527,0.000000,0.000000,0.006277
Q_ind_59_anc_3-3,0.001226,0.000000,0.000000,0.011008
Q_ind_60_anc_3-3,0.000637,0.000000,0.000000,0.007463
Q_ind_61_anc_3-3,0.002740,0.000000,0.000000,0.035927
Q_ind_62_anc_3-3,0.000837,0.000000,0.000000,0.010534
Q_ind_63_anc_3-3,0.000326,0.000000,0.000000,0.003965
Q_ind_64_anc_3-3,0.000260,0.000000,0.000000,0.002826
Q_ind_65_anc_3-3,0.000301,0.000000,0.000000,0.003628
Q_ind_66_anc_3-3,0.000405,0.000000,0.000000,0.004769
Q_ind_67_anc_3-3,0.000216,0.000000,0.000000,0.002399
Q_ind_68_anc_3-3,0.001268,0.000000,0.000000,0.015958
Q_ind_69_anc_3-3,0.000481,0.000000,0.000000,0.005883
Q_ind_70_anc_3-3,0.000333,0.000000,0.000000,0.003428
Q_ind_71_anc_3-3,0.017142,0.000026,0.000000,0.110475
Q_ind_72_anc_3-3,0.008461,0.000000,0.000000,0.105236
Q_ind_73_anc_3-3,0.001334,0.000000,0.000000,0.015417
Q_ind_74_anc_3-3,0.001294,0.000000,0.000000,0.016189
Q_ind_75_anc_3-3,0.000528,0.000000,0.000000,0.007049
Q_ind_76_anc_3-3,0.027106,0.000815,0.000000,0.128101
Q_ind_77_anc_3-3,0.684343,0.687670,0.588952,0.762241
Q_ind_78_anc_3-3,0.651622,0.653112,0.562642,0.733108
Q_ind_79_anc_3-3,0.617215,0.617920,0.512570,0.724286
Q_ind_80_anc_3-3,0.579024,0.579036,0.479757,0.675846
Q_ind_81_anc_3-3,0.549439,0.549148,0.449334,0.651180
Q_ind_82_anc_3-3,0.656025,0.660713,0.526419,0.758225
Q_ind_83_anc_3-3,0.668891,0.675388,0.547650,0.767356
Q_ind_84_anc_3-3,0.635404,0.637817,0.492093,0.760780
Q_ind_85_anc_3-3,0.742495,0.755109,0.590183,0.831301
Q_ind_86_anc_3-3,0.641013,0.645683,0.498582,0.763891
Q_ind_87_anc_3-3,0.704236,0.698756,0.521620,0.850400
Q_ind_88_anc_3-3,0.092082,0.012950,0.000000,0.294533
Q_ind_89_anc_3-3,0.189427,0.212402,0.000000,0.293749
Q_ind_90_anc_3-3,0.020028,0.000000,0.000000,0.161804
Q_ind_91_anc_3-3,0.023009,0.000009,0.000000,0.152511
Q_ind_92_anc_3-3,0.041213,0.000008,0.000000,0.253342
Q_ind_93_anc_3-3,0.008274,0.000000,0.000000,0.093191
Q_ind_94_anc_3-3,0.001775,0.000000,0.000000,0.022826
Q_ind_95_anc_3-3,0.011210,0.000001,0.000000,0.093268
Q_ind_96_anc_3-3,0.000443,0.000000,0.000000,0.005112
Q_ind_97_anc_3-3,0.000385,0.000000,0.000000,0.005105
Q_ind_98_anc_3-3,0.000412,0.000000,0.000000,0.005133
Q_ind_99_anc_3-3,0.000344,0.000000,0.000000,0.004265
Q_ind_100_anc_3-3,0.000369,0.000000,0.000000,0.004710
Q_ind_101_anc_3-3,0.000254,0.000000,0.000000,0.002988
Q_ind_102_anc_3-3,0.000130,0.000000,0.000000,0.001602
Q_ind_103_anc_3-3,0.000454,0.000000,0.000000,0.005387
Q_ind_104_anc_3-3,0.000158,0.000000,0.000000,0.001816
Q_ind_105_anc_3-3,0.000223,0.000000,0.000000,0.002533
Q_ind_106_anc_3-3,0.001249,0.000000,0.000000,0.015232
Q_ind_107_anc_3-3,0.153549,0.033879,0.000000,0.418847
Q_ind_108_anc_3-3,0.374293,0.381463,0.228117,0.455155
Q_ind_109_anc_3-3,0.198038,0.227165,0.000000,0.365594
Q_ind_110_anc_3-3,0.010311,0.000000,0.000000,0.134983
Q_ind_111_anc_3-3,0.146263,0.165410,0.000000,0.339864
Q_ind_112_anc_3-3,0.028970,0.000038,0.000000,0.185742
Q_ind_113_anc_3-3,0.065675,0.000060,0.000000,0.335232
Q_ind_114_anc_3-3,0.315268,0.353184,0.048570,0.468132
Q_ind_115_anc_3-3,0.001620,0.000000,0.000000,0.020876
Q_ind_116_anc_3-3,0.000943,0.000000,0.000000,0.012265
Q_ind_117_anc_3-3,0.001463,0.000000,0.000000,0.018799
Q_ind_118_anc_3-3,0.000853,0.000000,0.000000,0.011253
Q_ind_119_anc_3-3,0.001981,0.000000,0.000000,0.023027
Q_ind_120_anc_3-3,0.000239,0.000000,0.000000,0.002816
Q_ind_121_anc_3-3,0.001348,0.000000,0.000000,0.015679
Q_ind_122_anc_3-3,0.000542,0.000000,0.000000,0.006162
Q_ind_123_anc_3-3,0.000815,0.000000,0.000000,0.010015
Q_ind_124_anc_3-3,0.000286,0.000000,0.000000,0.003295
Q_ind_125_anc_3-3,0.666941,0.660396,0.553412,0.817461
Q_ind_126_anc_3-3,0.681752,0.685746,0.556602,0.798245
Q_ind_127_anc_3-3,0.751058,0.758740,0.609534,0.851537
Q_ind_128_anc_3-3,0.661869,0.661615,0.542003,0.789228
Q_ind_129_anc_3-3,0.827445,0.833643,0.709165,0.907241
Q_ind_130_anc_3-3,0.819273,0.822544,0.736731,0.882970
Q_ind_131_anc_3-3,0.171375,0.179945,0.000000,0.303515
Q_ind_132_anc_3-3,0.001383,0.000000,0.000000,0.016469
Q_ind_133_anc_3-3,0.951624,0.963163,0.840707,0.999395
Q_ind_134_anc_3-3,0.926023,0.930365,0.839053,0.981998
Q_ind_135_anc_3-3,0.920122,0.925846,0.832525,0.983887
Q_ind_136_anc_3-3,0.920174,0.925906,0.819973,0.993372
Q_ind_137_anc_3-3,0.866906,0.870376,0.768682,0.944527
Q_ind_138_anc_3-3,0.417131,0.416939,0.301482,0.533133
Q_ind_139_anc_3-3,0.678273,0.677921,0.538804,0.813243
Q_ind_140_anc_3-3,0.856222,0.857835,0.758409,0.937865
Q_ind_141_anc_3-3,0.895816,0.899365,0.810443,0.951969
Q_ind_142_anc_3-3,0.000881,0.000000,0.000000,0.010296
Q_ind_143_anc_3-3,0.839571,0.843334,0.743051,0.917312
Q_ind_144_anc_3-3,0.901491,0.908078,0.799316,0.974621
Q_ind_145_anc_3-3,0.000551,0.000000,0.000000,0.007168
Q_ind_146_anc_3-3,0.028638,0.031678,0.000000,0.065360
Q_ind_147_anc_3-3,0.000598,0.000000,0.000000,0.007257
Q_ind_148_anc_3-3,0.020511,0.018306,0.000000,0.058534
Q_ind_149_anc_3-3,0.000400,0.000000,0.000000,0.004776
Q_ind_150_anc_3-3,0.000397,0.000000,0.000000,0.005013
Q_ind_151_anc_3-3,0.000913,0.000000,0.000000,0.010864
Q_ind_152_anc_3-3,0.000459,0.000000,0.000000,0.005909
Q_ind_153_anc_3-3,0.000347,0.000000,0.000000,0.004143
Q_ind_154_anc_3-3,0.000469,0.000000,0.000000,0.005914
Q_ind_155_anc_3-3,0.000337,0.000000,0.000000,0.004335
Q_ind_156_anc_3-3,0.087409,0.095627,0.000000,0.161210
Q_ind_157_anc_3-3,0.019218,0.000157,0.000000,0.095818
Q_ind_158_anc_3-3,0.021292,0.000002,0.000000,0.131997
Q_ind_159_anc_3-3,0.001161,0.000000,0.000000,0.013792
Q_ind_160_anc_3-3,0.009530,0.000000,0.000000,0.084934
Q_ind_161_anc_3-3,0.002308,0.000000,0.000000,0.024706
Q_ind_162_anc_3-3,0.007591,0.000000,0.000000,0.090383
Q_ind_163_anc_3-3,0.015265,0.000085,0.000000,0.075478
Q_ind_164_anc_3-3,0.056517,0.061689,0.000000,0.142712
Q_ind_165_anc_3-3,0.432159,0.453479,0.208156,0.539180
Q_ind_166_anc_3-3,0.356427,0.357126,0.191007,0.514942
Q_ind_167_anc_3-3,0.480376,0.486791,0.363492,0.561878
Q_ind_168_anc_3-3,0.302861,0.302375,0.153914,0.451506
Q_ind_169_anc_3-3,0.005146,0.000000,0.000000,0.064457
Q_ind_170_anc_3-3,0.982538,0.987430,0.937496,0.999893
Q_ind_171_anc_3-3,0.954106,0.959648,0.878934,0.998196
Q_ind_172_anc_3-3,0.977157,0.982084,0.923493,0.999842
Q_ind_173_anc_3-3,0.793524,0.795938,0.700225,0.872275
Q_ind_174_anc_3-3,0.989516,0.994380,0.952378,0.999964
Q_ind_175_anc_3-3,0.471660,0.457465,0.296550,0.717067
Q_ind_176_anc_3-3,0.003220,0.000000,0.000000,0.039029
Q_ind_177_anc_3-3,0.126467,0.124479,0.000000,0.323714
Q_ind_178_anc_3-3,0.398234,0.400420,0.236006,0.549248
Q_ind_179_anc_3-3,0.391417,0.397180,0.184152,0.577255
Q_ind_180_anc_3-3,0.517420,0.520220,0.430895,0.595123
Q_ind_181_anc_3-3,0.108043,0.094949,0.000000,0.380112
Q_ind_182_anc_3-3,0.242789,0.240722,0.140524,0.353296
Q_ind_183_anc_3-3,0.312474,0.304918,0.185118,0.472029
Q_ind_184_anc_3-3,0.087335,0.085533,0.000000,0.233182
Q_ind_185_anc_3-3,0.270383,0.273782,0.000000,0.505630
Q_ind_186_anc_3-3,0.304509,0.305793,0.195164,0.415306
Q_ind_187_anc_3-3,0.266589,0.266357,0.134700,0.400504
Q_ind_188_anc_3-3,0.007314,0.000000,0.000000,0.099351
Q_ind_189_anc_3-3,0.449854,0.455202,0.338037,0.521609
Q_ind_190_anc_3-3,0.003492,0.000000,0.000000,0.035262
Q_ind_191_anc_3-3,0.409795,0.433822,0.225607,0.513098
Q_ind_192_anc_3-3,0.000311,0.000000,0.000000,0.003451
Q_ind_193_anc_3-3,0.009043,0.000001,0.000000,0.061565
Q_ind_194_anc_3-3,0.000131,0.000000,0.000000,0.001348
Q_ind_195_anc_3-3,0.000649,0.000000,0.000000,0.007716
Q_ind_196_anc_3-3,0.000163,0.000000,0.000000,0.001789
Q_ind_197_anc_3-3,0.000142,0.000000,0.000000,0.001682
Q_ind_198_anc_3-3,0.000137,0.000000,0.000000,0.001645
Q_ind_199_anc_3-3,0.001129,0.000000,0.000000,0.013552
Q_ind_200_anc_3-3,0.000179,0.000000,0.000000,0.001997
Q_ind_201_anc_3-3,0.000664,0.000000,0.000000,0.006757
Q_ind_202_anc_3-3,0.000598,0.000000,0.000000,0.007489
Q_ind_203_anc_3-3,0.045897,0.025925,0.000000,0.149560
Q_ind_204_anc_3-3,0.075968,0.072939,0.000000,0.199392
Q_ind_205_anc_3-3,0.027364,0.000001,0.000000,0.176628
Q_ind_206_anc_3-3,0.034083,0.000337,0.000000,0.136926
Q_ind_207_anc_3-3,0.059824,0.045836,0.000000,0.175890
Q_ind_208_anc_3-3,0.000512,0.000000,0.000000,0.006593
Q_ind_209_anc_3-3,0.010605,0.000000,0.000000,0.105598
Q_ind_210_anc_3-3,0.015449,0.000004,0.000000,0.100243
Q_ind_211_anc_3-3,0.016991,0.000001,0.000000,0.133593
Q_ind_212_anc_3-3,0.000938,0.000000,0.000000,0.009828
Q_ind_213_anc_3-3,0.741748,0.756483,0.571582,0.855074
Q_ind_214_anc_3-3,0.751693,0.763341,0.605754,0.857763
Q_ind_215_anc_3-3,0.613260,0.616846,0.441932,0.768216
Q_ind_216_anc_3-3,0.745638,0.750683,0.638333,0.829956
Q_ind_217_anc_3-3,0.693767,0.695055,0.554098,0.825466
Q_ind_218_anc_3-3,0.467046,0.474899,0.298306,0.623120
Q_ind_219_anc_3-3,0.709712,0.717251,0.543390,0.823162
Q_ind_220_anc_3-3,0.758094,0.767314,0.630368,0.845320
Q_ind_221_anc_3-3,0.581068,0.575298,0.427254,0.725630
Q_ind_222_anc_3-3,0.712950,0.719976,0.575637,0.812636
Q_ind_223_anc_3-3,0.000772,0.000000,0.000000,0.008028
Q_ind_224_anc_3-3,0.001002,0.000000,0.000000,0.011688
Q_ind_225_anc_3-3,0.005443,0.000000,0.000000,0.047963
Q_ind_226_anc_3-3,0.000748,0.000000,0.000000,0.008621
Q_ind_227_anc_3-3,0.001190,0.000000,0.000000,0.011654
Q_ind_228_anc_3-3,0.023100,0.000183,0.000000,0.107027
Q_ind_229_anc_3-3,0.002221,0.000000,0.000000,0.030745
Q_ind_230_anc_3-3,0.076143,0.084043,0.000000,0.153551
Q_ind_231_anc_3-3,0.000478,0.000000,0.000000,0.004906
Q_ind_232_anc_3-3,0.014416,0.000000,0.000000,0.126086
Q_ind_233_anc_3-3,0.031211,0.000016,0.000000,0.141789
Q_ind_234_anc_3-3,0.000445,0.000000,0.000000,0.005103
Q_ind_235_anc_3-3,0.004009,0.000000,0.000000,0.043057
Q_ind_236_anc_3-3,0.011550,0.000016,0.000000,0.070072
Q_ind_237_anc_3-3,0.000560,0.000000,0.000000,0.007168
Q_ind_238_anc_3-3,0.000441,0.000000,0.000000,0.005408
Q_ind_239_anc_3-3,0.001103,0.000000,0.000000,0.013684
Q_ind_240_anc_3-3,0.000470,0.000000,0.000000,0.005665
Q_ind_241_anc_3-3,0.001142,0.000000,0.000000,0.014885
Q_ind_242_anc_3-3,0.001856,0.000000,0.000000,0.021528
Q_ind_243_anc_3-3,0.000253,0.000000,0.000000,0.002990
Q_ind_244_anc_3-3,0.010047,0.000002,0.000000,0.068311
Q_ind_245_anc_3-3,0.000238,0.000000,0.000000,0.002526
Q_ind_1_anc_4-1,0.000274,0.000000,0.000000,0.003000
Q_ind_2_anc_4-1,0.000479,0.000000,0.000000,0.005321
Q_ind_3_anc_4-1,0.000323,0.000000,0.000000,0.003577
Q_ind_4_anc_4-1,0.000719,0.000000,0.000000,0.008082
Q_ind_5_anc_4-1,0.012575,0.000002,0.000000,0.077142
Q_ind_6_anc_4-1,0.002571,0.000000,0.000000,0.025987
Q_ind_7_anc_4-1,0.000330,0.000000,0.000000,0.003625
Q_ind_8_anc_4-1,0.000699,0.000000,0.000000,0.008101
Q_ind_9_anc_4-1,0.000595,0.000000,0.000000,0.007016
Q_ind_10_anc_4-1,0.000288,0.000000,0.000000,0.003559
Q_ind_11_anc_4-1,0.001167,0.000000,0.000000,0.014236
Q_ind_12_anc_4-1,0.001355,0.000000,0.000000,0.017184
Q_ind_13_anc_4-1,0.004767,0.000000,0.000000,0.050227
Q_ind_14_anc_4-1,0.012944,0.000000,0.000000,0.132850
Q_ind_15_anc_4-1,0.003512,0.000000,0.000000,0.041539
Q_ind_16_anc_4-1,0.069706,0.077875,0.000000,0.147306
Q_ind_17_anc_4-1,0.022913,0.000718,0.000000,0.093041
Q_ind_18_anc_4-1,0.006049,0.000000,0.000000,0.061976
Q_ind_19_anc_4-1,0.009004,0.000000,0.000000,0.083915
Q_ind_20_anc_4-1,0.073084,0.083111,0.000000,0.164182
Q_ind_21_anc_4-1,0.016259,0.000134,0.000000,0.076170
Q_ind_22_anc_4-1,0.007511,0.000001,0.000000,0.056486
Q_ind_23_anc_4-1,0.002317,0.000000,0.000000,0.027661
Q_ind_24_anc_4-1,0.009835,0.000000,0.000000,0.089244
Q_ind_25_anc_4-1,0.003849,0.000000,0.000000,0.035237
Q_ind_26_anc_4-1,0.001015,0.000000,0.000000,0.014570
Q_ind_27_anc_4-1,0.002031,0.000000,0.000000,0.027078
Q_ind_28_anc_4-1,0.003749,0.000000,0.000000,0.035362
Q_ind_29_anc_4-1,0.006039,0.000000,0.000000,0.055539
Q_ind_30_anc_4-1,0.002070,0.000000,0.000000,0.028949
Q_ind_31_anc_4-1,0.001059,0.000000,0.000000,0.013071
Q_ind_32_anc_4-1,0.007746,0.000000,0.000000,0.074662
Q_ind_33_anc_4-1,0.000482,0.000000,0.000000,0.005628
Q_ind_34_anc_4-1,0.005429,0.000000,0.000000,0.051982
Q_ind_35_anc_4-1,0.010487,0.000008,0.000000,0.061787
Q_ind_36_anc_4-1,0.001650,0.000000,0.000000,0.019392
Q_ind_37_anc_4-1,0.002040,0.000000,0.000000,0.022200
Q_ind_38_anc_4-1,0.000669,0.000000,0.000000,0.008582
Q_ind_39_anc_4-1,0.000712,0.000000,0.000000,0.008573
Q_ind_40_anc_4-1,0.027011,0.001771,0.000000,0.105199
Q_ind_41_anc_4-1,0.022283,0.000001,0.000000,0.151388
Q_ind_42_anc_4-1,0.000829,0.000000,0.000000,0.009597
Q_ind_43_anc_4-1,0.000792,0.000000,0.000000,0.009972
Q_ind_44_anc_4-1,0.001184,0.000000,0.000000,0.013743
Q_ind_45_anc_4-1,0.002169,0.000000,0.000000,0.025895
Q_ind_46_anc_4-1,0.000465,0.000000,0.000000,0.005084
Q_ind_47_anc_4-1,0.004506,0.000000,0.000000,0.041072
Q_ind_48_anc_4-1,0.004113,0.000000,0.000000,0.044555
Q_ind_49_anc_4-1,0.000480,0.000000,0.000000,0.005746
Q_ind_50_anc_4-1,0.000229,0.000000,0.000000,0.002820
Q_ind_51_anc_4-1,0.004222,0.000000,0.000000,0.039898
Q_ind_52_anc_4-1,0.001596,0.000000,0.000000,0.020629
Q_ind_53_anc_4-1,0.001104,0.000000,0.000000,0.013432
Q_ind_54_anc_4-1,0.000616,0.000000,0.000000,0.007487
Q_ind_55_anc_4-1,0.001088,0.000000,0.000000,0.014364
Q_ind_56_anc_4-1,0.003172,0.000000,0.000000,0.033622
Q_ind_57_anc_4-1,0.216442,0.221602,0.119509,0.283444
Q_ind_58_anc_4-1,0.001760,0.000000,0.000000,0.022259
Q_ind_59_anc_4-1,0.015518,0.000654,0.000000,0.073208
Q_ind_60_anc_4-1,0.001132,0.000000,0.000000,0.013255
Q_ind_61_anc_4-1,0.011306,0.000023,0.000000,0.065931
Q_ind_62_anc_4-1,0.002649,0.000000,0.000000,0.029169
Q_ind_63_anc_4-1,0.000227,0.000000,0.000000,0.002442
Q_ind_64_anc_4-1,0.000167,0.000000,0.000000,0.001769
Q_ind_65_anc_4-1,0.000229,0.000000,0.000000,0.002795
Q_ind_66_anc_4-1,0.000219,0.000000,0.000000,0.002373
Q_ind_67_anc_4-1,0.000160,0.000000,0.000000,0.001898
Q_ind_68_anc_4-1,0.000924,0.000000,0.000000,0.010519
Q_ind_69_anc_4-1,0.000704,0.000000,0.000000,0.008190
Q_ind_70_anc_4-1,0.000348,0.000000,0.000000,0.003955
Q_ind_71_anc_4-1,0.001117,0.000000,0.000000,0.013873
Q_ind_72_anc_4-1,0.002478,0.000000,0.000000,0.026108
Q_ind_73_anc_4-1,0.001962,0.000000,0.000000,0.023768
Q_ind_74_anc_4-1,0.022467,0.000178,0.000000,0.098622
Q_ind_75_anc_4-1,0.000615,0.000000,0.000000,0.007116
Q_ind_76_anc_4-1,0.000985,0.000000,0.000000,0.011582
Q_ind_77_anc_4-1,0.000378,0.000000,0.000000,0.004214
Q_ind_78_anc_4-1,0.000422,0.000000,0.000000,0.004332
Q_ind_79_anc_4-1,0.000824,0.000000,0.000000,0.009266
Q_ind_80_anc_4-1,0.000453,0.000000,0.000000,0.005014
Q_ind_81_anc_4-1,0.003021,0.000000,0.000000,0.034728
Q_ind_82_anc_4-1,0.001026,0.000000,0.000000,0.013378
Q_ind_83_anc_4-1,0.000643,0.000000,0.000000,0.006929
Q_ind_84_anc_4-1,0.000418,0.000000,0.000000,0.005003
Q_ind_85_anc_4-1,0.000495,0.000000,0.000000,0.005276
Q_ind_86_anc_4-1,0.000652,0.000000,0.000000,0.007823
Q_ind_87_anc_4-1,0.001475,0.000000,0.000000,0.015693
Q_ind_88_anc_4-1,0.006730,0.000000,0.000000,0.075631
Q_ind_89_anc_4-1,0.222347,0.223430,0.100736,0.346971
Q_ind_90_anc_4-1,0.198901,0.217828,0.000000,0.355901
Q_ind_91_anc_4-1,0.055772,0.037174,0.000000,0.198236
Q_ind_92_anc_4-1,0.173960,0.175402,0.000000,0.398335
Q_ind_93_anc_4-1,0.049532,0.011208,0.000000,0.202685
Q_ind_94_anc_4-1,0.082970,0.000500,0.000000,0.343128
Q_ind_95_anc_4-1,0.040834,0.008967,0.000000,0.186712
Q_ind_96_anc_4-1,0.000996,0.000000,0.000000,0.012968
Q_ind_97_anc_4-1,0.000947,0.000000,0.000000,0.011302
Q_ind_98_anc_4-1,0.000318,0.000000,0.000000,0.003329
Q_ind_99_anc_4-1,0.236363,0.236360,0.174797,0.294115
Q_ind_100_anc_4-1,0.000832,0.000000,0.000000,0.010149
Q_ind_101_anc_4-1,0.000554,0.000000,0.000000,0.006257
Q_ind_102_anc_4-1,0.000335,0.000000,0.000000,0.003953
Q_ind_103_anc_4-1,0.000372,0.000000,0.000000,0.004451
Q_ind_104_anc_4-1,0.000195,0.000000,0.000000,0.002271
Q_ind_105_anc_4-1,0.118924,0.119118,0.063935,0.170742
Q_ind_106_anc_4-1,0.005160,0.000000,0.000000,0.041723
Q_ind_107_anc_4-1,0.000559,0.000000,0.000000,0.005961
Q_ind_108_anc_4-1,0.001666,0.000000,0.000000,0.022687
Q_ind_109_anc_4-1,0.000882,0.000000,0.000000,0.011024
Q_ind_110_anc_4-1,0.000914,0.000000,0.000000,0.011753
Q_ind_111_anc_4-1,0.001691,0.000000,0.000000,0.021672
Q_ind_112_anc_4-1,0.001085,0.000000,0.000000,0.013804
Q_ind_113_anc_4-1,0.001765,0.000000,0.000000,0.020569
Q_ind_114_anc_4-1,0.004908,0.000000,0.000000,0.043990
Q_ind_115_anc_4-1,0.004172,0.000000,0.000000,0.040247
Q_ind_116_anc_4-1,0.000573,0.000000,0.000000,0.006075
Q_ind_117_anc_4-1,0.000392,0.000000,0.000000,0.005014
Q_ind_118_anc_4-1,0.000751,0.000000,0.000000,0.008904
Q_ind_119_anc_4-1,0.001612,0.000000,0.000000,0.019851
Q_ind_120_anc_4-1,0.000424,0.000000,0.000000,0.005151
Q_ind_121_anc_4-1,0.004470,0.000000,0.000000,0.038685
Q_ind_122_anc_4-1,0.000938,0.000000,0.000000,0.010449
Q_ind_123_anc_4-1,0.001128,0.000000,0.000000,0.013698
Q_ind_124_anc_4-1,0.088272,0.088008,0.036559,0.142108
Q_ind_125_anc_4-1,0.001192,0.000000,0.000000,0.014614
Q_ind_126_anc_4-1,0.002781,0.000000,0.000000,0.035082
Q_ind_127_anc_4-1,0.005836,0.000000,0.000000,0.077801
Q_ind_128_anc_4-1,0.012582,0.000002,0.000000,0.084873
Q_ind_129_anc_4-1,0.001556,0.000000,0.000000,0.020742
Q_ind_130_anc_4-1,0.003711,0.000000,0.000000,0.038971
Q_ind_131_anc_4-1,0.001762,0.000000,0.000000,0.020627
Q_ind_132_anc_4-1,0.001267,0.000000,0.000000,0.016030
Q_ind_133_anc_4-1,0.000873,0.000000,0.000000,0.010578
Q_ind_134_anc_4-1,0.000979,0.000000,0.000000,0.012369
Q_ind_135_anc_4-1,0.000472,0.000000,0.000000,0.005489
Q_ind_136_anc_4-1,0.001089,0.000000,0.000000,0.012707
Q_ind_137_anc_4-1,0.000458,0.000000,0.000000,0.005733
Q_ind_138_anc_4-1,0.001377,0.000000,0.000000,0.016969
Q_ind_139_anc_4-1,0.001721,0.000000,0.000000,0.020938
Q_ind_140_anc_4-1,0.000846,0.000000,0.000000,0.011136
Q_ind_141_anc_4-1,0.000514,0.000000,0.000000,0.006396
Q_ind_142_anc_4-1,0.000887,0.000000,0.000000,0.010154
Q_ind_143_anc_4-1,0.000513,0.000000,0.000000,0.006640
Q_ind_144_anc_4-1,0.000379,0.000000,0.000000,0.003873
Q_ind_145_anc_4-1,0.000306,0.000000,0.000000,0.003326
Q_ind_146_anc_4-1,0.001027,0.000000,0.000000,0.013089
Q_ind_147_anc_4-1,0.000313,0.000000,0.000000,0.003662
Q_ind_148_anc_4-1,0.001063,0.000000,0.000000,0.013136
Q_ind_149_anc_4-1,0.119673,0.119194,0.066418,0.175172
Q_ind_150_anc_4-1,0.000260,0.000000,0.000000,0.002892
Q_ind_151_anc_4-1,0.000344,0.000000,0.000000,0.003795
Q_ind_152_anc_4-1,0.000285,0.000000,0.000000,0.003469
Q_ind_153_anc_4-1,0.000256,0.000000,0.000000,0.003194
Q_ind_154_anc_4-1,0.001186,0.000000,0.000000,0.015479
Q_ind_155_anc_4-1,0.135730,0.137916,0.042379,0.199954
Q_ind_156_anc_4-1,0.000704,0.000000,0.000000,0.009226
Q_ind_157_anc_4-1,0.002546,0.000000,0.000000,0.029059
Q_ind_158_anc_4-1,0.000635,0.000000,0.000000,0.007360
Q_ind_159_anc_4-1,0.000549,0.000000,0.000000,0.006099
Q_ind_160_anc_4-1,0.000586,0.000000,0.000000,0.006745
Q_ind_161_anc_4-1,0.000595,0.000000,0.000000,0.008067
Q_ind_162_anc_4-1,0.000445,0.000000,0.000000,0.005193
Q_ind_163_anc_4-1,0.000388,0.000000,0.000000,0.004213
Q_ind_164_anc_4-1,0.001200,0.000000,0.000000,0.015672
Q_ind_165_anc_4-1,0.002063,0.000000,0.000000,0.023878
Q_ind_166_anc_4-1,0.001424,0.000000,0.000000,0.017266
Q_ind_167_anc_4-1,0.000713,0.000000,0.000000,0.008450
Q_ind_168_anc_4-1,0.006696,0.000000,0.000000,0.057371
Q_ind_169_anc_4-1,0.000593,0.000000,0.000000,0.006932
Q_ind_170_anc_4-1,0.000430,0.000000,0.000000,0.005429
Q_ind_171_anc_4-1,0.001956,0.000000,0.000000,0.020711
Q_ind_172_anc_4-1,0.000387,0.000000,0.000000,0.004190
Q_ind_173_anc_4-1,0.000601,0.000000,0.000000,0.007074
Q_ind_174_anc_4-1,0.000947,0.000000,0.000000,0.011996
Q_ind_175_anc_4-1,0.002085,0.000000,0.000000,0.025002
Q_ind_176_anc_4-1,0.019204,0.000017,0.000000,0.094384
Q_ind_177_anc_4-1,0.000439,0.000000,0.000000,0.005054
Q_ind_178_anc_4-1,0.000601,0.000000,0.000000,0.007580
Q_ind_179_anc_4-1,0.000605,0.000000,0.000000,0.007253
Q_ind_180_anc_4-1,0.000622,0.000000,0.000000,0.006270
Q_ind_181_anc_4-1,0.027281,0.000257,0.000000,0.121357
Q_ind_182_anc_4-1,0.000589,0.000000,0.000000,0.007466
Q_ind_183_anc_4-1,0.000541,0.000000,0.000000,0.006635
Q_ind_184_anc_4-1,0.002672,0.000000,0.000000,0.030167
Q_ind_185_anc_4-1,0.000425,0.000000,0.000000,0.005372
Q_ind_186_anc_4-1,0.000513,0.000000,0.000000,0.006429
Q_ind_187_anc_4-1,0.000360,0.000000,0.000000,0.004469
Q_ind_188_anc_4-1,0.000321,0.000000,0.000000,0.003345
Q_ind_189_anc_4-1,0.000220,0.000000,0.000000,0.002736
Q_ind_190_anc_4-1,0.001860,0.000000,0.000000,0.023538
Q_ind_191_anc_4-1,0.000457,0.000000,0.000000,0.005232
Q_ind_192_anc_4-1,0.001094,0.000000,0.000000,0.014503
Q_ind_193_anc_4-1,0.001086,0.000000,0.000000,0.012755
Q_ind_194_anc_4-1,0.000085,0.000000,0.000000,0.000954
Q_ind_195_anc_4-1,0.000538,0.000000,0.000000,0.006207
Q_ind_196_anc_4-1,0.000143,0.000000,0.000000,0.001543
Q_ind_197_anc_4-1,0.000132,0.000000,0.000000,0.001417
Q_ind_198_anc_4-1,0.000081,0.000000,0.000000,0.000965
Q_ind_199_anc_4-1,0.000396,0.000000,0.000000,0.004962
Q_ind_200_anc_4-1,0.000124,0.000000,0.000000,0.001496
Q_ind_201_anc_4-1,0.001146,0.000000,0.000000,0.013754
Q_ind_202_anc_4-1,0.000317,0.000000,0.000000,0.003399
Q_ind_203_anc_4-1,0.001518,0.000000,0.000000,0.018332
Q_ind_204_anc_4-1,0.005769,0.000001,0.000000,0.045963
Q_ind_205_anc_4-1,0.003574,0.000000,0.000000,0.036384
Q_ind_206_anc_4-1,0.017269,0.000276,0.000000,0.075467
Q_ind_207_anc_4-1,0.020382,0.000022,0.000000,0.101740
Q_ind_208_anc_4-1,0.003146,0.000000,0.000000,0.036234
Q_ind_209_anc_4-1,0.000689,0.000000,0.000000,0.008109
Q_ind_210_anc_4-1,0.001623,0.000000,0.000000,0.020325
Q_ind_211_anc_4-1,0.004324,0.000000,0.000000,0.043442
Q_ind_212_anc_4-1,0.027110,0.000011,0.000000,0.147319
Q_ind_213_anc_4-1,0.007997,0.000000,0.000000,0.067317
Q_ind_214_anc_4-1,0.010619,0.000001,0.000000,0.075735
Q_ind_215_anc_4-1,0.004123,0.000000,0.000000,0.045781
Q_ind_216_anc_4-1,0.002767,0.000000,0.000000,0.030822
Q_ind_217_anc_4-1,0.000442,0.000000,0.000000,0.005623
Q_ind_218_anc_4-1,0.000769,0.000000,0.000000,0.008641
Q_ind_219_anc_4-1,0.010634,0.000002,0.000000,0.076090
Q_ind_220_anc_4-1,0.012057,0.000000,0.000000,0.106049
Q_ind_221_anc_4-1,0.043364,0.000040,0.000000,0.183225
Q_ind_222_anc_4-1,0.001822,0.000000,0.000000,0.024821
Q_ind_223_anc_4-1,0.050402,0.004480,0.000000,0.150303
Q_ind_224_anc_4-1,0.000732,0.000000,0.000000,0.008789
Q_ind_225_anc_4-1,0.021443,0.000000,0.000000,0.169845
Q_ind_226_anc_4-1,0.087636,0.104120,0.000000,0.210457
Q_ind_227_anc_4-1,0.001407,0.000000,0.000000,0.018709
Q_ind_228_anc_4-1,0.080469,0.091147,0.000000,0.163151
Q_ind_229_anc_4-1,0.030140,0.000591,0.000000,0.132263
Q_ind_230_anc_4-1,0.012192,0.000001,0.000000,0.096177
Q_ind_231_anc_4-1,0.000935,0.000000,0.000000,0.011379
Q_ind_232_anc_4-1,0.007086,0.000000,0.000000,0.061245
Q_ind_233_anc_4-1,0.137433,0.137393,0.087062,0.185004
Q_ind_234_anc_4-1,0.001276,0.000000,0.000000,0.014011
Q_ind_235_anc_4-1,0.000526,0.000000,0.000000,0.005764
Q_ind_236_anc_4-1,0.000354,0.000000,0.000000,0.004091
Q_ind_237_anc_4-1,0.000350,0.000000,0.000000,0.004528
Q_ind_238_anc_4-1,0.000244,0.000000,0.000000,0.002949
Q_ind_239_anc_4-1,0.000598,0.000000,0.000000,0.006690
Q_ind_240_anc_4-1,0.000578,0.000000,0.000000,0.006435
Q_ind_241_anc_4-1,0.000680,0.000000,0.000000,0.006476
Q_ind_242_anc_4-1,0.001703,0.000000,0.000000,0.020475
Q_ind_243_anc_4-1,0.000330,0.000000,0.000000,0.004003
Q_ind_244_anc_4-1,0.000863,0.000000,0.000000,0.010231
Q_ind_245_anc_4-1,0.000283,0.000000,0.000000,0.003623
Q_ind_1_anc_4-2,0.000248,0.000000,0.000000,0.002861
Q_ind_2_anc_4-2,0.000236,0.000000,0.000000,0.002693
Q_ind_3_anc_4-2,0.000362,0.000000,0.000000,0.004437
Q_ind_4_anc_4-2,0.000443,0.000000,0.000000,0.005551
Q_ind_5_anc_4-2,0.000240,0.000000,0.000000,0.002743
Q_ind_6_anc_4-2,0.000463,0.000000,0.000000,0.005389
Q_ind_7_anc_4-2,0.000184,0.000000,0.000000,0.002389
Q_ind_8_anc_4-2,0.000326,0.000000,0.000000,0.003990
Q_ind_9_anc_4-2,0.000324,0.000000,0.000000,0.003830
Q_ind_10_anc_4-2,0.000148,0.000000,0.000000,0.001448
Q_ind_11_anc_4-2,0.000843,0.000000,0.000000,0.010283
Q_ind_12_anc_4-2,0.000660,0.000000,0.000000,0.008340
Q_ind_13_anc_4-2,0.039129,0.000180,0.000000,0.175079
Q_ind_14_anc_4-2,0.084626,0.062488,0.000000,0.256624
Q_ind_15_anc_4-2,0.020926,0.000001,0.000000,0.174787
Q_ind_16_anc_4-2,0.051183,0.042495,0.000000,0.156705
Q_ind_17_anc_4-2,0.071541,0.061595,0.000000,0.200996
Q_ind_18_anc_4-2,0.077627,0.077415,0.000000,0.203800
Q_ind_19_anc_4-2,0.074776,0.067175,0.000000,0.217604
Q_ind_20_anc_4-2,0.013636,0.000002,0.000000,0.097775
Q_ind_21_anc_4-2,0.003619,0.000000,0.000000,0.041884
Q_ind_22_anc_4-2,0.001592,0.000000,0.000000,0.019525
Q_ind_23_anc_4-2,0.000404,0.000000,0.000000,0.004780
Q_ind_24_anc_4-2,0.001056,0.000000,0.000000,0.012383
Q_ind_25_anc_4-2,0.001302,0.000000,0.000000,0.016466
Q_ind_26_anc_4-2,0.000428,0.000000,0.000000,0.005401
Q_ind_27_anc_4-2,0.002453,0.000000,0.000000,0.029290
Q_ind_28_anc_4-2,0.000541,0.000000,0.000000,0.006771
Q_ind_29_anc_4-2,0.002039,0.000000,0.000000,0.024933
Q_ind_30_anc_4-2,0.001159,0.000000,0.000000,0.014370
Q_ind_31_anc_4-2,0.000789,0.000000,0.000000,0.010587
Q_ind_32_anc_4-2,0.001149,0.000000,0.000000,0.014478
Q_ind_33_anc_4-2,0.001542,0.000000,0.000000,0.019011
Q_ind_34_anc_4-2,0.016204,0.000022,0.000000,0.086838
Q_ind_35_anc_4-2,0.004656,0.000000,0.000000,0.063608
Q_ind_36_anc_4-2,0.003787,0.000000,0.000000,0.044130
Q_ind_37_anc_4-2,0.008467,0.000000,0.000000,0.076300
Q_ind_38_anc_4-2,0.001415,0.000000,0.000000,0.018814
Q_ind_39_anc_4-2,0.001510,0.000000,0.000000,0.017880
Q_ind_40_anc_4-2,0.007259,0.000000,0.000000,0.080841
Q_ind_41_anc_4-2,0.001042,0.000000,0.000000,0.013318
Q_ind_42_anc_4-2,0.307297,0.305230,0.150087,0.466486
Q_ind_43_anc_4-2,0.345769,0.326184,0.150877,0.624988
Q_ind_44_anc_4-2,0.330340,0.326549,0.146109,0.549817
Q_ind_45_anc_4-2,0.244213,0.240889,0.075112,0.419676
Q_ind_46_anc_4-2,0.327887,0.322058,0.174167,0.515325
Q_ind_47_anc_4-2,0.195415,0.204460,0.000000,0.390017
Q_ind_48_anc_4-2,0.382550,0.363157,0.154112,0.637237
Q_ind_49_anc_4-2,0.015035,0.000001,0.000000,0.131530
Q_ind_50_anc_4-2,0.313608,0.315311,0.127990,0.472542
Q_ind_51_anc_4-2,0.642821,0.642756,0.546897,0.743531
Q_ind_52_anc_4-2,0.554382,0.554295,0.458082,0.652174
Q_ind_53_anc_4-2,0.517461,0.518449,0.429189,0.605785
Q_ind_54_anc_4-2,0.554059,0.553792,0.459338,0.646348
Q_ind_55_anc_4-2,0.625136,0.625711,0.532872,0.713048
Q_ind_56_anc_4-2,0.601967,0.601872,0.502021,0.701764
Q_ind_57_anc_4-2,0.231548,0.232796,0.133606,0.331871
Q_ind_58_anc_4-2,0.578824,0.582674,0.461411,0.676795
Q_ind_59_anc_4-2,0.476478,0.477980,0.359099,0.583411
Q_ind_60_anc_4-2,0.596297,0.597113,0.505625,0.687493
Q_ind_61_anc_4-2,0.550751,0.553583,0.422967,0.667366
Q_ind_62_anc_4-2,0.513900,0.516361,0.369424,0.622463
Q_ind_63_anc_4-2,0.000152,0.000000,0.000000,0.001696
Q_ind_64_anc_4-2,0.000135,0.000000,0.000000,0.001515
Q_ind_65_anc_4-2,0.000303,0.000000,0.000000,0.003660
Q_ind_66_anc_4-2,0.000227,0.000000,0.000000,0.002880
Q_ind_67_anc_4-2,0.000165,0.000000,0.000000,0.002062
Q_ind_68_anc_4-2,0.002581,0.000000,0.000000,0.033538
Q_ind_69_anc_4-2,0.012471,0.000008,0.000000,0.084553
Q_ind_70_anc_4-2,0.117049,0.116383,0.045832,0.192214
Q_ind_71_anc_4-2,0.083965,0.091501,0.000000,0.174339
Q_ind_72_anc_4-2,0.014362,0.000000,0.000000,0.126924
Q_ind_73_anc_4-2,0.015735,0.000003,0.000000,0.100684
Q_ind_74_anc_4-2,0.063375,0.064526,0.000000,0.171640
Q_ind_75_anc_4-2,0.184858,0.184250,0.110634,0.260807
Q_ind_76_anc_4-2,0.014623,0.000008,0.000000,0.091385
Q_ind_77_anc_4-2,0.000242,0.000000,0.000000,0.002957
Q_ind_78_anc_4-2,0.000248,0.000000,0.000000,0.002674
Q_ind_79_anc_4-2,0.000858,0.000000,0.000000,0.009797
Q_ind_80_anc_4-2,0.000374,0.000000,0.000000,0.004603
Q_ind_81_anc_4-2,0.001313,0.000000,0.000000,0.015567
Q_ind_82_anc_4-2,0.000512,0.000000,0.000000,0.005647
Q_ind_83_anc_4-2,0.000575,0.000000,0.000000,0.007377
Q_ind_84_anc_4-2,0.000296,0.000000,0.000000,0.003271
Q_ind_85_anc_4-2,0.000214,0.000000,0.000000,0.002497
Q_ind_86_anc_4-2,0.000679,0.000000,0.000000,0.008431
Q_ind_87_anc_4-2,0.000336,0.000000,0.000000,0.004165
Q_ind_88_anc_4-2,0.001909,0.000000,0.000000,0.020616
Q_ind_89_anc_4-2,0.002072,0.000000,0.000000,0.028290
Q_ind_90_anc_4-2,0.008518,0.000000,0.000000,0.090860
Q_ind_91_anc_4-2,0.013708,0.000001,0.000000,0.101708
Q_ind_92_anc_4-2,0.027918,0.000117,0.000000,0.146151
Q_ind_93_anc_4-2,0.053313,0.031291,0.000000,0.173896
Q_ind_94_anc_4-2,0.000582,0.000000,0.000000,0.007594
Q_ind_95_anc_4-2,0.003907,0.000000,0.000000,0.044767
Q_ind_96_anc_4-2,0.003439,0.000000,0.000000,0.037856
Q_ind_97_anc_4-2,0.001240,0.000000,0.000000,0.015473
Q_ind_98_anc_4-2,0.004626,0.000000,0.000000,0.051354
Q_ind_99_anc_4-2,0.001239,0.000000,0.000000,0.014912
Q_ind_100_anc_4-2,0.000661,0.000000,0.000000,0.008363
Q_ind_101_anc_4-2,0.000366,0.000000,0.000000,0.003820
Q_ind_102_anc_4-2,0.000290,0.000000,0.000000,0.003549
Q_ind_103_anc_4-2,0.000651,0.000000,0.000000,0.007016
Q_ind_104_anc_4-2,0.000246,0.000000,0.000000,0.002848
Q_ind_105_anc_4-2,0.057352,0.059704,0.000000,0.130408
Q_ind_106_anc_4-2,0.026911,0.001940,0.000000,0.109067
Q_ind_107_anc_4-2,0.001156,0.000000,0.000000,0.015284
Q_ind_108_anc_4-2,0.001536,0.000000,0.000000,0.017922
Q_ind_109_anc_4-2,0.003129,0.000000,0.000000,0.036253
Q_ind_110_anc_4-2,0.001462,0.000000,0.000000,0.016590
Q_ind_111_anc_4-2,0.010048,0.000002,0.000000,0.079677
Q_ind_112_anc_4-2,0.014617,0.000000,0.000000,0.150608
Q_ind_113_anc_4-2,0.002138,0.000000,0.000000,0.025587
Q_ind_114_anc_4-2,0.026682,0.000331,0.000000,0.127964
Q_ind_115_anc_4-2,0.146588,0.148217,0.045839,0.234921
Q_ind_116_anc_4-2,0.006272,0.000000,0.000000,0.060111
Q_ind_117_anc_4-2,0.004271,0.000000,0.000000,0.044343
Q_ind_118_anc_4-2,0.104553,0.113813,0.000000,0.189319
Q_ind_119_anc_4-2,0.010988,0.000002,0.000000,0.074992
Q_ind_120_anc_4-2,0.004394,0.000000,0.000000,0.041086
Q_ind_121_anc_4-2,0.002841,0.000000,0.000000,0.032151
Q_ind_122_anc_4-2,0.001011,0.000000,0.000000,0.012917
Q_ind_123_anc_4-2,0.005523,0.000000,0.000000,0.050903
Q_ind_124_anc_4-2,0.132317,0.130845,0.045914,0.225159
Q_ind_125_anc_4-2,0.000574,0.000000,0.000000,0.006978
Q_ind_126_anc_4-2,0.001854,0.000000,0.000000,0.022150
Q_ind_127_anc_4-2,0.000406,0.000000,0.000000,0.004691
Q_ind_128_anc_4-2,0.001631,0.000000,0.000000,0.020331
Q_ind_129_anc_4-2,0.000911,0.000000,0.000000,0.011341
Q_ind_130_anc_4-2,0.001579,0.000000,0.000000,0.018934
Q_ind_131_anc_4-2,0.000470,0.000000,0.000000,0.005640
Q_ind_132_anc_4-2,0.000312,0.000000,0.000000,0.003521
Q_ind_133_anc_4-2,0.002384,0.000000,0.000000,0.030755
Q_ind_134_anc_4-2,0.007741,0.000000,0.000000,0.057848
Q_ind_135_anc_4-2,0.004842,0.000000,0.000000,0.042764
Q_ind_136_anc_4-2,0.006832,0.000000,0.000000,0.061878
Q_ind_137_anc_4-2,0.002889,0.000000,0.000000,0.029172
Q_ind_138_anc_4-2,0.000607,0.000000,0.000000,0.007645
Q_ind_139_anc_4-2,0.000926,0.000000,0.000000,0.010319
Q_ind_140_anc_4-2,0.008457,0.000000,0.000000,0.075510
Q_ind_141_anc_4-2,0.001945,0.000000,0.000000,0.024472
Q_ind_142_anc_4-2,0.000449,0.000000,0.000000,0.005044
Q_ind_143_anc_4-2,0.004001,0.000000,0.000000,0.039855
Q_ind_144_anc_4-2,0.005860,0.000000,0.000000,0.056033
Q_ind_145_anc_4-2,0.000214,0.000000,0.000000,0.002490
Q_ind_146_anc_4-2,0.000598,0.000000,0.000000,0.007473
Q_ind_147_anc_4-2,0.000322,0.000000,0.000000,0.004009
Q_ind_148_anc_4-2,0.001099,0.000000,0.000000,0.013829
Q_ind_149_anc_4-2,0.000360,0.000000,0.000000,0.004118
Q_ind_150_anc_4-2,0.000549,0.000000,0.000000,0.006911
Q_ind_151_anc_4-2,0.000809,0.000000,0.000000,0.010865
Q_ind_152_anc_4-2,0.000666,0.000000,0.000000,0.008401
Q_ind_153_anc_4-2,0.000237,0.000000,0.000000,0.002892
Q_ind_154_anc_4-2,0.001174,0.000000,0.000000,0.013067
Q_ind_155_anc_4-2,0.000819,0.000000,0.000000,0.009985
Q_ind_156_anc_4-2,0.000414,0.000000,0.000000,0.005095
Q_ind_157_anc_4-2,0.000831,0.000000,0.000000,0.010332
Q_ind_158_anc_4-2,0.000429,0.000000,0.000000,0.005619
Q_ind_159_anc_4-2,0.000187,0.000000,0.000000,0.002330
Q_ind_160_anc_4-2,0.000175,0.000000,0.000000,0.001990
Q_ind_161_anc_4-2,0.000453,0.000000,0.000000,0.005767
Q_ind_162_anc_4-2,0.000353,0.000000,0.000000,0.004241
Q_ind_163_anc_4-2,0.000157,0.000000,0.000000,0.001799
Q_ind_164_anc_4-2,0.000309,0.000000,0.000000,0.003679
Q_ind_165_anc_4-2,0.000842,0.000000,0.000000,0.010975
Q_ind_166_anc_4-2,0.001816,0.000000,0.000000,0.023061
Q_ind_167_anc_4-2,0.001119,0.000000,0.000000,0.015043
Q_ind_168_anc_4-2,0.000581,0.000000,0.000000,0.007240
Q_ind_169_anc_4-2,0.000569,0.000000,0.000000,0.006594
Q_ind_170_anc_4-2,0.001245,0.000000,0.000000,0.015445
Q_ind_171_anc_4-2,0.000748,0.000000,0.000000,0.008989
Q_ind_172_anc_4-2,0.007408,0.000011,0.000000,0.045137
Q_ind_173_anc_4-2,0.004548,0.000000,0.000000,0.060939
Q_ind_174_anc_4-2,0.000795,0.000000,0.000000,0.009659
Q_ind_175_anc_4-2,0.000618,0.000000,0.000000,0.007390
Q_ind_176_anc_4-2,0.005585,0.000000,0.000000,0.059702
Q_ind_177_anc_4-2,0.000262,0.000000,0.000000,0.002969
Q_ind_178_anc_4-2,0.000247,0.000000,0.000000,0.002827
Q_ind_179_anc_4-2,0.000227,0.000000,0.000000,0.002599
Q_ind_180_anc_4-2,0.000149,0.000000,0.000000,0.001661
Q_ind_181_anc_4-2,0.003186,0.000000,0.000000,0.042116
Q_ind_182_anc_4-2,0.000317,0.000000,0.000000,0.003688
Q_ind_183_anc_4-2,0.000228,0.000000,0.000000,0.002525
Q_ind_184_anc_4-2,0.000908,0.000000,0.000000,0.012017
Q_ind_185_anc_4-2,0.001386,0.000000,0.000000,0.015398
Q_ind_186_anc_4-2,0.014799,0.000008,0.000000,0.093104
Q_ind_187_anc_4-2,0.007398,0.000000,0.000000,0.066071
Q_ind_188_anc_4-2,0.005987,0.000000,0.000000,0.060756
Q_ind_189_anc_4-2,0.001611,0.000000,0.000000,0.019576
Q_ind_190_anc_4-2,0.002932,0.000000,0.000000,0.035971
Q_ind_191_anc_4-2,0.001437,0.000000,0.000000,0.017143
Q_ind_192_anc_4-2,0.000637,0.000000,0.000000,0.006900
Q_ind_193_anc_4-2,0.000602,0.000000,0.000000,0.007658
Q_ind_194_anc_4-2,0.000106,0.000000,0.000000,0.001220
Q_ind_195_anc_4-2,0.000225,0.000000,0.000000,0.002517
Q_ind_196_anc_4-2,0.000138,0.000000,0.000000,0.001588
Q_ind_197_anc_4-2,0.000168,0.000000,0.000000,0.001877
Q_ind_198_anc_4-2,0.000116,0.000000,0.000000,0.001182
Q_ind_199_anc_4-2,0.000198,0.000000,0.000000,0.002334
Q_ind_200_anc_4-2,0.000137,0.000000,0.000000,0.001515
Q_ind_201_anc_4-2,0.001211,0.000000,0.000000,0.013848
Q_ind_202_anc_4-2,0.000246,0.000000,0.000000,0.002990
Q_ind_203_anc_4-2,0.001140,0.000000,0.000000,0.013758
Q_ind_204_anc_4-2,0.001435,0.000000,0.000000,0.018879
Q_ind_205_anc_4-2,0.001113,0.000000,0.000000,0.013472
Q_ind_206_anc_4-2,0.002234,0.000000,0.000000,0.022663
Q_ind_207_anc_4-2,0.014914,0.000011,0.000000,0.086585
Q_ind_208_anc_4-2,0.000305,0.000000,0.000000,0.003477
Q_ind_209_anc_4-2,0.001069,0.000000,0.000000,0.013741
Q_ind_210_anc_4-2,0.000437,0.000000,0.000000,0.004982
Q_ind_211_anc_4-2,0.001882,0.000000,0.000000,0.023312
Q_ind_212_anc_4-2,0.000703,0.000000,0.000000,0.008510
Q_ind_213_anc_4-2,0.002118,0.000000,0.000000,0.027331
Q_ind_214_anc_4-2,0.002107,0.000000,0.000000,0.024895
Q_ind_215_anc_4-2,0.001633,0.000000,0.000000,0.018578
Q_ind_216_anc_4-2,0.002640,0.000000,0.000000,0.033321
Q_ind_217_anc_4-2,0.002218,0.000000,0.000000,0.025117
Q_ind_218_anc_4-2,0.000425,0.000000,0.000000,0.004433
Q_ind_219_anc_4-2,0.003832,0.000000,0.000000,0.046952
Q_ind_220_anc_4-2,0.001099,0.000000,0.000000,0.014163
Q_ind_221_anc_4-2,0.001823,0.000000,0.000000,0.024068
Q_ind_222_anc_4-2,0.001410,0.000000,0.000000,0.020105
Q_ind_223_anc_4-2,0.000283,0.000000,0.000000,0.003188
Q_ind_224_anc_4-2,0.000380,0.000000,0.000000,0.003682
Q_ind_225_anc_4-2,0.002073,0.000000,0.000000,0.028335
Q_ind_226_anc_4-2,0.000639,0.000000,0.000000,0.007294
Q_ind_227_anc_4-2,0.044052,0.001214,0.000000,0.183730
Q_ind_228_anc_4-2,0.003636,0.000000,0.000000,0.044921
Q_ind_229_anc_4-2,0.001961,0.000000,0.000000,0.027578
Q_ind_230_anc_4-2,0.016555,0.000000,0.000000,0.138872
Q_ind_231_anc_4-2,0.000297,0.000000,0.000000,0.003741
Q_ind_232_anc_4-2,0.000897,0.000000,0.000000,0.011323
Q_ind_233_anc_4-2,0.001291,0.000000,0.000000,0.014836
Q_ind_234_anc_4-2,0.156088,0.163320,0.000000,0.238148
Q_ind_235_anc_4-2,0.115974,0.131116,0.000000,0.217008
Q_ind_236_anc_4-2,0.114716,0.124020,0.000000,0.202429
Q_ind_237_anc_4-2,0.144221,0.143983,0.064361,0.218766
Q_ind_238_anc_4-2,0.161045,0.159729,0.084352,0.242192
Q_ind_239_anc_4-2,0.176213,0.175917,0.097127,0.254633
Q_ind_240_anc_4-2,0.259052,0.258582,0.169540,0.348803
Q_ind_241_anc_4-2,0.152417,0.152200,0.074720,0.228934
Q_ind_242_anc_4-2,0.170102,0.169286,0.092721,0.254019
Q_ind_243_anc_4-2,0.218944,0.217066,0.144460,0.303539
Q_ind_244_anc_4-2,0.132046,0.141420,0.000000,0.227515
Q_ind_245_anc_4-2,0.240610,0.238800,0.162068,0.325000
Q_ind_1_anc_4-3,0.000287,0.000000,0.000000,0.003529
Q_ind_2_anc_4-3,0.000479,0.000000,0.000000,0.006072
Q_ind_3_anc_4-3,0.000383,0.000000,0.000000,0.004478
Q_ind_4_anc_4-3,0.001101,0.000000,0.000000,0.012627
Q_ind_5_anc_4-3,0.003283,0.000000,0.000000,0.038529
Q_ind_6_anc_4-3,0.001524,0.000000,0.000000,0.017837
Q_ind_7_anc_4-3,0.000264,0.000000,0.000000,0.002595
Q_ind_8_anc_4-3,0.001068,0.000000,0.000000,0.013049
Q_ind_9_anc_4-3,0.000495,0.000000,0.000000,0.005899
Q_ind_10_anc_4-3,0.000231,0.000000,0.000000,0.002905
Q_ind_11_anc_4-3,0.000781,0.000000,0.000000,0.009544
Q_ind_12_anc_4-3,0.001436,0.000000,0.000000,0.018038
Q_ind_13_anc_4-3,0.855883,0.867141,0.718685,0.937438
Q_ind_14_anc_4-3,0.763002,0.771811,0.591957,0.890332
Q_ind_15_anc_4-3,0.741671,0.743092,0.564962,0.884473
Q_ind_16_anc_4-3,0.779066,0.782978,0.641121,0.896514
Q_ind_17_anc_4-3,0.786589,0.789219,0.668708,0.889298
Q_ind_18_anc_4-3,0.832413,0.841570,0.671443,0.947421
Q_ind_19_anc_4-3,0.800744,0.805473,0.657810,0.907881
Q_ind_20_anc_4-3,0.689579,0.692074,0.582429,0.788199
Q_ind_21_anc_4-3,0.004766,0.000000,0.000000,0.063261
Q_ind_22_anc_4-3,0.003005,0.000000,0.000000,0.034889
Q_ind_23_anc_4-3,0.000469,0.000000,0.000000,0.005727
Q_ind_24_anc_4-3,0.013540,0.000001,0.000000,0.091093
Q_ind_25_anc_4-3,0.013011,0.000003,0.000000,0.084919
Q_ind_26_anc_4-3,0.000975,0.000000,0.000000,0.010583
Q_ind_27_anc_4-3,0.001232,0.000000,0.000000,0.015802
Q_ind_28_anc_4-3,0.000785,0.000000,0.000000,0.009439
Q_ind_29_anc_4-3,0.009820,0.000004,0.000000,0.076645
Q_ind_30_anc_4-3,0.001986,0.000000,0.000000,0.022433
Q_ind_31_anc_4-3,0.000942,0.000000,0.000000,0.010445
Q_ind_32_anc_4-3,0.167130,0.166492,0.036577,0.300210
Q_ind_33_anc_4-3,0.009037,0.000000,0.000000,0.130390
Q_ind_34_anc_4-3,0.015430,0.000000,0.000000,0.124557
Q_ind_35_anc_4-3,0.008006,0.000000,0.000000,0.113395
Q_ind_36_anc_4-3,0.001599,0.000000,0.000000,0.018682
Q_ind_37_anc_4-3,0.003191,0.000000,0.000000,0.046380
Q_ind_38_anc_4-3,0.001440,0.000000,0.000000,0.017501
Q_ind_39_anc_4-3,0.006203,0.000000,0.000000,0.073679
Q_ind_40_anc_4-3,0.001934,0.000000,0.000000,0.023764
Q_ind_41_anc_4-3,0.002154,0.000000,0.000000,0.026974
Q_ind_42_anc_4-3,0.001070,0.000000,0.000000,0.013334
Q_ind_43_anc_4-3,0.001408,0.000000,0.000000,0.015518
Q_ind_44_anc_4-3,0.001131,0.000000,0.000000,0.012729
Q_ind_45_anc_4-3,0.000691,0.000000,0.000000,0.008009
Q_ind_46_anc_4-3,0.000470,0.000000,0.000000,0.005725
Q_ind_47_anc_4-3,0.000900,0.000000,0.000000,0.010623
Q_ind_48_anc_4-3,0.001100,0.000000,0.000000,0.014141
Q_ind_49_anc_4-3,0.000968,0.000000,0.000000,0.012918
Q_ind_50_anc_4-3,0.000834,0.000000,0.000000,0.010544
Q_ind_51_anc_4-3,0.240342,0.242639,0.141995,0.332362
Q_ind_52_anc_4-3,0.289410,0.287556,0.198248,0.386888
Q_ind_53_anc_4-3,0.247295,0.246002,0.158747,0.341940
Q_ind_54_anc_4-3,0.263968,0.262510,0.178685,0.357244
Q_ind_55_anc_4-3,0.172575,0.170855,0.092017,0.259738
Q_ind_56_anc_4-3,0.197470,0.198271,0.099863,0.286836
Q_ind_57_anc_4-3,0.375843,0.375894,0.267723,0.482669
Q_ind_58_anc_4-3,0.197457,0.196471,0.114270,0.283634
Q_ind_59_anc_4-3,0.273091,0.273212,0.157110,0.385671
Q_ind_60_anc_4-3,0.274850,0.274937,0.176061,0.371210
Q_ind_61_anc_4-3,0.098794,0.112073,0.000000,0.244475
Q_ind_62_anc_4-3,0.212666,0.215700,0.096391,0.314769
Q_ind_63_anc_4-3,0.000194,0.000000,0.000000,0.002338
Q_ind_64_anc_4-3,0.000201,0.000000,0.000000,0.002348
Q_ind_65_anc_4-3,0.000234,0.000000,0.000000,0.002813
Q_ind_66_anc_4-3,0.000361,0.000000,0.000000,0.004320
Q_ind_67_anc_4-3,0.000152,0.000000,0.000000,0.001925
Q_ind_68_anc_4-3,0.003127,0.000000,0.000000,0.035177
Q_ind_69_anc_4-3,0.001499,0.000000,0.000000,0.017694
Q_ind_70_anc_4-3,0.000464,0.000000,0.000000,0.005304
Q_ind_71_anc_4-3,0.012339,0.000000,0.000000,0.106808
Q_ind_72_anc_4-3,0.082363,0.093441,0.000000,0.173677
Q_ind_73_anc_4-3,0.003203,0.000000,0.000000,0.041169
Q_ind_74_anc_4-3,0.001937,0.000000,0.000000,0.027478
Q_ind_75_anc_4-3,0.000697,0.000000,0.000000,0.008389
Q_ind_76_anc_4-3,0.002611,0.000000,0.000000,0.030315
Q_ind_77_anc_4-3,0.000305,0.000000,0.000000,0.003611
Q_ind_78_anc_4-3,0.000407,0.000000,0.000000,0.004550
Q_ind_79_anc_4-3,0.002292,0.000000,0.000000,0.028322
Q_ind_80_anc_4-3,0.000582,0.000000,0.000000,0.007865
Q_ind_81_anc_4-3,0.002454,0.000000,0.000000,0.026499
Q_ind_82_anc_4-3,0.000960,0.000000,0.000000,0.011468
Q_ind_83_anc_4-3,0.000951,0.000000,0.000000,0.010788
Q_ind_84_anc_4-3,0.000716,0.000000,0.000000,0.008300
Q_ind_85_anc_4-3,0.000903,0.000000,0.000000,0.011068
Q_ind_86_anc_4-3,0.000668,0.000000,0.000000,0.007134
Q_ind_87_anc_4-3,0.000705,0.000000,0.000000,0.009065
Q_ind_88_anc_4-3,0.003596,0.000000,0.000000,0.047472
Q_ind_89_anc_4-3,0.001805,0.000000,0.000000,0.020210
Q_ind_90_anc_4-3,0.037323,0.000002,0.000000,0.263061
Q_ind_91_anc_4-3,0.004210,0.000000,0.000000,0.054178
Q_ind_92_anc_4-3,0.009745,0.000000,0.000000,0.112275
Q_ind_93_anc_4-3,0.061486,0.000024,0.000000,0.305006
Q_ind_94_anc_4-3,0.013915,0.000002,0.000000,0.113321
Q_ind_95_anc_4-3,0.002038,0.000000,0.000000,0.022863
Q_ind_96_anc_4-3,0.001777,0.000000,0.000000,0.021370
Q_ind_97_anc_4-3,0.001791,0.000000,0.000000,0.021615
Q_ind_98_anc_4-3,0.908997,0.909466,0.834401,0.988885
Q_ind_99_anc_4-3,0.544762,0.544408,0.461445,0.628823
Q_ind_100_anc_4-3,0.000564,0.000000,0.000000,0.006404
Q_ind_101_anc_4-3,0.000375,0.000000,0.000000,0.004817
Q_ind_102_anc_4-3,0.000365,0.000000,0.000000,0.004003
Q_ind_103_anc_4-3,0.000708,0.000000,0.000000,0.008874
Q_ind_104_anc_4-3,0.000173,0.000000,0.000000,0.001942
Q_ind_105_anc_4-3,0.657803,0.656903,0.557386,0.757051
Q_ind_106_anc_4-3,0.037901,0.020925,0.000000,0.130377
Q_ind_107_anc_4-3,0.000882,0.000000,0.000000,0.009999
Q_ind_108_anc_4-3,0.003486,0.000000,0.000000,0.042288
Q_ind_109_anc_4-3,0.004002,0.000000,0.000000,0.048666
Q_ind_110_anc_4-3,0.007820,0.000000,0.000000,0.072190
Q_ind_111_anc_4-3,0.003812,0.000000,0.000000,0.042207
Q_ind_112_anc_4-3,0.295475,0.306464,0.099080,0.409912
Q_ind_113_anc_4-3,0.001402,0.000000,0.000000,0.015215
Q_ind_114_anc_4-3,0.010059,0.000000,0.000000,0.086758
Q_ind_115_anc_4-3,0.002797,0.000000,0.000000,0.038688
Q_ind_116_anc_4-3,0.001842,0.000000,0.000000,0.024614
Q_ind_117_anc_4-3,0.001617,0.000000,0.000000,0.023904
Q_ind_118_anc_4-3,0.018141,0.000005,0.000000,0.121568
Q_ind_119_anc_4-3,0.007569,0.000000,0.000000,0.074984
Q_ind_120_anc_4-3,0.000734,0.000000,0.000000,0.008308
Q_ind_121_anc_4-3,0.001078,0.000000,0.000000,0.014304
Q_ind_122_anc_4-3,0.001153,0.000000,0.000000,0.014692
Q_ind_123_anc_4-3,0.002694,0.000000,0.000000,0.032764
Q_ind_124_anc_4-3,0.193001,0.194880,0.077952,0.309438
Q_ind_125_anc_4-3,0.001722,0.000000,0.000000,0.020212
Q_ind_126_anc_4-3,0.009003,0.000002,0.000000,0.068759
Q_ind_127_anc_4-3,0.034316,0.003475,0.000000,0.131198
Q_ind_128_anc_4-3,0.006883,0.000000,0.000000,0.070460
Q_ind_129_anc_4-3,0.004377,0.000000,0.000000,0.041144
Q_ind_130_anc_4-3,0.007118,0.000000,0.000000,0.061282
Q_ind_131_anc_4-3,0.208545,0.207020,0.131914,0.291429
Q_ind_132_anc_4-3,0.140591,0.141296,0.069496,0.205389
Q_ind_133_anc_4-3,0.001017,0.000000,0.000000,0.011194
Q_ind_134_anc_4-3,0.008484,0.000001,0.000000,0.069570
Q_ind_135_anc_4-3,0.001136,0.000000,0.000000,0.013833
Q_ind_136_anc_4-3,0.019484,0.000105,0.000000,0.102666
Q_ind_137_anc_4-3,0.001996,0.000000,0.000000,0.024056
Q_ind_138_anc_4-3,0.005298,0.000000,0.000000,0.063608
Q_ind_139_anc_4-3,0.027510,0.005615,0.000000,0.108632
Q_ind_140_anc_4-3,0.093239,0.096287,0.000000,0.175236
Q_ind_141_anc_4-3,0.002739,0.000000,0.000000,0.028015
Q_ind_142_anc_4-3,0.327762,0.327981,0.244990,0.407149
Q_ind_143_anc_4-3,0.002350,0.000000,0.000000,0.025592
Q_ind_144_anc_4-3,0.004184,0.000000,0.000000,0.042946
Q_ind_145_anc_4-3,0.000261,0.000000,0.000000,0.003108
Q_ind_146_anc_4-3,0.005084,0.000000,0.000000,0.041584
Q_ind_147_anc_4-3,0.000711,0.000000,0.000000,0.009794
Q_ind_148_anc_4-3,0.001473,0.000000,0.000000,0.018400
Q_ind_149_anc_4-3,0.000306,0.000000,0.000000,0.003466
Q_ind_150_anc_4-3,0.000376,0.000000,0.000000,0.004198
Q_ind_151_anc_4-3,0.000293,0.000000,0.000000,0.003527
Q_ind_152_anc_4-3,0.000490,0.000000,0.000000,0.005996
Q_ind_153_anc_4-3,0.000222,0.000000,0.000000,0.002541
Q_ind_154_anc_4-3,0.001337,0.000000,0.000000,0.015826
Q_ind_155_anc_4-3,0.000935,0.000000,0.000000,0.011239
Q_ind_156_anc_4-3,0.000561,0.000000,0.000000,0.005454
Q_ind_157_anc_4-3,0.013723,0.000017,0.000000,0.072048
Q_ind_158_anc_4-3,0.000930,0.000000,0.000000,0.011295
Q_ind_159_anc_4-3,0.000466,0.000000,0.000000,0.005069
Q_ind_160_anc_4-3,0.000387,0.000000,0.000000,0.005092
Q_ind_161_anc_4-3,0.001063,0.000000,0.000000,0.011849
Q_ind_162_anc_4-3,0.000950,0.000000,0.000000,0.011568
Q_ind_163_anc_4-3,0.000371,0.000000,0.000000,0.004553
Q_ind_164_anc_4-3,0.000984,0.000000,0.000000,0.010532
Q_ind_165_anc_4-3,0.001036,0.000000,0.000000,0.011640
Q_ind_166_anc_4-3,0.000731,0.000000,0.000000,0.008177
Q_ind_167_anc_4-3,0.002123,0.000000,0.000000,0.025058
Q_ind_168_anc_4-3,0.106750,0.123428,0.000000,0.234598
Q_ind_169_anc_4-3,0.013143,0.000017,0.000000,0.075228
Q_ind_170_anc_4-3,0.002005,0.000000,0.000000,0.027102
Q_ind_171_anc_4-3,0.000981,0.000000,0.000000,0.011123
Q_ind_172_anc_4-3,0.005134,0.000000,0.000000,0.045649
Q_ind_173_anc_4-3,0.176299,0.177613,0.084494,0.259591
Q_ind_174_anc_4-3,0.003439,0.000000,0.000000,0.037550
Q_ind_175_anc_4-3,0.077803,0.079602,0.000000,0.158992
Q_ind_176_anc_4-3,0.008368,0.000000,0.000000,0.079024
Q_ind_177_anc_4-3,0.000674,0.000000,0.000000,0.008413
Q_ind_178_anc_4-3,0.000754,0.000000,0.000000,0.009637
Q_ind_179_anc_4-3,0.000526,0.000000,0.000000,0.006042
Q_ind_180_anc_4-3,0.000309,0.000000,0.000000,0.003241
Q_ind_181_anc_4-3,0.037205,0.003920,0.000000,0.136805
Q_ind_182_anc_4-3,0.000439,0.000000,0.000000,0.004744
Q_ind_183_anc_4-3,0.000611,0.000000,0.000000,0.006860
Q_ind_184_anc_4-3,0.001785,0.000000,0.000000,0.024183
Q_ind_185_anc_4-3,0.000643,0.000000,0.000000,0.007873
Q_ind_186_anc_4-3,0.012610,0.000005,0.000000,0.080896
Q_ind_187_anc_4-3,0.007238,0.000000,0.000000,0.070992
Q_ind_188_anc_4-3,0.012580,0.000001,0.000000,0.099403
Q_ind_189_anc_4-3,0.001452,0.000000,0.000000,0.020599
Q_ind_190_anc_4-3,0.008379,0.000004,0.000000,0.065725
Q_ind_191_anc_4-3,0.001930,0.000000,0.000000,0.022177
Q_ind_192_anc_4-3,0.001099,0.000000,0.000000,0.013045
Q_ind_193_anc_4-3,0.002108,0.000000,0.000000,0.024252
Q_ind_194_anc_4-3,0.000131,0.000000,0.000000,0.001400
Q_ind_195_anc_4-3,0.000260,0.000000,0.000000,0.002815
Q_ind_196_anc_4-3,0.000132,0.000000,0.000000,0.001593
Q_ind_197_anc_4-3,0.000225,0.000000,0.000000,0.002706
Q_ind_198_anc_4-3,0.000090,0.000000,0.000000,0.001068
Q_ind_199_anc_4-3,0.000398,0.000000,0.000000,0.004910
Q_ind_200_anc_4-3,0.000130,0.000000,0.000000,0.001408
Q_ind_201_anc_4-3,0.086167,0.106485,0.000000,0.169114
Q_ind_202_anc_4-3,0.000282,0.000000,0.000000,0.003423
Q_ind_203_anc_4-3,0.002652,0.000000,0.000000,0.029798
Q_ind_204_anc_4-3,0.004096,0.000000,0.000000,0.045144
Q_ind_205_anc_4-3,0.001801,0.000000,0.000000,0.022863
Q_ind_206_anc_4-3,0.004278,0.000000,0.000000,0.046805
Q_ind_207_anc_4-3,0.017307,0.000002,0.000000,0.112227
Q_ind_208_anc_4-3,0.002127,0.000000,0.000000,0.026017
Q_ind_209_anc_4-3,0.001916,0.000000,0.000000,0.022795
Q_ind_210_anc_4-3,0.000913,0.000000,0.000000,0.010239
Q_ind_211_anc_4-3,0.004140,0.000000,0.000000,0.050986
Q_ind_212_anc_4-3,0.216702,0.217539,0.110118,0.321145
Q_ind_213_anc_4-3,0.002676,0.000000,0.000000,0.030007
Q_ind_214_anc_4-3,0.023408,0.000001,0.000000,0.152063
Q_ind_215_anc_4-3,0.015056,0.000006,0.000000,0.099502
Q_ind_216_anc_4-3,0.022881,0.000038,0.000000,0.130387
Q_ind_217_anc_4-3,0.010415,0.000001,0.000000,0.078621
Q_ind_218_anc_4-3,0.177096,0.176192,0.099125,0.257926
Q_ind_219_anc_4-3,0.078124,0.086174,0.000000,0.171356
Q_ind_220_anc_4-3,0.056284,0.000216,0.000000,0.219357
Q_ind_221_anc_4-3,0.028566,0.000009,0.000000,0.188365
Q_ind_222_anc_4-3,0.057484,0.058161,0.000000,0.158640
Q_ind_223_anc_4-3,0.001229,0.000000,0.000000,0.016367
Q_ind_224_anc_4-3,0.023281,0.000037,0.000000,0.132378
Q_ind_225_anc_4-3,0.013329,0.000000,0.000000,0.122383
Q_ind_226_anc_4-3,0.001981,0.000000,0.000000,0.024928
Q_ind_227_anc_4-3,0.001262,0.000000,0.000000,0.013740
Q_ind_228_anc_4-3,0.005628,0.000000,0.000000,0.058185
Q_ind_229_anc_4-3,0.015753,0.000003,0.000000,0.103989
Q_ind_230_anc_4-3,0.021627,0.000000,0.000000,0.171550
Q_ind_231_anc_4-3,0.000646,0.000000,0.000000,0.007430
Q_ind_232_anc_4-3,0.012270,0.000000,0.000000,0.121567
Q_ind_233_anc_4-3,0.001735,0.000000,0.000000,0.023143
Q_ind_234_anc_4-3,0.000846,0.000000,0.000000,0.009714
Q_ind_235_anc_4-3,0.022020,0.000001,0.000000,0.145031
Q_ind_236_anc_4-3,0.021443,0.000004,0.000000,0.141134
Q_ind_237_anc_4-3,0.001385,0.000000,0.000000,0.016849
Q_ind_238_anc_4-3,0.001050,0.000000,0.000000,0.013291
Q_ind_239_anc_4-3,0.002167,0.000000,0.000000,0.025126
Q_ind_240_anc_4-3,0.000877,0.000000,0.000000,0.010420
Q_ind_241_anc_4-3,0.000871,0.000000,0.000000,0.008892
Q_ind_242_anc_4-3,0.001476,0.000000,0.000000,0.016945
Q_ind_243_anc_4-3,0.000325,0.000000,0.000000,0.003758
Q_ind_244_anc_4-3,0.011157,0.000000,0.000000,0.091974
Q_ind_245_anc_4-3,0.000308,0.000000,0.000000,0.003501
Q_ind_1_anc_4-4,0.000200,0.000000,0.000000,0.002508
Q_ind_2_anc_4-4,0.000169,0.000000,0.000000,0.001914
Q_ind_3_anc_4-4,0.000286,0.000000,0.000000,0.003420
Q_ind_4_anc_4-4,0.000315,0.000000,0.000000,0.003460
Q_ind_5_anc_4-4,0.000118,0.000000,0.000000,0.001310
Q_ind_6_anc_4-4,0.000238,0.000000,0.000000,0.002771
Q_ind_7_anc_4-4,0.000153,0.000000,0.000000,0.001834
Q_ind_8_anc_4-4,0.000204,0.000000,0.000000,0.002553
Q_ind_9_anc_4-4,0.000327,0.000000,0.000000,0.003718
Q_ind_10_anc_4-4,0.000168,0.000000,0.000000,0.001984
Q_ind_11_anc_4-4,0.001590,0.000000,0.000000,0.014953
Q_ind_12_anc_4-4,0.000257,0.000000,0.000000,0.002953
Q_ind_13_anc_4-4,0.001938,0.000000,0.000000,0.022461
Q_ind_14_anc_4-4,0.008310,0.000000,0.000000,0.077308
Q_ind_15_anc_4-4,0.076697,0.077390,0.000000,0.170561
Q_ind_16_anc_4-4,0.001770,0.000000,0.000000,0.019847
Q_ind_17_anc_4-4,0.004180,0.000000,0.000000,0.046554
Q_ind_18_anc_4-4,0.012110,0.000000,0.000000,0.116473
Q_ind_19_anc_4-4,0.009084,0.000002,0.000000,0.064492
Q_ind_20_anc_4-4,0.000230,0.000000,0.000000,0.002205
Q_ind_21_anc_4-4,0.002202,0.000000,0.000000,0.024639
Q_ind_22_anc_4-4,0.001193,0.000000,0.000000,0.015381
Q_ind_23_anc_4-4,0.000316,0.000000,0.000000,0.003851
Q_ind_24_anc_4-4,0.000479,0.000000,0.000000,0.005198
Q_ind_25_anc_4-4,0.001025,0.000000,0.000000,0.010999
Q_ind_26_anc_4-4,0.000218,0.000000,0.000000,0.002548
Q_ind_27_anc_4-4,0.000255,0.000000,0.000000,0.002747
Q_ind_28_anc_4-4,0.000379,0.000000,0.000000,0.004462
Q_ind_29_anc_4-4,0.001130,0.000000,0.000000,0.014325
Q_ind_30_anc_4-4,0.000381,0.000000,0.000000,0.004401
Q_ind_31_anc_4-4,0.000272,0.000000,0.000000,0.003388
Q_ind_32_anc_4-4,0.005089,0.000000,0.000000,0.054181
Q_ind_33_anc_4-4,0.000504,0.000000,0.000000,0.006034
Q_ind_34_anc_4-4,0.000869,0.000000,0.000000,0.009805
Q_ind_35_anc_4-4,0.000384,0.000000,0.000000,0.004855
Q_ind_36_anc_4-4,0.000593,0.000000,0.000000,0.006968
Q_ind_37_anc_4-4,0.000625,0.000000,0.000000,0.006898
Q_ind_38_anc_4-4,0.000440,0.000000,0.000000,0.005559
Q_ind_39_anc_4-4,0.000158,0.000000,0.000000,0.001735
Q_ind_40_anc_4-4,0.001822,0.000000,0.000000,0.022648
Q_ind_41_anc_4-4,0.000370,0.000000,0.000000,0.003585
Q_ind_42_anc_4-4,0.158421,0.160104,0.068664,0.245328
Q_ind_43_anc_4-4,0.142987,0.152170,0.000000,0.255605
Q_ind_44_anc_4-4,0.149765,0.151520,0.001986,0.254789
Q_ind_45_anc_4-4,0.216604,0.217415,0.116288,0.314004
Q_ind_46_anc_4-4,0.155255,0.158776,0.040789,0.251400
Q_ind_47_anc_4-4,0.245244,0.241927,0.150118,0.353814
Q_ind_48_anc_4-4,0.133012,0.150271,0.000000,0.262024
Q_ind_49_anc_4-4,0.356559,0.357920,0.291481,0.412456
Q_ind_50_anc_4-4,0.185325,0.184052,0.102376,0.280534
Q_ind_51_anc_4-4,0.097924,0.098898,0.000000,0.185567
Q_ind_52_anc_4-4,0.149034,0.149936,0.068123,0.228012
Q_ind_53_anc_4-4,0.228064,0.227733,0.148423,0.307339
Q_ind_54_anc_4-4,0.170939,0.169950,0.098391,0.253273
Q_ind_55_anc_4-4,0.195106,0.194704,0.115805,0.277622
Q_ind_56_anc_4-4,0.183982,0.182445,0.109071,0.267784
Q_ind_57_anc_4-4,0.000294,0.000000,0.000000,0.003390
Q_ind_58_anc_4-4,0.204030,0.202875,0.130339,0.281406
Q_ind_59_anc_4-4,0.209343,0.208341,0.123426,0.299500
Q_ind_60_anc_4-4,0.116674,0.116427,0.044417,0.195124
Q_ind_61_anc_4-4,0.275029,0.274046,0.172326,0.386158
Q_ind_62_anc_4-4,0.246860,0.246781,0.148891,0.343121
Q_ind_63_anc_4-4,0.000183,0.000000,0.000000,0.002368
Q_ind_64_anc_4-4,0.000501,0.000000,0.000000,0.005330
Q_ind_65_anc_4-4,0.002174,0.000000,0.000000,0.015783
Q_ind_66_anc_4-4,0.000331,0.000000,0.000000,0.004222
Q_ind_67_anc_4-4,0.000129,0.000000,0.000000,0.001392
Q_ind_68_anc_4-4,0.001341,0.000000,0.000000,0.016443
Q_ind_69_anc_4-4,0.000450,0.000000,0.000000,0.005697
Q_ind_70_anc_4-4,0.000142,0.000000,0.000000,0.001434
Q_ind_71_anc_4-4,0.001620,0.000000,0.000000,0.021066
Q_ind_72_anc_4-4,0.005926,0.000000,0.000000,0.064354
Q_ind_73_anc_4-4,0.017581,0.014466,0.000000,0.055662
Q_ind_74_anc_4-4,0.000369,0.000000,0.000000,0.004186
Q_ind_75_anc_4-4,0.000283,0.000000,0.000000,0.003014
Q_ind_76_anc_4-4,0.007426,0.000027,0.000000,0.044585
Q_ind_77_anc_4-4,0.000139,0.000000,0.000000,0.001622
Q_ind_78_anc_4-4,0.000218,0.000000,0.000000,0.002692
Q_ind_79_anc_4-4,0.000328,0.000000,0.000000,0.003838
Q_ind_80_anc_4-4,0.000410,0.000000,0.000000,0.005231
Q_ind_81_anc_4-4,0.000401,0.000000,0.000000,0.004670
Q_ind_82_anc_4-4,0.000848,0.000000,0.000000,0.010599
Q_ind_83_anc_4-4,0.000415,0.000000,0.000000,0.005226
Q_ind_84_anc_4-4,0.000522,0.000000,0.000000,0.006160
Q_ind_85_anc_4-4,0.000303,0.000000,0.000000,0.003626
Q_ind_86_anc_4-4,0.000181,0.000000,0.000000,0.002195
Q_ind_87_anc_4-4,0.003170,0.000004,0.000000,0.019988
Q_ind_88_anc_4-4,0.187236,0.188537,0.129124,0.238345
Q_ind_89_anc_4-4,0.092914,0.092412,0.020352,0.158678
Q_ind_90_anc_4-4,0.142651,0.138738,0.000069,0.273942
Q_ind_91_anc_4-4,0.149385,0.150571,0.078275,0.215543
Q_ind_92_anc_4-4,0.102307,0.108077,0.000000,0.220079
Q_ind_93_anc_4-4,0.122230,0.129171,0.000000,0.226941
Q_ind_94_anc_4-4,0.000320,0.000000,0.000000,0.003970
Q_ind_95_anc_4-4,0.180231,0.185542,0.082518,0.249635
Q_ind_96_anc_4-4,0.981659,0.984902,0.945135,0.999561
Q_ind_97_anc_4-4,0.985237,0.988397,0.951443,0.999863
Q_ind_98_anc_4-4,0.000217,0.000000,0.000000,0.002346
Q_ind_99_anc_4-4,0.000375,0.000000,0.000000,0.004697
Q_ind_100_anc_4-4,0.993374,0.995674,0.974178,0.999968
Q_ind_101_anc_4-4,0.996216,0.997916,0.983253,0.999987
Q_ind_102_anc_4-4,0.997325,0.998549,0.987766,0.999989
Q_ind_103_anc_4-4,0.993709,0.995920,0.975581,0.999972
Q_ind_104_anc_4-4,0.997591,0.998735,0.988468,0.999994
Q_ind_105_anc_4-4,0.000262,0.000000,0.000000,0.003135
Q_ind_106_anc_4-4,0.901376,0.904795,0.821903,0.963613
Q_ind_107_anc_4-4,0.000472,0.000000,0.000000,0.005693
Q_ind_108_anc_4-4,0.002209,0.000000,0.000000,0.022631
Q_ind_109_anc_4-4,0.000887,0.000000,0.000000,0.010334
Q_ind_110_anc_4-4,0.001870,0.000000,0.000000,0.022817
Q_ind_111_anc_4-4,0.002122,0.000000,0.000000,0.023429
Q_ind_112_anc_4-4,0.000417,0.000000,0.000000,0.005284
Q_ind_113_anc_4-4,0.001171,0.000000,0.000000,0.015272
Q_ind_114_anc_4-4,0.004173,0.000000,0.000000,0.041957
Q_ind_115_anc_4-4,0.815532,0.815723,0.737298,0.891582
Q_ind_116_anc_4-4,0.974625,0.979147,0.923134,0.999723
Q_ind_117_anc_4-4,0.981787,0.986066,0.939131,0.999866
Q_ind_118_anc_4-4,0.860357,0.861029,0.779621,0.929703
Q_ind_119_anc_4-4,0.964324,0.971790,0.885043,0.999424
Q_ind_120_anc_4-4,0.989898,0.994457,0.953742,0.999963
Q_ind_121_anc_4-4,0.962193,0.964153,0.918748,0.994265
Q_ind_122_anc_4-4,0.991212,0.994164,0.965803,0.999955
Q_ind_123_anc_4-4,0.982768,0.988401,0.936546,0.999922
Q_ind_124_anc_4-4,0.416086,0.415608,0.333881,0.502288
Q_ind_125_anc_4-4,0.000287,0.000000,0.000000,0.003523
Q_ind_126_anc_4-4,0.001009,0.000000,0.000000,0.012903
Q_ind_127_anc_4-4,0.007046,0.000003,0.000000,0.045509
Q_ind_128_anc_4-4,0.002773,0.000000,0.000000,0.028401
Q_ind_129_anc_4-4,0.000365,0.000000,0.000000,0.004465
Q_ind_130_anc_4-4,0.003961,0.000000,0.000000,0.033986
Q_ind_131_anc_4-4,0.000172,0.000000,0.000000,0.002030
Q_ind_132_anc_4-4,0.000096,0.000000,0.000000,0.001103
Q_ind_133_anc_4-4,0.000624,0.000000,0.000000,0.007902
Q_ind_134_anc_4-4,0.000434,0.000000,0.000000,0.005211
Q_ind_135_anc_4-4,0.000763,0.000000,0.000000,0.009523
Q_ind_136_anc_4-4,0.000662,0.000000,0.000000,0.008500
Q_ind_137_anc_4-4,0.000389,0.000000,0.000000,0.004327
Q_ind_138_anc_4-4,0.000137,0.000000,0.000000,0.001673
Q_ind_139_anc_4-4,0.000245,0.000000,0.000000,0.002802
Q_ind_140_anc_4-4,0.000369,0.000000,0.000000,0.004491
Q_ind_141_anc_4-4,0.000581,0.000000,0.000000,0.007619
Q_ind_142_anc_4-4,0.000120,0.000000,0.000000,0.001348
Q_ind_143_anc_4-4,0.000538,0.000000,0.000000,0.007118
Q_ind_144_anc_4-4,0.000691,0.000000,0.000000,0.008375
Q_ind_145_anc_4-4,0.000558,0.000000,0.000000,0.006615
Q_ind_146_anc_4-4,0.001827,0.000000,0.000000,0.016887
Q_ind_147_anc_4-4,0.002514,0.000000,0.000000,0.018965
Q_ind_148_anc_4-4,0.001076,0.000000,0.000000,0.013002
Q_ind_149_anc_4-4,0.000204,0.000000,0.000000,0.002311
Q_ind_150_anc_4-4,0.001099,0.000000,0.000000,0.012503
Q_ind_151_anc_4-4,0.000627,0.000000,0.000000,0.008024
Q_ind_152_anc_4-4,0.001800,0.000000,0.000000,0.015120
Q_ind_153_anc_4-4,0.000892,0.000000,0.000000,0.010585
Q_ind_154_anc_4-4,0.008168,0.002816,0.000000,0.032217
Q_ind_155_anc_4-4,0.000181,0.000000,0.000000,0.002021
Q_ind_156_anc_4-4,0.000569,0.000000,0.000000,0.006914
Q_ind_157_anc_4-4,0.004734,0.000003,0.000000,0.031219
Q_ind_158_anc_4-4,0.000373,0.000000,0.000000,0.004168
Q_ind_159_anc_4-4,0.000346,0.000000,0.000000,0.004027
Q_ind_160_anc_4-4,0.000171,0.000000,0.000000,0.002214
Q_ind_161_anc_4-4,0.000186,0.000000,0.000000,0.002182
Q_ind_162_anc_4-4,0.000294,0.000000,0.000000,0.003768
Q_ind_163_anc_4-4,0.000227,0.000000,0.000000,0.002803
Q_ind_164_anc_4-4,0.000437,0.000000,0.000000,0.005180
Q_ind_165_anc_4-4,0.000409,0.000000,0.000000,0.004687
Q_ind_166_anc_4-4,0.000461,0.000000,0.000000,0.005825
Q_ind_167_anc_4-4,0.001265,0.000000,0.000000,0.015523
Q_ind_168_anc_4-4,0.000265,0.000000,0.000000,0.002996
Q_ind_169_anc_4-4,0.000114,0.000000,0.000000,0.001408
Q_ind_170_anc_4-4,0.000441,0.000000,0.000000,0.004994
Q_ind_171_anc_4-4,0.000351,0.000000,0.000000,0.004471
Q_ind_172_anc_4-4,0.000490,0.000000,0.000000,0.006032
Q_ind_173_anc_4-4,0.000317,0.000000,0.000000,0.003663
Q_ind_174_anc_4-4,0.000295,0.000000,0.000000,0.003499
Q_ind_175_anc_4-4,0.000192,0.000000,0.000000,0.002118
Q_ind_176_anc_4-4,0.000347,0.000000,0.000000,0.004573
Q_ind_177_anc_4-4,0.000277,0.000000,0.000000,0.003307
Q_ind_178_anc_4-4,0.000291,0.000000,0.000000,0.003786
Q_ind_179_anc_4-4,0.000245,0.000000,0.000000,0.002762
Q_ind_180_anc_4-4,0.000261,0.000000,0.000000,0.003012
Q_ind_181_anc_4-4,0.000384,0.000000,0.000000,0.004516
Q_ind_182_anc_4-4,0.000424,0.000000,0.000000,0.005551
Q_ind_183_anc_4-4,0.000235,0.000000,0.000000,0.002940
Q_ind_184_anc_4-4,0.000399,0.000000,0.000000,0.004449
Q_ind_185_anc_4-4,0.000560,0.000000,0.000000,0.006426
Q_ind_186_anc_4-4,0.001364,0.000000,0.000000,0.019014
Q_ind_187_anc_4-4,0.002209,0.000000,0.000000,0.025590
Q_ind_188_anc_4-4,0.000551,0.000000,0.000000,0.006659
Q_ind_189_anc_4-4,0.000514,0.000000,0.000000,0.006258
Q_ind_190_anc_4-4,0.000949,0.000000,0.000000,0.011700
Q_ind_191_anc_4-4,0.000830,0.000000,0.000000,0.010766
Q_ind_192_anc_4-4,0.000307,0.000000,0.000000,0.003520
Q_ind_193_anc_4-4,0.000364,0.000000,0.000000,0.004859
Q_ind_194_anc_4-4,0.000093,0.000000,0.000000,0.001125
Q_ind_195_anc_4-4,0.000257,0.000000,0.000000,0.002839
Q_ind_196_anc_4-4,0.000108,0.000000,0.000000,0.001168
Q_ind_197_anc_4-4,0.000210,0.000000,0.000000,0.002270
Q_ind_198_anc_4-4,0.000091,0.000000,0.000000,0.001070
Q_ind_199_anc_4-4,0.000198,0.000000,0.000000,0.002394
Q_ind_200_anc_4-4,0.000115,0.000000,0.000000,0.001261
Q_ind_201_anc_4-4,0.000110,0.000000,0.000000,0.001202
Q_ind_202_anc_4-4,0.000197,0.000000,0.000000,0.002377
Q_ind_203_anc_4-4,0.000621,0.000000,0.000000,0.007881
Q_ind_204_anc_4-4,0.000659,0.000000,0.000000,0.007890
Q_ind_205_anc_4-4,0.002429,0.000000,0.000000,0.025045
Q_ind_206_anc_4-4,0.002064,0.000000,0.000000,0.023028
Q_ind_207_anc_4-4,0.013351,0.000056,0.000000,0.065104
Q_ind_208_anc_4-4,0.000161,0.000000,0.000000,0.001977
Q_ind_209_anc_4-4,0.001175,0.000000,0.000000,0.016106
Q_ind_210_anc_4-4,0.000320,0.000000,0.000000,0.003673
Q_ind_211_anc_4-4,0.000791,0.000000,0.000000,0.009873
Q_ind_212_anc_4-4,0.000204,0.000000,0.000000,0.002346
Q_ind_213_anc_4-4,0.000416,0.000000,0.000000,0.003967
Q_ind_214_anc_4-4,0.000255,0.000000,0.000000,0.002899
Q_ind_215_anc_4-4,0.000274,0.000000,0.000000,0.003177
Q_ind_216_anc_4-4,0.000390,0.000000,0.000000,0.004557
Q_ind_217_anc_4-4,0.000469,0.000000,0.000000,0.005963
Q_ind_218_anc_4-4,0.000131,0.000000,0.000000,0.001473
Q_ind_219_anc_4-4,0.000598,0.000000,0.000000,0.007079
Q_ind_220_anc_4-4,0.000231,0.000000,0.000000,0.002528
Q_ind_221_anc_4-4,0.000551,0.000000,0.000000,0.007186
Q_ind_222_anc_4-4,0.000404,0.000000,0.000000,0.004386
Q_ind_223_anc_4-4,0.000185,0.000000,0.000000,0.002144
Q_ind_224_anc_4-4,0.000127,0.000000,0.000000,0.001434
Q_ind_225_anc_4-4,0.002494,0.000000,0.000000,0.036319
Q_ind_226_anc_4-4,0.000273,0.000000,0.000000,0.003127
Q_ind_227_anc_4-4,0.007742,0.000001,0.000000,0.068052
Q_ind_228_anc_4-4,0.001555,0.000000,0.000000,0.020361
Q_ind_229_anc_4-4,0.010597,0.000011,0.000000,0.063727
Q_ind_230_anc_4-4,0.004248,0.000000,0.000000,0.039920
Q_ind_231_anc_4-4,0.000166,0.000000,0.000000,0.001857
Q_ind_232_anc_4-4,0.000426,0.000000,0.000000,0.003776
Q_ind_233_anc_4-4,0.001679,0.000000,0.000000,0.020022
Q_ind_234_anc_4-4,0.006203,0.000000,0.000000,0.078570
Q_ind_235_anc_4-4,0.001215,0.000000,0.000000,0.013241
Q_ind_236_anc_4-4,0.001229,0.000000,0.000000,0.014561
Q_ind_237_anc_4-4,0.003205,0.000000,0.000000,0.028497
Q_ind_238_anc_4-4,0.000189,0.000000,0.000000,0.002115
Q_ind_239_anc_4-4,0.000830,0.000000,0.000000,0.009815
Q_ind_240_anc_4-4,0.000229,0.000000,0.000000,0.002610
Q_ind_241_anc_4-4,0.000225,0.000000,0.000000,0.002518
Q_ind_242_anc_4-4,0.000405,0.000000,0.000000,0.004237
Q_ind_243_anc_4-4,0.000141,0.000000,0.000000,0.001479
Q_ind_244_anc_4-4,0.007927,0.000000,0.000000,0.075747
Q_ind_245_anc_4-4,0.000135,0.000000,0.000000,0.001658
Q_ind_1_anc_5-1,0.250756,0.250700,0.181245,0.316780
Q_ind_2_anc_5-1,0.233338,0.233739,0.153205,0.314560
Q_ind_3_anc_5-1,0.204775,0.206497,0.119875,0.276804
Q_ind_4_anc_5-1,0.007263,0.000000,0.000000,0.084633
Q_ind_5_anc_5-1,0.199824,0.203453,0.113451,0.273614
Q_ind_6_anc_5-1,0.084677,0.000185,0.000000,0.289622
Q_ind_7_anc_5-1,0.034834,0.000091,0.000000,0.165266
Q_ind_8_anc_5-1,0.133772,0.178113,0.000000,0.292769
Q_ind_9_anc_5-1,0.104553,0.108795,0.000000,0.283206
Q_ind_10_anc_5-1,0.138733,0.181608,0.000000,0.269551
Q_ind_11_anc_5-1,0.136101,0.138309,0.040817,0.208226
Q_ind_12_anc_5-1,0.066632,0.007533,0.000000,0.237556
Q_ind_13_anc_5-1,0.006529,0.000000,0.000000,0.058795
Q_ind_14_anc_5-1,0.002293,0.000000,0.000000,0.025463
Q_ind_15_anc_5-1,0.003640,0.000000,0.000000,0.044064
Q_ind_16_anc_5-1,0.003584,0.000000,0.000000,0.039602
Q_ind_17_anc_5-1,0.000810,0.000000,0.000000,0.010448
Q_ind_18_anc_5-1,0.001524,0.000000,0.000000,0.018524
Q_ind_19_anc_5-1,0.002007,0.000000,0.000000,0.023996
Q_ind_20_anc_5-1,0.000519,0.000000,0.000000,0.006116
Q_ind_21_anc_5-1,0.000653,0.000000,0.000000,0.007138
Q_ind_22_anc_5-1,0.004174,0.000000,0.000000,0.050844
Q_ind_23_anc_5-1,0.004941,0.000000,0.000000,0.043131
Q_ind_24_anc_5-1,0.006059,0.000000,0.000000,0.058087
Q_ind_25_anc_5-1,0.001839,0.000000,0.000000,0.024413
Q_ind_26_anc_5-1,0.000595,0.000000,0.000000,0.006821
Q_ind_27_anc_5-1,0.000879,0.000000,0.000000,0.010557
Q_ind_28_anc_5-1,0.006639,0.000001,0.000000,0.050645
Q_ind_29_anc_5-1,0.005757,0.000000,0.000000,0.048857
Q_ind_30_anc_5-1,0.001022,0.000000,0.000000,0.012209
Q_ind_31_anc_5-1,0.001259,0.000000,0.000000,0.015371
Q_ind_32_anc_5-1,0.002537,0.000000,0.000000,0.029745
Q_ind_33_anc_5-1,0.001651,0.000000,0.000000,0.021276
Q_ind_34_anc_5-1,0.002204,0.000000,0.000000,0.028854
Q_ind_35_anc_5-1,0.002692,0.000000,0.000000,0.031399
Q_ind_36_anc_5-1,0.001600,0.000000,0.000000,0.019836
Q_ind_37_anc_5-1,0.001263,0.000000,0.000000,0.015798
Q_ind_38_anc_5-1,0.001046,0.000000,0.000000,0.013234
Q_ind_39_anc_5-1,0.000701,0.000000,0.000000,0.008385
Q_ind_40_anc_5-1,0.046496,0.026043,0.000000,0.158523
Q_ind_41_anc_5-1,0.142741,0.158144,0.000000,0.242860
Q_ind_42_anc_5-1,0.000387,0.000000,0.000000,0.004638
Q_ind_43_anc_5-1,0.000991,0.000000,0.000000,0.012442
Q_ind_44_anc_5-1,0.000436,0.000000,0.000000,0.005056
Q_ind_45_anc_5-1,0.000602,0.000000,0.000000,0.006369
Q_ind_46_anc_5-1,0.000279,0.000000,0.000000,0.002909
Q_ind_47_anc_5-1,0.001479,0.000000,0.000000,0.017346
Q_ind_48_anc_5-1,0.000894,0.000000,0.000000,0.011199
Q_ind_49_anc_5-1,0.000285,0.000000,0.000000,0.003296
Q_ind_50_anc_5-1,0.000275,0.000000,0.000000,0.003006
Q_ind_51_anc_5-1,0.000370,0.000000,0.000000,0.004088
Q_ind_52_anc_5-1,0.000480,0.000000,0.000000,0.005502
Q_ind_53_anc_5-1,0.000315,0.000000,0.000000,0.003940
Q_ind_54_anc_5-1,0.000389,0.000000,0.000000,0.004759
Q_ind_55_anc_5-1,0.000265,0.000000,0.000000,0.003068
Q_ind_56_anc_5-1,0.000914,0.000000,0.000000,0.010765
Q_ind_57_anc_5-1,0.000646,0.000000,0.000000,0.008207
Q_ind_58_anc_5-1,0.000338,0.000000,0.000000,0.003910
Q_ind_59_anc_5-1,0.001035,0.000000,0.000000,0.013403
Q_ind_60_anc_5-1,0.000302,0.000000,0.000000,0.003699
Q_ind_61_anc_5-1,0.001544,0.000000,0.000000,0.018990
Q_ind_62_anc_5-1,0.001387,0.000000,0.000000,0.017306
Q_ind_63_anc_5-1,0.001453,0.000000,0.000000,0.019310
Q_ind_64_anc_5-1,0.001099,0.000000,0.000000,0.013135
Q_ind_65_anc_5-1,0.000428,0.000000,0.000000,0.005331
Q_ind_66_anc_5-1,0.000576,0.000000,0.000000,0.006594
Q_ind_67_anc_5-1,0.172931,0.172453,0.061925,0.294234
Q_ind_68_anc_5-1,0.001034,0.000000,0.000000,0.012683
Q_ind_69_anc_5-1,0.000411,0.000000,0.000000,0.003948
Q_ind_70_anc_5-1,0.000271,0.000000,0.000000,0.003343
Q_ind_71_anc_5-1,0.000557,0.000000,0.000000,0.006235
Q_ind_72_anc_5-1,0.001951,0.000000,0.000000,0.020567
Q_ind_73_anc_5-1,0.000744,0.000000,0.000000,0.009278
Q_ind_74_anc_5-1,0.001038,0.000000,0.000000,0.011891
Q_ind_75_anc_5-1,0.000447,0.000000,0.000000,0.005413
Q_ind_76_anc_5-1,0.001080,0.000000,0.000000,0.012968
Q_ind_77_anc_5-1,0.005374,0.000000,0.000000,0.071486
Q_ind_78_anc_5-1,0.003126,0.000000,0.000000,0.045096
Q_ind_79_anc_5-1,0.000584,0.000000,0.000000,0.006717
Q_ind_80_anc_5-1,0.001954,0.000000,0.000000,0.026042
Q_ind_81_anc_5-1,0.001489,0.000000,0.000000,0.017552
Q_ind_82_anc_5-1,0.041217,0.002082,0.000000,0.169996
Q_ind_83_anc_5-1,0.012649,0.000001,0.000000,0.100336
Q_ind_84_anc_5-1,0.043453,0.000716,0.000000,0.186828
Q_ind_85_anc_5-1,0.117477,0.127231,0.000000,0.220155
Q_ind_86_anc_5-1,0.019851,0.000005,0.000000,0.132775
Q_ind_87_anc_5-1,0.078227,0.003370,0.000000,0.212117
Q_ind_88_anc_5-1,0.104027,0.000656,0.000000,0.387393
Q_ind_89_anc_5-1,0.168368,0.172631,0.000000,0.353645
Q_ind_90_anc_5-1,0.011671,0.000000,0.000000,0.164493
Q_ind_91_anc_5-1,0.030059,0.000003,0.000000,0.202475
Q_ind_92_anc_5-1,0.004025,0.000000,0.000000,0.053153
Q_ind_93_anc_5-1,0.023574,0.000000,0.000000,0.253133
Q_ind_94_anc_5-1,0.000577,0.000000,0.000000,0.006165
Q_ind_95_anc_5-1,0.113675,0.086445,0.000000,0.345539
Q_ind_96_anc_5-1,0.000383,0.000000,0.000000,0.004669
Q_ind_97_anc_5-1,0.000831,0.000000,0.000000,0.009373
Q_ind_98_anc_5-1,0.000189,0.000000,0.000000,0.002277
Q_ind_99_anc_5-1,0.000412,0.000000,0.000000,0.004723
Q_ind_100_anc_5-1,0.000417,0.000000,0.000000,0.005503
Q_ind_101_anc_5-1,0.000154,0.000000,0.000000,0.001830
Q_ind_102_anc_5-1,0.000137,0.000000,0.000000,0.001435
Q_ind_103_anc_5-1,0.000234,0.000000,0.000000,0.002724
Q_ind_104_anc_5-1,0.000150,0.000000,0.000000,0.001707
Q_ind_105_anc_5-1,0.000265,0.000000,0.000000,0.003215
Q_ind_106_anc_5-1,0.000869,0.000000,0.000000,0.009934
Q_ind_107_anc_5-1,0.000708,0.000000,0.000000,0.008553
Q_ind_108_anc_5-1,0.001192,0.000000,0.000000,0.014082
Q_ind_109_anc_5-1,0.001634,0.000000,0.000000,0.020192
Q_ind_110_anc_5-1,0.001327,0.000000,0.000000,0.017402
Q_ind_111_anc_5-1,0.001117,0.000000,0.000000,0.013582
Q_ind_112_anc_5-1,0.000944,0.000000,0.000000,0.011629
Q_ind_113_anc_5-1,0.001260,0.000000,0.000000,0.014657
Q_ind_114_anc_5-1,0.001589,0.000000,0.000000,0.020646
Q_ind_115_anc_5-1,0.003185,0.000000,0.000000,0.033274
Q_ind_116_anc_5-1,0.000312,0.000000,0.000000,0.003866
Q_ind_117_anc_5-1,0.000307,0.000000,0.000000,0.003312
Q_ind_118_anc_5-1,0.000363,0.000000,0.000000,0.004720
Q_ind_119_anc_5-1,0.000587,0.000000,0.000000,0.007537
Q_ind_120_anc_5-1,0.000212,0.000000,0.000000,0.002527
Q_ind_121_anc_5-1,0.002977,0.000000,0.000000,0.027015
Q_ind_122_anc_5-1,0.000329,0.000000,0.000000,0.004210
Q_ind_123_anc_5-1,0.000573,0.000000,0.000000,0.007138
Q_ind_124_anc_5-1,0.000279,0.000000,0.000000,0.003298
Q_ind_125_anc_5-1,0.009371,0.000000,0.000000,0.126451
Q_ind_126_anc_5-1,0.001501,0.000000,0.000000,0.017116
Q_ind_127_anc_5-1,0.022707,0.000001,0.000000,0.135051
Q_ind_128_anc_5-1,0.007578,0.000000,0.000000,0.100050
Q_ind_129_anc_5-1,0.014717,0.000002,0.000000,0.109371
Q_ind_130_anc_5-1,0.126090,0.128033,0.038723,0.188401
Q_ind_131_anc_5-1,0.000469,0.000000,0.000000,0.004601
Q_ind_132_anc_5-1,0.000308,0.000000,0.000000,0.003529
Q_ind_133_anc_5-1,0.000806,0.000000,0.000000,0.010357
Q_ind_134_anc_5-1,0.000645,0.000000,0.000000,0.007990
Q_ind_135_anc_5-1,0.001176,0.000000,0.000000,0.014752
Q_ind_136_anc_5-1,0.000429,0.000000,0.000000,0.004399
Q_ind_137_anc_5-1,0.000340,0.000000,0.000000,0.004272
Q_ind_138_anc_5-1,0.000523,0.000000,0.000000,0.005946
Q_ind_139_anc_5-1,0.000730,0.000000,0.000000,0.008911
Q_ind_140_anc_5-1,0.001182,0.000000,0.000000,0.014575
Q_ind_141_anc_5-1,0.000486,0.000000,0.000000,0.004890
Q_ind_142_anc_5-1,0.000383,0.000000,0.000000,0.003827
Q_ind_143_anc_5-1,0.000851,0.000000,0.000000,0.010382
Q_ind_144_anc_5-1,0.000379,0.000000,0.000000,0.004496
Q_ind_145_anc_5-1,0.000314,0.000000,0.000000,0.003435
Q_ind_146_anc_5-1,0.000598,0.000000,0.000000,0.007824
Q_ind_147_anc_5-1,0.000626,0.000000,0.000000,0.007749
Q_ind_148_anc_5-1,0.001935,0.000000,0.000000,0.023307
Q_ind_149_anc_5-1,0.094449,0.094357,0.012288,0.162833
Q_ind_150_anc_5-1,0.001136,0.000000,0.000000,0.013184
Q_ind_151_anc_5-1,0.001545,0.000000,0.000000,0.019623
Q_ind_152_anc_5-1,0.000270,0.000000,0.000000,0.003285
Q_ind_153_anc_5-1,0.001058,0.000000,0.000000,0.013217
Q_ind_154_anc_5-1,0.001141,0.000000,0.000000,0.012543
Q_ind_155_anc_5-1,0.229289,0.228476,0.148809,0.309190
Q_ind_156_anc_5-1,0.389587,0.391404,0.295551,0.468513
Q_ind_157_anc_5-1,0.269315,0.283058,0.086033,0.368970
Q_ind_158_anc_5-1,0.175836,0.225213,0.000000,0.358759
Q_ind_159_anc_5-1,0.018721,0.000001,0.000000,0.144851
Q_ind_160_anc_5-1,0.420300,0.428825,0.280010,0.510503
Q_ind_161_anc_5-1,0.381858,0.383264,0.297342,0.456987
Q_ind_162_anc_5-1,0.195118,0.192530,0.039721,0.344243
Q_ind_163_anc_5-1,0.365510,0.370579,0.239318,0.445348
Q_ind_164_anc_5-1,0.294356,0.298769,0.182323,0.378312
Q_ind_165_anc_5-1,0.007887,0.000000,0.000000,0.066673
Q_ind_166_anc_5-1,0.002423,0.000000,0.000000,0.028168
Q_ind_167_anc_5-1,0.002687,0.000000,0.000000,0.029886
Q_ind_168_anc_5-1,0.001441,0.000000,0.000000,0.018701
Q_ind_169_anc_5-1,0.000259,0.000000,0.000000,0.002855
Q_ind_170_anc_5-1,0.000429,0.000000,0.000000,0.005384
Q_ind_171_anc_5-1,0.002171,0.000000,0.000000,0.025810
Q_ind_172_anc_5-1,0.000199,0.000000,0.000000,0.002322
Q_ind_173_anc_5-1,0.000262,0.000000,0.000000,0.003041
Q_ind_174_anc_5-1,0.000416,0.000000,0.000000,0.004951
Q_ind_175_anc_5-1,0.000872,0.000000,0.000000,0.011477
Q_ind_176_anc_5-1,0.001087,0.000000,0.000000,0.012809
Q_ind_177_anc_5-1,0.021978,0.000001,0.000000,0.189046
Q_ind_178_anc_5-1,0.079462,0.016718,0.000000,0.289308
Q_ind_179_anc_5-1,0.298623,0.291287,0.106613,0.470850
Q_ind_180_anc_5-1,0.012449,0.000000,0.000000,0.119830
Q_ind_181_anc_5-1,0.012890,0.000000,0.000000,0.166305
Q_ind_182_anc_5-1,0.006894,0.000000,0.000000,0.074379
Q_ind_183_anc_5-1,0.049034,0.000606,0.000000,0.211644
Q_ind_184_anc_5-1,0.002559,0.000000,0.000000,0.026362
Q_ind_185_anc_5-1,0.000694,0.000000,0.000000,0.007648
Q_ind_186_anc_5-1,0.000458,0.000000,0.000000,0.005392
Q_ind_187_anc_5-1,0.000263,0.000000,0.000000,0.003148
Q_ind_188_anc_5-1,0.000299,0.000000,0.000000,0.003375
Q_ind_189_anc_5-1,0.000355,0.000000,0.000000,0.004674
Q_ind_190_anc_5-1,0.001189,0.000000,0.000000,0.014644
Q_ind_191_anc_5-1,0.000288,0.000000,0.000000,0.003407
Q_ind_192_anc_5-1,0.001034,0.000000,0.000000,0.012776
Q_ind_193_anc_5-1,0.001095,0.000000,0.000000,0.013848
Q_ind_194_anc_5-1,0.000193,0.000000,0.000000,0.002136
Q_ind_195_anc_5-1,0.003053,0.000000,0.000000,0.031663
Q_ind_196_anc_5-1,0.000269,0.000000,0.000000,0.002799
Q_ind_197_anc_5-1,0.000210,0.000000,0.000000,0.002263
Q_ind_198_anc_5-1,0.000298,0.000000,0.000000,0.003504
Q_ind_199_anc_5-1,0.001622,0.000000,0.000000,0.019197
Q_ind_200_anc_5-1,0.000321,0.000000,0.000000,0.003612
Q_ind_201_anc_5-1,0.000727,0.000000,0.000000,0.009434
Q_ind_202_anc_5-1,0.001129,0.000000,0.000000,0.014031
Q_ind_203_anc_5-1,0.029934,0.000062,0.000000,0.134213
Q_ind_204_anc_5-1,0.002649,0.000000,0.000000,0.032926
Q_ind_205_anc_5-1,0.003133,0.000000,0.000000,0.039102
Q_ind_206_anc_5-1,0.012947,0.000001,0.000000,0.101108
Q_ind_207_anc_5-1,0.012979,0.000000,0.000000,0.126841
Q_ind_208_anc_5-1,0.200456,0.204498,0.104409,0.274854
Q_ind_209_anc_5-1,0.005983,0.000000,0.000000,0.055006
Q_ind_210_anc_5-1,0.010751,0.000001,0.000000,0.079513
Q_ind_211_anc_5-1,0.005150,0.000000,0.000000,0.056679
Q_ind_212_anc_5-1,0.000575,0.000000,0.000000,0.006466
Q_ind_213_anc_5-1,0.001074,0.000000,0.000000,0.014195
Q_ind_214_anc_5-1,0.001486,0.000000,0.000000,0.017579
Q_ind_215_anc_5-1,0.002104,0.000000,0.000000,0.021409
Q_ind_216_anc_5-1,0.000645,0.000000,0.000000,0.007793
Q_ind_217_anc_5-1,0.000365,0.000000,0.000000,0.004525
Q_ind_218_anc_5-1,0.000414,0.000000,0.000000,0.005256
Q_ind_219_anc_5-1,0.001957,0.000000,0.000000,0.022745
Q_ind_220_anc_5-1,0.000371,0.000000,0.000000,0.004343
Q_ind_221_anc_5-1,0.001395,0.000000,0.000000,0.017217
Q_ind_222_anc_5-1,0.000787,0.000000,0.000000,0.009407
Q_ind_223_anc_5-1,0.002276,0.000000,0.000000,0.033422
Q_ind_224_anc_5-1,0.000581,0.000000,0.000000,0.006387
Q_ind_225_anc_5-1,0.004470,0.000000,0.000000,0.048892
Q_ind_226_anc_5-1,0.011398,0.000000,0.000000,0.101451
Q_ind_227_anc_5-1,0.005094,0.000000,0.000000,0.063771
Q_ind_228_anc_5-1,0.004177,0.000000,0.000000,0.042367
Q_ind_229_anc_5-1,0.039920,0.001550,0.000000,0.161212
Q_ind_230_anc_5-1,0.006047,0.000000,0.000000,0.057638
Q_ind_231_anc_5-1,0.148112,0.150014,0.030315,0.246797
Q_ind_232_anc_5-1,0.010860,0.000002,0.000000,0.072494
Q_ind_233_anc_5-1,0.001709,0.000000,0.000000,0.021385
Q_ind_234_anc_5-1,0.000865,0.000000,0.000000,0.009620
Q_ind_235_anc_5-1,0.000527,0.000000,0.000000,0.006746
Q_ind_236_anc_5-1,0.000291,0.000000,0.000000,0.003335
Q_ind_237_anc_5-1,0.000216,0.000000,0.000000,0.002263
Q_ind_238_anc_5-1,0.000278,0.000000,0.000000,0.003675
Q_ind_239_anc_5-1,0.000325,0.000000,0.000000,0.003704
Q_ind_240_anc_5-1,0.000284,0.000000,0.000000,0.003506
Q_ind_241_anc_5-1,0.000715,0.000000,0.000000,0.008875
Q_ind_242_anc_5-1,0.001417,0.000000,0.000000,0.015323
Q_ind_243_anc_5-1,0.000166,0.000000,0.000000,0.001923
Q_ind_244_anc_5-1,0.000729,0.000000,0.000000,0.008566
Q_ind_245_anc_5-1,0.000206,0.000000,0.000000,0.002472
Q_ind_1_anc_5-2,0.002158,0.000000,0.000000,0.025100
Q_ind_2_anc_5-2,0.000540,0.000000,0.000000,0.006712
Q_ind_3_anc_5-2,0.000979,0.000000,0.000000,0.011488
Q_ind_4_anc_5-2,0.002854,0.000000,0.000000,0.034524
Q_ind_5_anc_5-2,0.001042,0.000000,0.000000,0.011763
Q_ind_6_anc_5-2,0.000490,0.000000,0.000000,0.006153
Q_ind_7_anc_5-2,0.001113,0.000000,0.000000,0.011666
Q_ind_8_anc_5-2,0.001475,0.000000,0.000000,0.020072
Q_ind_9_anc_5-2,0.000463,0.000000,0.000000,0.005426
Q_ind_10_anc_5-2,0.000530,0.000000,0.000000,0.006457
Q_ind_11_anc_5-2,0.000724,0.000000,0.000000,0.008256
Q_ind_12_anc_5-2,0.002668,0.000000,0.000000,0.027321
Q_ind_13_anc_5-2,0.037617,0.007607,0.000000,0.129879
Q_ind_14_anc_5-2,0.003451,0.000000,0.000000,0.046154
Q_ind_15_anc_5-2,0.011525,0.000006,0.000000,0.076066
Q_ind_16_anc_5-2,0.008832,0.000001,0.000000,0.072549
Q_ind_17_anc_5-2,0.068007,0.071774,0.000000,0.156119
Q_ind_18_anc_5-2,0.020724,0.000074,0.000000,0.111720
Q_ind_19_anc_5-2,0.003100,0.000000,0.000000,0.037737
Q_ind_20_anc_5-2,0.020063,0.000009,0.000000,0.115745
Q_ind_21_anc_5-2,0.000734,0.000000,0.000000,0.009269
Q_ind_22_anc_5-2,0.001067,0.000000,0.000000,0.012695
Q_ind_23_anc_5-2,0.000808,0.000000,0.000000,0.009347
Q_ind_24_anc_5-2,0.005658,0.000000,0.000000,0.063800
Q_ind_25_anc_5-2,0.001195,0.000000,0.000000,0.015435
Q_ind_26_anc_5-2,0.000501,0.000000,0.000000,0.005274
Q_ind_27_anc_5-2,0.003007,0.000000,0.000000,0.036755
Q_ind_28_anc_5-2,0.000973,0.000000,0.000000,0.011732
Q_ind_29_anc_5-2,0.001143,0.000000,0.000000,0.014628
Q_ind_30_anc_5-2,0.001278,0.000000,0.000000,0.016865
Q_ind_31_anc_5-2,0.012761,0.000002,0.000000,0.088511
Q_ind_32_anc_5-2,0.003207,0.000000,0.000000,0.044317
Q_ind_33_anc_5-2,0.005999,0.000000,0.000000,0.062824
Q_ind_34_anc_5-2,0.002849,0.000000,0.000000,0.030836
Q_ind_35_anc_5-2,0.005755,0.000000,0.000000,0.059161
Q_ind_36_anc_5-2,0.038650,0.003391,0.000000,0.161523
Q_ind_37_anc_5-2,0.031188,0.000051,0.000000,0.157432
Q_ind_38_anc_5-2,0.029979,0.000294,0.000000,0.135872
Q_ind_39_anc_5-2,0.017416,0.000002,0.000000,0.120966
Q_ind_40_anc_5-2,0.132560,0.154499,0.000000,0.309801
Q_ind_41_anc_5-2,0.010959,0.000000,0.000000,0.109056
Q_ind_42_anc_5-2,0.000336,0.000000,0.000000,0.004042
Q_ind_43_anc_5-2,0.001779,0.000000,0.000000,0.021925
Q_ind_44_anc_5-2,0.000762,0.000000,0.000000,0.009247
Q_ind_45_anc_5-2,0.001128,0.000000,0.000000,0.013498
Q_ind_46_anc_5-2,0.000626,0.000000,0.000000,0.007729
Q_ind_47_anc_5-2,0.001486,0.000000,0.000000,0.017239
Q_ind_48_anc_5-2,0.000650,0.000000,0.000000,0.007310
Q_ind_49_anc_5-2,0.000370,0.000000,0.000000,0.004556
Q_ind_50_anc_5-2,0.000566,0.000000,0.000000,0.006200
Q_ind_51_anc_5-2,0.002171,0.000000,0.000000,0.022289
Q_ind_52_anc_5-2,0.000586,0.000000,0.000000,0.006927
Q_ind_53_anc_5-2,0.000524,0.000000,0.000000,0.005820
Q_ind_54_anc_5-2,0.000961,0.000000,0.000000,0.011393
Q_ind_55_anc_5-2,0.000393,0.000000,0.000000,0.004429
Q_ind_56_anc_5-2,0.000710,0.000000,0.000000,0.008913
Q_ind_57_anc_5-2,0.136197,0.135988,0.066036,0.206748
Q_ind_58_anc_5-2,0.000509,0.000000,0.000000,0.005240
Q_ind_59_anc_5-2,0.001356,0.000000,0.000000,0.016873
Q_ind_60_anc_5-2,0.000734,0.000000,0.000000,0.008142
Q_ind_61_anc_5-2,0.003952,0.000000,0.000000,0.044071
Q_ind_62_anc_5-2,0.001120,0.000000,0.000000,0.010871
Q_ind_63_anc_5-2,0.000188,0.000000,0.000000,0.002331
Q_ind_64_anc_5-2,0.000199,0.000000,0.000000,0.002352
Q_ind_65_anc_5-2,0.000303,0.000000,0.000000,0.003360
Q_ind_66_anc_5-2,0.000419,0.000000,0.000000,0.004865
Q_ind_67_anc_5-2,0.000328,0.000000,0.000000,0.004018
Q_ind_68_anc_5-2,0.001836,0.000000,0.000000,0.022155
Q_ind_69_anc_5-2,0.171987,0.169870,0.079639,0.272409
Q_ind_70_anc_5-2,0.215944,0.214460,0.129739,0.302789
Q_ind_71_anc_5-2,0.001907,0.000000,0.000000,0.023424
Q_ind_72_anc_5-2,0.002227,0.000000,0.000000,0.027377
Q_ind_73_anc_5-2,0.012832,0.000000,0.000000,0.110998
Q_ind_74_anc_5-2,0.120371,0.120592,0.027498,0.212313
Q_ind_75_anc_5-2,0.180476,0.179587,0.090469,0.271580
Q_ind_76_anc_5-2,0.001041,0.000000,0.000000,0.011384
Q_ind_77_anc_5-2,0.001924,0.000000,0.000000,0.023449
Q_ind_78_anc_5-2,0.000541,0.000000,0.000000,0.006538
Q_ind_79_anc_5-2,0.000746,0.000000,0.000000,0.008897
Q_ind_80_anc_5-2,0.000910,0.000000,0.000000,0.010457
Q_ind_81_anc_5-2,0.001372,0.000000,0.000000,0.015641
Q_ind_82_anc_5-2,0.000501,0.000000,0.000000,0.006122
Q_ind_83_anc_5-2,0.001538,0.000000,0.000000,0.017698
Q_ind_84_anc_5-2,0.000660,0.000000,0.000000,0.007122
Q_ind_85_anc_5-2,0.000719,0.000000,0.000000,0.008017
Q_ind_86_anc_5-2,0.001073,0.000000,0.000000,0.012058
Q_ind_87_anc_5-2,0.000470,0.000000,0.000000,0.004992
Q_ind_88_anc_5-2,0.002300,0.000000,0.000000,0.030756
Q_ind_89_anc_5-2,0.004562,0.000000,0.000000,0.044937
Q_ind_90_anc_5-2,0.008570,0.000000,0.000000,0.077385
Q_ind_91_anc_5-2,0.031076,0.000061,0.000000,0.154381
Q_ind_92_anc_5-2,0.005634,0.000000,0.000000,0.064922
Q_ind_93_anc_5-2,0.006216,0.000000,0.000000,0.089455
Q_ind_94_anc_5-2,0.002057,0.000000,0.000000,0.024500
Q_ind_95_anc_5-2,0.016582,0.000008,0.000000,0.114338
Q_ind_96_anc_5-2,0.000985,0.000000,0.000000,0.011133
Q_ind_97_anc_5-2,0.001518,0.000000,0.000000,0.017280
Q_ind_98_anc_5-2,0.005643,0.000000,0.000000,0.056074
Q_ind_99_anc_5-2,0.000794,0.000000,0.000000,0.009312
Q_ind_100_anc_5-2,0.000373,0.000000,0.000000,0.004690
Q_ind_101_anc_5-2,0.000219,0.000000,0.000000,0.002603
Q_ind_102_anc_5-2,0.000148,0.000000,0.000000,0.001860
Q_ind_103_anc_5-2,0.000336,0.000000,0.000000,0.004028
Q_ind_104_anc_5-2,0.000134,0.000000,0.000000,0.001683
Q_ind_105_anc_5-2,0.002908,0.000000,0.000000,0.033851
Q_ind_106_anc_5-2,0.001655,0.000000,0.000000,0.020676
Q_ind_107_anc_5-2,0.265946,0.202095,0.000000,0.635620
Q_ind_108_anc_5-2,0.556823,0.568323,0.392013,0.651200
Q_ind_109_anc_5-2,0.069284,0.005631,0.000000,0.295829
Q_ind_110_anc_5-2,0.111161,0.066306,0.000000,0.360735
Q_ind_111_anc_5-2,0.230930,0.269634,0.000000,0.473469
Q_ind_112_anc_5-2,0.350848,0.376559,0.085749,0.507688
Q_ind_113_anc_5-2,0.017358,0.000000,0.000000,0.210579
Q_ind_114_anc_5-2,0.060944,0.000457,0.000000,0.293182
Q_ind_115_anc_5-2,0.001133,0.000000,0.000000,0.014818
Q_ind_116_anc_5-2,0.001587,0.000000,0.000000,0.019446
Q_ind_117_anc_5-2,0.001297,0.000000,0.000000,0.015126
Q_ind_118_anc_5-2,0.001083,0.000000,0.000000,0.013862
Q_ind_119_anc_5-2,0.001095,0.000000,0.000000,0.013600
Q_ind_120_anc_5-2,0.000520,0.000000,0.000000,0.005873
Q_ind_121_anc_5-2,0.000903,0.000000,0.000000,0.011738
Q_ind_122_anc_5-2,0.000361,0.000000,0.000000,0.004264
Q_ind_123_anc_5-2,0.000537,0.000000,0.000000,0.006763
Q_ind_124_anc_5-2,0.000450,0.000000,0.000000,0.005142
Q_ind_125_anc_5-2,0.000713,0.000000,0.000000,0.008452
Q_ind_126_anc_5-2,0.001998,0.000000,0.000000,0.027010
Q_ind_127_anc_5-2,0.000611,0.000000,0.000000,0.007603
Q_ind_128_anc_5-2,0.002403,0.000000,0.000000,0.032598
Q_ind_129_anc_5-2,0.000890,0.000000,0.000000,0.011055
Q_ind_130_anc_5-2,0.001800,0.000000,0.000000,0.020516
Q_ind_131_anc_5-2,0.001182,0.000000,0.000000,0.015074
Q_ind_132_anc_5-2,0.002528,0.000000,0.000000,0.031473
Q_ind_133_anc_5-2,0.001093,0.000000,0.000000,0.013323
Q_ind_134_anc_5-2,0.014403,0.000006,0.000000,0.085722
Q_ind_135_anc_5-2,0.016602,0.000064,0.000000,0.084419
Q_ind_136_anc_5-2,0.005291,0.000000,0.000000,0.048069
Q_ind_137_anc_5-2,0.013316,0.000001,0.000000,0.098361
Q_ind_138_anc_5-2,0.000904,0.000000,0.000000,0.010998
Q_ind_139_anc_5-2,0.001143,0.000000,0.000000,0.013263
Q_ind_140_anc_5-2,0.012386,0.000004,0.000000,0.076184
Q_ind_141_anc_5-2,0.016243,0.000009,0.000000,0.105812
Q_ind_142_anc_5-2,0.001466,0.000000,0.000000,0.015273
Q_ind_143_anc_5-2,0.048150,0.020819,0.000000,0.154126
Q_ind_144_anc_5-2,0.003337,0.000000,0.000000,0.040403
Q_ind_145_anc_5-2,0.000255,0.000000,0.000000,0.002867
Q_ind_146_anc_5-2,0.000418,0.000000,0.000000,0.004631
Q_ind_147_anc_5-2,0.000373,0.000000,0.000000,0.004529
Q_ind_148_anc_5-2,0.000872,0.000000,0.000000,0.009944
Q_ind_149_anc_5-2,0.000479,0.000000,0.000000,0.005230
Q_ind_150_anc_5-2,0.001160,0.000000,0.000000,0.014049
Q_ind_151_anc_5-2,0.003376,0.000000,0.000000,0.029469
Q_ind_152_anc_5-2,0.000314,0.000000,0.000000,0.003584
Q_ind_153_anc_5-2,0.000567,0.000000,0.000000,0.007147
Q_ind_154_anc_5-2,0.000507,0.000000,0.000000,0.006572
Q_ind_155_anc_5-2,0.002589,0.000000,0.000000,0.030891
Q_ind_156_anc_5-2,0.000600,0.000000,0.000000,0.007300
Q_ind_157_anc_5-2,0.000506,0.000000,0.000000,0.006655
Q_ind_158_anc_5-2,0.000387,0.000000,0.000000,0.004665
Q_ind_159_anc_5-2,0.000450,0.000000,0.000000,0.004811
Q_ind_160_anc_5-2,0.000549,0.000000,0.000000,0.007332
Q_ind_161_anc_5-2,0.003374,0.000000,0.000000,0.035304
Q_ind_162_anc_5-2,0.000428,0.000000,0.000000,0.005422
Q_ind_163_anc_5-2,0.000476,0.000000,0.000000,0.006350
Q_ind_164_anc_5-2,0.000284,0.000000,0.000000,0.003362
Q_ind_165_anc_5-2,0.155730,0.170489,0.000000,0.281014
Q_ind_166_anc_5-2,0.033565,0.000014,0.000000,0.194819
Q_ind_167_anc_5-2,0.098996,0.115061,0.000000,0.227400
Q_ind_168_anc_5-2,0.004180,0.000000,0.000000,0.062623
Q_ind_169_anc_5-2,0.001411,0.000000,0.000000,0.019657
Q_ind_170_anc_5-2,0.001033,0.000000,0.000000,0.013409
Q_ind_171_anc_5-2,0.000777,0.000000,0.000000,0.010174
Q_ind_172_anc_5-2,0.001168,0.000000,0.000000,0.014191
Q_ind_173_anc_5-2,0.002342,0.000000,0.000000,0.030272
Q_ind_174_anc_5-2,0.000330,0.000000,0.000000,0.004339
Q_ind_175_anc_5-2,0.023971,0.000000,0.000000,0.201394
Q_ind_176_anc_5-2,0.019896,0.000011,0.000000,0.120059
Q_ind_177_anc_5-2,0.000428,0.000000,0.000000,0.004833
Q_ind_178_anc_5-2,0.000454,0.000000,0.000000,0.005051
Q_ind_179_anc_5-2,0.000354,0.000000,0.000000,0.004108
Q_ind_180_anc_5-2,0.000452,0.000000,0.000000,0.004574
Q_ind_181_anc_5-2,0.008726,0.000000,0.000000,0.116837
Q_ind_182_anc_5-2,0.000458,0.000000,0.000000,0.005730
Q_ind_183_anc_5-2,0.000490,0.000000,0.000000,0.005615
Q_ind_184_anc_5-2,0.006219,0.000000,0.000000,0.054060
Q_ind_185_anc_5-2,0.003045,0.000000,0.000000,0.036785
Q_ind_186_anc_5-2,0.001707,0.000000,0.000000,0.020891
Q_ind_187_anc_5-2,0.001937,0.000000,0.000000,0.025864
Q_ind_188_anc_5-2,0.003247,0.000000,0.000000,0.037444
Q_ind_189_anc_5-2,0.006072,0.000000,0.000000,0.058820
Q_ind_190_anc_5-2,0.137746,0.143806,0.000000,0.243414
Q_ind_191_anc_5-2,0.001404,0.000000,0.000000,0.019416
Q_ind_192_anc_5-2,0.017974,0.000027,0.000000,0.096779
Q_ind_193_anc_5-2,0.002291,0.000000,0.000000,0.030551
Q_ind_194_anc_5-2,0.000193,0.000000,0.000000,0.002056
Q_ind_195_anc_5-2,0.001519,0.000000,0.000000,0.019820
Q_ind_196_anc_5-2,0.000161,0.000000,0.000000,0.001997
Q_ind_197_anc_5-2,0.000270,0.000000,0.000000,0.003232
Q_ind_198_anc_5-2,0.000184,0.000000,0.000000,0.002197
Q_ind_199_anc_5-2,0.000880,0.000000,0.000000,0.010132
Q_ind_200_anc_5-2,0.000190,0.000000,0.000000,0.002271
Q_ind_201_anc_5-2,0.817735,0.835288,0.673446,0.898711
Q_ind_202_anc_5-2,0.000470,0.000000,0.000000,0.005824
Q_ind_203_anc_5-2,0.003615,0.000000,0.000000,0.043649
Q_ind_204_anc_5-2,0.001313,0.000000,0.000000,0.015955
Q_ind_205_anc_5-2,0.006126,0.000000,0.000000,0.082931
Q_ind_206_anc_5-2,0.001578,0.000000,0.000000,0.021395
Q_ind_207_anc_5-2,0.004651,0.000000,0.000000,0.054885
Q_ind_208_anc_5-2,0.305241,0.306324,0.204490,0.395327
Q_ind_209_anc_5-2,0.013394,0.000010,0.000000,0.085245
Q_ind_210_anc_5-2,0.373472,0.376093,0.259623,0.474749
Q_ind_211_anc_5-2,0.001776,0.000000,0.000000,0.020524
Q_ind_212_anc_5-2,0.334473,0.336928,0.212388,0.441256
Q_ind_213_anc_5-2,0.027007,0.000028,0.000000,0.150140
Q_ind_214_anc_5-2,0.043402,0.000992,0.000000,0.159365
Q_ind_215_anc_5-2,0.002330,0.000000,0.000000,0.028889
Q_ind_216_anc_5-2,0.073220,0.079029,0.000000,0.177157
Q_ind_217_anc_5-2,0.006508,0.000000,0.000000,0.075316
Q_ind_218_anc_5-2,0.024756,0.000003,0.000000,0.133064
Q_ind_219_anc_5-2,0.099632,0.111386,0.000000,0.192697
Q_ind_220_anc_5-2,0.007210,0.000000,0.000000,0.076905
Q_ind_221_anc_5-2,0.046636,0.000922,0.000000,0.178853
Q_ind_222_anc_5-2,0.123781,0.127282,0.000004,0.218728
Q_ind_223_anc_5-2,0.640583,0.640834,0.550782,0.726368
Q_ind_224_anc_5-2,0.278680,0.285313,0.156775,0.361828
Q_ind_225_anc_5-2,0.185148,0.197397,0.000000,0.457139
Q_ind_226_anc_5-2,0.543873,0.546983,0.436149,0.641191
Q_ind_227_anc_5-2,0.260711,0.296125,0.000000,0.517148
Q_ind_228_anc_5-2,0.229106,0.235301,0.000000,0.394888
Q_ind_229_anc_5-2,0.370047,0.369416,0.205545,0.544290
Q_ind_230_anc_5-2,0.448653,0.458169,0.275121,0.576316
Q_ind_231_anc_5-2,0.534614,0.540172,0.408055,0.622362
Q_ind_232_anc_5-2,0.483032,0.484426,0.329922,0.610293
Q_ind_233_anc_5-2,0.289704,0.287914,0.139860,0.440994
Q_ind_234_anc_5-2,0.000579,0.000000,0.000000,0.005470
Q_ind_235_anc_5-2,0.004662,0.000000,0.000000,0.055560
Q_ind_236_anc_5-2,0.002339,0.000000,0.000000,0.031714
Q_ind_237_anc_5-2,0.000751,0.000000,0.000000,0.008830
Q_ind_238_anc_5-2,0.076987,0.078610,0.000000,0.155477
Q_ind_239_anc_5-2,0.004343,0.000000,0.000000,0.046783
Q_ind_240_anc_5-2,0.059655,0.061395,0.000000,0.152638
Q_ind_241_anc_5-2,0.001775,0.000000,0.000000,0.024085
Q_ind_242_anc_5-2,0.002622,0.000000,0.000000,0.034932
Q_ind_243_anc_5-2,0.188027,0.188373,0.104804,0.272683
Q_ind_244_anc_5-2,0.000657,0.000000,0.000000,0.006632
Q_ind_245_anc_5-2,0.212793,0.213004,0.124775,0.300573
Q_ind_1_anc_5-3,0.577808,0.577136,0.474278,0.680938
Q_ind_2_anc_5-3,0.480106,0.480257,0.364917,0.601600
Q_ind_3_anc_5-3,0.190224,0.236598,0.000000,0.356806
Q_ind_4_anc_5-3,0.045663,0.001797,0.000000,0.215775
Q_ind_5_anc_5-3,0.727142,0.728162,0.639272,0.809371
Q_ind_6_anc_5-3,0.120930,0.028819,0.000000,0.391892
Q_ind_7_anc_5-3,0.282747,0.333376,0.000000,0.470807
Q_ind_8_anc_5-3,0.165799,0.220338,0.000000,0.390465
Q_ind_9_anc_5-3,0.242940,0.290267,0.000000,0.443734
Q_ind_10_anc_5-3,0.181509,0.225636,0.000000,0.371553
Q_ind_11_anc_5-3,0.297934,0.301989,0.135132,0.418447
Q_ind_12_anc_5-3,0.101602,0.036445,0.000000,0.342233
Q_ind_13_anc_5-3,0.013517,0.000001,0.000000,0.096836
Q_ind_14_anc_5-3,0.001915,0.000000,0.000000,0.023449
Q_ind_15_anc_5-3,0.004993,0.000000,0.000000,0.058114
Q_ind_16_anc_5-3,0.022613,0.000030,0.000000,0.117371
Q_ind_17_anc_5-3,0.003820,0.000000,0.000000,0.051953
Q_ind_18_anc_5-3,0.003090,0.000000,0.000000,0.037172
Q_ind_19_anc_5-3,0.002180,0.000000,0.000000,0.027239
Q_ind_20_anc_5-3,0.000501,0.000000,0.000000,0.006003
Q_ind_21_anc_5-3,0.001286,0.000000,0.000000,0.016389
Q_ind_22_anc_5-3,0.002709,0.000000,0.000000,0.034712
Q_ind_23_anc_5-3,0.004583,0.000000,0.000000,0.049132
Q_ind_24_anc_5-3,0.017625,0.000002,0.000000,0.116696
Q_ind_25_anc_5-3,0.001725,0.000000,0.000000,0.021439
Q_ind_26_anc_5-3,0.000952,0.000000,0.000000,0.011389
Q_ind_27_anc_5-3,0.001163,0.000000,0.000000,0.015817
Q_ind_28_anc_5-3,0.002079,0.000000,0.000000,0.026928
Q_ind_29_anc_5-3,0.001839,0.000000,0.000000,0.021445
Q_ind_30_anc_5-3,0.002151,0.000000,0.000000,0.023560
Q_ind_31_anc_5-3,0.443354,0.443747,0.323845,0.560873
Q_ind_32_anc_5-3,0.278881,0.298604,0.000000,0.525657
Q_ind_33_anc_5-3,0.463601,0.478287,0.084688,0.610722
Q_ind_34_anc_5-3,0.334543,0.336460,0.148342,0.499740
Q_ind_35_anc_5-3,0.375307,0.374410,0.248462,0.509747
Q_ind_36_anc_5-3,0.353420,0.351453,0.219692,0.493613
Q_ind_37_anc_5-3,0.428666,0.429915,0.289909,0.563322
Q_ind_38_anc_5-3,0.417118,0.419217,0.270864,0.552674
Q_ind_39_anc_5-3,0.457629,0.460147,0.356011,0.552878
Q_ind_40_anc_5-3,0.254782,0.315754,0.000000,0.522512
Q_ind_41_anc_5-3,0.690294,0.690028,0.564509,0.821915
Q_ind_42_anc_5-3,0.000348,0.000000,0.000000,0.003910
Q_ind_43_anc_5-3,0.000721,0.000000,0.000000,0.009853
Q_ind_44_anc_5-3,0.000554,0.000000,0.000000,0.007010
Q_ind_45_anc_5-3,0.000493,0.000000,0.000000,0.005465
Q_ind_46_anc_5-3,0.000345,0.000000,0.000000,0.003912
Q_ind_47_anc_5-3,0.000332,0.000000,0.000000,0.003696
Q_ind_48_anc_5-3,0.000469,0.000000,0.000000,0.005389
Q_ind_49_anc_5-3,0.000260,0.000000,0.000000,0.003059
Q_ind_50_anc_5-3,0.000428,0.000000,0.000000,0.005385
Q_ind_51_anc_5-3,0.000892,0.000000,0.000000,0.010935
Q_ind_52_anc_5-3,0.000350,0.000000,0.000000,0.004250
Q_ind_53_anc_5-3,0.000437,0.000000,0.000000,0.004910
Q_ind_54_anc_5-3,0.000888,0.000000,0.000000,0.011127
Q_ind_55_anc_5-3,0.000728,0.000000,0.000000,0.008244
Q_ind_56_anc_5-3,0.000484,0.000000,0.000000,0.005947
Q_ind_57_anc_5-3,0.000814,0.000000,0.000000,0.009514
Q_ind_58_anc_5-3,0.000418,0.000000,0.000000,0.004726
Q_ind_59_anc_5-3,0.000530,0.000000,0.000000,0.007107
Q_ind_60_anc_5-3,0.000484,0.000000,0.000000,0.005737
Q_ind_61_anc_5-3,0.005233,0.000000,0.000000,0.064475
Q_ind_62_anc_5-3,0.001345,0.000000,0.000000,0.016292
Q_ind_63_anc_5-3,0.000759,0.000000,0.000000,0.009690
Q_ind_64_anc_5-3,0.000367,0.000000,0.000000,0.004732
Q_ind_65_anc_5-3,0.000456,0.000000,0.000000,0.005105
Q_ind_66_anc_5-3,0.000389,0.000000,0.000000,0.004713
Q_ind_67_anc_5-3,0.000541,0.000000,0.000000,0.005839
Q_ind_68_anc_5-3,0.001021,0.000000,0.000000,0.012734
Q_ind_69_anc_5-3,0.000644,0.000000,0.000000,0.008129
Q_ind_70_anc_5-3,0.000231,0.000000,0.000000,0.002717
Q_ind_71_anc_5-3,0.000903,0.000000,0.000000,0.010364
Q_ind_72_anc_5-3,0.002484,0.000000,0.000000,0.031132
Q_ind_73_anc_5-3,0.003723,0.000000,0.000000,0.041094
Q_ind_74_anc_5-3,0.000523,0.000000,0.000000,0.006061
Q_ind_75_anc_5-3,0.001118,0.000000,0.000000,0.016661
Q_ind_76_anc_5-3,0.000704,0.000000,0.000000,0.007386
Q_ind_77_anc_5-3,0.016773,0.000000,0.000000,0.150992
Q_ind_78_anc_5-3,0.013838,0.000000,0.000000,0.124687
Q_ind_79_anc_5-3,0.148364,0.150102,0.000503,0.255418
Q_ind_80_anc_5-3,0.223835,0.223722,0.119720,0.317251
Q_ind_81_anc_5-3,0.146136,0.148424,0.042639,0.237435
Q_ind_82_anc_5-3,0.039567,0.000192,0.000000,0.188735
Q_ind_83_anc_5-3,0.052753,0.028564,0.000000,0.185316
Q_ind_84_anc_5-3,0.054203,0.001131,0.000000,0.220016
Q_ind_85_anc_5-3,0.023481,0.000001,0.000000,0.160341
Q_ind_86_anc_5-3,0.075705,0.065281,0.000000,0.230454
Q_ind_87_anc_5-3,0.096866,0.093025,0.000000,0.269419
Q_ind_88_anc_5-3,0.056938,0.000009,0.000000,0.319922
Q_ind_89_anc_5-3,0.062165,0.000009,0.000000,0.332736
Q_ind_90_anc_5-3,0.241923,0.274449,0.000000,0.398582
Q_ind_91_anc_5-3,0.065667,0.016916,0.000000,0.240827
Q_ind_92_anc_5-3,0.041186,0.000019,0.000000,0.268215
Q_ind_93_anc_5-3,0.004179,0.000000,0.000000,0.058294
Q_ind_94_anc_5-3,0.090854,0.000410,0.000000,0.386271
Q_ind_95_anc_5-3,0.007955,0.000000,0.000000,0.112966
Q_ind_96_anc_5-3,0.000411,0.000000,0.000000,0.005135
Q_ind_97_anc_5-3,0.000543,0.000000,0.000000,0.006520
Q_ind_98_anc_5-3,0.000784,0.000000,0.000000,0.009220
Q_ind_99_anc_5-3,0.000919,0.000000,0.000000,0.011977
Q_ind_100_anc_5-3,0.000289,0.000000,0.000000,0.003526
Q_ind_101_anc_5-3,0.000194,0.000000,0.000000,0.002328
Q_ind_102_anc_5-3,0.000161,0.000000,0.000000,0.001936
Q_ind_103_anc_5-3,0.000366,0.000000,0.000000,0.004150
Q_ind_104_anc_5-3,0.000107,0.000000,0.000000,0.001210
Q_ind_105_anc_5-3,0.000289,0.000000,0.000000,0.003159
Q_ind_106_anc_5-3,0.001285,0.000000,0.000000,0.015720
Q_ind_107_anc_5-3,0.006518,0.000000,0.000000,0.085841
Q_ind_108_anc_5-3,0.024662,0.000001,0.000000,0.237838
Q_ind_109_anc_5-3,0.168320,0.038249,0.000000,0.537167
Q_ind_110_anc_5-3,0.094997,0.055466,0.000000,0.333486
Q_ind_111_anc_5-3,0.149690,0.127081,0.000000,0.462494
Q_ind_112_anc_5-3,0.235785,0.235754,0.053891,0.427391
Q_ind_113_anc_5-3,0.582726,0.640968,0.085538,0.731283
Q_ind_114_anc_5-3,0.034188,0.000002,0.000000,0.288800
Q_ind_115_anc_5-3,0.000784,0.000000,0.000000,0.009020
Q_ind_116_anc_5-3,0.000574,0.000000,0.000000,0.007042
Q_ind_117_anc_5-3,0.000795,0.000000,0.000000,0.010082
Q_ind_118_anc_5-3,0.000650,0.000000,0.000000,0.007713
Q_ind_119_anc_5-3,0.000851,0.000000,0.000000,0.011268
Q_ind_120_anc_5-3,0.000279,0.000000,0.000000,0.003178
Q_ind_121_anc_5-3,0.001188,0.000000,0.000000,0.015143
Q_ind_122_anc_5-3,0.000487,0.000000,0.000000,0.005961
Q_ind_123_anc_5-3,0.000646,0.000000,0.000000,0.007925
Q_ind_124_anc_5-3,0.000278,0.000000,0.000000,0.003212
Q_ind_125_anc_5-3,0.156472,0.163037,0.000000,0.267935
Q_ind_126_anc_5-3,0.082549,0.078699,0.000000,0.234872
Q_ind_127_anc_5-3,0.023605,0.000002,0.000000,0.157310
Q_ind_128_anc_5-3,0.096036,0.110143,0.000000,0.221800
Q_ind_129_anc_5-3,0.029898,0.000017,0.000000,0.159244
Q_ind_130_anc_5-3,0.012661,0.000000,0.000000,0.116280
Q_ind_131_anc_5-3,0.314397,0.312890,0.205836,0.430384
Q_ind_132_anc_5-3,0.556355,0.557373,0.473657,0.635433
Q_ind_133_anc_5-3,0.001219,0.000000,0.000000,0.014117
Q_ind_134_anc_5-3,0.006664,0.000000,0.000000,0.071222
Q_ind_135_anc_5-3,0.009296,0.000000,0.000000,0.080103
Q_ind_136_anc_5-3,0.002856,0.000000,0.000000,0.031718
Q_ind_137_anc_5-3,0.003672,0.000000,0.000000,0.041756
Q_ind_138_anc_5-3,0.378907,0.378311,0.289349,0.469896
Q_ind_139_anc_5-3,0.079542,0.090925,0.000000,0.198121
Q_ind_140_anc_5-3,0.003763,0.000000,0.000000,0.047067
Q_ind_141_anc_5-3,0.005415,0.000000,0.000000,0.059892
Q_ind_142_anc_5-3,0.100954,0.106298,0.000000,0.191010
Q_ind_143_anc_5-3,0.065807,0.066433,0.000000,0.183580
Q_ind_144_anc_5-3,0.011279,0.000001,0.000000,0.097167
Q_ind_145_anc_5-3,0.000434,0.000000,0.000000,0.005355
Q_ind_146_anc_5-3,0.003932,0.000000,0.000000,0.041425
Q_ind_147_anc_5-3,0.000940,0.000000,0.000000,0.011516
Q_ind_148_anc_5-3,0.006404,0.000001,0.000000,0.045950
Q_ind_149_anc_5-3,0.000693,0.000000,0.000000,0.008612
Q_ind_150_anc_5-3,0.000874,0.000000,0.000000,0.011480
Q_ind_151_anc_5-3,0.001032,0.000000,0.000000,0.013499
Q_ind_152_anc_5-3,0.000451,0.000000,0.000000,0.004886
Q_ind_153_anc_5-3,0.000693,0.000000,0.000000,0.008492
Q_ind_154_anc_5-3,0.001702,0.000000,0.000000,0.018632
Q_ind_155_anc_5-3,0.000740,0.000000,0.000000,0.009352
Q_ind_156_anc_5-3,0.046406,0.000047,0.000000,0.273750
Q_ind_157_anc_5-3,0.059948,0.004227,0.000000,0.216688
Q_ind_158_anc_5-3,0.081798,0.000407,0.000000,0.312054
Q_ind_159_anc_5-3,0.010739,0.000000,0.000000,0.116173
Q_ind_160_anc_5-3,0.141352,0.148424,0.000000,0.273707
Q_ind_161_anc_5-3,0.023721,0.000012,0.000000,0.147325
Q_ind_162_anc_5-3,0.006833,0.000000,0.000000,0.072673
Q_ind_163_anc_5-3,0.094724,0.105387,0.000000,0.225062
Q_ind_164_anc_5-3,0.071452,0.014394,0.000000,0.258232
Q_ind_165_anc_5-3,0.074880,0.000193,0.000000,0.427341
Q_ind_166_anc_5-3,0.299621,0.324496,0.000000,0.642101
Q_ind_167_anc_5-3,0.004898,0.000000,0.000000,0.055349
Q_ind_168_anc_5-3,0.042784,0.005723,0.000000,0.162544
Q_ind_169_anc_5-3,0.441362,0.440990,0.359354,0.524609
Q_ind_170_anc_5-3,0.002574,0.000000,0.000000,0.027105
Q_ind_171_anc_5-3,0.001890,0.000000,0.000000,0.022142
Q_ind_172_anc_5-3,0.000415,0.000000,0.000000,0.004654
Q_ind_173_anc_5-3,0.001504,0.000000,0.000000,0.017981
Q_ind_174_anc_5-3,0.000277,0.000000,0.000000,0.003135
Q_ind_175_anc_5-3,0.240036,0.261856,0.000000,0.359542
Q_ind_176_anc_5-3,0.438478,0.440300,0.308830,0.553167
Q_ind_177_anc_5-3,0.326164,0.364138,0.000000,0.543600
Q_ind_178_anc_5-3,0.104647,0.006228,0.000000,0.315738
Q_ind_179_anc_5-3,0.147909,0.152452,0.000000,0.364440
Q_ind_180_anc_5-3,0.001987,0.000000,0.000000,0.026118
Q_ind_181_anc_5-3,0.398216,0.419984,0.004391,0.549320
Q_ind_182_anc_5-3,0.278854,0.282883,0.141488,0.388396
Q_ind_183_anc_5-3,0.273538,0.286734,0.093146,0.411595
Q_ind_184_anc_5-3,0.365446,0.370622,0.242658,0.470509
Q_ind_185_anc_5-3,0.004579,0.000000,0.000000,0.050581
Q_ind_186_anc_5-3,0.001163,0.000000,0.000000,0.014036
Q_ind_187_anc_5-3,0.006561,0.000000,0.000000,0.071642
Q_ind_188_anc_5-3,0.007103,0.000000,0.000000,0.062308
Q_ind_189_anc_5-3,0.003993,0.000000,0.000000,0.044776
Q_ind_190_anc_5-3,0.001816,0.000000,0.000000,0.023993
Q_ind_191_anc_5-3,0.003079,0.000000,0.000000,0.036101
Q_ind_192_anc_5-3,0.010179,0.000000,0.000000,0.092925
Q_ind_193_anc_5-3,0.041842,0.001353,0.000000,0.166321
Q_ind_194_anc_5-3,0.000301,0.000000,0.000000,0.003548
Q_ind_195_anc_5-3,0.001042,0.000000,0.000000,0.012037
Q_ind_196_anc_5-3,0.000268,0.000000,0.000000,0.002806
Q_ind_197_anc_5-3,0.000225,0.000000,0.000000,0.002596
Q_ind_198_anc_5-3,0.000215,0.000000,0.000000,0.002265
Q_ind_199_anc_5-3,0.008144,0.000000,0.000000,0.073959
Q_ind_200_anc_5-3,0.000395,0.000000,0.000000,0.004259
Q_ind_201_anc_5-3,0.001645,0.000000,0.000000,0.020971
Q_ind_202_anc_5-3,0.000987,0.000000,0.000000,0.012219
Q_ind_203_anc_5-3,0.082399,0.008608,0.000000,0.330788
Q_ind_204_anc_5-3,0.173224,0.185631,0.000000,0.445422
Q_ind_205_anc_5-3,0.278865,0.319138,0.000000,0.465007
Q_ind_206_anc_5-3,0.144564,0.164740,0.000000,0.348701
Q_ind_207_anc_5-3,0.035968,0.000003,0.000000,0.246906
Q_ind_208_anc_5-3,0.434986,0.436531,0.326071,0.535766
Q_ind_209_anc_5-3,0.300210,0.313805,0.093836,0.435833
Q_ind_210_anc_5-3,0.117198,0.115407,0.000000,0.318398
Q_ind_211_anc_5-3,0.273183,0.292145,0.000000,0.434554
Q_ind_212_anc_5-3,0.001180,0.000000,0.000000,0.014207
Q_ind_213_anc_5-3,0.021044,0.000001,0.000000,0.170213
Q_ind_214_anc_5-3,0.006170,0.000000,0.000000,0.080524
Q_ind_215_anc_5-3,0.182555,0.181905,0.076583,0.297892
Q_ind_216_anc_5-3,0.003227,0.000000,0.000000,0.047158
Q_ind_217_anc_5-3,0.093723,0.096072,0.000000,0.217874
Q_ind_218_anc_5-3,0.115639,0.129323,0.000000,0.239261
Q_ind_219_anc_5-3,0.033332,0.000019,0.000000,0.192392
Q_ind_220_anc_5-3,0.008842,0.000000,0.000000,0.088112
Q_ind_221_anc_5-3,0.020795,0.000000,0.000000,0.209347
Q_ind_222_anc_5-3,0.027813,0.000021,0.000000,0.177356
Q_ind_223_anc_5-3,0.139009,0.146835,0.000000,0.307402
Q_ind_224_anc_5-3,0.005806,0.000000,0.000000,0.075298
Q_ind_225_anc_5-3,0.004403,0.000000,0.000000,0.050777
Q_ind_226_anc_5-3,0.136831,0.151707,0.000000,0.337879
Q_ind_227_anc_5-3,0.030421,0.000078,0.000000,0.163707
Q_ind_228_anc_5-3,0.011663,0.000000,0.000000,0.140841
Q_ind_229_anc_5-3,0.002216,0.000000,0.000000,0.031624
Q_ind_230_anc_5-3,0.013365,0.000000,0.000000,0.158278
Q_ind_231_anc_5-3,0.026240,0.000004,0.000000,0.177386
Q_ind_232_anc_5-3,0.026572,0.000015,0.000000,0.158453
Q_ind_233_anc_5-3,0.061927,0.000223,0.000000,0.269679
Q_ind_234_anc_5-3,0.000287,0.000000,0.000000,0.003228
Q_ind_235_anc_5-3,0.001653,0.000000,0.000000,0.019502
Q_ind_236_anc_5-3,0.001687,0.000000,0.000000,0.019326
Q_ind_237_anc_5-3,0.000728,0.000000,0.000000,0.008927
Q_ind_238_anc_5-3,0.000418,0.000000,0.000000,0.005009
Q_ind_239_anc_5-3,0.001453,0.000000,0.000000,0.017640
Q_ind_240_anc_5-3,0.000544,0.000000,0.000000,0.007169
Q_ind_241_anc_5-3,0.000334,0.000000,0.000000,0.004033
Q_ind_242_anc_5-3,0.000910,0.000000,0.000000,0.011071
Q_ind_243_anc_5-3,0.000303,0.000000,0.000000,0.003529
Q_ind_244_anc_5-3,0.000797,0.000000,0.000000,0.008834
Q_ind_245_anc_5-3,0.000368,0.000000,0.000000,0.004730
Q_ind_1_anc_5-4,0.001248,0.000000,0.000000,0.015362
Q_ind_2_anc_5-4,0.000555,0.000000,0.000000,0.006275
Q_ind_3_anc_5-4,0.000404,0.000000,0.000000,0.004553
Q_ind_4_anc_5-4,0.000869,0.000000,0.000000,0.011371
Q_ind_5_anc_5-4,0.040031,0.040708,0.000000,0.110937
Q_ind_6_anc_5-4,0.001988,0.000000,0.000000,0.022654
Q_ind_7_anc_5-4,0.000343,0.000000,0.000000,0.003944
Q_ind_8_anc_5-4,0.001089,0.000000,0.000000,0.013034
Q_ind_9_anc_5-4,0.000722,0.000000,0.000000,0.008242
Q_ind_10_anc_5-4,0.000545,0.000000,0.000000,0.006586
Q_ind_11_anc_5-4,0.000950,0.000000,0.000000,0.012202
Q_ind_12_anc_5-4,0.003794,0.000000,0.000000,0.039593
Q_ind_13_anc_5-4,0.012655,0.000001,0.000000,0.104906
Q_ind_14_anc_5-4,0.001823,0.000000,0.000000,0.025207
Q_ind_15_anc_5-4,0.006347,0.000000,0.000000,0.065537
Q_ind_16_anc_5-4,0.006716,0.000000,0.000000,0.068237
Q_ind_17_anc_5-4,0.008171,0.000000,0.000000,0.088522
Q_ind_18_anc_5-4,0.021985,0.000005,0.000000,0.143701
Q_ind_19_anc_5-4,0.005567,0.000000,0.000000,0.055855
Q_ind_20_anc_5-4,0.160196,0.166817,0.033621,0.260137
Q_ind_21_anc_5-4,0.002551,0.000000,0.000000,0.031382
Q_ind_22_anc_5-4,0.002484,0.000000,0.000000,0.028287
Q_ind_23_anc_5-4,0.001103,0.000000,0.000000,0.014269
Q_ind_24_anc_5-4,0.014994,0.000024,0.000000,0.079837
Q_ind_25_anc_5-4,0.004529,0.000000,0.000000,0.042829
Q_ind_26_anc_5-4,0.000384,0.000000,0.000000,0.004225
Q_ind_27_anc_5-4,0.001053,0.000000,0.000000,0.013870
Q_ind_28_anc_5-4,0.001036,0.000000,0.000000,0.012208
Q_ind_29_anc_5-4,0.002126,0.000000,0.000000,0.023816
Q_ind_30_anc_5-4,0.000781,0.000000,0.000000,0.010199
Q_ind_31_anc_5-4,0.153127,0.152954,0.082242,0.223717
Q_ind_32_anc_5-4,0.011541,0.000000,0.000000,0.123634
Q_ind_33_anc_5-4,0.121106,0.125524,0.000000,0.209712
Q_ind_34_anc_5-4,0.067615,0.046424,0.000000,0.210690
Q_ind_35_anc_5-4,0.137890,0.149660,0.000000,0.232384
Q_ind_36_anc_5-4,0.108046,0.115144,0.000000,0.195123
Q_ind_37_anc_5-4,0.142168,0.143965,0.045421,0.223768
Q_ind_38_anc_5-4,0.124303,0.123276,0.050870,0.201536
Q_ind_39_anc_5-4,0.321383,0.322291,0.234497,0.398917
Q_ind_40_anc_5-4,0.019131,0.000004,0.000000,0.127746
Q_ind_41_anc_5-4,0.089771,0.102819,0.000000,0.209119
Q_ind_42_anc_5-4,0.000421,0.000000,0.000000,0.005160
Q_ind_43_anc_5-4,0.003429,0.000000,0.000000,0.036565
Q_ind_44_anc_5-4,0.000748,0.000000,0.000000,0.009110
Q_ind_45_anc_5-4,0.000598,0.000000,0.000000,0.007231
Q_ind_46_anc_5-4,0.000810,0.000000,0.000000,0.008808
Q_ind_47_anc_5-4,0.001085,0.000000,0.000000,0.011039
Q_ind_48_anc_5-4,0.000778,0.000000,0.000000,0.010498
Q_ind_49_anc_5-4,0.000646,0.000000,0.000000,0.007518
Q_ind_50_anc_5-4,0.000659,0.000000,0.000000,0.007821
Q_ind_51_anc_5-4,0.000772,0.000000,0.000000,0.008639
Q_ind_52_anc_5-4,0.001080,0.000000,0.000000,0.012357
Q_ind_53_anc_5-4,0.000585,0.000000,0.000000,0.006598
Q_ind_54_anc_5-4,0.004257,0.000000,0.000000,0.046875
Q_ind_55_anc_5-4,0.000772,0.000000,0.000000,0.008515
Q_ind_56_anc_5-4,0.001073,0.000000,0.000000,0.013771
Q_ind_57_anc_5-4,0.002142,0.000000,0.000000,0.025959
Q_ind_58_anc_5-4,0.002076,0.000000,0.000000,0.025943
Q_ind_59_anc_5-4,0.001332,0.000000,0.000000,0.018518
Q_ind_60_anc_5-4,0.003870,0.000000,0.000000,0.037635
Q_ind_61_anc_5-4,0.009754,0.000002,0.000000,0.078452
Q_ind_62_anc_5-4,0.003524,0.000000,0.000000,0.038794
Q_ind_63_anc_5-4,0.000313,0.000000,0.000000,0.003671
Q_ind_64_anc_5-4,0.000243,0.000000,0.000000,0.003017
Q_ind_65_anc_5-4,0.000562,0.000000,0.000000,0.007399
Q_ind_66_anc_5-4,0.000523,0.000000,0.000000,0.006377
Q_ind_67_anc_5-4,0.000238,0.000000,0.000000,0.002643
Q_ind_68_anc_5-4,0.000598,0.000000,0.000000,0.006663
Q_ind_69_anc_5-4,0.001863,0.000000,0.000000,0.022488
Q_ind_70_anc_5-4,0.000626,0.000000,0.000000,0.007334
Q_ind_71_anc_5-4,0.001183,0.000000,0.000000,0.015048
Q_ind_72_anc_5-4,0.006945,0.000000,0.000000,0.069390
Q_ind_73_anc_5-4,0.004426,0.000000,0.000000,0.042408
Q_ind_74_anc_5-4,0.001679,0.000000,0.000000,0.020321
Q_ind_75_anc_5-4,0.001067,0.000000,0.000000,0.014402
Q_ind_76_anc_5-4,0.000965,0.000000,0.000000,0.012112
Q_ind_77_anc_5-4,0.000456,0.000000,0.000000,0.005643
Q_ind_78_anc_5-4,0.000705,0.000000,0.000000,0.009148
Q_ind_79_anc_5-4,0.001933,0.000000,0.000000,0.023854
Q_ind_80_anc_5-4,0.001114,0.000000,0.000000,0.012258
Q_ind_81_anc_5-4,0.001874,0.000000,0.000000,0.024454
Q_ind_82_anc_5-4,0.001915,0.000000,0.000000,0.021500
Q_ind_83_anc_5-4,0.000694,0.000000,0.000000,0.008341
Q_ind_84_anc_5-4,0.000746,0.000000,0.000000,0.009147
Q_ind_85_anc_5-4,0.000648,0.000000,0.000000,0.007562
Q_ind_86_anc_5-4,0.000686,0.000000,0.000000,0.008512
Q_ind_87_anc_5-4,0.001114,0.000000,0.000000,0.012869
Q_ind_88_anc_5-4,0.000593,0.000000,0.000000,0.007298
Q_ind_89_anc_5-4,0.001744,0.000000,0.000000,0.021386
Q_ind_90_anc_5-4,0.002260,0.000000,0.000000,0.027069
Q_ind_91_anc_5-4,0.040921,0.000208,0.000000,0.225016
Q_ind_92_anc_5-4,0.021260,0.000001,0.000000,0.224925
Q_ind_93_anc_5-4,0.015629,0.000001,0.000000,0.132025
Q_ind_94_anc_5-4,0.216966,0.274757,0.000000,0.359788
Q_ind_95_anc_5-4,0.024800,0.000000,0.000000,0.208142
Q_ind_96_anc_5-4,0.000718,0.000000,0.000000,0.008599
Q_ind_97_anc_5-4,0.001280,0.000000,0.000000,0.014450
Q_ind_98_anc_5-4,0.076379,0.079141,0.000000,0.150554
Q_ind_99_anc_5-4,0.210336,0.210153,0.135390,0.287806
Q_ind_100_anc_5-4,0.000520,0.000000,0.000000,0.006613
Q_ind_101_anc_5-4,0.000376,0.000000,0.000000,0.004472
Q_ind_102_anc_5-4,0.000188,0.000000,0.000000,0.001943
Q_ind_103_anc_5-4,0.000520,0.000000,0.000000,0.006626
Q_ind_104_anc_5-4,0.000215,0.000000,0.000000,0.002084
Q_ind_105_anc_5-4,0.156464,0.155456,0.084359,0.232194
Q_ind_106_anc_5-4,0.002027,0.000000,0.000000,0.022566
Q_ind_107_anc_5-4,0.000760,0.000000,0.000000,0.008721
Q_ind_108_anc_5-4,0.002762,0.000000,0.000000,0.033817
Q_ind_109_anc_5-4,0.001534,0.000000,0.000000,0.016326
Q_ind_110_anc_5-4,0.007755,0.000000,0.000000,0.062429
Q_ind_111_anc_5-4,0.008638,0.000000,0.000000,0.074873
Q_ind_112_anc_5-4,0.002108,0.000000,0.000000,0.029363
Q_ind_113_anc_5-4,0.001135,0.000000,0.000000,0.015645
Q_ind_114_anc_5-4,0.010432,0.000000,0.000000,0.094697
Q_ind_115_anc_5-4,0.001731,0.000000,0.000000,0.020327
Q_ind_116_anc_5-4,0.001233,0.000000,0.000000,0.014547
Q_ind_117_anc_5-4,0.000479,0.000000,0.000000,0.006471
Q_ind_118_anc_5-4,0.001567,0.000000,0.000000,0.018719
Q_ind_119_anc_5-4,0.000935,0.000000,0.000000,0.011309
Q_ind_120_anc_5-4,0.000609,0.000000,0.000000,0.007858
Q_ind_121_anc_5-4,0.003836,0.000000,0.000000,0.036707
Q_ind_122_anc_5-4,0.000657,0.000000,0.000000,0.008431
Q_ind_123_anc_5-4,0.000329,0.000000,0.000000,0.003755
Q_ind_124_anc_5-4,0.166422,0.166644,0.083325,0.250407
Q_ind_125_anc_5-4,0.000804,0.000000,0.000000,0.010028
Q_ind_126_anc_5-4,0.010393,0.000002,0.000000,0.076196
Q_ind_127_anc_5-4,0.027413,0.000359,0.000000,0.108948
Q_ind_128_anc_5-4,0.015378,0.000003,0.000000,0.101735
Q_ind_129_anc_5-4,0.009105,0.000003,0.000000,0.060221
Q_ind_130_anc_5-4,0.013796,0.000011,0.000000,0.079812
Q_ind_131_anc_5-4,0.000888,0.000000,0.000000,0.010537
Q_ind_132_anc_5-4,0.003373,0.000000,0.000000,0.040421
Q_ind_133_anc_5-4,0.000423,0.000000,0.000000,0.004932
Q_ind_134_anc_5-4,0.006219,0.000000,0.000000,0.046308
Q_ind_135_anc_5-4,0.001310,0.000000,0.000000,0.016963
Q_ind_136_anc_5-4,0.009057,0.000001,0.000000,0.058885
Q_ind_137_anc_5-4,0.005109,0.000000,0.000000,0.045694
Q_ind_138_anc_5-4,0.001243,0.000000,0.000000,0.015996
Q_ind_139_anc_5-4,0.029756,0.002310,0.000000,0.106881
Q_ind_140_anc_5-4,0.002990,0.000000,0.000000,0.033647
Q_ind_141_anc_5-4,0.006570,0.000000,0.000000,0.059899
Q_ind_142_anc_5-4,0.008256,0.000000,0.000000,0.083962
Q_ind_143_anc_5-4,0.003089,0.000000,0.000000,0.038145
Q_ind_144_anc_5-4,0.001725,0.000000,0.000000,0.021510
Q_ind_145_anc_5-4,0.000334,0.000000,0.000000,0.003993
Q_ind_146_anc_5-4,0.000259,0.000000,0.000000,0.002927
Q_ind_147_anc_5-4,0.000871,0.000000,0.000000,0.011970
Q_ind_148_anc_5-4,0.001346,0.000000,0.000000,0.017968
Q_ind_149_anc_5-4,0.000454,0.000000,0.000000,0.005205
Q_ind_150_anc_5-4,0.001525,0.000000,0.000000,0.015321
Q_ind_151_anc_5-4,0.000923,0.000000,0.000000,0.011580
Q_ind_152_anc_5-4,0.000656,0.000000,0.000000,0.007708
Q_ind_153_anc_5-4,0.000646,0.000000,0.000000,0.008052
Q_ind_154_anc_5-4,0.001827,0.000000,0.000000,0.019736
Q_ind_155_anc_5-4,0.005040,0.000000,0.000000,0.058453
Q_ind_156_anc_5-4,0.000957,0.000000,0.000000,0.011525
Q_ind_157_anc_5-4,0.002921,0.000000,0.000000,0.030951
Q_ind_158_anc_5-4,0.000342,0.000000,0.000000,0.003964
Q_ind_159_anc_5-4,0.001499,0.000000,0.000000,0.019698
Q_ind_160_anc_5-4,0.000533,0.000000,0.000000,0.006413
Q_ind_161_anc_5-4,0.000996,0.000000,0.000000,0.011061
Q_ind_162_anc_5-4,0.000846,0.000000,0.000000,0.009882
Q_ind_163_anc_5-4,0.000553,0.000000,0.000000,0.007555
Q_ind_164_anc_5-4,0.000816,0.000000,0.000000,0.010141
Q_ind_165_anc_5-4,0.003589,0.000000,0.000000,0.037413
Q_ind_166_anc_5-4,0.001757,0.000000,0.000000,0.021059
Q_ind_167_anc_5-4,0.002013,0.000000,0.000000,0.024320
Q_ind_168_anc_5-4,0.032960,0.000062,0.000000,0.139613
Q_ind_169_anc_5-4,0.002277,0.000000,0.000000,0.027143
Q_ind_170_anc_5-4,0.000680,0.000000,0.000000,0.008336
Q_ind_171_anc_5-4,0.000670,0.000000,0.000000,0.007997
Q_ind_172_anc_5-4,0.000399,0.000000,0.000000,0.004423
Q_ind_173_anc_5-4,0.001161,0.000000,0.000000,0.014457
Q_ind_174_anc_5-4,0.000300,0.000000,0.000000,0.003444
Q_ind_175_anc_5-4,0.002522,0.000000,0.000000,0.028136
Q_ind_176_anc_5-4,0.030114,0.008383,0.000000,0.112706
Q_ind_177_anc_5-4,0.000632,0.000000,0.000000,0.007815
Q_ind_178_anc_5-4,0.000535,0.000000,0.000000,0.006599
Q_ind_179_anc_5-4,0.000314,0.000000,0.000000,0.003921
Q_ind_180_anc_5-4,0.000248,0.000000,0.000000,0.003033
Q_ind_181_anc_5-4,0.014952,0.000001,0.000000,0.106723
Q_ind_182_anc_5-4,0.000727,0.000000,0.000000,0.008518
Q_ind_183_anc_5-4,0.000598,0.000000,0.000000,0.007060
Q_ind_184_anc_5-4,0.001926,0.000000,0.000000,0.027071
Q_ind_185_anc_5-4,0.001617,0.000000,0.000000,0.017003
Q_ind_186_anc_5-4,0.002791,0.000000,0.000000,0.029969
Q_ind_187_anc_5-4,0.001351,0.000000,0.000000,0.018845
Q_ind_188_anc_5-4,0.010120,0.000002,0.000000,0.068770
Q_ind_189_anc_5-4,0.001052,0.000000,0.000000,0.013313
Q_ind_190_anc_5-4,0.008924,0.000000,0.000000,0.087581
Q_ind_191_anc_5-4,0.001288,0.000000,0.000000,0.015676
Q_ind_192_anc_5-4,0.017841,0.000253,0.000000,0.083128
Q_ind_193_anc_5-4,0.001669,0.000000,0.000000,0.019353
Q_ind_194_anc_5-4,0.000179,0.000000,0.000000,0.001900
Q_ind_195_anc_5-4,0.000491,0.000000,0.000000,0.005223
Q_ind_196_anc_5-4,0.000230,0.000000,0.000000,0.002699
Q_ind_197_anc_5-4,0.000332,0.000000,0.000000,0.003857
Q_ind_198_anc_5-4,0.000167,0.000000,0.000000,0.001868
Q_ind_199_anc_5-4,0.000664,0.000000,0.000000,0.006841
Q_ind_200_anc_5-4,0.000214,0.000000,0.000000,0.002602
Q_ind_201_anc_5-4,0.044801,0.000686,0.000000,0.170699
Q_ind_202_anc_5-4,0.000533,0.000000,0.000000,0.006967
Q_ind_203_anc_5-4,0.002538,0.000000,0.000000,0.031248
Q_ind_204_anc_5-4,0.001923,0.000000,0.000000,0.022487
Q_ind_205_anc_5-4,0.001593,0.000000,0.000000,0.018550
Q_ind_206_anc_5-4,0.002494,0.000000,0.000000,0.031003
Q_ind_207_anc_5-4,0.002316,0.000000,0.000000,0.030678
Q_ind_208_anc_5-4,0.026175,0.011396,0.000000,0.101936
Q_ind_209_anc_5-4,0.002313,0.000000,0.000000,0.025997
Q_ind_210_anc_5-4,0.001151,0.000000,0.000000,0.012537
Q_ind_211_anc_5-4,0.001761,0.000000,0.000000,0.022409
Q_ind_212_anc_5-4,0.311242,0.314447,0.147596,0.444690
Q_ind_213_anc_5-4,0.095636,0.105105,0.000000,0.173399
Q_ind_214_anc_5-4,0.069542,0.079046,0.000000,0.158120
Q_ind_215_anc_5-4,0.002373,0.000000,0.000000,0.030302
Q_ind_216_anc_5-4,0.039172,0.028660,0.000000,0.127954
Q_ind_217_anc_5-4,0.008887,0.000001,0.000000,0.070928
Q_ind_218_anc_5-4,0.001200,0.000000,0.000000,0.015227
Q_ind_219_anc_5-4,0.010677,0.000000,0.000000,0.102252
Q_ind_220_anc_5-4,0.071902,0.088167,0.000000,0.172591
Q_ind_221_anc_5-4,0.103363,0.129556,0.000000,0.224785
Q_ind_222_anc_5-4,0.035406,0.003937,0.000000,0.138071
Q_ind_223_anc_5-4,0.073394,0.081500,0.000000,0.196500
Q_ind_224_anc_5-4,0.316948,0.320532,0.208364,0.402750
Q_ind_225_anc_5-4,0.093289,0.109681,0.000000,0.203887
Q_ind_226_anc_5-4,0.058891,0.003501,0.000000,0.195782
Q_ind_227_anc_5-4,0.094144,0.108500,0.000000,0.212544
Q_ind_228_anc_5-4,0.027923,0.000049,0.000000,0.146804
Q_ind_229_anc_5-4,0.026093,0.000492,0.000000,0.125635
Q_ind_230_anc_5-4,0.101933,0.122492,0.000000,0.223722
Q_ind_231_anc_5-4,0.175600,0.174815,0.104033,0.252545
Q_ind_232_anc_5-4,0.310139,0.312714,0.202037,0.401346
Q_ind_233_anc_5-4,0.002897,0.000000,0.000000,0.036763
Q_ind_234_anc_5-4,0.000329,0.000000,0.000000,0.003782
Q_ind_235_anc_5-4,0.004913,0.000000,0.000000,0.066786
Q_ind_236_anc_5-4,0.001097,0.000000,0.000000,0.012162
Q_ind_237_anc_5-4,0.001074,0.000000,0.000000,0.012799
Q_ind_238_anc_5-4,0.000410,0.000000,0.000000,0.005076
Q_ind_239_anc_5-4,0.002259,0.000000,0.000000,0.028290
Q_ind_240_anc_5-4,0.001170,0.000000,0.000000,0.015225
Q_ind_241_anc_5-4,0.000470,0.000000,0.000000,0.006304
Q_ind_242_anc_5-4,0.001215,0.000000,0.000000,0.014315
Q_ind_243_anc_5-4,0.000350,0.000000,0.000000,0.003835
Q_ind_244_anc_5-4,0.000538,0.000000,0.000000,0.006183
Q_ind_245_anc_5-4,0.000316,0.000000,0.000000,0.003878
Q_ind_1_anc_5-5,0.161850,0.161008,0.059802,0.265206
Q_ind_2_anc_5-5,0.279663,0.278411,0.160782,0.400245
Q_ind_3_anc_5-5,0.557296,0.542994,0.413261,0.722243
Q_ind_4_anc_5-5,0.781033,0.792393,0.648641,0.860502
Q_ind_5_anc_5-5,0.001318,0.000000,0.000000,0.015203
Q_ind_6_anc_5-5,0.622747,0.698007,0.362667,0.783705
Q_ind_7_anc_5-5,0.591124,0.569048,0.428094,0.803288
Q_ind_8_anc_5-5,0.589335,0.543911,0.356102,0.800125
Q_ind_9_anc_5-5,0.523731,0.495804,0.325494,0.754749
Q_ind_10_anc_5-5,0.609764,0.559204,0.415751,0.834072
Q_ind_11_anc_5-5,0.546346,0.543504,0.427576,0.673688
Q_ind_12_anc_5-5,0.676356,0.715458,0.449523,0.808527
Q_ind_13_anc_5-5,0.001136,0.000000,0.000000,0.015619
Q_ind_14_anc_5-5,0.000907,0.000000,0.000000,0.011558
Q_ind_15_anc_5-5,0.002258,0.000000,0.000000,0.024568
Q_ind_16_anc_5-5,0.015084,0.000462,0.000000,0.064647
Q_ind_17_anc_5-5,0.000570,0.000000,0.000000,0.006010
Q_ind_18_anc_5-5,0.001998,0.000000,0.000000,0.025680
Q_ind_19_anc_5-5,0.000561,0.000000,0.000000,0.006578
Q_ind_20_anc_5-5,0.000160,0.000000,0.000000,0.001846
Q_ind_21_anc_5-5,0.000938,0.000000,0.000000,0.011218
Q_ind_22_anc_5-5,0.001102,0.000000,0.000000,0.012236
Q_ind_23_anc_5-5,0.000584,0.000000,0.000000,0.006993
Q_ind_24_anc_5-5,0.001389,0.000000,0.000000,0.016987
Q_ind_25_anc_5-5,0.000968,0.000000,0.000000,0.012162
Q_ind_26_anc_5-5,0.000327,0.000000,0.000000,0.004105
Q_ind_27_anc_5-5,0.000417,0.000000,0.000000,0.004980
Q_ind_28_anc_5-5,0.001608,0.000000,0.000000,0.018566
Q_ind_29_anc_5-5,0.000864,0.000000,0.000000,0.010769
Q_ind_30_anc_5-5,0.000469,0.000000,0.000000,0.005812
Q_ind_31_anc_5-5,0.380746,0.380751,0.274347,0.489987
Q_ind_32_anc_5-5,0.514082,0.503838,0.330324,0.737022
Q_ind_33_anc_5-5,0.385783,0.375856,0.254437,0.651369
Q_ind_34_anc_5-5,0.545194,0.543495,0.416955,0.691921
Q_ind_35_anc_5-5,0.439488,0.436374,0.326568,0.570543
Q_ind_36_anc_5-5,0.479312,0.476468,0.375179,0.599005
Q_ind_37_anc_5-5,0.346465,0.344000,0.239601,0.461947
Q_ind_38_anc_5-5,0.416309,0.414521,0.301236,0.538065
Q_ind_39_anc_5-5,0.000371,0.000000,0.000000,0.004830
Q_ind_40_anc_5-5,0.418217,0.365131,0.163260,0.713368
Q_ind_41_anc_5-5,0.033312,0.000003,0.000000,0.232363
Q_ind_42_anc_5-5,0.000497,0.000000,0.000000,0.005559
Q_ind_43_anc_5-5,0.000763,0.000000,0.000000,0.010467
Q_ind_44_anc_5-5,0.000470,0.000000,0.000000,0.005757
Q_ind_45_anc_5-5,0.000585,0.000000,0.000000,0.006379
Q_ind_46_anc_5-5,0.000482,0.000000,0.000000,0.005487
Q_ind_47_anc_5-5,0.000519,0.000000,0.000000,0.006252
Q_ind_48_anc_5-5,0.000325,0.000000,0.000000,0.003936
Q_ind_49_anc_5-5,0.000471,0.000000,0.000000,0.005987
Q_ind_50_anc_5-5,0.000345,0.000000,0.000000,0.003878
Q_ind_51_anc_5-5,0.001135,0.000000,0.000000,0.011483
Q_ind_52_anc_5-5,0.000217,0.000000,0.000000,0.002536
Q_ind_53_anc_5-5,0.000278,0.000000,0.000000,0.003477
Q_ind_54_anc_5-5,0.000402,0.000000,0.000000,0.004760
Q_ind_55_anc_5-5,0.000274,0.000000,0.000000,0.003298
Q_ind_56_anc_5-5,0.000376,0.000000,0.000000,0.004429
Q_ind_57_anc_5-5,0.000357,0.000000,0.000000,0.004402
Q_ind_58_anc_5-5,0.000277,0.000000,0.000000,0.003280
Q_ind_59_anc_5-5,0.000642,0.000000,0.000000,0.008067
Q_ind_60_anc_5-5,0.000197,0.000000,0.000000,0.002206
Q_ind_61_anc_5-5,0.000748,0.000000,0.000000,0.010172
Q_ind_62_anc_5-5,0.001560,0.000000,0.000000,0.016496
Q_ind_63_anc_5-5,0.016147,0.016301,0.000000,0.040725
Q_ind_64_anc_5-5,0.001027,0.000000,0.000000,0.011796
Q_ind_65_anc_5-5,0.003627,0.000002,0.000000,0.024630
Q_ind_66_anc_5-5,0.001025,0.000000,0.000000,0.011798
Q_ind_67_anc_5-5,0.082118,0.082264,0.010757,0.146970
Q_ind_68_anc_5-5,0.000577,0.000000,0.000000,0.007018
Q_ind_69_anc_5-5,0.000281,0.000000,0.000000,0.003460
Q_ind_70_anc_5-5,0.000185,0.000000,0.000000,0.002262
Q_ind_71_anc_5-5,0.000711,0.000000,0.000000,0.008253
Q_ind_72_anc_5-5,0.002904,0.000000,0.000000,0.030125
Q_ind_73_anc_5-5,0.003326,0.000000,0.000000,0.031192
Q_ind_74_anc_5-5,0.000273,0.000000,0.000000,0.002822
Q_ind_75_anc_5-5,0.000542,0.000000,0.000000,0.006191
Q_ind_76_anc_5-5,0.000674,0.000000,0.000000,0.006961
Q_ind_77_anc_5-5,0.060524,0.065154,0.000000,0.116129
Q_ind_78_anc_5-5,0.034141,0.032486,0.000000,0.095012
Q_ind_79_anc_5-5,0.005313,0.000000,0.000000,0.052275
Q_ind_80_anc_5-5,0.000826,0.000000,0.000000,0.008969
Q_ind_81_anc_5-5,0.000794,0.000000,0.000000,0.009205
Q_ind_82_anc_5-5,0.019494,0.000016,0.000000,0.106533
Q_ind_83_anc_5-5,0.005435,0.000000,0.000000,0.052752
Q_ind_84_anc_5-5,0.024737,0.000066,0.000000,0.108467
Q_ind_85_anc_5-5,0.001047,0.000000,0.000000,0.014235
Q_ind_86_anc_5-5,0.016795,0.000008,0.000000,0.088720
Q_ind_87_anc_5-5,0.002319,0.000000,0.000000,0.026242
Q_ind_88_anc_5-5,0.092185,0.100048,0.000000,0.233546
Q_ind_89_anc_5-5,0.059380,0.030051,0.000000,0.207650
Q_ind_90_anc_5-5,0.015239,0.000000,0.000000,0.131190
Q_ind_91_anc_5-5,0.045984,0.016806,0.000000,0.156843
Q_ind_92_anc_5-5,0.103915,0.120362,0.000000,0.188937
Q_ind_93_anc_5-5,0.178076,0.181458,0.076724,0.247294
Q_ind_94_anc_5-5,0.000887,0.000000,0.000000,0.010522
Q_ind_95_anc_5-5,0.086924,0.095006,0.000000,0.208890
Q_ind_96_anc_5-5,0.000421,0.000000,0.000000,0.004824
Q_ind_97_anc_5-5,0.000339,0.000000,0.000000,0.003953
Q_ind_98_anc_5-5,0.000205,0.000000,0.000000,0.002377
Q_ind_99_anc_5-5,0.000244,0.000000,0.000000,0.002937
Q_ind_100_anc_5-5,0.000169,0.000000,0.000000,0.001987
Q_ind_101_anc_5-5,0.000164,0.000000,0.000000,0.001714
Q_ind_102_anc_5-5,0.000151,0.000000,0.000000,0.001741
Q_ind_103_anc_5-5,0.000339,0.000000,0.000000,0.004167
Q_ind_104_anc_5-5,0.000160,0.000000,0.000000,0.001876
Q_ind_105_anc_5-5,0.000122,0.000000,0.000000,0.001515
Q_ind_106_anc_5-5,0.000341,0.000000,0.000000,0.004027
Q_ind_107_anc_5-5,0.151328,0.185931,0.000000,0.333767
Q_ind_108_anc_5-5,0.004558,0.000000,0.000000,0.049075
Q_ind_109_anc_5-5,0.210923,0.215232,0.053663,0.361419
Q_ind_110_anc_5-5,0.205619,0.225540,0.000000,0.349287
Q_ind_111_anc_5-5,0.124064,0.101229,0.000000,0.345412
Q_ind_112_anc_5-5,0.001141,0.000000,0.000000,0.013848
Q_ind_113_anc_5-5,0.025812,0.000001,0.000000,0.219782
Q_ind_114_anc_5-5,0.220641,0.233617,0.060941,0.322849
Q_ind_115_anc_5-5,0.000814,0.000000,0.000000,0.009830
Q_ind_116_anc_5-5,0.001084,0.000000,0.000000,0.013041
Q_ind_117_anc_5-5,0.000566,0.000000,0.000000,0.006850
Q_ind_118_anc_5-5,0.000362,0.000000,0.000000,0.004005
Q_ind_119_anc_5-5,0.000448,0.000000,0.000000,0.005312
Q_ind_120_anc_5-5,0.000257,0.000000,0.000000,0.002846
Q_ind_121_anc_5-5,0.001479,0.000000,0.000000,0.016169
Q_ind_122_anc_5-5,0.000323,0.000000,0.000000,0.003888
Q_ind_123_anc_5-5,0.000442,0.000000,0.000000,0.005478
Q_ind_124_anc_5-5,0.000224,0.000000,0.000000,0.002431
Q_ind_125_anc_5-5,0.005905,0.000000,0.000000,0.063691
Q_ind_126_anc_5-5,0.030578,0.000479,0.000000,0.118791
Q_ind_127_anc_5-5,0.003578,0.000000,0.000000,0.041003
Q_ind_128_anc_5-5,0.005615,0.000000,0.000000,0.065135
Q_ind_129_anc_5-5,0.003610,0.000000,0.000000,0.042477
Q_ind_130_anc_5-5,0.004522,0.000000,0.000000,0.059263
Q_ind_131_anc_5-5,0.000527,0.000000,0.000000,0.006110
Q_ind_132_anc_5-5,0.000173,0.000000,0.000000,0.002115
Q_ind_133_anc_5-5,0.000525,0.000000,0.000000,0.006239
Q_ind_134_anc_5-5,0.000897,0.000000,0.000000,0.010926
Q_ind_135_anc_5-5,0.004299,0.000000,0.000000,0.035460
Q_ind_136_anc_5-5,0.000536,0.000000,0.000000,0.006606
Q_ind_137_anc_5-5,0.000857,0.000000,0.000000,0.010207
Q_ind_138_anc_5-5,0.000208,0.000000,0.000000,0.002468
Q_ind_139_anc_5-5,0.000498,0.000000,0.000000,0.005882
Q_ind_140_anc_5-5,0.002466,0.000000,0.000000,0.030884
Q_ind_141_anc_5-5,0.003696,0.000000,0.000000,0.035408
Q_ind_142_anc_5-5,0.000206,0.000000,0.000000,0.002596
Q_ind_143_anc_5-5,0.000899,0.000000,0.000000,0.011210
Q_ind_144_anc_5-5,0.004876,0.000000,0.000000,0.040154
Q_ind_145_anc_5-5,0.003158,0.000001,0.000000,0.021855
Q_ind_146_anc_5-5,0.001576,0.000000,0.000000,0.019402
Q_ind_147_anc_5-5,0.012657,0.011308,0.000000,0.038427
Q_ind_148_anc_5-5,0.004094,0.000000,0.000000,0.033154
Q_ind_149_anc_5-5,0.000315,0.000000,0.000000,0.003660
Q_ind_150_anc_5-5,0.005378,0.000004,0.000000,0.030787
Q_ind_151_anc_5-5,0.014118,0.012112,0.000000,0.044201
Q_ind_152_anc_5-5,0.001135,0.000000,0.000000,0.014199
Q_ind_153_anc_5-5,0.002464,0.000000,0.000000,0.020314
Q_ind_154_anc_5-5,0.004660,0.000004,0.000000,0.029683
Q_ind_155_anc_5-5,0.000226,0.000000,0.000000,0.002562
Q_ind_156_anc_5-5,0.463895,0.472289,0.319815,0.569373
Q_ind_157_anc_5-5,0.589996,0.591864,0.456195,0.722016
Q_ind_158_anc_5-5,0.610445,0.624731,0.383254,0.781060
Q_ind_159_anc_5-5,0.675511,0.679230,0.587470,0.741371
Q_ind_160_anc_5-5,0.398265,0.397437,0.260825,0.541743
Q_ind_161_anc_5-5,0.576285,0.582208,0.450332,0.665205
Q_ind_162_anc_5-5,0.609192,0.611525,0.503894,0.692277
Q_ind_163_anc_5-5,0.509967,0.506554,0.378834,0.647276
Q_ind_164_anc_5-5,0.556674,0.563058,0.419034,0.662463
Q_ind_165_anc_5-5,0.268835,0.276323,0.108838,0.381643
Q_ind_166_anc_5-5,0.241899,0.235221,0.059768,0.425060
Q_ind_167_anc_5-5,0.359868,0.358085,0.257136,0.463022
Q_ind_168_anc_5-5,0.001150,0.000000,0.000000,0.012529
Q_ind_169_anc_5-5,0.000185,0.000000,0.000000,0.002173
Q_ind_170_anc_5-5,0.002197,0.000000,0.000000,0.021205
Q_ind_171_anc_5-5,0.000547,0.000000,0.000000,0.007100
Q_ind_172_anc_5-5,0.000299,0.000000,0.000000,0.003465
Q_ind_173_anc_5-5,0.000267,0.000000,0.000000,0.003133
Q_ind_174_anc_5-5,0.000286,0.000000,0.000000,0.003312
Q_ind_175_anc_5-5,0.000284,0.000000,0.000000,0.003447
Q_ind_176_anc_5-5,0.000933,0.000000,0.000000,0.008095
Q_ind_177_anc_5-5,0.053945,0.001448,0.000000,0.247572
Q_ind_178_anc_5-5,0.029570,0.000014,0.000000,0.152784
Q_ind_179_anc_5-5,0.004623,0.000000,0.000000,0.060409
Q_ind_180_anc_5-5,0.197297,0.198724,0.129634,0.256295
Q_ind_181_anc_5-5,0.002521,0.000000,0.000000,0.036794
Q_ind_182_anc_5-5,0.004575,0.000000,0.000000,0.059450
Q_ind_183_anc_5-5,0.001733,0.000000,0.000000,0.024085
Q_ind_184_anc_5-5,0.000504,0.000000,0.000000,0.005898
Q_ind_185_anc_5-5,0.005656,0.000000,0.000000,0.049658
Q_ind_186_anc_5-5,0.000534,0.000000,0.000000,0.006406
Q_ind_187_anc_5-5,0.001950,0.000000,0.000000,0.022290
Q_ind_188_anc_5-5,0.001843,0.000000,0.000000,0.023209
Q_ind_189_anc_5-5,0.003602,0.000000,0.000000,0.037302
Q_ind_190_anc_5-5,0.001003,0.000000,0.000000,0.012418
Q_ind_191_anc_5-5,0.001470,0.000000,0.000000,0.017592
Q_ind_192_anc_5-5,0.946529,0.949023,0.871549,0.998999
Q_ind_193_anc_5-5,0.933759,0.944919,0.825974,0.998441
Q_ind_194_anc_5-5,0.997998,0.998949,0.990061,0.999992
Q_ind_195_anc_5-5,0.987088,0.991332,0.951371,0.999911
Q_ind_196_anc_5-5,0.997673,0.998808,0.989148,0.999994
Q_ind_197_anc_5-5,0.997417,0.998659,0.988323,0.999992
Q_ind_198_anc_5-5,0.998088,0.999065,0.990575,0.999995
Q_ind_199_anc_5-5,0.984019,0.992731,0.917628,0.999954
Q_ind_200_anc_5-5,0.997323,0.998619,0.987420,0.999990
Q_ind_201_anc_5-5,0.000112,0.000000,0.000000,0.001264
Q_ind_202_anc_5-5,0.993301,0.996194,0.970566,0.999973
Q_ind_203_anc_5-5,0.748243,0.764240,0.579246,0.857051
Q_ind_204_anc_5-5,0.719494,0.727582,0.534962,0.861851
Q_ind_205_anc_5-5,0.649478,0.631054,0.498418,0.854845
Q_ind_206_anc_5-5,0.744471,0.738306,0.591178,0.884446
Q_ind_207_anc_5-5,0.740917,0.749013,0.618112,0.820052
Q_ind_208_anc_5-5,0.000584,0.000000,0.000000,0.007189
Q_ind_209_anc_5-5,0.628266,0.623688,0.510566,0.760744
Q_ind_210_anc_5-5,0.459163,0.466177,0.305273,0.586585
Q_ind_211_anc_5-5,0.643862,0.638323,0.513774,0.812127
Q_ind_212_anc_5-5,0.000205,0.000000,0.000000,0.002179
Q_ind_213_anc_5-5,0.000753,0.000000,0.000000,0.009398
Q_ind_214_anc_5-5,0.000949,0.000000,0.000000,0.012335
Q_ind_215_anc_5-5,0.000598,0.000000,0.000000,0.006947
Q_ind_216_anc_5-5,0.000763,0.000000,0.000000,0.009457
Q_ind_217_anc_5-5,0.000740,0.000000,0.000000,0.008151
Q_ind_218_anc_5-5,0.000286,0.000000,0.000000,0.003126
Q_ind_219_anc_5-5,0.000635,0.000000,0.000000,0.007621
Q_ind_220_anc_5-5,0.000584,0.000000,0.000000,0.007045
Q_ind_221_anc_5-5,0.000284,0.000000,0.000000,0.003706
Q_ind_222_anc_5-5,0.002574,0.000000,0.000000,0.027141
Q_ind_223_anc_5-5,0.000776,0.000000,0.000000,0.007835
Q_ind_224_anc_5-5,0.000223,0.000000,0.000000,0.002666
Q_ind_225_anc_5-5,0.347884,0.349013,0.211487,0.461333
Q_ind_226_anc_5-5,0.001068,0.000000,0.000000,0.014064
Q_ind_227_anc_5-5,0.307819,0.304706,0.184494,0.455111
Q_ind_228_anc_5-5,0.369048,0.368716,0.266912,0.472207
Q_ind_229_anc_5-5,0.326982,0.331119,0.192259,0.445455
Q_ind_230_anc_5-5,0.256854,0.253484,0.154666,0.376631
Q_ind_231_anc_5-5,0.000772,0.000000,0.000000,0.009783
Q_ind_232_anc_5-5,0.003265,0.000000,0.000000,0.038558
Q_ind_233_anc_5-5,0.313592,0.317323,0.185124,0.430266
Q_ind_234_anc_5-5,0.000420,0.000000,0.000000,0.004928
Q_ind_235_anc_5-5,0.000671,0.000000,0.000000,0.008075
Q_ind_236_anc_5-5,0.000380,0.000000,0.000000,0.004561
Q_ind_237_anc_5-5,0.000414,0.000000,0.000000,0.005032
Q_ind_238_anc_5-5,0.000194,0.000000,0.000000,0.001996
Q_ind_239_anc_5-5,0.000424,0.000000,0.000000,0.004199
Q_ind_240_anc_5-5,0.000416,0.000000,0.000000,0.004005
Q_ind_241_anc_5-5,0.000303,0.000000,0.000000,0.003604
Q_ind_242_anc_5-5,0.000776,0.000000,0.000000,0.009705
Q_ind_243_anc_5-5,0.000172,0.000000,0.000000,0.001902
Q_ind_244_anc_5-5,0.000395,0.000000,0.000000,0.005096
Q_ind_245_anc_5-5,0.000148,0.000000,0.000000,0.001440
