param,mean,median,ci_0.950_LB,ci_0.950_UB
Q_ind_1_anc_1-1,0.000093,0.000000,0.000000,0.000926
Q_ind_2_anc_1-1,0.000432,0.000000,0.000000,0.005397
Q_ind_3_anc_1-1,0.000340,0.000000,0.000000,0.004597
Q_ind_4_anc_1-1,0.000394,0.000000,0.000000,0.003293
Q_ind_5_anc_1-1,0.000067,0.000000,0.000000,0.000612
Q_ind_6_anc_1-1,0.000206,0.000000,0.000000,0.002364
Q_ind_7_anc_1-1,0.000168,0.000000,0.000000,0.002037
Q_ind_8_anc_1-1,0.000179,0.000000,0.000000,0.001835
Q_ind_9_anc_1-1,0.000542,0.000000,0.000000,0.007459
Q_ind_10_anc_1-1,0.000144,0.000000,0.000000,0.001729
Q_ind_11_anc_1-1,0.000397,0.000000,0.000000,0.005716
Q_ind_12_anc_1-1,0.000209,0.000000,0.000000,0.002721
Q_ind_13_anc_1-1,0.000115,0.000000,0.000000,0.001535
Q_ind_14_anc_1-1,0.000623,0.000000,0.000000,0.007986
Q_ind_15_anc_1-1,0.000762,0.000000,0.000000,0.010525
Q_ind_16_anc_1-1,0.000198,0.000000,0.000000,0.001568
Q_ind_17_anc_1-1,0.000196,0.000000,0.000000,0.002537
Q_ind_18_anc_1-1,0.000429,0.000000,0.000000,0.006282
Q_ind_19_anc_1-1,0.000095,0.000000,0.000000,0.001082
Q_ind_20_anc_1-1,0.000107,0.000000,0.000000,0.000941
Q_ind_21_anc_1-1,0.000177,0.000000,0.000000,0.001910
Q_ind_22_anc_1-1,0.000182,0.000000,0.000000,0.002086
Q_ind_23_anc_1-1,0.000142,0.000000,0.000000,0.001573
Q_ind_24_anc_1-1,0.000218,0.000000,0.000000,0.002259
Q_ind_25_anc_1-1,0.001272,0.000000,0.000000,0.019364
Q_ind_26_anc_1-1,0.000209,0.000000,0.000000,0.002420
Q_ind_27_anc_1-1,0.000333,0.000000,0.000000,0.004302
Q_ind_28_anc_1-1,0.000206,0.000000,0.000000,0.002354
Q_ind_29_anc_1-1,0.000382,0.000000,0.000000,0.005128
Q_ind_30_anc_1-1,0.000241,0.000000,0.000000,0.002989
Q_ind_31_anc_1-1,0.000359,0.000000,0.000000,0.003956
Q_ind_32_anc_1-1,0.008732,0.000000,0.000000,0.086233
Q_ind_33_anc_1-1,0.001150,0.000000,0.000000,0.016176
Q_ind_34_anc_1-1,0.007581,0.000000,0.000000,0.062912
Q_ind_35_anc_1-1,0.005039,0.000000,0.000000,0.048118
Q_ind_36_anc_1-1,0.004379,0.000000,0.000000,0.045852
Q_ind_37_anc_1-1,0.006186,0.000000,0.000000,0.056749
Q_ind_38_anc_1-1,0.000640,0.000000,0.000000,0.007719
Q_ind_39_anc_1-1,0.000134,0.000000,0.000000,0.001307
Q_ind_40_anc_1-1,0.000487,0.000000,0.000000,0.005738
Q_ind_41_anc_1-1,0.000160,0.000000,0.000000,0.002043
Q_ind_42_anc_1-1,0.000189,0.000000,0.000000,0.002319
Q_ind_43_anc_1-1,0.001360,0.000000,0.000000,0.016729
Q_ind_44_anc_1-1,0.000341,0.000000,0.000000,0.004010
Q_ind_45_anc_1-1,0.000539,0.000000,0.000000,0.007078
Q_ind_46_anc_1-1,0.000398,0.000000,0.000000,0.005985
Q_ind_47_anc_1-1,0.001649,0.000000,0.000000,0.021984
Q_ind_48_anc_1-1,0.000207,0.000000,0.000000,0.002211
Q_ind_49_anc_1-1,0.000615,0.000000,0.000000,0.008246
Q_ind_50_anc_1-1,0.000267,0.000000,0.000000,0.003307
Q_ind_51_anc_1-1,0.000140,0.000000,0.000000,0.001675
Q_ind_52_anc_1-1,0.000217,0.000000,0.000000,0.002400
Q_ind_53_anc_1-1,0.000359,0.000000,0.000000,0.004173
Q_ind_54_anc_1-1,0.000137,0.000000,0.000000,0.001282
Q_ind_55_anc_1-1,0.000097,0.000000,0.000000,0.001066
Q_ind_56_anc_1-1,0.000281,0.000000,0.000000,0.003034
Q_ind_57_anc_1-1,0.000095,0.000000,0.000000,0.000972
Q_ind_58_anc_1-1,0.000209,0.000000,0.000000,0.002156
Q_ind_59_anc_1-1,0.000220,0.000000,0.000000,0.002307
Q_ind_60_anc_1-1,0.000126,0.000000,0.000000,0.001303
Q_ind_61_anc_1-1,0.000403,0.000000,0.000000,0.005154
Q_ind_62_anc_1-1,0.000189,0.000000,0.000000,0.002146
Q_ind_63_anc_1-1,0.000200,0.000000,0.000000,0.002552
Q_ind_64_anc_1-1,0.000352,0.000000,0.000000,0.004841
Q_ind_65_anc_1-1,0.000220,0.000000,0.000000,0.002383
Q_ind_66_anc_1-1,0.000138,0.000000,0.000000,0.001667
Q_ind_67_anc_1-1,0.000508,0.000000,0.000000,0.006590
Q_ind_68_anc_1-1,0.000807,0.000000,0.000000,0.010676
Q_ind_69_anc_1-1,0.000118,0.000000,0.000000,0.001188
Q_ind_70_anc_1-1,0.000082,0.000000,0.000000,0.000919
Q_ind_71_anc_1-1,0.000235,0.000000,0.000000,0.002154
Q_ind_72_anc_1-1,0.001889,0.000000,0.000000,0.023484
Q_ind_73_anc_1-1,0.000116,0.000000,0.000000,0.001255
Q_ind_74_anc_1-1,0.000135,0.000000,0.000000,0.001316
Q_ind_75_anc_1-1,0.000193,0.000000,0.000000,0.002070
Q_ind_76_anc_1-1,0.000358,0.000000,0.000000,0.004512
Q_ind_77_anc_1-1,0.001076,0.000000,0.000000,0.011017
Q_ind_78_anc_1-1,0.000090,0.000000,0.000000,0.001053
Q_ind_79_anc_1-1,0.000141,0.000000,0.000000,0.001765
Q_ind_80_anc_1-1,0.000087,0.000000,0.000000,0.000904
Q_ind_81_anc_1-1,0.000342,0.000000,0.000000,0.004456
Q_ind_82_anc_1-1,0.000189,0.000000,0.000000,0.001540
Q_ind_83_anc_1-1,0.000299,0.000000,0.000000,0.003566
Q_ind_84_anc_1-1,0.000188,0.000000,0.000000,0.001894
Q_ind_85_anc_1-1,0.000194,0.000000,0.000000,0.001952
Q_ind_86_anc_1-1,0.000135,0.000000,0.000000,0.001714
Q_ind_87_anc_1-1,0.000233,0.000000,0.000000,0.002861
Q_ind_88_anc_1-1,0.118978,0.115257,0.000000,0.265176
Q_ind_89_anc_1-1,0.007942,0.000000,0.000000,0.078211
Q_ind_90_anc_1-1,0.022235,0.000002,0.000000,0.121337
Q_ind_91_anc_1-1,0.000799,0.000000,0.000000,0.006796
Q_ind_92_anc_1-1,0.018211,0.000000,0.000000,0.124745
Q_ind_93_anc_1-1,0.011924,0.000001,0.000000,0.068177
Q_ind_94_anc_1-1,0.000112,0.000000,0.000000,0.001109
Q_ind_95_anc_1-1,0.048810,0.040879,0.000000,0.147428
Q_ind_96_anc_1-1,0.000125,0.000000,0.000000,0.001300
Q_ind_97_anc_1-1,0.000539,0.000000,0.000000,0.007545
Q_ind_98_anc_1-1,0.000064,0.000000,0.000000,0.000711
Q_ind_99_anc_1-1,0.000072,0.000000,0.000000,0.000759
Q_ind_100_anc_1-1,0.000120,0.000000,0.000000,0.001251
Q_ind_101_anc_1-1,0.000193,0.000000,0.000000,0.002528
Q_ind_102_anc_1-1,0.000200,0.000000,0.000000,0.002717
Q_ind_103_anc_1-1,0.000165,0.000000,0.000000,0.001855
Q_ind_104_anc_1-1,0.000091,0.000000,0.000000,0.001050
Q_ind_105_anc_1-1,0.000050,0.000000,0.000000,0.000490
Q_ind_106_anc_1-1,0.000472,0.000000,0.000000,0.006399
Q_ind_107_anc_1-1,0.000359,0.000000,0.000000,0.004579
Q_ind_108_anc_1-1,0.003941,0.000000,0.000000,0.044378
Q_ind_109_anc_1-1,0.002490,0.000000,0.000000,0.029912
Q_ind_110_anc_1-1,0.000436,0.000000,0.000000,0.004198
Q_ind_111_anc_1-1,0.000442,0.000000,0.000000,0.004564
Q_ind_112_anc_1-1,0.000171,0.000000,0.000000,0.001293
Q_ind_113_anc_1-1,0.001540,0.000000,0.000000,0.018756
Q_ind_114_anc_1-1,0.004428,0.000000,0.000000,0.063361
Q_ind_115_anc_1-1,0.001474,0.000000,0.000000,0.020493
Q_ind_116_anc_1-1,0.000754,0.000000,0.000000,0.010104
Q_ind_117_anc_1-1,0.009475,0.000000,0.000000,0.049620
Q_ind_118_anc_1-1,0.000254,0.000000,0.000000,0.002575
Q_ind_119_anc_1-1,0.000235,0.000000,0.000000,0.002922
Q_ind_120_anc_1-1,0.000236,0.000000,0.000000,0.002858
Q_ind_121_anc_1-1,0.000937,0.000000,0.000000,0.013736
Q_ind_122_anc_1-1,0.000158,0.000000,0.000000,0.001727
Q_ind_123_anc_1-1,0.000765,0.000000,0.000000,0.012167
Q_ind_124_anc_1-1,0.000101,0.000000,0.000000,0.001018
Q_ind_125_anc_1-1,0.000385,0.000000,0.000000,0.004010
Q_ind_126_anc_1-1,0.000443,0.000000,0.000000,0.005685
Q_ind_127_anc_1-1,0.000493,0.000000,0.000000,0.006743
Q_ind_128_anc_1-1,0.000368,0.000000,0.000000,0.004038
Q_ind_129_anc_1-1,0.000187,0.000000,0.000000,0.002132
Q_ind_130_anc_1-1,0.000559,0.000000,0.000000,0.006490
Q_ind_131_anc_1-1,0.000066,0.000000,0.000000,0.000700
Q_ind_132_anc_1-1,0.000044,0.000000,0.000000,0.000467
Q_ind_133_anc_1-1,0.001876,0.000000,0.000000,0.023875
Q_ind_134_anc_1-1,0.000159,0.000000,0.000000,0.001999
Q_ind_135_anc_1-1,0.000714,0.000000,0.000000,0.009303
Q_ind_136_anc_1-1,0.000414,0.000000,0.000000,0.004624
Q_ind_137_anc_1-1,0.000371,0.000000,0.000000,0.004334
Q_ind_138_anc_1-1,0.000047,0.000000,0.000000,0.000488
Q_ind_139_anc_1-1,0.000112,0.000000,0.000000,0.001175
Q_ind_140_anc_1-1,0.000646,0.000000,0.000000,0.009650
Q_ind_141_anc_1-1,0.001098,0.000000,0.000000,0.015086
Q_ind_142_anc_1-1,0.000040,0.000000,0.000000,0.000365
Q_ind_143_anc_1-1,0.000108,0.000000,0.000000,0.001355
Q_ind_144_anc_1-1,0.001174,0.000000,0.000000,0.015880
Q_ind_145_anc_1-1,0.000487,0.000000,0.000000,0.006657
Q_ind_146_anc_1-1,0.002972,0.000000,0.000000,0.030914
Q_ind_147_anc_1-1,0.002392,0.000000,0.000000,0.021328
Q_ind_148_anc_1-1,0.000242,0.000000,0.000000,0.002717
Q_ind_149_anc_1-1,0.000090,0.000000,0.000000,0.000932
Q_ind_150_anc_1-1,0.000291,0.000000,0.000000,0.003697
Q_ind_151_anc_1-1,0.017163,0.017439,0.000000,0.042806
Q_ind_152_anc_1-1,0.000401,0.000000,0.000000,0.005683
Q_ind_153_anc_1-1,0.000553,0.000000,0.000000,0.007813
Q_ind_154_anc_1-1,0.001162,0.000000,0.000000,0.014296
Q_ind_155_anc_1-1,0.000079,0.000000,0.000000,0.000824
Q_ind_156_anc_1-1,0.000300,0.000000,0.000000,0.003717
Q_ind_157_anc_1-1,0.000144,0.000000,0.000000,0.001495
Q_ind_158_anc_1-1,0.000252,0.000000,0.000000,0.003205
Q_ind_159_anc_1-1,0.000152,0.000000,0.000000,0.001647
Q_ind_160_anc_1-1,0.000132,0.000000,0.000000,0.001331
Q_ind_161_anc_1-1,0.000068,0.000000,0.000000,0.000739
Q_ind_162_anc_1-1,0.000421,0.000000,0.000000,0.005869
Q_ind_163_anc_1-1,0.000083,0.000000,0.000000,0.000924
Q_ind_164_anc_1-1,0.000134,0.000000,0.000000,0.001441
Q_ind_165_anc_1-1,0.000343,0.000000,0.000000,0.004959
Q_ind_166_anc_1-1,0.000168,0.000000,0.000000,0.001454
Q_ind_167_anc_1-1,0.003081,0.000000,0.000000,0.041910
Q_ind_168_anc_1-1,0.000124,0.000000,0.000000,0.001406
Q_ind_169_anc_1-1,0.000043,0.000000,0.000000,0.000435
Q_ind_170_anc_1-1,0.000189,0.000000,0.000000,0.002444
Q_ind_171_anc_1-1,0.000362,0.000000,0.000000,0.004887
Q_ind_172_anc_1-1,0.000145,0.000000,0.000000,0.001586
Q_ind_173_anc_1-1,0.000064,0.000000,0.000000,0.000690
Q_ind_174_anc_1-1,0.000166,0.000000,0.000000,0.002140
Q_ind_175_anc_1-1,0.000086,0.000000,0.000000,0.000912
Q_ind_176_anc_1-1,0.000093,0.000000,0.000000,0.001076
Q_ind_177_anc_1-1,0.000212,0.000000,0.000000,0.002694
Q_ind_178_anc_1-1,0.000116,0.000000,0.000000,0.001184
Q_ind_179_anc_1-1,0.000169,0.000000,0.000000,0.002021
Q_ind_180_anc_1-1,0.000828,0.000000,0.000000,0.012070
Q_ind_181_anc_1-1,0.000299,0.000000,0.000000,0.004226
Q_ind_182_anc_1-1,0.000376,0.000000,0.000000,0.004959
Q_ind_183_anc_1-1,0.000207,0.000000,0.000000,0.002340
Q_ind_184_anc_1-1,0.000153,0.000000,0.000000,0.001761
Q_ind_185_anc_1-1,0.050563,0.052571,0.000000,0.110518
Q_ind_186_anc_1-1,0.001120,0.000000,0.000000,0.015596
Q_ind_187_anc_1-1,0.000955,0.000000,0.000000,0.011452
Q_ind_188_anc_1-1,0.000159,0.000000,0.000000,0.001405
Q_ind_189_anc_1-1,0.000366,0.000000,0.000000,0.005017
Q_ind_190_anc_1-1,0.000215,0.000000,0.000000,0.001874
Q_ind_191_anc_1-1,0.000985,0.000000,0.000000,0.012956
Q_ind_192_anc_1-1,0.000082,0.000000,0.000000,0.000948
Q_ind_193_anc_1-1,0.001057,0.000000,0.000000,0.014164
Q_ind_194_anc_1-1,0.000034,0.000000,0.000000,0.000413
Q_ind_195_anc_1-1,0.000150,0.000000,0.000000,0.001721
Q_ind_196_anc_1-1,0.000039,0.000000,0.000000,0.000349
Q_ind_197_anc_1-1,0.000037,0.000000,0.000000,0.000375
Q_ind_198_anc_1-1,0.000033,0.000000,0.000000,0.000313
Q_ind_199_anc_1-1,0.000088,0.000000,0.000000,0.000839
Q_ind_200_anc_1-1,0.000061,0.000000,0.000000,0.000684
Q_ind_201_anc_1-1,0.000054,0.000000,0.000000,0.000639
Q_ind_202_anc_1-1,0.000278,0.000000,0.000000,0.003330
Q_ind_203_anc_1-1,0.001166,0.000000,0.000000,0.013973
Q_ind_204_anc_1-1,0.000396,0.000000,0.000000,0.003624
Q_ind_205_anc_1-1,0.001671,0.000000,0.000000,0.027518
Q_ind_206_anc_1-1,0.000337,0.000000,0.000000,0.003308
Q_ind_207_anc_1-1,0.000354,0.000000,0.000000,0.004146
Q_ind_208_anc_1-1,0.000063,0.000000,0.000000,0.000660
Q_ind_209_anc_1-1,0.000226,0.000000,0.000000,0.002560
Q_ind_210_anc_1-1,0.000130,0.000000,0.000000,0.001712
Q_ind_211_anc_1-1,0.001276,0.000000,0.000000,0.018630
Q_ind_212_anc_1-1,0.000085,0.000000,0.000000,0.000769
Q_ind_213_anc_1-1,0.000139,0.000000,0.000000,0.001398
Q_ind_214_anc_1-1,0.000126,0.000000,0.000000,0.001241
Q_ind_215_anc_1-1,0.000126,0.000000,0.000000,0.001420
Q_ind_216_anc_1-1,0.000116,0.000000,0.000000,0.001148
Q_ind_217_anc_1-1,0.000109,0.000000,0.000000,0.001180
Q_ind_218_anc_1-1,0.000110,0.000000,0.000000,0.001264
Q_ind_219_anc_1-1,0.000469,0.000000,0.000000,0.004685
Q_ind_220_anc_1-1,0.000228,0.000000,0.000000,0.002480
Q_ind_221_anc_1-1,0.000212,0.000000,0.000000,0.001946
Q_ind_222_anc_1-1,0.000135,0.000000,0.000000,0.001220
Q_ind_223_anc_1-1,0.000060,0.000000,0.000000,0.000617
Q_ind_224_anc_1-1,0.000047,0.000000,0.000000,0.000550
Q_ind_225_anc_1-1,0.000131,0.000000,0.000000,0.001186
Q_ind_226_anc_1-1,0.000080,0.000000,0.000000,0.000827
Q_ind_227_anc_1-1,0.000116,0.000000,0.000000,0.001130
Q_ind_228_anc_1-1,0.000130,0.000000,0.000000,0.001344
Q_ind_229_anc_1-1,0.000331,0.000000,0.000000,0.004035
Q_ind_230_anc_1-1,0.000209,0.000000,0.000000,0.002342
Q_ind_231_anc_1-1,0.000070,0.000000,0.000000,0.000809
Q_ind_232_anc_1-1,0.000153,0.000000,0.000000,0.001791
Q_ind_233_anc_1-1,0.000152,0.000000,0.000000,0.001943
Q_ind_234_anc_1-1,0.000287,0.000000,0.000000,0.003652
Q_ind_235_anc_1-1,0.000267,0.000000,0.000000,0.003429
Q_ind_236_anc_1-1,0.000148,0.000000,0.000000,0.001424
Q_ind_237_anc_1-1,0.000225,0.000000,0.000000,0.002262
Q_ind_238_anc_1-1,0.000126,0.000000,0.000000,0.001063
Q_ind_239_anc_1-1,0.000189,0.000000,0.000000,0.001637
Q_ind_240_anc_1-1,0.000132,0.000000,0.000000,0.001485
Q_ind_241_anc_1-1,0.000075,0.000000,0.000000,0.000900
Q_ind_242_anc_1-1,0.000238,0.000000,0.000000,0.002428
Q_ind_243_anc_1-1,0.000075,0.000000,0.000000,0.000692
Q_ind_244_anc_1-1,0.000192,0.000000,0.000000,0.002052
Q_ind_245_anc_1-1,0.000075,0.000000,0.000000,0.000624
Q_ind_1_anc_2-1,0.000216,0.000000,0.000000,0.002697
Q_ind_2_anc_2-1,0.000225,0.000000,0.000000,0.002944
Q_ind_3_anc_2-1,0.000277,0.000000,0.000000,0.002838
Q_ind_4_anc_2-1,0.000520,0.000000,0.000000,0.006724
Q_ind_5_anc_2-1,0.000418,0.000000,0.000000,0.004841
Q_ind_6_anc_2-1,0.000113,0.000000,0.000000,0.001206
Q_ind_7_anc_2-1,0.000347,0.000000,0.000000,0.003668
Q_ind_8_anc_2-1,0.000348,0.000000,0.000000,0.004222
Q_ind_9_anc_2-1,0.000301,0.000000,0.000000,0.003637
Q_ind_10_anc_2-1,0.000211,0.000000,0.000000,0.002440
Q_ind_11_anc_2-1,0.000186,0.000000,0.000000,0.001693
Q_ind_12_anc_2-1,0.000599,0.000000,0.000000,0.007333
Q_ind_13_anc_2-1,0.005669,0.000000,0.000000,0.086938
Q_ind_14_anc_2-1,0.020420,0.000000,0.000000,0.115869
Q_ind_15_anc_2-1,0.004751,0.000000,0.000000,0.060549
Q_ind_16_anc_2-1,0.003380,0.000000,0.000000,0.050585
Q_ind_17_anc_2-1,0.033114,0.000000,0.000000,0.177481
Q_ind_18_anc_2-1,0.052221,0.051287,0.000000,0.148435
Q_ind_19_anc_2-1,0.001720,0.000000,0.000000,0.022162
Q_ind_20_anc_2-1,0.000544,0.000000,0.000000,0.006909
Q_ind_21_anc_2-1,0.000880,0.000000,0.000000,0.011099
Q_ind_22_anc_2-1,0.002268,0.000000,0.000000,0.031274
Q_ind_23_anc_2-1,0.000353,0.000000,0.000000,0.004088
Q_ind_24_anc_2-1,0.000513,0.000000,0.000000,0.005848
Q_ind_25_anc_2-1,0.000760,0.000000,0.000000,0.008174
Q_ind_26_anc_2-1,0.000230,0.000000,0.000000,0.002388
Q_ind_27_anc_2-1,0.001647,0.000000,0.000000,0.019457
Q_ind_28_anc_2-1,0.000188,0.000000,0.000000,0.002154
Q_ind_29_anc_2-1,0.001195,0.000000,0.000000,0.017768
Q_ind_30_anc_2-1,0.007100,0.000000,0.000000,0.065091
Q_ind_31_anc_2-1,0.000456,0.000000,0.000000,0.005682
Q_ind_32_anc_2-1,0.000604,0.000000,0.000000,0.006857
Q_ind_33_anc_2-1,0.000450,0.000000,0.000000,0.005042
Q_ind_34_anc_2-1,0.000689,0.000000,0.000000,0.009700
Q_ind_35_anc_2-1,0.000565,0.000000,0.000000,0.006395
Q_ind_36_anc_2-1,0.000523,0.000000,0.000000,0.005579
Q_ind_37_anc_2-1,0.001886,0.000000,0.000000,0.024982
Q_ind_38_anc_2-1,0.000362,0.000000,0.000000,0.003393
Q_ind_39_anc_2-1,0.005254,0.000000,0.000000,0.069809
Q_ind_40_anc_2-1,0.011544,0.000000,0.000000,0.115742
Q_ind_41_anc_2-1,0.000375,0.000000,0.000000,0.004922
Q_ind_42_anc_2-1,0.000757,0.000000,0.000000,0.009814
Q_ind_43_anc_2-1,0.000694,0.000000,0.000000,0.007355
Q_ind_44_anc_2-1,0.000647,0.000000,0.000000,0.008049
Q_ind_45_anc_2-1,0.000578,0.000000,0.000000,0.006530
Q_ind_46_anc_2-1,0.000821,0.000000,0.000000,0.009614
Q_ind_47_anc_2-1,0.007519,0.000000,0.000000,0.066431
Q_ind_48_anc_2-1,0.000475,0.000000,0.000000,0.005827
Q_ind_49_anc_2-1,0.000747,0.000000,0.000000,0.007282
Q_ind_50_anc_2-1,0.000669,0.000000,0.000000,0.008139
Q_ind_51_anc_2-1,0.000562,0.000000,0.000000,0.004962
Q_ind_52_anc_2-1,0.000336,0.000000,0.000000,0.002992
Q_ind_53_anc_2-1,0.001132,0.000000,0.000000,0.007925
Q_ind_54_anc_2-1,0.000696,0.000000,0.000000,0.009669
Q_ind_55_anc_2-1,0.000214,0.000000,0.000000,0.002688
Q_ind_56_anc_2-1,0.000467,0.000000,0.000000,0.006346
Q_ind_57_anc_2-1,0.001490,0.000000,0.000000,0.022518
Q_ind_58_anc_2-1,0.000796,0.000000,0.000000,0.009030
Q_ind_59_anc_2-1,0.001101,0.000000,0.000000,0.013983
Q_ind_60_anc_2-1,0.000515,0.000000,0.000000,0.004592
Q_ind_61_anc_2-1,0.002460,0.000000,0.000000,0.034791
Q_ind_62_anc_2-1,0.000326,0.000000,0.000000,0.003386
Q_ind_63_anc_2-1,0.000090,0.000000,0.000000,0.000953
Q_ind_64_anc_2-1,0.000075,0.000000,0.000000,0.000872
Q_ind_65_anc_2-1,0.000091,0.000000,0.000000,0.001072
Q_ind_66_anc_2-1,0.000131,0.000000,0.000000,0.001735
Q_ind_67_anc_2-1,0.000097,0.000000,0.000000,0.001043
Q_ind_68_anc_2-1,0.001212,0.000000,0.000000,0.014984
Q_ind_69_anc_2-1,0.001627,0.000000,0.000000,0.024225
Q_ind_70_anc_2-1,0.004739,0.000000,0.000000,0.058084
Q_ind_71_anc_2-1,0.001296,0.000000,0.000000,0.018110
Q_ind_72_anc_2-1,0.003150,0.000000,0.000000,0.048526
Q_ind_73_anc_2-1,0.000305,0.000000,0.000000,0.003544
Q_ind_74_anc_2-1,0.044091,0.015721,0.000000,0.153162
Q_ind_75_anc_2-1,0.002356,0.000000,0.000000,0.033619
Q_ind_76_anc_2-1,0.001788,0.000000,0.000000,0.024970
Q_ind_77_anc_2-1,0.000179,0.000000,0.000000,0.002291
Q_ind_78_anc_2-1,0.000211,0.000000,0.000000,0.002639
Q_ind_79_anc_2-1,0.000212,0.000000,0.000000,0.002368
Q_ind_80_anc_2-1,0.000355,0.000000,0.000000,0.004753
Q_ind_81_anc_2-1,0.000924,0.000000,0.000000,0.010943
Q_ind_82_anc_2-1,0.000182,0.000000,0.000000,0.001689
Q_ind_83_anc_2-1,0.000842,0.000000,0.000000,0.012095
Q_ind_84_anc_2-1,0.000165,0.000000,0.000000,0.001974
Q_ind_85_anc_2-1,0.000143,0.000000,0.000000,0.001316
Q_ind_86_anc_2-1,0.000207,0.000000,0.000000,0.002254
Q_ind_87_anc_2-1,0.000156,0.000000,0.000000,0.001400
Q_ind_88_anc_2-1,0.002750,0.000000,0.000000,0.044955
Q_ind_89_anc_2-1,0.001086,0.000000,0.000000,0.013808
Q_ind_90_anc_2-1,0.003032,0.000000,0.000000,0.037410
Q_ind_91_anc_2-1,0.001532,0.000000,0.000000,0.021571
Q_ind_92_anc_2-1,0.013885,0.000000,0.000000,0.127677
Q_ind_93_anc_2-1,0.000783,0.000000,0.000000,0.009427
Q_ind_94_anc_2-1,0.000968,0.000000,0.000000,0.010145
Q_ind_95_anc_2-1,0.008221,0.000000,0.000000,0.075477
Q_ind_96_anc_2-1,0.000898,0.000000,0.000000,0.011380
Q_ind_97_anc_2-1,0.002689,0.000000,0.000000,0.031113
Q_ind_98_anc_2-1,0.000456,0.000000,0.000000,0.005771
Q_ind_99_anc_2-1,0.000421,0.000000,0.000000,0.004244
Q_ind_100_anc_2-1,0.000153,0.000000,0.000000,0.001820
Q_ind_101_anc_2-1,0.000166,0.000000,0.000000,0.002012
Q_ind_102_anc_2-1,0.000130,0.000000,0.000000,0.001450
Q_ind_103_anc_2-1,0.000456,0.000000,0.000000,0.006515
Q_ind_104_anc_2-1,0.000113,0.000000,0.000000,0.001075
Q_ind_105_anc_2-1,0.002893,0.000000,0.000000,0.046969
Q_ind_106_anc_2-1,0.007348,0.000000,0.000000,0.069285
Q_ind_107_anc_2-1,0.000759,0.000000,0.000000,0.008655
Q_ind_108_anc_2-1,0.003350,0.000000,0.000000,0.052197
Q_ind_109_anc_2-1,0.002137,0.000000,0.000000,0.027820
Q_ind_110_anc_2-1,0.001528,0.000000,0.000000,0.018901
Q_ind_111_anc_2-1,0.004056,0.000000,0.000000,0.056753
Q_ind_112_anc_2-1,0.001895,0.000000,0.000000,0.030160
Q_ind_113_anc_2-1,0.047491,0.000153,0.000000,0.197876
Q_ind_114_anc_2-1,0.047107,0.000003,0.000000,0.218768
Q_ind_115_anc_2-1,0.000904,0.000000,0.000000,0.012355
Q_ind_116_anc_2-1,0.008009,0.000000,0.000000,0.057624
Q_ind_117_anc_2-1,0.007216,0.000000,0.000000,0.051075
Q_ind_118_anc_2-1,0.026183,0.000115,0.000000,0.095571
Q_ind_119_anc_2-1,0.000512,0.000000,0.000000,0.003836
Q_ind_120_anc_2-1,0.000528,0.000000,0.000000,0.006880
Q_ind_121_anc_2-1,0.003878,0.000000,0.000000,0.045052
Q_ind_122_anc_2-1,0.000241,0.000000,0.000000,0.002714
Q_ind_123_anc_2-1,0.001058,0.000000,0.000000,0.015538
Q_ind_124_anc_2-1,0.000190,0.000000,0.000000,0.002162
Q_ind_125_anc_2-1,0.000494,0.000000,0.000000,0.006416
Q_ind_126_anc_2-1,0.000490,0.000000,0.000000,0.005050
Q_ind_127_anc_2-1,0.000354,0.000000,0.000000,0.004064
Q_ind_128_anc_2-1,0.000514,0.000000,0.000000,0.006441
Q_ind_129_anc_2-1,0.000270,0.000000,0.000000,0.003050
Q_ind_130_anc_2-1,0.000355,0.000000,0.000000,0.004612
Q_ind_131_anc_2-1,0.000335,0.000000,0.000000,0.003469
Q_ind_132_anc_2-1,0.000396,0.000000,0.000000,0.005061
Q_ind_133_anc_2-1,0.013556,0.000000,0.000000,0.082499
Q_ind_134_anc_2-1,0.004171,0.000000,0.000000,0.056093
Q_ind_135_anc_2-1,0.010267,0.000000,0.000000,0.076737
Q_ind_136_anc_2-1,0.002081,0.000000,0.000000,0.030680
Q_ind_137_anc_2-1,0.002246,0.000000,0.000000,0.034324
Q_ind_138_anc_2-1,0.000191,0.000000,0.000000,0.002295
Q_ind_139_anc_2-1,0.003846,0.000000,0.000000,0.047612
Q_ind_140_anc_2-1,0.003251,0.000000,0.000000,0.044658
Q_ind_141_anc_2-1,0.006055,0.000000,0.000000,0.064614
Q_ind_142_anc_2-1,0.000338,0.000000,0.000000,0.003737
Q_ind_143_anc_2-1,0.000351,0.000000,0.000000,0.003872
Q_ind_144_anc_2-1,0.017118,0.000000,0.000000,0.088914
Q_ind_145_anc_2-1,0.000106,0.000000,0.000000,0.001087
Q_ind_146_anc_2-1,0.000331,0.000000,0.000000,0.003907
Q_ind_147_anc_2-1,0.000150,0.000000,0.000000,0.001719
Q_ind_148_anc_2-1,0.000221,0.000000,0.000000,0.002621
Q_ind_149_anc_2-1,0.000111,0.000000,0.000000,0.000987
Q_ind_150_anc_2-1,0.000112,0.000000,0.000000,0.001345
Q_ind_151_anc_2-1,0.000639,0.000000,0.000000,0.008626
Q_ind_152_anc_2-1,0.000158,0.000000,0.000000,0.001809
Q_ind_153_anc_2-1,0.000201,0.000000,0.000000,0.002480
Q_ind_154_anc_2-1,0.000344,0.000000,0.000000,0.003571
Q_ind_155_anc_2-1,0.000501,0.000000,0.000000,0.006804
Q_ind_156_anc_2-1,0.000267,0.000000,0.000000,0.002812
Q_ind_157_anc_2-1,0.000246,0.000000,0.000000,0.003076
Q_ind_158_anc_2-1,0.000158,0.000000,0.000000,0.001881
Q_ind_159_anc_2-1,0.000116,0.000000,0.000000,0.001422
Q_ind_160_anc_2-1,0.000182,0.000000,0.000000,0.002250
Q_ind_161_anc_2-1,0.000128,0.000000,0.000000,0.001481
Q_ind_162_anc_2-1,0.000178,0.000000,0.000000,0.002104
Q_ind_163_anc_2-1,0.000099,0.000000,0.000000,0.001009
Q_ind_164_anc_2-1,0.000211,0.000000,0.000000,0.002516
Q_ind_165_anc_2-1,0.001192,0.000000,0.000000,0.014064
Q_ind_166_anc_2-1,0.000767,0.000000,0.000000,0.009361
Q_ind_167_anc_2-1,0.002552,0.000000,0.000000,0.034797
Q_ind_168_anc_2-1,0.007795,0.000000,0.000000,0.110779
Q_ind_169_anc_2-1,0.000363,0.000000,0.000000,0.003830
Q_ind_170_anc_2-1,0.000427,0.000000,0.000000,0.005653
Q_ind_171_anc_2-1,0.000334,0.000000,0.000000,0.003596
Q_ind_172_anc_2-1,0.000560,0.000000,0.000000,0.006865
Q_ind_173_anc_2-1,0.000943,0.000000,0.000000,0.012024
Q_ind_174_anc_2-1,0.000368,0.000000,0.000000,0.004376
Q_ind_175_anc_2-1,0.001282,0.000000,0.000000,0.019411
Q_ind_176_anc_2-1,0.000590,0.000000,0.000000,0.006896
Q_ind_177_anc_2-1,0.000127,0.000000,0.000000,0.001391
Q_ind_178_anc_2-1,0.000101,0.000000,0.000000,0.000875
Q_ind_179_anc_2-1,0.000098,0.000000,0.000000,0.001114
Q_ind_180_anc_2-1,0.000125,0.000000,0.000000,0.001548
Q_ind_181_anc_2-1,0.001330,0.000000,0.000000,0.019410
Q_ind_182_anc_2-1,0.000162,0.000000,0.000000,0.002027
Q_ind_183_anc_2-1,0.000120,0.000000,0.000000,0.001142
Q_ind_184_anc_2-1,0.000693,0.000000,0.000000,0.008882
Q_ind_185_anc_2-1,0.001601,0.000000,0.000000,0.020992
Q_ind_186_anc_2-1,0.022455,0.000000,0.000000,0.126356
Q_ind_187_anc_2-1,0.061760,0.058551,0.000000,0.184162
Q_ind_188_anc_2-1,0.004844,0.000000,0.000000,0.061303
Q_ind_189_anc_2-1,0.001223,0.000000,0.000000,0.015650
Q_ind_190_anc_2-1,0.035288,0.000000,0.000000,0.178329
Q_ind_191_anc_2-1,0.009769,0.000000,0.000000,0.103972
Q_ind_192_anc_2-1,0.000193,0.000000,0.000000,0.002443
Q_ind_193_anc_2-1,0.000533,0.000000,0.000000,0.007010
Q_ind_194_anc_2-1,0.000031,0.000000,0.000000,0.000330
Q_ind_195_anc_2-1,0.000125,0.000000,0.000000,0.001311
Q_ind_196_anc_2-1,0.000039,0.000000,0.000000,0.000427
Q_ind_197_anc_2-1,0.000050,0.000000,0.000000,0.000504
Q_ind_198_anc_2-1,0.000042,0.000000,0.000000,0.000444
Q_ind_199_anc_2-1,0.000234,0.000000,0.000000,0.002759
Q_ind_200_anc_2-1,0.000055,0.000000,0.000000,0.000551
Q_ind_201_anc_2-1,0.004095,0.000000,0.000000,0.070476
Q_ind_202_anc_2-1,0.000180,0.000000,0.000000,0.002067
Q_ind_203_anc_2-1,0.000669,0.000000,0.000000,0.008866
Q_ind_204_anc_2-1,0.000765,0.000000,0.000000,0.009948
Q_ind_205_anc_2-1,0.001055,0.000000,0.000000,0.013782
Q_ind_206_anc_2-1,0.000240,0.000000,0.000000,0.003187
Q_ind_207_anc_2-1,0.000552,0.000000,0.000000,0.006322
Q_ind_208_anc_2-1,0.000270,0.000000,0.000000,0.002914
Q_ind_209_anc_2-1,0.000562,0.000000,0.000000,0.007287
Q_ind_210_anc_2-1,0.000558,0.000000,0.000000,0.003062
Q_ind_211_anc_2-1,0.000839,0.000000,0.000000,0.010819
Q_ind_212_anc_2-1,0.002108,0.000000,0.000000,0.026830
Q_ind_213_anc_2-1,0.003188,0.000000,0.000000,0.051358
Q_ind_214_anc_2-1,0.000479,0.000000,0.000000,0.004907
Q_ind_215_anc_2-1,0.000794,0.000000,0.000000,0.011499
Q_ind_216_anc_2-1,0.000406,0.000000,0.000000,0.004736
Q_ind_217_anc_2-1,0.000485,0.000000,0.000000,0.004824
Q_ind_218_anc_2-1,0.000710,0.000000,0.000000,0.005833
Q_ind_219_anc_2-1,0.002202,0.000000,0.000000,0.027845
Q_ind_220_anc_2-1,0.000385,0.000000,0.000000,0.005408
Q_ind_221_anc_2-1,0.001110,0.000000,0.000000,0.013606
Q_ind_222_anc_2-1,0.000969,0.000000,0.000000,0.009728
Q_ind_223_anc_2-1,0.000300,0.000000,0.000000,0.003571
Q_ind_224_anc_2-1,0.000593,0.000000,0.000000,0.009241
Q_ind_225_anc_2-1,0.000444,0.000000,0.000000,0.005034
Q_ind_226_anc_2-1,0.000257,0.000000,0.000000,0.003177
Q_ind_227_anc_2-1,0.000593,0.000000,0.000000,0.006972
Q_ind_228_anc_2-1,0.000322,0.000000,0.000000,0.004071
Q_ind_229_anc_2-1,0.000590,0.000000,0.000000,0.008262
Q_ind_230_anc_2-1,0.000636,0.000000,0.000000,0.008516
Q_ind_231_anc_2-1,0.000165,0.000000,0.000000,0.001939
Q_ind_232_anc_2-1,0.002089,0.000000,0.000000,0.023763
Q_ind_233_anc_2-1,0.000272,0.000000,0.000000,0.003410
Q_ind_234_anc_2-1,0.000661,0.000000,0.000000,0.009129
Q_ind_235_anc_2-1,0.010528,0.000000,0.000000,0.095787
Q_ind_236_anc_2-1,0.000400,0.000000,0.000000,0.003934
Q_ind_237_anc_2-1,0.000872,0.000000,0.000000,0.008541
Q_ind_238_anc_2-1,0.011471,0.000000,0.000000,0.087225
Q_ind_239_anc_2-1,0.000558,0.000000,0.000000,0.006214
Q_ind_240_anc_2-1,0.004455,0.000000,0.000000,0.053165
Q_ind_241_anc_2-1,0.000433,0.000000,0.000000,0.004731
Q_ind_242_anc_2-1,0.000544,0.000000,0.000000,0.006040
Q_ind_243_anc_2-1,0.110875,0.115167,0.000000,0.208503
Q_ind_244_anc_2-1,0.000391,0.000000,0.000000,0.004924
Q_ind_245_anc_2-1,0.078708,0.085458,0.000000,0.178680
Q_ind_1_anc_2-2,0.000098,0.000000,0.000000,0.001130
Q_ind_2_anc_2-2,0.000110,0.000000,0.000000,0.001101
Q_ind_3_anc_2-2,0.000588,0.000000,0.000000,0.007693
Q_ind_4_anc_2-2,0.000291,0.000000,0.000000,0.003617
Q_ind_5_anc_2-2,0.000089,0.000000,0.000000,0.000791
Q_ind_6_anc_2-2,0.000116,0.000000,0.000000,0.001163
Q_ind_7_anc_2-2,0.000145,0.000000,0.000000,0.001563
Q_ind_8_anc_2-2,0.000267,0.000000,0.000000,0.003425
Q_ind_9_anc_2-2,0.000215,0.000000,0.000000,0.002498
Q_ind_10_anc_2-2,0.000102,0.000000,0.000000,0.001239
Q_ind_11_anc_2-2,0.000218,0.000000,0.000000,0.002581
Q_ind_12_anc_2-2,0.000161,0.000000,0.000000,0.002183
Q_ind_13_anc_2-2,0.002803,0.000000,0.000000,0.032568
Q_ind_14_anc_2-2,0.000964,0.000000,0.000000,0.012802
Q_ind_15_anc_2-2,0.000571,0.000000,0.000000,0.007004
Q_ind_16_anc_2-2,0.000909,0.000000,0.000000,0.011846
Q_ind_17_anc_2-2,0.000677,0.000000,0.000000,0.006898
Q_ind_18_anc_2-2,0.003722,0.000000,0.000000,0.054263
Q_ind_19_anc_2-2,0.002062,0.000000,0.000000,0.027597
Q_ind_20_anc_2-2,0.000150,0.000000,0.000000,0.001462
Q_ind_21_anc_2-2,0.000515,0.000000,0.000000,0.004449
Q_ind_22_anc_2-2,0.001044,0.000000,0.000000,0.013983
Q_ind_23_anc_2-2,0.000186,0.000000,0.000000,0.002040
Q_ind_24_anc_2-2,0.000261,0.000000,0.000000,0.002686
Q_ind_25_anc_2-2,0.000423,0.000000,0.000000,0.005381
Q_ind_26_anc_2-2,0.000237,0.000000,0.000000,0.003145
Q_ind_27_anc_2-2,0.000660,0.000000,0.000000,0.007956
Q_ind_28_anc_2-2,0.000203,0.000000,0.000000,0.002741
Q_ind_29_anc_2-2,0.000383,0.000000,0.000000,0.004048
Q_ind_30_anc_2-2,0.000526,0.000000,0.000000,0.007338
Q_ind_31_anc_2-2,0.000124,0.000000,0.000000,0.001280
Q_ind_32_anc_2-2,0.000141,0.000000,0.000000,0.001554
Q_ind_33_anc_2-2,0.000214,0.000000,0.000000,0.002791
Q_ind_34_anc_2-2,0.000130,0.000000,0.000000,0.001560
Q_ind_35_anc_2-2,0.000140,0.000000,0.000000,0.001701
Q_ind_36_anc_2-2,0.000074,0.000000,0.000000,0.000795
Q_ind_37_anc_2-2,0.000279,0.000000,0.000000,0.003771
Q_ind_38_anc_2-2,0.000051,0.000000,0.000000,0.000480
Q_ind_39_anc_2-2,0.000108,0.000000,0.000000,0.001030
Q_ind_40_anc_2-2,0.001290,0.000000,0.000000,0.019730
Q_ind_41_anc_2-2,0.000131,0.000000,0.000000,0.001292
Q_ind_42_anc_2-2,0.537743,0.529342,0.435078,0.689728
Q_ind_43_anc_2-2,0.494087,0.493286,0.400453,0.588705
Q_ind_44_anc_2-2,0.497798,0.502016,0.374477,0.604930
Q_ind_45_anc_2-2,0.545710,0.535656,0.420565,0.683261
Q_ind_46_anc_2-2,0.512551,0.513746,0.413824,0.604837
Q_ind_47_anc_2-2,0.533296,0.530862,0.426426,0.654803
Q_ind_48_anc_2-2,0.441988,0.442503,0.317391,0.563757
Q_ind_49_anc_2-2,0.616682,0.621322,0.530756,0.675426
Q_ind_50_anc_2-2,0.481027,0.481685,0.371450,0.583271
Q_ind_51_anc_2-2,0.001323,0.000000,0.000000,0.016351
Q_ind_52_anc_2-2,0.000676,0.000000,0.000000,0.009455
Q_ind_53_anc_2-2,0.000479,0.000000,0.000000,0.005080
Q_ind_54_anc_2-2,0.000522,0.000000,0.000000,0.007031
Q_ind_55_anc_2-2,0.000467,0.000000,0.000000,0.005234
Q_ind_56_anc_2-2,0.001353,0.000000,0.000000,0.019562
Q_ind_57_anc_2-2,0.001271,0.000000,0.000000,0.016755
Q_ind_58_anc_2-2,0.010502,0.000000,0.000000,0.068934
Q_ind_59_anc_2-2,0.001127,0.000000,0.000000,0.016075
Q_ind_60_anc_2-2,0.000576,0.000000,0.000000,0.006986
Q_ind_61_anc_2-2,0.003344,0.000000,0.000000,0.045473
Q_ind_62_anc_2-2,0.000408,0.000000,0.000000,0.004931
Q_ind_63_anc_2-2,0.000072,0.000000,0.000000,0.000790
Q_ind_64_anc_2-2,0.000073,0.000000,0.000000,0.000826
Q_ind_65_anc_2-2,0.000117,0.000000,0.000000,0.001238
Q_ind_66_anc_2-2,0.000331,0.000000,0.000000,0.004537
Q_ind_67_anc_2-2,0.000088,0.000000,0.000000,0.001005
Q_ind_68_anc_2-2,0.582797,0.583280,0.492666,0.673277
Q_ind_69_anc_2-2,0.230230,0.231199,0.138362,0.323520
Q_ind_70_anc_2-2,0.209808,0.209264,0.117020,0.301519
Q_ind_71_anc_2-2,0.699714,0.700243,0.617930,0.777757
Q_ind_72_anc_2-2,0.539770,0.539686,0.409938,0.678324
Q_ind_73_anc_2-2,0.594573,0.593096,0.491701,0.699372
Q_ind_74_anc_2-2,0.230045,0.228296,0.134518,0.332365
Q_ind_75_anc_2-2,0.000849,0.000000,0.000000,0.009143
Q_ind_76_anc_2-2,0.699681,0.693293,0.577647,0.838423
Q_ind_77_anc_2-2,0.000316,0.000000,0.000000,0.003869
Q_ind_78_anc_2-2,0.000153,0.000000,0.000000,0.001475
Q_ind_79_anc_2-2,0.000345,0.000000,0.000000,0.004988
Q_ind_80_anc_2-2,0.000131,0.000000,0.000000,0.001415
Q_ind_81_anc_2-2,0.000326,0.000000,0.000000,0.004201
Q_ind_82_anc_2-2,0.000197,0.000000,0.000000,0.002063
Q_ind_83_anc_2-2,0.000884,0.000000,0.000000,0.011386
Q_ind_84_anc_2-2,0.000111,0.000000,0.000000,0.001063
Q_ind_85_anc_2-2,0.000218,0.000000,0.000000,0.002340
Q_ind_86_anc_2-2,0.000439,0.000000,0.000000,0.005466
Q_ind_87_anc_2-2,0.000110,0.000000,0.000000,0.000979
Q_ind_88_anc_2-2,0.000486,0.000000,0.000000,0.006446
Q_ind_89_anc_2-2,0.000767,0.000000,0.000000,0.010131
Q_ind_90_anc_2-2,0.001360,0.000000,0.000000,0.019981
Q_ind_91_anc_2-2,0.005230,0.000000,0.000000,0.053912
Q_ind_92_anc_2-2,0.001029,0.000000,0.000000,0.010766
Q_ind_93_anc_2-2,0.003017,0.000000,0.000000,0.037555
Q_ind_94_anc_2-2,0.000113,0.000000,0.000000,0.001023
Q_ind_95_anc_2-2,0.003097,0.000000,0.000000,0.035323
Q_ind_96_anc_2-2,0.001205,0.000000,0.000000,0.016391
Q_ind_97_anc_2-2,0.000645,0.000000,0.000000,0.009234
Q_ind_98_anc_2-2,0.000178,0.000000,0.000000,0.001918
Q_ind_99_anc_2-2,0.000122,0.000000,0.000000,0.001288
Q_ind_100_anc_2-2,0.000246,0.000000,0.000000,0.002928
Q_ind_101_anc_2-2,0.000109,0.000000,0.000000,0.001099
Q_ind_102_anc_2-2,0.000109,0.000000,0.000000,0.001390
Q_ind_103_anc_2-2,0.000355,0.000000,0.000000,0.004654
Q_ind_104_anc_2-2,0.000084,0.000000,0.000000,0.000914
Q_ind_105_anc_2-2,0.000080,0.000000,0.000000,0.000903
Q_ind_106_anc_2-2,0.001488,0.000000,0.000000,0.021379
Q_ind_107_anc_2-2,0.003923,0.000000,0.000000,0.072874
Q_ind_108_anc_2-2,0.048228,0.012055,0.000000,0.227583
Q_ind_109_anc_2-2,0.338171,0.339508,0.250858,0.418141
Q_ind_110_anc_2-2,0.020508,0.000000,0.000000,0.161605
Q_ind_111_anc_2-2,0.338150,0.343630,0.245286,0.404675
Q_ind_112_anc_2-2,0.000476,0.000000,0.000000,0.005970
Q_ind_113_anc_2-2,0.265053,0.268479,0.165746,0.347423
Q_ind_114_anc_2-2,0.268915,0.276191,0.140237,0.365031
Q_ind_115_anc_2-2,0.007800,0.000000,0.000000,0.073428
Q_ind_116_anc_2-2,0.001627,0.000000,0.000000,0.022926
Q_ind_117_anc_2-2,0.002225,0.000000,0.000000,0.027410
Q_ind_118_anc_2-2,0.002007,0.000000,0.000000,0.027276
Q_ind_119_anc_2-2,0.002143,0.000000,0.000000,0.025931
Q_ind_120_anc_2-2,0.000433,0.000000,0.000000,0.006387
Q_ind_121_anc_2-2,0.001582,0.000000,0.000000,0.023141
Q_ind_122_anc_2-2,0.000481,0.000000,0.000000,0.006303
Q_ind_123_anc_2-2,0.000309,0.000000,0.000000,0.003824
Q_ind_124_anc_2-2,0.000235,0.000000,0.000000,0.002579
Q_ind_125_anc_2-2,0.000157,0.000000,0.000000,0.001287
Q_ind_126_anc_2-2,0.001861,0.000000,0.000000,0.018491
Q_ind_127_anc_2-2,0.000213,0.000000,0.000000,0.002485
Q_ind_128_anc_2-2,0.000130,0.000000,0.000000,0.001535
Q_ind_129_anc_2-2,0.000224,0.000000,0.000000,0.002765
Q_ind_130_anc_2-2,0.000276,0.000000,0.000000,0.002646
Q_ind_131_anc_2-2,0.000124,0.000000,0.000000,0.001599
Q_ind_132_anc_2-2,0.000088,0.000000,0.000000,0.000813
Q_ind_133_anc_2-2,0.001881,0.000000,0.000000,0.024949
Q_ind_134_anc_2-2,0.011473,0.000000,0.000000,0.061905
Q_ind_135_anc_2-2,0.009558,0.000000,0.000000,0.066861
Q_ind_136_anc_2-2,0.002690,0.000000,0.000000,0.033858
Q_ind_137_anc_2-2,0.000359,0.000000,0.000000,0.004099
Q_ind_138_anc_2-2,0.000104,0.000000,0.000000,0.001153
Q_ind_139_anc_2-2,0.000167,0.000000,0.000000,0.001850
Q_ind_140_anc_2-2,0.000559,0.000000,0.000000,0.007807
Q_ind_141_anc_2-2,0.056654,0.060631,0.000000,0.113554
Q_ind_142_anc_2-2,0.000114,0.000000,0.000000,0.001117
Q_ind_143_anc_2-2,0.034285,0.036857,0.000000,0.083395
Q_ind_144_anc_2-2,0.025543,0.018552,0.000000,0.083060
Q_ind_145_anc_2-2,0.000107,0.000000,0.000000,0.001212
Q_ind_146_anc_2-2,0.000145,0.000000,0.000000,0.001723
Q_ind_147_anc_2-2,0.000169,0.000000,0.000000,0.002081
Q_ind_148_anc_2-2,0.002492,0.000000,0.000000,0.022578
Q_ind_149_anc_2-2,0.000167,0.000000,0.000000,0.001333
Q_ind_150_anc_2-2,0.000257,0.000000,0.000000,0.003180
Q_ind_151_anc_2-2,0.000692,0.000000,0.000000,0.010201
Q_ind_152_anc_2-2,0.000190,0.000000,0.000000,0.002318
Q_ind_153_anc_2-2,0.000288,0.000000,0.000000,0.003994
Q_ind_154_anc_2-2,0.000234,0.000000,0.000000,0.002501
Q_ind_155_anc_2-2,0.000118,0.000000,0.000000,0.001346
Q_ind_156_anc_2-2,0.000157,0.000000,0.000000,0.001941
Q_ind_157_anc_2-2,0.000235,0.000000,0.000000,0.003012
Q_ind_158_anc_2-2,0.000108,0.000000,0.000000,0.000965
Q_ind_159_anc_2-2,0.000061,0.000000,0.000000,0.000657
Q_ind_160_anc_2-2,0.000163,0.000000,0.000000,0.001799
Q_ind_161_anc_2-2,0.000100,0.000000,0.000000,0.001177
Q_ind_162_anc_2-2,0.000255,0.000000,0.000000,0.003515
Q_ind_163_anc_2-2,0.000078,0.000000,0.000000,0.000747
Q_ind_164_anc_2-2,0.000111,0.000000,0.000000,0.001129
Q_ind_165_anc_2-2,0.001758,0.000000,0.000000,0.023743
Q_ind_166_anc_2-2,0.000313,0.000000,0.000000,0.003386
Q_ind_167_anc_2-2,0.000322,0.000000,0.000000,0.003996
Q_ind_168_anc_2-2,0.000230,0.000000,0.000000,0.002341
Q_ind_169_anc_2-2,0.000100,0.000000,0.000000,0.000975
Q_ind_170_anc_2-2,0.000757,0.000000,0.000000,0.011653
Q_ind_171_anc_2-2,0.000225,0.000000,0.000000,0.002215
Q_ind_172_anc_2-2,0.006863,0.000000,0.000000,0.047722
Q_ind_173_anc_2-2,0.000822,0.000000,0.000000,0.010137
Q_ind_174_anc_2-2,0.000255,0.000000,0.000000,0.003363
Q_ind_175_anc_2-2,0.000145,0.000000,0.000000,0.001248
Q_ind_176_anc_2-2,0.001110,0.000000,0.000000,0.017408
Q_ind_177_anc_2-2,0.000228,0.000000,0.000000,0.002970
Q_ind_178_anc_2-2,0.000120,0.000000,0.000000,0.001436
Q_ind_179_anc_2-2,0.000080,0.000000,0.000000,0.000814
Q_ind_180_anc_2-2,0.000116,0.000000,0.000000,0.001184
Q_ind_181_anc_2-2,0.000534,0.000000,0.000000,0.005334
Q_ind_182_anc_2-2,0.000189,0.000000,0.000000,0.002123
Q_ind_183_anc_2-2,0.000204,0.000000,0.000000,0.001994
Q_ind_184_anc_2-2,0.000587,0.000000,0.000000,0.007166
Q_ind_185_anc_2-2,0.006588,0.000000,0.000000,0.078807
Q_ind_186_anc_2-2,0.303848,0.302730,0.196634,0.424987
Q_ind_187_anc_2-2,0.316364,0.309320,0.180919,0.470824
Q_ind_188_anc_2-2,0.178591,0.178893,0.086508,0.274756
Q_ind_189_anc_2-2,0.534135,0.534340,0.470464,0.595921
Q_ind_190_anc_2-2,0.002654,0.000000,0.000000,0.040358
Q_ind_191_anc_2-2,0.464237,0.495612,0.241000,0.587498
Q_ind_192_anc_2-2,0.000104,0.000000,0.000000,0.001316
Q_ind_193_anc_2-2,0.000393,0.000000,0.000000,0.005330
Q_ind_194_anc_2-2,0.000037,0.000000,0.000000,0.000397
Q_ind_195_anc_2-2,0.000081,0.000000,0.000000,0.000791
Q_ind_196_anc_2-2,0.000044,0.000000,0.000000,0.000415
Q_ind_197_anc_2-2,0.000042,0.000000,0.000000,0.000410
Q_ind_198_anc_2-2,0.000039,0.000000,0.000000,0.000387
Q_ind_199_anc_2-2,0.000070,0.000000,0.000000,0.000719
Q_ind_200_anc_2-2,0.000067,0.000000,0.000000,0.000756
Q_ind_201_anc_2-2,0.000102,0.000000,0.000000,0.000904
Q_ind_202_anc_2-2,0.000084,0.000000,0.000000,0.000985
Q_ind_203_anc_2-2,0.000269,0.000000,0.000000,0.003505
Q_ind_204_anc_2-2,0.000435,0.000000,0.000000,0.005381
Q_ind_205_anc_2-2,0.000528,0.000000,0.000000,0.006074
Q_ind_206_anc_2-2,0.000859,0.000000,0.000000,0.011002
Q_ind_207_anc_2-2,0.000631,0.000000,0.000000,0.008394
Q_ind_208_anc_2-2,0.000076,0.000000,0.000000,0.000714
Q_ind_209_anc_2-2,0.000690,0.000000,0.000000,0.010522
Q_ind_210_anc_2-2,0.000351,0.000000,0.000000,0.004436
Q_ind_211_anc_2-2,0.004356,0.000000,0.000000,0.029844
Q_ind_212_anc_2-2,0.000143,0.000000,0.000000,0.001938
Q_ind_213_anc_2-2,0.000979,0.000000,0.000000,0.011586
Q_ind_214_anc_2-2,0.000550,0.000000,0.000000,0.007106
Q_ind_215_anc_2-2,0.000632,0.000000,0.000000,0.008466
Q_ind_216_anc_2-2,0.000461,0.000000,0.000000,0.004303
Q_ind_217_anc_2-2,0.001260,0.000000,0.000000,0.018107
Q_ind_218_anc_2-2,0.000083,0.000000,0.000000,0.000898
Q_ind_219_anc_2-2,0.000797,0.000000,0.000000,0.008812
Q_ind_220_anc_2-2,0.000195,0.000000,0.000000,0.001591
Q_ind_221_anc_2-2,0.000280,0.000000,0.000000,0.003450
Q_ind_222_anc_2-2,0.000630,0.000000,0.000000,0.007862
Q_ind_223_anc_2-2,0.000094,0.000000,0.000000,0.000957
Q_ind_224_anc_2-2,0.000088,0.000000,0.000000,0.000933
Q_ind_225_anc_2-2,0.012019,0.000000,0.000000,0.140441
Q_ind_226_anc_2-2,0.000081,0.000000,0.000000,0.000866
Q_ind_227_anc_2-2,0.056679,0.048439,0.000000,0.179915
Q_ind_228_anc_2-2,0.068098,0.067394,0.000000,0.182740
Q_ind_229_anc_2-2,0.047989,0.033545,0.000000,0.153730
Q_ind_230_anc_2-2,0.011215,0.000000,0.000000,0.081001
Q_ind_231_anc_2-2,0.000076,0.000000,0.000000,0.000831
Q_ind_232_anc_2-2,0.001270,0.000000,0.000000,0.014721
Q_ind_233_anc_2-2,0.028030,0.000187,0.000000,0.123894
Q_ind_234_anc_2-2,0.821690,0.822185,0.747453,0.893234
Q_ind_235_anc_2-2,0.818637,0.818921,0.705158,0.909735
Q_ind_236_anc_2-2,0.808829,0.810149,0.722807,0.884338
Q_ind_237_anc_2-2,0.836836,0.838183,0.763464,0.902851
Q_ind_238_anc_2-2,0.747936,0.749575,0.647324,0.844351
Q_ind_239_anc_2-2,0.798730,0.801180,0.716495,0.868858
Q_ind_240_anc_2-2,0.502296,0.502255,0.402560,0.602276
Q_ind_241_anc_2-2,0.545426,0.545437,0.448970,0.645154
Q_ind_242_anc_2-2,0.738173,0.736577,0.634146,0.853226
Q_ind_243_anc_2-2,0.303648,0.302203,0.198775,0.413708
Q_ind_244_anc_2-2,0.806249,0.809617,0.698138,0.898005
Q_ind_245_anc_2-2,0.325579,0.325719,0.218856,0.430375
Q_ind_1_anc_3-1,0.000432,0.000000,0.000000,0.004384
Q_ind_2_anc_3-1,0.018211,0.000000,0.000000,0.126703
Q_ind_3_anc_3-1,0.000382,0.000000,0.000000,0.003698
Q_ind_4_anc_3-1,0.011375,0.000000,0.000000,0.077628
Q_ind_5_anc_3-1,0.004887,0.000000,0.000000,0.055188
Q_ind_6_anc_3-1,0.000559,0.000000,0.000000,0.005682
Q_ind_7_anc_3-1,0.000597,0.000000,0.000000,0.007938
Q_ind_8_anc_3-1,0.000891,0.000000,0.000000,0.011149
Q_ind_9_anc_3-1,0.017901,0.000000,0.000000,0.116102
Q_ind_10_anc_3-1,0.000869,0.000000,0.000000,0.011264
Q_ind_11_anc_3-1,0.014749,0.000000,0.000000,0.082738
Q_ind_12_anc_3-1,0.027935,0.000002,0.000000,0.112473
Q_ind_13_anc_3-1,0.000545,0.000000,0.000000,0.007478
Q_ind_14_anc_3-1,0.015972,0.000000,0.000000,0.124730
Q_ind_15_anc_3-1,0.000555,0.000000,0.000000,0.006873
Q_ind_16_anc_3-1,0.008869,0.000000,0.000000,0.095347
Q_ind_17_anc_3-1,0.003319,0.000000,0.000000,0.035647
Q_ind_18_anc_3-1,0.000954,0.000000,0.000000,0.013120
Q_ind_19_anc_3-1,0.005312,0.000000,0.000000,0.055064
Q_ind_20_anc_3-1,0.000268,0.000000,0.000000,0.003196
Q_ind_21_anc_3-1,0.000256,0.000000,0.000000,0.002101
Q_ind_22_anc_3-1,0.003693,0.000000,0.000000,0.044256
Q_ind_23_anc_3-1,0.014944,0.000015,0.000000,0.065611
Q_ind_24_anc_3-1,0.019447,0.000000,0.000000,0.119296
Q_ind_25_anc_3-1,0.001048,0.000000,0.000000,0.015191
Q_ind_26_anc_3-1,0.007409,0.000000,0.000000,0.044073
Q_ind_27_anc_3-1,0.000583,0.000000,0.000000,0.007823
Q_ind_28_anc_3-1,0.001625,0.000000,0.000000,0.025475
Q_ind_29_anc_3-1,0.004735,0.000000,0.000000,0.048813
Q_ind_30_anc_3-1,0.022881,0.000001,0.000000,0.096884
Q_ind_31_anc_3-1,0.000168,0.000000,0.000000,0.002013
Q_ind_32_anc_3-1,0.000843,0.000000,0.000000,0.011393
Q_ind_33_anc_3-1,0.000506,0.000000,0.000000,0.007199
Q_ind_34_anc_3-1,0.001109,0.000000,0.000000,0.015163
Q_ind_35_anc_3-1,0.001470,0.000000,0.000000,0.019224
Q_ind_36_anc_3-1,0.000186,0.000000,0.000000,0.001457
Q_ind_37_anc_3-1,0.000427,0.000000,0.000000,0.004803
Q_ind_38_anc_3-1,0.000198,0.000000,0.000000,0.002122
Q_ind_39_anc_3-1,0.000772,0.000000,0.000000,0.009040
Q_ind_40_anc_3-1,0.004274,0.000000,0.000000,0.052172
Q_ind_41_anc_3-1,0.000851,0.000000,0.000000,0.010154
Q_ind_42_anc_3-1,0.000616,0.000000,0.000000,0.007890
Q_ind_43_anc_3-1,0.000713,0.000000,0.000000,0.010235
Q_ind_44_anc_3-1,0.000425,0.000000,0.000000,0.005185
Q_ind_45_anc_3-1,0.000381,0.000000,0.000000,0.004678
Q_ind_46_anc_3-1,0.000184,0.000000,0.000000,0.001988
Q_ind_47_anc_3-1,0.002252,0.000000,0.000000,0.026824
Q_ind_48_anc_3-1,0.000941,0.000000,0.000000,0.012615
Q_ind_49_anc_3-1,0.000192,0.000000,0.000000,0.001964
Q_ind_50_anc_3-1,0.000175,0.000000,0.000000,0.001949
Q_ind_51_anc_3-1,0.000431,0.000000,0.000000,0.005959
Q_ind_52_anc_3-1,0.000446,0.000000,0.000000,0.005884
Q_ind_53_anc_3-1,0.000242,0.000000,0.000000,0.002859
Q_ind_54_anc_3-1,0.000151,0.000000,0.000000,0.001815
Q_ind_55_anc_3-1,0.000144,0.000000,0.000000,0.001508
Q_ind_56_anc_3-1,0.000449,0.000000,0.000000,0.006025
Q_ind_57_anc_3-1,0.001368,0.000000,0.000000,0.015421
Q_ind_58_anc_3-1,0.000437,0.000000,0.000000,0.005509
Q_ind_59_anc_3-1,0.001150,0.000000,0.000000,0.019064
Q_ind_60_anc_3-1,0.000383,0.000000,0.000000,0.004967
Q_ind_61_anc_3-1,0.001585,0.000000,0.000000,0.022434
Q_ind_62_anc_3-1,0.000871,0.000000,0.000000,0.011850
Q_ind_63_anc_3-1,0.000109,0.000000,0.000000,0.001418
Q_ind_64_anc_3-1,0.000091,0.000000,0.000000,0.000878
Q_ind_65_anc_3-1,0.000143,0.000000,0.000000,0.001479
Q_ind_66_anc_3-1,0.000168,0.000000,0.000000,0.001715
Q_ind_67_anc_3-1,0.000232,0.000000,0.000000,0.003112
Q_ind_68_anc_3-1,0.001376,0.000000,0.000000,0.018236
Q_ind_69_anc_3-1,0.000205,0.000000,0.000000,0.002381
Q_ind_70_anc_3-1,0.000332,0.000000,0.000000,0.004323
Q_ind_71_anc_3-1,0.000552,0.000000,0.000000,0.007042
Q_ind_72_anc_3-1,0.000792,0.000000,0.000000,0.011558
Q_ind_73_anc_3-1,0.000752,0.000000,0.000000,0.010153
Q_ind_74_anc_3-1,0.000683,0.000000,0.000000,0.010325
Q_ind_75_anc_3-1,0.000251,0.000000,0.000000,0.002293
Q_ind_76_anc_3-1,0.000610,0.000000,0.000000,0.008812
Q_ind_77_anc_3-1,0.000664,0.000000,0.000000,0.007026
Q_ind_78_anc_3-1,0.000184,0.000000,0.000000,0.001865
Q_ind_79_anc_3-1,0.000315,0.000000,0.000000,0.003640
Q_ind_80_anc_3-1,0.000365,0.000000,0.000000,0.004083
Q_ind_81_anc_3-1,0.003652,0.000000,0.000000,0.046685
Q_ind_82_anc_3-1,0.000481,0.000000,0.000000,0.005535
Q_ind_83_anc_3-1,0.000633,0.000000,0.000000,0.005998
Q_ind_84_anc_3-1,0.000504,0.000000,0.000000,0.006404
Q_ind_85_anc_3-1,0.001076,0.000000,0.000000,0.013366
Q_ind_86_anc_3-1,0.000251,0.000000,0.000000,0.002489
Q_ind_87_anc_3-1,0.000877,0.000000,0.000000,0.012669
Q_ind_88_anc_3-1,0.004038,0.000000,0.000000,0.059796
Q_ind_89_anc_3-1,0.071032,0.025231,0.000000,0.251586
Q_ind_90_anc_3-1,0.002653,0.000000,0.000000,0.036531
Q_ind_91_anc_3-1,0.206800,0.206660,0.043563,0.351647
Q_ind_92_anc_3-1,0.006327,0.000000,0.000000,0.108122
Q_ind_93_anc_3-1,0.250409,0.250045,0.100574,0.394810
Q_ind_94_anc_3-1,0.067081,0.000879,0.000000,0.238971
Q_ind_95_anc_3-1,0.259652,0.261622,0.092717,0.413058
Q_ind_96_anc_3-1,0.000370,0.000000,0.000000,0.005251
Q_ind_97_anc_3-1,0.000857,0.000000,0.000000,0.011127
Q_ind_98_anc_3-1,0.000128,0.000000,0.000000,0.001537
Q_ind_99_anc_3-1,0.000471,0.000000,0.000000,0.004451
Q_ind_100_anc_3-1,0.000302,0.000000,0.000000,0.003732
Q_ind_101_anc_3-1,0.000112,0.000000,0.000000,0.001364
Q_ind_102_anc_3-1,0.000209,0.000000,0.000000,0.002479
Q_ind_103_anc_3-1,0.000154,0.000000,0.000000,0.001646
Q_ind_104_anc_3-1,0.000069,0.000000,0.000000,0.000792
Q_ind_105_anc_3-1,0.000491,0.000000,0.000000,0.004325
Q_ind_106_anc_3-1,0.003220,0.000000,0.000000,0.034771
Q_ind_107_anc_3-1,0.000761,0.000000,0.000000,0.010675
Q_ind_108_anc_3-1,0.000351,0.000000,0.000000,0.003715
Q_ind_109_anc_3-1,0.001577,0.000000,0.000000,0.019858
Q_ind_110_anc_3-1,0.000473,0.000000,0.000000,0.006599
Q_ind_111_anc_3-1,0.001033,0.000000,0.000000,0.015192
Q_ind_112_anc_3-1,0.000660,0.000000,0.000000,0.008636
Q_ind_113_anc_3-1,0.000994,0.000000,0.000000,0.013373
Q_ind_114_anc_3-1,0.000543,0.000000,0.000000,0.005991
Q_ind_115_anc_3-1,0.004446,0.000000,0.000000,0.046543
Q_ind_116_anc_3-1,0.000431,0.000000,0.000000,0.003365
Q_ind_117_anc_3-1,0.000838,0.000000,0.000000,0.010957
Q_ind_118_anc_3-1,0.000238,0.000000,0.000000,0.003293
Q_ind_119_anc_3-1,0.000264,0.000000,0.000000,0.003014
Q_ind_120_anc_3-1,0.000212,0.000000,0.000000,0.002555
Q_ind_121_anc_3-1,0.001655,0.000000,0.000000,0.021263
Q_ind_122_anc_3-1,0.000380,0.000000,0.000000,0.005462
Q_ind_123_anc_3-1,0.000651,0.000000,0.000000,0.008610
Q_ind_124_anc_3-1,0.000197,0.000000,0.000000,0.002021
Q_ind_125_anc_3-1,0.002429,0.000000,0.000000,0.036593
Q_ind_126_anc_3-1,0.005464,0.000000,0.000000,0.084934
Q_ind_127_anc_3-1,0.002266,0.000000,0.000000,0.031866
Q_ind_128_anc_3-1,0.001452,0.000000,0.000000,0.020931
Q_ind_129_anc_3-1,0.000847,0.000000,0.000000,0.011822
Q_ind_130_anc_3-1,0.002475,0.000000,0.000000,0.040539
Q_ind_131_anc_3-1,0.000236,0.000000,0.000000,0.002742
Q_ind_132_anc_3-1,0.000201,0.000000,0.000000,0.002133
Q_ind_133_anc_3-1,0.000741,0.000000,0.000000,0.011749
Q_ind_134_anc_3-1,0.000314,0.000000,0.000000,0.003976
Q_ind_135_anc_3-1,0.000421,0.000000,0.000000,0.005533
Q_ind_136_anc_3-1,0.000267,0.000000,0.000000,0.003039
Q_ind_137_anc_3-1,0.000289,0.000000,0.000000,0.003361
Q_ind_138_anc_3-1,0.000171,0.000000,0.000000,0.001687
Q_ind_139_anc_3-1,0.000694,0.000000,0.000000,0.009316
Q_ind_140_anc_3-1,0.000233,0.000000,0.000000,0.002819
Q_ind_141_anc_3-1,0.000146,0.000000,0.000000,0.001485
Q_ind_142_anc_3-1,0.000191,0.000000,0.000000,0.001891
Q_ind_143_anc_3-1,0.000229,0.000000,0.000000,0.002783
Q_ind_144_anc_3-1,0.000217,0.000000,0.000000,0.002505
Q_ind_145_anc_3-1,0.000116,0.000000,0.000000,0.001214
Q_ind_146_anc_3-1,0.003203,0.000000,0.000000,0.037526
Q_ind_147_anc_3-1,0.000312,0.000000,0.000000,0.003278
Q_ind_148_anc_3-1,0.000212,0.000000,0.000000,0.002491
Q_ind_149_anc_3-1,0.001034,0.000000,0.000000,0.010865
Q_ind_150_anc_3-1,0.000205,0.000000,0.000000,0.001670
Q_ind_151_anc_3-1,0.000275,0.000000,0.000000,0.003514
Q_ind_152_anc_3-1,0.000155,0.000000,0.000000,0.001494
Q_ind_153_anc_3-1,0.000317,0.000000,0.000000,0.003847
Q_ind_154_anc_3-1,0.000192,0.000000,0.000000,0.001541
Q_ind_155_anc_3-1,0.140780,0.140477,0.071504,0.210838
Q_ind_156_anc_3-1,0.001051,0.000000,0.000000,0.012846
Q_ind_157_anc_3-1,0.000356,0.000000,0.000000,0.004456
Q_ind_158_anc_3-1,0.061520,0.066659,0.000000,0.149187
Q_ind_159_anc_3-1,0.000956,0.000000,0.000000,0.011301
Q_ind_160_anc_3-1,0.000219,0.000000,0.000000,0.002843
Q_ind_161_anc_3-1,0.000423,0.000000,0.000000,0.004966
Q_ind_162_anc_3-1,0.003050,0.000000,0.000000,0.041638
Q_ind_163_anc_3-1,0.000405,0.000000,0.000000,0.003864
Q_ind_164_anc_3-1,0.001920,0.000000,0.000000,0.027030
Q_ind_165_anc_3-1,0.000898,0.000000,0.000000,0.012613
Q_ind_166_anc_3-1,0.000377,0.000000,0.000000,0.004418
Q_ind_167_anc_3-1,0.001613,0.000000,0.000000,0.022486
Q_ind_168_anc_3-1,0.000944,0.000000,0.000000,0.013116
Q_ind_169_anc_3-1,0.000561,0.000000,0.000000,0.006309
Q_ind_170_anc_3-1,0.000168,0.000000,0.000000,0.001665
Q_ind_171_anc_3-1,0.002275,0.000000,0.000000,0.031868
Q_ind_172_anc_3-1,0.000081,0.000000,0.000000,0.000657
Q_ind_173_anc_3-1,0.000138,0.000000,0.000000,0.001229
Q_ind_174_anc_3-1,0.000346,0.000000,0.000000,0.004658
Q_ind_175_anc_3-1,0.000389,0.000000,0.000000,0.004337
Q_ind_176_anc_3-1,0.000779,0.000000,0.000000,0.008729
Q_ind_177_anc_3-1,0.000322,0.000000,0.000000,0.003905
Q_ind_178_anc_3-1,0.000221,0.000000,0.000000,0.002280
Q_ind_179_anc_3-1,0.000143,0.000000,0.000000,0.001086
Q_ind_180_anc_3-1,0.000480,0.000000,0.000000,0.006150
Q_ind_181_anc_3-1,0.001562,0.000000,0.000000,0.021409
Q_ind_182_anc_3-1,0.000554,0.000000,0.000000,0.008474
Q_ind_183_anc_3-1,0.000708,0.000000,0.000000,0.008852
Q_ind_184_anc_3-1,0.001068,0.000000,0.000000,0.014121
Q_ind_185_anc_3-1,0.000578,0.000000,0.000000,0.007641
Q_ind_186_anc_3-1,0.000225,0.000000,0.000000,0.002825
Q_ind_187_anc_3-1,0.000147,0.000000,0.000000,0.001836
Q_ind_188_anc_3-1,0.000257,0.000000,0.000000,0.002347
Q_ind_189_anc_3-1,0.000289,0.000000,0.000000,0.003555
Q_ind_190_anc_3-1,0.002460,0.000000,0.000000,0.039940
Q_ind_191_anc_3-1,0.000275,0.000000,0.000000,0.003426
Q_ind_192_anc_3-1,0.000136,0.000000,0.000000,0.001442
Q_ind_193_anc_3-1,0.000261,0.000000,0.000000,0.002992
Q_ind_194_anc_3-1,0.000055,0.000000,0.000000,0.000617
Q_ind_195_anc_3-1,0.001513,0.000000,0.000000,0.020000
Q_ind_196_anc_3-1,0.000055,0.000000,0.000000,0.000496
Q_ind_197_anc_3-1,0.000042,0.000000,0.000000,0.000494
Q_ind_198_anc_3-1,0.000054,0.000000,0.000000,0.000534
Q_ind_199_anc_3-1,0.000388,0.000000,0.000000,0.004740
Q_ind_200_anc_3-1,0.000055,0.000000,0.000000,0.000572
Q_ind_201_anc_3-1,0.000449,0.000000,0.000000,0.006048
Q_ind_202_anc_3-1,0.001359,0.000000,0.000000,0.019186
Q_ind_203_anc_3-1,0.001703,0.000000,0.000000,0.026313
Q_ind_204_anc_3-1,0.000719,0.000000,0.000000,0.009649
Q_ind_205_anc_3-1,0.000667,0.000000,0.000000,0.007161
Q_ind_206_anc_3-1,0.000793,0.000000,0.000000,0.008358
Q_ind_207_anc_3-1,0.001786,0.000000,0.000000,0.022459
Q_ind_208_anc_3-1,0.000533,0.000000,0.000000,0.004718
Q_ind_209_anc_3-1,0.000806,0.000000,0.000000,0.010246
Q_ind_210_anc_3-1,0.000658,0.000000,0.000000,0.008134
Q_ind_211_anc_3-1,0.003394,0.000000,0.000000,0.040465
Q_ind_212_anc_3-1,0.001609,0.000000,0.000000,0.017182
Q_ind_213_anc_3-1,0.000858,0.000000,0.000000,0.009323
Q_ind_214_anc_3-1,0.000695,0.000000,0.000000,0.010790
Q_ind_215_anc_3-1,0.001654,0.000000,0.000000,0.025976
Q_ind_216_anc_3-1,0.007053,0.000000,0.000000,0.079724
Q_ind_217_anc_3-1,0.000263,0.000000,0.000000,0.003295
Q_ind_218_anc_3-1,0.000148,0.000000,0.000000,0.001657
Q_ind_219_anc_3-1,0.000481,0.000000,0.000000,0.006656
Q_ind_220_anc_3-1,0.003629,0.000000,0.000000,0.062977
Q_ind_221_anc_3-1,0.001365,0.000000,0.000000,0.017237
Q_ind_222_anc_3-1,0.000314,0.000000,0.000000,0.002802
Q_ind_223_anc_3-1,0.000632,0.000000,0.000000,0.008940
Q_ind_224_anc_3-1,0.005339,0.000000,0.000000,0.069770
Q_ind_225_anc_3-1,0.000297,0.000000,0.000000,0.003138
Q_ind_226_anc_3-1,0.000491,0.000000,0.000000,0.005017
Q_ind_227_anc_3-1,0.000266,0.000000,0.000000,0.003411
Q_ind_228_anc_3-1,0.000356,0.000000,0.000000,0.005038
Q_ind_229_anc_3-1,0.000597,0.000000,0.000000,0.007261
Q_ind_230_anc_3-1,0.000855,0.000000,0.000000,0.011288
Q_ind_231_anc_3-1,0.000561,0.000000,0.000000,0.007427
Q_ind_232_anc_3-1,0.001916,0.000000,0.000000,0.024876
Q_ind_233_anc_3-1,0.000502,0.000000,0.000000,0.005822
Q_ind_234_anc_3-1,0.000630,0.000000,0.000000,0.008722
Q_ind_235_anc_3-1,0.000381,0.000000,0.000000,0.004810
Q_ind_236_anc_3-1,0.000142,0.000000,0.000000,0.001317
Q_ind_237_anc_3-1,0.000135,0.000000,0.000000,0.001754
Q_ind_238_anc_3-1,0.000166,0.000000,0.000000,0.001738
Q_ind_239_anc_3-1,0.000187,0.000000,0.000000,0.001833
Q_ind_240_anc_3-1,0.000237,0.000000,0.000000,0.002764
Q_ind_241_anc_3-1,0.002435,0.000000,0.000000,0.032114
Q_ind_242_anc_3-1,0.002014,0.000000,0.000000,0.021510
Q_ind_243_anc_3-1,0.000431,0.000000,0.000000,0.004669
Q_ind_244_anc_3-1,0.000215,0.000000,0.000000,0.002604
Q_ind_245_anc_3-1,0.000212,0.000000,0.000000,0.002389
Q_ind_1_anc_3-2,0.000470,0.000000,0.000000,0.006237
Q_ind_2_anc_3-2,0.000493,0.000000,0.000000,0.006963
Q_ind_3_anc_3-2,0.000342,0.000000,0.000000,0.003607
Q_ind_4_anc_3-2,0.002585,0.000000,0.000000,0.036802
Q_ind_5_anc_3-2,0.000266,0.000000,0.000000,0.003319
Q_ind_6_anc_3-2,0.000433,0.000000,0.000000,0.005452
Q_ind_7_anc_3-2,0.000706,0.000000,0.000000,0.010275
Q_ind_8_anc_3-2,0.000553,0.000000,0.000000,0.006157
Q_ind_9_anc_3-2,0.000287,0.000000,0.000000,0.003195
Q_ind_10_anc_3-2,0.000336,0.000000,0.000000,0.004531
Q_ind_11_anc_3-2,0.000634,0.000000,0.000000,0.008061
Q_ind_12_anc_3-2,0.000763,0.000000,0.000000,0.008860
Q_ind_13_anc_3-2,0.000929,0.000000,0.000000,0.012398
Q_ind_14_anc_3-2,0.043756,0.000766,0.000000,0.149643
Q_ind_15_anc_3-2,0.041296,0.033009,0.000000,0.124887
Q_ind_16_anc_3-2,0.038422,0.038791,0.000000,0.111160
Q_ind_17_anc_3-2,0.004056,0.000000,0.000000,0.051738
Q_ind_18_anc_3-2,0.001306,0.000000,0.000000,0.018609
Q_ind_19_anc_3-2,0.041889,0.039936,0.000000,0.120483
Q_ind_20_anc_3-2,0.085529,0.088986,0.000000,0.134862
Q_ind_21_anc_3-2,0.002430,0.000000,0.000000,0.032662
Q_ind_22_anc_3-2,0.004939,0.000000,0.000000,0.052114
Q_ind_23_anc_3-2,0.000467,0.000000,0.000000,0.005328
Q_ind_24_anc_3-2,0.014283,0.000000,0.000000,0.114157
Q_ind_25_anc_3-2,0.000262,0.000000,0.000000,0.002827
Q_ind_26_anc_3-2,0.001246,0.000000,0.000000,0.019516
Q_ind_27_anc_3-2,0.012692,0.000000,0.000000,0.067102
Q_ind_28_anc_3-2,0.001558,0.000000,0.000000,0.022788
Q_ind_29_anc_3-2,0.003322,0.000000,0.000000,0.043319
Q_ind_30_anc_3-2,0.003842,0.000000,0.000000,0.050699
Q_ind_31_anc_3-2,0.000154,0.000000,0.000000,0.001921
Q_ind_32_anc_3-2,0.000330,0.000000,0.000000,0.003847
Q_ind_33_anc_3-2,0.000554,0.000000,0.000000,0.008300
Q_ind_34_anc_3-2,0.000178,0.000000,0.000000,0.001716
Q_ind_35_anc_3-2,0.000258,0.000000,0.000000,0.003238
Q_ind_36_anc_3-2,0.000141,0.000000,0.000000,0.001835
Q_ind_37_anc_3-2,0.000882,0.000000,0.000000,0.011290
Q_ind_38_anc_3-2,0.000059,0.000000,0.000000,0.000618
Q_ind_39_anc_3-2,0.134048,0.134042,0.082229,0.187238
Q_ind_40_anc_3-2,0.008480,0.000000,0.000000,0.067407
Q_ind_41_anc_3-2,0.002018,0.000000,0.000000,0.027839
Q_ind_42_anc_3-2,0.000430,0.000000,0.000000,0.005159
Q_ind_43_anc_3-2,0.000187,0.000000,0.000000,0.001821
Q_ind_44_anc_3-2,0.000551,0.000000,0.000000,0.007815
Q_ind_45_anc_3-2,0.000607,0.000000,0.000000,0.006438
Q_ind_46_anc_3-2,0.000176,0.000000,0.000000,0.002094
Q_ind_47_anc_3-2,0.001339,0.000000,0.000000,0.020168
Q_ind_48_anc_3-2,0.001618,0.000000,0.000000,0.023084
Q_ind_49_anc_3-2,0.000149,0.000000,0.000000,0.001332
Q_ind_50_anc_3-2,0.000223,0.000000,0.000000,0.002660
Q_ind_51_anc_3-2,0.000483,0.000000,0.000000,0.006712
Q_ind_52_anc_3-2,0.000468,0.000000,0.000000,0.006003
Q_ind_53_anc_3-2,0.000509,0.000000,0.000000,0.007019
Q_ind_54_anc_3-2,0.000105,0.000000,0.000000,0.001253
Q_ind_55_anc_3-2,0.000236,0.000000,0.000000,0.002514
Q_ind_56_anc_3-2,0.000532,0.000000,0.000000,0.006282
Q_ind_57_anc_3-2,0.241896,0.241830,0.176357,0.307977
Q_ind_58_anc_3-2,0.000246,0.000000,0.000000,0.002429
Q_ind_59_anc_3-2,0.014665,0.000000,0.000000,0.072858
Q_ind_60_anc_3-2,0.000262,0.000000,0.000000,0.002286
Q_ind_61_anc_3-2,0.001621,0.000000,0.000000,0.023318
Q_ind_62_anc_3-2,0.000632,0.000000,0.000000,0.007273
Q_ind_63_anc_3-2,0.000092,0.000000,0.000000,0.000999
Q_ind_64_anc_3-2,0.000061,0.000000,0.000000,0.000666
Q_ind_65_anc_3-2,0.000103,0.000000,0.000000,0.001108
Q_ind_66_anc_3-2,0.000123,0.000000,0.000000,0.001325
Q_ind_67_anc_3-2,0.000155,0.000000,0.000000,0.001709
Q_ind_68_anc_3-2,0.000782,0.000000,0.000000,0.011628
Q_ind_69_anc_3-2,0.112237,0.111911,0.054518,0.171281
Q_ind_70_anc_3-2,0.001409,0.000000,0.000000,0.019800
Q_ind_71_anc_3-2,0.000625,0.000000,0.000000,0.008262
Q_ind_72_anc_3-2,0.001151,0.000000,0.000000,0.016063
Q_ind_73_anc_3-2,0.000835,0.000000,0.000000,0.011467
Q_ind_74_anc_3-2,0.112779,0.112192,0.044395,0.181234
Q_ind_75_anc_3-2,0.118285,0.117220,0.055659,0.186922
Q_ind_76_anc_3-2,0.002036,0.000000,0.000000,0.025655
Q_ind_77_anc_3-2,0.001091,0.000000,0.000000,0.010586
Q_ind_78_anc_3-2,0.000366,0.000000,0.000000,0.003352
Q_ind_79_anc_3-2,0.000308,0.000000,0.000000,0.004184
Q_ind_80_anc_3-2,0.000213,0.000000,0.000000,0.002461
Q_ind_81_anc_3-2,0.001233,0.000000,0.000000,0.017828
Q_ind_82_anc_3-2,0.000297,0.000000,0.000000,0.003855
Q_ind_83_anc_3-2,0.000834,0.000000,0.000000,0.011296
Q_ind_84_anc_3-2,0.000492,0.000000,0.000000,0.006744
Q_ind_85_anc_3-2,0.000420,0.000000,0.000000,0.004673
Q_ind_86_anc_3-2,0.002097,0.000000,0.000000,0.032170
Q_ind_87_anc_3-2,0.000445,0.000000,0.000000,0.005762
Q_ind_88_anc_3-2,0.023520,0.000000,0.000000,0.136159
Q_ind_89_anc_3-2,0.001698,0.000000,0.000000,0.023771
Q_ind_90_anc_3-2,0.000806,0.000000,0.000000,0.010363
Q_ind_91_anc_3-2,0.026052,0.000001,0.000000,0.131093
Q_ind_92_anc_3-2,0.002907,0.000000,0.000000,0.046713
Q_ind_93_anc_3-2,0.009561,0.000000,0.000000,0.093556
Q_ind_94_anc_3-2,0.235146,0.235242,0.143574,0.328120
Q_ind_95_anc_3-2,0.003440,0.000000,0.000000,0.057843
Q_ind_96_anc_3-2,0.000966,0.000000,0.000000,0.013201
Q_ind_97_anc_3-2,0.000973,0.000000,0.000000,0.014143
Q_ind_98_anc_3-2,0.000183,0.000000,0.000000,0.001687
Q_ind_99_anc_3-2,0.001283,0.000000,0.000000,0.019350
Q_ind_100_anc_3-2,0.000209,0.000000,0.000000,0.002609
Q_ind_101_anc_3-2,0.000119,0.000000,0.000000,0.001173
Q_ind_102_anc_3-2,0.000079,0.000000,0.000000,0.000864
Q_ind_103_anc_3-2,0.000192,0.000000,0.000000,0.002613
Q_ind_104_anc_3-2,0.000107,0.000000,0.000000,0.001156
Q_ind_105_anc_3-2,0.003528,0.000000,0.000000,0.051131
Q_ind_106_anc_3-2,0.002572,0.000000,0.000000,0.027331
Q_ind_107_anc_3-2,0.000601,0.000000,0.000000,0.006714
Q_ind_108_anc_3-2,0.000507,0.000000,0.000000,0.005701
Q_ind_109_anc_3-2,0.000723,0.000000,0.000000,0.010259
Q_ind_110_anc_3-2,0.000165,0.000000,0.000000,0.002209
Q_ind_111_anc_3-2,0.000376,0.000000,0.000000,0.004551
Q_ind_112_anc_3-2,0.000447,0.000000,0.000000,0.004275
Q_ind_113_anc_3-2,0.001914,0.000000,0.000000,0.025360
Q_ind_114_anc_3-2,0.001184,0.000000,0.000000,0.015231
Q_ind_115_anc_3-2,0.014106,0.000000,0.000000,0.074574
Q_ind_116_anc_3-2,0.000345,0.000000,0.000000,0.003817
Q_ind_117_anc_3-2,0.000488,0.000000,0.000000,0.006435
Q_ind_118_anc_3-2,0.000396,0.000000,0.000000,0.004215
Q_ind_119_anc_3-2,0.001954,0.000000,0.000000,0.026676
Q_ind_120_anc_3-2,0.000280,0.000000,0.000000,0.003570
Q_ind_121_anc_3-2,0.003623,0.000000,0.000000,0.032118
Q_ind_122_anc_3-2,0.000305,0.000000,0.000000,0.003542
Q_ind_123_anc_3-2,0.000626,0.000000,0.000000,0.007356
Q_ind_124_anc_3-2,0.000271,0.000000,0.000000,0.003038
Q_ind_125_anc_3-2,0.000411,0.000000,0.000000,0.004992
Q_ind_126_anc_3-2,0.005342,0.000000,0.000000,0.066495
Q_ind_127_anc_3-2,0.000616,0.000000,0.000000,0.006580
Q_ind_128_anc_3-2,0.001000,0.000000,0.000000,0.012911
Q_ind_129_anc_3-2,0.000175,0.000000,0.000000,0.001636
Q_ind_130_anc_3-2,0.001719,0.000000,0.000000,0.023747
Q_ind_131_anc_3-2,0.000254,0.000000,0.000000,0.002421
Q_ind_132_anc_3-2,0.001555,0.000000,0.000000,0.022191
Q_ind_133_anc_3-2,0.000291,0.000000,0.000000,0.003685
Q_ind_134_anc_3-2,0.000504,0.000000,0.000000,0.006382
Q_ind_135_anc_3-2,0.000460,0.000000,0.000000,0.006275
Q_ind_136_anc_3-2,0.001526,0.000000,0.000000,0.021466
Q_ind_137_anc_3-2,0.001210,0.000000,0.000000,0.013626
Q_ind_138_anc_3-2,0.000521,0.000000,0.000000,0.006788
Q_ind_139_anc_3-2,0.000407,0.000000,0.000000,0.005041
Q_ind_140_anc_3-2,0.000267,0.000000,0.000000,0.003138
Q_ind_141_anc_3-2,0.000290,0.000000,0.000000,0.003816
Q_ind_142_anc_3-2,0.048449,0.003850,0.000000,0.200209
Q_ind_143_anc_3-2,0.000592,0.000000,0.000000,0.008649
Q_ind_144_anc_3-2,0.000258,0.000000,0.000000,0.002676
Q_ind_145_anc_3-2,0.000126,0.000000,0.000000,0.001235
Q_ind_146_anc_3-2,0.000374,0.000000,0.000000,0.003922
Q_ind_147_anc_3-2,0.000098,0.000000,0.000000,0.001125
Q_ind_148_anc_3-2,0.000132,0.000000,0.000000,0.001458
Q_ind_149_anc_3-2,0.081925,0.082278,0.000004,0.140575
Q_ind_150_anc_3-2,0.000217,0.000000,0.000000,0.002641
Q_ind_151_anc_3-2,0.000711,0.000000,0.000000,0.010130
Q_ind_152_anc_3-2,0.000144,0.000000,0.000000,0.001759
Q_ind_153_anc_3-2,0.000094,0.000000,0.000000,0.000913
Q_ind_154_anc_3-2,0.000119,0.000000,0.000000,0.001287
Q_ind_155_anc_3-2,0.014646,0.000000,0.000000,0.095241
Q_ind_156_anc_3-2,0.000151,0.000000,0.000000,0.001257
Q_ind_157_anc_3-2,0.000247,0.000000,0.000000,0.002656
Q_ind_158_anc_3-2,0.000353,0.000000,0.000000,0.004274
Q_ind_159_anc_3-2,0.000131,0.000000,0.000000,0.001345
Q_ind_160_anc_3-2,0.000207,0.000000,0.000000,0.002810
Q_ind_161_anc_3-2,0.000188,0.000000,0.000000,0.001548
Q_ind_162_anc_3-2,0.000473,0.000000,0.000000,0.004548
Q_ind_163_anc_3-2,0.000138,0.000000,0.000000,0.001291
Q_ind_164_anc_3-2,0.000188,0.000000,0.000000,0.001776
Q_ind_165_anc_3-2,0.002490,0.000000,0.000000,0.035455
Q_ind_166_anc_3-2,0.000214,0.000000,0.000000,0.002123
Q_ind_167_anc_3-2,0.000298,0.000000,0.000000,0.003499
Q_ind_168_anc_3-2,0.007545,0.000000,0.000000,0.089261
Q_ind_169_anc_3-2,0.001479,0.000000,0.000000,0.020140
Q_ind_170_anc_3-2,0.000321,0.000000,0.000000,0.004250
Q_ind_171_anc_3-2,0.005007,0.000000,0.000000,0.047838
Q_ind_172_anc_3-2,0.000327,0.000000,0.000000,0.003596
Q_ind_173_anc_3-2,0.000340,0.000000,0.000000,0.003864
Q_ind_174_anc_3-2,0.000529,0.000000,0.000000,0.006344
Q_ind_175_anc_3-2,0.001071,0.000000,0.000000,0.016384
Q_ind_176_anc_3-2,0.016244,0.000000,0.000000,0.124449
Q_ind_177_anc_3-2,0.000314,0.000000,0.000000,0.004216
Q_ind_178_anc_3-2,0.000199,0.000000,0.000000,0.002589
Q_ind_179_anc_3-2,0.000233,0.000000,0.000000,0.001875
Q_ind_180_anc_3-2,0.000513,0.000000,0.000000,0.006370
Q_ind_181_anc_3-2,0.017640,0.000000,0.000000,0.128918
Q_ind_182_anc_3-2,0.000232,0.000000,0.000000,0.002521
Q_ind_183_anc_3-2,0.000204,0.000000,0.000000,0.001959
Q_ind_184_anc_3-2,0.019270,0.000000,0.000000,0.123032
Q_ind_185_anc_3-2,0.000231,0.000000,0.000000,0.002717
Q_ind_186_anc_3-2,0.000187,0.000000,0.000000,0.002365
Q_ind_187_anc_3-2,0.000151,0.000000,0.000000,0.001724
Q_ind_188_anc_3-2,0.000131,0.000000,0.000000,0.000944
Q_ind_189_anc_3-2,0.000154,0.000000,0.000000,0.001828
Q_ind_190_anc_3-2,0.000389,0.000000,0.000000,0.004552
Q_ind_191_anc_3-2,0.000171,0.000000,0.000000,0.001754
Q_ind_192_anc_3-2,0.000238,0.000000,0.000000,0.003015
Q_ind_193_anc_3-2,0.000342,0.000000,0.000000,0.003807
Q_ind_194_anc_3-2,0.000036,0.000000,0.000000,0.000381
Q_ind_195_anc_3-2,0.000378,0.000000,0.000000,0.004910
Q_ind_196_anc_3-2,0.000061,0.000000,0.000000,0.000538
Q_ind_197_anc_3-2,0.000044,0.000000,0.000000,0.000485
Q_ind_198_anc_3-2,0.000043,0.000000,0.000000,0.000392
Q_ind_199_anc_3-2,0.000123,0.000000,0.000000,0.001420
Q_ind_200_anc_3-2,0.000050,0.000000,0.000000,0.000605
Q_ind_201_anc_3-2,0.009193,0.000000,0.000000,0.067942
Q_ind_202_anc_3-2,0.000089,0.000000,0.000000,0.000887
Q_ind_203_anc_3-2,0.001419,0.000000,0.000000,0.021729
Q_ind_204_anc_3-2,0.000655,0.000000,0.000000,0.008551
Q_ind_205_anc_3-2,0.000387,0.000000,0.000000,0.003712
Q_ind_206_anc_3-2,0.000436,0.000000,0.000000,0.006407
Q_ind_207_anc_3-2,0.001290,0.000000,0.000000,0.019389
Q_ind_208_anc_3-2,0.001694,0.000000,0.000000,0.024597
Q_ind_209_anc_3-2,0.000342,0.000000,0.000000,0.004073
Q_ind_210_anc_3-2,0.000397,0.000000,0.000000,0.005562
Q_ind_211_anc_3-2,0.002044,0.000000,0.000000,0.025994
Q_ind_212_anc_3-2,0.119568,0.119654,0.053865,0.182386
Q_ind_213_anc_3-2,0.010291,0.000000,0.000000,0.074180
Q_ind_214_anc_3-2,0.017616,0.000001,0.000000,0.086248
Q_ind_215_anc_3-2,0.074256,0.079004,0.000000,0.135167
Q_ind_216_anc_3-2,0.013253,0.000000,0.000000,0.116895
Q_ind_217_anc_3-2,0.000257,0.000000,0.000000,0.002940
Q_ind_218_anc_3-2,0.001331,0.000000,0.000000,0.019983
Q_ind_219_anc_3-2,0.007886,0.000000,0.000000,0.074214
Q_ind_220_anc_3-2,0.027450,0.000012,0.000000,0.105515
Q_ind_221_anc_3-2,0.010179,0.000000,0.000000,0.126809
Q_ind_222_anc_3-2,0.005838,0.000000,0.000000,0.074179
Q_ind_223_anc_3-2,0.000872,0.000000,0.000000,0.011730
Q_ind_224_anc_3-2,0.266340,0.276221,0.062613,0.336717
Q_ind_225_anc_3-2,0.035610,0.000000,0.000000,0.160909
Q_ind_226_anc_3-2,0.003968,0.000000,0.000000,0.049413
Q_ind_227_anc_3-2,0.004076,0.000000,0.000000,0.065117
Q_ind_228_anc_3-2,0.006410,0.000000,0.000000,0.069738
Q_ind_229_anc_3-2,0.000219,0.000000,0.000000,0.002475
Q_ind_230_anc_3-2,0.000562,0.000000,0.000000,0.008383
Q_ind_231_anc_3-2,0.000330,0.000000,0.000000,0.003891
Q_ind_232_anc_3-2,0.001115,0.000000,0.000000,0.013677
Q_ind_233_anc_3-2,0.000656,0.000000,0.000000,0.010249
Q_ind_234_anc_3-2,0.000329,0.000000,0.000000,0.004469
Q_ind_235_anc_3-2,0.000310,0.000000,0.000000,0.003426
Q_ind_236_anc_3-2,0.000182,0.000000,0.000000,0.002227
Q_ind_237_anc_3-2,0.000204,0.000000,0.000000,0.002591
Q_ind_238_anc_3-2,0.002652,0.000000,0.000000,0.035219
Q_ind_239_anc_3-2,0.000571,0.000000,0.000000,0.007384
Q_ind_240_anc_3-2,0.000740,0.000000,0.000000,0.008099
Q_ind_241_anc_3-2,0.054671,0.058282,0.000000,0.112513
Q_ind_242_anc_3-2,0.004754,0.000000,0.000000,0.042405
Q_ind_243_anc_3-2,0.015619,0.000000,0.000000,0.096423
Q_ind_244_anc_3-2,0.000459,0.000000,0.000000,0.006075
Q_ind_245_anc_3-2,0.000713,0.000000,0.000000,0.008263
Q_ind_1_anc_3-3,0.000080,0.000000,0.000000,0.000764
Q_ind_2_anc_3-3,0.000280,0.000000,0.000000,0.003324
Q_ind_3_anc_3-3,0.000273,0.000000,0.000000,0.003156
Q_ind_4_anc_3-3,0.000169,0.000000,0.000000,0.001678
Q_ind_5_anc_3-3,0.000065,0.000000,0.000000,0.000714
Q_ind_6_anc_3-3,0.000630,0.000000,0.000000,0.008938
Q_ind_7_anc_3-3,0.017735,0.016964,0.000000,0.045659
Q_ind_8_anc_3-3,0.000231,0.000000,0.000000,0.002384
Q_ind_9_anc_3-3,0.009568,0.000000,0.000000,0.069146
Q_ind_10_anc_3-3,0.000192,0.000000,0.000000,0.001963
Q_ind_11_anc_3-3,0.000203,0.000000,0.000000,0.002410
Q_ind_12_anc_3-3,0.000396,0.000000,0.000000,0.005540
Q_ind_13_anc_3-3,0.000102,0.000000,0.000000,0.001080
Q_ind_14_anc_3-3,0.000622,0.000000,0.000000,0.008428
Q_ind_15_anc_3-3,0.000196,0.000000,0.000000,0.002416
Q_ind_16_anc_3-3,0.000094,0.000000,0.000000,0.000835
Q_ind_17_anc_3-3,0.000215,0.000000,0.000000,0.002167
Q_ind_18_anc_3-3,0.000122,0.000000,0.000000,0.001458
Q_ind_19_anc_3-3,0.000135,0.000000,0.000000,0.001505
Q_ind_20_anc_3-3,0.000055,0.000000,0.000000,0.000584
Q_ind_21_anc_3-3,0.000208,0.000000,0.000000,0.002747
Q_ind_22_anc_3-3,0.000152,0.000000,0.000000,0.001758
Q_ind_23_anc_3-3,0.000585,0.000000,0.000000,0.007795
Q_ind_24_anc_3-3,0.000105,0.000000,0.000000,0.001212
Q_ind_25_anc_3-3,0.000214,0.000000,0.000000,0.002689
Q_ind_26_anc_3-3,0.000298,0.000000,0.000000,0.004155
Q_ind_27_anc_3-3,0.000189,0.000000,0.000000,0.002037
Q_ind_28_anc_3-3,0.000553,0.000000,0.000000,0.007568
Q_ind_29_anc_3-3,0.000558,0.000000,0.000000,0.008151
Q_ind_30_anc_3-3,0.000130,0.000000,0.000000,0.001567
Q_ind_31_anc_3-3,0.000065,0.000000,0.000000,0.000625
Q_ind_32_anc_3-3,0.000237,0.000000,0.000000,0.002698
Q_ind_33_anc_3-3,0.000110,0.000000,0.000000,0.001075
Q_ind_34_anc_3-3,0.000122,0.000000,0.000000,0.001427
Q_ind_35_anc_3-3,0.000268,0.000000,0.000000,0.003472
Q_ind_36_anc_3-3,0.000087,0.000000,0.000000,0.000910
Q_ind_37_anc_3-3,0.000157,0.000000,0.000000,0.001856
Q_ind_38_anc_3-3,0.000054,0.000000,0.000000,0.000639
Q_ind_39_anc_3-3,0.000047,0.000000,0.000000,0.000495
Q_ind_40_anc_3-3,0.000340,0.000000,0.000000,0.004248
Q_ind_41_anc_3-3,0.000203,0.000000,0.000000,0.002587
Q_ind_42_anc_3-3,0.000322,0.000000,0.000000,0.004279
Q_ind_43_anc_3-3,0.000434,0.000000,0.000000,0.006629
Q_ind_44_anc_3-3,0.000439,0.000000,0.000000,0.005524
Q_ind_45_anc_3-3,0.000658,0.000000,0.000000,0.008875
Q_ind_46_anc_3-3,0.000115,0.000000,0.000000,0.001318
Q_ind_47_anc_3-3,0.000216,0.000000,0.000000,0.002682
Q_ind_48_anc_3-3,0.001444,0.000000,0.000000,0.018961
Q_ind_49_anc_3-3,0.000276,0.000000,0.000000,0.003370
Q_ind_50_anc_3-3,0.000266,0.000000,0.000000,0.003752
Q_ind_51_anc_3-3,0.000371,0.000000,0.000000,0.004322
Q_ind_52_anc_3-3,0.000097,0.000000,0.000000,0.001108
Q_ind_53_anc_3-3,0.000145,0.000000,0.000000,0.001908
Q_ind_54_anc_3-3,0.000072,0.000000,0.000000,0.000781
Q_ind_55_anc_3-3,0.000095,0.000000,0.000000,0.001070
Q_ind_56_anc_3-3,0.000434,0.000000,0.000000,0.005267
Q_ind_57_anc_3-3,0.000076,0.000000,0.000000,0.000703
Q_ind_58_anc_3-3,0.000084,0.000000,0.000000,0.000968
Q_ind_59_anc_3-3,0.000370,0.000000,0.000000,0.004593
Q_ind_60_anc_3-3,0.000058,0.000000,0.000000,0.000593
Q_ind_61_anc_3-3,0.000139,0.000000,0.000000,0.001409
Q_ind_62_anc_3-3,0.000462,0.000000,0.000000,0.006391
Q_ind_63_anc_3-3,0.981278,0.981797,0.956273,0.999630
Q_ind_64_anc_3-3,0.992822,0.995088,0.974597,0.999961
Q_ind_65_anc_3-3,0.985295,0.986863,0.960612,0.999807
Q_ind_66_anc_3-3,0.991389,0.994196,0.967951,0.999958
Q_ind_67_anc_3-3,0.735222,0.735745,0.676325,0.790310
Q_ind_68_anc_3-3,0.000111,0.000000,0.000000,0.001154
Q_ind_69_anc_3-3,0.000090,0.000000,0.000000,0.000853
Q_ind_70_anc_3-3,0.000055,0.000000,0.000000,0.000597
Q_ind_71_anc_3-3,0.000150,0.000000,0.000000,0.001264
Q_ind_72_anc_3-3,0.000737,0.000000,0.000000,0.010897
Q_ind_73_anc_3-3,0.000304,0.000000,0.000000,0.003826
Q_ind_74_anc_3-3,0.000077,0.000000,0.000000,0.000873
Q_ind_75_anc_3-3,0.000054,0.000000,0.000000,0.000655
Q_ind_76_anc_3-3,0.000186,0.000000,0.000000,0.002258
Q_ind_77_anc_3-3,0.000293,0.000000,0.000000,0.003790
Q_ind_78_anc_3-3,0.000813,0.000000,0.000000,0.011778
Q_ind_79_anc_3-3,0.000161,0.000000,0.000000,0.001679
Q_ind_80_anc_3-3,0.000619,0.000000,0.000000,0.009147
Q_ind_81_anc_3-3,0.000327,0.000000,0.000000,0.003758
Q_ind_82_anc_3-3,0.001356,0.000000,0.000000,0.019183
Q_ind_83_anc_3-3,0.000361,0.000000,0.000000,0.003394
Q_ind_84_anc_3-3,0.000182,0.000000,0.000000,0.001933
Q_ind_85_anc_3-3,0.000137,0.000000,0.000000,0.001338
Q_ind_86_anc_3-3,0.000316,0.000000,0.000000,0.003814
Q_ind_87_anc_3-3,0.000491,0.000000,0.000000,0.005617
Q_ind_88_anc_3-3,0.178010,0.180003,0.090334,0.260552
Q_ind_89_anc_3-3,0.205775,0.205196,0.140317,0.274796
Q_ind_90_anc_3-3,0.199108,0.201087,0.126211,0.264513
Q_ind_91_anc_3-3,0.141920,0.140892,0.082623,0.205417
Q_ind_92_anc_3-3,0.194254,0.200100,0.095312,0.268202
Q_ind_93_anc_3-3,0.172041,0.172831,0.085345,0.256992
Q_ind_94_anc_3-3,0.000261,0.000000,0.000000,0.002521
Q_ind_95_anc_3-3,0.097163,0.110532,0.000000,0.209273
Q_ind_96_anc_3-3,0.000213,0.000000,0.000000,0.002178
Q_ind_97_anc_3-3,0.000171,0.000000,0.000000,0.002264
Q_ind_98_anc_3-3,0.000032,0.000000,0.000000,0.000349
Q_ind_99_anc_3-3,0.000057,0.000000,0.000000,0.000646
Q_ind_100_anc_3-3,0.000263,0.000000,0.000000,0.003288
Q_ind_101_anc_3-3,0.000099,0.000000,0.000000,0.001020
Q_ind_102_anc_3-3,0.000107,0.000000,0.000000,0.001127
Q_ind_103_anc_3-3,0.000169,0.000000,0.000000,0.002181
Q_ind_104_anc_3-3,0.000118,0.000000,0.000000,0.001430
Q_ind_105_anc_3-3,0.000039,0.000000,0.000000,0.000402
Q_ind_106_anc_3-3,0.000734,0.000000,0.000000,0.009010
Q_ind_107_anc_3-3,0.000138,0.000000,0.000000,0.001535
Q_ind_108_anc_3-3,0.000164,0.000000,0.000000,0.001937
Q_ind_109_anc_3-3,0.000256,0.000000,0.000000,0.003053
Q_ind_110_anc_3-3,0.000616,0.000000,0.000000,0.008276
Q_ind_111_anc_3-3,0.000607,0.000000,0.000000,0.008068
Q_ind_112_anc_3-3,0.000177,0.000000,0.000000,0.001982
Q_ind_113_anc_3-3,0.000403,0.000000,0.000000,0.003581
Q_ind_114_anc_3-3,0.000549,0.000000,0.000000,0.007506
Q_ind_115_anc_3-3,0.003827,0.000000,0.000000,0.028237
Q_ind_116_anc_3-3,0.000095,0.000000,0.000000,0.000829
Q_ind_117_anc_3-3,0.000146,0.000000,0.000000,0.001479
Q_ind_118_anc_3-3,0.000075,0.000000,0.000000,0.000733
Q_ind_119_anc_3-3,0.000685,0.000000,0.000000,0.008595
Q_ind_120_anc_3-3,0.000102,0.000000,0.000000,0.001322
Q_ind_121_anc_3-3,0.001037,0.000000,0.000000,0.013346
Q_ind_122_anc_3-3,0.000093,0.000000,0.000000,0.001139
Q_ind_123_anc_3-3,0.000294,0.000000,0.000000,0.004339
Q_ind_124_anc_3-3,0.000141,0.000000,0.000000,0.001583
Q_ind_125_anc_3-3,0.000204,0.000000,0.000000,0.002518
Q_ind_126_anc_3-3,0.005971,0.000000,0.000000,0.061270
Q_ind_127_anc_3-3,0.000699,0.000000,0.000000,0.009058
Q_ind_128_anc_3-3,0.000351,0.000000,0.000000,0.004316
Q_ind_129_anc_3-3,0.000703,0.000000,0.000000,0.008916
Q_ind_130_anc_3-3,0.001617,0.000000,0.000000,0.023740
Q_ind_131_anc_3-3,0.000074,0.000000,0.000000,0.000923
Q_ind_132_anc_3-3,0.000041,0.000000,0.000000,0.000407
Q_ind_133_anc_3-3,0.000147,0.000000,0.000000,0.001566
Q_ind_134_anc_3-3,0.000097,0.000000,0.000000,0.001267
Q_ind_135_anc_3-3,0.000098,0.000000,0.000000,0.001012
Q_ind_136_anc_3-3,0.000075,0.000000,0.000000,0.000868
Q_ind_137_anc_3-3,0.000129,0.000000,0.000000,0.001562
Q_ind_138_anc_3-3,0.000054,0.000000,0.000000,0.000693
Q_ind_139_anc_3-3,0.000102,0.000000,0.000000,0.001256
Q_ind_140_anc_3-3,0.000160,0.000000,0.000000,0.001724
Q_ind_141_anc_3-3,0.000149,0.000000,0.000000,0.001862
Q_ind_142_anc_3-3,0.000033,0.000000,0.000000,0.000366
Q_ind_143_anc_3-3,0.000081,0.000000,0.000000,0.000891
Q_ind_144_anc_3-3,0.000074,0.000000,0.000000,0.000744
Q_ind_145_anc_3-3,0.989656,0.991362,0.969646,0.999896
Q_ind_146_anc_3-3,0.953361,0.954104,0.920206,0.982287
Q_ind_147_anc_3-3,0.982308,0.983434,0.957402,0.999248
Q_ind_148_anc_3-3,0.947519,0.948243,0.918892,0.972651
Q_ind_149_anc_3-3,0.686520,0.686597,0.625730,0.744478
Q_ind_150_anc_3-3,0.985102,0.986567,0.961644,0.999624
Q_ind_151_anc_3-3,0.970273,0.970936,0.944930,0.992065
Q_ind_152_anc_3-3,0.991441,0.993246,0.972694,0.999945
Q_ind_153_anc_3-3,0.991834,0.994033,0.971545,0.999950
Q_ind_154_anc_3-3,0.976299,0.977192,0.949337,0.998297
Q_ind_155_anc_3-3,0.000160,0.000000,0.000000,0.001907
Q_ind_156_anc_3-3,0.000604,0.000000,0.000000,0.007008
Q_ind_157_anc_3-3,0.000729,0.000000,0.000000,0.009374
Q_ind_158_anc_3-3,0.000944,0.000000,0.000000,0.013891
Q_ind_159_anc_3-3,0.000316,0.000000,0.000000,0.003276
Q_ind_160_anc_3-3,0.000354,0.000000,0.000000,0.002622
Q_ind_161_anc_3-3,0.000201,0.000000,0.000000,0.002437
Q_ind_162_anc_3-3,0.000446,0.000000,0.000000,0.004676
Q_ind_163_anc_3-3,0.000375,0.000000,0.000000,0.004326
Q_ind_164_anc_3-3,0.000729,0.000000,0.000000,0.009972
Q_ind_165_anc_3-3,0.001583,0.000000,0.000000,0.020535
Q_ind_166_anc_3-3,0.000343,0.000000,0.000000,0.004586
Q_ind_167_anc_3-3,0.000348,0.000000,0.000000,0.003709
Q_ind_168_anc_3-3,0.000117,0.000000,0.000000,0.001381
Q_ind_169_anc_3-3,0.000051,0.000000,0.000000,0.000444
Q_ind_170_anc_3-3,0.000144,0.000000,0.000000,0.001464
Q_ind_171_anc_3-3,0.002079,0.000000,0.000000,0.021868
Q_ind_172_anc_3-3,0.000074,0.000000,0.000000,0.000641
Q_ind_173_anc_3-3,0.000050,0.000000,0.000000,0.000503
Q_ind_174_anc_3-3,0.000150,0.000000,0.000000,0.001736
Q_ind_175_anc_3-3,0.000071,0.000000,0.000000,0.000784
Q_ind_176_anc_3-3,0.000124,0.000000,0.000000,0.001231
Q_ind_177_anc_3-3,0.000641,0.000000,0.000000,0.009307
Q_ind_178_anc_3-3,0.008687,0.000000,0.000000,0.074170
Q_ind_179_anc_3-3,0.000356,0.000000,0.000000,0.004302
Q_ind_180_anc_3-3,0.176126,0.177129,0.107530,0.238339
Q_ind_181_anc_3-3,0.001394,0.000000,0.000000,0.019259
Q_ind_182_anc_3-3,0.000705,0.000000,0.000000,0.008574
Q_ind_183_anc_3-3,0.063726,0.068908,0.000000,0.141377
Q_ind_184_anc_3-3,0.000187,0.000000,0.000000,0.002099
Q_ind_185_anc_3-3,0.000137,0.000000,0.000000,0.001221
Q_ind_186_anc_3-3,0.000131,0.000000,0.000000,0.001472
Q_ind_187_anc_3-3,0.000069,0.000000,0.000000,0.000748
Q_ind_188_anc_3-3,0.000093,0.000000,0.000000,0.000998
Q_ind_189_anc_3-3,0.000164,0.000000,0.000000,0.001901
Q_ind_190_anc_3-3,0.000155,0.000000,0.000000,0.001773
Q_ind_191_anc_3-3,0.000066,0.000000,0.000000,0.000725
Q_ind_192_anc_3-3,0.000060,0.000000,0.000000,0.000717
Q_ind_193_anc_3-3,0.000146,0.000000,0.000000,0.001386
Q_ind_194_anc_3-3,0.000040,0.000000,0.000000,0.000425
Q_ind_195_anc_3-3,0.000210,0.000000,0.000000,0.002619
Q_ind_196_anc_3-3,0.000062,0.000000,0.000000,0.000602
Q_ind_197_anc_3-3,0.000041,0.000000,0.000000,0.000431
Q_ind_198_anc_3-3,0.000060,0.000000,0.000000,0.000592
Q_ind_199_anc_3-3,0.000089,0.000000,0.000000,0.000835
Q_ind_200_anc_3-3,0.000073,0.000000,0.000000,0.000776
Q_ind_201_anc_3-3,0.000037,0.000000,0.000000,0.000424
Q_ind_202_anc_3-3,0.000442,0.000000,0.000000,0.006189
Q_ind_203_anc_3-3,0.000480,0.000000,0.000000,0.006543
Q_ind_204_anc_3-3,0.000383,0.000000,0.000000,0.004917
Q_ind_205_anc_3-3,0.000912,0.000000,0.000000,0.013267
Q_ind_206_anc_3-3,0.003223,0.000000,0.000000,0.024871
Q_ind_207_anc_3-3,0.000882,0.000000,0.000000,0.012052
Q_ind_208_anc_3-3,0.000059,0.000000,0.000000,0.000634
Q_ind_209_anc_3-3,0.001899,0.000000,0.000000,0.018951
Q_ind_210_anc_3-3,0.000388,0.000000,0.000000,0.004710
Q_ind_211_anc_3-3,0.000568,0.000000,0.000000,0.006233
Q_ind_212_anc_3-3,0.000067,0.000000,0.000000,0.000746
Q_ind_213_anc_3-3,0.000100,0.000000,0.000000,0.001045
Q_ind_214_anc_3-3,0.000107,0.000000,0.000000,0.001102
Q_ind_215_anc_3-3,0.000062,0.000000,0.000000,0.000722
Q_ind_216_anc_3-3,0.003409,0.000000,0.000000,0.022835
Q_ind_217_anc_3-3,0.000073,0.000000,0.000000,0.000861
Q_ind_218_anc_3-3,0.000048,0.000000,0.000000,0.000534
Q_ind_219_anc_3-3,0.000138,0.000000,0.000000,0.001460
Q_ind_220_anc_3-3,0.000171,0.000000,0.000000,0.001723
Q_ind_221_anc_3-3,0.000107,0.000000,0.000000,0.001116
Q_ind_222_anc_3-3,0.000345,0.000000,0.000000,0.004858
Q_ind_223_anc_3-3,0.000048,0.000000,0.000000,0.000539
Q_ind_224_anc_3-3,0.000053,0.000000,0.000000,0.000453
Q_ind_225_anc_3-3,0.000648,0.000000,0.000000,0.008966
Q_ind_226_anc_3-3,0.000091,0.000000,0.000000,0.000977
Q_ind_227_anc_3-3,0.010241,0.000000,0.000000,0.060352
Q_ind_228_anc_3-3,0.005818,0.000000,0.000000,0.039605
Q_ind_229_anc_3-3,0.001048,0.000000,0.000000,0.013441
Q_ind_230_anc_3-3,0.005900,0.000000,0.000000,0.041017
Q_ind_231_anc_3-3,0.000083,0.000000,0.000000,0.000907
Q_ind_232_anc_3-3,0.000276,0.000000,0.000000,0.003258
Q_ind_233_anc_3-3,0.000368,0.000000,0.000000,0.004613
Q_ind_234_anc_3-3,0.000830,0.000000,0.000000,0.010486
Q_ind_235_anc_3-3,0.000113,0.000000,0.000000,0.001212
Q_ind_236_anc_3-3,0.000073,0.000000,0.000000,0.000867
Q_ind_237_anc_3-3,0.000112,0.000000,0.000000,0.001330
Q_ind_238_anc_3-3,0.000057,0.000000,0.000000,0.000598
Q_ind_239_anc_3-3,0.000095,0.000000,0.000000,0.001015
Q_ind_240_anc_3-3,0.000069,0.000000,0.000000,0.000724
Q_ind_241_anc_3-3,0.000131,0.000000,0.000000,0.001484
Q_ind_242_anc_3-3,0.000473,0.000000,0.000000,0.006543
Q_ind_243_anc_3-3,0.000042,0.000000,0.000000,0.000420
Q_ind_244_anc_3-3,0.000824,0.000000,0.000000,0.011750
Q_ind_245_anc_3-3,0.000050,0.000000,0.000000,0.000444
Q_ind_1_anc_4-1,0.000543,0.000000,0.000000,0.002974
Q_ind_2_anc_4-1,0.000910,0.000000,0.000000,0.013096
Q_ind_3_anc_4-1,0.000361,0.000000,0.000000,0.004635
Q_ind_4_anc_4-1,0.008168,0.000000,0.000000,0.071717
Q_ind_5_anc_4-1,0.000402,0.000000,0.000000,0.005334
Q_ind_6_anc_4-1,0.002000,0.000000,0.000000,0.027145
Q_ind_7_anc_4-1,0.000405,0.000000,0.000000,0.004789
Q_ind_8_anc_4-1,0.000295,0.000000,0.000000,0.003831
Q_ind_9_anc_4-1,0.003735,0.000000,0.000000,0.047967
Q_ind_10_anc_4-1,0.000372,0.000000,0.000000,0.004106
Q_ind_11_anc_4-1,0.005498,0.000000,0.000000,0.062917
Q_ind_12_anc_4-1,0.001462,0.000000,0.000000,0.021202
Q_ind_13_anc_4-1,0.019062,0.000000,0.000000,0.153352
Q_ind_14_anc_4-1,0.002388,0.000000,0.000000,0.033483
Q_ind_15_anc_4-1,0.004454,0.000000,0.000000,0.065473
Q_ind_16_anc_4-1,0.031905,0.000000,0.000000,0.152961
Q_ind_17_anc_4-1,0.000705,0.000000,0.000000,0.008615
Q_ind_18_anc_4-1,0.000790,0.000000,0.000000,0.008153
Q_ind_19_anc_4-1,0.021836,0.000000,0.000000,0.134372
Q_ind_20_anc_4-1,0.000745,0.000000,0.000000,0.008048
Q_ind_21_anc_4-1,0.001609,0.000000,0.000000,0.020181
Q_ind_22_anc_4-1,0.004135,0.000000,0.000000,0.049664
Q_ind_23_anc_4-1,0.005436,0.000000,0.000000,0.084499
Q_ind_24_anc_4-1,0.015948,0.000000,0.000000,0.122159
Q_ind_25_anc_4-1,0.025618,0.000000,0.000000,0.142989
Q_ind_26_anc_4-1,0.000603,0.000000,0.000000,0.007305
Q_ind_27_anc_4-1,0.000658,0.000000,0.000000,0.006388
Q_ind_28_anc_4-1,0.008086,0.000000,0.000000,0.080282
Q_ind_29_anc_4-1,0.005958,0.000000,0.000000,0.066891
Q_ind_30_anc_4-1,0.034836,0.000002,0.000000,0.160531
Q_ind_31_anc_4-1,0.000960,0.000000,0.000000,0.014103
Q_ind_32_anc_4-1,0.001917,0.000000,0.000000,0.026521
Q_ind_33_anc_4-1,0.004073,0.000000,0.000000,0.066353
Q_ind_34_anc_4-1,0.000479,0.000000,0.000000,0.005777
Q_ind_35_anc_4-1,0.001467,0.000000,0.000000,0.015291
Q_ind_36_anc_4-1,0.000221,0.000000,0.000000,0.002504
Q_ind_37_anc_4-1,0.000523,0.000000,0.000000,0.003378
Q_ind_38_anc_4-1,0.000133,0.000000,0.000000,0.001475
Q_ind_39_anc_4-1,0.244546,0.253854,0.000000,0.357312
Q_ind_40_anc_4-1,0.001872,0.000000,0.000000,0.021081
Q_ind_41_anc_4-1,0.057405,0.001554,0.000000,0.228902
Q_ind_42_anc_4-1,0.000305,0.000000,0.000000,0.003121
Q_ind_43_anc_4-1,0.000591,0.000000,0.000000,0.006910
Q_ind_44_anc_4-1,0.000353,0.000000,0.000000,0.005107
Q_ind_45_anc_4-1,0.000295,0.000000,0.000000,0.003421
Q_ind_46_anc_4-1,0.000232,0.000000,0.000000,0.002094
Q_ind_47_anc_4-1,0.000262,0.000000,0.000000,0.003010
Q_ind_48_anc_4-1,0.000256,0.000000,0.000000,0.003174
Q_ind_49_anc_4-1,0.000360,0.000000,0.000000,0.004492
Q_ind_50_anc_4-1,0.000408,0.000000,0.000000,0.003001
Q_ind_51_anc_4-1,0.000396,0.000000,0.000000,0.005366
Q_ind_52_anc_4-1,0.000405,0.000000,0.000000,0.004133
Q_ind_53_anc_4-1,0.000332,0.000000,0.000000,0.004184
Q_ind_54_anc_4-1,0.000215,0.000000,0.000000,0.001770
Q_ind_55_anc_4-1,0.000741,0.000000,0.000000,0.009203
Q_ind_56_anc_4-1,0.000834,0.000000,0.000000,0.010583
Q_ind_57_anc_4-1,0.000401,0.000000,0.000000,0.003751
Q_ind_58_anc_4-1,0.000643,0.000000,0.000000,0.009878
Q_ind_59_anc_4-1,0.000139,0.000000,0.000000,0.001649
Q_ind_60_anc_4-1,0.001022,0.000000,0.000000,0.011094
Q_ind_61_anc_4-1,0.000808,0.000000,0.000000,0.009419
Q_ind_62_anc_4-1,0.000412,0.000000,0.000000,0.004122
Q_ind_63_anc_4-1,0.000089,0.000000,0.000000,0.001133
Q_ind_64_anc_4-1,0.000123,0.000000,0.000000,0.001565
Q_ind_65_anc_4-1,0.000110,0.000000,0.000000,0.001189
Q_ind_66_anc_4-1,0.000121,0.000000,0.000000,0.001465
Q_ind_67_anc_4-1,0.000179,0.000000,0.000000,0.002260
Q_ind_68_anc_4-1,0.000568,0.000000,0.000000,0.007175
Q_ind_69_anc_4-1,0.000162,0.000000,0.000000,0.001550
Q_ind_70_anc_4-1,0.000263,0.000000,0.000000,0.002952
Q_ind_71_anc_4-1,0.001717,0.000000,0.000000,0.025804
Q_ind_72_anc_4-1,0.000364,0.000000,0.000000,0.004624
Q_ind_73_anc_4-1,0.000358,0.000000,0.000000,0.003981
Q_ind_74_anc_4-1,0.000387,0.000000,0.000000,0.004438
Q_ind_75_anc_4-1,0.000863,0.000000,0.000000,0.010731
Q_ind_76_anc_4-1,0.000422,0.000000,0.000000,0.004492
Q_ind_77_anc_4-1,0.001184,0.000000,0.000000,0.014631
Q_ind_78_anc_4-1,0.000409,0.000000,0.000000,0.004180
Q_ind_79_anc_4-1,0.000348,0.000000,0.000000,0.003436
Q_ind_80_anc_4-1,0.000170,0.000000,0.000000,0.001926
Q_ind_81_anc_4-1,0.002687,0.000000,0.000000,0.035159
Q_ind_82_anc_4-1,0.000798,0.000000,0.000000,0.007545
Q_ind_83_anc_4-1,0.000696,0.000000,0.000000,0.009590
Q_ind_84_anc_4-1,0.000338,0.000000,0.000000,0.004105
Q_ind_85_anc_4-1,0.000474,0.000000,0.000000,0.004940
Q_ind_86_anc_4-1,0.000286,0.000000,0.000000,0.003323
Q_ind_87_anc_4-1,0.000484,0.000000,0.000000,0.005685
Q_ind_88_anc_4-1,0.147008,0.173214,0.000000,0.344247
Q_ind_89_anc_4-1,0.001379,0.000000,0.000000,0.017023
Q_ind_90_anc_4-1,0.134371,0.145972,0.000000,0.317582
Q_ind_91_anc_4-1,0.001223,0.000000,0.000000,0.012212
Q_ind_92_anc_4-1,0.141569,0.157959,0.000000,0.318063
Q_ind_93_anc_4-1,0.002878,0.000000,0.000000,0.040800
Q_ind_94_anc_4-1,0.166064,0.171271,0.000000,0.374087
Q_ind_95_anc_4-1,0.000914,0.000000,0.000000,0.008675
Q_ind_96_anc_4-1,0.000156,0.000000,0.000000,0.001867
Q_ind_97_anc_4-1,0.001213,0.000000,0.000000,0.016620
Q_ind_98_anc_4-1,0.000503,0.000000,0.000000,0.005915
Q_ind_99_anc_4-1,0.000723,0.000000,0.000000,0.005908
Q_ind_100_anc_4-1,0.000149,0.000000,0.000000,0.001609
Q_ind_101_anc_4-1,0.000132,0.000000,0.000000,0.001428
Q_ind_102_anc_4-1,0.000124,0.000000,0.000000,0.001413
Q_ind_103_anc_4-1,0.000216,0.000000,0.000000,0.002875
Q_ind_104_anc_4-1,0.000071,0.000000,0.000000,0.000748
Q_ind_105_anc_4-1,0.000250,0.000000,0.000000,0.002515
Q_ind_106_anc_4-1,0.006573,0.000000,0.000000,0.059110
Q_ind_107_anc_4-1,0.002621,0.000000,0.000000,0.024614
Q_ind_108_anc_4-1,0.010132,0.000000,0.000000,0.119092
Q_ind_109_anc_4-1,0.033457,0.000026,0.000000,0.150632
Q_ind_110_anc_4-1,0.000960,0.000000,0.000000,0.011249
Q_ind_111_anc_4-1,0.001978,0.000000,0.000000,0.025730
Q_ind_112_anc_4-1,0.111816,0.000667,0.000000,0.357406
Q_ind_113_anc_4-1,0.031103,0.000000,0.000000,0.172800
Q_ind_114_anc_4-1,0.036456,0.000000,0.000000,0.202990
Q_ind_115_anc_4-1,0.000469,0.000000,0.000000,0.005494
Q_ind_116_anc_4-1,0.002775,0.000000,0.000000,0.039827
Q_ind_117_anc_4-1,0.003506,0.000000,0.000000,0.040240
Q_ind_118_anc_4-1,0.000884,0.000000,0.000000,0.011595
Q_ind_119_anc_4-1,0.000435,0.000000,0.000000,0.004687
Q_ind_120_anc_4-1,0.000255,0.000000,0.000000,0.003428
Q_ind_121_anc_4-1,0.001625,0.000000,0.000000,0.021334
Q_ind_122_anc_4-1,0.000128,0.000000,0.000000,0.001320
Q_ind_123_anc_4-1,0.002398,0.000000,0.000000,0.027672
Q_ind_124_anc_4-1,0.000440,0.000000,0.000000,0.004139
Q_ind_125_anc_4-1,0.004593,0.000000,0.000000,0.068523
Q_ind_126_anc_4-1,0.001871,0.000000,0.000000,0.028456
Q_ind_127_anc_4-1,0.011304,0.000000,0.000000,0.114234
Q_ind_128_anc_4-1,0.000757,0.000000,0.000000,0.011775
Q_ind_129_anc_4-1,0.003510,0.000000,0.000000,0.048188
Q_ind_130_anc_4-1,0.004115,0.000000,0.000000,0.060541
Q_ind_131_anc_4-1,0.149957,0.148518,0.069819,0.237200
Q_ind_132_anc_4-1,0.150083,0.150472,0.066634,0.226310
Q_ind_133_anc_4-1,0.008463,0.000000,0.000000,0.100347
Q_ind_134_anc_4-1,0.002013,0.000000,0.000000,0.027158
Q_ind_135_anc_4-1,0.003600,0.000000,0.000000,0.060463
Q_ind_136_anc_4-1,0.001563,0.000000,0.000000,0.020239
Q_ind_137_anc_4-1,0.003360,0.000000,0.000000,0.040711
Q_ind_138_anc_4-1,0.192945,0.193494,0.103195,0.282166
Q_ind_139_anc_4-1,0.013361,0.000000,0.000000,0.135807
Q_ind_140_anc_4-1,0.001988,0.000000,0.000000,0.031207
Q_ind_141_anc_4-1,0.002384,0.000000,0.000000,0.037229
Q_ind_142_anc_4-1,0.295357,0.289559,0.189201,0.418636
Q_ind_143_anc_4-1,0.000820,0.000000,0.000000,0.009323
Q_ind_144_anc_4-1,0.004688,0.000000,0.000000,0.061773
Q_ind_145_anc_4-1,0.000187,0.000000,0.000000,0.002277
Q_ind_146_anc_4-1,0.001977,0.000000,0.000000,0.023936
Q_ind_147_anc_4-1,0.000150,0.000000,0.000000,0.001708
Q_ind_148_anc_4-1,0.000243,0.000000,0.000000,0.003000
Q_ind_149_anc_4-1,0.000158,0.000000,0.000000,0.001787
Q_ind_150_anc_4-1,0.000301,0.000000,0.000000,0.003428
Q_ind_151_anc_4-1,0.000602,0.000000,0.000000,0.007785
Q_ind_152_anc_4-1,0.000196,0.000000,0.000000,0.002482
Q_ind_153_anc_4-1,0.000221,0.000000,0.000000,0.002289
Q_ind_154_anc_4-1,0.000584,0.000000,0.000000,0.007557
Q_ind_155_anc_4-1,0.000589,0.000000,0.000000,0.007528
Q_ind_156_anc_4-1,0.002902,0.000000,0.000000,0.035419
Q_ind_157_anc_4-1,0.000255,0.000000,0.000000,0.002937
Q_ind_158_anc_4-1,0.000604,0.000000,0.000000,0.006945
Q_ind_159_anc_4-1,0.000399,0.000000,0.000000,0.004366
Q_ind_160_anc_4-1,0.000178,0.000000,0.000000,0.002049
Q_ind_161_anc_4-1,0.000113,0.000000,0.000000,0.001304
Q_ind_162_anc_4-1,0.002179,0.000000,0.000000,0.029448
Q_ind_163_anc_4-1,0.000097,0.000000,0.000000,0.000793
Q_ind_164_anc_4-1,0.000937,0.000000,0.000000,0.012660
Q_ind_165_anc_4-1,0.001817,0.000000,0.000000,0.023947
Q_ind_166_anc_4-1,0.003160,0.000000,0.000000,0.045542
Q_ind_167_anc_4-1,0.080372,0.087192,0.000000,0.210984
Q_ind_168_anc_4-1,0.129037,0.134233,0.000000,0.226592
Q_ind_169_anc_4-1,0.025412,0.000006,0.000000,0.128314
Q_ind_170_anc_4-1,0.000959,0.000000,0.000000,0.013778
Q_ind_171_anc_4-1,0.001255,0.000000,0.000000,0.015312
Q_ind_172_anc_4-1,0.000585,0.000000,0.000000,0.007384
Q_ind_173_anc_4-1,0.001906,0.000000,0.000000,0.023983
Q_ind_174_anc_4-1,0.001110,0.000000,0.000000,0.016025
Q_ind_175_anc_4-1,0.098955,0.109625,0.000000,0.218444
Q_ind_176_anc_4-1,0.001125,0.000000,0.000000,0.015122
Q_ind_177_anc_4-1,0.000312,0.000000,0.000000,0.002841
Q_ind_178_anc_4-1,0.000329,0.000000,0.000000,0.003855
Q_ind_179_anc_4-1,0.000341,0.000000,0.000000,0.003496
Q_ind_180_anc_4-1,0.000684,0.000000,0.000000,0.008267
Q_ind_181_anc_4-1,0.005848,0.000000,0.000000,0.062638
Q_ind_182_anc_4-1,0.000965,0.000000,0.000000,0.012377
Q_ind_183_anc_4-1,0.000252,0.000000,0.000000,0.002049
Q_ind_184_anc_4-1,0.001305,0.000000,0.000000,0.014114
Q_ind_185_anc_4-1,0.001670,0.000000,0.000000,0.014413
Q_ind_186_anc_4-1,0.014605,0.000000,0.000000,0.109367
Q_ind_187_anc_4-1,0.000845,0.000000,0.000000,0.004752
Q_ind_188_anc_4-1,0.020679,0.000000,0.000000,0.134945
Q_ind_189_anc_4-1,0.000861,0.000000,0.000000,0.011765
Q_ind_190_anc_4-1,0.016274,0.000000,0.000000,0.146083
Q_ind_191_anc_4-1,0.015195,0.000000,0.000000,0.136251
Q_ind_192_anc_4-1,0.000102,0.000000,0.000000,0.001218
Q_ind_193_anc_4-1,0.001549,0.000000,0.000000,0.017918
Q_ind_194_anc_4-1,0.000039,0.000000,0.000000,0.000467
Q_ind_195_anc_4-1,0.000455,0.000000,0.000000,0.004610
Q_ind_196_anc_4-1,0.000052,0.000000,0.000000,0.000523
Q_ind_197_anc_4-1,0.000045,0.000000,0.000000,0.000433
Q_ind_198_anc_4-1,0.000068,0.000000,0.000000,0.000854
Q_ind_199_anc_4-1,0.000514,0.000000,0.000000,0.007442
Q_ind_200_anc_4-1,0.000065,0.000000,0.000000,0.000656
Q_ind_201_anc_4-1,0.055927,0.045237,0.000000,0.150014
Q_ind_202_anc_4-1,0.000296,0.000000,0.000000,0.003508
Q_ind_203_anc_4-1,0.001504,0.000000,0.000000,0.024122
Q_ind_204_anc_4-1,0.000970,0.000000,0.000000,0.007980
Q_ind_205_anc_4-1,0.001805,0.000000,0.000000,0.026727
Q_ind_206_anc_4-1,0.000575,0.000000,0.000000,0.003171
Q_ind_207_anc_4-1,0.001679,0.000000,0.000000,0.022027
Q_ind_208_anc_4-1,0.000463,0.000000,0.000000,0.005256
Q_ind_209_anc_4-1,0.001306,0.000000,0.000000,0.017214
Q_ind_210_anc_4-1,0.000342,0.000000,0.000000,0.003122
Q_ind_211_anc_4-1,0.004057,0.000000,0.000000,0.052519
Q_ind_212_anc_4-1,0.139454,0.141337,0.000000,0.259221
Q_ind_213_anc_4-1,0.363585,0.367759,0.208484,0.481553
Q_ind_214_anc_4-1,0.368532,0.370758,0.247234,0.481363
Q_ind_215_anc_4-1,0.305224,0.305010,0.208414,0.413450
Q_ind_216_anc_4-1,0.219129,0.273876,0.000000,0.414505
Q_ind_217_anc_4-1,0.404536,0.404621,0.302647,0.512360
Q_ind_218_anc_4-1,0.335956,0.334555,0.227289,0.450332
Q_ind_219_anc_4-1,0.321375,0.330832,0.077761,0.463163
Q_ind_220_anc_4-1,0.285452,0.291749,0.025061,0.403232
Q_ind_221_anc_4-1,0.315452,0.315037,0.204376,0.423571
Q_ind_222_anc_4-1,0.346016,0.345776,0.238209,0.455468
Q_ind_223_anc_4-1,0.000379,0.000000,0.000000,0.003322
Q_ind_224_anc_4-1,0.046938,0.032741,0.000000,0.154732
Q_ind_225_anc_4-1,0.000286,0.000000,0.000000,0.003426
Q_ind_226_anc_4-1,0.000368,0.000000,0.000000,0.004214
Q_ind_227_anc_4-1,0.000238,0.000000,0.000000,0.002892
Q_ind_228_anc_4-1,0.000193,0.000000,0.000000,0.002205
Q_ind_229_anc_4-1,0.000290,0.000000,0.000000,0.003052
Q_ind_230_anc_4-1,0.000929,0.000000,0.000000,0.013157
Q_ind_231_anc_4-1,0.000753,0.000000,0.000000,0.010973
Q_ind_232_anc_4-1,0.002916,0.000000,0.000000,0.039394
Q_ind_233_anc_4-1,0.000215,0.000000,0.000000,0.002499
Q_ind_234_anc_4-1,0.000291,0.000000,0.000000,0.003482
Q_ind_235_anc_4-1,0.005734,0.000000,0.000000,0.059192
Q_ind_236_anc_4-1,0.001097,0.000000,0.000000,0.016157
Q_ind_237_anc_4-1,0.000117,0.000000,0.000000,0.001385
Q_ind_238_anc_4-1,0.000848,0.000000,0.000000,0.010555
Q_ind_239_anc_4-1,0.000331,0.000000,0.000000,0.003422
Q_ind_240_anc_4-1,0.002319,0.000000,0.000000,0.030757
Q_ind_241_anc_4-1,0.000602,0.000000,0.000000,0.006874
Q_ind_242_anc_4-1,0.000925,0.000000,0.000000,0.013943
Q_ind_243_anc_4-1,0.000185,0.000000,0.000000,0.001795
Q_ind_244_anc_4-1,0.000348,0.000000,0.000000,0.003461
Q_ind_245_anc_4-1,0.000180,0.000000,0.000000,0.001704
Q_ind_1_anc_4-2,0.000350,0.000000,0.000000,0.004187
Q_ind_2_anc_4-2,0.000348,0.000000,0.000000,0.004426
Q_ind_3_anc_4-2,0.001503,0.000000,0.000000,0.021962
Q_ind_4_anc_4-2,0.001352,0.000000,0.000000,0.018200
Q_ind_5_anc_4-2,0.000246,0.000000,0.000000,0.003330
Q_ind_6_anc_4-2,0.000267,0.000000,0.000000,0.003271
Q_ind_7_anc_4-2,0.000438,0.000000,0.000000,0.005420
Q_ind_8_anc_4-2,0.000346,0.000000,0.000000,0.004352
Q_ind_9_anc_4-2,0.000318,0.000000,0.000000,0.003306
Q_ind_10_anc_4-2,0.000101,0.000000,0.000000,0.001068
Q_ind_11_anc_4-2,0.001222,0.000000,0.000000,0.015386
Q_ind_12_anc_4-2,0.000946,0.000000,0.000000,0.015134
Q_ind_13_anc_4-2,0.072061,0.075977,0.000000,0.171363
Q_ind_14_anc_4-2,0.029193,0.000000,0.000000,0.165680
Q_ind_15_anc_4-2,0.077112,0.076119,0.000000,0.209982
Q_ind_16_anc_4-2,0.008589,0.000000,0.000000,0.092399
Q_ind_17_anc_4-2,0.110884,0.132581,0.000000,0.222454
Q_ind_18_anc_4-2,0.005220,0.000000,0.000000,0.074163
Q_ind_19_anc_4-2,0.040856,0.000100,0.000000,0.165521
Q_ind_20_anc_4-2,0.000276,0.000000,0.000000,0.003064
Q_ind_21_anc_4-2,0.001104,0.000000,0.000000,0.014223
Q_ind_22_anc_4-2,0.000816,0.000000,0.000000,0.010139
Q_ind_23_anc_4-2,0.000327,0.000000,0.000000,0.003617
Q_ind_24_anc_4-2,0.003443,0.000000,0.000000,0.054696
Q_ind_25_anc_4-2,0.001232,0.000000,0.000000,0.014228
Q_ind_26_anc_4-2,0.001409,0.000000,0.000000,0.022199
Q_ind_27_anc_4-2,0.015727,0.000000,0.000000,0.116276
Q_ind_28_anc_4-2,0.000538,0.000000,0.000000,0.005661
Q_ind_29_anc_4-2,0.000741,0.000000,0.000000,0.007263
Q_ind_30_anc_4-2,0.002186,0.000000,0.000000,0.032440
Q_ind_31_anc_4-2,0.000146,0.000000,0.000000,0.001615
Q_ind_32_anc_4-2,0.000252,0.000000,0.000000,0.001835
Q_ind_33_anc_4-2,0.000642,0.000000,0.000000,0.007829
Q_ind_34_anc_4-2,0.000164,0.000000,0.000000,0.001624
Q_ind_35_anc_4-2,0.000287,0.000000,0.000000,0.003324
Q_ind_36_anc_4-2,0.000082,0.000000,0.000000,0.000848
Q_ind_37_anc_4-2,0.000542,0.000000,0.000000,0.007059
Q_ind_38_anc_4-2,0.000107,0.000000,0.000000,0.000963
Q_ind_39_anc_4-2,0.003600,0.000000,0.000000,0.055065
Q_ind_40_anc_4-2,0.015269,0.000000,0.000000,0.092697
Q_ind_41_anc_4-2,0.000527,0.000000,0.000000,0.006014
Q_ind_42_anc_4-2,0.000494,0.000000,0.000000,0.005742
Q_ind_43_anc_4-2,0.000371,0.000000,0.000000,0.004828
Q_ind_44_anc_4-2,0.000398,0.000000,0.000000,0.003523
Q_ind_45_anc_4-2,0.000663,0.000000,0.000000,0.009045
Q_ind_46_anc_4-2,0.000182,0.000000,0.000000,0.002188
Q_ind_47_anc_4-2,0.000170,0.000000,0.000000,0.001549
Q_ind_48_anc_4-2,0.000264,0.000000,0.000000,0.002898
Q_ind_49_anc_4-2,0.000287,0.000000,0.000000,0.003478
Q_ind_50_anc_4-2,0.000425,0.000000,0.000000,0.004882
Q_ind_51_anc_4-2,0.001594,0.000000,0.000000,0.023863
Q_ind_52_anc_4-2,0.001657,0.000000,0.000000,0.022562
Q_ind_53_anc_4-2,0.000539,0.000000,0.000000,0.006844
Q_ind_54_anc_4-2,0.000787,0.000000,0.000000,0.010247
Q_ind_55_anc_4-2,0.000482,0.000000,0.000000,0.005933
Q_ind_56_anc_4-2,0.001777,0.000000,0.000000,0.028572
Q_ind_57_anc_4-2,0.017798,0.000000,0.000000,0.116760
Q_ind_58_anc_4-2,0.001456,0.000000,0.000000,0.020977
Q_ind_59_anc_4-2,0.003087,0.000000,0.000000,0.039951
Q_ind_60_anc_4-2,0.001382,0.000000,0.000000,0.020944
Q_ind_61_anc_4-2,0.001546,0.000000,0.000000,0.023276
Q_ind_62_anc_4-2,0.001866,0.000000,0.000000,0.023766
Q_ind_63_anc_4-2,0.000077,0.000000,0.000000,0.000777
Q_ind_64_anc_4-2,0.000083,0.000000,0.000000,0.001008
Q_ind_65_anc_4-2,0.000105,0.000000,0.000000,0.000771
Q_ind_66_anc_4-2,0.000206,0.000000,0.000000,0.002499
Q_ind_67_anc_4-2,0.000081,0.000000,0.000000,0.000922
Q_ind_68_anc_4-2,0.396403,0.397242,0.296619,0.495442
Q_ind_69_anc_4-2,0.462680,0.462703,0.332808,0.595940
Q_ind_70_anc_4-2,0.445756,0.444355,0.325914,0.572235
Q_ind_71_anc_4-2,0.007161,0.000000,0.000000,0.102591
Q_ind_72_anc_4-2,0.323047,0.329137,0.123065,0.457859
Q_ind_73_anc_4-2,0.320990,0.322288,0.192587,0.447507
Q_ind_74_anc_4-2,0.453217,0.453976,0.313230,0.584125
Q_ind_75_anc_4-2,0.473613,0.474724,0.360770,0.585816
Q_ind_76_anc_4-2,0.194780,0.233999,0.000000,0.384836
Q_ind_77_anc_4-2,0.000533,0.000000,0.000000,0.007543
Q_ind_78_anc_4-2,0.000218,0.000000,0.000000,0.002643
Q_ind_79_anc_4-2,0.000312,0.000000,0.000000,0.003851
Q_ind_80_anc_4-2,0.000426,0.000000,0.000000,0.004947
Q_ind_81_anc_4-2,0.000197,0.000000,0.000000,0.001864
Q_ind_82_anc_4-2,0.000493,0.000000,0.000000,0.006497
Q_ind_83_anc_4-2,0.000840,0.000000,0.000000,0.011181
Q_ind_84_anc_4-2,0.000393,0.000000,0.000000,0.003129
Q_ind_85_anc_4-2,0.000774,0.000000,0.000000,0.009833
Q_ind_86_anc_4-2,0.001050,0.000000,0.000000,0.015138
Q_ind_87_anc_4-2,0.000228,0.000000,0.000000,0.002445
Q_ind_88_anc_4-2,0.000564,0.000000,0.000000,0.006657
Q_ind_89_anc_4-2,0.000611,0.000000,0.000000,0.005222
Q_ind_90_anc_4-2,0.007664,0.000000,0.000000,0.086399
Q_ind_91_anc_4-2,0.008278,0.000000,0.000000,0.088828
Q_ind_92_anc_4-2,0.030421,0.000000,0.000000,0.147310
Q_ind_93_anc_4-2,0.000627,0.000000,0.000000,0.008652
Q_ind_94_anc_4-2,0.001824,0.000000,0.000000,0.023617
Q_ind_95_anc_4-2,0.004266,0.000000,0.000000,0.052615
Q_ind_96_anc_4-2,0.001473,0.000000,0.000000,0.020094
Q_ind_97_anc_4-2,0.000604,0.000000,0.000000,0.006960
Q_ind_98_anc_4-2,0.000479,0.000000,0.000000,0.005218
Q_ind_99_anc_4-2,0.000766,0.000000,0.000000,0.011492
Q_ind_100_anc_4-2,0.000278,0.000000,0.000000,0.002657
Q_ind_101_anc_4-2,0.000120,0.000000,0.000000,0.001130
Q_ind_102_anc_4-2,0.000076,0.000000,0.000000,0.000820
Q_ind_103_anc_4-2,0.000315,0.000000,0.000000,0.003212
Q_ind_104_anc_4-2,0.000090,0.000000,0.000000,0.001007
Q_ind_105_anc_4-2,0.000305,0.000000,0.000000,0.004377
Q_ind_106_anc_4-2,0.003629,0.000000,0.000000,0.041716
Q_ind_107_anc_4-2,0.449804,0.464571,0.225822,0.610450
Q_ind_108_anc_4-2,0.001120,0.000000,0.000000,0.008958
Q_ind_109_anc_4-2,0.003238,0.000000,0.000000,0.041601
Q_ind_110_anc_4-2,0.444061,0.440292,0.271644,0.633488
Q_ind_111_anc_4-2,0.003198,0.000000,0.000000,0.028112
Q_ind_112_anc_4-2,0.149789,0.158886,0.000000,0.444923
Q_ind_113_anc_4-2,0.001961,0.000000,0.000000,0.024156
Q_ind_114_anc_4-2,0.003377,0.000000,0.000000,0.049936
Q_ind_115_anc_4-2,0.000675,0.000000,0.000000,0.007146
Q_ind_116_anc_4-2,0.000500,0.000000,0.000000,0.003998
Q_ind_117_anc_4-2,0.002189,0.000000,0.000000,0.029744
Q_ind_118_anc_4-2,0.000575,0.000000,0.000000,0.008155
Q_ind_119_anc_4-2,0.004698,0.000000,0.000000,0.043937
Q_ind_120_anc_4-2,0.000315,0.000000,0.000000,0.003967
Q_ind_121_anc_4-2,0.001769,0.000000,0.000000,0.026013
Q_ind_122_anc_4-2,0.000482,0.000000,0.000000,0.006006
Q_ind_123_anc_4-2,0.001179,0.000000,0.000000,0.015708
Q_ind_124_anc_4-2,0.000425,0.000000,0.000000,0.005543
Q_ind_125_anc_4-2,0.000241,0.000000,0.000000,0.002684
Q_ind_126_anc_4-2,0.000696,0.000000,0.000000,0.007816
Q_ind_127_anc_4-2,0.000327,0.000000,0.000000,0.003820
Q_ind_128_anc_4-2,0.001284,0.000000,0.000000,0.015368
Q_ind_129_anc_4-2,0.000768,0.000000,0.000000,0.011290
Q_ind_130_anc_4-2,0.000912,0.000000,0.000000,0.011778
Q_ind_131_anc_4-2,0.000800,0.000000,0.000000,0.011774
Q_ind_132_anc_4-2,0.008491,0.000000,0.000000,0.068054
Q_ind_133_anc_4-2,0.060940,0.055790,0.000000,0.181207
Q_ind_134_anc_4-2,0.029308,0.000000,0.000000,0.168131
Q_ind_135_anc_4-2,0.013451,0.000000,0.000000,0.128613
Q_ind_136_anc_4-2,0.013441,0.000000,0.000000,0.140452
Q_ind_137_anc_4-2,0.082576,0.092968,0.000000,0.215423
Q_ind_138_anc_4-2,0.163018,0.162954,0.080655,0.247078
Q_ind_139_anc_4-2,0.155035,0.172841,0.000000,0.284808
Q_ind_140_anc_4-2,0.021367,0.000000,0.000000,0.156601
Q_ind_141_anc_4-2,0.026923,0.000000,0.000000,0.200006
Q_ind_142_anc_4-2,0.225958,0.232355,0.080460,0.329422
Q_ind_143_anc_4-2,0.022896,0.000000,0.000000,0.152098
Q_ind_144_anc_4-2,0.029537,0.000000,0.000000,0.169108
Q_ind_145_anc_4-2,0.000092,0.000000,0.000000,0.001123
Q_ind_146_anc_4-2,0.000382,0.000000,0.000000,0.003287
Q_ind_147_anc_4-2,0.000147,0.000000,0.000000,0.001543
Q_ind_148_anc_4-2,0.002159,0.000000,0.000000,0.030066
Q_ind_149_anc_4-2,0.000171,0.000000,0.000000,0.002031
Q_ind_150_anc_4-2,0.000097,0.000000,0.000000,0.001136
Q_ind_151_anc_4-2,0.000259,0.000000,0.000000,0.003363
Q_ind_152_anc_4-2,0.000210,0.000000,0.000000,0.002793
Q_ind_153_anc_4-2,0.000112,0.000000,0.000000,0.001398
Q_ind_154_anc_4-2,0.000237,0.000000,0.000000,0.003117
Q_ind_155_anc_4-2,0.001128,0.000000,0.000000,0.016038
Q_ind_156_anc_4-2,0.000248,0.000000,0.000000,0.002410
Q_ind_157_anc_4-2,0.000294,0.000000,0.000000,0.003520
Q_ind_158_anc_4-2,0.000164,0.000000,0.000000,0.002069
Q_ind_159_anc_4-2,0.000222,0.000000,0.000000,0.001621
Q_ind_160_anc_4-2,0.000337,0.000000,0.000000,0.003875
Q_ind_161_anc_4-2,0.000088,0.000000,0.000000,0.000959
Q_ind_162_anc_4-2,0.000284,0.000000,0.000000,0.003620
Q_ind_163_anc_4-2,0.000144,0.000000,0.000000,0.001580
Q_ind_164_anc_4-2,0.000283,0.000000,0.000000,0.003387
Q_ind_165_anc_4-2,0.030712,0.000000,0.000000,0.209643
Q_ind_166_anc_4-2,0.001127,0.000000,0.000000,0.016494
Q_ind_167_anc_4-2,0.000868,0.000000,0.000000,0.012502
Q_ind_168_anc_4-2,0.447922,0.475172,0.000000,0.580085
Q_ind_169_anc_4-2,0.139026,0.139973,0.058660,0.218188
Q_ind_170_anc_4-2,0.000446,0.000000,0.000000,0.004200
Q_ind_171_anc_4-2,0.002863,0.000000,0.000000,0.041096
Q_ind_172_anc_4-2,0.004328,0.000000,0.000000,0.059392
Q_ind_173_anc_4-2,0.012365,0.000000,0.000000,0.122278
Q_ind_174_anc_4-2,0.001743,0.000000,0.000000,0.020654
Q_ind_175_anc_4-2,0.176850,0.186372,0.000000,0.287516
Q_ind_176_anc_4-2,0.012777,0.000000,0.000000,0.094510
Q_ind_177_anc_4-2,0.000114,0.000000,0.000000,0.001320
Q_ind_178_anc_4-2,0.000141,0.000000,0.000000,0.001522
Q_ind_179_anc_4-2,0.000214,0.000000,0.000000,0.002245
Q_ind_180_anc_4-2,0.000201,0.000000,0.000000,0.001840
Q_ind_181_anc_4-2,0.016785,0.000000,0.000000,0.106398
Q_ind_182_anc_4-2,0.000156,0.000000,0.000000,0.001607
Q_ind_183_anc_4-2,0.000243,0.000000,0.000000,0.002895
Q_ind_184_anc_4-2,0.016448,0.000000,0.000000,0.096304
Q_ind_185_anc_4-2,0.916736,0.920915,0.818731,0.984428
Q_ind_186_anc_4-2,0.364965,0.365184,0.161251,0.562917
Q_ind_187_anc_4-2,0.319948,0.352291,0.000000,0.577467
Q_ind_188_anc_4-2,0.737405,0.743423,0.574837,0.872803
Q_ind_189_anc_4-2,0.001087,0.000000,0.000000,0.012920
Q_ind_190_anc_4-2,0.818594,0.828094,0.667698,0.928418
Q_ind_191_anc_4-2,0.131273,0.000024,0.000000,0.512509
Q_ind_192_anc_4-2,0.000172,0.000000,0.000000,0.002193
Q_ind_193_anc_4-2,0.000654,0.000000,0.000000,0.008705
Q_ind_194_anc_4-2,0.000038,0.000000,0.000000,0.000409
Q_ind_195_anc_4-2,0.000196,0.000000,0.000000,0.002020
Q_ind_196_anc_4-2,0.000053,0.000000,0.000000,0.000563
Q_ind_197_anc_4-2,0.000047,0.000000,0.000000,0.000491
Q_ind_198_anc_4-2,0.000045,0.000000,0.000000,0.000405
Q_ind_199_anc_4-2,0.000159,0.000000,0.000000,0.001783
Q_ind_200_anc_4-2,0.000060,0.000000,0.000000,0.000628
Q_ind_201_anc_4-2,0.008052,0.000000,0.000000,0.086625
Q_ind_202_anc_4-2,0.000118,0.000000,0.000000,0.001166
Q_ind_203_anc_4-2,0.000607,0.000000,0.000000,0.008340
Q_ind_204_anc_4-2,0.000676,0.000000,0.000000,0.008561
Q_ind_205_anc_4-2,0.000594,0.000000,0.000000,0.007543
Q_ind_206_anc_4-2,0.000217,0.000000,0.000000,0.002577
Q_ind_207_anc_4-2,0.000423,0.000000,0.000000,0.004826
Q_ind_208_anc_4-2,0.000253,0.000000,0.000000,0.001831
Q_ind_209_anc_4-2,0.000590,0.000000,0.000000,0.007806
Q_ind_210_anc_4-2,0.000548,0.000000,0.000000,0.006502
Q_ind_211_anc_4-2,0.001511,0.000000,0.000000,0.019286
Q_ind_212_anc_4-2,0.000858,0.000000,0.000000,0.011111
Q_ind_213_anc_4-2,0.068947,0.057486,0.000000,0.206624
Q_ind_214_anc_4-2,0.056859,0.039187,0.000000,0.187234
Q_ind_215_anc_4-2,0.003050,0.000000,0.000000,0.040914
Q_ind_216_anc_4-2,0.107963,0.129965,0.000000,0.275765
Q_ind_217_anc_4-2,0.149513,0.155291,0.000000,0.252019
Q_ind_218_anc_4-2,0.109732,0.110904,0.000000,0.210094
Q_ind_219_anc_4-2,0.025994,0.000000,0.000000,0.206602
Q_ind_220_anc_4-2,0.029292,0.000000,0.000000,0.157230
Q_ind_221_anc_4-2,0.083486,0.089626,0.000000,0.202735
Q_ind_222_anc_4-2,0.007154,0.000000,0.000000,0.106181
Q_ind_223_anc_4-2,0.000574,0.000000,0.000000,0.005137
Q_ind_224_anc_4-2,0.002494,0.000000,0.000000,0.032871
Q_ind_225_anc_4-2,0.001301,0.000000,0.000000,0.016808
Q_ind_226_anc_4-2,0.000309,0.000000,0.000000,0.002270
Q_ind_227_anc_4-2,0.003801,0.000000,0.000000,0.054678
Q_ind_228_anc_4-2,0.001814,0.000000,0.000000,0.026689
Q_ind_229_anc_4-2,0.000516,0.000000,0.000000,0.005013
Q_ind_230_anc_4-2,0.003465,0.000000,0.000000,0.050951
Q_ind_231_anc_4-2,0.000353,0.000000,0.000000,0.003609
Q_ind_232_anc_4-2,0.005872,0.000000,0.000000,0.086108
Q_ind_233_anc_4-2,0.004696,0.000000,0.000000,0.058106
Q_ind_234_anc_4-2,0.000382,0.000000,0.000000,0.004710
Q_ind_235_anc_4-2,0.007693,0.000000,0.000000,0.094694
Q_ind_236_anc_4-2,0.006551,0.000000,0.000000,0.084174
Q_ind_237_anc_4-2,0.001193,0.000000,0.000000,0.017371
Q_ind_238_anc_4-2,0.027565,0.000002,0.000000,0.151233
Q_ind_239_anc_4-2,0.001667,0.000000,0.000000,0.021819
Q_ind_240_anc_4-2,0.003998,0.000000,0.000000,0.058762
Q_ind_241_anc_4-2,0.229574,0.228175,0.127890,0.337480
Q_ind_242_anc_4-2,0.037487,0.000028,0.000000,0.165071
Q_ind_243_anc_4-2,0.261336,0.256952,0.142970,0.392994
Q_ind_244_anc_4-2,0.017084,0.000000,0.000000,0.116455
Q_ind_245_anc_4-2,0.198478,0.198632,0.059114,0.340329
Q_ind_1_anc_4-3,0.010537,0.000000,0.000000,0.136216
Q_ind_2_anc_4-3,0.001070,0.000000,0.000000,0.014470
Q_ind_3_anc_4-3,0.001740,0.000000,0.000000,0.023901
Q_ind_4_anc_4-3,0.017645,0.000000,0.000000,0.096839
Q_ind_5_anc_4-3,0.001107,0.000000,0.000000,0.017838
Q_ind_6_anc_4-3,0.001818,0.000000,0.000000,0.027551
Q_ind_7_anc_4-3,0.004505,0.000000,0.000000,0.063709
Q_ind_8_anc_4-3,0.005271,0.000000,0.000000,0.085287
Q_ind_9_anc_4-3,0.058912,0.020945,0.000000,0.186804
Q_ind_10_anc_4-3,0.001183,0.000000,0.000000,0.016457
Q_ind_11_anc_4-3,0.004300,0.000000,0.000000,0.058606
Q_ind_12_anc_4-3,0.029506,0.000000,0.000000,0.141611
Q_ind_13_anc_4-3,0.001280,0.000000,0.000000,0.016366
Q_ind_14_anc_4-3,0.031439,0.000004,0.000000,0.129641
Q_ind_15_anc_4-3,0.013291,0.000000,0.000000,0.094046
Q_ind_16_anc_4-3,0.012443,0.000000,0.000000,0.098695
Q_ind_17_anc_4-3,0.000479,0.000000,0.000000,0.003915
Q_ind_18_anc_4-3,0.000369,0.000000,0.000000,0.004620
Q_ind_19_anc_4-3,0.005656,0.000000,0.000000,0.060776
Q_ind_20_anc_4-3,0.004687,0.000000,0.000000,0.079033
Q_ind_21_anc_4-3,0.001343,0.000000,0.000000,0.016002
Q_ind_22_anc_4-3,0.036200,0.031825,0.000000,0.112689
Q_ind_23_anc_4-3,0.009074,0.000000,0.000000,0.073196
Q_ind_24_anc_4-3,0.032019,0.000000,0.000000,0.175234
Q_ind_25_anc_4-3,0.000341,0.000000,0.000000,0.004158
Q_ind_26_anc_4-3,0.029063,0.018477,0.000000,0.097292
Q_ind_27_anc_4-3,0.002612,0.000000,0.000000,0.035656
Q_ind_28_anc_4-3,0.017742,0.000002,0.000000,0.086198
Q_ind_29_anc_4-3,0.007612,0.000000,0.000000,0.080001
Q_ind_30_anc_4-3,0.042799,0.039890,0.000000,0.123568
Q_ind_31_anc_4-3,0.000214,0.000000,0.000000,0.002278
Q_ind_32_anc_4-3,0.000248,0.000000,0.000000,0.002635
Q_ind_33_anc_4-3,0.000690,0.000000,0.000000,0.008402
Q_ind_34_anc_4-3,0.000096,0.000000,0.000000,0.001092
Q_ind_35_anc_4-3,0.000195,0.000000,0.000000,0.002413
Q_ind_36_anc_4-3,0.000072,0.000000,0.000000,0.000664
Q_ind_37_anc_4-3,0.000518,0.000000,0.000000,0.006347
Q_ind_38_anc_4-3,0.000074,0.000000,0.000000,0.000815
Q_ind_39_anc_4-3,0.000876,0.000000,0.000000,0.012180
Q_ind_40_anc_4-3,0.003810,0.000000,0.000000,0.049552
Q_ind_41_anc_4-3,0.109510,0.116776,0.000000,0.181334
Q_ind_42_anc_4-3,0.000411,0.000000,0.000000,0.005279
Q_ind_43_anc_4-3,0.000319,0.000000,0.000000,0.003587
Q_ind_44_anc_4-3,0.000348,0.000000,0.000000,0.003945
Q_ind_45_anc_4-3,0.000190,0.000000,0.000000,0.002210
Q_ind_46_anc_4-3,0.000114,0.000000,0.000000,0.000866
Q_ind_47_anc_4-3,0.000399,0.000000,0.000000,0.005399
Q_ind_48_anc_4-3,0.001134,0.000000,0.000000,0.015927
Q_ind_49_anc_4-3,0.000197,0.000000,0.000000,0.002330
Q_ind_50_anc_4-3,0.000135,0.000000,0.000000,0.001461
Q_ind_51_anc_4-3,0.000604,0.000000,0.000000,0.008028
Q_ind_52_anc_4-3,0.000549,0.000000,0.000000,0.008365
Q_ind_53_anc_4-3,0.000269,0.000000,0.000000,0.003190
Q_ind_54_anc_4-3,0.000213,0.000000,0.000000,0.002420
Q_ind_55_anc_4-3,0.000154,0.000000,0.000000,0.001820
Q_ind_56_anc_4-3,0.000441,0.000000,0.000000,0.005661
Q_ind_57_anc_4-3,0.000419,0.000000,0.000000,0.003478
Q_ind_58_anc_4-3,0.000301,0.000000,0.000000,0.003859
Q_ind_59_anc_4-3,0.005403,0.000000,0.000000,0.049254
Q_ind_60_anc_4-3,0.000209,0.000000,0.000000,0.002474
Q_ind_61_anc_4-3,0.000765,0.000000,0.000000,0.010558
Q_ind_62_anc_4-3,0.001669,0.000000,0.000000,0.021760
Q_ind_63_anc_4-3,0.000164,0.000000,0.000000,0.001497
Q_ind_64_anc_4-3,0.000165,0.000000,0.000000,0.001448
Q_ind_65_anc_4-3,0.000181,0.000000,0.000000,0.001426
Q_ind_66_anc_4-3,0.000226,0.000000,0.000000,0.002471
Q_ind_67_anc_4-3,0.000079,0.000000,0.000000,0.000886
Q_ind_68_anc_4-3,0.000352,0.000000,0.000000,0.004283
Q_ind_69_anc_4-3,0.000250,0.000000,0.000000,0.002639
Q_ind_70_anc_4-3,0.000366,0.000000,0.000000,0.004437
Q_ind_71_anc_4-3,0.000413,0.000000,0.000000,0.005117
Q_ind_72_anc_4-3,0.000864,0.000000,0.000000,0.012478
Q_ind_73_anc_4-3,0.000337,0.000000,0.000000,0.003364
Q_ind_74_anc_4-3,0.000473,0.000000,0.000000,0.005948
Q_ind_75_anc_4-3,0.000281,0.000000,0.000000,0.003089
Q_ind_76_anc_4-3,0.000361,0.000000,0.000000,0.004216
Q_ind_77_anc_4-3,0.194581,0.196571,0.099846,0.267680
Q_ind_78_anc_4-3,0.253112,0.258112,0.140604,0.336883
Q_ind_79_anc_4-3,0.192484,0.192165,0.126112,0.258153
Q_ind_80_anc_4-3,0.159461,0.159260,0.096251,0.223595
Q_ind_81_anc_4-3,0.250154,0.252178,0.160244,0.324343
Q_ind_82_anc_4-3,0.009359,0.000000,0.000000,0.138442
Q_ind_83_anc_4-3,0.089545,0.066784,0.000000,0.270257
Q_ind_84_anc_4-3,0.007706,0.000000,0.000000,0.099977
Q_ind_85_anc_4-3,0.005740,0.000000,0.000000,0.088615
Q_ind_86_anc_4-3,0.213908,0.213823,0.134533,0.291015
Q_ind_87_anc_4-3,0.037870,0.000000,0.000000,0.207031
Q_ind_88_anc_4-3,0.009410,0.000000,0.000000,0.194918
Q_ind_89_anc_4-3,0.025086,0.000000,0.000000,0.232976
Q_ind_90_anc_4-3,0.031182,0.000000,0.000000,0.221253
Q_ind_91_anc_4-3,0.179602,0.207038,0.000000,0.340892
Q_ind_92_anc_4-3,0.001053,0.000000,0.000000,0.011287
Q_ind_93_anc_4-3,0.035814,0.000000,0.000000,0.246892
Q_ind_94_anc_4-3,0.010156,0.000000,0.000000,0.129316
Q_ind_95_anc_4-3,0.139853,0.150507,0.000000,0.355756
Q_ind_96_anc_4-3,0.000401,0.000000,0.000000,0.006041
Q_ind_97_anc_4-3,0.000591,0.000000,0.000000,0.007954
Q_ind_98_anc_4-3,0.000094,0.000000,0.000000,0.000931
Q_ind_99_anc_4-3,0.000920,0.000000,0.000000,0.011556
Q_ind_100_anc_4-3,0.000368,0.000000,0.000000,0.004898
Q_ind_101_anc_4-3,0.000108,0.000000,0.000000,0.001282
Q_ind_102_anc_4-3,0.000064,0.000000,0.000000,0.000778
Q_ind_103_anc_4-3,0.000142,0.000000,0.000000,0.001348
Q_ind_104_anc_4-3,0.000088,0.000000,0.000000,0.000956
Q_ind_105_anc_4-3,0.000388,0.000000,0.000000,0.003718
Q_ind_106_anc_4-3,0.000945,0.000000,0.000000,0.012300
Q_ind_107_anc_4-3,0.001374,0.000000,0.000000,0.021402
Q_ind_108_anc_4-3,0.000377,0.000000,0.000000,0.003776
Q_ind_109_anc_4-3,0.000406,0.000000,0.000000,0.004839
Q_ind_110_anc_4-3,0.000634,0.000000,0.000000,0.007861
Q_ind_111_anc_4-3,0.000692,0.000000,0.000000,0.009538
Q_ind_112_anc_4-3,0.000508,0.000000,0.000000,0.005848
Q_ind_113_anc_4-3,0.001223,0.000000,0.000000,0.013506
Q_ind_114_anc_4-3,0.000854,0.000000,0.000000,0.010812
Q_ind_115_anc_4-3,0.000839,0.000000,0.000000,0.012010
Q_ind_116_anc_4-3,0.000284,0.000000,0.000000,0.003149
Q_ind_117_anc_4-3,0.000214,0.000000,0.000000,0.002380
Q_ind_118_anc_4-3,0.000233,0.000000,0.000000,0.003223
Q_ind_119_anc_4-3,0.001014,0.000000,0.000000,0.014817
Q_ind_120_anc_4-3,0.000139,0.000000,0.000000,0.001599
Q_ind_121_anc_4-3,0.001601,0.000000,0.000000,0.022219
Q_ind_122_anc_4-3,0.000376,0.000000,0.000000,0.004775
Q_ind_123_anc_4-3,0.000379,0.000000,0.000000,0.004813
Q_ind_124_anc_4-3,0.000170,0.000000,0.000000,0.001979
Q_ind_125_anc_4-3,0.124615,0.126392,0.036403,0.196276
Q_ind_126_anc_4-3,0.063004,0.001366,0.000000,0.183474
Q_ind_127_anc_4-3,0.032239,0.000000,0.000000,0.161691
Q_ind_128_anc_4-3,0.159454,0.162371,0.059299,0.238081
Q_ind_129_anc_4-3,0.049027,0.016012,0.000000,0.156098
Q_ind_130_anc_4-3,0.001545,0.000000,0.000000,0.019259
Q_ind_131_anc_4-3,0.249793,0.254674,0.121424,0.326911
Q_ind_132_anc_4-3,0.228867,0.228684,0.166252,0.294283
Q_ind_133_anc_4-3,0.000339,0.000000,0.000000,0.004248
Q_ind_134_anc_4-3,0.000551,0.000000,0.000000,0.008072
Q_ind_135_anc_4-3,0.000972,0.000000,0.000000,0.012772
Q_ind_136_anc_4-3,0.000669,0.000000,0.000000,0.009006
Q_ind_137_anc_4-3,0.000384,0.000000,0.000000,0.004523
Q_ind_138_anc_4-3,0.001599,0.000000,0.000000,0.022427
Q_ind_139_anc_4-3,0.000631,0.000000,0.000000,0.007274
Q_ind_140_anc_4-3,0.000456,0.000000,0.000000,0.005558
Q_ind_141_anc_4-3,0.000263,0.000000,0.000000,0.003059
Q_ind_142_anc_4-3,0.147406,0.166115,0.000000,0.243020
Q_ind_143_anc_4-3,0.000258,0.000000,0.000000,0.003295
Q_ind_144_anc_4-3,0.000150,0.000000,0.000000,0.001555
Q_ind_145_anc_4-3,0.000088,0.000000,0.000000,0.000942
Q_ind_146_anc_4-3,0.001084,0.000000,0.000000,0.013515
Q_ind_147_anc_4-3,0.000218,0.000000,0.000000,0.002262
Q_ind_148_anc_4-3,0.001048,0.000000,0.000000,0.012081
Q_ind_149_anc_4-3,0.007996,0.000000,0.000000,0.089678
Q_ind_150_anc_4-3,0.000085,0.000000,0.000000,0.000976
Q_ind_151_anc_4-3,0.000311,0.000000,0.000000,0.004035
Q_ind_152_anc_4-3,0.000103,0.000000,0.000000,0.001131
Q_ind_153_anc_4-3,0.000132,0.000000,0.000000,0.001381
Q_ind_154_anc_4-3,0.000190,0.000000,0.000000,0.001866
Q_ind_155_anc_4-3,0.525480,0.525537,0.419601,0.631832
Q_ind_156_anc_4-3,0.002146,0.000000,0.000000,0.027928
Q_ind_157_anc_4-3,0.000483,0.000000,0.000000,0.006332
Q_ind_158_anc_4-3,0.009842,0.000000,0.000000,0.110048
Q_ind_159_anc_4-3,0.040762,0.000000,0.000000,0.193357
Q_ind_160_anc_4-3,0.000453,0.000000,0.000000,0.004736
Q_ind_161_anc_4-3,0.000159,0.000000,0.000000,0.001901
Q_ind_162_anc_4-3,0.005420,0.000000,0.000000,0.082811
Q_ind_163_anc_4-3,0.000862,0.000000,0.000000,0.011013
Q_ind_164_anc_4-3,0.000849,0.000000,0.000000,0.010109
Q_ind_165_anc_4-3,0.001055,0.000000,0.000000,0.014473
Q_ind_166_anc_4-3,0.000837,0.000000,0.000000,0.012914
Q_ind_167_anc_4-3,0.000754,0.000000,0.000000,0.008761
Q_ind_168_anc_4-3,0.029579,0.000183,0.000000,0.120122
Q_ind_169_anc_4-3,0.306710,0.306334,0.243231,0.369565
Q_ind_170_anc_4-3,0.000216,0.000000,0.000000,0.002510
Q_ind_171_anc_4-3,0.012351,0.000000,0.000000,0.083230
Q_ind_172_anc_4-3,0.000097,0.000000,0.000000,0.000970
Q_ind_173_anc_4-3,0.000199,0.000000,0.000000,0.002323
Q_ind_174_anc_4-3,0.000427,0.000000,0.000000,0.005823
Q_ind_175_anc_4-3,0.003612,0.000000,0.000000,0.044061
Q_ind_176_anc_4-3,0.323701,0.331032,0.196339,0.422949
Q_ind_177_anc_4-3,0.395251,0.398901,0.266107,0.480153
Q_ind_178_anc_4-3,0.012938,0.000000,0.000000,0.161211
Q_ind_179_anc_4-3,0.007681,0.000000,0.000000,0.111248
Q_ind_180_anc_4-3,0.026450,0.000000,0.000000,0.163301
Q_ind_181_anc_4-3,0.273626,0.313717,0.000000,0.405126
Q_ind_182_anc_4-3,0.412211,0.412256,0.338511,0.484143
Q_ind_183_anc_4-3,0.070773,0.000019,0.000000,0.290705
Q_ind_184_anc_4-3,0.400502,0.429490,0.000000,0.507104
Q_ind_185_anc_4-3,0.000365,0.000000,0.000000,0.004235
Q_ind_186_anc_4-3,0.000223,0.000000,0.000000,0.002638
Q_ind_187_anc_4-3,0.000156,0.000000,0.000000,0.001762
Q_ind_188_anc_4-3,0.000268,0.000000,0.000000,0.002705
Q_ind_189_anc_4-3,0.000224,0.000000,0.000000,0.003079
Q_ind_190_anc_4-3,0.001170,0.000000,0.000000,0.016733
Q_ind_191_anc_4-3,0.000144,0.000000,0.000000,0.001190
Q_ind_192_anc_4-3,0.000113,0.000000,0.000000,0.001346
Q_ind_193_anc_4-3,0.000861,0.000000,0.000000,0.011438
Q_ind_194_anc_4-3,0.000041,0.000000,0.000000,0.000431
Q_ind_195_anc_4-3,0.000245,0.000000,0.000000,0.002891
Q_ind_196_anc_4-3,0.000046,0.000000,0.000000,0.000489
Q_ind_197_anc_4-3,0.000033,0.000000,0.000000,0.000356
Q_ind_198_anc_4-3,0.000040,0.000000,0.000000,0.000441
Q_ind_199_anc_4-3,0.000162,0.000000,0.000000,0.001271
Q_ind_200_anc_4-3,0.000084,0.000000,0.000000,0.000801
Q_ind_201_anc_4-3,0.003513,0.000000,0.000000,0.041698
Q_ind_202_anc_4-3,0.000272,0.000000,0.000000,0.003325
Q_ind_203_anc_4-3,0.001826,0.000000,0.000000,0.027792
Q_ind_204_anc_4-3,0.000344,0.000000,0.000000,0.003998
Q_ind_205_anc_4-3,0.000809,0.000000,0.000000,0.011549
Q_ind_206_anc_4-3,0.000633,0.000000,0.000000,0.007194
Q_ind_207_anc_4-3,0.003805,0.000000,0.000000,0.046298
Q_ind_208_anc_4-3,0.064250,0.000009,0.000000,0.243578
Q_ind_209_anc_4-3,0.000671,0.000000,0.000000,0.008542
Q_ind_210_anc_4-3,0.000347,0.000000,0.000000,0.004387
Q_ind_211_anc_4-3,0.001335,0.000000,0.000000,0.021054
Q_ind_212_anc_4-3,0.001739,0.000000,0.000000,0.027138
Q_ind_213_anc_4-3,0.002404,0.000000,0.000000,0.030070
Q_ind_214_anc_4-3,0.000969,0.000000,0.000000,0.014764
Q_ind_215_anc_4-3,0.001905,0.000000,0.000000,0.027911
Q_ind_216_anc_4-3,0.015985,0.000000,0.000000,0.105655
Q_ind_217_anc_4-3,0.000161,0.000000,0.000000,0.001704
Q_ind_218_anc_4-3,0.153364,0.151809,0.088097,0.223131
Q_ind_219_anc_4-3,0.003733,0.000000,0.000000,0.042752
Q_ind_220_anc_4-3,0.001812,0.000000,0.000000,0.021360
Q_ind_221_anc_4-3,0.143299,0.151893,0.000000,0.225158
Q_ind_222_anc_4-3,0.002973,0.000000,0.000000,0.038713
Q_ind_223_anc_4-3,0.014304,0.000000,0.000000,0.108320
Q_ind_224_anc_4-3,0.015855,0.000000,0.000000,0.215082
Q_ind_225_anc_4-3,0.000857,0.000000,0.000000,0.011950
Q_ind_226_anc_4-3,0.009370,0.000000,0.000000,0.111242
Q_ind_227_anc_4-3,0.005483,0.000000,0.000000,0.063351
Q_ind_228_anc_4-3,0.003367,0.000000,0.000000,0.047551
Q_ind_229_anc_4-3,0.000824,0.000000,0.000000,0.011691
Q_ind_230_anc_4-3,0.000218,0.000000,0.000000,0.001946
Q_ind_231_anc_4-3,0.001666,0.000000,0.000000,0.024549
Q_ind_232_anc_4-3,0.003142,0.000000,0.000000,0.044774
Q_ind_233_anc_4-3,0.000527,0.000000,0.000000,0.006425
Q_ind_234_anc_4-3,0.000256,0.000000,0.000000,0.003193
Q_ind_235_anc_4-3,0.000462,0.000000,0.000000,0.006010
Q_ind_236_anc_4-3,0.000118,0.000000,0.000000,0.001037
Q_ind_237_anc_4-3,0.000181,0.000000,0.000000,0.002105
Q_ind_238_anc_4-3,0.000230,0.000000,0.000000,0.002232
Q_ind_239_anc_4-3,0.000422,0.000000,0.000000,0.005317
Q_ind_240_anc_4-3,0.000193,0.000000,0.000000,0.001871
Q_ind_241_anc_4-3,0.000606,0.000000,0.000000,0.007617
Q_ind_242_anc_4-3,0.002746,0.000000,0.000000,0.029583
Q_ind_243_anc_4-3,0.000188,0.000000,0.000000,0.001965
Q_ind_244_anc_4-3,0.000453,0.000000,0.000000,0.006067
Q_ind_245_anc_4-3,0.000090,0.000000,0.000000,0.000995
Q_ind_1_anc_4-4,0.000468,0.000000,0.000000,0.006144
Q_ind_2_anc_4-4,0.000376,0.000000,0.000000,0.003747
Q_ind_3_anc_4-4,0.009347,0.000000,0.000000,0.070273
Q_ind_4_anc_4-4,0.003169,0.000000,0.000000,0.039224
Q_ind_5_anc_4-4,0.000154,0.000000,0.000000,0.001101
Q_ind_6_anc_4-4,0.007683,0.000000,0.000000,0.070505
Q_ind_7_anc_4-4,0.000524,0.000000,0.000000,0.005909
Q_ind_8_anc_4-4,0.001125,0.000000,0.000000,0.011655
Q_ind_9_anc_4-4,0.005032,0.000000,0.000000,0.064722
Q_ind_10_anc_4-4,0.000475,0.000000,0.000000,0.005762
Q_ind_11_anc_4-4,0.006661,0.000000,0.000000,0.063340
Q_ind_12_anc_4-4,0.001411,0.000000,0.000000,0.024085
Q_ind_13_anc_4-4,0.002498,0.000000,0.000000,0.037444
Q_ind_14_anc_4-4,0.012396,0.000000,0.000000,0.114086
Q_ind_15_anc_4-4,0.013779,0.000000,0.000000,0.116909
Q_ind_16_anc_4-4,0.005472,0.000000,0.000000,0.080316
Q_ind_17_anc_4-4,0.003086,0.000000,0.000000,0.053207
Q_ind_18_anc_4-4,0.002696,0.000000,0.000000,0.035376
Q_ind_19_anc_4-4,0.004145,0.000000,0.000000,0.050938
Q_ind_20_anc_4-4,0.000435,0.000000,0.000000,0.005831
Q_ind_21_anc_4-4,0.933835,0.937218,0.838933,0.998965
Q_ind_22_anc_4-4,0.922440,0.925828,0.846614,0.978594
Q_ind_23_anc_4-4,0.954505,0.959261,0.876987,0.998608
Q_ind_24_anc_4-4,0.808840,0.815575,0.686765,0.897235
Q_ind_25_anc_4-4,0.916719,0.918897,0.824839,0.997380
Q_ind_26_anc_4-4,0.950700,0.953739,0.889382,0.998062
Q_ind_27_anc_4-4,0.949755,0.954199,0.862454,0.999553
Q_ind_28_anc_4-4,0.944798,0.952248,0.849217,0.997913
Q_ind_29_anc_4-4,0.931467,0.935394,0.860302,0.982768
Q_ind_30_anc_4-4,0.869546,0.879578,0.740401,0.958164
Q_ind_31_anc_4-4,0.000330,0.000000,0.000000,0.003916
Q_ind_32_anc_4-4,0.000296,0.000000,0.000000,0.003091
Q_ind_33_anc_4-4,0.000477,0.000000,0.000000,0.004587
Q_ind_34_anc_4-4,0.000129,0.000000,0.000000,0.001260
Q_ind_35_anc_4-4,0.000376,0.000000,0.000000,0.003673
Q_ind_36_anc_4-4,0.000078,0.000000,0.000000,0.000721
Q_ind_37_anc_4-4,0.000167,0.000000,0.000000,0.001712
Q_ind_38_anc_4-4,0.000083,0.000000,0.000000,0.000958
Q_ind_39_anc_4-4,0.000421,0.000000,0.000000,0.004822
Q_ind_40_anc_4-4,0.000545,0.000000,0.000000,0.008114
Q_ind_41_anc_4-4,0.000974,0.000000,0.000000,0.011258
Q_ind_42_anc_4-4,0.000205,0.000000,0.000000,0.002259
Q_ind_43_anc_4-4,0.000132,0.000000,0.000000,0.001522
Q_ind_44_anc_4-4,0.000402,0.000000,0.000000,0.004769
Q_ind_45_anc_4-4,0.000369,0.000000,0.000000,0.003812
Q_ind_46_anc_4-4,0.000116,0.000000,0.000000,0.001307
Q_ind_47_anc_4-4,0.000246,0.000000,0.000000,0.003507
Q_ind_48_anc_4-4,0.000358,0.000000,0.000000,0.005003
Q_ind_49_anc_4-4,0.000162,0.000000,0.000000,0.001872
Q_ind_50_anc_4-4,0.000131,0.000000,0.000000,0.001254
Q_ind_51_anc_4-4,0.000708,0.000000,0.000000,0.009283
Q_ind_52_anc_4-4,0.000284,0.000000,0.000000,0.003328
Q_ind_53_anc_4-4,0.000255,0.000000,0.000000,0.003234
Q_ind_54_anc_4-4,0.000687,0.000000,0.000000,0.010866
Q_ind_55_anc_4-4,0.000295,0.000000,0.000000,0.002570
Q_ind_56_anc_4-4,0.000416,0.000000,0.000000,0.005893
Q_ind_57_anc_4-4,0.000151,0.000000,0.000000,0.001796
Q_ind_58_anc_4-4,0.000171,0.000000,0.000000,0.001991
Q_ind_59_anc_4-4,0.003050,0.000000,0.000000,0.035957
Q_ind_60_anc_4-4,0.000783,0.000000,0.000000,0.011420
Q_ind_61_anc_4-4,0.000253,0.000000,0.000000,0.003246
Q_ind_62_anc_4-4,0.000633,0.000000,0.000000,0.007638
Q_ind_63_anc_4-4,0.000172,0.000000,0.000000,0.001919
Q_ind_64_anc_4-4,0.000209,0.000000,0.000000,0.002702
Q_ind_65_anc_4-4,0.000117,0.000000,0.000000,0.001334
Q_ind_66_anc_4-4,0.000243,0.000000,0.000000,0.002987
Q_ind_67_anc_4-4,0.000095,0.000000,0.000000,0.000971
Q_ind_68_anc_4-4,0.000848,0.000000,0.000000,0.012786
Q_ind_69_anc_4-4,0.000244,0.000000,0.000000,0.002560
Q_ind_70_anc_4-4,0.000113,0.000000,0.000000,0.000988
Q_ind_71_anc_4-4,0.150893,0.151949,0.087555,0.206748
Q_ind_72_anc_4-4,0.002783,0.000000,0.000000,0.036521
Q_ind_73_anc_4-4,0.000450,0.000000,0.000000,0.004494
Q_ind_74_anc_4-4,0.000217,0.000000,0.000000,0.002682
Q_ind_75_anc_4-4,0.000202,0.000000,0.000000,0.002526
Q_ind_76_anc_4-4,0.055426,0.026106,0.000000,0.176260
Q_ind_77_anc_4-4,0.643132,0.654654,0.493808,0.756680
Q_ind_78_anc_4-4,0.641913,0.647976,0.498132,0.749350
Q_ind_79_anc_4-4,0.586897,0.587428,0.473524,0.689739
Q_ind_80_anc_4-4,0.558979,0.561593,0.454632,0.660348
Q_ind_81_anc_4-4,0.490608,0.489781,0.382875,0.600284
Q_ind_82_anc_4-4,0.755025,0.757876,0.682213,0.811772
Q_ind_83_anc_4-4,0.744697,0.757786,0.594140,0.826303
Q_ind_84_anc_4-4,0.757522,0.759927,0.693203,0.807618
Q_ind_85_anc_4-4,0.786302,0.788380,0.723728,0.833217
Q_ind_86_anc_4-4,0.570514,0.563285,0.430280,0.725460
Q_ind_87_anc_4-4,0.762362,0.769702,0.609022,0.851494
Q_ind_88_anc_4-4,0.044815,0.000001,0.000000,0.194560
Q_ind_89_anc_4-4,0.095754,0.104179,0.000000,0.170019
Q_ind_90_anc_4-4,0.005829,0.000000,0.000000,0.074469
Q_ind_91_anc_4-4,0.019233,0.000000,0.000000,0.140247
Q_ind_92_anc_4-4,0.000578,0.000000,0.000000,0.007326
Q_ind_93_anc_4-4,0.004840,0.000000,0.000000,0.062126
Q_ind_94_anc_4-4,0.000888,0.000000,0.000000,0.011786
Q_ind_95_anc_4-4,0.032584,0.000026,0.000000,0.140469
Q_ind_96_anc_4-4,0.000342,0.000000,0.000000,0.004975
Q_ind_97_anc_4-4,0.000202,0.000000,0.000000,0.001901
Q_ind_98_anc_4-4,0.000137,0.000000,0.000000,0.001708
Q_ind_99_anc_4-4,0.000194,0.000000,0.000000,0.002088
Q_ind_100_anc_4-4,0.000408,0.000000,0.000000,0.005358
Q_ind_101_anc_4-4,0.000111,0.000000,0.000000,0.001251
Q_ind_102_anc_4-4,0.000074,0.000000,0.000000,0.000853
Q_ind_103_anc_4-4,0.000164,0.000000,0.000000,0.002122
Q_ind_104_anc_4-4,0.000085,0.000000,0.000000,0.000921
Q_ind_105_anc_4-4,0.000068,0.000000,0.000000,0.000711
Q_ind_106_anc_4-4,0.000898,0.000000,0.000000,0.013479
Q_ind_107_anc_4-4,0.025132,0.000000,0.000000,0.196585
Q_ind_108_anc_4-4,0.282412,0.302906,0.000000,0.390959
Q_ind_109_anc_4-4,0.001118,0.000000,0.000000,0.014454
Q_ind_110_anc_4-4,0.003906,0.000000,0.000000,0.066593
Q_ind_111_anc_4-4,0.003107,0.000000,0.000000,0.042229
Q_ind_112_anc_4-4,0.004791,0.000000,0.000000,0.101021
Q_ind_113_anc_4-4,0.024459,0.000000,0.000000,0.235185
Q_ind_114_anc_4-4,0.211908,0.243620,0.000000,0.406359
Q_ind_115_anc_4-4,0.000428,0.000000,0.000000,0.005327
Q_ind_116_anc_4-4,0.000225,0.000000,0.000000,0.002744
Q_ind_117_anc_4-4,0.000328,0.000000,0.000000,0.002905
Q_ind_118_anc_4-4,0.000421,0.000000,0.000000,0.005534
Q_ind_119_anc_4-4,0.001336,0.000000,0.000000,0.017736
Q_ind_120_anc_4-4,0.000138,0.000000,0.000000,0.001653
Q_ind_121_anc_4-4,0.000896,0.000000,0.000000,0.012459
Q_ind_122_anc_4-4,0.000175,0.000000,0.000000,0.001795
Q_ind_123_anc_4-4,0.000866,0.000000,0.000000,0.011957
Q_ind_124_anc_4-4,0.000181,0.000000,0.000000,0.001973
Q_ind_125_anc_4-4,0.594127,0.593234,0.471190,0.718501
Q_ind_126_anc_4-4,0.690556,0.694361,0.596023,0.774777
Q_ind_127_anc_4-4,0.701604,0.705263,0.538381,0.829202
Q_ind_128_anc_4-4,0.670492,0.671914,0.569588,0.755182
Q_ind_129_anc_4-4,0.794031,0.815226,0.627726,0.902621
Q_ind_130_anc_4-4,0.713931,0.723565,0.557394,0.836010
Q_ind_131_anc_4-4,0.030754,0.000000,0.000000,0.261869
Q_ind_132_anc_4-4,0.001236,0.000000,0.000000,0.017211
Q_ind_133_anc_4-4,0.902465,0.906724,0.792687,0.997515
Q_ind_134_anc_4-4,0.902777,0.910413,0.790093,0.975316
Q_ind_135_anc_4-4,0.908271,0.913443,0.802546,0.974689
Q_ind_136_anc_4-4,0.931422,0.935281,0.832576,0.997410
Q_ind_137_anc_4-4,0.860834,0.865227,0.756898,0.946945
Q_ind_138_anc_4-4,0.264924,0.264534,0.140117,0.386487
Q_ind_139_anc_4-4,0.703787,0.704314,0.560137,0.840316
Q_ind_140_anc_4-4,0.860194,0.868860,0.750378,0.933976
Q_ind_141_anc_4-4,0.871252,0.880400,0.750668,0.941755
Q_ind_142_anc_4-4,0.000386,0.000000,0.000000,0.004447
Q_ind_143_anc_4-4,0.829944,0.833856,0.738338,0.898326
Q_ind_144_anc_4-4,0.895096,0.903816,0.781424,0.962984
Q_ind_145_anc_4-4,0.000242,0.000000,0.000000,0.002736
Q_ind_146_anc_4-4,0.016460,0.003717,0.000000,0.058641
Q_ind_147_anc_4-4,0.000675,0.000000,0.000000,0.009481
Q_ind_148_anc_4-4,0.020478,0.018618,0.000000,0.058972
Q_ind_149_anc_4-4,0.000106,0.000000,0.000000,0.001168
Q_ind_150_anc_4-4,0.000166,0.000000,0.000000,0.001768
Q_ind_151_anc_4-4,0.000212,0.000000,0.000000,0.002577
Q_ind_152_anc_4-4,0.000308,0.000000,0.000000,0.003758
Q_ind_153_anc_4-4,0.000130,0.000000,0.000000,0.001380
Q_ind_154_anc_4-4,0.000442,0.000000,0.000000,0.005868
Q_ind_155_anc_4-4,0.000175,0.000000,0.000000,0.001879
Q_ind_156_anc_4-4,0.002561,0.000000,0.000000,0.028995
Q_ind_157_anc_4-4,0.000159,0.000000,0.000000,0.001572
Q_ind_158_anc_4-4,0.001025,0.000000,0.000000,0.014916
Q_ind_159_anc_4-4,0.000403,0.000000,0.000000,0.005326
Q_ind_160_anc_4-4,0.000681,0.000000,0.000000,0.009552
Q_ind_161_anc_4-4,0.000150,0.000000,0.000000,0.001286
Q_ind_162_anc_4-4,0.000377,0.000000,0.000000,0.004832
Q_ind_163_anc_4-4,0.000780,0.000000,0.000000,0.010085
Q_ind_164_anc_4-4,0.000471,0.000000,0.000000,0.005721
Q_ind_165_anc_4-4,0.193659,0.194457,0.000000,0.402231
Q_ind_166_anc_4-4,0.387004,0.388518,0.305069,0.458859
Q_ind_167_anc_4-4,0.397071,0.396720,0.284853,0.500914
Q_ind_168_anc_4-4,0.180257,0.175582,0.000000,0.508485
Q_ind_169_anc_4-4,0.000978,0.000000,0.000000,0.013016
Q_ind_170_anc_4-4,0.980904,0.987105,0.930002,0.999810
Q_ind_171_anc_4-4,0.960333,0.967175,0.879477,0.999299
Q_ind_172_anc_4-4,0.971802,0.976807,0.909696,0.999860
Q_ind_173_anc_4-4,0.790126,0.793159,0.690090,0.875714
Q_ind_174_anc_4-4,0.988256,0.994032,0.943824,0.999948
Q_ind_175_anc_4-4,0.409229,0.403545,0.251614,0.591699
Q_ind_176_anc_4-4,0.000563,0.000000,0.000000,0.006346
Q_ind_177_anc_4-4,0.009885,0.000000,0.000000,0.114562
Q_ind_178_anc_4-4,0.541412,0.559690,0.347611,0.618887
Q_ind_179_anc_4-4,0.424231,0.426148,0.254495,0.557873
Q_ind_180_anc_4-4,0.491118,0.494097,0.405461,0.559337
Q_ind_181_anc_4-4,0.074701,0.000000,0.000000,0.533226
Q_ind_182_anc_4-4,0.145684,0.125976,0.000000,0.374267
Q_ind_183_anc_4-4,0.356422,0.376977,0.111526,0.584299
Q_ind_184_anc_4-4,0.029011,0.000000,0.000000,0.323966
Q_ind_185_anc_4-4,0.003191,0.000000,0.000000,0.040896
Q_ind_186_anc_4-4,0.256689,0.256424,0.141407,0.369894
Q_ind_187_anc_4-4,0.263528,0.253999,0.115593,0.448644
Q_ind_188_anc_4-4,0.005334,0.000000,0.000000,0.085638
Q_ind_189_anc_4-4,0.446681,0.447096,0.381831,0.511077
Q_ind_190_anc_4-4,0.000879,0.000000,0.000000,0.008689
Q_ind_191_anc_4-4,0.356707,0.370828,0.155968,0.485739
Q_ind_192_anc_4-4,0.000132,0.000000,0.000000,0.001502
Q_ind_193_anc_4-4,0.000906,0.000000,0.000000,0.011233
Q_ind_194_anc_4-4,0.000033,0.000000,0.000000,0.000368
Q_ind_195_anc_4-4,0.000143,0.000000,0.000000,0.001891
Q_ind_196_anc_4-4,0.000041,0.000000,0.000000,0.000418
Q_ind_197_anc_4-4,0.000038,0.000000,0.000000,0.000426
Q_ind_198_anc_4-4,0.000040,0.000000,0.000000,0.000382
Q_ind_199_anc_4-4,0.000134,0.000000,0.000000,0.001427
Q_ind_200_anc_4-4,0.000067,0.000000,0.000000,0.000640
Q_ind_201_anc_4-4,0.000307,0.000000,0.000000,0.003653
Q_ind_202_anc_4-4,0.000139,0.000000,0.000000,0.001601
Q_ind_203_anc_4-4,0.000537,0.000000,0.000000,0.005226
Q_ind_204_anc_4-4,0.001800,0.000000,0.000000,0.024542
Q_ind_205_anc_4-4,0.001267,0.000000,0.000000,0.018057
Q_ind_206_anc_4-4,0.000273,0.000000,0.000000,0.002724
Q_ind_207_anc_4-4,0.000637,0.000000,0.000000,0.009023
Q_ind_208_anc_4-4,0.000160,0.000000,0.000000,0.001982
Q_ind_209_anc_4-4,0.000794,0.000000,0.000000,0.012088
Q_ind_210_anc_4-4,0.000594,0.000000,0.000000,0.007875
Q_ind_211_anc_4-4,0.003322,0.000000,0.000000,0.041287
Q_ind_212_anc_4-4,0.000268,0.000000,0.000000,0.002764
Q_ind_213_anc_4-4,0.438817,0.438968,0.296047,0.573878
Q_ind_214_anc_4-4,0.464517,0.468937,0.296547,0.601130
Q_ind_215_anc_4-4,0.440605,0.439180,0.300614,0.583768
Q_ind_216_anc_4-4,0.485820,0.495801,0.305914,0.613547
Q_ind_217_anc_4-4,0.424182,0.424803,0.282811,0.571109
Q_ind_218_anc_4-4,0.171986,0.172316,0.000000,0.371080
Q_ind_219_anc_4-4,0.487572,0.484065,0.366634,0.666482
Q_ind_220_anc_4-4,0.534287,0.534936,0.397174,0.665337
Q_ind_221_anc_4-4,0.293172,0.290455,0.134926,0.462660
Q_ind_222_anc_4-4,0.460121,0.462598,0.340487,0.572001
Q_ind_223_anc_4-4,0.000317,0.000000,0.000000,0.004204
Q_ind_224_anc_4-4,0.000261,0.000000,0.000000,0.003303
Q_ind_225_anc_4-4,0.000457,0.000000,0.000000,0.005563
Q_ind_226_anc_4-4,0.000450,0.000000,0.000000,0.004477
Q_ind_227_anc_4-4,0.000901,0.000000,0.000000,0.011541
Q_ind_228_anc_4-4,0.000404,0.000000,0.000000,0.004615
Q_ind_229_anc_4-4,0.000451,0.000000,0.000000,0.004144
Q_ind_230_anc_4-4,0.005366,0.000000,0.000000,0.059027
Q_ind_231_anc_4-4,0.000313,0.000000,0.000000,0.003050
Q_ind_232_anc_4-4,0.002609,0.000000,0.000000,0.037384
Q_ind_233_anc_4-4,0.015499,0.000000,0.000000,0.084609
Q_ind_234_anc_4-4,0.000158,0.000000,0.000000,0.001938
Q_ind_235_anc_4-4,0.001313,0.000000,0.000000,0.020665
Q_ind_236_anc_4-4,0.017439,0.001193,0.000000,0.067873
Q_ind_237_anc_4-4,0.000401,0.000000,0.000000,0.005762
Q_ind_238_anc_4-4,0.000231,0.000000,0.000000,0.003211
Q_ind_239_anc_4-4,0.000550,0.000000,0.000000,0.005566
Q_ind_240_anc_4-4,0.000263,0.000000,0.000000,0.003368
Q_ind_241_anc_4-4,0.000690,0.000000,0.000000,0.008809
Q_ind_242_anc_4-4,0.002236,0.000000,0.000000,0.031427
Q_ind_243_anc_4-4,0.000122,0.000000,0.000000,0.001100
Q_ind_244_anc_4-4,0.004794,0.000000,0.000000,0.047370
Q_ind_245_anc_4-4,0.000119,0.000000,0.000000,0.001317
Q_ind_1_anc_5-1,0.000611,0.000000,0.000000,0.007332
Q_ind_2_anc_5-1,0.009918,0.000000,0.000000,0.110362
Q_ind_3_anc_5-1,0.001087,0.000000,0.000000,0.015341
Q_ind_4_anc_5-1,0.002419,0.000000,0.000000,0.033446
Q_ind_5_anc_5-1,0.003105,0.000000,0.000000,0.045997
Q_ind_6_anc_5-1,0.000697,0.000000,0.000000,0.007561
Q_ind_7_anc_5-1,0.000526,0.000000,0.000000,0.005338
Q_ind_8_anc_5-1,0.002105,0.000000,0.000000,0.034068
Q_ind_9_anc_5-1,0.010171,0.000000,0.000000,0.091293
Q_ind_10_anc_5-1,0.000747,0.000000,0.000000,0.009592
Q_ind_11_anc_5-1,0.002216,0.000000,0.000000,0.029488
Q_ind_12_anc_5-1,0.009887,0.000000,0.000000,0.105648
Q_ind_13_anc_5-1,0.001128,0.000000,0.000000,0.015513
Q_ind_14_anc_5-1,0.000313,0.000000,0.000000,0.002625
Q_ind_15_anc_5-1,0.001230,0.000000,0.000000,0.017940
Q_ind_16_anc_5-1,0.000475,0.000000,0.000000,0.005759
Q_ind_17_anc_5-1,0.000194,0.000000,0.000000,0.002319
Q_ind_18_anc_5-1,0.000340,0.000000,0.000000,0.002692
Q_ind_19_anc_5-1,0.000194,0.000000,0.000000,0.001871
Q_ind_20_anc_5-1,0.000371,0.000000,0.000000,0.003791
Q_ind_21_anc_5-1,0.000395,0.000000,0.000000,0.003773
Q_ind_22_anc_5-1,0.000368,0.000000,0.000000,0.005087
Q_ind_23_anc_5-1,0.000419,0.000000,0.000000,0.005485
Q_ind_24_anc_5-1,0.001164,0.000000,0.000000,0.017349
Q_ind_25_anc_5-1,0.000249,0.000000,0.000000,0.002477
Q_ind_26_anc_5-1,0.000305,0.000000,0.000000,0.002968
Q_ind_27_anc_5-1,0.000221,0.000000,0.000000,0.002024
Q_ind_28_anc_5-1,0.003057,0.000000,0.000000,0.038711
Q_ind_29_anc_5-1,0.000596,0.000000,0.000000,0.008349
Q_ind_30_anc_5-1,0.000784,0.000000,0.000000,0.008311
Q_ind_31_anc_5-1,0.003180,0.000000,0.000000,0.040491
Q_ind_32_anc_5-1,0.000345,0.000000,0.000000,0.003679
Q_ind_33_anc_5-1,0.016100,0.000000,0.000000,0.105867
Q_ind_34_anc_5-1,0.004628,0.000000,0.000000,0.049659
Q_ind_35_anc_5-1,0.002443,0.000000,0.000000,0.032785
Q_ind_36_anc_5-1,0.001712,0.000000,0.000000,0.025842
Q_ind_37_anc_5-1,0.002292,0.000000,0.000000,0.030941
Q_ind_38_anc_5-1,0.002195,0.000000,0.000000,0.035369
Q_ind_39_anc_5-1,0.002243,0.000000,0.000000,0.029747
Q_ind_40_anc_5-1,0.010986,0.000000,0.000000,0.087534
Q_ind_41_anc_5-1,0.001310,0.000000,0.000000,0.017386
Q_ind_42_anc_5-1,0.000204,0.000000,0.000000,0.002252
Q_ind_43_anc_5-1,0.000546,0.000000,0.000000,0.007666
Q_ind_44_anc_5-1,0.000190,0.000000,0.000000,0.002269
Q_ind_45_anc_5-1,0.000271,0.000000,0.000000,0.002637
Q_ind_46_anc_5-1,0.000125,0.000000,0.000000,0.001299
Q_ind_47_anc_5-1,0.000465,0.000000,0.000000,0.007157
Q_ind_48_anc_5-1,0.000236,0.000000,0.000000,0.002958
Q_ind_49_anc_5-1,0.000148,0.000000,0.000000,0.001541
Q_ind_50_anc_5-1,0.000300,0.000000,0.000000,0.003207
Q_ind_51_anc_5-1,0.000172,0.000000,0.000000,0.002099
Q_ind_52_anc_5-1,0.000130,0.000000,0.000000,0.001747
Q_ind_53_anc_5-1,0.000098,0.000000,0.000000,0.001040
Q_ind_54_anc_5-1,0.000287,0.000000,0.000000,0.003663
Q_ind_55_anc_5-1,0.000164,0.000000,0.000000,0.001731
Q_ind_56_anc_5-1,0.000144,0.000000,0.000000,0.001408
Q_ind_57_anc_5-1,0.000267,0.000000,0.000000,0.002977
Q_ind_58_anc_5-1,0.000144,0.000000,0.000000,0.001607
Q_ind_59_anc_5-1,0.000153,0.000000,0.000000,0.001730
Q_ind_60_anc_5-1,0.000150,0.000000,0.000000,0.001702
Q_ind_61_anc_5-1,0.000346,0.000000,0.000000,0.004266
Q_ind_62_anc_5-1,0.000228,0.000000,0.000000,0.002313
Q_ind_63_anc_5-1,0.000211,0.000000,0.000000,0.002404
Q_ind_64_anc_5-1,0.000137,0.000000,0.000000,0.001552
Q_ind_65_anc_5-1,0.000262,0.000000,0.000000,0.003227
Q_ind_66_anc_5-1,0.000135,0.000000,0.000000,0.001265
Q_ind_67_anc_5-1,0.000445,0.000000,0.000000,0.005834
Q_ind_68_anc_5-1,0.000527,0.000000,0.000000,0.007225
Q_ind_69_anc_5-1,0.000396,0.000000,0.000000,0.004890
Q_ind_70_anc_5-1,0.000212,0.000000,0.000000,0.002799
Q_ind_71_anc_5-1,0.000512,0.000000,0.000000,0.005616
Q_ind_72_anc_5-1,0.001483,0.000000,0.000000,0.019062
Q_ind_73_anc_5-1,0.000972,0.000000,0.000000,0.013227
Q_ind_74_anc_5-1,0.000803,0.000000,0.000000,0.011978
Q_ind_75_anc_5-1,0.000663,0.000000,0.000000,0.008467
Q_ind_76_anc_5-1,0.000169,0.000000,0.000000,0.001474
Q_ind_77_anc_5-1,0.000763,0.000000,0.000000,0.011836
Q_ind_78_anc_5-1,0.000192,0.000000,0.000000,0.001812
Q_ind_79_anc_5-1,0.000490,0.000000,0.000000,0.006222
Q_ind_80_anc_5-1,0.000463,0.000000,0.000000,0.006430
Q_ind_81_anc_5-1,0.000434,0.000000,0.000000,0.006055
Q_ind_82_anc_5-1,0.000631,0.000000,0.000000,0.008574
Q_ind_83_anc_5-1,0.000345,0.000000,0.000000,0.004244
Q_ind_84_anc_5-1,0.000181,0.000000,0.000000,0.001956
Q_ind_85_anc_5-1,0.000262,0.000000,0.000000,0.003071
Q_ind_86_anc_5-1,0.000201,0.000000,0.000000,0.002323
Q_ind_87_anc_5-1,0.001140,0.000000,0.000000,0.017180
Q_ind_88_anc_5-1,0.000602,0.000000,0.000000,0.006502
Q_ind_89_anc_5-1,0.000668,0.000000,0.000000,0.008636
Q_ind_90_anc_5-1,0.000205,0.000000,0.000000,0.001973
Q_ind_91_anc_5-1,0.000602,0.000000,0.000000,0.007419
Q_ind_92_anc_5-1,0.001562,0.000000,0.000000,0.019428
Q_ind_93_anc_5-1,0.001691,0.000000,0.000000,0.025581
Q_ind_94_anc_5-1,0.000539,0.000000,0.000000,0.006798
Q_ind_95_anc_5-1,0.001888,0.000000,0.000000,0.028020
Q_ind_96_anc_5-1,0.000316,0.000000,0.000000,0.003924
Q_ind_97_anc_5-1,0.001171,0.000000,0.000000,0.016741
Q_ind_98_anc_5-1,0.000561,0.000000,0.000000,0.007126
Q_ind_99_anc_5-1,0.000225,0.000000,0.000000,0.002881
Q_ind_100_anc_5-1,0.000142,0.000000,0.000000,0.001521
Q_ind_101_anc_5-1,0.000071,0.000000,0.000000,0.000772
Q_ind_102_anc_5-1,0.000137,0.000000,0.000000,0.001364
Q_ind_103_anc_5-1,0.000238,0.000000,0.000000,0.002886
Q_ind_104_anc_5-1,0.000063,0.000000,0.000000,0.000650
Q_ind_105_anc_5-1,0.000315,0.000000,0.000000,0.002854
Q_ind_106_anc_5-1,0.000200,0.000000,0.000000,0.002285
Q_ind_107_anc_5-1,0.010591,0.000000,0.000000,0.099319
Q_ind_108_anc_5-1,0.011196,0.000000,0.000000,0.088129
Q_ind_109_anc_5-1,0.023024,0.000000,0.000000,0.143914
Q_ind_110_anc_5-1,0.001353,0.000000,0.000000,0.021418
Q_ind_111_anc_5-1,0.026791,0.000000,0.000000,0.133709
Q_ind_112_anc_5-1,0.012647,0.000000,0.000000,0.114734
Q_ind_113_anc_5-1,0.014193,0.000000,0.000000,0.114411
Q_ind_114_anc_5-1,0.004594,0.000000,0.000000,0.067691
Q_ind_115_anc_5-1,0.000967,0.000000,0.000000,0.012637
Q_ind_116_anc_5-1,0.000846,0.000000,0.000000,0.012750
Q_ind_117_anc_5-1,0.000982,0.000000,0.000000,0.013172
Q_ind_118_anc_5-1,0.000168,0.000000,0.000000,0.002245
Q_ind_119_anc_5-1,0.000160,0.000000,0.000000,0.001306
Q_ind_120_anc_5-1,0.000288,0.000000,0.000000,0.003977
Q_ind_121_anc_5-1,0.000276,0.000000,0.000000,0.003094
Q_ind_122_anc_5-1,0.000250,0.000000,0.000000,0.003415
Q_ind_123_anc_5-1,0.000415,0.000000,0.000000,0.005767
Q_ind_124_anc_5-1,0.000154,0.000000,0.000000,0.001663
Q_ind_125_anc_5-1,0.001501,0.000000,0.000000,0.022267
Q_ind_126_anc_5-1,0.000813,0.000000,0.000000,0.010449
Q_ind_127_anc_5-1,0.000264,0.000000,0.000000,0.003137
Q_ind_128_anc_5-1,0.000361,0.000000,0.000000,0.004122
Q_ind_129_anc_5-1,0.000267,0.000000,0.000000,0.002801
Q_ind_130_anc_5-1,0.000206,0.000000,0.000000,0.001995
Q_ind_131_anc_5-1,0.000465,0.000000,0.000000,0.006116
Q_ind_132_anc_5-1,0.000366,0.000000,0.000000,0.004932
Q_ind_133_anc_5-1,0.000314,0.000000,0.000000,0.003710
Q_ind_134_anc_5-1,0.000424,0.000000,0.000000,0.005194
Q_ind_135_anc_5-1,0.000105,0.000000,0.000000,0.001084
Q_ind_136_anc_5-1,0.000820,0.000000,0.000000,0.012706
Q_ind_137_anc_5-1,0.000752,0.000000,0.000000,0.010976
Q_ind_138_anc_5-1,0.000327,0.000000,0.000000,0.003119
Q_ind_139_anc_5-1,0.000960,0.000000,0.000000,0.013766
Q_ind_140_anc_5-1,0.000524,0.000000,0.000000,0.006380
Q_ind_141_anc_5-1,0.002128,0.000000,0.000000,0.031192
Q_ind_142_anc_5-1,0.000554,0.000000,0.000000,0.006805
Q_ind_143_anc_5-1,0.000302,0.000000,0.000000,0.003653
Q_ind_144_anc_5-1,0.005019,0.000000,0.000000,0.047111
Q_ind_145_anc_5-1,0.000208,0.000000,0.000000,0.002308
Q_ind_146_anc_5-1,0.001027,0.000000,0.000000,0.013437
Q_ind_147_anc_5-1,0.000261,0.000000,0.000000,0.002986
Q_ind_148_anc_5-1,0.000279,0.000000,0.000000,0.004049
Q_ind_149_anc_5-1,0.000127,0.000000,0.000000,0.001272
Q_ind_150_anc_5-1,0.000231,0.000000,0.000000,0.002581
Q_ind_151_anc_5-1,0.000959,0.000000,0.000000,0.013669
Q_ind_152_anc_5-1,0.000326,0.000000,0.000000,0.004442
Q_ind_153_anc_5-1,0.000370,0.000000,0.000000,0.004872
Q_ind_154_anc_5-1,0.001026,0.000000,0.000000,0.013599
Q_ind_155_anc_5-1,0.000159,0.000000,0.000000,0.001597
Q_ind_156_anc_5-1,0.006569,0.000000,0.000000,0.057154
Q_ind_157_anc_5-1,0.000252,0.000000,0.000000,0.003200
Q_ind_158_anc_5-1,0.000363,0.000000,0.000000,0.004610
Q_ind_159_anc_5-1,0.000716,0.000000,0.000000,0.009340
Q_ind_160_anc_5-1,0.000149,0.000000,0.000000,0.001729
Q_ind_161_anc_5-1,0.000129,0.000000,0.000000,0.001522
Q_ind_162_anc_5-1,0.000561,0.000000,0.000000,0.007119
Q_ind_163_anc_5-1,0.000260,0.000000,0.000000,0.003308
Q_ind_164_anc_5-1,0.001113,0.000000,0.000000,0.016191
Q_ind_165_anc_5-1,0.121020,0.121345,0.069480,0.173971
Q_ind_166_anc_5-1,0.001392,0.000000,0.000000,0.018777
Q_ind_167_anc_5-1,0.001868,0.000000,0.000000,0.024356
Q_ind_168_anc_5-1,0.000864,0.000000,0.000000,0.009124
Q_ind_169_anc_5-1,0.000811,0.000000,0.000000,0.010994
Q_ind_170_anc_5-1,0.000325,0.000000,0.000000,0.004069
Q_ind_171_anc_5-1,0.000167,0.000000,0.000000,0.001575
Q_ind_172_anc_5-1,0.000191,0.000000,0.000000,0.002453
Q_ind_173_anc_5-1,0.000338,0.000000,0.000000,0.003952
Q_ind_174_anc_5-1,0.000258,0.000000,0.000000,0.002515
Q_ind_175_anc_5-1,0.000736,0.000000,0.000000,0.006907
Q_ind_176_anc_5-1,0.000202,0.000000,0.000000,0.002374
Q_ind_177_anc_5-1,0.000256,0.000000,0.000000,0.002077
Q_ind_178_anc_5-1,0.000887,0.000000,0.000000,0.011645
Q_ind_179_anc_5-1,0.000234,0.000000,0.000000,0.002747
Q_ind_180_anc_5-1,0.000687,0.000000,0.000000,0.008441
Q_ind_181_anc_5-1,0.001376,0.000000,0.000000,0.019786
Q_ind_182_anc_5-1,0.000305,0.000000,0.000000,0.004196
Q_ind_183_anc_5-1,0.000231,0.000000,0.000000,0.002081
Q_ind_184_anc_5-1,0.000482,0.000000,0.000000,0.006724
Q_ind_185_anc_5-1,0.001718,0.000000,0.000000,0.022656
Q_ind_186_anc_5-1,0.000475,0.000000,0.000000,0.006174
Q_ind_187_anc_5-1,0.000879,0.000000,0.000000,0.011874
Q_ind_188_anc_5-1,0.000410,0.000000,0.000000,0.004044
Q_ind_189_anc_5-1,0.001273,0.000000,0.000000,0.017704
Q_ind_190_anc_5-1,0.001589,0.000000,0.000000,0.020603
Q_ind_191_anc_5-1,0.001630,0.000000,0.000000,0.022680
Q_ind_192_anc_5-1,0.090471,0.093610,0.000000,0.175641
Q_ind_193_anc_5-1,0.015638,0.000000,0.000000,0.100423
Q_ind_194_anc_5-1,0.000169,0.000000,0.000000,0.001783
Q_ind_195_anc_5-1,0.006357,0.000000,0.000000,0.059374
Q_ind_196_anc_5-1,0.000099,0.000000,0.000000,0.001113
Q_ind_197_anc_5-1,0.000087,0.000000,0.000000,0.000916
Q_ind_198_anc_5-1,0.000184,0.000000,0.000000,0.002197
Q_ind_199_anc_5-1,0.007314,0.000000,0.000000,0.069478
Q_ind_200_anc_5-1,0.000178,0.000000,0.000000,0.001169
Q_ind_201_anc_5-1,0.000321,0.000000,0.000000,0.003767
Q_ind_202_anc_5-1,0.002987,0.000000,0.000000,0.039753
Q_ind_203_anc_5-1,0.005273,0.000000,0.000000,0.056230
Q_ind_204_anc_5-1,0.002160,0.000000,0.000000,0.029360
Q_ind_205_anc_5-1,0.001757,0.000000,0.000000,0.022862
Q_ind_206_anc_5-1,0.000363,0.000000,0.000000,0.003788
Q_ind_207_anc_5-1,0.000876,0.000000,0.000000,0.012118
Q_ind_208_anc_5-1,0.000163,0.000000,0.000000,0.001789
Q_ind_209_anc_5-1,0.004551,0.000000,0.000000,0.064513
Q_ind_210_anc_5-1,0.016978,0.000000,0.000000,0.126456
Q_ind_211_anc_5-1,0.001139,0.000000,0.000000,0.014441
Q_ind_212_anc_5-1,0.000337,0.000000,0.000000,0.004153
Q_ind_213_anc_5-1,0.000283,0.000000,0.000000,0.003309
Q_ind_214_anc_5-1,0.000471,0.000000,0.000000,0.005366
Q_ind_215_anc_5-1,0.000174,0.000000,0.000000,0.002078
Q_ind_216_anc_5-1,0.000531,0.000000,0.000000,0.006569
Q_ind_217_anc_5-1,0.000502,0.000000,0.000000,0.006445
Q_ind_218_anc_5-1,0.000185,0.000000,0.000000,0.002415
Q_ind_219_anc_5-1,0.000203,0.000000,0.000000,0.001939
Q_ind_220_anc_5-1,0.000279,0.000000,0.000000,0.002697
Q_ind_221_anc_5-1,0.000301,0.000000,0.000000,0.002849
Q_ind_222_anc_5-1,0.002098,0.000000,0.000000,0.027749
Q_ind_223_anc_5-1,0.000607,0.000000,0.000000,0.007543
Q_ind_224_anc_5-1,0.002360,0.000000,0.000000,0.038640
Q_ind_225_anc_5-1,0.000494,0.000000,0.000000,0.004820
Q_ind_226_anc_5-1,0.000366,0.000000,0.000000,0.004857
Q_ind_227_anc_5-1,0.000506,0.000000,0.000000,0.005250
Q_ind_228_anc_5-1,0.000365,0.000000,0.000000,0.003553
Q_ind_229_anc_5-1,0.000171,0.000000,0.000000,0.001826
Q_ind_230_anc_5-1,0.001920,0.000000,0.000000,0.033863
Q_ind_231_anc_5-1,0.000344,0.000000,0.000000,0.004542
Q_ind_232_anc_5-1,0.003132,0.000000,0.000000,0.036870
Q_ind_233_anc_5-1,0.000539,0.000000,0.000000,0.006699
Q_ind_234_anc_5-1,0.000140,0.000000,0.000000,0.001482
Q_ind_235_anc_5-1,0.000230,0.000000,0.000000,0.002524
Q_ind_236_anc_5-1,0.000162,0.000000,0.000000,0.001969
Q_ind_237_anc_5-1,0.000185,0.000000,0.000000,0.001941
Q_ind_238_anc_5-1,0.000256,0.000000,0.000000,0.002803
Q_ind_239_anc_5-1,0.000316,0.000000,0.000000,0.003765
Q_ind_240_anc_5-1,0.000177,0.000000,0.000000,0.002120
Q_ind_241_anc_5-1,0.000173,0.000000,0.000000,0.001750
Q_ind_242_anc_5-1,0.000852,0.000000,0.000000,0.012261
Q_ind_243_anc_5-1,0.000226,0.000000,0.000000,0.003029
Q_ind_244_anc_5-1,0.000212,0.000000,0.000000,0.002532
Q_ind_245_anc_5-1,0.000134,0.000000,0.000000,0.001502
Q_ind_1_anc_5-2,0.000488,0.000000,0.000000,0.005816
Q_ind_2_anc_5-2,0.000261,0.000000,0.000000,0.003016
Q_ind_3_anc_5-2,0.000364,0.000000,0.000000,0.004403
Q_ind_4_anc_5-2,0.000502,0.000000,0.000000,0.006336
Q_ind_5_anc_5-2,0.000593,0.000000,0.000000,0.006063
Q_ind_6_anc_5-2,0.000252,0.000000,0.000000,0.003333
Q_ind_7_anc_5-2,0.000411,0.000000,0.000000,0.004450
Q_ind_8_anc_5-2,0.000299,0.000000,0.000000,0.003370
Q_ind_9_anc_5-2,0.000413,0.000000,0.000000,0.005451
Q_ind_10_anc_5-2,0.000295,0.000000,0.000000,0.003352
Q_ind_11_anc_5-2,0.000711,0.000000,0.000000,0.007626
Q_ind_12_anc_5-2,0.000369,0.000000,0.000000,0.003912
Q_ind_13_anc_5-2,0.002522,0.000000,0.000000,0.037342
Q_ind_14_anc_5-2,0.000325,0.000000,0.000000,0.003804
Q_ind_15_anc_5-2,0.001021,0.000000,0.000000,0.012936
Q_ind_16_anc_5-2,0.000550,0.000000,0.000000,0.007372
Q_ind_17_anc_5-2,0.000839,0.000000,0.000000,0.011053
Q_ind_18_anc_5-2,0.000267,0.000000,0.000000,0.003199
Q_ind_19_anc_5-2,0.000243,0.000000,0.000000,0.002631
Q_ind_20_anc_5-2,0.001233,0.000000,0.000000,0.020236
Q_ind_21_anc_5-2,0.000417,0.000000,0.000000,0.004199
Q_ind_22_anc_5-2,0.000364,0.000000,0.000000,0.005173
Q_ind_23_anc_5-2,0.000412,0.000000,0.000000,0.005345
Q_ind_24_anc_5-2,0.001005,0.000000,0.000000,0.014187
Q_ind_25_anc_5-2,0.000165,0.000000,0.000000,0.002005
Q_ind_26_anc_5-2,0.000456,0.000000,0.000000,0.006149
Q_ind_27_anc_5-2,0.000358,0.000000,0.000000,0.003981
Q_ind_28_anc_5-2,0.001493,0.000000,0.000000,0.019501
Q_ind_29_anc_5-2,0.000392,0.000000,0.000000,0.005337
Q_ind_30_anc_5-2,0.001786,0.000000,0.000000,0.023614
Q_ind_31_anc_5-2,0.001353,0.000000,0.000000,0.017151
Q_ind_32_anc_5-2,0.000393,0.000000,0.000000,0.004785
Q_ind_33_anc_5-2,0.001340,0.000000,0.000000,0.019906
Q_ind_34_anc_5-2,0.000257,0.000000,0.000000,0.003494
Q_ind_35_anc_5-2,0.000370,0.000000,0.000000,0.004884
Q_ind_36_anc_5-2,0.000128,0.000000,0.000000,0.001607
Q_ind_37_anc_5-2,0.001190,0.000000,0.000000,0.017514
Q_ind_38_anc_5-2,0.000226,0.000000,0.000000,0.002548
Q_ind_39_anc_5-2,0.002095,0.000000,0.000000,0.030325
Q_ind_40_anc_5-2,0.012178,0.000000,0.000000,0.077760
Q_ind_41_anc_5-2,0.000941,0.000000,0.000000,0.013275
Q_ind_42_anc_5-2,0.000167,0.000000,0.000000,0.001827
Q_ind_43_anc_5-2,0.000688,0.000000,0.000000,0.009068
Q_ind_44_anc_5-2,0.000246,0.000000,0.000000,0.003294
Q_ind_45_anc_5-2,0.000304,0.000000,0.000000,0.002531
Q_ind_46_anc_5-2,0.000211,0.000000,0.000000,0.002510
Q_ind_47_anc_5-2,0.000511,0.000000,0.000000,0.006573
Q_ind_48_anc_5-2,0.000365,0.000000,0.000000,0.003606
Q_ind_49_anc_5-2,0.000105,0.000000,0.000000,0.001211
Q_ind_50_anc_5-2,0.000220,0.000000,0.000000,0.002723
Q_ind_51_anc_5-2,0.000158,0.000000,0.000000,0.001544
Q_ind_52_anc_5-2,0.000184,0.000000,0.000000,0.001813
Q_ind_53_anc_5-2,0.000149,0.000000,0.000000,0.001729
Q_ind_54_anc_5-2,0.000256,0.000000,0.000000,0.002989
Q_ind_55_anc_5-2,0.000193,0.000000,0.000000,0.002249
Q_ind_56_anc_5-2,0.000172,0.000000,0.000000,0.001935
Q_ind_57_anc_5-2,0.000322,0.000000,0.000000,0.002852
Q_ind_58_anc_5-2,0.000123,0.000000,0.000000,0.001426
Q_ind_59_anc_5-2,0.000401,0.000000,0.000000,0.004902
Q_ind_60_anc_5-2,0.000212,0.000000,0.000000,0.002034
Q_ind_61_anc_5-2,0.000381,0.000000,0.000000,0.003965
Q_ind_62_anc_5-2,0.000631,0.000000,0.000000,0.006519
Q_ind_63_anc_5-2,0.000124,0.000000,0.000000,0.001294
Q_ind_64_anc_5-2,0.000103,0.000000,0.000000,0.001081
Q_ind_65_anc_5-2,0.000141,0.000000,0.000000,0.001748
Q_ind_66_anc_5-2,0.000131,0.000000,0.000000,0.001600
Q_ind_67_anc_5-2,0.000164,0.000000,0.000000,0.002064
Q_ind_68_anc_5-2,0.000420,0.000000,0.000000,0.004129
Q_ind_69_anc_5-2,0.024724,0.000001,0.000000,0.121012
Q_ind_70_anc_5-2,0.036679,0.032463,0.000000,0.109696
Q_ind_71_anc_5-2,0.000614,0.000000,0.000000,0.005691
Q_ind_72_anc_5-2,0.000542,0.000000,0.000000,0.006884
Q_ind_73_anc_5-2,0.001438,0.000000,0.000000,0.021815
Q_ind_74_anc_5-2,0.006324,0.000000,0.000000,0.054352
Q_ind_75_anc_5-2,0.006254,0.000000,0.000000,0.073098
Q_ind_76_anc_5-2,0.000451,0.000000,0.000000,0.005839
Q_ind_77_anc_5-2,0.000459,0.000000,0.000000,0.005879
Q_ind_78_anc_5-2,0.000159,0.000000,0.000000,0.002150
Q_ind_79_anc_5-2,0.000625,0.000000,0.000000,0.008324
Q_ind_80_anc_5-2,0.000815,0.000000,0.000000,0.010893
Q_ind_81_anc_5-2,0.000235,0.000000,0.000000,0.002735
Q_ind_82_anc_5-2,0.000234,0.000000,0.000000,0.002409
Q_ind_83_anc_5-2,0.000488,0.000000,0.000000,0.005875
Q_ind_84_anc_5-2,0.000200,0.000000,0.000000,0.002653
Q_ind_85_anc_5-2,0.000176,0.000000,0.000000,0.002197
Q_ind_86_anc_5-2,0.000887,0.000000,0.000000,0.012305
Q_ind_87_anc_5-2,0.000424,0.000000,0.000000,0.005795
Q_ind_88_anc_5-2,0.000743,0.000000,0.000000,0.010716
Q_ind_89_anc_5-2,0.000653,0.000000,0.000000,0.009090
Q_ind_90_anc_5-2,0.000570,0.000000,0.000000,0.006897
Q_ind_91_anc_5-2,0.000508,0.000000,0.000000,0.005622
Q_ind_92_anc_5-2,0.000841,0.000000,0.000000,0.008185
Q_ind_93_anc_5-2,0.001692,0.000000,0.000000,0.023079
Q_ind_94_anc_5-2,0.000278,0.000000,0.000000,0.003196
Q_ind_95_anc_5-2,0.001856,0.000000,0.000000,0.027520
Q_ind_96_anc_5-2,0.000956,0.000000,0.000000,0.012888
Q_ind_97_anc_5-2,0.002570,0.000000,0.000000,0.025277
Q_ind_98_anc_5-2,0.001734,0.000000,0.000000,0.022288
Q_ind_99_anc_5-2,0.000474,0.000000,0.000000,0.005869
Q_ind_100_anc_5-2,0.000186,0.000000,0.000000,0.002099
Q_ind_101_anc_5-2,0.000062,0.000000,0.000000,0.000645
Q_ind_102_anc_5-2,0.000070,0.000000,0.000000,0.000711
Q_ind_103_anc_5-2,0.000167,0.000000,0.000000,0.002321
Q_ind_104_anc_5-2,0.000073,0.000000,0.000000,0.000841
Q_ind_105_anc_5-2,0.004915,0.000000,0.000000,0.043979
Q_ind_106_anc_5-2,0.000133,0.000000,0.000000,0.001383
Q_ind_107_anc_5-2,0.005122,0.000000,0.000000,0.067055
Q_ind_108_anc_5-2,0.010057,0.000000,0.000000,0.092770
Q_ind_109_anc_5-2,0.068729,0.063848,0.000000,0.195176
Q_ind_110_anc_5-2,0.002708,0.000000,0.000000,0.041005
Q_ind_111_anc_5-2,0.025746,0.000000,0.000000,0.159566
Q_ind_112_anc_5-2,0.000269,0.000000,0.000000,0.003199
Q_ind_113_anc_5-2,0.008904,0.000000,0.000000,0.090706
Q_ind_114_anc_5-2,0.002137,0.000000,0.000000,0.031638
Q_ind_115_anc_5-2,0.000387,0.000000,0.000000,0.003152
Q_ind_116_anc_5-2,0.000204,0.000000,0.000000,0.002457
Q_ind_117_anc_5-2,0.000706,0.000000,0.000000,0.010062
Q_ind_118_anc_5-2,0.000162,0.000000,0.000000,0.001886
Q_ind_119_anc_5-2,0.000659,0.000000,0.000000,0.008641
Q_ind_120_anc_5-2,0.000156,0.000000,0.000000,0.001854
Q_ind_121_anc_5-2,0.000269,0.000000,0.000000,0.003102
Q_ind_122_anc_5-2,0.000511,0.000000,0.000000,0.006125
Q_ind_123_anc_5-2,0.000188,0.000000,0.000000,0.002380
Q_ind_124_anc_5-2,0.000222,0.000000,0.000000,0.002127
Q_ind_125_anc_5-2,0.000866,0.000000,0.000000,0.011525
Q_ind_126_anc_5-2,0.000454,0.000000,0.000000,0.005441
Q_ind_127_anc_5-2,0.000093,0.000000,0.000000,0.000951
Q_ind_128_anc_5-2,0.000256,0.000000,0.000000,0.002822
Q_ind_129_anc_5-2,0.000216,0.000000,0.000000,0.002323
Q_ind_130_anc_5-2,0.000243,0.000000,0.000000,0.002366
Q_ind_131_anc_5-2,0.000571,0.000000,0.000000,0.007333
Q_ind_132_anc_5-2,0.002054,0.000000,0.000000,0.030906
Q_ind_133_anc_5-2,0.000220,0.000000,0.000000,0.002210
Q_ind_134_anc_5-2,0.000817,0.000000,0.000000,0.011502
Q_ind_135_anc_5-2,0.000949,0.000000,0.000000,0.011894
Q_ind_136_anc_5-2,0.003726,0.000000,0.000000,0.044028
Q_ind_137_anc_5-2,0.000584,0.000000,0.000000,0.008532
Q_ind_138_anc_5-2,0.000544,0.000000,0.000000,0.007601
Q_ind_139_anc_5-2,0.003457,0.000000,0.000000,0.042699
Q_ind_140_anc_5-2,0.001125,0.000000,0.000000,0.016667
Q_ind_141_anc_5-2,0.003506,0.000000,0.000000,0.042838
Q_ind_142_anc_5-2,0.001106,0.000000,0.000000,0.015046
Q_ind_143_anc_5-2,0.000908,0.000000,0.000000,0.014079
Q_ind_144_anc_5-2,0.001378,0.000000,0.000000,0.018961
Q_ind_145_anc_5-2,0.000136,0.000000,0.000000,0.001310
Q_ind_146_anc_5-2,0.000394,0.000000,0.000000,0.004137
Q_ind_147_anc_5-2,0.000194,0.000000,0.000000,0.002249
Q_ind_148_anc_5-2,0.000137,0.000000,0.000000,0.001592
Q_ind_149_anc_5-2,0.000197,0.000000,0.000000,0.002243
Q_ind_150_anc_5-2,0.000338,0.000000,0.000000,0.004378
Q_ind_151_anc_5-2,0.000418,0.000000,0.000000,0.005870
Q_ind_152_anc_5-2,0.000107,0.000000,0.000000,0.001063
Q_ind_153_anc_5-2,0.000256,0.000000,0.000000,0.003319
Q_ind_154_anc_5-2,0.000243,0.000000,0.000000,0.002874
Q_ind_155_anc_5-2,0.001735,0.000000,0.000000,0.024480
Q_ind_156_anc_5-2,0.000313,0.000000,0.000000,0.003861
Q_ind_157_anc_5-2,0.000170,0.000000,0.000000,0.002253
Q_ind_158_anc_5-2,0.000199,0.000000,0.000000,0.002227
Q_ind_159_anc_5-2,0.000382,0.000000,0.000000,0.005260
Q_ind_160_anc_5-2,0.000364,0.000000,0.000000,0.004356
Q_ind_161_anc_5-2,0.000258,0.000000,0.000000,0.003134
Q_ind_162_anc_5-2,0.000199,0.000000,0.000000,0.002598
Q_ind_163_anc_5-2,0.000277,0.000000,0.000000,0.003122
Q_ind_164_anc_5-2,0.000408,0.000000,0.000000,0.005255
Q_ind_165_anc_5-2,0.001094,0.000000,0.000000,0.014448
Q_ind_166_anc_5-2,0.124413,0.125555,0.060353,0.180559
Q_ind_167_anc_5-2,0.169392,0.172038,0.092957,0.231425
Q_ind_168_anc_5-2,0.000678,0.000000,0.000000,0.005635
Q_ind_169_anc_5-2,0.000812,0.000000,0.000000,0.010486
Q_ind_170_anc_5-2,0.000220,0.000000,0.000000,0.002146
Q_ind_171_anc_5-2,0.000191,0.000000,0.000000,0.001474
Q_ind_172_anc_5-2,0.000410,0.000000,0.000000,0.004871
Q_ind_173_anc_5-2,0.004555,0.000000,0.000000,0.046973
Q_ind_174_anc_5-2,0.000177,0.000000,0.000000,0.001675
Q_ind_175_anc_5-2,0.013415,0.000000,0.000000,0.091214
Q_ind_176_anc_5-2,0.000248,0.000000,0.000000,0.002070
Q_ind_177_anc_5-2,0.000126,0.000000,0.000000,0.001343
Q_ind_178_anc_5-2,0.000134,0.000000,0.000000,0.001414
Q_ind_179_anc_5-2,0.000142,0.000000,0.000000,0.001741
Q_ind_180_anc_5-2,0.000107,0.000000,0.000000,0.001092
Q_ind_181_anc_5-2,0.000959,0.000000,0.000000,0.011572
Q_ind_182_anc_5-2,0.000384,0.000000,0.000000,0.004683
Q_ind_183_anc_5-2,0.000176,0.000000,0.000000,0.001741
Q_ind_184_anc_5-2,0.001936,0.000000,0.000000,0.027453
Q_ind_185_anc_5-2,0.000871,0.000000,0.000000,0.007996
Q_ind_186_anc_5-2,0.000350,0.000000,0.000000,0.004347
Q_ind_187_anc_5-2,0.000555,0.000000,0.000000,0.006686
Q_ind_188_anc_5-2,0.000515,0.000000,0.000000,0.005942
Q_ind_189_anc_5-2,0.001202,0.000000,0.000000,0.017334
Q_ind_190_anc_5-2,0.018231,0.000000,0.000000,0.107907
Q_ind_191_anc_5-2,0.001390,0.000000,0.000000,0.017531
Q_ind_192_anc_5-2,0.005158,0.000000,0.000000,0.050889
Q_ind_193_anc_5-2,0.000439,0.000000,0.000000,0.004578
Q_ind_194_anc_5-2,0.000122,0.000000,0.000000,0.001150
Q_ind_195_anc_5-2,0.000909,0.000000,0.000000,0.010773
Q_ind_196_anc_5-2,0.000071,0.000000,0.000000,0.000576
Q_ind_197_anc_5-2,0.000095,0.000000,0.000000,0.001132
Q_ind_198_anc_5-2,0.000063,0.000000,0.000000,0.000756
Q_ind_199_anc_5-2,0.000428,0.000000,0.000000,0.004021
Q_ind_200_anc_5-2,0.000135,0.000000,0.000000,0.001676
Q_ind_201_anc_5-2,0.546702,0.545757,0.448892,0.646684
Q_ind_202_anc_5-2,0.000467,0.000000,0.000000,0.004260
Q_ind_203_anc_5-2,0.001114,0.000000,0.000000,0.015403
Q_ind_204_anc_5-2,0.000700,0.000000,0.000000,0.009320
Q_ind_205_anc_5-2,0.001152,0.000000,0.000000,0.015444
Q_ind_206_anc_5-2,0.000223,0.000000,0.000000,0.001902
Q_ind_207_anc_5-2,0.001318,0.000000,0.000000,0.017674
Q_ind_208_anc_5-2,0.001163,0.000000,0.000000,0.013788
Q_ind_209_anc_5-2,0.008609,0.000000,0.000000,0.063545
Q_ind_210_anc_5-2,0.000831,0.000000,0.000000,0.011125
Q_ind_211_anc_5-2,0.002586,0.000000,0.000000,0.035225
Q_ind_212_anc_5-2,0.034897,0.005240,0.000000,0.125872
Q_ind_213_anc_5-2,0.004488,0.000000,0.000000,0.054818
Q_ind_214_anc_5-2,0.001300,0.000000,0.000000,0.018586
Q_ind_215_anc_5-2,0.000229,0.000000,0.000000,0.002727
Q_ind_216_anc_5-2,0.000758,0.000000,0.000000,0.006567
Q_ind_217_anc_5-2,0.000997,0.000000,0.000000,0.011276
Q_ind_218_anc_5-2,0.000271,0.000000,0.000000,0.003138
Q_ind_219_anc_5-2,0.003117,0.000000,0.000000,0.044432
Q_ind_220_anc_5-2,0.000491,0.000000,0.000000,0.006662
Q_ind_221_anc_5-2,0.001247,0.000000,0.000000,0.017720
Q_ind_222_anc_5-2,0.001491,0.000000,0.000000,0.019663
Q_ind_223_anc_5-2,0.000737,0.000000,0.000000,0.008114
Q_ind_224_anc_5-2,0.010381,0.000000,0.000000,0.085480
Q_ind_225_anc_5-2,0.008675,0.000000,0.000000,0.090744
Q_ind_226_anc_5-2,0.013213,0.000000,0.000000,0.100802
Q_ind_227_anc_5-2,0.005116,0.000000,0.000000,0.064769
Q_ind_228_anc_5-2,0.002378,0.000000,0.000000,0.033229
Q_ind_229_anc_5-2,0.000338,0.000000,0.000000,0.003359
Q_ind_230_anc_5-2,0.005056,0.000000,0.000000,0.085799
Q_ind_231_anc_5-2,0.000444,0.000000,0.000000,0.006357
Q_ind_232_anc_5-2,0.005496,0.000000,0.000000,0.064444
Q_ind_233_anc_5-2,0.005258,0.000000,0.000000,0.067458
Q_ind_234_anc_5-2,0.000216,0.000000,0.000000,0.002481
Q_ind_235_anc_5-2,0.000374,0.000000,0.000000,0.004098
Q_ind_236_anc_5-2,0.001011,0.000000,0.000000,0.014560
Q_ind_237_anc_5-2,0.000671,0.000000,0.000000,0.009177
Q_ind_238_anc_5-2,0.003689,0.000000,0.000000,0.049606
Q_ind_239_anc_5-2,0.001483,0.000000,0.000000,0.021227
Q_ind_240_anc_5-2,0.000121,0.000000,0.000000,0.001213
Q_ind_241_anc_5-2,0.000168,0.000000,0.000000,0.001787
Q_ind_242_anc_5-2,0.004955,0.000000,0.000000,0.045695
Q_ind_243_anc_5-2,0.053093,0.057186,0.000000,0.134360
Q_ind_244_anc_5-2,0.000418,0.000000,0.000000,0.004113
Q_ind_245_anc_5-2,0.033699,0.000619,0.000000,0.126917
Q_ind_1_anc_5-3,0.000162,0.000000,0.000000,0.001780
Q_ind_2_anc_5-3,0.050926,0.044823,0.000000,0.146146
Q_ind_3_anc_5-3,0.037761,0.000000,0.000000,0.153004
Q_ind_4_anc_5-3,0.007653,0.000000,0.000000,0.086250
Q_ind_5_anc_5-3,0.006039,0.000000,0.000000,0.078721
Q_ind_6_anc_5-3,0.100082,0.125466,0.000000,0.182774
Q_ind_7_anc_5-3,0.004048,0.000000,0.000000,0.057009
Q_ind_8_anc_5-3,0.015624,0.000000,0.000000,0.123785
Q_ind_9_anc_5-3,0.028677,0.000010,0.000000,0.142343
Q_ind_10_anc_5-3,0.103636,0.103699,0.060362,0.148924
Q_ind_11_anc_5-3,0.009865,0.000000,0.000000,0.078606
Q_ind_12_anc_5-3,0.000478,0.000000,0.000000,0.006711
Q_ind_13_anc_5-3,0.000725,0.000000,0.000000,0.009573
Q_ind_14_anc_5-3,0.000418,0.000000,0.000000,0.004236
Q_ind_15_anc_5-3,0.000642,0.000000,0.000000,0.008476
Q_ind_16_anc_5-3,0.000317,0.000000,0.000000,0.003383
Q_ind_17_anc_5-3,0.000512,0.000000,0.000000,0.007510
Q_ind_18_anc_5-3,0.000309,0.000000,0.000000,0.003577
Q_ind_19_anc_5-3,0.000160,0.000000,0.000000,0.001694
Q_ind_20_anc_5-3,0.000270,0.000000,0.000000,0.002910
Q_ind_21_anc_5-3,0.000269,0.000000,0.000000,0.003061
Q_ind_22_anc_5-3,0.000723,0.000000,0.000000,0.010723
Q_ind_23_anc_5-3,0.000219,0.000000,0.000000,0.002195
Q_ind_24_anc_5-3,0.002336,0.000000,0.000000,0.032754
Q_ind_25_anc_5-3,0.000075,0.000000,0.000000,0.000718
Q_ind_26_anc_5-3,0.002012,0.000000,0.000000,0.026580
Q_ind_27_anc_5-3,0.000199,0.000000,0.000000,0.001920
Q_ind_28_anc_5-3,0.004868,0.000000,0.000000,0.046014
Q_ind_29_anc_5-3,0.004266,0.000000,0.000000,0.036692
Q_ind_30_anc_5-3,0.000711,0.000000,0.000000,0.007445
Q_ind_31_anc_5-3,0.000253,0.000000,0.000000,0.002370
Q_ind_32_anc_5-3,0.000253,0.000000,0.000000,0.002799
Q_ind_33_anc_5-3,0.000936,0.000000,0.000000,0.012321
Q_ind_34_anc_5-3,0.000148,0.000000,0.000000,0.001528
Q_ind_35_anc_5-3,0.000299,0.000000,0.000000,0.003779
Q_ind_36_anc_5-3,0.000128,0.000000,0.000000,0.001486
Q_ind_37_anc_5-3,0.000451,0.000000,0.000000,0.004759
Q_ind_38_anc_5-3,0.000139,0.000000,0.000000,0.001412
Q_ind_39_anc_5-3,0.000156,0.000000,0.000000,0.002024
Q_ind_40_anc_5-3,0.004390,0.000000,0.000000,0.050926
Q_ind_41_anc_5-3,0.001102,0.000000,0.000000,0.014739
Q_ind_42_anc_5-3,0.000215,0.000000,0.000000,0.002108
Q_ind_43_anc_5-3,0.000592,0.000000,0.000000,0.006835
Q_ind_44_anc_5-3,0.000157,0.000000,0.000000,0.001589
Q_ind_45_anc_5-3,0.000163,0.000000,0.000000,0.001899
Q_ind_46_anc_5-3,0.000086,0.000000,0.000000,0.000942
Q_ind_47_anc_5-3,0.001086,0.000000,0.000000,0.014694
Q_ind_48_anc_5-3,0.000269,0.000000,0.000000,0.003204
Q_ind_49_anc_5-3,0.000152,0.000000,0.000000,0.001794
Q_ind_50_anc_5-3,0.000179,0.000000,0.000000,0.002000
Q_ind_51_anc_5-3,0.000070,0.000000,0.000000,0.000829
Q_ind_52_anc_5-3,0.000130,0.000000,0.000000,0.001567
Q_ind_53_anc_5-3,0.000145,0.000000,0.000000,0.001655
Q_ind_54_anc_5-3,0.000144,0.000000,0.000000,0.001470
Q_ind_55_anc_5-3,0.000111,0.000000,0.000000,0.001455
Q_ind_56_anc_5-3,0.000078,0.000000,0.000000,0.000835
Q_ind_57_anc_5-3,0.000161,0.000000,0.000000,0.001803
Q_ind_58_anc_5-3,0.000077,0.000000,0.000000,0.000848
Q_ind_59_anc_5-3,0.000564,0.000000,0.000000,0.008531
Q_ind_60_anc_5-3,0.000179,0.000000,0.000000,0.001929
Q_ind_61_anc_5-3,0.000398,0.000000,0.000000,0.005262
Q_ind_62_anc_5-3,0.000299,0.000000,0.000000,0.003765
Q_ind_63_anc_5-3,0.000371,0.000000,0.000000,0.004721
Q_ind_64_anc_5-3,0.000412,0.000000,0.000000,0.005990
Q_ind_65_anc_5-3,0.000299,0.000000,0.000000,0.003359
Q_ind_66_anc_5-3,0.000151,0.000000,0.000000,0.001751
Q_ind_67_anc_5-3,0.195909,0.197496,0.116174,0.266617
Q_ind_68_anc_5-3,0.000515,0.000000,0.000000,0.006799
Q_ind_69_anc_5-3,0.000397,0.000000,0.000000,0.004957
Q_ind_70_anc_5-3,0.000239,0.000000,0.000000,0.002516
Q_ind_71_anc_5-3,0.000236,0.000000,0.000000,0.002357
Q_ind_72_anc_5-3,0.000484,0.000000,0.000000,0.006622
Q_ind_73_anc_5-3,0.000487,0.000000,0.000000,0.006434
Q_ind_74_anc_5-3,0.000536,0.000000,0.000000,0.007197
Q_ind_75_anc_5-3,0.000230,0.000000,0.000000,0.002724
Q_ind_76_anc_5-3,0.000355,0.000000,0.000000,0.004745
Q_ind_77_anc_5-3,0.000810,0.000000,0.000000,0.010888
Q_ind_78_anc_5-3,0.000496,0.000000,0.000000,0.006626
Q_ind_79_anc_5-3,0.000424,0.000000,0.000000,0.006293
Q_ind_80_anc_5-3,0.000960,0.000000,0.000000,0.010373
Q_ind_81_anc_5-3,0.000378,0.000000,0.000000,0.005464
Q_ind_82_anc_5-3,0.000409,0.000000,0.000000,0.005072
Q_ind_83_anc_5-3,0.000695,0.000000,0.000000,0.008852
Q_ind_84_anc_5-3,0.000791,0.000000,0.000000,0.009634
Q_ind_85_anc_5-3,0.000450,0.000000,0.000000,0.006729
Q_ind_86_anc_5-3,0.000416,0.000000,0.000000,0.005132
Q_ind_87_anc_5-3,0.000935,0.000000,0.000000,0.011151
Q_ind_88_anc_5-3,0.000418,0.000000,0.000000,0.004808
Q_ind_89_anc_5-3,0.000537,0.000000,0.000000,0.007594
Q_ind_90_anc_5-3,0.000490,0.000000,0.000000,0.006171
Q_ind_91_anc_5-3,0.000676,0.000000,0.000000,0.008630
Q_ind_92_anc_5-3,0.000462,0.000000,0.000000,0.005153
Q_ind_93_anc_5-3,0.001445,0.000000,0.000000,0.018481
Q_ind_94_anc_5-3,0.000252,0.000000,0.000000,0.002110
Q_ind_95_anc_5-3,0.003115,0.000000,0.000000,0.034408
Q_ind_96_anc_5-3,0.000288,0.000000,0.000000,0.003907
Q_ind_97_anc_5-3,0.000419,0.000000,0.000000,0.005455
Q_ind_98_anc_5-3,0.000129,0.000000,0.000000,0.001265
Q_ind_99_anc_5-3,0.000261,0.000000,0.000000,0.003157
Q_ind_100_anc_5-3,0.000309,0.000000,0.000000,0.004189
Q_ind_101_anc_5-3,0.000087,0.000000,0.000000,0.000725
Q_ind_102_anc_5-3,0.000060,0.000000,0.000000,0.000689
Q_ind_103_anc_5-3,0.000148,0.000000,0.000000,0.001380
Q_ind_104_anc_5-3,0.000056,0.000000,0.000000,0.000531
Q_ind_105_anc_5-3,0.000180,0.000000,0.000000,0.001990
Q_ind_106_anc_5-3,0.000199,0.000000,0.000000,0.002202
Q_ind_107_anc_5-3,0.002005,0.000000,0.000000,0.028913
Q_ind_108_anc_5-3,0.000196,0.000000,0.000000,0.002230
Q_ind_109_anc_5-3,0.000974,0.000000,0.000000,0.012722
Q_ind_110_anc_5-3,0.000293,0.000000,0.000000,0.003539
Q_ind_111_anc_5-3,0.000390,0.000000,0.000000,0.003960
Q_ind_112_anc_5-3,0.000581,0.000000,0.000000,0.007154
Q_ind_113_anc_5-3,0.002617,0.000000,0.000000,0.034656
Q_ind_114_anc_5-3,0.000789,0.000000,0.000000,0.009144
Q_ind_115_anc_5-3,0.000591,0.000000,0.000000,0.007616
Q_ind_116_anc_5-3,0.000180,0.000000,0.000000,0.002130
Q_ind_117_anc_5-3,0.000435,0.000000,0.000000,0.005941
Q_ind_118_anc_5-3,0.000162,0.000000,0.000000,0.001871
Q_ind_119_anc_5-3,0.000464,0.000000,0.000000,0.006615
Q_ind_120_anc_5-3,0.000134,0.000000,0.000000,0.001352
Q_ind_121_anc_5-3,0.000755,0.000000,0.000000,0.011295
Q_ind_122_anc_5-3,0.000128,0.000000,0.000000,0.001511
Q_ind_123_anc_5-3,0.000149,0.000000,0.000000,0.001865
Q_ind_124_anc_5-3,0.000198,0.000000,0.000000,0.002397
Q_ind_125_anc_5-3,0.002635,0.000000,0.000000,0.040262
Q_ind_126_anc_5-3,0.001021,0.000000,0.000000,0.014379
Q_ind_127_anc_5-3,0.000246,0.000000,0.000000,0.002871
Q_ind_128_anc_5-3,0.000126,0.000000,0.000000,0.001540
Q_ind_129_anc_5-3,0.000570,0.000000,0.000000,0.006782
Q_ind_130_anc_5-3,0.000357,0.000000,0.000000,0.004163
Q_ind_131_anc_5-3,0.000214,0.000000,0.000000,0.001747
Q_ind_132_anc_5-3,0.000198,0.000000,0.000000,0.002056
Q_ind_133_anc_5-3,0.000179,0.000000,0.000000,0.002098
Q_ind_134_anc_5-3,0.000262,0.000000,0.000000,0.003558
Q_ind_135_anc_5-3,0.000190,0.000000,0.000000,0.001910
Q_ind_136_anc_5-3,0.000348,0.000000,0.000000,0.003763
Q_ind_137_anc_5-3,0.000140,0.000000,0.000000,0.001724
Q_ind_138_anc_5-3,0.000426,0.000000,0.000000,0.005478
Q_ind_139_anc_5-3,0.000373,0.000000,0.000000,0.004460
Q_ind_140_anc_5-3,0.000249,0.000000,0.000000,0.002831
Q_ind_141_anc_5-3,0.000307,0.000000,0.000000,0.003131
Q_ind_142_anc_5-3,0.000121,0.000000,0.000000,0.001447
Q_ind_143_anc_5-3,0.000122,0.000000,0.000000,0.001045
Q_ind_144_anc_5-3,0.000222,0.000000,0.000000,0.002950
Q_ind_145_anc_5-3,0.000179,0.000000,0.000000,0.002104
Q_ind_146_anc_5-3,0.001587,0.000000,0.000000,0.019522
Q_ind_147_anc_5-3,0.000186,0.000000,0.000000,0.001832
Q_ind_148_anc_5-3,0.000749,0.000000,0.000000,0.011205
Q_ind_149_anc_5-3,0.003155,0.000000,0.000000,0.037453
Q_ind_150_anc_5-3,0.000396,0.000000,0.000000,0.004543
Q_ind_151_anc_5-3,0.000365,0.000000,0.000000,0.004597
Q_ind_152_anc_5-3,0.000134,0.000000,0.000000,0.001751
Q_ind_153_anc_5-3,0.000318,0.000000,0.000000,0.003961
Q_ind_154_anc_5-3,0.000221,0.000000,0.000000,0.002610
Q_ind_155_anc_5-3,0.001791,0.000000,0.000000,0.023161
Q_ind_156_anc_5-3,0.012770,0.000000,0.000000,0.088977
Q_ind_157_anc_5-3,0.000405,0.000000,0.000000,0.005988
Q_ind_158_anc_5-3,0.005793,0.000000,0.000000,0.063601
Q_ind_159_anc_5-3,0.001106,0.000000,0.000000,0.014190
Q_ind_160_anc_5-3,0.013877,0.000000,0.000000,0.086959
Q_ind_161_anc_5-3,0.000361,0.000000,0.000000,0.004085
Q_ind_162_anc_5-3,0.000368,0.000000,0.000000,0.003927
Q_ind_163_anc_5-3,0.001922,0.000000,0.000000,0.025327
Q_ind_164_anc_5-3,0.001065,0.000000,0.000000,0.013245
Q_ind_165_anc_5-3,0.000751,0.000000,0.000000,0.010440
Q_ind_166_anc_5-3,0.000631,0.000000,0.000000,0.008445
Q_ind_167_anc_5-3,0.000898,0.000000,0.000000,0.012324
Q_ind_168_anc_5-3,0.000361,0.000000,0.000000,0.004725
Q_ind_169_anc_5-3,0.000183,0.000000,0.000000,0.002087
Q_ind_170_anc_5-3,0.000210,0.000000,0.000000,0.002736
Q_ind_171_anc_5-3,0.001503,0.000000,0.000000,0.020537
Q_ind_172_anc_5-3,0.000082,0.000000,0.000000,0.000705
Q_ind_173_anc_5-3,0.000201,0.000000,0.000000,0.002404
Q_ind_174_anc_5-3,0.000163,0.000000,0.000000,0.001868
Q_ind_175_anc_5-3,0.003946,0.000000,0.000000,0.044186
Q_ind_176_anc_5-3,0.000321,0.000000,0.000000,0.003719
Q_ind_177_anc_5-3,0.000358,0.000000,0.000000,0.003537
Q_ind_178_anc_5-3,0.000952,0.000000,0.000000,0.015209
Q_ind_179_anc_5-3,0.000433,0.000000,0.000000,0.004789
Q_ind_180_anc_5-3,0.002989,0.000000,0.000000,0.048238
Q_ind_181_anc_5-3,0.003672,0.000000,0.000000,0.039476
Q_ind_182_anc_5-3,0.000413,0.000000,0.000000,0.004851
Q_ind_183_anc_5-3,0.000677,0.000000,0.000000,0.008153
Q_ind_184_anc_5-3,0.000370,0.000000,0.000000,0.003520
Q_ind_185_anc_5-3,0.000249,0.000000,0.000000,0.002485
Q_ind_186_anc_5-3,0.000245,0.000000,0.000000,0.002664
Q_ind_187_anc_5-3,0.000145,0.000000,0.000000,0.001707
Q_ind_188_anc_5-3,0.000148,0.000000,0.000000,0.001701
Q_ind_189_anc_5-3,0.000289,0.000000,0.000000,0.002470
Q_ind_190_anc_5-3,0.001037,0.000000,0.000000,0.016776
Q_ind_191_anc_5-3,0.000184,0.000000,0.000000,0.001965
Q_ind_192_anc_5-3,0.000324,0.000000,0.000000,0.002795
Q_ind_193_anc_5-3,0.000785,0.000000,0.000000,0.011354
Q_ind_194_anc_5-3,0.000118,0.000000,0.000000,0.001356
Q_ind_195_anc_5-3,0.004370,0.000000,0.000000,0.044056
Q_ind_196_anc_5-3,0.000216,0.000000,0.000000,0.002384
Q_ind_197_anc_5-3,0.000155,0.000000,0.000000,0.001472
Q_ind_198_anc_5-3,0.000115,0.000000,0.000000,0.001541
Q_ind_199_anc_5-3,0.000306,0.000000,0.000000,0.003459
Q_ind_200_anc_5-3,0.000188,0.000000,0.000000,0.002199
Q_ind_201_anc_5-3,0.000319,0.000000,0.000000,0.004339
Q_ind_202_anc_5-3,0.000617,0.000000,0.000000,0.008588
Q_ind_203_anc_5-3,0.007225,0.000000,0.000000,0.061351
Q_ind_204_anc_5-3,0.001136,0.000000,0.000000,0.014154
Q_ind_205_anc_5-3,0.001383,0.000000,0.000000,0.020472
Q_ind_206_anc_5-3,0.001319,0.000000,0.000000,0.018774
Q_ind_207_anc_5-3,0.014465,0.000000,0.000000,0.080732
Q_ind_208_anc_5-3,0.112983,0.147853,0.000000,0.213625
Q_ind_209_anc_5-3,0.000749,0.000000,0.000000,0.010966
Q_ind_210_anc_5-3,0.001526,0.000000,0.000000,0.023762
Q_ind_211_anc_5-3,0.001731,0.000000,0.000000,0.025532
Q_ind_212_anc_5-3,0.000333,0.000000,0.000000,0.003077
Q_ind_213_anc_5-3,0.000764,0.000000,0.000000,0.010763
Q_ind_214_anc_5-3,0.000755,0.000000,0.000000,0.009317
Q_ind_215_anc_5-3,0.000369,0.000000,0.000000,0.004061
Q_ind_216_anc_5-3,0.000530,0.000000,0.000000,0.007521
Q_ind_217_anc_5-3,0.000224,0.000000,0.000000,0.002976
Q_ind_218_anc_5-3,0.000142,0.000000,0.000000,0.001385
Q_ind_219_anc_5-3,0.000205,0.000000,0.000000,0.001973
Q_ind_220_anc_5-3,0.001035,0.000000,0.000000,0.014763
Q_ind_221_anc_5-3,0.000496,0.000000,0.000000,0.006163
Q_ind_222_anc_5-3,0.000207,0.000000,0.000000,0.002210
Q_ind_223_anc_5-3,0.048183,0.055381,0.000000,0.104889
Q_ind_224_anc_5-3,0.001321,0.000000,0.000000,0.018821
Q_ind_225_anc_5-3,0.002735,0.000000,0.000000,0.034124
Q_ind_226_anc_5-3,0.000889,0.000000,0.000000,0.008367
Q_ind_227_anc_5-3,0.003190,0.000000,0.000000,0.043014
Q_ind_228_anc_5-3,0.004100,0.000000,0.000000,0.056610
Q_ind_229_anc_5-3,0.000730,0.000000,0.000000,0.010777
Q_ind_230_anc_5-3,0.005767,0.000000,0.000000,0.060041
Q_ind_231_anc_5-3,0.005857,0.000000,0.000000,0.088099
Q_ind_232_anc_5-3,0.001382,0.000000,0.000000,0.022153
Q_ind_233_anc_5-3,0.000232,0.000000,0.000000,0.002578
Q_ind_234_anc_5-3,0.000279,0.000000,0.000000,0.003594
Q_ind_235_anc_5-3,0.000159,0.000000,0.000000,0.001443
Q_ind_236_anc_5-3,0.000095,0.000000,0.000000,0.000945
Q_ind_237_anc_5-3,0.000122,0.000000,0.000000,0.001492
Q_ind_238_anc_5-3,0.000149,0.000000,0.000000,0.001595
Q_ind_239_anc_5-3,0.000154,0.000000,0.000000,0.001837
Q_ind_240_anc_5-3,0.000080,0.000000,0.000000,0.001039
Q_ind_241_anc_5-3,0.000315,0.000000,0.000000,0.002718
Q_ind_242_anc_5-3,0.001042,0.000000,0.000000,0.013015
Q_ind_243_anc_5-3,0.000244,0.000000,0.000000,0.003103
Q_ind_244_anc_5-3,0.000261,0.000000,0.000000,0.002898
Q_ind_245_anc_5-3,0.000156,0.000000,0.000000,0.001471
Q_ind_1_anc_5-4,0.000233,0.000000,0.000000,0.002738
Q_ind_2_anc_5-4,0.000437,0.000000,0.000000,0.004676
Q_ind_3_anc_5-4,0.038452,0.000010,0.000000,0.160595
Q_ind_4_anc_5-4,0.002010,0.000000,0.000000,0.022375
Q_ind_5_anc_5-4,0.000332,0.000000,0.000000,0.004336
Q_ind_6_anc_5-4,0.036022,0.000005,0.000000,0.154543
Q_ind_7_anc_5-4,0.000358,0.000000,0.000000,0.003570
Q_ind_8_anc_5-4,0.002967,0.000000,0.000000,0.050400
Q_ind_9_anc_5-4,0.027152,0.000000,0.000000,0.155204
Q_ind_10_anc_5-4,0.002393,0.000000,0.000000,0.028343
Q_ind_11_anc_5-4,0.022928,0.000000,0.000000,0.146565
Q_ind_12_anc_5-4,0.024439,0.000000,0.000000,0.125023
Q_ind_13_anc_5-4,0.000776,0.000000,0.000000,0.008679
Q_ind_14_anc_5-4,0.000647,0.000000,0.000000,0.006196
Q_ind_15_anc_5-4,0.000713,0.000000,0.000000,0.009164
Q_ind_16_anc_5-4,0.000907,0.000000,0.000000,0.010287
Q_ind_17_anc_5-4,0.000414,0.000000,0.000000,0.004890
Q_ind_18_anc_5-4,0.000282,0.000000,0.000000,0.003333
Q_ind_19_anc_5-4,0.000174,0.000000,0.000000,0.002017
Q_ind_20_anc_5-4,0.000306,0.000000,0.000000,0.002877
Q_ind_21_anc_5-4,0.000523,0.000000,0.000000,0.007063
Q_ind_22_anc_5-4,0.000788,0.000000,0.000000,0.009064
Q_ind_23_anc_5-4,0.000267,0.000000,0.000000,0.003244
Q_ind_24_anc_5-4,0.000797,0.000000,0.000000,0.010202
Q_ind_25_anc_5-4,0.000193,0.000000,0.000000,0.001464
Q_ind_26_anc_5-4,0.001433,0.000000,0.000000,0.019426
Q_ind_27_anc_5-4,0.000316,0.000000,0.000000,0.003880
Q_ind_28_anc_5-4,0.001849,0.000000,0.000000,0.027743
Q_ind_29_anc_5-4,0.000898,0.000000,0.000000,0.011401
Q_ind_30_anc_5-4,0.001300,0.000000,0.000000,0.018693
Q_ind_31_anc_5-4,0.000524,0.000000,0.000000,0.007155
Q_ind_32_anc_5-4,0.000394,0.000000,0.000000,0.004473
Q_ind_33_anc_5-4,0.003327,0.000000,0.000000,0.037934
Q_ind_34_anc_5-4,0.000331,0.000000,0.000000,0.004013
Q_ind_35_anc_5-4,0.000427,0.000000,0.000000,0.005011
Q_ind_36_anc_5-4,0.000136,0.000000,0.000000,0.001561
Q_ind_37_anc_5-4,0.000472,0.000000,0.000000,0.006263
Q_ind_38_anc_5-4,0.000123,0.000000,0.000000,0.001394
Q_ind_39_anc_5-4,0.000937,0.000000,0.000000,0.012635
Q_ind_40_anc_5-4,0.001839,0.000000,0.000000,0.026904
Q_ind_41_anc_5-4,0.001690,0.000000,0.000000,0.023588
Q_ind_42_anc_5-4,0.000158,0.000000,0.000000,0.002020
Q_ind_43_anc_5-4,0.000248,0.000000,0.000000,0.003246
Q_ind_44_anc_5-4,0.000150,0.000000,0.000000,0.001551
Q_ind_45_anc_5-4,0.000159,0.000000,0.000000,0.001279
Q_ind_46_anc_5-4,0.000101,0.000000,0.000000,0.001137
Q_ind_47_anc_5-4,0.000120,0.000000,0.000000,0.001500
Q_ind_48_anc_5-4,0.000175,0.000000,0.000000,0.002069
Q_ind_49_anc_5-4,0.000125,0.000000,0.000000,0.001406
Q_ind_50_anc_5-4,0.000131,0.000000,0.000000,0.001345
Q_ind_51_anc_5-4,0.000226,0.000000,0.000000,0.002606
Q_ind_52_anc_5-4,0.000130,0.000000,0.000000,0.001468
Q_ind_53_anc_5-4,0.000125,0.000000,0.000000,0.001258
Q_ind_54_anc_5-4,0.000448,0.000000,0.000000,0.006244
Q_ind_55_anc_5-4,0.000147,0.000000,0.000000,0.001674
Q_ind_56_anc_5-4,0.000410,0.000000,0.000000,0.005143
Q_ind_57_anc_5-4,0.000245,0.000000,0.000000,0.002192
Q_ind_58_anc_5-4,0.000204,0.000000,0.000000,0.001983
Q_ind_59_anc_5-4,0.000302,0.000000,0.000000,0.003088
Q_ind_60_anc_5-4,0.000298,0.000000,0.000000,0.003035
Q_ind_61_anc_5-4,0.000281,0.000000,0.000000,0.002936
Q_ind_62_anc_5-4,0.000540,0.000000,0.000000,0.006587
Q_ind_63_anc_5-4,0.000427,0.000000,0.000000,0.005923
Q_ind_64_anc_5-4,0.000222,0.000000,0.000000,0.002324
Q_ind_65_anc_5-4,0.000175,0.000000,0.000000,0.001877
Q_ind_66_anc_5-4,0.000126,0.000000,0.000000,0.001435
Q_ind_67_anc_5-4,0.000369,0.000000,0.000000,0.003461
Q_ind_68_anc_5-4,0.000253,0.000000,0.000000,0.002743
Q_ind_69_anc_5-4,0.001085,0.000000,0.000000,0.013299
Q_ind_70_anc_5-4,0.000262,0.000000,0.000000,0.003013
Q_ind_71_anc_5-4,0.000467,0.000000,0.000000,0.005439
Q_ind_72_anc_5-4,0.000473,0.000000,0.000000,0.006949
Q_ind_73_anc_5-4,0.000802,0.000000,0.000000,0.007502
Q_ind_74_anc_5-4,0.000440,0.000000,0.000000,0.005324
Q_ind_75_anc_5-4,0.000495,0.000000,0.000000,0.006904
Q_ind_76_anc_5-4,0.000200,0.000000,0.000000,0.002339
Q_ind_77_anc_5-4,0.000984,0.000000,0.000000,0.011776
Q_ind_78_anc_5-4,0.000464,0.000000,0.000000,0.004087
Q_ind_79_anc_5-4,0.000937,0.000000,0.000000,0.006054
Q_ind_80_anc_5-4,0.009661,0.000000,0.000000,0.078818
Q_ind_81_anc_5-4,0.000722,0.000000,0.000000,0.008023
Q_ind_82_anc_5-4,0.000426,0.000000,0.000000,0.004583
Q_ind_83_anc_5-4,0.000250,0.000000,0.000000,0.002715
Q_ind_84_anc_5-4,0.000692,0.000000,0.000000,0.008285
Q_ind_85_anc_5-4,0.001654,0.000000,0.000000,0.020518
Q_ind_86_anc_5-4,0.001306,0.000000,0.000000,0.018027
Q_ind_87_anc_5-4,0.013577,0.000000,0.000000,0.092941
Q_ind_88_anc_5-4,0.001599,0.000000,0.000000,0.023616
Q_ind_89_anc_5-4,0.000504,0.000000,0.000000,0.005022
Q_ind_90_anc_5-4,0.000289,0.000000,0.000000,0.003473
Q_ind_91_anc_5-4,0.000376,0.000000,0.000000,0.004054
Q_ind_92_anc_5-4,0.000394,0.000000,0.000000,0.003606
Q_ind_93_anc_5-4,0.002470,0.000000,0.000000,0.040257
Q_ind_94_anc_5-4,0.000805,0.000000,0.000000,0.009920
Q_ind_95_anc_5-4,0.001646,0.000000,0.000000,0.021353
Q_ind_96_anc_5-4,0.000243,0.000000,0.000000,0.003179
Q_ind_97_anc_5-4,0.000586,0.000000,0.000000,0.007563
Q_ind_98_anc_5-4,0.000376,0.000000,0.000000,0.004579
Q_ind_99_anc_5-4,0.000285,0.000000,0.000000,0.003550
Q_ind_100_anc_5-4,0.000199,0.000000,0.000000,0.002481
Q_ind_101_anc_5-4,0.000080,0.000000,0.000000,0.000876
Q_ind_102_anc_5-4,0.000084,0.000000,0.000000,0.000982
Q_ind_103_anc_5-4,0.000125,0.000000,0.000000,0.001132
Q_ind_104_anc_5-4,0.000065,0.000000,0.000000,0.000769
Q_ind_105_anc_5-4,0.000413,0.000000,0.000000,0.005238
Q_ind_106_anc_5-4,0.000328,0.000000,0.000000,0.003543
Q_ind_107_anc_5-4,0.003501,0.000000,0.000000,0.045330
Q_ind_108_anc_5-4,0.009912,0.000000,0.000000,0.086392
Q_ind_109_anc_5-4,0.000997,0.000000,0.000000,0.014808
Q_ind_110_anc_5-4,0.000998,0.000000,0.000000,0.008793
Q_ind_111_anc_5-4,0.051970,0.017622,0.000000,0.170510
Q_ind_112_anc_5-4,0.002063,0.000000,0.000000,0.030785
Q_ind_113_anc_5-4,0.001911,0.000000,0.000000,0.024722
Q_ind_114_anc_5-4,0.005655,0.000000,0.000000,0.075635
Q_ind_115_anc_5-4,0.000382,0.000000,0.000000,0.004682
Q_ind_116_anc_5-4,0.000274,0.000000,0.000000,0.003284
Q_ind_117_anc_5-4,0.000254,0.000000,0.000000,0.003036
Q_ind_118_anc_5-4,0.000185,0.000000,0.000000,0.001928
Q_ind_119_anc_5-4,0.000850,0.000000,0.000000,0.011956
Q_ind_120_anc_5-4,0.000114,0.000000,0.000000,0.001127
Q_ind_121_anc_5-4,0.000193,0.000000,0.000000,0.002202
Q_ind_122_anc_5-4,0.000306,0.000000,0.000000,0.003115
Q_ind_123_anc_5-4,0.000259,0.000000,0.000000,0.003515
Q_ind_124_anc_5-4,0.000182,0.000000,0.000000,0.002204
Q_ind_125_anc_5-4,0.001720,0.000000,0.000000,0.022212
Q_ind_126_anc_5-4,0.000398,0.000000,0.000000,0.005081
Q_ind_127_anc_5-4,0.000170,0.000000,0.000000,0.002038
Q_ind_128_anc_5-4,0.000440,0.000000,0.000000,0.005008
Q_ind_129_anc_5-4,0.000365,0.000000,0.000000,0.004053
Q_ind_130_anc_5-4,0.000316,0.000000,0.000000,0.002750
Q_ind_131_anc_5-4,0.001105,0.000000,0.000000,0.015507
Q_ind_132_anc_5-4,0.000967,0.000000,0.000000,0.010708
Q_ind_133_anc_5-4,0.000497,0.000000,0.000000,0.006282
Q_ind_134_anc_5-4,0.001395,0.000000,0.000000,0.019941
Q_ind_135_anc_5-4,0.000279,0.000000,0.000000,0.003148
Q_ind_136_anc_5-4,0.001112,0.000000,0.000000,0.016014
Q_ind_137_anc_5-4,0.000293,0.000000,0.000000,0.003178
Q_ind_138_anc_5-4,0.004205,0.000000,0.000000,0.042507
Q_ind_139_anc_5-4,0.002455,0.000000,0.000000,0.033875
Q_ind_140_anc_5-4,0.000681,0.000000,0.000000,0.009116
Q_ind_141_anc_5-4,0.001156,0.000000,0.000000,0.016632
Q_ind_142_anc_5-4,0.000387,0.000000,0.000000,0.004686
Q_ind_143_anc_5-4,0.000435,0.000000,0.000000,0.005996
Q_ind_144_anc_5-4,0.000669,0.000000,0.000000,0.009082
Q_ind_145_anc_5-4,0.000232,0.000000,0.000000,0.002503
Q_ind_146_anc_5-4,0.002273,0.000000,0.000000,0.029892
Q_ind_147_anc_5-4,0.000272,0.000000,0.000000,0.003278
Q_ind_148_anc_5-4,0.000467,0.000000,0.000000,0.006038
Q_ind_149_anc_5-4,0.000260,0.000000,0.000000,0.003530
Q_ind_150_anc_5-4,0.000367,0.000000,0.000000,0.004890
Q_ind_151_anc_5-4,0.000554,0.000000,0.000000,0.007810
Q_ind_152_anc_5-4,0.000209,0.000000,0.000000,0.002666
Q_ind_153_anc_5-4,0.000190,0.000000,0.000000,0.002178
Q_ind_154_anc_5-4,0.000853,0.000000,0.000000,0.012376
Q_ind_155_anc_5-4,0.000212,0.000000,0.000000,0.002371
Q_ind_156_anc_5-4,0.001240,0.000000,0.000000,0.017531
Q_ind_157_anc_5-4,0.000306,0.000000,0.000000,0.002935
Q_ind_158_anc_5-4,0.001111,0.000000,0.000000,0.013136
Q_ind_159_anc_5-4,0.002145,0.000000,0.000000,0.039149
Q_ind_160_anc_5-4,0.000725,0.000000,0.000000,0.006409
Q_ind_161_anc_5-4,0.000240,0.000000,0.000000,0.002341
Q_ind_162_anc_5-4,0.000342,0.000000,0.000000,0.004935
Q_ind_163_anc_5-4,0.000244,0.000000,0.000000,0.002256
Q_ind_164_anc_5-4,0.001443,0.000000,0.000000,0.021173
Q_ind_165_anc_5-4,0.000681,0.000000,0.000000,0.009310
Q_ind_166_anc_5-4,0.001181,0.000000,0.000000,0.018351
Q_ind_167_anc_5-4,0.003020,0.000000,0.000000,0.048633
Q_ind_168_anc_5-4,0.003509,0.000000,0.000000,0.052222
Q_ind_169_anc_5-4,0.000577,0.000000,0.000000,0.008118
Q_ind_170_anc_5-4,0.000253,0.000000,0.000000,0.002159
Q_ind_171_anc_5-4,0.000172,0.000000,0.000000,0.002049
Q_ind_172_anc_5-4,0.000202,0.000000,0.000000,0.001861
Q_ind_173_anc_5-4,0.001011,0.000000,0.000000,0.016361
Q_ind_174_anc_5-4,0.000144,0.000000,0.000000,0.001198
Q_ind_175_anc_5-4,0.026300,0.000169,0.000000,0.103132
Q_ind_176_anc_5-4,0.000835,0.000000,0.000000,0.011317
Q_ind_177_anc_5-4,0.000597,0.000000,0.000000,0.004973
Q_ind_178_anc_5-4,0.001660,0.000000,0.000000,0.022785
Q_ind_179_anc_5-4,0.003835,0.000000,0.000000,0.053800
Q_ind_180_anc_5-4,0.000701,0.000000,0.000000,0.008535
Q_ind_181_anc_5-4,0.000861,0.000000,0.000000,0.011447
Q_ind_182_anc_5-4,0.000323,0.000000,0.000000,0.003454
Q_ind_183_anc_5-4,0.000617,0.000000,0.000000,0.008719
Q_ind_184_anc_5-4,0.001053,0.000000,0.000000,0.016172
Q_ind_185_anc_5-4,0.000473,0.000000,0.000000,0.006201
Q_ind_186_anc_5-4,0.000358,0.000000,0.000000,0.003676
Q_ind_187_anc_5-4,0.000556,0.000000,0.000000,0.007850
Q_ind_188_anc_5-4,0.000813,0.000000,0.000000,0.011250
Q_ind_189_anc_5-4,0.000995,0.000000,0.000000,0.013212
Q_ind_190_anc_5-4,0.000622,0.000000,0.000000,0.008144
Q_ind_191_anc_5-4,0.000638,0.000000,0.000000,0.007453
Q_ind_192_anc_5-4,0.006099,0.000000,0.000000,0.091648
Q_ind_193_anc_5-4,0.009996,0.000000,0.000000,0.097937
Q_ind_194_anc_5-4,0.000140,0.000000,0.000000,0.001418
Q_ind_195_anc_5-4,0.000785,0.000000,0.000000,0.007973
Q_ind_196_anc_5-4,0.000104,0.000000,0.000000,0.000956
Q_ind_197_anc_5-4,0.000112,0.000000,0.000000,0.001091
Q_ind_198_anc_5-4,0.000139,0.000000,0.000000,0.001559
Q_ind_199_anc_5-4,0.002429,0.000000,0.000000,0.033890
Q_ind_200_anc_5-4,0.000212,0.000000,0.000000,0.002229
Q_ind_201_anc_5-4,0.004729,0.000000,0.000000,0.056057
Q_ind_202_anc_5-4,0.000763,0.000000,0.000000,0.010809
Q_ind_203_anc_5-4,0.001635,0.000000,0.000000,0.023968
Q_ind_204_anc_5-4,0.001539,0.000000,0.000000,0.023354
Q_ind_205_anc_5-4,0.002634,0.000000,0.000000,0.037274
Q_ind_206_anc_5-4,0.000409,0.000000,0.000000,0.005190
Q_ind_207_anc_5-4,0.001391,0.000000,0.000000,0.015679
Q_ind_208_anc_5-4,0.000912,0.000000,0.000000,0.010180
Q_ind_209_anc_5-4,0.019299,0.000020,0.000000,0.082129
Q_ind_210_anc_5-4,0.000284,0.000000,0.000000,0.003304
Q_ind_211_anc_5-4,0.005703,0.000000,0.000000,0.061156
Q_ind_212_anc_5-4,0.005865,0.000000,0.000000,0.081708
Q_ind_213_anc_5-4,0.002373,0.000000,0.000000,0.034891
Q_ind_214_anc_5-4,0.000591,0.000000,0.000000,0.005887
Q_ind_215_anc_5-4,0.000541,0.000000,0.000000,0.004991
Q_ind_216_anc_5-4,0.001020,0.000000,0.000000,0.013321
Q_ind_217_anc_5-4,0.000598,0.000000,0.000000,0.008164
Q_ind_218_anc_5-4,0.000223,0.000000,0.000000,0.002524
Q_ind_219_anc_5-4,0.000353,0.000000,0.000000,0.004423
Q_ind_220_anc_5-4,0.000560,0.000000,0.000000,0.005969
Q_ind_221_anc_5-4,0.000435,0.000000,0.000000,0.004731
Q_ind_222_anc_5-4,0.000826,0.000000,0.000000,0.009123
Q_ind_223_anc_5-4,0.005648,0.000000,0.000000,0.073630
Q_ind_224_anc_5-4,0.020777,0.000000,0.000000,0.113142
Q_ind_225_anc_5-4,0.001185,0.000000,0.000000,0.020230
Q_ind_226_anc_5-4,0.029227,0.000001,0.000000,0.127773
Q_ind_227_anc_5-4,0.004572,0.000000,0.000000,0.059944
Q_ind_228_anc_5-4,0.001185,0.000000,0.000000,0.015968
Q_ind_229_anc_5-4,0.000207,0.000000,0.000000,0.002612
Q_ind_230_anc_5-4,0.003897,0.000000,0.000000,0.054216
Q_ind_231_anc_5-4,0.001655,0.000000,0.000000,0.026287
Q_ind_232_anc_5-4,0.009115,0.000000,0.000000,0.077812
Q_ind_233_anc_5-4,0.019550,0.000000,0.000000,0.112481
Q_ind_234_anc_5-4,0.000219,0.000000,0.000000,0.002686
Q_ind_235_anc_5-4,0.000233,0.000000,0.000000,0.002855
Q_ind_236_anc_5-4,0.000916,0.000000,0.000000,0.013697
Q_ind_237_anc_5-4,0.000127,0.000000,0.000000,0.001475
Q_ind_238_anc_5-4,0.000335,0.000000,0.000000,0.003511
Q_ind_239_anc_5-4,0.000334,0.000000,0.000000,0.003902
Q_ind_240_anc_5-4,0.000196,0.000000,0.000000,0.002139
Q_ind_241_anc_5-4,0.000134,0.000000,0.000000,0.001278
Q_ind_242_anc_5-4,0.000788,0.000000,0.000000,0.011219
Q_ind_243_anc_5-4,0.000132,0.000000,0.000000,0.001377
Q_ind_244_anc_5-4,0.000611,0.000000,0.000000,0.007672
Q_ind_245_anc_5-4,0.000140,0.000000,0.000000,0.001115
Q_ind_1_anc_5-5,0.000116,0.000000,0.000000,0.001400
Q_ind_2_anc_5-5,0.000261,0.000000,0.000000,0.002458
Q_ind_3_anc_5-5,0.005771,0.000000,0.000000,0.058781
Q_ind_4_anc_5-5,0.001306,0.000000,0.000000,0.019187
Q_ind_5_anc_5-5,0.000080,0.000000,0.000000,0.000933
Q_ind_6_anc_5-5,0.000150,0.000000,0.000000,0.001612
Q_ind_7_anc_5-5,0.000213,0.000000,0.000000,0.002385
Q_ind_8_anc_5-5,0.001040,0.000000,0.000000,0.015480
Q_ind_9_anc_5-5,0.000994,0.000000,0.000000,0.014115
Q_ind_10_anc_5-5,0.000239,0.000000,0.000000,0.002874
Q_ind_11_anc_5-5,0.001246,0.000000,0.000000,0.018414
Q_ind_12_anc_5-5,0.000277,0.000000,0.000000,0.003375
Q_ind_13_anc_5-5,0.000099,0.000000,0.000000,0.001158
Q_ind_14_anc_5-5,0.000148,0.000000,0.000000,0.001201
Q_ind_15_anc_5-5,0.000240,0.000000,0.000000,0.003301
Q_ind_16_anc_5-5,0.000583,0.000000,0.000000,0.007175
Q_ind_17_anc_5-5,0.000097,0.000000,0.000000,0.001248
Q_ind_18_anc_5-5,0.000161,0.000000,0.000000,0.001668
Q_ind_19_anc_5-5,0.000093,0.000000,0.000000,0.001161
Q_ind_20_anc_5-5,0.000063,0.000000,0.000000,0.000729
Q_ind_21_anc_5-5,0.000204,0.000000,0.000000,0.002321
Q_ind_22_anc_5-5,0.000183,0.000000,0.000000,0.002389
Q_ind_23_anc_5-5,0.000086,0.000000,0.000000,0.001069
Q_ind_24_anc_5-5,0.000087,0.000000,0.000000,0.000994
Q_ind_25_anc_5-5,0.000087,0.000000,0.000000,0.000901
Q_ind_26_anc_5-5,0.000269,0.000000,0.000000,0.003875
Q_ind_27_anc_5-5,0.000114,0.000000,0.000000,0.001136
Q_ind_28_anc_5-5,0.000983,0.000000,0.000000,0.011238
Q_ind_29_anc_5-5,0.000577,0.000000,0.000000,0.007446
Q_ind_30_anc_5-5,0.000136,0.000000,0.000000,0.001554
Q_ind_31_anc_5-5,0.000665,0.000000,0.000000,0.007812
Q_ind_32_anc_5-5,0.000165,0.000000,0.000000,0.001645
Q_ind_33_anc_5-5,0.002266,0.000000,0.000000,0.022659
Q_ind_34_anc_5-5,0.000471,0.000000,0.000000,0.006251
Q_ind_35_anc_5-5,0.000115,0.000000,0.000000,0.001428
Q_ind_36_anc_5-5,0.000125,0.000000,0.000000,0.001503
Q_ind_37_anc_5-5,0.000319,0.000000,0.000000,0.003642
Q_ind_38_anc_5-5,0.000151,0.000000,0.000000,0.001429
Q_ind_39_anc_5-5,0.000042,0.000000,0.000000,0.000420
Q_ind_40_anc_5-5,0.000563,0.000000,0.000000,0.006337
Q_ind_41_anc_5-5,0.000144,0.000000,0.000000,0.001526
Q_ind_42_anc_5-5,0.000133,0.000000,0.000000,0.001465
Q_ind_43_anc_5-5,0.000317,0.000000,0.000000,0.003619
Q_ind_44_anc_5-5,0.000112,0.000000,0.000000,0.001171
Q_ind_45_anc_5-5,0.000181,0.000000,0.000000,0.002222
Q_ind_46_anc_5-5,0.000085,0.000000,0.000000,0.000876
Q_ind_47_anc_5-5,0.000286,0.000000,0.000000,0.003220
Q_ind_48_anc_5-5,0.000115,0.000000,0.000000,0.001359
Q_ind_49_anc_5-5,0.000128,0.000000,0.000000,0.001529
Q_ind_50_anc_5-5,0.000144,0.000000,0.000000,0.001525
Q_ind_51_anc_5-5,0.000125,0.000000,0.000000,0.001497
Q_ind_52_anc_5-5,0.000065,0.000000,0.000000,0.000669
Q_ind_53_anc_5-5,0.000049,0.000000,0.000000,0.000414
Q_ind_54_anc_5-5,0.000151,0.000000,0.000000,0.001707
Q_ind_55_anc_5-5,0.000076,0.000000,0.000000,0.000743
Q_ind_56_anc_5-5,0.000158,0.000000,0.000000,0.002007
Q_ind_57_anc_5-5,0.000056,0.000000,0.000000,0.000642
Q_ind_58_anc_5-5,0.000066,0.000000,0.000000,0.000740
Q_ind_59_anc_5-5,0.000221,0.000000,0.000000,0.002622
Q_ind_60_anc_5-5,0.000057,0.000000,0.000000,0.000681
Q_ind_61_anc_5-5,0.000083,0.000000,0.000000,0.000913
Q_ind_62_anc_5-5,0.000166,0.000000,0.000000,0.002075
Q_ind_63_anc_5-5,0.007947,0.000001,0.000000,0.036535
Q_ind_64_anc_5-5,0.002867,0.000000,0.000000,0.019314
Q_ind_65_anc_5-5,0.004892,0.000000,0.000000,0.028741
Q_ind_66_anc_5-5,0.000393,0.000000,0.000000,0.005215
Q_ind_67_anc_5-5,0.007485,0.000000,0.000000,0.063841
Q_ind_68_anc_5-5,0.000142,0.000000,0.000000,0.001604
Q_ind_69_anc_5-5,0.000165,0.000000,0.000000,0.001710
Q_ind_70_anc_5-5,0.000050,0.000000,0.000000,0.000591
Q_ind_71_anc_5-5,0.000141,0.000000,0.000000,0.001789
Q_ind_72_anc_5-5,0.000717,0.000000,0.000000,0.010744
Q_ind_73_anc_5-5,0.000758,0.000000,0.000000,0.010061
Q_ind_74_anc_5-5,0.000098,0.000000,0.000000,0.001034
Q_ind_75_anc_5-5,0.000138,0.000000,0.000000,0.001741
Q_ind_76_anc_5-5,0.000181,0.000000,0.000000,0.001827
Q_ind_77_anc_5-5,0.000161,0.000000,0.000000,0.001894
Q_ind_78_anc_5-5,0.000688,0.000000,0.000000,0.009625
Q_ind_79_anc_5-5,0.000190,0.000000,0.000000,0.001842
Q_ind_80_anc_5-5,0.000317,0.000000,0.000000,0.003812
Q_ind_81_anc_5-5,0.000108,0.000000,0.000000,0.001128
Q_ind_82_anc_5-5,0.000921,0.000000,0.000000,0.013236
Q_ind_83_anc_5-5,0.000129,0.000000,0.000000,0.001400
Q_ind_84_anc_5-5,0.000198,0.000000,0.000000,0.001898
Q_ind_85_anc_5-5,0.000264,0.000000,0.000000,0.003074
Q_ind_86_anc_5-5,0.000235,0.000000,0.000000,0.002545
Q_ind_87_anc_5-5,0.000413,0.000000,0.000000,0.005706
Q_ind_88_anc_5-5,0.000446,0.000000,0.000000,0.005034
Q_ind_89_anc_5-5,0.000755,0.000000,0.000000,0.010226
Q_ind_90_anc_5-5,0.000414,0.000000,0.000000,0.006055
Q_ind_91_anc_5-5,0.000347,0.000000,0.000000,0.004220
Q_ind_92_anc_5-5,0.000464,0.000000,0.000000,0.006314
Q_ind_93_anc_5-5,0.002533,0.000000,0.000000,0.028147
Q_ind_94_anc_5-5,0.000120,0.000000,0.000000,0.001322
Q_ind_95_anc_5-5,0.004287,0.000000,0.000000,0.037838
Q_ind_96_anc_5-5,0.000078,0.000000,0.000000,0.000896
Q_ind_97_anc_5-5,0.000173,0.000000,0.000000,0.001863
Q_ind_98_anc_5-5,0.000051,0.000000,0.000000,0.000601
Q_ind_99_anc_5-5,0.000063,0.000000,0.000000,0.000621
Q_ind_100_anc_5-5,0.000213,0.000000,0.000000,0.002602
Q_ind_101_anc_5-5,0.000059,0.000000,0.000000,0.000655
Q_ind_102_anc_5-5,0.000046,0.000000,0.000000,0.000544
Q_ind_103_anc_5-5,0.000116,0.000000,0.000000,0.001353
Q_ind_104_anc_5-5,0.000054,0.000000,0.000000,0.000602
Q_ind_105_anc_5-5,0.000040,0.000000,0.000000,0.000420
Q_ind_106_anc_5-5,0.000097,0.000000,0.000000,0.001008
Q_ind_107_anc_5-5,0.001510,0.000000,0.000000,0.023169
Q_ind_108_anc_5-5,0.001603,0.000000,0.000000,0.023983
Q_ind_109_anc_5-5,0.020100,0.000000,0.000000,0.099608
Q_ind_110_anc_5-5,0.053449,0.064119,0.000000,0.116278
Q_ind_111_anc_5-5,0.001824,0.000000,0.000000,0.026763
Q_ind_112_anc_5-5,0.000364,0.000000,0.000000,0.004361
Q_ind_113_anc_5-5,0.002280,0.000000,0.000000,0.031297
Q_ind_114_anc_5-5,0.002366,0.000000,0.000000,0.033351
Q_ind_115_anc_5-5,0.000135,0.000000,0.000000,0.001552
Q_ind_116_anc_5-5,0.000293,0.000000,0.000000,0.003778
Q_ind_117_anc_5-5,0.000217,0.000000,0.000000,0.002770
Q_ind_118_anc_5-5,0.000110,0.000000,0.000000,0.001176
Q_ind_119_anc_5-5,0.000254,0.000000,0.000000,0.003134
Q_ind_120_anc_5-5,0.000100,0.000000,0.000000,0.001216
Q_ind_121_anc_5-5,0.000394,0.000000,0.000000,0.004510
Q_ind_122_anc_5-5,0.000351,0.000000,0.000000,0.004491
Q_ind_123_anc_5-5,0.000174,0.000000,0.000000,0.002309
Q_ind_124_anc_5-5,0.000064,0.000000,0.000000,0.000568
Q_ind_125_anc_5-5,0.000479,0.000000,0.000000,0.006100
Q_ind_126_anc_5-5,0.000202,0.000000,0.000000,0.002415
Q_ind_127_anc_5-5,0.000131,0.000000,0.000000,0.001535
Q_ind_128_anc_5-5,0.000334,0.000000,0.000000,0.003869
Q_ind_129_anc_5-5,0.000178,0.000000,0.000000,0.001980
Q_ind_130_anc_5-5,0.000220,0.000000,0.000000,0.003012
Q_ind_131_anc_5-5,0.000076,0.000000,0.000000,0.000855
Q_ind_132_anc_5-5,0.000036,0.000000,0.000000,0.000382
Q_ind_133_anc_5-5,0.000213,0.000000,0.000000,0.002137
Q_ind_134_anc_5-5,0.000140,0.000000,0.000000,0.001544
Q_ind_135_anc_5-5,0.000367,0.000000,0.000000,0.004724
Q_ind_136_anc_5-5,0.000093,0.000000,0.000000,0.000927
Q_ind_137_anc_5-5,0.000137,0.000000,0.000000,0.001717
Q_ind_138_anc_5-5,0.000058,0.000000,0.000000,0.000763
Q_ind_139_anc_5-5,0.000132,0.000000,0.000000,0.001399
Q_ind_140_anc_5-5,0.000123,0.000000,0.000000,0.001289
Q_ind_141_anc_5-5,0.001870,0.000000,0.000000,0.026350
Q_ind_142_anc_5-5,0.000038,0.000000,0.000000,0.000413
Q_ind_143_anc_5-5,0.000238,0.000000,0.000000,0.003224
Q_ind_144_anc_5-5,0.000449,0.000000,0.000000,0.006285
Q_ind_145_anc_5-5,0.004127,0.000000,0.000000,0.023610
Q_ind_146_anc_5-5,0.001094,0.000000,0.000000,0.012409
Q_ind_147_anc_5-5,0.002848,0.000000,0.000000,0.025581
Q_ind_148_anc_5-5,0.000476,0.000000,0.000000,0.006537
Q_ind_149_anc_5-5,0.000135,0.000000,0.000000,0.001718
Q_ind_150_anc_5-5,0.004662,0.000000,0.000000,0.025545
Q_ind_151_anc_5-5,0.001512,0.000000,0.000000,0.017992
Q_ind_152_anc_5-5,0.000669,0.000000,0.000000,0.008971
Q_ind_153_anc_5-5,0.000580,0.000000,0.000000,0.007880
Q_ind_154_anc_5-5,0.002942,0.000000,0.000000,0.021889
Q_ind_155_anc_5-5,0.000053,0.000000,0.000000,0.000499
Q_ind_156_anc_5-5,0.000520,0.000000,0.000000,0.005063
Q_ind_157_anc_5-5,0.000202,0.000000,0.000000,0.002350
Q_ind_158_anc_5-5,0.000253,0.000000,0.000000,0.003095
Q_ind_159_anc_5-5,0.000141,0.000000,0.000000,0.001382
Q_ind_160_anc_5-5,0.000291,0.000000,0.000000,0.002754
Q_ind_161_anc_5-5,0.000184,0.000000,0.000000,0.001473
Q_ind_162_anc_5-5,0.000237,0.000000,0.000000,0.002867
Q_ind_163_anc_5-5,0.000124,0.000000,0.000000,0.001036
Q_ind_164_anc_5-5,0.001173,0.000000,0.000000,0.015799
Q_ind_165_anc_5-5,0.000164,0.000000,0.000000,0.001780
Q_ind_166_anc_5-5,0.000501,0.000000,0.000000,0.004277
Q_ind_167_anc_5-5,0.003203,0.000000,0.000000,0.049017
Q_ind_168_anc_5-5,0.000088,0.000000,0.000000,0.000977
Q_ind_169_anc_5-5,0.000042,0.000000,0.000000,0.000421
Q_ind_170_anc_5-5,0.002399,0.000000,0.000000,0.016583
Q_ind_171_anc_5-5,0.000170,0.000000,0.000000,0.001746
Q_ind_172_anc_5-5,0.000131,0.000000,0.000000,0.001396
Q_ind_173_anc_5-5,0.000076,0.000000,0.000000,0.000807
Q_ind_174_anc_5-5,0.000076,0.000000,0.000000,0.000760
Q_ind_175_anc_5-5,0.000063,0.000000,0.000000,0.000729
Q_ind_176_anc_5-5,0.000238,0.000000,0.000000,0.003111
Q_ind_177_anc_5-5,0.002648,0.000000,0.000000,0.028176
Q_ind_178_anc_5-5,0.000487,0.000000,0.000000,0.006067
Q_ind_179_anc_5-5,0.000542,0.000000,0.000000,0.007830
Q_ind_180_anc_5-5,0.020388,0.019806,0.000000,0.056129
Q_ind_181_anc_5-5,0.000719,0.000000,0.000000,0.009878
Q_ind_182_anc_5-5,0.000099,0.000000,0.000000,0.001137
Q_ind_183_anc_5-5,0.000301,0.000000,0.000000,0.003518
Q_ind_184_anc_5-5,0.000109,0.000000,0.000000,0.001096
Q_ind_185_anc_5-5,0.002035,0.000000,0.000000,0.024828
Q_ind_186_anc_5-5,0.000121,0.000000,0.000000,0.001269
Q_ind_187_anc_5-5,0.000590,0.000000,0.000000,0.008297
Q_ind_188_anc_5-5,0.000387,0.000000,0.000000,0.004972
Q_ind_189_anc_5-5,0.000834,0.000000,0.000000,0.009764
Q_ind_190_anc_5-5,0.000091,0.000000,0.000000,0.000955
Q_ind_191_anc_5-5,0.001066,0.000000,0.000000,0.013883
Q_ind_192_anc_5-5,0.188562,0.189296,0.108347,0.263662
Q_ind_193_anc_5-5,0.242457,0.241243,0.166220,0.327413
Q_ind_194_anc_5-5,0.998168,0.999155,0.989880,0.999994
Q_ind_195_anc_5-5,0.260204,0.260463,0.188741,0.332020
Q_ind_196_anc_5-5,0.998224,0.999102,0.991437,0.999993
Q_ind_197_anc_5-5,0.998218,0.999138,0.990894,0.999994
Q_ind_198_anc_5-5,0.997378,0.998903,0.985753,0.999992
Q_ind_199_anc_5-5,0.241232,0.240529,0.171033,0.317599
Q_ind_200_anc_5-5,0.997270,0.998730,0.985814,0.999993
Q_ind_201_anc_5-5,0.000032,0.000000,0.000000,0.000312
Q_ind_202_anc_5-5,0.272800,0.272454,0.197051,0.353100
Q_ind_203_anc_5-5,0.001066,0.000000,0.000000,0.016166
Q_ind_204_anc_5-5,0.004491,0.000000,0.000000,0.034122
Q_ind_205_anc_5-5,0.001157,0.000000,0.000000,0.016368
Q_ind_206_anc_5-5,0.000168,0.000000,0.000000,0.001693
Q_ind_207_anc_5-5,0.030409,0.032015,0.000000,0.071599
Q_ind_208_anc_5-5,0.000057,0.000000,0.000000,0.000514
Q_ind_209_anc_5-5,0.001949,0.000000,0.000000,0.026918
Q_ind_210_anc_5-5,0.001558,0.000000,0.000000,0.022485
Q_ind_211_anc_5-5,0.003016,0.000000,0.000000,0.030238
Q_ind_212_anc_5-5,0.000059,0.000000,0.000000,0.000642
Q_ind_213_anc_5-5,0.000111,0.000000,0.000000,0.001319
Q_ind_214_anc_5-5,0.000127,0.000000,0.000000,0.001499
Q_ind_215_anc_5-5,0.000074,0.000000,0.000000,0.000796
Q_ind_216_anc_5-5,0.000157,0.000000,0.000000,0.001588
Q_ind_217_anc_5-5,0.000107,0.000000,0.000000,0.001192
Q_ind_218_anc_5-5,0.000045,0.000000,0.000000,0.000475
Q_ind_219_anc_5-5,0.000086,0.000000,0.000000,0.000911
Q_ind_220_anc_5-5,0.000094,0.000000,0.000000,0.001102
Q_ind_221_anc_5-5,0.000108,0.000000,0.000000,0.001223
Q_ind_222_anc_5-5,0.000533,0.000000,0.000000,0.006880
Q_ind_223_anc_5-5,0.000081,0.000000,0.000000,0.000723
Q_ind_224_anc_5-5,0.000053,0.000000,0.000000,0.000556
Q_ind_225_anc_5-5,0.002059,0.000000,0.000000,0.028256
Q_ind_226_anc_5-5,0.000085,0.000000,0.000000,0.000978
Q_ind_227_anc_5-5,0.000852,0.000000,0.000000,0.013198
Q_ind_228_anc_5-5,0.002744,0.000000,0.000000,0.030367
Q_ind_229_anc_5-5,0.000275,0.000000,0.000000,0.003095
Q_ind_230_anc_5-5,0.000870,0.000000,0.000000,0.013537
Q_ind_231_anc_5-5,0.000071,0.000000,0.000000,0.000708
Q_ind_232_anc_5-5,0.000603,0.000000,0.000000,0.008776
Q_ind_233_anc_5-5,0.018055,0.008768,0.000000,0.064185
Q_ind_234_anc_5-5,0.000146,0.000000,0.000000,0.001574
Q_ind_235_anc_5-5,0.000083,0.000000,0.000000,0.000895
Q_ind_236_anc_5-5,0.000227,0.000000,0.000000,0.002884
Q_ind_237_anc_5-5,0.000163,0.000000,0.000000,0.002054
Q_ind_238_anc_5-5,0.000075,0.000000,0.000000,0.000684
Q_ind_239_anc_5-5,0.000168,0.000000,0.000000,0.001745
Q_ind_240_anc_5-5,0.000053,0.000000,0.000000,0.000595
Q_ind_241_anc_5-5,0.000108,0.000000,0.000000,0.001349
Q_ind_242_anc_5-5,0.000088,0.000000,0.000000,0.000958
Q_ind_243_anc_5-5,0.000064,0.000000,0.000000,0.000641
Q_ind_244_anc_5-5,0.000255,0.000000,0.000000,0.003670
Q_ind_245_anc_5-5,0.000051,0.000000,0.000000,0.000520
Q_ind_1_anc_6-1,0.040012,0.000131,0.000000,0.156246
Q_ind_2_anc_6-1,0.062326,0.006176,0.000000,0.211208
Q_ind_3_anc_6-1,0.000323,0.000000,0.000000,0.003842
Q_ind_4_anc_6-1,0.009157,0.000000,0.000000,0.082360
Q_ind_5_anc_6-1,0.019592,0.000000,0.000000,0.119416
Q_ind_6_anc_6-1,0.003177,0.000000,0.000000,0.048128
Q_ind_7_anc_6-1,0.002642,0.000000,0.000000,0.033312
Q_ind_8_anc_6-1,0.006345,0.000000,0.000000,0.068436
Q_ind_9_anc_6-1,0.009503,0.000000,0.000000,0.107893
Q_ind_10_anc_6-1,0.024565,0.000000,0.000000,0.135707
Q_ind_11_anc_6-1,0.048072,0.009398,0.000000,0.165569
Q_ind_12_anc_6-1,0.028789,0.000003,0.000000,0.133929
Q_ind_13_anc_6-1,0.003065,0.000000,0.000000,0.047690
Q_ind_14_anc_6-1,0.000768,0.000000,0.000000,0.010332
Q_ind_15_anc_6-1,0.000975,0.000000,0.000000,0.014337
Q_ind_16_anc_6-1,0.034107,0.001187,0.000000,0.130233
Q_ind_17_anc_6-1,0.001516,0.000000,0.000000,0.021345
Q_ind_18_anc_6-1,0.000783,0.000000,0.000000,0.009748
Q_ind_19_anc_6-1,0.000887,0.000000,0.000000,0.010990
Q_ind_20_anc_6-1,0.001305,0.000000,0.000000,0.018685
Q_ind_21_anc_6-1,0.000783,0.000000,0.000000,0.010398
Q_ind_22_anc_6-1,0.001380,0.000000,0.000000,0.016079
Q_ind_23_anc_6-1,0.002138,0.000000,0.000000,0.028318
Q_ind_24_anc_6-1,0.005551,0.000000,0.000000,0.083175
Q_ind_25_anc_6-1,0.013727,0.000000,0.000000,0.100382
Q_ind_26_anc_6-1,0.000264,0.000000,0.000000,0.003408
Q_ind_27_anc_6-1,0.000969,0.000000,0.000000,0.009661
Q_ind_28_anc_6-1,0.000682,0.000000,0.000000,0.009214
Q_ind_29_anc_6-1,0.001036,0.000000,0.000000,0.013428
Q_ind_30_anc_6-1,0.002853,0.000000,0.000000,0.041358
Q_ind_31_anc_6-1,0.988126,0.992951,0.949808,0.999935
Q_ind_32_anc_6-1,0.976704,0.986933,0.897244,0.999902
Q_ind_33_anc_6-1,0.959541,0.967666,0.878446,0.999504
Q_ind_34_anc_6-1,0.980658,0.989505,0.915676,0.999924
Q_ind_35_anc_6-1,0.982048,0.989771,0.922381,0.999922
Q_ind_36_anc_6-1,0.990268,0.996599,0.945461,0.999978
Q_ind_37_anc_6-1,0.973191,0.980802,0.911061,0.999767
Q_ind_38_anc_6-1,0.993854,0.997685,0.959130,0.999984
Q_ind_39_anc_6-1,0.409954,0.404687,0.298800,0.615603
Q_ind_40_anc_6-1,0.884951,0.889049,0.773946,0.971515
Q_ind_41_anc_6-1,0.800461,0.818722,0.633355,0.889600
Q_ind_42_anc_6-1,0.000315,0.000000,0.000000,0.003748
Q_ind_43_anc_6-1,0.001229,0.000000,0.000000,0.016933
Q_ind_44_anc_6-1,0.000545,0.000000,0.000000,0.005465
Q_ind_45_anc_6-1,0.000518,0.000000,0.000000,0.005728
Q_ind_46_anc_6-1,0.000782,0.000000,0.000000,0.011059
Q_ind_47_anc_6-1,0.000543,0.000000,0.000000,0.006706
Q_ind_48_anc_6-1,0.000553,0.000000,0.000000,0.005689
Q_ind_49_anc_6-1,0.000184,0.000000,0.000000,0.002086
Q_ind_50_anc_6-1,0.000228,0.000000,0.000000,0.002880
Q_ind_51_anc_6-1,0.000220,0.000000,0.000000,0.002293
Q_ind_52_anc_6-1,0.000180,0.000000,0.000000,0.001980
Q_ind_53_anc_6-1,0.000207,0.000000,0.000000,0.002591
Q_ind_54_anc_6-1,0.000295,0.000000,0.000000,0.003965
Q_ind_55_anc_6-1,0.000247,0.000000,0.000000,0.002866
Q_ind_56_anc_6-1,0.000296,0.000000,0.000000,0.003356
Q_ind_57_anc_6-1,0.000960,0.000000,0.000000,0.014642
Q_ind_58_anc_6-1,0.000270,0.000000,0.000000,0.003064
Q_ind_59_anc_6-1,0.000180,0.000000,0.000000,0.001561
Q_ind_60_anc_6-1,0.000216,0.000000,0.000000,0.002222
Q_ind_61_anc_6-1,0.000611,0.000000,0.000000,0.006676
Q_ind_62_anc_6-1,0.000398,0.000000,0.000000,0.004100
Q_ind_63_anc_6-1,0.000446,0.000000,0.000000,0.006394
Q_ind_64_anc_6-1,0.000148,0.000000,0.000000,0.001902
Q_ind_65_anc_6-1,0.000309,0.000000,0.000000,0.004059
Q_ind_66_anc_6-1,0.000245,0.000000,0.000000,0.003179
Q_ind_67_anc_6-1,0.000317,0.000000,0.000000,0.003338
Q_ind_68_anc_6-1,0.001169,0.000000,0.000000,0.016074
Q_ind_69_anc_6-1,0.000224,0.000000,0.000000,0.002367
Q_ind_70_anc_6-1,0.000227,0.000000,0.000000,0.002692
Q_ind_71_anc_6-1,0.001929,0.000000,0.000000,0.026513
Q_ind_72_anc_6-1,0.005289,0.000000,0.000000,0.050528
Q_ind_73_anc_6-1,0.000387,0.000000,0.000000,0.004587
Q_ind_74_anc_6-1,0.005410,0.000000,0.000000,0.061505
Q_ind_75_anc_6-1,0.000659,0.000000,0.000000,0.008082
Q_ind_76_anc_6-1,0.000841,0.000000,0.000000,0.011867
Q_ind_77_anc_6-1,0.001419,0.000000,0.000000,0.020639
Q_ind_78_anc_6-1,0.000708,0.000000,0.000000,0.009807
Q_ind_79_anc_6-1,0.000875,0.000000,0.000000,0.013164
Q_ind_80_anc_6-1,0.000364,0.000000,0.000000,0.003749
Q_ind_81_anc_6-1,0.001115,0.000000,0.000000,0.013289
Q_ind_82_anc_6-1,0.000830,0.000000,0.000000,0.012629
Q_ind_83_anc_6-1,0.001373,0.000000,0.000000,0.017233
Q_ind_84_anc_6-1,0.000458,0.000000,0.000000,0.006443
Q_ind_85_anc_6-1,0.000374,0.000000,0.000000,0.004446
Q_ind_86_anc_6-1,0.000286,0.000000,0.000000,0.003288
Q_ind_87_anc_6-1,0.001138,0.000000,0.000000,0.017736
Q_ind_88_anc_6-1,0.002086,0.000000,0.000000,0.022386
Q_ind_89_anc_6-1,0.313002,0.319892,0.186245,0.414006
Q_ind_90_anc_6-1,0.237313,0.238523,0.096408,0.379241
Q_ind_91_anc_6-1,0.177902,0.186443,0.031325,0.282861
Q_ind_92_anc_6-1,0.220694,0.233126,0.000000,0.380252
Q_ind_93_anc_6-1,0.096483,0.000073,0.000000,0.306047
Q_ind_94_anc_6-1,0.025273,0.000000,0.000000,0.171489
Q_ind_95_anc_6-1,0.001739,0.000000,0.000000,0.023255
Q_ind_96_anc_6-1,0.000148,0.000000,0.000000,0.001720
Q_ind_97_anc_6-1,0.000670,0.000000,0.000000,0.009343
Q_ind_98_anc_6-1,0.000225,0.000000,0.000000,0.002154
Q_ind_99_anc_6-1,0.001072,0.000000,0.000000,0.015896
Q_ind_100_anc_6-1,0.000151,0.000000,0.000000,0.001449
Q_ind_101_anc_6-1,0.000105,0.000000,0.000000,0.001290
Q_ind_102_anc_6-1,0.000109,0.000000,0.000000,0.001191
Q_ind_103_anc_6-1,0.000192,0.000000,0.000000,0.001975
Q_ind_104_anc_6-1,0.000114,0.000000,0.000000,0.001166
Q_ind_105_anc_6-1,0.000382,0.000000,0.000000,0.003848
Q_ind_106_anc_6-1,0.000506,0.000000,0.000000,0.006301
Q_ind_107_anc_6-1,0.135301,0.146024,0.000000,0.258011
Q_ind_108_anc_6-1,0.050894,0.036774,0.000000,0.168809
Q_ind_109_anc_6-1,0.015969,0.000000,0.000000,0.161161
Q_ind_110_anc_6-1,0.005942,0.000000,0.000000,0.075529
Q_ind_111_anc_6-1,0.080162,0.095010,0.000000,0.198043
Q_ind_112_anc_6-1,0.007167,0.000000,0.000000,0.106799
Q_ind_113_anc_6-1,0.019415,0.000000,0.000000,0.162663
Q_ind_114_anc_6-1,0.001289,0.000000,0.000000,0.015655
Q_ind_115_anc_6-1,0.000478,0.000000,0.000000,0.006215
Q_ind_116_anc_6-1,0.001173,0.000000,0.000000,0.016194
Q_ind_117_anc_6-1,0.001775,0.000000,0.000000,0.024787
Q_ind_118_anc_6-1,0.000601,0.000000,0.000000,0.007746
Q_ind_119_anc_6-1,0.000134,0.000000,0.000000,0.001304
Q_ind_120_anc_6-1,0.000488,0.000000,0.000000,0.006926
Q_ind_121_anc_6-1,0.002126,0.000000,0.000000,0.026776
Q_ind_122_anc_6-1,0.000267,0.000000,0.000000,0.003163
Q_ind_123_anc_6-1,0.001211,0.000000,0.000000,0.016432
Q_ind_124_anc_6-1,0.000236,0.000000,0.000000,0.001724
Q_ind_125_anc_6-1,0.005533,0.000000,0.000000,0.077996
Q_ind_126_anc_6-1,0.180349,0.182468,0.099961,0.249062
Q_ind_127_anc_6-1,0.036454,0.000357,0.000000,0.145847
Q_ind_128_anc_6-1,0.118260,0.118818,0.047257,0.185709
Q_ind_129_anc_6-1,0.009028,0.000000,0.000000,0.092702
Q_ind_130_anc_6-1,0.038997,0.001721,0.000000,0.159195
Q_ind_131_anc_6-1,0.000124,0.000000,0.000000,0.001502
Q_ind_132_anc_6-1,0.000381,0.000000,0.000000,0.004199
Q_ind_133_anc_6-1,0.001408,0.000000,0.000000,0.021469
Q_ind_134_anc_6-1,0.000662,0.000000,0.000000,0.008058
Q_ind_135_anc_6-1,0.008403,0.000000,0.000000,0.074036
Q_ind_136_anc_6-1,0.000379,0.000000,0.000000,0.004989
Q_ind_137_anc_6-1,0.001614,0.000000,0.000000,0.023228
Q_ind_138_anc_6-1,0.001622,0.000000,0.000000,0.022571
Q_ind_139_anc_6-1,0.025643,0.000323,0.000000,0.103691
Q_ind_140_anc_6-1,0.004226,0.000000,0.000000,0.049528
Q_ind_141_anc_6-1,0.005248,0.000000,0.000000,0.059811
Q_ind_142_anc_6-1,0.002432,0.000000,0.000000,0.032903
Q_ind_143_anc_6-1,0.089336,0.090951,0.000135,0.145687
Q_ind_144_anc_6-1,0.008602,0.000000,0.000000,0.065431
Q_ind_145_anc_6-1,0.000393,0.000000,0.000000,0.005659
Q_ind_146_anc_6-1,0.000589,0.000000,0.000000,0.008437
Q_ind_147_anc_6-1,0.000367,0.000000,0.000000,0.004428
Q_ind_148_anc_6-1,0.000602,0.000000,0.000000,0.008463
Q_ind_149_anc_6-1,0.000206,0.000000,0.000000,0.002439
Q_ind_150_anc_6-1,0.000635,0.000000,0.000000,0.009183
Q_ind_151_anc_6-1,0.000643,0.000000,0.000000,0.009326
Q_ind_152_anc_6-1,0.000178,0.000000,0.000000,0.002043
Q_ind_153_anc_6-1,0.000372,0.000000,0.000000,0.004755
Q_ind_154_anc_6-1,0.000838,0.000000,0.000000,0.012434
Q_ind_155_anc_6-1,0.000624,0.000000,0.000000,0.008316
Q_ind_156_anc_6-1,0.021549,0.000000,0.000000,0.120529
Q_ind_157_anc_6-1,0.000783,0.000000,0.000000,0.010110
Q_ind_158_anc_6-1,0.001735,0.000000,0.000000,0.024437
Q_ind_159_anc_6-1,0.000508,0.000000,0.000000,0.004600
Q_ind_160_anc_6-1,0.000517,0.000000,0.000000,0.006900
Q_ind_161_anc_6-1,0.000503,0.000000,0.000000,0.007359
Q_ind_162_anc_6-1,0.000979,0.000000,0.000000,0.012854
Q_ind_163_anc_6-1,0.000516,0.000000,0.000000,0.005829
Q_ind_164_anc_6-1,0.003647,0.000000,0.000000,0.048662
Q_ind_165_anc_6-1,0.003263,0.000000,0.000000,0.044732
Q_ind_166_anc_6-1,0.256780,0.258852,0.154032,0.350279
Q_ind_167_anc_6-1,0.015795,0.000000,0.000000,0.141487
Q_ind_168_anc_6-1,0.001654,0.000000,0.000000,0.022874
Q_ind_169_anc_6-1,0.003538,0.000000,0.000000,0.054108
Q_ind_170_anc_6-1,0.000726,0.000000,0.000000,0.010096
Q_ind_171_anc_6-1,0.000898,0.000000,0.000000,0.011969
Q_ind_172_anc_6-1,0.000083,0.000000,0.000000,0.000870
Q_ind_173_anc_6-1,0.000262,0.000000,0.000000,0.003057
Q_ind_174_anc_6-1,0.000433,0.000000,0.000000,0.005874
Q_ind_175_anc_6-1,0.001123,0.000000,0.000000,0.015284
Q_ind_176_anc_6-1,0.001346,0.000000,0.000000,0.019429
Q_ind_177_anc_6-1,0.000263,0.000000,0.000000,0.002890
Q_ind_178_anc_6-1,0.000760,0.000000,0.000000,0.010021
Q_ind_179_anc_6-1,0.000515,0.000000,0.000000,0.006171
Q_ind_180_anc_6-1,0.000386,0.000000,0.000000,0.004485
Q_ind_181_anc_6-1,0.003708,0.000000,0.000000,0.057137
Q_ind_182_anc_6-1,0.000860,0.000000,0.000000,0.011711
Q_ind_183_anc_6-1,0.000881,0.000000,0.000000,0.012811
Q_ind_184_anc_6-1,0.000496,0.000000,0.000000,0.005414
Q_ind_185_anc_6-1,0.003024,0.000000,0.000000,0.043053
Q_ind_186_anc_6-1,0.001585,0.000000,0.000000,0.021994
Q_ind_187_anc_6-1,0.007355,0.000000,0.000000,0.071922
Q_ind_188_anc_6-1,0.000917,0.000000,0.000000,0.011824
Q_ind_189_anc_6-1,0.000885,0.000000,0.000000,0.014009
Q_ind_190_anc_6-1,0.042019,0.000385,0.000000,0.147583
Q_ind_191_anc_6-1,0.006325,0.000000,0.000000,0.066736
Q_ind_192_anc_6-1,0.000260,0.000000,0.000000,0.003530
Q_ind_193_anc_6-1,0.015631,0.000000,0.000000,0.089776
Q_ind_194_anc_6-1,0.000051,0.000000,0.000000,0.000593
Q_ind_195_anc_6-1,0.000873,0.000000,0.000000,0.013220
Q_ind_196_anc_6-1,0.000053,0.000000,0.000000,0.000480
Q_ind_197_anc_6-1,0.000052,0.000000,0.000000,0.000527
Q_ind_198_anc_6-1,0.000103,0.000000,0.000000,0.001030
Q_ind_199_anc_6-1,0.000248,0.000000,0.000000,0.002556
Q_ind_200_anc_6-1,0.000072,0.000000,0.000000,0.000774
Q_ind_201_anc_6-1,0.000996,0.000000,0.000000,0.013064
Q_ind_202_anc_6-1,0.005007,0.000000,0.000000,0.052232
Q_ind_203_anc_6-1,0.390137,0.389545,0.292492,0.491645
Q_ind_204_anc_6-1,0.418651,0.419054,0.323267,0.511733
Q_ind_205_anc_6-1,0.405174,0.407530,0.298191,0.498835
Q_ind_206_anc_6-1,0.363157,0.364532,0.273223,0.444760
Q_ind_207_anc_6-1,0.453442,0.455556,0.342529,0.547495
Q_ind_208_anc_6-1,0.160467,0.160017,0.084745,0.244159
Q_ind_209_anc_6-1,0.407721,0.410027,0.305096,0.501646
Q_ind_210_anc_6-1,0.313106,0.320186,0.159514,0.429159
Q_ind_211_anc_6-1,0.412779,0.413663,0.303217,0.517784
Q_ind_212_anc_6-1,0.001775,0.000000,0.000000,0.021749
Q_ind_213_anc_6-1,0.003978,0.000000,0.000000,0.052645
Q_ind_214_anc_6-1,0.003808,0.000000,0.000000,0.058893
Q_ind_215_anc_6-1,0.001630,0.000000,0.000000,0.021692
Q_ind_216_anc_6-1,0.058917,0.000000,0.000000,0.244142
Q_ind_217_anc_6-1,0.000747,0.000000,0.000000,0.007514
Q_ind_218_anc_6-1,0.000212,0.000000,0.000000,0.002468
Q_ind_219_anc_6-1,0.021537,0.000000,0.000000,0.185978
Q_ind_220_anc_6-1,0.005009,0.000000,0.000000,0.088980
Q_ind_221_anc_6-1,0.000243,0.000000,0.000000,0.002615
Q_ind_222_anc_6-1,0.000487,0.000000,0.000000,0.005438
Q_ind_223_anc_6-1,0.005658,0.000000,0.000000,0.061174
Q_ind_224_anc_6-1,0.018109,0.000000,0.000000,0.109353
Q_ind_225_anc_6-1,0.000196,0.000000,0.000000,0.002258
Q_ind_226_anc_6-1,0.000464,0.000000,0.000000,0.005522
Q_ind_227_anc_6-1,0.000191,0.000000,0.000000,0.002224
Q_ind_228_anc_6-1,0.000608,0.000000,0.000000,0.008079
Q_ind_229_anc_6-1,0.000518,0.000000,0.000000,0.004872
Q_ind_230_anc_6-1,0.000625,0.000000,0.000000,0.008011
Q_ind_231_anc_6-1,0.000687,0.000000,0.000000,0.008945
Q_ind_232_anc_6-1,0.001759,0.000000,0.000000,0.027020
Q_ind_233_anc_6-1,0.000475,0.000000,0.000000,0.005958
Q_ind_234_anc_6-1,0.000211,0.000000,0.000000,0.002481
Q_ind_235_anc_6-1,0.000470,0.000000,0.000000,0.005530
Q_ind_236_anc_6-1,0.000319,0.000000,0.000000,0.003801
Q_ind_237_anc_6-1,0.000200,0.000000,0.000000,0.002298
Q_ind_238_anc_6-1,0.001106,0.000000,0.000000,0.014765
Q_ind_239_anc_6-1,0.000440,0.000000,0.000000,0.005821
Q_ind_240_anc_6-1,0.000521,0.000000,0.000000,0.007417
Q_ind_241_anc_6-1,0.000231,0.000000,0.000000,0.002615
Q_ind_242_anc_6-1,0.000691,0.000000,0.000000,0.009492
Q_ind_243_anc_6-1,0.000134,0.000000,0.000000,0.001311
Q_ind_244_anc_6-1,0.000188,0.000000,0.000000,0.001904
Q_ind_245_anc_6-1,0.000285,0.000000,0.000000,0.002311
Q_ind_1_anc_6-2,0.001636,0.000000,0.000000,0.023069
Q_ind_2_anc_6-2,0.000301,0.000000,0.000000,0.003184
Q_ind_3_anc_6-2,0.001125,0.000000,0.000000,0.017584
Q_ind_4_anc_6-2,0.001076,0.000000,0.000000,0.013167
Q_ind_5_anc_6-2,0.000779,0.000000,0.000000,0.008613
Q_ind_6_anc_6-2,0.000204,0.000000,0.000000,0.002018
Q_ind_7_anc_6-2,0.000676,0.000000,0.000000,0.007282
Q_ind_8_anc_6-2,0.000639,0.000000,0.000000,0.007594
Q_ind_9_anc_6-2,0.000319,0.000000,0.000000,0.003196
Q_ind_10_anc_6-2,0.000357,0.000000,0.000000,0.003659
Q_ind_11_anc_6-2,0.000523,0.000000,0.000000,0.006654
Q_ind_12_anc_6-2,0.000517,0.000000,0.000000,0.005689
Q_ind_13_anc_6-2,0.004429,0.000000,0.000000,0.049968
Q_ind_14_anc_6-2,0.001054,0.000000,0.000000,0.013515
Q_ind_15_anc_6-2,0.000211,0.000000,0.000000,0.002316
Q_ind_16_anc_6-2,0.000492,0.000000,0.000000,0.006628
Q_ind_17_anc_6-2,0.001778,0.000000,0.000000,0.025525
Q_ind_18_anc_6-2,0.011759,0.000000,0.000000,0.105328
Q_ind_19_anc_6-2,0.002887,0.000000,0.000000,0.046699
Q_ind_20_anc_6-2,0.004308,0.000000,0.000000,0.060865
Q_ind_21_anc_6-2,0.001200,0.000000,0.000000,0.018318
Q_ind_22_anc_6-2,0.000893,0.000000,0.000000,0.011953
Q_ind_23_anc_6-2,0.000558,0.000000,0.000000,0.006166
Q_ind_24_anc_6-2,0.000622,0.000000,0.000000,0.007350
Q_ind_25_anc_6-2,0.002705,0.000000,0.000000,0.036059
Q_ind_26_anc_6-2,0.000293,0.000000,0.000000,0.003415
Q_ind_27_anc_6-2,0.003800,0.000000,0.000000,0.061339
Q_ind_28_anc_6-2,0.000880,0.000000,0.000000,0.010707
Q_ind_29_anc_6-2,0.002062,0.000000,0.000000,0.026899
Q_ind_30_anc_6-2,0.001221,0.000000,0.000000,0.016371
Q_ind_31_anc_6-2,0.000144,0.000000,0.000000,0.001595
Q_ind_32_anc_6-2,0.000415,0.000000,0.000000,0.005159
Q_ind_33_anc_6-2,0.000351,0.000000,0.000000,0.003724
Q_ind_34_anc_6-2,0.000132,0.000000,0.000000,0.001393
Q_ind_35_anc_6-2,0.000239,0.000000,0.000000,0.002677
Q_ind_36_anc_6-2,0.000130,0.000000,0.000000,0.001108
Q_ind_37_anc_6-2,0.000527,0.000000,0.000000,0.005806
Q_ind_38_anc_6-2,0.000100,0.000000,0.000000,0.000961
Q_ind_39_anc_6-2,0.005595,0.000000,0.000000,0.073673
Q_ind_40_anc_6-2,0.004626,0.000000,0.000000,0.057710
Q_ind_41_anc_6-2,0.000511,0.000000,0.000000,0.004698
Q_ind_42_anc_6-2,0.000147,0.000000,0.000000,0.001094
Q_ind_43_anc_6-2,0.000864,0.000000,0.000000,0.010484
Q_ind_44_anc_6-2,0.000459,0.000000,0.000000,0.005635
Q_ind_45_anc_6-2,0.000498,0.000000,0.000000,0.005687
Q_ind_46_anc_6-2,0.000296,0.000000,0.000000,0.002582
Q_ind_47_anc_6-2,0.000345,0.000000,0.000000,0.004369
Q_ind_48_anc_6-2,0.000305,0.000000,0.000000,0.002108
Q_ind_49_anc_6-2,0.000436,0.000000,0.000000,0.005618
Q_ind_50_anc_6-2,0.000205,0.000000,0.000000,0.002312
Q_ind_51_anc_6-2,0.000565,0.000000,0.000000,0.006494
Q_ind_52_anc_6-2,0.000129,0.000000,0.000000,0.001294
Q_ind_53_anc_6-2,0.000201,0.000000,0.000000,0.001857
Q_ind_54_anc_6-2,0.000357,0.000000,0.000000,0.004283
Q_ind_55_anc_6-2,0.000244,0.000000,0.000000,0.002223
Q_ind_56_anc_6-2,0.000236,0.000000,0.000000,0.002982
Q_ind_57_anc_6-2,0.015152,0.000000,0.000000,0.104136
Q_ind_58_anc_6-2,0.000318,0.000000,0.000000,0.004148
Q_ind_59_anc_6-2,0.000241,0.000000,0.000000,0.002699
Q_ind_60_anc_6-2,0.000246,0.000000,0.000000,0.002246
Q_ind_61_anc_6-2,0.000778,0.000000,0.000000,0.009675
Q_ind_62_anc_6-2,0.000219,0.000000,0.000000,0.003054
Q_ind_63_anc_6-2,0.000068,0.000000,0.000000,0.000781
Q_ind_64_anc_6-2,0.000113,0.000000,0.000000,0.001209
Q_ind_65_anc_6-2,0.000125,0.000000,0.000000,0.001357
Q_ind_66_anc_6-2,0.000175,0.000000,0.000000,0.001510
Q_ind_67_anc_6-2,0.000238,0.000000,0.000000,0.002041
Q_ind_68_anc_6-2,0.000494,0.000000,0.000000,0.006099
Q_ind_69_anc_6-2,0.147745,0.153403,0.000000,0.269265
Q_ind_70_anc_6-2,0.164726,0.165825,0.065568,0.258295
Q_ind_71_anc_6-2,0.002377,0.000000,0.000000,0.033193
Q_ind_72_anc_6-2,0.000659,0.000000,0.000000,0.008681
Q_ind_73_anc_6-2,0.012094,0.000000,0.000000,0.096279
Q_ind_74_anc_6-2,0.062271,0.058399,0.000000,0.180028
Q_ind_75_anc_6-2,0.195092,0.193586,0.105403,0.298037
Q_ind_76_anc_6-2,0.002269,0.000000,0.000000,0.031985
Q_ind_77_anc_6-2,0.001209,0.000000,0.000000,0.018058
Q_ind_78_anc_6-2,0.000505,0.000000,0.000000,0.006711
Q_ind_79_anc_6-2,0.000268,0.000000,0.000000,0.002807
Q_ind_80_anc_6-2,0.001148,0.000000,0.000000,0.015326
Q_ind_81_anc_6-2,0.000237,0.000000,0.000000,0.003209
Q_ind_82_anc_6-2,0.000190,0.000000,0.000000,0.001766
Q_ind_83_anc_6-2,0.001047,0.000000,0.000000,0.014001
Q_ind_84_anc_6-2,0.000369,0.000000,0.000000,0.003538
Q_ind_85_anc_6-2,0.000259,0.000000,0.000000,0.002900
Q_ind_86_anc_6-2,0.000730,0.000000,0.000000,0.011023
Q_ind_87_anc_6-2,0.000527,0.000000,0.000000,0.006306
Q_ind_88_anc_6-2,0.000782,0.000000,0.000000,0.011328
Q_ind_89_anc_6-2,0.000834,0.000000,0.000000,0.009758
Q_ind_90_anc_6-2,0.001082,0.000000,0.000000,0.014250
Q_ind_91_anc_6-2,0.005177,0.000000,0.000000,0.064732
Q_ind_92_anc_6-2,0.004698,0.000000,0.000000,0.056614
Q_ind_93_anc_6-2,0.002494,0.000000,0.000000,0.032925
Q_ind_94_anc_6-2,0.002455,0.000000,0.000000,0.018929
Q_ind_95_anc_6-2,0.002668,0.000000,0.000000,0.040886
Q_ind_96_anc_6-2,0.000464,0.000000,0.000000,0.005690
Q_ind_97_anc_6-2,0.000260,0.000000,0.000000,0.002894
Q_ind_98_anc_6-2,0.001471,0.000000,0.000000,0.021457
Q_ind_99_anc_6-2,0.000909,0.000000,0.000000,0.012733
Q_ind_100_anc_6-2,0.000302,0.000000,0.000000,0.003852
Q_ind_101_anc_6-2,0.000119,0.000000,0.000000,0.001341
Q_ind_102_anc_6-2,0.000067,0.000000,0.000000,0.000754
Q_ind_103_anc_6-2,0.000233,0.000000,0.000000,0.003208
Q_ind_104_anc_6-2,0.000138,0.000000,0.000000,0.001325
Q_ind_105_anc_6-2,0.003047,0.000000,0.000000,0.039965
Q_ind_106_anc_6-2,0.001571,0.000000,0.000000,0.025019
Q_ind_107_anc_6-2,0.262048,0.270485,0.000000,0.448455
Q_ind_108_anc_6-2,0.488694,0.511762,0.179897,0.639353
Q_ind_109_anc_6-2,0.008746,0.000000,0.000000,0.110802
Q_ind_110_anc_6-2,0.221395,0.235971,0.000000,0.376615
Q_ind_111_anc_6-2,0.001221,0.000000,0.000000,0.016027
Q_ind_112_anc_6-2,0.240921,0.255189,0.000000,0.473509
Q_ind_113_anc_6-2,0.005060,0.000000,0.000000,0.068573
Q_ind_114_anc_6-2,0.012754,0.000000,0.000000,0.181135
Q_ind_115_anc_6-2,0.001456,0.000000,0.000000,0.021764
Q_ind_116_anc_6-2,0.001077,0.000000,0.000000,0.017663
Q_ind_117_anc_6-2,0.000760,0.000000,0.000000,0.009660
Q_ind_118_anc_6-2,0.001636,0.000000,0.000000,0.019126
Q_ind_119_anc_6-2,0.001210,0.000000,0.000000,0.013998
Q_ind_120_anc_6-2,0.000355,0.000000,0.000000,0.005035
Q_ind_121_anc_6-2,0.001370,0.000000,0.000000,0.021195
Q_ind_122_anc_6-2,0.000336,0.000000,0.000000,0.004432
Q_ind_123_anc_6-2,0.001125,0.000000,0.000000,0.014611
Q_ind_124_anc_6-2,0.000221,0.000000,0.000000,0.002403
Q_ind_125_anc_6-2,0.000758,0.000000,0.000000,0.010369
Q_ind_126_anc_6-2,0.000530,0.000000,0.000000,0.005767
Q_ind_127_anc_6-2,0.000453,0.000000,0.000000,0.003958
Q_ind_128_anc_6-2,0.000972,0.000000,0.000000,0.008597
Q_ind_129_anc_6-2,0.000489,0.000000,0.000000,0.006616
Q_ind_130_anc_6-2,0.000709,0.000000,0.000000,0.010597
Q_ind_131_anc_6-2,0.000507,0.000000,0.000000,0.006510
Q_ind_132_anc_6-2,0.006946,0.000000,0.000000,0.070288
Q_ind_133_anc_6-2,0.001524,0.000000,0.000000,0.023290
Q_ind_134_anc_6-2,0.017998,0.000000,0.000000,0.103376
Q_ind_135_anc_6-2,0.029974,0.004254,0.000000,0.107979
Q_ind_136_anc_6-2,0.007627,0.000000,0.000000,0.075703
Q_ind_137_anc_6-2,0.033218,0.000007,0.000000,0.131931
Q_ind_138_anc_6-2,0.000395,0.000000,0.000000,0.004152
Q_ind_139_anc_6-2,0.022759,0.000000,0.000000,0.147990
Q_ind_140_anc_6-2,0.012112,0.000000,0.000000,0.080430
Q_ind_141_anc_6-2,0.004889,0.000000,0.000000,0.062365
Q_ind_142_anc_6-2,0.004637,0.000000,0.000000,0.054178
Q_ind_143_anc_6-2,0.005724,0.000000,0.000000,0.089819
Q_ind_144_anc_6-2,0.000834,0.000000,0.000000,0.009608
Q_ind_145_anc_6-2,0.000188,0.000000,0.000000,0.002302
Q_ind_146_anc_6-2,0.000205,0.000000,0.000000,0.002394
Q_ind_147_anc_6-2,0.000229,0.000000,0.000000,0.003031
Q_ind_148_anc_6-2,0.001027,0.000000,0.000000,0.013156
Q_ind_149_anc_6-2,0.000189,0.000000,0.000000,0.002324
Q_ind_150_anc_6-2,0.000401,0.000000,0.000000,0.005704
Q_ind_151_anc_6-2,0.000437,0.000000,0.000000,0.006068
Q_ind_152_anc_6-2,0.000205,0.000000,0.000000,0.002076
Q_ind_153_anc_6-2,0.000276,0.000000,0.000000,0.003671
Q_ind_154_anc_6-2,0.000221,0.000000,0.000000,0.002201
Q_ind_155_anc_6-2,0.002600,0.000000,0.000000,0.031710
Q_ind_156_anc_6-2,0.000321,0.000000,0.000000,0.004201
Q_ind_157_anc_6-2,0.000672,0.000000,0.000000,0.008197
Q_ind_158_anc_6-2,0.000214,0.000000,0.000000,0.001737
Q_ind_159_anc_6-2,0.000419,0.000000,0.000000,0.004589
Q_ind_160_anc_6-2,0.000352,0.000000,0.000000,0.004859
Q_ind_161_anc_6-2,0.000295,0.000000,0.000000,0.003741
Q_ind_162_anc_6-2,0.000170,0.000000,0.000000,0.001944
Q_ind_163_anc_6-2,0.000247,0.000000,0.000000,0.002866
Q_ind_164_anc_6-2,0.000213,0.000000,0.000000,0.002428
Q_ind_165_anc_6-2,0.145739,0.162611,0.000000,0.266013
Q_ind_166_anc_6-2,0.003493,0.000000,0.000000,0.054020
Q_ind_167_anc_6-2,0.000533,0.000000,0.000000,0.004314
Q_ind_168_anc_6-2,0.010280,0.000000,0.000000,0.139685
Q_ind_169_anc_6-2,0.004693,0.000000,0.000000,0.061055
Q_ind_170_anc_6-2,0.000856,0.000000,0.000000,0.012605
Q_ind_171_anc_6-2,0.000975,0.000000,0.000000,0.014471
Q_ind_172_anc_6-2,0.000484,0.000000,0.000000,0.006338
Q_ind_173_anc_6-2,0.000498,0.000000,0.000000,0.006300
Q_ind_174_anc_6-2,0.000294,0.000000,0.000000,0.003920
Q_ind_175_anc_6-2,0.000459,0.000000,0.000000,0.006773
Q_ind_176_anc_6-2,0.057214,0.055412,0.000000,0.164599
Q_ind_177_anc_6-2,0.000300,0.000000,0.000000,0.003294
Q_ind_178_anc_6-2,0.000231,0.000000,0.000000,0.003011
Q_ind_179_anc_6-2,0.000198,0.000000,0.000000,0.001866
Q_ind_180_anc_6-2,0.000157,0.000000,0.000000,0.001881
Q_ind_181_anc_6-2,0.007131,0.000000,0.000000,0.088990
Q_ind_182_anc_6-2,0.000287,0.000000,0.000000,0.003362
Q_ind_183_anc_6-2,0.000145,0.000000,0.000000,0.001597
Q_ind_184_anc_6-2,0.000526,0.000000,0.000000,0.007811
Q_ind_185_anc_6-2,0.001031,0.000000,0.000000,0.011122
Q_ind_186_anc_6-2,0.001511,0.000000,0.000000,0.016842
Q_ind_187_anc_6-2,0.000376,0.000000,0.000000,0.004439
Q_ind_188_anc_6-2,0.002925,0.000000,0.000000,0.044684
Q_ind_189_anc_6-2,0.001188,0.000000,0.000000,0.015760
Q_ind_190_anc_6-2,0.039081,0.000002,0.000000,0.179048
Q_ind_191_anc_6-2,0.001143,0.000000,0.000000,0.015404
Q_ind_192_anc_6-2,0.000217,0.000000,0.000000,0.001805
Q_ind_193_anc_6-2,0.000501,0.000000,0.000000,0.007283
Q_ind_194_anc_6-2,0.000050,0.000000,0.000000,0.000448
Q_ind_195_anc_6-2,0.000238,0.000000,0.000000,0.002388
Q_ind_196_anc_6-2,0.000054,0.000000,0.000000,0.000519
Q_ind_197_anc_6-2,0.000045,0.000000,0.000000,0.000445
Q_ind_198_anc_6-2,0.000077,0.000000,0.000000,0.000963
Q_ind_199_anc_6-2,0.000128,0.000000,0.000000,0.001353
Q_ind_200_anc_6-2,0.000067,0.000000,0.000000,0.000590
Q_ind_201_anc_6-2,0.245558,0.245351,0.163539,0.328029
Q_ind_202_anc_6-2,0.000263,0.000000,0.000000,0.002395
Q_ind_203_anc_6-2,0.000391,0.000000,0.000000,0.003846
Q_ind_204_anc_6-2,0.000432,0.000000,0.000000,0.005497
Q_ind_205_anc_6-2,0.001051,0.000000,0.000000,0.014217
Q_ind_206_anc_6-2,0.000276,0.000000,0.000000,0.003266
Q_ind_207_anc_6-2,0.000381,0.000000,0.000000,0.004568
Q_ind_208_anc_6-2,0.312470,0.312945,0.222663,0.400544
Q_ind_209_anc_6-2,0.000742,0.000000,0.000000,0.010522
Q_ind_210_anc_6-2,0.320075,0.320019,0.236528,0.404359
Q_ind_211_anc_6-2,0.000678,0.000000,0.000000,0.008165
Q_ind_212_anc_6-2,0.195943,0.204663,0.000000,0.316224
Q_ind_213_anc_6-2,0.005346,0.000000,0.000000,0.092429
Q_ind_214_anc_6-2,0.006817,0.000000,0.000000,0.084367
Q_ind_215_anc_6-2,0.017260,0.000000,0.000000,0.150593
Q_ind_216_anc_6-2,0.049112,0.000011,0.000000,0.177841
Q_ind_217_anc_6-2,0.005265,0.000000,0.000000,0.066956
Q_ind_218_anc_6-2,0.001100,0.000000,0.000000,0.011420
Q_ind_219_anc_6-2,0.079125,0.092763,0.000000,0.191606
Q_ind_220_anc_6-2,0.008117,0.000000,0.000000,0.073805
Q_ind_221_anc_6-2,0.003634,0.000000,0.000000,0.055933
Q_ind_222_anc_6-2,0.106536,0.121858,0.000000,0.204422
Q_ind_223_anc_6-2,0.668115,0.668752,0.571848,0.761398
Q_ind_224_anc_6-2,0.021081,0.000000,0.000000,0.256420
Q_ind_225_anc_6-2,0.490168,0.523330,0.164123,0.642212
Q_ind_226_anc_6-2,0.543636,0.546930,0.407587,0.651385
Q_ind_227_anc_6-2,0.420725,0.417101,0.219576,0.620092
Q_ind_228_anc_6-2,0.375408,0.371708,0.190223,0.558996
Q_ind_229_anc_6-2,0.512598,0.523844,0.323957,0.669103
Q_ind_230_anc_6-2,0.490677,0.498760,0.324447,0.602728
Q_ind_231_anc_6-2,0.592895,0.595142,0.494732,0.681017
Q_ind_232_anc_6-2,0.585323,0.588859,0.478237,0.673802
Q_ind_233_anc_6-2,0.435937,0.447585,0.260819,0.561975
Q_ind_234_anc_6-2,0.000209,0.000000,0.000000,0.002570
Q_ind_235_anc_6-2,0.009972,0.000000,0.000000,0.083912
Q_ind_236_anc_6-2,0.001292,0.000000,0.000000,0.019611
Q_ind_237_anc_6-2,0.000584,0.000000,0.000000,0.008094
Q_ind_238_anc_6-2,0.024369,0.000000,0.000000,0.126564
Q_ind_239_anc_6-2,0.000688,0.000000,0.000000,0.009834
Q_ind_240_anc_6-2,0.190234,0.190394,0.114775,0.265995
Q_ind_241_anc_6-2,0.000963,0.000000,0.000000,0.010158
Q_ind_242_anc_6-2,0.002850,0.000000,0.000000,0.047441
Q_ind_243_anc_6-2,0.043652,0.000000,0.000000,0.211665
Q_ind_244_anc_6-2,0.000744,0.000000,0.000000,0.008462
Q_ind_245_anc_6-2,0.123270,0.144612,0.000000,0.273156
Q_ind_1_anc_6-3,0.167071,0.177346,0.000000,0.248127
Q_ind_2_anc_6-3,0.060519,0.000265,0.000000,0.213941
Q_ind_3_anc_6-3,0.075856,0.087880,0.000000,0.178559
Q_ind_4_anc_6-3,0.021877,0.000000,0.000000,0.118468
Q_ind_5_anc_6-3,0.170330,0.172697,0.080911,0.240274
Q_ind_6_anc_6-3,0.040276,0.000000,0.000000,0.194602
Q_ind_7_anc_6-3,0.000849,0.000000,0.000000,0.012625
Q_ind_8_anc_6-3,0.128829,0.140152,0.000000,0.214429
Q_ind_9_anc_6-3,0.033922,0.000000,0.000000,0.210177
Q_ind_10_anc_6-3,0.002083,0.000000,0.000000,0.030670
Q_ind_11_anc_6-3,0.032097,0.000251,0.000000,0.121310
Q_ind_12_anc_6-3,0.055097,0.000329,0.000000,0.188728
Q_ind_13_anc_6-3,0.001180,0.000000,0.000000,0.017720
Q_ind_14_anc_6-3,0.000789,0.000000,0.000000,0.011089
Q_ind_15_anc_6-3,0.000616,0.000000,0.000000,0.008576
Q_ind_16_anc_6-3,0.001175,0.000000,0.000000,0.017224
Q_ind_17_anc_6-3,0.000883,0.000000,0.000000,0.012747
Q_ind_18_anc_6-3,0.000656,0.000000,0.000000,0.008169
Q_ind_19_anc_6-3,0.000578,0.000000,0.000000,0.007848
Q_ind_20_anc_6-3,0.000359,0.000000,0.000000,0.003555
Q_ind_21_anc_6-3,0.001164,0.000000,0.000000,0.016425
Q_ind_22_anc_6-3,0.002183,0.000000,0.000000,0.030481
Q_ind_23_anc_6-3,0.001497,0.000000,0.000000,0.020650
Q_ind_24_anc_6-3,0.043193,0.016095,0.000000,0.141876
Q_ind_25_anc_6-3,0.000699,0.000000,0.000000,0.007910
Q_ind_26_anc_6-3,0.000543,0.000000,0.000000,0.005832
Q_ind_27_anc_6-3,0.001388,0.000000,0.000000,0.019365
Q_ind_28_anc_6-3,0.000908,0.000000,0.000000,0.014361
Q_ind_29_anc_6-3,0.002320,0.000000,0.000000,0.031290
Q_ind_30_anc_6-3,0.000453,0.000000,0.000000,0.004979
Q_ind_31_anc_6-3,0.000072,0.000000,0.000000,0.000749
Q_ind_32_anc_6-3,0.000310,0.000000,0.000000,0.003202
Q_ind_33_anc_6-3,0.000243,0.000000,0.000000,0.002877
Q_ind_34_anc_6-3,0.000210,0.000000,0.000000,0.002312
Q_ind_35_anc_6-3,0.000444,0.000000,0.000000,0.005439
Q_ind_36_anc_6-3,0.000124,0.000000,0.000000,0.001462
Q_ind_37_anc_6-3,0.000346,0.000000,0.000000,0.003431
Q_ind_38_anc_6-3,0.000088,0.000000,0.000000,0.001082
Q_ind_39_anc_6-3,0.000252,0.000000,0.000000,0.002149
Q_ind_40_anc_6-3,0.007662,0.000000,0.000000,0.067879
Q_ind_41_anc_6-3,0.010760,0.000000,0.000000,0.108413
Q_ind_42_anc_6-3,0.000233,0.000000,0.000000,0.002426
Q_ind_43_anc_6-3,0.000525,0.000000,0.000000,0.006151
Q_ind_44_anc_6-3,0.000321,0.000000,0.000000,0.004294
Q_ind_45_anc_6-3,0.000204,0.000000,0.000000,0.002637
Q_ind_46_anc_6-3,0.000313,0.000000,0.000000,0.003903
Q_ind_47_anc_6-3,0.000335,0.000000,0.000000,0.004634
Q_ind_48_anc_6-3,0.000456,0.000000,0.000000,0.006365
Q_ind_49_anc_6-3,0.000189,0.000000,0.000000,0.001803
Q_ind_50_anc_6-3,0.000109,0.000000,0.000000,0.001222
Q_ind_51_anc_6-3,0.000211,0.000000,0.000000,0.002563
Q_ind_52_anc_6-3,0.000155,0.000000,0.000000,0.001812
Q_ind_53_anc_6-3,0.000108,0.000000,0.000000,0.001243
Q_ind_54_anc_6-3,0.000156,0.000000,0.000000,0.001788
Q_ind_55_anc_6-3,0.000162,0.000000,0.000000,0.002071
Q_ind_56_anc_6-3,0.000334,0.000000,0.000000,0.004847
Q_ind_57_anc_6-3,0.000338,0.000000,0.000000,0.003536
Q_ind_58_anc_6-3,0.000120,0.000000,0.000000,0.001293
Q_ind_59_anc_6-3,0.000851,0.000000,0.000000,0.011295
Q_ind_60_anc_6-3,0.000151,0.000000,0.000000,0.001319
Q_ind_61_anc_6-3,0.000340,0.000000,0.000000,0.004068
Q_ind_62_anc_6-3,0.000880,0.000000,0.000000,0.013485
Q_ind_63_anc_6-3,0.000275,0.000000,0.000000,0.003800
Q_ind_64_anc_6-3,0.000345,0.000000,0.000000,0.004327
Q_ind_65_anc_6-3,0.000396,0.000000,0.000000,0.004288
Q_ind_66_anc_6-3,0.000621,0.000000,0.000000,0.007153
Q_ind_67_anc_6-3,0.008010,0.000000,0.000000,0.077359
Q_ind_68_anc_6-3,0.000618,0.000000,0.000000,0.007112
Q_ind_69_anc_6-3,0.000226,0.000000,0.000000,0.002383
Q_ind_70_anc_6-3,0.000201,0.000000,0.000000,0.002553
Q_ind_71_anc_6-3,0.000250,0.000000,0.000000,0.003120
Q_ind_72_anc_6-3,0.000682,0.000000,0.000000,0.008531
Q_ind_73_anc_6-3,0.000507,0.000000,0.000000,0.007029
Q_ind_74_anc_6-3,0.000549,0.000000,0.000000,0.006432
Q_ind_75_anc_6-3,0.000121,0.000000,0.000000,0.001281
Q_ind_76_anc_6-3,0.000323,0.000000,0.000000,0.003354
Q_ind_77_anc_6-3,0.007361,0.000000,0.000000,0.084094
Q_ind_78_anc_6-3,0.013212,0.000000,0.000000,0.123616
Q_ind_79_anc_6-3,0.000395,0.000000,0.000000,0.004610
Q_ind_80_anc_6-3,0.000451,0.000000,0.000000,0.005917
Q_ind_81_anc_6-3,0.001811,0.000000,0.000000,0.024446
Q_ind_82_anc_6-3,0.217553,0.220896,0.127022,0.275914
Q_ind_83_anc_6-3,0.133681,0.154162,0.000000,0.237472
Q_ind_84_anc_6-3,0.223684,0.225755,0.150835,0.278474
Q_ind_85_anc_6-3,0.193181,0.194774,0.131105,0.241479
Q_ind_86_anc_6-3,0.003548,0.000000,0.000000,0.046367
Q_ind_87_anc_6-3,0.122949,0.144952,0.000000,0.208376
Q_ind_88_anc_6-3,0.299373,0.300883,0.175599,0.420969
Q_ind_89_anc_6-3,0.003502,0.000000,0.000000,0.045601
Q_ind_90_anc_6-3,0.001724,0.000000,0.000000,0.023479
Q_ind_91_anc_6-3,0.020458,0.000000,0.000000,0.183861
Q_ind_92_anc_6-3,0.036897,0.000000,0.000000,0.208567
Q_ind_93_anc_6-3,0.006231,0.000000,0.000000,0.083513
Q_ind_94_anc_6-3,0.025253,0.000000,0.000000,0.184328
Q_ind_95_anc_6-3,0.122706,0.023014,0.000000,0.409083
Q_ind_96_anc_6-3,0.000377,0.000000,0.000000,0.005160
Q_ind_97_anc_6-3,0.000213,0.000000,0.000000,0.002233
Q_ind_98_anc_6-3,0.000136,0.000000,0.000000,0.001125
Q_ind_99_anc_6-3,0.000224,0.000000,0.000000,0.002829
Q_ind_100_anc_6-3,0.000174,0.000000,0.000000,0.001891
Q_ind_101_anc_6-3,0.000133,0.000000,0.000000,0.001464
Q_ind_102_anc_6-3,0.000068,0.000000,0.000000,0.000558
Q_ind_103_anc_6-3,0.000183,0.000000,0.000000,0.002122
Q_ind_104_anc_6-3,0.000075,0.000000,0.000000,0.000656
Q_ind_105_anc_6-3,0.000123,0.000000,0.000000,0.001229
Q_ind_106_anc_6-3,0.000802,0.000000,0.000000,0.011308
Q_ind_107_anc_6-3,0.000730,0.000000,0.000000,0.010174
Q_ind_108_anc_6-3,0.000360,0.000000,0.000000,0.004617
Q_ind_109_anc_6-3,0.000811,0.000000,0.000000,0.009711
Q_ind_110_anc_6-3,0.000608,0.000000,0.000000,0.008633
Q_ind_111_anc_6-3,0.000283,0.000000,0.000000,0.003167
Q_ind_112_anc_6-3,0.000421,0.000000,0.000000,0.005619
Q_ind_113_anc_6-3,0.000888,0.000000,0.000000,0.011887
Q_ind_114_anc_6-3,0.000245,0.000000,0.000000,0.002819
Q_ind_115_anc_6-3,0.001129,0.000000,0.000000,0.014531
Q_ind_116_anc_6-3,0.000223,0.000000,0.000000,0.002348
Q_ind_117_anc_6-3,0.000124,0.000000,0.000000,0.001467
Q_ind_118_anc_6-3,0.000129,0.000000,0.000000,0.001502
Q_ind_119_anc_6-3,0.000854,0.000000,0.000000,0.012153
Q_ind_120_anc_6-3,0.000131,0.000000,0.000000,0.001505
Q_ind_121_anc_6-3,0.000956,0.000000,0.000000,0.012867
Q_ind_122_anc_6-3,0.000211,0.000000,0.000000,0.002883
Q_ind_123_anc_6-3,0.000239,0.000000,0.000000,0.002363
Q_ind_124_anc_6-3,0.000143,0.000000,0.000000,0.001331
Q_ind_125_anc_6-3,0.002588,0.000000,0.000000,0.040047
Q_ind_126_anc_6-3,0.022728,0.000000,0.000000,0.130519
Q_ind_127_anc_6-3,0.000990,0.000000,0.000000,0.011363
Q_ind_128_anc_6-3,0.002667,0.000000,0.000000,0.040696
Q_ind_129_anc_6-3,0.053543,0.049797,0.000000,0.147157
Q_ind_130_anc_6-3,0.047330,0.025279,0.000000,0.152174
Q_ind_131_anc_6-3,0.000351,0.000000,0.000000,0.004610
Q_ind_132_anc_6-3,0.000082,0.000000,0.000000,0.000635
Q_ind_133_anc_6-3,0.000241,0.000000,0.000000,0.002558
Q_ind_134_anc_6-3,0.000256,0.000000,0.000000,0.003436
Q_ind_135_anc_6-3,0.000417,0.000000,0.000000,0.005333
Q_ind_136_anc_6-3,0.000253,0.000000,0.000000,0.003185
Q_ind_137_anc_6-3,0.000202,0.000000,0.000000,0.002470
Q_ind_138_anc_6-3,0.000167,0.000000,0.000000,0.002076
Q_ind_139_anc_6-3,0.000248,0.000000,0.000000,0.002830
Q_ind_140_anc_6-3,0.000196,0.000000,0.000000,0.002687
Q_ind_141_anc_6-3,0.000186,0.000000,0.000000,0.002283
Q_ind_142_anc_6-3,0.000204,0.000000,0.000000,0.002339
Q_ind_143_anc_6-3,0.000218,0.000000,0.000000,0.002205
Q_ind_144_anc_6-3,0.000140,0.000000,0.000000,0.001407
Q_ind_145_anc_6-3,0.000339,0.000000,0.000000,0.003870
Q_ind_146_anc_6-3,0.000315,0.000000,0.000000,0.003900
Q_ind_147_anc_6-3,0.000437,0.000000,0.000000,0.005498
Q_ind_148_anc_6-3,0.000585,0.000000,0.000000,0.008114
Q_ind_149_anc_6-3,0.108252,0.109613,0.000000,0.180944
Q_ind_150_anc_6-3,0.000195,0.000000,0.000000,0.001822
Q_ind_151_anc_6-3,0.000231,0.000000,0.000000,0.003041
Q_ind_152_anc_6-3,0.000330,0.000000,0.000000,0.003984
Q_ind_153_anc_6-3,0.000293,0.000000,0.000000,0.003694
Q_ind_154_anc_6-3,0.001045,0.000000,0.000000,0.015670
Q_ind_155_anc_6-3,0.194582,0.194711,0.110793,0.283317
Q_ind_156_anc_6-3,0.293588,0.298936,0.184924,0.376457
Q_ind_157_anc_6-3,0.209238,0.207889,0.143318,0.279820
Q_ind_158_anc_6-3,0.068992,0.000095,0.000000,0.236236
Q_ind_159_anc_6-3,0.145207,0.173611,0.000000,0.266237
Q_ind_160_anc_6-3,0.325341,0.329088,0.222728,0.408638
Q_ind_161_anc_6-3,0.270411,0.270257,0.201252,0.339510
Q_ind_162_anc_6-3,0.252093,0.260528,0.071530,0.333391
Q_ind_163_anc_6-3,0.253274,0.254271,0.179530,0.326644
Q_ind_164_anc_6-3,0.236057,0.236867,0.156561,0.311884
Q_ind_165_anc_6-3,0.000899,0.000000,0.000000,0.011286
Q_ind_166_anc_6-3,0.000415,0.000000,0.000000,0.005241
Q_ind_167_anc_6-3,0.000416,0.000000,0.000000,0.004821
Q_ind_168_anc_6-3,0.000577,0.000000,0.000000,0.006317
Q_ind_169_anc_6-3,0.000176,0.000000,0.000000,0.001593
Q_ind_170_anc_6-3,0.000416,0.000000,0.000000,0.004244
Q_ind_171_anc_6-3,0.001819,0.000000,0.000000,0.025498
Q_ind_172_anc_6-3,0.000097,0.000000,0.000000,0.001157
Q_ind_173_anc_6-3,0.000122,0.000000,0.000000,0.001134
Q_ind_174_anc_6-3,0.000132,0.000000,0.000000,0.001265
Q_ind_175_anc_6-3,0.000430,0.000000,0.000000,0.002735
Q_ind_176_anc_6-3,0.002086,0.000000,0.000000,0.027783
Q_ind_177_anc_6-3,0.011726,0.000000,0.000000,0.157292
Q_ind_178_anc_6-3,0.393314,0.409797,0.207963,0.471705
Q_ind_179_anc_6-3,0.407611,0.410685,0.280830,0.496642
Q_ind_180_anc_6-3,0.047550,0.003374,0.000000,0.191336
Q_ind_181_anc_6-3,0.035018,0.000000,0.000000,0.280308
Q_ind_182_anc_6-3,0.000828,0.000000,0.000000,0.010106
Q_ind_183_anc_6-3,0.209565,0.244916,0.000000,0.432959
Q_ind_184_anc_6-3,0.021018,0.000000,0.000000,0.277207
Q_ind_185_anc_6-3,0.000252,0.000000,0.000000,0.002219
Q_ind_186_anc_6-3,0.000282,0.000000,0.000000,0.003445
Q_ind_187_anc_6-3,0.000107,0.000000,0.000000,0.001142
Q_ind_188_anc_6-3,0.000160,0.000000,0.000000,0.002035
Q_ind_189_anc_6-3,0.000131,0.000000,0.000000,0.001366
Q_ind_190_anc_6-3,0.000659,0.000000,0.000000,0.008695
Q_ind_191_anc_6-3,0.000099,0.000000,0.000000,0.000933
Q_ind_192_anc_6-3,0.000146,0.000000,0.000000,0.001715
Q_ind_193_anc_6-3,0.000264,0.000000,0.000000,0.002431
Q_ind_194_anc_6-3,0.000047,0.000000,0.000000,0.000388
Q_ind_195_anc_6-3,0.000622,0.000000,0.000000,0.006639
Q_ind_196_anc_6-3,0.000066,0.000000,0.000000,0.000774
Q_ind_197_anc_6-3,0.000054,0.000000,0.000000,0.000504
Q_ind_198_anc_6-3,0.000086,0.000000,0.000000,0.000919
Q_ind_199_anc_6-3,0.000235,0.000000,0.000000,0.002735
Q_ind_200_anc_6-3,0.000064,0.000000,0.000000,0.000773
Q_ind_201_anc_6-3,0.000091,0.000000,0.000000,0.000806
Q_ind_202_anc_6-3,0.000361,0.000000,0.000000,0.004389
Q_ind_203_anc_6-3,0.006401,0.000000,0.000000,0.064016
Q_ind_204_anc_6-3,0.000633,0.000000,0.000000,0.007972
Q_ind_205_anc_6-3,0.000688,0.000000,0.000000,0.007959
Q_ind_206_anc_6-3,0.001111,0.000000,0.000000,0.014509
Q_ind_207_anc_6-3,0.003978,0.000000,0.000000,0.051651
Q_ind_208_anc_6-3,0.001315,0.000000,0.000000,0.016371
Q_ind_209_anc_6-3,0.000367,0.000000,0.000000,0.004997
Q_ind_210_anc_6-3,0.000310,0.000000,0.000000,0.004298
Q_ind_211_anc_6-3,0.001063,0.000000,0.000000,0.017002
Q_ind_212_anc_6-3,0.000426,0.000000,0.000000,0.005177
Q_ind_213_anc_6-3,0.001336,0.000000,0.000000,0.018134
Q_ind_214_anc_6-3,0.001518,0.000000,0.000000,0.021246
Q_ind_215_anc_6-3,0.000240,0.000000,0.000000,0.002810
Q_ind_216_anc_6-3,0.003198,0.000000,0.000000,0.052132
Q_ind_217_anc_6-3,0.000249,0.000000,0.000000,0.002962
Q_ind_218_anc_6-3,0.000204,0.000000,0.000000,0.002010
Q_ind_219_anc_6-3,0.000237,0.000000,0.000000,0.002215
Q_ind_220_anc_6-3,0.000511,0.000000,0.000000,0.005702
Q_ind_221_anc_6-3,0.000409,0.000000,0.000000,0.005763
Q_ind_222_anc_6-3,0.000642,0.000000,0.000000,0.008488
Q_ind_223_anc_6-3,0.009612,0.000000,0.000000,0.101599
Q_ind_224_anc_6-3,0.000340,0.000000,0.000000,0.004201
Q_ind_225_anc_6-3,0.000689,0.000000,0.000000,0.008957
Q_ind_226_anc_6-3,0.177793,0.180040,0.085895,0.246722
Q_ind_227_anc_6-3,0.001944,0.000000,0.000000,0.023720
Q_ind_228_anc_6-3,0.021498,0.000000,0.000000,0.137716
Q_ind_229_anc_6-3,0.004134,0.000000,0.000000,0.055515
Q_ind_230_anc_6-3,0.001012,0.000000,0.000000,0.011089
Q_ind_231_anc_6-3,0.213644,0.217488,0.121406,0.278964
Q_ind_232_anc_6-3,0.008400,0.000000,0.000000,0.067526
Q_ind_233_anc_6-3,0.000414,0.000000,0.000000,0.005052
Q_ind_234_anc_6-3,0.000217,0.000000,0.000000,0.002575
Q_ind_235_anc_6-3,0.000217,0.000000,0.000000,0.002093
Q_ind_236_anc_6-3,0.000194,0.000000,0.000000,0.002343
Q_ind_237_anc_6-3,0.000106,0.000000,0.000000,0.001391
Q_ind_238_anc_6-3,0.000204,0.000000,0.000000,0.002472
Q_ind_239_anc_6-3,0.000188,0.000000,0.000000,0.002254
Q_ind_240_anc_6-3,0.000163,0.000000,0.000000,0.002019
Q_ind_241_anc_6-3,0.000336,0.000000,0.000000,0.004224
Q_ind_242_anc_6-3,0.000718,0.000000,0.000000,0.009402
Q_ind_243_anc_6-3,0.000124,0.000000,0.000000,0.001447
Q_ind_244_anc_6-3,0.000273,0.000000,0.000000,0.003087
Q_ind_245_anc_6-3,0.000148,0.000000,0.000000,0.001458
Q_ind_1_anc_6-4,0.431412,0.435152,0.300063,0.562877
Q_ind_2_anc_6-4,0.320238,0.319221,0.188104,0.453576
Q_ind_3_anc_6-4,0.010873,0.000000,0.000000,0.128927
Q_ind_4_anc_6-4,0.005984,0.000000,0.000000,0.081898
Q_ind_5_anc_6-4,0.682050,0.685689,0.566566,0.778728
Q_ind_6_anc_6-4,0.058745,0.005944,0.000000,0.225205
Q_ind_7_anc_6-4,0.198347,0.199391,0.084859,0.307681
Q_ind_8_anc_6-4,0.109906,0.117329,0.000000,0.229301
Q_ind_9_anc_6-4,0.041011,0.000000,0.000000,0.268423
Q_ind_10_anc_6-4,0.007441,0.000000,0.000000,0.088877
Q_ind_11_anc_6-4,0.004196,0.000000,0.000000,0.046115
Q_ind_12_anc_6-4,0.002224,0.000000,0.000000,0.034648
Q_ind_13_anc_6-4,0.005166,0.000000,0.000000,0.065330
Q_ind_14_anc_6-4,0.000613,0.000000,0.000000,0.005534
Q_ind_15_anc_6-4,0.000540,0.000000,0.000000,0.005375
Q_ind_16_anc_6-4,0.002351,0.000000,0.000000,0.031055
Q_ind_17_anc_6-4,0.000539,0.000000,0.000000,0.005368
Q_ind_18_anc_6-4,0.000891,0.000000,0.000000,0.011763
Q_ind_19_anc_6-4,0.001664,0.000000,0.000000,0.024786
Q_ind_20_anc_6-4,0.004537,0.000000,0.000000,0.056040
Q_ind_21_anc_6-4,0.001341,0.000000,0.000000,0.016334
Q_ind_22_anc_6-4,0.000900,0.000000,0.000000,0.012435
Q_ind_23_anc_6-4,0.003110,0.000000,0.000000,0.043222
Q_ind_24_anc_6-4,0.012449,0.000000,0.000000,0.129270
Q_ind_25_anc_6-4,0.000979,0.000000,0.000000,0.009235
Q_ind_26_anc_6-4,0.000494,0.000000,0.000000,0.005769
Q_ind_27_anc_6-4,0.001210,0.000000,0.000000,0.016287
Q_ind_28_anc_6-4,0.001293,0.000000,0.000000,0.018778
Q_ind_29_anc_6-4,0.001389,0.000000,0.000000,0.014292
Q_ind_30_anc_6-4,0.000631,0.000000,0.000000,0.004547
Q_ind_31_anc_6-4,0.000234,0.000000,0.000000,0.003414
Q_ind_32_anc_6-4,0.000740,0.000000,0.000000,0.009019
Q_ind_33_anc_6-4,0.000930,0.000000,0.000000,0.014262
Q_ind_34_anc_6-4,0.000233,0.000000,0.000000,0.002737
Q_ind_35_anc_6-4,0.000411,0.000000,0.000000,0.004589
Q_ind_36_anc_6-4,0.000128,0.000000,0.000000,0.001345
Q_ind_37_anc_6-4,0.000277,0.000000,0.000000,0.003406
Q_ind_38_anc_6-4,0.000121,0.000000,0.000000,0.001512
Q_ind_39_anc_6-4,0.000538,0.000000,0.000000,0.007320
Q_ind_40_anc_6-4,0.006593,0.000000,0.000000,0.063859
Q_ind_41_anc_6-4,0.001602,0.000000,0.000000,0.021211
Q_ind_42_anc_6-4,0.000277,0.000000,0.000000,0.003062
Q_ind_43_anc_6-4,0.000371,0.000000,0.000000,0.004715
Q_ind_44_anc_6-4,0.000238,0.000000,0.000000,0.002901
Q_ind_45_anc_6-4,0.000258,0.000000,0.000000,0.002717
Q_ind_46_anc_6-4,0.000163,0.000000,0.000000,0.001856
Q_ind_47_anc_6-4,0.000196,0.000000,0.000000,0.001907
Q_ind_48_anc_6-4,0.000212,0.000000,0.000000,0.002196
Q_ind_49_anc_6-4,0.000167,0.000000,0.000000,0.001615
Q_ind_50_anc_6-4,0.000180,0.000000,0.000000,0.002065
Q_ind_51_anc_6-4,0.000323,0.000000,0.000000,0.004196
Q_ind_52_anc_6-4,0.000188,0.000000,0.000000,0.002257
Q_ind_53_anc_6-4,0.000221,0.000000,0.000000,0.002618
Q_ind_54_anc_6-4,0.000315,0.000000,0.000000,0.003477
Q_ind_55_anc_6-4,0.000164,0.000000,0.000000,0.001983
Q_ind_56_anc_6-4,0.000234,0.000000,0.000000,0.002322
Q_ind_57_anc_6-4,0.000744,0.000000,0.000000,0.009165
Q_ind_58_anc_6-4,0.000211,0.000000,0.000000,0.002550
Q_ind_59_anc_6-4,0.000663,0.000000,0.000000,0.009705
Q_ind_60_anc_6-4,0.000335,0.000000,0.000000,0.004326
Q_ind_61_anc_6-4,0.000407,0.000000,0.000000,0.005359
Q_ind_62_anc_6-4,0.000622,0.000000,0.000000,0.008203
Q_ind_63_anc_6-4,0.000323,0.000000,0.000000,0.003962
Q_ind_64_anc_6-4,0.000143,0.000000,0.000000,0.001545
Q_ind_65_anc_6-4,0.000231,0.000000,0.000000,0.002861
Q_ind_66_anc_6-4,0.000402,0.000000,0.000000,0.005439
Q_ind_67_anc_6-4,0.000259,0.000000,0.000000,0.003032
Q_ind_68_anc_6-4,0.000428,0.000000,0.000000,0.004924
Q_ind_69_anc_6-4,0.000400,0.000000,0.000000,0.004037
Q_ind_70_anc_6-4,0.000177,0.000000,0.000000,0.001969
Q_ind_71_anc_6-4,0.000414,0.000000,0.000000,0.005248
Q_ind_72_anc_6-4,0.003615,0.000000,0.000000,0.045780
Q_ind_73_anc_6-4,0.001706,0.000000,0.000000,0.022203
Q_ind_74_anc_6-4,0.000468,0.000000,0.000000,0.005618
Q_ind_75_anc_6-4,0.000256,0.000000,0.000000,0.003409
Q_ind_76_anc_6-4,0.001709,0.000000,0.000000,0.026073
Q_ind_77_anc_6-4,0.098861,0.036087,0.000000,0.286552
Q_ind_78_anc_6-4,0.048205,0.000015,0.000000,0.228536
Q_ind_79_anc_6-4,0.209276,0.206159,0.108014,0.322000
Q_ind_80_anc_6-4,0.259840,0.258060,0.160200,0.369461
Q_ind_81_anc_6-4,0.234763,0.236029,0.122550,0.339857
Q_ind_82_anc_6-4,0.005016,0.000000,0.000000,0.068368
Q_ind_83_anc_6-4,0.012851,0.000000,0.000000,0.156192
Q_ind_84_anc_6-4,0.001277,0.000000,0.000000,0.019861
Q_ind_85_anc_6-4,0.003669,0.000000,0.000000,0.050377
Q_ind_86_anc_6-4,0.170170,0.211350,0.000000,0.345318
Q_ind_87_anc_6-4,0.033571,0.000003,0.000000,0.215706
Q_ind_88_anc_6-4,0.000448,0.000000,0.000000,0.005378
Q_ind_89_anc_6-4,0.004459,0.000000,0.000000,0.075180
Q_ind_90_anc_6-4,0.006697,0.000000,0.000000,0.084658
Q_ind_91_anc_6-4,0.009458,0.000000,0.000000,0.080219
Q_ind_92_anc_6-4,0.004390,0.000000,0.000000,0.071405
Q_ind_93_anc_6-4,0.027106,0.000000,0.000000,0.195744
Q_ind_94_anc_6-4,0.188604,0.201460,0.000000,0.359677
Q_ind_95_anc_6-4,0.000711,0.000000,0.000000,0.010409
Q_ind_96_anc_6-4,0.000278,0.000000,0.000000,0.003351
Q_ind_97_anc_6-4,0.000331,0.000000,0.000000,0.003286
Q_ind_98_anc_6-4,0.000537,0.000000,0.000000,0.005906
Q_ind_99_anc_6-4,0.000544,0.000000,0.000000,0.006491
Q_ind_100_anc_6-4,0.000239,0.000000,0.000000,0.003439
Q_ind_101_anc_6-4,0.000144,0.000000,0.000000,0.001520
Q_ind_102_anc_6-4,0.000081,0.000000,0.000000,0.000710
Q_ind_103_anc_6-4,0.000126,0.000000,0.000000,0.001416
Q_ind_104_anc_6-4,0.000096,0.000000,0.000000,0.000979
Q_ind_105_anc_6-4,0.000230,0.000000,0.000000,0.002755
Q_ind_106_anc_6-4,0.000348,0.000000,0.000000,0.003697
Q_ind_107_anc_6-4,0.037962,0.000000,0.000000,0.233574
Q_ind_108_anc_6-4,0.043745,0.000000,0.000000,0.521870
Q_ind_109_anc_6-4,0.417951,0.428792,0.217589,0.563507
Q_ind_110_anc_6-4,0.141505,0.158946,0.000000,0.358742
Q_ind_111_anc_6-4,0.424248,0.420961,0.279918,0.562588
Q_ind_112_anc_6-4,0.228607,0.245900,0.000000,0.403117
Q_ind_113_anc_6-4,0.539067,0.563002,0.215799,0.681265
Q_ind_114_anc_6-4,0.178215,0.012895,0.000000,0.569773
Q_ind_115_anc_6-4,0.000307,0.000000,0.000000,0.003162
Q_ind_116_anc_6-4,0.000314,0.000000,0.000000,0.003438
Q_ind_117_anc_6-4,0.000190,0.000000,0.000000,0.001361
Q_ind_118_anc_6-4,0.000227,0.000000,0.000000,0.002789
Q_ind_119_anc_6-4,0.000431,0.000000,0.000000,0.005585
Q_ind_120_anc_6-4,0.000137,0.000000,0.000000,0.001689
Q_ind_121_anc_6-4,0.001059,0.000000,0.000000,0.014647
Q_ind_122_anc_6-4,0.000239,0.000000,0.000000,0.003136
Q_ind_123_anc_6-4,0.000767,0.000000,0.000000,0.010534
Q_ind_124_anc_6-4,0.000188,0.000000,0.000000,0.002245
Q_ind_125_anc_6-4,0.251809,0.254881,0.121400,0.370539
Q_ind_126_anc_6-4,0.001640,0.000000,0.000000,0.022089
Q_ind_127_anc_6-4,0.132262,0.156770,0.000000,0.310650
Q_ind_128_anc_6-4,0.008968,0.000000,0.000000,0.126074
Q_ind_129_anc_6-4,0.073384,0.013923,0.000000,0.253612
Q_ind_130_anc_6-4,0.133122,0.109327,0.000000,0.365431
Q_ind_131_anc_6-4,0.367708,0.368819,0.256328,0.475007
Q_ind_132_anc_6-4,0.489311,0.488689,0.383686,0.596309
Q_ind_133_anc_6-4,0.000913,0.000000,0.000000,0.013738
Q_ind_134_anc_6-4,0.002946,0.000000,0.000000,0.041115
Q_ind_135_anc_6-4,0.005520,0.000000,0.000000,0.062620
Q_ind_136_anc_6-4,0.002489,0.000000,0.000000,0.032047
Q_ind_137_anc_6-4,0.001413,0.000000,0.000000,0.013297
Q_ind_138_anc_6-4,0.364655,0.363479,0.268407,0.465928
Q_ind_139_anc_6-4,0.021158,0.000000,0.000000,0.141048
Q_ind_140_anc_6-4,0.001063,0.000000,0.000000,0.008956
Q_ind_141_anc_6-4,0.002779,0.000000,0.000000,0.043527
Q_ind_142_anc_6-4,0.001174,0.000000,0.000000,0.016143
Q_ind_143_anc_6-4,0.002909,0.000000,0.000000,0.048540
Q_ind_144_anc_6-4,0.000815,0.000000,0.000000,0.009971
Q_ind_145_anc_6-4,0.000240,0.000000,0.000000,0.003089
Q_ind_146_anc_6-4,0.003552,0.000000,0.000000,0.037325
Q_ind_147_anc_6-4,0.000358,0.000000,0.000000,0.004319
Q_ind_148_anc_6-4,0.005239,0.000000,0.000000,0.054451
Q_ind_149_anc_6-4,0.000170,0.000000,0.000000,0.002073
Q_ind_150_anc_6-4,0.000301,0.000000,0.000000,0.003863
Q_ind_151_anc_6-4,0.000269,0.000000,0.000000,0.003266
Q_ind_152_anc_6-4,0.000462,0.000000,0.000000,0.006530
Q_ind_153_anc_6-4,0.000307,0.000000,0.000000,0.003680
Q_ind_154_anc_6-4,0.001309,0.000000,0.000000,0.019109
Q_ind_155_anc_6-4,0.000367,0.000000,0.000000,0.003610
Q_ind_156_anc_6-4,0.001489,0.000000,0.000000,0.012920
Q_ind_157_anc_6-4,0.000600,0.000000,0.000000,0.006394
Q_ind_158_anc_6-4,0.000901,0.000000,0.000000,0.009110
Q_ind_159_anc_6-4,0.097021,0.108248,0.000000,0.225273
Q_ind_160_anc_6-4,0.001160,0.000000,0.000000,0.015554
Q_ind_161_anc_6-4,0.000165,0.000000,0.000000,0.002022
Q_ind_162_anc_6-4,0.004316,0.000000,0.000000,0.055069
Q_ind_163_anc_6-4,0.000369,0.000000,0.000000,0.005405
Q_ind_164_anc_6-4,0.001023,0.000000,0.000000,0.012887
Q_ind_165_anc_6-4,0.395009,0.404294,0.000000,0.704788
Q_ind_166_anc_6-4,0.010197,0.000000,0.000000,0.153382
Q_ind_167_anc_6-4,0.000450,0.000000,0.000000,0.004680
Q_ind_168_anc_6-4,0.024223,0.000000,0.000000,0.158883
Q_ind_169_anc_6-4,0.503283,0.505503,0.390926,0.601577
Q_ind_170_anc_6-4,0.001730,0.000000,0.000000,0.025680
Q_ind_171_anc_6-4,0.000668,0.000000,0.000000,0.007782
Q_ind_172_anc_6-4,0.000228,0.000000,0.000000,0.002867
Q_ind_173_anc_6-4,0.000283,0.000000,0.000000,0.003001
Q_ind_174_anc_6-4,0.000414,0.000000,0.000000,0.004169
Q_ind_175_anc_6-4,0.209379,0.209276,0.100741,0.317435
Q_ind_176_anc_6-4,0.501634,0.501411,0.367136,0.640295
Q_ind_177_anc_6-4,0.561280,0.573129,0.362821,0.658323
Q_ind_178_anc_6-4,0.034406,0.000000,0.000000,0.270261
Q_ind_179_anc_6-4,0.143399,0.152087,0.000000,0.369255
Q_ind_180_anc_6-4,0.001529,0.000000,0.000000,0.017117
Q_ind_181_anc_6-4,0.473615,0.528752,0.000000,0.646210
Q_ind_182_anc_6-4,0.371414,0.454230,0.000000,0.616827
Q_ind_183_anc_6-4,0.286678,0.286900,0.000000,0.571072
Q_ind_184_anc_6-4,0.496219,0.510898,0.268921,0.600059
Q_ind_185_anc_6-4,0.001517,0.000000,0.000000,0.017534
Q_ind_186_anc_6-4,0.001093,0.000000,0.000000,0.013596
Q_ind_187_anc_6-4,0.001477,0.000000,0.000000,0.016752
Q_ind_188_anc_6-4,0.002196,0.000000,0.000000,0.027750
Q_ind_189_anc_6-4,0.001613,0.000000,0.000000,0.024896
Q_ind_190_anc_6-4,0.001404,0.000000,0.000000,0.018428
Q_ind_191_anc_6-4,0.001266,0.000000,0.000000,0.007300
Q_ind_192_anc_6-4,0.000149,0.000000,0.000000,0.001829
Q_ind_193_anc_6-4,0.001284,0.000000,0.000000,0.016656
Q_ind_194_anc_6-4,0.000047,0.000000,0.000000,0.000465
Q_ind_195_anc_6-4,0.000260,0.000000,0.000000,0.002697
Q_ind_196_anc_6-4,0.000050,0.000000,0.000000,0.000563
Q_ind_197_anc_6-4,0.000047,0.000000,0.000000,0.000520
Q_ind_198_anc_6-4,0.000102,0.000000,0.000000,0.001069
Q_ind_199_anc_6-4,0.000161,0.000000,0.000000,0.001659
Q_ind_200_anc_6-4,0.000093,0.000000,0.000000,0.001074
Q_ind_201_anc_6-4,0.000555,0.000000,0.000000,0.006091
Q_ind_202_anc_6-4,0.000391,0.000000,0.000000,0.005002
Q_ind_203_anc_6-4,0.000441,0.000000,0.000000,0.004235
Q_ind_204_anc_6-4,0.000579,0.000000,0.000000,0.007491
Q_ind_205_anc_6-4,0.000537,0.000000,0.000000,0.005152
Q_ind_206_anc_6-4,0.000453,0.000000,0.000000,0.005012
Q_ind_207_anc_6-4,0.000745,0.000000,0.000000,0.008983
Q_ind_208_anc_6-4,0.258992,0.291800,0.000081,0.418192
Q_ind_209_anc_6-4,0.001741,0.000000,0.000000,0.025692
Q_ind_210_anc_6-4,0.001463,0.000000,0.000000,0.020205
Q_ind_211_anc_6-4,0.007883,0.000000,0.000000,0.081072
Q_ind_212_anc_6-4,0.000724,0.000000,0.000000,0.010395
Q_ind_213_anc_6-4,0.009468,0.000000,0.000000,0.097758
Q_ind_214_anc_6-4,0.021415,0.000000,0.000000,0.161711
Q_ind_215_anc_6-4,0.137004,0.157658,0.000000,0.283285
Q_ind_216_anc_6-4,0.006894,0.000000,0.000000,0.094415
Q_ind_217_anc_6-4,0.004972,0.000000,0.000000,0.068976
Q_ind_218_anc_6-4,0.082257,0.082655,0.000000,0.224524
Q_ind_219_anc_6-4,0.006239,0.000000,0.000000,0.102345
Q_ind_220_anc_6-4,0.001557,0.000000,0.000000,0.020380
Q_ind_221_anc_6-4,0.007727,0.000000,0.000000,0.104673
Q_ind_222_anc_6-4,0.030334,0.000000,0.000000,0.184139
Q_ind_223_anc_6-4,0.097015,0.109867,0.000000,0.213022
Q_ind_224_anc_6-4,0.254299,0.258132,0.093343,0.380038
Q_ind_225_anc_6-4,0.000764,0.000000,0.000000,0.009749
Q_ind_226_anc_6-4,0.093851,0.094712,0.000000,0.253216
Q_ind_227_anc_6-4,0.003199,0.000000,0.000000,0.045053
Q_ind_228_anc_6-4,0.002491,0.000000,0.000000,0.033630
Q_ind_229_anc_6-4,0.000353,0.000000,0.000000,0.003518
Q_ind_230_anc_6-4,0.003199,0.000000,0.000000,0.042636
Q_ind_231_anc_6-4,0.046041,0.025975,0.000000,0.164511
Q_ind_232_anc_6-4,0.018465,0.000000,0.000000,0.137882
Q_ind_233_anc_6-4,0.012439,0.000000,0.000000,0.141409
Q_ind_234_anc_6-4,0.000118,0.000000,0.000000,0.001331
Q_ind_235_anc_6-4,0.001203,0.000000,0.000000,0.017526
Q_ind_236_anc_6-4,0.000805,0.000000,0.000000,0.011611
Q_ind_237_anc_6-4,0.000177,0.000000,0.000000,0.001991
Q_ind_238_anc_6-4,0.000605,0.000000,0.000000,0.008010
Q_ind_239_anc_6-4,0.000662,0.000000,0.000000,0.008213
Q_ind_240_anc_6-4,0.000423,0.000000,0.000000,0.005213
Q_ind_241_anc_6-4,0.000328,0.000000,0.000000,0.003886
Q_ind_242_anc_6-4,0.001268,0.000000,0.000000,0.017140
Q_ind_243_anc_6-4,0.000178,0.000000,0.000000,0.001711
Q_ind_244_anc_6-4,0.000598,0.000000,0.000000,0.005576
Q_ind_245_anc_6-4,0.000134,0.000000,0.000000,0.001299
Q_ind_1_anc_6-5,0.173566,0.172625,0.100338,0.249624
Q_ind_2_anc_6-5,0.036452,0.000012,0.000000,0.154646
Q_ind_3_anc_6-5,0.071550,0.002910,0.000000,0.227793
Q_ind_4_anc_6-5,0.205143,0.208820,0.101837,0.289415
Q_ind_5_anc_6-5,0.060160,0.066044,0.000000,0.142077
Q_ind_6_anc_6-5,0.001950,0.000000,0.000000,0.025612
Q_ind_7_anc_6-5,0.114155,0.113766,0.039983,0.193228
Q_ind_8_anc_6-5,0.100309,0.112507,0.000000,0.192955
Q_ind_9_anc_6-5,0.044888,0.000047,0.000000,0.173222
Q_ind_10_anc_6-5,0.000757,0.000000,0.000000,0.008540
Q_ind_11_anc_6-5,0.138513,0.147749,0.000000,0.245628
Q_ind_12_anc_6-5,0.092290,0.107793,0.000000,0.201533
Q_ind_13_anc_6-5,0.000364,0.000000,0.000000,0.004637
Q_ind_14_anc_6-5,0.000247,0.000000,0.000000,0.002507
Q_ind_15_anc_6-5,0.000508,0.000000,0.000000,0.006674
Q_ind_16_anc_6-5,0.000211,0.000000,0.000000,0.002135
Q_ind_17_anc_6-5,0.000420,0.000000,0.000000,0.004704
Q_ind_18_anc_6-5,0.000653,0.000000,0.000000,0.009518
Q_ind_19_anc_6-5,0.000109,0.000000,0.000000,0.001348
Q_ind_20_anc_6-5,0.000377,0.000000,0.000000,0.004666
Q_ind_21_anc_6-5,0.000392,0.000000,0.000000,0.004844
Q_ind_22_anc_6-5,0.000228,0.000000,0.000000,0.002523
Q_ind_23_anc_6-5,0.000469,0.000000,0.000000,0.007075
Q_ind_24_anc_6-5,0.000661,0.000000,0.000000,0.009519
Q_ind_25_anc_6-5,0.000151,0.000000,0.000000,0.001432
Q_ind_26_anc_6-5,0.000313,0.000000,0.000000,0.003714
Q_ind_27_anc_6-5,0.000296,0.000000,0.000000,0.003644
Q_ind_28_anc_6-5,0.001580,0.000000,0.000000,0.024375
Q_ind_29_anc_6-5,0.000132,0.000000,0.000000,0.001394
Q_ind_30_anc_6-5,0.000513,0.000000,0.000000,0.007260
Q_ind_31_anc_6-5,0.000367,0.000000,0.000000,0.005164
Q_ind_32_anc_6-5,0.000422,0.000000,0.000000,0.005560
Q_ind_33_anc_6-5,0.002028,0.000000,0.000000,0.028906
Q_ind_34_anc_6-5,0.000502,0.000000,0.000000,0.007626
Q_ind_35_anc_6-5,0.000352,0.000000,0.000000,0.004476
Q_ind_36_anc_6-5,0.000168,0.000000,0.000000,0.001535
Q_ind_37_anc_6-5,0.000578,0.000000,0.000000,0.006663
Q_ind_38_anc_6-5,0.000198,0.000000,0.000000,0.002279
Q_ind_39_anc_6-5,0.000386,0.000000,0.000000,0.004860
Q_ind_40_anc_6-5,0.001539,0.000000,0.000000,0.019735
Q_ind_41_anc_6-5,0.002733,0.000000,0.000000,0.035373
Q_ind_42_anc_6-5,0.000170,0.000000,0.000000,0.001998
Q_ind_43_anc_6-5,0.000231,0.000000,0.000000,0.002730
Q_ind_44_anc_6-5,0.000211,0.000000,0.000000,0.002393
Q_ind_45_anc_6-5,0.000338,0.000000,0.000000,0.003447
Q_ind_46_anc_6-5,0.000086,0.000000,0.000000,0.000753
Q_ind_47_anc_6-5,0.000265,0.000000,0.000000,0.002661
Q_ind_48_anc_6-5,0.000232,0.000000,0.000000,0.002590
Q_ind_49_anc_6-5,0.000114,0.000000,0.000000,0.001066
Q_ind_50_anc_6-5,0.000219,0.000000,0.000000,0.002544
Q_ind_51_anc_6-5,0.000124,0.000000,0.000000,0.001569
Q_ind_52_anc_6-5,0.000089,0.000000,0.000000,0.000923
Q_ind_53_anc_6-5,0.000090,0.000000,0.000000,0.000961
Q_ind_54_anc_6-5,0.000170,0.000000,0.000000,0.001928
Q_ind_55_anc_6-5,0.000121,0.000000,0.000000,0.001344
Q_ind_56_anc_6-5,0.000111,0.000000,0.000000,0.001219
Q_ind_57_anc_6-5,0.000119,0.000000,0.000000,0.001207
Q_ind_58_anc_6-5,0.000147,0.000000,0.000000,0.001457
Q_ind_59_anc_6-5,0.000194,0.000000,0.000000,0.002104
Q_ind_60_anc_6-5,0.000081,0.000000,0.000000,0.000882
Q_ind_61_anc_6-5,0.000336,0.000000,0.000000,0.004422
Q_ind_62_anc_6-5,0.000213,0.000000,0.000000,0.002093
Q_ind_63_anc_6-5,0.001447,0.000000,0.000000,0.016898
Q_ind_64_anc_6-5,0.000499,0.000000,0.000000,0.006407
Q_ind_65_anc_6-5,0.001283,0.000000,0.000000,0.017118
Q_ind_66_anc_6-5,0.000520,0.000000,0.000000,0.007318
Q_ind_67_anc_6-5,0.020672,0.000000,0.000000,0.100726
Q_ind_68_anc_6-5,0.000222,0.000000,0.000000,0.002787
Q_ind_69_anc_6-5,0.000478,0.000000,0.000000,0.006173
Q_ind_70_anc_6-5,0.000206,0.000000,0.000000,0.002049
Q_ind_71_anc_6-5,0.000217,0.000000,0.000000,0.002248
Q_ind_72_anc_6-5,0.000602,0.000000,0.000000,0.008000
Q_ind_73_anc_6-5,0.000543,0.000000,0.000000,0.007639
Q_ind_74_anc_6-5,0.000971,0.000000,0.000000,0.010860
Q_ind_75_anc_6-5,0.000506,0.000000,0.000000,0.005589
Q_ind_76_anc_6-5,0.000257,0.000000,0.000000,0.002938
Q_ind_77_anc_6-5,0.002634,0.000000,0.000000,0.033430
Q_ind_78_anc_6-5,0.004211,0.000000,0.000000,0.047008
Q_ind_79_anc_6-5,0.001013,0.000000,0.000000,0.013227
Q_ind_80_anc_6-5,0.002867,0.000000,0.000000,0.039713
Q_ind_81_anc_6-5,0.000370,0.000000,0.000000,0.003453
Q_ind_82_anc_6-5,0.000561,0.000000,0.000000,0.006557
Q_ind_83_anc_6-5,0.000399,0.000000,0.000000,0.004908
Q_ind_84_anc_6-5,0.000512,0.000000,0.000000,0.005973
Q_ind_85_anc_6-5,0.000797,0.000000,0.000000,0.009829
Q_ind_86_anc_6-5,0.000368,0.000000,0.000000,0.004747
Q_ind_87_anc_6-5,0.005558,0.000000,0.000000,0.069206
Q_ind_88_anc_6-5,0.000439,0.000000,0.000000,0.003831
Q_ind_89_anc_6-5,0.000405,0.000000,0.000000,0.005586
Q_ind_90_anc_6-5,0.000266,0.000000,0.000000,0.003157
Q_ind_91_anc_6-5,0.000443,0.000000,0.000000,0.004321
Q_ind_92_anc_6-5,0.000585,0.000000,0.000000,0.006720
Q_ind_93_anc_6-5,0.001358,0.000000,0.000000,0.022375
Q_ind_94_anc_6-5,0.000457,0.000000,0.000000,0.002963
Q_ind_95_anc_6-5,0.001640,0.000000,0.000000,0.026017
Q_ind_96_anc_6-5,0.000199,0.000000,0.000000,0.001967
Q_ind_97_anc_6-5,0.000346,0.000000,0.000000,0.004514
Q_ind_98_anc_6-5,0.000296,0.000000,0.000000,0.003429
Q_ind_99_anc_6-5,0.000264,0.000000,0.000000,0.003502
Q_ind_100_anc_6-5,0.000151,0.000000,0.000000,0.001414
Q_ind_101_anc_6-5,0.000067,0.000000,0.000000,0.000710
Q_ind_102_anc_6-5,0.000071,0.000000,0.000000,0.000713
Q_ind_103_anc_6-5,0.000110,0.000000,0.000000,0.000996
Q_ind_104_anc_6-5,0.000063,0.000000,0.000000,0.000694
Q_ind_105_anc_6-5,0.000090,0.000000,0.000000,0.001109
Q_ind_106_anc_6-5,0.000146,0.000000,0.000000,0.001710
Q_ind_107_anc_6-5,0.022083,0.000000,0.000000,0.127495
Q_ind_108_anc_6-5,0.009788,0.000000,0.000000,0.079604
Q_ind_109_anc_6-5,0.003621,0.000000,0.000000,0.057020
Q_ind_110_anc_6-5,0.064826,0.000488,0.000000,0.230141
Q_ind_111_anc_6-5,0.008640,0.000000,0.000000,0.093155
Q_ind_112_anc_6-5,0.003140,0.000000,0.000000,0.048010
Q_ind_113_anc_6-5,0.016154,0.000000,0.000000,0.116997
Q_ind_114_anc_6-5,0.020547,0.000000,0.000000,0.135264
Q_ind_115_anc_6-5,0.000298,0.000000,0.000000,0.003142
Q_ind_116_anc_6-5,0.000264,0.000000,0.000000,0.003504
Q_ind_117_anc_6-5,0.000213,0.000000,0.000000,0.002712
Q_ind_118_anc_6-5,0.000175,0.000000,0.000000,0.001605
Q_ind_119_anc_6-5,0.000350,0.000000,0.000000,0.003854
Q_ind_120_anc_6-5,0.000076,0.000000,0.000000,0.000667
Q_ind_121_anc_6-5,0.000744,0.000000,0.000000,0.010727
Q_ind_122_anc_6-5,0.000247,0.000000,0.000000,0.003327
Q_ind_123_anc_6-5,0.000153,0.000000,0.000000,0.001840
Q_ind_124_anc_6-5,0.000156,0.000000,0.000000,0.001767
Q_ind_125_anc_6-5,0.000966,0.000000,0.000000,0.013493
Q_ind_126_anc_6-5,0.000349,0.000000,0.000000,0.004595
Q_ind_127_anc_6-5,0.000192,0.000000,0.000000,0.001635
Q_ind_128_anc_6-5,0.000394,0.000000,0.000000,0.005035
Q_ind_129_anc_6-5,0.000902,0.000000,0.000000,0.011255
Q_ind_130_anc_6-5,0.000256,0.000000,0.000000,0.002981
Q_ind_131_anc_6-5,0.000382,0.000000,0.000000,0.005046
Q_ind_132_anc_6-5,0.000218,0.000000,0.000000,0.002485
Q_ind_133_anc_6-5,0.000201,0.000000,0.000000,0.002003
Q_ind_134_anc_6-5,0.000554,0.000000,0.000000,0.005692
Q_ind_135_anc_6-5,0.000212,0.000000,0.000000,0.002845
Q_ind_136_anc_6-5,0.000141,0.000000,0.000000,0.001483
Q_ind_137_anc_6-5,0.000306,0.000000,0.000000,0.003199
Q_ind_138_anc_6-5,0.000228,0.000000,0.000000,0.002905
Q_ind_139_anc_6-5,0.000664,0.000000,0.000000,0.007588
Q_ind_140_anc_6-5,0.000711,0.000000,0.000000,0.009823
Q_ind_141_anc_6-5,0.003014,0.000000,0.000000,0.034509
Q_ind_142_anc_6-5,0.000250,0.000000,0.000000,0.003228
Q_ind_143_anc_6-5,0.000432,0.000000,0.000000,0.005449
Q_ind_144_anc_6-5,0.000989,0.000000,0.000000,0.013718
Q_ind_145_anc_6-5,0.000578,0.000000,0.000000,0.007293
Q_ind_146_anc_6-5,0.000669,0.000000,0.000000,0.009220
Q_ind_147_anc_6-5,0.001237,0.000000,0.000000,0.017231
Q_ind_148_anc_6-5,0.000761,0.000000,0.000000,0.010988
Q_ind_149_anc_6-5,0.000442,0.000000,0.000000,0.006253
Q_ind_150_anc_6-5,0.000785,0.000000,0.000000,0.011466
Q_ind_151_anc_6-5,0.000442,0.000000,0.000000,0.005541
Q_ind_152_anc_6-5,0.000169,0.000000,0.000000,0.002327
Q_ind_153_anc_6-5,0.000305,0.000000,0.000000,0.004015
Q_ind_154_anc_6-5,0.000436,0.000000,0.000000,0.005829
Q_ind_155_anc_6-5,0.000428,0.000000,0.000000,0.005548
Q_ind_156_anc_6-5,0.004957,0.000000,0.000000,0.062530
Q_ind_157_anc_6-5,0.000511,0.000000,0.000000,0.006565
Q_ind_158_anc_6-5,0.006090,0.000000,0.000000,0.066885
Q_ind_159_anc_6-5,0.003736,0.000000,0.000000,0.047297
Q_ind_160_anc_6-5,0.008810,0.000000,0.000000,0.075746
Q_ind_161_anc_6-5,0.000667,0.000000,0.000000,0.009210
Q_ind_162_anc_6-5,0.000631,0.000000,0.000000,0.009207
Q_ind_163_anc_6-5,0.001652,0.000000,0.000000,0.024056
Q_ind_164_anc_6-5,0.001952,0.000000,0.000000,0.029209
Q_ind_165_anc_6-5,0.001158,0.000000,0.000000,0.013302
Q_ind_166_anc_6-5,0.004057,0.000000,0.000000,0.051315
Q_ind_167_anc_6-5,0.008082,0.000000,0.000000,0.109928
Q_ind_168_anc_6-5,0.000304,0.000000,0.000000,0.003301
Q_ind_169_anc_6-5,0.000314,0.000000,0.000000,0.002694
Q_ind_170_anc_6-5,0.000634,0.000000,0.000000,0.008606
Q_ind_171_anc_6-5,0.000317,0.000000,0.000000,0.003612
Q_ind_172_anc_6-5,0.000188,0.000000,0.000000,0.002097
Q_ind_173_anc_6-5,0.000122,0.000000,0.000000,0.001558
Q_ind_174_anc_6-5,0.000106,0.000000,0.000000,0.001040
Q_ind_175_anc_6-5,0.000676,0.000000,0.000000,0.009905
Q_ind_176_anc_6-5,0.000319,0.000000,0.000000,0.004299
Q_ind_177_anc_6-5,0.002468,0.000000,0.000000,0.033592
Q_ind_178_anc_6-5,0.000306,0.000000,0.000000,0.003903
Q_ind_179_anc_6-5,0.005866,0.000000,0.000000,0.059235
Q_ind_180_anc_6-5,0.001154,0.000000,0.000000,0.015196
Q_ind_181_anc_6-5,0.000666,0.000000,0.000000,0.008236
Q_ind_182_anc_6-5,0.000178,0.000000,0.000000,0.001928
Q_ind_183_anc_6-5,0.000842,0.000000,0.000000,0.011486
Q_ind_184_anc_6-5,0.001146,0.000000,0.000000,0.016510
Q_ind_185_anc_6-5,0.000937,0.000000,0.000000,0.013260
Q_ind_186_anc_6-5,0.000251,0.000000,0.000000,0.002794
Q_ind_187_anc_6-5,0.001390,0.000000,0.000000,0.017389
Q_ind_188_anc_6-5,0.000927,0.000000,0.000000,0.012364
Q_ind_189_anc_6-5,0.001663,0.000000,0.000000,0.021772
Q_ind_190_anc_6-5,0.002130,0.000000,0.000000,0.030232
Q_ind_191_anc_6-5,0.000684,0.000000,0.000000,0.009925
Q_ind_192_anc_6-5,0.704369,0.704349,0.600921,0.809434
Q_ind_193_anc_6-5,0.702682,0.704392,0.583826,0.810501
Q_ind_194_anc_6-5,0.000329,0.000000,0.000000,0.003312
Q_ind_195_anc_6-5,0.720652,0.722723,0.633613,0.799120
Q_ind_196_anc_6-5,0.000126,0.000000,0.000000,0.001475
Q_ind_197_anc_6-5,0.000291,0.000000,0.000000,0.004100
Q_ind_198_anc_6-5,0.000830,0.000000,0.000000,0.010554
Q_ind_199_anc_6-5,0.744450,0.746375,0.651756,0.822945
Q_ind_200_anc_6-5,0.000485,0.000000,0.000000,0.005587
Q_ind_201_anc_6-5,0.000135,0.000000,0.000000,0.001506
Q_ind_202_anc_6-5,0.711049,0.713682,0.611664,0.795330
Q_ind_203_anc_6-5,0.008778,0.000000,0.000000,0.079327
Q_ind_204_anc_6-5,0.002423,0.000000,0.000000,0.034008
Q_ind_205_anc_6-5,0.002675,0.000000,0.000000,0.037487
Q_ind_206_anc_6-5,0.000878,0.000000,0.000000,0.009900
Q_ind_207_anc_6-5,0.003488,0.000000,0.000000,0.048128
Q_ind_208_anc_6-5,0.062618,0.000003,0.000000,0.236199
Q_ind_209_anc_6-5,0.004049,0.000000,0.000000,0.058886
Q_ind_210_anc_6-5,0.065036,0.066401,0.000000,0.181504
Q_ind_211_anc_6-5,0.001417,0.000000,0.000000,0.018681
Q_ind_212_anc_6-5,0.000502,0.000000,0.000000,0.006209
Q_ind_213_anc_6-5,0.000286,0.000000,0.000000,0.003562
Q_ind_214_anc_6-5,0.000476,0.000000,0.000000,0.005731
Q_ind_215_anc_6-5,0.000342,0.000000,0.000000,0.003784
Q_ind_216_anc_6-5,0.000270,0.000000,0.000000,0.003112
Q_ind_217_anc_6-5,0.000313,0.000000,0.000000,0.003362
Q_ind_218_anc_6-5,0.000228,0.000000,0.000000,0.002555
Q_ind_219_anc_6-5,0.000212,0.000000,0.000000,0.002510
Q_ind_220_anc_6-5,0.000374,0.000000,0.000000,0.004424
Q_ind_221_anc_6-5,0.000300,0.000000,0.000000,0.003831
Q_ind_222_anc_6-5,0.001409,0.000000,0.000000,0.019630
Q_ind_223_anc_6-5,0.020522,0.000000,0.000000,0.123034
Q_ind_224_anc_6-5,0.000414,0.000000,0.000000,0.004938
Q_ind_225_anc_6-5,0.002833,0.000000,0.000000,0.045183
Q_ind_226_anc_6-5,0.001164,0.000000,0.000000,0.016773
Q_ind_227_anc_6-5,0.008622,0.000000,0.000000,0.075808
Q_ind_228_anc_6-5,0.002642,0.000000,0.000000,0.037467
Q_ind_229_anc_6-5,0.000509,0.000000,0.000000,0.004229
Q_ind_230_anc_6-5,0.004181,0.000000,0.000000,0.050880
Q_ind_231_anc_6-5,0.002151,0.000000,0.000000,0.028219
Q_ind_232_anc_6-5,0.004758,0.000000,0.000000,0.068648
Q_ind_233_anc_6-5,0.019112,0.000000,0.000000,0.112411
Q_ind_234_anc_6-5,0.000113,0.000000,0.000000,0.001258
Q_ind_235_anc_6-5,0.000169,0.000000,0.000000,0.001454
Q_ind_236_anc_6-5,0.000369,0.000000,0.000000,0.005006
Q_ind_237_anc_6-5,0.000170,0.000000,0.000000,0.001891
Q_ind_238_anc_6-5,0.000156,0.000000,0.000000,0.001535
Q_ind_239_anc_6-5,0.000153,0.000000,0.000000,0.001776
Q_ind_240_anc_6-5,0.000131,0.000000,0.000000,0.001162
Q_ind_241_anc_6-5,0.000211,0.000000,0.000000,0.002592
Q_ind_242_anc_6-5,0.000468,0.000000,0.000000,0.005742
Q_ind_243_anc_6-5,0.000226,0.000000,0.000000,0.002502
Q_ind_244_anc_6-5,0.000154,0.000000,0.000000,0.001355
Q_ind_245_anc_6-5,0.000186,0.000000,0.000000,0.002225
Q_ind_1_anc_6-6,0.169888,0.165031,0.012187,0.361178
Q_ind_2_anc_6-6,0.434168,0.438662,0.249506,0.588519
Q_ind_3_anc_6-6,0.739817,0.738883,0.595990,0.867429
Q_ind_4_anc_6-6,0.694677,0.696149,0.583042,0.796271
Q_ind_5_anc_6-6,0.000477,0.000000,0.000000,0.005942
Q_ind_6_anc_6-6,0.738354,0.739834,0.618802,0.841343
Q_ind_7_anc_6-6,0.651386,0.652803,0.540455,0.767220
Q_ind_8_anc_6-6,0.620256,0.611375,0.480595,0.780915
Q_ind_9_anc_6-6,0.703658,0.711289,0.522502,0.829289
Q_ind_10_anc_6-6,0.852323,0.863542,0.740753,0.919783
Q_ind_11_anc_6-6,0.699057,0.704950,0.550731,0.817575
Q_ind_12_anc_6-6,0.717740,0.719898,0.567053,0.851757
Q_ind_13_anc_6-6,0.000493,0.000000,0.000000,0.004553
Q_ind_14_anc_6-6,0.000411,0.000000,0.000000,0.004839
Q_ind_15_anc_6-6,0.000176,0.000000,0.000000,0.002268
Q_ind_16_anc_6-6,0.001219,0.000000,0.000000,0.018457
Q_ind_17_anc_6-6,0.000386,0.000000,0.000000,0.003915
Q_ind_18_anc_6-6,0.001623,0.000000,0.000000,0.020255
Q_ind_19_anc_6-6,0.000184,0.000000,0.000000,0.002134
Q_ind_20_anc_6-6,0.000155,0.000000,0.000000,0.001882
Q_ind_21_anc_6-6,0.000256,0.000000,0.000000,0.002227
Q_ind_22_anc_6-6,0.000185,0.000000,0.000000,0.002385
Q_ind_23_anc_6-6,0.000653,0.000000,0.000000,0.009366
Q_ind_24_anc_6-6,0.000268,0.000000,0.000000,0.002386
Q_ind_25_anc_6-6,0.001262,0.000000,0.000000,0.016577
Q_ind_26_anc_6-6,0.000173,0.000000,0.000000,0.001964
Q_ind_27_anc_6-6,0.000246,0.000000,0.000000,0.003029
Q_ind_28_anc_6-6,0.000305,0.000000,0.000000,0.003240
Q_ind_29_anc_6-6,0.000182,0.000000,0.000000,0.001919
Q_ind_30_anc_6-6,0.000077,0.000000,0.000000,0.000891
Q_ind_31_anc_6-6,0.000203,0.000000,0.000000,0.002159
Q_ind_32_anc_6-6,0.000764,0.000000,0.000000,0.006325
Q_ind_33_anc_6-6,0.000670,0.000000,0.000000,0.009066
Q_ind_34_anc_6-6,0.000456,0.000000,0.000000,0.004605
Q_ind_35_anc_6-6,0.000474,0.000000,0.000000,0.005920
Q_ind_36_anc_6-6,0.000082,0.000000,0.000000,0.000761
Q_ind_37_anc_6-6,0.000211,0.000000,0.000000,0.002104
Q_ind_38_anc_6-6,0.000131,0.000000,0.000000,0.001476
Q_ind_39_anc_6-6,0.000130,0.000000,0.000000,0.001433
Q_ind_40_anc_6-6,0.000551,0.000000,0.000000,0.006053
Q_ind_41_anc_6-6,0.000234,0.000000,0.000000,0.002650
Q_ind_42_anc_6-6,0.000271,0.000000,0.000000,0.003787
Q_ind_43_anc_6-6,0.000239,0.000000,0.000000,0.002768
Q_ind_44_anc_6-6,0.000190,0.000000,0.000000,0.002088
Q_ind_45_anc_6-6,0.000527,0.000000,0.000000,0.006149
Q_ind_46_anc_6-6,0.000113,0.000000,0.000000,0.001325
Q_ind_47_anc_6-6,0.000193,0.000000,0.000000,0.002214
Q_ind_48_anc_6-6,0.000171,0.000000,0.000000,0.001654
Q_ind_49_anc_6-6,0.000230,0.000000,0.000000,0.002172
Q_ind_50_anc_6-6,0.000210,0.000000,0.000000,0.002716
Q_ind_51_anc_6-6,0.000156,0.000000,0.000000,0.001787
Q_ind_52_anc_6-6,0.000100,0.000000,0.000000,0.001143
Q_ind_53_anc_6-6,0.000088,0.000000,0.000000,0.000623
Q_ind_54_anc_6-6,0.000134,0.000000,0.000000,0.001447
Q_ind_55_anc_6-6,0.000143,0.000000,0.000000,0.001688
Q_ind_56_anc_6-6,0.000128,0.000000,0.000000,0.001428
Q_ind_57_anc_6-6,0.000200,0.000000,0.000000,0.002285
Q_ind_58_anc_6-6,0.000094,0.000000,0.000000,0.000930
Q_ind_59_anc_6-6,0.000271,0.000000,0.000000,0.003030
Q_ind_60_anc_6-6,0.000159,0.000000,0.000000,0.001836
Q_ind_61_anc_6-6,0.000310,0.000000,0.000000,0.003663
Q_ind_62_anc_6-6,0.000340,0.000000,0.000000,0.004136
Q_ind_63_anc_6-6,0.005253,0.000000,0.000000,0.033736
Q_ind_64_anc_6-6,0.000202,0.000000,0.000000,0.002323
Q_ind_65_anc_6-6,0.003844,0.000000,0.000000,0.030207
Q_ind_66_anc_6-6,0.002974,0.000000,0.000000,0.027274
Q_ind_67_anc_6-6,0.028702,0.029495,0.000000,0.078728
Q_ind_68_anc_6-6,0.000193,0.000000,0.000000,0.001950
Q_ind_69_anc_6-6,0.000187,0.000000,0.000000,0.001618
Q_ind_70_anc_6-6,0.000078,0.000000,0.000000,0.000825
Q_ind_71_anc_6-6,0.000088,0.000000,0.000000,0.000809
Q_ind_72_anc_6-6,0.000664,0.000000,0.000000,0.008355
Q_ind_73_anc_6-6,0.001835,0.000000,0.000000,0.023037
Q_ind_74_anc_6-6,0.000222,0.000000,0.000000,0.002135
Q_ind_75_anc_6-6,0.000160,0.000000,0.000000,0.001859
Q_ind_76_anc_6-6,0.000689,0.000000,0.000000,0.009898
Q_ind_77_anc_6-6,0.040835,0.017292,0.000000,0.127920
Q_ind_78_anc_6-6,0.031928,0.000217,0.000000,0.114056
Q_ind_79_anc_6-6,0.000811,0.000000,0.000000,0.010648
Q_ind_80_anc_6-6,0.000510,0.000000,0.000000,0.007004
Q_ind_81_anc_6-6,0.001048,0.000000,0.000000,0.007586
Q_ind_82_anc_6-6,0.001405,0.000000,0.000000,0.019842
Q_ind_83_anc_6-6,0.006999,0.000000,0.000000,0.078213
Q_ind_84_anc_6-6,0.002174,0.000000,0.000000,0.031387
Q_ind_85_anc_6-6,0.000809,0.000000,0.000000,0.008868
Q_ind_86_anc_6-6,0.030678,0.000000,0.000000,0.132078
Q_ind_87_anc_6-6,0.011509,0.000000,0.000000,0.104764
Q_ind_88_anc_6-6,0.001108,0.000000,0.000000,0.014373
Q_ind_89_anc_6-6,0.001633,0.000000,0.000000,0.022139
Q_ind_90_anc_6-6,0.001412,0.000000,0.000000,0.019446
Q_ind_91_anc_6-6,0.001829,0.000000,0.000000,0.025226
Q_ind_92_anc_6-6,0.002958,0.000000,0.000000,0.036718
Q_ind_93_anc_6-6,0.063714,0.002500,0.000000,0.206904
Q_ind_94_anc_6-6,0.000850,0.000000,0.000000,0.006882
Q_ind_95_anc_6-6,0.002449,0.000000,0.000000,0.034353
Q_ind_96_anc_6-6,0.000160,0.000000,0.000000,0.001815
Q_ind_97_anc_6-6,0.000227,0.000000,0.000000,0.002557
Q_ind_98_anc_6-6,0.000138,0.000000,0.000000,0.001515
Q_ind_99_anc_6-6,0.000110,0.000000,0.000000,0.001232
Q_ind_100_anc_6-6,0.000209,0.000000,0.000000,0.002208
Q_ind_101_anc_6-6,0.000096,0.000000,0.000000,0.001033
Q_ind_102_anc_6-6,0.000084,0.000000,0.000000,0.000865
Q_ind_103_anc_6-6,0.000328,0.000000,0.000000,0.004376
Q_ind_104_anc_6-6,0.000098,0.000000,0.000000,0.001194
Q_ind_105_anc_6-6,0.000089,0.000000,0.000000,0.000803
Q_ind_106_anc_6-6,0.000291,0.000000,0.000000,0.003506
Q_ind_107_anc_6-6,0.029919,0.000000,0.000000,0.185383
Q_ind_108_anc_6-6,0.001948,0.000000,0.000000,0.027630
Q_ind_109_anc_6-6,0.045223,0.000039,0.000000,0.205894
Q_ind_110_anc_6-6,0.014674,0.000000,0.000000,0.140328
Q_ind_111_anc_6-6,0.001501,0.000000,0.000000,0.021952
Q_ind_112_anc_6-6,0.002294,0.000000,0.000000,0.041477
Q_ind_113_anc_6-6,0.007060,0.000000,0.000000,0.138424
Q_ind_114_anc_6-6,0.137511,0.150793,0.000000,0.307589
Q_ind_115_anc_6-6,0.000270,0.000000,0.000000,0.003269
Q_ind_116_anc_6-6,0.000382,0.000000,0.000000,0.003640
Q_ind_117_anc_6-6,0.000183,0.000000,0.000000,0.002080
Q_ind_118_anc_6-6,0.000100,0.000000,0.000000,0.000924
Q_ind_119_anc_6-6,0.000267,0.000000,0.000000,0.003101
Q_ind_120_anc_6-6,0.000107,0.000000,0.000000,0.001313
Q_ind_121_anc_6-6,0.000776,0.000000,0.000000,0.011258
Q_ind_122_anc_6-6,0.000194,0.000000,0.000000,0.002357
Q_ind_123_anc_6-6,0.000344,0.000000,0.000000,0.004969
Q_ind_124_anc_6-6,0.000117,0.000000,0.000000,0.001349
Q_ind_125_anc_6-6,0.000372,0.000000,0.000000,0.003814
Q_ind_126_anc_6-6,0.001758,0.000000,0.000000,0.017615
Q_ind_127_anc_6-6,0.001170,0.000000,0.000000,0.015177
Q_ind_128_anc_6-6,0.002365,0.000000,0.000000,0.030193
Q_ind_129_anc_6-6,0.000670,0.000000,0.000000,0.008004
Q_ind_130_anc_6-6,0.021674,0.000000,0.000000,0.172084
Q_ind_131_anc_6-6,0.000182,0.000000,0.000000,0.001790
Q_ind_132_anc_6-6,0.000125,0.000000,0.000000,0.001582
Q_ind_133_anc_6-6,0.000501,0.000000,0.000000,0.005278
Q_ind_134_anc_6-6,0.000307,0.000000,0.000000,0.003422
Q_ind_135_anc_6-6,0.000547,0.000000,0.000000,0.006490
Q_ind_136_anc_6-6,0.000236,0.000000,0.000000,0.002679
Q_ind_137_anc_6-6,0.000638,0.000000,0.000000,0.007294
Q_ind_138_anc_6-6,0.000192,0.000000,0.000000,0.001942
Q_ind_139_anc_6-6,0.000423,0.000000,0.000000,0.005004
Q_ind_140_anc_6-6,0.001002,0.000000,0.000000,0.012629
Q_ind_141_anc_6-6,0.001239,0.000000,0.000000,0.017521
Q_ind_142_anc_6-6,0.000123,0.000000,0.000000,0.001395
Q_ind_143_anc_6-6,0.001348,0.000000,0.000000,0.016997
Q_ind_144_anc_6-6,0.000497,0.000000,0.000000,0.006518
Q_ind_145_anc_6-6,0.001126,0.000000,0.000000,0.012529
Q_ind_146_anc_6-6,0.000392,0.000000,0.000000,0.004486
Q_ind_147_anc_6-6,0.002781,0.000000,0.000000,0.024259
Q_ind_148_anc_6-6,0.009710,0.000000,0.000000,0.057124
Q_ind_149_anc_6-6,0.000237,0.000000,0.000000,0.002565
Q_ind_150_anc_6-6,0.002483,0.000000,0.000000,0.026871
Q_ind_151_anc_6-6,0.000701,0.000000,0.000000,0.009429
Q_ind_152_anc_6-6,0.001505,0.000000,0.000000,0.018718
Q_ind_153_anc_6-6,0.001290,0.000000,0.000000,0.017621
Q_ind_154_anc_6-6,0.004330,0.000000,0.000000,0.035470
Q_ind_155_anc_6-6,0.000192,0.000000,0.000000,0.001846
Q_ind_156_anc_6-6,0.643842,0.646838,0.533986,0.737161
Q_ind_157_anc_6-6,0.777745,0.779449,0.704403,0.845793
Q_ind_158_anc_6-6,0.836117,0.848330,0.718667,0.914529
Q_ind_159_anc_6-6,0.702972,0.690055,0.564002,0.852394
Q_ind_160_anc_6-6,0.644260,0.646311,0.548042,0.732142
Q_ind_161_anc_6-6,0.724215,0.724246,0.654889,0.794495
Q_ind_162_anc_6-6,0.724642,0.723622,0.639779,0.813689
Q_ind_163_anc_6-6,0.736828,0.736322,0.665019,0.807805
Q_ind_164_anc_6-6,0.743380,0.745016,0.656645,0.818136
Q_ind_165_anc_6-6,0.089912,0.075469,0.000000,0.277446
Q_ind_166_anc_6-6,0.198943,0.196368,0.108060,0.297525
Q_ind_167_anc_6-6,0.305738,0.307243,0.211630,0.383799
Q_ind_168_anc_6-6,0.000289,0.000000,0.000000,0.003272
Q_ind_169_anc_6-6,0.000118,0.000000,0.000000,0.001106
Q_ind_170_anc_6-6,0.001004,0.000000,0.000000,0.013531
Q_ind_171_anc_6-6,0.000787,0.000000,0.000000,0.010797
Q_ind_172_anc_6-6,0.000289,0.000000,0.000000,0.003667
Q_ind_173_anc_6-6,0.000140,0.000000,0.000000,0.001794
Q_ind_174_anc_6-6,0.000150,0.000000,0.000000,0.001937
Q_ind_175_anc_6-6,0.000176,0.000000,0.000000,0.001838
Q_ind_176_anc_6-6,0.000847,0.000000,0.000000,0.009641
Q_ind_177_anc_6-6,0.010614,0.000000,0.000000,0.118919
Q_ind_178_anc_6-6,0.000786,0.000000,0.000000,0.010208
Q_ind_179_anc_6-6,0.001675,0.000000,0.000000,0.025535
Q_ind_180_anc_6-6,0.226520,0.229550,0.131271,0.307178
Q_ind_181_anc_6-6,0.010907,0.000000,0.000000,0.117147
Q_ind_182_anc_6-6,0.061647,0.000002,0.000000,0.262114
Q_ind_183_anc_6-6,0.005657,0.000000,0.000000,0.097425
Q_ind_184_anc_6-6,0.000181,0.000000,0.000000,0.002013
Q_ind_185_anc_6-6,0.000984,0.000000,0.000000,0.013529
Q_ind_186_anc_6-6,0.000217,0.000000,0.000000,0.002543
Q_ind_187_anc_6-6,0.001076,0.000000,0.000000,0.014709
Q_ind_188_anc_6-6,0.000383,0.000000,0.000000,0.004653
Q_ind_189_anc_6-6,0.000183,0.000000,0.000000,0.001911
Q_ind_190_anc_6-6,0.000392,0.000000,0.000000,0.003541
Q_ind_191_anc_6-6,0.000493,0.000000,0.000000,0.006252
Q_ind_192_anc_6-6,0.000154,0.000000,0.000000,0.001051
Q_ind_193_anc_6-6,0.000192,0.000000,0.000000,0.002435
Q_ind_194_anc_6-6,0.000077,0.000000,0.000000,0.000918
Q_ind_195_anc_6-6,0.000278,0.000000,0.000000,0.002759
Q_ind_196_anc_6-6,0.000064,0.000000,0.000000,0.000573
Q_ind_197_anc_6-6,0.000055,0.000000,0.000000,0.000649
Q_ind_198_anc_6-6,0.000139,0.000000,0.000000,0.001623
Q_ind_199_anc_6-6,0.000189,0.000000,0.000000,0.002259
Q_ind_200_anc_6-6,0.000139,0.000000,0.000000,0.001325
Q_ind_201_anc_6-6,0.000085,0.000000,0.000000,0.001053
Q_ind_202_anc_6-6,0.000834,0.000000,0.000000,0.010489
Q_ind_203_anc_6-6,0.565258,0.567305,0.456461,0.667720
Q_ind_204_anc_6-6,0.556870,0.556201,0.464500,0.651609
Q_ind_205_anc_6-6,0.566491,0.565766,0.469706,0.665515
Q_ind_206_anc_6-6,0.620074,0.618685,0.534768,0.710250
Q_ind_207_anc_6-6,0.462074,0.461494,0.367033,0.560226
Q_ind_208_anc_6-6,0.000251,0.000000,0.000000,0.002748
Q_ind_209_anc_6-6,0.540207,0.540261,0.446783,0.633591
Q_ind_210_anc_6-6,0.272573,0.269738,0.130987,0.419423
Q_ind_211_anc_6-6,0.536481,0.537626,0.434190,0.631886
Q_ind_212_anc_6-6,0.000091,0.000000,0.000000,0.001162
Q_ind_213_anc_6-6,0.000592,0.000000,0.000000,0.006720
Q_ind_214_anc_6-6,0.000179,0.000000,0.000000,0.002031
Q_ind_215_anc_6-6,0.000609,0.000000,0.000000,0.007621
Q_ind_216_anc_6-6,0.000286,0.000000,0.000000,0.002876
Q_ind_217_anc_6-6,0.000413,0.000000,0.000000,0.005092
Q_ind_218_anc_6-6,0.000166,0.000000,0.000000,0.001750
Q_ind_219_anc_6-6,0.000383,0.000000,0.000000,0.003970
Q_ind_220_anc_6-6,0.000191,0.000000,0.000000,0.002223
Q_ind_221_anc_6-6,0.000134,0.000000,0.000000,0.001142
Q_ind_222_anc_6-6,0.000173,0.000000,0.000000,0.001634
Q_ind_223_anc_6-6,0.000388,0.000000,0.000000,0.004937
Q_ind_224_anc_6-6,0.000194,0.000000,0.000000,0.002332
Q_ind_225_anc_6-6,0.312934,0.303930,0.207516,0.465399
Q_ind_226_anc_6-6,0.000276,0.000000,0.000000,0.002646
Q_ind_227_anc_6-6,0.336790,0.339446,0.208266,0.460799
Q_ind_228_anc_6-6,0.396582,0.400495,0.258624,0.515002
Q_ind_229_anc_6-6,0.363442,0.362405,0.261317,0.474898
Q_ind_230_anc_6-6,0.306508,0.306681,0.199916,0.412553
Q_ind_231_anc_6-6,0.000917,0.000000,0.000000,0.012574
Q_ind_232_anc_6-6,0.007009,0.000000,0.000000,0.082388
Q_ind_233_anc_6-6,0.310036,0.308717,0.210363,0.417851
Q_ind_234_anc_6-6,0.000142,0.000000,0.000000,0.001785
Q_ind_235_anc_6-6,0.000387,0.000000,0.000000,0.005449
Q_ind_236_anc_6-6,0.000273,0.000000,0.000000,0.003439
Q_ind_237_anc_6-6,0.000184,0.000000,0.000000,0.001964
Q_ind_238_anc_6-6,0.000150,0.000000,0.000000,0.001822
Q_ind_239_anc_6-6,0.000130,0.000000,0.000000,0.001367
Q_ind_240_anc_6-6,0.000218,0.000000,0.000000,0.002505
Q_ind_241_anc_6-6,0.000212,0.000000,0.000000,0.002744
Q_ind_242_anc_6-6,0.000458,0.000000,0.000000,0.005608
Q_ind_243_anc_6-6,0.000064,0.000000,0.000000,0.000668
Q_ind_244_anc_6-6,0.000522,0.000000,0.000000,0.007134
Q_ind_245_anc_6-6,0.000100,0.000000,0.000000,0.001135
Q_ind_1_anc_7-1,0.000236,0.000000,0.000000,0.002730
Q_ind_2_anc_7-1,0.000246,0.000000,0.000000,0.002793
Q_ind_3_anc_7-1,0.000252,0.000000,0.000000,0.003354
Q_ind_4_anc_7-1,0.000493,0.000000,0.000000,0.005304
Q_ind_5_anc_7-1,0.002419,0.000000,0.000000,0.030243
Q_ind_6_anc_7-1,0.000680,0.000000,0.000000,0.009405
Q_ind_7_anc_7-1,0.000125,0.000000,0.000000,0.001307
Q_ind_8_anc_7-1,0.000266,0.000000,0.000000,0.002807
Q_ind_9_anc_7-1,0.000437,0.000000,0.000000,0.005800
Q_ind_10_anc_7-1,0.000197,0.000000,0.000000,0.001865
Q_ind_11_anc_7-1,0.000535,0.000000,0.000000,0.005955
Q_ind_12_anc_7-1,0.000377,0.000000,0.000000,0.004946
Q_ind_13_anc_7-1,0.415202,0.413197,0.301466,0.537547
Q_ind_14_anc_7-1,0.390476,0.392184,0.242213,0.515894
Q_ind_15_anc_7-1,0.443155,0.442438,0.326064,0.556315
Q_ind_16_anc_7-1,0.368096,0.363228,0.239244,0.522829
Q_ind_17_anc_7-1,0.381557,0.391208,0.199558,0.520731
Q_ind_18_anc_7-1,0.345467,0.347917,0.204790,0.481024
Q_ind_19_anc_7-1,0.405659,0.406935,0.291413,0.516015
Q_ind_20_anc_7-1,0.243124,0.242923,0.158679,0.339967
Q_ind_21_anc_7-1,0.002294,0.000000,0.000000,0.030410
Q_ind_22_anc_7-1,0.006809,0.000000,0.000000,0.055944
Q_ind_23_anc_7-1,0.000422,0.000000,0.000000,0.005901
Q_ind_24_anc_7-1,0.002344,0.000000,0.000000,0.033083
Q_ind_25_anc_7-1,0.018748,0.000002,0.000000,0.086504
Q_ind_26_anc_7-1,0.000289,0.000000,0.000000,0.002868
Q_ind_27_anc_7-1,0.001398,0.000000,0.000000,0.020729
Q_ind_28_anc_7-1,0.001435,0.000000,0.000000,0.019969
Q_ind_29_anc_7-1,0.007229,0.000000,0.000000,0.052004
Q_ind_30_anc_7-1,0.002116,0.000000,0.000000,0.029474
Q_ind_31_anc_7-1,0.000545,0.000000,0.000000,0.006233
Q_ind_32_anc_7-1,0.001803,0.000000,0.000000,0.026516
Q_ind_33_anc_7-1,0.000630,0.000000,0.000000,0.008794
Q_ind_34_anc_7-1,0.000367,0.000000,0.000000,0.004261
Q_ind_35_anc_7-1,0.000790,0.000000,0.000000,0.011145
Q_ind_36_anc_7-1,0.000429,0.000000,0.000000,0.004848
Q_ind_37_anc_7-1,0.003713,0.000000,0.000000,0.040271
Q_ind_38_anc_7-1,0.000243,0.000000,0.000000,0.002461
Q_ind_39_anc_7-1,0.025294,0.000000,0.000000,0.162145
Q_ind_40_anc_7-1,0.000950,0.000000,0.000000,0.013664
Q_ind_41_anc_7-1,0.000922,0.000000,0.000000,0.012780
Q_ind_42_anc_7-1,0.000335,0.000000,0.000000,0.002718
Q_ind_43_anc_7-1,0.002083,0.000000,0.000000,0.026567
Q_ind_44_anc_7-1,0.000307,0.000000,0.000000,0.004295
Q_ind_45_anc_7-1,0.000334,0.000000,0.000000,0.002872
Q_ind_46_anc_7-1,0.001322,0.000000,0.000000,0.014538
Q_ind_47_anc_7-1,0.014237,0.000000,0.000000,0.092413
Q_ind_48_anc_7-1,0.001086,0.000000,0.000000,0.014070
Q_ind_49_anc_7-1,0.000578,0.000000,0.000000,0.006678
Q_ind_50_anc_7-1,0.001650,0.000000,0.000000,0.021385
Q_ind_51_anc_7-1,0.333788,0.333867,0.236578,0.430720
Q_ind_52_anc_7-1,0.373839,0.369991,0.265411,0.485098
Q_ind_53_anc_7-1,0.374642,0.373440,0.275062,0.478998
Q_ind_54_anc_7-1,0.334257,0.333709,0.243816,0.434147
Q_ind_55_anc_7-1,0.298091,0.295183,0.200565,0.406781
Q_ind_56_anc_7-1,0.309173,0.307286,0.218889,0.411884
Q_ind_57_anc_7-1,0.354703,0.352066,0.257560,0.463565
Q_ind_58_anc_7-1,0.288219,0.286737,0.202257,0.378606
Q_ind_59_anc_7-1,0.300611,0.297845,0.208376,0.404545
Q_ind_60_anc_7-1,0.296827,0.296572,0.189387,0.402221
Q_ind_61_anc_7-1,0.302189,0.299024,0.200612,0.422215
Q_ind_62_anc_7-1,0.309718,0.308138,0.218636,0.402971
Q_ind_63_anc_7-1,0.000082,0.000000,0.000000,0.000926
Q_ind_64_anc_7-1,0.000065,0.000000,0.000000,0.000674
Q_ind_65_anc_7-1,0.000134,0.000000,0.000000,0.001305
Q_ind_66_anc_7-1,0.000139,0.000000,0.000000,0.001490
Q_ind_67_anc_7-1,0.000071,0.000000,0.000000,0.000770
Q_ind_68_anc_7-1,0.004899,0.000000,0.000000,0.045504
Q_ind_69_anc_7-1,0.000993,0.000000,0.000000,0.012591
Q_ind_70_anc_7-1,0.000342,0.000000,0.000000,0.004143
Q_ind_71_anc_7-1,0.000531,0.000000,0.000000,0.007516
Q_ind_72_anc_7-1,0.017280,0.000000,0.000000,0.104976
Q_ind_73_anc_7-1,0.002940,0.000000,0.000000,0.040013
Q_ind_74_anc_7-1,0.015873,0.000000,0.000000,0.117184
Q_ind_75_anc_7-1,0.002355,0.000000,0.000000,0.030165
Q_ind_76_anc_7-1,0.003177,0.000000,0.000000,0.041298
Q_ind_77_anc_7-1,0.000215,0.000000,0.000000,0.002432
Q_ind_78_anc_7-1,0.000222,0.000000,0.000000,0.002644
Q_ind_79_anc_7-1,0.000252,0.000000,0.000000,0.002518
Q_ind_80_anc_7-1,0.000187,0.000000,0.000000,0.002348
Q_ind_81_anc_7-1,0.001746,0.000000,0.000000,0.023808
Q_ind_82_anc_7-1,0.000268,0.000000,0.000000,0.003049
Q_ind_83_anc_7-1,0.000308,0.000000,0.000000,0.003685
Q_ind_84_anc_7-1,0.000152,0.000000,0.000000,0.001384
Q_ind_85_anc_7-1,0.000320,0.000000,0.000000,0.003624
Q_ind_86_anc_7-1,0.000207,0.000000,0.000000,0.002800
Q_ind_87_anc_7-1,0.000379,0.000000,0.000000,0.004278
Q_ind_88_anc_7-1,0.031071,0.000000,0.000000,0.198076
Q_ind_89_anc_7-1,0.003149,0.000000,0.000000,0.051388
Q_ind_90_anc_7-1,0.041948,0.000005,0.000000,0.200005
Q_ind_91_anc_7-1,0.024843,0.000000,0.000000,0.173101
Q_ind_92_anc_7-1,0.001377,0.000000,0.000000,0.018161
Q_ind_93_anc_7-1,0.037203,0.000000,0.000000,0.204409
Q_ind_94_anc_7-1,0.000700,0.000000,0.000000,0.007551
Q_ind_95_anc_7-1,0.012630,0.000000,0.000000,0.123694
Q_ind_96_anc_7-1,0.000477,0.000000,0.000000,0.005056
Q_ind_97_anc_7-1,0.018695,0.000001,0.000000,0.090278
Q_ind_98_anc_7-1,0.087470,0.087473,0.005915,0.157744
Q_ind_99_anc_7-1,0.079870,0.082947,0.000000,0.166724
Q_ind_100_anc_7-1,0.000578,0.000000,0.000000,0.007611
Q_ind_101_anc_7-1,0.000303,0.000000,0.000000,0.003453
Q_ind_102_anc_7-1,0.000619,0.000000,0.000000,0.008096
Q_ind_103_anc_7-1,0.000380,0.000000,0.000000,0.004497
Q_ind_104_anc_7-1,0.000199,0.000000,0.000000,0.002327
Q_ind_105_anc_7-1,0.110914,0.114928,0.000000,0.183487
Q_ind_106_anc_7-1,0.046286,0.048530,0.000000,0.127315
Q_ind_107_anc_7-1,0.001703,0.000000,0.000000,0.028233
Q_ind_108_anc_7-1,0.001858,0.000000,0.000000,0.025806
Q_ind_109_anc_7-1,0.003398,0.000000,0.000000,0.051254
Q_ind_110_anc_7-1,0.002810,0.000000,0.000000,0.038576
Q_ind_111_anc_7-1,0.001800,0.000000,0.000000,0.026402
Q_ind_112_anc_7-1,0.114257,0.128916,0.000000,0.276739
Q_ind_113_anc_7-1,0.000422,0.000000,0.000000,0.004834
Q_ind_114_anc_7-1,0.023998,0.000000,0.000000,0.127133
Q_ind_115_anc_7-1,0.101821,0.102954,0.000000,0.197265
Q_ind_116_anc_7-1,0.037966,0.001197,0.000000,0.133740
Q_ind_117_anc_7-1,0.004845,0.000000,0.000000,0.058810
Q_ind_118_anc_7-1,0.037765,0.006879,0.000000,0.126370
Q_ind_119_anc_7-1,0.000728,0.000000,0.000000,0.008863
Q_ind_120_anc_7-1,0.011959,0.000000,0.000000,0.069656
Q_ind_121_anc_7-1,0.030879,0.010960,0.000000,0.119719
Q_ind_122_anc_7-1,0.001292,0.000000,0.000000,0.017247
Q_ind_123_anc_7-1,0.002241,0.000000,0.000000,0.029596
Q_ind_124_anc_7-1,0.165287,0.165728,0.072740,0.255785
Q_ind_125_anc_7-1,0.000558,0.000000,0.000000,0.007898
Q_ind_126_anc_7-1,0.001019,0.000000,0.000000,0.015108
Q_ind_127_anc_7-1,0.002836,0.000000,0.000000,0.042132
Q_ind_128_anc_7-1,0.000818,0.000000,0.000000,0.012244
Q_ind_129_anc_7-1,0.000474,0.000000,0.000000,0.006456
Q_ind_130_anc_7-1,0.002316,0.000000,0.000000,0.034278
Q_ind_131_anc_7-1,0.000567,0.000000,0.000000,0.007095
Q_ind_132_anc_7-1,0.000923,0.000000,0.000000,0.010259
Q_ind_133_anc_7-1,0.000789,0.000000,0.000000,0.010403
Q_ind_134_anc_7-1,0.003542,0.000000,0.000000,0.041303
Q_ind_135_anc_7-1,0.000588,0.000000,0.000000,0.008275
Q_ind_136_anc_7-1,0.001095,0.000000,0.000000,0.016052
Q_ind_137_anc_7-1,0.002249,0.000000,0.000000,0.028519
Q_ind_138_anc_7-1,0.000417,0.000000,0.000000,0.005068
Q_ind_139_anc_7-1,0.007000,0.000000,0.000000,0.064426
Q_ind_140_anc_7-1,0.064494,0.071529,0.000000,0.127733
Q_ind_141_anc_7-1,0.001457,0.000000,0.000000,0.022489
Q_ind_142_anc_7-1,0.002746,0.000000,0.000000,0.043744
Q_ind_143_anc_7-1,0.000672,0.000000,0.000000,0.008889
Q_ind_144_anc_7-1,0.001188,0.000000,0.000000,0.016041
Q_ind_145_anc_7-1,0.000118,0.000000,0.000000,0.001275
Q_ind_146_anc_7-1,0.000466,0.000000,0.000000,0.006025
Q_ind_147_anc_7-1,0.000838,0.000000,0.000000,0.010786
Q_ind_148_anc_7-1,0.000278,0.000000,0.000000,0.003409
Q_ind_149_anc_7-1,0.000176,0.000000,0.000000,0.002001
Q_ind_150_anc_7-1,0.000198,0.000000,0.000000,0.002559
Q_ind_151_anc_7-1,0.000813,0.000000,0.000000,0.011937
Q_ind_152_anc_7-1,0.000500,0.000000,0.000000,0.006968
Q_ind_153_anc_7-1,0.000414,0.000000,0.000000,0.005651
Q_ind_154_anc_7-1,0.000625,0.000000,0.000000,0.009108
Q_ind_155_anc_7-1,0.001016,0.000000,0.000000,0.015068
Q_ind_156_anc_7-1,0.000738,0.000000,0.000000,0.009890
Q_ind_157_anc_7-1,0.000933,0.000000,0.000000,0.012167
Q_ind_158_anc_7-1,0.000665,0.000000,0.000000,0.008837
Q_ind_159_anc_7-1,0.000655,0.000000,0.000000,0.009466
Q_ind_160_anc_7-1,0.000102,0.000000,0.000000,0.001028
Q_ind_161_anc_7-1,0.000109,0.000000,0.000000,0.001134
Q_ind_162_anc_7-1,0.000761,0.000000,0.000000,0.011834
Q_ind_163_anc_7-1,0.000127,0.000000,0.000000,0.001362
Q_ind_164_anc_7-1,0.000340,0.000000,0.000000,0.005005
Q_ind_165_anc_7-1,0.000929,0.000000,0.000000,0.014200
Q_ind_166_anc_7-1,0.000712,0.000000,0.000000,0.008786
Q_ind_167_anc_7-1,0.000658,0.000000,0.000000,0.005128
Q_ind_168_anc_7-1,0.001371,0.000000,0.000000,0.015472
Q_ind_169_anc_7-1,0.005263,0.000000,0.000000,0.054506
Q_ind_170_anc_7-1,0.000382,0.000000,0.000000,0.005112
Q_ind_171_anc_7-1,0.000389,0.000000,0.000000,0.004059
Q_ind_172_anc_7-1,0.000934,0.000000,0.000000,0.011978
Q_ind_173_anc_7-1,0.000329,0.000000,0.000000,0.003784
Q_ind_174_anc_7-1,0.000744,0.000000,0.000000,0.010696
Q_ind_175_anc_7-1,0.001635,0.000000,0.000000,0.023257
Q_ind_176_anc_7-1,0.000541,0.000000,0.000000,0.007861
Q_ind_177_anc_7-1,0.000247,0.000000,0.000000,0.003187
Q_ind_178_anc_7-1,0.000125,0.000000,0.000000,0.001128
Q_ind_179_anc_7-1,0.000177,0.000000,0.000000,0.002400
Q_ind_180_anc_7-1,0.000169,0.000000,0.000000,0.002027
Q_ind_181_anc_7-1,0.001928,0.000000,0.000000,0.028929
Q_ind_182_anc_7-1,0.000327,0.000000,0.000000,0.003969
Q_ind_183_anc_7-1,0.000152,0.000000,0.000000,0.001448
Q_ind_184_anc_7-1,0.000508,0.000000,0.000000,0.006277
Q_ind_185_anc_7-1,0.001187,0.000000,0.000000,0.014932
Q_ind_186_anc_7-1,0.012877,0.000000,0.000000,0.079389
Q_ind_187_anc_7-1,0.012257,0.000000,0.000000,0.081518
Q_ind_188_anc_7-1,0.032145,0.005285,0.000000,0.114257
Q_ind_189_anc_7-1,0.000549,0.000000,0.000000,0.007350
Q_ind_190_anc_7-1,0.001850,0.000000,0.000000,0.021953
Q_ind_191_anc_7-1,0.002087,0.000000,0.000000,0.030260
Q_ind_192_anc_7-1,0.000201,0.000000,0.000000,0.002190
Q_ind_193_anc_7-1,0.000755,0.000000,0.000000,0.011034
Q_ind_194_anc_7-1,0.000034,0.000000,0.000000,0.000434
Q_ind_195_anc_7-1,0.000133,0.000000,0.000000,0.001451
Q_ind_196_anc_7-1,0.000034,0.000000,0.000000,0.000354
Q_ind_197_anc_7-1,0.000044,0.000000,0.000000,0.000459
Q_ind_198_anc_7-1,0.000040,0.000000,0.000000,0.000437
Q_ind_199_anc_7-1,0.000205,0.000000,0.000000,0.002545
Q_ind_200_anc_7-1,0.000050,0.000000,0.000000,0.000454
Q_ind_201_anc_7-1,0.060047,0.006863,0.000000,0.162949
Q_ind_202_anc_7-1,0.000326,0.000000,0.000000,0.003864
Q_ind_203_anc_7-1,0.000321,0.000000,0.000000,0.004450
Q_ind_204_anc_7-1,0.000634,0.000000,0.000000,0.009791
Q_ind_205_anc_7-1,0.001210,0.000000,0.000000,0.015766
Q_ind_206_anc_7-1,0.000182,0.000000,0.000000,0.002300
Q_ind_207_anc_7-1,0.000463,0.000000,0.000000,0.005616
Q_ind_208_anc_7-1,0.000602,0.000000,0.000000,0.007709
Q_ind_209_anc_7-1,0.000400,0.000000,0.000000,0.004346
Q_ind_210_anc_7-1,0.000166,0.000000,0.000000,0.001872
Q_ind_211_anc_7-1,0.000232,0.000000,0.000000,0.002290
Q_ind_212_anc_7-1,0.170231,0.175834,0.000000,0.305423
Q_ind_213_anc_7-1,0.009079,0.000000,0.000000,0.104470
Q_ind_214_anc_7-1,0.005450,0.000000,0.000000,0.053664
Q_ind_215_anc_7-1,0.000827,0.000000,0.000000,0.011577
Q_ind_216_anc_7-1,0.001124,0.000000,0.000000,0.017806
Q_ind_217_anc_7-1,0.000317,0.000000,0.000000,0.002851
Q_ind_218_anc_7-1,0.000210,0.000000,0.000000,0.002191
Q_ind_219_anc_7-1,0.002615,0.000000,0.000000,0.036329
Q_ind_220_anc_7-1,0.000762,0.000000,0.000000,0.011130
Q_ind_221_anc_7-1,0.001443,0.000000,0.000000,0.015422
Q_ind_222_anc_7-1,0.004991,0.000000,0.000000,0.066598
Q_ind_223_anc_7-1,0.000426,0.000000,0.000000,0.004034
Q_ind_224_anc_7-1,0.001173,0.000000,0.000000,0.014507
Q_ind_225_anc_7-1,0.000323,0.000000,0.000000,0.003811
Q_ind_226_anc_7-1,0.000259,0.000000,0.000000,0.002892
Q_ind_227_anc_7-1,0.001397,0.000000,0.000000,0.020618
Q_ind_228_anc_7-1,0.000281,0.000000,0.000000,0.003010
Q_ind_229_anc_7-1,0.002229,0.000000,0.000000,0.029267
Q_ind_230_anc_7-1,0.000920,0.000000,0.000000,0.012989
Q_ind_231_anc_7-1,0.000314,0.000000,0.000000,0.003309
Q_ind_232_anc_7-1,0.001852,0.000000,0.000000,0.024681
Q_ind_233_anc_7-1,0.000902,0.000000,0.000000,0.013101
Q_ind_234_anc_7-1,0.000168,0.000000,0.000000,0.001967
Q_ind_235_anc_7-1,0.012017,0.000000,0.000000,0.104624
Q_ind_236_anc_7-1,0.000568,0.000000,0.000000,0.007587
Q_ind_237_anc_7-1,0.000850,0.000000,0.000000,0.011733
Q_ind_238_anc_7-1,0.000594,0.000000,0.000000,0.005431
Q_ind_239_anc_7-1,0.001183,0.000000,0.000000,0.016256
Q_ind_240_anc_7-1,0.002132,0.000000,0.000000,0.029009
Q_ind_241_anc_7-1,0.000373,0.000000,0.000000,0.004554
Q_ind_242_anc_7-1,0.000432,0.000000,0.000000,0.004841
Q_ind_243_anc_7-1,0.000571,0.000000,0.000000,0.005022
Q_ind_244_anc_7-1,0.000258,0.000000,0.000000,0.002909
Q_ind_245_anc_7-1,0.000444,0.000000,0.000000,0.005181
Q_ind_1_anc_7-2,0.000137,0.000000,0.000000,0.001660
Q_ind_2_anc_7-2,0.000120,0.000000,0.000000,0.001489
Q_ind_3_anc_7-2,0.000173,0.000000,0.000000,0.002030
Q_ind_4_anc_7-2,0.000141,0.000000,0.000000,0.001516
Q_ind_5_anc_7-2,0.000163,0.000000,0.000000,0.001623
Q_ind_6_anc_7-2,0.000204,0.000000,0.000000,0.002451
Q_ind_7_anc_7-2,0.000148,0.000000,0.000000,0.001413
Q_ind_8_anc_7-2,0.000157,0.000000,0.000000,0.001810
Q_ind_9_anc_7-2,0.000221,0.000000,0.000000,0.002125
Q_ind_10_anc_7-2,0.000101,0.000000,0.000000,0.001103
Q_ind_11_anc_7-2,0.000661,0.000000,0.000000,0.009424
Q_ind_12_anc_7-2,0.000162,0.000000,0.000000,0.001825
Q_ind_13_anc_7-2,0.005930,0.000000,0.000000,0.069334
Q_ind_14_anc_7-2,0.026506,0.000000,0.000000,0.169646
Q_ind_15_anc_7-2,0.001036,0.000000,0.000000,0.014653
Q_ind_16_anc_7-2,0.003766,0.000000,0.000000,0.061944
Q_ind_17_anc_7-2,0.009206,0.000000,0.000000,0.109956
Q_ind_18_anc_7-2,0.013899,0.000000,0.000000,0.136996
Q_ind_19_anc_7-2,0.027918,0.000000,0.000000,0.152675
Q_ind_20_anc_7-2,0.000481,0.000000,0.000000,0.007001
Q_ind_21_anc_7-2,0.000538,0.000000,0.000000,0.005251
Q_ind_22_anc_7-2,0.000754,0.000000,0.000000,0.010442
Q_ind_23_anc_7-2,0.000194,0.000000,0.000000,0.001925
Q_ind_24_anc_7-2,0.000482,0.000000,0.000000,0.004920
Q_ind_25_anc_7-2,0.000368,0.000000,0.000000,0.004062
Q_ind_26_anc_7-2,0.000384,0.000000,0.000000,0.004482
Q_ind_27_anc_7-2,0.001335,0.000000,0.000000,0.015657
Q_ind_28_anc_7-2,0.000318,0.000000,0.000000,0.003082
Q_ind_29_anc_7-2,0.000761,0.000000,0.000000,0.011100
Q_ind_30_anc_7-2,0.001097,0.000000,0.000000,0.015473
Q_ind_31_anc_7-2,0.000218,0.000000,0.000000,0.002222
Q_ind_32_anc_7-2,0.000160,0.000000,0.000000,0.001745
Q_ind_33_anc_7-2,0.000317,0.000000,0.000000,0.003601
Q_ind_34_anc_7-2,0.000095,0.000000,0.000000,0.001097
Q_ind_35_anc_7-2,0.000128,0.000000,0.000000,0.001304
Q_ind_36_anc_7-2,0.000137,0.000000,0.000000,0.001684
Q_ind_37_anc_7-2,0.001485,0.000000,0.000000,0.019849
Q_ind_38_anc_7-2,0.000101,0.000000,0.000000,0.001056
Q_ind_39_anc_7-2,0.000891,0.000000,0.000000,0.012336
Q_ind_40_anc_7-2,0.004270,0.000000,0.000000,0.052210
Q_ind_41_anc_7-2,0.000533,0.000000,0.000000,0.007975
Q_ind_42_anc_7-2,0.286414,0.309024,0.000000,0.454864
Q_ind_43_anc_7-2,0.344365,0.347607,0.180685,0.484714
Q_ind_44_anc_7-2,0.349738,0.335144,0.153871,0.603938
Q_ind_45_anc_7-2,0.212973,0.237367,0.000000,0.439873
Q_ind_46_anc_7-2,0.327253,0.322354,0.167755,0.524310
Q_ind_47_anc_7-2,0.196707,0.202664,0.000000,0.362399
Q_ind_48_anc_7-2,0.445101,0.428584,0.212388,0.660569
Q_ind_49_anc_7-2,0.022105,0.000000,0.000000,0.175702
Q_ind_50_anc_7-2,0.339529,0.336923,0.179766,0.518575
Q_ind_51_anc_7-2,0.617563,0.620021,0.512040,0.712472
Q_ind_52_anc_7-2,0.539648,0.540442,0.444309,0.628717
Q_ind_53_anc_7-2,0.469921,0.469121,0.383465,0.561342
Q_ind_54_anc_7-2,0.528485,0.528841,0.432594,0.621149
Q_ind_55_anc_7-2,0.577549,0.578425,0.487402,0.668641
Q_ind_56_anc_7-2,0.573998,0.574375,0.476317,0.669815
Q_ind_57_anc_7-2,0.067476,0.011845,0.000000,0.220421
Q_ind_58_anc_7-2,0.544392,0.547176,0.430629,0.644520
Q_ind_59_anc_7-2,0.470215,0.471880,0.348874,0.578947
Q_ind_60_anc_7-2,0.598242,0.598871,0.508708,0.685871
Q_ind_61_anc_7-2,0.515555,0.513869,0.401474,0.630561
Q_ind_62_anc_7-2,0.489395,0.488138,0.392101,0.589646
Q_ind_63_anc_7-2,0.000063,0.000000,0.000000,0.000631
Q_ind_64_anc_7-2,0.000068,0.000000,0.000000,0.000733
Q_ind_65_anc_7-2,0.000145,0.000000,0.000000,0.001564
Q_ind_66_anc_7-2,0.000121,0.000000,0.000000,0.001425
Q_ind_67_anc_7-2,0.000087,0.000000,0.000000,0.000880
Q_ind_68_anc_7-2,0.001162,0.000000,0.000000,0.017845
Q_ind_69_anc_7-2,0.001326,0.000000,0.000000,0.017764
Q_ind_70_anc_7-2,0.132654,0.132298,0.061113,0.203514
Q_ind_71_anc_7-2,0.121817,0.123820,0.000000,0.203534
Q_ind_72_anc_7-2,0.044243,0.000246,0.000000,0.165602
Q_ind_73_anc_7-2,0.039415,0.014749,0.000000,0.142318
Q_ind_74_anc_7-2,0.047001,0.013815,0.000000,0.162991
Q_ind_75_anc_7-2,0.193435,0.193042,0.123169,0.262832
Q_ind_76_anc_7-2,0.024483,0.000018,0.000000,0.116655
Q_ind_77_anc_7-2,0.000156,0.000000,0.000000,0.001342
Q_ind_78_anc_7-2,0.000158,0.000000,0.000000,0.001813
Q_ind_79_anc_7-2,0.000449,0.000000,0.000000,0.005884
Q_ind_80_anc_7-2,0.000191,0.000000,0.000000,0.001973
Q_ind_81_anc_7-2,0.000813,0.000000,0.000000,0.011634
Q_ind_82_anc_7-2,0.000305,0.000000,0.000000,0.003147
Q_ind_83_anc_7-2,0.000141,0.000000,0.000000,0.001804
Q_ind_84_anc_7-2,0.000110,0.000000,0.000000,0.001199
Q_ind_85_anc_7-2,0.000160,0.000000,0.000000,0.001742
Q_ind_86_anc_7-2,0.000281,0.000000,0.000000,0.003181
Q_ind_87_anc_7-2,0.000192,0.000000,0.000000,0.001715
Q_ind_88_anc_7-2,0.000564,0.000000,0.000000,0.006440
Q_ind_89_anc_7-2,0.000544,0.000000,0.000000,0.006748
Q_ind_90_anc_7-2,0.009002,0.000000,0.000000,0.103971
Q_ind_91_anc_7-2,0.009928,0.000000,0.000000,0.090830
Q_ind_92_anc_7-2,0.004948,0.000000,0.000000,0.062819
Q_ind_93_anc_7-2,0.051798,0.028892,0.000000,0.175761
Q_ind_94_anc_7-2,0.000449,0.000000,0.000000,0.005291
Q_ind_95_anc_7-2,0.006689,0.000000,0.000000,0.072494
Q_ind_96_anc_7-2,0.008025,0.000000,0.000000,0.059995
Q_ind_97_anc_7-2,0.002515,0.000000,0.000000,0.031586
Q_ind_98_anc_7-2,0.002310,0.000000,0.000000,0.030785
Q_ind_99_anc_7-2,0.000562,0.000000,0.000000,0.007228
Q_ind_100_anc_7-2,0.000479,0.000000,0.000000,0.005618
Q_ind_101_anc_7-2,0.000175,0.000000,0.000000,0.001684
Q_ind_102_anc_7-2,0.000178,0.000000,0.000000,0.001657
Q_ind_103_anc_7-2,0.000336,0.000000,0.000000,0.004170
Q_ind_104_anc_7-2,0.000182,0.000000,0.000000,0.002243
Q_ind_105_anc_7-2,0.040551,0.033950,0.000000,0.131131
Q_ind_106_anc_7-2,0.021779,0.000000,0.000000,0.112583
Q_ind_107_anc_7-2,0.000355,0.000000,0.000000,0.004091
Q_ind_108_anc_7-2,0.000728,0.000000,0.000000,0.007681
Q_ind_109_anc_7-2,0.001643,0.000000,0.000000,0.022133
Q_ind_110_anc_7-2,0.002780,0.000000,0.000000,0.037673
Q_ind_111_anc_7-2,0.006425,0.000000,0.000000,0.061182
Q_ind_112_anc_7-2,0.080834,0.010364,0.000000,0.258304
Q_ind_113_anc_7-2,0.000496,0.000000,0.000000,0.006098
Q_ind_114_anc_7-2,0.011117,0.000000,0.000000,0.103013
Q_ind_115_anc_7-2,0.081493,0.085532,0.000000,0.203597
Q_ind_116_anc_7-2,0.006630,0.000000,0.000000,0.085063
Q_ind_117_anc_7-2,0.003009,0.000000,0.000000,0.043803
Q_ind_118_anc_7-2,0.063274,0.064984,0.000000,0.184798
Q_ind_119_anc_7-2,0.015166,0.000000,0.000000,0.101463
Q_ind_120_anc_7-2,0.003225,0.000000,0.000000,0.042882
Q_ind_121_anc_7-2,0.002006,0.000000,0.000000,0.027186
Q_ind_122_anc_7-2,0.002462,0.000000,0.000000,0.031893
Q_ind_123_anc_7-2,0.001868,0.000000,0.000000,0.028749
Q_ind_124_anc_7-2,0.157039,0.157484,0.072758,0.244360
Q_ind_125_anc_7-2,0.000143,0.000000,0.000000,0.001586
Q_ind_126_anc_7-2,0.000705,0.000000,0.000000,0.009518
Q_ind_127_anc_7-2,0.000492,0.000000,0.000000,0.005189
Q_ind_128_anc_7-2,0.000709,0.000000,0.000000,0.009421
Q_ind_129_anc_7-2,0.000283,0.000000,0.000000,0.003822
Q_ind_130_anc_7-2,0.000919,0.000000,0.000000,0.011274
Q_ind_131_anc_7-2,0.000200,0.000000,0.000000,0.001586
Q_ind_132_anc_7-2,0.000467,0.000000,0.000000,0.004784
Q_ind_133_anc_7-2,0.000516,0.000000,0.000000,0.006641
Q_ind_134_anc_7-2,0.005154,0.000000,0.000000,0.061566
Q_ind_135_anc_7-2,0.002021,0.000000,0.000000,0.027049
Q_ind_136_anc_7-2,0.017458,0.000000,0.000000,0.087015
Q_ind_137_anc_7-2,0.001731,0.000000,0.000000,0.025804
Q_ind_138_anc_7-2,0.000268,0.000000,0.000000,0.003114
Q_ind_139_anc_7-2,0.001394,0.000000,0.000000,0.020310
Q_ind_140_anc_7-2,0.002464,0.000000,0.000000,0.039203
Q_ind_141_anc_7-2,0.001770,0.000000,0.000000,0.025759
Q_ind_142_anc_7-2,0.000256,0.000000,0.000000,0.002718
Q_ind_143_anc_7-2,0.005542,0.000000,0.000000,0.059363
Q_ind_144_anc_7-2,0.000959,0.000000,0.000000,0.012220
Q_ind_145_anc_7-2,0.000080,0.000000,0.000000,0.001046
Q_ind_146_anc_7-2,0.000186,0.000000,0.000000,0.002308
Q_ind_147_anc_7-2,0.000181,0.000000,0.000000,0.002411
Q_ind_148_anc_7-2,0.000349,0.000000,0.000000,0.005034
Q_ind_149_anc_7-2,0.000130,0.000000,0.000000,0.001512
Q_ind_150_anc_7-2,0.000231,0.000000,0.000000,0.002356
Q_ind_151_anc_7-2,0.000324,0.000000,0.000000,0.004526
Q_ind_152_anc_7-2,0.000323,0.000000,0.000000,0.004443
Q_ind_153_anc_7-2,0.000105,0.000000,0.000000,0.001331
Q_ind_154_anc_7-2,0.000388,0.000000,0.000000,0.004848
Q_ind_155_anc_7-2,0.000585,0.000000,0.000000,0.008184
Q_ind_156_anc_7-2,0.000110,0.000000,0.000000,0.001077
Q_ind_157_anc_7-2,0.000288,0.000000,0.000000,0.003107
Q_ind_158_anc_7-2,0.000177,0.000000,0.000000,0.001709
Q_ind_159_anc_7-2,0.000088,0.000000,0.000000,0.000755
Q_ind_160_anc_7-2,0.000088,0.000000,0.000000,0.000745
Q_ind_161_anc_7-2,0.000095,0.000000,0.000000,0.001155
Q_ind_162_anc_7-2,0.000188,0.000000,0.000000,0.002142
Q_ind_163_anc_7-2,0.000093,0.000000,0.000000,0.001033
Q_ind_164_anc_7-2,0.000293,0.000000,0.000000,0.004137
Q_ind_165_anc_7-2,0.000395,0.000000,0.000000,0.005258
Q_ind_166_anc_7-2,0.000210,0.000000,0.000000,0.002708
Q_ind_167_anc_7-2,0.000791,0.000000,0.000000,0.008409
Q_ind_168_anc_7-2,0.000346,0.000000,0.000000,0.003510
Q_ind_169_anc_7-2,0.000403,0.000000,0.000000,0.005179
Q_ind_170_anc_7-2,0.000804,0.000000,0.000000,0.010149
Q_ind_171_anc_7-2,0.000241,0.000000,0.000000,0.002354
Q_ind_172_anc_7-2,0.008757,0.000000,0.000000,0.056208
Q_ind_173_anc_7-2,0.007074,0.000000,0.000000,0.081275
Q_ind_174_anc_7-2,0.000538,0.000000,0.000000,0.006060
Q_ind_175_anc_7-2,0.000915,0.000000,0.000000,0.012495
Q_ind_176_anc_7-2,0.001657,0.000000,0.000000,0.020046
Q_ind_177_anc_7-2,0.000202,0.000000,0.000000,0.002518
Q_ind_178_anc_7-2,0.000147,0.000000,0.000000,0.001726
Q_ind_179_anc_7-2,0.000141,0.000000,0.000000,0.001802
Q_ind_180_anc_7-2,0.000067,0.000000,0.000000,0.000653
Q_ind_181_anc_7-2,0.000889,0.000000,0.000000,0.007566
Q_ind_182_anc_7-2,0.000219,0.000000,0.000000,0.001980
Q_ind_183_anc_7-2,0.000089,0.000000,0.000000,0.001008
Q_ind_184_anc_7-2,0.000754,0.000000,0.000000,0.011848
Q_ind_185_anc_7-2,0.000478,0.000000,0.000000,0.005234
Q_ind_186_anc_7-2,0.009802,0.000000,0.000000,0.086255
Q_ind_187_anc_7-2,0.003416,0.000000,0.000000,0.049204
Q_ind_188_anc_7-2,0.002896,0.000000,0.000000,0.041872
Q_ind_189_anc_7-2,0.001240,0.000000,0.000000,0.017496
Q_ind_190_anc_7-2,0.002080,0.000000,0.000000,0.027236
Q_ind_191_anc_7-2,0.001275,0.000000,0.000000,0.017414
Q_ind_192_anc_7-2,0.000094,0.000000,0.000000,0.000849
Q_ind_193_anc_7-2,0.000232,0.000000,0.000000,0.002313
Q_ind_194_anc_7-2,0.000039,0.000000,0.000000,0.000449
Q_ind_195_anc_7-2,0.000112,0.000000,0.000000,0.001167
Q_ind_196_anc_7-2,0.000043,0.000000,0.000000,0.000424
Q_ind_197_anc_7-2,0.000041,0.000000,0.000000,0.000389
Q_ind_198_anc_7-2,0.000040,0.000000,0.000000,0.000429
Q_ind_199_anc_7-2,0.000099,0.000000,0.000000,0.001082
Q_ind_200_anc_7-2,0.000043,0.000000,0.000000,0.000425
Q_ind_201_anc_7-2,0.000813,0.000000,0.000000,0.011729
Q_ind_202_anc_7-2,0.000086,0.000000,0.000000,0.000901
Q_ind_203_anc_7-2,0.000235,0.000000,0.000000,0.002993
Q_ind_204_anc_7-2,0.000373,0.000000,0.000000,0.004857
Q_ind_205_anc_7-2,0.000859,0.000000,0.000000,0.010945
Q_ind_206_anc_7-2,0.000636,0.000000,0.000000,0.008576
Q_ind_207_anc_7-2,0.002414,0.000000,0.000000,0.030344
Q_ind_208_anc_7-2,0.000282,0.000000,0.000000,0.003471
Q_ind_209_anc_7-2,0.000392,0.000000,0.000000,0.003978
Q_ind_210_anc_7-2,0.000165,0.000000,0.000000,0.001656
Q_ind_211_anc_7-2,0.000344,0.000000,0.000000,0.003876
Q_ind_212_anc_7-2,0.000529,0.000000,0.000000,0.006829
Q_ind_213_anc_7-2,0.007642,0.000000,0.000000,0.090272
Q_ind_214_anc_7-2,0.001887,0.000000,0.000000,0.028027
Q_ind_215_anc_7-2,0.001177,0.000000,0.000000,0.014087
Q_ind_216_anc_7-2,0.001808,0.000000,0.000000,0.029693
Q_ind_217_anc_7-2,0.000454,0.000000,0.000000,0.006304
Q_ind_218_anc_7-2,0.000113,0.000000,0.000000,0.001146
Q_ind_219_anc_7-2,0.001812,0.000000,0.000000,0.030339
Q_ind_220_anc_7-2,0.003691,0.000000,0.000000,0.058006
Q_ind_221_anc_7-2,0.000324,0.000000,0.000000,0.003423
Q_ind_222_anc_7-2,0.000928,0.000000,0.000000,0.012958
Q_ind_223_anc_7-2,0.000153,0.000000,0.000000,0.001608
Q_ind_224_anc_7-2,0.000259,0.000000,0.000000,0.003180
Q_ind_225_anc_7-2,0.024529,0.000000,0.000000,0.150417
Q_ind_226_anc_7-2,0.000319,0.000000,0.000000,0.004200
Q_ind_227_anc_7-2,0.037979,0.000056,0.000000,0.181140
Q_ind_228_anc_7-2,0.016365,0.000000,0.000000,0.130499
Q_ind_229_anc_7-2,0.001323,0.000000,0.000000,0.015978
Q_ind_230_anc_7-2,0.004535,0.000000,0.000000,0.063605
Q_ind_231_anc_7-2,0.000112,0.000000,0.000000,0.001099
Q_ind_232_anc_7-2,0.001676,0.000000,0.000000,0.019986
Q_ind_233_anc_7-2,0.003366,0.000000,0.000000,0.052147
Q_ind_234_anc_7-2,0.167409,0.168998,0.078822,0.241996
Q_ind_235_anc_7-2,0.090269,0.109560,0.000000,0.216454
Q_ind_236_anc_7-2,0.149740,0.152647,0.047020,0.230146
Q_ind_237_anc_7-2,0.152823,0.151661,0.081650,0.226587
Q_ind_238_anc_7-2,0.175447,0.174578,0.101156,0.254005
Q_ind_239_anc_7-2,0.187616,0.185598,0.115061,0.266789
Q_ind_240_anc_7-2,0.289471,0.288751,0.205384,0.376518
Q_ind_241_anc_7-2,0.160765,0.159771,0.087723,0.238094
Q_ind_242_anc_7-2,0.184031,0.190671,0.000000,0.274651
Q_ind_243_anc_7-2,0.207775,0.207978,0.124336,0.287259
Q_ind_244_anc_7-2,0.146118,0.154567,0.000000,0.239946
Q_ind_245_anc_7-2,0.235532,0.236706,0.146350,0.322691
Q_ind_1_anc_7-3,0.000245,0.000000,0.000000,0.003229
Q_ind_2_anc_7-3,0.000470,0.000000,0.000000,0.005572
Q_ind_3_anc_7-3,0.000222,0.000000,0.000000,0.002398
Q_ind_4_anc_7-3,0.000564,0.000000,0.000000,0.007646
Q_ind_5_anc_7-3,0.001937,0.000000,0.000000,0.027501
Q_ind_6_anc_7-3,0.002101,0.000000,0.000000,0.024666
Q_ind_7_anc_7-3,0.000142,0.000000,0.000000,0.001469
Q_ind_8_anc_7-3,0.000257,0.000000,0.000000,0.003005
Q_ind_9_anc_7-3,0.000530,0.000000,0.000000,0.006465
Q_ind_10_anc_7-3,0.000215,0.000000,0.000000,0.002310
Q_ind_11_anc_7-3,0.001490,0.000000,0.000000,0.022892
Q_ind_12_anc_7-3,0.001342,0.000000,0.000000,0.017826
Q_ind_13_anc_7-3,0.000648,0.000000,0.000000,0.008966
Q_ind_14_anc_7-3,0.016588,0.000000,0.000000,0.126391
Q_ind_15_anc_7-3,0.020039,0.000000,0.000000,0.099618
Q_ind_16_anc_7-3,0.007528,0.000000,0.000000,0.093778
Q_ind_17_anc_7-3,0.022314,0.000078,0.000000,0.091215
Q_ind_18_anc_7-3,0.000875,0.000000,0.000000,0.011758
Q_ind_19_anc_7-3,0.005859,0.000000,0.000000,0.057999
Q_ind_20_anc_7-3,0.004900,0.000000,0.000000,0.056156
Q_ind_21_anc_7-3,0.007550,0.000000,0.000000,0.059995
Q_ind_22_anc_7-3,0.004326,0.000000,0.000000,0.049238
Q_ind_23_anc_7-3,0.001261,0.000000,0.000000,0.017068
Q_ind_24_anc_7-3,0.011048,0.000000,0.000000,0.093818
Q_ind_25_anc_7-3,0.001209,0.000000,0.000000,0.016204
Q_ind_26_anc_7-3,0.000256,0.000000,0.000000,0.003027
Q_ind_27_anc_7-3,0.001009,0.000000,0.000000,0.015477
Q_ind_28_anc_7-3,0.001559,0.000000,0.000000,0.021470
Q_ind_29_anc_7-3,0.015398,0.000028,0.000000,0.066894
Q_ind_30_anc_7-3,0.000554,0.000000,0.000000,0.006469
Q_ind_31_anc_7-3,0.000130,0.000000,0.000000,0.001632
Q_ind_32_anc_7-3,0.000439,0.000000,0.000000,0.003967
Q_ind_33_anc_7-3,0.000230,0.000000,0.000000,0.002635
Q_ind_34_anc_7-3,0.000136,0.000000,0.000000,0.001633
Q_ind_35_anc_7-3,0.000317,0.000000,0.000000,0.004197
Q_ind_36_anc_7-3,0.000073,0.000000,0.000000,0.000721
Q_ind_37_anc_7-3,0.000653,0.000000,0.000000,0.008890
Q_ind_38_anc_7-3,0.000082,0.000000,0.000000,0.000923
Q_ind_39_anc_7-3,0.000852,0.000000,0.000000,0.011438
Q_ind_40_anc_7-3,0.004572,0.000000,0.000000,0.047285
Q_ind_41_anc_7-3,0.001074,0.000000,0.000000,0.014714
Q_ind_42_anc_7-3,0.000277,0.000000,0.000000,0.002657
Q_ind_43_anc_7-3,0.000681,0.000000,0.000000,0.009284
Q_ind_44_anc_7-3,0.001415,0.000000,0.000000,0.020393
Q_ind_45_anc_7-3,0.000450,0.000000,0.000000,0.006115
Q_ind_46_anc_7-3,0.000169,0.000000,0.000000,0.002064
Q_ind_47_anc_7-3,0.001012,0.000000,0.000000,0.012691
Q_ind_48_anc_7-3,0.002548,0.000000,0.000000,0.034673
Q_ind_49_anc_7-3,0.000297,0.000000,0.000000,0.003479
Q_ind_50_anc_7-3,0.000259,0.000000,0.000000,0.002755
Q_ind_51_anc_7-3,0.000872,0.000000,0.000000,0.011738
Q_ind_52_anc_7-3,0.001071,0.000000,0.000000,0.013914
Q_ind_53_anc_7-3,0.000622,0.000000,0.000000,0.008293
Q_ind_54_anc_7-3,0.000144,0.000000,0.000000,0.001231
Q_ind_55_anc_7-3,0.000516,0.000000,0.000000,0.005500
Q_ind_56_anc_7-3,0.000534,0.000000,0.000000,0.005797
Q_ind_57_anc_7-3,0.001234,0.000000,0.000000,0.016562
Q_ind_58_anc_7-3,0.000359,0.000000,0.000000,0.004381
Q_ind_59_anc_7-3,0.008899,0.000000,0.000000,0.068872
Q_ind_60_anc_7-3,0.000238,0.000000,0.000000,0.002435
Q_ind_61_anc_7-3,0.001736,0.000000,0.000000,0.024562
Q_ind_62_anc_7-3,0.001240,0.000000,0.000000,0.018431
Q_ind_63_anc_7-3,0.000123,0.000000,0.000000,0.001347
Q_ind_64_anc_7-3,0.000050,0.000000,0.000000,0.000541
Q_ind_65_anc_7-3,0.000146,0.000000,0.000000,0.001630
Q_ind_66_anc_7-3,0.000126,0.000000,0.000000,0.001412
Q_ind_67_anc_7-3,0.000119,0.000000,0.000000,0.001305
Q_ind_68_anc_7-3,0.000779,0.000000,0.000000,0.011071
Q_ind_69_anc_7-3,0.001710,0.000000,0.000000,0.023777
Q_ind_70_anc_7-3,0.000242,0.000000,0.000000,0.002979
Q_ind_71_anc_7-3,0.000304,0.000000,0.000000,0.003612
Q_ind_72_anc_7-3,0.000704,0.000000,0.000000,0.011093
Q_ind_73_anc_7-3,0.000671,0.000000,0.000000,0.009104
Q_ind_74_anc_7-3,0.002007,0.000000,0.000000,0.024526
Q_ind_75_anc_7-3,0.000221,0.000000,0.000000,0.002866
Q_ind_76_anc_7-3,0.001554,0.000000,0.000000,0.018288
Q_ind_77_anc_7-3,0.000187,0.000000,0.000000,0.002005
Q_ind_78_anc_7-3,0.000227,0.000000,0.000000,0.002593
Q_ind_79_anc_7-3,0.000547,0.000000,0.000000,0.007428
Q_ind_80_anc_7-3,0.000249,0.000000,0.000000,0.002746
Q_ind_81_anc_7-3,0.003319,0.000000,0.000000,0.038401
Q_ind_82_anc_7-3,0.000757,0.000000,0.000000,0.008643
Q_ind_83_anc_7-3,0.000325,0.000000,0.000000,0.003503
Q_ind_84_anc_7-3,0.000300,0.000000,0.000000,0.003461
Q_ind_85_anc_7-3,0.000811,0.000000,0.000000,0.011044
Q_ind_86_anc_7-3,0.000347,0.000000,0.000000,0.003834
Q_ind_87_anc_7-3,0.000664,0.000000,0.000000,0.008351
Q_ind_88_anc_7-3,0.024382,0.000000,0.000000,0.226352
Q_ind_89_anc_7-3,0.204959,0.215423,0.000000,0.321470
Q_ind_90_anc_7-3,0.229104,0.231247,0.103952,0.338541
Q_ind_91_anc_7-3,0.011871,0.000000,0.000000,0.129346
Q_ind_92_anc_7-3,0.295342,0.298729,0.193558,0.378337
Q_ind_93_anc_7-3,0.001009,0.000000,0.000000,0.013178
Q_ind_94_anc_7-3,0.268907,0.269209,0.190038,0.345664
Q_ind_95_anc_7-3,0.004868,0.000000,0.000000,0.075811
Q_ind_96_anc_7-3,0.000807,0.000000,0.000000,0.011111
Q_ind_97_anc_7-3,0.000460,0.000000,0.000000,0.006182
Q_ind_98_anc_7-3,0.000250,0.000000,0.000000,0.003130
Q_ind_99_anc_7-3,0.217224,0.217159,0.156939,0.276045
Q_ind_100_anc_7-3,0.000558,0.000000,0.000000,0.007516
Q_ind_101_anc_7-3,0.000180,0.000000,0.000000,0.001685
Q_ind_102_anc_7-3,0.000275,0.000000,0.000000,0.003505
Q_ind_103_anc_7-3,0.000272,0.000000,0.000000,0.003368
Q_ind_104_anc_7-3,0.000127,0.000000,0.000000,0.001558
Q_ind_105_anc_7-3,0.111515,0.111670,0.057113,0.165571
Q_ind_106_anc_7-3,0.002485,0.000000,0.000000,0.032021
Q_ind_107_anc_7-3,0.000443,0.000000,0.000000,0.005599
Q_ind_108_anc_7-3,0.000510,0.000000,0.000000,0.006529
Q_ind_109_anc_7-3,0.000442,0.000000,0.000000,0.006172
Q_ind_110_anc_7-3,0.000191,0.000000,0.000000,0.002088
Q_ind_111_anc_7-3,0.000316,0.000000,0.000000,0.003137
Q_ind_112_anc_7-3,0.000433,0.000000,0.000000,0.004547
Q_ind_113_anc_7-3,0.000338,0.000000,0.000000,0.003896
Q_ind_114_anc_7-3,0.000354,0.000000,0.000000,0.004533
Q_ind_115_anc_7-3,0.000328,0.000000,0.000000,0.003926
Q_ind_116_anc_7-3,0.000272,0.000000,0.000000,0.003703
Q_ind_117_anc_7-3,0.000372,0.000000,0.000000,0.003813
Q_ind_118_anc_7-3,0.000570,0.000000,0.000000,0.007525
Q_ind_119_anc_7-3,0.001256,0.000000,0.000000,0.018679
Q_ind_120_anc_7-3,0.000175,0.000000,0.000000,0.002369
Q_ind_121_anc_7-3,0.000894,0.000000,0.000000,0.012813
Q_ind_122_anc_7-3,0.000380,0.000000,0.000000,0.003407
Q_ind_123_anc_7-3,0.001172,0.000000,0.000000,0.016760
Q_ind_124_anc_7-3,0.079506,0.078077,0.029664,0.134276
Q_ind_125_anc_7-3,0.000472,0.000000,0.000000,0.004582
Q_ind_126_anc_7-3,0.007597,0.000000,0.000000,0.086314
Q_ind_127_anc_7-3,0.059237,0.070276,0.000000,0.122178
Q_ind_128_anc_7-3,0.010321,0.000000,0.000000,0.083623
Q_ind_129_anc_7-3,0.000960,0.000000,0.000000,0.012506
Q_ind_130_anc_7-3,0.011495,0.000000,0.000000,0.083828
Q_ind_131_anc_7-3,0.008540,0.000000,0.000000,0.122627
Q_ind_132_anc_7-3,0.000506,0.000000,0.000000,0.006097
Q_ind_133_anc_7-3,0.000351,0.000000,0.000000,0.004934
Q_ind_134_anc_7-3,0.000734,0.000000,0.000000,0.009657
Q_ind_135_anc_7-3,0.000279,0.000000,0.000000,0.003131
Q_ind_136_anc_7-3,0.000553,0.000000,0.000000,0.005750
Q_ind_137_anc_7-3,0.000395,0.000000,0.000000,0.005170
Q_ind_138_anc_7-3,0.000331,0.000000,0.000000,0.004277
Q_ind_139_anc_7-3,0.000517,0.000000,0.000000,0.006916
Q_ind_140_anc_7-3,0.000251,0.000000,0.000000,0.002234
Q_ind_141_anc_7-3,0.000213,0.000000,0.000000,0.002447
Q_ind_142_anc_7-3,0.001089,0.000000,0.000000,0.018064
Q_ind_143_anc_7-3,0.000593,0.000000,0.000000,0.007488
Q_ind_144_anc_7-3,0.000154,0.000000,0.000000,0.001956
Q_ind_145_anc_7-3,0.000103,0.000000,0.000000,0.000993
Q_ind_146_anc_7-3,0.000534,0.000000,0.000000,0.006496
Q_ind_147_anc_7-3,0.000105,0.000000,0.000000,0.001001
Q_ind_148_anc_7-3,0.000424,0.000000,0.000000,0.004972
Q_ind_149_anc_7-3,0.107416,0.106183,0.058039,0.162094
Q_ind_150_anc_7-3,0.000121,0.000000,0.000000,0.001250
Q_ind_151_anc_7-3,0.000279,0.000000,0.000000,0.003198
Q_ind_152_anc_7-3,0.000186,0.000000,0.000000,0.002151
Q_ind_153_anc_7-3,0.000183,0.000000,0.000000,0.002165
Q_ind_154_anc_7-3,0.000386,0.000000,0.000000,0.005112
Q_ind_155_anc_7-3,0.109234,0.108698,0.049458,0.171605
Q_ind_156_anc_7-3,0.000380,0.000000,0.000000,0.005064
Q_ind_157_anc_7-3,0.001201,0.000000,0.000000,0.017717
Q_ind_158_anc_7-3,0.000645,0.000000,0.000000,0.005972
Q_ind_159_anc_7-3,0.000203,0.000000,0.000000,0.001837
Q_ind_160_anc_7-3,0.000201,0.000000,0.000000,0.002213
Q_ind_161_anc_7-3,0.000161,0.000000,0.000000,0.002154
Q_ind_162_anc_7-3,0.000205,0.000000,0.000000,0.002196
Q_ind_163_anc_7-3,0.000213,0.000000,0.000000,0.002096
Q_ind_164_anc_7-3,0.000393,0.000000,0.000000,0.005332
Q_ind_165_anc_7-3,0.000624,0.000000,0.000000,0.008178
Q_ind_166_anc_7-3,0.000299,0.000000,0.000000,0.003645
Q_ind_167_anc_7-3,0.000176,0.000000,0.000000,0.002107
Q_ind_168_anc_7-3,0.003052,0.000000,0.000000,0.039709
Q_ind_169_anc_7-3,0.000529,0.000000,0.000000,0.006366
Q_ind_170_anc_7-3,0.000330,0.000000,0.000000,0.003530
Q_ind_171_anc_7-3,0.002120,0.000000,0.000000,0.029813
Q_ind_172_anc_7-3,0.000280,0.000000,0.000000,0.003835
Q_ind_173_anc_7-3,0.000392,0.000000,0.000000,0.004124
Q_ind_174_anc_7-3,0.000294,0.000000,0.000000,0.003469
Q_ind_175_anc_7-3,0.003068,0.000000,0.000000,0.036673
Q_ind_176_anc_7-3,0.017267,0.000000,0.000000,0.101048
Q_ind_177_anc_7-3,0.000401,0.000000,0.000000,0.004497
Q_ind_178_anc_7-3,0.000339,0.000000,0.000000,0.004564
Q_ind_179_anc_7-3,0.000189,0.000000,0.000000,0.002401
Q_ind_180_anc_7-3,0.000334,0.000000,0.000000,0.003786
Q_ind_181_anc_7-3,0.021339,0.000000,0.000000,0.113373
Q_ind_182_anc_7-3,0.000459,0.000000,0.000000,0.005700
Q_ind_183_anc_7-3,0.000439,0.000000,0.000000,0.005793
Q_ind_184_anc_7-3,0.002074,0.000000,0.000000,0.025743
Q_ind_185_anc_7-3,0.000273,0.000000,0.000000,0.003775
Q_ind_186_anc_7-3,0.000316,0.000000,0.000000,0.003822
Q_ind_187_anc_7-3,0.000100,0.000000,0.000000,0.001121
Q_ind_188_anc_7-3,0.000169,0.000000,0.000000,0.002052
Q_ind_189_anc_7-3,0.000096,0.000000,0.000000,0.001002
Q_ind_190_anc_7-3,0.000552,0.000000,0.000000,0.008335
Q_ind_191_anc_7-3,0.000157,0.000000,0.000000,0.001830
Q_ind_192_anc_7-3,0.000117,0.000000,0.000000,0.001409
Q_ind_193_anc_7-3,0.000442,0.000000,0.000000,0.004819
Q_ind_194_anc_7-3,0.000036,0.000000,0.000000,0.000397
Q_ind_195_anc_7-3,0.000133,0.000000,0.000000,0.001425
Q_ind_196_anc_7-3,0.000051,0.000000,0.000000,0.000580
Q_ind_197_anc_7-3,0.000044,0.000000,0.000000,0.000415
Q_ind_198_anc_7-3,0.000037,0.000000,0.000000,0.000381
Q_ind_199_anc_7-3,0.000083,0.000000,0.000000,0.000823
Q_ind_200_anc_7-3,0.000070,0.000000,0.000000,0.000709
Q_ind_201_anc_7-3,0.000636,0.000000,0.000000,0.009681
Q_ind_202_anc_7-3,0.000154,0.000000,0.000000,0.001823
Q_ind_203_anc_7-3,0.000507,0.000000,0.000000,0.006410
Q_ind_204_anc_7-3,0.000532,0.000000,0.000000,0.006584
Q_ind_205_anc_7-3,0.000694,0.000000,0.000000,0.009168
Q_ind_206_anc_7-3,0.000971,0.000000,0.000000,0.013802
Q_ind_207_anc_7-3,0.002792,0.000000,0.000000,0.031900
Q_ind_208_anc_7-3,0.001657,0.000000,0.000000,0.021260
Q_ind_209_anc_7-3,0.000300,0.000000,0.000000,0.003136
Q_ind_210_anc_7-3,0.000178,0.000000,0.000000,0.001721
Q_ind_211_anc_7-3,0.000358,0.000000,0.000000,0.004841
Q_ind_212_anc_7-3,0.001187,0.000000,0.000000,0.017362
Q_ind_213_anc_7-3,0.001937,0.000000,0.000000,0.028284
Q_ind_214_anc_7-3,0.000627,0.000000,0.000000,0.006967
Q_ind_215_anc_7-3,0.001760,0.000000,0.000000,0.028155
Q_ind_216_anc_7-3,0.012794,0.000000,0.000000,0.079116
Q_ind_217_anc_7-3,0.000162,0.000000,0.000000,0.001991
Q_ind_218_anc_7-3,0.000305,0.000000,0.000000,0.003379
Q_ind_219_anc_7-3,0.005111,0.000000,0.000000,0.048201
Q_ind_220_anc_7-3,0.029194,0.001394,0.000000,0.103201
Q_ind_221_anc_7-3,0.002388,0.000000,0.000000,0.029032
Q_ind_222_anc_7-3,0.000576,0.000000,0.000000,0.005899
Q_ind_223_anc_7-3,0.000929,0.000000,0.000000,0.011963
Q_ind_224_anc_7-3,0.000605,0.000000,0.000000,0.005934
Q_ind_225_anc_7-3,0.077079,0.096618,0.000000,0.161491
Q_ind_226_anc_7-3,0.001630,0.000000,0.000000,0.024170
Q_ind_227_anc_7-3,0.041010,0.025811,0.000000,0.132048
Q_ind_228_anc_7-3,0.053588,0.058046,0.000000,0.139444
Q_ind_229_anc_7-3,0.045958,0.049320,0.000000,0.103788
Q_ind_230_anc_7-3,0.000701,0.000000,0.000000,0.008219
Q_ind_231_anc_7-3,0.000857,0.000000,0.000000,0.011915
Q_ind_232_anc_7-3,0.001996,0.000000,0.000000,0.028889
Q_ind_233_anc_7-3,0.108366,0.109661,0.048723,0.155692
Q_ind_234_anc_7-3,0.001458,0.000000,0.000000,0.021427
Q_ind_235_anc_7-3,0.000823,0.000000,0.000000,0.011566
Q_ind_236_anc_7-3,0.000136,0.000000,0.000000,0.001278
Q_ind_237_anc_7-3,0.000315,0.000000,0.000000,0.004012
Q_ind_238_anc_7-3,0.000211,0.000000,0.000000,0.002455
Q_ind_239_anc_7-3,0.000675,0.000000,0.000000,0.009325
Q_ind_240_anc_7-3,0.000150,0.000000,0.000000,0.001512
Q_ind_241_anc_7-3,0.000366,0.000000,0.000000,0.004764
Q_ind_242_anc_7-3,0.001517,0.000000,0.000000,0.018521
Q_ind_243_anc_7-3,0.000132,0.000000,0.000000,0.001584
Q_ind_244_anc_7-3,0.000381,0.000000,0.000000,0.004898
Q_ind_245_anc_7-3,0.000159,0.000000,0.000000,0.001922
Q_ind_1_anc_7-4,0.000147,0.000000,0.000000,0.001805
Q_ind_2_anc_7-4,0.000152,0.000000,0.000000,0.001567
Q_ind_3_anc_7-4,0.000537,0.000000,0.000000,0.006003
Q_ind_4_anc_7-4,0.000292,0.000000,0.000000,0.003936
Q_ind_5_anc_7-4,0.001071,0.000000,0.000000,0.015391
Q_ind_6_anc_7-4,0.001760,0.000000,0.000000,0.023423
Q_ind_7_anc_7-4,0.000121,0.000000,0.000000,0.001117
Q_ind_8_anc_7-4,0.000349,0.000000,0.000000,0.004437
Q_ind_9_anc_7-4,0.000244,0.000000,0.000000,0.002810
Q_ind_10_anc_7-4,0.000229,0.000000,0.000000,0.002601
Q_ind_11_anc_7-4,0.000968,0.000000,0.000000,0.015518
Q_ind_12_anc_7-4,0.000852,0.000000,0.000000,0.011123
Q_ind_13_anc_7-4,0.449843,0.453491,0.313310,0.570651
Q_ind_14_anc_7-4,0.401128,0.407674,0.223229,0.553111
Q_ind_15_anc_7-4,0.366854,0.368357,0.188842,0.527240
Q_ind_16_anc_7-4,0.466458,0.475545,0.287432,0.586367
Q_ind_17_anc_7-4,0.419998,0.408394,0.259145,0.619941
Q_ind_18_anc_7-4,0.527654,0.533511,0.373300,0.658562
Q_ind_19_anc_7-4,0.427909,0.432494,0.295528,0.542823
Q_ind_20_anc_7-4,0.523303,0.520082,0.406210,0.656394
Q_ind_21_anc_7-4,0.036689,0.022987,0.000000,0.128545
Q_ind_22_anc_7-4,0.001680,0.000000,0.000000,0.024727
Q_ind_23_anc_7-4,0.001071,0.000000,0.000000,0.013551
Q_ind_24_anc_7-4,0.011659,0.000000,0.000000,0.096408
Q_ind_25_anc_7-4,0.003342,0.000000,0.000000,0.048644
Q_ind_26_anc_7-4,0.000594,0.000000,0.000000,0.007920
Q_ind_27_anc_7-4,0.001142,0.000000,0.000000,0.016518
Q_ind_28_anc_7-4,0.000375,0.000000,0.000000,0.005427
Q_ind_29_anc_7-4,0.004640,0.000000,0.000000,0.052611
Q_ind_30_anc_7-4,0.000566,0.000000,0.000000,0.005522
Q_ind_31_anc_7-4,0.000189,0.000000,0.000000,0.001800
Q_ind_32_anc_7-4,0.000486,0.000000,0.000000,0.005799
Q_ind_33_anc_7-4,0.000713,0.000000,0.000000,0.009799
Q_ind_34_anc_7-4,0.000134,0.000000,0.000000,0.001583
Q_ind_35_anc_7-4,0.000325,0.000000,0.000000,0.003538
Q_ind_36_anc_7-4,0.000081,0.000000,0.000000,0.000805
Q_ind_37_anc_7-4,0.000441,0.000000,0.000000,0.006204
Q_ind_38_anc_7-4,0.000094,0.000000,0.000000,0.000883
Q_ind_39_anc_7-4,0.008522,0.000000,0.000000,0.171971
Q_ind_40_anc_7-4,0.001724,0.000000,0.000000,0.026095
Q_ind_41_anc_7-4,0.001108,0.000000,0.000000,0.014985
Q_ind_42_anc_7-4,0.000444,0.000000,0.000000,0.005102
Q_ind_43_anc_7-4,0.000426,0.000000,0.000000,0.005357
Q_ind_44_anc_7-4,0.000754,0.000000,0.000000,0.010846
Q_ind_45_anc_7-4,0.000368,0.000000,0.000000,0.004204
Q_ind_46_anc_7-4,0.000114,0.000000,0.000000,0.001279
Q_ind_47_anc_7-4,0.000329,0.000000,0.000000,0.004365
Q_ind_48_anc_7-4,0.000246,0.000000,0.000000,0.002744
Q_ind_49_anc_7-4,0.000486,0.000000,0.000000,0.006415
Q_ind_50_anc_7-4,0.000781,0.000000,0.000000,0.009456
Q_ind_51_anc_7-4,0.019549,0.000000,0.000000,0.129939
Q_ind_52_anc_7-4,0.005482,0.000000,0.000000,0.067626
Q_ind_53_anc_7-4,0.000330,0.000000,0.000000,0.002587
Q_ind_54_anc_7-4,0.005717,0.000000,0.000000,0.060334
Q_ind_55_anc_7-4,0.000686,0.000000,0.000000,0.008180
Q_ind_56_anc_7-4,0.000595,0.000000,0.000000,0.004984
Q_ind_57_anc_7-4,0.287737,0.287926,0.166295,0.403819
Q_ind_58_anc_7-4,0.001615,0.000000,0.000000,0.018061
Q_ind_59_anc_7-4,0.007122,0.000000,0.000000,0.087799
Q_ind_60_anc_7-4,0.015835,0.000000,0.000000,0.122320
Q_ind_61_anc_7-4,0.000681,0.000000,0.000000,0.006556
Q_ind_62_anc_7-4,0.001410,0.000000,0.000000,0.021212
Q_ind_63_anc_7-4,0.000087,0.000000,0.000000,0.000989
Q_ind_64_anc_7-4,0.000096,0.000000,0.000000,0.001101
Q_ind_65_anc_7-4,0.000102,0.000000,0.000000,0.001022
Q_ind_66_anc_7-4,0.000140,0.000000,0.000000,0.001474
Q_ind_67_anc_7-4,0.000079,0.000000,0.000000,0.000745
Q_ind_68_anc_7-4,0.001671,0.000000,0.000000,0.026498
Q_ind_69_anc_7-4,0.000841,0.000000,0.000000,0.012386
Q_ind_70_anc_7-4,0.000210,0.000000,0.000000,0.002560
Q_ind_71_anc_7-4,0.006527,0.000000,0.000000,0.102517
Q_ind_72_anc_7-4,0.034395,0.000000,0.000000,0.158240
Q_ind_73_anc_7-4,0.002189,0.000000,0.000000,0.036321
Q_ind_74_anc_7-4,0.000761,0.000000,0.000000,0.008626
Q_ind_75_anc_7-4,0.000541,0.000000,0.000000,0.004885
Q_ind_76_anc_7-4,0.002368,0.000000,0.000000,0.036954
Q_ind_77_anc_7-4,0.000379,0.000000,0.000000,0.004396
Q_ind_78_anc_7-4,0.000274,0.000000,0.000000,0.002900
Q_ind_79_anc_7-4,0.000679,0.000000,0.000000,0.008807
Q_ind_80_anc_7-4,0.000274,0.000000,0.000000,0.003356
Q_ind_81_anc_7-4,0.000526,0.000000,0.000000,0.005436
Q_ind_82_anc_7-4,0.000497,0.000000,0.000000,0.005942
Q_ind_83_anc_7-4,0.000428,0.000000,0.000000,0.005228
Q_ind_84_anc_7-4,0.000285,0.000000,0.000000,0.003640
Q_ind_85_anc_7-4,0.000348,0.000000,0.000000,0.004524
Q_ind_86_anc_7-4,0.000407,0.000000,0.000000,0.005293
Q_ind_87_anc_7-4,0.000311,0.000000,0.000000,0.003199
Q_ind_88_anc_7-4,0.001618,0.000000,0.000000,0.025267
Q_ind_89_anc_7-4,0.000384,0.000000,0.000000,0.004336
Q_ind_90_anc_7-4,0.001532,0.000000,0.000000,0.022119
Q_ind_91_anc_7-4,0.003809,0.000000,0.000000,0.057930
Q_ind_92_anc_7-4,0.004853,0.000000,0.000000,0.061106
Q_ind_93_anc_7-4,0.137387,0.146054,0.000000,0.325724
Q_ind_94_anc_7-4,0.000647,0.000000,0.000000,0.008932
Q_ind_95_anc_7-4,0.000527,0.000000,0.000000,0.005986
Q_ind_96_anc_7-4,0.000915,0.000000,0.000000,0.011460
Q_ind_97_anc_7-4,0.000751,0.000000,0.000000,0.010848
Q_ind_98_anc_7-4,0.885858,0.887305,0.807406,0.953318
Q_ind_99_anc_7-4,0.473287,0.472783,0.373714,0.575486
Q_ind_100_anc_7-4,0.000372,0.000000,0.000000,0.003534
Q_ind_101_anc_7-4,0.000357,0.000000,0.000000,0.004258
Q_ind_102_anc_7-4,0.000163,0.000000,0.000000,0.001350
Q_ind_103_anc_7-4,0.000596,0.000000,0.000000,0.007427
Q_ind_104_anc_7-4,0.000116,0.000000,0.000000,0.001325
Q_ind_105_anc_7-4,0.608548,0.607613,0.501990,0.721278
Q_ind_106_anc_7-4,0.014619,0.000000,0.000000,0.097566
Q_ind_107_anc_7-4,0.000282,0.000000,0.000000,0.001876
Q_ind_108_anc_7-4,0.003639,0.000000,0.000000,0.050519
Q_ind_109_anc_7-4,0.002455,0.000000,0.000000,0.043067
Q_ind_110_anc_7-4,0.004716,0.000000,0.000000,0.057300
Q_ind_111_anc_7-4,0.001597,0.000000,0.000000,0.022633
Q_ind_112_anc_7-4,0.015048,0.000000,0.000000,0.190423
Q_ind_113_anc_7-4,0.002737,0.000000,0.000000,0.034516
Q_ind_114_anc_7-4,0.003331,0.000000,0.000000,0.045685
Q_ind_115_anc_7-4,0.000545,0.000000,0.000000,0.006150
Q_ind_116_anc_7-4,0.000658,0.000000,0.000000,0.007510
Q_ind_117_anc_7-4,0.000763,0.000000,0.000000,0.011849
Q_ind_118_anc_7-4,0.012408,0.000000,0.000000,0.101878
Q_ind_119_anc_7-4,0.002130,0.000000,0.000000,0.037183
Q_ind_120_anc_7-4,0.000199,0.000000,0.000000,0.002295
Q_ind_121_anc_7-4,0.000456,0.000000,0.000000,0.005486
Q_ind_122_anc_7-4,0.001007,0.000000,0.000000,0.014010
Q_ind_123_anc_7-4,0.000862,0.000000,0.000000,0.012866
Q_ind_124_anc_7-4,0.016918,0.000000,0.000000,0.156489
Q_ind_125_anc_7-4,0.000260,0.000000,0.000000,0.003070
Q_ind_126_anc_7-4,0.002527,0.000000,0.000000,0.034238
Q_ind_127_anc_7-4,0.001916,0.000000,0.000000,0.023918
Q_ind_128_anc_7-4,0.001432,0.000000,0.000000,0.019921
Q_ind_129_anc_7-4,0.000790,0.000000,0.000000,0.009781
Q_ind_130_anc_7-4,0.001747,0.000000,0.000000,0.022889
Q_ind_131_anc_7-4,0.184179,0.193645,0.000000,0.270258
Q_ind_132_anc_7-4,0.004816,0.000000,0.000000,0.083117
Q_ind_133_anc_7-4,0.000450,0.000000,0.000000,0.006069
Q_ind_134_anc_7-4,0.006446,0.000000,0.000000,0.073959
Q_ind_135_anc_7-4,0.000671,0.000000,0.000000,0.009087
Q_ind_136_anc_7-4,0.001789,0.000000,0.000000,0.024772
Q_ind_137_anc_7-4,0.002427,0.000000,0.000000,0.035258
Q_ind_138_anc_7-4,0.000943,0.000000,0.000000,0.011103
Q_ind_139_anc_7-4,0.022955,0.000021,0.000000,0.107358
Q_ind_140_anc_7-4,0.018884,0.000000,0.000000,0.137762
Q_ind_141_anc_7-4,0.001085,0.000000,0.000000,0.016458
Q_ind_142_anc_7-4,0.259334,0.258853,0.177754,0.342296
Q_ind_143_anc_7-4,0.000943,0.000000,0.000000,0.013840
Q_ind_144_anc_7-4,0.002145,0.000000,0.000000,0.029584
Q_ind_145_anc_7-4,0.000133,0.000000,0.000000,0.001648
Q_ind_146_anc_7-4,0.003725,0.000000,0.000000,0.036652
Q_ind_147_anc_7-4,0.000144,0.000000,0.000000,0.001543
Q_ind_148_anc_7-4,0.000835,0.000000,0.000000,0.012368
Q_ind_149_anc_7-4,0.000116,0.000000,0.000000,0.001446
Q_ind_150_anc_7-4,0.000137,0.000000,0.000000,0.001377
Q_ind_151_anc_7-4,0.000265,0.000000,0.000000,0.003489
Q_ind_152_anc_7-4,0.000366,0.000000,0.000000,0.004949
Q_ind_153_anc_7-4,0.000119,0.000000,0.000000,0.001467
Q_ind_154_anc_7-4,0.000989,0.000000,0.000000,0.012944
Q_ind_155_anc_7-4,0.000935,0.000000,0.000000,0.014037
Q_ind_156_anc_7-4,0.000405,0.000000,0.000000,0.004882
Q_ind_157_anc_7-4,0.000641,0.000000,0.000000,0.008676
Q_ind_158_anc_7-4,0.000502,0.000000,0.000000,0.006766
Q_ind_159_anc_7-4,0.000253,0.000000,0.000000,0.002374
Q_ind_160_anc_7-4,0.000140,0.000000,0.000000,0.001420
Q_ind_161_anc_7-4,0.000105,0.000000,0.000000,0.001205
Q_ind_162_anc_7-4,0.000363,0.000000,0.000000,0.004408
Q_ind_163_anc_7-4,0.000160,0.000000,0.000000,0.001838
Q_ind_164_anc_7-4,0.000559,0.000000,0.000000,0.006634
Q_ind_165_anc_7-4,0.001181,0.000000,0.000000,0.016680
Q_ind_166_anc_7-4,0.000710,0.000000,0.000000,0.007712
Q_ind_167_anc_7-4,0.000473,0.000000,0.000000,0.004390
Q_ind_168_anc_7-4,0.145441,0.147096,0.035718,0.231198
Q_ind_169_anc_7-4,0.001838,0.000000,0.000000,0.024527
Q_ind_170_anc_7-4,0.003828,0.000000,0.000000,0.046710
Q_ind_171_anc_7-4,0.001038,0.000000,0.000000,0.013293
Q_ind_172_anc_7-4,0.001408,0.000000,0.000000,0.018905
Q_ind_173_anc_7-4,0.176370,0.179931,0.063850,0.260316
Q_ind_174_anc_7-4,0.001758,0.000000,0.000000,0.024425
Q_ind_175_anc_7-4,0.033431,0.000017,0.000000,0.143661
Q_ind_176_anc_7-4,0.005979,0.000000,0.000000,0.066508
Q_ind_177_anc_7-4,0.000414,0.000000,0.000000,0.004969
Q_ind_178_anc_7-4,0.000229,0.000000,0.000000,0.002288
Q_ind_179_anc_7-4,0.000508,0.000000,0.000000,0.007340
Q_ind_180_anc_7-4,0.000158,0.000000,0.000000,0.001721
Q_ind_181_anc_7-4,0.028880,0.000014,0.000000,0.118538
Q_ind_182_anc_7-4,0.000243,0.000000,0.000000,0.003122
Q_ind_183_anc_7-4,0.000257,0.000000,0.000000,0.002525
Q_ind_184_anc_7-4,0.001574,0.000000,0.000000,0.020424
Q_ind_185_anc_7-4,0.000783,0.000000,0.000000,0.009725
Q_ind_186_anc_7-4,0.003954,0.000000,0.000000,0.048541
Q_ind_187_anc_7-4,0.002347,0.000000,0.000000,0.033910
Q_ind_188_anc_7-4,0.002626,0.000000,0.000000,0.035083
Q_ind_189_anc_7-4,0.000795,0.000000,0.000000,0.008573
Q_ind_190_anc_7-4,0.002463,0.000000,0.000000,0.036424
Q_ind_191_anc_7-4,0.001267,0.000000,0.000000,0.012086
Q_ind_192_anc_7-4,0.000127,0.000000,0.000000,0.001681
Q_ind_193_anc_7-4,0.000576,0.000000,0.000000,0.006561
Q_ind_194_anc_7-4,0.000035,0.000000,0.000000,0.000386
Q_ind_195_anc_7-4,0.000116,0.000000,0.000000,0.001172
Q_ind_196_anc_7-4,0.000042,0.000000,0.000000,0.000484
Q_ind_197_anc_7-4,0.000038,0.000000,0.000000,0.000356
Q_ind_198_anc_7-4,0.000036,0.000000,0.000000,0.000355
Q_ind_199_anc_7-4,0.000157,0.000000,0.000000,0.001884
Q_ind_200_anc_7-4,0.000060,0.000000,0.000000,0.000681
Q_ind_201_anc_7-4,0.000731,0.000000,0.000000,0.010368
Q_ind_202_anc_7-4,0.000111,0.000000,0.000000,0.001188
Q_ind_203_anc_7-4,0.000311,0.000000,0.000000,0.002925
Q_ind_204_anc_7-4,0.000408,0.000000,0.000000,0.005164
Q_ind_205_anc_7-4,0.001057,0.000000,0.000000,0.014460
Q_ind_206_anc_7-4,0.000598,0.000000,0.000000,0.008418
Q_ind_207_anc_7-4,0.002990,0.000000,0.000000,0.036490
Q_ind_208_anc_7-4,0.000527,0.000000,0.000000,0.006877
Q_ind_209_anc_7-4,0.000234,0.000000,0.000000,0.001899
Q_ind_210_anc_7-4,0.000175,0.000000,0.000000,0.001686
Q_ind_211_anc_7-4,0.001045,0.000000,0.000000,0.013599
Q_ind_212_anc_7-4,0.000856,0.000000,0.000000,0.011715
Q_ind_213_anc_7-4,0.039748,0.003638,0.000000,0.146474
Q_ind_214_anc_7-4,0.020230,0.000000,0.000000,0.113376
Q_ind_215_anc_7-4,0.007250,0.000000,0.000000,0.069478
Q_ind_216_anc_7-4,0.002899,0.000000,0.000000,0.036477
Q_ind_217_anc_7-4,0.002049,0.000000,0.000000,0.028620
Q_ind_218_anc_7-4,0.134038,0.137523,0.000000,0.220879
Q_ind_219_anc_7-4,0.010692,0.000000,0.000000,0.095514
Q_ind_220_anc_7-4,0.024084,0.000000,0.000000,0.148365
Q_ind_221_anc_7-4,0.009594,0.000000,0.000000,0.130699
Q_ind_222_anc_7-4,0.010998,0.000000,0.000000,0.096540
Q_ind_223_anc_7-4,0.000451,0.000000,0.000000,0.005174
Q_ind_224_anc_7-4,0.003069,0.000000,0.000000,0.044703
Q_ind_225_anc_7-4,0.001486,0.000000,0.000000,0.021405
Q_ind_226_anc_7-4,0.001852,0.000000,0.000000,0.027276
Q_ind_227_anc_7-4,0.003871,0.000000,0.000000,0.064991
Q_ind_228_anc_7-4,0.001274,0.000000,0.000000,0.014942
Q_ind_229_anc_7-4,0.000610,0.000000,0.000000,0.007251
Q_ind_230_anc_7-4,0.006908,0.000000,0.000000,0.073278
Q_ind_231_anc_7-4,0.000570,0.000000,0.000000,0.006674
Q_ind_232_anc_7-4,0.001366,0.000000,0.000000,0.015372
Q_ind_233_anc_7-4,0.002400,0.000000,0.000000,0.035240
Q_ind_234_anc_7-4,0.000372,0.000000,0.000000,0.003372
Q_ind_235_anc_7-4,0.035692,0.000042,0.000000,0.135280
Q_ind_236_anc_7-4,0.006251,0.000000,0.000000,0.089479
Q_ind_237_anc_7-4,0.000402,0.000000,0.000000,0.004235
Q_ind_238_anc_7-4,0.000512,0.000000,0.000000,0.004813
Q_ind_239_anc_7-4,0.000607,0.000000,0.000000,0.007248
Q_ind_240_anc_7-4,0.000427,0.000000,0.000000,0.004212
Q_ind_241_anc_7-4,0.000285,0.000000,0.000000,0.002639
Q_ind_242_anc_7-4,0.007796,0.000000,0.000000,0.104925
Q_ind_243_anc_7-4,0.000332,0.000000,0.000000,0.003964
Q_ind_244_anc_7-4,0.016098,0.000000,0.000000,0.119826
Q_ind_245_anc_7-4,0.000215,0.000000,0.000000,0.002060
Q_ind_1_anc_7-5,0.000379,0.000000,0.000000,0.004721
Q_ind_2_anc_7-5,0.000257,0.000000,0.000000,0.003025
Q_ind_3_anc_7-5,0.000315,0.000000,0.000000,0.003253
Q_ind_4_anc_7-5,0.000375,0.000000,0.000000,0.004770
Q_ind_5_anc_7-5,0.017626,0.000000,0.000000,0.085545
Q_ind_6_anc_7-5,0.001075,0.000000,0.000000,0.016828
Q_ind_7_anc_7-5,0.000112,0.000000,0.000000,0.001288
Q_ind_8_anc_7-5,0.000557,0.000000,0.000000,0.006161
Q_ind_9_anc_7-5,0.000392,0.000000,0.000000,0.003789
Q_ind_10_anc_7-5,0.000175,0.000000,0.000000,0.001488
Q_ind_11_anc_7-5,0.000696,0.000000,0.000000,0.009207
Q_ind_12_anc_7-5,0.001010,0.000000,0.000000,0.015477
Q_ind_13_anc_7-5,0.000241,0.000000,0.000000,0.002412
Q_ind_14_anc_7-5,0.000379,0.000000,0.000000,0.004749
Q_ind_15_anc_7-5,0.000610,0.000000,0.000000,0.007029
Q_ind_16_anc_7-5,0.000190,0.000000,0.000000,0.002365
Q_ind_17_anc_7-5,0.000494,0.000000,0.000000,0.005217
Q_ind_18_anc_7-5,0.000489,0.000000,0.000000,0.005970
Q_ind_19_anc_7-5,0.000237,0.000000,0.000000,0.002529
Q_ind_20_anc_7-5,0.002851,0.000000,0.000000,0.039123
Q_ind_21_anc_7-5,0.001053,0.000000,0.000000,0.016083
Q_ind_22_anc_7-5,0.000434,0.000000,0.000000,0.005041
Q_ind_23_anc_7-5,0.000345,0.000000,0.000000,0.003905
Q_ind_24_anc_7-5,0.001627,0.000000,0.000000,0.023312
Q_ind_25_anc_7-5,0.000145,0.000000,0.000000,0.001336
Q_ind_26_anc_7-5,0.000275,0.000000,0.000000,0.002812
Q_ind_27_anc_7-5,0.000473,0.000000,0.000000,0.007089
Q_ind_28_anc_7-5,0.002414,0.000000,0.000000,0.030975
Q_ind_29_anc_7-5,0.000826,0.000000,0.000000,0.013607
Q_ind_30_anc_7-5,0.000381,0.000000,0.000000,0.005375
Q_ind_31_anc_7-5,0.000375,0.000000,0.000000,0.004566
Q_ind_32_anc_7-5,0.000524,0.000000,0.000000,0.006880
Q_ind_33_anc_7-5,0.000957,0.000000,0.000000,0.015630
Q_ind_34_anc_7-5,0.000270,0.000000,0.000000,0.003467
Q_ind_35_anc_7-5,0.000343,0.000000,0.000000,0.004467
Q_ind_36_anc_7-5,0.000087,0.000000,0.000000,0.000912
Q_ind_37_anc_7-5,0.001396,0.000000,0.000000,0.018453
Q_ind_38_anc_7-5,0.000203,0.000000,0.000000,0.002558
Q_ind_39_anc_7-5,0.002787,0.000000,0.000000,0.032856
Q_ind_40_anc_7-5,0.002887,0.000000,0.000000,0.039881
Q_ind_41_anc_7-5,0.001555,0.000000,0.000000,0.021443
Q_ind_42_anc_7-5,0.000243,0.000000,0.000000,0.002524
Q_ind_43_anc_7-5,0.000881,0.000000,0.000000,0.012918
Q_ind_44_anc_7-5,0.000257,0.000000,0.000000,0.002908
Q_ind_45_anc_7-5,0.000217,0.000000,0.000000,0.002405
Q_ind_46_anc_7-5,0.000151,0.000000,0.000000,0.001252
Q_ind_47_anc_7-5,0.001406,0.000000,0.000000,0.020370
Q_ind_48_anc_7-5,0.000247,0.000000,0.000000,0.003385
Q_ind_49_anc_7-5,0.000151,0.000000,0.000000,0.001639
Q_ind_50_anc_7-5,0.000444,0.000000,0.000000,0.006252
Q_ind_51_anc_7-5,0.000105,0.000000,0.000000,0.001086
Q_ind_52_anc_7-5,0.000106,0.000000,0.000000,0.001211
Q_ind_53_anc_7-5,0.000159,0.000000,0.000000,0.001406
Q_ind_54_anc_7-5,0.000644,0.000000,0.000000,0.007535
Q_ind_55_anc_7-5,0.000167,0.000000,0.000000,0.001917
Q_ind_56_anc_7-5,0.000242,0.000000,0.000000,0.002671
Q_ind_57_anc_7-5,0.000508,0.000000,0.000000,0.006362
Q_ind_58_anc_7-5,0.000232,0.000000,0.000000,0.002803
Q_ind_59_anc_7-5,0.000695,0.000000,0.000000,0.009858
Q_ind_60_anc_7-5,0.000478,0.000000,0.000000,0.005628
Q_ind_61_anc_7-5,0.000339,0.000000,0.000000,0.004295
Q_ind_62_anc_7-5,0.000276,0.000000,0.000000,0.003107
Q_ind_63_anc_7-5,0.000180,0.000000,0.000000,0.001476
Q_ind_64_anc_7-5,0.000116,0.000000,0.000000,0.001323
Q_ind_65_anc_7-5,0.000393,0.000000,0.000000,0.005895
Q_ind_66_anc_7-5,0.000120,0.000000,0.000000,0.001430
Q_ind_67_anc_7-5,0.000113,0.000000,0.000000,0.001074
Q_ind_68_anc_7-5,0.000299,0.000000,0.000000,0.002956
Q_ind_69_anc_7-5,0.010561,0.000000,0.000000,0.062348
Q_ind_70_anc_7-5,0.000265,0.000000,0.000000,0.002989
Q_ind_71_anc_7-5,0.000187,0.000000,0.000000,0.002371
Q_ind_72_anc_7-5,0.001037,0.000000,0.000000,0.015951
Q_ind_73_anc_7-5,0.001146,0.000000,0.000000,0.014725
Q_ind_74_anc_7-5,0.007618,0.000000,0.000000,0.069612
Q_ind_75_anc_7-5,0.001339,0.000000,0.000000,0.020277
Q_ind_76_anc_7-5,0.000840,0.000000,0.000000,0.010652
Q_ind_77_anc_7-5,0.000251,0.000000,0.000000,0.003329
Q_ind_78_anc_7-5,0.000382,0.000000,0.000000,0.004606
Q_ind_79_anc_7-5,0.000446,0.000000,0.000000,0.004901
Q_ind_80_anc_7-5,0.000427,0.000000,0.000000,0.006109
Q_ind_81_anc_7-5,0.000666,0.000000,0.000000,0.007866
Q_ind_82_anc_7-5,0.000591,0.000000,0.000000,0.007658
Q_ind_83_anc_7-5,0.000177,0.000000,0.000000,0.002122
Q_ind_84_anc_7-5,0.000340,0.000000,0.000000,0.004197
Q_ind_85_anc_7-5,0.000355,0.000000,0.000000,0.004391
Q_ind_86_anc_7-5,0.000355,0.000000,0.000000,0.004003
Q_ind_87_anc_7-5,0.000438,0.000000,0.000000,0.004678
Q_ind_88_anc_7-5,0.001238,0.000000,0.000000,0.018842
Q_ind_89_anc_7-5,0.000331,0.000000,0.000000,0.003152
Q_ind_90_anc_7-5,0.000409,0.000000,0.000000,0.004202
Q_ind_91_anc_7-5,0.000711,0.000000,0.000000,0.008341
Q_ind_92_anc_7-5,0.000810,0.000000,0.000000,0.009908
Q_ind_93_anc_7-5,0.000414,0.000000,0.000000,0.004820
Q_ind_94_anc_7-5,0.000490,0.000000,0.000000,0.006123
Q_ind_95_anc_7-5,0.001159,0.000000,0.000000,0.016509
Q_ind_96_anc_7-5,0.000449,0.000000,0.000000,0.005021
Q_ind_97_anc_7-5,0.002706,0.000000,0.000000,0.028553
Q_ind_98_anc_7-5,0.005619,0.000000,0.000000,0.053830
Q_ind_99_anc_7-5,0.000820,0.000000,0.000000,0.009915
Q_ind_100_anc_7-5,0.000205,0.000000,0.000000,0.002582
Q_ind_101_anc_7-5,0.000104,0.000000,0.000000,0.001028
Q_ind_102_anc_7-5,0.000106,0.000000,0.000000,0.001172
Q_ind_103_anc_7-5,0.000127,0.000000,0.000000,0.001143
Q_ind_104_anc_7-5,0.000113,0.000000,0.000000,0.001260
Q_ind_105_anc_7-5,0.007031,0.000000,0.000000,0.064289
Q_ind_106_anc_7-5,0.000256,0.000000,0.000000,0.003330
Q_ind_107_anc_7-5,0.000492,0.000000,0.000000,0.005897
Q_ind_108_anc_7-5,0.012486,0.000000,0.000000,0.077676
Q_ind_109_anc_7-5,0.001413,0.000000,0.000000,0.020028
Q_ind_110_anc_7-5,0.003904,0.000000,0.000000,0.043773
Q_ind_111_anc_7-5,0.009460,0.000000,0.000000,0.081942
Q_ind_112_anc_7-5,0.003873,0.000000,0.000000,0.047669
Q_ind_113_anc_7-5,0.000828,0.000000,0.000000,0.010657
Q_ind_114_anc_7-5,0.004947,0.000000,0.000000,0.062274
Q_ind_115_anc_7-5,0.000572,0.000000,0.000000,0.007669
Q_ind_116_anc_7-5,0.000118,0.000000,0.000000,0.001423
Q_ind_117_anc_7-5,0.000206,0.000000,0.000000,0.002567
Q_ind_118_anc_7-5,0.000661,0.000000,0.000000,0.008292
Q_ind_119_anc_7-5,0.000232,0.000000,0.000000,0.002734
Q_ind_120_anc_7-5,0.000336,0.000000,0.000000,0.003714
Q_ind_121_anc_7-5,0.000252,0.000000,0.000000,0.002334
Q_ind_122_anc_7-5,0.000201,0.000000,0.000000,0.002207
Q_ind_123_anc_7-5,0.000157,0.000000,0.000000,0.001706
Q_ind_124_anc_7-5,0.003273,0.000000,0.000000,0.044252
Q_ind_125_anc_7-5,0.001018,0.000000,0.000000,0.014740
Q_ind_126_anc_7-5,0.000475,0.000000,0.000000,0.005822
Q_ind_127_anc_7-5,0.000431,0.000000,0.000000,0.004342
Q_ind_128_anc_7-5,0.000756,0.000000,0.000000,0.009945
Q_ind_129_anc_7-5,0.000927,0.000000,0.000000,0.012266
Q_ind_130_anc_7-5,0.000509,0.000000,0.000000,0.007170
Q_ind_131_anc_7-5,0.001025,0.000000,0.000000,0.015028
Q_ind_132_anc_7-5,0.009661,0.000000,0.000000,0.080391
Q_ind_133_anc_7-5,0.000247,0.000000,0.000000,0.002990
Q_ind_134_anc_7-5,0.004310,0.000000,0.000000,0.037311
Q_ind_135_anc_7-5,0.000269,0.000000,0.000000,0.002827
Q_ind_136_anc_7-5,0.003421,0.000000,0.000000,0.038250
Q_ind_137_anc_7-5,0.000887,0.000000,0.000000,0.010625
Q_ind_138_anc_7-5,0.001269,0.000000,0.000000,0.017341
Q_ind_139_anc_7-5,0.008684,0.000000,0.000000,0.071001
Q_ind_140_anc_7-5,0.001255,0.000000,0.000000,0.015886
Q_ind_141_anc_7-5,0.002165,0.000000,0.000000,0.026081
Q_ind_142_anc_7-5,0.002327,0.000000,0.000000,0.031887
Q_ind_143_anc_7-5,0.000269,0.000000,0.000000,0.002948
Q_ind_144_anc_7-5,0.000707,0.000000,0.000000,0.009470
Q_ind_145_anc_7-5,0.000143,0.000000,0.000000,0.001584
Q_ind_146_anc_7-5,0.000284,0.000000,0.000000,0.003002
Q_ind_147_anc_7-5,0.000382,0.000000,0.000000,0.005270
Q_ind_148_anc_7-5,0.000417,0.000000,0.000000,0.003945
Q_ind_149_anc_7-5,0.000264,0.000000,0.000000,0.002704
Q_ind_150_anc_7-5,0.000327,0.000000,0.000000,0.004161
Q_ind_151_anc_7-5,0.000199,0.000000,0.000000,0.001914
Q_ind_152_anc_7-5,0.000201,0.000000,0.000000,0.002573
Q_ind_153_anc_7-5,0.000172,0.000000,0.000000,0.002106
Q_ind_154_anc_7-5,0.000594,0.000000,0.000000,0.008718
Q_ind_155_anc_7-5,0.001025,0.000000,0.000000,0.013921
Q_ind_156_anc_7-5,0.000493,0.000000,0.000000,0.005994
Q_ind_157_anc_7-5,0.000597,0.000000,0.000000,0.007918
Q_ind_158_anc_7-5,0.000454,0.000000,0.000000,0.006148
Q_ind_159_anc_7-5,0.000394,0.000000,0.000000,0.004172
Q_ind_160_anc_7-5,0.000422,0.000000,0.000000,0.005382
Q_ind_161_anc_7-5,0.000169,0.000000,0.000000,0.001309
Q_ind_162_anc_7-5,0.000283,0.000000,0.000000,0.003169
Q_ind_163_anc_7-5,0.000349,0.000000,0.000000,0.004490
Q_ind_164_anc_7-5,0.000572,0.000000,0.000000,0.007717
Q_ind_165_anc_7-5,0.000831,0.000000,0.000000,0.012387
Q_ind_166_anc_7-5,0.000992,0.000000,0.000000,0.013566
Q_ind_167_anc_7-5,0.000239,0.000000,0.000000,0.002041
Q_ind_168_anc_7-5,0.001401,0.000000,0.000000,0.021970
Q_ind_169_anc_7-5,0.000472,0.000000,0.000000,0.006378
Q_ind_170_anc_7-5,0.000185,0.000000,0.000000,0.002299
Q_ind_171_anc_7-5,0.000627,0.000000,0.000000,0.008930
Q_ind_172_anc_7-5,0.000478,0.000000,0.000000,0.006505
Q_ind_173_anc_7-5,0.000711,0.000000,0.000000,0.009837
Q_ind_174_anc_7-5,0.000157,0.000000,0.000000,0.001661
Q_ind_175_anc_7-5,0.009680,0.000000,0.000000,0.071343
Q_ind_176_anc_7-5,0.000250,0.000000,0.000000,0.003080
Q_ind_177_anc_7-5,0.000272,0.000000,0.000000,0.003083
Q_ind_178_anc_7-5,0.000193,0.000000,0.000000,0.002288
Q_ind_179_anc_7-5,0.000565,0.000000,0.000000,0.007530
Q_ind_180_anc_7-5,0.000143,0.000000,0.000000,0.001831
Q_ind_181_anc_7-5,0.003427,0.000000,0.000000,0.048174
Q_ind_182_anc_7-5,0.000276,0.000000,0.000000,0.003755
Q_ind_183_anc_7-5,0.000115,0.000000,0.000000,0.001108
Q_ind_184_anc_7-5,0.000552,0.000000,0.000000,0.007046
Q_ind_185_anc_7-5,0.001588,0.000000,0.000000,0.022632
Q_ind_186_anc_7-5,0.000522,0.000000,0.000000,0.006425
Q_ind_187_anc_7-5,0.000612,0.000000,0.000000,0.007332
Q_ind_188_anc_7-5,0.000644,0.000000,0.000000,0.008266
Q_ind_189_anc_7-5,0.001156,0.000000,0.000000,0.016243
Q_ind_190_anc_7-5,0.002352,0.000000,0.000000,0.032591
Q_ind_191_anc_7-5,0.000541,0.000000,0.000000,0.005991
Q_ind_192_anc_7-5,0.001915,0.000000,0.000000,0.028451
Q_ind_193_anc_7-5,0.000847,0.000000,0.000000,0.011690
Q_ind_194_anc_7-5,0.000069,0.000000,0.000000,0.000749
Q_ind_195_anc_7-5,0.000235,0.000000,0.000000,0.002248
Q_ind_196_anc_7-5,0.000106,0.000000,0.000000,0.001198
Q_ind_197_anc_7-5,0.000100,0.000000,0.000000,0.001022
Q_ind_198_anc_7-5,0.000064,0.000000,0.000000,0.000655
Q_ind_199_anc_7-5,0.000166,0.000000,0.000000,0.001865
Q_ind_200_anc_7-5,0.000119,0.000000,0.000000,0.001154
Q_ind_201_anc_7-5,0.055835,0.060396,0.000000,0.149565
Q_ind_202_anc_7-5,0.000240,0.000000,0.000000,0.003045
Q_ind_203_anc_7-5,0.000368,0.000000,0.000000,0.004445
Q_ind_204_anc_7-5,0.000444,0.000000,0.000000,0.004814
Q_ind_205_anc_7-5,0.000983,0.000000,0.000000,0.013870
Q_ind_206_anc_7-5,0.000362,0.000000,0.000000,0.003876
Q_ind_207_anc_7-5,0.001728,0.000000,0.000000,0.024361
Q_ind_208_anc_7-5,0.004344,0.000000,0.000000,0.054863
Q_ind_209_anc_7-5,0.000304,0.000000,0.000000,0.003288
Q_ind_210_anc_7-5,0.000610,0.000000,0.000000,0.007687
Q_ind_211_anc_7-5,0.000332,0.000000,0.000000,0.002647
Q_ind_212_anc_7-5,0.030139,0.000671,0.000000,0.116598
Q_ind_213_anc_7-5,0.003728,0.000000,0.000000,0.049890
Q_ind_214_anc_7-5,0.002041,0.000000,0.000000,0.026392
Q_ind_215_anc_7-5,0.000532,0.000000,0.000000,0.007152
Q_ind_216_anc_7-5,0.000785,0.000000,0.000000,0.009322
Q_ind_217_anc_7-5,0.000421,0.000000,0.000000,0.004921
Q_ind_218_anc_7-5,0.000326,0.000000,0.000000,0.003961
Q_ind_219_anc_7-5,0.001103,0.000000,0.000000,0.015651
Q_ind_220_anc_7-5,0.001005,0.000000,0.000000,0.015941
Q_ind_221_anc_7-5,0.000455,0.000000,0.000000,0.004384
Q_ind_222_anc_7-5,0.003107,0.000000,0.000000,0.036453
Q_ind_223_anc_7-5,0.005841,0.000000,0.000000,0.084857
Q_ind_224_anc_7-5,0.024488,0.000000,0.000000,0.126431
Q_ind_225_anc_7-5,0.018172,0.000000,0.000000,0.106723
Q_ind_226_anc_7-5,0.047215,0.032739,0.000000,0.136447
Q_ind_227_anc_7-5,0.013150,0.000000,0.000000,0.110890
Q_ind_228_anc_7-5,0.002767,0.000000,0.000000,0.038289
Q_ind_229_anc_7-5,0.000275,0.000000,0.000000,0.002737
Q_ind_230_anc_7-5,0.060686,0.065862,0.000000,0.155997
Q_ind_231_anc_7-5,0.111275,0.117147,0.000000,0.171547
Q_ind_232_anc_7-5,0.008534,0.000000,0.000000,0.071790
Q_ind_233_anc_7-5,0.007089,0.000000,0.000000,0.077456
Q_ind_234_anc_7-5,0.000212,0.000000,0.000000,0.002667
Q_ind_235_anc_7-5,0.000179,0.000000,0.000000,0.002040
Q_ind_236_anc_7-5,0.001413,0.000000,0.000000,0.019673
Q_ind_237_anc_7-5,0.000297,0.000000,0.000000,0.003209
Q_ind_238_anc_7-5,0.000193,0.000000,0.000000,0.001953
Q_ind_239_anc_7-5,0.001012,0.000000,0.000000,0.012909
Q_ind_240_anc_7-5,0.000313,0.000000,0.000000,0.003247
Q_ind_241_anc_7-5,0.000174,0.000000,0.000000,0.001825
Q_ind_242_anc_7-5,0.000794,0.000000,0.000000,0.010029
Q_ind_243_anc_7-5,0.000188,0.000000,0.000000,0.002404
Q_ind_244_anc_7-5,0.000290,0.000000,0.000000,0.003498
Q_ind_245_anc_7-5,0.000435,0.000000,0.000000,0.005569
Q_ind_1_anc_7-6,0.000291,0.000000,0.000000,0.003160
Q_ind_2_anc_7-6,0.000411,0.000000,0.000000,0.004652
Q_ind_3_anc_7-6,0.000243,0.000000,0.000000,0.002573
Q_ind_4_anc_7-6,0.000447,0.000000,0.000000,0.005500
Q_ind_5_anc_7-6,0.025496,0.000005,0.000000,0.110552
Q_ind_6_anc_7-6,0.000341,0.000000,0.000000,0.004148
Q_ind_7_anc_7-6,0.000120,0.000000,0.000000,0.001357
Q_ind_8_anc_7-6,0.000467,0.000000,0.000000,0.004376
Q_ind_9_anc_7-6,0.000532,0.000000,0.000000,0.006751
Q_ind_10_anc_7-6,0.000185,0.000000,0.000000,0.001976
Q_ind_11_anc_7-6,0.001407,0.000000,0.000000,0.017473
Q_ind_12_anc_7-6,0.000643,0.000000,0.000000,0.008036
Q_ind_13_anc_7-6,0.002521,0.000000,0.000000,0.031921
Q_ind_14_anc_7-6,0.000439,0.000000,0.000000,0.004928
Q_ind_15_anc_7-6,0.000318,0.000000,0.000000,0.003977
Q_ind_16_anc_7-6,0.000520,0.000000,0.000000,0.003892
Q_ind_17_anc_7-6,0.000623,0.000000,0.000000,0.007342
Q_ind_18_anc_7-6,0.020950,0.000000,0.000000,0.138124
Q_ind_19_anc_7-6,0.000684,0.000000,0.000000,0.008938
Q_ind_20_anc_7-6,0.119157,0.130482,0.000000,0.233098
Q_ind_21_anc_7-6,0.001490,0.000000,0.000000,0.019604
Q_ind_22_anc_7-6,0.001494,0.000000,0.000000,0.023085
Q_ind_23_anc_7-6,0.000708,0.000000,0.000000,0.008756
Q_ind_24_anc_7-6,0.009339,0.000000,0.000000,0.084541
Q_ind_25_anc_7-6,0.007624,0.000000,0.000000,0.069259
Q_ind_26_anc_7-6,0.000122,0.000000,0.000000,0.001325
Q_ind_27_anc_7-6,0.000481,0.000000,0.000000,0.004650
Q_ind_28_anc_7-6,0.000354,0.000000,0.000000,0.004177
Q_ind_29_anc_7-6,0.000684,0.000000,0.000000,0.007782
Q_ind_30_anc_7-6,0.000556,0.000000,0.000000,0.004792
Q_ind_31_anc_7-6,0.000360,0.000000,0.000000,0.004671
Q_ind_32_anc_7-6,0.001224,0.000000,0.000000,0.016909
Q_ind_33_anc_7-6,0.000398,0.000000,0.000000,0.003949
Q_ind_34_anc_7-6,0.000171,0.000000,0.000000,0.001872
Q_ind_35_anc_7-6,0.000298,0.000000,0.000000,0.002730
Q_ind_36_anc_7-6,0.000123,0.000000,0.000000,0.001350
Q_ind_37_anc_7-6,0.000545,0.000000,0.000000,0.007157
Q_ind_38_anc_7-6,0.000095,0.000000,0.000000,0.000951
Q_ind_39_anc_7-6,0.149429,0.157763,0.000177,0.232143
Q_ind_40_anc_7-6,0.001357,0.000000,0.000000,0.019264
Q_ind_41_anc_7-6,0.001048,0.000000,0.000000,0.014300
Q_ind_42_anc_7-6,0.000152,0.000000,0.000000,0.001792
Q_ind_43_anc_7-6,0.000854,0.000000,0.000000,0.008714
Q_ind_44_anc_7-6,0.001096,0.000000,0.000000,0.013223
Q_ind_45_anc_7-6,0.000405,0.000000,0.000000,0.003630
Q_ind_46_anc_7-6,0.000299,0.000000,0.000000,0.004170
Q_ind_47_anc_7-6,0.000318,0.000000,0.000000,0.003118
Q_ind_48_anc_7-6,0.000288,0.000000,0.000000,0.003825
Q_ind_49_anc_7-6,0.000661,0.000000,0.000000,0.008320
Q_ind_50_anc_7-6,0.000158,0.000000,0.000000,0.001415
Q_ind_51_anc_7-6,0.000391,0.000000,0.000000,0.004855
Q_ind_52_anc_7-6,0.000382,0.000000,0.000000,0.004799
Q_ind_53_anc_7-6,0.000404,0.000000,0.000000,0.004892
Q_ind_54_anc_7-6,0.000529,0.000000,0.000000,0.006786
Q_ind_55_anc_7-6,0.000455,0.000000,0.000000,0.007136
Q_ind_56_anc_7-6,0.000464,0.000000,0.000000,0.005357
Q_ind_57_anc_7-6,0.004648,0.000000,0.000000,0.053028
Q_ind_58_anc_7-6,0.000289,0.000000,0.000000,0.002402
Q_ind_59_anc_7-6,0.001184,0.000000,0.000000,0.011708
Q_ind_60_anc_7-6,0.000949,0.000000,0.000000,0.012086
Q_ind_61_anc_7-6,0.000426,0.000000,0.000000,0.005074
Q_ind_62_anc_7-6,0.000578,0.000000,0.000000,0.005622
Q_ind_63_anc_7-6,0.000154,0.000000,0.000000,0.001725
Q_ind_64_anc_7-6,0.000111,0.000000,0.000000,0.001389
Q_ind_65_anc_7-6,0.000170,0.000000,0.000000,0.001625
Q_ind_66_anc_7-6,0.000207,0.000000,0.000000,0.002171
Q_ind_67_anc_7-6,0.000150,0.000000,0.000000,0.001524
Q_ind_68_anc_7-6,0.000449,0.000000,0.000000,0.005489
Q_ind_69_anc_7-6,0.000460,0.000000,0.000000,0.005548
Q_ind_70_anc_7-6,0.000186,0.000000,0.000000,0.001934
Q_ind_71_anc_7-6,0.000417,0.000000,0.000000,0.002793
Q_ind_72_anc_7-6,0.005842,0.000000,0.000000,0.073146
Q_ind_73_anc_7-6,0.001490,0.000000,0.000000,0.020697
Q_ind_74_anc_7-6,0.006174,0.000000,0.000000,0.067236
Q_ind_75_anc_7-6,0.000510,0.000000,0.000000,0.006386
Q_ind_76_anc_7-6,0.000555,0.000000,0.000000,0.006967
Q_ind_77_anc_7-6,0.000211,0.000000,0.000000,0.001907
Q_ind_78_anc_7-6,0.000363,0.000000,0.000000,0.004371
Q_ind_79_anc_7-6,0.000583,0.000000,0.000000,0.008580
Q_ind_80_anc_7-6,0.000270,0.000000,0.000000,0.002953
Q_ind_81_anc_7-6,0.000888,0.000000,0.000000,0.012848
Q_ind_82_anc_7-6,0.000748,0.000000,0.000000,0.010386
Q_ind_83_anc_7-6,0.000517,0.000000,0.000000,0.004861
Q_ind_84_anc_7-6,0.000483,0.000000,0.000000,0.005112
Q_ind_85_anc_7-6,0.000552,0.000000,0.000000,0.006790
Q_ind_86_anc_7-6,0.000220,0.000000,0.000000,0.002539
Q_ind_87_anc_7-6,0.000855,0.000000,0.000000,0.010780
Q_ind_88_anc_7-6,0.001160,0.000000,0.000000,0.008127
Q_ind_89_anc_7-6,0.001506,0.000000,0.000000,0.022779
Q_ind_90_anc_7-6,0.001504,0.000000,0.000000,0.015132
Q_ind_91_anc_7-6,0.000685,0.000000,0.000000,0.011168
Q_ind_92_anc_7-6,0.000435,0.000000,0.000000,0.005156
Q_ind_93_anc_7-6,0.050890,0.000002,0.000000,0.249186
Q_ind_94_anc_7-6,0.001046,0.000000,0.000000,0.013946
Q_ind_95_anc_7-6,0.153497,0.193264,0.000000,0.341046
Q_ind_96_anc_7-6,0.000502,0.000000,0.000000,0.006037
Q_ind_97_anc_7-6,0.000400,0.000000,0.000000,0.004559
Q_ind_98_anc_7-6,0.010475,0.000000,0.000000,0.098278
Q_ind_99_anc_7-6,0.218693,0.218332,0.128991,0.310744
Q_ind_100_anc_7-6,0.000228,0.000000,0.000000,0.002287
Q_ind_101_anc_7-6,0.000200,0.000000,0.000000,0.002143
Q_ind_102_anc_7-6,0.000209,0.000000,0.000000,0.001948
Q_ind_103_anc_7-6,0.000473,0.000000,0.000000,0.006768
Q_ind_104_anc_7-6,0.000150,0.000000,0.000000,0.001712
Q_ind_105_anc_7-6,0.103419,0.105268,0.000000,0.204671
Q_ind_106_anc_7-6,0.001891,0.000000,0.000000,0.028751
Q_ind_107_anc_7-6,0.000265,0.000000,0.000000,0.003774
Q_ind_108_anc_7-6,0.001038,0.000000,0.000000,0.014727
Q_ind_109_anc_7-6,0.000511,0.000000,0.000000,0.005489
Q_ind_110_anc_7-6,0.003781,0.000000,0.000000,0.049843
Q_ind_111_anc_7-6,0.003064,0.000000,0.000000,0.035605
Q_ind_112_anc_7-6,0.016185,0.000000,0.000000,0.221478
Q_ind_113_anc_7-6,0.000812,0.000000,0.000000,0.010279
Q_ind_114_anc_7-6,0.013235,0.000000,0.000000,0.100345
Q_ind_115_anc_7-6,0.000241,0.000000,0.000000,0.002605
Q_ind_116_anc_7-6,0.001087,0.000000,0.000000,0.015746
Q_ind_117_anc_7-6,0.000251,0.000000,0.000000,0.002775
Q_ind_118_anc_7-6,0.000522,0.000000,0.000000,0.006444
Q_ind_119_anc_7-6,0.000309,0.000000,0.000000,0.002635
Q_ind_120_anc_7-6,0.000250,0.000000,0.000000,0.002809
Q_ind_121_anc_7-6,0.001057,0.000000,0.000000,0.015441
Q_ind_122_anc_7-6,0.000576,0.000000,0.000000,0.007629
Q_ind_123_anc_7-6,0.000456,0.000000,0.000000,0.004538
Q_ind_124_anc_7-6,0.194906,0.193660,0.106796,0.288741
Q_ind_125_anc_7-6,0.000548,0.000000,0.000000,0.006667
Q_ind_126_anc_7-6,0.001294,0.000000,0.000000,0.017746
Q_ind_127_anc_7-6,0.009541,0.000000,0.000000,0.085808
Q_ind_128_anc_7-6,0.013787,0.000000,0.000000,0.096601
Q_ind_129_anc_7-6,0.006863,0.000000,0.000000,0.058989
Q_ind_130_anc_7-6,0.009957,0.000000,0.000000,0.080355
Q_ind_131_anc_7-6,0.001341,0.000000,0.000000,0.018594
Q_ind_132_anc_7-6,0.091890,0.099734,0.000000,0.167658
Q_ind_133_anc_7-6,0.000345,0.000000,0.000000,0.002770
Q_ind_134_anc_7-6,0.002405,0.000000,0.000000,0.036432
Q_ind_135_anc_7-6,0.001020,0.000000,0.000000,0.013882
Q_ind_136_anc_7-6,0.003855,0.000000,0.000000,0.055498
Q_ind_137_anc_7-6,0.001038,0.000000,0.000000,0.014258
Q_ind_138_anc_7-6,0.000323,0.000000,0.000000,0.004040
Q_ind_139_anc_7-6,0.002804,0.000000,0.000000,0.042578
Q_ind_140_anc_7-6,0.001351,0.000000,0.000000,0.019539
Q_ind_141_anc_7-6,0.001526,0.000000,0.000000,0.020705
Q_ind_142_anc_7-6,0.004891,0.000000,0.000000,0.053205
Q_ind_143_anc_7-6,0.000210,0.000000,0.000000,0.002667
Q_ind_144_anc_7-6,0.001018,0.000000,0.000000,0.014267
Q_ind_145_anc_7-6,0.000160,0.000000,0.000000,0.001792
Q_ind_146_anc_7-6,0.000357,0.000000,0.000000,0.004442
Q_ind_147_anc_7-6,0.000674,0.000000,0.000000,0.008745
Q_ind_148_anc_7-6,0.002075,0.000000,0.000000,0.025512
Q_ind_149_anc_7-6,0.000166,0.000000,0.000000,0.002237
Q_ind_150_anc_7-6,0.000500,0.000000,0.000000,0.006628
Q_ind_151_anc_7-6,0.000197,0.000000,0.000000,0.001863
Q_ind_152_anc_7-6,0.000426,0.000000,0.000000,0.005701
Q_ind_153_anc_7-6,0.000341,0.000000,0.000000,0.004912
Q_ind_154_anc_7-6,0.001997,0.000000,0.000000,0.021314
Q_ind_155_anc_7-6,0.000697,0.000000,0.000000,0.006901
Q_ind_156_anc_7-6,0.000170,0.000000,0.000000,0.001807
Q_ind_157_anc_7-6,0.000846,0.000000,0.000000,0.012245
Q_ind_158_anc_7-6,0.000562,0.000000,0.000000,0.007217
Q_ind_159_anc_7-6,0.000351,0.000000,0.000000,0.004709
Q_ind_160_anc_7-6,0.000216,0.000000,0.000000,0.002295
Q_ind_161_anc_7-6,0.000242,0.000000,0.000000,0.003104
Q_ind_162_anc_7-6,0.000430,0.000000,0.000000,0.004946
Q_ind_163_anc_7-6,0.000213,0.000000,0.000000,0.002783
Q_ind_164_anc_7-6,0.000353,0.000000,0.000000,0.003370
Q_ind_165_anc_7-6,0.000735,0.000000,0.000000,0.009244
Q_ind_166_anc_7-6,0.000505,0.000000,0.000000,0.005566
Q_ind_167_anc_7-6,0.000392,0.000000,0.000000,0.004156
Q_ind_168_anc_7-6,0.001896,0.000000,0.000000,0.026057
Q_ind_169_anc_7-6,0.002101,0.000000,0.000000,0.031072
Q_ind_170_anc_7-6,0.000609,0.000000,0.000000,0.007498
Q_ind_171_anc_7-6,0.000655,0.000000,0.000000,0.006619
Q_ind_172_anc_7-6,0.000476,0.000000,0.000000,0.006240
Q_ind_173_anc_7-6,0.000348,0.000000,0.000000,0.004495
Q_ind_174_anc_7-6,0.000612,0.000000,0.000000,0.007711
Q_ind_175_anc_7-6,0.002725,0.000000,0.000000,0.037592
Q_ind_176_anc_7-6,0.051816,0.055430,0.000000,0.135288
Q_ind_177_anc_7-6,0.000195,0.000000,0.000000,0.001632
Q_ind_178_anc_7-6,0.000588,0.000000,0.000000,0.007744
Q_ind_179_anc_7-6,0.000297,0.000000,0.000000,0.003786
Q_ind_180_anc_7-6,0.000166,0.000000,0.000000,0.001785
Q_ind_181_anc_7-6,0.010691,0.000000,0.000000,0.094131
Q_ind_182_anc_7-6,0.000264,0.000000,0.000000,0.002828
Q_ind_183_anc_7-6,0.000222,0.000000,0.000000,0.002159
Q_ind_184_anc_7-6,0.001605,0.000000,0.000000,0.021835
Q_ind_185_anc_7-6,0.000535,0.000000,0.000000,0.006330
Q_ind_186_anc_7-6,0.001402,0.000000,0.000000,0.021427
Q_ind_187_anc_7-6,0.000819,0.000000,0.000000,0.011723
Q_ind_188_anc_7-6,0.003764,0.000000,0.000000,0.049037
Q_ind_189_anc_7-6,0.000465,0.000000,0.000000,0.006108
Q_ind_190_anc_7-6,0.004631,0.000000,0.000000,0.058546
Q_ind_191_anc_7-6,0.000665,0.000000,0.000000,0.008953
Q_ind_192_anc_7-6,0.000221,0.000000,0.000000,0.002133
Q_ind_193_anc_7-6,0.000443,0.000000,0.000000,0.005769
Q_ind_194_anc_7-6,0.000051,0.000000,0.000000,0.000512
Q_ind_195_anc_7-6,0.000136,0.000000,0.000000,0.001634
Q_ind_196_anc_7-6,0.000060,0.000000,0.000000,0.000670
Q_ind_197_anc_7-6,0.000063,0.000000,0.000000,0.000647
Q_ind_198_anc_7-6,0.000074,0.000000,0.000000,0.000772
Q_ind_199_anc_7-6,0.000146,0.000000,0.000000,0.001751
Q_ind_200_anc_7-6,0.000078,0.000000,0.000000,0.000989
Q_ind_201_anc_7-6,0.000632,0.000000,0.000000,0.006858
Q_ind_202_anc_7-6,0.000162,0.000000,0.000000,0.001733
Q_ind_203_anc_7-6,0.000181,0.000000,0.000000,0.002131
Q_ind_204_anc_7-6,0.000626,0.000000,0.000000,0.007660
Q_ind_205_anc_7-6,0.000350,0.000000,0.000000,0.003612
Q_ind_206_anc_7-6,0.000701,0.000000,0.000000,0.010409
Q_ind_207_anc_7-6,0.001770,0.000000,0.000000,0.025976
Q_ind_208_anc_7-6,0.013308,0.000000,0.000000,0.075451
Q_ind_209_anc_7-6,0.000243,0.000000,0.000000,0.002974
Q_ind_210_anc_7-6,0.000523,0.000000,0.000000,0.006961
Q_ind_211_anc_7-6,0.000249,0.000000,0.000000,0.001900
Q_ind_212_anc_7-6,0.290141,0.286195,0.159652,0.432723
Q_ind_213_anc_7-6,0.019282,0.000000,0.000000,0.107069
Q_ind_214_anc_7-6,0.021723,0.000001,0.000000,0.099667
Q_ind_215_anc_7-6,0.001506,0.000000,0.000000,0.022062
Q_ind_216_anc_7-6,0.005200,0.000000,0.000000,0.061109
Q_ind_217_anc_7-6,0.001255,0.000000,0.000000,0.016149
Q_ind_218_anc_7-6,0.006428,0.000000,0.000000,0.086385
Q_ind_219_anc_7-6,0.015695,0.000000,0.000000,0.091196
Q_ind_220_anc_7-6,0.040017,0.000408,0.000000,0.142593
Q_ind_221_anc_7-6,0.121988,0.126346,0.000000,0.190389
Q_ind_222_anc_7-6,0.009752,0.000000,0.000000,0.091930
Q_ind_223_anc_7-6,0.117977,0.120851,0.000000,0.195270
Q_ind_224_anc_7-6,0.303010,0.309327,0.180111,0.396842
Q_ind_225_anc_7-6,0.002934,0.000000,0.000000,0.044373
Q_ind_226_anc_7-6,0.072196,0.070299,0.000000,0.198796
Q_ind_227_anc_7-6,0.026414,0.000000,0.000000,0.180089
Q_ind_228_anc_7-6,0.010611,0.000000,0.000000,0.122702
Q_ind_229_anc_7-6,0.002971,0.000000,0.000000,0.047300
Q_ind_230_anc_7-6,0.070861,0.052129,0.000000,0.209035
Q_ind_231_anc_7-6,0.017723,0.000000,0.000000,0.167522
Q_ind_232_anc_7-6,0.317439,0.317303,0.235356,0.400260
Q_ind_233_anc_7-6,0.003486,0.000000,0.000000,0.052248
Q_ind_234_anc_7-6,0.000206,0.000000,0.000000,0.002462
Q_ind_235_anc_7-6,0.001785,0.000000,0.000000,0.024884
Q_ind_236_anc_7-6,0.000973,0.000000,0.000000,0.014448
Q_ind_237_anc_7-6,0.000248,0.000000,0.000000,0.002337
Q_ind_238_anc_7-6,0.000531,0.000000,0.000000,0.006345
Q_ind_239_anc_7-6,0.000383,0.000000,0.000000,0.004068
Q_ind_240_anc_7-6,0.000322,0.000000,0.000000,0.003637
Q_ind_241_anc_7-6,0.000117,0.000000,0.000000,0.001478
Q_ind_242_anc_7-6,0.001500,0.000000,0.000000,0.019695
Q_ind_243_anc_7-6,0.000246,0.000000,0.000000,0.002706
Q_ind_244_anc_7-6,0.000723,0.000000,0.000000,0.008576
Q_ind_245_anc_7-6,0.000642,0.000000,0.000000,0.006712
Q_ind_1_anc_7-7,0.000084,0.000000,0.000000,0.000998
Q_ind_2_anc_7-7,0.000080,0.000000,0.000000,0.000771
Q_ind_3_anc_7-7,0.000124,0.000000,0.000000,0.001355
Q_ind_4_anc_7-7,0.000214,0.000000,0.000000,0.002372
Q_ind_5_anc_7-7,0.000052,0.000000,0.000000,0.000544
Q_ind_6_anc_7-7,0.000104,0.000000,0.000000,0.001105
Q_ind_7_anc_7-7,0.000053,0.000000,0.000000,0.000702
Q_ind_8_anc_7-7,0.000122,0.000000,0.000000,0.001292
Q_ind_9_anc_7-7,0.000127,0.000000,0.000000,0.001522
Q_ind_10_anc_7-7,0.000079,0.000000,0.000000,0.000929
Q_ind_11_anc_7-7,0.000750,0.000000,0.000000,0.010283
Q_ind_12_anc_7-7,0.000120,0.000000,0.000000,0.001185
Q_ind_13_anc_7-7,0.000604,0.000000,0.000000,0.008200
Q_ind_14_anc_7-7,0.000977,0.000000,0.000000,0.009278
Q_ind_15_anc_7-7,0.004347,0.000000,0.000000,0.057073
Q_ind_16_anc_7-7,0.000776,0.000000,0.000000,0.009794
Q_ind_17_anc_7-7,0.001499,0.000000,0.000000,0.020939
Q_ind_18_anc_7-7,0.005115,0.000000,0.000000,0.059104
Q_ind_19_anc_7-7,0.000855,0.000000,0.000000,0.012666
Q_ind_20_anc_7-7,0.000102,0.000000,0.000000,0.001255
Q_ind_21_anc_7-7,0.001087,0.000000,0.000000,0.016687
Q_ind_22_anc_7-7,0.000441,0.000000,0.000000,0.004521
Q_ind_23_anc_7-7,0.000152,0.000000,0.000000,0.001437
Q_ind_24_anc_7-7,0.000290,0.000000,0.000000,0.003544
Q_ind_25_anc_7-7,0.000381,0.000000,0.000000,0.003547
Q_ind_26_anc_7-7,0.000120,0.000000,0.000000,0.000936
Q_ind_27_anc_7-7,0.000189,0.000000,0.000000,0.002263
Q_ind_28_anc_7-7,0.000153,0.000000,0.000000,0.002024
Q_ind_29_anc_7-7,0.000258,0.000000,0.000000,0.002945
Q_ind_30_anc_7-7,0.000177,0.000000,0.000000,0.002355
Q_ind_31_anc_7-7,0.000086,0.000000,0.000000,0.001001
Q_ind_32_anc_7-7,0.000860,0.000000,0.000000,0.011724
Q_ind_33_anc_7-7,0.000155,0.000000,0.000000,0.001468
Q_ind_34_anc_7-7,0.000124,0.000000,0.000000,0.001329
Q_ind_35_anc_7-7,0.000111,0.000000,0.000000,0.001130
Q_ind_36_anc_7-7,0.000098,0.000000,0.000000,0.001083
Q_ind_37_anc_7-7,0.000346,0.000000,0.000000,0.004540
Q_ind_38_anc_7-7,0.000095,0.000000,0.000000,0.001115
Q_ind_39_anc_7-7,0.000090,0.000000,0.000000,0.000985
Q_ind_40_anc_7-7,0.000452,0.000000,0.000000,0.005331
Q_ind_41_anc_7-7,0.000119,0.000000,0.000000,0.001123
Q_ind_42_anc_7-7,0.168376,0.156600,0.076027,0.321762
Q_ind_43_anc_7-7,0.145971,0.144521,0.068253,0.232865
Q_ind_44_anc_7-7,0.141911,0.151749,0.000000,0.254150
Q_ind_45_anc_7-7,0.231841,0.222386,0.105801,0.366480
Q_ind_46_anc_7-7,0.153442,0.157585,0.018020,0.248707
Q_ind_47_anc_7-7,0.234298,0.231389,0.140369,0.338592
Q_ind_48_anc_7-7,0.098710,0.112139,0.000000,0.234455
Q_ind_49_anc_7-7,0.354075,0.357665,0.267420,0.414124
Q_ind_50_anc_7-7,0.171328,0.172427,0.076314,0.264090
Q_ind_51_anc_7-7,0.018769,0.000000,0.000000,0.107562
Q_ind_52_anc_7-7,0.072856,0.077590,0.000000,0.163868
Q_ind_53_anc_7-7,0.148179,0.147383,0.079059,0.222142
Q_ind_54_anc_7-7,0.123928,0.122060,0.052110,0.202481
Q_ind_55_anc_7-7,0.117838,0.122652,0.000000,0.196007
Q_ind_56_anc_7-7,0.105707,0.110854,0.000000,0.194868
Q_ind_57_anc_7-7,0.000164,0.000000,0.000000,0.002005
Q_ind_58_anc_7-7,0.148274,0.146800,0.078299,0.224588
Q_ind_59_anc_7-7,0.176921,0.177653,0.071843,0.271548
Q_ind_60_anc_7-7,0.080032,0.082012,0.000000,0.164251
Q_ind_61_anc_7-7,0.161880,0.168087,0.000000,0.253036
Q_ind_62_anc_7-7,0.185382,0.185749,0.098945,0.275175
Q_ind_63_anc_7-7,0.000077,0.000000,0.000000,0.000828
Q_ind_64_anc_7-7,0.000249,0.000000,0.000000,0.003189
Q_ind_65_anc_7-7,0.000473,0.000000,0.000000,0.006635
Q_ind_66_anc_7-7,0.000198,0.000000,0.000000,0.002403
Q_ind_67_anc_7-7,0.000074,0.000000,0.000000,0.000838
Q_ind_68_anc_7-7,0.000505,0.000000,0.000000,0.007379
Q_ind_69_anc_7-7,0.000239,0.000000,0.000000,0.003242
Q_ind_70_anc_7-7,0.000119,0.000000,0.000000,0.001516
Q_ind_71_anc_7-7,0.000218,0.000000,0.000000,0.002853
Q_ind_72_anc_7-7,0.006744,0.000000,0.000000,0.067276
Q_ind_73_anc_7-7,0.011600,0.001465,0.000000,0.053782
Q_ind_74_anc_7-7,0.000372,0.000000,0.000000,0.004444
Q_ind_75_anc_7-7,0.000078,0.000000,0.000000,0.000835
Q_ind_76_anc_7-7,0.003927,0.000000,0.000000,0.039648
Q_ind_77_anc_7-7,0.000054,0.000000,0.000000,0.000575
Q_ind_78_anc_7-7,0.000137,0.000000,0.000000,0.001406
Q_ind_79_anc_7-7,0.000219,0.000000,0.000000,0.002429
Q_ind_80_anc_7-7,0.000202,0.000000,0.000000,0.002427
Q_ind_81_anc_7-7,0.000371,0.000000,0.000000,0.004411
Q_ind_82_anc_7-7,0.000283,0.000000,0.000000,0.003547
Q_ind_83_anc_7-7,0.000215,0.000000,0.000000,0.002911
Q_ind_84_anc_7-7,0.000195,0.000000,0.000000,0.002483
Q_ind_85_anc_7-7,0.000082,0.000000,0.000000,0.000821
Q_ind_86_anc_7-7,0.000155,0.000000,0.000000,0.001566
Q_ind_87_anc_7-7,0.002165,0.000000,0.000000,0.018010
Q_ind_88_anc_7-7,0.102342,0.119826,0.000000,0.182431
Q_ind_89_anc_7-7,0.051047,0.049887,0.000000,0.128702
Q_ind_90_anc_7-7,0.057800,0.057709,0.000000,0.152236
Q_ind_91_anc_7-7,0.139709,0.146284,0.055827,0.205484
Q_ind_92_anc_7-7,0.008055,0.000000,0.000000,0.072921
Q_ind_93_anc_7-7,0.022191,0.000001,0.000000,0.120313
Q_ind_94_anc_7-7,0.000261,0.000000,0.000000,0.003047
Q_ind_95_anc_7-7,0.077924,0.041254,0.000000,0.211948
Q_ind_96_anc_7-7,0.979170,0.983773,0.930471,0.999662
Q_ind_97_anc_7-7,0.959022,0.964144,0.895397,0.998292
Q_ind_98_anc_7-7,0.000108,0.000000,0.000000,0.001346
Q_ind_99_anc_7-7,0.000085,0.000000,0.000000,0.000702
Q_ind_100_anc_7-7,0.992808,0.995431,0.971815,0.999969
Q_ind_101_anc_7-7,0.996388,0.998081,0.982975,0.999987
Q_ind_102_anc_7-7,0.996402,0.998214,0.982907,0.999988
Q_ind_103_anc_7-7,0.993521,0.995752,0.975050,0.999959
Q_ind_104_anc_7-7,0.997300,0.998440,0.988224,0.999989
Q_ind_105_anc_7-7,0.000106,0.000000,0.000000,0.000948
Q_ind_106_anc_7-7,0.880183,0.882050,0.801713,0.944355
Q_ind_107_anc_7-7,0.000218,0.000000,0.000000,0.002614
Q_ind_108_anc_7-7,0.000765,0.000000,0.000000,0.009696
Q_ind_109_anc_7-7,0.000419,0.000000,0.000000,0.004498
Q_ind_110_anc_7-7,0.000776,0.000000,0.000000,0.011176
Q_ind_111_anc_7-7,0.000925,0.000000,0.000000,0.012560
Q_ind_112_anc_7-7,0.000163,0.000000,0.000000,0.001595
Q_ind_113_anc_7-7,0.000676,0.000000,0.000000,0.006961
Q_ind_114_anc_7-7,0.001595,0.000000,0.000000,0.022992
Q_ind_115_anc_7-7,0.773633,0.771917,0.674428,0.875504
Q_ind_116_anc_7-7,0.932993,0.938057,0.850957,0.997753
Q_ind_117_anc_7-7,0.958089,0.960011,0.906388,0.996367
Q_ind_118_anc_7-7,0.849878,0.850037,0.750939,0.938732
Q_ind_119_anc_7-7,0.961269,0.967591,0.889715,0.999015
Q_ind_120_anc_7-7,0.979129,0.987496,0.923620,0.999907
Q_ind_121_anc_7-7,0.936935,0.942866,0.863058,0.984498
Q_ind_122_anc_7-7,0.988224,0.992565,0.952786,0.999932
Q_ind_123_anc_7-7,0.979692,0.983679,0.936131,0.999857
Q_ind_124_anc_7-7,0.378839,0.378318,0.292450,0.466569
Q_ind_125_anc_7-7,0.000116,0.000000,0.000000,0.001153
Q_ind_126_anc_7-7,0.000443,0.000000,0.000000,0.006401
Q_ind_127_anc_7-7,0.003008,0.000000,0.000000,0.034160
Q_ind_128_anc_7-7,0.001235,0.000000,0.000000,0.016371
Q_ind_129_anc_7-7,0.000348,0.000000,0.000000,0.004438
Q_ind_130_anc_7-7,0.002123,0.000000,0.000000,0.030051
Q_ind_131_anc_7-7,0.000068,0.000000,0.000000,0.000646
Q_ind_132_anc_7-7,0.000051,0.000000,0.000000,0.000469
Q_ind_133_anc_7-7,0.000394,0.000000,0.000000,0.005354
Q_ind_134_anc_7-7,0.000280,0.000000,0.000000,0.003228
Q_ind_135_anc_7-7,0.000378,0.000000,0.000000,0.004696
Q_ind_136_anc_7-7,0.000459,0.000000,0.000000,0.006102
Q_ind_137_anc_7-7,0.000221,0.000000,0.000000,0.002562
Q_ind_138_anc_7-7,0.000055,0.000000,0.000000,0.000655
Q_ind_139_anc_7-7,0.000232,0.000000,0.000000,0.002735
Q_ind_140_anc_7-7,0.000168,0.000000,0.000000,0.002057
Q_ind_141_anc_7-7,0.000249,0.000000,0.000000,0.003021
Q_ind_142_anc_7-7,0.000058,0.000000,0.000000,0.000610
Q_ind_143_anc_7-7,0.000235,0.000000,0.000000,0.002657
Q_ind_144_anc_7-7,0.000359,0.000000,0.000000,0.004437
Q_ind_145_anc_7-7,0.000310,0.000000,0.000000,0.004427
Q_ind_146_anc_7-7,0.002061,0.000000,0.000000,0.024013
Q_ind_147_anc_7-7,0.001886,0.000000,0.000000,0.017684
Q_ind_148_anc_7-7,0.000843,0.000000,0.000000,0.010440
Q_ind_149_anc_7-7,0.000083,0.000000,0.000000,0.000926
Q_ind_150_anc_7-7,0.000856,0.000000,0.000000,0.011219
Q_ind_151_anc_7-7,0.000255,0.000000,0.000000,0.003603
Q_ind_152_anc_7-7,0.000399,0.000000,0.000000,0.005780
Q_ind_153_anc_7-7,0.000226,0.000000,0.000000,0.002784
Q_ind_154_anc_7-7,0.001755,0.000000,0.000000,0.020308
Q_ind_155_anc_7-7,0.000110,0.000000,0.000000,0.001086
Q_ind_156_anc_7-7,0.000162,0.000000,0.000000,0.001461
Q_ind_157_anc_7-7,0.001464,0.000000,0.000000,0.016678
Q_ind_158_anc_7-7,0.000257,0.000000,0.000000,0.002727
Q_ind_159_anc_7-7,0.000183,0.000000,0.000000,0.002403
Q_ind_160_anc_7-7,0.000079,0.000000,0.000000,0.000906
Q_ind_161_anc_7-7,0.000072,0.000000,0.000000,0.000815
Q_ind_162_anc_7-7,0.000149,0.000000,0.000000,0.002099
Q_ind_163_anc_7-7,0.000071,0.000000,0.000000,0.000741
Q_ind_164_anc_7-7,0.000184,0.000000,0.000000,0.002120
Q_ind_165_anc_7-7,0.000106,0.000000,0.000000,0.001236
Q_ind_166_anc_7-7,0.000259,0.000000,0.000000,0.003597
Q_ind_167_anc_7-7,0.000595,0.000000,0.000000,0.007619
Q_ind_168_anc_7-7,0.000116,0.000000,0.000000,0.001177
Q_ind_169_anc_7-7,0.000122,0.000000,0.000000,0.001343
Q_ind_170_anc_7-7,0.000558,0.000000,0.000000,0.007029
Q_ind_171_anc_7-7,0.000181,0.000000,0.000000,0.002074
Q_ind_172_anc_7-7,0.000421,0.000000,0.000000,0.004653
Q_ind_173_anc_7-7,0.000216,0.000000,0.000000,0.002762
Q_ind_174_anc_7-7,0.000199,0.000000,0.000000,0.001998
Q_ind_175_anc_7-7,0.000153,0.000000,0.000000,0.001405
Q_ind_176_anc_7-7,0.000095,0.000000,0.000000,0.001026
Q_ind_177_anc_7-7,0.000227,0.000000,0.000000,0.002714
Q_ind_178_anc_7-7,0.000193,0.000000,0.000000,0.002539
Q_ind_179_anc_7-7,0.000129,0.000000,0.000000,0.001247
Q_ind_180_anc_7-7,0.000154,0.000000,0.000000,0.002064
Q_ind_181_anc_7-7,0.000494,0.000000,0.000000,0.006383
Q_ind_182_anc_7-7,0.000238,0.000000,0.000000,0.002584
Q_ind_183_anc_7-7,0.000098,0.000000,0.000000,0.000971
Q_ind_184_anc_7-7,0.000175,0.000000,0.000000,0.001890
Q_ind_185_anc_7-7,0.000405,0.000000,0.000000,0.004294
Q_ind_186_anc_7-7,0.000192,0.000000,0.000000,0.001875
Q_ind_187_anc_7-7,0.002020,0.000000,0.000000,0.025238
Q_ind_188_anc_7-7,0.000215,0.000000,0.000000,0.002095
Q_ind_189_anc_7-7,0.000255,0.000000,0.000000,0.001771
Q_ind_190_anc_7-7,0.000740,0.000000,0.000000,0.010522
Q_ind_191_anc_7-7,0.000266,0.000000,0.000000,0.003003
Q_ind_192_anc_7-7,0.000083,0.000000,0.000000,0.000945
Q_ind_193_anc_7-7,0.000133,0.000000,0.000000,0.001205
Q_ind_194_anc_7-7,0.000035,0.000000,0.000000,0.000388
Q_ind_195_anc_7-7,0.000092,0.000000,0.000000,0.000847
Q_ind_196_anc_7-7,0.000045,0.000000,0.000000,0.000541
Q_ind_197_anc_7-7,0.000041,0.000000,0.000000,0.000395
Q_ind_198_anc_7-7,0.000029,0.000000,0.000000,0.000322
Q_ind_199_anc_7-7,0.000064,0.000000,0.000000,0.000591
Q_ind_200_anc_7-7,0.000040,0.000000,0.000000,0.000466
Q_ind_201_anc_7-7,0.000054,0.000000,0.000000,0.000708
Q_ind_202_anc_7-7,0.000126,0.000000,0.000000,0.001466
Q_ind_203_anc_7-7,0.000177,0.000000,0.000000,0.002056
Q_ind_204_anc_7-7,0.000226,0.000000,0.000000,0.002893
Q_ind_205_anc_7-7,0.000453,0.000000,0.000000,0.006340
Q_ind_206_anc_7-7,0.000534,0.000000,0.000000,0.007187
Q_ind_207_anc_7-7,0.003240,0.000000,0.000000,0.032440
Q_ind_208_anc_7-7,0.000068,0.000000,0.000000,0.000595
Q_ind_209_anc_7-7,0.000256,0.000000,0.000000,0.002383
Q_ind_210_anc_7-7,0.000130,0.000000,0.000000,0.001289
Q_ind_211_anc_7-7,0.000260,0.000000,0.000000,0.002829
Q_ind_212_anc_7-7,0.000062,0.000000,0.000000,0.000626
Q_ind_213_anc_7-7,0.000251,0.000000,0.000000,0.001859
Q_ind_214_anc_7-7,0.000133,0.000000,0.000000,0.001413
Q_ind_215_anc_7-7,0.000169,0.000000,0.000000,0.001911
Q_ind_216_anc_7-7,0.000123,0.000000,0.000000,0.001017
Q_ind_217_anc_7-7,0.000117,0.000000,0.000000,0.001315
Q_ind_218_anc_7-7,0.000078,0.000000,0.000000,0.000909
Q_ind_219_anc_7-7,0.000631,0.000000,0.000000,0.009092
Q_ind_220_anc_7-7,0.000128,0.000000,0.000000,0.001417
Q_ind_221_anc_7-7,0.000111,0.000000,0.000000,0.001066
Q_ind_222_anc_7-7,0.000417,0.000000,0.000000,0.004389
Q_ind_223_anc_7-7,0.000078,0.000000,0.000000,0.000701
Q_ind_224_anc_7-7,0.000060,0.000000,0.000000,0.000591
Q_ind_225_anc_7-7,0.000697,0.000000,0.000000,0.008977
Q_ind_226_anc_7-7,0.000097,0.000000,0.000000,0.000933
Q_ind_227_anc_7-7,0.008077,0.000000,0.000000,0.074372
Q_ind_228_anc_7-7,0.018202,0.000000,0.000000,0.086759
Q_ind_229_anc_7-7,0.010506,0.000000,0.000000,0.060142
Q_ind_230_anc_7-7,0.002323,0.000000,0.000000,0.030716
Q_ind_231_anc_7-7,0.000073,0.000000,0.000000,0.000801
Q_ind_232_anc_7-7,0.000337,0.000000,0.000000,0.003592
Q_ind_233_anc_7-7,0.001427,0.000000,0.000000,0.019400
Q_ind_234_anc_7-7,0.002649,0.000000,0.000000,0.031244
Q_ind_235_anc_7-7,0.000299,0.000000,0.000000,0.003418
Q_ind_236_anc_7-7,0.000277,0.000000,0.000000,0.003302
Q_ind_237_anc_7-7,0.002101,0.000000,0.000000,0.023502
Q_ind_238_anc_7-7,0.000136,0.000000,0.000000,0.001615
Q_ind_239_anc_7-7,0.000509,0.000000,0.000000,0.006571
Q_ind_240_anc_7-7,0.000164,0.000000,0.000000,0.001665
Q_ind_241_anc_7-7,0.000098,0.000000,0.000000,0.001066
Q_ind_242_anc_7-7,0.000165,0.000000,0.000000,0.002072
Q_ind_243_anc_7-7,0.000097,0.000000,0.000000,0.001137
Q_ind_244_anc_7-7,0.000889,0.000000,0.000000,0.013487
Q_ind_245_anc_7-7,0.000066,0.000000,0.000000,0.000739
