param,mean,median,ci_0.950_LB,ci_0.950_UB
Q_ind_1_anc_1-1,0.000092,0.000000,0.000000,0.000915
Q_ind_2_anc_1-1,0.000219,0.000000,0.000000,0.001947
Q_ind_3_anc_1-1,0.018387,0.000000,0.000000,0.225004
Q_ind_4_anc_1-1,0.000843,0.000000,0.000000,0.009910
Q_ind_5_anc_1-1,0.000066,0.000000,0.000000,0.000583
Q_ind_6_anc_1-1,0.002515,0.000000,0.000000,0.032352
Q_ind_7_anc_1-1,0.002263,0.000000,0.000000,0.034581
Q_ind_8_anc_1-1,0.000183,0.000000,0.000000,0.002146
Q_ind_9_anc_1-1,0.000375,0.000000,0.000000,0.004256
Q_ind_10_anc_1-1,0.000698,0.000000,0.000000,0.010589
Q_ind_11_anc_1-1,0.001625,0.000000,0.000000,0.019358
Q_ind_12_anc_1-1,0.000317,0.000000,0.000000,0.003522
Q_ind_13_anc_1-1,0.000503,0.000000,0.000000,0.005494
Q_ind_14_anc_1-1,0.000072,0.000000,0.000000,0.000532
Q_ind_15_anc_1-1,0.000515,0.000000,0.000000,0.003748
Q_ind_16_anc_1-1,0.000478,0.000000,0.000000,0.005073
Q_ind_17_anc_1-1,0.000194,0.000000,0.000000,0.002388
Q_ind_18_anc_1-1,0.000476,0.000000,0.000000,0.005652
Q_ind_19_anc_1-1,0.000289,0.000000,0.000000,0.003001
Q_ind_20_anc_1-1,0.000072,0.000000,0.000000,0.000625
Q_ind_21_anc_1-1,0.000108,0.000000,0.000000,0.001095
Q_ind_22_anc_1-1,0.000387,0.000000,0.000000,0.004639
Q_ind_23_anc_1-1,0.000200,0.000000,0.000000,0.002649
Q_ind_24_anc_1-1,0.000439,0.000000,0.000000,0.004749
Q_ind_25_anc_1-1,0.001165,0.000000,0.000000,0.017943
Q_ind_26_anc_1-1,0.000125,0.000000,0.000000,0.001255
Q_ind_27_anc_1-1,0.000218,0.000000,0.000000,0.002235
Q_ind_28_anc_1-1,0.000169,0.000000,0.000000,0.001532
Q_ind_29_anc_1-1,0.000119,0.000000,0.000000,0.001395
Q_ind_30_anc_1-1,0.000122,0.000000,0.000000,0.001327
Q_ind_31_anc_1-1,0.270829,0.136188,0.071390,0.960907
Q_ind_32_anc_1-1,0.386801,0.243287,0.169028,0.997672
Q_ind_33_anc_1-1,0.254458,0.137295,0.062953,0.886506
Q_ind_34_anc_1-1,0.383209,0.235000,0.150880,0.999077
Q_ind_35_anc_1-1,0.315072,0.175408,0.114182,0.985905
Q_ind_36_anc_1-1,0.347246,0.199994,0.137842,0.999220
Q_ind_37_anc_1-1,0.310091,0.159373,0.092129,0.972618
Q_ind_38_anc_1-1,0.300052,0.147145,0.067943,0.998370
Q_ind_39_anc_1-1,0.000066,0.000000,0.000000,0.000569
Q_ind_40_anc_1-1,0.230615,0.112000,0.000000,0.849810
Q_ind_41_anc_1-1,0.079274,0.000000,0.000000,0.494436
Q_ind_42_anc_1-1,0.000192,0.000000,0.000000,0.001970
Q_ind_43_anc_1-1,0.000807,0.000000,0.000000,0.010428
Q_ind_44_anc_1-1,0.000115,0.000000,0.000000,0.001237
Q_ind_45_anc_1-1,0.000084,0.000000,0.000000,0.000969
Q_ind_46_anc_1-1,0.000152,0.000000,0.000000,0.001732
Q_ind_47_anc_1-1,0.000189,0.000000,0.000000,0.002375
Q_ind_48_anc_1-1,0.000153,0.000000,0.000000,0.001637
Q_ind_49_anc_1-1,0.000131,0.000000,0.000000,0.001521
Q_ind_50_anc_1-1,0.000141,0.000000,0.000000,0.001548
Q_ind_51_anc_1-1,0.000394,0.000000,0.000000,0.005461
Q_ind_52_anc_1-1,0.000122,0.000000,0.000000,0.001191
Q_ind_53_anc_1-1,0.000172,0.000000,0.000000,0.001562
Q_ind_54_anc_1-1,0.000189,0.000000,0.000000,0.001978
Q_ind_55_anc_1-1,0.000116,0.000000,0.000000,0.001386
Q_ind_56_anc_1-1,0.000373,0.000000,0.000000,0.005130
Q_ind_57_anc_1-1,0.000313,0.000000,0.000000,0.002998
Q_ind_58_anc_1-1,0.000175,0.000000,0.000000,0.001364
Q_ind_59_anc_1-1,0.000189,0.000000,0.000000,0.002034
Q_ind_60_anc_1-1,0.000099,0.000000,0.000000,0.001031
Q_ind_61_anc_1-1,0.000122,0.000000,0.000000,0.001515
Q_ind_62_anc_1-1,0.000600,0.000000,0.000000,0.008066
Q_ind_63_anc_1-1,0.000266,0.000000,0.000000,0.003571
Q_ind_64_anc_1-1,0.000122,0.000000,0.000000,0.001300
Q_ind_65_anc_1-1,0.000142,0.000000,0.000000,0.001564
Q_ind_66_anc_1-1,0.000082,0.000000,0.000000,0.000728
Q_ind_67_anc_1-1,0.000238,0.000000,0.000000,0.002592
Q_ind_68_anc_1-1,0.000323,0.000000,0.000000,0.002766
Q_ind_69_anc_1-1,0.000121,0.000000,0.000000,0.001262
Q_ind_70_anc_1-1,0.000119,0.000000,0.000000,0.000895
Q_ind_71_anc_1-1,0.000290,0.000000,0.000000,0.002195
Q_ind_72_anc_1-1,0.001352,0.000000,0.000000,0.018568
Q_ind_73_anc_1-1,0.000869,0.000000,0.000000,0.012423
Q_ind_74_anc_1-1,0.000262,0.000000,0.000000,0.002944
Q_ind_75_anc_1-1,0.000157,0.000000,0.000000,0.001776
Q_ind_76_anc_1-1,0.000241,0.000000,0.000000,0.002786
Q_ind_77_anc_1-1,0.002456,0.000000,0.000000,0.020112
Q_ind_78_anc_1-1,0.000155,0.000000,0.000000,0.001791
Q_ind_79_anc_1-1,0.000790,0.000000,0.000000,0.009808
Q_ind_80_anc_1-1,0.000286,0.000000,0.000000,0.003601
Q_ind_81_anc_1-1,0.000397,0.000000,0.000000,0.004572
Q_ind_82_anc_1-1,0.000564,0.000000,0.000000,0.007315
Q_ind_83_anc_1-1,0.000185,0.000000,0.000000,0.002047
Q_ind_84_anc_1-1,0.000439,0.000000,0.000000,0.005722
Q_ind_85_anc_1-1,0.000193,0.000000,0.000000,0.002090
Q_ind_86_anc_1-1,0.000691,0.000000,0.000000,0.010256
Q_ind_87_anc_1-1,0.000154,0.000000,0.000000,0.001437
Q_ind_88_anc_1-1,0.003568,0.000000,0.000000,0.045822
Q_ind_89_anc_1-1,0.001193,0.000000,0.000000,0.017866
Q_ind_90_anc_1-1,0.000340,0.000000,0.000000,0.003727
Q_ind_91_anc_1-1,0.003595,0.000000,0.000000,0.053729
Q_ind_92_anc_1-1,0.000129,0.000000,0.000000,0.001248
Q_ind_93_anc_1-1,0.013675,0.000000,0.000000,0.130145
Q_ind_94_anc_1-1,0.000136,0.000000,0.000000,0.001261
Q_ind_95_anc_1-1,0.000518,0.000000,0.000000,0.006629
Q_ind_96_anc_1-1,0.000113,0.000000,0.000000,0.001444
Q_ind_97_anc_1-1,0.000262,0.000000,0.000000,0.003228
Q_ind_98_anc_1-1,0.000076,0.000000,0.000000,0.000469
Q_ind_99_anc_1-1,0.000064,0.000000,0.000000,0.000588
Q_ind_100_anc_1-1,0.000147,0.000000,0.000000,0.001215
Q_ind_101_anc_1-1,0.000070,0.000000,0.000000,0.000763
Q_ind_102_anc_1-1,0.000113,0.000000,0.000000,0.001194
Q_ind_103_anc_1-1,0.000191,0.000000,0.000000,0.002520
Q_ind_104_anc_1-1,0.000091,0.000000,0.000000,0.000882
Q_ind_105_anc_1-1,0.000091,0.000000,0.000000,0.000879
Q_ind_106_anc_1-1,0.000126,0.000000,0.000000,0.001239
Q_ind_107_anc_1-1,0.007156,0.000000,0.000000,0.112338
Q_ind_108_anc_1-1,0.000137,0.000000,0.000000,0.001522
Q_ind_109_anc_1-1,0.050659,0.000000,0.000000,0.247633
Q_ind_110_anc_1-1,0.001680,0.000000,0.000000,0.025080
Q_ind_111_anc_1-1,0.000578,0.000000,0.000000,0.007197
Q_ind_112_anc_1-1,0.000359,0.000000,0.000000,0.003862
Q_ind_113_anc_1-1,0.000648,0.000000,0.000000,0.008310
Q_ind_114_anc_1-1,0.008755,0.000000,0.000000,0.117265
Q_ind_115_anc_1-1,0.000362,0.000000,0.000000,0.004378
Q_ind_116_anc_1-1,0.000383,0.000000,0.000000,0.005313
Q_ind_117_anc_1-1,0.000101,0.000000,0.000000,0.001018
Q_ind_118_anc_1-1,0.000118,0.000000,0.000000,0.001166
Q_ind_119_anc_1-1,0.000150,0.000000,0.000000,0.001733
Q_ind_120_anc_1-1,0.000209,0.000000,0.000000,0.002318
Q_ind_121_anc_1-1,0.000454,0.000000,0.000000,0.005094
Q_ind_122_anc_1-1,0.000076,0.000000,0.000000,0.000762
Q_ind_123_anc_1-1,0.000153,0.000000,0.000000,0.001279
Q_ind_124_anc_1-1,0.000217,0.000000,0.000000,0.002526
Q_ind_125_anc_1-1,0.000792,0.000000,0.000000,0.011898
Q_ind_126_anc_1-1,0.007151,0.000000,0.000000,0.065323
Q_ind_127_anc_1-1,0.001482,0.000000,0.000000,0.020828
Q_ind_128_anc_1-1,0.000531,0.000000,0.000000,0.005364
Q_ind_129_anc_1-1,0.000215,0.000000,0.000000,0.001796
Q_ind_130_anc_1-1,0.001373,0.000000,0.000000,0.021692
Q_ind_131_anc_1-1,0.000148,0.000000,0.000000,0.001581
Q_ind_132_anc_1-1,0.000054,0.000000,0.000000,0.000470
Q_ind_133_anc_1-1,0.002698,0.000000,0.000000,0.027230
Q_ind_134_anc_1-1,0.000439,0.000000,0.000000,0.005748
Q_ind_135_anc_1-1,0.000771,0.000000,0.000000,0.012870
Q_ind_136_anc_1-1,0.000358,0.000000,0.000000,0.004331
Q_ind_137_anc_1-1,0.000124,0.000000,0.000000,0.000896
Q_ind_138_anc_1-1,0.000124,0.000000,0.000000,0.001393
Q_ind_139_anc_1-1,0.000174,0.000000,0.000000,0.001870
Q_ind_140_anc_1-1,0.003256,0.000000,0.000000,0.029635
Q_ind_141_anc_1-1,0.000502,0.000000,0.000000,0.006399
Q_ind_142_anc_1-1,0.000056,0.000000,0.000000,0.000573
Q_ind_143_anc_1-1,0.000182,0.000000,0.000000,0.001627
Q_ind_144_anc_1-1,0.000861,0.000000,0.000000,0.012706
Q_ind_145_anc_1-1,0.000240,0.000000,0.000000,0.003023
Q_ind_146_anc_1-1,0.000700,0.000000,0.000000,0.010589
Q_ind_147_anc_1-1,0.001008,0.000000,0.000000,0.012884
Q_ind_148_anc_1-1,0.000147,0.000000,0.000000,0.001274
Q_ind_149_anc_1-1,0.000085,0.000000,0.000000,0.000850
Q_ind_150_anc_1-1,0.000335,0.000000,0.000000,0.004255
Q_ind_151_anc_1-1,0.008272,0.000004,0.000000,0.035973
Q_ind_152_anc_1-1,0.000167,0.000000,0.000000,0.002050
Q_ind_153_anc_1-1,0.000206,0.000000,0.000000,0.002477
Q_ind_154_anc_1-1,0.000243,0.000000,0.000000,0.002566
Q_ind_155_anc_1-1,0.000048,0.000000,0.000000,0.000518
Q_ind_156_anc_1-1,0.000467,0.000000,0.000000,0.006314
Q_ind_157_anc_1-1,0.000344,0.000000,0.000000,0.004382
Q_ind_158_anc_1-1,0.000172,0.000000,0.000000,0.001464
Q_ind_159_anc_1-1,0.001018,0.000000,0.000000,0.014667
Q_ind_160_anc_1-1,0.000456,0.000000,0.000000,0.004866
Q_ind_161_anc_1-1,0.000414,0.000000,0.000000,0.004238
Q_ind_162_anc_1-1,0.000212,0.000000,0.000000,0.002372
Q_ind_163_anc_1-1,0.000337,0.000000,0.000000,0.003497
Q_ind_164_anc_1-1,0.000241,0.000000,0.000000,0.002988
Q_ind_165_anc_1-1,0.000601,0.000000,0.000000,0.007135
Q_ind_166_anc_1-1,0.006008,0.000000,0.000000,0.055857
Q_ind_167_anc_1-1,0.004711,0.000000,0.000000,0.075078
Q_ind_168_anc_1-1,0.000294,0.000000,0.000000,0.004089
Q_ind_169_anc_1-1,0.000042,0.000000,0.000000,0.000351
Q_ind_170_anc_1-1,0.000067,0.000000,0.000000,0.000502
Q_ind_171_anc_1-1,0.000365,0.000000,0.000000,0.004941
Q_ind_172_anc_1-1,0.000123,0.000000,0.000000,0.001141
Q_ind_173_anc_1-1,0.000086,0.000000,0.000000,0.000831
Q_ind_174_anc_1-1,0.000079,0.000000,0.000000,0.000795
Q_ind_175_anc_1-1,0.000057,0.000000,0.000000,0.000603
Q_ind_176_anc_1-1,0.000163,0.000000,0.000000,0.001784
Q_ind_177_anc_1-1,0.000998,0.000000,0.000000,0.014994
Q_ind_178_anc_1-1,0.000195,0.000000,0.000000,0.002494
Q_ind_179_anc_1-1,0.002615,0.000000,0.000000,0.028403
Q_ind_180_anc_1-1,0.001166,0.000000,0.000000,0.014365
Q_ind_181_anc_1-1,0.000262,0.000000,0.000000,0.003676
Q_ind_182_anc_1-1,0.003108,0.000000,0.000000,0.032996
Q_ind_183_anc_1-1,0.000236,0.000000,0.000000,0.002441
Q_ind_184_anc_1-1,0.000141,0.000000,0.000000,0.001373
Q_ind_185_anc_1-1,0.019999,0.010225,0.000000,0.069628
Q_ind_186_anc_1-1,0.001397,0.000000,0.000000,0.017512
Q_ind_187_anc_1-1,0.001369,0.000000,0.000000,0.020431
Q_ind_188_anc_1-1,0.000259,0.000000,0.000000,0.002061
Q_ind_189_anc_1-1,0.000951,0.000000,0.000000,0.013497
Q_ind_190_anc_1-1,0.000268,0.000000,0.000000,0.002040
Q_ind_191_anc_1-1,0.000769,0.000000,0.000000,0.009280
Q_ind_192_anc_1-1,0.000118,0.000000,0.000000,0.000955
Q_ind_193_anc_1-1,0.000160,0.000000,0.000000,0.001643
Q_ind_194_anc_1-1,0.000040,0.000000,0.000000,0.000345
Q_ind_195_anc_1-1,0.000103,0.000000,0.000000,0.001115
Q_ind_196_anc_1-1,0.000037,0.000000,0.000000,0.000400
Q_ind_197_anc_1-1,0.000045,0.000000,0.000000,0.000378
Q_ind_198_anc_1-1,0.000066,0.000000,0.000000,0.000698
Q_ind_199_anc_1-1,0.000127,0.000000,0.000000,0.001321
Q_ind_200_anc_1-1,0.000083,0.000000,0.000000,0.000943
Q_ind_201_anc_1-1,0.000041,0.000000,0.000000,0.000329
Q_ind_202_anc_1-1,0.000131,0.000000,0.000000,0.001289
Q_ind_203_anc_1-1,0.161178,0.137584,0.000000,0.403361
Q_ind_204_anc_1-1,0.088318,0.002539,0.000000,0.370079
Q_ind_205_anc_1-1,0.232295,0.134079,0.056582,0.715122
Q_ind_206_anc_1-1,0.164119,0.135260,0.041337,0.370933
Q_ind_207_anc_1-1,0.146232,0.102655,0.026448,0.399578
Q_ind_208_anc_1-1,0.000100,0.000000,0.000000,0.000691
Q_ind_209_anc_1-1,0.136649,0.095209,0.000000,0.402908
Q_ind_210_anc_1-1,0.001357,0.000000,0.000000,0.015159
Q_ind_211_anc_1-1,0.155098,0.116369,0.043891,0.405798
Q_ind_212_anc_1-1,0.000146,0.000000,0.000000,0.001000
Q_ind_213_anc_1-1,0.000410,0.000000,0.000000,0.004039
Q_ind_214_anc_1-1,0.000186,0.000000,0.000000,0.001501
Q_ind_215_anc_1-1,0.000104,0.000000,0.000000,0.001255
Q_ind_216_anc_1-1,0.001580,0.000000,0.000000,0.021503
Q_ind_217_anc_1-1,0.000744,0.000000,0.000000,0.011332
Q_ind_218_anc_1-1,0.000162,0.000000,0.000000,0.001283
Q_ind_219_anc_1-1,0.002572,0.000000,0.000000,0.034701
Q_ind_220_anc_1-1,0.003254,0.000000,0.000000,0.041390
Q_ind_221_anc_1-1,0.000161,0.000000,0.000000,0.001664
Q_ind_222_anc_1-1,0.000593,0.000000,0.000000,0.008097
Q_ind_223_anc_1-1,0.000061,0.000000,0.000000,0.000562
Q_ind_224_anc_1-1,0.000056,0.000000,0.000000,0.000515
Q_ind_225_anc_1-1,0.001602,0.000000,0.000000,0.024101
Q_ind_226_anc_1-1,0.000110,0.000000,0.000000,0.001099
Q_ind_227_anc_1-1,0.001065,0.000000,0.000000,0.015450
Q_ind_228_anc_1-1,0.000415,0.000000,0.000000,0.005134
Q_ind_229_anc_1-1,0.000680,0.000000,0.000000,0.008346
Q_ind_230_anc_1-1,0.003375,0.000000,0.000000,0.051496
Q_ind_231_anc_1-1,0.000056,0.000000,0.000000,0.000582
Q_ind_232_anc_1-1,0.000454,0.000000,0.000000,0.004004
Q_ind_233_anc_1-1,0.000459,0.000000,0.000000,0.006425
Q_ind_234_anc_1-1,0.000152,0.000000,0.000000,0.001727
Q_ind_235_anc_1-1,0.000299,0.000000,0.000000,0.003432
Q_ind_236_anc_1-1,0.000121,0.000000,0.000000,0.001146
Q_ind_237_anc_1-1,0.000079,0.000000,0.000000,0.000922
Q_ind_238_anc_1-1,0.000257,0.000000,0.000000,0.002186
Q_ind_239_anc_1-1,0.000132,0.000000,0.000000,0.001205
Q_ind_240_anc_1-1,0.000269,0.000000,0.000000,0.003522
Q_ind_241_anc_1-1,0.000144,0.000000,0.000000,0.001423
Q_ind_242_anc_1-1,0.000228,0.000000,0.000000,0.002679
Q_ind_243_anc_1-1,0.000091,0.000000,0.000000,0.000929
Q_ind_244_anc_1-1,0.000087,0.000000,0.000000,0.000812
Q_ind_245_anc_1-1,0.000077,0.000000,0.000000,0.000874
Q_ind_1_anc_2-1,0.000177,0.000000,0.000000,0.002071
Q_ind_2_anc_2-1,0.000177,0.000000,0.000000,0.002062
Q_ind_3_anc_2-1,0.000252,0.000000,0.000000,0.002270
Q_ind_4_anc_2-1,0.000133,0.000000,0.000000,0.001433
Q_ind_5_anc_2-1,0.000125,0.000000,0.000000,0.001490
Q_ind_6_anc_2-1,0.000105,0.000000,0.000000,0.001187
Q_ind_7_anc_2-1,0.000355,0.000000,0.000000,0.003683
Q_ind_8_anc_2-1,0.000098,0.000000,0.000000,0.000928
Q_ind_9_anc_2-1,0.000180,0.000000,0.000000,0.001879
Q_ind_10_anc_2-1,0.000122,0.000000,0.000000,0.001116
Q_ind_11_anc_2-1,0.000500,0.000000,0.000000,0.006265
Q_ind_12_anc_2-1,0.000155,0.000000,0.000000,0.001411
Q_ind_13_anc_2-1,0.003652,0.000000,0.000000,0.042095
Q_ind_14_anc_2-1,0.000625,0.000000,0.000000,0.007975
Q_ind_15_anc_2-1,0.002365,0.000000,0.000000,0.042180
Q_ind_16_anc_2-1,0.000448,0.000000,0.000000,0.006174
Q_ind_17_anc_2-1,0.001775,0.000000,0.000000,0.028412
Q_ind_18_anc_2-1,0.001665,0.000000,0.000000,0.025154
Q_ind_19_anc_2-1,0.001709,0.000000,0.000000,0.025334
Q_ind_20_anc_2-1,0.000246,0.000000,0.000000,0.002114
Q_ind_21_anc_2-1,0.000157,0.000000,0.000000,0.001339
Q_ind_22_anc_2-1,0.000358,0.000000,0.000000,0.003123
Q_ind_23_anc_2-1,0.000193,0.000000,0.000000,0.002192
Q_ind_24_anc_2-1,0.000357,0.000000,0.000000,0.003496
Q_ind_25_anc_2-1,0.000262,0.000000,0.000000,0.002651
Q_ind_26_anc_2-1,0.000158,0.000000,0.000000,0.001503
Q_ind_27_anc_2-1,0.000541,0.000000,0.000000,0.007145
Q_ind_28_anc_2-1,0.000176,0.000000,0.000000,0.001992
Q_ind_29_anc_2-1,0.000592,0.000000,0.000000,0.006088
Q_ind_30_anc_2-1,0.000171,0.000000,0.000000,0.001364
Q_ind_31_anc_2-1,0.000275,0.000000,0.000000,0.002743
Q_ind_32_anc_2-1,0.000105,0.000000,0.000000,0.001020
Q_ind_33_anc_2-1,0.000309,0.000000,0.000000,0.002764
Q_ind_34_anc_2-1,0.000191,0.000000,0.000000,0.001865
Q_ind_35_anc_2-1,0.000286,0.000000,0.000000,0.002504
Q_ind_36_anc_2-1,0.000208,0.000000,0.000000,0.002355
Q_ind_37_anc_2-1,0.000401,0.000000,0.000000,0.003584
Q_ind_38_anc_2-1,0.000177,0.000000,0.000000,0.001830
Q_ind_39_anc_2-1,0.005646,0.000000,0.000000,0.084156
Q_ind_40_anc_2-1,0.027303,0.000000,0.000000,0.145876
Q_ind_41_anc_2-1,0.000941,0.000000,0.000000,0.009995
Q_ind_42_anc_2-1,0.000142,0.000000,0.000000,0.001197
Q_ind_43_anc_2-1,0.000267,0.000000,0.000000,0.002997
Q_ind_44_anc_2-1,0.000190,0.000000,0.000000,0.002104
Q_ind_45_anc_2-1,0.000439,0.000000,0.000000,0.004034
Q_ind_46_anc_2-1,0.000425,0.000000,0.000000,0.006415
Q_ind_47_anc_2-1,0.000330,0.000000,0.000000,0.003932
Q_ind_48_anc_2-1,0.000220,0.000000,0.000000,0.002515
Q_ind_49_anc_2-1,0.000217,0.000000,0.000000,0.001993
Q_ind_50_anc_2-1,0.000228,0.000000,0.000000,0.002555
Q_ind_51_anc_2-1,0.004288,0.000000,0.000000,0.045569
Q_ind_52_anc_2-1,0.000405,0.000000,0.000000,0.005255
Q_ind_53_anc_2-1,0.000134,0.000000,0.000000,0.001428
Q_ind_54_anc_2-1,0.001643,0.000000,0.000000,0.020083
Q_ind_55_anc_2-1,0.000250,0.000000,0.000000,0.002266
Q_ind_56_anc_2-1,0.000318,0.000000,0.000000,0.003187
Q_ind_57_anc_2-1,0.022170,0.000000,0.000000,0.187008
Q_ind_58_anc_2-1,0.000917,0.000000,0.000000,0.012540
Q_ind_59_anc_2-1,0.000311,0.000000,0.000000,0.003900
Q_ind_60_anc_2-1,0.000356,0.000000,0.000000,0.004514
Q_ind_61_anc_2-1,0.000318,0.000000,0.000000,0.003915
Q_ind_62_anc_2-1,0.003253,0.000000,0.000000,0.046834
Q_ind_63_anc_2-1,0.000052,0.000000,0.000000,0.000426
Q_ind_64_anc_2-1,0.000082,0.000000,0.000000,0.000707
Q_ind_65_anc_2-1,0.000055,0.000000,0.000000,0.000562
Q_ind_66_anc_2-1,0.000068,0.000000,0.000000,0.000547
Q_ind_67_anc_2-1,0.000107,0.000000,0.000000,0.000853
Q_ind_68_anc_2-1,0.000205,0.000000,0.000000,0.002589
Q_ind_69_anc_2-1,0.004147,0.000000,0.000000,0.053739
Q_ind_70_anc_2-1,0.012793,0.000000,0.000000,0.148895
Q_ind_71_anc_2-1,0.000148,0.000000,0.000000,0.001863
Q_ind_72_anc_2-1,0.004414,0.000000,0.000000,0.061017
Q_ind_73_anc_2-1,0.000245,0.000000,0.000000,0.002661
Q_ind_74_anc_2-1,0.018010,0.000000,0.000000,0.156032
Q_ind_75_anc_2-1,0.003129,0.000000,0.000000,0.024141
Q_ind_76_anc_2-1,0.000205,0.000000,0.000000,0.002329
Q_ind_77_anc_2-1,0.000264,0.000000,0.000000,0.002563
Q_ind_78_anc_2-1,0.000221,0.000000,0.000000,0.002177
Q_ind_79_anc_2-1,0.000148,0.000000,0.000000,0.001433
Q_ind_80_anc_2-1,0.000264,0.000000,0.000000,0.002485
Q_ind_81_anc_2-1,0.000197,0.000000,0.000000,0.001888
Q_ind_82_anc_2-1,0.000266,0.000000,0.000000,0.002593
Q_ind_83_anc_2-1,0.000252,0.000000,0.000000,0.002804
Q_ind_84_anc_2-1,0.000155,0.000000,0.000000,0.001849
Q_ind_85_anc_2-1,0.000322,0.000000,0.000000,0.003112
Q_ind_86_anc_2-1,0.000315,0.000000,0.000000,0.003499
Q_ind_87_anc_2-1,0.000146,0.000000,0.000000,0.001919
Q_ind_88_anc_2-1,0.000266,0.000000,0.000000,0.002336
Q_ind_89_anc_2-1,0.000262,0.000000,0.000000,0.002790
Q_ind_90_anc_2-1,0.000110,0.000000,0.000000,0.000804
Q_ind_91_anc_2-1,0.000418,0.000000,0.000000,0.004496
Q_ind_92_anc_2-1,0.000435,0.000000,0.000000,0.005061
Q_ind_93_anc_2-1,0.000251,0.000000,0.000000,0.002080
Q_ind_94_anc_2-1,0.000744,0.000000,0.000000,0.004519
Q_ind_95_anc_2-1,0.000395,0.000000,0.000000,0.004377
Q_ind_96_anc_2-1,0.000254,0.000000,0.000000,0.003467
Q_ind_97_anc_2-1,0.000352,0.000000,0.000000,0.003707
Q_ind_98_anc_2-1,0.005047,0.000000,0.000000,0.065718
Q_ind_99_anc_2-1,0.001504,0.000000,0.000000,0.016451
Q_ind_100_anc_2-1,0.000123,0.000000,0.000000,0.001347
Q_ind_101_anc_2-1,0.000064,0.000000,0.000000,0.000626
Q_ind_102_anc_2-1,0.000071,0.000000,0.000000,0.000842
Q_ind_103_anc_2-1,0.000227,0.000000,0.000000,0.001986
Q_ind_104_anc_2-1,0.000103,0.000000,0.000000,0.000840
Q_ind_105_anc_2-1,0.000486,0.000000,0.000000,0.004762
Q_ind_106_anc_2-1,0.000752,0.000000,0.000000,0.009444
Q_ind_107_anc_2-1,0.002353,0.000000,0.000000,0.039539
Q_ind_108_anc_2-1,0.004074,0.000000,0.000000,0.055452
Q_ind_109_anc_2-1,0.000627,0.000000,0.000000,0.008174
Q_ind_110_anc_2-1,0.032759,0.000000,0.000000,0.254511
Q_ind_111_anc_2-1,0.000410,0.000000,0.000000,0.004568
Q_ind_112_anc_2-1,0.003278,0.000000,0.000000,0.048495
Q_ind_113_anc_2-1,0.000633,0.000000,0.000000,0.005274
Q_ind_114_anc_2-1,0.011294,0.000000,0.000000,0.139267
Q_ind_115_anc_2-1,0.001052,0.000000,0.000000,0.015368
Q_ind_116_anc_2-1,0.000280,0.000000,0.000000,0.003306
Q_ind_117_anc_2-1,0.000107,0.000000,0.000000,0.001203
Q_ind_118_anc_2-1,0.000663,0.000000,0.000000,0.009944
Q_ind_119_anc_2-1,0.000200,0.000000,0.000000,0.002403
Q_ind_120_anc_2-1,0.000143,0.000000,0.000000,0.001344
Q_ind_121_anc_2-1,0.000691,0.000000,0.000000,0.009499
Q_ind_122_anc_2-1,0.000052,0.000000,0.000000,0.000565
Q_ind_123_anc_2-1,0.000116,0.000000,0.000000,0.001431
Q_ind_124_anc_2-1,0.000410,0.000000,0.000000,0.004487
Q_ind_125_anc_2-1,0.000385,0.000000,0.000000,0.004884
Q_ind_126_anc_2-1,0.000283,0.000000,0.000000,0.003734
Q_ind_127_anc_2-1,0.000179,0.000000,0.000000,0.001909
Q_ind_128_anc_2-1,0.000236,0.000000,0.000000,0.002386
Q_ind_129_anc_2-1,0.000091,0.000000,0.000000,0.000735
Q_ind_130_anc_2-1,0.000176,0.000000,0.000000,0.001856
Q_ind_131_anc_2-1,0.000266,0.000000,0.000000,0.003025
Q_ind_132_anc_2-1,0.000449,0.000000,0.000000,0.004760
Q_ind_133_anc_2-1,0.000349,0.000000,0.000000,0.003740
Q_ind_134_anc_2-1,0.000619,0.000000,0.000000,0.007495
Q_ind_135_anc_2-1,0.000902,0.000000,0.000000,0.011969
Q_ind_136_anc_2-1,0.001680,0.000000,0.000000,0.024867
Q_ind_137_anc_2-1,0.000340,0.000000,0.000000,0.003950
Q_ind_138_anc_2-1,0.000812,0.000000,0.000000,0.011599
Q_ind_139_anc_2-1,0.003423,0.000000,0.000000,0.041276
Q_ind_140_anc_2-1,0.002895,0.000000,0.000000,0.042410
Q_ind_141_anc_2-1,0.001026,0.000000,0.000000,0.013476
Q_ind_142_anc_2-1,0.000264,0.000000,0.000000,0.002804
Q_ind_143_anc_2-1,0.003334,0.000000,0.000000,0.064407
Q_ind_144_anc_2-1,0.000395,0.000000,0.000000,0.004940
Q_ind_145_anc_2-1,0.000048,0.000000,0.000000,0.000500
Q_ind_146_anc_2-1,0.000212,0.000000,0.000000,0.002401
Q_ind_147_anc_2-1,0.000151,0.000000,0.000000,0.001453
Q_ind_148_anc_2-1,0.000152,0.000000,0.000000,0.001586
Q_ind_149_anc_2-1,0.000314,0.000000,0.000000,0.003874
Q_ind_150_anc_2-1,0.000157,0.000000,0.000000,0.001836
Q_ind_151_anc_2-1,0.000384,0.000000,0.000000,0.004697
Q_ind_152_anc_2-1,0.000062,0.000000,0.000000,0.000564
Q_ind_153_anc_2-1,0.000170,0.000000,0.000000,0.002030
Q_ind_154_anc_2-1,0.000097,0.000000,0.000000,0.000955
Q_ind_155_anc_2-1,0.000274,0.000000,0.000000,0.003490
Q_ind_156_anc_2-1,0.000112,0.000000,0.000000,0.001335
Q_ind_157_anc_2-1,0.000178,0.000000,0.000000,0.001728
Q_ind_158_anc_2-1,0.000095,0.000000,0.000000,0.000839
Q_ind_159_anc_2-1,0.000109,0.000000,0.000000,0.001156
Q_ind_160_anc_2-1,0.000152,0.000000,0.000000,0.001597
Q_ind_161_anc_2-1,0.000162,0.000000,0.000000,0.001344
Q_ind_162_anc_2-1,0.000139,0.000000,0.000000,0.001574
Q_ind_163_anc_2-1,0.000139,0.000000,0.000000,0.001120
Q_ind_164_anc_2-1,0.000142,0.000000,0.000000,0.001504
Q_ind_165_anc_2-1,0.000211,0.000000,0.000000,0.002484
Q_ind_166_anc_2-1,0.000137,0.000000,0.000000,0.001267
Q_ind_167_anc_2-1,0.001138,0.000000,0.000000,0.011107
Q_ind_168_anc_2-1,0.000931,0.000000,0.000000,0.012637
Q_ind_169_anc_2-1,0.000388,0.000000,0.000000,0.005822
Q_ind_170_anc_2-1,0.000109,0.000000,0.000000,0.001025
Q_ind_171_anc_2-1,0.000247,0.000000,0.000000,0.003388
Q_ind_172_anc_2-1,0.000187,0.000000,0.000000,0.002122
Q_ind_173_anc_2-1,0.000192,0.000000,0.000000,0.001710
Q_ind_174_anc_2-1,0.000184,0.000000,0.000000,0.001542
Q_ind_175_anc_2-1,0.001100,0.000000,0.000000,0.015426
Q_ind_176_anc_2-1,0.000677,0.000000,0.000000,0.008398
Q_ind_177_anc_2-1,0.000290,0.000000,0.000000,0.003598
Q_ind_178_anc_2-1,0.000114,0.000000,0.000000,0.001272
Q_ind_179_anc_2-1,0.000148,0.000000,0.000000,0.001154
Q_ind_180_anc_2-1,0.000104,0.000000,0.000000,0.000890
Q_ind_181_anc_2-1,0.000465,0.000000,0.000000,0.004929
Q_ind_182_anc_2-1,0.000310,0.000000,0.000000,0.002551
Q_ind_183_anc_2-1,0.000117,0.000000,0.000000,0.001095
Q_ind_184_anc_2-1,0.000223,0.000000,0.000000,0.002390
Q_ind_185_anc_2-1,0.002022,0.000000,0.000000,0.029028
Q_ind_186_anc_2-1,0.000792,0.000000,0.000000,0.009922
Q_ind_187_anc_2-1,0.007652,0.000000,0.000000,0.094209
Q_ind_188_anc_2-1,0.004979,0.000000,0.000000,0.085224
Q_ind_189_anc_2-1,0.000371,0.000000,0.000000,0.003171
Q_ind_190_anc_2-1,0.019403,0.000000,0.000000,0.116168
Q_ind_191_anc_2-1,0.000549,0.000000,0.000000,0.006946
Q_ind_192_anc_2-1,0.000095,0.000000,0.000000,0.000984
Q_ind_193_anc_2-1,0.000138,0.000000,0.000000,0.001466
Q_ind_194_anc_2-1,0.000025,0.000000,0.000000,0.000258
Q_ind_195_anc_2-1,0.000075,0.000000,0.000000,0.000667
Q_ind_196_anc_2-1,0.000030,0.000000,0.000000,0.000268
Q_ind_197_anc_2-1,0.000031,0.000000,0.000000,0.000295
Q_ind_198_anc_2-1,0.000042,0.000000,0.000000,0.000382
Q_ind_199_anc_2-1,0.000073,0.000000,0.000000,0.000773
Q_ind_200_anc_2-1,0.000045,0.000000,0.000000,0.000433
Q_ind_201_anc_2-1,0.000151,0.000000,0.000000,0.001584
Q_ind_202_anc_2-1,0.000069,0.000000,0.000000,0.000747
Q_ind_203_anc_2-1,0.000221,0.000000,0.000000,0.001884
Q_ind_204_anc_2-1,0.000174,0.000000,0.000000,0.001062
Q_ind_205_anc_2-1,0.000303,0.000000,0.000000,0.003790
Q_ind_206_anc_2-1,0.000268,0.000000,0.000000,0.002588
Q_ind_207_anc_2-1,0.000290,0.000000,0.000000,0.003007
Q_ind_208_anc_2-1,0.000211,0.000000,0.000000,0.002024
Q_ind_209_anc_2-1,0.000435,0.000000,0.000000,0.004934
Q_ind_210_anc_2-1,0.068381,0.000001,0.000000,0.283068
Q_ind_211_anc_2-1,0.000466,0.000000,0.000000,0.004217
Q_ind_212_anc_2-1,0.001113,0.000000,0.000000,0.014682
Q_ind_213_anc_2-1,0.001107,0.000000,0.000000,0.014755
Q_ind_214_anc_2-1,0.001121,0.000000,0.000000,0.016555
Q_ind_215_anc_2-1,0.000504,0.000000,0.000000,0.004110
Q_ind_216_anc_2-1,0.000699,0.000000,0.000000,0.010361
Q_ind_217_anc_2-1,0.006803,0.000000,0.000000,0.065954
Q_ind_218_anc_2-1,0.000201,0.000000,0.000000,0.002230
Q_ind_219_anc_2-1,0.003647,0.000000,0.000000,0.040392
Q_ind_220_anc_2-1,0.005850,0.000000,0.000000,0.061050
Q_ind_221_anc_2-1,0.000616,0.000000,0.000000,0.007875
Q_ind_222_anc_2-1,0.000161,0.000000,0.000000,0.001397
Q_ind_223_anc_2-1,0.000625,0.000000,0.000000,0.007272
Q_ind_224_anc_2-1,0.000512,0.000000,0.000000,0.003110
Q_ind_225_anc_2-1,0.003728,0.000000,0.000000,0.054216
Q_ind_226_anc_2-1,0.000426,0.000000,0.000000,0.002479
Q_ind_227_anc_2-1,0.000625,0.000000,0.000000,0.007944
Q_ind_228_anc_2-1,0.000545,0.000000,0.000000,0.007164
Q_ind_229_anc_2-1,0.002334,0.000000,0.000000,0.039605
Q_ind_230_anc_2-1,0.001468,0.000000,0.000000,0.020192
Q_ind_231_anc_2-1,0.000811,0.000000,0.000000,0.009108
Q_ind_232_anc_2-1,0.001071,0.000000,0.000000,0.013867
Q_ind_233_anc_2-1,0.001197,0.000000,0.000000,0.016834
Q_ind_234_anc_2-1,0.000119,0.000000,0.000000,0.001595
Q_ind_235_anc_2-1,0.000955,0.000000,0.000000,0.014344
Q_ind_236_anc_2-1,0.000219,0.000000,0.000000,0.002827
Q_ind_237_anc_2-1,0.000160,0.000000,0.000000,0.001983
Q_ind_238_anc_2-1,0.004096,0.000000,0.000000,0.047425
Q_ind_239_anc_2-1,0.000149,0.000000,0.000000,0.001514
Q_ind_240_anc_2-1,0.000337,0.000000,0.000000,0.003733
Q_ind_241_anc_2-1,0.000384,0.000000,0.000000,0.004377
Q_ind_242_anc_2-1,0.000664,0.000000,0.000000,0.009097
Q_ind_243_anc_2-1,0.019088,0.000000,0.000000,0.139698
Q_ind_244_anc_2-1,0.000221,0.000000,0.000000,0.001610
Q_ind_245_anc_2-1,0.023255,0.000002,0.000000,0.108930
Q_ind_1_anc_2-2,0.000069,0.000000,0.000000,0.000688
Q_ind_2_anc_2-2,0.000067,0.000000,0.000000,0.000776
Q_ind_3_anc_2-2,0.000246,0.000000,0.000000,0.003305
Q_ind_4_anc_2-2,0.000100,0.000000,0.000000,0.001054
Q_ind_5_anc_2-2,0.000040,0.000000,0.000000,0.000384
Q_ind_6_anc_2-2,0.000087,0.000000,0.000000,0.000778
Q_ind_7_anc_2-2,0.000298,0.000000,0.000000,0.004079
Q_ind_8_anc_2-2,0.000243,0.000000,0.000000,0.002694
Q_ind_9_anc_2-2,0.000089,0.000000,0.000000,0.000894
Q_ind_10_anc_2-2,0.000043,0.000000,0.000000,0.000396
Q_ind_11_anc_2-2,0.000763,0.000000,0.000000,0.010016
Q_ind_12_anc_2-2,0.000082,0.000000,0.000000,0.000764
Q_ind_13_anc_2-2,0.001146,0.000000,0.000000,0.015818
Q_ind_14_anc_2-2,0.000378,0.000000,0.000000,0.005518
Q_ind_15_anc_2-2,0.000277,0.000000,0.000000,0.002865
Q_ind_16_anc_2-2,0.000683,0.000000,0.000000,0.010823
Q_ind_17_anc_2-2,0.001645,0.000000,0.000000,0.019399
Q_ind_18_anc_2-2,0.000326,0.000000,0.000000,0.003633
Q_ind_19_anc_2-2,0.000215,0.000000,0.000000,0.002257
Q_ind_20_anc_2-2,0.000042,0.000000,0.000000,0.000388
Q_ind_21_anc_2-2,0.000194,0.000000,0.000000,0.002245
Q_ind_22_anc_2-2,0.000699,0.000000,0.000000,0.009364
Q_ind_23_anc_2-2,0.000204,0.000000,0.000000,0.002380
Q_ind_24_anc_2-2,0.000167,0.000000,0.000000,0.001896
Q_ind_25_anc_2-2,0.000214,0.000000,0.000000,0.002440
Q_ind_26_anc_2-2,0.000198,0.000000,0.000000,0.002267
Q_ind_27_anc_2-2,0.001367,0.000000,0.000000,0.019901
Q_ind_28_anc_2-2,0.000323,0.000000,0.000000,0.004613
Q_ind_29_anc_2-2,0.000463,0.000000,0.000000,0.006164
Q_ind_30_anc_2-2,0.000088,0.000000,0.000000,0.000748
Q_ind_31_anc_2-2,0.000048,0.000000,0.000000,0.000455
Q_ind_32_anc_2-2,0.000085,0.000000,0.000000,0.001060
Q_ind_33_anc_2-2,0.000129,0.000000,0.000000,0.001112
Q_ind_34_anc_2-2,0.000116,0.000000,0.000000,0.001166
Q_ind_35_anc_2-2,0.000104,0.000000,0.000000,0.001145
Q_ind_36_anc_2-2,0.000060,0.000000,0.000000,0.000468
Q_ind_37_anc_2-2,0.000092,0.000000,0.000000,0.001162
Q_ind_38_anc_2-2,0.000036,0.000000,0.000000,0.000289
Q_ind_39_anc_2-2,0.000060,0.000000,0.000000,0.000539
Q_ind_40_anc_2-2,0.001084,0.000000,0.000000,0.016448
Q_ind_41_anc_2-2,0.000099,0.000000,0.000000,0.000924
Q_ind_42_anc_2-2,0.358369,0.325541,0.231339,0.583393
Q_ind_43_anc_2-2,0.326789,0.282394,0.191288,0.559789
Q_ind_44_anc_2-2,0.312577,0.288947,0.202132,0.536382
Q_ind_45_anc_2-2,0.302947,0.285908,0.175076,0.520311
Q_ind_46_anc_2-2,0.343460,0.317404,0.210092,0.529851
Q_ind_47_anc_2-2,0.236180,0.233828,0.149054,0.343923
Q_ind_48_anc_2-2,0.384508,0.366848,0.276702,0.547547
Q_ind_49_anc_2-2,0.335533,0.316889,0.221334,0.538201
Q_ind_50_anc_2-2,0.290197,0.256480,0.165809,0.535928
Q_ind_51_anc_2-2,0.011427,0.000000,0.000000,0.064139
Q_ind_52_anc_2-2,0.000162,0.000000,0.000000,0.002177
Q_ind_53_anc_2-2,0.000106,0.000000,0.000000,0.000959
Q_ind_54_anc_2-2,0.001771,0.000000,0.000000,0.021517
Q_ind_55_anc_2-2,0.000402,0.000000,0.000000,0.004027
Q_ind_56_anc_2-2,0.000311,0.000000,0.000000,0.003570
Q_ind_57_anc_2-2,0.000243,0.000000,0.000000,0.002984
Q_ind_58_anc_2-2,0.012157,0.000020,0.000000,0.054112
Q_ind_59_anc_2-2,0.000498,0.000000,0.000000,0.006000
Q_ind_60_anc_2-2,0.000374,0.000000,0.000000,0.004368
Q_ind_61_anc_2-2,0.001903,0.000000,0.000000,0.025616
Q_ind_62_anc_2-2,0.032299,0.003380,0.000000,0.133270
Q_ind_63_anc_2-2,0.000073,0.000000,0.000000,0.000723
Q_ind_64_anc_2-2,0.000043,0.000000,0.000000,0.000415
Q_ind_65_anc_2-2,0.000071,0.000000,0.000000,0.000816
Q_ind_66_anc_2-2,0.000074,0.000000,0.000000,0.000793
Q_ind_67_anc_2-2,0.000058,0.000000,0.000000,0.000630
Q_ind_68_anc_2-2,0.224127,0.215661,0.148087,0.422911
Q_ind_69_anc_2-2,0.024987,0.009896,0.000000,0.096117
Q_ind_70_anc_2-2,0.006343,0.000000,0.000000,0.059028
Q_ind_71_anc_2-2,0.258028,0.244549,0.180862,0.478423
Q_ind_72_anc_2-2,0.294511,0.272404,0.213022,0.597229
Q_ind_73_anc_2-2,0.257497,0.243264,0.177874,0.472073
Q_ind_74_anc_2-2,0.030397,0.000246,0.000000,0.108768
Q_ind_75_anc_2-2,0.000289,0.000000,0.000000,0.002954
Q_ind_76_anc_2-2,0.290842,0.279084,0.224749,0.478069
Q_ind_77_anc_2-2,0.000360,0.000000,0.000000,0.004669
Q_ind_78_anc_2-2,0.000084,0.000000,0.000000,0.000947
Q_ind_79_anc_2-2,0.000506,0.000000,0.000000,0.006783
Q_ind_80_anc_2-2,0.000098,0.000000,0.000000,0.000938
Q_ind_81_anc_2-2,0.000164,0.000000,0.000000,0.001768
Q_ind_82_anc_2-2,0.000502,0.000000,0.000000,0.006729
Q_ind_83_anc_2-2,0.002386,0.000000,0.000000,0.020862
Q_ind_84_anc_2-2,0.000244,0.000000,0.000000,0.003231
Q_ind_85_anc_2-2,0.000297,0.000000,0.000000,0.003418
Q_ind_86_anc_2-2,0.000467,0.000000,0.000000,0.006907
Q_ind_87_anc_2-2,0.000219,0.000000,0.000000,0.002430
Q_ind_88_anc_2-2,0.000150,0.000000,0.000000,0.001497
Q_ind_89_anc_2-2,0.000131,0.000000,0.000000,0.001234
Q_ind_90_anc_2-2,0.000198,0.000000,0.000000,0.001709
Q_ind_91_anc_2-2,0.001504,0.000000,0.000000,0.020891
Q_ind_92_anc_2-2,0.000111,0.000000,0.000000,0.001211
Q_ind_93_anc_2-2,0.003272,0.000000,0.000000,0.030868
Q_ind_94_anc_2-2,0.000082,0.000000,0.000000,0.000927
Q_ind_95_anc_2-2,0.000863,0.000000,0.000000,0.012387
Q_ind_96_anc_2-2,0.000434,0.000000,0.000000,0.005914
Q_ind_97_anc_2-2,0.000311,0.000000,0.000000,0.004108
Q_ind_98_anc_2-2,0.000074,0.000000,0.000000,0.000546
Q_ind_99_anc_2-2,0.000058,0.000000,0.000000,0.000559
Q_ind_100_anc_2-2,0.000164,0.000000,0.000000,0.002059
Q_ind_101_anc_2-2,0.000070,0.000000,0.000000,0.000765
Q_ind_102_anc_2-2,0.000067,0.000000,0.000000,0.000617
Q_ind_103_anc_2-2,0.000136,0.000000,0.000000,0.001391
Q_ind_104_anc_2-2,0.000112,0.000000,0.000000,0.001142
Q_ind_105_anc_2-2,0.000035,0.000000,0.000000,0.000367
Q_ind_106_anc_2-2,0.000862,0.000000,0.000000,0.012556
Q_ind_107_anc_2-2,0.012146,0.000000,0.000000,0.092554
Q_ind_108_anc_2-2,0.043115,0.041892,0.000000,0.128994
Q_ind_109_anc_2-2,0.013013,0.000000,0.000000,0.110569
Q_ind_110_anc_2-2,0.006705,0.000000,0.000000,0.060050
Q_ind_111_anc_2-2,0.038910,0.029259,0.000000,0.162270
Q_ind_112_anc_2-2,0.000536,0.000000,0.000000,0.006004
Q_ind_113_anc_2-2,0.025840,0.000000,0.000000,0.200113
Q_ind_114_anc_2-2,0.033217,0.000000,0.000000,0.269768
Q_ind_115_anc_2-2,0.002797,0.000000,0.000000,0.037445
Q_ind_116_anc_2-2,0.000296,0.000000,0.000000,0.003778
Q_ind_117_anc_2-2,0.000138,0.000000,0.000000,0.001291
Q_ind_118_anc_2-2,0.000840,0.000000,0.000000,0.012986
Q_ind_119_anc_2-2,0.000372,0.000000,0.000000,0.004607
Q_ind_120_anc_2-2,0.000176,0.000000,0.000000,0.001713
Q_ind_121_anc_2-2,0.000705,0.000000,0.000000,0.009800
Q_ind_122_anc_2-2,0.000162,0.000000,0.000000,0.001982
Q_ind_123_anc_2-2,0.000185,0.000000,0.000000,0.002073
Q_ind_124_anc_2-2,0.000233,0.000000,0.000000,0.002372
Q_ind_125_anc_2-2,0.000698,0.000000,0.000000,0.010377
Q_ind_126_anc_2-2,0.000661,0.000000,0.000000,0.009471
Q_ind_127_anc_2-2,0.000156,0.000000,0.000000,0.001421
Q_ind_128_anc_2-2,0.000276,0.000000,0.000000,0.003405
Q_ind_129_anc_2-2,0.000141,0.000000,0.000000,0.001629
Q_ind_130_anc_2-2,0.000127,0.000000,0.000000,0.001530
Q_ind_131_anc_2-2,0.000069,0.000000,0.000000,0.000788
Q_ind_132_anc_2-2,0.000037,0.000000,0.000000,0.000378
Q_ind_133_anc_2-2,0.002562,0.000000,0.000000,0.032207
Q_ind_134_anc_2-2,0.010885,0.000010,0.000000,0.047364
Q_ind_135_anc_2-2,0.000623,0.000000,0.000000,0.007499
Q_ind_136_anc_2-2,0.002760,0.000000,0.000000,0.033301
Q_ind_137_anc_2-2,0.000207,0.000000,0.000000,0.002170
Q_ind_138_anc_2-2,0.000103,0.000000,0.000000,0.000941
Q_ind_139_anc_2-2,0.000454,0.000000,0.000000,0.006174
Q_ind_140_anc_2-2,0.000178,0.000000,0.000000,0.002076
Q_ind_141_anc_2-2,0.009356,0.000000,0.000000,0.050207
Q_ind_142_anc_2-2,0.000043,0.000000,0.000000,0.000471
Q_ind_143_anc_2-2,0.014124,0.000654,0.000000,0.053620
Q_ind_144_anc_2-2,0.025336,0.027745,0.000000,0.065430
Q_ind_145_anc_2-2,0.000053,0.000000,0.000000,0.000612
Q_ind_146_anc_2-2,0.000105,0.000000,0.000000,0.001073
Q_ind_147_anc_2-2,0.000082,0.000000,0.000000,0.000943
Q_ind_148_anc_2-2,0.000351,0.000000,0.000000,0.004780
Q_ind_149_anc_2-2,0.000125,0.000000,0.000000,0.001234
Q_ind_150_anc_2-2,0.000084,0.000000,0.000000,0.001005
Q_ind_151_anc_2-2,0.000590,0.000000,0.000000,0.008517
Q_ind_152_anc_2-2,0.000135,0.000000,0.000000,0.001478
Q_ind_153_anc_2-2,0.000128,0.000000,0.000000,0.001512
Q_ind_154_anc_2-2,0.000095,0.000000,0.000000,0.001035
Q_ind_155_anc_2-2,0.000034,0.000000,0.000000,0.000303
Q_ind_156_anc_2-2,0.000124,0.000000,0.000000,0.001546
Q_ind_157_anc_2-2,0.000146,0.000000,0.000000,0.001510
Q_ind_158_anc_2-2,0.000132,0.000000,0.000000,0.001280
Q_ind_159_anc_2-2,0.000093,0.000000,0.000000,0.000834
Q_ind_160_anc_2-2,0.000169,0.000000,0.000000,0.001652
Q_ind_161_anc_2-2,0.000100,0.000000,0.000000,0.000823
Q_ind_162_anc_2-2,0.000302,0.000000,0.000000,0.003865
Q_ind_163_anc_2-2,0.000073,0.000000,0.000000,0.000698
Q_ind_164_anc_2-2,0.000262,0.000000,0.000000,0.002995
Q_ind_165_anc_2-2,0.003413,0.000000,0.000000,0.036383
Q_ind_166_anc_2-2,0.021626,0.017890,0.000000,0.067785
Q_ind_167_anc_2-2,0.022037,0.002531,0.000000,0.074635
Q_ind_168_anc_2-2,0.000230,0.000000,0.000000,0.002416
Q_ind_169_anc_2-2,0.000049,0.000000,0.000000,0.000457
Q_ind_170_anc_2-2,0.000224,0.000000,0.000000,0.002750
Q_ind_171_anc_2-2,0.000128,0.000000,0.000000,0.001348
Q_ind_172_anc_2-2,0.004822,0.000000,0.000000,0.037667
Q_ind_173_anc_2-2,0.000159,0.000000,0.000000,0.001762
Q_ind_174_anc_2-2,0.000313,0.000000,0.000000,0.003993
Q_ind_175_anc_2-2,0.000191,0.000000,0.000000,0.002226
Q_ind_176_anc_2-2,0.000153,0.000000,0.000000,0.001823
Q_ind_177_anc_2-2,0.000187,0.000000,0.000000,0.002386
Q_ind_178_anc_2-2,0.000164,0.000000,0.000000,0.001993
Q_ind_179_anc_2-2,0.000072,0.000000,0.000000,0.000868
Q_ind_180_anc_2-2,0.000151,0.000000,0.000000,0.001563
Q_ind_181_anc_2-2,0.000138,0.000000,0.000000,0.001041
Q_ind_182_anc_2-2,0.000201,0.000000,0.000000,0.002030
Q_ind_183_anc_2-2,0.000233,0.000000,0.000000,0.003128
Q_ind_184_anc_2-2,0.000097,0.000000,0.000000,0.001224
Q_ind_185_anc_2-2,0.188806,0.178688,0.068366,0.327059
Q_ind_186_anc_2-2,0.114441,0.115358,0.000000,0.274639
Q_ind_187_anc_2-2,0.150008,0.150108,0.047492,0.265638
Q_ind_188_anc_2-2,0.118337,0.110823,0.054603,0.261758
Q_ind_189_anc_2-2,0.200531,0.187698,0.088839,0.467344
Q_ind_190_anc_2-2,0.001396,0.000000,0.000000,0.020281
Q_ind_191_anc_2-2,0.149822,0.143627,0.052160,0.337861
Q_ind_192_anc_2-2,0.000055,0.000000,0.000000,0.000639
Q_ind_193_anc_2-2,0.000225,0.000000,0.000000,0.002107
Q_ind_194_anc_2-2,0.000023,0.000000,0.000000,0.000222
Q_ind_195_anc_2-2,0.000068,0.000000,0.000000,0.000480
Q_ind_196_anc_2-2,0.000029,0.000000,0.000000,0.000252
Q_ind_197_anc_2-2,0.000034,0.000000,0.000000,0.000273
Q_ind_198_anc_2-2,0.000024,0.000000,0.000000,0.000260
Q_ind_199_anc_2-2,0.000046,0.000000,0.000000,0.000481
Q_ind_200_anc_2-2,0.000034,0.000000,0.000000,0.000372
Q_ind_201_anc_2-2,0.000025,0.000000,0.000000,0.000231
Q_ind_202_anc_2-2,0.000038,0.000000,0.000000,0.000330
Q_ind_203_anc_2-2,0.000219,0.000000,0.000000,0.002439
Q_ind_204_anc_2-2,0.000357,0.000000,0.000000,0.004377
Q_ind_205_anc_2-2,0.000249,0.000000,0.000000,0.002894
Q_ind_206_anc_2-2,0.000690,0.000000,0.000000,0.010295
Q_ind_207_anc_2-2,0.000241,0.000000,0.000000,0.002617
Q_ind_208_anc_2-2,0.000047,0.000000,0.000000,0.000531
Q_ind_209_anc_2-2,0.000520,0.000000,0.000000,0.007047
Q_ind_210_anc_2-2,0.001022,0.000000,0.000000,0.014120
Q_ind_211_anc_2-2,0.000764,0.000000,0.000000,0.009919
Q_ind_212_anc_2-2,0.000060,0.000000,0.000000,0.000621
Q_ind_213_anc_2-2,0.000586,0.000000,0.000000,0.008566
Q_ind_214_anc_2-2,0.000452,0.000000,0.000000,0.006260
Q_ind_215_anc_2-2,0.000226,0.000000,0.000000,0.002098
Q_ind_216_anc_2-2,0.000713,0.000000,0.000000,0.009339
Q_ind_217_anc_2-2,0.002039,0.000000,0.000000,0.025161
Q_ind_218_anc_2-2,0.000046,0.000000,0.000000,0.000423
Q_ind_219_anc_2-2,0.001805,0.000000,0.000000,0.026521
Q_ind_220_anc_2-2,0.000324,0.000000,0.000000,0.002789
Q_ind_221_anc_2-2,0.000310,0.000000,0.000000,0.002334
Q_ind_222_anc_2-2,0.000460,0.000000,0.000000,0.005752
Q_ind_223_anc_2-2,0.000048,0.000000,0.000000,0.000459
Q_ind_224_anc_2-2,0.000033,0.000000,0.000000,0.000331
Q_ind_225_anc_2-2,0.000845,0.000000,0.000000,0.012304
Q_ind_226_anc_2-2,0.000053,0.000000,0.000000,0.000425
Q_ind_227_anc_2-2,0.001549,0.000000,0.000000,0.021388
Q_ind_228_anc_2-2,0.031262,0.031532,0.000000,0.085217
Q_ind_229_anc_2-2,0.006367,0.000000,0.000000,0.074810
Q_ind_230_anc_2-2,0.000499,0.000000,0.000000,0.006276
Q_ind_231_anc_2-2,0.000094,0.000000,0.000000,0.000602
Q_ind_232_anc_2-2,0.000648,0.000000,0.000000,0.009971
Q_ind_233_anc_2-2,0.000324,0.000000,0.000000,0.003258
Q_ind_234_anc_2-2,0.301175,0.277501,0.209429,0.595207
Q_ind_235_anc_2-2,0.289473,0.269338,0.206416,0.541925
Q_ind_236_anc_2-2,0.383830,0.356153,0.293368,0.768100
Q_ind_237_anc_2-2,0.320408,0.287679,0.213034,0.683242
Q_ind_238_anc_2-2,0.211958,0.188743,0.114780,0.497269
Q_ind_239_anc_2-2,0.293977,0.270513,0.203150,0.618549
Q_ind_240_anc_2-2,0.093282,0.082320,0.000000,0.249405
Q_ind_241_anc_2-2,0.200152,0.185961,0.127665,0.411464
Q_ind_242_anc_2-2,0.306002,0.284486,0.226346,0.543116
Q_ind_243_anc_2-2,0.004961,0.000000,0.000000,0.086329
Q_ind_244_anc_2-2,0.385702,0.350249,0.282759,0.725783
Q_ind_245_anc_2-2,0.008889,0.000000,0.000000,0.113992
Q_ind_1_anc_3-1,0.000330,0.000000,0.000000,0.003052
Q_ind_2_anc_3-1,0.000316,0.000000,0.000000,0.003800
Q_ind_3_anc_3-1,0.001465,0.000000,0.000000,0.016418
Q_ind_4_anc_3-1,0.000820,0.000000,0.000000,0.011113
Q_ind_5_anc_3-1,0.000297,0.000000,0.000000,0.003543
Q_ind_6_anc_3-1,0.000567,0.000000,0.000000,0.004919
Q_ind_7_anc_3-1,0.000574,0.000000,0.000000,0.003577
Q_ind_8_anc_3-1,0.000568,0.000000,0.000000,0.006925
Q_ind_9_anc_3-1,0.000990,0.000000,0.000000,0.014123
Q_ind_10_anc_3-1,0.000557,0.000000,0.000000,0.006772
Q_ind_11_anc_3-1,0.003746,0.000000,0.000000,0.049090
Q_ind_12_anc_3-1,0.001393,0.000000,0.000000,0.016736
Q_ind_13_anc_3-1,0.005986,0.000000,0.000000,0.087091
Q_ind_14_anc_3-1,0.002059,0.000000,0.000000,0.028013
Q_ind_15_anc_3-1,0.007575,0.000000,0.000000,0.117847
Q_ind_16_anc_3-1,0.022071,0.000000,0.000000,0.203515
Q_ind_17_anc_3-1,0.001514,0.000000,0.000000,0.019516
Q_ind_18_anc_3-1,0.002360,0.000000,0.000000,0.025978
Q_ind_19_anc_3-1,0.015167,0.000000,0.000000,0.140747
Q_ind_20_anc_3-1,0.000573,0.000000,0.000000,0.007084
Q_ind_21_anc_3-1,0.000416,0.000000,0.000000,0.004852
Q_ind_22_anc_3-1,0.000334,0.000000,0.000000,0.003015
Q_ind_23_anc_3-1,0.000655,0.000000,0.000000,0.010497
Q_ind_24_anc_3-1,0.013526,0.000000,0.000000,0.079182
Q_ind_25_anc_3-1,0.001232,0.000000,0.000000,0.015750
Q_ind_26_anc_3-1,0.000149,0.000000,0.000000,0.001179
Q_ind_27_anc_3-1,0.000210,0.000000,0.000000,0.002204
Q_ind_28_anc_3-1,0.000503,0.000000,0.000000,0.005593
Q_ind_29_anc_3-1,0.000229,0.000000,0.000000,0.002275
Q_ind_30_anc_3-1,0.000152,0.000000,0.000000,0.001767
Q_ind_31_anc_3-1,0.000172,0.000000,0.000000,0.001646
Q_ind_32_anc_3-1,0.001324,0.000000,0.000000,0.014904
Q_ind_33_anc_3-1,0.028537,0.000000,0.000000,0.221457
Q_ind_34_anc_3-1,0.000346,0.000000,0.000000,0.003321
Q_ind_35_anc_3-1,0.001791,0.000000,0.000000,0.027078
Q_ind_36_anc_3-1,0.000124,0.000000,0.000000,0.001128
Q_ind_37_anc_3-1,0.000931,0.000000,0.000000,0.006906
Q_ind_38_anc_3-1,0.000191,0.000000,0.000000,0.001878
Q_ind_39_anc_3-1,0.075415,0.000000,0.000000,0.440324
Q_ind_40_anc_3-1,0.011737,0.000000,0.000000,0.125820
Q_ind_41_anc_3-1,0.143486,0.129480,0.000000,0.431782
Q_ind_42_anc_3-1,0.000150,0.000000,0.000000,0.001697
Q_ind_43_anc_3-1,0.000375,0.000000,0.000000,0.004874
Q_ind_44_anc_3-1,0.000091,0.000000,0.000000,0.000710
Q_ind_45_anc_3-1,0.000107,0.000000,0.000000,0.001184
Q_ind_46_anc_3-1,0.000100,0.000000,0.000000,0.001053
Q_ind_47_anc_3-1,0.000170,0.000000,0.000000,0.002073
Q_ind_48_anc_3-1,0.000118,0.000000,0.000000,0.001343
Q_ind_49_anc_3-1,0.000149,0.000000,0.000000,0.001855
Q_ind_50_anc_3-1,0.000128,0.000000,0.000000,0.001236
Q_ind_51_anc_3-1,0.000968,0.000000,0.000000,0.016069
Q_ind_52_anc_3-1,0.000330,0.000000,0.000000,0.003527
Q_ind_53_anc_3-1,0.000087,0.000000,0.000000,0.000935
Q_ind_54_anc_3-1,0.001061,0.000000,0.000000,0.017352
Q_ind_55_anc_3-1,0.000171,0.000000,0.000000,0.002156
Q_ind_56_anc_3-1,0.000152,0.000000,0.000000,0.001621
Q_ind_57_anc_3-1,0.000352,0.000000,0.000000,0.003426
Q_ind_58_anc_3-1,0.000110,0.000000,0.000000,0.001108
Q_ind_59_anc_3-1,0.000227,0.000000,0.000000,0.002658
Q_ind_60_anc_3-1,0.000186,0.000000,0.000000,0.001346
Q_ind_61_anc_3-1,0.000191,0.000000,0.000000,0.001839
Q_ind_62_anc_3-1,0.000718,0.000000,0.000000,0.011080
Q_ind_63_anc_3-1,0.000141,0.000000,0.000000,0.001662
Q_ind_64_anc_3-1,0.000063,0.000000,0.000000,0.000514
Q_ind_65_anc_3-1,0.000067,0.000000,0.000000,0.000684
Q_ind_66_anc_3-1,0.000107,0.000000,0.000000,0.001106
Q_ind_67_anc_3-1,0.000089,0.000000,0.000000,0.000902
Q_ind_68_anc_3-1,0.000543,0.000000,0.000000,0.005682
Q_ind_69_anc_3-1,0.000919,0.000000,0.000000,0.010609
Q_ind_70_anc_3-1,0.000627,0.000000,0.000000,0.007605
Q_ind_71_anc_3-1,0.000145,0.000000,0.000000,0.001779
Q_ind_72_anc_3-1,0.000931,0.000000,0.000000,0.013874
Q_ind_73_anc_3-1,0.000674,0.000000,0.000000,0.005179
Q_ind_74_anc_3-1,0.000253,0.000000,0.000000,0.002170
Q_ind_75_anc_3-1,0.000728,0.000000,0.000000,0.008868
Q_ind_76_anc_3-1,0.000239,0.000000,0.000000,0.002615
Q_ind_77_anc_3-1,0.000675,0.000000,0.000000,0.008800
Q_ind_78_anc_3-1,0.000347,0.000000,0.000000,0.002960
Q_ind_79_anc_3-1,0.000763,0.000000,0.000000,0.009410
Q_ind_80_anc_3-1,0.000208,0.000000,0.000000,0.001977
Q_ind_81_anc_3-1,0.000723,0.000000,0.000000,0.010652
Q_ind_82_anc_3-1,0.001680,0.000000,0.000000,0.021479
Q_ind_83_anc_3-1,0.000319,0.000000,0.000000,0.003171
Q_ind_84_anc_3-1,0.001559,0.000000,0.000000,0.020491
Q_ind_85_anc_3-1,0.000474,0.000000,0.000000,0.004523
Q_ind_86_anc_3-1,0.000578,0.000000,0.000000,0.008673
Q_ind_87_anc_3-1,0.000309,0.000000,0.000000,0.002532
Q_ind_88_anc_3-1,0.000202,0.000000,0.000000,0.002589
Q_ind_89_anc_3-1,0.000236,0.000000,0.000000,0.002251
Q_ind_90_anc_3-1,0.000294,0.000000,0.000000,0.003333
Q_ind_91_anc_3-1,0.012649,0.000000,0.000000,0.166672
Q_ind_92_anc_3-1,0.000424,0.000000,0.000000,0.003978
Q_ind_93_anc_3-1,0.012828,0.000000,0.000000,0.145982
Q_ind_94_anc_3-1,0.035665,0.000000,0.000000,0.212161
Q_ind_95_anc_3-1,0.001263,0.000000,0.000000,0.016264
Q_ind_96_anc_3-1,0.000233,0.000000,0.000000,0.002862
Q_ind_97_anc_3-1,0.000072,0.000000,0.000000,0.000788
Q_ind_98_anc_3-1,0.000392,0.000000,0.000000,0.003840
Q_ind_99_anc_3-1,0.003549,0.000000,0.000000,0.068544
Q_ind_100_anc_3-1,0.000155,0.000000,0.000000,0.001643
Q_ind_101_anc_3-1,0.000071,0.000000,0.000000,0.000740
Q_ind_102_anc_3-1,0.000080,0.000000,0.000000,0.000956
Q_ind_103_anc_3-1,0.000107,0.000000,0.000000,0.001131
Q_ind_104_anc_3-1,0.000103,0.000000,0.000000,0.001168
Q_ind_105_anc_3-1,0.000861,0.000000,0.000000,0.011013
Q_ind_106_anc_3-1,0.000255,0.000000,0.000000,0.002529
Q_ind_107_anc_3-1,0.000747,0.000000,0.000000,0.007772
Q_ind_108_anc_3-1,0.052543,0.000000,0.000000,0.479147
Q_ind_109_anc_3-1,0.033672,0.000000,0.000000,0.205508
Q_ind_110_anc_3-1,0.002891,0.000000,0.000000,0.044905
Q_ind_111_anc_3-1,0.048954,0.000000,0.000000,0.347189
Q_ind_112_anc_3-1,0.077231,0.000000,0.000000,0.395060
Q_ind_113_anc_3-1,0.090233,0.000000,0.000000,0.501286
Q_ind_114_anc_3-1,0.003469,0.000000,0.000000,0.036967
Q_ind_115_anc_3-1,0.000195,0.000000,0.000000,0.002266
Q_ind_116_anc_3-1,0.000124,0.000000,0.000000,0.001365
Q_ind_117_anc_3-1,0.000071,0.000000,0.000000,0.000724
Q_ind_118_anc_3-1,0.000358,0.000000,0.000000,0.003561
Q_ind_119_anc_3-1,0.000161,0.000000,0.000000,0.002124
Q_ind_120_anc_3-1,0.000106,0.000000,0.000000,0.000870
Q_ind_121_anc_3-1,0.000941,0.000000,0.000000,0.013829
Q_ind_122_anc_3-1,0.000094,0.000000,0.000000,0.000992
Q_ind_123_anc_3-1,0.000111,0.000000,0.000000,0.001036
Q_ind_124_anc_3-1,0.000771,0.000000,0.000000,0.010270
Q_ind_125_anc_3-1,0.000765,0.000000,0.000000,0.009060
Q_ind_126_anc_3-1,0.000441,0.000000,0.000000,0.004331
Q_ind_127_anc_3-1,0.000437,0.000000,0.000000,0.003605
Q_ind_128_anc_3-1,0.000789,0.000000,0.000000,0.010137
Q_ind_129_anc_3-1,0.000358,0.000000,0.000000,0.003086
Q_ind_130_anc_3-1,0.001011,0.000000,0.000000,0.009109
Q_ind_131_anc_3-1,0.028854,0.000000,0.000000,0.214249
Q_ind_132_anc_3-1,0.075129,0.000000,0.000000,0.374068
Q_ind_133_anc_3-1,0.000805,0.000000,0.000000,0.011665
Q_ind_134_anc_3-1,0.001116,0.000000,0.000000,0.014018
Q_ind_135_anc_3-1,0.002238,0.000000,0.000000,0.029372
Q_ind_136_anc_3-1,0.000964,0.000000,0.000000,0.013236
Q_ind_137_anc_3-1,0.000553,0.000000,0.000000,0.006300
Q_ind_138_anc_3-1,0.075662,0.000000,0.000000,0.414689
Q_ind_139_anc_3-1,0.003990,0.000000,0.000000,0.043163
Q_ind_140_anc_3-1,0.001380,0.000000,0.000000,0.015532
Q_ind_141_anc_3-1,0.001405,0.000000,0.000000,0.015556
Q_ind_142_anc_3-1,0.000172,0.000000,0.000000,0.001927
Q_ind_143_anc_3-1,0.005335,0.000000,0.000000,0.102237
Q_ind_144_anc_3-1,0.001474,0.000000,0.000000,0.021931
Q_ind_145_anc_3-1,0.000077,0.000000,0.000000,0.000784
Q_ind_146_anc_3-1,0.000215,0.000000,0.000000,0.003017
Q_ind_147_anc_3-1,0.000154,0.000000,0.000000,0.001183
Q_ind_148_anc_3-1,0.000135,0.000000,0.000000,0.001502
Q_ind_149_anc_3-1,0.000356,0.000000,0.000000,0.004160
Q_ind_150_anc_3-1,0.000167,0.000000,0.000000,0.001572
Q_ind_151_anc_3-1,0.000577,0.000000,0.000000,0.008985
Q_ind_152_anc_3-1,0.000103,0.000000,0.000000,0.001093
Q_ind_153_anc_3-1,0.000113,0.000000,0.000000,0.001352
Q_ind_154_anc_3-1,0.000221,0.000000,0.000000,0.002383
Q_ind_155_anc_3-1,0.000163,0.000000,0.000000,0.001212
Q_ind_156_anc_3-1,0.000192,0.000000,0.000000,0.001846
Q_ind_157_anc_3-1,0.000249,0.000000,0.000000,0.002078
Q_ind_158_anc_3-1,0.000138,0.000000,0.000000,0.001492
Q_ind_159_anc_3-1,0.000173,0.000000,0.000000,0.001880
Q_ind_160_anc_3-1,0.000210,0.000000,0.000000,0.002048
Q_ind_161_anc_3-1,0.000112,0.000000,0.000000,0.000913
Q_ind_162_anc_3-1,0.000177,0.000000,0.000000,0.001886
Q_ind_163_anc_3-1,0.000628,0.000000,0.000000,0.008505
Q_ind_164_anc_3-1,0.000768,0.000000,0.000000,0.011156
Q_ind_165_anc_3-1,0.005706,0.000000,0.000000,0.095135
Q_ind_166_anc_3-1,0.029316,0.000000,0.000000,0.260309
Q_ind_167_anc_3-1,0.000323,0.000000,0.000000,0.003670
Q_ind_168_anc_3-1,0.023963,0.000000,0.000000,0.176819
Q_ind_169_anc_3-1,0.000158,0.000000,0.000000,0.001201
Q_ind_170_anc_3-1,0.000075,0.000000,0.000000,0.000711
Q_ind_171_anc_3-1,0.000173,0.000000,0.000000,0.001772
Q_ind_172_anc_3-1,0.000108,0.000000,0.000000,0.001110
Q_ind_173_anc_3-1,0.000187,0.000000,0.000000,0.001847
Q_ind_174_anc_3-1,0.000152,0.000000,0.000000,0.001270
Q_ind_175_anc_3-1,0.011119,0.000000,0.000000,0.120311
Q_ind_176_anc_3-1,0.000139,0.000000,0.000000,0.001470
Q_ind_177_anc_3-1,0.002690,0.000000,0.000000,0.040323
Q_ind_178_anc_3-1,0.000232,0.000000,0.000000,0.001979
Q_ind_179_anc_3-1,0.001281,0.000000,0.000000,0.022925
Q_ind_180_anc_3-1,0.000249,0.000000,0.000000,0.002445
Q_ind_181_anc_3-1,0.003324,0.000000,0.000000,0.060428
Q_ind_182_anc_3-1,0.002204,0.000000,0.000000,0.030422
Q_ind_183_anc_3-1,0.000808,0.000000,0.000000,0.009352
Q_ind_184_anc_3-1,0.000189,0.000000,0.000000,0.001715
Q_ind_185_anc_3-1,0.000971,0.000000,0.000000,0.014226
Q_ind_186_anc_3-1,0.000883,0.000000,0.000000,0.009685
Q_ind_187_anc_3-1,0.000715,0.000000,0.000000,0.008223
Q_ind_188_anc_3-1,0.000676,0.000000,0.000000,0.008651
Q_ind_189_anc_3-1,0.000441,0.000000,0.000000,0.006058
Q_ind_190_anc_3-1,0.012798,0.000000,0.000000,0.177785
Q_ind_191_anc_3-1,0.000516,0.000000,0.000000,0.005516
Q_ind_192_anc_3-1,0.000077,0.000000,0.000000,0.000745
Q_ind_193_anc_3-1,0.000215,0.000000,0.000000,0.002372
Q_ind_194_anc_3-1,0.000031,0.000000,0.000000,0.000327
Q_ind_195_anc_3-1,0.000078,0.000000,0.000000,0.000814
Q_ind_196_anc_3-1,0.000043,0.000000,0.000000,0.000377
Q_ind_197_anc_3-1,0.000046,0.000000,0.000000,0.000457
Q_ind_198_anc_3-1,0.000044,0.000000,0.000000,0.000387
Q_ind_199_anc_3-1,0.000123,0.000000,0.000000,0.001144
Q_ind_200_anc_3-1,0.000086,0.000000,0.000000,0.000903
Q_ind_201_anc_3-1,0.006509,0.000000,0.000000,0.077671
Q_ind_202_anc_3-1,0.000129,0.000000,0.000000,0.001466
Q_ind_203_anc_3-1,0.000537,0.000000,0.000000,0.005730
Q_ind_204_anc_3-1,0.000792,0.000000,0.000000,0.010081
Q_ind_205_anc_3-1,0.003499,0.000000,0.000000,0.049832
Q_ind_206_anc_3-1,0.000350,0.000000,0.000000,0.003126
Q_ind_207_anc_3-1,0.000498,0.000000,0.000000,0.006127
Q_ind_208_anc_3-1,0.000543,0.000000,0.000000,0.005885
Q_ind_209_anc_3-1,0.001433,0.000000,0.000000,0.016205
Q_ind_210_anc_3-1,0.000547,0.000000,0.000000,0.006719
Q_ind_211_anc_3-1,0.000252,0.000000,0.000000,0.002775
Q_ind_212_anc_3-1,0.009061,0.000000,0.000000,0.106995
Q_ind_213_anc_3-1,0.015384,0.000000,0.000000,0.199156
Q_ind_214_anc_3-1,0.045038,0.000000,0.000000,0.268638
Q_ind_215_anc_3-1,0.023062,0.000000,0.000000,0.197414
Q_ind_216_anc_3-1,0.001032,0.000000,0.000000,0.013441
Q_ind_217_anc_3-1,0.054440,0.000110,0.000000,0.255066
Q_ind_218_anc_3-1,0.044670,0.000000,0.000000,0.262620
Q_ind_219_anc_3-1,0.004423,0.000000,0.000000,0.055892
Q_ind_220_anc_3-1,0.029793,0.000000,0.000000,0.209200
Q_ind_221_anc_3-1,0.000713,0.000000,0.000000,0.009655
Q_ind_222_anc_3-1,0.001548,0.000000,0.000000,0.023754
Q_ind_223_anc_3-1,0.000098,0.000000,0.000000,0.001016
Q_ind_224_anc_3-1,0.000433,0.000000,0.000000,0.004550
Q_ind_225_anc_3-1,0.000190,0.000000,0.000000,0.001972
Q_ind_226_anc_3-1,0.000801,0.000000,0.000000,0.010504
Q_ind_227_anc_3-1,0.000396,0.000000,0.000000,0.004015
Q_ind_228_anc_3-1,0.000361,0.000000,0.000000,0.003656
Q_ind_229_anc_3-1,0.000129,0.000000,0.000000,0.000933
Q_ind_230_anc_3-1,0.000407,0.000000,0.000000,0.003294
Q_ind_231_anc_3-1,0.000250,0.000000,0.000000,0.002378
Q_ind_232_anc_3-1,0.000537,0.000000,0.000000,0.004716
Q_ind_233_anc_3-1,0.000697,0.000000,0.000000,0.010310
Q_ind_234_anc_3-1,0.000103,0.000000,0.000000,0.000982
Q_ind_235_anc_3-1,0.002011,0.000000,0.000000,0.028051
Q_ind_236_anc_3-1,0.000222,0.000000,0.000000,0.001899
Q_ind_237_anc_3-1,0.000091,0.000000,0.000000,0.000980
Q_ind_238_anc_3-1,0.000308,0.000000,0.000000,0.002217
Q_ind_239_anc_3-1,0.000254,0.000000,0.000000,0.003125
Q_ind_240_anc_3-1,0.000211,0.000000,0.000000,0.002564
Q_ind_241_anc_3-1,0.000403,0.000000,0.000000,0.004453
Q_ind_242_anc_3-1,0.000160,0.000000,0.000000,0.001777
Q_ind_243_anc_3-1,0.000521,0.000000,0.000000,0.006890
Q_ind_244_anc_3-1,0.000135,0.000000,0.000000,0.001301
Q_ind_245_anc_3-1,0.000214,0.000000,0.000000,0.002716
Q_ind_1_anc_3-2,0.000284,0.000000,0.000000,0.001734
Q_ind_2_anc_3-2,0.000060,0.000000,0.000000,0.000614
Q_ind_3_anc_3-2,0.000340,0.000000,0.000000,0.003489
Q_ind_4_anc_3-2,0.000177,0.000000,0.000000,0.002077
Q_ind_5_anc_3-2,0.000152,0.000000,0.000000,0.001568
Q_ind_6_anc_3-2,0.000166,0.000000,0.000000,0.001501
Q_ind_7_anc_3-2,0.000506,0.000000,0.000000,0.006008
Q_ind_8_anc_3-2,0.000219,0.000000,0.000000,0.002186
Q_ind_9_anc_3-2,0.000174,0.000000,0.000000,0.001598
Q_ind_10_anc_3-2,0.000070,0.000000,0.000000,0.000849
Q_ind_11_anc_3-2,0.000721,0.000000,0.000000,0.009235
Q_ind_12_anc_3-2,0.000474,0.000000,0.000000,0.005200
Q_ind_13_anc_3-2,0.001370,0.000000,0.000000,0.019475
Q_ind_14_anc_3-2,0.000498,0.000000,0.000000,0.006242
Q_ind_15_anc_3-2,0.002536,0.000000,0.000000,0.040829
Q_ind_16_anc_3-2,0.000758,0.000000,0.000000,0.008631
Q_ind_17_anc_3-2,0.000974,0.000000,0.000000,0.010646
Q_ind_18_anc_3-2,0.002717,0.000000,0.000000,0.034784
Q_ind_19_anc_3-2,0.001364,0.000000,0.000000,0.010440
Q_ind_20_anc_3-2,0.000226,0.000000,0.000000,0.002294
Q_ind_21_anc_3-2,0.000325,0.000000,0.000000,0.002733
Q_ind_22_anc_3-2,0.000262,0.000000,0.000000,0.002900
Q_ind_23_anc_3-2,0.000270,0.000000,0.000000,0.002597
Q_ind_24_anc_3-2,0.000244,0.000000,0.000000,0.002280
Q_ind_25_anc_3-2,0.000224,0.000000,0.000000,0.002874
Q_ind_26_anc_3-2,0.000379,0.000000,0.000000,0.004764
Q_ind_27_anc_3-2,0.003106,0.000000,0.000000,0.038155
Q_ind_28_anc_3-2,0.000231,0.000000,0.000000,0.002334
Q_ind_29_anc_3-2,0.000566,0.000000,0.000000,0.008374
Q_ind_30_anc_3-2,0.000555,0.000000,0.000000,0.003123
Q_ind_31_anc_3-2,0.000169,0.000000,0.000000,0.001853
Q_ind_32_anc_3-2,0.000146,0.000000,0.000000,0.001649
Q_ind_33_anc_3-2,0.000127,0.000000,0.000000,0.001456
Q_ind_34_anc_3-2,0.000075,0.000000,0.000000,0.000710
Q_ind_35_anc_3-2,0.000148,0.000000,0.000000,0.001583
Q_ind_36_anc_3-2,0.000093,0.000000,0.000000,0.001142
Q_ind_37_anc_3-2,0.000383,0.000000,0.000000,0.004883
Q_ind_38_anc_3-2,0.000098,0.000000,0.000000,0.001100
Q_ind_39_anc_3-2,0.000245,0.000000,0.000000,0.002735
Q_ind_40_anc_3-2,0.001346,0.000000,0.000000,0.023464
Q_ind_41_anc_3-2,0.000455,0.000000,0.000000,0.004113
Q_ind_42_anc_3-2,0.000307,0.000000,0.000000,0.002085
Q_ind_43_anc_3-2,0.000440,0.000000,0.000000,0.004670
Q_ind_44_anc_3-2,0.000266,0.000000,0.000000,0.003352
Q_ind_45_anc_3-2,0.000068,0.000000,0.000000,0.000867
Q_ind_46_anc_3-2,0.000111,0.000000,0.000000,0.001111
Q_ind_47_anc_3-2,0.000190,0.000000,0.000000,0.002377
Q_ind_48_anc_3-2,0.000174,0.000000,0.000000,0.001444
Q_ind_49_anc_3-2,0.000155,0.000000,0.000000,0.000987
Q_ind_50_anc_3-2,0.000285,0.000000,0.000000,0.003184
Q_ind_51_anc_3-2,0.002205,0.000000,0.000000,0.030251
Q_ind_52_anc_3-2,0.000535,0.000000,0.000000,0.007011
Q_ind_53_anc_3-2,0.000185,0.000000,0.000000,0.002263
Q_ind_54_anc_3-2,0.000787,0.000000,0.000000,0.012019
Q_ind_55_anc_3-2,0.000617,0.000000,0.000000,0.008529
Q_ind_56_anc_3-2,0.000836,0.000000,0.000000,0.007403
Q_ind_57_anc_3-2,0.015408,0.000000,0.000000,0.169050
Q_ind_58_anc_3-2,0.000414,0.000000,0.000000,0.005019
Q_ind_59_anc_3-2,0.000614,0.000000,0.000000,0.006777
Q_ind_60_anc_3-2,0.001581,0.000000,0.000000,0.021307
Q_ind_61_anc_3-2,0.000254,0.000000,0.000000,0.002959
Q_ind_62_anc_3-2,0.000867,0.000000,0.000000,0.012153
Q_ind_63_anc_3-2,0.000047,0.000000,0.000000,0.000497
Q_ind_64_anc_3-2,0.000060,0.000000,0.000000,0.000627
Q_ind_65_anc_3-2,0.000043,0.000000,0.000000,0.000380
Q_ind_66_anc_3-2,0.000068,0.000000,0.000000,0.000737
Q_ind_67_anc_3-2,0.000068,0.000000,0.000000,0.000829
Q_ind_68_anc_3-2,0.059927,0.000000,0.000000,0.364206
Q_ind_69_anc_3-2,0.071902,0.000000,0.000000,0.405077
Q_ind_70_anc_3-2,0.139315,0.126700,0.000000,0.448328
Q_ind_71_anc_3-2,0.051849,0.000000,0.000000,0.418588
Q_ind_72_anc_3-2,0.005700,0.000000,0.000000,0.093229
Q_ind_73_anc_3-2,0.060404,0.000000,0.000000,0.419930
Q_ind_74_anc_3-2,0.080726,0.000000,0.000000,0.435585
Q_ind_75_anc_3-2,0.090958,0.000005,0.000000,0.517268
Q_ind_76_anc_3-2,0.028885,0.000000,0.000000,0.250724
Q_ind_77_anc_3-2,0.000275,0.000000,0.000000,0.002744
Q_ind_78_anc_3-2,0.000229,0.000000,0.000000,0.001816
Q_ind_79_anc_3-2,0.000344,0.000000,0.000000,0.004155
Q_ind_80_anc_3-2,0.000311,0.000000,0.000000,0.002424
Q_ind_81_anc_3-2,0.000256,0.000000,0.000000,0.002825
Q_ind_82_anc_3-2,0.000712,0.000000,0.000000,0.008137
Q_ind_83_anc_3-2,0.000455,0.000000,0.000000,0.006172
Q_ind_84_anc_3-2,0.000926,0.000000,0.000000,0.010772
Q_ind_85_anc_3-2,0.000228,0.000000,0.000000,0.002089
Q_ind_86_anc_3-2,0.000608,0.000000,0.000000,0.007065
Q_ind_87_anc_3-2,0.000159,0.000000,0.000000,0.001720
Q_ind_88_anc_3-2,0.000239,0.000000,0.000000,0.002324
Q_ind_89_anc_3-2,0.000133,0.000000,0.000000,0.001269
Q_ind_90_anc_3-2,0.000278,0.000000,0.000000,0.003481
Q_ind_91_anc_3-2,0.001377,0.000000,0.000000,0.023795
Q_ind_92_anc_3-2,0.000255,0.000000,0.000000,0.003451
Q_ind_93_anc_3-2,0.000873,0.000000,0.000000,0.012631
Q_ind_94_anc_3-2,0.001126,0.000000,0.000000,0.011747
Q_ind_95_anc_3-2,0.002171,0.000000,0.000000,0.030735
Q_ind_96_anc_3-2,0.000490,0.000000,0.000000,0.006487
Q_ind_97_anc_3-2,0.000322,0.000000,0.000000,0.002775
Q_ind_98_anc_3-2,0.000528,0.000000,0.000000,0.004795
Q_ind_99_anc_3-2,0.000107,0.000000,0.000000,0.000868
Q_ind_100_anc_3-2,0.000209,0.000000,0.000000,0.002202
Q_ind_101_anc_3-2,0.000078,0.000000,0.000000,0.000839
Q_ind_102_anc_3-2,0.000068,0.000000,0.000000,0.000679
Q_ind_103_anc_3-2,0.000128,0.000000,0.000000,0.001283
Q_ind_104_anc_3-2,0.000058,0.000000,0.000000,0.000613
Q_ind_105_anc_3-2,0.000195,0.000000,0.000000,0.002634
Q_ind_106_anc_3-2,0.002346,0.000000,0.000000,0.028601
Q_ind_107_anc_3-2,0.118198,0.020621,0.000000,0.615997
Q_ind_108_anc_3-2,0.000593,0.000000,0.000000,0.006052
Q_ind_109_anc_3-2,0.070148,0.000000,0.000000,0.415597
Q_ind_110_anc_3-2,0.002262,0.000000,0.000000,0.034306
Q_ind_111_anc_3-2,0.004182,0.000000,0.000000,0.047367
Q_ind_112_anc_3-2,0.019237,0.000000,0.000000,0.178816
Q_ind_113_anc_3-2,0.000491,0.000000,0.000000,0.006345
Q_ind_114_anc_3-2,0.000930,0.000000,0.000000,0.010520
Q_ind_115_anc_3-2,0.000682,0.000000,0.000000,0.008168
Q_ind_116_anc_3-2,0.000164,0.000000,0.000000,0.001652
Q_ind_117_anc_3-2,0.000226,0.000000,0.000000,0.002444
Q_ind_118_anc_3-2,0.000256,0.000000,0.000000,0.002895
Q_ind_119_anc_3-2,0.000612,0.000000,0.000000,0.009552
Q_ind_120_anc_3-2,0.000100,0.000000,0.000000,0.001108
Q_ind_121_anc_3-2,0.000252,0.000000,0.000000,0.002803
Q_ind_122_anc_3-2,0.000055,0.000000,0.000000,0.000537
Q_ind_123_anc_3-2,0.000088,0.000000,0.000000,0.001052
Q_ind_124_anc_3-2,0.000823,0.000000,0.000000,0.010486
Q_ind_125_anc_3-2,0.000356,0.000000,0.000000,0.003802
Q_ind_126_anc_3-2,0.000118,0.000000,0.000000,0.000894
Q_ind_127_anc_3-2,0.000226,0.000000,0.000000,0.003108
Q_ind_128_anc_3-2,0.000138,0.000000,0.000000,0.001241
Q_ind_129_anc_3-2,0.000375,0.000000,0.000000,0.003815
Q_ind_130_anc_3-2,0.000144,0.000000,0.000000,0.001398
Q_ind_131_anc_3-2,0.000619,0.000000,0.000000,0.003601
Q_ind_132_anc_3-2,0.000383,0.000000,0.000000,0.003784
Q_ind_133_anc_3-2,0.002023,0.000000,0.000000,0.033156
Q_ind_134_anc_3-2,0.005956,0.000000,0.000000,0.094626
Q_ind_135_anc_3-2,0.000362,0.000000,0.000000,0.002659
Q_ind_136_anc_3-2,0.000569,0.000000,0.000000,0.007560
Q_ind_137_anc_3-2,0.005738,0.000000,0.000000,0.100454
Q_ind_138_anc_3-2,0.000898,0.000000,0.000000,0.013583
Q_ind_139_anc_3-2,0.018581,0.000000,0.000000,0.165510
Q_ind_140_anc_3-2,0.001838,0.000000,0.000000,0.026628
Q_ind_141_anc_3-2,0.002722,0.000000,0.000000,0.045901
Q_ind_142_anc_3-2,0.038169,0.000000,0.000000,0.288641
Q_ind_143_anc_3-2,0.000533,0.000000,0.000000,0.006596
Q_ind_144_anc_3-2,0.010575,0.000000,0.000000,0.125613
Q_ind_145_anc_3-2,0.000062,0.000000,0.000000,0.000702
Q_ind_146_anc_3-2,0.000211,0.000000,0.000000,0.002223
Q_ind_147_anc_3-2,0.000099,0.000000,0.000000,0.001062
Q_ind_148_anc_3-2,0.000572,0.000000,0.000000,0.007543
Q_ind_149_anc_3-2,0.000328,0.000000,0.000000,0.003529
Q_ind_150_anc_3-2,0.000114,0.000000,0.000000,0.001312
Q_ind_151_anc_3-2,0.000170,0.000000,0.000000,0.002111
Q_ind_152_anc_3-2,0.000049,0.000000,0.000000,0.000485
Q_ind_153_anc_3-2,0.000099,0.000000,0.000000,0.001022
Q_ind_154_anc_3-2,0.000065,0.000000,0.000000,0.000740
Q_ind_155_anc_3-2,0.000104,0.000000,0.000000,0.000970
Q_ind_156_anc_3-2,0.000152,0.000000,0.000000,0.001338
Q_ind_157_anc_3-2,0.000229,0.000000,0.000000,0.002589
Q_ind_158_anc_3-2,0.000219,0.000000,0.000000,0.002439
Q_ind_159_anc_3-2,0.000131,0.000000,0.000000,0.001342
Q_ind_160_anc_3-2,0.000285,0.000000,0.000000,0.003490
Q_ind_161_anc_3-2,0.000133,0.000000,0.000000,0.001420
Q_ind_162_anc_3-2,0.000339,0.000000,0.000000,0.004390
Q_ind_163_anc_3-2,0.000087,0.000000,0.000000,0.000933
Q_ind_164_anc_3-2,0.000251,0.000000,0.000000,0.003066
Q_ind_165_anc_3-2,0.001926,0.000000,0.000000,0.026754
Q_ind_166_anc_3-2,0.003005,0.000000,0.000000,0.038643
Q_ind_167_anc_3-2,0.000338,0.000000,0.000000,0.003073
Q_ind_168_anc_3-2,0.103497,0.000031,0.000000,0.419456
Q_ind_169_anc_3-2,0.004673,0.000000,0.000000,0.070377
Q_ind_170_anc_3-2,0.000387,0.000000,0.000000,0.005236
Q_ind_171_anc_3-2,0.000513,0.000000,0.000000,0.007104
Q_ind_172_anc_3-2,0.001368,0.000000,0.000000,0.021191
Q_ind_173_anc_3-2,0.002438,0.000000,0.000000,0.032978
Q_ind_174_anc_3-2,0.000350,0.000000,0.000000,0.003618
Q_ind_175_anc_3-2,0.000671,0.000000,0.000000,0.006016
Q_ind_176_anc_3-2,0.001365,0.000000,0.000000,0.015076
Q_ind_177_anc_3-2,0.000132,0.000000,0.000000,0.001256
Q_ind_178_anc_3-2,0.000150,0.000000,0.000000,0.001371
Q_ind_179_anc_3-2,0.000213,0.000000,0.000000,0.002028
Q_ind_180_anc_3-2,0.000091,0.000000,0.000000,0.000913
Q_ind_181_anc_3-2,0.008328,0.000000,0.000000,0.097094
Q_ind_182_anc_3-2,0.000194,0.000000,0.000000,0.001786
Q_ind_183_anc_3-2,0.000183,0.000000,0.000000,0.002242
Q_ind_184_anc_3-2,0.001221,0.000000,0.000000,0.016647
Q_ind_185_anc_3-2,0.097283,0.000000,0.000000,0.559651
Q_ind_186_anc_3-2,0.032988,0.000000,0.000000,0.346541
Q_ind_187_anc_3-2,0.010116,0.000000,0.000000,0.150825
Q_ind_188_anc_3-2,0.001588,0.000000,0.000000,0.021727
Q_ind_189_anc_3-2,0.000361,0.000000,0.000000,0.003087
Q_ind_190_anc_3-2,0.154496,0.041881,0.000000,0.849632
Q_ind_191_anc_3-2,0.004741,0.000000,0.000000,0.076010
Q_ind_192_anc_3-2,0.000114,0.000000,0.000000,0.001327
Q_ind_193_anc_3-2,0.000144,0.000000,0.000000,0.001091
Q_ind_194_anc_3-2,0.000027,0.000000,0.000000,0.000273
Q_ind_195_anc_3-2,0.000061,0.000000,0.000000,0.000697
Q_ind_196_anc_3-2,0.000028,0.000000,0.000000,0.000248
Q_ind_197_anc_3-2,0.000034,0.000000,0.000000,0.000363
Q_ind_198_anc_3-2,0.000035,0.000000,0.000000,0.000334
Q_ind_199_anc_3-2,0.000089,0.000000,0.000000,0.000807
Q_ind_200_anc_3-2,0.000043,0.000000,0.000000,0.000499
Q_ind_201_anc_3-2,0.000071,0.000000,0.000000,0.000738
Q_ind_202_anc_3-2,0.000081,0.000000,0.000000,0.000789
Q_ind_203_anc_3-2,0.000234,0.000000,0.000000,0.002555
Q_ind_204_anc_3-2,0.000406,0.000000,0.000000,0.005751
Q_ind_205_anc_3-2,0.000251,0.000000,0.000000,0.002561
Q_ind_206_anc_3-2,0.000086,0.000000,0.000000,0.001022
Q_ind_207_anc_3-2,0.000441,0.000000,0.000000,0.006286
Q_ind_208_anc_3-2,0.000292,0.000000,0.000000,0.003276
Q_ind_209_anc_3-2,0.000149,0.000000,0.000000,0.001414
Q_ind_210_anc_3-2,0.001355,0.000000,0.000000,0.018559
Q_ind_211_anc_3-2,0.000282,0.000000,0.000000,0.003965
Q_ind_212_anc_3-2,0.000903,0.000000,0.000000,0.008877
Q_ind_213_anc_3-2,0.002381,0.000000,0.000000,0.028760
Q_ind_214_anc_3-2,0.001075,0.000000,0.000000,0.014167
Q_ind_215_anc_3-2,0.001317,0.000000,0.000000,0.015753
Q_ind_216_anc_3-2,0.017972,0.000000,0.000000,0.157414
Q_ind_217_anc_3-2,0.000677,0.000000,0.000000,0.008867
Q_ind_218_anc_3-2,0.002292,0.000000,0.000000,0.033586
Q_ind_219_anc_3-2,0.016286,0.000000,0.000000,0.117910
Q_ind_220_anc_3-2,0.004902,0.000000,0.000000,0.056241
Q_ind_221_anc_3-2,0.002072,0.000000,0.000000,0.026032
Q_ind_222_anc_3-2,0.001523,0.000000,0.000000,0.019198
Q_ind_223_anc_3-2,0.000172,0.000000,0.000000,0.001647
Q_ind_224_anc_3-2,0.000317,0.000000,0.000000,0.003288
Q_ind_225_anc_3-2,0.000139,0.000000,0.000000,0.001408
Q_ind_226_anc_3-2,0.000319,0.000000,0.000000,0.003442
Q_ind_227_anc_3-2,0.000409,0.000000,0.000000,0.004404
Q_ind_228_anc_3-2,0.000305,0.000000,0.000000,0.002598
Q_ind_229_anc_3-2,0.000173,0.000000,0.000000,0.002079
Q_ind_230_anc_3-2,0.000240,0.000000,0.000000,0.002560
Q_ind_231_anc_3-2,0.000280,0.000000,0.000000,0.002620
Q_ind_232_anc_3-2,0.000231,0.000000,0.000000,0.002348
Q_ind_233_anc_3-2,0.000408,0.000000,0.000000,0.005952
Q_ind_234_anc_3-2,0.000211,0.000000,0.000000,0.002411
Q_ind_235_anc_3-2,0.000736,0.000000,0.000000,0.007189
Q_ind_236_anc_3-2,0.008186,0.000000,0.000000,0.087741
Q_ind_237_anc_3-2,0.000181,0.000000,0.000000,0.002313
Q_ind_238_anc_3-2,0.002129,0.000000,0.000000,0.030392
Q_ind_239_anc_3-2,0.000378,0.000000,0.000000,0.004868
Q_ind_240_anc_3-2,0.001027,0.000000,0.000000,0.014121
Q_ind_241_anc_3-2,0.040934,0.000000,0.000000,0.272672
Q_ind_242_anc_3-2,0.000768,0.000000,0.000000,0.007644
Q_ind_243_anc_3-2,0.032856,0.000038,0.000000,0.182092
Q_ind_244_anc_3-2,0.018348,0.000000,0.000000,0.182722
Q_ind_245_anc_3-2,0.044425,0.000523,0.000000,0.229540
Q_ind_1_anc_3-3,0.000102,0.000000,0.000000,0.001004
Q_ind_2_anc_3-3,0.000648,0.000000,0.000000,0.005209
Q_ind_3_anc_3-3,0.000828,0.000000,0.000000,0.009446
Q_ind_4_anc_3-3,0.003979,0.000000,0.000000,0.045437
Q_ind_5_anc_3-3,0.000115,0.000000,0.000000,0.000827
Q_ind_6_anc_3-3,0.000348,0.000000,0.000000,0.002981
Q_ind_7_anc_3-3,0.000606,0.000000,0.000000,0.005070
Q_ind_8_anc_3-3,0.000302,0.000000,0.000000,0.004012
Q_ind_9_anc_3-3,0.001066,0.000000,0.000000,0.013305
Q_ind_10_anc_3-3,0.000473,0.000000,0.000000,0.006397
Q_ind_11_anc_3-3,0.000820,0.000000,0.000000,0.011504
Q_ind_12_anc_3-3,0.000821,0.000000,0.000000,0.010848
Q_ind_13_anc_3-3,0.002785,0.000000,0.000000,0.039588
Q_ind_14_anc_3-3,0.001108,0.000000,0.000000,0.013014
Q_ind_15_anc_3-3,0.002096,0.000000,0.000000,0.013534
Q_ind_16_anc_3-3,0.004201,0.000000,0.000000,0.061147
Q_ind_17_anc_3-3,0.000293,0.000000,0.000000,0.002804
Q_ind_18_anc_3-3,0.000571,0.000000,0.000000,0.007819
Q_ind_19_anc_3-3,0.011633,0.000000,0.000000,0.169186
Q_ind_20_anc_3-3,0.000118,0.000000,0.000000,0.001031
Q_ind_21_anc_3-3,0.292419,0.130024,0.055044,0.943758
Q_ind_22_anc_3-3,0.356803,0.199014,0.122610,0.955655
Q_ind_23_anc_3-3,0.351013,0.187002,0.118451,0.987484
Q_ind_24_anc_3-3,0.221903,0.047288,0.000000,0.856091
Q_ind_25_anc_3-3,0.288574,0.143625,0.071633,0.915767
Q_ind_26_anc_3-3,0.380559,0.234256,0.176116,0.984240
Q_ind_27_anc_3-3,0.300215,0.130141,0.056534,0.989757
Q_ind_28_anc_3-3,0.335364,0.182634,0.109691,0.983662
Q_ind_29_anc_3-3,0.336963,0.186128,0.116643,0.960573
Q_ind_30_anc_3-3,0.279061,0.127951,0.059598,0.920186
Q_ind_31_anc_3-3,0.000109,0.000000,0.000000,0.001029
Q_ind_32_anc_3-3,0.000216,0.000000,0.000000,0.002457
Q_ind_33_anc_3-3,0.000263,0.000000,0.000000,0.002900
Q_ind_34_anc_3-3,0.000135,0.000000,0.000000,0.001353
Q_ind_35_anc_3-3,0.000177,0.000000,0.000000,0.001892
Q_ind_36_anc_3-3,0.000046,0.000000,0.000000,0.000423
Q_ind_37_anc_3-3,0.000093,0.000000,0.000000,0.000933
Q_ind_38_anc_3-3,0.000063,0.000000,0.000000,0.000666
Q_ind_39_anc_3-3,0.000073,0.000000,0.000000,0.000595
Q_ind_40_anc_3-3,0.000588,0.000000,0.000000,0.007422
Q_ind_41_anc_3-3,0.000216,0.000000,0.000000,0.001842
Q_ind_42_anc_3-3,0.000156,0.000000,0.000000,0.001413
Q_ind_43_anc_3-3,0.000200,0.000000,0.000000,0.002022
Q_ind_44_anc_3-3,0.000094,0.000000,0.000000,0.000921
Q_ind_45_anc_3-3,0.000204,0.000000,0.000000,0.001988
Q_ind_46_anc_3-3,0.000140,0.000000,0.000000,0.001222
Q_ind_47_anc_3-3,0.000160,0.000000,0.000000,0.001912
Q_ind_48_anc_3-3,0.000151,0.000000,0.000000,0.001590
Q_ind_49_anc_3-3,0.000191,0.000000,0.000000,0.001838
Q_ind_50_anc_3-3,0.000092,0.000000,0.000000,0.000868
Q_ind_51_anc_3-3,0.000445,0.000000,0.000000,0.004464
Q_ind_52_anc_3-3,0.000200,0.000000,0.000000,0.002106
Q_ind_53_anc_3-3,0.000210,0.000000,0.000000,0.002523
Q_ind_54_anc_3-3,0.001093,0.000000,0.000000,0.013603
Q_ind_55_anc_3-3,0.000180,0.000000,0.000000,0.001845
Q_ind_56_anc_3-3,0.000157,0.000000,0.000000,0.001778
Q_ind_57_anc_3-3,0.000174,0.000000,0.000000,0.001368
Q_ind_58_anc_3-3,0.000168,0.000000,0.000000,0.001970
Q_ind_59_anc_3-3,0.000282,0.000000,0.000000,0.003087
Q_ind_60_anc_3-3,0.000474,0.000000,0.000000,0.006510
Q_ind_61_anc_3-3,0.000097,0.000000,0.000000,0.001169
Q_ind_62_anc_3-3,0.000220,0.000000,0.000000,0.002329
Q_ind_63_anc_3-3,0.000112,0.000000,0.000000,0.001169
Q_ind_64_anc_3-3,0.000214,0.000000,0.000000,0.002608
Q_ind_65_anc_3-3,0.000074,0.000000,0.000000,0.000805
Q_ind_66_anc_3-3,0.000114,0.000000,0.000000,0.001209
Q_ind_67_anc_3-3,0.000121,0.000000,0.000000,0.001313
Q_ind_68_anc_3-3,0.001942,0.000000,0.000000,0.029928
Q_ind_69_anc_3-3,0.000703,0.000000,0.000000,0.006856
Q_ind_70_anc_3-3,0.000097,0.000000,0.000000,0.001082
Q_ind_71_anc_3-3,0.022968,0.000002,0.000000,0.106778
Q_ind_72_anc_3-3,0.029891,0.000000,0.000000,0.193548
Q_ind_73_anc_3-3,0.001760,0.000000,0.000000,0.026859
Q_ind_74_anc_3-3,0.000192,0.000000,0.000000,0.002354
Q_ind_75_anc_3-3,0.000256,0.000000,0.000000,0.002628
Q_ind_76_anc_3-3,0.013730,0.000000,0.000000,0.117908
Q_ind_77_anc_3-3,0.180854,0.000448,0.000000,0.802225
Q_ind_78_anc_3-3,0.234342,0.115855,0.049786,0.716212
Q_ind_79_anc_3-3,0.164215,0.070193,0.000000,0.638416
Q_ind_80_anc_3-3,0.197118,0.080394,0.025302,0.767197
Q_ind_81_anc_3-3,0.202832,0.089717,0.015257,0.746010
Q_ind_82_anc_3-3,0.177184,0.102145,0.000000,0.612822
Q_ind_83_anc_3-3,0.252082,0.124754,0.066354,0.805015
Q_ind_84_anc_3-3,0.220039,0.081753,0.000000,0.785279
Q_ind_85_anc_3-3,0.242322,0.110154,0.042739,0.812447
Q_ind_86_anc_3-3,0.195509,0.057753,0.000000,0.788987
Q_ind_87_anc_3-3,0.206302,0.097905,0.034888,0.667501
Q_ind_88_anc_3-3,0.000514,0.000000,0.000000,0.004460
Q_ind_89_anc_3-3,0.015821,0.000000,0.000000,0.091853
Q_ind_90_anc_3-3,0.001958,0.000000,0.000000,0.037520
Q_ind_91_anc_3-3,0.001485,0.000000,0.000000,0.020130
Q_ind_92_anc_3-3,0.000157,0.000000,0.000000,0.001487
Q_ind_93_anc_3-3,0.000541,0.000000,0.000000,0.006725
Q_ind_94_anc_3-3,0.000152,0.000000,0.000000,0.001235
Q_ind_95_anc_3-3,0.002426,0.000000,0.000000,0.031707
Q_ind_96_anc_3-3,0.000190,0.000000,0.000000,0.002025
Q_ind_97_anc_3-3,0.000169,0.000000,0.000000,0.001864
Q_ind_98_anc_3-3,0.000088,0.000000,0.000000,0.000691
Q_ind_99_anc_3-3,0.000106,0.000000,0.000000,0.001213
Q_ind_100_anc_3-3,0.000093,0.000000,0.000000,0.000936
Q_ind_101_anc_3-3,0.000120,0.000000,0.000000,0.001195
Q_ind_102_anc_3-3,0.000066,0.000000,0.000000,0.000793
Q_ind_103_anc_3-3,0.000089,0.000000,0.000000,0.000996
Q_ind_104_anc_3-3,0.000085,0.000000,0.000000,0.000967
Q_ind_105_anc_3-3,0.000064,0.000000,0.000000,0.000517
Q_ind_106_anc_3-3,0.000356,0.000000,0.000000,0.004205
Q_ind_107_anc_3-3,0.006839,0.000000,0.000000,0.085802
Q_ind_108_anc_3-3,0.052848,0.010353,0.000000,0.223260
Q_ind_109_anc_3-3,0.000657,0.000000,0.000000,0.008703
Q_ind_110_anc_3-3,0.080153,0.000671,0.000000,0.322079
Q_ind_111_anc_3-3,0.049282,0.000391,0.000000,0.164371
Q_ind_112_anc_3-3,0.002908,0.000000,0.000000,0.039056
Q_ind_113_anc_3-3,0.133159,0.157001,0.000000,0.226629
Q_ind_114_anc_3-3,0.189496,0.179888,0.091371,0.352456
Q_ind_115_anc_3-3,0.000171,0.000000,0.000000,0.001880
Q_ind_116_anc_3-3,0.000169,0.000000,0.000000,0.001788
Q_ind_117_anc_3-3,0.000156,0.000000,0.000000,0.001993
Q_ind_118_anc_3-3,0.000164,0.000000,0.000000,0.001817
Q_ind_119_anc_3-3,0.000335,0.000000,0.000000,0.004263
Q_ind_120_anc_3-3,0.000066,0.000000,0.000000,0.000759
Q_ind_121_anc_3-3,0.000249,0.000000,0.000000,0.002995
Q_ind_122_anc_3-3,0.000104,0.000000,0.000000,0.000883
Q_ind_123_anc_3-3,0.000235,0.000000,0.000000,0.002896
Q_ind_124_anc_3-3,0.000201,0.000000,0.000000,0.001746
Q_ind_125_anc_3-3,0.178802,0.062233,0.000000,0.699074
Q_ind_126_anc_3-3,0.193222,0.079650,0.000000,0.760228
Q_ind_127_anc_3-3,0.202144,0.035888,0.000000,0.816869
Q_ind_128_anc_3-3,0.227882,0.122927,0.050971,0.770911
Q_ind_129_anc_3-3,0.242365,0.108510,0.031575,0.802378
Q_ind_130_anc_3-3,0.177248,0.056423,0.000000,0.696354
Q_ind_131_anc_3-3,0.013330,0.000000,0.000000,0.188026
Q_ind_132_anc_3-3,0.000080,0.000000,0.000000,0.000703
Q_ind_133_anc_3-3,0.325516,0.175777,0.113285,0.937336
Q_ind_134_anc_3-3,0.283293,0.122301,0.057410,0.934404
Q_ind_135_anc_3-3,0.344876,0.206207,0.142465,0.927602
Q_ind_136_anc_3-3,0.326779,0.180917,0.107662,0.940148
Q_ind_137_anc_3-3,0.310344,0.154996,0.087094,0.895814
Q_ind_138_anc_3-3,0.079103,0.000000,0.000000,0.495788
Q_ind_139_anc_3-3,0.200719,0.055372,0.000000,0.770650
Q_ind_140_anc_3-3,0.276491,0.130115,0.053945,0.882250
Q_ind_141_anc_3-3,0.297517,0.154618,0.077354,0.878983
Q_ind_142_anc_3-3,0.000053,0.000000,0.000000,0.000516
Q_ind_143_anc_3-3,0.276218,0.135954,0.065333,0.872964
Q_ind_144_anc_3-3,0.317278,0.165197,0.100145,0.885531
Q_ind_145_anc_3-3,0.000151,0.000000,0.000000,0.001833
Q_ind_146_anc_3-3,0.008622,0.000000,0.000000,0.060147
Q_ind_147_anc_3-3,0.000269,0.000000,0.000000,0.003356
Q_ind_148_anc_3-3,0.003746,0.000000,0.000000,0.034375
Q_ind_149_anc_3-3,0.000095,0.000000,0.000000,0.000840
Q_ind_150_anc_3-3,0.000142,0.000000,0.000000,0.001563
Q_ind_151_anc_3-3,0.000279,0.000000,0.000000,0.003751
Q_ind_152_anc_3-3,0.000105,0.000000,0.000000,0.001098
Q_ind_153_anc_3-3,0.000126,0.000000,0.000000,0.001224
Q_ind_154_anc_3-3,0.000137,0.000000,0.000000,0.001680
Q_ind_155_anc_3-3,0.000110,0.000000,0.000000,0.000808
Q_ind_156_anc_3-3,0.001555,0.000000,0.000000,0.024290
Q_ind_157_anc_3-3,0.000102,0.000000,0.000000,0.000978
Q_ind_158_anc_3-3,0.000662,0.000000,0.000000,0.009668
Q_ind_159_anc_3-3,0.000307,0.000000,0.000000,0.002565
Q_ind_160_anc_3-3,0.000927,0.000000,0.000000,0.013811
Q_ind_161_anc_3-3,0.000087,0.000000,0.000000,0.000840
Q_ind_162_anc_3-3,0.000771,0.000000,0.000000,0.009428
Q_ind_163_anc_3-3,0.000299,0.000000,0.000000,0.003694
Q_ind_164_anc_3-3,0.000222,0.000000,0.000000,0.002833
Q_ind_165_anc_3-3,0.099022,0.000222,0.000000,0.430732
Q_ind_166_anc_3-3,0.092025,0.038172,0.000000,0.360332
Q_ind_167_anc_3-3,0.120147,0.001302,0.000000,0.467306
Q_ind_168_anc_3-3,0.028262,0.000000,0.000000,0.250446
Q_ind_169_anc_3-3,0.000163,0.000000,0.000000,0.001570
Q_ind_170_anc_3-3,0.342670,0.176640,0.111109,0.979314
Q_ind_171_anc_3-3,0.295606,0.110930,0.000000,0.975231
Q_ind_172_anc_3-3,0.342164,0.198243,0.137822,0.977243
Q_ind_173_anc_3-3,0.234080,0.125270,0.074834,0.729070
Q_ind_174_anc_3-3,0.332832,0.193091,0.129034,0.991595
Q_ind_175_anc_3-3,0.076231,0.000000,0.000000,0.502176
Q_ind_176_anc_3-3,0.000162,0.000000,0.000000,0.001613
Q_ind_177_anc_3-3,0.007437,0.000000,0.000000,0.077104
Q_ind_178_anc_3-3,0.079592,0.000000,0.000000,0.392258
Q_ind_179_anc_3-3,0.053040,0.000000,0.000000,0.366020
Q_ind_180_anc_3-3,0.220517,0.131434,0.061749,0.566209
Q_ind_181_anc_3-3,0.000367,0.000000,0.000000,0.004257
Q_ind_182_anc_3-3,0.040616,0.000568,0.000000,0.201541
Q_ind_183_anc_3-3,0.040864,0.000000,0.000000,0.225330
Q_ind_184_anc_3-3,0.000203,0.000000,0.000000,0.001871
Q_ind_185_anc_3-3,0.050580,0.000000,0.000000,0.331494
Q_ind_186_anc_3-3,0.097261,0.000002,0.000000,0.377387
Q_ind_187_anc_3-3,0.095535,0.000000,0.000000,0.404766
Q_ind_188_anc_3-3,0.076826,0.000000,0.000000,0.385610
Q_ind_189_anc_3-3,0.141343,0.075793,0.000000,0.471036
Q_ind_190_anc_3-3,0.000395,0.000000,0.000000,0.004531
Q_ind_191_anc_3-3,0.088811,0.000000,0.000000,0.404564
Q_ind_192_anc_3-3,0.000056,0.000000,0.000000,0.000565
Q_ind_193_anc_3-3,0.000106,0.000000,0.000000,0.000654
Q_ind_194_anc_3-3,0.000025,0.000000,0.000000,0.000214
Q_ind_195_anc_3-3,0.000080,0.000000,0.000000,0.000852
Q_ind_196_anc_3-3,0.000026,0.000000,0.000000,0.000244
Q_ind_197_anc_3-3,0.000034,0.000000,0.000000,0.000327
Q_ind_198_anc_3-3,0.000030,0.000000,0.000000,0.000307
Q_ind_199_anc_3-3,0.000116,0.000000,0.000000,0.001325
Q_ind_200_anc_3-3,0.000041,0.000000,0.000000,0.000402
Q_ind_201_anc_3-3,0.000082,0.000000,0.000000,0.000789
Q_ind_202_anc_3-3,0.000072,0.000000,0.000000,0.000775
Q_ind_203_anc_3-3,0.000169,0.000000,0.000000,0.001705
Q_ind_204_anc_3-3,0.003800,0.000000,0.000000,0.038628
Q_ind_205_anc_3-3,0.000685,0.000000,0.000000,0.009883
Q_ind_206_anc_3-3,0.000182,0.000000,0.000000,0.002020
Q_ind_207_anc_3-3,0.000306,0.000000,0.000000,0.003888
Q_ind_208_anc_3-3,0.000111,0.000000,0.000000,0.000892
Q_ind_209_anc_3-3,0.000321,0.000000,0.000000,0.002609
Q_ind_210_anc_3-3,0.000722,0.000000,0.000000,0.010122
Q_ind_211_anc_3-3,0.000925,0.000000,0.000000,0.013366
Q_ind_212_anc_3-3,0.000071,0.000000,0.000000,0.000733
Q_ind_213_anc_3-3,0.094363,0.000000,0.000000,0.515922
Q_ind_214_anc_3-3,0.082369,0.000000,0.000000,0.521881
Q_ind_215_anc_3-3,0.111669,0.000000,0.000000,0.661849
Q_ind_216_anc_3-3,0.105651,0.000000,0.000000,0.541313
Q_ind_217_anc_3-3,0.084191,0.000000,0.000000,0.520950
Q_ind_218_anc_3-3,0.030954,0.000000,0.000000,0.303574
Q_ind_219_anc_3-3,0.106440,0.000002,0.000000,0.552728
Q_ind_220_anc_3-3,0.108686,0.000000,0.000000,0.589133
Q_ind_221_anc_3-3,0.108429,0.000000,0.000000,0.600286
Q_ind_222_anc_3-3,0.151327,0.000000,0.000000,0.685379
Q_ind_223_anc_3-3,0.000177,0.000000,0.000000,0.001557
Q_ind_224_anc_3-3,0.000083,0.000000,0.000000,0.000919
Q_ind_225_anc_3-3,0.000326,0.000000,0.000000,0.003367
Q_ind_226_anc_3-3,0.000088,0.000000,0.000000,0.000952
Q_ind_227_anc_3-3,0.000146,0.000000,0.000000,0.001194
Q_ind_228_anc_3-3,0.000206,0.000000,0.000000,0.001791
Q_ind_229_anc_3-3,0.000110,0.000000,0.000000,0.001249
Q_ind_230_anc_3-3,0.000248,0.000000,0.000000,0.002587
Q_ind_231_anc_3-3,0.000196,0.000000,0.000000,0.002685
Q_ind_232_anc_3-3,0.000233,0.000000,0.000000,0.002731
Q_ind_233_anc_3-3,0.000507,0.000000,0.000000,0.005126
Q_ind_234_anc_3-3,0.000110,0.000000,0.000000,0.001289
Q_ind_235_anc_3-3,0.000534,0.000000,0.000000,0.008459
Q_ind_236_anc_3-3,0.001115,0.000000,0.000000,0.016276
Q_ind_237_anc_3-3,0.000160,0.000000,0.000000,0.001247
Q_ind_238_anc_3-3,0.000098,0.000000,0.000000,0.001066
Q_ind_239_anc_3-3,0.000120,0.000000,0.000000,0.001057
Q_ind_240_anc_3-3,0.000186,0.000000,0.000000,0.002256
Q_ind_241_anc_3-3,0.001083,0.000000,0.000000,0.015250
Q_ind_242_anc_3-3,0.000732,0.000000,0.000000,0.010711
Q_ind_243_anc_3-3,0.000245,0.000000,0.000000,0.003146
Q_ind_244_anc_3-3,0.001852,0.000000,0.000000,0.025952
Q_ind_245_anc_3-3,0.000104,0.000000,0.000000,0.000881
Q_ind_1_anc_4-1,0.000448,0.000000,0.000000,0.002711
Q_ind_2_anc_4-1,0.000919,0.000000,0.000000,0.011860
Q_ind_3_anc_4-1,0.000438,0.000000,0.000000,0.006784
Q_ind_4_anc_4-1,0.000761,0.000000,0.000000,0.009562
Q_ind_5_anc_4-1,0.001553,0.000000,0.000000,0.022746
Q_ind_6_anc_4-1,0.000271,0.000000,0.000000,0.002897
Q_ind_7_anc_4-1,0.000754,0.000000,0.000000,0.009725
Q_ind_8_anc_4-1,0.000644,0.000000,0.000000,0.007195
Q_ind_9_anc_4-1,0.001426,0.000000,0.000000,0.020076
Q_ind_10_anc_4-1,0.001717,0.000000,0.000000,0.026165
Q_ind_11_anc_4-1,0.001306,0.000000,0.000000,0.019196
Q_ind_12_anc_4-1,0.000795,0.000000,0.000000,0.009732
Q_ind_13_anc_4-1,0.001058,0.000000,0.000000,0.015612
Q_ind_14_anc_4-1,0.000358,0.000000,0.000000,0.003594
Q_ind_15_anc_4-1,0.041966,0.049228,0.000000,0.094512
Q_ind_16_anc_4-1,0.035642,0.031207,0.000000,0.104753
Q_ind_17_anc_4-1,0.001256,0.000000,0.000000,0.017344
Q_ind_18_anc_4-1,0.000330,0.000000,0.000000,0.003067
Q_ind_19_anc_4-1,0.001560,0.000000,0.000000,0.021631
Q_ind_20_anc_4-1,0.000694,0.000000,0.000000,0.005834
Q_ind_21_anc_4-1,0.000199,0.000000,0.000000,0.001621
Q_ind_22_anc_4-1,0.000657,0.000000,0.000000,0.008671
Q_ind_23_anc_4-1,0.003963,0.000000,0.000000,0.038331
Q_ind_24_anc_4-1,0.018499,0.000000,0.000000,0.116739
Q_ind_25_anc_4-1,0.000182,0.000000,0.000000,0.001749
Q_ind_26_anc_4-1,0.000515,0.000000,0.000000,0.006069
Q_ind_27_anc_4-1,0.000207,0.000000,0.000000,0.002107
Q_ind_28_anc_4-1,0.000942,0.000000,0.000000,0.009257
Q_ind_29_anc_4-1,0.001188,0.000000,0.000000,0.018790
Q_ind_30_anc_4-1,0.001728,0.000000,0.000000,0.025335
Q_ind_31_anc_4-1,0.000244,0.000000,0.000000,0.002842
Q_ind_32_anc_4-1,0.000980,0.000000,0.000000,0.012283
Q_ind_33_anc_4-1,0.000790,0.000000,0.000000,0.009664
Q_ind_34_anc_4-1,0.000889,0.000000,0.000000,0.012916
Q_ind_35_anc_4-1,0.000452,0.000000,0.000000,0.003726
Q_ind_36_anc_4-1,0.000417,0.000000,0.000000,0.004410
Q_ind_37_anc_4-1,0.000365,0.000000,0.000000,0.004039
Q_ind_38_anc_4-1,0.000429,0.000000,0.000000,0.004872
Q_ind_39_anc_4-1,0.000273,0.000000,0.000000,0.002443
Q_ind_40_anc_4-1,0.053248,0.019455,0.000000,0.177300
Q_ind_41_anc_4-1,0.140754,0.139176,0.069989,0.223610
Q_ind_42_anc_4-1,0.000158,0.000000,0.000000,0.001670
Q_ind_43_anc_4-1,0.000176,0.000000,0.000000,0.001987
Q_ind_44_anc_4-1,0.000163,0.000000,0.000000,0.001667
Q_ind_45_anc_4-1,0.000199,0.000000,0.000000,0.002184
Q_ind_46_anc_4-1,0.000137,0.000000,0.000000,0.001255
Q_ind_47_anc_4-1,0.000687,0.000000,0.000000,0.010089
Q_ind_48_anc_4-1,0.000222,0.000000,0.000000,0.002031
Q_ind_49_anc_4-1,0.000106,0.000000,0.000000,0.001192
Q_ind_50_anc_4-1,0.000151,0.000000,0.000000,0.001823
Q_ind_51_anc_4-1,0.000223,0.000000,0.000000,0.002680
Q_ind_52_anc_4-1,0.000411,0.000000,0.000000,0.005876
Q_ind_53_anc_4-1,0.000138,0.000000,0.000000,0.001610
Q_ind_54_anc_4-1,0.000154,0.000000,0.000000,0.001756
Q_ind_55_anc_4-1,0.000154,0.000000,0.000000,0.001579
Q_ind_56_anc_4-1,0.001575,0.000000,0.000000,0.017913
Q_ind_57_anc_4-1,0.000573,0.000000,0.000000,0.007637
Q_ind_58_anc_4-1,0.000132,0.000000,0.000000,0.001524
Q_ind_59_anc_4-1,0.001376,0.000000,0.000000,0.021483
Q_ind_60_anc_4-1,0.000246,0.000000,0.000000,0.003021
Q_ind_61_anc_4-1,0.000216,0.000000,0.000000,0.002713
Q_ind_62_anc_4-1,0.001963,0.000000,0.000000,0.023489
Q_ind_63_anc_4-1,0.000152,0.000000,0.000000,0.001104
Q_ind_64_anc_4-1,0.000136,0.000000,0.000000,0.001426
Q_ind_65_anc_4-1,0.000124,0.000000,0.000000,0.001448
Q_ind_66_anc_4-1,0.000094,0.000000,0.000000,0.001077
Q_ind_67_anc_4-1,0.000504,0.000000,0.000000,0.006577
Q_ind_68_anc_4-1,0.000521,0.000000,0.000000,0.007314
Q_ind_69_anc_4-1,0.000309,0.000000,0.000000,0.003330
Q_ind_70_anc_4-1,0.000280,0.000000,0.000000,0.003265
Q_ind_71_anc_4-1,0.000192,0.000000,0.000000,0.002008
Q_ind_72_anc_4-1,0.000605,0.000000,0.000000,0.008219
Q_ind_73_anc_4-1,0.000121,0.000000,0.000000,0.001460
Q_ind_74_anc_4-1,0.000449,0.000000,0.000000,0.004751
Q_ind_75_anc_4-1,0.000340,0.000000,0.000000,0.004816
Q_ind_76_anc_4-1,0.000429,0.000000,0.000000,0.005800
Q_ind_77_anc_4-1,0.000799,0.000000,0.000000,0.010367
Q_ind_78_anc_4-1,0.000374,0.000000,0.000000,0.004322
Q_ind_79_anc_4-1,0.000117,0.000000,0.000000,0.001092
Q_ind_80_anc_4-1,0.001580,0.000000,0.000000,0.022942
Q_ind_81_anc_4-1,0.000832,0.000000,0.000000,0.010946
Q_ind_82_anc_4-1,0.001748,0.000000,0.000000,0.019638
Q_ind_83_anc_4-1,0.000341,0.000000,0.000000,0.003346
Q_ind_84_anc_4-1,0.001138,0.000000,0.000000,0.017985
Q_ind_85_anc_4-1,0.001209,0.000000,0.000000,0.014250
Q_ind_86_anc_4-1,0.000200,0.000000,0.000000,0.001964
Q_ind_87_anc_4-1,0.000553,0.000000,0.000000,0.007273
Q_ind_88_anc_4-1,0.006242,0.000000,0.000000,0.086763
Q_ind_89_anc_4-1,0.041377,0.000000,0.000000,0.227432
Q_ind_90_anc_4-1,0.001264,0.000000,0.000000,0.014885
Q_ind_91_anc_4-1,0.046199,0.000000,0.000000,0.288577
Q_ind_92_anc_4-1,0.002818,0.000000,0.000000,0.040829
Q_ind_93_anc_4-1,0.000837,0.000000,0.000000,0.010190
Q_ind_94_anc_4-1,0.006450,0.000000,0.000000,0.080745
Q_ind_95_anc_4-1,0.084395,0.000000,0.000000,0.428060
Q_ind_96_anc_4-1,0.000221,0.000000,0.000000,0.002575
Q_ind_97_anc_4-1,0.000233,0.000000,0.000000,0.002736
Q_ind_98_anc_4-1,0.000090,0.000000,0.000000,0.000776
Q_ind_99_anc_4-1,0.006795,0.000000,0.000000,0.105266
Q_ind_100_anc_4-1,0.000113,0.000000,0.000000,0.001225
Q_ind_101_anc_4-1,0.000113,0.000000,0.000000,0.001070
Q_ind_102_anc_4-1,0.000118,0.000000,0.000000,0.001177
Q_ind_103_anc_4-1,0.000091,0.000000,0.000000,0.000829
Q_ind_104_anc_4-1,0.000074,0.000000,0.000000,0.000629
Q_ind_105_anc_4-1,0.000604,0.000000,0.000000,0.006750
Q_ind_106_anc_4-1,0.000693,0.000000,0.000000,0.009985
Q_ind_107_anc_4-1,0.000905,0.000000,0.000000,0.010918
Q_ind_108_anc_4-1,0.000138,0.000000,0.000000,0.001483
Q_ind_109_anc_4-1,0.000590,0.000000,0.000000,0.005831
Q_ind_110_anc_4-1,0.000422,0.000000,0.000000,0.004313
Q_ind_111_anc_4-1,0.000428,0.000000,0.000000,0.004512
Q_ind_112_anc_4-1,0.000504,0.000000,0.000000,0.006025
Q_ind_113_anc_4-1,0.000611,0.000000,0.000000,0.007469
Q_ind_114_anc_4-1,0.000415,0.000000,0.000000,0.004541
Q_ind_115_anc_4-1,0.002769,0.000000,0.000000,0.032776
Q_ind_116_anc_4-1,0.000090,0.000000,0.000000,0.000937
Q_ind_117_anc_4-1,0.000152,0.000000,0.000000,0.001568
Q_ind_118_anc_4-1,0.000235,0.000000,0.000000,0.002549
Q_ind_119_anc_4-1,0.000236,0.000000,0.000000,0.001974
Q_ind_120_anc_4-1,0.000057,0.000000,0.000000,0.000477
Q_ind_121_anc_4-1,0.001153,0.000000,0.000000,0.017125
Q_ind_122_anc_4-1,0.000082,0.000000,0.000000,0.000779
Q_ind_123_anc_4-1,0.000207,0.000000,0.000000,0.001633
Q_ind_124_anc_4-1,0.001163,0.000000,0.000000,0.018510
Q_ind_125_anc_4-1,0.003812,0.000000,0.000000,0.047051
Q_ind_126_anc_4-1,0.002046,0.000000,0.000000,0.032465
Q_ind_127_anc_4-1,0.003652,0.000000,0.000000,0.045100
Q_ind_128_anc_4-1,0.002609,0.000000,0.000000,0.039598
Q_ind_129_anc_4-1,0.000316,0.000000,0.000000,0.002446
Q_ind_130_anc_4-1,0.012647,0.000000,0.000000,0.077881
Q_ind_131_anc_4-1,0.004754,0.000000,0.000000,0.082703
Q_ind_132_anc_4-1,0.000647,0.000000,0.000000,0.008149
Q_ind_133_anc_4-1,0.000398,0.000000,0.000000,0.005043
Q_ind_134_anc_4-1,0.000271,0.000000,0.000000,0.003881
Q_ind_135_anc_4-1,0.000903,0.000000,0.000000,0.013210
Q_ind_136_anc_4-1,0.000239,0.000000,0.000000,0.002349
Q_ind_137_anc_4-1,0.000116,0.000000,0.000000,0.001380
Q_ind_138_anc_4-1,0.000334,0.000000,0.000000,0.004444
Q_ind_139_anc_4-1,0.000162,0.000000,0.000000,0.001445
Q_ind_140_anc_4-1,0.000471,0.000000,0.000000,0.006985
Q_ind_141_anc_4-1,0.000142,0.000000,0.000000,0.001230
Q_ind_142_anc_4-1,0.000330,0.000000,0.000000,0.003180
Q_ind_143_anc_4-1,0.000115,0.000000,0.000000,0.001270
Q_ind_144_anc_4-1,0.000268,0.000000,0.000000,0.002570
Q_ind_145_anc_4-1,0.000101,0.000000,0.000000,0.001104
Q_ind_146_anc_4-1,0.000218,0.000000,0.000000,0.001930
Q_ind_147_anc_4-1,0.000323,0.000000,0.000000,0.003510
Q_ind_148_anc_4-1,0.000202,0.000000,0.000000,0.002097
Q_ind_149_anc_4-1,0.001148,0.000000,0.000000,0.014906
Q_ind_150_anc_4-1,0.000121,0.000000,0.000000,0.001348
Q_ind_151_anc_4-1,0.000309,0.000000,0.000000,0.003348
Q_ind_152_anc_4-1,0.000128,0.000000,0.000000,0.001321
Q_ind_153_anc_4-1,0.000312,0.000000,0.000000,0.003806
Q_ind_154_anc_4-1,0.000189,0.000000,0.000000,0.002146
Q_ind_155_anc_4-1,0.064321,0.000016,0.000000,0.231157
Q_ind_156_anc_4-1,0.000494,0.000000,0.000000,0.004773
Q_ind_157_anc_4-1,0.000381,0.000000,0.000000,0.004400
Q_ind_158_anc_4-1,0.024542,0.000000,0.000000,0.133177
Q_ind_159_anc_4-1,0.000129,0.000000,0.000000,0.001210
Q_ind_160_anc_4-1,0.000669,0.000000,0.000000,0.006977
Q_ind_161_anc_4-1,0.000660,0.000000,0.000000,0.009314
Q_ind_162_anc_4-1,0.000389,0.000000,0.000000,0.003380
Q_ind_163_anc_4-1,0.002847,0.000000,0.000000,0.039888
Q_ind_164_anc_4-1,0.000866,0.000000,0.000000,0.005703
Q_ind_165_anc_4-1,0.000139,0.000000,0.000000,0.001261
Q_ind_166_anc_4-1,0.000368,0.000000,0.000000,0.004497
Q_ind_167_anc_4-1,0.000600,0.000000,0.000000,0.007526
Q_ind_168_anc_4-1,0.000241,0.000000,0.000000,0.002108
Q_ind_169_anc_4-1,0.001305,0.000000,0.000000,0.017979
Q_ind_170_anc_4-1,0.000101,0.000000,0.000000,0.000891
Q_ind_171_anc_4-1,0.000271,0.000000,0.000000,0.003204
Q_ind_172_anc_4-1,0.000125,0.000000,0.000000,0.001341
Q_ind_173_anc_4-1,0.000075,0.000000,0.000000,0.000623
Q_ind_174_anc_4-1,0.000180,0.000000,0.000000,0.002132
Q_ind_175_anc_4-1,0.000759,0.000000,0.000000,0.010704
Q_ind_176_anc_4-1,0.005447,0.000000,0.000000,0.090794
Q_ind_177_anc_4-1,0.003144,0.000000,0.000000,0.045695
Q_ind_178_anc_4-1,0.000293,0.000000,0.000000,0.003225
Q_ind_179_anc_4-1,0.003672,0.000000,0.000000,0.041526
Q_ind_180_anc_4-1,0.000375,0.000000,0.000000,0.003891
Q_ind_181_anc_4-1,0.000887,0.000000,0.000000,0.008205
Q_ind_182_anc_4-1,0.002237,0.000000,0.000000,0.030576
Q_ind_183_anc_4-1,0.000205,0.000000,0.000000,0.002276
Q_ind_184_anc_4-1,0.001312,0.000000,0.000000,0.018358
Q_ind_185_anc_4-1,0.000129,0.000000,0.000000,0.001488
Q_ind_186_anc_4-1,0.000456,0.000000,0.000000,0.005897
Q_ind_187_anc_4-1,0.000130,0.000000,0.000000,0.001486
Q_ind_188_anc_4-1,0.000200,0.000000,0.000000,0.001897
Q_ind_189_anc_4-1,0.000148,0.000000,0.000000,0.001369
Q_ind_190_anc_4-1,0.000478,0.000000,0.000000,0.006473
Q_ind_191_anc_4-1,0.000093,0.000000,0.000000,0.000872
Q_ind_192_anc_4-1,0.000059,0.000000,0.000000,0.000586
Q_ind_193_anc_4-1,0.000163,0.000000,0.000000,0.001703
Q_ind_194_anc_4-1,0.000030,0.000000,0.000000,0.000314
Q_ind_195_anc_4-1,0.000291,0.000000,0.000000,0.003213
Q_ind_196_anc_4-1,0.000054,0.000000,0.000000,0.000531
Q_ind_197_anc_4-1,0.000040,0.000000,0.000000,0.000418
Q_ind_198_anc_4-1,0.000050,0.000000,0.000000,0.000503
Q_ind_199_anc_4-1,0.000221,0.000000,0.000000,0.002333
Q_ind_200_anc_4-1,0.000069,0.000000,0.000000,0.000712
Q_ind_201_anc_4-1,0.000877,0.000000,0.000000,0.011081
Q_ind_202_anc_4-1,0.000252,0.000000,0.000000,0.002599
Q_ind_203_anc_4-1,0.001123,0.000000,0.000000,0.015692
Q_ind_204_anc_4-1,0.000520,0.000000,0.000000,0.007199
Q_ind_205_anc_4-1,0.000712,0.000000,0.000000,0.008348
Q_ind_206_anc_4-1,0.000564,0.000000,0.000000,0.006787
Q_ind_207_anc_4-1,0.001014,0.000000,0.000000,0.010301
Q_ind_208_anc_4-1,0.001239,0.000000,0.000000,0.016000
Q_ind_209_anc_4-1,0.000244,0.000000,0.000000,0.002620
Q_ind_210_anc_4-1,0.000732,0.000000,0.000000,0.010187
Q_ind_211_anc_4-1,0.000416,0.000000,0.000000,0.004536
Q_ind_212_anc_4-1,0.000386,0.000000,0.000000,0.004966
Q_ind_213_anc_4-1,0.001922,0.000000,0.000000,0.028204
Q_ind_214_anc_4-1,0.002766,0.000000,0.000000,0.037956
Q_ind_215_anc_4-1,0.001050,0.000000,0.000000,0.009742
Q_ind_216_anc_4-1,0.005107,0.000000,0.000000,0.058501
Q_ind_217_anc_4-1,0.000138,0.000000,0.000000,0.001638
Q_ind_218_anc_4-1,0.002981,0.000000,0.000000,0.043091
Q_ind_219_anc_4-1,0.000580,0.000000,0.000000,0.006311
Q_ind_220_anc_4-1,0.000553,0.000000,0.000000,0.007088
Q_ind_221_anc_4-1,0.006867,0.000000,0.000000,0.076220
Q_ind_222_anc_4-1,0.000173,0.000000,0.000000,0.001832
Q_ind_223_anc_4-1,0.000380,0.000000,0.000000,0.004953
Q_ind_224_anc_4-1,0.000703,0.000000,0.000000,0.007389
Q_ind_225_anc_4-1,0.002554,0.000000,0.000000,0.036720
Q_ind_226_anc_4-1,0.001807,0.000000,0.000000,0.030954
Q_ind_227_anc_4-1,0.000453,0.000000,0.000000,0.005875
Q_ind_228_anc_4-1,0.000773,0.000000,0.000000,0.011274
Q_ind_229_anc_4-1,0.000712,0.000000,0.000000,0.008753
Q_ind_230_anc_4-1,0.000655,0.000000,0.000000,0.008877
Q_ind_231_anc_4-1,0.000820,0.000000,0.000000,0.010415
Q_ind_232_anc_4-1,0.000377,0.000000,0.000000,0.004524
Q_ind_233_anc_4-1,0.000448,0.000000,0.000000,0.003701
Q_ind_234_anc_4-1,0.000168,0.000000,0.000000,0.001940
Q_ind_235_anc_4-1,0.000487,0.000000,0.000000,0.005278
Q_ind_236_anc_4-1,0.000074,0.000000,0.000000,0.000719
Q_ind_237_anc_4-1,0.000093,0.000000,0.000000,0.000806
Q_ind_238_anc_4-1,0.000209,0.000000,0.000000,0.002362
Q_ind_239_anc_4-1,0.000141,0.000000,0.000000,0.001482
Q_ind_240_anc_4-1,0.000220,0.000000,0.000000,0.002790
Q_ind_241_anc_4-1,0.000299,0.000000,0.000000,0.002600
Q_ind_242_anc_4-1,0.000290,0.000000,0.000000,0.004197
Q_ind_243_anc_4-1,0.000233,0.000000,0.000000,0.002977
Q_ind_244_anc_4-1,0.000135,0.000000,0.000000,0.001557
Q_ind_245_anc_4-1,0.000235,0.000000,0.000000,0.002122
Q_ind_1_anc_4-2,0.000287,0.000000,0.000000,0.003463
Q_ind_2_anc_4-2,0.000156,0.000000,0.000000,0.001699
Q_ind_3_anc_4-2,0.000189,0.000000,0.000000,0.002249
Q_ind_4_anc_4-2,0.000291,0.000000,0.000000,0.003611
Q_ind_5_anc_4-2,0.000144,0.000000,0.000000,0.001592
Q_ind_6_anc_4-2,0.000388,0.000000,0.000000,0.005242
Q_ind_7_anc_4-2,0.000191,0.000000,0.000000,0.001742
Q_ind_8_anc_4-2,0.000272,0.000000,0.000000,0.003827
Q_ind_9_anc_4-2,0.000197,0.000000,0.000000,0.002361
Q_ind_10_anc_4-2,0.000089,0.000000,0.000000,0.000843
Q_ind_11_anc_4-2,0.000548,0.000000,0.000000,0.007573
Q_ind_12_anc_4-2,0.000617,0.000000,0.000000,0.008376
Q_ind_13_anc_4-2,0.001432,0.000000,0.000000,0.019059
Q_ind_14_anc_4-2,0.008990,0.000000,0.000000,0.093539
Q_ind_15_anc_4-2,0.005339,0.000000,0.000000,0.063016
Q_ind_16_anc_4-2,0.006027,0.000000,0.000000,0.057783
Q_ind_17_anc_4-2,0.020613,0.001161,0.000000,0.075999
Q_ind_18_anc_4-2,0.001495,0.000000,0.000000,0.019344
Q_ind_19_anc_4-2,0.037288,0.043579,0.000000,0.087083
Q_ind_20_anc_4-2,0.019937,0.000152,0.000000,0.071531
Q_ind_21_anc_4-2,0.000293,0.000000,0.000000,0.002444
Q_ind_22_anc_4-2,0.000451,0.000000,0.000000,0.006213
Q_ind_23_anc_4-2,0.000622,0.000000,0.000000,0.008176
Q_ind_24_anc_4-2,0.000415,0.000000,0.000000,0.005426
Q_ind_25_anc_4-2,0.000174,0.000000,0.000000,0.001680
Q_ind_26_anc_4-2,0.000704,0.000000,0.000000,0.009476
Q_ind_27_anc_4-2,0.000710,0.000000,0.000000,0.010536
Q_ind_28_anc_4-2,0.000723,0.000000,0.000000,0.010196
Q_ind_29_anc_4-2,0.000720,0.000000,0.000000,0.010028
Q_ind_30_anc_4-2,0.000626,0.000000,0.000000,0.008952
Q_ind_31_anc_4-2,0.000135,0.000000,0.000000,0.001302
Q_ind_32_anc_4-2,0.000127,0.000000,0.000000,0.001141
Q_ind_33_anc_4-2,0.000258,0.000000,0.000000,0.003518
Q_ind_34_anc_4-2,0.000125,0.000000,0.000000,0.001381
Q_ind_35_anc_4-2,0.000117,0.000000,0.000000,0.001339
Q_ind_36_anc_4-2,0.000161,0.000000,0.000000,0.002215
Q_ind_37_anc_4-2,0.000766,0.000000,0.000000,0.011503
Q_ind_38_anc_4-2,0.000108,0.000000,0.000000,0.000939
Q_ind_39_anc_4-2,0.103799,0.103594,0.059038,0.146696
Q_ind_40_anc_4-2,0.000621,0.000000,0.000000,0.006149
Q_ind_41_anc_4-2,0.000261,0.000000,0.000000,0.002763
Q_ind_42_anc_4-2,0.000225,0.000000,0.000000,0.002403
Q_ind_43_anc_4-2,0.000444,0.000000,0.000000,0.004830
Q_ind_44_anc_4-2,0.000292,0.000000,0.000000,0.003245
Q_ind_45_anc_4-2,0.000298,0.000000,0.000000,0.002616
Q_ind_46_anc_4-2,0.000155,0.000000,0.000000,0.001789
Q_ind_47_anc_4-2,0.002418,0.000000,0.000000,0.033506
Q_ind_48_anc_4-2,0.001260,0.000000,0.000000,0.017805
Q_ind_49_anc_4-2,0.000200,0.000000,0.000000,0.001753
Q_ind_50_anc_4-2,0.000168,0.000000,0.000000,0.001880
Q_ind_51_anc_4-2,0.000487,0.000000,0.000000,0.005844
Q_ind_52_anc_4-2,0.000277,0.000000,0.000000,0.003060
Q_ind_53_anc_4-2,0.000221,0.000000,0.000000,0.002383
Q_ind_54_anc_4-2,0.000258,0.000000,0.000000,0.002814
Q_ind_55_anc_4-2,0.000157,0.000000,0.000000,0.001855
Q_ind_56_anc_4-2,0.001415,0.000000,0.000000,0.021016
Q_ind_57_anc_4-2,0.001664,0.000000,0.000000,0.022617
Q_ind_58_anc_4-2,0.000376,0.000000,0.000000,0.004106
Q_ind_59_anc_4-2,0.002089,0.000000,0.000000,0.030580
Q_ind_60_anc_4-2,0.000168,0.000000,0.000000,0.001487
Q_ind_61_anc_4-2,0.000887,0.000000,0.000000,0.011677
Q_ind_62_anc_4-2,0.000684,0.000000,0.000000,0.007927
Q_ind_63_anc_4-2,0.000058,0.000000,0.000000,0.000585
Q_ind_64_anc_4-2,0.000080,0.000000,0.000000,0.000901
Q_ind_65_anc_4-2,0.000092,0.000000,0.000000,0.000842
Q_ind_66_anc_4-2,0.000062,0.000000,0.000000,0.000609
Q_ind_67_anc_4-2,0.000102,0.000000,0.000000,0.000942
Q_ind_68_anc_4-2,0.000590,0.000000,0.000000,0.008771
Q_ind_69_anc_4-2,0.080974,0.082364,0.000000,0.143143
Q_ind_70_anc_4-2,0.001895,0.000000,0.000000,0.025072
Q_ind_71_anc_4-2,0.000300,0.000000,0.000000,0.003417
Q_ind_72_anc_4-2,0.000825,0.000000,0.000000,0.011182
Q_ind_73_anc_4-2,0.000986,0.000000,0.000000,0.013920
Q_ind_74_anc_4-2,0.058658,0.068960,0.000000,0.134787
Q_ind_75_anc_4-2,0.072451,0.077318,0.000000,0.156720
Q_ind_76_anc_4-2,0.000415,0.000000,0.000000,0.005083
Q_ind_77_anc_4-2,0.000473,0.000000,0.000000,0.005082
Q_ind_78_anc_4-2,0.000129,0.000000,0.000000,0.001293
Q_ind_79_anc_4-2,0.000120,0.000000,0.000000,0.001300
Q_ind_80_anc_4-2,0.000533,0.000000,0.000000,0.006417
Q_ind_81_anc_4-2,0.000498,0.000000,0.000000,0.005754
Q_ind_82_anc_4-2,0.000203,0.000000,0.000000,0.001568
Q_ind_83_anc_4-2,0.000168,0.000000,0.000000,0.001445
Q_ind_84_anc_4-2,0.000455,0.000000,0.000000,0.005854
Q_ind_85_anc_4-2,0.000253,0.000000,0.000000,0.003240
Q_ind_86_anc_4-2,0.003483,0.000000,0.000000,0.046013
Q_ind_87_anc_4-2,0.000158,0.000000,0.000000,0.001573
Q_ind_88_anc_4-2,0.001930,0.000000,0.000000,0.026292
Q_ind_89_anc_4-2,0.000384,0.000000,0.000000,0.004485
Q_ind_90_anc_4-2,0.000843,0.000000,0.000000,0.008608
Q_ind_91_anc_4-2,0.000467,0.000000,0.000000,0.005462
Q_ind_92_anc_4-2,0.002055,0.000000,0.000000,0.030005
Q_ind_93_anc_4-2,0.000795,0.000000,0.000000,0.011063
Q_ind_94_anc_4-2,0.103272,0.110135,0.000000,0.191581
Q_ind_95_anc_4-2,0.003727,0.000000,0.000000,0.051800
Q_ind_96_anc_4-2,0.000394,0.000000,0.000000,0.004760
Q_ind_97_anc_4-2,0.000624,0.000000,0.000000,0.008325
Q_ind_98_anc_4-2,0.000196,0.000000,0.000000,0.002384
Q_ind_99_anc_4-2,0.000156,0.000000,0.000000,0.001806
Q_ind_100_anc_4-2,0.000138,0.000000,0.000000,0.001482
Q_ind_101_anc_4-2,0.000075,0.000000,0.000000,0.000696
Q_ind_102_anc_4-2,0.000103,0.000000,0.000000,0.001251
Q_ind_103_anc_4-2,0.000162,0.000000,0.000000,0.001807
Q_ind_104_anc_4-2,0.000085,0.000000,0.000000,0.000889
Q_ind_105_anc_4-2,0.068198,0.069662,0.000000,0.110545
Q_ind_106_anc_4-2,0.001257,0.000000,0.000000,0.017378
Q_ind_107_anc_4-2,0.000544,0.000000,0.000000,0.006244
Q_ind_108_anc_4-2,0.000246,0.000000,0.000000,0.002677
Q_ind_109_anc_4-2,0.000392,0.000000,0.000000,0.003475
Q_ind_110_anc_4-2,0.000202,0.000000,0.000000,0.002322
Q_ind_111_anc_4-2,0.000172,0.000000,0.000000,0.001887
Q_ind_112_anc_4-2,0.000201,0.000000,0.000000,0.002289
Q_ind_113_anc_4-2,0.000498,0.000000,0.000000,0.006359
Q_ind_114_anc_4-2,0.000360,0.000000,0.000000,0.004294
Q_ind_115_anc_4-2,0.000902,0.000000,0.000000,0.013133
Q_ind_116_anc_4-2,0.000118,0.000000,0.000000,0.001195
Q_ind_117_anc_4-2,0.000216,0.000000,0.000000,0.002583
Q_ind_118_anc_4-2,0.000321,0.000000,0.000000,0.003794
Q_ind_119_anc_4-2,0.000551,0.000000,0.000000,0.007728
Q_ind_120_anc_4-2,0.000132,0.000000,0.000000,0.001357
Q_ind_121_anc_4-2,0.000702,0.000000,0.000000,0.010025
Q_ind_122_anc_4-2,0.000152,0.000000,0.000000,0.001414
Q_ind_123_anc_4-2,0.000188,0.000000,0.000000,0.002044
Q_ind_124_anc_4-2,0.008530,0.000000,0.000000,0.056298
Q_ind_125_anc_4-2,0.000504,0.000000,0.000000,0.005999
Q_ind_126_anc_4-2,0.000334,0.000000,0.000000,0.003714
Q_ind_127_anc_4-2,0.000172,0.000000,0.000000,0.001790
Q_ind_128_anc_4-2,0.000430,0.000000,0.000000,0.005923
Q_ind_129_anc_4-2,0.000207,0.000000,0.000000,0.002401
Q_ind_130_anc_4-2,0.000105,0.000000,0.000000,0.001105
Q_ind_131_anc_4-2,0.000162,0.000000,0.000000,0.001469
Q_ind_132_anc_4-2,0.000847,0.000000,0.000000,0.011768
Q_ind_133_anc_4-2,0.000336,0.000000,0.000000,0.004196
Q_ind_134_anc_4-2,0.000284,0.000000,0.000000,0.002895
Q_ind_135_anc_4-2,0.000486,0.000000,0.000000,0.005274
Q_ind_136_anc_4-2,0.000612,0.000000,0.000000,0.006136
Q_ind_137_anc_4-2,0.000168,0.000000,0.000000,0.001791
Q_ind_138_anc_4-2,0.000396,0.000000,0.000000,0.005288
Q_ind_139_anc_4-2,0.000524,0.000000,0.000000,0.007728
Q_ind_140_anc_4-2,0.000429,0.000000,0.000000,0.006712
Q_ind_141_anc_4-2,0.000172,0.000000,0.000000,0.001879
Q_ind_142_anc_4-2,0.103524,0.131431,0.000000,0.178326
Q_ind_143_anc_4-2,0.000117,0.000000,0.000000,0.001217
Q_ind_144_anc_4-2,0.000183,0.000000,0.000000,0.001795
Q_ind_145_anc_4-2,0.000092,0.000000,0.000000,0.001003
Q_ind_146_anc_4-2,0.000082,0.000000,0.000000,0.000939
Q_ind_147_anc_4-2,0.000068,0.000000,0.000000,0.000659
Q_ind_148_anc_4-2,0.000118,0.000000,0.000000,0.001080
Q_ind_149_anc_4-2,0.011715,0.000000,0.000000,0.071846
Q_ind_150_anc_4-2,0.000087,0.000000,0.000000,0.000919
Q_ind_151_anc_4-2,0.000261,0.000000,0.000000,0.003252
Q_ind_152_anc_4-2,0.000067,0.000000,0.000000,0.000673
Q_ind_153_anc_4-2,0.000043,0.000000,0.000000,0.000459
Q_ind_154_anc_4-2,0.000144,0.000000,0.000000,0.001748
Q_ind_155_anc_4-2,0.006623,0.000000,0.000000,0.051371
Q_ind_156_anc_4-2,0.000246,0.000000,0.000000,0.002316
Q_ind_157_anc_4-2,0.000207,0.000000,0.000000,0.001498
Q_ind_158_anc_4-2,0.000233,0.000000,0.000000,0.002645
Q_ind_159_anc_4-2,0.000129,0.000000,0.000000,0.001203
Q_ind_160_anc_4-2,0.000549,0.000000,0.000000,0.006985
Q_ind_161_anc_4-2,0.000415,0.000000,0.000000,0.004453
Q_ind_162_anc_4-2,0.000199,0.000000,0.000000,0.002130
Q_ind_163_anc_4-2,0.000157,0.000000,0.000000,0.001624
Q_ind_164_anc_4-2,0.000234,0.000000,0.000000,0.002654
Q_ind_165_anc_4-2,0.000355,0.000000,0.000000,0.003865
Q_ind_166_anc_4-2,0.000247,0.000000,0.000000,0.002651
Q_ind_167_anc_4-2,0.000312,0.000000,0.000000,0.003478
Q_ind_168_anc_4-2,0.023018,0.000003,0.000000,0.107662
Q_ind_169_anc_4-2,0.006019,0.000000,0.000000,0.059675
Q_ind_170_anc_4-2,0.000278,0.000000,0.000000,0.003050
Q_ind_171_anc_4-2,0.001384,0.000000,0.000000,0.020037
Q_ind_172_anc_4-2,0.000133,0.000000,0.000000,0.001201
Q_ind_173_anc_4-2,0.000266,0.000000,0.000000,0.003025
Q_ind_174_anc_4-2,0.000307,0.000000,0.000000,0.003943
Q_ind_175_anc_4-2,0.000225,0.000000,0.000000,0.002780
Q_ind_176_anc_4-2,0.016470,0.000000,0.000000,0.091656
Q_ind_177_anc_4-2,0.000392,0.000000,0.000000,0.004787
Q_ind_178_anc_4-2,0.000116,0.000000,0.000000,0.001193
Q_ind_179_anc_4-2,0.000134,0.000000,0.000000,0.001230
Q_ind_180_anc_4-2,0.000258,0.000000,0.000000,0.003152
Q_ind_181_anc_4-2,0.015418,0.000000,0.000000,0.084442
Q_ind_182_anc_4-2,0.000283,0.000000,0.000000,0.004158
Q_ind_183_anc_4-2,0.000155,0.000000,0.000000,0.001714
Q_ind_184_anc_4-2,0.018323,0.001737,0.000000,0.071466
Q_ind_185_anc_4-2,0.000321,0.000000,0.000000,0.004147
Q_ind_186_anc_4-2,0.000282,0.000000,0.000000,0.002878
Q_ind_187_anc_4-2,0.000125,0.000000,0.000000,0.001040
Q_ind_188_anc_4-2,0.000118,0.000000,0.000000,0.000887
Q_ind_189_anc_4-2,0.000120,0.000000,0.000000,0.001365
Q_ind_190_anc_4-2,0.001159,0.000000,0.000000,0.016343
Q_ind_191_anc_4-2,0.000062,0.000000,0.000000,0.000578
Q_ind_192_anc_4-2,0.000159,0.000000,0.000000,0.001593
Q_ind_193_anc_4-2,0.000126,0.000000,0.000000,0.001010
Q_ind_194_anc_4-2,0.000040,0.000000,0.000000,0.000348
Q_ind_195_anc_4-2,0.000102,0.000000,0.000000,0.001031
Q_ind_196_anc_4-2,0.000033,0.000000,0.000000,0.000313
Q_ind_197_anc_4-2,0.000037,0.000000,0.000000,0.000418
Q_ind_198_anc_4-2,0.000028,0.000000,0.000000,0.000305
Q_ind_199_anc_4-2,0.000075,0.000000,0.000000,0.000847
Q_ind_200_anc_4-2,0.000047,0.000000,0.000000,0.000544
Q_ind_201_anc_4-2,0.000758,0.000000,0.000000,0.011300
Q_ind_202_anc_4-2,0.000090,0.000000,0.000000,0.000899
Q_ind_203_anc_4-2,0.000243,0.000000,0.000000,0.002922
Q_ind_204_anc_4-2,0.000313,0.000000,0.000000,0.002827
Q_ind_205_anc_4-2,0.000127,0.000000,0.000000,0.001107
Q_ind_206_anc_4-2,0.000222,0.000000,0.000000,0.001830
Q_ind_207_anc_4-2,0.001103,0.000000,0.000000,0.018132
Q_ind_208_anc_4-2,0.001824,0.000000,0.000000,0.023437
Q_ind_209_anc_4-2,0.000521,0.000000,0.000000,0.007640
Q_ind_210_anc_4-2,0.000526,0.000000,0.000000,0.004392
Q_ind_211_anc_4-2,0.000646,0.000000,0.000000,0.009101
Q_ind_212_anc_4-2,0.118494,0.117849,0.064964,0.172857
Q_ind_213_anc_4-2,0.010813,0.000000,0.000000,0.070600
Q_ind_214_anc_4-2,0.005012,0.000000,0.000000,0.044559
Q_ind_215_anc_4-2,0.030485,0.024293,0.000000,0.099355
Q_ind_216_anc_4-2,0.007256,0.000000,0.000000,0.078586
Q_ind_217_anc_4-2,0.000178,0.000000,0.000000,0.001657
Q_ind_218_anc_4-2,0.065906,0.068710,0.000000,0.115958
Q_ind_219_anc_4-2,0.001873,0.000000,0.000000,0.025848
Q_ind_220_anc_4-2,0.015692,0.000000,0.000000,0.085403
Q_ind_221_anc_4-2,0.033790,0.003608,0.000000,0.116696
Q_ind_222_anc_4-2,0.005667,0.000000,0.000000,0.061076
Q_ind_223_anc_4-2,0.001703,0.000000,0.000000,0.023725
Q_ind_224_anc_4-2,0.050671,0.000352,0.000000,0.177902
Q_ind_225_anc_4-2,0.000899,0.000000,0.000000,0.012611
Q_ind_226_anc_4-2,0.023292,0.000000,0.000000,0.155860
Q_ind_227_anc_4-2,0.000353,0.000000,0.000000,0.003604
Q_ind_228_anc_4-2,0.000766,0.000000,0.000000,0.008778
Q_ind_229_anc_4-2,0.001308,0.000000,0.000000,0.015874
Q_ind_230_anc_4-2,0.000272,0.000000,0.000000,0.002480
Q_ind_231_anc_4-2,0.106995,0.113693,0.000000,0.170118
Q_ind_232_anc_4-2,0.000212,0.000000,0.000000,0.002422
Q_ind_233_anc_4-2,0.000499,0.000000,0.000000,0.006377
Q_ind_234_anc_4-2,0.000792,0.000000,0.000000,0.009675
Q_ind_235_anc_4-2,0.000247,0.000000,0.000000,0.002531
Q_ind_236_anc_4-2,0.000066,0.000000,0.000000,0.000552
Q_ind_237_anc_4-2,0.000273,0.000000,0.000000,0.002517
Q_ind_238_anc_4-2,0.001375,0.000000,0.000000,0.019021
Q_ind_239_anc_4-2,0.000502,0.000000,0.000000,0.007234
Q_ind_240_anc_4-2,0.000243,0.000000,0.000000,0.001866
Q_ind_241_anc_4-2,0.015979,0.000001,0.000000,0.077092
Q_ind_242_anc_4-2,0.001390,0.000000,0.000000,0.018216
Q_ind_243_anc_4-2,0.019085,0.000278,0.000000,0.078598
Q_ind_244_anc_4-2,0.000523,0.000000,0.000000,0.006370
Q_ind_245_anc_4-2,0.001037,0.000000,0.000000,0.015199
Q_ind_1_anc_4-3,0.051243,0.000000,0.000000,0.202189
Q_ind_2_anc_4-3,0.033575,0.000000,0.000000,0.163211
Q_ind_3_anc_4-3,0.000199,0.000000,0.000000,0.001959
Q_ind_4_anc_4-3,0.000278,0.000000,0.000000,0.003438
Q_ind_5_anc_4-3,0.036130,0.000000,0.000000,0.193236
Q_ind_6_anc_4-3,0.003189,0.000000,0.000000,0.043908
Q_ind_7_anc_4-3,0.000543,0.000000,0.000000,0.006813
Q_ind_8_anc_4-3,0.000579,0.000000,0.000000,0.008868
Q_ind_9_anc_4-3,0.003034,0.000000,0.000000,0.041145
Q_ind_10_anc_4-3,0.000289,0.000000,0.000000,0.002485
Q_ind_11_anc_4-3,0.002597,0.000000,0.000000,0.033160
Q_ind_12_anc_4-3,0.000609,0.000000,0.000000,0.007818
Q_ind_13_anc_4-3,0.001688,0.000000,0.000000,0.025861
Q_ind_14_anc_4-3,0.031706,0.000001,0.000000,0.147157
Q_ind_15_anc_4-3,0.006172,0.000000,0.000000,0.079447
Q_ind_16_anc_4-3,0.000345,0.000000,0.000000,0.004187
Q_ind_17_anc_4-3,0.001134,0.000000,0.000000,0.016772
Q_ind_18_anc_4-3,0.000604,0.000000,0.000000,0.007516
Q_ind_19_anc_4-3,0.000360,0.000000,0.000000,0.002983
Q_ind_20_anc_4-3,0.012034,0.000000,0.000000,0.101049
Q_ind_21_anc_4-3,0.000192,0.000000,0.000000,0.001717
Q_ind_22_anc_4-3,0.015831,0.000000,0.000000,0.100308
Q_ind_23_anc_4-3,0.002738,0.000000,0.000000,0.038010
Q_ind_24_anc_4-3,0.012673,0.000000,0.000000,0.111117
Q_ind_25_anc_4-3,0.000222,0.000000,0.000000,0.002497
Q_ind_26_anc_4-3,0.018147,0.000000,0.000000,0.093054
Q_ind_27_anc_4-3,0.001771,0.000000,0.000000,0.028286
Q_ind_28_anc_4-3,0.003201,0.000000,0.000000,0.048655
Q_ind_29_anc_4-3,0.003704,0.000000,0.000000,0.055966
Q_ind_30_anc_4-3,0.018328,0.000000,0.000000,0.102509
Q_ind_31_anc_4-3,0.000285,0.000000,0.000000,0.003650
Q_ind_32_anc_4-3,0.000468,0.000000,0.000000,0.006007
Q_ind_33_anc_4-3,0.000581,0.000000,0.000000,0.007010
Q_ind_34_anc_4-3,0.000145,0.000000,0.000000,0.001826
Q_ind_35_anc_4-3,0.000192,0.000000,0.000000,0.001862
Q_ind_36_anc_4-3,0.000086,0.000000,0.000000,0.000918
Q_ind_37_anc_4-3,0.000310,0.000000,0.000000,0.004312
Q_ind_38_anc_4-3,0.000053,0.000000,0.000000,0.000425
Q_ind_39_anc_4-3,0.001907,0.000000,0.000000,0.033200
Q_ind_40_anc_4-3,0.001622,0.000000,0.000000,0.027848
Q_ind_41_anc_4-3,0.004545,0.000000,0.000000,0.069653
Q_ind_42_anc_4-3,0.000149,0.000000,0.000000,0.001922
Q_ind_43_anc_4-3,0.000254,0.000000,0.000000,0.002200
Q_ind_44_anc_4-3,0.000160,0.000000,0.000000,0.001790
Q_ind_45_anc_4-3,0.000110,0.000000,0.000000,0.001087
Q_ind_46_anc_4-3,0.000069,0.000000,0.000000,0.000654
Q_ind_47_anc_4-3,0.000285,0.000000,0.000000,0.003517
Q_ind_48_anc_4-3,0.000373,0.000000,0.000000,0.005173
Q_ind_49_anc_4-3,0.000166,0.000000,0.000000,0.001830
Q_ind_50_anc_4-3,0.000107,0.000000,0.000000,0.000749
Q_ind_51_anc_4-3,0.001513,0.000000,0.000000,0.020590
Q_ind_52_anc_4-3,0.000734,0.000000,0.000000,0.010848
Q_ind_53_anc_4-3,0.000160,0.000000,0.000000,0.001802
Q_ind_54_anc_4-3,0.000277,0.000000,0.000000,0.003072
Q_ind_55_anc_4-3,0.000348,0.000000,0.000000,0.004189
Q_ind_56_anc_4-3,0.000364,0.000000,0.000000,0.005245
Q_ind_57_anc_4-3,0.008964,0.000000,0.000000,0.114288
Q_ind_58_anc_4-3,0.000165,0.000000,0.000000,0.001955
Q_ind_59_anc_4-3,0.004032,0.000000,0.000000,0.039704
Q_ind_60_anc_4-3,0.000612,0.000000,0.000000,0.008729
Q_ind_61_anc_4-3,0.000311,0.000000,0.000000,0.003405
Q_ind_62_anc_4-3,0.002673,0.000000,0.000000,0.030302
Q_ind_63_anc_4-3,0.000101,0.000000,0.000000,0.001022
Q_ind_64_anc_4-3,0.000101,0.000000,0.000000,0.000982
Q_ind_65_anc_4-3,0.000105,0.000000,0.000000,0.000888
Q_ind_66_anc_4-3,0.000083,0.000000,0.000000,0.000758
Q_ind_67_anc_4-3,0.000145,0.000000,0.000000,0.001484
Q_ind_68_anc_4-3,0.001179,0.000000,0.000000,0.015773
Q_ind_69_anc_4-3,0.006243,0.000000,0.000000,0.090242
Q_ind_70_anc_4-3,0.000357,0.000000,0.000000,0.003829
Q_ind_71_anc_4-3,0.000436,0.000000,0.000000,0.005075
Q_ind_72_anc_4-3,0.000527,0.000000,0.000000,0.006172
Q_ind_73_anc_4-3,0.000834,0.000000,0.000000,0.010909
Q_ind_74_anc_4-3,0.000282,0.000000,0.000000,0.003589
Q_ind_75_anc_4-3,0.000192,0.000000,0.000000,0.001638
Q_ind_76_anc_4-3,0.000352,0.000000,0.000000,0.004917
Q_ind_77_anc_4-3,0.095340,0.110747,0.000000,0.182002
Q_ind_78_anc_4-3,0.073510,0.000034,0.000000,0.275245
Q_ind_79_anc_4-3,0.080026,0.090197,0.000000,0.205478
Q_ind_80_anc_4-3,0.007924,0.000000,0.000000,0.105632
Q_ind_81_anc_4-3,0.003983,0.000000,0.000000,0.053868
Q_ind_82_anc_4-3,0.044098,0.000000,0.000000,0.253080
Q_ind_83_anc_4-3,0.002548,0.000000,0.000000,0.039160
Q_ind_84_anc_4-3,0.005638,0.000000,0.000000,0.079994
Q_ind_85_anc_4-3,0.010570,0.000000,0.000000,0.121061
Q_ind_86_anc_4-3,0.006820,0.000000,0.000000,0.072466
Q_ind_87_anc_4-3,0.014463,0.000000,0.000000,0.151348
Q_ind_88_anc_4-3,0.064038,0.000000,0.000000,0.305851
Q_ind_89_anc_4-3,0.002982,0.000000,0.000000,0.041478
Q_ind_90_anc_4-3,0.002630,0.000000,0.000000,0.036749
Q_ind_91_anc_4-3,0.000630,0.000000,0.000000,0.008054
Q_ind_92_anc_4-3,0.031647,0.000000,0.000000,0.214911
Q_ind_93_anc_4-3,0.000850,0.000000,0.000000,0.012459
Q_ind_94_anc_4-3,0.002269,0.000000,0.000000,0.030476
Q_ind_95_anc_4-3,0.046647,0.000001,0.000000,0.221538
Q_ind_96_anc_4-3,0.000251,0.000000,0.000000,0.002495
Q_ind_97_anc_4-3,0.000346,0.000000,0.000000,0.004268
Q_ind_98_anc_4-3,0.000140,0.000000,0.000000,0.001283
Q_ind_99_anc_4-3,0.006740,0.000000,0.000000,0.100707
Q_ind_100_anc_4-3,0.000196,0.000000,0.000000,0.002357
Q_ind_101_anc_4-3,0.000102,0.000000,0.000000,0.000966
Q_ind_102_anc_4-3,0.000058,0.000000,0.000000,0.000638
Q_ind_103_anc_4-3,0.000062,0.000000,0.000000,0.000615
Q_ind_104_anc_4-3,0.000073,0.000000,0.000000,0.000845
Q_ind_105_anc_4-3,0.000500,0.000000,0.000000,0.005691
Q_ind_106_anc_4-3,0.001116,0.000000,0.000000,0.017174
Q_ind_107_anc_4-3,0.000553,0.000000,0.000000,0.007591
Q_ind_108_anc_4-3,0.000321,0.000000,0.000000,0.004350
Q_ind_109_anc_4-3,0.000337,0.000000,0.000000,0.002882
Q_ind_110_anc_4-3,0.000183,0.000000,0.000000,0.002210
Q_ind_111_anc_4-3,0.000420,0.000000,0.000000,0.004658
Q_ind_112_anc_4-3,0.000530,0.000000,0.000000,0.007645
Q_ind_113_anc_4-3,0.000829,0.000000,0.000000,0.007366
Q_ind_114_anc_4-3,0.000300,0.000000,0.000000,0.003358
Q_ind_115_anc_4-3,0.000725,0.000000,0.000000,0.007447
Q_ind_116_anc_4-3,0.000137,0.000000,0.000000,0.001503
Q_ind_117_anc_4-3,0.000181,0.000000,0.000000,0.002262
Q_ind_118_anc_4-3,0.000189,0.000000,0.000000,0.002078
Q_ind_119_anc_4-3,0.000325,0.000000,0.000000,0.005069
Q_ind_120_anc_4-3,0.000053,0.000000,0.000000,0.000575
Q_ind_121_anc_4-3,0.000388,0.000000,0.000000,0.004199
Q_ind_122_anc_4-3,0.000137,0.000000,0.000000,0.001500
Q_ind_123_anc_4-3,0.000213,0.000000,0.000000,0.002799
Q_ind_124_anc_4-3,0.000501,0.000000,0.000000,0.005876
Q_ind_125_anc_4-3,0.004751,0.000000,0.000000,0.079885
Q_ind_126_anc_4-3,0.001529,0.000000,0.000000,0.021855
Q_ind_127_anc_4-3,0.014057,0.000000,0.000000,0.093312
Q_ind_128_anc_4-3,0.018980,0.000000,0.000000,0.161061
Q_ind_129_anc_4-3,0.000731,0.000000,0.000000,0.004413
Q_ind_130_anc_4-3,0.002256,0.000000,0.000000,0.034362
Q_ind_131_anc_4-3,0.167869,0.162792,0.033434,0.289035
Q_ind_132_anc_4-3,0.125088,0.114848,0.056374,0.232997
Q_ind_133_anc_4-3,0.000226,0.000000,0.000000,0.002717
Q_ind_134_anc_4-3,0.000423,0.000000,0.000000,0.005886
Q_ind_135_anc_4-3,0.000228,0.000000,0.000000,0.003097
Q_ind_136_anc_4-3,0.000402,0.000000,0.000000,0.004673
Q_ind_137_anc_4-3,0.000259,0.000000,0.000000,0.003367
Q_ind_138_anc_4-3,0.000297,0.000000,0.000000,0.002852
Q_ind_139_anc_4-3,0.000361,0.000000,0.000000,0.004287
Q_ind_140_anc_4-3,0.000130,0.000000,0.000000,0.001208
Q_ind_141_anc_4-3,0.000224,0.000000,0.000000,0.002839
Q_ind_142_anc_4-3,0.054751,0.000000,0.000000,0.255843
Q_ind_143_anc_4-3,0.000140,0.000000,0.000000,0.001421
Q_ind_144_anc_4-3,0.000175,0.000000,0.000000,0.001480
Q_ind_145_anc_4-3,0.000095,0.000000,0.000000,0.000808
Q_ind_146_anc_4-3,0.001420,0.000000,0.000000,0.021022
Q_ind_147_anc_4-3,0.000149,0.000000,0.000000,0.001752
Q_ind_148_anc_4-3,0.000259,0.000000,0.000000,0.001908
Q_ind_149_anc_4-3,0.002303,0.000000,0.000000,0.035186
Q_ind_150_anc_4-3,0.000119,0.000000,0.000000,0.001141
Q_ind_151_anc_4-3,0.000412,0.000000,0.000000,0.004605
Q_ind_152_anc_4-3,0.000092,0.000000,0.000000,0.000856
Q_ind_153_anc_4-3,0.000131,0.000000,0.000000,0.001416
Q_ind_154_anc_4-3,0.000129,0.000000,0.000000,0.001177
Q_ind_155_anc_4-3,0.403332,0.391346,0.309599,0.559084
Q_ind_156_anc_4-3,0.000311,0.000000,0.000000,0.003139
Q_ind_157_anc_4-3,0.000628,0.000000,0.000000,0.010064
Q_ind_158_anc_4-3,0.001616,0.000000,0.000000,0.024018
Q_ind_159_anc_4-3,0.000278,0.000000,0.000000,0.002244
Q_ind_160_anc_4-3,0.000668,0.000000,0.000000,0.008285
Q_ind_161_anc_4-3,0.000142,0.000000,0.000000,0.001296
Q_ind_162_anc_4-3,0.000692,0.000000,0.000000,0.008927
Q_ind_163_anc_4-3,0.000737,0.000000,0.000000,0.010942
Q_ind_164_anc_4-3,0.000261,0.000000,0.000000,0.001984
Q_ind_165_anc_4-3,0.000635,0.000000,0.000000,0.007247
Q_ind_166_anc_4-3,0.000342,0.000000,0.000000,0.003557
Q_ind_167_anc_4-3,0.000138,0.000000,0.000000,0.001592
Q_ind_168_anc_4-3,0.004064,0.000000,0.000000,0.051518
Q_ind_169_anc_4-3,0.175722,0.169039,0.045212,0.306971
Q_ind_170_anc_4-3,0.000297,0.000000,0.000000,0.003651
Q_ind_171_anc_4-3,0.003224,0.000000,0.000000,0.045710
Q_ind_172_anc_4-3,0.000094,0.000000,0.000000,0.000981
Q_ind_173_anc_4-3,0.000224,0.000000,0.000000,0.002697
Q_ind_174_anc_4-3,0.000671,0.000000,0.000000,0.009632
Q_ind_175_anc_4-3,0.000770,0.000000,0.000000,0.010074
Q_ind_176_anc_4-3,0.075921,0.000000,0.000000,0.352154
Q_ind_177_anc_4-3,0.111446,0.017486,0.000000,0.417918
Q_ind_178_anc_4-3,0.008855,0.000000,0.000000,0.159991
Q_ind_179_anc_4-3,0.037900,0.000000,0.000000,0.370994
Q_ind_180_anc_4-3,0.002487,0.000000,0.000000,0.032615
Q_ind_181_anc_4-3,0.079800,0.000000,0.000000,0.339864
Q_ind_182_anc_4-3,0.103423,0.000056,0.000000,0.400871
Q_ind_183_anc_4-3,0.050989,0.000000,0.000000,0.269473
Q_ind_184_anc_4-3,0.088296,0.000000,0.000000,0.425246
Q_ind_185_anc_4-3,0.000131,0.000000,0.000000,0.001254
Q_ind_186_anc_4-3,0.000170,0.000000,0.000000,0.001579
Q_ind_187_anc_4-3,0.000071,0.000000,0.000000,0.000726
Q_ind_188_anc_4-3,0.000126,0.000000,0.000000,0.001406
Q_ind_189_anc_4-3,0.000163,0.000000,0.000000,0.001775
Q_ind_190_anc_4-3,0.000700,0.000000,0.000000,0.009135
Q_ind_191_anc_4-3,0.000124,0.000000,0.000000,0.001150
Q_ind_192_anc_4-3,0.000112,0.000000,0.000000,0.001322
Q_ind_193_anc_4-3,0.000207,0.000000,0.000000,0.001604
Q_ind_194_anc_4-3,0.000034,0.000000,0.000000,0.000338
Q_ind_195_anc_4-3,0.000207,0.000000,0.000000,0.002185
Q_ind_196_anc_4-3,0.000051,0.000000,0.000000,0.000595
Q_ind_197_anc_4-3,0.000045,0.000000,0.000000,0.000459
Q_ind_198_anc_4-3,0.000037,0.000000,0.000000,0.000407
Q_ind_199_anc_4-3,0.000135,0.000000,0.000000,0.001295
Q_ind_200_anc_4-3,0.000057,0.000000,0.000000,0.000687
Q_ind_201_anc_4-3,0.000291,0.000000,0.000000,0.004106
Q_ind_202_anc_4-3,0.000107,0.000000,0.000000,0.001050
Q_ind_203_anc_4-3,0.000821,0.000000,0.000000,0.011306
Q_ind_204_anc_4-3,0.000379,0.000000,0.000000,0.004164
Q_ind_205_anc_4-3,0.001171,0.000000,0.000000,0.015605
Q_ind_206_anc_4-3,0.000104,0.000000,0.000000,0.001085
Q_ind_207_anc_4-3,0.001583,0.000000,0.000000,0.025661
Q_ind_208_anc_4-3,0.046833,0.000000,0.000000,0.194208
Q_ind_209_anc_4-3,0.000291,0.000000,0.000000,0.001812
Q_ind_210_anc_4-3,0.000321,0.000000,0.000000,0.003344
Q_ind_211_anc_4-3,0.000181,0.000000,0.000000,0.001731
Q_ind_212_anc_4-3,0.000726,0.000000,0.000000,0.003150
Q_ind_213_anc_4-3,0.000701,0.000000,0.000000,0.009243
Q_ind_214_anc_4-3,0.001799,0.000000,0.000000,0.026793
Q_ind_215_anc_4-3,0.003779,0.000000,0.000000,0.040109
Q_ind_216_anc_4-3,0.002062,0.000000,0.000000,0.023878
Q_ind_217_anc_4-3,0.000147,0.000000,0.000000,0.001562
Q_ind_218_anc_4-3,0.015574,0.000000,0.000000,0.154171
Q_ind_219_anc_4-3,0.000977,0.000000,0.000000,0.014645
Q_ind_220_anc_4-3,0.002941,0.000000,0.000000,0.055351
Q_ind_221_anc_4-3,0.002303,0.000000,0.000000,0.030808
Q_ind_222_anc_4-3,0.001693,0.000000,0.000000,0.022650
Q_ind_223_anc_4-3,0.000190,0.000000,0.000000,0.001326
Q_ind_224_anc_4-3,0.081305,0.024130,0.000000,0.243710
Q_ind_225_anc_4-3,0.000224,0.000000,0.000000,0.002491
Q_ind_226_anc_4-3,0.011989,0.000000,0.000000,0.086845
Q_ind_227_anc_4-3,0.000306,0.000000,0.000000,0.003584
Q_ind_228_anc_4-3,0.000224,0.000000,0.000000,0.002699
Q_ind_229_anc_4-3,0.000163,0.000000,0.000000,0.001374
Q_ind_230_anc_4-3,0.000347,0.000000,0.000000,0.003860
Q_ind_231_anc_4-3,0.003239,0.000000,0.000000,0.037294
Q_ind_232_anc_4-3,0.000451,0.000000,0.000000,0.004996
Q_ind_233_anc_4-3,0.000644,0.000000,0.000000,0.008350
Q_ind_234_anc_4-3,0.000285,0.000000,0.000000,0.003512
Q_ind_235_anc_4-3,0.000200,0.000000,0.000000,0.002176
Q_ind_236_anc_4-3,0.000258,0.000000,0.000000,0.002424
Q_ind_237_anc_4-3,0.000097,0.000000,0.000000,0.000902
Q_ind_238_anc_4-3,0.000140,0.000000,0.000000,0.001749
Q_ind_239_anc_4-3,0.000127,0.000000,0.000000,0.001106
Q_ind_240_anc_4-3,0.000259,0.000000,0.000000,0.003109
Q_ind_241_anc_4-3,0.005699,0.000000,0.000000,0.053714
Q_ind_242_anc_4-3,0.000929,0.000000,0.000000,0.012676
Q_ind_243_anc_4-3,0.001047,0.000000,0.000000,0.014411
Q_ind_244_anc_4-3,0.000778,0.000000,0.000000,0.010632
Q_ind_245_anc_4-3,0.000266,0.000000,0.000000,0.002557
Q_ind_1_anc_4-4,0.000111,0.000000,0.000000,0.001233
Q_ind_2_anc_4-4,0.000726,0.000000,0.000000,0.008549
Q_ind_3_anc_4-4,0.000486,0.000000,0.000000,0.006168
Q_ind_4_anc_4-4,0.001224,0.000000,0.000000,0.017350
Q_ind_5_anc_4-4,0.000060,0.000000,0.000000,0.000628
Q_ind_6_anc_4-4,0.021895,0.000000,0.000000,0.093789
Q_ind_7_anc_4-4,0.026056,0.025031,0.000000,0.056657
Q_ind_8_anc_4-4,0.000216,0.000000,0.000000,0.002420
Q_ind_9_anc_4-4,0.058356,0.064865,0.000000,0.114981
Q_ind_10_anc_4-4,0.001216,0.000000,0.000000,0.017539
Q_ind_11_anc_4-4,0.000749,0.000000,0.000000,0.010922
Q_ind_12_anc_4-4,0.003927,0.000000,0.000000,0.039370
Q_ind_13_anc_4-4,0.000235,0.000000,0.000000,0.002786
Q_ind_14_anc_4-4,0.000382,0.000000,0.000000,0.004917
Q_ind_15_anc_4-4,0.000198,0.000000,0.000000,0.002534
Q_ind_16_anc_4-4,0.000141,0.000000,0.000000,0.001564
Q_ind_17_anc_4-4,0.000269,0.000000,0.000000,0.003210
Q_ind_18_anc_4-4,0.000165,0.000000,0.000000,0.001662
Q_ind_19_anc_4-4,0.000089,0.000000,0.000000,0.000879
Q_ind_20_anc_4-4,0.000061,0.000000,0.000000,0.000695
Q_ind_21_anc_4-4,0.000212,0.000000,0.000000,0.002462
Q_ind_22_anc_4-4,0.003484,0.000000,0.000000,0.030335
Q_ind_23_anc_4-4,0.005782,0.000000,0.000000,0.030757
Q_ind_24_anc_4-4,0.000269,0.000000,0.000000,0.002977
Q_ind_25_anc_4-4,0.000205,0.000000,0.000000,0.002636
Q_ind_26_anc_4-4,0.000407,0.000000,0.000000,0.003594
Q_ind_27_anc_4-4,0.000592,0.000000,0.000000,0.007860
Q_ind_28_anc_4-4,0.001874,0.000000,0.000000,0.024293
Q_ind_29_anc_4-4,0.009399,0.000012,0.000000,0.042061
Q_ind_30_anc_4-4,0.000307,0.000000,0.000000,0.003747
Q_ind_31_anc_4-4,0.000048,0.000000,0.000000,0.000458
Q_ind_32_anc_4-4,0.000295,0.000000,0.000000,0.003696
Q_ind_33_anc_4-4,0.000144,0.000000,0.000000,0.001670
Q_ind_34_anc_4-4,0.000152,0.000000,0.000000,0.001852
Q_ind_35_anc_4-4,0.000167,0.000000,0.000000,0.002196
Q_ind_36_anc_4-4,0.000074,0.000000,0.000000,0.000848
Q_ind_37_anc_4-4,0.000198,0.000000,0.000000,0.002000
Q_ind_38_anc_4-4,0.000063,0.000000,0.000000,0.000633
Q_ind_39_anc_4-4,0.000034,0.000000,0.000000,0.000309
Q_ind_40_anc_4-4,0.000363,0.000000,0.000000,0.004826
Q_ind_41_anc_4-4,0.000126,0.000000,0.000000,0.001243
Q_ind_42_anc_4-4,0.000358,0.000000,0.000000,0.004949
Q_ind_43_anc_4-4,0.000492,0.000000,0.000000,0.006698
Q_ind_44_anc_4-4,0.000188,0.000000,0.000000,0.002076
Q_ind_45_anc_4-4,0.000474,0.000000,0.000000,0.007285
Q_ind_46_anc_4-4,0.000106,0.000000,0.000000,0.001011
Q_ind_47_anc_4-4,0.000510,0.000000,0.000000,0.006960
Q_ind_48_anc_4-4,0.001172,0.000000,0.000000,0.016362
Q_ind_49_anc_4-4,0.000470,0.000000,0.000000,0.007572
Q_ind_50_anc_4-4,0.000281,0.000000,0.000000,0.003524
Q_ind_51_anc_4-4,0.000459,0.000000,0.000000,0.005935
Q_ind_52_anc_4-4,0.000128,0.000000,0.000000,0.001521
Q_ind_53_anc_4-4,0.000268,0.000000,0.000000,0.003738
Q_ind_54_anc_4-4,0.000088,0.000000,0.000000,0.000953
Q_ind_55_anc_4-4,0.000103,0.000000,0.000000,0.000958
Q_ind_56_anc_4-4,0.001208,0.000000,0.000000,0.011020
Q_ind_57_anc_4-4,0.000051,0.000000,0.000000,0.000584
Q_ind_58_anc_4-4,0.000154,0.000000,0.000000,0.001757
Q_ind_59_anc_4-4,0.000585,0.000000,0.000000,0.009087
Q_ind_60_anc_4-4,0.000069,0.000000,0.000000,0.000770
Q_ind_61_anc_4-4,0.000176,0.000000,0.000000,0.002067
Q_ind_62_anc_4-4,0.000618,0.000000,0.000000,0.009140
Q_ind_63_anc_4-4,0.938977,0.937794,0.897946,0.980075
Q_ind_64_anc_4-4,0.956080,0.952190,0.914327,0.998927
Q_ind_65_anc_4-4,0.940011,0.938182,0.897162,0.986570
Q_ind_66_anc_4-4,0.931532,0.930087,0.891053,0.973084
Q_ind_67_anc_4-4,0.685226,0.684553,0.612994,0.760762
Q_ind_68_anc_4-4,0.000151,0.000000,0.000000,0.001817
Q_ind_69_anc_4-4,0.000115,0.000000,0.000000,0.001264
Q_ind_70_anc_4-4,0.000051,0.000000,0.000000,0.000476
Q_ind_71_anc_4-4,0.000134,0.000000,0.000000,0.001248
Q_ind_72_anc_4-4,0.001367,0.000000,0.000000,0.016702
Q_ind_73_anc_4-4,0.000385,0.000000,0.000000,0.004945
Q_ind_74_anc_4-4,0.000115,0.000000,0.000000,0.001295
Q_ind_75_anc_4-4,0.000049,0.000000,0.000000,0.000464
Q_ind_76_anc_4-4,0.000243,0.000000,0.000000,0.003169
Q_ind_77_anc_4-4,0.004475,0.000000,0.000000,0.063283
Q_ind_78_anc_4-4,0.010350,0.000000,0.000000,0.073948
Q_ind_79_anc_4-4,0.000580,0.000000,0.000000,0.007437
Q_ind_80_anc_4-4,0.014972,0.008494,0.000000,0.052925
Q_ind_81_anc_4-4,0.000907,0.000000,0.000000,0.012921
Q_ind_82_anc_4-4,0.036898,0.000251,0.000000,0.123702
Q_ind_83_anc_4-4,0.002405,0.000000,0.000000,0.033816
Q_ind_84_anc_4-4,0.005468,0.000000,0.000000,0.047285
Q_ind_85_anc_4-4,0.002302,0.000000,0.000000,0.036104
Q_ind_86_anc_4-4,0.003911,0.000000,0.000000,0.049326
Q_ind_87_anc_4-4,0.002125,0.000000,0.000000,0.032523
Q_ind_88_anc_4-4,0.223196,0.223046,0.159301,0.287884
Q_ind_89_anc_4-4,0.215637,0.217993,0.142314,0.276359
Q_ind_90_anc_4-4,0.209076,0.210241,0.141951,0.272604
Q_ind_91_anc_4-4,0.181334,0.182603,0.114681,0.240385
Q_ind_92_anc_4-4,0.219824,0.217408,0.150377,0.298749
Q_ind_93_anc_4-4,0.160441,0.159157,0.106252,0.220243
Q_ind_94_anc_4-4,0.000195,0.000000,0.000000,0.002150
Q_ind_95_anc_4-4,0.158235,0.158031,0.077998,0.240945
Q_ind_96_anc_4-4,0.000269,0.000000,0.000000,0.003704
Q_ind_97_anc_4-4,0.000336,0.000000,0.000000,0.003621
Q_ind_98_anc_4-4,0.000033,0.000000,0.000000,0.000341
Q_ind_99_anc_4-4,0.000057,0.000000,0.000000,0.000521
Q_ind_100_anc_4-4,0.000434,0.000000,0.000000,0.005696
Q_ind_101_anc_4-4,0.000107,0.000000,0.000000,0.001128
Q_ind_102_anc_4-4,0.000101,0.000000,0.000000,0.001081
Q_ind_103_anc_4-4,0.000217,0.000000,0.000000,0.002027
Q_ind_104_anc_4-4,0.000058,0.000000,0.000000,0.000426
Q_ind_105_anc_4-4,0.000037,0.000000,0.000000,0.000339
Q_ind_106_anc_4-4,0.000882,0.000000,0.000000,0.012276
Q_ind_107_anc_4-4,0.000382,0.000000,0.000000,0.004489
Q_ind_108_anc_4-4,0.000502,0.000000,0.000000,0.006748
Q_ind_109_anc_4-4,0.000531,0.000000,0.000000,0.006305
Q_ind_110_anc_4-4,0.000309,0.000000,0.000000,0.004081
Q_ind_111_anc_4-4,0.000344,0.000000,0.000000,0.004243
Q_ind_112_anc_4-4,0.000089,0.000000,0.000000,0.000838
Q_ind_113_anc_4-4,0.000262,0.000000,0.000000,0.002614
Q_ind_114_anc_4-4,0.000920,0.000000,0.000000,0.011982
Q_ind_115_anc_4-4,0.014556,0.012940,0.000000,0.045486
Q_ind_116_anc_4-4,0.000129,0.000000,0.000000,0.001234
Q_ind_117_anc_4-4,0.000406,0.000000,0.000000,0.005739
Q_ind_118_anc_4-4,0.000113,0.000000,0.000000,0.001101
Q_ind_119_anc_4-4,0.000526,0.000000,0.000000,0.007762
Q_ind_120_anc_4-4,0.000117,0.000000,0.000000,0.001289
Q_ind_121_anc_4-4,0.000939,0.000000,0.000000,0.014359
Q_ind_122_anc_4-4,0.000155,0.000000,0.000000,0.001790
Q_ind_123_anc_4-4,0.000180,0.000000,0.000000,0.001802
Q_ind_124_anc_4-4,0.000293,0.000000,0.000000,0.003667
Q_ind_125_anc_4-4,0.006261,0.000000,0.000000,0.062654
Q_ind_126_anc_4-4,0.027962,0.017964,0.000000,0.086382
Q_ind_127_anc_4-4,0.005301,0.000000,0.000000,0.052629
Q_ind_128_anc_4-4,0.007711,0.000000,0.000000,0.074973
Q_ind_129_anc_4-4,0.035327,0.035751,0.000000,0.074882
Q_ind_130_anc_4-4,0.006000,0.000000,0.000000,0.045315
Q_ind_131_anc_4-4,0.000071,0.000000,0.000000,0.000770
Q_ind_132_anc_4-4,0.000029,0.000000,0.000000,0.000261
Q_ind_133_anc_4-4,0.000146,0.000000,0.000000,0.000973
Q_ind_134_anc_4-4,0.000059,0.000000,0.000000,0.000527
Q_ind_135_anc_4-4,0.000265,0.000000,0.000000,0.002826
Q_ind_136_anc_4-4,0.000194,0.000000,0.000000,0.001809
Q_ind_137_anc_4-4,0.000196,0.000000,0.000000,0.002687
Q_ind_138_anc_4-4,0.000044,0.000000,0.000000,0.000487
Q_ind_139_anc_4-4,0.000055,0.000000,0.000000,0.000592
Q_ind_140_anc_4-4,0.001095,0.000000,0.000000,0.012964
Q_ind_141_anc_4-4,0.000154,0.000000,0.000000,0.001255
Q_ind_142_anc_4-4,0.000030,0.000000,0.000000,0.000271
Q_ind_143_anc_4-4,0.000077,0.000000,0.000000,0.000781
Q_ind_144_anc_4-4,0.000123,0.000000,0.000000,0.000994
Q_ind_145_anc_4-4,0.970210,0.970855,0.941719,0.995438
Q_ind_146_anc_4-4,0.924096,0.926788,0.868028,0.965870
Q_ind_147_anc_4-4,0.952226,0.951759,0.914753,0.990765
Q_ind_148_anc_4-4,0.918853,0.920014,0.873544,0.956003
Q_ind_149_anc_4-4,0.639504,0.639357,0.565232,0.717671
Q_ind_150_anc_4-4,0.960136,0.959531,0.921310,0.996187
Q_ind_151_anc_4-4,0.959972,0.960830,0.924413,0.989301
Q_ind_152_anc_4-4,0.951179,0.948697,0.913487,0.994297
Q_ind_153_anc_4-4,0.961259,0.960050,0.920972,0.998358
Q_ind_154_anc_4-4,0.945667,0.946416,0.903318,0.981573
Q_ind_155_anc_4-4,0.000176,0.000000,0.000000,0.001773
Q_ind_156_anc_4-4,0.001714,0.000000,0.000000,0.025319
Q_ind_157_anc_4-4,0.004078,0.000000,0.000000,0.046073
Q_ind_158_anc_4-4,0.001879,0.000000,0.000000,0.027992
Q_ind_159_anc_4-4,0.000536,0.000000,0.000000,0.006627
Q_ind_160_anc_4-4,0.002923,0.000000,0.000000,0.039331
Q_ind_161_anc_4-4,0.000355,0.000000,0.000000,0.004800
Q_ind_162_anc_4-4,0.001086,0.000000,0.000000,0.014913
Q_ind_163_anc_4-4,0.001015,0.000000,0.000000,0.015199
Q_ind_164_anc_4-4,0.005064,0.000000,0.000000,0.046597
Q_ind_165_anc_4-4,0.002110,0.000000,0.000000,0.023972
Q_ind_166_anc_4-4,0.000676,0.000000,0.000000,0.008337
Q_ind_167_anc_4-4,0.000416,0.000000,0.000000,0.005162
Q_ind_168_anc_4-4,0.000049,0.000000,0.000000,0.000476
Q_ind_169_anc_4-4,0.000029,0.000000,0.000000,0.000275
Q_ind_170_anc_4-4,0.000126,0.000000,0.000000,0.001311
Q_ind_171_anc_4-4,0.007937,0.000000,0.000000,0.045591
Q_ind_172_anc_4-4,0.000132,0.000000,0.000000,0.001572
Q_ind_173_anc_4-4,0.000043,0.000000,0.000000,0.000470
Q_ind_174_anc_4-4,0.000214,0.000000,0.000000,0.002588
Q_ind_175_anc_4-4,0.000086,0.000000,0.000000,0.000990
Q_ind_176_anc_4-4,0.000114,0.000000,0.000000,0.001175
Q_ind_177_anc_4-4,0.001972,0.000000,0.000000,0.030394
Q_ind_178_anc_4-4,0.075626,0.075698,0.007419,0.132383
Q_ind_179_anc_4-4,0.000560,0.000000,0.000000,0.007407
Q_ind_180_anc_4-4,0.157008,0.159742,0.088684,0.215555
Q_ind_181_anc_4-4,0.022182,0.010449,0.000000,0.078676
Q_ind_182_anc_4-4,0.022785,0.000035,0.000000,0.105383
Q_ind_183_anc_4-4,0.099139,0.098044,0.042715,0.161072
Q_ind_184_anc_4-4,0.000315,0.000000,0.000000,0.003638
Q_ind_185_anc_4-4,0.000144,0.000000,0.000000,0.001640
Q_ind_186_anc_4-4,0.000701,0.000000,0.000000,0.009254
Q_ind_187_anc_4-4,0.000072,0.000000,0.000000,0.000798
Q_ind_188_anc_4-4,0.000055,0.000000,0.000000,0.000592
Q_ind_189_anc_4-4,0.000253,0.000000,0.000000,0.002491
Q_ind_190_anc_4-4,0.000605,0.000000,0.000000,0.009051
Q_ind_191_anc_4-4,0.000106,0.000000,0.000000,0.001015
Q_ind_192_anc_4-4,0.000036,0.000000,0.000000,0.000350
Q_ind_193_anc_4-4,0.000100,0.000000,0.000000,0.001030
Q_ind_194_anc_4-4,0.000031,0.000000,0.000000,0.000303
Q_ind_195_anc_4-4,0.000164,0.000000,0.000000,0.001387
Q_ind_196_anc_4-4,0.000039,0.000000,0.000000,0.000360
Q_ind_197_anc_4-4,0.000031,0.000000,0.000000,0.000346
Q_ind_198_anc_4-4,0.000047,0.000000,0.000000,0.000496
Q_ind_199_anc_4-4,0.000057,0.000000,0.000000,0.000646
Q_ind_200_anc_4-4,0.000066,0.000000,0.000000,0.000666
Q_ind_201_anc_4-4,0.000034,0.000000,0.000000,0.000343
Q_ind_202_anc_4-4,0.000147,0.000000,0.000000,0.001276
Q_ind_203_anc_4-4,0.000900,0.000000,0.000000,0.014003
Q_ind_204_anc_4-4,0.000369,0.000000,0.000000,0.004740
Q_ind_205_anc_4-4,0.001032,0.000000,0.000000,0.015263
Q_ind_206_anc_4-4,0.006475,0.000007,0.000000,0.033043
Q_ind_207_anc_4-4,0.001718,0.000000,0.000000,0.025483
Q_ind_208_anc_4-4,0.000054,0.000000,0.000000,0.000538
Q_ind_209_anc_4-4,0.005331,0.000000,0.000000,0.034670
Q_ind_210_anc_4-4,0.000329,0.000000,0.000000,0.004205
Q_ind_211_anc_4-4,0.000978,0.000000,0.000000,0.016048
Q_ind_212_anc_4-4,0.000036,0.000000,0.000000,0.000367
Q_ind_213_anc_4-4,0.000144,0.000000,0.000000,0.001420
Q_ind_214_anc_4-4,0.000208,0.000000,0.000000,0.002360
Q_ind_215_anc_4-4,0.000130,0.000000,0.000000,0.001175
Q_ind_216_anc_4-4,0.017380,0.015703,0.000000,0.050624
Q_ind_217_anc_4-4,0.000060,0.000000,0.000000,0.000627
Q_ind_218_anc_4-4,0.000133,0.000000,0.000000,0.001383
Q_ind_219_anc_4-4,0.000770,0.000000,0.000000,0.009730
Q_ind_220_anc_4-4,0.000165,0.000000,0.000000,0.001643
Q_ind_221_anc_4-4,0.000094,0.000000,0.000000,0.000664
Q_ind_222_anc_4-4,0.000549,0.000000,0.000000,0.007529
Q_ind_223_anc_4-4,0.000040,0.000000,0.000000,0.000394
Q_ind_224_anc_4-4,0.000042,0.000000,0.000000,0.000389
Q_ind_225_anc_4-4,0.001511,0.000000,0.000000,0.022575
Q_ind_226_anc_4-4,0.000082,0.000000,0.000000,0.000748
Q_ind_227_anc_4-4,0.001158,0.000000,0.000000,0.017909
Q_ind_228_anc_4-4,0.000376,0.000000,0.000000,0.004425
Q_ind_229_anc_4-4,0.000176,0.000000,0.000000,0.001916
Q_ind_230_anc_4-4,0.000271,0.000000,0.000000,0.003090
Q_ind_231_anc_4-4,0.000041,0.000000,0.000000,0.000396
Q_ind_232_anc_4-4,0.000146,0.000000,0.000000,0.001947
Q_ind_233_anc_4-4,0.000309,0.000000,0.000000,0.004418
Q_ind_234_anc_4-4,0.002035,0.000000,0.000000,0.021477
Q_ind_235_anc_4-4,0.000136,0.000000,0.000000,0.001622
Q_ind_236_anc_4-4,0.000071,0.000000,0.000000,0.000708
Q_ind_237_anc_4-4,0.000083,0.000000,0.000000,0.000808
Q_ind_238_anc_4-4,0.000051,0.000000,0.000000,0.000571
Q_ind_239_anc_4-4,0.000093,0.000000,0.000000,0.001028
Q_ind_240_anc_4-4,0.000053,0.000000,0.000000,0.000476
Q_ind_241_anc_4-4,0.000152,0.000000,0.000000,0.001281
Q_ind_242_anc_4-4,0.000373,0.000000,0.000000,0.005591
Q_ind_243_anc_4-4,0.000044,0.000000,0.000000,0.000381
Q_ind_244_anc_4-4,0.000597,0.000000,0.000000,0.008956
Q_ind_245_anc_4-4,0.000046,0.000000,0.000000,0.000471
Q_ind_1_anc_5-1,0.000136,0.000000,0.000000,0.001554
Q_ind_2_anc_5-1,0.000096,0.000000,0.000000,0.000825
Q_ind_3_anc_5-1,0.000142,0.000000,0.000000,0.001514
Q_ind_4_anc_5-1,0.000103,0.000000,0.000000,0.000670
Q_ind_5_anc_5-1,0.000325,0.000000,0.000000,0.003177
Q_ind_6_anc_5-1,0.000196,0.000000,0.000000,0.001963
Q_ind_7_anc_5-1,0.000138,0.000000,0.000000,0.001105
Q_ind_8_anc_5-1,0.000186,0.000000,0.000000,0.002275
Q_ind_9_anc_5-1,0.000165,0.000000,0.000000,0.001810
Q_ind_10_anc_5-1,0.000102,0.000000,0.000000,0.001015
Q_ind_11_anc_5-1,0.000290,0.000000,0.000000,0.003505
Q_ind_12_anc_5-1,0.000304,0.000000,0.000000,0.004044
Q_ind_13_anc_5-1,0.008446,0.000000,0.000000,0.080548
Q_ind_14_anc_5-1,0.000276,0.000000,0.000000,0.002415
Q_ind_15_anc_5-1,0.001508,0.000000,0.000000,0.024908
Q_ind_16_anc_5-1,0.000966,0.000000,0.000000,0.011998
Q_ind_17_anc_5-1,0.003214,0.000000,0.000000,0.044365
Q_ind_18_anc_5-1,0.005007,0.000000,0.000000,0.065407
Q_ind_19_anc_5-1,0.001985,0.000000,0.000000,0.025622
Q_ind_20_anc_5-1,0.002013,0.000000,0.000000,0.028384
Q_ind_21_anc_5-1,0.000211,0.000000,0.000000,0.002799
Q_ind_22_anc_5-1,0.000544,0.000000,0.000000,0.007611
Q_ind_23_anc_5-1,0.000226,0.000000,0.000000,0.002876
Q_ind_24_anc_5-1,0.002201,0.000000,0.000000,0.024264
Q_ind_25_anc_5-1,0.000716,0.000000,0.000000,0.008899
Q_ind_26_anc_5-1,0.000122,0.000000,0.000000,0.001321
Q_ind_27_anc_5-1,0.000122,0.000000,0.000000,0.001181
Q_ind_28_anc_5-1,0.000276,0.000000,0.000000,0.002485
Q_ind_29_anc_5-1,0.000378,0.000000,0.000000,0.002637
Q_ind_30_anc_5-1,0.000156,0.000000,0.000000,0.001664
Q_ind_31_anc_5-1,0.000394,0.000000,0.000000,0.006072
Q_ind_32_anc_5-1,0.000213,0.000000,0.000000,0.002750
Q_ind_33_anc_5-1,0.000441,0.000000,0.000000,0.006509
Q_ind_34_anc_5-1,0.000151,0.000000,0.000000,0.001514
Q_ind_35_anc_5-1,0.000315,0.000000,0.000000,0.003593
Q_ind_36_anc_5-1,0.000081,0.000000,0.000000,0.000824
Q_ind_37_anc_5-1,0.000414,0.000000,0.000000,0.005462
Q_ind_38_anc_5-1,0.000109,0.000000,0.000000,0.001185
Q_ind_39_anc_5-1,0.025636,0.000000,0.000000,0.177787
Q_ind_40_anc_5-1,0.000574,0.000000,0.000000,0.006976
Q_ind_41_anc_5-1,0.002277,0.000000,0.000000,0.032075
Q_ind_42_anc_5-1,0.000197,0.000000,0.000000,0.002008
Q_ind_43_anc_5-1,0.001492,0.000000,0.000000,0.019707
Q_ind_44_anc_5-1,0.000108,0.000000,0.000000,0.001072
Q_ind_45_anc_5-1,0.000187,0.000000,0.000000,0.001877
Q_ind_46_anc_5-1,0.000186,0.000000,0.000000,0.001722
Q_ind_47_anc_5-1,0.001157,0.000000,0.000000,0.012672
Q_ind_48_anc_5-1,0.000255,0.000000,0.000000,0.003013
Q_ind_49_anc_5-1,0.000151,0.000000,0.000000,0.001539
Q_ind_50_anc_5-1,0.000310,0.000000,0.000000,0.004371
Q_ind_51_anc_5-1,0.003927,0.000000,0.000000,0.044259
Q_ind_52_anc_5-1,0.000349,0.000000,0.000000,0.004344
Q_ind_53_anc_5-1,0.000538,0.000000,0.000000,0.007762
Q_ind_54_anc_5-1,0.003172,0.000000,0.000000,0.041551
Q_ind_55_anc_5-1,0.000333,0.000000,0.000000,0.003432
Q_ind_56_anc_5-1,0.000546,0.000000,0.000000,0.007828
Q_ind_57_anc_5-1,0.000934,0.000000,0.000000,0.012723
Q_ind_58_anc_5-1,0.000468,0.000000,0.000000,0.006522
Q_ind_59_anc_5-1,0.000298,0.000000,0.000000,0.003919
Q_ind_60_anc_5-1,0.001305,0.000000,0.000000,0.018372
Q_ind_61_anc_5-1,0.000225,0.000000,0.000000,0.002402
Q_ind_62_anc_5-1,0.000813,0.000000,0.000000,0.013445
Q_ind_63_anc_5-1,0.000064,0.000000,0.000000,0.000713
Q_ind_64_anc_5-1,0.000081,0.000000,0.000000,0.000721
Q_ind_65_anc_5-1,0.000054,0.000000,0.000000,0.000450
Q_ind_66_anc_5-1,0.000090,0.000000,0.000000,0.001019
Q_ind_67_anc_5-1,0.000048,0.000000,0.000000,0.000339
Q_ind_68_anc_5-1,0.000319,0.000000,0.000000,0.003067
Q_ind_69_anc_5-1,0.000377,0.000000,0.000000,0.004348
Q_ind_70_anc_5-1,0.000526,0.000000,0.000000,0.006417
Q_ind_71_anc_5-1,0.000205,0.000000,0.000000,0.001974
Q_ind_72_anc_5-1,0.001023,0.000000,0.000000,0.015542
Q_ind_73_anc_5-1,0.001472,0.000000,0.000000,0.024936
Q_ind_74_anc_5-1,0.003155,0.000000,0.000000,0.037188
Q_ind_75_anc_5-1,0.000611,0.000000,0.000000,0.007344
Q_ind_76_anc_5-1,0.000352,0.000000,0.000000,0.003985
Q_ind_77_anc_5-1,0.000223,0.000000,0.000000,0.002934
Q_ind_78_anc_5-1,0.000145,0.000000,0.000000,0.001635
Q_ind_79_anc_5-1,0.000347,0.000000,0.000000,0.004502
Q_ind_80_anc_5-1,0.000197,0.000000,0.000000,0.002050
Q_ind_81_anc_5-1,0.000467,0.000000,0.000000,0.005248
Q_ind_82_anc_5-1,0.000496,0.000000,0.000000,0.006734
Q_ind_83_anc_5-1,0.000076,0.000000,0.000000,0.000783
Q_ind_84_anc_5-1,0.000202,0.000000,0.000000,0.002085
Q_ind_85_anc_5-1,0.000289,0.000000,0.000000,0.003740
Q_ind_86_anc_5-1,0.000195,0.000000,0.000000,0.002028
Q_ind_87_anc_5-1,0.000103,0.000000,0.000000,0.001218
Q_ind_88_anc_5-1,0.000259,0.000000,0.000000,0.002355
Q_ind_89_anc_5-1,0.000597,0.000000,0.000000,0.007895
Q_ind_90_anc_5-1,0.000855,0.000000,0.000000,0.008658
Q_ind_91_anc_5-1,0.000453,0.000000,0.000000,0.005671
Q_ind_92_anc_5-1,0.000792,0.000000,0.000000,0.010403
Q_ind_93_anc_5-1,0.006860,0.000000,0.000000,0.090691
Q_ind_94_anc_5-1,0.001224,0.000000,0.000000,0.015851
Q_ind_95_anc_5-1,0.000708,0.000000,0.000000,0.009713
Q_ind_96_anc_5-1,0.000220,0.000000,0.000000,0.002366
Q_ind_97_anc_5-1,0.000213,0.000000,0.000000,0.002007
Q_ind_98_anc_5-1,0.016619,0.000000,0.000000,0.088200
Q_ind_99_anc_5-1,0.067030,0.079163,0.000000,0.140054
Q_ind_100_anc_5-1,0.000090,0.000000,0.000000,0.000865
Q_ind_101_anc_5-1,0.000098,0.000000,0.000000,0.000861
Q_ind_102_anc_5-1,0.000080,0.000000,0.000000,0.000829
Q_ind_103_anc_5-1,0.000136,0.000000,0.000000,0.001317
Q_ind_104_anc_5-1,0.000088,0.000000,0.000000,0.001062
Q_ind_105_anc_5-1,0.006481,0.000000,0.000000,0.061388
Q_ind_106_anc_5-1,0.000614,0.000000,0.000000,0.008870
Q_ind_107_anc_5-1,0.000340,0.000000,0.000000,0.002981
Q_ind_108_anc_5-1,0.000339,0.000000,0.000000,0.004142
Q_ind_109_anc_5-1,0.000386,0.000000,0.000000,0.003142
Q_ind_110_anc_5-1,0.001009,0.000000,0.000000,0.015258
Q_ind_111_anc_5-1,0.001198,0.000000,0.000000,0.017013
Q_ind_112_anc_5-1,0.018581,0.000000,0.000000,0.122205
Q_ind_113_anc_5-1,0.000410,0.000000,0.000000,0.005671
Q_ind_114_anc_5-1,0.000805,0.000000,0.000000,0.010582
Q_ind_115_anc_5-1,0.000311,0.000000,0.000000,0.003228
Q_ind_116_anc_5-1,0.000394,0.000000,0.000000,0.004840
Q_ind_117_anc_5-1,0.000182,0.000000,0.000000,0.001578
Q_ind_118_anc_5-1,0.000288,0.000000,0.000000,0.002939
Q_ind_119_anc_5-1,0.000150,0.000000,0.000000,0.001445
Q_ind_120_anc_5-1,0.000110,0.000000,0.000000,0.001167
Q_ind_121_anc_5-1,0.000413,0.000000,0.000000,0.005065
Q_ind_122_anc_5-1,0.000094,0.000000,0.000000,0.000895
Q_ind_123_anc_5-1,0.000061,0.000000,0.000000,0.000594
Q_ind_124_anc_5-1,0.003077,0.000000,0.000000,0.045912
Q_ind_125_anc_5-1,0.000117,0.000000,0.000000,0.001076
Q_ind_126_anc_5-1,0.000496,0.000000,0.000000,0.005523
Q_ind_127_anc_5-1,0.000909,0.000000,0.000000,0.009153
Q_ind_128_anc_5-1,0.000531,0.000000,0.000000,0.007375
Q_ind_129_anc_5-1,0.000782,0.000000,0.000000,0.012303
Q_ind_130_anc_5-1,0.000564,0.000000,0.000000,0.006763
Q_ind_131_anc_5-1,0.000300,0.000000,0.000000,0.002469
Q_ind_132_anc_5-1,0.000334,0.000000,0.000000,0.004037
Q_ind_133_anc_5-1,0.000427,0.000000,0.000000,0.005496
Q_ind_134_anc_5-1,0.000857,0.000000,0.000000,0.012045
Q_ind_135_anc_5-1,0.000160,0.000000,0.000000,0.001243
Q_ind_136_anc_5-1,0.000296,0.000000,0.000000,0.003307
Q_ind_137_anc_5-1,0.000314,0.000000,0.000000,0.003564
Q_ind_138_anc_5-1,0.000223,0.000000,0.000000,0.002472
Q_ind_139_anc_5-1,0.003424,0.000000,0.000000,0.038460
Q_ind_140_anc_5-1,0.000423,0.000000,0.000000,0.004890
Q_ind_141_anc_5-1,0.000299,0.000000,0.000000,0.002386
Q_ind_142_anc_5-1,0.001278,0.000000,0.000000,0.017851
Q_ind_143_anc_5-1,0.001063,0.000000,0.000000,0.014081
Q_ind_144_anc_5-1,0.000567,0.000000,0.000000,0.007506
Q_ind_145_anc_5-1,0.000078,0.000000,0.000000,0.000882
Q_ind_146_anc_5-1,0.000302,0.000000,0.000000,0.003595
Q_ind_147_anc_5-1,0.000274,0.000000,0.000000,0.002711
Q_ind_148_anc_5-1,0.000132,0.000000,0.000000,0.001482
Q_ind_149_anc_5-1,0.000311,0.000000,0.000000,0.003366
Q_ind_150_anc_5-1,0.000262,0.000000,0.000000,0.002622
Q_ind_151_anc_5-1,0.000364,0.000000,0.000000,0.005276
Q_ind_152_anc_5-1,0.000052,0.000000,0.000000,0.000634
Q_ind_153_anc_5-1,0.000191,0.000000,0.000000,0.002163
Q_ind_154_anc_5-1,0.000200,0.000000,0.000000,0.002190
Q_ind_155_anc_5-1,0.000137,0.000000,0.000000,0.001039
Q_ind_156_anc_5-1,0.000143,0.000000,0.000000,0.001490
Q_ind_157_anc_5-1,0.000365,0.000000,0.000000,0.005508
Q_ind_158_anc_5-1,0.000454,0.000000,0.000000,0.005153
Q_ind_159_anc_5-1,0.000390,0.000000,0.000000,0.005845
Q_ind_160_anc_5-1,0.000110,0.000000,0.000000,0.001100
Q_ind_161_anc_5-1,0.000207,0.000000,0.000000,0.002433
Q_ind_162_anc_5-1,0.000130,0.000000,0.000000,0.001361
Q_ind_163_anc_5-1,0.000183,0.000000,0.000000,0.001720
Q_ind_164_anc_5-1,0.000242,0.000000,0.000000,0.002907
Q_ind_165_anc_5-1,0.000296,0.000000,0.000000,0.003578
Q_ind_166_anc_5-1,0.000260,0.000000,0.000000,0.002577
Q_ind_167_anc_5-1,0.000451,0.000000,0.000000,0.004535
Q_ind_168_anc_5-1,0.002124,0.000000,0.000000,0.028778
Q_ind_169_anc_5-1,0.000234,0.000000,0.000000,0.002529
Q_ind_170_anc_5-1,0.000107,0.000000,0.000000,0.000900
Q_ind_171_anc_5-1,0.000099,0.000000,0.000000,0.001167
Q_ind_172_anc_5-1,0.000289,0.000000,0.000000,0.003265
Q_ind_173_anc_5-1,0.000108,0.000000,0.000000,0.001082
Q_ind_174_anc_5-1,0.000136,0.000000,0.000000,0.001002
Q_ind_175_anc_5-1,0.002104,0.000000,0.000000,0.032154
Q_ind_176_anc_5-1,0.000097,0.000000,0.000000,0.000870
Q_ind_177_anc_5-1,0.000365,0.000000,0.000000,0.004284
Q_ind_178_anc_5-1,0.000125,0.000000,0.000000,0.001332
Q_ind_179_anc_5-1,0.000348,0.000000,0.000000,0.005186
Q_ind_180_anc_5-1,0.000086,0.000000,0.000000,0.000778
Q_ind_181_anc_5-1,0.004369,0.000000,0.000000,0.066007
Q_ind_182_anc_5-1,0.000272,0.000000,0.000000,0.002169
Q_ind_183_anc_5-1,0.000147,0.000000,0.000000,0.001676
Q_ind_184_anc_5-1,0.000358,0.000000,0.000000,0.004841
Q_ind_185_anc_5-1,0.000283,0.000000,0.000000,0.003211
Q_ind_186_anc_5-1,0.000782,0.000000,0.000000,0.012055
Q_ind_187_anc_5-1,0.000821,0.000000,0.000000,0.009667
Q_ind_188_anc_5-1,0.001021,0.000000,0.000000,0.015522
Q_ind_189_anc_5-1,0.000168,0.000000,0.000000,0.001097
Q_ind_190_anc_5-1,0.001156,0.000000,0.000000,0.014133
Q_ind_191_anc_5-1,0.000213,0.000000,0.000000,0.002224
Q_ind_192_anc_5-1,0.000090,0.000000,0.000000,0.000898
Q_ind_193_anc_5-1,0.000148,0.000000,0.000000,0.001441
Q_ind_194_anc_5-1,0.000028,0.000000,0.000000,0.000261
Q_ind_195_anc_5-1,0.000070,0.000000,0.000000,0.000676
Q_ind_196_anc_5-1,0.000034,0.000000,0.000000,0.000324
Q_ind_197_anc_5-1,0.000037,0.000000,0.000000,0.000424
Q_ind_198_anc_5-1,0.000040,0.000000,0.000000,0.000416
Q_ind_199_anc_5-1,0.000070,0.000000,0.000000,0.000709
Q_ind_200_anc_5-1,0.000050,0.000000,0.000000,0.000531
Q_ind_201_anc_5-1,0.000237,0.000000,0.000000,0.002659
Q_ind_202_anc_5-1,0.000075,0.000000,0.000000,0.000799
Q_ind_203_anc_5-1,0.000191,0.000000,0.000000,0.001720
Q_ind_204_anc_5-1,0.000165,0.000000,0.000000,0.001855
Q_ind_205_anc_5-1,0.000126,0.000000,0.000000,0.001210
Q_ind_206_anc_5-1,0.000312,0.000000,0.000000,0.003302
Q_ind_207_anc_5-1,0.000610,0.000000,0.000000,0.008067
Q_ind_208_anc_5-1,0.000545,0.000000,0.000000,0.004364
Q_ind_209_anc_5-1,0.000115,0.000000,0.000000,0.000962
Q_ind_210_anc_5-1,0.000230,0.000000,0.000000,0.002686
Q_ind_211_anc_5-1,0.000132,0.000000,0.000000,0.000992
Q_ind_212_anc_5-1,0.000457,0.000000,0.000000,0.007171
Q_ind_213_anc_5-1,0.012883,0.000000,0.000000,0.074162
Q_ind_214_anc_5-1,0.001045,0.000000,0.000000,0.014481
Q_ind_215_anc_5-1,0.000277,0.000000,0.000000,0.003570
Q_ind_216_anc_5-1,0.000553,0.000000,0.000000,0.007542
Q_ind_217_anc_5-1,0.000396,0.000000,0.000000,0.005407
Q_ind_218_anc_5-1,0.000974,0.000000,0.000000,0.013828
Q_ind_219_anc_5-1,0.001188,0.000000,0.000000,0.014781
Q_ind_220_anc_5-1,0.006817,0.000000,0.000000,0.072584
Q_ind_221_anc_5-1,0.000439,0.000000,0.000000,0.002858
Q_ind_222_anc_5-1,0.001921,0.000000,0.000000,0.028994
Q_ind_223_anc_5-1,0.000200,0.000000,0.000000,0.001927
Q_ind_224_anc_5-1,0.000135,0.000000,0.000000,0.001398
Q_ind_225_anc_5-1,0.006122,0.000000,0.000000,0.059353
Q_ind_226_anc_5-1,0.000291,0.000000,0.000000,0.003558
Q_ind_227_anc_5-1,0.000283,0.000000,0.000000,0.002871
Q_ind_228_anc_5-1,0.000445,0.000000,0.000000,0.005087
Q_ind_229_anc_5-1,0.000218,0.000000,0.000000,0.002033
Q_ind_230_anc_5-1,0.000271,0.000000,0.000000,0.002854
Q_ind_231_anc_5-1,0.000418,0.000000,0.000000,0.004959
Q_ind_232_anc_5-1,0.001740,0.000000,0.000000,0.023991
Q_ind_233_anc_5-1,0.003094,0.000000,0.000000,0.040281
Q_ind_234_anc_5-1,0.000117,0.000000,0.000000,0.001087
Q_ind_235_anc_5-1,0.004842,0.000000,0.000000,0.052233
Q_ind_236_anc_5-1,0.000128,0.000000,0.000000,0.001226
Q_ind_237_anc_5-1,0.000289,0.000000,0.000000,0.003087
Q_ind_238_anc_5-1,0.002523,0.000000,0.000000,0.030710
Q_ind_239_anc_5-1,0.000479,0.000000,0.000000,0.005080
Q_ind_240_anc_5-1,0.001620,0.000000,0.000000,0.026681
Q_ind_241_anc_5-1,0.000413,0.000000,0.000000,0.005299
Q_ind_242_anc_5-1,0.000169,0.000000,0.000000,0.001959
Q_ind_243_anc_5-1,0.001262,0.000000,0.000000,0.018196
Q_ind_244_anc_5-1,0.000144,0.000000,0.000000,0.001661
Q_ind_245_anc_5-1,0.000384,0.000000,0.000000,0.004348
Q_ind_1_anc_5-2,0.000100,0.000000,0.000000,0.001149
Q_ind_2_anc_5-2,0.000061,0.000000,0.000000,0.000631
Q_ind_3_anc_5-2,0.000152,0.000000,0.000000,0.001620
Q_ind_4_anc_5-2,0.000076,0.000000,0.000000,0.000857
Q_ind_5_anc_5-2,0.000094,0.000000,0.000000,0.000981
Q_ind_6_anc_5-2,0.000140,0.000000,0.000000,0.001444
Q_ind_7_anc_5-2,0.000085,0.000000,0.000000,0.000728
Q_ind_8_anc_5-2,0.000062,0.000000,0.000000,0.000647
Q_ind_9_anc_5-2,0.000076,0.000000,0.000000,0.000608
Q_ind_10_anc_5-2,0.000053,0.000000,0.000000,0.000607
Q_ind_11_anc_5-2,0.000184,0.000000,0.000000,0.002173
Q_ind_12_anc_5-2,0.000173,0.000000,0.000000,0.002121
Q_ind_13_anc_5-2,0.001645,0.000000,0.000000,0.025498
Q_ind_14_anc_5-2,0.003229,0.000000,0.000000,0.043880
Q_ind_15_anc_5-2,0.000750,0.000000,0.000000,0.005696
Q_ind_16_anc_5-2,0.002405,0.000000,0.000000,0.039261
Q_ind_17_anc_5-2,0.001112,0.000000,0.000000,0.015370
Q_ind_18_anc_5-2,0.005172,0.000000,0.000000,0.054227
Q_ind_19_anc_5-2,0.001961,0.000000,0.000000,0.026580
Q_ind_20_anc_5-2,0.000307,0.000000,0.000000,0.003233
Q_ind_21_anc_5-2,0.000167,0.000000,0.000000,0.001816
Q_ind_22_anc_5-2,0.000274,0.000000,0.000000,0.002701
Q_ind_23_anc_5-2,0.000160,0.000000,0.000000,0.001427
Q_ind_24_anc_5-2,0.000204,0.000000,0.000000,0.002078
Q_ind_25_anc_5-2,0.000229,0.000000,0.000000,0.002442
Q_ind_26_anc_5-2,0.000154,0.000000,0.000000,0.001707
Q_ind_27_anc_5-2,0.000318,0.000000,0.000000,0.004372
Q_ind_28_anc_5-2,0.000121,0.000000,0.000000,0.001157
Q_ind_29_anc_5-2,0.000903,0.000000,0.000000,0.014011
Q_ind_30_anc_5-2,0.000089,0.000000,0.000000,0.001043
Q_ind_31_anc_5-2,0.000120,0.000000,0.000000,0.001489
Q_ind_32_anc_5-2,0.000109,0.000000,0.000000,0.001066
Q_ind_33_anc_5-2,0.000102,0.000000,0.000000,0.001061
Q_ind_34_anc_5-2,0.000114,0.000000,0.000000,0.001048
Q_ind_35_anc_5-2,0.000132,0.000000,0.000000,0.001763
Q_ind_36_anc_5-2,0.000065,0.000000,0.000000,0.000463
Q_ind_37_anc_5-2,0.000264,0.000000,0.000000,0.003716
Q_ind_38_anc_5-2,0.000068,0.000000,0.000000,0.000680
Q_ind_39_anc_5-2,0.000374,0.000000,0.000000,0.004716
Q_ind_40_anc_5-2,0.001004,0.000000,0.000000,0.014968
Q_ind_41_anc_5-2,0.000163,0.000000,0.000000,0.001299
Q_ind_42_anc_5-2,0.004189,0.000000,0.000000,0.052020
Q_ind_43_anc_5-2,0.004111,0.000000,0.000000,0.087875
Q_ind_44_anc_5-2,0.001335,0.000000,0.000000,0.020626
Q_ind_45_anc_5-2,0.001792,0.000000,0.000000,0.023458
Q_ind_46_anc_5-2,0.010159,0.000000,0.000000,0.114220
Q_ind_47_anc_5-2,0.006696,0.000000,0.000000,0.102497
Q_ind_48_anc_5-2,0.002038,0.000000,0.000000,0.032150
Q_ind_49_anc_5-2,0.000438,0.000000,0.000000,0.005286
Q_ind_50_anc_5-2,0.002549,0.000000,0.000000,0.032933
Q_ind_51_anc_5-2,0.015104,0.000000,0.000000,0.122951
Q_ind_52_anc_5-2,0.001332,0.000000,0.000000,0.016813
Q_ind_53_anc_5-2,0.000223,0.000000,0.000000,0.002204
Q_ind_54_anc_5-2,0.000985,0.000000,0.000000,0.011832
Q_ind_55_anc_5-2,0.000829,0.000000,0.000000,0.008137
Q_ind_56_anc_5-2,0.011659,0.000000,0.000000,0.100544
Q_ind_57_anc_5-2,0.000356,0.000000,0.000000,0.003791
Q_ind_58_anc_5-2,0.000599,0.000000,0.000000,0.006520
Q_ind_59_anc_5-2,0.001978,0.000000,0.000000,0.028521
Q_ind_60_anc_5-2,0.001465,0.000000,0.000000,0.020036
Q_ind_61_anc_5-2,0.003431,0.000000,0.000000,0.044031
Q_ind_62_anc_5-2,0.023239,0.000000,0.000000,0.153113
Q_ind_63_anc_5-2,0.000048,0.000000,0.000000,0.000482
Q_ind_64_anc_5-2,0.000045,0.000000,0.000000,0.000421
Q_ind_65_anc_5-2,0.000128,0.000000,0.000000,0.001369
Q_ind_66_anc_5-2,0.000064,0.000000,0.000000,0.000573
Q_ind_67_anc_5-2,0.000041,0.000000,0.000000,0.000410
Q_ind_68_anc_5-2,0.000390,0.000000,0.000000,0.005009
Q_ind_69_anc_5-2,0.000590,0.000000,0.000000,0.006942
Q_ind_70_anc_5-2,0.004703,0.000000,0.000000,0.056274
Q_ind_71_anc_5-2,0.004659,0.000000,0.000000,0.053282
Q_ind_72_anc_5-2,0.000462,0.000000,0.000000,0.005101
Q_ind_73_anc_5-2,0.000909,0.000000,0.000000,0.012137
Q_ind_74_anc_5-2,0.001277,0.000000,0.000000,0.018467
Q_ind_75_anc_5-2,0.000425,0.000000,0.000000,0.004670
Q_ind_76_anc_5-2,0.000590,0.000000,0.000000,0.006657
Q_ind_77_anc_5-2,0.000100,0.000000,0.000000,0.000577
Q_ind_78_anc_5-2,0.000071,0.000000,0.000000,0.000681
Q_ind_79_anc_5-2,0.000315,0.000000,0.000000,0.003675
Q_ind_80_anc_5-2,0.000093,0.000000,0.000000,0.001019
Q_ind_81_anc_5-2,0.000214,0.000000,0.000000,0.002638
Q_ind_82_anc_5-2,0.000278,0.000000,0.000000,0.003728
Q_ind_83_anc_5-2,0.000186,0.000000,0.000000,0.001552
Q_ind_84_anc_5-2,0.000110,0.000000,0.000000,0.001084
Q_ind_85_anc_5-2,0.000120,0.000000,0.000000,0.001265
Q_ind_86_anc_5-2,0.000152,0.000000,0.000000,0.001481
Q_ind_87_anc_5-2,0.000072,0.000000,0.000000,0.000728
Q_ind_88_anc_5-2,0.000163,0.000000,0.000000,0.001724
Q_ind_89_anc_5-2,0.000178,0.000000,0.000000,0.001776
Q_ind_90_anc_5-2,0.000193,0.000000,0.000000,0.001876
Q_ind_91_anc_5-2,0.000455,0.000000,0.000000,0.006110
Q_ind_92_anc_5-2,0.000432,0.000000,0.000000,0.004009
Q_ind_93_anc_5-2,0.003477,0.000000,0.000000,0.039865
Q_ind_94_anc_5-2,0.000173,0.000000,0.000000,0.001423
Q_ind_95_anc_5-2,0.000696,0.000000,0.000000,0.009183
Q_ind_96_anc_5-2,0.000951,0.000000,0.000000,0.013455
Q_ind_97_anc_5-2,0.000238,0.000000,0.000000,0.001732
Q_ind_98_anc_5-2,0.001711,0.000000,0.000000,0.025002
Q_ind_99_anc_5-2,0.000144,0.000000,0.000000,0.001766
Q_ind_100_anc_5-2,0.000121,0.000000,0.000000,0.001190
Q_ind_101_anc_5-2,0.000120,0.000000,0.000000,0.001400
Q_ind_102_anc_5-2,0.000135,0.000000,0.000000,0.001795
Q_ind_103_anc_5-2,0.000298,0.000000,0.000000,0.002860
Q_ind_104_anc_5-2,0.000144,0.000000,0.000000,0.001569
Q_ind_105_anc_5-2,0.001521,0.000000,0.000000,0.020918
Q_ind_106_anc_5-2,0.004188,0.000000,0.000000,0.042538
Q_ind_107_anc_5-2,0.000127,0.000000,0.000000,0.001301
Q_ind_108_anc_5-2,0.000173,0.000000,0.000000,0.001852
Q_ind_109_anc_5-2,0.000297,0.000000,0.000000,0.002281
Q_ind_110_anc_5-2,0.000199,0.000000,0.000000,0.001919
Q_ind_111_anc_5-2,0.000254,0.000000,0.000000,0.002927
Q_ind_112_anc_5-2,0.011042,0.000000,0.000000,0.115605
Q_ind_113_anc_5-2,0.000170,0.000000,0.000000,0.001442
Q_ind_114_anc_5-2,0.001504,0.000000,0.000000,0.020962
Q_ind_115_anc_5-2,0.001084,0.000000,0.000000,0.014735
Q_ind_116_anc_5-2,0.000558,0.000000,0.000000,0.008652
Q_ind_117_anc_5-2,0.000165,0.000000,0.000000,0.001704
Q_ind_118_anc_5-2,0.001047,0.000000,0.000000,0.011610
Q_ind_119_anc_5-2,0.001168,0.000000,0.000000,0.015776
Q_ind_120_anc_5-2,0.000112,0.000000,0.000000,0.000969
Q_ind_121_anc_5-2,0.000225,0.000000,0.000000,0.002825
Q_ind_122_anc_5-2,0.000265,0.000000,0.000000,0.002213
Q_ind_123_anc_5-2,0.000130,0.000000,0.000000,0.001137
Q_ind_124_anc_5-2,0.001820,0.000000,0.000000,0.028669
Q_ind_125_anc_5-2,0.000121,0.000000,0.000000,0.001250
Q_ind_126_anc_5-2,0.000272,0.000000,0.000000,0.003131
Q_ind_127_anc_5-2,0.000298,0.000000,0.000000,0.003102
Q_ind_128_anc_5-2,0.000187,0.000000,0.000000,0.002015
Q_ind_129_anc_5-2,0.000600,0.000000,0.000000,0.008819
Q_ind_130_anc_5-2,0.000507,0.000000,0.000000,0.007476
Q_ind_131_anc_5-2,0.000097,0.000000,0.000000,0.001039
Q_ind_132_anc_5-2,0.000077,0.000000,0.000000,0.000595
Q_ind_133_anc_5-2,0.000182,0.000000,0.000000,0.001948
Q_ind_134_anc_5-2,0.000433,0.000000,0.000000,0.004987
Q_ind_135_anc_5-2,0.000512,0.000000,0.000000,0.006878
Q_ind_136_anc_5-2,0.003115,0.000000,0.000000,0.047147
Q_ind_137_anc_5-2,0.000505,0.000000,0.000000,0.005941
Q_ind_138_anc_5-2,0.000120,0.000000,0.000000,0.001483
Q_ind_139_anc_5-2,0.004212,0.000000,0.000000,0.045326
Q_ind_140_anc_5-2,0.000404,0.000000,0.000000,0.004765
Q_ind_141_anc_5-2,0.000728,0.000000,0.000000,0.010198
Q_ind_142_anc_5-2,0.000137,0.000000,0.000000,0.001385
Q_ind_143_anc_5-2,0.000411,0.000000,0.000000,0.005027
Q_ind_144_anc_5-2,0.000919,0.000000,0.000000,0.014286
Q_ind_145_anc_5-2,0.000058,0.000000,0.000000,0.000533
Q_ind_146_anc_5-2,0.000140,0.000000,0.000000,0.001546
Q_ind_147_anc_5-2,0.000104,0.000000,0.000000,0.001122
Q_ind_148_anc_5-2,0.000163,0.000000,0.000000,0.002249
Q_ind_149_anc_5-2,0.000276,0.000000,0.000000,0.002900
Q_ind_150_anc_5-2,0.000166,0.000000,0.000000,0.002204
Q_ind_151_anc_5-2,0.000111,0.000000,0.000000,0.001032
Q_ind_152_anc_5-2,0.000083,0.000000,0.000000,0.000859
Q_ind_153_anc_5-2,0.000079,0.000000,0.000000,0.000824
Q_ind_154_anc_5-2,0.000292,0.000000,0.000000,0.003597
Q_ind_155_anc_5-2,0.000170,0.000000,0.000000,0.001934
Q_ind_156_anc_5-2,0.000154,0.000000,0.000000,0.001650
Q_ind_157_anc_5-2,0.000164,0.000000,0.000000,0.001624
Q_ind_158_anc_5-2,0.000087,0.000000,0.000000,0.000931
Q_ind_159_anc_5-2,0.000082,0.000000,0.000000,0.000793
Q_ind_160_anc_5-2,0.000067,0.000000,0.000000,0.000763
Q_ind_161_anc_5-2,0.000198,0.000000,0.000000,0.002057
Q_ind_162_anc_5-2,0.000063,0.000000,0.000000,0.000583
Q_ind_163_anc_5-2,0.000115,0.000000,0.000000,0.001274
Q_ind_164_anc_5-2,0.000141,0.000000,0.000000,0.001221
Q_ind_165_anc_5-2,0.000529,0.000000,0.000000,0.007377
Q_ind_166_anc_5-2,0.000251,0.000000,0.000000,0.002135
Q_ind_167_anc_5-2,0.000361,0.000000,0.000000,0.004096
Q_ind_168_anc_5-2,0.000881,0.000000,0.000000,0.010755
Q_ind_169_anc_5-2,0.000084,0.000000,0.000000,0.000964
Q_ind_170_anc_5-2,0.000179,0.000000,0.000000,0.002042
Q_ind_171_anc_5-2,0.000137,0.000000,0.000000,0.001560
Q_ind_172_anc_5-2,0.000422,0.000000,0.000000,0.005202
Q_ind_173_anc_5-2,0.000258,0.000000,0.000000,0.002531
Q_ind_174_anc_5-2,0.000197,0.000000,0.000000,0.002002
Q_ind_175_anc_5-2,0.000313,0.000000,0.000000,0.002885
Q_ind_176_anc_5-2,0.000230,0.000000,0.000000,0.002082
Q_ind_177_anc_5-2,0.000187,0.000000,0.000000,0.001776
Q_ind_178_anc_5-2,0.000235,0.000000,0.000000,0.003369
Q_ind_179_anc_5-2,0.000070,0.000000,0.000000,0.000697
Q_ind_180_anc_5-2,0.000059,0.000000,0.000000,0.000617
Q_ind_181_anc_5-2,0.000199,0.000000,0.000000,0.001664
Q_ind_182_anc_5-2,0.000074,0.000000,0.000000,0.000701
Q_ind_183_anc_5-2,0.000089,0.000000,0.000000,0.000845
Q_ind_184_anc_5-2,0.000168,0.000000,0.000000,0.001518
Q_ind_185_anc_5-2,0.000151,0.000000,0.000000,0.001765
Q_ind_186_anc_5-2,0.000959,0.000000,0.000000,0.013864
Q_ind_187_anc_5-2,0.000568,0.000000,0.000000,0.006319
Q_ind_188_anc_5-2,0.000532,0.000000,0.000000,0.005636
Q_ind_189_anc_5-2,0.000240,0.000000,0.000000,0.002563
Q_ind_190_anc_5-2,0.000431,0.000000,0.000000,0.005028
Q_ind_191_anc_5-2,0.000181,0.000000,0.000000,0.001815
Q_ind_192_anc_5-2,0.000096,0.000000,0.000000,0.001117
Q_ind_193_anc_5-2,0.000103,0.000000,0.000000,0.000869
Q_ind_194_anc_5-2,0.000035,0.000000,0.000000,0.000307
Q_ind_195_anc_5-2,0.000049,0.000000,0.000000,0.000501
Q_ind_196_anc_5-2,0.000037,0.000000,0.000000,0.000374
Q_ind_197_anc_5-2,0.000037,0.000000,0.000000,0.000378
Q_ind_198_anc_5-2,0.000029,0.000000,0.000000,0.000292
Q_ind_199_anc_5-2,0.000036,0.000000,0.000000,0.000327
Q_ind_200_anc_5-2,0.000035,0.000000,0.000000,0.000295
Q_ind_201_anc_5-2,0.000158,0.000000,0.000000,0.001663
Q_ind_202_anc_5-2,0.000051,0.000000,0.000000,0.000451
Q_ind_203_anc_5-2,0.000071,0.000000,0.000000,0.000533
Q_ind_204_anc_5-2,0.000206,0.000000,0.000000,0.002039
Q_ind_205_anc_5-2,0.000242,0.000000,0.000000,0.002248
Q_ind_206_anc_5-2,0.000171,0.000000,0.000000,0.001793
Q_ind_207_anc_5-2,0.002239,0.000000,0.000000,0.026129
Q_ind_208_anc_5-2,0.000137,0.000000,0.000000,0.001262
Q_ind_209_anc_5-2,0.000132,0.000000,0.000000,0.001409
Q_ind_210_anc_5-2,0.000151,0.000000,0.000000,0.001175
Q_ind_211_anc_5-2,0.000111,0.000000,0.000000,0.001298
Q_ind_212_anc_5-2,0.000667,0.000000,0.000000,0.007505
Q_ind_213_anc_5-2,0.001931,0.000000,0.000000,0.027810
Q_ind_214_anc_5-2,0.002003,0.000000,0.000000,0.024548
Q_ind_215_anc_5-2,0.000370,0.000000,0.000000,0.004408
Q_ind_216_anc_5-2,0.000548,0.000000,0.000000,0.007252
Q_ind_217_anc_5-2,0.000410,0.000000,0.000000,0.004985
Q_ind_218_anc_5-2,0.000098,0.000000,0.000000,0.001150
Q_ind_219_anc_5-2,0.012568,0.000000,0.000000,0.066239
Q_ind_220_anc_5-2,0.000480,0.000000,0.000000,0.004683
Q_ind_221_anc_5-2,0.000434,0.000000,0.000000,0.004687
Q_ind_222_anc_5-2,0.001882,0.000000,0.000000,0.031804
Q_ind_223_anc_5-2,0.000209,0.000000,0.000000,0.002668
Q_ind_224_anc_5-2,0.000112,0.000000,0.000000,0.001149
Q_ind_225_anc_5-2,0.000907,0.000000,0.000000,0.012059
Q_ind_226_anc_5-2,0.000270,0.000000,0.000000,0.003339
Q_ind_227_anc_5-2,0.000746,0.000000,0.000000,0.008832
Q_ind_228_anc_5-2,0.001267,0.000000,0.000000,0.016194
Q_ind_229_anc_5-2,0.000154,0.000000,0.000000,0.001787
Q_ind_230_anc_5-2,0.000761,0.000000,0.000000,0.010277
Q_ind_231_anc_5-2,0.000147,0.000000,0.000000,0.001549
Q_ind_232_anc_5-2,0.000493,0.000000,0.000000,0.006811
Q_ind_233_anc_5-2,0.000469,0.000000,0.000000,0.006947
Q_ind_234_anc_5-2,0.039808,0.016923,0.000000,0.136318
Q_ind_235_anc_5-2,0.003188,0.000000,0.000000,0.048976
Q_ind_236_anc_5-2,0.000449,0.000000,0.000000,0.003229
Q_ind_237_anc_5-2,0.000494,0.000000,0.000000,0.004216
Q_ind_238_anc_5-2,0.020285,0.000006,0.000000,0.090377
Q_ind_239_anc_5-2,0.010188,0.000000,0.000000,0.114930
Q_ind_240_anc_5-2,0.101427,0.109019,0.000000,0.180255
Q_ind_241_anc_5-2,0.010124,0.000000,0.000000,0.082910
Q_ind_242_anc_5-2,0.003907,0.000000,0.000000,0.066527
Q_ind_243_anc_5-2,0.066354,0.066038,0.000000,0.132356
Q_ind_244_anc_5-2,0.000995,0.000000,0.000000,0.014146
Q_ind_245_anc_5-2,0.085244,0.086910,0.000000,0.151233
Q_ind_1_anc_5-3,0.000146,0.000000,0.000000,0.001471
Q_ind_2_anc_5-3,0.000121,0.000000,0.000000,0.000728
Q_ind_3_anc_5-3,0.000157,0.000000,0.000000,0.001580
Q_ind_4_anc_5-3,0.000183,0.000000,0.000000,0.002240
Q_ind_5_anc_5-3,0.000225,0.000000,0.000000,0.002489
Q_ind_6_anc_5-3,0.000231,0.000000,0.000000,0.002861
Q_ind_7_anc_5-3,0.000113,0.000000,0.000000,0.001138
Q_ind_8_anc_5-3,0.000135,0.000000,0.000000,0.001476
Q_ind_9_anc_5-3,0.000311,0.000000,0.000000,0.004203
Q_ind_10_anc_5-3,0.000066,0.000000,0.000000,0.000474
Q_ind_11_anc_5-3,0.000124,0.000000,0.000000,0.001058
Q_ind_12_anc_5-3,0.000516,0.000000,0.000000,0.005282
Q_ind_13_anc_5-3,0.000975,0.000000,0.000000,0.015687
Q_ind_14_anc_5-3,0.007192,0.000000,0.000000,0.109947
Q_ind_15_anc_5-3,0.001656,0.000000,0.000000,0.021960
Q_ind_16_anc_5-3,0.001360,0.000000,0.000000,0.020782
Q_ind_17_anc_5-3,0.000922,0.000000,0.000000,0.013895
Q_ind_18_anc_5-3,0.004538,0.000000,0.000000,0.067625
Q_ind_19_anc_5-3,0.000363,0.000000,0.000000,0.003577
Q_ind_20_anc_5-3,0.022624,0.000000,0.000000,0.207187
Q_ind_21_anc_5-3,0.000295,0.000000,0.000000,0.002917
Q_ind_22_anc_5-3,0.000250,0.000000,0.000000,0.003161
Q_ind_23_anc_5-3,0.000128,0.000000,0.000000,0.001075
Q_ind_24_anc_5-3,0.000811,0.000000,0.000000,0.010977
Q_ind_25_anc_5-3,0.000279,0.000000,0.000000,0.002785
Q_ind_26_anc_5-3,0.000223,0.000000,0.000000,0.002192
Q_ind_27_anc_5-3,0.000297,0.000000,0.000000,0.002854
Q_ind_28_anc_5-3,0.000668,0.000000,0.000000,0.008102
Q_ind_29_anc_5-3,0.000529,0.000000,0.000000,0.006975
Q_ind_30_anc_5-3,0.000149,0.000000,0.000000,0.001613
Q_ind_31_anc_5-3,0.000108,0.000000,0.000000,0.001217
Q_ind_32_anc_5-3,0.000211,0.000000,0.000000,0.002467
Q_ind_33_anc_5-3,0.000201,0.000000,0.000000,0.002709
Q_ind_34_anc_5-3,0.000081,0.000000,0.000000,0.000889
Q_ind_35_anc_5-3,0.000193,0.000000,0.000000,0.002489
Q_ind_36_anc_5-3,0.000041,0.000000,0.000000,0.000405
Q_ind_37_anc_5-3,0.000287,0.000000,0.000000,0.002654
Q_ind_38_anc_5-3,0.000094,0.000000,0.000000,0.001036
Q_ind_39_anc_5-3,0.000313,0.000000,0.000000,0.003217
Q_ind_40_anc_5-3,0.001288,0.000000,0.000000,0.017644
Q_ind_41_anc_5-3,0.000249,0.000000,0.000000,0.002472
Q_ind_42_anc_5-3,0.000181,0.000000,0.000000,0.001957
Q_ind_43_anc_5-3,0.000183,0.000000,0.000000,0.001683
Q_ind_44_anc_5-3,0.000180,0.000000,0.000000,0.001905
Q_ind_45_anc_5-3,0.000133,0.000000,0.000000,0.001422
Q_ind_46_anc_5-3,0.000142,0.000000,0.000000,0.001714
Q_ind_47_anc_5-3,0.000186,0.000000,0.000000,0.001427
Q_ind_48_anc_5-3,0.000277,0.000000,0.000000,0.003078
Q_ind_49_anc_5-3,0.000163,0.000000,0.000000,0.001619
Q_ind_50_anc_5-3,0.000197,0.000000,0.000000,0.002136
Q_ind_51_anc_5-3,0.005349,0.000000,0.000000,0.052083
Q_ind_52_anc_5-3,0.011514,0.000000,0.000000,0.080143
Q_ind_53_anc_5-3,0.000210,0.000000,0.000000,0.002073
Q_ind_54_anc_5-3,0.000178,0.000000,0.000000,0.001429
Q_ind_55_anc_5-3,0.000930,0.000000,0.000000,0.013341
Q_ind_56_anc_5-3,0.001721,0.000000,0.000000,0.024733
Q_ind_57_anc_5-3,0.013965,0.000000,0.000000,0.151235
Q_ind_58_anc_5-3,0.000541,0.000000,0.000000,0.006783
Q_ind_59_anc_5-3,0.003606,0.000000,0.000000,0.043663
Q_ind_60_anc_5-3,0.001463,0.000000,0.000000,0.023738
Q_ind_61_anc_5-3,0.000279,0.000000,0.000000,0.003615
Q_ind_62_anc_5-3,0.001358,0.000000,0.000000,0.016754
Q_ind_63_anc_5-3,0.000061,0.000000,0.000000,0.000611
Q_ind_64_anc_5-3,0.000044,0.000000,0.000000,0.000433
Q_ind_65_anc_5-3,0.000076,0.000000,0.000000,0.000712
Q_ind_66_anc_5-3,0.000068,0.000000,0.000000,0.000735
Q_ind_67_anc_5-3,0.000044,0.000000,0.000000,0.000361
Q_ind_68_anc_5-3,0.000272,0.000000,0.000000,0.003151
Q_ind_69_anc_5-3,0.000787,0.000000,0.000000,0.011244
Q_ind_70_anc_5-3,0.002433,0.000000,0.000000,0.031465
Q_ind_71_anc_5-3,0.001769,0.000000,0.000000,0.025125
Q_ind_72_anc_5-3,0.002309,0.000000,0.000000,0.036168
Q_ind_73_anc_5-3,0.000414,0.000000,0.000000,0.005034
Q_ind_74_anc_5-3,0.000413,0.000000,0.000000,0.003920
Q_ind_75_anc_5-3,0.000619,0.000000,0.000000,0.006934
Q_ind_76_anc_5-3,0.000557,0.000000,0.000000,0.004683
Q_ind_77_anc_5-3,0.000108,0.000000,0.000000,0.001142
Q_ind_78_anc_5-3,0.000142,0.000000,0.000000,0.001378
Q_ind_79_anc_5-3,0.000565,0.000000,0.000000,0.006975
Q_ind_80_anc_5-3,0.000198,0.000000,0.000000,0.002100
Q_ind_81_anc_5-3,0.000445,0.000000,0.000000,0.005055
Q_ind_82_anc_5-3,0.000496,0.000000,0.000000,0.007371
Q_ind_83_anc_5-3,0.000284,0.000000,0.000000,0.003541
Q_ind_84_anc_5-3,0.000627,0.000000,0.000000,0.007843
Q_ind_85_anc_5-3,0.000188,0.000000,0.000000,0.002433
Q_ind_86_anc_5-3,0.000159,0.000000,0.000000,0.001833
Q_ind_87_anc_5-3,0.000183,0.000000,0.000000,0.002238
Q_ind_88_anc_5-3,0.000173,0.000000,0.000000,0.001912
Q_ind_89_anc_5-3,0.000399,0.000000,0.000000,0.002597
Q_ind_90_anc_5-3,0.000209,0.000000,0.000000,0.001720
Q_ind_91_anc_5-3,0.000237,0.000000,0.000000,0.002466
Q_ind_92_anc_5-3,0.000337,0.000000,0.000000,0.002433
Q_ind_93_anc_5-3,0.001938,0.000000,0.000000,0.029741
Q_ind_94_anc_5-3,0.000616,0.000000,0.000000,0.006161
Q_ind_95_anc_5-3,0.001043,0.000000,0.000000,0.017266
Q_ind_96_anc_5-3,0.000293,0.000000,0.000000,0.003827
Q_ind_97_anc_5-3,0.000238,0.000000,0.000000,0.002853
Q_ind_98_anc_5-3,0.355746,0.276137,0.156697,0.866572
Q_ind_99_anc_5-3,0.090206,0.000000,0.000000,0.468255
Q_ind_100_anc_5-3,0.000208,0.000000,0.000000,0.002067
Q_ind_101_anc_5-3,0.000133,0.000000,0.000000,0.001580
Q_ind_102_anc_5-3,0.000077,0.000000,0.000000,0.000827
Q_ind_103_anc_5-3,0.000162,0.000000,0.000000,0.001501
Q_ind_104_anc_5-3,0.000084,0.000000,0.000000,0.000647
Q_ind_105_anc_5-3,0.237518,0.195698,0.097198,0.496967
Q_ind_106_anc_5-3,0.005978,0.000000,0.000000,0.077096
Q_ind_107_anc_5-3,0.000167,0.000000,0.000000,0.001751
Q_ind_108_anc_5-3,0.000610,0.000000,0.000000,0.006941
Q_ind_109_anc_5-3,0.000525,0.000000,0.000000,0.006033
Q_ind_110_anc_5-3,0.001506,0.000000,0.000000,0.022846
Q_ind_111_anc_5-3,0.000363,0.000000,0.000000,0.005197
Q_ind_112_anc_5-3,0.005574,0.000000,0.000000,0.074220
Q_ind_113_anc_5-3,0.000302,0.000000,0.000000,0.003123
Q_ind_114_anc_5-3,0.001222,0.000000,0.000000,0.018624
Q_ind_115_anc_5-3,0.000416,0.000000,0.000000,0.005328
Q_ind_116_anc_5-3,0.000195,0.000000,0.000000,0.001615
Q_ind_117_anc_5-3,0.000146,0.000000,0.000000,0.001521
Q_ind_118_anc_5-3,0.000126,0.000000,0.000000,0.000966
Q_ind_119_anc_5-3,0.000375,0.000000,0.000000,0.003644
Q_ind_120_anc_5-3,0.000100,0.000000,0.000000,0.001106
Q_ind_121_anc_5-3,0.000154,0.000000,0.000000,0.001600
Q_ind_122_anc_5-3,0.000278,0.000000,0.000000,0.002967
Q_ind_123_anc_5-3,0.000220,0.000000,0.000000,0.001459
Q_ind_124_anc_5-3,0.017459,0.000000,0.000000,0.148444
Q_ind_125_anc_5-3,0.000266,0.000000,0.000000,0.002819
Q_ind_126_anc_5-3,0.000560,0.000000,0.000000,0.007313
Q_ind_127_anc_5-3,0.003320,0.000000,0.000000,0.046885
Q_ind_128_anc_5-3,0.000288,0.000000,0.000000,0.002956
Q_ind_129_anc_5-3,0.002538,0.000000,0.000000,0.032802
Q_ind_130_anc_5-3,0.001844,0.000000,0.000000,0.025520
Q_ind_131_anc_5-3,0.034108,0.000000,0.000000,0.192040
Q_ind_132_anc_5-3,0.000269,0.000000,0.000000,0.002079
Q_ind_133_anc_5-3,0.000329,0.000000,0.000000,0.003823
Q_ind_134_anc_5-3,0.000938,0.000000,0.000000,0.013413
Q_ind_135_anc_5-3,0.000106,0.000000,0.000000,0.001117
Q_ind_136_anc_5-3,0.000684,0.000000,0.000000,0.008699
Q_ind_137_anc_5-3,0.000489,0.000000,0.000000,0.005589
Q_ind_138_anc_5-3,0.000133,0.000000,0.000000,0.001234
Q_ind_139_anc_5-3,0.006060,0.000000,0.000000,0.051832
Q_ind_140_anc_5-3,0.001973,0.000000,0.000000,0.031287
Q_ind_141_anc_5-3,0.000790,0.000000,0.000000,0.010649
Q_ind_142_anc_5-3,0.042271,0.000000,0.000000,0.228273
Q_ind_143_anc_5-3,0.000449,0.000000,0.000000,0.004314
Q_ind_144_anc_5-3,0.000318,0.000000,0.000000,0.003370
Q_ind_145_anc_5-3,0.000081,0.000000,0.000000,0.000926
Q_ind_146_anc_5-3,0.000823,0.000000,0.000000,0.012458
Q_ind_147_anc_5-3,0.000114,0.000000,0.000000,0.001505
Q_ind_148_anc_5-3,0.000263,0.000000,0.000000,0.002514
Q_ind_149_anc_5-3,0.000273,0.000000,0.000000,0.002673
Q_ind_150_anc_5-3,0.000127,0.000000,0.000000,0.001110
Q_ind_151_anc_5-3,0.000108,0.000000,0.000000,0.000966
Q_ind_152_anc_5-3,0.000087,0.000000,0.000000,0.000939
Q_ind_153_anc_5-3,0.000101,0.000000,0.000000,0.001082
Q_ind_154_anc_5-3,0.000312,0.000000,0.000000,0.004135
Q_ind_155_anc_5-3,0.000163,0.000000,0.000000,0.001894
Q_ind_156_anc_5-3,0.000124,0.000000,0.000000,0.001169
Q_ind_157_anc_5-3,0.000307,0.000000,0.000000,0.003630
Q_ind_158_anc_5-3,0.000635,0.000000,0.000000,0.009325
Q_ind_159_anc_5-3,0.000158,0.000000,0.000000,0.001581
Q_ind_160_anc_5-3,0.000118,0.000000,0.000000,0.001261
Q_ind_161_anc_5-3,0.000118,0.000000,0.000000,0.001254
Q_ind_162_anc_5-3,0.000314,0.000000,0.000000,0.003940
Q_ind_163_anc_5-3,0.000131,0.000000,0.000000,0.001425
Q_ind_164_anc_5-3,0.000203,0.000000,0.000000,0.002440
Q_ind_165_anc_5-3,0.000313,0.000000,0.000000,0.003597
Q_ind_166_anc_5-3,0.000216,0.000000,0.000000,0.002139
Q_ind_167_anc_5-3,0.000446,0.000000,0.000000,0.004887
Q_ind_168_anc_5-3,0.002257,0.000000,0.000000,0.033846
Q_ind_169_anc_5-3,0.000261,0.000000,0.000000,0.002584
Q_ind_170_anc_5-3,0.000290,0.000000,0.000000,0.004035
Q_ind_171_anc_5-3,0.000340,0.000000,0.000000,0.003909
Q_ind_172_anc_5-3,0.000557,0.000000,0.000000,0.003864
Q_ind_173_anc_5-3,0.015388,0.000000,0.000000,0.116446
Q_ind_174_anc_5-3,0.000589,0.000000,0.000000,0.004899
Q_ind_175_anc_5-3,0.003042,0.000000,0.000000,0.039331
Q_ind_176_anc_5-3,0.000150,0.000000,0.000000,0.001680
Q_ind_177_anc_5-3,0.000303,0.000000,0.000000,0.003227
Q_ind_178_anc_5-3,0.000411,0.000000,0.000000,0.005652
Q_ind_179_anc_5-3,0.000570,0.000000,0.000000,0.007702
Q_ind_180_anc_5-3,0.000105,0.000000,0.000000,0.001387
Q_ind_181_anc_5-3,0.000858,0.000000,0.000000,0.010283
Q_ind_182_anc_5-3,0.000266,0.000000,0.000000,0.002853
Q_ind_183_anc_5-3,0.000283,0.000000,0.000000,0.003127
Q_ind_184_anc_5-3,0.000984,0.000000,0.000000,0.011159
Q_ind_185_anc_5-3,0.000137,0.000000,0.000000,0.001265
Q_ind_186_anc_5-3,0.000759,0.000000,0.000000,0.010215
Q_ind_187_anc_5-3,0.000349,0.000000,0.000000,0.004619
Q_ind_188_anc_5-3,0.000946,0.000000,0.000000,0.012026
Q_ind_189_anc_5-3,0.000215,0.000000,0.000000,0.001800
Q_ind_190_anc_5-3,0.001123,0.000000,0.000000,0.014582
Q_ind_191_anc_5-3,0.000241,0.000000,0.000000,0.002810
Q_ind_192_anc_5-3,0.000097,0.000000,0.000000,0.001142
Q_ind_193_anc_5-3,0.000193,0.000000,0.000000,0.002023
Q_ind_194_anc_5-3,0.000029,0.000000,0.000000,0.000244
Q_ind_195_anc_5-3,0.000064,0.000000,0.000000,0.000585
Q_ind_196_anc_5-3,0.000036,0.000000,0.000000,0.000386
Q_ind_197_anc_5-3,0.000040,0.000000,0.000000,0.000321
Q_ind_198_anc_5-3,0.000028,0.000000,0.000000,0.000308
Q_ind_199_anc_5-3,0.000084,0.000000,0.000000,0.000887
Q_ind_200_anc_5-3,0.000042,0.000000,0.000000,0.000392
Q_ind_201_anc_5-3,0.000147,0.000000,0.000000,0.000973
Q_ind_202_anc_5-3,0.000054,0.000000,0.000000,0.000599
Q_ind_203_anc_5-3,0.000124,0.000000,0.000000,0.001313
Q_ind_204_anc_5-3,0.000366,0.000000,0.000000,0.003477
Q_ind_205_anc_5-3,0.000232,0.000000,0.000000,0.003036
Q_ind_206_anc_5-3,0.000188,0.000000,0.000000,0.001944
Q_ind_207_anc_5-3,0.001043,0.000000,0.000000,0.013770
Q_ind_208_anc_5-3,0.000280,0.000000,0.000000,0.003189
Q_ind_209_anc_5-3,0.000174,0.000000,0.000000,0.002045
Q_ind_210_anc_5-3,0.000167,0.000000,0.000000,0.001910
Q_ind_211_anc_5-3,0.000220,0.000000,0.000000,0.002193
Q_ind_212_anc_5-3,0.000730,0.000000,0.000000,0.007037
Q_ind_213_anc_5-3,0.001439,0.000000,0.000000,0.019108
Q_ind_214_anc_5-3,0.004975,0.000000,0.000000,0.046095
Q_ind_215_anc_5-3,0.000245,0.000000,0.000000,0.002913
Q_ind_216_anc_5-3,0.000268,0.000000,0.000000,0.002343
Q_ind_217_anc_5-3,0.000351,0.000000,0.000000,0.004531
Q_ind_218_anc_5-3,0.019857,0.000000,0.000000,0.121039
Q_ind_219_anc_5-3,0.005473,0.000000,0.000000,0.049871
Q_ind_220_anc_5-3,0.006794,0.000000,0.000000,0.071993
Q_ind_221_anc_5-3,0.000520,0.000000,0.000000,0.004326
Q_ind_222_anc_5-3,0.001071,0.000000,0.000000,0.015966
Q_ind_223_anc_5-3,0.000489,0.000000,0.000000,0.006759
Q_ind_224_anc_5-3,0.000161,0.000000,0.000000,0.001613
Q_ind_225_anc_5-3,0.000162,0.000000,0.000000,0.001539
Q_ind_226_anc_5-3,0.000190,0.000000,0.000000,0.002188
Q_ind_227_anc_5-3,0.000306,0.000000,0.000000,0.002853
Q_ind_228_anc_5-3,0.000157,0.000000,0.000000,0.001682
Q_ind_229_anc_5-3,0.000136,0.000000,0.000000,0.001506
Q_ind_230_anc_5-3,0.000187,0.000000,0.000000,0.001981
Q_ind_231_anc_5-3,0.000330,0.000000,0.000000,0.003332
Q_ind_232_anc_5-3,0.000178,0.000000,0.000000,0.001284
Q_ind_233_anc_5-3,0.000398,0.000000,0.000000,0.004806
Q_ind_234_anc_5-3,0.000269,0.000000,0.000000,0.002397
Q_ind_235_anc_5-3,0.004565,0.000000,0.000000,0.053995
Q_ind_236_anc_5-3,0.000406,0.000000,0.000000,0.004969
Q_ind_237_anc_5-3,0.000665,0.000000,0.000000,0.007549
Q_ind_238_anc_5-3,0.000490,0.000000,0.000000,0.007636
Q_ind_239_anc_5-3,0.001122,0.000000,0.000000,0.014636
Q_ind_240_anc_5-3,0.001889,0.000000,0.000000,0.027734
Q_ind_241_anc_5-3,0.001321,0.000000,0.000000,0.019739
Q_ind_242_anc_5-3,0.004380,0.000000,0.000000,0.058121
Q_ind_243_anc_5-3,0.000715,0.000000,0.000000,0.008347
Q_ind_244_anc_5-3,0.001235,0.000000,0.000000,0.018488
Q_ind_245_anc_5-3,0.000696,0.000000,0.000000,0.007993
Q_ind_1_anc_5-4,0.000243,0.000000,0.000000,0.003003
Q_ind_2_anc_5-4,0.000150,0.000000,0.000000,0.002066
Q_ind_3_anc_5-4,0.000128,0.000000,0.000000,0.001313
Q_ind_4_anc_5-4,0.000253,0.000000,0.000000,0.002786
Q_ind_5_anc_5-4,0.005634,0.000000,0.000000,0.051176
Q_ind_6_anc_5-4,0.000701,0.000000,0.000000,0.010477
Q_ind_7_anc_5-4,0.000092,0.000000,0.000000,0.001030
Q_ind_8_anc_5-4,0.000256,0.000000,0.000000,0.002762
Q_ind_9_anc_5-4,0.000144,0.000000,0.000000,0.001642
Q_ind_10_anc_5-4,0.000125,0.000000,0.000000,0.001398
Q_ind_11_anc_5-4,0.000426,0.000000,0.000000,0.005354
Q_ind_12_anc_5-4,0.000428,0.000000,0.000000,0.005492
Q_ind_13_anc_5-4,0.001320,0.000000,0.000000,0.022538
Q_ind_14_anc_5-4,0.025174,0.000000,0.000000,0.106691
Q_ind_15_anc_5-4,0.011401,0.000000,0.000000,0.099275
Q_ind_16_anc_5-4,0.026413,0.000003,0.000000,0.110877
Q_ind_17_anc_5-4,0.007297,0.000000,0.000000,0.077547
Q_ind_18_anc_5-4,0.001826,0.000000,0.000000,0.022936
Q_ind_19_anc_5-4,0.016656,0.000000,0.000000,0.084676
Q_ind_20_anc_5-4,0.021461,0.000000,0.000000,0.101307
Q_ind_21_anc_5-4,0.000699,0.000000,0.000000,0.007049
Q_ind_22_anc_5-4,0.000927,0.000000,0.000000,0.016102
Q_ind_23_anc_5-4,0.000400,0.000000,0.000000,0.005148
Q_ind_24_anc_5-4,0.001705,0.000000,0.000000,0.023021
Q_ind_25_anc_5-4,0.000430,0.000000,0.000000,0.005777
Q_ind_26_anc_5-4,0.000267,0.000000,0.000000,0.003074
Q_ind_27_anc_5-4,0.000561,0.000000,0.000000,0.007103
Q_ind_28_anc_5-4,0.000457,0.000000,0.000000,0.006439
Q_ind_29_anc_5-4,0.009953,0.000000,0.000000,0.053701
Q_ind_30_anc_5-4,0.000631,0.000000,0.000000,0.007274
Q_ind_31_anc_5-4,0.000109,0.000000,0.000000,0.001267
Q_ind_32_anc_5-4,0.000483,0.000000,0.000000,0.005333
Q_ind_33_anc_5-4,0.000192,0.000000,0.000000,0.001917
Q_ind_34_anc_5-4,0.000145,0.000000,0.000000,0.001511
Q_ind_35_anc_5-4,0.000304,0.000000,0.000000,0.003591
Q_ind_36_anc_5-4,0.000094,0.000000,0.000000,0.000959
Q_ind_37_anc_5-4,0.000553,0.000000,0.000000,0.008464
Q_ind_38_anc_5-4,0.000047,0.000000,0.000000,0.000463
Q_ind_39_anc_5-4,0.000675,0.000000,0.000000,0.006780
Q_ind_40_anc_5-4,0.000491,0.000000,0.000000,0.005149
Q_ind_41_anc_5-4,0.000408,0.000000,0.000000,0.004825
Q_ind_42_anc_5-4,0.000318,0.000000,0.000000,0.003154
Q_ind_43_anc_5-4,0.000286,0.000000,0.000000,0.002516
Q_ind_44_anc_5-4,0.000370,0.000000,0.000000,0.004076
Q_ind_45_anc_5-4,0.000243,0.000000,0.000000,0.002793
Q_ind_46_anc_5-4,0.000130,0.000000,0.000000,0.001203
Q_ind_47_anc_5-4,0.004334,0.000000,0.000000,0.041810
Q_ind_48_anc_5-4,0.000740,0.000000,0.000000,0.010452
Q_ind_49_anc_5-4,0.000156,0.000000,0.000000,0.001889
Q_ind_50_anc_5-4,0.000265,0.000000,0.000000,0.002927
Q_ind_51_anc_5-4,0.002702,0.000000,0.000000,0.031532
Q_ind_52_anc_5-4,0.001160,0.000000,0.000000,0.014223
Q_ind_53_anc_5-4,0.000326,0.000000,0.000000,0.003416
Q_ind_54_anc_5-4,0.000225,0.000000,0.000000,0.001858
Q_ind_55_anc_5-4,0.000367,0.000000,0.000000,0.003855
Q_ind_56_anc_5-4,0.002135,0.000000,0.000000,0.026775
Q_ind_57_anc_5-4,0.157379,0.189086,0.000000,0.249751
Q_ind_58_anc_5-4,0.000935,0.000000,0.000000,0.014388
Q_ind_59_anc_5-4,0.003414,0.000000,0.000000,0.044230
Q_ind_60_anc_5-4,0.000738,0.000000,0.000000,0.010410
Q_ind_61_anc_5-4,0.000969,0.000000,0.000000,0.012437
Q_ind_62_anc_5-4,0.001084,0.000000,0.000000,0.014126
Q_ind_63_anc_5-4,0.000076,0.000000,0.000000,0.000769
Q_ind_64_anc_5-4,0.000129,0.000000,0.000000,0.001261
Q_ind_65_anc_5-4,0.000112,0.000000,0.000000,0.001160
Q_ind_66_anc_5-4,0.000098,0.000000,0.000000,0.001024
Q_ind_67_anc_5-4,0.000072,0.000000,0.000000,0.000697
Q_ind_68_anc_5-4,0.000350,0.000000,0.000000,0.004317
Q_ind_69_anc_5-4,0.000432,0.000000,0.000000,0.005672
Q_ind_70_anc_5-4,0.000840,0.000000,0.000000,0.011762
Q_ind_71_anc_5-4,0.000478,0.000000,0.000000,0.006459
Q_ind_72_anc_5-4,0.000321,0.000000,0.000000,0.003337
Q_ind_73_anc_5-4,0.000858,0.000000,0.000000,0.012015
Q_ind_74_anc_5-4,0.004767,0.000000,0.000000,0.052233
Q_ind_75_anc_5-4,0.004077,0.000000,0.000000,0.066699
Q_ind_76_anc_5-4,0.000411,0.000000,0.000000,0.005811
Q_ind_77_anc_5-4,0.000181,0.000000,0.000000,0.002042
Q_ind_78_anc_5-4,0.000121,0.000000,0.000000,0.001402
Q_ind_79_anc_5-4,0.000279,0.000000,0.000000,0.002033
Q_ind_80_anc_5-4,0.000292,0.000000,0.000000,0.002082
Q_ind_81_anc_5-4,0.001061,0.000000,0.000000,0.015762
Q_ind_82_anc_5-4,0.001850,0.000000,0.000000,0.024652
Q_ind_83_anc_5-4,0.000252,0.000000,0.000000,0.002547
Q_ind_84_anc_5-4,0.000439,0.000000,0.000000,0.005444
Q_ind_85_anc_5-4,0.000659,0.000000,0.000000,0.009922
Q_ind_86_anc_5-4,0.000382,0.000000,0.000000,0.005088
Q_ind_87_anc_5-4,0.000388,0.000000,0.000000,0.004149
Q_ind_88_anc_5-4,0.001532,0.000000,0.000000,0.022602
Q_ind_89_anc_5-4,0.003787,0.000000,0.000000,0.045353
Q_ind_90_anc_5-4,0.097262,0.067215,0.000000,0.263360
Q_ind_91_anc_5-4,0.000417,0.000000,0.000000,0.004494
Q_ind_92_anc_5-4,0.027914,0.000000,0.000000,0.147775
Q_ind_93_anc_5-4,0.000806,0.000000,0.000000,0.011567
Q_ind_94_anc_5-4,0.010004,0.000000,0.000000,0.091149
Q_ind_95_anc_5-4,0.000893,0.000000,0.000000,0.011229
Q_ind_96_anc_5-4,0.000251,0.000000,0.000000,0.002421
Q_ind_97_anc_5-4,0.000390,0.000000,0.000000,0.004794
Q_ind_98_anc_5-4,0.000159,0.000000,0.000000,0.001345
Q_ind_99_anc_5-4,0.182922,0.189069,0.069512,0.246879
Q_ind_100_anc_5-4,0.000227,0.000000,0.000000,0.002911
Q_ind_101_anc_5-4,0.000143,0.000000,0.000000,0.001262
Q_ind_102_anc_5-4,0.000225,0.000000,0.000000,0.002650
Q_ind_103_anc_5-4,0.000096,0.000000,0.000000,0.000829
Q_ind_104_anc_5-4,0.000067,0.000000,0.000000,0.000640
Q_ind_105_anc_5-4,0.007823,0.000000,0.000000,0.091702
Q_ind_106_anc_5-4,0.000839,0.000000,0.000000,0.012627
Q_ind_107_anc_5-4,0.000117,0.000000,0.000000,0.000987
Q_ind_108_anc_5-4,0.000169,0.000000,0.000000,0.001927
Q_ind_109_anc_5-4,0.000292,0.000000,0.000000,0.003177
Q_ind_110_anc_5-4,0.000239,0.000000,0.000000,0.002823
Q_ind_111_anc_5-4,0.000520,0.000000,0.000000,0.008016
Q_ind_112_anc_5-4,0.000446,0.000000,0.000000,0.005678
Q_ind_113_anc_5-4,0.000268,0.000000,0.000000,0.002931
Q_ind_114_anc_5-4,0.000871,0.000000,0.000000,0.013067
Q_ind_115_anc_5-4,0.000538,0.000000,0.000000,0.003512
Q_ind_116_anc_5-4,0.000102,0.000000,0.000000,0.000830
Q_ind_117_anc_5-4,0.000270,0.000000,0.000000,0.002914
Q_ind_118_anc_5-4,0.000136,0.000000,0.000000,0.001390
Q_ind_119_anc_5-4,0.000849,0.000000,0.000000,0.009007
Q_ind_120_anc_5-4,0.000151,0.000000,0.000000,0.001881
Q_ind_121_anc_5-4,0.000688,0.000000,0.000000,0.008132
Q_ind_122_anc_5-4,0.000297,0.000000,0.000000,0.003551
Q_ind_123_anc_5-4,0.000302,0.000000,0.000000,0.003471
Q_ind_124_anc_5-4,0.041780,0.044712,0.000000,0.110115
Q_ind_125_anc_5-4,0.000331,0.000000,0.000000,0.003657
Q_ind_126_anc_5-4,0.001547,0.000000,0.000000,0.021476
Q_ind_127_anc_5-4,0.002730,0.000000,0.000000,0.040999
Q_ind_128_anc_5-4,0.005009,0.000000,0.000000,0.056494
Q_ind_129_anc_5-4,0.000392,0.000000,0.000000,0.004604
Q_ind_130_anc_5-4,0.004121,0.000000,0.000000,0.047046
Q_ind_131_anc_5-4,0.000743,0.000000,0.000000,0.007045
Q_ind_132_anc_5-4,0.001369,0.000000,0.000000,0.021761
Q_ind_133_anc_5-4,0.000212,0.000000,0.000000,0.002588
Q_ind_134_anc_5-4,0.000172,0.000000,0.000000,0.002146
Q_ind_135_anc_5-4,0.000174,0.000000,0.000000,0.001724
Q_ind_136_anc_5-4,0.000462,0.000000,0.000000,0.005273
Q_ind_137_anc_5-4,0.000272,0.000000,0.000000,0.003225
Q_ind_138_anc_5-4,0.000205,0.000000,0.000000,0.002107
Q_ind_139_anc_5-4,0.000608,0.000000,0.000000,0.008126
Q_ind_140_anc_5-4,0.000227,0.000000,0.000000,0.002638
Q_ind_141_anc_5-4,0.000092,0.000000,0.000000,0.000886
Q_ind_142_anc_5-4,0.013075,0.000000,0.000000,0.104455
Q_ind_143_anc_5-4,0.000189,0.000000,0.000000,0.002158
Q_ind_144_anc_5-4,0.000189,0.000000,0.000000,0.002151
Q_ind_145_anc_5-4,0.000065,0.000000,0.000000,0.000562
Q_ind_146_anc_5-4,0.000260,0.000000,0.000000,0.003360
Q_ind_147_anc_5-4,0.000103,0.000000,0.000000,0.001233
Q_ind_148_anc_5-4,0.000252,0.000000,0.000000,0.003232
Q_ind_149_anc_5-4,0.070277,0.070345,0.021959,0.116675
Q_ind_150_anc_5-4,0.000104,0.000000,0.000000,0.001107
Q_ind_151_anc_5-4,0.000103,0.000000,0.000000,0.001004
Q_ind_152_anc_5-4,0.000166,0.000000,0.000000,0.002081
Q_ind_153_anc_5-4,0.000100,0.000000,0.000000,0.001163
Q_ind_154_anc_5-4,0.000285,0.000000,0.000000,0.003512
Q_ind_155_anc_5-4,0.012283,0.000000,0.000000,0.100356
Q_ind_156_anc_5-4,0.000312,0.000000,0.000000,0.003260
Q_ind_157_anc_5-4,0.001341,0.000000,0.000000,0.019505
Q_ind_158_anc_5-4,0.000276,0.000000,0.000000,0.003204
Q_ind_159_anc_5-4,0.000299,0.000000,0.000000,0.002678
Q_ind_160_anc_5-4,0.000277,0.000000,0.000000,0.003656
Q_ind_161_anc_5-4,0.000213,0.000000,0.000000,0.002665
Q_ind_162_anc_5-4,0.000187,0.000000,0.000000,0.001707
Q_ind_163_anc_5-4,0.000179,0.000000,0.000000,0.001952
Q_ind_164_anc_5-4,0.000378,0.000000,0.000000,0.004219
Q_ind_165_anc_5-4,0.000388,0.000000,0.000000,0.004964
Q_ind_166_anc_5-4,0.000183,0.000000,0.000000,0.001834
Q_ind_167_anc_5-4,0.000185,0.000000,0.000000,0.001938
Q_ind_168_anc_5-4,0.000155,0.000000,0.000000,0.002153
Q_ind_169_anc_5-4,0.000247,0.000000,0.000000,0.003264
Q_ind_170_anc_5-4,0.000119,0.000000,0.000000,0.001315
Q_ind_171_anc_5-4,0.000305,0.000000,0.000000,0.003646
Q_ind_172_anc_5-4,0.000264,0.000000,0.000000,0.003371
Q_ind_173_anc_5-4,0.000161,0.000000,0.000000,0.001320
Q_ind_174_anc_5-4,0.000229,0.000000,0.000000,0.002494
Q_ind_175_anc_5-4,0.000362,0.000000,0.000000,0.003681
Q_ind_176_anc_5-4,0.000274,0.000000,0.000000,0.002676
Q_ind_177_anc_5-4,0.000123,0.000000,0.000000,0.001072
Q_ind_178_anc_5-4,0.000183,0.000000,0.000000,0.001362
Q_ind_179_anc_5-4,0.000160,0.000000,0.000000,0.001231
Q_ind_180_anc_5-4,0.000179,0.000000,0.000000,0.001967
Q_ind_181_anc_5-4,0.037970,0.039597,0.000000,0.102724
Q_ind_182_anc_5-4,0.000437,0.000000,0.000000,0.005310
Q_ind_183_anc_5-4,0.000565,0.000000,0.000000,0.008597
Q_ind_184_anc_5-4,0.006516,0.000000,0.000000,0.063426
Q_ind_185_anc_5-4,0.000095,0.000000,0.000000,0.000963
Q_ind_186_anc_5-4,0.000224,0.000000,0.000000,0.002212
Q_ind_187_anc_5-4,0.000109,0.000000,0.000000,0.001158
Q_ind_188_anc_5-4,0.000116,0.000000,0.000000,0.000976
Q_ind_189_anc_5-4,0.000102,0.000000,0.000000,0.000856
Q_ind_190_anc_5-4,0.000557,0.000000,0.000000,0.007926
Q_ind_191_anc_5-4,0.000092,0.000000,0.000000,0.000907
Q_ind_192_anc_5-4,0.000091,0.000000,0.000000,0.000927
Q_ind_193_anc_5-4,0.000155,0.000000,0.000000,0.001686
Q_ind_194_anc_5-4,0.000029,0.000000,0.000000,0.000312
Q_ind_195_anc_5-4,0.000069,0.000000,0.000000,0.000664
Q_ind_196_anc_5-4,0.000034,0.000000,0.000000,0.000328
Q_ind_197_anc_5-4,0.000039,0.000000,0.000000,0.000358
Q_ind_198_anc_5-4,0.000029,0.000000,0.000000,0.000293
Q_ind_199_anc_5-4,0.000134,0.000000,0.000000,0.001517
Q_ind_200_anc_5-4,0.000039,0.000000,0.000000,0.000305
Q_ind_201_anc_5-4,0.000523,0.000000,0.000000,0.006682
Q_ind_202_anc_5-4,0.000109,0.000000,0.000000,0.001005
Q_ind_203_anc_5-4,0.000209,0.000000,0.000000,0.002333
Q_ind_204_anc_5-4,0.000162,0.000000,0.000000,0.001827
Q_ind_205_anc_5-4,0.000262,0.000000,0.000000,0.002224
Q_ind_206_anc_5-4,0.000437,0.000000,0.000000,0.006247
Q_ind_207_anc_5-4,0.001718,0.000000,0.000000,0.023984
Q_ind_208_anc_5-4,0.000913,0.000000,0.000000,0.012830
Q_ind_209_anc_5-4,0.000147,0.000000,0.000000,0.001552
Q_ind_210_anc_5-4,0.000263,0.000000,0.000000,0.003713
Q_ind_211_anc_5-4,0.000238,0.000000,0.000000,0.003022
Q_ind_212_anc_5-4,0.000547,0.000000,0.000000,0.006001
Q_ind_213_anc_5-4,0.002188,0.000000,0.000000,0.029553
Q_ind_214_anc_5-4,0.002246,0.000000,0.000000,0.031923
Q_ind_215_anc_5-4,0.004817,0.000000,0.000000,0.042546
Q_ind_216_anc_5-4,0.002006,0.000000,0.000000,0.028162
Q_ind_217_anc_5-4,0.000095,0.000000,0.000000,0.001101
Q_ind_218_anc_5-4,0.000453,0.000000,0.000000,0.006209
Q_ind_219_anc_5-4,0.001425,0.000000,0.000000,0.021902
Q_ind_220_anc_5-4,0.040316,0.046629,0.000000,0.094970
Q_ind_221_anc_5-4,0.039269,0.000105,0.000000,0.119591
Q_ind_222_anc_5-4,0.001347,0.000000,0.000000,0.021199
Q_ind_223_anc_5-4,0.000744,0.000000,0.000000,0.011759
Q_ind_224_anc_5-4,0.000286,0.000000,0.000000,0.002808
Q_ind_225_anc_5-4,0.002898,0.000000,0.000000,0.039882
Q_ind_226_anc_5-4,0.027637,0.000000,0.000000,0.122729
Q_ind_227_anc_5-4,0.002295,0.000000,0.000000,0.043751
Q_ind_228_anc_5-4,0.000411,0.000000,0.000000,0.005541
Q_ind_229_anc_5-4,0.000448,0.000000,0.000000,0.005348
Q_ind_230_anc_5-4,0.000219,0.000000,0.000000,0.001950
Q_ind_231_anc_5-4,0.000738,0.000000,0.000000,0.008079
Q_ind_232_anc_5-4,0.000406,0.000000,0.000000,0.004649
Q_ind_233_anc_5-4,0.002054,0.000000,0.000000,0.026031
Q_ind_234_anc_5-4,0.002196,0.000000,0.000000,0.030997
Q_ind_235_anc_5-4,0.000533,0.000000,0.000000,0.006862
Q_ind_236_anc_5-4,0.000082,0.000000,0.000000,0.000786
Q_ind_237_anc_5-4,0.000253,0.000000,0.000000,0.002735
Q_ind_238_anc_5-4,0.000443,0.000000,0.000000,0.006292
Q_ind_239_anc_5-4,0.001866,0.000000,0.000000,0.029120
Q_ind_240_anc_5-4,0.000168,0.000000,0.000000,0.001701
Q_ind_241_anc_5-4,0.003373,0.000000,0.000000,0.036281
Q_ind_242_anc_5-4,0.002699,0.000000,0.000000,0.034337
Q_ind_243_anc_5-4,0.000753,0.000000,0.000000,0.010178
Q_ind_244_anc_5-4,0.000272,0.000000,0.000000,0.003225
Q_ind_245_anc_5-4,0.000238,0.000000,0.000000,0.002609
Q_ind_1_anc_5-5,0.000046,0.000000,0.000000,0.000511
Q_ind_2_anc_5-5,0.000063,0.000000,0.000000,0.000721
Q_ind_3_anc_5-5,0.000124,0.000000,0.000000,0.001392
Q_ind_4_anc_5-5,0.000086,0.000000,0.000000,0.000791
Q_ind_5_anc_5-5,0.000037,0.000000,0.000000,0.000372
Q_ind_6_anc_5-5,0.000114,0.000000,0.000000,0.001290
Q_ind_7_anc_5-5,0.000059,0.000000,0.000000,0.000490
Q_ind_8_anc_5-5,0.000062,0.000000,0.000000,0.000587
Q_ind_9_anc_5-5,0.000119,0.000000,0.000000,0.001001
Q_ind_10_anc_5-5,0.000067,0.000000,0.000000,0.000658
Q_ind_11_anc_5-5,0.000406,0.000000,0.000000,0.005701
Q_ind_12_anc_5-5,0.000121,0.000000,0.000000,0.001018
Q_ind_13_anc_5-5,0.002381,0.000000,0.000000,0.028390
Q_ind_14_anc_5-5,0.001050,0.000000,0.000000,0.014991
Q_ind_15_anc_5-5,0.022831,0.004250,0.000000,0.081783
Q_ind_16_anc_5-5,0.002381,0.000000,0.000000,0.035039
Q_ind_17_anc_5-5,0.002785,0.000000,0.000000,0.032369
Q_ind_18_anc_5-5,0.010622,0.000000,0.000000,0.071954
Q_ind_19_anc_5-5,0.001441,0.000000,0.000000,0.018357
Q_ind_20_anc_5-5,0.000049,0.000000,0.000000,0.000492
Q_ind_21_anc_5-5,0.000431,0.000000,0.000000,0.005238
Q_ind_22_anc_5-5,0.000692,0.000000,0.000000,0.010600
Q_ind_23_anc_5-5,0.000256,0.000000,0.000000,0.003316
Q_ind_24_anc_5-5,0.000085,0.000000,0.000000,0.001011
Q_ind_25_anc_5-5,0.000622,0.000000,0.000000,0.009153
Q_ind_26_anc_5-5,0.000080,0.000000,0.000000,0.000844
Q_ind_27_anc_5-5,0.000053,0.000000,0.000000,0.000502
Q_ind_28_anc_5-5,0.000103,0.000000,0.000000,0.001142
Q_ind_29_anc_5-5,0.000365,0.000000,0.000000,0.004667
Q_ind_30_anc_5-5,0.000135,0.000000,0.000000,0.001126
Q_ind_31_anc_5-5,0.000050,0.000000,0.000000,0.000519
Q_ind_32_anc_5-5,0.000136,0.000000,0.000000,0.001637
Q_ind_33_anc_5-5,0.000074,0.000000,0.000000,0.000802
Q_ind_34_anc_5-5,0.000078,0.000000,0.000000,0.000727
Q_ind_35_anc_5-5,0.000055,0.000000,0.000000,0.000542
Q_ind_36_anc_5-5,0.000043,0.000000,0.000000,0.000450
Q_ind_37_anc_5-5,0.000079,0.000000,0.000000,0.000884
Q_ind_38_anc_5-5,0.000041,0.000000,0.000000,0.000440
Q_ind_39_anc_5-5,0.000053,0.000000,0.000000,0.000569
Q_ind_40_anc_5-5,0.000225,0.000000,0.000000,0.002159
Q_ind_41_anc_5-5,0.000101,0.000000,0.000000,0.001070
Q_ind_42_anc_5-5,0.077335,0.090742,0.000000,0.175068
Q_ind_43_anc_5-5,0.078563,0.092935,0.000000,0.171029
Q_ind_44_anc_5-5,0.035619,0.012906,0.000000,0.129325
Q_ind_45_anc_5-5,0.072835,0.082972,0.000000,0.173557
Q_ind_46_anc_5-5,0.048587,0.039534,0.000000,0.146508
Q_ind_47_anc_5-5,0.188844,0.185173,0.108318,0.282140
Q_ind_48_anc_5-5,0.008052,0.000000,0.000000,0.086937
Q_ind_49_anc_5-5,0.155193,0.156530,0.068015,0.240788
Q_ind_50_anc_5-5,0.102423,0.114490,0.000000,0.194084
Q_ind_51_anc_5-5,0.034455,0.024254,0.000000,0.108028
Q_ind_52_anc_5-5,0.052659,0.061437,0.000000,0.120310
Q_ind_53_anc_5-5,0.063015,0.074733,0.000000,0.127437
Q_ind_54_anc_5-5,0.063544,0.072934,0.000000,0.128154
Q_ind_55_anc_5-5,0.066992,0.079736,0.000000,0.128798
Q_ind_56_anc_5-5,0.067810,0.080280,0.000000,0.134476
Q_ind_57_anc_5-5,0.000107,0.000000,0.000000,0.001041
Q_ind_58_anc_5-5,0.082583,0.096680,0.000000,0.151017
Q_ind_59_anc_5-5,0.110639,0.125793,0.000000,0.186242
Q_ind_60_anc_5-5,0.060292,0.068576,0.000000,0.118898
Q_ind_61_anc_5-5,0.094804,0.110211,0.000000,0.164677
Q_ind_62_anc_5-5,0.087110,0.112693,0.000000,0.189756
Q_ind_63_anc_5-5,0.000048,0.000000,0.000000,0.000477
Q_ind_64_anc_5-5,0.000153,0.000000,0.000000,0.001949
Q_ind_65_anc_5-5,0.000283,0.000000,0.000000,0.003714
Q_ind_66_anc_5-5,0.000148,0.000000,0.000000,0.001971
Q_ind_67_anc_5-5,0.000065,0.000000,0.000000,0.000689
Q_ind_68_anc_5-5,0.000219,0.000000,0.000000,0.002450
Q_ind_69_anc_5-5,0.000138,0.000000,0.000000,0.001286
Q_ind_70_anc_5-5,0.000085,0.000000,0.000000,0.000840
Q_ind_71_anc_5-5,0.000841,0.000000,0.000000,0.010901
Q_ind_72_anc_5-5,0.002534,0.000000,0.000000,0.035202
Q_ind_73_anc_5-5,0.006516,0.000917,0.000000,0.033414
Q_ind_74_anc_5-5,0.000213,0.000000,0.000000,0.002381
Q_ind_75_anc_5-5,0.000060,0.000000,0.000000,0.000681
Q_ind_76_anc_5-5,0.001722,0.000000,0.000000,0.018434
Q_ind_77_anc_5-5,0.000079,0.000000,0.000000,0.000779
Q_ind_78_anc_5-5,0.000076,0.000000,0.000000,0.000736
Q_ind_79_anc_5-5,0.000184,0.000000,0.000000,0.001909
Q_ind_80_anc_5-5,0.000347,0.000000,0.000000,0.005056
Q_ind_81_anc_5-5,0.000129,0.000000,0.000000,0.001417
Q_ind_82_anc_5-5,0.000842,0.000000,0.000000,0.012857
Q_ind_83_anc_5-5,0.000184,0.000000,0.000000,0.001596
Q_ind_84_anc_5-5,0.000256,0.000000,0.000000,0.003240
Q_ind_85_anc_5-5,0.000157,0.000000,0.000000,0.001703
Q_ind_86_anc_5-5,0.000059,0.000000,0.000000,0.000578
Q_ind_87_anc_5-5,0.010809,0.010029,0.000000,0.031896
Q_ind_88_anc_5-5,0.023266,0.000000,0.000000,0.102334
Q_ind_89_anc_5-5,0.008807,0.000000,0.000000,0.055097
Q_ind_90_anc_5-5,0.002865,0.000000,0.000000,0.036076
Q_ind_91_anc_5-5,0.001775,0.000000,0.000000,0.027992
Q_ind_92_anc_5-5,0.002915,0.000000,0.000000,0.033220
Q_ind_93_anc_5-5,0.027759,0.027537,0.000000,0.079279
Q_ind_94_anc_5-5,0.000062,0.000000,0.000000,0.000642
Q_ind_95_anc_5-5,0.001596,0.000000,0.000000,0.021427
Q_ind_96_anc_5-5,0.574294,0.571463,0.514333,0.649587
Q_ind_97_anc_5-5,0.573445,0.569102,0.501050,0.669632
Q_ind_98_anc_5-5,0.000083,0.000000,0.000000,0.000658
Q_ind_99_anc_5-5,0.000061,0.000000,0.000000,0.000568
Q_ind_100_anc_5-5,0.602120,0.592867,0.520356,0.738932
Q_ind_101_anc_5-5,0.627767,0.618884,0.550836,0.741858
Q_ind_102_anc_5-5,0.654505,0.648166,0.584515,0.761396
Q_ind_103_anc_5-5,0.602686,0.583810,0.514970,0.785545
Q_ind_104_anc_5-5,0.688305,0.676449,0.611323,0.828447
Q_ind_105_anc_5-5,0.000049,0.000000,0.000000,0.000499
Q_ind_106_anc_5-5,0.509475,0.504845,0.433078,0.605403
Q_ind_107_anc_5-5,0.000162,0.000000,0.000000,0.001956
Q_ind_108_anc_5-5,0.000111,0.000000,0.000000,0.001175
Q_ind_109_anc_5-5,0.000232,0.000000,0.000000,0.002361
Q_ind_110_anc_5-5,0.000329,0.000000,0.000000,0.003848
Q_ind_111_anc_5-5,0.000576,0.000000,0.000000,0.007157
Q_ind_112_anc_5-5,0.000118,0.000000,0.000000,0.001067
Q_ind_113_anc_5-5,0.000144,0.000000,0.000000,0.001607
Q_ind_114_anc_5-5,0.000815,0.000000,0.000000,0.011046
Q_ind_115_anc_5-5,0.387514,0.388018,0.318495,0.450167
Q_ind_116_anc_5-5,0.488614,0.487026,0.421658,0.559806
Q_ind_117_anc_5-5,0.458881,0.458927,0.394792,0.524659
Q_ind_118_anc_5-5,0.458816,0.457587,0.403694,0.517914
Q_ind_119_anc_5-5,0.490851,0.485743,0.410797,0.594601
Q_ind_120_anc_5-5,0.496123,0.487671,0.422727,0.610643
Q_ind_121_anc_5-5,0.463387,0.457975,0.385713,0.562225
Q_ind_122_anc_5-5,0.505682,0.502055,0.433329,0.595460
Q_ind_123_anc_5-5,0.489679,0.484649,0.413869,0.595453
Q_ind_124_anc_5-5,0.117044,0.117808,0.059863,0.171172
Q_ind_125_anc_5-5,0.000151,0.000000,0.000000,0.001639
Q_ind_126_anc_5-5,0.001347,0.000000,0.000000,0.018931
Q_ind_127_anc_5-5,0.014955,0.011725,0.000000,0.048250
Q_ind_128_anc_5-5,0.001328,0.000000,0.000000,0.019500
Q_ind_129_anc_5-5,0.000318,0.000000,0.000000,0.003671
Q_ind_130_anc_5-5,0.003193,0.000000,0.000000,0.031650
Q_ind_131_anc_5-5,0.000064,0.000000,0.000000,0.000773
Q_ind_132_anc_5-5,0.000040,0.000000,0.000000,0.000379
Q_ind_133_anc_5-5,0.000319,0.000000,0.000000,0.004155
Q_ind_134_anc_5-5,0.000433,0.000000,0.000000,0.004946
Q_ind_135_anc_5-5,0.000204,0.000000,0.000000,0.002579
Q_ind_136_anc_5-5,0.000300,0.000000,0.000000,0.003196
Q_ind_137_anc_5-5,0.000370,0.000000,0.000000,0.003741
Q_ind_138_anc_5-5,0.000039,0.000000,0.000000,0.000464
Q_ind_139_anc_5-5,0.000187,0.000000,0.000000,0.001904
Q_ind_140_anc_5-5,0.000449,0.000000,0.000000,0.005178
Q_ind_141_anc_5-5,0.000133,0.000000,0.000000,0.001375
Q_ind_142_anc_5-5,0.000037,0.000000,0.000000,0.000419
Q_ind_143_anc_5-5,0.000290,0.000000,0.000000,0.004070
Q_ind_144_anc_5-5,0.000297,0.000000,0.000000,0.003507
Q_ind_145_anc_5-5,0.000208,0.000000,0.000000,0.002740
Q_ind_146_anc_5-5,0.001037,0.000000,0.000000,0.012468
Q_ind_147_anc_5-5,0.000745,0.000000,0.000000,0.009324
Q_ind_148_anc_5-5,0.000122,0.000000,0.000000,0.001043
Q_ind_149_anc_5-5,0.000072,0.000000,0.000000,0.000681
Q_ind_150_anc_5-5,0.000608,0.000000,0.000000,0.008147
Q_ind_151_anc_5-5,0.000116,0.000000,0.000000,0.001466
Q_ind_152_anc_5-5,0.000195,0.000000,0.000000,0.002321
Q_ind_153_anc_5-5,0.000078,0.000000,0.000000,0.000692
Q_ind_154_anc_5-5,0.000397,0.000000,0.000000,0.005312
Q_ind_155_anc_5-5,0.000039,0.000000,0.000000,0.000406
Q_ind_156_anc_5-5,0.000298,0.000000,0.000000,0.003814
Q_ind_157_anc_5-5,0.001791,0.000000,0.000000,0.021818
Q_ind_158_anc_5-5,0.000496,0.000000,0.000000,0.006861
Q_ind_159_anc_5-5,0.000211,0.000000,0.000000,0.002779
Q_ind_160_anc_5-5,0.000139,0.000000,0.000000,0.001030
Q_ind_161_anc_5-5,0.000076,0.000000,0.000000,0.000748
Q_ind_162_anc_5-5,0.000493,0.000000,0.000000,0.007025
Q_ind_163_anc_5-5,0.000100,0.000000,0.000000,0.001219
Q_ind_164_anc_5-5,0.000437,0.000000,0.000000,0.005893
Q_ind_165_anc_5-5,0.000130,0.000000,0.000000,0.001399
Q_ind_166_anc_5-5,0.000131,0.000000,0.000000,0.001057
Q_ind_167_anc_5-5,0.000454,0.000000,0.000000,0.006266
Q_ind_168_anc_5-5,0.000054,0.000000,0.000000,0.000430
Q_ind_169_anc_5-5,0.000037,0.000000,0.000000,0.000401
Q_ind_170_anc_5-5,0.000145,0.000000,0.000000,0.001277
Q_ind_171_anc_5-5,0.000175,0.000000,0.000000,0.002337
Q_ind_172_anc_5-5,0.000380,0.000000,0.000000,0.005137
Q_ind_173_anc_5-5,0.000192,0.000000,0.000000,0.001434
Q_ind_174_anc_5-5,0.000089,0.000000,0.000000,0.000735
Q_ind_175_anc_5-5,0.000093,0.000000,0.000000,0.001250
Q_ind_176_anc_5-5,0.000043,0.000000,0.000000,0.000393
Q_ind_177_anc_5-5,0.000476,0.000000,0.000000,0.006983
Q_ind_178_anc_5-5,0.000506,0.000000,0.000000,0.006571
Q_ind_179_anc_5-5,0.000287,0.000000,0.000000,0.003619
Q_ind_180_anc_5-5,0.000211,0.000000,0.000000,0.002641
Q_ind_181_anc_5-5,0.000071,0.000000,0.000000,0.000719
Q_ind_182_anc_5-5,0.000724,0.000000,0.000000,0.010656
Q_ind_183_anc_5-5,0.000125,0.000000,0.000000,0.001287
Q_ind_184_anc_5-5,0.000080,0.000000,0.000000,0.000786
Q_ind_185_anc_5-5,0.000186,0.000000,0.000000,0.001959
Q_ind_186_anc_5-5,0.000732,0.000000,0.000000,0.011728
Q_ind_187_anc_5-5,0.001175,0.000000,0.000000,0.014281
Q_ind_188_anc_5-5,0.000137,0.000000,0.000000,0.001341
Q_ind_189_anc_5-5,0.000258,0.000000,0.000000,0.003464
Q_ind_190_anc_5-5,0.000184,0.000000,0.000000,0.002080
Q_ind_191_anc_5-5,0.000200,0.000000,0.000000,0.002107
Q_ind_192_anc_5-5,0.000061,0.000000,0.000000,0.000682
Q_ind_193_anc_5-5,0.000067,0.000000,0.000000,0.000519
Q_ind_194_anc_5-5,0.000021,0.000000,0.000000,0.000191
Q_ind_195_anc_5-5,0.000038,0.000000,0.000000,0.000363
Q_ind_196_anc_5-5,0.000029,0.000000,0.000000,0.000296
Q_ind_197_anc_5-5,0.000030,0.000000,0.000000,0.000294
Q_ind_198_anc_5-5,0.000022,0.000000,0.000000,0.000217
Q_ind_199_anc_5-5,0.000037,0.000000,0.000000,0.000261
Q_ind_200_anc_5-5,0.000031,0.000000,0.000000,0.000275
Q_ind_201_anc_5-5,0.000035,0.000000,0.000000,0.000344
Q_ind_202_anc_5-5,0.000058,0.000000,0.000000,0.000666
Q_ind_203_anc_5-5,0.000210,0.000000,0.000000,0.002520
Q_ind_204_anc_5-5,0.000189,0.000000,0.000000,0.002019
Q_ind_205_anc_5-5,0.000322,0.000000,0.000000,0.004045
Q_ind_206_anc_5-5,0.000343,0.000000,0.000000,0.004221
Q_ind_207_anc_5-5,0.005310,0.000000,0.000000,0.032634
Q_ind_208_anc_5-5,0.000045,0.000000,0.000000,0.000399
Q_ind_209_anc_5-5,0.000138,0.000000,0.000000,0.001417
Q_ind_210_anc_5-5,0.000164,0.000000,0.000000,0.001835
Q_ind_211_anc_5-5,0.000103,0.000000,0.000000,0.001176
Q_ind_212_anc_5-5,0.000059,0.000000,0.000000,0.000614
Q_ind_213_anc_5-5,0.000680,0.000000,0.000000,0.010239
Q_ind_214_anc_5-5,0.000178,0.000000,0.000000,0.001616
Q_ind_215_anc_5-5,0.000084,0.000000,0.000000,0.000825
Q_ind_216_anc_5-5,0.000240,0.000000,0.000000,0.002959
Q_ind_217_anc_5-5,0.000212,0.000000,0.000000,0.002637
Q_ind_218_anc_5-5,0.000062,0.000000,0.000000,0.000668
Q_ind_219_anc_5-5,0.000611,0.000000,0.000000,0.008208
Q_ind_220_anc_5-5,0.000112,0.000000,0.000000,0.001277
Q_ind_221_anc_5-5,0.000152,0.000000,0.000000,0.001617
Q_ind_222_anc_5-5,0.000811,0.000000,0.000000,0.012460
Q_ind_223_anc_5-5,0.000045,0.000000,0.000000,0.000476
Q_ind_224_anc_5-5,0.000051,0.000000,0.000000,0.000422
Q_ind_225_anc_5-5,0.000446,0.000000,0.000000,0.005207
Q_ind_226_anc_5-5,0.000104,0.000000,0.000000,0.001232
Q_ind_227_anc_5-5,0.000680,0.000000,0.000000,0.007568
Q_ind_228_anc_5-5,0.000553,0.000000,0.000000,0.008533
Q_ind_229_anc_5-5,0.000344,0.000000,0.000000,0.004221
Q_ind_230_anc_5-5,0.000236,0.000000,0.000000,0.002665
Q_ind_231_anc_5-5,0.000046,0.000000,0.000000,0.000457
Q_ind_232_anc_5-5,0.000077,0.000000,0.000000,0.000727
Q_ind_233_anc_5-5,0.001304,0.000000,0.000000,0.015998
Q_ind_234_anc_5-5,0.022616,0.020370,0.000000,0.065119
Q_ind_235_anc_5-5,0.001208,0.000000,0.000000,0.019255
Q_ind_236_anc_5-5,0.000245,0.000000,0.000000,0.002960
Q_ind_237_anc_5-5,0.014151,0.000030,0.000000,0.052911
Q_ind_238_anc_5-5,0.000268,0.000000,0.000000,0.003367
Q_ind_239_anc_5-5,0.002722,0.000000,0.000000,0.041092
Q_ind_240_anc_5-5,0.000211,0.000000,0.000000,0.001994
Q_ind_241_anc_5-5,0.000352,0.000000,0.000000,0.003917
Q_ind_242_anc_5-5,0.000268,0.000000,0.000000,0.003350
Q_ind_243_anc_5-5,0.000094,0.000000,0.000000,0.000919
Q_ind_244_anc_5-5,0.003060,0.000000,0.000000,0.046195
Q_ind_245_anc_5-5,0.000092,0.000000,0.000000,0.000966
Q_ind_1_anc_6-1,0.636121,0.631073,0.502934,0.786213
Q_ind_2_anc_6-1,0.644492,0.624092,0.486314,0.836502
Q_ind_3_anc_6-1,0.550198,0.575091,0.000000,0.772326
Q_ind_4_anc_6-1,0.583601,0.594234,0.340498,0.825081
Q_ind_5_anc_6-1,0.475889,0.475068,0.384812,0.571889
Q_ind_6_anc_6-1,0.604736,0.598611,0.474566,0.753783
Q_ind_7_anc_6-1,0.669899,0.647182,0.532777,0.870011
Q_ind_8_anc_6-1,0.651839,0.637983,0.521340,0.822599
Q_ind_9_anc_6-1,0.624286,0.631588,0.366217,0.838044
Q_ind_10_anc_6-1,0.685974,0.682676,0.477825,0.898191
Q_ind_11_anc_6-1,0.684285,0.663170,0.549627,0.869412
Q_ind_12_anc_6-1,0.678733,0.681055,0.534782,0.813399
Q_ind_13_anc_6-1,0.010276,0.000000,0.000000,0.074387
Q_ind_14_anc_6-1,0.001120,0.000000,0.000000,0.018103
Q_ind_15_anc_6-1,0.001104,0.000000,0.000000,0.012130
Q_ind_16_anc_6-1,0.003588,0.000000,0.000000,0.047276
Q_ind_17_anc_6-1,0.000664,0.000000,0.000000,0.008107
Q_ind_18_anc_6-1,0.032399,0.000009,0.000000,0.129144
Q_ind_19_anc_6-1,0.003503,0.000000,0.000000,0.040065
Q_ind_20_anc_6-1,0.000437,0.000000,0.000000,0.005705
Q_ind_21_anc_6-1,0.000335,0.000000,0.000000,0.003768
Q_ind_22_anc_6-1,0.001316,0.000000,0.000000,0.018184
Q_ind_23_anc_6-1,0.000459,0.000000,0.000000,0.005087
Q_ind_24_anc_6-1,0.008279,0.000000,0.000000,0.080087
Q_ind_25_anc_6-1,0.008503,0.000000,0.000000,0.108864
Q_ind_26_anc_6-1,0.000454,0.000000,0.000000,0.005464
Q_ind_27_anc_6-1,0.000531,0.000000,0.000000,0.006477
Q_ind_28_anc_6-1,0.006501,0.000000,0.000000,0.085497
Q_ind_29_anc_6-1,0.001185,0.000000,0.000000,0.013491
Q_ind_30_anc_6-1,0.000599,0.000000,0.000000,0.007261
Q_ind_31_anc_6-1,0.107791,0.103853,0.024758,0.217861
Q_ind_32_anc_6-1,0.001394,0.000000,0.000000,0.013173
Q_ind_33_anc_6-1,0.099421,0.098269,0.000000,0.268844
Q_ind_34_anc_6-1,0.030147,0.000000,0.000000,0.256128
Q_ind_35_anc_6-1,0.102967,0.109864,0.000000,0.231272
Q_ind_36_anc_6-1,0.003934,0.000000,0.000000,0.056906
Q_ind_37_anc_6-1,0.080322,0.058194,0.000000,0.408374
Q_ind_38_anc_6-1,0.033820,0.000481,0.000000,0.123169
Q_ind_39_anc_6-1,0.008551,0.000000,0.000000,0.112450
Q_ind_40_anc_6-1,0.086375,0.094282,0.000000,0.222143
Q_ind_41_anc_6-1,0.053138,0.009101,0.000000,0.175603
Q_ind_42_anc_6-1,0.000114,0.000000,0.000000,0.001385
Q_ind_43_anc_6-1,0.000357,0.000000,0.000000,0.004054
Q_ind_44_anc_6-1,0.000095,0.000000,0.000000,0.000981
Q_ind_45_anc_6-1,0.000201,0.000000,0.000000,0.002315
Q_ind_46_anc_6-1,0.000104,0.000000,0.000000,0.000976
Q_ind_47_anc_6-1,0.000178,0.000000,0.000000,0.001416
Q_ind_48_anc_6-1,0.000143,0.000000,0.000000,0.001400
Q_ind_49_anc_6-1,0.000247,0.000000,0.000000,0.003473
Q_ind_50_anc_6-1,0.000153,0.000000,0.000000,0.001617
Q_ind_51_anc_6-1,0.000339,0.000000,0.000000,0.004075
Q_ind_52_anc_6-1,0.000324,0.000000,0.000000,0.003827
Q_ind_53_anc_6-1,0.000118,0.000000,0.000000,0.001360
Q_ind_54_anc_6-1,0.000279,0.000000,0.000000,0.003579
Q_ind_55_anc_6-1,0.000288,0.000000,0.000000,0.003735
Q_ind_56_anc_6-1,0.000153,0.000000,0.000000,0.001774
Q_ind_57_anc_6-1,0.000802,0.000000,0.000000,0.011785
Q_ind_58_anc_6-1,0.000125,0.000000,0.000000,0.001193
Q_ind_59_anc_6-1,0.000398,0.000000,0.000000,0.005050
Q_ind_60_anc_6-1,0.000229,0.000000,0.000000,0.002492
Q_ind_61_anc_6-1,0.000161,0.000000,0.000000,0.001414
Q_ind_62_anc_6-1,0.000558,0.000000,0.000000,0.007591
Q_ind_63_anc_6-1,0.000167,0.000000,0.000000,0.001829
Q_ind_64_anc_6-1,0.000162,0.000000,0.000000,0.002401
Q_ind_65_anc_6-1,0.000345,0.000000,0.000000,0.002666
Q_ind_66_anc_6-1,0.000151,0.000000,0.000000,0.001626
Q_ind_67_anc_6-1,0.003060,0.000000,0.000000,0.039802
Q_ind_68_anc_6-1,0.000600,0.000000,0.000000,0.006040
Q_ind_69_anc_6-1,0.002679,0.000000,0.000000,0.034461
Q_ind_70_anc_6-1,0.001122,0.000000,0.000000,0.018071
Q_ind_71_anc_6-1,0.000306,0.000000,0.000000,0.003087
Q_ind_72_anc_6-1,0.001429,0.000000,0.000000,0.022497
Q_ind_73_anc_6-1,0.001816,0.000000,0.000000,0.023941
Q_ind_74_anc_6-1,0.004845,0.000000,0.000000,0.042805
Q_ind_75_anc_6-1,0.000420,0.000000,0.000000,0.004893
Q_ind_76_anc_6-1,0.000304,0.000000,0.000000,0.003343
Q_ind_77_anc_6-1,0.002991,0.000000,0.000000,0.041270
Q_ind_78_anc_6-1,0.018761,0.000000,0.000000,0.156195
Q_ind_79_anc_6-1,0.001119,0.000000,0.000000,0.016315
Q_ind_80_anc_6-1,0.001276,0.000000,0.000000,0.019488
Q_ind_81_anc_6-1,0.001612,0.000000,0.000000,0.025186
Q_ind_82_anc_6-1,0.002484,0.000000,0.000000,0.035238
Q_ind_83_anc_6-1,0.000504,0.000000,0.000000,0.006293
Q_ind_84_anc_6-1,0.004470,0.000000,0.000000,0.059600
Q_ind_85_anc_6-1,0.002737,0.000000,0.000000,0.034494
Q_ind_86_anc_6-1,0.001404,0.000000,0.000000,0.019032
Q_ind_87_anc_6-1,0.000590,0.000000,0.000000,0.007245
Q_ind_88_anc_6-1,0.168525,0.170617,0.067144,0.254233
Q_ind_89_anc_6-1,0.185541,0.190027,0.087097,0.275011
Q_ind_90_anc_6-1,0.000540,0.000000,0.000000,0.007771
Q_ind_91_anc_6-1,0.046407,0.000000,0.000000,0.229041
Q_ind_92_anc_6-1,0.110858,0.137236,0.000000,0.209345
Q_ind_93_anc_6-1,0.185531,0.199089,0.000000,0.312455
Q_ind_94_anc_6-1,0.000854,0.000000,0.000000,0.012682
Q_ind_95_anc_6-1,0.146003,0.168537,0.000000,0.245696
Q_ind_96_anc_6-1,0.000110,0.000000,0.000000,0.001188
Q_ind_97_anc_6-1,0.000100,0.000000,0.000000,0.001126
Q_ind_98_anc_6-1,0.000706,0.000000,0.000000,0.009107
Q_ind_99_anc_6-1,0.008794,0.000000,0.000000,0.108093
Q_ind_100_anc_6-1,0.000137,0.000000,0.000000,0.001679
Q_ind_101_anc_6-1,0.000071,0.000000,0.000000,0.000730
Q_ind_102_anc_6-1,0.000083,0.000000,0.000000,0.001063
Q_ind_103_anc_6-1,0.000249,0.000000,0.000000,0.002650
Q_ind_104_anc_6-1,0.000154,0.000000,0.000000,0.001623
Q_ind_105_anc_6-1,0.001931,0.000000,0.000000,0.028799
Q_ind_106_anc_6-1,0.000697,0.000000,0.000000,0.010394
Q_ind_107_anc_6-1,0.168822,0.211980,0.000000,0.368643
Q_ind_108_anc_6-1,0.244017,0.261664,0.000000,0.369033
Q_ind_109_anc_6-1,0.062807,0.000006,0.000000,0.262666
Q_ind_110_anc_6-1,0.165339,0.182096,0.000000,0.275395
Q_ind_111_anc_6-1,0.232526,0.234102,0.124275,0.343595
Q_ind_112_anc_6-1,0.004848,0.000000,0.000000,0.068171
Q_ind_113_anc_6-1,0.081600,0.000000,0.000000,0.358102
Q_ind_114_anc_6-1,0.076839,0.000001,0.000000,0.307641
Q_ind_115_anc_6-1,0.000206,0.000000,0.000000,0.001854
Q_ind_116_anc_6-1,0.000279,0.000000,0.000000,0.003830
Q_ind_117_anc_6-1,0.000290,0.000000,0.000000,0.003510
Q_ind_118_anc_6-1,0.000180,0.000000,0.000000,0.001925
Q_ind_119_anc_6-1,0.000184,0.000000,0.000000,0.002357
Q_ind_120_anc_6-1,0.000089,0.000000,0.000000,0.000979
Q_ind_121_anc_6-1,0.001340,0.000000,0.000000,0.018964
Q_ind_122_anc_6-1,0.000087,0.000000,0.000000,0.000917
Q_ind_123_anc_6-1,0.000274,0.000000,0.000000,0.002856
Q_ind_124_anc_6-1,0.000786,0.000000,0.000000,0.009396
Q_ind_125_anc_6-1,0.004384,0.000000,0.000000,0.060750
Q_ind_126_anc_6-1,0.046951,0.000000,0.000000,0.218535
Q_ind_127_anc_6-1,0.025821,0.000000,0.000000,0.173399
Q_ind_128_anc_6-1,0.051244,0.023538,0.000000,0.201387
Q_ind_129_anc_6-1,0.001235,0.000000,0.000000,0.013117
Q_ind_130_anc_6-1,0.004268,0.000000,0.000000,0.059207
Q_ind_131_anc_6-1,0.058598,0.068068,0.000000,0.150749
Q_ind_132_anc_6-1,0.165501,0.207576,0.000000,0.292403
Q_ind_133_anc_6-1,0.007907,0.000000,0.000000,0.054153
Q_ind_134_anc_6-1,0.011838,0.000000,0.000000,0.076044
Q_ind_135_anc_6-1,0.011073,0.000000,0.000000,0.079560
Q_ind_136_anc_6-1,0.001078,0.000000,0.000000,0.011687
Q_ind_137_anc_6-1,0.000191,0.000000,0.000000,0.002105
Q_ind_138_anc_6-1,0.123431,0.144452,0.000000,0.211931
Q_ind_139_anc_6-1,0.002233,0.000000,0.000000,0.027835
Q_ind_140_anc_6-1,0.005922,0.000000,0.000000,0.061363
Q_ind_141_anc_6-1,0.001812,0.000000,0.000000,0.027780
Q_ind_142_anc_6-1,0.000855,0.000000,0.000000,0.009489
Q_ind_143_anc_6-1,0.068077,0.070682,0.000000,0.148176
Q_ind_144_anc_6-1,0.005056,0.000000,0.000000,0.042065
Q_ind_145_anc_6-1,0.000180,0.000000,0.000000,0.002497
Q_ind_146_anc_6-1,0.001153,0.000000,0.000000,0.016156
Q_ind_147_anc_6-1,0.000487,0.000000,0.000000,0.005434
Q_ind_148_anc_6-1,0.000508,0.000000,0.000000,0.004499
Q_ind_149_anc_6-1,0.000694,0.000000,0.000000,0.008022
Q_ind_150_anc_6-1,0.000559,0.000000,0.000000,0.007524
Q_ind_151_anc_6-1,0.001183,0.000000,0.000000,0.017893
Q_ind_152_anc_6-1,0.000212,0.000000,0.000000,0.001940
Q_ind_153_anc_6-1,0.000720,0.000000,0.000000,0.010917
Q_ind_154_anc_6-1,0.000275,0.000000,0.000000,0.002745
Q_ind_155_anc_6-1,0.077184,0.091079,0.000000,0.173195
Q_ind_156_anc_6-1,0.583611,0.567261,0.439968,0.745786
Q_ind_157_anc_6-1,0.621294,0.624313,0.494334,0.733587
Q_ind_158_anc_6-1,0.611771,0.618002,0.469112,0.729838
Q_ind_159_anc_6-1,0.578099,0.569926,0.449132,0.741810
Q_ind_160_anc_6-1,0.507037,0.504644,0.355916,0.646900
Q_ind_161_anc_6-1,0.712712,0.710895,0.607113,0.815428
Q_ind_162_anc_6-1,0.662194,0.651777,0.553756,0.782479
Q_ind_163_anc_6-1,0.537220,0.540624,0.363375,0.674224
Q_ind_164_anc_6-1,0.593513,0.601286,0.454474,0.720581
Q_ind_165_anc_6-1,0.221066,0.258496,0.000000,0.471535
Q_ind_166_anc_6-1,0.333679,0.330904,0.247867,0.429768
Q_ind_167_anc_6-1,0.279148,0.297175,0.065674,0.429600
Q_ind_168_anc_6-1,0.002645,0.000000,0.000000,0.036399
Q_ind_169_anc_6-1,0.022317,0.000000,0.000000,0.128819
Q_ind_170_anc_6-1,0.000201,0.000000,0.000000,0.002308
Q_ind_171_anc_6-1,0.000355,0.000000,0.000000,0.003208
Q_ind_172_anc_6-1,0.000153,0.000000,0.000000,0.001582
Q_ind_173_anc_6-1,0.000140,0.000000,0.000000,0.001558
Q_ind_174_anc_6-1,0.000689,0.000000,0.000000,0.007264
Q_ind_175_anc_6-1,0.047345,0.052840,0.000000,0.117332
Q_ind_176_anc_6-1,0.054247,0.049466,0.000000,0.160524
Q_ind_177_anc_6-1,0.008000,0.000000,0.000000,0.082743
Q_ind_178_anc_6-1,0.000827,0.000000,0.000000,0.011594
Q_ind_179_anc_6-1,0.003252,0.000000,0.000000,0.043694
Q_ind_180_anc_6-1,0.096211,0.103594,0.000000,0.230762
Q_ind_181_anc_6-1,0.088981,0.099253,0.000000,0.189840
Q_ind_182_anc_6-1,0.007708,0.000000,0.000000,0.092249
Q_ind_183_anc_6-1,0.004378,0.000000,0.000000,0.056818
Q_ind_184_anc_6-1,0.000336,0.000000,0.000000,0.003487
Q_ind_185_anc_6-1,0.002016,0.000000,0.000000,0.029381
Q_ind_186_anc_6-1,0.002352,0.000000,0.000000,0.029921
Q_ind_187_anc_6-1,0.002504,0.000000,0.000000,0.033017
Q_ind_188_anc_6-1,0.001427,0.000000,0.000000,0.021353
Q_ind_189_anc_6-1,0.000576,0.000000,0.000000,0.007060
Q_ind_190_anc_6-1,0.020491,0.000000,0.000000,0.096189
Q_ind_191_anc_6-1,0.001546,0.000000,0.000000,0.020038
Q_ind_192_anc_6-1,0.000413,0.000000,0.000000,0.004714
Q_ind_193_anc_6-1,0.005078,0.000000,0.000000,0.069087
Q_ind_194_anc_6-1,0.000132,0.000000,0.000000,0.001384
Q_ind_195_anc_6-1,0.007378,0.000000,0.000000,0.076383
Q_ind_196_anc_6-1,0.000061,0.000000,0.000000,0.000637
Q_ind_197_anc_6-1,0.000082,0.000000,0.000000,0.000874
Q_ind_198_anc_6-1,0.000183,0.000000,0.000000,0.002426
Q_ind_199_anc_6-1,0.002847,0.000000,0.000000,0.035364
Q_ind_200_anc_6-1,0.000109,0.000000,0.000000,0.001240
Q_ind_201_anc_6-1,0.000980,0.000000,0.000000,0.008058
Q_ind_202_anc_6-1,0.072274,0.049586,0.000000,0.212745
Q_ind_203_anc_6-1,0.576454,0.583580,0.407433,0.714753
Q_ind_204_anc_6-1,0.611288,0.597248,0.452049,0.793777
Q_ind_205_anc_6-1,0.303992,0.305640,0.000000,0.629020
Q_ind_206_anc_6-1,0.632367,0.634355,0.512276,0.749294
Q_ind_207_anc_6-1,0.435992,0.416606,0.239411,0.661182
Q_ind_208_anc_6-1,0.298426,0.284494,0.134547,0.478547
Q_ind_209_anc_6-1,0.535509,0.510213,0.378509,0.747285
Q_ind_210_anc_6-1,0.469439,0.401110,0.219741,0.724600
Q_ind_211_anc_6-1,0.537567,0.544929,0.340861,0.704270
Q_ind_212_anc_6-1,0.000147,0.000000,0.000000,0.001602
Q_ind_213_anc_6-1,0.046203,0.041497,0.000000,0.138302
Q_ind_214_anc_6-1,0.076081,0.089408,0.000000,0.168733
Q_ind_215_anc_6-1,0.090521,0.097341,0.000000,0.200883
Q_ind_216_anc_6-1,0.067884,0.069706,0.000000,0.177739
Q_ind_217_anc_6-1,0.046792,0.054889,0.000000,0.124364
Q_ind_218_anc_6-1,0.018867,0.000000,0.000000,0.109161
Q_ind_219_anc_6-1,0.119546,0.124096,0.002520,0.192231
Q_ind_220_anc_6-1,0.021047,0.000000,0.000000,0.122368
Q_ind_221_anc_6-1,0.000742,0.000000,0.000000,0.010029
Q_ind_222_anc_6-1,0.092905,0.108465,0.000000,0.191654
Q_ind_223_anc_6-1,0.000815,0.000000,0.000000,0.009722
Q_ind_224_anc_6-1,0.004033,0.000000,0.000000,0.047826
Q_ind_225_anc_6-1,0.020569,0.000000,0.000000,0.137109
Q_ind_226_anc_6-1,0.018177,0.000000,0.000000,0.129963
Q_ind_227_anc_6-1,0.081489,0.087405,0.000000,0.212749
Q_ind_228_anc_6-1,0.002478,0.000000,0.000000,0.040093
Q_ind_229_anc_6-1,0.001897,0.000000,0.000000,0.024605
Q_ind_230_anc_6-1,0.004869,0.000000,0.000000,0.071505
Q_ind_231_anc_6-1,0.001803,0.000000,0.000000,0.023564
Q_ind_232_anc_6-1,0.006327,0.000000,0.000000,0.071348
Q_ind_233_anc_6-1,0.002142,0.000000,0.000000,0.029737
Q_ind_234_anc_6-1,0.000141,0.000000,0.000000,0.001499
Q_ind_235_anc_6-1,0.000528,0.000000,0.000000,0.007628
Q_ind_236_anc_6-1,0.000144,0.000000,0.000000,0.001469
Q_ind_237_anc_6-1,0.000144,0.000000,0.000000,0.001376
Q_ind_238_anc_6-1,0.000375,0.000000,0.000000,0.004773
Q_ind_239_anc_6-1,0.000235,0.000000,0.000000,0.002948
Q_ind_240_anc_6-1,0.001027,0.000000,0.000000,0.014747
Q_ind_241_anc_6-1,0.000243,0.000000,0.000000,0.002367
Q_ind_242_anc_6-1,0.000620,0.000000,0.000000,0.007728
Q_ind_243_anc_6-1,0.000391,0.000000,0.000000,0.003161
Q_ind_244_anc_6-1,0.000125,0.000000,0.000000,0.001255
Q_ind_245_anc_6-1,0.000173,0.000000,0.000000,0.001842
Q_ind_1_anc_6-2,0.000417,0.000000,0.000000,0.005542
Q_ind_2_anc_6-2,0.000161,0.000000,0.000000,0.001192
Q_ind_3_anc_6-2,0.000350,0.000000,0.000000,0.004180
Q_ind_4_anc_6-2,0.000339,0.000000,0.000000,0.003600
Q_ind_5_anc_6-2,0.000362,0.000000,0.000000,0.003847
Q_ind_6_anc_6-2,0.000117,0.000000,0.000000,0.001088
Q_ind_7_anc_6-2,0.001255,0.000000,0.000000,0.018657
Q_ind_8_anc_6-2,0.000450,0.000000,0.000000,0.005762
Q_ind_9_anc_6-2,0.000114,0.000000,0.000000,0.001248
Q_ind_10_anc_6-2,0.000142,0.000000,0.000000,0.001058
Q_ind_11_anc_6-2,0.000557,0.000000,0.000000,0.007214
Q_ind_12_anc_6-2,0.000302,0.000000,0.000000,0.003162
Q_ind_13_anc_6-2,0.001850,0.000000,0.000000,0.026526
Q_ind_14_anc_6-2,0.002505,0.000000,0.000000,0.038925
Q_ind_15_anc_6-2,0.000660,0.000000,0.000000,0.009236
Q_ind_16_anc_6-2,0.002514,0.000000,0.000000,0.032931
Q_ind_17_anc_6-2,0.004775,0.000000,0.000000,0.052187
Q_ind_18_anc_6-2,0.003314,0.000000,0.000000,0.047364
Q_ind_19_anc_6-2,0.001028,0.000000,0.000000,0.014404
Q_ind_20_anc_6-2,0.000787,0.000000,0.000000,0.012106
Q_ind_21_anc_6-2,0.001165,0.000000,0.000000,0.016987
Q_ind_22_anc_6-2,0.000589,0.000000,0.000000,0.007531
Q_ind_23_anc_6-2,0.001101,0.000000,0.000000,0.017275
Q_ind_24_anc_6-2,0.005912,0.000000,0.000000,0.098434
Q_ind_25_anc_6-2,0.005702,0.000000,0.000000,0.074311
Q_ind_26_anc_6-2,0.000232,0.000000,0.000000,0.002327
Q_ind_27_anc_6-2,0.004093,0.000000,0.000000,0.047582
Q_ind_28_anc_6-2,0.000498,0.000000,0.000000,0.006989
Q_ind_29_anc_6-2,0.001015,0.000000,0.000000,0.013955
Q_ind_30_anc_6-2,0.008619,0.000000,0.000000,0.087669
Q_ind_31_anc_6-2,0.000172,0.000000,0.000000,0.001434
Q_ind_32_anc_6-2,0.000124,0.000000,0.000000,0.001355
Q_ind_33_anc_6-2,0.000233,0.000000,0.000000,0.002528
Q_ind_34_anc_6-2,0.000170,0.000000,0.000000,0.001523
Q_ind_35_anc_6-2,0.000206,0.000000,0.000000,0.002407
Q_ind_36_anc_6-2,0.000091,0.000000,0.000000,0.000851
Q_ind_37_anc_6-2,0.000293,0.000000,0.000000,0.004069
Q_ind_38_anc_6-2,0.000184,0.000000,0.000000,0.002136
Q_ind_39_anc_6-2,0.000340,0.000000,0.000000,0.003913
Q_ind_40_anc_6-2,0.002169,0.000000,0.000000,0.027825
Q_ind_41_anc_6-2,0.001570,0.000000,0.000000,0.019564
Q_ind_42_anc_6-2,0.000228,0.000000,0.000000,0.002543
Q_ind_43_anc_6-2,0.000777,0.000000,0.000000,0.009593
Q_ind_44_anc_6-2,0.000195,0.000000,0.000000,0.001714
Q_ind_45_anc_6-2,0.000359,0.000000,0.000000,0.004357
Q_ind_46_anc_6-2,0.000139,0.000000,0.000000,0.001294
Q_ind_47_anc_6-2,0.000411,0.000000,0.000000,0.005049
Q_ind_48_anc_6-2,0.000292,0.000000,0.000000,0.003494
Q_ind_49_anc_6-2,0.000439,0.000000,0.000000,0.004182
Q_ind_50_anc_6-2,0.000162,0.000000,0.000000,0.001341
Q_ind_51_anc_6-2,0.000340,0.000000,0.000000,0.004271
Q_ind_52_anc_6-2,0.000234,0.000000,0.000000,0.002197
Q_ind_53_anc_6-2,0.000291,0.000000,0.000000,0.002821
Q_ind_54_anc_6-2,0.000287,0.000000,0.000000,0.003552
Q_ind_55_anc_6-2,0.000398,0.000000,0.000000,0.004369
Q_ind_56_anc_6-2,0.000344,0.000000,0.000000,0.002986
Q_ind_57_anc_6-2,0.002417,0.000000,0.000000,0.033002
Q_ind_58_anc_6-2,0.000224,0.000000,0.000000,0.002457
Q_ind_59_anc_6-2,0.000768,0.000000,0.000000,0.012159
Q_ind_60_anc_6-2,0.000184,0.000000,0.000000,0.002344
Q_ind_61_anc_6-2,0.000171,0.000000,0.000000,0.001186
Q_ind_62_anc_6-2,0.001352,0.000000,0.000000,0.020846
Q_ind_63_anc_6-2,0.000070,0.000000,0.000000,0.000636
Q_ind_64_anc_6-2,0.000061,0.000000,0.000000,0.000570
Q_ind_65_anc_6-2,0.000068,0.000000,0.000000,0.000636
Q_ind_66_anc_6-2,0.000088,0.000000,0.000000,0.000732
Q_ind_67_anc_6-2,0.000178,0.000000,0.000000,0.001561
Q_ind_68_anc_6-2,0.001242,0.000000,0.000000,0.017599
Q_ind_69_anc_6-2,0.056337,0.044496,0.000000,0.178258
Q_ind_70_anc_6-2,0.051810,0.050429,0.000000,0.147587
Q_ind_71_anc_6-2,0.001167,0.000000,0.000000,0.015903
Q_ind_72_anc_6-2,0.001042,0.000000,0.000000,0.016737
Q_ind_73_anc_6-2,0.002997,0.000000,0.000000,0.041965
Q_ind_74_anc_6-2,0.007179,0.000000,0.000000,0.066394
Q_ind_75_anc_6-2,0.021321,0.000000,0.000000,0.138006
Q_ind_76_anc_6-2,0.000582,0.000000,0.000000,0.005992
Q_ind_77_anc_6-2,0.000846,0.000000,0.000000,0.012713
Q_ind_78_anc_6-2,0.000618,0.000000,0.000000,0.007301
Q_ind_79_anc_6-2,0.000326,0.000000,0.000000,0.003360
Q_ind_80_anc_6-2,0.000255,0.000000,0.000000,0.002248
Q_ind_81_anc_6-2,0.000687,0.000000,0.000000,0.010124
Q_ind_82_anc_6-2,0.000207,0.000000,0.000000,0.002232
Q_ind_83_anc_6-2,0.000485,0.000000,0.000000,0.007178
Q_ind_84_anc_6-2,0.000263,0.000000,0.000000,0.002496
Q_ind_85_anc_6-2,0.003011,0.000000,0.000000,0.053323
Q_ind_86_anc_6-2,0.000691,0.000000,0.000000,0.008278
Q_ind_87_anc_6-2,0.000385,0.000000,0.000000,0.002404
Q_ind_88_anc_6-2,0.000272,0.000000,0.000000,0.003123
Q_ind_89_anc_6-2,0.000189,0.000000,0.000000,0.001831
Q_ind_90_anc_6-2,0.000209,0.000000,0.000000,0.002525
Q_ind_91_anc_6-2,0.002205,0.000000,0.000000,0.031913
Q_ind_92_anc_6-2,0.002127,0.000000,0.000000,0.032397
Q_ind_93_anc_6-2,0.000399,0.000000,0.000000,0.004205
Q_ind_94_anc_6-2,0.010900,0.000000,0.000000,0.100567
Q_ind_95_anc_6-2,0.000771,0.000000,0.000000,0.010661
Q_ind_96_anc_6-2,0.000202,0.000000,0.000000,0.001963
Q_ind_97_anc_6-2,0.000242,0.000000,0.000000,0.002298
Q_ind_98_anc_6-2,0.013766,0.000000,0.000000,0.095080
Q_ind_99_anc_6-2,0.001383,0.000000,0.000000,0.021592
Q_ind_100_anc_6-2,0.000118,0.000000,0.000000,0.001012
Q_ind_101_anc_6-2,0.000107,0.000000,0.000000,0.000897
Q_ind_102_anc_6-2,0.000056,0.000000,0.000000,0.000567
Q_ind_103_anc_6-2,0.000201,0.000000,0.000000,0.002197
Q_ind_104_anc_6-2,0.000129,0.000000,0.000000,0.001648
Q_ind_105_anc_6-2,0.000291,0.000000,0.000000,0.003307
Q_ind_106_anc_6-2,0.000870,0.000000,0.000000,0.013837
Q_ind_107_anc_6-2,0.042457,0.000000,0.000000,0.180891
Q_ind_108_anc_6-2,0.034967,0.000000,0.000000,0.295986
Q_ind_109_anc_6-2,0.140586,0.080154,0.000000,0.472697
Q_ind_110_anc_6-2,0.043541,0.000000,0.000000,0.264893
Q_ind_111_anc_6-2,0.001534,0.000000,0.000000,0.018503
Q_ind_112_anc_6-2,0.137468,0.154888,0.000000,0.249998
Q_ind_113_anc_6-2,0.000889,0.000000,0.000000,0.006724
Q_ind_114_anc_6-2,0.001446,0.000000,0.000000,0.019021
Q_ind_115_anc_6-2,0.000232,0.000000,0.000000,0.002656
Q_ind_116_anc_6-2,0.000210,0.000000,0.000000,0.002684
Q_ind_117_anc_6-2,0.000319,0.000000,0.000000,0.003804
Q_ind_118_anc_6-2,0.000267,0.000000,0.000000,0.001862
Q_ind_119_anc_6-2,0.000369,0.000000,0.000000,0.004441
Q_ind_120_anc_6-2,0.000121,0.000000,0.000000,0.001038
Q_ind_121_anc_6-2,0.000816,0.000000,0.000000,0.011132
Q_ind_122_anc_6-2,0.000224,0.000000,0.000000,0.002956
Q_ind_123_anc_6-2,0.000115,0.000000,0.000000,0.001286
Q_ind_124_anc_6-2,0.001024,0.000000,0.000000,0.015512
Q_ind_125_anc_6-2,0.000442,0.000000,0.000000,0.006069
Q_ind_126_anc_6-2,0.000196,0.000000,0.000000,0.001441
Q_ind_127_anc_6-2,0.000256,0.000000,0.000000,0.002212
Q_ind_128_anc_6-2,0.000259,0.000000,0.000000,0.002734
Q_ind_129_anc_6-2,0.000749,0.000000,0.000000,0.011458
Q_ind_130_anc_6-2,0.000258,0.000000,0.000000,0.002576
Q_ind_131_anc_6-2,0.000242,0.000000,0.000000,0.002692
Q_ind_132_anc_6-2,0.005414,0.000000,0.000000,0.069545
Q_ind_133_anc_6-2,0.006656,0.000000,0.000000,0.070385
Q_ind_134_anc_6-2,0.002327,0.000000,0.000000,0.031151
Q_ind_135_anc_6-2,0.000282,0.000000,0.000000,0.002679
Q_ind_136_anc_6-2,0.001488,0.000000,0.000000,0.020634
Q_ind_137_anc_6-2,0.026851,0.000000,0.000000,0.142797
Q_ind_138_anc_6-2,0.041600,0.004780,0.000000,0.163940
Q_ind_139_anc_6-2,0.010185,0.000000,0.000000,0.080803
Q_ind_140_anc_6-2,0.006261,0.000000,0.000000,0.057157
Q_ind_141_anc_6-2,0.013180,0.000000,0.000000,0.086357
Q_ind_142_anc_6-2,0.000264,0.000000,0.000000,0.002884
Q_ind_143_anc_6-2,0.016545,0.000000,0.000000,0.140422
Q_ind_144_anc_6-2,0.000833,0.000000,0.000000,0.011318
Q_ind_145_anc_6-2,0.000082,0.000000,0.000000,0.000844
Q_ind_146_anc_6-2,0.000146,0.000000,0.000000,0.001073
Q_ind_147_anc_6-2,0.000102,0.000000,0.000000,0.000766
Q_ind_148_anc_6-2,0.000360,0.000000,0.000000,0.004923
Q_ind_149_anc_6-2,0.001872,0.000000,0.000000,0.024555
Q_ind_150_anc_6-2,0.000220,0.000000,0.000000,0.002616
Q_ind_151_anc_6-2,0.001920,0.000000,0.000000,0.025571
Q_ind_152_anc_6-2,0.000097,0.000000,0.000000,0.001080
Q_ind_153_anc_6-2,0.000098,0.000000,0.000000,0.001032
Q_ind_154_anc_6-2,0.000124,0.000000,0.000000,0.000968
Q_ind_155_anc_6-2,0.001996,0.000000,0.000000,0.028733
Q_ind_156_anc_6-2,0.000258,0.000000,0.000000,0.003238
Q_ind_157_anc_6-2,0.000342,0.000000,0.000000,0.004139
Q_ind_158_anc_6-2,0.000266,0.000000,0.000000,0.003209
Q_ind_159_anc_6-2,0.000120,0.000000,0.000000,0.001139
Q_ind_160_anc_6-2,0.000289,0.000000,0.000000,0.003699
Q_ind_161_anc_6-2,0.000690,0.000000,0.000000,0.009905
Q_ind_162_anc_6-2,0.000210,0.000000,0.000000,0.002221
Q_ind_163_anc_6-2,0.000116,0.000000,0.000000,0.001020
Q_ind_164_anc_6-2,0.000153,0.000000,0.000000,0.001485
Q_ind_165_anc_6-2,0.016268,0.000000,0.000000,0.113757
Q_ind_166_anc_6-2,0.000465,0.000000,0.000000,0.005939
Q_ind_167_anc_6-2,0.001118,0.000000,0.000000,0.011160
Q_ind_168_anc_6-2,0.075101,0.069810,0.000000,0.209342
Q_ind_169_anc_6-2,0.016212,0.000000,0.000000,0.127477
Q_ind_170_anc_6-2,0.000250,0.000000,0.000000,0.002017
Q_ind_171_anc_6-2,0.000547,0.000000,0.000000,0.006587
Q_ind_172_anc_6-2,0.001095,0.000000,0.000000,0.016409
Q_ind_173_anc_6-2,0.001737,0.000000,0.000000,0.030384
Q_ind_174_anc_6-2,0.000571,0.000000,0.000000,0.004860
Q_ind_175_anc_6-2,0.043926,0.003872,0.000000,0.143094
Q_ind_176_anc_6-2,0.054248,0.047195,0.000000,0.169191
Q_ind_177_anc_6-2,0.000203,0.000000,0.000000,0.002193
Q_ind_178_anc_6-2,0.000269,0.000000,0.000000,0.002837
Q_ind_179_anc_6-2,0.000151,0.000000,0.000000,0.001365
Q_ind_180_anc_6-2,0.000106,0.000000,0.000000,0.000894
Q_ind_181_anc_6-2,0.001230,0.000000,0.000000,0.014558
Q_ind_182_anc_6-2,0.000355,0.000000,0.000000,0.004011
Q_ind_183_anc_6-2,0.000571,0.000000,0.000000,0.006335
Q_ind_184_anc_6-2,0.002499,0.000000,0.000000,0.040076
Q_ind_185_anc_6-2,0.010272,0.000000,0.000000,0.126245
Q_ind_186_anc_6-2,0.000263,0.000000,0.000000,0.002673
Q_ind_187_anc_6-2,0.000238,0.000000,0.000000,0.002483
Q_ind_188_anc_6-2,0.000368,0.000000,0.000000,0.004736
Q_ind_189_anc_6-2,0.000251,0.000000,0.000000,0.002316
Q_ind_190_anc_6-2,0.001674,0.000000,0.000000,0.027272
Q_ind_191_anc_6-2,0.000883,0.000000,0.000000,0.011904
Q_ind_192_anc_6-2,0.000298,0.000000,0.000000,0.003764
Q_ind_193_anc_6-2,0.000299,0.000000,0.000000,0.003407
Q_ind_194_anc_6-2,0.000041,0.000000,0.000000,0.000387
Q_ind_195_anc_6-2,0.000148,0.000000,0.000000,0.001811
Q_ind_196_anc_6-2,0.000061,0.000000,0.000000,0.000506
Q_ind_197_anc_6-2,0.000048,0.000000,0.000000,0.000392
Q_ind_198_anc_6-2,0.000048,0.000000,0.000000,0.000465
Q_ind_199_anc_6-2,0.000132,0.000000,0.000000,0.001450
Q_ind_200_anc_6-2,0.000066,0.000000,0.000000,0.000516
Q_ind_201_anc_6-2,0.019094,0.000000,0.000000,0.155967
Q_ind_202_anc_6-2,0.000127,0.000000,0.000000,0.001355
Q_ind_203_anc_6-2,0.000141,0.000000,0.000000,0.001379
Q_ind_204_anc_6-2,0.000213,0.000000,0.000000,0.002051
Q_ind_205_anc_6-2,0.000714,0.000000,0.000000,0.008409
Q_ind_206_anc_6-2,0.000336,0.000000,0.000000,0.003893
Q_ind_207_anc_6-2,0.000556,0.000000,0.000000,0.005635
Q_ind_208_anc_6-2,0.160097,0.151802,0.082500,0.263025
Q_ind_209_anc_6-2,0.000306,0.000000,0.000000,0.003648
Q_ind_210_anc_6-2,0.098230,0.129617,0.000000,0.230103
Q_ind_211_anc_6-2,0.000158,0.000000,0.000000,0.001870
Q_ind_212_anc_6-2,0.000767,0.000000,0.000000,0.009275
Q_ind_213_anc_6-2,0.011804,0.000000,0.000000,0.080004
Q_ind_214_anc_6-2,0.021038,0.000000,0.000000,0.113681
Q_ind_215_anc_6-2,0.005735,0.000000,0.000000,0.065130
Q_ind_216_anc_6-2,0.049425,0.010467,0.000000,0.138439
Q_ind_217_anc_6-2,0.028445,0.000000,0.000000,0.130133
Q_ind_218_anc_6-2,0.000481,0.000000,0.000000,0.006721
Q_ind_219_anc_6-2,0.013022,0.000000,0.000000,0.092334
Q_ind_220_anc_6-2,0.002755,0.000000,0.000000,0.037175
Q_ind_221_anc_6-2,0.003781,0.000000,0.000000,0.043371
Q_ind_222_anc_6-2,0.032838,0.000001,0.000000,0.137049
Q_ind_223_anc_6-2,0.042534,0.000000,0.000000,0.219393
Q_ind_224_anc_6-2,0.108627,0.127359,0.000000,0.214260
Q_ind_225_anc_6-2,0.114098,0.080516,0.000000,0.298354
Q_ind_226_anc_6-2,0.180638,0.187212,0.000000,0.310097
Q_ind_227_anc_6-2,0.090159,0.099853,0.000000,0.227265
Q_ind_228_anc_6-2,0.022182,0.000000,0.000000,0.244861
Q_ind_229_anc_6-2,0.020627,0.000000,0.000000,0.179073
Q_ind_230_anc_6-2,0.021221,0.000000,0.000000,0.174210
Q_ind_231_anc_6-2,0.023089,0.000000,0.000000,0.162633
Q_ind_232_anc_6-2,0.001397,0.000000,0.000000,0.016775
Q_ind_233_anc_6-2,0.000377,0.000000,0.000000,0.004975
Q_ind_234_anc_6-2,0.000175,0.000000,0.000000,0.001730
Q_ind_235_anc_6-2,0.000367,0.000000,0.000000,0.004583
Q_ind_236_anc_6-2,0.000522,0.000000,0.000000,0.006747
Q_ind_237_anc_6-2,0.000230,0.000000,0.000000,0.001745
Q_ind_238_anc_6-2,0.001649,0.000000,0.000000,0.026942
Q_ind_239_anc_6-2,0.000641,0.000000,0.000000,0.008825
Q_ind_240_anc_6-2,0.066847,0.072850,0.000000,0.135886
Q_ind_241_anc_6-2,0.002414,0.000000,0.000000,0.035439
Q_ind_242_anc_6-2,0.003566,0.000000,0.000000,0.036033
Q_ind_243_anc_6-2,0.031833,0.000054,0.000000,0.133971
Q_ind_244_anc_6-2,0.000421,0.000000,0.000000,0.003502
Q_ind_245_anc_6-2,0.017422,0.000000,0.000000,0.103634
Q_ind_1_anc_6-3,0.010614,0.000000,0.000000,0.159553
Q_ind_2_anc_6-3,0.002639,0.000000,0.000000,0.040955
Q_ind_3_anc_6-3,0.087233,0.105104,0.000000,0.181306
Q_ind_4_anc_6-3,0.001012,0.000000,0.000000,0.015047
Q_ind_5_anc_6-3,0.072801,0.000333,0.000000,0.339617
Q_ind_6_anc_6-3,0.048555,0.001493,0.000000,0.166904
Q_ind_7_anc_6-3,0.040261,0.000000,0.000000,0.207921
Q_ind_8_anc_6-3,0.002601,0.000000,0.000000,0.043107
Q_ind_9_anc_6-3,0.009958,0.000000,0.000000,0.109179
Q_ind_10_anc_6-3,0.006443,0.000000,0.000000,0.078201
Q_ind_11_anc_6-3,0.045712,0.001613,0.000000,0.162330
Q_ind_12_anc_6-3,0.000845,0.000000,0.000000,0.011010
Q_ind_13_anc_6-3,0.003338,0.000000,0.000000,0.044103
Q_ind_14_anc_6-3,0.006877,0.000000,0.000000,0.061157
Q_ind_15_anc_6-3,0.000535,0.000000,0.000000,0.005985
Q_ind_16_anc_6-3,0.001535,0.000000,0.000000,0.020963
Q_ind_17_anc_6-3,0.000282,0.000000,0.000000,0.002823
Q_ind_18_anc_6-3,0.000931,0.000000,0.000000,0.009481
Q_ind_19_anc_6-3,0.001513,0.000000,0.000000,0.016311
Q_ind_20_anc_6-3,0.000137,0.000000,0.000000,0.001859
Q_ind_21_anc_6-3,0.062790,0.000001,0.000000,0.262292
Q_ind_22_anc_6-3,0.081556,0.046682,0.000000,0.411542
Q_ind_23_anc_6-3,0.087363,0.086041,0.000000,0.244037
Q_ind_24_anc_6-3,0.033760,0.000000,0.000000,0.401843
Q_ind_25_anc_6-3,0.049456,0.000221,0.000000,0.206214
Q_ind_26_anc_6-3,0.001097,0.000000,0.000000,0.014355
Q_ind_27_anc_6-3,0.067927,0.047492,0.000000,0.248253
Q_ind_28_anc_6-3,0.032868,0.000000,0.000000,0.167196
Q_ind_29_anc_6-3,0.046376,0.004120,0.000000,0.202429
Q_ind_30_anc_6-3,0.044766,0.000001,0.000000,0.178033
Q_ind_31_anc_6-3,0.000175,0.000000,0.000000,0.002074
Q_ind_32_anc_6-3,0.000256,0.000000,0.000000,0.002860
Q_ind_33_anc_6-3,0.007499,0.000000,0.000000,0.084736
Q_ind_34_anc_6-3,0.000153,0.000000,0.000000,0.001708
Q_ind_35_anc_6-3,0.000161,0.000000,0.000000,0.001361
Q_ind_36_anc_6-3,0.000071,0.000000,0.000000,0.000656
Q_ind_37_anc_6-3,0.000242,0.000000,0.000000,0.002871
Q_ind_38_anc_6-3,0.000123,0.000000,0.000000,0.001278
Q_ind_39_anc_6-3,0.000267,0.000000,0.000000,0.002458
Q_ind_40_anc_6-3,0.001519,0.000000,0.000000,0.022912
Q_ind_41_anc_6-3,0.002406,0.000000,0.000000,0.034845
Q_ind_42_anc_6-3,0.000139,0.000000,0.000000,0.001554
Q_ind_43_anc_6-3,0.000304,0.000000,0.000000,0.003965
Q_ind_44_anc_6-3,0.000149,0.000000,0.000000,0.001687
Q_ind_45_anc_6-3,0.000215,0.000000,0.000000,0.002622
Q_ind_46_anc_6-3,0.000044,0.000000,0.000000,0.000445
Q_ind_47_anc_6-3,0.000105,0.000000,0.000000,0.001116
Q_ind_48_anc_6-3,0.000128,0.000000,0.000000,0.000926
Q_ind_49_anc_6-3,0.000297,0.000000,0.000000,0.003552
Q_ind_50_anc_6-3,0.000065,0.000000,0.000000,0.000565
Q_ind_51_anc_6-3,0.000460,0.000000,0.000000,0.005539
Q_ind_52_anc_6-3,0.000215,0.000000,0.000000,0.002097
Q_ind_53_anc_6-3,0.000171,0.000000,0.000000,0.001865
Q_ind_54_anc_6-3,0.000753,0.000000,0.000000,0.010980
Q_ind_55_anc_6-3,0.000340,0.000000,0.000000,0.004370
Q_ind_56_anc_6-3,0.000221,0.000000,0.000000,0.002717
Q_ind_57_anc_6-3,0.000962,0.000000,0.000000,0.013222
Q_ind_58_anc_6-3,0.000179,0.000000,0.000000,0.001952
Q_ind_59_anc_6-3,0.000536,0.000000,0.000000,0.007453
Q_ind_60_anc_6-3,0.001182,0.000000,0.000000,0.016900
Q_ind_61_anc_6-3,0.000174,0.000000,0.000000,0.002147
Q_ind_62_anc_6-3,0.001169,0.000000,0.000000,0.017391
Q_ind_63_anc_6-3,0.000141,0.000000,0.000000,0.001463
Q_ind_64_anc_6-3,0.000120,0.000000,0.000000,0.001061
Q_ind_65_anc_6-3,0.000206,0.000000,0.000000,0.001950
Q_ind_66_anc_6-3,0.000141,0.000000,0.000000,0.001157
Q_ind_67_anc_6-3,0.000285,0.000000,0.000000,0.001985
Q_ind_68_anc_6-3,0.000469,0.000000,0.000000,0.006081
Q_ind_69_anc_6-3,0.008195,0.000000,0.000000,0.073865
Q_ind_70_anc_6-3,0.001829,0.000000,0.000000,0.027285
Q_ind_71_anc_6-3,0.001046,0.000000,0.000000,0.012686
Q_ind_72_anc_6-3,0.000458,0.000000,0.000000,0.004293
Q_ind_73_anc_6-3,0.005381,0.000000,0.000000,0.059742
Q_ind_74_anc_6-3,0.010268,0.000000,0.000000,0.123176
Q_ind_75_anc_6-3,0.002599,0.000000,0.000000,0.035976
Q_ind_76_anc_6-3,0.001116,0.000000,0.000000,0.012678
Q_ind_77_anc_6-3,0.284395,0.323919,0.000000,0.508110
Q_ind_78_anc_6-3,0.105506,0.070826,0.000000,0.314917
Q_ind_79_anc_6-3,0.314696,0.305218,0.131170,0.586385
Q_ind_80_anc_6-3,0.342544,0.353633,0.000000,0.542670
Q_ind_81_anc_6-3,0.342412,0.337866,0.000000,0.626377
Q_ind_82_anc_6-3,0.349813,0.334600,0.165768,0.590197
Q_ind_83_anc_6-3,0.246631,0.253091,0.000000,0.552032
Q_ind_84_anc_6-3,0.204322,0.227399,0.000000,0.461831
Q_ind_85_anc_6-3,0.175579,0.194191,0.000000,0.362803
Q_ind_86_anc_6-3,0.315903,0.301311,0.000000,0.672254
Q_ind_87_anc_6-3,0.337431,0.308599,0.165582,0.610977
Q_ind_88_anc_6-3,0.000512,0.000000,0.000000,0.006333
Q_ind_89_anc_6-3,0.000484,0.000000,0.000000,0.006056
Q_ind_90_anc_6-3,0.068545,0.081602,0.000000,0.154279
Q_ind_91_anc_6-3,0.091576,0.102152,0.000000,0.172440
Q_ind_92_anc_6-3,0.001316,0.000000,0.000000,0.019331
Q_ind_93_anc_6-3,0.000391,0.000000,0.000000,0.004925
Q_ind_94_anc_6-3,0.001133,0.000000,0.000000,0.012004
Q_ind_95_anc_6-3,0.001678,0.000000,0.000000,0.020660
Q_ind_96_anc_6-3,0.000295,0.000000,0.000000,0.003600
Q_ind_97_anc_6-3,0.000121,0.000000,0.000000,0.001117
Q_ind_98_anc_6-3,0.000999,0.000000,0.000000,0.013989
Q_ind_99_anc_6-3,0.000183,0.000000,0.000000,0.001899
Q_ind_100_anc_6-3,0.000201,0.000000,0.000000,0.002583
Q_ind_101_anc_6-3,0.000189,0.000000,0.000000,0.002417
Q_ind_102_anc_6-3,0.000060,0.000000,0.000000,0.000669
Q_ind_103_anc_6-3,0.000231,0.000000,0.000000,0.002619
Q_ind_104_anc_6-3,0.000092,0.000000,0.000000,0.000977
Q_ind_105_anc_6-3,0.000114,0.000000,0.000000,0.001104
Q_ind_106_anc_6-3,0.000871,0.000000,0.000000,0.011970
Q_ind_107_anc_6-3,0.002853,0.000000,0.000000,0.048476
Q_ind_108_anc_6-3,0.002057,0.000000,0.000000,0.025733
Q_ind_109_anc_6-3,0.057942,0.000001,0.000000,0.228768
Q_ind_110_anc_6-3,0.001162,0.000000,0.000000,0.012895
Q_ind_111_anc_6-3,0.000407,0.000000,0.000000,0.004272
Q_ind_112_anc_6-3,0.038971,0.000000,0.000000,0.266536
Q_ind_113_anc_6-3,0.026891,0.000000,0.000000,0.212352
Q_ind_114_anc_6-3,0.041931,0.000000,0.000000,0.205892
Q_ind_115_anc_6-3,0.000218,0.000000,0.000000,0.002418
Q_ind_116_anc_6-3,0.000099,0.000000,0.000000,0.000785
Q_ind_117_anc_6-3,0.000175,0.000000,0.000000,0.002127
Q_ind_118_anc_6-3,0.000232,0.000000,0.000000,0.002514
Q_ind_119_anc_6-3,0.001143,0.000000,0.000000,0.015604
Q_ind_120_anc_6-3,0.000091,0.000000,0.000000,0.000918
Q_ind_121_anc_6-3,0.000139,0.000000,0.000000,0.001217
Q_ind_122_anc_6-3,0.000116,0.000000,0.000000,0.001184
Q_ind_123_anc_6-3,0.000261,0.000000,0.000000,0.002698
Q_ind_124_anc_6-3,0.001074,0.000000,0.000000,0.015024
Q_ind_125_anc_6-3,0.309055,0.308733,0.137205,0.460209
Q_ind_126_anc_6-3,0.094987,0.008382,0.000000,0.296098
Q_ind_127_anc_6-3,0.125525,0.134691,0.000000,0.323910
Q_ind_128_anc_6-3,0.119297,0.116130,0.000000,0.301158
Q_ind_129_anc_6-3,0.256408,0.234579,0.119761,0.536966
Q_ind_130_anc_6-3,0.317736,0.314844,0.163957,0.484166
Q_ind_131_anc_6-3,0.093509,0.000097,0.000000,0.325184
Q_ind_132_anc_6-3,0.053127,0.000000,0.000000,0.250337
Q_ind_133_anc_6-3,0.007033,0.000000,0.000000,0.074121
Q_ind_134_anc_6-3,0.028332,0.000000,0.000000,0.195327
Q_ind_135_anc_6-3,0.002102,0.000000,0.000000,0.027780
Q_ind_136_anc_6-3,0.008083,0.000000,0.000000,0.082617
Q_ind_137_anc_6-3,0.051041,0.032534,0.000000,0.163638
Q_ind_138_anc_6-3,0.000335,0.000000,0.000000,0.002961
Q_ind_139_anc_6-3,0.065087,0.056145,0.000000,0.211151
Q_ind_140_anc_6-3,0.063103,0.002831,0.000000,0.238247
Q_ind_141_anc_6-3,0.034919,0.000000,0.000000,0.172211
Q_ind_142_anc_6-3,0.000104,0.000000,0.000000,0.001234
Q_ind_143_anc_6-3,0.004579,0.000000,0.000000,0.052774
Q_ind_144_anc_6-3,0.002269,0.000000,0.000000,0.036411
Q_ind_145_anc_6-3,0.000114,0.000000,0.000000,0.001310
Q_ind_146_anc_6-3,0.006959,0.000000,0.000000,0.061218
Q_ind_147_anc_6-3,0.000223,0.000000,0.000000,0.001667
Q_ind_148_anc_6-3,0.017917,0.000000,0.000000,0.076156
Q_ind_149_anc_6-3,0.000737,0.000000,0.000000,0.009993
Q_ind_150_anc_6-3,0.000132,0.000000,0.000000,0.001347
Q_ind_151_anc_6-3,0.000452,0.000000,0.000000,0.005846
Q_ind_152_anc_6-3,0.000202,0.000000,0.000000,0.001896
Q_ind_153_anc_6-3,0.000176,0.000000,0.000000,0.002074
Q_ind_154_anc_6-3,0.000251,0.000000,0.000000,0.002633
Q_ind_155_anc_6-3,0.000249,0.000000,0.000000,0.002449
Q_ind_156_anc_6-3,0.008788,0.000000,0.000000,0.098445
Q_ind_157_anc_6-3,0.000705,0.000000,0.000000,0.007221
Q_ind_158_anc_6-3,0.011277,0.000000,0.000000,0.104629
Q_ind_159_anc_6-3,0.082086,0.088777,0.000000,0.208989
Q_ind_160_anc_6-3,0.010382,0.000000,0.000000,0.082836
Q_ind_161_anc_6-3,0.000432,0.000000,0.000000,0.005980
Q_ind_162_anc_6-3,0.001032,0.000000,0.000000,0.013583
Q_ind_163_anc_6-3,0.001085,0.000000,0.000000,0.015838
Q_ind_164_anc_6-3,0.000814,0.000000,0.000000,0.010619
Q_ind_165_anc_6-3,0.110956,0.000267,0.000000,0.410896
Q_ind_166_anc_6-3,0.000354,0.000000,0.000000,0.003669
Q_ind_167_anc_6-3,0.023765,0.000000,0.000000,0.282522
Q_ind_168_anc_6-3,0.002399,0.000000,0.000000,0.033328
Q_ind_169_anc_6-3,0.107523,0.034630,0.000000,0.358820
Q_ind_170_anc_6-3,0.088355,0.083144,0.000000,0.316275
Q_ind_171_anc_6-3,0.068951,0.000001,0.000000,0.453840
Q_ind_172_anc_6-3,0.001168,0.000000,0.000000,0.011854
Q_ind_173_anc_6-3,0.001719,0.000000,0.000000,0.021160
Q_ind_174_anc_6-3,0.004940,0.000000,0.000000,0.062594
Q_ind_175_anc_6-3,0.005329,0.000000,0.000000,0.062513
Q_ind_176_anc_6-3,0.438900,0.438461,0.284060,0.586699
Q_ind_177_anc_6-3,0.582218,0.586341,0.427809,0.700604
Q_ind_178_anc_6-3,0.443613,0.443170,0.263442,0.634062
Q_ind_179_anc_6-3,0.409521,0.400338,0.225203,0.603758
Q_ind_180_anc_6-3,0.055774,0.000001,0.000000,0.265526
Q_ind_181_anc_6-3,0.323982,0.309700,0.035949,0.582162
Q_ind_182_anc_6-3,0.563636,0.568034,0.390521,0.711866
Q_ind_183_anc_6-3,0.557338,0.572699,0.288563,0.735374
Q_ind_184_anc_6-3,0.346972,0.322672,0.162983,0.579888
Q_ind_185_anc_6-3,0.000468,0.000000,0.000000,0.005298
Q_ind_186_anc_6-3,0.000341,0.000000,0.000000,0.003865
Q_ind_187_anc_6-3,0.002862,0.000000,0.000000,0.038918
Q_ind_188_anc_6-3,0.004764,0.000000,0.000000,0.066408
Q_ind_189_anc_6-3,0.001291,0.000000,0.000000,0.013273
Q_ind_190_anc_6-3,0.001474,0.000000,0.000000,0.022141
Q_ind_191_anc_6-3,0.001156,0.000000,0.000000,0.016394
Q_ind_192_anc_6-3,0.000157,0.000000,0.000000,0.001469
Q_ind_193_anc_6-3,0.001118,0.000000,0.000000,0.015738
Q_ind_194_anc_6-3,0.000052,0.000000,0.000000,0.000377
Q_ind_195_anc_6-3,0.000379,0.000000,0.000000,0.004460
Q_ind_196_anc_6-3,0.000035,0.000000,0.000000,0.000360
Q_ind_197_anc_6-3,0.000055,0.000000,0.000000,0.000432
Q_ind_198_anc_6-3,0.000080,0.000000,0.000000,0.000742
Q_ind_199_anc_6-3,0.000379,0.000000,0.000000,0.003552
Q_ind_200_anc_6-3,0.000055,0.000000,0.000000,0.000571
Q_ind_201_anc_6-3,0.000384,0.000000,0.000000,0.004726
Q_ind_202_anc_6-3,0.000290,0.000000,0.000000,0.003399
Q_ind_203_anc_6-3,0.000781,0.000000,0.000000,0.010089
Q_ind_204_anc_6-3,0.001228,0.000000,0.000000,0.018878
Q_ind_205_anc_6-3,0.004392,0.000000,0.000000,0.057673
Q_ind_206_anc_6-3,0.000576,0.000000,0.000000,0.007381
Q_ind_207_anc_6-3,0.000540,0.000000,0.000000,0.005597
Q_ind_208_anc_6-3,0.000554,0.000000,0.000000,0.007145
Q_ind_209_anc_6-3,0.001823,0.000000,0.000000,0.028419
Q_ind_210_anc_6-3,0.000426,0.000000,0.000000,0.004398
Q_ind_211_anc_6-3,0.003151,0.000000,0.000000,0.044925
Q_ind_212_anc_6-3,0.000118,0.000000,0.000000,0.001334
Q_ind_213_anc_6-3,0.005121,0.000000,0.000000,0.080127
Q_ind_214_anc_6-3,0.001283,0.000000,0.000000,0.018707
Q_ind_215_anc_6-3,0.017826,0.000000,0.000000,0.136025
Q_ind_216_anc_6-3,0.000286,0.000000,0.000000,0.003401
Q_ind_217_anc_6-3,0.015596,0.000000,0.000000,0.125618
Q_ind_218_anc_6-3,0.042390,0.000583,0.000000,0.171995
Q_ind_219_anc_6-3,0.006727,0.000000,0.000000,0.087869
Q_ind_220_anc_6-3,0.010506,0.000000,0.000000,0.109950
Q_ind_221_anc_6-3,0.047644,0.022579,0.000000,0.160150
Q_ind_222_anc_6-3,0.001561,0.000000,0.000000,0.019067
Q_ind_223_anc_6-3,0.000317,0.000000,0.000000,0.003607
Q_ind_224_anc_6-3,0.000315,0.000000,0.000000,0.002645
Q_ind_225_anc_6-3,0.000853,0.000000,0.000000,0.010394
Q_ind_226_anc_6-3,0.000270,0.000000,0.000000,0.002118
Q_ind_227_anc_6-3,0.000517,0.000000,0.000000,0.005686
Q_ind_228_anc_6-3,0.000575,0.000000,0.000000,0.004513
Q_ind_229_anc_6-3,0.000263,0.000000,0.000000,0.002831
Q_ind_230_anc_6-3,0.001064,0.000000,0.000000,0.015399
Q_ind_231_anc_6-3,0.000335,0.000000,0.000000,0.003585
Q_ind_232_anc_6-3,0.001301,0.000000,0.000000,0.018608
Q_ind_233_anc_6-3,0.001345,0.000000,0.000000,0.017887
Q_ind_234_anc_6-3,0.000133,0.000000,0.000000,0.001219
Q_ind_235_anc_6-3,0.000786,0.000000,0.000000,0.010647
Q_ind_236_anc_6-3,0.001555,0.000000,0.000000,0.022328
Q_ind_237_anc_6-3,0.000145,0.000000,0.000000,0.001383
Q_ind_238_anc_6-3,0.000270,0.000000,0.000000,0.003349
Q_ind_239_anc_6-3,0.000215,0.000000,0.000000,0.002582
Q_ind_240_anc_6-3,0.001959,0.000000,0.000000,0.028391
Q_ind_241_anc_6-3,0.001660,0.000000,0.000000,0.023134
Q_ind_242_anc_6-3,0.001134,0.000000,0.000000,0.014999
Q_ind_243_anc_6-3,0.000311,0.000000,0.000000,0.003873
Q_ind_244_anc_6-3,0.002445,0.000000,0.000000,0.031077
Q_ind_245_anc_6-3,0.000260,0.000000,0.000000,0.002848
Q_ind_1_anc_6-4,0.011136,0.000000,0.000000,0.103378
Q_ind_2_anc_6-4,0.056738,0.011259,0.000000,0.168419
Q_ind_3_anc_6-4,0.097753,0.097942,0.019322,0.180777
Q_ind_4_anc_6-4,0.004187,0.000000,0.000000,0.051851
Q_ind_5_anc_6-4,0.001392,0.000000,0.000000,0.020648
Q_ind_6_anc_6-4,0.027988,0.000000,0.000000,0.172675
Q_ind_7_anc_6-4,0.000416,0.000000,0.000000,0.003386
Q_ind_8_anc_6-4,0.056263,0.052654,0.000000,0.155773
Q_ind_9_anc_6-4,0.000563,0.000000,0.000000,0.007388
Q_ind_10_anc_6-4,0.005307,0.000000,0.000000,0.070406
Q_ind_11_anc_6-4,0.018626,0.000001,0.000000,0.082577
Q_ind_12_anc_6-4,0.064426,0.070176,0.000000,0.152299
Q_ind_13_anc_6-4,0.000250,0.000000,0.000000,0.002700
Q_ind_14_anc_6-4,0.006951,0.000000,0.000000,0.066153
Q_ind_15_anc_6-4,0.000512,0.000000,0.000000,0.007147
Q_ind_16_anc_6-4,0.001159,0.000000,0.000000,0.014377
Q_ind_17_anc_6-4,0.000282,0.000000,0.000000,0.002835
Q_ind_18_anc_6-4,0.000711,0.000000,0.000000,0.010424
Q_ind_19_anc_6-4,0.000296,0.000000,0.000000,0.003635
Q_ind_20_anc_6-4,0.000537,0.000000,0.000000,0.005691
Q_ind_21_anc_6-4,0.000764,0.000000,0.000000,0.010360
Q_ind_22_anc_6-4,0.007061,0.000000,0.000000,0.056710
Q_ind_23_anc_6-4,0.001667,0.000000,0.000000,0.023940
Q_ind_24_anc_6-4,0.043970,0.027077,0.000000,0.128085
Q_ind_25_anc_6-4,0.000188,0.000000,0.000000,0.001659
Q_ind_26_anc_6-4,0.015396,0.000004,0.000000,0.061882
Q_ind_27_anc_6-4,0.000907,0.000000,0.000000,0.010452
Q_ind_28_anc_6-4,0.011259,0.000000,0.000000,0.081245
Q_ind_29_anc_6-4,0.003033,0.000000,0.000000,0.043851
Q_ind_30_anc_6-4,0.002017,0.000000,0.000000,0.029802
Q_ind_31_anc_6-4,0.000096,0.000000,0.000000,0.000996
Q_ind_32_anc_6-4,0.000237,0.000000,0.000000,0.003028
Q_ind_33_anc_6-4,0.000405,0.000000,0.000000,0.004954
Q_ind_34_anc_6-4,0.000490,0.000000,0.000000,0.006324
Q_ind_35_anc_6-4,0.000517,0.000000,0.000000,0.005250
Q_ind_36_anc_6-4,0.000121,0.000000,0.000000,0.001183
Q_ind_37_anc_6-4,0.000227,0.000000,0.000000,0.002783
Q_ind_38_anc_6-4,0.000099,0.000000,0.000000,0.000731
Q_ind_39_anc_6-4,0.000123,0.000000,0.000000,0.001011
Q_ind_40_anc_6-4,0.004095,0.000000,0.000000,0.060364
Q_ind_41_anc_6-4,0.001460,0.000000,0.000000,0.024192
Q_ind_42_anc_6-4,0.000269,0.000000,0.000000,0.002308
Q_ind_43_anc_6-4,0.000464,0.000000,0.000000,0.006829
Q_ind_44_anc_6-4,0.000190,0.000000,0.000000,0.001882
Q_ind_45_anc_6-4,0.000357,0.000000,0.000000,0.004612
Q_ind_46_anc_6-4,0.000052,0.000000,0.000000,0.000595
Q_ind_47_anc_6-4,0.000189,0.000000,0.000000,0.002647
Q_ind_48_anc_6-4,0.000331,0.000000,0.000000,0.003863
Q_ind_49_anc_6-4,0.000224,0.000000,0.000000,0.002312
Q_ind_50_anc_6-4,0.000134,0.000000,0.000000,0.001259
Q_ind_51_anc_6-4,0.000309,0.000000,0.000000,0.003537
Q_ind_52_anc_6-4,0.000248,0.000000,0.000000,0.003141
Q_ind_53_anc_6-4,0.000202,0.000000,0.000000,0.002389
Q_ind_54_anc_6-4,0.000193,0.000000,0.000000,0.001857
Q_ind_55_anc_6-4,0.000140,0.000000,0.000000,0.001636
Q_ind_56_anc_6-4,0.000155,0.000000,0.000000,0.001640
Q_ind_57_anc_6-4,0.000512,0.000000,0.000000,0.006071
Q_ind_58_anc_6-4,0.000105,0.000000,0.000000,0.001094
Q_ind_59_anc_6-4,0.000496,0.000000,0.000000,0.006562
Q_ind_60_anc_6-4,0.000219,0.000000,0.000000,0.002561
Q_ind_61_anc_6-4,0.000666,0.000000,0.000000,0.010582
Q_ind_62_anc_6-4,0.002085,0.000000,0.000000,0.027387
Q_ind_63_anc_6-4,0.000402,0.000000,0.000000,0.004925
Q_ind_64_anc_6-4,0.001483,0.000000,0.000000,0.024951
Q_ind_65_anc_6-4,0.000548,0.000000,0.000000,0.005616
Q_ind_66_anc_6-4,0.000189,0.000000,0.000000,0.002108
Q_ind_67_anc_6-4,0.059547,0.046899,0.000000,0.185839
Q_ind_68_anc_6-4,0.000655,0.000000,0.000000,0.009367
Q_ind_69_anc_6-4,0.001161,0.000000,0.000000,0.016529
Q_ind_70_anc_6-4,0.000233,0.000000,0.000000,0.002425
Q_ind_71_anc_6-4,0.000258,0.000000,0.000000,0.001994
Q_ind_72_anc_6-4,0.000279,0.000000,0.000000,0.003097
Q_ind_73_anc_6-4,0.000276,0.000000,0.000000,0.003280
Q_ind_74_anc_6-4,0.001485,0.000000,0.000000,0.022979
Q_ind_75_anc_6-4,0.000162,0.000000,0.000000,0.001418
Q_ind_76_anc_6-4,0.000278,0.000000,0.000000,0.003695
Q_ind_77_anc_6-4,0.037216,0.000000,0.000000,0.191824
Q_ind_78_anc_6-4,0.088644,0.092480,0.000000,0.200359
Q_ind_79_anc_6-4,0.022343,0.000000,0.000000,0.124195
Q_ind_80_anc_6-4,0.027421,0.000000,0.000000,0.145359
Q_ind_81_anc_6-4,0.015247,0.000000,0.000000,0.174562
Q_ind_82_anc_6-4,0.000875,0.000000,0.000000,0.010181
Q_ind_83_anc_6-4,0.135522,0.133504,0.057894,0.220915
Q_ind_84_anc_6-4,0.156757,0.151846,0.063846,0.256434
Q_ind_85_anc_6-4,0.130442,0.126738,0.038219,0.222264
Q_ind_86_anc_6-4,0.088194,0.093860,0.000000,0.221083
Q_ind_87_anc_6-4,0.060681,0.069208,0.000000,0.132209
Q_ind_88_anc_6-4,0.000486,0.000000,0.000000,0.005122
Q_ind_89_anc_6-4,0.000639,0.000000,0.000000,0.009277
Q_ind_90_anc_6-4,0.003828,0.000000,0.000000,0.064705
Q_ind_91_anc_6-4,0.002937,0.000000,0.000000,0.036112
Q_ind_92_anc_6-4,0.004639,0.000000,0.000000,0.093272
Q_ind_93_anc_6-4,0.010307,0.000000,0.000000,0.139817
Q_ind_94_anc_6-4,0.000511,0.000000,0.000000,0.004410
Q_ind_95_anc_6-4,0.016674,0.000000,0.000000,0.180511
Q_ind_96_anc_6-4,0.000097,0.000000,0.000000,0.000931
Q_ind_97_anc_6-4,0.000325,0.000000,0.000000,0.004165
Q_ind_98_anc_6-4,0.000052,0.000000,0.000000,0.000540
Q_ind_99_anc_6-4,0.000076,0.000000,0.000000,0.000670
Q_ind_100_anc_6-4,0.000097,0.000000,0.000000,0.001081
Q_ind_101_anc_6-4,0.000111,0.000000,0.000000,0.001064
Q_ind_102_anc_6-4,0.000062,0.000000,0.000000,0.000660
Q_ind_103_anc_6-4,0.000144,0.000000,0.000000,0.001761
Q_ind_104_anc_6-4,0.000133,0.000000,0.000000,0.001721
Q_ind_105_anc_6-4,0.000118,0.000000,0.000000,0.001128
Q_ind_106_anc_6-4,0.001119,0.000000,0.000000,0.015170
Q_ind_107_anc_6-4,0.000682,0.000000,0.000000,0.006552
Q_ind_108_anc_6-4,0.000156,0.000000,0.000000,0.001807
Q_ind_109_anc_6-4,0.000277,0.000000,0.000000,0.002932
Q_ind_110_anc_6-4,0.000252,0.000000,0.000000,0.003292
Q_ind_111_anc_6-4,0.000201,0.000000,0.000000,0.001874
Q_ind_112_anc_6-4,0.000214,0.000000,0.000000,0.002350
Q_ind_113_anc_6-4,0.000591,0.000000,0.000000,0.005843
Q_ind_114_anc_6-4,0.001324,0.000000,0.000000,0.019295
Q_ind_115_anc_6-4,0.000446,0.000000,0.000000,0.004792
Q_ind_116_anc_6-4,0.000159,0.000000,0.000000,0.002008
Q_ind_117_anc_6-4,0.000126,0.000000,0.000000,0.001471
Q_ind_118_anc_6-4,0.000152,0.000000,0.000000,0.001666
Q_ind_119_anc_6-4,0.000291,0.000000,0.000000,0.002928
Q_ind_120_anc_6-4,0.000115,0.000000,0.000000,0.001316
Q_ind_121_anc_6-4,0.001704,0.000000,0.000000,0.021492
Q_ind_122_anc_6-4,0.000190,0.000000,0.000000,0.002646
Q_ind_123_anc_6-4,0.000227,0.000000,0.000000,0.002902
Q_ind_124_anc_6-4,0.000334,0.000000,0.000000,0.002397
Q_ind_125_anc_6-4,0.002755,0.000000,0.000000,0.046730
Q_ind_126_anc_6-4,0.002155,0.000000,0.000000,0.030714
Q_ind_127_anc_6-4,0.056781,0.063041,0.000000,0.143114
Q_ind_128_anc_6-4,0.049919,0.000050,0.000000,0.170725
Q_ind_129_anc_6-4,0.003390,0.000000,0.000000,0.051705
Q_ind_130_anc_6-4,0.000273,0.000000,0.000000,0.002242
Q_ind_131_anc_6-4,0.000495,0.000000,0.000000,0.006875
Q_ind_132_anc_6-4,0.000074,0.000000,0.000000,0.000779
Q_ind_133_anc_6-4,0.000297,0.000000,0.000000,0.003325
Q_ind_134_anc_6-4,0.000519,0.000000,0.000000,0.006928
Q_ind_135_anc_6-4,0.000188,0.000000,0.000000,0.001997
Q_ind_136_anc_6-4,0.000927,0.000000,0.000000,0.013063
Q_ind_137_anc_6-4,0.000160,0.000000,0.000000,0.001582
Q_ind_138_anc_6-4,0.000162,0.000000,0.000000,0.001734
Q_ind_139_anc_6-4,0.000161,0.000000,0.000000,0.001305
Q_ind_140_anc_6-4,0.000297,0.000000,0.000000,0.003077
Q_ind_141_anc_6-4,0.000228,0.000000,0.000000,0.002523
Q_ind_142_anc_6-4,0.000045,0.000000,0.000000,0.000427
Q_ind_143_anc_6-4,0.000299,0.000000,0.000000,0.003634
Q_ind_144_anc_6-4,0.000162,0.000000,0.000000,0.001694
Q_ind_145_anc_6-4,0.000256,0.000000,0.000000,0.002872
Q_ind_146_anc_6-4,0.000528,0.000000,0.000000,0.006100
Q_ind_147_anc_6-4,0.000412,0.000000,0.000000,0.002982
Q_ind_148_anc_6-4,0.001362,0.000000,0.000000,0.020150
Q_ind_149_anc_6-4,0.112416,0.113466,0.040837,0.180411
Q_ind_150_anc_6-4,0.000794,0.000000,0.000000,0.009834
Q_ind_151_anc_6-4,0.000662,0.000000,0.000000,0.009446
Q_ind_152_anc_6-4,0.000290,0.000000,0.000000,0.003570
Q_ind_153_anc_6-4,0.000288,0.000000,0.000000,0.002713
Q_ind_154_anc_6-4,0.001161,0.000000,0.000000,0.015374
Q_ind_155_anc_6-4,0.013433,0.000000,0.000000,0.113418
Q_ind_156_anc_6-4,0.208466,0.220432,0.046046,0.319528
Q_ind_157_anc_6-4,0.114082,0.127642,0.000000,0.228444
Q_ind_158_anc_6-4,0.000713,0.000000,0.000000,0.009118
Q_ind_159_anc_6-4,0.137963,0.137081,0.063588,0.217423
Q_ind_160_anc_6-4,0.218121,0.243231,0.000000,0.373862
Q_ind_161_anc_6-4,0.122115,0.149327,0.000000,0.261902
Q_ind_162_anc_6-4,0.141512,0.165731,0.000000,0.285159
Q_ind_163_anc_6-4,0.180426,0.179153,0.103678,0.269504
Q_ind_164_anc_6-4,0.085395,0.077060,0.000000,0.231288
Q_ind_165_anc_6-4,0.001025,0.000000,0.000000,0.014240
Q_ind_166_anc_6-4,0.000151,0.000000,0.000000,0.001159
Q_ind_167_anc_6-4,0.000945,0.000000,0.000000,0.012803
Q_ind_168_anc_6-4,0.000582,0.000000,0.000000,0.007124
Q_ind_169_anc_6-4,0.000233,0.000000,0.000000,0.002530
Q_ind_170_anc_6-4,0.000122,0.000000,0.000000,0.001410
Q_ind_171_anc_6-4,0.009049,0.000000,0.000000,0.056623
Q_ind_172_anc_6-4,0.000162,0.000000,0.000000,0.002001
Q_ind_173_anc_6-4,0.000077,0.000000,0.000000,0.000827
Q_ind_174_anc_6-4,0.003042,0.000000,0.000000,0.034754
Q_ind_175_anc_6-4,0.000482,0.000000,0.000000,0.006556
Q_ind_176_anc_6-4,0.000742,0.000000,0.000000,0.009197
Q_ind_177_anc_6-4,0.069930,0.000040,0.000000,0.308675
Q_ind_178_anc_6-4,0.176412,0.179153,0.050956,0.286466
Q_ind_179_anc_6-4,0.259418,0.278987,0.000000,0.357487
Q_ind_180_anc_6-4,0.056262,0.002364,0.000000,0.214984
Q_ind_181_anc_6-4,0.063802,0.003261,0.000000,0.203095
Q_ind_182_anc_6-4,0.002291,0.000000,0.000000,0.033199
Q_ind_183_anc_6-4,0.035338,0.000000,0.000000,0.190029
Q_ind_184_anc_6-4,0.174149,0.222278,0.000000,0.298779
Q_ind_185_anc_6-4,0.000142,0.000000,0.000000,0.001224
Q_ind_186_anc_6-4,0.000117,0.000000,0.000000,0.001193
Q_ind_187_anc_6-4,0.000095,0.000000,0.000000,0.001015
Q_ind_188_anc_6-4,0.000127,0.000000,0.000000,0.001265
Q_ind_189_anc_6-4,0.000261,0.000000,0.000000,0.002946
Q_ind_190_anc_6-4,0.000745,0.000000,0.000000,0.008155
Q_ind_191_anc_6-4,0.000102,0.000000,0.000000,0.001275
Q_ind_192_anc_6-4,0.000077,0.000000,0.000000,0.000921
Q_ind_193_anc_6-4,0.000113,0.000000,0.000000,0.001214
Q_ind_194_anc_6-4,0.000032,0.000000,0.000000,0.000304
Q_ind_195_anc_6-4,0.000404,0.000000,0.000000,0.004778
Q_ind_196_anc_6-4,0.000057,0.000000,0.000000,0.000596
Q_ind_197_anc_6-4,0.000043,0.000000,0.000000,0.000498
Q_ind_198_anc_6-4,0.000081,0.000000,0.000000,0.000735
Q_ind_199_anc_6-4,0.000169,0.000000,0.000000,0.001658
Q_ind_200_anc_6-4,0.000089,0.000000,0.000000,0.000898
Q_ind_201_anc_6-4,0.000158,0.000000,0.000000,0.001331
Q_ind_202_anc_6-4,0.000307,0.000000,0.000000,0.003515
Q_ind_203_anc_6-4,0.003584,0.000000,0.000000,0.053602
Q_ind_204_anc_6-4,0.000566,0.000000,0.000000,0.006160
Q_ind_205_anc_6-4,0.001005,0.000000,0.000000,0.014779
Q_ind_206_anc_6-4,0.000441,0.000000,0.000000,0.003659
Q_ind_207_anc_6-4,0.005321,0.000000,0.000000,0.058421
Q_ind_208_anc_6-4,0.000147,0.000000,0.000000,0.001537
Q_ind_209_anc_6-4,0.000384,0.000000,0.000000,0.004269
Q_ind_210_anc_6-4,0.000456,0.000000,0.000000,0.005100
Q_ind_211_anc_6-4,0.000382,0.000000,0.000000,0.004074
Q_ind_212_anc_6-4,0.000129,0.000000,0.000000,0.001328
Q_ind_213_anc_6-4,0.000871,0.000000,0.000000,0.013163
Q_ind_214_anc_6-4,0.000223,0.000000,0.000000,0.002056
Q_ind_215_anc_6-4,0.006953,0.000000,0.000000,0.065062
Q_ind_216_anc_6-4,0.001023,0.000000,0.000000,0.014199
Q_ind_217_anc_6-4,0.000109,0.000000,0.000000,0.001421
Q_ind_218_anc_6-4,0.000350,0.000000,0.000000,0.004557
Q_ind_219_anc_6-4,0.000191,0.000000,0.000000,0.001534
Q_ind_220_anc_6-4,0.000552,0.000000,0.000000,0.005876
Q_ind_221_anc_6-4,0.000736,0.000000,0.000000,0.008040
Q_ind_222_anc_6-4,0.000735,0.000000,0.000000,0.009595
Q_ind_223_anc_6-4,0.000150,0.000000,0.000000,0.001525
Q_ind_224_anc_6-4,0.000300,0.000000,0.000000,0.003663
Q_ind_225_anc_6-4,0.042304,0.034787,0.000000,0.126941
Q_ind_226_anc_6-4,0.000324,0.000000,0.000000,0.002356
Q_ind_227_anc_6-4,0.000161,0.000000,0.000000,0.001559
Q_ind_228_anc_6-4,0.000805,0.000000,0.000000,0.010452
Q_ind_229_anc_6-4,0.000339,0.000000,0.000000,0.003613
Q_ind_230_anc_6-4,0.000190,0.000000,0.000000,0.002216
Q_ind_231_anc_6-4,0.000174,0.000000,0.000000,0.001874
Q_ind_232_anc_6-4,0.000202,0.000000,0.000000,0.001815
Q_ind_233_anc_6-4,0.000247,0.000000,0.000000,0.002556
Q_ind_234_anc_6-4,0.000142,0.000000,0.000000,0.001361
Q_ind_235_anc_6-4,0.000327,0.000000,0.000000,0.004405
Q_ind_236_anc_6-4,0.000115,0.000000,0.000000,0.001145
Q_ind_237_anc_6-4,0.000093,0.000000,0.000000,0.000937
Q_ind_238_anc_6-4,0.000091,0.000000,0.000000,0.000818
Q_ind_239_anc_6-4,0.000126,0.000000,0.000000,0.001162
Q_ind_240_anc_6-4,0.000108,0.000000,0.000000,0.001223
Q_ind_241_anc_6-4,0.001996,0.000000,0.000000,0.028641
Q_ind_242_anc_6-4,0.002304,0.000000,0.000000,0.023478
Q_ind_243_anc_6-4,0.000114,0.000000,0.000000,0.001331
Q_ind_244_anc_6-4,0.000711,0.000000,0.000000,0.009940
Q_ind_245_anc_6-4,0.000077,0.000000,0.000000,0.000689
Q_ind_1_anc_6-5,0.000265,0.000000,0.000000,0.003635
Q_ind_2_anc_6-5,0.000221,0.000000,0.000000,0.002456
Q_ind_3_anc_6-5,0.000210,0.000000,0.000000,0.002240
Q_ind_4_anc_6-5,0.000191,0.000000,0.000000,0.001985
Q_ind_5_anc_6-5,0.030396,0.020931,0.000000,0.100736
Q_ind_6_anc_6-5,0.000604,0.000000,0.000000,0.008285
Q_ind_7_anc_6-5,0.000132,0.000000,0.000000,0.001338
Q_ind_8_anc_6-5,0.000457,0.000000,0.000000,0.005594
Q_ind_9_anc_6-5,0.000289,0.000000,0.000000,0.003620
Q_ind_10_anc_6-5,0.000085,0.000000,0.000000,0.000650
Q_ind_11_anc_6-5,0.000426,0.000000,0.000000,0.005103
Q_ind_12_anc_6-5,0.000404,0.000000,0.000000,0.003882
Q_ind_13_anc_6-5,0.009238,0.000000,0.000000,0.075870
Q_ind_14_anc_6-5,0.003038,0.000000,0.000000,0.047721
Q_ind_15_anc_6-5,0.000404,0.000000,0.000000,0.004056
Q_ind_16_anc_6-5,0.004700,0.000000,0.000000,0.060500
Q_ind_17_anc_6-5,0.000784,0.000000,0.000000,0.010787
Q_ind_18_anc_6-5,0.044013,0.000472,0.000000,0.153322
Q_ind_19_anc_6-5,0.000724,0.000000,0.000000,0.008507
Q_ind_20_anc_6-5,0.162836,0.159347,0.090884,0.251023
Q_ind_21_anc_6-5,0.023277,0.000002,0.000000,0.110089
Q_ind_22_anc_6-5,0.000550,0.000000,0.000000,0.008082
Q_ind_23_anc_6-5,0.002070,0.000000,0.000000,0.030751
Q_ind_24_anc_6-5,0.004124,0.000000,0.000000,0.048117
Q_ind_25_anc_6-5,0.002046,0.000000,0.000000,0.031977
Q_ind_26_anc_6-5,0.000249,0.000000,0.000000,0.002967
Q_ind_27_anc_6-5,0.001407,0.000000,0.000000,0.023319
Q_ind_28_anc_6-5,0.000702,0.000000,0.000000,0.009792
Q_ind_29_anc_6-5,0.004775,0.000000,0.000000,0.050771
Q_ind_30_anc_6-5,0.000565,0.000000,0.000000,0.007785
Q_ind_31_anc_6-5,0.000140,0.000000,0.000000,0.001609
Q_ind_32_anc_6-5,0.000312,0.000000,0.000000,0.003719
Q_ind_33_anc_6-5,0.000661,0.000000,0.000000,0.010239
Q_ind_34_anc_6-5,0.000155,0.000000,0.000000,0.001381
Q_ind_35_anc_6-5,0.000310,0.000000,0.000000,0.003165
Q_ind_36_anc_6-5,0.000106,0.000000,0.000000,0.001148
Q_ind_37_anc_6-5,0.000987,0.000000,0.000000,0.015190
Q_ind_38_anc_6-5,0.000128,0.000000,0.000000,0.001278
Q_ind_39_anc_6-5,0.080659,0.089711,0.000000,0.144378
Q_ind_40_anc_6-5,0.001423,0.000000,0.000000,0.021460
Q_ind_41_anc_6-5,0.000942,0.000000,0.000000,0.014411
Q_ind_42_anc_6-5,0.000240,0.000000,0.000000,0.003000
Q_ind_43_anc_6-5,0.000347,0.000000,0.000000,0.004451
Q_ind_44_anc_6-5,0.000182,0.000000,0.000000,0.001839
Q_ind_45_anc_6-5,0.000111,0.000000,0.000000,0.001183
Q_ind_46_anc_6-5,0.000095,0.000000,0.000000,0.001108
Q_ind_47_anc_6-5,0.000713,0.000000,0.000000,0.007813
Q_ind_48_anc_6-5,0.000373,0.000000,0.000000,0.004451
Q_ind_49_anc_6-5,0.000222,0.000000,0.000000,0.002200
Q_ind_50_anc_6-5,0.000253,0.000000,0.000000,0.002598
Q_ind_51_anc_6-5,0.000428,0.000000,0.000000,0.004157
Q_ind_52_anc_6-5,0.000303,0.000000,0.000000,0.003880
Q_ind_53_anc_6-5,0.000292,0.000000,0.000000,0.003046
Q_ind_54_anc_6-5,0.000289,0.000000,0.000000,0.003019
Q_ind_55_anc_6-5,0.000311,0.000000,0.000000,0.003252
Q_ind_56_anc_6-5,0.000181,0.000000,0.000000,0.001824
Q_ind_57_anc_6-5,0.003006,0.000000,0.000000,0.039070
Q_ind_58_anc_6-5,0.000124,0.000000,0.000000,0.000962
Q_ind_59_anc_6-5,0.001241,0.000000,0.000000,0.017748
Q_ind_60_anc_6-5,0.000777,0.000000,0.000000,0.008926
Q_ind_61_anc_6-5,0.000216,0.000000,0.000000,0.002247
Q_ind_62_anc_6-5,0.000716,0.000000,0.000000,0.007755
Q_ind_63_anc_6-5,0.000086,0.000000,0.000000,0.000980
Q_ind_64_anc_6-5,0.000125,0.000000,0.000000,0.001228
Q_ind_65_anc_6-5,0.000202,0.000000,0.000000,0.001963
Q_ind_66_anc_6-5,0.000104,0.000000,0.000000,0.001144
Q_ind_67_anc_6-5,0.000129,0.000000,0.000000,0.001312
Q_ind_68_anc_6-5,0.000250,0.000000,0.000000,0.003024
Q_ind_69_anc_6-5,0.000865,0.000000,0.000000,0.013281
Q_ind_70_anc_6-5,0.019983,0.000092,0.000000,0.083071
Q_ind_71_anc_6-5,0.005566,0.000000,0.000000,0.055095
Q_ind_72_anc_6-5,0.007577,0.000000,0.000000,0.064929
Q_ind_73_anc_6-5,0.001795,0.000000,0.000000,0.026390
Q_ind_74_anc_6-5,0.010972,0.000000,0.000000,0.079121
Q_ind_75_anc_6-5,0.056384,0.065891,0.000000,0.135697
Q_ind_76_anc_6-5,0.000326,0.000000,0.000000,0.004701
Q_ind_77_anc_6-5,0.000175,0.000000,0.000000,0.001858
Q_ind_78_anc_6-5,0.000663,0.000000,0.000000,0.004587
Q_ind_79_anc_6-5,0.000950,0.000000,0.000000,0.013348
Q_ind_80_anc_6-5,0.000523,0.000000,0.000000,0.006731
Q_ind_81_anc_6-5,0.001349,0.000000,0.000000,0.019164
Q_ind_82_anc_6-5,0.001003,0.000000,0.000000,0.014144
Q_ind_83_anc_6-5,0.000194,0.000000,0.000000,0.001980
Q_ind_84_anc_6-5,0.000508,0.000000,0.000000,0.003331
Q_ind_85_anc_6-5,0.000272,0.000000,0.000000,0.002758
Q_ind_86_anc_6-5,0.000338,0.000000,0.000000,0.004078
Q_ind_87_anc_6-5,0.000181,0.000000,0.000000,0.001928
Q_ind_88_anc_6-5,0.000911,0.000000,0.000000,0.013440
Q_ind_89_anc_6-5,0.000903,0.000000,0.000000,0.011286
Q_ind_90_anc_6-5,0.003439,0.000000,0.000000,0.053765
Q_ind_91_anc_6-5,0.000447,0.000000,0.000000,0.006603
Q_ind_92_anc_6-5,0.000901,0.000000,0.000000,0.010423
Q_ind_93_anc_6-5,0.001193,0.000000,0.000000,0.016734
Q_ind_94_anc_6-5,0.161965,0.163135,0.094902,0.225487
Q_ind_95_anc_6-5,0.001327,0.000000,0.000000,0.010578
Q_ind_96_anc_6-5,0.000117,0.000000,0.000000,0.001225
Q_ind_97_anc_6-5,0.000119,0.000000,0.000000,0.001291
Q_ind_98_anc_6-5,0.007580,0.000000,0.000000,0.070487
Q_ind_99_anc_6-5,0.152524,0.155910,0.001841,0.251535
Q_ind_100_anc_6-5,0.000100,0.000000,0.000000,0.000787
Q_ind_101_anc_6-5,0.000228,0.000000,0.000000,0.002345
Q_ind_102_anc_6-5,0.000177,0.000000,0.000000,0.001752
Q_ind_103_anc_6-5,0.000434,0.000000,0.000000,0.005995
Q_ind_104_anc_6-5,0.000086,0.000000,0.000000,0.000870
Q_ind_105_anc_6-5,0.149017,0.148355,0.074084,0.230001
Q_ind_106_anc_6-5,0.000956,0.000000,0.000000,0.013587
Q_ind_107_anc_6-5,0.000159,0.000000,0.000000,0.001576
Q_ind_108_anc_6-5,0.000370,0.000000,0.000000,0.003659
Q_ind_109_anc_6-5,0.001342,0.000000,0.000000,0.017873
Q_ind_110_anc_6-5,0.000766,0.000000,0.000000,0.010981
Q_ind_111_anc_6-5,0.000389,0.000000,0.000000,0.004636
Q_ind_112_anc_6-5,0.002795,0.000000,0.000000,0.036059
Q_ind_113_anc_6-5,0.000533,0.000000,0.000000,0.006101
Q_ind_114_anc_6-5,0.006094,0.000000,0.000000,0.057847
Q_ind_115_anc_6-5,0.000239,0.000000,0.000000,0.002404
Q_ind_116_anc_6-5,0.000321,0.000000,0.000000,0.003755
Q_ind_117_anc_6-5,0.000375,0.000000,0.000000,0.005117
Q_ind_118_anc_6-5,0.000179,0.000000,0.000000,0.001740
Q_ind_119_anc_6-5,0.000263,0.000000,0.000000,0.002405
Q_ind_120_anc_6-5,0.000110,0.000000,0.000000,0.001095
Q_ind_121_anc_6-5,0.000674,0.000000,0.000000,0.009672
Q_ind_122_anc_6-5,0.000440,0.000000,0.000000,0.005712
Q_ind_123_anc_6-5,0.000230,0.000000,0.000000,0.002428
Q_ind_124_anc_6-5,0.120101,0.121988,0.000002,0.196367
Q_ind_125_anc_6-5,0.000417,0.000000,0.000000,0.004839
Q_ind_126_anc_6-5,0.001386,0.000000,0.000000,0.017737
Q_ind_127_anc_6-5,0.004583,0.000000,0.000000,0.052165
Q_ind_128_anc_6-5,0.001906,0.000000,0.000000,0.029081
Q_ind_129_anc_6-5,0.001848,0.000000,0.000000,0.031536
Q_ind_130_anc_6-5,0.003278,0.000000,0.000000,0.043453
Q_ind_131_anc_6-5,0.089101,0.107147,0.000000,0.171245
Q_ind_132_anc_6-5,0.091845,0.088189,0.020984,0.168569
Q_ind_133_anc_6-5,0.000273,0.000000,0.000000,0.003170
Q_ind_134_anc_6-5,0.001095,0.000000,0.000000,0.015903
Q_ind_135_anc_6-5,0.000206,0.000000,0.000000,0.002267
Q_ind_136_anc_6-5,0.002811,0.000000,0.000000,0.040442
Q_ind_137_anc_6-5,0.005798,0.000000,0.000000,0.059839
Q_ind_138_anc_6-5,0.000144,0.000000,0.000000,0.001364
Q_ind_139_anc_6-5,0.007476,0.000000,0.000000,0.086667
Q_ind_140_anc_6-5,0.000534,0.000000,0.000000,0.006877
Q_ind_141_anc_6-5,0.001311,0.000000,0.000000,0.019691
Q_ind_142_anc_6-5,0.032602,0.000000,0.000000,0.132493
Q_ind_143_anc_6-5,0.000841,0.000000,0.000000,0.012122
Q_ind_144_anc_6-5,0.000385,0.000000,0.000000,0.003714
Q_ind_145_anc_6-5,0.000094,0.000000,0.000000,0.000806
Q_ind_146_anc_6-5,0.000209,0.000000,0.000000,0.002456
Q_ind_147_anc_6-5,0.000322,0.000000,0.000000,0.003727
Q_ind_148_anc_6-5,0.001387,0.000000,0.000000,0.021312
Q_ind_149_anc_6-5,0.000575,0.000000,0.000000,0.006392
Q_ind_150_anc_6-5,0.000254,0.000000,0.000000,0.003022
Q_ind_151_anc_6-5,0.000063,0.000000,0.000000,0.000599
Q_ind_152_anc_6-5,0.000307,0.000000,0.000000,0.003641
Q_ind_153_anc_6-5,0.000119,0.000000,0.000000,0.001262
Q_ind_154_anc_6-5,0.000479,0.000000,0.000000,0.005916
Q_ind_155_anc_6-5,0.083074,0.089393,0.000000,0.146907
Q_ind_156_anc_6-5,0.000383,0.000000,0.000000,0.005282
Q_ind_157_anc_6-5,0.004260,0.000000,0.000000,0.046340
Q_ind_158_anc_6-5,0.000689,0.000000,0.000000,0.008879
Q_ind_159_anc_6-5,0.000264,0.000000,0.000000,0.002633
Q_ind_160_anc_6-5,0.000231,0.000000,0.000000,0.002487
Q_ind_161_anc_6-5,0.000482,0.000000,0.000000,0.006491
Q_ind_162_anc_6-5,0.000256,0.000000,0.000000,0.003167
Q_ind_163_anc_6-5,0.000187,0.000000,0.000000,0.002182
Q_ind_164_anc_6-5,0.000500,0.000000,0.000000,0.006409
Q_ind_165_anc_6-5,0.000658,0.000000,0.000000,0.009520
Q_ind_166_anc_6-5,0.000264,0.000000,0.000000,0.002903
Q_ind_167_anc_6-5,0.000373,0.000000,0.000000,0.004506
Q_ind_168_anc_6-5,0.003328,0.000000,0.000000,0.053675
Q_ind_169_anc_6-5,0.000763,0.000000,0.000000,0.009483
Q_ind_170_anc_6-5,0.000442,0.000000,0.000000,0.005561
Q_ind_171_anc_6-5,0.000581,0.000000,0.000000,0.007407
Q_ind_172_anc_6-5,0.000817,0.000000,0.000000,0.011087
Q_ind_173_anc_6-5,0.009668,0.000000,0.000000,0.084580
Q_ind_174_anc_6-5,0.000363,0.000000,0.000000,0.004617
Q_ind_175_anc_6-5,0.002315,0.000000,0.000000,0.031819
Q_ind_176_anc_6-5,0.095799,0.094092,0.044413,0.159903
Q_ind_177_anc_6-5,0.000320,0.000000,0.000000,0.003008
Q_ind_178_anc_6-5,0.000367,0.000000,0.000000,0.003266
Q_ind_179_anc_6-5,0.000258,0.000000,0.000000,0.003109
Q_ind_180_anc_6-5,0.000155,0.000000,0.000000,0.001069
Q_ind_181_anc_6-5,0.004877,0.000000,0.000000,0.076200
Q_ind_182_anc_6-5,0.000357,0.000000,0.000000,0.003553
Q_ind_183_anc_6-5,0.000292,0.000000,0.000000,0.003870
Q_ind_184_anc_6-5,0.000254,0.000000,0.000000,0.002992
Q_ind_185_anc_6-5,0.000350,0.000000,0.000000,0.003311
Q_ind_186_anc_6-5,0.000283,0.000000,0.000000,0.003620
Q_ind_187_anc_6-5,0.000423,0.000000,0.000000,0.005332
Q_ind_188_anc_6-5,0.001440,0.000000,0.000000,0.019938
Q_ind_189_anc_6-5,0.000389,0.000000,0.000000,0.003731
Q_ind_190_anc_6-5,0.000691,0.000000,0.000000,0.008387
Q_ind_191_anc_6-5,0.000206,0.000000,0.000000,0.001969
Q_ind_192_anc_6-5,0.000218,0.000000,0.000000,0.001785
Q_ind_193_anc_6-5,0.000430,0.000000,0.000000,0.005768
Q_ind_194_anc_6-5,0.000042,0.000000,0.000000,0.000412
Q_ind_195_anc_6-5,0.000111,0.000000,0.000000,0.001063
Q_ind_196_anc_6-5,0.000057,0.000000,0.000000,0.000528
Q_ind_197_anc_6-5,0.000035,0.000000,0.000000,0.000323
Q_ind_198_anc_6-5,0.000043,0.000000,0.000000,0.000456
Q_ind_199_anc_6-5,0.000104,0.000000,0.000000,0.001229
Q_ind_200_anc_6-5,0.000044,0.000000,0.000000,0.000407
Q_ind_201_anc_6-5,0.046841,0.052143,0.000000,0.114513
Q_ind_202_anc_6-5,0.000178,0.000000,0.000000,0.001652
Q_ind_203_anc_6-5,0.000156,0.000000,0.000000,0.001762
Q_ind_204_anc_6-5,0.000192,0.000000,0.000000,0.002554
Q_ind_205_anc_6-5,0.000184,0.000000,0.000000,0.001628
Q_ind_206_anc_6-5,0.000286,0.000000,0.000000,0.003772
Q_ind_207_anc_6-5,0.000543,0.000000,0.000000,0.006751
Q_ind_208_anc_6-5,0.001975,0.000000,0.000000,0.026991
Q_ind_209_anc_6-5,0.000271,0.000000,0.000000,0.003626
Q_ind_210_anc_6-5,0.000182,0.000000,0.000000,0.002181
Q_ind_211_anc_6-5,0.000448,0.000000,0.000000,0.006406
Q_ind_212_anc_6-5,0.204940,0.202219,0.119420,0.297737
Q_ind_213_anc_6-5,0.018612,0.000000,0.000000,0.093541
Q_ind_214_anc_6-5,0.002827,0.000000,0.000000,0.035778
Q_ind_215_anc_6-5,0.001577,0.000000,0.000000,0.024176
Q_ind_216_anc_6-5,0.001561,0.000000,0.000000,0.019550
Q_ind_217_anc_6-5,0.000538,0.000000,0.000000,0.006033
Q_ind_218_anc_6-5,0.050424,0.057518,0.000000,0.113168
Q_ind_219_anc_6-5,0.001415,0.000000,0.000000,0.021270
Q_ind_220_anc_6-5,0.000906,0.000000,0.000000,0.011784
Q_ind_221_anc_6-5,0.061262,0.074416,0.000000,0.158713
Q_ind_222_anc_6-5,0.009179,0.000000,0.000000,0.065329
Q_ind_223_anc_6-5,0.011707,0.000000,0.000000,0.100608
Q_ind_224_anc_6-5,0.224921,0.222471,0.141772,0.319078
Q_ind_225_anc_6-5,0.003259,0.000000,0.000000,0.045941
Q_ind_226_anc_6-5,0.007942,0.000000,0.000000,0.071465
Q_ind_227_anc_6-5,0.016826,0.000000,0.000000,0.129923
Q_ind_228_anc_6-5,0.001621,0.000000,0.000000,0.024634
Q_ind_229_anc_6-5,0.000424,0.000000,0.000000,0.005385
Q_ind_230_anc_6-5,0.040878,0.000027,0.000000,0.157690
Q_ind_231_anc_6-5,0.030945,0.000029,0.000000,0.126112
Q_ind_232_anc_6-5,0.000329,0.000000,0.000000,0.003704
Q_ind_233_anc_6-5,0.002762,0.000000,0.000000,0.040144
Q_ind_234_anc_6-5,0.000275,0.000000,0.000000,0.003448
Q_ind_235_anc_6-5,0.001509,0.000000,0.000000,0.020640
Q_ind_236_anc_6-5,0.000158,0.000000,0.000000,0.001577
Q_ind_237_anc_6-5,0.000241,0.000000,0.000000,0.002038
Q_ind_238_anc_6-5,0.001548,0.000000,0.000000,0.019682
Q_ind_239_anc_6-5,0.002790,0.000000,0.000000,0.039875
Q_ind_240_anc_6-5,0.011543,0.000000,0.000000,0.113006
Q_ind_241_anc_6-5,0.001115,0.000000,0.000000,0.015343
Q_ind_242_anc_6-5,0.002873,0.000000,0.000000,0.041498
Q_ind_243_anc_6-5,0.001409,0.000000,0.000000,0.021887
Q_ind_244_anc_6-5,0.000685,0.000000,0.000000,0.009159
Q_ind_245_anc_6-5,0.004915,0.000000,0.000000,0.059329
Q_ind_1_anc_6-6,0.000243,0.000000,0.000000,0.002163
Q_ind_2_anc_6-6,0.001851,0.000000,0.000000,0.028168
Q_ind_3_anc_6-6,0.024201,0.000000,0.000000,0.244382
Q_ind_4_anc_6-6,0.047570,0.001884,0.000000,0.160800
Q_ind_5_anc_6-6,0.000101,0.000000,0.000000,0.000924
Q_ind_6_anc_6-6,0.012400,0.000000,0.000000,0.094028
Q_ind_7_anc_6-6,0.017548,0.000000,0.000000,0.111180
Q_ind_8_anc_6-6,0.052304,0.054440,0.000000,0.139954
Q_ind_9_anc_6-6,0.079741,0.086343,0.000000,0.210436
Q_ind_10_anc_6-6,0.075310,0.085664,0.000000,0.165997
Q_ind_11_anc_6-6,0.006278,0.000000,0.000000,0.065129
Q_ind_12_anc_6-6,0.008992,0.000000,0.000000,0.073736
Q_ind_13_anc_6-6,0.000150,0.000000,0.000000,0.001208
Q_ind_14_anc_6-6,0.001972,0.000000,0.000000,0.023526
Q_ind_15_anc_6-6,0.000116,0.000000,0.000000,0.001225
Q_ind_16_anc_6-6,0.000563,0.000000,0.000000,0.006893
Q_ind_17_anc_6-6,0.000189,0.000000,0.000000,0.002305
Q_ind_18_anc_6-6,0.000274,0.000000,0.000000,0.003367
Q_ind_19_anc_6-6,0.000165,0.000000,0.000000,0.001819
Q_ind_20_anc_6-6,0.000053,0.000000,0.000000,0.000481
Q_ind_21_anc_6-6,0.008139,0.000000,0.000000,0.073006
Q_ind_22_anc_6-6,0.000158,0.000000,0.000000,0.001841
Q_ind_23_anc_6-6,0.000522,0.000000,0.000000,0.007387
Q_ind_24_anc_6-6,0.001709,0.000000,0.000000,0.024378
Q_ind_25_anc_6-6,0.002410,0.000000,0.000000,0.041821
Q_ind_26_anc_6-6,0.005746,0.000000,0.000000,0.054790
Q_ind_27_anc_6-6,0.000638,0.000000,0.000000,0.007785
Q_ind_28_anc_6-6,0.000482,0.000000,0.000000,0.005672
Q_ind_29_anc_6-6,0.003106,0.000000,0.000000,0.035462
Q_ind_30_anc_6-6,0.000356,0.000000,0.000000,0.003686
Q_ind_31_anc_6-6,0.000048,0.000000,0.000000,0.000516
Q_ind_32_anc_6-6,0.000261,0.000000,0.000000,0.003430
Q_ind_33_anc_6-6,0.000260,0.000000,0.000000,0.002559
Q_ind_34_anc_6-6,0.000211,0.000000,0.000000,0.002293
Q_ind_35_anc_6-6,0.000107,0.000000,0.000000,0.000863
Q_ind_36_anc_6-6,0.000058,0.000000,0.000000,0.000618
Q_ind_37_anc_6-6,0.000255,0.000000,0.000000,0.002909
Q_ind_38_anc_6-6,0.000057,0.000000,0.000000,0.000526
Q_ind_39_anc_6-6,0.000067,0.000000,0.000000,0.000751
Q_ind_40_anc_6-6,0.000174,0.000000,0.000000,0.001668
Q_ind_41_anc_6-6,0.000393,0.000000,0.000000,0.001993
Q_ind_42_anc_6-6,0.000171,0.000000,0.000000,0.001758
Q_ind_43_anc_6-6,0.000134,0.000000,0.000000,0.001569
Q_ind_44_anc_6-6,0.000079,0.000000,0.000000,0.000576
Q_ind_45_anc_6-6,0.000337,0.000000,0.000000,0.003604
Q_ind_46_anc_6-6,0.000118,0.000000,0.000000,0.001173
Q_ind_47_anc_6-6,0.000168,0.000000,0.000000,0.001622
Q_ind_48_anc_6-6,0.000148,0.000000,0.000000,0.001694
Q_ind_49_anc_6-6,0.000539,0.000000,0.000000,0.006820
Q_ind_50_anc_6-6,0.000080,0.000000,0.000000,0.000880
Q_ind_51_anc_6-6,0.000124,0.000000,0.000000,0.001327
Q_ind_52_anc_6-6,0.000069,0.000000,0.000000,0.000788
Q_ind_53_anc_6-6,0.000133,0.000000,0.000000,0.001383
Q_ind_54_anc_6-6,0.000140,0.000000,0.000000,0.001387
Q_ind_55_anc_6-6,0.000099,0.000000,0.000000,0.001044
Q_ind_56_anc_6-6,0.000074,0.000000,0.000000,0.000802
Q_ind_57_anc_6-6,0.000068,0.000000,0.000000,0.000706
Q_ind_58_anc_6-6,0.000055,0.000000,0.000000,0.000632
Q_ind_59_anc_6-6,0.000108,0.000000,0.000000,0.001214
Q_ind_60_anc_6-6,0.000077,0.000000,0.000000,0.000745
Q_ind_61_anc_6-6,0.000107,0.000000,0.000000,0.001008
Q_ind_62_anc_6-6,0.000543,0.000000,0.000000,0.006949
Q_ind_63_anc_6-6,0.052444,0.056201,0.000000,0.095532
Q_ind_64_anc_6-6,0.036979,0.042380,0.000000,0.080638
Q_ind_65_anc_6-6,0.052481,0.056150,0.000000,0.096342
Q_ind_66_anc_6-6,0.064583,0.066133,0.023994,0.104773
Q_ind_67_anc_6-6,0.029196,0.000000,0.000000,0.120397
Q_ind_68_anc_6-6,0.000368,0.000000,0.000000,0.005106
Q_ind_69_anc_6-6,0.000173,0.000000,0.000000,0.002103
Q_ind_70_anc_6-6,0.000069,0.000000,0.000000,0.000567
Q_ind_71_anc_6-6,0.000540,0.000000,0.000000,0.007657
Q_ind_72_anc_6-6,0.000188,0.000000,0.000000,0.001699
Q_ind_73_anc_6-6,0.003089,0.000000,0.000000,0.032843
Q_ind_74_anc_6-6,0.000108,0.000000,0.000000,0.001024
Q_ind_75_anc_6-6,0.000069,0.000000,0.000000,0.000709
Q_ind_76_anc_6-6,0.000242,0.000000,0.000000,0.001861
Q_ind_77_anc_6-6,0.003375,0.000000,0.000000,0.046802
Q_ind_78_anc_6-6,0.011503,0.000000,0.000000,0.106867
Q_ind_79_anc_6-6,0.000821,0.000000,0.000000,0.007532
Q_ind_80_anc_6-6,0.001473,0.000000,0.000000,0.022206
Q_ind_81_anc_6-6,0.000487,0.000000,0.000000,0.004879
Q_ind_82_anc_6-6,0.005462,0.000000,0.000000,0.060194
Q_ind_83_anc_6-6,0.000461,0.000000,0.000000,0.006132
Q_ind_84_anc_6-6,0.001807,0.000000,0.000000,0.023524
Q_ind_85_anc_6-6,0.002017,0.000000,0.000000,0.026504
Q_ind_86_anc_6-6,0.000618,0.000000,0.000000,0.008381
Q_ind_87_anc_6-6,0.000887,0.000000,0.000000,0.011458
Q_ind_88_anc_6-6,0.001810,0.000000,0.000000,0.026521
Q_ind_89_anc_6-6,0.000594,0.000000,0.000000,0.006769
Q_ind_90_anc_6-6,0.009634,0.000000,0.000000,0.070869
Q_ind_91_anc_6-6,0.003018,0.000000,0.000000,0.036482
Q_ind_92_anc_6-6,0.000379,0.000000,0.000000,0.004181
Q_ind_93_anc_6-6,0.000504,0.000000,0.000000,0.006249
Q_ind_94_anc_6-6,0.000093,0.000000,0.000000,0.000682
Q_ind_95_anc_6-6,0.002861,0.000000,0.000000,0.042473
Q_ind_96_anc_6-6,0.000157,0.000000,0.000000,0.002019
Q_ind_97_anc_6-6,0.000154,0.000000,0.000000,0.001540
Q_ind_98_anc_6-6,0.000042,0.000000,0.000000,0.000439
Q_ind_99_anc_6-6,0.000049,0.000000,0.000000,0.000473
Q_ind_100_anc_6-6,0.000190,0.000000,0.000000,0.001754
Q_ind_101_anc_6-6,0.000106,0.000000,0.000000,0.001162
Q_ind_102_anc_6-6,0.000053,0.000000,0.000000,0.000541
Q_ind_103_anc_6-6,0.000307,0.000000,0.000000,0.003843
Q_ind_104_anc_6-6,0.000248,0.000000,0.000000,0.003306
Q_ind_105_anc_6-6,0.000027,0.000000,0.000000,0.000277
Q_ind_106_anc_6-6,0.000777,0.000000,0.000000,0.011506
Q_ind_107_anc_6-6,0.003272,0.000000,0.000000,0.051301
Q_ind_108_anc_6-6,0.001149,0.000000,0.000000,0.014981
Q_ind_109_anc_6-6,0.000965,0.000000,0.000000,0.013821
Q_ind_110_anc_6-6,0.000576,0.000000,0.000000,0.006397
Q_ind_111_anc_6-6,0.000238,0.000000,0.000000,0.002469
Q_ind_112_anc_6-6,0.000177,0.000000,0.000000,0.001951
Q_ind_113_anc_6-6,0.002939,0.000000,0.000000,0.044929
Q_ind_114_anc_6-6,0.036056,0.000001,0.000000,0.137475
Q_ind_115_anc_6-6,0.000179,0.000000,0.000000,0.001693
Q_ind_116_anc_6-6,0.000133,0.000000,0.000000,0.001519
Q_ind_117_anc_6-6,0.000365,0.000000,0.000000,0.004258
Q_ind_118_anc_6-6,0.000121,0.000000,0.000000,0.001075
Q_ind_119_anc_6-6,0.000129,0.000000,0.000000,0.001298
Q_ind_120_anc_6-6,0.000072,0.000000,0.000000,0.000834
Q_ind_121_anc_6-6,0.002441,0.000000,0.000000,0.025348
Q_ind_122_anc_6-6,0.000142,0.000000,0.000000,0.001431
Q_ind_123_anc_6-6,0.000695,0.000000,0.000000,0.010719
Q_ind_124_anc_6-6,0.000084,0.000000,0.000000,0.000784
Q_ind_125_anc_6-6,0.002255,0.000000,0.000000,0.034471
Q_ind_126_anc_6-6,0.021022,0.000000,0.000000,0.118634
Q_ind_127_anc_6-6,0.013334,0.000000,0.000000,0.100037
Q_ind_128_anc_6-6,0.003225,0.000000,0.000000,0.047599
Q_ind_129_anc_6-6,0.001918,0.000000,0.000000,0.033387
Q_ind_130_anc_6-6,0.000451,0.000000,0.000000,0.004361
Q_ind_131_anc_6-6,0.000106,0.000000,0.000000,0.000925
Q_ind_132_anc_6-6,0.000028,0.000000,0.000000,0.000252
Q_ind_133_anc_6-6,0.002149,0.000000,0.000000,0.028423
Q_ind_134_anc_6-6,0.010054,0.000000,0.000000,0.048924
Q_ind_135_anc_6-6,0.003296,0.000000,0.000000,0.043462
Q_ind_136_anc_6-6,0.001503,0.000000,0.000000,0.024351
Q_ind_137_anc_6-6,0.003012,0.000000,0.000000,0.036645
Q_ind_138_anc_6-6,0.000050,0.000000,0.000000,0.000484
Q_ind_139_anc_6-6,0.000144,0.000000,0.000000,0.001404
Q_ind_140_anc_6-6,0.000858,0.000000,0.000000,0.011659
Q_ind_141_anc_6-6,0.000657,0.000000,0.000000,0.008171
Q_ind_142_anc_6-6,0.000029,0.000000,0.000000,0.000224
Q_ind_143_anc_6-6,0.000747,0.000000,0.000000,0.010362
Q_ind_144_anc_6-6,0.001578,0.000000,0.000000,0.024613
Q_ind_145_anc_6-6,0.019745,0.019731,0.000000,0.052800
Q_ind_146_anc_6-6,0.013550,0.000000,0.000000,0.061605
Q_ind_147_anc_6-6,0.035321,0.038110,0.000000,0.076883
Q_ind_148_anc_6-6,0.021367,0.010413,0.000000,0.075588
Q_ind_149_anc_6-6,0.000109,0.000000,0.000000,0.000948
Q_ind_150_anc_6-6,0.026125,0.026864,0.000000,0.070381
Q_ind_151_anc_6-6,0.003070,0.000000,0.000000,0.031122
Q_ind_152_anc_6-6,0.041700,0.044821,0.000000,0.079995
Q_ind_153_anc_6-6,0.030074,0.032915,0.000000,0.071752
Q_ind_154_anc_6-6,0.029728,0.030465,0.000000,0.079848
Q_ind_155_anc_6-6,0.000053,0.000000,0.000000,0.000493
Q_ind_156_anc_6-6,0.089564,0.101506,0.000000,0.230754
Q_ind_157_anc_6-6,0.186762,0.190894,0.082073,0.280971
Q_ind_158_anc_6-6,0.229414,0.223299,0.146885,0.351416
Q_ind_159_anc_6-6,0.072119,0.065643,0.000000,0.197049
Q_ind_160_anc_6-6,0.151823,0.180955,0.000000,0.288270
Q_ind_161_anc_6-6,0.096124,0.100466,0.000000,0.214214
Q_ind_162_anc_6-6,0.110860,0.128458,0.000000,0.233352
Q_ind_163_anc_6-6,0.206683,0.209339,0.112312,0.289332
Q_ind_164_anc_6-6,0.182275,0.191292,0.042062,0.270299
Q_ind_165_anc_6-6,0.000978,0.000000,0.000000,0.011954
Q_ind_166_anc_6-6,0.000285,0.000000,0.000000,0.003556
Q_ind_167_anc_6-6,0.018056,0.000000,0.000000,0.112223
Q_ind_168_anc_6-6,0.000068,0.000000,0.000000,0.000704
Q_ind_169_anc_6-6,0.000036,0.000000,0.000000,0.000345
Q_ind_170_anc_6-6,0.003379,0.000000,0.000000,0.042172
Q_ind_171_anc_6-6,0.001061,0.000000,0.000000,0.018567
Q_ind_172_anc_6-6,0.000622,0.000000,0.000000,0.005969
Q_ind_173_anc_6-6,0.000064,0.000000,0.000000,0.000612
Q_ind_174_anc_6-6,0.000614,0.000000,0.000000,0.004544
Q_ind_175_anc_6-6,0.000053,0.000000,0.000000,0.000495
Q_ind_176_anc_6-6,0.000180,0.000000,0.000000,0.001923
Q_ind_177_anc_6-6,0.003780,0.000000,0.000000,0.053174
Q_ind_178_anc_6-6,0.001894,0.000000,0.000000,0.026927
Q_ind_179_anc_6-6,0.000354,0.000000,0.000000,0.004319
Q_ind_180_anc_6-6,0.160769,0.161666,0.080545,0.234908
Q_ind_181_anc_6-6,0.000313,0.000000,0.000000,0.002687
Q_ind_182_anc_6-6,0.000322,0.000000,0.000000,0.003847
Q_ind_183_anc_6-6,0.020157,0.000000,0.000000,0.105614
Q_ind_184_anc_6-6,0.000177,0.000000,0.000000,0.002093
Q_ind_185_anc_6-6,0.001632,0.000000,0.000000,0.023771
Q_ind_186_anc_6-6,0.000218,0.000000,0.000000,0.002126
Q_ind_187_anc_6-6,0.000152,0.000000,0.000000,0.001716
Q_ind_188_anc_6-6,0.000647,0.000000,0.000000,0.008876
Q_ind_189_anc_6-6,0.001254,0.000000,0.000000,0.018960
Q_ind_190_anc_6-6,0.000131,0.000000,0.000000,0.001278
Q_ind_191_anc_6-6,0.000861,0.000000,0.000000,0.012463
Q_ind_192_anc_6-6,0.000069,0.000000,0.000000,0.000695
Q_ind_193_anc_6-6,0.000115,0.000000,0.000000,0.001184
Q_ind_194_anc_6-6,0.000043,0.000000,0.000000,0.000482
Q_ind_195_anc_6-6,0.000111,0.000000,0.000000,0.001083
Q_ind_196_anc_6-6,0.000057,0.000000,0.000000,0.000544
Q_ind_197_anc_6-6,0.000055,0.000000,0.000000,0.000474
Q_ind_198_anc_6-6,0.000041,0.000000,0.000000,0.000390
Q_ind_199_anc_6-6,0.000113,0.000000,0.000000,0.000984
Q_ind_200_anc_6-6,0.000066,0.000000,0.000000,0.000577
Q_ind_201_anc_6-6,0.000030,0.000000,0.000000,0.000312
Q_ind_202_anc_6-6,0.000086,0.000000,0.000000,0.000991
Q_ind_203_anc_6-6,0.004462,0.000000,0.000000,0.058908
Q_ind_204_anc_6-6,0.004013,0.000000,0.000000,0.054202
Q_ind_205_anc_6-6,0.078364,0.086282,0.000000,0.193832
Q_ind_206_anc_6-6,0.000871,0.000000,0.000000,0.007210
Q_ind_207_anc_6-6,0.037347,0.000013,0.000000,0.130292
Q_ind_208_anc_6-6,0.000070,0.000000,0.000000,0.000670
Q_ind_209_anc_6-6,0.000531,0.000000,0.000000,0.007067
Q_ind_210_anc_6-6,0.001366,0.000000,0.000000,0.023143
Q_ind_211_anc_6-6,0.002476,0.000000,0.000000,0.033369
Q_ind_212_anc_6-6,0.000047,0.000000,0.000000,0.000474
Q_ind_213_anc_6-6,0.000493,0.000000,0.000000,0.006579
Q_ind_214_anc_6-6,0.000158,0.000000,0.000000,0.002084
Q_ind_215_anc_6-6,0.000372,0.000000,0.000000,0.004195
Q_ind_216_anc_6-6,0.000817,0.000000,0.000000,0.013006
Q_ind_217_anc_6-6,0.000196,0.000000,0.000000,0.002054
Q_ind_218_anc_6-6,0.000072,0.000000,0.000000,0.000693
Q_ind_219_anc_6-6,0.000192,0.000000,0.000000,0.002392
Q_ind_220_anc_6-6,0.000159,0.000000,0.000000,0.001543
Q_ind_221_anc_6-6,0.000193,0.000000,0.000000,0.001725
Q_ind_222_anc_6-6,0.000166,0.000000,0.000000,0.001323
Q_ind_223_anc_6-6,0.000049,0.000000,0.000000,0.000529
Q_ind_224_anc_6-6,0.000037,0.000000,0.000000,0.000307
Q_ind_225_anc_6-6,0.012078,0.000000,0.000000,0.127391
Q_ind_226_anc_6-6,0.000083,0.000000,0.000000,0.000603
Q_ind_227_anc_6-6,0.000458,0.000000,0.000000,0.004614
Q_ind_228_anc_6-6,0.001710,0.000000,0.000000,0.026005
Q_ind_229_anc_6-6,0.002522,0.000000,0.000000,0.030440
Q_ind_230_anc_6-6,0.022086,0.000000,0.000000,0.111905
Q_ind_231_anc_6-6,0.000043,0.000000,0.000000,0.000394
Q_ind_232_anc_6-6,0.000227,0.000000,0.000000,0.002585
Q_ind_233_anc_6-6,0.001223,0.000000,0.000000,0.013582
Q_ind_234_anc_6-6,0.000123,0.000000,0.000000,0.001141
Q_ind_235_anc_6-6,0.000097,0.000000,0.000000,0.001079
Q_ind_236_anc_6-6,0.000108,0.000000,0.000000,0.001046
Q_ind_237_anc_6-6,0.000250,0.000000,0.000000,0.003023
Q_ind_238_anc_6-6,0.000070,0.000000,0.000000,0.000771
Q_ind_239_anc_6-6,0.000102,0.000000,0.000000,0.001267
Q_ind_240_anc_6-6,0.000107,0.000000,0.000000,0.000684
Q_ind_241_anc_6-6,0.000352,0.000000,0.000000,0.004606
Q_ind_242_anc_6-6,0.000269,0.000000,0.000000,0.002879
Q_ind_243_anc_6-6,0.000050,0.000000,0.000000,0.000559
Q_ind_244_anc_6-6,0.001884,0.000000,0.000000,0.024922
Q_ind_245_anc_6-6,0.000050,0.000000,0.000000,0.000491
Q_ind_1_anc_7-1,0.000700,0.000000,0.000000,0.009255
Q_ind_2_anc_7-1,0.003970,0.000000,0.000000,0.054824
Q_ind_3_anc_7-1,0.002789,0.000000,0.000000,0.040110
Q_ind_4_anc_7-1,0.054130,0.000012,0.000000,0.226966
Q_ind_5_anc_7-1,0.000315,0.000000,0.000000,0.004098
Q_ind_6_anc_7-1,0.010818,0.000000,0.000000,0.119735
Q_ind_7_anc_7-1,0.010756,0.000000,0.000000,0.111083
Q_ind_8_anc_7-1,0.002768,0.000000,0.000000,0.042472
Q_ind_9_anc_7-1,0.016531,0.000000,0.000000,0.170810
Q_ind_10_anc_7-1,0.021603,0.000000,0.000000,0.153764
Q_ind_11_anc_7-1,0.002184,0.000000,0.000000,0.032300
Q_ind_12_anc_7-1,0.002191,0.000000,0.000000,0.035832
Q_ind_13_anc_7-1,0.018248,0.000000,0.000000,0.109222
Q_ind_14_anc_7-1,0.000826,0.000000,0.000000,0.008708
Q_ind_15_anc_7-1,0.006887,0.000000,0.000000,0.088283
Q_ind_16_anc_7-1,0.024958,0.000000,0.000000,0.126701
Q_ind_17_anc_7-1,0.026907,0.000208,0.000000,0.109004
Q_ind_18_anc_7-1,0.003920,0.000000,0.000000,0.059266
Q_ind_19_anc_7-1,0.003350,0.000000,0.000000,0.045779
Q_ind_20_anc_7-1,0.022740,0.000000,0.000000,0.107186
Q_ind_21_anc_7-1,0.000685,0.000000,0.000000,0.009017
Q_ind_22_anc_7-1,0.023277,0.000000,0.000000,0.210689
Q_ind_23_anc_7-1,0.000258,0.000000,0.000000,0.002347
Q_ind_24_anc_7-1,0.030590,0.000000,0.000000,0.303020
Q_ind_25_anc_7-1,0.000234,0.000000,0.000000,0.002270
Q_ind_26_anc_7-1,0.000205,0.000000,0.000000,0.001928
Q_ind_27_anc_7-1,0.001102,0.000000,0.000000,0.008020
Q_ind_28_anc_7-1,0.000956,0.000000,0.000000,0.010290
Q_ind_29_anc_7-1,0.001045,0.000000,0.000000,0.014511
Q_ind_30_anc_7-1,0.001768,0.000000,0.000000,0.029835
Q_ind_31_anc_7-1,0.612831,0.745571,0.000000,0.828747
Q_ind_32_anc_7-1,0.588285,0.743072,0.000000,0.818236
Q_ind_33_anc_7-1,0.574345,0.708613,0.000000,0.807365
Q_ind_34_anc_7-1,0.570545,0.737789,0.000000,0.823255
Q_ind_35_anc_7-1,0.567829,0.692185,0.000000,0.774059
Q_ind_36_anc_7-1,0.644254,0.794674,0.000000,0.856860
Q_ind_37_anc_7-1,0.561412,0.755872,0.000000,0.842065
Q_ind_38_anc_7-1,0.659568,0.800981,0.000000,0.872893
Q_ind_39_anc_7-1,0.572052,0.612928,0.237596,0.718314
Q_ind_40_anc_7-1,0.522247,0.641538,0.000000,0.773451
Q_ind_41_anc_7-1,0.520707,0.619324,0.000000,0.731033
Q_ind_42_anc_7-1,0.000085,0.000000,0.000000,0.000844
Q_ind_43_anc_7-1,0.000282,0.000000,0.000000,0.002947
Q_ind_44_anc_7-1,0.000415,0.000000,0.000000,0.003986
Q_ind_45_anc_7-1,0.000252,0.000000,0.000000,0.001921
Q_ind_46_anc_7-1,0.000397,0.000000,0.000000,0.004675
Q_ind_47_anc_7-1,0.001379,0.000000,0.000000,0.019761
Q_ind_48_anc_7-1,0.000167,0.000000,0.000000,0.001791
Q_ind_49_anc_7-1,0.000375,0.000000,0.000000,0.003014
Q_ind_50_anc_7-1,0.000212,0.000000,0.000000,0.003051
Q_ind_51_anc_7-1,0.001307,0.000000,0.000000,0.017211
Q_ind_52_anc_7-1,0.000549,0.000000,0.000000,0.007255
Q_ind_53_anc_7-1,0.000920,0.000000,0.000000,0.013434
Q_ind_54_anc_7-1,0.004951,0.000000,0.000000,0.040827
Q_ind_55_anc_7-1,0.000173,0.000000,0.000000,0.001954
Q_ind_56_anc_7-1,0.001682,0.000000,0.000000,0.024852
Q_ind_57_anc_7-1,0.070470,0.074814,0.000000,0.159230
Q_ind_58_anc_7-1,0.000674,0.000000,0.000000,0.010250
Q_ind_59_anc_7-1,0.000264,0.000000,0.000000,0.003197
Q_ind_60_anc_7-1,0.000578,0.000000,0.000000,0.005996
Q_ind_61_anc_7-1,0.000464,0.000000,0.000000,0.004728
Q_ind_62_anc_7-1,0.002205,0.000000,0.000000,0.026223
Q_ind_63_anc_7-1,0.000092,0.000000,0.000000,0.000962
Q_ind_64_anc_7-1,0.000110,0.000000,0.000000,0.000945
Q_ind_65_anc_7-1,0.000102,0.000000,0.000000,0.001073
Q_ind_66_anc_7-1,0.000097,0.000000,0.000000,0.001024
Q_ind_67_anc_7-1,0.000106,0.000000,0.000000,0.000993
Q_ind_68_anc_7-1,0.000534,0.000000,0.000000,0.004608
Q_ind_69_anc_7-1,0.000653,0.000000,0.000000,0.007875
Q_ind_70_anc_7-1,0.006381,0.000000,0.000000,0.063000
Q_ind_71_anc_7-1,0.000508,0.000000,0.000000,0.006850
Q_ind_72_anc_7-1,0.002003,0.000000,0.000000,0.028995
Q_ind_73_anc_7-1,0.000475,0.000000,0.000000,0.004933
Q_ind_74_anc_7-1,0.022603,0.000000,0.000000,0.106554
Q_ind_75_anc_7-1,0.001275,0.000000,0.000000,0.017397
Q_ind_76_anc_7-1,0.000412,0.000000,0.000000,0.005191
Q_ind_77_anc_7-1,0.003707,0.000000,0.000000,0.053153
Q_ind_78_anc_7-1,0.000311,0.000000,0.000000,0.002778
Q_ind_79_anc_7-1,0.000980,0.000000,0.000000,0.012752
Q_ind_80_anc_7-1,0.000573,0.000000,0.000000,0.005979
Q_ind_81_anc_7-1,0.000797,0.000000,0.000000,0.009408
Q_ind_82_anc_7-1,0.001406,0.000000,0.000000,0.021412
Q_ind_83_anc_7-1,0.000619,0.000000,0.000000,0.006462
Q_ind_84_anc_7-1,0.000345,0.000000,0.000000,0.003565
Q_ind_85_anc_7-1,0.000497,0.000000,0.000000,0.005887
Q_ind_86_anc_7-1,0.001509,0.000000,0.000000,0.024839
Q_ind_87_anc_7-1,0.000535,0.000000,0.000000,0.007734
Q_ind_88_anc_7-1,0.011417,0.000000,0.000000,0.124877
Q_ind_89_anc_7-1,0.025906,0.000000,0.000000,0.145902
Q_ind_90_anc_7-1,0.214487,0.192017,0.095073,0.429448
Q_ind_91_anc_7-1,0.102512,0.139035,0.000000,0.235431
Q_ind_92_anc_7-1,0.103739,0.002128,0.000000,0.375748
Q_ind_93_anc_7-1,0.005798,0.000000,0.000000,0.075651
Q_ind_94_anc_7-1,0.048941,0.033801,0.000000,0.158169
Q_ind_95_anc_7-1,0.001818,0.000000,0.000000,0.026194
Q_ind_96_anc_7-1,0.000193,0.000000,0.000000,0.002703
Q_ind_97_anc_7-1,0.000515,0.000000,0.000000,0.007850
Q_ind_98_anc_7-1,0.023257,0.000005,0.000000,0.119820
Q_ind_99_anc_7-1,0.001505,0.000000,0.000000,0.024536
Q_ind_100_anc_7-1,0.000171,0.000000,0.000000,0.001490
Q_ind_101_anc_7-1,0.000080,0.000000,0.000000,0.000963
Q_ind_102_anc_7-1,0.000115,0.000000,0.000000,0.001218
Q_ind_103_anc_7-1,0.000197,0.000000,0.000000,0.002219
Q_ind_104_anc_7-1,0.000189,0.000000,0.000000,0.001825
Q_ind_105_anc_7-1,0.013999,0.000000,0.000000,0.071156
Q_ind_106_anc_7-1,0.000329,0.000000,0.000000,0.002623
Q_ind_107_anc_7-1,0.096058,0.000014,0.000000,0.301812
Q_ind_108_anc_7-1,0.009471,0.000000,0.000000,0.128888
Q_ind_109_anc_7-1,0.076713,0.000234,0.000000,0.276727
Q_ind_110_anc_7-1,0.013687,0.000000,0.000000,0.131698
Q_ind_111_anc_7-1,0.026405,0.000000,0.000000,0.150726
Q_ind_112_anc_7-1,0.267415,0.278779,0.087511,0.408915
Q_ind_113_anc_7-1,0.208017,0.279536,0.000000,0.426818
Q_ind_114_anc_7-1,0.175620,0.226872,0.000000,0.344179
Q_ind_115_anc_7-1,0.000983,0.000000,0.000000,0.012869
Q_ind_116_anc_7-1,0.002159,0.000000,0.000000,0.030997
Q_ind_117_anc_7-1,0.000182,0.000000,0.000000,0.001905
Q_ind_118_anc_7-1,0.001287,0.000000,0.000000,0.018114
Q_ind_119_anc_7-1,0.000184,0.000000,0.000000,0.001698
Q_ind_120_anc_7-1,0.000186,0.000000,0.000000,0.002367
Q_ind_121_anc_7-1,0.001953,0.000000,0.000000,0.027276
Q_ind_122_anc_7-1,0.000260,0.000000,0.000000,0.002247
Q_ind_123_anc_7-1,0.000236,0.000000,0.000000,0.002554
Q_ind_124_anc_7-1,0.013527,0.000000,0.000000,0.072643
Q_ind_125_anc_7-1,0.004634,0.000000,0.000000,0.053971
Q_ind_126_anc_7-1,0.023818,0.000000,0.000000,0.114153
Q_ind_127_anc_7-1,0.001881,0.000000,0.000000,0.025289
Q_ind_128_anc_7-1,0.000790,0.000000,0.000000,0.010627
Q_ind_129_anc_7-1,0.029876,0.000000,0.000000,0.198763
Q_ind_130_anc_7-1,0.040620,0.000000,0.000000,0.203501
Q_ind_131_anc_7-1,0.020064,0.000000,0.000000,0.140968
Q_ind_132_anc_7-1,0.000636,0.000000,0.000000,0.006655
Q_ind_133_anc_7-1,0.003843,0.000000,0.000000,0.049652
Q_ind_134_anc_7-1,0.000378,0.000000,0.000000,0.002978
Q_ind_135_anc_7-1,0.001904,0.000000,0.000000,0.025609
Q_ind_136_anc_7-1,0.001266,0.000000,0.000000,0.016912
Q_ind_137_anc_7-1,0.000773,0.000000,0.000000,0.008597
Q_ind_138_anc_7-1,0.001549,0.000000,0.000000,0.025384
Q_ind_139_anc_7-1,0.010686,0.000000,0.000000,0.112757
Q_ind_140_anc_7-1,0.009702,0.000000,0.000000,0.086377
Q_ind_141_anc_7-1,0.000549,0.000000,0.000000,0.006116
Q_ind_142_anc_7-1,0.098319,0.090213,0.024754,0.249199
Q_ind_143_anc_7-1,0.002063,0.000000,0.000000,0.027185
Q_ind_144_anc_7-1,0.009543,0.000000,0.000000,0.085876
Q_ind_145_anc_7-1,0.000187,0.000000,0.000000,0.001894
Q_ind_146_anc_7-1,0.000891,0.000000,0.000000,0.011070
Q_ind_147_anc_7-1,0.000911,0.000000,0.000000,0.013022
Q_ind_148_anc_7-1,0.000985,0.000000,0.000000,0.014332
Q_ind_149_anc_7-1,0.000602,0.000000,0.000000,0.008164
Q_ind_150_anc_7-1,0.000197,0.000000,0.000000,0.001709
Q_ind_151_anc_7-1,0.001969,0.000000,0.000000,0.029404
Q_ind_152_anc_7-1,0.000271,0.000000,0.000000,0.003433
Q_ind_153_anc_7-1,0.000463,0.000000,0.000000,0.006494
Q_ind_154_anc_7-1,0.000350,0.000000,0.000000,0.004751
Q_ind_155_anc_7-1,0.000361,0.000000,0.000000,0.002855
Q_ind_156_anc_7-1,0.000614,0.000000,0.000000,0.005499
Q_ind_157_anc_7-1,0.001400,0.000000,0.000000,0.016678
Q_ind_158_anc_7-1,0.001057,0.000000,0.000000,0.016163
Q_ind_159_anc_7-1,0.002821,0.000000,0.000000,0.040038
Q_ind_160_anc_7-1,0.000267,0.000000,0.000000,0.002085
Q_ind_161_anc_7-1,0.000292,0.000000,0.000000,0.003344
Q_ind_162_anc_7-1,0.000782,0.000000,0.000000,0.009013
Q_ind_163_anc_7-1,0.030029,0.000000,0.000000,0.167603
Q_ind_164_anc_7-1,0.001232,0.000000,0.000000,0.013032
Q_ind_165_anc_7-1,0.095898,0.000238,0.000000,0.351089
Q_ind_166_anc_7-1,0.025809,0.000000,0.000000,0.203480
Q_ind_167_anc_7-1,0.046090,0.000000,0.000000,0.241894
Q_ind_168_anc_7-1,0.004072,0.000000,0.000000,0.060315
Q_ind_169_anc_7-1,0.045060,0.032339,0.000000,0.151829
Q_ind_170_anc_7-1,0.000221,0.000000,0.000000,0.001948
Q_ind_171_anc_7-1,0.000432,0.000000,0.000000,0.005155
Q_ind_172_anc_7-1,0.000269,0.000000,0.000000,0.002997
Q_ind_173_anc_7-1,0.000192,0.000000,0.000000,0.002088
Q_ind_174_anc_7-1,0.000282,0.000000,0.000000,0.002796
Q_ind_175_anc_7-1,0.002757,0.000000,0.000000,0.041841
Q_ind_176_anc_7-1,0.009016,0.000000,0.000000,0.107130
Q_ind_177_anc_7-1,0.021674,0.000000,0.000000,0.109723
Q_ind_178_anc_7-1,0.000299,0.000000,0.000000,0.003617
Q_ind_179_anc_7-1,0.012032,0.000000,0.000000,0.109768
Q_ind_180_anc_7-1,0.000261,0.000000,0.000000,0.002929
Q_ind_181_anc_7-1,0.004314,0.000000,0.000000,0.064749
Q_ind_182_anc_7-1,0.001693,0.000000,0.000000,0.024260
Q_ind_183_anc_7-1,0.002148,0.000000,0.000000,0.028424
Q_ind_184_anc_7-1,0.001504,0.000000,0.000000,0.022226
Q_ind_185_anc_7-1,0.025070,0.000000,0.000000,0.243795
Q_ind_186_anc_7-1,0.007582,0.000000,0.000000,0.090396
Q_ind_187_anc_7-1,0.023976,0.000001,0.000000,0.139747
Q_ind_188_anc_7-1,0.003030,0.000000,0.000000,0.043022
Q_ind_189_anc_7-1,0.000849,0.000000,0.000000,0.011927
Q_ind_190_anc_7-1,0.002731,0.000000,0.000000,0.037612
Q_ind_191_anc_7-1,0.000880,0.000000,0.000000,0.010880
Q_ind_192_anc_7-1,0.000430,0.000000,0.000000,0.003572
Q_ind_193_anc_7-1,0.092902,0.111322,0.000000,0.199447
Q_ind_194_anc_7-1,0.000079,0.000000,0.000000,0.000634
Q_ind_195_anc_7-1,0.002356,0.000000,0.000000,0.030783
Q_ind_196_anc_7-1,0.000052,0.000000,0.000000,0.000538
Q_ind_197_anc_7-1,0.000054,0.000000,0.000000,0.000459
Q_ind_198_anc_7-1,0.000086,0.000000,0.000000,0.000830
Q_ind_199_anc_7-1,0.000664,0.000000,0.000000,0.007259
Q_ind_200_anc_7-1,0.000083,0.000000,0.000000,0.000917
Q_ind_201_anc_7-1,0.116368,0.131872,0.000000,0.212271
Q_ind_202_anc_7-1,0.000358,0.000000,0.000000,0.004707
Q_ind_203_anc_7-1,0.091722,0.000002,0.000000,0.368863
Q_ind_204_anc_7-1,0.205376,0.291601,0.000000,0.443514
Q_ind_205_anc_7-1,0.306242,0.381485,0.000000,0.512924
Q_ind_206_anc_7-1,0.104325,0.041359,0.000000,0.295870
Q_ind_207_anc_7-1,0.224706,0.303740,0.000000,0.449005
Q_ind_208_anc_7-1,0.089742,0.098710,0.000000,0.242939
Q_ind_209_anc_7-1,0.216279,0.292665,0.000000,0.455421
Q_ind_210_anc_7-1,0.208275,0.299677,0.000000,0.469131
Q_ind_211_anc_7-1,0.123189,0.100146,0.000000,0.338595
Q_ind_212_anc_7-1,0.352880,0.349000,0.258536,0.462853
Q_ind_213_anc_7-1,0.001463,0.000000,0.000000,0.023147
Q_ind_214_anc_7-1,0.002663,0.000000,0.000000,0.043199
Q_ind_215_anc_7-1,0.000482,0.000000,0.000000,0.003889
Q_ind_216_anc_7-1,0.001395,0.000000,0.000000,0.020673
Q_ind_217_anc_7-1,0.010217,0.000000,0.000000,0.110542
Q_ind_218_anc_7-1,0.003833,0.000000,0.000000,0.050367
Q_ind_219_anc_7-1,0.002129,0.000000,0.000000,0.030943
Q_ind_220_anc_7-1,0.027006,0.000000,0.000000,0.177902
Q_ind_221_anc_7-1,0.126535,0.129845,0.000000,0.223775
Q_ind_222_anc_7-1,0.051525,0.000027,0.000000,0.249100
Q_ind_223_anc_7-1,0.061535,0.037734,0.000000,0.181085
Q_ind_224_anc_7-1,0.209398,0.200335,0.114144,0.328009
Q_ind_225_anc_7-1,0.001213,0.000000,0.000000,0.014873
Q_ind_226_anc_7-1,0.030864,0.000000,0.000000,0.174338
Q_ind_227_anc_7-1,0.001877,0.000000,0.000000,0.028343
Q_ind_228_anc_7-1,0.001363,0.000000,0.000000,0.017129
Q_ind_229_anc_7-1,0.023827,0.000000,0.000000,0.124144
Q_ind_230_anc_7-1,0.058561,0.000001,0.000000,0.215140
Q_ind_231_anc_7-1,0.111837,0.128044,0.000000,0.225657
Q_ind_232_anc_7-1,0.045224,0.016631,0.000000,0.154107
Q_ind_233_anc_7-1,0.020878,0.000000,0.000000,0.110331
Q_ind_234_anc_7-1,0.000156,0.000000,0.000000,0.001557
Q_ind_235_anc_7-1,0.001160,0.000000,0.000000,0.017434
Q_ind_236_anc_7-1,0.000482,0.000000,0.000000,0.005520
Q_ind_237_anc_7-1,0.000218,0.000000,0.000000,0.002846
Q_ind_238_anc_7-1,0.001166,0.000000,0.000000,0.017434
Q_ind_239_anc_7-1,0.000691,0.000000,0.000000,0.008292
Q_ind_240_anc_7-1,0.005652,0.000000,0.000000,0.051845
Q_ind_241_anc_7-1,0.000616,0.000000,0.000000,0.009022
Q_ind_242_anc_7-1,0.000296,0.000000,0.000000,0.003323
Q_ind_243_anc_7-1,0.001039,0.000000,0.000000,0.015297
Q_ind_244_anc_7-1,0.000107,0.000000,0.000000,0.001059
Q_ind_245_anc_7-1,0.000667,0.000000,0.000000,0.009052
Q_ind_1_anc_7-2,0.000304,0.000000,0.000000,0.003401
Q_ind_2_anc_7-2,0.000156,0.000000,0.000000,0.001789
Q_ind_3_anc_7-2,0.000150,0.000000,0.000000,0.001322
Q_ind_4_anc_7-2,0.000808,0.000000,0.000000,0.010225
Q_ind_5_anc_7-2,0.000199,0.000000,0.000000,0.002451
Q_ind_6_anc_7-2,0.000277,0.000000,0.000000,0.003157
Q_ind_7_anc_7-2,0.000468,0.000000,0.000000,0.005498
Q_ind_8_anc_7-2,0.000275,0.000000,0.000000,0.003132
Q_ind_9_anc_7-2,0.000223,0.000000,0.000000,0.002192
Q_ind_10_anc_7-2,0.000147,0.000000,0.000000,0.001195
Q_ind_11_anc_7-2,0.000594,0.000000,0.000000,0.007782
Q_ind_12_anc_7-2,0.000376,0.000000,0.000000,0.003806
Q_ind_13_anc_7-2,0.000689,0.000000,0.000000,0.008740
Q_ind_14_anc_7-2,0.015415,0.000000,0.000000,0.098164
Q_ind_15_anc_7-2,0.003322,0.000000,0.000000,0.054043
Q_ind_16_anc_7-2,0.000917,0.000000,0.000000,0.014129
Q_ind_17_anc_7-2,0.009420,0.000000,0.000000,0.078869
Q_ind_18_anc_7-2,0.009703,0.000000,0.000000,0.068319
Q_ind_19_anc_7-2,0.007343,0.000000,0.000000,0.095170
Q_ind_20_anc_7-2,0.003573,0.000000,0.000000,0.056497
Q_ind_21_anc_7-2,0.000799,0.000000,0.000000,0.010794
Q_ind_22_anc_7-2,0.003935,0.000000,0.000000,0.063461
Q_ind_23_anc_7-2,0.001573,0.000000,0.000000,0.011979
Q_ind_24_anc_7-2,0.000292,0.000000,0.000000,0.002935
Q_ind_25_anc_7-2,0.000568,0.000000,0.000000,0.008157
Q_ind_26_anc_7-2,0.007287,0.000000,0.000000,0.100266
Q_ind_27_anc_7-2,0.028046,0.000000,0.000000,0.186753
Q_ind_28_anc_7-2,0.000231,0.000000,0.000000,0.002261
Q_ind_29_anc_7-2,0.008408,0.000000,0.000000,0.087947
Q_ind_30_anc_7-2,0.018913,0.000000,0.000000,0.165008
Q_ind_31_anc_7-2,0.000321,0.000000,0.000000,0.003043
Q_ind_32_anc_7-2,0.000091,0.000000,0.000000,0.001025
Q_ind_33_anc_7-2,0.000239,0.000000,0.000000,0.002000
Q_ind_34_anc_7-2,0.000197,0.000000,0.000000,0.002444
Q_ind_35_anc_7-2,0.000198,0.000000,0.000000,0.001826
Q_ind_36_anc_7-2,0.000121,0.000000,0.000000,0.001456
Q_ind_37_anc_7-2,0.006839,0.000000,0.000000,0.079330
Q_ind_38_anc_7-2,0.000095,0.000000,0.000000,0.000899
Q_ind_39_anc_7-2,0.000662,0.000000,0.000000,0.007146
Q_ind_40_anc_7-2,0.002928,0.000000,0.000000,0.046125
Q_ind_41_anc_7-2,0.000196,0.000000,0.000000,0.001891
Q_ind_42_anc_7-2,0.246036,0.299582,0.000000,0.440947
Q_ind_43_anc_7-2,0.248151,0.323955,0.000000,0.451765
Q_ind_44_anc_7-2,0.245109,0.294045,0.000000,0.422263
Q_ind_45_anc_7-2,0.236107,0.255826,0.000000,0.428053
Q_ind_46_anc_7-2,0.227724,0.272351,0.000000,0.430050
Q_ind_47_anc_7-2,0.382407,0.378444,0.246066,0.533422
Q_ind_48_anc_7-2,0.152489,0.184343,0.000000,0.321175
Q_ind_49_anc_7-2,0.227222,0.251536,0.000000,0.396595
Q_ind_50_anc_7-2,0.301289,0.357607,0.000000,0.486152
Q_ind_51_anc_7-2,0.228684,0.228398,0.146357,0.307986
Q_ind_52_anc_7-2,0.247966,0.248478,0.185907,0.309430
Q_ind_53_anc_7-2,0.234798,0.239620,0.154826,0.297862
Q_ind_54_anc_7-2,0.218986,0.220196,0.153719,0.281148
Q_ind_55_anc_7-2,0.250295,0.253661,0.169705,0.313311
Q_ind_56_anc_7-2,0.258570,0.263493,0.161643,0.326076
Q_ind_57_anc_7-2,0.186559,0.213544,0.000000,0.290544
Q_ind_58_anc_7-2,0.248635,0.249191,0.175365,0.318131
Q_ind_59_anc_7-2,0.223071,0.228897,0.129803,0.293260
Q_ind_60_anc_7-2,0.277321,0.277600,0.219262,0.334452
Q_ind_61_anc_7-2,0.211158,0.213267,0.122439,0.284375
Q_ind_62_anc_7-2,0.151737,0.190191,0.000000,0.283653
Q_ind_63_anc_7-2,0.000066,0.000000,0.000000,0.000720
Q_ind_64_anc_7-2,0.000047,0.000000,0.000000,0.000546
Q_ind_65_anc_7-2,0.000078,0.000000,0.000000,0.000824
Q_ind_66_anc_7-2,0.000072,0.000000,0.000000,0.000676
Q_ind_67_anc_7-2,0.000098,0.000000,0.000000,0.000921
Q_ind_68_anc_7-2,0.553914,0.576842,0.188444,0.681080
Q_ind_69_anc_7-2,0.557214,0.566839,0.306322,0.706197
Q_ind_70_anc_7-2,0.644529,0.665766,0.348675,0.769127
Q_ind_71_anc_7-2,0.492029,0.531516,0.000000,0.673833
Q_ind_72_anc_7-2,0.419568,0.446420,0.000000,0.553745
Q_ind_73_anc_7-2,0.507028,0.555930,0.000000,0.646198
Q_ind_74_anc_7-2,0.570058,0.590386,0.274128,0.695465
Q_ind_75_anc_7-2,0.461192,0.510066,0.000000,0.646464
Q_ind_76_anc_7-2,0.510724,0.530876,0.208307,0.646826
Q_ind_77_anc_7-2,0.009878,0.000000,0.000000,0.124416
Q_ind_78_anc_7-2,0.000113,0.000000,0.000000,0.001299
Q_ind_79_anc_7-2,0.011104,0.000000,0.000000,0.131336
Q_ind_80_anc_7-2,0.000377,0.000000,0.000000,0.004282
Q_ind_81_anc_7-2,0.002655,0.000000,0.000000,0.041529
Q_ind_82_anc_7-2,0.000149,0.000000,0.000000,0.001602
Q_ind_83_anc_7-2,0.008805,0.000000,0.000000,0.111239
Q_ind_84_anc_7-2,0.000196,0.000000,0.000000,0.001754
Q_ind_85_anc_7-2,0.000257,0.000000,0.000000,0.002838
Q_ind_86_anc_7-2,0.026545,0.000000,0.000000,0.151257
Q_ind_87_anc_7-2,0.000166,0.000000,0.000000,0.001842
Q_ind_88_anc_7-2,0.000353,0.000000,0.000000,0.003113
Q_ind_89_anc_7-2,0.000325,0.000000,0.000000,0.003677
Q_ind_90_anc_7-2,0.000650,0.000000,0.000000,0.009039
Q_ind_91_anc_7-2,0.001516,0.000000,0.000000,0.020749
Q_ind_92_anc_7-2,0.006381,0.000000,0.000000,0.072597
Q_ind_93_anc_7-2,0.003527,0.000000,0.000000,0.051807
Q_ind_94_anc_7-2,0.001911,0.000000,0.000000,0.031326
Q_ind_95_anc_7-2,0.001085,0.000000,0.000000,0.013939
Q_ind_96_anc_7-2,0.000737,0.000000,0.000000,0.010226
Q_ind_97_anc_7-2,0.001287,0.000000,0.000000,0.018291
Q_ind_98_anc_7-2,0.003269,0.000000,0.000000,0.043639
Q_ind_99_anc_7-2,0.000868,0.000000,0.000000,0.005815
Q_ind_100_anc_7-2,0.000215,0.000000,0.000000,0.002324
Q_ind_101_anc_7-2,0.000187,0.000000,0.000000,0.002144
Q_ind_102_anc_7-2,0.000068,0.000000,0.000000,0.000710
Q_ind_103_anc_7-2,0.000203,0.000000,0.000000,0.002064
Q_ind_104_anc_7-2,0.000351,0.000000,0.000000,0.003729
Q_ind_105_anc_7-2,0.001322,0.000000,0.000000,0.023807
Q_ind_106_anc_7-2,0.000912,0.000000,0.000000,0.013962
Q_ind_107_anc_7-2,0.254813,0.262192,0.000000,0.449322
Q_ind_108_anc_7-2,0.279608,0.284359,0.041822,0.439072
Q_ind_109_anc_7-2,0.210647,0.257332,0.000000,0.451209
Q_ind_110_anc_7-2,0.345348,0.362950,0.067502,0.499409
Q_ind_111_anc_7-2,0.366040,0.367536,0.124482,0.518249
Q_ind_112_anc_7-2,0.076651,0.001159,0.000000,0.297452
Q_ind_113_anc_7-2,0.311035,0.319462,0.095119,0.443990
Q_ind_114_anc_7-2,0.327043,0.347546,0.000000,0.466002
Q_ind_115_anc_7-2,0.040050,0.041376,0.000000,0.104643
Q_ind_116_anc_7-2,0.001648,0.000000,0.000000,0.027278
Q_ind_117_anc_7-2,0.001204,0.000000,0.000000,0.017914
Q_ind_118_anc_7-2,0.037737,0.042531,0.000000,0.092715
Q_ind_119_anc_7-2,0.000882,0.000000,0.000000,0.010700
Q_ind_120_anc_7-2,0.000309,0.000000,0.000000,0.003537
Q_ind_121_anc_7-2,0.000609,0.000000,0.000000,0.006835
Q_ind_122_anc_7-2,0.000281,0.000000,0.000000,0.003380
Q_ind_123_anc_7-2,0.000303,0.000000,0.000000,0.003979
Q_ind_124_anc_7-2,0.002506,0.000000,0.000000,0.037196
Q_ind_125_anc_7-2,0.001838,0.000000,0.000000,0.015574
Q_ind_126_anc_7-2,0.000569,0.000000,0.000000,0.006943
Q_ind_127_anc_7-2,0.000527,0.000000,0.000000,0.006236
Q_ind_128_anc_7-2,0.000969,0.000000,0.000000,0.008101
Q_ind_129_anc_7-2,0.000454,0.000000,0.000000,0.005590
Q_ind_130_anc_7-2,0.000265,0.000000,0.000000,0.002812
Q_ind_131_anc_7-2,0.000202,0.000000,0.000000,0.002134
Q_ind_132_anc_7-2,0.000175,0.000000,0.000000,0.002126
Q_ind_133_anc_7-2,0.051764,0.030953,0.000000,0.215228
Q_ind_134_anc_7-2,0.030956,0.000000,0.000000,0.208652
Q_ind_135_anc_7-2,0.022195,0.000000,0.000000,0.164753
Q_ind_136_anc_7-2,0.037688,0.000003,0.000000,0.195994
Q_ind_137_anc_7-2,0.070165,0.062808,0.000000,0.274354
Q_ind_138_anc_7-2,0.003961,0.000000,0.000000,0.044185
Q_ind_139_anc_7-2,0.054315,0.000259,0.000000,0.296378
Q_ind_140_anc_7-2,0.026845,0.000000,0.000000,0.165561
Q_ind_141_anc_7-2,0.062949,0.015228,0.000000,0.241547
Q_ind_142_anc_7-2,0.023688,0.000000,0.000000,0.239211
Q_ind_143_anc_7-2,0.015976,0.000000,0.000000,0.093194
Q_ind_144_anc_7-2,0.032849,0.000000,0.000000,0.228946
Q_ind_145_anc_7-2,0.000100,0.000000,0.000000,0.000832
Q_ind_146_anc_7-2,0.000207,0.000000,0.000000,0.001962
Q_ind_147_anc_7-2,0.000172,0.000000,0.000000,0.002068
Q_ind_148_anc_7-2,0.001856,0.000000,0.000000,0.023369
Q_ind_149_anc_7-2,0.000685,0.000000,0.000000,0.009414
Q_ind_150_anc_7-2,0.000095,0.000000,0.000000,0.000906
Q_ind_151_anc_7-2,0.002665,0.000000,0.000000,0.028256
Q_ind_152_anc_7-2,0.000162,0.000000,0.000000,0.001793
Q_ind_153_anc_7-2,0.000193,0.000000,0.000000,0.001968
Q_ind_154_anc_7-2,0.000159,0.000000,0.000000,0.001542
Q_ind_155_anc_7-2,0.000670,0.000000,0.000000,0.009522
Q_ind_156_anc_7-2,0.000326,0.000000,0.000000,0.003760
Q_ind_157_anc_7-2,0.000268,0.000000,0.000000,0.003053
Q_ind_158_anc_7-2,0.000354,0.000000,0.000000,0.004179
Q_ind_159_anc_7-2,0.000148,0.000000,0.000000,0.001680
Q_ind_160_anc_7-2,0.000260,0.000000,0.000000,0.002712
Q_ind_161_anc_7-2,0.000228,0.000000,0.000000,0.002531
Q_ind_162_anc_7-2,0.000727,0.000000,0.000000,0.007767
Q_ind_163_anc_7-2,0.000373,0.000000,0.000000,0.003874
Q_ind_164_anc_7-2,0.000368,0.000000,0.000000,0.003701
Q_ind_165_anc_7-2,0.050743,0.004005,0.000000,0.210587
Q_ind_166_anc_7-2,0.004136,0.000000,0.000000,0.059255
Q_ind_167_anc_7-2,0.047744,0.002368,0.000000,0.226662
Q_ind_168_anc_7-2,0.038410,0.000000,0.000000,0.185217
Q_ind_169_anc_7-2,0.001842,0.000000,0.000000,0.028415
Q_ind_170_anc_7-2,0.030271,0.000000,0.000000,0.213416
Q_ind_171_anc_7-2,0.035314,0.000000,0.000000,0.249821
Q_ind_172_anc_7-2,0.026007,0.000009,0.000000,0.131803
Q_ind_173_anc_7-2,0.012455,0.000000,0.000000,0.099661
Q_ind_174_anc_7-2,0.000452,0.000000,0.000000,0.005890
Q_ind_175_anc_7-2,0.001367,0.000000,0.000000,0.021107
Q_ind_176_anc_7-2,0.014668,0.000000,0.000000,0.094848
Q_ind_177_anc_7-2,0.000170,0.000000,0.000000,0.001727
Q_ind_178_anc_7-2,0.000252,0.000000,0.000000,0.002217
Q_ind_179_anc_7-2,0.000134,0.000000,0.000000,0.001131
Q_ind_180_anc_7-2,0.000168,0.000000,0.000000,0.001903
Q_ind_181_anc_7-2,0.007729,0.000000,0.000000,0.087140
Q_ind_182_anc_7-2,0.000398,0.000000,0.000000,0.005451
Q_ind_183_anc_7-2,0.000244,0.000000,0.000000,0.002482
Q_ind_184_anc_7-2,0.001242,0.000000,0.000000,0.019363
Q_ind_185_anc_7-2,0.175461,0.225708,0.000000,0.421427
Q_ind_186_anc_7-2,0.399867,0.389607,0.000000,0.693115
Q_ind_187_anc_7-2,0.377113,0.363115,0.211768,0.604309
Q_ind_188_anc_7-2,0.455669,0.448359,0.276936,0.642759
Q_ind_189_anc_7-2,0.340682,0.338032,0.000406,0.608444
Q_ind_190_anc_7-2,0.383800,0.433862,0.000000,0.525627
Q_ind_191_anc_7-2,0.410284,0.395545,0.225247,0.681908
Q_ind_192_anc_7-2,0.000311,0.000000,0.000000,0.003628
Q_ind_193_anc_7-2,0.000424,0.000000,0.000000,0.005238
Q_ind_194_anc_7-2,0.000036,0.000000,0.000000,0.000340
Q_ind_195_anc_7-2,0.000258,0.000000,0.000000,0.002946
Q_ind_196_anc_7-2,0.000054,0.000000,0.000000,0.000498
Q_ind_197_anc_7-2,0.000047,0.000000,0.000000,0.000498
Q_ind_198_anc_7-2,0.000048,0.000000,0.000000,0.000419
Q_ind_199_anc_7-2,0.000109,0.000000,0.000000,0.001132
Q_ind_200_anc_7-2,0.000056,0.000000,0.000000,0.000500
Q_ind_201_anc_7-2,0.184415,0.168396,0.079215,0.371871
Q_ind_202_anc_7-2,0.000133,0.000000,0.000000,0.001131
Q_ind_203_anc_7-2,0.000254,0.000000,0.000000,0.002218
Q_ind_204_anc_7-2,0.000626,0.000000,0.000000,0.006992
Q_ind_205_anc_7-2,0.001450,0.000000,0.000000,0.023087
Q_ind_206_anc_7-2,0.000620,0.000000,0.000000,0.007481
Q_ind_207_anc_7-2,0.002161,0.000000,0.000000,0.031370
Q_ind_208_anc_7-2,0.000887,0.000000,0.000000,0.007257
Q_ind_209_anc_7-2,0.007197,0.000000,0.000000,0.083824
Q_ind_210_anc_7-2,0.024241,0.000000,0.000000,0.240902
Q_ind_211_anc_7-2,0.000521,0.000000,0.000000,0.007189
Q_ind_212_anc_7-2,0.003928,0.000000,0.000000,0.048726
Q_ind_213_anc_7-2,0.026816,0.000000,0.000000,0.129162
Q_ind_214_anc_7-2,0.000985,0.000000,0.000000,0.012333
Q_ind_215_anc_7-2,0.006404,0.000000,0.000000,0.069840
Q_ind_216_anc_7-2,0.029244,0.000000,0.000000,0.178552
Q_ind_217_anc_7-2,0.025998,0.000973,0.000000,0.095893
Q_ind_218_anc_7-2,0.005114,0.000000,0.000000,0.084160
Q_ind_219_anc_7-2,0.008447,0.000000,0.000000,0.083234
Q_ind_220_anc_7-2,0.002873,0.000000,0.000000,0.033793
Q_ind_221_anc_7-2,0.000595,0.000000,0.000000,0.008173
Q_ind_222_anc_7-2,0.038633,0.000000,0.000000,0.249202
Q_ind_223_anc_7-2,0.103033,0.120110,0.000000,0.235748
Q_ind_224_anc_7-2,0.000864,0.000000,0.000000,0.007574
Q_ind_225_anc_7-2,0.099642,0.000000,0.000000,0.322860
Q_ind_226_anc_7-2,0.011045,0.000000,0.000000,0.120653
Q_ind_227_anc_7-2,0.017750,0.000000,0.000000,0.161052
Q_ind_228_anc_7-2,0.000505,0.000000,0.000000,0.006855
Q_ind_229_anc_7-2,0.084404,0.100035,0.000000,0.196987
Q_ind_230_anc_7-2,0.114101,0.139985,0.000000,0.237208
Q_ind_231_anc_7-2,0.008861,0.000000,0.000000,0.095621
Q_ind_232_anc_7-2,0.196533,0.200979,0.078915,0.284316
Q_ind_233_anc_7-2,0.101075,0.123165,0.000000,0.191603
Q_ind_234_anc_7-2,0.620857,0.652012,0.274541,0.725032
Q_ind_235_anc_7-2,0.627584,0.646496,0.373481,0.732246
Q_ind_236_anc_7-2,0.465864,0.501326,0.000000,0.602521
Q_ind_237_anc_7-2,0.608914,0.643770,0.181743,0.741382
Q_ind_238_anc_7-2,0.735112,0.762823,0.410828,0.828429
Q_ind_239_anc_7-2,0.629574,0.652554,0.309644,0.743137
Q_ind_240_anc_7-2,0.678836,0.694987,0.447542,0.770269
Q_ind_241_anc_7-2,0.607954,0.647855,0.134295,0.743151
Q_ind_242_anc_7-2,0.582384,0.604515,0.326506,0.685145
Q_ind_243_anc_7-2,0.750969,0.772508,0.475899,0.854358
Q_ind_244_anc_7-2,0.466507,0.526857,0.000000,0.621484
Q_ind_245_anc_7-2,0.735589,0.757360,0.440755,0.826633
Q_ind_1_anc_7-3,0.178389,0.237339,0.000000,0.320777
Q_ind_2_anc_7-3,0.140892,0.174464,0.000000,0.270555
Q_ind_3_anc_7-3,0.001594,0.000000,0.000000,0.022833
Q_ind_4_anc_7-3,0.052207,0.000928,0.000000,0.172213
Q_ind_5_anc_7-3,0.274756,0.341718,0.000000,0.445876
Q_ind_6_anc_7-3,0.044908,0.000000,0.000000,0.171543
Q_ind_7_anc_7-3,0.090907,0.116165,0.000000,0.223850
Q_ind_8_anc_7-3,0.089977,0.106162,0.000000,0.180578
Q_ind_9_anc_7-3,0.056435,0.008224,0.000000,0.198051
Q_ind_10_anc_7-3,0.048877,0.026721,0.000000,0.159073
Q_ind_11_anc_7-3,0.026599,0.000000,0.000000,0.140668
Q_ind_12_anc_7-3,0.085178,0.094076,0.000000,0.194661
Q_ind_13_anc_7-3,0.326633,0.328619,0.221521,0.412749
Q_ind_14_anc_7-3,0.281875,0.284163,0.182970,0.369531
Q_ind_15_anc_7-3,0.319537,0.326209,0.197317,0.398055
Q_ind_16_anc_7-3,0.321221,0.330549,0.168204,0.405080
Q_ind_17_anc_7-3,0.328757,0.328793,0.254545,0.406580
Q_ind_18_anc_7-3,0.268264,0.269844,0.178796,0.344541
Q_ind_19_anc_7-3,0.317896,0.339469,0.127541,0.410314
Q_ind_20_anc_7-3,0.310292,0.328723,0.113374,0.405144
Q_ind_21_anc_7-3,0.572326,0.709157,0.000000,0.840683
Q_ind_22_anc_7-3,0.441915,0.662624,0.000000,0.780691
Q_ind_23_anc_7-3,0.520963,0.662059,0.000000,0.781675
Q_ind_24_anc_7-3,0.552706,0.786381,0.000000,0.876575
Q_ind_25_anc_7-3,0.591894,0.716840,0.000000,0.826660
Q_ind_26_anc_7-3,0.551351,0.699139,0.000000,0.775921
Q_ind_27_anc_7-3,0.576990,0.743620,0.000000,0.860728
Q_ind_28_anc_7-3,0.573295,0.704139,0.000000,0.817188
Q_ind_29_anc_7-3,0.549806,0.689852,0.000000,0.791365
Q_ind_30_anc_7-3,0.587750,0.740793,0.000000,0.852532
Q_ind_31_anc_7-3,0.000123,0.000000,0.000000,0.001214
Q_ind_32_anc_7-3,0.004317,0.000000,0.000000,0.072849
Q_ind_33_anc_7-3,0.000942,0.000000,0.000000,0.012030
Q_ind_34_anc_7-3,0.001696,0.000000,0.000000,0.005295
Q_ind_35_anc_7-3,0.000773,0.000000,0.000000,0.010519
Q_ind_36_anc_7-3,0.000082,0.000000,0.000000,0.000853
Q_ind_37_anc_7-3,0.000281,0.000000,0.000000,0.002344
Q_ind_38_anc_7-3,0.000072,0.000000,0.000000,0.000595
Q_ind_39_anc_7-3,0.116091,0.148205,0.000000,0.231670
Q_ind_40_anc_7-3,0.002945,0.000000,0.000000,0.037672
Q_ind_41_anc_7-3,0.033443,0.000000,0.000000,0.153297
Q_ind_42_anc_7-3,0.000276,0.000000,0.000000,0.003201
Q_ind_43_anc_7-3,0.000303,0.000000,0.000000,0.003244
Q_ind_44_anc_7-3,0.000363,0.000000,0.000000,0.003894
Q_ind_45_anc_7-3,0.000170,0.000000,0.000000,0.001620
Q_ind_46_anc_7-3,0.000139,0.000000,0.000000,0.001159
Q_ind_47_anc_7-3,0.000164,0.000000,0.000000,0.001762
Q_ind_48_anc_7-3,0.000295,0.000000,0.000000,0.003038
Q_ind_49_anc_7-3,0.000303,0.000000,0.000000,0.003486
Q_ind_50_anc_7-3,0.000138,0.000000,0.000000,0.001514
Q_ind_51_anc_7-3,0.005495,0.000000,0.000000,0.054772
Q_ind_52_anc_7-3,0.011008,0.000000,0.000000,0.069692
Q_ind_53_anc_7-3,0.000798,0.000000,0.000000,0.011184
Q_ind_54_anc_7-3,0.002283,0.000000,0.000000,0.035355
Q_ind_55_anc_7-3,0.002648,0.000000,0.000000,0.036370
Q_ind_56_anc_7-3,0.000274,0.000000,0.000000,0.002997
Q_ind_57_anc_7-3,0.123343,0.155977,0.000000,0.241851
Q_ind_58_anc_7-3,0.006358,0.000000,0.000000,0.055053
Q_ind_59_anc_7-3,0.001567,0.000000,0.000000,0.024850
Q_ind_60_anc_7-3,0.002007,0.000000,0.000000,0.028062
Q_ind_61_anc_7-3,0.000332,0.000000,0.000000,0.003413
Q_ind_62_anc_7-3,0.000497,0.000000,0.000000,0.007052
Q_ind_63_anc_7-3,0.000058,0.000000,0.000000,0.000489
Q_ind_64_anc_7-3,0.000122,0.000000,0.000000,0.001271
Q_ind_65_anc_7-3,0.000099,0.000000,0.000000,0.001091
Q_ind_66_anc_7-3,0.000061,0.000000,0.000000,0.000647
Q_ind_67_anc_7-3,0.000082,0.000000,0.000000,0.000614
Q_ind_68_anc_7-3,0.140571,0.173775,0.000000,0.237430
Q_ind_69_anc_7-3,0.107414,0.131915,0.000000,0.257235
Q_ind_70_anc_7-3,0.043315,0.000000,0.000000,0.177418
Q_ind_71_anc_7-3,0.101370,0.132866,0.000000,0.224647
Q_ind_72_anc_7-3,0.149579,0.176138,0.000000,0.251565
Q_ind_73_anc_7-3,0.101394,0.117014,0.000000,0.207708
Q_ind_74_anc_7-3,0.138918,0.185340,0.000000,0.274293
Q_ind_75_anc_7-3,0.146361,0.195805,0.000000,0.285498
Q_ind_76_anc_7-3,0.121522,0.151446,0.000000,0.225118
Q_ind_77_anc_7-3,0.355200,0.453098,0.000000,0.601551
Q_ind_78_anc_7-3,0.420951,0.520201,0.000000,0.691384
Q_ind_79_anc_7-3,0.365000,0.462953,0.000000,0.652871
Q_ind_80_anc_7-3,0.347378,0.414841,0.000000,0.575805
Q_ind_81_anc_7-3,0.238904,0.342407,0.000000,0.510009
Q_ind_82_anc_7-3,0.279420,0.357263,0.000000,0.569121
Q_ind_83_anc_7-3,0.333254,0.428010,0.000000,0.600538
Q_ind_84_anc_7-3,0.383812,0.468777,0.000000,0.632071
Q_ind_85_anc_7-3,0.418089,0.501987,0.000000,0.627631
Q_ind_86_anc_7-3,0.290337,0.404360,0.000000,0.628814
Q_ind_87_anc_7-3,0.328225,0.430756,0.000000,0.582149
Q_ind_88_anc_7-3,0.090894,0.109316,0.000000,0.220072
Q_ind_89_anc_7-3,0.098655,0.125023,0.000000,0.214117
Q_ind_90_anc_7-3,0.034269,0.000000,0.000000,0.200391
Q_ind_91_anc_7-3,0.002785,0.000000,0.000000,0.042275
Q_ind_92_anc_7-3,0.069650,0.074182,0.000000,0.174648
Q_ind_93_anc_7-3,0.084533,0.102045,0.000000,0.206646
Q_ind_94_anc_7-3,0.184679,0.219753,0.000000,0.321773
Q_ind_95_anc_7-3,0.017140,0.000000,0.000000,0.111450
Q_ind_96_anc_7-3,0.000187,0.000000,0.000000,0.001794
Q_ind_97_anc_7-3,0.000243,0.000000,0.000000,0.002295
Q_ind_98_anc_7-3,0.193926,0.246002,0.000000,0.351147
Q_ind_99_anc_7-3,0.220670,0.294743,0.000000,0.364066
Q_ind_100_anc_7-3,0.000211,0.000000,0.000000,0.001931
Q_ind_101_anc_7-3,0.000195,0.000000,0.000000,0.002265
Q_ind_102_anc_7-3,0.000060,0.000000,0.000000,0.000719
Q_ind_103_anc_7-3,0.000117,0.000000,0.000000,0.001226
Q_ind_104_anc_7-3,0.000069,0.000000,0.000000,0.000492
Q_ind_105_anc_7-3,0.117134,0.146672,0.000000,0.245988
Q_ind_106_anc_7-3,0.002734,0.000000,0.000000,0.038194
Q_ind_107_anc_7-3,0.207530,0.250865,0.000000,0.377273
Q_ind_108_anc_7-3,0.185359,0.226484,0.000000,0.386614
Q_ind_109_anc_7-3,0.035658,0.000000,0.000000,0.216248
Q_ind_110_anc_7-3,0.167893,0.240747,0.000000,0.355199
Q_ind_111_anc_7-3,0.101780,0.000002,0.000000,0.317097
Q_ind_112_anc_7-3,0.194785,0.271263,0.000000,0.435948
Q_ind_113_anc_7-3,0.002682,0.000000,0.000000,0.033309
Q_ind_114_anc_7-3,0.001566,0.000000,0.000000,0.013098
Q_ind_115_anc_7-3,0.000794,0.000000,0.000000,0.011576
Q_ind_116_anc_7-3,0.000416,0.000000,0.000000,0.004544
Q_ind_117_anc_7-3,0.000335,0.000000,0.000000,0.003657
Q_ind_118_anc_7-3,0.001276,0.000000,0.000000,0.016746
Q_ind_119_anc_7-3,0.000987,0.000000,0.000000,0.014309
Q_ind_120_anc_7-3,0.000086,0.000000,0.000000,0.000857
Q_ind_121_anc_7-3,0.000263,0.000000,0.000000,0.003036
Q_ind_122_anc_7-3,0.000137,0.000000,0.000000,0.001686
Q_ind_123_anc_7-3,0.000328,0.000000,0.000000,0.004423
Q_ind_124_anc_7-3,0.006827,0.000000,0.000000,0.064952
Q_ind_125_anc_7-3,0.381035,0.480579,0.000000,0.658402
Q_ind_126_anc_7-3,0.465482,0.562240,0.000000,0.724617
Q_ind_127_anc_7-3,0.474241,0.592477,0.000000,0.746567
Q_ind_128_anc_7-3,0.423920,0.503812,0.000000,0.641088
Q_ind_129_anc_7-3,0.372383,0.521317,0.000000,0.669521
Q_ind_130_anc_7-3,0.306615,0.403983,0.000000,0.583702
Q_ind_131_anc_7-3,0.463133,0.566174,0.000000,0.661260
Q_ind_132_anc_7-3,0.474099,0.561517,0.099284,0.642849
Q_ind_133_anc_7-3,0.570228,0.722198,0.000000,0.821958
Q_ind_134_anc_7-3,0.586773,0.769112,0.000000,0.854041
Q_ind_135_anc_7-3,0.532646,0.671207,0.000000,0.764732
Q_ind_136_anc_7-3,0.574250,0.725762,0.000000,0.839542
Q_ind_137_anc_7-3,0.500624,0.659127,0.000000,0.754720
Q_ind_138_anc_7-3,0.650995,0.797966,0.000000,0.861653
Q_ind_139_anc_7-3,0.577588,0.771269,0.000000,0.875129
Q_ind_140_anc_7-3,0.511286,0.666054,0.000000,0.813600
Q_ind_141_anc_7-3,0.496847,0.628379,0.000000,0.773507
Q_ind_142_anc_7-3,0.542445,0.643106,0.000000,0.721708
Q_ind_143_anc_7-3,0.551826,0.708067,0.000000,0.810740
Q_ind_144_anc_7-3,0.560730,0.735425,0.000000,0.812149
Q_ind_145_anc_7-3,0.000097,0.000000,0.000000,0.001159
Q_ind_146_anc_7-3,0.015455,0.000000,0.000000,0.073002
Q_ind_147_anc_7-3,0.000310,0.000000,0.000000,0.003779
Q_ind_148_anc_7-3,0.001334,0.000000,0.000000,0.019246
Q_ind_149_anc_7-3,0.000207,0.000000,0.000000,0.002288
Q_ind_150_anc_7-3,0.000169,0.000000,0.000000,0.001517
Q_ind_151_anc_7-3,0.000720,0.000000,0.000000,0.010507
Q_ind_152_anc_7-3,0.000087,0.000000,0.000000,0.000928
Q_ind_153_anc_7-3,0.000226,0.000000,0.000000,0.002611
Q_ind_154_anc_7-3,0.000436,0.000000,0.000000,0.006111
Q_ind_155_anc_7-3,0.000938,0.000000,0.000000,0.009896
Q_ind_156_anc_7-3,0.048979,0.007018,0.000000,0.147573
Q_ind_157_anc_7-3,0.004893,0.000000,0.000000,0.061335
Q_ind_158_anc_7-3,0.002419,0.000000,0.000000,0.028186
Q_ind_159_anc_7-3,0.047866,0.000000,0.000000,0.206826
Q_ind_160_anc_7-3,0.004627,0.000000,0.000000,0.058655
Q_ind_161_anc_7-3,0.000265,0.000000,0.000000,0.002618
Q_ind_162_anc_7-3,0.018116,0.000000,0.000000,0.090708
Q_ind_163_anc_7-3,0.018470,0.000000,0.000000,0.120715
Q_ind_164_anc_7-3,0.023626,0.000000,0.000000,0.150988
Q_ind_165_anc_7-3,0.211800,0.223525,0.000000,0.528240
Q_ind_166_anc_7-3,0.321533,0.401021,0.000000,0.509009
Q_ind_167_anc_7-3,0.286661,0.407329,0.000000,0.533364
Q_ind_168_anc_7-3,0.613551,0.700440,0.196796,0.779961
Q_ind_169_anc_7-3,0.388546,0.480577,0.000000,0.610677
Q_ind_170_anc_7-3,0.442975,0.584817,0.000000,0.732450
Q_ind_171_anc_7-3,0.531816,0.776066,0.000000,0.882088
Q_ind_172_anc_7-3,0.609092,0.763526,0.000000,0.835678
Q_ind_173_anc_7-3,0.651735,0.771888,0.127534,0.844683
Q_ind_174_anc_7-3,0.645354,0.778827,0.000000,0.852947
Q_ind_175_anc_7-3,0.684676,0.789621,0.177080,0.854480
Q_ind_176_anc_7-3,0.088073,0.024149,0.000000,0.271398
Q_ind_177_anc_7-3,0.020429,0.000000,0.000000,0.160715
Q_ind_178_anc_7-3,0.193318,0.223773,0.000000,0.403294
Q_ind_179_anc_7-3,0.184995,0.244272,0.000000,0.387548
Q_ind_180_anc_7-3,0.214015,0.254731,0.000000,0.405830
Q_ind_181_anc_7-3,0.268541,0.349028,0.000000,0.543139
Q_ind_182_anc_7-3,0.055841,0.000000,0.000000,0.257304
Q_ind_183_anc_7-3,0.092908,0.000000,0.000000,0.390213
Q_ind_184_anc_7-3,0.309274,0.369878,0.000000,0.518534
Q_ind_185_anc_7-3,0.375258,0.439307,0.000000,0.603918
Q_ind_186_anc_7-3,0.316201,0.442591,0.000000,0.525186
Q_ind_187_anc_7-3,0.302795,0.409618,0.000000,0.502744
Q_ind_188_anc_7-3,0.313496,0.399740,0.000000,0.482191
Q_ind_189_anc_7-3,0.260365,0.321373,0.000000,0.498023
Q_ind_190_anc_7-3,0.311911,0.368647,0.000000,0.477681
Q_ind_191_anc_7-3,0.320533,0.419991,0.000000,0.508981
Q_ind_192_anc_7-3,0.000304,0.000000,0.000000,0.003876
Q_ind_193_anc_7-3,0.004994,0.000000,0.000000,0.067978
Q_ind_194_anc_7-3,0.000055,0.000000,0.000000,0.000484
Q_ind_195_anc_7-3,0.001478,0.000000,0.000000,0.023537
Q_ind_196_anc_7-3,0.000049,0.000000,0.000000,0.000460
Q_ind_197_anc_7-3,0.000045,0.000000,0.000000,0.000365
Q_ind_198_anc_7-3,0.000071,0.000000,0.000000,0.000692
Q_ind_199_anc_7-3,0.002428,0.000000,0.000000,0.035338
Q_ind_200_anc_7-3,0.000076,0.000000,0.000000,0.000730
Q_ind_201_anc_7-3,0.127744,0.155148,0.000000,0.243552
Q_ind_202_anc_7-3,0.000215,0.000000,0.000000,0.001986
Q_ind_203_anc_7-3,0.001598,0.000000,0.000000,0.022858
Q_ind_204_anc_7-3,0.005138,0.000000,0.000000,0.059918
Q_ind_205_anc_7-3,0.003076,0.000000,0.000000,0.037463
Q_ind_206_anc_7-3,0.000721,0.000000,0.000000,0.007634
Q_ind_207_anc_7-3,0.002136,0.000000,0.000000,0.033925
Q_ind_208_anc_7-3,0.161856,0.203290,0.000000,0.285816
Q_ind_209_anc_7-3,0.019276,0.000000,0.000000,0.115903
Q_ind_210_anc_7-3,0.008246,0.000000,0.000000,0.093857
Q_ind_211_anc_7-3,0.006778,0.000000,0.000000,0.070615
Q_ind_212_anc_7-3,0.129805,0.159444,0.000000,0.241727
Q_ind_213_anc_7-3,0.721195,0.806377,0.268167,0.889203
Q_ind_214_anc_7-3,0.728259,0.824492,0.257664,0.892616
Q_ind_215_anc_7-3,0.656087,0.776660,0.000000,0.862417
Q_ind_216_anc_7-3,0.671393,0.797564,0.170134,0.863027
Q_ind_217_anc_7-3,0.712797,0.807156,0.243631,0.891869
Q_ind_218_anc_7-3,0.690758,0.790760,0.226510,0.864639
Q_ind_219_anc_7-3,0.650638,0.754998,0.150970,0.841951
Q_ind_220_anc_7-3,0.686580,0.812883,0.127259,0.888259
Q_ind_221_anc_7-3,0.546572,0.641375,0.000000,0.781698
Q_ind_222_anc_7-3,0.559708,0.745738,0.000000,0.838503
Q_ind_223_anc_7-3,0.037729,0.000000,0.000000,0.153455
Q_ind_224_anc_7-3,0.173822,0.253036,0.000000,0.371596
Q_ind_225_anc_7-3,0.000749,0.000000,0.000000,0.010252
Q_ind_226_anc_7-3,0.073012,0.049937,0.000000,0.217956
Q_ind_227_anc_7-3,0.000459,0.000000,0.000000,0.006555
Q_ind_228_anc_7-3,0.000204,0.000000,0.000000,0.002007
Q_ind_229_anc_7-3,0.000191,0.000000,0.000000,0.002212
Q_ind_230_anc_7-3,0.000352,0.000000,0.000000,0.002954
Q_ind_231_anc_7-3,0.011212,0.000000,0.000000,0.105141
Q_ind_232_anc_7-3,0.001525,0.000000,0.000000,0.020503
Q_ind_233_anc_7-3,0.000233,0.000000,0.000000,0.001989
Q_ind_234_anc_7-3,0.000267,0.000000,0.000000,0.003513
Q_ind_235_anc_7-3,0.005337,0.000000,0.000000,0.057731
Q_ind_236_anc_7-3,0.025142,0.003150,0.000000,0.100043
Q_ind_237_anc_7-3,0.000395,0.000000,0.000000,0.004133
Q_ind_238_anc_7-3,0.000273,0.000000,0.000000,0.002513
Q_ind_239_anc_7-3,0.000670,0.000000,0.000000,0.008332
Q_ind_240_anc_7-3,0.001546,0.000000,0.000000,0.021053
Q_ind_241_anc_7-3,0.070409,0.088008,0.000000,0.162639
Q_ind_242_anc_7-3,0.007159,0.000000,0.000000,0.062171
Q_ind_243_anc_7-3,0.003836,0.000000,0.000000,0.052738
Q_ind_244_anc_7-3,0.002640,0.000000,0.000000,0.040201
Q_ind_245_anc_7-3,0.003624,0.000000,0.000000,0.047362
Q_ind_1_anc_7-4,0.001247,0.000000,0.000000,0.017720
Q_ind_2_anc_7-4,0.001932,0.000000,0.000000,0.025483
Q_ind_3_anc_7-4,0.001445,0.000000,0.000000,0.021354
Q_ind_4_anc_7-4,0.024395,0.000001,0.000000,0.107325
Q_ind_5_anc_7-4,0.002050,0.000000,0.000000,0.031297
Q_ind_6_anc_7-4,0.043212,0.000123,0.000000,0.144570
Q_ind_7_anc_7-4,0.000237,0.000000,0.000000,0.002182
Q_ind_8_anc_7-4,0.029138,0.000007,0.000000,0.107834
Q_ind_9_anc_7-4,0.024149,0.000000,0.000000,0.154343
Q_ind_10_anc_7-4,0.000212,0.000000,0.000000,0.002266
Q_ind_11_anc_7-4,0.007092,0.000000,0.000000,0.065086
Q_ind_12_anc_7-4,0.015786,0.000000,0.000000,0.104370
Q_ind_13_anc_7-4,0.000535,0.000000,0.000000,0.007046
Q_ind_14_anc_7-4,0.018721,0.000000,0.000000,0.116886
Q_ind_15_anc_7-4,0.003730,0.000000,0.000000,0.051643
Q_ind_16_anc_7-4,0.001430,0.000000,0.000000,0.015603
Q_ind_17_anc_7-4,0.003631,0.000000,0.000000,0.051807
Q_ind_18_anc_7-4,0.000788,0.000000,0.000000,0.010125
Q_ind_19_anc_7-4,0.000582,0.000000,0.000000,0.006096
Q_ind_20_anc_7-4,0.003014,0.000000,0.000000,0.055425
Q_ind_21_anc_7-4,0.000700,0.000000,0.000000,0.009443
Q_ind_22_anc_7-4,0.011509,0.000000,0.000000,0.071682
Q_ind_23_anc_7-4,0.006595,0.000000,0.000000,0.071741
Q_ind_24_anc_7-4,0.012377,0.000000,0.000000,0.151738
Q_ind_25_anc_7-4,0.000325,0.000000,0.000000,0.003406
Q_ind_26_anc_7-4,0.003843,0.000000,0.000000,0.043016
Q_ind_27_anc_7-4,0.001436,0.000000,0.000000,0.020974
Q_ind_28_anc_7-4,0.001082,0.000000,0.000000,0.014966
Q_ind_29_anc_7-4,0.001047,0.000000,0.000000,0.014361
Q_ind_30_anc_7-4,0.020086,0.000000,0.000000,0.097814
Q_ind_31_anc_7-4,0.000130,0.000000,0.000000,0.001277
Q_ind_32_anc_7-4,0.001980,0.000000,0.000000,0.030224
Q_ind_33_anc_7-4,0.000234,0.000000,0.000000,0.002537
Q_ind_34_anc_7-4,0.000166,0.000000,0.000000,0.001637
Q_ind_35_anc_7-4,0.000291,0.000000,0.000000,0.003387
Q_ind_36_anc_7-4,0.000118,0.000000,0.000000,0.001093
Q_ind_37_anc_7-4,0.000289,0.000000,0.000000,0.003374
Q_ind_38_anc_7-4,0.000092,0.000000,0.000000,0.000741
Q_ind_39_anc_7-4,0.000190,0.000000,0.000000,0.002192
Q_ind_40_anc_7-4,0.001996,0.000000,0.000000,0.029211
Q_ind_41_anc_7-4,0.000792,0.000000,0.000000,0.008187
Q_ind_42_anc_7-4,0.000254,0.000000,0.000000,0.002665
Q_ind_43_anc_7-4,0.000373,0.000000,0.000000,0.005052
Q_ind_44_anc_7-4,0.000422,0.000000,0.000000,0.005157
Q_ind_45_anc_7-4,0.000273,0.000000,0.000000,0.003045
Q_ind_46_anc_7-4,0.000125,0.000000,0.000000,0.001102
Q_ind_47_anc_7-4,0.001728,0.000000,0.000000,0.024400
Q_ind_48_anc_7-4,0.003164,0.000000,0.000000,0.043676
Q_ind_49_anc_7-4,0.000151,0.000000,0.000000,0.001638
Q_ind_50_anc_7-4,0.000118,0.000000,0.000000,0.001266
Q_ind_51_anc_7-4,0.000306,0.000000,0.000000,0.002587
Q_ind_52_anc_7-4,0.000455,0.000000,0.000000,0.005635
Q_ind_53_anc_7-4,0.000308,0.000000,0.000000,0.003195
Q_ind_54_anc_7-4,0.000284,0.000000,0.000000,0.003422
Q_ind_55_anc_7-4,0.000447,0.000000,0.000000,0.005111
Q_ind_56_anc_7-4,0.001222,0.000000,0.000000,0.019275
Q_ind_57_anc_7-4,0.042710,0.000000,0.000000,0.243267
Q_ind_58_anc_7-4,0.000214,0.000000,0.000000,0.002723
Q_ind_59_anc_7-4,0.005595,0.000000,0.000000,0.049189
Q_ind_60_anc_7-4,0.000460,0.000000,0.000000,0.005961
Q_ind_61_anc_7-4,0.007198,0.000000,0.000000,0.045532
Q_ind_62_anc_7-4,0.001238,0.000000,0.000000,0.015940
Q_ind_63_anc_7-4,0.000400,0.000000,0.000000,0.004683
Q_ind_64_anc_7-4,0.000079,0.000000,0.000000,0.000794
Q_ind_65_anc_7-4,0.000108,0.000000,0.000000,0.000926
Q_ind_66_anc_7-4,0.000115,0.000000,0.000000,0.001365
Q_ind_67_anc_7-4,0.000115,0.000000,0.000000,0.001227
Q_ind_68_anc_7-4,0.001022,0.000000,0.000000,0.013887
Q_ind_69_anc_7-4,0.001924,0.000000,0.000000,0.029026
Q_ind_70_anc_7-4,0.000277,0.000000,0.000000,0.003358
Q_ind_71_anc_7-4,0.000207,0.000000,0.000000,0.002300
Q_ind_72_anc_7-4,0.000398,0.000000,0.000000,0.004394
Q_ind_73_anc_7-4,0.000668,0.000000,0.000000,0.010125
Q_ind_74_anc_7-4,0.000731,0.000000,0.000000,0.010241
Q_ind_75_anc_7-4,0.001022,0.000000,0.000000,0.013215
Q_ind_76_anc_7-4,0.001076,0.000000,0.000000,0.016953
Q_ind_77_anc_7-4,0.001115,0.000000,0.000000,0.012629
Q_ind_78_anc_7-4,0.004674,0.000000,0.000000,0.069839
Q_ind_79_anc_7-4,0.015480,0.000000,0.000000,0.102333
Q_ind_80_anc_7-4,0.009909,0.000000,0.000000,0.077196
Q_ind_81_anc_7-4,0.164432,0.165080,0.074708,0.247671
Q_ind_82_anc_7-4,0.067384,0.030364,0.000000,0.192926
Q_ind_83_anc_7-4,0.000647,0.000000,0.000000,0.006257
Q_ind_84_anc_7-4,0.000731,0.000000,0.000000,0.008921
Q_ind_85_anc_7-4,0.000585,0.000000,0.000000,0.006929
Q_ind_86_anc_7-4,0.042691,0.000002,0.000000,0.191532
Q_ind_87_anc_7-4,0.010963,0.000000,0.000000,0.104329
Q_ind_88_anc_7-4,0.179868,0.218266,0.000000,0.340371
Q_ind_89_anc_7-4,0.203380,0.207200,0.083424,0.296502
Q_ind_90_anc_7-4,0.116734,0.134912,0.000000,0.283688
Q_ind_91_anc_7-4,0.274510,0.282299,0.132876,0.371460
Q_ind_92_anc_7-4,0.188759,0.231167,0.000000,0.344996
Q_ind_93_anc_7-4,0.255144,0.258768,0.149692,0.341781
Q_ind_94_anc_7-4,0.302387,0.301075,0.187238,0.417109
Q_ind_95_anc_7-4,0.210946,0.286808,0.000000,0.430255
Q_ind_96_anc_7-4,0.000157,0.000000,0.000000,0.001746
Q_ind_97_anc_7-4,0.001417,0.000000,0.000000,0.019720
Q_ind_98_anc_7-4,0.000071,0.000000,0.000000,0.000572
Q_ind_99_anc_7-4,0.000287,0.000000,0.000000,0.002518
Q_ind_100_anc_7-4,0.000257,0.000000,0.000000,0.002770
Q_ind_101_anc_7-4,0.000139,0.000000,0.000000,0.001466
Q_ind_102_anc_7-4,0.000087,0.000000,0.000000,0.001052
Q_ind_103_anc_7-4,0.000186,0.000000,0.000000,0.001961
Q_ind_104_anc_7-4,0.000114,0.000000,0.000000,0.001064
Q_ind_105_anc_7-4,0.000169,0.000000,0.000000,0.001377
Q_ind_106_anc_7-4,0.000581,0.000000,0.000000,0.008295
Q_ind_107_anc_7-4,0.000484,0.000000,0.000000,0.006000
Q_ind_108_anc_7-4,0.000137,0.000000,0.000000,0.001402
Q_ind_109_anc_7-4,0.000880,0.000000,0.000000,0.007637
Q_ind_110_anc_7-4,0.000184,0.000000,0.000000,0.001945
Q_ind_111_anc_7-4,0.000153,0.000000,0.000000,0.001759
Q_ind_112_anc_7-4,0.000360,0.000000,0.000000,0.003345
Q_ind_113_anc_7-4,0.001187,0.000000,0.000000,0.017719
Q_ind_114_anc_7-4,0.000540,0.000000,0.000000,0.006474
Q_ind_115_anc_7-4,0.000815,0.000000,0.000000,0.011033
Q_ind_116_anc_7-4,0.000160,0.000000,0.000000,0.002013
Q_ind_117_anc_7-4,0.000311,0.000000,0.000000,0.003655
Q_ind_118_anc_7-4,0.000485,0.000000,0.000000,0.006222
Q_ind_119_anc_7-4,0.000669,0.000000,0.000000,0.011384
Q_ind_120_anc_7-4,0.000123,0.000000,0.000000,0.001281
Q_ind_121_anc_7-4,0.001918,0.000000,0.000000,0.024227
Q_ind_122_anc_7-4,0.000226,0.000000,0.000000,0.003164
Q_ind_123_anc_7-4,0.000250,0.000000,0.000000,0.002355
Q_ind_124_anc_7-4,0.003248,0.000000,0.000000,0.044951
Q_ind_125_anc_7-4,0.068222,0.074445,0.000000,0.132262
Q_ind_126_anc_7-4,0.053886,0.051566,0.000000,0.150147
Q_ind_127_anc_7-4,0.000847,0.000000,0.000000,0.010004
Q_ind_128_anc_7-4,0.045104,0.000000,0.000000,0.162237
Q_ind_129_anc_7-4,0.004445,0.000000,0.000000,0.060822
Q_ind_130_anc_7-4,0.005549,0.000000,0.000000,0.068072
Q_ind_131_anc_7-4,0.000363,0.000000,0.000000,0.003672
Q_ind_132_anc_7-4,0.000223,0.000000,0.000000,0.002291
Q_ind_133_anc_7-4,0.000271,0.000000,0.000000,0.002919
Q_ind_134_anc_7-4,0.000152,0.000000,0.000000,0.001602
Q_ind_135_anc_7-4,0.000744,0.000000,0.000000,0.010303
Q_ind_136_anc_7-4,0.000446,0.000000,0.000000,0.006541
Q_ind_137_anc_7-4,0.000256,0.000000,0.000000,0.003299
Q_ind_138_anc_7-4,0.000116,0.000000,0.000000,0.001445
Q_ind_139_anc_7-4,0.000193,0.000000,0.000000,0.002095
Q_ind_140_anc_7-4,0.000185,0.000000,0.000000,0.002121
Q_ind_141_anc_7-4,0.000161,0.000000,0.000000,0.001347
Q_ind_142_anc_7-4,0.000221,0.000000,0.000000,0.001689
Q_ind_143_anc_7-4,0.000155,0.000000,0.000000,0.001472
Q_ind_144_anc_7-4,0.000303,0.000000,0.000000,0.003034
Q_ind_145_anc_7-4,0.000101,0.000000,0.000000,0.001202
Q_ind_146_anc_7-4,0.006753,0.000000,0.000000,0.069210
Q_ind_147_anc_7-4,0.000201,0.000000,0.000000,0.002112
Q_ind_148_anc_7-4,0.001924,0.000000,0.000000,0.029398
Q_ind_149_anc_7-4,0.145162,0.144875,0.078568,0.208898
Q_ind_150_anc_7-4,0.000238,0.000000,0.000000,0.002979
Q_ind_151_anc_7-4,0.001065,0.000000,0.000000,0.015254
Q_ind_152_anc_7-4,0.000239,0.000000,0.000000,0.002701
Q_ind_153_anc_7-4,0.000417,0.000000,0.000000,0.004618
Q_ind_154_anc_7-4,0.000264,0.000000,0.000000,0.003036
Q_ind_155_anc_7-4,0.323373,0.347279,0.130612,0.428310
Q_ind_156_anc_7-4,0.001302,0.000000,0.000000,0.012451
Q_ind_157_anc_7-4,0.011713,0.000000,0.000000,0.098385
Q_ind_158_anc_7-4,0.062509,0.073391,0.000000,0.161810
Q_ind_159_anc_7-4,0.002302,0.000000,0.000000,0.036926
Q_ind_160_anc_7-4,0.026581,0.000000,0.000000,0.142033
Q_ind_161_anc_7-4,0.056619,0.014862,0.000000,0.177612
Q_ind_162_anc_7-4,0.048656,0.000000,0.000000,0.181878
Q_ind_163_anc_7-4,0.000727,0.000000,0.000000,0.009482
Q_ind_164_anc_7-4,0.059144,0.028178,0.000000,0.168478
Q_ind_165_anc_7-4,0.000270,0.000000,0.000000,0.003723
Q_ind_166_anc_7-4,0.000213,0.000000,0.000000,0.002471
Q_ind_167_anc_7-4,0.000427,0.000000,0.000000,0.005692
Q_ind_168_anc_7-4,0.000419,0.000000,0.000000,0.004625
Q_ind_169_anc_7-4,0.001774,0.000000,0.000000,0.024466
Q_ind_170_anc_7-4,0.000297,0.000000,0.000000,0.003523
Q_ind_171_anc_7-4,0.013126,0.000000,0.000000,0.105993
Q_ind_172_anc_7-4,0.000094,0.000000,0.000000,0.001122
Q_ind_173_anc_7-4,0.000154,0.000000,0.000000,0.001777
Q_ind_174_anc_7-4,0.000817,0.000000,0.000000,0.010035
Q_ind_175_anc_7-4,0.000344,0.000000,0.000000,0.004746
Q_ind_176_anc_7-4,0.136073,0.165951,0.000000,0.242301
Q_ind_177_anc_7-4,0.131574,0.145801,0.000000,0.311483
Q_ind_178_anc_7-4,0.000829,0.000000,0.000000,0.011695
Q_ind_179_anc_7-4,0.000719,0.000000,0.000000,0.006991
Q_ind_180_anc_7-4,0.007079,0.000000,0.000000,0.070568
Q_ind_181_anc_7-4,0.029821,0.000000,0.000000,0.159858
Q_ind_182_anc_7-4,0.165681,0.208176,0.000000,0.311302
Q_ind_183_anc_7-4,0.053551,0.000069,0.000000,0.183139
Q_ind_184_anc_7-4,0.011343,0.000000,0.000000,0.108251
Q_ind_185_anc_7-4,0.000152,0.000000,0.000000,0.001305
Q_ind_186_anc_7-4,0.000202,0.000000,0.000000,0.002266
Q_ind_187_anc_7-4,0.000156,0.000000,0.000000,0.001621
Q_ind_188_anc_7-4,0.000073,0.000000,0.000000,0.000745
Q_ind_189_anc_7-4,0.000311,0.000000,0.000000,0.003107
Q_ind_190_anc_7-4,0.000369,0.000000,0.000000,0.005153
Q_ind_191_anc_7-4,0.000139,0.000000,0.000000,0.001316
Q_ind_192_anc_7-4,0.000169,0.000000,0.000000,0.001857
Q_ind_193_anc_7-4,0.000707,0.000000,0.000000,0.008305
Q_ind_194_anc_7-4,0.000042,0.000000,0.000000,0.000438
Q_ind_195_anc_7-4,0.000615,0.000000,0.000000,0.007654
Q_ind_196_anc_7-4,0.000056,0.000000,0.000000,0.000482
Q_ind_197_anc_7-4,0.000041,0.000000,0.000000,0.000426
Q_ind_198_anc_7-4,0.000057,0.000000,0.000000,0.000467
Q_ind_199_anc_7-4,0.000203,0.000000,0.000000,0.002083
Q_ind_200_anc_7-4,0.000092,0.000000,0.000000,0.000864
Q_ind_201_anc_7-4,0.000145,0.000000,0.000000,0.001735
Q_ind_202_anc_7-4,0.000316,0.000000,0.000000,0.002937
Q_ind_203_anc_7-4,0.004166,0.000000,0.000000,0.056389
Q_ind_204_anc_7-4,0.000667,0.000000,0.000000,0.009520
Q_ind_205_anc_7-4,0.000676,0.000000,0.000000,0.010152
Q_ind_206_anc_7-4,0.000783,0.000000,0.000000,0.011074
Q_ind_207_anc_7-4,0.005941,0.000000,0.000000,0.068172
Q_ind_208_anc_7-4,0.000812,0.000000,0.000000,0.010576
Q_ind_209_anc_7-4,0.000602,0.000000,0.000000,0.006260
Q_ind_210_anc_7-4,0.000383,0.000000,0.000000,0.004750
Q_ind_211_anc_7-4,0.000374,0.000000,0.000000,0.004360
Q_ind_212_anc_7-4,0.000112,0.000000,0.000000,0.001017
Q_ind_213_anc_7-4,0.001571,0.000000,0.000000,0.023808
Q_ind_214_anc_7-4,0.000266,0.000000,0.000000,0.002646
Q_ind_215_anc_7-4,0.001675,0.000000,0.000000,0.024893
Q_ind_216_anc_7-4,0.000377,0.000000,0.000000,0.003145
Q_ind_217_anc_7-4,0.000155,0.000000,0.000000,0.000987
Q_ind_218_anc_7-4,0.000365,0.000000,0.000000,0.004253
Q_ind_219_anc_7-4,0.000538,0.000000,0.000000,0.006193
Q_ind_220_anc_7-4,0.000811,0.000000,0.000000,0.010784
Q_ind_221_anc_7-4,0.007805,0.000000,0.000000,0.078328
Q_ind_222_anc_7-4,0.000485,0.000000,0.000000,0.005960
Q_ind_223_anc_7-4,0.003797,0.000000,0.000000,0.051416
Q_ind_224_anc_7-4,0.001334,0.000000,0.000000,0.011531
Q_ind_225_anc_7-4,0.018375,0.000000,0.000000,0.106730
Q_ind_226_anc_7-4,0.034541,0.000237,0.000000,0.129364
Q_ind_227_anc_7-4,0.000858,0.000000,0.000000,0.012258
Q_ind_228_anc_7-4,0.000300,0.000000,0.000000,0.003178
Q_ind_229_anc_7-4,0.001638,0.000000,0.000000,0.022931
Q_ind_230_anc_7-4,0.000764,0.000000,0.000000,0.011968
Q_ind_231_anc_7-4,0.001331,0.000000,0.000000,0.011928
Q_ind_232_anc_7-4,0.000203,0.000000,0.000000,0.001945
Q_ind_233_anc_7-4,0.001642,0.000000,0.000000,0.023379
Q_ind_234_anc_7-4,0.000898,0.000000,0.000000,0.013010
Q_ind_235_anc_7-4,0.000240,0.000000,0.000000,0.002286
Q_ind_236_anc_7-4,0.000186,0.000000,0.000000,0.001938
Q_ind_237_anc_7-4,0.000271,0.000000,0.000000,0.003343
Q_ind_238_anc_7-4,0.000173,0.000000,0.000000,0.001851
Q_ind_239_anc_7-4,0.000090,0.000000,0.000000,0.000790
Q_ind_240_anc_7-4,0.000305,0.000000,0.000000,0.003299
Q_ind_241_anc_7-4,0.008759,0.000000,0.000000,0.056395
Q_ind_242_anc_7-4,0.001551,0.000000,0.000000,0.019513
Q_ind_243_anc_7-4,0.000226,0.000000,0.000000,0.002408
Q_ind_244_anc_7-4,0.000656,0.000000,0.000000,0.008550
Q_ind_245_anc_7-4,0.000101,0.000000,0.000000,0.001018
Q_ind_1_anc_7-5,0.000182,0.000000,0.000000,0.001979
Q_ind_2_anc_7-5,0.000174,0.000000,0.000000,0.001784
Q_ind_3_anc_7-5,0.000112,0.000000,0.000000,0.001169
Q_ind_4_anc_7-5,0.000179,0.000000,0.000000,0.001569
Q_ind_5_anc_7-5,0.000378,0.000000,0.000000,0.003659
Q_ind_6_anc_7-5,0.000619,0.000000,0.000000,0.008325
Q_ind_7_anc_7-5,0.000104,0.000000,0.000000,0.001054
Q_ind_8_anc_7-5,0.000394,0.000000,0.000000,0.004029
Q_ind_9_anc_7-5,0.000494,0.000000,0.000000,0.005877
Q_ind_10_anc_7-5,0.000090,0.000000,0.000000,0.000803
Q_ind_11_anc_7-5,0.001107,0.000000,0.000000,0.016616
Q_ind_12_anc_7-5,0.000924,0.000000,0.000000,0.012565
Q_ind_13_anc_7-5,0.573402,0.575678,0.493260,0.646338
Q_ind_14_anc_7-5,0.563602,0.566202,0.452846,0.651708
Q_ind_15_anc_7-5,0.546945,0.547027,0.456576,0.634475
Q_ind_16_anc_7-5,0.526280,0.532293,0.422420,0.610259
Q_ind_17_anc_7-5,0.558811,0.560649,0.484167,0.623479
Q_ind_18_anc_7-5,0.570498,0.570535,0.470028,0.664275
Q_ind_19_anc_7-5,0.567362,0.566799,0.497950,0.644946
Q_ind_20_anc_7-5,0.408575,0.410743,0.316505,0.491908
Q_ind_21_anc_7-5,0.024949,0.000000,0.000000,0.146397
Q_ind_22_anc_7-5,0.029090,0.000000,0.000000,0.166460
Q_ind_23_anc_7-5,0.000512,0.000000,0.000000,0.005569
Q_ind_24_anc_7-5,0.014312,0.000000,0.000000,0.115735
Q_ind_25_anc_7-5,0.002175,0.000000,0.000000,0.030341
Q_ind_26_anc_7-5,0.000493,0.000000,0.000000,0.005944
Q_ind_27_anc_7-5,0.000792,0.000000,0.000000,0.011223
Q_ind_28_anc_7-5,0.000740,0.000000,0.000000,0.010122
Q_ind_29_anc_7-5,0.001278,0.000000,0.000000,0.017608
Q_ind_30_anc_7-5,0.000609,0.000000,0.000000,0.008262
Q_ind_31_anc_7-5,0.000141,0.000000,0.000000,0.001379
Q_ind_32_anc_7-5,0.002979,0.000000,0.000000,0.049449
Q_ind_33_anc_7-5,0.000295,0.000000,0.000000,0.003533
Q_ind_34_anc_7-5,0.000170,0.000000,0.000000,0.001701
Q_ind_35_anc_7-5,0.001385,0.000000,0.000000,0.023368
Q_ind_36_anc_7-5,0.000171,0.000000,0.000000,0.001689
Q_ind_37_anc_7-5,0.014744,0.000000,0.000000,0.097003
Q_ind_38_anc_7-5,0.000110,0.000000,0.000000,0.001001
Q_ind_39_anc_7-5,0.001412,0.000000,0.000000,0.019811
Q_ind_40_anc_7-5,0.002969,0.000000,0.000000,0.042912
Q_ind_41_anc_7-5,0.000154,0.000000,0.000000,0.001329
Q_ind_42_anc_7-5,0.297649,0.272687,0.142260,0.486628
Q_ind_43_anc_7-5,0.317560,0.281043,0.166337,0.520613
Q_ind_44_anc_7-5,0.336562,0.324151,0.190901,0.512168
Q_ind_45_anc_7-5,0.314937,0.307935,0.152083,0.498090
Q_ind_46_anc_7-5,0.355442,0.350038,0.199374,0.524446
Q_ind_47_anc_7-5,0.158532,0.175103,0.000000,0.298330
Q_ind_48_anc_7-5,0.436357,0.432459,0.301945,0.548573
Q_ind_49_anc_7-5,0.249429,0.247463,0.113499,0.384396
Q_ind_50_anc_7-5,0.292742,0.262768,0.142632,0.545415
Q_ind_51_anc_7-5,0.655447,0.654753,0.549966,0.761111
Q_ind_52_anc_7-5,0.664322,0.649299,0.567679,0.798680
Q_ind_53_anc_7-5,0.691192,0.670722,0.585991,0.836408
Q_ind_54_anc_7-5,0.672208,0.658372,0.571975,0.807672
Q_ind_55_anc_7-5,0.664580,0.646507,0.562094,0.814415
Q_ind_56_anc_7-5,0.640525,0.626188,0.545787,0.778039
Q_ind_57_anc_7-5,0.334282,0.312605,0.220459,0.535478
Q_ind_58_anc_7-5,0.631961,0.612368,0.525187,0.788288
Q_ind_59_anc_7-5,0.604450,0.581108,0.491078,0.797968
Q_ind_60_anc_7-5,0.635759,0.625163,0.547485,0.753224
Q_ind_61_anc_7-5,0.629168,0.606821,0.509168,0.809999
Q_ind_62_anc_7-5,0.666344,0.628603,0.514680,0.870272
Q_ind_63_anc_7-5,0.000107,0.000000,0.000000,0.001085
Q_ind_64_anc_7-5,0.000079,0.000000,0.000000,0.000767
Q_ind_65_anc_7-5,0.000099,0.000000,0.000000,0.001002
Q_ind_66_anc_7-5,0.000086,0.000000,0.000000,0.000898
Q_ind_67_anc_7-5,0.000091,0.000000,0.000000,0.000922
Q_ind_68_anc_7-5,0.002216,0.000000,0.000000,0.036534
Q_ind_69_anc_7-5,0.000281,0.000000,0.000000,0.003888
Q_ind_70_anc_7-5,0.004295,0.000000,0.000000,0.052762
Q_ind_71_anc_7-5,0.047920,0.041274,0.000000,0.182123
Q_ind_72_anc_7-5,0.060292,0.061461,0.000000,0.177722
Q_ind_73_anc_7-5,0.019743,0.000000,0.000000,0.159425
Q_ind_74_anc_7-5,0.001697,0.000000,0.000000,0.022979
Q_ind_75_anc_7-5,0.025564,0.000000,0.000000,0.218297
Q_ind_76_anc_7-5,0.010761,0.000000,0.000000,0.092708
Q_ind_77_anc_7-5,0.000340,0.000000,0.000000,0.003898
Q_ind_78_anc_7-5,0.000118,0.000000,0.000000,0.001261
Q_ind_79_anc_7-5,0.004234,0.000000,0.000000,0.052963
Q_ind_80_anc_7-5,0.000698,0.000000,0.000000,0.004336
Q_ind_81_anc_7-5,0.013161,0.000000,0.000000,0.085366
Q_ind_82_anc_7-5,0.006103,0.000000,0.000000,0.068910
Q_ind_83_anc_7-5,0.004058,0.000000,0.000000,0.057448
Q_ind_84_anc_7-5,0.000525,0.000000,0.000000,0.006075
Q_ind_85_anc_7-5,0.000412,0.000000,0.000000,0.005491
Q_ind_86_anc_7-5,0.000427,0.000000,0.000000,0.003649
Q_ind_87_anc_7-5,0.008149,0.000000,0.000000,0.094743
Q_ind_88_anc_7-5,0.135760,0.156907,0.000000,0.242465
Q_ind_89_anc_7-5,0.163599,0.165507,0.075840,0.245119
Q_ind_90_anc_7-5,0.124782,0.163606,0.000000,0.280135
Q_ind_91_anc_7-5,0.197928,0.198926,0.129091,0.262763
Q_ind_92_anc_7-5,0.175365,0.183598,0.059884,0.256656
Q_ind_93_anc_7-5,0.173914,0.174632,0.053415,0.270190
Q_ind_94_anc_7-5,0.001725,0.000000,0.000000,0.024657
Q_ind_95_anc_7-5,0.189544,0.191644,0.113099,0.252831
Q_ind_96_anc_7-5,0.414512,0.417375,0.334738,0.473964
Q_ind_97_anc_7-5,0.407388,0.411621,0.309706,0.483657
Q_ind_98_anc_7-5,0.359101,0.389214,0.000000,0.465137
Q_ind_99_anc_7-5,0.248906,0.245756,0.149843,0.378608
Q_ind_100_anc_7-5,0.390128,0.398910,0.255019,0.472680
Q_ind_101_anc_7-5,0.368087,0.376387,0.253718,0.445060
Q_ind_102_anc_7-5,0.342082,0.348134,0.236204,0.411535
Q_ind_103_anc_7-5,0.389237,0.407669,0.207763,0.479446
Q_ind_104_anc_7-5,0.306806,0.318426,0.168085,0.384548
Q_ind_105_anc_7-5,0.379143,0.381227,0.272032,0.472892
Q_ind_106_anc_7-5,0.448936,0.455967,0.333781,0.528663
Q_ind_107_anc_7-5,0.000697,0.000000,0.000000,0.008894
Q_ind_108_anc_7-5,0.000478,0.000000,0.000000,0.004315
Q_ind_109_anc_7-5,0.000430,0.000000,0.000000,0.003718
Q_ind_110_anc_7-5,0.004151,0.000000,0.000000,0.055078
Q_ind_111_anc_7-5,0.000824,0.000000,0.000000,0.010734
Q_ind_112_anc_7-5,0.110905,0.124807,0.000000,0.224992
Q_ind_113_anc_7-5,0.000455,0.000000,0.000000,0.004369
Q_ind_114_anc_7-5,0.009878,0.000000,0.000000,0.077327
Q_ind_115_anc_7-5,0.534813,0.533937,0.451916,0.624648
Q_ind_116_anc_7-5,0.495484,0.497204,0.415689,0.567527
Q_ind_117_anc_7-5,0.518587,0.520450,0.434461,0.593931
Q_ind_118_anc_7-5,0.487396,0.486837,0.405955,0.568465
Q_ind_119_anc_7-5,0.491881,0.497411,0.380785,0.574799
Q_ind_120_anc_7-5,0.498917,0.507241,0.383584,0.572262
Q_ind_121_anc_7-5,0.510152,0.515298,0.406011,0.594033
Q_ind_122_anc_7-5,0.487643,0.491492,0.395907,0.557426
Q_ind_123_anc_7-5,0.502115,0.507591,0.390093,0.578427
Q_ind_124_anc_7-5,0.637943,0.638107,0.550389,0.720524
Q_ind_125_anc_7-5,0.000356,0.000000,0.000000,0.004565
Q_ind_126_anc_7-5,0.001458,0.000000,0.000000,0.023855
Q_ind_127_anc_7-5,0.032892,0.000208,0.000000,0.158415
Q_ind_128_anc_7-5,0.007081,0.000000,0.000000,0.084588
Q_ind_129_anc_7-5,0.004510,0.000000,0.000000,0.066923
Q_ind_130_anc_7-5,0.015292,0.000000,0.000000,0.099631
Q_ind_131_anc_7-5,0.000153,0.000000,0.000000,0.001370
Q_ind_132_anc_7-5,0.000165,0.000000,0.000000,0.001903
Q_ind_133_anc_7-5,0.000170,0.000000,0.000000,0.002066
Q_ind_134_anc_7-5,0.008507,0.000000,0.000000,0.065039
Q_ind_135_anc_7-5,0.000335,0.000000,0.000000,0.003761
Q_ind_136_anc_7-5,0.008919,0.000000,0.000000,0.061325
Q_ind_137_anc_7-5,0.002063,0.000000,0.000000,0.027361
Q_ind_138_anc_7-5,0.005341,0.000000,0.000000,0.081475
Q_ind_139_anc_7-5,0.003624,0.000000,0.000000,0.055835
Q_ind_140_anc_7-5,0.057097,0.060986,0.000000,0.129035
Q_ind_141_anc_7-5,0.000724,0.000000,0.000000,0.009865
Q_ind_142_anc_7-5,0.034081,0.000000,0.000000,0.130270
Q_ind_143_anc_7-5,0.009429,0.000000,0.000000,0.096127
Q_ind_144_anc_7-5,0.000726,0.000000,0.000000,0.011939
Q_ind_145_anc_7-5,0.000063,0.000000,0.000000,0.000707
Q_ind_146_anc_7-5,0.001839,0.000000,0.000000,0.024225
Q_ind_147_anc_7-5,0.000523,0.000000,0.000000,0.006822
Q_ind_148_anc_7-5,0.001831,0.000000,0.000000,0.024110
Q_ind_149_anc_7-5,0.000390,0.000000,0.000000,0.003901
Q_ind_150_anc_7-5,0.000214,0.000000,0.000000,0.002476
Q_ind_151_anc_7-5,0.000302,0.000000,0.000000,0.003743
Q_ind_152_anc_7-5,0.000397,0.000000,0.000000,0.005971
Q_ind_153_anc_7-5,0.000212,0.000000,0.000000,0.002574
Q_ind_154_anc_7-5,0.001764,0.000000,0.000000,0.023038
Q_ind_155_anc_7-5,0.000218,0.000000,0.000000,0.002258
Q_ind_156_anc_7-5,0.000364,0.000000,0.000000,0.004958
Q_ind_157_anc_7-5,0.026620,0.017594,0.000000,0.085702
Q_ind_158_anc_7-5,0.005849,0.000000,0.000000,0.050693
Q_ind_159_anc_7-5,0.001050,0.000000,0.000000,0.013944
Q_ind_160_anc_7-5,0.000227,0.000000,0.000000,0.001811
Q_ind_161_anc_7-5,0.000292,0.000000,0.000000,0.004200
Q_ind_162_anc_7-5,0.000554,0.000000,0.000000,0.006695
Q_ind_163_anc_7-5,0.000340,0.000000,0.000000,0.004503
Q_ind_164_anc_7-5,0.000656,0.000000,0.000000,0.009154
Q_ind_165_anc_7-5,0.000467,0.000000,0.000000,0.004911
Q_ind_166_anc_7-5,0.000831,0.000000,0.000000,0.011801
Q_ind_167_anc_7-5,0.000689,0.000000,0.000000,0.007639
Q_ind_168_anc_7-5,0.017498,0.000000,0.000000,0.108072
Q_ind_169_anc_7-5,0.000543,0.000000,0.000000,0.004579
Q_ind_170_anc_7-5,0.000516,0.000000,0.000000,0.005525
Q_ind_171_anc_7-5,0.000277,0.000000,0.000000,0.002520
Q_ind_172_anc_7-5,0.000379,0.000000,0.000000,0.003382
Q_ind_173_anc_7-5,0.057102,0.064985,0.000000,0.139120
Q_ind_174_anc_7-5,0.000453,0.000000,0.000000,0.005179
Q_ind_175_anc_7-5,0.000605,0.000000,0.000000,0.008304
Q_ind_176_anc_7-5,0.000421,0.000000,0.000000,0.003938
Q_ind_177_anc_7-5,0.000503,0.000000,0.000000,0.006429
Q_ind_178_anc_7-5,0.000970,0.000000,0.000000,0.014687
Q_ind_179_anc_7-5,0.000976,0.000000,0.000000,0.016639
Q_ind_180_anc_7-5,0.000648,0.000000,0.000000,0.008069
Q_ind_181_anc_7-5,0.018950,0.000000,0.000000,0.137875
Q_ind_182_anc_7-5,0.006181,0.000000,0.000000,0.066603
Q_ind_183_anc_7-5,0.001536,0.000000,0.000000,0.024082
Q_ind_184_anc_7-5,0.000274,0.000000,0.000000,0.003384
Q_ind_185_anc_7-5,0.000212,0.000000,0.000000,0.001945
Q_ind_186_anc_7-5,0.010687,0.000000,0.000000,0.066152
Q_ind_187_anc_7-5,0.004470,0.000000,0.000000,0.051873
Q_ind_188_anc_7-5,0.000840,0.000000,0.000000,0.012039
Q_ind_189_anc_7-5,0.000890,0.000000,0.000000,0.006348
Q_ind_190_anc_7-5,0.010739,0.000000,0.000000,0.127818
Q_ind_191_anc_7-5,0.000235,0.000000,0.000000,0.002536
Q_ind_192_anc_7-5,0.000115,0.000000,0.000000,0.001247
Q_ind_193_anc_7-5,0.000210,0.000000,0.000000,0.002255
Q_ind_194_anc_7-5,0.000037,0.000000,0.000000,0.000251
Q_ind_195_anc_7-5,0.000161,0.000000,0.000000,0.001725
Q_ind_196_anc_7-5,0.000050,0.000000,0.000000,0.000464
Q_ind_197_anc_7-5,0.000049,0.000000,0.000000,0.000524
Q_ind_198_anc_7-5,0.000032,0.000000,0.000000,0.000294
Q_ind_199_anc_7-5,0.000125,0.000000,0.000000,0.001368
Q_ind_200_anc_7-5,0.000047,0.000000,0.000000,0.000416
Q_ind_201_anc_7-5,0.001814,0.000000,0.000000,0.031119
Q_ind_202_anc_7-5,0.000231,0.000000,0.000000,0.002438
Q_ind_203_anc_7-5,0.000267,0.000000,0.000000,0.003422
Q_ind_204_anc_7-5,0.000386,0.000000,0.000000,0.004608
Q_ind_205_anc_7-5,0.000761,0.000000,0.000000,0.010498
Q_ind_206_anc_7-5,0.000381,0.000000,0.000000,0.004705
Q_ind_207_anc_7-5,0.005311,0.000000,0.000000,0.053179
Q_ind_208_anc_7-5,0.000404,0.000000,0.000000,0.004734
Q_ind_209_anc_7-5,0.000511,0.000000,0.000000,0.005553
Q_ind_210_anc_7-5,0.000127,0.000000,0.000000,0.001498
Q_ind_211_anc_7-5,0.000344,0.000000,0.000000,0.004366
Q_ind_212_anc_7-5,0.101427,0.109658,0.000000,0.205901
Q_ind_213_anc_7-5,0.006822,0.000000,0.000000,0.061026
Q_ind_214_anc_7-5,0.004168,0.000000,0.000000,0.047113
Q_ind_215_anc_7-5,0.001089,0.000000,0.000000,0.013513
Q_ind_216_anc_7-5,0.001877,0.000000,0.000000,0.028834
Q_ind_217_anc_7-5,0.000779,0.000000,0.000000,0.011659
Q_ind_218_anc_7-5,0.000227,0.000000,0.000000,0.002161
Q_ind_219_anc_7-5,0.016628,0.000000,0.000000,0.093444
Q_ind_220_anc_7-5,0.009623,0.000000,0.000000,0.087345
Q_ind_221_anc_7-5,0.001860,0.000000,0.000000,0.024173
Q_ind_222_anc_7-5,0.021355,0.000000,0.000000,0.129638
Q_ind_223_anc_7-5,0.000341,0.000000,0.000000,0.002831
Q_ind_224_anc_7-5,0.000452,0.000000,0.000000,0.005462
Q_ind_225_anc_7-5,0.029277,0.000075,0.000000,0.123237
Q_ind_226_anc_7-5,0.038388,0.023706,0.000000,0.128219
Q_ind_227_anc_7-5,0.033797,0.000213,0.000000,0.136104
Q_ind_228_anc_7-5,0.012350,0.000000,0.000000,0.089897
Q_ind_229_anc_7-5,0.003366,0.000000,0.000000,0.043466
Q_ind_230_anc_7-5,0.000921,0.000000,0.000000,0.011392
Q_ind_231_anc_7-5,0.001254,0.000000,0.000000,0.015948
Q_ind_232_anc_7-5,0.172958,0.177324,0.002707,0.235094
Q_ind_233_anc_7-5,0.016936,0.000000,0.000000,0.099739
Q_ind_234_anc_7-5,0.001714,0.000000,0.000000,0.019271
Q_ind_235_anc_7-5,0.033739,0.021997,0.000000,0.107658
Q_ind_236_anc_7-5,0.098495,0.093836,0.036744,0.212780
Q_ind_237_anc_7-5,0.044370,0.042792,0.000000,0.133886
Q_ind_238_anc_7-5,0.001549,0.000000,0.000000,0.023393
Q_ind_239_anc_7-5,0.048184,0.053639,0.000000,0.107943
Q_ind_240_anc_7-5,0.001211,0.000000,0.000000,0.017406
Q_ind_241_anc_7-5,0.016858,0.000000,0.000000,0.101575
Q_ind_242_anc_7-5,0.066092,0.071308,0.000000,0.127697
Q_ind_243_anc_7-5,0.000831,0.000000,0.000000,0.008251
Q_ind_244_anc_7-5,0.099827,0.094244,0.000000,0.228916
Q_ind_245_anc_7-5,0.000419,0.000000,0.000000,0.003577
Q_ind_1_anc_7-6,0.000406,0.000000,0.000000,0.004090
Q_ind_2_anc_7-6,0.016192,0.000000,0.000000,0.117733
Q_ind_3_anc_7-6,0.016957,0.000000,0.000000,0.123076
Q_ind_4_anc_7-6,0.000598,0.000000,0.000000,0.007844
Q_ind_5_anc_7-6,0.000261,0.000000,0.000000,0.003066
Q_ind_6_anc_7-6,0.000528,0.000000,0.000000,0.005150
Q_ind_7_anc_7-6,0.000912,0.000000,0.000000,0.011392
Q_ind_8_anc_7-6,0.001852,0.000000,0.000000,0.027846
Q_ind_9_anc_7-6,0.006132,0.000000,0.000000,0.099496
Q_ind_10_anc_7-6,0.001212,0.000000,0.000000,0.012668
Q_ind_11_anc_7-6,0.001159,0.000000,0.000000,0.017411
Q_ind_12_anc_7-6,0.000501,0.000000,0.000000,0.006189
Q_ind_13_anc_7-6,0.000364,0.000000,0.000000,0.004164
Q_ind_14_anc_7-6,0.000606,0.000000,0.000000,0.006289
Q_ind_15_anc_7-6,0.000356,0.000000,0.000000,0.004206
Q_ind_16_anc_7-6,0.000299,0.000000,0.000000,0.003044
Q_ind_17_anc_7-6,0.000288,0.000000,0.000000,0.003419
Q_ind_18_anc_7-6,0.007824,0.000000,0.000000,0.075788
Q_ind_19_anc_7-6,0.000151,0.000000,0.000000,0.001249
Q_ind_20_anc_7-6,0.000075,0.000000,0.000000,0.000889
Q_ind_21_anc_7-6,0.000551,0.000000,0.000000,0.005364
Q_ind_22_anc_7-6,0.003359,0.000000,0.000000,0.046537
Q_ind_23_anc_7-6,0.001177,0.000000,0.000000,0.017392
Q_ind_24_anc_7-6,0.000534,0.000000,0.000000,0.006829
Q_ind_25_anc_7-6,0.000440,0.000000,0.000000,0.005035
Q_ind_26_anc_7-6,0.001285,0.000000,0.000000,0.018580
Q_ind_27_anc_7-6,0.000300,0.000000,0.000000,0.003197
Q_ind_28_anc_7-6,0.001164,0.000000,0.000000,0.016497
Q_ind_29_anc_7-6,0.001131,0.000000,0.000000,0.015538
Q_ind_30_anc_7-6,0.000149,0.000000,0.000000,0.001567
Q_ind_31_anc_7-6,0.000061,0.000000,0.000000,0.000650
Q_ind_32_anc_7-6,0.000399,0.000000,0.000000,0.004627
Q_ind_33_anc_7-6,0.000999,0.000000,0.000000,0.013556
Q_ind_34_anc_7-6,0.000282,0.000000,0.000000,0.002690
Q_ind_35_anc_7-6,0.000947,0.000000,0.000000,0.009887
Q_ind_36_anc_7-6,0.000070,0.000000,0.000000,0.000673
Q_ind_37_anc_7-6,0.000132,0.000000,0.000000,0.001170
Q_ind_38_anc_7-6,0.000120,0.000000,0.000000,0.001306
Q_ind_39_anc_7-6,0.000099,0.000000,0.000000,0.001161
Q_ind_40_anc_7-6,0.001413,0.000000,0.000000,0.019690
Q_ind_41_anc_7-6,0.000376,0.000000,0.000000,0.004696
Q_ind_42_anc_7-6,0.000270,0.000000,0.000000,0.002508
Q_ind_43_anc_7-6,0.000375,0.000000,0.000000,0.005097
Q_ind_44_anc_7-6,0.000220,0.000000,0.000000,0.002217
Q_ind_45_anc_7-6,0.000621,0.000000,0.000000,0.007483
Q_ind_46_anc_7-6,0.000207,0.000000,0.000000,0.002806
Q_ind_47_anc_7-6,0.000225,0.000000,0.000000,0.002324
Q_ind_48_anc_7-6,0.000289,0.000000,0.000000,0.003392
Q_ind_49_anc_7-6,0.000137,0.000000,0.000000,0.001356
Q_ind_50_anc_7-6,0.000124,0.000000,0.000000,0.001435
Q_ind_51_anc_7-6,0.000100,0.000000,0.000000,0.000829
Q_ind_52_anc_7-6,0.000359,0.000000,0.000000,0.003887
Q_ind_53_anc_7-6,0.000329,0.000000,0.000000,0.003147
Q_ind_54_anc_7-6,0.000227,0.000000,0.000000,0.002123
Q_ind_55_anc_7-6,0.000251,0.000000,0.000000,0.002962
Q_ind_56_anc_7-6,0.000080,0.000000,0.000000,0.000951
Q_ind_57_anc_7-6,0.000341,0.000000,0.000000,0.003745
Q_ind_58_anc_7-6,0.000099,0.000000,0.000000,0.001023
Q_ind_59_anc_7-6,0.000319,0.000000,0.000000,0.004156
Q_ind_60_anc_7-6,0.000154,0.000000,0.000000,0.001633
Q_ind_61_anc_7-6,0.000517,0.000000,0.000000,0.005730
Q_ind_62_anc_7-6,0.001310,0.000000,0.000000,0.019809
Q_ind_63_anc_7-6,0.001018,0.000000,0.000000,0.013125
Q_ind_64_anc_7-6,0.000125,0.000000,0.000000,0.001406
Q_ind_65_anc_7-6,0.000367,0.000000,0.000000,0.004319
Q_ind_66_anc_7-6,0.000113,0.000000,0.000000,0.001212
Q_ind_67_anc_7-6,0.000205,0.000000,0.000000,0.001865
Q_ind_68_anc_7-6,0.000213,0.000000,0.000000,0.002461
Q_ind_69_anc_7-6,0.001159,0.000000,0.000000,0.015332
Q_ind_70_anc_7-6,0.000105,0.000000,0.000000,0.000899
Q_ind_71_anc_7-6,0.000630,0.000000,0.000000,0.008604
Q_ind_72_anc_7-6,0.000172,0.000000,0.000000,0.001732
Q_ind_73_anc_7-6,0.000697,0.000000,0.000000,0.007146
Q_ind_74_anc_7-6,0.000231,0.000000,0.000000,0.002575
Q_ind_75_anc_7-6,0.000091,0.000000,0.000000,0.000871
Q_ind_76_anc_7-6,0.000277,0.000000,0.000000,0.003312
Q_ind_77_anc_7-6,0.000370,0.000000,0.000000,0.004729
Q_ind_78_anc_7-6,0.000233,0.000000,0.000000,0.002794
Q_ind_79_anc_7-6,0.001280,0.000000,0.000000,0.018489
Q_ind_80_anc_7-6,0.001622,0.000000,0.000000,0.024659
Q_ind_81_anc_7-6,0.000424,0.000000,0.000000,0.005421
Q_ind_82_anc_7-6,0.000389,0.000000,0.000000,0.004388
Q_ind_83_anc_7-6,0.000436,0.000000,0.000000,0.005263
Q_ind_84_anc_7-6,0.000194,0.000000,0.000000,0.002567
Q_ind_85_anc_7-6,0.000388,0.000000,0.000000,0.004798
Q_ind_86_anc_7-6,0.000700,0.000000,0.000000,0.007118
Q_ind_87_anc_7-6,0.000354,0.000000,0.000000,0.003310
Q_ind_88_anc_7-6,0.000677,0.000000,0.000000,0.007933
Q_ind_89_anc_7-6,0.000662,0.000000,0.000000,0.007536
Q_ind_90_anc_7-6,0.002715,0.000000,0.000000,0.037403
Q_ind_91_anc_7-6,0.000314,0.000000,0.000000,0.003201
Q_ind_92_anc_7-6,0.004245,0.000000,0.000000,0.070803
Q_ind_93_anc_7-6,0.020467,0.000000,0.000000,0.204049
Q_ind_94_anc_7-6,0.000157,0.000000,0.000000,0.001779
Q_ind_95_anc_7-6,0.024418,0.000000,0.000000,0.172174
Q_ind_96_anc_7-6,0.000081,0.000000,0.000000,0.000773
Q_ind_97_anc_7-6,0.000161,0.000000,0.000000,0.001239
Q_ind_98_anc_7-6,0.000420,0.000000,0.000000,0.001173
Q_ind_99_anc_7-6,0.000074,0.000000,0.000000,0.000839
Q_ind_100_anc_7-6,0.000251,0.000000,0.000000,0.003146
Q_ind_101_anc_7-6,0.000103,0.000000,0.000000,0.000820
Q_ind_102_anc_7-6,0.000061,0.000000,0.000000,0.000593
Q_ind_103_anc_7-6,0.000467,0.000000,0.000000,0.005974
Q_ind_104_anc_7-6,0.000242,0.000000,0.000000,0.002347
Q_ind_105_anc_7-6,0.000079,0.000000,0.000000,0.000852
Q_ind_106_anc_7-6,0.000754,0.000000,0.000000,0.011455
Q_ind_107_anc_7-6,0.001052,0.000000,0.000000,0.014648
Q_ind_108_anc_7-6,0.000342,0.000000,0.000000,0.002940
Q_ind_109_anc_7-6,0.012269,0.000000,0.000000,0.127655
Q_ind_110_anc_7-6,0.000716,0.000000,0.000000,0.007732
Q_ind_111_anc_7-6,0.000235,0.000000,0.000000,0.002685
Q_ind_112_anc_7-6,0.000723,0.000000,0.000000,0.007839
Q_ind_113_anc_7-6,0.000293,0.000000,0.000000,0.002850
Q_ind_114_anc_7-6,0.000521,0.000000,0.000000,0.006638
Q_ind_115_anc_7-6,0.000133,0.000000,0.000000,0.001407
Q_ind_116_anc_7-6,0.000256,0.000000,0.000000,0.003393
Q_ind_117_anc_7-6,0.000654,0.000000,0.000000,0.008754
Q_ind_118_anc_7-6,0.000256,0.000000,0.000000,0.003275
Q_ind_119_anc_7-6,0.000660,0.000000,0.000000,0.008685
Q_ind_120_anc_7-6,0.000186,0.000000,0.000000,0.001489
Q_ind_121_anc_7-6,0.002356,0.000000,0.000000,0.029515
Q_ind_122_anc_7-6,0.000252,0.000000,0.000000,0.002864
Q_ind_123_anc_7-6,0.000423,0.000000,0.000000,0.004676
Q_ind_124_anc_7-6,0.000177,0.000000,0.000000,0.001689
Q_ind_125_anc_7-6,0.000648,0.000000,0.000000,0.007336
Q_ind_126_anc_7-6,0.010708,0.000000,0.000000,0.120080
Q_ind_127_anc_7-6,0.001057,0.000000,0.000000,0.013940
Q_ind_128_anc_7-6,0.000567,0.000000,0.000000,0.006420
Q_ind_129_anc_7-6,0.008523,0.000000,0.000000,0.081223
Q_ind_130_anc_7-6,0.003103,0.000000,0.000000,0.060883
Q_ind_131_anc_7-6,0.001056,0.000000,0.000000,0.011004
Q_ind_132_anc_7-6,0.000482,0.000000,0.000000,0.001479
Q_ind_133_anc_7-6,0.000946,0.000000,0.000000,0.013934
Q_ind_134_anc_7-6,0.000214,0.000000,0.000000,0.002027
Q_ind_135_anc_7-6,0.000213,0.000000,0.000000,0.002474
Q_ind_136_anc_7-6,0.000408,0.000000,0.000000,0.005205
Q_ind_137_anc_7-6,0.010878,0.000000,0.000000,0.107082
Q_ind_138_anc_7-6,0.001716,0.000000,0.000000,0.030668
Q_ind_139_anc_7-6,0.000265,0.000000,0.000000,0.002767
Q_ind_140_anc_7-6,0.000768,0.000000,0.000000,0.009695
Q_ind_141_anc_7-6,0.000496,0.000000,0.000000,0.006636
Q_ind_142_anc_7-6,0.000065,0.000000,0.000000,0.000736
Q_ind_143_anc_7-6,0.000529,0.000000,0.000000,0.007756
Q_ind_144_anc_7-6,0.000383,0.000000,0.000000,0.005278
Q_ind_145_anc_7-6,0.000441,0.000000,0.000000,0.006302
Q_ind_146_anc_7-6,0.000323,0.000000,0.000000,0.003610
Q_ind_147_anc_7-6,0.000161,0.000000,0.000000,0.001856
Q_ind_148_anc_7-6,0.003114,0.000000,0.000000,0.040612
Q_ind_149_anc_7-6,0.000085,0.000000,0.000000,0.000873
Q_ind_150_anc_7-6,0.001056,0.000000,0.000000,0.017005
Q_ind_151_anc_7-6,0.001390,0.000000,0.000000,0.022056
Q_ind_152_anc_7-6,0.000236,0.000000,0.000000,0.001832
Q_ind_153_anc_7-6,0.000618,0.000000,0.000000,0.008577
Q_ind_154_anc_7-6,0.001106,0.000000,0.000000,0.017903
Q_ind_155_anc_7-6,0.000132,0.000000,0.000000,0.001193
Q_ind_156_anc_7-6,0.001258,0.000000,0.000000,0.016612
Q_ind_157_anc_7-6,0.000723,0.000000,0.000000,0.008610
Q_ind_158_anc_7-6,0.001850,0.000000,0.000000,0.026973
Q_ind_159_anc_7-6,0.014997,0.000000,0.000000,0.123621
Q_ind_160_anc_7-6,0.002386,0.000000,0.000000,0.029988
Q_ind_161_anc_7-6,0.000583,0.000000,0.000000,0.005926
Q_ind_162_anc_7-6,0.000568,0.000000,0.000000,0.004990
Q_ind_163_anc_7-6,0.000286,0.000000,0.000000,0.002781
Q_ind_164_anc_7-6,0.002482,0.000000,0.000000,0.026404
Q_ind_165_anc_7-6,0.011008,0.000000,0.000000,0.095271
Q_ind_166_anc_7-6,0.000582,0.000000,0.000000,0.007167
Q_ind_167_anc_7-6,0.002186,0.000000,0.000000,0.036290
Q_ind_168_anc_7-6,0.000113,0.000000,0.000000,0.000993
Q_ind_169_anc_7-6,0.000604,0.000000,0.000000,0.003653
Q_ind_170_anc_7-6,0.001000,0.000000,0.000000,0.012489
Q_ind_171_anc_7-6,0.000690,0.000000,0.000000,0.007113
Q_ind_172_anc_7-6,0.002713,0.000000,0.000000,0.036033
Q_ind_173_anc_7-6,0.000283,0.000000,0.000000,0.003274
Q_ind_174_anc_7-6,0.000639,0.000000,0.000000,0.007725
Q_ind_175_anc_7-6,0.000157,0.000000,0.000000,0.001264
Q_ind_176_anc_7-6,0.000395,0.000000,0.000000,0.003774
Q_ind_177_anc_7-6,0.001196,0.000000,0.000000,0.016158
Q_ind_178_anc_7-6,0.000531,0.000000,0.000000,0.005839
Q_ind_179_anc_7-6,0.000229,0.000000,0.000000,0.002390
Q_ind_180_anc_7-6,0.000191,0.000000,0.000000,0.001565
Q_ind_181_anc_7-6,0.000565,0.000000,0.000000,0.006039
Q_ind_182_anc_7-6,0.001040,0.000000,0.000000,0.013178
Q_ind_183_anc_7-6,0.001750,0.000000,0.000000,0.023410
Q_ind_184_anc_7-6,0.000546,0.000000,0.000000,0.003868
Q_ind_185_anc_7-6,0.000413,0.000000,0.000000,0.004567
Q_ind_186_anc_7-6,0.000541,0.000000,0.000000,0.005741
Q_ind_187_anc_7-6,0.000393,0.000000,0.000000,0.004525
Q_ind_188_anc_7-6,0.000576,0.000000,0.000000,0.006940
Q_ind_189_anc_7-6,0.000607,0.000000,0.000000,0.008058
Q_ind_190_anc_7-6,0.000453,0.000000,0.000000,0.006129
Q_ind_191_anc_7-6,0.000606,0.000000,0.000000,0.006069
Q_ind_192_anc_7-6,0.000099,0.000000,0.000000,0.000757
Q_ind_193_anc_7-6,0.000264,0.000000,0.000000,0.003285
Q_ind_194_anc_7-6,0.000044,0.000000,0.000000,0.000415
Q_ind_195_anc_7-6,0.000095,0.000000,0.000000,0.001047
Q_ind_196_anc_7-6,0.000079,0.000000,0.000000,0.000713
Q_ind_197_anc_7-6,0.000046,0.000000,0.000000,0.000415
Q_ind_198_anc_7-6,0.000082,0.000000,0.000000,0.000889
Q_ind_199_anc_7-6,0.000129,0.000000,0.000000,0.001420
Q_ind_200_anc_7-6,0.000140,0.000000,0.000000,0.001396
Q_ind_201_anc_7-6,0.000239,0.000000,0.000000,0.001927
Q_ind_202_anc_7-6,0.000130,0.000000,0.000000,0.001279
Q_ind_203_anc_7-6,0.001015,0.000000,0.000000,0.010816
Q_ind_204_anc_7-6,0.000795,0.000000,0.000000,0.007932
Q_ind_205_anc_7-6,0.001815,0.000000,0.000000,0.029930
Q_ind_206_anc_7-6,0.002470,0.000000,0.000000,0.035195
Q_ind_207_anc_7-6,0.008362,0.000000,0.000000,0.102624
Q_ind_208_anc_7-6,0.000134,0.000000,0.000000,0.001430
Q_ind_209_anc_7-6,0.000185,0.000000,0.000000,0.002003
Q_ind_210_anc_7-6,0.000278,0.000000,0.000000,0.003061
Q_ind_211_anc_7-6,0.020941,0.000000,0.000000,0.132545
Q_ind_212_anc_7-6,0.000121,0.000000,0.000000,0.001307
Q_ind_213_anc_7-6,0.000591,0.000000,0.000000,0.009476
Q_ind_214_anc_7-6,0.000452,0.000000,0.000000,0.004889
Q_ind_215_anc_7-6,0.015866,0.000000,0.000000,0.155830
Q_ind_216_anc_7-6,0.000399,0.000000,0.000000,0.004534
Q_ind_217_anc_7-6,0.000174,0.000000,0.000000,0.001929
Q_ind_218_anc_7-6,0.000267,0.000000,0.000000,0.002464
Q_ind_219_anc_7-6,0.000328,0.000000,0.000000,0.003311
Q_ind_220_anc_7-6,0.000382,0.000000,0.000000,0.004732
Q_ind_221_anc_7-6,0.000877,0.000000,0.000000,0.011648
Q_ind_222_anc_7-6,0.000808,0.000000,0.000000,0.008511
Q_ind_223_anc_7-6,0.000102,0.000000,0.000000,0.000898
Q_ind_224_anc_7-6,0.000208,0.000000,0.000000,0.002110
Q_ind_225_anc_7-6,0.000451,0.000000,0.000000,0.004418
Q_ind_226_anc_7-6,0.000243,0.000000,0.000000,0.002215
Q_ind_227_anc_7-6,0.000651,0.000000,0.000000,0.005008
Q_ind_228_anc_7-6,0.001935,0.000000,0.000000,0.030345
Q_ind_229_anc_7-6,0.003002,0.000000,0.000000,0.043448
Q_ind_230_anc_7-6,0.005484,0.000000,0.000000,0.053832
Q_ind_231_anc_7-6,0.000223,0.000000,0.000000,0.002312
Q_ind_232_anc_7-6,0.000225,0.000000,0.000000,0.002590
Q_ind_233_anc_7-6,0.000578,0.000000,0.000000,0.008026
Q_ind_234_anc_7-6,0.000217,0.000000,0.000000,0.002165
Q_ind_235_anc_7-6,0.000201,0.000000,0.000000,0.001660
Q_ind_236_anc_7-6,0.000478,0.000000,0.000000,0.006065
Q_ind_237_anc_7-6,0.000627,0.000000,0.000000,0.007908
Q_ind_238_anc_7-6,0.000115,0.000000,0.000000,0.001355
Q_ind_239_anc_7-6,0.000103,0.000000,0.000000,0.000720
Q_ind_240_anc_7-6,0.000454,0.000000,0.000000,0.004263
Q_ind_241_anc_7-6,0.000257,0.000000,0.000000,0.002482
Q_ind_242_anc_7-6,0.000263,0.000000,0.000000,0.002231
Q_ind_243_anc_7-6,0.000067,0.000000,0.000000,0.000644
Q_ind_244_anc_7-6,0.000516,0.000000,0.000000,0.006180
Q_ind_245_anc_7-6,0.000139,0.000000,0.000000,0.001372
Q_ind_1_anc_7-7,0.000052,0.000000,0.000000,0.000547
Q_ind_2_anc_7-7,0.000412,0.000000,0.000000,0.005621
Q_ind_3_anc_7-7,0.000611,0.000000,0.000000,0.007421
Q_ind_4_anc_7-7,0.002461,0.000000,0.000000,0.036287
Q_ind_5_anc_7-7,0.000043,0.000000,0.000000,0.000453
Q_ind_6_anc_7-7,0.002347,0.000000,0.000000,0.037984
Q_ind_7_anc_7-7,0.000242,0.000000,0.000000,0.002622
Q_ind_8_anc_7-7,0.000365,0.000000,0.000000,0.004198
Q_ind_9_anc_7-7,0.003695,0.000000,0.000000,0.064165
Q_ind_10_anc_7-7,0.000537,0.000000,0.000000,0.007265
Q_ind_11_anc_7-7,0.000506,0.000000,0.000000,0.005795
Q_ind_12_anc_7-7,0.000457,0.000000,0.000000,0.004262
Q_ind_13_anc_7-7,0.000161,0.000000,0.000000,0.001813
Q_ind_14_anc_7-7,0.001225,0.000000,0.000000,0.015680
Q_ind_15_anc_7-7,0.000141,0.000000,0.000000,0.001398
Q_ind_16_anc_7-7,0.000275,0.000000,0.000000,0.003143
Q_ind_17_anc_7-7,0.000259,0.000000,0.000000,0.002199
Q_ind_18_anc_7-7,0.001436,0.000000,0.000000,0.023698
Q_ind_19_anc_7-7,0.000062,0.000000,0.000000,0.000500
Q_ind_20_anc_7-7,0.000056,0.000000,0.000000,0.000570
Q_ind_21_anc_7-7,0.000625,0.000000,0.000000,0.007998
Q_ind_22_anc_7-7,0.002553,0.000000,0.000000,0.035565
Q_ind_23_anc_7-7,0.000812,0.000000,0.000000,0.012028
Q_ind_24_anc_7-7,0.000148,0.000000,0.000000,0.001810
Q_ind_25_anc_7-7,0.001066,0.000000,0.000000,0.016154
Q_ind_26_anc_7-7,0.000558,0.000000,0.000000,0.005962
Q_ind_27_anc_7-7,0.000490,0.000000,0.000000,0.003696
Q_ind_28_anc_7-7,0.000768,0.000000,0.000000,0.010434
Q_ind_29_anc_7-7,0.000737,0.000000,0.000000,0.009656
Q_ind_30_anc_7-7,0.000398,0.000000,0.000000,0.004958
Q_ind_31_anc_7-7,0.000080,0.000000,0.000000,0.000684
Q_ind_32_anc_7-7,0.000963,0.000000,0.000000,0.011226
Q_ind_33_anc_7-7,0.000190,0.000000,0.000000,0.002202
Q_ind_34_anc_7-7,0.000480,0.000000,0.000000,0.006923
Q_ind_35_anc_7-7,0.000060,0.000000,0.000000,0.000717
Q_ind_36_anc_7-7,0.000069,0.000000,0.000000,0.000597
Q_ind_37_anc_7-7,0.000085,0.000000,0.000000,0.000818
Q_ind_38_anc_7-7,0.000069,0.000000,0.000000,0.000618
Q_ind_39_anc_7-7,0.000035,0.000000,0.000000,0.000351
Q_ind_40_anc_7-7,0.003975,0.000000,0.000000,0.055490
Q_ind_41_anc_7-7,0.000144,0.000000,0.000000,0.001584
Q_ind_42_anc_7-7,0.007099,0.000000,0.000000,0.060576
Q_ind_43_anc_7-7,0.000552,0.000000,0.000000,0.007645
Q_ind_44_anc_7-7,0.000637,0.000000,0.000000,0.009301
Q_ind_45_anc_7-7,0.015617,0.000000,0.000000,0.098686
Q_ind_46_anc_7-7,0.001074,0.000000,0.000000,0.015158
Q_ind_47_anc_7-7,0.002264,0.000000,0.000000,0.030526
Q_ind_48_anc_7-7,0.000357,0.000000,0.000000,0.003861
Q_ind_49_anc_7-7,0.020652,0.000013,0.000000,0.092921
Q_ind_50_anc_7-7,0.000260,0.000000,0.000000,0.002542
Q_ind_51_anc_7-7,0.000116,0.000000,0.000000,0.001248
Q_ind_52_anc_7-7,0.000287,0.000000,0.000000,0.002418
Q_ind_53_anc_7-7,0.000408,0.000000,0.000000,0.005492
Q_ind_54_anc_7-7,0.000580,0.000000,0.000000,0.006634
Q_ind_55_anc_7-7,0.000222,0.000000,0.000000,0.002542
Q_ind_56_anc_7-7,0.000212,0.000000,0.000000,0.002141
Q_ind_57_anc_7-7,0.000070,0.000000,0.000000,0.000700
Q_ind_58_anc_7-7,0.000123,0.000000,0.000000,0.001383
Q_ind_59_anc_7-7,0.000550,0.000000,0.000000,0.005194
Q_ind_60_anc_7-7,0.000166,0.000000,0.000000,0.001624
Q_ind_61_anc_7-7,0.000669,0.000000,0.000000,0.005776
Q_ind_62_anc_7-7,0.000322,0.000000,0.000000,0.003925
Q_ind_63_anc_7-7,0.000300,0.000000,0.000000,0.004052
Q_ind_64_anc_7-7,0.000139,0.000000,0.000000,0.001544
Q_ind_65_anc_7-7,0.000274,0.000000,0.000000,0.003796
Q_ind_66_anc_7-7,0.000118,0.000000,0.000000,0.001476
Q_ind_67_anc_7-7,0.000102,0.000000,0.000000,0.000978
Q_ind_68_anc_7-7,0.000419,0.000000,0.000000,0.004167
Q_ind_69_anc_7-7,0.000136,0.000000,0.000000,0.001315
Q_ind_70_anc_7-7,0.000058,0.000000,0.000000,0.000479
Q_ind_71_anc_7-7,0.000740,0.000000,0.000000,0.009902
Q_ind_72_anc_7-7,0.000523,0.000000,0.000000,0.007000
Q_ind_73_anc_7-7,0.001497,0.000000,0.000000,0.025921
Q_ind_74_anc_7-7,0.000082,0.000000,0.000000,0.000732
Q_ind_75_anc_7-7,0.000083,0.000000,0.000000,0.000759
Q_ind_76_anc_7-7,0.005016,0.000000,0.000000,0.047134
Q_ind_77_anc_7-7,0.000292,0.000000,0.000000,0.002535
Q_ind_78_anc_7-7,0.000196,0.000000,0.000000,0.001349
Q_ind_79_anc_7-7,0.000813,0.000000,0.000000,0.010717
Q_ind_80_anc_7-7,0.000247,0.000000,0.000000,0.001738
Q_ind_81_anc_7-7,0.000294,0.000000,0.000000,0.002623
Q_ind_82_anc_7-7,0.007131,0.000000,0.000000,0.065577
Q_ind_83_anc_7-7,0.000799,0.000000,0.000000,0.013174
Q_ind_84_anc_7-7,0.000519,0.000000,0.000000,0.007207
Q_ind_85_anc_7-7,0.000342,0.000000,0.000000,0.004204
Q_ind_86_anc_7-7,0.003003,0.000000,0.000000,0.042838
Q_ind_87_anc_7-7,0.000251,0.000000,0.000000,0.002611
Q_ind_88_anc_7-7,0.063554,0.069398,0.000000,0.158895
Q_ind_89_anc_7-7,0.017757,0.000000,0.000000,0.099199
Q_ind_90_anc_7-7,0.088663,0.091996,0.000000,0.186400
Q_ind_91_anc_7-7,0.013679,0.000000,0.000000,0.100955
Q_ind_92_anc_7-7,0.022650,0.000073,0.000000,0.093359
Q_ind_93_anc_7-7,0.001735,0.000000,0.000000,0.026093
Q_ind_94_anc_7-7,0.000127,0.000000,0.000000,0.001492
Q_ind_95_anc_7-7,0.056056,0.046253,0.000000,0.176541
Q_ind_96_anc_7-7,0.000123,0.000000,0.000000,0.001144
Q_ind_97_anc_7-7,0.000882,0.000000,0.000000,0.011972
Q_ind_98_anc_7-7,0.000030,0.000000,0.000000,0.000299
Q_ind_99_anc_7-7,0.000041,0.000000,0.000000,0.000426
Q_ind_100_anc_7-7,0.000780,0.000000,0.000000,0.010400
Q_ind_101_anc_7-7,0.000144,0.000000,0.000000,0.001330
Q_ind_102_anc_7-7,0.000074,0.000000,0.000000,0.000783
Q_ind_103_anc_7-7,0.001094,0.000000,0.000000,0.016749
Q_ind_104_anc_7-7,0.000221,0.000000,0.000000,0.002170
Q_ind_105_anc_7-7,0.000032,0.000000,0.000000,0.000355
Q_ind_106_anc_7-7,0.000194,0.000000,0.000000,0.002141
Q_ind_107_anc_7-7,0.001566,0.000000,0.000000,0.020414
Q_ind_108_anc_7-7,0.007713,0.000000,0.000000,0.080475
Q_ind_109_anc_7-7,0.114335,0.111861,0.000000,0.274242
Q_ind_110_anc_7-7,0.002129,0.000000,0.000000,0.031497
Q_ind_111_anc_7-7,0.000741,0.000000,0.000000,0.009872
Q_ind_112_anc_7-7,0.000143,0.000000,0.000000,0.001556
Q_ind_113_anc_7-7,0.008148,0.000000,0.000000,0.082298
Q_ind_114_anc_7-7,0.000742,0.000000,0.000000,0.010104
Q_ind_115_anc_7-7,0.001181,0.000000,0.000000,0.018320
Q_ind_116_anc_7-7,0.003242,0.000000,0.000000,0.038782
Q_ind_117_anc_7-7,0.012298,0.000000,0.000000,0.066086
Q_ind_118_anc_7-7,0.001182,0.000000,0.000000,0.016789
Q_ind_119_anc_7-7,0.001191,0.000000,0.000000,0.015345
Q_ind_120_anc_7-7,0.000321,0.000000,0.000000,0.004058
Q_ind_121_anc_7-7,0.000614,0.000000,0.000000,0.007939
Q_ind_122_anc_7-7,0.000358,0.000000,0.000000,0.004116
Q_ind_123_anc_7-7,0.000404,0.000000,0.000000,0.004963
Q_ind_124_anc_7-7,0.000092,0.000000,0.000000,0.001131
Q_ind_125_anc_7-7,0.000325,0.000000,0.000000,0.003410
Q_ind_126_anc_7-7,0.006366,0.000000,0.000000,0.061629
Q_ind_127_anc_7-7,0.001548,0.000000,0.000000,0.021794
Q_ind_128_anc_7-7,0.003186,0.000000,0.000000,0.045732
Q_ind_129_anc_7-7,0.022492,0.000000,0.000000,0.130242
Q_ind_130_anc_7-7,0.076570,0.090366,0.000000,0.164506
Q_ind_131_anc_7-7,0.000057,0.000000,0.000000,0.000447
Q_ind_132_anc_7-7,0.000042,0.000000,0.000000,0.000405
Q_ind_133_anc_7-7,0.006497,0.000000,0.000000,0.067091
Q_ind_134_anc_7-7,0.000203,0.000000,0.000000,0.002486
Q_ind_135_anc_7-7,0.034329,0.033346,0.000000,0.099935
Q_ind_136_anc_7-7,0.001133,0.000000,0.000000,0.015878
Q_ind_137_anc_7-7,0.000781,0.000000,0.000000,0.011279
Q_ind_138_anc_7-7,0.000055,0.000000,0.000000,0.000463
Q_ind_139_anc_7-7,0.000163,0.000000,0.000000,0.001418
Q_ind_140_anc_7-7,0.008618,0.000000,0.000000,0.064452
Q_ind_141_anc_7-7,0.025471,0.000804,0.000000,0.095210
Q_ind_142_anc_7-7,0.000039,0.000000,0.000000,0.000436
Q_ind_143_anc_7-7,0.000477,0.000000,0.000000,0.005451
Q_ind_144_anc_7-7,0.000777,0.000000,0.000000,0.011266
Q_ind_145_anc_7-7,0.000220,0.000000,0.000000,0.002151
Q_ind_146_anc_7-7,0.001822,0.000000,0.000000,0.027873
Q_ind_147_anc_7-7,0.000375,0.000000,0.000000,0.005099
Q_ind_148_anc_7-7,0.004827,0.000000,0.000000,0.042897
Q_ind_149_anc_7-7,0.000071,0.000000,0.000000,0.000716
Q_ind_150_anc_7-7,0.000202,0.000000,0.000000,0.002309
Q_ind_151_anc_7-7,0.002084,0.000000,0.000000,0.025574
Q_ind_152_anc_7-7,0.000485,0.000000,0.000000,0.006969
Q_ind_153_anc_7-7,0.000774,0.000000,0.000000,0.010977
Q_ind_154_anc_7-7,0.002298,0.000000,0.000000,0.025662
Q_ind_155_anc_7-7,0.000033,0.000000,0.000000,0.000263
Q_ind_156_anc_7-7,0.001559,0.000000,0.000000,0.020924
Q_ind_157_anc_7-7,0.002565,0.000000,0.000000,0.035474
Q_ind_158_anc_7-7,0.000517,0.000000,0.000000,0.004959
Q_ind_159_anc_7-7,0.000309,0.000000,0.000000,0.002656
Q_ind_160_anc_7-7,0.000204,0.000000,0.000000,0.002321
Q_ind_161_anc_7-7,0.000318,0.000000,0.000000,0.002825
Q_ind_162_anc_7-7,0.002072,0.000000,0.000000,0.029423
Q_ind_163_anc_7-7,0.000197,0.000000,0.000000,0.002448
Q_ind_164_anc_7-7,0.000966,0.000000,0.000000,0.016193
Q_ind_165_anc_7-7,0.016825,0.000000,0.000000,0.087070
Q_ind_166_anc_7-7,0.000760,0.000000,0.000000,0.006939
Q_ind_167_anc_7-7,0.004675,0.000000,0.000000,0.057447
Q_ind_168_anc_7-7,0.000090,0.000000,0.000000,0.000647
Q_ind_169_anc_7-7,0.000056,0.000000,0.000000,0.000523
Q_ind_170_anc_7-7,0.072254,0.081691,0.000000,0.150713
Q_ind_171_anc_7-7,0.001644,0.000000,0.000000,0.026122
Q_ind_172_anc_7-7,0.000853,0.000000,0.000000,0.009684
Q_ind_173_anc_7-7,0.000118,0.000000,0.000000,0.001229
Q_ind_174_anc_7-7,0.002475,0.000000,0.000000,0.036348
Q_ind_175_anc_7-7,0.000071,0.000000,0.000000,0.000608
Q_ind_176_anc_7-7,0.000070,0.000000,0.000000,0.000708
Q_ind_177_anc_7-7,0.000845,0.000000,0.000000,0.008505
Q_ind_178_anc_7-7,0.000606,0.000000,0.000000,0.007621
Q_ind_179_anc_7-7,0.000124,0.000000,0.000000,0.001389
Q_ind_180_anc_7-7,0.002076,0.000000,0.000000,0.031470
Q_ind_181_anc_7-7,0.000189,0.000000,0.000000,0.001950
Q_ind_182_anc_7-7,0.000816,0.000000,0.000000,0.009496
Q_ind_183_anc_7-7,0.027450,0.009142,0.000000,0.097014
Q_ind_184_anc_7-7,0.000080,0.000000,0.000000,0.000786
Q_ind_185_anc_7-7,0.034843,0.000000,0.000000,0.152577
Q_ind_186_anc_7-7,0.001513,0.000000,0.000000,0.024227
Q_ind_187_anc_7-7,0.003180,0.000000,0.000000,0.044126
Q_ind_188_anc_7-7,0.000085,0.000000,0.000000,0.000737
Q_ind_189_anc_7-7,0.031837,0.000000,0.000000,0.135240
Q_ind_190_anc_7-7,0.000150,0.000000,0.000000,0.001776
Q_ind_191_anc_7-7,0.001851,0.000000,0.000000,0.029053
Q_ind_192_anc_7-7,0.000048,0.000000,0.000000,0.000446
Q_ind_193_anc_7-7,0.000096,0.000000,0.000000,0.000974
Q_ind_194_anc_7-7,0.000036,0.000000,0.000000,0.000339
Q_ind_195_anc_7-7,0.000098,0.000000,0.000000,0.001070
Q_ind_196_anc_7-7,0.000060,0.000000,0.000000,0.000625
Q_ind_197_anc_7-7,0.000034,0.000000,0.000000,0.000380
Q_ind_198_anc_7-7,0.000042,0.000000,0.000000,0.000498
Q_ind_199_anc_7-7,0.000074,0.000000,0.000000,0.000736
Q_ind_200_anc_7-7,0.000076,0.000000,0.000000,0.000806
Q_ind_201_anc_7-7,0.000038,0.000000,0.000000,0.000369
Q_ind_202_anc_7-7,0.000073,0.000000,0.000000,0.000716
Q_ind_203_anc_7-7,0.042012,0.022868,0.000000,0.132558
Q_ind_204_anc_7-7,0.014045,0.000000,0.000000,0.088428
Q_ind_205_anc_7-7,0.000665,0.000000,0.000000,0.007304
Q_ind_206_anc_7-7,0.026940,0.000980,0.000000,0.096824
Q_ind_207_anc_7-7,0.003965,0.000000,0.000000,0.053600
Q_ind_208_anc_7-7,0.000047,0.000000,0.000000,0.000384
Q_ind_209_anc_7-7,0.000575,0.000000,0.000000,0.006690
Q_ind_210_anc_7-7,0.001731,0.000000,0.000000,0.027808
Q_ind_211_anc_7-7,0.039431,0.023545,0.000000,0.127507
Q_ind_212_anc_7-7,0.000059,0.000000,0.000000,0.000582
Q_ind_213_anc_7-7,0.000384,0.000000,0.000000,0.004609
Q_ind_214_anc_7-7,0.000087,0.000000,0.000000,0.000956
Q_ind_215_anc_7-7,0.000156,0.000000,0.000000,0.001462
Q_ind_216_anc_7-7,0.000237,0.000000,0.000000,0.002447
Q_ind_217_anc_7-7,0.000167,0.000000,0.000000,0.001447
Q_ind_218_anc_7-7,0.000061,0.000000,0.000000,0.000680
Q_ind_219_anc_7-7,0.000801,0.000000,0.000000,0.012216
Q_ind_220_anc_7-7,0.000328,0.000000,0.000000,0.003611
Q_ind_221_anc_7-7,0.000307,0.000000,0.000000,0.003856
Q_ind_222_anc_7-7,0.000612,0.000000,0.000000,0.006673
Q_ind_223_anc_7-7,0.000058,0.000000,0.000000,0.000612
Q_ind_224_anc_7-7,0.000039,0.000000,0.000000,0.000345
Q_ind_225_anc_7-7,0.000456,0.000000,0.000000,0.005058
Q_ind_226_anc_7-7,0.000075,0.000000,0.000000,0.000689
Q_ind_227_anc_7-7,0.000445,0.000000,0.000000,0.004174
Q_ind_228_anc_7-7,0.000546,0.000000,0.000000,0.006133
Q_ind_229_anc_7-7,0.006092,0.000000,0.000000,0.062528
Q_ind_230_anc_7-7,0.001410,0.000000,0.000000,0.017530
Q_ind_231_anc_7-7,0.000057,0.000000,0.000000,0.000575
Q_ind_232_anc_7-7,0.000141,0.000000,0.000000,0.001628
Q_ind_233_anc_7-7,0.000410,0.000000,0.000000,0.005050
Q_ind_234_anc_7-7,0.000707,0.000000,0.000000,0.008616
Q_ind_235_anc_7-7,0.000667,0.000000,0.000000,0.009321
Q_ind_236_anc_7-7,0.001517,0.000000,0.000000,0.021751
Q_ind_237_anc_7-7,0.001648,0.000000,0.000000,0.024021
Q_ind_238_anc_7-7,0.000083,0.000000,0.000000,0.000630
Q_ind_239_anc_7-7,0.000225,0.000000,0.000000,0.002529
Q_ind_240_anc_7-7,0.000087,0.000000,0.000000,0.000929
Q_ind_241_anc_7-7,0.000239,0.000000,0.000000,0.002869
Q_ind_242_anc_7-7,0.000465,0.000000,0.000000,0.006108
Q_ind_243_anc_7-7,0.000039,0.000000,0.000000,0.000402
Q_ind_244_anc_7-7,0.002914,0.000000,0.000000,0.037571
Q_ind_245_anc_7-7,0.000064,0.000000,0.000000,0.000587
Q_ind_1_anc_8-1,0.000591,0.000000,0.000000,0.007015
Q_ind_2_anc_8-1,0.006554,0.000000,0.000000,0.076030
Q_ind_3_anc_8-1,0.002290,0.000000,0.000000,0.038976
Q_ind_4_anc_8-1,0.002472,0.000000,0.000000,0.034365
Q_ind_5_anc_8-1,0.000339,0.000000,0.000000,0.003280
Q_ind_6_anc_8-1,0.014092,0.000000,0.000000,0.119497
Q_ind_7_anc_8-1,0.003906,0.000000,0.000000,0.067486
Q_ind_8_anc_8-1,0.000823,0.000000,0.000000,0.009883
Q_ind_9_anc_8-1,0.026925,0.000000,0.000000,0.136877
Q_ind_10_anc_8-1,0.000501,0.000000,0.000000,0.004361
Q_ind_11_anc_8-1,0.001577,0.000000,0.000000,0.020905
Q_ind_12_anc_8-1,0.005296,0.000000,0.000000,0.069144
Q_ind_13_anc_8-1,0.000411,0.000000,0.000000,0.004397
Q_ind_14_anc_8-1,0.000279,0.000000,0.000000,0.002120
Q_ind_15_anc_8-1,0.000738,0.000000,0.000000,0.009140
Q_ind_16_anc_8-1,0.000257,0.000000,0.000000,0.003072
Q_ind_17_anc_8-1,0.000925,0.000000,0.000000,0.012994
Q_ind_18_anc_8-1,0.000784,0.000000,0.000000,0.009681
Q_ind_19_anc_8-1,0.000157,0.000000,0.000000,0.001598
Q_ind_20_anc_8-1,0.000268,0.000000,0.000000,0.003236
Q_ind_21_anc_8-1,0.000125,0.000000,0.000000,0.001327
Q_ind_22_anc_8-1,0.000249,0.000000,0.000000,0.002350
Q_ind_23_anc_8-1,0.000420,0.000000,0.000000,0.005169
Q_ind_24_anc_8-1,0.000652,0.000000,0.000000,0.009170
Q_ind_25_anc_8-1,0.000172,0.000000,0.000000,0.001492
Q_ind_26_anc_8-1,0.000147,0.000000,0.000000,0.001478
Q_ind_27_anc_8-1,0.000242,0.000000,0.000000,0.002639
Q_ind_28_anc_8-1,0.000706,0.000000,0.000000,0.009459
Q_ind_29_anc_8-1,0.000168,0.000000,0.000000,0.001674
Q_ind_30_anc_8-1,0.000545,0.000000,0.000000,0.006345
Q_ind_31_anc_8-1,0.001540,0.000000,0.000000,0.020029
Q_ind_32_anc_8-1,0.000810,0.000000,0.000000,0.012077
Q_ind_33_anc_8-1,0.018128,0.000000,0.000000,0.094772
Q_ind_34_anc_8-1,0.001520,0.000000,0.000000,0.015303
Q_ind_35_anc_8-1,0.001103,0.000000,0.000000,0.010135
Q_ind_36_anc_8-1,0.000281,0.000000,0.000000,0.003463
Q_ind_37_anc_8-1,0.002018,0.000000,0.000000,0.030602
Q_ind_38_anc_8-1,0.001713,0.000000,0.000000,0.022073
Q_ind_39_anc_8-1,0.000190,0.000000,0.000000,0.002025
Q_ind_40_anc_8-1,0.004725,0.000000,0.000000,0.051712
Q_ind_41_anc_8-1,0.001864,0.000000,0.000000,0.030648
Q_ind_42_anc_8-1,0.000092,0.000000,0.000000,0.000944
Q_ind_43_anc_8-1,0.000176,0.000000,0.000000,0.002072
Q_ind_44_anc_8-1,0.000079,0.000000,0.000000,0.000846
Q_ind_45_anc_8-1,0.000100,0.000000,0.000000,0.001076
Q_ind_46_anc_8-1,0.000157,0.000000,0.000000,0.001975
Q_ind_47_anc_8-1,0.000272,0.000000,0.000000,0.002976
Q_ind_48_anc_8-1,0.000080,0.000000,0.000000,0.000824
Q_ind_49_anc_8-1,0.000108,0.000000,0.000000,0.000937
Q_ind_50_anc_8-1,0.000162,0.000000,0.000000,0.001944
Q_ind_51_anc_8-1,0.000243,0.000000,0.000000,0.003184
Q_ind_52_anc_8-1,0.000094,0.000000,0.000000,0.001123
Q_ind_53_anc_8-1,0.000100,0.000000,0.000000,0.001006
Q_ind_54_anc_8-1,0.000351,0.000000,0.000000,0.004070
Q_ind_55_anc_8-1,0.000121,0.000000,0.000000,0.001353
Q_ind_56_anc_8-1,0.000120,0.000000,0.000000,0.001179
Q_ind_57_anc_8-1,0.000161,0.000000,0.000000,0.001441
Q_ind_58_anc_8-1,0.000163,0.000000,0.000000,0.001765
Q_ind_59_anc_8-1,0.000134,0.000000,0.000000,0.001477
Q_ind_60_anc_8-1,0.000142,0.000000,0.000000,0.001328
Q_ind_61_anc_8-1,0.000210,0.000000,0.000000,0.002132
Q_ind_62_anc_8-1,0.000386,0.000000,0.000000,0.005639
Q_ind_63_anc_8-1,0.000152,0.000000,0.000000,0.001636
Q_ind_64_anc_8-1,0.000105,0.000000,0.000000,0.001048
Q_ind_65_anc_8-1,0.000180,0.000000,0.000000,0.002107
Q_ind_66_anc_8-1,0.000089,0.000000,0.000000,0.000987
Q_ind_67_anc_8-1,0.001170,0.000000,0.000000,0.016916
Q_ind_68_anc_8-1,0.000252,0.000000,0.000000,0.003471
Q_ind_69_anc_8-1,0.000629,0.000000,0.000000,0.009013
Q_ind_70_anc_8-1,0.000815,0.000000,0.000000,0.008763
Q_ind_71_anc_8-1,0.000216,0.000000,0.000000,0.001854
Q_ind_72_anc_8-1,0.002300,0.000000,0.000000,0.027022
Q_ind_73_anc_8-1,0.000667,0.000000,0.000000,0.009387
Q_ind_74_anc_8-1,0.000965,0.000000,0.000000,0.014504
Q_ind_75_anc_8-1,0.000291,0.000000,0.000000,0.003469
Q_ind_76_anc_8-1,0.000259,0.000000,0.000000,0.002995
Q_ind_77_anc_8-1,0.002003,0.000000,0.000000,0.026454
Q_ind_78_anc_8-1,0.000154,0.000000,0.000000,0.001686
Q_ind_79_anc_8-1,0.000255,0.000000,0.000000,0.002897
Q_ind_80_anc_8-1,0.000720,0.000000,0.000000,0.010108
Q_ind_81_anc_8-1,0.000279,0.000000,0.000000,0.003119
Q_ind_82_anc_8-1,0.000423,0.000000,0.000000,0.004987
Q_ind_83_anc_8-1,0.000290,0.000000,0.000000,0.003376
Q_ind_84_anc_8-1,0.000309,0.000000,0.000000,0.004174
Q_ind_85_anc_8-1,0.000157,0.000000,0.000000,0.001309
Q_ind_86_anc_8-1,0.000372,0.000000,0.000000,0.004773
Q_ind_87_anc_8-1,0.000726,0.000000,0.000000,0.009047
Q_ind_88_anc_8-1,0.000874,0.000000,0.000000,0.010450
Q_ind_89_anc_8-1,0.000400,0.000000,0.000000,0.004260
Q_ind_90_anc_8-1,0.000223,0.000000,0.000000,0.002261
Q_ind_91_anc_8-1,0.000409,0.000000,0.000000,0.005617
Q_ind_92_anc_8-1,0.000326,0.000000,0.000000,0.003343
Q_ind_93_anc_8-1,0.001000,0.000000,0.000000,0.013012
Q_ind_94_anc_8-1,0.000422,0.000000,0.000000,0.005189
Q_ind_95_anc_8-1,0.001076,0.000000,0.000000,0.014177
Q_ind_96_anc_8-1,0.000143,0.000000,0.000000,0.001386
Q_ind_97_anc_8-1,0.000536,0.000000,0.000000,0.007603
Q_ind_98_anc_8-1,0.000915,0.000000,0.000000,0.014290
Q_ind_99_anc_8-1,0.000130,0.000000,0.000000,0.001209
Q_ind_100_anc_8-1,0.000083,0.000000,0.000000,0.000876
Q_ind_101_anc_8-1,0.000055,0.000000,0.000000,0.000484
Q_ind_102_anc_8-1,0.000066,0.000000,0.000000,0.000700
Q_ind_103_anc_8-1,0.000142,0.000000,0.000000,0.001566
Q_ind_104_anc_8-1,0.000117,0.000000,0.000000,0.001514
Q_ind_105_anc_8-1,0.000981,0.000000,0.000000,0.014993
Q_ind_106_anc_8-1,0.000136,0.000000,0.000000,0.001485
Q_ind_107_anc_8-1,0.002855,0.000000,0.000000,0.046236
Q_ind_108_anc_8-1,0.000253,0.000000,0.000000,0.001284
Q_ind_109_anc_8-1,0.000940,0.000000,0.000000,0.006882
Q_ind_110_anc_8-1,0.004096,0.000000,0.000000,0.062159
Q_ind_111_anc_8-1,0.000386,0.000000,0.000000,0.003745
Q_ind_112_anc_8-1,0.004715,0.000000,0.000000,0.054700
Q_ind_113_anc_8-1,0.000423,0.000000,0.000000,0.004153
Q_ind_114_anc_8-1,0.002093,0.000000,0.000000,0.029854
Q_ind_115_anc_8-1,0.000233,0.000000,0.000000,0.002852
Q_ind_116_anc_8-1,0.000152,0.000000,0.000000,0.001621
Q_ind_117_anc_8-1,0.000070,0.000000,0.000000,0.000684
Q_ind_118_anc_8-1,0.000129,0.000000,0.000000,0.001201
Q_ind_119_anc_8-1,0.000133,0.000000,0.000000,0.001224
Q_ind_120_anc_8-1,0.000090,0.000000,0.000000,0.000899
Q_ind_121_anc_8-1,0.000282,0.000000,0.000000,0.003276
Q_ind_122_anc_8-1,0.000086,0.000000,0.000000,0.001029
Q_ind_123_anc_8-1,0.000115,0.000000,0.000000,0.000999
Q_ind_124_anc_8-1,0.000142,0.000000,0.000000,0.001508
Q_ind_125_anc_8-1,0.001423,0.000000,0.000000,0.021041
Q_ind_126_anc_8-1,0.000422,0.000000,0.000000,0.005046
Q_ind_127_anc_8-1,0.000130,0.000000,0.000000,0.001682
Q_ind_128_anc_8-1,0.000363,0.000000,0.000000,0.003815
Q_ind_129_anc_8-1,0.000592,0.000000,0.000000,0.007316
Q_ind_130_anc_8-1,0.000359,0.000000,0.000000,0.004105
Q_ind_131_anc_8-1,0.000333,0.000000,0.000000,0.004710
Q_ind_132_anc_8-1,0.000254,0.000000,0.000000,0.002570
Q_ind_133_anc_8-1,0.000584,0.000000,0.000000,0.007897
Q_ind_134_anc_8-1,0.000751,0.000000,0.000000,0.010265
Q_ind_135_anc_8-1,0.000201,0.000000,0.000000,0.002257
Q_ind_136_anc_8-1,0.000208,0.000000,0.000000,0.001561
Q_ind_137_anc_8-1,0.000259,0.000000,0.000000,0.003184
Q_ind_138_anc_8-1,0.000547,0.000000,0.000000,0.006818
Q_ind_139_anc_8-1,0.001480,0.000000,0.000000,0.022129
Q_ind_140_anc_8-1,0.000377,0.000000,0.000000,0.002862
Q_ind_141_anc_8-1,0.000386,0.000000,0.000000,0.004908
Q_ind_142_anc_8-1,0.000103,0.000000,0.000000,0.001132
Q_ind_143_anc_8-1,0.000197,0.000000,0.000000,0.001801
Q_ind_144_anc_8-1,0.001222,0.000000,0.000000,0.019304
Q_ind_145_anc_8-1,0.000074,0.000000,0.000000,0.000838
Q_ind_146_anc_8-1,0.000485,0.000000,0.000000,0.007243
Q_ind_147_anc_8-1,0.000347,0.000000,0.000000,0.004145
Q_ind_148_anc_8-1,0.000217,0.000000,0.000000,0.002365
Q_ind_149_anc_8-1,0.000159,0.000000,0.000000,0.001847
Q_ind_150_anc_8-1,0.000519,0.000000,0.000000,0.007554
Q_ind_151_anc_8-1,0.001884,0.000000,0.000000,0.023855
Q_ind_152_anc_8-1,0.000084,0.000000,0.000000,0.000811
Q_ind_153_anc_8-1,0.000104,0.000000,0.000000,0.001049
Q_ind_154_anc_8-1,0.000276,0.000000,0.000000,0.003537
Q_ind_155_anc_8-1,0.000117,0.000000,0.000000,0.001071
Q_ind_156_anc_8-1,0.000339,0.000000,0.000000,0.002784
Q_ind_157_anc_8-1,0.000331,0.000000,0.000000,0.003752
Q_ind_158_anc_8-1,0.000345,0.000000,0.000000,0.002612
Q_ind_159_anc_8-1,0.001603,0.000000,0.000000,0.026310
Q_ind_160_anc_8-1,0.000289,0.000000,0.000000,0.003460
Q_ind_161_anc_8-1,0.000434,0.000000,0.000000,0.006069
Q_ind_162_anc_8-1,0.000199,0.000000,0.000000,0.002697
Q_ind_163_anc_8-1,0.000446,0.000000,0.000000,0.003583
Q_ind_164_anc_8-1,0.001619,0.000000,0.000000,0.026392
Q_ind_165_anc_8-1,0.030632,0.000000,0.000000,0.159078
Q_ind_166_anc_8-1,0.001569,0.000000,0.000000,0.021232
Q_ind_167_anc_8-1,0.001131,0.000000,0.000000,0.013255
Q_ind_168_anc_8-1,0.000498,0.000000,0.000000,0.006405
Q_ind_169_anc_8-1,0.000220,0.000000,0.000000,0.002159
Q_ind_170_anc_8-1,0.000135,0.000000,0.000000,0.001128
Q_ind_171_anc_8-1,0.000141,0.000000,0.000000,0.001639
Q_ind_172_anc_8-1,0.000136,0.000000,0.000000,0.001371
Q_ind_173_anc_8-1,0.000127,0.000000,0.000000,0.001420
Q_ind_174_anc_8-1,0.000096,0.000000,0.000000,0.001045
Q_ind_175_anc_8-1,0.001641,0.000000,0.000000,0.025491
Q_ind_176_anc_8-1,0.000506,0.000000,0.000000,0.006416
Q_ind_177_anc_8-1,0.000699,0.000000,0.000000,0.008684
Q_ind_178_anc_8-1,0.000531,0.000000,0.000000,0.007014
Q_ind_179_anc_8-1,0.000431,0.000000,0.000000,0.005179
Q_ind_180_anc_8-1,0.000804,0.000000,0.000000,0.011389
Q_ind_181_anc_8-1,0.000259,0.000000,0.000000,0.002877
Q_ind_182_anc_8-1,0.000267,0.000000,0.000000,0.003102
Q_ind_183_anc_8-1,0.000244,0.000000,0.000000,0.002751
Q_ind_184_anc_8-1,0.000269,0.000000,0.000000,0.003113
Q_ind_185_anc_8-1,0.001015,0.000000,0.000000,0.012731
Q_ind_186_anc_8-1,0.001257,0.000000,0.000000,0.017924
Q_ind_187_anc_8-1,0.001029,0.000000,0.000000,0.014662
Q_ind_188_anc_8-1,0.000549,0.000000,0.000000,0.007925
Q_ind_189_anc_8-1,0.000694,0.000000,0.000000,0.010226
Q_ind_190_anc_8-1,0.000242,0.000000,0.000000,0.002951
Q_ind_191_anc_8-1,0.001384,0.000000,0.000000,0.017881
Q_ind_192_anc_8-1,0.307233,0.288056,0.191053,0.497278
Q_ind_193_anc_8-1,0.212399,0.174378,0.067845,0.440802
Q_ind_194_anc_8-1,0.000113,0.000000,0.000000,0.001216
Q_ind_195_anc_8-1,0.299073,0.285898,0.191941,0.438754
Q_ind_196_anc_8-1,0.000141,0.000000,0.000000,0.001560
Q_ind_197_anc_8-1,0.000153,0.000000,0.000000,0.001504
Q_ind_198_anc_8-1,0.000163,0.000000,0.000000,0.001770
Q_ind_199_anc_8-1,0.310427,0.299690,0.204731,0.456223
Q_ind_200_anc_8-1,0.000088,0.000000,0.000000,0.000952
Q_ind_201_anc_8-1,0.000217,0.000000,0.000000,0.001962
Q_ind_202_anc_8-1,0.270871,0.277456,0.081568,0.472083
Q_ind_203_anc_8-1,0.004631,0.000000,0.000000,0.078891
Q_ind_204_anc_8-1,0.000471,0.000000,0.000000,0.003560
Q_ind_205_anc_8-1,0.000679,0.000000,0.000000,0.006486
Q_ind_206_anc_8-1,0.000411,0.000000,0.000000,0.004031
Q_ind_207_anc_8-1,0.000996,0.000000,0.000000,0.012331
Q_ind_208_anc_8-1,0.001549,0.000000,0.000000,0.022505
Q_ind_209_anc_8-1,0.002116,0.000000,0.000000,0.030344
Q_ind_210_anc_8-1,0.051960,0.046723,0.000000,0.156482
Q_ind_211_anc_8-1,0.000444,0.000000,0.000000,0.003716
Q_ind_212_anc_8-1,0.000209,0.000000,0.000000,0.003039
Q_ind_213_anc_8-1,0.000641,0.000000,0.000000,0.008257
Q_ind_214_anc_8-1,0.000619,0.000000,0.000000,0.007372
Q_ind_215_anc_8-1,0.000325,0.000000,0.000000,0.002826
Q_ind_216_anc_8-1,0.000408,0.000000,0.000000,0.003211
Q_ind_217_anc_8-1,0.000906,0.000000,0.000000,0.011348
Q_ind_218_anc_8-1,0.000182,0.000000,0.000000,0.001650
Q_ind_219_anc_8-1,0.000326,0.000000,0.000000,0.002112
Q_ind_220_anc_8-1,0.000728,0.000000,0.000000,0.012002
Q_ind_221_anc_8-1,0.000200,0.000000,0.000000,0.002020
Q_ind_222_anc_8-1,0.003134,0.000000,0.000000,0.041487
Q_ind_223_anc_8-1,0.000704,0.000000,0.000000,0.005524
Q_ind_224_anc_8-1,0.000283,0.000000,0.000000,0.003273
Q_ind_225_anc_8-1,0.001679,0.000000,0.000000,0.024360
Q_ind_226_anc_8-1,0.002471,0.000000,0.000000,0.038999
Q_ind_227_anc_8-1,0.005815,0.000000,0.000000,0.059130
Q_ind_228_anc_8-1,0.000204,0.000000,0.000000,0.001866
Q_ind_229_anc_8-1,0.000291,0.000000,0.000000,0.003710
Q_ind_230_anc_8-1,0.000327,0.000000,0.000000,0.004027
Q_ind_231_anc_8-1,0.000977,0.000000,0.000000,0.014325
Q_ind_232_anc_8-1,0.001024,0.000000,0.000000,0.014432
Q_ind_233_anc_8-1,0.003439,0.000000,0.000000,0.044927
Q_ind_234_anc_8-1,0.000106,0.000000,0.000000,0.001144
Q_ind_235_anc_8-1,0.000213,0.000000,0.000000,0.001866
Q_ind_236_anc_8-1,0.000177,0.000000,0.000000,0.001952
Q_ind_237_anc_8-1,0.000182,0.000000,0.000000,0.001933
Q_ind_238_anc_8-1,0.000428,0.000000,0.000000,0.006418
Q_ind_239_anc_8-1,0.000130,0.000000,0.000000,0.001311
Q_ind_240_anc_8-1,0.000168,0.000000,0.000000,0.001785
Q_ind_241_anc_8-1,0.000107,0.000000,0.000000,0.001241
Q_ind_242_anc_8-1,0.000109,0.000000,0.000000,0.001251
Q_ind_243_anc_8-1,0.000129,0.000000,0.000000,0.001300
Q_ind_244_anc_8-1,0.000291,0.000000,0.000000,0.003511
Q_ind_245_anc_8-1,0.000223,0.000000,0.000000,0.002594
Q_ind_1_anc_8-2,0.000168,0.000000,0.000000,0.001635
Q_ind_2_anc_8-2,0.000202,0.000000,0.000000,0.001696
Q_ind_3_anc_8-2,0.000201,0.000000,0.000000,0.001807
Q_ind_4_anc_8-2,0.000205,0.000000,0.000000,0.002432
Q_ind_5_anc_8-2,0.000336,0.000000,0.000000,0.003347
Q_ind_6_anc_8-2,0.000118,0.000000,0.000000,0.000957
Q_ind_7_anc_8-2,0.001114,0.000000,0.000000,0.016068
Q_ind_8_anc_8-2,0.000139,0.000000,0.000000,0.001217
Q_ind_9_anc_8-2,0.000304,0.000000,0.000000,0.002651
Q_ind_10_anc_8-2,0.000128,0.000000,0.000000,0.001244
Q_ind_11_anc_8-2,0.000475,0.000000,0.000000,0.005479
Q_ind_12_anc_8-2,0.000517,0.000000,0.000000,0.006953
Q_ind_13_anc_8-2,0.001552,0.000000,0.000000,0.024081
Q_ind_14_anc_8-2,0.000393,0.000000,0.000000,0.004714
Q_ind_15_anc_8-2,0.000374,0.000000,0.000000,0.004313
Q_ind_16_anc_8-2,0.000448,0.000000,0.000000,0.005645
Q_ind_17_anc_8-2,0.001406,0.000000,0.000000,0.022265
Q_ind_18_anc_8-2,0.000277,0.000000,0.000000,0.003071
Q_ind_19_anc_8-2,0.000271,0.000000,0.000000,0.002512
Q_ind_20_anc_8-2,0.000572,0.000000,0.000000,0.006822
Q_ind_21_anc_8-2,0.000309,0.000000,0.000000,0.003019
Q_ind_22_anc_8-2,0.000185,0.000000,0.000000,0.002053
Q_ind_23_anc_8-2,0.000282,0.000000,0.000000,0.003502
Q_ind_24_anc_8-2,0.000581,0.000000,0.000000,0.007306
Q_ind_25_anc_8-2,0.000112,0.000000,0.000000,0.001047
Q_ind_26_anc_8-2,0.000757,0.000000,0.000000,0.010389
Q_ind_27_anc_8-2,0.000528,0.000000,0.000000,0.005992
Q_ind_28_anc_8-2,0.000413,0.000000,0.000000,0.005374
Q_ind_29_anc_8-2,0.000502,0.000000,0.000000,0.006360
Q_ind_30_anc_8-2,0.000203,0.000000,0.000000,0.001982
Q_ind_31_anc_8-2,0.000364,0.000000,0.000000,0.005276
Q_ind_32_anc_8-2,0.000090,0.000000,0.000000,0.000938
Q_ind_33_anc_8-2,0.000383,0.000000,0.000000,0.004072
Q_ind_34_anc_8-2,0.000165,0.000000,0.000000,0.001798
Q_ind_35_anc_8-2,0.000157,0.000000,0.000000,0.001530
Q_ind_36_anc_8-2,0.000071,0.000000,0.000000,0.000651
Q_ind_37_anc_8-2,0.001040,0.000000,0.000000,0.015236
Q_ind_38_anc_8-2,0.000121,0.000000,0.000000,0.001214
Q_ind_39_anc_8-2,0.000702,0.000000,0.000000,0.009360
Q_ind_40_anc_8-2,0.001966,0.000000,0.000000,0.030991
Q_ind_41_anc_8-2,0.000418,0.000000,0.000000,0.006305
Q_ind_42_anc_8-2,0.000221,0.000000,0.000000,0.001886
Q_ind_43_anc_8-2,0.000595,0.000000,0.000000,0.006148
Q_ind_44_anc_8-2,0.000268,0.000000,0.000000,0.002249
Q_ind_45_anc_8-2,0.000268,0.000000,0.000000,0.003511
Q_ind_46_anc_8-2,0.000140,0.000000,0.000000,0.001377
Q_ind_47_anc_8-2,0.000275,0.000000,0.000000,0.003368
Q_ind_48_anc_8-2,0.000263,0.000000,0.000000,0.002832
Q_ind_49_anc_8-2,0.000162,0.000000,0.000000,0.001479
Q_ind_50_anc_8-2,0.000491,0.000000,0.000000,0.005243
Q_ind_51_anc_8-2,0.000255,0.000000,0.000000,0.003171
Q_ind_52_anc_8-2,0.000196,0.000000,0.000000,0.002107
Q_ind_53_anc_8-2,0.000070,0.000000,0.000000,0.000769
Q_ind_54_anc_8-2,0.000633,0.000000,0.000000,0.010363
Q_ind_55_anc_8-2,0.000164,0.000000,0.000000,0.001691
Q_ind_56_anc_8-2,0.000228,0.000000,0.000000,0.002683
Q_ind_57_anc_8-2,0.000360,0.000000,0.000000,0.004172
Q_ind_58_anc_8-2,0.000256,0.000000,0.000000,0.003003
Q_ind_59_anc_8-2,0.000314,0.000000,0.000000,0.003156
Q_ind_60_anc_8-2,0.000356,0.000000,0.000000,0.004962
Q_ind_61_anc_8-2,0.000392,0.000000,0.000000,0.004201
Q_ind_62_anc_8-2,0.000775,0.000000,0.000000,0.011592
Q_ind_63_anc_8-2,0.000052,0.000000,0.000000,0.000541
Q_ind_64_anc_8-2,0.000065,0.000000,0.000000,0.000732
Q_ind_65_anc_8-2,0.000101,0.000000,0.000000,0.001090
Q_ind_66_anc_8-2,0.000069,0.000000,0.000000,0.000640
Q_ind_67_anc_8-2,0.000126,0.000000,0.000000,0.001375
Q_ind_68_anc_8-2,0.000419,0.000000,0.000000,0.005484
Q_ind_69_anc_8-2,0.028290,0.000001,0.000000,0.111183
Q_ind_70_anc_8-2,0.042452,0.043806,0.000000,0.112456
Q_ind_71_anc_8-2,0.000470,0.000000,0.000000,0.006533
Q_ind_72_anc_8-2,0.000189,0.000000,0.000000,0.001776
Q_ind_73_anc_8-2,0.001913,0.000000,0.000000,0.029795
Q_ind_74_anc_8-2,0.001616,0.000000,0.000000,0.021494
Q_ind_75_anc_8-2,0.012358,0.000000,0.000000,0.075868
Q_ind_76_anc_8-2,0.000271,0.000000,0.000000,0.003370
Q_ind_77_anc_8-2,0.000304,0.000000,0.000000,0.003497
Q_ind_78_anc_8-2,0.000115,0.000000,0.000000,0.001290
Q_ind_79_anc_8-2,0.000331,0.000000,0.000000,0.003782
Q_ind_80_anc_8-2,0.000770,0.000000,0.000000,0.010881
Q_ind_81_anc_8-2,0.000404,0.000000,0.000000,0.004563
Q_ind_82_anc_8-2,0.000238,0.000000,0.000000,0.001748
Q_ind_83_anc_8-2,0.000209,0.000000,0.000000,0.002997
Q_ind_84_anc_8-2,0.000133,0.000000,0.000000,0.000939
Q_ind_85_anc_8-2,0.000231,0.000000,0.000000,0.002109
Q_ind_86_anc_8-2,0.000185,0.000000,0.000000,0.002164
Q_ind_87_anc_8-2,0.000221,0.000000,0.000000,0.002486
Q_ind_88_anc_8-2,0.000273,0.000000,0.000000,0.003624
Q_ind_89_anc_8-2,0.000290,0.000000,0.000000,0.002831
Q_ind_90_anc_8-2,0.000251,0.000000,0.000000,0.002384
Q_ind_91_anc_8-2,0.000634,0.000000,0.000000,0.009433
Q_ind_92_anc_8-2,0.000326,0.000000,0.000000,0.003523
Q_ind_93_anc_8-2,0.000672,0.000000,0.000000,0.008602
Q_ind_94_anc_8-2,0.000400,0.000000,0.000000,0.006145
Q_ind_95_anc_8-2,0.000856,0.000000,0.000000,0.011490
Q_ind_96_anc_8-2,0.000459,0.000000,0.000000,0.006184
Q_ind_97_anc_8-2,0.001022,0.000000,0.000000,0.014281
Q_ind_98_anc_8-2,0.000924,0.000000,0.000000,0.013897
Q_ind_99_anc_8-2,0.000200,0.000000,0.000000,0.002463
Q_ind_100_anc_8-2,0.000221,0.000000,0.000000,0.001900
Q_ind_101_anc_8-2,0.000063,0.000000,0.000000,0.000694
Q_ind_102_anc_8-2,0.000062,0.000000,0.000000,0.000677
Q_ind_103_anc_8-2,0.000106,0.000000,0.000000,0.001148
Q_ind_104_anc_8-2,0.000073,0.000000,0.000000,0.000724
Q_ind_105_anc_8-2,0.000405,0.000000,0.000000,0.005421
Q_ind_106_anc_8-2,0.000200,0.000000,0.000000,0.001998
Q_ind_107_anc_8-2,0.007656,0.000000,0.000000,0.081223
Q_ind_108_anc_8-2,0.003388,0.000000,0.000000,0.052079
Q_ind_109_anc_8-2,0.001664,0.000000,0.000000,0.023516
Q_ind_110_anc_8-2,0.003621,0.000000,0.000000,0.051615
Q_ind_111_anc_8-2,0.023112,0.000000,0.000000,0.148755
Q_ind_112_anc_8-2,0.003981,0.000000,0.000000,0.052756
Q_ind_113_anc_8-2,0.003974,0.000000,0.000000,0.063321
Q_ind_114_anc_8-2,0.001491,0.000000,0.000000,0.015780
Q_ind_115_anc_8-2,0.000322,0.000000,0.000000,0.004464
Q_ind_116_anc_8-2,0.000101,0.000000,0.000000,0.000967
Q_ind_117_anc_8-2,0.000474,0.000000,0.000000,0.006702
Q_ind_118_anc_8-2,0.000136,0.000000,0.000000,0.001501
Q_ind_119_anc_8-2,0.000327,0.000000,0.000000,0.003809
Q_ind_120_anc_8-2,0.000079,0.000000,0.000000,0.000754
Q_ind_121_anc_8-2,0.000158,0.000000,0.000000,0.001233
Q_ind_122_anc_8-2,0.000176,0.000000,0.000000,0.001846
Q_ind_123_anc_8-2,0.000083,0.000000,0.000000,0.000752
Q_ind_124_anc_8-2,0.001206,0.000000,0.000000,0.017198
Q_ind_125_anc_8-2,0.000817,0.000000,0.000000,0.010697
Q_ind_126_anc_8-2,0.000124,0.000000,0.000000,0.001538
Q_ind_127_anc_8-2,0.000122,0.000000,0.000000,0.001323
Q_ind_128_anc_8-2,0.000272,0.000000,0.000000,0.003411
Q_ind_129_anc_8-2,0.000196,0.000000,0.000000,0.002442
Q_ind_130_anc_8-2,0.000206,0.000000,0.000000,0.002581
Q_ind_131_anc_8-2,0.000253,0.000000,0.000000,0.002910
Q_ind_132_anc_8-2,0.000263,0.000000,0.000000,0.003020
Q_ind_133_anc_8-2,0.000311,0.000000,0.000000,0.002907
Q_ind_134_anc_8-2,0.005186,0.000000,0.000000,0.048861
Q_ind_135_anc_8-2,0.001310,0.000000,0.000000,0.018855
Q_ind_136_anc_8-2,0.001433,0.000000,0.000000,0.024082
Q_ind_137_anc_8-2,0.000382,0.000000,0.000000,0.004793
Q_ind_138_anc_8-2,0.004772,0.000000,0.000000,0.042694
Q_ind_139_anc_8-2,0.003008,0.000000,0.000000,0.038186
Q_ind_140_anc_8-2,0.000320,0.000000,0.000000,0.003686
Q_ind_141_anc_8-2,0.000605,0.000000,0.000000,0.008063
Q_ind_142_anc_8-2,0.000256,0.000000,0.000000,0.002339
Q_ind_143_anc_8-2,0.000176,0.000000,0.000000,0.002064
Q_ind_144_anc_8-2,0.000765,0.000000,0.000000,0.009034
Q_ind_145_anc_8-2,0.000078,0.000000,0.000000,0.000796
Q_ind_146_anc_8-2,0.000173,0.000000,0.000000,0.001929
Q_ind_147_anc_8-2,0.000081,0.000000,0.000000,0.000897
Q_ind_148_anc_8-2,0.000125,0.000000,0.000000,0.001251
Q_ind_149_anc_8-2,0.000868,0.000000,0.000000,0.012934
Q_ind_150_anc_8-2,0.000415,0.000000,0.000000,0.005685
Q_ind_151_anc_8-2,0.000610,0.000000,0.000000,0.009361
Q_ind_152_anc_8-2,0.000070,0.000000,0.000000,0.000800
Q_ind_153_anc_8-2,0.000108,0.000000,0.000000,0.001121
Q_ind_154_anc_8-2,0.000057,0.000000,0.000000,0.000619
Q_ind_155_anc_8-2,0.000181,0.000000,0.000000,0.002516
Q_ind_156_anc_8-2,0.000165,0.000000,0.000000,0.001888
Q_ind_157_anc_8-2,0.000098,0.000000,0.000000,0.001043
Q_ind_158_anc_8-2,0.000231,0.000000,0.000000,0.002912
Q_ind_159_anc_8-2,0.000207,0.000000,0.000000,0.002812
Q_ind_160_anc_8-2,0.000258,0.000000,0.000000,0.003092
Q_ind_161_anc_8-2,0.000348,0.000000,0.000000,0.003755
Q_ind_162_anc_8-2,0.000087,0.000000,0.000000,0.000865
Q_ind_163_anc_8-2,0.000093,0.000000,0.000000,0.000829
Q_ind_164_anc_8-2,0.000337,0.000000,0.000000,0.001954
Q_ind_165_anc_8-2,0.013065,0.000000,0.000000,0.110320
Q_ind_166_anc_8-2,0.023893,0.000000,0.000000,0.130757
Q_ind_167_anc_8-2,0.032191,0.000000,0.000000,0.174741
Q_ind_168_anc_8-2,0.000527,0.000000,0.000000,0.006243
Q_ind_169_anc_8-2,0.000349,0.000000,0.000000,0.004406
Q_ind_170_anc_8-2,0.000169,0.000000,0.000000,0.001803
Q_ind_171_anc_8-2,0.000165,0.000000,0.000000,0.001376
Q_ind_172_anc_8-2,0.000482,0.000000,0.000000,0.006649
Q_ind_173_anc_8-2,0.001220,0.000000,0.000000,0.017889
Q_ind_174_anc_8-2,0.000137,0.000000,0.000000,0.001597
Q_ind_175_anc_8-2,0.022611,0.000010,0.000000,0.083838
Q_ind_176_anc_8-2,0.000581,0.000000,0.000000,0.005830
Q_ind_177_anc_8-2,0.000256,0.000000,0.000000,0.002573
Q_ind_178_anc_8-2,0.000166,0.000000,0.000000,0.002089
Q_ind_179_anc_8-2,0.000246,0.000000,0.000000,0.002551
Q_ind_180_anc_8-2,0.000099,0.000000,0.000000,0.000921
Q_ind_181_anc_8-2,0.000602,0.000000,0.000000,0.008988
Q_ind_182_anc_8-2,0.000135,0.000000,0.000000,0.001548
Q_ind_183_anc_8-2,0.000146,0.000000,0.000000,0.001441
Q_ind_184_anc_8-2,0.000491,0.000000,0.000000,0.006420
Q_ind_185_anc_8-2,0.003026,0.000000,0.000000,0.039444
Q_ind_186_anc_8-2,0.000328,0.000000,0.000000,0.004177
Q_ind_187_anc_8-2,0.000267,0.000000,0.000000,0.003014
Q_ind_188_anc_8-2,0.000470,0.000000,0.000000,0.004817
Q_ind_189_anc_8-2,0.000390,0.000000,0.000000,0.003988
Q_ind_190_anc_8-2,0.046751,0.046323,0.000000,0.134194
Q_ind_191_anc_8-2,0.000199,0.000000,0.000000,0.001586
Q_ind_192_anc_8-2,0.001737,0.000000,0.000000,0.022542
Q_ind_193_anc_8-2,0.000199,0.000000,0.000000,0.002223
Q_ind_194_anc_8-2,0.000083,0.000000,0.000000,0.000653
Q_ind_195_anc_8-2,0.000402,0.000000,0.000000,0.003946
Q_ind_196_anc_8-2,0.000081,0.000000,0.000000,0.000836
Q_ind_197_anc_8-2,0.000072,0.000000,0.000000,0.000781
Q_ind_198_anc_8-2,0.000071,0.000000,0.000000,0.000693
Q_ind_199_anc_8-2,0.000306,0.000000,0.000000,0.003038
Q_ind_200_anc_8-2,0.000101,0.000000,0.000000,0.001011
Q_ind_201_anc_8-2,0.435646,0.440746,0.337002,0.514225
Q_ind_202_anc_8-2,0.000229,0.000000,0.000000,0.002464
Q_ind_203_anc_8-2,0.000320,0.000000,0.000000,0.003112
Q_ind_204_anc_8-2,0.000128,0.000000,0.000000,0.001449
Q_ind_205_anc_8-2,0.000617,0.000000,0.000000,0.008221
Q_ind_206_anc_8-2,0.000335,0.000000,0.000000,0.004247
Q_ind_207_anc_8-2,0.000335,0.000000,0.000000,0.004837
Q_ind_208_anc_8-2,0.001573,0.000000,0.000000,0.021427
Q_ind_209_anc_8-2,0.000764,0.000000,0.000000,0.006348
Q_ind_210_anc_8-2,0.013074,0.000000,0.000000,0.155869
Q_ind_211_anc_8-2,0.000464,0.000000,0.000000,0.005742
Q_ind_212_anc_8-2,0.056609,0.063010,0.000000,0.125365
Q_ind_213_anc_8-2,0.000982,0.000000,0.000000,0.014442
Q_ind_214_anc_8-2,0.001247,0.000000,0.000000,0.017796
Q_ind_215_anc_8-2,0.000756,0.000000,0.000000,0.008716
Q_ind_216_anc_8-2,0.000535,0.000000,0.000000,0.006879
Q_ind_217_anc_8-2,0.002488,0.000000,0.000000,0.031293
Q_ind_218_anc_8-2,0.000150,0.000000,0.000000,0.001492
Q_ind_219_anc_8-2,0.001959,0.000000,0.000000,0.027305
Q_ind_220_anc_8-2,0.000357,0.000000,0.000000,0.002672
Q_ind_221_anc_8-2,0.000782,0.000000,0.000000,0.011317
Q_ind_222_anc_8-2,0.000507,0.000000,0.000000,0.005041
Q_ind_223_anc_8-2,0.035848,0.005886,0.000000,0.128657
Q_ind_224_anc_8-2,0.004939,0.000000,0.000000,0.050808
Q_ind_225_anc_8-2,0.000626,0.000000,0.000000,0.008297
Q_ind_226_anc_8-2,0.040507,0.040214,0.000000,0.114280
Q_ind_227_anc_8-2,0.004410,0.000000,0.000000,0.057539
Q_ind_228_anc_8-2,0.001712,0.000000,0.000000,0.028934
Q_ind_229_anc_8-2,0.000188,0.000000,0.000000,0.002530
Q_ind_230_anc_8-2,0.001889,0.000000,0.000000,0.029208
Q_ind_231_anc_8-2,0.017086,0.000000,0.000000,0.100843
Q_ind_232_anc_8-2,0.001242,0.000000,0.000000,0.016511
Q_ind_233_anc_8-2,0.002557,0.000000,0.000000,0.033718
Q_ind_234_anc_8-2,0.000238,0.000000,0.000000,0.002593
Q_ind_235_anc_8-2,0.000249,0.000000,0.000000,0.002532
Q_ind_236_anc_8-2,0.000573,0.000000,0.000000,0.007962
Q_ind_237_anc_8-2,0.000351,0.000000,0.000000,0.003883
Q_ind_238_anc_8-2,0.001376,0.000000,0.000000,0.020619
Q_ind_239_anc_8-2,0.000345,0.000000,0.000000,0.004245
Q_ind_240_anc_8-2,0.000182,0.000000,0.000000,0.002189
Q_ind_241_anc_8-2,0.000166,0.000000,0.000000,0.002056
Q_ind_242_anc_8-2,0.001348,0.000000,0.000000,0.020364
Q_ind_243_anc_8-2,0.051145,0.053230,0.000000,0.117769
Q_ind_244_anc_8-2,0.000350,0.000000,0.000000,0.003492
Q_ind_245_anc_8-2,0.044947,0.046047,0.000000,0.121239
Q_ind_1_anc_8-3,0.007644,0.000000,0.000000,0.101580
Q_ind_2_anc_8-3,0.005665,0.000000,0.000000,0.080126
Q_ind_3_anc_8-3,0.000755,0.000000,0.000000,0.008781
Q_ind_4_anc_8-3,0.000517,0.000000,0.000000,0.005407
Q_ind_5_anc_8-3,0.003049,0.000000,0.000000,0.054805
Q_ind_6_anc_8-3,0.000699,0.000000,0.000000,0.009540
Q_ind_7_anc_8-3,0.008914,0.000000,0.000000,0.107896
Q_ind_8_anc_8-3,0.000420,0.000000,0.000000,0.005146
Q_ind_9_anc_8-3,0.042321,0.014549,0.000000,0.143582
Q_ind_10_anc_8-3,0.000702,0.000000,0.000000,0.008518
Q_ind_11_anc_8-3,0.001304,0.000000,0.000000,0.018560
Q_ind_12_anc_8-3,0.000335,0.000000,0.000000,0.004191
Q_ind_13_anc_8-3,0.000485,0.000000,0.000000,0.006916
Q_ind_14_anc_8-3,0.000447,0.000000,0.000000,0.005145
Q_ind_15_anc_8-3,0.000728,0.000000,0.000000,0.009496
Q_ind_16_anc_8-3,0.000635,0.000000,0.000000,0.009282
Q_ind_17_anc_8-3,0.000264,0.000000,0.000000,0.002980
Q_ind_18_anc_8-3,0.000163,0.000000,0.000000,0.001689
Q_ind_19_anc_8-3,0.000081,0.000000,0.000000,0.000768
Q_ind_20_anc_8-3,0.000350,0.000000,0.000000,0.003431
Q_ind_21_anc_8-3,0.000180,0.000000,0.000000,0.002308
Q_ind_22_anc_8-3,0.000253,0.000000,0.000000,0.002491
Q_ind_23_anc_8-3,0.000154,0.000000,0.000000,0.001755
Q_ind_24_anc_8-3,0.000968,0.000000,0.000000,0.014122
Q_ind_25_anc_8-3,0.000113,0.000000,0.000000,0.000801
Q_ind_26_anc_8-3,0.001091,0.000000,0.000000,0.013981
Q_ind_27_anc_8-3,0.000185,0.000000,0.000000,0.001995
Q_ind_28_anc_8-3,0.003104,0.000000,0.000000,0.043561
Q_ind_29_anc_8-3,0.000148,0.000000,0.000000,0.001434
Q_ind_30_anc_8-3,0.000831,0.000000,0.000000,0.011184
Q_ind_31_anc_8-3,0.000296,0.000000,0.000000,0.003976
Q_ind_32_anc_8-3,0.000196,0.000000,0.000000,0.002489
Q_ind_33_anc_8-3,0.003183,0.000000,0.000000,0.041077
Q_ind_34_anc_8-3,0.000442,0.000000,0.000000,0.005476
Q_ind_35_anc_8-3,0.000233,0.000000,0.000000,0.002537
Q_ind_36_anc_8-3,0.000098,0.000000,0.000000,0.000923
Q_ind_37_anc_8-3,0.000721,0.000000,0.000000,0.009779
Q_ind_38_anc_8-3,0.000214,0.000000,0.000000,0.002611
Q_ind_39_anc_8-3,0.000358,0.000000,0.000000,0.004243
Q_ind_40_anc_8-3,0.000394,0.000000,0.000000,0.004674
Q_ind_41_anc_8-3,0.000825,0.000000,0.000000,0.009271
Q_ind_42_anc_8-3,0.000095,0.000000,0.000000,0.001042
Q_ind_43_anc_8-3,0.000280,0.000000,0.000000,0.003684
Q_ind_44_anc_8-3,0.000100,0.000000,0.000000,0.001157
Q_ind_45_anc_8-3,0.000094,0.000000,0.000000,0.001074
Q_ind_46_anc_8-3,0.000069,0.000000,0.000000,0.000814
Q_ind_47_anc_8-3,0.000251,0.000000,0.000000,0.003359
Q_ind_48_anc_8-3,0.000152,0.000000,0.000000,0.001836
Q_ind_49_anc_8-3,0.000085,0.000000,0.000000,0.000701
Q_ind_50_anc_8-3,0.000139,0.000000,0.000000,0.001582
Q_ind_51_anc_8-3,0.000168,0.000000,0.000000,0.001203
Q_ind_52_anc_8-3,0.000199,0.000000,0.000000,0.002654
Q_ind_53_anc_8-3,0.000113,0.000000,0.000000,0.001274
Q_ind_54_anc_8-3,0.000368,0.000000,0.000000,0.004759
Q_ind_55_anc_8-3,0.000113,0.000000,0.000000,0.001206
Q_ind_56_anc_8-3,0.000153,0.000000,0.000000,0.001766
Q_ind_57_anc_8-3,0.000113,0.000000,0.000000,0.001005
Q_ind_58_anc_8-3,0.000100,0.000000,0.000000,0.001042
Q_ind_59_anc_8-3,0.000289,0.000000,0.000000,0.004007
Q_ind_60_anc_8-3,0.000691,0.000000,0.000000,0.010352
Q_ind_61_anc_8-3,0.000162,0.000000,0.000000,0.001386
Q_ind_62_anc_8-3,0.000401,0.000000,0.000000,0.005174
Q_ind_63_anc_8-3,0.000116,0.000000,0.000000,0.001166
Q_ind_64_anc_8-3,0.000161,0.000000,0.000000,0.001983
Q_ind_65_anc_8-3,0.000065,0.000000,0.000000,0.000556
Q_ind_66_anc_8-3,0.000051,0.000000,0.000000,0.000557
Q_ind_67_anc_8-3,0.000251,0.000000,0.000000,0.002342
Q_ind_68_anc_8-3,0.000861,0.000000,0.000000,0.010585
Q_ind_69_anc_8-3,0.013618,0.000000,0.000000,0.119993
Q_ind_70_anc_8-3,0.000606,0.000000,0.000000,0.006934
Q_ind_71_anc_8-3,0.000207,0.000000,0.000000,0.001991
Q_ind_72_anc_8-3,0.000302,0.000000,0.000000,0.003495
Q_ind_73_anc_8-3,0.000366,0.000000,0.000000,0.003492
Q_ind_74_anc_8-3,0.000924,0.000000,0.000000,0.010617
Q_ind_75_anc_8-3,0.005486,0.000000,0.000000,0.065858
Q_ind_76_anc_8-3,0.000236,0.000000,0.000000,0.003080
Q_ind_77_anc_8-3,0.000885,0.000000,0.000000,0.013876
Q_ind_78_anc_8-3,0.000155,0.000000,0.000000,0.001674
Q_ind_79_anc_8-3,0.001098,0.000000,0.000000,0.014574
Q_ind_80_anc_8-3,0.007042,0.000000,0.000000,0.078054
Q_ind_81_anc_8-3,0.000329,0.000000,0.000000,0.004521
Q_ind_82_anc_8-3,0.000419,0.000000,0.000000,0.004692
Q_ind_83_anc_8-3,0.000307,0.000000,0.000000,0.003966
Q_ind_84_anc_8-3,0.000747,0.000000,0.000000,0.010330
Q_ind_85_anc_8-3,0.000348,0.000000,0.000000,0.002442
Q_ind_86_anc_8-3,0.000371,0.000000,0.000000,0.003765
Q_ind_87_anc_8-3,0.001143,0.000000,0.000000,0.016296
Q_ind_88_anc_8-3,0.001270,0.000000,0.000000,0.019382
Q_ind_89_anc_8-3,0.000346,0.000000,0.000000,0.004221
Q_ind_90_anc_8-3,0.000254,0.000000,0.000000,0.002650
Q_ind_91_anc_8-3,0.000344,0.000000,0.000000,0.002541
Q_ind_92_anc_8-3,0.000489,0.000000,0.000000,0.005723
Q_ind_93_anc_8-3,0.001691,0.000000,0.000000,0.022950
Q_ind_94_anc_8-3,0.000196,0.000000,0.000000,0.002033
Q_ind_95_anc_8-3,0.001982,0.000000,0.000000,0.027302
Q_ind_96_anc_8-3,0.000163,0.000000,0.000000,0.001905
Q_ind_97_anc_8-3,0.000275,0.000000,0.000000,0.003598
Q_ind_98_anc_8-3,0.000530,0.000000,0.000000,0.005259
Q_ind_99_anc_8-3,0.000675,0.000000,0.000000,0.008064
Q_ind_100_anc_8-3,0.000077,0.000000,0.000000,0.000789
Q_ind_101_anc_8-3,0.000037,0.000000,0.000000,0.000362
Q_ind_102_anc_8-3,0.000055,0.000000,0.000000,0.000551
Q_ind_103_anc_8-3,0.000077,0.000000,0.000000,0.000689
Q_ind_104_anc_8-3,0.000068,0.000000,0.000000,0.000690
Q_ind_105_anc_8-3,0.000297,0.000000,0.000000,0.002737
Q_ind_106_anc_8-3,0.000360,0.000000,0.000000,0.004599
Q_ind_107_anc_8-3,0.001970,0.000000,0.000000,0.030665
Q_ind_108_anc_8-3,0.016882,0.000000,0.000000,0.104337
Q_ind_109_anc_8-3,0.018405,0.000000,0.000000,0.141128
Q_ind_110_anc_8-3,0.000426,0.000000,0.000000,0.004120
Q_ind_111_anc_8-3,0.001233,0.000000,0.000000,0.019047
Q_ind_112_anc_8-3,0.000399,0.000000,0.000000,0.005355
Q_ind_113_anc_8-3,0.002818,0.000000,0.000000,0.039534
Q_ind_114_anc_8-3,0.000291,0.000000,0.000000,0.002021
Q_ind_115_anc_8-3,0.000103,0.000000,0.000000,0.000738
Q_ind_116_anc_8-3,0.000129,0.000000,0.000000,0.001387
Q_ind_117_anc_8-3,0.000157,0.000000,0.000000,0.001951
Q_ind_118_anc_8-3,0.000091,0.000000,0.000000,0.000900
Q_ind_119_anc_8-3,0.000160,0.000000,0.000000,0.001834
Q_ind_120_anc_8-3,0.000044,0.000000,0.000000,0.000447
Q_ind_121_anc_8-3,0.000158,0.000000,0.000000,0.001906
Q_ind_122_anc_8-3,0.000091,0.000000,0.000000,0.000886
Q_ind_123_anc_8-3,0.000063,0.000000,0.000000,0.000710
Q_ind_124_anc_8-3,0.000214,0.000000,0.000000,0.002157
Q_ind_125_anc_8-3,0.000964,0.000000,0.000000,0.014032
Q_ind_126_anc_8-3,0.000401,0.000000,0.000000,0.004112
Q_ind_127_anc_8-3,0.000325,0.000000,0.000000,0.004594
Q_ind_128_anc_8-3,0.000221,0.000000,0.000000,0.001978
Q_ind_129_anc_8-3,0.000402,0.000000,0.000000,0.004877
Q_ind_130_anc_8-3,0.000330,0.000000,0.000000,0.003403
Q_ind_131_anc_8-3,0.001333,0.000000,0.000000,0.020524
Q_ind_132_anc_8-3,0.000467,0.000000,0.000000,0.005747
Q_ind_133_anc_8-3,0.000703,0.000000,0.000000,0.007620
Q_ind_134_anc_8-3,0.000564,0.000000,0.000000,0.007079
Q_ind_135_anc_8-3,0.000501,0.000000,0.000000,0.006483
Q_ind_136_anc_8-3,0.001290,0.000000,0.000000,0.017906
Q_ind_137_anc_8-3,0.000399,0.000000,0.000000,0.004809
Q_ind_138_anc_8-3,0.003131,0.000000,0.000000,0.043181
Q_ind_139_anc_8-3,0.003203,0.000000,0.000000,0.044864
Q_ind_140_anc_8-3,0.001005,0.000000,0.000000,0.014286
Q_ind_141_anc_8-3,0.001252,0.000000,0.000000,0.009119
Q_ind_142_anc_8-3,0.000432,0.000000,0.000000,0.004380
Q_ind_143_anc_8-3,0.000348,0.000000,0.000000,0.004051
Q_ind_144_anc_8-3,0.000831,0.000000,0.000000,0.010907
Q_ind_145_anc_8-3,0.000092,0.000000,0.000000,0.001189
Q_ind_146_anc_8-3,0.001551,0.000000,0.000000,0.021392
Q_ind_147_anc_8-3,0.000127,0.000000,0.000000,0.001501
Q_ind_148_anc_8-3,0.000329,0.000000,0.000000,0.003265
Q_ind_149_anc_8-3,0.000298,0.000000,0.000000,0.003308
Q_ind_150_anc_8-3,0.000112,0.000000,0.000000,0.001301
Q_ind_151_anc_8-3,0.000352,0.000000,0.000000,0.004172
Q_ind_152_anc_8-3,0.000092,0.000000,0.000000,0.000947
Q_ind_153_anc_8-3,0.000091,0.000000,0.000000,0.000863
Q_ind_154_anc_8-3,0.000348,0.000000,0.000000,0.004493
Q_ind_155_anc_8-3,0.000190,0.000000,0.000000,0.001963
Q_ind_156_anc_8-3,0.000615,0.000000,0.000000,0.006653
Q_ind_157_anc_8-3,0.000291,0.000000,0.000000,0.003494
Q_ind_158_anc_8-3,0.001520,0.000000,0.000000,0.024122
Q_ind_159_anc_8-3,0.000986,0.000000,0.000000,0.013758
Q_ind_160_anc_8-3,0.001931,0.000000,0.000000,0.034888
Q_ind_161_anc_8-3,0.000228,0.000000,0.000000,0.002455
Q_ind_162_anc_8-3,0.000236,0.000000,0.000000,0.002938
Q_ind_163_anc_8-3,0.001304,0.000000,0.000000,0.018643
Q_ind_164_anc_8-3,0.000541,0.000000,0.000000,0.006781
Q_ind_165_anc_8-3,0.000472,0.000000,0.000000,0.006065
Q_ind_166_anc_8-3,0.000398,0.000000,0.000000,0.004702
Q_ind_167_anc_8-3,0.000245,0.000000,0.000000,0.002824
Q_ind_168_anc_8-3,0.000386,0.000000,0.000000,0.004989
Q_ind_169_anc_8-3,0.000542,0.000000,0.000000,0.005043
Q_ind_170_anc_8-3,0.000266,0.000000,0.000000,0.002428
Q_ind_171_anc_8-3,0.000415,0.000000,0.000000,0.004796
Q_ind_172_anc_8-3,0.000160,0.000000,0.000000,0.001529
Q_ind_173_anc_8-3,0.000670,0.000000,0.000000,0.009160
Q_ind_174_anc_8-3,0.000182,0.000000,0.000000,0.002085
Q_ind_175_anc_8-3,0.016283,0.000000,0.000000,0.103278
Q_ind_176_anc_8-3,0.000438,0.000000,0.000000,0.006714
Q_ind_177_anc_8-3,0.001200,0.000000,0.000000,0.017281
Q_ind_178_anc_8-3,0.001032,0.000000,0.000000,0.013849
Q_ind_179_anc_8-3,0.009033,0.000000,0.000000,0.068413
Q_ind_180_anc_8-3,0.000368,0.000000,0.000000,0.003554
Q_ind_181_anc_8-3,0.000609,0.000000,0.000000,0.007227
Q_ind_182_anc_8-3,0.000312,0.000000,0.000000,0.003823
Q_ind_183_anc_8-3,0.000238,0.000000,0.000000,0.002587
Q_ind_184_anc_8-3,0.000764,0.000000,0.000000,0.009790
Q_ind_185_anc_8-3,0.001050,0.000000,0.000000,0.014335
Q_ind_186_anc_8-3,0.000349,0.000000,0.000000,0.004077
Q_ind_187_anc_8-3,0.000291,0.000000,0.000000,0.003800
Q_ind_188_anc_8-3,0.000591,0.000000,0.000000,0.005889
Q_ind_189_anc_8-3,0.002891,0.000000,0.000000,0.040155
Q_ind_190_anc_8-3,0.000929,0.000000,0.000000,0.011981
Q_ind_191_anc_8-3,0.000162,0.000000,0.000000,0.001659
Q_ind_192_anc_8-3,0.000591,0.000000,0.000000,0.007275
Q_ind_193_anc_8-3,0.003546,0.000000,0.000000,0.062448
Q_ind_194_anc_8-3,0.000106,0.000000,0.000000,0.001161
Q_ind_195_anc_8-3,0.000593,0.000000,0.000000,0.007079
Q_ind_196_anc_8-3,0.000095,0.000000,0.000000,0.000768
Q_ind_197_anc_8-3,0.000128,0.000000,0.000000,0.001198
Q_ind_198_anc_8-3,0.000149,0.000000,0.000000,0.001590
Q_ind_199_anc_8-3,0.000466,0.000000,0.000000,0.005343
Q_ind_200_anc_8-3,0.000177,0.000000,0.000000,0.001411
Q_ind_201_anc_8-3,0.010350,0.000000,0.000000,0.108903
Q_ind_202_anc_8-3,0.000418,0.000000,0.000000,0.005336
Q_ind_203_anc_8-3,0.001062,0.000000,0.000000,0.012101
Q_ind_204_anc_8-3,0.001205,0.000000,0.000000,0.016568
Q_ind_205_anc_8-3,0.001804,0.000000,0.000000,0.027335
Q_ind_206_anc_8-3,0.000239,0.000000,0.000000,0.003446
Q_ind_207_anc_8-3,0.000732,0.000000,0.000000,0.007755
Q_ind_208_anc_8-3,0.022965,0.000000,0.000000,0.153602
Q_ind_209_anc_8-3,0.001229,0.000000,0.000000,0.019172
Q_ind_210_anc_8-3,0.000233,0.000000,0.000000,0.001618
Q_ind_211_anc_8-3,0.001613,0.000000,0.000000,0.024284
Q_ind_212_anc_8-3,0.000637,0.000000,0.000000,0.008836
Q_ind_213_anc_8-3,0.001227,0.000000,0.000000,0.017964
Q_ind_214_anc_8-3,0.001049,0.000000,0.000000,0.016929
Q_ind_215_anc_8-3,0.000299,0.000000,0.000000,0.002409
Q_ind_216_anc_8-3,0.000320,0.000000,0.000000,0.003205
Q_ind_217_anc_8-3,0.000546,0.000000,0.000000,0.007809
Q_ind_218_anc_8-3,0.000273,0.000000,0.000000,0.002387
Q_ind_219_anc_8-3,0.000527,0.000000,0.000000,0.006913
Q_ind_220_anc_8-3,0.001992,0.000000,0.000000,0.028384
Q_ind_221_anc_8-3,0.000403,0.000000,0.000000,0.005162
Q_ind_222_anc_8-3,0.000469,0.000000,0.000000,0.005283
Q_ind_223_anc_8-3,0.001252,0.000000,0.000000,0.019499
Q_ind_224_anc_8-3,0.000664,0.000000,0.000000,0.008066
Q_ind_225_anc_8-3,0.000327,0.000000,0.000000,0.004174
Q_ind_226_anc_8-3,0.002634,0.000000,0.000000,0.034478
Q_ind_227_anc_8-3,0.000270,0.000000,0.000000,0.002489
Q_ind_228_anc_8-3,0.000453,0.000000,0.000000,0.005484
Q_ind_229_anc_8-3,0.000117,0.000000,0.000000,0.001150
Q_ind_230_anc_8-3,0.000124,0.000000,0.000000,0.001212
Q_ind_231_anc_8-3,0.000820,0.000000,0.000000,0.010751
Q_ind_232_anc_8-3,0.000559,0.000000,0.000000,0.008088
Q_ind_233_anc_8-3,0.000983,0.000000,0.000000,0.014676
Q_ind_234_anc_8-3,0.000115,0.000000,0.000000,0.001207
Q_ind_235_anc_8-3,0.000147,0.000000,0.000000,0.001593
Q_ind_236_anc_8-3,0.000468,0.000000,0.000000,0.005957
Q_ind_237_anc_8-3,0.000168,0.000000,0.000000,0.002008
Q_ind_238_anc_8-3,0.000394,0.000000,0.000000,0.005484
Q_ind_239_anc_8-3,0.000130,0.000000,0.000000,0.001293
Q_ind_240_anc_8-3,0.000192,0.000000,0.000000,0.001980
Q_ind_241_anc_8-3,0.000228,0.000000,0.000000,0.002401
Q_ind_242_anc_8-3,0.000242,0.000000,0.000000,0.002811
Q_ind_243_anc_8-3,0.001525,0.000000,0.000000,0.020638
Q_ind_244_anc_8-3,0.000148,0.000000,0.000000,0.001339
Q_ind_245_anc_8-3,0.000710,0.000000,0.000000,0.008084
Q_ind_1_anc_8-4,0.047817,0.045728,0.000000,0.130214
Q_ind_2_anc_8-4,0.024286,0.000000,0.000000,0.129102
Q_ind_3_anc_8-4,0.001489,0.000000,0.000000,0.023701
Q_ind_4_anc_8-4,0.001971,0.000000,0.000000,0.029321
Q_ind_5_anc_8-4,0.066033,0.077953,0.000000,0.124074
Q_ind_6_anc_8-4,0.000704,0.000000,0.000000,0.009345
Q_ind_7_anc_8-4,0.000337,0.000000,0.000000,0.003729
Q_ind_8_anc_8-4,0.000273,0.000000,0.000000,0.002230
Q_ind_9_anc_8-4,0.005577,0.000000,0.000000,0.086881
Q_ind_10_anc_8-4,0.059089,0.064644,0.000000,0.115395
Q_ind_11_anc_8-4,0.004642,0.000000,0.000000,0.055080
Q_ind_12_anc_8-4,0.004251,0.000000,0.000000,0.073941
Q_ind_13_anc_8-4,0.000549,0.000000,0.000000,0.006934
Q_ind_14_anc_8-4,0.000227,0.000000,0.000000,0.001529
Q_ind_15_anc_8-4,0.000831,0.000000,0.000000,0.010853
Q_ind_16_anc_8-4,0.000227,0.000000,0.000000,0.002831
Q_ind_17_anc_8-4,0.001441,0.000000,0.000000,0.018945
Q_ind_18_anc_8-4,0.000236,0.000000,0.000000,0.003331
Q_ind_19_anc_8-4,0.000099,0.000000,0.000000,0.001019
Q_ind_20_anc_8-4,0.000642,0.000000,0.000000,0.008691
Q_ind_21_anc_8-4,0.000200,0.000000,0.000000,0.001991
Q_ind_22_anc_8-4,0.000685,0.000000,0.000000,0.009624
Q_ind_23_anc_8-4,0.000263,0.000000,0.000000,0.003029
Q_ind_24_anc_8-4,0.004793,0.000000,0.000000,0.063496
Q_ind_25_anc_8-4,0.000135,0.000000,0.000000,0.001514
Q_ind_26_anc_8-4,0.001969,0.000000,0.000000,0.026659
Q_ind_27_anc_8-4,0.000700,0.000000,0.000000,0.009743
Q_ind_28_anc_8-4,0.002647,0.000000,0.000000,0.030685
Q_ind_29_anc_8-4,0.003306,0.000000,0.000000,0.031580
Q_ind_30_anc_8-4,0.003735,0.000000,0.000000,0.046985
Q_ind_31_anc_8-4,0.000289,0.000000,0.000000,0.003409
Q_ind_32_anc_8-4,0.000238,0.000000,0.000000,0.002690
Q_ind_33_anc_8-4,0.000895,0.000000,0.000000,0.011343
Q_ind_34_anc_8-4,0.000209,0.000000,0.000000,0.002308
Q_ind_35_anc_8-4,0.000296,0.000000,0.000000,0.003555
Q_ind_36_anc_8-4,0.000166,0.000000,0.000000,0.001710
Q_ind_37_anc_8-4,0.000398,0.000000,0.000000,0.003729
Q_ind_38_anc_8-4,0.000100,0.000000,0.000000,0.001162
Q_ind_39_anc_8-4,0.000138,0.000000,0.000000,0.001240
Q_ind_40_anc_8-4,0.003334,0.000000,0.000000,0.045804
Q_ind_41_anc_8-4,0.000586,0.000000,0.000000,0.006880
Q_ind_42_anc_8-4,0.000114,0.000000,0.000000,0.001343
Q_ind_43_anc_8-4,0.000286,0.000000,0.000000,0.004292
Q_ind_44_anc_8-4,0.000187,0.000000,0.000000,0.002259
Q_ind_45_anc_8-4,0.000129,0.000000,0.000000,0.001392
Q_ind_46_anc_8-4,0.000088,0.000000,0.000000,0.000810
Q_ind_47_anc_8-4,0.000538,0.000000,0.000000,0.007771
Q_ind_48_anc_8-4,0.000148,0.000000,0.000000,0.001526
Q_ind_49_anc_8-4,0.000075,0.000000,0.000000,0.000809
Q_ind_50_anc_8-4,0.000092,0.000000,0.000000,0.000993
Q_ind_51_anc_8-4,0.000076,0.000000,0.000000,0.000797
Q_ind_52_anc_8-4,0.000193,0.000000,0.000000,0.002052
Q_ind_53_anc_8-4,0.000060,0.000000,0.000000,0.000664
Q_ind_54_anc_8-4,0.000120,0.000000,0.000000,0.001061
Q_ind_55_anc_8-4,0.000138,0.000000,0.000000,0.001385
Q_ind_56_anc_8-4,0.000145,0.000000,0.000000,0.001674
Q_ind_57_anc_8-4,0.000155,0.000000,0.000000,0.001594
Q_ind_58_anc_8-4,0.000072,0.000000,0.000000,0.000793
Q_ind_59_anc_8-4,0.001456,0.000000,0.000000,0.020691
Q_ind_60_anc_8-4,0.000286,0.000000,0.000000,0.003678
Q_ind_61_anc_8-4,0.000317,0.000000,0.000000,0.003798
Q_ind_62_anc_8-4,0.000797,0.000000,0.000000,0.011762
Q_ind_63_anc_8-4,0.000087,0.000000,0.000000,0.000876
Q_ind_64_anc_8-4,0.000262,0.000000,0.000000,0.001993
Q_ind_65_anc_8-4,0.000235,0.000000,0.000000,0.002892
Q_ind_66_anc_8-4,0.000052,0.000000,0.000000,0.000602
Q_ind_67_anc_8-4,0.169261,0.170273,0.073050,0.256000
Q_ind_68_anc_8-4,0.000598,0.000000,0.000000,0.009368
Q_ind_69_anc_8-4,0.001084,0.000000,0.000000,0.016761
Q_ind_70_anc_8-4,0.001401,0.000000,0.000000,0.017987
Q_ind_71_anc_8-4,0.000497,0.000000,0.000000,0.006520
Q_ind_72_anc_8-4,0.000309,0.000000,0.000000,0.003735
Q_ind_73_anc_8-4,0.000940,0.000000,0.000000,0.013561
Q_ind_74_anc_8-4,0.010122,0.000000,0.000000,0.062787
Q_ind_75_anc_8-4,0.001213,0.000000,0.000000,0.018176
Q_ind_76_anc_8-4,0.000293,0.000000,0.000000,0.003578
Q_ind_77_anc_8-4,0.001540,0.000000,0.000000,0.022959
Q_ind_78_anc_8-4,0.000326,0.000000,0.000000,0.003813
Q_ind_79_anc_8-4,0.000735,0.000000,0.000000,0.009810
Q_ind_80_anc_8-4,0.006424,0.000000,0.000000,0.068613
Q_ind_81_anc_8-4,0.000221,0.000000,0.000000,0.002774
Q_ind_82_anc_8-4,0.000379,0.000000,0.000000,0.003952
Q_ind_83_anc_8-4,0.000424,0.000000,0.000000,0.005040
Q_ind_84_anc_8-4,0.000778,0.000000,0.000000,0.009548
Q_ind_85_anc_8-4,0.000984,0.000000,0.000000,0.014733
Q_ind_86_anc_8-4,0.002556,0.000000,0.000000,0.032853
Q_ind_87_anc_8-4,0.001596,0.000000,0.000000,0.022802
Q_ind_88_anc_8-4,0.000320,0.000000,0.000000,0.002998
Q_ind_89_anc_8-4,0.000413,0.000000,0.000000,0.005809
Q_ind_90_anc_8-4,0.000275,0.000000,0.000000,0.003490
Q_ind_91_anc_8-4,0.000608,0.000000,0.000000,0.008530
Q_ind_92_anc_8-4,0.000574,0.000000,0.000000,0.007255
Q_ind_93_anc_8-4,0.000707,0.000000,0.000000,0.010011
Q_ind_94_anc_8-4,0.000281,0.000000,0.000000,0.002138
Q_ind_95_anc_8-4,0.003968,0.000000,0.000000,0.049664
Q_ind_96_anc_8-4,0.000149,0.000000,0.000000,0.001673
Q_ind_97_anc_8-4,0.000580,0.000000,0.000000,0.008952
Q_ind_98_anc_8-4,0.000112,0.000000,0.000000,0.001186
Q_ind_99_anc_8-4,0.000282,0.000000,0.000000,0.003354
Q_ind_100_anc_8-4,0.000116,0.000000,0.000000,0.001112
Q_ind_101_anc_8-4,0.000076,0.000000,0.000000,0.000672
Q_ind_102_anc_8-4,0.000047,0.000000,0.000000,0.000484
Q_ind_103_anc_8-4,0.000072,0.000000,0.000000,0.000749
Q_ind_104_anc_8-4,0.000092,0.000000,0.000000,0.000985
Q_ind_105_anc_8-4,0.000299,0.000000,0.000000,0.004081
Q_ind_106_anc_8-4,0.000122,0.000000,0.000000,0.001275
Q_ind_107_anc_8-4,0.001211,0.000000,0.000000,0.018390
Q_ind_108_anc_8-4,0.000116,0.000000,0.000000,0.001006
Q_ind_109_anc_8-4,0.000524,0.000000,0.000000,0.006470
Q_ind_110_anc_8-4,0.000318,0.000000,0.000000,0.004384
Q_ind_111_anc_8-4,0.000245,0.000000,0.000000,0.002722
Q_ind_112_anc_8-4,0.000768,0.000000,0.000000,0.011567
Q_ind_113_anc_8-4,0.000415,0.000000,0.000000,0.004342
Q_ind_114_anc_8-4,0.001186,0.000000,0.000000,0.015591
Q_ind_115_anc_8-4,0.000656,0.000000,0.000000,0.009266
Q_ind_116_anc_8-4,0.000125,0.000000,0.000000,0.001162
Q_ind_117_anc_8-4,0.000173,0.000000,0.000000,0.002063
Q_ind_118_anc_8-4,0.000116,0.000000,0.000000,0.001328
Q_ind_119_anc_8-4,0.000403,0.000000,0.000000,0.004834
Q_ind_120_anc_8-4,0.000081,0.000000,0.000000,0.000819
Q_ind_121_anc_8-4,0.000299,0.000000,0.000000,0.004301
Q_ind_122_anc_8-4,0.000114,0.000000,0.000000,0.001190
Q_ind_123_anc_8-4,0.000089,0.000000,0.000000,0.000973
Q_ind_124_anc_8-4,0.000492,0.000000,0.000000,0.006478
Q_ind_125_anc_8-4,0.001618,0.000000,0.000000,0.025294
Q_ind_126_anc_8-4,0.000382,0.000000,0.000000,0.005566
Q_ind_127_anc_8-4,0.000388,0.000000,0.000000,0.003122
Q_ind_128_anc_8-4,0.000222,0.000000,0.000000,0.002244
Q_ind_129_anc_8-4,0.000188,0.000000,0.000000,0.001870
Q_ind_130_anc_8-4,0.000344,0.000000,0.000000,0.003026
Q_ind_131_anc_8-4,0.001169,0.000000,0.000000,0.018061
Q_ind_132_anc_8-4,0.000111,0.000000,0.000000,0.001140
Q_ind_133_anc_8-4,0.000246,0.000000,0.000000,0.002484
Q_ind_134_anc_8-4,0.000580,0.000000,0.000000,0.008696
Q_ind_135_anc_8-4,0.000324,0.000000,0.000000,0.003850
Q_ind_136_anc_8-4,0.000212,0.000000,0.000000,0.002229
Q_ind_137_anc_8-4,0.000118,0.000000,0.000000,0.001276
Q_ind_138_anc_8-4,0.000508,0.000000,0.000000,0.007507
Q_ind_139_anc_8-4,0.000361,0.000000,0.000000,0.004369
Q_ind_140_anc_8-4,0.000182,0.000000,0.000000,0.001853
Q_ind_141_anc_8-4,0.000178,0.000000,0.000000,0.001638
Q_ind_142_anc_8-4,0.000192,0.000000,0.000000,0.001877
Q_ind_143_anc_8-4,0.000121,0.000000,0.000000,0.001070
Q_ind_144_anc_8-4,0.000135,0.000000,0.000000,0.001449
Q_ind_145_anc_8-4,0.000225,0.000000,0.000000,0.002158
Q_ind_146_anc_8-4,0.000656,0.000000,0.000000,0.007923
Q_ind_147_anc_8-4,0.000208,0.000000,0.000000,0.002237
Q_ind_148_anc_8-4,0.000385,0.000000,0.000000,0.004922
Q_ind_149_anc_8-4,0.002571,0.000000,0.000000,0.032021
Q_ind_150_anc_8-4,0.000231,0.000000,0.000000,0.002813
Q_ind_151_anc_8-4,0.000450,0.000000,0.000000,0.005135
Q_ind_152_anc_8-4,0.000086,0.000000,0.000000,0.000741
Q_ind_153_anc_8-4,0.000129,0.000000,0.000000,0.001525
Q_ind_154_anc_8-4,0.000191,0.000000,0.000000,0.002871
Q_ind_155_anc_8-4,0.003738,0.000000,0.000000,0.051863
Q_ind_156_anc_8-4,0.027089,0.000164,0.000000,0.108984
Q_ind_157_anc_8-4,0.005015,0.000000,0.000000,0.065443
Q_ind_158_anc_8-4,0.013176,0.000000,0.000000,0.102258
Q_ind_159_anc_8-4,0.000375,0.000000,0.000000,0.003066
Q_ind_160_anc_8-4,0.027905,0.000013,0.000000,0.112319
Q_ind_161_anc_8-4,0.000559,0.000000,0.000000,0.008352
Q_ind_162_anc_8-4,0.000218,0.000000,0.000000,0.002451
Q_ind_163_anc_8-4,0.001359,0.000000,0.000000,0.019202
Q_ind_164_anc_8-4,0.001677,0.000000,0.000000,0.026318
Q_ind_165_anc_8-4,0.000502,0.000000,0.000000,0.006187
Q_ind_166_anc_8-4,0.000309,0.000000,0.000000,0.003520
Q_ind_167_anc_8-4,0.000448,0.000000,0.000000,0.005221
Q_ind_168_anc_8-4,0.000189,0.000000,0.000000,0.002023
Q_ind_169_anc_8-4,0.000411,0.000000,0.000000,0.004545
Q_ind_170_anc_8-4,0.000250,0.000000,0.000000,0.002990
Q_ind_171_anc_8-4,0.000553,0.000000,0.000000,0.007520
Q_ind_172_anc_8-4,0.000128,0.000000,0.000000,0.001237
Q_ind_173_anc_8-4,0.000089,0.000000,0.000000,0.000777
Q_ind_174_anc_8-4,0.000187,0.000000,0.000000,0.002107
Q_ind_175_anc_8-4,0.002066,0.000000,0.000000,0.027737
Q_ind_176_anc_8-4,0.000947,0.000000,0.000000,0.012938
Q_ind_177_anc_8-4,0.001361,0.000000,0.000000,0.018925
Q_ind_178_anc_8-4,0.001124,0.000000,0.000000,0.015295
Q_ind_179_anc_8-4,0.000764,0.000000,0.000000,0.011564
Q_ind_180_anc_8-4,0.000541,0.000000,0.000000,0.006286
Q_ind_181_anc_8-4,0.004374,0.000000,0.000000,0.047617
Q_ind_182_anc_8-4,0.000373,0.000000,0.000000,0.003758
Q_ind_183_anc_8-4,0.000988,0.000000,0.000000,0.013245
Q_ind_184_anc_8-4,0.001693,0.000000,0.000000,0.023975
Q_ind_185_anc_8-4,0.000293,0.000000,0.000000,0.003417
Q_ind_186_anc_8-4,0.000151,0.000000,0.000000,0.001829
Q_ind_187_anc_8-4,0.000072,0.000000,0.000000,0.000843
Q_ind_188_anc_8-4,0.000108,0.000000,0.000000,0.001154
Q_ind_189_anc_8-4,0.000347,0.000000,0.000000,0.004054
Q_ind_190_anc_8-4,0.001183,0.000000,0.000000,0.016542
Q_ind_191_anc_8-4,0.000139,0.000000,0.000000,0.001339
Q_ind_192_anc_8-4,0.000341,0.000000,0.000000,0.004623
Q_ind_193_anc_8-4,0.000257,0.000000,0.000000,0.002570
Q_ind_194_anc_8-4,0.000124,0.000000,0.000000,0.001323
Q_ind_195_anc_8-4,0.000403,0.000000,0.000000,0.004447
Q_ind_196_anc_8-4,0.000136,0.000000,0.000000,0.001046
Q_ind_197_anc_8-4,0.000069,0.000000,0.000000,0.000667
Q_ind_198_anc_8-4,0.000187,0.000000,0.000000,0.001731
Q_ind_199_anc_8-4,0.000170,0.000000,0.000000,0.001500
Q_ind_200_anc_8-4,0.000306,0.000000,0.000000,0.002611
Q_ind_201_anc_8-4,0.000583,0.000000,0.000000,0.008462
Q_ind_202_anc_8-4,0.000830,0.000000,0.000000,0.012321
Q_ind_203_anc_8-4,0.000855,0.000000,0.000000,0.007965
Q_ind_204_anc_8-4,0.000433,0.000000,0.000000,0.006258
Q_ind_205_anc_8-4,0.000617,0.000000,0.000000,0.005650
Q_ind_206_anc_8-4,0.001238,0.000000,0.000000,0.018038
Q_ind_207_anc_8-4,0.002601,0.000000,0.000000,0.038277
Q_ind_208_anc_8-4,0.082461,0.105548,0.000000,0.158420
Q_ind_209_anc_8-4,0.000213,0.000000,0.000000,0.002624
Q_ind_210_anc_8-4,0.000423,0.000000,0.000000,0.004660
Q_ind_211_anc_8-4,0.001121,0.000000,0.000000,0.017896
Q_ind_212_anc_8-4,0.000088,0.000000,0.000000,0.000827
Q_ind_213_anc_8-4,0.000140,0.000000,0.000000,0.001183
Q_ind_214_anc_8-4,0.000786,0.000000,0.000000,0.011451
Q_ind_215_anc_8-4,0.000172,0.000000,0.000000,0.002012
Q_ind_216_anc_8-4,0.000684,0.000000,0.000000,0.007620
Q_ind_217_anc_8-4,0.000100,0.000000,0.000000,0.001029
Q_ind_218_anc_8-4,0.000080,0.000000,0.000000,0.000794
Q_ind_219_anc_8-4,0.000475,0.000000,0.000000,0.005974
Q_ind_220_anc_8-4,0.000236,0.000000,0.000000,0.002307
Q_ind_221_anc_8-4,0.000663,0.000000,0.000000,0.008311
Q_ind_222_anc_8-4,0.000376,0.000000,0.000000,0.004503
Q_ind_223_anc_8-4,0.000157,0.000000,0.000000,0.001517
Q_ind_224_anc_8-4,0.001276,0.000000,0.000000,0.015985
Q_ind_225_anc_8-4,0.001857,0.000000,0.000000,0.027297
Q_ind_226_anc_8-4,0.003870,0.000000,0.000000,0.057894
Q_ind_227_anc_8-4,0.000869,0.000000,0.000000,0.012180
Q_ind_228_anc_8-4,0.000265,0.000000,0.000000,0.003195
Q_ind_229_anc_8-4,0.000133,0.000000,0.000000,0.001441
Q_ind_230_anc_8-4,0.000684,0.000000,0.000000,0.009406
Q_ind_231_anc_8-4,0.001699,0.000000,0.000000,0.015862
Q_ind_232_anc_8-4,0.000198,0.000000,0.000000,0.001996
Q_ind_233_anc_8-4,0.000606,0.000000,0.000000,0.005784
Q_ind_234_anc_8-4,0.000318,0.000000,0.000000,0.004174
Q_ind_235_anc_8-4,0.000136,0.000000,0.000000,0.001442
Q_ind_236_anc_8-4,0.000182,0.000000,0.000000,0.002280
Q_ind_237_anc_8-4,0.000117,0.000000,0.000000,0.001149
Q_ind_238_anc_8-4,0.000122,0.000000,0.000000,0.001315
Q_ind_239_anc_8-4,0.000154,0.000000,0.000000,0.001740
Q_ind_240_anc_8-4,0.000065,0.000000,0.000000,0.000663
Q_ind_241_anc_8-4,0.000431,0.000000,0.000000,0.005751
Q_ind_242_anc_8-4,0.001699,0.000000,0.000000,0.018678
Q_ind_243_anc_8-4,0.000180,0.000000,0.000000,0.002244
Q_ind_244_anc_8-4,0.000292,0.000000,0.000000,0.003274
Q_ind_245_anc_8-4,0.000155,0.000000,0.000000,0.001747
Q_ind_1_anc_8-5,0.000242,0.000000,0.000000,0.002740
Q_ind_2_anc_8-5,0.000160,0.000000,0.000000,0.001441
Q_ind_3_anc_8-5,0.000153,0.000000,0.000000,0.001550
Q_ind_4_anc_8-5,0.000160,0.000000,0.000000,0.001323
Q_ind_5_anc_8-5,0.001809,0.000000,0.000000,0.026371
Q_ind_6_anc_8-5,0.000519,0.000000,0.000000,0.007073
Q_ind_7_anc_8-5,0.000143,0.000000,0.000000,0.001741
Q_ind_8_anc_8-5,0.000136,0.000000,0.000000,0.001251
Q_ind_9_anc_8-5,0.000283,0.000000,0.000000,0.002771
Q_ind_10_anc_8-5,0.000075,0.000000,0.000000,0.000788
Q_ind_11_anc_8-5,0.000757,0.000000,0.000000,0.007742
Q_ind_12_anc_8-5,0.001005,0.000000,0.000000,0.014584
Q_ind_13_anc_8-5,0.001085,0.000000,0.000000,0.015399
Q_ind_14_anc_8-5,0.000263,0.000000,0.000000,0.002189
Q_ind_15_anc_8-5,0.000937,0.000000,0.000000,0.013643
Q_ind_16_anc_8-5,0.000284,0.000000,0.000000,0.002932
Q_ind_17_anc_8-5,0.000962,0.000000,0.000000,0.015210
Q_ind_18_anc_8-5,0.000252,0.000000,0.000000,0.002284
Q_ind_19_anc_8-5,0.000510,0.000000,0.000000,0.007353
Q_ind_20_anc_8-5,0.001050,0.000000,0.000000,0.014214
Q_ind_21_anc_8-5,0.001452,0.000000,0.000000,0.020086
Q_ind_22_anc_8-5,0.000338,0.000000,0.000000,0.003511
Q_ind_23_anc_8-5,0.000237,0.000000,0.000000,0.002627
Q_ind_24_anc_8-5,0.000263,0.000000,0.000000,0.002651
Q_ind_25_anc_8-5,0.000213,0.000000,0.000000,0.002862
Q_ind_26_anc_8-5,0.000228,0.000000,0.000000,0.002769
Q_ind_27_anc_8-5,0.000162,0.000000,0.000000,0.001598
Q_ind_28_anc_8-5,0.001287,0.000000,0.000000,0.016034
Q_ind_29_anc_8-5,0.000853,0.000000,0.000000,0.012787
Q_ind_30_anc_8-5,0.000269,0.000000,0.000000,0.003358
Q_ind_31_anc_8-5,0.000184,0.000000,0.000000,0.002125
Q_ind_32_anc_8-5,0.000262,0.000000,0.000000,0.003276
Q_ind_33_anc_8-5,0.000660,0.000000,0.000000,0.010322
Q_ind_34_anc_8-5,0.000134,0.000000,0.000000,0.001477
Q_ind_35_anc_8-5,0.000334,0.000000,0.000000,0.003729
Q_ind_36_anc_8-5,0.000109,0.000000,0.000000,0.001136
Q_ind_37_anc_8-5,0.001066,0.000000,0.000000,0.017545
Q_ind_38_anc_8-5,0.000086,0.000000,0.000000,0.000695
Q_ind_39_anc_8-5,0.000859,0.000000,0.000000,0.013070
Q_ind_40_anc_8-5,0.001688,0.000000,0.000000,0.024443
Q_ind_41_anc_8-5,0.000511,0.000000,0.000000,0.006699
Q_ind_42_anc_8-5,0.000179,0.000000,0.000000,0.001951
Q_ind_43_anc_8-5,0.000335,0.000000,0.000000,0.003534
Q_ind_44_anc_8-5,0.000150,0.000000,0.000000,0.001893
Q_ind_45_anc_8-5,0.000153,0.000000,0.000000,0.001751
Q_ind_46_anc_8-5,0.000090,0.000000,0.000000,0.000797
Q_ind_47_anc_8-5,0.000288,0.000000,0.000000,0.003033
Q_ind_48_anc_8-5,0.000180,0.000000,0.000000,0.001757
Q_ind_49_anc_8-5,0.000078,0.000000,0.000000,0.000736
Q_ind_50_anc_8-5,0.000183,0.000000,0.000000,0.002194
Q_ind_51_anc_8-5,0.000162,0.000000,0.000000,0.001827
Q_ind_52_anc_8-5,0.000216,0.000000,0.000000,0.002772
Q_ind_53_anc_8-5,0.000150,0.000000,0.000000,0.001440
Q_ind_54_anc_8-5,0.000354,0.000000,0.000000,0.005918
Q_ind_55_anc_8-5,0.000108,0.000000,0.000000,0.001292
Q_ind_56_anc_8-5,0.000127,0.000000,0.000000,0.001213
Q_ind_57_anc_8-5,0.000524,0.000000,0.000000,0.005894
Q_ind_58_anc_8-5,0.000138,0.000000,0.000000,0.001650
Q_ind_59_anc_8-5,0.000411,0.000000,0.000000,0.004935
Q_ind_60_anc_8-5,0.000921,0.000000,0.000000,0.014990
Q_ind_61_anc_8-5,0.000227,0.000000,0.000000,0.002266
Q_ind_62_anc_8-5,0.000427,0.000000,0.000000,0.004887
Q_ind_63_anc_8-5,0.000060,0.000000,0.000000,0.000622
Q_ind_64_anc_8-5,0.000129,0.000000,0.000000,0.001352
Q_ind_65_anc_8-5,0.000090,0.000000,0.000000,0.000931
Q_ind_66_anc_8-5,0.000065,0.000000,0.000000,0.000684
Q_ind_67_anc_8-5,0.000173,0.000000,0.000000,0.002058
Q_ind_68_anc_8-5,0.000376,0.000000,0.000000,0.005393
Q_ind_69_anc_8-5,0.002505,0.000000,0.000000,0.036227
Q_ind_70_anc_8-5,0.002202,0.000000,0.000000,0.032905
Q_ind_71_anc_8-5,0.000580,0.000000,0.000000,0.004627
Q_ind_72_anc_8-5,0.000496,0.000000,0.000000,0.006885
Q_ind_73_anc_8-5,0.000769,0.000000,0.000000,0.009207
Q_ind_74_anc_8-5,0.007311,0.000000,0.000000,0.055382
Q_ind_75_anc_8-5,0.010697,0.000000,0.000000,0.078078
Q_ind_76_anc_8-5,0.000334,0.000000,0.000000,0.003568
Q_ind_77_anc_8-5,0.000198,0.000000,0.000000,0.001891
Q_ind_78_anc_8-5,0.000100,0.000000,0.000000,0.001063
Q_ind_79_anc_8-5,0.000635,0.000000,0.000000,0.007636
Q_ind_80_anc_8-5,0.000193,0.000000,0.000000,0.001998
Q_ind_81_anc_8-5,0.000524,0.000000,0.000000,0.006599
Q_ind_82_anc_8-5,0.000222,0.000000,0.000000,0.002019
Q_ind_83_anc_8-5,0.000185,0.000000,0.000000,0.002499
Q_ind_84_anc_8-5,0.000217,0.000000,0.000000,0.002394
Q_ind_85_anc_8-5,0.000231,0.000000,0.000000,0.002921
Q_ind_86_anc_8-5,0.000104,0.000000,0.000000,0.000951
Q_ind_87_anc_8-5,0.000450,0.000000,0.000000,0.003820
Q_ind_88_anc_8-5,0.000584,0.000000,0.000000,0.007405
Q_ind_89_anc_8-5,0.000403,0.000000,0.000000,0.003964
Q_ind_90_anc_8-5,0.000368,0.000000,0.000000,0.005036
Q_ind_91_anc_8-5,0.000530,0.000000,0.000000,0.008084
Q_ind_92_anc_8-5,0.001315,0.000000,0.000000,0.019583
Q_ind_93_anc_8-5,0.000766,0.000000,0.000000,0.010839
Q_ind_94_anc_8-5,0.000595,0.000000,0.000000,0.008077
Q_ind_95_anc_8-5,0.000292,0.000000,0.000000,0.002760
Q_ind_96_anc_8-5,0.000258,0.000000,0.000000,0.002513
Q_ind_97_anc_8-5,0.001461,0.000000,0.000000,0.017570
Q_ind_98_anc_8-5,0.010433,0.000000,0.000000,0.064827
Q_ind_99_anc_8-5,0.000866,0.000000,0.000000,0.011298
Q_ind_100_anc_8-5,0.000344,0.000000,0.000000,0.004305
Q_ind_101_anc_8-5,0.000074,0.000000,0.000000,0.000743
Q_ind_102_anc_8-5,0.000078,0.000000,0.000000,0.000759
Q_ind_103_anc_8-5,0.000119,0.000000,0.000000,0.001213
Q_ind_104_anc_8-5,0.000081,0.000000,0.000000,0.000814
Q_ind_105_anc_8-5,0.007460,0.000000,0.000000,0.058431
Q_ind_106_anc_8-5,0.000416,0.000000,0.000000,0.005511
Q_ind_107_anc_8-5,0.000161,0.000000,0.000000,0.001123
Q_ind_108_anc_8-5,0.000693,0.000000,0.000000,0.006742
Q_ind_109_anc_8-5,0.000832,0.000000,0.000000,0.006784
Q_ind_110_anc_8-5,0.000536,0.000000,0.000000,0.005609
Q_ind_111_anc_8-5,0.001201,0.000000,0.000000,0.014870
Q_ind_112_anc_8-5,0.000897,0.000000,0.000000,0.011485
Q_ind_113_anc_8-5,0.000422,0.000000,0.000000,0.004767
Q_ind_114_anc_8-5,0.001974,0.000000,0.000000,0.027798
Q_ind_115_anc_8-5,0.000237,0.000000,0.000000,0.002605
Q_ind_116_anc_8-5,0.000190,0.000000,0.000000,0.001710
Q_ind_117_anc_8-5,0.000178,0.000000,0.000000,0.001727
Q_ind_118_anc_8-5,0.000086,0.000000,0.000000,0.000887
Q_ind_119_anc_8-5,0.000157,0.000000,0.000000,0.001977
Q_ind_120_anc_8-5,0.000160,0.000000,0.000000,0.001624
Q_ind_121_anc_8-5,0.000120,0.000000,0.000000,0.001157
Q_ind_122_anc_8-5,0.000176,0.000000,0.000000,0.002051
Q_ind_123_anc_8-5,0.000070,0.000000,0.000000,0.000743
Q_ind_124_anc_8-5,0.000958,0.000000,0.000000,0.013219
Q_ind_125_anc_8-5,0.000469,0.000000,0.000000,0.006909
Q_ind_126_anc_8-5,0.001531,0.000000,0.000000,0.023327
Q_ind_127_anc_8-5,0.000372,0.000000,0.000000,0.004059
Q_ind_128_anc_8-5,0.000421,0.000000,0.000000,0.005205
Q_ind_129_anc_8-5,0.000993,0.000000,0.000000,0.013576
Q_ind_130_anc_8-5,0.000327,0.000000,0.000000,0.003501
Q_ind_131_anc_8-5,0.000721,0.000000,0.000000,0.010528
Q_ind_132_anc_8-5,0.000543,0.000000,0.000000,0.006999
Q_ind_133_anc_8-5,0.000141,0.000000,0.000000,0.001497
Q_ind_134_anc_8-5,0.000696,0.000000,0.000000,0.009623
Q_ind_135_anc_8-5,0.000125,0.000000,0.000000,0.001408
Q_ind_136_anc_8-5,0.001888,0.000000,0.000000,0.026150
Q_ind_137_anc_8-5,0.000300,0.000000,0.000000,0.003925
Q_ind_138_anc_8-5,0.000762,0.000000,0.000000,0.010878
Q_ind_139_anc_8-5,0.005546,0.000000,0.000000,0.051909
Q_ind_140_anc_8-5,0.000670,0.000000,0.000000,0.009496
Q_ind_141_anc_8-5,0.000657,0.000000,0.000000,0.007408
Q_ind_142_anc_8-5,0.004864,0.000000,0.000000,0.049729
Q_ind_143_anc_8-5,0.000401,0.000000,0.000000,0.005658
Q_ind_144_anc_8-5,0.000340,0.000000,0.000000,0.004039
Q_ind_145_anc_8-5,0.000086,0.000000,0.000000,0.000828
Q_ind_146_anc_8-5,0.000174,0.000000,0.000000,0.001666
Q_ind_147_anc_8-5,0.000208,0.000000,0.000000,0.002106
Q_ind_148_anc_8-5,0.000128,0.000000,0.000000,0.001654
Q_ind_149_anc_8-5,0.000513,0.000000,0.000000,0.005754
Q_ind_150_anc_8-5,0.000231,0.000000,0.000000,0.003338
Q_ind_151_anc_8-5,0.000172,0.000000,0.000000,0.001831
Q_ind_152_anc_8-5,0.000072,0.000000,0.000000,0.000830
Q_ind_153_anc_8-5,0.000172,0.000000,0.000000,0.002253
Q_ind_154_anc_8-5,0.000247,0.000000,0.000000,0.003040
Q_ind_155_anc_8-5,0.000164,0.000000,0.000000,0.001993
Q_ind_156_anc_8-5,0.000287,0.000000,0.000000,0.002583
Q_ind_157_anc_8-5,0.000307,0.000000,0.000000,0.003322
Q_ind_158_anc_8-5,0.000288,0.000000,0.000000,0.003599
Q_ind_159_anc_8-5,0.000225,0.000000,0.000000,0.001868
Q_ind_160_anc_8-5,0.000139,0.000000,0.000000,0.001487
Q_ind_161_anc_8-5,0.000252,0.000000,0.000000,0.002609
Q_ind_162_anc_8-5,0.000170,0.000000,0.000000,0.001682
Q_ind_163_anc_8-5,0.000161,0.000000,0.000000,0.001635
Q_ind_164_anc_8-5,0.000413,0.000000,0.000000,0.004315
Q_ind_165_anc_8-5,0.000618,0.000000,0.000000,0.009320
Q_ind_166_anc_8-5,0.000349,0.000000,0.000000,0.003606
Q_ind_167_anc_8-5,0.000388,0.000000,0.000000,0.003598
Q_ind_168_anc_8-5,0.005240,0.000000,0.000000,0.051810
Q_ind_169_anc_8-5,0.000257,0.000000,0.000000,0.003202
Q_ind_170_anc_8-5,0.000165,0.000000,0.000000,0.002312
Q_ind_171_anc_8-5,0.000306,0.000000,0.000000,0.003230
Q_ind_172_anc_8-5,0.000232,0.000000,0.000000,0.002590
Q_ind_173_anc_8-5,0.003778,0.000000,0.000000,0.047489
Q_ind_174_anc_8-5,0.000125,0.000000,0.000000,0.001304
Q_ind_175_anc_8-5,0.003309,0.000000,0.000000,0.037503
Q_ind_176_anc_8-5,0.000135,0.000000,0.000000,0.001390
Q_ind_177_anc_8-5,0.000134,0.000000,0.000000,0.001136
Q_ind_178_anc_8-5,0.000204,0.000000,0.000000,0.002182
Q_ind_179_anc_8-5,0.000567,0.000000,0.000000,0.007710
Q_ind_180_anc_8-5,0.000141,0.000000,0.000000,0.001658
Q_ind_181_anc_8-5,0.001180,0.000000,0.000000,0.018718
Q_ind_182_anc_8-5,0.000257,0.000000,0.000000,0.002597
Q_ind_183_anc_8-5,0.000166,0.000000,0.000000,0.001854
Q_ind_184_anc_8-5,0.000526,0.000000,0.000000,0.006554
Q_ind_185_anc_8-5,0.000267,0.000000,0.000000,0.002995
Q_ind_186_anc_8-5,0.000524,0.000000,0.000000,0.007559
Q_ind_187_anc_8-5,0.000295,0.000000,0.000000,0.003168
Q_ind_188_anc_8-5,0.000170,0.000000,0.000000,0.001551
Q_ind_189_anc_8-5,0.000228,0.000000,0.000000,0.002637
Q_ind_190_anc_8-5,0.000749,0.000000,0.000000,0.010873
Q_ind_191_anc_8-5,0.000126,0.000000,0.000000,0.001371
Q_ind_192_anc_8-5,0.000941,0.000000,0.000000,0.012986
Q_ind_193_anc_8-5,0.000356,0.000000,0.000000,0.003980
Q_ind_194_anc_8-5,0.000091,0.000000,0.000000,0.000957
Q_ind_195_anc_8-5,0.000154,0.000000,0.000000,0.001399
Q_ind_196_anc_8-5,0.000067,0.000000,0.000000,0.000632
Q_ind_197_anc_8-5,0.000052,0.000000,0.000000,0.000547
Q_ind_198_anc_8-5,0.000076,0.000000,0.000000,0.000877
Q_ind_199_anc_8-5,0.000130,0.000000,0.000000,0.001291
Q_ind_200_anc_8-5,0.000085,0.000000,0.000000,0.000838
Q_ind_201_anc_8-5,0.021780,0.000000,0.000000,0.107390
Q_ind_202_anc_8-5,0.000202,0.000000,0.000000,0.001604
Q_ind_203_anc_8-5,0.000171,0.000000,0.000000,0.001329
Q_ind_204_anc_8-5,0.000446,0.000000,0.000000,0.005511
Q_ind_205_anc_8-5,0.000538,0.000000,0.000000,0.007675
Q_ind_206_anc_8-5,0.000189,0.000000,0.000000,0.001612
Q_ind_207_anc_8-5,0.000278,0.000000,0.000000,0.002490
Q_ind_208_anc_8-5,0.006789,0.000000,0.000000,0.057370
Q_ind_209_anc_8-5,0.000109,0.000000,0.000000,0.001029
Q_ind_210_anc_8-5,0.000329,0.000000,0.000000,0.003454
Q_ind_211_anc_8-5,0.000137,0.000000,0.000000,0.001305
Q_ind_212_anc_8-5,0.006347,0.000000,0.000000,0.079758
Q_ind_213_anc_8-5,0.001336,0.000000,0.000000,0.018953
Q_ind_214_anc_8-5,0.000473,0.000000,0.000000,0.005453
Q_ind_215_anc_8-5,0.000264,0.000000,0.000000,0.002759
Q_ind_216_anc_8-5,0.000404,0.000000,0.000000,0.004267
Q_ind_217_anc_8-5,0.000202,0.000000,0.000000,0.001880
Q_ind_218_anc_8-5,0.000139,0.000000,0.000000,0.001419
Q_ind_219_anc_8-5,0.001131,0.000000,0.000000,0.016998
Q_ind_220_anc_8-5,0.002983,0.000000,0.000000,0.035927
Q_ind_221_anc_8-5,0.000322,0.000000,0.000000,0.003467
Q_ind_222_anc_8-5,0.003529,0.000000,0.000000,0.043658
Q_ind_223_anc_8-5,0.010765,0.000000,0.000000,0.064965
Q_ind_224_anc_8-5,0.004457,0.000000,0.000000,0.057001
Q_ind_225_anc_8-5,0.002536,0.000000,0.000000,0.035497
Q_ind_226_anc_8-5,0.003233,0.000000,0.000000,0.047996
Q_ind_227_anc_8-5,0.000633,0.000000,0.000000,0.007702
Q_ind_228_anc_8-5,0.001221,0.000000,0.000000,0.018658
Q_ind_229_anc_8-5,0.000124,0.000000,0.000000,0.001461
Q_ind_230_anc_8-5,0.031183,0.030947,0.000000,0.088910
Q_ind_231_anc_8-5,0.017337,0.000000,0.000000,0.090938
Q_ind_232_anc_8-5,0.002963,0.000000,0.000000,0.042983
Q_ind_233_anc_8-5,0.005452,0.000000,0.000000,0.052822
Q_ind_234_anc_8-5,0.000303,0.000000,0.000000,0.002358
Q_ind_235_anc_8-5,0.000156,0.000000,0.000000,0.001559
Q_ind_236_anc_8-5,0.000167,0.000000,0.000000,0.001887
Q_ind_237_anc_8-5,0.000391,0.000000,0.000000,0.005164
Q_ind_238_anc_8-5,0.000369,0.000000,0.000000,0.004945
Q_ind_239_anc_8-5,0.000855,0.000000,0.000000,0.010216
Q_ind_240_anc_8-5,0.000251,0.000000,0.000000,0.002399
Q_ind_241_anc_8-5,0.000235,0.000000,0.000000,0.002418
Q_ind_242_anc_8-5,0.000763,0.000000,0.000000,0.010534
Q_ind_243_anc_8-5,0.000928,0.000000,0.000000,0.011668
Q_ind_244_anc_8-5,0.000375,0.000000,0.000000,0.005024
Q_ind_245_anc_8-5,0.001493,0.000000,0.000000,0.022534
Q_ind_1_anc_8-6,0.035307,0.007019,0.000000,0.124040
Q_ind_2_anc_8-6,0.014118,0.000000,0.000000,0.101995
Q_ind_3_anc_8-6,0.020241,0.000000,0.000000,0.210731
Q_ind_4_anc_8-6,0.123722,0.123325,0.000000,0.247350
Q_ind_5_anc_8-6,0.000424,0.000000,0.000000,0.004013
Q_ind_6_anc_8-6,0.114452,0.126739,0.000000,0.204680
Q_ind_7_anc_8-6,0.099586,0.112995,0.000000,0.194477
Q_ind_8_anc_8-6,0.028467,0.000000,0.000000,0.181389
Q_ind_9_anc_8-6,0.006355,0.000000,0.000000,0.079986
Q_ind_10_anc_8-6,0.004860,0.000000,0.000000,0.074917
Q_ind_11_anc_8-6,0.036455,0.000000,0.000000,0.195981
Q_ind_12_anc_8-6,0.097130,0.109813,0.000000,0.179671
Q_ind_13_anc_8-6,0.000646,0.000000,0.000000,0.008472
Q_ind_14_anc_8-6,0.000398,0.000000,0.000000,0.005959
Q_ind_15_anc_8-6,0.000453,0.000000,0.000000,0.006181
Q_ind_16_anc_8-6,0.000306,0.000000,0.000000,0.003077
Q_ind_17_anc_8-6,0.000644,0.000000,0.000000,0.008710
Q_ind_18_anc_8-6,0.000473,0.000000,0.000000,0.005065
Q_ind_19_anc_8-6,0.000162,0.000000,0.000000,0.001876
Q_ind_20_anc_8-6,0.000342,0.000000,0.000000,0.002693
Q_ind_21_anc_8-6,0.000416,0.000000,0.000000,0.004405
Q_ind_22_anc_8-6,0.001316,0.000000,0.000000,0.020798
Q_ind_23_anc_8-6,0.000331,0.000000,0.000000,0.003746
Q_ind_24_anc_8-6,0.003045,0.000000,0.000000,0.039791
Q_ind_25_anc_8-6,0.000202,0.000000,0.000000,0.002306
Q_ind_26_anc_8-6,0.001702,0.000000,0.000000,0.022853
Q_ind_27_anc_8-6,0.000167,0.000000,0.000000,0.001799
Q_ind_28_anc_8-6,0.007127,0.000000,0.000000,0.050140
Q_ind_29_anc_8-6,0.000425,0.000000,0.000000,0.004590
Q_ind_30_anc_8-6,0.000863,0.000000,0.000000,0.009779
Q_ind_31_anc_8-6,0.000233,0.000000,0.000000,0.002469
Q_ind_32_anc_8-6,0.000542,0.000000,0.000000,0.007826
Q_ind_33_anc_8-6,0.000527,0.000000,0.000000,0.006138
Q_ind_34_anc_8-6,0.000674,0.000000,0.000000,0.009172
Q_ind_35_anc_8-6,0.000314,0.000000,0.000000,0.003218
Q_ind_36_anc_8-6,0.000136,0.000000,0.000000,0.001354
Q_ind_37_anc_8-6,0.000289,0.000000,0.000000,0.003531
Q_ind_38_anc_8-6,0.000203,0.000000,0.000000,0.002350
Q_ind_39_anc_8-6,0.000290,0.000000,0.000000,0.003529
Q_ind_40_anc_8-6,0.001167,0.000000,0.000000,0.014992
Q_ind_41_anc_8-6,0.002066,0.000000,0.000000,0.029981
Q_ind_42_anc_8-6,0.000228,0.000000,0.000000,0.002961
Q_ind_43_anc_8-6,0.000206,0.000000,0.000000,0.002258
Q_ind_44_anc_8-6,0.000156,0.000000,0.000000,0.001697
Q_ind_45_anc_8-6,0.000185,0.000000,0.000000,0.001937
Q_ind_46_anc_8-6,0.000065,0.000000,0.000000,0.000617
Q_ind_47_anc_8-6,0.000207,0.000000,0.000000,0.002769
Q_ind_48_anc_8-6,0.000094,0.000000,0.000000,0.000775
Q_ind_49_anc_8-6,0.000086,0.000000,0.000000,0.000962
Q_ind_50_anc_8-6,0.000086,0.000000,0.000000,0.001052
Q_ind_51_anc_8-6,0.000067,0.000000,0.000000,0.000614
Q_ind_52_anc_8-6,0.000103,0.000000,0.000000,0.001191
Q_ind_53_anc_8-6,0.000075,0.000000,0.000000,0.000551
Q_ind_54_anc_8-6,0.000272,0.000000,0.000000,0.003530
Q_ind_55_anc_8-6,0.000113,0.000000,0.000000,0.001169
Q_ind_56_anc_8-6,0.000138,0.000000,0.000000,0.001612
Q_ind_57_anc_8-6,0.000102,0.000000,0.000000,0.001051
Q_ind_58_anc_8-6,0.000078,0.000000,0.000000,0.000794
Q_ind_59_anc_8-6,0.000297,0.000000,0.000000,0.004196
Q_ind_60_anc_8-6,0.000124,0.000000,0.000000,0.001021
Q_ind_61_anc_8-6,0.000261,0.000000,0.000000,0.002386
Q_ind_62_anc_8-6,0.000296,0.000000,0.000000,0.002957
Q_ind_63_anc_8-6,0.000230,0.000000,0.000000,0.002406
Q_ind_64_anc_8-6,0.000288,0.000000,0.000000,0.003490
Q_ind_65_anc_8-6,0.000892,0.000000,0.000000,0.014332
Q_ind_66_anc_8-6,0.000110,0.000000,0.000000,0.001211
Q_ind_67_anc_8-6,0.020229,0.000000,0.000000,0.111027
Q_ind_68_anc_8-6,0.000336,0.000000,0.000000,0.004908
Q_ind_69_anc_8-6,0.001078,0.000000,0.000000,0.015409
Q_ind_70_anc_8-6,0.000728,0.000000,0.000000,0.008291
Q_ind_71_anc_8-6,0.000393,0.000000,0.000000,0.004693
Q_ind_72_anc_8-6,0.000094,0.000000,0.000000,0.000812
Q_ind_73_anc_8-6,0.002087,0.000000,0.000000,0.029799
Q_ind_74_anc_8-6,0.000852,0.000000,0.000000,0.011226
Q_ind_75_anc_8-6,0.000282,0.000000,0.000000,0.003606
Q_ind_76_anc_8-6,0.000199,0.000000,0.000000,0.002142
Q_ind_77_anc_8-6,0.000146,0.000000,0.000000,0.001097
Q_ind_78_anc_8-6,0.001032,0.000000,0.000000,0.014243
Q_ind_79_anc_8-6,0.000590,0.000000,0.000000,0.008368
Q_ind_80_anc_8-6,0.011415,0.000000,0.000000,0.076231
Q_ind_81_anc_8-6,0.000220,0.000000,0.000000,0.002032
Q_ind_82_anc_8-6,0.000311,0.000000,0.000000,0.004196
Q_ind_83_anc_8-6,0.000447,0.000000,0.000000,0.005403
Q_ind_84_anc_8-6,0.000385,0.000000,0.000000,0.003779
Q_ind_85_anc_8-6,0.001219,0.000000,0.000000,0.018743
Q_ind_86_anc_8-6,0.000581,0.000000,0.000000,0.007779
Q_ind_87_anc_8-6,0.002248,0.000000,0.000000,0.035114
Q_ind_88_anc_8-6,0.000471,0.000000,0.000000,0.006373
Q_ind_89_anc_8-6,0.000540,0.000000,0.000000,0.007539
Q_ind_90_anc_8-6,0.000447,0.000000,0.000000,0.004816
Q_ind_91_anc_8-6,0.000161,0.000000,0.000000,0.001699
Q_ind_92_anc_8-6,0.000203,0.000000,0.000000,0.001970
Q_ind_93_anc_8-6,0.000573,0.000000,0.000000,0.007208
Q_ind_94_anc_8-6,0.000183,0.000000,0.000000,0.002066
Q_ind_95_anc_8-6,0.002220,0.000000,0.000000,0.036060
Q_ind_96_anc_8-6,0.000140,0.000000,0.000000,0.001619
Q_ind_97_anc_8-6,0.000329,0.000000,0.000000,0.004382
Q_ind_98_anc_8-6,0.000070,0.000000,0.000000,0.000600
Q_ind_99_anc_8-6,0.000128,0.000000,0.000000,0.001209
Q_ind_100_anc_8-6,0.000115,0.000000,0.000000,0.000718
Q_ind_101_anc_8-6,0.000073,0.000000,0.000000,0.000797
Q_ind_102_anc_8-6,0.000040,0.000000,0.000000,0.000324
Q_ind_103_anc_8-6,0.000111,0.000000,0.000000,0.001254
Q_ind_104_anc_8-6,0.000131,0.000000,0.000000,0.001494
Q_ind_105_anc_8-6,0.000066,0.000000,0.000000,0.000529
Q_ind_106_anc_8-6,0.000183,0.000000,0.000000,0.002348
Q_ind_107_anc_8-6,0.005149,0.000000,0.000000,0.064108
Q_ind_108_anc_8-6,0.000776,0.000000,0.000000,0.009610
Q_ind_109_anc_8-6,0.000745,0.000000,0.000000,0.011864
Q_ind_110_anc_8-6,0.000655,0.000000,0.000000,0.009406
Q_ind_111_anc_8-6,0.000695,0.000000,0.000000,0.005981
Q_ind_112_anc_8-6,0.000898,0.000000,0.000000,0.011359
Q_ind_113_anc_8-6,0.063670,0.071746,0.000000,0.166590
Q_ind_114_anc_8-6,0.007611,0.000000,0.000000,0.106553
Q_ind_115_anc_8-6,0.000109,0.000000,0.000000,0.000910
Q_ind_116_anc_8-6,0.000125,0.000000,0.000000,0.001459
Q_ind_117_anc_8-6,0.000283,0.000000,0.000000,0.003796
Q_ind_118_anc_8-6,0.000133,0.000000,0.000000,0.001488
Q_ind_119_anc_8-6,0.000245,0.000000,0.000000,0.002736
Q_ind_120_anc_8-6,0.000067,0.000000,0.000000,0.000721
Q_ind_121_anc_8-6,0.000570,0.000000,0.000000,0.007730
Q_ind_122_anc_8-6,0.000131,0.000000,0.000000,0.001260
Q_ind_123_anc_8-6,0.000091,0.000000,0.000000,0.000998
Q_ind_124_anc_8-6,0.000125,0.000000,0.000000,0.000782
Q_ind_125_anc_8-6,0.001519,0.000000,0.000000,0.020177
Q_ind_126_anc_8-6,0.000406,0.000000,0.000000,0.003165
Q_ind_127_anc_8-6,0.000208,0.000000,0.000000,0.002109
Q_ind_128_anc_8-6,0.000195,0.000000,0.000000,0.002101
Q_ind_129_anc_8-6,0.001024,0.000000,0.000000,0.012782
Q_ind_130_anc_8-6,0.000258,0.000000,0.000000,0.003315
Q_ind_131_anc_8-6,0.000176,0.000000,0.000000,0.001981
Q_ind_132_anc_8-6,0.000194,0.000000,0.000000,0.001596
Q_ind_133_anc_8-6,0.000484,0.000000,0.000000,0.006320
Q_ind_134_anc_8-6,0.000515,0.000000,0.000000,0.007402
Q_ind_135_anc_8-6,0.000489,0.000000,0.000000,0.006200
Q_ind_136_anc_8-6,0.000951,0.000000,0.000000,0.013697
Q_ind_137_anc_8-6,0.000380,0.000000,0.000000,0.004514
Q_ind_138_anc_8-6,0.000235,0.000000,0.000000,0.002439
Q_ind_139_anc_8-6,0.000493,0.000000,0.000000,0.005335
Q_ind_140_anc_8-6,0.001053,0.000000,0.000000,0.015490
Q_ind_141_anc_8-6,0.008017,0.000000,0.000000,0.079253
Q_ind_142_anc_8-6,0.000091,0.000000,0.000000,0.000953
Q_ind_143_anc_8-6,0.000808,0.000000,0.000000,0.009170
Q_ind_144_anc_8-6,0.001673,0.000000,0.000000,0.026383
Q_ind_145_anc_8-6,0.000292,0.000000,0.000000,0.002867
Q_ind_146_anc_8-6,0.001116,0.000000,0.000000,0.016454
Q_ind_147_anc_8-6,0.000978,0.000000,0.000000,0.014665
Q_ind_148_anc_8-6,0.001005,0.000000,0.000000,0.015279
Q_ind_149_anc_8-6,0.000167,0.000000,0.000000,0.001932
Q_ind_150_anc_8-6,0.000554,0.000000,0.000000,0.006773
Q_ind_151_anc_8-6,0.000536,0.000000,0.000000,0.006650
Q_ind_152_anc_8-6,0.000198,0.000000,0.000000,0.001878
Q_ind_153_anc_8-6,0.000390,0.000000,0.000000,0.005420
Q_ind_154_anc_8-6,0.000194,0.000000,0.000000,0.002262
Q_ind_155_anc_8-6,0.000183,0.000000,0.000000,0.001810
Q_ind_156_anc_8-6,0.002228,0.000000,0.000000,0.030444
Q_ind_157_anc_8-6,0.001802,0.000000,0.000000,0.026591
Q_ind_158_anc_8-6,0.012779,0.000000,0.000000,0.102452
Q_ind_159_anc_8-6,0.043967,0.018437,0.000000,0.142439
Q_ind_160_anc_8-6,0.025692,0.000000,0.000000,0.140512
Q_ind_161_anc_8-6,0.000461,0.000000,0.000000,0.006240
Q_ind_162_anc_8-6,0.000440,0.000000,0.000000,0.005842
Q_ind_163_anc_8-6,0.006083,0.000000,0.000000,0.066007
Q_ind_164_anc_8-6,0.014920,0.000000,0.000000,0.090554
Q_ind_165_anc_8-6,0.003148,0.000000,0.000000,0.046682
Q_ind_166_anc_8-6,0.015249,0.000000,0.000000,0.123343
Q_ind_167_anc_8-6,0.003802,0.000000,0.000000,0.044337
Q_ind_168_anc_8-6,0.000188,0.000000,0.000000,0.001831
Q_ind_169_anc_8-6,0.000152,0.000000,0.000000,0.001498
Q_ind_170_anc_8-6,0.000500,0.000000,0.000000,0.005882
Q_ind_171_anc_8-6,0.000701,0.000000,0.000000,0.010163
Q_ind_172_anc_8-6,0.000243,0.000000,0.000000,0.002484
Q_ind_173_anc_8-6,0.000335,0.000000,0.000000,0.003240
Q_ind_174_anc_8-6,0.000117,0.000000,0.000000,0.000962
Q_ind_175_anc_8-6,0.000501,0.000000,0.000000,0.006047
Q_ind_176_anc_8-6,0.000256,0.000000,0.000000,0.003504
Q_ind_177_anc_8-6,0.001046,0.000000,0.000000,0.014978
Q_ind_178_anc_8-6,0.000458,0.000000,0.000000,0.006410
Q_ind_179_anc_8-6,0.003022,0.000000,0.000000,0.039520
Q_ind_180_anc_8-6,0.000727,0.000000,0.000000,0.006752
Q_ind_181_anc_8-6,0.000208,0.000000,0.000000,0.002285
Q_ind_182_anc_8-6,0.000167,0.000000,0.000000,0.001259
Q_ind_183_anc_8-6,0.000715,0.000000,0.000000,0.008058
Q_ind_184_anc_8-6,0.002418,0.000000,0.000000,0.032217
Q_ind_185_anc_8-6,0.000234,0.000000,0.000000,0.002556
Q_ind_186_anc_8-6,0.000536,0.000000,0.000000,0.006739
Q_ind_187_anc_8-6,0.000718,0.000000,0.000000,0.008927
Q_ind_188_anc_8-6,0.003245,0.000000,0.000000,0.032845
Q_ind_189_anc_8-6,0.003784,0.000000,0.000000,0.041231
Q_ind_190_anc_8-6,0.001573,0.000000,0.000000,0.021951
Q_ind_191_anc_8-6,0.000657,0.000000,0.000000,0.009123
Q_ind_192_anc_8-6,0.323284,0.323511,0.216881,0.433493
Q_ind_193_anc_8-6,0.338469,0.338693,0.247787,0.432162
Q_ind_194_anc_8-6,0.002577,0.000000,0.000000,0.037147
Q_ind_195_anc_8-6,0.335196,0.333748,0.234455,0.441433
Q_ind_196_anc_8-6,0.000099,0.000000,0.000000,0.001129
Q_ind_197_anc_8-6,0.000309,0.000000,0.000000,0.003195
Q_ind_198_anc_8-6,0.002762,0.000000,0.000000,0.046589
Q_ind_199_anc_8-6,0.352641,0.351168,0.249385,0.463351
Q_ind_200_anc_8-6,0.000776,0.000000,0.000000,0.009703
Q_ind_201_anc_8-6,0.000304,0.000000,0.000000,0.002981
Q_ind_202_anc_8-6,0.270811,0.273211,0.089775,0.443991
Q_ind_203_anc_8-6,0.000782,0.000000,0.000000,0.007080
Q_ind_204_anc_8-6,0.000083,0.000000,0.000000,0.000966
Q_ind_205_anc_8-6,0.005234,0.000000,0.000000,0.060630
Q_ind_206_anc_8-6,0.000843,0.000000,0.000000,0.012373
Q_ind_207_anc_8-6,0.012280,0.000000,0.000000,0.134805
Q_ind_208_anc_8-6,0.001127,0.000000,0.000000,0.014384
Q_ind_209_anc_8-6,0.003222,0.000000,0.000000,0.055384
Q_ind_210_anc_8-6,0.013645,0.000000,0.000000,0.106449
Q_ind_211_anc_8-6,0.005663,0.000000,0.000000,0.078760
Q_ind_212_anc_8-6,0.000113,0.000000,0.000000,0.001190
Q_ind_213_anc_8-6,0.000873,0.000000,0.000000,0.013056
Q_ind_214_anc_8-6,0.000468,0.000000,0.000000,0.004186
Q_ind_215_anc_8-6,0.000401,0.000000,0.000000,0.004366
Q_ind_216_anc_8-6,0.000415,0.000000,0.000000,0.004728
Q_ind_217_anc_8-6,0.000333,0.000000,0.000000,0.004491
Q_ind_218_anc_8-6,0.000106,0.000000,0.000000,0.001121
Q_ind_219_anc_8-6,0.000203,0.000000,0.000000,0.001906
Q_ind_220_anc_8-6,0.000270,0.000000,0.000000,0.002509
Q_ind_221_anc_8-6,0.000205,0.000000,0.000000,0.002138
Q_ind_222_anc_8-6,0.000286,0.000000,0.000000,0.003675
Q_ind_223_anc_8-6,0.000135,0.000000,0.000000,0.000963
Q_ind_224_anc_8-6,0.000217,0.000000,0.000000,0.002626
Q_ind_225_anc_8-6,0.003273,0.000000,0.000000,0.040106
Q_ind_226_anc_8-6,0.002241,0.000000,0.000000,0.031634
Q_ind_227_anc_8-6,0.001182,0.000000,0.000000,0.016777
Q_ind_228_anc_8-6,0.001079,0.000000,0.000000,0.015416
Q_ind_229_anc_8-6,0.000483,0.000000,0.000000,0.004247
Q_ind_230_anc_8-6,0.005122,0.000000,0.000000,0.061702
Q_ind_231_anc_8-6,0.000203,0.000000,0.000000,0.001850
Q_ind_232_anc_8-6,0.000097,0.000000,0.000000,0.001013
Q_ind_233_anc_8-6,0.001543,0.000000,0.000000,0.024821
Q_ind_234_anc_8-6,0.000069,0.000000,0.000000,0.000606
Q_ind_235_anc_8-6,0.000197,0.000000,0.000000,0.002478
Q_ind_236_anc_8-6,0.000223,0.000000,0.000000,0.002204
Q_ind_237_anc_8-6,0.000163,0.000000,0.000000,0.001975
Q_ind_238_anc_8-6,0.000106,0.000000,0.000000,0.001139
Q_ind_239_anc_8-6,0.000223,0.000000,0.000000,0.002615
Q_ind_240_anc_8-6,0.000192,0.000000,0.000000,0.002209
Q_ind_241_anc_8-6,0.000154,0.000000,0.000000,0.001596
Q_ind_242_anc_8-6,0.000585,0.000000,0.000000,0.007631
Q_ind_243_anc_8-6,0.000233,0.000000,0.000000,0.002717
Q_ind_244_anc_8-6,0.000564,0.000000,0.000000,0.007499
Q_ind_245_anc_8-6,0.000272,0.000000,0.000000,0.003097
Q_ind_1_anc_8-7,0.001906,0.000000,0.000000,0.028410
Q_ind_2_anc_8-7,0.034056,0.000001,0.000000,0.141621
Q_ind_3_anc_8-7,0.001230,0.000000,0.000000,0.013431
Q_ind_4_anc_8-7,0.000992,0.000000,0.000000,0.012507
Q_ind_5_anc_8-7,0.012545,0.000000,0.000000,0.089339
Q_ind_6_anc_8-7,0.004754,0.000000,0.000000,0.066747
Q_ind_7_anc_8-7,0.002302,0.000000,0.000000,0.031223
Q_ind_8_anc_8-7,0.001858,0.000000,0.000000,0.026630
Q_ind_9_anc_8-7,0.007117,0.000000,0.000000,0.082391
Q_ind_10_anc_8-7,0.022525,0.000000,0.000000,0.135991
Q_ind_11_anc_8-7,0.070019,0.000005,0.000000,0.218055
Q_ind_12_anc_8-7,0.005833,0.000000,0.000000,0.068804
Q_ind_13_anc_8-7,0.000258,0.000000,0.000000,0.002564
Q_ind_14_anc_8-7,0.000565,0.000000,0.000000,0.005203
Q_ind_15_anc_8-7,0.000853,0.000000,0.000000,0.012280
Q_ind_16_anc_8-7,0.000182,0.000000,0.000000,0.002102
Q_ind_17_anc_8-7,0.000240,0.000000,0.000000,0.002689
Q_ind_18_anc_8-7,0.000385,0.000000,0.000000,0.004690
Q_ind_19_anc_8-7,0.000129,0.000000,0.000000,0.001320
Q_ind_20_anc_8-7,0.000637,0.000000,0.000000,0.004562
Q_ind_21_anc_8-7,0.000278,0.000000,0.000000,0.003165
Q_ind_22_anc_8-7,0.002194,0.000000,0.000000,0.033163
Q_ind_23_anc_8-7,0.001466,0.000000,0.000000,0.023025
Q_ind_24_anc_8-7,0.000856,0.000000,0.000000,0.009487
Q_ind_25_anc_8-7,0.000142,0.000000,0.000000,0.001671
Q_ind_26_anc_8-7,0.001644,0.000000,0.000000,0.025988
Q_ind_27_anc_8-7,0.000217,0.000000,0.000000,0.002448
Q_ind_28_anc_8-7,0.003824,0.000000,0.000000,0.047839
Q_ind_29_anc_8-7,0.000357,0.000000,0.000000,0.004133
Q_ind_30_anc_8-7,0.000776,0.000000,0.000000,0.010774
Q_ind_31_anc_8-7,0.000270,0.000000,0.000000,0.003876
Q_ind_32_anc_8-7,0.000535,0.000000,0.000000,0.004626
Q_ind_33_anc_8-7,0.001081,0.000000,0.000000,0.016964
Q_ind_34_anc_8-7,0.000112,0.000000,0.000000,0.001181
Q_ind_35_anc_8-7,0.000586,0.000000,0.000000,0.006548
Q_ind_36_anc_8-7,0.000126,0.000000,0.000000,0.001420
Q_ind_37_anc_8-7,0.001721,0.000000,0.000000,0.021102
Q_ind_38_anc_8-7,0.000209,0.000000,0.000000,0.002518
Q_ind_39_anc_8-7,0.000208,0.000000,0.000000,0.001622
Q_ind_40_anc_8-7,0.008792,0.000000,0.000000,0.094792
Q_ind_41_anc_8-7,0.000310,0.000000,0.000000,0.003250
Q_ind_42_anc_8-7,0.000155,0.000000,0.000000,0.001868
Q_ind_43_anc_8-7,0.000259,0.000000,0.000000,0.002884
Q_ind_44_anc_8-7,0.000278,0.000000,0.000000,0.003137
Q_ind_45_anc_8-7,0.000186,0.000000,0.000000,0.001691
Q_ind_46_anc_8-7,0.000059,0.000000,0.000000,0.000576
Q_ind_47_anc_8-7,0.000312,0.000000,0.000000,0.002806
Q_ind_48_anc_8-7,0.000191,0.000000,0.000000,0.002385
Q_ind_49_anc_8-7,0.000078,0.000000,0.000000,0.000797
Q_ind_50_anc_8-7,0.000151,0.000000,0.000000,0.001586
Q_ind_51_anc_8-7,0.000091,0.000000,0.000000,0.000891
Q_ind_52_anc_8-7,0.000204,0.000000,0.000000,0.002188
Q_ind_53_anc_8-7,0.000102,0.000000,0.000000,0.000916
Q_ind_54_anc_8-7,0.000434,0.000000,0.000000,0.006091
Q_ind_55_anc_8-7,0.000142,0.000000,0.000000,0.001545
Q_ind_56_anc_8-7,0.000128,0.000000,0.000000,0.001141
Q_ind_57_anc_8-7,0.000125,0.000000,0.000000,0.001099
Q_ind_58_anc_8-7,0.000231,0.000000,0.000000,0.002524
Q_ind_59_anc_8-7,0.000147,0.000000,0.000000,0.001517
Q_ind_60_anc_8-7,0.000368,0.000000,0.000000,0.004372
Q_ind_61_anc_8-7,0.000270,0.000000,0.000000,0.002747
Q_ind_62_anc_8-7,0.000469,0.000000,0.000000,0.006148
Q_ind_63_anc_8-7,0.000388,0.000000,0.000000,0.004563
Q_ind_64_anc_8-7,0.000088,0.000000,0.000000,0.000881
Q_ind_65_anc_8-7,0.000182,0.000000,0.000000,0.002547
Q_ind_66_anc_8-7,0.000079,0.000000,0.000000,0.000744
Q_ind_67_anc_8-7,0.000260,0.000000,0.000000,0.003292
Q_ind_68_anc_8-7,0.000364,0.000000,0.000000,0.003469
Q_ind_69_anc_8-7,0.005127,0.000000,0.000000,0.060188
Q_ind_70_anc_8-7,0.000275,0.000000,0.000000,0.002860
Q_ind_71_anc_8-7,0.000496,0.000000,0.000000,0.007182
Q_ind_72_anc_8-7,0.000315,0.000000,0.000000,0.004061
Q_ind_73_anc_8-7,0.002366,0.000000,0.000000,0.028747
Q_ind_74_anc_8-7,0.000309,0.000000,0.000000,0.003575
Q_ind_75_anc_8-7,0.000846,0.000000,0.000000,0.011924
Q_ind_76_anc_8-7,0.000529,0.000000,0.000000,0.006646
Q_ind_77_anc_8-7,0.000484,0.000000,0.000000,0.006060
Q_ind_78_anc_8-7,0.000335,0.000000,0.000000,0.003868
Q_ind_79_anc_8-7,0.003487,0.000000,0.000000,0.047064
Q_ind_80_anc_8-7,0.010694,0.000000,0.000000,0.073185
Q_ind_81_anc_8-7,0.000258,0.000000,0.000000,0.002196
Q_ind_82_anc_8-7,0.000546,0.000000,0.000000,0.006736
Q_ind_83_anc_8-7,0.000399,0.000000,0.000000,0.005236
Q_ind_84_anc_8-7,0.000451,0.000000,0.000000,0.005716
Q_ind_85_anc_8-7,0.000305,0.000000,0.000000,0.004013
Q_ind_86_anc_8-7,0.000331,0.000000,0.000000,0.003548
Q_ind_87_anc_8-7,0.003430,0.000000,0.000000,0.049981
Q_ind_88_anc_8-7,0.001372,0.000000,0.000000,0.018960
Q_ind_89_anc_8-7,0.000773,0.000000,0.000000,0.009916
Q_ind_90_anc_8-7,0.000468,0.000000,0.000000,0.005130
Q_ind_91_anc_8-7,0.000371,0.000000,0.000000,0.004563
Q_ind_92_anc_8-7,0.000685,0.000000,0.000000,0.010009
Q_ind_93_anc_8-7,0.000536,0.000000,0.000000,0.007474
Q_ind_94_anc_8-7,0.000305,0.000000,0.000000,0.003275
Q_ind_95_anc_8-7,0.001916,0.000000,0.000000,0.029653
Q_ind_96_anc_8-7,0.000186,0.000000,0.000000,0.001919
Q_ind_97_anc_8-7,0.001258,0.000000,0.000000,0.018212
Q_ind_98_anc_8-7,0.000195,0.000000,0.000000,0.001584
Q_ind_99_anc_8-7,0.000197,0.000000,0.000000,0.002065
Q_ind_100_anc_8-7,0.000248,0.000000,0.000000,0.003026
Q_ind_101_anc_8-7,0.000097,0.000000,0.000000,0.001004
Q_ind_102_anc_8-7,0.000078,0.000000,0.000000,0.000780
Q_ind_103_anc_8-7,0.000147,0.000000,0.000000,0.001653
Q_ind_104_anc_8-7,0.000074,0.000000,0.000000,0.000820
Q_ind_105_anc_8-7,0.000259,0.000000,0.000000,0.003011
Q_ind_106_anc_8-7,0.000133,0.000000,0.000000,0.001365
Q_ind_107_anc_8-7,0.006572,0.000000,0.000000,0.072461
Q_ind_108_anc_8-7,0.049296,0.048392,0.000000,0.132297
Q_ind_109_anc_8-7,0.005582,0.000000,0.000000,0.087679
Q_ind_110_anc_8-7,0.001591,0.000000,0.000000,0.019764
Q_ind_111_anc_8-7,0.053015,0.000062,0.000000,0.182082
Q_ind_112_anc_8-7,0.002836,0.000000,0.000000,0.038236
Q_ind_113_anc_8-7,0.002811,0.000000,0.000000,0.048219
Q_ind_114_anc_8-7,0.005399,0.000000,0.000000,0.082930
Q_ind_115_anc_8-7,0.000280,0.000000,0.000000,0.002821
Q_ind_116_anc_8-7,0.000264,0.000000,0.000000,0.002532
Q_ind_117_anc_8-7,0.000161,0.000000,0.000000,0.001680
Q_ind_118_anc_8-7,0.000363,0.000000,0.000000,0.005348
Q_ind_119_anc_8-7,0.000413,0.000000,0.000000,0.005676
Q_ind_120_anc_8-7,0.000102,0.000000,0.000000,0.001033
Q_ind_121_anc_8-7,0.000129,0.000000,0.000000,0.001247
Q_ind_122_anc_8-7,0.000138,0.000000,0.000000,0.001518
Q_ind_123_anc_8-7,0.000203,0.000000,0.000000,0.002077
Q_ind_124_anc_8-7,0.000573,0.000000,0.000000,0.009178
Q_ind_125_anc_8-7,0.002520,0.000000,0.000000,0.039941
Q_ind_126_anc_8-7,0.000621,0.000000,0.000000,0.007634
Q_ind_127_anc_8-7,0.000092,0.000000,0.000000,0.000813
Q_ind_128_anc_8-7,0.000601,0.000000,0.000000,0.008610
Q_ind_129_anc_8-7,0.000276,0.000000,0.000000,0.001783
Q_ind_130_anc_8-7,0.000197,0.000000,0.000000,0.001506
Q_ind_131_anc_8-7,0.001185,0.000000,0.000000,0.013658
Q_ind_132_anc_8-7,0.000167,0.000000,0.000000,0.001954
Q_ind_133_anc_8-7,0.000425,0.000000,0.000000,0.005343
Q_ind_134_anc_8-7,0.000365,0.000000,0.000000,0.004917
Q_ind_135_anc_8-7,0.000926,0.000000,0.000000,0.015047
Q_ind_136_anc_8-7,0.001959,0.000000,0.000000,0.025594
Q_ind_137_anc_8-7,0.000578,0.000000,0.000000,0.006905
Q_ind_138_anc_8-7,0.000568,0.000000,0.000000,0.007530
Q_ind_139_anc_8-7,0.000654,0.000000,0.000000,0.009192
Q_ind_140_anc_8-7,0.001226,0.000000,0.000000,0.018222
Q_ind_141_anc_8-7,0.000957,0.000000,0.000000,0.012774
Q_ind_142_anc_8-7,0.000217,0.000000,0.000000,0.002464
Q_ind_143_anc_8-7,0.000225,0.000000,0.000000,0.001894
Q_ind_144_anc_8-7,0.000926,0.000000,0.000000,0.010027
Q_ind_145_anc_8-7,0.000200,0.000000,0.000000,0.002590
Q_ind_146_anc_8-7,0.000218,0.000000,0.000000,0.001347
Q_ind_147_anc_8-7,0.000448,0.000000,0.000000,0.005906
Q_ind_148_anc_8-7,0.000203,0.000000,0.000000,0.002551
Q_ind_149_anc_8-7,0.000392,0.000000,0.000000,0.005485
Q_ind_150_anc_8-7,0.000245,0.000000,0.000000,0.002960
Q_ind_151_anc_8-7,0.000965,0.000000,0.000000,0.015349
Q_ind_152_anc_8-7,0.000162,0.000000,0.000000,0.001584
Q_ind_153_anc_8-7,0.000194,0.000000,0.000000,0.002325
Q_ind_154_anc_8-7,0.000221,0.000000,0.000000,0.002499
Q_ind_155_anc_8-7,0.000164,0.000000,0.000000,0.001387
Q_ind_156_anc_8-7,0.008203,0.000000,0.000000,0.072996
Q_ind_157_anc_8-7,0.002202,0.000000,0.000000,0.033817
Q_ind_158_anc_8-7,0.007544,0.000000,0.000000,0.073760
Q_ind_159_anc_8-7,0.000303,0.000000,0.000000,0.002799
Q_ind_160_anc_8-7,0.005703,0.000000,0.000000,0.066576
Q_ind_161_anc_8-7,0.000422,0.000000,0.000000,0.003787
Q_ind_162_anc_8-7,0.000483,0.000000,0.000000,0.003312
Q_ind_163_anc_8-7,0.002481,0.000000,0.000000,0.038207
Q_ind_164_anc_8-7,0.005411,0.000000,0.000000,0.063141
Q_ind_165_anc_8-7,0.001801,0.000000,0.000000,0.028582
Q_ind_166_anc_8-7,0.088669,0.104912,0.000000,0.202719
Q_ind_167_anc_8-7,0.002449,0.000000,0.000000,0.028338
Q_ind_168_anc_8-7,0.000160,0.000000,0.000000,0.001454
Q_ind_169_anc_8-7,0.000140,0.000000,0.000000,0.001546
Q_ind_170_anc_8-7,0.000155,0.000000,0.000000,0.001866
Q_ind_171_anc_8-7,0.004316,0.000000,0.000000,0.072073
Q_ind_172_anc_8-7,0.000209,0.000000,0.000000,0.002353
Q_ind_173_anc_8-7,0.000805,0.000000,0.000000,0.011683
Q_ind_174_anc_8-7,0.000215,0.000000,0.000000,0.002087
Q_ind_175_anc_8-7,0.000246,0.000000,0.000000,0.002651
Q_ind_176_anc_8-7,0.000294,0.000000,0.000000,0.002955
Q_ind_177_anc_8-7,0.000784,0.000000,0.000000,0.012044
Q_ind_178_anc_8-7,0.000478,0.000000,0.000000,0.005523
Q_ind_179_anc_8-7,0.000627,0.000000,0.000000,0.007804
Q_ind_180_anc_8-7,0.000477,0.000000,0.000000,0.005999
Q_ind_181_anc_8-7,0.000400,0.000000,0.000000,0.004576
Q_ind_182_anc_8-7,0.000775,0.000000,0.000000,0.011385
Q_ind_183_anc_8-7,0.000580,0.000000,0.000000,0.008035
Q_ind_184_anc_8-7,0.000814,0.000000,0.000000,0.008732
Q_ind_185_anc_8-7,0.001457,0.000000,0.000000,0.017968
Q_ind_186_anc_8-7,0.000144,0.000000,0.000000,0.001510
Q_ind_187_anc_8-7,0.000633,0.000000,0.000000,0.008565
Q_ind_188_anc_8-7,0.001724,0.000000,0.000000,0.023118
Q_ind_189_anc_8-7,0.000844,0.000000,0.000000,0.008375
Q_ind_190_anc_8-7,0.013010,0.000000,0.000000,0.126303
Q_ind_191_anc_8-7,0.000199,0.000000,0.000000,0.001996
Q_ind_192_anc_8-7,0.179870,0.203472,0.000000,0.338285
Q_ind_193_anc_8-7,0.039733,0.000000,0.000000,0.176001
Q_ind_194_anc_8-7,0.001043,0.000000,0.000000,0.017064
Q_ind_195_anc_8-7,0.094521,0.106116,0.000000,0.238806
Q_ind_196_anc_8-7,0.000132,0.000000,0.000000,0.001164
Q_ind_197_anc_8-7,0.000130,0.000000,0.000000,0.001419
Q_ind_198_anc_8-7,0.000717,0.000000,0.000000,0.009767
Q_ind_199_anc_8-7,0.088992,0.096663,0.000000,0.233647
Q_ind_200_anc_8-7,0.000403,0.000000,0.000000,0.003918
Q_ind_201_anc_8-7,0.021427,0.000000,0.000000,0.155739
Q_ind_202_anc_8-7,0.063868,0.000016,0.000000,0.225830
Q_ind_203_anc_8-7,0.069576,0.076028,0.000000,0.168568
Q_ind_204_anc_8-7,0.000530,0.000000,0.000000,0.003904
Q_ind_205_anc_8-7,0.001336,0.000000,0.000000,0.017802
Q_ind_206_anc_8-7,0.000393,0.000000,0.000000,0.004292
Q_ind_207_anc_8-7,0.009765,0.000000,0.000000,0.094765
Q_ind_208_anc_8-7,0.001375,0.000000,0.000000,0.015551
Q_ind_209_anc_8-7,0.046366,0.038661,0.000000,0.134369
Q_ind_210_anc_8-7,0.019460,0.000000,0.000000,0.130751
Q_ind_211_anc_8-7,0.012769,0.000000,0.000000,0.107454
Q_ind_212_anc_8-7,0.000302,0.000000,0.000000,0.002915
Q_ind_213_anc_8-7,0.001996,0.000000,0.000000,0.025149
Q_ind_214_anc_8-7,0.000203,0.000000,0.000000,0.001980
Q_ind_215_anc_8-7,0.000380,0.000000,0.000000,0.003231
Q_ind_216_anc_8-7,0.000452,0.000000,0.000000,0.005233
Q_ind_217_anc_8-7,0.000175,0.000000,0.000000,0.001473
Q_ind_218_anc_8-7,0.000112,0.000000,0.000000,0.001059
Q_ind_219_anc_8-7,0.000153,0.000000,0.000000,0.001534
Q_ind_220_anc_8-7,0.000158,0.000000,0.000000,0.001476
Q_ind_221_anc_8-7,0.000309,0.000000,0.000000,0.002506
Q_ind_222_anc_8-7,0.001409,0.000000,0.000000,0.020843
Q_ind_223_anc_8-7,0.000148,0.000000,0.000000,0.001462
Q_ind_224_anc_8-7,0.000251,0.000000,0.000000,0.002632
Q_ind_225_anc_8-7,0.006388,0.000000,0.000000,0.074925
Q_ind_226_anc_8-7,0.001277,0.000000,0.000000,0.018043
Q_ind_227_anc_8-7,0.001449,0.000000,0.000000,0.020122
Q_ind_228_anc_8-7,0.001115,0.000000,0.000000,0.016003
Q_ind_229_anc_8-7,0.000370,0.000000,0.000000,0.004957
Q_ind_230_anc_8-7,0.007152,0.000000,0.000000,0.079383
Q_ind_231_anc_8-7,0.001601,0.000000,0.000000,0.024405
Q_ind_232_anc_8-7,0.000413,0.000000,0.000000,0.005686
Q_ind_233_anc_8-7,0.003645,0.000000,0.000000,0.062691
Q_ind_234_anc_8-7,0.000187,0.000000,0.000000,0.001862
Q_ind_235_anc_8-7,0.000232,0.000000,0.000000,0.001511
Q_ind_236_anc_8-7,0.000665,0.000000,0.000000,0.008579
Q_ind_237_anc_8-7,0.000283,0.000000,0.000000,0.003364
Q_ind_238_anc_8-7,0.000138,0.000000,0.000000,0.001321
Q_ind_239_anc_8-7,0.000171,0.000000,0.000000,0.001833
Q_ind_240_anc_8-7,0.000159,0.000000,0.000000,0.001905
Q_ind_241_anc_8-7,0.000210,0.000000,0.000000,0.002219
Q_ind_242_anc_8-7,0.001049,0.000000,0.000000,0.013583
Q_ind_243_anc_8-7,0.000120,0.000000,0.000000,0.001244
Q_ind_244_anc_8-7,0.000630,0.000000,0.000000,0.007882
Q_ind_245_anc_8-7,0.000200,0.000000,0.000000,0.001285
Q_ind_1_anc_8-8,0.000627,0.000000,0.000000,0.008511
Q_ind_2_anc_8-8,0.001093,0.000000,0.000000,0.016311
Q_ind_3_anc_8-8,0.097249,0.104881,0.000000,0.147099
Q_ind_4_anc_8-8,0.055297,0.058874,0.000000,0.119660
Q_ind_5_anc_8-8,0.000059,0.000000,0.000000,0.000632
Q_ind_6_anc_8-8,0.000891,0.000000,0.000000,0.013116
Q_ind_7_anc_8-8,0.003149,0.000000,0.000000,0.050972
Q_ind_8_anc_8-8,0.055895,0.059959,0.000000,0.100197
Q_ind_9_anc_8-8,0.012614,0.000000,0.000000,0.092065
Q_ind_10_anc_8-8,0.001814,0.000000,0.000000,0.023392
Q_ind_11_anc_8-8,0.040985,0.035172,0.000000,0.120843
Q_ind_12_anc_8-8,0.004731,0.000000,0.000000,0.054643
Q_ind_13_anc_8-8,0.000144,0.000000,0.000000,0.001472
Q_ind_14_anc_8-8,0.000292,0.000000,0.000000,0.003783
Q_ind_15_anc_8-8,0.000192,0.000000,0.000000,0.002220
Q_ind_16_anc_8-8,0.000426,0.000000,0.000000,0.005638
Q_ind_17_anc_8-8,0.000113,0.000000,0.000000,0.001181
Q_ind_18_anc_8-8,0.000093,0.000000,0.000000,0.000942
Q_ind_19_anc_8-8,0.000101,0.000000,0.000000,0.001155
Q_ind_20_anc_8-8,0.000052,0.000000,0.000000,0.000494
Q_ind_21_anc_8-8,0.000131,0.000000,0.000000,0.001474
Q_ind_22_anc_8-8,0.000302,0.000000,0.000000,0.004213
Q_ind_23_anc_8-8,0.000193,0.000000,0.000000,0.001814
Q_ind_24_anc_8-8,0.000089,0.000000,0.000000,0.000987
Q_ind_25_anc_8-8,0.000241,0.000000,0.000000,0.003048
Q_ind_26_anc_8-8,0.000572,0.000000,0.000000,0.008035
Q_ind_27_anc_8-8,0.000197,0.000000,0.000000,0.002216
Q_ind_28_anc_8-8,0.002016,0.000000,0.000000,0.024540
Q_ind_29_anc_8-8,0.001191,0.000000,0.000000,0.014088
Q_ind_30_anc_8-8,0.000655,0.000000,0.000000,0.009264
Q_ind_31_anc_8-8,0.000265,0.000000,0.000000,0.003685
Q_ind_32_anc_8-8,0.000100,0.000000,0.000000,0.001141
Q_ind_33_anc_8-8,0.000507,0.000000,0.000000,0.005573
Q_ind_34_anc_8-8,0.000187,0.000000,0.000000,0.001367
Q_ind_35_anc_8-8,0.000081,0.000000,0.000000,0.000987
Q_ind_36_anc_8-8,0.000110,0.000000,0.000000,0.001319
Q_ind_37_anc_8-8,0.000556,0.000000,0.000000,0.007435
Q_ind_38_anc_8-8,0.000134,0.000000,0.000000,0.001093
Q_ind_39_anc_8-8,0.000049,0.000000,0.000000,0.000525
Q_ind_40_anc_8-8,0.000414,0.000000,0.000000,0.004452
Q_ind_41_anc_8-8,0.000129,0.000000,0.000000,0.001139
Q_ind_42_anc_8-8,0.000076,0.000000,0.000000,0.000824
Q_ind_43_anc_8-8,0.000265,0.000000,0.000000,0.003137
Q_ind_44_anc_8-8,0.000129,0.000000,0.000000,0.001472
Q_ind_45_anc_8-8,0.000246,0.000000,0.000000,0.002751
Q_ind_46_anc_8-8,0.000133,0.000000,0.000000,0.001559
Q_ind_47_anc_8-8,0.000162,0.000000,0.000000,0.001813
Q_ind_48_anc_8-8,0.000083,0.000000,0.000000,0.000803
Q_ind_49_anc_8-8,0.000197,0.000000,0.000000,0.002675
Q_ind_50_anc_8-8,0.000116,0.000000,0.000000,0.001288
Q_ind_51_anc_8-8,0.000073,0.000000,0.000000,0.000828
Q_ind_52_anc_8-8,0.000067,0.000000,0.000000,0.000654
Q_ind_53_anc_8-8,0.000086,0.000000,0.000000,0.000799
Q_ind_54_anc_8-8,0.000192,0.000000,0.000000,0.002281
Q_ind_55_anc_8-8,0.000059,0.000000,0.000000,0.000604
Q_ind_56_anc_8-8,0.000177,0.000000,0.000000,0.002308
Q_ind_57_anc_8-8,0.000050,0.000000,0.000000,0.000494
Q_ind_58_anc_8-8,0.000085,0.000000,0.000000,0.000999
Q_ind_59_anc_8-8,0.000604,0.000000,0.000000,0.007690
Q_ind_60_anc_8-8,0.000075,0.000000,0.000000,0.000763
Q_ind_61_anc_8-8,0.000163,0.000000,0.000000,0.001917
Q_ind_62_anc_8-8,0.000286,0.000000,0.000000,0.004000
Q_ind_63_anc_8-8,0.002349,0.000000,0.000000,0.028146
Q_ind_64_anc_8-8,0.000989,0.000000,0.000000,0.011801
Q_ind_65_anc_8-8,0.000955,0.000000,0.000000,0.014087
Q_ind_66_anc_8-8,0.000072,0.000000,0.000000,0.000683
Q_ind_67_anc_8-8,0.020910,0.000000,0.000000,0.089952
Q_ind_68_anc_8-8,0.000199,0.000000,0.000000,0.002274
Q_ind_69_anc_8-8,0.000285,0.000000,0.000000,0.003367
Q_ind_70_anc_8-8,0.000085,0.000000,0.000000,0.000871
Q_ind_71_anc_8-8,0.000253,0.000000,0.000000,0.002789
Q_ind_72_anc_8-8,0.001272,0.000000,0.000000,0.017670
Q_ind_73_anc_8-8,0.003899,0.000000,0.000000,0.032240
Q_ind_74_anc_8-8,0.000188,0.000000,0.000000,0.002394
Q_ind_75_anc_8-8,0.000091,0.000000,0.000000,0.001063
Q_ind_76_anc_8-8,0.000263,0.000000,0.000000,0.003157
Q_ind_77_anc_8-8,0.000262,0.000000,0.000000,0.002559
Q_ind_78_anc_8-8,0.000720,0.000000,0.000000,0.011183
Q_ind_79_anc_8-8,0.000942,0.000000,0.000000,0.012121
Q_ind_80_anc_8-8,0.000328,0.000000,0.000000,0.003893
Q_ind_81_anc_8-8,0.000126,0.000000,0.000000,0.001334
Q_ind_82_anc_8-8,0.002897,0.000000,0.000000,0.030019
Q_ind_83_anc_8-8,0.000111,0.000000,0.000000,0.001284
Q_ind_84_anc_8-8,0.000244,0.000000,0.000000,0.002499
Q_ind_85_anc_8-8,0.000723,0.000000,0.000000,0.008963
Q_ind_86_anc_8-8,0.001092,0.000000,0.000000,0.014272
Q_ind_87_anc_8-8,0.000763,0.000000,0.000000,0.009495
Q_ind_88_anc_8-8,0.003954,0.000000,0.000000,0.035172
Q_ind_89_anc_8-8,0.001097,0.000000,0.000000,0.016984
Q_ind_90_anc_8-8,0.000268,0.000000,0.000000,0.003184
Q_ind_91_anc_8-8,0.000410,0.000000,0.000000,0.005023
Q_ind_92_anc_8-8,0.000726,0.000000,0.000000,0.009643
Q_ind_93_anc_8-8,0.006033,0.000000,0.000000,0.040379
Q_ind_94_anc_8-8,0.000094,0.000000,0.000000,0.001047
Q_ind_95_anc_8-8,0.004079,0.000000,0.000000,0.036527
Q_ind_96_anc_8-8,0.000071,0.000000,0.000000,0.000785
Q_ind_97_anc_8-8,0.000303,0.000000,0.000000,0.003841
Q_ind_98_anc_8-8,0.000033,0.000000,0.000000,0.000373
Q_ind_99_anc_8-8,0.000037,0.000000,0.000000,0.000357
Q_ind_100_anc_8-8,0.000232,0.000000,0.000000,0.002757
Q_ind_101_anc_8-8,0.000048,0.000000,0.000000,0.000478
Q_ind_102_anc_8-8,0.000032,0.000000,0.000000,0.000260
Q_ind_103_anc_8-8,0.000167,0.000000,0.000000,0.001829
Q_ind_104_anc_8-8,0.000119,0.000000,0.000000,0.001184
Q_ind_105_anc_8-8,0.000039,0.000000,0.000000,0.000412
Q_ind_106_anc_8-8,0.000097,0.000000,0.000000,0.001086
Q_ind_107_anc_8-8,0.018790,0.000000,0.000000,0.081208
Q_ind_108_anc_8-8,0.001840,0.000000,0.000000,0.027077
Q_ind_109_anc_8-8,0.067998,0.076155,0.000000,0.131814
Q_ind_110_anc_8-8,0.094663,0.096061,0.040394,0.139411
Q_ind_111_anc_8-8,0.028813,0.000272,0.000000,0.097746
Q_ind_112_anc_8-8,0.001111,0.000000,0.000000,0.017399
Q_ind_113_anc_8-8,0.010003,0.000000,0.000000,0.075968
Q_ind_114_anc_8-8,0.037545,0.037505,0.000000,0.106426
Q_ind_115_anc_8-8,0.000203,0.000000,0.000000,0.002737
Q_ind_116_anc_8-8,0.000202,0.000000,0.000000,0.002146
Q_ind_117_anc_8-8,0.000154,0.000000,0.000000,0.001826
Q_ind_118_anc_8-8,0.000208,0.000000,0.000000,0.002687
Q_ind_119_anc_8-8,0.000355,0.000000,0.000000,0.004998
Q_ind_120_anc_8-8,0.000091,0.000000,0.000000,0.000948
Q_ind_121_anc_8-8,0.000343,0.000000,0.000000,0.004251
Q_ind_122_anc_8-8,0.000201,0.000000,0.000000,0.002316
Q_ind_123_anc_8-8,0.000099,0.000000,0.000000,0.001181
Q_ind_124_anc_8-8,0.000093,0.000000,0.000000,0.000885
Q_ind_125_anc_8-8,0.003629,0.000000,0.000000,0.032459
Q_ind_126_anc_8-8,0.001737,0.000000,0.000000,0.023716
Q_ind_127_anc_8-8,0.000107,0.000000,0.000000,0.001047
Q_ind_128_anc_8-8,0.001064,0.000000,0.000000,0.016943
Q_ind_129_anc_8-8,0.000269,0.000000,0.000000,0.003127
Q_ind_130_anc_8-8,0.000298,0.000000,0.000000,0.003373
Q_ind_131_anc_8-8,0.000115,0.000000,0.000000,0.001130
Q_ind_132_anc_8-8,0.000035,0.000000,0.000000,0.000326
Q_ind_133_anc_8-8,0.000451,0.000000,0.000000,0.005999
Q_ind_134_anc_8-8,0.000617,0.000000,0.000000,0.009345
Q_ind_135_anc_8-8,0.000768,0.000000,0.000000,0.010759
Q_ind_136_anc_8-8,0.000277,0.000000,0.000000,0.002692
Q_ind_137_anc_8-8,0.000224,0.000000,0.000000,0.002731
Q_ind_138_anc_8-8,0.000068,0.000000,0.000000,0.000744
Q_ind_139_anc_8-8,0.000200,0.000000,0.000000,0.002231
Q_ind_140_anc_8-8,0.000399,0.000000,0.000000,0.005105
Q_ind_141_anc_8-8,0.028747,0.030587,0.000000,0.077184
Q_ind_142_anc_8-8,0.000029,0.000000,0.000000,0.000282
Q_ind_143_anc_8-8,0.000287,0.000000,0.000000,0.003126
Q_ind_144_anc_8-8,0.017513,0.014907,0.000000,0.055451
Q_ind_145_anc_8-8,0.001165,0.000000,0.000000,0.015724
Q_ind_146_anc_8-8,0.004161,0.000000,0.000000,0.041938
Q_ind_147_anc_8-8,0.000794,0.000000,0.000000,0.012705
Q_ind_148_anc_8-8,0.000246,0.000000,0.000000,0.002799
Q_ind_149_anc_8-8,0.000100,0.000000,0.000000,0.001052
Q_ind_150_anc_8-8,0.001008,0.000000,0.000000,0.012837
Q_ind_151_anc_8-8,0.001402,0.000000,0.000000,0.018239
Q_ind_152_anc_8-8,0.000259,0.000000,0.000000,0.003242
Q_ind_153_anc_8-8,0.000303,0.000000,0.000000,0.003951
Q_ind_154_anc_8-8,0.000589,0.000000,0.000000,0.008157
Q_ind_155_anc_8-8,0.000041,0.000000,0.000000,0.000443
Q_ind_156_anc_8-8,0.006520,0.000000,0.000000,0.056552
Q_ind_157_anc_8-8,0.000447,0.000000,0.000000,0.006898
Q_ind_158_anc_8-8,0.000222,0.000000,0.000000,0.002029
Q_ind_159_anc_8-8,0.000417,0.000000,0.000000,0.004496
Q_ind_160_anc_8-8,0.001262,0.000000,0.000000,0.020310
Q_ind_161_anc_8-8,0.000378,0.000000,0.000000,0.004355
Q_ind_162_anc_8-8,0.000476,0.000000,0.000000,0.005489
Q_ind_163_anc_8-8,0.000694,0.000000,0.000000,0.011000
Q_ind_164_anc_8-8,0.011709,0.000000,0.000000,0.055912
Q_ind_165_anc_8-8,0.029519,0.002654,0.000000,0.100255
Q_ind_166_anc_8-8,0.004019,0.000000,0.000000,0.044426
Q_ind_167_anc_8-8,0.092738,0.111051,0.000000,0.161623
Q_ind_168_anc_8-8,0.000069,0.000000,0.000000,0.000668
Q_ind_169_anc_8-8,0.000033,0.000000,0.000000,0.000274
Q_ind_170_anc_8-8,0.004194,0.000014,0.000000,0.021572
Q_ind_171_anc_8-8,0.000768,0.000000,0.000000,0.010870
Q_ind_172_anc_8-8,0.000349,0.000000,0.000000,0.004448
Q_ind_173_anc_8-8,0.000075,0.000000,0.000000,0.000757
Q_ind_174_anc_8-8,0.000114,0.000000,0.000000,0.001151
Q_ind_175_anc_8-8,0.000067,0.000000,0.000000,0.000758
Q_ind_176_anc_8-8,0.000239,0.000000,0.000000,0.003133
Q_ind_177_anc_8-8,0.001295,0.000000,0.000000,0.018138
Q_ind_178_anc_8-8,0.001106,0.000000,0.000000,0.013305
Q_ind_179_anc_8-8,0.006924,0.000000,0.000000,0.038426
Q_ind_180_anc_8-8,0.018241,0.016710,0.000000,0.056222
Q_ind_181_anc_8-8,0.000869,0.000000,0.000000,0.012523
Q_ind_182_anc_8-8,0.000280,0.000000,0.000000,0.003531
Q_ind_183_anc_8-8,0.000305,0.000000,0.000000,0.003509
Q_ind_184_anc_8-8,0.000121,0.000000,0.000000,0.001382
Q_ind_185_anc_8-8,0.002149,0.000000,0.000000,0.024116
Q_ind_186_anc_8-8,0.000427,0.000000,0.000000,0.005500
Q_ind_187_anc_8-8,0.005308,0.000000,0.000000,0.034898
Q_ind_188_anc_8-8,0.000846,0.000000,0.000000,0.012830
Q_ind_189_anc_8-8,0.003372,0.000000,0.000000,0.037737
Q_ind_190_anc_8-8,0.000247,0.000000,0.000000,0.003091
Q_ind_191_anc_8-8,0.004822,0.000000,0.000000,0.033217
Q_ind_192_anc_8-8,0.180920,0.180361,0.104699,0.258089
Q_ind_193_anc_8-8,0.293139,0.297916,0.179786,0.398005
Q_ind_194_anc_8-8,0.994381,0.998315,0.955798,0.999966
Q_ind_195_anc_8-8,0.252267,0.251271,0.176966,0.331574
Q_ind_196_anc_8-8,0.997559,0.998479,0.989539,0.999967
Q_ind_197_anc_8-8,0.997443,0.998395,0.989520,0.999964
Q_ind_198_anc_8-8,0.993963,0.997915,0.949541,0.999955
Q_ind_199_anc_8-8,0.236815,0.236119,0.167521,0.311232
Q_ind_200_anc_8-8,0.995696,0.997736,0.977263,0.999947
Q_ind_201_anc_8-8,0.000031,0.000000,0.000000,0.000266
Q_ind_202_anc_8-8,0.312663,0.308251,0.197070,0.440788
Q_ind_203_anc_8-8,0.004345,0.000000,0.000000,0.066059
Q_ind_204_anc_8-8,0.030722,0.032716,0.000000,0.077143
Q_ind_205_anc_8-8,0.007663,0.000000,0.000000,0.059511
Q_ind_206_anc_8-8,0.000670,0.000000,0.000000,0.007710
Q_ind_207_anc_8-8,0.046212,0.050643,0.000000,0.100969
Q_ind_208_anc_8-8,0.000065,0.000000,0.000000,0.000632
Q_ind_209_anc_8-8,0.010593,0.000000,0.000000,0.073156
Q_ind_210_anc_8-8,0.001336,0.000000,0.000000,0.020553
Q_ind_211_anc_8-8,0.020869,0.002279,0.000000,0.076728
Q_ind_212_anc_8-8,0.000040,0.000000,0.000000,0.000412
Q_ind_213_anc_8-8,0.000209,0.000000,0.000000,0.002843
Q_ind_214_anc_8-8,0.000112,0.000000,0.000000,0.001142
Q_ind_215_anc_8-8,0.000149,0.000000,0.000000,0.001879
Q_ind_216_anc_8-8,0.000267,0.000000,0.000000,0.003612
Q_ind_217_anc_8-8,0.000228,0.000000,0.000000,0.002859
Q_ind_218_anc_8-8,0.000054,0.000000,0.000000,0.000455
Q_ind_219_anc_8-8,0.000124,0.000000,0.000000,0.001137
Q_ind_220_anc_8-8,0.000127,0.000000,0.000000,0.001245
Q_ind_221_anc_8-8,0.000175,0.000000,0.000000,0.002401
Q_ind_222_anc_8-8,0.003457,0.000000,0.000000,0.023931
Q_ind_223_anc_8-8,0.000068,0.000000,0.000000,0.000693
Q_ind_224_anc_8-8,0.000041,0.000000,0.000000,0.000441
Q_ind_225_anc_8-8,0.001462,0.000000,0.000000,0.020833
Q_ind_226_anc_8-8,0.000157,0.000000,0.000000,0.001405
Q_ind_227_anc_8-8,0.000636,0.000000,0.000000,0.008797
Q_ind_228_anc_8-8,0.001257,0.000000,0.000000,0.018768
Q_ind_229_anc_8-8,0.000179,0.000000,0.000000,0.001993
Q_ind_230_anc_8-8,0.001445,0.000000,0.000000,0.021897
Q_ind_231_anc_8-8,0.000073,0.000000,0.000000,0.000779
Q_ind_232_anc_8-8,0.000141,0.000000,0.000000,0.001125
Q_ind_233_anc_8-8,0.003250,0.000000,0.000000,0.040716
Q_ind_234_anc_8-8,0.000158,0.000000,0.000000,0.001607
Q_ind_235_anc_8-8,0.000055,0.000000,0.000000,0.000558
Q_ind_236_anc_8-8,0.000376,0.000000,0.000000,0.004880
Q_ind_237_anc_8-8,0.000108,0.000000,0.000000,0.001010
Q_ind_238_anc_8-8,0.000074,0.000000,0.000000,0.000890
Q_ind_239_anc_8-8,0.000112,0.000000,0.000000,0.001145
Q_ind_240_anc_8-8,0.000080,0.000000,0.000000,0.000914
Q_ind_241_anc_8-8,0.000090,0.000000,0.000000,0.000822
Q_ind_242_anc_8-8,0.000193,0.000000,0.000000,0.002282
Q_ind_243_anc_8-8,0.000074,0.000000,0.000000,0.000830
Q_ind_244_anc_8-8,0.000462,0.000000,0.000000,0.006736
Q_ind_245_anc_8-8,0.000062,0.000000,0.000000,0.000579
Q_ind_1_anc_9-1,0.000226,0.000000,0.000000,0.002407
Q_ind_2_anc_9-1,0.000422,0.000000,0.000000,0.004878
Q_ind_3_anc_9-1,0.000778,0.000000,0.000000,0.010898
Q_ind_4_anc_9-1,0.000949,0.000000,0.000000,0.010400
Q_ind_5_anc_9-1,0.000206,0.000000,0.000000,0.002403
Q_ind_6_anc_9-1,0.000355,0.000000,0.000000,0.004416
Q_ind_7_anc_9-1,0.001267,0.000000,0.000000,0.016520
Q_ind_8_anc_9-1,0.000213,0.000000,0.000000,0.001860
Q_ind_9_anc_9-1,0.000462,0.000000,0.000000,0.004635
Q_ind_10_anc_9-1,0.000443,0.000000,0.000000,0.004057
Q_ind_11_anc_9-1,0.000551,0.000000,0.000000,0.004641
Q_ind_12_anc_9-1,0.000599,0.000000,0.000000,0.008423
Q_ind_13_anc_9-1,0.002129,0.000000,0.000000,0.028724
Q_ind_14_anc_9-1,0.000755,0.000000,0.000000,0.009638
Q_ind_15_anc_9-1,0.000382,0.000000,0.000000,0.003657
Q_ind_16_anc_9-1,0.000765,0.000000,0.000000,0.009850
Q_ind_17_anc_9-1,0.001902,0.000000,0.000000,0.028280
Q_ind_18_anc_9-1,0.000421,0.000000,0.000000,0.005321
Q_ind_19_anc_9-1,0.000198,0.000000,0.000000,0.001843
Q_ind_20_anc_9-1,0.000281,0.000000,0.000000,0.002438
Q_ind_21_anc_9-1,0.000099,0.000000,0.000000,0.000889
Q_ind_22_anc_9-1,0.000157,0.000000,0.000000,0.001714
Q_ind_23_anc_9-1,0.000103,0.000000,0.000000,0.001146
Q_ind_24_anc_9-1,0.000990,0.000000,0.000000,0.013558
Q_ind_25_anc_9-1,0.001306,0.000000,0.000000,0.019989
Q_ind_26_anc_9-1,0.000143,0.000000,0.000000,0.001713
Q_ind_27_anc_9-1,0.000144,0.000000,0.000000,0.001364
Q_ind_28_anc_9-1,0.000145,0.000000,0.000000,0.001497
Q_ind_29_anc_9-1,0.000156,0.000000,0.000000,0.001989
Q_ind_30_anc_9-1,0.000225,0.000000,0.000000,0.002543
Q_ind_31_anc_9-1,0.000147,0.000000,0.000000,0.001929
Q_ind_32_anc_9-1,0.000326,0.000000,0.000000,0.003588
Q_ind_33_anc_9-1,0.000292,0.000000,0.000000,0.003688
Q_ind_34_anc_9-1,0.000292,0.000000,0.000000,0.003645
Q_ind_35_anc_9-1,0.000162,0.000000,0.000000,0.001317
Q_ind_36_anc_9-1,0.000205,0.000000,0.000000,0.002333
Q_ind_37_anc_9-1,0.000242,0.000000,0.000000,0.002553
Q_ind_38_anc_9-1,0.000180,0.000000,0.000000,0.001397
Q_ind_39_anc_9-1,0.000399,0.000000,0.000000,0.004209
Q_ind_40_anc_9-1,0.000933,0.000000,0.000000,0.006715
Q_ind_41_anc_9-1,0.000472,0.000000,0.000000,0.005223
Q_ind_42_anc_9-1,0.000166,0.000000,0.000000,0.001830
Q_ind_43_anc_9-1,0.000320,0.000000,0.000000,0.003189
Q_ind_44_anc_9-1,0.000150,0.000000,0.000000,0.001593
Q_ind_45_anc_9-1,0.000280,0.000000,0.000000,0.003173
Q_ind_46_anc_9-1,0.000335,0.000000,0.000000,0.004241
Q_ind_47_anc_9-1,0.000233,0.000000,0.000000,0.002769
Q_ind_48_anc_9-1,0.000294,0.000000,0.000000,0.003418
Q_ind_49_anc_9-1,0.000411,0.000000,0.000000,0.005352
Q_ind_50_anc_9-1,0.000172,0.000000,0.000000,0.002222
Q_ind_51_anc_9-1,0.003588,0.000000,0.000000,0.033592
Q_ind_52_anc_9-1,0.000193,0.000000,0.000000,0.002641
Q_ind_53_anc_9-1,0.000176,0.000000,0.000000,0.001877
Q_ind_54_anc_9-1,0.001851,0.000000,0.000000,0.025237
Q_ind_55_anc_9-1,0.000151,0.000000,0.000000,0.001655
Q_ind_56_anc_9-1,0.000154,0.000000,0.000000,0.001569
Q_ind_57_anc_9-1,0.000133,0.000000,0.000000,0.001438
Q_ind_58_anc_9-1,0.000444,0.000000,0.000000,0.005391
Q_ind_59_anc_9-1,0.001284,0.000000,0.000000,0.017708
Q_ind_60_anc_9-1,0.000722,0.000000,0.000000,0.009683
Q_ind_61_anc_9-1,0.000353,0.000000,0.000000,0.003468
Q_ind_62_anc_9-1,0.000950,0.000000,0.000000,0.010654
Q_ind_63_anc_9-1,0.000094,0.000000,0.000000,0.001098
Q_ind_64_anc_9-1,0.000069,0.000000,0.000000,0.000680
Q_ind_65_anc_9-1,0.000089,0.000000,0.000000,0.000857
Q_ind_66_anc_9-1,0.000069,0.000000,0.000000,0.000776
Q_ind_67_anc_9-1,0.000232,0.000000,0.000000,0.002671
Q_ind_68_anc_9-1,0.000118,0.000000,0.000000,0.001067
Q_ind_69_anc_9-1,0.000820,0.000000,0.000000,0.012495
Q_ind_70_anc_9-1,0.000262,0.000000,0.000000,0.002999
Q_ind_71_anc_9-1,0.000190,0.000000,0.000000,0.002017
Q_ind_72_anc_9-1,0.001342,0.000000,0.000000,0.018075
Q_ind_73_anc_9-1,0.000281,0.000000,0.000000,0.003507
Q_ind_74_anc_9-1,0.000427,0.000000,0.000000,0.003866
Q_ind_75_anc_9-1,0.000665,0.000000,0.000000,0.007614
Q_ind_76_anc_9-1,0.000233,0.000000,0.000000,0.001493
Q_ind_77_anc_9-1,0.000471,0.000000,0.000000,0.006839
Q_ind_78_anc_9-1,0.000217,0.000000,0.000000,0.002108
Q_ind_79_anc_9-1,0.000457,0.000000,0.000000,0.005954
Q_ind_80_anc_9-1,0.000220,0.000000,0.000000,0.002393
Q_ind_81_anc_9-1,0.000105,0.000000,0.000000,0.001132
Q_ind_82_anc_9-1,0.000337,0.000000,0.000000,0.004245
Q_ind_83_anc_9-1,0.000208,0.000000,0.000000,0.002514
Q_ind_84_anc_9-1,0.000140,0.000000,0.000000,0.001523
Q_ind_85_anc_9-1,0.000121,0.000000,0.000000,0.001206
Q_ind_86_anc_9-1,0.000365,0.000000,0.000000,0.004358
Q_ind_87_anc_9-1,0.000157,0.000000,0.000000,0.001801
Q_ind_88_anc_9-1,0.001286,0.000000,0.000000,0.017060
Q_ind_89_anc_9-1,0.000271,0.000000,0.000000,0.002566
Q_ind_90_anc_9-1,0.000919,0.000000,0.000000,0.013731
Q_ind_91_anc_9-1,0.000308,0.000000,0.000000,0.003597
Q_ind_92_anc_9-1,0.000587,0.000000,0.000000,0.007732
Q_ind_93_anc_9-1,0.000389,0.000000,0.000000,0.005338
Q_ind_94_anc_9-1,0.000352,0.000000,0.000000,0.004349
Q_ind_95_anc_9-1,0.000294,0.000000,0.000000,0.003787
Q_ind_96_anc_9-1,0.000091,0.000000,0.000000,0.000786
Q_ind_97_anc_9-1,0.000270,0.000000,0.000000,0.003409
Q_ind_98_anc_9-1,0.000126,0.000000,0.000000,0.001344
Q_ind_99_anc_9-1,0.000712,0.000000,0.000000,0.009222
Q_ind_100_anc_9-1,0.000092,0.000000,0.000000,0.000777
Q_ind_101_anc_9-1,0.000062,0.000000,0.000000,0.000601
Q_ind_102_anc_9-1,0.000107,0.000000,0.000000,0.001251
Q_ind_103_anc_9-1,0.000177,0.000000,0.000000,0.001597
Q_ind_104_anc_9-1,0.000123,0.000000,0.000000,0.001253
Q_ind_105_anc_9-1,0.000375,0.000000,0.000000,0.004576
Q_ind_106_anc_9-1,0.000210,0.000000,0.000000,0.001969
Q_ind_107_anc_9-1,0.001702,0.000000,0.000000,0.021327
Q_ind_108_anc_9-1,0.001005,0.000000,0.000000,0.013405
Q_ind_109_anc_9-1,0.000397,0.000000,0.000000,0.004234
Q_ind_110_anc_9-1,0.000324,0.000000,0.000000,0.002403
Q_ind_111_anc_9-1,0.000400,0.000000,0.000000,0.003982
Q_ind_112_anc_9-1,0.000168,0.000000,0.000000,0.001439
Q_ind_113_anc_9-1,0.000591,0.000000,0.000000,0.008146
Q_ind_114_anc_9-1,0.000259,0.000000,0.000000,0.002738
Q_ind_115_anc_9-1,0.000500,0.000000,0.000000,0.005731
Q_ind_116_anc_9-1,0.000278,0.000000,0.000000,0.003617
Q_ind_117_anc_9-1,0.000096,0.000000,0.000000,0.000898
Q_ind_118_anc_9-1,0.000171,0.000000,0.000000,0.001537
Q_ind_119_anc_9-1,0.000125,0.000000,0.000000,0.001387
Q_ind_120_anc_9-1,0.000104,0.000000,0.000000,0.001059
Q_ind_121_anc_9-1,0.000208,0.000000,0.000000,0.002091
Q_ind_122_anc_9-1,0.000058,0.000000,0.000000,0.000692
Q_ind_123_anc_9-1,0.000145,0.000000,0.000000,0.001530
Q_ind_124_anc_9-1,0.000375,0.000000,0.000000,0.002858
Q_ind_125_anc_9-1,0.000249,0.000000,0.000000,0.003242
Q_ind_126_anc_9-1,0.001343,0.000000,0.000000,0.020894
Q_ind_127_anc_9-1,0.000556,0.000000,0.000000,0.007495
Q_ind_128_anc_9-1,0.000442,0.000000,0.000000,0.005775
Q_ind_129_anc_9-1,0.000175,0.000000,0.000000,0.002213
Q_ind_130_anc_9-1,0.002534,0.000000,0.000000,0.030661
Q_ind_131_anc_9-1,0.000987,0.000000,0.000000,0.012838
Q_ind_132_anc_9-1,0.000144,0.000000,0.000000,0.001565
Q_ind_133_anc_9-1,0.000245,0.000000,0.000000,0.002994
Q_ind_134_anc_9-1,0.000316,0.000000,0.000000,0.003227
Q_ind_135_anc_9-1,0.001553,0.000000,0.000000,0.022942
Q_ind_136_anc_9-1,0.000217,0.000000,0.000000,0.002139
Q_ind_137_anc_9-1,0.000147,0.000000,0.000000,0.001297
Q_ind_138_anc_9-1,0.000129,0.000000,0.000000,0.001348
Q_ind_139_anc_9-1,0.000823,0.000000,0.000000,0.013217
Q_ind_140_anc_9-1,0.001149,0.000000,0.000000,0.016672
Q_ind_141_anc_9-1,0.000391,0.000000,0.000000,0.005339
Q_ind_142_anc_9-1,0.000191,0.000000,0.000000,0.001525
Q_ind_143_anc_9-1,0.000976,0.000000,0.000000,0.012227
Q_ind_144_anc_9-1,0.000364,0.000000,0.000000,0.003119
Q_ind_145_anc_9-1,0.000119,0.000000,0.000000,0.001322
Q_ind_146_anc_9-1,0.000309,0.000000,0.000000,0.003655
Q_ind_147_anc_9-1,0.000204,0.000000,0.000000,0.002443
Q_ind_148_anc_9-1,0.000426,0.000000,0.000000,0.003978
Q_ind_149_anc_9-1,0.000278,0.000000,0.000000,0.003192
Q_ind_150_anc_9-1,0.000257,0.000000,0.000000,0.003377
Q_ind_151_anc_9-1,0.000909,0.000000,0.000000,0.013853
Q_ind_152_anc_9-1,0.000088,0.000000,0.000000,0.000741
Q_ind_153_anc_9-1,0.000104,0.000000,0.000000,0.000935
Q_ind_154_anc_9-1,0.000151,0.000000,0.000000,0.001071
Q_ind_155_anc_9-1,0.000093,0.000000,0.000000,0.000885
Q_ind_156_anc_9-1,0.000122,0.000000,0.000000,0.001207
Q_ind_157_anc_9-1,0.000260,0.000000,0.000000,0.003537
Q_ind_158_anc_9-1,0.000210,0.000000,0.000000,0.002272
Q_ind_159_anc_9-1,0.000273,0.000000,0.000000,0.003385
Q_ind_160_anc_9-1,0.000191,0.000000,0.000000,0.001952
Q_ind_161_anc_9-1,0.000239,0.000000,0.000000,0.002547
Q_ind_162_anc_9-1,0.000148,0.000000,0.000000,0.001603
Q_ind_163_anc_9-1,0.000212,0.000000,0.000000,0.002271
Q_ind_164_anc_9-1,0.000212,0.000000,0.000000,0.001810
Q_ind_165_anc_9-1,0.008740,0.000000,0.000000,0.098410
Q_ind_166_anc_9-1,0.000834,0.000000,0.000000,0.012287
Q_ind_167_anc_9-1,0.000377,0.000000,0.000000,0.004657
Q_ind_168_anc_9-1,0.000553,0.000000,0.000000,0.006092
Q_ind_169_anc_9-1,0.000274,0.000000,0.000000,0.003089
Q_ind_170_anc_9-1,0.000111,0.000000,0.000000,0.001045
Q_ind_171_anc_9-1,0.000360,0.000000,0.000000,0.003709
Q_ind_172_anc_9-1,0.000124,0.000000,0.000000,0.001188
Q_ind_173_anc_9-1,0.000084,0.000000,0.000000,0.000625
Q_ind_174_anc_9-1,0.000107,0.000000,0.000000,0.001034
Q_ind_175_anc_9-1,0.000420,0.000000,0.000000,0.005476
Q_ind_176_anc_9-1,0.000308,0.000000,0.000000,0.003509
Q_ind_177_anc_9-1,0.003803,0.000000,0.000000,0.044353
Q_ind_178_anc_9-1,0.000245,0.000000,0.000000,0.003116
Q_ind_179_anc_9-1,0.000218,0.000000,0.000000,0.002141
Q_ind_180_anc_9-1,0.000095,0.000000,0.000000,0.000624
Q_ind_181_anc_9-1,0.000210,0.000000,0.000000,0.002496
Q_ind_182_anc_9-1,0.001729,0.000000,0.000000,0.022224
Q_ind_183_anc_9-1,0.000326,0.000000,0.000000,0.003782
Q_ind_184_anc_9-1,0.000208,0.000000,0.000000,0.002006
Q_ind_185_anc_9-1,0.000720,0.000000,0.000000,0.010039
Q_ind_186_anc_9-1,0.000505,0.000000,0.000000,0.006452
Q_ind_187_anc_9-1,0.000279,0.000000,0.000000,0.003497
Q_ind_188_anc_9-1,0.000421,0.000000,0.000000,0.005202
Q_ind_189_anc_9-1,0.000422,0.000000,0.000000,0.005696
Q_ind_190_anc_9-1,0.000283,0.000000,0.000000,0.002598
Q_ind_191_anc_9-1,0.000464,0.000000,0.000000,0.004618
Q_ind_192_anc_9-1,0.000039,0.000000,0.000000,0.000414
Q_ind_193_anc_9-1,0.000559,0.000000,0.000000,0.008412
Q_ind_194_anc_9-1,0.000040,0.000000,0.000000,0.000407
Q_ind_195_anc_9-1,0.000169,0.000000,0.000000,0.002001
Q_ind_196_anc_9-1,0.000028,0.000000,0.000000,0.000245
Q_ind_197_anc_9-1,0.000044,0.000000,0.000000,0.000442
Q_ind_198_anc_9-1,0.000045,0.000000,0.000000,0.000520
Q_ind_199_anc_9-1,0.000073,0.000000,0.000000,0.000698
Q_ind_200_anc_9-1,0.000048,0.000000,0.000000,0.000428
Q_ind_201_anc_9-1,0.000062,0.000000,0.000000,0.000536
Q_ind_202_anc_9-1,0.000169,0.000000,0.000000,0.001521
Q_ind_203_anc_9-1,0.003124,0.000000,0.000000,0.050238
Q_ind_204_anc_9-1,0.000569,0.000000,0.000000,0.006970
Q_ind_205_anc_9-1,0.000441,0.000000,0.000000,0.005549
Q_ind_206_anc_9-1,0.001325,0.000000,0.000000,0.021313
Q_ind_207_anc_9-1,0.000271,0.000000,0.000000,0.002169
Q_ind_208_anc_9-1,0.012071,0.000000,0.000000,0.104147
Q_ind_209_anc_9-1,0.000534,0.000000,0.000000,0.007797
Q_ind_210_anc_9-1,0.000646,0.000000,0.000000,0.009743
Q_ind_211_anc_9-1,0.001370,0.000000,0.000000,0.016188
Q_ind_212_anc_9-1,0.000262,0.000000,0.000000,0.002247
Q_ind_213_anc_9-1,0.000286,0.000000,0.000000,0.003644
Q_ind_214_anc_9-1,0.000481,0.000000,0.000000,0.005534
Q_ind_215_anc_9-1,0.000133,0.000000,0.000000,0.001380
Q_ind_216_anc_9-1,0.000443,0.000000,0.000000,0.005934
Q_ind_217_anc_9-1,0.000147,0.000000,0.000000,0.001143
Q_ind_218_anc_9-1,0.000163,0.000000,0.000000,0.001659
Q_ind_219_anc_9-1,0.003236,0.000000,0.000000,0.045973
Q_ind_220_anc_9-1,0.000281,0.000000,0.000000,0.003067
Q_ind_221_anc_9-1,0.000165,0.000000,0.000000,0.001681
Q_ind_222_anc_9-1,0.000255,0.000000,0.000000,0.003127
Q_ind_223_anc_9-1,0.000479,0.000000,0.000000,0.004776
Q_ind_224_anc_9-1,0.000417,0.000000,0.000000,0.003977
Q_ind_225_anc_9-1,0.000816,0.000000,0.000000,0.007463
Q_ind_226_anc_9-1,0.000433,0.000000,0.000000,0.004222
Q_ind_227_anc_9-1,0.001597,0.000000,0.000000,0.021354
Q_ind_228_anc_9-1,0.000613,0.000000,0.000000,0.006996
Q_ind_229_anc_9-1,0.003183,0.000000,0.000000,0.040051
Q_ind_230_anc_9-1,0.001063,0.000000,0.000000,0.007255
Q_ind_231_anc_9-1,0.000200,0.000000,0.000000,0.002550
Q_ind_232_anc_9-1,0.000856,0.000000,0.000000,0.012489
Q_ind_233_anc_9-1,0.002201,0.000000,0.000000,0.031459
Q_ind_234_anc_9-1,0.000132,0.000000,0.000000,0.001209
Q_ind_235_anc_9-1,0.000978,0.000000,0.000000,0.015201
Q_ind_236_anc_9-1,0.000155,0.000000,0.000000,0.001798
Q_ind_237_anc_9-1,0.000190,0.000000,0.000000,0.001928
Q_ind_238_anc_9-1,0.000342,0.000000,0.000000,0.004608
Q_ind_239_anc_9-1,0.000153,0.000000,0.000000,0.001931
Q_ind_240_anc_9-1,0.001759,0.000000,0.000000,0.025885
Q_ind_241_anc_9-1,0.000222,0.000000,0.000000,0.002786
Q_ind_242_anc_9-1,0.000189,0.000000,0.000000,0.001773
Q_ind_243_anc_9-1,0.000210,0.000000,0.000000,0.002378
Q_ind_244_anc_9-1,0.000161,0.000000,0.000000,0.001442
Q_ind_245_anc_9-1,0.000131,0.000000,0.000000,0.001362
Q_ind_1_anc_9-2,0.000167,0.000000,0.000000,0.002002
Q_ind_2_anc_9-2,0.000194,0.000000,0.000000,0.002165
Q_ind_3_anc_9-2,0.000349,0.000000,0.000000,0.003589
Q_ind_4_anc_9-2,0.000394,0.000000,0.000000,0.005502
Q_ind_5_anc_9-2,0.000149,0.000000,0.000000,0.001298
Q_ind_6_anc_9-2,0.000180,0.000000,0.000000,0.002244
Q_ind_7_anc_9-2,0.000705,0.000000,0.000000,0.010116
Q_ind_8_anc_9-2,0.000214,0.000000,0.000000,0.002159
Q_ind_9_anc_9-2,0.000207,0.000000,0.000000,0.002041
Q_ind_10_anc_9-2,0.000210,0.000000,0.000000,0.002694
Q_ind_11_anc_9-2,0.000627,0.000000,0.000000,0.008352
Q_ind_12_anc_9-2,0.000253,0.000000,0.000000,0.002759
Q_ind_13_anc_9-2,0.002773,0.000000,0.000000,0.030273
Q_ind_14_anc_9-2,0.001583,0.000000,0.000000,0.025795
Q_ind_15_anc_9-2,0.000171,0.000000,0.000000,0.001977
Q_ind_16_anc_9-2,0.000230,0.000000,0.000000,0.002472
Q_ind_17_anc_9-2,0.004907,0.000000,0.000000,0.046204
Q_ind_18_anc_9-2,0.001717,0.000000,0.000000,0.024827
Q_ind_19_anc_9-2,0.000266,0.000000,0.000000,0.002682
Q_ind_20_anc_9-2,0.000170,0.000000,0.000000,0.002092
Q_ind_21_anc_9-2,0.000076,0.000000,0.000000,0.000707
Q_ind_22_anc_9-2,0.000689,0.000000,0.000000,0.010455
Q_ind_23_anc_9-2,0.000236,0.000000,0.000000,0.002900
Q_ind_24_anc_9-2,0.000327,0.000000,0.000000,0.002106
Q_ind_25_anc_9-2,0.000376,0.000000,0.000000,0.005566
Q_ind_26_anc_9-2,0.000115,0.000000,0.000000,0.001291
Q_ind_27_anc_9-2,0.000340,0.000000,0.000000,0.003234
Q_ind_28_anc_9-2,0.000165,0.000000,0.000000,0.001875
Q_ind_29_anc_9-2,0.000285,0.000000,0.000000,0.003268
Q_ind_30_anc_9-2,0.000248,0.000000,0.000000,0.002274
Q_ind_31_anc_9-2,0.000152,0.000000,0.000000,0.001645
Q_ind_32_anc_9-2,0.000133,0.000000,0.000000,0.001282
Q_ind_33_anc_9-2,0.000067,0.000000,0.000000,0.000895
Q_ind_34_anc_9-2,0.000076,0.000000,0.000000,0.000814
Q_ind_35_anc_9-2,0.000086,0.000000,0.000000,0.000867
Q_ind_36_anc_9-2,0.000073,0.000000,0.000000,0.000613
Q_ind_37_anc_9-2,0.000175,0.000000,0.000000,0.001900
Q_ind_38_anc_9-2,0.000104,0.000000,0.000000,0.001224
Q_ind_39_anc_9-2,0.000177,0.000000,0.000000,0.001599
Q_ind_40_anc_9-2,0.000500,0.000000,0.000000,0.006783
Q_ind_41_anc_9-2,0.000228,0.000000,0.000000,0.002354
Q_ind_42_anc_9-2,0.000493,0.000000,0.000000,0.003837
Q_ind_43_anc_9-2,0.006284,0.000000,0.000000,0.086541
Q_ind_44_anc_9-2,0.012694,0.000000,0.000000,0.126048
Q_ind_45_anc_9-2,0.001497,0.000000,0.000000,0.019836
Q_ind_46_anc_9-2,0.000633,0.000000,0.000000,0.010693
Q_ind_47_anc_9-2,0.000615,0.000000,0.000000,0.008206
Q_ind_48_anc_9-2,0.000687,0.000000,0.000000,0.007824
Q_ind_49_anc_9-2,0.000670,0.000000,0.000000,0.010205
Q_ind_50_anc_9-2,0.001709,0.000000,0.000000,0.022141
Q_ind_51_anc_9-2,0.008163,0.000000,0.000000,0.055691
Q_ind_52_anc_9-2,0.000313,0.000000,0.000000,0.003422
Q_ind_53_anc_9-2,0.000233,0.000000,0.000000,0.002301
Q_ind_54_anc_9-2,0.003620,0.000000,0.000000,0.043452
Q_ind_55_anc_9-2,0.001113,0.000000,0.000000,0.015643
Q_ind_56_anc_9-2,0.001015,0.000000,0.000000,0.012453
Q_ind_57_anc_9-2,0.005571,0.000000,0.000000,0.062515
Q_ind_58_anc_9-2,0.000361,0.000000,0.000000,0.004778
Q_ind_59_anc_9-2,0.000728,0.000000,0.000000,0.009860
Q_ind_60_anc_9-2,0.001925,0.000000,0.000000,0.025310
Q_ind_61_anc_9-2,0.000637,0.000000,0.000000,0.010178
Q_ind_62_anc_9-2,0.003017,0.000000,0.000000,0.038196
Q_ind_63_anc_9-2,0.000072,0.000000,0.000000,0.000575
Q_ind_64_anc_9-2,0.000044,0.000000,0.000000,0.000368
Q_ind_65_anc_9-2,0.000055,0.000000,0.000000,0.000681
Q_ind_66_anc_9-2,0.000068,0.000000,0.000000,0.000581
Q_ind_67_anc_9-2,0.000166,0.000000,0.000000,0.002086
Q_ind_68_anc_9-2,0.000547,0.000000,0.000000,0.006908
Q_ind_69_anc_9-2,0.004401,0.000000,0.000000,0.055207
Q_ind_70_anc_9-2,0.003608,0.000000,0.000000,0.041974
Q_ind_71_anc_9-2,0.000125,0.000000,0.000000,0.001111
Q_ind_72_anc_9-2,0.000311,0.000000,0.000000,0.004157
Q_ind_73_anc_9-2,0.000459,0.000000,0.000000,0.005452
Q_ind_74_anc_9-2,0.006783,0.000000,0.000000,0.068336
Q_ind_75_anc_9-2,0.050900,0.044621,0.000000,0.167260
Q_ind_76_anc_9-2,0.000240,0.000000,0.000000,0.001982
Q_ind_77_anc_9-2,0.000233,0.000000,0.000000,0.002167
Q_ind_78_anc_9-2,0.000218,0.000000,0.000000,0.002895
Q_ind_79_anc_9-2,0.000289,0.000000,0.000000,0.002767
Q_ind_80_anc_9-2,0.000193,0.000000,0.000000,0.001951
Q_ind_81_anc_9-2,0.000240,0.000000,0.000000,0.002549
Q_ind_82_anc_9-2,0.000387,0.000000,0.000000,0.003806
Q_ind_83_anc_9-2,0.000332,0.000000,0.000000,0.003762
Q_ind_84_anc_9-2,0.000272,0.000000,0.000000,0.002672
Q_ind_85_anc_9-2,0.000079,0.000000,0.000000,0.000796
Q_ind_86_anc_9-2,0.000583,0.000000,0.000000,0.008505
Q_ind_87_anc_9-2,0.000113,0.000000,0.000000,0.001206
Q_ind_88_anc_9-2,0.000327,0.000000,0.000000,0.003596
Q_ind_89_anc_9-2,0.000138,0.000000,0.000000,0.001519
Q_ind_90_anc_9-2,0.000163,0.000000,0.000000,0.001433
Q_ind_91_anc_9-2,0.000382,0.000000,0.000000,0.004839
Q_ind_92_anc_9-2,0.000175,0.000000,0.000000,0.001896
Q_ind_93_anc_9-2,0.000283,0.000000,0.000000,0.002547
Q_ind_94_anc_9-2,0.000269,0.000000,0.000000,0.002162
Q_ind_95_anc_9-2,0.000576,0.000000,0.000000,0.006874
Q_ind_96_anc_9-2,0.000233,0.000000,0.000000,0.002846
Q_ind_97_anc_9-2,0.000827,0.000000,0.000000,0.011732
Q_ind_98_anc_9-2,0.000186,0.000000,0.000000,0.001910
Q_ind_99_anc_9-2,0.000615,0.000000,0.000000,0.006319
Q_ind_100_anc_9-2,0.000078,0.000000,0.000000,0.000733
Q_ind_101_anc_9-2,0.000064,0.000000,0.000000,0.000688
Q_ind_102_anc_9-2,0.000039,0.000000,0.000000,0.000459
Q_ind_103_anc_9-2,0.000142,0.000000,0.000000,0.001334
Q_ind_104_anc_9-2,0.000074,0.000000,0.000000,0.000596
Q_ind_105_anc_9-2,0.000173,0.000000,0.000000,0.001666
Q_ind_106_anc_9-2,0.002451,0.000000,0.000000,0.026906
Q_ind_107_anc_9-2,0.003570,0.000000,0.000000,0.046153
Q_ind_108_anc_9-2,0.000992,0.000000,0.000000,0.011805
Q_ind_109_anc_9-2,0.000954,0.000000,0.000000,0.013438
Q_ind_110_anc_9-2,0.001108,0.000000,0.000000,0.014825
Q_ind_111_anc_9-2,0.001697,0.000000,0.000000,0.025048
Q_ind_112_anc_9-2,0.001322,0.000000,0.000000,0.017256
Q_ind_113_anc_9-2,0.001378,0.000000,0.000000,0.017989
Q_ind_114_anc_9-2,0.001138,0.000000,0.000000,0.016359
Q_ind_115_anc_9-2,0.000357,0.000000,0.000000,0.003940
Q_ind_116_anc_9-2,0.000265,0.000000,0.000000,0.003101
Q_ind_117_anc_9-2,0.000220,0.000000,0.000000,0.003006
Q_ind_118_anc_9-2,0.002553,0.000000,0.000000,0.034289
Q_ind_119_anc_9-2,0.000264,0.000000,0.000000,0.003702
Q_ind_120_anc_9-2,0.000104,0.000000,0.000000,0.001032
Q_ind_121_anc_9-2,0.000176,0.000000,0.000000,0.001898
Q_ind_122_anc_9-2,0.000067,0.000000,0.000000,0.000723
Q_ind_123_anc_9-2,0.000085,0.000000,0.000000,0.000989
Q_ind_124_anc_9-2,0.002070,0.000000,0.000000,0.024601
Q_ind_125_anc_9-2,0.000333,0.000000,0.000000,0.003609
Q_ind_126_anc_9-2,0.001222,0.000000,0.000000,0.016697
Q_ind_127_anc_9-2,0.000164,0.000000,0.000000,0.001863
Q_ind_128_anc_9-2,0.000429,0.000000,0.000000,0.004552
Q_ind_129_anc_9-2,0.000199,0.000000,0.000000,0.002168
Q_ind_130_anc_9-2,0.000223,0.000000,0.000000,0.002779
Q_ind_131_anc_9-2,0.000234,0.000000,0.000000,0.002695
Q_ind_132_anc_9-2,0.000119,0.000000,0.000000,0.001295
Q_ind_133_anc_9-2,0.000159,0.000000,0.000000,0.001571
Q_ind_134_anc_9-2,0.000997,0.000000,0.000000,0.013269
Q_ind_135_anc_9-2,0.005985,0.000000,0.000000,0.051648
Q_ind_136_anc_9-2,0.001259,0.000000,0.000000,0.016963
Q_ind_137_anc_9-2,0.000308,0.000000,0.000000,0.003688
Q_ind_138_anc_9-2,0.000340,0.000000,0.000000,0.004030
Q_ind_139_anc_9-2,0.003404,0.000000,0.000000,0.034126
Q_ind_140_anc_9-2,0.000476,0.000000,0.000000,0.004886
Q_ind_141_anc_9-2,0.001201,0.000000,0.000000,0.020182
Q_ind_142_anc_9-2,0.000256,0.000000,0.000000,0.002229
Q_ind_143_anc_9-2,0.008656,0.000000,0.000000,0.095324
Q_ind_144_anc_9-2,0.000188,0.000000,0.000000,0.002098
Q_ind_145_anc_9-2,0.000058,0.000000,0.000000,0.000636
Q_ind_146_anc_9-2,0.000079,0.000000,0.000000,0.000873
Q_ind_147_anc_9-2,0.000078,0.000000,0.000000,0.000863
Q_ind_148_anc_9-2,0.000331,0.000000,0.000000,0.002533
Q_ind_149_anc_9-2,0.000254,0.000000,0.000000,0.002944
Q_ind_150_anc_9-2,0.000125,0.000000,0.000000,0.001076
Q_ind_151_anc_9-2,0.000166,0.000000,0.000000,0.001023
Q_ind_152_anc_9-2,0.000103,0.000000,0.000000,0.000989
Q_ind_153_anc_9-2,0.000077,0.000000,0.000000,0.000985
Q_ind_154_anc_9-2,0.000211,0.000000,0.000000,0.002108
Q_ind_155_anc_9-2,0.000171,0.000000,0.000000,0.001905
Q_ind_156_anc_9-2,0.000105,0.000000,0.000000,0.001067
Q_ind_157_anc_9-2,0.000111,0.000000,0.000000,0.001099
Q_ind_158_anc_9-2,0.000089,0.000000,0.000000,0.000801
Q_ind_159_anc_9-2,0.000179,0.000000,0.000000,0.002085
Q_ind_160_anc_9-2,0.000174,0.000000,0.000000,0.001974
Q_ind_161_anc_9-2,0.000161,0.000000,0.000000,0.001919
Q_ind_162_anc_9-2,0.000162,0.000000,0.000000,0.001652
Q_ind_163_anc_9-2,0.000095,0.000000,0.000000,0.000956
Q_ind_164_anc_9-2,0.000059,0.000000,0.000000,0.000632
Q_ind_165_anc_9-2,0.004884,0.000000,0.000000,0.074702
Q_ind_166_anc_9-2,0.000690,0.000000,0.000000,0.007999
Q_ind_167_anc_9-2,0.000248,0.000000,0.000000,0.002475
Q_ind_168_anc_9-2,0.007871,0.000000,0.000000,0.074175
Q_ind_169_anc_9-2,0.000129,0.000000,0.000000,0.001621
Q_ind_170_anc_9-2,0.000233,0.000000,0.000000,0.002299
Q_ind_171_anc_9-2,0.000297,0.000000,0.000000,0.002849
Q_ind_172_anc_9-2,0.000626,0.000000,0.000000,0.009731
Q_ind_173_anc_9-2,0.000834,0.000000,0.000000,0.012347
Q_ind_174_anc_9-2,0.000136,0.000000,0.000000,0.001681
Q_ind_175_anc_9-2,0.010268,0.000000,0.000000,0.070828
Q_ind_176_anc_9-2,0.000118,0.000000,0.000000,0.000891
Q_ind_177_anc_9-2,0.000149,0.000000,0.000000,0.001534
Q_ind_178_anc_9-2,0.000251,0.000000,0.000000,0.002452
Q_ind_179_anc_9-2,0.000112,0.000000,0.000000,0.001125
Q_ind_180_anc_9-2,0.000104,0.000000,0.000000,0.001069
Q_ind_181_anc_9-2,0.000344,0.000000,0.000000,0.003578
Q_ind_182_anc_9-2,0.000149,0.000000,0.000000,0.001267
Q_ind_183_anc_9-2,0.000196,0.000000,0.000000,0.001927
Q_ind_184_anc_9-2,0.000960,0.000000,0.000000,0.014293
Q_ind_185_anc_9-2,0.000391,0.000000,0.000000,0.003677
Q_ind_186_anc_9-2,0.000567,0.000000,0.000000,0.007079
Q_ind_187_anc_9-2,0.000233,0.000000,0.000000,0.002911
Q_ind_188_anc_9-2,0.000163,0.000000,0.000000,0.001908
Q_ind_189_anc_9-2,0.000178,0.000000,0.000000,0.001636
Q_ind_190_anc_9-2,0.000862,0.000000,0.000000,0.011281
Q_ind_191_anc_9-2,0.000212,0.000000,0.000000,0.001878
Q_ind_192_anc_9-2,0.000063,0.000000,0.000000,0.000661
Q_ind_193_anc_9-2,0.000170,0.000000,0.000000,0.001880
Q_ind_194_anc_9-2,0.000031,0.000000,0.000000,0.000310
Q_ind_195_anc_9-2,0.000130,0.000000,0.000000,0.001190
Q_ind_196_anc_9-2,0.000036,0.000000,0.000000,0.000355
Q_ind_197_anc_9-2,0.000038,0.000000,0.000000,0.000357
Q_ind_198_anc_9-2,0.000033,0.000000,0.000000,0.000315
Q_ind_199_anc_9-2,0.000067,0.000000,0.000000,0.000751
Q_ind_200_anc_9-2,0.000039,0.000000,0.000000,0.000323
Q_ind_201_anc_9-2,0.000274,0.000000,0.000000,0.002266
Q_ind_202_anc_9-2,0.000112,0.000000,0.000000,0.001035
Q_ind_203_anc_9-2,0.000474,0.000000,0.000000,0.006485
Q_ind_204_anc_9-2,0.000488,0.000000,0.000000,0.006181
Q_ind_205_anc_9-2,0.000212,0.000000,0.000000,0.002581
Q_ind_206_anc_9-2,0.000176,0.000000,0.000000,0.001940
Q_ind_207_anc_9-2,0.000733,0.000000,0.000000,0.011424
Q_ind_208_anc_9-2,0.000249,0.000000,0.000000,0.001534
Q_ind_209_anc_9-2,0.000217,0.000000,0.000000,0.002111
Q_ind_210_anc_9-2,0.000472,0.000000,0.000000,0.007192
Q_ind_211_anc_9-2,0.000420,0.000000,0.000000,0.004611
Q_ind_212_anc_9-2,0.001073,0.000000,0.000000,0.017166
Q_ind_213_anc_9-2,0.000619,0.000000,0.000000,0.008321
Q_ind_214_anc_9-2,0.001708,0.000000,0.000000,0.024204
Q_ind_215_anc_9-2,0.001059,0.000000,0.000000,0.016168
Q_ind_216_anc_9-2,0.002151,0.000000,0.000000,0.034345
Q_ind_217_anc_9-2,0.000718,0.000000,0.000000,0.010264
Q_ind_218_anc_9-2,0.000116,0.000000,0.000000,0.001161
Q_ind_219_anc_9-2,0.001356,0.000000,0.000000,0.019295
Q_ind_220_anc_9-2,0.000441,0.000000,0.000000,0.005972
Q_ind_221_anc_9-2,0.000130,0.000000,0.000000,0.001341
Q_ind_222_anc_9-2,0.000629,0.000000,0.000000,0.007589
Q_ind_223_anc_9-2,0.041125,0.000000,0.000000,0.364595
Q_ind_224_anc_9-2,0.000580,0.000000,0.000000,0.006063
Q_ind_225_anc_9-2,0.074062,0.000000,0.000000,0.422375
Q_ind_226_anc_9-2,0.001045,0.000000,0.000000,0.009360
Q_ind_227_anc_9-2,0.089001,0.000540,0.000000,0.379553
Q_ind_228_anc_9-2,0.050632,0.000002,0.000000,0.248314
Q_ind_229_anc_9-2,0.050510,0.000000,0.000000,0.306919
Q_ind_230_anc_9-2,0.048058,0.000000,0.000000,0.310191
Q_ind_231_anc_9-2,0.025801,0.000000,0.000000,0.278180
Q_ind_232_anc_9-2,0.037884,0.000013,0.000000,0.242572
Q_ind_233_anc_9-2,0.058931,0.000000,0.000000,0.300607
Q_ind_234_anc_9-2,0.000371,0.000000,0.000000,0.004351
Q_ind_235_anc_9-2,0.000650,0.000000,0.000000,0.008539
Q_ind_236_anc_9-2,0.000329,0.000000,0.000000,0.003876
Q_ind_237_anc_9-2,0.000465,0.000000,0.000000,0.005653
Q_ind_238_anc_9-2,0.007091,0.000000,0.000000,0.065114
Q_ind_239_anc_9-2,0.000311,0.000000,0.000000,0.003287
Q_ind_240_anc_9-2,0.011500,0.000000,0.000000,0.089769
Q_ind_241_anc_9-2,0.000660,0.000000,0.000000,0.008428
Q_ind_242_anc_9-2,0.000209,0.000000,0.000000,0.002586
Q_ind_243_anc_9-2,0.003902,0.000000,0.000000,0.045973
Q_ind_244_anc_9-2,0.000277,0.000000,0.000000,0.003168
Q_ind_245_anc_9-2,0.019732,0.000000,0.000000,0.103362
Q_ind_1_anc_9-3,0.000429,0.000000,0.000000,0.005700
Q_ind_2_anc_9-3,0.002251,0.000000,0.000000,0.041153
Q_ind_3_anc_9-3,0.000336,0.000000,0.000000,0.003532
Q_ind_4_anc_9-3,0.001291,0.000000,0.000000,0.019155
Q_ind_5_anc_9-3,0.000246,0.000000,0.000000,0.002640
Q_ind_6_anc_9-3,0.005083,0.000000,0.000000,0.062048
Q_ind_7_anc_9-3,0.000570,0.000000,0.000000,0.008454
Q_ind_8_anc_9-3,0.002716,0.000000,0.000000,0.041703
Q_ind_9_anc_9-3,0.000463,0.000000,0.000000,0.005702
Q_ind_10_anc_9-3,0.000290,0.000000,0.000000,0.003255
Q_ind_11_anc_9-3,0.000481,0.000000,0.000000,0.005398
Q_ind_12_anc_9-3,0.002359,0.000000,0.000000,0.036227
Q_ind_13_anc_9-3,0.001598,0.000000,0.000000,0.025182
Q_ind_14_anc_9-3,0.000728,0.000000,0.000000,0.011837
Q_ind_15_anc_9-3,0.000492,0.000000,0.000000,0.006717
Q_ind_16_anc_9-3,0.000136,0.000000,0.000000,0.001434
Q_ind_17_anc_9-3,0.001483,0.000000,0.000000,0.022285
Q_ind_18_anc_9-3,0.003335,0.000000,0.000000,0.042783
Q_ind_19_anc_9-3,0.000240,0.000000,0.000000,0.003006
Q_ind_20_anc_9-3,0.000115,0.000000,0.000000,0.001069
Q_ind_21_anc_9-3,0.000188,0.000000,0.000000,0.002339
Q_ind_22_anc_9-3,0.000426,0.000000,0.000000,0.004637
Q_ind_23_anc_9-3,0.000177,0.000000,0.000000,0.001602
Q_ind_24_anc_9-3,0.000323,0.000000,0.000000,0.003945
Q_ind_25_anc_9-3,0.000332,0.000000,0.000000,0.003343
Q_ind_26_anc_9-3,0.000127,0.000000,0.000000,0.001218
Q_ind_27_anc_9-3,0.000251,0.000000,0.000000,0.002764
Q_ind_28_anc_9-3,0.000290,0.000000,0.000000,0.002788
Q_ind_29_anc_9-3,0.000411,0.000000,0.000000,0.003927
Q_ind_30_anc_9-3,0.000189,0.000000,0.000000,0.002349
Q_ind_31_anc_9-3,0.000238,0.000000,0.000000,0.002537
Q_ind_32_anc_9-3,0.000335,0.000000,0.000000,0.003911
Q_ind_33_anc_9-3,0.000131,0.000000,0.000000,0.001043
Q_ind_34_anc_9-3,0.000107,0.000000,0.000000,0.001156
Q_ind_35_anc_9-3,0.000100,0.000000,0.000000,0.000932
Q_ind_36_anc_9-3,0.000069,0.000000,0.000000,0.000679
Q_ind_37_anc_9-3,0.000531,0.000000,0.000000,0.006264
Q_ind_38_anc_9-3,0.000072,0.000000,0.000000,0.000668
Q_ind_39_anc_9-3,0.000206,0.000000,0.000000,0.002402
Q_ind_40_anc_9-3,0.001302,0.000000,0.000000,0.017813
Q_ind_41_anc_9-3,0.000542,0.000000,0.000000,0.006204
Q_ind_42_anc_9-3,0.000224,0.000000,0.000000,0.002945
Q_ind_43_anc_9-3,0.000245,0.000000,0.000000,0.003093
Q_ind_44_anc_9-3,0.000625,0.000000,0.000000,0.008626
Q_ind_45_anc_9-3,0.000211,0.000000,0.000000,0.001843
Q_ind_46_anc_9-3,0.000141,0.000000,0.000000,0.001456
Q_ind_47_anc_9-3,0.000223,0.000000,0.000000,0.002450
Q_ind_48_anc_9-3,0.000134,0.000000,0.000000,0.001448
Q_ind_49_anc_9-3,0.000271,0.000000,0.000000,0.003020
Q_ind_50_anc_9-3,0.000168,0.000000,0.000000,0.001748
Q_ind_51_anc_9-3,0.003107,0.000000,0.000000,0.031442
Q_ind_52_anc_9-3,0.000176,0.000000,0.000000,0.001397
Q_ind_53_anc_9-3,0.000108,0.000000,0.000000,0.001034
Q_ind_54_anc_9-3,0.001458,0.000000,0.000000,0.021843
Q_ind_55_anc_9-3,0.000357,0.000000,0.000000,0.004071
Q_ind_56_anc_9-3,0.000218,0.000000,0.000000,0.002517
Q_ind_57_anc_9-3,0.000298,0.000000,0.000000,0.003449
Q_ind_58_anc_9-3,0.000246,0.000000,0.000000,0.002535
Q_ind_59_anc_9-3,0.000914,0.000000,0.000000,0.013078
Q_ind_60_anc_9-3,0.000829,0.000000,0.000000,0.011998
Q_ind_61_anc_9-3,0.000460,0.000000,0.000000,0.005651
Q_ind_62_anc_9-3,0.000502,0.000000,0.000000,0.005169
Q_ind_63_anc_9-3,0.000125,0.000000,0.000000,0.001053
Q_ind_64_anc_9-3,0.000076,0.000000,0.000000,0.000758
Q_ind_65_anc_9-3,0.000044,0.000000,0.000000,0.000420
Q_ind_66_anc_9-3,0.000053,0.000000,0.000000,0.000488
Q_ind_67_anc_9-3,0.000222,0.000000,0.000000,0.002742
Q_ind_68_anc_9-3,0.000249,0.000000,0.000000,0.003590
Q_ind_69_anc_9-3,0.001685,0.000000,0.000000,0.027149
Q_ind_70_anc_9-3,0.000202,0.000000,0.000000,0.001846
Q_ind_71_anc_9-3,0.000342,0.000000,0.000000,0.003411
Q_ind_72_anc_9-3,0.000702,0.000000,0.000000,0.010096
Q_ind_73_anc_9-3,0.000394,0.000000,0.000000,0.004871
Q_ind_74_anc_9-3,0.000419,0.000000,0.000000,0.003932
Q_ind_75_anc_9-3,0.001752,0.000000,0.000000,0.023765
Q_ind_76_anc_9-3,0.000735,0.000000,0.000000,0.007035
Q_ind_77_anc_9-3,0.000782,0.000000,0.000000,0.011572
Q_ind_78_anc_9-3,0.000171,0.000000,0.000000,0.001932
Q_ind_79_anc_9-3,0.000423,0.000000,0.000000,0.004712
Q_ind_80_anc_9-3,0.000239,0.000000,0.000000,0.002322
Q_ind_81_anc_9-3,0.000427,0.000000,0.000000,0.003903
Q_ind_82_anc_9-3,0.000208,0.000000,0.000000,0.002463
Q_ind_83_anc_9-3,0.000404,0.000000,0.000000,0.005465
Q_ind_84_anc_9-3,0.000488,0.000000,0.000000,0.007451
Q_ind_85_anc_9-3,0.000295,0.000000,0.000000,0.003221
Q_ind_86_anc_9-3,0.000412,0.000000,0.000000,0.005780
Q_ind_87_anc_9-3,0.000364,0.000000,0.000000,0.004046
Q_ind_88_anc_9-3,0.000412,0.000000,0.000000,0.003797
Q_ind_89_anc_9-3,0.000245,0.000000,0.000000,0.002049
Q_ind_90_anc_9-3,0.000624,0.000000,0.000000,0.008504
Q_ind_91_anc_9-3,0.000932,0.000000,0.000000,0.008200
Q_ind_92_anc_9-3,0.000365,0.000000,0.000000,0.004681
Q_ind_93_anc_9-3,0.000220,0.000000,0.000000,0.001895
Q_ind_94_anc_9-3,0.027943,0.000000,0.000000,0.173921
Q_ind_95_anc_9-3,0.000367,0.000000,0.000000,0.004232
Q_ind_96_anc_9-3,0.000308,0.000000,0.000000,0.004179
Q_ind_97_anc_9-3,0.000305,0.000000,0.000000,0.003268
Q_ind_98_anc_9-3,0.000883,0.000000,0.000000,0.008594
Q_ind_99_anc_9-3,0.000144,0.000000,0.000000,0.001403
Q_ind_100_anc_9-3,0.000134,0.000000,0.000000,0.001318
Q_ind_101_anc_9-3,0.000060,0.000000,0.000000,0.000614
Q_ind_102_anc_9-3,0.000049,0.000000,0.000000,0.000505
Q_ind_103_anc_9-3,0.000120,0.000000,0.000000,0.001217
Q_ind_104_anc_9-3,0.000073,0.000000,0.000000,0.000749
Q_ind_105_anc_9-3,0.000340,0.000000,0.000000,0.003713
Q_ind_106_anc_9-3,0.001257,0.000000,0.000000,0.018580
Q_ind_107_anc_9-3,0.000707,0.000000,0.000000,0.008139
Q_ind_108_anc_9-3,0.000361,0.000000,0.000000,0.003662
Q_ind_109_anc_9-3,0.002055,0.000000,0.000000,0.031450
Q_ind_110_anc_9-3,0.001810,0.000000,0.000000,0.024195
Q_ind_111_anc_9-3,0.003615,0.000000,0.000000,0.046589
Q_ind_112_anc_9-3,0.000769,0.000000,0.000000,0.007557
Q_ind_113_anc_9-3,0.001378,0.000000,0.000000,0.017074
Q_ind_114_anc_9-3,0.000734,0.000000,0.000000,0.008771
Q_ind_115_anc_9-3,0.000292,0.000000,0.000000,0.004118
Q_ind_116_anc_9-3,0.000164,0.000000,0.000000,0.001535
Q_ind_117_anc_9-3,0.000108,0.000000,0.000000,0.001006
Q_ind_118_anc_9-3,0.000139,0.000000,0.000000,0.001202
Q_ind_119_anc_9-3,0.000196,0.000000,0.000000,0.002028
Q_ind_120_anc_9-3,0.000079,0.000000,0.000000,0.000859
Q_ind_121_anc_9-3,0.000097,0.000000,0.000000,0.000877
Q_ind_122_anc_9-3,0.000066,0.000000,0.000000,0.000674
Q_ind_123_anc_9-3,0.000180,0.000000,0.000000,0.001930
Q_ind_124_anc_9-3,0.001625,0.000000,0.000000,0.021097
Q_ind_125_anc_9-3,0.001275,0.000000,0.000000,0.018815
Q_ind_126_anc_9-3,0.000508,0.000000,0.000000,0.005893
Q_ind_127_anc_9-3,0.001816,0.000000,0.000000,0.030142
Q_ind_128_anc_9-3,0.000498,0.000000,0.000000,0.006100
Q_ind_129_anc_9-3,0.000656,0.000000,0.000000,0.005829
Q_ind_130_anc_9-3,0.001091,0.000000,0.000000,0.015839
Q_ind_131_anc_9-3,0.001729,0.000000,0.000000,0.016917
Q_ind_132_anc_9-3,0.000124,0.000000,0.000000,0.001399
Q_ind_133_anc_9-3,0.000218,0.000000,0.000000,0.002136
Q_ind_134_anc_9-3,0.000305,0.000000,0.000000,0.003930
Q_ind_135_anc_9-3,0.000858,0.000000,0.000000,0.013217
Q_ind_136_anc_9-3,0.000474,0.000000,0.000000,0.006242
Q_ind_137_anc_9-3,0.000416,0.000000,0.000000,0.004928
Q_ind_138_anc_9-3,0.000155,0.000000,0.000000,0.001728
Q_ind_139_anc_9-3,0.002404,0.000000,0.000000,0.030155
Q_ind_140_anc_9-3,0.003355,0.000000,0.000000,0.052274
Q_ind_141_anc_9-3,0.000204,0.000000,0.000000,0.002308
Q_ind_142_anc_9-3,0.003381,0.000000,0.000000,0.057800
Q_ind_143_anc_9-3,0.001395,0.000000,0.000000,0.019140
Q_ind_144_anc_9-3,0.000109,0.000000,0.000000,0.001028
Q_ind_145_anc_9-3,0.000066,0.000000,0.000000,0.000646
Q_ind_146_anc_9-3,0.000221,0.000000,0.000000,0.002105
Q_ind_147_anc_9-3,0.000079,0.000000,0.000000,0.000738
Q_ind_148_anc_9-3,0.001749,0.000000,0.000000,0.023388
Q_ind_149_anc_9-3,0.000162,0.000000,0.000000,0.001871
Q_ind_150_anc_9-3,0.000139,0.000000,0.000000,0.001675
Q_ind_151_anc_9-3,0.000221,0.000000,0.000000,0.002711
Q_ind_152_anc_9-3,0.000072,0.000000,0.000000,0.000694
Q_ind_153_anc_9-3,0.000058,0.000000,0.000000,0.000691
Q_ind_154_anc_9-3,0.000310,0.000000,0.000000,0.003874
Q_ind_155_anc_9-3,0.000119,0.000000,0.000000,0.001229
Q_ind_156_anc_9-3,0.000270,0.000000,0.000000,0.002205
Q_ind_157_anc_9-3,0.000241,0.000000,0.000000,0.002126
Q_ind_158_anc_9-3,0.000424,0.000000,0.000000,0.004541
Q_ind_159_anc_9-3,0.000385,0.000000,0.000000,0.004314
Q_ind_160_anc_9-3,0.000243,0.000000,0.000000,0.002734
Q_ind_161_anc_9-3,0.000172,0.000000,0.000000,0.001887
Q_ind_162_anc_9-3,0.000234,0.000000,0.000000,0.002507
Q_ind_163_anc_9-3,0.000380,0.000000,0.000000,0.004246
Q_ind_164_anc_9-3,0.000131,0.000000,0.000000,0.001033
Q_ind_165_anc_9-3,0.001230,0.000000,0.000000,0.017686
Q_ind_166_anc_9-3,0.000664,0.000000,0.000000,0.009679
Q_ind_167_anc_9-3,0.000486,0.000000,0.000000,0.005378
Q_ind_168_anc_9-3,0.007073,0.000000,0.000000,0.091025
Q_ind_169_anc_9-3,0.070804,0.000000,0.000000,0.346387
Q_ind_170_anc_9-3,0.000269,0.000000,0.000000,0.002988
Q_ind_171_anc_9-3,0.000461,0.000000,0.000000,0.005109
Q_ind_172_anc_9-3,0.000410,0.000000,0.000000,0.004366
Q_ind_173_anc_9-3,0.000367,0.000000,0.000000,0.004214
Q_ind_174_anc_9-3,0.000193,0.000000,0.000000,0.002521
Q_ind_175_anc_9-3,0.030900,0.000000,0.000000,0.163321
Q_ind_176_anc_9-3,0.000149,0.000000,0.000000,0.001702
Q_ind_177_anc_9-3,0.004503,0.000000,0.000000,0.058212
Q_ind_178_anc_9-3,0.001403,0.000000,0.000000,0.019714
Q_ind_179_anc_9-3,0.000846,0.000000,0.000000,0.010409
Q_ind_180_anc_9-3,0.000095,0.000000,0.000000,0.001029
Q_ind_181_anc_9-3,0.000351,0.000000,0.000000,0.003895
Q_ind_182_anc_9-3,0.001351,0.000000,0.000000,0.023077
Q_ind_183_anc_9-3,0.000326,0.000000,0.000000,0.003171
Q_ind_184_anc_9-3,0.000580,0.000000,0.000000,0.007579
Q_ind_185_anc_9-3,0.000245,0.000000,0.000000,0.002918
Q_ind_186_anc_9-3,0.000557,0.000000,0.000000,0.007657
Q_ind_187_anc_9-3,0.000276,0.000000,0.000000,0.002819
Q_ind_188_anc_9-3,0.000220,0.000000,0.000000,0.002255
Q_ind_189_anc_9-3,0.000217,0.000000,0.000000,0.001906
Q_ind_190_anc_9-3,0.000607,0.000000,0.000000,0.006040
Q_ind_191_anc_9-3,0.001130,0.000000,0.000000,0.015715
Q_ind_192_anc_9-3,0.000138,0.000000,0.000000,0.001418
Q_ind_193_anc_9-3,0.000207,0.000000,0.000000,0.001909
Q_ind_194_anc_9-3,0.000026,0.000000,0.000000,0.000276
Q_ind_195_anc_9-3,0.000062,0.000000,0.000000,0.000574
Q_ind_196_anc_9-3,0.000036,0.000000,0.000000,0.000339
Q_ind_197_anc_9-3,0.000047,0.000000,0.000000,0.000437
Q_ind_198_anc_9-3,0.000040,0.000000,0.000000,0.000380
Q_ind_199_anc_9-3,0.000086,0.000000,0.000000,0.000813
Q_ind_200_anc_9-3,0.000041,0.000000,0.000000,0.000404
Q_ind_201_anc_9-3,0.000150,0.000000,0.000000,0.001351
Q_ind_202_anc_9-3,0.000129,0.000000,0.000000,0.001445
Q_ind_203_anc_9-3,0.001375,0.000000,0.000000,0.017439
Q_ind_204_anc_9-3,0.000087,0.000000,0.000000,0.000735
Q_ind_205_anc_9-3,0.000584,0.000000,0.000000,0.007617
Q_ind_206_anc_9-3,0.000409,0.000000,0.000000,0.003683
Q_ind_207_anc_9-3,0.001230,0.000000,0.000000,0.019915
Q_ind_208_anc_9-3,0.000537,0.000000,0.000000,0.004662
Q_ind_209_anc_9-3,0.000265,0.000000,0.000000,0.003230
Q_ind_210_anc_9-3,0.000600,0.000000,0.000000,0.007225
Q_ind_211_anc_9-3,0.002919,0.000000,0.000000,0.040959
Q_ind_212_anc_9-3,0.004053,0.000000,0.000000,0.059199
Q_ind_213_anc_9-3,0.000316,0.000000,0.000000,0.003365
Q_ind_214_anc_9-3,0.000946,0.000000,0.000000,0.013898
Q_ind_215_anc_9-3,0.000233,0.000000,0.000000,0.002376
Q_ind_216_anc_9-3,0.000476,0.000000,0.000000,0.006488
Q_ind_217_anc_9-3,0.000237,0.000000,0.000000,0.002473
Q_ind_218_anc_9-3,0.000119,0.000000,0.000000,0.001165
Q_ind_219_anc_9-3,0.003986,0.000000,0.000000,0.044381
Q_ind_220_anc_9-3,0.000610,0.000000,0.000000,0.008835
Q_ind_221_anc_9-3,0.000188,0.000000,0.000000,0.002356
Q_ind_222_anc_9-3,0.000625,0.000000,0.000000,0.008515
Q_ind_223_anc_9-3,0.000395,0.000000,0.000000,0.004345
Q_ind_224_anc_9-3,0.040729,0.000000,0.000000,0.231936
Q_ind_225_anc_9-3,0.000252,0.000000,0.000000,0.002121
Q_ind_226_anc_9-3,0.000221,0.000000,0.000000,0.001742
Q_ind_227_anc_9-3,0.000314,0.000000,0.000000,0.004100
Q_ind_228_anc_9-3,0.000206,0.000000,0.000000,0.002657
Q_ind_229_anc_9-3,0.000201,0.000000,0.000000,0.002024
Q_ind_230_anc_9-3,0.000245,0.000000,0.000000,0.002586
Q_ind_231_anc_9-3,0.000967,0.000000,0.000000,0.010107
Q_ind_232_anc_9-3,0.000528,0.000000,0.000000,0.004672
Q_ind_233_anc_9-3,0.001399,0.000000,0.000000,0.019340
Q_ind_234_anc_9-3,0.000168,0.000000,0.000000,0.001515
Q_ind_235_anc_9-3,0.001343,0.000000,0.000000,0.020075
Q_ind_236_anc_9-3,0.000247,0.000000,0.000000,0.002485
Q_ind_237_anc_9-3,0.000224,0.000000,0.000000,0.002949
Q_ind_238_anc_9-3,0.000290,0.000000,0.000000,0.003749
Q_ind_239_anc_9-3,0.000117,0.000000,0.000000,0.001104
Q_ind_240_anc_9-3,0.000240,0.000000,0.000000,0.002464
Q_ind_241_anc_9-3,0.000923,0.000000,0.000000,0.011380
Q_ind_242_anc_9-3,0.000120,0.000000,0.000000,0.001159
Q_ind_243_anc_9-3,0.001257,0.000000,0.000000,0.018474
Q_ind_244_anc_9-3,0.001107,0.000000,0.000000,0.015811
Q_ind_245_anc_9-3,0.001055,0.000000,0.000000,0.012833
Q_ind_1_anc_9-4,0.000349,0.000000,0.000000,0.003730
Q_ind_2_anc_9-4,0.001718,0.000000,0.000000,0.029200
Q_ind_3_anc_9-4,0.000333,0.000000,0.000000,0.004239
Q_ind_4_anc_9-4,0.001727,0.000000,0.000000,0.024311
Q_ind_5_anc_9-4,0.001288,0.000000,0.000000,0.017783
Q_ind_6_anc_9-4,0.001725,0.000000,0.000000,0.025004
Q_ind_7_anc_9-4,0.001131,0.000000,0.000000,0.015473
Q_ind_8_anc_9-4,0.003628,0.000000,0.000000,0.044837
Q_ind_9_anc_9-4,0.000316,0.000000,0.000000,0.002384
Q_ind_10_anc_9-4,0.000539,0.000000,0.000000,0.007812
Q_ind_11_anc_9-4,0.000764,0.000000,0.000000,0.010512
Q_ind_12_anc_9-4,0.000723,0.000000,0.000000,0.010978
Q_ind_13_anc_9-4,0.000665,0.000000,0.000000,0.007601
Q_ind_14_anc_9-4,0.000494,0.000000,0.000000,0.006593
Q_ind_15_anc_9-4,0.000480,0.000000,0.000000,0.005767
Q_ind_16_anc_9-4,0.000276,0.000000,0.000000,0.002750
Q_ind_17_anc_9-4,0.002013,0.000000,0.000000,0.028481
Q_ind_18_anc_9-4,0.000903,0.000000,0.000000,0.010876
Q_ind_19_anc_9-4,0.000406,0.000000,0.000000,0.004918
Q_ind_20_anc_9-4,0.000463,0.000000,0.000000,0.005289
Q_ind_21_anc_9-4,0.000353,0.000000,0.000000,0.003932
Q_ind_22_anc_9-4,0.001558,0.000000,0.000000,0.028777
Q_ind_23_anc_9-4,0.000166,0.000000,0.000000,0.001570
Q_ind_24_anc_9-4,0.002852,0.000000,0.000000,0.041755
Q_ind_25_anc_9-4,0.000314,0.000000,0.000000,0.002803
Q_ind_26_anc_9-4,0.000375,0.000000,0.000000,0.003650
Q_ind_27_anc_9-4,0.000582,0.000000,0.000000,0.007653
Q_ind_28_anc_9-4,0.000284,0.000000,0.000000,0.003712
Q_ind_29_anc_9-4,0.000911,0.000000,0.000000,0.014002
Q_ind_30_anc_9-4,0.000497,0.000000,0.000000,0.005514
Q_ind_31_anc_9-4,0.000141,0.000000,0.000000,0.001802
Q_ind_32_anc_9-4,0.000238,0.000000,0.000000,0.002075
Q_ind_33_anc_9-4,0.000268,0.000000,0.000000,0.003842
Q_ind_34_anc_9-4,0.000123,0.000000,0.000000,0.001088
Q_ind_35_anc_9-4,0.000164,0.000000,0.000000,0.001279
Q_ind_36_anc_9-4,0.000091,0.000000,0.000000,0.000670
Q_ind_37_anc_9-4,0.000359,0.000000,0.000000,0.004063
Q_ind_38_anc_9-4,0.000075,0.000000,0.000000,0.000822
Q_ind_39_anc_9-4,0.000263,0.000000,0.000000,0.003110
Q_ind_40_anc_9-4,0.000627,0.000000,0.000000,0.008063
Q_ind_41_anc_9-4,0.000252,0.000000,0.000000,0.002762
Q_ind_42_anc_9-4,0.000333,0.000000,0.000000,0.004107
Q_ind_43_anc_9-4,0.000424,0.000000,0.000000,0.004947
Q_ind_44_anc_9-4,0.001740,0.000000,0.000000,0.025004
Q_ind_45_anc_9-4,0.000351,0.000000,0.000000,0.004219
Q_ind_46_anc_9-4,0.000158,0.000000,0.000000,0.001810
Q_ind_47_anc_9-4,0.001611,0.000000,0.000000,0.023135
Q_ind_48_anc_9-4,0.000772,0.000000,0.000000,0.011019
Q_ind_49_anc_9-4,0.000193,0.000000,0.000000,0.002369
Q_ind_50_anc_9-4,0.000246,0.000000,0.000000,0.002711
Q_ind_51_anc_9-4,0.000640,0.000000,0.000000,0.008857
Q_ind_52_anc_9-4,0.000199,0.000000,0.000000,0.002592
Q_ind_53_anc_9-4,0.000328,0.000000,0.000000,0.004055
Q_ind_54_anc_9-4,0.000276,0.000000,0.000000,0.002953
Q_ind_55_anc_9-4,0.000240,0.000000,0.000000,0.002823
Q_ind_56_anc_9-4,0.000614,0.000000,0.000000,0.007355
Q_ind_57_anc_9-4,0.000307,0.000000,0.000000,0.003889
Q_ind_58_anc_9-4,0.000493,0.000000,0.000000,0.006468
Q_ind_59_anc_9-4,0.016633,0.004238,0.000000,0.058057
Q_ind_60_anc_9-4,0.000821,0.000000,0.000000,0.012118
Q_ind_61_anc_9-4,0.000675,0.000000,0.000000,0.009188
Q_ind_62_anc_9-4,0.000430,0.000000,0.000000,0.004695
Q_ind_63_anc_9-4,0.000104,0.000000,0.000000,0.001166
Q_ind_64_anc_9-4,0.000083,0.000000,0.000000,0.000937
Q_ind_65_anc_9-4,0.000092,0.000000,0.000000,0.000940
Q_ind_66_anc_9-4,0.000095,0.000000,0.000000,0.001017
Q_ind_67_anc_9-4,0.000330,0.000000,0.000000,0.004313
Q_ind_68_anc_9-4,0.000437,0.000000,0.000000,0.006529
Q_ind_69_anc_9-4,0.000352,0.000000,0.000000,0.004026
Q_ind_70_anc_9-4,0.000616,0.000000,0.000000,0.008287
Q_ind_71_anc_9-4,0.000211,0.000000,0.000000,0.001989
Q_ind_72_anc_9-4,0.000305,0.000000,0.000000,0.003534
Q_ind_73_anc_9-4,0.000396,0.000000,0.000000,0.004009
Q_ind_74_anc_9-4,0.000229,0.000000,0.000000,0.002099
Q_ind_75_anc_9-4,0.003929,0.000000,0.000000,0.063959
Q_ind_76_anc_9-4,0.000483,0.000000,0.000000,0.007639
Q_ind_77_anc_9-4,0.001087,0.000000,0.000000,0.015033
Q_ind_78_anc_9-4,0.000927,0.000000,0.000000,0.012857
Q_ind_79_anc_9-4,0.000396,0.000000,0.000000,0.004734
Q_ind_80_anc_9-4,0.000622,0.000000,0.000000,0.007360
Q_ind_81_anc_9-4,0.000281,0.000000,0.000000,0.003243
Q_ind_82_anc_9-4,0.000765,0.000000,0.000000,0.010587
Q_ind_83_anc_9-4,0.000249,0.000000,0.000000,0.002751
Q_ind_84_anc_9-4,0.000155,0.000000,0.000000,0.001629
Q_ind_85_anc_9-4,0.000234,0.000000,0.000000,0.002482
Q_ind_86_anc_9-4,0.001503,0.000000,0.000000,0.019478
Q_ind_87_anc_9-4,0.001379,0.000000,0.000000,0.019317
Q_ind_88_anc_9-4,0.001451,0.000000,0.000000,0.021535
Q_ind_89_anc_9-4,0.000630,0.000000,0.000000,0.008581
Q_ind_90_anc_9-4,0.000508,0.000000,0.000000,0.005862
Q_ind_91_anc_9-4,0.000235,0.000000,0.000000,0.002354
Q_ind_92_anc_9-4,0.000644,0.000000,0.000000,0.006346
Q_ind_93_anc_9-4,0.000353,0.000000,0.000000,0.004984
Q_ind_94_anc_9-4,0.089248,0.100425,0.000000,0.176186
Q_ind_95_anc_9-4,0.001627,0.000000,0.000000,0.025733
Q_ind_96_anc_9-4,0.000155,0.000000,0.000000,0.001741
Q_ind_97_anc_9-4,0.000399,0.000000,0.000000,0.005929
Q_ind_98_anc_9-4,0.000075,0.000000,0.000000,0.000694
Q_ind_99_anc_9-4,0.000158,0.000000,0.000000,0.001885
Q_ind_100_anc_9-4,0.000206,0.000000,0.000000,0.001867
Q_ind_101_anc_9-4,0.000064,0.000000,0.000000,0.000733
Q_ind_102_anc_9-4,0.000106,0.000000,0.000000,0.001190
Q_ind_103_anc_9-4,0.000097,0.000000,0.000000,0.001042
Q_ind_104_anc_9-4,0.000095,0.000000,0.000000,0.000732
Q_ind_105_anc_9-4,0.000292,0.000000,0.000000,0.003607
Q_ind_106_anc_9-4,0.000816,0.000000,0.000000,0.011941
Q_ind_107_anc_9-4,0.001046,0.000000,0.000000,0.013519
Q_ind_108_anc_9-4,0.000211,0.000000,0.000000,0.002415
Q_ind_109_anc_9-4,0.000479,0.000000,0.000000,0.005665
Q_ind_110_anc_9-4,0.000759,0.000000,0.000000,0.010071
Q_ind_111_anc_9-4,0.000433,0.000000,0.000000,0.003963
Q_ind_112_anc_9-4,0.000195,0.000000,0.000000,0.001148
Q_ind_113_anc_9-4,0.000287,0.000000,0.000000,0.002792
Q_ind_114_anc_9-4,0.000325,0.000000,0.000000,0.002316
Q_ind_115_anc_9-4,0.000477,0.000000,0.000000,0.005574
Q_ind_116_anc_9-4,0.000104,0.000000,0.000000,0.001166
Q_ind_117_anc_9-4,0.000131,0.000000,0.000000,0.001143
Q_ind_118_anc_9-4,0.000192,0.000000,0.000000,0.002172
Q_ind_119_anc_9-4,0.000267,0.000000,0.000000,0.003162
Q_ind_120_anc_9-4,0.000089,0.000000,0.000000,0.000948
Q_ind_121_anc_9-4,0.000156,0.000000,0.000000,0.001434
Q_ind_122_anc_9-4,0.000088,0.000000,0.000000,0.000822
Q_ind_123_anc_9-4,0.000181,0.000000,0.000000,0.001861
Q_ind_124_anc_9-4,0.002011,0.000000,0.000000,0.030114
Q_ind_125_anc_9-4,0.001001,0.000000,0.000000,0.010238
Q_ind_126_anc_9-4,0.000781,0.000000,0.000000,0.009356
Q_ind_127_anc_9-4,0.000432,0.000000,0.000000,0.005143
Q_ind_128_anc_9-4,0.001366,0.000000,0.000000,0.019723
Q_ind_129_anc_9-4,0.000307,0.000000,0.000000,0.003328
Q_ind_130_anc_9-4,0.002212,0.000000,0.000000,0.031391
Q_ind_131_anc_9-4,0.004748,0.000000,0.000000,0.054117
Q_ind_132_anc_9-4,0.000122,0.000000,0.000000,0.001450
Q_ind_133_anc_9-4,0.000146,0.000000,0.000000,0.001702
Q_ind_134_anc_9-4,0.000118,0.000000,0.000000,0.001217
Q_ind_135_anc_9-4,0.000189,0.000000,0.000000,0.001825
Q_ind_136_anc_9-4,0.000197,0.000000,0.000000,0.002116
Q_ind_137_anc_9-4,0.000276,0.000000,0.000000,0.002963
Q_ind_138_anc_9-4,0.000070,0.000000,0.000000,0.000688
Q_ind_139_anc_9-4,0.000180,0.000000,0.000000,0.002169
Q_ind_140_anc_9-4,0.000438,0.000000,0.000000,0.005434
Q_ind_141_anc_9-4,0.000091,0.000000,0.000000,0.000852
Q_ind_142_anc_9-4,0.000264,0.000000,0.000000,0.002426
Q_ind_143_anc_9-4,0.000157,0.000000,0.000000,0.001605
Q_ind_144_anc_9-4,0.000140,0.000000,0.000000,0.001203
Q_ind_145_anc_9-4,0.000115,0.000000,0.000000,0.001348
Q_ind_146_anc_9-4,0.000226,0.000000,0.000000,0.002351
Q_ind_147_anc_9-4,0.000100,0.000000,0.000000,0.000819
Q_ind_148_anc_9-4,0.000401,0.000000,0.000000,0.004864
Q_ind_149_anc_9-4,0.001591,0.000000,0.000000,0.024343
Q_ind_150_anc_9-4,0.000202,0.000000,0.000000,0.002187
Q_ind_151_anc_9-4,0.000381,0.000000,0.000000,0.005405
Q_ind_152_anc_9-4,0.000100,0.000000,0.000000,0.001042
Q_ind_153_anc_9-4,0.000106,0.000000,0.000000,0.001228
Q_ind_154_anc_9-4,0.000169,0.000000,0.000000,0.002084
Q_ind_155_anc_9-4,0.003170,0.000000,0.000000,0.043882
Q_ind_156_anc_9-4,0.000336,0.000000,0.000000,0.004639
Q_ind_157_anc_9-4,0.000447,0.000000,0.000000,0.005698
Q_ind_158_anc_9-4,0.000718,0.000000,0.000000,0.010429
Q_ind_159_anc_9-4,0.000232,0.000000,0.000000,0.002492
Q_ind_160_anc_9-4,0.001239,0.000000,0.000000,0.017814
Q_ind_161_anc_9-4,0.000271,0.000000,0.000000,0.003307
Q_ind_162_anc_9-4,0.000265,0.000000,0.000000,0.003504
Q_ind_163_anc_9-4,0.000549,0.000000,0.000000,0.007087
Q_ind_164_anc_9-4,0.000403,0.000000,0.000000,0.004107
Q_ind_165_anc_9-4,0.000955,0.000000,0.000000,0.015367
Q_ind_166_anc_9-4,0.000460,0.000000,0.000000,0.005965
Q_ind_167_anc_9-4,0.000222,0.000000,0.000000,0.002769
Q_ind_168_anc_9-4,0.002157,0.000000,0.000000,0.026944
Q_ind_169_anc_9-4,0.002561,0.000000,0.000000,0.040413
Q_ind_170_anc_9-4,0.000271,0.000000,0.000000,0.003928
Q_ind_171_anc_9-4,0.005226,0.000000,0.000000,0.047418
Q_ind_172_anc_9-4,0.000283,0.000000,0.000000,0.003860
Q_ind_173_anc_9-4,0.000124,0.000000,0.000000,0.001523
Q_ind_174_anc_9-4,0.000132,0.000000,0.000000,0.001519
Q_ind_175_anc_9-4,0.003070,0.000000,0.000000,0.037116
Q_ind_176_anc_9-4,0.000249,0.000000,0.000000,0.002181
Q_ind_177_anc_9-4,0.001452,0.000000,0.000000,0.020001
Q_ind_178_anc_9-4,0.001028,0.000000,0.000000,0.014789
Q_ind_179_anc_9-4,0.001828,0.000000,0.000000,0.023790
Q_ind_180_anc_9-4,0.000204,0.000000,0.000000,0.001687
Q_ind_181_anc_9-4,0.000446,0.000000,0.000000,0.004588
Q_ind_182_anc_9-4,0.000732,0.000000,0.000000,0.010175
Q_ind_183_anc_9-4,0.000830,0.000000,0.000000,0.012323
Q_ind_184_anc_9-4,0.007760,0.000000,0.000000,0.064034
Q_ind_185_anc_9-4,0.000107,0.000000,0.000000,0.000872
Q_ind_186_anc_9-4,0.000243,0.000000,0.000000,0.002992
Q_ind_187_anc_9-4,0.000076,0.000000,0.000000,0.000888
Q_ind_188_anc_9-4,0.000078,0.000000,0.000000,0.000819
Q_ind_189_anc_9-4,0.000132,0.000000,0.000000,0.001277
Q_ind_190_anc_9-4,0.000342,0.000000,0.000000,0.002811
Q_ind_191_anc_9-4,0.000107,0.000000,0.000000,0.000916
Q_ind_192_anc_9-4,0.000057,0.000000,0.000000,0.000583
Q_ind_193_anc_9-4,0.000157,0.000000,0.000000,0.001782
Q_ind_194_anc_9-4,0.000030,0.000000,0.000000,0.000295
Q_ind_195_anc_9-4,0.000182,0.000000,0.000000,0.002223
Q_ind_196_anc_9-4,0.000041,0.000000,0.000000,0.000352
Q_ind_197_anc_9-4,0.000039,0.000000,0.000000,0.000411
Q_ind_198_anc_9-4,0.000034,0.000000,0.000000,0.000320
Q_ind_199_anc_9-4,0.000129,0.000000,0.000000,0.001333
Q_ind_200_anc_9-4,0.000057,0.000000,0.000000,0.000572
Q_ind_201_anc_9-4,0.000092,0.000000,0.000000,0.000921
Q_ind_202_anc_9-4,0.000167,0.000000,0.000000,0.002065
Q_ind_203_anc_9-4,0.004870,0.000000,0.000000,0.043337
Q_ind_204_anc_9-4,0.000267,0.000000,0.000000,0.002835
Q_ind_205_anc_9-4,0.000523,0.000000,0.000000,0.008153
Q_ind_206_anc_9-4,0.000457,0.000000,0.000000,0.005967
Q_ind_207_anc_9-4,0.001154,0.000000,0.000000,0.015735
Q_ind_208_anc_9-4,0.000334,0.000000,0.000000,0.003597
Q_ind_209_anc_9-4,0.000212,0.000000,0.000000,0.002370
Q_ind_210_anc_9-4,0.000222,0.000000,0.000000,0.002548
Q_ind_211_anc_9-4,0.000310,0.000000,0.000000,0.003734
Q_ind_212_anc_9-4,0.000303,0.000000,0.000000,0.003130
Q_ind_213_anc_9-4,0.000356,0.000000,0.000000,0.005019
Q_ind_214_anc_9-4,0.001018,0.000000,0.000000,0.014339
Q_ind_215_anc_9-4,0.000656,0.000000,0.000000,0.008195
Q_ind_216_anc_9-4,0.001555,0.000000,0.000000,0.024153
Q_ind_217_anc_9-4,0.000081,0.000000,0.000000,0.000891
Q_ind_218_anc_9-4,0.000214,0.000000,0.000000,0.002304
Q_ind_219_anc_9-4,0.000666,0.000000,0.000000,0.009089
Q_ind_220_anc_9-4,0.000308,0.000000,0.000000,0.001814
Q_ind_221_anc_9-4,0.000348,0.000000,0.000000,0.003618
Q_ind_222_anc_9-4,0.001117,0.000000,0.000000,0.015351
Q_ind_223_anc_9-4,0.000770,0.000000,0.000000,0.010103
Q_ind_224_anc_9-4,0.065900,0.060418,0.000000,0.178209
Q_ind_225_anc_9-4,0.005221,0.000000,0.000000,0.080867
Q_ind_226_anc_9-4,0.003315,0.000000,0.000000,0.054326
Q_ind_227_anc_9-4,0.000856,0.000000,0.000000,0.009420
Q_ind_228_anc_9-4,0.004906,0.000000,0.000000,0.098569
Q_ind_229_anc_9-4,0.001640,0.000000,0.000000,0.022294
Q_ind_230_anc_9-4,0.000278,0.000000,0.000000,0.003159
Q_ind_231_anc_9-4,0.011045,0.000000,0.000000,0.144590
Q_ind_232_anc_9-4,0.000698,0.000000,0.000000,0.009683
Q_ind_233_anc_9-4,0.000831,0.000000,0.000000,0.011185
Q_ind_234_anc_9-4,0.000535,0.000000,0.000000,0.007639
Q_ind_235_anc_9-4,0.000217,0.000000,0.000000,0.002971
Q_ind_236_anc_9-4,0.000321,0.000000,0.000000,0.003705
Q_ind_237_anc_9-4,0.000096,0.000000,0.000000,0.000940
Q_ind_238_anc_9-4,0.000150,0.000000,0.000000,0.001580
Q_ind_239_anc_9-4,0.000103,0.000000,0.000000,0.001211
Q_ind_240_anc_9-4,0.000351,0.000000,0.000000,0.004481
Q_ind_241_anc_9-4,0.000775,0.000000,0.000000,0.011006
Q_ind_242_anc_9-4,0.000420,0.000000,0.000000,0.004966
Q_ind_243_anc_9-4,0.000314,0.000000,0.000000,0.003586
Q_ind_244_anc_9-4,0.000340,0.000000,0.000000,0.004787
Q_ind_245_anc_9-4,0.000170,0.000000,0.000000,0.001971
Q_ind_1_anc_9-5,0.000186,0.000000,0.000000,0.002150
Q_ind_2_anc_9-5,0.000107,0.000000,0.000000,0.000994
Q_ind_3_anc_9-5,0.000096,0.000000,0.000000,0.001045
Q_ind_4_anc_9-5,0.000391,0.000000,0.000000,0.005441
Q_ind_5_anc_9-5,0.000304,0.000000,0.000000,0.003142
Q_ind_6_anc_9-5,0.000360,0.000000,0.000000,0.004283
Q_ind_7_anc_9-5,0.000143,0.000000,0.000000,0.001591
Q_ind_8_anc_9-5,0.000405,0.000000,0.000000,0.004983
Q_ind_9_anc_9-5,0.000200,0.000000,0.000000,0.002443
Q_ind_10_anc_9-5,0.000079,0.000000,0.000000,0.000870
Q_ind_11_anc_9-5,0.000738,0.000000,0.000000,0.011240
Q_ind_12_anc_9-5,0.000863,0.000000,0.000000,0.011455
Q_ind_13_anc_9-5,0.003941,0.000000,0.000000,0.044840
Q_ind_14_anc_9-5,0.000825,0.000000,0.000000,0.011589
Q_ind_15_anc_9-5,0.000408,0.000000,0.000000,0.004602
Q_ind_16_anc_9-5,0.000885,0.000000,0.000000,0.013381
Q_ind_17_anc_9-5,0.001210,0.000000,0.000000,0.017563
Q_ind_18_anc_9-5,0.003845,0.000000,0.000000,0.056535
Q_ind_19_anc_9-5,0.000418,0.000000,0.000000,0.005122
Q_ind_20_anc_9-5,0.000444,0.000000,0.000000,0.005931
Q_ind_21_anc_9-5,0.000342,0.000000,0.000000,0.003744
Q_ind_22_anc_9-5,0.000166,0.000000,0.000000,0.001588
Q_ind_23_anc_9-5,0.000152,0.000000,0.000000,0.001464
Q_ind_24_anc_9-5,0.000281,0.000000,0.000000,0.002629
Q_ind_25_anc_9-5,0.000469,0.000000,0.000000,0.005451
Q_ind_26_anc_9-5,0.000103,0.000000,0.000000,0.000949
Q_ind_27_anc_9-5,0.000179,0.000000,0.000000,0.002080
Q_ind_28_anc_9-5,0.000366,0.000000,0.000000,0.004724
Q_ind_29_anc_9-5,0.000718,0.000000,0.000000,0.009556
Q_ind_30_anc_9-5,0.000185,0.000000,0.000000,0.001903
Q_ind_31_anc_9-5,0.000135,0.000000,0.000000,0.001083
Q_ind_32_anc_9-5,0.000140,0.000000,0.000000,0.001482
Q_ind_33_anc_9-5,0.000099,0.000000,0.000000,0.001123
Q_ind_34_anc_9-5,0.000103,0.000000,0.000000,0.001044
Q_ind_35_anc_9-5,0.000108,0.000000,0.000000,0.000994
Q_ind_36_anc_9-5,0.000072,0.000000,0.000000,0.000696
Q_ind_37_anc_9-5,0.000235,0.000000,0.000000,0.002940
Q_ind_38_anc_9-5,0.000097,0.000000,0.000000,0.001058
Q_ind_39_anc_9-5,0.000173,0.000000,0.000000,0.001342
Q_ind_40_anc_9-5,0.000314,0.000000,0.000000,0.003465
Q_ind_41_anc_9-5,0.000397,0.000000,0.000000,0.004596
Q_ind_42_anc_9-5,0.000482,0.000000,0.000000,0.003956
Q_ind_43_anc_9-5,0.003006,0.000000,0.000000,0.037543
Q_ind_44_anc_9-5,0.034028,0.000681,0.000000,0.125232
Q_ind_45_anc_9-5,0.000553,0.000000,0.000000,0.006750
Q_ind_46_anc_9-5,0.001500,0.000000,0.000000,0.022225
Q_ind_47_anc_9-5,0.002044,0.000000,0.000000,0.029957
Q_ind_48_anc_9-5,0.000408,0.000000,0.000000,0.004433
Q_ind_49_anc_9-5,0.000550,0.000000,0.000000,0.006886
Q_ind_50_anc_9-5,0.001108,0.000000,0.000000,0.015320
Q_ind_51_anc_9-5,0.004533,0.000000,0.000000,0.061346
Q_ind_52_anc_9-5,0.000413,0.000000,0.000000,0.005930
Q_ind_53_anc_9-5,0.001324,0.000000,0.000000,0.012862
Q_ind_54_anc_9-5,0.009275,0.000000,0.000000,0.063825
Q_ind_55_anc_9-5,0.001553,0.000000,0.000000,0.023647
Q_ind_56_anc_9-5,0.000895,0.000000,0.000000,0.011850
Q_ind_57_anc_9-5,0.001174,0.000000,0.000000,0.015256
Q_ind_58_anc_9-5,0.004203,0.000000,0.000000,0.042056
Q_ind_59_anc_9-5,0.002898,0.000000,0.000000,0.035575
Q_ind_60_anc_9-5,0.000620,0.000000,0.000000,0.008082
Q_ind_61_anc_9-5,0.001044,0.000000,0.000000,0.011723
Q_ind_62_anc_9-5,0.000450,0.000000,0.000000,0.006283
Q_ind_63_anc_9-5,0.000083,0.000000,0.000000,0.000685
Q_ind_64_anc_9-5,0.000045,0.000000,0.000000,0.000382
Q_ind_65_anc_9-5,0.000117,0.000000,0.000000,0.001391
Q_ind_66_anc_9-5,0.000087,0.000000,0.000000,0.000856
Q_ind_67_anc_9-5,0.000090,0.000000,0.000000,0.000883
Q_ind_68_anc_9-5,0.000224,0.000000,0.000000,0.002246
Q_ind_69_anc_9-5,0.000485,0.000000,0.000000,0.006168
Q_ind_70_anc_9-5,0.000811,0.000000,0.000000,0.011743
Q_ind_71_anc_9-5,0.000416,0.000000,0.000000,0.003839
Q_ind_72_anc_9-5,0.000603,0.000000,0.000000,0.009584
Q_ind_73_anc_9-5,0.000966,0.000000,0.000000,0.013012
Q_ind_74_anc_9-5,0.000449,0.000000,0.000000,0.004674
Q_ind_75_anc_9-5,0.003237,0.000000,0.000000,0.049167
Q_ind_76_anc_9-5,0.000530,0.000000,0.000000,0.006536
Q_ind_77_anc_9-5,0.000262,0.000000,0.000000,0.003189
Q_ind_78_anc_9-5,0.000315,0.000000,0.000000,0.003924
Q_ind_79_anc_9-5,0.000513,0.000000,0.000000,0.007345
Q_ind_80_anc_9-5,0.000092,0.000000,0.000000,0.001123
Q_ind_81_anc_9-5,0.000248,0.000000,0.000000,0.003099
Q_ind_82_anc_9-5,0.000628,0.000000,0.000000,0.008450
Q_ind_83_anc_9-5,0.000182,0.000000,0.000000,0.001776
Q_ind_84_anc_9-5,0.000261,0.000000,0.000000,0.003060
Q_ind_85_anc_9-5,0.000167,0.000000,0.000000,0.001484
Q_ind_86_anc_9-5,0.000120,0.000000,0.000000,0.000983
Q_ind_87_anc_9-5,0.000530,0.000000,0.000000,0.006374
Q_ind_88_anc_9-5,0.000522,0.000000,0.000000,0.007013
Q_ind_89_anc_9-5,0.000195,0.000000,0.000000,0.002167
Q_ind_90_anc_9-5,0.000956,0.000000,0.000000,0.011913
Q_ind_91_anc_9-5,0.000309,0.000000,0.000000,0.003129
Q_ind_92_anc_9-5,0.000741,0.000000,0.000000,0.009063
Q_ind_93_anc_9-5,0.000500,0.000000,0.000000,0.005856
Q_ind_94_anc_9-5,0.000251,0.000000,0.000000,0.002368
Q_ind_95_anc_9-5,0.001317,0.000000,0.000000,0.019607
Q_ind_96_anc_9-5,0.000287,0.000000,0.000000,0.003551
Q_ind_97_anc_9-5,0.000138,0.000000,0.000000,0.001864
Q_ind_98_anc_9-5,0.000320,0.000000,0.000000,0.004385
Q_ind_99_anc_9-5,0.000290,0.000000,0.000000,0.002894
Q_ind_100_anc_9-5,0.000126,0.000000,0.000000,0.001177
Q_ind_101_anc_9-5,0.000078,0.000000,0.000000,0.000699
Q_ind_102_anc_9-5,0.000073,0.000000,0.000000,0.000780
Q_ind_103_anc_9-5,0.000098,0.000000,0.000000,0.000823
Q_ind_104_anc_9-5,0.000074,0.000000,0.000000,0.000637
Q_ind_105_anc_9-5,0.000282,0.000000,0.000000,0.003325
Q_ind_106_anc_9-5,0.000746,0.000000,0.000000,0.010189
Q_ind_107_anc_9-5,0.000276,0.000000,0.000000,0.003623
Q_ind_108_anc_9-5,0.000222,0.000000,0.000000,0.002338
Q_ind_109_anc_9-5,0.000297,0.000000,0.000000,0.003792
Q_ind_110_anc_9-5,0.000957,0.000000,0.000000,0.013288
Q_ind_111_anc_9-5,0.001374,0.000000,0.000000,0.017629
Q_ind_112_anc_9-5,0.000699,0.000000,0.000000,0.009077
Q_ind_113_anc_9-5,0.000175,0.000000,0.000000,0.001862
Q_ind_114_anc_9-5,0.000422,0.000000,0.000000,0.005647
Q_ind_115_anc_9-5,0.000178,0.000000,0.000000,0.001433
Q_ind_116_anc_9-5,0.000364,0.000000,0.000000,0.004211
Q_ind_117_anc_9-5,0.000203,0.000000,0.000000,0.002222
Q_ind_118_anc_9-5,0.000316,0.000000,0.000000,0.003517
Q_ind_119_anc_9-5,0.000184,0.000000,0.000000,0.002001
Q_ind_120_anc_9-5,0.000079,0.000000,0.000000,0.000919
Q_ind_121_anc_9-5,0.000180,0.000000,0.000000,0.001898
Q_ind_122_anc_9-5,0.000089,0.000000,0.000000,0.001012
Q_ind_123_anc_9-5,0.000097,0.000000,0.000000,0.000905
Q_ind_124_anc_9-5,0.005500,0.000000,0.000000,0.063900
Q_ind_125_anc_9-5,0.000247,0.000000,0.000000,0.003215
Q_ind_126_anc_9-5,0.001354,0.000000,0.000000,0.020732
Q_ind_127_anc_9-5,0.000318,0.000000,0.000000,0.003252
Q_ind_128_anc_9-5,0.000793,0.000000,0.000000,0.009448
Q_ind_129_anc_9-5,0.000445,0.000000,0.000000,0.006168
Q_ind_130_anc_9-5,0.001882,0.000000,0.000000,0.026163
Q_ind_131_anc_9-5,0.000148,0.000000,0.000000,0.001595
Q_ind_132_anc_9-5,0.000103,0.000000,0.000000,0.000957
Q_ind_133_anc_9-5,0.000130,0.000000,0.000000,0.001346
Q_ind_134_anc_9-5,0.000510,0.000000,0.000000,0.007254
Q_ind_135_anc_9-5,0.000497,0.000000,0.000000,0.006799
Q_ind_136_anc_9-5,0.000250,0.000000,0.000000,0.003538
Q_ind_137_anc_9-5,0.000159,0.000000,0.000000,0.001858
Q_ind_138_anc_9-5,0.000094,0.000000,0.000000,0.000866
Q_ind_139_anc_9-5,0.000225,0.000000,0.000000,0.002348
Q_ind_140_anc_9-5,0.000413,0.000000,0.000000,0.005335
Q_ind_141_anc_9-5,0.000389,0.000000,0.000000,0.004875
Q_ind_142_anc_9-5,0.001138,0.000000,0.000000,0.012778
Q_ind_143_anc_9-5,0.000586,0.000000,0.000000,0.008619
Q_ind_144_anc_9-5,0.000129,0.000000,0.000000,0.001490
Q_ind_145_anc_9-5,0.000058,0.000000,0.000000,0.000649
Q_ind_146_anc_9-5,0.000235,0.000000,0.000000,0.002499
Q_ind_147_anc_9-5,0.000243,0.000000,0.000000,0.003260
Q_ind_148_anc_9-5,0.000238,0.000000,0.000000,0.002390
Q_ind_149_anc_9-5,0.000060,0.000000,0.000000,0.000598
Q_ind_150_anc_9-5,0.000232,0.000000,0.000000,0.002646
Q_ind_151_anc_9-5,0.000076,0.000000,0.000000,0.000747
Q_ind_152_anc_9-5,0.000144,0.000000,0.000000,0.001020
Q_ind_153_anc_9-5,0.000067,0.000000,0.000000,0.000738
Q_ind_154_anc_9-5,0.000372,0.000000,0.000000,0.005157
Q_ind_155_anc_9-5,0.000164,0.000000,0.000000,0.001645
Q_ind_156_anc_9-5,0.000230,0.000000,0.000000,0.002842
Q_ind_157_anc_9-5,0.000327,0.000000,0.000000,0.004373
Q_ind_158_anc_9-5,0.000144,0.000000,0.000000,0.001347
Q_ind_159_anc_9-5,0.000224,0.000000,0.000000,0.002811
Q_ind_160_anc_9-5,0.000150,0.000000,0.000000,0.001763
Q_ind_161_anc_9-5,0.000161,0.000000,0.000000,0.001569
Q_ind_162_anc_9-5,0.000104,0.000000,0.000000,0.001209
Q_ind_163_anc_9-5,0.000102,0.000000,0.000000,0.000940
Q_ind_164_anc_9-5,0.000209,0.000000,0.000000,0.001801
Q_ind_165_anc_9-5,0.000267,0.000000,0.000000,0.002889
Q_ind_166_anc_9-5,0.000123,0.000000,0.000000,0.001023
Q_ind_167_anc_9-5,0.000120,0.000000,0.000000,0.001171
Q_ind_168_anc_9-5,0.020011,0.000014,0.000000,0.074572
Q_ind_169_anc_9-5,0.000102,0.000000,0.000000,0.001198
Q_ind_170_anc_9-5,0.000168,0.000000,0.000000,0.001883
Q_ind_171_anc_9-5,0.000321,0.000000,0.000000,0.002425
Q_ind_172_anc_9-5,0.000416,0.000000,0.000000,0.005637
Q_ind_173_anc_9-5,0.000705,0.000000,0.000000,0.010571
Q_ind_174_anc_9-5,0.000117,0.000000,0.000000,0.001039
Q_ind_175_anc_9-5,0.003554,0.000000,0.000000,0.034832
Q_ind_176_anc_9-5,0.000141,0.000000,0.000000,0.001445
Q_ind_177_anc_9-5,0.000239,0.000000,0.000000,0.002516
Q_ind_178_anc_9-5,0.000309,0.000000,0.000000,0.004331
Q_ind_179_anc_9-5,0.000224,0.000000,0.000000,0.002228
Q_ind_180_anc_9-5,0.000119,0.000000,0.000000,0.000899
Q_ind_181_anc_9-5,0.000172,0.000000,0.000000,0.001848
Q_ind_182_anc_9-5,0.000356,0.000000,0.000000,0.004143
Q_ind_183_anc_9-5,0.000191,0.000000,0.000000,0.000991
Q_ind_184_anc_9-5,0.000630,0.000000,0.000000,0.009593
Q_ind_185_anc_9-5,0.000278,0.000000,0.000000,0.002446
Q_ind_186_anc_9-5,0.000106,0.000000,0.000000,0.001051
Q_ind_187_anc_9-5,0.000433,0.000000,0.000000,0.005537
Q_ind_188_anc_9-5,0.000229,0.000000,0.000000,0.002199
Q_ind_189_anc_9-5,0.000115,0.000000,0.000000,0.001296
Q_ind_190_anc_9-5,0.000295,0.000000,0.000000,0.002923
Q_ind_191_anc_9-5,0.000191,0.000000,0.000000,0.002049
Q_ind_192_anc_9-5,0.000091,0.000000,0.000000,0.000893
Q_ind_193_anc_9-5,0.000162,0.000000,0.000000,0.002049
Q_ind_194_anc_9-5,0.000023,0.000000,0.000000,0.000220
Q_ind_195_anc_9-5,0.000068,0.000000,0.000000,0.000696
Q_ind_196_anc_9-5,0.000031,0.000000,0.000000,0.000217
Q_ind_197_anc_9-5,0.000041,0.000000,0.000000,0.000392
Q_ind_198_anc_9-5,0.000030,0.000000,0.000000,0.000267
Q_ind_199_anc_9-5,0.000051,0.000000,0.000000,0.000507
Q_ind_200_anc_9-5,0.000044,0.000000,0.000000,0.000439
Q_ind_201_anc_9-5,0.000205,0.000000,0.000000,0.001399
Q_ind_202_anc_9-5,0.000071,0.000000,0.000000,0.000718
Q_ind_203_anc_9-5,0.000234,0.000000,0.000000,0.002077
Q_ind_204_anc_9-5,0.000262,0.000000,0.000000,0.003152
Q_ind_205_anc_9-5,0.000225,0.000000,0.000000,0.002511
Q_ind_206_anc_9-5,0.000212,0.000000,0.000000,0.002465
Q_ind_207_anc_9-5,0.000774,0.000000,0.000000,0.011472
Q_ind_208_anc_9-5,0.000452,0.000000,0.000000,0.004243
Q_ind_209_anc_9-5,0.000292,0.000000,0.000000,0.003512
Q_ind_210_anc_9-5,0.000336,0.000000,0.000000,0.004379
Q_ind_211_anc_9-5,0.000119,0.000000,0.000000,0.001174
Q_ind_212_anc_9-5,0.000639,0.000000,0.000000,0.007280
Q_ind_213_anc_9-5,0.000310,0.000000,0.000000,0.003225
Q_ind_214_anc_9-5,0.000314,0.000000,0.000000,0.003109
Q_ind_215_anc_9-5,0.000246,0.000000,0.000000,0.003102
Q_ind_216_anc_9-5,0.000792,0.000000,0.000000,0.010911
Q_ind_217_anc_9-5,0.000167,0.000000,0.000000,0.002015
Q_ind_218_anc_9-5,0.000126,0.000000,0.000000,0.001389
Q_ind_219_anc_9-5,0.001533,0.000000,0.000000,0.025119
Q_ind_220_anc_9-5,0.000228,0.000000,0.000000,0.002620
Q_ind_221_anc_9-5,0.000227,0.000000,0.000000,0.002149
Q_ind_222_anc_9-5,0.000200,0.000000,0.000000,0.001708
Q_ind_223_anc_9-5,0.002843,0.000000,0.000000,0.040155
Q_ind_224_anc_9-5,0.000556,0.000000,0.000000,0.005878
Q_ind_225_anc_9-5,0.001878,0.000000,0.000000,0.028682
Q_ind_226_anc_9-5,0.001075,0.000000,0.000000,0.010743
Q_ind_227_anc_9-5,0.006207,0.000000,0.000000,0.095879
Q_ind_228_anc_9-5,0.004813,0.000000,0.000000,0.080932
Q_ind_229_anc_9-5,0.001074,0.000000,0.000000,0.014073
Q_ind_230_anc_9-5,0.001163,0.000000,0.000000,0.012844
Q_ind_231_anc_9-5,0.010638,0.000000,0.000000,0.078946
Q_ind_232_anc_9-5,0.003006,0.000000,0.000000,0.046788
Q_ind_233_anc_9-5,0.002730,0.000000,0.000000,0.039409
Q_ind_234_anc_9-5,0.000245,0.000000,0.000000,0.003075
Q_ind_235_anc_9-5,0.009264,0.000000,0.000000,0.064508
Q_ind_236_anc_9-5,0.000521,0.000000,0.000000,0.007153
Q_ind_237_anc_9-5,0.000706,0.000000,0.000000,0.009170
Q_ind_238_anc_9-5,0.001028,0.000000,0.000000,0.017005
Q_ind_239_anc_9-5,0.000741,0.000000,0.000000,0.009446
Q_ind_240_anc_9-5,0.004619,0.000000,0.000000,0.054864
Q_ind_241_anc_9-5,0.000376,0.000000,0.000000,0.004946
Q_ind_242_anc_9-5,0.000157,0.000000,0.000000,0.001871
Q_ind_243_anc_9-5,0.000269,0.000000,0.000000,0.002229
Q_ind_244_anc_9-5,0.000164,0.000000,0.000000,0.001965
Q_ind_245_anc_9-5,0.000457,0.000000,0.000000,0.005875
Q_ind_1_anc_9-6,0.002889,0.000000,0.000000,0.042815
Q_ind_2_anc_9-6,0.000552,0.000000,0.000000,0.005507
Q_ind_3_anc_9-6,0.018183,0.000000,0.000000,0.178283
Q_ind_4_anc_9-6,0.020807,0.000000,0.000000,0.111294
Q_ind_5_anc_9-6,0.007577,0.000000,0.000000,0.078263
Q_ind_6_anc_9-6,0.017848,0.000000,0.000000,0.157910
Q_ind_7_anc_9-6,0.007111,0.000000,0.000000,0.091038
Q_ind_8_anc_9-6,0.011022,0.000000,0.000000,0.132670
Q_ind_9_anc_9-6,0.004563,0.000000,0.000000,0.074142
Q_ind_10_anc_9-6,0.041547,0.000105,0.000000,0.172927
Q_ind_11_anc_9-6,0.000533,0.000000,0.000000,0.007287
Q_ind_12_anc_9-6,0.002769,0.000000,0.000000,0.029765
Q_ind_13_anc_9-6,0.000574,0.000000,0.000000,0.005780
Q_ind_14_anc_9-6,0.002452,0.000000,0.000000,0.036400
Q_ind_15_anc_9-6,0.000416,0.000000,0.000000,0.004437
Q_ind_16_anc_9-6,0.000340,0.000000,0.000000,0.002761
Q_ind_17_anc_9-6,0.001064,0.000000,0.000000,0.016720
Q_ind_18_anc_9-6,0.004127,0.000000,0.000000,0.051352
Q_ind_19_anc_9-6,0.000316,0.000000,0.000000,0.003287
Q_ind_20_anc_9-6,0.000342,0.000000,0.000000,0.001985
Q_ind_21_anc_9-6,0.001865,0.000000,0.000000,0.024794
Q_ind_22_anc_9-6,0.000768,0.000000,0.000000,0.012435
Q_ind_23_anc_9-6,0.000603,0.000000,0.000000,0.007041
Q_ind_24_anc_9-6,0.000504,0.000000,0.000000,0.006570
Q_ind_25_anc_9-6,0.018042,0.000000,0.000000,0.085404
Q_ind_26_anc_9-6,0.000247,0.000000,0.000000,0.002867
Q_ind_27_anc_9-6,0.000278,0.000000,0.000000,0.003344
Q_ind_28_anc_9-6,0.000404,0.000000,0.000000,0.002889
Q_ind_29_anc_9-6,0.000935,0.000000,0.000000,0.012376
Q_ind_30_anc_9-6,0.000650,0.000000,0.000000,0.009109
Q_ind_31_anc_9-6,0.000140,0.000000,0.000000,0.001478
Q_ind_32_anc_9-6,0.001939,0.000000,0.000000,0.028983
Q_ind_33_anc_9-6,0.000714,0.000000,0.000000,0.008299
Q_ind_34_anc_9-6,0.000323,0.000000,0.000000,0.003945
Q_ind_35_anc_9-6,0.000625,0.000000,0.000000,0.003520
Q_ind_36_anc_9-6,0.000077,0.000000,0.000000,0.000768
Q_ind_37_anc_9-6,0.000687,0.000000,0.000000,0.010002
Q_ind_38_anc_9-6,0.000184,0.000000,0.000000,0.002189
Q_ind_39_anc_9-6,0.000284,0.000000,0.000000,0.003098
Q_ind_40_anc_9-6,0.003770,0.000000,0.000000,0.048395
Q_ind_41_anc_9-6,0.001458,0.000000,0.000000,0.019744
Q_ind_42_anc_9-6,0.000388,0.000000,0.000000,0.003692
Q_ind_43_anc_9-6,0.000637,0.000000,0.000000,0.009630
Q_ind_44_anc_9-6,0.000287,0.000000,0.000000,0.003122
Q_ind_45_anc_9-6,0.000342,0.000000,0.000000,0.003241
Q_ind_46_anc_9-6,0.000264,0.000000,0.000000,0.003360
Q_ind_47_anc_9-6,0.000247,0.000000,0.000000,0.002673
Q_ind_48_anc_9-6,0.000320,0.000000,0.000000,0.004765
Q_ind_49_anc_9-6,0.000427,0.000000,0.000000,0.006231
Q_ind_50_anc_9-6,0.000185,0.000000,0.000000,0.001853
Q_ind_51_anc_9-6,0.000403,0.000000,0.000000,0.004908
Q_ind_52_anc_9-6,0.000180,0.000000,0.000000,0.002137
Q_ind_53_anc_9-6,0.000317,0.000000,0.000000,0.003228
Q_ind_54_anc_9-6,0.000484,0.000000,0.000000,0.007544
Q_ind_55_anc_9-6,0.000728,0.000000,0.000000,0.010189
Q_ind_56_anc_9-6,0.000384,0.000000,0.000000,0.004851
Q_ind_57_anc_9-6,0.000898,0.000000,0.000000,0.012624
Q_ind_58_anc_9-6,0.000230,0.000000,0.000000,0.003058
Q_ind_59_anc_9-6,0.001396,0.000000,0.000000,0.020860
Q_ind_60_anc_9-6,0.000694,0.000000,0.000000,0.010338
Q_ind_61_anc_9-6,0.000174,0.000000,0.000000,0.002175
Q_ind_62_anc_9-6,0.001223,0.000000,0.000000,0.016302
Q_ind_63_anc_9-6,0.000111,0.000000,0.000000,0.000852
Q_ind_64_anc_9-6,0.000221,0.000000,0.000000,0.002542
Q_ind_65_anc_9-6,0.000236,0.000000,0.000000,0.002622
Q_ind_66_anc_9-6,0.000118,0.000000,0.000000,0.001032
Q_ind_67_anc_9-6,0.005279,0.000000,0.000000,0.054087
Q_ind_68_anc_9-6,0.000355,0.000000,0.000000,0.004815
Q_ind_69_anc_9-6,0.001410,0.000000,0.000000,0.018856
Q_ind_70_anc_9-6,0.000617,0.000000,0.000000,0.007422
Q_ind_71_anc_9-6,0.000366,0.000000,0.000000,0.003632
Q_ind_72_anc_9-6,0.000294,0.000000,0.000000,0.003319
Q_ind_73_anc_9-6,0.001388,0.000000,0.000000,0.020198
Q_ind_74_anc_9-6,0.000359,0.000000,0.000000,0.003434
Q_ind_75_anc_9-6,0.009794,0.000000,0.000000,0.080142
Q_ind_76_anc_9-6,0.000339,0.000000,0.000000,0.004312
Q_ind_77_anc_9-6,0.003832,0.000000,0.000000,0.065337
Q_ind_78_anc_9-6,0.021363,0.000000,0.000000,0.126672
Q_ind_79_anc_9-6,0.000363,0.000000,0.000000,0.004403
Q_ind_80_anc_9-6,0.001453,0.000000,0.000000,0.012658
Q_ind_81_anc_9-6,0.000193,0.000000,0.000000,0.001405
Q_ind_82_anc_9-6,0.000533,0.000000,0.000000,0.006538
Q_ind_83_anc_9-6,0.000349,0.000000,0.000000,0.004754
Q_ind_84_anc_9-6,0.000550,0.000000,0.000000,0.005916
Q_ind_85_anc_9-6,0.000240,0.000000,0.000000,0.002964
Q_ind_86_anc_9-6,0.004112,0.000000,0.000000,0.067872
Q_ind_87_anc_9-6,0.000959,0.000000,0.000000,0.012770
Q_ind_88_anc_9-6,0.001313,0.000000,0.000000,0.018087
Q_ind_89_anc_9-6,0.001419,0.000000,0.000000,0.019394
Q_ind_90_anc_9-6,0.001112,0.000000,0.000000,0.017093
Q_ind_91_anc_9-6,0.000619,0.000000,0.000000,0.007550
Q_ind_92_anc_9-6,0.008764,0.000000,0.000000,0.081556
Q_ind_93_anc_9-6,0.000610,0.000000,0.000000,0.007381
Q_ind_94_anc_9-6,0.000579,0.000000,0.000000,0.007787
Q_ind_95_anc_9-6,0.000840,0.000000,0.000000,0.012312
Q_ind_96_anc_9-6,0.000168,0.000000,0.000000,0.001930
Q_ind_97_anc_9-6,0.000134,0.000000,0.000000,0.001213
Q_ind_98_anc_9-6,0.000482,0.000000,0.000000,0.005624
Q_ind_99_anc_9-6,0.000308,0.000000,0.000000,0.002338
Q_ind_100_anc_9-6,0.000146,0.000000,0.000000,0.001223
Q_ind_101_anc_9-6,0.000102,0.000000,0.000000,0.000991
Q_ind_102_anc_9-6,0.000043,0.000000,0.000000,0.000409
Q_ind_103_anc_9-6,0.000174,0.000000,0.000000,0.001951
Q_ind_104_anc_9-6,0.000094,0.000000,0.000000,0.000820
Q_ind_105_anc_9-6,0.000082,0.000000,0.000000,0.000698
Q_ind_106_anc_9-6,0.001267,0.000000,0.000000,0.017303
Q_ind_107_anc_9-6,0.006134,0.000000,0.000000,0.075189
Q_ind_108_anc_9-6,0.000940,0.000000,0.000000,0.014872
Q_ind_109_anc_9-6,0.006510,0.000000,0.000000,0.073323
Q_ind_110_anc_9-6,0.004402,0.000000,0.000000,0.049212
Q_ind_111_anc_9-6,0.000694,0.000000,0.000000,0.011276
Q_ind_112_anc_9-6,0.000949,0.000000,0.000000,0.013555
Q_ind_113_anc_9-6,0.007992,0.000000,0.000000,0.125537
Q_ind_114_anc_9-6,0.003224,0.000000,0.000000,0.060271
Q_ind_115_anc_9-6,0.000380,0.000000,0.000000,0.003987
Q_ind_116_anc_9-6,0.000116,0.000000,0.000000,0.001358
Q_ind_117_anc_9-6,0.000237,0.000000,0.000000,0.002423
Q_ind_118_anc_9-6,0.000102,0.000000,0.000000,0.001015
Q_ind_119_anc_9-6,0.000139,0.000000,0.000000,0.001566
Q_ind_120_anc_9-6,0.000054,0.000000,0.000000,0.000603
Q_ind_121_anc_9-6,0.000374,0.000000,0.000000,0.004936
Q_ind_122_anc_9-6,0.000136,0.000000,0.000000,0.001083
Q_ind_123_anc_9-6,0.000207,0.000000,0.000000,0.002505
Q_ind_124_anc_9-6,0.000565,0.000000,0.000000,0.006990
Q_ind_125_anc_9-6,0.000476,0.000000,0.000000,0.004077
Q_ind_126_anc_9-6,0.004353,0.000000,0.000000,0.061167
Q_ind_127_anc_9-6,0.000480,0.000000,0.000000,0.005556
Q_ind_128_anc_9-6,0.007699,0.000000,0.000000,0.073859
Q_ind_129_anc_9-6,0.000465,0.000000,0.000000,0.005093
Q_ind_130_anc_9-6,0.000320,0.000000,0.000000,0.003966
Q_ind_131_anc_9-6,0.004875,0.000000,0.000000,0.054822
Q_ind_132_anc_9-6,0.000402,0.000000,0.000000,0.004846
Q_ind_133_anc_9-6,0.000337,0.000000,0.000000,0.003952
Q_ind_134_anc_9-6,0.000470,0.000000,0.000000,0.005607
Q_ind_135_anc_9-6,0.002162,0.000000,0.000000,0.031924
Q_ind_136_anc_9-6,0.008608,0.000000,0.000000,0.074964
Q_ind_137_anc_9-6,0.002335,0.000000,0.000000,0.031313
Q_ind_138_anc_9-6,0.000272,0.000000,0.000000,0.003379
Q_ind_139_anc_9-6,0.000578,0.000000,0.000000,0.008034
Q_ind_140_anc_9-6,0.002328,0.000000,0.000000,0.034953
Q_ind_141_anc_9-6,0.000584,0.000000,0.000000,0.005698
Q_ind_142_anc_9-6,0.000624,0.000000,0.000000,0.006827
Q_ind_143_anc_9-6,0.002617,0.000000,0.000000,0.035573
Q_ind_144_anc_9-6,0.000241,0.000000,0.000000,0.002381
Q_ind_145_anc_9-6,0.000207,0.000000,0.000000,0.002505
Q_ind_146_anc_9-6,0.000138,0.000000,0.000000,0.001354
Q_ind_147_anc_9-6,0.000127,0.000000,0.000000,0.001217
Q_ind_148_anc_9-6,0.001056,0.000000,0.000000,0.012926
Q_ind_149_anc_9-6,0.001007,0.000000,0.000000,0.014938
Q_ind_150_anc_9-6,0.000612,0.000000,0.000000,0.009343
Q_ind_151_anc_9-6,0.000325,0.000000,0.000000,0.003440
Q_ind_152_anc_9-6,0.000216,0.000000,0.000000,0.002415
Q_ind_153_anc_9-6,0.000189,0.000000,0.000000,0.002308
Q_ind_154_anc_9-6,0.000714,0.000000,0.000000,0.009287
Q_ind_155_anc_9-6,0.000970,0.000000,0.000000,0.011885
Q_ind_156_anc_9-6,0.000535,0.000000,0.000000,0.006639
Q_ind_157_anc_9-6,0.000681,0.000000,0.000000,0.009010
Q_ind_158_anc_9-6,0.000500,0.000000,0.000000,0.006260
Q_ind_159_anc_9-6,0.003759,0.000000,0.000000,0.049191
Q_ind_160_anc_9-6,0.002398,0.000000,0.000000,0.028744
Q_ind_161_anc_9-6,0.000763,0.000000,0.000000,0.009195
Q_ind_162_anc_9-6,0.000760,0.000000,0.000000,0.008528
Q_ind_163_anc_9-6,0.001666,0.000000,0.000000,0.023972
Q_ind_164_anc_9-6,0.000411,0.000000,0.000000,0.005133
Q_ind_165_anc_9-6,0.020980,0.000000,0.000000,0.116215
Q_ind_166_anc_9-6,0.002231,0.000000,0.000000,0.030250
Q_ind_167_anc_9-6,0.000311,0.000000,0.000000,0.002413
Q_ind_168_anc_9-6,0.001681,0.000000,0.000000,0.021887
Q_ind_169_anc_9-6,0.148163,0.189479,0.000000,0.272834
Q_ind_170_anc_9-6,0.000994,0.000000,0.000000,0.013382
Q_ind_171_anc_9-6,0.007584,0.000000,0.000000,0.094954
Q_ind_172_anc_9-6,0.000434,0.000000,0.000000,0.003570
Q_ind_173_anc_9-6,0.000314,0.000000,0.000000,0.002971
Q_ind_174_anc_9-6,0.000336,0.000000,0.000000,0.002352
Q_ind_175_anc_9-6,0.011080,0.000000,0.000000,0.084515
Q_ind_176_anc_9-6,0.000599,0.000000,0.000000,0.007060
Q_ind_177_anc_9-6,0.004653,0.000000,0.000000,0.053143
Q_ind_178_anc_9-6,0.001257,0.000000,0.000000,0.017844
Q_ind_179_anc_9-6,0.000847,0.000000,0.000000,0.011436
Q_ind_180_anc_9-6,0.000423,0.000000,0.000000,0.006077
Q_ind_181_anc_9-6,0.001067,0.000000,0.000000,0.015406
Q_ind_182_anc_9-6,0.005857,0.000000,0.000000,0.066458
Q_ind_183_anc_9-6,0.001467,0.000000,0.000000,0.022416
Q_ind_184_anc_9-6,0.008571,0.000000,0.000000,0.073458
Q_ind_185_anc_9-6,0.000310,0.000000,0.000000,0.002394
Q_ind_186_anc_9-6,0.000143,0.000000,0.000000,0.001467
Q_ind_187_anc_9-6,0.000333,0.000000,0.000000,0.002654
Q_ind_188_anc_9-6,0.000941,0.000000,0.000000,0.014673
Q_ind_189_anc_9-6,0.000455,0.000000,0.000000,0.004913
Q_ind_190_anc_9-6,0.001202,0.000000,0.000000,0.017011
Q_ind_191_anc_9-6,0.001074,0.000000,0.000000,0.015298
Q_ind_192_anc_9-6,0.000131,0.000000,0.000000,0.001149
Q_ind_193_anc_9-6,0.000322,0.000000,0.000000,0.003398
Q_ind_194_anc_9-6,0.000062,0.000000,0.000000,0.000506
Q_ind_195_anc_9-6,0.000846,0.000000,0.000000,0.011161
Q_ind_196_anc_9-6,0.000080,0.000000,0.000000,0.000797
Q_ind_197_anc_9-6,0.000058,0.000000,0.000000,0.000640
Q_ind_198_anc_9-6,0.000108,0.000000,0.000000,0.001192
Q_ind_199_anc_9-6,0.000225,0.000000,0.000000,0.002347
Q_ind_200_anc_9-6,0.000080,0.000000,0.000000,0.000844
Q_ind_201_anc_9-6,0.000177,0.000000,0.000000,0.001898
Q_ind_202_anc_9-6,0.002525,0.000000,0.000000,0.033872
Q_ind_203_anc_9-6,0.001877,0.000000,0.000000,0.028930
Q_ind_204_anc_9-6,0.006109,0.000000,0.000000,0.065301
Q_ind_205_anc_9-6,0.026674,0.000000,0.000000,0.173174
Q_ind_206_anc_9-6,0.001722,0.000000,0.000000,0.029461
Q_ind_207_anc_9-6,0.003484,0.000000,0.000000,0.044759
Q_ind_208_anc_9-6,0.082611,0.097501,0.000000,0.176916
Q_ind_209_anc_9-6,0.000437,0.000000,0.000000,0.005789
Q_ind_210_anc_9-6,0.001327,0.000000,0.000000,0.020987
Q_ind_211_anc_9-6,0.005940,0.000000,0.000000,0.079448
Q_ind_212_anc_9-6,0.000209,0.000000,0.000000,0.001736
Q_ind_213_anc_9-6,0.000575,0.000000,0.000000,0.008635
Q_ind_214_anc_9-6,0.000441,0.000000,0.000000,0.003095
Q_ind_215_anc_9-6,0.010970,0.000000,0.000000,0.109967
Q_ind_216_anc_9-6,0.000626,0.000000,0.000000,0.007214
Q_ind_217_anc_9-6,0.000306,0.000000,0.000000,0.003759
Q_ind_218_anc_9-6,0.000265,0.000000,0.000000,0.003392
Q_ind_219_anc_9-6,0.001564,0.000000,0.000000,0.020968
Q_ind_220_anc_9-6,0.000370,0.000000,0.000000,0.004017
Q_ind_221_anc_9-6,0.000270,0.000000,0.000000,0.002532
Q_ind_222_anc_9-6,0.001814,0.000000,0.000000,0.025235
Q_ind_223_anc_9-6,0.536290,0.591408,0.240588,0.709269
Q_ind_224_anc_9-6,0.003449,0.000000,0.000000,0.052557
Q_ind_225_anc_9-6,0.355023,0.383868,0.000000,0.529389
Q_ind_226_anc_9-6,0.432949,0.442956,0.233851,0.537099
Q_ind_227_anc_9-6,0.304873,0.320316,0.000000,0.561745
Q_ind_228_anc_9-6,0.501849,0.524627,0.000000,0.674261
Q_ind_229_anc_9-6,0.520585,0.536000,0.313302,0.667889
Q_ind_230_anc_9-6,0.390339,0.436963,0.000000,0.568350
Q_ind_231_anc_9-6,0.533911,0.561082,0.264712,0.660519
Q_ind_232_anc_9-6,0.453014,0.471762,0.278754,0.572083
Q_ind_233_anc_9-6,0.523995,0.550285,0.336453,0.661977
Q_ind_234_anc_9-6,0.000247,0.000000,0.000000,0.002752
Q_ind_235_anc_9-6,0.000859,0.000000,0.000000,0.011739
Q_ind_236_anc_9-6,0.000559,0.000000,0.000000,0.005551
Q_ind_237_anc_9-6,0.000394,0.000000,0.000000,0.005386
Q_ind_238_anc_9-6,0.000253,0.000000,0.000000,0.003141
Q_ind_239_anc_9-6,0.000193,0.000000,0.000000,0.002064
Q_ind_240_anc_9-6,0.004646,0.000000,0.000000,0.062277
Q_ind_241_anc_9-6,0.000527,0.000000,0.000000,0.006682
Q_ind_242_anc_9-6,0.000289,0.000000,0.000000,0.002896
Q_ind_243_anc_9-6,0.000452,0.000000,0.000000,0.005753
Q_ind_244_anc_9-6,0.000317,0.000000,0.000000,0.004109
Q_ind_245_anc_9-6,0.001191,0.000000,0.000000,0.017938
Q_ind_1_anc_9-7,0.000577,0.000000,0.000000,0.006897
Q_ind_2_anc_9-7,0.000999,0.000000,0.000000,0.013443
Q_ind_3_anc_9-7,0.039602,0.037198,0.000000,0.118725
Q_ind_4_anc_9-7,0.006239,0.000000,0.000000,0.063963
Q_ind_5_anc_9-7,0.000448,0.000000,0.000000,0.006314
Q_ind_6_anc_9-7,0.008361,0.000000,0.000000,0.080075
Q_ind_7_anc_9-7,0.000341,0.000000,0.000000,0.002747
Q_ind_8_anc_9-7,0.000536,0.000000,0.000000,0.006814
Q_ind_9_anc_9-7,0.002008,0.000000,0.000000,0.027343
Q_ind_10_anc_9-7,0.002046,0.000000,0.000000,0.034158
Q_ind_11_anc_9-7,0.002026,0.000000,0.000000,0.029199
Q_ind_12_anc_9-7,0.001813,0.000000,0.000000,0.031158
Q_ind_13_anc_9-7,0.002439,0.000000,0.000000,0.034211
Q_ind_14_anc_9-7,0.001628,0.000000,0.000000,0.023533
Q_ind_15_anc_9-7,0.000334,0.000000,0.000000,0.004655
Q_ind_16_anc_9-7,0.000530,0.000000,0.000000,0.004360
Q_ind_17_anc_9-7,0.000834,0.000000,0.000000,0.011004
Q_ind_18_anc_9-7,0.000389,0.000000,0.000000,0.003801
Q_ind_19_anc_9-7,0.000192,0.000000,0.000000,0.001914
Q_ind_20_anc_9-7,0.000295,0.000000,0.000000,0.003603
Q_ind_21_anc_9-7,0.000249,0.000000,0.000000,0.002694
Q_ind_22_anc_9-7,0.000480,0.000000,0.000000,0.005247
Q_ind_23_anc_9-7,0.002773,0.000000,0.000000,0.050380
Q_ind_24_anc_9-7,0.000610,0.000000,0.000000,0.007784
Q_ind_25_anc_9-7,0.016025,0.000000,0.000000,0.110790
Q_ind_26_anc_9-7,0.000179,0.000000,0.000000,0.001853
Q_ind_27_anc_9-7,0.000424,0.000000,0.000000,0.004307
Q_ind_28_anc_9-7,0.000813,0.000000,0.000000,0.007266
Q_ind_29_anc_9-7,0.000296,0.000000,0.000000,0.003139
Q_ind_30_anc_9-7,0.000637,0.000000,0.000000,0.007981
Q_ind_31_anc_9-7,0.000140,0.000000,0.000000,0.001514
Q_ind_32_anc_9-7,0.000431,0.000000,0.000000,0.005705
Q_ind_33_anc_9-7,0.000311,0.000000,0.000000,0.003812
Q_ind_34_anc_9-7,0.004519,0.000000,0.000000,0.098675
Q_ind_35_anc_9-7,0.000116,0.000000,0.000000,0.001339
Q_ind_36_anc_9-7,0.000078,0.000000,0.000000,0.000732
Q_ind_37_anc_9-7,0.007757,0.000000,0.000000,0.113531
Q_ind_38_anc_9-7,0.000152,0.000000,0.000000,0.001709
Q_ind_39_anc_9-7,0.000346,0.000000,0.000000,0.004155
Q_ind_40_anc_9-7,0.003070,0.000000,0.000000,0.041010
Q_ind_41_anc_9-7,0.000429,0.000000,0.000000,0.005483
Q_ind_42_anc_9-7,0.000507,0.000000,0.000000,0.007447
Q_ind_43_anc_9-7,0.001269,0.000000,0.000000,0.017896
Q_ind_44_anc_9-7,0.001574,0.000000,0.000000,0.018146
Q_ind_45_anc_9-7,0.001891,0.000000,0.000000,0.025124
Q_ind_46_anc_9-7,0.001457,0.000000,0.000000,0.021142
Q_ind_47_anc_9-7,0.000434,0.000000,0.000000,0.003871
Q_ind_48_anc_9-7,0.001048,0.000000,0.000000,0.015679
Q_ind_49_anc_9-7,0.001436,0.000000,0.000000,0.020368
Q_ind_50_anc_9-7,0.000969,0.000000,0.000000,0.014398
Q_ind_51_anc_9-7,0.000446,0.000000,0.000000,0.006455
Q_ind_52_anc_9-7,0.000369,0.000000,0.000000,0.004244
Q_ind_53_anc_9-7,0.000382,0.000000,0.000000,0.004663
Q_ind_54_anc_9-7,0.002641,0.000000,0.000000,0.040622
Q_ind_55_anc_9-7,0.002420,0.000000,0.000000,0.034841
Q_ind_56_anc_9-7,0.000880,0.000000,0.000000,0.012441
Q_ind_57_anc_9-7,0.001537,0.000000,0.000000,0.025051
Q_ind_58_anc_9-7,0.002407,0.000000,0.000000,0.028933
Q_ind_59_anc_9-7,0.000331,0.000000,0.000000,0.003357
Q_ind_60_anc_9-7,0.002087,0.000000,0.000000,0.026601
Q_ind_61_anc_9-7,0.038837,0.037760,0.000000,0.113596
Q_ind_62_anc_9-7,0.001407,0.000000,0.000000,0.022270
Q_ind_63_anc_9-7,0.000109,0.000000,0.000000,0.001160
Q_ind_64_anc_9-7,0.000078,0.000000,0.000000,0.000762
Q_ind_65_anc_9-7,0.000069,0.000000,0.000000,0.000661
Q_ind_66_anc_9-7,0.000056,0.000000,0.000000,0.000561
Q_ind_67_anc_9-7,0.000243,0.000000,0.000000,0.002590
Q_ind_68_anc_9-7,0.000724,0.000000,0.000000,0.009931
Q_ind_69_anc_9-7,0.004542,0.000000,0.000000,0.048350
Q_ind_70_anc_9-7,0.000500,0.000000,0.000000,0.006657
Q_ind_71_anc_9-7,0.000267,0.000000,0.000000,0.002953
Q_ind_72_anc_9-7,0.000322,0.000000,0.000000,0.004120
Q_ind_73_anc_9-7,0.001426,0.000000,0.000000,0.020391
Q_ind_74_anc_9-7,0.000291,0.000000,0.000000,0.003277
Q_ind_75_anc_9-7,0.002237,0.000000,0.000000,0.031833
Q_ind_76_anc_9-7,0.001937,0.000000,0.000000,0.027135
Q_ind_77_anc_9-7,0.000290,0.000000,0.000000,0.002469
Q_ind_78_anc_9-7,0.000322,0.000000,0.000000,0.003876
Q_ind_79_anc_9-7,0.000253,0.000000,0.000000,0.002831
Q_ind_80_anc_9-7,0.000339,0.000000,0.000000,0.004423
Q_ind_81_anc_9-7,0.000330,0.000000,0.000000,0.003713
Q_ind_82_anc_9-7,0.000848,0.000000,0.000000,0.011467
Q_ind_83_anc_9-7,0.000963,0.000000,0.000000,0.012377
Q_ind_84_anc_9-7,0.000382,0.000000,0.000000,0.004465
Q_ind_85_anc_9-7,0.000235,0.000000,0.000000,0.002847
Q_ind_86_anc_9-7,0.000442,0.000000,0.000000,0.004363
Q_ind_87_anc_9-7,0.000252,0.000000,0.000000,0.002871
Q_ind_88_anc_9-7,0.002716,0.000000,0.000000,0.040418
Q_ind_89_anc_9-7,0.000661,0.000000,0.000000,0.008113
Q_ind_90_anc_9-7,0.004677,0.000000,0.000000,0.067409
Q_ind_91_anc_9-7,0.000415,0.000000,0.000000,0.005280
Q_ind_92_anc_9-7,0.002240,0.000000,0.000000,0.034804
Q_ind_93_anc_9-7,0.003199,0.000000,0.000000,0.041952
Q_ind_94_anc_9-7,0.001065,0.000000,0.000000,0.013773
Q_ind_95_anc_9-7,0.002390,0.000000,0.000000,0.035941
Q_ind_96_anc_9-7,0.000164,0.000000,0.000000,0.001907
Q_ind_97_anc_9-7,0.000755,0.000000,0.000000,0.010536
Q_ind_98_anc_9-7,0.000336,0.000000,0.000000,0.004406
Q_ind_99_anc_9-7,0.000204,0.000000,0.000000,0.002116
Q_ind_100_anc_9-7,0.000176,0.000000,0.000000,0.002003
Q_ind_101_anc_9-7,0.000079,0.000000,0.000000,0.000905
Q_ind_102_anc_9-7,0.000078,0.000000,0.000000,0.000614
Q_ind_103_anc_9-7,0.000156,0.000000,0.000000,0.001793
Q_ind_104_anc_9-7,0.000149,0.000000,0.000000,0.001469
Q_ind_105_anc_9-7,0.000541,0.000000,0.000000,0.006898
Q_ind_106_anc_9-7,0.001849,0.000000,0.000000,0.023402
Q_ind_107_anc_9-7,0.007375,0.000000,0.000000,0.071254
Q_ind_108_anc_9-7,0.000457,0.000000,0.000000,0.005451
Q_ind_109_anc_9-7,0.001877,0.000000,0.000000,0.023669
Q_ind_110_anc_9-7,0.003457,0.000000,0.000000,0.046436
Q_ind_111_anc_9-7,0.003485,0.000000,0.000000,0.055429
Q_ind_112_anc_9-7,0.001529,0.000000,0.000000,0.020551
Q_ind_113_anc_9-7,0.001406,0.000000,0.000000,0.018877
Q_ind_114_anc_9-7,0.000537,0.000000,0.000000,0.006081
Q_ind_115_anc_9-7,0.000506,0.000000,0.000000,0.006886
Q_ind_116_anc_9-7,0.000886,0.000000,0.000000,0.013535
Q_ind_117_anc_9-7,0.000373,0.000000,0.000000,0.004641
Q_ind_118_anc_9-7,0.000639,0.000000,0.000000,0.008582
Q_ind_119_anc_9-7,0.000184,0.000000,0.000000,0.002039
Q_ind_120_anc_9-7,0.000083,0.000000,0.000000,0.000904
Q_ind_121_anc_9-7,0.000252,0.000000,0.000000,0.002861
Q_ind_122_anc_9-7,0.000115,0.000000,0.000000,0.001126
Q_ind_123_anc_9-7,0.000127,0.000000,0.000000,0.001351
Q_ind_124_anc_9-7,0.001256,0.000000,0.000000,0.015971
Q_ind_125_anc_9-7,0.007564,0.000000,0.000000,0.096321
Q_ind_126_anc_9-7,0.001232,0.000000,0.000000,0.017167
Q_ind_127_anc_9-7,0.002403,0.000000,0.000000,0.032929
Q_ind_128_anc_9-7,0.010157,0.000000,0.000000,0.100987
Q_ind_129_anc_9-7,0.000455,0.000000,0.000000,0.006309
Q_ind_130_anc_9-7,0.001694,0.000000,0.000000,0.024889
Q_ind_131_anc_9-7,0.001717,0.000000,0.000000,0.027164
Q_ind_132_anc_9-7,0.000160,0.000000,0.000000,0.001587
Q_ind_133_anc_9-7,0.000319,0.000000,0.000000,0.004230
Q_ind_134_anc_9-7,0.000170,0.000000,0.000000,0.002016
Q_ind_135_anc_9-7,0.005927,0.000000,0.000000,0.059416
Q_ind_136_anc_9-7,0.000744,0.000000,0.000000,0.007703
Q_ind_137_anc_9-7,0.000575,0.000000,0.000000,0.006361
Q_ind_138_anc_9-7,0.000109,0.000000,0.000000,0.001140
Q_ind_139_anc_9-7,0.001000,0.000000,0.000000,0.005929
Q_ind_140_anc_9-7,0.000735,0.000000,0.000000,0.010180
Q_ind_141_anc_9-7,0.000412,0.000000,0.000000,0.004576
Q_ind_142_anc_9-7,0.000805,0.000000,0.000000,0.011581
Q_ind_143_anc_9-7,0.004331,0.000000,0.000000,0.065202
Q_ind_144_anc_9-7,0.000401,0.000000,0.000000,0.003911
Q_ind_145_anc_9-7,0.000083,0.000000,0.000000,0.000857
Q_ind_146_anc_9-7,0.001294,0.000000,0.000000,0.020858
Q_ind_147_anc_9-7,0.000145,0.000000,0.000000,0.001738
Q_ind_148_anc_9-7,0.007010,0.000000,0.000000,0.047879
Q_ind_149_anc_9-7,0.000413,0.000000,0.000000,0.004206
Q_ind_150_anc_9-7,0.000385,0.000000,0.000000,0.004755
Q_ind_151_anc_9-7,0.000364,0.000000,0.000000,0.003993
Q_ind_152_anc_9-7,0.000318,0.000000,0.000000,0.004162
Q_ind_153_anc_9-7,0.000143,0.000000,0.000000,0.001527
Q_ind_154_anc_9-7,0.001390,0.000000,0.000000,0.019957
Q_ind_155_anc_9-7,0.000670,0.000000,0.000000,0.009715
Q_ind_156_anc_9-7,0.000690,0.000000,0.000000,0.009176
Q_ind_157_anc_9-7,0.000617,0.000000,0.000000,0.008605
Q_ind_158_anc_9-7,0.000926,0.000000,0.000000,0.013067
Q_ind_159_anc_9-7,0.000887,0.000000,0.000000,0.012729
Q_ind_160_anc_9-7,0.001206,0.000000,0.000000,0.017679
Q_ind_161_anc_9-7,0.000348,0.000000,0.000000,0.003682
Q_ind_162_anc_9-7,0.002616,0.000000,0.000000,0.032504
Q_ind_163_anc_9-7,0.000306,0.000000,0.000000,0.003147
Q_ind_164_anc_9-7,0.000331,0.000000,0.000000,0.004614
Q_ind_165_anc_9-7,0.005941,0.000000,0.000000,0.074865
Q_ind_166_anc_9-7,0.015739,0.000000,0.000000,0.098747
Q_ind_167_anc_9-7,0.000403,0.000000,0.000000,0.004739
Q_ind_168_anc_9-7,0.004521,0.000000,0.000000,0.055492
Q_ind_169_anc_9-7,0.000780,0.000000,0.000000,0.006527
Q_ind_170_anc_9-7,0.005072,0.000000,0.000000,0.065124
Q_ind_171_anc_9-7,0.002349,0.000000,0.000000,0.043967
Q_ind_172_anc_9-7,0.000617,0.000000,0.000000,0.008167
Q_ind_173_anc_9-7,0.000416,0.000000,0.000000,0.005189
Q_ind_174_anc_9-7,0.000319,0.000000,0.000000,0.003562
Q_ind_175_anc_9-7,0.001081,0.000000,0.000000,0.014775
Q_ind_176_anc_9-7,0.000621,0.000000,0.000000,0.007821
Q_ind_177_anc_9-7,0.005997,0.000000,0.000000,0.059728
Q_ind_178_anc_9-7,0.001782,0.000000,0.000000,0.028845
Q_ind_179_anc_9-7,0.000677,0.000000,0.000000,0.009774
Q_ind_180_anc_9-7,0.000533,0.000000,0.000000,0.004942
Q_ind_181_anc_9-7,0.000634,0.000000,0.000000,0.008817
Q_ind_182_anc_9-7,0.001524,0.000000,0.000000,0.024678
Q_ind_183_anc_9-7,0.000627,0.000000,0.000000,0.007651
Q_ind_184_anc_9-7,0.006465,0.000000,0.000000,0.065878
Q_ind_185_anc_9-7,0.000327,0.000000,0.000000,0.001983
Q_ind_186_anc_9-7,0.000574,0.000000,0.000000,0.006395
Q_ind_187_anc_9-7,0.000412,0.000000,0.000000,0.005692
Q_ind_188_anc_9-7,0.000552,0.000000,0.000000,0.008114
Q_ind_189_anc_9-7,0.000105,0.000000,0.000000,0.001231
Q_ind_190_anc_9-7,0.000286,0.000000,0.000000,0.003479
Q_ind_191_anc_9-7,0.001229,0.000000,0.000000,0.016345
Q_ind_192_anc_9-7,0.000203,0.000000,0.000000,0.002298
Q_ind_193_anc_9-7,0.000356,0.000000,0.000000,0.004968
Q_ind_194_anc_9-7,0.000032,0.000000,0.000000,0.000278
Q_ind_195_anc_9-7,0.000428,0.000000,0.000000,0.006095
Q_ind_196_anc_9-7,0.000044,0.000000,0.000000,0.000416
Q_ind_197_anc_9-7,0.000041,0.000000,0.000000,0.000327
Q_ind_198_anc_9-7,0.000067,0.000000,0.000000,0.000750
Q_ind_199_anc_9-7,0.000191,0.000000,0.000000,0.001700
Q_ind_200_anc_9-7,0.000075,0.000000,0.000000,0.000832
Q_ind_201_anc_9-7,0.000372,0.000000,0.000000,0.003567
Q_ind_202_anc_9-7,0.000115,0.000000,0.000000,0.000962
Q_ind_203_anc_9-7,0.009140,0.000000,0.000000,0.083674
Q_ind_204_anc_9-7,0.014313,0.000000,0.000000,0.123706
Q_ind_205_anc_9-7,0.000182,0.000000,0.000000,0.001849
Q_ind_206_anc_9-7,0.043819,0.039099,0.000000,0.131847
Q_ind_207_anc_9-7,0.015679,0.000000,0.000000,0.136879
Q_ind_208_anc_9-7,0.000566,0.000000,0.000000,0.006709
Q_ind_209_anc_9-7,0.002909,0.000000,0.000000,0.047619
Q_ind_210_anc_9-7,0.003737,0.000000,0.000000,0.055405
Q_ind_211_anc_9-7,0.045625,0.043866,0.000000,0.131043
Q_ind_212_anc_9-7,0.000677,0.000000,0.000000,0.008705
Q_ind_213_anc_9-7,0.000864,0.000000,0.000000,0.012759
Q_ind_214_anc_9-7,0.000357,0.000000,0.000000,0.004048
Q_ind_215_anc_9-7,0.000801,0.000000,0.000000,0.011054
Q_ind_216_anc_9-7,0.000515,0.000000,0.000000,0.006573
Q_ind_217_anc_9-7,0.000151,0.000000,0.000000,0.001817
Q_ind_218_anc_9-7,0.000180,0.000000,0.000000,0.001645
Q_ind_219_anc_9-7,0.000984,0.000000,0.000000,0.014087
Q_ind_220_anc_9-7,0.000125,0.000000,0.000000,0.000975
Q_ind_221_anc_9-7,0.000299,0.000000,0.000000,0.003640
Q_ind_222_anc_9-7,0.000414,0.000000,0.000000,0.003209
Q_ind_223_anc_9-7,0.093467,0.000002,0.000000,0.441061
Q_ind_224_anc_9-7,0.016054,0.000000,0.000000,0.126573
Q_ind_225_anc_9-7,0.088795,0.000022,0.000000,0.332921
Q_ind_226_anc_9-7,0.040513,0.000000,0.000000,0.264600
Q_ind_227_anc_9-7,0.170375,0.170153,0.000000,0.504607
Q_ind_228_anc_9-7,0.196656,0.215341,0.000000,0.447169
Q_ind_229_anc_9-7,0.060398,0.000000,0.000000,0.339042
Q_ind_230_anc_9-7,0.092188,0.000000,0.000000,0.533064
Q_ind_231_anc_9-7,0.055330,0.000000,0.000000,0.397401
Q_ind_232_anc_9-7,0.059931,0.000001,0.000000,0.323488
Q_ind_233_anc_9-7,0.085565,0.000000,0.000000,0.366569
Q_ind_234_anc_9-7,0.000504,0.000000,0.000000,0.005428
Q_ind_235_anc_9-7,0.000784,0.000000,0.000000,0.011316
Q_ind_236_anc_9-7,0.003698,0.000000,0.000000,0.039290
Q_ind_237_anc_9-7,0.000281,0.000000,0.000000,0.002242
Q_ind_238_anc_9-7,0.000545,0.000000,0.000000,0.007014
Q_ind_239_anc_9-7,0.000208,0.000000,0.000000,0.002084
Q_ind_240_anc_9-7,0.004206,0.000000,0.000000,0.054792
Q_ind_241_anc_9-7,0.000823,0.000000,0.000000,0.008637
Q_ind_242_anc_9-7,0.000426,0.000000,0.000000,0.005997
Q_ind_243_anc_9-7,0.000437,0.000000,0.000000,0.004100
Q_ind_244_anc_9-7,0.000324,0.000000,0.000000,0.004214
Q_ind_245_anc_9-7,0.000208,0.000000,0.000000,0.002353
Q_ind_1_anc_9-8,0.006846,0.000000,0.000000,0.081307
Q_ind_2_anc_9-8,0.000214,0.000000,0.000000,0.002141
Q_ind_3_anc_9-8,0.000099,0.000000,0.000000,0.001027
Q_ind_4_anc_9-8,0.001483,0.000000,0.000000,0.019821
Q_ind_5_anc_9-8,0.001190,0.000000,0.000000,0.017319
Q_ind_6_anc_9-8,0.000928,0.000000,0.000000,0.010903
Q_ind_7_anc_9-8,0.001193,0.000000,0.000000,0.016245
Q_ind_8_anc_9-8,0.000386,0.000000,0.000000,0.004279
Q_ind_9_anc_9-8,0.000528,0.000000,0.000000,0.006617
Q_ind_10_anc_9-8,0.009559,0.000000,0.000000,0.066639
Q_ind_11_anc_9-8,0.000724,0.000000,0.000000,0.010581
Q_ind_12_anc_9-8,0.001467,0.000000,0.000000,0.023066
Q_ind_13_anc_9-8,0.000864,0.000000,0.000000,0.012515
Q_ind_14_anc_9-8,0.000485,0.000000,0.000000,0.005474
Q_ind_15_anc_9-8,0.000531,0.000000,0.000000,0.007157
Q_ind_16_anc_9-8,0.000191,0.000000,0.000000,0.002474
Q_ind_17_anc_9-8,0.000272,0.000000,0.000000,0.002093
Q_ind_18_anc_9-8,0.000504,0.000000,0.000000,0.006189
Q_ind_19_anc_9-8,0.000146,0.000000,0.000000,0.001274
Q_ind_20_anc_9-8,0.000363,0.000000,0.000000,0.004828
Q_ind_21_anc_9-8,0.000179,0.000000,0.000000,0.001947
Q_ind_22_anc_9-8,0.000712,0.000000,0.000000,0.009695
Q_ind_23_anc_9-8,0.000171,0.000000,0.000000,0.001232
Q_ind_24_anc_9-8,0.000572,0.000000,0.000000,0.008139
Q_ind_25_anc_9-8,0.000263,0.000000,0.000000,0.002807
Q_ind_26_anc_9-8,0.000119,0.000000,0.000000,0.001523
Q_ind_27_anc_9-8,0.000305,0.000000,0.000000,0.003611
Q_ind_28_anc_9-8,0.000617,0.000000,0.000000,0.007912
Q_ind_29_anc_9-8,0.000138,0.000000,0.000000,0.001298
Q_ind_30_anc_9-8,0.000409,0.000000,0.000000,0.005088
Q_ind_31_anc_9-8,0.000185,0.000000,0.000000,0.002074
Q_ind_32_anc_9-8,0.000219,0.000000,0.000000,0.002298
Q_ind_33_anc_9-8,0.000359,0.000000,0.000000,0.003568
Q_ind_34_anc_9-8,0.000126,0.000000,0.000000,0.001371
Q_ind_35_anc_9-8,0.000197,0.000000,0.000000,0.001487
Q_ind_36_anc_9-8,0.000093,0.000000,0.000000,0.000824
Q_ind_37_anc_9-8,0.000697,0.000000,0.000000,0.010738
Q_ind_38_anc_9-8,0.000143,0.000000,0.000000,0.001739
Q_ind_39_anc_9-8,0.000203,0.000000,0.000000,0.002332
Q_ind_40_anc_9-8,0.000491,0.000000,0.000000,0.005019
Q_ind_41_anc_9-8,0.000347,0.000000,0.000000,0.003245
Q_ind_42_anc_9-8,0.000181,0.000000,0.000000,0.001418
Q_ind_43_anc_9-8,0.000381,0.000000,0.000000,0.005764
Q_ind_44_anc_9-8,0.000161,0.000000,0.000000,0.001662
Q_ind_45_anc_9-8,0.000199,0.000000,0.000000,0.002137
Q_ind_46_anc_9-8,0.000195,0.000000,0.000000,0.002690
Q_ind_47_anc_9-8,0.000298,0.000000,0.000000,0.003991
Q_ind_48_anc_9-8,0.000223,0.000000,0.000000,0.002806
Q_ind_49_anc_9-8,0.000074,0.000000,0.000000,0.000731
Q_ind_50_anc_9-8,0.000547,0.000000,0.000000,0.007080
Q_ind_51_anc_9-8,0.000317,0.000000,0.000000,0.004657
Q_ind_52_anc_9-8,0.000086,0.000000,0.000000,0.000728
Q_ind_53_anc_9-8,0.000130,0.000000,0.000000,0.001610
Q_ind_54_anc_9-8,0.000464,0.000000,0.000000,0.006339
Q_ind_55_anc_9-8,0.000189,0.000000,0.000000,0.002158
Q_ind_56_anc_9-8,0.000201,0.000000,0.000000,0.002507
Q_ind_57_anc_9-8,0.000207,0.000000,0.000000,0.001941
Q_ind_58_anc_9-8,0.000382,0.000000,0.000000,0.004743
Q_ind_59_anc_9-8,0.000732,0.000000,0.000000,0.010309
Q_ind_60_anc_9-8,0.000446,0.000000,0.000000,0.005910
Q_ind_61_anc_9-8,0.000348,0.000000,0.000000,0.004578
Q_ind_62_anc_9-8,0.000361,0.000000,0.000000,0.004377
Q_ind_63_anc_9-8,0.000107,0.000000,0.000000,0.001153
Q_ind_64_anc_9-8,0.000125,0.000000,0.000000,0.001449
Q_ind_65_anc_9-8,0.000065,0.000000,0.000000,0.000498
Q_ind_66_anc_9-8,0.000072,0.000000,0.000000,0.000760
Q_ind_67_anc_9-8,0.000626,0.000000,0.000000,0.009216
Q_ind_68_anc_9-8,0.000236,0.000000,0.000000,0.002390
Q_ind_69_anc_9-8,0.002676,0.000000,0.000000,0.038348
Q_ind_70_anc_9-8,0.000280,0.000000,0.000000,0.003456
Q_ind_71_anc_9-8,0.000092,0.000000,0.000000,0.000893
Q_ind_72_anc_9-8,0.000362,0.000000,0.000000,0.004502
Q_ind_73_anc_9-8,0.000281,0.000000,0.000000,0.003258
Q_ind_74_anc_9-8,0.000300,0.000000,0.000000,0.002594
Q_ind_75_anc_9-8,0.005189,0.000000,0.000000,0.046493
Q_ind_76_anc_9-8,0.000283,0.000000,0.000000,0.003751
Q_ind_77_anc_9-8,0.000544,0.000000,0.000000,0.007393
Q_ind_78_anc_9-8,0.000603,0.000000,0.000000,0.008352
Q_ind_79_anc_9-8,0.000498,0.000000,0.000000,0.007639
Q_ind_80_anc_9-8,0.000406,0.000000,0.000000,0.005198
Q_ind_81_anc_9-8,0.000157,0.000000,0.000000,0.001986
Q_ind_82_anc_9-8,0.000396,0.000000,0.000000,0.004728
Q_ind_83_anc_9-8,0.000253,0.000000,0.000000,0.002002
Q_ind_84_anc_9-8,0.000381,0.000000,0.000000,0.004570
Q_ind_85_anc_9-8,0.000099,0.000000,0.000000,0.000831
Q_ind_86_anc_9-8,0.000229,0.000000,0.000000,0.002041
Q_ind_87_anc_9-8,0.000304,0.000000,0.000000,0.003950
Q_ind_88_anc_9-8,0.000756,0.000000,0.000000,0.010770
Q_ind_89_anc_9-8,0.000441,0.000000,0.000000,0.006101
Q_ind_90_anc_9-8,0.000277,0.000000,0.000000,0.003538
Q_ind_91_anc_9-8,0.000204,0.000000,0.000000,0.002050
Q_ind_92_anc_9-8,0.000378,0.000000,0.000000,0.004252
Q_ind_93_anc_9-8,0.001011,0.000000,0.000000,0.013802
Q_ind_94_anc_9-8,0.000209,0.000000,0.000000,0.002143
Q_ind_95_anc_9-8,0.000144,0.000000,0.000000,0.001624
Q_ind_96_anc_9-8,0.000105,0.000000,0.000000,0.001315
Q_ind_97_anc_9-8,0.000712,0.000000,0.000000,0.010006
Q_ind_98_anc_9-8,0.000144,0.000000,0.000000,0.001637
Q_ind_99_anc_9-8,0.000144,0.000000,0.000000,0.001352
Q_ind_100_anc_9-8,0.000129,0.000000,0.000000,0.001016
Q_ind_101_anc_9-8,0.000046,0.000000,0.000000,0.000377
Q_ind_102_anc_9-8,0.000044,0.000000,0.000000,0.000486
Q_ind_103_anc_9-8,0.000071,0.000000,0.000000,0.000652
Q_ind_104_anc_9-8,0.000099,0.000000,0.000000,0.001100
Q_ind_105_anc_9-8,0.000220,0.000000,0.000000,0.001769
Q_ind_106_anc_9-8,0.000181,0.000000,0.000000,0.001802
Q_ind_107_anc_9-8,0.001952,0.000000,0.000000,0.029353
Q_ind_108_anc_9-8,0.000390,0.000000,0.000000,0.004293
Q_ind_109_anc_9-8,0.000628,0.000000,0.000000,0.008078
Q_ind_110_anc_9-8,0.001697,0.000000,0.000000,0.024293
Q_ind_111_anc_9-8,0.000945,0.000000,0.000000,0.012888
Q_ind_112_anc_9-8,0.002458,0.000000,0.000000,0.034190
Q_ind_113_anc_9-8,0.001526,0.000000,0.000000,0.021688
Q_ind_114_anc_9-8,0.000291,0.000000,0.000000,0.003439
Q_ind_115_anc_9-8,0.000172,0.000000,0.000000,0.002230
Q_ind_116_anc_9-8,0.000097,0.000000,0.000000,0.001012
Q_ind_117_anc_9-8,0.000110,0.000000,0.000000,0.001285
Q_ind_118_anc_9-8,0.000098,0.000000,0.000000,0.001248
Q_ind_119_anc_9-8,0.000157,0.000000,0.000000,0.001652
Q_ind_120_anc_9-8,0.000069,0.000000,0.000000,0.000666
Q_ind_121_anc_9-8,0.000091,0.000000,0.000000,0.000864
Q_ind_122_anc_9-8,0.000107,0.000000,0.000000,0.001231
Q_ind_123_anc_9-8,0.000076,0.000000,0.000000,0.000651
Q_ind_124_anc_9-8,0.000542,0.000000,0.000000,0.007593
Q_ind_125_anc_9-8,0.000501,0.000000,0.000000,0.006707
Q_ind_126_anc_9-8,0.000885,0.000000,0.000000,0.012781
Q_ind_127_anc_9-8,0.000284,0.000000,0.000000,0.003607
Q_ind_128_anc_9-8,0.000237,0.000000,0.000000,0.002610
Q_ind_129_anc_9-8,0.000266,0.000000,0.000000,0.002397
Q_ind_130_anc_9-8,0.000350,0.000000,0.000000,0.004598
Q_ind_131_anc_9-8,0.001675,0.000000,0.000000,0.024878
Q_ind_132_anc_9-8,0.000122,0.000000,0.000000,0.000866
Q_ind_133_anc_9-8,0.000282,0.000000,0.000000,0.002833
Q_ind_134_anc_9-8,0.000181,0.000000,0.000000,0.001577
Q_ind_135_anc_9-8,0.000245,0.000000,0.000000,0.002553
Q_ind_136_anc_9-8,0.000367,0.000000,0.000000,0.004230
Q_ind_137_anc_9-8,0.000384,0.000000,0.000000,0.004663
Q_ind_138_anc_9-8,0.000240,0.000000,0.000000,0.002800
Q_ind_139_anc_9-8,0.000995,0.000000,0.000000,0.014681
Q_ind_140_anc_9-8,0.000589,0.000000,0.000000,0.007859
Q_ind_141_anc_9-8,0.000528,0.000000,0.000000,0.006355
Q_ind_142_anc_9-8,0.000175,0.000000,0.000000,0.002044
Q_ind_143_anc_9-8,0.000303,0.000000,0.000000,0.002677
Q_ind_144_anc_9-8,0.000111,0.000000,0.000000,0.000957
Q_ind_145_anc_9-8,0.000113,0.000000,0.000000,0.001110
Q_ind_146_anc_9-8,0.000168,0.000000,0.000000,0.001540
Q_ind_147_anc_9-8,0.000110,0.000000,0.000000,0.000993
Q_ind_148_anc_9-8,0.000204,0.000000,0.000000,0.002477
Q_ind_149_anc_9-8,0.000278,0.000000,0.000000,0.003825
Q_ind_150_anc_9-8,0.000645,0.000000,0.000000,0.010187
Q_ind_151_anc_9-8,0.000326,0.000000,0.000000,0.004280
Q_ind_152_anc_9-8,0.000100,0.000000,0.000000,0.001091
Q_ind_153_anc_9-8,0.000066,0.000000,0.000000,0.000646
Q_ind_154_anc_9-8,0.000348,0.000000,0.000000,0.005031
Q_ind_155_anc_9-8,0.000142,0.000000,0.000000,0.001390
Q_ind_156_anc_9-8,0.000120,0.000000,0.000000,0.000932
Q_ind_157_anc_9-8,0.000353,0.000000,0.000000,0.004752
Q_ind_158_anc_9-8,0.000426,0.000000,0.000000,0.004177
Q_ind_159_anc_9-8,0.001251,0.000000,0.000000,0.019755
Q_ind_160_anc_9-8,0.000647,0.000000,0.000000,0.006433
Q_ind_161_anc_9-8,0.000107,0.000000,0.000000,0.001225
Q_ind_162_anc_9-8,0.000132,0.000000,0.000000,0.001405
Q_ind_163_anc_9-8,0.000775,0.000000,0.000000,0.012154
Q_ind_164_anc_9-8,0.000497,0.000000,0.000000,0.006695
Q_ind_165_anc_9-8,0.020790,0.000000,0.000000,0.117792
Q_ind_166_anc_9-8,0.000594,0.000000,0.000000,0.006697
Q_ind_167_anc_9-8,0.000204,0.000000,0.000000,0.002307
Q_ind_168_anc_9-8,0.000463,0.000000,0.000000,0.005316
Q_ind_169_anc_9-8,0.000123,0.000000,0.000000,0.001155
Q_ind_170_anc_9-8,0.000567,0.000000,0.000000,0.007443
Q_ind_171_anc_9-8,0.000564,0.000000,0.000000,0.006339
Q_ind_172_anc_9-8,0.000238,0.000000,0.000000,0.001927
Q_ind_173_anc_9-8,0.000488,0.000000,0.000000,0.006629
Q_ind_174_anc_9-8,0.000107,0.000000,0.000000,0.001195
Q_ind_175_anc_9-8,0.006250,0.000000,0.000000,0.066255
Q_ind_176_anc_9-8,0.000132,0.000000,0.000000,0.001259
Q_ind_177_anc_9-8,0.000679,0.000000,0.000000,0.007182
Q_ind_178_anc_9-8,0.000331,0.000000,0.000000,0.003795
Q_ind_179_anc_9-8,0.000214,0.000000,0.000000,0.002488
Q_ind_180_anc_9-8,0.000118,0.000000,0.000000,0.001264
Q_ind_181_anc_9-8,0.000171,0.000000,0.000000,0.001641
Q_ind_182_anc_9-8,0.000282,0.000000,0.000000,0.002236
Q_ind_183_anc_9-8,0.000380,0.000000,0.000000,0.005318
Q_ind_184_anc_9-8,0.000498,0.000000,0.000000,0.005160
Q_ind_185_anc_9-8,0.000350,0.000000,0.000000,0.004227
Q_ind_186_anc_9-8,0.000113,0.000000,0.000000,0.001111
Q_ind_187_anc_9-8,0.000191,0.000000,0.000000,0.001794
Q_ind_188_anc_9-8,0.000761,0.000000,0.000000,0.011565
Q_ind_189_anc_9-8,0.000286,0.000000,0.000000,0.003398
Q_ind_190_anc_9-8,0.000835,0.000000,0.000000,0.011790
Q_ind_191_anc_9-8,0.000497,0.000000,0.000000,0.005764
Q_ind_192_anc_9-8,0.000269,0.000000,0.000000,0.003282
Q_ind_193_anc_9-8,0.000859,0.000000,0.000000,0.010679
Q_ind_194_anc_9-8,0.000094,0.000000,0.000000,0.000973
Q_ind_195_anc_9-8,0.000336,0.000000,0.000000,0.003986
Q_ind_196_anc_9-8,0.000087,0.000000,0.000000,0.000751
Q_ind_197_anc_9-8,0.000105,0.000000,0.000000,0.001155
Q_ind_198_anc_9-8,0.000079,0.000000,0.000000,0.000817
Q_ind_199_anc_9-8,0.000256,0.000000,0.000000,0.002894
Q_ind_200_anc_9-8,0.000172,0.000000,0.000000,0.001867
Q_ind_201_anc_9-8,0.000112,0.000000,0.000000,0.000948
Q_ind_202_anc_9-8,0.000552,0.000000,0.000000,0.006855
Q_ind_203_anc_9-8,0.001264,0.000000,0.000000,0.019290
Q_ind_204_anc_9-8,0.000386,0.000000,0.000000,0.003728
Q_ind_205_anc_9-8,0.000340,0.000000,0.000000,0.004052
Q_ind_206_anc_9-8,0.000429,0.000000,0.000000,0.005682
Q_ind_207_anc_9-8,0.002550,0.000000,0.000000,0.034179
Q_ind_208_anc_9-8,0.016912,0.000000,0.000000,0.123986
Q_ind_209_anc_9-8,0.000144,0.000000,0.000000,0.001477
Q_ind_210_anc_9-8,0.002270,0.000000,0.000000,0.038353
Q_ind_211_anc_9-8,0.001667,0.000000,0.000000,0.024410
Q_ind_212_anc_9-8,0.000445,0.000000,0.000000,0.003980
Q_ind_213_anc_9-8,0.000271,0.000000,0.000000,0.003230
Q_ind_214_anc_9-8,0.000577,0.000000,0.000000,0.007678
Q_ind_215_anc_9-8,0.000196,0.000000,0.000000,0.002289
Q_ind_216_anc_9-8,0.000641,0.000000,0.000000,0.009750
Q_ind_217_anc_9-8,0.000216,0.000000,0.000000,0.001849
Q_ind_218_anc_9-8,0.000109,0.000000,0.000000,0.000840
Q_ind_219_anc_9-8,0.000353,0.000000,0.000000,0.005073
Q_ind_220_anc_9-8,0.000251,0.000000,0.000000,0.001978
Q_ind_221_anc_9-8,0.000169,0.000000,0.000000,0.001627
Q_ind_222_anc_9-8,0.000378,0.000000,0.000000,0.004556
Q_ind_223_anc_9-8,0.008121,0.000000,0.000000,0.074329
Q_ind_224_anc_9-8,0.000910,0.000000,0.000000,0.014512
Q_ind_225_anc_9-8,0.000732,0.000000,0.000000,0.009707
Q_ind_226_anc_9-8,0.000935,0.000000,0.000000,0.012193
Q_ind_227_anc_9-8,0.000179,0.000000,0.000000,0.001405
Q_ind_228_anc_9-8,0.000142,0.000000,0.000000,0.001426
Q_ind_229_anc_9-8,0.000140,0.000000,0.000000,0.001592
Q_ind_230_anc_9-8,0.001047,0.000000,0.000000,0.015206
Q_ind_231_anc_9-8,0.016626,0.000000,0.000000,0.108658
Q_ind_232_anc_9-8,0.003102,0.000000,0.000000,0.039427
Q_ind_233_anc_9-8,0.014496,0.000000,0.000000,0.091715
Q_ind_234_anc_9-8,0.000134,0.000000,0.000000,0.001456
Q_ind_235_anc_9-8,0.000236,0.000000,0.000000,0.002101
Q_ind_236_anc_9-8,0.000502,0.000000,0.000000,0.006719
Q_ind_237_anc_9-8,0.000202,0.000000,0.000000,0.002719
Q_ind_238_anc_9-8,0.000152,0.000000,0.000000,0.001658
Q_ind_239_anc_9-8,0.000064,0.000000,0.000000,0.000527
Q_ind_240_anc_9-8,0.000209,0.000000,0.000000,0.002020
Q_ind_241_anc_9-8,0.000111,0.000000,0.000000,0.000853
Q_ind_242_anc_9-8,0.000154,0.000000,0.000000,0.001643
Q_ind_243_anc_9-8,0.000296,0.000000,0.000000,0.003058
Q_ind_244_anc_9-8,0.000305,0.000000,0.000000,0.003526
Q_ind_245_anc_9-8,0.000242,0.000000,0.000000,0.002202
Q_ind_1_anc_9-9,0.000137,0.000000,0.000000,0.001257
Q_ind_2_anc_9-9,0.000225,0.000000,0.000000,0.002026
Q_ind_3_anc_9-9,0.009483,0.000000,0.000000,0.050774
Q_ind_4_anc_9-9,0.000399,0.000000,0.000000,0.004084
Q_ind_5_anc_9-9,0.000057,0.000000,0.000000,0.000477
Q_ind_6_anc_9-9,0.000911,0.000000,0.000000,0.014961
Q_ind_7_anc_9-9,0.002316,0.000000,0.000000,0.031409
Q_ind_8_anc_9-9,0.000159,0.000000,0.000000,0.001833
Q_ind_9_anc_9-9,0.000446,0.000000,0.000000,0.005775
Q_ind_10_anc_9-9,0.003966,0.000000,0.000000,0.031229
Q_ind_11_anc_9-9,0.027410,0.027161,0.000000,0.060533
Q_ind_12_anc_9-9,0.000210,0.000000,0.000000,0.001980
Q_ind_13_anc_9-9,0.000134,0.000000,0.000000,0.001544
Q_ind_14_anc_9-9,0.000358,0.000000,0.000000,0.004771
Q_ind_15_anc_9-9,0.000247,0.000000,0.000000,0.003012
Q_ind_16_anc_9-9,0.000124,0.000000,0.000000,0.001436
Q_ind_17_anc_9-9,0.000271,0.000000,0.000000,0.003762
Q_ind_18_anc_9-9,0.000147,0.000000,0.000000,0.001474
Q_ind_19_anc_9-9,0.000250,0.000000,0.000000,0.002856
Q_ind_20_anc_9-9,0.000041,0.000000,0.000000,0.000383
Q_ind_21_anc_9-9,0.000137,0.000000,0.000000,0.001432
Q_ind_22_anc_9-9,0.000702,0.000000,0.000000,0.009494
Q_ind_23_anc_9-9,0.000391,0.000000,0.000000,0.004804
Q_ind_24_anc_9-9,0.000087,0.000000,0.000000,0.000958
Q_ind_25_anc_9-9,0.001805,0.000000,0.000000,0.023987
Q_ind_26_anc_9-9,0.000098,0.000000,0.000000,0.000780
Q_ind_27_anc_9-9,0.000153,0.000000,0.000000,0.001710
Q_ind_28_anc_9-9,0.000116,0.000000,0.000000,0.001260
Q_ind_29_anc_9-9,0.000190,0.000000,0.000000,0.002303
Q_ind_30_anc_9-9,0.000187,0.000000,0.000000,0.001901
Q_ind_31_anc_9-9,0.000074,0.000000,0.000000,0.000763
Q_ind_32_anc_9-9,0.000165,0.000000,0.000000,0.001984
Q_ind_33_anc_9-9,0.000063,0.000000,0.000000,0.000585
Q_ind_34_anc_9-9,0.000071,0.000000,0.000000,0.000744
Q_ind_35_anc_9-9,0.000079,0.000000,0.000000,0.000758
Q_ind_36_anc_9-9,0.000042,0.000000,0.000000,0.000398
Q_ind_37_anc_9-9,0.000172,0.000000,0.000000,0.002148
Q_ind_38_anc_9-9,0.000048,0.000000,0.000000,0.000423
Q_ind_39_anc_9-9,0.000041,0.000000,0.000000,0.000398
Q_ind_40_anc_9-9,0.000176,0.000000,0.000000,0.001855
Q_ind_41_anc_9-9,0.000090,0.000000,0.000000,0.000902
Q_ind_42_anc_9-9,0.000809,0.000000,0.000000,0.012763
Q_ind_43_anc_9-9,0.000173,0.000000,0.000000,0.001915
Q_ind_44_anc_9-9,0.011031,0.000000,0.000000,0.070146
Q_ind_45_anc_9-9,0.043638,0.047401,0.000000,0.103020
Q_ind_46_anc_9-9,0.004797,0.000000,0.000000,0.037462
Q_ind_47_anc_9-9,0.001192,0.000000,0.000000,0.016350
Q_ind_48_anc_9-9,0.000678,0.000000,0.000000,0.007364
Q_ind_49_anc_9-9,0.001443,0.000000,0.000000,0.019691
Q_ind_50_anc_9-9,0.000224,0.000000,0.000000,0.002793
Q_ind_51_anc_9-9,0.000267,0.000000,0.000000,0.003010
Q_ind_52_anc_9-9,0.000142,0.000000,0.000000,0.001603
Q_ind_53_anc_9-9,0.000291,0.000000,0.000000,0.003980
Q_ind_54_anc_9-9,0.000323,0.000000,0.000000,0.003657
Q_ind_55_anc_9-9,0.000149,0.000000,0.000000,0.001679
Q_ind_56_anc_9-9,0.000149,0.000000,0.000000,0.001564
Q_ind_57_anc_9-9,0.000090,0.000000,0.000000,0.000860
Q_ind_58_anc_9-9,0.001341,0.000000,0.000000,0.017878
Q_ind_59_anc_9-9,0.001928,0.000000,0.000000,0.021909
Q_ind_60_anc_9-9,0.000349,0.000000,0.000000,0.004675
Q_ind_61_anc_9-9,0.000288,0.000000,0.000000,0.003483
Q_ind_62_anc_9-9,0.000247,0.000000,0.000000,0.002412
Q_ind_63_anc_9-9,0.000130,0.000000,0.000000,0.001692
Q_ind_64_anc_9-9,0.000108,0.000000,0.000000,0.001252
Q_ind_65_anc_9-9,0.000120,0.000000,0.000000,0.001446
Q_ind_66_anc_9-9,0.000125,0.000000,0.000000,0.001456
Q_ind_67_anc_9-9,0.000308,0.000000,0.000000,0.003154
Q_ind_68_anc_9-9,0.000176,0.000000,0.000000,0.002165
Q_ind_69_anc_9-9,0.000075,0.000000,0.000000,0.000601
Q_ind_70_anc_9-9,0.000070,0.000000,0.000000,0.000750
Q_ind_71_anc_9-9,0.000151,0.000000,0.000000,0.001741
Q_ind_72_anc_9-9,0.000205,0.000000,0.000000,0.002053
Q_ind_73_anc_9-9,0.000602,0.000000,0.000000,0.008162
Q_ind_74_anc_9-9,0.000113,0.000000,0.000000,0.001272
Q_ind_75_anc_9-9,0.000148,0.000000,0.000000,0.001804
Q_ind_76_anc_9-9,0.000988,0.000000,0.000000,0.013915
Q_ind_77_anc_9-9,0.000115,0.000000,0.000000,0.001196
Q_ind_78_anc_9-9,0.000343,0.000000,0.000000,0.004036
Q_ind_79_anc_9-9,0.000292,0.000000,0.000000,0.003432
Q_ind_80_anc_9-9,0.000133,0.000000,0.000000,0.001257
Q_ind_81_anc_9-9,0.000093,0.000000,0.000000,0.000913
Q_ind_82_anc_9-9,0.000822,0.000000,0.000000,0.012033
Q_ind_83_anc_9-9,0.000152,0.000000,0.000000,0.001507
Q_ind_84_anc_9-9,0.001961,0.000000,0.000000,0.023471
Q_ind_85_anc_9-9,0.000119,0.000000,0.000000,0.001264
Q_ind_86_anc_9-9,0.000755,0.000000,0.000000,0.009954
Q_ind_87_anc_9-9,0.000421,0.000000,0.000000,0.005814
Q_ind_88_anc_9-9,0.001322,0.000000,0.000000,0.017558
Q_ind_89_anc_9-9,0.001183,0.000000,0.000000,0.015698
Q_ind_90_anc_9-9,0.001342,0.000000,0.000000,0.018829
Q_ind_91_anc_9-9,0.000302,0.000000,0.000000,0.003122
Q_ind_92_anc_9-9,0.000206,0.000000,0.000000,0.002173
Q_ind_93_anc_9-9,0.002813,0.000000,0.000000,0.026820
Q_ind_94_anc_9-9,0.000056,0.000000,0.000000,0.000375
Q_ind_95_anc_9-9,0.000158,0.000000,0.000000,0.001993
Q_ind_96_anc_9-9,0.001098,0.000000,0.000000,0.011842
Q_ind_97_anc_9-9,0.000194,0.000000,0.000000,0.002064
Q_ind_98_anc_9-9,0.000035,0.000000,0.000000,0.000348
Q_ind_99_anc_9-9,0.000051,0.000000,0.000000,0.000599
Q_ind_100_anc_9-9,0.000082,0.000000,0.000000,0.000827
Q_ind_101_anc_9-9,0.000043,0.000000,0.000000,0.000443
Q_ind_102_anc_9-9,0.000097,0.000000,0.000000,0.001168
Q_ind_103_anc_9-9,0.000166,0.000000,0.000000,0.002274
Q_ind_104_anc_9-9,0.000097,0.000000,0.000000,0.000799
Q_ind_105_anc_9-9,0.000051,0.000000,0.000000,0.000417
Q_ind_106_anc_9-9,0.000104,0.000000,0.000000,0.001232
Q_ind_107_anc_9-9,0.001693,0.000000,0.000000,0.023572
Q_ind_108_anc_9-9,0.000433,0.000000,0.000000,0.005086
Q_ind_109_anc_9-9,0.002906,0.000000,0.000000,0.032543
Q_ind_110_anc_9-9,0.002990,0.000000,0.000000,0.030112
Q_ind_111_anc_9-9,0.000594,0.000000,0.000000,0.008251
Q_ind_112_anc_9-9,0.000216,0.000000,0.000000,0.001776
Q_ind_113_anc_9-9,0.000975,0.000000,0.000000,0.011493
Q_ind_114_anc_9-9,0.001504,0.000000,0.000000,0.021251
Q_ind_115_anc_9-9,0.000633,0.000000,0.000000,0.008783
Q_ind_116_anc_9-9,0.000116,0.000000,0.000000,0.001227
Q_ind_117_anc_9-9,0.000253,0.000000,0.000000,0.002722
Q_ind_118_anc_9-9,0.000108,0.000000,0.000000,0.001140
Q_ind_119_anc_9-9,0.000598,0.000000,0.000000,0.008461
Q_ind_120_anc_9-9,0.000142,0.000000,0.000000,0.001827
Q_ind_121_anc_9-9,0.000087,0.000000,0.000000,0.000754
Q_ind_122_anc_9-9,0.000117,0.000000,0.000000,0.001524
Q_ind_123_anc_9-9,0.000161,0.000000,0.000000,0.001866
Q_ind_124_anc_9-9,0.000208,0.000000,0.000000,0.002192
Q_ind_125_anc_9-9,0.000918,0.000000,0.000000,0.013529
Q_ind_126_anc_9-9,0.015746,0.008046,0.000000,0.057118
Q_ind_127_anc_9-9,0.002495,0.000000,0.000000,0.024690
Q_ind_128_anc_9-9,0.000630,0.000000,0.000000,0.009106
Q_ind_129_anc_9-9,0.000105,0.000000,0.000000,0.001122
Q_ind_130_anc_9-9,0.001782,0.000000,0.000000,0.021584
Q_ind_131_anc_9-9,0.000069,0.000000,0.000000,0.000579
Q_ind_132_anc_9-9,0.000027,0.000000,0.000000,0.000268
Q_ind_133_anc_9-9,0.000257,0.000000,0.000000,0.003593
Q_ind_134_anc_9-9,0.000134,0.000000,0.000000,0.001369
Q_ind_135_anc_9-9,0.015616,0.008270,0.000000,0.054110
Q_ind_136_anc_9-9,0.000252,0.000000,0.000000,0.002541
Q_ind_137_anc_9-9,0.000175,0.000000,0.000000,0.002189
Q_ind_138_anc_9-9,0.000048,0.000000,0.000000,0.000528
Q_ind_139_anc_9-9,0.000393,0.000000,0.000000,0.005184
Q_ind_140_anc_9-9,0.002176,0.000000,0.000000,0.025129
Q_ind_141_anc_9-9,0.000834,0.000000,0.000000,0.012630
Q_ind_142_anc_9-9,0.000035,0.000000,0.000000,0.000345
Q_ind_143_anc_9-9,0.004298,0.000000,0.000000,0.039264
Q_ind_144_anc_9-9,0.000358,0.000000,0.000000,0.004391
Q_ind_145_anc_9-9,0.003674,0.000000,0.000000,0.023013
Q_ind_146_anc_9-9,0.000516,0.000000,0.000000,0.007429
Q_ind_147_anc_9-9,0.000332,0.000000,0.000000,0.004161
Q_ind_148_anc_9-9,0.001707,0.000000,0.000000,0.017977
Q_ind_149_anc_9-9,0.000099,0.000000,0.000000,0.001173
Q_ind_150_anc_9-9,0.001104,0.000000,0.000000,0.015625
Q_ind_151_anc_9-9,0.001288,0.000000,0.000000,0.015143
Q_ind_152_anc_9-9,0.000480,0.000000,0.000000,0.006587
Q_ind_153_anc_9-9,0.000185,0.000000,0.000000,0.002491
Q_ind_154_anc_9-9,0.007346,0.000000,0.000000,0.038737
Q_ind_155_anc_9-9,0.000031,0.000000,0.000000,0.000281
Q_ind_156_anc_9-9,0.000274,0.000000,0.000000,0.003033
Q_ind_157_anc_9-9,0.000335,0.000000,0.000000,0.004341
Q_ind_158_anc_9-9,0.000137,0.000000,0.000000,0.001354
Q_ind_159_anc_9-9,0.000542,0.000000,0.000000,0.007984
Q_ind_160_anc_9-9,0.000421,0.000000,0.000000,0.005700
Q_ind_161_anc_9-9,0.000155,0.000000,0.000000,0.001680
Q_ind_162_anc_9-9,0.000240,0.000000,0.000000,0.002376
Q_ind_163_anc_9-9,0.000131,0.000000,0.000000,0.001313
Q_ind_164_anc_9-9,0.000281,0.000000,0.000000,0.002922
Q_ind_165_anc_9-9,0.002719,0.000000,0.000000,0.031992
Q_ind_166_anc_9-9,0.000358,0.000000,0.000000,0.004206
Q_ind_167_anc_9-9,0.000304,0.000000,0.000000,0.002589
Q_ind_168_anc_9-9,0.000116,0.000000,0.000000,0.000903
Q_ind_169_anc_9-9,0.000037,0.000000,0.000000,0.000383
Q_ind_170_anc_9-9,0.001021,0.000000,0.000000,0.014224
Q_ind_171_anc_9-9,0.000722,0.000000,0.000000,0.010541
Q_ind_172_anc_9-9,0.000324,0.000000,0.000000,0.003837
Q_ind_173_anc_9-9,0.000268,0.000000,0.000000,0.003697
Q_ind_174_anc_9-9,0.000165,0.000000,0.000000,0.002112
Q_ind_175_anc_9-9,0.000105,0.000000,0.000000,0.001170
Q_ind_176_anc_9-9,0.000051,0.000000,0.000000,0.000484
Q_ind_177_anc_9-9,0.000766,0.000000,0.000000,0.011118
Q_ind_178_anc_9-9,0.001312,0.000000,0.000000,0.016430
Q_ind_179_anc_9-9,0.000186,0.000000,0.000000,0.001826
Q_ind_180_anc_9-9,0.000149,0.000000,0.000000,0.001818
Q_ind_181_anc_9-9,0.000174,0.000000,0.000000,0.002610
Q_ind_182_anc_9-9,0.002000,0.000000,0.000000,0.025973
Q_ind_183_anc_9-9,0.000472,0.000000,0.000000,0.007037
Q_ind_184_anc_9-9,0.000156,0.000000,0.000000,0.001856
Q_ind_185_anc_9-9,0.000253,0.000000,0.000000,0.002192
Q_ind_186_anc_9-9,0.000482,0.000000,0.000000,0.005989
Q_ind_187_anc_9-9,0.001979,0.000000,0.000000,0.020015
Q_ind_188_anc_9-9,0.000473,0.000000,0.000000,0.007021
Q_ind_189_anc_9-9,0.000311,0.000000,0.000000,0.003375
Q_ind_190_anc_9-9,0.000096,0.000000,0.000000,0.001127
Q_ind_191_anc_9-9,0.001609,0.000000,0.000000,0.021210
Q_ind_192_anc_9-9,0.000068,0.000000,0.000000,0.000644
Q_ind_193_anc_9-9,0.000107,0.000000,0.000000,0.001357
Q_ind_194_anc_9-9,0.000027,0.000000,0.000000,0.000246
Q_ind_195_anc_9-9,0.000056,0.000000,0.000000,0.000583
Q_ind_196_anc_9-9,0.000037,0.000000,0.000000,0.000342
Q_ind_197_anc_9-9,0.000038,0.000000,0.000000,0.000351
Q_ind_198_anc_9-9,0.000030,0.000000,0.000000,0.000273
Q_ind_199_anc_9-9,0.000077,0.000000,0.000000,0.000670
Q_ind_200_anc_9-9,0.000047,0.000000,0.000000,0.000353
Q_ind_201_anc_9-9,0.000029,0.000000,0.000000,0.000252
Q_ind_202_anc_9-9,0.000086,0.000000,0.000000,0.000867
Q_ind_203_anc_9-9,0.002840,0.000000,0.000000,0.030079
Q_ind_204_anc_9-9,0.002453,0.000000,0.000000,0.029457
Q_ind_205_anc_9-9,0.007485,0.000000,0.000000,0.042152
Q_ind_206_anc_9-9,0.001507,0.000000,0.000000,0.020652
Q_ind_207_anc_9-9,0.003698,0.000000,0.000000,0.038849
Q_ind_208_anc_9-9,0.000034,0.000000,0.000000,0.000322
Q_ind_209_anc_9-9,0.000331,0.000000,0.000000,0.003701
Q_ind_210_anc_9-9,0.000282,0.000000,0.000000,0.003405
Q_ind_211_anc_9-9,0.001977,0.000000,0.000000,0.029465
Q_ind_212_anc_9-9,0.000053,0.000000,0.000000,0.000574
Q_ind_213_anc_9-9,0.000122,0.000000,0.000000,0.001206
Q_ind_214_anc_9-9,0.000237,0.000000,0.000000,0.002902
Q_ind_215_anc_9-9,0.000097,0.000000,0.000000,0.000891
Q_ind_216_anc_9-9,0.000330,0.000000,0.000000,0.004286
Q_ind_217_anc_9-9,0.000153,0.000000,0.000000,0.001803
Q_ind_218_anc_9-9,0.000042,0.000000,0.000000,0.000372
Q_ind_219_anc_9-9,0.000182,0.000000,0.000000,0.002111
Q_ind_220_anc_9-9,0.000329,0.000000,0.000000,0.004460
Q_ind_221_anc_9-9,0.000067,0.000000,0.000000,0.000785
Q_ind_222_anc_9-9,0.000161,0.000000,0.000000,0.001974
Q_ind_223_anc_9-9,0.000083,0.000000,0.000000,0.000863
Q_ind_224_anc_9-9,0.000028,0.000000,0.000000,0.000215
Q_ind_225_anc_9-9,0.089195,0.097959,0.000000,0.169652
Q_ind_226_anc_9-9,0.000063,0.000000,0.000000,0.000641
Q_ind_227_anc_9-9,0.155117,0.157253,0.055700,0.236107
Q_ind_228_anc_9-9,0.148238,0.129840,0.069199,0.459738
Q_ind_229_anc_9-9,0.198340,0.196988,0.119967,0.289427
Q_ind_230_anc_9-9,0.136335,0.131056,0.066856,0.244231
Q_ind_231_anc_9-9,0.000060,0.000000,0.000000,0.000551
Q_ind_232_anc_9-9,0.000499,0.000000,0.000000,0.005760
Q_ind_233_anc_9-9,0.125718,0.124943,0.061818,0.193790
Q_ind_234_anc_9-9,0.000209,0.000000,0.000000,0.002022
Q_ind_235_anc_9-9,0.002330,0.000000,0.000000,0.024218
Q_ind_236_anc_9-9,0.000598,0.000000,0.000000,0.009458
Q_ind_237_anc_9-9,0.000658,0.000000,0.000000,0.008283
Q_ind_238_anc_9-9,0.000036,0.000000,0.000000,0.000336
Q_ind_239_anc_9-9,0.000096,0.000000,0.000000,0.000960
Q_ind_240_anc_9-9,0.000099,0.000000,0.000000,0.001071
Q_ind_241_anc_9-9,0.000283,0.000000,0.000000,0.003348
Q_ind_242_anc_9-9,0.000112,0.000000,0.000000,0.000877
Q_ind_243_anc_9-9,0.000062,0.000000,0.000000,0.000555
Q_ind_244_anc_9-9,0.000370,0.000000,0.000000,0.005162
Q_ind_245_anc_9-9,0.000047,0.000000,0.000000,0.000451
