"V1","individual_id","population","q_1","lb_q_1","ub_q_1","q_2","lb_q_2","ub_q_2","q_3","lb_q_3","ub_q_3","q_4","lb_q_4","ub_q_4","q_5","lb_q_5","ub_q_5","q_6","lb_q_6","ub_q_6","q_7","lb_q_7","ub_q_7","q_8","lb_q_8","ub_q_8","q_9","lb_q_9","ub_q_9","q_10","lb_q_10","ub_q_10","Q_1_1","lb_Q_1_1","ub_Q_1_1","Q_2_1","lb_Q_2_1","ub_Q_2_1","Q_2_2","lb_Q_2_2","ub_Q_2_2","Q_3_1","lb_Q_3_1","ub_Q_3_1","Q_3_2","lb_Q_3_2","ub_Q_3_2","Q_3_3","lb_Q_3_3","ub_Q_3_3","Q_4_1","lb_Q_4_1","ub_Q_4_1","Q_4_2","lb_Q_4_2","ub_Q_4_2","Q_4_3","lb_Q_4_3","ub_Q_4_3","Q_4_4","lb_Q_4_4","ub_Q_4_4","Q_5_1","lb_Q_5_1","ub_Q_5_1","Q_5_2","lb_Q_5_2","ub_Q_5_2","Q_5_3","lb_Q_5_3","ub_Q_5_3","Q_5_4","lb_Q_5_4","ub_Q_5_4","Q_5_5","lb_Q_5_5","ub_Q_5_5","Q_6_1","lb_Q_6_1","ub_Q_6_1","Q_6_2","lb_Q_6_2","ub_Q_6_2","Q_6_3","lb_Q_6_3","ub_Q_6_3","Q_6_4","lb_Q_6_4","ub_Q_6_4","Q_6_5","lb_Q_6_5","ub_Q_6_5","Q_6_6","lb_Q_6_6","ub_Q_6_6","Q_7_1","lb_Q_7_1","ub_Q_7_1","Q_7_2","lb_Q_7_2","ub_Q_7_2","Q_7_3","lb_Q_7_3","ub_Q_7_3","Q_7_4","lb_Q_7_4","ub_Q_7_4","Q_7_5","lb_Q_7_5","ub_Q_7_5","Q_7_6","lb_Q_7_6","ub_Q_7_6","Q_7_7","lb_Q_7_7","ub_Q_7_7","Q_8_1","lb_Q_8_1","ub_Q_8_1","Q_8_2","lb_Q_8_2","ub_Q_8_2","Q_8_3","lb_Q_8_3","ub_Q_8_3","Q_8_4","lb_Q_8_4","ub_Q_8_4","Q_8_5","lb_Q_8_5","ub_Q_8_5","Q_8_6","lb_Q_8_6","ub_Q_8_6","Q_8_7","lb_Q_8_7","ub_Q_8_7","Q_8_8","lb_Q_8_8","ub_Q_8_8","Q_9_1","lb_Q_9_1","ub_Q_9_1","Q_9_2","lb_Q_9_2","ub_Q_9_2","Q_9_3","lb_Q_9_3","ub_Q_9_3","Q_9_4","lb_Q_9_4","ub_Q_9_4","Q_9_5","lb_Q_9_5","ub_Q_9_5","Q_9_6","lb_Q_9_6","ub_Q_9_6","Q_9_7","lb_Q_9_7","ub_Q_9_7","Q_9_8","lb_Q_9_8","ub_Q_9_8","Q_9_9","lb_Q_9_9","ub_Q_9_9","Q_10_1","lb_Q_10_1","ub_Q_10_1","Q_10_2","lb_Q_10_2","ub_Q_10_2","Q_10_3","lb_Q_10_3","ub_Q_10_3","Q_10_4","lb_Q_10_4","ub_Q_10_4","Q_10_5","lb_Q_10_5","ub_Q_10_5","Q_10_6","lb_Q_10_6","ub_Q_10_6","Q_10_7","lb_Q_10_7","ub_Q_10_7","Q_10_8","lb_Q_10_8","ub_Q_10_8","Q_10_9","lb_Q_10_9","ub_Q_10_9","Q_10_10","lb_Q_10_10","ub_Q_10_10"
"PH_AS_10.sorted.bam","10","AS",0.391345,0.332698,0.429447,0.001101,0,0.007947,0.055676,0.027929,0.087388,0.004052,0,0.028961,0.088603,0.056812,0.119957,0.001214,0,0.009742,0.047605,0.023019,0.075615,0.357904,0.32665,0.389926,0.000664,0,0.005328,0.051836,0.024166,0.097822,5.3e-05,0,0.000503,0.000135,0,0.001664,8e-05,0,0.000826,0.000291,0,0.003048,0.000342,0,0.003912,0.000399,0,0.005408,0.000373,0,0.004564,0.000311,0,0.00435,0.002336,0,0.039086,0.000272,0,0.003782,0.140433,0,0.2355,0.000159,0,0.001772,0.030779,0,0.161874,0.000248,0,0.003022,0.000133,0,0.001426,0.000124,0,0.001059,0.000115,0,0.001085,0.000214,0,0.001781,0.000228,0,0.002584,0.000281,0,0.002354,8.5e-05,0,0.000543,0.00032,0,0.004445,0.000227,0,0.002842,0.021675,0,0.104343,0.00179,0,0.0328,0.000519,0,0.006408,0.00027,0,0.002467,0.000105,0,0.000963,0.639309,0.551238,0.731757,0.000443,0,0.005411,0.049043,0,0.147788,0.001659,0,0.023985,0.000301,0,0.003853,0.00073,0,0.008055,0.001681,0,0.023195,0.000474,0,0.006272,9e-05,0,0.000732,0.000119,0,0.001367,0.000112,0,0.001208,0.000123,0,0.001008,7e-05,0,0.000626,7.2e-05,0,0.000683,0.000204,0,0.002036,0.000207,0,0.001539,5.2e-05,0,0.000476,0.001508,0,0.024196,0.000191,0,0.001244,0.005761,0,0.075255,0.000491,0,0.005754,0.004152,0,0.063661,0.000223,0,0.002685,0.068314,0,0.147198,0.021488,0,0.108147,0.000227,0,0.002698,0.000658,0,0.00684
"PH_AS_11.sorted.bam","11","AS",0.380282,0.325084,0.419853,0.001929,0,0.012809,0.051322,0.023961,0.08206,0.004062,0,0.023259,0.056895,0.020204,0.098167,0.000866,0,0.006515,0.051831,0.021724,0.077903,0.371192,0.324858,0.40774,0.000732,0,0.005579,0.08089,0.037569,0.162028,0.000242,0,0.002536,0.000267,0,0.002746,0.000184,0,0.002396,0.001715,0,0.02059,0.000304,0,0.003097,0.00327,0,0.03713,0.000253,0,0.002974,0.000742,0,0.011082,0.00087,0,0.011678,0.000313,0,0.003802,0.000415,0,0.004894,0.000149,0,0.001408,0.001043,0,0.014112,0.002356,0,0.028396,0.000548,0,0.008122,0.000184,0,0.001984,0.000145,0,0.001356,0.000217,0,0.002079,8.2e-05,0,0.000645,0.000233,0,0.002537,6.9e-05,0,0.000661,0.000747,0,0.010888,0.000728,0,0.009151,0.045358,0,0.140437,0.000949,0,0.014505,0.052911,0,0.144974,0.000142,0,0.00169,0.000629,0,0.008157,0.727502,0.590112,0.811901,0.000381,0,0.004612,0.000774,0,0.009172,0.000547,0,0.007846,0.004619,0,0.080442,0.000315,0,0.003838,0.000349,0,0.00458,0.000344,0,0.004219,0.000142,0,0.001484,0.000176,0,0.001403,1e-04,0,0.001243,0.000185,0,0.00211,0.000176,0,0.001796,6.2e-05,0,0.000515,0.000127,0,0.001279,0.000147,0,0.001638,5.5e-05,0,0.00044,0.028854,0,0.149983,0.000598,0,0.005605,0.045723,0,0.130592,0.001515,0,0.020262,0.050792,0,0.184906,0.000213,0,0.002241,0.001094,0,0.013539,0.007063,0,0.105627,0.000238,0,0.00264,0.012845,0,0.117001
"PH_AS_12.sorted.bam","12","AS",0.364181,0.310039,0.403522,0.001501,0,0.010277,0.104033,0.051694,0.154388,0.003965,0,0.024991,0.004934,0,0.026085,0.002981,0,0.017779,0.031469,2.9e-05,0.065755,0.451877,0.377373,0.506019,0.001043,0,0.008027,0.034015,6e-06,0.106749,0.000257,0,0.002728,0.000211,0,0.002308,0.000292,0,0.003243,0.008146,0,0.083775,0.000338,0,0.00318,0.093144,0.015642,0.15278,0.000526,0,0.005737,0.000296,0,0.003375,0.000772,0,0.00996,0.001402,0,0.019415,0.000363,0,0.003959,0.000312,0,0.003324,0.002014,0,0.026754,0.000586,0,0.008711,0.000768,0,0.012074,0.00052,0,0.00781,0.000487,0,0.006983,0.000236,0,0.002859,0.000495,0,0.006683,0.000671,0,0.009808,0.001264,0,0.015696,0.001024,0,0.014736,0.000317,0,0.003552,0.003947,0,0.057294,0.000602,0,0.006399,0.002847,0,0.042121,0.000179,0,0.001793,0.011692,0,0.058152,0.713881,0.613563,0.793059,0.000218,0,0.002214,0.001359,0,0.016054,0.000295,0,0.002781,0.00048,0,0.005215,0.000205,0,0.002397,0.015341,0,0.106928,0.072461,0,0.151183,0.000175,0,0.00146,0.000134,0,0.00144,0.000181,0,0.001785,0.00013,0,0.001589,0.000314,0,0.004307,0.00018,0,0.001966,0.000267,0,0.002437,0.000149,0,0.00121,0.000113,0,0.001332,0.003004,0,0.042074,0.000106,0,0.000905,0.004787,0,0.048766,0.001427,0,0.018707,0.000745,0,0.011291,0.000462,0,0.005401,0.01503,0,0.078821,0.026905,0,0.162517,0.00033,0,0.003678,0.007618,0,0.07767
"PH_AS_1.sorted.bam","1","AS",0.375367,0.327354,0.418939,0.003183,0,0.021115,0.108362,0.056102,0.159764,0.008665,0,0.0365,0.003662,0,0.022912,0.00139,0,0.010286,0.0135,0,0.043411,0.421254,0.344504,0.480897,0.001037,0,0.008946,0.06358,0.016337,0.156801,0.000915,0,0.013579,0.00113,0,0.015708,0.000189,0,0.001965,0.033006,0,0.148132,0.00059,0,0.008082,0.085308,0,0.153427,0.002517,0,0.037793,0.000904,0,0.013319,0.000785,0,0.012013,0.002194,0,0.024463,0.001196,0,0.016788,0.000347,0,0.003579,0.000843,0,0.011202,0.000206,0,0.002226,0.000753,0,0.011006,0.000346,0,0.003882,0.000199,0,0.002196,0.000105,0,0.00091,0.000128,0,0.00133,0.000238,0,0.002666,9.9e-05,0,0.000933,0.000925,0,0.012401,0.000769,0,0.010558,0.000925,0,0.011861,0.00134,0,0.019403,0.000925,0,0.013535,0.000346,0,0.003308,0.00182,0,0.021731,0.702779,0.58597,0.792755,0.000588,0,0.005384,0.008014,0,0.093025,0.004894,0,0.054795,0.000118,0,0.000689,0.000729,0,0.008984,0.002716,0,0.043919,0.059339,0,0.160982,1e-04,0,0.00086,0.000139,0,0.001481,0.000414,0,0.004723,0.000132,0,0.001257,0.000278,0,0.003636,8.4e-05,0,0.000747,0.000132,0,0.0015,0.000162,0,0.00118,0.000101,0,0.000998,0.006905,0,0.100747,0.001322,0,0.020522,0.001425,0,0.014792,0.002035,0,0.030051,0.001668,0,0.026277,0.000406,0,0.005013,0.015281,0,0.073952,0.00383,0,0.063748,0.000432,0,0.004573,0.046928,0,0.154989
"PH_AS_2.sorted.bam","2","AS",0.400073,0.311657,0.439077,0.005875,0,0.033812,0.032888,0.004155,0.064333,0.011542,0,0.059902,0.160422,0.128736,0.192379,0.000839,0,0.007284,0.058472,0.034295,0.087759,0.283963,0.242656,0.32631,0.01722,0,0.04248,0.028705,0,0.062752,3.8e-05,0,0.000335,0.000126,0,0.0012,4.7e-05,0,0.00051,0.000387,0,0.003427,0.00786,0,0.065658,6.2e-05,0,0.00051,0.000668,0,0.009717,0.000692,0,0.010676,0.004122,0,0.048225,3.6e-05,0,0.00036,0.269063,0,0.37377,0.000372,0,0.003558,0.00413,0,0.09054,0.007066,0,0.114168,9.8e-05,0,0.000963,8e-05,0,0.000845,0.000174,0,0.001946,0.000233,0,0.002034,0.00013,0,0.001342,0.000233,0,0.002401,4.7e-05,0,0.000406,0.000133,0,0.00096,0.000448,0,0.006208,0.02036,0,0.097536,0.002673,0,0.030952,0.036347,0,0.16178,0.000102,0,0.00085,6.1e-05,0,0.000644,0.529336,0.425485,0.631382,0.000597,0,0.005156,0.013344,0,0.090779,0.003727,0,0.051523,0.000161,0,0.001903,0.000475,0,0.006649,0.004908,0,0.074546,0.00021,0,0.002993,9.8e-05,0,0.000923,0.000604,0,0.008305,0.014678,0,0.069028,0.000715,0,0.010438,0.001137,0,0.015626,8.2e-05,0,0.000803,0.002617,0,0.032442,0.014131,0,0.072331,3e-05,0,0.000252,0.000181,0,0.001527,0.000785,0,0.012098,0.000538,0,0.006459,0.003221,0,0.043405,0.002137,0,0.037013,7.5e-05,0,0.000596,0.049236,0,0.122095,0.000827,0,0.008779,0.00032,0,0.003335,4.5e-05,0,0.00041
"PH_AS_3.sorted.bam","3","AS",0.385011,0.336152,0.426465,0.001412,0,0.010403,0.062201,0.024093,0.099259,0.00155,0,0.012193,0.014003,0,0.048589,0.001313,0,0.010019,0.066071,0.031421,0.10792,0.41231,0.348762,0.470011,0.00292,0,0.018463,0.053209,0.002711,0.114627,0.004779,0,0.048383,0.000202,0,0.002151,0.000167,0,0.002034,0.010633,0,0.135769,0.000192,0,0.001429,0.001599,0,0.020374,0.000393,0,0.003678,0.000165,0,0.001568,0.000223,0,0.002557,0.000219,0,0.001607,0.010785,0,0.078774,0.00071,0,0.012285,0.000422,0,0.004023,0.000367,0,0.005158,0.000498,0,0.007922,0.000133,0,0.001299,0.000179,0,0.002009,0.000229,0,0.002262,8.9e-05,0,0.000565,0.000454,0,0.004982,0.000132,0,0.001465,0.004247,0,0.057107,0.000381,0,0.003258,0.055697,0,0.152995,0.000253,0,0.002092,0.007407,0,0.077453,0.00019,0,0.00164,0.029445,0,0.104013,0.719872,0.631496,0.802969,0.00015,0,0.001289,0.004603,0,0.07965,0.000445,0,0.004275,0.000467,0,0.007083,0.000128,0,0.001101,0.002797,0,0.048636,0.037062,0,0.116822,0.000651,0,0.009889,0.000278,0,0.003703,0.000704,0,0.008409,0.000252,0,0.003426,0.000821,0,0.012712,0.000457,0,0.006663,0.001052,0,0.015024,0.000374,0,0.004578,9.6e-05,0,0.00087,0.013547,0,0.10374,0.000232,0,0.002449,0.0485,0,0.191947,0.000475,0,0.005419,0.005577,0,0.053987,0.000504,0,0.006701,0.001229,0,0.019111,0.02166,0,0.113002,0.00106,0,0.013686,0.006816,0,0.047455
"PH_AS_4.sorted.bam","4","AS",0.382558,0.330959,0.420445,0.001031,0,0.00903,0.049807,0.011862,0.088353,0.001009,0,0.008751,0.019669,0,0.066736,0.002447,0,0.018571,0.030699,0.00447,0.060782,0.444249,0.399478,0.499849,0.000525,0,0.003928,0.068006,0.023234,0.133952,0.000158,0,0.001511,0.000348,0,0.003795,0.000107,0,0.001049,0.006665,0,0.077052,0.000231,0,0.001976,0.000917,0,0.013845,0.000147,0,0.001326,9.2e-05,0,0.000887,0.000283,0,0.0035,0.000174,0,0.002011,0.024176,0,0.124539,0.00021,0,0.001508,0.005662,0,0.08034,0.000219,0,0.001885,0.00075,0,0.011064,0.001251,0,0.018279,0.00031,0,0.003137,0.00067,0,0.010352,0.000313,0,0.003536,0.000153,0,0.001484,0.000225,0,0.002624,0.000227,0,0.002944,0.00016,0,0.001467,0.001498,0,0.022562,9.6e-05,0,0.000705,0.001317,0,0.018176,0.000463,0,0.006087,0.028561,0.001342,0.059224,0.72656,0.613974,0.816659,0.000277,0,0.003211,0.056807,0,0.167982,0.000262,0,0.002045,0.001265,0,0.017048,0.000799,0,0.010586,0.000128,0,0.001032,0.027788,0,0.134321,0.000128,0,0.000994,6.1e-05,0,0.000561,8.4e-05,0,0.000969,4.9e-05,0,0.000488,8.4e-05,0,0.000949,0.00015,0,0.001584,0.000146,0,0.001432,0.000133,0,0.001478,5.6e-05,0,0.000552,0.005297,0,0.06833,0.000156,0,0.001668,0.025879,0,0.110514,0.000208,0,0.001683,0.00475,0,0.056056,0.000335,0,0.003872,0.00024,0,0.002747,0.046692,0,0.179601,0.000104,0,0.000992,0.026176,0,0.121878
"PH_AS_5.sorted.bam","5","AS",0.37924,0.332451,0.409981,0.001644,0,0.012423,0.067211,0.025427,0.111467,0.001709,0,0.012569,0.0036,0,0.02212,0.002152,0,0.015224,0.052607,0.030376,0.079564,0.437486,0.374329,0.487614,0.001347,0,0.009768,0.053005,0.000478,0.114574,0.000367,0,0.003897,0.000892,0,0.011846,8.5e-05,0,0.000679,0.00038,0,0.004917,0.000444,0,0.004739,0.064082,0.019933,0.109884,0.000194,0,0.001668,0.000106,0,0.000988,0.000115,0,0.001106,0.000328,0,0.004633,0.00127,0,0.01897,0.000142,0,0.001571,0.000473,0,0.004201,0.000333,0,0.004378,0.000337,0,0.003954,0.000463,0,0.004995,0.000229,0,0.002941,0.000584,0,0.007129,0.000218,0,0.002091,0.000531,0,0.006971,0.000495,0,0.007745,0.000206,0,0.002017,0.000493,0,0.004344,0.001347,0,0.021468,0.000375,0,0.004801,0.001679,0,0.023834,0.000178,0,0.002012,0.000486,0,0.00714,0.752412,0.661101,0.814669,0.000294,0,0.003216,0.00223,0,0.034289,0.000593,0,0.006228,0.001238,0,0.019667,0.000628,0,0.00713,0.037885,0,0.148687,0.037412,0,0.110446,0.000727,0,0.010913,0.000283,0,0.003424,0.000182,0,0.002149,0.000137,0,0.001115,0.000327,0,0.003656,1e-04,0,0.001049,0.000241,0,0.002511,0.000224,0,0.00287,0.000115,0,0.001281,0.001202,0,0.015245,0.000234,0,0.003322,0.000501,0,0.005706,0.000692,0,0.010855,0.000533,0,0.007201,0.000381,0,0.004551,0.061838,0,0.131289,0.004646,0,0.065303,0.000242,0,0.002534,0.017869,0,0.101527
"PH_AS_6.sorted.bam","6","AS",0.347134,0.271388,0.397984,0.001458,0,0.011133,0.061698,0.000423,0.113553,0.002196,0,0.015416,0.021923,0,0.05817,0.001247,0,0.009663,0.081122,0.045514,0.119748,0.406846,0.351496,0.461882,0.001187,0,0.00862,0.075188,0.033873,0.144395,0.002596,0,0.04057,0.000321,0,0.003561,0.000175,0,0.001834,0.028079,0,0.1189,0.00021,0,0.001836,0.035896,0,0.103452,0.000404,0,0.004508,0.000118,0,0.000997,0.000773,0,0.011462,0.000341,0,0.002988,0.001867,0,0.029806,0.000207,0,0.002459,0.005429,0,0.067549,0.000956,0,0.013892,0.000957,0,0.016911,0.000122,0,0.001067,0.000142,0,0.001167,0.000413,0,0.005887,0.000187,0,0.001495,0.000816,0,0.012411,6.7e-05,0,0.000549,0.000387,0,0.005398,0.000381,0,0.004393,0.001056,0,0.013808,0.000349,0,0.003076,0.001371,0,0.016808,0.000149,0,0.001532,0.077053,0.035117,0.118014,0.628446,0.505961,0.750707,0.000346,0,0.003331,0.00443,0,0.069458,0.000509,0,0.005188,0.000413,0,0.003941,0.000256,0,0.002377,0.000185,0,0.002101,0.055214,0,0.172736,0.00023,0,0.00247,0.000149,0,0.001735,0.000232,0,0.002797,0.000166,0,0.001769,0.000516,0,0.006432,0.000118,0,0.000894,0.000323,0,0.004903,0.000183,0,0.001595,8.2e-05,0,0.000688,0.029222,0,0.154072,0.000693,0,0.009308,0.010982,0,0.093935,0.000249,0,0.002801,0.03036,0,0.111787,0.000158,0,0.001461,0.003937,0,0.060816,0.068497,0,0.258445,0.000292,0,0.003576,0.002994,0,0.039393
"PH_AS_7.sorted.bam","7","AS",0.398486,0.330252,0.441698,0.000787,0,0.005706,0.045757,0.017768,0.078654,0.002185,0,0.020299,0.001339,0,0.010616,0.000555,0,0.004104,0.028253,0,0.068142,0.449092,0.380269,0.497076,0.000479,0,0.003811,0.073067,0.027846,0.152687,0.000164,0,0.001759,0.000181,0,0.002225,0.000126,0,0.001335,0.050386,0,0.121478,0.000205,0,0.002218,0.001635,0,0.024029,0.000187,0,0.001877,0.000138,0,0.00125,0.001758,0,0.029653,0.000119,0,0.001049,0.000192,0,0.001991,0.000102,0,0.000965,0.000354,0,0.00413,0.000323,0,0.004648,0.000148,0,0.001683,0.000157,0,0.001299,6.1e-05,0,0.000745,0.000146,0,0.001699,0.000113,0,0.001123,0.000102,0,0.001025,3.9e-05,0,0.000326,0.000687,0,0.005053,0.000184,0,0.001675,0.029604,0,0.12192,0.000415,0,0.00402,0.000925,0,0.014427,0.000156,0,0.001629,0.002636,0,0.035343,0.684312,0.57573,0.79543,0.00015,0,0.001439,0.001672,0,0.019348,0.000694,0,0.009831,0.000162,0,0.001302,0.000147,0,0.001532,0.010634,0,0.082234,0.083366,0,0.169719,0.000104,0,0.001015,5.4e-05,0,0.000522,8.7e-05,0,0.000924,6e-05,0,0.000575,9.8e-05,0,0.001005,5.5e-05,0,0.000412,0.000143,0,0.00138,9.2e-05,0,0.000837,6.3e-05,0,0.000615,0.060437,0,0.160971,0.000247,0,0.003159,0.004032,0,0.068783,0.000446,0,0.004744,0.000125,0,0.00112,9.6e-05,0,0.00113,0.008485,0,0.076414,0.03359,0,0.200379,0.00014,0,0.001003,0.019267,0,0.135179
"PH_AS_8.sorted.bam","8","AS",0.377421,0.323902,0.430013,0.003915,0,0.022212,0.080473,0.036241,0.127128,0.00154,0,0.011354,0.009067,0,0.040698,0.004003,0,0.02206,0.017397,0,0.046502,0.426099,0.378713,0.4739,0.002336,0,0.01602,0.077748,0.029766,0.156193,0.009063,0,0.071371,0.00041,0,0.004866,0.000891,0,0.011804,0.006642,0,0.070781,0.002475,0,0.032182,0.0428,0,0.113403,0.000193,0,0.001936,0.000298,0,0.002553,0.000232,0,0.001956,0.000108,0,0.001021,0.00481,0,0.057169,0.000396,0,0.004178,0.007738,0,0.071669,0.00033,0,0.003418,0.000896,0,0.013193,0.000419,0,0.004778,0.000435,0,0.005778,0.000638,0,0.008935,0.000172,0,0.001786,0.001215,0,0.017054,0.00158,0,0.020411,0.001566,0,0.023564,0.001003,0,0.016359,0.013603,0,0.086947,0.000404,0,0.004449,0.000742,0,0.009819,0.000348,0,0.004161,0.000226,0,0.002429,0.696674,0.600796,0.782491,0.000464,0,0.004359,0.008483,0,0.092803,0.000235,0,0.002287,0.000141,0,0.000779,0.000181,0,0.001965,0.000836,0,0.010938,0.072005,0,0.128568,0.000265,0,0.001822,0.000125,0,0.001287,0.00035,0,0.00413,0.000195,0,0.002417,0.000314,0,0.003252,0.000314,0,0.003031,4e-04,0,0.005196,0.000333,0,0.003843,0.000999,0,0.013257,0.025737,0,0.135957,0.000441,0,0.005778,0.035184,0,0.127222,0.000806,0,0.004238,0.000656,0,0.0092,0.001124,0,0.016218,0.01544,0,0.072395,0.000843,0,0.005736,0.000378,0,0.003614,0.037444,0,0.148293
"PH_AS_9.sorted.bam","9","AS",0.376303,0.321048,0.422982,0.003248,0,0.021986,0.05777,0.019172,0.095898,0.01242,0,0.041277,0.005323,0,0.029879,0.001346,0,0.009564,0.036564,0.00823,0.067044,0.436494,0.357494,0.488972,0.001701,0,0.010794,0.068832,0.018087,0.159363,0.000621,0,0.008226,0.000226,0,0.002642,7.8e-05,0,0.000779,0.01616,0,0.094608,0.000765,0,0.011394,0.001372,0,0.020019,0.000176,0,0.001932,0.000432,0,0.005983,0.001195,0,0.013545,0.001275,0,0.016328,0.00233,0,0.034987,0.000798,0,0.012097,0.000236,0,0.001521,0.001094,0,0.016513,0.000314,0,0.002979,0.000373,0,0.005204,0.000101,0,0.000905,0.000338,0,0.004431,0.000194,0,0.001379,0.000414,0,0.00391,9.3e-05,0,0.000762,0.000468,0,0.004252,0.003037,0,0.041389,0.00966,0,0.08402,0.007883,0,0.068308,0.003862,0,0.047352,0.000374,0,0.003858,0.0059,0,0.043715,0.684876,0.570985,0.779548,0.000397,0,0.006193,0.063513,0,0.178376,0.000907,0,0.012061,0.000294,0,0.003126,0.000288,0,0.004097,0.024369,0,0.117737,0.046864,0,0.144177,0.00068,0,0.010739,0.000201,0,0.001934,0.00021,0,0.002508,0.00037,0,0.004046,0.000367,0,0.004181,0.000172,0,0.001676,0.000329,0,0.004542,0.000381,0,0.004722,0.000115,0,0.00096,0.046072,0,0.16295,0.000384,0,0.003573,0.020719,0,0.165674,0.010038,0,0.067138,0.000624,0,0.007643,0.000253,0,0.002946,0.011345,0,0.100713,0.004235,0,0.057107,0.000463,0,0.005926,0.021766,0,0.120789
"PH_BA_10.sorted.bam","10","BA",0.165203,0.034802,0.248176,0.27479,0.220767,0.334898,0.00083,0,0.006203,0.106008,0.062566,0.166971,0.174566,0.11398,0.230197,0.003304,0,0.022949,0.000989,0,0.008556,0.001633,0,0.012375,0.271012,0.226703,0.316367,0.001665,0,0.012705,0.000151,0,0.001215,0.001056,0,0.01339,9.9e-05,0,0.000892,0.000151,0,0.001712,0.000168,0,0.002221,7.1e-05,0,0.000771,0.059666,0,0.259322,0.039869,0,0.194191,0.000151,0,0.001667,0.000475,0,0.004258,0.266548,0.063715,0.388618,0.000411,0,0.003995,0.000253,0,0.002295,0.076793,0,0.329769,0.000131,0,0.001306,2e-04,0,0.002182,0.002039,0,0.030171,0.000293,0,0.003716,0.001721,0,0.02558,0.000744,0,0.010573,0.000366,0,0.005043,0.00025,0,0.002475,0.000188,0,0.001814,0.000144,0,0.001275,0.000219,0,0.001653,0.000344,0,0.004263,0.000187,0,0.001822,8.1e-05,0,0.000722,0.000486,0,0.005462,0.000488,0,0.005664,5.3e-05,0,0.000513,0.000665,0,0.009482,0.000103,0,0.00089,0.000341,0,0.004842,1e-04,0,0.000778,4.1e-05,0,0.000395,0.001122,0,0.017157,0.504709,0.415399,0.61389,0.000214,0,0.002605,0.031214,0,0.162222,0.003145,0,0.045533,0.000163,0,0.001332,0.000203,0,0.001562,0.00079,0,0.012291,0.000175,0,0.001276,0.000626,0,0.006811,0.000454,0,0.006698,9.2e-05,0,0.000757,0.000768,0,0.011153,0.00053,0,0.006159,0.000188,0,0.002039,0.000181,0,0.001075,0.000157,0,0.001152,0.000114,0,0.001161,0.00011,0,0.001089
"PH_BA_1.sorted.bam","1","BA",0.132695,0.000709,0.21516,0.286784,0.235377,0.332349,0.00083,0,0.006458,0.152261,0.106118,0.203846,0.146324,0.095475,0.200624,0.005825,0,0.030833,0.028875,0.000119,0.060321,0.001332,0,0.01057,0.243713,0.197792,0.297622,0.001362,0,0.011243,0.000208,0,0.002576,0.000518,0,0.005874,0.000314,0,0.002703,0.000159,0,0.001654,0.000136,0,0.001326,1e-04,0,0.000896,0.028834,0,0.217698,0.18592,0.068558,0.326062,0.000218,0,0.001603,0.010817,0,0.055604,0.228345,0,0.338543,0.000247,0,0.002047,0.000202,0,0.002289,0.000243,0,0.002169,0.000102,0,0.001152,0.000414,0,0.003111,0.000665,0,0.008678,0.000143,0,0.001586,0.000815,0,0.005472,0.000365,0,0.002976,0.000436,0,0.005786,0.005322,0,0.058112,0.00157,0,0.024214,0.000193,0,0.001477,0.036177,0,0.115322,0.001325,0,0.017765,0.004875,0,0.04943,0.000178,0,0.001942,0.000288,0,0.002737,0.000169,0,0.001644,7.4e-05,0,0.000777,0.000196,0,0.001802,0.000258,0,0.001635,0.000345,0,0.003763,0.000217,0,0.001709,0.000167,0,0.001385,0.000765,0,0.010921,0.383451,0.249364,0.482541,0.000224,0,0.002478,0.030306,0,0.161945,0.061213,0,0.272408,0.002645,0,0.041574,0.00715,0,0.073491,0.000651,0,0.009084,0.000368,0,0.003314,0.00033,0,0.002541,0.000262,0,0.002183,0.000111,0,0.001184,0.000178,0,0.001474,0.000246,0,0.001706,0.00051,0,0.005663,0.000565,0,0.009033,0.000131,0,0.001278,0.000284,0,0.003046,5.3e-05,0,0.000578
"PH_BA_2.sorted.bam","2","BA",0.168908,0.002343,0.250977,0.259006,0.222801,0.293144,0.002432,0,0.014186,0.134474,0.084544,0.211332,0.147116,0.093797,0.211049,0.00366,0,0.020802,0.016599,0,0.043799,0.000726,0,0.005514,0.262488,0.228585,0.29542,0.004591,0,0.029969,9.8e-05,0,0.001018,0.001278,0,0.018151,0.000399,0,0.004343,0.000217,0,0.002685,0.000369,0,0.003089,9.2e-05,0,0.000874,0.138293,0,0.294565,0.001741,0,0.02713,0.001014,0,0.014925,0.004007,0,0.039615,0.189832,0,0.300217,0.000394,0,0.00353,0.000379,0,0.004267,0.098815,0,0.395617,0.000584,0,0.006184,0.000117,0,0.001338,0.00154,0,0.022537,0.000445,0,0.006042,0.000907,0,0.013472,0.001207,0,0.019953,0.000384,0,0.005457,0.007089,0,0.070529,0.00305,0,0.036599,0.001183,0,0.01822,0.009933,0,0.065751,0.00142,0,0.019325,0.00097,0,0.015261,0.000377,0,0.005057,0.000138,0,0.001188,0.000123,0,0.001114,0.000124,0,0.001353,0.000255,0,0.002265,9.7e-05,0,0.000835,0.00024,0,0.002424,0.000147,0,0.001543,4.5e-05,0,0.000517,0.000155,0,0.001755,0.508434,0.434744,0.578187,0.000475,0,0.00612,0.00705,0,0.097187,0.000289,0,0.00252,0.000505,0,0.006862,0.006024,0,0.063704,0.000158,0,0.001797,0.000555,0,0.007404,0.000501,0,0.006019,0.000284,0,0.002336,0.000474,0,0.005976,0.002927,0,0.038412,0.00063,0,0.008844,0.000622,0,0.007971,0.002629,0,0.035011,8e-05,0,0.000881,0.000775,0,0.007733,0.000131,0,0.00139
"PH_BA_3.sorted.bam","3","BA",0.181442,0.002593,0.272634,0.255156,0.21432,0.308424,0.001178,0,0.008621,0.139443,0.086127,0.207387,0.167487,0.110814,0.239468,0.002705,0,0.019285,0.005055,0,0.030457,0.00286,0,0.030036,0.241005,0.201999,0.285625,0.003669,0,0.025587,0.000165,0,0.001977,0.004232,0,0.065194,0.000263,0,0.003211,0.000211,0,0.002497,0.000159,0,0.000812,0.000206,0,0.002897,0.101899,0,0.290812,0.058353,0,0.204949,0.000285,0,0.002097,0.00052,0,0.005557,0.249612,0,0.383698,0.000466,0,0.00603,0.000271,0,0.003274,0.081096,0,0.402668,0.000379,0,0.004708,0.000226,0,0.001753,0.001827,0,0.02826,0.000308,0,0.004292,0.00132,0,0.020607,0.000222,0,0.002511,0.000173,0,0.001879,0.001286,0,0.017291,0.000358,0,0.004308,0.000225,0,0.00155,0.001343,0,0.019267,0.000585,0,0.00326,0.000356,0,0.00435,0.000158,0,0.002065,0.003411,0,0.05585,0.000227,0,0.002036,0.00011,0,0.000967,0.000284,0,0.0029,0.000404,0,0.004228,0.000208,0,0.001983,0.00029,0,0.003406,0.000195,0,0.002316,0.000554,0,0.006818,0.44402,0.305342,0.563465,0.000126,0,0.001312,0.032484,0,0.156966,0.00115,0,0.014461,0.000455,0,0.007277,0.002066,0,0.027679,0.000161,0,0.001561,0.000295,0,0.0032,0.001122,0,0.01587,0.000143,0,0.00103,0.000248,0,0.002294,0.000784,0,0.010624,0.000409,0,0.004875,0.000142,0,0.001141,0.003285,0,0.042366,0.000234,0,0.002526,0.000404,0,0.005095,0.000283,0,0.003076
"PH_BA_4.sorted.bam","4","BA",0.149811,0.000466,0.228108,0.290308,0.25156,0.330054,0.00157,0,0.010275,0.115854,0.064281,0.197979,0.165441,0.10431,0.221681,0.005874,0,0.034142,0.004591,0,0.027083,0.002508,0,0.017677,0.261174,0.217909,0.309817,0.002868,0,0.022879,0.000144,0,0.001502,0.041636,0,0.176229,0.000138,0,0.001225,0.000295,0,0.003249,0.000437,0,0.005656,6e-05,0,0.000673,0.060263,0,0.215291,0.019871,0,0.144389,0.00034,0,0.004216,0.000153,0,0.00166,0.194567,0,0.297338,0.001199,0,0.008564,0.000186,0,0.00162,0.132782,0,0.363112,0.000144,0,0.0018,0.000414,0,0.004212,0.0044,0,0.058119,0.000776,0,0.012011,0.002749,0,0.047252,0.000348,0,0.002894,0.000176,0,0.001673,0.000183,0,0.00233,0.001218,0,0.016097,0.00016,0,0.002107,0.005168,0,0.049562,0.000369,0,0.002977,0.000506,0,0.00577,1e-04,0,0.000972,0.000193,0,0.002063,0.000281,0,0.002219,0.000196,0,0.002178,0.001227,0,0.016922,0.000206,0,0.001671,0.001286,0,0.019318,0.000431,0,0.006101,0.00012,0,0.001234,0.000783,0,0.010243,0.511023,0.420789,0.603378,0.000408,0,0.005247,0.006646,0,0.075863,0.000731,0,0.0093,0.00031,0,0.003202,0.000723,0,0.012022,0.000815,0,0.011953,0.000229,0,0.001733,0.001,0,0.013555,0.000276,0,0.003035,0.000223,0,0.002493,0.002358,0,0.036786,0.000205,0,0.002188,0.000608,0,0.008772,0.000226,0,0.001487,0.000142,0,0.001568,0.000451,0,0.006434,0.000125,0,0.001139
"PH_BA_5.sorted.bam","5","BA",0.172331,0.028544,0.242174,0.294304,0.24483,0.344474,0.000807,0,0.00605,0.122432,0.074608,0.181273,0.123261,0.083622,0.165131,0.003132,0,0.019914,0.001274,0,0.010203,0.007676,0,0.05252,0.272307,0.230714,0.325945,0.002478,0,0.019327,0.000536,0,0.006827,0.00058,0,0.006444,0.000321,0,0.003913,0.000115,0,0.00134,2e-04,0,0.002066,8.7e-05,0,0.000731,0.020044,0,0.266709,0.190269,0,0.312934,0.000151,0,0.001479,0.000773,0,0.007795,0.218968,0,0.323769,2e-04,0,0.001518,0.000127,0,0.001276,0.001456,0,0.018739,0.000543,0,0.007689,0.001053,0,0.016026,0.000597,0,0.004162,0.000169,0,0.001398,0.000415,0,0.004567,0.000903,0,0.013884,0.000175,0,0.001571,0.000146,0,0.001569,0.00021,0,0.001572,0.000146,0,0.001404,0.000272,0,0.0016,0.000114,0,0.001415,0.00034,0,0.003019,7.2e-05,0,0.000675,0.008823,0,0.100907,0.000506,0,0.005576,0.000154,0,0.001546,0.001169,0,0.00676,0.000607,0,0.007763,0.001486,0,0.021906,0.000243,0,0.002473,0.000161,0,0.001854,0.092244,0,0.223381,0.395171,0.285433,0.501878,2e-04,0,0.002226,0.029005,0,0.166143,0.022574,0,0.23808,0.000651,0,0.009691,0.000762,0,0.009772,0.001544,0,0.021078,0.000892,0,0.011438,0.001616,0,0.024829,0.000234,0,0.002034,0.000178,0,0.0019,0.000537,0,0.007365,0.000485,0,0.004787,0.000301,0,0.003484,0.000171,0,0.00223,0.000496,0,0.006787,0.000677,0,0.00811,0.00013,0,0.001049
"PH_BA_7.sorted.bam","7","BA",0.170907,0.000791,0.255009,0.279919,0.23331,0.326259,0.00047,0,0.003703,0.105413,0.057447,0.189267,0.179002,0.119734,0.233734,0.004958,0,0.027557,0.00516,0,0.02659,0.000966,0,0.008241,0.250718,0.214968,0.298893,0.002487,0,0.018135,5.8e-05,0,0.000524,0.000176,0,0.001211,0.00016,0,0.001891,6.1e-05,0,0.000624,0.000108,0,0.001207,4e-05,0,0.000374,0.059907,0,0.250974,0.065786,0,0.191478,9.3e-05,0,0.000878,0.000486,0,0.00764,0.27999,0,0.39541,0.000204,0,0.002122,9.6e-05,0,0.000959,0.074657,0,0.37716,1e-04,0,0.000922,0.000149,0,0.001877,0.001346,0,0.019995,0.000136,0,0.000937,0.003047,0,0.043244,0.000931,0,0.013131,0.000245,0,0.003474,0.000236,0,0.002335,0.000786,0,0.010736,8.1e-05,0,0.000941,0.002576,0,0.031743,0.000217,0,0.002292,0.002598,0,0.032771,6e-05,0,0.000527,0.000313,0,0.003453,0.000112,0,0.000943,6.1e-05,0,0.000509,0.000302,0,0.003684,0.000112,0,0.001034,0.000161,0,0.001325,0.000165,0,0.001549,7.2e-05,0,0.000659,0.000298,0,0.002578,0.490562,0.405767,0.586857,0.000133,0,0.001423,0.003151,0,0.057521,0.001339,0,0.020661,0.000186,0,0.002381,0.003217,0,0.038464,0.000465,0,0.00557,0.000133,0,0.000912,0.000568,0,0.008042,0.000439,0,0.006497,9.1e-05,0,0.000768,0.000335,0,0.003451,0.000258,0,0.002976,0.000873,0,0.014068,0.000324,0,0.003875,9.7e-05,0,0.000913,0.001818,0,0.029855,8.5e-05,0,0.000855
"PH_BA_9.sorted.bam","9","BA",0.180743,0.068818,0.237829,0.209821,0.171085,0.252417,0.001759,0,0.013751,0.055068,1e-06,0.157027,0.172672,0.127945,0.209982,0.005909,0,0.034377,0.027844,2e-06,0.056338,0.055149,0.024377,0.084772,0.289249,0.250657,0.351811,0.001786,0,0.016539,4.6e-05,0,0.000536,0.000418,0,0.003831,4.1e-05,0,0.000322,0.000138,0,0.001449,0.000229,0,0.002273,2.5e-05,0,0.000241,0.034624,0,0.166511,0.019226,0,0.118265,0.000438,0,0.006181,6.4e-05,0,0.000546,0.294497,0,0.409686,0.000191,0,0.001912,0.000135,0,0.001091,0.044184,0,0.300023,5.9e-05,0,0.000404,0.000202,0,0.001526,0.001031,0,0.013745,0.000772,0,0.011057,0.006167,0,0.065294,0.000583,0,0.003962,5.2e-05,0,0.000417,0.000217,0,0.002986,0.000529,0,0.006548,0.000529,0,0.006198,0.00235,0,0.036279,0.001095,0,0.014954,0.002063,0,0.036943,4.1e-05,0,0.000364,0.008117,0,0.105744,0.000204,0,0.002184,9.2e-05,0,0.00085,0.000219,0,0.002012,0.000208,0,0.002689,0.000258,0,0.003393,0.000122,0,0.001045,4.9e-05,0,0.000553,0.02286,0,0.194504,0.397521,0.318063,0.480019,0.001033,0,0.016041,0.002428,0,0.041149,0.004174,0,0.057598,0.000236,0,0.002343,0.048047,0,0.110606,0.100913,0,0.168236,5e-05,0,0.000519,0.000322,0,0.003814,0.00021,0,0.002073,0.000102,0,0.000761,0.00037,0,0.003719,0.00016,0,0.00178,0.000402,0,0.004689,0.000654,0,0.004537,6.6e-05,0,0.00059,0.001188,0,0.015719,4.9e-05,0,0.000334
"PH_BB_10.sorted.bam","10","BB",0.409426,0.305811,0.455567,0.015189,0,0.047573,0.001347,0,0.009971,0.002324,0,0.016798,0.536068,0.491459,0.623046,0.004559,0,0.0308,0.002899,0,0.021535,0.003558,0,0.029266,0.023538,1e-06,0.056192,0.001092,0,0.008578,0.004045,0,0.046812,0.005038,0,0.07281,0.000393,0,0.003455,0.000406,0,0.005333,0.000494,0,0.00457,0.000136,0,0.001122,0.000568,0,0.009329,0.00089,0,0.011244,0.000136,0,0.001251,0.000413,0,0.006096,0.796698,0.610737,0.881819,0.001234,0,0.021623,0.000145,0,0.001378,0.000588,0,0.006733,0.135005,0.064344,0.303846,0.000531,0,0.006248,0.003343,0,0.049732,0.000215,0,0.002463,0.000307,0,0.003595,0.001192,0,0.016661,0.000496,0,0.007051,0.001076,0,0.017721,0.001416,0,0.022043,0.00028,0,0.003339,0.000151,0,0.001358,0.000263,0,0.002821,0.000307,0,0.003576,0.00023,0,0.002939,0.000765,0,0.011922,0.000696,0,0.009577,0.000194,0,0.002027,0.000275,0,0.003355,0.000208,0,0.002118,0.000484,0,0.005974,0.000255,0,0.002276,0.00011,0,0.001044,0.005466,0,0.064327,0.016104,0,0.080034,0.000425,0,0.00567,0.00076,0,0.012481,0.00165,0,0.025325,0.001569,0,0.024377,0.001212,0,0.017192,0.003869,0,0.056789,0.00793,0,0.052852,0.000215,0,0.001649,0.000377,0,0.003525,0.000127,0,0.001276,0.000147,0,0.001294,0.000148,0,0.001718,0.00018,0,0.001509,0.000377,0,0.005079,0.00015,0,0.001356,0.00016,0,0.001617,0.000151,0,0.00142
"PH_BB_1.sorted.bam","1","BB",0.378164,0.287375,0.414608,0.007744,0,0.031647,0.001966,0,0.012936,0.005204,0,0.030514,0.565423,0.525549,0.613865,0.006859,0,0.031243,0.019213,3e-06,0.042885,0.003317,0,0.02278,0.008797,0,0.033264,0.003313,0,0.01893,0.000413,0,0.005372,0.00073,0,0.010008,0.000297,0,0.00323,0.000426,0,0.005367,0.000216,0,0.002091,0.00025,0,0.002802,0.000561,0,0.006017,0.000797,0,0.011344,0.000221,0,0.001949,0.000399,0,0.00518,0.747135,0.564323,0.823656,0.000148,0,0.001499,0.000323,0,0.003867,0.002521,0,0.039297,0.1852,0.118659,0.281594,0.000176,0,0.001929,0.000476,0,0.006708,0.00045,0,0.006018,0.000723,0,0.010099,0.000889,0,0.013226,0.003999,0,0.029585,0.003063,0,0.040033,0.005365,0,0.051642,0.000933,0,0.014621,0.001313,0,0.019817,0.007704,0,0.069145,0.001163,0,0.017403,0.007687,0,0.038438,0.002671,0,0.030855,0.000292,0,0.002876,0.000254,0,0.003356,0.000236,0,0.00291,0.00029,0,0.003648,0.000485,0,0.006543,0.001257,0,0.017279,0.000256,0,0.002891,0.000233,0,0.003149,0.006187,0,0.049708,0.000317,0,0.003608,0.002276,0,0.034577,0.001121,0,0.014869,0.000292,0,0.002379,0.001835,0,0.02776,0.000382,0,0.004679,0.001874,0,0.02263,0.000506,0,0.006545,0.000682,0,0.008416,0.000294,0,0.003794,0.000961,0,0.012381,0.000317,0,0.002445,0.001065,0,0.015086,0.000421,0,0.004231,0.000255,0,0.003055,0.001204,0,0.017856,0.000461,0,0.003758
"PH_BB_2.sorted.bam","2","BB",0.39791,0.31472,0.431352,0.003006,0,0.017459,0.00197,0,0.013112,0.003989,0,0.024108,0.563484,0.518889,0.624527,0.002282,0,0.015217,0.015234,0,0.040377,0.006572,0,0.03026,0.002314,0,0.016227,0.003239,0,0.022849,0.001328,0,0.016274,0.000755,0,0.008767,0.000336,0,0.003923,0.000393,0,0.004897,0.000343,0,0.004538,0.00011,0,0.001248,0.001823,0,0.024695,0.000192,0,0.002119,0.000495,0,0.005223,0.000158,0,0.001273,0.777223,0.623423,0.852567,0.001203,0,0.017363,0.000148,0,0.001713,0.000644,0,0.007293,0.17206,0.105629,0.304429,0.000374,0,0.002653,0.00079,0,0.010369,0.000529,0,0.006795,0.000356,0,0.003651,0.000278,0,0.002157,0.000407,0,0.004852,0.006777,0,0.057186,0.000504,0,0.00571,0.000701,0,0.010343,0.001446,0,0.020013,0.000838,0,0.012941,0.000355,0,0.003978,0.007202,0,0.036374,0.004908,0,0.051963,0.000916,0,0.013308,0.000618,0,0.006895,0.00148,0,0.020434,0.001399,0,0.020547,0.000621,0,0.008241,0.001988,0,0.028751,0.000193,0,0.001625,0.000216,0,0.002814,0.000383,0,0.005233,0.000284,0,0.00319,0.000593,0,0.007865,0.000528,0,0.00701,0.000329,0,0.004515,0.000362,0,0.002975,0.000542,0,0.007144,0.000591,0,0.009257,0.000694,0,0.009504,0.000251,0,0.003512,0.000209,0,0.002714,0.000632,0,0.007949,0.000586,0,0.005454,0.000116,0,0.001014,0.003093,0,0.036801,0.000286,0,0.003315,0.00021,0,0.00252,2e-04,0,0.002193
"PH_BB_3.sorted.bam","3","BB",0.409569,0.289,0.452399,0.023732,0,0.06172,0.003212,0,0.018501,0.011008,0,0.093189,0.466169,0.423724,0.538331,0.002239,0,0.014991,0.047868,0.023554,0.075626,0.01409,0,0.044836,0.012626,0,0.038833,0.009486,0,0.036756,0.000157,0,0.001466,0.005067,0,0.058758,0.000555,0,0.007961,0.000613,0,0.007884,0.000376,0,0.003569,7.3e-05,0,0.00072,0.000249,0,0.002721,0.000351,0,0.004133,0.000508,0,0.006612,0.000374,0,0.005465,0.808278,0.576131,0.899831,0.001343,0,0.018568,0.00028,0,0.002924,0.017365,0,0.181812,0.034837,0,0.188042,0.00035,0,0.004207,0.000865,0,0.012685,0.000415,0,0.005134,0.000245,0,0.002881,0.000208,0,0.00118,0.00022,0,0.002451,0.001467,0,0.015353,0.031113,0,0.11229,0.00131,0,0.021492,0.000954,0,0.014048,0.026963,0,0.136953,0.000373,0,0.004699,0.000225,0,0.002764,0.000605,0,0.006505,0.001272,0,0.018993,0.000426,0,0.006166,0.000556,0,0.006548,0.004926,0,0.062168,0.000228,0,0.002098,0.01495,0,0.079813,0.000257,0,0.002982,0.001101,0,0.017468,0.004668,0,0.051979,0.001963,0,0.02615,0.00027,0,0.003293,0.001501,0,0.021497,0.000424,0,0.005336,0.01076,0,0.067678,0.001823,0,0.02657,0.000394,0,0.005446,0.001094,0,0.016145,0.001298,0,0.019406,0.000386,0,0.004895,0.00077,0,0.009866,0.0018,0,0.0251,0.00093,0,0.012281,0.007396,0,0.068011,0.002879,0,0.034899,0.001954,0,0.027843,0.000233,0,0.002612
"PH_BB_4.sorted.bam","4","BB",0.392365,0.15807,0.448646,0.049,0.021426,0.081986,0.000667,0,0.005259,0.027545,0,0.156036,0.498129,0.418863,0.548608,0.004416,0,0.040736,0.001071,0,0.007925,0.020299,0,0.121453,0.003999,0,0.03046,0.002508,0,0.01709,0.008881,0,0.129514,0.071492,0,0.14463,0.002391,0,0.034206,9.5e-05,0,0.000917,0.000205,0,0.001477,0.000129,0,0.001508,0.007434,0,0.110331,0.000507,0,0.005243,0.000158,0,0.001323,0.007975,0,0.039579,0.654902,0,0.850014,0.016029,0,0.144798,9.2e-05,0,0.000942,0.027254,0,0.284294,0.144557,0.068046,0.423793,0.000411,0,0.003442,0.002042,0,0.028243,6.1e-05,0,0.000644,0.000314,0,0.003676,0.004874,0,0.080097,0.000189,0,0.002064,0.00034,0,0.004137,0.000259,0,0.002088,7.5e-05,0,0.000747,0.00021,0,0.002212,0.000162,0,0.001407,0.000112,0,0.001163,0.00017,0,0.002148,0.031147,0,0.241982,0.000685,0,0.008555,0.00016,0,0.001522,0.001423,0,0.019697,0.00024,0,0.002763,0.000245,0,0.0024,0.000317,0,0.004345,0.002894,0,0.027241,0.000642,0,0.00616,0.001681,0,0.024229,8.4e-05,0,0.000797,0.000754,0,0.010612,0.002992,0,0.051781,0.000146,0,0.001318,0.000146,0,0.001568,0.000367,0,0.004155,0.000385,0,0.00533,0.000505,0,0.00689,0.000319,0,0.003807,0.000146,0,0.001149,0.001088,0,0.015572,0.000598,0,0.006137,0.00025,0,0.002706,0.000183,0,0.001802,0.000226,0,0.002579,0.000418,0,0.004685,0.00064,0,0.009614
"PH_BB_5.sorted.bam","5","BB",0.371078,0.290233,0.409138,0.003743,0,0.022968,0.002996,0,0.018863,0.001648,0,0.012119,0.595009,0.556091,0.664107,0.002383,0,0.015678,0.019222,3e-06,0.045104,0.000905,0,0.006555,0.002002,0,0.013613,0.001013,0,0.008714,0.001112,0,0.016884,0.000163,0,0.001502,0.00031,0,0.004115,0.001613,0,0.025903,0.000297,0,0.002709,0.000663,0,0.009475,0.000119,0,0.001218,0.000392,0,0.004866,0.000295,0,0.003721,0.000448,0,0.006097,0.726774,0.579587,0.802324,0.000266,0,0.003114,0.000703,0,0.010763,0.000234,0,0.002604,0.222326,0.159298,0.372946,3e-04,0,0.003434,0.000502,0,0.007039,0.000585,0,0.009019,0.000161,0,0.001749,0.000489,0,0.005641,0.000521,0,0.007341,0.010313,0,0.062544,0.004609,0,0.041562,0.000478,0,0.006389,0.000727,0,0.011763,0.016083,0,0.08214,0.000997,0,0.014802,0.001647,0,0.02296,0.000152,0,0.001356,0.000101,0,0.000826,0.000209,0,0.002475,0.000168,0,0.001785,0.000161,0,0.001365,0.000156,0,0.001642,0.000373,0,0.004845,0.000128,0,0.001438,0.000213,0,0.002301,0.000439,0,0.005227,0.000263,0,0.003167,0.000165,0,0.001325,0.000406,0,0.005613,0.00032,0,0.003393,0.001264,0,0.018203,0.000152,0,0.001264,0.000259,0,0.003292,0.000285,0,0.001413,9.8e-05,0,0.000758,0.000223,0,0.002369,0.000142,0,0.001448,0.00025,0,0.002485,0.000213,0,0.002029,0.000305,0,0.003364,8.2e-05,0,0.000746,0.000265,0,0.002951,8.1e-05,0,0.000593
"PH_BB_6.sorted.bam","6","BB",0.406963,0.321448,0.441255,0.012604,0,0.043991,0.001108,0,0.008812,0.003086,0,0.021605,0.532727,0.490332,0.600415,0.032512,0.000242,0.073593,0.005351,0,0.025461,0.001628,0,0.012126,0.002154,0,0.015407,0.001868,0,0.014703,0.000368,0,0.004424,0.000684,0,0.007441,0.000626,0,0.00712,0.000217,0,0.002255,0.000118,0,0.001224,0.000281,0,0.002612,0.000546,0,0.006518,0.000593,0,0.007768,0.000135,0,0.001451,0.000758,0,0.011816,0.80738,0.64183,0.876068,0.00149,0,0.019587,0.000175,0,0.001731,0.000218,0,0.002206,0.119408,0.058412,0.251813,0.00201,0,0.033392,0.018426,0,0.084723,0.000392,0,0.003675,0.001739,0,0.026742,0.014914,0,0.126927,0.010317,0,0.058645,0.001161,0,0.017921,0.001166,0,0.016072,0.000183,0,0.001774,0.000747,0,0.010613,0.001125,0,0.019915,0.004507,0,0.044101,0.000211,0,0.001698,0.000528,0,0.003884,0.000204,0,0.002629,8.3e-05,0,0.000876,0.000391,0,0.003328,0.000157,0,0.001583,0.000907,0,0.013104,0.00029,0,0.004334,0.000102,0,0.001228,0.000356,0,0.003341,0.000687,0,0.008588,0.000211,0,0.002436,0.000144,0,0.001578,0.000628,0,0.008404,0.000828,0,0.010999,0.000788,0,0.011088,0.000181,0,0.001864,0.000127,0,0.001273,0.000308,0,0.00248,0.000587,0,0.007451,0.000139,0,0.001623,0.000142,0,0.001191,0.000549,0,0.006722,0.000667,0,0.009023,0.000311,0,0.003737,0.000311,0,0.003747,0.000229,0,0.002832,0.000247,0,0.002465
"PH_BB_7.sorted.bam","7","BB",0.405399,0.31929,0.439817,0.004667,0,0.024384,0.008344,0,0.031521,0.004617,0,0.030724,0.548855,0.50846,0.63148,0.003291,0,0.020421,0.017012,4e-06,0.041017,0.002508,0,0.016982,0.004135,0,0.020689,0.001172,0,0.009008,0.000549,0,0.007024,0.001579,0,0.022522,0.000348,0,0.004318,0.001559,0,0.024125,0.001324,0,0.019619,0.003425,0,0.026134,0.000467,0,0.003929,0.000561,0,0.008183,0.001083,0,0.015132,0.000615,0,0.009637,0.802552,0.638396,0.875265,0.000603,0,0.008347,0.001732,0,0.024866,0.000876,0,0.012929,0.142765,0.08096,0.299343,0.000481,0,0.00573,0.000355,0,0.00432,0.000643,0,0.009209,0.000161,0,0.002054,0.000863,0,0.009577,0.000591,0,0.009123,0.001665,0,0.030442,0.002459,0,0.03217,0.001317,0,0.020247,0.003926,0,0.050729,0.003788,0,0.047426,0.001951,0,0.025881,0.007502,0,0.036837,0.000382,0,0.004484,0.000513,0,0.007336,0.000521,0,0.007037,0.00037,0,0.004188,0.000272,0,0.003342,0.000377,0,0.004137,0.001828,0,0.026045,0.000116,0,0.001141,0.000728,0,0.0091,0.001147,0,0.017778,0.001256,0,0.017485,0.000419,0,0.004354,0.00137,0,0.018993,0.000425,0,0.00567,0.001946,0,0.025101,0.000271,0,0.003378,0.00013,0,0.000858,0.000287,0,0.002883,9.7e-05,0,0.000744,0.000403,0,0.004879,0.000141,0,0.001531,0.000121,0,0.001015,0.000145,0,0.00119,0.000139,0,0.001479,0.000249,0,0.001972,0.000447,0,0.006297,0.000157,0,0.001102
"PH_BB_8.sorted.bam","8","BB",0.382533,0.294907,0.423472,0.009805,0,0.038103,0.004018,0,0.020173,0.009709,0,0.050356,0.549029,0.505746,0.613911,0.007533,0,0.032454,0.020158,1.5e-05,0.04457,0.001963,0,0.013101,0.010308,0,0.035002,0.004943,0,0.027668,0.000309,0,0.003249,0.002113,0,0.029469,0.000359,0,0.002835,0.000237,0,0.002369,0.000461,0,0.006347,0.001306,0,0.014273,0.001067,0,0.015616,0.00365,0,0.04195,0.00025,0,0.00244,0.000997,0,0.014788,0.752862,0.588283,0.834432,0.001291,0,0.015562,0.000249,0,0.00254,0.007154,0,0.089536,0.164397,0.099277,0.305825,0.000799,0,0.008808,0.002926,0,0.034128,0.000372,0,0.003807,0.001554,0,0.021398,0.002576,0,0.0342,0.000494,0,0.006775,0.003514,0,0.041173,0.002354,0,0.034863,0.003005,0,0.032936,0.00199,0,0.031922,0.002056,0,0.031779,0.001227,0,0.019451,0.009516,0,0.040003,0.000192,0,0.00192,0.000594,0,0.008721,0.000174,0,0.002046,0.000322,0,0.003109,0.000468,0,0.005807,0.000425,0,0.005696,0.000956,0,0.015173,0.000121,0,0.001387,0.002987,0,0.045589,0.004531,0,0.045524,0.00045,0,0.006602,0.000981,0,0.011739,0.001996,0,0.032549,0.002629,0,0.034974,0.003426,0,0.03931,0.000251,0,0.002721,0.000613,0,0.008435,0.000676,0,0.009248,0.000972,0,0.015641,0.000226,0,0.002115,0.000455,0,0.005566,0.000612,0,0.005972,0.00157,0,0.02263,0.002756,0,0.037699,3e-04,0,0.00271,0.00214,0,0.028451,9e-05,0,0.000816
"PH_BB_9.sorted.bam","9","BB",0.401239,0.319704,0.439494,0.017659,0,0.04667,0.00516,0,0.024897,0.014051,0,0.041686,0.518289,0.475235,0.577842,0.016561,0,0.052761,0.020952,0.001721,0.04236,0.001404,0,0.011096,0.002466,0,0.016524,0.00222,0,0.014791,0.000564,0,0.005459,0.000816,0,0.014457,0.001655,0,0.025422,0.000279,0,0.002189,0.000909,0,0.012664,0.001024,0,0.013927,0.000581,0,0.005723,0.002889,0,0.035253,0.00081,0,0.012,0.000813,0,0.011336,0.790371,0.634273,0.863272,0.000247,0,0.0027,0.000202,0,0.001548,0.000336,0,0.003359,0.116992,0.061035,0.251647,0.000501,0,0.004355,0.020096,0,0.077712,0.000484,0,0.005584,0.000453,0,0.004269,0.008666,0,0.097063,0.000346,0,0.002957,0.00749,0,0.063756,0.004171,0,0.05028,0.004965,0,0.045015,0.019754,0,0.073099,0.002051,0,0.037485,0.001087,0,0.01525,0.000334,0,0.003971,0.000638,0,0.005416,0.000358,0,0.003862,0.000182,0,0.001695,0.000682,0,0.009662,0.00011,0,0.000976,0.000151,0,0.001548,0.000139,0,0.001586,0.000133,0,0.001278,0.000352,0,0.004235,0.002104,0,0.029612,0.000144,0,0.001388,0.000391,0,0.005627,0.000385,0,0.004967,0.000235,0,0.002639,0.000704,0,0.010107,9.7e-05,0,0.00092,0.000141,0,0.001573,0.000324,0,0.003507,0.000417,0,0.004977,0.000298,0,0.004138,0.00058,0,0.00614,0.000228,0,0.002754,0.000757,0,0.012122,0.000875,0,0.01248,0.000187,0,0.001797,0.000237,0,0.002614,0.000267,0,0.002523
"PH_BC_10.sorted.bam","10","BC",0.350281,0.000675,0.468426,0.001476,0,0.011016,0.004114,0,0.023976,0.025351,0,0.105061,0.002763,0,0.019351,0.002403,0,0.016552,0.001049,0,0.007825,0.036885,0,0.121875,0.001271,0,0.009853,0.574407,0.482418,0.799407,5.6e-05,0,0.000503,0.000225,0,0.002432,6.2e-05,0,0.000676,0.000357,0,0.004712,0.000287,0,0.003473,0.000248,0,0.003459,0.001053,0,0.016484,0.000753,0,0.012072,0.00027,0,0.002599,0.000175,0,0.001941,0.002131,0,0.03285,0.000177,0,0.001613,0.00061,0,0.00895,0.000871,0,0.012975,0.000192,0,0.002461,0.000177,0,0.002124,0.000322,0,0.003066,0.000797,0,0.011862,0.001164,0,0.016194,0.000194,0,0.002288,6.3e-05,0,0.000635,0.00011,0,0.001069,0.000122,0,0.001352,0.000424,0,0.005957,0.000159,0,0.00171,0.000289,0,0.002916,0.000103,0,0.001068,5.6e-05,0,0.00055,0.057972,0,0.236406,0.000322,0,0.004277,0.000462,0,0.005775,0.000597,0,0.007994,0.000208,0,0.002643,0.001051,0,0.018293,0.000211,0,0.001427,0.000137,0,0.001224,0.000171,0,0.001621,0.00021,0,0.001953,0.000449,0,0.005664,0.000216,0,0.001679,0.000142,0,0.001478,0.00023,0,0.003124,0.00011,0,0.000939,0.000621,0,0.008517,5.4e-05,0,0.000587,0.638253,0,0.925831,0.000412,0,0.005186,0.004076,0,0.045139,0.045269,0,0.209199,0.000522,0,0.005641,0.000643,0,0.007293,0.000458,0,0.006662,0.012052,0,0.159272,0.000285,0,0.002578,0.223421,0.031791,0.716401
"PH_BC_11.sorted.bam","11","BC",0.362961,0.064439,0.498885,0.003152,0,0.025809,0.001414,0,0.011306,0.020482,0,0.084234,0.001485,0,0.012843,0.000996,0,0.008094,0.00151,0,0.010944,0.052062,8e-06,0.12244,0.002812,0,0.021277,0.553126,0.437272,0.817742,0.020279,0,0.107914,0.00131,0,0.016893,0.000449,0,0.005903,0.000368,0,0.003835,0.000163,0,0.002081,0.000234,0,0.002039,0.022683,0,0.130774,0.000557,0,0.004544,0.000265,0,0.002644,0.000338,0,0.003499,0.00037,0,0.003672,0.000149,0,0.001574,0.000108,0,0.000986,0.000457,0,0.004478,0.000215,0,0.002553,0.000249,0,0.001698,0.000264,0,0.002986,0.000257,0,0.002628,0.000173,0,0.002066,0.000103,0,0.000958,0.000112,0,0.000782,0.000375,0,0.004803,0.000413,0,0.004953,0.000211,0,0.002138,0.000362,0,0.004133,0.000219,0,0.002382,0.000221,0,0.002042,0.00011,0,0.001188,0.099328,0,0.243271,0.001824,0,0.03023,0.000409,0,0.004976,0.000528,0,0.004953,0.000323,0,0.002906,0.000191,0,0.002214,0.000274,0,0.00268,0.000337,0,0.002451,0.000759,0,0.010271,0.000496,0,0.005918,0.000134,0,0.000879,0.001044,0,0.015386,0.000183,0,0.001527,0.000128,0,0.001073,0.000393,0,0.004443,0.000377,0,0.003593,0.000805,0,0.011409,0.559923,0,0.836492,0.000229,0,0.002115,0.000445,0,0.00444,0.014221,0,0.158664,0.000628,0,0.005867,0.000182,0,0.001567,0.000331,0,0.003462,0.000198,0,0.001736,0.000501,0,0.006129,0.264797,0.05634,0.798568
"PH_BC_1.sorted.bam","1","BC",0.353456,0.080212,0.4581,0.002002,0,0.014592,0.012642,0,0.043091,0.010251,0,0.088135,0.025665,0,0.065982,0.003278,0,0.021954,0.00225,0,0.017089,0.043098,0,0.145381,0.002541,0,0.016429,0.544816,0.450199,0.764794,0.000318,0,0.002453,0.000393,0,0.004757,0.000196,0,0.001922,0.005882,0,0.059479,0.000546,0,0.004118,0.000575,0,0.008268,0.000258,0,0.003185,0.000517,0,0.005405,0.000473,0,0.006358,7.3e-05,0,0.000672,0.044766,0,0.130808,0.000214,0,0.002223,0.001476,0,0.020574,0.000649,0,0.006553,0.000129,0,0.001077,0.000447,0,0.003662,0.000298,0,0.002978,0.001733,0,0.022932,0.00015,0,0.001456,0.000416,0,0.004277,0.000364,0,0.005117,0.000376,0,0.003308,0.000379,0,0.004265,0.001615,0,0.022463,0.000329,0,0.002625,0.000427,0,0.00501,0.000239,0,0.002717,0.00019,0,0.001342,0.080724,0,0.28856,0.000263,0,0.002667,0.001338,0,0.019979,0.000312,0,0.003644,0.00038,0,0.003176,0.000618,0,0.008274,0.000471,0,0.006403,0.000352,0,0.004175,0.000173,0,0.001537,0.000298,0,0.003188,0.00227,0,0.026368,0.00017,0,0.001714,0.000481,0,0.00278,0.000312,0,0.004055,0.000115,0,0.001312,0.000465,0,0.005489,0.000141,0,0.001381,0.573257,0,0.840724,0.000704,0,0.008614,0.008801,0,0.077778,0.017498,0,0.175737,0.002263,0,0.03803,0.001614,0,0.026789,0.000169,0,0.001501,0.00092,0,0.013424,0.000516,0,0.007307,0.241945,0.052405,0.735267
"PH_BC_2.sorted.bam","2","BC",0.330058,0.033283,0.4579,0.00074,0,0.005423,0.001536,0,0.01157,0.00114,0,0.008998,0.000685,0,0.005779,0.000829,0,0.006212,0.00121,0,0.009681,0.023246,0,0.129692,0.000749,0,0.006098,0.639808,0.525198,0.931917,2e-04,0,0.002459,0.000223,0,0.00252,5e-05,0,0.00045,0.000386,0,0.005481,0.000208,0,0.002365,0.000157,0,0.001961,0.000214,0,0.002381,9.2e-05,0,0.001078,0.000209,0,0.001786,0.000147,0,0.001466,0.000179,0,0.001852,0.000146,0,0.001376,0.000154,0,0.001432,0.000101,0,0.000762,0.000123,0,0.000933,0.000169,0,0.002131,0.000123,0,0.001205,0.000159,0,0.001748,0.00024,0,0.002229,0.000103,0,0.000946,7.9e-05,0,0.000839,0.000334,0,0.003094,0.000116,0,0.000969,0.000198,0,0.001471,0.000283,0,0.003026,7.5e-05,0,0.000668,0.000154,0,0.001552,0.000122,0,0.001074,0.040302,0,0.256908,0.000135,0,0.001191,0.000556,0,0.006559,0.000382,0,0.004108,9.2e-05,0,0.000774,0.000261,0,0.002342,0.000393,0,0.004763,0.000268,0,0.002489,0.000112,0,0.000771,9.1e-05,0,0.000855,0.000129,0,0.001437,0.000144,0,0.001387,7.7e-05,0,0.000804,8.5e-05,0,0.000784,0.000148,0,0.001624,0.000199,0,0.002351,0.000103,0,0.001055,0.617796,0,0.913557,0.000246,0,0.00258,0.000761,0,0.010504,0.000322,0,0.002473,0.000199,0,0.001628,0.000208,0,0.001518,0.000475,0,0.006659,0.003635,0,0.050411,0.000308,0,0.003435,0.327834,0.066004,0.926404
"PH_BC_3.sorted.bam","3","BC",0.332788,0.072334,0.451809,0.002692,0,0.018206,0.001532,0,0.011159,0.02929,0,0.12301,0.001951,0,0.015209,0.001047,0,0.007668,0.001879,0,0.014403,0.074776,0.035273,0.16423,0.00154,0,0.010618,0.552504,0.457128,0.771445,0.000208,0,0.001937,0.000446,0,0.005611,0.000152,0,0.001174,0.000238,0,0.002882,0.000665,0,0.010845,0.000137,0,0.001167,0.000287,0,0.001948,0.000212,0,0.002448,0.000348,0,0.003006,0.000229,0,0.00209,0.000678,0,0.00897,0.000222,0,0.002615,0.000335,0,0.003386,0.000576,0,0.008193,8e-05,0,0.000762,0.000226,0,0.002769,0.00025,0,0.003216,0.000201,0,0.002336,0.000173,0,0.001931,0.000148,0,0.001218,0.000131,0,0.001516,0.000148,0,0.00147,0.00036,0,0.003601,0.000101,0,0.000927,0.001894,0,0.024574,0.000145,0,0.001205,8.8e-05,0,0.000895,0.000118,0,0.001229,0.145598,0.064823,0.328461,0.00075,0,0.01003,0.000245,0,0.003127,0.00119,0,0.018601,0.000416,0,0.005408,0.000283,0,0.003274,9.7e-05,0,0.000948,0.000127,0,0.001047,0.000521,0,0.007143,0.000722,0,0.010372,0.000174,0,0.001807,0.000148,0,0.001754,0.000115,0,0.001249,0.000123,0,0.001568,0.000196,0,0.002489,0.00024,0,0.002984,6.4e-05,0,0.000531,0.517018,0,0.807931,0.001454,0,0.020412,0.000484,0,0.005546,0.053294,0,0.243953,0.001106,0,0.018875,0.000341,0,0.003973,0.000492,0,0.006621,0.00048,0,0.002974,0.000713,0,0.00954,0.264813,0.074256,0.714031
"PH_BC_4.sorted.bam","4","BC",0.335428,3e-06,0.466424,0.000612,0,0.004834,0.000535,0,0.004214,0.002657,0,0.019271,0.000408,0,0.003017,0.000601,0,0.00482,0.000609,0,0.004669,0.017994,0,0.133256,0.00043,0,0.003205,0.640727,0.529527,0.997201,4.9e-05,0,0.000389,0.000107,0,0.001219,3.5e-05,0,0.000313,0.000179,0,0.001655,8.7e-05,0,0.000803,5.3e-05,0,0.000512,0.00018,0,0.001251,9.6e-05,0,0.000966,8.5e-05,0,0.000906,6.2e-05,0,0.000593,0.000136,0,0.001676,6.8e-05,0,0.000651,5.7e-05,0,0.000571,7.2e-05,0,0.000782,3.4e-05,0,3e-04,9.4e-05,0,0.001032,0.000158,0,0.00159,8.8e-05,0,0.000892,5.5e-05,0,0.000524,9.6e-05,0,0.00112,3.3e-05,0,0.000335,4.6e-05,0,0.000394,6.5e-05,0,0.000634,5.1e-05,0,0.000449,0.000119,0,0.001146,4e-05,0,0.000383,5.2e-05,0,0.000444,6.9e-05,0,0.000599,0.03425,0,0.266484,9.9e-05,0,0.001186,8.3e-05,0,0.000822,0.00016,0,0.00153,7.6e-05,0,0.000759,0.000411,0,0.005853,0.000152,0,0.001324,6.2e-05,0,0.000484,7.6e-05,0,0.000586,0.000104,0,0.000982,9.5e-05,0,0.001031,7.8e-05,0,0.00095,6.2e-05,0,0.000645,6.3e-05,0,0.000469,7.4e-05,0,0.000756,0.000104,0,0.001151,4.8e-05,0,0.000495,0.63569,0,0.932033,0.00037,0,0.003633,0.00024,0,0.002502,0.004347,0,0.036818,0.000142,0,0.00094,0.000119,0,0.001072,0.000481,0,0.004727,0.000531,0,0.007682,0.000108,0,0.000959,0.319713,0.063941,0.996685
"PH_BC_5.sorted.bam","5","BC",0.343762,0.071747,0.447522,0.007829,0,0.028775,0.003837,0,0.019546,0.003808,0,0.01875,0.004491,0,0.024208,0.011392,0,0.034766,0.003827,0,0.021701,0.040792,0.002885,0.10723,0.0115,0,0.035157,0.568763,0.465232,0.817809,9.8e-05,0,0.001146,0.000188,0,0.001593,0.000104,0,0.000591,0.000407,0,0.00408,0.00084,0,0.012755,0.00043,0,0.004968,0.000789,0,0.010952,0.000466,0,0.004913,0.000852,0,0.013503,0.000201,0,0.002041,0.001736,0,0.021742,0.000495,0,0.004968,0.000729,0,0.011507,0.001615,0,0.023489,0.000118,0,0.000804,0.000162,0,0.001292,0.004048,0,0.045846,0.000988,0,0.015703,0.001206,0,0.018346,0.000573,0,0.00648,0.000166,0,0.001716,0.000196,0,0.001788,0.000698,0,0.008993,0.00033,0,0.00244,0.000373,0,0.004082,0.001653,0,0.022454,0.000661,0,0.007046,0.000139,0,0.001104,0.05209,0,0.206624,0.000395,0,0.005119,0.001371,0,0.020259,0.001177,0,0.016054,0.000911,0,0.011351,0.013222,0,0.065523,0.000784,0,0.010412,0.001504,0,0.024022,0.00028,0,0.003065,0.007957,0,0.048265,0.000191,0,0.001179,0.000344,0,0.003514,0.00065,0,0.009629,0.000997,0,0.016575,0.000277,0,0.003337,0.005675,0,0.048894,0.00012,0,0.001043,0.631479,0,0.882259,0.000364,0,0.003236,0.001102,0,0.014452,0.000392,0,0.005682,0.000383,0,0.004521,0.000594,0,0.007145,0.002403,0,0.036845,0.002949,0,0.041732,0.006389,0,0.064591,0.245735,0.040118,0.808708
"PH_BC_6.sorted.bam","6","BC",0.353112,6.1e-05,0.476635,0.000644,0,0.005093,0.001627,0,0.019516,0.00979,0,0.068632,0.000608,0,0.005053,0.000726,0,0.005436,0.000497,0,0.003781,0.014136,0,0.088421,0.000626,0,0.004671,0.618234,0.515239,0.928546,7e-05,0,0.000499,0.000245,0,0.002363,5.4e-05,0,0.000541,0.000204,0,0.002571,0.000123,0,0.000929,6.2e-05,0,0.000519,9.3e-05,0,0.000806,7.7e-05,0,0.000746,0.000231,0,0.002855,0.000101,0,0.000861,0.000204,0,0.001451,6.5e-05,0,0.000597,0.000108,0,0.000939,0.000178,0,0.001856,9.1e-05,0,0.000804,0.000111,0,0.001256,0.00011,0,0.000822,8e-05,0,0.000717,0.000104,0,0.000992,9.3e-05,0,0.000854,6.4e-05,0,0.000692,7.6e-05,0,0.000773,8.2e-05,0,0.000769,0.000141,0,0.001203,8.4e-05,0,0.000674,6.3e-05,0,0.000552,8.3e-05,0,0.000934,4.3e-05,0,0.000382,0.026173,0,0.17404,0.000105,0,0.000975,0.000183,0,0.002022,0.000704,0,0.008033,9.5e-05,0,0.001031,0.00016,0,0.001685,9.8e-05,0,0.001112,0.000104,0,0.000954,8.2e-05,0,0.000674,9.1e-05,0,0.001018,0.000151,0,0.00184,9.1e-05,0,0.001112,0.000102,0,0.001039,7.7e-05,0,0.000668,0.000124,0,0.000998,0.000193,0,0.002322,5.9e-05,0,0.000534,0.678897,0,0.952386,0.000283,0,0.003158,0.00191,0,0.039031,0.017816,0,0.134699,0.000127,0,0.000864,0.000505,0,0.006212,0.00016,0,0.001381,0.000352,0,0.004271,0.000224,0,0.002427,0.268097,0.038571,0.888482
"PH_BC_7.sorted.bam","7","BC",0.281039,0.070441,0.388264,0.029621,0,0.071951,0.002499,0,0.017246,0.03488,0,0.115711,0.125378,0.080095,0.194201,0.073656,0.035209,0.1139,0.030823,0.000169,0.061164,0.059027,0.025579,0.110443,0.068867,0.037614,0.112794,0.29421,0.238818,0.413612,3.8e-05,0,0.000325,0.000254,0,0.003031,7.1e-05,0,0.000772,0.000187,0,0.00226,0.002386,0,0.029764,3.6e-05,0,0.000402,0.0011,0,0.018432,0.006358,0,0.075744,0.000471,0,0.006405,4.3e-05,0,0.000386,0.200351,0,0.38566,0.00037,0,0.003057,0.000215,0,0.002151,0.003497,0,0.054039,5.3e-05,0,0.000341,0.000306,0,0.003456,0.044539,0,0.135224,0.000633,0,0.008704,0.001157,0,0.014452,0.000334,0,0.002964,5.1e-05,0,0.000471,2e-04,0,0.002258,0.000998,0,0.01259,0.000278,0,0.002968,0.000304,0,0.003331,0.000292,0,0.003352,0.022814,0,0.089717,5e-05,0,0.000533,0.058396,0,0.214362,0.000213,0,0.002154,0.000138,0,0.001544,0.000145,0,0.00187,9.7e-05,0,0.000966,0.002005,0,0.033008,0.000232,0,0.002197,4.6e-05,0,0.000418,0.000283,0,0.002976,0.001823,0,0.02521,0.000182,0,0.001301,0.000622,0,0.007498,0.001887,0,0.024023,0.000325,0,0.003826,0.001379,0,0.023574,0.056513,0,0.137137,6.1e-05,0,0.00064,0.300926,0,0.573824,0.002159,0,0.030723,0.000437,0,0.005772,0.05602,0,0.220709,0.043606,0,0.275908,0.075097,0,0.220702,0.035051,0,0.119089,0.000223,0,0.00246,0.074598,0,0.223315,0.000151,0,0.001091
"PH_BC_8.sorted.bam","8","BC",0.309804,0.001459,0.436585,0.009505,0,0.041978,0.008854,0,0.044649,0.059914,2.5e-05,0.183936,0.007732,0,0.034218,0.051466,0.000675,0.090823,0.018328,0,0.057714,0.0753,0.039765,0.126719,0.003655,0,0.023039,0.455441,0.345065,0.70127,0.004026,0,0.061063,0.002026,0,0.027917,0.00013,0,0.001267,0.002041,0,0.031391,0.000818,0,0.009835,0.00064,0,0.008166,0.00659,0,0.095936,0.006269,0,0.064229,0.004382,0,0.061831,0.000833,0,0.010807,0.00208,0,0.028131,0.003383,0,0.046672,0.001017,0,0.01107,0.001613,0,0.024172,0.000212,0,0.001809,0.001482,0,0.020068,0.000707,0,0.009642,0.001193,0,0.014591,0.001327,0,0.018694,0.003101,0,0.042405,0.000152,0,0.001123,0.009483,0,0.087542,0.000267,0,0.003689,0.001818,0,0.024482,0.013209,0,0.091362,0.000444,0,0.003706,0.000919,0,0.01395,0.000181,0,0.001932,0.001838,0,0.027312,0.001022,0,0.013711,0.000696,0,0.009791,0.006191,0,0.067442,0.001571,0,0.020271,0.09049,0,0.174243,0.00069,0,0.006899,0.000212,0,0.00249,0.000805,0,0.008719,0.000488,0,0.006236,0.000889,0,0.012675,0.001833,0,0.026514,0.000302,0,0.003257,0.000348,0,0.00483,0.001137,0,0.017626,0.000376,0,0.003097,0.000245,0,0.002343,0.58521,0,0.820865,0.003767,0,0.055788,0.003575,0,0.053467,0.076747,0,0.357676,0.00153,0,0.025179,0.003061,0,0.045632,0.008327,0,0.087932,0.0473,0,0.240709,0.000643,0,0.00751,0.090361,0,0.438763
"PH_BC_9.sorted.bam","9","BC",0.344551,0.112379,0.4284,0.001401,0,0.012046,0.004003,0,0.02518,0.002658,0,0.022822,0.079834,0.043518,0.154131,0.002938,0,0.021561,0.067139,0.037398,0.096942,0.046801,5.6e-05,0.119359,0.015978,0,0.05192,0.434698,0.371892,0.586231,0.000201,0,0.001668,0.000219,0,0.002626,8.2e-05,0,0.000722,0.001546,0,0.021488,0.000612,0,0.0078,0.00012,0,0.001436,0.00017,0,0.001433,0.000139,0,0.001219,0.000245,0,0.003081,0.000117,0,0.00105,0.001495,0,0.025099,0.000234,0,0.002541,0.000204,0,0.002653,0.000937,0,0.014538,7.9e-05,0,0.000612,0.00051,0,0.00614,0.000179,0,0.001366,0.000264,0,0.003241,0.000385,0,0.005737,0.000588,0,0.008091,0.000194,0,0.002487,0.000252,0,0.003214,0.000327,0,0.003207,0.000912,0,0.01195,0.000564,0,0.006491,0.087914,0,0.175065,0.000443,0,0.003215,0.000102,0,0.000872,0.010418,0,0.146344,0.000648,0,0.003467,0.002615,0,0.039985,0.001824,0,0.030603,0.002267,0,0.038685,0.002396,0,0.036893,0.000675,0,0.006981,0.000173,0,0.001856,0.000331,0,0.003245,0.00012,0,0.000927,0.000492,0,0.006694,0.000205,0,0.00178,0.000399,0,0.004861,0.000176,0,0.002143,0.000683,0,0.009118,0.027732,0,0.101783,6.3e-05,0,0.000581,0.673759,0.086901,0.838316,0.000159,0,0.001361,0.000875,0,0.009628,0.000614,0,0.00366,0.065473,0,0.307549,0.000549,0,0.006498,0.042302,0,0.181088,0.044679,0,0.23552,0.001692,0,0.023944,0.019647,0,0.2929
"PH_CA_10.sorted.bam","10","CA",0.001761,0,0.013336,0.344387,0.20594,0.422163,0.000742,0,0.005692,0.00098,0,0.007223,0.00103,0,0.007878,0.459439,0.391521,0.57778,0.002347,0,0.016429,0.00119,0,0.008936,0.186571,0.142894,0.235228,0.001552,0,0.011314,0.000482,0,0.004438,0.000699,0,0.009383,0.049586,0,0.131695,8.6e-05,0,0.000994,8.6e-05,0,0.000843,0.00011,0,0.000917,0.000145,0,0.001262,0.000212,0,0.002724,0.000106,0,0.001056,0.000169,0,0.001844,0.00011,0,0.001028,0.000266,0,0.002549,0.000164,0,0.001488,0.00012,0,0.00077,0.000253,0,0.003122,0.000335,0,0.002312,0.225787,0,0.375991,0.000105,0,0.000911,0.00021,0,0.002328,0.000135,0,0.00097,0.344824,0.234433,0.576917,0.00065,0,0.009734,0.00026,0,0.003366,0.00022,0,0.002354,0.000212,0,0.001772,0.000153,0,0.001506,0.000242,0,0.00271,0.000868,0,0.014655,0.000239,0,0.002862,0.00022,0,0.001844,0.000207,0,0.002212,0.000155,0,0.00163,0.000152,0,0.001907,0.000152,0,0.001367,0.000318,0,0.003957,0.000227,0,0.002323,0.000129,0,0.001149,0.361786,0.270644,0.465552,6.6e-05,0,0.000547,0.000206,0,0.00204,0.000333,0,0.0033,0.001913,0,0.031832,0.000641,0,0.009099,0.000257,0,0.0029,0.003764,0,0.052409,0.000167,0,0.001869,0.000284,0,0.003225,0.000223,0,0.002604,0.000257,0,0.003026,0.000122,0,0.001196,0.000352,0,0.003442,0.000262,0,0.003387,0.000228,0,0.001912,0.000285,0,0.002518,0.000463,0,0.006331
"PH_CA_12.sorted.bam","12","CA",0.007306,0,0.048207,0.327541,0.200405,0.384098,0.001767,0,0.011236,0.001344,0,0.009256,0.001678,0,0.010899,0.439574,0.368903,0.55856,0.002464,0,0.015523,0.002312,0,0.015056,0.212717,0.168578,0.256977,0.003298,0,0.020012,0.001836,0,0.02487,0.004564,0,0.063344,0.000433,0,0.00568,0.000513,0,0.006981,0.00053,0,0.006616,0.000232,0,0.002735,0.00026,0,0.003084,0.000307,0,0.002775,0.000219,0,0.002667,0.000219,0,0.002615,0.000323,0,0.003766,0.00026,0,0.001535,0.000498,0,0.007786,0.000277,0,0.003572,0.000279,0,0.003242,0.002503,0,0.040848,0.349942,0,0.554178,0.000123,0,0.001101,0.000311,0,0.003714,0.000605,0,0.008413,0.262152,0.121865,0.554657,0.000475,0,0.005738,0.000437,0,0.005633,0.000308,0,0.003677,0.000227,0,0.002705,0.000181,0,0.001558,0.000317,0,0.00359,0.000854,0,0.011649,0.001255,0,0.016881,0.000429,0,0.00492,0.000357,0,0.004668,0.000139,0,0.001435,0.000226,0,0.002884,0.000495,0,0.005142,0.00044,0,0.006072,0.000266,0,0.00346,0.000304,0,0.003249,0.297327,0.147465,0.473542,0.000108,0,0.001122,0.000202,0,0.002064,0.000165,0,0.001822,0.000294,0,0.003578,0.000549,0,0.006591,0.000328,0,0.003494,0.062621,0,0.142664,0.000744,0,0.011865,0.00042,0,0.004441,0.000413,0,0.005366,0.000308,0,0.002651,0.000263,0,0.002797,0.000253,0,0.002531,0.000286,0,0.003298,0.000421,0,0.005603,0.000915,0,0.016033,0.001287,0,0.016172
"PH_CA_1.sorted.bam","1","CA",0.007056,0,0.053983,0.350661,0.204307,0.434277,0.00126,0,0.008789,0.002758,0,0.019745,0.001582,0,0.011453,0.439653,0.367702,0.560025,0.002506,0,0.016742,0.001069,0,0.007667,0.192544,0.137619,0.249601,0.000912,0,0.006783,0.003515,0,0.044001,0.000806,0,0.007873,0.02666,0,0.121381,0.000459,0,0.006309,0.000155,0,0.001577,0.000102,0,0.0011,0.000452,0,0.004036,0.000972,0,0.015836,0.000283,0,0.003307,0.000561,0,0.007587,0.000635,0,0.009326,0.000536,0,0.00593,0.000152,0,0.001654,0.000262,0,0.003267,0.00017,0,0.001269,0.002774,0,0.042583,0.293916,0,0.478781,0.000185,0,0.001454,0.000452,0,0.006125,0.000248,0,0.002852,0.288662,0.161937,0.549413,0.000308,0,0.003793,0.00046,0,0.005116,0.000519,0,0.006594,0.000666,0,0.008892,0.000387,0,0.004447,0.000323,0,0.003543,0.000641,0,0.01059,0.000256,0,0.002719,0.000296,0,0.002753,0.000105,0,0.001006,0.000197,0,0.002146,9.5e-05,0,0.000828,0.000251,0,0.003101,0.000332,0,0.004319,0.000129,0,0.001417,0.001203,0,0.017378,0.35075,0.219795,0.480384,0.000235,0,0.002961,0.000965,0,0.013053,0.000375,0,0.003282,0.003582,0,0.057583,0.000519,0,0.006657,0.000239,0,0.002338,0.013501,0,0.094993,0.000189,0,0.001859,0.00011,0,0.001042,0.000221,0,0.002588,0.000145,0,0.00145,0.000133,0,0.001403,0.000251,0,0.003033,0.000217,0,0.002593,0.000108,0,0.00107,0.000218,0,0.00179,0.000116,0,0.001415
"PH_CA_2.sorted.bam","2","CA",0.008909,0,0.054773,0.347533,0.194035,0.424079,0.001155,0,0.008895,0.002553,0,0.019516,0.001367,0,0.011269,0.422542,0.348214,0.55869,0.005977,0,0.034408,0.001925,0,0.013117,0.207053,0.160442,0.263398,0.000987,0,0.00745,0.00247,0,0.031392,0.00497,0,0.065769,0.08461,0,0.165684,0.000285,0,0.002676,0.000154,0,0.00178,0.000259,0,0.003453,0.000568,0,0.008178,0.00017,0,0.001816,0.000192,0,0.002263,0.001416,0,0.018413,0.000785,0,0.00932,0.000213,0,0.001767,0.000126,0,0.00128,0.000152,0,0.001632,0.000256,0,0.002714,0.002053,0,0.031296,0.225333,0,0.424737,8.5e-05,0,0.000865,0.000186,0,0.001606,0.000181,0,0.001754,0.304437,0.16839,0.540645,0.001585,0,0.024258,0.000419,0,0.004425,0.000311,0,0.003528,0.000559,0,0.007441,0.000223,0,0.002525,0.000647,0,0.006475,0.002084,0,0.027682,0.000952,0,0.012656,0.000607,0,0.006024,0.000317,0,0.003185,0.000208,0,0.002021,0.00017,0,0.00103,0.000358,0,0.003844,0.000181,0,0.00208,0.000274,0,0.00316,0.00143,0,0.019774,0.293841,0.108127,0.491632,0.000234,0,0.00205,8.9e-05,0,0.000746,0.000262,0,0.002642,0.007023,0,0.112502,0.003601,0,0.050598,0.000296,0,0.003136,0.053578,0,0.153682,0.000251,0,0.00303,0.000138,0,0.001451,8.9e-05,0,0.00084,0.000151,0,0.001186,0.000108,0,0.001309,0.000346,0,0.002515,0.000262,0,0.003067,0.000215,0,0.00185,0.000176,0,0.001977,0.000119,0,0.001332
"PH_CA_3.sorted.bam","3","CA",0.004363,0,0.035787,0.327376,0.20982,0.394778,0.000557,0,0.004396,0.001939,0,0.014044,0.000731,0,0.005756,0.459111,0.393737,0.574318,0.000671,0,0.005496,0.000959,0,0.00778,0.202094,0.160362,0.246715,0.0022,0,0.013441,0.002535,0,0.033944,0.00071,0,0.008704,0.005746,0,0.064054,0.000165,0,0.001498,0.000158,0,0.001642,5.1e-05,0,0.00037,0.000406,0,0.005988,0.000628,0,0.008127,0.000127,0,0.001402,0.000643,0,0.008943,0.000225,0,0.001947,0.000169,0,0.001535,6.5e-05,0,0.000614,9.9e-05,0,0.00086,0.000128,0,0.001334,0.000364,0,0.004476,0.242128,0,0.398611,7e-05,0,0.000636,0.000312,0,0.003354,0.000137,0,0.000993,0.336932,0.217101,0.572776,9.3e-05,0,0.000846,9.2e-05,0,0.000955,6.4e-05,0,0.000583,0.000104,0,0.001059,9.3e-05,0,0.00082,7.6e-05,0,0.000827,0.000174,0,0.002177,0.000463,0,0.005487,0.000206,0,0.001365,7.7e-05,0,0.000795,0.00024,0,0.001867,7.5e-05,0,0.000545,0.000215,0,0.002667,8.1e-05,0,0.000742,9.6e-05,0,0.001032,0.000703,0,0.006877,0.398386,0.310232,0.490201,0.000117,0,0.001112,0.000417,0,0.005043,0.000161,0,0.002087,0.000298,0,0.002808,0.000231,0,0.002165,0.000284,0,0.003347,0.001572,0,0.02073,0.000526,0,0.007242,0.000783,0,0.011026,0.00017,0,0.001762,0.000259,0,0.003262,0.000181,0,0.002311,0.000757,0,0.010616,0.000159,0,0.001654,8.4e-05,0,0.000873,0.000447,0,0.006628,0.000517,0,0.008365
"PH_CA_4.sorted.bam","4","CA",0.00975,0,0.062533,0.319218,0.177202,0.390424,0.002009,0,0.013829,0.004188,0,0.027876,0.001099,0,0.008746,0.414771,0.342267,0.542401,0.006406,0,0.027534,0.000631,0,0.004827,0.237779,0.187756,0.297003,0.00415,0,0.030746,0.002644,0,0.037896,0.006281,0,0.101617,0.016896,0,0.096498,0.000666,0,0.009252,0.000493,0,0.006518,0.00025,0,0.003068,0.000268,0,0.002551,0.000535,0,0.007356,0.000242,0,0.002646,0.002527,0,0.025723,0.000156,0,0.001236,0.000254,0,0.001232,0.00018,0,0.001894,0.000366,0,0.004229,9.5e-05,0,0.000797,0.000728,0,0.007175,0.504111,0.301749,0.724092,0.000497,0,0.005145,0.000391,0,0.003799,0.000285,0,0.00391,0.160435,0,0.362387,0.002292,0,0.035473,0.001355,0,0.02032,0.000599,0,0.007975,0.000715,0,0.009953,0.00022,0,0.002116,0.00134,0,0.022924,0.000336,0,0.003578,0.000117,0,0.001104,0.000157,0,0.001029,9.2e-05,0,0.001016,0.000182,0,0.002134,7.9e-05,0,0.000778,7.9e-05,0,0.000592,0.000128,0,0.001119,6.6e-05,0,0.000646,0.001771,0,0.023779,0.090905,0,0.269503,0.000589,0,0.008261,0.000222,0,0.002409,0.000129,0,0.000923,0.001031,0,0.014881,0.005069,0,0.043957,0.00012,0,0.00111,0.1861,0.081286,0.290742,0.001931,0,0.025857,0.000552,0,0.007843,0.000161,0,0.00131,0.000401,0,0.004636,0.000338,0,0.003777,0.00021,0,0.001666,0.000422,0,0.004745,0.000174,0,0.001613,0.003521,0,0.049639,0.000294,0,0.003105
"PH_CA_6.sorted.bam","6","CA",0.002407,0,0.015936,0.339966,0.214391,0.40352,0.000827,0,0.006561,0.004318,0,0.025551,0.00202,0,0.014741,0.436044,0.369897,0.554483,0.00834,0,0.038731,0.001256,0,0.008588,0.202697,0.161758,0.248707,0.002126,0,0.012861,0.000307,0,0.002837,0.000618,0,0.007285,0.005276,0,0.068163,0.000101,0,0.001012,8e-05,0,6e-04,0.000122,0,0.001139,0.000852,0,0.009713,0.001875,0,0.028134,0.000145,0,0.001611,0.000242,0,0.003125,0.000409,0,0.004881,0.000591,0,0.006107,0.000191,0,0.00239,0.000416,0,0.0045,0.000258,0,0.002316,0.000446,0,0.004719,0.267832,0,0.425214,0.000258,0,0.002602,0.00074,0,0.009797,0.000205,0,0.001429,0.298507,0.190835,0.552661,0.000877,0,0.012437,0.001736,0,0.028546,0.000195,0,0.00159,0.001194,0,0.017158,0.000904,0,0.013015,0.001051,0,0.016463,0.004076,0,0.037241,0.000276,0,0.002819,0.000469,0,0.005498,0.000118,0,0.001175,0.000208,0,0.001497,0.00017,0,0.00198,0.000347,0,0.004505,0.000267,0,0.003787,0.000139,0,0.001551,0.000291,0,0.003253,0.395763,0.307522,0.490705,0.000176,0,0.001653,0.001777,0,0.026166,0.000321,0,0.001593,0.00359,0,0.04742,0.001649,0,0.027748,0.000161,0,0.001407,0.000637,0,0.005423,0.000332,0,0.003558,0.000414,0,0.00498,0.000145,0,0.001677,0.000943,0,0.013597,0.000317,0,0.004108,0.000606,0,0.008566,0.000655,0,0.010254,0.000219,0,0.002697,0.000391,0,0.005285,0.000115,0,0.001404
"PH_CA_7.sorted.bam","7","CA",0.010046,0,0.062019,0.326559,0.171712,0.396951,0.000565,0,0.00453,0.002807,0,0.019703,0.000979,0,0.007369,0.428119,0.349842,0.544321,9e-04,0,0.007546,0.001322,0,0.009982,0.227689,0.173348,0.291103,0.001015,0,0.008104,0.007096,0,0.060474,0.000527,0,0.006868,0.098441,1e-06,0.164693,6.4e-05,0,0.000555,1e-04,0,0.000951,0.000138,0,0.001524,0.000947,0,0.012158,0.000724,0,0.009187,0.000162,0,0.002299,0.000513,0,0.007055,0.000373,0,0.004517,0.000131,0,0.000936,9e-05,0,0.000782,0.00015,0,0.001337,0.000226,0,0.002808,0.000822,0,0.01266,0.199899,0,0.409286,0.000102,0,0.001059,0.00073,0,0.008664,0.000164,0,0.001573,0.326287,0.168722,0.54249,0.000176,0,0.00137,0.000156,0,0.00113,6.3e-05,0,0.000618,0.000133,0,0.001176,9.4e-05,0,0.001035,0.000216,0,0.002377,0.000265,0,0.003104,0.000871,0,0.012647,0.000124,0,0.001428,0.000125,0,0.001139,0.000182,0,0.001398,0.000115,0,0.00131,0.000352,0,0.004552,0.000171,0,0.002088,0.000115,0,0.001056,0.001668,0,0.017502,0.254403,0.090288,0.424062,8.7e-05,0,0.000686,0.001397,0,0.018538,0.000301,0,0.004009,0.001197,0,0.014598,0.000163,0,0.001189,0.000265,0,0.003642,0.097859,0,0.191908,0.00045,0,0.005986,0.000172,0,0.001845,5.9e-05,0,0.000579,0.000163,0,0.001662,8.9e-05,0,0.000829,0.000181,0,0.001727,9.9e-05,0,0.001004,0.000209,0,0.001982,0.000179,0,0.001939,0.000215,0,0.002962
"PH_CA_8.sorted.bam","8","CA",0.002659,0,0.018582,0.3503,0.225008,0.416012,0.001063,0,0.008124,0.00151,0,0.011297,0.000745,0,0.006145,0.431312,0.369251,0.543236,0.002941,0,0.01836,0.000491,0,0.003734,0.207107,0.163675,0.252352,0.001872,0,0.010995,0.000917,0,0.012737,0.000718,0,0.0099,0.003941,0,0.060434,0.000382,0,0.003639,0.000257,0,0.002432,0.000106,0,0.000826,0.000166,0,0.001654,0.000206,0,0.002094,0.00015,0,0.001295,0.000532,0,0.007459,0.000285,0,0.003005,0.00014,0,0.001256,6e-05,0,0.000479,0.000159,0,0.001769,5.1e-05,0,0.000522,0.000249,0,0.002907,0.290023,0,0.468152,0.000257,0,0.002909,0.000223,0,0.002399,0.000227,0,0.002425,0.28498,0.166793,0.542333,0.000351,0,0.003385,0.000152,0,0.001673,0.000162,0,0.00163,0.000323,0,0.003772,4.6e-05,0,0.000506,0.000311,0,0.003798,0.001937,0,0.017793,7.1e-05,0,0.000702,9.4e-05,0,0.00089,9.2e-05,0,0.000784,9.9e-05,0,0.001057,7.7e-05,0,0.000729,9.2e-05,0,0.001043,0.00011,0,0.001017,5.7e-05,0,0.000573,0.000569,0,0.008218,0.400848,0.266452,0.499148,0.000221,0,0.002264,0.00025,0,0.00293,0.000158,0,0.001434,0.000518,0,0.004215,0.000165,0,0.001492,8.8e-05,0,0.000804,0.005527,0,0.071045,0.000692,0,0.010695,0.00028,0,0.003088,0.000333,0,0.004602,0.000381,0,0.005258,0.000236,0,0.00296,0.000765,0,0.010507,0.000388,0,0.005562,0.000144,0,0.001546,0.000343,0,0.00451,9.1e-05,0,0.001089
"PH_CR_10.sorted.bam","10","CR",0.042018,0,0.079719,0.450462,0.416888,0.491594,0.000601,0,0.004268,0.029948,0,0.072453,0.028253,0,0.061082,0.105417,0.076529,0.13667,0.001176,0,0.00867,0.000893,0,0.006731,0.338297,0.300373,0.384835,0.002934,0,0.017371,9.2e-05,0,0.001026,0.001194,0,0.013946,0.000177,0,0.001194,8.7e-05,0,8e-04,6.8e-05,0,0.000578,8.6e-05,0,0.001024,0.032956,0,0.141461,0.019205,0,0.103718,0.000159,0,0.001771,0.000311,0,0.003791,0.048086,0,0.120699,0.000395,0,0.005401,0.00014,0,0.001476,0.005258,0,0.064581,0.000118,0,0.001188,0.000488,0,0.005263,0.204607,0.14534,0.26682,0.000108,0,0.001094,0.000367,0,0.004745,0.001375,0,0.017081,0.000368,0,0.005483,0.000279,0,0.003383,0.000378,0,0.003911,4.7e-05,0,0.000437,0.000365,0,0.005109,0.000287,0,0.002119,0.000165,0,0.001286,0.000189,0,0.002166,9.3e-05,0,0.000693,0.000133,0,0.001231,0.000141,0,0.001679,0.000163,0,0.001521,8.8e-05,0,0.000865,0.000335,0,0.003575,8.6e-05,0,0.000874,7.3e-05,0,0.000817,0.00034,0,0.001946,0.674127,0.59678,0.767439,7.7e-05,0,0.00061,0.000405,0,0.004922,0.000236,0,0.002771,0.000191,0,0.001597,0.000186,0,0.001802,0.000218,0,0.002059,0.000157,0,0.0017,0.00033,0,0.003789,0.000463,0,0.006325,0.000204,0,0.002859,0.000397,0,0.00546,0.000406,0,0.003185,0.002463,0,0.027385,0.000182,0,0.002202,0.000384,0,0.005268,5e-04,0,0.006181,0.00027,0,0.003843
"PH_CR_11.sorted.bam","11","CR",0.032242,0,0.063289,0.461306,0.43485,0.497411,0.000606,0,0.004796,0.039662,0.007435,0.071981,0.035752,1.2e-05,0.061049,0.077811,0.045218,0.112118,0.000832,0,0.006124,0.000629,0,0.004887,0.350243,0.308943,0.406682,0.000916,0,0.006945,0.000157,0,0.001263,0.002927,0,0.038209,0.000158,0,0.001525,0.000156,0,0.001619,0.000192,0,0.002152,4.6e-05,0,0.000525,0.000705,0,0.002872,0.0662,0,0.1362,0.000123,0,0.001309,0.000235,0,0.002359,0.059034,0,0.120356,0.001005,0,0.01251,0.000145,0,0.001833,0.009959,0,0.081132,9.1e-05,0,0.000905,0.000227,0,0.002269,0.153222,0.088879,0.221542,0.000106,0,0.000818,0.00055,0,0.005875,0.000541,0,0.003824,0.000116,0,0.000995,0.000172,0,0.001546,0.000386,0,0.00514,7.9e-05,0,0.00086,0.000306,0,0.004369,0.000142,0,0.001555,0.000112,0,0.001087,6.8e-05,0,0.000704,0.000204,0,0.002362,0.000204,0,0.001974,4.8e-05,0,0.000564,0.000163,0,0.001296,8.8e-05,0,0.000859,0.000143,0,0.001603,9.4e-05,0,0.000782,4.8e-05,0,0.000437,0.000385,0,0.003752,0.697873,0.615937,0.807382,0.000175,0,0.002032,0.000715,0,0.009495,0.000283,0,0.002636,0.00017,0,0.001964,0.000124,0,0.001231,0.000147,0,0.00181,0.000199,0,0.00228,0.000362,0,0.004371,0.000284,0,0.003849,9.5e-05,0,0.000707,0.000133,0,0.00122,0.000125,0,0.001346,0.000319,0,0.003042,0.000114,0,0.001064,6.9e-05,0,0.000699,0.000215,0,0.002723,5.8e-05,0,0.000671
"PH_CR_12.sorted.bam","12","CR",0.023124,0,0.073772,0.46752,0.420724,0.499788,0.00045,0,0.003748,0.050038,3.7e-05,0.084425,0.008443,0,0.041862,0.086989,0.055794,0.121689,0.00097,0,0.007472,0.000723,0,0.005727,0.360696,0.320064,0.419598,0.001047,0,0.008517,0.000411,0,0.005473,0.000259,0,0.002889,0.000278,0,0.00244,9.3e-05,0,0.000948,0.000144,0,0.001206,4.4e-05,0,0.000384,0.036701,0,0.144839,0.055817,0,0.160274,8.7e-05,0,0.000754,0.000235,0,0.002829,0.006469,0,0.061493,0.000497,0,0.005722,8.1e-05,0,0.00077,0.000378,0,0.004023,0.000131,0,0.001279,0.000225,0,0.002326,0.171455,0.107834,0.238909,7.9e-05,0,0.00061,0.000595,0,0.006577,0.000318,0,0.002237,0.00027,0,0.002935,0.000277,0,0.003343,0.000162,0,0.001637,4.2e-05,0,0.000366,0.000248,0,0.002701,0.000277,0,0.002905,0.00022,0,0.002516,0.000141,0,0.001671,0.000141,0,0.00118,7.5e-05,0,0.000483,7.6e-05,0,0.000518,0.000227,0,0.002056,0.000107,0,0.00106,0.000231,0,0.002735,6.8e-05,0,0.000598,0.000102,0,0.001119,0.000751,0,0.010667,0.705812,0.608811,0.83788,0.000157,0,0.001701,0.005258,0,0.06924,0.008313,0,0.078865,0.000133,0,0.001338,0.00028,0,0.002638,0.00017,0,0.001592,0.000175,0,0.001559,0.000511,0,0.006167,0.000263,0,0.002977,5.3e-05,0,0.000479,0.000295,0,0.002762,0.000181,0,0.00145,0.000183,0,0.001716,8.2e-05,0,0.000719,0.000147,0,0.001552,0.000168,0,0.001932,0.000106,0,0.001306
"PH_CR_1.sorted.bam","1","CR",0.049137,7e-06,0.088337,0.46414,0.42276,0.498921,0.001841,0,0.013322,0.023377,0,0.073498,0.015616,0,0.0559,0.088083,0.055136,0.121817,0.000808,0,0.007167,0.001122,0,0.008579,0.354507,0.310739,0.40688,0.001369,0,0.011039,0.000305,0,0.00272,0.033099,0,0.151931,0.004748,0,0.055705,0.00027,0,0.002369,0.000812,0,0.01188,0.000111,0,0.001128,0.03593,0,0.145452,0.005412,0,0.061805,0.00094,0,0.015679,0.000155,0,0.001317,0.025143,0,0.109709,0.001628,0,0.024526,0.000207,0,0.002324,0.001697,0,0.02771,0.000353,0,0.004535,0.000708,0,0.010223,0.173541,0.107362,0.241032,0.000324,0,0.004164,0.000638,0,0.007084,0.000225,0,0.002644,0.000105,0,0.001051,9.1e-05,0,0.000655,0.000325,0,0.002681,0.000119,0,0.000995,0.000154,0,0.001029,0.000196,0,0.001364,0.000105,0,0.00105,0.000185,0,0.002319,0.000365,0,0.00328,0.000265,0,0.003457,0.000183,0,0.001751,0.000491,0,0.006421,0.000328,0,0.004213,0.000148,0,0.001797,6.9e-05,0,0.000742,6.7e-05,0,0.000597,0.001316,0,0.022025,0.703396,0.617238,0.809925,0.00036,0,0.004026,0.000763,0,0.00758,0.000839,0,0.012609,0.000108,0,0.001143,8.4e-05,0,8e-04,0.000139,0,0.001165,0.000901,0,0.013173,0.000742,0,0.010448,0.000305,0,0.002665,0.000242,0,0.002593,0.000418,0,0.00515,0.000262,0,0.002726,0.00016,0,0.001426,0.000102,0,0.000759,0.000124,0,0.001081,0.000205,0,0.001881,8.9e-05,0,0.000875
"PH_CR_2.sorted.bam","2","CR",0.052218,0,0.095094,0.49048,0.464019,0.500265,0.00051,0,0.003959,0.008367,0,0.038172,0.004666,0,0.026614,0.087575,0.055205,0.12444,0.00101,0,0.007476,0.001035,0,0.008564,0.353088,0.313999,0.412586,0.001051,0,0.008183,0.000145,0,0.001595,0.094,0,0.180503,0.000917,0,0.012722,0.000133,0,0.001165,0.000143,0,0.001227,4.2e-05,0,0.000429,0.006804,0,0.061308,0.00471,0,0.06169,8.1e-05,0,0.000676,0.00021,0,0.002085,0.001432,0,0.022382,0.00409,0,0.049304,0.000144,0,0.001629,0.001705,0,0.021042,0.000156,0,0.001331,0.000261,0,0.002631,0.172227,0.105866,0.24645,0.000113,0,0.00099,0.00123,0,0.015065,0.000402,0,0.005493,0.000103,0,0.00091,0.000158,0,0.001761,0.000385,0,0.004492,7.3e-05,0,0.000736,0.000312,0,0.004362,0.00024,0,0.00309,0.000201,0,0.002192,8.2e-05,0,0.000758,0.000392,0,0.004647,0.000238,0,0.002122,6.4e-05,0,0.000539,0.000633,0,0.01025,9.8e-05,0,0.000785,0.000116,0,0.001057,6.9e-05,0,0.000709,4.1e-05,0,0.00037,0.000475,0,0.005036,0.703005,0.623896,0.820639,5.9e-05,0,0.000495,0.00073,0,0.00974,0.000765,0,0.01124,0.000251,0,0.000938,2e-04,0,0.001681,2e-04,0,0.001816,0.000175,0,0.001733,0.000492,0,0.005954,0.000327,0,0.004203,0.000126,0,0.001132,0.000109,0,0.000909,0.000143,0,0.00119,0.000143,0,0.00129,0.000218,0,0.002208,0.000179,0,0.002025,0.000141,0,0.001033,0.000111,0,0.001156
"PH_CR_3.sorted.bam","3","CR",0.008036,0,0.040647,0.454076,0.42191,0.49318,0.000735,0,0.005345,0.044293,8e-06,0.078933,0.024742,0,0.059385,0.107301,0.07741,0.139553,0.002312,0,0.016209,0.000889,0,0.006804,0.353238,0.315824,0.398872,0.004378,0,0.026304,0.000159,0,0.001512,0.003644,0,0.053753,0.000912,0,0.011821,0.000115,0,0.001259,7e-05,0,0.000745,0.000121,0,0.001374,0.004852,0,0.0571,0.013627,0,0.131333,0.000279,0,0.003877,0.001315,0,0.017947,0.001514,0,0.025713,0.000483,0,0.006314,0.000151,0,0.001484,0.041082,0,0.11263,0.000311,0,0.003154,0.002538,0,0.036158,0.191972,0.094117,0.265103,0.000139,0,0.001362,0.014266,0,0.124481,0.003474,0,0.050083,0.000105,0,0.00112,0.000113,0,0.001036,0.000201,0,0.00214,0.000131,0,0.001221,0.001699,0,0.024773,0.000389,0,0.004203,0.000884,0,0.011402,0.000166,0,0.002162,0.000163,0,0.001634,0.000203,0,0.001974,6.1e-05,0,0.00063,0.000423,0,0.004254,9.3e-05,0,0.000825,8.3e-05,0,0.000682,0.000341,0,0.004651,6.7e-05,0,0.000802,0.000249,0,0.002765,0.694017,0.61588,0.786774,0.000192,0,0.001467,0.008711,0,0.079383,0.000466,0,0.004603,0.000902,0,0.009291,0.000159,0,0.001575,0.000173,0,0.0018,0.000356,0,0.003812,0.002565,0,0.031865,0.00211,0,0.029841,9.1e-05,0,0.000957,0.001016,0,0.011389,0.00121,0,0.016719,0.000134,0,0.001382,0.000375,0,0.005326,0.000105,0,0.001165,0.000894,0,0.01223,0.000128,0,0.001333
"PH_CR_4.sorted.bam","4","CR",0.111697,0.001437,0.156468,0.311218,0.260212,0.363221,0.001098,0,0.008678,0.026024,0,0.06999,0.109884,0.076224,0.143206,0.098901,0.060134,0.135493,0.084563,0.058351,0.113198,0.003763,0,0.02862,0.216461,0.171481,0.274337,0.036391,1e-06,0.082726,7.7e-05,0,0.000611,0.000292,0,0.002662,6.7e-05,0,0.000611,8.1e-05,0,0.000875,0.000305,0,0.003467,3e-05,0,0.000292,0.000851,0,0.010004,0.014791,0,0.096762,0.00039,0,0.0057,7.4e-05,0,0.000574,0.19788,0,0.278288,0.000257,0,0.002428,0.000116,0,0.000951,0.000911,0,0.010726,0.000136,0,0.001424,0.000566,0,0.00412,0.167121,0,0.262358,0.000314,0,0.003563,0.00742,0,0.077039,0.001219,0,0.016902,0.00011,0,0.000773,0.000433,0,0.005261,0.105289,0,0.217691,0.000102,0,0.000984,0.006681,0,0.090804,0.003629,0,0.045417,0.000253,0,0.003064,5.7e-05,0,0.000565,0.000568,0,0.007075,0.000142,0,0.001404,8.9e-05,0,0.000892,0.000663,0,0.007092,0.00017,0,0.001781,0.001335,0,0.019644,0.000351,0,0.003942,9e-05,0,0.000845,0.000294,0,0.00261,0.333572,0.21708,0.448046,0.00064,0,0.008527,0.018993,0,0.130438,0.014178,0,0.180649,0.00032,0,0.003161,0.0428,0,0.177361,0.003581,0,0.054445,4e-05,0,0.000405,0.022274,0,0.113939,0.000531,0,0.006339,0.000101,0,0.000951,0.001201,0,0.01094,0.001137,0,0.013273,0.019036,0,0.154994,0.009472,0,0.126049,0.000448,0,0.005196,0.018463,0,0.104416,6e-05,0,0.000449
"PH_CR_5.sorted.bam","5","CR",0.025066,0,0.066861,0.473121,0.432366,0.499994,0.00073,0,0.005857,0.037808,1e-06,0.071546,0.004983,0,0.028488,0.1077,0.076468,0.143963,0.000786,0,0.005898,0.000751,0,0.006059,0.34781,0.307433,0.39999,0.001245,0,0.00979,0.000151,0,0.0019,0.001024,0,0.013978,0.00653,0,0.056272,0.000127,0,0.001328,0.000371,0,0.003947,5.6e-05,0,0.000445,0.042126,0,0.124988,0.029996,0,0.128283,0.000123,0,0.001312,0.000312,0,0.002796,0.005387,0,0.048879,0.001083,0,0.015286,9e-05,0,0.000742,0.00098,0,0.012551,0.000247,0,0.002325,0.000144,0,0.001313,0.208808,0.14378,0.279447,0.00021,0,0.002468,0.000149,0,0.001584,0.000442,0,0.003482,0.002414,0,0.034409,0.000191,0,0.002215,0.00011,0,0.001016,9.7e-05,0,0.000972,0.000134,0,0.001283,0.000318,0,0.003202,8.3e-05,0,0.000585,7.5e-05,0,0.000582,0.000264,0,0.002573,0.000245,0,0.002681,8.3e-05,0,8e-04,0.000252,0,0.00318,1e-04,0,0.000852,0.000116,0,0.000906,0.000102,0,0.001015,4.6e-05,0,0.000472,0.000185,0,0.001794,0.691325,0.607846,0.795692,0.00013,0,0.001395,0.000837,0,0.007623,0.000874,0,0.011167,0.000439,0,0.003491,0.000239,0,0.002631,0.000132,0,0.001452,0.000525,0,0.007136,0.000383,0,0.004605,0.00022,0,0.001813,0.000118,0,0.000844,0.000396,0,0.005067,0.000198,0,0.001226,0.000183,0,0.001951,0.000148,0,0.001406,0.000116,0,0.001184,0.000409,0,0.004183,0.00016,0,0.00195
"PH_CR_6.sorted.bam","6","CR",0.06296,1.1e-05,0.108361,0.431311,0.394648,0.471738,0.001507,0,0.010478,0.050183,0.011658,0.081114,0.014781,0,0.045643,0.065999,0.038277,0.096546,0.01196,0,0.033358,0.001171,0,0.009194,0.359118,0.315938,0.418694,0.001011,0,0.008023,0.000492,0,0.007316,0.080967,0,0.204246,0.001782,0,0.022732,0.000284,0,0.003114,0.000159,0,0.00134,0.000361,0,0.004843,0.029588,0,0.126564,0.001017,0,0.012733,0.000268,0,0.002992,0.001267,0,0.01849,0.009123,0,0.073042,0.000934,0,0.012131,0.000308,0,0.003495,0.002601,0,0.034754,0.000593,0,0.007915,0.001606,0,0.026165,0.086099,0,0.184762,0.000309,0,0.00384,0.038945,0,0.14928,0.001777,0,0.024672,0.000216,0,0.002563,0.001324,0,0.019804,0.008153,0,0.053767,0.000459,0,0.006218,0.004961,0,0.048682,0.003793,0,0.035969,0.001976,0,0.02617,0.000689,0,0.010135,0.000199,0,0.001606,0.000156,0,0.001765,0.000142,0,0.001511,0.000246,0,0.002001,0.000182,0,0.001651,0.000303,0,0.003626,0.000271,0,0.003057,0.000146,0,0.001235,0.001681,0,0.027387,0.681319,0.543138,0.833576,0.000265,0,0.00239,0.019877,0,0.116891,0.009474,0,0.075424,0.000435,0,0.004244,0.001266,0,0.017992,0.000462,0,0.00542,0.0016,0,0.028132,0.000164,0,0.001016,0.000253,0,0.003261,9.4e-05,0,0.000802,0.000329,0,0.002775,0.000182,0,0.001601,0.000118,0,0.001211,0.000339,0,0.004187,8.7e-05,0,0.000732,0.000255,0,0.002507,0.000101,0,0.001057
"PH_CR_7.sorted.bam","7","CR",0.039519,2e-06,0.076267,0.451073,0.414331,0.497864,0.001355,0,0.010151,0.030168,0,0.074566,0.026426,0,0.059569,0.111977,0.080514,0.145064,0.000709,0,0.005486,0.000729,0,0.005493,0.337075,0.299436,0.384434,0.00097,0,0.008085,0.000214,0,0.001796,0.008509,0,0.09623,0.000178,0,0.001381,0.000134,0,0.001088,0.000622,0,0.009484,5.1e-05,0,0.000458,0.027887,0,0.139205,0.014262,0,0.102974,0.000637,0,0.006925,0.000161,0,0.001665,0.040204,0,0.114491,0.006004,0,0.055684,0.000274,0,0.003194,0.000866,0,0.010869,0.000316,0,0.003398,0.000644,0,0.007162,0.210091,0.138733,0.275467,0.000144,0,0.001677,0.007666,0,0.070345,0.003928,0,0.060176,0.000281,0,0.003476,0.000129,0,0.001539,0.000113,0,0.001214,0.000104,0,0.001079,0.000214,0,0.001998,0.000278,0,0.002313,0.000153,0,0.001218,5.4e-05,0,0.000469,0.000225,0,0.002559,0.000174,0,0.002304,5.9e-05,0,0.000578,0.000173,0,0.001789,0.000104,0,0.000795,8.8e-05,0,0.000847,0.000112,0,0.001184,7.9e-05,0,0.000782,0.000703,0,0.010486,0.661853,0.579337,0.76468,0.000511,0,0.007146,0.007897,0,0.05814,0.000412,0,0.004021,0.000354,0,0.003123,0.00015,0,0.001783,3e-04,0,0.004161,0.000793,0,0.01294,0.000176,0,0.0014,0.000161,0,0.001701,0.000124,0,0.001383,0.00041,0,0.003828,0.000151,0,0.001556,0.000324,0,0.003548,5.6e-05,0,0.000623,6.5e-05,0,0.00055,0.000385,0,0.004195,4.4e-05,0,0.000364
"PH_CR_8.sorted.bam","8","CR",0.02598,0,0.080023,0.482948,0.431261,0.500019,0.001212,0,0.009265,0.041289,1e-06,0.084468,0.003294,0,0.029321,0.079691,0.042914,0.11962,0.00456,0,0.022721,0.001637,0,0.013085,0.356323,0.313731,0.415909,0.003065,0,0.022078,0.000229,0,0.002585,0.032826,0,0.138785,0.001061,0,0.01564,0.000204,0,0.002531,0.000506,0,0.006546,7.4e-05,0,0.000715,0.013057,0,0.130045,0.060637,0,0.160579,0.00052,0,0.006578,0.000319,0,0.003787,0.000703,0,0.005461,0.000291,0,0.003875,0.000172,0,0.00172,0.003588,0,0.051323,0.000122,0,0.001154,0.001078,0,0.015311,0.155041,0.080053,0.235506,0.000136,0,0.000962,0.000218,0,0.002512,0.000383,0,0.004322,0.000694,0,0.009626,0.001361,0,0.020758,0.003777,0,0.039177,0.000212,0,0.00254,0.000928,0,0.01547,0.000555,0,0.004635,0.000491,0,0.006612,0.00016,0,0.001724,0.000946,0,0.013157,0.000445,0,0.006575,0.000166,0,0.001984,0.000688,0,0.006454,0.000109,0,0.001287,0.000157,0,0.001623,0.00033,0,0.004263,9.4e-05,0,0.000764,0.000339,0,0.00394,0.707094,0.620875,0.826129,0.000227,0,0.0021,0.001937,0,0.028513,0.00032,0,0.003719,0.000424,0,0.005732,0.000828,0,0.010932,0.000122,0,0.001343,0.000488,0,0.006821,0.00099,0,0.013359,0.003158,0,0.035637,0.000132,0,0.001058,0.000366,0,0.003982,0.000225,0,0.002364,6.7e-05,0,0.000593,0.000318,0,0.003822,0.000124,0,0.001488,0.000378,0,0.005049,0.000187,0,0.001803
"PH_CR_9.sorted.bam","9","CR",0.058086,1e-06,0.10658,0.440117,0.396364,0.489415,0.001445,0,0.010593,0.048678,0.001845,0.085031,0.004347,0,0.024293,0.078832,0.046206,0.113419,0.002263,0,0.014809,0.001257,0,0.008947,0.361416,0.321729,0.418042,0.003559,0,0.020905,0.00097,0,0.012575,0.033858,0,0.171539,0.001401,0,0.018137,0.000281,0,0.002446,0.000162,0,0.001814,0.000228,0,0.002663,0.073459,0,0.163189,0.002309,0,0.023975,0.000503,0,0.006063,0.000457,0,0.004823,0.001122,0,0.018334,0.000432,0,0.00516,0.000411,0,0.004519,0.001437,0,0.025399,0.000515,0,0.006603,0.002505,0,0.0377,0.144135,0.062924,0.219595,0.000162,0,0.001483,0.00124,0,0.01698,0.001213,0,0.013461,0.001556,0,0.022712,0.001252,0,0.018025,0.00031,0,0.003479,0.000223,0,0.002568,0.00034,0,0.004184,0.000438,0,0.005524,0.000215,0,0.002429,0.000489,0,0.007467,0.000391,0,0.002662,0.000206,0,0.00264,0.000198,0,0.001349,0.000329,0,0.003945,0.000138,0,0.001673,0.000301,0,0.003339,0.000252,0,0.003549,0.00013,0,0.001329,0.00098,0,0.014274,0.695035,0.58337,0.81264,0.00012,0,0.001135,0.015086,0,0.107392,0.00185,0,0.029569,0.004174,0,0.065561,0.000129,0,0.001429,0.00012,0,0.001246,0.002416,0,0.03207,0.000384,0,0.004578,0.000985,0,0.014988,0.000375,0,0.004812,0.00174,0,0.023796,0.000624,0,0.008036,0.000609,0,0.005343,0.00039,0,0.004768,0.000319,0,0.004752,0.000507,0,0.006361,0.000592,0,0.008254
"PH_DA_2.sorted.bam","2","DA",0.001011,0,0.008277,0.000686,0,0.005352,0.010534,0,0.038865,0.001043,0,0.008542,0.000723,0,0.00649,0.000328,0,0.002549,0.967753,0.944554,0.988578,0.0155,0,0.046627,0.000366,0,0.002985,0.002056,0,0.015859,0.000315,0,0.004005,0.000145,0,0.001499,0.000156,0,0.001451,0.000354,0,0.00392,0.000152,0,0.001749,0.008736,0,0.038408,0.000121,0,0.001139,0.000171,0,0.002043,0.000175,0,0.001789,0.000188,0,0.002086,8.9e-05,0,0.000792,7.3e-05,0,0.000722,0.000229,0,0.002613,0.000149,0,0.001363,0.000196,0,0.002004,6e-05,0,0.00061,6.4e-05,0,0.000611,6.7e-05,0,0.000568,4.7e-05,0,0.000435,5.8e-05,0,0.000508,7.2e-05,0,0.000425,0.000136,0,0.001177,0.00013,0,0.001269,0.000169,0,0.001376,0.000144,0,0.001762,9e-05,0,0.001,4.9e-05,0,0.000522,0.967126,0.943416,0.987935,0.000248,0,0.0026,0.000165,0,0.001562,0.001944,0,0.027162,0.000656,0,0.009381,0.000222,0,0.001759,7.2e-05,0,0.000671,0.000348,0,0.002793,0.012994,0,0.046231,0.000119,0,0.00131,6.3e-05,0,0.000611,5e-05,0,0.000439,5.8e-05,0,0.000484,7e-05,0,0.000495,4e-05,0,0.000359,6.7e-05,0,0.000521,9e-05,0,0.000818,4.5e-05,0,0.000373,0.000119,0,0.001127,9.8e-05,0,0.001219,0.000455,0,0.006708,0.000187,0,0.001727,7.4e-05,0,0.000625,5.7e-05,0,0.000542,0.00012,0,0.001058,0.001269,0,0.018868,8.4e-05,0,0.000688,0.000825,0,0.012884
"PH_DA_5.sorted.bam","5","DA",0.002219,0,0.016365,0.000784,0,0.006423,0.003926,0,0.020602,0.003019,0,0.019323,0.000688,0,0.005615,0.000401,0,0.003038,0.985304,0.960738,0.999371,0.002055,0,0.015626,0.000744,0,0.005809,0.00086,0,0.006449,0.001115,0,0.013505,0.000122,0,0.00152,0.000376,0,0.00533,0.000598,0,0.009076,0.000139,0,0.00144,0.002566,0,0.019693,0.000116,0,0.000955,0.000123,0,0.001519,0.00037,0,0.005305,0.002285,0,0.018396,0.000243,0,0.00289,6.8e-05,0,0.000695,0.000136,0,0.001195,7.5e-05,0,0.000618,0.000168,0,0.00205,7e-05,0,0.000685,4.8e-05,0,0.000499,0.000115,0,0.001263,9.2e-05,0,0.000772,6.9e-05,0,0.000762,6.6e-05,0,0.000801,0.000293,0,0.00369,5.6e-05,0,5e-04,0.000554,0,0.00847,9.1e-05,0,0.000885,7.9e-05,0,0.000605,7.1e-05,0,0.000641,0.984421,0.959216,0.999279,0.000494,0,0.0069,0.000138,0,0.001332,0.000316,0,0.00414,0.000311,0,0.004316,0.000232,0,0.003197,0.000101,0,0.001049,0.00043,0,0.005654,0.000906,0,0.01415,0.000122,0,0.00131,6.6e-05,0,6e-04,0.000145,0,0.001464,0.000163,0,0.002115,7.2e-05,0,0.00055,4.3e-05,0,0.000319,0.000104,0,0.000803,0.000121,0,0.001111,0.000288,0,0.004115,0.000148,0,0.001938,5.5e-05,0,0.000508,0.000347,0,0.005152,0.000127,0,0.001474,6.7e-05,0,0.000525,6.5e-05,0,0.000655,8.8e-05,0,0.000928,0.000156,0,0.00175,7.6e-05,0,0.000653,0.000295,0,0.004553
"PH_DA_6.sorted.bam","6","DA",0.005114,0,0.037528,0.003145,0,0.019139,0.003802,0,0.023446,0.003026,0,0.021692,0.000545,0,0.004508,0.000469,0,0.003565,0.971629,0.942251,0.993293,0.010029,0,0.038743,0.001285,0,0.010218,0.000956,0,0.007138,0.002494,0,0.036149,0.00016,0,0.001758,0.001905,0,0.018599,0.000361,0,0.004347,0.000545,0,0.008419,0.001722,0,0.021926,0.000331,0,0.004099,0.000673,0,0.009538,0.000563,0,0.006915,0.00143,0,0.020309,0.000133,0,0.001265,0.000109,0,0.001042,0.000121,0,0.000871,8.9e-05,0,0.000992,6.3e-05,0,0.000553,6.9e-05,0,0.000445,5e-05,0,0.00044,0.00012,0,0.001456,6.6e-05,0,0.000698,4.9e-05,0,0.000493,0.000127,0,0.001678,0.000694,0,0.005639,0.000122,0,0.001117,0.000164,0,0.001157,0.000277,0,0.003392,8e-05,0,0.000752,8.5e-05,0,0.000703,0.970652,0.940064,0.993002,0.003277,0,0.035497,0.000503,0,0.007501,0.00165,0,0.020609,0.000873,0,0.016035,0.000159,0,0.001412,0.000114,0,0.001105,0.00034,0,0.003544,0.006195,0,0.03819,8.6e-05,0,0.000884,0.000131,0,0.001496,0.000174,0,0.001886,0.000153,0,0.001844,0.000108,0,0.001054,7.7e-05,0,0.000866,0.000126,0,0.001183,0.000422,0,0.005783,0.000611,0,0.008593,0.00013,0,0.001664,0.000187,0,0.002077,0.000463,0,0.006216,0.000168,0,0.001867,0.000116,0,0.000935,5.2e-05,0,0.000505,6.6e-05,0,0.000728,0.000329,0,0.003657,7e-05,0,0.000737,0.000166,0,0.001805
"PH_DA_7.sorted.bam","7","DA",0.005446,0,0.047757,0.000522,0,0.003902,0.000533,0,0.004471,0.000695,0,0.005175,0.000624,0,0.004492,0.00045,0,0.003388,0.968013,0.939618,0.995921,0.022453,0,0.050509,0.000667,0,0.004983,0.000597,0,0.004784,0.004709,0,0.04764,0.000127,0,0.001154,0.000139,0,0.0014,0.000107,0,0.00109,5.7e-05,0,0.000594,8.9e-05,0,0.000913,0.000207,0,0.002205,7.4e-05,0,0.000715,9.5e-05,0,0.000796,0.000167,0,0.001726,0.000127,0,0.001568,7.4e-05,0,0.000808,7.5e-05,0,0.000617,0.000141,0,0.001579,9.7e-05,0,0.000785,8.9e-05,0,0.000685,7.3e-05,0,0.000645,5.6e-05,0,0.000464,6.3e-05,0,0.000658,7.2e-05,0,0.000723,0.00011,0,0.001072,0.000139,0,0.001205,8e-05,0,0.000874,0.00013,0,0.001306,0.000142,0,0.001318,0.000101,0,0.001197,6.6e-05,0,0.000634,0.967266,0.93855,0.995603,0.000377,0,0.002893,0.000118,0,0.00119,0.00017,0,0.00198,0.000157,0,0.002096,0.000249,0,0.002901,8.9e-05,0,0.000858,0.000674,0,0.00506,0.021383,0,0.050029,0.000164,0,0.001975,9.9e-05,0,0.001003,7.2e-05,0,0.000559,9.4e-05,0,0.000815,0.000123,0,0.001458,1e-04,0,0.001031,6.7e-05,0,0.000631,0.000112,0,0.001296,0.000204,0,0.002675,0.000136,0,0.001202,6.4e-05,0,0.000636,0.000125,0,0.001282,8.4e-05,0,0.000853,9.3e-05,0,0.000993,7.2e-05,0,0.000654,9.8e-05,0,0.001205,0.000194,0,0.002311,9.3e-05,0,0.000723,0.000117,0,0.001138
"PH_DA_8.sorted.bam","8","DA",0.019965,0,0.072363,0.000699,0,0.005504,0.111563,0.072529,0.152193,0.002473,0,0.020105,0.000436,0,0.003788,0.00055,0,0.004444,0.82195,0.786759,0.855732,0.041071,0.014892,0.070437,0.00045,0,0.003548,0.000845,0,0.006998,0.000753,0,0.010938,0.000176,0,0.002172,0.000136,0,0.001557,0.016192,0,0.094612,0.000155,0,0.001728,0.028064,0,0.088156,0.000493,0,0.005154,0.000242,0,0.003311,0.000184,0,0.001578,0.001497,0,0.018879,0.000113,0,0.000876,5.5e-05,0,0.000408,8.3e-05,0,0.000706,6.4e-05,0,0.000576,6.3e-05,0,0.000549,0.000157,0,0.001465,9.2e-05,0,0.000876,0.000203,0,0.002063,7.9e-05,0,0.000751,5.5e-05,0,0.000521,6.7e-05,0,0.00057,0.001137,0,0.014447,0.000118,0,0.000972,0.149517,0.070501,0.222743,0.000326,0,0.003203,8.8e-05,0,0.00081,5.4e-05,0,0.000574,0.718262,0.657826,0.779424,0.019872,0,0.101343,0.000137,0,0.000935,0.00022,0,0.002623,0.000342,0,0.004752,0.000167,0,0.001187,0.000181,0,0.001905,0.055924,0,0.137497,0.002504,0,0.035955,0.000107,0,0.000767,8.1e-05,0,0.000636,0.00019,0,0.001713,7.8e-05,0,0.000546,4.3e-05,0,0.000355,5.5e-05,0,0.000706,5.7e-05,0,0.000558,6.5e-05,0,0.000489,6.8e-05,0,0.000684,0.000178,0,0.001814,6.9e-05,0,0.000619,0.000253,0,0.002407,0.000143,0,0.001653,7.9e-05,0,0.000645,8.9e-05,0,0.000866,0.000153,0,0.001983,0.000226,0,0.002047,8.8e-05,0,0.000983,0.000206,0,0.00225
"PH_FC_10.sorted.bam","10","FC",0.067787,0,0.137479,0.215147,0.093908,0.281132,0.001794,0,0.01218,0.005025,0,0.029727,0.155143,0.102142,0.242246,0.542758,0.467886,0.684465,0.001876,0,0.012227,0.003899,0,0.025016,0.001999,0,0.016136,0.004573,0,0.025791,0.000194,0,0.00211,0.00177,0,0.025185,0.000757,0,0.011098,0.000404,0,0.00504,0.000282,0,0.002838,1e-04,0,0.00097,0.00184,0,0.028754,0.000813,0,0.01074,0.000222,0,0.001992,0.000395,0,0.004221,0.120803,0,0.272348,0.002655,0,0.044621,0.000672,0,0.006896,0.002684,0,0.038985,0.000388,0,0.003243,0.002456,0,0.030673,0.42098,0.17626,0.555938,0.000245,0,0.002928,0.001243,0,0.016346,0.18015,0,0.467389,0.239362,0.141805,0.396027,0.000204,0,0.002553,0.00033,0,0.003615,0.000246,0,0.002621,0.000511,0,0.007265,0.000437,0,0.005813,0.000486,0,0.005796,0.000131,0,0.001485,0.004455,0,0.046496,0.000231,0,0.002618,0.000463,0,0.007367,0.000678,0,0.007327,0.000441,0,0.005758,0.000644,0,0.009692,0.000183,0,0.001905,0.000141,0,0.001477,0.00022,0,0.001874,0.000769,0,0.006575,0.000167,0,0.001413,0.000279,0,0.003612,0.001114,0,0.015287,0.000138,0,0.001444,0.000134,0,0.001185,2e-04,0,0.002327,0.000272,0,0.003662,0.003032,0,0.042313,0.00095,0,0.014147,0.000688,0,0.010346,0.000988,0,0.013231,0.000552,0,0.005106,0.000452,0,0.004391,0.000958,0,0.014107,0.000219,0,0.002058,0.000432,0,0.005439,0.000437,0,0.006398
"PH_FC_11.sorted.bam","11","FC",0.119009,0.03096,0.202139,0.220137,0.122367,0.280078,0.01659,0,0.057413,0.002896,0,0.027968,0.151783,0.094837,0.231558,0.402904,0.341741,0.496581,0.051631,0.024591,0.08134,0.032701,0,0.073095,0.000957,0,0.007626,0.001391,0,0.01076,0.000159,0,0.001818,0.000322,0,0.003908,6.7e-05,0,0.000621,0.000937,0,0.01258,0.001205,0,0.016979,0.000245,0,0.002479,0.000424,0,0.005877,0.000146,0,0.001549,0.002619,0,0.043589,6.9e-05,0,0.000678,0.169849,0,0.315772,0.000339,0,0.004484,0.000471,0,0.007122,0.000627,0,0.005999,9.5e-05,0,0.00102,0.049002,0,0.186187,0.437171,0.240802,0.558317,0.026203,0,0.112598,0.000367,0,0.003922,0.131351,0,0.455124,0.006661,0,0.067439,0.000201,0,0.001918,0.00041,0,0.004776,0.000299,0,0.00352,0.000149,0,0.001593,0.000253,0,0.002548,0.101067,0.046152,0.161578,8.7e-05,0,0.000638,0.015936,0,0.115868,0.000152,0,0.00175,0.000448,0,0.006153,0.00097,0,0.008688,0.000189,0,0.002044,0.046754,0,0.14249,0.00027,0,0.002651,7.5e-05,0,0.00061,0.000227,0,0.002094,0.000198,0,0.001363,0.00025,0,0.002081,0.00015,0,0.001581,0.000153,0,0.001265,0.000209,0,0.002053,0.000135,0,0.001496,0.000306,0,0.003206,5.4e-05,0,0.000504,0.000803,0,0.008335,0.000198,0,0.001545,0.000257,0,0.002971,2e-04,0,0.001646,0.000146,0,0.00111,0.00036,0,0.00374,0.000303,0,0.003771,0.000227,0,0.002624,0.000178,0,0.001904,5.5e-05,0,0.000531
"PH_FC_12.sorted.bam","12","FC",0.047579,0,0.116865,0.238325,0.126258,0.302686,0.020274,0,0.054751,0.002915,0,0.026074,0.167317,0.111071,0.247913,0.450609,0.385899,0.499798,0.001843,0,0.015378,0.059099,0.025575,0.092659,0.009029,0,0.054308,0.003012,0,0.026172,5.6e-05,0,0.000533,0.001718,0,0.028503,6.2e-05,0,0.000664,0.00055,0,0.005812,0.000145,0,0.001385,4.6e-05,0,0.000384,0.000511,0,0.005386,0.000504,0,0.006618,0.000309,0,0.002888,6.4e-05,0,0.000552,0.084899,0,0.220041,0.000133,0,0.001106,0.000225,0,0.001887,8.6e-05,0,0.000938,6.2e-05,0,0.000519,0.005414,0,0.075056,0.471548,0.248113,0.603813,0.038074,0,0.108717,0.003294,0,0.045852,0.248342,0.037514,0.493712,0.000343,0,0.003529,0.000135,0,0.001474,0.000218,0,0.002185,0.000173,0,0.001488,0.000127,0,0.00107,0.00029,0,0.002066,0.001913,0,0.028407,4.9e-05,0,0.000436,0.000128,0,0.001212,0.000194,0,0.00191,5.2e-05,0,0.000505,0.00012,0,0.00097,0.000191,0,0.001845,0.116459,0.047006,0.183221,0.000179,0,0.00159,4.6e-05,0,0.000369,0.000842,0,0.011351,0.00188,0,0.024161,0.000824,0,0.011102,0.000385,0,0.004404,0.000272,0,0.002659,0.011939,0,0.106328,0.000398,0,0.004875,0.000725,0,0.008514,0.000112,0,0.001154,0.000849,0,0.009045,0.000185,0,0.001815,0.000105,0,0.000736,0.000368,0,0.004179,7.3e-05,0,0.000565,0.003548,0,0.049657,0.000156,0,0.001718,6e-05,0,0.000576,0.000569,0,0.007062,5.6e-05,0,0.000439
"PH_FC_1.sorted.bam","1","FC",0.084316,9e-06,0.139696,0.193888,0.058949,0.269681,0.00154,0,0.012408,0.001859,0,0.015078,0.149996,0.09626,0.260226,0.538272,0.475639,0.676574,0.001498,0,0.012074,0.002893,0,0.021817,0.024224,0,0.085589,0.001513,0,0.011341,0.000542,0,0.007933,0.000351,0,0.00459,0.000634,0,0.00692,0.000748,0,0.010299,0.000139,0,0.001619,1e-04,0,0.001027,0.000368,0,0.004143,0.000145,0,0.001174,0.000173,0,0.000866,0.000808,0,0.01098,0.161102,0,0.273364,0.000609,0,0.003125,0.000311,0,0.003947,0.000222,0,0.00207,0.005459,0,0.051107,0.000497,0,0.006887,0.347595,0,0.534884,0.000407,0,0.002252,0.00024,0,0.002588,0.123157,0,0.511601,0.300256,0.211579,0.53296,0.000422,0,0.00332,0.000525,0,0.005611,0.000107,0,0.001031,0.000138,0,0.001235,0.000237,0,0.002987,0.000694,0,0.010464,9.9e-05,0,0.001054,0.002026,0,0.0321,0.000373,0,0.005335,0.000175,0,0.001697,0.000185,0,0.002404,0.000279,0,0.001925,0.00072,0,0.009117,0.000101,0,0.001021,0.000409,0,0.004911,0.001731,0,0.025737,0.036533,0,0.168511,0.000682,0,0.008875,0.000493,0,0.005119,0.003037,0,0.040345,0.002545,0,0.034872,0.000471,0,0.00543,0.000697,0,0.009302,0.000608,0,0.009364,0.000303,0,0.002794,0.000237,0,0.002754,0.000139,0,0.00152,0.000137,0,0.001515,0.000121,0,0.000966,0.000177,0,0.002134,0.000103,0,0.001099,0.000412,0,0.00376,0.001043,0,0.015234,0.000177,0,0.002197
"PH_FC_2.sorted.bam","2","FC",0.081,0,0.150761,0.185295,0.064177,0.25319,0.002864,0,0.016346,0.002326,0,0.016122,0.159449,0.10712,0.254035,0.516727,0.446078,0.646461,0.002505,0,0.018789,0.003954,0,0.024939,0.030323,0.000226,0.085408,0.015558,0,0.04945,0.000296,0,0.002782,0.003765,0,0.061213,0.001148,0,0.017089,0.000362,0,0.004154,0.000642,0,0.007132,0.000669,0,0.009601,0.00103,0,0.014063,0.000391,0,0.003827,0.00031,0,0.002689,0.000279,0,0.003626,0.151924,0,0.295677,0.000504,0,0.004188,0.000367,0,0.004923,0.000511,0,0.005897,0.000322,0,0.003354,0.000455,0,0.004552,0.323315,0,0.494835,0.000398,0,0.004908,0.000172,0,0.001536,0.163105,0,0.504099,0.271483,0.17589,0.46641,0.001095,0,0.015715,0.000166,0,0.001655,0.00032,0,0.003245,0.000258,0,0.003409,0.000343,0,0.002531,5e-04,0,0.00527,0.000669,0,0.009617,0.001766,0,0.023654,0.000443,0,0.005337,0.000457,0,0.005648,0.000458,0,0.003165,0.000177,0,0.001244,0.001725,0,0.023901,0.000249,0,0.003028,0.00012,0,0.001035,0.00041,0,0.002914,0.038906,0,0.168598,0.000141,0,0.001498,0.000621,0,0.008035,0.000867,0,0.011935,0.000259,0,0.002148,0.000583,0,0.008018,0.000514,0,0.005992,0.002883,0,0.033785,0.000599,0,0.006424,0.000161,0,0.001367,0.001392,0,0.02052,0.000344,0,0.003877,0.000458,0,0.006478,0.000562,0,0.008189,0.000157,0,0.001725,0.001878,0,0.030762,0.01258,0,0.051198,0.006492,0,0.047825
"PH_FC_4.sorted.bam","4","FC",0.074356,0.00094,0.140612,0.203863,0.052819,0.273513,0.003519,0,0.022397,0.002803,0,0.017663,0.125383,0.072146,0.213819,0.555447,0.479747,0.683653,0.001773,0,0.012637,0.017472,0,0.0545,0.013709,0,0.057675,0.001675,0,0.012346,0.002042,0,0.029978,0.001236,0,0.014754,0.000343,0,0.004743,0.002061,0,0.028294,0.000382,0,0.004322,0.00133,0,0.017286,0.000169,0,0.001686,0.000272,0,0.002171,0.000185,0,0.001847,0.000385,0,0.005086,0.106796,0,0.25179,0.000359,0,0.003441,0.000241,0,0.003405,0.000192,0,0.0022,0.000283,0,0.003093,0.004365,0,0.060614,0.391991,0,0.544966,0.000293,0,0.00324,0.00142,0,0.02007,0.141759,0,0.413889,0.283857,0.19363,0.515616,0.000133,0,0.001214,0.000164,0,0.001726,0.000439,0,0.00615,0.000302,0,0.003951,0.000246,0,0.002511,0.000797,0,0.010367,0.000378,0,0.0051,0.028634,0,0.107863,0.000319,0,0.003467,0.000227,0,0.002631,3e-04,0,0.003911,0.00022,0,0.002284,0.002079,0,0.030098,0.000122,0,0.00077,0.000196,0,0.002244,0.000674,0,0.007494,0.012099,0,0.111107,0.000237,0,0.002796,0.001743,0,0.022724,0.000221,0,0.001826,0.000326,0,0.002856,0.000331,0,0.004429,0.002289,0,0.035354,0.004478,0,0.025755,0.000562,0,0.007256,0.000221,0,0.002031,0.000312,0,0.004685,0.000253,0,0.003333,0.000166,0,0.001654,0.000153,0,0.00095,0.000255,0,0.003116,0.000361,0,0.004788,0.000544,0,0.007243,0.000262,0,0.003486
"PH_FC_6.sorted.bam","6","FC",0.115236,6e-06,0.187699,0.208314,0.051299,0.280853,0.00259,0,0.01912,0.008522,0,0.088668,0.167939,0.115698,0.252305,0.393987,0.329799,0.52473,0.049333,0.012218,0.08147,0.010204,0,0.050977,0.006819,0,0.034993,0.037057,8.9e-05,0.078823,8.4e-05,0,0.000601,0.000563,0,0.00655,5.2e-05,0,0.000518,0.000602,0,0.006276,0.00054,0,0.007152,6.9e-05,0,0.000664,0.000738,0,0.006925,0.000622,0,0.003137,0.000447,0,0.00447,6.6e-05,0,0.000601,0.198059,0,0.33396,0.000189,0,0.002023,0.000125,0,0.001318,0.000332,0,0.003693,0.00018,0,0.002069,0.000743,0,0.006658,0.407074,0,0.560215,0.00128,0,0.019063,0.01316,0,0.168245,0.135791,0,0.501821,0.042558,0,0.173097,0.001521,0,0.022459,0.000374,0,0.004204,0.000654,0,0.009478,0.00053,0,0.005003,0.000206,0,0.001694,0.089296,0,0.161421,0.000132,0,0.001024,0.01259,0,0.096155,0.000202,0,0.002666,0.000178,0,0.001225,0.000227,0,0.002208,0.000152,0,0.00174,0.003952,0,0.053403,0.000138,0,0.001454,7.4e-05,0,0.000704,0.001391,0,0.020505,0.000499,0,0.006873,0.001009,0,0.015897,0.000435,0,0.003023,0.000558,0,0.005258,0.000854,0,0.010085,0.005073,0,0.057115,0.0025,0,0.039866,0.000132,0,0.001388,0.014098,0,0.086182,0.006459,0,0.106832,0.000206,0,0.001545,0.000421,0,0.002834,0.000104,0,0.000616,0.050708,0,0.148332,0.00061,0,0.009559,0.000321,0,0.003071,0.001054,0,0.011698,6.7e-05,0,0.000588
"PH_FC_8.sorted.bam","8","FC",0.076817,0,0.154631,0.181655,0.076989,0.243895,0.013006,0,0.040333,0.028143,0,0.07683,0.170838,0.109474,0.250114,0.389637,0.318611,0.481788,0.029641,1e-06,0.065298,0.078278,0.042997,0.116238,0.029072,0.000105,0.069421,0.002913,0,0.021227,9.5e-05,0,0.000908,0.000254,0,0.001858,9.5e-05,0,0.000983,0.000565,0,0.0074,0.000531,0,0.006008,0.000112,0,0.001348,0.002027,0,0.034988,0.000894,0,0.010501,0.001556,0,0.024611,0.00011,0,0.001047,0.14761,0,0.306807,0.00021,0,0.00219,0.001422,0,0.017867,0.002822,0,0.039366,0.000131,0,0.00119,0.000205,0,0.002384,0.357539,0.150022,0.483056,0.005224,0,0.053677,0.02644,0,0.145555,0.181518,0,0.473916,3e-04,0,0.002831,0.000102,0,0.000963,0.001091,0,0.011597,0.000201,0,0.001824,0.000162,0,0.00137,0.003831,0,0.058606,0.047248,0,0.128823,6.5e-05,0,0.000652,0.001446,0,0.021623,0.000109,0,0.001033,0.000174,0,0.001335,0.000824,0,0.011647,0.000181,0,0.001656,0.152288,0.08241,0.226438,8.8e-05,0,0.000707,5.8e-05,0,0.00064,0.000727,0,0.009516,0.00211,0,0.037982,0.015551,0,0.075669,0.021064,0,0.088328,0.003678,0,0.052434,0.006384,0,0.091032,0.005969,0,0.055735,0.001181,0,0.015655,7.1e-05,0,0.000648,0.000506,0,0.005333,0.000383,0,0.00394,0.000563,0,0.0081,0.000278,0,0.003031,0.000141,0,0.001263,0.001827,0,0.032468,0.000459,0,0.005584,0.000149,0,0.001862,0.001338,0,0.021635,9.1e-05,0,0.000764
"PH_FC_9.sorted.bam","9","FC",0.076643,0,0.14249,0.212898,0.071785,0.282639,0.001277,0,0.009489,0.013083,0,0.088637,0.123969,0.080484,0.20847,0.559083,0.484946,0.698563,0.001847,0,0.012865,0.006491,0,0.045701,0.003852,0,0.031703,0.000857,0,0.007154,0.000622,0,0.004525,0.007967,0,0.08596,0.009675,0,0.059735,0.000608,0,0.008975,0.000526,0,0.007553,1e-04,0,0.000988,0.000439,0,0.00393,0.02329,0,0.170615,9.4e-05,0,0.000863,0.000588,0,0.007787,0.129725,0,0.251469,0.001037,0,0.00757,0.000188,0,0.002111,0.000236,0,0.001664,0.01403,0,0.095205,0.001046,0,0.01442,0.367398,0,0.523223,0.000208,0,0.002423,0.000221,0,0.002725,0.087918,0,0.357728,0.329964,0.238418,0.56757,0.001418,0,0.020428,0.000454,0,0.004764,0.00023,0,0.001507,0.000247,0,0.002478,0.000274,0,0.002526,0.000294,0,0.003515,0.000108,0,0.001011,0.010272,0,0.090229,0.000474,0,0.006238,0.000265,0,0.002674,0.000193,0,0.001025,0.000103,0,0.001122,0.000729,0,0.009699,0.000271,0,0.002894,9.5e-05,0,0.000926,0.000363,0,0.004207,0.004957,0,0.062203,0.000164,0,0.001559,0.000129,0,0.001386,0.000292,0,0.00268,0.000241,0,0.00222,0.000168,0,0.001834,0.000257,0,0.003337,0.000512,0,0.006556,0.000204,0,0.00192,0.000344,0,0.003613,7.2e-05,0,0.000632,0.00014,0,0.001104,0.000105,0,0.001044,0.000182,0,0.001674,0.000123,0,0.001206,0.000228,0,0.002332,0.00011,0,0.001166,0.000103,0,0.001052
"PH_FV_10.sorted.bam","10","FV",0.418835,0.378568,0.450753,0.002983,0,0.022277,0.004944,0,0.029804,0.004746,0,0.028842,0.429984,0.392237,0.479483,0.004422,0,0.024948,0.076029,0.04617,0.10628,0.048919,0.002139,0.083407,0.000639,0,0.004734,0.008498,2e-06,0.035575,0.001112,0,0.01506,0.000264,0,0.002732,0.000197,0,0.002404,0.00039,0,0.004372,0.000161,0,0.001554,0.000251,0,0.002738,0.000291,0,0.002468,0.000349,0,0.003727,0.000505,0,0.007151,0.000487,0,0.006816,0.755612,0.643944,0.862363,0.000301,0,0.002864,0.000865,0,0.010931,0.000763,0,0.01112,0.047026,0,0.117082,0.000816,0,0.011172,0.00129,0,0.017636,0.000771,0,0.011528,0.000619,0,0.008343,0.001742,0,0.027745,0.000262,0,0.00247,0.074624,0,0.172594,0.002674,0,0.03838,0.004928,0,0.05526,0.001855,0,0.030043,0.005183,0,0.068703,3e-04,0,0.003822,0.010628,0,0.073789,0.002824,0,0.042169,0.000259,0,0.002401,0.000903,0,0.012122,0.003149,0,0.045054,0.000471,0,0.003064,0.002374,0,0.036495,0.040782,0,0.142117,0.02248,0,0.075874,0.000103,0,0.001011,0.000139,0,0.000995,0.000134,0,0.001249,8.1e-05,0,0.000805,7.1e-05,0,0.00067,9.4e-05,0,0.001033,0.000156,0,0.00177,8.7e-05,0,0.000775,8.6e-05,0,0.000856,0.000524,0,0.007453,0.000136,0,0.001581,0.000728,0,0.010903,0.000906,0,0.011648,0.000909,0,0.012458,0.000314,0,0.003737,0.000299,0,0.003077,0.00203,0,0.037818,0.00024,0,0.003198,0.005455,0,0.02614
"PH_FV_11.sorted.bam","11","FV",0.428031,0.379255,0.465667,0.001068,0,0.008309,0.006691,0,0.035799,0.002008,0,0.016131,0.431277,0.387019,0.502196,0.001231,0,0.009306,0.107095,0.075633,0.140781,0.020212,0,0.058778,0.000793,0,0.005883,0.001592,0,0.011689,0.000387,0,0.002775,0.00013,0,0.001063,0.000102,0,0.000649,0.00027,0,0.00376,0.000244,0,0.002335,0.004991,0,0.034356,0.000351,0,0.004018,0.000238,0,0.001552,0.000232,0,0.002247,0.000629,0,0.008299,0.722163,0.605023,0.851694,0.000365,0,0.002797,0.000134,0,0.001182,0.000282,0,0.003122,0.067027,0,0.134424,0.000323,0,0.003708,0.00015,0,0.001657,0.000204,0,0.00225,0.000273,0,0.002936,9.6e-05,0,0.000887,0.000203,0,0.002441,0.112798,0,0.212658,0.000304,0,0.004006,0.00105,0,0.009503,0.000979,0,0.014932,0.004927,0,0.095818,0.00032,0,0.003,0.038865,0,0.114895,0.018722,0,0.10515,0.000284,0,0.003701,0.000687,0,0.010553,0.000205,0,0.001576,0.000225,0,0.002312,0.00048,0,0.003505,0.014816,0,0.083868,0.00217,0,0.026041,0.00019,0,0.001703,6.6e-05,0,0.000491,0.000155,0,0.001867,6.8e-05,0,0.000691,0.00011,0,0.001109,0.000113,0,0.001325,0.000257,0,0.002852,0.000185,0,0.002005,0.000192,0,0.002234,0.000342,0,0.004115,0.000152,0,0.001813,0.000424,0,0.003754,0.000129,0,0.00125,0.000198,0,0.002248,9.7e-05,0,0.000752,0.001008,0,0.011189,0.00048,0,0.00585,5.8e-05,0,0.000416,0.000149,0,0.001664
"PH_FV_12.sorted.bam","12","FV",0.431721,0.370157,0.476025,0.002238,0,0.014866,0.007064,0,0.038127,0.002028,0,0.015256,0.442906,0.398122,0.522871,0.002901,0,0.017387,0.06388,0.03555,0.093664,0.038415,0.000115,0.074433,0.005412,0,0.024045,0.003435,0,0.024189,0.040392,0,0.108048,0.000196,0,0.001641,0.000288,0,0.003253,0.001711,0,0.026753,0.000332,0,0.003492,0.000878,0,0.011534,0.00028,0,0.002964,0.000225,0,0.002204,0.000368,0,0.003407,0.000271,0,0.002405,0.7332,0.613777,0.847044,0.000809,0,0.01097,0.001568,0,0.025174,4e-04,0,0.005083,0.03168,0,0.102098,0.000355,0,0.004355,0.000401,0,0.005334,0.000945,0,0.014389,0.000213,0,0.002294,0.00067,0,0.007922,0.000536,0,0.008143,0.010093,0,0.117856,5e-04,0,0.005467,0.002658,0,0.045213,0.000968,0,0.011078,0.083881,0,0.176136,0.000475,0,0.00609,0.000407,0,0.005473,0.03361,0,0.144483,0.000232,0,0.002594,0.003921,0,0.050382,0.000617,0,0.00839,0.000451,0,0.006308,0.00093,0,0.012646,0.026267,0,0.119717,0.003628,0,0.039871,0.00248,0,0.027567,0.000956,0,0.014305,0.000564,0,0.008591,0.000231,0,0.002242,0.001315,0,0.020157,0.000505,0,0.007266,0.001875,0,0.025835,0.001362,0,0.017932,0.000621,0,0.00885,0.000731,0,0.00873,0.000249,0,0.002425,0.000306,0,0.004164,0.000214,0,0.00209,0.000158,0,0.001882,0.000233,0,0.002764,0.000228,0,0.002537,0.002184,0,0.03379,0.000294,0,0.002292,0.001136,0,0.014673
"PH_FV_1.sorted.bam","1","FV",0.437776,0.399654,0.470135,0.000988,0,0.007574,0.023393,0,0.051976,0.005635,0,0.030688,0.408114,0.3679,0.482186,0.001779,0,0.012584,0.048209,0.021281,0.076326,0.070424,0.030075,0.108667,0.002979,0,0.017889,0.000703,0,0.005714,0.001047,0,0.016107,0.000312,0,0.003463,0.000115,0,0.000905,0.018897,0,0.089326,0.000228,0,0.002316,0.00058,0,0.008631,0.001743,0,0.027023,0.000155,0,0.00148,0.002523,0,0.031715,0.001733,0,0.022664,0.696625,0.601153,0.802991,0.000224,0,0.001633,0.011565,0,0.084261,0.000627,0,0.008975,0.044559,0,0.109289,0.000707,0,0.010336,0.00028,0,0.003569,0.000424,0,0.005508,0.000212,0,0.002339,0.000284,0,0.002881,0.000206,0,0.002282,0.016776,0,0.115706,0.000196,0,0.002487,0.011152,0,0.079551,0.001066,0,0.016408,0.016921,0,0.111391,0.000518,0,0.005469,0.024375,0,0.062937,0.137709,0.052672,0.214851,0.00016,0,0.001584,0.000314,0,0.003655,0.000696,0,0.00911,0.000446,0,0.005775,0.000225,0,0.002372,0.000477,0,0.004608,0.000263,0,0.002746,0.000427,0,0.005227,0.000127,0,0.000981,0.000424,0,0.004767,0.000585,0,0.007598,0.000266,0,0.003297,0.00039,0,0.005596,0.000336,0,0.004027,0.000213,0,0.002317,0.001542,0,0.016142,0.000263,0,0.002018,6.4e-05,0,0.00051,9.9e-05,0,0.000808,0.000197,0,0.001619,0.000152,0,0.001379,0.000104,0,0.000952,0.000225,0,0.002512,8.3e-05,0,0.000685,0.000106,0,0.001086,5.6e-05,0,0.000486
"PH_FV_2.sorted.bam","2","FV",0.397597,0.35052,0.433872,0.031495,0,0.067804,0.001509,0,0.011394,0.025079,0,0.067988,0.396595,0.359162,0.446486,0.002058,0,0.015273,0.08448,0.050203,0.121756,0.056613,0.01272,0.093129,0.002803,0,0.018438,0.001771,0,0.012529,0.001523,0,0.023232,0.000253,0,0.002593,0.000157,0,0.001527,0.000456,0,0.004654,0.000257,0,0.002571,0.00014,0,0.001741,0.000232,0,0.002708,0.004665,0,0.063333,0.000322,0,0.003497,0.00115,0,0.017887,0.667458,0.558719,0.792914,0.000262,0,0.002152,0.000208,0,0.002499,0.000715,0,0.00939,0.05089,0,0.110662,0.000254,0,0.003305,0.000322,0,0.003147,0.000158,0,0.001909,0.000617,0,0.007344,0.000552,0,0.007033,0.00028,0,0.002277,0.031356,0,0.138479,0.055727,0,0.134301,0.000698,0,0.008662,0.039076,0,0.132947,0.020424,0,0.176666,0.000964,0,0.011408,0.000777,0,0.009655,0.091758,0,0.183288,0.000434,0,0.004611,0.000229,0,0.002377,0.000728,0,0.007875,0.00126,0,0.018465,0.000244,0,0.003198,0.01697,0,0.121854,0.000193,0,0.001361,0.000246,0,0.001408,0.000579,0,0.008273,0.000189,0,0.001739,0.001081,0,0.013991,0.00037,0,0.004127,8.9e-05,0,0.000998,0.001499,0,0.022947,0.00073,0,0.007607,0.000128,0,0.001255,0.000136,0,0.001671,0.000175,0,0.001781,0.000221,0,0.002101,0.00042,0,0.005305,0.00016,0,0.001829,0.000355,0,0.003961,0.000691,0,0.009667,0.000486,0,0.006137,0.000567,0,0.006868,0.000165,0,0.001438
"PH_FV_4.sorted.bam","4","FV",0.412901,0.361881,0.450487,0.001887,0,0.013697,0.005814,0,0.041954,0.001666,0,0.012672,0.406345,0.361403,0.477038,0.002387,0,0.017658,0.11372,0.077181,0.150117,0.048958,0.009212,0.089923,0.002721,0,0.017623,0.0036,0,0.032142,0.003519,0,0.049816,0.000762,0,0.011431,0.000526,0,0.007021,0.000474,0,0.005332,0.000125,0,0.001498,0.004201,0,0.038221,0.000371,0,0.004083,0.000225,0,0.002736,0.000101,0,0.000895,0.000291,0,0.003612,0.614439,0.479317,0.80836,0.000405,0,0.004231,0.000187,0,0.002123,0.000721,0,0.005267,0.095661,0,0.168885,0.000212,0,0.002663,0.000211,0,0.002096,0.000216,0,0.00271,0.000317,0,0.002591,0.000869,0,0.010657,0.000845,0,0.012407,0.130361,0,0.253173,0.000229,0,0.002153,0.000831,0,0.011586,0.000135,0,0.001415,0.003253,0,0.022089,0.000379,0,0.004624,0.041846,0,0.126232,0.070296,0,0.177005,0.000214,0,0.00232,0.000512,0,0.006039,0.000355,0,0.004385,0.000609,0,0.008381,0.000494,0,0.005668,0.005935,0,0.065305,0.009408,0,0.062675,0.000327,0,0.004492,0.000433,0,0.00562,0.000454,0,0.006191,0.000225,0,0.002065,0.000642,0,0.008823,0.000193,0,0.002451,0.000274,0,0.003263,0.000243,0,0.002073,0.000893,0,0.012086,0.001523,0,0.023432,0.000117,0,0.001055,0.000328,0,0.004383,0.000299,0,0.003681,0.000243,0,0.001673,0.000192,0,0.001548,0.002351,0,0.043593,0.000442,0,0.003368,0.000867,0,0.012616,0.000419,0,0.004867
"PH_FV_5.sorted.bam","5","FV",0.420186,0.374694,0.464074,0.0019,0,0.014065,0.001629,0,0.011786,0.002521,0,0.019391,0.433041,0.379955,0.487902,0.00757,0,0.028282,0.088272,0.05633,0.118334,0.042033,1.4e-05,0.078288,0.001488,0,0.010337,0.001361,0,0.009648,0.003171,0,0.049335,0.000314,0,0.003575,0.000145,0,0.001417,0.00058,0,0.007946,0.000229,0,0.002503,0.000115,0,0.001157,0.000265,0,0.002659,0.00023,0,0.001989,0.000334,0,0.003622,0.000866,0,0.011771,0.643742,0.539674,0.737477,0.000269,0,0.002081,0.000185,0,0.002097,0.000616,0,0.007589,0.109831,0.055008,0.173002,0.000697,0,0.00965,0.001942,0,0.022816,0.000604,0,0.007935,0.000488,0,0.005743,0.000436,0,0.006254,0.004651,0,0.026537,0.141469,0.063345,0.204573,8.4e-05,0,0.000656,0.000492,0,0.005018,0.000663,0,0.010379,0.00057,0,0.005753,0.000442,0,0.005354,0.001744,0,0.029641,0.0463,0,0.150811,0.00013,0,0.001222,0.000212,0,0.001783,0.000322,0,0.001677,0.000262,0,0.003237,0.000629,0,0.00965,0.028614,0,0.107746,0.003467,0,0.043099,0.000372,0,0.004638,0.000163,0,0.001699,0.000181,0,0.001524,0.00025,0,0.002331,0.00015,0,0.001393,0.000456,0,0.006598,0.000363,0,0.004506,0.000524,0,0.006021,0.000204,0,0.001906,0.000292,0,0.004086,0.000148,0,0.001265,0.000212,0,0.002232,0.000144,0,0.001674,0.000188,0,0.002196,0.000144,0,0.001576,0.000359,0,0.003455,0.000138,0,0.001253,0.000109,0,0.001126,0.000494,0,0.004132
"PH_FV_6.sorted.bam","6","FV",0.442009,0.3832,0.473886,0.00101,0,0.008057,0.002227,0,0.016594,0.001875,0,0.016589,0.393651,0.351234,0.463479,0.001435,0,0.010661,0.092147,0.061903,0.121561,0.062505,0.030789,0.094887,0.001998,0,0.013478,0.001144,0,0.008614,0.000386,0,0.004026,0.000183,0,0.002024,0.000193,0,0.001995,0.001475,0,0.02108,0.000178,0,0.00162,0.00022,0,0.002478,0.000482,0,0.007485,0.000131,0,0.001398,8.1e-05,0,0.000696,0.000812,0,0.011626,0.681317,0.548382,0.7896,0.000158,0,0.001695,0.000265,0,0.003087,0.000315,0,0.001601,0.043472,0,0.12193,0.000321,0,0.002739,0.000161,0,0.002136,0.000162,0,0.001838,0.000271,0,0.003695,0.00021,0,0.002015,0.000296,0,0.004087,0.142361,0,0.225059,0.000129,0,0.001023,0.000865,0,0.012043,0.000347,0,0.002238,0.016894,0,0.160297,0.000625,0,0.008358,0.010801,0,0.061164,0.056171,0,0.180033,0.000427,0,0.003372,0.000577,0,0.006623,0.000158,0,0.001138,0.000675,0,0.008631,9.2e-05,0,0.000782,0.000966,0,0.010163,0.032735,0,0.081269,0.000352,0,0.004746,0.000151,0,0.001826,0.000223,0,0.00235,0.000223,0,0.002417,0.000366,0,0.004475,0.000151,0,0.001338,0.000367,0,0.005356,0.000274,0,0.003442,0.000832,0,0.010994,0.000584,0,0.008309,0.000115,0,0.000626,0.000185,0,0.001555,0.000119,0,0.001388,0.000158,0,0.001619,0.000285,0,0.003699,0.000138,0,0.001609,2e-04,0,0.002088,0.000226,0,0.002319,0.000138,0,0.001413
"PH_FV_7.sorted.bam","7","FV",0.414713,0.379626,0.443569,0.001584,0,0.01277,0.003987,0,0.02596,0.001709,0,0.01355,0.450761,0.408471,0.509675,0.002127,0,0.015423,0.077811,0.051538,0.10628,0.042169,0.000786,0.074002,0.003231,0,0.02141,0.001907,0,0.013955,0.000367,0,0.002506,0.000128,0,0.00147,0.000249,0,0.002652,0.001073,0,0.0161,0.000894,0,0.012977,0.000389,0,0.004242,0.000117,0,0.000844,0.000103,0,0.000945,0.00017,0,0.001602,0.000164,0,0.002054,0.628669,0.529052,0.743167,0.000198,0,0.001451,0.00082,0,0.008899,0.000337,0,0.003471,0.134633,0.064192,0.199838,0.000128,0,0.001052,0.00024,0,0.00208,0.000541,0,0.007488,0.000565,0,0.00709,0.000471,0,0.004232,0.000518,0,0.007682,0.134082,0.065006,0.189442,0.000349,0,0.004311,0.000529,0,0.006818,0.000311,0,0.003792,0.000516,0,0.005669,0.000494,0,0.005017,0.002687,0,0.037827,0.063552,0,0.14495,0.000301,0,0.002041,0.002721,0,0.046079,0.001152,0,0.01033,0.00055,0,0.006044,0.000442,0,0.004129,0.011558,0,0.094668,0.000861,0,0.012926,0.000527,0,0.005368,0.000269,0,0.003047,0.000327,0,0.004412,0.000144,0,0.001683,0.000456,0,0.005098,8.6e-05,0,0.000749,0.001709,0,0.026184,0.002108,0,0.02806,0.000216,0,0.001988,0.000417,0,0.00393,0.000187,0,0.002063,0.000122,0,0.001445,0.000192,0,0.001704,0.000239,0,0.002395,0.000252,0,0.002519,7e-04,0,0.01047,0.00023,0,0.002914,0.000403,0,0.004416,0.000536,0,0.006009
"PH_FV_8.sorted.bam","8","FV",0.428731,0.390387,0.465153,0.00206,0,0.015142,0.00287,0,0.021163,0.00092,0,0.006817,0.394643,0.355455,0.44198,0.012092,0,0.056824,0.084586,0.04933,0.118774,0.070732,0.039588,0.104251,0.001252,0,0.010655,0.002113,0,0.018404,0.002309,0,0.028996,0.000552,0,0.008106,0.00015,0,0.001478,0.000539,0,0.006134,0.000222,0,0.002451,0.001157,0,0.016183,0.000213,0,0.001557,7.7e-05,0,0.00072,0.000227,0,0.002833,0.000157,0,0.001695,0.674781,0.570682,0.77868,0.000225,0,0.002286,0.000587,0,0.007459,0.000176,0,0.002025,0.047797,0,0.111227,0.00038,0,0.003483,0.000982,0,0.013733,0.000745,0,0.009633,2e-04,0,0.002312,0.001579,0,0.024526,4e-04,0,0.005565,0.037306,0,0.146127,0.00127,0,0.018181,0.000668,0,0.007797,0.00022,0,0.001224,0.01519,0,0.139639,0.018592,0,0.112871,0.047508,0,0.106206,0.138776,0.073789,0.207131,0.000139,0,0.001531,9.8e-05,0,0.000709,0.000162,0,0.001882,0.000805,0,0.012937,0.000512,0,0.006839,0.000134,0,0.001458,0.000217,0,0.002759,0.000183,0,0.001755,0.000186,0,0.001849,0.000112,0,0.000986,0.000136,0,0.000984,0.000242,0,0.001879,0.000218,0,0.00256,0.00063,0,0.008747,0.00026,0,0.001571,0.000182,0,0.0018,0.000113,0,0.001102,0.000169,0,0.001265,0.00023,0,0.002925,0.000116,0,0.001045,0.000108,0,0.001227,0.000176,0,0.001613,0.000144,0,0.001314,0.000143,0,0.001641,0.000173,0,0.002238,0.001427,0,0.016719
"PH_FV_9.sorted.bam","9","FV",0.410332,0.374638,0.443221,0.003465,0,0.021158,0.010824,0,0.044787,0.002197,0,0.015686,0.434389,0.390299,0.487667,0.000981,0,0.007419,0.061785,0.028395,0.096077,0.065417,0.030777,0.100683,0.009187,0,0.031462,0.001422,0,0.011492,0.000418,0,0.004704,0.000478,0,0.005694,0.001496,0,0.018587,0.007917,0,0.069959,0.001213,0,0.017356,0.000951,0,0.011974,0.000417,0,0.004849,0.000211,0,0.002443,0.000483,0,0.005848,6.5e-05,0,0.000575,0.708986,0.598553,0.81678,0.000109,0,0.000952,0.0054,0,0.079053,0.000992,0,0.016513,0.072662,0,0.144058,0.000161,0,0.001899,9.7e-05,0,0.000905,0.000343,0,0.003115,9.9e-05,0,0.000868,0.000165,0,0.001665,0.000185,0,0.001926,0.004856,0,0.087601,0.000296,0,0.003483,0.002928,0,0.050699,0.001453,0,0.020286,0.006513,0,0.087635,0.000202,0,0.001822,0.038362,0,0.092291,0.096632,0,0.194427,0.000263,0,0.003075,0.000221,0,0.002329,0.00035,0,0.003503,0.000581,0,0.007731,0.000324,0,0.003575,0.030015,0,0.14405,0.000984,0,0.016159,0.000225,0,0.001715,0.001002,0,0.013511,0.000482,0,0.00571,9.6e-05,0,0.000869,0.000438,0,0.004762,0.000103,0,0.001381,0.000218,0,0.00222,0.00027,0,0.001804,0.007653,0,0.030542,0.000157,0,0.001439,0.00027,0,0.00337,0.000758,0,0.011475,0.000164,0,0.001822,0.000271,0,0.002929,9.9e-05,0,0.000887,0.000365,0,0.004529,0.000208,0,0.00188,0.000235,0,0.002104,0.000159,0,0.001983
"PH_GB_10.sorted.bam","10","GB",0.207299,0.015681,0.338103,0.013562,0,0.051979,0.001581,0,0.011907,0.469521,0.38135,0.589002,0.015005,0,0.092824,0.002423,0,0.019378,0.2372,0.173466,0.317329,0.027834,0,0.093714,0.020044,0,0.054145,0.005531,0,0.041807,0.000217,0,0.002154,0.004955,0,0.075512,0.000348,0,0.003134,0.000638,0,0.007471,0.00022,0,0.002422,0.000126,0,0.00132,0.200516,0,0.439527,0.001514,0,0.020073,0.000223,0,0.002337,0.279005,0.162012,0.438099,0.020668,0,0.183505,0.000307,0,0.002278,0.000278,0,0.003279,0.000225,0,0.002009,0.000226,0,0.00208,0.000733,0,0.009436,0.000643,0,0.005666,0.000113,0,0.001057,0.000162,0,0.001743,0.000328,0,0.003768,0.000233,0,0.002628,0.133754,0,0.303496,0.000992,0,0.012829,0.000125,0,0.001118,0.168948,0,0.404963,0.002739,0,0.045257,0.000926,0,0.013039,0.07919,0,0.18197,0.050012,0,0.185945,0.000436,0,0.004361,0.000296,0,0.002205,0.000569,0,0.007949,0.000303,0,0.00279,0.001071,0,0.013151,0.000642,0,0.008566,0.000338,0,0.001569,0.002366,0,0.038266,0.016158,0,0.094288,0.000535,0,0.005501,0.008243,0,0.082708,0.00453,0,0.05066,0.00012,0,0.001119,0.003239,0,0.048921,0.001037,0,0.015499,0.001375,0,0.021066,0.000522,0,0.003113,0.001202,0,0.016723,0.000482,0,0.003275,0.000632,0,0.009608,0.00018,0,0.001796,0.000283,0,0.002697,0.004655,0,0.07156,0.000624,0,0.009118,0.001109,0,0.017972,0.000686,0,0.007182
"PH_GB_11.sorted.bam","11","GB",0.172194,0.044967,0.306972,0.029911,1.7e-05,0.061683,0.001638,0,0.013563,0.490185,0.409816,0.59455,0.004821,0,0.04084,0.001109,0,0.009415,0.238096,0.177658,0.307578,0.041439,0,0.097464,0.018495,0,0.049475,0.002111,0,0.017428,0.000282,0,0.001764,0.01535,0,0.111157,0.000629,0,0.008439,0.000385,0,0.004253,0.001342,0,0.021446,1e-04,0,0.000852,0.213565,0,0.531685,0.004428,0,0.05052,0.000214,0,0.002149,0.205822,0.078629,0.362439,0.007407,0,0.076031,0.000502,0,0.007154,0.000136,0,0.001249,0.000301,0,0.001859,0.000136,0,0.001524,0.000241,0,0.00214,0.000562,0,0.005452,0.000201,0,0.002115,0.000266,0,0.003262,8e-05,0,0.000619,5.9e-05,0,0.000558,0.0272,0,0.145508,0.002368,0,0.03621,0.000313,0,0.004051,0.346801,0.112844,0.533479,0.000439,0,0.005241,0.000251,0,0.002595,0.048695,0,0.153977,0.078397,0,0.182746,0.000476,0,0.006548,2e-04,0,0.00197,0.00173,0,0.02133,0.000185,0,0.002115,0.000141,0,0.001178,0.000471,0,0.006066,0.000231,0,0.003271,0.000719,0,0.01016,0.032909,0,0.096544,0.000154,0,0.001466,0.000564,0,0.007092,0.000202,0,0.001937,0.000113,0,0.00117,0.00055,0,0.005797,0.000538,0,0.006518,0.000461,0,0.006191,0.000559,0,0.006761,0.000627,0,0.005626,0.000133,0,0.001535,0.000858,0,0.009697,0.000117,0,0.000899,0.000245,0,0.002809,0.000408,0,0.004807,0.000278,0,0.002901,0.000318,0,0.003623,0.000339,0,0.003223
"PH_GB_12.sorted.bam","12","GB",0.186014,1e-06,0.329135,0.055193,0.016592,0.1097,0.000757,0,0.005864,0.508858,0.415275,0.64194,0.011965,0,0.081549,0.002328,0,0.01773,0.196553,0.13299,0.28098,0.006115,0,0.046068,0.030192,0,0.065032,0.002026,0,0.016537,0.000558,0,0.005976,0.021165,0,0.159765,0.000584,0,0.007385,0.000144,0,0.001552,0.000275,0,0.002389,9.7e-05,0,0.001,0.246477,0,0.465252,0.0423,0,0.205464,0.000226,0,0.002175,0.241649,0.140566,0.398493,0.018357,0,0.160865,0.001069,0,0.015133,0.000145,0,0.001118,0.000619,0,0.008047,0.000227,0,0.002363,0.000284,0,0.002455,0.000184,0,0.001407,0.000122,0,0.001154,0.000397,0,0.004514,0.000202,0,0.00237,0.000203,0,0.002024,0.081477,0,0.254114,0.002523,0,0.040434,0.000104,0,0.000981,0.242891,0.055408,0.425472,0.001205,0,0.015131,0.001084,0,0.013,0.027021,0,0.112983,0.001431,0,0.019306,0.000359,0,0.004039,0.000124,0,0.001126,0.000299,0,0.003413,0.000672,0,0.008631,0.001182,0,0.019932,0.000557,0,0.006398,0.000159,0,0.001636,0.000808,0,0.006798,0.040988,0,0.121599,0.000121,0,0.001123,0.001058,0,0.015696,0.000443,0,0.005243,0.00053,0,0.005875,0.008663,0,0.090516,0.006782,0,0.089048,0.000372,0,0.003631,0.000769,0,0.007378,0.000355,0,0.003469,5.8e-05,0,0.000494,0.000151,0,0.001749,0.000765,0,0.011403,0.000264,0,0.002808,0.000561,0,0.004618,0.000506,0,0.003524,0.000246,0,0.00261,0.000188,0,0.001861
"PH_GB_1.sorted.bam","1","GB",0.191601,0.003636,0.333157,0.05972,0.026271,0.10541,0.001429,0,0.011347,0.45076,0.363423,0.576858,0.022312,0,0.076916,0.002032,0,0.013086,0.236866,0.176841,0.31846,0.003416,0,0.030691,0.02997,0,0.065594,0.001895,0,0.01323,0.000946,0,0.01316,0.055502,0,0.200777,0.000356,0,0.00483,0.000397,0,0.004606,0.000159,0,0.001714,8e-05,0,0.000672,0.181073,0,0.4567,0.006893,0,0.103305,0.000196,0,0.002143,0.185086,0.086283,0.334421,0.04239,0,0.152147,0.000208,0,0.002197,0.000417,0,0.00377,0.000378,0,0.005094,8.8e-05,0,0.000702,0.000192,0,0.001725,0.000357,0,0.003745,0.000403,0,0.0056,0.000422,0,0.005021,0.000166,0,0.00155,0.000329,0,0.003702,0.09914,0,0.266218,0.000264,0,0.002237,0.000378,0,0.004833,0.339235,0.088064,0.549876,0.000276,0,0.003702,0.000733,0,0.011452,0.015042,0,0.090888,0.001195,0,0.018657,0.000213,0,0.001716,0.000133,0,0.001394,0.001179,0,0.008071,0.000279,0,0.003183,0.000545,0,0.007821,0.002509,0,0.041118,0.000136,0,0.001561,0.000461,0,0.002797,0.054914,0,0.128496,0.00049,0,0.004491,0.001659,0,0.025607,0.000138,0,0.00149,0.000342,0,0.003858,0.000621,0,0.006879,0.000197,0,0.002128,0.00037,0,0.005331,0.00096,0,0.015566,0.000217,0,0.002085,0.000125,0,0.001072,0.000313,0,0.004687,0.000196,0,0.001034,0.000246,0,0.002758,0.000492,0,0.007062,0.000311,0,0.002642,0.000375,0,0.004625,0.000277,0,0.003421
"PH_GB_5.sorted.bam","5","GB",0.164351,1e-05,0.308312,0.039076,0,0.090465,0.002227,0,0.015315,0.46222,0.384009,0.58107,0.015581,0,0.068388,0.004169,0,0.02598,0.240474,0.180412,0.307503,0.021023,0,0.07614,0.046419,0.018608,0.078047,0.004459,0,0.034522,0.000153,0,0.001641,0.023501,0,0.134627,0.000273,0,0.002619,0.00037,0,0.002804,0.000393,0,0.00531,0.000734,0,0.00954,0.192998,0,0.495762,0.022444,0,0.140548,0.000518,0,0.00585,0.158886,0.069663,0.328595,0.027472,0,0.136055,0.001383,0,0.022247,0.000136,0,0.00146,0.000215,0,0.002395,0.000132,0,0.001422,0.003343,0,0.046067,0.001149,0,0.01693,0.000226,0,0.002438,0.001034,0,0.01398,0.000189,0,0.002311,0.000205,0,0.001961,0.04833,0,0.19174,0.003595,0,0.069962,6.1e-05,0,0.000614,0.363057,0.143705,0.575993,0.000282,0,0.002168,0.000585,0,0.008447,0.009159,0,0.092694,0.0311,0,0.148583,0.00033,0,0.002089,0.000216,0,0.001895,0.007627,0,0.096203,0.000202,0,0.00164,0.000846,0,0.01223,0.000365,0,0.00274,0.000248,0,0.002513,0.000541,0,0.005697,0.021729,0,0.111027,0.000812,0,0.010971,0.018588,0,0.118619,0.000776,0,0.010668,0.000194,0,0.002466,0.04595,0,0.142252,0.000613,0,0.0087,0.001261,0,0.019016,0.000743,0,0.008068,0.003082,0,0.054306,0.000256,0,0.00288,0.000188,0,0.00197,0.000244,0,0.002,0.000362,0,0.00305,0.000405,0,0.00487,0.000249,0,0.001891,0.001112,0,0.016424,0.001138,0,0.016825
"PH_GB_6.sorted.bam","6","GB",0.159799,0.003589,0.293921,0.056297,0.028359,0.087815,0.001452,0,0.0102,0.432771,0.369602,0.534638,0.020323,0,0.073071,0.002269,0,0.015659,0.206456,0.145993,0.276842,0.063409,4.7e-05,0.108614,0.055306,0.029953,0.086175,0.001917,0,0.014417,0.000247,0,0.003025,0.003231,0,0.045639,0.000766,0,0.010787,0.000395,0,0.003735,0.00041,0,0.003724,0.000204,0,0.001951,0.130527,0,0.436462,0.000737,0,0.003781,0.000227,0,0.002988,0.198262,0.08599,0.338827,0.032302,0,0.141319,0.000264,0,0.003046,0.000175,0,0.001303,0.000495,0,0.005263,0.000721,0,0.007925,0.000411,0,0.003106,0.001207,0,0.017514,0.000422,0,0.005758,0.000279,0,0.002554,0.000866,0,0.011522,0.000226,0,0.003137,0.033306,0,0.192751,0.002439,0,0.039552,0.000217,0,0.001708,0.335657,0.138627,0.469614,0.004312,0,0.05913,0.00027,0,0.002432,0.016816,0,0.110599,0.118135,0,0.215079,0.00019,0,0.002112,0.000318,0,0.003998,0.000177,0,0.001468,0.000215,0,0.002829,0.000121,0,0.001005,0.001586,0,0.023102,0.000226,0,0.002437,0.000609,0,0.005757,0.102201,0.04162,0.159355,0.000189,0,0.001287,0.000585,0,0.005915,0.000222,0,0.002166,0.000381,0,0.004396,0.000513,0,0.005271,0.005159,0,0.080648,0.000296,0,0.002448,0.000189,0,0.001349,0.000381,0,0.003488,0.000144,0,0.001657,0.000334,0,0.004496,0.000352,0,0.003982,0.000129,0,0.001609,0.000981,0,0.012582,0.000465,0,0.00362,0.000159,0,0.001794,0.000349,0,0.003301
"PH_GB_8.sorted.bam","8","GB",0.176119,0.079566,0.28154,0.063292,0.016547,0.108598,0.002285,0,0.019848,0.249873,0.20169,0.304712,0.111171,0.063543,0.153192,0.058803,0.021757,0.099617,0.217011,0.171379,0.270833,0.059796,8e-06,0.116456,0.057696,0.024341,0.088943,0.003955,0,0.030148,0.000136,0,0.001482,0.004266,0,0.058545,0.000145,0,0.001411,0.000416,0,0.004527,0.000498,0,0.005399,5.2e-05,0,0.000449,0.06484,0,0.343996,0.065135,0,0.185851,0.000372,0,0.00377,0.000163,0,0.00153,0.157194,0,0.298623,0.000525,0,0.006299,0.000177,0,0.0016,0.059659,0,0.256686,8.8e-05,0,0.000767,0.004318,0,0.061764,0.005687,0,0.081746,0.000584,0,0.00745,0.042473,0,0.146691,0.002887,0,0.048878,8.2e-05,0,0.000682,0.000865,0,0.011134,0.03035,0,0.177438,0.000179,0,0.002149,0.265152,0.114953,0.37982,0.001042,0,0.01325,0.05631,0,0.191309,0.000111,0,0.000973,0.109485,0,0.231027,0.00032,0,0.003141,0.00015,0,0.001572,0.000484,0,0.006642,0.000427,0,0.005778,0.003797,0,0.065545,0.000405,0,0.003742,0.000108,0,0.000985,0.007392,0,0.109441,0.019286,0,0.136372,0.001884,0,0.033,0.001181,0,0.016728,9.5e-05,0,0.000886,0.00014,0,0.000651,0.079088,0,0.171013,0.004141,0,0.072939,9.4e-05,0,0.000982,0.003191,0,0.04689,0.000227,0,0.00276,0.000204,0,0.00183,0.000125,0,0.001151,0.000162,0,0.001653,0.001245,0,0.012421,0.000408,0,0.00548,0.000167,0,0.001355,0.001996,0,0.029194,9.2e-05,0,0.000849
"PH_GB_9.sorted.bam","9","GB",0.178023,0.002001,0.347703,0.020225,0,0.054668,0.003088,0,0.020705,0.493528,0.399134,0.616983,0.004378,0,0.045056,0.002591,0,0.016719,0.234324,0.169386,0.302227,0.024397,0,0.089034,0.034811,0.000185,0.069196,0.004634,0,0.044023,0.000262,0,0.00253,0.00127,0,0.019976,0.001571,0,0.026938,0.001171,0,0.017116,0.001169,0,0.015911,0.000531,0,0.006554,0.170735,0,0.413767,0.000519,0,0.005242,0.000517,0,0.006295,0.244487,0.132437,0.366406,0.005433,0,0.083539,0.000198,0,0.001692,0.000445,0,0.005856,0.000366,0,0.003491,0.000199,0,0.002189,0.000156,0,0.00132,0.001223,0,0.018774,0.000243,0,0.002358,0.000542,0,0.007447,0.000335,0,0.003455,0.000187,0,0.001838,0.134414,0,0.338885,0.005528,0,0.078848,3e-04,0,0.003704,0.314968,0,0.561984,0.000412,0,0.004605,0.000812,0,0.012132,0.000681,0,0.007378,0.029809,0,0.176068,0.000524,0,0.00747,0.000374,0,0.00395,0.000337,0,0.002286,8.8e-05,0,0.000929,0.00063,0,0.008378,0.002322,0,0.037337,0.00033,0,0.004421,0.008379,0,0.08922,0.02672,0,0.095194,0.000661,0,0.009894,0.009373,0,0.096666,0.000897,0,0.010619,0.000461,0,0.006163,0.006736,0,0.108746,0.013706,0,0.114324,0.000971,0,0.014004,0.004156,0,0.060084,0.000158,0,0.000936,0.000235,0,0.002596,0.000725,0,0.009491,0.000183,0,0.000963,0.000406,0,0.006025,0.001792,0,0.017181,0.000343,0,0.003711,0.000747,0,0.009284,0.000261,0,0.003355
"PH_KC_10.sorted.bam","10","KC",0.001028,0,0.007114,0.216682,0.1245,0.258386,0.000875,0,0.006307,0.001328,0,0.008396,0.001461,0,0.009319,0.002701,0,0.015089,0.001541,0,0.009764,0.001356,0,0.008906,0.771975,0.72935,0.864854,0.001053,0,0.007107,0.000104,0,0.00109,0.000197,0,0.002302,0.000123,0,0.001452,0.000129,0,0.001049,0.000159,0,0.001676,7.4e-05,0,0.000761,0.000104,0,0.001041,0.000242,0,0.00297,0.000161,0,0.001607,0.000203,0,0.002778,0.00036,0,0.004726,0.000454,0,0.006423,0.000299,0,0.004063,0.000243,0,0.002697,0.000201,0,0.002445,0.000267,0,0.003581,0.001027,0,0.014,0.000196,0,0.002338,0.000423,0,0.005787,0.000354,0,0.00502,0.000672,0,0.009555,0.000122,0,0.001584,0.000343,0,0.004743,0.000289,0,0.004009,0.000382,0,0.005721,0.000175,0,0.002057,0.000531,0,0.007114,0.00013,0,0.001365,0.00027,0,0.003272,0.000112,0,0.000914,9.6e-05,0,0.000987,0.00019,0,0.001773,0.000143,0,0.001652,0.000279,0,0.003524,0.000164,0,0.001784,0.000544,0,0.006813,0.000263,0,0.00164,0.430321,0.247396,0.514459,0.000168,0,0.001556,0.000298,0,0.003227,0.000353,0,0.00405,0.000483,0,0.004656,0.000628,0,0.008952,0.000251,0,0.003191,0.555464,0.474332,0.736735,0.000137,0,0.001454,0.000264,0,0.003416,0.000104,0,0.000932,0.000208,0,0.002284,0.000139,0,0.001646,0.000498,0,0.006853,0.000188,0,0.002362,0.000121,0,0.001251,0.000257,0,0.002821,9.4e-05,0,0.000772
"PH_KC_11.sorted.bam","11","KC",0.002535,0,0.018624,0.195667,0.107182,0.238704,0.003717,0,0.014466,0.003427,0,0.017252,0.002676,0,0.014958,0.002592,0,0.013719,0.002862,0,0.014599,0.000915,0,0.006884,0.783905,0.739018,0.872553,0.001703,0,0.01096,0.000345,0,0.003835,0.000329,0,0.004257,0.00055,0,0.007857,0.000412,0,0.00478,0.000889,0,0.012794,0.000313,0,0.004569,0.000389,0,0.003994,0.000292,0,0.002989,0.0013,0,0.016543,0.000391,0,0.004677,0.000651,0,0.009483,0.000286,0,0.004472,0.000836,0,0.011564,0.000394,0,0.004616,0.000161,0,0.001896,0.000411,0,0.005038,0.000413,0,0.004992,0.001094,0,0.014511,0.000592,0,0.008036,0.000721,0,0.010666,3e-04,0,0.003698,0.000378,0,0.004959,0.00028,0,0.00275,0.000604,0,0.008375,0.001334,0,0.016713,0.000516,0,0.008219,0.000627,0,0.009811,0.000518,0,0.00847,0.000107,0,0.001031,0.000145,0,0.001498,0.000178,0,0.002226,0.000218,0,0.002993,0.00016,0,0.001577,0.00014,0,0.001545,0.000178,0,0.001706,0.000118,0,0.000882,0.001347,0,0.019906,0.386978,0.207232,0.473901,0.001092,0,0.014466,0.001284,0,0.019932,0.001155,0,0.016617,0.000368,0,0.004689,0.000507,0,0.005686,0.00015,0,0.001379,0.587315,0.502777,0.766143,0.000359,0,0.002289,0.000623,0,0.010574,0.000403,0,0.005652,0.000268,0,0.002244,0.00031,0,0.004162,0.00022,0,0.002535,0.000263,0,0.003206,0.000318,0,0.003757,0.000298,0,0.002835,0.000171,0,0.001621
"PH_KC_1.sorted.bam","1","KC",0.134309,6.9e-05,0.183213,0.125922,0.054003,0.173741,0.006679,0,0.03617,6e-04,0,0.004323,0.314986,0.271493,0.356959,0.007339,0,0.036106,0.00051,0,0.004093,0.007073,0,0.038481,0.377649,0.324156,0.488874,0.024933,0,0.072437,3.8e-05,0,0.000323,0.000175,0,0.001497,3.2e-05,0,0.000302,0.000251,0,0.002442,0.000225,0,0.002392,4.2e-05,0,0.000363,0.000115,0,0.000807,9.3e-05,0,0.000776,9.6e-05,0,0.001018,3.1e-05,0,0.00031,0.216169,0,0.336083,0.000113,0,0.000818,0.000141,0,0.00114,1e-04,0,0.000937,7e-05,0,0.000677,0.000669,0,0.007811,0.00082,0,0.011792,0.000594,0,0.008529,0.000211,0,0.002335,0.000324,0,0.004115,7.9e-05,0,0.000779,8.3e-05,0,0.000803,7.3e-05,0,0.000669,8.8e-05,0,0.000892,4.6e-05,0,0.000419,0.000138,0,0.001239,0.000174,0,0.001724,3.2e-05,0,0.000255,0.000262,0,0.002097,9.6e-05,0,0.000712,0.000234,0,0.002386,8.9e-05,0,0.00091,6e-05,0,0.000562,0.009328,0,0.069935,4.4e-05,0,0.000384,3.8e-05,0,0.000369,0.039694,0,0.22477,0.250032,0.107111,0.345529,0.011455,0,0.071602,0.000181,0,0.002133,0.412555,0.263298,0.67793,0.000946,0,0.013286,0.000227,0,0.002114,0.003858,0,0.05251,6.2e-05,0,0.000445,0.011123,0,0.076579,0.000152,0,0.001716,0.000191,0,0.002455,0.000207,0,0.002084,0.000232,0,0.002978,0.001453,0,0.02511,8.3e-05,0,0.000831,9.9e-05,0,0.000845,0.036228,0,0.143637,4.9e-05,0,0.000346
"PH_KC_2.sorted.bam","2","KC",0.123092,0.045331,0.167505,0.091268,1e-06,0.143197,0.001299,0,0.011248,0.001577,0,0.0149,0.186187,0.13579,0.242823,0.001994,0,0.018445,0.109643,0.081518,0.14104,0.083555,0.051513,0.11913,0.373959,0.330582,0.450434,0.027426,0,0.086891,3.7e-05,0,0.000327,0.000252,0,0.001638,3.8e-05,0,0.000363,8.3e-05,0,0.000695,0.000183,0,0.001701,3.6e-05,0,0.000258,0.000233,0,0.001736,0.000146,0,0.001395,0.000184,0,0.002053,5e-05,0,0.000526,0.241131,0.077939,0.334159,0.000123,0,0.001528,9.5e-05,0,0.000776,0.000307,0,0.001798,4.2e-05,0,0.000386,0.001031,0,0.008042,0.00107,0,0.015366,0.000187,0,0.002012,0.000158,0,0.001972,0.000413,0,0.003418,5e-05,0,0.000401,8.4e-05,0,0.000603,0.000367,0,0.004427,0.000156,0,0.001696,0.00018,0,0.001255,0.000299,0,0.003003,0.000219,0,0.001377,3.1e-05,0,0.000288,0.000495,0,0.006012,0.000103,0,0.000949,6.7e-05,0,0.000673,0.000148,0,0.001629,9.3e-05,0,0.000981,0.000168,0,0.001847,9.6e-05,0,0.000685,5e-05,0,0.000482,0.000321,0,0.002404,0.180097,0,0.284753,0.001468,0,0.021387,0.001477,0,0.022796,0.129694,0,0.368173,0.000379,0,0.003199,0.21754,0.16068,0.279538,0.165751,0.100937,0.236978,8.4e-05,0,0.000665,0.002479,0,0.040975,0.000118,0,0.00088,0.000102,0,0.001223,0.000221,0,0.001587,0.000134,0,0.001325,0.000264,0,0.002499,0.000281,0,0.0024,9.1e-05,0,0.000918,0.051024,0,0.171827,6.9e-05,0,0.000603
"PH_KC_3.sorted.bam","3","KC",0.001133,0,0.00887,0.146819,0.028447,0.203443,0.000961,0,0.006892,0.001783,0,0.01301,0.002857,0,0.021169,0.007952,0,0.052094,0.001433,0,0.009687,0.00093,0,0.007206,0.835311,0.787732,0.932418,0.00082,0,0.006503,0.000159,0,0.001362,0.00018,0,0.001697,0.000291,0,0.003339,0.000159,0,0.001441,0.000198,0,0.002409,0.000226,0,0.002782,0.00014,0,0.001372,0.000316,0,0.004146,0.000161,0,0.001724,0.000332,0,0.003932,0.000453,0,0.005994,0.000184,0,0.002122,8.5e-05,0,0.000821,0.000596,0,0.007359,0.000176,0,0.00156,0.000318,0,0.003354,0.01371,0,0.102077,0.000218,0,0.003105,0.000148,0,0.001746,0.000303,0,0.003621,0.000168,0,0.001722,7.6e-05,0,0.000663,0.000176,0,0.001655,0.000277,0,0.003706,0.000376,0,0.004508,0.000544,0,0.007487,0.000216,0,0.002351,0.00029,0,0.003914,0.00016,0,0.001505,0.000165,0,0.001669,0.000105,0,0.001098,0.000295,0,0.003336,0.000274,0,0.00364,0.000271,0,0.00313,0.000115,0,0.001308,0.000131,0,0.00162,0.000291,0,0.004161,0.278021,0,0.405514,0.000184,0,0.001842,0.000689,0,0.010288,0.002713,0,0.033417,0.000208,0,0.002334,0.000427,0,0.005634,0.000123,0,0.000856,0.693792,0.58531,0.930038,0.000172,0,0.001509,0.000104,0,0.001045,8.3e-05,0,0.000617,0.000181,0,0.002041,0.000212,0,0.001211,0.000177,0,0.001073,8e-05,0,0.000699,9.2e-05,0,0.000659,0.000381,0,0.00394,7.8e-05,0,0.000685
"PH_KC_4.sorted.bam","4","KC",0.001224,0,0.011225,0.159999,0.016315,0.206982,0.000415,0,0.003173,0.000773,0,0.005892,0.001041,0,0.00851,0.00069,0,0.005181,0.000608,0,0.00457,0.000504,0,0.003891,0.834216,0.78774,0.962876,0.00053,0,0.004061,0.000127,0,0.000947,0.000201,0,0.002321,0.000782,0,0.009993,7.7e-05,0,0.000754,7.9e-05,0,0.00081,5.8e-05,0,0.000472,0.000117,0,0.001231,0.000164,0,0.001372,5.8e-05,0,0.00038,7.8e-05,0,0.000717,0.000161,0,0.001557,0.000957,0,0.007314,6.4e-05,0,0.000595,0.000139,0,0.001219,8.7e-05,0,0.000904,0.000157,0,0.001301,0.000169,0,0.002028,0.000137,0,0.001507,0.000131,0,0.001302,0.000104,0,0.001147,9.3e-05,0,0.000679,0.000112,0,0.001201,0.000132,0,0.001467,7.1e-05,0,0.000825,0.000159,0,0.001905,0.000104,0,0.001127,0.000157,0,0.001366,0.000109,0,0.001144,0.000125,0,0.001137,0.000105,0,0.000922,7.2e-05,0,0.000723,7.1e-05,0,0.000697,7e-05,0,0.000676,0.000173,0,0.001807,8.5e-05,0,0.000904,5.9e-05,0,0.00056,0.00113,0,0.013987,0.316353,0,0.412263,0.000107,0,0.001027,0.00045,0,0.003822,0.000243,0,0.002825,0.000105,0,0.001056,0.000102,0,0.000882,0.000122,0,0.000948,0.674852,0.582486,0.953567,0.000114,0,0.00102,0.000273,0,0.001477,4.7e-05,0,0.000454,9.8e-05,0,0.000845,6.6e-05,0,0.000669,6.1e-05,0,0.000607,7.6e-05,0,0.000887,6.9e-05,0,0.000762,0.000118,0,0.001017,6.9e-05,0,0.000427
"PH_KC_5.sorted.bam","5","KC",0.000495,0,0.003966,0.160361,0.057714,0.20536,0.000261,0,0.002044,0.000689,0,0.005366,0.000293,0,0.002324,0.000413,0,0.003214,0.000439,0,0.00361,0.000251,0,0.002035,0.836252,0.791477,0.93855,0.000544,0,0.004079,9.6e-05,0,0.000759,9.9e-05,0,0.000889,8.2e-05,0,0.000542,4.6e-05,0,0.000349,5.8e-05,0,0.000592,3.8e-05,0,0.000366,0.000204,0,0.002715,0.00013,0,0.001136,6.5e-05,0,0.000674,0.000199,0,0.002258,6e-05,0,0.000595,4.4e-05,0,0.000334,3.6e-05,0,0.000357,4.5e-05,0,0.00042,5.3e-05,0,0.00049,7.2e-05,0,0.000565,7.7e-05,0,0.000647,4.5e-05,0,0.000412,6.6e-05,0,0.000778,6.6e-05,0,0.000618,8e-05,0,0.000856,7.7e-05,0,0.000792,6.8e-05,0,0.000617,6.4e-05,0,0.000575,8.2e-05,0,0.00089,4.1e-05,0,0.000423,8.2e-05,0,0.000653,8.5e-05,0,0.000644,4.9e-05,0,0.00044,3.3e-05,0,0.000292,2.4e-05,0,0.000165,4.4e-05,0,0.000465,4.9e-05,0,0.000489,4.6e-05,0,0.000444,5e-05,0,0.000415,2.5e-05,0,0.000218,0.000117,0,0.001249,0.319943,0.114724,0.410414,5.1e-05,0,0.000503,0.000259,0,0.003154,8e-05,0,0.000674,0.000142,0,0.001569,0.000123,0,0.001225,8.3e-05,0,0.000853,0.675736,0.585798,0.879644,7.3e-05,0,0.000746,0.000107,0,0.000931,5.8e-05,0,0.000532,8.6e-05,0,0.000885,5.7e-05,0,0.000547,7e-05,0,0.000795,0.000121,0,0.001213,7.4e-05,0,0.000645,0.000234,0,0.00302,0.000105,0,0.001162
"PH_KC_6.sorted.bam","6","KC",0.001981,0,0.013384,0.152195,0.05552,0.198881,0.000662,0,0.005126,0.000933,0,0.00693,0.000914,0,0.007198,0.001395,0,0.00987,0.000845,0,0.006188,0.001213,0,0.009053,0.839141,0.791129,0.938236,0.000721,0,0.005253,0.000198,0,0.002696,0.000822,0,0.010389,6.3e-05,0,0.00066,0.000176,0,0.002068,9.7e-05,0,0.000987,0.000135,0,0.001342,0.000287,0,0.003108,0.000123,0,0.001113,0.000135,0,0.001386,0.000168,0,0.002216,0.000231,0,0.001914,0.000141,0,0.001514,8.2e-05,0,0.000696,0.00014,0,0.001636,5.1e-05,0,0.00048,0.000925,0,0.013654,0.000146,0,0.001566,0.000136,0,0.001132,0.00014,0,0.001551,0.000158,0,0.001922,0.000199,0,0.002158,0.000181,0,0.001856,0.000159,0,0.001886,8.7e-05,0,0.001048,0.000142,0,0.001654,9.8e-05,0,0.000873,0.000142,0,0.00166,0.000182,0,0.001866,0.000403,0,0.004588,9.8e-05,0,0.000924,0.00016,0,0.001547,0.000106,0,0.001009,0.000122,0,0.001163,0.000339,0,0.004961,0.00015,0,0.001786,0.000137,0,0.001108,0.000321,0,0.003415,0.30258,0.109218,0.395119,9.1e-05,0,0.00087,0.000347,0,0.002284,0.000692,0,0.00927,0.000165,0,0.001605,0.000284,0,0.003799,0.000652,0,0.009315,0.686496,0.596676,0.88077,0.000219,0,0.002639,9.7e-05,0,0.000891,9.1e-05,0,0.00094,0.000109,0,0.001178,6.3e-05,0,0.00061,0.00024,0,0.002898,8.4e-05,0,0.000879,0.000123,0,0.001506,0.000158,0,0.001684,0.000129,0,0.001051
"PH_KC_7.sorted.bam","7","KC",0.00079,0,0.006029,0.120981,0.024004,0.163452,0.000444,0,0.003582,0.000774,0,0.005721,0.000488,0,0.003744,0.000792,0,0.006379,0.000458,0,0.003386,0.000566,0,0.004175,0.874286,0.831941,0.971727,0.000421,0,0.003263,0.000194,0,0.002481,0.000166,0,0.001408,0.000136,0,0.001605,0.000131,0,0.001226,0.000128,0,0.001221,7.9e-05,0,0.000762,0.000148,0,0.001513,0.000195,0,0.002409,6.9e-05,0,0.000604,0.00018,0,0.001998,0.000144,0,0.001746,0.000145,0,0.001128,6.1e-05,0,0.000653,9.9e-05,0,0.000883,5.5e-05,0,0.00048,0.000139,0,0.001342,0.000441,0,0.005871,6.1e-05,0,0.00052,0.000117,0,0.00143,0.000116,0,0.001178,2e-04,0,0.002437,0.000107,0,0.000865,9.7e-05,0,0.000825,6.6e-05,0,0.000685,0.000141,0,0.001556,4.9e-05,0,0.000495,0.000104,0,0.001081,5.8e-05,0,0.000586,0.000136,0,0.00144,7.6e-05,0,0.000887,7.6e-05,0,0.000744,0.00016,0,0.001946,9.5e-05,0,0.001055,8.7e-05,0,0.000734,6.4e-05,0,0.000497,6.6e-05,0,0.000615,8.3e-05,0,0.000844,0.240344,0.045265,0.326159,6.8e-05,0,0.000562,0.000166,0,0.001378,0.000104,0,0.000925,7e-05,0,0.000559,0.000108,0,0.001139,0.000225,0,0.001618,0.753665,0.669357,0.950978,0.000137,0,0.001571,9.7e-05,0,0.000823,7.1e-05,0,0.000597,9.3e-05,0,0.000821,5.4e-05,0,0.000501,5.1e-05,0,0.000474,6.3e-05,0,0.000647,8.3e-05,0,0.000814,7.3e-05,0,0.000771,6.1e-05,0,0.000555
"PH_KC_8.sorted.bam","8","KC",0.079569,1e-06,0.125827,0.143361,0.100867,0.17868,0.003023,0,0.022543,0.001801,0,0.016787,0.229632,0.191699,0.270684,0.015951,0,0.040543,0.050631,0.022382,0.077573,0.051341,0.003363,0.086388,0.403314,0.359161,0.477276,0.021378,0.000527,0.04544,2.7e-05,0,0.000245,0.000286,0,0.002952,3.1e-05,0,0.000269,0.000223,0,0.002423,0.000131,0,0.00125,3.4e-05,0,0.000307,0.00014,0,0.001856,0.000204,0,0.002234,0.000251,0,0.002173,4.4e-05,0,0.000519,0.126159,0,0.232955,5.6e-05,0,0.000495,0.000158,0,0.001655,0.000911,0,0.004995,5.6e-05,0,0.000531,0.001026,0,0.014699,0.001791,0,0.027431,0.000625,0,0.008967,0.000469,0,0.006288,0.001968,0,0.027235,5.2e-05,0,0.000557,5.7e-05,0,0.000564,0.000194,0,0.002582,0.000112,0,0.001095,8.3e-05,0,0.00067,0.000179,0,0.002123,0.007682,0,0.066982,3.6e-05,0,0.000399,0.017825,0,0.121763,0.000172,0,0.001486,0.000115,0,0.000765,0.000131,0,0.001277,0.000148,0,0.001193,0.004519,0,0.057413,8.5e-05,0,0.000809,4.1e-05,0,0.00038,0.000622,0,0.007201,0.283693,0.200396,0.354995,0.004028,0,0.043281,0.000946,0,0.015312,0.329389,0.197202,0.515327,0.000612,0,0.008944,0.092517,0,0.153922,0.079407,0,0.170786,5.8e-05,0,0.000602,0.012746,0,0.07725,0.000132,0,0.00087,0.000336,0,0.00451,0.000378,0,0.004893,0.000182,0,0.001849,0.013106,0,0.064462,0.00028,0,0.002496,0.000199,0,0.001911,0.015298,0,0.080954,4.9e-05,0,0.000352
"PH_KC_9.sorted.bam","9","KC",0.005322,0,0.028328,0.198127,0.125807,0.244451,0.000869,0,0.006298,0.004989,0,0.028689,0.023304,2e-06,0.057732,0.003013,0,0.018138,0.005674,0,0.022985,0.003233,0,0.017896,0.752499,0.706998,0.825684,0.002968,0,0.017813,0.000228,0,0.002913,0.000745,0,0.010669,0.000152,0,0.001597,9.4e-05,0,0.001091,9.3e-05,0,0.00068,8.1e-05,0,0.000839,0.00048,0,0.005953,0.000359,0,0.004319,0.000124,0,0.001511,0.000674,0,0.00957,0.003035,0,0.037237,0.000198,0,0.002069,0.000221,0,0.002345,0.000706,0,0.007727,0.00052,0,0.0073,0.000263,0,0.003047,0.000309,0,0.004058,0.00026,0,0.003363,0.00019,0,0.002014,0.002052,0,0.025362,0.000505,0,0.007736,0.000783,0,0.011546,0.000284,0,0.00296,0.000205,0,0.002196,0.002349,0,0.029901,0.002369,0,0.031497,0.000605,0,0.008429,0.000346,0,0.004646,0.000542,0,0.006827,0.000293,0,0.003771,0.000167,0,0.00168,0.00027,0,0.002903,0.001227,0,0.020005,0.000346,0,0.004522,0.002061,0,0.022298,0.000262,0,0.002559,0.003279,0,0.043044,0.393499,0.248604,0.486373,0.000173,0,0.001642,0.003809,0,0.051985,0.035002,0,0.113118,0.000407,0,0.004862,0.000645,0,0.006656,0.000728,0,0.007822,0.533236,0.453347,0.669402,0.000968,0,0.013412,0.000171,0,0.001799,0.000238,0,0.002741,0.000345,0,0.003198,0.00076,0,0.011062,0.000584,0,0.008499,0.001354,0,0.019119,0.000308,0,0.003229,0.000985,0,0.011558,0.000111,0,0.001161
"PH_MC_10.sorted.bam","10","MC",0.248346,0.116763,0.327873,0.064106,0,0.131053,0.018731,0,0.058324,0.021012,0,0.146108,0.196468,0.139132,0.269675,0.257692,0.20437,0.329128,0.002555,0,0.019575,0.146665,0.101373,0.199253,0.001732,0,0.013293,0.042692,2e-06,0.119312,0.000687,0,0.009034,0.000456,0,0.004148,0.000307,0,0.003884,0.005037,0,0.064962,0.002297,0,0.02805,0.002858,0,0.032278,0.002619,0,0.04468,0.000533,0,0.006687,0.000758,0,0.011538,0.000159,0,0.0013,0.214844,0,0.409162,0.000874,0,0.008781,0.005014,0,0.070095,0.029971,0,0.290141,0.00444,0,0.069276,0.002077,0,0.030541,0.11348,0,0.255843,0.003561,0,0.063625,0.005053,0,0.066208,0.131826,0,0.492554,0.096112,0,0.206634,0.000231,0,0.002133,0.000302,0,0.002719,0.000937,0,0.009341,0.000441,0,0.004902,0.000489,0,0.003843,0.000285,0,0.002617,0.000118,0,0.000754,0.26932,0.154381,0.381786,0.000293,0,0.001569,0.005935,0,0.058247,0.000906,0,0.011759,0.000513,0,0.006939,0.011465,0,0.142074,0.000314,0,0.003799,0.001065,0,0.014162,0.00017,0,0.001767,0.000263,0,0.002585,0.000305,0,0.003379,0.000261,0,0.002586,0.000182,0,0.001565,0.000285,0,0.003559,0.000215,0,0.001906,0.000367,0,0.003372,0.000263,0,0.00269,0.000565,0,0.007013,0.009101,0,0.068811,0.007903,0,0.063264,0.001165,0,0.01365,0.000342,0,0.003787,0.055127,0,0.23091,0.001659,0,0.024522,0.002086,0,0.02939,0.000889,0,0.012201,0.003273,0,0.036378
"PH_MC_11.sorted.bam","11","MC",0.274918,0.15097,0.362188,0.068166,1e-06,0.124471,0.029694,0.000188,0.064274,0.012477,0,0.103502,0.169513,0.127076,0.218217,0.225502,0.17066,0.294844,0.001095,0,0.008409,0.15247,0.106074,0.208828,0.00245,0,0.018186,0.063714,0.019031,0.157423,0.000316,0,0.00287,0.05704,0,0.221774,0.000453,0,0.006133,0.033065,0,0.116056,0.002509,0,0.04012,0.000361,0,0.004647,0.000544,0,0.00449,0.000349,0,0.003613,0.001085,0,0.017374,0.000235,0,0.00214,0.15618,0,0.381019,0.001055,0,0.008499,0.001031,0,0.015057,0.021367,0,0.199232,0.001606,0,0.02405,0.000816,0,0.011192,0.063092,0,0.238212,0.015879,0,0.105239,0.000162,0,0.001493,0.101732,0,0.386469,0.117614,0,0.28649,0.000156,0,0.0015,0.000254,0,0.002905,0.000178,0,0.001321,0.000152,0,0.00141,0.000188,0,0.001921,0.000232,0,0.002425,0.000288,0,0.003488,0.297986,0.200758,0.414904,0.00075,0,0.009829,0.001987,0,0.029191,0.000378,0,0.004757,8e-04,0,0.005367,0.000298,0,0.003631,0.00018,0,0.001418,0.000518,0,0.006383,0.000484,0,0.005711,0.00071,0,0.010069,0.000402,0,0.00303,0.000184,0,0.002065,0.000806,0,0.010809,0.000135,0,0.001052,0.000181,0,0.00187,0.001075,0,0.0109,0.000178,0,0.001899,0.002933,0,0.058576,0.009666,0,0.105252,0.00253,0,0.03754,0.000264,0,0.002952,0.052656,0,0.311973,0.033432,0,0.139625,9.3e-05,0,0.000862,0.000449,0,0.005711,0.000568,0,0.007685,0.012419,0,0.064519
"PH_MC_12.sorted.bam","12","MC",0.255584,0.100864,0.340071,0.059962,1e-06,0.131827,0.057389,0.019363,0.107296,0.01283,0,0.09518,0.145066,0.0878,0.21302,0.273519,0.209151,0.363902,0.002152,0,0.016284,0.130893,0.08393,0.177912,0.00468,0,0.032555,0.057925,0.005417,0.135138,0.006476,0,0.078524,0.000636,0,0.006332,0.009286,0,0.08497,0.00412,0,0.068005,0.00183,0,0.010374,0.028166,0,0.095873,0.001134,0,0.019065,0.00036,0,0.004563,0.000612,0,0.007831,0.000244,0,0.00255,0.220055,0,0.371846,0.001769,0,0.025642,0.002062,0,0.037113,0.006407,0,0.102249,0.017913,0,0.158422,0.03343,0,0.211832,0.073347,0,0.237534,0.000852,0,0.007242,0.000677,0,0.006788,0.018286,0,0.181943,0.197224,0.090354,0.32573,0.000525,0,0.005528,0.00037,0,0.00443,0.001151,0,0.014903,0.000213,0,0.001677,0.000384,0,0.004291,0.000283,0,0.003088,0.000243,0,0.00242,0.214563,0,0.337614,0.000862,0,0.011478,0.00045,0,0.005568,0.014735,0,0.17307,0.002105,0,0.034215,0.010019,0,0.139569,0.000263,0,0.002491,0.007565,0,0.066963,0.001584,0,0.013789,0.002165,0,0.030059,0.000546,0,0.004416,0.000554,0,0.003299,0.00166,0,0.029027,0.000483,0,0.006514,0.000227,0,0.002472,0.000349,0,0.00486,0.000259,0,0.003107,0.022171,0,0.159533,0.020011,0,0.132679,0.046824,0,0.182927,0.000479,0,0.004685,0.001576,0,0.023655,0.015214,0,0.120351,0.000403,0,0.005157,0.00331,0,0.048462,0.001271,0,0.017815,0.002296,0,0.027692
"PH_MC_5.sorted.bam","5","MC",0.22009,0.125311,0.303093,0.06756,2e-06,0.126283,0.075987,0.037883,0.119316,0.005005,0,0.046183,0.197367,0.139331,0.26827,0.249933,0.191042,0.329015,0.001202,0,0.009417,0.15027,0.108692,0.190412,0.009481,0,0.04253,0.023105,0,0.079699,0.000249,0,0.002326,0.087898,0,0.22864,0.00052,0,0.007615,0.00252,0,0.037152,0.002746,0,0.03886,0.05004,0,0.114595,0.000338,0,0.002626,0.000831,0,0.009818,0.001879,0,0.026811,0.001182,0,0.013813,0.093832,0,0.405376,0.004847,0,0.055869,0.003151,0,0.042122,0.00074,0,0.008828,0.004717,0,0.051078,0.010804,0,0.092878,0.025888,0,0.209879,0.015014,0,0.105077,0.000319,0,0.004105,0.277349,0,0.514805,0.053247,0,0.153331,7.9e-05,0,0.000584,8e-05,0,0.000522,0.000242,0,0.00221,0.000121,0,0.001071,0.000223,0,0.00271,0.000308,0,0.00364,0.000357,0,0.004983,0.232996,0,0.368092,0.00064,0,0.007904,0.005453,0,0.071003,0.001956,0,0.028091,0.000922,0,0.008139,0.053985,0,0.272622,0.000246,0,0.00216,0.001376,0,0.019495,0.001012,0,0.014749,0.009681,0,0.074895,0.00032,0,0.002376,0.001087,0,0.017079,0.003303,0,0.052324,0.000573,0,0.007351,0.000156,0,0.001476,0.001104,0,0.018141,0.000398,0,0.004681,0.010204,0,0.085409,0.00147,0,0.020312,0.020568,0,0.144529,0.000376,0,0.005192,0.000933,0,0.014039,0.009131,0,0.112439,0.000235,0,0.002179,0.000488,0,0.004327,0.00093,0,0.01434,0.000937,0,0.013206
"PH_MC_6.sorted.bam","6","MC",0.259905,0.141256,0.327405,0.078608,1e-06,0.137527,0.051756,0.018653,0.089987,0.009697,0,0.083508,0.14999,0.107105,0.204272,0.247653,0.198992,0.332088,0.002406,0,0.018174,0.130284,0.091094,0.178782,0.009569,0,0.044931,0.060133,0.01242,0.132716,0.00087,0,0.013,0.00034,0,0.004052,0.001598,0,0.025413,0.002549,0,0.048466,0.000325,0,0.003418,0.015584,0,0.078879,0.000349,0,0.003121,0.000161,0,0.002095,0.000547,0,0.006328,0.000185,0,0.00227,0.226628,0,0.358484,0.0012,0,0.016627,0.030354,0,0.15895,0.016611,0,0.165702,0.010945,0,0.11931,0.001736,0,0.026044,0.141845,0,0.268526,0.033921,0,0.129139,0.000247,0,0.001567,0.000397,0,0.005326,0.123746,0.049023,0.275593,0.000215,0,0.001229,0.000264,0,0.00232,0.000182,0,0.001451,0.000289,0,0.003262,0.000302,0,0.003655,0.000339,0,0.003393,0.000523,0,0.007548,0.247892,0.149261,0.352075,0.00172,0,0.026657,0.000539,0,0.006047,0.000171,0,0.001636,0.000564,0,0.006834,0.006811,0,0.090232,0.000183,0,0.001134,0.000802,0,0.007727,0.000529,0,0.007513,0.003707,0,0.062885,0.002859,0,0.039711,0.000404,0,0.004743,0.001369,0,0.018867,0.001915,0,0.028944,0.000511,0,0.006999,0.000741,0,0.011733,0.001056,0,0.014884,0.037831,0,0.144115,0.004458,0,0.06256,0.001067,0,0.014278,0.000246,0,0.002753,0.000665,0,0.006168,0.0606,0,0.238035,0.001479,0,0.023619,0.000343,0,0.003629,0.004992,0,0.070761,0.004292,0,0.037612
"PH_MC_7.sorted.bam","7","MC",0.229017,0.077734,0.315144,0.080047,0.018423,0.133322,0.016134,0,0.052517,0.071745,0.016527,0.175093,0.205138,0.147336,0.259265,0.142667,0.098053,0.186727,0.001365,0,0.009751,0.095566,0.054564,0.140851,0.06258,0.024112,0.110282,0.095741,0.04596,0.168235,0.00046,0,0.005273,0.001007,0,0.014132,0.000159,0,0.001521,0.004193,0,0.048993,0.015109,0,0.098008,0.000569,0,0.006661,0.032016,0,0.147473,0.037248,0,0.169039,0.001008,0,0.011084,0.000162,0,0.001856,0.290446,0,0.499396,0.000754,0,0.003927,0.000374,0,0.004946,0.059016,0,0.337255,0.000158,0,0.001316,0.002869,0,0.048435,0.029682,0,0.168017,0.006756,0,0.069382,0.002595,0,0.035766,0.008754,0,0.123104,0.00025,0,0.002475,0.000103,0,0.000835,0.000299,0,0.003985,0.000347,0,0.00445,0.000218,0,0.002071,0.000223,0,0.002569,0.000375,0,0.005236,9.8e-05,0,0.000829,0.107263,0,0.263308,0.046465,0,0.20267,0.000907,0,0.013357,0.001461,0,0.015699,0.000226,0,0.002432,0.031988,0,0.205019,0.00027,0,0.003137,6.8e-05,0,0.000726,0.018156,0,0.122115,0.028,0,0.15506,0.001833,0,0.028298,0.001319,0,0.022107,0.049866,0,0.216348,0.023107,0,0.138245,0.000249,0,0.001936,0.00204,0,0.032978,0.000187,0,0.001777,0.001062,0,0.013427,0.001212,0,0.015751,0.000604,0,0.007817,0.008284,0,0.114948,0.000301,0,0.002781,0.178708,0.063669,0.32829,0.000449,0,0.005002,0.000375,0,0.003845,0.000214,0,0.003057,0.000136,0,0.001241
"PH_MC_8.sorted.bam","8","MC",0.266059,0.103547,0.361106,0.067976,1.7e-05,0.131251,0.026598,0,0.072028,0.009411,0,0.078895,0.190758,0.128108,0.26586,0.203785,0.142067,0.287975,0.004571,0,0.031744,0.143746,0.096062,0.190859,0.001692,0,0.012645,0.085403,0.030343,0.178234,0.015182,0,0.113327,0.003317,0,0.050457,0.03248,0,0.119905,0.005428,0,0.063297,0.00091,0,0.01052,0.006578,0,0.060865,0.00746,0,0.127097,0.000525,0,0.005291,0.005118,0,0.073823,0.000737,0,0.010363,0.210938,0,0.399863,0.006291,0,0.095322,0.009502,0,0.10304,0.000243,0,0.003157,0.00567,0,0.07911,0.02988,0,0.225386,0.050475,0,0.226036,0.004592,0,0.055882,0.000789,0,0.011085,0.139131,0,0.405791,0.049943,0,0.205994,0.001734,0,0.027748,0.000497,0,0.005456,0.00043,0,0.00471,0.000871,0,0.012379,0.000989,0,0.0047,0.002222,0,0.035733,0.000749,0,0.010804,0.22063,0,0.371884,0.000208,0,0.002553,0.011825,0,0.091967,0.000573,0,0.004754,0.000351,0,0.004148,0.001617,0,0.019251,0.000304,0,0.002553,0.000238,0,0.002708,0.000235,0,0.002944,0.000183,0,0.002186,0.000125,0,0.000892,0.000233,0,0.002117,0.000207,0,0.001898,0.00083,0,0.011314,0.000357,0,0.003851,0.000293,0,0.002673,0.000226,0,0.002343,0.02213,0,0.143302,0.008586,0,0.111351,0.002111,0,0.030023,0.001535,0,0.008865,0.002524,0,0.031279,0.078148,0,0.237401,0.000239,0,0.002404,0.051217,0,0.331187,0.000468,0,0.006006,0.001924,0,0.026876
"PH_MC_9.sorted.bam","9","MC",0.280887,0.124578,0.390999,0.071286,0.021811,0.126961,0.038049,2e-06,0.088464,0.012859,0,0.085951,0.175747,0.121453,0.242747,0.224003,0.161932,0.305588,0.00224,0,0.015599,0.125533,0.075297,0.18037,0.026826,0,0.068215,0.04257,1e-06,0.119926,0.004063,0,0.054405,0.063318,0,0.23554,0.001116,0,0.015693,0.007689,0,0.084824,0.026999,0,0.15256,0.008048,0,0.054425,0.000812,0,0.009005,0.001212,0,0.016069,0.002133,0,0.030168,0.00087,0,0.012914,0.201317,0,0.405581,0.000399,0,0.004124,0.001102,0,0.013961,0.005298,0,0.067414,0.063813,0,0.237606,0.017036,0,0.156484,0.010841,0,0.108508,0.00124,0,0.015823,0.000577,0,0.004285,0.000375,0,0.004378,0.20638,0.109696,0.30124,0.000278,0,0.00298,6.6e-05,0,0.000468,0.000781,0,0.007599,0.000306,0,0.003056,0.000212,0,0.002081,0.000582,0,0.00859,0.000337,0,0.004427,0.226842,0.101257,0.355072,0.002187,0,0.034544,0.006978,0,0.076408,0.00033,0,0.00332,0.002005,0,0.032135,0.000622,0,0.005716,0.000347,0,0.002807,0.003867,0,0.046302,0.004842,0,0.060064,0.033384,0,0.129535,0.00038,0,0.002974,0.00104,0,0.014701,0.000377,0,0.001848,0.002414,0,0.039722,0.000922,0,0.013778,0.002887,0,0.045088,0.000709,0,0.006787,0.031514,0,0.152245,0.001935,0,0.027656,0.012699,0,0.121847,0.01227,0,0.138737,0.012784,0,0.19078,0.001559,0,0.017442,0.000313,0,0.002795,0.001132,0,0.019146,0.00599,0,0.062632,0.002472,0,0.028983
"PH_ML_10.sorted.bam","10","ML",0.005737,0,0.039188,0.264075,0.184463,0.309759,0.001025,0,0.007582,0.041385,1.5e-05,0.088209,0.004604,0,0.028673,0.018888,0,0.04552,0.011651,0,0.037513,0.00102,0,0.00871,0.649365,0.597901,0.727402,0.00225,0,0.017172,0.000273,0,0.001679,0.000449,0,0.005216,0.000611,0,0.007598,0.000252,0,0.0022,7.9e-05,0,0.000527,9.5e-05,0,0.000903,0.006926,0,0.072934,0.000447,0,0.004583,0.000184,0,0.0021,0.026935,0,0.081198,0.000819,0,0.010965,0.000478,0,0.004066,0.000192,0,0.001835,0.000639,0,0.007909,0.000394,0,0.005394,0.001144,0,0.017512,0.010964,0,0.07211,0.00038,0,0.005351,0.009586,0,0.073312,0.005128,0,0.050091,0.001877,0,0.028315,0.00022,0,0.002232,0.000378,0,0.004623,0.000172,0,0.00169,0.003932,0,0.049833,0.000503,0,0.006605,0.002333,0,0.032283,0.007275,0,0.033768,0.000168,0,0.001563,0.000101,0,0.000891,8.7e-05,0,0.000985,0.00027,0,0.002585,8e-05,0,0.000714,0.000695,0,0.010017,0.000153,0,0.001653,0.000108,0,0.001092,0.000459,0,0.005698,0.513826,0.362032,0.61079,0.000354,0,0.004222,0.006008,0,0.069595,0.000356,0,0.004947,0.002512,0,0.038474,0.000535,0,0.00663,0.000188,0,0.001694,0.387084,0.303971,0.533103,0.000491,0,0.005543,0.000206,0,0.002722,0.000161,0,0.001918,0.000909,0,0.012308,0.000223,0,0.002865,0.00128,0,0.01936,0.000529,0,0.006735,8.4e-05,0,0.000751,0.000325,0,0.002146,0.000146,0,0.001209
"PH_ML_11.sorted.bam","11","ML",0.001681,0,0.012649,0.239769,0.175869,0.281105,0.001108,0,0.007686,0.004166,0,0.021075,0.001574,0,0.011125,0.00217,0,0.015538,0.000817,0,0.006305,0.002053,0,0.013461,0.741857,0.697931,0.808603,0.004804,0,0.022,0.000216,0,0.001962,0.000593,0,0.008713,0.001251,0,0.018011,9.6e-05,0,0.000778,0.000195,0,0.002631,0.000272,0,0.003659,0.000274,0,0.002937,0.000954,0,0.013105,0.000413,0,0.006038,0.001347,0,0.01589,9.5e-05,0,0.000787,0.000334,0,0.004131,0.000115,0,0.001302,0.000446,0,0.004402,0.000225,0,0.002244,0.000205,0,0.002063,0.001,0,0.012472,0.000155,0,0.001073,0.000599,0,0.007813,0.000256,0,0.002755,0.000368,0,0.004465,9.8e-05,0,0.001011,0.000136,0,0.00153,9.4e-05,0,0.000771,0.000251,0,0.002507,0.000202,0,0.002307,0.000177,0,0.002084,0.000124,0,0.001423,0.000439,0,0.006924,0.000367,0,0.002943,0.000192,0,0.00206,0.00052,0,0.007103,0.000533,0,0.007041,0.000266,0,0.002641,0.000146,0,0.001129,0.000278,0,0.003382,0.000309,0,0.003061,0.470938,0.350482,0.554244,0.000159,0,0.001772,0.00065,0,0.008852,0.00042,0,0.004896,0.000472,0,0.005861,0.000154,0,0.001203,0.000341,0,0.003751,0.50462,0.425394,0.634309,0.000821,0,0.011654,0.002518,0,0.02866,0.000253,0,0.003222,0.001531,0,0.019089,0.000298,0,0.003814,0.000475,0,0.00718,0.000128,0,0.001401,0.000746,0,0.01008,0.001032,0,0.014177,0.000904,0,0.013501
"PH_ML_12.sorted.bam","12","ML",0.002048,0,0.015013,0.259341,0.17974,0.306512,0.001245,0,0.008595,0.006698,0,0.038406,0.001505,0,0.011402,0.00157,0,0.01064,0.001115,0,0.007814,0.000988,0,0.007134,0.724541,0.675089,0.806001,0.000949,0,0.006504,0.000478,0,0.006318,0.000742,0,0.009832,0.003221,0,0.036273,0.000152,0,0.001267,0.000182,0,0.001763,0.00024,0,0.003097,0.000605,0,0.006651,0.000417,0,0.00415,0.00057,0,0.008888,0.004656,0,0.037263,0.000307,0,0.002725,0.000235,0,0.001523,0.000182,0,0.00225,0.000232,0,0.002701,0.000556,0,0.007528,0.000266,0,0.002575,0.000507,0,0.006953,0.00023,0,0.002239,0.000751,0,0.011282,0.000149,0,0.001806,0.000189,0,0.002428,0.000198,0,0.002013,0.000234,0,0.003185,0.000233,0,0.002757,0.000353,0,0.005422,0.000212,0,0.002624,0.000248,0,0.003075,0.000173,0,0.001642,0.000229,0,0.002541,0.000285,0,0.003713,0.000118,0,0.001376,0.000374,0,0.005619,0.000143,0,0.001861,0.000157,0,0.001818,0.000138,0,0.001655,0.000106,0,0.000788,0.000449,0,0.005274,0.50951,0.356589,0.600613,0.000213,0,0.002233,0.000474,0,0.006227,0.000307,0,0.00309,0.000257,0,0.002375,0.00014,0,0.000878,0.000165,0,0.001688,0.468719,0.379574,0.625323,0.000192,0,0.001537,0.000128,0,0.001509,0.000129,0,0.001437,0.000306,0,0.003494,0.000132,0,0.001464,0.000195,0,0.002395,0.000128,0,0.001483,0.000153,0,0.001808,0.000129,0,0.001057,0.000203,0,0.001701
"PH_ML_1.sorted.bam","1","ML",0.011822,0,0.040688,0.254195,0.185425,0.297472,0.001159,0,0.008464,0.011047,0,0.039886,0.006852,0,0.035095,0.012076,0,0.04082,0.001469,0,0.010699,0.000929,0,0.006538,0.697276,0.650322,0.776504,0.003174,0,0.019273,0.000222,0,0.002407,0.005103,0,0.053007,0.002372,0,0.030365,0.00024,0,0.002897,0.000216,0,0.001974,0.000179,0,0.002434,0.008959,0,0.064258,0.000789,0,0.011738,0.000336,0,0.00485,0.000909,0,0.012379,0.004978,0,0.051937,0.003716,0,0.049639,0.000274,0,0.002765,0.001515,0,0.024523,0.000292,0,0.003367,0.001848,0,0.025424,0.009306,0,0.067144,3e-04,0,0.003501,0.003704,0,0.044036,0.001182,0,0.016154,0.001137,0,0.018999,0.000122,0,0.000977,0.000238,0,0.002805,0.000183,0,0.001514,0.000557,0,0.00734,0.000473,0,0.007097,0.000478,0,0.005641,8.1e-05,0,0.000748,0.000185,0,0.002182,0.000148,0,0.001478,0.000109,0,0.00097,0.000369,0,0.005424,0.000135,0,0.00151,3e-04,0,0.003958,0.000159,0,0.00138,8.5e-05,0,0.000876,0.001485,0,0.025224,0.482622,0.359743,0.569199,0.00016,0,0.001244,0.002984,0,0.052056,0.000235,0,0.001961,0.003423,0,0.04483,0.000333,0,0.003863,0.00015,0,0.001768,0.451272,0.372483,0.584844,0.000282,0,0.002671,0.001508,0,0.022895,0.000142,0,0.001271,0.001065,0,0.01368,0.000613,0,0.007022,0.001338,0,0.020066,0.000233,0,0.001862,0.000134,0,0.001433,0.000615,0,0.007284,0.000209,0,0.00235
"PH_ML_2.sorted.bam","2","ML",0.005546,0,0.029462,0.235878,0.1557,0.28357,0.001166,0,0.008626,0.003644,0,0.024071,0.002537,0,0.017189,0.002472,0,0.016652,0.00376,0,0.017938,0.001025,0,0.008011,0.743268,0.69335,0.828062,0.000704,0,0.005378,0.000804,0,0.011264,0.001915,0,0.027606,0.000834,0,0.009242,0.000364,0,0.004831,0.000264,0,0.003119,0.000134,0,0.001015,0.001957,0,0.028096,0.000161,0,0.00199,0.000254,0,0.003473,0.001125,0,0.016621,0.000678,0,0.006742,0.000537,0,0.006274,0.000275,0,0.002361,0.000266,0,0.003313,0.000315,0,0.003335,0.000656,0,0.006053,0.000465,0,0.00622,0.000149,0,0.001472,4e-04,0,0.004314,0.001003,0,0.014919,0.000251,0,0.002542,0.001877,0,0.026454,0.000705,0,0.011165,0.000413,0,0.005688,0.000806,0,0.011889,0.000728,0,0.010481,0.000828,0,0.012293,0.000619,0,0.008735,0.000515,0,0.006363,0.000156,0,0.001517,0.000116,0,0.001155,0.000219,0,0.002492,0.000183,0,0.001793,0.000122,0,0.000902,0.000254,0,0.002908,0.000156,0,0.00174,0.001389,0,0.023528,0.465739,0.310417,0.561535,0.000114,0,0.001243,0.00085,0,0.011369,0.000636,0,0.0073,0.000699,0,0.006436,0.000429,0,0.004016,0.00012,0,0.000897,0.508202,0.41611,0.673043,0.000134,0,0.00135,0.000147,0,0.001059,0.000115,0,0.001392,0.000125,0,0.001169,0.000138,0,0.001502,0.000119,0,0.001344,0.000242,0,0.001794,5.3e-05,0,0.000468,0.000158,0,0.001765,8.9e-05,0,0.00081
"PH_ML_3.sorted.bam","3","ML",8e-04,0,0.006458,0.232762,0.145332,0.276161,0.000774,0,0.005949,0.000705,0,0.005531,0.000711,0,0.005276,0.000857,0,0.006432,0.000641,0,0.005139,0.000521,0,0.004049,0.760859,0.716979,0.849013,0.00137,0,0.010532,0.00013,0,0.000945,0.000127,0,0.001121,0.000633,0,0.008874,0.000176,0,0.001829,0.000178,0,0.002222,0.000134,0,0.001412,9.6e-05,0,0.000948,0.000116,0,0.001262,7.6e-05,0,0.00087,0.000115,0,0.000921,0.000121,0,0.001296,8.4e-05,0,0.000908,0.000149,0,0.001442,0.000126,0,0.00123,0.000119,0,0.001359,0.000102,0,0.001077,0.000156,0,0.00145,0.000149,0,0.00133,0.000189,0,0.001559,0.000142,0,0.001394,0.00017,0,0.001643,7.2e-05,0,0.000682,0.000153,0,0.001655,6e-05,0,0.000578,0.000113,0,0.001215,9.3e-05,0,0.000745,0.00011,0,0.001183,0.000101,0,0.001025,1e-04,0,0.00092,9.9e-05,0,8e-04,0.000101,0,0.00095,6.1e-05,0,0.000564,7.1e-05,0,8e-04,0.00011,0,0.001152,5.4e-05,0,0.000514,6.5e-05,0,0.000846,0.00039,0,0.003933,0.463009,0.2897,0.549341,0.000317,0,0.004212,0.000251,0,0.002793,0.000204,0,0.001987,0.00026,0,0.00294,0.000308,0,0.003457,0.000231,0,0.001802,0.527947,0.441313,0.703247,0.000156,0,0.001379,0.000337,0,0.003114,7.5e-05,0,0.000839,0.000152,0,0.001803,0.000194,0,0.002442,0.000153,0,0.001746,0.000116,0,0.001404,8.3e-05,0,0.000968,0.000853,0,0.012134,0.000311,0,0.00436
"PH_ML_4.sorted.bam","4","ML",0.010395,0,0.032606,0.232188,0.155297,0.277492,0.001174,0,0.008253,0.005579,0,0.028372,0.002155,0,0.014544,0.003564,0,0.019211,0.006414,0,0.026275,0.002705,0,0.016762,0.731037,0.682954,0.811979,0.00479,0,0.021493,0.000945,0,0.01385,0.001743,0,0.026672,0.000456,0,0.005471,0.000222,0,0.002593,0.000105,0,0.001028,0.000241,0,0.003218,0.005758,0,0.048898,0.000966,0,0.013008,0.000156,0,0.001391,0.000565,0,0.007436,0.000796,0,0.010798,0.000227,0,0.001626,0.000177,0,0.00241,0.000296,0,0.003649,0.000272,0,0.002835,0.001535,0,0.021719,0.000643,0,0.006796,0.000175,0,0.001711,0.000683,0,0.009695,0.000332,0,0.004063,0.000836,0,0.012858,0.002491,0,0.030897,0.000994,0,0.015499,0.000428,0,0.006515,0.000638,0,0.009852,0.000968,0,0.014839,0.000832,0,0.012102,0.001894,0,0.021381,0.002006,0,0.025981,0.000229,0,0.002349,0.000212,0,0.002092,0.000194,0,0.002199,0.00021,0,0.002167,0.000634,0,0.01004,0.000671,0,0.010478,0.000433,0,0.005811,0.001007,0,0.013004,0.457911,0.299544,0.549035,0.000155,0,0.001176,0.000753,0,0.01041,0.000282,0,0.003089,0.000159,0,0.001517,0.001022,0,0.013551,0.000178,0,0.00175,0.499667,0.41237,0.657223,0.003343,0,0.034616,0.000647,0,0.009133,0.000237,0,0.00247,0.000585,0,0.007524,0.000477,0,0.006772,0.000463,0,0.00666,0.000994,0,0.01486,0.00021,0,0.002065,0.001273,0,0.017659,0.000676,0,0.010356
"PH_ML_5.sorted.bam","5","ML",0.000788,0,0.006094,0.239388,0.162299,0.28431,0.000827,0,0.006512,0.001095,0,0.008322,0.001005,0,0.007555,0.000719,0,0.005366,0.001029,0,0.007552,0.000622,0,0.004902,0.754024,0.709719,0.830948,0.000504,0,0.004069,0.000174,0,0.001842,0.000117,0,0.001172,0.000176,0,0.001749,0.000152,0,0.00166,0.000107,0,0.001059,0.000291,0,0.004383,0.000186,0,0.001997,0.000204,0,0.002091,0.000129,0,0.001287,0.00036,0,0.005301,0.00011,0,0.001187,0.000252,0,0.00295,0.000123,0,0.001308,0.000119,0,0.001224,0.000291,0,0.003384,0.000138,0,0.001509,0.000214,0,0.002326,8.7e-05,0,0.000842,1e-04,0,0.001001,0.000166,0,0.00107,0.00015,0,0.001728,0.000105,0,0.000754,0.00031,0,0.003447,0.000137,0,0.001498,0.000155,0,0.002,0.000245,0,0.002833,0.000114,0,0.001239,0.000151,0,0.001764,0.000169,0,0.001633,0.000115,0,0.000864,0.000113,0,0.001025,7.8e-05,0,0.000792,7.5e-05,0,0.000688,7.9e-05,0,0.000511,0.000131,0,0.001443,7.2e-05,0,0.000753,0.000155,0,0.000975,0.477011,0.323111,0.566757,0.000153,0,0.001361,0.000425,0,0.003608,0.000203,0,0.002066,0.000154,0,0.001501,0.000431,0,0.00377,0.000248,0,0.002541,0.51458,0.42529,0.66782,9.4e-05,0,0.000874,9.3e-05,0,0.000956,6.9e-05,0,0.000611,7.3e-05,0,0.000811,0.000135,0,0.001499,8.7e-05,0,0.000745,0.000127,0,0.001312,9.3e-05,0,0.000713,0.000106,0,0.000891,6.5e-05,0,0.000639
"PH_ML_6.sorted.bam","6","ML",0.004118,0,0.025567,0.23893,0.158064,0.283169,0.000668,0,0.005295,0.002824,0,0.019985,0.001786,0,0.013337,0.001079,0,0.008051,0.00141,0,0.010101,0.00108,0,0.00835,0.747081,0.696219,0.827564,0.001025,0,0.007754,0.001881,0,0.02285,0.000672,0,0.010045,0.000388,0,0.004072,0.000123,0,0.001424,0.000176,0,0.001344,0.000101,0,0.000905,0.000714,0,0.010377,0.001325,0,0.019016,0.000232,0,0.002413,0.000744,0,0.010959,0.000898,0,0.013547,0.000241,0,0.001632,8.7e-05,0,0.000743,0.000387,0,0.005019,0.000264,0,0.003148,0.000203,0,0.002074,0.000582,0,0.008193,6.5e-05,0,0.000534,0.000232,0,0.002792,0.00027,0,0.00337,0.00013,0,0.001103,0.000591,0,0.009349,0.00039,0,0.004833,0.000138,0,0.001353,0.000296,0,0.003132,0.000185,0,0.001891,0.000141,0,0.001173,0.000255,0,0.003078,0.000544,0,0.00692,0.000159,0,0.001265,7.8e-05,0,0.000706,0.00028,0,0.003023,0.000113,0,0.001278,0.00016,0,0.001535,0.000128,0,0.000976,0.000216,0,0.002758,0.000568,0,0.007153,0.473239,0.314784,0.562031,0.000111,0,0.001077,0.000431,0,0.00441,0.000755,0,0.00999,0.00018,0,0.001684,0.000216,0,0.002389,0.000156,0,0.001496,0.508993,0.418371,0.666429,0.000161,0,0.001585,0.000299,0,0.003469,0.000123,0,0.001336,0.000262,0,0.002753,0.000108,0,0.000962,6.5e-05,0,0.000587,0.000225,0,0.002752,0.000109,0,0.000989,0.000518,0,0.006601,9e-05,0,0.000988
"PH_ML_8.sorted.bam","8","ML",0.043054,1e-06,0.104502,0.286809,0.232216,0.328156,0.001442,0,0.010955,0.067389,0.025971,0.132998,0.026588,0,0.068532,0.006755,0,0.033594,0.022049,1e-06,0.056471,0.042959,0.008869,0.078686,0.499814,0.461693,0.558909,0.003142,0,0.023409,9.6e-05,0,0.001007,0.000151,0,0.00142,5.5e-05,0,0.000559,0.00028,0,0.003088,0.000132,0,0.001565,4.9e-05,0,0.00046,0.000843,0,0.009249,0.000263,0,0.003073,0.00023,0,0.002382,0.000212,0,0.002424,0.034097,0,0.110875,0.000159,0,0.001694,0.000149,0,0.001394,0.000125,0,0.001149,8.8e-05,0,0.000789,0.000597,0,0.007116,0.000443,0,0.003449,0.000287,0,0.002926,0.000532,0,0.006792,0.002049,0,0.033636,0.000154,0,0.001711,0.000456,0,0.006215,0.000314,0,0.003664,0.000425,0,0.004855,0.001513,0,0.02157,0.001704,0,0.027394,0.000832,0,0.01209,0.000447,0,0.006895,0.008108,0,0.080475,0.000153,0,0.001411,8.7e-05,0,0.00068,0.002813,0,0.044762,0.000189,0,0.001943,0.006145,0,0.062787,0.000416,0,0.005312,0.000106,0,0.001036,0.040856,0,0.203333,0.571702,0.463078,0.654321,0.000931,0,0.010683,0.127916,0.044067,0.254583,0.014405,0,0.132814,0.001587,0,0.021086,0.036578,0,0.111585,0.067569,0,0.153618,0.067613,0,0.17412,0.000529,0,0.007349,0.000192,0,0.001831,0.000267,0,0.002733,0.000119,0,0.001316,0.000124,0,0.000916,0.00073,0,0.010853,0.000966,0,0.013744,0.000224,0,0.002303,0.002856,0,0.036899,0.000139,0,0.00119
"PH_OF_10.sorted.bam","10","OF",0.40015,0.317262,0.436406,0.002013,0,0.013313,0.003959,0,0.023281,0.103087,0.052823,0.164742,0.403283,0.359996,0.462002,0.002317,0,0.018297,0.035,0.001865,0.062425,0.046805,0.011277,0.088199,0.001286,0,0.009242,0.002099,0,0.016472,0.000817,0,0.011352,0.000479,0,0.003814,0.000196,0,0.002475,0.000489,0,0.005041,0.000422,0,0.005559,0.000943,0,0.013671,0.013102,0,0.118097,0.000434,0,0.004097,0.001024,0,0.014475,0.083215,0,0.157263,0.714333,0.577014,0.821894,0.00062,0,0.008636,0.000474,0,0.005704,0.021945,0,0.262201,0.033588,0,0.109833,0.000244,0,0.00315,0.000159,0,0.001542,0.000443,0,0.005953,0.000572,0,0.006953,0.000534,0,0.004589,0.000272,0,0.002588,0.01687,0,0.084568,0.000724,0,0.009862,0.002006,0,0.030525,0.001515,0,0.022232,0.000336,0,0.003144,0.001446,0,0.024806,0.006572,0,0.053113,0.052248,0,0.172869,0.000377,0,0.002839,0.000681,0,0.009939,0.000393,0,0.001986,0.000483,0,0.005844,0.000326,0,0.003578,0.032583,0,0.09824,0.002996,0,0.036692,0.000273,0,0.003655,0.000173,0,0.001972,0.000274,0,0.003274,0.000413,0,0.004677,0.000398,0,0.004363,0.000243,0,0.003368,0.000263,0,0.002472,0.000213,0,0.001747,0.000104,0,0.000947,0.000628,0,0.008515,0.000245,0,0.002762,0.00022,0,0.002064,0.000347,0,0.003136,0.000265,0,0.002741,0.000124,0,0.00116,0.001115,0,0.016581,0.000315,0,0.004345,0.000113,0,0.000965,0.000413,0,0.00433
"PH_OF_11.sorted.bam","11","OF",0.404088,0.290196,0.46648,0.029382,0,0.080502,0.003885,0,0.021236,0.10966,0.062879,0.161867,0.363923,0.319478,0.425149,0.005466,0,0.027896,0.036234,8e-06,0.074694,0.03473,0.000185,0.071753,0.003853,0,0.024047,0.00878,0,0.043023,0.022035,0,0.108961,0.00069,0,0.005191,0.019187,0,0.078593,0.001241,0,0.018887,0.000396,0,0.005193,0.000447,0,0.005286,0.040703,0,0.19745,0.000601,0,0.007429,0.000199,0,0.001683,0.065287,0,0.150501,0.65971,0.48702,0.774866,0.000624,0,0.006957,0.000282,0,0.003028,0.027578,0,0.235769,0.014592,0,0.103461,0.000782,0,0.008683,0.00145,0,0.021456,0.000342,0,0.004152,0.000386,0,0.003322,0.000337,0,0.003513,0.003054,0,0.023779,0.019105,0,0.107423,0.003504,0,0.057113,0.000316,0,0.003862,0.014907,0,0.106768,0.003519,0,0.052237,0.00029,0,0.002366,0.012833,0,0.070171,0.040605,0,0.135572,0.009742,0,0.071102,0.000215,0,0.002534,0.000788,0,0.008756,0.004318,0,0.057382,0.000176,0,0.001818,0.002976,0,0.045045,0.003252,0,0.037238,0.00063,0,0.006895,0.001292,0,0.021907,0.000364,0,0.002975,0.000554,0,0.007734,0.000953,0,0.012011,0.000451,0,0.004633,0.002024,0,0.029739,0.000491,0,0.006018,0.000291,0,0.004156,0.000641,0,0.009151,0.002091,0,0.030674,0.003521,0,0.035809,0.00303,0,0.051509,0.001341,0,0.019383,0.00061,0,0.009572,0.00016,0,0.00151,0.003645,0,0.062202,0.000365,0,0.002149,0.001078,0,0.017423
"PH_OF_12.sorted.bam","12","OF",0.400999,0.312665,0.435039,0.004582,0,0.028221,0.001054,0,0.008683,0.118576,0.072893,0.16813,0.406251,0.366487,0.477664,0.002441,0,0.015598,0.021195,0,0.04948,0.020396,0,0.045366,0.021871,0.000138,0.044366,0.002636,0,0.017103,0.00096,0,0.013847,0.000947,0,0.011628,0.000375,0,0.004211,7.7e-05,0,0.000594,8.8e-05,0,0.000867,0.000192,0,0.002017,0.009494,0,0.091834,0.000281,0,0.002945,0.000344,0,0.004671,0.102198,0,0.163253,0.77965,0.624517,0.851403,0.000567,0,0.007213,0.000125,0,0.000704,0.017301,0,0.246517,0.003468,0,0.039865,0.000233,0,0.002327,0.000225,0,0.002038,9.6e-05,0,0.000838,0.000751,0,0.010846,0.000439,0,0.00559,0.000739,0,0.010013,0.001835,0,0.027514,0.00074,0,0.009797,0.000244,0,0.002641,0.001389,0,0.017889,0.000645,0,0.007335,0.000251,0,0.003472,0.003768,0,0.039882,0.004937,0,0.063518,0.000165,0,0.002073,0.000183,0,0.001598,0.001379,0,0.020196,0.001105,0,0.01503,0.000578,0,0.008778,0.028062,0,0.081491,0.000824,0,0.012044,0.001601,0,0.022333,0.005177,0,0.050509,0.000414,0,0.004951,0.001338,0,0.018552,0.00515,0,0.051786,0.000674,0,0.009451,0.001202,0,0.016225,0.002493,0,0.033737,0.012497,0,0.040778,0.001303,0,0.017252,0.000224,0,0.001991,0.000155,0,0.001143,0.000477,0,0.006439,0.000584,0,0.007173,0.000156,0,0.001342,0.000487,0,0.007569,0.000243,0,0.002607,0.000699,0,0.009475,0.000472,0,0.005214
"PH_OF_3.sorted.bam","3","OF",0.365395,0.210268,0.430177,0.003162,0,0.026345,0.001438,0,0.010938,0.119652,0.064167,0.2268,0.38047,0.316315,0.432469,0.001784,0,0.012286,0.050641,0.019853,0.092524,0.069384,0.025393,0.155379,0.006866,0,0.037058,0.001207,0,0.009168,0.003675,0,0.053907,0.000294,0,0.003333,0.000475,0,0.005118,0.000571,0,0.006376,0.000116,0,0.001207,0.000213,0,0.003057,0.055738,0,0.269026,0.002662,0,0.038758,0.000512,0,0.006236,0.065072,0,0.133946,0.476478,0,0.689708,0.000305,0,0.002866,0.00019,0,0.001693,0.040115,0,0.276334,0.105821,0.034537,0.325145,0.000204,0,0.002502,0.000588,0,0.007262,0.00023,0,0.002258,0.000616,0,0.00627,0.000446,0,0.005895,0.000297,0,0.00396,0.052615,0,0.131135,0.000587,0,0.005354,0.000268,0,0.002827,0.008221,0,0.091248,0.030514,0,0.179533,0.000188,0,0.001992,7e-04,0,0.008801,0.13592,0.049006,0.309172,0.000252,0,0.002499,8.4e-05,0,0.00073,0.000248,0,0.003082,0.000167,0,0.001961,0.00022,0,0.002684,0.00052,0,0.004769,0.000364,0,0.004417,0.000841,0,0.010234,0.000357,0,0.002836,0.000343,0,0.0049,0.000833,0,0.012424,0.00097,0,0.013223,0.000336,0,0.003926,0.006887,0,0.068168,0.000429,0,0.004566,0.001233,0,0.017794,0.000781,0,0.008679,0.000214,0,0.001879,0.000137,0,0.001439,0.000214,0,0.001768,0.000112,0,0.00089,0.000144,0,0.001528,8.3e-05,0,0.000769,2e-04,0,0.001913,0.000269,0,0.003412,0.000131,0,0.001019
"PH_OF_4.sorted.bam","4","OF",0.414519,0.311842,0.477163,0.001584,0,0.01162,0.00166,0,0.012917,0.114014,0.065832,0.18366,0.414566,0.370257,0.484852,0.002125,0,0.014846,0.039552,6.6e-05,0.074265,0.005646,0,0.034928,0.004855,0,0.02394,0.001479,0,0.011476,0.023611,0,0.112371,0.000198,0,0.002241,0.00033,0,0.003795,0.000735,0,0.008484,0.000238,0,0.002854,9.1e-05,0,0.000853,0.002212,0,0.031848,0.000389,0,0.004797,0.00034,0,0.003124,0.096408,0,0.168387,0.770607,0.600419,0.85259,0.000307,0,0.003053,2e-04,0,0.002126,0.029025,0,0.301041,0.011678,0,0.085023,0.000443,0,0.005675,0.000255,0,0.002419,0.000286,0,0.002476,0.000673,0,0.007575,0.000555,0,0.007658,0.000277,0,0.002384,0.00038,0,0.003315,0.000236,0,0.002561,0.000305,0,0.003356,0.000488,0,0.006485,0.000535,0,0.007202,0.000189,0,0.001841,0.037866,0,0.071672,0.005537,0,0.063592,0.000515,0,0.006384,0.000239,0,0.002572,0.001169,0,0.015287,0.001029,0,0.015608,0.000483,0,0.004024,0.000605,0,0.00592,0.000281,0,0.002984,0.001151,0,0.017012,0.000216,0,0.001853,0.000566,0,0.008201,0.000696,0,0.008867,0.00319,0,0.035204,0.000657,0,0.006343,0.000529,0,0.007184,0.000901,0,0.013704,0.000602,0,0.00748,0.000552,0,0.006321,0.000156,0,0.001723,0.00023,0,0.002824,0.000219,0,0.001809,0.000327,0,0.003656,0.000155,0,0.001778,0.000105,0,0.001116,0.000253,0,0.00254,6e-04,0,0.006917,0.000179,0,0.00175
"PH_OF_5.sorted.bam","5","OF",0.391135,0.317067,0.449427,0.005407,0,0.028454,0.000952,0,0.007576,0.104624,0.053969,0.166811,0.406715,0.355798,0.471832,0.002063,0,0.014953,0.010566,0,0.043567,0.065832,0.027725,0.104733,0.009341,0,0.041092,0.003365,0,0.024729,0.02137,0,0.103471,0.000824,0,0.012931,0.001222,0,0.018442,0.000246,0,0.002277,0.000305,0,0.002634,0.000126,0,0.001134,0.034097,0,0.185155,0.001184,0,0.018872,0.000212,0,0.002766,0.057334,0,0.150638,0.621187,0.415452,0.791255,0.001712,0,0.025697,7.4e-05,0,0.000647,0.004289,0,0.074905,0.091495,0,0.208001,0.000229,0,0.002196,0.000767,0,0.01,0.000171,0,0.001611,0.001041,0,0.013954,0.000267,0,0.003593,0.000191,0,0.001708,0.002487,0,0.036763,0.000368,0,0.004835,0.000127,0,0.001155,0.006095,0,0.064175,0.000333,0,0.002589,0.000202,0,0.001656,0.002754,0,0.032172,0.07905,0,0.195628,0.000965,0,0.015141,0.00016,0,0.001404,0.044721,0,0.188891,0.001867,0,0.025226,0.000377,0,0.003982,0.002693,0,0.038832,0.000315,0,0.003923,0.001221,0,0.018241,0.001187,0,0.016562,0.00023,0,0.001785,0.002099,0,0.031479,0.000403,0,0.004778,0.000376,0,0.004806,0.001748,0,0.02549,0.000864,0,0.01198,0.00493,0,0.038454,0.000188,0,0.00244,0.001058,0,0.015946,0.000127,0,0.00114,0.000842,0,0.006641,0.000308,0,0.002531,0.000313,0,0.003395,0.001572,0,0.020783,0.000337,0,0.003673,0.000695,0,0.008897,0.000644,0,0.008387
"PH_OF_6.sorted.bam","6","OF",0.351677,0.277773,0.38638,0.004829,0,0.030341,0.003079,0,0.019815,0.061633,0.003917,0.106882,0.363711,0.329045,0.415783,0.001575,0,0.011332,0.069164,0.043302,0.10179,0.072471,0.047793,0.10251,0.06706,0.040022,0.09239,0.004801,0,0.033531,7.4e-05,0,0.000718,0.001389,0,0.024048,7.4e-05,0,0.000551,0.000329,0,0.003724,0.000912,0,0.016182,4.7e-05,0,0.000461,0.007815,0,0.128666,0.001227,0,0.013728,0.001342,0,0.018607,5.7e-05,0,0.000617,0.689047,0.534312,0.763899,0.00033,0,0.003033,0.000483,0,0.005985,0.00603,0,0.120188,0.000165,0,0.001741,0.000188,0,0.001583,0.000219,0,0.002316,0.00055,0,0.008352,0.000208,0,0.002531,0.000126,0,0.001317,7e-05,0,0.000697,0.000664,0,0.010084,0.004312,0,0.052287,0.000926,0,0.011771,0.090399,0,0.16728,0.027929,0,0.183557,0.000281,0,0.002434,8.2e-05,0,0.000756,0.002707,0,0.039565,0.000264,0,0.002803,0.00029,0,0.002993,0.015492,0,0.160371,0.000662,0,0.008426,0.001027,0,0.013782,0.000888,0,0.012145,0.000133,0,0.001225,0.000197,0,0.001601,0.000251,0,0.002967,0.000707,0,0.010066,0.000233,0,0.002248,0.000923,0,0.010283,4e-05,0,0.00042,0.008948,0,0.105814,0.122412,0,0.181515,4.5e-05,0,0.00037,0.000869,0,0.011693,0.000606,0,0.00791,0.000525,0,0.005625,0.000408,0,0.004873,0.001564,0,0.021141,0.000369,0,0.005062,0.003819,0,0.054918,0.000934,0,0.012776,0.000319,0,0.004467,9.4e-05,0,0.00069
"PH_OF_7.sorted.bam","7","OF",0.337908,0.244539,0.38959,0.01086,0,0.046046,0.001736,0,0.013605,0.00895,0,0.056404,0.354506,0.318024,0.402136,0.011474,0,0.053858,0.069471,0.043603,0.097555,0.109441,0.070586,0.156109,0.062017,0.033001,0.096882,0.033637,0,0.072874,3.2e-05,0,0.000306,0.000142,0,0.001581,2.5e-05,0,0.000217,0.000223,0,0.002549,0.001038,0,0.016844,2.3e-05,0,0.000216,0.001423,0,0.022672,0.000783,0,0.012124,0.000345,0,0.003267,3.5e-05,0,0.000257,0.558579,0.461337,0.63724,0.000164,0,0.001932,0.000838,0,0.011898,0.012675,0,0.111781,4.2e-05,0,0.000386,4.1e-05,0,0.000424,0.000295,0,0.0026,0.000288,0,0.003596,0.000337,0,0.003753,0.000222,0,0.002365,3.5e-05,0,3e-04,8.1e-05,0,0.000803,0.002437,0,0.034773,0.000157,0,0.00149,0.000369,0,0.004297,0.132833,0.070327,0.192462,0.000276,0,0.002882,2.4e-05,0,0.000217,0.057658,0,0.203907,0.014647,0,0.09069,0.00015,0,0.001654,0.001272,0,0.017498,0.000167,0,0.002017,0.020916,0,0.106643,0.000348,0,0.003366,3.7e-05,0,0.00038,9.9e-05,0,0.00096,0.000194,0,0.001454,0.000278,0,0.002502,0.00023,0,0.001701,0.000131,0,0.001095,3.6e-05,0,0.000359,0.000147,0,0.001553,0.122664,0.062757,0.19337,2.4e-05,0,0.00023,0.057507,0,0.143266,0.001971,0,0.027986,0.000111,0,0.000882,0.000396,0,0.004535,0.003317,0,0.0544,0.000466,0,0.005605,0.002245,0,0.035941,0.000986,0,0.009083,0.000208,0,0.002295,3.4e-05,0,0.000317
"PH_PC_10.sorted.bam","10","PC",0.354204,0.103812,0.408678,0.017709,0,0.053643,0.001411,0,0.009007,0.00891,0,0.073925,0.558223,0.509469,0.637052,0.047034,0.010261,0.08501,0.001443,0,0.010757,0.005375,0,0.079233,0.001453,0,0.010931,0.004239,0,0.026803,0.004156,0,0.047458,0.007056,0,0.06628,0.001365,0,0.020977,0.000232,0,0.002601,0.000102,0,0.000879,0.000218,0,0.002729,0.002275,0,0.027993,0.000573,0,0.008006,0.000288,0,0.004176,0.000842,0,0.011782,0.67995,0,0.792982,0.003755,0,0.058216,0.000896,0,0.005952,0.008671,0,0.146539,0.196688,0.113199,0.622865,0.000883,0,0.010001,0.019533,0,0.095227,0.000164,0,0.001847,0.000768,0,0.011518,0.028409,0,0.154733,0.021587,0,0.076378,0.000659,0,0.010517,0.000345,0,0.003807,0.000134,0,0.001706,0.000191,0,0.002519,0.000254,0,0.002414,0.00012,0,0.001371,0.00022,0,0.002799,0.008342,0,0.157372,0.000401,0,0.005484,0.000118,0,0.001074,0.000175,0,0.002062,0.000406,0,0.00395,0.000246,0,0.003282,0.000158,0,0.001555,0.000153,0,0.001512,0.000141,0,0.001577,0.000268,0,0.002281,0.000157,0,0.001682,0.000592,0,0.008071,0.000221,0,0.002271,0.000203,0,0.001845,0.00023,0,0.002726,8.5e-05,0,0.000711,0.000408,0,0.005301,0.000558,0,0.00672,0.000653,0,0.008477,0.000295,0,0.003201,0.002603,0,0.03169,0.000507,0,0.007819,0.000568,0,0.00913,0.000355,0,0.004465,0.000514,0,0.005067,0.000192,0,0.001951,0.001117,0,0.015126
"PH_PC_11.sorted.bam","11","PC",0.395985,0.280968,0.433379,0.010974,0,0.033919,0.002977,0,0.015725,0.001019,0,0.007928,0.50739,0.46662,0.58854,0.056088,0.025891,0.089539,0.00105,0,0.006966,0.00682,0,0.036993,0.015861,1e-06,0.038362,0.001836,0,0.013201,0.000325,0,0.003737,0.000789,0,0.010313,0.000568,0,0.008317,0.000271,0,0.003247,0.000487,0,0.006037,0.000175,0,0.002227,0.000189,0,0.001954,0.000367,0,0.004008,0.000227,0,0.002675,8.6e-05,0,0.000728,0.783913,0.5308,0.862397,0.000759,0,0.010497,0.000949,0,0.012586,0.000336,0,0.001459,0.10452,0.019701,0.250742,0.000218,0,0.001852,0.000309,0,0.003069,0.000732,0,0.011852,0.000189,0,0.002049,0.014912,0,0.135279,0.044938,0,0.081126,0.000113,0,0.001406,0.000161,0,0.001803,0.000309,0,0.004159,9.4e-05,0,0.000893,0.000314,0,0.003971,0.000261,0,0.003384,0.000115,0,0.001614,0.004297,0,0.051664,0.000335,0,0.0043,0.000362,0,0.004297,0.00019,0,0.001429,0.000442,0,0.005167,0.000895,0,0.012761,0.000102,0,0.001156,0.003061,0,0.028219,0.001325,0,0.017813,0.017397,0,0.064029,0.00206,0,0.022572,0.000159,0,0.001531,0.003683,0,0.044101,0.004156,0,0.04454,0.000378,0,0.00448,0.000368,0,0.00525,0.000616,0,0.007852,0.000204,0,0.002388,0.000209,0,0.002754,0.000208,0,0.002052,0.000117,0,0.001086,0.000431,0,0.005991,0.000629,0,0.008948,0.000139,0,0.001542,0.000526,0,0.007111,0.000964,0,0.013304,0.000123,0,0.001353
"PH_PC_12.sorted.bam","12","PC",0.382834,0.262574,0.442933,0.029961,2e-06,0.063815,0.002729,0,0.019783,0.002011,0,0.015384,0.528931,0.476003,0.625899,0.033931,0.00704,0.062976,0.001293,0,0.009499,0.006016,0,0.040773,0.002127,0,0.015707,0.010167,0,0.052559,0.026394,0,0.109154,0.008653,0,0.073445,0.007496,0,0.058639,0.000511,0,0.007096,0.00013,0,0.001182,0.001327,0,0.017887,0.000318,0,0.003032,0.000421,0,0.00353,0.000388,0,0.005271,0.000637,0,0.007952,0.689981,0.455008,0.7885,0.000378,0,0.003814,0.00042,0,0.005809,0.000226,0,0.001619,0.182311,0.114978,0.386346,0.007006,0,0.074758,0.033358,0,0.093924,0.000333,0,0.004179,0.00034,0,0.002631,0.000571,0,0.003619,0.008836,0,0.056271,0.00025,0,0.003189,0.000196,0,0.002122,0.000145,0,0.001446,0.000163,0,0.001086,0.000422,0,0.00362,0.000414,0,0.00516,0.000127,0,0.001466,0.002378,0,0.031447,0.000315,0,0.003594,0.000464,0,0.007023,0.000174,0,0.002235,0.000246,0,0.002551,0.005181,0,0.079269,0.000256,0,0.003288,0.000962,0,0.013266,0.000137,0,0.001178,0.000894,0,0.012666,7.8e-05,0,0.00082,0.000234,0,0.002641,0.000282,0,0.002919,0.001307,0,0.020289,0.000201,0,0.002142,0.00013,0,0.001091,0.000261,0,0.002179,0.003645,0,0.038342,0.000585,0,0.008593,0.000335,0,0.00315,0.000486,0,0.00704,0.000715,0,0.008655,0.001681,0,0.023698,0.000285,0,0.0034,0.000963,0,0.0132,0.00047,0,0.005066,0.005584,0,0.045666
"PH_PC_1.sorted.bam","1","PC",0.383888,0.258733,0.446479,0.013618,0,0.040537,0.003211,0,0.018774,0.003223,0,0.021542,0.524427,0.476438,0.617062,0.054185,0.000578,0.104967,0.001093,0,0.008994,0.00218,0,0.015422,0.011613,0,0.039263,0.002562,0,0.017427,0.017011,0,0.094867,0.00573,0,0.064937,0.000755,0,0.010492,0.000626,0,0.007704,0.000768,0,0.012216,9.7e-05,0,0.000994,0.000374,0,0.004581,0.001962,0,0.026393,0.000797,0,0.010064,0.000276,0,0.002922,0.721064,0.512796,0.824202,0.001354,0,0.020954,0.00077,0,0.010787,0.000473,0,0.00596,0.138857,0.070426,0.286492,0.001696,0,0.019201,0.00281,0,0.051005,0.000965,0,0.013921,0.001151,0,0.017819,0.045453,0,0.194887,0.0253,0,0.079352,0.000152,0,0.001195,0.000376,0,0.003805,7.1e-05,0,0.000511,0.000181,0,0.001566,0.000485,0,0.007471,0.000225,0,0.002204,0.000117,0,0.00136,0.00187,0,0.013162,0.000298,0,0.004017,6e-05,0,0.000565,0.000254,0,0.002331,0.000185,0,0.002248,0.000528,0,0.004642,0.000167,0,0.001595,0.000147,0,0.001212,0.000915,0,0.012141,0.011859,0,0.061983,0.001796,0,0.02345,0.000279,0,0.003074,0.001112,0,0.015113,0.004415,0,0.054039,0.000169,0,0.00213,0.000624,0,0.004207,0.000648,0,0.008101,0.001326,0,0.017029,0.00057,0,0.008447,0.000374,0,0.005069,0.000423,0,0.00228,0.000246,0,0.002371,0.000528,0,0.008063,0.000126,0,0.001311,7.8e-05,0,0.000705,0.00076,0,0.009968,0.000346,0,0.003745
"PH_PC_2.sorted.bam","2","PC",0.413278,0.311147,0.462969,0.018677,0,0.056382,0.002274,0,0.016467,0.003421,0,0.028474,0.501215,0.455081,0.579595,0.050518,0.022583,0.089073,0.000898,0,0.007119,0.00244,0,0.017487,0.005564,0,0.025545,0.001716,0,0.012638,0.027122,0,0.099876,0.00216,0,0.031111,0.00039,0,0.005049,0.000657,0,0.0091,0.00091,0,0.013004,0.000128,0,0.001368,0.000675,0,0.004833,0.000669,0,0.008707,0.000385,0,0.004715,0.00122,0,0.021153,0.757881,0.621686,0.856849,0.002009,0,0.032589,5e-04,0,0.005415,0.000827,0,0.005238,0.090763,0,0.197051,0.008299,0,0.09976,0.028355,0,0.109015,0.000599,0,0.008178,0.000777,0,0.008144,0.057137,0,0.174685,0.000676,0,0.008621,0.000164,0,0.001466,0.000209,0,0.001926,7.3e-05,0,0.00085,0.000187,0,0.001671,9.9e-05,0,0.000776,0.000146,0,0.001225,0.000131,0,0.001587,0.000914,0,0.011271,0.000862,0,0.011771,0.000194,0,0.002279,0.000317,0,0.003603,0.000677,0,0.005824,0.000457,0,0.004756,0.000188,0,0.001804,0.000165,0,0.001317,0.00107,0,0.014824,0.001096,0,0.016209,0.000772,0,0.00952,0.000476,0,0.006975,0.00152,0,0.020075,0.003421,0,0.040386,0.000336,0,0.00309,0.000769,0,0.012189,0.000444,0,0.005615,0.000491,0,0.004527,0.000304,0,0.002351,2e-04,0,0.001394,8.9e-05,0,0.000728,0.000255,0,0.002228,0.000492,0,0.003115,0.000133,0,0.001417,0.000171,0,0.002017,0.000779,0,0.01069,0.000258,0,0.003408
"PH_PC_3.sorted.bam","3","PC",0.410516,0.265629,0.451659,0.005242,0,0.026844,0.004386,0,0.019959,0.014951,0,0.091722,0.417142,0.380109,0.46323,0.052461,0.029742,0.07615,0.001276,0,0.009556,0.050304,0.025664,0.074035,0.001719,0,0.012717,0.042004,0.012578,0.08223,3.9e-05,0,0.000349,0.000307,0,0.004345,6.3e-05,0,0.000634,0.000215,0,0.001576,0.003677,0,0.034245,7.3e-05,0,0.000627,0.000646,0,0.008397,0.000461,0,0.006583,0.001376,0,0.020015,8.9e-05,0,0.000833,0.779,0.531142,0.858739,0.000404,0,0.005163,0.000609,0,0.008836,0.017706,0,0.181067,7.9e-05,0,0.000733,7.6e-05,0,0.000781,0.004272,0,0.046429,0.000275,0,0.002304,0.000196,0,0.001435,0.028295,0,0.129943,6.7e-05,0,0.000642,7.2e-05,0,0.000639,0.000208,0,0.002424,0.000278,0,0.003076,0.000366,0,0.004347,0.000529,0,0.006658,0.000169,0,0.001879,4.2e-05,0,0.000323,0.001971,0,0.026803,0.000424,0,0.004608,0.000126,0,0.001191,0.000721,0,0.009972,0.000252,0,0.002071,0.069906,0,0.136172,0.000253,0,0.002726,8e-05,0,0.000616,0.000113,0,0.001237,0.000191,0,0.002044,0.000675,0,0.01034,0.000191,0,0.002294,0.000357,0,0.003229,0.000104,0,0.000941,0.000176,0,0.001884,0.000878,0,0.014426,6e-05,0,0.000466,0.038554,0,0.114183,0.000414,0,0.005302,0.001394,0,0.022017,0.00806,0,0.057109,0.006974,0,0.090871,0.001496,0,0.020572,0.000417,0,0.005038,0.025917,0,0.125905,0.000635,0,0.009108,7.3e-05,0,0.000697
"PH_PC_4.sorted.bam","4","PC",0.382355,0.272468,0.41877,0.045795,0.005298,0.077932,0.006463,0,0.027428,0.001336,0,0.010238,0.468267,0.432123,0.522986,0.064397,0.035901,0.110501,0.001154,0,0.008547,0.004703,0,0.022515,0.016379,0,0.041033,0.009151,0,0.061786,0.000114,0,0.000953,0.000467,0,0.006361,0.000125,0,0.001488,0.000653,0,0.007392,0.001632,0,0.023546,0.000111,0,0.001042,0.00015,0,0.001372,0.000286,0,0.002684,0.000179,0,0.001813,0.000138,0,0.001286,0.760938,0.544931,0.835117,0.002196,0,0.034628,0.001874,0,0.027906,0.000575,0,0.005113,0.050918,0,0.116731,0.000188,0,0.001934,0.069284,0,0.145451,0.000905,0,0.01304,0.00019,0,0.002073,0.053445,0,0.219371,0.000159,0,0.001418,7.9e-05,0,0.000564,0.000339,0,0.003258,0.000245,0,0.003047,0.00013,0,0.001271,0.000405,0,0.004595,0.000189,0,0.002537,4.4e-05,0,0.000428,0.000668,0,0.008078,0.00045,0,0.006327,0.00053,0,0.007134,0.000309,0,0.002648,0.001289,0,0.018185,0.002447,0,0.03158,9.8e-05,0,0.001029,0.000198,0,0.002501,0.000201,0,0.002575,0.014951,0,0.072843,0.005999,0,0.047916,0.000306,0,0.003853,0.005124,0,0.056306,0.000623,0,0.007036,0.000501,0,0.006996,0.002154,0,0.027921,0.000105,0,0.000859,0.001137,0,0.017433,0.001734,0,0.026504,0.000688,0,0.008504,0.000271,0,0.002429,0.00885,0,0.120094,0.001204,0,0.015804,0.000235,0,0.003048,0.001066,0,0.016787,0.002688,0,0.03692,0.000214,0,0.002059
"PH_PC_5.sorted.bam","5","PC",0.370797,0.161104,0.419714,0.035443,2e-06,0.070173,0.00202,0,0.01347,0.021206,0,0.055547,0.486619,0.443348,0.538668,0.035461,7e-06,0.105047,0.001298,0,0.009521,0.01242,0,0.116355,0.024986,1e-06,0.056865,0.009749,0,0.0488,0.004317,0,0.052441,0.000985,0,0.014319,0.002608,0,0.039441,0.000538,0,0.006427,0.000623,0,0.008404,0.000196,0,0.002284,0.001132,0,0.017547,0.004462,0,0.061774,0.000265,0,0.002453,0.010953,0,0.045563,0.702688,0,0.81346,0.001265,0,0.014999,0.000417,0,0.00366,0.000154,0,0.00179,0.121606,0.053821,0.428411,0.00598,0,0.060103,0.033832,0,0.113408,0.000571,0,0.008458,0.000268,0,0.002572,0.023307,0,0.205433,0.000781,0,0.011164,0.000327,0,0.003254,0.000141,0,0.001501,0.000117,0,0.001101,0.000382,0,0.004383,0.000173,0,0.001628,0.000138,0,0.001317,0.000263,0,0.003737,0.016123,0,0.230466,0.000456,0,0.005272,0.000398,0,0.00536,0.001766,0,0.028506,0.000406,0,0.003486,0.001335,0,0.01989,0.000439,0,0.006396,0.00043,0,0.006106,0.004683,0,0.06071,0.02294,0,0.098658,0.000315,0,0.003554,0.011161,0,0.076169,0.00057,0,0.00686,0.002458,0,0.034597,0.000126,0,0.001358,0.001632,0,0.024504,0.000574,0,0.007695,0.000503,0,0.004052,0.000965,0,0.012471,0.000403,0,0.005466,0.000916,0,0.016204,0.001047,0,0.016433,0.001472,0,0.018901,0.000228,0,0.002338,0.001422,0,0.018628,0.004938,0,0.06669,0.003801,0,0.034611
"PH_PC_6.sorted.bam","6","PC",0.401614,0.299525,0.466465,0.036113,2e-06,0.072409,0.027871,4e-06,0.063957,0.001478,0,0.014441,0.459562,0.408503,0.531104,0.06441,0.032102,0.112354,0.000645,0,0.00483,0.001354,0,0.009867,0.005603,0,0.028297,0.001349,0,0.011377,0.034777,0,0.147954,0.00224,0,0.03766,0.017315,0,0.07027,0.001214,0,0.012418,0.000313,0,0.003747,0.025693,0,0.062645,0.000233,0,0.00196,0.00074,0,0.006223,0.000129,0,0.001207,0.000227,0,0.001697,0.715178,0.561702,0.82878,0.001445,0,0.020253,0.000712,0,0.007788,0.000312,0,0.003386,0.092693,0,0.177089,0.007072,0,0.102732,0.03191,0,0.121042,0.000346,0,0.003331,0.000242,0,0.002807,0.015259,0,0.187209,0.036517,0,0.101655,0.000138,0,0.001335,0.000126,0,0.001106,0.000127,0,0.001634,5.6e-05,0,0.00058,6.9e-05,0,0.00062,0.000151,0,0.001306,0.000125,0,0.001205,0.000601,0,0.009435,0.000336,0,0.002869,0.000449,0,0.007186,8.7e-05,0,0.000888,0.000173,0,0.002027,0.000284,0,0.002921,0.000106,0,0.001018,0.000192,0,0.002292,0.006725,0,0.050009,0.000272,0,0.002485,0.000812,0,0.013109,0.000135,0,0.000955,0.000439,0,0.00465,0.000266,0,0.003117,0.000166,0,0.00179,0.000199,0,0.002226,0.000923,0,0.012986,0.000273,0,0.002719,0.000213,0,0.002196,0.000254,0,0.001624,0.000568,0,0.004021,0.00015,0,0.001197,0.000255,0,0.00294,1e-04,0,0.001016,8.8e-05,0,0.000934,0.000348,0,0.00391,0.000224,0,0.002751
"PH_PC_7.sorted.bam","7","PC",0.302791,0.049754,0.366187,0.088566,0.050922,0.142618,0.001582,0,0.014241,0.004466,0,0.039084,0.332287,0.297795,0.375862,0.072789,0.050397,0.10212,0.073363,0.051023,0.105636,0.007203,0,0.072025,0.068359,0.040485,0.117145,0.048594,0.017726,0.121581,3e-05,0,0.000242,0.000328,0,0.003342,3.3e-05,0,0.000309,0.000125,0,0.001426,0.000357,0,0.003452,2.5e-05,0,0.000269,0.00051,0,0.007288,0.000699,0,0.008714,0.000236,0,0.002459,3.6e-05,0,0.000367,0.576298,0,0.703025,0.028049,0,0.280095,0.000558,0,0.005793,0.00553,0,0.075635,4.9e-05,0,0.000407,6.9e-05,0,0.000694,0.002094,0,0.029287,0.000283,0,0.003532,0.001005,0,0.012415,0.002739,0,0.038612,4.3e-05,0,0.000315,1e-04,0,0.000801,0.006986,0,0.068234,0.000163,0,0.002199,0.000288,0,0.003647,0.003467,0,0.041614,0.133508,0.071408,0.192061,2.5e-05,0,0.000266,0.012369,0,0.141959,0.00013,0,0.001248,7e-05,0,0.000621,0.000118,0,0.001176,9.4e-05,0,0.001004,0.000626,0,0.007347,0.000102,0,0.000763,3.1e-05,0,0.000274,0.000172,0,0.001884,0.093943,0,0.160271,0.001107,0,0.016753,0.000213,0,0.00318,0.027625,0,0.233621,0.000115,0,0.000901,0.001748,0,0.024801,0.000732,0,0.010778,2.9e-05,0,0.000257,0.015551,0,0.107577,0.044482,0,0.13325,0.000215,0,0.002357,0.000264,0,0.002604,0.020114,0,0.240135,0.005053,0,0.081132,0.000316,0,0.003767,0.000104,0,0.000889,0.011007,0,0.088453,4.1e-05,0,0.000349
"PH_PC_8.sorted.bam","8","PC",0.382695,0.29981,0.418192,0.010783,0,0.03657,0.001447,0,0.010405,0.001818,0,0.013135,0.496149,0.454182,0.54277,0.064483,0.034806,0.100906,0.001294,0,0.009217,0.024736,1e-06,0.060495,0.005253,0,0.02488,0.011342,0,0.041092,0.000334,0,0.004088,0.000455,0,0.00421,0.000981,0,0.015841,0.000179,0,0.00217,0.000281,0,0.002397,0.000329,0,0.005047,0.000341,0,0.003042,0.000275,0,0.003401,0.000254,0,0.002327,0.000337,0,0.004624,0.753129,0.598473,0.82372,0.000648,0,0.007453,0.000186,0,0.001787,0.000239,0,0.002547,0.113909,0.054716,0.198054,0.000272,0,0.00276,0.006199,0,0.058361,0.000249,0,0.002465,0.000568,0,0.006963,0.001246,0,0.01775,0.044212,0,0.086329,0.000135,0,0.001229,0.000303,0,0.003891,0.000169,0,0.001503,0.000251,0,0.00289,0.000226,0,0.002267,0.000162,0,0.001601,0.000145,0,0.001713,0.002729,0,0.044248,0.004381,0,0.050055,0.000299,0,0.00294,0.00051,0,0.003796,0.003483,0,0.042858,0.030588,0,0.116296,0.000381,0,0.00479,0.002002,0,0.026935,0.000421,0,0.005256,0.004147,0,0.043679,0.000354,0,0.005059,0.000294,0,0.003643,0.000887,0,0.013008,0.000667,0,0.009465,0.000108,0,0.001253,0.001704,0,0.024718,0.000598,0,0.009104,0.00706,0,0.056677,0.002914,0,0.032545,0.000263,0,0.003399,0.000229,0,0.002486,0.004437,0,0.062981,0.000591,0,0.00687,0.000564,0,0.008288,0.001395,0,0.022182,0.000728,0,0.010737,0.002252,0,0.025846
"PH_PC_9.sorted.bam","9","PC",0.373021,0.081243,0.420884,0.002697,0,0.01908,0.006988,0,0.027667,0.008717,0,0.073965,0.50498,0.460667,0.589955,0.079682,0.045912,0.112111,0.000633,0,0.005167,0.004743,0,0.072274,0.00456,0,0.029073,0.013978,0,0.070226,0.001437,0,0.019164,0.000841,0,0.011349,0.000314,0,0.003761,0.000544,0,0.005433,0.000359,0,0.003297,0.002718,0,0.023256,0.000323,0,0.004312,0.000252,0,0.001811,0.002099,0,0.026146,0.000968,0,0.014784,0.721011,0,0.824067,0.000476,0,0.005526,0.000522,0,0.006666,0.010994,0,0.137937,0.13108,0.068994,0.454845,0.000801,0,0.010322,0.001455,0,0.021092,0.001562,0,0.024633,0.000285,0,0.002722,0.002203,0,0.031392,0.075774,0.04132,0.109741,0.000195,0,0.002064,0.000105,0,0.000727,0.000184,0,0.002012,6.6e-05,0,0.000438,0.000141,0,0.001349,0.000121,0,0.001295,6.8e-05,0,0.000563,0.007436,0,0.144524,0.000168,0,0.001727,0.000153,0,0.00197,0.000218,0,0.002414,0.000111,0,0.000995,0.000347,0,0.003904,5.7e-05,0,0.000488,0.000135,0,0.001668,0.000844,0,0.011811,0.000487,0,0.006312,0.000172,0,0.00163,0.000206,0,0.001951,0.003226,0,0.045496,0.00058,0,0.007242,0.000168,0,0.001933,0.000599,0,0.008943,0.000896,0,0.014923,0.011175,0,0.068642,0.000622,0,0.00945,0.002945,0,0.032329,0.001055,0,0.015876,0.009116,0,0.14013,0.000464,0,0.006366,9.2e-05,0,0.000712,0.000127,0,0.001566,0.001045,0,0.017137,0.000658,0,0.010185
"PH_PM_10.sorted.bam","10","PM",0.000631,0,0.005002,0.000391,0,0.003259,0.001068,0,0.009528,0.047983,3e-06,0.082643,0.00036,0,0.003239,0.000262,0,0.001978,0.945402,0.913578,0.98052,0.00311,0,0.027609,0.000402,0,0.003252,0.000391,0,0.003203,0.000168,0,0.002093,7e-05,0,0.000672,0.000111,0,0.000814,0.000109,0,0.00109,6.1e-05,0,0.000491,0.000606,0,0.008561,0.000146,0,0.001294,9.1e-05,0,0.000952,0.00023,0,0.002358,0.047477,0,0.082271,0.000109,0,0.000754,4.9e-05,0,0.000488,5.8e-05,0,0.000431,5.4e-05,0,0.00054,8e-05,0,0.000648,3.5e-05,0,0.000393,3.8e-05,0,0.000341,7.6e-05,0,0.000601,6e-05,0,0.000539,4.1e-05,0,0.000401,4.6e-05,0,0.000537,0.000143,0,0.001619,7e-05,0,0.000726,0.000146,0,0.001863,0.000101,0,0.001052,4.9e-05,0,0.000375,4.9e-05,0,0.000444,0.945008,0.912946,0.980007,0.000127,0,0.001102,5.2e-05,0,0.000479,0.000126,0,0.001434,0.00016,0,0.001051,8.3e-05,0,0.00086,5.1e-05,0,0.00043,0.000121,0,0.001389,0.002685,0,0.027363,6.1e-05,0,0.000472,8.5e-05,0,0.000662,6.5e-05,0,0.000558,8.9e-05,0,0.000933,4.5e-05,0,0.000404,4.4e-05,0,0.000412,7.2e-05,0,0.00063,5e-05,0,0.000416,0.000112,0,0.001272,0.000127,0,0.001391,4.4e-05,0,0.000522,5.3e-05,0,0.000378,8.1e-05,0,0.000867,7.2e-05,0,0.00065,3.8e-05,0,0.000331,3.8e-05,0,0.000339,8e-05,0,0.000665,6.8e-05,0,0.000653,9e-05,0,0.000887
"PH_PM_11.sorted.bam","11","PM",0.042694,0.000545,0.086229,0.001134,0,0.008514,0.007238,0,0.037316,0.009908,0,0.053127,0.009478,0,0.037408,0.001249,0,0.009447,0.920946,0.880342,0.956679,0.001907,0,0.016524,0.004115,0,0.023524,0.001331,0,0.009766,0.022462,0,0.080825,0.000217,0,0.002331,0.000197,0,0.002281,0.001473,0,0.021458,0.000188,0,0.002033,0.005397,0,0.036441,0.005555,0,0.073267,0.000125,0,0.001169,0.000249,0,0.002981,0.005211,0,0.046358,0.00785,0,0.064287,0.000211,0,0.002067,0.000501,0,0.006288,0.001577,0,0.021801,0.002465,0,0.030204,0.000234,0,0.002702,0.000144,0,0.001043,0.000261,0,0.003206,0.000267,0,0.00314,0.000764,0,0.011692,0.000142,0,0.001374,0.021597,0,0.130645,0.000129,0,0.00126,0.000411,0,0.004704,0.00055,0,0.008632,0.000766,0,0.00914,9.6e-05,0,0.000853,0.908663,0.831158,0.955434,0.001566,0,0.025764,0.000131,0,0.001424,0.000216,0,0.002284,0.000192,0,0.002079,0.000238,0,0.003393,0.000111,0,0.00126,0.000148,0,0.001594,0.000354,0,0.005323,0.001733,0,0.027889,0.000557,0,0.008261,0.000188,0,0.002613,0.000569,0,0.007552,0.001861,0,0.025209,0.000244,0,0.002862,6e-04,0,0.008169,0.000359,0,0.003881,0.00092,0,0.01526,0.000238,0,0.002783,0.000172,0,0.00161,0.000194,0,0.00236,0.00031,0,0.003839,0.000259,0,0.0024,9.2e-05,0,0.000902,0.000268,0,0.00317,0.000148,0,0.001546,0.000279,0,0.002303,0.000351,0,0.004735
"PH_PM_12.sorted.bam","12","PM",0.010337,0,0.056143,0.000829,0,0.006004,0.002165,0,0.018649,0.030147,0,0.075159,0.00085,0,0.006354,0.000561,0,0.004381,0.947635,0.912209,0.985225,0.004499,0,0.027503,0.001322,0,0.009906,0.001655,0,0.013216,0.008178,0,0.055606,0.000212,0,0.002734,0.000122,0,0.001462,0.000708,0,0.010157,0.000183,0,0.001391,0.00109,0,0.017671,0.000555,0,0.00881,0.000113,0,0.001016,0.000288,0,0.003884,0.029067,0,0.07474,0.000274,0,0.003363,0.000119,0,0.001151,0.000102,0,0.000861,0.000132,0,0.001201,0.000179,0,0.002303,9.5e-05,0,0.000839,0.000171,0,0.001927,8.7e-05,0,0.000852,9.5e-05,0,0.00077,9.9e-05,0,0.000836,8e-05,0,0.00084,0.001674,0,0.026171,0.000222,0,0.002063,0.000249,0,0.003304,0.00023,0,0.002424,0.000225,0,0.001964,8.5e-05,0,0.000898,0.946107,0.907914,0.984288,0.00028,0,0.00293,0.000101,0,0.00097,0.000203,0,0.00245,0.000214,0,0.0019,9.7e-05,0,0.000926,8.6e-05,0,0.00081,0.000152,0,0.001599,0.003785,0,0.02705,0.000187,0,0.001425,0.000213,0,0.002654,0.000214,0,0.003015,0.000267,0,0.002383,8.7e-05,0,0.000774,0.000127,0,0.001463,9.7e-05,0,0.001034,0.000166,0,0.002005,0.000527,0,0.00757,0.000331,0,0.003796,7.9e-05,0,0.000637,0.000116,0,0.000896,0.000265,0,0.001734,0.000207,0,0.002209,0.000117,0,0.001142,0.000122,0,0.00128,0.000129,0,0.001255,0.000232,0,0.002337,0.000856,0,0.011709
"PH_PM_1.sorted.bam","1","PM",0.014436,0,0.039127,0.002482,0,0.016443,0.001607,0,0.011762,0.012848,0,0.040627,0.018837,2e-06,0.045519,0.0023,0,0.01487,0.926086,0.892434,0.956577,0.017455,0,0.04315,0.002415,0,0.013506,0.001534,0,0.012022,0.000956,0,0.014175,0.000838,0,0.014003,0.000182,0,0.002166,0.000405,0,0.004854,0.000153,0,0.001768,0.000186,0,0.002387,0.011798,0,0.069342,0.001229,0,0.020589,0.000849,0,0.013402,0.000837,0,0.013022,0.001188,0,0.018929,0.000598,0,0.009076,0.000298,0,0.003792,0.002568,0,0.033397,0.011236,0,0.044716,0.000178,0,0.001414,0.000423,0,0.006201,0.000128,0,0.001292,0.000255,0,0.002693,0.001648,0,0.023397,0.000644,0,0.00882,0.000301,0,0.003098,0.000284,0,0.002414,0.000171,0,0.001483,0.000579,0,0.005691,0.000387,0,0.003133,7.5e-05,0,0.000783,0.924792,0.889864,0.956084,0.011579,0,0.066286,0.000224,0,0.002329,0.000642,0,0.00872,0.004974,0,0.051786,0.007776,0,0.049431,0.000223,0,0.002749,0.000315,0,0.003793,0.003804,0,0.038448,0.000472,0,0.006101,0.000563,0,0.008308,0.000128,0,0.001201,0.001098,0,0.016043,0.000536,0,0.0084,0.000283,0,0.003124,0.000394,0,0.005187,0.000616,0,0.009104,0.00028,0,0.003672,0.000201,0,0.001868,0.000289,0,0.004467,6.7e-05,0,0.000637,0.000672,0,0.008579,0.000201,0,0.001644,1e-04,0,0.001137,8.1e-05,0,0.000844,0.000954,0,0.015024,0.000179,0,0.002162,0.000162,0,0.001681
"PH_PM_2.sorted.bam","2","PM",0.024097,0,0.071157,0.050684,0.019554,0.081886,0.001638,0,0.012828,0.042809,0,0.08692,0.004413,0,0.035845,0.005015,0,0.031684,0.811062,0.776826,0.845274,0.032604,0.002862,0.059238,0.02687,3e-05,0.057699,0.000808,0,0.00646,7.4e-05,0,0.000653,0.00012,0,0.001377,4.8e-05,0,0.000467,0.000335,0,0.004106,0.000235,0,0.00267,8.2e-05,0,0.000722,0.000639,0,0.007642,0.000123,0,0.001426,0.000225,0,0.002266,0.000118,0,0.001113,0.000345,0,0.00339,0.000108,0,0.001156,0.000129,0,0.001352,0.000163,0,0.00184,0.000113,0,0.001179,0.000452,0,0.006344,0.000202,0,0.00214,0.000185,0,0.002107,0.000504,0,0.007124,0.000464,0,0.005933,0.000125,0,0.001164,0.030718,0,0.140308,0.100078,0.037804,0.163123,0.001349,0,0.020538,0.083073,0,0.169723,0.006925,0,0.070699,0.00731,0,0.061293,0.647144,0.562659,0.744258,0.014528,0,0.083925,0.000126,0,0.0012,0.00024,0,0.002346,0.000151,0,0.001066,0.000144,0,0.001444,0.000387,0,0.003315,0.047902,0,0.116189,7.7e-05,0,0.000725,0.000624,0,0.007046,0.000185,0,0.001911,0.000323,0,0.002555,0.000355,0,0.003119,0.000206,0,0.002659,0.000184,0,0.002121,0.050048,0,0.114503,0.001478,0,0.02418,8.6e-05,0,0.000977,0.000285,0,0.002417,9.6e-05,0,0.000825,9.1e-05,0,0.001001,0.000151,0,0.001265,0.000115,0,0.00098,8.9e-05,0,0.000875,0.000433,0,0.004203,1e-04,0,0.000906,0.000163,0,0.002384,4.7e-05,0,0.000489
"PH_PM_3.sorted.bam","3","PM",0.003993,0,0.025315,0.000977,0,0.007286,0.0022,0,0.014679,0.021167,0,0.057471,0.000601,0,0.004603,0.000948,0,0.006857,0.963499,0.932669,0.992921,0.002999,0,0.020851,0.002049,0,0.014287,0.001568,0,0.011226,0.001888,0,0.024281,0.000259,0,0.00346,0.000191,0,0.001711,0.000266,0,0.002881,0.000353,0,0.00445,0.001096,0,0.013909,0.000692,0,0.010398,0.000135,0,0.001237,0.000139,0,0.001428,0.020038,0,0.057146,0.000217,0,0.001903,7.5e-05,0,0.000878,0.000128,0,0.00127,6.5e-05,0,0.000596,9.5e-05,0,0.000805,0.000205,0,0.002138,9.1e-05,0,0.00087,0.000261,0,0.003329,0.000142,0,0.001171,9e-05,0,0.000818,0.00021,0,0.002081,0.000475,0,0.004554,0.000107,0,0.000966,9.9e-05,0,0.000921,0.000102,0,0.001032,8.2e-05,0,0.000674,0.000146,0,0.001566,0.962667,0.931257,0.992385,0.001179,0,0.018629,0.000213,0,0.002201,0.000387,0,0.00531,0.000437,0,0.005841,0.000155,0,0.001223,0.000188,0,0.001715,0.000477,0,0.007041,0.001174,0,0.017733,0.00042,0,0.006005,0.000159,0,0.0018,0.000331,0,0.004126,0.000227,0,0.002081,0.000133,0,0.00129,0.000214,0,0.002382,9.4e-05,0,0.000923,0.00036,0,0.004448,0.000974,0,0.013107,0.000498,0,0.006968,0.00018,0,0.001847,0.000245,0,0.002998,0.000317,0,0.003487,6.6e-05,0,0.000553,0.000138,0,0.001549,8.1e-05,0,0.000856,0.000254,0,0.002523,0.000212,0,0.002831,0.000572,0,0.008792
"PH_PM_4.sorted.bam","4","PM",0.001435,0,0.010601,0.000924,0,0.007145,0.001545,0,0.010898,0.046965,1e-06,0.089871,0.001142,0,0.01024,0.001705,0,0.011626,0.935612,0.898611,0.973204,0.001141,0,0.008776,0.000658,0,0.005043,0.008873,0,0.035368,0.000184,0,0.001997,0.000227,0,0.002233,0.000131,0,0.001169,0.000213,0,0.00232,0.000136,0,0.001404,0.00038,0,0.005168,0.000338,0,0.002825,0.000373,0,0.003122,0.000369,0,0.004235,0.044706,0,0.089781,0.000392,0,0.004446,9.1e-05,0,0.000782,0.000163,0,0.001865,0.000222,0,0.00178,1e-04,0,0.000997,0.000275,0,0.003327,0.000219,0,0.002471,0.000188,0,0.002235,0.000427,0,0.003647,0.000164,0,0.001746,0.000268,0,0.003241,0.000326,0,0.00358,0.000103,0,0.000958,0.000405,0,0.0045,0.000244,0,0.002517,9.2e-05,0,0.001001,0.000154,0,0.001585,0.934544,0.89677,0.972227,0.000111,0,0.000803,0.000101,0,0.001117,0.000189,0,0.00199,0.000529,0,0.006365,7.9e-05,0,0.000836,0.00025,0,0.002873,0.000297,0,0.003583,0.000243,0,0.003145,0.000113,0,0.000928,9.9e-05,0,0.000927,0.000228,0,0.002668,8.3e-05,0,0.000955,0.000105,0,0.001136,9.9e-05,0,0.000996,0.000105,0,0.000886,6.1e-05,0,0.000555,0.00014,0,0.001334,0.000508,0,0.006662,0.000236,0,0.002751,0.00044,0,0.005616,0.001934,0,0.032479,0.000773,0,0.011494,0.001098,0,0.015008,0.000409,0,0.00595,0.000179,0,0.001711,0.00014,0,0.001552,0.006015,0,0.034284
"PH_PM_6.sorted.bam","6","PM",0.013,0,0.053358,0.000758,0,0.005654,0.000791,0,0.00635,0.021581,0,0.054421,0.000469,0,0.003536,0.000514,0,0.003936,0.957999,0.928461,0.983583,0.003257,0,0.021607,0.000953,0,0.007327,0.000678,0,0.005437,0.011116,0,0.052462,0.000112,0,0.001006,0.00019,0,0.002041,0.000167,0,0.001344,0.000104,0,0.00102,0.000332,0,0.004814,0.001629,0,0.027054,9.6e-05,0,0.000953,7.5e-05,0,0.000764,0.019972,0,0.053609,0.000112,0,0.001282,6.4e-05,0,0.000654,6.9e-05,0,0.000638,0.000132,0,0.001231,8.2e-05,0,0.000847,0.000131,0,0.001397,0.000101,0,0.000889,6.2e-05,0,0.000632,0.000115,0,0.001151,8.3e-05,0,0.000812,8.5e-05,0,0.000991,0.000838,0,0.0103,0.000165,0,0.001675,9e-05,0,0.000831,0.000183,0,0.001871,8.9e-05,0,0.000784,7.5e-05,0,0.000605,0.957051,0.926144,0.983398,0.00045,0,0.005481,0.000192,0,0.001869,0.000124,0,0.001176,0.000309,0,0.004009,8.5e-05,0,0.000932,0.000106,0,9e-04,0.000198,0,0.001954,0.002399,0,0.02099,0.000165,0,0.001613,0.000187,0,0.002182,0.000129,0,0.001098,0.000525,0,0.007371,8.1e-05,0,0.000751,0.000107,0,0.001338,0.000123,0,0.001263,0.000156,0,0.001587,0.000152,0,0.001178,0.000162,0,0.001654,0.000116,0,0.001136,9.9e-05,0,0.000925,0.000155,0,0.001515,5.7e-05,0,0.000565,7.7e-05,0,0.000653,0.000136,0,0.001144,9.6e-05,0,0.001081,0.000129,0,0.001156,0.000165,0,0.001415
"PH_PM_7.sorted.bam","7","PM",0.005705,0,0.034614,0.000597,0,0.005101,0.000755,0,0.005711,0.038077,0.00016,0.071565,0.000472,0,0.003506,0.000548,0,0.004507,0.9517,0.921918,0.983939,0.000867,0,0.006728,0.000543,0,0.004111,0.000736,0,0.006039,0.002411,0,0.031977,0.000276,0,0.002956,8.6e-05,0,0.000904,0.000116,0,0.001292,0.000123,0,0.00139,0.000208,0,0.002299,0.004462,0,0.043635,0.00019,0,0.001403,0.000222,0,0.002803,0.034971,0,0.07087,6.7e-05,0,0.000478,5.3e-05,0,0.000513,0.000149,0,0.001455,0.000155,0,0.001851,7e-05,0,0.000734,0.000205,0,0.002044,4.7e-05,0,0.000397,7.2e-05,0,0.000636,0.000126,0,0.001358,6.8e-05,0,0.00071,0.000114,0,0.001096,0.000761,0,0.008737,8e-05,0,0.000764,0.000139,0,0.001637,0.000277,0,0.003639,5.9e-05,0,0.000645,9.4e-05,0,0.001046,0.950756,0.92016,0.983057,0.000349,0,0.00385,8.6e-05,0,0.000829,0.00014,0,0.001399,3e-04,0,0.004234,9.2e-05,0,0.000854,0.000124,0,0.001031,0.00022,0,0.001682,0.000133,0,0.001602,8.9e-05,0,0.00063,4.6e-05,0,0.00039,7.7e-05,0,0.000786,0.000147,0,0.001333,0.000103,0,0.001066,5.3e-05,0,0.000558,9.2e-05,0,0.000639,9.8e-05,0,0.001057,0.000152,0,0.001416,0.000263,0,0.003171,0.000122,0,0.00107,5.6e-05,0,0.000521,0.000335,0,0.002483,5.8e-05,0,0.000655,8e-05,0,0.000737,0.000167,0,0.001932,5.9e-05,0,0.000677,7.9e-05,0,0.000855,0.000127,0,0.00114
"PH_PM_8.sorted.bam","8","PM",0.007513,0,0.034167,0.00101,0,0.007762,0.002439,0,0.015809,0.024915,0,0.06635,0.001709,0,0.011402,0.000873,0,0.006152,0.95035,0.917997,0.979506,0.005936,0,0.02935,0.004081,0,0.022045,0.001172,0,0.008759,0.001813,0,0.023281,0.000179,0,0.002388,0.000128,0,0.001158,0.000224,0,0.002727,0.00014,0,0.001278,0.001339,0,0.014773,0.006913,0,0.056255,0.000339,0,0.003724,0.000407,0,0.005966,0.018665,0,0.06493,0.000772,0,0.009499,9.8e-05,0,0.001025,0.000203,0,0.002591,0.000485,0,0.006225,0.000261,0,0.003457,0.000202,0,0.002113,0.000117,0,0.001215,0.000146,0,0.001739,0.000251,0,0.003388,0.000189,0,0.002304,1e-04,0,0.000946,0.000324,0,0.003657,0.000121,0,0.001112,0.000228,0,0.003009,0.000715,0,0.007137,0.000177,0,0.002107,0.000122,0,0.001252,0.9489,0.914523,0.97894,0.001883,0,0.027744,0.000435,0,0.003642,0.000238,0,0.002607,0.000532,0,0.004905,0.00036,0,0.003985,0.000177,0,0.002234,0.000746,0,0.010638,0.00314,0,0.028721,0.000797,0,0.010265,0.000213,0,0.002445,0.000379,0,0.005148,0.002581,0,0.031061,0.000465,0,0.006548,0.000216,0,0.002562,0.000348,0,0.003667,7e-04,0,0.011507,0.001077,0,0.016993,0.000107,0,0.001219,0.000122,0,0.001398,0.000235,0,0.00288,0.000277,0,0.002772,0.000147,0,0.001471,0.000129,0,0.001497,0.000118,0,0.001227,0.000522,0,0.006587,0.00031,0,0.003458,0.000189,0,0.002707
"PH_PM_9.sorted.bam","9","PM",0.154749,0.079906,0.202681,0.015562,0,0.059004,0.00122,0,0.010054,0.087201,0.043064,0.128439,0.182681,0.143964,0.222494,0.003888,0,0.022963,0.414516,0.382298,0.448568,0.073931,0.035172,0.107342,0.029877,5e-06,0.060491,0.036374,1e-06,0.082117,5.4e-05,0,0.000503,0.000251,0,0.00302,4.9e-05,0,0.000419,0.000186,0,0.001984,0.000313,0,0.00277,3e-05,0,0.000228,0.000263,0,0.002049,0.000189,0,0.00219,0.000219,0,0.00204,5e-05,0,0.000514,0.006946,0,0.112664,0.00014,0,0.001036,0.000143,0,0.001479,0.000124,0,0.001003,6.4e-05,0,0.000682,0.00019,0,0.001997,0.00035,0,0.004439,0.000372,0,0.005273,0.000273,0,0.002211,0.00014,0,0.001368,5e-05,0,0.000497,0.178202,0,0.288746,0.02812,0,0.115971,0.000444,0,0.005432,0.172513,0.084765,0.25571,0.356961,0.25356,0.443198,0.004571,0,0.042703,0.000129,0,0.001142,0.115415,0,0.208757,0.000359,0,0.00385,0.000115,0,0.000892,0.000145,0,0.001293,0.000115,0,0.000877,0.001203,0,0.017091,0.00049,0,0.005756,5.7e-05,0,0.000596,0.000167,0,0.001715,0.001053,0,0.015504,0.000508,0,0.006029,0.000459,0,0.00493,0.000549,0,0.005849,0.000259,0,0.002857,0.025269,0,0.100421,0.029773,0,0.1135,2.6e-05,0,0.00022,0.007771,0,0.07783,0.00025,0,0.002651,8e-05,0,0.000952,0.000118,0,0.001095,0.000116,0,0.001164,0.000318,0,0.004067,0.062203,0,0.1627,0.000133,0,0.001512,0.001668,0,0.026211,4.6e-05,0,0.000424
"PH_PR_11.sorted.bam","11","PR",0.359584,0.323188,0.398938,0.001136,0,0.008322,0.034205,1.2e-05,0.069736,0.027852,0,0.068252,0.001325,0,0.009936,0.000929,0,0.006835,0.108279,0.069394,0.154388,0.44378,0.348016,0.507855,0.000989,0,0.007163,0.021921,0,0.099641,0.001152,0,0.014861,0.000266,0,0.00199,0.000153,0,0.001767,0.000773,0,0.008162,0.000214,0,0.002248,0.000346,0,0.004178,0.002137,0,0.029168,0.000261,0,0.002716,0.000386,0,0.003396,5e-04,0,0.004994,0.000224,0,0.001983,0.000174,0,0.001659,0.000196,0,0.001406,0.000219,0,0.002096,0.000227,0,0.002742,8.7e-05,0,0.000877,0.000227,0,0.002273,0.000173,0,0.001359,0.000117,0,0.001177,0.000121,0,0.001202,0.000148,0,0.00153,0.004341,0,0.088714,0.000214,0,0.002419,0.063469,0,0.134029,0.050272,0,0.134561,0.000606,0,0.00943,0.000144,0,0.001414,0.045144,0,0.118442,0.703782,0.631859,0.778197,0.000112,0,0.000919,0.001486,0,0.018334,0.000412,0,0.004345,0.000222,0,0.002334,0.000125,0,0.001477,0.005188,0,0.076863,0.087855,0,0.165691,0.000232,0,0.001727,0.000118,0,0.001244,0.000185,0,0.00205,9.3e-05,0,0.000653,0.000186,0,0.001647,0.000164,0,0.002248,0.000137,0,0.001254,0.000142,0,0.001739,0.000252,0,0.003356,0.005022,0,0.054321,0.00038,0,0.004581,0.000835,0,0.011324,0.000807,0,0.010791,0.000248,0,0.002817,0.000402,0,0.004702,0.001898,0,0.02602,0.000381,0,0.00428,0.000217,0,0.002219,0.016827,0,0.098799
"PH_PR_12.sorted.bam","12","PR",0.372346,0.33811,0.428628,0.001649,0,0.011822,0.002575,0,0.019023,0.00251,0,0.018573,0.001,0,0.007236,0.001062,0,0.00778,0.088277,0.049645,0.128515,0.517654,0.39337,0.573184,0.00477,0,0.021365,0.008157,0,0.069813,0.003571,0,0.044926,0.000508,0,0.00431,0.000165,0,0.001633,0.001017,0,0.016601,0.000172,0,0.001989,0.00028,0,0.002718,0.000402,0,0.00319,0.000167,0,0.001761,0.00022,0,0.002467,0.000421,0,0.004717,0.000315,0,0.00348,0.000108,0,0.001046,0.000131,0,0.001498,2e-04,0,0.00221,0.000117,0,0.001141,0.000229,0,0.001689,0.000226,0,0.002671,0.000221,0,0.002114,0.000254,0,0.002,9.7e-05,0,0.000828,0.000143,0,0.001599,0.00778,0,0.093809,0.000264,0,0.003326,0.001661,0,0.022446,0.000358,0,0.002674,0.000175,0,0.001817,0.000229,0,0.00264,0.076292,0,0.124936,0.725887,0.648174,0.801666,0.000295,0,0.002514,0.000187,0,0.001377,0.000651,0,0.008391,0.000235,0,0.002754,0.000173,0,0.002125,0.00949,0,0.095007,0.14837,0,0.226245,0.000858,0,0.013103,0.000902,0,0.013635,0.000696,0,0.010806,0.001131,0,0.015816,0.000235,0,0.002513,0.000175,0,0.001947,0.002836,0,0.034287,0.000477,0,0.006235,0.000732,0,0.011032,0.000555,0,0.005882,0.000325,0,0.004305,0.000285,0,0.003405,0.000796,0,0.010936,0.00027,0,0.003673,0.000236,0,0.002298,0.001177,0,0.016621,0.001174,0,0.016565,0.000766,0,0.012455,0.005365,0,0.067311
"PH_PR_1.sorted.bam","1","PR",0.400328,0.362766,0.440619,0.00171,0,0.012095,0.017015,0,0.066565,0.017011,0,0.055402,0.002285,0,0.016036,0.000595,0,0.004789,0.06662,0.029597,0.110372,0.482889,0.395912,0.53781,0.001979,0,0.013416,0.009569,0,0.074401,0.002877,0,0.045459,0.000422,0,0.004951,0.000324,0,0.003214,0.006486,0,0.065682,0.000201,0,0.001789,0.010695,0,0.062785,0.01092,0,0.082878,0.000297,0,0.002684,0.002466,0,0.03545,0.001583,0,0.023297,0.000514,0,0.007067,0.000121,0,0.000976,0.000386,0,0.004239,0.000932,0,0.014415,0.000484,0,0.006752,0.000107,0,0.001038,8.9e-05,0,0.000954,8.4e-05,0,0.000811,0.000141,0,0.001234,8.3e-05,0,0.00075,0.000109,0,0.001171,0.000489,0,0.003324,0.000559,0,0.006198,0.000404,0,0.002191,0.012089,0,0.102594,0.000493,0,0.004782,0.000114,0,0.001074,0.052537,0,0.107412,0.774419,0.681185,0.85991,0.000199,0,0.001688,0.000121,0,0.001224,0.001961,0,0.028007,0.000563,0,0.006666,9.9e-05,0,0.000953,0.000773,0,0.007944,0.093455,0,0.162756,0.000339,0,0.003868,0.000512,0,0.007703,9.6e-05,0,0.000681,0.001484,0,0.020783,0.000292,0,0.002989,0.000117,0,0.001187,0.000326,0,0.003792,0.000161,0,0.001284,0.000195,0,0.002664,0.001206,0,0.014572,0.000372,0,0.003083,0.002397,0,0.03037,0.000566,0,0.005955,0.000218,0,0.002188,0.000138,0,0.001503,0.012918,0,0.130051,0.000571,0,0.006488,0.000241,0,0.002329,0.000255,0,0.003352
"PH_PR_2.sorted.bam","2","PR",0.403824,0.371918,0.438757,0.001365,0,0.009973,0.008842,0,0.038334,0.005414,0,0.039808,0.014355,0,0.05378,0.000829,0,0.005779,0.056936,0.023539,0.093241,0.473601,0.382606,0.531748,0.001997,0,0.013035,0.032838,0,0.109074,0.000181,0,0.001873,0.000732,0,0.011314,7.1e-05,0,0.00065,0.007048,0,0.060583,0.000485,0,0.006432,0.000383,0,0.003456,0.006249,0,0.075938,0.000406,0,0.005287,0.000873,0,0.01155,0.000321,0,0.003368,0.01446,0,0.095409,0.000218,0,0.002473,0.000201,0,0.001808,0.000261,0,0.00252,0.000178,0,0.002512,0.000277,0,0.003366,0.00012,0,0.001318,0.000208,0,0.002812,9.2e-05,0,0.000775,0.000225,0,0.002367,0.000101,0,0.000895,0.005156,0,0.086549,0.000265,0,0.002798,0.000301,0,0.002748,0.001088,0,0.015041,0.012253,0,0.085191,0.000211,0,0.002456,0.038473,0,0.089098,0.768958,0.671363,0.849086,0.00012,0,0.001416,0.002504,0,0.037903,0.000785,0,0.006748,0.000141,0,0.001205,0.000109,0,0.00072,0.008124,0,0.101909,0.082934,0,0.152716,3e-04,0,0.003189,0.000109,0,0.001195,0.000168,0,0.00144,0.000206,0,0.002208,0.000192,0,0.00182,9.2e-05,0,0.000775,0.000175,0,0.001756,0.000127,0,0.001417,0.000367,0,0.004495,0.004106,0,0.053578,0.000131,0,0.001066,0.005129,0,0.057959,0.000226,0,0.002535,0.000403,0,0.003389,0.00012,0,0.001244,0.009354,0,0.079526,0.000464,0,0.004562,0.00189,0,0.020496,0.021925,0,0.106624
"PH_PR_3.sorted.bam","3","PR",0.371741,0.33248,0.424375,0.000643,0,0.004953,0.032351,1e-06,0.068294,0.003665,0,0.027363,0.000933,0,0.007668,0.000798,0,0.006037,0.137686,0.097175,0.182052,0.45012,0.37188,0.509059,0.000488,0,0.003893,0.001575,0,0.012199,0.000321,0,0.002763,0.000153,0,0.001483,9.1e-05,0,0.000786,0.000917,0,0.01184,0.000179,0,0.00177,0.000219,0,0.002743,0.001446,0,0.021775,0.00015,0,0.001625,0.000863,0,0.013133,0.000585,0,0.008672,0.000305,0,0.003046,6.5e-05,0,0.000715,0.000126,0,0.001216,0.000161,0,0.00162,0.000157,0,0.001558,9.2e-05,0,0.00087,0.000149,0,0.001649,0.000162,0,0.001883,0.000175,0,0.00123,0.000155,0,0.001402,0.000137,0,0.001698,0.009619,0,0.11473,0.000114,0,0.001069,0.061179,0,0.134173,0.00276,0,0.037425,0.000259,0,0.002065,0.000179,0,0.001847,0.098079,0.021802,0.150402,0.729921,0.650834,0.79964,0.00016,0,0.001522,0.000605,0,0.003873,0.000208,0,0.001254,0.000313,0,0.002972,0.000194,0,0.001812,0.004441,0,0.066507,0.081978,0,0.156095,0.000111,0,0.001038,5.6e-05,0,0.000583,8.3e-05,0,0.000822,7.3e-05,0,0.000527,8.7e-05,0,0.000713,5.7e-05,0,0.000554,0.000138,0,0.001059,0.000187,0,0.001957,5e-05,0,0.000412,0.000277,0,0.002354,7.8e-05,0,0.000632,0.00015,0,0.001696,0.000325,0,0.0029,8.2e-05,0,0.000729,0.000156,0,0.001781,0.000526,0,0.00724,0.000255,0,0.00181,8.3e-05,0,0.000637,0.000609,0,0.005205
"PH_PR_4.sorted.bam","4","PR",0.383632,0.341009,0.417248,0.000636,0,0.004918,0.002757,0,0.020652,0.001348,0,0.010862,0.000484,0,0.00445,0.00108,0,0.008216,0.084469,0.047532,0.123601,0.502436,0.416778,0.54652,0.000712,0,0.005563,0.022445,0,0.094587,0.002339,0,0.029812,0.000144,0,0.000958,7.9e-05,0,0.000908,0.000616,0,0.006449,0.000105,0,0.000929,0.000583,0,0.007435,0.000422,0,0.004133,0.000174,0,0.001923,0.000293,0,0.002742,0.00023,0,0.002823,0.000161,0,0.001414,3.7e-05,0,0.000388,0.000125,0,0.001111,0.000113,0,0.000741,5.3e-05,0,0.000451,0.000361,0,0.004785,0.000146,0,0.001337,0.00031,0,0.003399,0.000201,0,0.002228,7e-05,0,0.000575,7.6e-05,0,0.000704,0.000671,0,0.00804,0.000208,0,0.002013,0.000914,0,0.012641,0.000525,0,0.005868,0.000143,0,0.001274,0.000443,0,0.005448,0.000771,0,0.006568,0.757473,0.674423,0.824869,0.000122,0,0.001267,0.001444,0,0.016796,0.000319,0,0.003851,5.2e-05,0,0.000566,0.000245,0,0.002236,0.123646,0,0.230676,0.060468,0,0.126809,0.000232,0,0.002539,6.4e-05,0,0.000561,0.000207,0,0.002391,9.5e-05,0,0.001036,7.9e-05,0,0.000659,0.000166,0,0.001607,0.000168,0,0.001948,0.000142,0,0.001859,5.7e-05,0,0.000572,0.002506,0,0.03308,0.000113,0,0.000962,0.000334,0,0.002985,9.4e-05,0,7e-04,8.4e-05,0,0.000742,6.7e-05,0,0.000806,0.040679,0,0.186899,0.000494,0,0.005993,0.000159,0,0.001584,0.000181,0,0.001724
"PH_PR_5.sorted.bam","5","PR",0.388192,0.355468,0.43025,0.001286,0,0.008647,0.001902,0,0.015595,0.006362,0,0.037467,0.001339,0,0.009852,0.000992,0,0.007112,0.089244,0.052789,0.131043,0.480387,0.386045,0.534004,0.001003,0,0.007675,0.029293,1e-06,0.091868,0.000668,0,0.009273,0.00026,0,0.003098,0.000181,0,0.002391,0.000253,0,0.002524,0.000229,0,0.002428,0.000387,0,0.004229,0.000851,0,0.012901,0.000215,0,0.002366,0.000223,0,0.002082,0.001293,0,0.017554,0.000419,0,0.004695,0.000223,0,0.002497,0.000138,0,0.000898,0.000259,0,0.001701,0.000187,0,0.001852,0.000102,0,0.00096,0.000158,0,0.00182,0.000136,0,0.00165,0.00024,0,0.002345,0.000266,0,0.003534,0.000262,0,0.003459,0.012776,0,0.106364,0.000308,0,0.003189,0.000957,0,0.013594,0.001073,0,0.016477,0.000441,0,0.005212,0.000155,0,0.001774,0.077258,0.018979,0.125427,0.732827,0.631769,0.821537,0.000411,0,0.005001,0.000383,0,0.004011,0.000634,0,0.007534,0.000217,0,0.002158,0.000103,0,0.001109,0.003346,0,0.056452,0.111027,0,0.18466,0.000101,0,0.000953,0.000264,0,0.003275,7.1e-05,0,0.000594,0.000293,0,0.003208,0.000195,0,0.002041,0.000115,0,0.001119,8.7e-05,0,0.00065,0.000233,0,0.002788,0.000124,0,0.001467,0.027459,0,0.094834,0.00014,0,0.001798,0.00064,0,0.009235,0.006349,0,0.071015,0.000147,0,0.001736,0.000185,0,0.001505,0.004828,0,0.053117,0.000566,0,0.006346,0.000401,0,0.005024,0.008936,0,0.089637
"PH_PR_6.sorted.bam","6","PR",0.384978,0.33741,0.448702,0.000588,0,0.004526,0.010009,0,0.049725,0.008967,0,0.064502,0.000816,0,0.006679,0.00059,0,0.004454,0.0779,0.044255,0.121037,0.507829,0.39613,0.562822,0.000659,0,0.004984,0.007664,0,0.063237,0.004571,0,0.069392,0.000119,0,0.001084,8e-05,0,0.000657,0.000832,0,0.011854,0.000139,0,0.001244,0.000365,0,0.004079,0.000968,0,0.012118,7.6e-05,0,0.000773,0.000456,0,0.005629,0.000406,0,0.004623,0.000295,0,0.002843,8.5e-05,0,0.000847,0.000179,0,0.001816,0.000177,0,0.001566,0.000202,0,0.002258,0.000106,0,0.00076,6.6e-05,0,0.000577,9.1e-05,0,0.000862,0.000197,0,0.002398,5.9e-05,0,0.000512,6.6e-05,0,0.000727,0.068923,0,0.170955,0.000212,0,0.001944,0.013076,0,0.095709,0.01382,0,0.126551,0.000152,0,0.001246,0.00018,0,0.002315,0.021059,0,0.095129,0.687474,0.593884,0.793014,0.000104,0,0.00101,0.00387,0,0.054548,0.000761,0,0.008878,0.000102,0,0.001086,0.000178,0,0.002246,0.00758,0,0.089911,0.157211,0,0.241646,0.000149,0,0.001475,9e-05,0,0.00082,0.000166,0,0.00157,0.000131,0,0.001267,6.9e-05,0,0.000548,6.7e-05,0,0.000648,0.000219,0,0.002275,9.3e-05,0,0.001026,1e-04,0,0.001022,0.00195,0,0.028497,0.000125,0,0.001019,0.00048,0,0.004557,0.000536,0,0.006969,0.00011,0,0.00106,0.000101,0,0.000822,0.00952,0,0.11133,0.001076,0,0.004463,0.000134,0,0.001254,0.000648,0,0.007782
"PH_PR_8.sorted.bam","8","PR",0.385864,0.348751,0.442721,0.001326,0,0.009675,0.024402,0,0.065068,0.003616,0,0.024999,0.00155,0,0.010617,0.000784,0,0.006158,0.089571,0.053422,0.134393,0.475685,0.375144,0.537439,0.001626,0,0.011499,0.015575,0,0.08146,0.002604,0,0.039891,0.000238,0,0.002419,0.000352,0,0.005041,0.000887,0,0.010422,0.000203,0,0.002031,0.004521,0,0.048037,0.000407,0,0.003939,0.000159,0,0.001638,0.000173,0,0.001962,0.00106,0,0.016865,0.000386,0,0.004243,0.000279,0,0.003244,0.00021,0,0.002275,0.000305,0,0.003541,0.000264,0,0.002822,6e-05,0,0.00056,0.000106,0,0.001194,0.000265,0,0.002754,0.000202,0,0.001986,0.000121,0,0.001203,0.000135,0,0.001503,0.042977,0,0.158112,2e-04,0,0.002087,0.004332,0,0.055962,0.002696,0,0.033646,0.000346,0,0.003891,8.1e-05,0,0.000933,0.063616,0,0.130621,0.71996,0.614592,0.805005,0.000265,0,0.003366,0.031034,0,0.120604,0.000202,0,0.001714,0.000268,0,0.003036,0.000177,0,0.001916,0.000524,0,0.007722,0.0908,0,0.176761,0.000222,0,0.002302,0.00032,0,0.003487,0.00011,0,0.001177,0.000347,0,0.00343,0.000223,0,0.002223,0.000132,0,0.001078,0.000157,0,0.002407,0.000353,0,0.004218,0.000579,0,0.007881,0.001382,0,0.02178,0.000177,0,0.001828,0.00255,0,0.034886,0.000621,0,0.008276,0.000436,0,0.006048,0.000155,0,0.001401,0.000596,0,0.008023,0.016987,0,0.133384,0.000231,0,0.002496,0.004007,0,0.051882
"PH_PT_12.sorted.bam","12","PT",0.375073,0.260395,0.44274,0.014362,0,0.051502,0.062748,0.030962,0.096892,0.01238,0,0.08158,0.211038,0.169017,0.252919,0.073221,0.036269,0.11114,0.007581,0,0.035199,0.16492,0.126313,0.204899,0.002214,0,0.013982,0.076463,0.03788,0.153014,0.020829,0,0.096779,0.004709,0,0.060683,0.004058,0,0.039488,0.001259,0,0.021716,0.001618,0,0.024218,0.001835,0,0.024798,0.000546,0,0.004982,0.001322,0,0.019872,0.000462,0,0.003584,0.009088,0,0.077749,0.378877,0.232939,0.478225,0.002233,0,0.03349,0.000512,0,0.006702,0.000677,0,0.009591,0.00353,0,0.043161,0.004328,0,0.049291,0.006697,0,0.081869,0.000614,0,0.006556,0.000521,0,0.007688,0.022362,0,0.165127,0.043126,0,0.100202,0.000162,0,0.001628,0.000307,0,0.003226,0.000608,0,0.008067,0.000657,0,0.008576,0.001,0,0.011295,0.00112,0,0.014429,0.004408,0,0.032952,0.295556,0.139365,0.394063,0.001226,0,0.012167,0.000562,0,0.007104,0.000783,0,0.011797,0.00115,0,0.012197,0.022782,0,0.177355,0.001415,0,0.020299,0.002629,0,0.032603,0.000657,0,0.008045,0.000745,0,0.008593,0.000537,0,0.007493,0.000213,0,0.001902,0.000366,0,0.005066,0.000455,0,0.004369,0.000225,0,0.002645,0.00079,0,0.011746,8.8e-05,0,0.000906,0.022394,0,0.144553,0.001749,0,0.026402,0.115652,0.054536,0.185751,0.001401,0,0.020008,0.007839,0,0.116901,0.001309,0,0.021171,0.000852,0,0.006946,0.000318,0,0.004015,0.000265,0,0.003107,0.000573,0,0.006231
"PH_PT_2.sorted.bam","2","PT",0.386951,0.213161,0.444626,0.006723,0,0.034986,0.060457,0.032284,0.097476,0.005671,0,0.066448,0.217402,0.172376,0.268345,0.062168,0.024951,0.097959,0.001501,0,0.01001,0.151995,0.112815,0.204149,0.001652,0,0.013449,0.105479,0.061457,0.189968,0.000279,0,0.002892,0.004229,0,0.05239,0.000194,0,0.002208,0.046492,0,0.141661,0.003401,0,0.042134,0.012661,0,0.083725,0.00075,0,0.010423,0.000438,0,0.005112,0.000621,0,0.006934,0.000222,0,0.002722,0.305893,0,0.453523,0.000176,0,0.001757,0.007962,0,0.089088,0.000335,0,0.003823,0.049827,0,0.248504,0.000578,0,0.009029,0.003623,0,0.044978,0.025694,0,0.133634,0.000262,0,0.002423,0.019309,0,0.128353,0.034536,0,0.093366,0.000221,0,0.002137,0.000139,0,0.001643,0.000164,0,0.002242,0.000105,0,0.001043,0.000195,0,0.002134,0.000254,0,0.002917,0.000621,0,0.00818,0.288258,0.191983,0.405878,0.000234,0,0.001701,0.001823,0,0.032406,0.000257,0,0.003293,0.00028,0,0.002437,0.000282,0,0.00291,0.000217,0,0.002201,0.002084,0,0.026942,0.000297,0,0.001628,0.00044,0,0.004413,0.000317,0,0.002761,0.00037,0,0.002959,0.000231,0,0.002561,0.000694,0,0.008059,0.00017,0,0.001607,0.000279,0,0.002742,0.000102,0,0.001017,0.126626,0,0.225521,0.000379,0,0.002153,0.009119,0,0.128374,0.007762,0,0.12908,0.000768,0,0.00853,0.004568,0,0.067975,0.000296,0,0.003512,0.008191,0,0.11202,0.000301,0,0.003213,0.026474,0,0.172339
"PH_PT_9.sorted.bam","9","PT",0.385284,0.221098,0.492113,0.00331,0,0.021986,0.100985,0.055073,0.152235,0.005048,0,0.039908,0.219321,0.177368,0.271374,0.076293,0.031691,0.120126,0.001805,0,0.012945,0.110227,0.069399,0.175304,0.003466,0,0.021681,0.094259,0.041199,0.192365,0.030525,0,0.147539,0.000622,0,0.0062,0.00117,0,0.017502,0.070855,0,0.199006,0.000711,0,0.010899,0.062011,0,0.146286,0.000293,0,0.003527,0.000447,0,0.003677,0.000327,0,0.003429,0.002151,0,0.028864,0.390399,0,0.502322,0.000415,0,0.004613,2e-04,0,0.002181,0.000238,0,0.00214,0.018878,0,0.253996,0.001289,0,0.01868,0.000463,0,0.006076,0.000982,0,0.00437,0.002878,0,0.051475,0.007017,0,0.086897,0.065323,0,0.114914,0.000202,0,0.001986,0.000375,0,0.005505,0.000488,0,0.00544,0.000313,0,0.004534,0.000178,0,0.002014,0.000207,0,0.002272,0.000297,0,0.002427,0.191157,0,0.347956,0.000169,0,0.002008,0.000464,0,0.003827,0.000421,0,0.005866,0.000129,0,0.001406,0.000351,0,0.0035,0.000353,0,0.003761,0.013553,0,0.082529,0.000716,0,0.006725,0.000696,0,0.009827,0.000558,0,0.007316,0.000131,0,0.0012,0.000343,0,0.003521,0.002138,0,0.026857,0.000234,0,0.002245,0.000138,0,0.001323,0.000465,0,0.006643,0.053984,0,0.163091,0.000383,0,0.004799,0.003363,0,0.065609,0.000748,0,0.009874,0.001968,0,0.014028,0.006614,0,0.134293,0.000668,0,0.008276,0.000166,0,0.00128,0.001046,0,0.015801,0.059789,0,0.188023
"PH_SB_10.sorted.bam","10","SB",0.303718,0.194623,0.36211,0.079757,0.049225,0.117722,0.001762,0,0.012376,0.057264,0.022341,0.096767,0.399539,0.339949,0.443551,0.132143,0.09847,0.181218,0.001812,0,0.013272,0.003285,0,0.021122,0.008358,0,0.040316,0.012362,0,0.037829,3.7e-05,0,0.000409,0.000489,0,0.003763,5.4e-05,0,0.000403,0.000148,0,0.001328,0.000317,0,0.004152,6e-05,0,0.000613,0.000205,0,0.00162,0.074956,0,0.169181,0.000327,0,0.002696,7.7e-05,0,0.000801,0.604113,0.386024,0.720913,0.000745,0,0.010251,0.000617,0,0.008343,0.012402,0,0.176778,0.000432,0,0.003518,0.000347,0,0.002591,0.073651,0,0.21486,0.000551,0,0.007559,0.010568,0,0.110466,0.173778,0,0.324391,7.7e-05,0,0.000669,0.00021,0,0.002515,0.00077,0,0.009961,0.00018,0,0.001938,0.000295,0,0.002931,0.000802,0,0.010386,0.00042,0,0.004487,6.4e-05,0,0.000547,0.000861,0,0.009733,0.00087,0,0.01129,0.00011,0,0.001078,0.000754,0,0.008684,0.000481,0,0.005543,0.00109,0,0.015881,0.000221,0,0.002077,7.1e-05,0,0.000618,0.000213,0,0.002416,0.004509,0,0.064526,0.000522,0,0.008194,0.00326,0,0.044146,0.004278,0,0.060895,0.000243,0,0.003236,0.000195,0,0.00192,0.001017,0,0.015682,0.000113,0,0.00102,0.000778,0,0.009973,0.003101,0,0.046746,0.000632,0,0.008768,0.011608,0,0.067508,0.000998,0,0.014003,0.003486,0,0.038307,0.000404,0,0.004981,0.001023,0,0.013869,0.002252,0,0.02843,0.000222,0,0.002529
"PH_SB_1.sorted.bam","1","SB",0.360894,0.295938,0.403202,0.005469,0,0.033296,0.001429,0,0.010291,0.009983,0,0.043636,0.341629,0.307603,0.372609,0.041843,0.017319,0.070909,0.090742,0.064218,0.120485,0.138091,0.104337,0.172335,0.003092,0,0.018702,0.006827,0,0.030895,3.9e-05,0,0.000348,0.000101,0,0.00069,4.3e-05,0,0.000373,0.000143,0,0.001603,0.000516,0,0.007335,3.1e-05,0,0.000295,0.000561,0,0.006711,0.002132,0,0.032691,0.000816,0,0.012201,5.8e-05,0,0.000515,0.510648,0.399518,0.590474,0.000462,0,0.004864,0.000306,0,0.003024,0.009888,0,0.084019,6.1e-05,0,0.00044,0.000171,0,0.001674,0.000464,0,0.005603,0.000197,0,0.00258,0.002303,0,0.037154,0.000884,0,0.014226,3.8e-05,0,0.000396,3e-04,0,0.003529,0.003141,0,0.047324,0.000286,0,0.003432,0.001897,0,0.031634,0.15982,0.087424,0.228389,0.01273,0,0.087192,4.9e-05,0,0.000478,0.204856,0.125552,0.280115,0.002431,0,0.033881,0.000194,0,0.002215,0.000861,0,0.010226,9.6e-05,0,0.001146,0.065191,0,0.137013,0.000198,0,0.002157,3.5e-05,0,0.000324,6.5e-05,0,0.000722,0.000584,0,0.008483,0.000219,0,0.002776,0.000586,0,0.008767,0.000349,0,0.005315,5.2e-05,0,0.000526,0.000524,0,0.005171,0.002013,0,0.02675,4.3e-05,0,0.000301,0.004866,0,0.054266,0.001022,0,0.015986,0.000119,0,0.001121,0.000807,0,0.01138,0.000683,0,0.008511,0.001619,0,0.022857,0.002492,0,0.035583,0.000274,0,0.002661,0.001706,0,0.02501,3.3e-05,0,0.000302
"PH_SB_2.sorted.bam","2","SB",0.401108,0.298795,0.457333,0.039311,1.4e-05,0.093063,0.008381,0,0.027344,0.002377,0,0.019036,0.535099,0.487928,0.618178,0.00769,0,0.037803,0.001381,0,0.010346,0.002618,0,0.017457,0.001421,0,0.011452,0.000613,0,0.005286,0.033526,0,0.124823,0.013495,0,0.103106,0.023514,0,0.091864,0.000342,0,0.00384,0.00022,0,0.002065,0.007209,0,0.026675,0.000321,0,0.003629,0.000333,0,0.00269,0.000388,0,0.00361,0.001161,0,0.017022,0.718307,0.574179,0.830804,0.005436,0,0.069339,0.000145,0,0.001122,0.000258,0,0.003202,0.172317,0.092964,0.314199,0.001017,0,0.015353,0.009425,0,0.06875,0.000447,0,0.005114,0.000216,0,0.002653,2e-04,0,0.001287,0.001284,0,0.018963,0.000477,0,0.004278,0.000469,0,0.005333,9.4e-05,0,0.000963,0.000185,0,0.00224,0.000236,0,0.001684,0.000435,0,0.005739,0.000238,0,0.002952,0.001017,0,0.012204,0.0011,0,0.016141,0.00054,0,0.007892,0.000256,0,0.003084,0.00025,0,0.003096,0.000634,0,0.008741,0.000201,0,0.002783,0.000486,0,0.007456,0.000128,0,0.001155,0.000961,0,0.017042,0.000102,0,0.001132,0.000165,0,0.001514,0.000656,0,0.00188,0.000365,0,0.003984,0.000103,0,0.00082,7.7e-05,0,0.000748,9.6e-05,0,0.000902,6.2e-05,0,0.000636,0.000153,0,0.001296,6.5e-05,0,0.000683,0.00031,0,0.00264,7.6e-05,0,0.000764,7.2e-05,0,0.000627,8.7e-05,0,0.000872,0.000191,0,0.001439,9.4e-05,0,0.000749,5.8e-05,0,0.000532
"PH_SB_3.sorted.bam","3","SB",0.40463,0.296934,0.445923,0.011532,0,0.048334,0.001615,0,0.013209,0.006255,0,0.037627,0.549219,0.499233,0.645205,0.003458,0,0.025075,0.013586,0,0.0399,0.005265,0,0.024794,0.003006,0,0.020545,0.001434,0,0.011371,0.000376,0,0.004524,0.002625,0,0.040535,0.002438,0,0.031597,0.00013,0,0.001239,5e-04,0,0.005918,0.000314,0,0.004081,0.000355,0,0.003585,0.000494,0,0.006124,0.000162,0,0.001555,0.00353,0,0.036128,0.803526,0.593791,0.886078,0.005169,0,0.062043,0.00044,0,0.004529,0.000768,0,0.009712,0.141166,0.066273,0.34249,0.000214,0,0.002489,0.003566,0,0.041462,0.000198,0,0.001731,0.000257,0,0.001979,0.000854,0,0.008351,0.000272,0,0.003838,0.000307,0,0.002403,0.001776,0,0.025571,0.000671,0,0.008401,0.002397,0,0.029348,0.003796,0,0.04554,0.000546,0,0.006755,0.005863,0,0.036655,0.000768,0,0.009073,0.001122,0,0.018315,0.000186,0,0.002194,0.000669,0,0.009052,0.000341,0,0.003747,0.000209,0,0.001678,0.005241,0,0.041916,0.000682,0,0.00975,0.000489,0,0.004938,0.00231,0,0.032802,0.000171,0,0.001702,0.00014,0,0.001839,0.000827,0,0.013055,0.000388,0,0.002776,0.000504,0,0.006695,0.000443,0,0.005133,0.000263,0,0.002626,9.4e-05,0,0.000725,0.000625,0,0.00829,0.000145,0,0.001291,0.000209,0,0.00236,0.000386,0,0.003798,0.00014,0,0.001135,0.000206,0,0.001837,0.000187,0,0.00156,0.000216,0,0.002774,0.00033,0,0.00398
"PH_SB_4.sorted.bam","4","SB",0.365925,0.093905,0.411578,0.01374,0,0.048585,0.000802,0,0.006267,0.009705,0,0.094208,0.558818,0.512768,0.65951,0.042787,0.002858,0.078967,0.000659,0,0.005196,0.002566,0,0.019464,0.004349,0,0.025895,0.000648,0,0.005091,0.002608,0,0.033215,0.004396,0,0.055448,0.002701,0,0.03074,0.000149,0,0.0014,0.00017,0,0.001594,0.00012,0,0.00147,0.000728,0,0.009186,0.002798,0,0.04698,0.000176,0,0.001466,0.001973,0,0.024424,0.708678,0.054245,0.805441,0.000932,0,0.014586,0.000158,0,0.00106,0.009874,0,0.181157,0.192417,0.126257,0.452599,0.008258,0,0.087906,0.010454,0,0.07435,0.00027,0,0.003463,0.000871,0,0.013968,0.011225,0,0.10195,0.026395,0,0.075462,9.6e-05,0,0.000865,0.000108,0,0.001001,5.2e-05,0,0.00045,0.000161,0,0.00165,8.6e-05,0,0.000819,0.000307,0,0.003945,0.000119,0,0.001273,0.003563,0,0.03343,0.000335,0,0.003825,8.2e-05,0,0.000645,0.000473,0,0.005183,0.000107,0,0.000963,1e-04,0,0.000689,8.3e-05,0,0.000487,7.5e-05,0,0.000671,0.000677,0,0.009367,0.002815,0,0.03656,0.000257,0,0.00329,0.000294,0,0.003678,0.001613,0,0.024041,0.001146,0,0.017246,0.000115,0,0.001028,0.000159,0,0.001995,0.000628,0,0.008665,8.9e-05,0,0.000708,7.1e-05,0,0.000716,5.1e-05,0,0.000475,9e-05,0,0.00076,0.000127,0,0.001395,0.000154,0,0.001538,7e-05,0,0.000626,7.8e-05,0,0.000597,0.000365,0,0.004648,0.000101,0,0.000899
"PH_SB_6.sorted.bam","6","SB",0.370956,0.288526,0.403281,0.061771,0.03799,0.094101,0.001677,0,0.013241,0.000878,0,0.007494,0.499424,0.459902,0.543376,0.004726,0,0.027618,0.000507,0,0.00399,0.000547,0,0.00456,0.059019,0.034661,0.088434,0.000496,0,0.0037,0.000155,0,0.001563,0.00038,0,0.003708,0.00011,0,0.001096,0.000215,0,0.002366,0.000402,0,0.005097,5.1e-05,0,0.000551,0.000151,0,0.001757,0.000404,0,0.003931,0.000101,0,0.000884,9.4e-05,0,0.000775,0.73843,0.577014,0.804664,0.0035,0,0.054466,0.000208,0,0.002031,0.000184,0,0.001637,0.127602,0.067082,0.244584,0.00174,0,0.024083,0.003168,0,0.045247,0.001376,0,0.018743,0.00033,0,0.003777,0.000626,0,0.008231,0.000416,0,0.005227,0.000145,0,0.001741,0.000127,0,0.001276,8.8e-05,0,0.000797,7.9e-05,0,0.000736,7.5e-05,0,0.000895,0.000226,0,0.001589,4.2e-05,0,0.000389,9.1e-05,0,0.001002,0.000151,0,0.001285,0.000112,0,0.000694,8.1e-05,0,0.000716,0.000135,0,0.001313,0.000201,0,0.001928,4.4e-05,0,0.000397,4.4e-05,0,0.000436,0.000377,0,0.004308,0.11505,0.066771,0.172932,0.000663,0,0.008944,0.000166,0,0.001752,3e-04,0,0.002663,0.000837,0,0.012549,0.000105,0,0.001102,0.000152,0,0.001642,0.000139,0,0.001607,7.2e-05,0,0.000716,0.000139,0,0.001398,8.6e-05,0,0.001,7.2e-05,0,0.000739,0.000185,0,0.001291,0.000117,0,0.000932,4e-05,0,0.000351,3.9e-05,0,0.000393,0.000108,0,0.000858,6.8e-05,0,0.000689
"PH_SB_7.sorted.bam","7","SB",0.387728,0.127668,0.4335,0.020679,0,0.054367,0.000586,0,0.004641,0.001321,0,0.009885,0.566069,0.51976,0.661955,0.007295,0,0.090817,0.001343,0,0.009129,0.0088,0,0.120697,0.004872,0,0.041514,0.001307,0,0.009751,0.000252,0,0.003164,0.03117,0,0.101691,0.000984,0,0.015192,7.2e-05,0,0.000634,0.000107,0,0.000998,8.1e-05,0,0.000806,0.000508,0,0.007386,0.000261,0,0.002483,0.00022,0,0.001716,0.000269,0,0.003429,0.721746,0,0.855658,0.002609,0,0.038349,0.000118,0,0.000704,0.000139,0,0.001495,0.196826,0.121216,0.587269,0.000651,0,0.008857,0.000671,0,0.010174,8.9e-05,0,0.000788,0.000177,0,0.00212,0.011637,0,0.181164,0.000346,0,0.004383,0.000197,0,0.002085,0.000418,0,0.005915,0.000103,0,0.001,0.000374,0,0.003991,0.00036,0,0.004562,0.00031,0,0.003798,0.000223,0,0.002597,0.016592,0,0.240152,9.8e-05,0,0.000996,8.6e-05,0,0.000698,0.000138,0,0.001639,0.000151,0,0.0012,8.9e-05,0,0.000751,0.000103,0,0.000929,6.5e-05,0,0.000644,0.003756,0,0.078412,0.003836,0,0.051448,0.000109,0,0.001063,0.000115,0,0.000982,0.000709,0,0.009128,0.000175,0,0.001421,0.000189,0,0.002004,0.000146,0,0.001318,0.000212,0,0.002384,0.00026,0,0.002823,0.000221,0,0.001603,0.000107,0,0.000573,0.000173,0,0.001856,0.001019,0,0.005962,9.9e-05,0,0.000878,0.000186,0,0.001964,6.6e-05,0,6e-04,0.000284,0,0.003968,1e-04,0,0.000697
"PH_SB_9.sorted.bam","9","SB",0.375511,0.220719,0.423639,0.023268,0,0.05318,0.024309,0.001965,0.048442,0.023736,0,0.178082,0.418378,0.389676,0.449837,0.059056,0.035786,0.085669,0.001994,0,0.013577,0.054916,0.026983,0.080952,0.014813,0,0.046158,0.004019,0,0.021988,8.2e-05,0,0.000894,0.000188,0,0.002125,0.00015,0,0.000941,0.00024,0,0.001301,0.015772,0,0.082153,5.7e-05,0,0.000443,0.000529,0,0.002872,0.001349,0,0.019912,0.000535,0,0.004109,5.5e-05,0,0.000525,0.748887,0.439721,0.844637,0.003494,0,0.050223,0.027003,0,0.089442,0.042919,0,0.35081,0.000904,0,0.001394,0.000175,0,0.001986,0.015359,0,0.088938,0.001269,0,0.019954,0.000756,0,0.010749,0.001438,0,0.021643,1e-04,0,0.001036,0.000135,0,0.000905,0.001087,0,0.014537,0.000281,0,0.002728,0.000175,0,0.001747,0.000525,0,0.004342,0.000346,0,0.004055,6.3e-05,0,0.000614,0.000224,0,0.002169,0.001485,0,0.02419,8.8e-05,0,0.000758,0.000329,0,0.003354,0.000338,0,0.00408,0.09785,0,0.154137,0.000446,0,0.006384,5.5e-05,0,0.000378,0.000113,0,0.001365,0.006307,0,0.055193,0.001456,0,0.022759,0.000565,0,0.005726,0.009434,0,0.065853,0.000132,0,0.000975,6e-04,0,0.007788,0.008641,0,0.077038,0.000105,0,0.000739,0.000368,0,0.004283,0.001195,0,0.018414,0.001861,0,0.029734,0.000206,0,0.001384,0.000909,0,0.01551,0.000586,0,0.009266,0.000268,0,0.003366,0.000322,0,0.004042,0.002167,0,0.030368,7.8e-05,0,0.000772
"PH_SC_10.sorted.bam","10","SC",0.383063,0.346833,0.418558,0.013765,0,0.050282,0.001548,0,0.010892,0.017991,0,0.062739,0.21404,0.176571,0.279918,0.045315,0.010406,0.077182,0.111992,0.083674,0.143462,0.176167,0.141808,0.21059,0.034379,0.0073,0.059742,0.001741,0,0.012688,0.000108,0,0.001049,0.001884,0,0.028734,0.000101,0,0.001034,0.00039,0,0.003719,0.000294,0,0.003147,0.000274,0,0.003833,0.001293,0,0.018433,0.000878,0,0.012387,0.000178,0,0.001699,9.7e-05,0,0.001089,0.412513,0.33234,0.483368,0.000661,0,0.007507,0.00033,0,0.003299,0.000659,0,0.008393,8.6e-05,0,0.000779,0.000143,0,0.001349,0.000883,0,0.01248,0.000164,0,0.001318,0.000368,0,0.00371,0.000677,0,0.006377,0.000101,0,0.000976,0.010552,0,0.101105,0.018097,0,0.09755,7e-04,0,0.008978,0.031612,0,0.119306,0.0121,0,0.146434,0.087077,0,0.152804,0.000114,0,0.001055,0.33816,0.254644,0.410573,0.001531,0,0.022749,0.000136,0,0.001368,0.000248,0,0.002548,0.000422,0,0.005382,0.000827,0,0.005695,0.00466,0,0.075087,9.4e-05,0,0.000968,0.00054,0,0.007144,0.002414,0,0.043402,0.000211,0,0.00213,0.000211,0,0.002392,0.000294,0,0.002366,0.000122,0,0.001412,0.058419,0,0.11848,0.005921,0,0.05709,4.7e-05,0,0.000393,0.000435,0,0.003734,0.000688,0,0.010235,0.000144,0,0.001577,0.000339,0,0.004261,0.000251,0,0.002658,0.000166,0,0.001746,0.00054,0,0.007242,0.00024,0,0.00246,0.00053,0,0.005779,7.4e-05,0,0.00078
"PH_SC_11.sorted.bam","11","SC",0.408352,0.360121,0.464753,0.001878,0,0.012492,0.009064,0,0.035569,0.012333,0,0.058202,0.232731,0.183133,0.289152,0.001056,0,0.007997,0.145272,0.109948,0.183156,0.186813,0.138666,0.227806,0.001146,0,0.008584,0.001356,0,0.011125,0.104997,0,0.196424,0.000509,0,0.006449,0.000212,0,0.002456,0.000278,0,0.002813,0.000356,0,0.003707,0.005574,0,0.031343,0.005161,0,0.080846,0.000479,0,0.006156,0.001242,0,0.016902,0.003214,0,0.041362,0.208316,0.082058,0.345747,0.000592,0,0.008589,0.001173,0,0.014126,0.00685,0,0.069613,0.001874,0,0.026618,0.000125,0,0.0016,0.000239,0,0.002588,0.000159,0,0.00139,0.000396,0,0.005007,0.00026,0,0.002577,0.000213,0,0.002453,0.02872,0,0.203304,0.000493,0,0.006474,0.001368,0,0.020578,0.003034,0,0.057096,0.243626,0.093158,0.34224,0.000212,0,0.002706,0.003107,0,0.042112,0.363044,0.253632,0.449466,0.000118,0,0.001185,0.001913,0,0.026748,0.000359,0,0.003889,0.000245,0,0.003182,9.3e-05,0,0.001015,0.006253,0,0.095362,0.000706,0,0.010054,0.000229,0,0.002334,0.000251,0,0.002581,0.000239,0,0.002313,0.000302,0,0.002427,0.000364,0,0.005045,7.8e-05,0,0.000806,0.000132,0,0.001289,6.7e-05,0,0.000693,0.000237,0,0.002133,0.000328,0,0.003846,0.000295,0,0.003142,0.000252,0,0.001793,0.000413,0,0.002732,0.000288,0,0.003107,0.000124,0,0.00124,0.000494,0,0.0058,0.000123,0,0.001344,0.000155,0,0.001682,0.00012,0,0.001316
"PH_SC_12.sorted.bam","12","SC",0.416172,0.373742,0.471401,0.001383,0,0.009338,0.009979,0,0.033372,0.023759,2.3e-05,0.067541,0.250418,0.205312,0.307194,0.000689,0,0.005521,0.171914,0.133057,0.21082,0.123629,0.075207,0.169313,0.001296,0,0.009485,0.000761,0,0.005821,0.008759,0,0.083404,0.000205,0,0.001746,0.000498,0,0.006422,0.000401,0,0.003867,0.000147,0,0.00163,0.000416,0,0.005388,0.004403,0,0.04867,0.000259,0,0.003051,0.017237,0,0.064212,0.003664,0,0.036022,0.47447,0.370247,0.603297,0.000326,0,0.004002,0.000143,0,0.001225,0.003109,0,0.043752,0.01062,0,0.074355,0.000185,0,0.001702,0.000106,0,0.001038,0.000151,0,0.001571,0.000262,0,0.003,0.000113,0,0.00118,6.9e-05,0,0.00068,0.091617,0,0.213536,0.000257,0,0.003128,0.000334,0,0.004283,0.013406,0,0.127981,0.000299,0,0.003569,0.000119,0,0.001085,0.118648,0.062143,0.184919,0.243066,0.144176,0.332042,0.000135,0,0.001467,0.000408,0,0.004018,0.001106,0,0.016147,0.000709,0,0.007105,0.000113,0,0.001156,0.000189,0,0.002143,0.000383,0,0.003291,0.000299,0,0.003706,0.000223,0,0.002966,0.000147,0,0.001494,0.000157,0,0.001543,0.000262,0,0.002346,9.5e-05,0,0.000978,0.000169,0,0.001932,0.000625,0,0.007761,0.000268,0,0.00367,0.00018,0,0.001191,0.000112,0,0.001002,0.000158,0,0.001712,0.000251,0,0.002863,0.000164,0,0.001224,9.5e-05,0,0.000842,0.000142,0,0.001655,0.000138,0,0.001468,7.9e-05,0,0.000696,0.000102,0,0.000819
"PH_SC_1.sorted.bam","1","SC",0.394692,0.339419,0.461146,0.000942,0,0.006706,0.012222,0,0.040235,0.009252,0,0.041302,0.24661,0.19899,0.302734,0.000563,0,0.004539,0.154554,0.121559,0.189858,0.178725,0.119359,0.228077,0.001346,0,0.009758,0.001096,0,0.008449,0.000959,0,0.01205,0.000258,0,0.002231,0.000137,0,0.001436,0.001366,0,0.018662,0.000219,0,0.002486,0.006574,0,0.0347,0.001588,0,0.022186,0.00024,0,0.002839,0.000985,0,0.014683,0.005848,0,0.037856,0.451786,0.343881,0.57139,0.00012,0,0.001334,0.007046,0,0.068549,0.001089,0,0.014918,0.015144,0,0.093655,9e-05,0,0.000882,7.8e-05,0,0.000623,0.00022,0,0.00282,9.6e-05,0,0.000862,0.000114,0,0.001154,7.3e-05,0,0.000724,0.092161,0,0.238269,0.000235,0,0.003108,0.000422,0,0.005726,0.001155,0,0.015058,0.001448,0,0.021609,0.000114,0,0.001066,0.049393,0,0.120761,0.239474,0.123283,0.341272,0.00015,0,0.001809,0.000595,0,0.007582,0.001076,0,0.013552,0.000755,0,0.010902,9e-05,0,0.000599,0.113955,0,0.235025,0.000432,0,0.005765,0.000166,0,0.00207,0.000194,0,0.002277,0.000169,0,0.001676,0.000421,0,0.005493,0.000356,0,0.002336,8.2e-05,0,0.000614,0.000609,0,0.008617,0.000338,0,0.004079,0.000126,0,0.001452,0.000575,0,0.006418,0.000115,0,0.000969,0.000274,0,0.002345,0.000156,0,0.001405,0.000216,0,0.00151,9.6e-05,0,0.00087,0.000222,0,0.002439,0.000154,0,0.001309,0.000104,0,0.00111,0.000139,0,0.001641
"PH_SC_2.sorted.bam","2","SC",0.434513,0.382156,0.487413,0.000823,0,0.006877,0.029844,0.000654,0.062668,0.01876,0,0.069183,0.219594,0.165735,0.277176,0.00106,0,0.007755,0.188914,0.148948,0.228303,0.10394,0.066374,0.141308,0.000759,0,0.00589,0.001794,0,0.012498,0.16118,0.084788,0.239241,0.000253,0,0.00267,0.000173,0,0.001573,0.000552,0,0.006938,8.1e-05,0,0.000871,0.02836,0,0.061828,0.001331,0,0.017277,0.000154,0,0.00188,0.000976,0,0.013888,0.013047,0,0.067936,0.300132,0.203578,0.391282,0.000205,0,0.001981,0.00011,0,0.001067,0.004576,0,0.062681,0.066456,0,0.140911,0.000129,0,0.001483,0.000154,0,0.001876,0.000137,0,0.00154,0.000187,0,0.001804,0.000295,0,0.003608,0.00035,0,0.003872,0.044646,0,0.140611,0.000131,0,0.001341,0.00039,0,0.004521,0.00235,0,0.034378,0.000433,0,0.00474,0.000141,0,0.001242,0.164208,0.110177,0.215845,0.199112,0.120162,0.278494,9.9e-05,0,0.000979,0.000277,0,0.002419,0.001396,0,0.022078,0.000275,0,0.002151,0.000171,0,0.002335,0.000674,0,0.007248,0.002504,0,0.031741,0.000134,0,0.001196,0.000112,0,0.000868,0.000123,0,0.001209,0.000171,0,0.001698,7.9e-05,0,0.000531,9.8e-05,0,0.000765,0.00017,0,0.001806,0.000146,0,0.001516,0.000188,0,0.002049,0.000377,0,0.004377,0.00011,0,0.000666,0.000323,0,0.002814,0.000286,0,0.003236,0.000171,0,0.001405,0.000106,0,0.001065,0.000475,0,0.004046,0.000721,0,0.010739,0.000109,0,0.00136,0.000455,0,0.006446
"PH_SC_3.sorted.bam","3","SC",0.365635,0.314005,0.403914,0.010174,0,0.044065,0.009499,0,0.040384,0.060676,0.007408,0.101032,0.263803,0.219539,0.313963,0.021112,0,0.063637,0.124062,0.08836,0.168448,0.126108,0.066904,0.175706,0.016252,0,0.046523,0.00268,0,0.019158,0.000204,0,0.001794,0.00026,0,0.002112,7.7e-05,0,0.000742,0.001523,0,0.020661,0.001747,0,0.024291,0.00111,0,0.012597,0.000389,0,0.004316,0.001591,0,0.024845,0.001876,0,0.031147,0.00021,0,0.001928,0.500932,0.388449,0.602942,0.000622,0,0.009632,0.000353,0,0.002917,0.000412,0,0.004283,0.000293,0,0.002957,0.000296,0,0.003021,0.001202,0,0.01983,0.00037,0,0.004938,0.000614,0,0.008608,0.00133,0,0.019346,0.000184,0,0.002026,0.041636,0,0.196168,0.011263,0,0.082911,0.007111,0,0.073371,0.080907,0,0.179789,0.021128,0,0.154044,0.023172,0,0.096245,0.022017,0,0.082762,0.174848,0,0.341199,0.002332,0,0.036131,0.001302,0,0.016031,0.033613,0,0.185568,0.001037,0,0.014771,0.013161,0,0.119493,0.012992,0,0.117445,0.001697,0,0.023567,0.010353,0,0.073469,0.000887,0,0.013021,0.002339,0,0.029349,0.001264,0,0.021729,0.00097,0,0.010426,0.000879,0,0.014512,0.004813,0,0.057251,0.009266,0,0.080896,0.000175,0,0.001462,0.000627,0,0.006848,0.00029,0,0.003271,0.000158,0,0.001241,0.000268,0,0.002378,0.000235,0,0.002926,0.000831,0,0.01027,0.001068,0,0.015012,0.00027,0,0.002356,0.001383,0,0.024028,0.000114,0,0.001083
"PH_SC_7.sorted.bam","7","SC",0.413194,0.337959,0.456615,0.002111,0,0.014114,0.000992,0,0.007284,0.022007,0,0.068928,0.262933,0.217692,0.35395,0.000845,0,0.006446,0.16347,0.122528,0.201968,0.132101,0.092195,0.175245,0.000906,0,0.006128,0.00144,0,0.011375,0.008056,0,0.125872,0.000847,0,0.012611,0.000135,0,0.001576,0.000271,0,0.002881,0.000241,0,0.002471,0.000115,0,0.001163,0.001592,0,0.021891,0.000446,0,0.004986,0.000214,0,0.002529,0.005357,0,0.057128,0.434774,0.304037,0.537115,0.000464,0,0.005653,0.000334,0,0.003783,0.017216,0,0.085403,0.016145,0,0.085237,0.000157,0,0.000994,0.000165,0,0.001514,0.000164,0,0.001835,0.000129,0,0.001227,0.000235,0,0.002656,0.000132,0,0.00148,0.168771,0,0.312084,0.000999,0,0.012134,0.000191,0,0.002173,0.005515,0,0.072946,0.036329,0,0.263775,0.000127,0,0.001253,0.0516,0,0.119856,0.203318,0.077243,0.312146,0.000268,0,0.003966,0.000131,0,0.001057,0.007883,0,0.078351,0.00375,0,0.051282,0.000222,0,0.002025,0.011287,0,0.098576,0.018476,0,0.087033,0.000132,0,0.001409,0.000198,0,0.001801,9.6e-05,0,0.000894,0.000171,0,0.001722,0.000273,0,0.003711,0.000101,0,0.000991,0.000248,0,0.003399,0.00015,0,0.002015,0.000168,0,0.001825,0.000413,0,0.003992,0.000323,0,0.004233,0.000113,0,0.001216,0.000132,0,0.001333,2e-04,0,0.00175,0.000125,0,0.001004,0.000271,0,0.003345,0.000241,0,0.00233,0.000107,0,0.001126,0.000478,0,0.007003
"PH_SC_8.sorted.bam","8","SC",0.399361,0.366346,0.443034,0.004899,0,0.028163,0.002684,0,0.0181,0.009123,0,0.052353,0.263083,0.213691,0.321622,0.000732,0,0.006761,0.181065,0.144857,0.218998,0.137606,0.095411,0.175172,0.000732,0,0.006057,0.000713,0,0.005654,0.002273,0,0.027907,0.000731,0,0.008973,0.002665,0,0.026295,0.000834,0,0.013157,0.000244,0,0.002277,0.00087,0,0.013818,0.001472,0,0.020937,0.001477,0,0.02029,0.000729,0,0.010959,0.005269,0,0.049242,0.431995,0.322769,0.572948,0.000793,0,0.009203,0.000594,0,0.007528,0.002494,0,0.041509,0.041977,0,0.110575,0.000177,0,0.001549,8.5e-05,0,0.000757,7.7e-05,0,6e-04,0.000145,0,0.001195,0.000215,0,0.001681,0.000211,0,0.002105,0.088316,0,0.176957,0.000462,0,0.00394,0.000431,0,0.00471,0.000653,0,0.009497,0.004777,0,0.070774,0.000132,0,0.001114,0.133091,0.08194,0.190175,0.270306,0.187679,0.34516,0.000439,0,0.004805,0.000419,0,0.005446,0.000365,0,0.004704,0.00098,0,0.013409,9.7e-05,0,0.000881,0.000819,0,0.011516,0.000773,0,0.010198,0.000125,0,0.000936,0.000108,0,0.001192,0.000211,0,0.002487,0.000122,0,0.000797,0.00023,0,0.002052,5.5e-05,0,0.000524,0.000217,0,0.002042,0.000129,0,0.001138,9e-05,0,0.000932,0.00022,0,0.001919,0.000129,0,0.00115,8.9e-05,0,0.000696,0.00025,0,0.002442,0.000134,0,0.001306,6.1e-05,0,0.000572,0.000139,0,0.001585,0.000114,0,0.000919,8.6e-05,0,0.000993,0.000102,0,0.001043
"PH_SC_9.sorted.bam","9","SC",0.395796,0.344456,0.442954,0.017291,0,0.05656,0.002714,0,0.017899,0.047952,0.000601,0.096679,0.257289,0.213931,0.331856,0.006548,0,0.034985,0.139653,0.10855,0.174128,0.129134,0.089913,0.1678,0.002766,0,0.017783,0.000857,0,0.00705,0.000413,0,0.003282,0.000713,0,0.009662,0.000348,0,0.004102,0.000335,0,0.002766,0.001309,0,0.020515,0.000164,0,0.001707,0.000316,0,0.001851,0.000757,0,0.01095,0.000373,0,0.004876,0.000137,0,0.001423,0.460112,0.367945,0.549912,0.002254,0,0.032536,0.000961,0,0.015245,0.000323,0,0.003041,0.001126,0,0.016591,0.000363,0,0.002389,0.002805,0,0.031578,0.000179,0,0.001749,0.000254,0,0.003114,0.00066,0,0.009638,9.9e-05,0,0.001029,0.095288,0,0.207153,0.024495,0,0.106909,0.000673,0,0.008422,0.092841,0,0.192207,0.039014,0,0.172759,0.007901,0,0.068358,0.001961,0,0.027416,0.233213,0.127822,0.324476,0.000274,0,0.003586,0.000883,0,0.011982,0.000417,0,0.004206,0.00793,0,0.074647,0.000368,0,0.004602,0.013462,0,0.119603,0.000327,0,0.003614,0.000164,0,0.001634,0.001096,0,0.01808,0.000296,0,0.003479,0.000212,0,0.002168,0.00095,0,0.013037,0.000256,0,0.00313,0.001252,0,0.016284,0.001,0,0.01384,6.9e-05,0,0.00062,0.000262,0,0.002142,0.000183,0,0.0016,9e-05,0,0.000558,0.000138,0,0.001575,0.000121,0,0.000873,0.000112,0,0.000891,0.000458,0,0.005141,6.8e-05,0,0.000709,0.000167,0,0.001968,5.8e-05,0,0.000493
"PH_SH_10.sorted.bam","10","SH",0.221904,0.00628,0.341813,0.029974,0,0.093184,0.003169,0,0.020733,0.00798,0,0.057147,0.323167,0.240655,0.432232,0.3732,0.302685,0.503805,0.000972,0,0.007737,0.002117,0,0.015948,0.002426,0,0.019754,0.035091,0,0.120172,0.10597,0,0.249303,0.008807,0,0.09812,0.005459,0,0.065775,0.00116,0,0.015956,0.001114,0,0.015235,0.000705,0,0.010694,0.010255,0,0.106121,0.000458,0,0.003636,0.000789,0,0.010766,0.00023,0,0.002424,0.065971,0,0.274443,0.001191,0,0.015502,0.000185,0,0.001472,0.00171,0,0.025522,0.012416,0,0.15049,0.117084,0,0.3452,0.026643,0,0.172859,0.000407,0,0.004743,0.000775,0,0.005907,0.550686,0.283121,0.812503,0.022423,0,0.199324,0.000349,0,0.003813,0.000182,0,0.001706,0.000119,0,0.001112,0.000164,0,0.001714,0.000158,0,0.00145,0.000228,0,0.002276,0.000186,0,0.001481,0.000129,0,0.000856,0.000886,0,0.014279,0.000289,0,0.003074,0.000318,0,0.002982,0.000205,0,0.002841,0.000457,0,0.005555,8.4e-05,0,0.000819,0.000384,0,0.005003,0.00076,0,0.011325,0.001404,0,0.022836,0.000294,0,0.002922,0.000224,0,0.002422,0.000179,0,0.001298,0.000222,0,0.001957,0.000123,0,0.001242,0.000645,0,0.005936,0.000372,0,0.004261,0.027353,0,0.180295,0.008344,0,0.070544,0.000572,0,0.008659,0.000808,0,0.011468,0.001217,0,0.017983,0.005053,0,0.071569,0.000166,0,0.001048,0.000452,0,0.004557,0.000257,0,0.001994,0.012979,0,0.11457
"PH_SH_1.sorted.bam","1","SH",0.178946,0.000181,0.25541,0.113237,1e-06,0.191618,0.001368,0,0.010863,0.042375,1e-06,0.174229,0.28085,0.214861,0.388089,0.369948,0.30706,0.479593,0.000772,0,0.006724,0.003103,0,0.027263,0.004638,0,0.024086,0.004762,0,0.027718,0.000297,0,0.003217,0.000513,0,0.005768,0.000177,0,0.001336,0.000205,0,0.002303,0.000125,0,0.001187,8.8e-05,0,0.000653,0.000544,0,0.005662,0.007111,0,0.082118,0.000428,0,0.00635,0.007378,0,0.048373,0.350386,0,0.507193,0.000587,0,0.008598,0.000374,0,0.00327,0.05324,0,0.345551,0.000286,0,0.002668,0.000376,0,0.003469,0.215837,0,0.3773,0.000318,0,0.003622,0.000382,0,0.005343,0.154845,0,0.471918,0.182863,0.111376,0.301683,0.000182,0,0.002042,0.000135,0,0.001413,8.5e-05,0,0.000689,0.000219,0,0.002288,6.9e-05,0,0.000625,0.00012,0,0.000817,0.000227,0,0.002955,0.002865,0,0.046257,0.000352,0,0.004101,0.000172,0,0.002225,0.001256,0,0.016175,0.000329,0,0.004574,0.000219,0,0.001921,8.3e-05,0,0.000943,0.00023,0,0.002905,0.000665,0,0.007706,0.001103,0,0.015775,0.000184,0,0.001701,0.003929,0,0.037385,0.000762,0,0.010704,0.001347,0,0.018617,7.1e-05,0,0.000512,0.000293,0,0.002404,0.000221,0,0.002268,0.00156,0,0.027627,0.000357,0,0.003319,0.000669,0,0.009143,0.002884,0,0.035344,0.000536,0,0.004804,0.000728,0,0.009479,0.000126,0,0.001201,0.000177,0,0.001911,0.000481,0,0.006055,0.001003,0,0.011874
"PH_SH_2.sorted.bam","2","SH",0.1848,0.0119,0.253545,0.122739,0.035104,0.182914,0.002725,0,0.01743,0.013631,0,0.098731,0.269521,0.209823,0.366467,0.374437,0.320168,0.476498,0.000418,0,0.00345,0.004607,0,0.042042,0.006754,0,0.046287,0.020368,0,0.079429,0.000255,0,0.002334,0.009362,0,0.130847,0.00016,0,0.001704,0.000258,0,0.003078,0.000246,0,0.002501,0.000657,0,0.008936,0.000475,0,0.006663,0.000718,0,0.008941,0.000634,0,0.008264,0.000453,0,0.005153,0.350125,0,0.501222,0.000288,0,0.002287,0.000302,0,0.003345,0.019013,0,0.195206,0.006409,0,0.093548,0.000374,0,0.003335,0.224835,0,0.3613,0.000565,0,0.006891,0.001236,0,0.019854,0.131248,0,0.509339,0.192837,0.123809,0.269063,8.4e-05,0,0.000683,7.7e-05,0,0.000742,8.2e-05,0,0.00069,9.6e-05,0,0.000866,5e-05,0,0.000412,5.4e-05,0,0.000503,5.5e-05,0,0.00053,0.005447,0,0.080895,0.000296,0,0.003651,0.000858,0,0.011776,0.000307,0,0.003013,0.000165,0,0.001784,0.000492,0,0.007557,4.8e-05,0,0.000418,0.000388,0,0.005249,0.000188,0,0.001837,0.008628,0,0.090132,0.000335,0,0.004097,0.0018,0,0.022976,0.000283,0,0.001767,0.000317,0,0.003703,0.000109,0,0.001179,0.000164,0,0.001472,0.000629,0,0.008757,0.002775,0,0.041537,0.000707,0,0.010227,0.000857,0,0.012774,0.002077,0,0.027527,0.024752,0,0.156699,0.004077,0,0.046893,0.000126,0,0.001095,0.000661,0,0.005937,0.000427,0,0.005289,0.002138,0,0.026146
"PH_SH_3.sorted.bam","3","SH",0.163818,0.000238,0.244873,0.138387,0.028308,0.222054,0.003002,0,0.01999,0.004244,0,0.033514,0.288118,0.20774,0.402246,0.374476,0.310567,0.507926,0.000588,0,0.004708,0.004177,0,0.03132,0.009595,0,0.05193,0.013595,0,0.06325,0.000308,0,0.00382,0.002095,0,0.025549,0.000246,0,0.00319,0.000359,0,0.003603,0.000468,0,0.005952,0.000629,0,0.009546,0.001195,0,0.018488,0.001161,0,0.013432,0.000372,0,0.005242,0.00014,0,0.001341,0.318925,0,0.485201,0.000232,0,0.002325,0.000532,0,0.006983,0.000323,0,0.003376,0.000254,0,0.002847,0.000383,0,0.002768,0.23819,0,0.441423,0.000593,0,0.007486,0.000623,0,0.008198,0.252921,0,0.714354,0.12677,0.056116,0.198546,0.00014,0,0.001557,0.000231,0,0.002527,7.9e-05,0,0.000892,0.000127,0,0.000961,0.000115,0,0.001064,8.5e-05,0,0.000732,3.7e-05,0,0.000311,0.000428,0,0.0025,0.000757,0,0.010377,0.001604,0,0.026199,0.00363,0,0.056269,0.000488,0,0.005167,0.000406,0,0.005522,8.8e-05,0,0.000645,0.000102,0,0.001155,0.000525,0,0.005697,0.014562,0,0.100861,0.000309,0,0.003113,0.000394,0,0.00484,0.000631,0,0.008561,0.000711,0,0.007944,9.5e-05,0,0.000956,0.00051,0,0.0069,0.000165,0,0.001067,0.00297,0,0.038451,0.018587,0,0.122103,0.00043,0,0.005326,0.000383,0,0.004676,0.001562,0,0.021491,0.001501,0,0.014916,0.000143,0,0.00114,0.000238,0,0.002637,0.001122,0,0.017958,0.000127,0,0.001248
"PH_SH_5.sorted.bam","5","SH",0.181201,5e-06,0.254105,0.066841,0,0.140581,0.006696,0,0.03134,0.011869,0,0.082323,0.299919,0.218506,0.412902,0.42007,0.36031,0.527951,0.000923,0,0.007622,0.007366,0,0.050277,0.002399,0,0.018743,0.002716,0,0.019424,0.001466,0,0.021401,0.000289,0,0.003859,0.006694,0,0.05485,0.001365,0,0.020798,0.000396,0,0.004619,0.002372,0,0.026861,0.000447,0,0.00458,0.001539,0,0.020407,0.001885,0,0.027578,0.000817,0,0.012442,0.354083,0,0.502864,0.024102,0,0.154363,0.000455,0,0.005638,0.002221,0,0.034719,0.087211,0,0.385223,0.000939,0,0.009996,0.092497,0,0.251799,0.00181,0,0.024853,0.007647,0,0.141405,0.042111,0,0.339129,0.345674,0.241393,0.521563,8.3e-05,0,0.000864,0.000109,0,0.001281,0.000213,0,0.001792,0.000127,0,0.001019,0.000237,0,0.0023,0.000188,0,0.002074,0.000148,0,0.001322,0.000533,0,0.00696,0.000556,0,0.007871,0.001194,0,0.017723,0.007255,0,0.09387,0.000983,0,0.016015,0.001976,0,0.029979,0.000328,0,0.00336,0.000638,0,0.008671,0.000972,0,0.01252,0.000497,0,0.005541,0.000326,0,0.003511,0.000548,0,0.007736,0.000912,0,0.008445,0.000229,0,0.002452,9.8e-05,0,0.000874,0.000429,0,0.00428,0.000246,0,0.002769,0.000761,0,0.008825,0.00031,0,0.00299,0.001003,0,0.013621,0.000435,0,0.004249,0.000311,0,0.003503,0.001393,0,0.015188,0.000169,0,0.001321,0.000203,0,0.00246,0.000296,0,0.001934,0.000276,0,0.00401
"PH_SH_6.sorted.bam","6","SH",0.184251,0.005143,0.276201,0.119399,0.002666,0.210463,0.027196,0,0.063039,0.006356,0,0.053742,0.288166,0.207592,0.384846,0.305072,0.239257,0.42194,0.001763,0,0.012949,0.01251,0,0.061878,0.00997,0,0.046785,0.045316,1e-06,0.10849,0.000179,0,0.002269,0.001245,0,0.016407,0.000116,0,0.001071,0.000694,0,0.00818,0.001106,0,0.017142,0.000103,0,0.001118,0.000853,0,0.011584,0.000383,0,0.001533,0.002656,0,0.039998,0.000144,0,0.001255,0.335479,0,0.505916,0.000562,0,0.00746,0.000426,0,0.004015,0.006914,0,0.102111,0.000298,0,0.003354,0.01363,0,0.106605,0.219124,0,0.417389,0.046335,0,0.122601,0.000308,0,0.002892,0.230473,0,0.679686,0.004716,0,0.065769,0.000293,0,0.003087,0.000285,0,0.002251,0.000346,0,0.004008,0.000327,0,0.004272,0.000225,0,0.002196,0.000867,0,0.012399,0.000274,0,0.003695,0.014075,0,0.10588,0.00068,0,0.009045,0.001658,0,0.026352,0.000437,0,0.005177,0.000931,0,0.012431,0.003933,0,0.048588,0.000145,0,0.001543,0.000138,0,0.00142,0.000463,0,0.005326,0.014869,0,0.085913,0.000143,0,0.001559,0.000277,0,0.003181,0.000224,0,0.002469,0.000682,0,0.006883,0.000108,0,0.001076,0.002114,0,0.030201,0.000208,0,0.00247,0.001413,0,0.019821,0.000313,0,0.003594,0.000824,0,0.012877,0.000268,0,0.003147,0.000501,0,0.006837,0.085361,0,0.214759,0.000384,0,0.004488,0.000771,0,0.010025,0.000644,0,0.008687,7.7e-05,0,0.001031
"PH_SH_7.sorted.bam","7","SH",0.179057,9.8e-05,0.261793,0.097223,0,0.179296,0.004006,0,0.024617,0.026385,0,0.202776,0.286383,0.216054,0.413781,0.395466,0.323541,0.498321,0.000682,0,0.005221,0.005379,0,0.039175,0.001633,0,0.013,0.003786,0,0.029536,0.000323,0,0.003782,0.000266,0,0.003177,0.000532,0,0.00732,0.002067,0,0.032252,0.000386,0,0.004678,0.001181,0,0.016006,0.000347,0,0.004529,0.000884,0,0.012755,0.000235,0,0.002831,0.000692,0,0.009917,0.346705,0,0.518948,0.000272,0,0.002069,0.000763,0,0.012244,0.048825,0,0.403396,0.011091,0,0.150342,0.000254,0,0.00207,0.190129,0,0.356716,0.000402,0,0.004894,0.000361,0,0.003043,0.150821,0,0.629147,0.223093,0.119306,0.471512,9.9e-05,0,0.000865,0.000129,0,0.001282,0.000131,0,0.001461,0.000128,0,0.001253,0.000207,0,0.001544,0.000198,0,0.002115,7.7e-05,0,0.000629,0.006402,0,0.07326,0.000145,0,0.001114,0.000726,0,0.011105,0.000147,0,0.00149,0.000168,0,0.001537,0.001671,0,0.023727,8.6e-05,0,0.000959,0.000256,0,0.002892,3e-04,0,0.002917,0.000329,0,0.003187,0.000257,0,0.002289,0.000215,0,0.002452,0.000187,0,0.002327,0.000494,0,0.005369,8.8e-05,0,0.000833,0.00039,0,0.004315,0.000446,0,0.005,0.001027,0,0.014355,0.000842,0,0.010551,0.000683,0,0.010677,0.000245,0,0.003111,0.002634,0,0.042564,0.000415,0,0.005226,0.000143,0,0.001215,0.00051,0,0.004629,0.000114,0,0.000753,0.00048,0,0.006459
"PH_SL_10.sorted.bam","10","SL",0.293834,0.13301,0.432583,0.004574,0,0.031528,0.536844,0.433248,0.617821,0.000781,0,0.005913,0.001279,0,0.011276,0.002332,0,0.016952,0.000935,0,0.00735,0.111405,0.068713,0.162497,0.001746,0,0.015457,0.046271,1e-06,0.128512,4.5e-05,0,0.000381,0.000274,0,0.003154,5.2e-05,0,0.00052,0.566592,0.265658,0.800601,0.004183,0,0.055445,0.106132,0,0.240501,0.000177,0,0.002118,0.000136,0,0.001464,2e-04,0,0.001171,4.9e-05,0,0.000539,0.000876,0,0.013026,0.00019,0,0.001528,0.000345,0,0.003661,0.000105,0,0.001083,5.6e-05,0,0.000478,0.00024,0,0.002518,0.001762,0,0.026405,0.00072,0,0.010955,0.00011,0,0.000867,0.000182,0,0.001797,8.6e-05,0,0.000847,0.000149,0,0.001365,0.000258,0,0.003293,0.000398,0,0.004553,0.000107,0,0.001022,9.5e-05,0,0.000973,0.000268,0,0.002628,5.2e-05,0,0.000429,0.002493,0,0.048176,0.001699,0,0.026588,0.214663,0.105805,0.323987,0.000236,0,0.002828,0.000177,0,0.000813,0.000868,0,0.014647,0.000189,0,0.001981,8.1e-05,0,0.000794,0.00019,0,0.001661,0.000347,0,0.004326,0.00188,0,0.027514,0.00018,0,0.001771,8.7e-05,0,0.001027,8.9e-05,0,0.000879,0.000206,0,0.001449,0.000226,0,0.003145,4.8e-05,0,0.000524,0.016585,0,0.108459,0.000195,0,0.002048,0.072441,0,0.255104,0.000213,0,0.001861,0.000386,0,0.003333,0.000254,0,0.002443,9.5e-05,0,0.000861,0.002097,0,0.033842,0.000192,0,0.001792,4.1e-05,0,0.000392
"PH_SL_11.sorted.bam","11","SL",0.234846,0.070134,0.409969,0.000957,0,0.006977,0.535538,0.409181,0.626356,0.003552,0,0.024807,0.006846,0,0.046044,0.002436,0,0.015715,0.001251,0,0.008665,0.164209,0.112184,0.220065,0.001088,0,0.007396,0.049276,0.001365,0.129475,6.1e-05,0,0.00055,0.000224,0,0.002526,7.5e-05,0,0.000734,0.281141,0,0.552777,0.000158,0,0.001126,0.271718,0.118083,0.430986,0.000575,0,0.00668,0.000194,0,0.001966,0.002968,0,0.038794,0.000105,0,0.000686,0.003156,0,0.044741,0.000233,0,0.002548,0.007652,0,0.087422,0.000452,0,0.006471,0.000154,0,0.001262,0.000156,0,0.001669,0.000179,0,0.002026,0.000821,0,0.010872,0.000306,0,0.002635,0.000273,0,0.003348,0.000219,0,0.002912,0.000154,0,0.00149,9.7e-05,0,0.000744,0.000295,0,0.003622,0.000271,0,0.003443,0.000256,0,0.002742,0.000428,0,0.006141,0.000114,0,0.000877,0.162386,0,0.296795,0.000243,0,0.00178,0.162982,0,0.349758,0.00041,0,0.004985,0.000305,0,0.002292,0.000577,0,0.008523,0.000256,0,0.003223,0.000142,0,0.001527,0.000247,0,0.003135,0.000203,0,0.002178,0.000225,0,0.002566,0.000137,0,0.001408,0.00021,0,0.002419,0.000223,0,0.002781,0.000174,0,0.001718,0.000398,0,0.004639,6.7e-05,0,0.000569,0.021532,0,0.11095,0.000232,0,0.002095,0.071398,0,0.257864,0.00158,0,0.021747,0.000848,0,0.01265,0.001472,0,0.023067,0.000343,0,0.004326,0.000576,0,0.00753,0.000227,0,0.00223,0.000172,0,0.001611
"PH_SL_12.sorted.bam","12","SL",0.117425,0,0.353273,0.000184,0,0.001458,0.88097,0.64527,0.999922,0.000192,0,0.001478,0.000179,0,0.001299,0.000222,0,0.001781,0.000191,0,0.001527,0.000221,0,0.001854,0.000185,0,0.001431,0.000233,0,0.001784,4.4e-05,0,0.000336,3.8e-05,0,0.000341,2.4e-05,0,0.000193,0.234444,0,0.706209,8.4e-05,0,0.000666,0.76337,0.291691,0.999914,3.8e-05,0,0.000407,3e-05,0,0.000273,6.9e-05,0,0.000563,2.8e-05,0,0.000217,3.5e-05,0,0.000315,2.3e-05,0,0.000215,9.6e-05,0,0.000708,3.2e-05,0,0.000274,1.7e-05,0,0.000123,2.5e-05,0,0.000194,2.3e-05,0,0.00022,0.000174,0,0.001951,2.4e-05,0,0.000241,2.5e-05,0,0.000211,2e-05,0,0.000218,4.1e-05,0,0.000413,3.6e-05,0,0.000371,7.3e-05,0,0.000696,2.7e-05,0,0.000259,2.6e-05,0,0.000214,2.3e-05,0,0.000184,2.8e-05,0,0.000245,5.6e-05,0,0.000581,2.5e-05,0,0.000239,6.6e-05,0,0.000533,2.9e-05,0,0.000265,3.1e-05,0,0.000291,4.1e-05,0,0.000337,4.6e-05,0,0.000427,3.3e-05,0,0.000319,2.5e-05,0,0.000252,3.5e-05,0,0.00035,7.2e-05,0,0.000626,2e-05,0,0.000193,2.6e-05,0,0.000232,3.7e-05,0,0.000366,2.7e-05,0,0.000276,4.4e-05,0,0.000391,2.9e-05,0,0.000225,6e-05,0,0.000562,2.7e-05,0,0.00021,0.000122,0,0.001193,5.8e-05,0,0.000651,3.1e-05,0,0.000298,3.2e-05,0,0.000281,2.8e-05,0,0.000308,3.7e-05,0,0.000344,2.6e-05,0,0.000255,2.2e-05,0,0.000215
"PH_SL_1.sorted.bam","1","SL",0.243388,0.097027,0.403935,0.000385,0,0.002985,0.563912,0.443985,0.655391,0.000593,0,0.004607,0.000771,0,0.005947,0.001022,0,0.008697,0.001533,0,0.011877,0.129386,0.072529,0.185213,0.000459,0,0.003754,0.058552,0.024492,0.111584,6.3e-05,0,0.000571,9.1e-05,0,0.00078,5e-05,0,0.000564,0.407747,0.186118,0.644584,6.8e-05,0,0.000673,0.211487,0.054813,0.347921,0.000142,0,0.001275,8.1e-05,0,0.000835,8.7e-05,0,0.001074,6.4e-05,0,0.000482,0.000427,0,0.00563,6.7e-05,0,0.000554,0.000223,0,0.001684,0.000119,0,0.001266,9.6e-05,0,0.00108,0.000116,0,0.000926,5.5e-05,0,0.000489,0.000343,0,0.004305,9.7e-05,0,0.001,0.000105,0,0.000977,8.1e-05,0,0.000738,0.000403,0,0.004992,5.3e-05,0,0.000465,0.000842,0,0.012438,0.000188,0,0.001058,0.000107,0,0.001036,0.000264,0,0.00276,0.00029,0,0.003199,0.016983,0,0.142287,0.000107,0,0.001259,0.240066,0.076877,0.364454,7.6e-05,0,0.00088,0.000114,0,0.000878,0.000719,0,0.00974,0.000233,0,0.002241,0.00013,0,0.001312,8.6e-05,0,0.000967,6.6e-05,0,0.000684,6e-05,0,0.000532,0.000182,0,0.001904,7.2e-05,0,0.000732,7.2e-05,0,0.000602,0.000109,0,0.001101,8.9e-05,0,0.000673,4.7e-05,0,0.000416,0.060655,0,0.150839,8.3e-05,0,0.00078,0.055415,0,0.221512,8.3e-05,0,0.000835,0.000116,0,0.00131,0.000109,0,0.001025,0.000289,0,0.003353,0.000125,0,0.001323,8.9e-05,0,0.000932,7e-05,0,0.000632
"PH_SL_2.sorted.bam","2","SL",0.103809,0,0.326933,0.000241,0,0.001906,0.894126,0.671384,0.999909,0.00023,0,0.001773,0.000222,0,0.001782,0.000255,0,0.001976,0.000292,0,0.002368,0.000353,0,0.002758,0.000251,0,0.002054,0.00022,0,0.001744,7.8e-05,0,0.000827,5e-05,0,0.000536,4.1e-05,0,0.000348,0.206981,0,0.653804,8.4e-05,0,0.000829,0.790191,0.344517,0.999899,6.9e-05,0,0.000615,4.7e-05,0,0.000425,7.3e-05,0,0.000629,2.7e-05,0,0.000185,5.5e-05,0,0.00036,4.2e-05,0,0.000408,7.1e-05,0,0.000502,3e-05,0,0.00025,3.6e-05,0,0.000324,6e-05,0,0.000633,2.9e-05,0,0.000246,0.000114,0,0.000912,4.3e-05,0,0.000435,3.3e-05,0,0.000306,3.1e-05,0,0.000335,7e-05,0,0.000736,3.4e-05,0,0.000267,0.000148,0,0.001337,4e-05,0,0.000335,3.3e-05,0,0.000291,3.4e-05,0,0.000302,3.8e-05,0,0.000312,6.9e-05,0,0.000576,5e-05,0,0.000458,0.000211,0,0.002343,3.5e-05,0,0.00038,3.7e-05,0,0.00037,6e-05,0,0.000559,6e-05,0,0.000526,4.7e-05,0,0.000467,5.8e-05,0,0.00047,3.6e-05,0,0.00038,0.000116,0,0.001048,3.5e-05,0,0.000307,3.9e-05,0,0.000347,3.9e-05,0,0.000342,4.3e-05,0,0.000356,4.5e-05,0,0.000384,3.2e-05,0,0.000259,4.9e-05,0,0.00045,2.8e-05,0,0.000235,7.2e-05,0,0.000699,3.4e-05,0,0.000353,3.3e-05,0,0.000336,3.6e-05,0,0.000384,4.5e-05,0,0.000471,4.5e-05,0,0.000457,2.8e-05,0,0.000294,3.5e-05,0,0.000325
"PH_SL_3.sorted.bam","3","SL",0.113922,0,0.348312,0.000258,0,0.001994,0.884148,0.649595,0.999904,0.000171,0,0.001349,0.000212,0,0.001654,0.000255,0,0.002006,0.000245,0,0.001986,0.00031,0,0.002322,0.000245,0,0.001873,0.000233,0,0.001815,0.000155,0,0.000898,5.1e-05,0,0.000423,3.2e-05,0,0.000292,0.227113,0,0.695208,9.9e-05,0,0.001,0.77026,0.301404,0.999882,2.7e-05,0,0.000226,4.2e-05,0,0.000373,3.1e-05,0,0.000261,2.6e-05,0,0.00025,5.2e-05,0,0.000457,4.1e-05,0,0.000369,7e-05,0,0.000835,3e-05,0,0.000291,3e-05,0,0.000339,5.9e-05,0,0.000698,5.3e-05,0,0.000568,7.2e-05,0,0.000634,3.2e-05,0,0.000312,3.9e-05,0,0.000327,5.2e-05,0,0.000478,5.6e-05,0,0.000449,3.5e-05,0,0.00027,5.6e-05,0,0.000493,3.8e-05,0,0.000345,3.3e-05,0,0.000285,3.8e-05,0,0.000357,4.7e-05,0,0.000472,5.5e-05,0,0.000551,5.8e-05,0,0.000564,0.000178,0,0.001551,2.5e-05,0,0.000281,3.4e-05,0,0.000327,4.8e-05,0,0.00039,5.5e-05,0,0.000461,3.3e-05,0,0.000331,5.5e-05,0,0.000453,3.3e-05,0,0.000294,0.000103,0,0.000905,3.1e-05,0,0.000269,3.9e-05,0,0.000321,3e-05,0,0.000253,4.3e-05,0,0.000429,5.4e-05,0,0.000461,2.7e-05,0,0.000265,6.6e-05,0,0.000614,4e-05,0,4e-04,5.4e-05,0,0.000502,3.3e-05,0,0.000329,2.7e-05,0,0.00024,3.5e-05,0,0.000328,4.2e-05,0,0.000459,4.5e-05,0,0.000396,5e-05,0,0.000522,3.7e-05,0,0.000297
"PH_SL_4.sorted.bam","4","SL",0.129397,0,0.360316,0.000228,0,0.001827,0.868625,0.637843,0.999853,0.000236,0,0.001884,0.000192,0,0.001491,0.000221,0,0.001884,0.000253,0,0.002035,0.000381,0,0.002984,0.000199,0,0.001587,0.000268,0,0.00216,9.4e-05,0,0.000876,7.5e-05,0,0.000677,2.6e-05,0,0.000233,0.257991,0,0.720007,8.3e-05,0,0.000624,0.739235,0.277884,0.99984,7.6e-05,0,0.000777,2.3e-05,0,0.000193,6.7e-05,0,0.000398,3.6e-05,0,0.000323,5.6e-05,0,0.000508,2.9e-05,0,0.000238,7.7e-05,0,0.000508,3e-05,0,0.000296,2e-05,0,0.000161,4.9e-05,0,0.000354,3.1e-05,0,0.000277,9.6e-05,0,0.000744,3e-05,0,0.000267,3.5e-05,0,0.000317,2.8e-05,0,0.000245,7e-05,0,0.000629,3.9e-05,0,0.000347,8.8e-05,0,0.000822,4e-05,0,0.000387,3.4e-05,0,0.000351,3.4e-05,0,0.000283,3.8e-05,0,0.000325,0.00011,0,0.001168,4.4e-05,0,0.000454,0.000241,0,0.002025,6.6e-05,0,0.000484,3.1e-05,0,0.000265,4.7e-05,0,0.00056,6.1e-05,0,0.000639,3.2e-05,0,0.000269,6.3e-05,0,0.000553,3.4e-05,0,0.000368,6.2e-05,0,0.000641,2.9e-05,0,0.00028,2.6e-05,0,0.000251,2e-05,0,0.000204,3.6e-05,0,0.000321,3.5e-05,0,0.000356,3.5e-05,0,0.000365,0.000116,0,0.001334,4.7e-05,0,0.000512,7.6e-05,0,0.000771,4e-05,0,0.000331,2.7e-05,0,0.000218,4.3e-05,0,0.000324,2.9e-05,0,0.000263,6e-05,0,0.000619,2.3e-05,0,0.000185,3.8e-05,0,0.000276
"PH_SL_6.sorted.bam","6","SL",0.26519,0.085447,0.445859,0.000635,0,0.005043,0.549749,0.414817,0.636461,0.000932,0,0.007169,0.001415,0,0.01337,0.000805,0,0.006863,0.001711,0,0.014266,0.132726,0.070199,0.202141,0.000531,0,0.00446,0.046305,0.000345,0.121146,7.2e-05,0,0.000685,0.000124,0,0.001171,6.9e-05,0,0.000553,0.4525,0.034121,0.700398,0.000189,0,0.002277,0.183685,0.03766,0.367331,0.000208,0,0.002248,9.3e-05,0,0.001031,0.000495,0,0.00587,8.3e-05,0,0.000674,0.001339,0,0.019772,7.2e-05,0,0.000637,0.000421,0,0.004849,8.8e-05,0,0.000737,9e-05,0,0.001108,0.000216,0,0.001849,7e-05,0,0.000732,0.000155,0,0.001279,7.6e-05,0,0.000668,0.000188,0,0.001915,7.2e-05,0,0.00054,0.000297,0,0.003585,6.6e-05,0,0.000683,0.000307,0,0.002524,0.000212,0,0.001888,0.000118,0,0.001399,0.000195,0,0.001927,8.5e-05,0,0.000819,0.051222,0,0.222574,0.000342,0,0.003435,0.212424,0,0.378226,0.000236,0,0.002168,0.000192,0,0.001498,0.000237,0,0.002652,0.000259,0,0.002032,0.000103,0,0.000816,7.9e-05,0,0.00074,8.4e-05,0,0.000758,0.000123,0,0.001293,0.000105,0,0.001118,7.8e-05,0,0.000666,5e-05,0,0.000427,7.7e-05,0,0.000905,0.000211,0,0.001738,6e-05,0,0.000571,0.024251,0,0.114747,9.3e-05,0,0.000801,0.065515,0,0.240431,0.000185,0,0.002012,0.000155,0,0.001685,0.000279,0,0.002074,0.001724,0,0.025338,0.000122,0,0.001264,0.000136,0,0.001099,7.6e-05,0,0.000708
"PH_SL_7.sorted.bam","7","SL",0.100489,0,0.347349,0.000288,0,0.002294,0.892596,0.650104,0.999892,0.000342,0,0.002844,0.000277,0,0.002188,0.000381,0,0.002819,0.0014,0,0.013504,0.003611,0,0.069354,0.000295,0,0.0024,0.000321,0,0.00256,0.001117,0,0.013457,5.5e-05,0,0.000454,3.1e-05,0,0.000359,0.189577,0,0.686431,8.7e-05,0,0.00093,0.797348,0.310046,0.999879,7.7e-05,0,0.000585,5.4e-05,0,0.000455,0.000138,0,0.000986,5.1e-05,0,0.000486,9.8e-05,0,0.00107,4.5e-05,0,0.000416,4.2e-05,0,0.000335,4.9e-05,0,0.000425,2.4e-05,0,0.000245,0.000115,0,0.001083,4.3e-05,0,0.000364,0.000201,0,0.001304,4.2e-05,0,0.000428,6.2e-05,0,0.000624,4.2e-05,0,0.000455,0.002141,0,0.024051,7.4e-05,0,0.000505,9.3e-05,0,0.00094,5e-05,0,0.000485,6.8e-05,0,0.000709,7.3e-05,0,0.000719,6.4e-05,0,0.000667,0.006508,0,0.138324,8.3e-05,0,0.000713,0.000127,0,0.001194,5.7e-05,0,0.000529,5.6e-05,0,0.000469,6.5e-05,0,0.000646,7.6e-05,0,0.00072,5.9e-05,0,0.000548,9.1e-05,0,0.000775,2.8e-05,0,0.000271,0.000127,0,0.001051,4.1e-05,0,0.000314,3.3e-05,0,0.00021,3.7e-05,0,0.000331,4.9e-05,0,0.00041,5.5e-05,0,0.000457,3.8e-05,0,0.000368,8.4e-05,0,0.000924,4.5e-05,0,0.000437,0.000105,0,0.000857,7.2e-05,0,0.000764,5.2e-05,0,0.000462,4e-05,0,0.000385,4.7e-05,0,0.000458,8e-05,0,0.000537,5.5e-05,0,0.000486,3e-05,0,0.000311
"PH_SL_8.sorted.bam","8","SL",0.123426,0.050353,0.183118,0.104862,0.060369,0.143972,0.222001,0.182034,0.288864,0.015556,0,0.084329,0.104717,0.067219,0.139013,0.323744,0.279994,0.373169,0.001205,0,0.009299,0.055943,1.2e-05,0.117227,0.024501,0,0.055984,0.024045,0,0.059749,2.9e-05,0,0.000239,0.000137,0,0.001301,2.3e-05,0,0.000219,0.005661,0,0.083445,0.020471,0,0.148819,3.6e-05,0,0.000322,0.000579,0,0.007491,0.000675,0,0.010057,0.004865,0,0.048446,2.5e-05,0,0.000212,0.181575,0,0.269137,8.8e-05,0,0.00088,0.001599,0,0.026241,0.02343,0,0.16751,4.9e-05,0,0.000378,7.5e-05,0,0.000607,0.18408,0.069278,0.271474,0.367454,0.256746,0.55818,0.000625,0,0.006447,0.000293,0,0.001816,4.1e-05,0,0.000384,0.000124,0,0.000903,0.000385,0,0.005234,0.000477,0,0.006285,0.000163,0,0.001848,0.000246,0,0.002782,0.000177,0,0.00183,2.8e-05,0,0.000283,0.015214,0,0.132992,0.000498,0,0.005629,0.000159,0,0.001854,0.000195,0,0.001785,6.6e-05,0,0.000594,0.093756,0,0.233002,0.000146,0,0.001091,2.9e-05,0,0.00021,8.1e-05,0,0.000687,0.002678,0,0.039051,0.043098,0,0.110655,0.00012,0,0.001272,0.000275,0,0.00204,7.1e-05,0,0.000735,0.000415,0,0.005231,0.001707,0,0.025296,2.2e-05,0,0.000213,0.043348,0,0.117967,0.000668,0,0.00532,0.000146,0,0.001233,0.000409,0,0.005119,0.001762,0,0.028319,0.000875,0,0.010737,0.00022,0,0.002327,9e-05,0,0.000983,0.000512,0,0.002767,2.9e-05,0,0.000274
"PH_SL_9.sorted.bam","9","SL",0.262854,0.089062,0.427821,0.000388,0,0.003031,0.547987,0.422937,0.638422,0.000582,0,0.004537,0.000596,0,0.004767,0.000447,0,0.003525,0.00107,0,0.009039,0.130056,0.082642,0.185987,0.000472,0,0.003748,0.055548,0.000101,0.143354,0.000109,0,0.001039,0.000102,0,0.001043,3.7e-05,0,0.000371,0.337714,0,0.622905,0.000119,0,0.001083,0.292755,0.127248,0.469403,0.000103,0,0.000858,3.5e-05,0,0.000337,0.000349,0,0.004302,7.9e-05,0,0.000862,0.000254,0,0.002462,5.3e-05,0,0.000435,0.000274,0,0.001913,8.6e-05,0,0.000899,5.5e-05,0,0.000474,8.4e-05,0,0.000735,7.2e-05,0,0.000734,0.000167,0,0.001478,8.6e-05,0,0.000694,5.3e-05,0,0.000566,6.5e-05,0,0.000633,0.000107,0,0.000757,7.7e-05,0,0.000624,0.000334,0,0.003963,0.000102,0,0.000953,8.8e-05,0,0.000805,6.2e-05,0,0.000579,0.000145,0,0.001627,0.168316,0.044415,0.255433,0.000115,0,0.00119,0.085662,0,0.252494,9.8e-05,0,0.000755,9.2e-05,0,0.000989,9.6e-05,0,0.000827,9e-05,0,0.000844,0.000235,0,0.002582,6.5e-05,0,0.000715,4.2e-05,0,0.00031,0.000256,0,0.003152,5.6e-05,0,0.000506,5e-05,0,0.000447,5.5e-05,0,0.000512,1e-04,0,0.001061,7.1e-05,0,0.000784,5.9e-05,0,0.000621,0.018746,0,0.105523,8.5e-05,0,0.000832,0.085589,0,0.286122,9.1e-05,0,0.000845,0.000133,0,0.001214,9e-05,0,0.000978,0.00089,0,0.012465,0.005103,0,0.058372,0.000131,0,0.001236,0.00012,0,0.000904
"PH_TB_10.sorted.bam","10","TB",0.381297,0.232235,0.469191,0.001533,0,0.012098,0.01641,0,0.061018,0.004968,0,0.043543,0.001797,0,0.013275,0.001537,0,0.011062,0.004671,0,0.028024,0.295528,0.243105,0.346778,0.001144,0,0.00874,0.291113,0.196427,0.483303,0.046504,0,0.126268,0.000198,0,0.001473,0.000145,0,0.000875,0.003308,0,0.047805,0.000813,0,0.012502,0.003032,0,0.039013,0.000462,0,0.004971,0.000347,0,0.002376,0.001041,0,0.015487,0.000626,0,0.009057,0.000206,0,0.001934,0.000207,0,0.002472,0.001128,0,0.01571,0.000209,0,0.001899,7.4e-05,0,0.00067,0.000213,0,0.002673,0.000149,0,0.001127,0.000434,0,0.004434,0.000363,0,0.004407,0.000154,0,0.001346,0.00022,0,0.002709,0.000715,0,0.010864,0.000366,0,0.005206,0.004173,0,0.046829,0.000248,0,0.002196,0.000149,0,0.001682,0.000378,0,0.005291,0.000226,0,0.002905,0.468122,0.287553,0.656631,0.000297,0,0.002698,0.001964,0,0.028436,0.000547,0,0.005065,0.000782,0,0.01063,0.000442,0,0.00515,0.001549,0,0.020138,0.055937,0,0.166114,0.000123,0,0.001132,0.000124,0,0.001069,0.00056,0,0.007832,0.000308,0,0.003229,8.7e-05,0,0.000936,0.000155,0,0.00166,0.000203,0,0.002307,0.000153,0,0.001505,0.000111,0,0.001036,0.19624,0,0.387861,0.000276,0,0.003292,0.013334,0,0.106272,0.005158,0,0.082507,0.000526,0,0.006451,0.000346,0,0.004305,0.001108,0,0.014214,0.005327,0,0.079482,0.000352,0,0.003914,0.17978,0.035772,0.465567
"PH_TB_12.sorted.bam","12","TB",0.400645,0.291597,0.454248,0.002235,0,0.016489,0.015253,0,0.061354,0.001957,0,0.015314,0.003417,0,0.024334,0.001984,0,0.013023,0.001318,0,0.00965,0.326735,0.277397,0.377462,0.002283,0,0.016181,0.244172,0.170617,0.397028,0.000451,0,0.005351,0.00017,0,0.001733,0.000506,0,0.006452,0.001095,0,0.016155,0.000344,0,0.004167,0.012121,0,0.060251,0.000191,0,0.001625,0.000261,0,0.002804,7e-04,0,0.008626,0.000286,0,0.00295,0.001063,0,0.015986,0.000692,0,0.009659,0.000198,0,0.002063,0.00022,0,0.002237,0.000671,0,0.009247,0.000396,0,0.004735,0.000489,0,0.007105,0.000363,0,0.003823,0.000215,0,0.002502,0.000368,0,0.0043,0.000477,0,0.006849,0.00018,0,0.00192,0.00042,0,0.004774,0.000159,0,0.00169,0.000273,0,0.002734,0.000189,0,0.001923,0.000269,0,0.003071,0.000264,0,0.003481,0.498256,0.293386,0.672541,0.000114,0,0.001034,0.000607,0,0.008274,0.00025,0,0.002689,0.000412,0,0.005631,0.000242,0,0.002085,0.000221,0,0.002568,0.054284,0,0.155134,0.000778,0,0.008406,0.000215,0,0.002398,0.000368,0,0.003635,0.000278,0,0.002474,0.000554,0,0.007451,0.000265,0,0.003145,2e-04,0,0.001721,0.000293,0,0.003418,0.000668,0,0.009138,0.298257,0.008669,0.443687,0.000754,0,0.008403,0.002431,0,0.037618,0.000952,0,0.010889,0.001798,0,0.029749,0.000407,0,0.006185,0.000197,0,0.002067,0.044507,0,0.348935,0.000281,0,0.003627,0.069381,0,0.363546
"PH_TB_1.sorted.bam","1","TB",0.365291,0.238864,0.443944,0.007598,0,0.041891,0.007357,0,0.039399,0.002143,0,0.015064,0.002595,0,0.019626,0.002398,0,0.017115,0.00296,0,0.021775,0.31333,0.252853,0.370861,0.001823,0,0.011699,0.294503,0.199261,0.484636,0.013237,0,0.096594,0.006841,0,0.079158,0.000247,0,0.002476,0.00097,0,0.012881,0.002197,0,0.032074,0.002613,0,0.031916,0.000263,0,0.002024,0.001018,0,0.013097,0.00013,0,0.001272,0.000401,0,0.0053,0.001403,0,0.018924,0.000701,0,0.009433,0.000752,0,0.009707,0.000231,0,0.002072,0.000213,0,0.002554,0.001081,0,0.014165,0.000872,0,0.01258,0.000547,0,0.008041,0.000175,0,0.00184,0.000261,0,0.002932,0.000354,0,0.004359,0.000762,0,0.009256,0.000333,0,0.004025,0.000995,0,0.013265,0.000554,0,0.007531,0.000271,0,0.002369,0.00011,0,0.001019,0.000967,0,0.013721,0.499498,0.359993,0.650857,0.000705,0,0.010496,0.002416,0,0.039138,0.000268,0,0.001505,0.000559,0,0.007505,0.000164,0,0.001647,0.000363,0,0.003926,0.06071,0,0.152213,0.000369,0,0.004813,0.000854,0,0.011369,0.000251,0,0.002749,0.000159,0,0.00135,0.000188,0,0.001759,0.000437,0,0.00592,0.000363,0,0.003928,0.000161,0,0.001629,0.000287,0,0.003987,0.192921,0,0.366095,0.001181,0,0.016606,0.001231,0,0.016611,0.000687,0,0.007609,4e-04,0,0.003721,0.000442,0,0.005372,0.000235,0,0.002394,0.001107,0,0.018551,0.000289,0,0.002609,0.195256,0.045211,0.482915
"PH_TB_2.sorted.bam","2","TB",0.372543,0.257051,0.433321,0.003049,0,0.019337,0.002009,0,0.013441,0.002412,0,0.016307,0.001062,0,0.008344,0.00229,0,0.016578,0.005728,0,0.027922,0.33351,0.270573,0.387348,0.001596,0,0.011147,0.275802,0.189374,0.447667,0.000433,0,0.004466,0.000744,0,0.012738,0.000972,0,0.014508,0.000439,0,0.004784,0.000299,0,0.003908,0.000252,0,0.003265,0.000228,0,0.002077,0.00035,0,0.004816,0.000364,0,0.004147,0.000591,0,0.008113,0.000134,0,0.001444,9.1e-05,0,0.00083,0.00047,0,0.006375,0.000159,0,0.001259,0.000133,0,0.001261,0.000305,0,0.002612,0.000492,0,0.006613,0.000202,0,0.002027,0.000398,0,0.005098,0.000199,0,0.002095,0.00107,0,0.014451,0.001581,0,0.024939,0.00046,0,0.006759,0.000412,0,0.005233,0.000893,0,0.013568,0.000229,0,0.002138,0.000261,0,0.002592,0.003115,0,0.026462,0.578764,0.475535,0.729685,0.000584,0,0.008874,0.000893,0,0.012666,0.000356,0,0.003214,0.000219,0,0.002524,8.7e-05,0,0.000987,0.000541,0,0.006208,0.038957,0,0.111454,0.000282,0,0.002908,0.000228,0,0.002083,0.000263,0,0.002963,0.000342,0,0.004378,0.000125,0,0.001035,0.000221,0,0.002368,0.000324,0,0.003599,0.000219,0,0.002163,0.000429,0,0.005719,0.161743,0,0.327037,0.000906,0,0.012724,0.000173,0,0.002047,0.000553,0,0.003687,0.000231,0,0.002081,0.000274,0,0.002822,0.000524,0,0.005891,0.007443,0,0.118404,0.000331,0,0.002847,0.189713,0.058777,0.444243
"PH_TB_3.sorted.bam","3","TB",0.346795,0.172094,0.442905,0.002553,0,0.020079,0.049796,0.014073,0.092877,0.056707,0.012194,0.128125,0.003366,0,0.020717,0.006589,0,0.031297,0.00936,0,0.03798,0.273439,0.211533,0.327527,0.006243,0,0.033022,0.245151,0.162422,0.421269,0.006742,0,0.076671,0.000804,0,0.008481,0.000186,0,0.001995,0.008133,0,0.089991,0.000245,0,0.00333,0.038913,0,0.090703,0.018143,0,0.114917,0.000475,0,0.005913,0.006292,0,0.076783,0.002942,0,0.048399,0.000881,0,0.012679,0.000204,0,0.00177,0.000235,0,0.002004,0.001889,0,0.027677,0.000238,0,0.002347,0.001123,0,0.014808,0.000385,0,0.003976,0.000401,0,0.004881,0.005229,0,0.050956,0.000981,0,0.015611,0.001295,0,0.01848,0.001227,0,0.014148,0.000485,0,0.006049,0.003175,0,0.039725,0.007178,0,0.061393,0.000546,0,0.006777,0.000616,0,0.006687,0.001688,0,0.024016,0.270872,0,0.458095,0.000698,0,0.006576,0.002693,0,0.036635,0.067235,0,0.249478,0.000372,0,0.004166,0.000242,0,0.003187,0.00039,0,0.005263,0.062237,0,0.148872,0.000196,0,0.001909,0.000916,0,0.013834,0.000355,0,0.003279,0.00031,0,0.003567,0.000804,0,0.011591,0.001223,0,0.018908,0.000632,0,0.008534,0.000709,0,0.0087,0.003562,0,0.031363,0.378728,0.284783,0.471109,0.000522,0,0.006283,0.000236,0,0.002784,0.000779,0,0.013053,0.000344,0,0.003419,0.00039,0,0.005989,0.001095,0,0.01597,0.079195,0,0.35129,0.000217,0,0.001475,0.014397,0,0.128291
"PH_TB_4.sorted.bam","4","TB",0.284614,0.157222,0.346755,0.003684,0,0.022288,0.070875,0.046746,0.106785,0.001592,0,0.012012,0.119854,0.083137,0.177316,0.119923,0.084139,0.161916,0.07051,0.045651,0.10234,0.255474,0.208368,0.311209,0.006446,0,0.034509,0.067028,0.01497,0.113546,3.8e-05,0,0.000338,0.000116,0,0.001152,4.8e-05,0,0.000528,0.000582,0,0.006416,0.00188,0,0.027345,4.5e-05,0,0.000409,0.000279,0,0.002529,0.00019,0,0.0019,0.000482,0,0.005567,3.6e-05,0,0.00026,0.234373,0.15689,0.353088,0.000224,0,0.002311,0.000205,0,0.001578,0.000264,0,0.002021,6e-05,0,0.000524,0.000117,0,0.001116,0.000288,0,0.004191,0.000563,0,0.00568,0.000161,0,0.001441,0.000129,0,0.00143,4.4e-05,0,0.000479,0.000147,0,0.001672,0.002028,0,0.02557,0.130024,0.084384,0.17816,0.00029,0,0.003426,0.000712,0,0.00981,0.000354,0,0.004413,3.8e-05,0,0.000297,0.242781,0,0.374417,0.000923,0,0.012293,0.000886,0,0.013431,0.000303,0,0.003404,2e-04,0,0.00185,0.235842,0.157617,0.319383,0.000424,0,0.004962,7e-05,0,0.000517,0.00011,0,0.001032,0.000219,0,0.002182,0.001324,0,0.01761,0.000425,0,0.004926,0.000504,0,0.005364,0.000106,0,0.001133,0.001311,0,0.018374,0.006955,0,0.065608,3.1e-05,0,0.000225,0.090646,0,0.193449,0.001405,0,0.024071,0.005713,0,0.086769,0.000718,0,0.006238,0.002976,0,0.057926,0.0022,0,0.024472,0.005653,0,0.082121,0.022492,0,0.173011,0.001876,0,0.029268,0.000189,0,0.001726
"PH_TB_6.sorted.bam","6","TB",0.371274,0.261524,0.440083,0.0019,0,0.013985,0.017461,0,0.050593,0.00801,0,0.05889,0.002896,0,0.021651,0.002876,0,0.018204,0.006898,0,0.035189,0.298504,0.255636,0.356928,0.001253,0,0.009275,0.288928,0.188227,0.453501,0.000491,0,0.004981,0.000388,0,0.00455,0.000189,0,0.001454,0.018185,0,0.0827,0.001168,0,0.016963,0.001745,0,0.028928,0.000714,0,0.006971,0.000211,0,0.001762,0.000683,0,0.008804,0.000108,0,0.000887,0.001984,0,0.030626,0.000335,0,0.004473,0.001107,0,0.016411,0.000177,0,0.001419,0.000161,0,0.001791,0.000161,0,0.001722,0.000398,0,0.004799,0.00059,0,0.007165,0.000392,0,0.004716,0.000518,0,0.006305,0.000265,0,0.003301,0.000182,0,0.001852,0.000204,0,0.002126,0.000355,0,0.00481,0.000305,0,0.002766,0.000296,0,0.003425,0.000202,0,0.002023,0.004872,0,0.032541,0.567563,0.449834,0.699296,0.000217,0,0.002974,0.002205,0,0.03101,0.000248,0,0.002207,0.000224,0,0.002512,0.001571,0,0.024015,0.001387,0,0.020054,0.0106,0,0.078183,6.5e-05,0,0.000765,0.00022,0,0.002336,0.000361,0,0.00392,0.000187,0,0.001728,0.000156,0,0.001821,0.000359,0,0.004706,0.000104,0,0.001123,2e-04,0,0.001706,0.000193,0,0.002714,0.152324,0,0.341692,0.000282,0,0.002706,0.006778,0,0.071387,0.012886,0,0.115747,0.000674,0,0.004681,0.00103,0,0.01604,0.001016,0,0.015294,0.002191,0,0.033741,0.00047,0,0.005665,0.200104,0.069376,0.452482
"PH_TB_7.sorted.bam","7","TB",0.327251,0.216785,0.398573,0.004811,0,0.027634,0.055327,0.020094,0.107665,0.002323,0,0.017153,0.002141,0,0.016148,0.114381,0.080284,0.155797,0.00157,0,0.011491,0.301375,0.257685,0.344276,0.001102,0,0.008656,0.189719,0.143173,0.273643,0.000575,0,0.005055,0.000689,0,0.009345,0.001257,0,0.016763,0.028832,0,0.115133,0.001395,0,0.020695,0.000421,0,0.005945,0.000733,0,0.005864,0.000533,0,0.005535,0.000756,0,0.011152,0.000514,0,0.007466,0.000437,0,0.002966,0.000657,0,0.008289,0.000125,0,0.000948,0.000228,0,0.002529,0.000691,0,0.009771,0.000397,0,0.0037,0.001823,0,0.028668,0.001165,0,0.013617,0.000139,0,0.001499,0.000286,0,0.002404,0.000895,0,0.012195,9e-05,0,0.000844,0.000314,0,0.003127,0.000337,0,0.00356,0.00027,0,0.002759,0.000155,0,0.001221,0.00042,0,0.004592,0.000243,0,0.003186,0.343963,0.207389,0.471076,0.000821,0,0.012,0.002755,0,0.043029,0.000319,0,0.003017,0.000337,0,0.003052,0.218658,0.139638,0.307355,0.000236,0,0.002675,0.008054,0,0.062048,0.000175,0,0.001485,0.000282,0,0.002598,0.000184,0,0.001769,0.000316,0,0.003346,0.000186,0,0.001789,0.000297,0,0.002105,0.000175,0,0.002019,0.000185,0,0.002116,9.9e-05,0,0.000992,0.278037,0.143545,0.389522,0.000593,0,0.006476,0.074262,0,0.214572,0.000325,0,0.003382,0.000487,0,0.006329,0.003785,0,0.048806,0.000655,0,0.009278,0.019367,0,0.166521,0.000205,0,0.002322,0.000861,0,0.012364
"PH_TB_8.sorted.bam","8","TB",0.366513,0.25275,0.436994,0.003407,0,0.024729,0.016948,0,0.067148,0.009354,0,0.058525,0.007308,0,0.037527,0.006652,0,0.031223,0.003824,0,0.023047,0.300935,0.253155,0.358948,0.00132,0,0.009946,0.283739,0.185664,0.457847,0.004319,0,0.067883,0.000158,0,0.001344,0.000386,0,0.004558,0.002886,0,0.040938,0.002569,0,0.032593,0.009509,0,0.063807,0.00247,0,0.035937,0.000571,0,0.007692,0.00097,0,0.013915,0.000819,0,0.011034,0.006991,0,0.061139,0.000236,0,0.00193,0.001685,0,0.026831,0.000714,0,0.009907,0.000978,0,0.01301,0.000339,0,0.003093,0.000451,0,0.005565,0.000531,0,0.00727,0.000413,0,0.00422,0.000669,0,0.009226,0.003846,0,0.028991,0.001367,0,0.01897,0.000212,0,0.002326,0.000872,0,0.01226,0.00017,0,0.001483,0.000648,0,0.009576,0.001025,0,0.016322,0.00111,0,0.015306,0.562968,0.395766,0.711009,0.001377,0,0.019544,0.004612,0,0.051751,0.002111,0,0.030037,0.001018,0,0.006549,4e-04,0,0.005979,0.000175,0,0.001467,0.01423,0,0.120208,0.000463,0,0.004918,0.000247,0,0.002942,0.000332,0,0.003977,0.000223,0,0.001943,0.000296,0,0.003907,0.000345,0,0.004576,0.000164,0,0.001573,0.00013,0,0.001146,0.000102,0,9e-04,0.146747,0,0.332144,0.000221,0,0.001487,0.000424,0,0.004401,0.009429,0,0.105643,0.000403,0,0.003846,0.00144,0,0.021062,0.000795,0,0.010932,0.000617,0,0.008332,0.000235,0,0.002249,0.203584,0.056254,0.457196
"PH_TB_9.sorted.bam","9","TB",0.158155,0.045267,0.230283,0.117864,0.078343,0.162263,0.029025,1.7e-05,0.059823,0.048255,4e-06,0.117592,0.124213,0.076014,0.167338,0.114676,0.075019,0.152755,0.043246,0.017607,0.070125,0.11268,0.073764,0.147897,0.155737,0.114914,0.191112,0.09615,0.06106,0.156666,3.9e-05,0,0.000425,0.000351,0,0.003511,4.5e-05,0,0.000395,0.000254,0,0.002574,0.00923,0,0.078893,3e-05,0,0.000307,0.002984,0,0.042046,0.026212,0,0.155495,0.013681,0,0.085843,4.6e-05,0,0.000485,0.227759,0.089097,0.328918,0.000272,0,0.00216,0.000441,0,0.002988,0.018764,0,0.16094,4.1e-05,0,0.000288,0.000156,0,0.001572,0.004643,0,0.071276,0.014401,0,0.090737,0.030859,0,0.154176,0.000174,0,0.001477,4.6e-05,0,0.000423,0.000225,0,0.002241,0.057658,0,0.131722,0.00048,0,0.005148,0.002453,0,0.038237,0.000541,0,0.00659,0.002031,0,0.029645,3.9e-05,0,0.000387,0.000362,0,0.003799,0.000825,0,0.01184,0.000174,0,0.002187,0.000226,0,0.002145,0.000122,0,0.001246,0.176166,0,0.293849,0.000242,0,0.003316,2.9e-05,0,0.00028,0.000258,0,0.002905,0.128113,0,0.253577,0.018861,0,0.114759,0.000817,0,0.009148,0.000184,0,0.002159,0.000249,0,0.002038,0.020169,0,0.106159,0.04706,0,0.22927,4e-05,0,0.000354,0.083884,0,0.22094,0.008335,0,0.090914,0.000469,0,0.003926,0.000422,0,0.005077,8.5e-05,0,0.000854,0.00058,0,0.004537,0.002616,0,0.043282,0.000125,0,0.001331,0.095682,0,0.259218,5e-05,0,0.000425
"PH_WC_10.sorted.bam","10","WC",0.347759,0.124125,0.422569,0.034553,0,0.084759,0.003605,0,0.021661,0.130777,0.054484,0.366062,0.424475,0.370492,0.495856,0.030617,0,0.073057,0.001582,0,0.011404,0.002212,0,0.016677,0.020015,0,0.049351,0.004403,0,0.031789,0.000592,0,0.007523,0.001783,0,0.027599,9.7e-05,0,0.000835,0.000638,0,0.009048,0.002063,0,0.028125,0.000106,0,0.000995,0.002945,0,0.041698,0.039734,0,0.140776,0.000275,0,0.003036,0.000467,0,0.005835,0.679883,0.237376,0.824683,0.000233,0,0.00201,0.000295,0,0.003391,0.161802,0,0.715625,0.000389,0,0.004193,0.00525,0,0.056938,0.017544,0,0.103953,0.000486,0,0.007562,0.028635,0,0.139417,0.004205,0,0.05837,0.000329,0,0.004085,0.000462,0,0.006028,0.000425,0,0.005623,0.000148,0,0.001454,0.000359,0,0.002674,0.000164,0,0.001775,0.000748,0,0.010726,9e-05,0,0.000918,0.000328,0,0.003101,0.000295,0,0.003155,0.000251,0,0.002783,0.001154,0,0.015738,0.000216,0,0.001589,0.000551,0,0.006312,0.000125,0,0.00137,0.000135,0,0.001188,0.002241,0,0.034638,0.006262,0,0.05495,0.002558,0,0.031904,0.022436,0,0.091387,0.001088,0,0.015637,0.002237,0,0.028961,0.000255,0,0.003316,0.000808,0,0.011213,0.000189,0,0.001803,0.000803,0,0.011803,0.000573,0,0.005495,0.000285,0,0.003146,0.003281,0,0.04867,0.000287,0,0.002369,0.000922,0,0.014155,3e-04,0,0.003811,0.000426,0,0.0048,0.001766,0,0.031933,8.1e-05,0,0.000847
"PH_WC_11.sorted.bam","11","WC",0.37037,0.125973,0.436895,0.016248,0,0.051675,0.003005,0,0.017345,0.081399,0,0.3577,0.435075,0.394093,0.481773,0.028248,1e-06,0.061003,0.006279,0,0.028656,0.009232,0,0.05536,0.021132,0,0.048018,0.029013,1e-06,0.055766,0.000101,0,0.001121,0.001694,0,0.025197,0.000113,0,0.000956,0.000215,0,0.00237,0.001046,0,0.01555,0.000143,0,0.001446,0.000444,0,0.004473,0.002307,0,0.041341,0.000711,0,0.00949,0.000132,0,0.001441,0.725609,0.127133,0.865022,0.00041,0,0.003145,0.000483,0,0.006618,0.13633,0,0.713625,0.000618,0,0.008099,0.001397,0,0.020821,0.019078,0,0.096229,0.001034,0,0.014793,0.016705,0,0.105748,0.001282,0,0.01688,0.000777,0,0.011408,0.000124,0,0.001203,0.00147,0,0.019555,0.000551,0,0.008086,0.000312,0,0.002804,0.000308,0,0.003565,0.005185,0,0.053221,0.000271,0,0.003638,0.007226,0,0.108059,0.000305,0,0.003267,0.001206,0,0.017382,0.000604,0,0.00818,0.001916,0,0.029164,0.000895,0,0.013667,0.000779,0,0.013319,0.000141,0,0.001342,0.000207,0,0.002513,9e-04,0,0.013563,0.000224,0,0.002136,0.001377,0,0.020316,0.001861,0,0.027615,0.000261,0,0.002544,0.001963,0,0.026853,0.003281,0,0.045066,0.000113,0,0.001072,0.003622,0,0.054204,0.005061,0,0.0621,0.000254,0,0.003225,0.003743,0,0.061952,0.000713,0,0.010041,0.009103,0,0.074434,0.001324,0,0.017564,0.001972,0,0.030298,0.031962,0,0.093777,0.000135,0,0.001248
"PH_WC_1.sorted.bam","1","WC",0.369425,0.151736,0.434248,0.016199,0,0.057069,0.002245,0,0.014651,0.092766,0.020182,0.315562,0.420719,0.378775,0.463487,0.034347,4e-06,0.070829,0.017105,0,0.045356,0.035369,5e-06,0.080957,0.00533,0,0.029529,0.006496,0,0.037044,1e-04,0,0.0011,0.000611,0,0.007594,0.000123,0,0.001136,0.000232,0,0.002151,0.000193,0,0.001791,0.000391,0,0.005989,0.000671,0,0.004538,0.008322,0,0.086343,0.000634,0,0.007917,0.00216,0,0.028515,0.702045,0.262196,0.850509,0.000457,0,0.005717,0.000306,0,0.00362,0.124728,0,0.625928,0.000262,0,0.003009,0.000402,0,0.004164,0.017263,0,0.095917,0.000671,0,0.008152,0.02704,0,0.136014,0.009025,0,0.081408,0.000479,0,0.006212,0.000161,0,0.001767,0.00285,0,0.039369,0.000578,0,0.005328,0.008017,0,0.076402,0.001213,0,0.019226,0.003368,0,0.05391,0.000123,0,0.001544,0.030692,0,0.151966,0.001823,0,0.026043,0.000501,0,0.005409,0.009508,0,0.095408,0.00199,0,0.030934,0.00453,0,0.072987,0.01487,0,0.076174,0.00046,0,0.005999,0.000178,0,0.001679,0.000282,0,0.00286,0.000452,0,0.006472,0.001572,0,0.021224,0.000952,0,0.014462,0.000237,0,0.002975,0.000927,0,0.012287,0.005637,0,0.052734,6.1e-05,0,0.000576,0.00366,0,0.042493,0.000353,0,0.003714,0.000141,0,0.001384,0.000722,0,0.007981,0.000197,0,0.002339,0.005199,0,0.062992,0.00198,0,0.028898,0.000268,0,0.002898,0.000301,0,0.002915,8.5e-05,0,0.000743
"PH_WC_2.sorted.bam","2","WC",0.359866,0.089324,0.426363,0.023777,0,0.072106,0.002524,0,0.016512,0.099675,0.021586,0.400247,0.400467,0.363982,0.445414,0.060813,0.023267,0.091994,0.023963,3e-06,0.049785,0.012519,0,0.047125,0.007154,0,0.030408,0.009241,0,0.040221,0.000211,0,0.002489,0.000298,0,0.003319,0.000319,0,0.003897,0.000413,0,0.003263,0.001318,0,0.018873,0.000228,0,0.002358,0.003948,0,0.060689,0.001579,0,0.027597,0.001006,0,0.015239,0.00197,0,0.027797,0.690228,0,0.833134,0.000937,0,0.01493,0.000396,0,0.004485,0.102189,0,0.793048,0.000501,0,0.005157,0.009507,0,0.098102,0.035979,0,0.131515,0.00022,0,0.001896,0.056979,0,0.165366,0.001523,0,0.021728,0.002853,0,0.042118,0.000968,0,0.01196,0.001585,0,0.024821,0.000269,0,0.003269,0.024008,0,0.087236,0.002247,0,0.035673,0.001559,0,0.02025,0.006747,0,0.039482,0.004098,0,0.063859,0.000728,0,0.012956,0.000228,0,0.002389,0.003815,0,0.054817,0.000597,0,0.007608,0.009036,0,0.081276,0.000514,0,0.006727,0.001332,0,0.018088,0.00021,0,0.001817,0.004236,0,0.047201,0.000238,0,0.002718,0.000974,0,0.013542,0.000464,0,0.004968,0.000644,0,0.008061,0.002176,0,0.031423,0.003148,0,0.038906,0.000261,0,0.002887,0.009641,0,0.072043,0.000256,0,0.002189,0.000504,0,0.005998,0.000912,0,0.012172,0.001351,0,0.020383,0.000472,0,0.00706,0.001107,0,0.013639,0.000211,0,0.001784,0.001697,0,0.024575,0.001166,0,0.017989
"PH_WC_3.sorted.bam","3","WC",0.363498,0.045719,0.446202,0.037767,0,0.070134,0.002215,0,0.014743,0.088128,1.1e-05,0.408891,0.431726,0.388797,0.483535,0.049993,0.011771,0.082675,0.000656,0,0.005432,0.007457,0,0.051629,0.001915,0,0.01375,0.016647,0,0.048,0.000167,0,0.00182,0.000264,0,0.002009,7.2e-05,0,0.000659,0.000281,0,0.002032,0.000246,0,0.00193,0.000327,0,0.005312,0.001328,0,0.013778,0.000271,0,0.003807,0.000249,0,0.002098,0.000438,0,0.005079,0.694975,0,0.854933,0.00074,0,0.005208,0.000284,0,0.00341,0.153634,0,0.817777,0.000564,0,0.006686,0.000677,0,0.009689,0.072522,0,0.13745,0.000653,0,0.009694,0.009344,0,0.098334,0.010557,0,0.095227,0.000949,0,0.013938,0.000116,0,0.000994,8.9e-05,0,0.000985,1e-04,0,0.000891,0.000321,0,0.003546,0.000104,0,0.00088,0.000189,0,0.002106,6.6e-05,0,0.000513,0.009067,0,0.100625,0.000345,0,0.004337,0.000252,0,0.002995,0.000435,0,0.003885,0.000351,0,0.004938,0.003429,0,0.052463,6.8e-05,0,0.000641,0.000167,0,0.001375,0.000204,0,0.002333,0.00053,0,0.007483,0.00015,0,0.001722,0.001324,0,0.017972,0.00038,0,0.00354,0.000441,0,0.005481,6.9e-05,0,0.000539,0.00018,0,0.001696,8.3e-05,0,0.000977,0.019749,0,0.09192,0.000384,0,0.003767,0.001562,0,0.019927,0.008475,0,0.06323,0.0013,0,0.019621,0.000276,0,0.003637,0.000125,0,0.001357,0.000454,0,0.004745,0.000386,0,0.004196,0.000292,0,0.004357
"PH_WC_5.sorted.bam","5","WC",0.363522,0.075792,0.433632,0.010219,0,0.045999,0.000851,0,0.006613,0.081614,1.2e-05,0.382943,0.417783,0.3752,0.464898,0.036427,0.000138,0.065979,0.032519,0.0011,0.055883,0.016851,0,0.076833,0.027602,0.000371,0.052973,0.012613,0,0.040416,5.9e-05,0,0.000558,0.000603,0,0.005311,7.5e-05,0,0.000689,0.000114,0,0.000978,0.000271,0,0.002914,5e-05,0,0.000488,0.000559,0,0.00603,0.00858,0,0.076816,0.000254,0,0.002967,8.5e-05,0,0.000778,0.706382,0,0.857706,0.000618,0,0.006322,0.00012,0,0.00125,0.118141,0,0.765009,9.4e-05,0,0.000787,0.000122,0,0.001022,0.002063,0,0.028904,0.000122,0,0.001583,0.024304,0,0.124168,0.001834,0,0.027293,9e-05,0,0.000771,0.000471,0,0.006704,0.004301,0,0.053376,0.000135,0,0.001109,0.003425,0,0.046741,0.001662,0,0.025323,0.037061,0,0.100284,3.8e-05,0,0.000369,0.011644,0,0.153498,0.000301,0,0.00396,0.000118,0,0.00108,0.002522,0,0.040154,0.000212,0,0.001775,0.001274,0,0.020894,0.000278,0,0.003065,7.4e-05,0,0.000643,0.002449,0,0.03688,0.002717,0,0.038248,0.000267,0,0.00221,0.003702,0,0.051228,0.003964,0,0.045122,0.000142,0,0.001481,0.016502,0,0.074743,0.017027,0,0.079263,7e-05,0,0.000856,0.00458,0,0.051485,0.000834,0,0.010772,0.000201,0,0.001715,0.001569,0,0.024242,0.002446,0,0.040288,0.005754,0,0.05644,0.001126,0,0.014433,0.000178,0,0.001645,0.008293,0,0.066822,0.000123,0,0.001178
"PH_WC_6.sorted.bam","6","WC",0.343748,0.077102,0.421807,0.005926,0,0.032993,0.001664,0,0.01319,0.132904,0.041919,0.411421,0.399919,0.351912,0.452033,0.049281,9e-06,0.089753,0.002064,0,0.013306,0.027053,0,0.106175,0.018107,0,0.043841,0.019333,0,0.048705,0.000592,0,0.007948,0.00083,0,0.009391,0.001147,0,0.01672,0.000511,0,0.007633,9.1e-05,0,0.000923,8.8e-05,0,0.000898,0.00164,0,0.023103,0.002767,0,0.038215,0.000193,0,0.001831,0.016831,0,0.086953,0.633958,0,0.824862,0.000725,0,0.010935,0.000223,0,0.001962,0.150598,0,0.821685,0.000666,0,0.00985,0.002675,0,0.049679,0.001164,0,0.011853,0.000688,0,0.007203,0.068618,0,0.166062,0.007909,0,0.096625,0.000769,0,0.010645,0.000519,0,0.00651,0.000251,0,0.002039,0.000115,0,0.001106,0.000336,0,0.003983,0.000147,0,0.001556,0.000362,0,0.005012,0.00039,0,0.005827,0.033282,0,0.210777,0.000168,0,0.001457,8.6e-05,0,0.000963,0.002288,0,0.033553,8.5e-05,0,0.000879,0.006349,0,0.071432,0.000137,0,0.001111,0.000103,0,0.000982,0.001373,0,0.023281,0.002321,0,0.035812,0.00096,0,0.012862,0.003381,0,0.045508,0.003089,0,0.043038,0.001732,0,0.024311,0.001189,0,0.016456,0.011182,0,0.070106,0.000231,0,0.002482,0.011525,0,0.08205,0.001242,0,0.017362,0.000285,0,0.00335,0.002325,0,0.031901,0.001771,0,0.027081,0.007527,0,0.070571,0.000291,0,0.003554,0.000322,0,0.004589,0.010526,0,0.067158,0.001426,0,0.021508
"PH_WC_7.sorted.bam","7","WC",0.386835,0.161213,0.452414,0.026497,0,0.060563,0.001308,0,0.010202,0.083916,0.012031,0.315636,0.423008,0.379462,0.483064,0.021396,0,0.054752,0.010556,0,0.03689,0.005982,0,0.039413,0.030629,0.000711,0.057019,0.009873,0,0.041956,0.000299,0,0.00268,0.000593,0,0.00707,0.000372,0,0.003639,0.000127,0,0.001231,0.000425,0,0.004334,0.000102,0,0.000879,0.001693,0,0.022764,0.031358,0,0.107002,0.000562,0,0.006938,0.000793,0,0.012635,0.734036,0.321062,0.861561,0.000828,0,0.011864,0.000167,0,0.00188,0.105657,0,0.605439,0.000582,0,0.007439,0.001129,0,0.016992,0.009866,0,0.085523,0.00024,0,0.002027,0.013974,0,0.098144,0.001512,0,0.023493,0.002265,0,0.031086,0.00131,0,0.018204,0.001304,0,0.018009,0.000269,0,0.002366,0.002656,0,0.035329,0.001198,0,0.016848,0.004037,0,0.052103,2e-04,0,0.002306,0.000344,0,0.003553,0.000322,0,0.002774,0.00019,0,0.002065,0.00398,0,0.060034,0.000142,0,0.0013,0.004676,0,0.059474,0.000363,0,0.004416,0.000142,0,0.001664,0.032331,0,0.105116,0.006812,0,0.068488,0.000268,0,0.002822,0.001388,0,0.020672,0.001048,0,0.01479,0.000678,0,0.005367,0.009258,0,0.063084,0.001378,0,0.017818,0.000129,0,0.001288,0.001509,0,0.025285,0.000741,0,0.010566,0.000165,0,0.001874,0.004979,0,0.05501,0.000264,0,0.002148,0.002148,0,0.033616,0.000317,0,0.003761,0.000285,0,0.002206,0.00784,0,0.063892,0.000749,0,0.011366
"PH_WC_8.sorted.bam","8","WC",0.31951,0.093619,0.398511,0.00986,0,0.048763,0.001356,0,0.009819,0.099257,0.015622,0.386085,0.387095,0.33904,0.434045,0.033447,3e-06,0.068732,0.039066,0.000832,0.068049,0.032306,1e-06,0.081548,0.052613,0.027137,0.079748,0.025491,0,0.058322,9.2e-05,0,0.000877,0.000458,0,0.004499,0.000202,0,0.002096,0.000276,0,0.003853,0.000487,0,0.005437,0.000109,0,0.001218,0.019276,0,0.143085,0.009875,0,0.089845,0.000175,0,0.002132,0.000183,0,0.001997,0.561036,0,0.753108,0.000363,0,0.00351,0.000131,0,0.001043,0.157324,0,0.768426,0.000567,0,0.006093,0.000431,0,0.004328,0.000281,0,0.002985,0.000421,0,0.005204,0.001328,0,0.021353,0.036277,0,0.131149,0.000127,0,0.00132,0.000366,0,0.004372,0.004879,0,0.06197,0.000462,0,0.006114,0.006532,0,0.084078,0.016177,0,0.115305,0.001243,0,0.020516,9.9e-05,0,0.000835,0.022015,0,0.154003,0.000502,0,0.005801,0.000154,0,0.001577,0.000909,0,0.013693,0.000186,0,0.002,0.000952,0,0.013791,0.000825,0,0.01309,7e-05,0,0.000563,0.013735,0,0.113813,0.001337,0,0.023053,0.000286,0,0.002675,0.002102,0,0.028456,0.000511,0,0.003287,0.001096,0,0.0174,0.046415,0,0.11785,0.038769,0,0.114935,9.8e-05,0,0.001124,0.021243,0,0.10764,0.001133,0,0.015263,0.000102,0,0.001036,0.000626,0,0.006503,0.001051,0,0.009208,0.02461,0,0.1,0.001033,0,0.013415,0.000161,0,0.001472,0.000776,0,0.010591,0.000123,0,0.0014
"PH_WC_9.sorted.bam","9","WC",0.343961,0.077843,0.423991,0.023259,0,0.055776,0.008359,0,0.031333,0.113028,0.026684,0.395069,0.381504,0.334436,0.429107,0.047945,0.000202,0.084336,0.003088,0,0.018729,0.022021,0,0.098224,0.024193,0,0.05311,0.032641,0.00248,0.082149,0.000494,0,0.006621,0.000378,0,0.003305,0.000255,0,0.002598,0.000788,0,0.010901,0.000238,0,0.001615,0.001324,0,0.013384,0.007616,0,0.076537,0.001142,0,0.012102,0.00345,0,0.04599,0.001403,0,0.018832,0.613854,0,0.806771,0.000288,0,0.002646,0.000502,0,0.003788,0.141906,0,0.784092,0.000865,0,0.0129,0.000921,0,0.00983,0.006099,0,0.074075,0.001116,0,0.015789,0.058355,0,0.144745,0.001743,0,0.023487,0.000253,0,0.003262,0.000324,0,0.003123,0.000159,0,0.001835,0.000166,0,0.001641,0.001415,0,0.021551,0.000101,0,0.00086,0.002491,0,0.028752,0.000294,0,0.003645,0.035832,0,0.195383,0.000259,0,0.001762,0.000151,0,0.001581,0.001241,0,0.017865,0.000173,0,0.001828,0.003214,0,0.044769,0.000238,0,0.003135,0.000454,0,0.006566,0.001029,0,0.015975,0.03716,0,0.095627,0.000307,0,0.003954,0.004603,0,0.080893,0.000897,0,0.013515,0.000667,0,0.010028,0.000538,0,0.007359,0.00026,0,0.00265,0.000249,0,0.002167,0.026193,0,0.136065,0.000284,0,0.003468,0.007352,0,0.053447,0.003523,0,0.049071,0.001814,0,0.026715,0.02078,0,0.097778,0.000154,0,0.00165,0.001765,0,0.024583,0.002429,0,0.029134,0.000495,0,0.007914
"PH_WF_10.sorted.bam","10","WF",0.21167,0.158308,0.259751,0.083498,0.02844,0.133308,0.036109,0.000551,0.072693,0.008407,0,0.059912,0.074246,0.007828,0.117498,0.188619,0.137918,0.246426,0.006492,0,0.0348,0.373055,0.334495,0.41369,0.015874,0,0.053946,0.00203,0,0.015643,5.3e-05,0,0.000555,0.000982,0,0.010874,6e-05,0,0.000487,0.000205,0,0.001908,0.053188,0,0.142813,3.5e-05,0,0.000375,0.000831,0,0.010115,0.005484,0,0.074074,0.00031,0,0.002718,5.1e-05,0,0.000489,0.135723,0,0.234142,0.001732,0,0.026932,0.000188,0,0.001917,0.00836,0,0.100699,6.2e-05,0,0.00048,0.000206,0,0.001901,0.004798,0,0.055693,0.000144,0,0.001633,0.000348,0,0.004422,0.000185,0,0.001699,5.2e-05,0,0.000485,0.000196,0,0.002201,0.005963,0,0.06518,0.000379,0,0.004524,0.000346,0,0.004551,0.000826,0,0.009532,0.000666,0,0.006206,4.4e-05,0,0.000368,0.283391,0.183965,0.389524,0.088749,0,0.228421,0.00032,0,0.002964,0.00027,0,0.001584,9.8e-05,0,0.000836,0.370006,0.26712,0.489886,0.000254,0,0.002287,5.4e-05,0,0.00044,0.000302,0,0.003831,0.00559,0,0.05755,0.017134,0,0.096966,0.000468,0,0.004511,0.000999,0,0.010859,0.000199,0,0.002171,0.003982,0,0.046052,0.002704,0,0.037985,4.3e-05,0,0.000443,0.001398,0,0.020586,0.000391,0,0.004105,0.000279,0,0.002153,0.000295,0,0.003086,0.000257,0,0.001278,0.000581,0,0.007285,0.000285,0,0.003829,0.00021,0,0.002288,0.000285,0,0.002432,4e-05,0,0.000315
"PH_WF_11.sorted.bam","11","WF",0.20199,0.120359,0.249666,0.082716,0.045366,0.113951,0.021369,0,0.056791,0.00373,0,0.027317,0.18396,0.127768,0.223681,0.089939,0.057761,0.126618,0.094816,0.064074,0.14316,0.19015,0.146508,0.247318,0.107987,0.076465,0.142059,0.023344,0,0.062203,4e-05,0,0.000404,0.000395,0,0.005066,2.7e-05,0,0.00024,0.000771,0,0.009551,0.004216,0,0.052305,4e-05,0,4e-04,0.000333,0,0.003769,0.0012,0,0.018006,0.002642,0,0.037052,3.3e-05,0,0.000337,0.271155,0,0.434599,0.000441,0,0.004697,0.001303,0,0.018245,0.000172,0,0.001682,4.5e-05,0,3e-04,0.00011,0,0.000822,0.000678,0,0.009564,0.003574,0,0.064257,0.000216,0,0.001716,0.015161,0,0.168484,4.1e-05,0,0.000354,0.000239,0,0.00211,0.096628,0,0.207712,0.001236,0,0.020409,0.001344,0,0.019661,0.076379,0,0.280811,0.003998,0,0.054045,5.6e-05,0,0.000428,0.097895,0,0.392549,0.00141,0,0.02243,0.000282,0,0.002814,0.000717,0,0.009832,0.00011,0,0.000869,0.155713,0,0.245002,0.00015,0,0.001697,5.7e-05,0,0.000659,0.000186,0,0.001556,0.058609,0,0.193236,0.02847,0,0.110166,0.000221,0,0.002192,0.002703,0,0.046448,7.8e-05,0,0.000793,0.000514,0,0.00724,0.123724,0,0.250947,4.3e-05,0,0.000409,0.032815,0,0.115612,0.001801,0,0.029328,0.000163,0,0.001698,0.000549,0,0.00572,0.000404,0,0.004893,0.000268,0,0.003188,0.009032,0,0.103944,0.000186,0,0.001646,0.001385,0,0.021794,4.2e-05,0,0.000384
"PH_WF_12.sorted.bam","12","WF",0.197125,0.134908,0.250216,0.137931,0.05414,0.183347,0.016201,0,0.046814,0.002409,0,0.016382,0.002488,0,0.019562,0.199484,0.149946,0.2829,0.039537,0.000356,0.071939,0.372146,0.325126,0.418297,0.030774,3.6e-05,0.076678,0.001905,0,0.01434,0.000419,0,0.004059,0.000641,0,0.003971,0.000351,0,0.004152,0.00811,0,0.062962,0.001289,0,0.020663,0.000622,0,0.00969,0.00089,0,0.012246,0.000337,0,0.003654,0.000309,0,0.003268,0.00025,0,0.002958,0.001518,0,0.022171,0.000181,0,0.002017,0.000393,0,0.004416,0.000193,0,0.002263,0.000167,0,0.001793,0.00119,0,0.017652,0.246873,0,0.359591,0.003455,0,0.044065,0.000787,0,0.007185,0.00047,0,0.006178,0.024047,0,0.171316,0.003572,0,0.053567,0.004194,0,0.070364,0.004428,0,0.05216,0.000269,0,0.002914,0.000427,0,0.003997,0.042612,0,0.13103,0.000723,0,0.008778,0.373974,0.2537,0.468302,0.000432,0,0.002393,0.001453,0,0.020427,0.000539,0,0.007662,0.000758,0,0.009108,0.053465,0,0.274835,0.000813,0,0.007977,0.155334,0.089929,0.217985,0.003143,0,0.051739,0.021034,0,0.134937,0.011182,0,0.076644,0.000768,0,0.01294,0.000526,0,0.005935,0.001217,0,0.015742,0.020973,0,0.092343,0.001886,0,0.02891,0.000124,0,0.001011,0.000373,0,0.004487,0.000178,0,0.001808,0.000539,0,0.006584,0.000227,0,0.002373,0.000176,0,0.001972,0.000806,0,0.011899,0.000343,0,0.00436,0.000303,0,0.002557,0.000571,0,0.00611,0.000148,0,0.001289
"PH_WF_1.sorted.bam","1","WF",0.229713,0.184936,0.274086,0.084865,0.059496,0.118485,0.029581,0.002593,0.053977,0.00118,0,0.008829,0.058484,0.020254,0.091927,0.157798,0.121275,0.195711,0.078708,0.052699,0.103898,0.326375,0.291952,0.36312,0.032127,0.012866,0.054426,0.001169,0,0.008723,7.3e-05,0,0.000706,0.000934,0,0.011844,0.000127,0,0.000893,0.001131,0,0.016386,0.001293,0,0.019662,8.7e-05,0,0.000768,0.000413,0,0.003906,0.000448,0,0.005835,0.000177,0,0.001964,5.9e-05,0,0.000612,0.113981,0.037683,0.181318,5e-04,0,0.005971,0.000188,0,0.001838,0.000212,0,0.001684,8.2e-05,0,0.000756,0.000353,0,0.004355,0.002522,0,0.0527,0.002464,0,0.033441,0.000139,0,0.001345,0.000171,0,0.001785,8e-05,0,0.000802,0.000247,0,0.002738,0.153478,0.098432,0.20412,0.000473,0,0.004779,0.000355,0,0.00424,0.000883,0,0.010946,0.000839,0,0.007267,9.6e-05,0,0.000842,0.34161,0.250431,0.431789,0.001153,0,0.016895,0.000345,0,0.003279,0.000116,0,0.001314,0.000135,0,0.001446,0.308489,0.226294,0.38345,0.000139,0,0.001337,8.3e-05,0,0.000735,0.000238,0,0.002302,0.008914,0,0.084091,0.052673,0,0.101238,0.000123,0,0.001277,0.000552,0,0.007685,0.000198,0,0.001877,0.000681,0,0.008497,0.000359,0,0.003343,0.000113,0,0.001115,0.000374,0,0.004325,0.000235,0,0.002175,0.000244,0,0.002077,0.00026,0,0.003288,0.000182,0,0.001675,0.00026,0,0.00268,0.000128,0,0.001305,0.000238,0,0.002758,0.00029,0,0.00367,6.3e-05,0,0.00052
"PH_WF_2.sorted.bam","2","WF",0.237201,0.159762,0.309718,0.117992,0.039508,0.165007,0.016746,0,0.058556,0.003721,0,0.027004,0.003907,0,0.028825,0.192185,0.1417,0.273846,0.018079,0,0.057369,0.350845,0.298971,0.403915,0.051662,0.008298,0.090247,0.007662,0,0.044281,0.002047,0,0.033901,0.002532,0,0.036466,0.000248,0,0.001703,0.00527,0,0.060793,0.006786,0,0.071846,0.001128,0,0.016202,0.000192,0,0.001858,0.000172,0,0.001417,0.000956,0,0.013821,0.000186,0,0.002514,0.002897,0,0.045609,0.000934,0,0.008143,0.000203,0,0.001934,0.000129,0,0.001029,0.000109,0,0.000971,0.017738,0,0.133745,0.132753,0,0.270615,0.012028,0,0.103444,0.000163,0,0.001769,0.000356,0,0.004441,0.079009,0,0.162498,0.000516,0,0.005811,0.00176,0,0.024995,0.002419,0,0.034745,0.000897,0,0.013752,0.002111,0,0.030355,0.005856,0,0.066944,0.009625,0,0.053933,0.439198,0.301231,0.547371,0.000901,0,0.011831,0.001015,0,0.014972,0.000123,0,0.001297,0.000148,0,0.001717,0.054845,0,0.293416,0.000587,0,0.005148,0.097398,0,0.163838,0.001462,0,0.021323,0.083249,0,0.171276,0.001337,0,0.020831,0.004111,0,0.048987,0.00051,0,0.006617,0.001497,0,0.019424,0.000913,0,0.011719,0.008248,0,0.096045,0.000658,0,0.010135,0.000506,0,0.006643,0.0064,0,0.077978,0.001223,0,0.016997,0.000327,0,0.002988,0.00031,0,0.003096,0.001115,0,0.015125,0.001848,0,0.030199,0.001829,0,0.02764,0.00068,0,0.009943,0.000542,0,0.007992
"PH_WF_3.sorted.bam","3","WF",0.238371,0.172872,0.284164,0.126778,0.058434,0.16894,0.01205,0,0.050546,0.022003,0,0.064644,0.006027,0,0.030628,0.156841,0.114936,0.222636,0.019371,0,0.05445,0.394006,0.340141,0.451201,0.02083,0,0.073035,0.003722,0,0.026624,0.000146,0,0.001696,0.000714,0,0.010873,0.015912,0,0.089902,0.000613,0,0.007894,0.000296,0,0.002054,0.005955,0,0.048057,0.000245,0,0.00263,0.000268,0,0.001949,0.003456,0,0.043711,0.017539,0,0.063137,0.000758,0,0.00829,0.001202,0,0.017409,0.000812,0,0.010961,0.000445,0,0.004649,0.000585,0,0.008606,0.000307,0,0.00283,0.19524,0,0.30667,0.001745,0,0.027116,0.000473,0,0.005338,0.000302,0,0.003204,0.009825,0,0.10964,0.000826,0,0.012939,0.004743,0,0.051678,0.000344,0,0.004147,0.001686,0,0.025352,0.001011,0,0.014708,0.000546,0,0.00523,0.010094,0,0.052841,0.472266,0.343086,0.564129,0.004506,0,0.060961,0.000266,0,0.002951,0.000777,0,0.008348,0.003915,0,0.052163,0.09397,0,0.349625,0.002456,0,0.038986,0.102656,0,0.175449,0.000597,0,0.006878,0.014511,0,0.135489,0.004064,0,0.042024,0.001229,0,0.019382,0.001769,0,0.030408,0.000804,0,0.010834,0.00668,0,0.056486,0.003505,0,0.039826,0.004034,0,0.046761,0.000125,0,0.001287,0.000253,0,0.002037,0.000595,0,0.007702,0.000349,0,0.003641,0.000671,0,0.009183,0.000646,0,0.008612,0.000263,0,0.002438,0.001039,0,0.010543,0.000434,0,0.003751,0.001535,0,0.01939
"PH_WF_4.sorted.bam","4","WF",0.213,0.127415,0.275551,0.115056,0.048169,0.173221,0.001095,0,0.00964,0.004784,0,0.030569,0.001742,0,0.013107,0.192064,0.132427,0.269665,0.015824,0,0.050802,0.421832,0.373138,0.485079,0.025819,9e-06,0.063798,0.008785,0,0.062498,0.002561,0,0.036161,0.013515,0,0.18056,0.010213,0,0.088603,0.000191,0,0.001487,0.000214,0,0.001404,0.000143,0,0.001194,0.000986,0,0.014649,0.002981,0,0.036965,0.000145,0,0.001238,0.000901,0,0.012171,0.000303,0,0.002667,0.000735,0,0.010151,0.000161,0,0.001546,0.000271,0,0.00238,0.000167,0,0.00164,0.002519,0,0.030619,0.127286,0,0.312697,0.000196,0,0.00174,0.000879,0,0.007626,0.000367,0,0.005489,0.061375,0,0.137931,0.002744,0,0.051241,0.015698,0,0.094363,0.000357,0,0.003029,0.00076,0,0.011638,0.000458,0,0.005652,0.005303,0,0.062241,0.000746,0,0.010859,0.394025,0.223568,0.521817,0.004016,0,0.065861,0.000185,0,0.001666,0.000481,0,0.006102,0.000262,0,0.002652,0.123424,0,0.371375,0.001362,0,0.01988,0.157326,0.070247,0.241118,0.005218,0,0.057756,0.035952,0,0.124553,0.000166,0,0.000937,0.000422,0,0.003776,0.000349,0,0.003217,0.000861,0,0.010062,0.001445,0,0.019109,0.004643,0,0.056587,0.000651,0,0.008738,0.001376,0,0.021971,0.00929,0,0.115535,0.000289,0,0.002049,0.000841,0,0.013375,0.000244,0,0.002135,0.000542,0,0.007923,0.00203,0,0.028638,0.000614,0,0.007215,0.001281,0,0.021734,0.000532,0,0.005169
"PH_WF_5.sorted.bam","5","WF",0.234692,0.140163,0.297968,0.140663,0.061225,0.178425,0.031692,1e-06,0.06412,0.001486,0,0.011614,0.004792,0,0.033023,0.158359,0.121838,0.222867,0.002633,0,0.018751,0.37117,0.324455,0.422989,0.039535,0.015135,0.065465,0.014978,0,0.081227,0.001155,0,0.016143,0.002655,0,0.036014,0.000707,0,0.00638,0.006861,0,0.07524,0.002544,0,0.037566,0.001571,0,0.023489,0.000443,0,0.005816,0.000447,0,0.005105,0.00019,0,0.001901,0.00032,0,0.004064,0.002043,0,0.028198,0.000177,0,0.001516,0.000362,0,0.002583,0.000205,0,0.001279,0.001757,0,0.024405,0.000943,0,0.015352,0.253966,0,0.341816,0.001179,0,0.012662,0.000177,0,0.001488,0.001676,0,0.022547,0.005346,0,0.067427,0.000263,0,0.002773,0.000209,0,0.00267,0.000741,0,0.010518,0.000235,0,0.001975,0.00018,0,0.001743,0.000422,0,0.005233,0.000941,0,0.013348,0.429464,0.262308,0.527727,0.000986,0,0.013327,0.000892,0,0.012708,0.000132,0,0.001372,0.000473,0,0.00381,0.04692,0,0.339094,0.000589,0,0.008705,0.128552,0.058871,0.18963,0.023363,0,0.10771,0.002137,0,0.035434,0.046076,0,0.111606,0.000224,0,0.0029,0.000356,0,0.004156,0.000168,0,0.00156,0.000337,0,0.003359,0.00364,0,0.054987,0.000899,0,0.012231,0.001041,0,0.013734,0.016793,0,0.157051,0.001396,0,0.019387,0.00028,0,0.0021,6e-04,0,0.007776,0.000574,0,0.002805,0.000407,0,0.005821,0.002143,0,0.031788,0.00097,0,0.013486,0.002876,0,0.032647
"PH_WF_6.sorted.bam","6","WF",0.207001,0.136008,0.280875,0.070239,0.033303,0.107411,0.059308,0.026511,0.090953,0.005738,0,0.039985,0.046041,0.006409,0.079822,0.163264,0.120736,0.210164,0.06147,0.034362,0.090229,0.347943,0.29786,0.400397,0.037016,4e-05,0.073089,0.001981,0,0.016025,5.3e-05,0,0.000477,0.000451,0,0.006639,7.5e-05,0,0.000904,0.000414,0,0.002216,0.086019,0,0.178368,4.3e-05,0,0.000377,0.000254,0,0.00225,0.001299,0,0.018596,0.000729,0,0.006234,4.9e-05,0,0.000446,0.043352,0,0.140247,0.001002,0,0.015378,0.000105,0,0.00079,0.000373,0,0.005726,4.5e-05,0,0.000315,0.000186,0,0.002012,0.021754,0,0.164507,0.000383,0,0.0037,0.000288,0,0.002298,0.000214,0,0.002651,6.2e-05,0,0.000526,0.000524,0,0.005793,0.007647,0,0.08983,0.008121,0,0.087538,0.005538,0,0.070097,0.04613,0,0.145139,0.037406,0,0.146456,3.8e-05,0,0.000358,0.367756,0.253698,0.50464,0.021088,0,0.138234,0.000141,0,0.001302,0.002476,0,0.037351,3e-04,0,0.003289,0.265737,0.101847,0.407788,0.002835,0,0.047639,6.6e-05,0,0.000641,0.000142,0,0.001438,0.000936,0,0.013352,0.022461,0,0.11518,0.000231,0,0.002703,0.00033,0,0.003857,0.000109,0,0.000958,0.013611,0,0.088128,0.035275,0,0.133391,4.1e-05,0,0.000304,0.000817,0,0.011986,0.000134,0,0.001112,0.000155,0,0.001491,0.00019,0,0.002473,0.000185,0,0.001587,0.000326,0,0.003827,0.001053,0,0.01278,0.000145,0,0.000785,0.000856,0,0.012827,5e-05,0,0.000435
"PH_WF_8.sorted.bam","8","WF",0.213932,0.143014,0.27135,0.194127,0.134904,0.238939,0.010012,0,0.035943,0.003218,0,0.019974,0.015033,0,0.052838,0.179524,0.131683,0.240068,0.002855,0,0.018943,0.282689,0.236222,0.342205,0.085646,0.053268,0.122664,0.012962,0,0.042505,0.000101,0,0.001152,0.000469,0,0.002088,0.000589,0,0.007349,0.002636,0,0.034941,0.002215,0,0.033377,0.000458,0,0.006159,0.000337,0,0.00245,0.000232,0,0.002657,0.001249,0,0.019466,0.000165,0,0.001877,0.004412,0,0.057011,0.001244,0,0.018605,0.001765,0,0.023608,0.00068,0,0.008595,0.000242,0,0.00265,0.00025,0,0.002249,0.243798,0.107546,0.375545,0.003419,0,0.042333,0.000456,0,0.005769,0.010945,0,0.088896,0.000201,0,0.002186,0.000253,0,0.002426,0.000569,0,0.007593,0.000541,0,0.007185,0.000215,0,0.001855,0.001868,0,0.02785,0.000356,0,0.002549,0.000162,0,0.002195,0.414816,0.269364,0.524691,0.009413,0,0.108391,0.00309,0,0.03923,0.001113,0,0.012918,0.002471,0,0.038338,0.091316,0,0.276169,0.000654,0,0.010052,0.001975,0,0.028415,0.00028,0,0.002734,0.126798,0,0.229707,0.002507,0,0.04013,0.000351,0,0.003982,0.002497,0,0.039908,0.000184,0,0.001339,0.00043,0,0.005162,0.036759,0,0.209334,7.1e-05,0,0.000571,0.004209,0,0.050877,0.002339,0,0.034993,0.001685,0,0.023078,0.001473,0,0.019212,0.0037,0,0.044346,0.007924,0,0.071181,5e-04,0,0.003731,0.001796,0,0.025002,0.001344,0,0.018786,0.000476,0,0.005178
"PH_WF_9.sorted.bam","9","WF",0.213769,0.099285,0.272922,0.12221,0.058321,0.172944,0.037495,0.005869,0.075984,0.020084,0,0.058492,0.031155,1e-06,0.07317,0.152007,0.113247,0.220341,0.01797,0,0.04872,0.368733,0.324314,0.420342,0.034847,0.009658,0.074789,0.001729,0,0.013584,0.000996,0,0.012989,0.004638,0,0.077561,0.000778,0,0.009526,0.001402,0,0.020889,0.013276,0,0.09306,0.010979,0,0.062961,0.000382,0,0.004603,0.002556,0,0.035359,0.000671,0,0.009676,0.014637,0,0.055162,0.025943,0,0.119198,0.00472,0,0.072946,0.009838,0,0.076243,0.000415,0,0.004232,0.000152,0,0.001681,0.001221,0,0.01868,0.177547,0,0.300965,0.016852,0,0.101293,0.001326,0,0.017439,0.019464,0,0.136374,0.007221,0,0.073832,0.000823,0,0.010825,0.007872,0,0.077705,0.000402,0,0.005098,0.001276,0,0.017743,0.000458,0,0.005063,0.002029,0,0.026627,0.00117,0,0.017902,0.384175,0,0.49825,0.005417,0,0.061236,0.006904,0,0.092995,0.001634,0,0.023191,0.00045,0,0.004188,0.06936,0,0.406166,0.00059,0,0.006877,0.130735,0.058681,0.197309,0.006781,0,0.115025,0.026494,0,0.131965,0.003511,0,0.045657,0.002423,0,0.037908,0.000408,0,0.004641,0.001052,0,0.011697,0.020041,0,0.080135,0.007244,0,0.069432,0.000799,0,0.011804,0.000181,0,0.001477,0.000343,0,0.004598,0.000175,0,0.00164,0.000211,0,0.002332,0.00031,0,0.003017,0.000723,0,0.007741,0.000109,0,0.00089,0.000223,0,0.002618,0.000143,0,0.001233,0.00052,0,0.005647
"PH_WH_10.sorted.bam","10","WH",0.010855,0,0.061205,0.278238,0.103188,0.345079,0.001171,0,0.009054,0.001212,0,0.00883,0.004095,0,0.027985,0.660451,0.578852,0.816497,0.007025,0,0.030048,0.001181,0,0.009356,0.034324,1e-04,0.076557,0.001448,0,0.011129,0.000603,0,0.006392,0.000722,0,0.008192,0.000189,0,0.002054,0.000158,0,0.001863,1e-04,0,0.001017,0.000138,0,0.001269,0.000394,0,0.005487,0.000198,0,0.00228,0.000116,0,0.001215,0.000315,0,0.003462,0.001278,0,0.020481,0.000514,0,0.006226,0.000207,0,0.001735,0.000182,0,0.002246,0.000543,0,0.005634,0.013203,0,0.117541,0.507181,0.064048,0.67176,0.000171,0,0.002014,0.00018,0,0.001541,0.001709,0,0.024392,0.395856,0.231072,0.766787,0.000334,0,0.005038,0.000355,0,0.003328,0.000584,0,0.008561,0.000288,0,0.003156,0.000523,0,0.007073,0.000665,0,0.00787,0.00339,0,0.027619,0.000272,0,0.003199,0.000199,0,0.001625,0.000126,0,0.001193,9.8e-05,0,0.001016,0.000184,0,0.00182,0.000342,0,0.004236,0.000264,0,0.002949,0.000125,0,0.001227,0.003913,0,0.061984,0.046737,0,0.151384,0.000419,0,0.003379,0.000199,0,0.001805,0.002018,0,0.030361,0.005634,0,0.064047,0.003977,0,0.04073,0.00053,0,0.005688,0.002522,0,0.03176,0.000231,0,0.002208,9.2e-05,0,0.000975,0.000186,0,0.002164,0.000138,0,0.001512,0.000491,0,0.005178,0.000106,0,0.001226,0.00028,0,0.003172,9.9e-05,0,0.000714,0.000177,0,0.001147,0.000548,0,0.007181
"PH_WH_11.sorted.bam","11","WH",0.045419,0,0.084649,0.274551,0.086853,0.342298,0.000758,0,0.006048,0.001253,0,0.010284,0.064885,0.03155,0.116608,0.583776,0.51634,0.736011,0.000906,0,0.006729,0.002566,0,0.018389,0.02136,0,0.103801,0.004528,0,0.022992,0.000269,0,0.003015,0.001147,0,0.016642,0.000658,0,0.009693,0.000172,0,0.001644,0.000284,0,0.002199,5.1e-05,0,0.000526,0.000369,0,0.004617,0.000249,0,0.001827,5.6e-05,0,0.000489,9.1e-05,0,0.000736,0.081764,0,0.157119,0.000249,0,0.002528,0.000134,0,0.001053,0.000176,0,0.001995,0.000169,0,0.001813,0.001285,0,0.018211,0.514288,0,0.679646,0.00017,0,0.001111,0.000188,0,0.001964,0.046335,0,0.231144,0.301277,0.190803,0.664223,0.000299,0,0.003414,0.000147,0,0.001264,6.1e-05,0,0.000551,0.000192,0,0.002179,0.000108,0,0.001101,0.000177,0,0.001963,7.3e-05,0,0.000723,0.001541,0,0.023817,0.000146,0,0.001699,8e-05,0,0.000636,0.000247,0,0.00302,0.000179,0,0.001166,0.000927,0,0.012972,0.00011,0,0.000853,0.000137,0,0.001385,0.002832,0,0.040596,0.03092,0,0.206337,0.000194,0,0.001843,0.000667,0,0.009418,0.000224,0,0.002059,0.000202,0,0.002229,0.000292,0,0.003774,0.001498,0,0.02228,0.000702,0,0.010213,0.000889,0,0.013135,0.000355,0,0.004392,0.00026,0,0.003265,0.00018,0,0.001666,0.000263,0,0.002749,0.001426,0,0.021909,0.000278,0,0.003228,0.00013,0,0.001344,0.004488,0,0.036809,0.000393,0,0.00573
"PH_WH_12.sorted.bam","12","WH",0.032679,0,0.078429,0.237687,0.079047,0.311283,0.001512,0,0.010966,0.001224,0,0.009966,0.068252,0.031822,0.127715,0.623576,0.543782,0.761892,0.000573,0,0.004328,0.001323,0,0.010894,0.032151,0,0.097626,0.001024,0,0.008117,0.000499,0,0.004436,0.002201,0,0.027706,0.000422,0,0.004593,0.000676,0,0.010711,0.000377,0,0.004545,0.000245,0,0.002316,0.000354,0,0.00321,0.000277,0,0.003139,0.000177,0,0.001335,0.000166,0,0.001537,0.057302,0,0.145931,0.000698,0,0.004634,0.000377,0,0.003341,0.000402,0,0.004105,0.000215,0,0.002187,0.001294,0,0.017518,0.41139,0,0.612867,0.000183,0,0.002312,0.000115,0,0.001156,0.075066,0,0.255368,0.378989,0.259645,0.695543,0.000145,0,0.001377,0.00014,0,0.001544,0.000119,0,0.001099,0.000107,0,0.001043,9.1e-05,0,0.000936,9.1e-05,0,0.000968,6.5e-05,0,0.000708,0.000643,0,0.008809,0.000581,0,0.00806,0.000167,0,0.001822,0.000215,0,0.002071,0.000131,0,0.001518,0.000269,0,0.00311,8.8e-05,0,0.000869,0.00016,0,0.001544,0.001358,0,0.021694,0.058566,0,0.19389,0.000334,0,0.003079,0.000233,0,0.00202,0.001861,0,0.027037,0.000612,0,0.008029,0.000137,0,0.001108,9.8e-05,0,0.000992,0.000461,0,0.004317,0.000387,0,0.004732,0.000301,0,0.002045,0.000127,0,0.001444,0.000236,0,0.002495,0.000146,0,0.001874,0.000156,0,0.001867,9.7e-05,0,0.001101,0.000134,0,0.000825,0.000182,0,0.0019,0.000142,0,0.001176
"PH_WH_1.sorted.bam","1","WH",0.023046,0,0.084549,0.273483,0.095416,0.351684,0.00104,0,0.007349,0.005998,0,0.029768,0.030491,0,0.104956,0.634031,0.560423,0.800641,0.000782,0,0.00599,0.00156,0,0.010368,0.028291,0,0.106897,0.001278,0,0.009513,0.000879,0,0.012412,0.000636,0,0.008332,0.002831,0,0.03878,0.000326,0,0.003832,0.000265,0,0.002869,0.00012,0,0.000899,0.002143,0,0.034016,0.001038,0,0.016618,8.6e-05,0,0.000847,0.000498,0,0.00756,0.020822,0,0.100751,0.000593,0,0.004538,0.000216,0,0.002687,0.003827,0,0.051269,0.000463,0,0.004998,0.01085,0,0.128521,0.505547,0,0.690656,0.000226,0,0.002904,0.00048,0,0.004392,0.032109,0,0.208803,0.358851,0.21479,0.797961,0.000198,0,0.001407,9.7e-05,0,0.001028,8.3e-05,0,0.000623,0.000159,0,0.001672,0.000172,0,0.001795,0.000164,0,0.001714,7.5e-05,0,0.00074,0.00022,0,0.001954,0.000691,0,0.009002,0.000203,0,0.00241,0.000214,0,0.002168,0.000319,0,0.004099,0.000316,0,0.003621,0.000205,0,0.00192,0.000199,0,0.002217,0.008951,0,0.072738,0.032041,0,0.21219,0.000302,0,0.003903,0.002737,0,0.032522,0.001766,0,0.02692,0.000459,0,0.004963,0.000282,0,0.002986,0.00021,0,0.001728,0.004854,0,0.037152,0.000188,0,0.002096,0.000397,0,0.005544,0.000132,0,0.001048,0.000315,0,0.004198,0.000232,0,0.003036,0.000209,0,0.002337,5.4e-05,0,0.000691,0.000341,0,0.004152,0.000126,0,0.001244,0.000281,0,0.003694
"PH_WH_2.sorted.bam","2","WH",0.02227,0,0.086287,0.316519,0.136012,0.398088,0.002103,0,0.017443,0.00144,0,0.01099,0.047601,0.001468,0.133935,0.592234,0.523173,0.75376,0.001166,0,0.008448,0.002059,0,0.01845,0.006957,0,0.056922,0.007649,0,0.040596,0.00013,0,0.001478,0.000233,0,0.001702,6.5e-05,0,0.000574,0.000341,0,0.004794,9.9e-05,0,0.000906,6.3e-05,0,0.00062,0.000359,0,0.004296,0.000243,0,0.002434,0.000271,0,0.003015,7.2e-05,0,0.000565,0.021055,0,0.092253,0.00014,0,0.001303,9.4e-05,0,0.001143,0.000246,0,0.002929,6.7e-05,0,0.00063,0.017952,0,0.165086,0.631401,0.270945,0.792715,0.00269,0,0.033831,0.000989,0,0.011602,0.07279,0,0.265915,0.216756,0.089266,0.513203,0.000195,0,0.002424,0.000107,0,0.001265,0.000143,0,0.001408,0.000123,0,0.001243,0.000136,0,0.001502,0.001006,0,0.01091,4.4e-05,0,0.000341,0.000631,0,0.009117,0.000177,0,0.001514,0.00011,0,0.001029,9.9e-05,0,0.000956,0.000131,0,0.001371,0.002364,0,0.035742,0.000145,0,0.00124,6.7e-05,0,0.000654,0.000367,0,0.004266,0.000372,0,0.004044,0.000163,0,0.001634,0.000204,0,0.001742,0.000276,0,0.002416,0.011383,0,0.111539,0.000211,0,0.001942,0.000213,0,0.002491,0.000117,0,0.001046,0.003145,0,0.037068,0.000136,0,0.001386,0.00017,0,0.001456,0.000203,0,0.001827,0.000202,0,0.002433,0.010381,0,0.077511,0.000178,0,0.001493,0.000117,0,0.00117,0.000493,0,0.006446,0.000136,0,0.001398
"PH_WH_3.sorted.bam","3","WH",0.037545,0,0.101391,0.281386,0.091248,0.355995,0.001995,0,0.014394,0.001238,0,0.009737,0.013475,0,0.051754,0.618356,0.543813,0.790568,0.001387,0,0.01138,0.001029,0,0.007978,0.041164,0.000937,0.114996,0.002425,0,0.020067,0.000505,0,0.005207,0.000935,0,0.01102,0.000143,0,0.001646,0.000641,0,0.00895,0.000236,0,0.002621,0.000106,0,0.000893,0.000332,0,0.003448,0.000139,0,0.001142,0.000205,0,0.002461,0.000127,0,0.001555,0.010945,0,0.08511,0.000411,0,0.005549,0.000571,0,0.006125,0.000421,0,0.003781,0.000221,0,0.002318,0.025867,0,0.184658,0.525611,0,0.706549,0.00107,0,0.013685,0.000361,0,0.003835,0.003185,0,0.045725,0.338791,0.174806,0.782695,0.000431,0,0.00497,0.000124,0,0.000967,6.6e-05,0,0.00055,0.00021,0,0.002255,0.000306,0,0.003541,0.000569,0,0.007048,9.4e-05,0,0.000996,0.000461,0,0.004752,9.4e-05,0,0.000931,0.000108,0,0.001278,8.2e-05,0,0.000949,0.000118,0,0.001148,0.00043,0,0.002752,0.00011,0,0.001196,7.6e-05,0,0.000719,0.032689,0,0.099985,0.034816,0,0.227539,0.000739,0,0.010506,0.000248,0,0.002868,0.010165,0,0.092087,0.000635,0,0.009156,0.000676,0,0.01,0.00041,0,0.005348,0.000753,0,0.011841,0.001779,0,0.025421,0.00012,0,0.001145,0.000144,0,0.001686,0.000223,0,0.001762,0.000386,0,0.004917,0.001403,0,0.018928,9.3e-05,0,0.000982,9.4e-05,0,0.001059,0.000444,0,0.005628,8.2e-05,0,0.000839
"PH_WH_4.sorted.bam","4","WH",0.039058,0,0.089689,0.310923,0.168148,0.379627,0.000714,0,0.00581,0.00635,0,0.03784,0.064746,0.024948,0.12286,0.496502,0.435824,0.626667,0.000999,0,0.007939,0.034914,0.013781,0.056806,0.04421,0.018596,0.09371,0.001586,0,0.012936,7.8e-05,0,0.000692,0.001192,0,0.018275,0.000104,0,0.001095,0.00013,0,0.00144,8.1e-05,0,0.000726,5.7e-05,0,0.000432,0.004944,0,0.053249,0.00024,0,0.001842,0.000116,0,0.001182,9.7e-05,0,0.000992,0.020615,0,0.132343,0.000147,0,0.001271,9.1e-05,0,0.00087,0.00034,0,0.003366,0.000183,0,0.002016,0.040376,0,0.153607,0.618343,0.334225,0.755565,0.00025,0,0.002619,0.005569,0,0.062034,0.107143,0,0.244788,0.092578,0,0.288148,0.000153,0,0.001651,9.4e-05,0,0.000636,8.3e-05,0,0.001042,0.000171,0,0.00224,0.000219,0,0.002299,0.00041,0,0.004614,6.1e-05,0,0.000453,0.008207,0,0.070452,0.000553,0,0.008087,0.000184,0,0.001582,0.000189,0,0.001729,0.000213,0,0.00259,0.005653,0,0.07884,8.4e-05,0,0.00076,9.5e-05,0,0.000922,0.001933,0,0.030048,0.000704,0,0.007379,0.000247,0,0.002855,0.000586,0,0.006374,0.000199,0,0.001944,0.029283,0,0.177969,0.000489,0,0.005849,0.054303,0,0.103634,9.6e-05,0,0.001002,0.000409,0,0.004796,0.000283,0,0.003227,0.000131,0,0.001071,0.000352,0,0.004164,0.000159,0,0.001611,0.000821,0,0.00497,0.000175,0,0.002103,0.000251,0,0.002479,0.000484,0,0.005739,5.4e-05,0,0.000474
"PH_WH_5.sorted.bam","5","WH",0.065187,0.000548,0.117523,0.244978,0.072283,0.330975,0.000625,0,0.00503,0.00131,0,0.011539,0.107096,0.059938,0.195409,0.528016,0.458228,0.664443,0.026065,0.002337,0.051267,0.002576,0,0.025608,0.022804,0,0.094258,0.001344,0,0.011019,0.000203,0,0.002251,0.017303,0,0.13542,8.5e-05,0,0.000917,0.000104,0,0.001018,6.9e-05,0,0.000594,6.6e-05,0,0.000524,0.000176,0,0.00123,0.000582,0,0.007076,6.6e-05,0,0.000537,7e-05,0,0.000852,0.088774,0,0.219532,0.001207,0,0.00522,0.000171,0,0.00143,0.000122,0,0.001308,0.000152,0,0.001158,0.001779,0,0.022173,0.433965,0,0.660272,0.00017,0,0.001516,0.001044,0,0.016166,0.121771,0,0.390182,0.229353,0.102599,0.533095,0.014214,0,0.080207,0.000624,0,0.004583,0.00017,0,0.001938,0.000139,0,0.001532,0.001211,0,0.019585,0.033761,0,0.099591,7.5e-05,0,0.000716,0.002808,0,0.048663,0.000192,0,0.001918,7.8e-05,0,0.00079,4.8e-05,0,0.000381,0.00025,0,0.00271,0.000864,0,0.012019,0.000196,0,0.002962,0.000197,0,0.002007,0.003987,0,0.047482,0.035736,0,0.183153,0.000192,0,0.002135,0.000235,0,0.00261,0.000256,0,0.003029,0.003535,0,0.039797,0.001047,0,0.016414,0.000217,0,0.002391,0.000106,0,0.000934,0.000822,0,0.012326,0.000108,0,0.001021,9.9e-05,0,0.001023,6.8e-05,0,0.000712,0.000125,0,0.001314,0.000437,0,0.003284,0.000618,0,0.007371,0.000104,0,0.001007,0.000193,0,0.002187,5.7e-05,0,0.000474
"PH_WH_6.sorted.bam","6","WH",0.027887,0,0.078052,0.263474,0.089212,0.334754,0.002029,0,0.011854,0.002869,0,0.017187,0.064298,0.006981,0.137886,0.591625,0.519042,0.740295,0.005677,0,0.01992,0.00765,0,0.032258,0.033046,6.8e-05,0.104803,0.001445,0,0.010113,0.000184,0,0.001948,0.00028,0,0.002491,0.000312,0,0.003039,0.00036,0,0.004219,0.000376,0,0.004863,0.000242,0,0.003154,0.000373,0,0.004446,0.000167,0,0.001831,0.000558,0,0.007378,0.000311,0,0.003675,0.039187,0,0.141359,0.000921,0,0.013155,0.000101,0,0.000576,0.000427,0,0.004608,0.000391,0,0.004838,0.003494,0,0.046196,0.488252,0,0.663619,0.000569,0,0.007032,0.000575,0,0.007643,0.07507,0,0.273675,0.304183,0.193264,0.677462,0.000276,0,0.00313,0.001455,0,0.018687,0.000512,0,0.007927,0.00121,0,0.016813,0.001641,0,0.024833,0.001022,0,0.01605,0.000566,0,0.008616,0.001138,0,0.01757,0.000601,0,0.008273,0.000325,0,0.004132,0.000425,0,0.004191,0.000809,0,0.012195,0.003337,0,0.047412,0.00151,0,0.019147,0.000524,0,0.008103,0.010085,0,0.063833,0.034028,0,0.208352,0.000474,0,0.006122,0.001114,0,0.016532,0.009481,0,0.091355,0.002336,0,0.038361,0.002037,0,0.024389,0.005815,0,0.048943,0.000234,0,0.002674,0.000213,0,0.002183,0.000244,0,0.00253,3e-04,0,0.003942,0.000266,0,0.002576,0.000177,0,0.001653,0.00023,0,0.001808,0.000559,0,0.009218,0.000292,0,0.003271,0.000255,0,0.002353,0.000177,0,0.00198
"PH_WH_7.sorted.bam","7","WH",0.037071,0,0.098761,0.310023,0.177081,0.381501,0.01618,0,0.049268,0.002869,0,0.024835,0.09842,0.04825,0.177743,0.474556,0.415778,0.526829,0.004307,0,0.035064,0.023874,0,0.069884,0.017832,0,0.071971,0.014868,0,0.071424,7.1e-05,0,0.000616,0.000182,0,0.001807,3.1e-05,0,0.000267,0.00022,0,0.002221,2e-04,0,0.001885,3.5e-05,0,0.000326,0.002197,0,0.038083,0.000116,0,0.001039,0.000135,0,0.001252,4.7e-05,0,0.000391,0.031218,0,0.159677,6.4e-05,0,0.000665,8.8e-05,0,0.000751,0.000139,0,0.00097,7.2e-05,0,0.000732,0.034738,0,0.15832,0.618741,0.353215,0.761755,0.024427,0,0.097576,0.002033,0,0.025882,0.164253,0,0.354174,0.00324,0,0.05901,0.000338,0,0.00443,0.000111,0,0.000875,0.000309,0,0.003611,9.8e-05,0,0.001006,0.000125,0,0.001527,0.006643,0,0.068169,4.7e-05,0,0.000431,0.000914,0,0.012892,0.000124,0,0.00124,0.000106,0,0.001005,5.8e-05,0,0.000619,0.00013,0,0.001534,0.043926,0,0.139052,8.6e-05,0,0.000973,6.3e-05,0,0.000507,0.00073,0,0.008074,0.000254,0,0.002284,0.006643,0,0.047797,0.000746,0,0.011113,0.000584,0,0.007386,0.023172,0,0.142915,0.000539,0,0.007429,0.002221,0,0.033213,8.7e-05,0,0.000794,0.003465,0,0.045199,0.00019,0,0.001993,0.000165,0,0.001771,0.000121,0,0.001596,9.3e-05,0,0.000963,0.024698,0,0.142114,0.000271,0,0.003316,5.8e-05,0,0.000539,6e-04,0,0.007625,3.7e-05,0,0.000308
"PH_WH_8.sorted.bam","8","WH",0.035358,0,0.07964,0.243723,0.096668,0.309688,0.001149,0,0.008911,0.001288,0,0.009793,0.056324,0.020824,0.113212,0.625569,0.550175,0.777399,0.002318,0,0.014428,0.001101,0,0.008416,0.03255,0,0.092497,0.00062,0,0.004637,0.001913,0,0.028025,0.000527,0,0.005398,0.000743,0,0.010834,0.000249,0,0.003027,0.000106,0,0.001081,0.000167,0,0.001547,0.000255,0,0.001464,0.000163,0,0.001521,8.7e-05,0,0.000887,0.000362,0,0.003526,0.059429,0,0.137478,0.010696,0,0.107868,0.000394,0,0.004778,0.00017,0,0.00135,0.004191,0,0.052448,0.001024,0,0.013427,0.419703,0,0.609458,0.000378,0,0.00344,0.000206,0,0.002046,0.03139,0,0.215929,0.398318,0.271016,0.77527,0.000348,0,0.004944,0.000313,0,0.003187,0.000213,0,0.002328,0.000391,0,0.005878,0.000646,0,0.008846,0.000474,0,0.006279,0.000665,0,0.009997,0.000252,0,0.002191,2e-04,0,0.002465,0.000126,0,0.001144,0.000169,0,0.00193,0.000113,0,0.00112,0.00024,0,0.002411,0.000369,0,0.005326,0.000168,0,0.002063,0.004683,0,0.058122,0.054009,0,0.18329,0.000295,0,0.003125,0.00032,0,0.002939,0.001314,0,0.020103,0.000976,0,0.013048,0.000452,0,0.006173,0.000323,0,0.001535,0.001292,0,0.021555,0.000124,0,0.001244,0.000243,0,0.001107,0.000116,0,0.001049,9e-05,0,0.000993,0.000112,0,0.00094,0.000111,0,0.001032,9.9e-05,0,0.000964,7.4e-05,0,0.00068,0.000144,0,0.001568,6.4e-05,0,0.000565
"PH_WH_9.sorted.bam","9","WH",0.010508,0,0.045482,0.303522,0.168585,0.371764,0.014874,0,0.057232,0.009006,0,0.046712,0.100361,0.043725,0.185535,0.492422,0.44945,0.564129,0.000963,0,0.008322,0.048617,3e-06,0.090372,0.016649,0,0.078371,0.003078,0,0.029176,6.6e-05,0,0.000623,0.000312,0,0.002507,4.9e-05,0,0.000448,0.001591,0,0.022153,0.000233,0,0.002568,4.8e-05,0,0.000458,0.002286,0,0.034386,0.000218,0,0.00276,0.000206,0,0.00231,5.7e-05,0,0.000556,0.00693,0,0.073134,0.000127,0,0.001277,8.5e-05,0,0.000606,0.000122,0,0.000893,4.9e-05,0,0.000428,0.001492,0,0.02062,0.605022,0.335727,0.741182,0.025746,0,0.113832,0.014304,0,0.090658,0.192233,0.071297,0.369835,0.012365,0,0.13423,0.00014,0,0.000974,0.00011,0,0.001111,8.3e-05,0,0.000658,0.000109,0,0.001259,0.000103,0,0.001091,0.000752,0,0.007931,2.8e-05,0,0.000232,0.00246,0,0.038237,0.00026,0,0.001808,0.000168,0,0.000984,0.000136,0,0.001421,6.7e-05,0,0.000799,0.092817,0,0.180043,0.000167,0,0.001369,7.2e-05,0,0.000676,0.004827,0,0.054135,0.000541,0,0.006659,0.001369,0,0.020533,0.000383,0,0.004797,0.000896,0,0.012734,0.023509,0,0.153946,0.000332,0,0.00334,0.000939,0,0.012838,7.1e-05,0,0.000521,0.000846,0,0.009681,0.000122,0,0.001281,0.000172,0,0.001539,0.000134,0,0.000895,6e-05,0,0.000627,0.004238,0,0.054578,7.6e-05,0,0.000852,7.8e-05,0,0.000846,0.00036,0,0.004568,3.5e-05,0,0.000301
