"V1","individual_id","population","q_1","lb_q_1","ub_q_1","q_2","lb_q_2","ub_q_2","q_3","lb_q_3","ub_q_3","q_4","lb_q_4","ub_q_4","q_5","lb_q_5","ub_q_5","Q_1_1","lb_Q_1_1","ub_Q_1_1","Q_2_1","lb_Q_2_1","ub_Q_2_1","Q_2_2","lb_Q_2_2","ub_Q_2_2","Q_3_1","lb_Q_3_1","ub_Q_3_1","Q_3_2","lb_Q_3_2","ub_Q_3_2","Q_3_3","lb_Q_3_3","ub_Q_3_3","Q_4_1","lb_Q_4_1","ub_Q_4_1","Q_4_2","lb_Q_4_2","ub_Q_4_2","Q_4_3","lb_Q_4_3","ub_Q_4_3","Q_4_4","lb_Q_4_4","ub_Q_4_4","Q_5_1","lb_Q_5_1","ub_Q_5_1","Q_5_2","lb_Q_5_2","ub_Q_5_2","Q_5_3","lb_Q_5_3","ub_Q_5_3","Q_5_4","lb_Q_5_4","ub_Q_5_4","Q_5_5","lb_Q_5_5","ub_Q_5_5"
"PH_AS_10.sorted.bam","10","AS",0.127589,0.095782,0.159846,0.002164,0,0.014876,0.291183,0.239889,0.341474,0.001229,0,0.008928,0.577835,0.527184,0.62861,0.000157,0,0.001657,0.000832,0,0.009857,0.000252,0,0.002954,0.003002,0,0.037485,0.000585,0,0.007618,0.000342,0,0.004336,0.000274,0,0.003,0.000248,0,0.002861,0.000287,0,0.003529,2e-04,0,0.002508,0.250756,0.181245,0.31678,0.002158,0,0.0251,0.577808,0.474278,0.680938,0.001248,0,0.015362,0.16185,0.059802,0.265206
"PH_AS_11.sorted.bam","11","AS",0.118611,0.079028,0.159338,0.001161,0,0.008838,0.242252,0.18665,0.302856,0.001044,0,0.00747,0.636933,0.578218,0.697424,0.000337,0,0.00387,0.000791,0,0.007824,0.000221,0,0.002693,0.001939,0,0.023324,0.000312,0,0.003801,0.000833,0,0.010023,0.000479,0,0.005321,0.000236,0,0.002693,0.000479,0,0.006072,0.000169,0,0.001914,0.233338,0.153205,0.31456,0.00054,0,0.006712,0.480106,0.364917,0.6016,0.000555,0,0.006275,0.279663,0.160782,0.400245
"PH_AS_12.sorted.bam","12","AS",0.106659,0.072834,0.14136,0.002464,0,0.016431,0.134368,0.08573,0.183777,0.001022,0,0.007209,0.755487,0.697984,0.811326,0.000564,0,0.006783,0.000932,0,0.011588,0.000881,0,0.01046,0.00616,0,0.07243,0.000893,0,0.011556,0.035538,0,0.146588,0.000323,0,0.003577,0.000362,0,0.004437,0.000383,0,0.004478,0.000286,0,0.00342,0.204775,0.119875,0.276804,0.000979,0,0.011488,0.190224,0,0.356806,0.000404,0,0.004553,0.557296,0.413261,0.722243
"PH_AS_1.sorted.bam","1","AS",0.076739,0.041317,0.107698,0.00284,0,0.018815,0.109182,0.067013,0.172483,0.001882,0,0.011581,0.809358,0.749942,0.863355,0.000502,0,0.005994,0.000742,0,0.008683,0.000368,0,0.004296,0.143751,0.055166,0.209009,0.000903,0,0.010407,0.013473,0,0.102532,0.000719,0,0.008082,0.000443,0,0.005551,0.001101,0,0.012627,0.000315,0,0.00346,0.007263,0,0.084633,0.002854,0,0.034524,0.045663,0,0.215775,0.000869,0,0.011371,0.781033,0.648641,0.860502
"PH_AS_2.sorted.bam","2","AS",0.112948,0.084608,0.142848,0.001313,0,0.009855,0.372218,0.325932,0.423593,0.028182,0.000202,0.056074,0.485338,0.443548,0.501937,0.000117,0,0.001352,0.000674,0,0.008712,0.000116,0,0.00132,0.01259,0,0.109408,0.000439,0,0.004952,0.000491,0,0.005746,0.012575,0,0.077142,0.00024,0,0.002743,0.003283,0,0.038529,0.000118,0,0.00131,0.199824,0.113451,0.273614,0.001042,0,0.011763,0.727142,0.639272,0.809371,0.040031,0,0.110937,0.001318,0,0.015203
"PH_AS_3.sorted.bam","3","AS",0.123536,0.092814,0.153907,0.001484,0,0.010541,0.144679,0.101052,0.204158,0.003511,0,0.01817,0.72679,0.666877,0.787018,0.001282,0,0.015472,0.000971,0,0.011342,0.000328,0,0.003333,0.156288,0,0.292214,0.000387,0,0.004845,0.005115,0,0.053054,0.002571,0,0.025987,0.000463,0,0.005389,0.001524,0,0.017837,0.000238,0,0.002771,0.084677,0,0.289622,0.00049,0,0.006153,0.12093,0,0.391892,0.001988,0,0.022654,0.622747,0.362667,0.783705
"PH_AS_4.sorted.bam","4","AS",0.067055,0.030429,0.105768,0.001931,0,0.013363,0.179657,0.105309,0.24157,0.000714,0,0.005381,0.750643,0.691578,0.81322,0.02558,0,0.073765,0.000844,0,0.010529,0.000387,0,0.004674,0.046941,0,0.187371,0.000946,0,0.011147,0.014208,0,0.119922,0.00033,0,0.003625,0.000184,0,0.002389,0.000264,0,0.002595,0.000153,0,0.001834,0.034834,0,0.165266,0.001113,0,0.011666,0.282747,0,0.470807,0.000343,0,0.003944,0.591124,0.428094,0.803288
"PH_AS_5.sorted.bam","5","AS",0.119027,0.088715,0.151398,0.002384,0,0.015909,0.136391,0.082468,0.19762,0.001795,0,0.011407,0.740403,0.674168,0.80497,0.000361,0,0.003961,0.001016,0,0.012159,0.000659,0,0.008236,0.101846,0,0.266344,0.000634,0,0.007629,0.001717,0,0.020177,0.000699,0,0.008101,0.000326,0,0.00399,0.001068,0,0.013049,0.000204,0,0.002553,0.133772,0,0.292769,0.001475,0,0.020072,0.165799,0,0.390465,0.001089,0,0.013034,0.589335,0.356102,0.800125
"PH_AS_6.sorted.bam","6","AS",0.12721,0.08907,0.167072,0.001072,0,0.007236,0.172255,0.115734,0.229329,0.001394,0,0.00896,0.698069,0.63433,0.766933,0.034388,0,0.109386,0.00055,0,0.006624,0.000249,0,0.00293,0.079945,0,0.272777,0.00031,0,0.003372,0.010411,0,0.082695,0.000595,0,0.007016,0.000324,0,0.00383,0.000495,0,0.005899,0.000327,0,0.003718,0.104553,0,0.283206,0.000463,0,0.005426,0.24294,0,0.443734,0.000722,0,0.008242,0.523731,0.325494,0.754749
"PH_AS_7.sorted.bam","7","AS",0.102743,0.071604,0.136852,0.000905,0,0.006524,0.125156,0.077097,0.189636,0.000773,0,0.00523,0.770422,0.704325,0.838292,0.00104,0,0.011898,0.000426,0,0.004911,0.000161,0,0.001975,0.063959,0,0.225983,0.000385,0,0.004215,0.002113,0,0.029205,0.000288,0,0.003559,0.000148,0,0.001448,0.000231,0,0.002905,0.000168,0,0.001984,0.138733,0,0.269551,0.00053,0,0.006457,0.181509,0,0.371553,0.000545,0,0.006586,0.609764,0.415751,0.834072
"PH_AS_8.sorted.bam","8","AS",0.07244,0.040414,0.105966,0.002178,0,0.013225,0.157721,0.100967,0.213982,0.00346,0,0.019147,0.764201,0.708517,0.821887,0.000365,0,0.0043,0.000925,0,0.012126,0.000417,0,0.004967,0.005956,0,0.077678,0.001032,0,0.013608,0.00487,0,0.070481,0.001167,0,0.014236,0.000843,0,0.010283,0.000781,0,0.009544,0.00159,0,0.014953,0.136101,0.040817,0.208226,0.000724,0,0.008256,0.297934,0.135132,0.418447,0.00095,0,0.012202,0.546346,0.427576,0.673688
"PH_AS_9.sorted.bam","9","AS",0.104433,0.068357,0.139523,0.003709,0,0.02175,0.124274,0.072777,0.186429,0.00388,0,0.022823,0.763704,0.706754,0.819699,0.001169,0,0.014573,0.001679,0,0.01949,0.000271,0,0.003149,0.136864,0,0.253023,0.00187,0,0.021166,0.003388,0,0.041674,0.001355,0,0.017184,0.00066,0,0.00834,0.001436,0,0.018038,0.000257,0,0.002953,0.066632,0,0.237556,0.002668,0,0.027321,0.101602,0,0.342233,0.003794,0,0.039593,0.676356,0.449523,0.808527
"PH_BA_10.sorted.bam","10","BA",0.010091,0,0.037175,0.054122,0.013863,0.10027,0.441339,0.386223,0.489339,0.458154,0.423876,0.490189,0.036295,5.9e-05,0.073968,0.000322,0,0.003851,0.005726,0,0.060211,0.010432,0,0.060223,0.002515,0,0.02991,0.004909,0,0.057078,0.002927,0,0.030624,0.004767,0,0.050227,0.039129,0,0.175079,0.855883,0.718685,0.937438,0.001938,0,0.022461,0.006529,0,0.058795,0.037617,0,0.129879,0.013517,0,0.096836,0.012655,0,0.104906,0.001136,0,0.015619
"PH_BA_1.sorted.bam","1","BA",0.062077,0.03502,0.089036,0.086642,0.044199,0.140065,0.406126,0.349302,0.451759,0.439507,0.406178,0.478637,0.005648,0,0.034488,0.000609,0,0.007669,0.072915,0,0.165996,0.002535,0,0.03071,0.034784,0,0.1541,0.00722,0,0.105532,0.002666,0,0.031275,0.012944,0,0.13285,0.084626,0,0.256624,0.763002,0.591957,0.890332,0.00831,0,0.077308,0.002293,0,0.025463,0.003451,0,0.046154,0.001915,0,0.023449,0.001823,0,0.025207,0.000907,0,0.011558
"PH_BA_2.sorted.bam","2","BA",0.051381,0.027156,0.077916,0.066863,0.023938,0.112334,0.403321,0.345347,0.45352,0.462925,0.416914,0.506836,0.015511,0,0.0489,0.00042,0,0.005093,0.079149,0,0.14652,0.002478,0,0.031929,0.01562,0,0.11083,0.017171,0,0.108044,0.013594,0,0.101614,0.003512,0,0.041539,0.020926,0,0.174787,0.741671,0.564962,0.884473,0.076697,0,0.170561,0.00364,0,0.044064,0.011525,0,0.076066,0.004993,0,0.058114,0.006347,0,0.065537,0.002258,0,0.024568
"PH_BA_3.sorted.bam","3","BA",0.050906,0.024334,0.08112,0.04659,0.000175,0.092823,0.411441,0.358071,0.457678,0.455106,0.418318,0.490935,0.035957,2.6e-05,0.072554,0.000276,0,0.003204,0.021515,0,0.117268,0.002162,0,0.027095,0.006454,0,0.072932,0.007326,0,0.084445,0.003711,0,0.046715,0.069706,0,0.147306,0.051183,0,0.156705,0.779066,0.641121,0.896514,0.00177,0,0.019847,0.003584,0,0.039602,0.008832,0,0.072549,0.022613,0,0.117371,0.006716,0,0.068237,0.015084,0,0.064647
"PH_BA_4.sorted.bam","4","BA",0.022845,6e-06,0.053519,0.088132,0.041177,0.143417,0.399263,0.345077,0.45069,0.448787,0.414259,0.485828,0.040974,0.000414,0.08032,0.000415,0,0.00461,0.018646,0,0.088496,0.007366,0,0.075822,0.002491,0,0.032184,0.003338,0,0.039246,0.001143,0,0.013347,0.022913,0,0.093041,0.071541,0,0.200996,0.786589,0.668708,0.889298,0.00418,0,0.046554,0.00081,0,0.010448,0.068007,0,0.156119,0.00382,0,0.051953,0.008171,0,0.088522,0.00057,0,0.00601
"PH_BA_5.sorted.bam","5","BA",0.008541,0,0.04082,0.060525,0.019271,0.108616,0.424127,0.346698,0.4859,0.481147,0.441094,0.514902,0.025659,0,0.082221,0.000518,0,0.006411,0.006421,0,0.06426,0.004258,0,0.052457,0.002053,0,0.025375,0.007762,0,0.08578,0.001469,0,0.018849,0.006049,0,0.061976,0.077627,0,0.2038,0.832413,0.671443,0.947421,0.01211,0,0.116473,0.001524,0,0.018524,0.020724,0,0.11172,0.00309,0,0.037172,0.021985,0,0.143701,0.001998,0,0.02568
"PH_BA_7.sorted.bam","7","BA",0.047409,0.022409,0.072827,0.078268,0.039191,0.128543,0.413206,0.358534,0.459948,0.45413,0.423781,0.485162,0.006988,0,0.034418,0.000226,0,0.002446,0.071896,0,0.142166,0.001558,0,0.017526,0.011459,0,0.097947,0.003646,0,0.050191,0.004192,0,0.053542,0.009004,0,0.083915,0.074776,0,0.217604,0.800744,0.65781,0.907881,0.009084,0,0.064492,0.002007,0,0.023996,0.0031,0,0.037737,0.00218,0,0.027239,0.005567,0,0.055855,0.000561,0,0.006578
"PH_BA_9.sorted.bam","9","BA",0.055394,0.027515,0.085464,0.037054,1.9e-05,0.074554,0.348277,0.297376,0.396241,0.468476,0.430359,0.499942,0.090798,0.050798,0.134788,0.000126,0,0.001489,0.035682,0,0.127087,0.000269,0,0.003169,0.001251,0,0.014327,0.004189,0,0.054399,0.000517,0,0.00585,0.073084,0,0.164182,0.013636,0,0.097775,0.689579,0.582429,0.788199,0.00023,0,0.002205,0.000519,0,0.006116,0.020063,0,0.115745,0.000501,0,0.006003,0.160196,0.033621,0.260137,0.00016,0,0.001846
"PH_BB_10.sorted.bam","10","BB",0.015669,0,0.046041,0.006679,0,0.036278,0.958303,0.907006,0.997788,0.0158,0,0.045521,0.00355,0,0.022887,0.000708,0,0.008818,0.004239,0,0.049856,0.000696,0,0.008008,0.008771,0,0.071422,0.003375,0,0.039402,0.949204,0.879011,0.997454,0.016259,0,0.07617,0.003619,0,0.041884,0.004766,0,0.063261,0.002202,0,0.024639,0.000653,0,0.007138,0.000734,0,0.009269,0.001286,0,0.016389,0.002551,0,0.031382,0.000938,0,0.011218
"PH_BB_1.sorted.bam","1","BB",0.032794,0.000229,0.063345,0.005269,0,0.029021,0.947128,0.904558,0.987925,0.008489,0,0.034887,0.00632,0,0.032391,0.000789,0,0.011324,0.001833,0,0.023781,0.002147,0,0.023742,0.050493,0,0.122437,0.001751,0,0.020643,0.918149,0.846183,0.984972,0.007511,0,0.056486,0.001592,0,0.019525,0.003005,0,0.034889,0.001193,0,0.015381,0.004174,0,0.050844,0.001067,0,0.012695,0.002709,0,0.034712,0.002484,0,0.028287,0.001102,0,0.012236
"PH_BB_2.sorted.bam","2","BB",0.022463,6e-06,0.056115,0.002561,0,0.018385,0.966213,0.925292,0.998905,0.002462,0,0.015961,0.006301,0,0.030958,0.00263,0,0.022466,0.002323,0,0.028538,0.000332,0,0.003668,0.030085,0,0.109783,0.000922,0,0.010261,0.948184,0.870442,0.998654,0.002317,0,0.027661,0.000404,0,0.00478,0.000469,0,0.005727,0.000316,0,0.003851,0.004941,0,0.043131,0.000808,0,0.009347,0.004583,0,0.049132,0.001103,0,0.014269,0.000584,0,0.006993
"PH_BB_3.sorted.bam","3","BB",0.07959,0.048031,0.113402,0.008398,0,0.045639,0.868263,0.812048,0.919214,0.020192,0,0.058495,0.023557,1e-06,0.065019,0.000306,0,0.003552,0.005626,0,0.0745,0.000668,0,0.008356,0.137048,0,0.220941,0.00312,0,0.036928,0.782597,0.682834,0.869941,0.009835,0,0.089244,0.001056,0,0.012383,0.01354,0,0.091093,0.000479,0,0.005198,0.006059,0,0.058087,0.005658,0,0.0638,0.017625,0,0.116696,0.014994,0,0.079837,0.001389,0,0.016987
"PH_BB_4.sorted.bam","4","BB",0.004405,0,0.02244,0.004445,0,0.026246,0.973167,0.928292,0.999644,0.012371,0,0.045932,0.005612,0,0.029444,0.000627,0,0.008128,0.000919,0,0.010745,0.000903,0,0.012188,0.00095,0,0.013007,0.003667,0,0.043027,0.96349,0.89549,0.999534,0.003849,0,0.035237,0.001302,0,0.016466,0.013011,0,0.084919,0.001025,0,0.010999,0.001839,0,0.024413,0.001195,0,0.015435,0.001725,0,0.021439,0.004529,0,0.042829,0.000968,0,0.012162
"PH_BB_5.sorted.bam","5","BB",0.03115,0.000388,0.057207,0.002807,0,0.018697,0.962881,0.933496,0.993609,0.001619,0,0.012036,0.001543,0,0.011764,0.000682,0,0.008244,0.002248,0,0.026265,0.000553,0,0.006289,0.057078,0,0.112949,0.001334,0,0.015511,0.932711,0.878061,0.992087,0.001015,0,0.01457,0.000428,0,0.005401,0.000975,0,0.010583,0.000218,0,0.002548,0.000595,0,0.006821,0.000501,0,0.005274,0.000952,0,0.011389,0.000384,0,0.004225,0.000327,0,0.004105
"PH_BB_6.sorted.bam","6","BB",0.011766,0,0.037858,0.017752,0,0.060264,0.963375,0.914578,0.998866,0.003639,0,0.020257,0.003468,0,0.021735,0.000248,0,0.003074,0.013144,0,0.066951,0.001311,0,0.015329,0.006982,0,0.056391,0.014277,0,0.111001,0.951548,0.869564,0.998659,0.002031,0,0.027078,0.002453,0,0.02929,0.001232,0,0.015802,0.000255,0,0.002747,0.000879,0,0.010557,0.003007,0,0.036755,0.001163,0,0.015817,0.001053,0,0.01387,0.000417,0,0.00498
"PH_BB_7.sorted.bam","7","BB",0.026455,0.000421,0.053986,0.003728,0,0.026604,0.95941,0.919218,0.994805,0.003435,0,0.021008,0.006972,0,0.031067,0.000596,0,0.007482,0.004136,0,0.047888,0.000541,0,0.006948,0.037193,0,0.103341,0.000726,0,0.008683,0.939018,0.880773,0.994273,0.003749,0,0.035362,0.000541,0,0.006771,0.000785,0,0.009439,0.000379,0,0.004462,0.006639,0,0.050645,0.000973,0,0.011732,0.002079,0,0.026928,0.001036,0,0.012208,0.001608,0,0.018566
"PH_BB_8.sorted.bam","8","BB",0.030688,0.004775,0.06076,0.004364,0,0.023468,0.947509,0.904426,0.982466,0.011142,0,0.043844,0.006297,0,0.030668,0.001407,0,0.015048,0.002074,0,0.029333,0.000566,0,0.006969,0.044691,0,0.11804,0.00234,0,0.028004,0.918164,0.838909,0.977301,0.006039,0,0.055539,0.002039,0,0.024933,0.00982,0,0.076645,0.00113,0,0.014325,0.005757,0,0.048857,0.001143,0,0.014628,0.001839,0,0.021445,0.002126,0,0.023816,0.000864,0,0.010769
"PH_BB_9.sorted.bam","9","BB",0.045393,0.016442,0.074224,0.007681,0,0.037547,0.940462,0.898892,0.973372,0.003379,0,0.021443,0.003085,0,0.020578,0.000231,0,0.00271,0.00707,0,0.065205,0.000495,0,0.006315,0.080163,0,0.145033,0.004866,0,0.052504,0.89588,0.814928,0.960837,0.00207,0,0.028949,0.001159,0,0.01437,0.001986,0,0.022433,0.000381,0,0.004401,0.001022,0,0.012209,0.001278,0,0.016865,0.002151,0,0.02356,0.000781,0,0.010199,0.000469,0,0.005812
"PH_BC_10.sorted.bam","10","BC",0.002317,0,0.0143,0.008562,0,0.045424,0.224894,0.167179,0.282658,0.078231,0.044644,0.113023,0.685996,0.633572,0.739435,0.000176,0,0.001992,0.001059,0,0.013187,0.000284,0,0.003211,0.000905,0,0.01204,0.001948,0,0.022966,0.001319,0,0.015402,0.001059,0,0.013071,0.000789,0,0.010587,0.000942,0,0.010445,0.000272,0,0.003388,0.001259,0,0.015371,0.012761,0,0.088511,0.443354,0.323845,0.560873,0.153127,0.082242,0.223717,0.380746,0.274347,0.489987
"PH_BC_11.sorted.bam","11","BC",0.008051,0,0.040416,0.004778,0,0.031456,0.226133,0.120226,0.322445,0.098872,0.050281,0.153494,0.662165,0.585102,0.744515,0.000472,0,0.006021,0.002434,0,0.031861,0.000484,0,0.006029,0.002442,0,0.033668,0.001797,0,0.023887,0.001008,0,0.011125,0.007746,0,0.074662,0.001149,0,0.014478,0.16713,0.036577,0.30021,0.005089,0,0.054181,0.002537,0,0.029745,0.003207,0,0.044317,0.278881,0,0.525657,0.011541,0,0.123634,0.514082,0.330324,0.737022
"PH_BC_1.sorted.bam","1","BC",0.002504,0,0.018915,0.007639,0,0.039793,0.241309,0.160772,0.30876,0.066587,0.029331,0.106863,0.681961,0.620755,0.743818,0.000306,0,0.003151,0.001232,0,0.014506,0.001673,0,0.01946,0.001033,0,0.013323,0.003158,0,0.040805,0.002894,0,0.033608,0.000482,0,0.005628,0.001542,0,0.019011,0.009037,0,0.13039,0.000504,0,0.006034,0.001651,0,0.021276,0.005999,0,0.062824,0.463601,0.084688,0.610722,0.121106,0,0.209712,0.385783,0.254437,0.651369
"PH_BC_2.sorted.bam","2","BC",0.007331,0,0.035301,0.012873,0,0.04844,0.177787,0.103921,0.254046,0.053209,0.004374,0.108763,0.7488,0.685788,0.818249,0.000678,0,0.008129,0.00347,0,0.034495,0.000993,0,0.010917,0.002203,0,0.023689,0.001236,0,0.014342,0.001081,0,0.013279,0.005429,0,0.051982,0.016204,0,0.086838,0.01543,0,0.124557,0.000869,0,0.009805,0.002204,0,0.028854,0.002849,0,0.030836,0.334543,0.148342,0.49974,0.067615,0,0.21069,0.545194,0.416955,0.691921
"PH_BC_3.sorted.bam","3","BC",0.012646,0,0.039733,0.009779,0,0.045674,0.19636,0.137656,0.260477,0.080903,0.040184,0.119735,0.700311,0.645078,0.75646,0.001799,0,0.015995,0.005238,0,0.05236,0.001487,0,0.017491,0.003277,0,0.038127,0.000936,0,0.012495,0.002597,0,0.029398,0.010487,0,0.061787,0.004656,0,0.063608,0.008006,0,0.113395,0.000384,0,0.004855,0.002692,0,0.031399,0.005755,0,0.059161,0.375307,0.248462,0.509747,0.13789,0,0.232384,0.439488,0.326568,0.570543
"PH_BC_4.sorted.bam","4","BC",0.006077,0,0.026522,0.026382,0,0.086276,0.179236,0.112383,0.249215,0.058134,0.005611,0.09912,0.730171,0.673713,0.79384,4e-04,0,0.004946,0.006958,0,0.048007,0.001102,0,0.013869,0.001146,0,0.012286,0.001165,0,0.012914,0.000571,0,0.007269,0.00165,0,0.019392,0.003787,0,0.04413,0.001599,0,0.018682,0.000593,0,0.006968,0.0016,0,0.019836,0.03865,0,0.161523,0.35342,0.219692,0.493613,0.108046,0,0.195123,0.479312,0.375179,0.599005
"PH_BC_5.sorted.bam","5","BC",0.010377,0,0.037369,0.036417,0.000124,0.084567,0.22654,0.16296,0.287343,0.078558,0.043256,0.117144,0.648107,0.593782,0.700749,0.000293,0,0.00346,0.014302,0,0.069098,0.001413,0,0.018159,0.002564,0,0.032265,0.016051,0,0.114458,0.001304,0,0.017215,0.00204,0,0.0222,0.008467,0,0.0763,0.003191,0,0.04638,0.000625,0,0.006898,0.001263,0,0.015798,0.031188,0,0.157432,0.428666,0.289909,0.563322,0.142168,0.045421,0.223768,0.346465,0.239601,0.461947
"PH_BC_6.sorted.bam","6","BC",0.002015,0,0.014344,0.01888,0,0.06902,0.212219,0.14288,0.279552,0.064354,0.02795,0.102256,0.702532,0.645443,0.762812,0.000159,0,0.001655,0.001653,0,0.021514,0.000543,0,0.005939,0.000344,0,0.003634,0.003627,0,0.04478,0.000955,0,0.011037,0.000669,0,0.008582,0.001415,0,0.018814,0.00144,0,0.017501,0.00044,0,0.005559,0.001046,0,0.013234,0.029979,0,0.135872,0.417118,0.270864,0.552674,0.124303,0.05087,0.201536,0.416309,0.301236,0.538065
"PH_BC_7.sorted.bam","7","BC",0.074907,0.044329,0.104497,0.105291,0.067602,0.148205,0.255804,0.204426,0.308197,0.165063,0.127217,0.203056,0.398935,0.35226,0.437143,0.000103,0,0.001096,0.146369,0.084472,0.205685,0.00026,0,0.003172,0.001827,0,0.02237,0.044765,0,0.157183,0.000592,0,0.006916,0.000712,0,0.008573,0.00151,0,0.01788,0.006203,0,0.073679,0.000158,0,0.001735,0.000701,0,0.008385,0.017416,0,0.120966,0.457629,0.356011,0.552878,0.321383,0.234497,0.398917,0.000371,0,0.00483
"PH_BC_8.sorted.bam","8","BC",0.041144,0.006086,0.082048,0.113225,0.062472,0.163331,0.17144,0.091311,0.266401,0.02949,1e-06,0.076427,0.644701,0.561103,0.728851,0.00032,0,0.003874,0.001473,0,0.021026,0.004203,0,0.041731,0.006669,0,0.067833,0.076753,0,0.283229,0.001371,0,0.017379,0.027011,0,0.105199,0.007259,0,0.080841,0.001934,0,0.023764,0.001822,0,0.022648,0.046496,0,0.158523,0.13256,0,0.309801,0.254782,0,0.522512,0.019131,0,0.127746,0.418217,0.16326,0.713368
"PH_BC_9.sorted.bam","9","BC",0.08517,0.051412,0.123738,0.008283,0,0.055374,0.348357,0.286141,0.417183,0.057995,8e-06,0.105266,0.500194,0.467512,0.549224,0.000267,0,0.002957,0.002574,0,0.027995,0.000494,0,0.006368,0.002207,0,0.023658,0.001002,0,0.012383,0.000529,0,0.005939,0.022283,0,0.151388,0.001042,0,0.013318,0.002154,0,0.026974,0.00037,0,0.003585,0.142741,0,0.24286,0.010959,0,0.109056,0.690294,0.564509,0.821915,0.089771,0,0.209119,0.033312,0,0.232363
"PH_CA_10.sorted.bam","10","CA",0.002327,0,0.015124,0.681294,0.632266,0.729363,0.001907,0,0.013688,0.313229,0.266692,0.362394,0.001243,0,0.008745,8e-04,0,0.008489,0.001188,0,0.014475,0.526476,0.433129,0.623406,0.000651,0,0.007814,0.000816,0,0.009993,0.000464,0,0.00554,0.000829,0,0.009597,0.307297,0.150087,0.466486,0.00107,0,0.013334,0.158421,0.068664,0.245328,0.000387,0,0.004638,0.000336,0,0.004042,0.000348,0,0.00391,0.000421,0,0.00516,0.000497,0,0.005559
"PH_CA_12.sorted.bam","12","CA",0.002212,0,0.013955,0.672571,0.625172,0.718733,0.002306,0,0.014645,0.318686,0.270622,0.36644,0.004224,0,0.023477,0.000691,0,0.008792,0.000771,0,0.00957,0.497928,0.35751,0.605338,0.000488,0,0.005917,0.000968,0,0.012426,0.000514,0,0.006134,0.000792,0,0.009972,0.345769,0.150877,0.624988,0.001408,0,0.015518,0.142987,0,0.255605,0.000991,0,0.012442,0.001779,0,0.021925,0.000721,0,0.009853,0.003429,0,0.036565,0.000763,0,0.010467
"PH_CA_1.sorted.bam","1","CA",0.002491,0,0.015542,0.67699,0.622847,0.728303,0.002331,0,0.015436,0.316467,0.26625,0.369445,0.00172,0,0.011592,0.000583,0,0.007066,0.001644,0,0.021511,0.510076,0.40175,0.614587,0.000553,0,0.006446,0.001083,0,0.01567,0.00067,0,0.007737,0.001184,0,0.013743,0.33034,0.146109,0.549817,0.001131,0,0.012729,0.149765,0.001986,0.254789,0.000436,0,0.005056,0.000762,0,0.009247,0.000554,0,0.00701,0.000748,0,0.00911,0.00047,0,0.005757
"PH_CA_2.sorted.bam","2","CA",0.00364,0,0.021339,0.651537,0.597589,0.7053,0.002388,0,0.016696,0.340439,0.287642,0.392925,0.001995,0,0.012823,0.001467,0,0.016253,0.001047,0,0.013235,0.527559,0.429479,0.630568,0.000527,0,0.006583,0.001569,0,0.019063,0.000749,0,0.009697,0.002169,0,0.025895,0.244213,0.075112,0.419676,0.000691,0,0.008009,0.216604,0.116288,0.314004,0.000602,0,0.006369,0.001128,0,0.013498,0.000493,0,0.005465,0.000598,0,0.007231,0.000585,0,0.006379
"PH_CA_3.sorted.bam","3","CA",0.000866,0,0.006084,0.676406,0.626429,0.726456,0.001145,0,0.008398,0.320071,0.271083,0.369832,0.001513,0,0.010237,2e-04,0,0.002313,0.000386,0,0.004671,0.511677,0.41545,0.601637,0.000202,0,0.002302,0.000558,0,0.006458,0.000358,0,0.004479,0.000465,0,0.005084,0.327887,0.174167,0.515325,0.00047,0,0.005725,0.155255,0.040789,0.2514,0.000279,0,0.002909,0.000626,0,0.007729,0.000345,0,0.003912,0.00081,0,0.008808,0.000482,0,0.005487
"PH_CA_4.sorted.bam","4","CA",0.004809,0,0.023547,0.644517,0.588849,0.698021,0.001767,0,0.011139,0.346197,0.293909,0.399738,0.00271,0,0.018324,0.000327,0,0.003746,0.002024,0,0.023604,0.544731,0.429599,0.662778,0.000956,0,0.011589,0.000649,0,0.008037,0.000349,0,0.004191,0.004506,0,0.041072,0.195415,0,0.390017,9e-04,0,0.010623,0.245244,0.150118,0.353814,0.001479,0,0.017346,0.001486,0,0.017239,0.000332,0,0.003696,0.001085,0,0.011039,0.000519,0,0.006252
"PH_CA_6.sorted.bam","6","CA",0.007071,0,0.030384,0.660894,0.603163,0.716771,0.003033,0,0.018136,0.327283,0.271483,0.380872,0.00172,0,0.011902,0.001318,0,0.016846,0.004382,0,0.046185,0.466418,0.337443,0.585664,0.002117,0,0.021365,0.001368,0,0.017025,0.000506,0,0.005426,0.004113,0,0.044555,0.38255,0.154112,0.637237,0.0011,0,0.014141,0.133012,0,0.262024,0.000894,0,0.011199,0.00065,0,0.00731,0.000469,0,0.005389,0.000778,0,0.010498,0.000325,0,0.003936
"PH_CA_7.sorted.bam","7","CA",0.001485,0,0.010085,0.630606,0.579359,0.682111,0.001535,0,0.011587,0.365123,0.312737,0.415982,0.001251,0,0.009415,0.000635,0,0.007481,0.000412,0,0.004996,0.622447,0.549624,0.679414,0.000523,0,0.005797,5e-04,0,0.005869,0.000409,0,0.004919,0.00048,0,0.005746,0.015035,0,0.13153,0.000968,0,0.012918,0.356559,0.291481,0.412456,0.000285,0,0.003296,0.00037,0,0.004556,0.00026,0,0.003059,0.000646,0,0.007518,0.000471,0,0.005987
"PH_CA_8.sorted.bam","8","CA",0.001012,0,0.007401,0.653207,0.599618,0.704068,0.001482,0,0.01115,0.34299,0.293424,0.396168,0.001309,0,0.009012,0.000459,0,0.005649,0.000356,0,0.004247,0.495517,0.394934,0.598772,0.000246,0,0.002623,0.00085,0,0.009543,0.000303,0,0.003521,0.000229,0,0.00282,0.313608,0.12799,0.472542,0.000834,0,0.010544,0.185325,0.102376,0.280534,0.000275,0,0.003006,0.000566,0,0.0062,0.000428,0,0.005385,0.000659,0,0.007821,0.000345,0,0.003878
"PH_CR_10.sorted.bam","10","CR",0.004235,0,0.021762,0.327409,0.281155,0.375313,0.123117,0.076474,0.167831,0.542002,0.497753,0.583048,0.003237,0,0.018464,0.000615,0,0.006512,0.001165,0,0.012809,0.00329,0,0.037434,0.001482,0,0.017236,0.002081,0,0.023917,0.000718,0,0.008911,0.004222,0,0.039898,0.642821,0.546897,0.743531,0.240342,0.141995,0.332362,0.097924,0,0.185567,0.00037,0,0.004088,0.002171,0,0.022289,0.000892,0,0.010935,0.000772,0,0.008639,0.001135,0,0.011483
"PH_CR_11.sorted.bam","11","CR",0.001799,0,0.011989,0.278507,0.230034,0.327262,0.14596,0.100737,0.194189,0.572269,0.530588,0.61222,0.001465,0,0.009628,0.000207,0,0.002366,0.000562,0,0.006745,0.000374,0,0.004622,0.000547,0,0.007082,0.000735,0,0.007699,0.000439,0,0.005505,0.001596,0,0.020629,0.554382,0.458082,0.652174,0.28941,0.198248,0.386888,0.149034,0.068123,0.228012,0.00048,0,0.005502,0.000586,0,0.006927,0.00035,0,0.00425,0.00108,0,0.012357,0.000217,0,0.002536
"PH_CR_12.sorted.bam","12","CR",0.00149,0,0.009386,0.260403,0.216543,0.303724,0.125611,0.081396,0.17316,0.611287,0.571942,0.651622,0.001209,0,0.008581,0.000197,0,0.002298,0.000719,0,0.00874,0.000555,0,0.006348,0.00045,0,0.00536,0.000991,0,0.012348,0.001025,0,0.01383,0.001104,0,0.013432,0.517461,0.429189,0.605785,0.247295,0.158747,0.34194,0.228064,0.148423,0.307339,0.000315,0,0.00394,0.000524,0,0.00582,0.000437,0,0.00491,0.000585,0,0.006598,0.000278,0,0.003477
"PH_CR_1.sorted.bam","1","CR",0.00108,0,0.007623,0.279351,0.232693,0.324942,0.13353,0.091082,0.17995,0.582389,0.545893,0.622503,0.00365,0,0.024855,0.00017,0,0.001873,0.000438,0,0.005497,0.001272,0,0.015419,0.000378,0,0.004638,0.000701,0,0.00904,0.000562,0,0.006919,0.000616,0,0.007487,0.554059,0.459338,0.646348,0.263968,0.178685,0.357244,0.170939,0.098391,0.253273,0.000389,0,0.004759,0.000961,0,0.011393,0.000888,0,0.011127,0.004257,0,0.046875,0.000402,0,0.00476
"PH_CR_2.sorted.bam","2","CR",0.001509,0,0.010406,0.314328,0.269339,0.358279,0.087919,0.048329,0.130978,0.594892,0.555886,0.635263,0.001353,0,0.009287,0.000174,0,0.00195,0.000914,0,0.010035,0.000555,0,0.0067,0.000402,0,0.004486,0.001102,0,0.013083,0.000515,0,0.005026,0.001088,0,0.014364,0.625136,0.532872,0.713048,0.172575,0.092017,0.259738,0.195106,0.115805,0.277622,0.000265,0,0.003068,0.000393,0,0.004429,0.000728,0,0.008244,0.000772,0,0.008515,0.000274,0,0.003298
"PH_CR_3.sorted.bam","3","CR",0.004509,0,0.021348,0.30534,0.258816,0.353463,0.102361,0.056799,0.14613,0.585823,0.545747,0.626523,0.001967,0,0.012459,0.000777,0,0.007529,0.002334,0,0.025485,0.000784,0,0.00937,0.001043,0,0.013342,0.004103,0,0.043029,0.000811,0,0.009428,0.003172,0,0.033622,0.601967,0.502021,0.701764,0.19747,0.099863,0.286836,0.183982,0.109071,0.267784,0.000914,0,0.010765,0.00071,0,0.008913,0.000484,0,0.005947,0.001073,0,0.013771,0.000376,0,0.004429
"PH_CR_4.sorted.bam","4","CR",0.117117,0.087094,0.14656,0.199588,0.155225,0.24784,0.199757,0.148573,0.254532,0.413281,0.366458,0.452598,0.070256,0.035529,0.105864,0.000132,0,0.001646,0.012427,0,0.115501,0.001063,0,0.012947,0.004454,0,0.052299,0.016879,0,0.129553,0.000762,0,0.008255,0.216442,0.119509,0.283444,0.231548,0.133606,0.331871,0.375843,0.267723,0.482669,0.000294,0,0.00339,0.000646,0,0.008207,0.136197,0.066036,0.206748,0.000814,0,0.009514,0.002142,0,0.025959,0.000357,0,0.004402
"PH_CR_5.sorted.bam","5","CR",0.002021,0,0.014139,0.301768,0.256564,0.345263,0.100175,0.058723,0.142552,0.594088,0.554861,0.631689,0.001948,0,0.01545,0.000239,0,0.002817,0.000925,0,0.012301,0.011199,0,0.06675,0.00054,0,0.005988,0.00088,0,0.011917,0.000527,0,0.006277,0.00176,0,0.022259,0.578824,0.461411,0.676795,0.197457,0.11427,0.283634,0.20403,0.130339,0.281406,0.000338,0,0.00391,0.000509,0,0.00524,0.000418,0,0.004726,0.002076,0,0.025943,0.000277,0,0.00328
"PH_CR_6.sorted.bam","6","CR",0.015697,1e-06,0.040535,0.247355,0.196758,0.297297,0.141628,0.089554,0.195299,0.592553,0.550887,0.634292,0.002768,0,0.017249,0.000714,0,0.008768,0.009691,0,0.060091,0.001862,0,0.022877,0.003723,0,0.036343,0.00346,0,0.037271,0.001226,0,0.011008,0.015518,0,0.073208,0.476478,0.359099,0.583411,0.273091,0.15711,0.385671,0.209343,0.123426,0.2995,0.001035,0,0.013403,0.001356,0,0.016873,0.00053,0,0.007107,0.001332,0,0.018518,0.000642,0,0.008067
"PH_CR_7.sorted.bam","7","CR",0.001586,0,0.010658,0.301049,0.256081,0.346321,0.139724,0.093822,0.186847,0.554749,0.519644,0.593986,0.002892,0,0.019884,0.000118,0,0.001421,0.000707,0,0.007909,0.001156,0,0.014787,0.000795,0,0.009455,0.002047,0,0.028279,0.000637,0,0.007463,0.001132,0,0.013255,0.596297,0.505625,0.687493,0.27485,0.176061,0.37121,0.116674,0.044417,0.195124,0.000302,0,0.003699,0.000734,0,0.008142,0.000484,0,0.005737,0.00387,0,0.037635,0.000197,0,0.002206
"PH_CR_8.sorted.bam","8","CR",0.010494,0,0.035119,0.297344,0.246215,0.351386,0.070841,0.018792,0.128519,0.610332,0.567362,0.652962,0.010989,0,0.043409,0.000271,0,0.003499,0.005542,0,0.04501,0.002162,0,0.025966,0.002054,0,0.022667,0.030119,0,0.143496,0.00274,0,0.035927,0.011306,0,0.065931,0.550751,0.422967,0.667366,0.098794,0,0.244475,0.275029,0.172326,0.386158,0.001544,0,0.01899,0.003952,0,0.044071,0.005233,0,0.064475,0.009754,0,0.078452,0.000748,0,0.010172
"PH_CR_9.sorted.bam","9","CR",0.005091,0,0.025903,0.265588,0.218209,0.317383,0.110843,0.060831,0.158834,0.613229,0.565301,0.659515,0.005248,0,0.02923,0.000462,0,0.005471,0.001489,0,0.017867,0.006199,0,0.0674,0.003734,0,0.042151,0.002269,0,0.028972,0.000837,0,0.010534,0.002649,0,0.029169,0.5139,0.369424,0.622463,0.212666,0.096391,0.314769,0.24686,0.148891,0.343121,0.001387,0,0.017306,0.00112,0,0.010871,0.001345,0,0.016292,0.003524,0,0.038794,0.00156,0,0.016496
"PH_DA_2.sorted.bam","2","DA",0.980356,0.956494,0.999727,0.000506,0,0.003716,0.001009,0,0.00738,0.000626,0,0.004488,0.017503,2e-06,0.041624,0.979318,0.954111,0.999669,0.000162,0,0.001873,0.000164,0,0.001822,0.000234,0,0.002637,0.00018,0,0.001861,0.000326,0,0.003965,0.000227,0,0.002442,0.000152,0,0.001696,0.000194,0,0.002338,0.000183,0,0.002368,0.001453,0,0.01931,0.000188,0,0.002331,0.000759,0,0.00969,0.000313,0,0.003671,0.016147,0,0.040725
"PH_DA_5.sorted.bam","5","DA",0.995934,0.983049,0.999985,0.000476,0,0.003523,0.000735,0,0.004818,0.000873,0,0.006122,0.001981,0,0.013563,0.995133,0.97958,0.999982,0.000121,0,0.001361,0.000165,0,0.001918,0.000215,0,0.002599,0.000167,0,0.001805,0.00026,0,0.002826,0.000167,0,0.001769,0.000135,0,0.001515,0.000201,0,0.002348,0.000501,0,0.00533,0.001099,0,0.013135,0.000199,0,0.002352,0.000367,0,0.004732,0.000243,0,0.003017,0.001027,0,0.011796
"PH_DA_6.sorted.bam","6","DA",0.990589,0.97001,0.999907,0.000985,0,0.007066,0.001085,0,0.007227,0.002839,0,0.01623,0.004502,0,0.025065,0.989864,0.968441,0.999879,0.000204,0,0.002393,0.000434,0,0.005257,0.000588,0,0.007202,0.000291,0,0.003444,0.000301,0,0.003628,0.000229,0,0.002795,0.000303,0,0.00366,0.000234,0,0.002813,0.002174,0,0.015783,0.000428,0,0.005331,0.000303,0,0.00336,0.000456,0,0.005105,0.000562,0,0.007399,0.003627,0,0.02463
"PH_DA_7.sorted.bam","7","DA",0.994923,0.980584,0.999978,0.000971,0,0.006784,0.001132,0,0.007729,0.000996,0,0.006892,0.001978,0,0.013459,0.994241,0.978209,0.999972,0.000203,0,0.002326,0.000379,0,0.004944,0.000366,0,0.00444,0.000336,0,0.004234,0.000405,0,0.004769,0.000219,0,0.002373,0.000227,0,0.00288,0.000361,0,0.00432,0.000331,0,0.004222,0.000576,0,0.006594,0.000419,0,0.004865,0.000389,0,0.004713,0.000523,0,0.006377,0.001025,0,0.011798
"PH_DA_8.sorted.bam","8","DA",0.828862,0.796032,0.861161,0.000691,0,0.004986,0.000825,0,0.006058,0.000486,0,0.003382,0.169136,0.136927,0.202548,0.742044,0.671794,0.807237,0.000249,0,0.002742,0.000205,0,0.002463,0.000295,0,0.003166,0.00023,0,0.002691,0.000216,0,0.002399,0.00016,0,0.001898,0.000165,0,0.002062,0.000152,0,0.001925,0.000129,0,0.001392,0.172931,0.061925,0.294234,0.000328,0,0.004018,0.000541,0,0.005839,0.000238,0,0.002643,0.082118,0.010757,0.14697
"PH_FC_10.sorted.bam","10","FC",0.003561,0,0.018851,0.775025,0.729021,0.819356,0.213637,0.165146,0.261727,0.004955,0,0.028746,0.002822,0,0.016347,0.000211,0,0.002492,0.003274,0,0.03189,0.561619,0.468373,0.650502,0.001468,0,0.019053,0.419121,0.313012,0.519651,0.001268,0,0.015958,0.000924,0,0.010519,0.002581,0,0.033538,0.003127,0,0.035177,0.001341,0,0.016443,0.001034,0,0.012683,0.001836,0,0.022155,0.001021,0,0.012734,0.000598,0,0.006663,0.000577,0,0.007018
"PH_FC_11.sorted.bam","11","FC",0.059804,0.030842,0.090958,0.597381,0.54715,0.650068,0.246363,0.183709,0.309719,0.008719,0,0.043147,0.087733,0.042706,0.138204,0.000146,0,0.001648,0.117546,0.060147,0.180495,0.201897,0.102398,0.306379,0.000657,0,0.007875,0.488964,0.362414,0.617447,0.000481,0,0.005883,0.000704,0,0.00819,0.012471,0,0.084553,0.001499,0,0.017694,0.00045,0,0.005697,0.000411,0,0.003948,0.171987,0.079639,0.272409,0.000644,0,0.008129,0.001863,0,0.022488,0.000281,0,0.00346
"PH_FC_12.sorted.bam","12","FC",0.00206,0,0.016358,0.594582,0.545422,0.642725,0.23525,0.179321,0.29463,0.059386,0.024472,0.097071,0.108721,0.065452,0.15184,9.7e-05,0,0.00111,0.002887,0,0.031638,0.192283,0.094568,0.289529,0.00042,0,0.004784,0.468719,0.356809,0.587975,0.000333,0,0.003428,0.000348,0,0.003955,0.117049,0.045832,0.192214,0.000464,0,0.005304,0.000142,0,0.001434,0.000271,0,0.003343,0.215944,0.129739,0.302789,0.000231,0,0.002717,0.000626,0,0.007334,0.000185,0,0.002262
"PH_FC_1.sorted.bam","1","FC",0.001797,0,0.013442,0.759379,0.708386,0.808339,0.184917,0.133067,0.235923,0.050921,0.010007,0.089774,0.002986,0,0.018396,0.000203,0,0.00238,0.00096,0,0.010716,0.555087,0.441974,0.66139,0.000554,0,0.006753,0.321753,0.159308,0.446461,0.017142,0,0.110475,0.001117,0,0.013873,0.083965,0,0.174339,0.012339,0,0.106808,0.00162,0,0.021066,0.000557,0,0.006235,0.001907,0,0.023424,0.000903,0,0.010364,0.001183,0,0.015048,0.000711,0,0.008253
"PH_FC_2.sorted.bam","2","FC",0.005689,0,0.022186,0.724859,0.675699,0.773601,0.200745,0.152295,0.248636,0.059,0.026657,0.09436,0.009708,0,0.040276,0.001621,0,0.01495,0.00245,0,0.025412,0.566108,0.450187,0.665552,0.001258,0,0.016446,0.298462,0.146464,0.438933,0.008461,0,0.105236,0.002478,0,0.026108,0.014362,0,0.126924,0.082363,0,0.173677,0.005926,0,0.064354,0.001951,0,0.020567,0.002227,0,0.027377,0.002484,0,0.031132,0.006945,0,0.06939,0.002904,0,0.030125
"PH_FC_4.sorted.bam","4","FC",0.003203,0,0.018418,0.775599,0.725738,0.82694,0.176766,0.117444,0.229772,0.030245,0.002404,0.065189,0.014188,0,0.058457,0.000414,0,0.005275,0.001798,0,0.020524,0.588983,0.484757,0.691304,0.001072,0,0.013081,0.342867,0.217357,0.452741,0.001334,0,0.015417,0.001962,0,0.023768,0.015735,0,0.100684,0.003203,0,0.041169,0.017581,0,0.055662,0.000744,0,0.009278,0.012832,0,0.110998,0.003723,0,0.041094,0.004426,0,0.042408,0.003326,0,0.031192
"PH_FC_6.sorted.bam","6","FC",0.053208,0.024269,0.086254,0.590783,0.543149,0.638569,0.248833,0.18796,0.310997,0.045098,0.001651,0.088983,0.062078,0.01547,0.107923,0.000236,0,0.002724,0.081515,0,0.165435,0.212305,0.111319,0.317355,0.000923,0,0.010916,0.491695,0.366523,0.617085,0.001294,0,0.016189,0.022467,0,0.098622,0.063375,0,0.17164,0.001937,0,0.027478,0.000369,0,0.004186,0.001038,0,0.011891,0.120371,0.027498,0.212313,0.000523,0,0.006061,0.001679,0,0.020321,0.000273,0,0.002822
"PH_FC_8.sorted.bam","8","FC",0.067214,0.034918,0.101828,0.497943,0.485424,0.50833,0.248847,0.190542,0.304213,0.093901,0.057455,0.131485,0.092096,0.048698,0.138326,0.000127,0,0.001437,0.132479,0.06652,0.201884,0.001941,0,0.024955,0.000633,0,0.007964,0.494191,0.375889,0.605794,0.000528,0,0.007049,0.000615,0,0.007116,0.184858,0.110634,0.260807,0.000697,0,0.008389,0.000283,0,0.003014,0.000447,0,0.005413,0.180476,0.090469,0.27158,0.001118,0,0.016661,0.001067,0,0.014402,0.000542,0,0.006191
"PH_FC_9.sorted.bam","9","FC",0.003366,0,0.018998,0.80487,0.753218,0.853773,0.172179,0.120478,0.220957,0.017017,0,0.055618,0.002568,0,0.017154,0.000267,0,0.003184,0.002403,0,0.026767,0.653287,0.554679,0.754708,0.00173,0,0.020173,0.285101,0.084618,0.421485,0.027106,0,0.128101,0.000985,0,0.011582,0.014623,0,0.091385,0.002611,0,0.030315,0.007426,0,0.044585,0.00108,0,0.012968,0.001041,0,0.011384,0.000704,0,0.007386,0.000965,0,0.012112,0.000674,0,0.006961
"PH_FV_10.sorted.bam","10","FV",0.11706,0.084026,0.151592,0.002531,0,0.017649,0.806792,0.752835,0.857593,0.00083,0,0.005912,0.072787,0.026618,0.122452,0.000674,0,0.00689,0.000686,0,0.008284,0.000362,0,0.004105,0.226334,0.14944,0.297581,0.001485,0,0.017211,0.684343,0.588952,0.762241,0.000378,0,0.004214,0.000242,0,0.002957,0.000305,0,0.003611,0.000139,0,0.001622,0.005374,0,0.071486,0.001924,0,0.023449,0.016773,0,0.150992,0.000456,0,0.005643,0.060524,0,0.116129
"PH_FV_11.sorted.bam","11","FV",0.14989,0.113667,0.185795,0.001362,0,0.009628,0.804394,0.749305,0.856061,0.001108,0,0.009014,0.043246,4e-06,0.097405,0.002317,0,0.025494,0.000815,0,0.009582,0.000302,0,0.003657,0.290782,0.211068,0.36719,0.000517,0,0.005928,0.651622,0.562642,0.733108,0.000422,0,0.004332,0.000248,0,0.002674,0.000407,0,0.00455,0.000218,0,0.002692,0.003126,0,0.045096,0.000541,0,0.006538,0.013838,0,0.124687,0.000705,0,0.009148,0.034141,0,0.095012
"PH_FV_12.sorted.bam","12","FV",0.110925,0.077365,0.145239,0.002001,0,0.01298,0.802667,0.750959,0.85229,0.003281,0,0.01951,0.081126,0.037297,0.129554,0.00026,0,0.003123,0.000685,0,0.008192,0.000351,0,0.003763,0.219237,0.149594,0.288955,0.001011,0,0.011307,0.617215,0.51257,0.724286,0.000824,0,0.009266,0.000858,0,0.009797,0.002292,0,0.028322,0.000328,0,0.003838,0.000584,0,0.006717,0.000746,0,0.008897,0.148364,0.000503,0.255418,0.001933,0,0.023854,0.005313,0,0.052275
"PH_FV_1.sorted.bam","1","FV",0.096501,0.065168,0.127688,0.001437,0,0.009657,0.785658,0.735804,0.83245,0.001671,0,0.010915,0.114733,0.067167,0.160827,0.000984,0,0.011324,0.000479,0,0.006038,0.000203,0,0.002286,0.188148,0.121426,0.253464,0.000702,0,0.007831,0.579024,0.479757,0.675846,0.000453,0,0.005014,0.000374,0,0.004603,0.000582,0,0.007865,0.00041,0,0.005231,0.001954,0,0.026042,0.00091,0,0.010457,0.223835,0.11972,0.317251,0.001114,0,0.012258,0.000826,0,0.008969
"PH_FV_2.sorted.bam","2","FV",0.147459,0.112904,0.180433,0.00267,0,0.016025,0.76891,0.716023,0.820539,0.004732,0,0.023698,0.07623,0.028078,0.121176,0.000269,0,0.003044,0.000688,0,0.007661,0.000399,0,0.004607,0.289183,0.219532,0.357543,0.001169,0,0.014309,0.549439,0.449334,0.65118,0.003021,0,0.034728,0.001313,0,0.015567,0.002454,0,0.026499,0.000401,0,0.00467,0.001489,0,0.017552,0.001372,0,0.015641,0.146136,0.042639,0.237435,0.001874,0,0.024454,0.000794,0,0.009205
"PH_FV_4.sorted.bam","4","FV",0.140912,0.107131,0.175752,0.001494,0,0.010246,0.793445,0.736266,0.851913,0.003054,0,0.017576,0.061094,0.000606,0.115601,0.002558,0,0.027859,0.000569,0,0.00727,0.000495,0,0.006146,0.233896,0.08888,0.339783,0.000418,0,0.005113,0.656025,0.526419,0.758225,0.001026,0,0.013378,0.000512,0,0.005647,0.00096,0,0.011468,0.000848,0,0.010599,0.041217,0,0.169996,0.000501,0,0.006122,0.039567,0,0.188735,0.001915,0,0.0215,0.019494,0,0.106533
"PH_FV_5.sorted.bam","5","FV",0.133861,0.097903,0.170028,0.003146,0,0.019003,0.821894,0.765241,0.874282,0.001846,0,0.01139,0.039252,1e-06,0.095507,0.001234,0,0.015031,0.000346,0,0.004524,0.001575,0,0.015194,0.251619,0.139821,0.335254,0.000683,0,0.008384,0.668891,0.54765,0.767356,0.000643,0,0.006929,0.000575,0,0.007377,0.000951,0,0.010788,0.000415,0,0.005226,0.012649,0,0.100336,0.001538,0,0.017698,0.052753,0,0.185316,0.000694,0,0.008341,0.005435,0,0.052752
"PH_FV_6.sorted.bam","6","FV",0.140983,0.107247,0.175882,0.001779,0,0.012229,0.781361,0.73075,0.833118,0.00161,0,0.010493,0.074268,0.024453,0.123758,0.000764,0,0.009801,0.000737,0,0.008355,0.00035,0,0.004065,0.23583,0.067019,0.341681,0.001165,0,0.015612,0.635404,0.492093,0.76078,0.000418,0,0.005003,0.000296,0,0.003271,0.000716,0,0.0083,0.000522,0,0.00616,0.043453,0,0.186828,0.00066,0,0.007122,0.054203,0,0.220016,0.000746,0,0.009147,0.024737,0,0.108467
"PH_FV_7.sorted.bam","7","FV",0.114679,0.081848,0.149736,0.001616,0,0.010711,0.810062,0.76468,0.853994,0.001433,0,0.009709,0.072209,0.027965,0.112451,0.000513,0,0.006043,0.000587,0,0.007082,0.000367,0,0.004348,0.109773,0,0.267964,0.000977,0,0.010596,0.742495,0.590183,0.831301,0.000495,0,0.005276,0.000214,0,0.002497,0.000903,0,0.011068,0.000303,0,0.003626,0.117477,0,0.220155,0.000719,0,0.008017,0.023481,0,0.160341,0.000648,0,0.007562,0.001047,0,0.014235
"PH_FV_8.sorted.bam","8","FV",0.130829,0.098684,0.162441,0.003659,0,0.021924,0.798536,0.737148,0.868977,0.001524,0,0.010736,0.065453,1.3e-05,0.121701,0.001039,0,0.012533,0.002415,0,0.027698,0.00057,0,0.007429,0.236661,0.110461,0.318576,0.002011,0,0.024754,0.641013,0.498582,0.763891,0.000652,0,0.007823,0.000679,0,0.008431,0.000668,0,0.007134,0.000181,0,0.002195,0.019851,0,0.132775,0.001073,0,0.012058,0.075705,0,0.230454,0.000686,0,0.008512,0.016795,0,0.08872
"PH_FV_9.sorted.bam","9","FV",0.095302,0.063898,0.131781,0.001155,0,0.008083,0.807901,0.7529,0.862926,0.004985,0,0.022879,0.090657,0.04532,0.13688,0.000485,0,0.005768,0.000569,0,0.006806,0.00027,0,0.003268,0.109363,0,0.256372,0.000396,0,0.004235,0.704236,0.52162,0.8504,0.001475,0,0.015693,0.000336,0,0.004165,0.000705,0,0.009065,0.00317,0,0.019988,0.078227,0,0.212117,0.00047,0,0.004992,0.096866,0,0.269419,0.001114,0,0.012869,0.002319,0,0.026242
"PH_GB_10.sorted.bam","10","GB",0.373476,0.330215,0.416659,0.027893,0,0.081987,0.230866,0.1541,0.310281,0.19365,0.145161,0.24172,0.174114,0.115034,0.240414,0.190489,0.112744,0.277436,0.042071,0,0.158569,0.00281,0,0.035359,0.213146,0,0.485773,0.003887,0,0.045808,0.092082,0,0.294533,0.00673,0,0.075631,0.001909,0,0.020616,0.003596,0,0.047472,0.187236,0.129124,0.238345,0.104027,0,0.387393,0.0023,0,0.030756,0.056938,0,0.319922,0.000593,0,0.007298,0.092185,0,0.233546
"PH_GB_11.sorted.bam","11","GB",0.373676,0.333861,0.414344,0.011502,0,0.048484,0.230125,0.159551,0.301125,0.206898,0.165908,0.249843,0.177799,0.121858,0.236931,0.167486,0.093251,0.24382,0.008999,0,0.071724,0.001304,0,0.016433,0.012666,0,0.135495,0.004762,0,0.049118,0.189427,0,0.293749,0.222347,0.100736,0.346971,0.002072,0,0.02829,0.001805,0,0.02021,0.092914,0.020352,0.158678,0.168368,0,0.353645,0.004562,0,0.044937,0.062165,0,0.332736,0.001744,0,0.021386,0.05938,0,0.20765
"PH_GB_12.sorted.bam","12","GB",0.345579,0.303157,0.38943,0.025688,0,0.078288,0.215131,0.150013,0.294556,0.266152,0.216118,0.315938,0.14745,0.082696,0.206885,0.187022,0.097648,0.260875,0.012927,0,0.11042,0.002009,0,0.022636,0.093617,0,0.409123,0.017343,0,0.121175,0.020028,0,0.161804,0.198901,0,0.355901,0.008518,0,0.09086,0.037323,0,0.263061,0.142651,6.9e-05,0.273942,0.011671,0,0.164493,0.00857,0,0.077385,0.241923,0,0.398582,0.00226,0,0.027069,0.015239,0,0.13119
"PH_GB_1.sorted.bam","1","GB",0.377128,0.337992,0.417719,0.054396,0.002561,0.097567,0.231938,0.174233,0.295274,0.206692,0.160912,0.252104,0.129846,0.086373,0.182298,0.140128,0.070963,0.203356,0.042773,0,0.152687,0.009325,0,0.071587,0.345396,0.149101,0.491021,0.002584,0,0.031586,0.023009,0,0.152511,0.055772,0,0.198236,0.013708,0,0.101708,0.00421,0,0.054178,0.149385,0.078275,0.215543,0.030059,0,0.202475,0.031076,0,0.154381,0.065667,0,0.240827,0.040921,0,0.225016,0.045984,0,0.156843
"PH_GB_5.sorted.bam","5","GB",0.380526,0.338716,0.422287,0.048611,0.003935,0.095133,0.212147,0.138429,0.283897,0.218748,0.174159,0.267348,0.139968,0.089062,0.199331,0.156133,0.075544,0.247051,0.018351,0,0.112233,0.003418,0,0.038868,0.25245,0,0.468002,0.038486,0,0.158137,0.041213,0,0.253342,0.17396,0,0.398335,0.027918,0,0.146151,0.009745,0,0.112275,0.102307,0,0.220079,0.004025,0,0.053153,0.005634,0,0.064922,0.041186,0,0.268215,0.02126,0,0.224925,0.103915,0,0.188937
"PH_GB_6.sorted.bam","6","GB",0.327848,0.285456,0.367984,0.046921,0.000503,0.094608,0.210145,0.138245,0.279977,0.212211,0.170679,0.257007,0.202875,0.147188,0.261103,0.132481,0.06368,0.214595,0.005368,0,0.080843,0.001564,0,0.019276,0.312259,0,0.483215,0.025817,0,0.132153,0.008274,0,0.093191,0.049532,0,0.202685,0.053313,0,0.173896,0.061486,0,0.305006,0.12223,0,0.226941,0.023574,0,0.253133,0.006216,0,0.089455,0.004179,0,0.058294,0.015629,0,0.132025,0.178076,0.076724,0.247294
"PH_GB_8.sorted.bam","8","GB",0.330739,0.291614,0.365734,0.119766,0.079044,0.16066,0.235843,0.184305,0.295774,0.157537,0.124097,0.195023,0.156114,0.108314,0.199475,0.000321,0,0.003501,0.224847,0.12738,0.313303,0.000561,0,0.006515,0.352442,7e-06,0.521795,0.010925,0,0.084903,0.001775,0,0.022826,0.08297,0,0.343128,0.000582,0,0.007594,0.013915,0,0.113321,0.00032,0,0.00397,0.000577,0,0.006165,0.002057,0,0.0245,0.090854,0,0.386271,0.216966,0,0.359788,0.000887,0,0.010522
"PH_GB_9.sorted.bam","9","GB",0.371679,0.327172,0.417873,0.022911,0,0.068952,0.220959,0.152768,0.287829,0.216021,0.16605,0.263937,0.16843,0.112226,0.231181,0.089186,0,0.183407,0.007918,0,0.081582,0.005234,0,0.049918,0.402557,0.218838,0.551302,0.006947,0,0.06547,0.01121,0,0.093268,0.040834,0,0.186712,0.003907,0,0.044767,0.002038,0,0.022863,0.180231,0.082518,0.249635,0.113675,0,0.345539,0.016582,0,0.114338,0.007955,0,0.112966,0.0248,0,0.208142,0.086924,0,0.20889
"PH_KC_10.sorted.bam","10","KC",0.002439,0,0.013007,0.007633,0,0.030608,0.003135,0,0.016274,0.985124,0.959328,0.999629,0.001669,0,0.010279,0.000382,0,0.004807,0.002047,0,0.018848,0.003146,0,0.025905,0.00069,0,0.008666,0.002504,0,0.023969,0.000443,0,0.005112,0.000996,0,0.012968,0.003439,0,0.037856,0.001777,0,0.02137,0.981659,0.945135,0.999561,0.000383,0,0.004669,0.000985,0,0.011133,0.000411,0,0.005135,0.000718,0,0.008599,0.000421,0,0.004824
"PH_KC_11.sorted.bam","11","KC",0.002927,0,0.015174,0.004051,0,0.021641,0.002731,0,0.01454,0.987866,0.962031,0.999893,0.002425,0,0.014055,0.000597,0,0.007155,0.001266,0,0.015078,0.00167,0,0.018138,0.001617,0,0.016828,0.00074,0,0.008973,0.000385,0,0.005105,0.000947,0,0.011302,0.00124,0,0.015473,0.001791,0,0.021615,0.985237,0.951443,0.999863,0.000831,0,0.009373,0.001518,0,0.01728,0.000543,0,0.00652,0.00128,0,0.01445,0.000339,0,0.003953
"PH_KC_1.sorted.bam","1","KC",0.000593,0,0.004225,0.006261,0,0.035138,0.456066,0.419084,0.498279,0.495377,0.469804,0.500349,0.041703,0.001882,0.076384,6.4e-05,0,0.000763,0.000335,0,0.004207,0.000302,0,0.003548,0.000215,0,0.002737,0.001313,0,0.015592,0.000412,0,0.005133,0.000318,0,0.003329,0.004626,0,0.051354,0.908997,0.834401,0.988885,0.000217,0,0.002346,0.000189,0,0.002277,0.005643,0,0.056074,0.000784,0,0.00922,0.076379,0,0.150554,0.000205,0,0.002377
"PH_KC_2.sorted.bam","2","KC",0.119791,0.090981,0.147681,0.002548,0,0.017205,0.274461,0.23391,0.3165,0.496725,0.481061,0.501121,0.106474,0.06967,0.145263,8.4e-05,0,0.001009,0.001389,0,0.014776,0.000187,0,0.002199,0.001252,0,0.01616,0.001301,0,0.015363,0.000344,0,0.004265,0.236363,0.174797,0.294115,0.001239,0,0.014912,0.544762,0.461445,0.628823,0.000375,0,0.004697,0.000412,0,0.004723,0.000794,0,0.009312,0.000919,0,0.011977,0.210336,0.13539,0.287806,0.000244,0,0.002937
"PH_KC_3.sorted.bam","3","KC",0.001884,0,0.01122,0.001199,0,0.008662,0.001286,0,0.008765,0.994662,0.979575,0.999975,0.000969,0,0.006489,0.000813,0,0.009281,0.000353,0,0.00403,0.000284,0,0.003391,0.000539,0,0.00633,0.000442,0,0.004922,0.000369,0,0.00471,0.000832,0,0.010149,0.000661,0,0.008363,0.000564,0,0.006404,0.993374,0.974178,0.999968,0.000417,0,0.005503,0.000373,0,0.00469,0.000289,0,0.003526,0.00052,0,0.006613,0.000169,0,0.001987
"PH_KC_4.sorted.bam","4","KC",0.000806,0,0.005524,0.000711,0,0.005117,0.000795,0,0.005413,0.997052,0.987498,0.999989,0.000636,0,0.004634,0.000228,0,0.002635,0.000209,0,0.002533,0.000176,0,0.001916,0.000238,0,0.002741,0.000276,0,0.003242,0.000254,0,0.002988,0.000554,0,0.006257,0.000366,0,0.00382,0.000375,0,0.004817,0.996216,0.983253,0.999987,0.000154,0,0.00183,0.000219,0,0.002603,0.000194,0,0.002328,0.000376,0,0.004472,0.000164,0,0.001714
"PH_KC_5.sorted.bam","5","KC",0.000538,0,0.003949,0.000558,0,0.004081,0.000521,0,0.003678,0.997915,0.991004,0.999991,0.000468,0,0.003542,0.00016,0,0.001899,0.000143,0,0.001741,0.000211,0,0.002666,0.000141,0,0.001494,0.000113,0,0.001305,0.00013,0,0.001602,0.000335,0,0.003953,0.00029,0,0.003549,0.000365,0,0.004003,0.997325,0.987766,0.999989,0.000137,0,0.001435,0.000148,0,0.00186,0.000161,0,0.001936,0.000188,0,0.001943,0.000151,0,0.001741
"PH_KC_6.sorted.bam","6","KC",0.000953,0,0.006529,0.001657,0,0.011736,0.001488,0,0.009906,0.994835,0.979785,0.999977,0.001067,0,0.007287,0.000318,0,0.003909,0.000379,0,0.005419,0.000619,0,0.00864,0.000286,0,0.003634,0.000709,0,0.008604,0.000454,0,0.005387,0.000372,0,0.004451,0.000651,0,0.007016,0.000708,0,0.008874,0.993709,0.975581,0.999972,0.000234,0,0.002724,0.000336,0,0.004028,0.000366,0,0.00415,0.00052,0,0.006626,0.000339,0,0.004167
"PH_KC_7.sorted.bam","7","KC",0.000482,0,0.003497,0.000603,0,0.004765,0.000446,0,0.003486,0.998005,0.990528,0.999995,0.000464,0,0.0035,0.000164,0,0.001857,0.000158,0,0.001889,0.000252,0,0.003038,0.000132,0,0.001492,0.000164,0,0.001784,0.000158,0,0.001816,0.000195,0,0.002271,0.000246,0,0.002848,0.000173,0,0.001942,0.997591,0.988468,0.999994,0.00015,0,0.001707,0.000134,0,0.001683,0.000107,0,0.00121,0.000215,0,0.002084,0.00016,0,0.001876
"PH_KC_8.sorted.bam","8","KC",0.061719,0.036641,0.086913,0.032733,7.1e-05,0.066859,0.329929,0.279904,0.38021,0.495534,0.472372,0.50043,0.080085,0.047854,0.117834,7.8e-05,0,0.000915,0.003744,0,0.03801,0.000247,0,0.00301,0.000351,0,0.003563,0.000969,0,0.012689,0.000223,0,0.002533,0.118924,0.063935,0.170742,0.057352,0,0.130408,0.657803,0.557386,0.757051,0.000262,0,0.003135,0.000265,0,0.003215,0.002908,0,0.033851,0.000289,0,0.003159,0.156464,0.084359,0.232194,0.000122,0,0.001515
"PH_KC_9.sorted.bam","9","KC",0.006716,0,0.024825,0.023993,8e-06,0.057793,0.028656,8e-06,0.06896,0.937376,0.900913,0.972944,0.003259,0,0.018997,0.001525,0,0.014787,0.001711,0,0.020942,0.002361,0,0.024655,0.002641,0,0.029265,0.012988,0,0.0707,0.001249,0,0.015232,0.00516,0,0.041723,0.026911,0,0.109067,0.037901,0,0.130377,0.901376,0.821903,0.963613,0.000869,0,0.009934,0.001655,0,0.020676,0.001285,0,0.01572,0.002027,0,0.022566,0.000341,0,0.004027
"PH_MC_10.sorted.bam","10","MC",0.004111,0,0.029547,0.352472,0.296542,0.409107,0.352973,0.270685,0.431584,0.00215,0,0.013885,0.288294,0.230411,0.348425,0.000422,0,0.004708,0.001707,0,0.02056,0.024546,0,0.129778,0.004405,0,0.053665,0.387044,0,0.735656,0.153549,0,0.418847,0.000559,0,0.005961,0.001156,0,0.015284,0.000882,0,0.009999,0.000472,0,0.005693,0.000708,0,0.008553,0.265946,0,0.63562,0.006518,0,0.085841,0.00076,0,0.008721,0.151328,0,0.333767
"PH_MC_11.sorted.bam","11","MC",0.004054,0,0.022366,0.302213,0.255214,0.354221,0.389521,0.321742,0.459144,0.006934,0,0.037603,0.297277,0.25069,0.346295,0.00153,0,0.01638,0.000922,0,0.011459,0.022053,0,0.123648,0.001269,0,0.015918,0.001039,0,0.013338,0.374293,0.228117,0.455155,0.001666,0,0.022687,0.001536,0,0.017922,0.003486,0,0.042288,0.002209,0,0.022631,0.001192,0,0.014082,0.556823,0.392013,0.6512,0.024662,0,0.237838,0.002762,0,0.033817,0.004558,0,0.049075
"PH_MC_12.sorted.bam","12","MC",0.004369,0,0.030122,0.371585,0.302317,0.439957,0.287075,0.197951,0.375233,0.005661,0,0.035124,0.331309,0.262874,0.399973,0.000714,0,0.008016,0.002438,0,0.026201,0.332462,0.196494,0.43248,0.002357,0,0.034494,0.003395,0,0.042051,0.198038,0,0.365594,0.000882,0,0.011024,0.003129,0,0.036253,0.004002,0,0.048666,0.000887,0,0.010334,0.001634,0,0.020192,0.069284,0,0.295829,0.16832,0,0.537167,0.001534,0,0.016326,0.210923,0.053663,0.361419
"PH_MC_5.sorted.bam","5","MC",0.003385,0,0.019685,0.343259,0.292208,0.39525,0.32927,0.260479,0.389385,0.010846,0,0.046406,0.31324,0.261775,0.368649,0.001542,0,0.01528,0.000465,0,0.00489,0.019654,0,0.119577,0.000978,0,0.011904,0.534122,0.323055,0.698267,0.010311,0,0.134983,0.000914,0,0.011753,0.001462,0,0.01659,0.00782,0,0.07219,0.00187,0,0.022817,0.001327,0,0.017402,0.111161,0,0.360735,0.094997,0,0.333486,0.007755,0,0.062429,0.205619,0,0.349287
"PH_MC_6.sorted.bam","6","MC",0.003679,0,0.02095,0.353064,0.299336,0.409838,0.30979,0.241058,0.375587,0.014216,0,0.050468,0.319251,0.267208,0.374893,0.000609,0,0.007839,0.001482,0,0.018846,0.145984,0,0.300521,0.001851,0,0.02212,0.171701,0,0.65863,0.146263,0,0.339864,0.001691,0,0.021672,0.010048,0,0.079677,0.003812,0,0.042207,0.002122,0,0.023429,0.001117,0,0.013582,0.23093,0,0.473469,0.14969,0,0.462494,0.008638,0,0.074873,0.124064,0,0.345412
"PH_MC_7.sorted.bam","7","MC",0.002901,0,0.019603,0.216906,0.163099,0.276014,0.32715,0.255032,0.430469,0.15706,0.10032,0.207466,0.295984,0.225947,0.351936,0.00034,0,0.004139,0.001772,0,0.022295,0.001398,0,0.019108,0.001321,0,0.01779,0.063778,0,0.296897,0.02897,0,0.185742,0.001085,0,0.013804,0.014617,0,0.150608,0.295475,0.09908,0.409912,0.000417,0,0.005284,0.000944,0,0.011629,0.350848,0.085749,0.507688,0.235785,0.053891,0.427391,0.002108,0,0.029363,0.001141,0,0.013848
"PH_MC_8.sorted.bam","8","MC",0.007067,0,0.037812,0.297513,0.237538,0.358589,0.363978,0.308974,0.461403,0.004391,0,0.026802,0.327052,0.256853,0.375286,0.000936,0,0.011693,0.005268,0,0.053472,0.280876,0.165404,0.353989,0.003969,0,0.045888,0.008509,0,0.113678,0.065675,0,0.335232,0.001765,0,0.020569,0.002138,0,0.025587,0.001402,0,0.015215,0.001171,0,0.015272,0.00126,0,0.014657,0.017358,0,0.210579,0.582726,0.085538,0.731283,0.001135,0,0.015645,0.025812,0,0.219782
"PH_MC_9.sorted.bam","9","MC",0.006434,0,0.031693,0.290605,0.22175,0.358497,0.39853,0.316668,0.480619,0.030214,0.000134,0.072473,0.274217,0.210758,0.341297,0.001247,0,0.014673,0.002444,0,0.029408,0.185149,0,0.343601,0.001435,0,0.01773,0.120842,0,0.527316,0.315268,0.04857,0.468132,0.004908,0,0.04399,0.026682,0,0.127964,0.010059,0,0.086758,0.004173,0,0.041957,0.001589,0,0.020646,0.060944,0,0.293182,0.034188,0,0.2888,0.010432,0,0.094697,0.220641,0.060941,0.322849
"PH_ML_10.sorted.bam","10","ML",0.01669,2e-06,0.041142,0.079548,0.040789,0.121466,0.006354,0,0.036681,0.893176,0.854258,0.929429,0.004231,0,0.021949,0.00931,0,0.037255,0.004435,0,0.053152,0.00201,0,0.026839,0.002968,0,0.033176,0.00292,0,0.037217,0.00162,0,0.020876,0.004172,0,0.040247,0.146588,0.045839,0.234921,0.002797,0,0.038688,0.815532,0.737298,0.891582,0.003185,0,0.033274,0.001133,0,0.014818,0.000784,0,0.00902,0.001731,0,0.020327,0.000814,0,0.00983
"PH_ML_11.sorted.bam","11","ML",0.001393,0,0.01042,0.011954,0,0.046369,0.00413,0,0.023833,0.979585,0.942489,0.999794,0.002938,0,0.017481,0.000218,0,0.002411,0.000953,0,0.012199,0.005825,0,0.039627,0.000512,0,0.005074,0.003446,0,0.034524,0.000943,0,0.012265,0.000573,0,0.006075,0.006272,0,0.060111,0.001842,0,0.024614,0.974625,0.923134,0.999723,0.000312,0,0.003866,0.001587,0,0.019446,0.000574,0,0.007042,0.001233,0,0.014547,0.001084,0,0.013041
"PH_ML_12.sorted.bam","12","ML",0.001335,0,0.009462,0.006864,0,0.030956,0.004631,0,0.025074,0.985166,0.954181,0.999882,0.002005,0,0.012302,0.000255,0,0.003013,0.001049,0,0.012198,0.001799,0,0.020422,0.000411,0,0.005108,0.003512,0,0.030166,0.001463,0,0.018799,0.000392,0,0.005014,0.004271,0,0.044343,0.001617,0,0.023904,0.981787,0.939131,0.999866,0.000307,0,0.003312,0.001297,0,0.015126,0.000795,0,0.010082,0.000479,0,0.006471,0.000566,0,0.00685
"PH_ML_1.sorted.bam","1","ML",0.001711,0,0.011737,0.059289,0.01477,0.096769,0.013943,0,0.064372,0.922863,0.885699,0.954844,0.002194,0,0.014392,0.000212,0,0.002363,0.001084,0,0.012155,0.002634,0,0.02947,0.000801,0,0.009573,0.006588,0,0.068057,0.000853,0,0.011253,0.000751,0,0.008904,0.104553,0,0.189319,0.018141,0,0.121568,0.860357,0.779621,0.929703,0.000363,0,0.00472,0.001083,0,0.013862,0.00065,0,0.007713,0.001567,0,0.018719,0.000362,0,0.004005
"PH_ML_2.sorted.bam","2","ML",0.004195,0,0.020876,0.010943,0,0.045015,0.007803,0,0.041284,0.974876,0.932794,0.999558,0.002183,0,0.01356,0.001402,0,0.014709,0.00192,0,0.022316,0.003063,0,0.033228,0.001467,0,0.016389,0.001757,0,0.018194,0.001981,0,0.023027,0.001612,0,0.019851,0.010988,0,0.074992,0.007569,0,0.074984,0.964324,0.885043,0.999424,0.000587,0,0.007537,0.001095,0,0.0136,0.000851,0,0.011268,0.000935,0,0.011309,0.000448,0,0.005312
"PH_ML_3.sorted.bam","3","ML",0.000814,0,0.005671,0.004005,0,0.023604,0.001135,0,0.007965,0.992979,0.972584,0.999972,0.001068,0,0.007469,0.000167,0,0.001896,0.000398,0,0.004391,0.00109,0,0.014038,0.00026,0,0.002824,0.000518,0,0.005925,0.000239,0,0.002816,0.000424,0,0.005151,0.004394,0,0.041086,0.000734,0,0.008308,0.989898,0.953742,0.999963,0.000212,0,0.002527,0.00052,0,0.005873,0.000279,0,0.003178,0.000609,0,0.007858,0.000257,0,0.002846
"PH_ML_4.sorted.bam","4","ML",0.010035,0,0.028248,0.010406,0,0.036744,0.005322,0,0.025114,0.968306,0.935665,0.995137,0.005931,0,0.025117,0.00116,0,0.012842,0.007551,0,0.043727,0.003293,0,0.032093,0.002752,0,0.027518,0.00293,0,0.032846,0.001348,0,0.015679,0.00447,0,0.038685,0.002841,0,0.032151,0.001078,0,0.014304,0.962193,0.918748,0.994265,0.002977,0,0.027015,0.000903,0,0.011738,0.001188,0,0.015143,0.003836,0,0.036707,0.001479,0,0.016169
"PH_ML_5.sorted.bam","5","ML",0.001391,0,0.00892,0.002426,0,0.015568,0.001851,0,0.0128,0.993092,0.974379,0.999964,0.00124,0,0.008253,0.000303,0,0.003627,0.000562,0,0.00669,0.001144,0,0.012302,0.000348,0,0.004609,0.00063,0,0.007691,0.000542,0,0.006162,0.000938,0,0.010449,0.001011,0,0.012917,0.001153,0,0.014692,0.991212,0.965803,0.999955,0.000329,0,0.00421,0.000361,0,0.004264,0.000487,0,0.005961,0.000657,0,0.008431,0.000323,0,0.003888
"PH_ML_6.sorted.bam","6","ML",0.002276,0,0.01361,0.005022,0,0.028267,0.003614,0,0.023045,0.987605,0.959779,0.999934,0.001484,0,0.009447,0.000517,0,0.005724,0.000828,0,0.010792,0.000944,0,0.012351,0.000987,0,0.012695,0.001269,0,0.016777,0.000815,0,0.010015,0.001128,0,0.013698,0.005523,0,0.050903,0.002694,0,0.032764,0.982768,0.936546,0.999922,0.000573,0,0.007138,0.000537,0,0.006763,0.000646,0,0.007925,0.000329,0,0.003755,0.000442,0,0.005478
"PH_ML_8.sorted.bam","8","ML",0.04505,0.020408,0.071818,0.067461,0.024027,0.114,0.097458,0.039868,0.155442,0.706092,0.664302,0.749292,0.083939,0.043138,0.125963,0.000223,0,0.002527,0.000759,0,0.008838,0.000335,0,0.004216,0.000342,0,0.004558,0.000725,0,0.009691,0.000286,0,0.003295,0.088272,0.036559,0.142108,0.132317,0.045914,0.225159,0.193001,0.077952,0.309438,0.416086,0.333881,0.502288,0.000279,0,0.003298,0.00045,0,0.005142,0.000278,0,0.003212,0.166422,0.083325,0.250407,0.000224,0,0.002431
"PH_OF_10.sorted.bam","10","OF",0.082575,0.049955,0.11578,0.002088,0,0.012908,0.823318,0.770599,0.877792,0.002434,0,0.015551,0.089585,0.04455,0.136911,0.000514,0,0.00587,0.000551,0,0.006596,0.000393,0,0.004811,0.153008,0.000125,0.228183,0.001551,0,0.019452,0.666941,0.553412,0.817461,0.001192,0,0.014614,0.000574,0,0.006978,0.001722,0,0.020212,0.000287,0,0.003523,0.009371,0,0.126451,0.000713,0,0.008452,0.156472,0,0.267935,0.000804,0,0.010028,0.005905,0,0.063691
"PH_OF_11.sorted.bam","11","OF",0.088232,0.053928,0.123787,0.009395,0,0.039358,0.81055,0.74753,0.873914,0.013025,0,0.046976,0.078799,0.009372,0.133695,0.002242,0,0.025406,0.002284,0,0.0285,0.006013,0,0.03426,0.165416,0.07727,0.239078,0.000627,0,0.006296,0.681752,0.556602,0.798245,0.002781,0,0.035082,0.001854,0,0.02215,0.009003,0,0.068759,0.001009,0,0.012903,0.001501,0,0.017116,0.001998,0,0.02701,0.082549,0,0.234872,0.010393,0,0.076196,0.030578,0,0.118791
"PH_OF_12.sorted.bam","12","OF",0.075696,0.040772,0.113412,0.002069,0,0.014484,0.840456,0.780661,0.895494,0.041032,0.014587,0.0709,0.040747,7e-06,0.087435,0.001057,0,0.012238,0.001,0,0.011157,0.000491,0,0.006077,0.119735,0,0.217434,0.00114,0,0.014974,0.751058,0.609534,0.851537,0.005836,0,0.077801,0.000406,0,0.004691,0.034316,0,0.131198,0.007046,0,0.045509,0.022707,0,0.135051,0.000611,0,0.007603,0.023605,0,0.15731,0.027413,0,0.108948,0.003578,0,0.041003
"PH_OF_3.sorted.bam","3","OF",0.103402,0.070953,0.139338,0.003766,0,0.026092,0.80551,0.745067,0.862711,0.02101,0,0.061251,0.066312,0.018386,0.118162,0.001092,0,0.013008,0.001182,0,0.012923,0.000617,0,0.007343,0.183278,0.077522,0.26795,0.001084,0,0.012049,0.661869,0.542003,0.789228,0.012582,0,0.084873,0.001631,0,0.020331,0.006883,0,0.07046,0.002773,0,0.028401,0.007578,0,0.10005,0.002403,0,0.032598,0.096036,0,0.2218,0.015378,0,0.101735,0.005615,0,0.065135
"PH_OF_4.sorted.bam","4","OF",0.064237,0.029518,0.100324,0.001987,0,0.012774,0.894523,0.835301,0.943498,0.008339,0,0.032925,0.030914,0,0.08791,0.006225,0,0.04759,0.000752,0,0.01033,0.00027,0,0.003362,0.098999,0,0.194711,0.000881,0,0.012312,0.827445,0.709165,0.907241,0.001556,0,0.020742,0.000911,0,0.011341,0.004377,0,0.041144,0.000365,0,0.004465,0.014717,0,0.109371,0.00089,0,0.011055,0.029898,0,0.159244,0.009105,0,0.060221,0.00361,0,0.042477
"PH_OF_5.sorted.bam","5","OF",0.068039,0.035923,0.097418,0.002956,0,0.020665,0.830247,0.77113,0.884714,0.017063,0,0.050136,0.081696,0.048228,0.134409,0.002123,0,0.025295,8e-04,0,0.008112,0.000398,0,0.005043,0.00123,0,0.013934,0.000938,0,0.012681,0.819273,0.736731,0.88297,0.003711,0,0.038971,0.001579,0,0.018934,0.007118,0,0.061282,0.003961,0,0.033986,0.12609,0.038723,0.188401,0.0018,0,0.020516,0.012661,0,0.11628,0.013796,0,0.079812,0.004522,0,0.059263
"PH_OF_6.sorted.bam","6","OF",0.149874,0.114562,0.186374,0.002892,0,0.020094,0.582235,0.498955,0.647335,0.106005,0.068849,0.14697,0.158995,0.106027,0.216664,0.000124,0,0.001305,0.001131,0,0.012887,0.00018,0,0.002195,0.296137,0.223163,0.371271,0.00264,0,0.031849,0.171375,0,0.303515,0.001762,0,0.020627,0.00047,0,0.00564,0.208545,0.131914,0.291429,0.000172,0,0.00203,0.000469,0,0.004601,0.001182,0,0.015074,0.314397,0.205836,0.430384,0.000888,0,0.010537,0.000527,0,0.00611
"PH_OF_7.sorted.bam","7","OF",0.138689,0.106079,0.172827,0.012513,0,0.048312,0.494475,0.465631,0.504676,0.072868,0.040473,0.104802,0.281455,0.240313,0.32185,6.7e-05,0,0.000711,0.004186,0,0.044432,0.000122,0,0.001436,0.271484,0.201163,0.341223,0.017756,0,0.09374,0.001383,0,0.016469,0.001267,0,0.01603,0.000312,0,0.003521,0.140591,0.069496,0.205389,9.6e-05,0,0.001103,0.000308,0,0.003529,0.002528,0,0.031473,0.556355,0.473657,0.635433,0.003373,0,0.040421,0.000173,0,0.002115
"PH_PC_10.sorted.bam","10","PC",0.002688,0,0.016497,0.024857,0,0.076457,0.967187,0.91495,0.999519,0.002972,0,0.019178,0.002296,0,0.014372,0.000195,0,0.002347,0.002517,0,0.028669,0.007811,0,0.051931,0.000791,0,0.009101,0.028098,0,0.147435,0.951624,0.840707,0.999395,0.000873,0,0.010578,0.002384,0,0.030755,0.001017,0,0.011194,0.000624,0,0.007902,0.000806,0,0.010357,0.001093,0,0.013323,0.001219,0,0.014117,0.000423,0,0.004932,0.000525,0,0.006239
"PH_PC_11.sorted.bam","11","PC",0.001803,0,0.011206,0.034028,3e-06,0.078471,0.93716,0.880743,0.986511,0.012146,0,0.040413,0.014863,0,0.051705,0.00014,0,0.001581,0.001124,0,0.01407,0.01912,0,0.06893,0.00058,0,0.00669,0.006547,0,0.085167,0.926023,0.839053,0.981998,0.000979,0,0.012369,0.007741,0,0.057848,0.008484,0,0.06957,0.000434,0,0.005211,0.000645,0,0.00799,0.014403,0,0.085722,0.006664,0,0.071222,0.006219,0,0.046308,0.000897,0,0.010926
"PH_PC_12.sorted.bam","12","PC",0.002251,0,0.013261,0.035317,0.002275,0.075214,0.939298,0.890961,0.984879,0.004643,0,0.025781,0.018491,0,0.051184,0.000306,0,0.003523,0.001038,0,0.01256,0.010717,0,0.061641,0.001203,0,0.014778,0.026717,0,0.134155,0.920122,0.832525,0.983887,0.000472,0,0.005489,0.004842,0,0.042764,0.001136,0,0.013833,0.000763,0,0.009523,0.001176,0,0.014752,0.016602,0,0.084419,0.009296,0,0.080103,0.00131,0,0.016963,0.004299,0,0.03546
"PH_PC_1.sorted.bam","1","PC",0.001891,0,0.012044,0.023497,0,0.076198,0.946367,0.892513,0.994771,0.018893,0,0.054697,0.009353,0,0.037202,0.000252,0,0.003116,0.000926,0,0.011562,0.002366,0,0.02822,0.000834,0,0.009404,0.029212,0,0.14492,0.920174,0.819973,0.993372,0.001089,0,0.012707,0.006832,0,0.061878,0.019484,0,0.102666,0.000662,0,0.0085,0.000429,0,0.004399,0.005291,0,0.048069,0.002856,0,0.031718,0.009057,0,0.058885,0.000536,0,0.006606
"PH_PC_2.sorted.bam","2","PC",0.001581,0,0.010244,0.060013,0.021774,0.105907,0.920715,0.869201,0.964475,0.005615,0,0.02808,0.012076,0,0.052488,0.000277,0,0.003545,0.000956,0,0.011068,0.000884,0,0.011381,0.000853,0,0.009541,0.101099,0,0.207219,0.866906,0.768682,0.944527,0.000458,0,0.005733,0.002889,0,0.029172,0.001996,0,0.024056,0.000389,0,0.004327,0.00034,0,0.004272,0.013316,0,0.098361,0.003672,0,0.041756,0.005109,0,0.045694,0.000857,0,0.010207
"PH_PC_3.sorted.bam","3","PC",0.011409,0,0.043054,0.087969,0.04529,0.128999,0.705226,0.647632,0.763938,0.004399,0,0.033646,0.190997,0.147956,0.236273,9.1e-05,0,0.00101,0.001403,0,0.017848,0.000186,0,0.002073,0.019332,0,0.08345,0.172652,0.084835,0.256837,0.417131,0.301482,0.533133,0.001377,0,0.016969,0.000607,0,0.007645,0.005298,0,0.063608,0.000137,0,0.001673,0.000523,0,0.005946,0.000904,0,0.010998,0.378907,0.289349,0.469896,0.001243,0,0.015996,0.000208,0,0.002468
"PH_PC_4.sorted.bam","4","PC",0.002663,0,0.015037,0.090212,0.043739,0.134316,0.82084,0.760763,0.877794,0.030202,0.000305,0.060605,0.056084,0.01914,0.102837,9.6e-05,0,0.001106,0.000966,0,0.012454,0.000511,0,0.006221,0.001715,0,0.017271,0.176366,0.081459,0.26558,0.678273,0.538804,0.813243,0.001721,0,0.020938,0.000926,0,0.010319,0.02751,0,0.108632,0.000245,0,0.002802,0.00073,0,0.008911,0.001143,0,0.013263,0.079542,0,0.198121,0.029756,0,0.106881,0.000498,0,0.005882
"PH_PC_5.sorted.bam","5","PC",0.002903,0,0.019151,0.019017,0,0.059781,0.912318,0.855852,0.958885,0.053136,0.019102,0.089818,0.012626,0,0.047479,0.000539,0,0.006466,0.001087,0,0.013281,0.001263,0,0.017047,0.001612,0,0.020144,0.013579,0,0.10189,0.856222,0.758409,0.937865,0.000846,0,0.011136,0.008457,0,0.07551,0.093239,0,0.175236,0.000369,0,0.004491,0.001182,0,0.014575,0.012386,0,0.076184,0.003763,0,0.047067,0.00299,0,0.033647,0.002466,0,0.030884
"PH_PC_6.sorted.bam","6","PC",0.001331,0,0.008923,0.069871,0.034725,0.111863,0.904279,0.847443,0.953052,0.006465,0,0.034253,0.018053,0,0.060255,0.00024,0,0.003027,0.000714,0,0.008857,0.056268,0,0.10539,0.000469,0,0.005626,0.008304,0,0.100485,0.895816,0.810443,0.951969,0.000514,0,0.006396,0.001945,0,0.024472,0.002739,0,0.028015,0.000581,0,0.007619,0.000486,0,0.00489,0.016243,0,0.105812,0.005415,0,0.059892,0.00657,0,0.059899,0.003696,0,0.035408
"PH_PC_7.sorted.bam","7","PC",0.116649,0.085874,0.148411,0.165529,0.126786,0.20774,0.493289,0.456798,0.502977,0.168798,0.130208,0.208366,0.055735,0.01213,0.097823,6.4e-05,0,0.000709,0.002303,0,0.028691,0.000169,0,0.00185,0.229596,0.166981,0.294343,0.326503,0.243341,0.412651,0.000881,0,0.010296,0.000887,0,0.010154,0.000449,0,0.005044,0.327762,0.24499,0.407149,0.00012,0,0.001348,0.000383,0,0.003827,0.001466,0,0.015273,0.100954,0,0.19101,0.008256,0,0.083962,0.000206,0,0.002596
"PH_PC_8.sorted.bam","8","PC",0.002253,0,0.01344,0.057436,0.022827,0.093821,0.874949,0.822007,0.925416,0.005514,0,0.028676,0.059848,0.02278,0.09936,0.000301,0,0.003787,0.001967,0,0.020443,0.029364,0,0.082225,0.000571,0,0.006169,0.002028,0,0.029861,0.839571,0.743051,0.917312,0.000513,0,0.00664,0.004001,0,0.039855,0.00235,0,0.025592,0.000538,0,0.007118,0.000851,0,0.010382,0.04815,0,0.154126,0.065807,0,0.18358,0.003089,0,0.038145,0.000899,0,0.01121
"PH_PC_9.sorted.bam","9","PC",0.000845,0,0.006188,0.049911,0.012516,0.091266,0.929242,0.877231,0.977304,0.006765,0,0.033917,0.013236,0,0.054781,0.000142,0,0.001625,0.000334,0,0.003244,0.025284,0,0.075641,0.000315,0,0.003644,0.039724,0,0.161826,0.901491,0.799316,0.974621,0.000379,0,0.003873,0.00586,0,0.056033,0.004184,0,0.042946,0.000691,0,0.008375,0.000379,0,0.004496,0.003337,0,0.040403,0.011279,0,0.097167,0.001725,0,0.02151,0.004876,0,0.040154
"PH_PM_10.sorted.bam","10","PM",0.993236,0.974679,0.999968,0.000684,0,0.004952,0.001137,0,0.008362,0.001116,0,0.007849,0.003827,0,0.022047,0.992714,0.974164,0.999955,0.000171,0,0.002134,0.000253,0,0.003082,0.000254,0,0.003052,0.000222,0,0.002469,0.000551,0,0.007168,0.000306,0,0.003326,0.000214,0,0.00249,0.000261,0,0.003108,0.000558,0,0.006615,0.000314,0,0.003435,0.000255,0,0.002867,0.000434,0,0.005355,0.000334,0,0.003993,0.003158,0,0.021855
"PH_PM_11.sorted.bam","11","PM",0.954454,0.926675,0.98114,0.001358,0,0.009947,0.034696,0.005669,0.066816,0.005312,0,0.024225,0.00418,0,0.027044,0.952082,0.920793,0.980119,0.000588,0,0.007202,0.000272,0,0.002832,0.002532,0,0.033994,0.000569,0,0.006703,0.028638,0,0.06536,0.001027,0,0.013089,0.000598,0,0.007473,0.005084,0,0.041584,0.001827,0,0.016887,0.000598,0,0.007824,0.000418,0,0.004631,0.003932,0,0.041425,0.000259,0,0.002927,0.001576,0,0.019402
"PH_PM_12.sorted.bam","12","PM",0.979732,0.956992,0.998537,0.000795,0,0.005153,0.001787,0,0.010857,0.003623,0,0.019579,0.014062,0,0.039288,0.978935,0.955927,0.998355,0.00019,0,0.002217,0.000221,0,0.002643,0.000465,0,0.00578,0.000263,0,0.002965,0.000598,0,0.007257,0.000313,0,0.003662,0.000322,0,0.004009,0.000711,0,0.009794,0.002514,0,0.018965,0.000626,0,0.007749,0.000373,0,0.004529,0.00094,0,0.011516,0.000871,0,0.01197,0.012657,0,0.038427
"PH_PM_1.sorted.bam","1","PM",0.953291,0.92667,0.977271,0.006761,0,0.028049,0.027008,3e-05,0.059893,0.003567,0,0.018561,0.009373,0,0.036148,0.950873,0.918701,0.976217,0.000526,0,0.005846,0.003609,0,0.026094,0.001311,0,0.014191,0.003806,0,0.032514,0.020511,0,0.058534,0.001063,0,0.013136,0.001099,0,0.013829,0.001473,0,0.0184,0.001076,0,0.013002,0.001935,0,0.023307,0.000872,0,0.009944,0.006404,0,0.04595,0.001346,0,0.017968,0.004094,0,0.033154
"PH_PM_2.sorted.bam","2","PM",0.845099,0.816601,0.873295,0.034709,5e-05,0.065072,0.011239,0,0.057351,0.060601,0.034233,0.088388,0.048353,0.007577,0.082677,0.694162,0.636544,0.750016,0.06755,0,0.128215,0.000277,0,0.003256,0.020202,0,0.11332,0.000476,0,0.00586,4e-04,0,0.004776,0.119673,0.066418,0.175172,0.00036,0,0.004118,0.000306,0,0.003466,0.000204,0,0.002311,0.094449,0.012288,0.162833,0.000479,0,0.00523,0.000693,0,0.008612,0.000454,0,0.005205,0.000315,0,0.00366
"PH_PM_3.sorted.bam","3","PM",0.986853,0.963421,0.999829,0.001647,0,0.010273,0.001321,0,0.009181,0.002454,0,0.014441,0.007725,0,0.031868,0.985878,0.961523,0.999796,0.000285,0,0.003148,0.000486,0,0.006101,0.00027,0,0.003082,0.000328,0,0.004006,0.000397,0,0.005013,0.00026,0,0.002892,0.000549,0,0.006911,0.000376,0,0.004198,0.001099,0,0.012503,0.001136,0,0.013184,0.00116,0,0.014049,0.000874,0,0.01148,0.001525,0,0.015321,0.005378,0,0.030787
"PH_PM_4.sorted.bam","4","PM",0.973863,0.949658,0.995838,0.004553,0,0.021673,0.002217,0,0.014542,0.001811,0,0.0117,0.017556,1e-06,0.045306,0.972314,0.946284,0.995429,0.000689,0,0.007901,0.001735,0,0.019182,0.000521,0,0.006111,0.000763,0,0.009322,0.000913,0,0.010864,0.000344,0,0.003795,0.000809,0,0.010865,0.000293,0,0.003527,0.000627,0,0.008024,0.001545,0,0.019623,0.003376,0,0.029469,0.001032,0,0.013499,0.000923,0,0.01158,0.014118,0,0.044201
"PH_PM_6.sorted.bam","6","PM",0.992874,0.976302,0.999952,0.001068,0,0.006825,0.001229,0,0.008414,0.002848,0,0.015874,0.00198,0,0.014907,0.99234,0.975594,0.999944,0.000171,0,0.001887,0.000364,0,0.004909,0.000342,0,0.003755,0.000257,0,0.003147,0.000459,0,0.005909,0.000285,0,0.003469,0.000666,0,0.008401,0.00049,0,0.005996,0.0018,0,0.01512,0.00027,0,0.003285,0.000314,0,0.003584,0.000451,0,0.004886,0.000656,0,0.007708,0.001135,0,0.014199
"PH_PM_7.sorted.bam","7","PM",0.992313,0.973783,0.999955,0.001055,0,0.007152,0.001114,0,0.006896,0.001572,0,0.011556,0.003946,0,0.021155,0.991356,0.970873,0.999941,0.000254,0,0.002857,0.000389,0,0.004706,0.000346,0,0.004228,0.000272,0,0.003135,0.000347,0,0.004143,0.000256,0,0.003194,0.000237,0,0.002892,0.000222,0,0.002541,0.000892,0,0.010585,0.001058,0,0.013217,0.000567,0,0.007147,0.000693,0,0.008492,0.000646,0,0.008052,0.002464,0,0.020314
"PH_PM_8.sorted.bam","8","PM",0.977885,0.953596,0.99782,0.001598,0,0.009583,0.002339,0,0.013824,0.01093,1e-06,0.033226,0.007248,0,0.031328,0.976412,0.951345,0.997475,0.000231,0,0.00264,0.000486,0,0.00577,0.000389,0,0.004733,0.000313,0,0.003997,0.000469,0,0.005914,0.001186,0,0.015479,0.001174,0,0.013067,0.001337,0,0.015826,0.008168,0,0.032217,0.001141,0,0.012543,0.000507,0,0.006572,0.001702,0,0.018632,0.001827,0,0.019736,0.00466,0,0.029683
"PH_PM_9.sorted.bam","9","PM",0.49363,0.467642,0.500162,0.017032,0,0.051577,0.298841,0.244067,0.349153,0.071443,0.039325,0.102049,0.119054,0.0804,0.159243,0.000194,0,0.002285,0.028355,0,0.09975,0.000234,0,0.002414,0.593498,0.483969,0.693957,0.001835,0,0.021688,0.000337,0,0.004335,0.13573,0.042379,0.199954,0.000819,0,0.009985,0.000935,0,0.011239,0.000181,0,0.002021,0.229289,0.148809,0.30919,0.002589,0,0.030891,0.00074,0,0.009352,0.00504,0,0.058453,0.000226,0,0.002562
"PH_PR_11.sorted.bam","11","PR",0.200712,0.165091,0.237229,0.001344,0,0.0091,0.113389,0.059914,0.165366,0.001886,0,0.012194,0.68267,0.624792,0.743417,0.003068,0,0.033886,0.000494,0,0.005585,0.000345,0,0.003735,0.004503,0,0.067888,0.00049,0,0.005242,0.087409,0,0.16121,0.000704,0,0.009226,0.000414,0,0.005095,0.000561,0,0.005454,0.000569,0,0.006914,0.389587,0.295551,0.468513,6e-04,0,0.0073,0.046406,0,0.27375,0.000957,0,0.011525,0.463895,0.319815,0.569373
"PH_PR_12.sorted.bam","12","PR",0.16087,0.126312,0.197359,0.002082,0,0.015437,0.065961,0.011477,0.116865,0.014745,0,0.043161,0.756342,0.697445,0.815767,0.015406,0,0.081598,0.000653,0,0.006563,0.000388,0,0.003933,0.018416,0,0.136674,0.001398,0,0.017233,0.019218,0,0.095818,0.002546,0,0.029059,0.000831,0,0.010332,0.013723,0,0.072048,0.004734,0,0.031219,0.269315,0.086033,0.36897,0.000506,0,0.006655,0.059948,0,0.216688,0.002921,0,0.030951,0.589996,0.456195,0.722016
"PH_PR_1.sorted.bam","1","PR",0.14261,0.103413,0.186242,0.001136,0,0.007674,0.115086,0.065376,0.164902,0.001541,0,0.010903,0.739626,0.676793,0.797049,0.002026,0,0.022894,0.000377,0,0.004215,0.000271,0,0.003067,0.104322,0,0.284423,0.000539,0,0.005719,0.021292,0,0.131997,0.000635,0,0.00736,0.000429,0,0.005619,0.00093,0,0.011295,0.000373,0,0.004168,0.175836,0,0.358759,0.000387,0,0.004665,0.081798,0,0.312054,0.000342,0,0.003964,0.610445,0.383254,0.78106
"PH_PR_2.sorted.bam","2","PR",0.154865,0.121507,0.191216,0.001071,0,0.007923,0.151152,0.105891,0.198652,0.001696,0,0.012381,0.691215,0.630029,0.749551,0.001004,0,0.011113,0.000415,0,0.004985,0.000176,0,0.002079,0.288037,0.202008,0.357051,0.000739,0,0.008993,0.001161,0,0.013792,0.000549,0,0.006099,0.000187,0,0.00233,0.000466,0,0.005069,0.000346,0,0.004027,0.018721,0,0.144851,0.00045,0,0.004811,0.010739,0,0.116173,0.001499,0,0.019698,0.675511,0.58747,0.741371
"PH_PR_3.sorted.bam","3","PR",0.227067,0.189438,0.265036,0.001285,0,0.008981,0.091004,0.041544,0.140578,0.001012,0,0.006902,0.679633,0.619216,0.742767,0.005807,0,0.053703,0.000863,0,0.010274,0.000273,0,0.00314,0.020771,0,0.172197,0.000438,0,0.005363,0.00953,0,0.084934,0.000586,0,0.006745,0.000175,0,0.00199,0.000387,0,0.005092,0.000171,0,0.002214,0.4203,0.28001,0.510503,0.000549,0,0.007332,0.141352,0,0.273707,0.000533,0,0.006413,0.398265,0.260825,0.541743
"PH_PR_4.sorted.bam","4","PR",0.195419,0.159074,0.23271,0.004056,0,0.021883,0.017526,0,0.07552,0.00174,0,0.011305,0.781259,0.719782,0.828442,0.000667,0,0.007477,0.002418,0,0.029129,0.000425,0,0.005566,0.004634,0,0.04905,0.001019,0,0.011654,0.002308,0,0.024706,0.000595,0,0.008067,0.000453,0,0.005767,0.001063,0,0.011849,0.000186,0,0.002182,0.381858,0.297342,0.456987,0.003374,0,0.035304,0.023721,0,0.147325,0.000996,0,0.011061,0.576285,0.450332,0.665205
"PH_PR_5.sorted.bam","5","PR",0.186862,0.150341,0.221784,0.001464,0,0.010949,0.099279,0.052493,0.153321,0.001591,0,0.009816,0.710804,0.653138,0.76668,0.001527,0,0.017368,0.000391,0,0.00475,0.00044,0,0.005738,0.174715,0.030456,0.29285,0.000878,0,0.009956,0.007591,0,0.090383,0.000445,0,0.005193,0.000353,0,0.004241,0.00095,0,0.011568,0.000294,0,0.003768,0.195118,0.039721,0.344243,0.000428,0,0.005422,0.006833,0,0.072673,0.000846,0,0.009882,0.609192,0.503894,0.692277
"PH_PR_6.sorted.bam","6","PR",0.189535,0.152667,0.224373,0.00083,0,0.006032,0.068076,0.014463,0.115853,0.000962,0,0.006567,0.740598,0.684518,0.798271,0.001278,0,0.015051,0.000383,0,0.004164,0.000174,0,0.002153,0.010231,0,0.119115,0.000295,0,0.003331,0.015265,0,0.075478,0.000388,0,0.004213,0.000157,0,0.001799,0.000371,0,0.004553,0.000227,0,0.002803,0.36551,0.239318,0.445348,0.000476,0,0.00635,0.094724,0,0.225062,0.000553,0,0.007555,0.509967,0.378834,0.647276
"PH_PR_8.sorted.bam","8","PR",0.159242,0.123555,0.194592,0.001239,0,0.009305,0.097298,0.047054,0.148251,0.002092,0,0.013136,0.740128,0.683369,0.797265,0.007097,0,0.051621,0.000281,0,0.003278,0.000466,0,0.006247,0.008455,0,0.089031,0.000673,0,0.007732,0.056517,0,0.142712,0.0012,0,0.015672,0.000309,0,0.003679,0.000984,0,0.010532,0.000437,0,0.00518,0.294356,0.182323,0.378312,0.000284,0,0.003362,0.071452,0,0.258232,0.000816,0,0.010141,0.556674,0.419034,0.662463
"PH_PT_12.sorted.bam","12","PT",0.01891,6e-06,0.046437,0.097693,0.052341,0.144284,0.489345,0.419978,0.558417,0.004174,0,0.022569,0.389878,0.335588,0.445633,0.004244,0,0.030166,0.008854,0,0.064969,0.001016,0,0.012371,0.010527,0,0.072665,0.027929,0,0.194449,0.432159,0.208156,0.53918,0.002063,0,0.023878,0.000842,0,0.010975,0.001036,0,0.01164,0.000409,0,0.004687,0.007887,0,0.066673,0.15573,0,0.281014,0.07488,0,0.427341,0.003589,0,0.037413,0.268835,0.108838,0.381643
"PH_PT_2.sorted.bam","2","PT",0.007567,0,0.034119,0.058798,0.002778,0.111906,0.519728,0.447098,0.599124,0.003324,0,0.02051,0.410582,0.355536,0.466716,0.001136,0,0.012071,0.004616,0,0.053771,0.027874,0,0.097704,0.004399,0,0.042689,0.021851,0,0.161944,0.356427,0.191007,0.514942,0.001424,0,0.017266,0.001816,0,0.023061,0.000731,0,0.008177,0.000461,0,0.005825,0.002423,0,0.028168,0.033565,0,0.194819,0.299621,0,0.642101,0.001757,0,0.021059,0.241899,0.059768,0.42506
"PH_PT_9.sorted.bam","9","PT",0.004145,0,0.02402,0.074904,0.028534,0.122619,0.502537,0.43535,0.567997,0.004249,0,0.024427,0.414165,0.354581,0.473542,0.001067,0,0.013303,0.001618,0,0.019372,0.005958,0,0.059507,0.001138,0,0.013002,0.036161,0,0.18874,0.480376,0.363492,0.561878,0.000713,0,0.00845,0.001119,0,0.015043,0.002123,0,0.025058,0.001265,0,0.015523,0.002687,0,0.029886,0.098996,0,0.2274,0.004898,0,0.055349,0.002013,0,0.02432,0.359868,0.257136,0.463022
"PH_SB_10.sorted.bam","10","SB",0.02493,2e-06,0.058272,0.239357,0.195508,0.291679,0.620123,0.557775,0.682122,0.073759,0.034836,0.12149,0.041832,0.000214,0.088195,0.000117,0,0.001264,0.014967,0,0.092128,0.000258,0,0.003044,0.026521,0,0.110066,0.458469,0.354035,0.566643,0.302861,0.153914,0.451506,0.006696,0,0.057371,0.000581,0,0.00724,0.10675,0,0.234598,0.000265,0,0.002996,0.001441,0,0.018701,0.00418,0,0.062623,0.042784,0,0.162544,0.03296,0,0.139613,0.00115,0,0.012529
"PH_SB_1.sorted.bam","1","SB",0.188606,0.155322,0.220814,0.080722,0.043537,0.118275,0.499427,0.481966,0.529629,0.008405,0,0.039199,0.22284,0.182221,0.265826,7.6e-05,0,0.000882,0.000635,0,0.00786,0.000172,0,0.001629,0.375573,0.309423,0.440256,0.158483,0.083136,0.235698,0.005146,0,0.064457,0.000593,0,0.006932,0.000569,0,0.006594,0.013143,0,0.075228,0.000114,0,0.001408,0.000259,0,0.002855,0.001411,0,0.019657,0.441362,0.359354,0.524609,0.002277,0,0.027143,0.000185,0,0.002173
"PH_SB_2.sorted.bam","2","SB",0.001592,0,0.010531,0.004853,0,0.031252,0.986379,0.954403,0.999913,0.002621,0,0.018838,0.004555,0,0.025439,0.000412,0,0.005082,0.000926,0,0.010899,0.001988,0,0.023167,0.000576,0,0.006735,0.002527,0,0.031366,0.982538,0.937496,0.999893,0.00043,0,0.005429,0.001245,0,0.015445,0.002005,0,0.027102,0.000441,0,0.004994,0.000429,0,0.005384,0.001033,0,0.013409,0.002574,0,0.027105,0.00068,0,0.008336,0.002197,0,0.021205
"PH_SB_3.sorted.bam","3","SB",0.021309,1e-05,0.057001,0.004404,0,0.026333,0.968457,0.930145,0.998541,0.002529,0,0.014828,0.003302,0,0.02005,0.005418,0,0.033988,0.003869,0,0.040677,0.000685,0,0.008481,0.023787,0,0.10792,0.002044,0,0.025064,0.954106,0.878934,0.998196,0.001956,0,0.020711,0.000748,0,0.008989,0.000981,0,0.011123,0.000351,0,0.004471,0.002171,0,0.02581,0.000777,0,0.010174,0.00189,0,0.022142,0.00067,0,0.007997,0.000547,0,0.0071
"PH_SB_4.sorted.bam","4","SB",0.000918,0,0.006112,0.008716,0,0.036047,0.981822,0.946068,0.999876,0.007154,0,0.029359,0.001389,0,0.00999,0.000212,0,0.002517,0.000509,0,0.005816,0.002442,0,0.025434,0.000318,0,0.003821,0.003463,0,0.045349,0.977157,0.923493,0.999842,0.000387,0,0.00419,0.007408,0,0.045137,0.005134,0,0.045649,0.00049,0,0.006032,0.000199,0,0.002322,0.001168,0,0.014191,0.000415,0,0.004654,0.000399,0,0.004423,0.000299,0,0.003465
"PH_SB_6.sorted.bam","6","SB",0.001067,0,0.00755,0.013482,0,0.06043,0.890928,0.844265,0.93092,0.091621,0.05492,0.130955,0.002901,0,0.019096,0.000112,0,0.001286,0.000545,0,0.006628,0.001513,0,0.017617,0.000502,0,0.005672,0.016503,0,0.113592,0.793524,0.700225,0.872275,0.000601,0,0.007074,0.004548,0,0.060939,0.176299,0.084494,0.259591,0.000317,0,0.003663,0.000262,0,0.003041,0.002342,0,0.030272,0.001504,0,0.017981,0.001161,0,0.014457,0.000267,0,0.003133
"PH_SB_7.sorted.bam","7","SB",0.001793,0,0.011186,0.001864,0,0.011981,0.992359,0.970011,0.99997,0.003036,0,0.0205,0.000948,0,0.006956,0.000233,0,0.002583,0.000791,0,0.01078,0.000403,0,0.004928,0.000966,0,0.012592,0.001005,0,0.011391,0.989516,0.952378,0.999964,0.000947,0,0.011996,0.000795,0,0.009659,0.003439,0,0.03755,0.000295,0,0.003499,0.000416,0,0.004951,0.00033,0,0.004339,0.000277,0,0.003135,3e-04,0,0.003444,0.000286,0,0.003312
"PH_SB_9.sorted.bam","9","SB",0.017908,0,0.047373,0.089065,0.0321,0.136597,0.717337,0.644573,0.788569,0.041706,0.003041,0.080743,0.133984,0.078989,0.182729,9.1e-05,0,0.000988,0.005905,0,0.057913,0.000447,0,0.005043,0.026773,0,0.092507,0.146743,0,0.26813,0.47166,0.29655,0.717067,0.002085,0,0.025002,0.000618,0,0.00739,0.077803,0,0.158992,0.000192,0,0.002118,0.000872,0,0.011477,0.023971,0,0.201394,0.240036,0,0.359542,0.002522,0,0.028136,0.000284,0,0.003447
"PH_SC_10.sorted.bam","10","SC",0.221973,0.186552,0.257122,0.048176,0.017585,0.08299,0.452148,0.396255,0.498386,0.031982,0.006642,0.061407,0.245721,0.193575,0.29518,0.000229,0,0.002674,0.021037,0,0.119333,0.000491,0,0.006257,0.402158,0.286661,0.496191,0.048852,0,0.139202,0.00322,0,0.039029,0.019204,0,0.094384,0.005585,0,0.059702,0.008368,0,0.079024,0.000347,0,0.004573,0.001087,0,0.012809,0.019896,0,0.120059,0.438478,0.30883,0.553167,0.030114,0,0.112706,0.000933,0,0.008095
"PH_SC_11.sorted.bam","11","SC",0.245763,0.206461,0.284196,0.001098,0,0.008,0.523314,0.458818,0.58385,0.00128,0,0.008868,0.228545,0.167719,0.289393,0.001165,0,0.012824,0.000379,0,0.003869,0.000335,0,0.003948,0.466399,0.290011,0.559461,0.000456,0,0.005413,0.126467,0,0.323714,0.000439,0,0.005054,0.000262,0,0.002969,0.000674,0,0.008413,0.000277,0,0.003307,0.021978,0,0.189046,0.000428,0,0.004833,0.326164,0,0.5436,0.000632,0,0.007815,0.053945,0,0.247572
"PH_SC_12.sorted.bam","12","SC",0.259743,0.222144,0.297079,0.000966,0,0.006684,0.615813,0.56368,0.668403,0.00136,0,0.009621,0.122119,0.070798,0.171736,0.054916,0,0.124386,0.000268,0,0.002853,0.000264,0,0.003107,0.329324,0.132636,0.471064,0.000434,0,0.004918,0.398234,0.236006,0.549248,0.000601,0,0.00758,0.000247,0,0.002827,0.000754,0,0.009637,0.000291,0,0.003786,0.079462,0,0.289308,0.000454,0,0.005051,0.104647,0,0.315738,0.000535,0,0.006599,0.02957,0,0.152784
"PH_SC_1.sorted.bam","1","SC",0.228159,0.189798,0.264748,0.000774,0,0.005869,0.541763,0.488809,0.593749,0.001081,0,0.007567,0.228223,0.176285,0.287466,0.00238,0,0.029093,0.000386,0,0.004657,0.000132,0,0.001417,0.151943,0,0.354152,0.000316,0,0.003554,0.391417,0.184152,0.577255,0.000605,0,0.007253,0.000227,0,0.002599,0.000526,0,0.006042,0.000245,0,0.002762,0.298623,0.106613,0.47085,0.000354,0,0.004108,0.147909,0,0.36444,0.000314,0,0.003921,0.004623,0,0.060409
"PH_SC_2.sorted.bam","2","SC",0.242168,0.202132,0.282736,0.00098,0,0.007183,0.551062,0.493983,0.608665,0.000924,0,0.006656,0.204865,0.149719,0.259646,0.203155,0.135409,0.266465,0.000341,0,0.003699,0.000322,0,0.004001,0.064614,0,0.190797,0.000374,0,0.004062,0.51742,0.430895,0.595123,0.000622,0,0.00627,0.000149,0,0.001661,0.000309,0,0.003241,0.000261,0,0.003012,0.012449,0,0.11983,0.000452,0,0.004574,0.001987,0,0.026118,0.000248,0,0.003033,0.197297,0.129634,0.256295
"PH_SC_3.sorted.bam","3","SC",0.207127,0.170101,0.244334,0.018391,0,0.068553,0.512874,0.450602,0.584999,0.041696,0.009206,0.074804,0.219913,0.155579,0.280048,0.000796,0,0.01003,0.010738,0,0.082068,0.000823,0,0.010967,0.361754,0.217834,0.475192,0.012486,0,0.099776,0.108043,0,0.380112,0.027281,0,0.121357,0.003186,0,0.042116,0.037205,0,0.136805,0.000384,0,0.004516,0.01289,0,0.166305,0.008726,0,0.116837,0.398216,0.004391,0.54932,0.014952,0,0.106723,0.002521,0,0.036794
"PH_SC_7.sorted.bam","7","SC",0.236821,0.200902,0.273436,0.001096,0,0.007309,0.612581,0.565065,0.659915,0.00146,0,0.010411,0.148042,0.098308,0.197326,0.002913,0,0.034376,0.000503,0,0.00547,0.000225,0,0.002458,0.45983,0.361487,0.539956,0.000463,0,0.006091,0.242789,0.140524,0.353296,0.000589,0,0.007466,0.000317,0,0.003688,0.000439,0,0.004744,0.000424,0,0.005551,0.006894,0,0.074379,0.000458,0,0.00573,0.278854,0.141488,0.388396,0.000727,0,0.008518,0.004575,0,0.05945
"PH_SC_8.sorted.bam","8","SC",0.24701,0.208165,0.285019,0.001192,0,0.008452,0.587011,0.530297,0.639254,0.001224,0,0.008649,0.163563,0.115316,0.214746,0.084874,0.005609,0.146114,0.000371,0,0.004658,0.000349,0,0.004344,0.274326,0.133516,0.394733,0.000599,0,0.007046,0.312474,0.185118,0.472029,0.000541,0,0.006635,0.000228,0,0.002525,0.000611,0,0.00686,0.000235,0,0.00294,0.049034,0,0.211644,0.00049,0,0.005615,0.273538,0.093146,0.411595,0.000598,0,0.00706,0.001733,0,0.024085
"PH_SC_9.sorted.bam","9","SC",0.253245,0.218793,0.286024,0.02391,1e-05,0.058642,0.53022,0.475661,0.601311,0.004045,0,0.022577,0.18858,0.133483,0.244878,0.001188,0,0.013281,0.009862,0,0.06688,0.000657,0,0.00811,0.489022,0.404558,0.562008,0.029517,0,0.111787,0.087335,0,0.233182,0.002672,0,0.030167,0.000908,0,0.012017,0.001785,0,0.024183,0.000399,0,0.004449,0.002559,0,0.026362,0.006219,0,0.05406,0.365446,0.242658,0.470509,0.001926,0,0.027071,0.000504,0,0.005898
"PH_SH_10.sorted.bam","10","SH",0.001424,0,0.009618,0.470041,0.398349,0.538514,0.515316,0.442857,0.593727,0.002595,0,0.021766,0.010624,0,0.054801,0.000338,0,0.004031,0.000555,0,0.006293,0.225475,0,0.49228,0.000498,0,0.005958,0.484147,0.002941,0.960428,0.270383,0,0.50563,0.000425,0,0.005372,0.001386,0,0.015398,0.000643,0,0.007873,0.00056,0,0.006426,0.000694,0,0.007648,0.003045,0,0.036785,0.004579,0,0.050581,0.001617,0,0.017003,0.005656,0,0.049658
"PH_SH_1.sorted.bam","1","SH",0.001407,0,0.00949,0.497249,0.445859,0.549005,0.481029,0.425825,0.534644,0.016721,0,0.054403,0.003594,0,0.021102,0.000401,0,0.005246,0.000441,0,0.004867,0.319442,0.215012,0.429117,0.000601,0,0.007601,0.338666,0.150628,0.519769,0.304509,0.195164,0.415306,0.000513,0,0.006429,0.014799,0,0.093104,0.01261,0,0.080896,0.001364,0,0.019014,0.000458,0,0.005392,0.001707,0,0.020891,0.001163,0,0.014036,0.002791,0,0.029969,0.000534,0,0.006406
"PH_SH_2.sorted.bam","2","SH",0.000691,0,0.004757,0.509025,0.456992,0.557638,0.472895,0.417745,0.527423,0.010383,0,0.04573,0.007005,0,0.040024,0.000141,0,0.001672,0.000236,0,0.002698,0.304955,0.188555,0.43015,0.000243,0,0.00309,0.398569,0.146833,0.597663,0.266589,0.1347,0.400504,0.00036,0,0.004469,0.007398,0,0.066071,0.007238,0,0.070992,0.002209,0,0.02559,0.000263,0,0.003148,0.001937,0,0.025864,0.006561,0,0.071642,0.001351,0,0.018845,0.00195,0,0.02229
"PH_SH_3.sorted.bam","3","SH",0.000861,0,0.006139,0.553977,0.502007,0.600987,0.417879,0.366552,0.470768,0.015056,0,0.052501,0.012227,0,0.04645,0.000175,0,0.002038,0.00034,0,0.00374,0.148672,0.058661,0.247563,0.000412,0,0.004785,0.801035,0.639334,0.912921,0.007314,0,0.099351,0.000321,0,0.003345,0.005987,0,0.060756,0.01258,0,0.099403,0.000551,0,0.006659,0.000299,0,0.003375,0.003247,0,0.037444,0.007103,0,0.062308,0.01012,0,0.06877,0.001843,0,0.023209
"PH_SH_5.sorted.bam","5","SH",0.00105,0,0.007453,0.525104,0.465099,0.586308,0.461827,0.394886,0.524095,0.002681,0,0.018902,0.009338,0,0.043963,0.000336,0,0.00398,0.000329,0,0.003882,0.51211,0.410486,0.581167,0.000525,0,0.006122,0.017977,0,0.204004,0.449854,0.338037,0.521609,0.00022,0,0.002736,0.001611,0,0.019576,0.001452,0,0.020599,0.000514,0,0.006258,0.000355,0,0.004674,0.006072,0,0.05882,0.003993,0,0.044776,0.001052,0,0.013313,0.003602,0,0.037302
"PH_SH_6.sorted.bam","6","SH",0.004081,0,0.021266,0.485745,0.444552,0.50211,0.422337,0.371648,0.473665,0.011996,0,0.050475,0.075841,0.029452,0.124654,0.000809,0,0.009261,0.001865,0,0.021133,0.00154,0,0.017322,0.001628,0,0.018721,0.825866,0.715269,0.931678,0.003492,0,0.035262,0.00186,0,0.023538,0.002932,0,0.035971,0.008379,0,0.065725,0.000949,0,0.0117,0.001189,0,0.014644,0.137746,0,0.243414,0.001816,0,0.023993,0.008924,0,0.087581,0.001003,0,0.012418
"PH_SH_7.sorted.bam","7","SH",0.000955,0,0.006883,0.52907,0.471702,0.58713,0.46209,0.402365,0.521372,0.003386,0,0.023893,0.0045,0,0.026554,0.000187,0,0.002101,0.000425,0,0.005499,0.477829,0.299829,0.578158,0.000365,0,0.004245,0.099216,0,0.443996,0.409795,0.225607,0.513098,0.000457,0,0.005232,0.001437,0,0.017143,0.00193,0,0.022177,0.00083,0,0.010766,0.000288,0,0.003407,0.001404,0,0.019416,0.003079,0,0.036101,0.001288,0,0.015676,0.00147,0,0.017592
"PH_SL_10.sorted.bam","10","SL",0.002136,0,0.013917,0.010563,0,0.048708,0.006616,0,0.047543,0.010642,0,0.042225,0.970042,0.933126,0.999104,0.000159,0,0.001858,0.001212,0,0.014606,0.000293,0,0.00332,0.000616,0,0.007678,0.000717,0,0.008683,0.000311,0,0.003451,0.001094,0,0.014503,0.000637,0,0.0069,0.001099,0,0.013045,0.000307,0,0.00352,0.001034,0,0.012776,0.017974,0,0.096779,0.010179,0,0.092925,0.017841,0,0.083128,0.946529,0.871549,0.998999
"PH_SL_11.sorted.bam","11","SL",0.003072,0,0.018076,0.003577,0,0.020649,0.033047,1e-06,0.085542,0.003097,0,0.01966,0.957207,0.907834,0.99863,0.000351,0,0.004327,0.00091,0,0.01248,0.000822,0,0.010262,0.002351,0,0.028269,0.001707,0,0.020688,0.009043,0,0.061565,0.001086,0,0.012755,0.000602,0,0.007658,0.002108,0,0.024252,0.000364,0,0.004859,0.001095,0,0.013848,0.002291,0,0.030551,0.041842,0,0.166321,0.001669,0,0.019353,0.933759,0.825974,0.998441
"PH_SL_12.sorted.bam","12","SL",0.000381,0,0.002709,0.000371,0,0.002656,0.000474,0,0.003588,0.000343,0,0.002513,0.998431,0.992663,0.999993,0.000113,0,0.001272,0.000129,0,0.001673,9.4e-05,0,0.001071,0.000128,0,0.001512,0.000126,0,0.001385,0.000131,0,0.001348,8.5e-05,0,0.000954,0.000106,0,0.00122,0.000131,0,0.0014,9.3e-05,0,0.001125,0.000193,0,0.002136,0.000193,0,0.002056,0.000301,0,0.003548,0.000179,0,0.0019,0.997998,0.990061,0.999992
"PH_SL_1.sorted.bam","1","SL",0.003854,0,0.019659,0.002405,0,0.016201,0.002585,0,0.016495,0.001014,0,0.007055,0.990141,0.96381,0.999929,0.000382,0,0.004391,0.001445,0,0.017445,0.00048,0,0.005907,0.001909,0,0.022381,0.000661,0,0.007677,0.000649,0,0.007716,0.000538,0,0.006207,0.000225,0,0.002517,0.00026,0,0.002815,0.000257,0,0.002839,0.003053,0,0.031663,0.001519,0,0.01982,0.001042,0,0.012037,0.000491,0,0.005223,0.987088,0.951371,0.999911
"PH_SL_2.sorted.bam","2","SL",0.000514,0,0.003676,0.000436,0,0.003051,0.000482,0,0.003648,0.000429,0,0.003331,0.998138,0.991415,0.999995,0.000183,0,0.002109,0.000125,0,0.00141,0.000168,0,0.001886,0.000125,0,0.001432,0.000113,0,0.001376,0.000163,0,0.001789,0.000143,0,0.001543,0.000138,0,0.001588,0.000132,0,0.001593,0.000108,0,0.001168,0.000269,0,0.002799,0.000161,0,0.001997,0.000268,0,0.002806,0.00023,0,0.002699,0.997673,0.989148,0.999994
"PH_SL_3.sorted.bam","3","SL",0.000452,0,0.003393,0.000468,0,0.003481,0.000505,0,0.003644,0.000639,0,0.004682,0.997935,0.990695,0.999993,0.000159,0,0.00196,0.00011,0,0.001264,0.000124,0,0.001473,0.000134,0,0.001647,0.000142,0,0.001607,0.000142,0,0.001682,0.000132,0,0.001417,0.000168,0,0.001877,0.000225,0,0.002706,0.00021,0,0.00227,0.00021,0,0.002263,0.00027,0,0.003232,0.000225,0,0.002596,0.000332,0,0.003857,0.997417,0.988323,0.999992
"PH_SL_4.sorted.bam","4","SL",0.00042,0,0.003075,0.000346,0,0.002465,0.000396,0,0.00298,0.000318,0,0.002377,0.99852,0.993082,0.999996,0.000113,0,0.001365,0.000119,0,0.001338,8.8e-05,0,0.000986,0.000115,0,0.001396,9.7e-05,0,0.001151,0.000137,0,0.001645,8.1e-05,0,0.000965,0.000116,0,0.001182,9e-05,0,0.001068,9.1e-05,0,0.00107,0.000298,0,0.003504,0.000184,0,0.002197,0.000215,0,0.002265,0.000167,0,0.001868,0.998088,0.990575,0.999995
"PH_SL_6.sorted.bam","6","SL",0.001754,0,0.01206,0.001401,0,0.009852,0.006146,0,0.03951,0.001026,0,0.007024,0.989673,0.95451,0.999958,0.000206,0,0.002384,0.000368,0,0.004455,0.000287,0,0.003608,0.00071,0,0.008949,0.000782,0,0.009361,0.001129,0,0.013552,0.000396,0,0.004962,0.000198,0,0.002334,0.000398,0,0.00491,0.000198,0,0.002394,0.001622,0,0.019197,0.00088,0,0.010132,0.008144,0,0.073959,0.000664,0,0.006841,0.984019,0.917628,0.999954
"PH_SL_7.sorted.bam","7","SL",0.000571,0,0.004488,0.000487,0,0.00357,0.000642,0,0.005179,0.000417,0,0.002877,0.997883,0.990303,0.999991,0.000174,0,0.001929,0.000146,0,0.001603,0.000152,0,0.001882,0.000203,0,0.002058,0.000197,0,0.002237,0.000179,0,0.001997,0.000124,0,0.001496,0.000137,0,0.001515,0.00013,0,0.001408,0.000115,0,0.001261,0.000321,0,0.003612,0.00019,0,0.002271,0.000395,0,0.004259,0.000214,0,0.002602,0.997323,0.98742,0.99999
"PH_SL_8.sorted.bam","8","SL",0.005465,0,0.028023,0.430724,0.401874,0.457612,0.064473,0.022277,0.098149,0.066772,0.040942,0.092768,0.432566,0.396714,0.47416,8.9e-05,0,0.00105,0.005553,0,0.048014,0.000234,0,0.002785,0.003326,0,0.03482,0.036479,0,0.172775,0.000664,0,0.006757,0.001146,0,0.013754,0.001211,0,0.013848,0.086167,0,0.169114,0.00011,0,0.001202,0.000727,0,0.009434,0.817735,0.673446,0.898711,0.001645,0,0.020971,0.044801,0,0.170699,0.000112,0,0.001264
"PH_SL_9.sorted.bam","9","SL",0.001694,0,0.012136,0.000953,0,0.006781,0.001606,0,0.011833,0.000886,0,0.006284,0.99486,0.978109,0.999977,0.000502,0,0.006033,0.000447,0,0.005387,0.000245,0,0.002847,0.000493,0,0.005097,0.000253,0,0.003092,0.000598,0,0.007489,0.000317,0,0.003399,0.000246,0,0.00299,0.000282,0,0.003423,0.000197,0,0.002377,0.001129,0,0.014031,0.00047,0,0.005824,0.000987,0,0.012219,0.000533,0,0.006967,0.993301,0.970566,0.999973
"PH_TB_10.sorted.bam","10","TB",0.052875,0.01287,0.096355,0.010625,0,0.047321,0.124467,0.063597,0.197912,0.004546,0,0.024851,0.807486,0.735309,0.870895,0.000567,0,0.006659,0.007204,0,0.06617,0.001582,0,0.020085,0.065961,0,0.187578,0.006127,0,0.071337,0.045897,0,0.14956,0.001518,0,0.018332,0.00114,0,0.013758,0.002652,0,0.029798,0.000621,0,0.007881,0.029934,0,0.134213,0.003615,0,0.043649,0.082399,0,0.330788,0.002538,0,0.031248,0.748243,0.579246,0.857051
"PH_TB_12.sorted.bam","12","TB",0.009071,0,0.033541,0.006416,0,0.030671,0.168194,0.104553,0.236894,0.007271,0,0.033987,0.809048,0.747692,0.869077,0.000622,0,0.007163,0.00378,0,0.037728,0.001937,0,0.018405,0.0047,0,0.045494,0.002431,0,0.030819,0.075968,0,0.199392,0.005769,0,0.045963,0.001435,0,0.018879,0.004096,0,0.045144,0.000659,0,0.00789,0.002649,0,0.032926,0.001313,0,0.015955,0.173224,0,0.445422,0.001923,0,0.022487,0.719494,0.534962,0.861851
"PH_TB_1.sorted.bam","1","TB",0.017763,1e-06,0.049815,0.010492,0,0.051349,0.17094,0.10074,0.239153,0.00647,0,0.03306,0.794336,0.726377,0.862339,0.009771,0,0.048123,0.005525,0,0.046289,0.002742,0,0.027555,0.003751,0,0.041509,0.002737,0,0.036648,0.027364,0,0.176628,0.003574,0,0.036384,0.001113,0,0.013472,0.001801,0,0.022863,0.002429,0,0.025045,0.003133,0,0.039102,0.006126,0,0.082931,0.278865,0,0.465007,0.001593,0,0.01855,0.649478,0.498418,0.854845
"PH_TB_2.sorted.bam","2","TB",0.033274,0.007365,0.064295,0.009032,0,0.038435,0.11723,0.050453,0.182608,0.015201,0,0.046113,0.825263,0.762262,0.8912,0.006669,0,0.042115,0.00699,0,0.057186,0.002906,0,0.02851,0.016003,0,0.102808,0.001449,0,0.017823,0.034083,0,0.136926,0.017269,0,0.075467,0.002234,0,0.022663,0.004278,0,0.046805,0.002064,0,0.023028,0.012947,0,0.101108,0.001578,0,0.021395,0.144564,0,0.348701,0.002494,0,0.031003,0.744471,0.591178,0.884446
"PH_TB_3.sorted.bam","3","TB",0.051852,0.019575,0.088339,0.016086,0,0.050198,0.122377,0.058073,0.191613,0.040811,0.01072,0.075458,0.768874,0.708367,0.826199,0.000666,0,0.007185,0.003898,0,0.044871,0.000996,0,0.012384,0.065113,0,0.171663,0.006718,0,0.069011,0.059824,0,0.17589,0.020382,0,0.10174,0.014914,0,0.086585,0.017307,0,0.112227,0.013351,0,0.065104,0.012979,0,0.126841,0.004651,0,0.054885,0.035968,0,0.246906,0.002316,0,0.030678,0.740917,0.618112,0.820052
"PH_TB_4.sorted.bam","4","TB",0.11466,0.082652,0.147059,0.155637,0.112682,0.199541,0.229653,0.179709,0.281783,0.016037,0,0.052324,0.484012,0.434013,0.500381,0.000141,0,0.00153,0.004809,0,0.06138,0.000189,0,0.002206,0.020626,0,0.126249,0.000543,0,0.006453,0.000512,0,0.006593,0.003146,0,0.036234,0.000305,0,0.003477,0.002127,0,0.026017,0.000161,0,0.001977,0.200456,0.104409,0.274854,0.305241,0.20449,0.395327,0.434986,0.326071,0.535766,0.026175,0,0.101936,0.000584,0,0.007189
"PH_TB_6.sorted.bam","6","TB",0.030288,0.005983,0.058748,0.012825,0,0.048639,0.163502,0.102261,0.223473,0.004169,0,0.024052,0.789216,0.730832,0.85037,0.024734,0,0.052721,0.003087,0,0.038008,0.00289,0,0.028161,0.001348,0,0.015971,0.002321,0,0.029083,0.010605,0,0.105598,0.000689,0,0.008109,0.001069,0,0.013741,0.001916,0,0.022795,0.001175,0,0.016106,0.005983,0,0.055006,0.013394,0,0.085245,0.30021,0.093836,0.435833,0.002313,0,0.025997,0.628266,0.510566,0.760744
"PH_TB_7.sorted.bam","7","TB",0.013458,0,0.049406,0.191752,0.14268,0.239954,0.081958,0.000256,0.165611,0.002382,0,0.017025,0.710449,0.641958,0.777492,0.001447,0,0.01577,0.002254,0,0.026434,0.000915,0,0.011702,0.009395,0,0.079573,0.005511,0,0.052284,0.015449,0,0.100243,0.001623,0,0.020325,0.000437,0,0.004982,0.000913,0,0.010239,0.00032,0,0.003673,0.010751,0,0.079513,0.373472,0.259623,0.474749,0.117198,0,0.318398,0.001151,0,0.012537,0.459163,0.305273,0.586585
"PH_TB_8.sorted.bam","8","TB",0.024535,4e-06,0.056775,0.019896,1e-06,0.051339,0.163927,0.101681,0.226862,0.006844,0,0.033413,0.784797,0.723057,0.846451,0.001523,0,0.018801,0.022432,0,0.085241,0.005635,0,0.035298,0.014118,0,0.09922,0.002432,0,0.032424,0.016991,0,0.133593,0.004324,0,0.043442,0.001882,0,0.023312,0.00414,0,0.050986,0.000791,0,0.009873,0.00515,0,0.056679,0.001776,0,0.020524,0.273183,0,0.434554,0.001761,0,0.022409,0.643862,0.513774,0.812127
"PH_TB_9.sorted.bam","9","TB",0.065808,0.039479,0.094715,0.184459,0.138043,0.234597,0.147711,0.085159,0.207016,0.278083,0.23184,0.3274,0.323939,0.273387,0.371779,0.00011,0,0.001199,0.030534,0,0.164053,0.000361,0,0.003611,0.073178,0,0.172945,0.002485,0,0.028818,0.000938,0,0.009828,0.02711,0,0.147319,0.000703,0,0.00851,0.216702,0.110118,0.321145,0.000204,0,0.002346,0.000575,0,0.006466,0.334473,0.212388,0.441256,0.00118,0,0.014207,0.311242,0.147596,0.44469,0.000205,0,0.002179
"PH_WC_10.sorted.bam","10","WC",0.015568,0,0.046569,0.061543,0.000301,0.123302,0.795125,0.725846,0.864215,0.05463,0.006789,0.089697,0.073134,0.0364,0.120615,0.000185,0,0.002152,0.015936,0,0.086112,0.000375,0,0.004564,0.005758,0,0.050433,0.077276,0,0.2277,0.741748,0.571582,0.855074,0.007997,0,0.067317,0.002118,0,0.027331,0.002676,0,0.030007,0.000416,0,0.003967,0.001074,0,0.014195,0.027007,0,0.15014,0.021044,0,0.170213,0.095636,0,0.173399,0.000753,0,0.009398
"PH_WC_11.sorted.bam","11","WC",0.025239,1e-06,0.060259,0.059048,0.016457,0.10934,0.801371,0.734097,0.867661,0.053093,0.017876,0.088115,0.061249,0.011474,0.105094,0.000192,0,0.002256,0.020096,0,0.096943,0.000304,0,0.003686,0.017893,0,0.098758,0.051884,0,0.206507,0.751693,0.605754,0.857763,0.010619,0,0.075735,0.002107,0,0.024895,0.023408,0,0.152063,0.000255,0,0.002899,0.001486,0,0.017579,0.043402,0,0.159365,0.00617,0,0.080524,0.069542,0,0.15812,0.000949,0,0.012335
"PH_WC_1.sorted.bam","1","WC",0.053719,0.026651,0.082315,0.064788,0.027755,0.109006,0.774347,0.708129,0.838061,0.011867,0,0.053434,0.095279,0.045659,0.151651,0.000187,0,0.002273,0.05022,0,0.140201,0.000724,0,0.009178,0.050618,0,0.151492,0.073945,0,0.213325,0.61326,0.441932,0.768216,0.004123,0,0.045781,0.001633,0,0.018578,0.015056,0,0.099502,0.000274,0,0.003177,0.002104,0,0.021409,0.00233,0,0.028889,0.182555,0.076583,0.297892,0.002373,0,0.030302,0.000598,0,0.006947
"PH_WC_2.sorted.bam","2","WC",0.049795,0.020957,0.078754,0.083777,0.046801,0.125708,0.773414,0.710523,0.836045,0.034119,0.000212,0.07494,0.058895,0.020437,0.101376,0.002296,0,0.020389,0.07592,0,0.149708,0.000999,0,0.011936,0.015667,0,0.110285,0.013777,0,0.116318,0.745638,0.638333,0.829956,0.002767,0,0.030822,0.00264,0,0.033321,0.022881,0,0.130387,0.00039,0,0.004557,0.000645,0,0.007793,0.07322,0,0.177157,0.003227,0,0.047158,0.039172,0,0.127954,0.000763,0,0.009457
"PH_WC_3.sorted.bam","3","WC",0.001417,0,0.009424,0.095649,0.050676,0.142154,0.836001,0.772475,0.901647,0.011451,0,0.044313,0.055482,0.001379,0.110631,0.000139,0,0.001601,0.00101,0,0.012713,0.000986,0,0.011721,0.00074,0,0.008522,0.179589,0.08293,0.276062,0.693767,0.554098,0.825466,0.000442,0,0.005623,0.002218,0,0.025117,0.010415,0,0.078621,0.000469,0,0.005963,0.000365,0,0.004525,0.006508,0,0.075316,0.093723,0,0.217874,0.008887,0,0.070928,0.00074,0,0.008151
"PH_WC_5.sorted.bam","5","WC",0.08336,0.051079,0.117807,0.057898,0.017915,0.09971,0.697574,0.634074,0.763827,0.089876,0.051927,0.130026,0.071291,0.028077,0.121017,0.000106,0,0.001225,0.043588,0,0.155966,0.000222,0,0.002463,0.121737,0,0.230005,0.046584,0,0.185962,0.467046,0.298306,0.62312,0.000769,0,0.008641,0.000425,0,0.004433,0.177096,0.099125,0.257926,0.000131,0,0.001473,0.000414,0,0.005256,0.024756,0,0.133064,0.115639,0,0.239261,0.0012,0,0.015227,0.000286,0,0.003126
"PH_WC_6.sorted.bam","6","WC",0.021281,5e-06,0.052519,0.072908,0.032668,0.11079,0.780145,0.71853,0.840575,0.052232,0.01991,0.087838,0.073435,0.031036,0.11551,0.000354,0,0.004353,0.020496,0,0.094747,0.000607,0,0.007261,0.008767,0,0.069806,0.020642,0,0.163424,0.709712,0.54339,0.823162,0.010634,0,0.07609,0.003832,0,0.046952,0.078124,0,0.171356,0.000598,0,0.007079,0.001957,0,0.022745,0.099632,0,0.192697,0.033332,0,0.192392,0.010677,0,0.102252,0.000635,0,0.007621
"PH_WC_7.sorted.bam","7","WC",0.044299,0.020047,0.069561,0.043467,0.000368,0.075678,0.796585,0.734235,0.861903,0.070902,0.038461,0.11544,0.044746,5e-06,0.089176,0.000198,0,0.002302,0.070605,0,0.128271,0.000667,0,0.008041,0.005169,0,0.063319,0.006688,0,0.068744,0.758094,0.630368,0.84532,0.012057,0,0.106049,0.001099,0,0.014163,0.056284,0,0.219357,0.000231,0,0.002528,0.000371,0,0.004343,0.00721,0,0.076905,0.008842,0,0.088112,0.071902,0,0.172591,0.000584,0,0.007045
"PH_WC_8.sorted.bam","8","WC",0.087042,0.053443,0.125147,0.059388,0.009863,0.099598,0.678084,0.608596,0.743929,0.089109,0.057814,0.123936,0.086378,0.048041,0.129874,0.000183,0,0.002158,0.026961,0,0.163001,0.000342,0,0.003751,0.101998,0,0.24324,0.042672,0,0.173694,0.581068,0.427254,0.72563,0.043364,0,0.183225,0.001823,0,0.024068,0.028566,0,0.188365,0.000551,0,0.007186,0.001395,0,0.017217,0.046636,0,0.178853,0.020795,0,0.209347,0.103363,0,0.224785,0.000284,0,0.003706
"PH_WC_9.sorted.bam","9","WC",0.015381,0,0.048493,0.073828,0.030171,0.115531,0.765859,0.701469,0.829788,0.048465,0.01026,0.086241,0.096467,0.056192,0.138875,0.000557,0,0.007042,0.013797,0,0.080932,0.000694,0,0.007287,0.013242,0,0.083028,0.007279,0,0.096462,0.71295,0.575637,0.812636,0.001822,0,0.024821,0.00141,0,0.020105,0.057484,0,0.15864,0.000404,0,0.004386,0.000787,0,0.009407,0.123781,4e-06,0.218728,0.027813,0,0.177356,0.035406,0,0.138071,0.002574,0,0.027141
"PH_WF_10.sorted.bam","10","WF",0.071327,0.04079,0.107856,0.322236,0.278096,0.364653,0.115191,0.069635,0.163738,0.062839,0.03234,0.099294,0.428407,0.391691,0.459598,9.6e-05,0,0.001107,0.002181,0,0.023215,0.000214,0,0.002494,0.087603,0,0.209784,0.000998,0,0.011932,0.000772,0,0.008028,0.050402,0,0.150303,0.000283,0,0.003188,0.001229,0,0.016367,0.000185,0,0.002144,0.002276,0,0.033422,0.640583,0.550782,0.726368,0.139009,0,0.307402,0.073394,0,0.1965,0.000776,0,0.007835
"PH_WF_11.sorted.bam","11","WF",0.176805,0.147445,0.207246,0.153644,0.118532,0.189265,0.197524,0.153223,0.246641,0.170797,0.135499,0.207206,0.30123,0.252215,0.342519,0.000102,0,0.001186,0.008001,0,0.076955,0.000181,0,0.002399,0.344092,0.276507,0.405186,0.019864,0,0.133912,0.001002,0,0.011688,0.000732,0,0.008789,0.00038,0,0.003682,0.023281,0,0.132378,0.000127,0,0.001434,0.000581,0,0.006387,0.27868,0.156775,0.361828,0.005806,0,0.075298,0.316948,0.208364,0.40275,0.000223,0,0.002666
"PH_WF_12.sorted.bam","12","WF",0.089346,0.052884,0.126749,0.318057,0.268488,0.36953,0.033497,0,0.091046,0.067561,0.031775,0.106323,0.491538,0.433091,0.545934,0.00334,0,0.048501,0.118621,0,0.24022,0.159687,0.045389,0.26042,0.027479,0,0.161393,0.010899,0,0.085869,0.005443,0,0.047963,0.021443,0,0.169845,0.002073,0,0.028335,0.013329,0,0.122383,0.002494,0,0.036319,0.00447,0,0.048892,0.185148,0,0.457139,0.004403,0,0.050777,0.093289,0,0.203887,0.347884,0.211487,0.461333
"PH_WF_1.sorted.bam","1","WF",0.127442,0.087802,0.16544,0.274674,0.224745,0.322691,0.146473,0.101968,0.192944,0.074846,0.041845,0.111335,0.376564,0.331582,0.429531,0.000208,0,0.002253,0.003569,0,0.042917,0.000248,0,0.002904,0.151865,0,0.310716,0.000773,0,0.007677,0.000748,0,0.008621,0.087636,0,0.210457,0.000639,0,0.007294,0.001981,0,0.024928,0.000273,0,0.003127,0.011398,0,0.101451,0.543873,0.436149,0.641191,0.136831,0,0.337879,0.058891,0,0.195782,0.001068,0,0.014064
"PH_WF_2.sorted.bam","2","WF",0.064457,0.028928,0.103453,0.297287,0.244917,0.348433,0.057077,0.013145,0.117262,0.078175,0.044576,0.117813,0.503004,0.441671,0.561176,0.01649,0,0.075448,0.034511,0,0.185638,0.115065,0,0.253108,0.054922,0,0.15905,0.025168,0,0.198438,0.00119,0,0.011654,0.001407,0,0.018709,0.044052,0,0.18373,0.001262,0,0.01374,0.007742,0,0.068052,0.005094,0,0.063771,0.260711,0,0.517148,0.030421,0,0.163707,0.094144,0,0.212544,0.307819,0.184494,0.455111
"PH_WF_3.sorted.bam","3","WF",0.084611,0.053119,0.118802,0.275849,0.2287,0.325305,0.073673,0.017588,0.124329,0.060383,0.029253,0.093779,0.505483,0.450392,0.561575,0.006405,0,0.040636,0.003722,0,0.046274,0.149712,0.057389,0.266954,0.068045,0,0.192252,0.015811,0,0.15743,0.0231,0,0.107027,0.080469,0,0.163151,0.003636,0,0.044921,0.005628,0,0.058185,0.001555,0,0.020361,0.004177,0,0.042367,0.229106,0,0.394888,0.011663,0,0.140841,0.027923,0,0.146804,0.369048,0.266912,0.472207
"PH_WF_4.sorted.bam","4","WF",0.059214,0.025761,0.096333,0.333304,0.278576,0.388571,0.013792,0,0.062421,0.04757,0.01085,0.082306,0.546121,0.489782,0.60284,0.002359,0,0.026671,0.039408,0,0.168221,0.12713,0.034319,0.227909,0.004241,0,0.048466,0.000932,0,0.008378,0.002221,0,0.030745,0.03014,0,0.132263,0.001961,0,0.027578,0.015753,0,0.103989,0.010597,0,0.063727,0.03992,0,0.161212,0.370047,0.205545,0.54429,0.002216,0,0.031624,0.026093,0,0.125635,0.326982,0.192259,0.445455
"PH_WF_5.sorted.bam","5","WF",0.02328,1e-06,0.066596,0.257496,0.203553,0.309548,0.09697,0.03605,0.157786,0.080401,0.043158,0.118087,0.541853,0.481945,0.599342,0.009931,0,0.055935,0.006194,0,0.058462,0.019597,0,0.116457,0.002266,0,0.027959,0.004396,0,0.058692,0.076143,0,0.153551,0.012192,0,0.096177,0.016555,0,0.138872,0.021627,0,0.17155,0.004248,0,0.03992,0.006047,0,0.057638,0.448653,0.275121,0.576316,0.013365,0,0.158278,0.101933,0,0.223722,0.256854,0.154666,0.376631
"PH_WF_6.sorted.bam","6","WF",0.130121,0.095346,0.163466,0.272653,0.227471,0.313658,0.065267,0.024302,0.115976,0.088905,0.053983,0.126932,0.443056,0.390482,0.499737,0.000173,0,0.002004,0.009051,0,0.109092,0.000224,0,0.002495,0.101797,0,0.214377,0.000893,0,0.010989,0.000478,0,0.004906,0.000935,0,0.011379,0.000297,0,0.003741,0.000646,0,0.00743,0.000166,0,0.001857,0.148112,0.030315,0.246797,0.534614,0.408055,0.622362,0.02624,0,0.177386,0.1756,0.104033,0.252545,0.000772,0,0.009783
"PH_WF_8.sorted.bam","8","WF",0.023762,8e-06,0.053996,0.297718,0.249239,0.342372,0.094331,0.040247,0.154983,0.165622,0.126845,0.206557,0.418567,0.366273,0.468358,0.000961,0,0.011736,0.003237,0,0.034607,0.005849,0,0.068806,0.024418,0,0.101293,0.09657,0,0.237123,0.014416,0,0.126086,0.007086,0,0.061245,0.000897,0,0.011323,0.01227,0,0.121567,0.000426,0,0.003776,0.01086,0,0.072494,0.483032,0.329922,0.610293,0.026572,0,0.158453,0.310139,0.202037,0.401346,0.003265,0,0.038558
"PH_WF_9.sorted.bam","9","WF",0.073534,0.048648,0.100472,0.253596,0.208871,0.299555,0.107802,0.055178,0.161422,0.073358,0.051616,0.098861,0.491711,0.438763,0.544937,0.00152,0,0.018165,0.002523,0,0.034693,0.063257,0,0.157843,0.002363,0,0.028252,0.087158,0,0.265299,0.031211,0,0.141789,0.137433,0.087062,0.185004,0.001291,0,0.014836,0.001735,0,0.023143,0.001679,0,0.020022,0.001709,0,0.021385,0.289704,0.13986,0.440994,0.061927,0,0.269679,0.002897,0,0.036763,0.313592,0.185124,0.430266
"PH_WH_10.sorted.bam","10","WH",0.003998,0,0.018432,0.907451,0.870346,0.942379,0.001629,0,0.012065,0.085472,0.051453,0.120883,0.00145,0,0.009549,0.001068,0,0.011502,0.003165,0,0.027053,0.827194,0.752188,0.919258,0.000554,0,0.006692,0.000682,0,0.007774,0.000445,0,0.005103,0.001276,0,0.014011,0.156088,0,0.238148,0.000846,0,0.009714,0.006203,0,0.07857,0.000865,0,0.00962,0.000579,0,0.00547,0.000287,0,0.003228,0.000329,0,0.003782,0.00042,0,0.004928
"PH_WH_11.sorted.bam","11","WH",0.001459,0,0.009829,0.865846,0.817456,0.913926,0.053215,0.000585,0.099923,0.072932,0.033946,0.111886,0.006549,0,0.039855,0.000188,0,0.002368,0.000875,0,0.010856,0.768027,0.650983,0.891248,0.000612,0,0.007242,0.074126,0,0.191289,0.004009,0,0.043057,0.000526,0,0.005764,0.115974,0,0.217008,0.02202,0,0.145031,0.001215,0,0.013241,0.000527,0,0.006746,0.004662,0,0.05556,0.001653,0,0.019502,0.004913,0,0.066786,0.000671,0,0.008075
"PH_WH_12.sorted.bam","12","WH",0.000801,0,0.005562,0.878211,0.827449,0.928913,0.047868,0.000941,0.089731,0.070034,0.038577,0.104524,0.003087,0,0.022653,0.000172,0,0.002029,0.000305,0,0.003733,0.794933,0.686281,0.890826,0.000309,0,0.003857,0.049197,0,0.163247,0.01155,0,0.070072,0.000354,0,0.004091,0.114716,0,0.202429,0.021443,0,0.141134,0.001229,0,0.014561,0.000291,0,0.003335,0.002339,0,0.031714,0.001687,0,0.019326,0.001097,0,0.012162,0.00038,0,0.004561
"PH_WH_1.sorted.bam","1","WH",0.000885,0,0.006358,0.916903,0.87935,0.953171,0.003694,0,0.024565,0.07672,0.042993,0.110914,0.001798,0,0.012149,0.000207,0,0.00237,0.00048,0,0.005765,0.842254,0.764773,0.914808,0.00031,0,0.003708,0.003845,0,0.045493,0.00056,0,0.007168,0.00035,0,0.004528,0.144221,0.064361,0.218766,0.001385,0,0.016849,0.003205,0,0.028497,0.000216,0,0.002263,0.000751,0,0.00883,0.000728,0,0.008927,0.001074,0,0.012799,0.000414,0,0.005032
"PH_WH_2.sorted.bam","2","WH",0.001411,0,0.010449,0.858107,0.806018,0.906099,0.019678,0,0.085064,0.081564,0.043712,0.121753,0.039241,2.9e-05,0.078355,0.000101,0,0.00123,0.001598,0,0.018929,0.720039,0.61643,0.814991,0.000499,0,0.006106,0.036506,0,0.168409,0.000441,0,0.005408,0.000244,0,0.002949,0.161045,0.084352,0.242192,0.00105,0,0.013291,0.000189,0,0.002115,0.000278,0,0.003675,0.076987,0,0.155477,0.000418,0,0.005009,0.00041,0,0.005076,0.000194,0,0.001996
"PH_WH_3.sorted.bam","3","WH",0.002074,0,0.015846,0.892587,0.841741,0.936957,0.009276,0,0.049078,0.091449,0.053174,0.129428,0.004614,0,0.026778,0.000149,0,0.001812,0.002452,0,0.029247,0.794958,0.699224,0.879402,0.000475,0,0.006043,0.012251,0,0.09464,0.001103,0,0.013684,0.000598,0,0.00669,0.176213,0.097127,0.254633,0.002167,0,0.025126,0.00083,0,0.009815,0.000325,0,0.003704,0.004343,0,0.046783,0.001453,0,0.01764,0.002259,0,0.02829,0.000424,0,0.004199
"PH_WH_4.sorted.bam","4","WH",0.001132,0,0.008013,0.72909,0.676971,0.777496,0.107469,0.049952,0.165938,0.131067,0.0869,0.175856,0.031242,0,0.076841,0.000136,0,0.001394,0.000838,0,0.010695,0.463174,0.357323,0.562599,0.00029,0,0.003403,0.212287,0.095213,0.330348,0.00047,0,0.005665,0.000578,0,0.006435,0.259052,0.16954,0.348803,0.000877,0,0.01042,0.000229,0,0.00261,0.000284,0,0.003506,0.059655,0,0.152638,0.000544,0,0.007169,0.00117,0,0.015225,0.000416,0,0.004005
"PH_WH_5.sorted.bam","5","WH",0.027662,0.000889,0.052824,0.759415,0.710206,0.810009,0.133529,0.083,0.184645,0.077443,0.039801,0.115077,0.00195,0,0.015088,0.000199,0,0.002331,0.050706,0,0.103652,0.526593,0.425947,0.627589,0.002824,0,0.031782,0.260747,0.156958,0.365623,0.001142,0,0.014885,0.00068,0,0.006476,0.152417,0.07472,0.228934,0.000871,0,0.008892,0.000225,0,0.002518,0.000715,0,0.008875,0.001775,0,0.024085,0.000334,0,0.004033,0.00047,0,0.006304,0.000303,0,0.003604
"PH_WH_6.sorted.bam","6","WH",0.005865,0,0.022773,0.844437,0.794076,0.892098,0.058186,0.001123,0.110804,0.087653,0.049494,0.129313,0.003859,0,0.022745,0.000557,0,0.006922,0.003408,0,0.030409,0.703278,0.600471,0.802127,0.004088,0,0.036331,0.106186,0,0.217586,0.001856,0,0.021528,0.001703,0,0.020475,0.170102,0.092721,0.254019,0.001476,0,0.016945,0.000405,0,0.004237,0.001417,0,0.015323,0.002622,0,0.034932,0.00091,0,0.011071,0.001215,0,0.014315,0.000776,0,0.009705
"PH_WH_7.sorted.bam","7","WH",0.00839,0,0.044758,0.644423,0.590715,0.69841,0.142476,0.087111,0.199405,0.110116,0.072677,0.152628,0.094595,0.052824,0.136736,8.8e-05,0,0.001083,0.015862,0,0.088437,0.29122,0.185025,0.398051,0.000245,0,0.002315,0.283574,0.172522,0.39628,0.000253,0,0.00299,0.00033,0,0.004003,0.218944,0.14446,0.303539,0.000325,0,0.003758,0.000141,0,0.001479,0.000166,0,0.001923,0.188027,0.104804,0.272683,0.000303,0,0.003529,0.00035,0,0.003835,0.000172,0,0.001902
"PH_WH_8.sorted.bam","8","WH",0.002575,0,0.014591,0.881159,0.829916,0.931345,0.034282,5e-06,0.086475,0.080229,0.045942,0.116857,0.001756,0,0.011977,0.000778,0,0.008834,0.000801,0,0.009233,0.796749,0.690615,0.895425,0.0012,0,0.013948,0.035314,0,0.157517,0.010047,0,0.068311,0.000863,0,0.010231,0.132046,0,0.227515,0.011157,0,0.091974,0.007927,0,0.075747,0.000729,0,0.008566,0.000657,0,0.006632,0.000797,0,0.008834,0.000538,0,0.006183,0.000395,0,0.005096
"PH_WH_9.sorted.bam","9","WH",0.001209,0,0.010688,0.650988,0.598801,0.702264,0.119919,0.064792,0.178941,0.120894,0.081497,0.163033,0.10699,0.063395,0.15051,9.4e-05,0,0.00115,0.001483,0,0.019257,0.30433,0.201471,0.407394,0.000256,0,0.003004,0.23843,0.127302,0.35733,0.000238,0,0.002526,0.000283,0,0.003623,0.24061,0.162068,0.325,0.000308,0,0.003501,0.000135,0,0.001658,0.000206,0,0.002472,0.212793,0.124775,0.300573,0.000368,0,0.00473,0.000316,0,0.003878,0.000148,0,0.00144
