"","AS","BA","BB","BC","CA","CR","DA","FC","FV","GB","KC","MC","ML","OF","PC","PM","PR","PT","SB","SC","SH","SL","TB","WC","WF","WH"
"locus1",1,1,0.95,0.7,1,1,1,0.9444,1,1,0.9545,1,0.9,1,1,1,1,1,1,1,1,1,1,0.95,1,1
"locus2",1,0.9375,0.875,0.9545,1,0.9583,1,0.8889,0.7222,1,0.9091,0.9375,0.9,1,0.875,0.9545,1,1,0.8571,0.8333,1,1,0.95,0.7222,0.9091,0.875
"locus3",1,0.875,1,1,0.75,0.5455,1,0.9444,1,1,0.55,1,0.75,1,1,1,1,1,1,1,1,0.9545,0.95,1,0.9091,1
"locus4",0.2917,0.0625,0.1111,0.15,0.0714,0.125,0,0.3333,0.0455,0.0714,0.0455,0,0.15,0.1429,0.2,0.1364,0.125,0.3333,0.125,0.0714,0,0.0909,0.3125,0.1,0.1364,0.2273
"locus5",1,0.8125,0.85,0.9545,0.9444,1,1,1,0.9545,1,0.95,0.875,1,0.875,0.9583,1,1,1,0.875,1,0.8571,1,0.95,0.8,0.9545,0.9583
"locus6",0.8333,0.9375,0.9,0.9091,0.9444,0.9583,1,1,0.85,0.9375,0.8636,1,1,1,1,0.8182,1,1,0.9375,1,1,0.9091,1,1,0.9091,0.9
"locus7",0.0417,0.0625,0.15,0.2727,0,0,0,0.0556,0,0,0.0455,0.125,0.05,0,0.0833,0.0909,0,0.1667,0.3125,0.0556,0,0,0.2,0,0.2273,0
"locus8",0.9167,1,1,1,1,0.9167,1,1,1,1,1,1,0.85,1,1,1,0.8333,0.6667,1,1,1,1,1,1,1,0.9583
"locus9",1,0.9375,1,1,1,0.9583,1,1,1,1,0.5,1,0.85,1,1,0.9545,1,1,1,1,1,1,1,1,1,1
"locus10",0.9583,0.9375,1,1,1,1,1,1,1,1,0.9545,1,1,0.9286,0.9583,0.9545,1,1,0.9286,0.7778,1,1,1,1,1,1
"locus11",0.9583,1,1,0.9545,0.8889,1,1,1,1,1,0.9545,1,1,1,0.9091,1,1,1,1,1,1,1,1,0.9,1,0.9167
"locus12",0.5,0.3,0.5714,0.4,0.3571,0.5,NA,0.5,0.4444,0.1667,0.2,0.5714,0,0.5,0.6111,0.5,0.75,0.5,0.3333,0.1667,0.4167,0.65,0.5833,0.5,0.6429,0.5
"locus13",1,1,1,0.7727,1,1,1,1,0.9545,1,0.9091,1,0.95,1,0.9583,1,1,1,1,1,1,0.85,0.9,1,0.95,1
"locus14",0.0417,0,0.05,0,0,0,0.2,0,0.0909,0,0.0455,0,0,0,0,0,0,0,0,0.2222,0.0714,0.55,0.1,0,0.1364,0.0417
"locus15",0.75,1,1,1,1,0.875,1,0.8333,0.9,1,0.9545,0.9286,0.9,0.9375,1,0.9545,0.8571,1,0.9375,0.8571,1,0.9091,0.625,0.95,0.8333,1
"locus16",0.9583,1,0.85,1,1,1,0.6667,1,0.9545,1,1,1,1,1,1,0.75,0.9444,1,1,0.8333,1,0.6,1,1,1,1
"locus17",0.75,0.5,0.375,0.5,0.6429,0.5714,0.375,0.5556,0.4286,0.75,0.7,0.75,0.9,0.4,0.4545,0.8,0.6875,0,0.5714,0.7,0.5,0.6364,0.5,0.5556,0.65,0.4167
"locus18",0.5,0.375,0.2222,0.5,0,0.05,0.625,0.1,0.6818,0.9,0.05,0.3,0,0.5714,0,0.6111,0.375,0.5,0.3333,0.7857,0,0.5,0.3333,0.3889,0.5,0.0455
"locus19",0,0,0,0,0,0.0417,0,0,0,0,0,0,0,0.125,0.125,0.0909,0,0,0,0,0,0,0,0.45,0,0
"locus20",0.8889,0.4375,0.7143,0.25,0.3333,0.25,0.5,0.2,0.4,0.8333,0.4091,0.625,0.3333,0.5,0.375,0.5,0.75,0.6667,0.2143,0.4375,0,0.8182,0.5625,0.2778,0.7222,0.1
"locus21",0.7778,0.3571,0.45,0.6875,0.5,0.6,1,0.6667,0.5909,0.7,0.55,0.5625,0.2778,0.5,0.5,0.9375,0.7143,0.6667,0.5714,0.75,0.7143,0.5,0.8,0.3889,0.7143,0.6364
"locus22",0.6818,1,0.5,0.9286,0.7,0.9167,0.7,0.8125,0.6667,0.9375,0.9,0.875,0.9,0.7857,0.625,0.9545,0.875,0.5,0.7857,0.8889,0.8571,0.625,0.95,0.7222,0.9375,0.8889
"locus23",1,0.8125,1,1,0.875,0.9167,1,0.9444,1,1,0.9545,1,1,1,1,1,1,1,0.9375,1,1,1,1,1,0.9545,0.875
"locus24",0.9583,0.9167,1,0.9545,0.8571,0.85,1,0.875,0.9545,0.9375,0.75,1,0.8333,1,0.9091,1,1,1,0.8125,1,0.9286,0.8182,1,1,1,0.8125
"locus25",0,0.2143,0,0,0,0.375,0,0,0,0,0.4,0.0625,0.2778,0.0714,0,0.0455,0,0,0,0,0,0,0.05,0,0.0455,0.0417
"locus26",1,1,1,1,1,1,1,0.6667,1,0.9375,1,0.9375,1,1,1,1,1,1,1,1,0.9286,0.9545,1,1,0.9,0.6818
"locus27",0.9167,1,1,1,1,0.9583,0.25,1,0.8636,0.875,0.9545,0.9375,1,0.9375,0.9583,0.35,0.8125,0.8333,1,0.8333,1,1,0.95,1,0.9545,1
"locus28",0.4091,0.75,0.6,0.5,0.8333,0.6364,0.8,0.5,0.6667,0.5,0.8,0.5714,0.9,0.6429,0.5909,0.6667,0.7857,0.6667,0.5714,0.3,0.9,0.625,0.5714,0.6429,0.6875,0.4545
"locus29",0.7917,1,1,1,1,1,1,1,1,1,1,0.9375,1,1,0.9167,1,0.7857,0.8333,1,0.7778,1,0.9545,0.8889,1,0.8636,1
"locus30",0.8571,1,1,1,1,1,1,0.9444,1,0.9375,1,1,1,1,0.9583,1,0.9167,1,1,0.6667,1,0.25,1,1,0.9091,1
"locus31",0.9167,0.75,1,1,1,1,1,1,1,1,1,1,0.95,1,1,1,0.9444,1,0.9375,1,1,0.7778,0.95,1,1,0.9583
"locus32",1,1,1,0.8182,1,1,1,1,1,1,1,1,1,1,0.9583,1,1,1,1,1,1,0.75,0.95,1,1,1
"locus33",0.7083,1,1,1,1,1,1,0.8889,1,1,0.9091,0.9375,1,0.7143,0.8333,1,0.9444,0.8333,0.9375,1,1,0.9545,1,0.8,0.6364,0.9583
"locus34",0.9583,0.875,0.95,1,1,0.8333,1,0.9444,1,0.9375,1,1,1,1,1,1,0.8333,1,1,0.9444,1,1,1,1,1,1
"locus35",0.5417,0.6667,0.625,0.6818,0.7143,0.5909,0.1667,0.5625,0.6,0.75,0.8182,0.5833,0.6429,0.75,0.6667,0.8182,0.4375,0.75,0.7143,0.6875,0.5,0.2222,0.65,0.6,0.5455,0.8182
"locus36",1,0.875,1,0.8636,0.9286,1,1,0.6429,1,1,1,0.9286,1,1,0.9583,1,1,1,0.9375,1,0.7857,1,1,1,0.9545,0.5625
"locus37",0.3636,0.5833,0.35,0.3125,0.3889,0.5,NA,0.2857,0.4091,0.1667,0.5,0.5,0.5,0.3333,0.6,NA,0.5714,0.3333,0.4375,0.3125,0.375,0.25,0.3,0.6,0.1818,0.3333
"locus38",0.9583,1,0.95,1,1,1,1,1,0.9545,0.75,1,0.9375,1,0.9375,1,0.9545,0.8889,1,1,0.9375,0.7857,0.9545,0.95,1,1,0.9545
"locus39",0.9583,1,1,1,1,0.9583,1,1,1,1,0.6111,1,0.7857,1,1,0.9545,1,1,1,1,1,1,1,0.9,1,1
"locus40",0.9583,1,1,1,1,0.9583,0.6,1,0.9545,0.875,1,1,1,1,1,0.6875,0.9444,1,1,0.9444,1,1,1,0.95,1,1
"locus41",0.875,1,0.85,1,1,1,1,0.9444,0.6818,1,0.9545,1,1,0.875,0.8636,1,0.9444,1,0.7857,1,1,0.9545,0.8889,0.8333,0.8636,0.7917
"locus42",1,1,0.7,1,1,1,1,1,0.8636,1,0.9545,1,1,0.8125,0.75,1,1,1,0.8125,0.9444,1,1,1,0.6667,1,1
"locus43",0,0.5,0.1,0,0.375,0.5,0,0,0.0909,0,0.7,0.2,0.6667,0.5,0.1818,0.0455,0.0556,0.3333,0,0.1111,0,0.0455,0.05,0.2222,0.0455,0.0833
"locus44",0.125,0,0.0625,0.2,0,0.0417,0.5,0,0.4286,0,0.0455,0.1875,0,0,0.0417,0.5,0.4167,0.3333,0,0.3571,0.2857,0,0.35,0.05,0.1,0
"locus45",0.0417,0.0625,0,0,0.0556,0.2,0,0,0,0,0.5,0.125,0,0,0,0.05,0,0,0,0,0,0,0.05,0,0,0.0833
"locus46",1,1,1,1,1,1,1,0.7778,1,1,0.9545,0.7143,1,0.9375,0.875,1,1,1,0.875,1,0.9286,1,1,1,1,0.9583
"locus47",0.8333,0.9375,1,1,1,1,0.6,0.9444,0.9091,0.6875,1,1,1,0.9375,1,0.9545,0.8889,0.8333,0.9375,0.9444,0.9286,0.5909,0.9,1,1,1
"locus48",0.125,0.625,0.55,0.3889,0.25,0.7,0,0.6875,0.45,0.1875,0.6,0,0.5625,0.4375,0.5833,0.0455,0.0556,0.1667,0.7143,0.2778,0.7,0.0455,0.1667,0.6667,0.0909,0.9545
"locus49",1,1,1,1,1,1,1,1,0.9545,1,1,1,1,1,1,0.9545,0.9444,1,0.875,0.8333,1,0.9091,0.9,0.95,0.9545,1
"locus50",1,0.6667,0.7857,1,0.5833,0.8333,0.6,0.8125,0.7778,1,0.8333,0.8333,1,0.8,0.8571,0.75,0.7222,1,0.75,0.8333,1,0.9091,0.95,0.8889,0.9,0.95
"locus51",1,1,1,1,1,1,1,1,1,1,0.9545,0.875,0.95,1,0.625,1,1,0.5,0.875,1,0,1,1,0.8889,0.9545,1
"locus52",1,0.8571,0.95,1,1,1,1,1,0.9545,1,1,1,0.6111,1,0.9583,1,1,0.75,1,1,0.9286,1,1,1,0.9091,0.9583
"locus53",0.875,1,1,0.8,1,0.9583,0.9,1,0.9545,1,1,0.9375,1,1,1,1,1,0.75,1,0.9444,1,1,0.95,0.95,1,1
"locus54",0.8333,1,0.8333,0.8182,0.7778,0.9583,1,0.8889,0.9545,0.75,0.9545,1,0.95,0.875,0.9545,1,1,1,0.8571,0.8333,0.4286,1,1,1,1,0.9583
"locus55",0.9583,0.9375,0.85,0.7727,0.9444,0.9167,0.9,0.8889,0.9091,1,0.7727,1,1,0.875,0.5909,0.9091,0.9444,0.8333,0.8571,0.9444,0.9286,1,0.9444,0.75,1,1
"locus56",0.7273,1,0.95,1,1,1,0.7,1,0.8636,1,0.9091,1,0.95,0.9286,0.8333,0.2727,0.7143,1,1,0.9167,1,1,0.9444,1,0.8889,1
"locus57",1,0.75,0.9,1,0.7857,0.7,1,0.875,0.9545,1,0.7222,1,0.6,0.9375,0.9545,1,1,1,1,1,0.7857,1,1,0.9,0.9545,0.8333
"locus58",1,1,1,0.9545,1,1,1,1,0.9545,0.875,1,1,1,0.75,1,1,0.9444,0.8333,0.9375,1,1,1,0.95,1,0.9545,1
"locus59",1,1,0.8125,0.9545,1,0.9583,1,0.875,0.875,1,1,1,1,1,0.7727,0.9545,0.875,0.8333,0.8333,1,1,1,0.9,0.6111,1,0.875
"locus60",1,1,1,1,0.7778,0.9167,0.9,1,0.9545,0.9375,1,1,1,1,1,0.8182,1,1,0.9375,1,1,0.9545,1,1,0.8182,1
"locus61",0.35,1,0.9286,0.6,0.9167,0.9167,1,0.75,0.9375,0.8333,1,0.875,0.9,0.9,0.8889,1,0.5,0,1,0.8125,0.9,0.55,0.4444,0.8889,0.5625,0.8333
"locus62",0.45,0.5,0,0.3,1,0.6875,0,0.6429,0,0,0.75,0.5,0.8333,0,0.0417,0.0909,0,0.1667,0.0625,0.1875,0.0833,0.8571,0.4,0,0.6429,0.75
"locus63",0.9583,1,1,1,0.6667,0.6818,1,0.8889,1,1,1,1,1,1,1,1,1,1,1,1,0.9286,1,1,1,0.8182,0.875
"locus64",1,1,1,1,0.6875,1,1,0.5625,1,1,1,1,1,1,1,1,1,1,1,1,0.7857,0.9545,1,1,0.85,0.4
"locus65",0.6875,0.4167,0.8125,0.5625,0.5,0.6429,1,0.6667,0.8636,0.7,0.75,0.5714,0.25,0.5,0.8333,1,0.7857,0.75,0.8571,0.75,0.75,0.2857,0.5714,0.7857,1,0.6111
"locus66",0.0455,0,0.05,0,0,0.125,0,0,0.0455,0.0625,0,0,0,0,0.0417,0,0.0556,0,0.2857,0.0556,0,0,0,0.05,0.0455,0
"locus67",0.9545,0.5,0.8333,0.9091,1,0.6111,1,0.9167,0.6818,0.8571,0.6818,0.6875,0.85,0.75,0.65,0.9545,1,1,0.5714,0.6875,0.7143,1,0.85,0.8889,0.9,0.8182
"locus68",0.9583,1,0.75,1,1,1,1,0.9375,0.8636,1,1,1,1,1,1,0.9545,1,0.8333,0.9375,0.9444,1,1,1,1,1,0.9583
"locus69",0.9583,0.875,0.95,0.8182,1,0.9583,1,1,0.9545,1,1,1,1,1,0.875,1,0.9375,0.6667,1,0.8889,1,1,1,0.95,0.9545,0.9583
"locus70",0.5556,0.8125,0.9,0.6875,0.8333,0.7,1,0.8889,0.75,0.8125,0.9545,0.8571,1,0.8571,0.7083,0.7727,0.875,0.6667,0.9286,0.8889,0.8333,0.95,0.6667,0.7,0.7273,0.85
"locus71",0.875,0.5833,1,1,0.25,0.5,0.1,0.5,0.85,0.75,0.1667,0.7857,0.1111,0.8333,1,0.0455,0.8889,1,0.9375,0.7857,1,0.9545,0.9,0.9444,0.95,0.75
"locus72",0.9583,0.9286,0.95,1,0.9444,0.7917,1,0.9444,1,1,0.8636,1,0.65,1,0.9167,1,0.9444,1,0.8571,1,1,1,1,0.95,0.9545,0.875
"locus73",0.9583,0.8125,1,1,0.8571,0.7917,1,1,1,0.8125,0.75,1,0.7143,0.9375,1,0.9545,1,0.8333,1,0.9444,0.8571,1,0.95,0.95,1,0.9583
"locus74",0,0.125,0.15,0,0,0.0417,0,0.0556,0.1429,0,0.0455,0.0625,0.05,0.3125,0.125,0,0,0,0.375,0.1667,0,0.0455,0.05,0,0.0455,0.125
"locus75",0.9583,1,0.85,1,1,1,1,1,0.9545,1,0.9545,0.9375,0.9,0.8125,0.875,1,1,0.8333,1,1,0.9286,1,1,1,0.9545,1
"locus76",0.9286,0.9375,0.75,0.9167,1,0.9167,NA,0.8333,0.65,0.9375,0.95,0.9375,1,0.4,0.7,0.5,1,1,0.6667,0.5,0.875,0.8,0.8333,0.7143,1,0.9583
"locus77",1,1,1,0.9091,1,1,1,1,1,1,1,1,1,0.9375,1,1,1,1,1,1,1,0.5,1,1,1,1
"locus78",1,0.9375,1,0.9545,0.8889,1,1,1,0.95,1,0.9545,1,0.95,1,0.9545,1,1,1,1,1,0.9286,1,1,0.95,0.9545,1
"locus79",1,0.3125,0.8125,0.4286,0.0714,0.1667,1,0.4444,0.9444,0.7143,0.1818,0.5,0,0.7143,0.9375,1,1,0.75,0.75,0.9,0.1667,0.5,0,0.9375,0.5,0.3333
"locus80",1,1,1,1,0.8889,0.9583,1,0.8889,0.8636,1,1,1,1,1,1,1,1,1,0.9375,0.75,1,0.9545,1,1,0.8636,0.8182
"locus81",1,0.875,1,0.9545,0.9444,1,1,1,0.9545,0.9375,1,1,1,1,0.9583,0.6364,0.9444,1,0.9375,1,0.9286,1,0.85,1,0.9545,1
"locus82",1,1,0.9,1,1,1,1,0.9444,0.9545,1,1,0.9375,1,0.875,0.875,1,1,1,1,1,0.9286,1,1,0.95,1,0.9167
"locus83",0,0,0,0,0.6667,0.1111,0,0.5833,0.0455,0,0,0.1,0,0,0.0833,0,0,0.1667,0.0625,0,0.125,0.0455,0.05,0,0.2,0.5833
"locus84",0.3125,0.1667,0.4375,0.5,0.2,0.1667,0.2,0.0833,0.4375,0.2,0.15,0.625,0,0.0833,0.3889,0.125,0.1,0.25,0.3333,0.5,0.5,0.1,0.4,0.2857,0,0.1875
"locus85",0.2727,0.5,0.0556,0.25,0.625,0.2143,0,0.4167,0.15,0,0.7857,0,0.5,0.25,0.2083,0,0.0625,0,0.2,0.25,0.1667,0.0455,0.1,0.3333,0.25,0.6
"locus86",1,0.8125,0.75,0.9545,1,0.7917,1,0.9444,0.8636,0.9375,0.5556,0.875,0.5625,0.875,0.9583,1,1,1,0.9375,0.8889,0.8571,0.5,1,1,0.9545,0.8333
"locus87",0.9167,0.9375,0.95,1,1,1,1,1,1,1,0.9545,0.8125,1,1,1,1,1,1,1,1,0.9286,0.9545,0.9444,1,1,0.9583
"locus88",0.7273,0.6667,0.5,0.8182,0.6667,0.6111,1,0.625,0.7,0.1667,0.6,0.6429,0.4375,0.9286,0.625,0.8182,0.5714,0.6667,0.8125,0.75,0.625,0.9545,0.75,0.5625,0.7222,0.75
"locus89",0.9,0.75,0.8333,0.625,0.5,0.5625,1,0.7857,0.95,0.625,0.375,1,0.3125,0.875,0.9091,0.9545,0.9286,NA,0.8125,0.875,0.6667,0.9444,0.6875,0.8333,0.5556,0.4286
"locus90",0.5,0.75,0.6,0.6111,0.875,0.7917,0.375,0.7778,0.7273,0.9375,0.7727,0.7143,0.95,0.75,0.5,0.5,0.3571,0.5,0.625,0.6111,0.7857,0.95,0.5,0.5714,0.65,0.8
"locus91",1,0.875,1,1,1,0.9583,1,0.9286,0.9091,1,1,0.9375,0.95,0.875,0.9583,1,1,0.8333,0.8125,0.9444,1,0.9545,0.9,0.95,1,0.8333
"locus92",1,1,0.95,0.9545,0.4286,0.7917,1,0.5556,0.9545,1,1,0.8333,1,0.9375,0.9583,1,1,1,0.875,0.9444,0.7,0.9545,0.9,0.85,0.7,0.55
"locus93",0.3,0.5,0.0833,0.2857,0.4167,0.7,0,0.2143,0.2143,0,0.6429,0.375,0.8333,0.0714,0.05,0,0.0625,0,0.0714,0.1875,0.1,0.0909,0.25,0.2778,0.25,0.5
"locus94",0.875,1,0.625,0.9,0.9444,1,0.625,1,0.8571,1,0.9091,1,1,0.875,1,0.9,0.8889,0.5,1,0.9444,1,0.9545,1,0.9,0.9444,0.9545
"locus95",0.5417,0.9286,0.625,0.5,1,0.875,0.2,0.8571,0.6,0.6,0.9,0.8333,0.95,0.6875,0.7778,0.15,0.6875,1,0.5714,0.5,0.6667,0.6875,0.5714,0.95,0.5833,0.75
"locus96",0.8,0.8,0.6667,0.9444,0.625,0.7273,1,0.6875,1,0.5833,0.5,0.8333,0.5556,0.8571,0.9,0.9545,0.8571,0.5,0.9,0.7857,0.8,0.7778,0.85,0.6875,1,0.9167
"locus97",0.85,0.9286,1,0.8,0.9444,0.9545,1,0.9444,0.9545,0.875,0.95,1,0.85,0.9375,1,1,0.75,1,0.9375,0.9444,1,0.8182,0.7778,0.85,0.6,0.9583
"locus98",0.6667,0.75,0.8,0.8636,1,0.8333,1,0.8889,0.75,0.8571,1,0.9286,1,0.75,0.6667,1,0.8333,0.6667,0.75,0.8333,0.75,0.9091,0.7222,0.8,0.8,0.9583
"locus99",1,0.9286,0.95,0.9545,0.875,0.75,1,0.8125,1,1,0.8636,0.75,0.875,0.875,1,1,1,1,0.9375,1,0.5,1,0.95,1,0.9,1
"locus100",0.6667,1,1,0.8889,1,1,0.1667,1,0.9091,0.6667,0.9444,0.9375,0.9444,0.8125,0.9583,0.5625,0.5,1,0.8125,1,0.8571,0.9091,0.9375,0.85,1,1
"locus101",0,0,0.05,0,0,0,0,0,0.0909,0.0625,0.1818,0,0,0.0625,0.1667,0.0455,0,0,0.0625,0,0.1429,0,0,0,0,0
"locus102",1,1,1,0.9091,0.9375,0.8333,1,1,0.9091,0.9375,1,1,0.8333,0.9286,0.9583,1,1,1,1,1,0.9286,1,1,1,1,1
"locus103",1,0.75,0.9,0.6,1,1,1,1,1,1,1,1,0.95,1,0.9545,1,1,1,0.9375,0.9444,0.7143,1,0.95,0.95,0.9545,0.9167
"locus104",0.0833,0,0.1,0,0.0556,0.0833,0,0.1111,0.0909,0,0,0.0625,0.05,0,0.125,0,0.0556,0.1667,0,0.3333,0.1429,0,0,0,0.0455,0
"locus105",0.6667,1,1,0.9091,1,1,1,1,1,1,1,1,1,1,1,1,0.6429,1,0.9375,1,1,1,0.7778,0.9,0.9,1
"locus106",1,0.9375,0.95,0.9545,0.9444,0.8182,1,0.8889,1,1,1,0.9375,1,1,0.9167,0.9545,0.9444,0.6667,0.8125,1,0.8571,1,0.95,1,0.8636,0.9583
"locus107",1,0.9375,1,0.9545,1,0.9167,1,1,0.9545,0.8125,1,1,1,1,1,1,0.9444,1,0.9375,1,1,0.75,1,1,1,1
"locus108",0.7,1,0.95,0.8333,1,1,0.75,0.9444,0.9,0.9,0.9545,0.9375,1,0.9375,0.9167,0.8333,1,0.8333,0.9286,0.7778,0.9286,1,0.8125,0.95,0.9545,1
"locus109",0.9091,0.6667,0.8,0.8,0.75,0.75,1,0.75,0.6364,0.9167,0.5,0.9,0.5714,0.9286,0.7727,0.625,0.7222,0.3333,0.8125,0.75,0.5833,1,0.9375,0.65,0.9286,0.875
"locus110",0,0,0.05,0.2727,0,0.0833,0,0,0,0,0.0455,0,0,0.125,0.0833,0,0,0.1667,0,0.1875,0,0,0,0.1,0,0
"locus111",0.9167,0.9375,1,0.9545,1,1,1,0.8333,1,1,1,0.8125,1,1,0.7273,1,1,1,1,1,0.5714,1,1,1,0.7778,0.95
"locus112",1,1,0.95,0.9091,1,0.9583,1,1,1,0.875,1,1,1,0.875,1,1,0.9444,1,1,1,0.9286,1,0.75,1,1,1
"locus113",0.9583,1,0.9,0.6364,1,1,0.7,1,1,1,0.9091,1,0.95,0.9375,0.875,0.5,0.6667,1,1,0.8571,0.9286,1,0.9167,1,0.8636,1
"locus114",0.125,0,0.05,0.1818,0.2143,0.3636,0,0.0556,0,0.1875,0.2778,0.0625,0.3333,0.125,0.1667,0,0,0,0.0625,0.1875,0,0.2,0.15,0.0625,0.1818,0.125
"locus115",0.4444,0.3571,0.75,0.9444,0.5,0.6429,0,1,0.5556,0.1667,0.2222,0.75,0.25,0.5714,0.7143,0.1667,0.7222,NA,0.5833,0.3333,0.8333,0.3889,0.9375,0.9375,0.5714,0.875
"locus116",0.0909,0.5,0.05,0.0909,0.5,0.45,0.1,0.5,0,0,0.5455,0,0.4375,0.0625,0,0.0455,0,0.1667,0.0625,0,0.0833,0,0.1111,0.05,0.2143,0.5
"locus117",0.3125,0.3125,0.5,0.4545,0.2,0.3,0.5,0.3333,0.375,0.25,0.25,0.4286,0.2778,0.4286,0.4167,0.5,0,0.3333,0.5,0.5,0.25,0.2222,0.55,0.4444,0.5,0.45
"locus118",0.8333,1,1,0.8125,1,0.9545,1,1,0.9545,1,0.9545,1,0.9,1,1,0.9091,0.9444,1,1,1,1,0.9545,0.9,0.9,1,1
"locus119",0.9167,1,0.95,1,1,1,1,0.9444,1,1,1,0.9375,1,1,0.9583,1,0.8889,0.8333,1,1,0.9286,0.9545,0.95,0.95,1,1
"locus120",1,0.75,1,1,1,0.75,1,1,0.9545,1,0.8125,1,0.8333,0.9375,0.9583,1,1,1,1,1,1,0.6875,1,1,1,1
"locus121",0.4444,0.7143,0.9286,0.6875,0.8,0.7727,0.75,0.9167,0.6,0.3333,0.8571,0.5,0.8333,0.3571,0.9286,0.75,0.2778,0.6667,0.8,0.8333,0.8,0.125,0.3125,0.8889,0.6667,0.7917
"locus122",1,1,1,0.9091,0.9444,0.9167,1,0.9444,0.8636,1,0.8182,1,0.9444,0.9375,0.9583,1,1,1,1,1,1,1,0.95,0.95,1,0.9583
"locus123",1,1,1,1,0.9286,0.8636,1,0.9444,0.8636,0.875,0.9,0.8125,0.7,1,0.8636,0.9545,1,0.75,0.9286,0.8889,0.8571,1,0.9,0.9,0.9545,0.8333
"locus124",0.9167,0.875,0.6,0.8125,0.9444,0.875,0.6,1,0.9,1,0.6,0.7857,0.9,1,0.7273,0.9545,0.9375,1,0.625,0.8889,1,0.6818,0.85,0.95,0.9091,1
"locus125",0.9167,0.8571,1,0.8,0.9,0.625,1,0.8,0.7727,0.8571,0.7778,1,0.75,1,0.625,1,0.9444,0.75,0.8571,1,0.8,0.95,0.7857,0.85,0.9091,0.7727
"locus126",0.5,0.5,0.5,0.4375,0.25,0.375,0.4,0.5625,0.45,0.375,0.3571,0.4286,0.25,0.4375,0.4167,0.5455,0.1667,0.3333,0.5714,0.5625,0.6667,0.5,0.45,0.5,0.4,0.7083
"locus127",0.875,1,1,1,1,1,0.9,1,1,0.8125,0.9545,0.9375,1,1,1,1,0.8333,1,1,0.9444,0.8571,1,0.95,1,1,1
"locus128",0.7222,0.8,0.7,0.75,1,0.9583,0.5,0.75,0.7143,0.3333,0.8182,0.9286,1,0.75,0.5,0.2143,0.7143,0.5,0.5714,0.625,0.75,0.8571,0.8333,1,0.7857,0.8125
"locus129",1,0.9375,0.95,1,1,0.9167,1,0.7222,1,1,0.9545,0.8125,1,1,0.9167,1,1,1,1,1,0.9286,1,0.75,0.8,0.9091,0.9583
"locus130",0.9583,1,1,1,1,1,1,1,1,1,1,1,1,1,1,1,0.7778,0.8333,0.9375,1,1,1,0.95,1,0.8182,1
"locus131",0,0.0833,0.2,0,0.2222,0.2778,0,0.5625,0.0625,0,0.0714,0.25,0,0.2,0.05,0,0,0,0.3125,0.1111,0.25,0.2778,0.1111,0.0556,0.5556,0.6111
"locus132",0.8636,0.5625,0.95,0.8889,0.8333,0.4091,0,1,0.8636,0.6,0.1818,0.9375,0.3333,0.9167,0.9583,0.1,0.375,1,0.875,0.4167,1,0.75,0.625,1,0.9545,0.9583
"locus133",1,1,0.75,1,1,1,1,0.9444,0.8333,1,1,1,1,0.9375,0.8889,1,1,1,0.9286,1,1,1,1,0.9,0.9,0.9167
"locus134",0.4167,0.25,0.35,0.2727,0,0,0.7,0.1111,0.5909,0.0625,0,0.5,0.1,0.375,0.2273,0.7,0.3889,0.3333,0.1875,0.5625,0,0.1818,0.55,0.0556,0.25,0
"locus135",0.2273,0.5,0.1875,0.25,0.4167,0.4,0.5,0.4444,0.4545,0.5833,0.5455,0.4286,0.4375,0.5,0.25,0.2727,0.3889,0,0.4286,0.375,0.3,0.0455,0.3,0.3333,0.3,0.5455
"locus136",0.8333,1,1,1,1,1,1,1,1,1,0.9545,1,1,1,1,1,1,1,1,1,1,0.6667,1,1,1,1
"locus137",1,0.8125,1,0.9545,0.8889,0.7727,1,1,1,1,0.6875,1,0.95,0.875,0.9583,1,1,1,1,1,1,1,1,1,0.7727,0.75
"locus138",0.1111,0.0833,0.5833,0,0.1667,0.1818,0.5,0.2,0.4444,0.125,0.5,0,0.2222,0.5714,0.4,0.4545,0.2143,0.3333,0.5,0.375,0.625,0.5,0.25,0.4375,0.25,0.0833
"locus139",1,0.9375,1,0.8636,0.9,0.9444,1,0.8889,1,1,0.8333,1,0.75,0.9375,0.9583,1,1,1,0.9375,0.8889,1,1,0.95,0.85,0.8,0.8333
"locus140",0,0,0.05,0,0,0.0417,0,0.2222,0,0,0.05,0,0.0556,0,0.0417,0,0,0,0.0625,0,0.0714,0,0,0,0,0.0417
"locus141",0.0833,0,0.5,0.0455,0,0,0,0.0556,0.55,0,0.0455,0,0,0.1667,0.0417,0,0,0.1667,0.0714,0.125,0,0,0,0,0.0455,0
"locus142",1,0.9375,1,0.9545,0.9444,1,1,0.8889,0.85,1,0.9545,1,1,1,1,0.5455,0.9444,1,0.9375,0.75,1,1,1,1,0.9545,0.75
"locus143",1,0.8125,0.8125,0.9545,1,1,1,1,0.8636,1,1,1,1,1,0.8,1,1,1,0.5833,0.9444,1,1,1,0.9,1,1
"locus144",0.6667,0.8125,1,0.7143,1,0.9583,1,0.8571,0.875,1,1,0.8333,1,1,0.95,0.9545,0.8889,1,0.75,1,1,1,1,0.9167,0.8636,0.75
"locus145",0.9545,0.9375,0.9,1,1,1,1,1,0.9545,1,1,1,1,1,0.9167,1,0.9444,0.6667,1,1,1,0.7222,1,1,1,1
"locus146",0.5,0.75,0.8333,0.95,1,0.9091,0.8333,0.9375,0.6111,0.9286,0.8636,0.9286,1,0.7143,0.6111,0.6,0.3571,0.75,0.8571,0.625,0.9167,0.8,0.5714,0.75,0.7222,1
"locus147",0.9583,0.875,1,1,1,1,1,0.9444,1,0.875,1,1,1,1,1,0.9545,0.7778,1,1,0.8333,1,1,0.95,0.95,0.9545,1
"locus148",1,1,1,1,1,0.75,1,0.875,1,1,1,1,1,1,1,1,1,1,0.9375,1,1,1,1,1,0.8636,0.9091
"locus149",0.9167,1,1,1,0.9444,1,1,0.9444,0.9545,0.875,0.9091,0.9375,0.95,1,1,1,0.9444,0.8333,0.9375,1,1,0.9545,1,1,1,1
"locus150",0.9091,1,1,0.8636,1,0.875,0.9,1,1,0.9375,1,0.9375,1,1,0.875,1,0.9444,1,1,1,0.9286,0.9091,0.875,0.7222,0.9545,1
"locus151",0.6429,0.9375,0.85,0.8125,0.875,0.9545,1,1,0.9091,0.9286,0.9545,0.9375,0.95,0.9286,0.9583,1,0.8333,1,1,1,1,1,0.9,0.8,0.9545,0.9583
"locus152",0.9583,1,1,0.9545,1,0.9167,1,1,1,1,1,0.875,0.9,1,0.9583,1,1,1,1,1,0.9286,1,0.95,1,1,1
"locus153",1,1,0.95,0.9091,1,1,0.625,1,0.9091,1,0.9545,1,1,1,0.875,0.65,0.8333,1,0.875,1,1,0.9091,0.85,0.85,0.9545,1
"locus154",0.9091,1,1,0.8,1,1,1,1,1,1,1,0.9375,1,0.9375,1,1,1,1,1,1,1,0.9091,0.6875,1,0.9091,1
"locus155",0,0.1429,0,0,0,0.2917,NA,0.0556,0.0455,0.1429,0.0455,0,0,0,0,0.3333,0,0,0,0,0,0.0455,0,0,0.1818,0.125
"locus156",0.9583,0.9375,1,0.8636,1,1,1,0.8333,0.95,0.8125,1,1,1,1,1,1,0.875,1,1,0.9444,1,1,1,0.95,1,0.9545
"locus157",1,0.875,0.95,1,0.9444,1,1,0.9375,0.9091,1,0.9545,1,0.95,1,0.9167,1,1,1,1,0.9444,0.9286,0.9545,0.95,0.95,1,0.9167
"locus158",0.7273,0.3333,0.3889,0.3889,0.1429,0.1667,1,0.1429,0.3571,0.8333,0.25,0.4375,0.0833,0.5,0.2727,1,0.6667,0,0.4286,0.5625,0,0.5625,0.5625,0.375,0.5,0.3
"locus159",1,0.5,1,0.9545,0.6667,0.6875,0.5,1,1,1,0.1667,1,0.3333,1,0.9583,0.5,1,0.8333,1,1,1,1,1,0.95,0.95,0.8571
"locus160",0.9583,0.875,0.625,1,0.8889,1,1,0.9444,1,1,1,1,1,0.9375,0.875,1,1,1,0.8333,0.9444,1,1,1,0.9,1,0.9167
"locus161",1,0.9375,1,0.8636,0.9444,0.9,NA,1,1,0.875,0.9545,1,0.95,0.875,0.9167,1,1,0.8333,0.9375,1,1,1,1,1,0.9091,0.9167
"locus162",0.55,0.7143,0.25,0.5,0.3333,0.5556,0,0.1667,0.2857,0.6429,0.8571,0.375,0.75,0.3,0.2222,0,0.5,0,0.375,0.25,0.4,0.1,0.3,0.1429,0.2143,0.25
"locus163",1,0.75,1,1,1,0.9167,1,1,0.6667,1,0.9545,1,1,1,0.75,1,0.9444,0.8333,1,0.9444,1,1,1,0.6429,1,1
"locus164",0.9583,1,0.9444,1,1,1,0.6,1,0.95,1,1,1,1,1,0.9583,0.3571,1,1,1,1,1,1,1,0.9444,1,1
"locus165",0.3,0.1667,0.05,0.4375,0.1667,0.2222,0,0.0714,0.1364,0,0.1875,0.1429,0,0,0.1667,0.0455,0.4286,0.5,0.125,0.0714,0,0.375,0.5,0,0.1,0.15
"locus166",0.875,0.875,0.95,1,1,1,1,0.8333,1,1,1,0.9286,1,1,0.9583,1,0.875,1,0.9375,1,1,0.95,0.95,1,0.9545,1
"locus167",0.9167,0.9375,0.9,0.8182,1,0.875,1,1,0.9545,1,0.7857,0.9375,0.8333,1,0.875,0.9545,1,1,1,1,1,0.6818,0.9444,1,0.9091,1
"locus168",0.9583,0.9375,0.8333,1,0.8889,0.9583,0.875,1,0.8636,0.875,0.9545,1,1,1,0.9167,0.95,1,1,1,1,1,1,1,1,1,0.75
"locus169",1,1,1,0.8636,1,1,1,1,0.9,1,1,0.875,1,0.9375,0.9583,1,1,1,0.9375,0.9444,0.9286,0.85,0.7778,1,0.9545,0.9545
"locus170",1,0.75,0.95,0.5909,0.6111,0.875,1,1,0.9091,0.875,0.35,1,0.6667,0.8125,0.9167,1,1,0.8333,1,1,0.7857,1,0.9,1,0.9545,1
"locus171",0.3333,0.5,0.25,0.125,0.6,0.4,0,0.4375,0.3125,0.1429,0.375,0.5,0.3571,0.5714,0.2727,0,0.4286,0,0.125,0.25,0.5,0.05,0.1667,0.2222,0.5,0.5417
"locus172",0.9583,0.9375,0.9,1,1,1,1,1,0.9545,1,1,1,1,0.6875,0.875,1,1,1,0.9286,0.9444,1,1,1,0.7778,1,1
"locus173",0.9583,1,1,0.95,0.9444,0.9583,1,0.9444,0.9091,1,0.9545,1,0.9,0.9375,0.875,1,0.9444,1,0.9375,1,1,0.9091,1,0.85,0.8636,1
"locus174",1,0.9375,1,0.9545,1,0.9091,1,0.9444,1,0.6667,1,1,1,1,0.9545,1,1,1,1,0.9444,1,1,0.9,0.9444,1,0.95
"locus175",0.5417,0.8333,0.7857,0.8,1,1,0.5,0.8125,0.7778,0.8125,0.9091,0.5,1,0.6,0.8333,0.8,0.6111,1,0.6429,0.8125,0.6429,0.5556,0.65,0.6,0.55,0.85
"locus176",0.9583,1,0.85,1,1,1,1,1,0.8182,0.9375,1,1,1,0.9375,0.9583,1,0.7778,0.75,0.9375,0.7778,1,1,1,1,0.8636,0.9583
"locus177",1,0.9375,1,1,0.75,0.625,1,0.7778,0.9545,1,1,0.9375,1,1,1,0.9091,1,1,0.9375,1,1,1,0.95,0.75,0.9545,0.875
"locus178",0.5909,0.3571,0.7,0.6818,0,0.4091,1,0.3125,0.7727,0.7143,0.1364,0.5625,0.05,0.6875,0.6667,0.9545,0.6667,1,0.8125,0.8333,0.8333,0.8636,0.75,0.6667,0.65,0.2727
"locus179",0.75,0.5714,0.6875,0.5833,0.3333,0.3125,0.6,0.5,0.7,0.5833,0.3333,0.7143,0.1875,0.75,0.7917,0.6875,0.7857,1,0.8333,0.7143,0.7143,0.75,0.85,0.5556,0.7778,0.3571
"locus180",1,0.6875,1,1,0.7,0.6111,1,0.5,1,0.875,0.5909,1,0.5,0.9375,0.9167,0.9545,1,1,0.9375,1,0.3333,0.9545,0.9,1,1,0.4
"locus181",0.5,0.1875,0,0.3333,0.25,0.0556,1,0.1875,0.3125,0.5,0.0909,0.25,0,0.5,0.2083,0.875,0.4444,0.25,0.2143,0.2857,0.1667,0.5,0.75,0.15,0.35,0.4167
"locus182",0.8333,1,1,0.9545,1,1,1,1,0.9545,0.875,0.9545,0.9375,1,0.9375,1,0.8182,0.8333,1,1,0.9444,1,0.9,1,1,0.55,0.875
"locus183",0.6818,0.5,0.5,0.4444,0,0.25,0,0.3,0.4444,0.0714,0.1,0.25,0.05,0.5,0.25,0.2222,0.2143,0.5,0.5,0.1875,0.5,0.5,0.5,0.6875,0.5625,0.2143
"locus184",0.3333,0.5,0.45,0.3571,1,0.7273,0.6667,0.8333,0.5,0.5,0.75,0.6429,0.95,0.5,0.45,0.9545,0.4375,0.5,0.4286,0.2143,0.75,0.2,0.375,0.5,0.1,1
"locus185",0.9583,0.9375,1,0.8182,1,0.9583,1,0.9444,1,1,1,1,1,0.8125,1,0.9091,0.8333,1,0.875,1,1,1,0.95,1,1,0.9545
"locus186",0.9167,1,0.9444,0.9091,0.9444,1,1,0.8889,0.9091,1,1,1,1,0.9375,0.875,1,1,1,0.75,1,1,0.9545,1,1,1,0.9583
"locus187",0.95,0.9375,1,0.9545,0.9444,1,1,1,1,0.9375,0.9545,0.9375,1,1,1,1,0.8125,0.8333,0.9286,0.8889,1,0.8889,1,1,0.75,1
"locus188",0.9545,0.9375,0.5,0.9545,1,1,1,0.75,0.4444,0.9375,0.9091,0.8,1,0.5625,0.5417,0.9545,1,0.75,0.5625,0.7778,0.75,1,0.95,0.5,0.9545,0.9583
"locus189",0.9583,0.7857,1,1,0.9444,0.9091,1,1,0.9545,0.6875,0.7143,0.875,0.9,1,0.9167,1,0.9444,1,1,0.875,1,0.9545,0.95,0.95,1,1
"locus190",0.9583,1,0.95,1,0.8333,1,1,1,1,0.9375,0.95,1,1,0.75,1,1,1,1,1,0.9444,1,1,1,1,1,1
"locus191",0.625,0.625,0.45,0.75,0.5,0.65,0.9,0.1875,0.35,0.5,0.6667,0.3571,0.3889,0.3571,0.2727,1,0.5625,0.1667,0.3571,0.4375,0.5,0.7727,0.8889,0.5556,0.4375,0.3333
"locus192",0.75,1,1,0.9545,1,1,1,1,1,1,0.9545,1,1,0.9375,1,1,0.75,1,1,1,1,0.9545,0.8,1,1,1
"locus193",0.4,0.875,1,0.75,1,0.875,0.9,1,1,1,0.9545,1,1,0.9375,0.875,1,1,1,0.9286,0.9444,1,0.15,0.5625,0.9,0.8571,1
"locus194",0.8182,0.8125,0.95,0.7778,0.8333,0.9091,1,0.9444,1,0.875,0.8636,1,0.9,1,0.9583,0.9545,1,1,1,1,0.8571,1,0.8,0.9375,1,0.875
"locus195",0.9583,1,0.85,1,0.9444,1,0.7,1,0.9545,0.9375,0.9545,0.9375,0.95,0.9375,0.9167,1,1,1,0.8125,0.9444,1,1,1,0.9,1,1
"locus196",0.8333,0.9375,0.95,0.9091,0.875,0.875,0.6,1,0.85,1,1,1,1,0.875,0.9583,0.6111,0.8333,1,1,0.9375,1,0.9545,0.95,0.95,0.8636,1
"locus197",0.2,0.5833,0.7857,0.2,0.75,0.5,1,0.8333,0.75,0.5,0.55,0.5833,0.6875,0.6,0.75,0.6875,0.5,0.6667,0.8125,0.6875,1,0.5556,0.5556,0.6111,0.2143,0.6
"locus198",1,0.9375,0.9,0.9545,0.9444,0.9583,1,1,0.9545,1,1,0.9375,0.95,1,1,1,1,0.8333,1,1,1,1,1,1,0.8636,0.7917
"locus199",1,1,1,1,1,1,NA,0.8889,1,0.625,1,1,1,1,0.9545,1,1,1,0.9375,0.8333,1,1,1,1,1,1
"locus200",0.5,0.5625,0.4,0.6364,0.5556,0.5,0.8,0.6667,0.5,0.4375,0.65,0.6429,0.5,0.5714,0.4583,0.8182,0.6111,0.3333,0.4286,0.5556,0.5,0.7,0.7222,0.5,0.5,0.4167
"locus201",0.7,0.5,0.5556,0.6667,0.5,0.6818,1,0.6875,0.6667,0.5,0.8125,0.8,0.8333,0.6875,0.6,0.75,0.8333,0.6667,0.4,0.6667,0.5,0.9545,0.6667,0.7778,0.8,0.6111
"locus202",0.6818,0.9375,1,0.5909,1,0.7273,0.9,0.9444,0.8636,0.9375,0.8182,0.875,0.8,0.875,0.9167,0.8,0.5556,0.8333,0.875,0.6875,1,0.3182,0.7,0.9444,0.8636,1
"locus203",0.9583,0.9375,1,1,1,1,0.6667,0.8889,1,0.875,1,0.9375,1,1,1,1,0.8125,1,1,1,1,1,0.95,0.95,1,1
"locus204",0.6667,0.2857,0.4375,0.5,0,0.3333,0.4,0.2143,0,0.3125,0.7,0.1667,0.5,0.25,0.4375,0.4545,0.6875,0.5,0.3,0.2222,0,0.55,0.1111,0.0714,0.4,0
"locus205",0.7,1,0.8125,0.9375,1,1,1,0.9444,0.6875,1,1,1,0.9,0.8125,0.875,0.9545,1,0.75,0.8333,0.8333,1,0.6875,0.7857,0.9375,0.75,1
"locus206",0,0,0.15,0,0,0.1667,0,0,0.0909,0,0.0455,0.0625,0,0.1875,0.1667,0,0,0.1667,0,0,0,0,0,0.05,0.0455,0
"locus207",0.75,0.9375,0.95,0.6667,1,0.8636,0.125,0.8125,0.85,0.5714,0.8636,0.9,1,0.7857,0.9545,0.1,0.3571,NA,0.9286,0.6667,0.9286,0.9091,0.8,0.9167,0.9,0.9167
"locus208",0.9545,0.875,0.9,0.5,0.9444,0.9167,1,1,0.9545,0.875,0.9545,1,1,0.9375,1,0.9545,1,0.6667,0.875,1,1,0.6429,1,0.85,0.9545,1
"locus209",0.0909,0.0714,0,0,0,0.2222,0,0.0625,0,0.1429,0.0556,0.0625,0.1875,0.125,0.125,0.1111,0,0,0,0,0,0.0455,0.05,0.05,0.0556,0
"locus210",0.2222,0.3125,0.5556,0.4444,0.1667,0.4,0.375,0.1667,0.3333,0.375,0.4375,0.1,0,0.5,0.4545,0.3636,0.3571,0,0.3333,0.5,0.1667,0.5,0.25,0.3125,0,0.2
"locus211",1,0.9375,0.85,1,0.8,0.875,1,1,1,1,0.2857,1,0.6429,1,0.9167,1,1,1,0.9375,1,0.9286,1,1,0.95,1,0.875
"locus212",0.55,0.8333,0.25,0.65,0.5,0.65,0.625,0.4,0.5,0.7143,0.5,0.4286,0.4167,0.3125,0.375,0.7,0.625,0.5,0.5,0.5625,0.5833,0.5,0.625,0.4167,0.55,0.6
"locus213",1,1,0.9,1,1,1,0.375,1,0.9545,1,1,1,0.95,1,1,0.5,0.9444,1,1,0.9444,1,1,1,1,1,1
"locus214",0.9583,0.9375,0.9444,1,1,1,1,1,0.9545,0.9375,0.9545,0.9375,1,1,0.9167,0.9545,1,0.8333,0.9375,1,1,1,0.9,1,0.9545,1
"locus215",0.75,0.875,0.9444,0.8182,0.8889,1,1,0.8125,1,0.875,1,1,1,0.9375,0.9167,1,0.5,0.8333,1,1,1,0.7778,0.7778,1,0.8636,0.9583
"locus216",0.9583,1,0.9,0.9545,0.9444,1,1,1,1,0.875,1,0.9375,0.9,0.875,1,1,1,1,1,1,1,1,0.9,1,0.6818,1
"locus217",0.9167,0.6875,0.9444,0.9545,0.6667,0.8333,1,0.7222,0.95,1,0.8182,0.6429,0.7,0.625,0.9167,1,0.8125,1,0.875,0.8333,0.9286,1,0.9,0.9286,0.5455,0.7727
"locus218",0.9091,0.9375,0.8,0.9091,1,0.9091,1,1,0.95,0.875,0.8889,0.875,0.95,0.875,0.9167,0.8182,0.7222,0.75,0.875,1,1,0.8889,0.9444,0.95,0.9091,1
"locus219",1,0.9375,1,1,0.875,1,1,0.6429,0.95,1,0.7222,1,0.875,1,0.9583,0.9,1,0.8333,0.9375,1,0.8333,1,1,0.95,1,0.5455
"locus220",1,1,0.95,0.9091,0.8889,0.5,1,0.5,1,1,1,0.6429,1,1,0.9091,1,1,0.8333,0.8571,0.9444,0.9167,0.8636,1,0.95,0.7273,0.35
"locus221",0.2083,0,0,0,0.0556,0.0833,0.5,0,0.1364,0,0,0,0,0.375,0.0833,0.1111,0,0.1667,0.0625,0.1875,0,0,0.0556,0.05,0,0
"locus222",1,0.9375,0.95,1,1,1,1,1,0.8182,1,1,1,1,0.9375,0.8333,1,0.9444,1,1,1,0.9286,1,1,0.85,1,1
"locus223",0.9167,0.75,0.85,0.9091,0.9444,0.9091,1,1,0.8182,0.625,0.9545,0.9375,0.95,1,0.9545,1,0.9444,0.8333,0.625,0.8333,0.9286,0.9091,0.8889,0.9444,0.95,0.875
"locus224",0.6667,0.5,0.65,0.6667,0.625,0.7727,0.875,0.6429,0.55,0.8333,0.6111,0.7857,0.6667,0.7857,0.6818,0.6,0.625,0.6667,0.7143,0.7222,0.6667,0.5909,0.55,0.6667,0.5909,0.625
"locus225",0.0833,0.1429,0.1111,0.0455,0.1667,0.4167,0,0.1429,0.2273,0,0,0,0,0.125,0.2083,0,0,0,0.125,0.1111,0.1,0,0.1,0.05,0.0909,0.15
"locus226",0,0.2143,0.2857,0,0.2857,0.1875,0,0.3571,0,0,0.0455,0.1429,0,0.2143,0.1667,0.0455,0,0,0.1667,0,0.125,0,0.05,0.25,0.1667,0.7222
"locus227",0.0833,0.4167,0.5,0.2,0.3333,0.4167,0.1,0.0556,0.35,0.5625,0.5,0.2857,0.625,0.3571,0.4091,0.2727,0.2222,0.5,0.4167,0,0,0.55,0.25,0.4444,0.15,0.1667
"locus228",0.8333,0.8571,0.7778,0.8636,0.6875,0.75,0.8,0.875,1,0.7857,0.7727,0.9,0.8,0.9167,0.8333,1,1,1,0.8571,0.6875,0.75,1,0.7778,0.8571,0.85,0.7917
"locus229",0.9583,1,0.95,1,1,1,0.8,1,0.9091,0.9286,0.95,1,1,1,0.9583,0.6,0.9444,1,1,1,1,1,0.95,0.95,1,1
"locus230",0.9167,0.9286,0.8889,0.75,0.8889,0.875,1,0.8125,0.9091,0.9375,1,0.75,0.95,0.7857,0.875,1,0.8889,0.8333,0.8571,0.9444,0.9286,0.8333,0.8889,0.5556,0.9545,0.7917
"locus231",0.5,0.7857,0.6111,0.6111,0.625,0.7083,0.8,0.6429,0.4091,0.5833,0.5455,0.4286,0.5625,0.5833,0.5,0.5,0.5,0.5,0.5625,0.5,0.5,0.4091,0.3889,0.6,0.75,0.5
"locus232",0.9091,0.9375,0.9,1,0.9375,0.9167,1,0.875,1,1,0.7727,1,0.95,1,1,0.9545,0.9444,1,0.9375,1,1,0.9091,0.9,1,0.9,0.9167
"locus233",0.9167,0.8125,0.8333,0.75,1,0.9167,1,1,0.9545,0.6875,1,1,1,0.8333,0.9091,1,0.9375,1,1,0.9375,0.8571,0.9545,0.8571,0.8333,0.95,0.95
"locus234",0.9583,1,0.95,0.9545,1,0.8182,1,1,0.9545,1,0.9091,0.875,1,1,0.9167,1,1,1,0.9375,1,0.9286,1,1,0.9,0.9091,1
"locus235",0.15,0.3571,0,0.4,0.1111,0.3182,0,0.2222,0,0.375,0.1364,0,0,0,0.0833,0,0,0,0.0625,0,0.0833,0.0909,0.4286,0.15,0.05,0.3333
"locus236",0.8182,0.9375,1,0.95,1,0.9583,1,0.7778,0.8636,1,0.8636,1,0.95,1,1,1,0.8333,0.8333,1,1,1,0.9091,1,0.95,0.8636,0.8
"locus237",0.9583,0.9375,0.6875,0.9545,1,1,1,0.875,0.5833,0.9375,0.7727,1,0.95,0.875,1,1,1,1,0.9,0.875,1,1,0.95,0.7857,0.9091,1
"locus238",1,1,0.85,1,1,1,1,1,0.7727,1,1,1,1,0.875,0.8636,1,1,1,1,1,1,1,1,1,1,0.9583
"locus239",0.8333,0.9375,0.7778,1,1,0.9583,1,1,0.95,1,1,0.75,1,0.5714,0.9091,1,0.9444,0.8333,0.875,0.875,0.9286,0.9545,1,0.75,0.9545,1
"locus240",0.9167,0.9375,0.8125,0.9091,0.8889,0.9167,1,0.9444,0.8182,1,1,0.875,1,0.8125,0.9,1,0.9444,1,0.8571,0.9444,1,1,0.85,0.7222,1,0.9583
"locus241",0.9545,1,0.95,1,0.8571,0.875,1,0.8889,0.9545,1,0.9545,0.8571,1,0.9375,0.9583,1,0.9444,1,0.7857,0.8889,0.7857,0.9,1,0.9,0.9545,0.5714
"locus242",0.9583,0.9375,1,1,0.9444,1,1,0.8333,1,0.9375,1,1,0.9444,1,1,1,1,1,1,1,1,0.9545,0.95,1,1,0.9583
"locus243",1,0.7857,1,1,0.9444,0.8636,1,1,1,1,0.7857,1,0.8571,1,1,1,1,1,1,1,1,1,1,1,0.9545,1
"locus244",0.9167,0.5625,0.8125,0.875,0.0556,0.4,1,0.25,0.8889,0.75,0.1818,0.6875,0.05,0.625,0.6429,0.9545,1,1,0.75,0.9286,0.5833,0.9545,0.9375,0.4375,0.8333,0.15
"locus245",0,0,0.25,0,0,0,0,0,0.25,0,0,0,0,0,0.125,0,0,0,0,0.1111,0.0714,0,0,0.05,0,0
"locus246",0.4091,0.3333,0.45,0.4545,0.375,0.1667,0.4,0.5,0.3636,0.5714,0.15,0.5,0.05,0.4167,0.5,0.3333,0.3889,0.5,0.4167,0.5,0.3,0.5,0.45,0.3333,0.4,0.4583
"locus247",0.9583,0.9375,0.9,0.85,0.9444,0.9583,1,1,0.9545,1,0.9545,0.8125,1,0.8125,0.9091,1,1,1,0.9286,1,0.9286,1,0.9444,0.9444,1,1
"locus248",1,1,1,1,1,1,1,1,1,1,0.8,1,0.6667,1,1,1,1,1,1,0.9444,0.8571,1,1,1,1,1
"locus249",0.8333,0.8571,1,1,1,1,1,1,1,0.8125,0.9545,1,1,0.8125,0.875,1,1,1,1,0.9444,0.9286,0.75,1,0.95,0.9545,1
"locus250",0.125,0.6429,0.3333,0.75,1,0.75,0.3,0.6875,0,0.75,0.7,0.6,1,0.1875,0.5,0.4167,0.1667,0.5,0.5,0.2143,0.6667,0.5455,0.6,0.6111,0.5625,0.7778
"locus251",0.3,0.2,0.3889,0.3889,0.3333,0.2222,0,0.3125,0.1111,0.1667,0.2,0.25,0,0,0.35,0.0455,0.125,0.75,0.3571,0.2857,NA,0,0.0833,0.25,0.5,0.3
"locus252",1,0.9375,1,1,1,1,1,0.9444,1,0.9375,0.9545,0.9375,1,1,1,1,0.9444,1,1,1,0.8571,1,1,0.9444,0.9091,0.9545
"locus253",0.9545,0.9286,0.6875,0.7727,0.9,0.875,0.5,0.9375,0.9286,0.9167,0.5,0.9375,0.75,0.75,0.7727,0.6,0.8333,0.5,0.875,0.7857,0.8571,1,1,0.8,0.9545,0.9091
"locus254",0.9583,0.7857,1,0.7222,1,0.9545,0.9,0.9444,1,0.8125,0.9545,1,1,0.875,0.9583,1,0.8889,1,0.8125,0.9444,0.7857,0.9,0.7778,1,0.9,1
"locus255",0.9167,0.6429,0.8,0.45,0.7778,0.4091,1,0.2857,0.75,0.9286,0.8636,0.6429,0.7778,0.9375,0.4545,0.8636,1,1,0.7143,0.9375,0.1,0.8636,0.85,0.4444,0.9091,0.5
"locus256",1,1,0.95,0.8636,0.9444,0.9167,1,1,0.9091,1,1,0.9375,0.9,1,1,1,0.9444,1,1,1,1,1,1,1,1,1
"locus257",0.9167,0.9375,1,1,1,1,1,1,1,1,1,0.9375,1,0.9375,0.9583,1,0.8889,1,0.8125,0.9444,1,1,0.95,0.95,1,1
"locus258",1,0.875,0.9,1,1,0.9583,1,1,0.8636,1,0.9545,1,1,0.875,1,1,1,1,0.875,0.7222,1,1,1,0.9444,0.9545,0.875
"locus259",0.8182,0.9375,0.95,0.85,1,1,1,0.9444,0.8182,0.9375,0.9545,1,1,0.75,0.9545,0.8636,1,0.6667,1,0.9375,1,1,0.95,0.8889,1,1
"locus260",1,0.9375,0.95,1,1,0.9583,1,0.8333,1,1,1,1,0.9,0.9375,0.9583,1,1,1,1,1,1,1,1,1,1,0.9167
"locus261",1,0.8125,1,1,1,0.9583,1,1,1,0.875,0.9091,1,0.8,1,1,1,1,0.8333,1,1,1,0.9545,1,1,0.9091,1
"locus262",0.8,0.9375,1,0.7857,0.8889,0.9167,0.625,1,0.8636,1,1,1,0.85,0.8125,0.9583,1,0.7143,0.8333,0.9375,1,1,1,0.95,0.95,0.6111,1
"locus263",0.2,0.0625,0.15,0.0625,0,0.125,0,0.1667,0.2,0,0.1364,0.1429,0,0.1429,0.1818,0.0455,0.1875,0,0.1875,0.3571,0.2143,0.5,0.1,0.15,0.15,0
"locus264",1,1,0.85,1,1,1,1,0.8889,1,1,0.9545,1,1,1,0.7917,1,1,1,0.8125,1,1,1,1,1,1,1
"locus265",1,0.9167,1,1,1,0.875,1,1,1,1,0.7273,1,0.6,1,1,1,1,1,0.9375,1,1,1,1,1,1,0.9583
"locus266",0,0.125,0.05,0.0455,0,0,0,0,0.0455,0,0,0.0714,0,0.0625,0,0,0,0,0,0,0,0,0.1,0,0,0
"locus267",0.9583,0.8571,0.75,1,1,0.875,1,1,0.9545,1,0.95,1,1,0.5625,0.8333,0.9545,1,0.8333,0.75,0.6875,1,1,1,0.9,1,0.9583
"locus268",0.5,0.5,0.6667,0.75,0.3333,0.5556,NA,0.5,0.5,0.2857,0.15,0.5,0.1875,0.8125,0.6364,0,0.5,0.5,0.5833,0.5556,0.6,0.7,0.5,0.5,0.5,0.2273
"locus269",1,0.7857,0.875,1,0.875,0.9167,1,1,0.85,1,0.9545,0.8125,1,0.6875,0.85,1,1,1,0.8571,0.8889,1,0.7273,1,1,0.9545,0.9167
"locus270",0.875,1,0.8889,1,1,0.9583,1,1,0.9091,1,0.9545,1,1,1,0.9583,1,1,0.8333,1,1,1,1,1,0.9,0.9545,1
"locus271",0,0.9167,0.8333,0.4375,0.5,0.9583,NA,0.5714,0.75,0.875,1,0.5,1,0.5833,0.7917,1,0.25,0,0.75,0.75,0.3333,0.0556,0.1,0.7,0.45,0.3571
"locus272",0.9167,0.875,0.8,0.7,1,1,1,0.6429,0.9545,1,0.9545,0.6667,0.9,0.625,0.8333,1,0.8571,0.8333,0.7857,0.8125,0.9,0.9545,0.7778,0.7222,0.9,0.85
"locus273",0.8182,1,1,0.9444,1,1,1,1,0.9545,1,1,1,1,1,0.9583,1,0.7857,1,0.9375,1,1,1,0.7222,0.95,0.9545,1
"locus274",0.9583,0.875,0.85,0.9545,1,0.9583,1,1,0.9091,1,1,0.9375,1,0.9375,0.875,1,1,0.8333,0.875,1,0.8571,0.9091,1,0.8333,0.9545,0.9583
"locus275",0.85,1,0.8889,0.9,1,0.9167,0.9,0.9444,0.7273,1,1,0.9375,1,0.9286,0.7083,0.8636,0.9375,0.8333,0.8333,0.9375,0.9286,1,0.7,0.7222,0.8,1
"locus276",0.9167,0.875,0.9375,1,0.7778,0.625,1,0.875,0.8182,0.9375,1,0.9167,0.9286,0.875,0.85,1,1,1,0.625,1,1,1,0.9,0.85,0.6429,0.9091
"locus277",0.0556,0.5,0.25,0.1667,0.8125,0.5,1,0.3333,0.2778,0.25,0.6667,0.5,0.65,0.125,0.0909,0.0833,0.25,0.1667,0.1429,0.1111,0.5,0.15,0.4286,0.15,0.5,0.65
"locus278",0.9583,0.875,0.95,0.9091,1,0.8333,1,0.8889,0.8636,0.8125,0.5556,0.9375,0.875,0.8125,0.9167,1,0.8333,1,1,0.8333,0.9286,1,0.9,0.7,1,0.9167
"locus279",1,0.9375,1,0.8889,0.9444,0.9545,1,0.9444,1,1,0.95,1,0.8,1,0.9583,1,1,1,1,1,1,1,0.85,1,1,1
"locus280",1,1,0.95,1,0.9375,0.9583,1,1,0.9091,1,1,1,0.8333,0.875,1,1,1,1,0.9375,1,0.9286,1,1,0.9,1,1
"locus281",1,1,1,1,0.9444,0.9583,1,0.8889,1,1,0.6364,1,0.8889,1,1,1,1,1,1,1,1,1,1,1,1,0.9167
"locus282",0.9167,1,1,0.9091,1,1,1,1,1,1,0.9545,0.8125,1,1,1,0.9091,1,1,1,1,1,0.7778,0.8889,0.95,0.8,1
"locus283",0.5,0.625,0.5,0.5,0.4,0.45,0,0.6875,0.6,0.5714,0.3125,0.5714,0.4444,0.5,0.5455,0.25,0.5,0.5,0.6429,0.5,0.5,0.5,0.3571,0.5,0.55,0.5
"locus284",1,0.9167,0.9,0.8636,0.6667,0.7222,1,0.3333,0.9545,1,1,0.8333,1,0.9375,1,1,1,1,1,0.9444,0.25,0.6667,0.9444,0.95,0.9,0.4
"locus285",1,0.9375,1,0.8636,1,1,1,0.9444,0.9545,1,0.9545,0.6875,0.95,0.9375,0.875,1,0.9375,1,0.9375,1,0.9286,0.8571,0.85,0.75,1,0.9167
"locus286",1,1,1,0.9545,1,0.9167,0.75,1,1,1,1,0.875,1,1,0.9091,0.8,0.8889,1,0.9375,0.9444,1,1,0.95,0.9,1,0.9583
"locus287",1,0.875,0.9444,1,1,1,0.8,1,0.9091,1,1,0.9375,1,0.9375,0.875,1,1,0.8333,0.8125,0.8889,0.7857,1,1,0.8889,1,1
"locus288",0.7083,1,1,0.8182,1,1,1,1,0.9545,1,1,1,1,1,0.9583,1,0.8889,1,1,1,1,0.9545,0.8,1,0.9091,1
"locus289",0.8636,1,1,0.9545,1,1,1,1,0.9545,0.9375,1,0.9375,1,1,0.9583,0.9091,0.8571,1,1,0.9444,1,0.7857,1,1,0.8636,0.9583
"locus290",0.2222,0.75,0.4444,0.1667,0.5714,0.85,0,0.5,0.4,0.5,0.7727,0.4,0.6,0.5,0.7083,0,0.25,0.5,0.5,0.3333,0.5,0.125,0.3333,0.8,0.3333,0.25
"locus291",1,1,0.95,0.9091,0.4444,0.7222,1,0.9,1,1,0.4,0.8571,0.4375,1,0.9167,1,1,1,0.9286,1,0.25,1,0.95,0.875,0.75,0.8
"locus292",1,1,0.9,1,1,1,1,1,0.9545,1,1,1,1,0.875,0.9583,1,1,1,0.875,0.7222,0.9286,1,1,1,1,1
"locus293",0.0417,0.0625,0.2857,0,0,0,0,0.0556,0.3333,0.25,0.0455,0,0,0.2,0,0,0,0.1667,0,0.4444,0,0.0455,0.1,0.1429,0,0
"locus294",0.5,0.4286,0.6,0.55,0.4286,0.1667,0.1,0.375,0.4091,0.4,0.5,0.7857,0.75,0.625,0.5417,0.1364,0.2778,0.3333,0.4286,0.2,0.5833,0.25,0.5,0.45,0.375,0.3889
"locus295",0.6667,1,1,0.9545,1,1,1,1,1,1,1,0.9375,1,1,1,1,1,1,1,0.9444,1,0.9545,0.9,1,0.9,0.9583
"locus296",0.6667,0.9375,0.9444,0.7727,1,0.9167,0.9,0.8889,0.75,0.75,0.8,1,1,0.9286,0.9091,0.8182,0.6429,0.8333,1,0.6875,1,0.6,0.8125,0.9,0.6364,0.9167
"locus297",0.9583,1,0.85,1,1,0.9583,1,0.9444,0.9545,1,1,1,1,0.75,0.9545,1,1,1,0.9375,1,0.5714,1,1,0.9,0.95,1
"locus298",1,1,1,0.9545,0.9444,0.9583,1,0.8889,0.95,1,0.95,0.9375,1,1,1,1,1,1,0.875,0.8889,0.9286,1,1,0.9,1,1
"locus299",0.6818,0.6,0.25,0.55,0.8571,0.7273,0.2,0.6,0.4091,0.5,0.6667,0.4286,1,0.375,0.5556,0,0.1667,0.5,0.4286,0.3571,0.6429,0.4444,0.75,0.5714,0.5,0.8125
"locus300",1,0.5,0.95,0.8182,1,0.6429,0.5,0.9444,1,0.6667,0.1875,1,0.2,0.875,0.9583,0.5,1,1,0.875,0.875,1,0.9545,1,1,1,0.9545
"locus301",1,1,1,1,0.9444,1,1,0.75,1,1,1,0.875,0.9444,1,1,1,1,1,1,1,0.9286,1,1,1,1,0.8182
"locus302",1,0.875,1,0.9091,1,0.875,1,1,1,1,0.8125,0.9375,0.9375,0.9375,1,0.9545,1,1,1,0.9444,0.9286,0.75,0.95,0.9,0.9091,1
"locus303",0.875,1,0.9444,0.7,1,1,1,1,1,1,0.9545,0.9375,1,1,1,1,0.9375,1,1,0.7222,1,0.7778,0.9375,1,0.9545,1
"locus304",1,0.75,1,1,1,0.875,1,1,1,1,0.7,1,0.5,1,0.9583,0.9545,0.9375,1,1,1,1,1,1,1,1,1
"locus305",0.7917,0.625,0.8125,0.75,0.9444,0.9167,1,0.6667,0.7727,0.8125,0.9,0.75,1,0.7857,0.7917,0.9545,0.7778,0.8333,0.875,0.7857,0.8571,0.6364,0.8333,0.85,0.9091,0.9583
"locus306",0.9583,1,0.85,1,0.9444,1,1,1,0.9545,1,1,1,1,1,0.8333,1,0.8889,1,0.9375,1,0.9286,1,0.95,0.95,0.9545,0.9583
"locus307",0.7,0.75,0.7778,0.6111,1,0.9583,0.375,0.8333,0.7727,0.5833,1,0.7857,1,0.7,0.9167,0.4545,0.5714,0.8333,0.5714,0.8333,1,0.8636,0.7857,0.875,0.8,0.9583
"locus308",0.4375,0.625,0.4444,0.4,0.4286,0.625,0.125,0.3571,0.3889,0.75,0.6,0.5,0.6667,0.5,0.5,0.2,0.125,0.5,0.5714,0.5,0.4167,0.1429,0.1667,0.25,0.35,0.2778
"locus309",0.8333,1,1,0.9545,1,1,0.25,1,1,1,0.9545,1,1,1,0.9167,0.3571,1,1,1,0.9375,1,1,1,0.95,0.9545,1
"locus310",0.9167,1,0.95,1,0.9444,0.9583,1,1,0.9545,1,1,1,1,1,0.875,1,1,1,0.9375,1,1,1,0.95,1,1,1
"locus311",1,0.75,1,1,1,0.75,1,1,1,0.6875,0.3,1,0.55,1,0.9583,1,1,1,1,1,1,1,1,0.9,0.9545,0.9583
"locus312",0,0.0625,0,0,0.1667,0.2273,0,0.1111,0,0,0.1111,0,0.25,0,0,0,0,0,0.0625,0.0556,0,0,0,0,0.0909,0.0556
"locus313",0.1667,0.25,0.05,0.1364,0.2222,0.3333,0,0.1875,0.0909,0.375,0.2273,0.3125,0.25,0.0625,0.0455,0.0909,0.1667,0.1667,0.0625,0.1875,0,0.0455,0.05,0.15,0.2,0.1667
"locus314",0.9583,0.9375,0.95,1,0.8125,0.875,1,0.8333,0.9091,0.8571,0.85,0.9375,0.9,1,1,1,1,0.6667,1,1,0.9286,0.9545,0.95,1,1,1
"locus315",0.6364,0.625,0.5556,0.7222,0.6667,0.8,0.5,0.5625,0.5909,0.6875,0.55,0.6875,0.65,0.5625,0.7,0.55,0.6111,0.6667,0.6429,0.7222,0.7857,0.7273,0.6667,0.6,0.8,0.7083
"locus316",0.5417,0.4286,0.3333,0.4444,0.0833,0.4091,0.5,0.5,0.5625,0.5714,0.3,0.1429,0.3889,0.5714,0.25,0.8889,0.3889,1,0.5833,0.5,0.25,0.5455,0.3889,0.5,0.5,0.3125
"locus317",0.9167,0.8571,0.95,0.9545,1,0.8636,0.375,0.9375,0.9,0.8,0.65,0.9375,0.8,1,0.9545,0.6111,0.8889,0.8333,0.9375,0.7778,1,0.9091,0.9,0.95,0.9545,0.9167
"locus318",0.875,1,1,0.6818,1,0.9583,1,1,1,1,0.9545,1,1,1,1,0.9545,1,1,1,1,1,0.9,0.85,1,0.7143,1
"locus319",0.9167,1,1,1,0.8889,0.7917,1,0.9444,1,1,1,1,1,1,1,1,1,1,1,0.9444,0.8571,1,1,0.9444,0.95,0.9091
"locus320",0.75,0.5714,0.7778,0.7857,0.6667,0.625,0.9,0.8571,0.5556,0.9375,0.75,0.8,0.6429,0.6429,0.95,1,0.25,1,0.8125,1,0.9167,1,0.75,0.7,0.7857,0.75
"locus321",0.0833,0.0625,0,0.0909,0,0.2222,0.25,0.0556,0,0,0.1818,0,0.3889,0.0625,0,0.1429,0,0,0,0,0,0,0.05,0,0.0455,0.0833
"locus322",0.4545,0.4286,0.6111,0.375,0,0.5,0,0.4167,0.6,0.1429,0.3333,0.4286,0.1875,0.5,0.3636,0.0909,0.3333,0.6667,0.5714,0.5,0.4,0.3889,0.3,0.45,0.4444,0.4
"locus323",0.9444,1,0.95,0.9545,0.875,1,1,0.9444,1,1,0.9545,0.8571,1,1,0.8333,1,0.8889,0.8333,0.75,0.9444,1,0.9545,1,1,0.7727,1
"locus324",1,0.9375,0.95,0.9091,0.8,0.9167,NA,0.8571,0.9091,1,0.9545,0.875,0.9,1,1,0.75,1,0.8333,0.9375,0.9444,1,0.9545,0.95,0.9,0.9545,0.7222
"locus325",0.9583,0.9375,0.85,1,1,1,1,1,0.9091,1,1,1,1,0.875,0.9167,1,1,0.8333,0.875,0.8889,1,1,1,1,1,1
"locus326",0.9167,1,0.85,0.85,0.8889,0.9167,1,0.8333,0.8182,0.9375,0.9545,1,1,1,1,1,1,1,1,0.9444,1,0.9091,0.875,1,1,0.9545
"locus327",1,1,1,0.95,0.5,0.875,1,0.625,1,1,1,0.875,1,1,1,1,1,1,0.9375,0.9444,0.9286,0.9545,1,1,0.9091,0.7778
"locus328",0.8125,1,1,0.9,1,0.9583,0.5,0.9444,0.9091,0.8571,1,1,1,1,0.9583,0.9167,0.9,0.6667,1,0.875,1,0.5625,0.875,1,0.9375,0.9583
"locus329",0,0,0,0,0.1111,0.1667,0,0.0556,0,0,0,0,0,0,0.0417,0,0,0,0,0,0,0,0,0,0.05,0.1667
"locus330",0.125,0.3125,0.2778,0,0.4286,0.4545,0,0.3333,0.1364,0,0.6,0.3,0.7857,0.1,0.4375,0.0455,0.1875,0.25,0.5,0.1875,0.3,0.5625,0.2143,0.1111,0.2273,0.0909
"locus331",0.875,0.9375,1,0.5,0.9444,0.9583,0.7,0.9444,1,1,0.9545,1,1,1,0.9583,0.8125,0.8571,1,1,0.9375,1,0.7222,0.95,0.9,0.8636,1
"locus332",0.9583,1,0.95,0.5,1,1,1,1,0.9091,1,1,0.9375,1,1,1,1,1,1,0.875,1,1,0.9545,0.85,0.9,0.7727,0.9583
"locus333",1,0.9375,0.95,1,1,1,1,0.9444,0.8182,1,1,1,1,1,1,0.9545,1,0.8333,0.9375,1,0.8571,1,1,0.7,1,0.9545
"locus334",0.9167,0.8571,0.9,1,1,1,1,1,0.9091,1,0.9091,0.9375,0.95,1,0.9091,1,1,1,1,1,1,1,1,1,1,0.875
"locus335",0,0.3125,0.15,0.0909,0.0556,0.25,0,0.1111,0.0455,0.0714,0.25,0,0.2143,0,0.0833,0.0909,0,0.1667,0,0.0556,0.0714,0,0.05,0,0.1364,0.0833
"locus336",0.5909,0.8125,0.6429,0.6875,0.6429,0.4444,0.6,0.5714,0.625,0.8571,0.95,0.375,0.9444,0.6429,0.8333,0.9,0.4286,0.6667,0.5,0.5625,0.6667,0.875,0.5,0.5,0.5,0.5455
"locus337",0.625,0.625,0.6429,0.8125,1,0.625,1,0.6667,0.4091,1,0.55,0.75,0.5,0.5,0.6,0.95,0.4286,1,0.7,0.5625,0.25,0.45,0.4167,0.75,0.8571,0.8889
"locus338",0.5417,0.8125,0.5,0.6111,1,0.9583,0,0.8889,0.6364,0.4375,1,0.9167,0.8333,0.5,0.4545,0.0909,0.1667,0.5,0.5,0.4375,0.9286,0.3889,0.5,0.75,0.45,0.9583
"locus339",0.0455,0.0625,0.1,0,0.1667,0,0,0.1111,0.05,0.0625,0.0455,0.0625,0.1,0.1429,0.125,0,0.0556,0,0,0.1429,0,0,0,0,0,0
"locus340",0.875,1,0.75,0.8125,1,0.9167,0.9,1,0.8636,0.9375,0.9545,1,1,0.875,0.8,0.7778,0.8889,1,1,0.9444,1,1,0.9,0.9,1,0.9583
"locus341",1,1,0.9,1,1,0.9167,1,1,1,1,0.9545,1,1,1,0.9167,1,1,1,0.9375,1,1,1,1,1,0.9545,0.875
"locus342",0,0,0.2222,0,0.1667,0,0,0.1667,0.0909,0,0,0.0833,0,0,0.0909,0,0,0,0.1429,0.1111,0.3,0.1875,0,0,0,0.125
"locus343",0.9167,0.9286,1,0.9545,1,0.6667,1,0.9444,1,1,0.9286,1,0.875,1,0.9583,0.9545,1,1,0.8571,1,0.8571,1,1,1,1,0.9583
"locus344",0.0417,0.0625,0,0.4091,0,0,0,0.0556,0.0455,0,0,0.125,0,0,0.0417,0,0,0,0.125,0.1111,0,0,0.1,0.05,0.0455,0
"locus345",0.3125,0.2857,0.75,0.0556,0,0.3182,0.5,0.0556,0.8889,0.2857,0.0909,0.25,0,0.8125,0.7727,0.5,0.25,1,0.5833,0.6111,0.5,0.25,0,0.2222,0.2,0.0909
"locus346",0.9583,1,1,0.9545,1,0.9167,0.9,1,0.9545,1,1,1,1,0.9375,0.9583,0.9545,0.8333,1,1,1,1,1,1,0.95,1,0.9583
"locus347",0.9167,1,1,1,1,1,0.7,1,0.95,0.7857,1,0.9375,1,1,1,0.5,0.9444,1,1,0.8889,1,0.9545,0.8,1,1,1
"locus348",0.1364,0.1875,0.05,0.1429,0.0556,0.1667,0.1,0.0556,0.15,0.125,0.0455,0.1875,0.05,0,0.0833,0.0455,0.0833,0.1667,0.125,0.125,0.1429,0.0909,0.1111,0,0.2143,0
"locus349",0.7,0.5,0.375,0.7222,0.3333,0.85,NA,0.1667,0.3333,0.8571,0.875,0.0833,1,0.2857,0.3,0.75,0.75,0.25,0.1667,0.4286,0.125,0.5,0.6667,0.5,0.5556,0.4
"locus350",1,0.8571,0.85,1,0.625,0.7727,1,1,0.8182,0.875,0.85,0.9375,0.8889,0.9375,0.9583,0.9091,1,1,0.875,0.9444,0.9286,1,0.95,0.8,0.9,0.8333
"locus351",0.9091,0.9375,1,0.9545,1,1,0.9,1,0.9545,1,0.9545,1,0.95,0.875,1,0.9091,1,1,1,1,1,1,1,1,1,1
"locus352",0.0625,0.0625,0.0625,0.05,0,0,0.4,0,0.1667,0,0,0,0,0.1429,0.1818,0.4167,0.0714,0,0.2143,0.375,0.2143,0.0909,0,0.15,0.1875,0
"locus353",0.6111,1,0.875,0.9286,0.9444,0.9583,0.3,1,0.875,0.9,1,0.9167,1,0.5,0.8636,0.5455,0.5833,1,0.9286,0.9286,1,1,0.6111,0.9,0.8889,0.875
"locus354",1,0.875,0.8889,0.8636,1,0.9583,1,1,0.9545,1,1,1,1,1,1,1,1,0.8333,0.75,1,0.9286,1,1,0.95,1,1
"locus355",1,1,1,1,0.7778,0.9583,1,1,1,1,0.9545,0.9375,1,1,1,1,1,1,1,0.9444,0.8571,1,1,0.9,1,0.9583
"locus356",1,1,1,1,1,1,0.5,1,1,0.875,1,1,1,1,1,0.625,1,1,1,1,1,1,1,1,1,1
"locus357",1,1,0.95,0.7273,1,1,1,1,1,1,1,1,1,1,0.9583,1,1,0.8333,1,0.9444,1,0.9545,1,0.95,0.9545,1
"locus358",0.5,0,0.25,0.3182,0.3333,0.125,0.2,0.4167,0.4375,0,0.0455,0,0,0.4286,0.3182,0.1111,0.5556,0.1667,0.4375,0.5,0.2,0.3889,0.5,0.1875,0.2778,0.375
"locus359",1,1,0.8,1,1,1,1,1,0.9091,1,0.8636,1,1,0.875,1,1,1,1,1,1,1,1,1,0.9,1,1
"locus360",0.375,0.5,0.5,0.5,0.6875,0.4583,0.2,0.5556,0.5455,0.375,0.5455,0.5625,0.3889,0.5625,0.5,0.4091,0.4444,0.5,0.4375,0.4444,0.5,0.45,0.55,0.5,0.4545,0.5
"locus361",0.2143,0.5,0.625,0.3571,0.8,0.75,0.5,0.3889,0.4,0.6429,0.7778,0.1,0.9375,0.5,0.5,0.4545,0.0714,0.5,0.3571,0.5,0.2857,0.1875,0.5,0.5,0.1667,0.55
"locus362",0,0.1875,0,0.0455,0,0.125,0,0,0,0,0,0,0,0,0,0,0.1111,0,0.0625,0,0,0,0,0,0.0455,0.0417
"locus363",0.625,0.75,0.875,0.75,1,0.6667,1,1,0.8125,0.875,0.6667,1,0.875,0.6429,0.7273,0.65,0.75,0.8333,0.8125,0.8571,1,0.5,0.7,0.85,0.9,1
"locus364",1,0.9375,1,1,1,0.875,1,0.9444,1,1,1,0.9375,0.9,0.8125,1,1,1,1,1,1,0.9167,1,0.9,1,0.9545,1
"locus365",1,0.5,1,1,0.875,0.625,1,0.5556,0.9545,0.9375,0.75,0.625,0.75,1,0.8333,1,1,0.6667,0.9375,1,0.7143,0.9545,0.9,0.8333,0.9091,0.4091
"locus366",0.9583,0.875,0.9,1,1,0.9545,1,1,1,1,0.8,0.875,1,0.9375,0.9583,1,1,1,1,1,1,1,0.9444,0.9444,1,0.9583
"locus367",0.8889,0.5,0.7143,0.9444,0.7143,0.55,1,0.2,0.75,0.625,0.2,0.5833,0.6,0.4167,0.5714,1,1,1,0.5,0.8571,0.3,0.8,0.8125,0.5625,0.8889,0.5
"locus368",0.7917,0.9375,0.9,1,1,1,1,1,1,0.9375,0.9545,1,1,0.7857,1,1,0.8333,0.8333,0.9375,0.9375,1,0.9091,0.95,1,1,0.9583
"locus369",1,0.9375,1,0.9545,0.8889,1,1,1,1,1,0.6818,1,0.85,0.9375,1,0.95,1,1,0.9375,1,1,1,1,0.95,1,1
"locus370",1,1,1,0.9545,1,1,0.9,1,1,1,1,1,1,1,1,1,1,1,1,1,0.8571,0.4167,0.95,1,1,1
"locus371",0.75,0.9375,0.95,0.9091,0.9375,0.9583,0.5,0.8333,0.8636,0.7857,0.95,0.8125,1,0.875,1,0.45,0.8333,0.6667,1,0.8125,1,0.9091,0.6875,0.85,1,0.7917
"locus372",0,0.0625,0.0625,0,0,0,0,0,0.0909,0.0625,0,0.3125,0,0.25,0,0,0,0,0,0.1667,0.0714,0.5556,0,0.1,0.0455,0.0417
"locus373",0.2143,0.5714,0.7,0.25,0.8889,0.6818,0,0.9167,0.3,0.4375,0.8636,0.9,0.95,0.5,0.3182,0,0.0714,0.6667,0.75,0.2222,0.8333,0.1667,0.45,0.5556,0.3889,0.9545
"locus374",0,0.125,0,0,0,0.0833,0,0,0.0455,0,0,0,0,0,0.0833,0,0.0556,0,0.1875,0,0,0,0.1111,0.05,0.1364,0
"locus375",1,1,1,0.9091,0.8889,0.875,1,0.9444,1,1,0.9545,1,0.85,1,1,1,1,1,1,1,1,1,1,0.8889,1,0.875
"locus376",1,0.7857,0.75,0.9091,0.25,0.9444,1,0.5556,0.7727,1,0.9091,0.875,1,0.9375,0.7,0.9545,0.875,1,0.5714,0.9444,0.9167,0.9545,0.95,0.8333,0.8889,0.5455
"locus377",0.75,0.9,0.6111,0.3571,0.6,0.7778,0.5,0.6,0.6,0.5714,0.875,0.7143,0.7143,0.5714,0.6429,0.4,0.7,0.5,0.6875,0.5,0.5,0.1,0.75,0.5,0.7,0.2143
"locus378",0.125,0.375,0.4444,0.3636,0.5556,0.375,0,0.3889,0.3636,0.1875,0.3,0.3125,0.1,0.1875,0.1667,0.1818,0.2778,0.5,0.3571,0.1667,0.3333,0.1364,0.35,0.3333,0.05,0.3333
"locus379",0.875,0.9375,0.95,1,1,1,0.7,1,0.8636,0.9375,1,1,1,1,1,1,0.9444,0.8333,1,0.9444,1,0.9545,1,1,0.9545,1
"locus380",0.8333,1,0.95,1,0.7143,0.6818,1,0.7857,0.9545,1,0.9444,1,0.8333,0.9375,1,1,1,1,1,1,0.9,0.9545,0.95,1,0.85,0.6818
"locus381",1,1,0.95,1,1,0.9545,0.8333,0.875,1,0.875,0.9545,1,0.95,1,1,0.875,1,1,1,0.9444,1,0.9091,0.95,1,1,0.9583
"locus382",0,0.625,0.25,0.5,0.1667,0.1667,0,0.1667,0.4444,0,0.2857,0,0,0.1667,0.3636,0.0909,0.3125,1,0.4375,0.3333,0.3333,0,0,0.4375,0,0.2
"locus383",0.7273,0.5,0.5625,0.6364,0.5,0.7,1,0.5,0.5,0.7143,0.7778,0.4,0.75,0.2857,0.3125,0.95,0.8333,0.5,0.5,0.7,0.625,0.5625,0.625,0.5,0.3889,0.3182
"locus384",0.2083,0.1429,0,0.125,0.2857,0.35,0,0.1667,0,0.2143,0.65,0,0.4286,0.0625,0.0833,0.1667,0.3125,0.25,0,0.0556,0.25,0.2727,0.375,0.05,0.2222,0.2727
"locus385",1,0.8125,0.6667,0.7,0.9444,0.9583,1,0.8571,0.9091,1,0.95,0.9286,1,0.7143,0.8182,1,0.8333,0.8333,0.875,0.8333,0.9286,0.9545,0.8,0.8125,0.9091,0.875
"locus386",1,0.9375,1,0.9545,1,0.9583,1,1,1,1,1,1,1,0.9375,0.9583,0.9286,1,1,1,0.8889,1,1,1,0.95,1,1
"locus387",0.0417,0,0.0625,0.05,0.5,0.4375,0,0.3571,0.2727,0.0833,0.1429,0.1667,0,0,0.0625,0.0455,0,0,0.1,0.1111,0.625,0.0455,0.1,0.0833,0.1667,0.4167
"locus388",0.75,0.875,0.9,0.9091,1,1,1,0.9444,0.7778,1,1,1,1,0.75,0.9091,1,0,1,0.875,1,1,1,0.875,0.9,0.9545,0.9583
"locus389",0.9583,1,1,0.9545,0.9444,0.9545,1,0.8889,1,1,1,1,0.9444,1,1,1,0.8889,1,1,1,1,1,1,0.75,1,1
"locus390",0.7143,0.9375,0.75,0.8333,1,0.875,1,0.6,1,0.9375,1,0.6667,0.9444,0.9,0.7,1,0.5,1,0.7857,0.9375,0.9167,0.5,0.8571,0.7857,0.8125,0.9091
"locus391",0,0,0,0,0,0,0,0.25,0,0,0,0.0625,0,0,0,0,0,0,0,0,0.0714,0.0455,0.05,0,0.0455,0.3
"locus392",1,1,0.95,1,1,0.9583,1,0.875,1,1,1,0.875,0.85,0.9375,0.9583,1,1,1,0.9375,1,1,1,1,1,1,0.875
"locus393",1,0.9375,0.9,1,1,0.9583,0.9,0.8889,1,1,1,0.9375,1,1,0.9583,1,1,1,1,0.8125,1,1,1,1,1,0.8333
"locus394",1,0.6875,1,1,1,0.8333,1,1,1,1,0.6818,1,0.5,1,1,1,1,1,1,1,1,1,1,1,1,1
"locus395",0.7727,1,0.4375,0.8125,1,0.9583,1,0.8125,0.8571,0.875,0.9545,0.875,1,0.8333,0.6818,0.8182,0.75,1,0.875,0.8571,0.75,1,0.8889,0.8125,0.9444,0.8333
"locus396",1,0.9375,0.85,1,1,0.9167,1,1,0.9545,1,0.9,1,1,0.9375,1,1,1,1,0.9375,0.7778,1,1,1,1,0.9545,1
"locus397",0.9167,0.3571,0.6,0.75,0.5,0.375,1,0.7143,0.5,0,0.5556,0.7143,0.4167,0.5,0.7273,1,0.5,0.5,0.4167,0.5,0.6,1,0.6429,0.5,0.7,0.7727
"locus398",0.7917,1,0.8,0.9091,0.7143,0.9286,0.9,0.75,0.8182,1,0.6429,1,0.8333,0.7857,0.8333,0.95,0.7778,1,0.9375,0.9444,0.8333,0.9,1,0.9,1,0.8333
"locus399",0.6,0.5,0.7143,0.5625,0.75,0.7,0,0.8,0.5625,0.5714,0.95,0.7,0.8333,0.8,0.7273,0.0455,0.7778,0.75,0.75,0.6,1,0.75,0.5,0.5833,0.625,0.8571
"locus400",0.8182,0.9375,1,0.9091,1,1,1,1,1,1,1,1,1,1,1,1,1,1,0.9375,1,1,0.9,0.7778,1,0.9545,1
"locus401",0.3636,0.625,0.4,0.45,0.6429,0.5,0.875,0.6667,0.2727,0.3333,0.375,0.5,0.4375,0.625,0.375,0.8,0.5,0.3333,0.4286,0.5556,0.25,0.1364,0.35,0.55,0.2857,0.5455
"locus402",0.7273,0.875,1,1,1,1,1,0.9444,0.95,0.9375,0.95,0.9375,1,0.8571,1,0.8636,0.9444,1,1,0.9444,0.9286,0.8125,0.9,1,1,1
"locus403",0,0.3571,0.2,0.0455,0,0.2778,0,0,0.0455,0.1429,0.125,0.0625,0.1667,0,0.25,0.0455,0,0,0.125,0,0.1429,0,0.05,0.1667,0,0
"locus404",0.5,0.0714,0.25,0.25,0.25,0.2,1,0.2857,0.375,0.5714,0.5,0.25,0.1429,0.5714,0.0625,1,0.25,0.25,0.5,0.2,0.1,0.45,0.1667,0.25,0.0833,0.2273
"locus405",0.8333,0.75,0.5625,0.9,1,0.625,1,0.8333,0.8571,0.7857,0.5625,1,0.5625,0.6429,0.9091,1,0.8889,0.5,0.8571,1,0.8333,1,0.9444,0.9444,0.9,0.8889
"locus406",0.6111,0.5,0.6111,0.6875,0.4375,0.55,0.1,0.4444,0.5,0.6429,0.4444,0.8333,0.5,0.4286,0.5833,0.3,0.5556,0.6667,0.8,0.6111,0.6429,0.7857,0.6429,0.5833,0.5556,0.5909
"locus407",1,1,0.95,0.8182,0.9444,1,1,1,1,1,1,1,0.85,1,0.9583,1,1,1,0.9375,1,1,1,0.95,1,1,1
"locus408",1,1,1,1,0.6429,1,1,0.75,1,1,1,1,1,1,1,1,1,1,0.875,1,0.7857,1,0.9,1,0.9091,1
"locus409",0.75,1,1,1,1,1,1,0.8889,0.8333,1,1,0.6875,1,1,0.7,1,0.9375,1,0.9167,0.8125,0.8571,1,1,0.95,0.9545,1
"locus410",0.6667,1,1,1,1,1,1,1,0.8571,1,0.9545,1,1,0.75,0.9091,0.9545,0.3889,1,0.9286,1,0.9286,1,0.7222,0.8,0.9167,0.9167
"locus411",0.9583,0.9375,0.7,1,1,1,1,0.8889,0.75,0.9375,0.9545,1,1,0.7857,0.9545,1,1,1,0.8571,0.9444,1,1,1,0.8,0.9,1
"locus412",1,1,1,1,1,0.9167,1,1,1,0.625,1,1,1,1,1,0.6667,1,1,1,0.9444,1,1,1,1,1,1
"locus413",0.875,0.7857,0.8333,1,0.875,1,1,0.625,0.9,0.75,0.85,1,0.85,0.9286,0.8571,0.9375,1,0.6667,1,1,0.9286,1,0.9444,1,0.9091,0.875
"locus414",0.8182,0.8,0.85,0.9,0.7857,0.85,0.9,0.7857,0.7273,0.875,0.6875,0.8333,1,0.8571,0.875,0.8,0.6429,1,0.6667,0.6429,0.5,0.9,0.95,0.7778,0.8571,0.7917
"locus415",1,0.8571,0.7778,0.9091,0.9444,0.875,1,0.9444,0.75,1,1,0.9375,0.95,0.7,0.95,1,0.7143,1,0.8,0.75,0.875,0.8636,0.8125,0.875,0.9,0.9583
"locus416",0,0,0,0.0455,0,0.125,0,0.3125,0,0,0,0.0625,0.05,0,0.0417,0,0,0,0,0,0.1667,0,0,0,0.0455,0.35
"locus417",1,1,0.95,1,1,1,1,0.8889,1,0.9375,1,0.9375,1,1,1,1,1,0.6667,1,0.9444,0.9286,0.9545,1,1,1,1
"locus418",0.9167,0.5,0.8,0.7,0.6667,0.5833,1,0.6667,0.9091,0.6875,0.3636,0.6875,0.45,0.75,0.875,0.9545,0.8333,0.8333,0.6875,0.8889,0.75,0.9091,0.85,0.7778,0.6364,0.5455
"locus419",1,0.9375,0.95,1,0.7778,0.9583,1,1,0.9545,1,0.4,1,0.7143,1,1,1,1,1,1,0.8889,1,1,0.95,1,1,0.75
"locus420",1,1,1,1,1,0.9583,1,1,0.9091,1,1,1,1,0.8125,1,1,1,1,0.75,0.9444,1,1,1,1,0.9545,1
"locus421",0,0.0833,0.7222,0.0909,0,0,0,0.1667,0.4286,0,0.35,0.0714,0.375,0.2143,0.6111,0.0909,0.0556,0,0.625,0,0,0,0.05,0.375,0,0
"locus422",1,1,0.95,0.8636,1,1,0.9,1,0.9091,0.9375,0.9545,1,1,0.875,0.9583,0.9545,1,1,0.9375,1,1,1,1,0.9,1,1
"locus423",0.9583,1,0.95,0.9091,1,0.875,1,1,1,1,1,0.9375,1,0.9375,1,1,1,1,1,0.8889,1,1,0.75,1,0.8182,1
"locus424",0.65,0.5833,0.4375,0.6364,0.2857,0.5909,0.9,0.4167,0.7,0.5,0.8,0.6,0.65,0.7857,0.5833,1,1,0.5,0.5,0.6429,0.7,0.45,0.5,0.7,0.6818,0.4444
"locus425",0.875,1,1,0.9545,1,0.9583,1,1,0.9545,1,1,1,1,1,0.9167,1,0.8333,1,1,1,1,1,0.95,0.95,1,1
"locus426",0.9583,1,0.9444,1,1,0.9583,0.9,0.8333,0.9091,1,1,0.875,0.95,1,0.9583,0.9545,1,1,1,0.8889,1,1,1,0.95,1,1
"locus427",0.65,0.8125,0.95,0.8636,0.8889,0.9583,1,0.9444,0.9091,1,0.9545,0.9286,1,0.9375,0.9167,0.9545,0.625,0.8333,0.9375,0.8333,0.9167,1,1,0.7,0.75,0.9091
"locus428",1,0.875,0.9,1,1,1,1,0.9444,0.7273,1,0.9545,1,1,1,0.7273,1,1,1,0.75,1,0.9286,1,0.9,1,0.6,1
"locus429",1,0.8571,1,1,1,1,1,1,0.9545,1,1,1,1,1,0.9167,1,1,1,1,0.9444,1,1,0.95,1,0.9091,0.9167
"locus430",0.3,0.1429,0.5,0.35,0,0.1875,0.1,0.5,0.35,0.125,0.1364,0.3333,0.05,0.4286,0.5,0.0455,0.2857,0.3333,0.5,0.1875,0.3333,0.4091,0.4167,0.25,0.0556,0.2
"locus431",0.8636,0.6875,1,0.9545,1,0.9583,1,0.8889,0.8333,0.6875,1,1,1,0.4286,0.9444,1,0.7857,1,0.5,1,0.9286,1,0.9,1,0.9,0.9583
"locus432",0.0417,0,0,0,0.0556,0,0,0.0556,0.0455,0,0,0.0625,0,0.125,0.0417,0,0.2222,0,0.125,0.0556,0,0.4375,0,0.05,0.0455,0
"locus433",0,0,0,0,0,0,NA,0.0556,0,0.2,0,0,0,0.0625,0,0,0,0,0.0625,0,0,0,0.05,0.05,0.4545,0
"locus434",1,1,1,1,1,0.875,1,1,1,1,1,1,0.9,0.8125,1,1,1,1,1,1,0.9286,1,0.95,1,0.9545,1
"locus435",1,0.9375,0.9,0.8636,1,0.9583,1,0.9444,1,0.9375,1,0.875,1,0.9375,0.8182,1,1,1,0.875,1,0.7857,1,0.95,0.8,1,0.9583
"locus436",1,1,1,1,1,0.9583,1,1,0.9091,0.9286,0.9545,1,0.95,1,0.9583,0.5455,1,1,1,0.9444,1,1,1,1,1,1
"locus437",1,0.9375,0.95,0.8636,0.9444,0.9583,1,0.9444,1,1,1,1,1,1,0.9583,1,1,1,1,1,0.4286,1,1,1,1,1
"locus438",1,1,1,1,1,1,1,0.875,1,1,0.8182,1,0.75,1,1,1,1,1,1,1,1,1,0.95,1,1,0.9167
"locus439",0.875,0.9375,0.9444,1,1,0.9583,1,0.8889,0.9091,0.9375,1,0.9375,1,0.9375,0.7917,0.9091,1,1,0.8125,1,1,0.9545,1,1,0.9545,0.9583
"locus440",1,1,0.875,0.9545,0.9444,1,1,1,0.75,1,1,0.9375,1,0.8333,0.9091,1,1,1,0.6875,0.7778,1,1,0.95,0.7857,1,1
"locus441",1,1,1,1,0.8889,1,1,0.9444,0.9545,0.9375,0.9545,0.9375,0.75,1,0.9545,1,0.9444,1,0.9375,1,1,1,1,1,0.8636,1
"locus442",0.9167,0.8125,0.95,1,1,1,0.9,0.8889,0.9545,1,0.9545,1,0.95,1,0.875,0.95,0.9444,0.8333,0.9375,1,1,0.95,0.9,0.95,0.8636,0.9167
"locus443",1,1,1,1,1,1,0,0.9444,0.9091,0.5714,1,1,0.95,1,1,0,1,1,1,0.7143,1,1,1,0.8889,1,1
"locus444",0.875,0.6667,0.5625,0.3889,1,0.75,0.5,0.75,0.65,0.8333,0.5833,0.4,0.8333,0.8333,0.5455,0.6667,0.375,0.25,0.5833,0.5,0.5,0.4375,0.5,0.75,0.6667,0.8
"locus445",0.9167,0.9375,0.95,0.9545,1,0.875,1,1,1,1,0.9545,0.9375,0.95,1,0.9583,1,0.8333,1,1,0.9444,0.8571,1,1,1,1,0.9583
"locus446",0.25,0,0.05,0.05,0.0556,0,0,0.0556,0.0455,0,0,0.1875,0,0,0.0455,0,0,0.3333,0.0625,0.0556,0.1429,0.5,0.125,0.1,0,0
"locus447",0.75,0.6,0.8571,0.875,0.6429,0.25,0,0.4167,0.75,0.6875,0.5455,0.875,0.5,0.875,0.95,0,0.5,0.6667,0.8571,0.6875,0.6,0.625,0.85,0.7143,0.6667,0.5556
"locus448",0.8182,1,1,0.9545,1,1,1,0.9444,1,1,1,0.875,1,0.9375,0.9583,1,0.625,1,1,0.8889,1,0.9091,0.8889,1,0.85,0.9583
"locus449",0.9167,0.9375,1,1,1,1,1,0.8889,1,1,1,0.875,1,1,1,1,0.9444,1,0.875,0.7778,1,1,1,0.95,0.9545,1
"locus450",0.9583,0.9375,1,0.9545,1,0.875,1,1,0.9091,1,0.9545,1,1,1,0.9583,1,1,1,1,1,1,1,1,0.85,1,0.9583
"locus451",0.9583,1,1,0.8182,1,1,0.625,1,1,1,1,0.9375,1,1,1,0.8,0.8889,1,0.7857,1,1,1,0.95,0.95,0.8636,1
"locus452",1,0.9375,1,1,1,0.9583,0.6,1,0.9091,0.875,1,1,1,0.9375,1,1,1,1,0.9375,0.9444,1,1,0.95,1,1,1
"locus453",0.2727,0.5,0.3889,0.3,0.75,0.5,0,0.5,0.35,0.5,0.85,0.5714,0.7778,0.5,0.5,0.0455,0.1111,0.5,0.5,0.3333,0.5,0.3889,0.25,0.35,0.4,0.5909
"locus454",0.7727,1,0.95,0.6364,1,0.9583,0.9,1,0.8636,1,0.9545,0.9375,1,1,0.875,0.9545,0.9444,1,1,0.9444,1,0.7,0.9444,1,0.8182,1
"locus455",1,1,0.95,0.9545,1,0.875,1,1,0.9,1,0.9545,1,1,0.9375,1,1,1,0.8333,1,1,0.9286,1,1,0.9,0.8182,1
"locus456",0,0,0.05,0,0,0,0.75,0,0,0.0625,0,0,0,0,0.0417,0.0833,0,0,0.0625,0.0556,0,0,0,0,0,0
"locus457",1,0.9375,0.95,1,1,0.8333,1,1,0.95,0.8571,0.9545,1,1,0.8571,1,1,1,1,1,0.9444,1,1,0.9,0.9,0.9545,0.9583
"locus458",0.8333,0.75,0.9,1,0.625,0.9091,0.875,1,0.9091,0.875,1,1,1,0.9375,0.9167,0.8,0.9286,0.6667,0.9375,0.9375,1,0.75,0.8889,0.9,0.8182,0.75
"locus459",0,0,0,0,0,0.5,0,0,0,0,0,0,0,0,0.0417,0,0,0,0,0,0,0,0,0,0.0455,0
"locus460",0.9091,0.5,0.8125,0.6111,0.8333,0.5833,1,0.9375,0.8889,0.75,1,0.6,1,0.6667,0.6875,0.9545,0.7222,1,0.6,0.9286,0.9167,0.7,0.375,0.9286,0.75,1
"locus461",0.9167,0.9375,0.85,0.9545,0.8889,0.875,1,0.8889,0.7273,1,0.9545,0.875,0.9,0.6875,0.7727,1,1,0.6667,0.8571,0.9375,0.9167,0.8636,0.95,0.6875,0.8636,0.8636
"locus462",0.6111,0.8571,0.85,0.95,0.9444,0.625,1,0.9375,0.75,0.7,0.9091,1,1,0.875,0.75,0.5625,0.5714,1,0.8125,0.6667,0.9286,0.95,0.75,0.9,0.75,0.9167
"locus463",0.125,0,0,0,0,0,0,0,0,0,0,0.125,0,0,0,0,0.1111,0,0.0625,0.0556,0,0,0.1,0,0.1364,0
"locus464",0.5833,0.7143,0.7,0.7,0.5714,0.75,0.6,0.5,0.65,0.7,0.7778,0.7143,0.5556,0.75,0.55,0.75,0.6667,1,0.6429,0.5625,0.5,0.8,0.6,0.8333,0.65,0.5
"locus465",0.9091,0.875,0.7,0.9375,0.4286,0.7857,1,0.5,0.5,1,0.6667,1,0.5,0.5625,0.5455,1,1,1,0.6875,0.6111,0.5714,0.95,0.9,0.6,0.8,0.5556
"locus466",0.9167,0.9375,0.95,1,1,1,1,1,1,1,1,1,1,0.875,1,1,0.8889,0.8333,0.9375,1,1,1,0.85,0.9,1,0.9583
"locus467",0.6364,1,1,0.8636,1,1,1,1,1,1,0.9545,1,1,1,1,1,0.8333,1,1,1,1,0.9091,1,1,0.9091,1
"locus468",0.9583,1,0.9,0.9091,1,1,1,1,1,0.9375,0.9545,0.875,1,0.9375,0.9167,0.8182,1,1,0.7857,1,1,0.9167,1,0.8333,1,0.9583
"locus469",0.4375,0.1429,0.375,0.8182,0.0833,0.3,0,0.1429,0.25,0.125,0.0625,0.5,0.375,0.1,0.2727,0,0.3125,0.3333,0.1667,0.1667,0,0.8636,0.4167,0.1667,0.2778,0.15
"locus470",0.2083,0,0,0.2273,0.0556,0,1,0.1875,0.2273,0.1875,0.0909,0.1875,0,0,0,0.9545,0.0625,0.1667,0.0625,0.4444,0.0714,0.35,0.1111,0.2,0.3182,0
"locus471",0.9167,0.9375,1,1,1,1,0.1,0.9444,1,0.8333,1,1,1,1,0.9583,0.2,0.875,1,0.875,0.9,0.8571,1,1,1,0.75,1
"locus472",1,0.875,1,1,1,0.9545,1,0.9444,0.9545,1,1,1,0.95,1,0.9545,1,1,1,0.875,1,1,0.65,0.9,0.95,1,0.9583
"locus473",1,0.6667,0.8125,0.75,1,0.8,1,0.8333,0.85,1,0.9286,0.8,0.8571,1,0.85,1,0.7778,1,0.75,0.8889,1,0.9091,0.9444,0.75,0.95,0.8636
"locus474",0.25,0.5625,0.45,0.3182,0.4444,0.4545,0,0.6111,0.3,0.375,0.6,0.5,0.8333,0.5,0.5417,0.0455,0.25,0.6667,0.5625,0.5,0.6429,0.4545,0.2222,0.45,0.3636,0.6667
"locus475",0.8333,1,1,1,1,1,1,1,0.9545,1,1,0.875,1,1,0.9167,1,0.8889,1,0.9375,1,1,1,0.8889,0.9,1,1
"locus476",0.0417,0.0625,0,0.1818,0,0.0417,0,0,0,0,0.2727,0,0,0,0,0,0,0,0,0,0,0,0.1,0,0,0
"locus477",0.125,0.25,0.05,0,0.1667,0.125,0.25,0,0.1364,0.0625,0,0.125,0.15,0.1875,0.0417,0.3125,0,0.1667,0.0625,0,0,0,0,0,0.0455,0.2727
"locus478",1,1,1,0.9545,1,0.875,1,0.8125,1,0.8333,0.9444,0.875,0.75,0.9375,0.9545,1,1,1,1,1,0.7143,1,1,0.9,1,0.8333
"locus479",0.9583,0.9375,1,1,1,0.9583,NA,1,1,0.7143,0.8636,1,1,1,1,1,0.9444,1,1,1,0.8571,1,0.95,1,1,1
"locus480",0.8333,0.875,1,1,1,1,1,1,1,0.9375,1,1,0.95,1,0.9583,1,0.6667,1,0.9375,1,1,0.75,0.95,1,0.7778,0.9167
"locus481",0.8333,0.6875,0.95,0.9545,1,0.7273,0.5,0.9286,1,1,0.9545,0.875,0.9444,1,0.9545,0.4091,0.9444,0.8333,0.875,0.8333,0.9286,0.95,0.85,0.9,1,0.9167
"locus482",0.9167,0.625,0.6875,0.7727,0.5556,0.375,1,0.7,0.9091,0.9375,0.125,0.9,0.125,0.6875,0.7222,1,0.7778,1,0.5833,0.875,1,0.9091,0.8889,0.6875,0.75,0.6364
"locus483",0.45,0.5,0.4,0.55,1,0.8182,0.75,0.7222,0.6111,0.6667,0.7222,0.7143,0.9375,0.4286,0.5,0.75,0.4286,0.8333,0.6,0.5625,0.75,0.5625,0.625,0.75,0.5,0.9583
"locus484",0.8333,1,1,0.9545,0.8889,1,1,0.8889,1,1,1,0.9286,0.95,0.9375,1,1,0.7778,1,1,0.9444,1,1,0.95,1,0.9091,0.9167
"locus485",0.6667,0.5625,0.6667,0.7,0.6875,0.75,0.5,0.75,0.7727,0.8333,0.6,0.625,0.75,0.7857,0.75,0.6111,0.625,0.8333,0.7857,0.5,0.6667,0.7,0.625,0.6875,0.65,0.9167
"locus486",0.5,0.5,0.3889,0.95,0.75,0.7,1,0.4444,0.6667,0.7143,0.8,0.7,0.6667,0.5625,0.6364,0.9545,0.5714,0.5,0.4286,0.6875,0.5833,0.3333,0.5,0.4444,0.5,0.625
"locus487",1,1,0.95,0.9545,0.75,0.9583,1,0.6429,0.9545,1,0.9545,0.875,1,1,0.7917,1,0.9444,1,0.9375,0.9444,0.8333,1,0.95,1,0.9545,0.6667
"locus488",1,0.9375,0.95,1,0.9444,0.9167,0.8,1,0.9545,0.9375,0.9545,1,1,1,0.9583,0.9545,1,0.8333,0.9375,1,1,0.9545,1,1,1,0.9583
"locus489",1,1,0.95,1,1,1,0.625,1,0.9091,0.9375,1,1,1,0.875,0.9583,0.6111,1,1,1,0.6111,1,1,1,1,0.95,1
"locus490",0.5556,0.6667,0.95,0.7143,0.5,0.6,0.9,0.8889,0.9091,1,0.4444,1,0.2222,1,0.9583,1,0.75,0.5,0.9286,0.9375,1,0.25,0.625,0.7778,0.5833,0.8
"locus491",1,0.8125,1,1,1,0.9583,0.1,1,0.9545,0.8333,0.8636,1,1,1,1,0.1,0.9444,0.8333,0.875,0.875,0.9286,0.9545,0.95,1,1,0.9583
"locus492",0.05,0.3571,0.3571,0.2778,0,0.3333,0,0,0.4444,0.125,0.3636,0.1,0.5556,0.3333,0.25,0,0.2143,0,0.1875,0.4375,0.3,0.2727,0.1111,0.3333,0.0625,0.0556
"locus493",0.9167,0.9375,0.95,1,1,0.9583,1,0.9444,0.8636,1,0.9545,1,1,0.9375,1,1,1,1,0.9375,1,0.8571,1,1,1,0.9545,0.9091
"locus494",0.6667,0.75,0.6,0.6875,0.9375,0.7857,1,0.9444,0.7222,0.75,0.9375,0.8,1,0.5714,0.9,0.5455,0.7778,1,0.9167,0.9375,0.9,0.5,0.6,0.6429,0.8182,0.9583
"locus495",0.6111,0.5,0.5,0.8889,0.875,0.5,1,0.3125,0.8333,0.75,0.4444,0.5,0.4375,0.9286,0.7727,0.9545,0.9375,0.5,0.7143,0.8571,0.5,0.5,0.8571,0.7857,0.9091,0.7917
"locus496",0.9583,1,0.95,0.9545,1,1,1,0.9444,1,0.8571,1,1,1,1,0.9167,0.55,0.8125,1,1,1,1,0.7273,1,0.9444,0.8,1
"locus497",1,1,0.9,0.9545,0.8889,0.9167,1,0.9444,0.9091,0.6875,0.9545,0.9375,0.9,1,0.9583,1,1,0.8333,0.9375,1,1,1,0.95,1,0.9545,0.9167
"locus498",0.9583,1,0.9,1,1,0.9167,1,1,0.9091,1,0.9091,1,1,0.8571,0.9167,1,1,1,0.9286,1,0.9286,1,0.95,0.95,1,1
"locus499",0.875,1,0.8,0.9091,0.9444,0.9583,1,0.9444,0.9091,0.9375,0.8182,0.9375,0.9,0.75,0.7727,1,1,1,0.8125,0.9375,0.9286,1,0.95,1,1,0.9583
"locus500",0.9545,0.9286,0.9,0.8636,0.9375,0.9583,1,0.8889,0.9091,1,1,0.9375,0.9,1,0.9167,1,0.7222,1,0.9375,0.9444,0.9286,0.85,0.8125,0.7778,0.9545,1
"locus501",0.125,0.125,0.25,0,0,0.125,0.3,0,0.3182,0.0625,0,0,0,0.0625,0.0833,0,0.1667,0.1667,0.125,0.1667,0,0.0455,0.05,0.05,0.0909,0.0417
"locus502",1,0.9375,0.95,0.8636,1,1,1,0.9444,0.95,0.875,1,1,1,1,0.875,1,1,0.75,0.875,0.7222,1,1,1,0.95,1,0.9167
"locus503",0.5,0.0625,0.3333,0.3333,0.1111,0.0833,0.1,0,0.4091,0.0625,0.0909,0.0714,0,0.5,0.3636,0.0455,0.5556,0.25,0.3125,0.25,0.0833,0.55,0.0556,0.2,0.45,0.0833
"locus504",1,1,1,1,1,1,1,1,0.8182,1,1,1,1,1,0.9583,1,1,1,1,0.8333,1,1,0.95,0.9,0.9545,1
"locus505",0.8333,1,1,0.7778,1,1,1,1,1,1,0.9545,1,1,0.875,1,0.8182,0.8125,0.8333,0.9375,0.8333,1,0.9545,0.8125,0.85,0.9545,1
"locus506",0.875,0.8125,1,0.9545,1,1,1,0.9375,1,0.7857,0.9,1,1,0.875,1,1,0.9444,1,0.9375,0.9444,0.9286,1,0.8889,0.9,1,0.9583
"locus507",1,0.9375,0.6,0.7727,1,0.7917,0.9,0.7778,0.7273,0.9375,0.9091,1,0.95,0.9375,0.7083,0.8182,0.8889,0.8333,0.6875,0.8333,0.7143,1,1,0.8333,0.85,0.8333
"locus508",0.7083,1,1,1,1,1,1,1,0.9545,1,1,0.9375,1,1,1,1,0.7222,1,1,0.8333,1,0.7727,1,0.9,0.8182,1
"locus509",1,1,0.95,1,0.7778,0.9545,1,1,0.9444,1,1,1,1,0.9375,1,1,0.9444,1,0.9375,0.9444,1,1,0.9,1,0.8,0.9
"locus510",0.8333,1,1,0.9545,1,1,1,0.7222,0.9545,1,1,0.9375,1,1,1,1,1,1,1,1,0.9286,1,0.9,1,1,0.9167
"locus511",0.9167,1,1,1,1,1,1,1,1,1,0.9545,1,1,1,1,1,1,1,0.9375,1,1,0.625,1,1,0.9545,1
"locus512",1,1,0.8889,1,1,1,1,0.9375,0.7727,1,1,1,1,1,0.8333,1,1,0.8333,1,0.9375,1,1,1,1,1,1
"locus513",0.7143,0.9375,1,0.85,1,1,0.5,0.5,1,0.75,0.9091,0.8333,1,0.8333,0.7083,0.6,0.8889,1,0.8333,0.8889,0.75,0.9545,0.95,0.8,0.9091,1
"locus514",0,0,0.1,0,0,0,0,0,0.1364,0,0,0.0625,0,0,0,0.05,0.1111,0,0.0625,0.0556,0,0.0455,0,0,0.0909,0
"locus515",0.5625,0.7,0.625,0.375,0.5,0.6875,0.25,0.7,0.5,0.5,0.4375,0.6667,0.6,0.6429,0.6,0.4444,0.5,1,0.5833,0.3571,0.75,0.0556,0.5,0.4375,0.5556,0.7143
"locus516",0.125,0,0.2,0.05,0,0.0417,0,0,0,0,0.05,0,0,0.125,0.0417,0,0.1667,0,0.0625,0.0556,0,0.1429,0.05,0,0,0.0417
"locus517",1,1,0.8,1,1,1,1,1,0.9,1,1,1,1,1,0.9167,1,1,1,0.8125,1,1,1,1,1,1,1
"locus518",1,1,0.9,1,1,1,0.9,0.9444,1,1,1,1,1,1,0.9091,1,0.9444,1,0.875,1,1,1,1,0.95,1,0.9583
"locus519",0.8636,1,1,0.9545,0.9444,1,1,0.8889,0.9545,0.9375,0.9545,1,1,1,0.9583,0.7778,0.9444,1,0.9375,0.9375,0.9286,1,0.95,1,1,1
"locus520",1,1,1,1,0.5714,1,1,0.2,1,1,1,0.8,1,1,1,1,1,1,0.9375,1,1,1,0.95,1,1,0.2273
"locus521",0.6818,0.75,0.8,0.65,1,0.6429,0.5,0.8333,0.7273,0.625,0.9286,0.5,0.8,0.6667,0.6667,0.5,0.5714,0.5,0.7857,0.5714,0.5,0.9091,0.5,0.4444,0.7222,0.7
"locus522",0.9091,0.9375,1,1,1,1,1,1,0.9545,1,0.9545,0.8125,1,1,1,1,0.9375,0.8333,1,1,0.9286,1,0.9,1,0.9545,1
"locus523",1,1,0.85,1,1,1,1,1,0.7727,1,1,1,1,1,0.95,1,1,1,0.9375,0.9375,1,1,1,0.8889,1,1
"locus524",1,0.9375,1,0.8636,1,1,1,1,1,0.8125,0.9,1,0.6,1,1,1,0.9444,0.8333,1,1,0.9286,1,1,1,1,1
"locus525",0.8333,0.5625,0.75,0.85,0.6667,0.7917,1,0.6111,0.8182,0.625,0.4545,0.9375,0.5,0.875,0.75,0.8636,0.7857,0.8333,0.875,0.6111,0.9286,0.8636,0.65,0.6,0.8182,0.7083
"locus526",0.375,0.625,0.95,0.6111,0.9444,0.875,0.7,0.8571,0.7222,0.8333,1,0.5,1,0.5,0.9091,0.65,0.3571,0.8333,1,0.6111,0.9286,0.0909,0.5833,0.85,0.55,0.9167
"locus527",0.7917,1,0.95,1,0.8333,1,1,0.6667,1,0.75,1,1,1,0.75,1,0.9,0.75,1,0.75,0.6111,1,1,0.7222,0.9,0.9545,1
"locus528",0,0,0,0,0,0.125,0,0.0556,0,0,0.1364,0,0,0,0,0.0455,0.0556,0,0.0625,0,0,0,0,0.0556,0,0.0833
"locus529",0.9583,1,0.8889,0.7727,1,1,0.7,1,0.9091,1,0.9091,0.9375,1,0.9375,0.9583,0.9545,0.9444,0.8333,1,0.8333,1,1,0.9,0.95,1,0.9583
"locus530",0.25,0,0.05,0,0,0,0,0,0.0455,0.3125,0.0455,0.0625,0,0,0,0,0.2778,0,0.0625,0.3333,0,0,0.1,0.05,0,0
"locus531",1,0.9375,0.9444,1,1,0.9167,1,1,0.7273,1,0.9545,1,0.8889,0.9375,0.875,1,1,1,0.7143,1,0.9286,1,0.95,0.6667,1,1
"locus532",1,0.9375,0.9,1,1,1,1,0.9444,1,1,1,1,1,0.9375,0.9583,1,1,1,1,1,1,1,1,0.8,0.9545,1
"locus533",0.8333,0.8571,0.95,1,1,0.9583,1,1,1,1,0.9,1,0.85,0.875,0.9583,1,1,1,0.9375,1,0.9286,0.65,0.85,1,0.9091,0.9583
"locus534",0.9583,0.75,1,1,0.9444,0.6667,1,0.9375,0.8636,1,0.9545,0.9375,1,1,0.8333,1,0.8333,0.8333,0.875,0.875,1,1,0.95,0.85,0.8182,0.875
"locus535",0.75,0.5833,0.2222,0.9545,0.75,0.5556,1,0.5,0.4545,0.5,0.9,0.75,0.9286,0.5,0.5909,0.9,0.9,0.5,0.4286,0.3889,0.5,0.45,0.8333,0.4375,0.7,0.5455
"locus536",1,0.7857,1,1,1,0.9545,1,0.9444,0.9545,0.75,0.8636,1,0.9444,1,0.9583,1,1,1,1,1,1,1,1,1,1,0.9583
"locus537",0.9583,1,1,1,0.9444,1,1,1,1,1,0.9545,1,0.7222,0.9375,1,0.9545,1,1,1,1,1,1,1,0.8,1,0.9583
"locus538",0.4444,0.125,0.1667,0.1,0,0.0417,0.25,0,0.3333,0,0,0,0,0.1429,0.35,0.25,0.1111,0,0.0625,0.3125,0.1667,0.0455,0.2222,0.25,0.0833,0
"locus539",0.9583,1,1,0.9545,1,1,1,1,1,0.875,1,1,1,0.875,0.9583,1,1,1,1,1,1,0.5625,1,1,0.6818,0.9583
"locus540",1,0.9375,0.95,1,1,0.9545,1,0.8889,0.8636,1,0.8636,0.9375,0.95,0.9375,0.875,1,1,0.8333,1,0.9444,0.8571,0.7273,0.95,0.95,1,0.9583
"locus541",1,1,1,1,1,0.9583,0.3,1,0.9,0.8571,1,1,0.9,0.9375,0.9583,1,0.8333,1,0.8125,1,1,1,1,0.95,1,1
"locus542",0.9167,1,1,0.7273,1,1,1,1,1,1,1,1,1,1,1,1,1,0.5,1,1,1,1,0.8,1,1,1
"locus543",1,0.5,1,1,1,1,1,1,1,1,1,0.9375,1,1,1,0.9545,1,1,1,1,1,1,0.95,1,1,1
"locus544",0.8182,0.6667,0.7857,0.5556,0.4167,0.6111,0.375,0.4286,1,1,0.65,0.5,0.5556,0.8571,0.8333,0.6111,0.6667,1,1,0.9167,0.5,0.7778,0.7222,1,0.6667,0.4444
"locus545",1,1,1,1,1,1,1,1,1,1,0.9545,0.9286,1,1,0.9167,1,1,1,1,1,0.7857,0.9167,0.8,0.95,1,1
"locus546",0.875,0.8571,0.8333,0.8889,0.6667,0.9167,0.4,0.7857,0.7273,0.7857,0.8636,0.75,1,0.6875,0.75,0.5455,0.7222,0.8333,0.5714,0.6875,0.8,0.8571,0.65,0.8,0.7222,0.9167
"locus547",0.9091,0.9286,0.875,0.9545,1,1,1,0.7778,0.75,1,0.9545,1,0.9444,0.9,0.8889,0.8636,0.7222,1,0.875,0.8571,0.9167,0.9545,0.8125,0.9375,1,0.7727
"locus548",1,1,0.95,1,0.9444,1,1,0.7778,0.9,1,1,1,1,1,0.9583,1,0.9444,0.8333,0.875,0.9444,1,1,0.95,1,1,1
"locus549",0,0.0714,0.0625,0.3,0.1875,0.1667,0,0.1875,0.0556,0.2,0.1667,0.375,0.375,0.2143,0.2273,0,0.0556,0,0.1429,0.0625,0.2,0.5,0,0.1875,0.1667,0.0625
"locus550",0.9583,1,0.9,1,1,0.9583,1,1,0.8182,1,0.9545,0.9375,1,0.875,0.9167,1,0.9444,1,0.875,1,1,0.9091,1,1,0.9545,0.9583
"locus551",0.7,1,0.95,0.5833,1,1,1,1,0.9091,0.9375,0.9545,0.75,1,0.9375,0.9583,1,0.9,0.75,1,1,1,0.9,0.8889,1,1,1
"locus552",1,1,1,0.9091,1,1,1,1,1,1,0.9545,0.9375,1,1,0.9583,1,0.75,0.8333,1,1,1,0.6667,1,1,0.9545,1
"locus553",1,1,1,1,1,1,0,0.9444,0.8636,0.9375,1,1,1,1,1,0.75,1,1,1,0.7857,1,1,0.95,1,1,1
"locus554",0.0417,0,0.2857,0.0455,0,0.0417,0,0,0.0455,0,0,0.0625,0,0.0714,0.25,0,0.0556,0,0,0,0,0,0,0,0.0455,0
"locus555",0.8333,0.75,0.8571,1,1,0.8636,0,1,0.9167,0.5714,0.9545,0.9375,1,0.9286,0.9167,0.1875,0.625,1,0.8125,0.8571,0.9286,0.9444,0.8571,0.8333,0.625,1
"locus556",1,0.9375,1,0.9545,1,1,1,1,0.9545,0.8125,1,1,1,1,1,1,0.9444,1,1,0.9375,1,0.9091,0.85,1,0.8889,1
"locus557",0.9167,0.9375,0.9,0.7778,1,0.9583,0.4,1,0.9545,0.6429,0.9545,0.8571,1,0.8125,1,0.6364,0.9444,1,0.875,0.9375,0.9286,1,0.95,0.9,0.8636,1
"locus558",1,1,0.85,0.9545,1,1,1,1,0.9091,0.9375,0.9545,1,1,0.875,0.9583,1,1,1,1,0.7778,1,1,0.95,0.9,0.8636,1
"locus559",1,1,1,1,1,0.9167,1,1,1,1,0.8636,1,1,1,0.9583,1,1,1,1,1,0.8571,0.9545,0.95,0.95,1,0.8333
"locus560",0.8636,1,0.95,1,1,0.9167,0.5,1,1,0.9375,1,1,1,1,1,0.9375,0.8333,1,1,1,1,1,1,0.95,1,0.9583
"locus561",0.6667,0.6429,0.45,0.4375,0.3333,0.625,0.3,0.3125,0.65,0.2143,0.6818,0.4286,0.55,0.5,0.5,0.1818,0.3571,0.25,0.375,0.25,0.3333,0.4444,0.375,0.5,0.5,0.2083
"locus562",1,0.6875,0.95,1,0.3889,0.6364,1,0.7778,0.9545,1,0.5,1,0.5,0.9375,0.8333,0.9091,1,1,0.875,0.875,0.9286,0.9545,0.9,1,0.7727,0.7
"locus563",0,0.0625,0,0,0.0556,0.2083,0,0.1111,0,0,0.1875,0,0.125,0,0.0417,0,0,0,0,0,0,0,0,0.05,0,0
"locus564",1,1,0.95,0.9091,0.9444,0.9583,1,0.9444,1,1,1,1,1,1,0.9167,0.9545,1,1,0.9375,1,0.9167,1,0.95,1,1,1
"locus565",0.8333,0.8125,0.8889,1,1,0.9167,0.9,0.8571,0.6818,1,1,1,1,0.75,0.8636,1,0.8889,1,0.8125,0.75,0.5,0.5,1,0.8333,0.75,0.8636
"locus566",1,1,1,1,1,1,1,0.8889,0.9545,1,1,0.9375,1,1,0.9583,1,1,1,1,0.9444,1,0.8182,1,1,0.9091,0.875
"locus567",1,0.9375,0.95,1,1,1,1,0.9444,0.9545,0.9375,0.9,0.9375,1,1,1,1,0.9444,1,0.7857,1,0.8571,1,0.95,0.8889,0.9545,0.9583
"locus568",0.7727,0.5,0.3333,1,1,0.8889,0.2,0.8889,0.5,0.5,0.5,0.9,0.875,0.6429,0.6667,0.0625,0.7,0.8333,0.9,0.6667,0.75,0.9091,0.8333,0.6429,0.75,1
"locus569",1,0.9375,0.95,1,0.8125,1,0.75,1,1,1,1,1,1,1,1,0.75,1,1,1,0.8333,1,1,0.95,1,1,1
"locus570",0.875,0.75,0.8571,0.8182,0.9444,0.75,1,0.625,1,0.9375,0.85,0.9167,1,1,1,1,1,1,0.75,0.6667,0.6667,0.9545,0.75,0.875,1,0.8889
"locus571",0.6818,0.5625,0.3889,0.6429,0,0.1364,0.625,0.2778,0.6111,0.5,0.1364,0.3,0.25,0.5714,0.4583,0.7778,0.5,0.5,0.5833,0.5556,0.375,0.5,0.7,0.55,0.5,0.2917
"locus572",0.9091,1,1,1,1,0.9583,1,1,1,1,0.9545,1,1,1,0.9583,1,0.9444,1,0.9375,1,1,1,0.9,0.95,1,1
"locus573",1,0.8125,0.75,0.9545,0.8333,0.9583,1,0.7778,0.9091,0.9375,0.9545,1,0.9,0.8571,0.7273,1,0.8333,1,0.5625,1,1,0.9545,0.9,1,0.85,0.9167
"locus574",0.6111,0.9286,0.8,0.7857,0.9444,0.8182,0.7,0.375,0.8125,0.75,0.5556,0.9286,0.8125,0.8125,0.9167,0.5,0.6667,0.5,0.875,0.7778,0.875,0.5,0.8333,0.6667,0.7222,0.8333
"locus575",0.75,1,0.95,1,1,0.9583,1,1,0.9545,1,0.9545,1,1,0.9375,0.9583,1,0.6,1,1,1,1,0.9375,0.625,0.9,0.9,1
"locus576",1,1,1,1,1,1,0.9,0.9444,1,1,0.9545,1,0.9,1,0.9167,0.9091,1,1,0.875,1,1,0.9545,1,0.95,1,0.9583
"locus577",0.0833,0,0.1429,0.0455,0,0.125,0,0.1667,0.3125,0.0625,0.0455,0.0625,0,0.1,0.05,0,0,0,0,0.0714,0,0,0,0.0833,0.1364,0.0833
"locus578",0.9167,0.6429,1,0.9091,0.4167,0.8571,1,0.9,0.9545,0.9375,0.6429,1,0.4167,0.875,0.9167,1,0.7778,1,0.9286,1,0.875,0.9545,1,0.95,0.6667,0.75
"locus579",0.8636,0.9375,1,0.8182,1,1,0.25,1,1,0.875,1,1,1,0.9375,1,0.7727,0.75,1,1,0.9444,1,0.625,1,1,0.9545,1
"locus580",0.875,0.9375,0.9,1,1,0.9167,1,0.8889,0.9545,0.75,1,1,0.95,1,0.7917,1,0.8333,1,0.9286,1,1,1,1,0.9,0.9091,0.9545
"locus581",0.4091,0.375,0.375,0.2143,0.0714,0,1,0.375,0.1818,0.3125,0.1,0.2143,0,0.3571,0.15,0.9545,0.375,0.1667,0.125,0.25,0.1667,0.1667,0.5556,0.2222,0.5,0.3182
"locus582",0.3889,0,0.05,0.3182,0,0,0,0.1667,0,0.0625,0,0.0625,0,0.125,0.0417,0,0.2778,0,0,0.0556,0,0.3125,0.0833,0,0.1667,0
"locus583",0.9583,1,1,1,0.9444,1,1,0.9444,0.9545,1,1,1,1,1,1,0.8125,0.9444,1,0.9375,1,1,1,0.8889,0.95,0.9545,0.9583
"locus584",0.9167,0.875,1,0.9545,0.7222,1,1,0.8889,1,1,1,1,1,1,0.9545,1,0.9375,0.8333,1,0.9444,0.9286,0.9545,0.95,1,0.9091,0.9583
"locus585",1,1,0.9167,1,1,1,1,0.9375,0.8182,0.8125,1,0.875,1,0.6875,0.8333,1,1,1,0.875,0.9286,0.9286,1,0.95,0.8889,1,0.9583
"locus586",0,0,0.05,0.0455,0,0.0833,0,0.1667,0,0,0,0,0.1,0,0,0,0,0,0,0,0.0714,0,0,0.15,0,0.2857
"locus587",0.0417,0.25,0.1,0.0455,0.0833,0.3182,0,0.25,0,0,0.05,0.0625,0.125,0.1875,0.1,0,0,0,0.1429,0.0556,0.5,0,0.05,0.05,0,0.2
"locus588",1,0.9375,1,1,1,0.8333,1,0.8889,1,1,0.9091,1,0.8889,1,1,1,1,1,1,1,1,1,1,1,1,0.875
"locus589",0.1,0.3571,0.3333,0,0.2143,0.3125,0,0.2143,0,0.2857,0.25,0.1,0.4375,0.1875,0.1,0,0.5,0.25,0.5,0.5,0,0,0.125,0,0,0.25
"locus590",1,0.9375,1,1,1,0.9167,1,0.8889,0.9545,1,1,1,1,0.9375,1,1,1,1,0.9286,1,1,1,1,0.8333,0.9545,0.9167
"locus591",0.8889,0.8,1,0.9545,0.7857,0.8636,0.5,0.8,0.8333,1,0.8333,0.8,0.75,0.875,1,0.5,0.75,1,0.75,0.5833,1,1,0.5,0.9,0.8182,1
"locus592",0.125,0.375,0,0.3889,0,0.3636,0,0,0.0455,0.1429,0.5,0,0.7143,0.1875,0.0833,0,0.3333,0.3333,0.0714,0,0,0.5,0.3333,0.2222,0.1875,0.0833
"locus593",0.9167,0.9375,0.95,0.95,1,1,1,1,0.9545,0.9375,1,1,1,1,0.9583,1,1,0.5,0.9167,0.9444,1,1,1,1,1,1
"locus594",0.9583,0.9375,0.95,1,1,0.9583,0.9,0.8889,0.9091,0.8125,1,0.8333,1,0.9375,1,1,0.7222,0.8333,1,0.9444,0.8571,1,0.85,1,0.7727,0.9583
"locus595",0.3333,0.625,0.5625,0.7222,0.625,0.7083,0,0.6875,0.5,0.6429,0.5,0.5,0.625,0.5,0.55,0.05,0.5,0.5,0.7857,0.5,0.6667,0.25,0.5,0.7778,0.75,0.6667
"locus596",0.625,0.9375,0.9,0.95,1,1,0,0.9444,0.8182,0.6,1,1,1,0.7857,0.9583,0.0556,0.3571,0.8333,0.9375,0.6875,0.9167,0.9545,0.75,0.8889,0.8,1
"locus597",1,1,1,1,0.9444,0.9583,0.8,1,1,0.875,1,1,0.9,1,0.9583,1,1,1,1,1,1,1,0.95,0.95,1,1
"locus598",0.875,1,1,0.9545,1,1,1,0.9444,1,1,1,1,1,1,1,1,0.8333,1,0.9375,1,1,0.9545,0.95,1,0.9545,1
"locus599",1,1,0.8,1,1,1,1,1,0.9091,1,1,1,0.95,0.6875,0.9583,1,1,1,0.9286,0.8889,0.9286,1,1,1,0.9545,1
"locus600",0.8636,0.4167,0.5625,1,0.1667,0.1875,0.8333,0.5,0.625,0.5833,0.2222,0.25,0.1667,0.75,0.6667,0.5625,0.75,0.6667,0.7,0.8125,0.5,0.0625,0.8,0.25,0.4444,0.25
"locus601",0.9583,1,0.85,1,1,1,1,1,0.8636,1,1,1,1,0.9375,0.9583,1,1,0.8333,0.9375,0.8889,1,1,0.8333,0.95,1,1
"locus602",0.6111,0.2857,0.3333,0.7778,0,0.0455,0,0.2778,0.5,0.0714,0.0455,0.4286,0.05,0.4375,0.5417,0.05,0.5,0.75,0.3125,0.3333,0.2,0.25,0.6429,0.6111,0.2273,0.2273
"locus603",0.85,0.9286,1,0.85,1,0.9167,1,0.9444,1,1,1,0.75,1,0.9286,0.9583,1,0.8889,0.8333,1,1,0.7857,0.9,0.75,0.9,0.8,0.9167
"locus604",1,1,1,1,0.9444,1,1,1,0.9,0.9375,0.9545,1,1,1,0.9167,0.9545,0.9444,1,1,1,1,0.9545,0.9,1,1,1
"locus605",1,1,1,0.9545,1,1,1,0.9444,0.8636,1,1,1,1,1,1,1,1,1,1,0.9444,0.8571,1,0.95,0.9,0.7727,0.9167
"locus606",0.8636,0.7143,1,1,0.8333,0.7273,0.125,1,0.7,0.9167,1,1,1,0.7857,0.7,0.9,0.7778,1,1,0.625,1,0.9545,0.8889,0.8333,0.8125,0.8182
"locus607",1,0.9375,1,1,0.9444,1,0.75,0.9444,0.9091,0.9375,0.9545,1,0.9,0.9375,0.9583,1,1,1,0.9375,1,0.9286,1,1,0.9,0.8636,1
"locus608",1,0.9375,0.85,0.9545,0.7778,0.875,1,0.6875,0.7727,1,1,0.9167,1,0.7857,0.9091,1,1,0.8333,0.7143,0.9444,0.6429,0.9545,0.95,1,0.8,0.7083
"locus609",0.9583,0.9375,1,1,1,1,1,1,0.9545,1,1,0.9375,1,1,0.9545,0.9545,1,1,1,0.9444,0.9286,1,1,1,0.8636,1
"locus610",1,1,1,1,0.9444,1,1,1,0.9545,1,1,1,0.95,1,0.875,1,0.9444,0.8333,0.9375,1,1,1,0.9,1,0.9545,1
"locus611",1,1,1,0.9091,1,1,1,1,0.9545,1,1,1,1,1,0.9167,1,0.9444,1,0.75,1,1,1,1,1,0.8182,1
"locus612",0.2143,0.4286,0.1,0.05,0.8,0.6875,0.6,0.5833,0.45,0.3125,0.75,0.3,0.9167,0.25,0.4,0.5714,0.2857,0.5,0.3,0.5,0.4286,0.5,0.1875,0.125,0.6,0.6364
"locus613",0.6364,0.8125,0.85,0.9545,1,0.875,0.7,0.7778,0.7273,0.8571,0.9545,0.8333,1,0.875,0.75,0.6,0.6875,1,0.7857,0.9444,0.7857,0.9,0.8,0.8333,0.6875,1
"locus614",0.0833,0,0,0,0.0714,0,0,0.125,0,0,0.2273,0.0625,0.0625,0.0625,0.0417,0.0455,0,0,0.0625,0,0,0,0.1,0.2,0,0.2
"locus615",0,0,0.05,0,0,0.0417,0.1,0.0556,0,0.125,0,0.3125,0.05,0,0,0.0909,0.0556,0,0.0625,0.0556,0.0714,0,0.05,0,0,0.1667
"locus616",0,0.8333,0.05,0.1,0.3333,0.5,0.9,0.375,0.1818,0.75,0.4,0,0.5556,0.1875,0.1364,0.9545,0.125,0,0.0625,0.2222,0,0,0.2222,0.25,0.25,0.625
"locus617",1,0.875,0.95,1,0.75,0.75,1,0.8333,0.9545,1,0.5833,0.875,0.6429,1,0.9091,1,1,0.8333,0.9375,0.9444,1,1,1,0.9,0.9,0.9167
"locus618",0.2083,0.5,0.2778,0.5,0.6667,0.625,0,0.4444,0.1818,0.0625,0.7727,0.4375,0.7222,0,0.375,0.0455,0,0.1667,0.2143,0.1111,0.5,0.1364,0.2778,0.3889,0.4545,0.7273
"locus619",1,1,0.85,1,0.9444,1,1,0.9444,1,1,1,1,1,1,0.9583,1,1,1,0.875,0.9444,1,1,1,0.85,1,1
"locus620",0.8636,1,1,1,1,1,0.5,0.9444,0.9091,1,1,1,1,1,0.9545,1,0.8125,0.6667,1,0.6667,1,1,0.95,1,0.8636,0.7083
"locus621",0.0417,0.0625,0,0,0.0556,0.1667,0,0.1875,0,0,0,0,0.1,0,0,0,0,0,0.0625,0,0,0.0455,0,0,0.1364,0.0417
"locus622",1,1,0.95,0.8182,1,1,1,1,1,1,0.9545,0.9375,1,1,0.9583,0.9545,0.9444,1,1,1,1,1,0.95,0.95,1,0.9167
"locus623",0.6,1,0.95,0.9091,1,1,1,1,1,0.875,0.9545,0.9286,1,0.9375,0.9583,1,0.6667,1,0.9375,1,1,0.5625,0.8571,0.8333,0.9167,0.9583
"locus624",0.0833,0.0625,0,0,0,0,0,0.1111,0,0,0,0,0,0,0.0417,0,0.1667,0.1667,0.0625,0,0,0,0.05,0.05,0.1,0
"locus625",0.9583,0.6429,0.95,1,1,0.7778,1,1,1,1,0.9375,1,0.9,0.875,0.9583,1,0.8889,1,1,0.9375,1,1,0.95,1,0.9545,1
"locus626",0.6,0.4,0.5,0.5,0.0833,0.15,0,0.3,0.5556,0.4375,0.05,0.375,0,0.4375,0.45,0.0833,0.5,0.5,0.6,0.5,0.3333,0.5455,0.6,0.4444,0.5625,0.2222
"locus627",0.8636,0.625,0.7778,0.75,1,1,0.75,0.7778,0.75,0.5714,0.9091,0.9167,0.95,0.8571,0.875,0.7778,0.875,1,0.6667,1,0.6667,0.8182,0.8889,0.6111,0.8,0.9583
"locus628",1,0.875,0.95,1,0.8889,0.8333,1,0.9375,1,1,0.7727,1,0.9444,1,1,1,1,1,1,1,0.8571,1,1,1,1,0.9375
"locus629",0.5,0.1875,0.4,0.0625,0.1111,0.1667,0.5,0.1667,0.25,0,0.0455,0,0,0.375,0.3,0.5,0.2143,0,0.1429,0.4286,0.25,0,0.35,0.1875,0.1111,0.0833
"locus630",0.8182,1,1,1,1,1,0.5,1,0.65,0.875,0.9545,0.875,0.75,0.9286,0.9583,0.5714,0.75,1,0.9375,0.8571,1,1,0.75,0.9,1,1
"locus631",1,0.8,1,1,0.5833,0.75,1,0.9167,0.95,1,0.5556,0.875,0.5556,0.9375,1,0.7727,1,1,0.875,0.9444,0.8333,1,1,1,0.9,0.7778
"locus632",0.625,0.7857,0.625,0.75,0.9444,0.9167,0.9,0.9286,0.5556,0.625,1,1,0.95,0.4167,0.85,0.4167,NA,1,0.875,0.625,0.9167,0.9,0.95,0.5,1,0.8
"locus633",1,0.9375,1,0.9545,0.75,1,1,0.8571,0.9545,0.9375,1,0.9375,0.95,1,1,1,1,0.8333,0.9375,0.7778,0.7,1,1,0.9,0.9091,0.875
"locus634",0.25,0,0.2143,0.1429,0,0,0,0.0556,0.25,0,0.0909,0.25,0,0.25,0.4,0.0455,0.3125,0,0.25,0.2222,0,0.2857,0.0556,0.2143,0.1667,0
"locus635",0.85,0.4,0.7778,0.5833,0,0.1,0.5,0.25,0.5,0.4286,0.15,0.5,0.2,0.5,0.3636,0.3889,0.8125,0.5,0.75,0.6875,0.1429,0.8,0.8125,0.4,0.7222,0.0833
"locus636",1,1,0.95,1,0.8333,0.7727,1,0.9375,0.9091,1,0.875,0.875,0.6,0.875,0.9583,1,1,1,0.9375,0.8889,0.75,1,0.95,0.95,0.9545,0.95
"locus637",0.8182,0.875,1,1,1,0.9583,1,1,1,0.9375,1,0.9375,1,1,1,0.9545,0.9375,1,0.9375,1,1,1,0.9444,1,1,1
"locus638",1,0.9375,0.95,1,0.8333,1,1,1,0.9091,1,0.9091,1,1,0.9375,0.8333,1,0.8889,1,0.875,1,1,1,1,0.9,0.9545,1
"locus639",0.0833,0,0.3333,0,0.0714,0,0,0.2,0.05,0.0625,0.05,0,0,0,0.3889,0.0455,0,0,0.1429,0,0.3,0.0455,0.05,0.25,0,0.3889
"locus640",0.7727,0.5,0.8,0.6364,0.5,0.75,0.25,0.8333,0.7778,0.6429,0.4,0.8125,0.6875,0.8571,0.5833,0.25,0.9167,1,0.6429,0.7222,0.5714,0.9091,0.8125,0.8,0.7222,0.9167
"locus641",0.9167,0.9375,0.95,1,1,1,1,1,0.8636,1,0.9545,1,1,0.9375,0.875,1,1,1,0.875,0.8889,1,1,1,1,0.9091,0.9167
"locus642",0.875,0.9375,0.95,1,1,1,0.7,1,1,1,1,1,1,1,1,0.6667,1,1,1,0.9444,1,0.5,1,1,0.9545,1
"locus643",0.1818,0,0.1,0.0455,0.1667,0.0833,0,0,0.1111,0.0625,0.0455,0.2857,0,0.3571,0.05,0.0455,0.1667,0,0.25,0,0.25,0.0455,0.0714,0.1111,0,0.0455
"locus644",0.8,0.9375,1,0.875,1,0.9545,1,1,1,0.9375,0.9545,0.9375,0.9,1,0.9545,1,0.6667,0.8333,0.9375,1,0.9286,0.8333,0.8333,0.95,0.9545,1
"locus645",0.1364,0.6429,0.5556,0.625,0.9444,0.7222,0.5,0.8333,0.2,0.5,0.875,0.875,0.7857,0.5714,0.5,0.5,0.6111,0.5,0.375,0.4444,0.9286,0.5455,0.4375,0.2222,0.4,0.8182
"locus646",0.2,0.1667,0.5,0.125,0,0.0833,0,0.0714,0.5,0.3571,0.0556,0,0.05,0.625,0.5,0.0455,0.2,0,0.5,0.4,0.1667,0,0.0625,0.4286,0,0.0455
"locus647",1,0.8,0.5,0.75,1,0.8125,0.5,0.8125,0.6111,0.3333,0.5,0.75,0.8333,0.75,0.5,0.65,0.9286,0,0.75,0.5833,0.75,0.5,0.9286,0.75,0.8,0.8636
"locus648",0,0.0625,0.05,0.0909,0,0.125,0,0,0,0,0.0455,0,0,0.1875,0.0417,0,0,0.3333,0,0.0556,0.2143,0,0,0,0.0909,0
"locus649",0.875,0.3,0.2143,0.5909,0.4444,0.4,1,0.25,0.5455,0.75,0.5625,0.3571,0.5,0.125,0.2273,1,0.8333,0.5,0.25,0.4167,0.25,0.9375,0.5,0.375,0.6111,0.5
"locus650",0.7917,1,0.95,0.9545,1,0.9583,1,0.8889,1,1,1,0.8125,1,0.9375,1,1,0.8889,1,1,1,1,0.7273,0.85,0.85,1,1
"locus651",0.3125,0.5,0,0.1364,0.9444,0.375,1,0.75,0.2,0.375,0.2,0.3125,0.35,0.1,0.2222,0.9375,0.375,0,0.2,0.3125,0.25,0.4545,0.1667,0.0556,0.6875,0.875
"locus652",0.5,0.4375,0.375,0.8333,0.6875,0.4,0.25,0.5,0.35,0.6429,0.5,0.3,0.3889,0.2857,0.2273,0.4,0.5,0.25,0.375,0.5,0.7,0.5625,0.5714,0.25,0.5625,0.5556
"locus653",0.625,1,0.95,0.9,1,1,1,0.9444,1,1,1,0.6875,1,1,0.875,1,1,0.6667,1,0.9444,1,1,0.75,1,1,1
"locus654",0.875,1,1,1,1,1,1,0.9444,0.9091,0.875,1,1,1,1,0.9583,0.9091,0.7778,1,1,0.9444,1,0.9091,0.7857,0.95,0.9091,0.9167
"locus655",0.9583,1,0.9,0.8636,1,0.9583,1,0.9444,0.9545,0.9375,0.8636,0.9375,0.95,0.8125,0.9583,0.9545,0.9444,0.8333,0.9286,0.9444,0.9286,0.7222,1,0.8333,0.9545,1
"locus656",0.9167,0.625,0.9,0.8636,0.9444,0.625,0.8,0.8333,1,0.8571,0.5909,1,0.7,1,0.9167,0.9545,1,0.8333,1,0.9444,1,0.9,0.75,1,0.7,0.9583
"locus657",0.7857,1,1,0.75,1,1,1,1,1,0.875,1,0.8125,1,0.875,1,1,0.6875,0.8333,1,0.8333,1,1,0.8571,1,0.9444,1
"locus658",0.125,0,0,0,0,0,0,0,0,0,0,0,0,0,0.0417,0.4444,0,0.3333,0.0625,0,0,0,0,0.15,0,0
"locus659",0.6667,0.5625,0.6111,0.85,0.9286,0.75,0.8333,0.8889,0.6818,0.5833,0.8125,0.6429,0.8,0.5625,0.5909,0.5625,0.6429,0.6667,0.625,0.5625,0.75,0.5909,0.65,0.6111,0.7727,0.7727
"locus660",0.9583,0.5,1,0.6111,0.8125,0.7917,1,0.9375,0.8636,1,0.85,0.9167,0.875,0.5,0.8636,1,1,1,0.8125,0.8889,0.8333,0.9545,0.8889,0.85,0.9,0.7727
"locus661",0.875,1,1,1,1,1,1,1,1,0.9375,1,1,1,1,1,1,0.9444,1,1,1,1,0.7,1,1,1,1
"locus662",0.2778,0.0714,0.05,0.2778,0,0,0,0.1667,0,0,0.0909,0.3125,0,0.0625,0.0909,0.3571,0.0556,0,0.125,0,0.1429,0.05,0.0714,0,0.0455,0
"locus663",0.875,0.4286,0.5833,1,0.625,0.4583,0.2,0.5625,0.65,0.2857,0.2273,0.9167,0,0.8333,0.8,0.1,0.8333,1,0.5625,0.6429,0.625,1,0.9375,0.5,0.7,0.75
"locus664",0.4444,0.1875,0.4167,0.0714,0,0.0833,0.5,0,0.3125,0,0,0.5,0.1,0.25,0.1667,0.1667,0.375,0.6667,0.4167,0.25,0.1667,0.9091,0.3333,0.3125,0.1667,0
"locus665",0.9167,1,0.95,1,1,1,1,1,1,1,0.8636,1,0.9,1,1,0.9545,0.8333,0.6667,1,1,1,1,1,0.95,1,1
"locus666",0,0.125,0.1111,0.0909,0.1667,0.2222,0,0.4,0,0,0.0833,0.1667,0.1111,0,0.1818,0,0.0556,0.25,0.25,0.1111,0.25,0.25,0.0556,0.25,0.0625,0.1
"locus667",0.875,1,1,0.9091,1,1,1,0.9444,0.9545,1,1,0.9375,1,1,0.9583,1,0.625,1,1,0.9444,1,1,0.9444,0.9,0.9545,0.875
"locus668",1,1,0.95,1,1,1,1,1,0.9545,0.9375,0.9545,1,1,1,0.8636,0.9545,1,1,0.9375,1,1,0.9375,0.9,1,1,1
"locus669",0.8333,1,0.95,0.8571,1,0.9583,1,1,0.9545,1,0.9091,0.9375,1,0.9375,0.9545,1,0.9444,1,0.9375,1,1,0.25,0.8125,0.75,0.95,1
"locus670",0.7917,1,0.95,1,1,1,1,0.9444,0.8636,1,1,1,1,0.9375,0.9583,0.9091,0.9286,1,1,0.7778,1,1,0.5714,1,1,1
"locus671",0.1667,0.4286,0.3889,0.1364,0.8889,0.5,0.2,0.5,0.2727,0.1429,0.8182,0.3333,0.7222,0.375,0.1667,0.15,0.3333,0.1667,0.125,0,0.4167,0.0455,0.25,0.3571,0.3,0.4167
"locus672",1,1,1,0.9091,1,0.9583,0.7,1,1,1,1,0.9375,1,1,1,1,1,1,1,1,0.9286,0.7273,1,1,0.9091,0.9583
"locus673",0,0,0,0,0.2222,0.5,0,0.2857,0,0.0625,0,0,0,0,0.0417,0,0,0.1667,0,0,0.0714,0,0.1,0,0.15,0.05
"locus674",0.9167,1,1,0.8636,0.9444,0.9583,0.75,1,0.9545,0.6875,0.9545,1,1,1,1,0.9545,0.9444,1,0.8125,0.9444,1,1,1,1,0.9545,0.875
"locus675",0.9583,1,1,1,0.9444,0.9167,1,1,1,0.9375,0.9545,1,1,0.875,0.9167,0.75,0.9444,1,0.9375,0.8889,0.9286,1,1,1,0.9545,0.95
"locus676",0.7273,0.25,0.5,0.7222,0.5,0.5,1,0.3333,0.4286,0.875,0.5625,0.5,0.4167,0.5,0.5,1,0.7222,0.8333,0.4167,0.8333,0.8,0.6111,0.8125,0.5556,0.5,0.4444
"locus677",0.4091,0.5,0.15,0.55,0.5,0.6818,0.1,0.25,0.15,0.8,0.6875,0.5,0.75,0.5,0.375,0.6667,0.3333,0.25,0.3333,0.125,0.4167,0.1875,0.5,0.3125,0.5,0.5
"locus678",0.9167,1,1,1,1,1,1,1,0.8,1,1,1,1,0.8125,0.9167,1,0.8889,1,0.9375,0.875,0.9286,1,0.9,0.9,1,0.9583
"locus679",0.8333,0.8125,1,0.9545,0.9444,0.9583,1,0.8889,0.8182,0.9375,0.9,0.9375,1,0.9375,0.9583,1,0.8,1,0.875,0.8889,1,1,0.9,0.95,0.9091,0.9583
"locus680",1,0.75,0.9,0.9444,1,0.9167,0.75,1,0.9545,1,1,1,1,1,1,1,0.9444,1,1,1,1,1,0.95,0.8889,1,1
"locus681",0,0.0714,0.125,0.7,0.1111,0.1364,0,0.2778,0.1111,0.0833,0.2,0.1667,0.1,0.4286,0.1364,0,0.1429,0.3333,0.2143,0,0.2,0.125,0.2857,0.0556,0.0909,0.375
"locus682",1,0.625,0.8333,1,1,0.9583,1,1,1,1,1,1,1,0.9375,1,1,1,1,0.9375,1,1,1,1,0.95,1,1
"locus683",0.9091,1,0.9444,0.65,1,1,1,1,1,1,1,1,1,1,0.9167,1,1,1,0.9375,1,1,1,0.7143,1,0.65,1
"locus684",0.2727,0.125,0.05,0.0909,0.1667,0.0833,0.2,0.0556,0,0.0625,0.0455,0.125,0,0.1875,0,0.0833,0.4444,0.25,0.1429,0.0625,0.0714,0,0.3,0,0.3182,0.0417
"locus685",0.9583,0.875,0.9444,1,0.9286,1,1,0.625,0.9545,0.9375,0.9545,0.625,1,0.8571,0.7917,1,0.8333,1,0.875,1,0.8571,1,0.9,0.9,0.8889,0.7273
"locus686",0.3125,0.8333,0.1875,0.1,0.5,0.4375,1,0,0.1111,0.8125,0.8889,0.0833,1,0.1667,0.1364,0.9545,0.6,NA,0.2143,0.3333,0,0,0.1667,0.1,0.3333,0
"locus687",0.5417,0,0,0.5714,0,0,0,0,0,0,0,0.125,0,0.0625,0,0,0.3889,0,0,0.0556,0,0.0556,0.1111,0,0.4375,0
"locus688",0.9167,1,1,0.9091,1,1,1,1,0.9545,1,1,1,1,0.875,1,0.9545,0.9444,1,1,1,0.9286,0.8636,1,0.95,1,1
"locus689",0.3333,0.25,0.5556,0.4091,0.1667,0.5,0.1,0.3125,0.45,0.5,0.0455,0.5,0.15,0.375,0.25,0.2143,0.4375,0.25,0.2857,0.375,0.4286,0.5,0.4,0.3,0.3333,0.2917
"locus690",1,0.875,1,1,1,0.9091,1,1,1,1,0.7727,1,0.5,1,1,1,1,1,1,0.9444,1,1,1,0.95,1,1
"locus691",0.9167,1,0.95,1,1,1,1,1,0.9,1,1,1,1,0.9375,1,1,0.75,1,0.9375,1,1,0.9545,1,1,0.6818,1
"locus692",0.9167,0.7857,0.85,0.9545,1,1,1,0.9444,0.8636,0.875,1,0.9286,0.95,1,0.9583,0.9091,0.9375,0.5,0.875,0.9444,1,0.85,0.85,0.9444,0.9,1
"locus693",0.8182,0.9167,0.7778,0.9091,0.8,0.85,1,0.7778,0.9,0.7143,0.9545,0.7857,0.9,0.7857,0.8636,0.9545,0.7857,1,0.9375,0.8125,0.9286,0.8,1,0.8889,0.8636,0.7222
"locus694",0.25,0,0,0.1364,0.5625,NA,0.9,0.375,0.1364,0.25,0.1667,0.1667,0,0.4286,0.2778,0.4091,0.2222,0.6667,0.125,0.2778,0.5,0.1,0.25,0.35,0,0.4286
"locus695",0.9583,0.9286,1,1,0.9444,0.9167,1,1,0.9545,0.9375,1,0.9375,1,1,1,1,1,1,0.9375,1,1,1,0.85,1,0.9545,0.9583
"locus696",0.7727,0.875,0.9444,0.9091,0.8125,0.7917,0.8,0.9444,1,0.7857,0.7727,1,0.75,0.9286,0.9167,0.9545,0.7778,1,1,0.875,0.9286,0.9545,0.8333,0.9,0.9545,0.8636
"locus697",1,0.6,0.9167,0.9545,0.4375,0.2727,1,0.9,0.9545,0.5,0.1111,0.75,0.15,0.75,0.8571,0.9545,1,1,0.9167,1,1,1,0.95,0.8333,0.7857,0.5
"locus698",0.0909,0,0.05,0,0,0,0,0,0,0,0.0455,0,0,0,0.0417,0,0.0556,0,0.0714,0,0,0.3125,0.0556,0.2,0.0909,0
"locus699",0.875,0.9375,1,1,1,0.9583,1,1,1,0.875,0.9545,1,0.85,0.875,1,1,1,1,1,0.8889,1,0.9545,0.9,0.75,1,1
"locus700",1,1,0.95,1,0.75,0.8333,0.875,0.7857,1,1,1,0.9375,1,1,1,1,1,1,1,1,1,1,1,0.95,0.9091,0.7857
"locus701",0.9583,0.9375,0.95,0.9,1,1,1,0.8889,1,0.875,1,1,1,0.9375,1,0.8182,0.9444,1,0.9375,0.9444,1,1,0.95,0.95,1,0.9167
"locus702",0.9,0.6875,0.85,0.6667,0.7857,0.8182,0.7,0.7857,0.8333,0.5,0.8571,0.8333,1,0.75,0.9,0.3,0.8333,1,0.8571,0.6429,0.9,0.9545,0.8333,0.875,0.9375,0.8333
"locus703",0.5909,1,0.95,0.7727,1,1,1,1,1,1,0.8636,0.9375,1,1,1,1,0.8333,0.6667,0.9286,1,1,1,0.95,1,0.875,1
"locus704",0,0,0.0625,0.0455,0.0625,0.1,0,0.3125,0.1818,0.0625,0.1875,0,0.1667,0.0625,0.125,0,0.0556,0.5,0.25,0,0,0,0,0,0.0455,0.3571
"locus705",0.5,0.9375,0.85,0.6667,1,1,0.75,1,0.6818,0.5625,0.9545,0.875,0.7778,0.8333,0.6818,0.9091,0.625,0.5,0.7143,0.8333,0.8571,0.7,0.6667,0.9444,0.5909,1
"locus706",0.25,0.625,0.6,0.5455,0.625,0.55,0.5,0.5,0.5,0.5,0.5625,0.4167,0.6667,0.4,0.375,0.5,0.1,0.6667,0.2,0.2143,0.6,0.3889,0.6875,0.4375,0.3571,0.5
"locus707",0.9583,1,0.95,0.8636,0.9444,1,1,0.9444,1,0.9375,1,1,0.95,1,1,0.95,0.9375,0.8333,1,1,1,1,0.95,1,0.8182,1
"locus708",0.9583,0.8125,0.85,0.7727,0.4375,0.5909,0.8,0.7778,0.8182,0.875,0.4286,0.6875,0.4444,0.75,0.8333,0.8636,0.9444,0.5,0.75,0.7857,0.75,1,0.75,0.9,0.6,0.6818
"locus709",1,1,1,1,1,1,1,0.9444,1,1,0.8,1,0.9,0.9375,0.9583,0.9,1,1,1,1,1,1,1,1,0.9545,1
"locus710",0.7143,0.75,0.95,0.8889,0.9444,0.75,1,1,0.9091,1,0.9444,1,0.9,0.6875,0.9167,1,0.9167,1,0.9375,1,1,1,0.75,0.85,0.8125,1
"locus711",0.9583,1,0.95,1,1,0.9167,1,0.9444,1,1,1,1,1,1,0.9583,1,1,1,0.9375,0.9444,1,1,0.9,0.95,1,0.9583
"locus712",0.875,1,1,0.9091,1,1,0.75,1,1,0.875,1,1,1,0.9375,1,0.9,0.9444,1,1,0.8889,1,1,1,0.95,1,1
"locus713",0.9167,1,1,1,1,1,0.8,1,1,0.9375,1,1,1,1,1,1,0.9444,1,1,1,0.9286,0.9545,0.95,0.85,1,1
"locus714",1,1,1,0.9545,1,0.875,0.9,1,1,0.9375,1,1,1,0.9375,1,1,0.8889,1,0.9375,1,1,1,0.95,1,1,0.9583
"locus715",0.9583,0.875,1,1,1,0.875,1,1,1,0.9375,0.6364,1,0.75,1,1,1,1,1,1,1,1,1,1,0.95,1,0.9583
"locus716",1,1,0.9,0.9545,1,0.9167,1,0.8889,0.9545,1,1,0.9375,1,1,0.9167,1,1,1,0.9375,1,1,1,1,0.95,0.9545,1
"locus717",0.9583,0.8125,1,1,0.7778,0.5833,1,1,0.9091,1,0.8636,0.875,0.95,0.9375,1,1,0.6111,1,1,1,0.7857,1,0.95,1,0.9091,0.8636
"locus718",0.85,1,1,0.45,1,0.9167,0.875,1,0.9091,0.7857,0.9091,1,0.9,0.875,0.9583,0.85,0.8333,0.6667,0.9286,0.7222,1,0.9545,0.9,1,0.9091,1
"locus719",1,1,0.7857,1,1,0.9583,1,1,0.9,0.9375,1,0.9375,0.85,0.9286,0.65,0.9545,0.9444,1,0.7,0.9444,1,0.9545,0.8889,0.85,1,1
"locus720",0.6667,0.7,0.5,0.625,0.3333,0.45,0.9,0.4375,0.5909,0.5833,0.1818,0.3333,0.1,0.5,0.5,0.9545,0.8333,0.5,0.4375,0.6111,0.1667,0.6667,0.7,0.6111,0.65,0.1
"locus721",0,0.0625,0,0,0,0.0833,0,0.125,0,0,0,0,0.25,0.0625,0.0417,0,0,0.1667,0,0,0.1429,0.0455,0.05,0.2,0,0.125
"locus722",0.6818,0.5,0.6667,0.6667,0.5625,0.5,0.625,0.4167,0.875,1,0.7143,0.4167,0.5625,1,0.7,0.85,0.75,0.75,0.5,1,0.5833,0.6667,0.7143,0.4286,0.6667,0.5714
"locus723",0.9545,1,1,0.9286,1,1,1,1,1,1,0.9545,0.9375,0.95,1,1,1,1,1,1,1,1,0.9545,0.8125,0.95,1,1
"locus724",1,1,1,1,1,1,0.6,1,1,0.9375,1,1,1,1,1,0.8182,1,1,0.9375,0.8889,1,0.9545,1,1,1,1
"locus725",0.85,0.9375,0.8889,0.9545,1,1,0.875,1,0.75,0.8125,1,0.875,1,0.75,0.875,0.9286,0.9444,1,1,0.8,1,1,1,0.9,1,1
"locus726",1,1,0.9,1,0.9444,1,1,1,1,1,0.9091,0.875,0.95,1,0.9167,1,1,1,1,1,1,1,1,0.95,1,0.9583
"locus727",0.3333,0,0.05,0.125,0,0,0.5,0.1667,0.1875,0.1429,0.0455,0,0.1,0.0833,0,0.5,0.4167,0.5,0,0.3333,0,0.1667,0.1429,0.05,0.2222,0
"locus728",1,1,1,1,1,1,1,0.7778,0.9545,1,1,0.9375,0.85,1,0.8636,0.9545,1,1,0.875,0.8333,0.9286,1,0.9444,0.8333,1,0.9545
"locus729",0.4,0.2,0.2,0,0.625,0.25,NA,0.5833,0.0556,0.1429,0.45,0.5,0.2,0.0714,0.125,0.5,0,0,0,0.0833,0.6429,0.8889,0.125,0.0833,0.45,0.45
"locus730",0.3333,1,0.4286,0.85,1,0.9583,0.5,0.75,0.5455,0.9375,0.9,0.6875,1,0.5714,0.65,0.7273,0.3333,0.6667,0.6667,0.5,0.375,0.1,0.4444,0.6111,0.45,1
"locus731",0.8182,0.875,0.95,0.8333,1,1,0.875,0.9444,0.95,0.7143,0.9545,0.875,1,0.9167,0.9583,0.8636,0.6667,0.8333,0.9375,0.7778,1,1,0.8125,0.6667,0.9444,0.9583
"locus732",0.4,0.7143,0.5625,0.5909,0.6,0.65,0,0.8571,0.5,0.4,0.5,0.5,0.7222,0.5,0.6111,0.0455,0.5,0.6667,0.5,0.5556,1,0.65,0.5625,0.5625,0.65,0.6667
"locus733",0.875,0.7,0.8125,1,1,0.875,1,0.75,1,0.9375,1,0.9375,0.8333,0.8571,0.8889,0.9091,1,0.8333,1,1,1,1,1,0.95,0.9091,0.9
"locus734",0.0833,0,0.2,0.25,0,0,0,0.0556,0.1364,0.0625,0,0.0714,0,0.1429,0,0.1364,0.0556,0,0.25,0,0.0714,0.05,0.15,0.2,0.1818,0
"locus735",0.5,0.5,0.5714,0.65,0.4167,0.5,1,0.625,0.5833,0.6667,0.25,0.6667,0.3333,0.4,0.5,1,0.5,0.5,0.5833,0.75,0.5,0.5,0.7,0.25,0.4,0.7778
"locus736",1,1,0.8125,1,1,1,1,0.9444,0.9091,1,1,1,1,0.75,0.8182,1,1,1,1,0.7222,1,0.9091,1,0.95,1,0.9167
"locus737",0.7917,1,0.95,1,1,1,0.7,1,0.9545,1,1,0.9375,1,1,0.9583,1,1,0.6667,0.9375,0.8333,1,0.9444,1,1,1,1
"locus738",0.9583,0.9375,1,0.75,1,0.875,1,1,1,1,0.6667,1,0.8,1,0.9583,1,1,1,1,1,1,1,0.85,1,0.9545,1
"locus739",0.25,0.5833,0.3571,0.1667,0.5556,0.3636,0,0.6875,0.4545,0.3125,0.1818,0.4286,0.0625,0.5,0.5417,0.05,0.1875,0.5,0.4286,0.375,0.8,0.1364,0.1,0.6667,0.2222,0.7222
"locus740",0.9583,0.875,0.9,1,0.8889,1,1,0.9444,0.9545,1,0.6429,0.9375,1,0.6875,0.875,1,1,1,0.9375,1,0.9286,1,0.95,1,1,1
"locus741",0.9583,0.9375,0.95,1,1,0.875,1,1,0.8636,1,1,1,0.95,1,1,1,0.875,1,1,0.8889,1,1,1,0.95,1,0.9583
"locus742",1,1,0.9,1,1,1,0.8,1,1,0.875,0.9545,1,1,1,1,0.7727,1,1,1,0.9444,1,1,1,1,1,1
"locus743",0,0.0625,0,0.1364,0,0,0,0,0.0455,0.1875,0,0.0625,0,0,0.0833,0.0455,0.1111,0.1667,0,0.0556,0,0,0.05,0,0,0
"locus744",1,0.9375,0.85,1,1,1,1,0.8889,0.9091,1,1,0.9375,1,1,1,1,1,1,0.9375,1,1,0.8,0.95,1,1,1
"locus745",0.8333,1,0.9,1,1,1,1,0.8333,1,1,1,0.75,1,1,0.9167,1,1,0.8333,0.75,0.8333,0.8571,1,1,0.9,1,0.9545
"locus746",0.9583,1,0.95,0.9545,0.9444,1,1,0.8125,0.9545,1,0.9545,1,0.95,1,0.875,1,0.9444,1,0.9375,0.9444,0.9286,1,1,0.95,1,0.9583
"locus747",0.5833,0.3125,0.4444,0.5,0.5625,0.4375,1,0.4375,0.5625,0.5625,0.1818,0.4167,0.6111,0.3125,0.5455,0.9545,0.5556,0.5,0.5,0.7143,0.5,0.5714,0.5,0.55,0.5,0.5556
"locus748",1,1,1,0.8182,1,1,1,0.75,1,1,0.9545,1,1,1,0.9167,1,1,1,0.9375,0.9444,1,0.55,0.7778,1,0.75,1
"locus749",0,0.125,0,0,0.5,0,0,0.125,0,0.0625,0,0,0,0.1875,0,0,0.0556,0,0,0,0,0,0,0.1,0.3182,0
"locus750",1,1,1,1,0.9444,0.7727,1,1,0.9545,0.9375,0.75,1,0.6,1,0.9583,0.9545,1,1,1,1,1,1,1,0.95,0.9545,1
"locus751",0.1364,0.1429,0,0.4,0.25,0.0556,0.3333,0.2222,0.0455,0.125,0.5,0,0.4167,0.0625,0,0.5,0.125,0.1667,0.125,0.3333,0.0714,0.1364,0.3333,0,0.0556,0
"locus752",0.875,1,0.7857,1,1,0.9167,0.5,1,0.6667,1,1,0.9375,1,1,0.7727,0.5,0.7143,0.5,0.7857,0.75,1,0.9091,1,0.9444,0.9545,1
"locus753",0.9583,1,1,1,0.7,0.9091,0.9,1,0.9545,1,0.6818,0.9286,0.6667,1,0.9583,1,0.7778,0.8333,1,1,0.9286,0.6,1,1,0.9545,0.9167
"locus754",0.0417,0.3125,0.05,0,0.5,0.4167,0,0.6667,0.1364,0,0.0909,0.625,0.05,0.1875,0.2917,0.0455,0,0,0.375,0,0.7,0.35,0.05,0.45,0.45,0.5833
"locus755",0.9545,0.9375,0.95,1,1,1,1,1,1,1,1,1,1,0.9375,1,1,1,1,1,1,1,0.9091,1,0.95,0.9091,1
"locus756",1,0.9375,1,1,0.9375,0.9583,1,1,1,1,0.75,1,0.9375,1,1,1,1,1,1,1,1,1,1,1,1,0.875
"locus757",0.7727,0.6667,0.5,0.375,0.4,0.9091,0.6,0.5,0.5,0.625,0.5625,0.5,0.6429,0.5,0.5,0.625,0.9167,0.75,0.4375,0.8333,0.5833,0.875,0.6429,0.4167,0.6,0.45
"locus758",1,1,1,0.9545,0.7778,1,1,0.9444,1,0.9375,1,1,1,0.9375,0.9583,0.9091,0.9444,1,1,1,1,1,0.95,0.8,0.9091,1
"locus759",0.8333,0.8333,0.3333,0.5,0.2222,0,NA,0,0.25,0.4375,0.5,0.8125,0.1667,0.75,0.3636,1,0.8125,0.5,0.375,0.5,0.25,0.35,0.7857,0.5556,0.5,0.0455
"locus760",0.0417,0,0,0.0455,0.0556,0,0.6,0,0,0.1429,0.0909,0,0,0.125,0.0417,0.3636,0.2857,0,0.0625,0.1667,0,0.0455,0.05,0,0.0455,0.0417
"locus761",0.8333,1,0.9375,0.25,1,1,1,0.7143,0.8333,0.8571,0.85,0.7,0.85,0.9167,0.9444,1,1,1,0.8333,0.9286,0.625,0.7857,0.9167,0.9375,0.6667,0.9444
"locus762",1,1,0.85,0.9545,1,1,1,0.8889,0.9545,1,1,0.875,1,0.9375,0.9167,1,1,1,0.75,1,1,1,0.85,1,1,1
"locus763",1,0.5625,0.6667,1,0.7222,0.5,0.5,0.4167,0,0.4167,0.6364,1,0.5,0.4286,0.8,0.5,0.7857,1,0.9286,1,0.75,0.9545,1,1,0.8182,0.7778
"locus764",0.7727,0.875,0.95,0.6364,0.7778,0.9167,1,0.9444,1,1,1,0.75,1,0.9375,0.9091,1,1,1,0.9375,1,1,1,0.85,0.8889,0.9545,0.9583
"locus765",0,0,0,0,0,0,0,0.0556,0,0,0.1364,0,0.2,0,0.0417,0,0,0.25,0,0.1667,0,0,0,0,0,0
"locus766",1,0.8125,1,1,1,0.9167,1,1,1,1,0.9545,1,1,0.75,1,1,1,1,1,1,1,1,1,1,1,1
"locus767",0.875,0.9375,0.75,1,1,1,0.9,1,0.85,1,1,1,1,0.9286,0.8889,0.9545,0.8333,1,0.9167,0.7857,1,1,0.9,1,1,1
"locus768",0.9167,0.625,0.95,0.9545,1,0.5,1,0.9444,0.9545,0.9286,0.875,0.9375,0.4167,1,0.9167,1,1,0.6667,1,0.9444,1,0.9545,0.75,0.85,0.9545,0.9545
"locus769",0.875,0.9375,0.8,1,1,1,1,0.9444,0.7727,1,0.9091,1,1,0.9375,0.75,0.9545,1,0.8333,1,0.9444,1,1,1,1,1,1
"locus770",0.25,0.3,0.375,0.1875,0.5,0.05,0,0.5,0.25,0.1,0.0625,0.25,0,0.25,0.4583,0.0909,0.1667,0.25,0.25,0,0.5,0.05,0.2143,0.3889,0,0.5625
"locus771",0.9583,1,1,0.5455,0.9444,1,1,1,1,1,0.9545,0.9375,1,0.9375,1,1,1,1,1,1,1,0.8636,0.9444,0.9,0.9545,0.9583
"locus772",0.9583,0.5,0.5,0.7,0.375,0.5,0.75,0.4,0.6667,0.7,0,0.6,0.0714,0.6429,0.375,0.75,0.6667,0.5,0.6,0.625,0.5,0.8125,0.625,0.3571,0.8125,0.4545
"locus773",0.8182,0.875,0.9444,0.6667,0.8889,1,0.8333,0.9444,0.8636,0.9286,0.8182,0.9375,0.9,0.875,0.8636,0.7222,0.9444,1,1,0.625,0.9286,0.7143,0.8,0.9444,0.7222,0.875
"locus774",0.9583,1,1,0.9091,1,1,1,0.8333,1,0.875,1,0.9375,1,1,0.9545,1,1,1,0.9375,0.9375,1,1,1,1,1,1
"locus775",0.5714,0.5714,0.5833,0.5625,0.4375,0.8333,1,0.2143,0.6429,0.9,0.7778,0.3333,0.9167,0.6667,0.4444,1,0.875,0.5,0.4167,0.7778,0,0.5,0.875,0.4444,0.6111,0.1667
"locus776",0.8333,1,1,0.8636,1,1,1,1,1,1,1,0.9375,1,1,1,1,1,1,0.9375,1,0.9286,0.9545,0.95,1,1,0.9545
"locus777",0.9167,0.8333,0.85,0.9545,0.5,0.5909,1,0.375,0.9545,0.9286,0.6,0.8,0.4286,0.75,0.9444,1,0.9444,1,0.9,0.8889,1,1,0.95,0.9,0.9545,1
"locus778",0.9583,1,0.875,1,NA,0.875,1,0.4167,0.8636,1,1,0.875,1,0.875,0.8571,0.9545,1,1,1,0.8333,0.375,1,0.8,1,0.9444,0.7
"locus779",0.9583,0.9375,1,1,0.8889,0.9167,1,1,1,0.875,0.9545,1,0.9,1,1,1,1,1,1,0.9444,1,1,0.95,1,1,1
"locus780",0.375,0.6429,0.4,0.3889,0.875,0.65,0.1,0.8125,0.3889,0.2857,0.9,0.5,0.9,0.5833,0.625,0,0.25,0.5,0.6429,0.3571,0.75,0.1429,0.4167,0.6111,0.35,0.9286
"locus781",1,0.9167,0.95,0.9545,1,1,1,1,0.8636,1,0.9545,0.9286,0.85,0.9286,1,1,1,1,0.9375,0.9444,0.8571,1,1,1,0.9545,0.8333
"locus782",0.9583,1,0.9,0.9545,1,1,1,1,1,1,1,1,1,1,0.9583,1,1,1,0.9375,1,0.8571,0.9545,0.8,0.95,1,1
"locus783",0.9167,1,1,0.9545,1,1,1,1,0.9091,1,1,0.9375,1,1,0.9583,1,0.7778,1,1,1,1,1,0.8889,0.95,1,1
"locus784",0.2917,0,0,0.35,0.0556,0.1667,0,0.0556,0.0455,0.3333,0,0.1429,0,0.125,0,0,0.3889,0.1667,0.0625,0.0556,0,0.0455,0.2,0.3,0.1818,0.2727
"locus785",0.0417,0,0.1,0,0,0.0833,0.375,0,0.3,0,0,0.0625,0,0,0,0.05,0.1667,0.25,0.0625,0.1667,0,0,0,0.05,0.0455,0
"locus786",1,1,1,0.7727,0.9444,0.875,1,1,0.8636,1,1,0.9375,0.95,0.9286,0.9545,1,0.8889,0.6667,1,1,1,1,0.75,1,0.9091,0.9583
"locus787",0.7917,0.9167,0.75,0.9091,0.875,0.4583,0.9,0.7778,0.9545,1,0.6,0.9286,0.4444,0.75,0.7917,0.8636,1,1,0.875,0.8889,0.875,0.6667,0.8125,0.95,0.8636,0.8333
"locus788",1,0.9375,0.95,0.9545,0.9444,1,1,0.8333,1,1,1,0.9375,1,1,1,0.9091,1,1,1,0.8889,1,0.8333,1,1,0.9545,1
"locus789",1,1,0.95,0.9545,0.9444,0.9167,1,1,0.9545,1,1,1,1,0.9375,1,1,0.9444,1,0.9375,1,1,0.7222,0.9,1,1,1
"locus790",1,0.75,0.8889,1,0.7778,0.5,1,0.75,0.95,0.9375,0.6818,0.75,0.9,0.8333,0.7,0.8636,1,0.8333,0.875,0.9444,0.5833,1,0.8,0.8889,0.7143,0.875
"locus791",1,1,1,1,0.8125,0.9167,1,0.9167,1,1,1,0.9375,1,1,1,1,1,1,1,1,0.8571,0.9545,0.95,1,1,0.875
"locus792",0.6,0.5714,0.6429,1,0.3125,0.4545,1,0.4167,0.75,0.8125,0.75,0.5,0.75,0.5714,0.65,1,0.8889,0.3333,0.7143,0.25,0.5,0.7,0.6667,0.375,0.7,0.5417
"locus793",0.8333,0.75,1,1,1,0.875,1,1,1,0.9375,1,1,1,0.9375,1,1,0.7857,1,1,0.9444,1,0.9286,0.8333,0.75,1,1
"locus794",1,0.9375,1,0.9545,1,1,1,1,1,0.9375,1,0.9375,1,1,0.7917,1,0.9444,0.6667,0.875,0.9444,1,1,0.85,1,0.9545,1
"locus795",0.95,0.5,0.9375,0.25,0.8333,0.375,0,0.9,0.8333,0.3125,0.1667,1,0.0556,0.7143,0.8333,0.1,0.625,1,0.9375,0.9375,NA,0.9,0.9444,0.7778,0.9091,0.8571
"locus796",1,0.7,0.6,0.7143,0.75,0.8125,1,0.75,1,0.625,0.6875,0.8333,0.75,1,0.8333,1,0.7222,0.75,0.75,1,0.6667,0.9545,0.8889,1,0.75,0.5
"locus797",1,0.9375,0.95,1,1,0.875,1,0.8889,0.9091,1,0.8636,1,0.9,1,0.875,1,1,0.6667,1,1,0.9167,0.8571,1,1,1,0.9583
"locus798",0.8636,1,0.95,1,0.9444,1,1,1,0.9545,0.9375,1,1,0.95,0.875,1,1,0.625,1,0.9375,0.75,1,0.6429,0.9375,0.85,0.85,1
"locus799",0.0417,0,0.3125,0.0455,0,0.0417,0,0.1667,0.1364,0.0625,0.125,0.0625,0.1667,0.0714,0.0909,0,0,0,0.2143,0.2222,0,0.0455,0.15,0.4,0.0455,0.0417
"locus800",0.875,1,0.85,0.9,1,0.9583,1,1,1,1,1,1,1,0.8125,0.9167,1,1,1,1,1,1,1,0.95,1,1,1
"locus801",1,1,0.85,0.9545,1,1,1,1,1,0.875,1,1,1,1,0.9583,1,0.9444,1,1,0.9444,1,1,0.95,0.95,0.8636,0.9583
"locus802",0.9167,1,0.95,1,0.9286,1,1,1,0.9545,1,1,1,1,0.875,0.9583,1,1,0.8333,0.9375,1,1,0.9,1,1,0.95,0.9545
"locus803",1,0.875,1,1,1,0.9545,1,1,1,0.75,1,1,1,1,1,1,0.8125,0.8333,1,0.9444,1,0.95,0.8889,1,1,1
"locus804",0.9583,0.9375,1,0.9545,1,0.9545,1,1,1,1,0.9545,1,0.95,1,0.9583,1,1,1,1,1,1,0.4,0.95,1,1,1
"locus805",0.8636,0.8125,0.9,0.8636,1,0.85,0.9,0.8889,0.8636,0.9375,0.8636,0.75,0.8,0.8571,0.75,0.9091,1,0.75,0.9375,0.8889,0.7857,0.85,0.8889,0.95,0.9545,0.9583
"locus806",0.9583,1,0.95,0.9545,0.9444,0.9583,1,0.8889,0.9091,1,1,0.9375,1,1,0.875,1,1,1,0.875,1,1,1,1,0.9,1,0.8636
"locus807",0.8333,0.5,0.55,0.7273,0.9444,0.8333,0.6,0.8889,0.7273,0.625,0.85,0.9375,0.8333,0.6875,0.875,0.4,0.7778,0.5,0.7857,0.8333,1,1,0.8,0.9,0.9091,0.9583
"locus808",0.9583,0.9375,0.95,1,1,0.9583,1,0.8889,0.9545,0.9375,0.8636,0.9375,1,0.875,1,1,0.9444,1,1,0.8889,0.9286,1,0.9,0.9,1,0.9167
"locus809",0.9091,1,1,0.7,1,1,1,0.9375,0.9091,0.9375,1,1,1,0.9167,0.8182,1,0.875,1,0.875,0.9444,0.75,0.9091,1,0.6,1,0.875
"locus810",0.0417,0,0,0.05,0.1429,0.125,0,0.2857,0.0455,0.1875,0,0.0625,0.05,0,0.0833,0,0,0,0.0625,0,0,0.0455,0,0,0,0.35
"locus811",0.8333,1,1,0.85,0.9444,0.9583,1,1,0.9091,0.8125,0.95,1,0.95,0.8571,1,0.8636,0.875,0.6667,0.8571,0.8889,1,1,0.85,0.9444,0.9545,0.9583
"locus812",0.0417,0.125,0.1,0.2143,0.2222,0.0417,0.3333,0.0556,0.0909,0.2143,0.2273,0,0.1667,0.125,0.125,0.4444,0,0,0,0.1111,0.0714,0.0455,0.1,0,0.05,0.0833
"locus813",0.9583,0.9375,0.9,1,1,0.9583,1,0.75,0.8182,0.9375,0.9545,0.9375,0.95,1,0.8636,1,1,1,0.8571,1,1,1,1,1,0.8636,0.8333
"locus814",0.9583,1,0.9444,1,1,0.9545,1,0.9444,1,0.9375,0.9091,0.875,0.9,0.8125,0.9167,1,1,1,0.9375,0.9444,0.8571,1,0.8,0.9,0.9545,0.9091
"locus815",0.5556,0.5,0.75,0.5,0.0714,0.1667,0,0.3125,0.6667,0.125,0.375,0.2,0.5,0.6667,0.5455,0.1364,0.5,0.6667,0.6667,0.5833,0.6,0.6,0.7778,0.5714,0.2778,0.05
"locus816",1,0.9375,0.9,1,1,0.9583,1,1,1,0.9375,0.9545,1,1,1,0.9583,1,0.9444,1,0.875,0.8125,1,1,1,0.95,0.7727,0.9583
"locus817",0,0,0.05,0,0,0.0833,0,0.0556,0.0455,0.125,0,0,0,0.0625,0,0,0.2778,0,0,0,0,0,0,0.05,0.0909,0.0833
"locus818",1,0.6429,0.9,1,0.5,1,1,0.75,1,1,0.5,0.9375,0.8333,0.9375,0.8333,1,1,1,0.875,1,0.75,0.5,0.9444,0.95,0.9545,0.9
"locus819",0.9167,1,1,1,0.9444,0.9545,1,1,1,1,0.9,1,0.95,1,1,1,0.875,1,1,1,1,1,0.95,1,1,1
"locus820",0,0.125,0,0,0.1667,0.1667,0,0,0,0,0,0.125,0,0.125,0,0,0,0.1667,0.125,0,0,0,0,0.05,0.1364,0.0417
"locus821",0.9583,1,1,1,1,0.875,1,0.8889,1,1,0.8333,1,0.875,1,1,1,0.8889,1,1,1,1,1,1,0.9,1,1
"locus822",0.9583,1,1,1,1,0.9167,0.9,0.9444,0.95,0.9375,1,1,1,0.9375,1,1,1,1,1,0.8889,1,1,1,0.9,1,1
"locus823",1,1,1,1,0.6667,0.5556,1,0.6429,1,1,0.75,1,0.625,1,0.9545,1,1,1,1,0.9444,1,0.9545,1,1,0.8636,0.5
"locus824",0.9583,0.875,0.75,1,1,0.9583,1,1,0.9,1,1,0.9375,1,0.875,0.9286,1,1,1,1,1,0.8571,0.9545,1,1,0.9545,0.9583
"locus825",0.0417,0.4375,0.2,0.1818,0.5625,0.25,0,0.25,0.1364,0.0714,0.2,0.1,0.3,0.5625,0.2273,0,0.1667,0.5,0.3125,0.2778,0.0833,0,0.0556,0,0.1818,0.0455
"locus826",0.75,0.9375,0.85,0.7273,1,0.9545,1,0.8889,0.9545,1,1,0.9375,0.9,0.8571,0.9583,0.9545,0.6111,0.8333,0.9286,0.8889,0.9286,0.9545,0.9375,0.9,0.9545,1
"locus827",0.9167,1,1,1,1,1,1,1,1,0.9375,0.9091,1,1,0.875,1,0.95,0.7222,1,0.9375,0.7778,1,0.9545,1,1,0.9091,1
"locus828",0.2273,0.5714,0.25,0.3636,0.5625,0.5,0,0.6875,0.4545,0.4286,0.1875,0.4375,0.5,0.4286,0.4,0,0.4444,0,0.3125,0.6667,0.3,0.1364,0.5,0.5,0.5556,0.5
"locus829",1,1,0.8889,1,0.9444,1,1,1,0.9545,1,0.8,1,0.95,1,0.9583,0.6818,1,1,1,0.9444,1,0.9091,1,1,0.9545,1
"locus830",0.9167,1,1,0.8182,1,1,1,0.6667,1,1,1,1,1,1,1,1,1,0.8333,1,1,1,0.65,0.8889,1,0.9091,0.9583
"locus831",1,0.8125,1,0.65,0.8333,0.5833,1,0.6875,0.9091,0.9375,1,1,0.7778,1,0.875,1,1,1,0.9375,0.9444,0.8571,0.9545,0.95,0.9,0.6818,0.65
"locus832",0.5,0.5,0.5,0.5,0.3333,0.3,0.125,0.3889,0.5,0.25,0.3125,0.4286,0.1875,0.5,0.5455,0.3,0.4167,0.5,0.6429,0.5,0.5,0.4375,0.5,0.4375,0.25,0.1875
"locus833",0.9167,1,1,0.9091,0.9444,1,0.9,0.9444,0.9545,1,1,1,1,1,0.875,1,0.9444,1,1,0.9444,1,1,1,0.95,1,1
"locus834",1,1,0.95,1,0.9444,0.9583,1,0.9444,1,0.875,0.95,1,1,0.8125,0.8333,0.9545,0.9444,1,1,0.9444,1,0.7857,0.95,0.95,1,0.9583
"locus835",0.9583,0.9286,0.9,0.9545,1,0.8182,1,0.9444,0.9545,1,1,1,0.9,1,1,1,1,1,0.9375,1,1,0.8182,1,0.95,1,1
"locus836",0.875,0.8125,0.85,1,0.75,0.875,1,0.9444,1,0.875,0.9091,0.9375,0.95,0.9375,0.9583,0.9545,0.9444,1,0.875,1,0.9286,1,1,0.8889,1,0.7917
"locus837",0.875,0.875,1,0.9545,1,0.9583,0.5,0.9444,0.95,0.8125,0.9545,0.9375,0.8889,0.75,1,0.625,0.7222,0.8333,0.9375,0.8889,0.9286,0.9545,0.85,0.9,0.9545,1
"locus838",0.65,0.9167,0.8333,0.8333,1,0.8182,0.8333,1,0.7778,0.75,0.9091,0.875,1,0.7,0.8125,0.8,0.8571,0.6667,0.7,0.8571,1,0.8125,0.9,0.75,0.8125,0.9167
"locus839",1,1,0.95,1,0.9444,0.9167,1,0.8333,0.9545,1,0.9091,0.9375,1,0.9375,0.9583,0.7,0.9444,1,1,0.8125,0.9286,1,1,1,1,0.9583
"locus840",0.9167,0.9375,0.7857,1,1,1,1,0.9444,0.7778,1,1,1,1,0.9375,0.8182,1,1,1,0.9167,0.8333,1,0.6,0.9,0.7778,1,0.9583
"locus841",0.8333,0.9286,0.8889,0.85,1,1,1,0.9444,0.9091,1,1,0.9375,0.95,0.8125,0.9583,0.9545,0.8571,1,0.9375,0.7778,1,0.85,0.95,0.9,1,1
"locus842",0.9583,0.9375,1,1,0.9444,1,1,0.8889,1,1,0.9545,0.9375,1,1,0.9167,1,1,1,0.9375,1,0.9286,1,1,1,1,1
"locus843",0.2083,0.5,0.25,0.2273,0.4444,0.3333,0,0.2778,0.2273,0.1875,0.0455,0.25,0.15,0.3,0.375,0.0455,0,0.5,0.2857,0.2222,0.3333,0.05,0.35,0.2222,0.2727,0.5
"locus844",0.875,1,1,0.95,1,1,0.9,1,1,0.9286,1,1,1,1,1,1,0.8333,1,0.9375,1,1,0.625,1,1,1,1
"locus845",0.7917,0.9375,0.95,0.8333,1,0.9583,1,0.8889,1,1,1,0.9375,0.85,0.9375,0.9583,1,1,0.8333,1,0.875,1,1,1,0.7778,0.9091,0.9583
"locus846",0.8182,1,1,1,1,1,1,1,0.9545,1,1,0.9375,1,1,0.9583,1,0.9444,1,0.8571,1,1,1,0.8889,0.9,0.6818,1
"locus847",1,1,0.25,0.7727,1,1,1,1,0.75,1,0.9,1,1,0.875,0.4583,0.9545,1,0.3333,0.5,0.8125,1,1,1,0.5,1,1
"locus848",0.9583,0.25,0.6667,0.9545,1,0.5,1,1,0.9091,0.8333,0.2778,0.9,0.3125,0.6,0.7778,1,1,1,0.75,0.8125,1,1,0.9,0.7778,1,1
"locus849",0.5,1,1,0.7222,1,1,1,1,0.9545,1,1,1,1,0.9375,1,1,0.9,1,1,1,0.9286,0.8333,0.95,0.95,0.9545,1
"locus850",1,1,1,0.9545,0.9444,0.9091,0.875,1,1,1,0.9545,1,0.95,0.875,1,1,1,0.6667,1,1,1,0.75,0.75,1,0.8636,0.9583
"locus851",0.9583,1,1,1,1,1,1,1,1,0.9375,0.95,1,1,0.9286,1,0.875,1,1,1,1,0.9167,1,1,0.8333,1,0.9583
"locus852",1,0.9375,1,1,0.8889,0.9583,1,1,1,1,0.7,1,1,1,1,1,1,1,1,1,1,1,1,1,0.9545,0.9167
"locus853",0.9167,0.875,1,1,0.8889,0.9167,1,1,1,1,1,1,1,0.875,0.8333,1,1,1,0.9375,0.9444,0.7143,1,0.9,1,0.8636,0.8
"locus854",0.7917,1,0.9,1,1,1,1,1,1,1,1,1,1,1,0.9167,1,0.8889,1,0.875,1,1,1,1,1,0.9091,1
"locus855",0,0.2857,0.1,0.3333,0.1429,0.2917,0,0.125,0,0.2,0.0556,0,0.2222,0.0625,0.0833,0.0909,0.125,0,0.1667,0,0,0.3182,0.0714,0.125,0,0.3889
"locus856",0.9167,1,0.75,0.9091,1,0.9167,1,0.8889,0.9091,1,0.95,1,0.95,0.875,0.8333,1,1,1,0.9167,0.8125,0.7,0.9545,0.7778,0.875,0.85,0.875
"locus857",0,0.1875,0.2,0.0455,0.6429,0.5,0,0.0625,0,0.0714,0.5,0.125,0.65,0,0.0833,0,0.0556,0,0,0.0556,0,0,0.1,0.1667,0.125,0.4
"locus858",0.9167,1,0.8889,1,1,1,1,0.8889,0.9,1,1,0.75,1,0.875,1,1,0.8571,1,1,0.8333,1,1,1,1,1,1
"locus859",0.125,0.0625,0.05,0,0,0.0833,0,0,0.1364,0,0.0455,0,0,0.0625,0.25,0,0.0556,0,0.0625,0.0556,0,0,0,0,0.0455,0.0833
"locus860",0.7,0.75,0.875,0.5,1,1,0,0.8125,0.8125,0.2857,0.9545,1,0.95,0.8125,0.8182,0.05,0.6429,0.6667,0.875,0.6429,1,0.9091,0.8125,0.6111,0.7,0.9167
"locus861",0,0.1875,0,0,0,0.0625,0,0,0,0.125,0.15,0.1875,0.05,0.125,0,0,0,0,0,0,0,0.0455,0,0.05,0,0.125
"locus862",0.5714,0.9167,0.5556,1,0.875,0.6111,1,0.6667,0.625,0.6667,0.9,0.625,0.7857,0.6429,0.55,0.95,0.75,0.5,0.625,0.8333,0.8333,0.5909,0.6667,0.6875,0.6667,0.8333
"locus863",0.9583,0.9375,1,1,1,0.8182,1,1,1,1,1,1,1,1,1,1,0.9444,0.8333,1,1,1,0.7222,0.95,1,1,1
"locus864",0.9583,1,0.95,0.9545,1,0.875,1,1,1,1,0.9545,1,1,0.8125,0.9167,0.9545,1,1,0.8125,1,1,1,1,1,1,1
"locus865",0.8125,0.9167,0.6667,0.5,0.875,0.5909,0.75,0.875,0.7,0.5,0.7,0.6,0.7,0.5,0.7917,0.7273,0.6875,1,0.5714,0.6875,0.8,0.9545,0.8125,0.7222,0.7273,0.55
"locus866",0.5625,0.875,1,0.8889,0.8889,0.75,0.75,0.8333,0.95,0.875,0.8,0.9167,1,0.875,0.9583,1,0.8125,0.8333,0.875,0.7778,0.8571,0.5,0.8889,0.85,0.8125,0.9583
"locus867",0.9583,1,1,1,1,1,1,1,0.9091,0.8125,1,1,1,1,0.9583,1,1,0.8333,0.9375,0.7857,1,1,1,1,1,1
"locus868",1,1,1,1,0.8889,1,1,1,1,1,1,1,1,1,1,1,0.6667,1,0.9375,1,1,1,0.95,1,0.9545,0.9167
"locus869",0.5455,0.8571,0.4375,0.6667,1,0.75,NA,0.875,0.7,0.875,0.95,0.5,0.8889,0.5833,0.3333,0.75,0.4286,1,0.6667,0.75,1,0.45,0.8333,0.8571,1,0.9
"locus870",0.9583,1,1,0.9545,1,1,1,1,1,1,1,1,1,0.875,0.9583,1,1,1,0.8125,1,0.8571,1,1,1,1,1
"locus871",0.0455,0,0,0.1364,0.1111,0,0,0,0.0455,0.125,0,0,0.2,0.0625,0,0,0.3333,0,0,0,0,0.2727,0.55,0,0.1667,0
"locus872",0.9583,0.9167,0.5556,0.9167,0.9286,0.875,1,0.6875,0.7857,1,0.9545,0.9,1,1,0.75,1,0.8889,1,0.875,1,0.75,1,0.5714,0.6667,0.9545,0.8889
"locus873",1,1,0.95,1,1,1,1,1,0.9091,1,1,1,1,1,1,1,1,1,0.75,1,1,1,1,0.75,1,1
"locus874",0,0,0,0,0.75,0.4583,0,0.1429,0,0,0,0.0714,0,0.0625,0,0,0,0,0,0,0.5,0.0455,0,0,0.3333,0.5714
"locus875",0.5417,0.625,0.6667,0.5,0.6,0.6818,NA,0.75,0.6,0.5,0.75,0.6429,0.8333,0.6,0.6364,0.5,0.6667,0.6667,0.5714,0.6111,0.5,0.5,0.5556,0.5714,0.6111,0.75
"locus876",1,0.875,1,1,1,1,0.5,0.8125,1,1,1,0.8571,0.95,0.8333,0.9545,0.9444,1,1,1,1,0.75,0.75,1,1,0.9545,0.8
"locus877",0.9167,0.8571,0.95,0.7727,1,0.8,1,1,0.9091,0.9,0.875,1,0.5556,0.9375,0.95,1,0.9444,1,0.8125,0.9444,1,0.9545,1,1,0.9091,1
"locus878",0.4583,0.875,0.95,0.7222,0.8333,0.875,0.6,0.7222,0.7727,0.6875,1,0.75,1,0.75,0.7917,0.5455,0.3571,1,0.875,0.7222,0.9167,0.625,0.55,0.9444,0.5455,0.8333
"locus879",0.6667,0.625,0.625,0.4,0.5,0.8333,1,0.9,0.75,1,0.45,0.5,0.2857,0.5833,0.625,0.95,0.5,0.6667,0.625,0.75,0.8333,0.5,0.5714,0.6875,0.5714,0.7
"locus880",1,1,0.9444,1,1,1,1,0.9444,0.9545,0.9375,1,0.9167,1,0.9375,0.9167,1,0.8889,1,1,1,1,0.95,0.8,0.95,0.9091,0.9583
"locus881",1,0.9286,1,1,0.6667,0.9091,1,0.8889,0.9545,0.9375,0.4091,1,0.4,1,1,1,1,1,1,1,1,1,1,1,0.9545,1
"locus882",1,1,1,0.4286,1,1,1,0.9444,0.9091,1,0.9545,1,1,1,1,1,1,1,1,1,1,1,1,1,1,1
"locus883",1,1,0.85,1,1,1,1,0.9444,1,0.8125,0.9091,0.9375,1,0.9375,0.9583,1,1,1,1,0.8889,1,1,0.9,1,0.9545,1
"locus884",1,1,1,1,0.9444,1,1,0.7778,1,1,1,1,1,1,1,1,1,1,1,1,1,1,1,1,1,0.5455
"locus885",0,0,0.05,0,0.3125,0.0417,0,0.0556,0,0,0,0,0,0,0,0,0,0,0,0,0,0,0,0,0,0.0833
"locus886",0.9583,0.8571,0.85,0.9091,0.9444,0.875,1,1,0.8636,1,0.9545,1,1,0.9286,0.9545,1,1,0.8333,0.9286,1,1,1,1,0.9,1,1
"locus887",0.9091,1,0.8,1,1,1,0.6667,0.9375,0.7273,0.7143,1,0.8571,0.75,0.9375,0.75,0.7727,0.625,0.75,0.8571,0.75,1,0.9545,0.95,0.9,0.7727,1
"locus888",0.9167,0.9375,0.95,0.95,0.9444,0.9583,1,0.8889,0.8182,1,0.9545,0.9375,1,0.8125,0.875,0.9545,1,0.8333,1,1,0.8571,0.8636,1,0.9,1,0.9167
"locus889",0,0.2143,0,0.1875,0.6667,0.375,0.5,0.8333,0.0909,0.5625,0.5,0.2,0.3125,0.1875,0.0417,0.5,0.3125,0,0.0625,0,0.5,0,0,0.0625,0.1429,1
"locus890",1,1,0.95,0.9545,1,1,1,0.7778,1,1,1,0.8125,1,1,0.9091,1,0.9444,0.8333,0.8571,0.9444,0.9167,1,1,0.95,1,1
"locus891",1,0.875,1,0.9545,0.8333,0.6818,1,1,1,1,0.875,1,0.6429,1,1,1,1,1,1,1,1,1,1,1,1,0.875
"locus892",1,1,1,0.95,0.9444,0.9583,1,0.9444,0.9091,0.9375,0.9545,0.875,1,0.875,1,1,0.9444,1,0.9375,1,0.9286,0.9545,1,0.8,1,1
"locus893",0.65,0.9375,0.7222,0.6818,0.7222,0.8636,1,0.625,0.7273,0.9375,0.7727,0.875,0.9,0.8333,0.8333,0.9545,0.5556,1,0.75,0.9444,0.7857,0.7273,0.6429,0.8889,0.5909,0.75
"locus894",1,0.9375,1,0.9091,1,0.9167,1,1,0.9091,1,1,1,1,1,0.9167,1,0.8889,1,1,1,1,0.9545,1,0.85,1,1
"locus895",0.0417,0.3571,0.1,0,0.0625,0.125,0,0.1429,0,0,0.25,0,0.1,0.0625,0.0417,0,0.0556,0,0.0625,0.0556,0,0.0909,0.1,0.1,0.2273,0
"locus896",0.875,0.7857,0.9444,0.9545,1,0.7727,1,0.7778,0.9545,0.75,1,0.8571,0.9444,0.8125,1,1,1,0.8333,0.8571,0.8889,0.8333,1,0.9,0.6,0.6364,0.8182
"locus897",1,1,0.85,0.95,1,1,1,0.7857,0.9545,0.9375,1,1,1,0.9375,0.9545,1,1,1,0.875,1,1,0.9545,1,0.95,1,0.9167
"locus898",1,0.9375,0.9,1,0.7857,0.9,1,0.9444,0.9091,0.875,1,0.8333,0.9,0.875,0.9583,1,0.625,0.6667,0.875,1,0.6667,0.9545,1,0.95,0.95,0.6
"locus899",0.7273,1,1,0.95,1,0.9583,1,1,0.9091,0.9375,0.95,0.7143,1,0.875,0.9167,1,0.8889,0.5,0.9375,0.8333,0.9286,0.9545,0.7778,0.7,0.8636,1
"locus900",0.6,0.5714,0.5,0.6111,0.8571,0.8333,1,0.8333,0.7143,1,0.5,0.75,0.9286,0.3571,0.3,0.9,0.7143,0.75,0.5,0.5833,0.6667,0.6111,0.5714,0.5,0.95,0.8636
"locus901",0.9167,0.5625,0.75,0.7,1,0.8125,0.5,0.7143,0.7143,0.5833,0.6429,0.9167,0.6,0.9375,0.6111,0.4167,0.875,0.6667,0.5,0.5,0.9,0.8889,0.6667,0.7857,0.8333,0.8
"locus902",0.0417,0,0.15,0,0,0,0,0,0,0,0.0455,0,0.05,0,0,0.0455,0,0,0,0.0556,0.2143,0,0,0.05,0,0.0417
"locus903",0.9091,0.8125,1,0.8636,0.5625,0.7917,1,0.8889,1,0.875,0.8,0.9375,0.8889,1,1,1,1,0.8333,1,0.9444,1,0.7778,0.85,0.9,0.9545,0.875
"locus904",1,1,0.9,1,0.8889,1,1,1,1,1,1,1,1,1,0.8333,1,0.9444,1,0.9375,0.9444,0.8571,1,1,1,1,0.9583
"locus905",0.9167,1,1,1,1,1,1,1,1,0.9286,1,1,1,0.9375,0.9167,0.95,1,1,1,0.9444,1,1,1,1,1,1
"locus906",0.9583,0.9375,1,1,1,0.9545,1,1,0.9091,1,0.8182,1,0.95,1,1,1,0.8889,1,1,1,1,1,1,1,1,0.9091
"locus907",0.9167,0.8125,0.75,1,1,1,0.875,0.8889,1,0.8125,0.85,0.9375,0.6875,1,1,0.7222,1,0.6667,0.8125,1,0.9286,1,0.9444,0.95,0.8889,0.9167
"locus908",0.0833,0,0,0.1875,0,0.0417,0,0,0.0455,0,0,0.0625,0,0,0,0,0,0,0.0714,0,0.0714,0,0.0556,0,0.1,0.0833
"locus909",0.1667,0.4286,0.05,0.1818,0.4444,0.4583,0.1,0.2778,0.05,0.125,0,0.2143,0.05,0.1875,0,0.0909,0.125,0,0.1875,0.1667,0,0.2273,0.15,0.35,0.3182,0.25
"locus910",1,1,1,0.9091,1,1,0.5,1,0.9545,0.9375,1,1,1,0.875,1,0.6,1,1,1,0.8889,0.8571,1,0.95,0.95,1,1
"locus911",0.4583,0.25,0,0.1364,0,0.0833,0.375,0.2222,0.15,0.25,0.0909,0.1667,0.05,0.0833,0.0417,0.5714,0.2778,0.3333,0.125,0.2778,0.0714,0.1364,0.1,0.1667,0.2273,0.25
"locus912",0.5,0.1429,0.3571,0.4,0.0833,0.125,1,0.1429,0.4,0.5,0.1111,0,0.2857,0.3,0.3333,0.9091,0.7857,0.3333,0.375,0.375,0,0.5,0.2857,0.4,0.4286,0.2273
"locus913",0.0833,0,0,0.0909,0.0556,0,0,0,0.0455,0,0,0,0,0.125,0,0,0.1667,0,0,0.0556,0,0.0455,0.15,0,0.0455,0.0417
"locus914",0.875,0.875,1,1,1,1,1,1,1,0.9375,0.9545,1,1,1,0.9583,1,0.8889,1,0.9375,1,1,1,0.95,1,1,1
"locus915",1,0.9167,1,1,1,1,1,0.8333,0.9545,1,0.9091,0.9375,0.9444,1,0.9583,1,1,1,1,1,0.9286,1,1,1,1,0.75
"locus916",0.9167,0.9375,1,0.9545,1,1,1,1,1,0.875,1,1,1,1,1,0.9091,1,1,1,1,1,0.9545,1,1,0.8636,1
"locus917",1,0.9375,1,1,0.8889,0.95,1,0.9444,1,0.9375,0.6,1,0.7857,1,1,0.9545,1,1,0.9286,1,1,1,1,1,0.8182,1
"locus918",1,1,0.8889,1,0.9444,1,0,0.9444,0.875,0.875,1,1,1,0.8333,0.9091,0,0.6,1,0.9375,0.8,0.7143,0.55,0.7857,1,0.85,1
"locus919",1,1,1,0.9091,1,1,0.6667,0.9444,1,0.9375,1,1,1,1,0.9583,0.9,1,1,0.7857,0.9444,1,1,0.95,1,1,1
"locus920",0.9583,0.75,1,1,1,0.9583,1,1,0.9545,1,0.8182,1,0.95,0.875,0.8333,1,1,1,1,0.8333,0.9286,1,0.95,0.95,1,1
"locus921",0.9583,1,0.9,0.9545,0.9444,1,1,0.8571,0.9091,1,1,1,1,0.9375,1,1,0.8889,0.8333,0.8125,0.8889,1,0.8,0.85,0.9444,0.8182,0.875
"locus922",0.875,0.9375,0.75,1,0.8889,0.9583,1,1,0.875,0.7857,1,0.8333,1,1,0.8889,0.8636,0.5714,1,0.9167,0.875,0.9286,0.8571,0.8889,0.8333,0.95,0.9167
"locus923",0,0,0.1111,0,0,0.0417,0,0.0556,0,0,0.0909,0,0,0.0625,0.0833,0.0455,0.1667,0,0,0.0556,0.0714,0,0,0,0,0.0417
"locus924",0.7917,0.5,0.6111,0.7222,0.5714,0.5833,1,0.8889,0.7,0.6875,0.5,0.75,0.5,0.75,0.6818,0.5,0.6875,1,0.8571,0.7222,0.8571,0.65,0.6111,0.6,0.6818,0.8636
"locus925",0.8,0.875,0.95,0.7,1,1,0.4,1,0.6818,0.8,0.9091,1,1,0.8571,0.9583,0.4091,0.5625,0.8333,1,0.8125,1,1,0.9444,1,0.9167,0.9583
"locus926",1,0.9375,0.95,0.9545,0.9444,1,1,1,0.9545,1,1,0.9375,1,1,0.9583,1,1,1,1,0.8889,0.8571,0.7727,0.95,1,1,0.9545
"locus927",0.9167,0.8125,0.7,0.8182,1,1,1,0.8889,0.8182,1,0.95,0.875,1,0.9375,0.8333,1,0.9444,1,0.8125,1,0.8571,1,0.85,0.7778,0.9545,0.9583
"locus928",1,0.9375,0.95,0.65,0.8125,0.9091,1,0.9444,0.9545,1,1,1,0.8,0.9375,1,0.8636,0.875,1,1,0.9444,0.8333,0.9091,0.9,0.95,0.7273,0.6667
"locus929",0.9545,1,1,0.8636,1,1,1,0.9444,1,1,1,1,1,1,1,1,1,1,1,1,1,0.3889,1,1,0.8636,1
"locus930",1,1,1,1,1,1,1,1,0.9545,1,1,0.9375,0.85,0.875,1,1,1,1,1,1,1,1,1,1,0.9091,0.9167
"locus931",0.8333,1,1,1,1,1,1,1,0.9091,1,1,1,1,1,1,1,0.875,1,1,0.8333,1,0.8636,0.9,1,0.9091,1
"locus932",1,1,1,1,1,1,0.8,1,0.9545,1,1,1,1,0.9375,1,0.9545,0.6667,1,0.9375,0.7222,1,1,0.95,1,1,0.9583
"locus933",1,0.9375,0.9,0.9545,1,0.8636,1,0.7222,0.95,0.9375,0.8182,0.875,1,0.875,0.875,1,0.8889,1,0.9375,0.7778,1,0.9545,1,0.95,1,1
"locus934",1,1,1,0.9091,0.9444,0.9583,1,1,1,1,1,0.9375,1,1,0.9583,1,1,1,0.9286,0.9444,0.7143,0.9545,1,1,0.9545,0.9545
"locus935",0.7917,1,1,0.9545,1,1,0.9,1,1,0.9286,1,1,1,1,1,0.6364,0.8125,1,0.9375,0.8889,1,0.9545,0.95,0.9,0.8182,1
"locus936",0.8333,0.75,0.95,0.9091,1,0.9583,1,1,1,0.8125,0.9545,0.9375,0.95,0.9375,1,0.7778,0.9444,1,1,0.8889,1,0.5,1,0.9444,0.95,1
"locus937",1,0.9286,0.9444,0.9091,1,0.8182,1,0.6875,0.9545,1,0.9545,0.8125,1,1,1,0.9545,0.8889,0.8333,0.9375,1,0.8,0.9545,1,0.85,1,0.8889
"locus938",0.95,1,0.8889,1,1,1,1,1,0.8636,1,0.9091,0.625,1,1,0.8182,1,1,0.75,0.875,0.8571,0.875,0.8333,0.7222,0.75,1,0.7857
"locus939",0.875,1,1,0.6667,1,1,1,1,1,1,1,1,1,1,1,1,1,1,1,1,1,0.9545,0.85,1,1,1
"locus940",0.75,1,1,0.8,1,1,1,1,1,1,1,1,1,1,0.9583,1,1,0.8333,1,1,1,0.9545,1,1,1,1
"locus941",0.8636,1,0.95,1,1,1,1,1,1,1,1,1,0.95,0.9375,1,1,0.9444,1,0.9375,1,0.8571,1,0.7222,1,1,1
"locus942",0.9091,0.9375,0.8889,0.8,1,1,0.6,1,0.7727,0.875,1,1,1,0.75,0.9167,1,0.7778,1,1,0.8125,0.9286,1,0.9375,0.85,1,0.9583
"locus943",0.7,0.8571,0.75,0.45,0.625,1,NA,0.5,0.4,1,1,0.5,1,0.6429,0.625,0.5,0.3125,0.5,0.8333,0.8889,0.5,0.3571,0.5,0.4,0.8125,0.2
"locus944",0.9583,0.6875,0.8125,0.9,0.9286,0.9444,1,0.5714,0.5625,1,0.9,1,0.9,0.875,0.5909,1,1,0.75,0.75,0.9375,0.6667,1,0.8,0.85,0.8636,0.7
"locus945",0.7727,0.9375,0.6667,0.9545,0.6111,0.8182,0.8,0.6667,0.875,0.5625,0.7778,0.9286,0.8889,0.5625,0.7,0.6429,0.7778,0.75,0.7143,0.6111,0.7143,0.9545,0.95,0.85,0.8636,0.75
"locus946",1,0.7857,0.95,0.6818,1,0.7143,1,0.9286,0.9545,1,0.4,0.9375,0.375,1,0.9167,1,1,1,1,1,0.9286,0.9545,1,1,0.95,0.8571
"locus947",0.85,0.6429,0.85,0.875,0.3333,0.7273,1,0.25,0.875,0.875,0.5,0.6667,0.5,0.8571,0.7222,0.95,0.9375,0.75,0.8571,0.8125,0.5,0.375,0.7857,0.8,0.8125,0.3182
"locus948",0.4,0.6429,0.3333,0.6818,1,0.4545,0.1,0.9375,0.4091,0.5,0.5909,0.6875,0.5714,0.5714,0.5,0.5909,0.5,0.5,0.2143,0.375,0.8571,0.6364,0.6111,0.5,0.35,0.9545
"locus949",0.9583,1,0.9167,0.9545,1,0.9583,0.2,0.9444,0.7,0.7143,1,0.875,1,0.8571,0.7778,0.4545,0.9444,1,0.75,0.7143,0.9286,1,1,0.8,0.9545,1
"locus950",0.9167,1,1,1,0.8889,0.8182,1,0.9444,0.9091,1,1,1,1,0.875,1,1,1,1,0.9375,1,1,0.8182,0.9444,0.95,1,1
"locus951",0.1818,0,0.05,0.15,0.125,0.1875,0,0,0.0455,0,0.375,0,0.6429,0,0.0833,0,0,0,0.125,0.1111,0.0714,0.0909,0.2143,0,0.375,0.1818
"locus952",1,1,1,1,0.9444,1,1,1,1,1,1,0.9375,0.9,1,0.9167,1,1,1,0.9375,1,0.7857,1,0.8889,1,0.9091,1
"locus953",0.0417,0,0.15,0,0.1111,0.1667,0,0.0556,0.0909,0,0,0,0,0.0625,0.0833,0,0,0,0,0,0.0714,0,0.15,0.3,0,0
"locus954",1,1,1,1,0.6429,1,1,1,1,1,1,1,1,1,1,1,1,1,0.9375,1,1,1,1,1,0.8182,0.875
"locus955",1,0.9286,0.875,1,0.8571,0.7222,1,0.875,0.875,1,0.75,0.75,1,0.9,0.8889,1,1,0.8333,0.7143,1,0.75,1,0.95,0.9444,0.9091,0.8333
"locus956",0.125,0.2143,0.3,0.0455,0,0,0.875,0.1875,0.1818,0,0.25,0.1429,0.25,0,0.125,0.6667,0.2222,0.3333,0.3571,0.5625,0.3333,0.1364,0,0,0.0909,0.3125
"locus957",0.0833,0.2,0.05,0.0455,0.5,0.5,0,0.1429,0.1364,0.1429,0.2222,0,0.1667,0.125,0.0833,0.375,0.1111,0,0.2857,0.25,0,0.3,0.05,0,0.0625,0.1
"locus958",0.9091,1,0.95,1,1,0.9583,1,1,1,1,1,0.9375,0.9,1,1,1,0.9444,1,0.875,1,1,1,0.95,0.95,1,0.9167
"locus959",0.0833,0,0.05,0,0,0.0833,0.5,0,0,0,0,0,0,0.0625,0,0.4091,0.1111,0.1667,0,0.25,0,0,0,0.05,0.0455,0
"locus960",0.9545,1,0.85,1,1,1,1,0.8889,0.9545,1,1,0.9375,1,0.8571,0.9167,1,1,1,0.875,0.8333,0.9286,0.9091,0.9,1,1,0.8333
"locus961",0.7,0.5833,0.5,0.75,0,0.15,1,0.25,0.4545,0.6429,0.1111,0.5,0.1,0.4286,0.625,0.5,0.8125,0.8333,0.25,0.75,0.25,0.9091,0.9,0.6111,0.4444,0.125
"locus962",1,0.875,1,0.9091,1,0.9167,1,1,0.8182,0.9375,0.8636,1,0.95,1,0.9583,1,1,0.8333,1,1,1,0.9545,0.95,1,1,1
"locus963",1,1,1,1,1,0.9167,1,1,1,1,0.75,1,1,1,0.9167,1,1,1,1,1,1,1,1,0.85,0.9091,0.8333
"locus964",0.9583,0.9375,0.9444,0.9091,1,0.7222,0.875,0.9444,0.8333,0.8333,1,1,0.6667,0.9286,1,0.5833,1,1,0.875,0.6875,0.9286,1,1,0.9,0.9545,0.9583
"locus965",0.4444,0.5,0.5714,0.5,0.4,0.4545,0.75,0.625,0.5625,0.5,0.5,0.6667,0.5,0.4167,0.5,0.75,0.6875,0.75,0.5,0.375,0.5,0.4444,0.5714,0.5833,0.6111,0.4444
"locus966",1,1,1,1,1,1,1,1,0.9545,1,1,1,1,0.9375,0.9583,1,1,1,0.9375,0.9444,1,1,0.95,1,0.8636,0.9583
"locus967",0.7083,1,1,0.7727,1,1,0.9,1,0.9091,0.9375,1,1,1,1,1,1,0.9444,1,1,0.8889,1,0.55,0.9,1,0.85,1
"locus968",0.85,1,0.7778,0.6429,1,1,0.9,0.8889,0.9444,1,1,0.875,1,0.875,0.8636,1,0.6667,0.6667,0.7857,0.9286,0.8571,0.6875,0.8125,0.95,0.85,0.9167
"locus969",0.9583,1,0.95,0.9091,1,1,1,1,0.9545,1,1,1,1,1,1,1,0.8889,1,0.9375,0.9444,1,1,1,0.9,1,1
"locus970",0.9583,1,0.95,0.9444,0.875,0.875,1,0.6875,0.95,1,1,0.6667,1,1,0.875,1,1,0.75,1,1,0.6667,0.5714,0.9,1,1,0.55
"locus971",0.7,0.9167,0.7778,0.8182,1,0.9091,0.5,0.7222,0.5909,0.875,1,0.9286,0.7,0.9375,0.875,0.6818,0.625,1,1,0.5625,0.9286,0.9545,0.9286,0.85,0.7273,0.9583
"locus972",0.4545,1,0.95,0.6667,1,1,0.4,0.9444,0.9091,0.9286,0.9545,1,0.95,0.9375,0.9583,0.5,0.5625,0.8333,0.9375,0.4375,1,0.4091,0.7222,1,0.6667,1
"locus973",0.6818,1,1,0.5909,1,1,0.9,0.9375,1,0.9375,1,0.8571,1,0.875,0.9583,0.8636,0.6667,0.5,1,0.8333,0.9286,0.4545,0.3333,1,0.6111,0.9167
"locus974",0.5,0.625,0.75,0.4545,0.4444,0.6818,0.375,0.7222,0.6818,0.6875,0.8182,0.6429,0.9,0.7,0.875,0.2273,0.8333,0.5,0.8125,0.5,0.7143,0.55,0.8889,0.7,0.5,0.5
"locus975",0.9583,1,1,0.9545,1,0.9583,1,0.7778,0.9091,0.875,1,1,1,1,0.9167,0.9545,0.8889,1,0.875,0.8889,0.9286,1,1,1,0.9545,0.9167
"locus976",0.9583,0.9375,0.9,1,1,1,1,1,0.9091,1,0.9545,1,1,1,0.875,1,1,1,0.9375,1,1,1,1,1,0.9091,1
"locus977",0.0833,0.0714,0.1,0.1364,0.2222,0.3889,0,0.1111,0.1364,0.375,0.1818,0.125,0.4,0.25,0.1667,0,0.1667,0.1667,0.3125,0,0,0,0.15,0.15,0.2273,0.25
"locus978",0.9583,0.9375,1,1,1,0.9167,0.1,1,0.9545,0.875,1,1,0.95,1,1,0.65,0.9444,1,0.9375,0.8333,1,1,0.95,0.95,0.9545,0.9583
"locus979",1,0.875,1,0.9545,1,1,1,0.9444,0.8636,1,1,1,1,0.6875,0.7273,1,0.9444,1,1,0.9375,1,1,0.95,0.9,1,1
"locus980",1,0.75,1,1,0.4444,0.6,1,0.7,1,1,0.5,1,0.65,1,1,1,1,1,0.9375,1,1,1,1,1,0.8636,0.4
"locus981",0.875,1,0.9444,0.8636,1,1,1,0.9444,0.9545,0.9375,1,0.875,1,1,0.8333,1,1,1,0.9375,0.9444,0.7143,0.4545,0.85,0.9,1,0.875
"locus982",0.5,0.6429,0.7143,0.7273,0.7143,0.6,0.1667,0.6111,0.55,0.5833,0.7778,0.3333,0.55,0.4286,0.6667,0.3,0.25,0.6667,0.6429,0.4167,0.875,0.15,0.5625,0.6667,0.6875,0.625
"locus983",0.0833,0.0625,0.1667,0.1111,0.1111,0,0,0.0556,0.0455,0.125,0.0455,0.125,0,0.25,0.2273,0.0909,0.0556,0,0.125,0.1111,0.1429,0.0455,0.25,0.15,0.0455,0
"locus984",0.4545,0.5714,0.7222,0.9167,0.5,0.6818,0.5,0.75,0.625,0.6667,0.4,0.6429,0.25,0.8333,0.5417,0.625,0.6875,0.8333,0.6429,0.5833,0.75,0.6667,0.8,0.8,0.6111,0.6667
"locus985",1,1,1,1,1,1,1,0.9444,0.9545,0.9375,1,1,1,1,1,1,1,1,0.875,1,0.7857,1,1,0.9,1,1
"locus986",1,0.9375,1,1,1,0.8333,1,1,1,0.9375,1,1,1,1,1,1,1,1,1,0.9444,1,0.9545,0.95,0.95,0.9091,0.9583
"locus987",0,0,0,0,0,0,0,0,0,0.3125,0,0,0,0.25,0.0417,0,0,0.1667,0,0.1667,0,0,0,0.05,0,0
"locus988",1,0.7,0.8,0.95,1,0.65,1,0.875,0.95,1,0.5625,0.625,0.5625,0.7,0.6818,0.9545,1,1,0.8125,0.8889,0.875,1,0.9444,0.8889,0.95,0.8
"locus989",0.9,0.9286,0.85,0.95,1,0.9167,0.875,1,0.8,0.9286,0.9545,1,1,0.9286,0.875,0.9444,0.7778,0.5,0.75,1,1,0.625,0.7857,0.7778,1,0.9167
"locus990",0.9167,1,0.9,1,1,1,1,0.9444,0.8636,1,1,1,1,0.9286,1,1,0.8889,0.8333,1,1,0.8333,1,1,0.85,0.95,0.9583
"locus991",1,0.9375,1,1,1,0.9583,1,0.9444,0.9545,1,1,1,0.85,0.9375,1,0.8636,1,1,0.9375,1,0.8571,1,0.9,0.9,1,0.9167
"locus992",0.9167,1,0.875,1,1,1,0.2,1,0.8125,0.9167,0.9545,1,1,0.875,0.875,0.3182,0.8889,0.8333,0.875,0.9167,1,1,1,0.9,1,1
"locus993",0.75,0.875,0.8889,1,1,1,0.3,0.8889,0.6818,1,1,0.9,1,0.7,0.6818,0.6364,0.4444,1,0.9375,0.5556,0.875,0.5,0.9,0.6875,0.6,1
"locus994",0.9583,1,1,0.9,1,1,0.9,1,0.9545,0.875,1,1,1,0.875,1,0.8636,1,1,1,1,1,0.9545,0.95,1,0.9091,1
"locus995",0.0909,0.4286,0.2222,0.3333,0.5,0.5,0.3,0.25,0.0625,0.1429,0.6667,0.125,0.8333,0.3125,0.4,0.0909,0.1111,0.1667,0,0.125,0.5,0.0909,0.4167,0.3333,0.2778,0.3889
"locus996",0.8333,0.9286,0.8889,0.7778,0.8571,0.7083,1,0.8125,0.9,0.875,0.8182,0.8125,0.9,0.7857,0.9,0.8182,0.875,1,0.8333,0.9375,0.8333,0.95,0.8571,0.9,0.9,0.7727
"locus997",0.9583,1,1,1,0.9444,0.9167,1,0.9444,1,1,1,0.8125,1,0.9375,1,1,1,1,1,1,1,1,0.9,1,0.8636,0.9167
"locus998",1,1,1,1,0.7222,1,1,1,1,1,1,1,1,1,1,1,1,1,1,1,1,1,0.9444,1,0.6818,0.9583
"locus999",0.0455,0,0,0,0,0.0417,NA,0,0.1,0,0,0,0,0.0625,0.0833,0.2143,0.0556,0,0,0.2222,0,0,0,0,0.0455,0
"locus1000",1,1,0.95,1,1,0.75,1,0.6667,1,1,1,1,1,0.75,1,1,1,1,0.75,1,1,1,1,1,1,0.6364
"locus1001",0.0417,0.0625,0.05,0.0455,0,0.1667,0,0.125,0,0,0.1818,0,0.0556,0,0.125,0,0,0,0.25,0,0.3333,0.0909,0.1667,0.05,0.0909,0.125
"locus1002",0.7917,1,0.6875,0.4091,1,1,1,0.9444,0.8,1,1,0.7857,1,0.4375,0.7273,0.9545,1,0.25,0.5625,0.7778,0.9286,0.3636,0.8,0.8,0.7,0.875
"locus1003",0.0417,0.5,0.0556,0,0.7,0.65,0.6667,0.5,0.0556,0.25,0.7778,0,0.8333,0.1429,0.0417,0.5556,0,0.1667,0.25,0,0.125,0.05,0,0.1111,0.3333,0.5
"locus1004",1,0.9375,0.95,1,1,1,1,1,0.9545,0.9375,1,1,1,0.8125,0.9583,1,1,1,0.8125,0.9444,1,1,1,0.8,1,1
"locus1005",0.9167,0.9375,0.95,1,1,0.95,1,1,1,1,0.5556,1,0.6,1,0.9583,1,1,0.8333,1,1,1,1,0.95,1,1,1
"locus1006",1,0.8125,0.75,0.8,0.9444,0.9545,1,0.8889,0.7,1,0.9,0.875,0.9,0.6875,0.9091,1,1,1,0.9286,0.8889,1,0.9545,0.95,0.8333,1,0.9583
"locus1007",0.1818,0.0625,0.1,0.15,0,0.0417,1,0,0.1667,0.375,0,0,0,0,0,0.9444,0.5,0,0,0.125,0,0.2273,0.2222,0,0.2,0
"locus1008",1,1,0.9444,0.9091,1,1,1,1,0.8182,1,0.9545,1,1,0.875,0.875,0.9545,0.9444,1,0.9286,0.7778,1,1,1,0.9,1,1
"locus1009",0.7727,0.8125,0.8333,0.7778,1,0.9167,1,0.9444,0.8333,0.9375,0.8636,0.9286,1,0.7143,0.7727,1,1,0.8333,0.7143,0.8125,0.8571,0.9167,0.9375,0.7222,0.55,0.9545
"locus1010",0.7,0.75,0.6875,0.6,0.375,0.55,1,0.8125,0.8182,0.9375,0.2778,0.625,0.6667,0.8571,0.9583,0.8182,0.8333,0.75,0.875,0.8889,0.625,0.3125,0.6429,0.85,0.6818,0.4545
"locus1011",1,1,1,1,1,1,1,1,0.8889,0.9375,1,0.875,1,0.5,1,1,1,1,0.875,0.5625,1,1,0.95,0.95,1,1
"locus1012",1,1,1,0.9545,0.5625,0.8889,1,0.5,1,1,1,1,0.95,0.875,1,1,1,1,1,1,1,0.9545,0.9,0.95,0.8125,0.5909
"locus1013",1,1,1,1,0.9444,1,1,0.6667,0.9545,1,1,0.9375,1,0.8125,0.9167,1,0.9444,1,1,0.9444,0.75,0.9545,0.95,1,0.8636,1
"locus1014",0.9167,0.9375,0.95,1,1,1,1,1,1,1,1,1,1,1,0.9167,1,1,1,0.9375,1,0.9286,1,1,1,1,0.8636
"locus1015",1,0.9,1,1,1,0.9286,1,1,0.9545,0.75,0.375,1,0.5,1,1,1,1,1,1,0.9444,1,1,1,1,0.9545,1
"locus1016",1,1,1,1,1,1,1,0.9444,1,1,1,0.6875,1,1,1,1,1,1,1,1,0.8571,0.7273,1,1,1,0.9583
"locus1017",0.8333,1,1,0.9545,0.75,0.9583,0.9,0.9375,0.95,1,1,1,0.95,1,0.9167,0.9545,0.8889,1,0.875,0.9444,1,0.95,0.95,1,1,0.9167
"locus1018",0.9545,0.9375,1,1,1,1,0.9,1,0.9545,1,1,0.9375,1,1,0.9583,1,0.8333,1,0.9375,1,1,0.85,1,1,0.75,1
"locus1019",0,0.1429,0,0.1364,0,0.2083,0,0,0,0,0.0455,0,0.05,0,0,0,0,0,0,0,0,0.0455,0.25,0.05,0.0455,0.0417
"locus1020",0.875,0.8125,0.75,0.55,0.9444,0.8636,0.9,0.8889,0.8636,0.5625,0.9545,0.8125,1,0.875,0.9583,0.8333,0.6667,0.5,0.8125,0.6111,0.9286,0.9,0.6,0.8,0.9091,0.9167
"locus1021",0,0,0,0,0,0,0,0,0,0,0.0455,0,0.15,0,0,0,0.2778,0,0.0625,0,0,0,0,0.05,0.0455,0
"locus1022",0.9583,1,0.95,0.9545,1,1,1,1,1,0.9375,1,1,1,1,0.9167,1,1,1,1,0.8333,0.9286,0.9545,0.8889,0.9444,1,0.9167
"locus1023",0.9545,1,0.8,0.8636,1,1,0.9,0.8889,0.8333,0.875,1,0.75,1,0.9167,0.8,1,0.8889,1,0.9,0.9286,0.6429,0.9091,0.875,0.7778,1,0.875
"locus1024",1,1,1,0.5,1,0.9583,1,1,1,1,1,1,1,1,1,1,1,1,1,1,1,1,0.7,1,0.9091,1
"locus1025",0,0.25,0.1,0.0625,0,0.3125,0,0,0,0.125,0,0,0.125,0.2,0.3125,0,0,0.5,0.25,0,0.25,0,0.25,0.1,0,0
"locus1026",0.75,1,1,0.9091,1,1,1,1,1,1,0.9091,1,1,0.9375,1,0.875,0.875,1,0.9375,0.9444,1,0.9545,0.9444,1,0.8182,1
"locus1027",0,0.25,0,0.0909,0.2222,0.2273,0,0,0,0.375,0.5,0.125,0.3333,0,0.0417,0,0.0556,0,0.125,0.1667,0,0.0455,0.05,0,0.1364,0
"locus1028",1,1,1,0.8636,0.9444,1,1,1,1,0.875,0.95,1,0.8889,0.9375,1,1,1,1,1,1,1,1,1,1,0.9545,1
"locus1029",0.9583,0.9375,0.8,1,1,0.9167,1,1,1,1,0.9545,1,0.95,1,0.875,1,1,1,1,1,1,1,1,0.95,0.9545,1
"locus1030",1,1,1,1,0.75,1,1,0.8333,1,1,1,0.75,1,1,0.9583,1,1,1,1,1,0.9286,1,1,1,1,0.8
"locus1031",1,1,1,0.9545,0.9444,0.9167,1,1,1,1,0.625,1,1,1,1,1,1,1,1,1,1,1,1,1,1,1
"locus1032",0.0909,0,0.1667,0.3571,0.1667,0.45,0,0.1111,0.125,0.1667,0.5,0,0.6429,0.0714,0.05,0,0.2,0,0.0833,0.2857,0.1429,0.25,0.1667,0.05,0.2222,0.1667
"locus1033",0.0417,0.125,0,0,0.0556,0.0909,0,0.0556,0,0,0.1667,0.0625,0.1429,0,0,0,0,0,0,0,0.0714,0,0,0,0.0455,0
"locus1034",0.9167,0.9375,0.95,0.8636,1,1,0.5,1,0.7727,1,0.9545,0.9375,1,0.9375,0.9583,0.55,0.9444,1,0.9375,0.8889,1,0.85,1,1,0.9444,1
"locus1035",1,1,0.95,1,0.9444,0.9167,0.9,0.9375,0.9545,0.9375,1,1,1,1,0.9583,0.9091,1,1,1,1,0.9286,0.9545,1,1,1,0.875
"locus1036",0.875,0.9286,1,0.9,1,1,1,0.9444,1,1,1,1,1,0.9375,0.9545,1,0.8889,1,1,0.9444,1,0.6429,0.8333,1,0.9545,1
"locus1037",1,1,0.85,1,1,1,1,1,1,1,1,1,1,0.75,0.7083,1,1,1,0.9375,1,1,1,1,1,1,1
"locus1038",0.9583,0.8125,1,1,1,1,1,0.6111,1,0.9375,0.9091,1,0.95,1,1,1,1,1,0.9375,1,0.7857,1,0.95,0.95,1,0.7917
"locus1039",0.5909,0.6875,1,0.45,0.4167,0.9167,0.875,0.8,0.8,0.7143,0.55,0.9286,0.5,0.5833,0.8333,0.8889,0.625,0.5,0.8571,0.75,0.75,0.45,0.4444,0.8889,0.6875,0.6429
"locus1040",0.1364,0.6667,0.5625,0.1667,0.9,0.8889,0.8,0.5833,0.1875,0.5,0.9091,0.2143,0.95,0.4286,0.35,0.625,0,0.75,0.5833,0,0.5,0,0.3125,0.4375,0.3333,0.7857
"locus1041",1,1,0.6,0.9545,0.5833,0.875,1,0.5,0.875,0.9375,0.875,NA,1,0.8333,0.875,0.9545,1,1,0.75,1,0.5,0.9545,1,0.6667,0.7857,0.5
"locus1042",1,0.7857,1,1,1,0.7222,1,0.9444,1,1,0.5,1,0.3,0.9375,1,1,1,1,1,1,1,1,1,0.85,1,1
"locus1043",1,1,1,1,0.8889,1,1,0.9444,0.9545,1,1,0.6875,1,1,1,0.9545,1,1,1,1,0.8571,0.9545,1,1,1,0.9375
"locus1044",1,0.9375,1,1,1,0.8333,1,1,0.9091,1,1,1,1,1,0.9583,1,1,1,1,1,1,1,0.95,0.8,1,1
"locus1045",0.6364,0.875,0.6667,0.55,1,1,0.5,0.6667,0.65,0.5714,0.8182,0.7143,0.95,0.5625,0.6667,0.9167,0.6111,0.8333,0.5714,0.6875,0.6,0.65,0.8,0.625,0.5556,0.9091
"locus1046",0.9583,0.9375,0.7143,0.8182,1,1,1,1,0.7778,0.875,1,0.9375,0.95,0.9167,0.9,1,1,0.8333,0.9286,0.8333,0.9286,1,1,0.9,0.9091,1
"locus1047",0.8125,1,0.7143,1,1,0.9167,0.1667,1,0.9167,0.9167,1,0.875,0.95,0.9167,0.9167,0.5556,0.8333,0.75,0.9375,0.9286,1,0.9091,0.6429,0.9444,0.875,1
"locus1048",0.9583,1,0.95,1,0.7222,0.9167,1,0.7778,1,1,1,0.9375,1,0.9375,0.9583,1,1,0.6667,1,1,0.8571,0.95,1,0.9,0.7273,0.7083
"locus1049",1,0.9375,1,1,0.6429,0.9167,1,0.6429,1,0.9375,1,1,1,1,0.9545,1,1,1,0.8125,1,1,1,0.95,1,1,0.5833
"locus1050",0.5,0.6667,0.5,0.5,1,0.9091,0,0.5714,0.4,0.3333,0.85,0.5714,1,0.5833,0.5,0.1818,0.3,0.5,0.5714,0.5,0.5,0.7222,0.5,0.5625,0.5625,0.8636
"locus1051",1,0.8125,0.95,0.9091,0.9444,0.9583,1,1,0.9545,0.9375,0.9545,0.75,1,1,0.8636,0.9545,1,0.8333,1,1,0.8571,1,0.95,0.8,1,0.9583
"locus1052",1,0.7857,1,0.9091,1,0.9167,0.5,1,0.9545,0.75,1,1,0.95,1,1,0.9,1,1,0.9375,1,1,1,1,0.95,1,1
"locus1053",1,0.6,0.75,1,0.1875,0.5,1,0.8571,0.8889,0.3333,0.6,0.7,0.5625,0.9375,0.65,1,1,1,0.5,0.3333,0.75,0.9545,1,0.6875,0.3,0.25
"locus1054",1,1,1,1,1,0.9091,1,0.8333,1,0.9375,0.8636,1,1,0.75,0.8571,1,0.8889,1,0.7143,0.8889,0.8571,1,0.95,0.8,0.8636,0.9583
"locus1055",0.875,0.9375,1,0.9,1,0.9583,1,1,1,0.8125,1,1,1,0.9375,0.9583,1,0.5833,1,1,0.9444,1,1,0.875,1,0.9545,1
"locus1056",0,0,0,0,0,0.0417,0,0,0.0455,0,0.1667,0,0.4375,0,0,0,0,0,0,0.0556,0,0,0,0,0,0
"locus1057",1,0.9375,0.95,0.9,1,0.9091,1,1,1,1,1,0.9375,1,1,0.9583,1,1,0.8333,0.875,1,0.8571,1,0.9,1,1,1
"locus1058",0.8,0.9375,0.8333,0.8889,1,1,1,0.8333,0.5714,0.9375,0.9091,0.5,1,0.8571,0.7727,1,0.7857,1,0.7,0.9286,0.8333,0.55,0.8571,0.7857,0.7857,0.9167
"locus1059",0.125,0,0,0.0455,0,0.0417,0,0.0556,0.0455,0,0,0,0,0.0625,0.2083,0,0,0.3333,0.0625,0.0556,0,0.0455,0,0,0.0455,0.3
"locus1060",1,1,1,0.9091,1,0.9583,1,0.8889,0.7727,1,0.8182,0.9375,1,1,0.9583,1,0.5,0.8333,0.875,1,1,0.8182,0.9,0.9,0.9545,1
"locus1061",1,0.9286,0.9444,0.8636,1,0.75,1,0.9444,0.6364,0.8125,0.7,1,0.6667,1,0.9091,1,0.9444,1,1,0.8889,1,1,0.95,0.75,0.9545,0.9545
"locus1062",0.4167,0.6429,0.375,0.5,0.5833,0.6429,0.5,0.4167,0.2857,0.6667,0.75,0.5,0.9,0.25,0.5625,0.4444,0.7857,0.75,0.5625,0.4167,0.2,0.8636,0.7,0.3889,0.6,0.5
"locus1063",0.25,0,0,0.1667,0.0556,0,0.1,0.0556,0,0,0,0,0,0.0625,0,0.1364,0.3333,0,0,0.1111,0,0.3333,0.25,0.1,0.1111,0.0417
"locus1064",0.7083,1,0.9,1,0.7143,0.8,1,0.9375,1,1,1,0.75,1,0.8125,0.9091,1,0.8889,1,1,0.875,0.5833,0.9091,0.85,0.95,0.9091,0.6818
"locus1065",0.3182,0.7,0.5833,0.6111,0.3889,0.4444,1,0.4286,0.375,0.9,0.6818,0.5,0.6875,0.2857,0.4545,0.9545,0.5833,0.3333,0.3571,0.5833,0.7143,0.5556,0.4375,0.7,0.5,0.5909
"locus1066",0.0833,0.2857,0.1,0.1364,0.1111,0.1,0.125,0.1111,0.05,0.5,0.0455,0,0.3333,0.3125,0.1667,0.2857,0.0625,0,0.125,0.0625,0,0,0.15,0.15,0.0909,0
"locus1067",0.75,0.4167,0.8333,0.8182,0.5,0.6,0.5,0.3125,1,1,0.6667,0.5,0.85,0.75,1,0.9167,0.9,1,0.75,0.9167,0.25,0.5,0.8889,0.9286,0.8333,0.3182
"locus1068",0.9167,0.875,1,0.9091,1,1,0.9,0.9444,0.9545,0.9375,0.9545,1,0.95,0.9375,0.9545,0.9545,0.875,1,1,1,1,0.9545,0.95,0.95,0.9545,0.9583
"locus1069",0.25,0.5,0.45,0.2727,0.3889,0.5,0,0.6111,0.3636,0.5,0.15,0.4286,0.1,0.375,0.4545,0.0455,0.3889,0.6667,0.3571,0.1667,0.8333,0.45,0.35,0.55,0.2778,0.5417
"locus1070",0.6818,0.875,0.9,0.9444,0.875,0.7727,0.75,0.625,0.9286,0.9167,0.55,1,0.5,0.9375,0.85,0.875,0.8571,0.5,0.9286,0.9,0.9,0.95,0.875,0.7,1,0.5625
"locus1071",1,0.875,1,1,1,0.75,1,0.9444,1,1,0.75,1,0.9,1,1,0.9545,1,1,1,1,1,1,1,1,1,1
"locus1072",1,0.9375,0.95,0.8182,1,0.8333,1,1,1,1,1,1,1,1,0.9583,1,1,1,1,1,1,1,1,0.95,1,1
"locus1073",0.6,0.5,0.25,0.4444,0.5,0.375,0.6667,0.4,0.15,0.6667,0.5,0.5833,0.5556,0.625,0.3125,0.1667,0.75,0,0.5,0.5833,0.375,0.4167,0.7143,0.3571,0.5,0.3
"locus1074",0.125,0.5625,0.0556,0.5,0.5556,0.5909,0.5,0.4375,0.4,0.5,0.7727,0.1667,0.6429,0.4375,0.5,0.5,0.2778,0.5,0.4375,0.1667,0.4167,0.2727,0.25,0.45,0.2273,0.625
"locus1075",0.9583,0.9375,1,1,0.8889,0.9091,1,1,1,1,0.5625,1,0.75,0.9375,1,1,1,1,1,1,1,1,1,0.9,1,1
"locus1076",0.65,0.9375,0.75,1,1,0.9583,1,1,0.75,1,0.9091,0.7857,1,0.75,0.7857,0.95,0.7222,1,0.9167,0.75,1,0.2778,0.8,0.8889,0.5625,1
"locus1077",0.7917,1,1,1,0.5,0.9375,1,0.75,1,1,0.9545,1,1,0.9375,0.9167,1,0.9444,1,1,1,0.5,1,1,1,0.95,0.8333
"locus1078",0.125,0.0625,0,0.15,0,0,0,0.1111,0,0.25,0,0.1875,0,0.0625,0.0417,0,0.0556,0,0,0.1111,0,0.0909,0.3,0.05,0.0909,0
"locus1079",0.9583,0.75,0.5625,0.8,0.8889,0.9,0.9,0.625,0.7778,0.875,0.9091,0.7143,0.95,0.7857,0.75,1,1,0.8333,0.8571,0.8889,0.7,0.7727,0.8889,0.7778,0.7727,0.8182
"locus1080",1,1,0.85,0.9545,0.9286,0.9167,1,0.9375,0.9545,1,0.8636,0.8125,1,1,0.875,1,1,0.8333,0.9375,1,0.7,0.9545,0.9444,1,0.9545,0.7273
"locus1081",0.875,0.8125,1,0.9091,1,0.8636,1,0.7778,0.9545,0.875,0.8125,0.9375,0.8889,0.9375,1,1,1,1,0.9375,0.8889,0.9286,0.9545,0.9,0.8889,0.9545,0.875
"locus1082",0.0833,0,0.05,0.0455,0,0,0,0,0,0.0714,0.0455,0.0625,0,0.2143,0.0417,0.0455,0,0,0.1429,0,0,0,0,0,0.0455,0
"locus1083",0.1364,0.6429,0.2222,0.6667,0.5,0.7,0.7,0.5,0.3333,0.5,0.8,0.3,0.7,0.1429,0.35,0.0625,0.1667,0.5,0.1875,0,0.75,0.7143,0.1667,0.3,0.55,0.45
"locus1084",0.2273,0.0833,0.3125,0.3125,0.4167,0.2727,0.5,0.1,0.3125,0.5,0.1875,0.375,0.3,0.3,0.4375,0.4545,0.4375,0.3333,0.3,0.1667,0.5,0.3,0.2,0.4167,0.3333,0.4444
"locus1085",0.3125,0.4375,0.5,0.4545,0.6111,0.375,0.1667,0.6667,0.625,0.2857,0.1818,0.4286,0.0625,0.75,0.5909,0.2778,0.4167,0.3333,0.6667,0.5714,0.4,0.85,0.2857,0.5714,0.4286,0.375
"locus1086",0.1429,0.6,0.0625,0.0625,0.3125,0.3,0,0.0625,0.2778,0.25,0.5,0.25,0.3333,0.25,0.1875,0,0.1667,0.25,0,0.1429,0.2,0.1111,0.2143,0.125,0.1818,0
"locus1087",0.8333,1,1,0.9091,1,0.9167,1,1,1,0.9375,0.9091,1,0.8889,1,1,1,0.8333,1,1,0.8333,0.9286,1,0.95,0.95,1,1
"locus1088",0.75,0.5,0.75,0.7778,0.5625,0.5909,0.25,0.6111,0.6667,0.5,0.6364,0.6,0.6875,0.75,0.75,0.55,0.75,0.8333,0.8333,0.9444,0.6429,0.8636,0.8571,0.8,0.625,0.5556
"locus1089",1,1,0.9,0.9,1,0.9545,1,1,1,1,0.7,0.9375,0.8889,0.875,0.8182,1,1,1,1,0.8889,0.9286,1,0.8,0.95,0.9545,1
"locus1090",0,0,0,0,0,0,0,0.2857,0,0.0625,0.1818,0,0.05,0,0.0833,0,0,0,0,0,0.0714,0.0455,0,0,0,0.3889
"locus1091",1,1,1,0.9545,1,1,0.75,0.9444,0.8636,1,1,1,1,1,0.9583,0.85,0.8333,1,0.9375,0.7222,1,0.9545,1,1,0.9545,1
"locus1092",0.9583,1,1,1,NA,1,1,0.7778,0.9545,0.9375,0.9545,0.9375,1,1,1,1,1,1,1,1,0.7857,0.9545,1,0.9,0.8636,0.8182
"locus1093",0.8182,0.5833,0.7143,0.9444,0.75,0.8,1,0.9167,0.8333,1,0.7778,0.7,0.875,0.75,0.7917,0.9091,0.6875,0.75,0.7143,0.875,0.8,1,0.8889,0.875,0.9,0.8125
"locus1094",1,0.875,0.9,1,0.625,0.8,1,0.7778,0.85,1,0.9545,1,1,0.9375,1,1,1,0.8333,1,0.9444,1,1,0.95,0.95,0.7727,0.6667
"locus1095",0.9583,1,0.95,0.8636,1,0.9583,1,1,0.9545,0.9286,0.9545,0.9375,1,1,1,1,1,1,0.9375,1,0.8571,0.95,0.95,0.95,1,1
"locus1096",0.0455,0.1875,0.05,0.15,0,0.0417,0.6,0,0,0.1,0.0455,0.25,0,0.0714,0.0417,0.6111,0.3333,0.3333,0.0625,0.375,0,0.0455,0.1,0.05,0.05,0
"locus1097",1,0.875,0.9,1,0.8889,0.9444,1,0.9444,0.8636,1,1,0.8571,1,0.9375,1,1,1,1,0.9286,1,1,1,0.95,0.85,0.9091,1
"locus1098",0.8333,0.6875,0.6667,0.9545,0.5714,0.625,1,0.5714,0.8,0.9286,0.3,0.75,0.6875,0.7143,0.8889,1,1,1,0.5625,0.9444,0.375,0.6,0.9444,0.8333,0.8889,0.8
"locus1099",0.9545,0.9375,0.95,0.9545,0.8889,1,1,1,1,1,1,0.875,1,0.9375,1,1,1,1,1,1,0.8571,1,1,0.95,0.9545,0.875
"locus1100",0.5455,0.875,0.5556,0.75,1,1,1,1,0.5909,0.875,0.9,0.6,1,0.7857,0.5909,1,0.9,0.6667,0.5833,0.75,0.5833,0.5,0.6667,0.4444,0.7727,0.9545
"locus1101",0.9583,0.9375,1,1,1,1,1,1,0.9545,1,1,1,0.9,0.9375,1,0.9091,0.8889,1,1,0.9444,1,1,0.95,1,1,1
"locus1102",0.3333,0.8,0.25,0.3889,1,0.6667,0.4,0.8125,0.35,1,0.5,0.3125,0,0.5,0.5556,0.5,0.375,0.5,0.5,0.4286,0.75,0.2,0.5,0.4286,0.5714,0.7778
"locus1103",1,0.9375,1,0.8182,1,0.75,0.9,1,0.9545,0.8125,0.7727,1,0.85,0.875,0.8636,0.5909,0.8889,0.8333,0.75,1,1,1,0.8889,0.9,0.5455,0.9583
"locus1104",0.8182,1,1,0.9091,1,1,1,0.8889,0.9545,1,1,0.875,1,1,0.8636,1,1,0.6667,0.875,1,0.8571,0.9091,1,1,0.9545,1
"locus1105",1,1,1,1,1,0.9583,1,0.9444,1,0.8125,1,1,0.9,1,1,1,1,1,1,1,1,0.6667,0.95,1,1,0.9583
"locus1106",0.6111,0.7,0.6429,0.7857,0.5,0.5,0.625,0.6,0.8333,0.5,0.2143,0.5833,0.125,0.5833,0.6429,0.9444,0.7,NA,0.6,0.625,0.3333,0.9286,0.9286,0.5556,0.75,0.5
"locus1107",1,1,1,1,0.5833,0.9583,1,1,1,0.9375,1,1,0.95,1,1,1,1,1,1,1,1,0.9545,1,1,0.9091,0.9444
"locus1108",0.9583,0.9375,1,1,1,0.9583,NA,0.9444,1,0.875,1,1,0.95,1,1,0.75,1,0.8333,1,0.9444,1,1,1,0.85,1,0.9583
"locus1109",1,0.9167,0.875,0.9375,0.9444,0.9167,0.875,1,0.375,0.75,0.9545,1,1,0.625,0.625,NA,0.7143,1,0.8571,0.75,0.875,0.55,1,0.55,0.85,0.9583
"locus1110",1,0.9375,0.95,1,1,1,0.9,1,1,0.9375,1,1,0.75,1,0.9583,0.7273,1,1,0.9375,1,1,0.7727,0.95,1,1,1
"locus1111",0.9167,0.5714,0.95,0.8636,0.5,0.5455,1,0.7778,1,0.8125,0.2857,0.9375,0.3571,0.875,0.9583,1,0.9444,0.8333,0.75,0.8889,0.75,0.9545,0.95,1,0.9545,0.9167
"locus1112",0,0.125,0.0714,0,0,0.0417,0,0.2143,0.1667,0,0,0.4,0,0.1,0.1875,0,0.0556,0.75,0.1667,0.0625,0.4,0,0,0.125,0.05,0.4375
"locus1113",0.8333,0.8333,0.9444,1,0.625,0.6667,0.25,0.9375,0.9375,0.75,0.4167,1,0.4286,0.8,1,0,0.875,1,0.9286,0.75,0.75,0.8125,0.9375,1,0.8,0.75
"locus1114",0.2083,0.0625,0,0.25,0.1111,0.2273,0.4,0.1875,0.15,0.1875,0.1,0.2143,0.125,0.25,0.0909,0.2273,0.375,0.1667,0.2143,0.3333,0,0.375,0.3,0.15,0.2778,0.1818
"locus1115",1,0.9375,1,1,0.9444,1,1,1,1,1,0.55,1,0.85,1,1,1,0.8889,1,1,1,0.9286,1,1,1,1,0.9167
"locus1116",0,0.1875,0.35,0,0,0,0,0.0556,0.2273,0.0625,0.0909,0,0,0.1429,0.0909,0.0455,0,0.1667,0.1875,0.0556,0,0,0,0.05,0.0455,0
"locus1117",1,0.9375,1,0.8182,1,0.9583,1,1,1,0.9286,0.9545,1,1,0.9375,0.95,1,1,1,1,0.8333,1,1,0.95,0.9,0.9,1
"locus1118",0.5,0.8125,0.85,0.8,1,0.6667,1,0.9,0.7143,0.5,0.3333,0.75,1,0.5,0.625,0.75,0.4167,0.5,0.75,0.9375,0.75,1,0.75,0.8,0.8333,0.7778
"locus1119",0,0.25,0.25,0.4,0.5,0.5455,0,0.0714,0.1667,0.3571,0.25,0.2,0.5,0.0833,0,0.1,0.1875,0,0.75,0.6667,0.3,0.55,0.3571,0,0.2273,0.2143
"locus1120",0,0.3125,0.1,0,0.125,0.05,0,0.2778,0.0909,0,0.0714,0.0625,0.2143,0.0625,0.0417,0,0,0,0.125,0.0556,0.1,0.0455,0,0.05,0.1364,0.1818
"locus1121",0.0833,0.0625,0,0,0,0.0417,0,0.1111,0.0909,0.0625,0,0,0.05,0.0833,0.0556,0,0,0.25,0.0833,0.2222,0,0.0833,0,0.3,0.0455,0
"locus1122",0.5,1,0.9444,0.5714,0.6875,0.6111,1,0.7857,0.625,1,0.95,0.6,0.9,1,0.6,1,0.3,0.5,0.6667,0.7,0.8333,0.3571,0.5714,0.5833,0.6,0.875
"locus1123",0.0833,0.2143,0.3,0,0.6667,0.2857,0,0.3889,0.15,0,0.7,0.3,0.9286,0.3333,0.25,0,0.0556,0,0.1875,0.1667,0.3571,0,0.25,0.25,0.2857,0.4091
"locus1124",0.9091,0.9167,1,0.7727,0.9375,1,1,0.8125,0.9091,0.875,0.7727,0.875,0.7,1,0.9,1,1,0.8333,0.75,0.8889,0.7143,0.95,0.9,0.95,0.95,0.875
"locus1125",0.0417,0.125,0.05,0.05,0.0625,0.0833,0,0.0556,0.05,0,0.2,0.0625,0.1667,0.1875,0.0833,0.0455,0.0556,0.1667,0.0625,0.1111,0.0714,0.1364,0,0.1,0.1,0
"locus1126",0.75,0.9375,0.95,1,1,1,1,1,0.9545,1,1,0.9286,1,1,0.9583,1,0.75,1,1,0.8333,1,0.4375,0.8333,1,0.9444,1
"locus1127",0,0,0,0.0455,0.0556,0.0417,0.3,0,0,0,0,0.1875,0,0.0625,0.0455,0.2,0,0,0,0,0,0.2,0.15,0,0.15,0
"locus1128",0.9375,1,1,0.9545,1,1,1,1,0.9091,1,1,1,1,0.875,1,1,0.7857,1,1,1,0.8571,0.9545,0.9375,0.95,0.9091,1
"locus1129",0.9091,0.875,0.85,0.8571,1,0.8333,1,1,0.9545,0.9375,1,0.9286,0.8571,1,1,1,0.8125,1,0.9286,1,0.9286,0.8636,0.7143,1,0.9545,1
"locus1130",0.7273,1,1,0.75,1,1,1,1,1,1,0.9091,0.9375,1,1,0.8333,1,0.9444,0.8333,1,1,1,1,0.9375,0.95,1,1
"locus1131",0.8333,0.7857,0.8333,0.7727,0.6111,0.5,1,0.6429,0.6364,0.9375,0.7273,0.8125,0.5556,0.7857,0.5,1,0.9444,0.6667,0.6667,0.8333,0.6667,0.9545,0.7222,0.5556,0.85,0.625
"locus1132",0.4167,0.9375,0.75,0.8,1,0.875,0.5,0.7778,0.5,0.6875,0.9545,0.8125,1,0.6875,0.4545,0.2778,0.3333,0.5,0.75,0.5556,0.7857,0.5,0.6667,0.5,0.85,0.7917
"locus1133",1,1,0.95,0.9545,0.8889,0.9583,1,1,0.9545,1,1,1,1,0.875,1,1,1,0.8333,1,1,1,1,0.9,1,0.9091,1
"locus1134",0.5909,0.5,0.3889,0.6,0.3125,0.5,1,0.5,0.5455,0.5714,0.5455,0.5,0.4,0.4375,0.5,0.8182,0.75,0.6667,0.5,0.375,0.25,0.45,0.6875,0.3889,0.4545,0.4583
"locus1135",0.9583,1,1,0.9545,0.8,1,1,0.9286,1,1,1,1,1,1,1,1,1,0.8333,0.9375,1,0.875,0.9545,0.95,1,0.9091,0.6667
"locus1136",0.4091,0.1875,0.3125,0.1667,0.0625,0.1667,0.2,0.1875,0.2,0.2143,0.25,0.5833,0.1875,0.0625,0.1667,0.1111,0.2857,0.5,0.0625,0.125,0.1429,0.5909,0.2778,0.1111,0.35,0.25
"locus1137",0.9167,1,0.8889,0.9545,1,0.9583,1,0.9444,0.85,1,1,1,1,1,0.8182,1,1,1,0.8125,1,1,1,1,0.95,1,1
"locus1138",1,1,1,1,1,0.9167,1,1,1,1,0.4545,1,0.8125,1,1,1,1,1,1,1,1,1,1,1,1,1
"locus1139",0.9167,1,1,0.7727,1,1,1,1,0.8182,1,0.9545,1,0.95,0.8125,0.9167,0.9091,0.9444,1,1,0.9444,1,0.9091,1,0.9,0.95,0.875
"locus1140",0.0833,0.0625,0.1,0.0455,0.0556,0.0417,0,0,0.1,0.0625,0.2,0.0625,0.0833,0,0.0417,0.2,0,0,0.0625,0.0556,0.0714,0,0,0.05,0.0455,0
"locus1141",0.5,0.8333,0.9375,0.6667,0.7143,0.65,0.1667,0.5,0.875,0.5,0.75,0.5,1,0.75,0.9444,0.1111,0.6667,0.5,0.8333,0.6,1,0.4167,0.625,0.5,0.5,0.5
"locus1142",0.2083,0.4167,0.45,0.1818,0.5,0.75,0.1,0.4286,0.2273,0.1667,0.5,0.3333,0.625,0.4167,0.35,0.2222,0.125,0.5,0.5,0.2778,0.5,0.1818,0.3,0.45,0.2778,0.5625
"locus1143",0.6667,1,0.95,1,1,1,1,1,1,0.7,0.9545,1,1,0.9375,0.8333,1,0.6875,1,0.875,0.8125,1,1,0.9,0.9,0.7222,1
"locus1144",0.9,1,0.85,0.9545,0.9444,0.8333,1,0.8889,0.9091,1,1,0.875,0.95,0.9375,0.9167,1,0.7857,1,0.9375,1,0.9286,0.7,0.9286,1,1,1
"locus1145",0.85,0.8333,0.95,0.9091,0.6,0.6667,1,0.9444,0.9545,1,0.8889,1,0.4167,1,0.9167,1,0.75,0.6667,0.9375,0.8889,0.9286,0.95,0.7778,1,0.6364,0.8333
"locus1146",0.9545,0.875,0.8889,0.9545,1,1,0.9,1,0.8182,0.9375,0.9545,0.9375,1,0.9375,0.9583,1,0.8333,1,0.875,0.8889,1,0.9545,1,0.9,0.9091,1
"locus1147",1,1,0.9,0.9,1,0.9167,1,1,0.8636,0.9375,0.9545,1,1,1,0.8333,1,1,0.8333,0.8571,1,0.9286,1,1,0.8333,0.9545,1
"locus1148",1,1,1,1,0.8889,0.8333,1,0.8889,1,1,1,1,1,0.875,0.9167,1,1,0.8333,0.9375,1,1,0.95,1,0.95,0.9545,0.95
"locus1149",0.8333,0.9375,1,0.9545,1,1,1,1,1,1,0.9545,1,1,1,1,1,0.8333,1,1,1,1,0.7273,1,1,0.95,1
"locus1150",0,0,0.25,0,0,0.0417,0,0.0556,0.05,0,0,0,0,0,0,0,0,0,0.125,0.1111,0,0,0.05,0.15,0,0
"locus1151",0.0833,0.0625,0.2,0,0.2222,0.0833,0,0.1667,0.25,0.125,0.0455,0.1875,0,0.0625,0.2273,0,0.2222,0.5,0.2857,0.0556,0.2857,0.0455,0.2222,0.15,0.1364,0.2917
"locus1152",1,0.8125,1,1,1,1,1,1,1,0.9375,0.8333,1,0.8,1,1,0.9,1,1,1,1,1,1,1,1,1,1
"locus1153",1,0.9375,1,1,0.9444,1,0.9,1,1,1,0.9091,1,0.85,1,0.9583,1,1,1,1,1,1,1,0.95,1,0.9545,1
"locus1154",1,1,1,1,0.8125,0.9583,1,0.9286,0.9545,0.9375,1,0.8125,1,0.9375,0.9545,1,1,1,1,1,1,1,1,0.95,1,0.8125
"locus1155",0.0417,0,0.0556,0.0455,0,0,0,0.0556,0,0,0,0.0625,0,0,0.2083,0,0,0,0.25,0,0,0,0,0,0,0.0417
"locus1156",0.8182,1,1,1,1,1,1,1,1,1,1,1,1,0.9375,0.9583,1,1,1,1,1,1,0.9545,1,1,0.8636,0.9583
"locus1157",1,1,1,1,0.5556,0.8333,1,1,1,0.9375,1,1,1,1,1,1,0.8889,1,1,1,1,0.9545,0.95,0.9,1,0.9583
"locus1158",1,1,0.95,1,0.8889,1,0.9,1,1,1,1,1,0.95,1,0.9583,1,0.9444,1,0.9375,0.9444,1,0.9091,0.95,1,1,0.9583
"locus1159",1,1,1,1,0.8333,0.875,1,0.7857,1,0.9375,0.9091,1,1,1,1,1,1,0.8333,0.9375,1,1,0.9545,1,1,0.7727,0.45
"locus1160",0.9583,1,1,0.75,0.8333,0.7778,1,0.7778,0.9545,0.9375,0.8,1,0.9167,0.9375,0.9583,1,1,0.8333,1,0.9444,1,1,0.95,0.95,0.9545,0.9375
"locus1161",1,1,1,0.8636,1,1,1,0.75,1,1,1,1,1,1,1,1,1,1,1,1,0.9286,0.9091,0.85,1,1,0.7143
"locus1162",1,0.9375,1,1,1,0.9583,1,1,1,1,0.6111,0.9375,0.9,1,0.9583,1,0.8333,1,1,1,1,0.8333,0.9,1,1,1
"locus1163",1,1,0.9444,1,1,1,0.5,1,0.9545,1,1,1,1,0.9375,0.875,0.8333,1,1,1,1,1,1,1,0.95,1,1
"locus1164",0.7917,1,0.95,0.9545,1,0.9583,1,1,1,1,1,1,1,1,0.9167,1,1,1,1,1,1,0.9545,1,1,0.9091,1
"locus1165",1,0.9375,1,0.9091,0.9444,1,0,0.9375,0.9091,0.7857,1,1,1,0.875,0.9583,0.05,1,1,1,0.6,1,1,1,0.95,0.9545,0.9545
"locus1166",1,0.9375,0.8,1,1,1,0.9,0.9444,0.8182,0.9286,0.9091,0.875,0.8333,0.9375,0.75,0.8636,0.8333,1,0.875,0.8889,1,0.9545,0.85,1,0.7273,1
"locus1167",1,0.8571,0.8889,0.9,0.9444,0.9583,1,0.9444,0.9091,1,1,0.7857,1,0.9375,0.9583,1,0.9444,1,0.6429,1,0.6667,1,0.95,0.8889,0.9545,0.8636
"locus1168",0.7273,1,1,0.9545,0.9444,1,1,1,0.9545,1,1,0.875,0.95,1,1,0.9091,0.8333,1,1,1,1,1,0.8333,0.95,0.8636,1
"locus1169",0.9583,0.9375,1,1,0.9444,0.9583,1,0.9444,1,1,1,1,1,0.9375,0.9091,1,1,1,0.875,1,1,1,0.8889,1,1,0.9583
"locus1170",0.125,0.0625,0.1,0.2273,0,0.2917,0,0.25,0.0909,0,0,0.25,0,0.0625,0.0833,0.0455,0.2222,0.1667,0,0.1667,0.25,0.2727,0.2778,0.1667,0.0455,0.4583
"locus1171",0.3182,0.4286,0.3333,0.3182,0.25,0.3636,0.5,0.3333,0.3636,0.1875,0.05,0.4,0.25,0.1667,0.3636,0.5625,0.2222,0.5,0.1875,0.375,0.4,0.1364,0.3889,0.35,0.3333,0.3
"locus1172",0.9167,0.875,1,1,1,0.7727,1,1,1,1,0.8571,0.9375,1,0.875,0.875,1,0.9444,1,1,1,1,1,1,0.95,1,1
"locus1173",1,1,1,1,0.8333,0.875,1,0.7778,1,1,0.9545,1,0.95,1,1,1,1,1,0.9375,1,1,0.9545,1,1,1,0.9167
"locus1174",0.05,0.5714,0.3571,0,0.4167,0.55,0.7,0.7143,0.4,0.5,0.4545,0.4167,0.6111,0.3,0.25,0.6111,0.25,0,0.3,0.5,0.4167,0.3889,0.5,0.5,0.2778,0.3571
"locus1175",0.8333,0.875,0.9,0.7727,0.9375,0.875,1,0.6875,1,0.875,0.9545,0.875,1,0.875,0.9545,1,1,0.8333,1,0.9444,0.7143,0.9545,0.7778,1,0.9545,0.7727
"locus1176",0.5833,0.4286,0.65,0.6667,0.625,0.5,0.9,0.6111,0.6,0.6875,0.4545,0.7143,0.4375,0.5,0.6667,0.7727,0.3889,0.6667,0.4375,0.4444,0.5833,0.4091,0.4,0.65,0.5,0.5833
"locus1177",0.9583,0.8571,0.8125,1,0.9286,0.9545,1,0.9286,1,1,0.9545,0.75,0.95,0.875,0.6364,1,1,1,0.875,0.8889,0.75,1,1,0.8125,0.9091,0.5714
"locus1178",0.2222,0.4286,0.25,0.3,0,0.4091,0,0.3125,0.2222,0.25,0.25,0.375,0.0625,0,0.5,0,0.1667,0.3333,0.375,0.4444,0.1667,0.0455,0.1875,0.4444,0.5,0.1364
"locus1179",0.9583,0.875,1,1,0.8333,0.9545,1,1,1,1,0.9545,1,1,0.9286,1,1,0.8889,0.8333,0.875,0.9444,0.7857,0.9545,0.95,1,1,0.9167
"locus1180",0.9583,1,1,1,0.8889,0.9167,1,0.9444,1,1,1,0.9375,1,0.9375,1,1,1,1,0.9375,0.9444,0.8571,1,0.95,1,0.9091,0.9091
"locus1181",1,1,1,0.95,0.8889,0.9583,0.9,1,1,0.9375,0.9545,1,1,1,1,0.8889,1,1,1,0.9375,1,1,1,0.95,0.9545,0.9583
"locus1182",0.9545,1,0.9375,0.8,1,1,0.5,0.9444,0.75,0.9375,1,1,1,0.7,0.75,0.625,0.7857,1,0.7857,0.875,0.9286,1,0.8125,1,0.8,0.7917
"locus1183",0.8333,1,1,1,1,1,0.6,1,1,1,1,1,1,0.9375,1,0.9286,0.8333,1,1,0.8889,1,0.7727,1,0.95,1,1
"locus1184",1,0.9375,1,1,0.8889,0.9583,0.9,0.5833,0.75,0.9375,0.9545,0.9,1,1,0.875,1,1,0.75,0.8,1,0.75,1,0.9,0.6875,0.7727,0.75
"locus1185",0.9583,0.9375,1,1,0.9444,1,1,1,1,0.875,1,1,1,0.9375,1,0.9545,0.9444,1,0.9375,1,1,0.8636,1,0.95,1,0.9583
"locus1186",1,0.8571,1,0.9091,0.9444,0.9545,1,1,1,0.625,1,0.9375,1,1,1,0.7143,0.8889,1,1,0.9375,1,1,0.85,0.9,0.9091,1
"locus1187",0.0417,0.125,0.1,0.2857,0,0,0.4,0.1667,0.2273,0.0625,0.0455,0,0.25,0.0625,0.0909,0,0.25,0.1667,0.25,0.3333,0.2143,0.0455,0.1875,0,0.0909,0
"locus1188",1,1,1,1,1,0.9545,1,1,1,1,0.625,1,0.75,1,0.9583,1,1,1,1,1,1,0.9545,1,1,1,0.9583
"locus1189",1,1,0.75,1,1,0.9583,1,1,0.7727,0.9375,1,1,1,0.875,1,0.9091,1,1,1,0.9444,1,1,1,1,1,0.9583
"locus1190",1,0.9375,1,1,1,0.7083,1,1,1,1,1,1,1,1,1,1,0.8889,1,1,0.9444,1,0.9545,1,1,1,0.9583
"locus1191",0.65,0.5,0.6111,0.7857,0.5,0.4444,1,0.4286,0.5,1,0.6875,0.6,0.5625,0.6667,0.5417,1,0.875,0.5,0.7,1,0.625,0.8571,0.8125,0.375,0.55,0.35
"locus1192",1,1,1,1,0.9444,0.875,1,1,1,1,1,0.8571,1,0.9375,0.9583,1,0.9375,0.8333,1,1,1,0.9545,1,0.95,0.7727,1
"locus1193",0.5833,1,0.9,0.9444,1,1,0.5,0.9444,0.8889,0.9167,1,1,1,0.9167,0.9444,0.3889,0.5,1,0.8333,0.6,0.9286,0.9444,0.8571,1,0.7778,1
"locus1194",0.6667,0.9286,1,0.875,1,0.9167,0.375,1,0.7857,1,1,0.8333,1,0.875,0.875,0.55,0.7,1,1,0.875,0.7143,0.5556,1,1,0.8125,0.9167
"locus1195",0.8333,0.8125,1,0.9545,1,0.875,1,1,1,0.625,1,1,1,0.8125,1,1,0.7778,1,1,1,0.8571,0.6875,1,1,1,1
"locus1196",0.4,0.125,0.15,0.3,0.2,0.2273,NA,0.3889,0.2222,0.25,0.2727,0.3333,0.25,0.3125,0.2273,NA,0.6667,0.25,0.1875,0.125,0.25,0,0.6111,0,0.25,0.2727
"locus1197",0,0,0,0,0,0,0,0,0.0455,0,0,0,0,0.0625,0.0833,0,0,0,0,0.1111,0,0,0.05,0.2222,0,0
"locus1198",0.875,0.9286,0.8125,1,0.9375,0.875,1,0.9375,0.7778,0.875,1,0.8,1,0.8571,0.7727,0.9545,0.875,0.6667,0.875,0.875,0.8,0.8333,0.9,0.8,0.8333,0.9583
"locus1199",0.9583,0.9375,1,0.9545,1,0.9091,NA,0.8889,1,0.9375,1,0.9375,1,1,1,0.5,0.9444,1,1,1,1,0.8333,0.95,1,0.9545,0.9583
"locus1200",0.75,0.9375,1,0.9545,1,1,0.9,1,1,1,1,0.8125,1,0.9375,1,1,0.7857,0.8333,0.9375,1,1,1,1,1,1,1
"locus1201",0.375,0.8571,0.8,0.6,0.9444,0.8333,1,0.9444,0.55,0.9375,0.9091,0.7857,1,0.625,0.6667,1,0.8889,0.5,0.6875,0.6111,0.8571,0.3333,0.85,0.4444,0.6818,0.9167
"locus1202",0.1667,0.375,0.35,0.2727,0.1875,0.5417,0.2,0.1667,0.4091,0.5625,0.4545,0.0625,0.6,0.4286,0.2917,0.4444,0.125,0,0.2857,0.2222,0.2143,0.0455,0.2,0.3,0.2273,0.2083
"locus1203",0.8636,1,1,0.9091,1,1,1,1,1,1,1,0.9375,1,0.875,1,1,0.8889,1,1,0.7222,0.9286,1,0.9444,1,1,1
"locus1204",1,1,1,1,1,1,1,0.9444,0.9545,1,1,1,1,1,1,1,1,1,0.9375,0.9444,1,0.75,0.95,0.9,1,1
"locus1205",0.9583,0.875,0.95,0.9091,1,0.875,1,0.9444,0.9545,0.8333,1,0.875,1,1,1,0.8125,0.8125,1,0.9375,0.8125,1,0.9375,0.9,0.95,0.9545,0.9167
"locus1206",0.7917,0.0625,0.5,0.2273,0,0.0833,1,0.1667,0.5909,0.25,0.0909,0.2143,0.05,0.2143,0.3333,0.7,0.7778,0.5,0.25,0.6667,0.25,0.5714,0.6667,0.1667,0.5,0.0833
"locus1207",1,1,0.8,1,1,1,1,1,0.8125,1,1,0.875,1,1,0.7727,1,1,1,0.9375,1,0.8571,0.9545,0.95,0.8,0.9545,0.9583
"locus1208",0,0,0,0,0.3333,0.0833,0,0.2143,0,0,0.0455,0.1667,0,0.0625,0.125,0,0,0.1667,0.125,0,0.375,0.0455,0.05,0.1,0.0909,0.2273
"locus1209",0.5,0.5,0.5,0.8182,0.8125,0.3636,0,0.4286,0.5,0.3,0.9286,0.3,0.8125,0.25,0.4167,0.1875,0.7143,0.3333,0.75,0.5,0.625,0.4286,0.5,0.5,0.6364,0.4091
"locus1210",0.9583,0.9375,1,0.8636,0.8889,0.7917,1,1,1,1,1,1,1,1,1,1,1,1,1,0.9444,1,0.9545,1,1,0.9091,0.7917
"locus1211",0.7,0.5833,0.5,0.4444,0.6111,0.3889,0.8333,0.4375,0.5625,0.4167,0.5556,0.6667,0.5714,0.6429,0.6364,0.6875,0.6429,0.5,0.5833,0.6667,0.75,0.8,0.7222,0.7778,0.625,0.5
"locus1212",0,0,0,0,0.0625,0.125,0,0.1875,0,0,0,0,0.05,0,0,0,0,0,0,0,0,0.0714,0.05,0,0.0455,0.25
"locus1213",0.875,0.8333,0.9,0.9545,0.8333,0.7917,1,0.8571,0.95,0.8571,0.7222,0.9286,0.7778,1,0.7727,1,0.8333,1,0.9375,1,1,0.9545,0.95,0.9,0.9,0.7727
"locus1214",0.9583,0.9375,0.875,0.7,1,1,1,1,1,0.9286,1,0.9375,1,0.75,0.8889,0.9091,0.9444,1,0.8571,1,1,1,0.75,0.7,1,1
"locus1215",0.9583,0.8125,1,1,1,1,1,0.9444,1,0.9375,0.9545,1,0.95,1,0.9167,1,1,1,0.8125,1,1,0.9545,0.95,0.85,1,1
"locus1216",0.625,0.875,0.75,0.6667,1,0.9583,0.75,0.9444,1,1,0.9545,0.8333,1,0.8333,0.8333,0.5,0.8125,0.8333,0.9375,0.9,0.9286,0.6875,0.8,0.8333,0.8333,1
"locus1217",0.9167,0.7857,0.9444,1,0.8333,0.9583,1,0.9444,0.8636,0.875,0.65,1,0.7,0.9375,0.9167,0.9545,0.9375,0.75,0.9375,0.9444,1,0.9545,0.9444,0.9,0.9091,0.9091
"locus1218",0.85,1,0.75,0.9545,1,0.9583,1,0.9444,0.9091,1,1,1,1,0.875,0.8,1,1,1,0.8125,1,0.9286,0.7857,1,0.9,1,1
"locus1219",1,1,1,1,0.7778,1,1,1,1,1,0.9091,1,0.95,1,0.9583,1,1,1,1,1,1,1,0.9,1,1,0.875
"locus1220",0.9583,1,0.95,1,1,1,0.75,1,0.8182,0.9375,1,1,1,0.875,1,0.8889,1,0.8333,1,1,0.9286,1,0.95,1,0.9545,1
"locus1221",0.6818,1,1,0.8,1,1,0.9,1,0.8182,1,1,0.9375,1,0.9375,1,0.9545,0.7143,1,1,0.9444,1,0.9091,0.8333,0.9444,0.9545,1
"locus1222",1,0.75,1,1,1,0.9583,1,1,1,0.8125,1,1,1,1,1,0.8636,1,1,1,1,1,1,1,1,1,1
"locus1223",1,0.9375,1,1,0.9444,0.7727,1,1,1,0.9375,0.95,0.9375,0.75,1,1,1,1,1,1,1,1,1,1,1,1,1
"locus1224",1,0.875,0.95,0.8636,0.9444,0.9583,1,1,1,0.9286,1,0.9375,0.95,1,1,1,1,1,0.875,1,1,1,0.95,1,0.9545,0.9583
"locus1225",0.3182,0.25,0.0833,0.5,0.5,0.35,0,0.2,0.0625,0.3571,0.3889,0.1429,0.5,0.3333,0.1875,0.0909,0.25,0,0.0833,0.125,0.1,0.8571,0.375,0.0833,0.1667,0.1667
"locus1226",1,0.9286,0.95,0.9545,0.9444,0.75,0.875,0.8571,0.9545,1,1,1,0.85,1,0.9583,0.8182,1,1,0.9375,1,1,1,0.9,1,0.7273,0.875
"locus1227",0.0714,0.5,0.4444,0.3889,0,0.5,0,0.0556,0.15,0.0625,0.6,0.3333,0.4,0.4,0.7222,0,0,0,0.8,0.4375,0.25,0.3,0.2143,0.4444,0.1364,0.0556
"locus1228",0.4375,0.2,0.5625,0.45,NA,0.25,0.375,0.1429,0.8333,0.4,0.3333,0.5,0.5,0.6429,0.4583,0.75,0.5,0.5,0.2857,0.5714,0.5,0.3889,0.3333,0.75,0.4286,0.4286
"locus1229",0.875,1,0.9444,0.9,1,0.9583,0.1,0.8333,0.5,0.6429,0.95,0.9375,1,0.8571,0.8,0.0455,0.8889,1,0.8571,0.5,0.9286,1,0.9444,0.6111,0.9545,1
"locus1230",0.9583,1,1,1,0.9444,0.7917,1,0.9444,0.9091,1,0.8571,1,0.8333,1,1,1,1,1,0.9375,0.8333,1,0.9545,1,1,0.9091,0.9583
"locus1231",0.5,0.75,0.9444,0.65,0.8333,0.5,0.1,0.6667,0.8636,0.4167,0.8636,0.8333,0.9167,0.9375,0.7917,0,0.3571,1,0.5714,0.625,0.8,0.75,0.4375,0.85,0.6667,0.6667
"locus1232",0.9583,0.9375,1,1,0.8889,0.9,1,0.9444,1,1,0.75,0.9375,0.8571,1,0.9583,1,0.9444,1,1,1,1,1,1,0.9,1,1
"locus1233",1,0.9375,1,1,0.9375,1,1,1,0.9545,1,1,0.9375,1,0.9375,0.9583,1,1,0.8333,1,1,1,1,1,1,1,0.9583
"locus1234",0.9167,1,1,0.9545,0.8889,1,1,1,1,1,1,0.875,1,1,1,1,1,1,1,1,1,1,0.9,0.95,1,0.9583
"locus1235",1,1,1,0.9545,1,1,0.375,1,0.9545,0.875,1,1,1,0.9375,0.9583,0.85,1,1,1,1,1,1,1,0.85,1,1
"locus1236",0.9167,0.875,0.85,0.9545,0.9444,0.7917,1,0.8889,0.9545,0.9375,0.9545,0.9375,1,0.9375,0.7917,0.9545,0.9444,1,0.9375,1,0.9286,1,1,0.95,0.9545,0.9583
"locus1237",0.6667,0.7857,0.8,0.6364,1,0.9167,0.6,0.875,0.7727,0.7857,0.9,0.9286,1,0.6429,0.7778,0.3636,0.6667,0.5,0.8125,0.875,0.8571,0.9,0.95,0.7,1,0.9091
"locus1238",0,0.0625,0.15,0,0,0,0,0.0556,0.0455,0,0.0455,0.0625,0,0.0625,0.0833,0,0,0,0.125,0,0,0,0,0,0,0.0417
"locus1239",0.55,0.1,0.2,0.45,0,0.1667,0,0.1667,0.2778,0,0.0455,0.3333,0,0.2143,0.5417,0,0.7222,0.8333,0.4167,0.1667,0.1667,0.5,0.3571,0.375,0.3333,0
"locus1240",0.5833,0.5833,0.5833,0.7,0.7143,0.4,1,0.6111,0.4444,0.7143,0.7,0.5,0.5,0.5,0.65,1,0.8889,0.5,0.5,0.6667,0.5833,0.5714,0.7,0.65,0.5,0.5556
"locus1241",0.75,0.7143,0.8889,0.8,0.7857,0.6875,0.5,0.6429,0.7727,0.6429,0.8182,0.9286,1,0.75,0.625,0.5909,0.8333,0.75,0.75,0.8571,0.6429,0.5,0.75,0.875,0.7273,0.7917
"locus1242",1,0.6,1,1,1,0.625,1,1,1,1,0.6111,1,0.3125,1,1,0.9545,1,1,1,1,1,1,1,1,1,0.9583
"locus1243",0.75,0.875,0.85,0.75,1,0.9583,1,1,0.8636,1,0.9444,1,0.95,1,0.9167,0.8636,0.7143,1,0.9286,1,1,0.7727,0.85,1,0.8636,0.95
"locus1244",0.9583,0.9375,0.95,1,1,1,1,1,0.9545,0.8571,1,0.9375,1,1,1,0.9444,0.8333,1,1,0.9444,1,0.9545,0.85,1,0.9091,1
"locus1245",1,0.5,1,1,0.0714,0.4583,1,0.625,0.9091,1,0.5,0.75,0.3571,0.875,1,1,1,1,0.8125,1,1,0.9545,0.95,1,0.875,0.5
"locus1246",0,0,0,0.0455,0,0,0,0,0,0.0625,0,0.1875,0,0,0.0417,0,0.1111,0,0,0.1111,0.0714,0,0.05,0,0,0.0909
"locus1247",1,0.8571,0.95,1,0.6429,0.8889,1,0.6429,1,1,0.5556,1,0.25,1,1,1,1,1,1,1,0.625,1,0.95,1,0.7857,0.3
"locus1248",0.9583,1,1,0.6818,1,1,1,0.9444,1,1,1,1,0.9444,1,0.9583,1,1,1,1,1,1,1,0.95,1,1,0.9
"locus1249",1,1,1,1,0.8571,0.6364,1,0.8125,1,1,1,1,1,1,1,0.9545,1,1,1,1,0.9286,1,1,1,0.9545,0.6818
"locus1250",0.05,0,0.25,0.2778,0,0.2857,0,0,0.15,0.625,0.125,0.25,0,0.25,0.2778,0,0.3333,0.1667,0.4167,0.1111,0.4,0,0.0833,0.1429,0.3125,0.5
"locus1251",0.875,0.875,1,1,1,0.9583,1,0.8889,1,1,1,1,0.8,1,0.9583,1,1,1,1,0.9444,0.9286,1,1,1,1,1
"locus1252",1,1,0.95,1,1,1,1,1,0.9091,0.9375,0.8182,0.9375,1,1,0.9167,1,0.9444,1,1,1,1,1,1,1,1,1
"locus1253",0.0417,0.1875,0,0.0455,0.0833,0.1364,0,0,0,0.0625,0.25,0,0.4444,0,0.0417,0,0.2222,0.3333,0,0.0556,0,0,0.1,0.1667,0.0909,0.3125
"locus1254",0.625,0.75,0.75,0.625,0.8333,0.9583,1,0.875,0.9,1,0.9545,0.8,1,0.8571,0.9,1,0.6667,1,0.9167,0.7143,1,0.5556,0.6667,0.8333,0.8333,1
"locus1255",0.5,0.3571,0.5,0.375,0.5,0.4167,1,0.4,0.65,0.5,0.05,0.5,0,0.3333,0.4444,0.9167,0.8333,0.5,0.5,0.75,0.5,0.7857,0.8571,0.5,0.5,0.5833
"locus1256",1,0.75,1,1,1,0.7917,1,1,1,1,0.75,0.9375,0.95,1,1,1,1,1,1,1,1,1,1,1,1,1
"locus1257",0.1875,0.5625,0,0.3182,0.25,0.5,NA,0.0833,0,0,0.5,0.3,0.2222,0.3333,0.5,0,0.3889,0.3333,0.25,0,0.2,0.1667,0.1667,0.3333,0.5625,0.5714
"locus1258",0.875,1,0.95,0.75,1,1,1,0.9444,0.8636,0.875,1,1,0.9444,0.9375,0.9545,1,0.8889,0.8333,0.875,1,1,0.7857,1,0.8,1,0.9167
"locus1259",1,0.6875,0.95,1,0.9444,0.8889,1,1,1,1,0.6429,1,0.75,0.9375,1,1,1,1,0.9375,0.9444,0.9286,1,1,1,0.9545,0.9167
"locus1260",0.9583,1,1,1,1,0.9583,NA,1,0.9545,1,1,0.9375,1,0.9375,1,0.5,0.75,1,1,0.9444,0.9286,1,0.9,0.95,1,0.9583
"locus1261",0.875,0.6667,0.7222,0.6818,0.6875,0.625,0.7,0.6667,0.8,0.625,0.625,0.5833,0.6875,0.8333,0.6667,0.5,0.5833,0.8333,0.5714,0.625,0.5714,0.5455,0.6667,0.6667,0.6111,0.5909
"locus1262",0.35,0.6429,0.55,0.3333,0.6111,0.75,1,0.625,0.5455,0.5625,0.3333,0.4286,0.1667,0.625,0.5455,NA,0.5625,0.3333,0.5714,0.6875,0.7,0.4375,0.375,0.7857,0.8125,0.8
"locus1263",0.7273,0.7143,0.6667,1,0.6667,0.9545,1,0.6111,0.6818,0.875,0.9545,0.5,1,0.75,0.7,0.75,0.9444,1,0.8333,0.875,0.5,0.9,0.9,0.5556,0.9091,0.8182
"locus1264",0,0,0.15,0,0,0,0,0.0556,0.0909,0,0.0455,0,0,0.0625,0.1818,0,0,0,0.1667,0,0,0.0455,0,0,0,0
"locus1265",0.8333,1,1,1,1,1,1,1,1,0.9375,0.7273,1,1,1,1,1,1,1,1,1,1,0.5625,1,1,1,1
"locus1266",0.75,0.625,0.5,0.6818,0.5,0.7,0.7,0.5556,0.7727,0.5,0.75,0.5,0.75,0.5,0.5833,0.95,0.4375,0.6667,0.4375,0.4444,0.5,0.5455,0.6667,0.6111,0.5909,0.5417
"locus1267",1,1,1,1,1,1,0.375,1,1,0.75,1,1,1,1,1,0.4444,1,1,1,1,1,1,1,1,1,1
"locus1268",1,0.9375,0.95,1,1,1,NA,0.9444,0.8636,1,1,1,1,0.8571,0.85,1,0.9444,1,0.9375,1,1,1,0.95,0.9444,1,1
"locus1269",1,0.9167,1,1,0.9375,0.7727,1,1,1,1,0.4375,1,0.6,1,0.9583,1,1,1,1,1,1,1,1,1,0.9545,1
"locus1270",0.7917,0.875,0.7778,0.9545,0.8889,0.5909,1,1,0.9545,0.875,1,0.875,0.85,0.9375,0.95,1,1,1,0.7143,0.8333,0.9286,0.8182,0.9,0.85,0.95,1
"locus1271",0.25,0.5714,0.5,0.5,0.5556,0.6,0.2,0.5556,0.5,0.3125,0.6,0.4,0.6667,0.3571,0.5,0.2273,0.2778,0,0.375,0.4444,0.5,0.1818,0.55,0.4,0.45,0.4167
"locus1272",1,0.3333,0.625,0.8,0.3571,0.35,1,0.75,0.75,0.75,0.1429,0.9167,0.1667,0.6667,0.6667,0.9091,1,1,0.6,0.9286,0.6667,1,0.8333,0.6667,0.8333,0.6
"locus1273",1,0.875,0.95,1,0.8333,0.875,1,0.9444,1,0.9375,1,1,0.9,0.875,0.9091,0.9091,0.8889,0.8333,0.9375,1,0.9286,0.8571,0.65,0.95,0.9545,1
"locus1274",1,0.9,1,1,0.4375,0.3182,1,0.625,1,1,0.5556,1,0.5,1,1,1,1,1,0.9375,1,1,1,0.95,0.85,0.7727,0.2727
"locus1275",1,0.875,1,1,1,1,1,1,1,1,1,1,1,0.6875,1,1,0.6667,1,0.875,0.9444,1,1,1,1,0.9545,0.9583
"locus1276",1,1,0.95,0.9545,0.9444,0.9167,1,0.9444,1,1,0.7,0.875,0.8889,1,1,1,1,1,0.9375,0.9444,0.9286,1,1,1,0.9091,1
"locus1277",0.65,1,0.5,1,1,1,0.75,1,0.4167,0.8571,0.9545,0.6875,1,0.6667,1,0.8125,1,0.8333,0.875,0.8571,1,0.7778,0.9375,0.8889,0.85,0.9545
"locus1278",0.5,1,1,1,1,1,1,1,1,0.9375,1,0.875,1,1,0.9583,1,1,1,1,1,1,1,1,1,0.75,1
"locus1279",0.7917,0.625,0.85,1,0.875,0.875,1,0.7778,0.8182,0.9375,0.6364,0.9375,0.8333,0.9375,0.8333,1,1,0.8333,0.875,1,0.7143,1,0.75,1,0.9545,0.7917
"locus1280",0.9583,0.8125,0.9,1,1,0.875,1,1,0.9545,0.8125,1,1,1,1,1,0.95,0.9444,1,1,1,1,1,1,0.95,1,0.9583
"locus1281",1,1,0.95,0.9545,0.8333,0.9583,1,0.9444,0.9545,0.9375,0.9545,1,1,1,0.8333,1,0.9444,1,1,1,1,0.9545,0.8333,0.9,1,0.9583
"locus1282",0.5,0.5625,0.6429,0.55,0.7143,0.5909,0.4,0.7143,0.5455,0.5714,0.5,0.625,0.6111,0.5,0.5455,0.55,0.5,0.5,0.8125,0.4444,0.5714,0.5,0.5,0.5556,0.5556,0.8333
"locus1283",0.2,0.25,0.2778,0.125,0.3333,0.2083,0,0.4,0.3333,0.125,0.2222,0.1875,0.25,0.2143,0.3182,0.0909,0.1111,0.25,0.4,0.25,0.25,0.4444,0.0714,0.45,0.1667,0.2778
"locus1284",0.9583,0.875,1,1,1,1,1,1,1,0.875,1,1,1,0.9375,1,1,0.875,0.8333,0.875,0.9444,1,1,0.95,0.95,1,1
"locus1285",1,0.8571,0.95,0.8636,0.9444,1,1,0.9444,0.9545,0.8125,0.7273,0.9375,1,0.9375,0.9583,1,0.8889,0.6667,1,1,1,1,0.95,0.95,1,0.9167
"locus1286",0.9583,1,1,0.9545,1,0.9167,1,1,1,1,0.9545,1,0.9,1,1,1,0.8889,1,0.9375,1,1,1,0.9,1,1,1
"locus1287",0.4583,0,0.05,0.15,0.2222,0.0417,0.3333,0.1111,0,0.1875,0.05,0.2857,0,0.0625,0.0417,0.2727,0.125,0.3333,0.125,0,0,0.3636,0.0556,0,0.35,0
"locus1288",0.125,0,0,0.1364,0,0,0,0,0.1364,0,0,0,0,0,0.0455,0,0.0556,0.1667,0.25,0.0625,0,0,0.05,0.15,0,0
"locus1289",0.125,0.5,0.3889,0.6875,0.75,0.8,0,0.6875,0.3636,0.6429,0.6111,0.375,0.5833,0.25,0.5,0.9091,0.1667,0.25,0.5,0.5,0.7857,0.0455,0.1,0.3333,0.3636,0.4
"locus1290",0.5455,0.4286,0.3889,0.75,0.25,0.1,NA,0.375,0.3636,0.6429,0.4,0.3125,0.35,0.5,0.3333,0.5714,0.9375,0.5,0.4286,0.5556,0.25,0.1111,0.5625,0.5625,0.3,0.15
"locus1291",0.1667,0.5,0.1667,0.4,0.4444,0.3333,0,0.3333,0.1364,0.25,0.0909,0.25,0.2,0.0625,0.25,0.0909,0.125,0.5,0.25,0.2857,0.2143,0,0.25,0.25,0.4091,0.2273
"locus1292",0.7917,1,0.95,0.8182,0.8889,1,1,0.9444,0.9545,0.9375,1,0.875,0.9,1,0.9583,0.9545,1,1,0.9375,1,1,1,1,0.95,0.9545,0.9167
"locus1293",0.9545,0.9375,0.95,1,0.9444,1,1,1,0.9091,1,1,1,0.9,0.9375,0.9583,1,0.9444,1,0.9375,0.9444,1,0.9,1,1,1,0.9583
"locus1294",0.3636,0.5833,0.375,0.5,1,0.6,NA,0.6875,0.15,0.75,0.85,0.5714,0.5,0.375,0.2273,1,0.6667,0,0.3571,0.2778,0.5,0.0625,0.4375,0.3889,0.5556,0.6429
"locus1295",0.8333,0.9286,0.95,1,0.7778,0.9167,1,0.8125,0.9545,1,1,0.8125,0.95,1,1,1,0.9444,1,0.875,0.8889,0.9167,0.7727,0.9286,0.9,0.9091,0.6667
"locus1296",0.9583,1,1,0.9091,1,0.7083,1,1,1,1,0.9545,0.875,1,0.9375,1,1,0.9444,0.8333,0.9375,1,1,0.95,0.95,0.85,1,1
"locus1297",0.4545,0.5833,0.5833,0.6111,1,0.9,0,0.8571,0.6667,0.3333,0.7273,1,0.8,0.8571,0.65,0.0625,0.4375,0.25,0.75,0.5833,0.75,0.8571,0.75,0.5625,0.75,0.75
"locus1298",0.9167,1,1,1,1,1,1,1,0.7727,1,1,1,1,1,0.9167,1,0.8333,1,0.875,0.875,1,0.9091,1,1,1,1
"locus1299",1,0.9375,0.95,0.9545,1,1,1,1,1,1,0.9545,0.9286,1,0.9375,0.9583,1,1,0.8333,1,0.9444,1,0.9545,0.95,0.9,1,1
"locus1300",0.9583,0.9286,0.8333,0.9545,1,1,1,1,0.95,1,0.9091,1,0.95,0.8125,0.875,1,1,1,1,0.8333,1,0.8636,0.95,0.9,0.9545,0.9583
"locus1301",0.1667,0.4167,0.25,0.1875,0.375,0.3125,0,0.7,0.2273,0.5,0,0,0.1,0.2,0.2222,0,0.25,0.3333,0.3571,0.2143,0.5,0,0.1111,0.35,0.1875,0.6
"locus1302",0,0,0.1,0,0,0.2,0,0.0556,0,0,0.1875,0.0625,0.4,0.3125,0.0833,0.0455,0,0.1667,0.0625,0,0.3333,0.0455,0.1,0.05,0.0455,0.0833
"locus1303",0.9583,0.8125,0.95,0.95,1,1,1,0.8889,1,1,1,1,1,0.9375,0.8636,1,0.9444,0.8333,0.9375,1,0.9286,0.9545,1,1,0.9545,1
"locus1304",0.95,0.9375,1,1,1,1,0.5,0.9375,0.8636,0.9,1,0.8571,1,1,1,0.6,0.9444,1,1,1,1,0.25,0.9375,1,1,0.9583
"locus1305",0.0833,0.375,0.4286,0.1111,0.125,0.3,0.4,0.2857,0.5,0.125,0.1364,0.1,0.2,0.2857,0.2727,0.5,0.375,0.3333,0.5714,0.5,0.4,0.1,0.1,0.375,0.5,0.0833
"locus1306",0.9375,1,1,0.9545,1,0.9091,1,0.9444,0.9545,1,0.9545,0.9375,0.9,0.9286,0.9583,0.9545,1,1,1,0.9444,0.9286,0.9,0.9,0.95,0.9545,1
"locus1307",1,0.875,0.95,0.95,1,0.7083,1,1,1,0.9375,1,0.9375,1,0.875,0.875,1,1,1,1,1,0.8333,0.5455,0.7,0.65,0.9545,1
"locus1308",0.3636,0.1875,0.3889,0.3333,0.1111,0.3333,0.125,0.0625,0.4091,0.2143,0.3125,0.3125,0.3125,0.25,0.3333,0.0714,0.5,0.5,0.25,0.3125,0.1429,0.05,0.6667,0.4444,0.4,0.125
"locus1309",0,0,0.1,0,0.2222,0.0833,0,0.0556,0,0,0,0.0625,0.1,0,0.0417,0,0.1111,0,0.0625,0.1667,0,0.0909,0.05,0.05,0,0.0417
"locus1310",0.65,0.875,0.85,0.8182,0.9444,0.7917,0.375,0.8889,0.5909,0.8333,0.9091,0.9,1,0.6875,0.6667,0.7273,0.8333,0.5,0.625,0.625,0.9167,0.8125,0.9167,0.8125,0.75,0.9167
"locus1311",0.25,0,0.5,0.0556,0.0714,0.3636,0,0,0.6,0.5,0.1818,0.3333,0.0714,0.5,0.25,0,0.2,0.3333,0.625,0.25,0.125,0.45,0.2143,0.375,0.3333,0.2143
"locus1312",0.8333,0.9286,0.8889,0.6,0.9,0.9167,1,1,0.9091,1,0.9545,0.875,1,0.9167,0.6875,1,0.8571,0.5,0.8571,0.8889,0.8333,0.8636,0.8333,1,0.8333,0.3
"locus1313",0.9583,1,1,1,1,0.9444,1,0.4167,1,1,1,1,0.95,1,0.9545,1,1,1,1,1,0.6,1,0.95,0.9,0.9444,0.5
"locus1314",0.1364,0.125,0.4,0.3636,0.2778,0.2917,0,0.1875,0.2273,0.125,0.3182,0.4375,0.3,0.4375,0.3333,0.0455,0.0556,0.3333,0.1875,0.1667,0.2857,0.3333,0.125,0.2778,0.1364,0.0833
"locus1315",0.375,0.3571,0.4444,0.4,0.3333,0.45,0.875,0.5,0.3889,0.6667,0.5556,0.3333,0.2778,0.4375,0.4583,0.7,0.5625,0.25,0.5,0.5,0.125,0.8,0.3333,0.4375,0.3182,0.5455
"locus1316",0.875,1,1,0.8571,1,1,1,1,1,0.9375,1,0.9375,1,0.9375,1,0.9545,0.75,1,1,0.8889,1,0.7143,0.6875,1,0.75,1
"locus1317",0.05,1,0.8571,0.25,0.9444,1,1,0.7,0.9,1,0.8,0.6,0.9,0.75,0.9,0.5,0.25,0.5,0.875,0.5,0.75,0.05,0.125,0.9375,0.5,0.9545
"locus1318",0.7083,0.1667,0.125,0.4444,NA,0,0,0.1667,0.3636,0.75,0.5,0.3333,0,0.6429,0.3182,0.0455,1,0,0.3333,0.5,0.6667,0.0625,0.4286,0.7778,0.5625,0.15
"locus1319",0.2083,0.1875,0.4444,0.2273,0.25,0.2083,0.3,0.3571,0.2727,0.1875,0.1,0.3125,0,0.0714,0.4583,0.2273,0.0556,0.3333,0.3125,0.3333,0.3333,0.0455,0.15,0.3,0.1818,0.5
"locus1320",0,0.0625,0,0,0,0,0,0,0,0,0.3182,0,0.35,0,0,0,0,0,0,0,0,0,0,0,0,0
"locus1321",0.9583,1,1,1,1,0.875,0,0.9444,1,1,1,0.9375,1,1,0.875,0.0833,1,1,1,0.625,1,1,1,1,1,0.9583
"locus1322",0.8,0.8125,1,1,0.9444,0.9583,0.875,0.7778,0.9545,0.9375,1,1,1,1,1,1,1,1,1,1,1,0.9091,1,1,1,0.9583
"locus1323",1,0.9375,1,1,0.8333,0.7,1,0.75,1,1,1,1,1,1,1,1,1,1,1,1,1,0.9545,0.95,1,0.8182,0.75
"locus1324",0.9583,0.8333,0.7222,0.9545,0.9286,1,1,0.9375,0.7222,1,0.9091,0.9375,1,0.6,0.6364,1,1,1,0.6667,0.9167,0.75,1,0.9,0.6429,0.8636,1
"locus1325",0.4545,1,0.6,0.3571,0.8889,1,NA,0.75,0.65,1,0.9,0.4286,1,0.4286,0.5,NA,0.4444,0.1667,0.5714,0.625,0.6429,0.4545,0.4286,0.6,0.625,0.9375
"locus1326",1,0.9375,1,1,0.875,0.8333,1,1,1,1,0.9286,1,1,1,0.9583,1,1,1,1,1,1,1,1,0.95,1,0.9583
"locus1327",1,0.9375,1,0.9545,0.9444,1,1,0.9444,1,1,1,1,1,1,0.9167,1,0.7778,1,0.9375,1,1,0.6667,0.9,0.95,1,1
"locus1328",0.0833,0,0,0,0,0.0417,0,0,0,0,0,0,0,0.0625,0,0,0,0,0,0,0,0.0455,0.15,0.2,0.0909,0.0417
"locus1329",0.0833,0.1875,0,0,0.125,0.25,0,0.0556,0,0,0.125,0,0.125,0,0.125,0,0.1667,0,0,0.2222,0,0,0,0.05,0,0.125
"locus1330",0.75,0.9286,0.5625,0.9375,1,0.9091,1,0.75,0.8571,1,0.6875,0.625,0.5,0.8333,0.4545,0.9545,1,NA,0.375,0.9286,0.5,0.3182,0.9167,0.7,1,0.9545
"locus1331",1,0.9375,1,1,1,0.9583,1,1,1,1,0.7273,1,0.6667,1,1,1,1,1,1,1,1,1,1,0.95,1,0.9583
"locus1332",0.5,0,0.2222,0.5,0,0.25,0,0.5,0.4,0.2,0.1,0.3333,0.3333,0.4,0.5,0.05,0.5714,0.5,0.25,0.375,0.5,0.8,0.6667,0.4,0.2778,0.375
"locus1333",0.9583,1,0.875,1,0.9444,1,1,1,0.95,1,1,0.75,1,0.75,0.7917,0.9545,1,1,0.75,0.9444,0.7857,1,0.95,0.75,0.7273,0.9583
"locus1334",1,0.5714,0.9167,0.8636,0.9286,0.5556,1,0.8889,0.8182,1,0.8636,0.8,0.6429,0.7857,0.8571,1,1,1,0.8333,0.8889,0.8333,1,1,0.95,0.9545,0.9545
"locus1335",0.9583,0.9375,0.8125,0.9091,1,0.9167,1,0.875,0.8636,0.9375,1,0.9375,1,0.8125,0.9444,1,0.9444,1,0.875,1,0.9167,1,0.95,0.9375,1,0.875
"locus1336",0.9167,0.9286,1,0.9545,0.9444,0.9583,0.8333,1,1,0.9375,1,1,1,1,0.9583,0.75,0.9444,1,0.9375,1,1,1,1,1,1,1
"locus1337",0.9583,0.8125,0.9,0.9545,0.8889,0.7917,1,0.9444,1,1,0.8333,0.9375,0.9375,1,1,0.9091,0.9444,0.8333,1,1,0.9286,1,0.95,1,1,0.9167
"locus1338",0,0,0,0,0.375,0.0833,0,0,0,0,0.0909,0,0.05,0,0,0,0,0.1667,0.0625,0,0,0,0,0,0,0.0909
"locus1339",0.9583,0.9375,0.95,1,1,1,1,0.7778,1,0.875,1,1,1,1,0.9583,0.9091,1,1,1,0.8889,0.9286,0.9545,1,1,0.9545,0.9583
"locus1340",0,0,0.05,0.1818,0,0.0417,0,0.1111,0,0,0,0,0.05,0.0625,0,0,0.0556,0,0.125,0,0.1429,0,0,0.05,0,0
"locus1341",1,1,0.9,1,1,1,1,1,0.95,1,1,1,1,1,0.875,1,1,1,0.9375,0.9444,0.9286,1,1,0.95,1,1
"locus1342",1,0.875,0.9,1,1,0.9583,1,1,0.9545,1,1,0.875,1,1,0.9167,1,1,1,1,0.8889,0.9286,0.9,1,0.75,0.9545,1
"locus1343",0.6364,0.625,0.7,0.8182,0.8333,0.75,0.5,0.8889,0.5455,0.9286,0.8636,0.7857,0.7222,0.8125,0.7083,0.6364,0.6111,0.8333,0.5625,0.6111,0.8571,0.6818,0.7778,0.85,0.3889,0.875
"locus1344",1,0.9375,0.6667,1,0.9375,0.8333,0.5,0.7857,0.9091,0.875,0.9091,1,1,0.7857,0.6818,0.5714,0.8889,0.75,0.5625,0.6875,0.7857,0.9545,0.95,0.8,0.9444,0.75
"locus1345",0.0909,0.0625,0,0,0.1667,0,0,0.0625,0,0.125,0,0,0.1,0,0.0417,0,0,0,0,0,0,0,0.05,0.05,0,0
"locus1346",0.0625,0.2857,0.4375,0.25,NA,0.4,0,0.25,0.45,0.1667,0.3333,0.3333,0.5625,0.5,0.1667,0.25,0.1875,0.3333,0.2857,0.1875,0.3333,0.2857,0,0.3333,0.0714,0.1
"locus1347",0.9583,0.9375,0.95,0.9091,0.8333,0.95,1,0.9444,0.9545,1,0.7222,0.9286,1,0.9375,0.9583,0.9545,1,1,0.875,0.8889,0.8571,1,0.95,0.95,1,0.9167
"locus1348",1,1,0.55,0.9091,1,1,0.375,0.9444,0.9,0.9286,0.8182,1,1,0.9,0.7727,0.3182,1,1,0.6429,0.9375,0.9286,1,1,0.9,1,1
"locus1349",0.3333,0.5833,0.6667,0.15,0.625,0.5,0,0.5,0.5,0.0625,0.75,0.4375,0.7222,0.7143,0.75,0,0.3571,0.3333,0.6,0.2778,0.5,0.2727,0.3571,0.1429,0.45,0.3636
"locus1350",1,0.9375,1,0.9545,1,0.875,1,1,0.9545,1,0.8636,1,0.95,0.9375,1,1,1,0.8333,0.9375,0.8125,1,1,1,1,1,0.7917
"locus1351",0.9167,1,0.95,0.8636,0.9444,1,1,0.8889,0.8182,0.9375,0.9545,0.8125,1,0.75,0.75,1,1,0.8333,0.6429,1,0.8571,0.6111,0.85,0.9,0.95,0.875
"locus1352",0.9286,0.7143,0.8125,0.75,0.8571,0.8571,0.75,1,0.8125,0.6667,0.5,0.9,0.75,0.9167,0.8333,0.9286,0.8571,0.5,0.8571,0.8571,0.875,1,0.875,0.9375,0.9286,0.65
"locus1353",1,0.8125,1,0.9545,0.6667,0.9286,1,1,1,1,0.4,0.9375,0.3125,0.8125,1,1,1,1,1,1,0.7857,1,0.95,1,1,0.9286
"locus1354",0.9583,0.5,0.7143,0.6667,1,0.3889,1,0.8,0.8889,1,0.7778,0.8,0.7143,0.9167,0.6429,1,0.9444,1,0.9167,1,NA,0.9545,0.8333,0.7778,0.7273,0.8
"locus1355",0.6818,1,1,0.55,1,1,1,0.9444,0.9545,1,0.9545,0.6429,1,0.9375,1,1,0.625,1,1,1,1,0.8333,0.45,1,0.4545,1
"locus1356",0.6818,0.875,0.8125,0.8636,1,1,0.1,0.7778,0.5556,0.5,0.9545,0.8,1,0.7857,0.7917,0.7,0.8571,0.5,0.8571,0.3333,0.9286,0.8,0.9444,0.7222,0.75,0.9583
"locus1357",1,1,1,1,1,1,0.75,1,0.9545,0.9375,1,1,1,1,1,0.7222,1,1,1,1,1,0.8636,1,1,1,1
"locus1358",0.9583,1,0.6875,0.9091,0.9444,1,1,0.8889,0.8333,1,0.9545,1,1,1,0.7273,0.9545,0.9444,0.6667,1,0.8333,0.625,1,1,0.7857,1,0.9583
"locus1359",0.2083,0.625,0.1875,0.5,0,0.25,0.75,0,0.2222,0.25,0.5,0.0833,0.1667,0,0.125,0.4167,0.0625,0,0.1875,0.25,0,0.0909,0.1667,0.45,0.1,0.2222
"locus1360",1,1,1,1,1,0.9167,1,0.7222,0.9545,1,0.9091,1,1,0.9375,0.9583,1,1,0.8333,1,1,1,1,0.95,1,0.9545,0.8333
"locus1361",0.9583,1,1,0.7,1,1,1,1,1,1,1,1,1,1,1,1,1,1,0.9375,0.8889,1,1,1,0.95,0.7727,1
"locus1362",0.9167,1,0.8125,0.9091,1,1,1,0.6667,1,0.9375,1,1,1,1,0.5909,1,1,0.8333,0.8,1,0.4,1,1,1,0.9091,1
"locus1363",0.7727,1,0.9,1,1,1,1,1,0.9545,1,1,1,1,0.875,0.9167,1,0.8571,1,0.875,1,0.9286,0.9545,0.9,1,0.9545,0.9167
"locus1364",0.9091,0.9375,0.6,1,1,1,1,1,0.9375,1,1,1,1,1,0.625,1,1,1,0.8571,0.7222,1,1,1,0.85,1,1
"locus1365",1,1,0.95,0.9444,1,0.9167,0.8,0.875,0.9545,0.875,0.95,0.9286,0.95,0.875,1,0.95,0.8333,1,0.9375,0.75,0.6667,0.7222,0.9375,1,0.9545,0.8333
"locus1366",0.6364,1,1,0.65,1,0.9167,1,1,0.9545,0.6429,1,0.75,1,1,0.875,1,0.4375,0.75,0.875,0.8889,0.7857,0.9545,0.3333,0.8,0.85,0.9167
"locus1367",0.9583,0.75,0.8889,1,0.7857,0.8333,0.2,0.9444,0.9167,0.75,0.75,0.7857,0.9167,0.8,0.8,0.75,0.9444,1,0.875,0.75,0.75,1,1,1,0.75,0.8
"locus1368",1,1,1,1,1,1,1,0.9444,0.9091,1,1,1,1,0.875,1,1,0.8889,0.8333,0.9375,0.6875,1,1,0.9444,1,0.9545,1
"locus1369",0.9167,0.9375,1,0.9091,1,0.9167,1,1,1,0.8125,1,0.9375,0.8571,1,1,1,1,1,1,0.9444,1,1,1,1,1,1
"locus1370",1,1,1,0.9545,1,1,1,0.9444,1,0.9375,1,0.8125,1,1,1,1,1,0.8333,0.9375,1,1,0.9091,0.95,1,1,1
"locus1371",0,0.2857,0.2143,0.0455,0.4444,0.45,0,0.25,0.1364,0,0.7,0.1,0.6667,0.1,0,0,0,0,0.0833,0,0.4,0.0455,0.15,0.0556,0.1667,0.5
"locus1372",0.125,0,0.1111,0.0714,0,0.0625,0,0.1,0.1364,0,0.2,0.1667,0.2,0.125,0.0833,0,0.0556,0,0,0,0,0,0.3889,0,0.05,0.15
"locus1373",0.6667,0.2143,0.2143,0.5714,0.5,0.5,0,0.5,0.3889,0,0.5833,0.4,0.3571,0.375,0.25,0,0.375,0.3333,0.3,0.2857,0.5,0.2857,0.6667,0.0714,0.6429,0.5556
"locus1374",1,0.9375,0.9,1,1,1,1,1,1,0.9375,1,1,0.95,1,1,1,0.7778,0.8333,1,1,1,1,0.9375,0.95,0.9545,1
"locus1375",1,1,0.5,1,0.75,1,1,1,0.7778,1,1,1,1,0.9167,1,1,1,1,0.8333,0.7778,1,1,0.95,0.9286,1,1
"locus1376",1,1,1,1,1,0.9167,1,1,1,1,0.7,1,0.6,1,1,1,1,1,1,1,1,1,1,1,1,1
"locus1377",0.9583,1,0.9,1,1,1,1,0.9444,0.8636,1,1,1,1,0.9286,0.7917,0.9091,0.9444,0.8333,0.875,1,1,1,1,0.95,0.9545,1
"locus1378",0,0.0714,0,0,0,0.0417,0,0,0,0,0.3571,0,0.4167,0,0,0,0,0,0.0625,0,0,0,0.1,0,0.0455,0
"locus1379",0.55,0.4375,0.4444,0.4286,0.4375,0.3889,0.9,0.5556,0.55,0.5,0,0.375,0.2,0.5833,0.6818,0.7778,0.5,0.3333,0.5714,0.3571,0.25,0.2222,0.3889,0.5,0.6,0.5
"locus1380",0.9583,1,1,1,1,1,1,0.9444,1,1,0.9091,1,1,1,1,1,0.8889,1,0.9375,1,1,1,1,1,0.8182,0.9167
"locus1381",0.875,1,0.95,0.9545,1,1,0.8,0.9444,0.9545,0.875,1,0.9375,1,0.9375,1,0.9545,0.75,0.6667,1,1,1,0.8182,0.9444,0.95,0.9091,1
"locus1382",0.9583,1,1,1,0.2857,0.9375,1,0.875,1,1,0.7273,0.7857,1,1,1,1,1,1,0.9375,0.9286,0.8,1,0.95,0.85,0.7,0.2917
"locus1383",0.8889,0.625,0.5625,0.5,0.9167,0.75,1,0.7857,0.6429,0.9,1,0.75,0.95,0.6429,0.6667,0.9545,0.9167,1,0.625,0.75,0.4286,0.8333,0.875,0.6429,0.9286,0.75
"locus1384",1,1,1,0.7273,1,1,1,1,1,1,1,0.9375,1,1,1,1,1,0.8333,1,1,1,0.85,0.85,1,1,1
"locus1385",0.625,0.9375,0.95,0.7727,1,1,0.8,1,0.8636,1,1,0.875,1,0.875,0.9167,1,0.5556,0.8333,1,0.8889,1,1,0.85,0.75,0.9091,1
"locus1386",0.9167,1,1,1,0.9444,1,0.9,1,1,0.9375,0.95,1,1,1,1,1,1,1,1,1,1,0.9545,0.95,1,0.85,1
"locus1387",1,1,0.9,1,0.9444,1,NA,1,0.8182,1,1,1,1,1,0.9583,0.8333,1,1,1,0.8333,0.9286,1,1,1,1,0.9167
"locus1388",0.55,0,0,0.5,0,0.1111,0,0.4167,0.4375,0.375,0.0714,0.5,0.1667,0.5,0.5,0,0.8333,0.5,0.5833,0.2857,0.4,0.7143,0.2857,0.4167,0.5625,0.25
"locus1389",0.9545,0.9375,1,0.9,1,0.9167,1,0.9444,1,0.9375,0.9,0.9375,0.9,1,0.9583,1,0.875,0.6667,0.9375,1,1,0.4444,0.9,0.9,1,1
"locus1390",0,0,0,0,0,0,0,0,0.0455,0,0,0,0,0.125,0.0833,0.0455,0.0556,0,0.1429,0.1875,0,0.0455,0,0,0.0909,0
"locus1391",1,0.875,0.85,1,1,1,1,1,1,1,1,0.9375,1,0.9375,0.9167,1,1,1,0.8125,1,1,1,1,1,1,1
"locus1392",0,0.1875,0.05,0,0.2778,0.2778,0.6667,0.1667,0.0455,0,0.0625,0,0.3,0,0.0909,0.2222,0,0,0.125,0,0.0714,0,0.1,0,0.0909,0.0909
"locus1393",0.7222,0.625,0.0833,0.8889,0.4444,0.2727,0.5,0.5,0.375,0.5,0.05,0.5833,0.0714,0.25,0.2273,0.5,0.7857,0.6667,0.125,0.2857,0.2,0.9375,0.75,0.625,0.5714,0.55
"locus1394",1,0.5833,0.8333,1,0.5833,0.3889,1,0.6875,0.85,0.75,0.45,0.9375,0.1667,0.875,0.625,1,0.8889,1,0.625,1,0.8333,1,0.9,0.8125,0.6667,0.8333
"locus1395",0.75,0.4,0.8333,0.75,0.25,0.125,0.25,0.7857,0.9375,0.875,0.0909,0.5,0,0.75,0.5833,0.5714,0.8333,0.8333,0.7,1,0.5,1,0.1667,0.8571,0.625,0.7143
"locus1396",0.875,1,0.9375,1,1,1,1,0.9444,0.9545,1,0.9545,1,1,0.9286,0.95,1,1,1,0.875,1,0.9286,1,0.95,0.95,1,1
"locus1397",0.9545,0.9375,0.9444,1,0.875,0.9167,1,1,1,0.9375,1,0.9375,1,1,1,1,0.9444,1,1,1,0.9286,1,0.9444,1,1,0.9583
"locus1398",0.8636,0.6667,0.9,0.9,0.5,0.75,1,0.7,0.9091,1,0.5,0.7857,0.4,0.875,0.7727,0.5,1,0.8333,0.8571,0.8571,0.6667,0.9091,0.9375,0.9,0.8889,0.6
"locus1399",1,0.875,1,1,1,0.9167,1,0.9444,1,1,0.6,1,0.3571,1,1,1,1,1,1,1,1,1,1,1,1,1
"locus1400",0,0.2143,0.25,0.05,0,0.0833,0.5,0.1111,0.15,0.25,0.1818,0.0833,0.1,0.25,0.3333,0.4091,0.1111,0.25,0.1667,0.1667,0.0833,0,0,0.2,0.0909,0.0833
"locus1401",0.4167,0.0714,0,0.0556,0,0.0417,0,0,0.05,0.1875,0.1,0.1429,0,0.375,0.1667,0.0455,0.25,0.5,0.0714,0.0625,0.1429,0.45,0.25,0,0.1,0
"locus1402",0.625,0.5714,0.625,0.6111,0.75,0.45,0,0.5556,0.5455,0.75,0.625,0.75,0.6667,0.5,0.5,0.0455,0.2778,0.5,0.5625,0.3889,0.6667,0.3333,0.6429,0.75,0.5455,0.5455
"locus1403",1,1,1,1,1,1,1,1,1,1,0.9444,1,0.6667,0.875,1,1,1,0.8333,0.9375,1,1,1,0.9444,0.95,1,1
"locus1404",0.0625,0.0625,0,0.15,0,0,0,0,0,0,0,0,0,0,0.0417,0,0.375,0.1667,0,0,0,0.1875,0.15,0,0.15,0
"locus1405",0.5,0.1875,0.2222,0.7222,0.2222,0.0833,0.3,0.3889,0.3889,0.3333,0.0455,0.5625,0.1,0.5,0.4583,0,0.5,0.8333,0.6429,0.3333,0.4167,0.6818,0.6429,0.5,0.35,0.1818
"locus1406",0,0,0.3,0,0,0,0,0,0,0,0,0,0,0.0714,0.0909,0,0,0,0.25,0,0,0,0,0.05,0.0455,0
"locus1407",1,0.9375,0.9375,1,0.9444,1,0.9,1,0.9545,1,1,1,0.95,1,0.875,0.8182,1,1,0.875,1,1,1,1,0.9,1,0.9545
"locus1408",1,0.875,0.9,0.8,0.75,0.7727,1,0.9375,0.9545,0.9375,0.9545,1,0.75,0.875,0.9583,1,1,1,1,1,0.9286,1,1,0.875,1,0.9
"locus1409",0.9583,1,0.95,0.9545,1,0.9583,1,1,1,1,1,1,0.9,0.8571,1,1,1,1,1,0.8889,1,1,1,1,1,1
"locus1410",0.0455,0.3125,0.25,0.0909,0.3333,0.45,0,0.1667,0.05,0.0625,0.375,0.0625,0.25,0.2857,0.2083,0,0,0,0.3125,0,0.1429,0,0.0556,0.1667,0.3182,0.3636
"locus1411",1,0.9375,0.95,0.9545,0.9444,0.9167,1,0.9444,0.9545,1,0.9545,0.8125,0.95,1,0.9583,1,1,1,0.9375,0.9444,1,1,1,0.95,1,0.9167
"locus1412",0,0.125,0.05,0,0,0.0417,0,0,0,0,0.1111,0,0.3125,0,0,0,0,0,0,0,0,0,0.25,0,0.0909,0
"locus1413",0.95,0.9375,1,1,0.9444,1,1,1,1,0.9286,1,0.875,1,0.9375,1,0.9545,0.8889,1,1,0.9444,1,0.9091,1,1,1,1
"locus1414",1,1,0.9,1,0.6429,0.5,1,0.9444,0.9545,1,0.6111,1,0.5,1,1,1,1,1,0.9375,1,1,1,1,1,0.7727,1
"locus1415",0.1667,0.125,0.4286,0,0.6429,0.35,0,0.3889,0.25,0,0.05,0.3,0,0.3125,0.1875,0.0455,0,0,0.2,0.1875,0.6429,0.0455,0.1,0.1667,0.2,0.6818
"locus1416",0.45,0.25,0.0625,0.1,0.0625,0.2,0.125,0.0556,0.4444,0.0714,0.1364,0.1875,0.05,0.2143,0.0833,0.0455,0.5,0.1667,0.0714,0.3333,0,0.1111,0.3571,0,0.3636,0.125
"locus1417",0.9583,0.6875,1,1,1,0.9583,1,1,1,1,0.85,0.875,0.95,1,1,1,0.875,0.8333,1,1,0.9286,1,0.95,1,0.9091,0.9583
"locus1418",0.6111,0.6,0.9375,0.5556,0.875,0.6667,0.1667,0.8125,0.85,0.625,0.8,0.7857,0.75,0.9286,0.8,0.9286,0.75,1,0.75,0.7857,0.75,0.5833,0.5556,0.9444,0.7222,0.8
"locus1419",1,0.875,1,1,0.7778,0.7917,0.8,0.8889,0.9545,1,0.9545,0.875,0.9,0.9375,1,1,1,1,1,0.8889,1,1,0.9,0.95,0.8,0.9091
"locus1420",0.4167,0.1875,0.1,0.4444,0.0556,0.0417,0.2,0,0.15,0.1429,0.0909,0.125,0,0.25,0.0417,0.1364,0.3889,0.1667,0.125,0.375,0,0,0.1,0.15,0.1364,0.0417
"locus1421",1,1,1,1,1,1,1,0.9444,1,1,1,1,0.95,1,0.7917,1,1,1,1,1,0.9286,1,0.95,1,0.9545,0.7917
"locus1422",0.9167,0.75,1,0.85,0.7778,0.9167,1,0.7778,1,0.875,0.5455,1,0.7,0.9375,0.9583,0.9545,1,1,0.9375,0.9375,1,1,0.85,1,0.7273,0.5455
"locus1423",0.875,0.5,0.75,0.8182,0.9375,0.75,1,0.9444,0.7273,0.8571,0.7778,0.625,0.5714,0.75,0.7917,0.5,1,0.8333,0.8333,0.6875,0.6667,1,0.9,0.65,0.9,0.9167
"locus1424",0.7273,0.875,0.9,0.6364,0.9444,0.8333,0.9,0.8889,1,1,0.9545,1,1,1,0.9167,0.9545,0.8125,1,0.8571,0.8333,0.9286,0.4545,0.875,0.9,0.85,0.8182
"locus1425",1,1,1,0.9545,1,1,1,1,0.8636,1,1,1,1,1,0.9167,1,0.8889,1,1,0.8889,1,1,0.95,0.95,0.9091,0.9583
"locus1426",1,0.8125,0.8889,1,0.7222,0.5455,1,0.7778,1,1,0.7778,1,0.7,0.9375,0.8636,1,1,1,0.8333,0.6875,0.9286,0.9545,1,0.9,0.7273,0.625
"locus1427",0.0556,0.25,0,0.55,0.5,0,0,0,0,0,0.125,0.0714,0,0,0,0,0.3333,0.1667,0,0.0556,0.1429,0.6667,0.3571,0.05,0.4,0.2
"locus1428",1,1,1,1,0.75,0.9167,1,0.5,0.9545,0.7857,1,0.875,1,1,0.875,1,1,1,1,1,0.9,0.9545,0.95,1,1,0.4444
"locus1429",0.9545,0.8125,0.9,0.7727,1,0.9167,0.9,0.9444,1,0.9375,0.9545,1,0.95,1,0.9583,1,1,1,1,1,1,1,0.8,1,1,0.9583
"locus1430",0.8333,0.875,0.85,0.9545,0.625,0.9167,1,0.6667,0.8636,1,0.85,0.875,0.8333,1,0.9583,1,1,1,0.9375,0.9444,0.9286,1,0.95,0.8,0.9545,0.75
"locus1431",1,1,1,0.9545,1,1,1,1,1,1,0.9545,0.8125,0.95,0.875,1,0.9545,1,0.75,1,1,1,1,1,1,0.9091,1
"locus1432",1,0.9375,0.9,0.95,0.7778,0.9583,1,0.8333,0.8636,0.875,0.95,0.9375,0.9,0.8125,0.9583,0.9545,0.9444,1,0.875,1,0.7857,1,1,0.9,0.9545,0.9545
"locus1433",0.9167,0.8571,0.7778,0.9091,1,0.6429,1,0.9,0.95,0.9375,1,0.9286,0.8333,0.8125,0.9545,0.9545,0.9444,1,0.6875,1,0.8,0.9545,0.9444,0.9,0.9545,0.8333
"locus1434",0.5455,0.5,0.7778,0.4286,0.7,0.4286,0.3333,0.6429,0.6111,0.6,0.5714,0.5,0.3333,0.5,0.6667,0.2857,0.75,0.5,0.5,0.5714,0.5714,0.5,0.6,0.5,0.625,0.6875
"locus1435",0.9,0.9286,0.95,1,1,1,1,0.9444,1,0.75,0.9545,0.875,1,0.9375,0.9583,1,0.6667,1,1,0.9444,0.9286,1,0.75,1,0.8182,1
"locus1436",0.625,1,1,0.8636,1,1,0.8,1,0.9545,0.8125,1,1,1,1,1,0.9545,0.8333,0.8333,1,1,1,0.7143,0.9,0.95,0.7273,1
"locus1437",1,1,1,1,0.8889,1,1,1,1,0.875,1,0.9375,1,0.9375,0.875,1,0.8333,0.8333,0.9375,1,0.8571,0.7222,1,1,1,0.9583
"locus1438",0.0833,0.125,0.05,0.0455,0.0556,0.125,0.2,0,0.1364,0.3,0.0455,0.0625,0.05,0,0.0417,0.1,0,0,0.125,0,0.2857,0.0455,0.05,0.05,0.0455,0
"locus1439",0.7727,0.9375,0.95,0.8125,1,0.9167,0.9,1,1,1,1,0.9375,1,1,0.9583,1,0.7857,0.8333,1,0.8889,1,0.75,0.8333,1,0.85,1
"locus1440",1,0.875,1,1,0.6667,0.9583,1,1,1,1,0.75,1,0.75,0.9375,1,1,1,1,1,1,1,1,1,1,0.9545,0.9167
"locus1441",0.6875,0.8,0.3333,0.8889,1,0.8182,1,0.6667,0.35,0.9,0.8889,0.625,0.9444,0.3333,0.2727,1,0.5,0.75,0.4375,0.375,0.6,0.5,0.8333,0.5833,0.9,0.75
"locus1442",0.5625,0.3,0.6667,0.5,0.4286,0.1667,0.5,0.3333,0.6,0.4167,0.1364,0.5,0,0.5,0.4444,0.6667,0.5,0.5,0.625,0.5,0.6,0.5,0.4286,0.6,0.5714,0.5
"locus1443",1,1,0.9,1,0.875,1,1,1,0.9545,0.875,1,1,1,0.9375,1,0.9545,1,0.8333,1,0.8889,1,1,1,0.95,0.9091,0.9167
"locus1444",0.7917,1,1,1,1,1,1,0.8889,1,1,1,0.9375,1,0.9375,1,1,0.9444,1,0.9375,1,1,0.9545,1,1,0.9,1
"locus1445",1,1,0.95,1,1,1,0.5,0.9444,0.9091,0.8333,1,1,0.95,1,1,0.5,1,1,0.875,0.9444,1,1,1,0.9,1,1
"locus1446",0.6111,0.0714,0.45,0.4444,0.2778,0.3333,0.5,0.5714,0.5,0.5,0.4,0.6429,0.375,0.375,0.5417,0.45,0.7222,0.6667,0.5,0.5,0.3333,0.875,0.1111,0.5714,0.5,0.6667
"locus1447",0.2083,0.125,0.1,0.2,0,0.0417,0.9,0.1111,0,0.4375,0,0.25,0,0.0625,0,0.5455,0.4444,0.1667,0.0625,0.0556,0,0.0455,0.2,0.3,0.1818,0.5909
"locus1448",0.7917,1,0.9,0.3,0.9167,0.9167,1,0.8333,0.9,1,0.9091,0.8333,1,0.7857,0.5455,1,0.7222,0.5,0.6429,0.8333,0.6667,0.9545,0.6667,0.85,0.9,0.8182
"locus1449",1,0.875,0.95,0.9545,1,1,1,1,1,1,1,1,1,0.7143,0.9167,1,1,1,0.875,0.8333,1,1,0.85,1,1,1
"locus1450",1,0.8125,1,1,1,1,1,1,0.9545,1,1,0.9375,1,0.9375,1,1,1,0.8333,1,1,1,0.7222,0.95,0.85,1,1
"locus1451",1,0.9375,0.95,1,0.9444,1,1,0.8889,0.9091,1,1,1,1,0.9375,0.8333,1,1,1,0.9375,1,1,0.9545,0.95,0.9,1,0.8333
"locus1452",1,1,1,1,1,1,1,0.9444,1,0.9375,1,1,1,1,0.9583,0.8182,1,1,1,0.7778,1,0.9545,0.95,0.95,1,0.9167
"locus1453",0.9583,0.9375,0.75,1,1,0.9583,1,0.8889,0.6818,1,1,1,1,0.8571,0.8182,1,0.8333,1,0.875,1,0.9286,1,1,0.95,1,0.9583
"locus1454",0.9167,0.8571,0.8333,0.9545,1,0.9167,1,0.9444,0.8333,0.9375,0.95,0.9375,0.5,0.7857,0.8,1,1,1,0.9167,1,1,1,1,0.6429,0.9545,0.9583
"locus1455",0.9583,1,1,0.8636,1,1,1,1,0.9545,0.75,1,1,1,1,1,0.9091,0.9444,1,1,1,1,0.9545,0.85,1,0.7727,0.9167
"locus1456",0.9583,1,1,1,1,0.9583,1,0.9444,1,1,1,1,1,0.875,0.9545,0.9545,1,1,0.875,1,0.8571,0.9545,1,1,0.7727,1
"locus1457",0.5625,0.5,0.45,0.4286,0.6429,0.4545,1,0.625,0.75,1,0.5625,0.7,0.65,0.75,0.65,0.9091,0.7222,0.75,0.2,0.9167,0.6,0.6,0.3889,0.7222,0.5,0.8333
"locus1458",0.8333,1,0.95,1,1,1,1,1,1,1,1,1,1,0.9375,1,0.95,0.9444,1,0.9375,1,1,0.9545,1,1,1,1
"locus1459",0,0.0625,0,0,0,0.2083,0.1,0,0,0,0.0909,0.0625,0.1,0,0,0.1,0,0,0.0625,0,0,0.0455,0,0,0,0.0909
"locus1460",1,0.9375,1,0.9545,0.9444,0.8636,1,1,1,1,0.9167,0.9375,1,1,1,1,1,1,1,1,1,1,0.8,1,0.9091,1
"locus1461",0.6429,0.6429,0.6667,0.85,0.5714,0.2778,0.5,0.6667,0.75,0.75,0.7727,0.6,0.75,0.6,0.6818,0.5,0.6667,0.75,0.5833,0.6875,1,0.75,0.875,0.5625,0.8889,0.6364
"locus1462",0.9167,1,1,0.6818,1,1,1,1,1,1,1,1,1,1,1,1,1,1,1,1,1,0.8182,0.9,1,1,1
"locus1463",0.6,0.875,0.5556,0.7222,0.9375,0.75,0.5,0.75,0.55,0.7143,0.8333,0.7,0.7222,0.5,0.6111,0.5,0.625,0.5,0.5833,0.6429,0.6429,0.8,0.875,0.6667,0.5556,0.6111
"locus1464",0.125,0.4,0.3,0.0455,0.625,0.375,0.875,0.5714,0.5,0.2857,0.3125,0.4167,0.4286,0.3,0.0909,0.5,0.4375,0,0.375,0.2857,0.6,0.5,0.125,0.6667,0.125,0.7222
"locus1465",0.35,0.5714,0.2222,0.5,0.375,0.4375,0.625,0.3333,0.1667,0.4286,0.75,0.2,0.7857,0.2143,0.15,0.8,0.4286,0,0.2143,0.5556,0,0,0.2778,0.2857,0.3571,0.125
"locus1466",0.5625,0.1429,0.1667,0.3,0.25,0.4375,0,0.3571,0.4375,0,0.4375,0.4,0.4375,0.2,0.2857,0,0.375,0.1667,0.1667,0.0714,0.25,0.05,0.4375,0.1667,0.4375,0.4375
"locus1467",0.9167,1,0.9444,0.9545,0.8333,1,1,0.9444,0.95,1,1,1,1,1,0.9583,0.9545,0.7143,1,1,0.9444,0.7857,0.75,0.85,0.8889,0.9545,0.9583
"locus1468",0.5,0.1875,0.1111,0.25,0.0556,0,0.5,0,0.0714,0.5,0.1364,0.2,0.05,0.5,0.0556,0,0.125,0.3333,0.4167,0.3333,0,0.5,0.5714,0.1111,0.4,0
"locus1469",0.0909,0.3125,0.2778,0.1667,0.25,0.3182,0,0.1667,0.25,0.5,0.4286,0.375,0.4444,0.4286,0.4583,0.125,0.0556,0.1667,0.2857,0.2857,0.25,0.4,0.1429,0.5,0.1667,0.1875
"locus1470",0.875,1,0.95,1,1,1,1,0.9444,0.9545,1,1,0.9375,0.95,1,1,1,1,1,0.9375,0.8889,1,1,1,0.85,0.8636,1
"locus1471",1,1,0.9,1,1,0.9167,1,0.8889,0.9545,1,0.9545,0.9375,1,1,0.9167,1,0.9444,1,0.9375,1,0.9286,1,1,1,0.8636,0.875
"locus1472",1,1,0.85,1,1,1,1,1,1,1,0.7778,0.9286,0.95,0.9286,0.9167,1,1,1,0.8125,1,0.8571,0.5,1,0.95,1,1
"locus1473",1,0.875,1,0.9091,1,0.8333,1,0.7222,0.8182,1,1,1,0.95,1,1,1,1,0.6667,0.9286,1,0.75,1,0.95,0.85,1,0.75
"locus1474",0.0417,0.5,0.1,0,0.625,0.0455,0,0.5625,0,0.0625,0.2,0.1,0.5,0,0.0417,0.0455,0,0,0,0,0,0,0.1,0,0.1667,0.6364
"locus1475",1,0.9375,1,1,0.9444,1,0.8,1,1,1,0.9545,1,1,1,0.9583,1,1,1,0.9375,1,1,1,0.9,0.8889,1,1
"locus1476",0.4583,0.5,0.55,0.5,0.3889,0.5,0.3333,0.4444,0.55,0.5,0.5909,0.4375,0.6667,0.5,0.5833,0.2143,0.3125,0.5,0.7143,0.6875,0.4167,0.5,0.4375,0.3125,0.55,0.3333
"locus1477",0.8636,0.9375,1,1,0.9375,0.8333,NA,0.7,0.9091,1,0.9091,0.8571,1,0.875,1,0.875,1,1,0.9375,0.8571,0.875,1,0.9,1,0.875,0.7083
"locus1478",0.6667,0.9375,0.95,0.9091,1,0.9583,1,0.8889,0.7727,1,0.95,0.9286,1,0.8125,0.625,1,1,0.5,0.8125,0.7222,0.8571,0.75,0.9444,0.95,0.7222,1
"locus1479",0.875,1,1,1,1,0.875,1,0.9444,0.9545,1,1,1,0.9,1,0.9583,1,1,1,1,1,0.9286,1,1,0.9,1,0.9167
"locus1480",1,0.875,1,1,0.9444,1,1,1,1,0.9375,1,1,0.875,0.9375,1,0.9545,1,1,1,1,1,0.9545,0.95,1,1,1
"locus1481",1,1,0.95,1,0.8333,0.7917,1,1,0.8636,0.875,0.8,1,0.9,0.875,0.9583,1,1,1,1,1,1,1,0.95,1,1,1
"locus1482",0.9545,0.7143,0.9167,1,1,0.75,1,0.9375,0.7727,0.9375,0.9286,0.9375,0.8125,0.8333,0.7222,1,0.5,0.5,0.8571,0.9286,0.7143,0.6667,0.7778,0.9444,0.9,0.9167
"locus1483",0.5455,0.3125,0.3889,0.7,0.3333,0.4091,1,0.5,0.4545,0.3125,0.2273,0.5,0.25,0.3571,0.2917,0.9,0.6111,0.6667,0.4375,0.5,0.25,0.5455,0.45,0.55,0.4545,0.2917
"locus1484",0.0833,0,0,0.0455,0,0.0417,0,0,0.0455,0.0625,0,0,0,0,0.0833,0.2273,0,0,0.0625,0,0,0,0,0,0,0
"locus1485",1,0.9375,1,1,1,0.9167,1,1,0.9545,1,0.9545,0.875,0.95,1,1,1,0.9444,1,0.875,0.8889,1,1,1,0.85,1,0.9583
"locus1486",0,0,0.05,0,0,0,0.1667,0,0,0,0.0455,0,0,0.0625,0,0,0,0,0.0625,0.0556,0,0,0,0,0.1818,0
"locus1487",0.9167,1,0.9,0.9091,1,1,1,1,0.85,1,1,1,1,0.8125,0.9167,1,1,1,0.9375,1,1,1,0.95,0.95,1,1
"locus1488",0.75,0.875,0.7857,0.85,1,1,1,0.8889,0.8,0.9375,0.9091,1,1,1,0.7,1,1,0.5,0.7143,0.6875,1,0.9545,0.9,0.85,0.7222,1
"locus1489",1,1,1,1,0.9444,0.9583,0.9,1,1,0.9375,0.9091,0.9375,1,1,1,0.6667,0.9444,1,1,1,1,1,1,1,1,1
"locus1490",0.7917,0.625,0.7,0.9444,0.6667,0.5,1,0.6667,0.6818,0.9286,0.55,0.6429,0.55,0.7857,0.7727,1,0.9444,0.6667,0.625,0.8333,0.5,0.7273,0.9,0.75,0.5,0.6818
"locus1491",1,0.7143,0.9,0.9545,1,0.6818,1,1,1,1,0.7857,1,0.4444,0.8125,1,1,1,1,1,0.9444,1,1,1,0.95,0.9091,0.875
"locus1492",0.9545,0.8125,0.95,0.9091,0.9444,0.5417,0.75,1,0.9,0.8125,0.5909,0.8125,1,0.9375,0.875,0.7143,0.8125,1,0.8333,1,1,0.9545,0.95,0.85,0.9091,1
"locus1493",1,0.9375,0.9,1,1,1,0.8,1,0.9545,0.9375,1,0.875,1,1,0.9583,0.8636,1,1,1,0.8333,1,1,1,0.85,1,0.875
"locus1494",0.2,0.4167,0.5625,0.375,0.6667,0.375,0.1,0.5,0.3333,0.6,0.5556,0.4167,0.5625,0.6,0.3889,0.1,0.1429,0.75,0.75,0.1429,0.5,0.5,0.1,0.7,0.3571,0.5455
"locus1495",0.9167,0.9375,0.95,1,0.9444,1,0.75,1,1,0.8571,1,0.9375,0.8,0.9375,0.9583,0.6429,0.875,1,0.9375,1,1,1,0.9444,1,0.5909,0.9167
"locus1496",0.9167,0.5714,0.7778,0.75,1,1,1,0.8333,0.8889,0.875,0.9545,1,0.95,1,0.7917,0.8889,1,0.8333,0.9167,1,0.75,0.9545,0.85,0.8571,0.9091,0.7273
"locus1497",1,1,1,1,0.8889,0.9167,1,0.6111,1,1,1,1,1,1,1,1,1,1,1,1,1,1,1,1,1,0.8333
"locus1498",0.7273,0.6667,0.5,0.3125,0.8,1,0.125,0.75,0.85,0.75,0.6875,0.9286,1,0.875,0.875,0.1667,0.625,1,0.7,0.5625,0.8333,1,0.3333,0.6667,1,0.75
"locus1499",1,0.5714,1,0.6429,0.9286,0.6667,0.9,0.7778,0.95,0.9286,0.4091,0.75,1,0.7857,0.9444,0.9545,0.875,1,1,1,0.75,0.3889,0.8333,0.4444,0.85,0.5
"locus1500",0,0,0.1111,0,0,0,0,0,0.15,0,0.0455,0,0,0.125,0.0417,0,0,0,0,0.0625,0,0,0,0.15,0,0
"locus1501",0.9583,1,1,0.9545,1,1,1,1,1,1,1,1,1,1,1,1,0.8889,1,1,1,1,0.75,1,1,0.9545,1
"locus1502",1,1,1,1,0.8889,0.9583,1,0.8889,1,1,1,1,1,1,1,1,1,1,1,1,1,0.9545,1,1,0.9091,0.8333
"locus1503",1,0.8571,0.6429,0.9545,1,1,1,0.875,0.55,1,0.9545,0.9,0.95,0.625,0.4,1,1,1,0.4286,0.8333,0.8333,0.9545,0.9,0.6875,0.9545,0.8333
"locus1504",1,1,0.95,0.9545,1,0.9583,1,1,0.9545,1,1,1,0.95,0.9375,0.9583,1,1,1,1,1,0.9286,0.9091,0.95,1,1,0.9167
"locus1505",0.7778,0.6429,0.625,0.875,0.7857,0.75,1,0.75,0.8,0.6667,0.6667,0.7,0.7857,0.8125,0.6364,0.6111,0.875,0.6667,0.8333,0.9375,0.875,0.45,0.7222,0.7222,0.9545,0.875
"locus1506",1,1,1,0.6667,1,0.9583,0.5,1,1,1,1,0.9375,1,1,1,1,1,1,1,1,1,1,1,1,0.8182,1
"locus1507",0.6364,0.75,0.5,0.6,0.6875,0.55,1,0.7143,0.45,0.75,0.6667,0.5,0.9286,0.4375,0.5,0.9091,0.5625,0.75,0.5,0.625,0.8,0.5455,0.6875,0.8125,0.7857,0.6429
"locus1508",0.4,0.3125,0.65,0.7,0.9444,0.5,0.8,0.6111,0.5,0.6875,0.5,0.6875,0.5,0.5625,0.4583,0.75,0.625,0.5,0.625,0.75,0.5,0.3636,0.4,0.55,0.5455,0.5833
"locus1509",1,1,1,1,0.7222,0.8333,1,1,1,1,1,1,1,1,1,1,1,1,1,1,1,1,1,1,0.8,0.5909
"locus1510",0.9583,1,1,1,1,1,0.9,0.9444,0.9545,0.9375,1,1,1,0.875,1,0.8333,1,1,1,0.9444,1,1,1,1,1,1
"locus1511",1,0.9286,1,0.8636,1,1,NA,1,1,0.625,0.8182,1,1,1,1,0.8333,1,1,1,1,1,1,1,1,0.9545,0.9583
"locus1512",0.9167,0.6667,0.95,0.9545,0.9444,0.3333,1,1,0.9545,1,0.3333,1,0.5,0.875,1,1,0.8889,0.8333,1,1,1,0.7,0.6111,0.85,1,0.6667
"locus1513",0.875,0.9286,0.55,0.8182,0.75,0.875,1,0.7778,0.8182,0.7857,0.85,0.8333,0.8333,0.7143,0.6364,0.8636,1,1,0.5625,0.7778,0.6667,0.7,0.875,0.6875,0.8889,0.5
"locus1514",1,1,0.9444,1,0.4444,0.8636,1,1,1,1,1,1,1,0.9375,1,1,1,1,0.8571,0.8333,1,1,1,1,1,1
"locus1515",1,1,1,0.5909,1,1,1,1,1,1,0.9545,1,1,1,0.9583,1,1,1,0.9375,1,1,1,1,1,1,1
"locus1516",1,0.8571,0.9,1,1,0.9583,1,1,1,0.9375,0.9286,0.8125,0.8333,0.9375,1,1,1,1,0.9375,0.8125,0.9286,1,1,0.6111,0.8636,0.875
"locus1517",1,1,1,0.9091,1,1,1,1,1,0.9375,0.9545,1,1,1,0.9583,1,0.9444,1,0.9375,1,1,1,0.85,1,0.9545,1
"locus1518",0.0417,0.1875,0.1875,0.1111,0.2222,0.1364,0,0.0625,0.1667,0.25,0.2273,0,0,0.2857,0.3333,0.0909,0.2222,0,0.0833,0.1111,0,0.1875,0.125,0,0.2727,0.25
"locus1519",0.875,0.9375,1,1,1,1,1,1,1,1,1,0.9375,1,0.9375,0.9167,0.9545,0.8889,0.6667,1,0.9444,1,0.625,0.95,1,1,1
"locus1520",1,0.6667,0.7857,1,0.3333,0.9167,1,0.9375,0.9091,1,0.5714,0.875,0.4444,0.9375,0.9091,1,0.9444,1,0.8571,0.9444,1,0.9545,0.95,0.8125,0.9091,0.8125
"locus1521",0.875,0.875,0.85,1,0.9444,0.9583,0.375,1,1,0.8125,1,0.8125,1,0.9375,1,0.95,0.7778,1,1,1,1,1,1,0.9,1,1
"locus1522",0,0.125,0.2,0,0,0.2727,0,0,0.0909,0.125,0,0.0625,0.25,0,0.1667,0,0,0,0.3125,0,0,0.0455,0.05,0.1667,0.1364,0.0833
"locus1523",0.7917,0.8125,0.9,0.9091,1,0.9167,1,1,0.9091,1,0.6429,1,0.7143,0.9286,1,1,0.9444,0.8333,1,0.9444,1,0.9545,0.9,0.95,1,1
"locus1524",0.75,1,0.9375,0.6,0.9444,1,1,0.7143,0.8,0.9375,1,1,1,0.9286,0.75,1,1,0.6667,1,0.8125,0.9286,0.75,0.75,0.9167,0.9444,0.7
"locus1525",1,1,1,1,0.7857,0.5909,1,0.7778,0.9545,1,0.7222,1,0.75,1,0.9583,1,1,1,0.9375,0.9444,1,1,0.95,1,0.9545,0.9167
"locus1526",0.6111,1,0.8889,0.85,1,1,0.8,1,0.95,1,1,1,1,0.9375,0.8636,1,0.8125,0.8333,0.9375,0.8571,0.9286,0.125,0.85,0.9,0.7727,0.9545
"locus1527",1,0.9375,0.9,0.8,1,0.8636,0.6,0.9444,0.8636,0.8125,0.9545,1,0.95,1,0.9583,0.6429,0.6667,1,1,0.9444,1,0.9545,0.8889,1,1,1
"locus1528",0.7917,0.9375,1,0.7273,1,1,0.75,1,1,1,1,0.875,1,0.9375,0.9583,0.7857,1,1,1,1,1,1,1,0.95,1,1
"locus1529",0,0.1429,0,0.0455,0,0.0417,0,0.0556,0,0.125,0.5,0.125,0.2,0.0625,0,0,0,0,0,0,0,0,0,0,0,0.0417
"locus1530",1,0.9375,1,0.9545,1,0.8,1,0.6429,1,1,1,0.875,0.95,1,0.9167,1,1,0.8333,1,1,0.5,0.9545,0.95,0.9,0.9545,1
"locus1531",0.0417,0.0625,0.15,0.1364,0,0.0417,0.625,0,0.1364,0,0.0909,0,0,0.0625,0.1364,0.8636,0.0556,0,0.2143,0.0556,0,0,0.05,0,0.1364,0
"locus1532",0.7917,0.875,1,1,0.7778,0.9583,1,0.7778,0.9545,0.75,1,1,1,1,1,1,1,1,0.9375,1,1,0.9545,0.7222,1,0.9545,0.875
"locus1533",0.1875,0.375,0.3,0.4444,0.1,0.35,0,0.2143,0.125,0.1429,0.05,0.8333,0.05,0.25,0.1364,0,0.0714,0.5,0.1429,0.3,0.375,0.375,0.1,0.5625,0.3,0.1364
"locus1534",0.6,1,0.7857,0.875,0.9444,0.8636,0.6667,0.8125,0.75,1,0.9091,0.9,1,0.8333,0.9167,0.5625,0.8,0.5,0.9375,0.75,0.9286,0.625,0.95,1,0.6875,0.9583
"locus1535",0.4167,0.0714,0.1667,0.5,0.2,0.125,0.4,0.2222,0.3125,0.5625,0.35,0.5,0.5714,0.25,0.1667,0.65,0.2778,0.5,0.1429,0.125,0.25,0.5556,0.45,0.0714,0.1667,0.2
"locus1536",0.1667,0,0,0.0909,0,0.0417,0,0.1667,0,0.125,0.1667,0,0.1667,0.0625,0.0833,0,0,0,0.125,0,0,0.2222,0.05,0,0,0.0417
"locus1537",1,1,1,1,0.6,0.8333,1,0.7778,1,1,1,0.9375,0.95,1,1,1,1,1,1,0.9444,1,0.9545,1,1,1,0.9167
"locus1538",0.55,0.4,0.6,0.4444,0.5,0.5556,0.75,0.4167,0.7143,0.5714,0.5625,0.5,0.3889,0.7857,0.6818,0.875,0.7143,0.5,0.5,0.9167,0.5,0.0714,0.4444,0.6667,0.4167,0.5
"locus1539",1,1,0.85,1,1,1,1,1,0.9545,1,0.9545,1,1,1,0.8182,1,1,1,0.875,1,1,1,1,1,1,1
"locus1540",0.875,1,0.8125,1,1,1,0.7,1,0.9545,1,1,1,1,1,1,0.95,1,1,1,1,1,1,1,1,1,1
"locus1541",0.85,0.5833,0.6667,0.8333,0.4375,0.875,0.6,0.5714,0.7143,0.5,1,0.625,0.95,0.75,0.6667,0.5,0.8,0.75,0.7,0.5,0.625,0.75,1,0.75,0.6,0.6364
"locus1542",1,1,1,1,0.8571,0.9167,1,0.7778,1,0.9375,1,1,1,1,1,1,1,1,1,1,1,1,1,1,1,0.8571
"locus1543",1,1,1,0.8636,1,1,1,1,1,1,0.9091,0.9375,0.95,0.9375,0.9167,1,1,1,1,1,1,1,0.95,1,0.9091,1
"locus1544",0.5833,0.375,0.2222,0.15,0.3125,0.125,0.125,0.125,0.2727,0.2857,0.1364,0.5,0.15,0.4375,0.3333,0.5,0.2222,0.5,0.2857,0.3889,0.2857,0.55,0.35,0.3,0.45,0.2083
"locus1545",0.65,0.9375,0.9,1,1,1,1,1,0.9545,0.9375,1,0.9375,0.95,0.8571,1,0.9091,0.8333,1,0.9375,0.7778,1,0.9091,1,0.9,0.7273,1
"locus1546",1,1,0.85,0.95,1,1,1,0.9444,0.95,1,1,0.875,1,1,0.7727,0.9545,1,1,0.8125,1,0.7143,0.875,0.95,0.8,0.9091,1
"locus1547",1,0.8571,1,0.9545,1,0.875,0.8,0.9444,1,0.875,0.8,0.9375,0.9444,1,1,1,1,1,1,1,1,1,1,0.9,1,0.9583
"locus1548",0.5556,0.5,0.4375,0.3125,0.1111,0.2727,0,0.5,0.3,0.6,0.0833,0.4286,0,0.5,0.5,0,0.3571,0,0.5,0.5,0.375,0.25,0.1875,0.6429,0.1667,0.3
"locus1549",0.9167,0.875,0.95,0.8333,1,0.9583,1,1,1,0.875,0.8636,1,1,0.8125,0.875,0.9545,0.8333,0.6667,0.8125,1,1,1,0.95,0.85,0.9091,0.9583
"locus1550",0.7727,0.75,0.7,0.65,0.7222,0.6,0,0.9375,0.5,0.5,0.8,0.6875,0.8333,0.2857,0.7917,0.05,0.3889,0.5,0.8333,0.3889,0.8571,0.6667,0.7778,0.55,0.6,0.8636
"locus1551",1,1,0.9444,1,1,0.9583,1,1,1,0.9286,1,1,1,1,1,0.9545,0.7778,1,0.875,0.75,1,1,1,1,1,1
"locus1552",0.9167,1,0.95,1,1,0.9583,1,1,0.95,1,1,1,1,1,1,1,0.9444,0.8333,1,0.8889,1,0.9545,1,1,1,1
"locus1553",0.3182,0,0.1,0.15,0,0,0.1,0.1875,0.2273,0.25,0,0.2143,0,0.1875,0.0417,0.15,0.3125,0.5,0.0625,0.2222,0.0714,0.3,0.35,0.1,0.3636,0
"locus1554",0.9583,0.9375,0.95,0.9091,0.9444,0.9583,NA,1,0.95,0.6875,0.9545,1,0.8,1,0.9583,1,0.9444,0.8333,0.8125,1,1,0.9545,0.95,0.95,1,0.9583
"locus1555",0.9,0.9375,0.9,1,0.75,0.9167,1,1,0.8636,1,0.8182,0.9375,0.8571,0.875,0.9583,0.8333,0.9444,1,0.9375,0.8889,0.9286,1,1,0.7778,0.9545,0.85
"locus1556",0.9583,0.9167,0.35,0.9545,1,1,1,0.9444,0.3636,1,0.9091,0.7,0.7,0.8125,0.5,0.9545,1,NA,0.75,0.8125,1,1,0.95,0.5625,0.9545,0.9583
"locus1557",0.9545,1,0.6429,1,1,1,0.9,0.8889,0.9444,0.9375,1,1,1,1,0.95,0.9545,1,0.75,0.7143,0.7857,0.8,1,0.85,0.6875,1,0.9167
"locus1558",0.9091,0.875,0.8125,0.7,1,1,0.5,0.8125,0.7222,0.9286,1,1,0.9,1,0.8333,0.6111,1,0.8333,1,0.75,1,1,0.8125,0.875,0.9,0.9583
"locus1559",1,1,0.9,0.9091,0.9444,0.9167,1,0.9375,0.8182,0.8571,0.9091,0.9375,0.9,0.9375,0.875,0.9091,0.9444,1,0.8571,0.9444,0.8571,1,0.95,0.85,0.9091,1
"locus1560",0.9545,1,1,1,1,1,1,0.8889,1,0.9375,1,0.75,1,1,1,1,1,1,0.875,1,0.5833,0.6875,1,1,1,0.9583
"locus1561",0.9583,0.9375,0.9444,0.9091,0.9444,1,1,0.9444,0.9545,0.875,0.9545,0.9375,0.95,0.9286,0.9583,0.9545,0.9444,1,1,1,1,1,0.95,0.95,1,1
"locus1562",0.4091,0.7857,0.65,0.75,1,1,0.8333,0.75,0.55,1,0.8636,0.75,1,0.5,0.6364,0.8571,0.5556,0.5,0.7,0.5,0.75,0.5,0.3571,0.6667,0.4091,1
"locus1563",1,0.9375,1,1,1,1,0.7,1,0.9545,1,0.9545,1,1,0.9375,0.9583,0.45,1,1,1,0.9444,1,1,1,1,0.95,0.9583
"locus1564",1,1,1,0.8,1,1,1,0.9444,1,1,1,1,1,1,0.9583,0.9545,0.8889,0.8333,0.9375,1,1,0.9545,0.95,1,1,1
"locus1565",0,0.125,0,0,0,0.125,0,0.1429,0,0,0.0455,0,0,0,0,0,0,0,0.0625,0,0,0.0455,0,0,0,0.2273
"locus1566",0.0417,0.125,0.1667,0,0,0.0417,0,0.1111,0.1818,0,0,0,0,0.0625,0.1364,0,0.1667,0.1667,0.25,0.0556,0.1429,0,0.1,0.1,0.0909,0
"locus1567",0.7273,0.2857,0.35,0.5455,0.625,0.0833,1,0.5556,0.2778,0.8125,0.1818,0.4286,0.1111,0.7143,0.5,0.8,0.875,0.8333,0.2,0.6875,0.8333,0.8125,0.7,0.45,0.5714,0.4375
"locus1568",0.0417,0.0625,0,0.0909,0.0833,0.0417,0,0.125,0.0455,0,0,0,0,0,0.125,0,0,0,0.0625,0,0.0714,0,0.05,0.05,0.2727,0.0556
"locus1569",0.75,0.75,0.4375,0.3125,1,0.875,1,0.75,0.75,1,0.9545,0.8571,1,0.6875,0.6364,0.95,0.8333,1,0.5,0.9375,0.7857,0.9545,0.9444,0.6111,0.9444,0.9167
"locus1570",0.9167,1,1,1,1,1,1,1,0.9545,1,1,0.9375,0.9,1,0.8333,1,1,1,1,0.9444,0.9286,1,0.95,0.95,1,1
"locus1571",0.9167,1,1,1,1,1,0.7,1,1,1,0.9091,1,0.85,1,1,0.8333,1,1,1,1,1,1,0.7778,0.95,1,1
"locus1572",0.95,0.25,0.8889,0.4167,0,0.1,0.75,0.25,0.9167,0.6667,0.1,1,0,0.9,1,0.5455,0.8571,1,0.8571,0.6429,0.6,1,0.875,0.8,0.6667,0.4286
"locus1573",0.9583,0.9375,0.95,1,1,1,1,1,1,1,1,1,1,0.9375,1,1,0.875,1,1,1,1,0.6429,1,1,1,1
"locus1574",0.2083,0.0625,0,0.0455,0.1429,0.0833,0,0.1111,0,0.0625,0.0455,0,0.05,0,0.0417,0,0.2778,0,0,0,0.0714,0,0.2778,0.1,0.1,0.0833
"locus1575",0.6364,0.3125,0.375,0.3636,0.1111,0.4545,0.2,0.5,0.3182,0.5,0.4091,0.125,0.3571,0.4375,0.3182,0.4091,0.5,0,0.4375,0.3889,0.3,0.2273,0.3889,0.2,0.5,0.5
"locus1576",0.3889,0.625,0.35,0.8571,0.8889,0.6818,0.1,0.7778,0.6364,0.8125,0.8571,0.75,0.8571,0.6429,0.5909,0.7143,0.5556,0.8333,0.5,0.3333,1,0.6818,0.7778,0.8,0.5,0.875
"locus1577",0.875,0.875,0.9,0.9091,0.8333,0.875,0.9,0.8333,0.8636,0.875,0.8182,1,0.7778,0.9375,0.7083,1,1,1,0.7857,0.9444,0.9286,1,1,0.95,0.8636,0.875
"locus1578",0.2143,0.3125,0.3333,0.0909,0.4,0.55,0,0.2,0.25,0.4,0.4,0.25,0.3,0.125,0.2,0.3,0.125,0.5,0.5,0,0.3333,0.05,0.1,0.3333,0.125,0.0625
"locus1579",1,1,1,0.75,0.9444,1,1,1,1,1,1,0.9375,1,1,0.9167,0.9545,1,0.8333,1,0.9444,1,0.5625,0.85,1,0.6111,1
"locus1580",1,1,0.95,1,1,1,1,1,0.8182,1,1,1,1,0.9375,0.9091,1,1,0.8333,0.9375,1,1,1,1,1,1,1
"locus1581",0.9583,0.8571,0.95,0.65,0.5,0.8,1,1,0.9545,1,0.7857,0.6667,0.875,1,0.9167,1,1,0.5,0.875,1,1,0.9091,1,1,0.9444,0.75
"locus1582",1,0.9286,0.95,1,0.9444,0.9167,1,1,1,1,0.9091,0.9375,0.95,0.9286,0.9583,1,1,1,0.9375,1,1,1,1,1,1,1
"locus1583",1,1,1,1,0.9444,1,1,0.9444,0.9545,1,1,0.8125,1,1,1,1,1,1,1,1,0.9286,1,0.95,0.9,0.9545,0.875
"locus1584",0.2727,0,0.1875,0.4,0.0714,0.4167,0.1,0.5,0.2222,0.125,0.25,0.375,0.375,0.3,0.375,0.1364,0.0556,0.5,0.3333,0.0833,0.5,0.0455,0.2222,0.3889,0.25,0.3182
"locus1585",0.2083,0.0625,0.1429,0.25,0,0,0,0,0.1111,0.1429,0.0455,0,0,0,0.4375,0.375,0.1111,0,0.375,0.0625,0,0,0,0.1,0,0
"locus1586",0.5417,0.6429,0.4167,0.6818,1,0.9167,0.6,0.8333,0.5,0.5625,0.8636,0.5,0.95,0.625,0.4545,0.8,0.5,0.3333,0.7143,0.6667,0.7143,0.4545,0.55,0.5,0.75,0.9545
"locus1587",1,1,1,0.9545,1,0.9583,1,0.8333,0.9545,0.75,1,0.9375,1,0.875,0.8333,1,1,0.8333,0.7857,1,0.8571,0.75,1,0.85,1,0.9167
"locus1588",0.6111,0.6667,0.8,0.625,0.6667,0.9583,0.5,0.6875,0.95,0.875,1,1,0.8889,0.8125,0.95,0.3889,0.625,0.8333,0.8571,0.7857,1,0.6667,0.7857,0.9375,0.875,0.9
"locus1589",0,0,0.05,0,0.0556,0.2083,0,0.1111,0,0,0.1,0,0,0.0625,0.0833,0,0,0,0,0,0.0714,0,0.05,0.2,0,0.0417
"locus1590",1,1,1,1,1,0.875,NA,1,1,1,1,1,1,1,1,0.5,1,1,1,1,1,1,1,1,0.9545,1
"locus1591",0.9583,0.8125,0.9,0.8636,1,0.875,0.625,1,0.9545,0.875,1,1,1,1,0.9583,0.5833,0.9444,1,1,0.8889,1,1,1,1,1,1
"locus1592",0.7727,0.5,0.95,0.5625,0.7,0.5833,NA,0.4,0.9545,0.5,0.8125,1,0.5,0.875,0.6364,0.75,0.75,0.6667,0.9375,0.9,0.25,0.7,0.5,0.8333,0.6,0.8
"locus1593",0.8333,0.9375,0.95,0.9545,0.9444,0.9583,1,0.9444,0.9545,1,1,1,1,0.9286,1,1,0.9444,1,0.9375,1,1,0.9545,1,1,0.7727,0.9545
"locus1594",1,1,0.95,0.7273,1,1,1,0.9444,1,1,1,1,1,1,0.9167,1,1,1,1,0.8889,1,0.3889,1,0.95,1,1
"locus1595",0.0417,0.5,0,0.3125,1,0.6667,0,0.7778,0.3125,0,0.5909,0.0833,0.8889,0,0,0,0.1667,0,0.25,0.1875,0.2,0,0.2222,0,0.5,0.875
"locus1596",0.9167,0.625,0.5,0.875,0.7143,0.7,1,0.625,0.9375,0.75,0.875,0.6667,0.6429,0.7,0.6429,0.95,1,0.8333,1,0.9286,0.5,0.95,0.75,0.6667,1,0.6364
"locus1597",1,0.875,1,0.9545,1,1,1,0.9444,0.8636,1,1,0.875,1,1,1,1,1,1,1,1,1,1,1,0.9,1,0.9583
"locus1598",1,0.6875,0.95,0.95,0.9444,0.8333,1,0.9444,1,0.75,0.8333,1,0.8333,0.9375,1,1,1,1,0.9375,0.9444,1,1,0.95,1,0.9545,0.9167
"locus1599",0.2222,0.7,0.4444,0.3571,0.3,0.5556,1,0.4167,0.4286,0.6667,0.8333,0.375,0.9167,0.5,0.5,1,0.25,0.5,0.25,0.5,0.5833,0.0455,0.1875,0.5,0.3571,0.4545
"locus1600",0.9167,0.875,0.9,0.7273,1,0.9545,0.125,0.9444,0.85,0.6667,0.9545,1,0.95,0.8125,1,0.6667,0.8333,1,0.9375,1,0.9286,0.9545,1,0.9,0.9545,0.8333
"locus1601",0.9583,1,1,0.9091,0.8333,0.9583,1,0.9444,1,1,0.9545,1,0.85,1,1,1,1,1,1,1,1,1,0.95,1,1,0.9583
"locus1602",0,0,0,0,0,0,0,0,0.0455,0,0,0.0625,0,0.25,0.0455,0,0,0.1667,0.125,0.1667,0,0.0455,0,0,0,0.0417
"locus1603",0.6111,0.875,0.85,0.8889,0.9,1,1,0.6667,0.9545,0.9167,1,0.8571,1,1,0.9091,0.9545,0.9167,0.75,0.9286,0.9,1,0.9286,0.8571,0.9375,0.8,0.4167
"locus1604",1,0.9375,1,1,0.625,1,1,1,1,0.9375,1,1,1,0.875,1,1,1,0.8333,1,1,1,1,1,0.85,0.8636,0.8636
"locus1605",0.9091,0.9375,0.9375,1,1,1,0.9,1,0.8333,1,0.9091,1,1,0.6429,0.8333,1,0.8889,1,0.7857,0.8571,0.9286,0.8,0.95,0.8889,1,1
"locus1606",0,0.2857,0,0,0,0.3182,0,0,0.0455,0,0,0,0,0,0.0833,0,0,0,0,0,0,0,0,0.05,0,0
"locus1607",0.0417,0,0.05,0,0,0,0.5,0,0,0.125,0,0,0,0,0,0.5556,0,0,0,0,0,0,0.05,0.05,0,0
"locus1608",1,1,0.9,1,1,1,1,0.9444,0.9545,1,1,1,1,1,0.9583,1,1,1,0.625,0.8889,1,1,1,0.95,1,1
"locus1609",0.2727,0.5,0.4444,0.6818,0,0.5,0.875,0.1667,0.4545,0.6429,0.3333,0.25,0.3,0.3125,0.5,0.5909,0.1667,0.8333,0.4375,0.6667,0.2143,0.6364,0.5,0.375,0.4091,0.1875
"locus1610",1,0.9375,0.9444,1,1,1,1,0.9444,0.7273,1,1,1,1,0.75,0.9167,1,0.9444,0.8333,0.875,0.7778,0.7857,1,1,0.75,0.9545,0.9091
"locus1611",1,0.9375,1,1,0.8889,0.875,1,1,1,0.875,0.9545,1,1,1,0.9167,0.9545,1,0.8333,0.7143,1,0.7143,1,0.7778,0.9,0.9545,0.9583
"locus1612",0.125,0.1875,0.0556,0.35,0.0625,0.2083,0,0.5,0.0909,0,0.05,0.375,0.15,0.125,0.25,0,0.125,0,0.25,0.1111,0.5,0.0909,0.2222,0.25,0,0.375
"locus1613",0.8636,0.1667,0.2857,0.55,0.0556,0.0417,0.75,0.3333,0.7,0.4286,0.0909,0.3,0.05,0.2143,0.15,0.8889,0.6667,0.1667,0.3333,0.5,0.375,0.8333,0.375,0.2857,0.2857,0.1364
"locus1614",0.875,1,0.9,0.7273,1,0.8333,1,0.8889,0.9091,1,1,0.9375,1,0.9375,0.9167,1,0.8889,1,1,0.9444,0.9286,0.9545,0.9444,0.85,0.8182,0.9167
"locus1615",1,1,1,1,0.6667,0.85,1,0.875,1,1,0.875,1,1,1,1,1,1,1,1,1,0.9167,1,1,1,0.8636,0.6875
"locus1616",0.1667,0,0,0,0,0,0,0,0,0,0,0.1875,0,0,0,0,0.1111,0.1667,0,0,0,0.2727,0.15,0,0,0
"locus1617",1,0.8571,1,1,0.9286,0.9545,1,1,1,1,0.5,1,0.6667,0.9375,1,1,0.8889,1,1,1,1,1,0.95,1,1,1
"locus1618",0,0.3125,0.05,0,0,0.0417,0,0.0556,0.1364,0,0.0455,0.0625,0.25,0.0625,0.1667,0.1364,0,0,0.125,0.0556,0,0.0455,0.05,0.2,0,0.2083
"locus1619",1,1,1,1,1,0.9583,1,0.7778,1,1,1,0.875,1,1,1,1,1,1,1,1,0.6667,0.9545,1,1,1,1
"locus1620",0.2273,0.5833,0.4444,0.625,0.9167,0.55,0,0.4375,0.5,0.25,0.9286,0.3,0.95,0.5,0.625,0.3182,0.1111,0.75,0.4,0.2222,0.3333,0.1,0.1667,0.6111,0.1111,0.3333
"locus1621",1,1,1,1,0.5556,1,1,0.8889,1,1,1,1,1,1,1,1,0.7222,1,1,1,1,1,1,1,1,1
"locus1622",1,1,0.9,0.95,1,0.875,1,1,0.8636,1,1,1,1,1,0.9167,0.5833,1,0.8333,1,0.9444,1,1,1,1,0.9091,0.9583
"locus1623",0.35,0.4286,0.5625,0.4444,0.2778,0.5,0,0.5714,0.5556,0.1667,0.5,0.5,0.25,0.5,0.5455,0.1364,0.2857,0.6667,0.5714,0.2143,0.5714,0.6111,0.3333,0.45,0.3889,0.4444
"locus1624",0.1667,0.1429,0.15,0,0.2143,0.0455,0.9,0.0625,0.1364,0.5625,0.1667,0.0833,0.3,0.0625,0.0417,0.9,0.0625,0,0.125,0.0556,0.0714,0.0455,0.1,0.05,0.0909,0.05
"locus1625",0.5,0.2857,0.5,0.3,0.4444,0.625,1,0.3333,0.625,0.625,0.4,0.7143,0.45,0.3125,0.625,0.9091,0.1875,0.5,0.6,0.7143,0.4286,0.45,0.5556,0.4375,0.6,0.375
"locus1626",0.6111,0.75,0.5833,0.5714,1,1,0,0.8333,0.7727,0.625,0.8889,1,1,0.8,0.6111,0.25,0.4444,0.5,0.5,0.6429,1,0.6429,0.5,0.875,0.8,0.9583
"locus1627",0.4,0.8125,0.7857,0.6111,0.7143,0.5455,0,0.6667,0.35,0.5714,0.65,0.5,0.6,0.25,0.5833,0.375,0.4444,0.5,0.4286,0.3889,0.1667,0.1818,0.45,0.6667,0.5,0.8333
"locus1628",0.3636,0.6875,0.4,0.5,0.8571,0.9583,NA,0.5,0.3182,0.6429,0.8636,0.375,1,0.5,0.3,0.75,0.2778,0.1667,0.8571,0.4444,0.2857,0.5,0.7,0.5556,0.55,0.6364
"locus1629",0.75,0.4286,0.7,0.95,0.0714,0.4167,1,0.2857,0.6,0.7857,0.2727,0.6429,0.05,0.8125,0.5833,0.9545,0.6111,0.5,0.5714,0.875,0.7,0.9545,0.75,0.55,0.6111,0.1818
"locus1630",1,1,0.95,1,1,1,1,1,0.9091,1,0.9545,1,0.95,0.875,0.9091,1,1,1,0.9375,1,1,1,0.95,0.9,0.9545,1
"locus1631",0.55,0.8333,0.5556,0.95,1,0.8333,0.1,0.9167,0.7,0.4375,0.9,1,0.9444,0.5833,0.625,0.0455,0.5,0.6667,0.7,0.4286,0.875,0.5,0.8,0.5714,0.6667,0.6364
"locus1632",0.8333,0.5,0.5625,0.7222,0.6667,0.4583,0.4,0.6667,0.7273,0.5833,0.3,0.6429,0.35,0.7143,0.5455,0.9444,0.8333,0.8333,0.4286,0.6667,0.7143,0.375,0.8,0.5,0.6818,0.5833
"locus1633",0.8333,1,1,1,1,0.9583,1,1,0.9091,0.9375,1,0.9375,1,0.9375,1,1,1,0.8333,0.9375,0.9444,0.9286,0.7,1,0.9,1,1
"locus1634",1,1,0.85,1,1,1,1,1,0.8636,1,1,1,1,1,0.9583,1,1,0.8333,0.9375,0.9444,1,1,1,0.9,1,1
"locus1635",1,0.875,0.85,1,1,1,1,1,0.7727,1,1,1,1,1,0.9583,1,1,1,0.9375,0.8889,1,1,1,1,1,1
"locus1636",0.9167,1,0.95,1,1,1,0.3,1,0.9545,0.875,1,1,1,0.8125,1,0.7,1,1,0.9375,1,1,1,1,0.9,0.9545,0.9583
"locus1637",0.9583,0.9375,0.95,1,0.75,0.875,1,1,0.9545,0.9375,0.8889,1,0.6,1,0.9545,0.8636,1,0.8333,0.9375,0.8333,1,1,1,1,0.9545,1
"locus1638",0.0417,0,0,0.1818,0,0.0417,0,0,0,0,0,0,0,0,0,0,0.1667,0,0,0.1111,0,0,0,0,0.0455,0
"locus1639",1,0.6875,0.9,1,1,0.7273,1,1,0.9091,0.875,0.9545,0.9375,0.9,0.8125,0.9167,1,1,1,1,0.875,0.9167,0.9091,1,0.9,0.95,1
"locus1640",0.9583,0.9375,0.95,1,1,0.9167,1,1,0.9545,0.8571,1,0.9375,0.9,1,0.9583,1,1,1,0.875,1,1,1,1,0.9,1,1
"locus1641",0.8636,1,0.75,0.9091,1,1,1,1,0.7727,1,0.9545,0.875,1,0.9375,0.7083,1,0.9444,1,0.9375,0.9444,0.9286,1,0.95,0.85,0.85,1
"locus1642",0.0556,0.0833,0.5625,0,0.25,0.1364,0.25,0.3571,0.2778,0.125,0.25,0.4167,0.1875,0.2857,0.5625,0.1,0.3,0.75,0.5,0.2857,0.8,0,0.625,0.3,0.2778,0.4375
"locus1643",0.9091,0.6429,0.9444,0.7778,1,0.8889,1,0.5,0.8333,0.8571,0.9,0.75,0.8,0.9286,0.8636,0.9545,1,0.8333,0.8571,0.6111,0.5833,0.9,0.85,0.85,1,0.85
"locus1644",0.8636,1,0.95,0.8889,1,1,1,0.9444,0.9545,1,1,0.9375,0.9,1,0.9167,0.9444,0.5714,1,1,0.8889,1,0.8636,0.8125,0.8889,1,0.9583
"locus1645",0.75,1,1,0.5625,1,0.8333,1,1,1,0.9375,0.9545,1,0.9,1,0.9583,1,1,1,0.9375,1,1,0.6667,0.9444,0.95,1,1
"locus1646",0.9167,1,0.8571,1,1,1,1,0.8889,1,0.9375,1,1,1,0.9375,0.8333,0.9545,0.9444,1,0.7143,0.9444,0.9286,1,1,0.95,0.9545,0.9583
"locus1647",0.375,1,0.9286,1,1,1,0.5,0.9444,0.7,0.5,0.9444,1,0.95,0.5,1,0.625,0.5,0.8333,1,0.625,0.9286,0.6,0.7,0.9167,0.75,0.9583
"locus1648",0.9167,0.875,0.95,0.9545,1,0.9091,1,0.9444,1,0.9375,0.9545,1,1,1,0.9583,1,1,1,1,1,1,1,1,1,0.9545,0.9583
"locus1649",0.0417,0.4375,0.1667,0.2222,0.1429,0.4583,0.2,0.625,0.3182,0,0.3,0.4167,0.4,0.3125,0.2727,0.2778,0.3889,0,0.375,0.0556,0.5714,0.2727,0.0556,0.45,0.2,0.5
"locus1650",1,0.9375,1,0.9545,0.9444,1,1,0.9444,1,0.875,0.95,1,1,0.875,1,0.8182,1,0.8333,0.875,1,1,0.7778,0.9,0.9,0.7778,1
"locus1651",0.4,0.75,0.8125,0.7778,1,0.75,0.3,0.9375,0.6,0.9375,0.8182,0.6875,1,0.7857,0.75,0.4,0.3571,1,0.625,0.5833,0.8,0.8333,0.8889,0.6875,0.6429,0.9167
"locus1652",0.9583,1,1,1,0.125,0.4,1,0.8333,1,0.9375,0.5,1,0.3125,1,0.8636,1,1,1,0.875,1,1,1,0.95,1,0.7778,0.65
"locus1653",0,0,0.2,0.0455,0,0,0,0,0.2273,0,0,0.0625,0,0,0.0417,0,0,0,0.0625,0.0556,0,0,0,0,0.0455,0
"locus1654",0.0909,0.0714,0.3333,0.1,0,0.0833,0.25,0.0625,0.25,0.375,0,0.0833,0.1,0.2,0.2,0.2,0.1875,0.3333,0.4286,0.4444,0.1667,0.5,0.2143,0.5,0.2,0.0417
"locus1655",0.0833,0.25,0.15,0.0455,0.1667,0.375,0,0.125,0.0455,0,0.5,0.2143,0.5625,0.1875,0.0833,0.0455,0,0,0.0714,0,0.3333,0.0455,0.2,0,0.0455,0.2273
"locus1656",0,0.0625,0.05,0,0.1111,0.2917,0,0.1111,0,0,0.1818,0,0.4,0,0,0,0,0,0,0,0,0,0,0,0.0455,0.0417
"locus1657",0.875,0.875,0.85,1,1,1,1,0.9444,0.9091,1,1,1,1,0.875,0.9167,1,0.8889,1,0.9375,0.8333,1,1,1,1,1,0.9583
"locus1658",0.4375,0.4286,0.3125,0.5,0.5833,0.5909,0.1667,0.5625,0.45,0.4,0.6875,0.4286,0.75,0.4286,0.4444,0,0.6429,0.6667,0.5714,0.5,0.625,0.1111,0.5,0.5556,0.3889,0.7857
"locus1659",0.3333,0.2,0.2222,0.0625,0,0.0417,1,0.125,0.375,0.4,0.0909,0.1667,0,0.2143,0.2273,0.8571,0,0,0.0833,0.5,0,0.1429,0.2,0.125,0.2,0.125
"locus1660",1,0.9375,1,1,0.5,1,1,0.875,1,1,0.9545,1,0.9444,1,1,1,1,1,0.9375,1,1,1,0.95,1,0.9091,0.8182
"locus1661",0.9583,0.9375,0.95,1,1,0.75,1,1,1,1,1,0.875,1,1,0.9583,1,1,0.8333,1,0.9444,1,1,1,0.95,1,1
"locus1662",0,0.1875,0.0556,0.0455,0,0.0833,0,0,0,0,0.0455,0,0,0.0625,0,0,0,0,0.25,0,0,0,0.05,0,0,0.0833
"locus1663",1,1,0.95,1,0.9444,1,0.9,0.9444,1,0.9375,1,0.875,1,0.9375,1,0.9545,0.9444,0.6667,0.9375,0.9444,1,1,1,0.9,1,0.875
"locus1664",0.0833,0.0625,0.3,0.1818,0.0625,0.0417,0,0.25,0.1667,0,0.1,0.6667,0,0.0833,0.25,0,0,0,0,0.4,0.4,0.0455,0,0.1429,0.0455,0.1364
"locus1665",0.9444,0.8,0.7857,0.9444,0.9286,0.9167,0.75,0.75,0.6,0.75,0.9545,0.875,1,0.9375,0.7857,0.875,0.6667,0.5,0.7143,0.6667,0.6667,0.8571,0.9375,0.5,0.9375,0.6667
"locus1666",1,1,1,1,1,0.95,1,1,0.9545,0.5625,0.4,0.9375,1,1,1,1,1,1,1,1,1,1,0.9,0.9444,0.9545,1
"locus1667",0.2083,0.2857,0.3571,0.2143,0.3,0.2083,0.5,0.4444,0.3636,0.3571,0.2143,0,0.25,0.4375,0.375,0.5,0.1667,0.1667,0.1667,0.5,0.1667,0.375,0.0625,0.5,0.15,0.375
"locus1668",0.8333,1,1,1,1,1,0.5,1,0.9545,1,1,1,1,0.9375,0.9167,0.0833,1,1,1,0.9167,1,1,0.95,1,1,1
"locus1669",0.7273,0.5625,0.5556,0.7727,0.8333,0.5909,1,0.8125,0.6364,0.625,0.8182,0.5833,0.9444,0.5,0.5833,0.9091,0.625,0.5,0.625,0.6667,0.6667,0.65,0.65,0.55,0.6,0.8182
"locus1670",0.125,0.0625,0,0.3333,0,0,0,0.0556,0.0455,0.3125,0,0.25,0.1,0,0,0.1364,0,0,0.0625,0,0.2143,0,0.2778,0,0.0455,0.0833
"locus1671",0.8182,1,1,0.9545,0.9444,0.9583,1,0.9444,1,1,0.9091,0.875,0.95,1,0.9583,1,0.9444,0.8333,1,1,0.9286,0.9545,0.95,1,1,1
"locus1672",1,0.9375,1,0.9091,1,1,0.9,1,1,0.9375,0.9545,1,1,1,1,0.4375,1,1,1,0.9444,1,0.6667,0.9,1,0.9545,1
"locus1673",1,1,1,1,1,1,1,1,0.95,0.875,1,1,1,1,0.875,1,0.9375,0.8333,0.9375,0.9444,1,0.8333,1,0.95,1,0.9583
"locus1674",0.7273,0.9375,0.95,0.9545,0.9444,1,0.5,0.875,0.7727,1,0.9545,1,1,0.5,0.8333,0.5,1,1,0.8125,0.3333,1,1,0.8,1,0.7273,0.7727
"locus1675",0.3125,0.6667,0.4444,0.3,1,0.9,0.875,0.75,0.65,0.6667,0.7222,0.5,1,0.5,0.5833,0.9444,0.2143,0.25,0.5,0.5,0.4286,0,0.3571,0.5,0.5,0.8125
"locus1676",0.9583,0.8571,0.95,0.9091,1,0.9583,1,0.9444,0.9545,0.9375,1,1,1,0.9375,0.875,0.9545,1,1,0.9375,0.9444,1,0.875,0.95,0.95,1,1
"locus1677",1,0.8571,0.95,0.95,0.7778,0.7917,1,0.875,0.9545,1,0.6,1,0.9444,1,0.9583,0.9545,1,1,0.9375,0.8333,1,1,1,0.9,0.9545,0.9583
"locus1678",1,1,0.95,0.9091,0.8333,1,1,1,1,0.875,0.9545,0.9375,1,0.9375,0.9167,0.9545,0.8889,1,1,1,1,1,1,1,0.9091,0.875
"locus1679",0,0,0,0,0.0556,0.1364,0,0.0556,0.0455,0,0,0,0,0.0714,0,0,0,0,0.0625,0,0,0,0.05,0,0,0.0833
"locus1680",0.7917,1,1,0.9545,1,1,1,0.9444,1,1,1,1,1,1,1,1,1,1,1,1,1,0.7778,0.85,1,0.9545,1
"locus1681",0.9583,0.8125,0.8333,1,1,0.9583,1,1,0.8636,1,1,1,1,0.8571,0.75,1,1,1,0.7857,0.875,1,1,1,0.7778,0.8636,1
"locus1682",0.6818,1,0.9167,1,1,1,0.9,0.9444,0.7222,0.875,1,1,0.95,0.8333,0.7727,1,0.6667,1,0.8571,0.7857,0.7857,0.6875,0.7222,1,1,1
"locus1683",0,0,0.05,0.0455,0,0,0,0.0556,0.0909,0,0,0.125,0.05,0,0,0,0.0556,0,0,0,0.2857,0,0,0.05,0.0455,0
"locus1684",0.5833,0.4167,0.6667,0.5625,0.5714,0.5455,1,0.1875,0.5909,0.4286,0.3,0.4286,0.3333,0.5,0.3333,0.85,0.7778,0.5,0.4286,0.4167,0.2857,0.6667,0.3571,0.55,0.3636,0.5625
"locus1685",0.9,0.875,0.35,1,1,0.8333,1,0.8125,0.5,0.7857,0.6818,0.7,0.875,0.7143,0.5417,0.9545,1,0.3333,0.625,0.75,0.5,0.5625,0.75,0.625,0.8889,0.7727
"locus1686",0.25,0.5,0.3125,0.3333,0.4444,0.35,0.5,0.5,0.5556,0.6429,0.65,0.6,0.5,0.3571,0.55,0.5,0.5,0.25,0.4286,0.375,0.5,0,0,0.3333,0.1,0.2273
"locus1687",1,0.4286,1,0.75,NA,0.5,1,0.8889,1,1,0.6818,0.5625,0.8333,1,0.9583,1,1,1,1,1,0.9286,1,0.8333,0.9,0.95,1
"locus1688",0.7273,0.5714,0.8571,0.65,0.7778,0.7917,0,0.6111,0.5,0.6,0.35,0.5,0.5,0.5,0.5833,0.05,0.4444,0.8333,0.9375,0.4375,0.5714,0.875,0.65,0.5625,0.2727,0.6111
"locus1689",0.3,0.0625,0.05,0.0556,0.6667,0,0,0.2778,0.0455,0.2143,0,0.5,0,0.0625,0,0.25,0.1,0,0.0714,0.25,0.5,0.0455,0.2857,0.25,0.1429,0.35
"locus1690",0.7,0.9375,0.9167,0.8571,1,0.9167,1,1,0.8889,1,1,1,1,0.625,0.9545,1,0.7857,0.8333,0.9167,0.7,0.9286,0.95,0.9444,1,0.9444,0.9167
"locus1691",0.9545,1,0.9375,1,1,1,0.5,0.8889,0.55,0.9375,0.9091,1,1,0.7143,0.8636,0.2222,1,1,0.9286,0.625,1,0.4,0.95,1,0.7778,0.9583
"locus1692",0,0.2143,0.1,0,0.3571,0.55,0,0,0.0909,0,0.7273,0,0.4167,0,0,0,0,0,0,0.1111,0,0,0,0,0.0909,0.0714
"locus1693",1,1,0.9,1,1,1,0.75,1,1,0.9167,1,1,1,1,0.9583,0.4444,1,1,1,0.9444,0.9286,1,1,1,1,1
"locus1694",0.625,0.5625,0.35,0.5,0.8333,0.7083,0,0.5625,0.2727,0.5,0.5909,0.5,0.7222,0.3571,0.6667,0.0909,0.2222,0.5,0.4375,0.3889,0.7,0.5,0.65,0.45,0.5909,0.75
"locus1695",0.875,1,1,1,0.8889,0.6818,1,1,0.9091,1,1,1,0.95,1,0.9091,0.9545,0.9375,1,0.875,1,1,0.9545,1,0.75,0.9545,1
"locus1696",0.1667,0.1875,0.05,0,0.1111,0.1364,0.1,0,0,0.1429,0,0.0625,0.05,0.25,0.0417,0.0909,0,0,0,0.125,0.0714,0.1,0.1,0.0556,0.0909,0.1667
"locus1697",1,1,1,1,1,0.9583,1,1,1,1,1,1,1,1,1,0.5,0.9444,1,1,0.9444,0.9286,1,0.95,0.95,0.9545,1
"locus1698",1,0.9375,1,1,1,0.9167,1,0.8125,1,0.6875,1,1,1,1,1,1,1,1,1,1,0.6429,1,0.95,1,1,0.9167
"locus1699",1,0.875,0.85,1,0.9444,1,1,1,0.9091,1,1,0.9375,1,1,0.9583,0.5625,1,1,0.9375,1,1,0.9545,1,0.95,1,1
"locus1700",1,1,0.95,1,1,1,0.6667,1,1,1,1,1,1,1,0.9583,0.8333,1,0.8333,0.9375,0.9444,1,1,1,1,0.8636,0.9583
"locus1701",0.7778,0.875,0.8571,0.8,0.9444,0.875,0.25,0.9444,0.7857,0.375,0.9545,1,1,0.9286,0.8571,0.5556,0.8889,1,0.8571,0.75,1,1,1,0.75,0.9091,0.9167
"locus1702",0.25,0.9,0.8333,0.8636,0.9,0.9375,0.1,0.875,0.4444,0.25,0.75,0.9286,1,0.75,0.875,0.0909,0.8333,0,1,0.6667,1,0.7778,0.75,0.8333,0.5625,0.75
"locus1703",0.9583,1,1,0.65,0.7857,0.9,1,0.7778,1,1,0.9545,1,1,0.9375,0.875,1,0.9444,1,0.8125,1,0.9167,0.9091,0.7778,0.95,0.5909,0.5
"locus1704",0.8182,1,1,1,1,1,1,1,1,1,1,1,1,0.9375,0.9583,1,0.8333,1,1,1,1,0.9545,1,1,0.9545,1
"locus1705",0.3125,0.1875,0.5556,0.125,NA,0.1,1,0.5,0.4,0.75,0,0.25,0,0.6429,0.4,0.9545,0.1875,0.1667,0.5833,0.6667,0.2,0.3182,0.3125,0.4444,0.4167,0.1
"locus1706",0.7,0.4167,0.35,0.6,0.4375,0.5455,1,0.625,0.45,0.6,0.3125,0.6875,0.25,0.5,0.5417,0.5,0.7143,0.6667,0.5,0.5833,0.5,0.7,0.5,0.5,0.6,0.3333
"locus1707",0.625,0.5,0.8125,0.6364,0,0.1818,0.875,0.4375,0.75,0.75,0.35,0.5714,0,0.6875,0.6364,0.75,0.7778,0.6667,0.75,0.5556,0.5714,0.6818,0.4444,0.65,0.5909,0.2727
"locus1708",0.4583,0.9375,0.8,0.8125,1,1,0.6667,0.9444,0.6364,0.625,0.9545,0.875,0.95,0.6429,0.875,0.85,0.4444,0.8333,0.5833,0.5556,0.9286,0.8333,0.6667,0.8,0.7,0.9167
"locus1709",1,0.9286,0.9444,1,0.6,0.625,1,0.4375,0.8636,1,0.9286,0.7,0.7857,1,1,1,1,1,0.8571,1,0.75,1,1,0.95,0.9167,0.4444
"locus1710",1,0.9375,1,1,0.875,0.9583,1,0.8333,0.9545,1,1,1,0.9,1,1,1,1,0.8333,1,1,0.8571,0.9545,1,1,1,0.9375
"locus1711",0.8636,1,1,0.9091,0.9375,0.8333,1,0.8333,0.9,0.9375,0.95,0.9375,1,0.9286,0.8636,1,0.9444,1,0.75,0.9444,0.8333,0.7273,0.95,1,0.9545,0.875
"locus1712",0.8636,0.875,0.9444,0.8,0.8333,0.9167,1,0.7222,0.9545,1,0.9091,0.9375,0.95,0.875,0.9583,0.9545,0.8333,0.8333,0.8125,1,0.6429,1,1,0.9,0.95,0.9091
"locus1713",1,0.875,0.95,1,0.9444,0.9167,1,1,1,1,0.9545,1,0.85,1,1,1,1,0.6667,1,1,1,1,1,0.95,0.9545,1
"locus1714",1,0.625,1,0.875,0.875,0.6667,1,0.8889,0.9091,1,0.9167,0.5833,0.8333,0.9375,0.8182,1,1,0.75,1,0.8889,0.6429,1,0.4167,0.75,0.9375,0.7143
"locus1715",0.9583,0.875,1,1,0.8333,0.9167,1,1,0.9545,1,0.9091,1,0.9,1,1,1,1,1,1,1,1,1,1,0.75,1,1
"locus1716",0.0833,0.125,0,0.2857,0,0.0417,0,0,0.0455,0.0714,0.0455,0,0,0.3125,0,0.0455,0.0833,0,0.0625,0,0,0,0.25,0,0,0
"locus1717",0.85,0.25,0.8889,0.5833,0.875,0.6818,0.625,0.9375,0.9,0.6875,0.625,0.8571,0.625,0.9167,0.8182,0.9444,0.8333,0.8333,0.9286,0.9286,0.875,0.75,0.7857,0.85,0.85,0.6818
"locus1718",0.9167,1,1,1,1,0.9167,0.9,0.9444,0.9545,1,1,0.9375,1,0.9375,0.9091,1,0.9444,0.8333,0.9375,0.875,0.9286,1,1,0.9,0.9091,0.75
"locus1719",0.8636,0.8571,0.8125,0.9545,0.8571,0.8333,1,0.7857,0.9,0.9167,1,0.875,0.8333,0.875,0.7917,1,0.8889,0.8333,0.9375,0.9444,1,0.7,0.8333,0.95,0.9545,0.7917
"locus1720",0.9,0.875,0.9,0.9545,0.7778,0.9091,1,0.9444,0.8,0.8571,0.8636,0.75,0.9,0.875,1,0.8182,1,0.8333,0.9375,0.8889,1,0.95,1,1,0.9545,0.8333
"locus1721",0.9583,1,1,1,1,1,1,0.9444,0.9091,1,1,1,1,0.9375,0.9167,1,1,0.8333,0.9375,1,0.8571,1,1,0.9,1,0.9583
"locus1722",1,1,0.9,1,1,1,1,0.8889,0.75,0.875,1,1,1,0.9167,0.7917,1,0.9444,1,0.75,0.9444,0.9286,1,0.95,1,0.9545,1
"locus1723",0.25,0.1875,0.05,0.1818,0.0714,0.1875,0,0.25,0.0909,0.1667,0.2,0.1,0.1,0.125,0,0.0455,0,0,0,0.0556,0,0.0625,0.2222,0.0714,0.1111,0
"locus1724",1,0.9375,1,1,0.9167,0.7222,1,0.9444,1,1,0.3333,1,0.95,1,1,1,1,1,1,1,1,1,1,1,0.9545,0.9167
"locus1725",0.5,0.8125,0.75,0.5833,0.9444,0.9583,0.75,0.875,0.7,0.75,0.8182,0.6667,1,0.8,0.8333,0.6429,0.375,0.75,0.75,0.7857,0.8,0.55,0.7778,0.6667,0.5,0.85
"locus1726",0.9,0.6667,0.5625,0.7273,0.6667,0.8333,1,0.8571,0.8,0.9286,0.1429,0.8,0.5,0.75,0.75,1,0.8125,0.75,0.8333,0.9444,0.5,0.5,0.8889,0.85,0.7222,0.8
"locus1727",1,1,1,1,0.5625,1,1,1,1,1,1,1,1,1,1,1,1,1,1,1,1,1,1,1,0.8636,0.7273
"locus1728",0.5,0.9375,1,0.75,1,1,0.9,0.8889,1,1,0.9545,NA,1,1,0.9167,1,0.5833,1,0.875,0.7143,1,0.1875,0.5714,1,0.75,0.875
"locus1729",0.2083,0,0,0.1111,0.125,0,0,0.0556,0.0455,0,0.0455,0,0,0,0.125,0,0,0,0.1875,0.0556,0.2143,0.0455,0.05,0,0.2273,0
"locus1730",0.9583,1,1,0.9545,1,1,1,1,0.9545,1,1,1,1,1,0.875,0.8182,0.8889,1,0.9286,1,1,0.6429,1,1,0.9545,1
"locus1731",1,1,1,0.9545,0.9444,1,1,0.8333,1,1,1,0.9286,1,0.9375,1,1,0.8889,0.8333,0.9375,1,1,1,0.95,1,1,0.9167
"locus1732",0.7917,1,1,0.95,1,1,1,1,0.9091,0.875,1,1,0.9,1,1,0.8636,0.6667,1,0.9286,0.8889,1,0.7727,0.9,1,1,1
"locus1733",0.9167,0.9375,0.95,0.9545,0.9444,0.9583,1,0.8889,0.9091,0.875,0.9545,0.9375,0.85,1,0.8333,1,0.9444,0.8333,0.75,0.9444,1,1,0.85,1,0.8636,0.9545
"locus1734",1,1,1,0.9545,0.9375,0.9583,1,0.8333,0.8333,0.8125,1,1,1,0.875,1,0.9545,0.9444,1,0.9375,0.9444,1,1,0.85,1,0.9545,0.8333
"locus1735",0.9545,0.875,0.95,0.9545,1,0.9091,1,1,1,0.875,1,0.875,1,0.875,0.9167,1,1,1,1,0.8889,1,0.9091,0.95,0.9,0.9545,1
"locus1736",0.9167,0.8571,0.9167,0.9545,1,0.85,1,0.875,0.9545,0.5,0.75,1,1,0.8333,0.9,1,0.9375,0.75,0.7143,0.7222,0.9167,0.9545,1,0.7143,1,0.9583
"locus1737",0,0,0.1,0,0,0,0,0,0.0455,0.0625,0,0,0,0,0.0833,0.0455,0,0,0,0.1667,0,0,0.05,0.15,0,0
"locus1738",0,0.1875,0.2222,0.0455,0,0.0833,0,0,0.2273,0.0625,0.0455,0,0,0.1875,0.1364,0,0.1111,0.5,0.0833,0.0556,0,0.0455,0.05,0,0,0
"locus1739",0.9,0.5833,0.7778,0.4444,0.1667,0.4286,0.75,0.375,0.8333,0.375,0.2857,0.8333,0.5714,0.7143,0.8333,0.5455,0.75,1,0.8571,1,0.1667,0.9545,0.8125,0.7857,0.8125,0.1111
"locus1740",1,0.9375,0.9,0.9545,0.8333,1,1,0.8333,1,0.9375,0.8182,1,0.9444,0.8571,1,1,0.8571,1,0.9375,1,1,0.9545,1,0.95,1,0.95
"locus1741",1,1,0.95,0.8636,1,1,1,1,0.9545,1,1,0.9375,0.85,0.9375,0.8333,1,1,1,0.875,0.9444,0.8571,0.9091,0.9375,1,0.9545,1
"locus1742",0.2083,0,0.15,0.1,0,0,0,0.0556,0.0909,0,0.0909,0,0,0.1875,0.125,0.4545,0,0,0.125,0.1111,0,0.0909,0.05,0.05,0,0.0417
"locus1743",0.8333,1,1,0.85,1,1,1,1,0.9,1,1,1,1,0.875,0.9583,1,0.9375,0.8333,0.9375,1,1,1,1,1,1,1
"locus1744",0.9167,0.9375,0.9,0.8182,0.9444,1,1,0.9444,0.85,1,0.9545,1,0.95,1,0.8333,0.9545,0.8889,0.8333,0.875,1,0.9286,0.8636,0.95,0.8,0.8636,1
"locus1745",0.9545,1,1,1,0.8333,0.9167,1,0.9444,0.9545,1,1,0.8333,1,0.875,0.9545,1,1,1,0.875,1,1,0.8333,0.95,0.95,0.9545,1
"locus1746",0.9167,1,1,1,1,0.9167,1,0.6429,1,0.9375,1,0.875,1,1,0.9583,0.9545,0.8889,1,1,1,0.9286,1,1,0.95,0.9091,0.8571
"locus1747",0,0.0625,0.2778,0,0,0,0,0.0556,0.0909,0,0.1364,0,0,0.125,0.2273,0.05,0.0556,0.1667,0.0625,0,0.0714,0.0455,0.05,0.15,0,0.0455
"locus1748",0.9583,1,1,0.9091,1,0.9583,1,1,1,0.9375,0.85,1,0.875,1,0.9167,1,0.9444,1,1,1,1,0.75,0.95,0.95,0.9545,1
"locus1749",0.8333,1,0.95,0.9545,1,1,1,1,0.8636,1,1,1,1,0.8125,1,1,0.9444,1,0.9375,0.9444,1,0.7222,0.95,1,0.8636,1
"locus1750",0.9583,1,0.9,0.8636,1,1,1,1,0.9545,1,1,1,1,1,1,1,0.8125,1,1,1,1,1,0.95,1,0.9545,1
"locus1751",1,0.9375,0.95,1,1,1,1,1,1,1,0.9,0.9375,0.85,0.875,0.9583,1,1,0.8333,1,1,1,1,1,1,0.9545,1
"locus1752",1,1,1,0.95,1,0.8182,1,1,1,1,0.8636,1,1,1,1,0.9091,1,1,1,1,1,1,1,0.9444,1,1
"locus1753",0.7083,0.9167,0.85,0.5,0.9444,0.9167,1,0.8333,0.6818,0.6429,1,0.8571,1,0.75,0.875,0.9545,0.6667,1,0.75,0.5,1,0.9,0.55,0.6667,0.9091,0.9167
"locus1754",0.9583,0.8125,1,0.9091,0.8333,0.9167,1,0.9444,1,0.875,0.9,1,1,0.9375,1,1,1,1,1,0.9444,1,0.9545,1,1,0.9091,0.9583
"locus1755",0.0625,0.125,0.0714,0.0909,0,0.0833,0.8333,0,0.4091,0.0833,0,0,0.05,0,0,0.5,0.2143,0,0.2,0.5,0.25,0,0,0,0.35,0.3333
"locus1756",1,0.9375,1,1,0.8333,0.875,1,1,1,1,0.65,1,0.7778,1,0.9583,1,1,1,0.9375,1,1,1,0.85,1,0.95,1
"locus1757",0.0417,0,0.05,0,0,0.125,NA,0.1667,0.0455,0,0.0455,0,0,0,0.0417,0.5,0,0,0,0.0556,0,0,0,0,0,0.0417
"locus1758",1,1,1,1,1,1,1,0.7222,0.8636,1,1,1,1,0.9375,0.9583,1,1,0.5,1,1,1,0.9545,1,0.95,1,0.8
"locus1759",0.0455,0.2,0.25,0.3636,NA,0.6875,0,0.5625,0.0556,0.125,0.8333,0.375,1,0.2143,0.4,0.0455,0.1111,0,0.1429,0.0556,0.4286,0.0909,0.45,0.4,0.0556,0.5556
"locus1760",0.8,0.6,0.7,0.5,0.3571,0.1667,1,0.5,0.9,1,0.2778,0.5,0.2143,1,0.75,1,1,0.6667,0.6429,0.8889,0.75,0.7778,1,0.5556,0.4286,0.55
"locus1761",0.75,1,0.95,1,1,1,0.8333,0.9444,1,0.875,1,0.9375,1,1,1,0.8125,0.9286,0.8333,1,0.9444,1,0.8636,0.85,1,0.9545,1
"locus1762",0.95,1,1,0.625,1,1,1,1,1,1,1,1,1,1,0.9583,1,0.9375,1,0.9375,1,1,1,0.8333,1,1,0.9583
"locus1763",0.9583,1,1,0.8182,0.9375,0.9583,1,0.75,1,0.9375,0.9091,0.8125,1,1,0.75,1,0.7778,1,1,0.9444,0.8571,0.75,0.9,0.9444,0.9545,0.9583
"locus1764",0.9583,1,0.95,0.8636,0.9444,1,1,1,0.9545,1,1,0.9375,1,1,0.9583,1,0.8889,1,1,1,1,0.85,1,1,1,1
"locus1765",0.7273,0.9286,1,0.8636,1,1,1,1,1,1,0.9545,1,0.95,0.9375,1,1,0.875,1,1,1,1,1,0.95,0.95,1,1
"locus1766",0.3333,0.1667,0.5,0.1429,0.0714,0.1364,0.9,0.1111,0.3333,0.7,0.1364,0,0,0.375,0.25,0.95,0.3333,0,0.3333,0.375,0,0.1,0,0.25,0.1667,0.2273
"locus1767",0.5,0.875,0.4444,0.5,0.9167,1,1,0.8333,0.5714,0.5,0.85,0.6429,0.3333,0.6,0.5,0.55,0.2778,0.5,0.5,0.4,0.9167,0.5625,0.4286,0.6,0.55,0.9545
"locus1768",1,1,1,1,0.9444,1,1,0.8889,1,0.9375,1,0.7857,1,1,0.8333,1,1,1,1,1,0.8571,1,1,1,1,0.9545
"locus1769",1,1,1,1,1,1,1,1,0.9545,1,1,1,1,1,1,1,0.9444,0.8333,0.8125,1,1,0.9545,0.9,1,0.6818,1
"locus1770",0.9167,1,1,0.8636,0.8333,1,1,0.8333,1,1,1,1,0.9,1,1,1,0.9444,1,1,0.9444,1,1,0.95,1,0.9545,0.9583
"locus1771",0,0,0,0.0455,0.1667,0,0,0.2222,0,0,0,0.0625,0,0,0,0,0,0,0.0625,0,0,0.4545,0,0,0,0.2917
"locus1772",0.9,1,0.9375,0.95,0.9444,1,1,0.9444,0.8333,1,1,0.9286,1,0.8,0.7778,0.9545,0.9375,0.8333,0.7857,0.875,0.8571,0.9545,1,0.9,0.8182,0.9091
"locus1773",0.2083,0.5,0.5625,0.2,0.1667,0.2222,0.1,0.1429,0.5,0.25,0.6875,0.7,0.3333,0.3333,0.6364,0.0455,0.375,0.6667,0.5,0.5625,0.7,0.5909,0.55,0.45,0.25,0.3571
"locus1774",1,1,0.9,1,1,0.9583,0.25,1,1,0.9375,0.9545,1,1,1,1,0.8333,1,1,1,1,1,1,0.95,1,1,1
"locus1775",1,0.9375,1,0.8,1,0.7917,1,1,1,1,1,1,1,1,1,1,1,1,1,1,1,0.9545,1,0.95,1,1
"locus1776",1,1,1,0.8636,0.9444,1,1,1,1,0.875,1,1,1,1,1,1,1,1,1,1,1,1,0.85,1,0.9091,0.8182
"locus1777",0.7727,0.5,0.7,0.8889,1,0.9091,1,0.6,0.5455,0.9375,0.95,0.3,1,0.5714,0.55,1,0.9375,0.6667,0.6667,0.8,0.5,0.85,0.5556,0.5556,0.8,0.85
"locus1778",0.9583,1,1,1,1,0.9583,1,1,0.9545,1,0.9091,1,0.95,0.7857,0.9167,1,1,1,1,0.8333,1,0.9545,1,0.95,1,1
"locus1779",0.9583,1,1,0.8636,1,1,1,1,1,0.9375,1,0.9375,1,1,1,1,1,1,1,0.9444,0.9286,0.9091,0.85,1,0.8636,1
"locus1780",0.7917,0.875,0.95,0.9091,1,0.8333,1,0.8889,0.7727,0.9286,0.8636,0.9375,1,0.8125,0.75,1,1,0.8333,0.875,0.7778,0.8571,0.9545,0.85,0.75,1,0.7083
"locus1781",0.75,0.75,0.8889,1,0.7143,0.5,1,0.8125,0.9,0.8333,0.875,0.6667,0.5625,0.8571,0.9583,0.7727,0.8125,1,0.8333,0.9286,0.7143,0.8,0.8333,0.7778,0.6818,0.9091
"locus1782",0,0.3,0.3889,0.0455,0.2143,0.4444,0,0.3125,0.3182,0.0714,0.55,0.2,0.55,0.4,0.3333,0.0455,0,0.5,0.5,0.1667,0.3333,0.2273,0.1,0.4,0.3125,0.3
"locus1783",0.0833,0,0.05,0,0.2222,0.0833,0,0,0,0,0.05,0,0.4167,0.0625,0.2083,0,0,0,0.0625,0.0556,0.0714,0,0.05,0.0556,0.0455,0
"locus1784",0.875,1,0.9444,1,0.9444,0.9583,1,0.8889,0.8,1,0.8636,0.875,0.95,0.8333,0.9,0.9091,1,1,1,0.5556,0.9286,0.9091,1,0.7778,0.9545,0.875
"locus1785",1,0.9375,1,1,0.5,1,1,0.375,1,1,1,0.9286,NA,0.9375,1,0.9545,1,1,1,1,0.6,0.9545,1,1,0.7778,0.2083
"locus1786",1,0.75,1,1,1,0.9375,1,1,1,1,0.7,1,0.625,1,0.9583,1,1,1,1,1,1,1,1,1,1,0.9167
"locus1787",0.4545,0.625,0.5714,0.3889,0.6667,0.5455,0.5,0.3889,0.6818,0.6875,0.5556,0.5,0.9,0.5,0.65,0.7,0.5,0.5,0.625,0.3333,0.5,0.2143,0.6667,0.6111,0.3636,0.5
"locus1788",0.9583,1,1,0.9091,1,1,1,0.9444,1,1,1,0.9375,1,1,0.9583,0.9545,0.9444,0.6667,1,1,1,0.75,0.7778,1,1,1
"locus1789",1,0.9375,1,1,1,0.875,1,0.8889,1,0.9375,1,1,0.9,1,0.9583,0.9545,1,1,0.9375,1,0.9286,1,1,1,0.9545,0.8636
"locus1790",1,0.875,0.95,1,1,1,1,1,1,0.9375,1,1,0.9,1,1,0.9545,1,1,1,1,0.9286,0.9545,1,0.625,1,0.9583
"locus1791",0.8889,0.8125,1,1,1,0.9583,1,1,0.9,0.7857,0.9545,1,1,0.9375,0.9583,0.85,0.9444,1,0.9375,1,0.9286,0.8,0.7,0.9,0.9091,0.9583
"locus1792",1,0.9375,0.95,1,1,1,1,0.9444,1,1,0.85,1,0.9,1,0.9583,1,1,1,0.9375,1,1,1,0.95,1,1,0.9583
"locus1793",1,1,1,1,1,0.7273,1,1,1,1,0.7273,1,0.75,0.9375,1,1,1,1,1,1,1,1,1,0.95,0.7273,0.9583
"locus1794",0.875,0.9286,1,0.9545,1,0.9091,1,0.9444,0.9545,0.8125,0.9545,0.9375,1,0.9375,0.8636,0.9545,1,1,0.6875,0.8333,0.9286,1,1,0.8,1,0.9583
"locus1795",0.45,0.1667,0.3,0.2778,0.1667,0.25,0.1667,0.3571,0.5,0.125,0,0.25,0.375,0.3125,0.4091,0.1364,0.4375,0.5,0.375,0.375,0.1667,0.3333,0.5,0.125,0.2222,0.05
"locus1796",1,1,1,1,1,1,1,0.5,1,1,1,1,1,1,1,0.9545,1,1,0.9375,1,0.9286,1,1,1,1,0.3333
"locus1797",0.9583,1,1,1,0.9444,1,1,0.9444,1,1,1,1,1,1,0.9583,1,1,0.8333,1,0.9444,1,0.6429,0.9444,1,1,1
"locus1798",0.7727,0.7857,0.85,0.8,0.75,0.8182,1,0.9375,0.7273,0.9375,0.8333,0.875,0.9444,0.9375,0.8182,0.9545,0.8125,1,0.75,0.8889,0.9286,0.5455,0.8,0.6111,0.9286,0.85
"locus1799",0.9583,0.9375,0.9,0.9,1,0.875,0.8,0.8889,0.9545,1,1,0.8571,0.95,1,0.9167,1,1,0.8333,0.8125,0.9444,0.8333,0.75,1,0.95,0.7273,0.9375
"locus1800",0.9583,0.9375,0.9,1,1,1,1,0.8889,0.8,1,1,0.9375,0.8333,0.9375,1,1,1,0.8333,0.8571,1,1,1,0.95,0.85,1,1
"locus1801",0,0.1875,0,0,0,0.0833,0,0,0.0455,0,0,0,0,0.0625,0.0833,0.0455,0,0,0.0625,0,0,0.0455,0.15,0,0,0
"locus1802",0.875,0.75,0.8125,0.6667,NA,0.8,0.3,0.4286,0.6111,0.4286,0.7143,1,0.6111,0.5625,0.7727,0.5,0.7222,0.3333,0.7857,0.6429,0.8333,0.75,0.6,0.7222,0.9286,0.75
"locus1803",0.5909,0.5,0.5,0.5556,0.3125,0.6364,1,0.5,0.3125,0.5714,0.6,0.6,0.4375,0.7857,0.5,0.85,0.375,0.5,0.625,0.6667,0.375,0.5,0.5,0.5714,0.6,0.35
"locus1804",0.1,0.125,0,0.0909,0,0.0833,1,0,0.0625,0.0714,0.0455,0,0,0.0714,0,0.75,0.3571,0,0.0625,0.4,0,0.45,0,0.1,0,0
"locus1805",1,1,1,0.9,1,1,1,1,0.9545,1,1,1,1,1,1,1,0.8333,1,1,0.7778,1,1,0.85,1,1,1
"locus1806",0.5,0.5,0.7778,0.75,1,0.875,0,0.9286,0.75,0.375,0.85,0.875,0.75,0.5,0.7,0.0909,0.5714,1,0.6,0.375,0.9,1,0.6667,0.8125,0.5714,0.7273
"locus1807",0.9583,1,1,0.8636,1,1,1,0.9444,1,0.875,1,1,1,1,1,1,0.8889,0.8333,1,1,1,1,0.8125,0.95,1,0.9545
"locus1808",0.9,0.8125,1,0.8333,0.875,1,0.5,0.9444,0.85,0.75,0.9091,0.875,0.95,0.9167,0.9545,1,0.75,1,0.9167,0.8333,0.6429,0.75,0.8,0.875,0.8333,0.8333
"locus1809",0.9583,1,1,1,1,1,0.625,1,0.9,0.9375,0.7727,1,0.9,0.8125,0.8636,0.7727,1,1,0.9375,0.8889,1,1,1,1,1,1
"locus1810",0.5556,0.5,0.8571,0.7,0.625,0.4375,0.4,0.8571,0.8333,0.5,0.5625,0.6667,0.3889,0.5833,0.7,0.7,0.75,0.8333,0.75,0.6429,0.6667,0.3333,0.75,0.7222,0.7,0.7222
"locus1811",1,1,0.95,1,0.7222,0.9583,1,0.7778,1,1,1,1,1,1,0.9583,1,1,1,1,1,1,0.9545,1,1,0.95,1
"locus1812",1,1,1,0.9545,1,1,1,0.8333,1,1,1,0.9286,1,1,0.9583,0.85,1,1,1,1,0.6667,1,1,0.95,1,0.9583
"locus1813",0.8182,1,1,0.8571,1,0.8333,0.75,0.9375,0.75,0.875,0.6875,0.9286,0.75,0.8333,0.875,0.9,0.8333,0.8333,0.8125,1,0.8571,0.75,0.9,0.9444,0.875,0.9167
"locus1814",1,1,1,1,1,0.9583,1,1,0.9545,1,1,1,1,1,1,0.9545,1,1,0.875,0.7222,1,1,0.95,1,0.9545,1
"locus1815",0.3889,0.375,0.5556,0.8125,0.1667,0.65,1,0.1,0.4286,0.5,0.1,0.5625,0.3333,0.5,0.45,0.95,0.8571,0.25,0.8,0.5,0.6,1,0.75,0.7778,0.6429,0.1875
"locus1816",0.9167,0.9375,1,0.9545,0.5,0.5909,1,0.7857,1,0.9375,0.7,0.9375,0.5625,1,0.875,1,0.7778,0.8333,0.9375,1,0.8333,0.9545,1,1,0.9091,0.8571
"locus1817",0.8333,1,1,1,1,1,0.5,1,0.8636,0.9167,1,1,1,1,0.9167,0.5,0.8125,1,1,0.8125,0.9286,0.7778,1,0.75,0.95,1
"locus1818",1,0.8125,0.95,1,1,0.8333,1,0.875,0.9545,0.9375,1,0.9375,0.8889,0.9286,1,1,1,1,0.9375,1,1,1,1,0.9,1,1
"locus1819",0.9167,1,0.85,1,1,0.9583,1,1,0.9545,1,1,1,1,1,0.7917,1,1,0.8333,0.8125,1,1,1,1,1,0.9545,1
"locus1820",0.5,0.125,0.4375,0.4545,0,0.2727,0,0.5,0.2727,0.0833,0.0909,0.7143,0,0.3125,0.3182,0.1,0.5556,0.6667,0.5714,0.3889,0.5714,0.85,0.5556,0.4286,0.5,0.3571
"locus1821",0.125,0.3571,0.0556,0.25,0.2857,0.4444,0.375,0.1875,0.2778,0.5,0.625,0.1429,0.5,0.2143,0.15,0,0.25,0,0.3571,0.2857,0.375,0.1364,0.1,0.2222,0.2727,0.5
"locus1822",0.9545,0.7143,0.4375,0.9545,0.5833,0.7222,1,0.75,0.5556,0.8125,0.55,0.7857,1,0.6875,0.7083,1,0.8333,0.8333,0.5714,0.8571,0.7,1,0.85,0.6667,0.8,0.7083
"locus1823",0.9167,1,1,0.6818,1,0.9583,0.5,0.9444,0.9545,0.8125,1,1,1,1,0.9583,0.4444,1,1,1,1,0.9286,0.9545,0.95,1,0.85,1
"locus1824",0.1818,0,0.1,0.1111,0.0556,0.0833,0.375,0.2857,0.125,0.125,0.1,0.25,0.05,0.3125,0,0.6111,0.2143,0,0,0,0,0.1667,0.1667,0.05,0.2143,0.0417
"locus1825",1,1,1,1,0.875,0.8333,1,0.9444,1,0.9375,1,1,0.85,0.875,1,1,1,1,0.9375,1,1,1,0.9,0.95,0.9091,0.7917
"locus1826",0.3,0.2,0.3571,0.5,0.8,0.6818,0,0.5,0.5625,0.3571,0.6875,0.4167,0.6667,0.3125,0.4,0.0455,0.375,0.3333,0.25,0.4286,0.2,0.0455,0.8571,0.3571,0.5,0.4091
"locus1827",1,1,0.9,1,1,1,1,0.8889,1,1,1,1,1,0.7857,0.75,1,1,1,0.75,1,1,1,1,1,1,1
"locus1828",0.9583,0.9375,1,0.9091,1,1,0.875,1,1,0.9375,1,1,1,1,1,0.75,0.8889,0.8333,1,1,1,0.9091,0.9,1,1,0.9167
"locus1829",0.9167,0.625,0.5556,0.9545,1,0.8,1,0.6667,0.75,0.875,0.6667,0.75,0.5,0.8333,0.5909,0.9545,1,1,0.8125,1,0.75,0.9545,1,0.7778,0.95,0.8333
"locus1830",0.7083,0.9286,0.95,0.7727,0.5,0.6,0.8,0.7222,0.8182,0.9375,0.65,0.5714,0.5,0.8571,0.9167,0.75,0.8333,1,0.9375,0.9444,0.9286,0.5909,0.85,0.8,0.8636,0.6667
"locus1831",0,0.5,0,0.3182,0.5,0.4,0.2,0.3571,0.4091,0,0.7222,0.1667,0.4375,0.2143,0.0625,0.1875,0.375,0.3333,0.1429,0,0.1667,0.5625,0.0833,0.2,0.1667,0.2
"locus1832",0.8125,0.6,0.5,0.3571,1,0.8125,1,0.75,0.7,0.875,0.9375,0.7,0.875,0.875,0.5625,0.9091,0.625,1,0.5833,0.5,0.6429,1,0.75,0.6111,0.8333,0.6
"locus1833",1,1,1,0.9545,1,1,1,0.9444,1,1,1,0.9375,1,0.9375,1,1,1,1,1,1,0.9286,0.8636,0.85,1,1,0.9583
"locus1834",0.8889,0.75,1,0.4,0.1667,0.45,1,0.5714,1,0.7857,0.375,0.8333,0.3125,0.7857,0.8889,0.8333,1,1,0.75,0.8125,0.75,1,0.5,0.8,0.5556,0.2727
"locus1835",0.8182,1,0.95,1,1,1,1,0.9444,0.9545,0.8571,0.9545,1,1,0.9375,1,0.8182,0.8333,0.8333,0.9375,0.8889,1,1,1,0.85,0.9091,1
"locus1836",0.9375,1,0.9,0.85,0.9444,1,1,0.875,0.9545,0.9375,1,0.875,1,1,1,1,0.8571,1,1,1,1,0.7222,0.9,0.85,0.85,1
"locus1837",0.1667,0,0,0.1818,0,0,0,0,0,0,0,0.25,0,0.0625,0.0833,0,0,0,0,0.1111,0,0,0.0625,0,0.0909,0
"locus1838",0.35,0.375,0.1,0.0625,0,0.0417,0,0,0,0,0.0909,0.1875,0.05,0.125,0.0417,0.0455,0.1667,0,0,0,0.2857,0.45,0.0556,0,0.3,0.0417
"locus1839",0.875,1,1,0.9545,1,1,1,1,1,1,1,1,1,0.875,1,0.9091,1,1,1,0.9444,1,0.9545,1,0.9,1,1
"locus1840",0.6111,0.5,0.4444,0.1111,0.6429,0.5,0,0.375,0.55,0.25,0.4,0.6429,0.3,0.5,0.5556,0.1111,0.5,0.25,0.5,0.5625,0.5,0.8,0.3889,0.3889,0.1875,0.3889
"locus1841",0,0.1667,0.4444,0.35,0,0,0,0.2143,0.5625,0,0,0,0,0,0.4286,0,0.1429,0,0.2857,0.1,0.2857,0.5,0.05,0.5625,0,0.0417
"locus1842",1,0.5,0.75,0.5,0.3,0.6364,0,0.8125,0.7,0.7143,0.4444,1,0.1667,0.875,0.8,0.0556,0.7857,0.8333,0.8571,0.5556,0.875,1,0.85,0.7,0.6,0.7
"locus1843",1,0.9375,0.95,1,0.9444,0.8182,1,1,0.9545,0.875,1,1,0.75,0.8125,0.9583,1,0.9444,1,1,1,1,1,1,0.95,0.9545,1
"locus1844",1,0.9375,0.8889,1,1,1,1,1,0.9091,1,1,1,1,0.9375,0.9167,1,1,1,0.9375,1,1,0.625,1,0.95,1,0.9167
"locus1845",1,0.875,0.9,0.8636,1,1,1,0.9444,0.8182,1,1,1,1,1,0.7917,0.9545,0.7778,0.8333,0.9375,0.9444,1,1,0.8333,0.85,0.8636,1
"locus1846",0.8,0.1667,0.9,0.6667,0.7222,0.3,1,0.9444,0.95,0.25,0.2143,0.5833,0.125,0.75,0.7727,1,0.6111,1,0.8333,0.9444,0.8333,1,0.55,0.3889,0.8571,0.6875
"locus1847",1,0.875,0.85,0.8636,1,1,1,0.8889,0.9091,1,0.9091,1,1,0.9167,0.9167,1,1,0.8333,1,0.9444,1,1,0.95,1,0.9545,1
"locus1848",0.8571,1,1,1,0.9,0.7143,1,1,0.9545,1,0.5,0.8,0.5714,1,0.9167,1,0.7857,1,1,0.9444,0.9286,0.625,0.875,0.95,1,0.8
"locus1849",0.2222,0.7857,0.375,0.6875,1,0.7857,0,0.8571,0.1667,0.4286,0.95,0.5,0.95,0.3571,0.5,0.0455,0.1667,0.1667,0.75,0,0.6429,0.6667,0.4286,0.25,0.6111,0.7857
"locus1850",0.0833,0,0.05,0,0,0.0417,0,0,0,0.2,0.0455,0,0.05,0,0,0,0,0,0,0,0,0,0,0,0,0
"locus1851",1,0.9375,1,1,0.8889,0.9583,1,0.9444,1,1,0.9545,0.875,0.9,1,0.9583,1,1,1,1,1,0.7857,1,1,1,1,0.875
"locus1852",0,0,0.1,0.0909,0.1667,0,0,0.0556,0.0455,0,0,0.0625,0,0.0625,0,0,0.0556,0,0.0625,0,0.0714,0.0455,0,0.25,0.0455,0
"locus1853",1,1,0.95,0.9,1,1,1,0.8889,1,0.9375,0.85,1,0.85,1,0.9167,0.9091,0.8333,1,1,0.8889,1,1,0.95,1,0.9545,0.9583
"locus1854",0.9167,0.9286,0.85,1,0.8333,0.7083,1,0.8889,0.9091,0.9375,0.8182,1,0.8333,1,0.875,1,0.9444,1,1,1,1,1,1,1,0.8636,0.875
"locus1855",0.2273,0.6667,0.5,0.25,NA,0.75,0,0.5714,0.5,0.5,0.9444,0.5,0.95,0.375,0.5,0,0.25,0.5,0.5833,0.25,0.8,0.5,0.5,0.6667,0.3333,0.5556
"locus1856",0.8333,1,0.875,0.7727,1,0.9583,1,1,0.8333,1,0.8636,0.75,1,1,1,0.9545,0.6875,1,0.9,1,0.9286,1,0.8333,0.7857,0.7222,0.8636
"locus1857",0.9583,1,1,1,1,0.9583,0,1,0.9091,0.8,1,1,1,1,1,0.1111,1,1,1,1,1,1,0.95,1,0.9545,1
"locus1858",0.9167,1,0.95,1,0.875,0.9583,1,0.9375,0.9091,1,1,0.875,1,0.9375,0.8182,1,1,0.8333,0.875,1,0.9286,1,1,0.9,0.9091,0.6667
"locus1859",0.9167,1,1,0.7778,1,1,1,1,0.9545,1,0.9545,1,1,1,1,0.5,1,1,1,1,1,1,1,1,0.95,1
"locus1860",1,0.875,0.95,1,1,0.9583,1,0.9444,0.9545,0.875,1,0.9375,0.95,1,1,0.8636,1,1,1,1,1,0.8636,0.95,1,0.9091,1
"locus1861",0.6364,0.8571,0.8,1,0.875,0.6364,1,0.9167,1,0.8333,0.8889,0.75,0.6667,0.6667,0.7917,0.75,0.75,1,0.6875,1,0.7,1,0.9286,0.9,0.8333,0.7778
"locus1862",0.625,0.625,0.5714,0.3636,0.8125,0.6364,0.2,0.5714,0.6364,0.5,0.6818,0.4,0.6875,0.6,0.5833,0.6111,0.375,0.5,0.7,0.5,0.4167,0.3889,0.6667,0.55,0.8125,0.75
"locus1863",0.0417,0.1429,0.25,0.0909,0.2143,0.35,0,0.125,0.2273,0.125,0.0455,0.1429,0.1429,0.25,0.2917,0,0,0.1667,0.2857,0.0714,0.4,0.0455,0.0556,0.35,0,0.3
"locus1864",0.75,1,1,1,1,1,1,0.9375,0.9091,1,1,0.75,1,0.875,1,1,0.7778,0.8333,0.9375,0.7222,1,0.9545,0.85,0.95,0.8636,1
"locus1865",0.1667,0,0,0,0,0,0,0,0,0.25,0,0,0,0.0625,0,0,0.2222,0,0.0625,0,0,0,0.05,0.15,0,0.0417
"locus1866",0.7778,0.8571,0.7222,0.875,1,0.875,0.25,0.7778,0.6875,0.5833,0.9,0.7857,0.9,0.75,0.7222,0.3333,0.75,0.8333,0.5,0.5,1,0.8125,0.8125,0.7857,0.85,0.9583
"locus1867",0.2917,0.0625,0.05,0.0455,0.0556,0.0417,1,0.0556,0.0455,0.8333,0.0455,0.0625,0,0,0.0833,0.7273,0.375,0.3333,0.125,0.4375,0.2143,0.3182,0.1,0.05,0.3182,0.0417
"locus1868",0.75,1,1,0.5,1,1,1,1,0.9545,1,1,0.9375,0.95,0.9375,1,1,0.6667,0.75,1,0.6667,1,0.8636,0.7,1,0.8636,1
"locus1869",0.0417,0.0625,0.1,0.0909,0,0.0417,0.2,0.1111,0.3182,0,0,0.125,0,0,0.125,0.1818,0.1875,0,0.0625,0.3333,0.0714,0,0.05,0.15,0.3182,0
"locus1870",1,1,0.95,0.95,0.9444,1,1,1,0.7727,0.9375,1,1,1,0.9375,0.9167,0.65,1,0.8333,0.9375,0.7778,1,1,1,0.95,1,1
"locus1871",0.8333,0.9375,0.95,0.875,1,0.8636,1,1,1,0.875,0.65,1,0.8,0.9375,1,1,0.6667,1,1,1,1,1,0.7778,0.85,0.9545,1
"locus1872",0.5,0.125,0.4286,0.7222,0.1,0.2222,1,0.3333,0.6111,0.7,0.05,0.5833,0.0556,0.7857,0.3,0.625,0.8333,0.75,0.6,0.7,0.1,0.5556,0.6667,0.3571,0.5,0.1
"locus1873",0.0833,0,0.15,0.1364,0,0,0,0,0,0,0.0455,0,0,0.0625,0.0909,0.0909,0,0.3333,0.0625,0.1111,0,0,0.05,0.15,0,0.0417
"locus1874",0.9545,0.6875,0.8333,0.9545,1,0.9583,1,1,0.9375,1,0.9545,1,1,0.5,0.8333,1,0.9444,1,0.7143,0.8571,1,1,1,1,0.9545,0.9583
"locus1875",0.5417,0.5625,0.45,0.5,0.7857,0.7,0.1,0.4375,0.35,0.625,0.7727,0.4167,0.8,0.5833,0.6364,0.0455,0.5,0.6667,0.4286,0.4375,0.5,0.625,0.4444,0.5556,0.4091,0.6818
"locus1876",0.9583,0.8333,1,1,0.6111,0.8125,1,0.9444,1,1,0.7143,0.9286,0.85,1,0.875,1,0.9444,1,1,1,1,0.7143,0.9,1,0.95,0.8182
"locus1877",0.0417,0,0.05,0.0455,0.1111,0,0,0,0.0909,0,0,0,0,0,0,0.0455,0,0.1667,0.125,0,0,0.3125,0,0,0.0909,0.0833
"locus1878",1,0.7,0.85,0.6111,0.6429,0.55,0.9,0.5,0.8333,0.5,0.3,0.8333,0.5,0.7,0.7857,1,0.9444,1,0.75,0.9444,0.25,0.85,0.75,0.5,0.9286,0.7778
"locus1879",0.7917,1,0.95,1,1,1,1,1,0.9545,1,1,0.9375,1,0.9375,0.875,1,1,1,0.875,1,1,0.5,1,0.75,1,1
"locus1880",0.875,1,1,1,1,1,1,0.9444,1,1,1,1,1,1,0.9583,0.8125,0.7143,0.8333,1,1,1,1,0.95,1,0.9,1
"locus1881",1,0.8,1,1,0.9286,0.4091,1,1,1,0.9375,0.65,1,0.65,1,1,1,0.9444,1,1,1,1,1,1,1,0.8636,1
"locus1882",0.9583,1,0.95,0.6875,1,1,1,1,0.9545,1,0.9545,1,1,0.9375,1,0.9091,0.9375,1,0.9375,1,1,1,1,0.85,0.9091,1
"locus1883",0.875,0.7143,0.5556,0.9286,0.75,1,1,0.8,0.5625,0.8125,1,0.9,1,1,0.6,0.9545,1,1,0.6429,0.7143,0.75,1,0.9375,0.5833,0.7143,0.6111
"locus1884",0.0833,0,0,0.0909,0,0.0833,0,0.125,0.0909,0.1875,0,0,0,0,0.0833,0.0909,0.0556,0,0.125,0.0556,0.3333,0,0.05,0,0.3571,0.1667
"locus1885",0.5455,0.25,0.4444,0.375,0.6667,0.25,0.75,0.2857,0.5,0.5833,0.05,0.1667,0.0714,0.4167,0.3333,0.6,0.5556,0.5,0.5,0.3333,0.125,0.5909,0.5833,0.4444,0.4,0.2778
"locus1886",0.8333,0.9375,1,0.9545,0.9375,0.9583,0.875,0.9444,0.9545,1,1,1,1,1,0.9583,1,0.9444,1,1,1,1,1,0.9,1,0.7,0.9583
"locus1887",1,1,1,0.9091,1,1,1,0.3571,1,1,1,1,1,1,1,1,1,0.8333,1,1,1,0.9545,0.95,1,1,0.9375
"locus1888",0.875,1,0.6667,0.8636,0.5,0.9583,1,0.6667,0.9167,1,0.9545,1,1,0.9167,0.9375,1,1,1,0.5,0.9444,0.8571,1,1,1,0.9545,0.625
"locus1889",0.9545,1,0.95,1,1,0.9545,1,1,1,1,0.7727,1,0.8333,1,0.9167,0.9545,1,0.8333,0.875,1,0.9286,1,0.95,1,0.7727,1
"locus1890",0.7778,0.8571,0.6875,0.875,0.8,0.75,0.5,0.75,0.8,0.625,0.9091,0.875,1,0.8125,0.7083,0.6111,1,0.8333,0.875,0.8333,0.75,0.6875,0.7,0.8333,0.85,0.75
"locus1891",0.75,0.8125,0.75,0.5455,0.5556,0.7727,1,0.6667,0.8636,0.7857,0.95,0.5,0.875,0.875,0.625,0.9545,0.8889,0.5,0.7143,0.8889,0.3571,0.8182,0.8889,0.6,0.7273,0.375
"locus1892",0.9583,0.8,0.95,1,0.6111,1,0.4,0.9444,0.8636,0.25,0.7857,1,0.9167,0.875,0.875,0.4545,1,1,0.875,1,1,1,1,0.95,1,1
"locus1893",0.9167,0.875,0.9,1,1,1,1,1,0.9545,1,0.9545,1,1,1,0.9091,1,0.9444,1,0.8571,1,1,1,1,0.9,0.9545,1
"locus1894",1,0.9375,0.95,1,0.9444,1,1,0.8889,0.9091,1,0.9091,1,0.75,1,1,1,1,1,1,1,1,1,1,1,0.9545,0.9583
"locus1895",0.9091,1,1,1,1,1,1,1,1,0.8125,1,1,1,1,1,1,1,0.8333,1,1,1,0.5,0.75,1,0.6667,0.875
"locus1896",0.625,0.75,0.95,0.875,1,0.9583,0.5,1,0.8,0.75,0.9545,0.9286,1,0.8571,0.9167,0.6111,0.9167,0.3333,0.9375,0.8889,1,1,0.8333,0.9286,0.8889,0.9583
"locus1897",0,0,0.2,0,0.1667,0.125,0,0,0.0455,0,0,0,0,0.125,0,0.0455,0,0,0,0,0,0,0.05,0,0.0455,0.0417
"locus1898",0.9583,1,1,1,0.75,0.9,1,1,1,1,0.6,1,0.4167,1,0.9583,0.9545,1,1,1,1,1,1,1,1,1,1
"locus1899",1,1,1,0.9545,1,0.9167,1,1,1,1,1,1,1,0.8125,1,1,1,1,1,1,0.8571,1,0.75,1,1,0.9583
"locus1900",0.8182,0.6667,0.7,0.9444,0.8571,0.8182,0.375,0.8125,0.8333,0.5,0.6667,0.9,0.9286,0.625,0.6818,0.3333,0.6875,0.75,0.625,0.75,0.9286,0.7857,0.7857,0.875,0.8333,0.6429
"locus1901",0.9167,0.8571,1,0.9545,1,0.9583,0.9,1,0.9545,1,1,1,1,1,0.9583,1,0.9444,1,1,1,1,0.9545,1,0.9,0.8636,1
"locus1902",0.1364,0.25,0.0556,0.1364,0.1111,0.25,0.5,0.0556,0.2727,0.4,0.2,0.2,0.35,0.1429,0.1,0.375,0.125,0.1667,0.0625,0.2222,0.0833,0.0909,0.3125,0.375,0.2273,0.2
"locus1903",0.8333,1,0.55,1,0.8571,0.9583,0,0.0625,0.1818,0.6667,0.9091,0.9,0.95,0.5,0.8333,0.1818,0.875,1,0.7857,0.7222,0.125,0.95,0.9444,0.8,0.7,0.5
"locus1904",0.9545,0.8125,0.8125,0.9091,1,0.875,0.9,0.8333,0.8,1,0.9091,0.9375,1,0.9286,0.7727,1,0.9444,1,0.9286,1,1,1,1,1,1,0.9091
"locus1905",1,1,1,1,0.5,0.5625,1,1,1,0.9375,1,1,1,0.9375,0.9583,1,1,1,0.9375,1,1,1,1,1,0.9545,0.8182
"locus1906",0.9545,0.75,1,0.8636,0.6667,0.9091,1,1,0.8182,0.9375,1,1,1,1,0.9583,1,1,0.6667,0.875,0.7778,0.8333,0.75,0.95,0.95,1,1
"locus1907",0.8636,1,0.95,1,1,0.9583,0.9,0.8889,0.8,1,0.8636,0.9167,0.95,0.6875,0.8333,0.9545,1,0.8333,0.75,0.9444,0.8333,0.7778,0.85,0.7857,0.875,1
"locus1908",0.1364,0.0625,0,0.0455,0,0.0833,0.125,0.1111,0.0909,0.125,0.0455,0.1875,0.1,0.125,0.1364,0.2,0.0556,0,0.0625,0.1667,0.2143,0.0455,0.05,0.15,0.0455,0.0833
"locus1909",0,0.0625,0,0.0455,0,0,0,0.1111,0,0,0,0.0625,0,0,0.0417,0,0,0,0,0,0.1429,0,0,0.15,0,0.0833
"locus1910",0.9583,1,0.9444,0.9545,1,1,0,1,0.7143,0.8,1,1,1,1,0.9167,0.125,0.9375,1,0.9375,0.5,1,0.8636,0.85,0.95,0.9091,1
"locus1911",0.125,0.0714,0.2,0,0,0.0833,0,0,0.05,0.125,0.5,0.125,0.25,0.1875,0.0455,0,0.2222,0,0,0.1667,0.2143,0.0455,0,0.3333,0.0909,0
"locus1912",1,0.8125,0.75,0.8182,0.8125,0.9167,1,0.8889,0.8636,0.9375,1,0.6429,1,0.8125,0.9167,1,0.8889,0.6667,0.8125,0.9444,0.9286,0.9091,0.625,0.8889,0.6111,0.75
"locus1913",1,0.9375,1,0.9091,1,1,1,0.8889,1,0.8125,1,0.875,1,1,0.9167,0.9091,0.9444,0.8333,1,1,1,1,0.9,0.9,1,0.9167
"locus1914",0.875,1,1,0.9091,0.9444,0.9583,0.9,1,1,0.9375,0.8182,1,0.9,0.9375,0.9167,1,1,1,0.9375,1,1,1,0.9,0.95,1,1
"locus1915",0.125,0,0,0,0.1111,0.0417,0.6,0.0556,0.0455,0,0,0.0625,0,0.0625,0.0417,0.5455,0,0,0,0,0,0,0.1,0,0.0909,0
"locus1916",1,0.875,0.9,0.9545,1,1,NA,1,1,0.9286,1,1,1,0.5,1,NA,0.9444,1,1,0.8889,1,0.5833,1,1,1,1
"locus1917",1,0.9375,1,0.9091,1,1,1,1,0.9091,1,0.9545,0.9375,0.7,0.875,0.9167,1,0.9444,1,1,0.625,1,0.95,0.95,0.85,1,1
"locus1918",0.65,1,1,1,1,0.9167,0.625,0.8125,1,1,1,1,1,0.9375,1,0.35,0.6667,NA,1,0.5625,1,0.7727,0.875,0.8,0.75,0.7727
"locus1919",0.9583,1,1,1,1,1,1,1,1,1,0.9545,1,1,0.9375,1,1,0.8333,1,0.9375,1,1,1,0.9375,1,1,1
"locus1920",0.8125,1,0.95,1,1,1,0.25,0.9444,0.875,1,0.9545,1,1,1,0.875,0.55,1,1,0.9375,0.9286,1,0.5,0.95,0.8,0.8636,0.9583
"locus1921",0.8182,1,0.95,0.6111,1,1,1,1,0.9091,1,1,1,1,1,1,1,1,1,1,0.9444,1,0.6667,0.8333,1,0.9545,1
"locus1922",1,0.9375,0.8,1,1,0.875,1,1,0.9091,1,0.8182,1,0.95,1,0.875,0.9545,1,0.8333,0.8125,0.9444,0.9286,1,0.95,1,0.9545,1
"locus1923",1,0.5,1,1,0.3333,0.5,1,0.875,0.9545,1,0.6429,0.875,0.3,1,0.9583,1,0.8889,1,0.9375,0.9375,0.75,1,0.9,0.9,0.7222,0.6875
"locus1924",0.9167,0.9375,1,1,1,1,0.7,0.8889,1,0.7143,1,0.9375,0.95,0.9286,1,0.6364,1,1,1,0.9444,0.9286,0.9545,1,1,0.9545,1
"locus1925",0.7273,1,0.7,1,0.9444,0.875,1,0.9375,0.6818,1,0.9091,1,1,0.7143,0.7083,0.9091,1,1,0.625,0.8125,0.9167,1,0.95,0.8889,0.95,1
"locus1926",0.2,0.4167,0.5714,0.2,0.25,0.3571,0,0.5,0.2857,0.3,0.125,0.25,0.2,0.2857,0.4545,0.0455,0.125,0.5,0.4167,0.3571,0.5833,0.1667,0.0625,0.6429,0.7273,0.3889
"locus1927",1,0.7857,0.7778,0.8,0.7857,0.7083,1,0.5625,1,0.7857,0.8,0.75,0.9,0.7857,0.8182,0.9545,1,1,0.75,1,0.5,1,1,0.8125,0.9286,0.4545
"locus1928",0.875,1,0.95,0.9091,1,0.8333,1,0.9444,1,0.9375,0.9091,1,1,1,0.875,0.9545,0.9375,1,1,1,0.9286,0.9545,1,1,1,0.9167
"locus1929",1,1,1,1,0.9444,0.9583,1,0.8333,0.9545,1,1,0.875,1,1,1,1,1,1,1,1,1,0.9545,0.95,1,0.9545,0.8182
"locus1930",1,1,1,1,0.9444,0.9583,0.625,1,1,0.7,1,1,1,1,1,0.5556,0.8889,1,1,1,1,1,1,0.95,0.9545,1
"locus1931",0.9583,0.9286,0.9,1,1,1,0.9,0.9444,0.9545,0.875,1,0.9375,1,0.875,0.9091,1,0.9375,0.6667,0.875,0.7778,0.8571,1,0.95,0.95,1,1
"locus1932",1,1,0.9,1,1,0.7917,0.625,0.9444,1,0.9375,1,1,1,0.9375,1,0.8333,1,1,0.9375,1,1,0.9545,0.95,1,1,1
"locus1933",1,1,0.9,1,1,0.9583,1,1,1,1,0.9091,1,0.6667,1,1,1,1,1,1,1,1,1,0.95,1,1,0.9167
"locus1934",0.4,0.0625,0.5,0.125,0.75,0.1818,0,0.4167,0.4091,0,0.1364,0.3571,0.0556,0.4167,0.4545,0.0455,0.25,0.6667,0.5,0.375,0.5,0.2727,0.1875,0.5,0.6111,0.2778
"locus1935",0.6,0.5,0.5,0.5909,0.4286,0.5,0.5,0.6429,0.5,0.625,0.5909,0.7143,0.5556,0.5,0.5,0.5455,0.5556,0.8333,0.5,0.5833,0.7143,0.7727,0.5625,0.6,0.5556,0.5909
"locus1936",0.9167,0.9375,1,0.9545,0.8889,0.9583,0.3333,0.9444,0.9545,0.6875,1,1,1,0.8125,0.9167,0.5,0.9444,1,0.9375,0.8125,1,1,1,0.9,1,0.9167
"locus1937",0.7,1,0.85,0.65,1,1,1,1,0.9091,1,0.9545,1,1,0.9375,0.9091,0.9545,0.7778,1,0.9286,0.9444,1,0.9545,1,0.85,1,1
"locus1938",0.9167,1,0.7857,1,0.6429,0.9583,1,0.7857,0.9375,1,0.9091,1,1,1,0.75,1,0.9,0.5,0.8333,1,0.9167,0.9,0.5833,0.9167,0.9444,0.8333
"locus1939",0.0833,0.0625,0,0.0455,0.0556,0,0.1,0,0,0.25,0,0.125,0,0.0625,0.0417,0,0.2778,0,0.0625,0.0625,0.0714,0,0.05,0.25,0.15,0
"locus1940",0.7917,0.7143,0.95,0.6,1,0.75,1,1,0.9545,0.8571,0.95,0.9375,0.8889,1,0.875,0.9545,0.7778,1,1,1,1,0.9545,0.8571,0.9,0.9091,0.9583
"locus1941",0.9583,1,1,1,1,0.9583,0.5,0.9444,0.9091,0.8333,1,1,1,0.8125,1,0.4375,1,1,1,1,1,1,1,1,1,1
"locus1942",0.9375,0.75,0.8125,0.9444,0.4286,0.6111,1,0.9375,0.7273,0.8333,0.25,0.5,0.3333,0.7143,0.8182,1,0.7857,0.8333,0.6875,1,0.75,0.7727,0.7857,0.7222,0.4167,0.6667
"locus1943",0.8636,0.5,1,0.7143,0.6111,0.6667,1,0.5833,0.8125,1,0.7143,0.75,0.6875,0.875,0.8,1,0.9444,0.75,0.875,1,0.5,0.625,0.75,0.6667,0.6875,0.4375
"locus1944",0.5,0.625,0.75,0.5714,0.5625,0.5556,0.8,0.75,0.8125,0.5714,0.3636,0.7,0.3,0.75,0.7,0.7727,0.5833,0.75,0.6,0.8571,0.5,0.0714,0.625,0.6429,0.4444,0.5714
"locus1945",1,0.8125,0.85,0.9545,0.8333,0.875,1,0.7143,0.9091,0.875,1,0.8571,1,1,0.9167,1,0.9444,0.6667,1,0.8889,0.8,0.95,0.95,0.9,0.9545,0.5
"locus1946",0.625,0.875,0.95,0.6667,1,0.8333,1,1,0.9545,1,1,0.9375,1,0.9375,0.9167,1,0.6667,0.6667,1,0.9375,1,1,0.8,0.95,0.9444,0.9167
"locus1947",1,1,1,0.7727,1,1,1,1,1,1,1,1,1,0.9375,0.9545,1,1,1,1,1,1,0.8,0.95,1,0.9545,1
"locus1948",1,1,1,1,1,1,1,1,1,1,1,1,1,1,1,1,1,1,1,1,1,0.375,1,1,1,1
"locus1949",1,1,1,0.9545,0.9444,1,NA,0.9444,1,1,0.5625,0.9375,0.9,0.9375,1,0.7,1,1,1,0.8889,1,1,1,0.7,0.9545,0.9583
"locus1950",0.9583,0.8571,1,1,0.6667,0.8333,1,0.6,0.7273,0.875,1,1,1,1,0.95,0.9545,1,1,0.9,1,0.7,0.9545,0.9,0.5,0.7857,0.5
"locus1951",1,1,1,0.9545,0.4,0.6667,1,0.875,1,1,1,1,0.875,0.9375,0.9583,1,1,1,1,1,1,1,0.95,1,0.7273,0.6667
"locus1952",0,0.4167,0.15,0.0455,0.4286,0.4375,0,0.1667,0,0,0.55,0,0.8125,0.125,0.0417,0.0455,0,0,0,0.0556,0.3333,0,0.05,0.05,0.0714,0.3125
"locus1953",1,1,1,0.9545,1,0.9167,1,1,0.8636,0.9375,0.9545,1,0.95,0.9375,0.9545,0.9545,1,1,0.875,0.9444,0.5,1,1,1,1,0.9583
"locus1954",0.55,0.9375,0.85,0.9,0.8889,1,0.875,0.7143,0.8636,1,1,0.75,0.9,0.8125,0.9583,0.5625,0.6429,1,0.875,0.8571,1,0.9286,0.6,1,0.8182,0.7917
"locus1955",0.0417,0.125,0.3,0.0455,0,0.0833,0,0.0556,0,0,0.1111,0,0.25,0.1875,0.1818,0,0,0,0.3571,0,0.1429,0.0455,0,0.05,0,0
"locus1956",1,1,1,1,0.9444,0.9583,1,1,1,1,0.5714,0.9375,1,1,0.9167,1,1,1,1,1,1,1,1,1,1,1
"locus1957",1,1,1,0.9545,1,0.9583,1,1,1,0.9375,1,1,1,1,1,1,0.9444,0.8333,1,1,1,0.85,0.9444,0.9,0.9545,1
"locus1958",1,1,0.95,0.9545,1,0.9583,1,1,1,1,1,1,1,0.8571,1,0.8182,1,1,1,0.9444,0.9286,1,1,0.95,0.7273,1
"locus1959",1,1,1,0.95,1,1,0.2,1,1,0.9167,1,1,1,1,1,0.1,1,1,1,0.8889,1,1,0.95,1,1,1
"locus1960",1,0.6667,0.65,1,1,0.75,1,0.75,0.875,0.9,0.75,0.75,0.75,0.6429,0.8333,0.7143,1,1,0.8571,1,0.6667,1,1,0.8333,1,0.85
"locus1961",0.0417,0,0,0,0,0.0455,0,0.1667,0.0455,0,0.3333,0.0625,0.45,0,0.0417,0.1,0.0625,0,0,0,0,0,0,0,0,0
"locus1962",0.1667,0.1875,0.1111,0.0455,0,0,0.4,0.0556,0.1818,0.5,0.1364,0.0625,0,0.2143,0.125,0.4545,0.1111,0,0.2143,0.1875,0,0.0455,0.2,0.4,0,0
"locus1963",0.9167,1,0.9,1,1,1,1,1,0.9545,1,1,1,1,0.6875,0.9167,1,1,1,1,0.8889,1,0.7727,1,1,1,0.9583
"locus1964",1,0.7857,0.9,1,1,1,1,1,0.8636,0.8571,1,1,1,1,0.9583,1,1,1,1,1,1,1,1,0.95,1,1
"locus1965",0.8182,1,0.9,0.9545,0.9444,1,0.5,0.9444,0.8182,0.8333,1,0.8125,0.8889,0.9375,1,0.4,0.8125,0.6667,0.8125,0.875,1,0.6364,0.8333,0.75,1,0.9583
"locus1966",0,0.0625,0.05,0,0,0,0,0,0.0455,0,0,0,0,0,0,0,0,0,0.0625,0,0,0.4,0,0,0,0.1667
"locus1967",0.2273,0,0.1667,0.3571,0,0.0833,0,0,0.3889,0,0.0455,0.0714,0,0.3,0.125,0.0455,0,0,0.0833,0.1875,0,0,0.4167,0.0833,0.05,0
"locus1968",0.9583,1,0.85,0.8182,1,1,1,1,0.9091,1,1,1,1,0.8125,1,1,1,1,0.9286,0.9444,1,1,1,1,0.9545,1
"locus1969",0.9167,0.875,0.9444,0.9091,1,0.8333,1,0.9444,1,0.9375,0.95,0.9375,1,0.6875,0.9,0.9545,0.9444,1,0.7143,1,0.8571,1,1,0.6,0.9545,0.8333
"locus1970",0,0,0.1,0.0909,0,0.2083,0,0.1667,0.0909,0,0,0.0625,0,0.0625,0,0,0.1429,0,0,0.0556,0.0714,0,0,0.1,0.0909,0
"locus1971",0.9167,1,0.9,0.9091,1,1,1,1,0.9545,1,1,1,1,0.875,1,1,0.9444,1,0.9375,1,1,1,0.9,0.95,1,0.9583
"locus1972",1,1,1,0.9545,1,0.8333,1,1,0.9545,1,0.9091,1,0.8889,0.9286,1,1,1,1,0.9375,1,1,1,1,1,0.9545,1
"locus1973",1,0.875,1,1,0.8333,0.9583,1,1,1,0.9375,0.9091,1,0.8,1,1,1,1,1,1,1,1,1,1,1,1,0.9167
"locus1974",1,0.9375,0.95,0.9545,1,0.875,1,1,1,1,0.9545,0.9375,0.9,1,0.9583,1,1,1,1,1,0.9286,1,1,1,1,0.9167
"locus1975",0.75,1,0.8,1,1,0.9545,0.2,1,0.8636,1,1,0.9375,1,0.875,0.9583,0.85,0.875,1,0.9375,0.7857,1,1,0.9,0.6667,0.9,0.9167
"locus1976",0.8182,1,0.6429,0.875,1,0.8333,1,0.9444,0.75,0.6,0.9545,0.8125,1,0.6,0.8636,0.8333,0.875,0.5,0.9167,0.8333,0.8571,1,0.9375,0.8889,0.9091,1
"locus1977",0.5,0.5,0.6111,0.45,0.75,0.6364,0.2,0.8333,0.5556,0.2143,0.9286,0.5,0.8,0.5,0.4091,0.0455,0.3889,0.6667,0.5,0.4286,0.5714,0.6,0.45,0.5,0.55,0.7727
"locus1978",0.8636,1,0.95,1,0.9444,1,1,1,0.8636,1,1,0.9375,1,0.8125,0.9583,0.9545,0.9167,0.8333,0.9375,0.9444,1,1,0.75,0.95,0.9545,1
"locus1979",1,0.9375,1,1,1,1,0.9,0.9444,0.9545,0.9375,1,0.9375,1,0.875,0.9167,0.9545,1,0.8333,1,0.9444,0.9286,1,1,0.7222,1,1
"locus1980",0.9583,0.9375,1,1,0.7,0.875,1,0.8125,1,1,0.9375,1,0.9,1,1,1,1,1,1,1,1,1,1,1,0.8636,0.8
"locus1981",0.125,0,0,0.1818,0,0,0,0.0556,0,0,0,0.2143,0,0,0.1667,0,0,0.1667,0,0.1111,0.0714,0.0455,0.1,0.05,0.0455,0
"locus1982",1,0.75,1,1,1,0.875,1,1,1,1,1,0.9375,1,1,1,0.9545,1,1,1,1,1,1,1,0.85,1,0.9583
"locus1983",1,1,1,1,0.8889,0.9167,1,1,1,1,0.8182,1,1,1,0.9583,1,0.9444,1,1,1,0.9286,1,0.9,1,1,1
"locus1984",0.0556,0.3125,0.2778,0.25,0.1111,0.3889,0,0.2778,0.25,0,0.2778,0.4375,0.25,0.1875,0.2727,0,0,0,0.3333,0.3125,0,0.0455,0.15,0.3333,0.3,0.1364
"locus1985",1,1,1,0.9545,0.9444,1,1,1,0.8636,1,0.95,1,1,0.9375,0.875,1,1,1,0.8125,0.9444,1,1,1,1,1,1
"locus1986",1,1,1,1,1,1,1,1,1,1,1,1,1,1,0.9583,0.6111,1,1,0.9375,0.7778,1,0.55,1,0.9,1,1
"locus1987",0.4583,0.6875,0.7222,0.75,0.3571,0.6667,0.6,0.5556,0.6364,0.6429,0.7273,0.5,0.7,0.5714,0.5455,0.5909,0.4444,0.5,0.5625,0.5556,0.4286,0.7,0.7,0.7,0.5,0.375
"locus1988",0.9583,0.8125,0.95,0.9545,0.9444,0.9167,0.875,0.9444,1,1,1,1,0.95,1,1,1,1,1,1,1,1,0.9091,0.8,0.95,1,0.875
"locus1989",0.15,0.3,0.125,0.2,0.7,0.6875,1,0.7143,0.0455,0.75,0.2,0,0.4,0.0625,0.25,0.8636,0.0625,0,0.2,0.3333,0.4167,0.0455,0.0714,0,0.5,0.7778
"locus1990",1,0.9375,0.95,1,1,1,0.8,1,1,1,0.9545,1,1,0.9375,1,0.6667,1,1,1,0.8889,0.9286,1,1,1,1,1
"locus1991",0.4583,0.25,0.3889,0.4545,0.25,0.1667,0,0.1875,0.25,0.625,0.3182,0.5,0.2222,0.3571,0.5455,0.0455,0.3333,0.5,0.375,0,0.1667,0.6,0.45,0.4375,0.2143,0.0625
"locus1992",0.65,1,0.7778,0.875,1,1,0.5,1,0.7,0.9167,1,0.7143,1,0.75,0.9,0.5,0.9,0.6667,0.9375,0.6667,1,0.5714,0.9375,0.9167,0.95,1
"locus1993",0.75,0.9375,0.7778,0.8333,1,1,0.5,0.9444,0.6667,1,1,1,1,0.8571,0.9167,0.5,0.3571,1,0.8125,0.8333,1,0.4091,0.875,0.8125,0.85,0.9167
"locus1994",0.8636,0.75,1,0.875,0.5,0.3889,1,0.8571,0.7222,0.875,0.3889,0.8571,0.5,1,0.7857,1,0.75,1,0.9,0.9,0.75,0.8571,0.9286,0.5,1,0.85
"locus1995",0.1818,0.4286,0.1875,0.1667,0.4,0.4091,1,0.1667,0.4091,0.5625,0.8,0.4375,0.9,0.0714,0.375,0.6875,0,0.25,0.3125,0.8333,0.3333,0.0909,0.3333,0.35,0.6,0.15
"locus1996",1,0.75,1,1,0.875,0.75,1,1,1,1,0.85,0.875,0.8,1,0.9583,1,1,1,0.9375,1,1,1,1,0.95,0.9545,0.6818
"locus1997",1,1,1,1,0.75,1,1,0.75,1,1,1,0.9375,1,1,1,1,1,1,1,1,1,1,1,1,0.9545,0.6364
"locus1998",0.9583,1,1,1,1,1,0.7,0.9444,0.9091,1,0.9545,1,1,1,1,0.8333,0.9444,1,1,1,1,1,1,1,0.9545,1
"locus1999",0.6364,0.6,0.5556,0.2778,0.4375,0.3333,1,0.625,0.4545,0.375,0.6667,0.4167,0.6429,0.4,0.5,0.95,0.8571,0.5,0.5,0.625,0.2857,0.5,0.5,0.5625,0.6111,0.1364
"locus2000",1,1,1,1,1,1,1,1,1,1,1,1,1,0.9375,0.8636,1,0.8333,1,0.875,0.8889,1,1,1,1,1,1
"locus2001",1,1,0.9444,1,0.8889,1,1,0.9375,1,1,1,1,1,1,0.9167,1,1,1,1,1,0.8571,1,1,0.95,0.9,0.75
"locus2002",0.75,1,1,0.8,1,0.9167,1,1,1,1,1,1,1,1,1,1,0.5556,1,0.9375,0.9375,1,1,0.7,1,1,1
"locus2003",0.875,0.9375,1,0.7727,1,0.9583,1,1,1,0.9375,0.9545,1,1,1,1,1,0.9444,1,1,1,1,0.9545,1,1,1,1
"locus2004",0.875,1,1,1,1,1,1,0.9444,0.9091,1,1,1,1,0.9375,1,0.9091,0.8889,1,1,0.875,1,1,0.95,1,1,1
"locus2005",1,1,1,1,0.8889,0.3333,1,0.9444,1,1,0.5,1,0.5,1,0.9583,1,1,1,1,1,1,1,1,1,0.9545,0.9583
"locus2006",0.8333,0.875,0.5,1,1,1,1,1,0.6364,1,0.9091,0.9167,1,0.6875,0.5625,1,1,NA,0.375,0.5556,0.7857,0.9545,0.9444,0.8333,0.8125,1
"locus2007",0.8333,0.8125,0.9,0.9545,1,1,1,0.9444,0.95,1,0.9091,0.9375,0.95,0.7857,0.7083,1,0.9444,0.8333,0.8125,0.8333,0.9286,0.9545,0.9,0.95,0.9545,1
"locus2008",0.5,0.5714,0.45,0.5714,0.6,0.6111,1,0.5,0.4091,0.75,0.7778,0.375,0.5556,0.625,0.4583,0.95,0.5,0.3333,0.4286,0.4286,0.5714,0.55,0.5,0.4444,0.6667,0.4375
"locus2009",0,0,0,0,0,0.1667,0,0,0,0.0714,0.3,0,NA,0,0,0,0,0.1667,0,0,0,0,0,0.1,0,0
"locus2010",0.0417,0.2143,0.05,0.2273,0.4375,0.125,0,0.0833,0.0909,0,0.4444,0.4167,0.375,0.0625,0.0833,0,0,0.3333,0.125,0,0.3333,0,0.1111,0,0.2727,0.5
"locus2011",1,0.9375,0.85,0.9545,0.9375,0.7917,1,0.8889,0.8182,0.9375,0.9091,1,0.5,1,0.9167,1,1,1,0.8125,0.7222,0.6429,1,0.95,0.85,0.9545,0.8182
"locus2012",1,0.875,0.95,1,0.8889,0.875,1,0.8889,1,0.9375,1,0.9375,1,0.9375,1,0.9091,0.8889,0.8333,1,0.9444,0.8571,0.75,0.9,0.8889,1,0.9167
"locus2013",0.9,0.875,0.85,0.8333,0.9444,1,0,0.8889,0.4375,0.5714,0.8636,0.9167,1,0.625,0.7273,0.0909,0.6429,1,0.8125,0.7222,0.6667,0.9091,0.9167,0.625,0.5455,1
"locus2014",1,0.7857,0.9,1,0.9375,0.9583,1,1,0.9545,1,0.8,0.75,0.9375,0.9375,0.875,0.9545,1,1,0.9375,1,1,1,0.95,0.9,0.8636,0.7917
"locus2015",0.2,0.1667,0.3571,0.0556,0.25,0.1875,0.25,0,0.375,0.3,0.25,0.4167,0.1667,0.4375,0.2857,0.5556,0.1,0,0.375,0.5,0,0.0909,0.375,0.1875,0.1111,0.2222
"locus2016",1,0.9375,1,0.9091,0.9444,1,1,0.7857,1,1,1,0.9375,1,0.875,1,1,1,0.8333,0.9375,1,0.9286,0.9091,0.9,0.95,0.9545,0.7727
"locus2017",0.1667,0,0.1,0,0,0.0417,0,0,0,0,0.0455,0,0.05,0,0,0,0,0,0,0,0,0,0.1,0.2,0,0.0833
"locus2018",1,0.9375,1,0.8636,0.9444,0.9167,1,1,1,1,1,1,1,1,1,1,1,1,0.9375,1,1,1,0.95,0.9,0.9545,1
"locus2019",0.625,0.375,0.6667,0.6429,0.5,0.5,0,0.2857,0.5,0.5,0.6429,0.5,0.5833,0.5833,0.25,0.1,0.6875,0.6667,0.5,0.5,0.4,0.25,0.7143,0.6,0.625,0.4375
"locus2020",0.45,0.9,0.7222,0.6667,0.8333,0.6,0.375,0.5833,0.625,0.8,0.8182,0.4167,0.6875,0.5833,0.6,0.6667,0.4,0.5,0.375,0.6667,0.5,0.5625,0.5625,0.8333,0.4375,0.3333
"locus2021",1,0.8125,1,1,0.9375,0.7917,1,1,1,1,0.5455,1,0.9,1,1,1,1,1,1,1,1,1,1,1,1,0.9167
"locus2022",0.85,1,0.9444,0.9545,1,1,1,1,0.8636,1,1,0.875,1,1,0.9,1,0.7857,0.8333,0.9375,1,1,1,0.8333,1,0.8125,0.8636
"locus2023",1,1,1,0.9545,1,1,1,0.9444,0.9091,0.875,1,1,1,0.875,0.9583,0.9091,1,1,1,0.9444,1,1,1,0.9,1,1
"locus2024",0.9167,0.9375,0.95,0.9545,0.9444,0.9583,1,0.8889,0.9545,1,0.8636,1,0.95,0.9375,1,1,1,1,1,1,0.7857,0.9545,1,0.95,1,0.9545
"locus2025",0.9583,1,0.95,1,1,1,1,0.7778,1,1,1,1,0.95,1,1,0.9545,1,1,1,1,0.7857,1,1,1,1,0.75
"locus2026",1,1,1,1,1,0.7917,1,1,1,1,1,1,0.7222,1,1,1,1,1,0.9375,1,1,1,0.95,1,1,0.9545
"locus2027",1,0.8571,1,0.6875,0.6875,0.65,1,0.8125,0.9545,0.5833,1,0.875,0.6875,0.8571,0.9545,1,0.9444,1,0.9375,0.9444,0.75,1,0.9444,0.8889,0.8889,0.9167
"locus2028",0.3333,0.7,0.25,0.625,0.6667,0.6364,1,0.7143,0.5,0.625,0.6667,0.6429,0.625,0.6429,0.5,0.75,0.125,0,0.1667,0.5,0.5,0.625,0.5,0.45,0.5,0.5
"locus2029",0.1364,0,0.05,0.25,0.0556,0,0.2,0.0556,0.0909,0.3571,0,0,0.05,0,0,0.2727,0.2778,0,0.125,0.2778,0,0,0.2,0.2,0.0909,0
"locus2030",0.9583,1,1,0.9545,0.8889,0.9167,1,1,1,1,0.9091,1,0.95,1,0.875,1,1,1,1,1,1,1,0.75,1,0.9091,0.9167
"locus2031",0.6667,1,0.65,1,1,1,1,1,0.9,1,0.9091,0.8333,1,1,0.9583,1,0.9444,1,0.9286,0.8889,0.8571,0.7727,1,0.8333,0.9091,1
"locus2032",1,0.875,0.95,1,0.1875,0.4583,1,0.8125,1,1,0.7,1,0.7778,1,0.9583,1,1,1,0.8125,0.9444,0.9286,0.9545,0.95,1,0.8182,0.7273
"locus2033",0.8,1,1,1,1,0.9167,1,1,0.9545,0.9286,1,0.875,1,1,0.9167,0.9091,1,1,1,1,1,0.7778,0.8333,1,1,1
"locus2034",0.9583,1,1,1,1,0.9583,1,0.7778,1,0.9375,1,0.9375,1,0.875,1,1,1,1,0.8571,1,1,1,1,1,1,0.9167
"locus2035",0.8889,0.875,0.8333,0.9444,0.9375,0.9583,1,1,0.9167,1,0.9545,1,1,0.9167,0.95,1,0.9286,0.75,0.9286,1,0.8,0.9545,0.75,0.5714,0.9091,1
"locus2036",0.9545,0.9286,0.9,1,1,0.9583,0.8,1,0.9091,1,0.9545,1,0.8,0.9375,1,1,1,0.6667,0.875,0.6875,1,0.85,1,1,1,1
"locus2037",0.35,0.4167,0.4444,0.3889,0.1667,0.25,0.1,0.5,0.2727,0.1667,0.4444,0.7,0.6875,0.5,0.3333,0.0455,0.2143,0.5,0.375,0.3125,0.75,0.1818,0.3333,0.5625,0.3889,0.5833
"locus2038",0.125,0.75,0.3571,0.25,0.4444,0.65,0,0.3889,0.1875,0.1429,0.4375,0.4,0.5625,0.4286,0.3,0,0,NA,0.5833,0.0714,0.5,0.25,0.2857,0.5,0.3636,0.25
"locus2039",0.7273,1,0.8125,1,1,1,1,1,0.7,1,0.9545,0.9375,1,1,0.8333,1,0.9375,1,0.9375,0.8889,0.4,0.9091,0.7222,0.85,0.7778,1
"locus2040",0.8182,1,1,1,1,1,1,1,1,1,1,1,1,0.9375,1,1,0.8889,1,1,0.8333,1,0.8636,0.95,1,0.8333,1
"locus2041",0.9167,0.6875,0.9,0.9091,1,0.8636,NA,0.9375,0.5455,0.75,0.7273,0.875,0.95,0.5625,0.8333,0.0625,0.8889,0.6667,0.75,0.7778,0.7857,0.65,0.9,0.7,0.8182,0.7222
"locus2042",0.9583,0.9375,1,0.9091,0.75,0.9583,1,0.5556,0.9545,0.9375,1,1,1,1,1,1,1,0.8333,0.9375,1,1,0.95,0.9,1,0.7273,0.0909
"locus2043",0.875,0.6875,0.95,1,0.625,0.6364,0.9,0.6667,0.8182,0.875,0.4444,0.9286,0.4444,1,0.7083,1,1,0.8333,0.875,0.8333,0.9167,0.75,0.8,0.85,0.7727,0.6875
"locus2044",0.9545,1,0.9,1,0.2857,0.7917,1,0.2857,0.8636,1,0.9545,1,1,0.9375,0.9545,1,1,1,0.9375,1,0.8333,0.9545,0.95,1,0.9091,0.3571
"locus2045",0.2778,0.75,0.875,0.5,0.5625,0.3182,0,0.6429,0.7273,0.3333,0.2143,0.75,0.4375,0.3125,0.7,0,0.125,0.3333,0.7143,0.4375,0.5,0,0.0625,0.5,0.4375,0.5417
"locus2046",0.1818,0,0,0.125,0,0.1364,0,0,0.0455,0,0,0,0.1,0.3333,0.2083,0.25,0.4375,0.1667,0.2857,0.1111,0,0.4167,0,0.05,0.3,0.0833
"locus2047",0.6,0.625,0.4167,0.8182,1,0.8333,0.25,0.8889,0.2857,1,0.9545,0.9286,1,1,0.8,0.9375,1,0.75,0.8125,0.7,1,0.75,0.7,0.65,0.65,0.8125
"locus2048",1,0.9375,0.95,1,1,1,1,1,0.9091,1,0.9545,0.9375,1,1,0.8182,0.9545,1,1,0.7857,1,1,1,1,1,1,1
"locus2049",0.8,0.875,1,0.7,1,1,0.3333,1,0.9545,0.9286,0.9545,1,1,0.9375,0.875,0.4167,0.875,1,0.9375,0.9167,1,0.6875,0.9375,1,1,0.9167
"locus2050",0.875,1,0.6875,0.8333,1,1,0.5,0.9444,0.75,0.6429,1,1,1,0.8571,0.8636,0.5909,1,0.5,0.7857,0.8571,0.8571,1,1,0.85,1,1
"locus2051",0.9583,0.9167,0.5,0.8889,0.8125,0.85,1,0.7857,0.9,1,0.85,0.7143,1,0.8333,0.8125,0.9545,0.8125,0.8333,0.6429,0.6429,0.7,1,0.9444,0.6875,1,0.9167
"locus2052",0.375,0.8,0.4,0.5625,0.5,0.8571,0.3333,0.5556,0.4,0.8,0.85,0.5,0.75,0.4167,0.4583,0.0909,0.5,0.5,0.375,0.6111,0.7143,0.2,0.5625,0.35,0.3,0.8
"locus2053",1,0.75,0.85,1,1,0.9167,1,0.7778,0.9545,1,0.8333,0.9375,0.875,1,1,0.9545,1,1,0.9375,1,1,0.9545,0.95,0.95,0.9091,1
"locus2054",1,0.9375,1,1,1,0.9583,1,1,0.9545,1,0.9545,1,1,1,0.9,1,0.8889,1,1,1,1,1,1,1,0.95,1
"locus2055",1,0.9375,1,1,1,0.9583,1,1,1,1,1,1,0.8889,0.9375,1,1,0.9444,0.8333,0.9375,0.9444,1,1,1,1,0.9545,0.9583
"locus2056",0.9167,1,0.95,1,1,1,0.8,1,0.9091,1,1,1,1,1,0.875,0.8333,0.8889,1,0.8125,0.9444,0.8333,1,1,1,0.9545,0.9167
"locus2057",0.2778,0.0625,0,0.125,0,0.0417,1,0,0.1667,0.5,0.0455,0,0,0.0625,0.0417,0.5,0.25,0,0,0.3,0.0714,0,0.2143,0,0.2857,0
"locus2058",0.7083,0.5,0.7143,0.7,0.5556,0.5,0.875,0.4286,0.85,1,0.8889,0.3333,0.6429,0.6875,0.6667,0.95,0.5,0.5,0.6875,0.5625,0.5,1,0.6667,0.6429,0.6364,0.4375
"locus2059",0.6111,0.4167,0.75,0.9375,0.6111,0.8333,0.3333,0.6111,0.5,0.5714,0.7273,0.625,0.85,0.5625,0.6,0.5,0.6,0.5,0.6429,0.625,0.75,0.7,0.7857,0.5556,0.6818,0.6364
"locus2060",0.5,0.625,0.4375,0.35,0.8889,0.75,0.3,0.625,0.3182,0.2143,0.8182,0.4286,0.8125,0.3125,0.4,0.2273,0.3125,0.3333,0.5833,0.3889,0.4286,0.2273,0.25,0.5,0.5455,0.55
"locus2061",0.0909,0,0,0.1364,0,0.2273,0,0,0,0,0.0455,0,0,0.125,0.0833,0.0455,0.2222,0,0,0.0556,0,0,0,0,0.0909,0
"locus2062",0.5909,0.2857,0.5,0.5,0.1429,0.1667,0.25,0.5,0.5833,0.5,0.1111,0.4,0.1667,0.5833,0.5,0.8889,0.6667,0.6667,0.3333,0.3333,0.3333,0.35,0.6667,0.5714,0.5714,0.1
"locus2063",1,1,0.95,1,1,1,0.4,0.9444,0.8182,1,0.9091,1,1,1,1,0.9091,0.7222,1,1,0.875,1,0.7,0.9,1,0.8636,0.9583
"locus2064",0.5,0.75,0.8,0.8571,0.9444,0.9583,0.5,1,0.6818,1,0.9545,0.8571,1,0.9286,0.8636,0.9375,0.5,1,0.8333,0.6429,1,0.6,0.8,0.9375,0.9,0.9583
"locus2065",0.5455,0.9,0.8,0.5714,1,0.9091,0.9,0.9,0.7273,0.875,0.95,0.75,0.9,0.8125,0.7273,1,0.5714,0.3333,0.75,0.7857,0.875,0.8333,0.75,0.8571,0.75,0.9091
"locus2066",0.4583,0.375,0.35,0.2273,0,0.0833,0.2,0.0556,0.6,0.3571,0.1,0.125,0.3,0.4375,0.1667,0.3182,0.625,0.5,0.375,0.2778,0.1667,0.4545,0.45,0.1667,0.5909,0.0833
"locus2067",1,1,1,1,1,1,1,0.8571,1,1,1,1,1,1,1,1,1,1,1,1,0.7857,0.3182,0.95,0.5,1,0.75
"locus2068",1,1,0.85,0.9,1,1,0.8,1,0.9091,1,1,1,1,0.75,1,1,1,1,1,0.9375,1,1,1,0.85,1,1
"locus2069",0.125,0,0,0.0455,0,0.0417,0.25,0,0,0,0.0909,0.125,0.05,0.0625,0,0.1364,0,0.3333,0,0.1667,0,0.0455,0.05,0.05,0.0909,0
"locus2070",1,1,1,1,1,1,1,1,0.9545,1,1,1,0.9,0.8125,1,0.9091,1,1,1,1,1,1,0.95,0.95,0.9545,1
"locus2071",0.9583,0.9375,0.8889,1,1,1,0.7,1,0.9545,1,1,1,1,0.9375,0.9583,1,1,0.8333,0.875,0.9444,1,1,1,1,1,1
"locus2072",0.875,1,1,0.9091,1,1,1,1,1,1,0.95,0.9286,1,0.9375,1,1,0.9444,1,1,1,1,0.65,0.75,1,1,1
"locus2073",0.4444,0.9286,0.9167,0.5,0.6667,0.8125,0,0.875,0.9286,0.6429,0.7778,0.5,0.9375,0.8333,0.65,0,0.5714,0.25,0.6667,0.6429,0.8,0.375,0.5,0.6111,0.5909,0.625
"locus2074",1,1,0.95,0.9545,1,1,1,0.9375,1,1,1,0.9286,1,1,0.9583,1,1,1,1,1,0.9286,1,1,0.95,0.9545,0.75
"locus2075",0.9,1,1,0.9091,1,0.9583,1,0.9444,1,1,1,0.9375,0.95,1,1,1,0.8125,0.5,0.9375,1,0.8571,0.9545,0.8125,0.95,0.6429,1
"locus2076",0.9583,0.9375,0.9,0.9545,1,0.9583,1,1,0.9091,1,1,1,1,0.9375,0.9167,1,1,1,1,1,0.9167,0.9545,1,0.95,1,0.9545
"locus2077",0.7083,0.9167,0.65,0.6,0.9444,0.95,1,0.7222,0.65,0.8125,0.9545,0.2857,1,0.625,0.5909,1,0.7222,0.75,0.625,0.8125,0.5714,0.8,0.9,0.5556,0.9444,0.8333
"locus2078",0.9167,0.875,0.9,0.9545,0.6111,0.9091,1,0.4444,0.8889,1,0.9545,1,1,1,0.875,1,1,1,1,0.9444,0.9286,0.9545,1,0.8333,0.8636,0.5417
"locus2079",0.7917,0.6875,0.9444,0.7778,0.6667,0.875,1,0.8333,0.85,0.9375,0.7,0.6667,0.875,0.8125,0.75,1,0.7222,0.6667,0.9286,0.9444,0.75,0.5,0.6111,0.85,0.75,0.5455
"locus2080",0.9583,0.8571,1,1,1,1,1,1,1,0.8125,1,0.875,1,0.9286,1,1,1,1,1,1,1,1,0.95,0.7778,0.9,1
"locus2081",0.7727,0.5714,0.6429,0.6667,0.7,0.625,NA,0.5833,0.6667,1,1,0.6,1,0.6429,0.5,0.5,0.5833,0.5,0.5,0.75,0.3,0.9375,0.875,0.5556,0.875,0.4444
"locus2082",0.0417,0.4286,0.1,0.1,0.25,0.2917,0.2,0.25,0.0909,0.0625,0.65,0.125,0.5,0.375,0.0833,0.2273,0.0556,0.1667,0.125,0,0.1667,0.0455,0.1,0.3889,0.2727,0.2273
"locus2083",0.9167,0.9375,0.8,1,1,0.9583,1,1,0.9091,0.9375,1,1,1,0.9375,1,0.75,1,1,1,1,0.9286,1,1,1,0.9545,1
"locus2084",0.5625,0.2857,0.3571,0.65,0.75,0.3182,1,0.7143,0.4444,0.5,0.375,0.4167,0.375,0.4167,0.25,0.9091,0.5,1,0.375,0.6,0.6429,0.75,0.5556,0.5,0.5,0.7778
"locus2085",0.9167,1,1,0.95,1,0.9583,1,1,1,1,1,1,1,1,0.9167,1,1,1,0.9375,1,1,1,1,0.9,0.9545,1
"locus2086",0.9583,1,1,0.85,1,1,1,0.9444,1,1,1,0.9375,1,0.9375,0.9545,1,0.7778,1,0.875,1,1,1,0.6667,1,0.8636,1
"locus2087",0.9167,0.9375,0.8,0.9545,1,1,1,0.9444,0.6818,1,1,0.9286,1,0.9375,0.9545,1,0.8333,0.8333,0.9375,0.8889,1,0.8,0.9,0.95,1,0.9167
"locus2088",0.0417,0.25,0,0.1,0.125,0.1,0,0.0625,0,0,0.4,0,0.0833,0.0625,0,0.0909,0.0556,0,0.0625,0.0556,0.1429,0.0455,0,0,0.25,0.15
"locus2089",1,0.9375,1,1,0.8889,0.9583,1,0.9444,0.9545,0.9375,0.9091,1,0.95,1,0.9583,1,1,0.75,1,1,0.9286,0.9545,0.9,0.9,1,0.9583
"locus2090",0.55,0,0.1111,0.125,0,0,1,0,0.2273,0.25,0,0.1667,0,0.2143,0.2083,0.9545,0.6875,0,0.125,0.4167,0,0.1111,0.3333,0,0.25,0
"locus2091",0.3333,0.3333,0.2222,0.6429,0.3571,0.3636,0,0.3125,0.3571,0.5,0.7273,0.4167,0.6667,0.5625,0.4444,0.2143,0.7143,0.5,0.4286,0.2857,0.4167,0.1,0.5556,0.3571,0.4091,0.4
"locus2092",0.9091,1,0.9,0.9545,1,1,1,1,1,1,1,1,1,0.9375,0.8636,1,1,1,0.8125,1,1,1,0.95,1,1,1
"locus2093",0.5,0.4167,0.3571,0.5909,0.5,0.5909,0.9,0.625,0.6429,0.5,0.9,0.5,1,0.6,0.4167,1,0.6667,0.5,0.3,0.5,0.5,0.3,0.2143,0.5,0.5,0.4
"locus2094",0.2083,0.1875,0.3333,0,0.125,0.35,0.3,0.1667,0.05,0.2143,0.1818,0.125,0.25,0.1429,0.2917,0.3182,0.1111,0,0.25,0.1111,0,0.1364,0.1667,0.25,0.1364,0.0833
"locus2095",1,1,0.9,0.9545,1,0.9583,1,1,0.9545,1,0.9545,1,1,1,1,0.9091,1,1,0.9286,0.8125,1,1,1,0.95,1,1
"locus2096",0,0,0.1,0,0,0.0833,0.8333,0.0556,0.0909,0.1667,0,0,0,0.0625,0,0.8333,0,0,0.0625,0.3125,0,0,0.05,0,0.0455,0.0417
"locus2097",0.7273,0.875,1,0.9545,1,0.875,1,0.9375,0.9545,0.9167,1,0.9375,0.85,1,1,0.9545,0.8889,0.8333,1,0.9444,0.8571,0.8182,0.9444,1,0.9545,1
"locus2098",0,0.0625,0.05,0,0,0.0833,0.1,0,0.1364,0,0,0.0625,0,0,0.0417,0,0.0556,0.5,0.0625,0.0556,0,0,0,0.1,0.0909,0
"locus2099",0.8182,0.9375,0.95,0.9545,1,0.875,1,1,0.8182,0.9375,0.9545,0.875,0.9,0.875,0.8333,0.9545,0.9444,1,0.7,1,0.9286,0.6,0.9444,0.9444,1,1
"locus2100",0.0833,0,0.1,0.0909,0,0.1667,0.6667,0.1667,0.15,0.0625,0,0,0,0.2143,0.0833,0.2778,0,0,0.1875,0.3125,0.0714,0.0455,0.05,0,0.3636,0.0833
"locus2101",0.875,0.75,0.95,0.5,0.3,0.6364,0.9,0.5625,0.7727,0.8125,0.5909,0.6429,0.6111,1,0.75,1,0.6875,0.5,0.8125,0.8889,0.6429,0.7,0.625,0.7,0.6,0.4583
"locus2102",0.1667,0.375,0.3333,0.1,0.6429,0.6,0,0.5,0.25,0.1,0.5833,0.3,0.1429,0.1667,0.25,0,0,0.8333,0.3333,0.0714,0.625,0.1,0.15,0.4286,0.2778,0.5
"locus2103",0.9583,0.875,0.5714,0.75,1,1,1,0.75,0.8333,1,0.9545,0.75,0.9,1,0.95,1,1,0.6667,0.875,0.7778,0.5,0.9091,0.9,0.8125,0.7857,0.9
"locus2104",0.9583,0.7857,1,1,1,0.4286,0.6,1,0.9545,0.5,0.7778,0.9375,0.25,1,0.9583,0.5455,1,1,1,0.8333,1,1,0.95,0.9,0.8636,1
"locus2105",1,1,0.85,0.9091,0.9444,0.9583,1,0.9444,0.9545,0.875,1,1,0.95,0.8333,0.875,1,0.9444,1,0.875,1,0.9286,1,1,1,0.9545,0.9583
"locus2106",0.5909,0.4286,0.5,0.5556,0.4375,0.5,0,0.5,0.125,0.3333,0.35,0.3333,0.5,0.4375,0.3,0.0455,0.5625,0.25,0.25,0.375,0.3333,0.3571,0.7143,0.4444,0.5,0.5909
"locus2107",0.7917,0.9375,0.8333,0.7273,0.4375,0.75,1,0.5625,0.7727,0.875,0.9091,0.5,0.95,0.6875,0.8,1,0.7778,0.5,0.9167,0.6667,0.5,0.9545,0.9,0.5,0.7,0.7727
"locus2108",0.8636,0.8125,1,0.65,1,1,1,0.9444,0.9545,0.9375,0.6667,1,0.8889,1,0.9583,1,1,1,0.9286,1,0.9286,1,0.8333,0.95,0.7273,0.9167
"locus2109",0.875,0.6875,0.9,0.4444,0.375,0.6429,1,0.6875,0.85,0.8125,0.1875,0.9286,0.4286,0.875,0.9091,1,0.8889,0.8333,1,0.8333,1,0.8333,0.7857,0.8333,0.8636,0.6875
"locus2110",1,1,0.95,1,1,1,1,1,1,0.9375,1,1,1,1,1,0.7,1,1,0.9375,0.8333,1,1,1,0.95,1,1
"locus2111",0.9167,0.875,1,0.9545,1,0.8333,1,0.7778,0.9545,1,0.9545,0.9375,0.9,0.9375,0.9583,1,1,1,0.9375,1,0.9286,1,0.75,0.95,1,0.9583
"locus2112",0.9167,0.875,0.95,0.9545,0.9444,0.9583,1,0.8333,0.8636,1,0.9545,0.9375,1,1,0.9167,1,1,1,0.8571,0.8889,0.9286,1,0.9,0.85,0.8636,0.9583
"locus2113",0.6667,1,0.75,1,0.9444,0.9583,1,1,0.8636,0.9375,1,0.9375,0.9,0.8125,1,1,1,0.6667,0.9375,0.7222,1,1,0.8333,1,0.6667,0.9583
"locus2114",0.85,1,0.85,0.8571,0.75,0.8571,0.75,0.7143,0.8125,1,0.7727,0.9167,0.8125,0.9167,0.9583,0.8889,0.5714,1,1,0.75,1,0.9,0.7778,1,1,0.7222
"locus2115",1,0.9286,1,1,1,0.9583,1,1,0.7727,0.8125,0.85,0.8125,0.9,0.9375,0.875,0.9545,1,1,0.9375,0.9444,1,1,1,1,1,0.8333
"locus2116",0.9545,1,1,1,1,1,1,0.9444,0.9545,0.9375,1,1,1,0.9375,1,1,0.8889,0.6667,1,1,1,1,0.9,1,0.9545,0.9583
"locus2117",0.5833,0.6875,0.9,0.55,0.5,0.5909,0,0.6667,0.8182,0.6875,0.5,0.625,0.7,0.875,0.75,0.0455,0.3889,0.6667,0.625,0.6111,0.8,0.7,0.6,0.8889,0.5909,0.5417
"locus2118",0.3889,1,0.5833,0.7857,0.9167,1,1,0.9167,0.7,0.8333,1,0.5,0.95,0.5,0.4444,1,0.4286,0.5,0.6667,0.875,0.75,0.125,0.5,0.5,0.8125,0.6429
"locus2119",0,0.125,0.1,0.0455,0,0.0833,0,0,0,0,0.0455,0,0.3,0.125,0.0417,0.1818,0,0.1667,0.0625,0.0556,0,0,0.05,0.15,0.1818,0
"locus2120",0.9167,0.9375,1,1,1,1,1,0.8333,0.9545,0.875,1,1,0.9,1,0.9583,1,1,1,0.75,0.9444,1,1,1,0.95,1,1
"locus2121",1,1,1,1,1,1,1,0.6111,1,1,1,0.875,1,0.875,1,0.9545,1,1,0.9286,0.8889,0.75,0.6667,1,0.95,1,1
"locus2122",0.7,0.8125,0.95,1,0.9444,0.8333,1,0.875,0.9545,1,1,0.9375,1,0.9375,1,1,0.7143,1,1,0.9444,0.9286,1,0.9286,0.9,0.9167,1
"locus2123",1,1,0.9444,1,1,1,1,1,0.7727,1,0.9545,0.9375,1,0.9375,0.9167,1,1,1,0.9375,0.8889,1,0.7222,1,0.9444,1,1
"locus2124",1,1,1,1,0.9444,1,1,0.9444,0.9545,1,0.875,1,0.85,1,1,0.9545,1,1,1,1,1,1,1,1,1,0.9583
"locus2125",0.9167,1,1,1,1,1,1,1,0.9545,0.875,0.9545,1,1,0.875,1,1,0.9444,1,1,1,1,0.8889,0.95,1,0.9545,0.9167
"locus2126",0.0417,0,0,0.2143,0,0.0417,0,0.1111,0,0,0,0.0625,0,0,0.0909,0,0,0.1667,0,0,0.0714,0.0455,0.2,0,0.1364,0.0833
"locus2127",0.9583,0.6667,0.8,0.9545,0.625,0.7083,1,0.9286,0.9545,0.9375,0.6,0.875,0.5,1,0.875,0.9545,1,1,0.9375,1,0.8333,0.95,0.8889,1,1,0.7273
"locus2128",1,1,1,0.9545,0.9444,0.9167,0.9,1,1,1,0.9545,0.9375,1,1,0.9167,0.9545,1,1,0.9375,1,0.7143,0.9444,1,1,1,0.9583
"locus2129",0,0,0,0,0,0,0,0.2222,0,0,0,0.1875,0,0,0,0,0,0.1667,0,0,0.2857,0.35,0,0.05,0,0
"locus2130",1,0.875,0.85,1,1,0.9545,1,1,0.9091,1,1,1,1,0.9375,0.9167,1,1,1,1,1,1,1,1,0.85,1,1
"locus2131",0.6364,0.875,0.7778,0.8182,1,1,0,1,0.7273,0.6875,0.9545,0.6875,1,0.8125,0.7917,0.0455,0.3333,0.6667,0.7857,0.5,0.9286,0.7222,0.75,0.8,0.7727,1
"locus2132",0.6667,0.3571,0.4,0.6,0.4375,0.2083,1,0.4286,0.6875,0.3571,0.4375,0.4167,0.6875,0.2857,0.3,0.9091,0.375,0.25,0.5,0.4167,0.5,0.5,0.5,0.5,0.5,0.5
"locus2133",0.7222,1,1,1,1,1,1,1,1,1,1,0.8125,1,0.7857,1,1,0.9286,0.6667,1,1,1,0.9545,0.9444,0.8889,0.9091,1
"locus2134",1,0.9375,0.8889,1,1,1,1,0.9444,0.75,1,1,1,1,0.9375,0.9091,1,1,1,1,0.8333,1,1,1,1,1,1
"locus2135",0.8125,0.75,1,1,0.9444,0.9167,0.5,0.9444,0.95,0.8125,0.9545,1,1,0.8571,0.9091,0.9375,0.875,1,0.8571,0.9444,0.9286,0.8636,0.95,0.95,0.8,1
"locus2136",0.6429,1,0.9444,1,0.9444,0.7917,0.5,0.9444,0.6429,1,0.9545,1,1,1,1,0.4375,0.875,NA,0.9375,0.7143,1,0.6111,0.8333,0.85,0.8571,1
"locus2137",1,1,1,1,1,1,0.5,0.9375,0.9545,0.875,1,1,1,1,1,0.5,1,1,0.875,0.7778,1,0.9545,1,0.95,0.9091,0.7727
"locus2138",0.9583,1,0.9444,0.8636,0.5714,0.6667,1,0.6,0.95,0.9167,0.5,0.8333,0.5714,0.9375,0.875,0.9091,0.9444,0.6667,1,0.8125,0.9,0.9545,1,0.9286,1,0.4375
"locus2139",0,0.125,0,0.35,0,0.0417,0.8,0,0.1818,0.0833,0,0.0625,0,0.125,0.0833,0.4444,0.2143,0,0.0625,0,0,0.2,0.1,0,0,0
"locus2140",0.3,0.5625,0.75,0.6818,0.7222,0.5909,0.5,0.6667,0.75,0.9375,0.5,0.75,0.4444,0.9,0.5833,1,0.6875,0.75,0.75,0.75,0.6667,0.9545,0.8,0.85,0.7222,0.5455
"locus2141",1,0.6667,0.8571,0.9375,0.2778,0.3333,1,0.875,0.8889,0.8333,0.3636,1,0.4286,0.625,0.9167,0.8636,0.8333,0.6667,0.5714,0.9375,0.3,1,1,0.6667,0.75,0.5
"locus2142",1,0.5,1,0.9545,1,0.7222,1,0.7778,0.9545,0.9375,0.6667,1,0.6667,1,0.9583,1,1,1,0.9375,1,1,0.9545,1,0.9,0.9091,0.75
"locus2143",1,0.9375,0.9,1,0.9444,1,1,0.8889,0.9545,1,1,0.9286,1,0.9375,0.9167,1,1,1,0.7143,0.9444,0.9286,0.9545,1,1,1,0.8
"locus2144",0.9583,1,1,0.8636,1,1,0.5,0.9444,0.9,1,1,1,1,1,1,0.6818,0.8889,1,0.9375,0.8333,1,1,0.85,1,1,1
"locus2145",0.2917,0.1429,0.375,0.2273,0.0556,0.1818,0,0.1667,0.25,0.125,0.2222,0.125,0.2143,0.3125,0.125,0,0.2222,0,0.25,0.2778,0,0.3,0.1111,0.3333,0.2273,0
"locus2146",1,0.5833,0.4286,0.8636,0.625,0.6429,1,0.6,0.7778,1,0.5,0.875,0.5,0.6,0.5556,0.9545,1,1,0.75,0.8333,1,0.4167,0.6429,0.9375,0.875,0.6
"locus2147",0.875,0.875,0.875,1,1,0.9167,1,0.8333,0.85,1,0.9545,0.9375,1,0.9286,0.85,1,1,1,0.7143,1,0.9286,0.9091,1,1,0.9545,0.875
"locus2148",0.75,0.6429,0.25,0.4,0.5556,0.6667,1,0.75,0.5714,0.8,0.8,0.75,0.75,0.4,0.4091,0.9545,1,0.8333,0.4286,0.5714,0.4167,0.875,0.65,0.5,0.5,0.5
"locus2149",0.0417,0,0.0556,0.0455,0,0,0,0.0556,0.0909,0,0.0455,0.125,0,0,0.0417,0.0455,0.0556,0.75,0.0625,0.0625,0,0,0,0.1,0.0909,0.0833
"locus2150",0.2083,0.2857,0.4,0.4444,0.3889,0.4,0,0.8571,0.1818,0,0.3,0.5,0.25,0.125,0.5556,0.0455,0.0714,0.5,0.375,0.1111,0.4167,0.2727,0.5,0.3889,0.4091,0.625
"locus2151",0.5833,0.25,0.3571,0.1667,0,0,0,0.1111,0.5625,0.1,0.0455,0.4167,0,0.1667,0.2273,0.0455,0.5625,0.25,0.125,0.1875,0,0.6,0.5714,0.45,0.6111,0.1875
"locus2152",0.7222,0.9375,0.8571,0.85,0.8889,1,0.5,0.9444,0.9,0.9167,1,0.8,0.95,0.8333,0.85,0.5455,0.8571,0.75,0.7857,0.9167,0.9167,0.7727,0.9375,0.8889,0.8571,0.9583
"locus2153",0.9583,0.9286,0.95,0.9545,0.9167,0.7,1,0.9444,0.8636,1,0.8333,1,1,0.875,0.875,1,1,1,0.875,1,1,1,1,1,1,0.8333
"locus2154",0.75,0.9375,0.95,0.7857,1,0.9167,1,0.9444,1,1,1,0.8125,1,0.875,0.875,1,1,1,0.875,1,0.9286,1,0.8889,1,1,1
"locus2155",0.25,0.1667,0.125,0.1364,0.25,0.2857,0.1,0,0.1,0.2143,0.3,0.25,0.3125,0.1875,0.4,0,0.3125,0.25,0.25,0.2857,0,0.0455,0.1875,0.15,0.0714,0
"locus2156",0.9167,0.6875,0.95,1,1,0.7778,0.9,0.7222,0.85,1,0.5556,1,0.7222,0.75,1,0.9545,0.8333,0.8333,1,0.9444,1,1,0.85,1,1,0.8333
"locus2157",1,1,0.75,1,1,1,1,1,1,1,1,0.875,1,1,1,1,0.9444,1,1,1,0.9286,0.9545,0.85,1,0.9545,0.9583
"locus2158",0.9583,1,1,1,1,1,1,1,1,1,0.9545,1,1,1,1,1,0.9444,1,1,0.9444,1,1,0.6,1,1,1
"locus2159",0.65,0.5,0.6667,0.9,0.625,0.6,0,0.9375,0.7778,0.4286,0.2857,1,0.2143,0.7,0.8636,0.1667,0.5625,0,0.8571,0.6429,1,0.5,0.75,0.9,0.5714,0.9545
"locus2160",0.8333,0.9375,1,0.9444,1,0.875,0,1,0.9,0.6,1,1,1,0.9375,0.9583,0.0909,0.8571,0.8333,1,0.9,1,1,0.85,0.85,0.9,0.9167
"locus2161",0.9167,0.75,0.95,1,0.9444,0.9167,0.9,0.9444,0.8636,0.8125,0.8636,1,0.95,0.9375,0.75,1,0.8333,1,0.9375,0.9444,1,1,1,0.85,0.8,1
"locus2162",1,1,0.95,1,0.9,0.8333,1,0.9375,0.9091,1,0.7778,0.9375,0.5,1,1,0.95,1,1,1,0.9444,0.8571,0.9545,0.9,1,0.9091,0.7222
"locus2163",0.9583,0.9375,0.95,1,1,0.9583,1,0.8889,1,0.875,0.9091,1,1,0.875,0.9167,1,0.9444,1,1,1,1,1,1,0.95,0.9545,1
"locus2164",1,0.9375,1,1,1,0.9167,1,1,1,1,0.65,1,0.7143,1,0.9583,1,1,1,1,1,1,1,1,1,1,0.9583
"locus2165",0.9545,1,1,1,1,1,1,1,0.9545,1,1,1,0.95,0.875,0.9167,0.9545,0.8889,1,0.9375,1,1,1,0.8,1,1,0.9167
"locus2166",0.9545,1,0.9,1,1,1,0.9,1,1,0.9375,1,1,1,0.875,0.9583,0.9545,0.9375,1,0.9375,1,0.9286,1,0.95,1,0.9545,1
"locus2167",0.875,0.9375,1,1,1,1,1,1,1,1,1,1,1,1,1,1,0.9444,1,1,0.9444,1,0.9091,0.95,1,0.9091,0.9583
"locus2168",1,1,0.95,1,0.9444,1,1,1,0.9545,1,0.9,0.9375,1,1,0.9583,0.9545,1,1,1,0.8333,1,0.9545,1,1,1,1
"locus2169",0.9583,1,1,1,0.8889,1,1,0.9444,1,0.9375,0.9545,0.875,1,0.9375,1,1,1,0.8333,0.9375,1,1,0.9545,0.95,0.95,0.9545,0.9583
"locus2170",0.9583,1,0.95,0.9545,1,1,0.9,1,1,1,1,1,1,1,1,0.9545,0.8333,1,1,0.875,1,0.85,1,1,0.9091,1
"locus2171",0.0417,0,0,0.0909,0.0556,0,0,0.125,0.0455,0,0,0.0625,0,0,0.0417,0,0,0,0.125,0.0556,0.2143,0,0,0.1,0,0.125
"locus2172",0.3182,0.5,0.25,0.3333,0.75,0.5,0.375,0.6111,0.3333,0.1667,0.6818,0.4,0.95,0.3571,0.375,0.0909,0.4167,0,0.4167,0.375,0.4167,0.2857,0.4286,0.2,0.3333,0.3889
"locus2173",0.9286,0.6667,0.5833,0.5,0.3571,0.5,NA,0.4,0.6875,0.5,0.7143,0.75,0.6667,0.75,0.6818,NA,0.8571,0.5,0.875,0.75,0.25,0.8333,1,0.6667,1,0.5455
"locus2174",0.9167,0.9375,1,1,1,0.9583,1,1,1,1,1,1,1,1,1,1,0.8889,1,1,0.8125,1,1,0.85,0.9,0.9091,1
"locus2175",1,1,1,0.9091,1,1,1,0.9444,0.9545,1,0.9545,0.9375,0.95,0.9375,0.9583,1,1,1,0.8125,1,1,1,0.9,0.9,0.7273,0.9583
"locus2176",0.0455,0,0,0,0,0,0,0.1111,0.0909,0,0,0,0,0,0.0417,0,0,0,0,0,0,0,0.05,0.15,0,0
"locus2177",0.8636,1,0.85,1,1,0.9583,1,1,0.8636,0.9375,1,1,1,0.9375,0.85,1,0.9444,1,0.875,1,1,1,0.95,0.95,0.8,1
"locus2178",1,0.7857,0.95,0.8,0.8889,0.9583,1,0.8889,0.95,1,0.9545,0.875,0.9,0.8571,1,1,1,1,0.9375,0.9444,0.7857,1,0.95,0.95,1,0.875
"locus2179",1,1,1,1,1,1,1,0.9375,0.9545,1,1,1,1,0.875,0.875,1,1,1,0.875,0.8889,1,1,1,0.85,1,0.9583
"locus2180",0.0417,0.0625,0,0.1364,0,0.0455,0,0,0,0,0,0,0,0,0.0417,0,0,0,0.0625,0,0,0,0.1,0,0.0455,0
"locus2181",0.7273,0.8125,0.75,0.7273,0.9444,0.9167,1,0.8889,0.6818,1,0.9091,0.625,1,0.8125,0.7917,1,1,0.5,0.6875,1,0.75,0.5,0.625,0.7778,0.8636,0.9583
"locus2182",1,1,1,1,1,1,1,0.8889,1,1,1,1,1,1,1,1,1,1,1,1,1,1,1,0.85,1,0.7222
"locus2183",0.95,0.9286,1,1,1,1,0.75,0.8333,0.9167,0.6667,0.5833,1,0.8,0.8,0.9167,0.5,0.8333,1,0.6429,0.875,1,0.9545,1,0.7,0.9545,0.875
"locus2184",0.7273,0.6875,0.4444,0.7273,0.8125,0.4583,1,0.6667,0.5909,0.5833,0.55,0.6667,0.6667,0.5,0.5417,0.7778,0.8333,0.5,0.625,0.75,0.5,0.6818,0.75,0.55,0.7273,0.75
"locus2185",0.9167,0.9375,1,1,1,1,0.9,0.9444,1,1,1,0.9375,0.95,1,0.9583,0.8182,0.6111,1,1,0.8889,1,1,1,0.85,0.9545,0.9167
"locus2186",0.6429,0,0,0.0833,0,0,0,0.0556,0.0909,0,0,0,0,0.0625,0.0417,0,0,0,0,0,0,0,0,0,0.125,0.125
"locus2187",0.9583,0.7143,1,1,1,0.45,1,1,1,1,0.65,0.9375,0.375,0.9286,0.9583,1,0.9444,1,1,0.8333,1,1,1,0.9,0.9545,1
"locus2188",1,1,0.9444,1,1,1,1,1,1,1,0.9545,0.9375,1,1,0.9583,1,1,1,1,1,1,0.7273,0.85,1,0.9545,0.875
"locus2189",0.7917,0.75,0.9,0.8,1,0.8333,1,0.9444,0.9,0.9375,0.8182,1,0.95,0.875,0.7727,0.9545,0.7222,0.8333,0.75,0.8333,0.7857,0.5833,0.85,0.75,0.8636,0.9583
"locus2190",0.9583,1,0.8125,1,1,1,1,0.875,0.9545,1,1,1,1,1,0.8636,1,1,1,1,0.9444,0.9286,1,0.95,0.75,1,1
"locus2191",0.9091,1,0.95,0.9,1,0.7778,1,1,0.7857,1,0.9,0.9,0.8571,0.8571,0.7273,0.9545,0.7143,0.6667,0.7857,0.9,1,0.5556,0.875,1,0.9,0.9583
"locus2192",0.875,0.875,1,1,1,0.8182,1,1,0.9545,1,1,1,0.85,1,1,1,1,1,0.9375,1,0.9286,0.875,0.95,1,1,0.7778
"locus2193",0.9091,0.9375,0.9167,0.85,0.8889,1,1,0.8889,0.5714,0.8125,0.9545,1,1,0.5714,0.65,1,0.7143,1,0.75,1,0.9,0.8333,0.6111,0.7222,1,1
"locus2194",1,1,1,0.9091,0.5833,0.8333,1,0.6111,0.9,1,0.9545,0.9167,0.85,1,0.875,1,1,1,1,1,0.9,0.9545,0.9,0.85,0.7222,0.4286
"locus2195",1,1,1,1,1,1,1,0.9444,0.7727,1,1,0.9375,1,0.7857,0.7917,1,1,1,0.8571,0.9444,0.7857,1,1,0.85,1,0.875
"locus2196",0.5556,1,0.95,0.9286,1,1,1,1,0.7778,1,1,0.7857,1,0.8125,0.9583,1,0.9375,0.75,1,0.875,0.9286,0.55,0.75,0.9,0.75,1
"locus2197",1,1,0.95,1,1,1,1,0.9444,1,1,1,1,1,0.6875,0.9583,1,1,1,0.875,0.8333,1,1,0.95,1,1,1
"locus2198",0.0417,0,0,0,0,0,0.625,0,0.0455,0,0.0909,0,0,0.0625,0,0.4375,0,0,0.0625,0,0,0,0,0,0.0455,0
"locus2199",0.8333,0.875,1,0.9091,0.8889,1,1,0.8333,0.9,0.9375,1,0.9375,1,0.875,0.875,1,1,1,0.875,1,0.9286,1,1,0.95,1,1
"locus2200",0.1,0,0.2778,0.65,0.2778,0.5,0,0.8,0.25,0.0625,0.0455,0.1667,0,0.1667,0.1111,0.1818,0.25,0.1667,0.2143,0.0714,0.1,0,0,0.1429,0.4167,0.6
"locus2201",1,1,1,0.7273,1,0.9167,1,1,0.9091,1,0.8182,1,1,1,0.9583,1,0.8889,0.8333,1,0.9444,1,0.8,0.9444,0.95,0.9091,0.9583
"locus2202",0,0.0625,0.15,0,0,0,0,0,0.0455,0,0.0909,0.0625,0,0,0.0833,0.0909,0,0,0,0.1111,0,0,0,0,0,0
"locus2203",0.9167,0.875,0.85,1,1,0.9167,1,1,1,0.9286,1,1,1,1,1,0.9545,0.9444,1,1,0.9444,0.9286,0.8,1,1,0.9545,1
"locus2204",0.9583,1,1,0.9545,1,1,0,0.5625,1,0.75,0.9545,1,1,0.9375,1,0.05,1,1,1,1,1,1,1,0.95,0.8182,1
"locus2205",0.5909,0.2,0.25,0.6667,0,0.125,0.5,0,0.5,0.5,0.1,0.0714,0,0.0714,0.35,0.5625,0.625,0.5,0.2,0.5714,0.1,0.9286,0.5,0.4375,0.1667,0
"locus2206",0.7917,1,1,1,1,0.9583,1,1,0.9545,1,1,0.875,1,1,1,0.9091,0.9444,1,1,0.8333,1,1,1,0.95,1,1
"locus2207",0.7727,0.9375,1,0.9545,1,0.9583,0.9,1,0.9545,1,0.9545,0.9375,1,0.875,1,1,0.9444,1,0.9286,0.8889,1,0.9545,1,1,0.9091,0.9583
"locus2208",0.9545,0.9375,0.95,0.9545,1,1,0.9,0.9444,1,1,1,0.9286,1,1,1,1,0.8889,1,0.9375,0.8889,1,0.6667,0.85,0.95,0.95,1
"locus2209",1,1,1,0.7273,0.8889,1,1,1,1,1,1,1,1,1,1,1,0.8333,1,1,1,1,1,0.95,1,1,0.9583
"locus2210",0,0,0,0,0,0.1,0,0.0556,0,0,0.5,0.0625,0.5,0,0,0,0,0,0,0,0,0,0,0,0,0
"locus2211",0.8333,0.5,1,0.9545,0.7,0.7,0.9,0.5625,1,0.7857,0.3182,0.875,0.45,0.875,0.7917,0.8636,0.8889,1,0.75,0.9444,0.8571,1,0.85,0.6,0.95,1
"locus2212",0,0.25,0,0,0,0.1111,0,0,0.0556,0,0.0455,0,0.05,0.0714,0.1364,0,0,0,0.2143,0.1111,0,0.6429,0,0.3125,0.15,0.4375
"locus2213",0.95,1,1,0.95,1,1,1,0.9444,0.8182,1,1,0.875,1,1,1,1,0.9444,1,1,0.9444,1,1,0.95,1,1,0.9583
"locus2214",0.75,0.1429,0.25,0.625,0,0.1818,1,0.2222,0.6667,0.4,0.35,0.125,0.2222,0.5833,0.3636,0.9545,0.875,0.5,0.5,0.6667,0.1429,0.5,0.625,0.5,0.5,0.0417
"locus2215",0,0,0,0,0,0.125,0,0.0556,0,0,0.0455,0.0625,0,0,0,0,0,0,0.0625,0,0,0.0455,0,0.2,0,0.0417
"locus2216",1,0.8125,1,1,0.7222,0.5833,1,0.9444,1,1,0.1818,1,0.25,1,0.9583,1,1,1,1,0.8889,1,1,1,1,0.85,1
"locus2217",0.4444,0.625,0.5625,0.625,0.7,0.65,1,0.5,0.6111,0.75,0.5714,0.6429,0.5,0.5833,0.6667,0.9444,0.7778,0.25,0.75,0.625,0.5,0.8636,0.75,0.6111,0.5,0.5
"locus2218",0,0.5833,0.1875,0.05,0.9375,0.9091,1,0.6875,0.15,0.6,0.9,0.2,1,0.0625,0,0.75,0.1429,0,0.0833,0.4286,0.3333,0.0455,0.1,0.2,0.3571,0.85
"locus2219",0.5,0.3333,0.0714,0.5,0.0714,0.25,0.25,0.25,0.0909,0.5,0.1875,0,0,0.125,0.1,0.25,0.3,0.1667,0,0.1667,0,0.0833,0,0.4375,0.0714,0.1818
"locus2220",0.1364,0,0,0.2727,0.0556,0,0,0,0,0,0,0,0,0,0.0417,0,0.3333,0,0.0625,0,0.0714,0,0.3889,0,0.4545,0
"locus2221",0.9583,1,0.95,1,1,1,1,0.8333,1,1,1,1,0.95,1,1,1,1,1,1,1,0.7857,1,1,0.95,0.9091,0.875
"locus2222",0.0417,0.1429,0.2,0,0,0.0833,0.125,0.125,0.1818,0,0.375,0,0,0,0.0833,0.3333,0,0,0,0.0556,0,0.0455,0.25,0,0.05,0.25
"locus2223",0.7222,0.5,0.7778,0.4091,0.3889,0.6667,0.5,0.1429,0.9167,0.5714,0.85,0.5,0.7857,1,0.9,0.45,0.4286,0.25,0.8125,0.5,0.25,0.5,0.6875,0.6667,0.65,0.5
"locus2224",0.6875,0.5,0.5,0.375,0.8125,0.45,1,0.6667,0.8333,1,0.4,0.8,0.3571,1,0.75,1,1,0.6667,0.625,0.9286,0.5,0.4,0.6875,0.875,0.5556,0.65
"locus2225",0.9583,1,1,1,0.8889,0.9583,1,1,0.7273,1,1,1,1,0.9375,1,1,1,1,1,0.7778,1,1,1,0.95,1,1
"locus2226",0.15,0.4,0.2143,0.1667,0.5,0.3333,0,0,0.15,0.2,0.4,0.0714,0.375,0.0714,0.2083,0.1364,0.3333,0.5,0.1667,0.3333,0.0833,0.45,0,0.05,0.1,0.25
"locus2227",1,0.9375,1,0.9545,1,0.8333,1,1,1,1,0.8125,1,0.8333,1,0.9583,1,1,1,1,1,1,1,1,1,1,1
"locus2228",0.5,0.1875,0.1,0.2143,0,0.2273,0,0.125,0,0,0.4444,0.0833,0.375,0,0.1667,0.0455,0.5714,0,0.1875,0.1667,0.125,0,0.25,0,0.25,0.2
"locus2229",0.8333,0.5625,0.75,1,0.7222,0.6875,1,0.5714,0.7727,0.9375,0.7,0.9286,0.85,0.7857,0.875,0.9545,1,1,0.7857,0.9444,0.8,0.95,0.85,0.8333,0.6364,0.6
"locus2230",0.8636,0.875,0.9,1,NA,0.95,0.5,0.8571,1,0.3333,0.6818,1,0.8,0.625,0.9545,0.5455,0.6,0.8333,0.9375,0.75,1,1,0.8889,1,0.75,0.9545
"locus2231",0.9091,1,0.95,1,1,0.9583,1,0.9444,0.9545,0.5714,0.9091,0.9375,1,0.875,0.9167,0.9375,0.6667,1,0.8125,0.7857,0.9286,0.9545,0.95,0.95,0.9545,0.9583
"locus2232",0.1111,0,0,0.1875,0,0,0,0,0,0,0,0.1429,0,0,0,0,0,0,0,0,0,0,0.3125,0,0.25,0
"locus2233",1,0.875,0.85,0.8636,1,1,1,1,0.9545,1,0.9545,0.875,1,0.9375,0.875,1,1,1,0.9375,1,1,0.8889,1,1,1,1
"locus2234",0.6667,0.75,0.8571,0.9375,0.9,0.9545,1,0.5714,0.65,0.875,1,0.6667,0.95,1,0.9167,1,1,NA,0.7,0.75,0.625,0.8889,0.75,0.75,0.95,0.5625
"locus2235",1,1,1,0.9091,1,0.9545,1,1,1,1,1,1,1,1,0.9583,1,0.7222,1,0.9375,1,1,1,0.95,0.8,1,1
"locus2236",0.8333,1,1,1,1,1,1,1,1,1,1,1,1,1,1,1,0.9444,1,0.9375,1,1,0.5833,1,1,0.9091,1
"locus2237",1,1,0.75,1,1,1,1,1,0.9545,1,1,1,1,0.9375,0.7917,1,1,1,0.75,1,1,1,1,1,1,1
"locus2238",1,0.75,1,1,1,0.875,1,1,1,0.9375,0.6667,1,0.8571,1,1,1,1,1,1,1,0.9286,1,1,0.95,1,1
"locus2239",1,0.9375,0.9444,1,1,0.9167,1,1,0.9545,0.9375,1,0.9375,0.9444,1,1,0.9545,0.8889,1,1,0.9444,1,0.8,1,0.8,1,0.9583
"locus2240",0.0833,0.1667,0.1111,0,0.1,0.1667,0,0.0556,0.0455,0.25,0.4,0.125,0,0.0625,0.125,0,0.1111,0,0.1875,0,0.0714,0.0455,0.1,0.1,0.0455,0.0833
"locus2241",0.1111,0.5,0.0714,0,0.125,0.1667,0,0.5,0.125,0.5,0,0.1429,0,0,0.1667,0,0.25,0,0.1429,0.1875,0,0.0909,0.1667,0.1667,0,0.2727
"locus2242",1,1,1,0.9545,1,1,1,1,1,1,1,1,1,1,1,1,1,1,1,1,1,0.375,0.95,1,1,1
"locus2243",0.5556,0.3571,0.5,0.5,0.8333,0.35,0.5,0.3333,0.4091,0.4375,0.6364,0.5,0.7222,0.5,0.45,0.3889,0.3889,0.3333,0.5,0.4375,0.375,0.3636,0.3333,0.45,0.55,0.375
"locus2244",0.4091,0.4,0.375,0.65,0.7857,0.5714,0.1,0.8333,0.4545,0.7857,0.7778,0.7,0.7222,0.4167,0.45,0.25,0.1875,0.8333,0.5,0.2778,1,0.1818,0.1875,0.5,0.3636,0.7727
"locus2245",1,1,0.95,1,1,1,0.9,0.9444,1,1,1,1,1,1,1,0.9545,1,1,1,1,1,0.3333,1,1,1,0.9583
"locus2246",1,1,1,1,1,1,0.6667,1,1,0.5833,1,1,0.95,1,1,0.75,1,1,1,1,1,1,1,1,0.9091,1
"locus2247",0,0.2,0.1,0.0455,0.5,0.2,0,0.4375,0,0.0625,0.0625,0.2,0,0,0.0833,0,0,0.1667,0.1429,0.0556,0.0833,0.0455,0.05,0.2,0.1875,0.3
"locus2248",0.9583,1,1,1,1,1,0.3333,0.8889,0.9545,0.75,1,1,1,1,1,0.6,1,1,1,1,1,1,0.95,0.95,0.9545,1
"locus2249",1,0.6429,0.95,0.7727,0.1875,0.6111,0.4,0.5,1,0.5625,0.2857,0.875,0.3889,1,1,0.25,0.8889,1,0.9375,0.875,0.5,0.8889,0.8889,0.95,0.8,0.4444
"locus2250",1,0.8571,1,1,1,1,0.1667,1,0.9545,0.7857,1,1,0.9,0.9375,1,0,1,1,1,1,1,1,1,1,0.9091,1
"locus2251",0.125,0,0,0,0,0,0,0,0.0909,0.0625,0,0,0,0.0625,0,0,0.2222,0,0.0625,0,0,0,0.15,0,0.0455,0
"locus2252",0.25,0.0625,0,0.3333,0,0.1667,0,0.2143,0.0455,0.1667,0,0.25,0.1,0.0625,0.0833,0,0.5,0.3333,0.1875,0.125,0.125,0.55,0.45,0.15,0.4444,0.2222
"locus2253",0.1667,0.25,0.375,0.0556,0,0.2273,0,0.25,0.4,0.2143,0.0455,0.0714,0,0.2857,0.3333,0,0.2143,0,0.6,0.3333,0,0.0909,0,0.25,0.0625,0.15
"locus2254",0.5909,0.5625,0.7222,0.8333,0.6111,0.7,1,0.8125,0.625,0.75,0.6364,0.8333,0.65,0.7143,0.6,1,0.6,0.5,0.6429,0.9167,0.8571,0.6667,0.75,0.6111,0.6818,0.8636
"locus2255",0,0.1429,0.2143,0.0455,0,0.2083,0,0.4375,0.05,0.0714,0,0.3,0.05,0,0.0909,0.0455,0,1,0,0,0.6667,0.125,0.1111,0.0625,0.2222,0.3182
"locus2256",0.9167,1,1,0.8,0.9444,0.9583,0.9,1,1,1,1,1,1,1,1,1,0.8889,1,0.9375,1,1,0.6875,1,1,0.9545,0.9583
"locus2257",0.0417,0,0,0.0455,0.3333,0.05,0.3333,0.5,0.2273,0,0.0909,0,0,0,0,0,0.1111,0,0,0.3333,0.1667,0,0.1111,0,0.2,0.5556
"locus2258",0.5,0.4375,0.5,0.4375,0.9375,0.625,0.1,0.75,0.6818,0.1429,0.5909,0.7143,0.6875,0.5714,0.4167,0.0455,0.7143,0.3333,0.4375,0.5556,0.5,0.5556,0.5,0.6667,0.7222,0.7273
"locus2259",1,1,0.9,1,1,0.875,1,0.75,1,1,0.9545,1,1,0.875,0.9167,1,1,1,0.9286,1,0.625,0.9545,1,1,0.9545,0.75
"locus2260",0.9583,0.5,0.9,0.9091,0.875,0.5625,1,1,1,1,0.4,1,0.55,0.9375,0.9167,1,0.8889,1,0.8125,1,1,1,0.95,0.95,1,0.8333
"locus2261",0.0833,0,0,0.0455,0,0,0,0,0,0,0,0,0,0,0,0,0,0.1667,0,0,0,0.3,0,0.15,0,0
"locus2262",1,1,0.95,0.75,1,0.9545,0.8,0.9444,0.8182,0.8125,1,1,1,0.9375,1,0.8333,0.9444,1,0.875,0.8889,1,1,1,1,0.9545,0.8182
"locus2263",0.6667,0.875,1,0.7273,1,1,1,1,1,1,1,0.9375,1,0.8125,1,1,1,1,1,0.9444,1,0.9545,0.8333,0.85,0.75,1
"locus2264",0.9091,1,0.95,1,1,1,0.2,1,0.9091,1,1,0.8125,1,0.8125,0.9167,0.55,0.6875,1,1,1,0.9286,0.6111,0.8,0.875,0.9091,1
"locus2265",0.9583,1,1,1,0.9444,0.7727,0.9,0.8889,0.9545,1,0.8,1,0.8571,1,0.9167,1,1,1,0.9375,1,1,1,1,1,0.9545,0.9583
"locus2266",1,1,0.95,1,1,1,1,0.7857,0.9545,1,0.9545,1,0.9,1,1,1,1,1,0.9375,0.9444,0.9167,1,0.95,1,0.8636,0.7778
"locus2267",0.9545,1,1,0.8182,1,0.9583,1,1,1,1,1,1,1,1,1,1,0.8889,1,1,1,1,0.9545,0.95,1,1,1
"locus2268",1,0.9286,1,1,1,0.9583,1,1,1,1,0.6364,1,1,1,1,1,1,1,1,1,1,1,0.85,0.95,1,0.9583
"locus2269",0.875,0.9375,0.9444,1,1,0.8182,1,1,0.9545,1,0.9545,0.9375,1,1,1,1,1,1,1,1,1,1,0.85,0.9,1,1
"locus2270",0.1875,0.25,0,0,0,0.0417,0,0,0.1,0,0.1429,0,0.1111,0.1875,0.0909,0,0.25,0.25,0.125,0,0,0.0455,0,0.05,0.3333,0.2727
"locus2271",0.625,0.875,0.7857,0.2857,0.6429,0.95,0,0.5,0.6667,0.1429,0.85,0.5,1,0.75,0.8333,0.1429,0.4,0.25,0.75,0.75,0.5,0.125,0.8125,0.75,0.6818,0.3333
"locus2272",1,1,0.85,1,1,1,1,0.8889,1,1,1,0.9375,1,1,0.9167,1,1,0.8333,1,1,0.8571,0.9545,1,0.95,1,0.9583
"locus2273",0.8125,1,1,0.6667,0.9286,0.8636,1,0.8889,1,1,0.8333,0.9286,0.5714,0.9375,1,0.9091,1,1,0.9375,1,1,1,0.75,0.95,0.8333,1
"locus2274",0.5,0.375,0.4286,0.5,0.6111,0.5714,1,0.5,0.3125,0.5,0.6667,0.25,0.75,0.25,0.35,0.75,0.5833,0.5,0.375,0.5714,0.8,0.0556,0.375,0.5714,0.6111,0.3889
"locus2275",0.125,0.4,0.25,0.1875,NA,0.7222,0.2,0.5833,0.3,0,0.7143,0.5,0.7857,0.25,0.2273,0,0.2778,0.25,0.125,0.1,0.5,0.2,0.125,0.0714,0.5,0.75
"locus2276",0.6818,0.3571,0.3333,0.75,0.0625,0,1,0.375,0.25,1,0.1818,0.3333,0.1,0.3571,0.5417,0.9091,0.8571,0.8333,0.5,0.4286,0.25,0.3333,0.9444,0.75,0.6,0.1429
"locus2277",0.75,0.625,0.875,0.9375,0.9167,0.7222,0.75,0.75,0.9444,1,0.8182,0.875,0.9167,0.9,0.75,0.7,0.9286,0.5,0.5,1,0.5,1,0.9375,0.7143,0.9286,0.6
"locus2278",1,0.8125,0.8333,1,1,0.9583,0.9,0.9444,0.9091,0.75,1,1,1,1,0.9583,0.85,0.75,1,1,1,0.9286,0.375,1,1,0.9545,1
"locus2279",0.6364,0.4167,0.6,0.2778,0.5,0.4,1,0.3125,0.6364,0.375,0.3333,0.5,0.25,0.5625,0.2083,0.625,0.5556,0.3333,0.7857,0.7222,0.5833,0.8125,0.3125,0.65,0.3636,0.3889
"locus2280",0.9,0.9375,0.9,0.9091,0.9444,0.9583,1,0.9444,0.8636,0.8571,0.8636,0.875,1,0.875,0.7917,0.9444,0.875,0.8333,0.875,0.9444,1,0.7778,0.7222,0.8889,0.9091,0.9167
"locus2281",0.5556,0.9375,0.85,0.5909,1,0.8889,0.5,0.7857,0.5455,0.7857,0.8182,0.8333,0.8333,0.625,0.75,0.5,0.6667,0.5,0.625,0.75,0.9,0.4375,0.7,0.6,0.6429,0.9167
"locus2282",1,1,1,0.9545,0.6667,0.9583,1,0.6667,1,1,0.9545,1,1,0.8125,0.8636,1,1,1,1,1,0.625,1,1,0.75,0.8636,0.8333
"locus2283",0.9583,1,0.95,0.9091,1,0.9583,1,0.8889,1,1,1,0.9375,0.9444,0.9375,0.9167,1,1,1,0.9375,0.9444,0.9286,1,1,0.95,1,0.9167
"locus2284",0.9091,0.9375,0.95,1,1,0.65,1,1,0.9545,1,0.9091,1,0.75,1,1,1,1,1,1,1,1,1,1,1,1,0.9583
"locus2285",0.0833,0.125,0.05,0,0.0556,0,0.5,0.0556,0.0455,0.1429,0,0.0625,0.2,0.0625,0.0417,0.1364,0.0556,0.1667,0.0625,0.0556,0.0714,0.25,0.2,0.1,0.0909,0.1818
"locus2286",0.9167,1,1,1,1,0.875,1,1,0.9091,0.875,1,0.9375,1,0.875,0.9583,1,1,1,0.9375,1,1,1,0.95,0.95,0.9545,1
"locus2287",0.9583,1,1,1,1,1,1,1,0.9545,1,1,1,1,1,0.9167,1,1,0.6667,1,1,0.8571,0.8333,0.95,0.85,0.9545,1
"locus2288",1,1,1,1,1,1,1,1,1,1,1,1,1,1,1,1,1,0.8333,0.9375,1,1,0.7857,0.95,1,1,1
"locus2289",0.45,0.9,0.4375,0.4444,0.75,0.9091,0.375,0.5,0.3636,0.3,1,0.3333,1,0.3571,0.3333,0.4545,0.4375,0.1667,0.7,0.5,0.1667,0.2222,0.6875,0.6429,0.5,0.45
"locus2290",0.8636,0.9375,0.9,0.9545,1,0.7917,1,0.875,0.8182,0.875,0.8182,0.875,0.875,0.9375,0.9545,0.8,0.8889,1,0.9375,0.8889,1,0.9545,1,1,1,0.9167
"locus2291",0.9583,0.9375,1,1,1,1,0.875,1,1,1,0.9545,1,1,1,1,0.75,0.8333,1,1,1,1,1,0.9,0.9,1,1
"locus2292",0.5,0.3571,0.7857,0.6111,0.8125,0.4583,0,0.7778,0.65,0.6,0.2,0.9286,0.3,0.75,0.7,0,0.7143,1,0.6875,0.5,0.9286,0.8333,0.75,0.85,0.65,0.75
"locus2293",1,1,1,1,0.8889,0.8636,1,0.9444,1,1,0.9545,1,0.95,1,0.9583,1,1,1,0.9375,1,1,1,1,1,1,0.9167
"locus2294",0.45,0.0714,0.75,0.15,0,0.125,0,0.1667,0.5455,0,0.05,0.4286,0,0.4286,0.7222,0,0.3889,0.25,0.6667,0.5,0.4,0.7778,0.4286,0.3571,0.3125,0.1818
"locus2295",0.8333,0.875,0.75,0.9375,1,1,0,1,0.7222,0.625,0.9091,1,1,0.75,0.8889,0.1429,0.5,0.5,0.875,0.5,0.9286,0.5556,1,0.7778,0.9,1
"locus2296",0.75,1,0.75,1,0.9444,0.9167,1,1,0.9091,0.875,0.8889,1,1,0.8125,0.9583,1,0.9444,0.6667,0.9375,0.8333,0.9286,1,0.85,0.95,0.8636,1
"locus2297",1,1,1,1,1,0.9091,0.6,1,0.9091,1,1,1,1,0.9375,1,0.9545,1,1,1,1,1,1,0.9,1,0.9091,0.9583
"locus2298",0.6818,0.8571,0.7222,0.55,0.7778,0.6818,0.7,0.6429,0.55,0.7143,0.9545,0.5714,0.95,0.6875,0.6364,0.7778,0.8,0.3333,0.5833,0.5625,0.7143,0.5714,0.6875,0.7,0.8,0.55
"locus2299",1,1,0.6,0.9545,1,1,1,0.8889,0.8182,1,0.9545,1,1,1,0.625,1,1,0.8333,0.6429,0.9444,0.6429,0.55,0.95,0.6,1,0.9583
"locus2300",1,1,1,1,0.75,1,1,0.9444,1,0.8571,1,0.9375,0.8571,1,1,0.9091,0.9286,1,0.8125,1,1,1,0.8,1,0.9545,0.9167
"locus2301",1,1,0.95,1,1,1,1,1,0.9545,1,0.95,1,1,1,0.9583,0.9545,0.9444,0.8333,0.8125,1,1,1,1,1,0.65,1
"locus2302",1,0.9375,0.95,1,0.8889,0.9167,1,1,1,1,0.75,1,0.95,1,0.9583,1,1,1,0.875,0.9444,0.9286,1,1,0.85,0.9545,0.8333
"locus2303",0.8182,1,0.7778,1,1,1,1,1,0.8182,1,0.9545,1,1,0.9375,0.9167,1,1,0.8333,0.9375,1,1,0.7727,0.95,1,0.9091,1
"locus2304",0.9583,1,1,1,1,0.8636,1,0.7222,1,1,0.9545,0.8,1,1,0.875,0.9545,1,0.8333,0.875,1,0.6667,0.9545,0.95,0.95,1,0.8182
"locus2305",0.6429,0.6875,0.75,0.8125,0.7857,0.5,1,0.5,0.7,1,0.2143,0.6667,0.2778,0.5,0.65,1,0.5,0.8333,0.75,0.9286,0.6,1,0.5,0.5,0.5625,0.6
"locus2306",0.7083,1,1,1,1,1,1,1,0.9545,1,1,1,1,1,1,1,0.7222,1,1,1,1,1,0.8889,1,1,1
"locus2307",1,0.6667,1,1,0.5714,0.3889,1,0.8,1,0.9375,0.3,0.9375,0.2,1,1,1,0.9444,1,1,1,1,1,0.95,1,0.9091,0.5
"locus2308",0.9167,1,1,0.9091,1,1,1,1,1,1,1,1,1,1,1,0.9545,0.8889,1,0.9375,1,1,0.75,1,1,0.9091,1
"locus2309",0.6667,0.6875,0.65,0.6818,1,0.8182,0,0.6111,0.5,0.6429,0.9091,0.7857,0.85,0.6875,0.6,0.0455,0.7778,1,0.625,0.6667,0.6667,0.9545,0.5556,0.6,0.6818,0.8182
"locus2310",1,0.75,0.95,1,1,0.5,1,0.9444,1,0.9,0.3333,1,0.4375,1,0.9583,0.95,1,1,1,1,1,1,0.95,1,0.9545,1
"locus2311",0.875,0.9375,0.95,1,1,0.9583,1,0.8889,0.9545,0.9286,1,0.9375,0.95,0.8125,0.875,1,0.7222,1,0.875,1,1,0.9545,0.9,0.8,1,0.9583
"locus2312",0.6,0.9375,0.6875,0.6667,0.9444,0.9545,1,0.875,0.8,0.9167,0.9091,0.6667,1,0.75,0.7778,1,0.6875,0.3333,0.7857,0.8571,0.6429,0.8636,0.6667,0.8333,1,0.875
"locus2313",0,0,0,0,0.4286,0.3333,0,0.6667,0,0,0,0.3,0,0,0.0909,0,0,0,0.0714,0,0.375,0.0455,0.05,0.05,0.25,0.5909
"locus2314",0.9583,1,1,0.9545,0.9444,1,0.4,1,1,0.5,1,1,1,1,1,0.5,0.9444,1,1,0.9375,1,1,1,0.9,1,1
"locus2315",0.125,0.2143,0.2,0.15,0.3125,0.1364,0,0.125,0.2273,0,0.0455,0.125,0.125,0.2857,0.4375,0,0,0.25,0.2857,0.2857,0.0833,0,0.0556,0.1875,0.1667,0.25
"locus2316",0.9583,1,0.95,0.9091,1,1,1,1,1,1,0.9545,0.9375,1,1,1,1,0.9444,1,1,1,0.8571,1,0.95,1,1,0.8182
"locus2317",0.875,0.5714,1,0.9545,0.6667,0.9,1,0.8889,0.8636,0.8125,0.55,0.7857,0.4,0.9375,0.9167,0.9545,0.8889,1,0.875,1,0.7857,0.9286,0.95,0.95,0.8182,0.6818
"locus2318",0.8333,1,0.95,0.8636,1,0.9583,1,0.8333,0.9091,0.9375,1,0.8125,0.95,0.9375,0.7917,0.9545,1,0.8333,0.875,1,0.9286,0.9091,0.9,0.9,0.9545,1
"locus2319",0.9583,0.875,0.95,1,0.7778,0.75,1,0.9444,0.9545,0.9375,0.8636,1,0.9,1,1,1,1,1,0.9375,0.9444,1,1,1,1,1,0.9167
"locus2320",1,1,1,1,0.625,0.9583,1,1,1,1,1,1,1,1,1,1,1,1,1,1,1,1,1,1,0.9545,0.8333
"locus2321",1,0.875,1,1,1,0.8333,1,0.8889,1,1,0.9545,1,1,1,0.9583,1,1,1,1,1,1,0.9545,1,1,1,0.7778
"locus2322",0.75,0.9167,0.8,0.8333,0.5714,0.8333,1,0.5,0.9375,0.75,0.8571,0.5,1,0.8571,0.7143,0.9545,1,0.25,0.7857,0.9375,0.6,0.8333,0.9286,0.9,0.5,0.5
"locus2323",1,1,1,1,1,1,1,1,0.9545,1,0.75,1,0.5,1,1,1,1,1,1,1,1,1,1,1,1,1
"locus2324",0.4091,0.9375,0.9375,0.65,1,1,1,0.8889,0.7222,0.9167,0.9545,0.9167,1,0.75,0.95,1,0.5,0.25,1,0.8125,1,0.6111,0.375,0.75,0.5625,1
"locus2325",0.9167,0.25,0.9167,1,0,0.0625,1,0.375,0.9545,0.9167,0.125,0.9,0.1875,0.9,1,1,0.6429,1,0.9,0.9444,0.375,0.9091,0.9444,0.9444,0.9,0.4286
"locus2326",1,0.3333,0.3,0.8333,0.3333,0.3636,1,0.5,0.7273,0.9,0.7727,0.8333,0.8,0.7,0.3125,1,0.8333,0.6667,0.1667,0.875,0.3333,0.9,1,0.6,0.8,0.4
"locus2327",0.5455,0.5625,0.2778,0.5,0.5714,0.4583,0.6,0.3571,0.45,0.8333,0.4,0.4286,0.4286,0.3125,0.2727,0.5,0.5625,0.3333,0.1875,0.375,0.5,0.4444,0.375,0.3333,0.4545,0.6111
"locus2328",0.0909,0,0.15,0.0455,0,0.0417,0.5,0.0556,0.0455,0,0.0455,0,0,0.0625,0.125,0.65,0.3333,0.1667,0.125,0.125,0,0.1364,0.0556,0.2,0.2222,0.0417
"locus2329",0.875,0.5,0.3125,0.8333,0,0.375,1,0.4375,0.5,0.5714,0.25,0.5,0.1429,0.4375,0.5909,0.8333,0.4286,0.5,0.2857,0.4375,0.625,0.55,0.6667,0.4,0.6,0.2778
"locus2330",1,0.9375,1,1,1,0.875,0.9,0.9444,0.9545,0.9375,1,0.875,0.9,0.9375,1,1,1,0.8333,1,1,0.9286,1,1,0.9444,1,1
"locus2331",0.9583,0.75,0.5625,0.9545,1,0.9091,1,1,0.6875,1,0.9545,0.9286,1,0.3333,0.5909,1,1,1,0.8125,0.8571,0.5,1,0.95,0.8,0.8636,0.9583
"locus2332",1,1,1,1,1,1,1,0.9444,1,1,1,1,0.95,0.9286,0.9583,0.9545,1,1,1,0.8889,0.9286,1,1,0.9375,0.8636,1
"locus2333",1,1,1,1,1,1,0.3,1,0.9545,0.875,1,1,0.95,0.9375,1,0.45,0.875,1,1,0.75,1,1,1,1,1,1
"locus2334",0.85,0.875,0.8889,1,1,0.9167,1,0.8333,0.8333,1,0.9091,0.9375,1,0.75,0.7273,1,0.9444,1,0.8125,0.8333,0.8571,1,0.95,0.9,0.85,0.8333
"locus2335",0,0.0625,0.1,0,0.0556,0.0833,0,0.1875,0,0.125,0,0,0.1,0.0625,0.0417,0.1818,0.0556,0,0.1875,0,0,0.0455,0.05,0.35,0,0.2083
"locus2336",1,1,1,1,1,0.7917,0.75,1,1,1,1,1,1,1,1,0.7778,1,1,1,1,1,1,0.9,0.9,0.9545,0.7083
"locus2337",1,1,1,0.85,1,1,1,0.9444,0.9545,0.9375,1,1,0.95,1,1,1,1,1,0.9375,1,1,1,0.9,0.95,1,0.9583
"locus2338",1,1,1,0.9545,0.8333,0.8636,1,0.8889,1,1,1,1,1,1,1,1,1,1,1,1,0.8571,1,1,1,0.8636,0.875
"locus2339",0.875,1,1,0.9091,1,1,1,1,0.95,1,1,0.9375,1,0.9375,0.9583,1,0.8889,0.8333,0.9375,0.8125,1,1,0.95,1,0.9091,1
"locus2340",0.125,0.125,0.05,0.0455,0,0.0417,0,0.0556,0.2,0.0625,0,0.0625,0.05,0.1875,0.125,0.05,0.2222,0,0.3125,0.3333,0.0714,0.1667,0.15,0.45,0.0455,0
"locus2341",1,0.875,1,1,0.9444,0.8333,1,1,1,1,0.9444,1,0.6875,0.9375,1,1,1,1,0.9375,1,0.9286,1,1,1,1,0.9167
"locus2342",0,0,0.05,0,0,0.0833,0,0.1111,0,0.1875,0,0,0,0,0,0.0455,0.0556,0,0.0625,0,0,0.0909,0.1,0.15,0,0.1364
"locus2343",1,1,1,1,0.8333,0.875,1,0.8889,1,1,1,1,0.95,1,1,1,1,1,0.9375,1,1,1,0.95,1,1,0.9583
"locus2344",0.7857,0.75,0.625,0.75,0.8889,0.9,0.75,0.75,0.6,0.7857,0.2727,0.8333,0.5,0.7,0.65,0.9545,0.25,1,0.6429,0.4,0.8,1,0.75,0.7,0.6667,1
"locus2345",1,0.9375,1,1,1,0.9583,1,1,1,0.8125,0.8636,0.9375,0.95,1,0.9583,0.9545,1,1,0.9375,1,0.8571,1,1,0.9,0.9545,0.875
"locus2346",1,1,0.9,0.55,0.9444,1,0.9,0.9444,0.9545,1,1,0.875,1,0.875,0.875,0.9545,1,0.8333,1,1,0.9286,0.7143,0.9,1,0.9545,0.9167
"locus2347",0.8,1,0.75,0.9167,0.7,1,0.9,0.8333,0.875,1,0.8636,0.9286,0.9,0.75,0.7857,0.7778,0.7143,0.6667,0.875,0.9,1,0.7143,1,0.6667,0.8571,0.5833
"locus2348",0,0.0625,0,0,0,0,0,0,0,0,0.0455,0,0.25,0,0,0,0,0,0,0,0,0,0,0,0.0909,0.0833
"locus2349",0.7917,0.75,1,1,1,0.9583,1,1,0.9545,0.625,0.75,0.8125,0.6,1,1,0.9091,0.5714,0.8333,0.9375,1,1,0.9545,0.85,0.9,0.5909,0.9583
"locus2350",1,0.9375,1,1,1,1,1,0.8889,1,1,1,1,1,0.9286,0.875,1,1,1,0.9375,1,1,1,0.95,0.85,1,1
"locus2351",1,0.875,0.95,1,0.75,0.7083,1,0.9444,1,0.9375,0.9,1,0.95,1,1,1,1,1,1,1,1,1,0.95,1,0.8636,1
"locus2352",1,0.8333,1,0.9091,0.75,0.6,1,1,1,0.9375,0.6111,0.9375,0.7857,1,0.9167,0.9545,1,1,1,1,1,1,0.95,1,0.9545,0.9444
"locus2353",0.9583,0.9375,1,0.8636,0.8889,0.8,1,0.8889,0.9,0.9375,0.55,1,0.95,0.6875,0.7083,0.9091,1,0.8333,0.875,0.9444,0.9286,1,0.95,0.75,0.9545,0.9583
"locus2354",0.75,0.9375,1,0.9545,1,1,0.8,1,0.9545,0.9375,1,0.875,1,0.9375,1,1,0.7143,0.8333,0.9375,0.8333,1,0.6667,1,1,0.8889,0.9167
"locus2355",0.7143,0.9375,0.85,0.85,0.9444,0.9583,1,0.9444,1,0.8125,1,0.9375,0.95,1,0.9583,0.9545,0.6667,1,1,0.75,0.9286,0.85,0.85,1,0.8571,1
"locus2356",0.5556,0.625,0.5,0.625,1,0.8889,0.6,0.8125,0.5556,0.5,0.9444,0.6667,1,0.5714,0.6,0.5556,0.5,0.5,0.5714,0.5,0.625,0.5909,0.5,0.6429,0.5,1
"locus2357",0.5417,0.25,0.25,0.4,0.2143,0.1818,1,0.2222,0.5,0.4286,0.2778,0.25,0.2,0.2857,0.0833,0.75,0.375,0.1667,0.375,0.3571,0.3333,0.85,0.4375,0.3,0.55,0.2917
"locus2358",0.3333,0.2857,0.25,0.5,0.7,0.4,0,0.3333,0.35,0.1429,0.3333,0.2143,0,0.1667,0.4091,0,0.1875,0.3333,0.2857,0.2857,0.1,0.6667,0.3125,0.35,0.375,0.4375
"locus2359",1,0.875,0.9,0.8182,1,1,0.9,1,0.85,1,1,1,1,0.8125,0.8,1,0.8889,1,0.8571,0.8889,1,1,1,1,1,0.9583
"locus2360",0.9167,0.9167,0.95,0.9545,0.8889,0.7083,1,0.75,0.9444,1,0.8182,0.8125,0.9,0.8125,0.625,1,1,0.8333,0.8571,1,0.75,1,0.95,0.8,0.8636,0.9583
"locus2361",0.875,0.6875,0.65,0.75,0.5,0.7917,0,0.6667,0.6364,0.625,0.9091,0.5714,0.8,0.6875,0.75,0.1667,0.7778,0.3333,0.8125,0.875,0.6,0.55,0.8,0.8,0.5909,0.5
"locus2362",0.1364,0.2143,0.1667,0.3125,0.3889,0.5,0,0.0714,0.1364,0.625,0.1667,0.1429,0.25,0.3125,0.25,0.15,0.125,0.1667,0,0,0.2143,0,0.3333,0.0625,0.3,0.4
"locus2363",0.8636,0.875,0.9,0.9091,0.7222,0.9,1,1,0.9545,0.9375,0.6,0.9375,0.5,0.875,1,1,1,1,1,0.9444,1,1,0.85,0.95,0.9545,0.9167
"locus2364",0.9167,0.6429,1,0.85,0.9444,0.8333,1,1,1,0.9375,1,1,1,1,1,1,0.8333,1,1,1,1,0.5,0.95,0.9,0.8182,0.9167
"locus2365",0,0,0,0,0,0,0.75,0.0556,0,0.1875,0,0,0,0.0625,0,0.3182,0,0,0,0.0556,0,0,0,0,0,0.125
"locus2366",0.9583,1,0.85,0.9545,1,1,0.6667,1,0.75,0.6,1,1,1,0.875,1,0.3,0.9444,1,0.9375,0.9375,0.8571,1,1,0.9,0.9545,1
"locus2367",0.3889,0.3333,0.4444,0.3333,0.2857,0.0455,0.4,0.25,0.5,0.5,0.375,0.5,0.0714,0.5,0.3889,0.5,0.5,0.5,0.4167,0.5,0.25,0.3571,0.4375,0.4,0.4375,0.25
"locus2368",0.9167,1,0.95,0.5714,0.9444,0.9583,1,0.9444,0.9545,1,0.8636,1,1,1,0.875,1,1,1,1,1,1,1,0.8,0.95,0.8636,1
"locus2369",0.75,1,1,1,0.9444,1,1,1,1,1,0.9091,1,0.95,1,0.9583,1,1,1,1,0.8889,1,1,1,0.95,1,1
"locus2370",0.8889,0.875,0.9,0.8889,1,0.9167,0.5,1,0.9444,0.8,0.9545,1,0.95,0.8571,0.8333,0.5556,0.9167,1,1,0.7857,0.9286,1,0.7778,0.95,0.8,0.9583
"locus2371",0.9583,1,1,1,1,1,1,0.7222,1,0.9286,1,1,0.9,0.875,1,1,1,1,0.9375,1,1,1,1,0.95,1,1
"locus2372",0.9583,1,0.75,1,1,1,1,0.9444,0.9,1,1,1,1,0.9375,0.95,1,1,1,1,0.9444,1,1,1,1,1,1
"locus2373",1,0.9375,0.95,1,1,0.7917,1,0.6875,1,1,0.9545,0.9375,1,0.9375,0.7917,0.9545,1,1,0.9375,1,1,1,1,0.95,0.9091,0.8182
"locus2374",0.9444,0.9375,0.95,0.9167,1,0.9167,1,1,1,1,1,1,1,1,1,1,0.3333,0.8333,0.9375,1,1,1,0.8333,0.9,0.8889,1
"locus2375",0.9286,0.7857,0.9,0.8333,0.8571,0.95,0,0.75,0.875,0.6875,0.8333,0.75,1,0.9,1,0,1,0.75,0.8333,0.375,0.8333,0.5,0.8571,0.6875,0.8571,0.8
"locus2376",0.9583,1,0.85,1,0.8889,0.875,1,0.8889,1,1,0.9545,1,0.95,1,0.9583,1,1,1,1,0.9444,1,1,1,0.9444,1,0.9167
"locus2377",0,0,0,0,0.1667,0.0417,0,0.1111,0,0,0,0,0,0.0625,0.1667,0,0,0,0.0714,0,0.2143,0,0.05,0,0,0.0455
"locus2378",0,0.125,0,0.1818,0,0.0417,0,0.1111,0.0455,0.125,0.0909,0.125,0.05,0,0.125,0.0455,0,0,0,0.0625,0,0.0455,0,0.2,0,0
"locus2379",1,0.75,0.95,1,1,0.5417,0.9,1,1,1,0.9545,0.9375,1,0.6429,0.9583,1,1,1,0.6875,1,1,0.7,0.95,1,1,1
"locus2380",0.15,0.375,0.3,0.35,0.4167,0.1111,1,0.125,0.3,0.6875,0.3571,0.1429,0.6429,0.375,0.1818,0.8889,0.4444,0,0.25,0.4375,0.4286,0.25,0.3125,0.2143,0.35,0.3333
"locus2381",0.4,0.25,0.2,0.3333,0.5,0.4583,1,0.1875,0.45,0.75,0.7778,0,0.7143,0.5,0.4167,0.9545,0.3889,0.1667,0.2143,0.6111,0,0.4545,0.3889,0.2222,0.7143,0.125
"locus2382",0.95,0.8125,0.8889,0.4444,1,1,1,0.9444,0.8636,1,0.8182,0.8,0.9,0.8571,1,0.9545,0.7778,0.8333,0.875,0.875,0.8571,0.8,0.625,0.75,0.6667,1
"locus2383",1,0.8571,1,1,1,0.6667,1,0.9444,1,1,1,1,0.5833,1,1,1,1,1,1,1,1,1,1,1,1,1
"locus2384",0.625,0.3333,0.4,0.6111,0.2143,0.3333,0.625,0.3571,0.4545,0.5,0.2222,0.4286,0.2222,0.3125,0.25,0.85,0.5,0.5,0.3125,0.5714,0.3,0.5,0.4375,0.3,0.2222,0.25
"locus2385",0.5455,0.6,0.5,0.5,0.5,0.5,0.1667,0.4286,0.4375,0.5,0.45,0.6,0.5,0.5,0.5,0.4,0.4444,0.75,0.5,0.625,0.4167,0.7857,0.5625,0.5,0.4444,0.3125
"locus2386",1,1,1,0.9091,1,0.8636,1,1,1,0.9375,0.8636,1,0.95,0.875,0.9583,0.9545,1,1,1,1,1,1,1,0.95,1,1
"locus2387",0.7778,0.7,0.85,0.8889,0.9444,0.9286,0.8,1,0.8636,0.8571,0.8333,0.7143,NA,1,0.8636,0.9545,0.8889,0.8333,1,0.9444,0.9286,0.65,0.9286,0.85,0.9,0.9167
"locus2388",0.125,0,0.2857,0.35,NA,0.0625,0.1,0,0.1818,0,0.5,0.25,0.5,0.125,0.1111,0.0909,0.0556,0,0.2857,0.0556,0.1667,0.3333,0.2,0.2778,0.0909,0
"locus2389",0.8636,0.9375,0.95,0.9444,1,1,0.625,0.9444,0.875,1,0.9545,0.9375,0.95,0.9286,0.8333,0.2778,0.8333,1,1,0.9444,1,0.875,0.7857,0.9,0.85,0.9583
"locus2390",1,1,1,1,1,0.9583,0.875,0.9444,1,0.8333,1,1,0.9444,1,0.9583,1,1,1,1,1,0.8333,1,1,1,1,0.9583
"locus2391",0.5455,0.5625,0.55,0.4,0.3125,0.35,0.1,0.3333,0.5,0.3571,0.4375,0.5714,0.25,0.4375,0.5,0.2222,0.625,0.5,0.5625,0.5625,0.5714,0.5455,0.625,0.5,0.45,0.3333
"locus2392",0.7143,0.9375,1,0.8333,0.875,0.9286,1,0.75,0.9545,1,0.95,0.8333,0.9444,0.9375,0.9583,1,1,1,0.9375,0.9444,0.375,1,0.9375,0.8333,0.9286,0.7
"locus2393",0.7857,0.4,0.6429,0.2857,0.7143,0.4545,0.9,0.4,0.8182,0.4167,0.6,0.5,0.5,0.7143,0.55,0.9091,0.5714,0.25,0.5,0.5625,0.4,0.625,0.625,0.6875,0.6667,0.6667
"locus2394",0.9167,1,1,1,1,1,1,0.8889,0.9545,1,1,0.9375,1,0.9375,1,1,1,0.8333,0.875,0.875,1,1,1,0.85,0.9091,1
"locus2395",0.6364,0.5,0.6111,0.6667,0.5833,0.4,0,0.4444,0.55,0.4375,0.8889,0.5,0.4444,0.5,0.5,0.25,0.5,0.5,0.6667,0.6875,0.4286,0.5,0.6,0.5,0.5,0.4091
"locus2396",0,0,0.05,0,0.1667,0.0833,0.1,0.1111,0,0.0625,0,0,0.05,0,0.0833,0,0,0,0,0,0,0,0,0.05,0.2273,0
"locus2397",0.9167,1,0.95,1,1,1,1,0.9444,0.9545,1,1,1,1,1,0.8333,1,0.9375,1,0.9375,1,1,1,1,0.95,0.85,1
"locus2398",0.0417,0,0,0.0455,0,0,0,0,0,0,0,0.125,0,0,0,0,0,0,0,0,0.2857,0,0,0,0.0455,0.125
"locus2399",1,0.9375,1,1,1,0.9583,1,0.9444,1,1,1,1,1,1,0.875,1,1,0.8333,0.9375,1,1,1,1,1,0.7727,0.9167
"locus2400",0.7,0.5833,0.625,0.625,0.7222,0.6,0.875,0.9375,0.7778,0.6429,0.7778,0.75,0.75,0.6667,0.7143,0.7727,0.5556,1,0.9286,0.5714,0.625,0.875,0.6,0.5833,0.6111,0.7
"locus2401",0.875,0.8125,1,0.8636,1,0.9583,1,0.9444,1,1,1,1,1,0.9375,0.9583,0.9545,1,0.8333,0.9375,1,1,1,1,0.9444,1,0.9167
"locus2402",0.125,0,0.05,0.4,0.1,0.0833,0.1,0.3125,0,0.0625,0.0455,0.2143,0.05,0.0625,0,0,0.1429,0.25,0.125,0,0.5,0.625,0.3,0,0.0556,0.1667
"locus2403",0.0833,0.75,0.3,0.5,0.625,0.875,0,0.375,0.2273,0.5,0.9091,0.5,1,0.1875,0.5833,0.0909,0.2778,0.5,0.5625,0.0625,0.5,0.0455,0.3333,0.5,0.4091,0.6667
"locus2404",0,0,0.1,0,0,0,0,0,0,0,0,0,0.05,0.125,0.0909,0,0,0,0.125,0.1111,0,0,0.1,0.05,0,0
"locus2405",1,1,0.85,1,1,0.5833,1,0.875,0.9,1,0.75,0.9167,0.8333,1,0.7,0.9545,1,1,0.7,1,0.75,1,1,0.95,0.9545,0.9
"locus2406",0.7,0.6875,1,0.9286,1,0.75,0.1,0.9444,0.7143,0.7143,0.9091,0.9375,1,0.5833,0.85,0.6667,0.875,0.75,0.9167,0.6,0.9167,0.9545,0.8571,0.5556,0.8571,0.9167
"locus2407",0.75,0.5714,0.85,0.625,1,0.8125,1,0.5833,1,0.75,0.6875,1,0.7857,0.625,0.8,0.9545,0.9,1,0.9,0.9286,1,0.9444,0.875,0.625,0.875,0.9167
"locus2408",0.0417,0,0,0.0455,0.0556,0,0,0.1111,0.0455,0.125,0.0455,0,0,0.0625,0.0417,0.125,0.1111,0,0,0,0.2143,0.0455,0,0.25,0,0
"locus2409",0.9583,1,0.95,1,0.9444,1,1,0.8889,0.9091,1,1,1,1,0.875,0.9091,0.8636,1,0.8333,0.9375,1,0.8571,1,1,1,1,0.9167
"locus2410",0.3636,0,0,0.2727,0,0,0,0,0,0,0,0,0,0,0.0833,0,0.0556,0,0,0.2222,0,0,0.15,0,0.0455,0
"locus2411",0.65,0.4286,0.55,0.7,0.4444,0.35,1,0.5,0.8333,0.5,0.5,0.6667,0.3889,0.5714,0.5909,0.9545,0.7222,0.5,0.5714,0.7143,0.5,0.5,0.8333,0.8125,0.6875,0.4545
"locus2412",0.9091,0.9375,0.95,0.7222,1,1,0.5,0.9444,0.8636,0.8333,1,1,0.95,1,0.9167,0.4545,0.7778,1,0.875,0.9375,1,0.9545,0.75,0.95,1,1
"locus2413",1,1,1,1,1,1,1,0.9444,1,1,0.9545,0.8125,1,1,0.9583,1,1,1,1,1,0.9167,0.9545,1,1,1,0.875
"locus2414",0,0,0,0,0.0556,0.1667,0,0,0.0455,0,0.2273,0,0.15,0,0.0417,0,0,0,0,0,0,0,0.2,0.05,0.0909,0
"locus2415",0.75,0.9167,0.8,0.6818,1,0.8333,0.9,0.9375,0.9091,0.9286,0.9091,0.625,0.75,0.7857,0.9091,0.8636,0.8333,0.6667,0.875,0.8889,0.5833,1,0.7,0.8333,0.95,1
"locus2416",0.9583,0.9375,1,0.8636,1,1,1,1,1,1,1,1,1,1,1,1,0.8889,1,0.9375,0.9444,1,1,0.7,1,1,1
"locus2417",1,1,0.95,0.9545,0.8889,1,1,0.7778,0.9545,1,1,0.75,1,1,0.9167,1,1,1,0.9375,1,1,1,1,1,0.9091,0.8333
"locus2418",0.9167,0.75,0.95,0.625,1,0.9583,1,0.9444,1,1,0.8636,1,0.9,0.9375,0.9583,1,0.7778,1,1,1,1,1,1,0.95,0.9545,0.9167
"locus2419",0.2222,0,0,0.1,0,0,0,0,0,0,0,0,0.05,0,0,0.0909,0.3125,0.3333,0,0,0,0.1,0,0,0,0
"locus2420",0,0,0.05,0.15,0.0556,0,0,0.1111,0.1,0,0.0455,0.125,0,0.2143,0.2083,0.0455,0,0.1667,0.125,0.1111,0.2857,0.3182,0,0.1,0,0.1667
"locus2421",0.9167,1,0.95,1,1,1,1,0.8889,0.95,1,1,1,0.95,1,1,1,0.9444,1,0.9375,0.7857,1,0.9444,0.8333,1,1,1
"locus2422",0.125,0.0625,0,0,0.1111,0,0.5,0,0.0909,0,0.2727,0.0625,0,0.0625,0.0417,0.4545,0.1111,0,0.0625,0.0556,0,0,0,0.05,0.0909,0
"locus2423",0.8182,1,0.9,0.9545,1,0.9167,0.875,1,0.8636,1,0.9091,1,1,1,0.9545,1,0.9444,0.8333,1,0.9444,1,0.8636,1,1,0.8636,0.9583
"locus2424",0.7,0.7857,0.9444,0.8182,1,0.9583,0.9,0.9444,0.9444,0.7,0.9091,1,0.95,0.8571,0.9091,0.8125,0.7778,1,0.75,0.9375,0.9286,1,0.9375,0.9,0.85,1
"locus2425",1,0.8571,1,0.9545,1,0.8182,1,1,1,0.9375,0.8125,0.9375,0.9167,1,1,1,1,1,1,1,1,0.9545,1,0.6111,0.9545,0.9583
"locus2426",0.9167,1,0.95,1,1,1,0.6667,1,0.9545,0.9375,0.9091,1,1,1,1,0.9167,0.8333,1,1,0.9375,1,0.9545,1,1,1,1
"locus2427",0.5,0.875,1,0.25,1,0.9583,1,1,1,0.7,1,0.5,1,0.9286,1,1,0.5714,NA,0.9375,1,1,0.5,0.5,1,0.8333,0.9583
"locus2428",0.9167,1,1,0.9091,1,1,1,0.9444,0.9545,1,0.9545,0.8125,1,0.8125,0.8333,0.9545,1,0.8333,1,0.9444,0.9286,0.6111,1,0.9,1,1
"locus2429",0.75,0.8125,0.75,0.65,0.6667,1,0,1,0.2778,0.5625,0.9091,0.8333,0.75,0.6875,0.65,0.75,0.8333,1,0.75,0.5833,1,0.8,0.6667,0.875,0.6364,0.625
"locus2430",0.6818,0.4375,0.35,0.7222,0.1667,0.3333,0.375,0.5,0.6,0.625,0.6,0.5714,0.25,0.4167,0.5,0.45,0.6875,0.5,0.5,0.5,0.4,0.9375,0.5,0.6667,0.625,0.3636
"locus2431",0.9583,1,0.85,1,0.9444,1,1,0.9444,0.9545,1,1,0.9375,1,1,0.9583,1,0.7778,1,1,1,1,1,1,0.9,1,0.9583
"locus2432",0.9167,0.9375,1,0.8182,1,0.875,1,1,1,1,0.9545,0.875,0.95,1,1,1,0.9444,1,1,1,0.9286,1,1,0.95,0.9545,0.9167
"locus2433",0.9583,0.9375,1,1,1,0.9167,1,1,0.9545,1,0.9545,1,0.95,0.9375,0.9583,0.9545,1,1,1,0.9444,1,1,0.95,0.85,0.9091,0.875
"locus2434",1,1,1,1,1,1,1,0.7143,1,1,1,1,1,1,0.875,1,1,1,1,1,0.7143,1,0.95,0.95,1,0.8
"locus2435",0,0.0714,0,0.0455,0.7143,0.2857,0,0.75,0.1364,0,0,0.2,0.125,0,0.15,0,0,0.1667,0,0,0.5,0.0455,0.1,0.15,0.2143,0.5909
"locus2436",0.5,0.125,0.1,0.0909,0.8333,0.125,0.5,0.1667,0.125,0,0.0455,0.125,0.05,0.3571,0.2778,0.6111,0.1111,0.5,0.5625,0.1667,0,0,0.15,0.45,0,0.1429
"locus2437",0.9583,1,1,1,1,1,NA,1,0.9545,0.875,0.9545,1,1,1,0.9545,1,0.9444,1,1,0.8889,1,1,0.95,0.9,1,1
"locus2438",0.9167,0.8333,1,0.9091,1,0.75,1,0.8,0.9545,1,0.9167,0.9375,0.5,0.9375,0.9167,1,1,1,0.875,0.8125,0.875,1,1,0.9,1,0.85
"locus2439",0.25,0.5,0.2,0.1667,0.6667,0.5,0,0.2143,0.25,0.5,0.4375,0.3,0.5,0.4167,0.35,0,0.6667,0,0.3125,0.25,0.4,0.1667,0.3333,0.375,0.2143,0.5417
"locus2440",1,0.9286,0.95,0.9545,0.9286,0.7273,1,0.9444,1,1,0.5556,1,0.75,1,0.9167,1,1,1,1,1,1,1,1,1,0.9545,0.9583
"locus2441",0.6667,0.5,0.5,0.5556,0.6667,0.5,1,0.4286,0.7778,1,0.1667,0.5,0.1667,0.5,0.4375,1,0.875,0.5,0.5,1,0.75,0.5833,0.5833,0.6,0.5714,0.5556
"locus2442",1,0.7857,0.95,0.8182,1,0.9375,0.5,1,0.6818,1,0.8,1,0.9,0.9375,0.9583,0.6875,1,1,1,0.8125,1,0.9545,0.9,0.9,0.9545,0.9167
"locus2443",1,0.875,1,1,1,0.9167,0.7,1,1,1,0.9444,1,0.75,0.9375,1,0.9545,1,1,1,1,1,1,1,1,0.9,1
"locus2444",0.875,0.6429,0.8,0.9545,0.7778,0.6364,1,0.5556,0.9091,1,0.8636,0.7857,0.6875,0.875,0.8636,1,1,0.8333,0.875,1,0.5833,0.9545,1,0.9,0.75,0.7727
"locus2445",0.8889,0.9375,0.7857,0.7143,0.9444,1,0.9,0.9444,0.9444,0.875,0.95,1,0.8,0.9286,0.75,0.95,0.9375,0.5,0.9167,0.7857,0.8571,0.5625,1,0.6667,1,0.9167
"locus2446",0.8889,0.75,0.5,1,0.8571,0.6667,0.4,0.5,0.5,0.7,1,0.875,0.9,1,0.875,0.5,1,1,0.6,0.3333,0.75,1,0.6667,0.6667,0.7778,0.6
"locus2447",0.8,0.75,0.9444,0.8889,0.8,0.7,0.8,0.9286,0.8182,1,0.5,0.8333,0.5,0.8125,0.9583,1,0.7778,0.8333,0.7857,0.9167,0.7,0.9545,0.9375,0.8889,1,0.7
"locus2448",0.7273,1,0.9444,0.8636,1,1,0.8333,0.8889,0.9091,0.9375,1,0.9375,1,1,0.9583,0.7143,0.75,1,0.9375,1,1,0.85,0.8125,1,1,1
"locus2449",0.8182,0.9375,0.9,0.9091,0.9444,0.7727,0.8,0.9444,0.9091,0.9375,0.875,1,0.8571,0.8571,1,0.9545,0.9444,1,1,1,1,0.95,0.95,0.75,1,1
"locus2450",0.8333,0.875,0.5,0.6667,1,0.75,1,0.625,0.75,1,0.9545,NA,1,0.7,0.5625,0.9545,0.6875,0.5,0.5,0.75,0.6667,0.875,0.5625,0.65,0.9286,1
"locus2451",0.9583,1,0.75,0.9545,0.9444,0.875,1,0.9444,0.9545,0.9375,1,0.875,1,0.875,0.8889,0.9545,1,0.6667,1,1,0.7857,1,0.95,1,1,0.875
"locus2452",0,0.0625,0.05,0.0909,0,0.1667,0,0,0.1364,0.0625,0,0,0.2,0,0,0,0,0.1667,0,0.0556,0,0.0455,0,0.0556,0,0.0833
"locus2453",1,1,1,0.85,0.9444,0.9583,1,0.9444,1,1,1,1,1,1,1,1,1,0.8333,1,1,1,0.9545,0.9444,1,0.9545,0.9091
"locus2454",0.75,0.5,0.6111,0.6364,0.5,0.5833,0.75,0.4444,0.6818,0.6875,0.65,0.6,0.7222,0.5714,0.75,0.85,0.7222,0.8333,0.5,0.6667,0.5,0.8,0.6,0.5,0.5909,0.4545
"locus2455",0.875,0.9167,0.8333,0.9545,0.75,0.95,1,0.8,0.9091,0.8125,0.875,1,0.9,1,0.8889,0.9545,1,0.6667,0.9,1,0.75,1,1,0.9167,0.95,0.8
"locus2456",0.1429,0.4167,0.5,0.2273,0.75,0.3636,NA,0.5,0.5,0.6667,0.3571,0.6429,0.1875,0.375,0.4,0,0,0.25,0.4375,0.1,0.4,0.0909,0.05,0.3,0.25,0.4545
"locus2457",0.05,0.0625,0,0,0,0,1,0.1111,0,0.3125,0,0,0,0.0625,0.0417,0.8,0.625,0.1667,0.125,0.0714,0,0.0909,0,0.05,0.25,0.0909
"locus2458",0.3182,0.4,0.5,0.5,0.6,0.4286,1,0.5,0.6429,0.5833,0.5,0.4286,0.3125,0.5,0.5909,0.9545,0.5,0.5,0.625,0.7143,0.4286,0.3125,0.3333,0.4375,0.2857,0.7857
"locus2459",0.85,0.6,0.375,0.75,0.5,0.7857,1,0.5714,0.6111,1,0.8,0.75,0.9444,0.7143,0.6818,0.75,0.875,1,0.625,0.75,0.5714,0.9545,0.8889,0.5625,0.8571,0.4
"locus2460",0.8636,1,0.9444,0.8,0.9444,0.9583,0.3,1,0.9545,1,1,1,1,1,0.875,0.5556,0.75,0.5,1,0.9444,1,0.8,0.65,1,1,1
"locus2461",0.9583,1,0.9375,0.9,0.9444,1,1,0.875,0.9444,0.9375,0.9091,0.8125,1,1,0.8182,1,1,0.75,0.7857,0.8333,0.875,0.9091,0.8333,0.7778,0.8636,0.75
"locus2462",0.7727,0.8,1,0.7857,1,0.8182,0.6,0.9444,1,1,0.4444,1,0.5,0.9375,1,0.55,1,1,1,0.7222,1,0.8,0.9,0.9375,0.9545,1
"locus2463",0.2727,0.25,0.2222,0.0556,0.25,0.25,0.3,0.0556,0.3636,0.3125,0.1364,0.2143,0.1111,0.3125,0.1667,0.3125,0.375,0.3333,0.1875,0.0556,0.0833,0.6875,0.0556,0.15,0.15,0.0909
"locus2464",0.0417,0.1667,0.2,0,0.1667,0.2083,0,0.0556,0.15,0.125,0.1,0,0.15,0.0625,0.0909,0,0,0.25,0.125,0,0,0,0,0,0.0455,0.0909
"locus2465",0.1111,0,0.0833,0.0556,0.3,0.2,0.875,0,0.0714,0.625,0.0455,0.1,0,0.1667,0.0909,0.9,0.4,0,0.125,0,0.1,0.0714,0,0.2857,0.0833,0.0625
"locus2466",0.6364,0.7143,0.6667,0.5556,1,0.875,0.9,0.9444,0.6,0.6429,0.8182,0.5833,1,0.625,0.5909,0.4444,0.2778,0.8333,0.6429,0.5556,1,0.1,0.6875,0.4444,0.5909,0.9167
"locus2467",0.7273,1,1,1,1,1,0.9,0.9444,0.8636,0.8125,0.9091,0.9375,1,1,0.9583,1,0.9444,1,0.9375,0.8889,1,0.5909,0.8,1,0.85,1
"locus2468",0.9167,0.9375,1,0.9545,1,0.9167,1,0.8889,1,0.9375,0.75,1,0.9,1,0.8333,1,0.8889,0.8333,0.9375,1,1,0.6364,0.95,1,0.6364,0.9583
"locus2469",0.9167,1,0.7778,1,1,0.9583,1,0.8333,1,1,0.9545,0.8125,1,0.875,0.6818,0.9545,0.8333,1,0.8571,1,1,1,0.85,0.85,1,0.875
"locus2470",1,1,0.95,0.9545,1,0.9583,1,1,0.9545,1,1,1,1,1,0.875,1,0.8889,1,1,0.7778,0.8571,1,0.95,0.9,0.9545,0.9167
"locus2471",0.3571,0.3571,0.3125,0.375,0.1429,0.25,0,0.1,0.1875,0.1667,0.1667,0.25,0,0.25,0.1429,0,0.1,0.25,0.0833,0.1429,0,0,0.375,0.0714,0.0625,0.1667
"locus2472",0.95,1,0.85,0.4375,1,1,0.7,1,1,1,0.9545,1,1,0.6875,0.9545,0.75,1,0.8333,1,0.8889,1,0.9545,0.875,1,1,0.9583
"locus2473",1,1,0.95,1,1,1,1,1,1,1,1,1,1,1,1,1,1,1,1,1,1,0.6875,0.95,0.8889,1,1
"locus2474",0.25,0.2857,0.3889,0.2,0.1111,0.1667,0,0.2222,0.0556,0.125,0.1364,0.2,0.0556,0,0.2083,0,0,0,0.0714,0,0.0714,0.5,0.2222,0.3,0.125,0.125
"locus2475",0.9583,0.8125,0.85,0.9545,0.7222,1,1,0.4375,1,1,0.9545,0.8571,1,0.8125,0.8333,0.9545,0.8333,1,1,0.8889,0.8333,0.9545,1,1,0.8182,0.7778
"locus2476",0.9583,1,0.9,1,0.9444,1,1,0.9444,0.9545,0.9375,1,0.9375,0.95,1,0.9167,1,0.9444,1,0.9375,1,1,1,1,1,0.9545,0.9091
"locus2477",0.1,0.5714,0.1429,0.1429,0.4167,0.35,0,0.1111,0.1429,0.25,0.5,0.25,0.3571,0,0.25,0,0,0,0.375,0.3333,0,0,0.0833,0.3889,0.05,0.1875
"locus2478",1,1,0.95,0.9091,1,1,1,1,0.9545,1,1,0.9375,1,1,0.9583,1,1,1,1,1,0.9286,0.75,0.95,1,1,1
"locus2479",1,1,1,0.8636,1,1,NA,1,1,1,0.9545,1,0.85,1,1,1,1,1,1,0.6667,1,1,1,1,0.9545,0.9167
"locus2480",0.0417,0.3571,0.4,0.0455,0.75,0.3333,0,0.6111,0.125,0.1667,0.45,0.1667,0.6429,0,0.25,0.0455,0,0.25,0.4,0.125,0.5833,0.0455,0.1,0.1667,0.1818,0.8333
"locus2481",0.9583,0.9167,0.95,1,0.8333,0.875,0.6667,0.9444,0.8182,0.9286,0.75,1,0.75,1,0.9583,0.8889,0.8125,1,0.9286,0.9444,1,0.9091,0.95,0.9,1,0.8333
"locus2482",1,0.8333,1,1,1,0.875,1,1,1,1,0.3182,1,0.5,1,1,1,1,1,1,1,1,1,1,1,1,0.9583
"locus2483",0.9583,1,0.95,1,1,1,0.5,1,0.9091,0.9,0.9545,1,0.95,1,0.875,0.5,0.8889,1,0.9375,1,1,1,0.95,1,1,1
"locus2484",0.875,1,1,0.7273,1,1,1,0.9444,1,1,1,0.875,1,0.875,0.9167,1,1,1,1,1,0.8571,1,0.8889,1,1,0.7727
"locus2485",0.9583,1,0.9,1,1,1,1,0.8333,1,1,1,0.875,1,1,1,1,0.9444,1,0.8571,0.9444,0.9286,0.6818,1,0.85,0.9545,1
"locus2486",1,0.875,0.9,1,0.75,1,1,1,1,1,0.9545,0.8125,0.95,1,0.9583,1,1,1,0.9375,1,1,1,1,0.85,0.8636,0.7917
"locus2487",0.5,1,1,0.8333,1,1,1,1,1,1,1,0.9375,1,0.875,0.9167,1,1,0.8333,0.9375,1,1,0.9,0.8333,0.95,0.55,1
"locus2488",0.7917,1,0.95,1,1,1,1,0.9444,0.9545,1,1,1,1,1,0.9583,1,0.9444,0.6667,1,1,1,1,0.9,1,1,0.9583
"locus2489",0.7727,0.75,0.875,1,0.8333,0.6364,1,0.7222,0.6818,0.6429,0.9,0.8,0.9444,0.6429,0.7727,1,0.7857,0.8333,0.7143,0.6875,1,0.9545,0.95,0.7,0.8333,0.9583
"locus2490",0,0,0.05,0.0455,0.0556,0,0,0,0.1,0.0625,0,0,0,0.125,0,0.1818,0,0,0,0.0556,0,0,0,0,0,0
"locus2491",1,1,0.95,0.9545,1,1,1,0.8889,0.9545,1,0.9545,0.9375,1,1,0.9583,1,1,1,1,0.9444,1,1,1,0.9,1,0.9583
"locus2492",0.8571,1,0.7857,1,1,0.9167,0.9,1,0.85,1,0.9545,1,1,0.8125,0.8333,1,0.75,1,0.8,0.9167,1,0.8571,0.75,0.9375,0.9545,1
"locus2493",1,0.9375,0.75,0.9545,1,0.875,1,0.8889,0.85,0.9375,0.9545,0.9375,1,0.8571,0.875,1,1,1,0.875,1,0.9,1,0.95,0.8333,1,0.8333
"locus2494",0.7222,0.9375,0.9444,0.9091,1,1,0.6,0.9444,0.9,0.6875,1,1,1,0.8571,0.9583,0.5714,0.7222,0.6667,0.9375,0.75,1,0.9091,0.9375,0.8889,0.7143,1
"locus2495",0.9167,1,1,1,1,0.9583,1,1,1,1,1,1,1,1,1,1,1,1,0.9375,0.7222,1,1,0.85,1,1,1
"locus2496",0.8333,1,0.9,0.9545,1,1,0.5,1,0.9091,0.8571,1,0.9375,1,0.75,0.875,0.6667,0.75,1,0.875,0.8125,0.9286,0.9545,0.8125,0.8,1,0.9167
"locus2497",1,0.875,0.95,1,1,0.9583,1,0.8889,0.8636,1,0.9545,1,0.95,0.8125,0.875,0.9545,1,1,0.9375,0.6667,0.7857,0.9091,1,1,0.9545,0.875
"locus2498",0.3333,0.0714,0.4,0.375,0.25,0.1,1,0.375,0.7222,0.5625,0.1364,0.5714,0,0.7,0.5,0.9091,0.8125,0,0.4286,0.9375,0.25,0.15,0.6667,0.2143,0.6,0.5
"locus2499",0.0833,0.125,0.1111,0.0455,0.0556,0.0833,0,0,0.0556,0.3125,0.0909,0,0,0,0.15,0,0.1111,0,0.3125,0,0.3333,0.0455,0,0.1,0.1364,0.1
"locus2500",1,1,1,1,1,1,1,0.8333,0.9091,1,1,0.875,1,1,0.9583,1,1,1,0.875,1,0.9286,1,0.9,1,1,1
"locus2501",1,1,0.9,1,0.9444,0.7917,1,1,0.9545,0.9375,1,1,1,0.9375,0.9583,1,1,1,0.875,1,0.9286,1,1,0.9444,0.9545,1
"locus2502",0.0455,0,0.2,0.0455,0,0,0,0,0.0909,0,0,0,0,0,0.0833,0,0,0,0,0.0556,0,0,0,0,0.1818,0
"locus2503",1,1,0.95,0.9545,0.9444,0.875,1,0.7778,1,1,1,0.9375,1,1,0.9583,1,1,1,1,1,1,1,1,1,1,1
"locus2504",1,0.9375,0.7778,0.9091,1,1,1,1,0.7727,1,0.9545,1,0.95,1,0.6111,1,1,0.8333,0.875,0.75,0.6667,1,1,0.8,1,0.9583
"locus2505",0.9583,1,0.95,1,1,0.9167,0.9,0.9444,0.9545,0.9375,1,0.875,1,1,1,0.85,1,0.8333,0.9375,0.8333,1,1,1,1,1,1
"locus2506",0.9167,0.9375,0.85,1,1,1,1,0.9444,0.9091,0.9375,1,0.875,1,0.9375,0.9167,0.9545,0.8333,1,1,1,1,0.7778,0.9,0.75,1,0.8333
"locus2507",1,1,1,1,1,0.9583,0.5,1,0.9091,0.9,1,1,1,0.9375,1,0.2273,0.9444,1,1,0.8333,1,1,1,1,1,1
"locus2508",1,1,1,0.9091,1,1,1,1,1,0.9375,1,1,1,1,1,1,1,1,1,0.7222,1,0.375,1,0.95,1,1
"locus2509",0.7222,0.9375,0.95,1,0.9444,1,0.625,0.7143,1,0.9375,0.9091,1,0.95,0.875,0.9583,0.5909,0.7222,1,0.875,0.7778,1,1,0.8889,0.95,0.65,0.9
"locus2510",0.8333,0.9167,1,1,0.6,0.7778,1,0.625,0.9545,0.6429,0.8636,0.8333,0.9375,0.875,0.9583,1,1,0.8333,0.9375,0.8889,1,1,0.95,0.9,0.9545,0.8
"locus2511",1,1,1,0.9091,1,0.9583,1,0.8333,1,1,1,1,1,1,1,1,1,1,0.9375,1,0.8571,0.9545,0.95,0.95,1,0.75
"locus2512",0.9583,0.75,0.95,1,1,0.75,1,1,0.7727,0.9375,0.9444,0.75,0.8333,0.8571,0.8636,1,0.8889,1,1,0.7222,0.9167,0.9545,1,0.8,0.9545,1
"locus2513",0,0,0,0,0,0.125,0,0,0,0,0,0,0,0,0.0417,0,0,0,0,0,0,0.0455,0.15,0,0,0.2
"locus2514",0.9091,0.7857,0.9,0.4444,0.6111,0.6667,1,0.9444,0.9444,0.8571,0.6111,0.8571,0.6111,0.9375,0.9583,0.8,1,1,1,1,1,0.9091,0.7778,0.9444,0.6667,0.7727
"locus2515",0.625,0.9375,0.65,0.8636,0.8889,0.8636,0.9,0.875,0.5455,0.75,0.8636,0.6429,0.85,0.6875,0.625,0.8636,0.7778,0.3333,0.5,0.8333,1,0.6429,0.875,0.75,0.5909,0.8333
"locus2516",0,0.0625,0,0.35,0,0,0,0,0,0,0.0455,0.0625,0,0,0,0,0,0,0,0.1111,0,0,0,0,0,0
"locus2517",0.6818,0.5625,0.7778,0.9545,0.625,0.5417,0.5,0.7222,0.8182,0.9375,0.5,0.7143,0.5,0.75,0.625,0.8333,0.7778,0.8333,0.75,0.6875,0.9286,0.55,0.75,0.55,0.7,0.5909
"locus2518",0.75,1,1,0.9545,1,1,0.9,1,1,1,1,0.875,1,1,1,1,0.8333,1,1,0.8333,1,0.4444,1,1,0.8,1
"locus2519",0.9583,0.6875,1,0.8,0.7857,0.8333,1,0.7222,0.8636,0.7143,0.9545,0.8571,1,0.8125,0.75,1,0.7778,1,0.6875,0.8889,0.8571,0.9091,0.7857,0.85,0.9,0.9545
"locus2520",1,1,1,1,0.6429,0.6818,1,0.8333,1,1,1,1,1,1,0.9583,1,1,1,1,0.9444,1,1,1,1,0.85,1
"locus2521",0.7778,1,1,0.5,1,0.9167,1,0.8889,0.8182,0.6875,0.9545,1,0.9444,1,0.9583,1,0.8,1,0.8125,0.9444,1,1,0.6875,0.9,1,0.9167
"locus2522",1,0.9375,1,0.9545,1,0.9583,1,1,0.9091,1,0.9545,1,1,0.8125,0.9583,1,0.8125,1,0.9375,0.7222,1,1,0.95,1,0.9545,0.9583
"locus2523",1,1,0.85,1,1,1,1,0.9444,0.8182,1,1,0.8125,1,0.9375,1,0.9545,1,0.6667,0.875,0.9444,1,0.6875,0.95,1,1,1
"locus2524",0.0417,0.125,0,0.0455,0,0.0909,0,0,0.0455,0.0625,0.0455,0,0.05,0,0.0455,0,0.0556,0,0,0,0,0,0.2,0.05,0,0.0417
"locus2525",0.7917,0.5,0.8125,0.75,0.8125,0.65,1,0.5,0.7778,1,0.5714,1,0.7,0.75,0.875,0.95,0.75,1,0.875,0.7143,0.625,0.8333,0.8889,0.9167,1,0.5
"locus2526",1,1,1,0.9545,1,1,1,0.8889,1,1,1,0.875,1,1,0.8182,1,1,1,1,1,0.7857,0.9545,0.95,0.9,1,0.75
"locus2527",0.0833,0.5,0.0625,0,0.9167,0.75,0,0.5625,0.1364,0.1667,0.6364,0,0.85,0.0625,0.15,0,0,0,0.1875,0.0556,0.2,0.0909,0.05,0.3,0.25,0.6818
"locus2528",1,1,1,0.8182,1,1,1,1,1,1,1,0.9375,1,1,1,1,1,0.8333,1,1,1,1,0.5,1,1,1
"locus2529",1,1,0.95,1,0.8889,0.875,1,1,0.8182,1,0.9091,0.9375,1,0.6875,0.9583,1,1,1,0.8125,1,0.9286,1,1,1,0.9545,0.9583
"locus2530",1,1,1,1,0.8333,0.9583,1,0.8333,1,1,0.8182,0.9375,0.8,1,1,1,0.9444,1,1,0.9444,0.9286,1,0.9,1,0.9091,0.6364
"locus2531",0.9583,0.8125,0.7143,0.8636,1,0.8636,1,1,0.85,0.8125,0.6875,0.875,1,0.875,0.8182,1,1,0.5,1,1,0.7857,1,0.95,0.75,0.9545,1
"locus2532",0.6818,0.75,0.8333,0.25,0.9,0.6667,1,0.6875,0.95,0.375,0.875,0.9,0.7857,0.9286,0.8636,1,0.5833,1,0.9,0.8125,0.8333,0.9,0.5,0.7222,0.8,0.75
"locus2533",0.5,0.5,0.8125,0.5,0.6875,0.6667,1,0.8125,0.8889,0.6667,1,0.5,0.7857,0.5,0.5,1,0.5625,0.75,0.5714,0.5,0.7,0.4,0.6667,0.5,0.5,0.8
"locus2534",0.9167,1,1,1,1,0.875,1,1,0.9545,1,1,1,1,1,1,1,0.9375,1,1,0.8333,1,0.9545,0.85,1,1,0.9167
"locus2535",0,0.25,0.4286,0.1111,0.3,0.15,0,0.4286,0.6429,0.125,0,0.25,0,0.3,0.5,0.0455,0.1875,0.5,0.5,0.1429,0.3333,0.0455,0.1667,0.5714,0.0714,0.25
"locus2536",1,0.9167,0.95,0.95,NA,0.6,1,1,1,1,0.3,1,0.2222,1,1,1,1,1,1,1,0.8571,1,1,1,0.8636,1
"locus2537",0,0,0,0,0,0,0.5,0,0,0.0833,0,0,0,0,0,0.7222,0,0,0.0625,0.0556,0,0,0.05,0,0,0
"locus2538",0.0417,0,0.15,0,0,0,0,0.0556,0.1364,0,0.1429,0,0.05,0,0,0,0.1667,0,0.125,0,0.0714,0,0,0.1,0,0
"locus2539",1,0.875,1,1,1,0.9167,0.9,1,1,0.7143,1,1,1,1,0.9583,0.4444,1,1,0.875,1,1,1,1,0.8,1,1
"locus2540",0.9167,1,1,0.9545,1,1,1,1,0.9091,1,1,1,1,1,0.875,1,1,1,1,0.8889,1,1,0.95,1,1,0.9583
"locus2541",0.9167,1,1,0.9545,1,1,1,1,0.9545,1,1,1,1,0.9375,0.9167,1,0.6875,0.8333,1,0.8333,1,0.7778,1,1,0.9545,0.9583
"locus2542",0.9583,0.875,0.95,0.9545,1,1,0.4,1,1,1,0.9545,1,1,1,0.9583,0.6,0.8333,1,0.875,1,1,0.9545,1,1,1,0.9583
"locus2543",0.4167,0.5,0.4444,0.3125,0.7143,0.55,0.7,0.5556,0.3333,0.375,0.625,0.375,0.75,0.5833,0.3636,0.4,0.5556,0.5,0.3125,0.3125,0.375,0.2857,0.25,0.35,0.5556,0.5
"locus2544",0.8182,0.75,0.6875,1,1,0.9583,1,0.9444,0.5,0.75,0.9545,0.9286,1,0.6875,0.625,1,0.5625,0.8333,0.6667,0.3571,0.9286,0.8,0.7778,0.8889,0.7778,1
"locus2545",0.875,0.9375,0.9,1,1,0.9545,1,0.8889,1,1,1,0.875,1,0.875,1,1,1,1,0.9375,0.9444,1,1,1,1,1,1
"locus2546",0.7727,1,0.85,0.95,1,0.9167,0.9,1,0.9444,0.9375,1,1,1,0.9167,0.6667,0.95,0.5,1,0.8571,0.75,0.9286,1,0.8333,1,0.8333,0.9583
"locus2547",1,1,1,1,1,0.9167,1,1,1,1,0.8182,1,0.75,1,1,1,1,1,1,1,1,1,1,1,1,0.9167
"locus2548",1,1,1,1,0.875,0.75,1,1,1,0.625,0.35,1,0.8333,0.9375,0.9167,1,1,1,0.8125,1,1,1,1,0.9,1,0.7778
"locus2549",1,1,0.85,0.8636,0.8889,1,1,0.8889,0.9545,1,0.9545,1,0.95,1,0.8333,0.9545,1,0.8333,1,1,0.7857,0.9545,0.85,1,0.9545,0.8333
"locus2550",1,1,0.95,1,0.8571,0.7083,1,0.875,0.9545,0.9375,0.9545,0.8125,0.9,0.9375,1,1,1,1,1,1,1,1,1,0.95,0.9091,0.6364
"locus2551",0.9167,1,1,1,0.6875,0.8333,1,0.8333,0.9091,1,1,1,1,1,0.9583,1,1,0.6667,0.9375,0.7778,0.9286,0.8125,0.95,0.85,0.9091,0.8
"locus2552",0.9583,0.875,0.9,0.9091,0.9,0.55,1,1,0.9091,1,0.875,1,1,0.9375,0.9583,1,1,1,0.875,1,1,0.9545,0.95,0.8,0.7,0.4444
"locus2553",1,0.9375,0.8889,0.6667,1,0.875,0.7,0.9444,1,0.75,0.9545,0.875,1,1,1,0.5,0.75,1,1,0.8333,0.9286,1,1,1,1,0.9583
"locus2554",1,0.6,1,0.9545,1,0.85,1,1,1,0.8125,0.4444,1,0.5,1,1,1,1,1,1,1,0.9286,1,1,1,0.9091,0.9167
"locus2555",0.9167,1,1,0.9545,0.9444,1,1,1,1,1,1,1,1,1,0.8333,1,0.9444,0.8333,1,0.9444,1,1,1,0.95,0.9545,0.9167
"locus2556",0.7222,0.9375,0.8889,0.5909,1,1,0.9,1,0.9545,1,1,0.9375,1,1,1,0.8333,0.9444,1,0.875,0.8125,1,0.95,0.85,0.95,0.6818,1
"locus2557",1,0.8125,1,1,0.8333,0.75,1,1,1,1,0.7727,1,1,1,1,1,1,1,1,1,1,1,1,1,0.8182,1
"locus2558",0.9167,0.7143,0.85,0.9091,1,0.6111,1,0.9286,0.9091,1,0.7143,0.9375,0.45,0.9375,0.9583,1,1,1,1,0.6667,1,0.9,0.95,0.85,0.7727,0.8182
"locus2559",1,0.75,1,0.9545,0.75,0.9,1,0.7857,1,1,0.8333,1,1,1,1,1,1,1,1,0.9444,1,1,0.95,1,1,0.4545
"locus2560",1,1,0.85,1,1,1,1,1,0.9091,1,1,0.7857,1,1,0.9167,1,1,1,0.9375,1,0.8571,0.95,1,0.95,1,0.875
"locus2561",0.6429,0.875,0.7,0.9286,0.875,0.875,1,0.6875,0.8,0.75,1,0.7143,1,0.5,0.6667,0.8636,1,0.75,0.625,0.9444,0.5,0.8333,0.9,0.65,0.8125,0.8636
"locus2562",0.0417,0.125,0.05,0,0,0,0,0.0625,0,0,0.35,0,0.2,0.1875,0.125,0.0455,0,0,0,0,0,0,0,0,0.1,0.0417
"locus2563",0.9,1,0.95,1,1,1,1,0.9444,0.8182,0.875,1,0.875,1,1,0.9167,1,0.8333,0.8333,1,0.8333,1,0.6364,0.9,1,0.8636,1
"locus2564",1,1,1,1,0.5,1,1,0.7143,1,1,1,1,1,1,1,1,1,1,1,1,1,1,1,0.95,0.5455,0.6667
"locus2565",0.1667,0,0.1,0,0.0556,0.0417,0.5,0,0,0,0,0.125,0.05,0.0625,0,0.5556,0,0.25,0,0.1,0.2143,0.0909,0.0714,0.15,0.3,0.0833
"locus2566",1,0.75,0.95,0.9545,0.9444,0.9167,1,0.8889,0.9545,0.9375,1,0.9375,1,0.9375,0.9167,1,1,1,1,0.9444,0.9286,1,1,0.9,0.9545,0.9167
"locus2567",1,1,0.75,1,1,1,1,0.9444,0.9545,1,1,0.9375,1,0.8125,0.9583,1,0.9375,1,1,0.8889,1,1,1,0.8,1,0.9583
"locus2568",0.7778,1,1,1,1,0.9583,0.5,0.8889,1,NA,1,1,1,1,0.8333,0.6,0.9,0.8333,0.75,0.625,1,0.875,1,1,0.75,1
"locus2569",0.9583,0.9375,0.9,0.9545,1,0.9583,1,0.9444,0.9545,1,0.9545,1,1,0.75,0.9167,1,1,1,1,0.9444,0.8571,1,0.95,1,1,1
"locus2570",1,1,1,1,1,0.7917,1,0.9444,1,1,0.9545,0.9375,0.95,1,0.9583,1,1,1,1,1,1,1,1,1,1,0.9583
"locus2571",0.9583,0.875,0.9,0.8333,0.9444,1,1,1,0.8,1,0.9,0.8125,1,0.8333,0.9167,0.9,1,0.6667,0.8125,0.9375,0.9286,0.7778,0.9,0.7778,0.8182,1
"locus2572",0.0417,0.1429,0.05,0.0455,0.1,0.1364,0,0.1667,0.0909,0,0.0455,0,0.05,0,0,0,0,0.1667,0.1875,0,0.2,0.1875,0,0,0.0455,0.25
"locus2573",0.2143,0.5,0.5,0.4167,0.6429,0.3333,0,0.7857,0.3889,0.1667,0.25,0.6429,0.0625,0.625,0.3889,0.0455,0.1667,0.5,0.5,0.4375,0.5,0.0714,0.4286,0.3125,0.5625,0.6818
"locus2574",1,1,0.9444,0.9545,1,1,1,1,0.9444,1,1,1,1,0.9375,1,1,0.9444,1,1,1,1,0.5455,1,1,0.9091,1
"locus2575",0.95,1,0.6875,0.9444,1,0.9545,1,0.8333,0.8333,0.7,1,1,1,1,0.9375,0.7143,1,1,0.8,0.8125,1,0.9,0.6429,0.7,0.9,1
"locus2576",1,0.875,0.75,1,0.8889,0.9545,1,0.8889,0.9545,1,0.9545,1,1,1,0.8333,1,1,1,1,0.9444,1,0.9545,0.9,0.95,1,0.9167
"locus2577",0.3333,0.5,0.3125,0.2143,0.4286,0.5,0.5,0.3571,0.3571,0.5,0.4286,0.5714,0.2143,0.5,0.3182,0.45,0.4286,0.3333,0.5,0.5,0.5,0.1667,0.25,0.45,0.3571,0.45
"locus2578",0.9583,1,0.95,1,0.9444,1,1,0.8889,0.95,0.9286,1,0.875,1,0.875,0.9167,0.9545,0.8889,1,1,1,1,0.75,0.95,0.95,0.95,1
"locus2579",0,0.25,0,0.3125,0.5833,0,0,0.6667,0.1364,0.0625,0,0,0,0.1667,0.1364,0,0,0,0.1,0.125,0.6,0,0,0.125,0.1667,0.5625
"locus2580",1,1,0.9,1,1,1,1,0.9444,0.8636,1,0.9091,1,1,1,0.9167,1,1,1,0.9375,1,0.8571,1,1,0.85,1,0.8333
"locus2581",0.75,0.7143,0.7,0.9444,0.9167,0.6111,1,1,0.8,1,0.7143,0.8125,0.7857,0.8125,0.7083,0.9545,0.9444,0.8333,0.7143,0.8571,0.3333,0.8,0.8571,0.7778,0.8333,0.8636
"locus2582",1,0.9375,1,0.9545,1,0.9583,1,0.9444,1,1,1,1,0.95,1,0.9545,1,1,1,0.9375,0.9444,0.9286,1,1,1,0.9,0.9583
"locus2583",1,1,1,0.9091,0.9444,1,1,1,0.9545,1,0.9545,1,0.85,1,0.9091,1,1,1,1,1,1,0.75,1,1,1,1
"locus2584",1,1,1,0.8182,0.7778,1,1,0.8889,1,1,0.9545,1,1,1,0.9583,1,0.9444,1,1,1,1,1,0.95,1,0.9545,0.9167
"locus2585",0.875,1,1,1,1,1,1,0.8333,0.9091,1,1,1,1,1,1,1,1,0.8333,0.875,1,1,0.9545,0.9,1,1,0.9583
"locus2586",0.875,0.9375,0.9,0.9,1,0.8182,1,1,0.9545,0.7857,0.8333,1,1,1,1,0.9091,0.9444,0.8333,0.9375,1,0.75,1,0.8333,0.7778,0.9091,0.625
"locus2587",0.5455,0.0625,0.4375,0.125,0,0,0,0.0625,0.45,0,0.0455,0.25,0,0.375,0.2917,0.0455,0.5,0.1667,0.3125,0.4286,0.0833,0.5,0.3889,0.5,0.2727,0.0417
"locus2588",1,0.9375,0.95,1,1,1,1,1,0.8636,1,0.9545,1,1,1,0.9545,1,1,1,1,0.8889,1,1,1,0.8,1,1
"locus2589",1,1,0.95,1,1,1,1,0.9444,1,1,1,0.875,1,1,1,1,1,1,1,0.8889,1,1,0.85,1,0.8182,1
"locus2590",0.9583,1,1,0.85,1,1,0.9,0.8889,0.9545,1,1,0.9375,1,1,1,1,1,1,0.9375,1,1,1,0.8,1,1,1
"locus2591",0,0.125,0.15,0.0909,0.1875,0.1667,0.2,0.3125,0,0.0625,0.2,0.1875,0,0.0625,0.0833,0.0909,0,0,0,0,0.25,0,0.05,0.15,0.0909,0.25
"locus2592",0.9583,1,0.9,1,1,1,1,0.8333,0.6818,1,1,1,1,0.9375,1,0.9545,1,1,1,0.9444,1,1,0.95,1,0.9545,0.8333
"locus2593",0.9583,0.8333,0.85,1,0.8889,0.875,0.9,1,0.7727,0.9375,0.6667,0.9286,0.85,0.9375,0.8333,0.8333,0.8333,1,0.9375,0.8889,1,1,0.95,1,0.9091,0.9583
"locus2594",0.875,1,1,0.9545,1,1,0.9,1,0.9545,1,1,1,1,1,1,1,1,0.8333,1,1,1,0.7273,0.95,1,1,1
"locus2595",0.9583,0.9286,1,0.85,0.7778,0.8636,0.6,0.7222,0.8636,1,0.8182,0.9167,0.7222,0.8571,0.9091,0.7857,0.9286,1,0.9286,0.7778,0.9,0.95,0.9,0.8889,0.8636,0.8182
"locus2596",0.65,0.875,0.95,0.5909,1,1,0.8,0.8889,0.8636,0.8333,1,0.9,1,1,0.9583,1,0.5714,0.8333,0.8125,0.75,0.9286,0.65,0.6429,0.95,0.6875,1
"locus2597",1,0.9375,1,1,1,0.9545,1,0.8889,0.9545,1,0.9,1,0.25,1,0.9583,1,1,1,1,0.9444,1,1,1,1,1,0.9167
"locus2598",0.85,1,1,0.7,1,1,1,1,0.9545,0.875,0.9545,1,1,0.9375,1,1,0.875,1,1,1,1,1,0.9286,1,0.8636,1
"locus2599",0.1364,0.0625,0.05,0.0455,0,0,0.1667,0,0.1,0.2143,0.0455,0.125,0,0.0625,0.0417,0.5,0.25,0,0.125,0.2222,0.0714,0,0.1,0.15,0.0909,0
"locus2600",0,0,0.1,0,0,0.0417,0,0,0,0.0625,0.3,0,0.125,0,0.0833,0,0,0,0.125,0,0,0,0,0,0.0455,0.0417
"locus2601",0.9583,0.8,0.7778,0.75,0.6429,0.7,1,0.5625,0.7222,0.625,0.8333,0.75,0.625,0.7857,0.875,1,1,1,0.8,1,0.5,1,0.8571,0.6429,0.625,0.6
"locus2602",0.75,0.875,0.95,0.7,0.7857,0.9167,1,0.6875,0.9,0.9375,1,0.8125,1,0.8125,0.7727,0.9545,0.8333,0.75,0.8125,0.9375,0.7,0.7,0.8125,0.8,1,0.8
"locus2603",1,0.9375,1,1,1,0.9167,1,1,1,0.75,1,1,1,1,1,1,1,1,1,1,1,0.85,0.95,1,1,1
"locus2604",0.9583,1,1,1,1,0.8333,1,1,1,0.7857,1,0.9375,1,0.9375,0.9583,1,1,1,1,0.9444,0.9286,1,1,0.95,1,1
"locus2605",0.9167,0.9167,0.8333,0.8182,0.8125,0.65,0.6667,0.7778,0.625,0.9286,1,0.9167,1,0.75,0.7778,1,0.9444,0.8333,0.6875,0.7143,0.8571,1,1,0.6429,0.85,0.7917
"locus2606",0.7222,0.9167,0.6,0.8636,0.9,0.85,1,0.7857,0.6818,0.7143,0.55,0.7143,1,0.9,0.8182,1,0.7778,0.5,0.5714,0.7222,0.75,0.6364,0.7,0.625,0.8,0.9375
"locus2607",0.875,1,0.85,0.9091,0.8889,0.9583,0.9,0.8889,0.8636,0.875,0.85,0.9375,0.875,1,0.7917,1,0.9444,0.6667,1,0.9444,0.9286,1,0.95,0.8889,0.9545,0.875
"locus2608",1,1,1,1,0.9444,0.7727,1,1,1,1,0.9,1,1,1,1,1,1,1,1,1,0.8571,1,1,1,1,0.9167
"locus2609",1,1,0.95,0.9545,0.9167,0.8636,1,0.7222,0.75,1,1,1,1,1,1,1,1,1,1,0.7778,0.6429,0.55,1,0.9,0.9545,0.625
"locus2610",1,1,0.95,0.9545,1,1,1,1,0.9545,0.9375,1,0.875,1,0.9375,1,1,1,0.8333,0.9375,1,0.9167,1,1,1,1,1
"locus2611",0.9091,1,0.95,0.9091,1,1,NA,0.9444,1,0.875,1,1,1,0.9375,0.9583,0.5,0.8333,1,0.9375,1,1,1,0.9,0.8889,1,1
"locus2612",0.875,1,0.8,0.8636,0.8889,0.95,1,1,0.9091,1,0.5,1,0.8333,0.9375,0.875,1,0.9444,1,1,1,1,0.9545,1,0.9,0.9545,0.9583
"locus2613",0.2273,0.6667,0.6111,0.4444,0.1875,0.7273,0.3,0.625,0.5909,0.5,0.9091,0.5,0.9375,0.6429,0.6667,0.2,0.25,0.5,0.5625,0.4286,0.3,0.625,0.5,0.6667,0.4375,0.5
"locus2614",1,1,1,1,1,1,0.7,1,1,1,0.9545,1,1,1,1,0.65,1,1,1,1,1,1,0.95,1,1,1
"locus2615",0.9583,1,0.95,0.9091,1,0.7917,NA,1,1,1,1,1,0.75,1,1,0.8333,0.9375,0.6667,1,0.6111,1,1,1,0.65,0.9545,1
"locus2616",1,0.9375,0.8333,0.9091,1,0.9583,1,1,0.85,0.9375,0.9545,1,1,0.9286,0.7917,1,1,1,0.875,1,1,1,0.95,0.8889,0.9545,1
"locus2617",1,1,1,1,0.5,0.875,1,0.8571,0.9091,0.8125,1,1,1,1,0.9583,1,1,1,1,1,0.375,1,1,0.95,0.9545,1
"locus2618",1,0.9375,0.85,0.9545,0.9444,1,1,1,1,0.9375,1,1,1,1,0.9167,1,0.9444,1,0.9375,1,0.9286,1,0.95,0.9,0.9091,0.875
"locus2619",0.4167,0.3125,0.375,0.4444,0.2,0.4,1,0.5,0.4444,0.3333,0.4375,0.3125,0.1,0.1667,0.5455,0.8333,0.3571,0,0.3,0.5,0.2,0.5625,0.5,0.4375,0.3,0.2778
"locus2620",0.4583,0.5,0.5714,0.2,0.5,0.3636,0.1,0.5,0.25,0.2143,0.3889,0.4375,0.5,0.3571,0.3636,0,0.75,0.5,0.5714,0.4375,0.6667,0.6875,0.2143,0.4,0.0556,0.5
"locus2621",0,0.3125,0.1667,0.0455,0,0.0417,0.9,0,0.1364,0.0625,0.0455,0.0625,0,0.2857,0.125,0.2,0,0,0.2143,0.1111,0.1429,0,0.25,0,0,0
"locus2622",1,0.4375,0.5,0.625,0.4286,0.5455,1,0.5,0.5,0.75,0.1429,0.5625,0,0.7143,0.5909,0.85,0.7778,0.5,0.5625,0.8,0.5,0.75,0.6875,0.3889,0.7143,0.5
"locus2623",0.6667,1,1,0.25,1,0.9583,NA,0.8,0.9286,1,1,1,1,1,0.6667,0.75,0.6,0.6667,1,1,0.75,1,0.9375,0.75,0.9091,0.7273
"locus2624",1,0.6875,1,0.9545,1,0.875,1,1,1,1,0.5625,1,0.7222,1,1,1,1,1,1,1,1,1,0.9444,0.95,1,0.9583
"locus2625",1,1,1,1,1,0.9583,1,0.9444,1,1,1,1,1,1,0.9583,1,1,0.8333,1,0.9444,0.9286,1,1,0.85,0.9545,0.9167
"locus2626",0.875,0.6,0.625,1,0.6429,0.7857,1,0.5714,0.9375,0.9375,0.8333,0.5,0.8,0.875,0.6,0.9545,0.8889,1,1,1,0.625,0.9545,0.95,0.75,0.875,0.55
"locus2627",0.55,0.9375,0.95,0.7143,0.9444,0.8636,0.5,0.8333,0.75,0.7857,1,0.8333,0.85,0.8125,0.7,0.8125,0.4375,0.6667,0.6429,0.5,0.9286,0.3182,0.5714,0.85,0.5455,0.8333
"locus2628",0.75,1,1,0.8889,1,1,1,1,0.9,0.9375,1,1,1,0.8571,0.9583,1,0.5,1,1,1,0.9286,0.5625,0.5,0.95,0.8125,1
"locus2629",1,1,1,1,0.9444,1,1,0.875,1,1,0.9091,1,0.95,1,0.9583,1,1,1,0.875,1,1,0.9545,0.95,1,0.9545,0.9167
"locus2630",0.8,0.625,0.7857,0.8333,0.5,0.5,0.4,0.3125,0.625,0.5625,0.5,0.6,0.5556,0.9,0.8125,0.55,0.75,0.8333,0.8333,0.8333,0.5,1,0.9286,0.7,0.7143,0.5455
"locus2631",0.9583,1,0.9,1,1,1,1,1,1,1,1,1,0.95,0.875,1,1,1,1,0.7857,1,0.9286,1,1,1,0.8636,0.9583
"locus2632",0.5,0.7857,0.5,0.4091,0.9375,0.75,0.375,0.8333,0.45,0.7143,0.95,0.6429,0.6667,0.2857,0.4167,0.6818,0.4375,0.5,0.8571,0.6875,1,0.1,0.3571,0.45,0.6429,0.75
"locus2633",0.9167,0.5,0.9375,1,0.2143,0.3571,1,0.7857,0.8636,0.9286,0.1,0.9286,0,1,0.8636,0.9444,0.875,1,0.75,0.9444,1,1,0.9444,0.7143,0.625,0.625
"locus2634",0.9583,0.875,1,0.9091,1,0.875,1,1,0.9545,0.9375,1,1,1,0.9286,0.8333,0.8636,1,1,0.8125,0.9444,1,0.9545,1,0.9,1,1
"locus2635",0,0,0.05,0,0.0714,0.0909,0,0.1111,0,0.0625,0,0.1667,0,0,0,0,0,0,0,0,0.375,0,0.05,0,0.1364,0
"locus2636",0.6818,0.625,0.7222,0.75,0.75,0.7,0.7,0.6111,0.65,0.8125,0.7,0.8,0.7,0.7143,0.7,0.75,0.8333,0.8333,0.7143,0.5625,0.9,0.9545,0.625,0.75,0.8636,0.7083
"locus2637",0.0833,0.375,0.2778,0.15,0.625,0.4,0,0.4444,0.2727,0.25,0.6818,0.3571,0.65,0.2857,0.4167,0.0455,0.3333,0.3333,0.5714,0.3125,0.6667,0.1818,0.2,0.2778,0.3,0.55
"locus2638",1,0.5833,0.9,1,0.625,0.3333,1,0.7,0.9091,1,0.1429,1,0.125,1,0.8333,0.9545,1,0.8333,0.8125,0.9444,0.75,1,1,1,0.9,0.35
"locus2639",1,1,0.8125,1,1,1,1,1,0.95,1,1,1,1,0.9375,0.9167,0.9545,1,1,0.9375,1,1,1,1,1,1,1
"locus2640",0.6429,0.5,0.65,0.75,0.875,0.7083,0.8,0.875,0.7222,0.4286,0.4444,1,0.9167,0.5,0.8889,0.8125,0.7778,0.6667,0.6667,0.625,0.9,0.8571,0.75,0.5833,0.6667,0.9167
"locus2641",0.8333,1,0.9444,0.9545,1,1,0.9,1,0.9091,1,0.85,0.875,1,0.9375,0.9167,1,0.7143,0.8333,0.9286,0.9444,1,1,0.8333,1,0.6875,1
"locus2642",1,1,1,1,1,1,0.7,1,1,0.875,0.9545,1,1,0.875,1,0.8333,1,1,1,1,1,1,0.95,1,1,0.9583
"locus2643",0.5833,0.6,0.55,0.4375,0.375,0.7083,0.7,0.3333,0.3636,0.5,0.9,0.6667,0.8333,0.75,0.5833,0.7,0.4375,0.6667,0.5,0.5833,0.7,0.55,0.5714,0.4,0.2778,0.65
"locus2644",0.9583,0.7143,0.25,0.9545,0.9,0.7727,1,0.875,0.8571,0.9375,0.6,0.7143,1,0.5,0.9167,1,1,1,0.8571,0.9444,1,1,0.95,0.8333,1,0.9583
"locus2645",0.2727,0.5,0.6429,0.4444,0.25,0.4091,0,0.2222,0.4,0.75,0.5,0.5,0.6875,0.3125,0.3333,0.0455,0.3333,0.5,0.4375,0.2778,0.5,0.5909,0.5625,0.5,0.2857,0.2778
"locus2646",0.5625,0.5,0.3333,0.6,0.3571,0.25,0.5,0.6429,0.4444,0.4167,0.2143,0.625,0,0.5,0.4444,0.5455,0.4,0.5,0.4286,0.4375,0.5,0.5556,0.7143,0.5,0.3125,0.5
"locus2647",0.5,0.9375,1,0.875,1,0.8182,1,0.9444,1,1,0.8333,0.9375,1,0.9375,0.9583,1,0.8571,0.8333,0.875,0.8889,1,0.9545,0.6429,1,1,0.9583
"locus2648",1,1,0.95,0.9545,0.9444,0.875,0.8,0.7778,0.9091,1,0.8636,1,0.9444,0.9375,0.9167,1,1,1,1,0.9444,0.8571,0.6667,0.95,0.8889,0.9545,0.875
"locus2649",0.9583,0.9375,1,0.9091,1,0.9583,1,0.9444,1,0.9375,1,1,1,0.875,0.9583,1,0.9444,0.8333,1,1,1,1,0.95,1,1,0.9583
"locus2650",0.8333,0.875,1,1,1,1,0.2,1,0.9545,0.9375,0.9545,1,1,1,0.9583,0.3889,1,1,1,0.875,1,0.8636,1,1,0.8636,0.9583
"locus2651",0.5455,0.4286,0.45,0.5,0.7778,0.5,1,0.5,0.7273,0.5,0.7727,0.4167,0.8,0.5625,0.4167,0.9545,0.4444,0.3333,0.5,0.9286,0.1429,0.3,0.25,0.35,0.6364,0.4545
"locus2652",0.6667,0.9375,0.9,0.8333,0.9,0.9583,1,0.8571,0.9091,0.9375,0.8182,0.7,1,0.8,1,0.9545,0.8125,1,0.5714,0.9375,0.8333,1,0.8,1,0.9444,0.8
"locus2653",0.0417,0,0.05,0,0,0,0,0,0.0455,0,0,0.0625,0,0,0,0,0,0,0.0625,0,0,0,0.15,0.05,0,0.0833
"locus2654",0.95,0.7857,0.9444,0.9545,0.75,0.5714,1,0.6667,0.9375,0.9286,0.5,0.6667,0.9,1,0.9545,1,0.8889,1,0.6875,0.9375,0.625,0.45,1,0.7222,0.9167,1
"locus2655",0.6364,0.8571,0.7222,0.5,0.875,0.8,1,0.8,0.85,0.9286,0.8571,0.375,1,0.7,0.9,0.95,0.8333,0.5,0.8571,0.6429,0.625,0.8,0.8125,0.4286,0.75,0.95
"locus2656",1,0.9375,1,0.9545,0.6111,0.8571,1,0.6429,0.9545,1,0.8,0.9286,0.8889,0.9375,0.8,1,1,1,0.9286,0.9444,0.75,0.9545,1,0.65,0.85,0.5
"locus2657",1,0.9375,0.9,1,1,1,1,0.9444,0.9545,1,1,1,1,0.9375,0.875,1,0.875,1,0.9375,0.9444,1,0.9545,1,1,0.9545,1
"locus2658",0.9583,1,1,0.9091,1,0.8636,1,1,0.95,1,0.9545,1,1,1,1,1,0.9444,1,0.9375,1,1,1,0.9,1,0.8636,1
"locus2659",0,0.0625,0,0.1364,0.0556,0.0417,1,0,0,0.25,0.05,0,0,0,0.0417,0.9444,0,0,0,0.25,0,0,0,0,0.0455,0
"locus2660",1,1,0.9,1,1,1,1,1,0.9545,1,1,1,1,1,0.8333,1,1,1,0.875,1,0.7857,1,1,0.95,1,0.9583
"locus2661",0.8333,0.875,1,1,1,0.9583,1,1,1,1,0.9091,1,1,0.9375,0.9583,1,0.8889,1,1,1,1,1,1,1,1,1
"locus2662",0.6364,0.7,0.6667,0.8333,0.8125,0.875,1,0.8889,0.625,0.8,0.9091,0.9286,0.875,0.75,0.8,0.9091,0.8125,0.6667,0.8333,0.8,0.9,0.6667,0.8,0.9286,0.9286,0.9545
"locus2663",0.15,0,0.0556,0.1429,0.25,0.125,1,0.0556,0.0625,0.3571,0.3333,0,0.375,0.1667,0.0833,0.9375,0.2143,0.1667,0.125,0,0,0.5909,0.2143,0,0,0.0417
"locus2664",0.875,0.9375,0.9,0.9,1,0.9091,0.8,0.8889,0.9545,1,1,0.875,1,0.9375,0.9583,0.9091,1,1,0.9375,0.9444,1,0.8636,0.95,0.95,1,0.9167
"locus2665",0.9583,0.9375,0.95,0.9091,1,0.9,1,1,0.9091,1,0.9091,1,0.95,0.9375,0.9583,1,1,1,0.9286,1,1,1,1,1,0.8182,1
"locus2666",0.9091,0.8125,0.8333,0.9545,0.9444,0.9545,0.9,0.9444,0.85,1,0.9545,0.9167,0.9,0.7857,0.95,0.8636,0.7,1,0.7143,0.875,0.8571,0.85,0.875,0.8889,0.8636,0.8333
"locus2667",0.9583,0.875,1,0.9545,1,1,1,0.6,1,1,1,0.9375,1,0.9375,0.9583,1,1,1,1,0.9444,0.9167,1,0.9,1,0.8889,0.5
"locus2668",0.9167,1,0.7857,0.9545,1,0.9167,1,1,0.8636,1,1,1,1,0.875,0.7273,1,0.9375,1,1,0.9444,1,0.9286,0.95,1,0.9545,0.9167
"locus2669",1,0.8125,0.9,1,1,0.9583,1,1,1,1,0.9545,1,1,0.9375,0.9167,1,1,1,0.9375,1,0.8571,1,1,1,1,1
"locus2670",0.7917,0.8125,1,1,0.9444,0.875,1,0.8333,0.9545,1,1,1,1,0.9375,0.9167,1,1,0.8333,1,1,1,0.8182,0.95,0.95,0.9545,0.9583
"locus2671",0.9167,1,0.95,0.9091,1,1,1,0.8889,0.8182,1,0.9545,1,0.95,1,1,0.9545,0.8889,0.8333,0.875,1,0.9286,1,0.9,0.9,0.8636,0.8182
"locus2672",1,0.9286,1,1,0.9444,1,1,1,0.9545,1,1,1,0.95,1,1,1,0.8889,1,1,1,0.9286,0.9545,0.95,0.95,1,0.9167
"locus2673",0.1818,0,0.05,0,0,0,0,0.125,0.1364,0,0.0455,0,0,0,0.1667,0.0455,0,0,0.125,0,0,0.4444,0.05,0.0556,0.05,0
"locus2674",0,0,0,0,0,0,0,0.1667,0,0.3125,0,0,0,0,0,0,0.125,0,0,0.0556,0,0,0,0,0.0909,0
"locus2675",0.95,1,0.8333,1,1,1,1,1,0.9545,1,1,0.9286,1,0.75,0.9583,1,0.875,1,0.875,0.8333,1,0.8571,1,0.95,0.6875,1
"locus2676",0.55,0.8333,0.625,0.6111,0.875,0.7,0,0.8333,0.8,0.2857,0.7857,0.6667,0.8125,0.8571,0.6364,0.45,0.6429,0.3333,0.7143,0.7778,0.75,0.8333,0.6111,0.7222,0.8,0.8125
"locus2677",0.9583,1,0.9,0.7,1,1,1,1,1,1,0.95,0.9375,0.95,0.9375,0.9583,1,0.9444,1,0.875,1,0.9286,1,0.95,0.9,1,0.9167
"locus2678",0,0,0.05,0,0.0556,0.0417,0,0,0.0455,0,0,0,0,0,0.0417,0,0.0556,0.1667,0,0,0,0,0,0.1,0.1364,0.0833
"locus2679",1,1,1,1,1,0.9583,1,0.6111,0.9091,0.9375,1,0.875,1,1,0.9583,1,1,1,1,1,0.8571,0.9091,1,1,0.8636,0.75
"locus2680",1,1,0.9,1,1,1,1,1,0.95,1,0.9545,1,1,0.6875,0.875,1,1,1,0.875,1,0.9286,1,1,0.9,1,1
"locus2681",0.0833,0.1,0.3125,0.0455,0.5,0.3636,0,0,0.3182,0.1,0,0.2857,0.1429,0,0.2857,0,0,0.25,0.1,0.0833,0.4167,0.1667,0.05,0.8,0.1667,0.1111
"locus2682",0.6364,0.8333,0.375,0.1111,0.9375,0.6429,0.625,0.7857,0.4,0.7,0.9091,0.5,1,0.5,0.6111,0.6364,0.4375,0.3333,0.375,0.375,0.3333,0.1429,0.5,0.5,0.5,0.75
"locus2683",0.8333,0.4286,0.75,0.9545,0.625,0.8125,1,0.375,0.7,0.75,0.9,1,1,0.6875,0.5833,1,0.8889,NA,0.5,1,0.5,0.9545,1,0.8333,0.8,0.25
"locus2684",0.9583,1,0.95,0.9545,0.6875,0.7778,1,0.75,0.9545,0.9286,1,0.8333,1,0.9375,1,1,0.9444,0.8333,1,1,0.9286,0.9545,1,0.95,0.85,0.625
"locus2685",0.9583,0.875,0.9,0.9545,1,1,1,1,0.9091,1,1,1,1,1,1,1,1,1,0.8125,1,1,1,0.95,1,0.8182,1
"locus2686",0.9583,1,0.9,1,0.7222,1,1,0.8889,0.9545,1,1,0.8125,1,1,1,1,0.9444,1,1,0.9444,1,0.55,0.95,1,0.9091,0.875
"locus2687",1,1,1,1,0.6667,0.8333,1,0.9167,1,1,1,1,1,1,0.9583,1,1,1,1,1,1,1,1,1,0.9091,0.8
"locus2688",0.8182,0.875,0.9,1,0.7778,0.75,1,0.8125,0.9091,0.8125,1,0.875,0.95,1,0.9583,0.9545,0.9444,1,1,0.9444,1,0.9545,0.95,0.9,0.75,0.9167
"locus2689",0.2273,0.6,0.8,0.1111,0.9167,0.8,0.7,1,0.9545,0.5714,0.8636,0.5833,1,0.7857,0.7917,1,0.6111,0.5,0.75,0.6111,0.9,0.0909,0.1667,0.75,0.3889,0.9091
"locus2690",0.6875,0.125,0,0.125,0,0.125,0.7,0.0556,0.1667,0.3,0,0.1667,0,0,0,0.3125,0.6875,0,0,0.25,0,0.5556,0.5,0,0.2,0.0417
"locus2691",0.7917,0.9375,0.95,1,1,1,1,0.875,1,1,1,0.875,1,1,0.875,0.9091,0.5714,1,1,0.8125,1,1,0.8,1,0.75,1
"locus2692",0.5833,0.6,0.8333,0.6364,1,0.9167,0.9,0.6667,0.8333,0.7,1,0.8333,1,0.8,1,0.9091,0.75,0.75,0.8,0.8333,0.9,0.5455,0.2778,0.8571,0.7,0.7143
"locus2693",1,0.9375,0.95,1,1,0.875,1,0.9,0.9545,1,1,0.8125,0.95,0.9375,0.9,1,1,1,0.9375,1,0.875,0.9091,1,0.85,0.9091,0.8636
"locus2694",0.5556,0.6,0.4,0.65,0.8889,0.7222,0.4,0.9167,0.5,0.3571,0.55,0.625,0.6667,0.3333,0.4545,0.7273,0.4444,0.3333,0.25,0.5,0.5,0.55,0.6667,0.5,0.5556,0.95
"locus2695",0.8333,1,1,1,1,1,1,1,1,1,1,1,1,1,1,1,1,1,1,0.9444,1,1,0.9,1,0.65,1
"locus2696",0.8,0.5,0.5556,0.3125,0.375,0.4,0.2,0.1875,0.6818,0.625,0.5625,0.25,0.6111,0.625,0.65,0.25,0.6667,0.5,0.75,0.75,0.1,0.0714,0.6875,0.6667,0.5556,0.5
"locus2697",0.7,0.875,1,0.7,1,1,1,0.9444,0.8333,0.6667,0.9545,NA,0.9444,0.9,0.95,0.6667,0.7857,0.5,0.875,0.8571,1,0.4444,0.875,0.9167,0.8333,1
"locus2698",0.2222,0.375,0.5714,0.1,0.2778,0.3125,0.75,0.5,0.5,0.5,0.4167,0.4375,0.125,0.5,0.3125,0.2,0.1429,0.5,0.5,0.375,0.375,0.8125,0.8,0.4375,0.2778,0.5
"locus2699",1,1,1,0.6,0.9444,1,1,0.9444,1,1,1,1,0.95,1,0.9167,1,1,0.6667,1,1,1,0.9545,0.95,0.95,1,0.9583
"locus2700",1,1,1,1,0.9286,0.9583,1,0.75,1,1,1,0.9375,0.95,1,1,1,1,1,1,1,1,0.9545,1,1,0.9091,0.5
"locus2701",0.0417,0,0,0,0.3571,0.35,0,0.3125,0,0,0,0,0.05,0,0.0833,0,0,0,0,0,0,0,0,0,0.1,0.1667
"locus2702",0.8333,0.8125,1,1,1,1,1,1,0.85,0.9375,0.9545,0.7857,1,0.625,0.8182,1,0.75,0.8333,0.9167,0.8571,0.9286,0.6429,1,0.7143,0.8125,0.9167
"locus2703",1,0.6875,0.8889,0.8636,0.9375,0.8182,1,1,0.9545,0.875,0.9091,0.875,0.6667,0.9375,0.9583,1,0.8333,1,1,1,1,0.9545,0.9,0.95,1,0.8182
"locus2704",0.3889,0.7,0.625,0.6429,0.8571,0.8,0,0.6667,0.5625,0.5,0.9,0.6,1,0.5,0.5,0,0.25,0.5,0.5,0.5,0.8333,0.5833,0.5,0.6,0.5,0.9375
"locus2705",1,1,1,1,0.8,1,1,0.75,1,1,1,1,1,1,0.9167,1,1,1,1,1,1,0.9545,0.95,1,0.8636,0.5556
"locus2706",1,1,1,0.9375,0.8125,0.6667,1,0.9444,1,0.8125,0.6364,1,0.8889,0.9375,0.9545,1,0.5714,1,1,1,1,0.95,0.6875,1,0.8,0.9545
"locus2707",0.4091,1,1,0.7857,0.9444,1,0,0.9,1,0.6667,0.9091,0.5,1,0.8571,0.8333,0.0833,0.4167,1,0.6,0.9286,0.5,0.25,0.7857,0.875,0.5714,0.85
"locus2708",0.0417,0,0.05,0,0,0.0417,1,0,0,0.125,0.0455,0,0,0,0.0417,0.9545,0.2778,0,0,0,0,0,0,0,0.0909,0.0417
"locus2709",0.7273,0.625,0.8,0.2727,0.7778,0.8333,1,0.8125,0.9545,1,0.8636,0.75,0.9,0.875,0.7273,1,0.9444,0.5,0.8125,0.8889,0.7857,0.6875,0.7222,0.85,0.9,0.8333
"locus2710",1,0.8125,1,1,1,0.7917,1,0.875,1,1,0.7273,0.875,0.7,1,1,1,1,1,1,1,0.7143,1,0.95,1,0.95,0.9167
"locus2711",1,0.8,0.7778,1,1,0.5,1,1,0.8636,1,0.5556,0.875,0.5714,1,0.85,1,1,0.8333,0.7143,1,0.8333,1,0.95,0.8571,1,1
"locus2712",1,1,0.95,1,0.8889,1,1,0.8889,1,0.9375,0.9545,1,0.95,1,0.9167,1,1,0.8333,0.9375,1,0.9286,1,0.95,0.75,0.9091,0.9583
"locus2713",0.0833,0.1667,0,0,0.4375,0.2917,0.5,0.1667,0.0455,0.75,0.3636,0.1875,0.15,0.0625,0,0.5,0,0,0,0,0,0.0455,0.1,0.2222,0,0.3182
"locus2714",0.4444,0.5,0.625,0.5,0.0714,0.3333,0.8,0.1667,0.3333,0.4167,0.5,0.5,0.85,0.375,0.2222,0.7778,0.4167,0.3333,0.625,0.5,0.25,0.3571,0.5,0.3125,0.3125,0.0455
"locus2715",0.9583,0.875,0.95,0.9545,1,0.875,1,0.8889,0.9091,0.9286,0.9091,1,1,0.75,1,0.9545,1,0.8333,0.9286,0.9375,0.9286,0.7,1,0.95,0.7273,0.9091
"locus2716",0.5,0.0625,0.15,0,0.0556,0.0417,0.375,0.0556,0.2273,0.4286,0.05,0,0.05,0.375,0.1818,0.4545,0.3333,0.1667,0.0625,0.4375,0.0714,0.1364,0.3571,0.15,0.2727,0.1667
"locus2717",0.8182,0.8571,0.8889,0.95,0.75,0.75,0.125,0.5625,0.8333,0.6667,0.9444,1,0.9286,0.9167,0.7778,0.1818,1,1,0.8125,0.875,0.9,0.9091,0.75,0.9286,0.8889,1
"locus2718",0.75,1,0.8889,0.8636,1,1,1,1,1,1,1,0.875,1,1,0.9091,1,0.9375,1,0.8571,0.7857,1,1,0.8571,0.95,1,1
"locus2719",0.6667,1,1,1,1,1,1,1,1,1,1,0.9375,1,0.9375,1,1,1,1,1,1,0.9286,1,1,0.75,1,1
"locus2720",1,0.9,1,1,0.75,0.9286,1,0.9444,1,1,0.45,1,0.6667,1,1,1,1,1,1,0.9444,1,1,1,1,0.9545,0.9583
"locus2721",0.9167,0.9286,0.95,0.6818,0.5556,0.8333,1,0.4286,1,0.875,0.9,0.9286,0.8889,0.8125,0.8333,1,1,1,0.75,1,0.7143,1,0.95,1,0.7273,0.7222
"locus2722",0.0417,0.125,0.2778,0.0455,0.1667,0,0,0.0556,0.1364,0,0.25,0.1667,0,0.0625,0.2222,0,0.0556,0.1667,0.0714,0.1667,0.1667,0.0909,0.1,0.1667,0,0.375
"locus2723",0.9091,0.9286,0.9375,0.7273,1,0.8636,1,0.8125,0.8889,0.875,0.9545,0.75,0.95,1,0.5455,1,0.875,0.6667,0.875,1,0.8333,0.875,0.8,0.8,0.7273,0.7273
"locus2724",0.625,0.8571,0.7,0.9091,1,0.8889,0.9,0.7222,0.85,1,0.7273,0.75,0.9444,0.8125,0.85,0.9545,0.7143,1,1,0.8333,1,0.7,0.5714,0.8,0.8636,0.9167
"locus2725",1,0.7857,1,0.9545,1,0.95,1,0.8125,1,0.5714,0.9,1,0.75,0.9375,0.9583,0.9545,1,1,0.9375,0.9444,0.7857,1,1,0.65,0.9,0.8333
"locus2726",1,1,1,1,1,1,1,1,0.8182,1,1,1,1,1,1,1,1,1,1,0.9444,1,1,1,1,0.9091,1
"locus2727",0.5833,0.6,0.7857,0.65,1,0.8636,0.25,0.8333,0.75,0.2857,0.7,0.6667,1,0.6667,0.8889,0.25,0.1429,0.5,0.8333,0.7857,1,0.9375,0.6667,0.5,1,0.9091
"locus2728",1,1,0.9,0.9545,1,0.9583,1,1,1,1,0.9545,1,1,0.9375,0.9583,0.5,1,1,1,1,0.9286,1,1,0.95,1,1
"locus2729",1,1,0.95,1,1,1,1,1,0.9545,1,0.9545,1,0.9,0.9375,1,1,1,1,0.6875,0.9444,1,1,1,0.95,1,1
"locus2730",1,1,0.95,1,1,1,0.8,1,1,1,0.9545,1,1,1,1,0.6,1,1,1,0.9444,1,1,1,1,0.9091,1
"locus2731",0,0.1429,0.1429,0,0,0.05,0,0,0.2,0,0,0,0.5,0.1429,0.1667,0.1667,0.0556,0.1667,0.1,0.1429,0,0,0,0.15,0.0455,0
"locus2732",0.0714,0.3125,0,0.1818,0,0.1667,0,0.2222,0.125,0.4375,0,0,0.05,0.0714,0.15,0,0.1875,0,0,0,0,0.0455,0.1429,0.4167,0.25,0
"locus2733",0.6364,0.25,0.875,0.75,0.4375,0.375,1,0.5,0.9,0.75,0.5714,0.4286,0.3125,0.9167,0.4167,1,0.7778,0.6667,0.75,0.8571,0.4,0.875,0.6667,0.7778,0.6667,0.625
"locus2734",0.6667,0.8,0.8,0.75,0.6429,0.6,0.875,0.75,0.7143,0.8571,0.875,0.75,0.6667,0.6667,0.6,0.75,0.75,1,0.5,0.8,0.75,0.6,0.6429,0.6667,0.7857,0.625
"locus2735",0.5,0.125,0.25,0.1875,0,0,0,0,0.25,0,0,0,0,0.25,0.2083,0,0.5625,0.5,0,0,0,0.1667,0,0.1429,0.2,0.0417
"locus2736",0.0417,0.3571,0.4444,0.0909,0.1667,0.2,0,0,0.2143,0.3333,0.4545,0.3571,0.5,0.5,0.15,0.0909,0.1111,0,0.1429,0.0714,0.3,0.0455,0.05,0.2,0.0909,0.0455
"locus2737",0.3182,0.125,0,0.45,0,0,0.75,0,0,0.1667,0.0909,0,0.2,0.0625,0.0417,0.1,0,0,0.0625,0.3125,0,0.3636,0.0556,0.1,0,0
"locus2738",0.875,1,1,0.8636,1,0.9583,1,1,0.8636,1,0.9545,0.9375,1,1,1,0.9545,0.8333,1,1,0.7143,1,0.8571,0.75,0.95,0.8636,1
"locus2739",1,0.9286,0.85,1,0.9444,1,0.9,1,1,0.9286,0.8636,0.9375,0.8333,0.9286,0.8182,0.75,1,1,0.875,0.9444,1,1,1,1,0.9545,1
"locus2740",1,1,0.85,1,1,1,1,1,0.9444,1,0.9545,1,1,0.6667,0.7727,1,1,1,0.9375,0.9444,1,1,1,1,0.9545,1
"locus2741",0.0417,0,0.2143,0,0,0,0,0.0556,0.1364,0.25,0,0,0,0.2143,0.2083,0,0.0556,0,0.125,0.2143,0.2857,0,0.05,0.1667,0.1364,0
"locus2742",1,0.875,0.95,0.9545,1,1,1,1,1,1,1,1,1,1,1,1,0.9444,1,1,0.6111,1,1,1,1,1,1
"locus2743",0.7222,0.625,0.8333,1,0.6875,0.7222,1,0.5,0.9545,0.9375,1,0.6667,0.85,0.8571,0.6818,1,0.8889,0.5,0.7143,0.9444,0.4,0.9,0.8889,1,0.8636,0.5
"locus2744",0.3333,0.3571,0.3333,0.375,0.5625,0.6364,0.5,0.2778,0.3333,0.3571,0.6111,0.1429,0.75,0.4286,0.3182,0.2222,0.625,0,0.375,0.2857,0.2857,0,0.25,0.2778,0.375,0.4
"locus2745",0.9583,0.9375,1,1,1,1,0,1,0.9091,0.875,1,1,1,0.875,0.9545,0.0833,0.875,1,0.9375,0.8333,1,1,1,1,0.9545,1
"locus2746",1,0.9375,1,0.9545,1,1,1,0.9444,1,1,1,1,1,1,1,1,1,1,1,1,1,0.5,0.95,1,1,1
"locus2747",0.1818,0.5,0.2222,0.4,0.3571,0.3889,0,0.1667,0.05,0.4375,0.0714,0.3125,0.3333,0.1429,0.2273,0.0455,0.125,0,0.0625,0.375,0.375,0,0.2857,0.2222,0.15,0.3182
"locus2748",0.8636,0.9375,1,0.9091,0.9444,0.9167,1,1,0.9091,0.9286,1,0.9375,0.95,1,0.9167,0.9545,0.9444,0.8333,0.7857,0.9444,1,0.5714,1,1,0.9091,0.8636
"locus2749",0.7143,0.1,0.0714,0.3,0.125,0.2143,1,0,0.125,0.125,0.1,0,1,0.4,0,0.2,0.5714,0.25,0.3571,0.3333,0.25,0.125,0.3889,0.1,0.35,0.1429
"locus2750",1,0.6,1,1,0.25,0.5625,1,0.6429,1,0.9286,0.1818,1,0.25,1,1,1,1,1,1,1,1,1,1,0.9,0.75,0.5
"locus2751",0.7143,0.8125,0.95,0.6667,NA,0.6667,NA,0.8571,1,0.8333,0.7222,1,0.65,0.875,0.8636,NA,0.7222,0.8333,0.8125,0.9444,0.875,0.5556,0.9,0.85,0.8,0.8182
"locus2752",0.95,0.9,0.7143,0.8,0.9444,0.8333,1,0.8889,0.7,1,1,0.75,1,0.7143,0.5455,0.9545,0.8333,0.75,0.6875,1,0.75,1,0.8333,0.5625,0.7857,0.9
"locus2753",0,0.0625,0.05,0,0.125,0.0833,0.1,0.0556,0,0.0625,0,0,0,0,0,0,0,0,0.0625,0,0.0714,0,0.15,0.05,0.0909,0.1364
"locus2754",0.4,0.75,0.6667,0.8333,0.8889,0.8571,0,0.9444,0.3125,0.3571,0.8571,0.8333,0.75,0.6667,0.95,0.125,0.3571,1,0.7143,0.5,0.875,0.5556,0.3125,0.6111,0.5625,0.9583
"locus2755",0.1667,0.25,0.1111,0.15,0.9375,0.6,0,0.6111,0.1364,0.125,0.45,0.3,0.45,0.1875,0.35,0,0.0556,0.3333,0.25,0.2222,0.5,0.0909,0.2,0.3,0.2143,0.8889
"locus2756",1,1,0.95,1,0.8125,0.9583,1,0.6111,1,1,1,0.9375,1,1,0.9167,1,1,1,0.9375,1,0.7857,0.9545,0.95,1,0.9545,0.5455
"locus2757",1,1,1,0.8182,1,1,1,1,0.9545,0.875,1,1,1,1,1,1,0.9444,1,1,1,1,1,0.95,0.9,0.9545,1
"locus2758",1,0.9375,1,1,0.9286,0.7917,1,0.9444,1,1,0.375,1,0.6667,1,1,1,1,1,1,1,1,1,1,1,0.9545,0.9583
"locus2759",0.9545,1,1,0.9091,0.9444,1,1,1,0.8636,1,1,1,0.8,0.9286,0.95,1,1,1,1,1,1,0.9545,1,0.95,1,1
"locus2760",0.0417,0,0,0.1364,0,0,0,0.2222,0.0909,0,0.3,0,0.1875,0.0625,0.1667,0,0.1667,0.3333,0,0.1111,0.0714,0.0455,0.05,0.05,0.0909,0.0417
"locus2761",0.6,0.125,0.2143,0.35,0.0556,0.2727,0,0.1429,0.35,0.25,0.2778,0.2,0.125,0.1667,0.2273,0.6667,0.5625,0.5,0.4167,0.4444,0,0.6111,0.4375,0.35,0.5455,0.1111
"locus2762",1,0.8571,1,1,1,0.9167,1,1,0.9545,1,1,0.8125,1,1,0.9167,1,1,1,1,0.9444,1,0.8182,0.95,1,0.9091,1
"locus2763",0.0417,0.0625,0.15,0.4,0,0,0,0,0.0909,0.0625,0.0455,0.0625,0,0,0,0,0.1667,0,0,0,0.0714,0.0455,0.05,0.05,0,0
"locus2764",1,0.9375,0.95,1,1,1,0.9,0.9444,1,1,0.9091,1,0.9444,1,0.9167,1,0.9444,1,1,0.9444,1,1,1,0.85,0.9091,1
"locus2765",0.8,0.8125,0.8333,0.8571,0.8,0.9,0.5,0.8571,0.75,0.6875,0.8333,0.9,0.8,0.8333,0.9167,0.55,0.7,1,1,0.75,0.75,0.75,0.875,0.9375,0.8571,1
"locus2766",0.8125,0.9286,0.9167,0.7778,0.8571,0.9545,0.9,0.375,0.9375,1,0.7778,0.5,0.7143,1,1,1,0.8889,0.5,1,0.8,0.5,0.4375,0.9375,0.6,1,0.4444
"locus2767",0.9167,1,1,0.9545,1,1,1,0.9444,1,1,1,0.9286,1,0.8125,1,1,1,0.8333,0.8125,1,0.9286,1,1,0.95,1,0.9583
"locus2768",0.5,0,0.1875,0.25,0,0,0.1,0.2143,0.6111,0.0625,0.0556,NA,0,0.6875,0.2083,0.0455,0.2778,0.5,0.5,0.5,0.3,0.5909,0.25,0.3889,0.3333,0.0417
"locus2769",1,0.9375,1,1,1,0.9583,1,1,0.9545,1,0.75,0.9375,1,1,0.8636,1,1,1,0.875,0.9444,1,0.9091,1,1,1,1
"locus2770",0.9091,1,1,0.625,0.9444,1,1,0.9444,0.9545,1,0.9545,0.8125,1,0.7857,1,0.7143,1,0.75,1,1,1,1,0.9,1,0.8182,1
"locus2771",1,1,1,1,1,1,1,1,1,1,1,1,1,1,1,0.6667,1,1,1,1,1,1,0.8,1,1,1
"locus2772",0.875,1,0.95,1,1,1,1,1,0.9545,0.9375,1,1,0.95,0.9375,0.9167,0.9545,0.5,1,1,0.9444,1,0.8636,0.8,0.95,0.9545,1
"locus2773",0.7083,0.4375,0.5556,0.5,0.6429,0.5455,0.5,0.4375,0.6,0.5625,0.3889,0.4286,0.4286,0.5625,0.4583,0.6364,0.5,0.5,0.4375,0.5,0.5,0.6111,0.5556,0.5,0.5,0.5
"locus2774",0.9583,0.625,1,1,0.7778,0.8333,1,1,1,0.8125,0.6111,1,0.6875,1,0.9583,1,1,1,1,1,1,0.9545,0.95,1,0.9545,1
"locus2775",0.625,0.7857,0.75,0.55,0.6875,0.8636,1,0.6667,0.7727,0.8125,0.6111,0.6,0.75,0.75,0.7727,1,0.8333,0.6667,0.75,0.6667,0.5,0.4444,0.7,0.8889,0.7,0.6364
"locus2776",0.6111,0.25,0.1111,0.625,0.2857,0.4167,0.5,0.1667,0.375,0.1429,0.3889,0.25,0.2778,0,0.2222,0.5,0.7143,0.25,0.1667,0.125,0,0.0714,0.5,0,0.5,0.1
"locus2777",0.7917,0.9375,1,1,0.9375,0.9545,NA,0.9444,0.9545,1,0.9545,0.9375,1,0.9375,1,0.5,1,1,1,0.9444,1,0.9091,1,0.95,0.9091,0.9167
"locus2778",0.625,0.6667,1,0.5,0.75,0.375,1,0.7778,0.7778,0.625,0.4091,0.8,0.7857,0.8571,0.9545,1,0.8889,0.75,0.5,0.9286,0.6667,1,0.7222,0.7,0.9545,0.85
"locus2779",0,0.4375,0.2222,0,0.8333,0.7727,0.1,0.1111,0.0455,0.1429,0.75,0,0.95,0.125,0.0417,0.1364,0,0.1667,0.0714,0.0556,0.1429,0.0455,0.1,0.05,0.2727,0.3333
"locus2780",1,1,0.95,0.9545,1,1,1,0.9444,1,1,1,0.9375,1,1,0.875,1,1,1,0.9375,0.9444,0.5,1,1,1,0.9,1
"locus2781",0.9583,1,0.95,0.9545,0.9444,1,1,1,1,1,0.8636,1,0.95,0.9375,0.9583,0.9545,1,1,1,1,0.9286,1,1,1,1,1
"locus2782",0.875,1,1,1,1,1,1,1,1,0.8571,1,1,1,1,1,0.8636,0.7778,1,1,1,1,0.6,1,1,1,1
"locus2783",0.95,0.9375,0.9444,1,0.9444,0.9583,1,0.7857,0.95,1,0.9091,0.8,1,1,0.875,1,0.875,0.8333,0.6429,0.8,1,0.5625,0.8333,0.9444,0.65,0.8182
"locus2784",0.8125,1,1,0.7143,0.9444,0.9583,1,0.8889,0.9091,1,1,0.875,1,0.8125,0.9167,1,0.8571,1,1,0.8889,1,0.8125,1,0.95,0.9,0.9545
"locus2785",1,1,0.95,1,0.9444,1,1,1,1,1,0.9091,1,0.9444,0.9375,0.9167,1,1,1,0.9375,0.9444,1,1,1,1,1,1
"locus2786",0.125,0.375,0.15,0.0909,0.3571,0.65,0,0.3333,0,0.0714,0.9091,0.0714,1,0.125,0.2222,0.0455,0,0,0.125,0.2222,0.5,0.0455,0.0556,0.1111,0.1667,0.25
"locus2787",1,0.9375,0.6667,1,1,0.9583,1,1,0.875,1,0.9,1,1,0.875,0.7778,1,0.875,1,0.6875,0.9286,1,1,0.95,0.7222,1,0.9583
"locus2788",0.9583,1,1,0.8636,1,1,1,0.9444,1,1,1,1,1,1,1,0.75,1,1,1,1,1,1,0.95,1,1,0.9167
"locus2789",1,0.9375,1,0.9545,1,1,1,1,1,1,1,1,1,0.875,1,1,1,1,0.9375,1,0.8571,1,1,1,0.9545,0.9167
"locus2790",1,0.9375,0.8,0.9545,1,0.9167,1,1,1,1,1,0.9375,1,1,0.9167,1,0.8889,1,1,1,0.8571,1,1,0.85,1,1
"locus2791",0.0625,0.625,0.5,0.4545,0.5,0.5,0,0.4444,0.5714,0.5,0.4545,0.7143,0.45,0.8571,0.6111,0.0714,0.3333,0.5,0.375,0.5714,0.5,0.45,0.2,0.4444,0.3333,0.5
"locus2792",1,0.75,1,1,0.9444,0.7083,1,1,1,1,0.7143,1,0.875,0.9375,1,1,1,1,1,1,1,1,0.95,1,1,1
"locus2793",0.9091,0.9375,1,0.75,1,0.9583,1,0.9444,0.9545,0.875,1,1,1,1,0.9583,1,1,1,1,0.9375,1,0.375,0.9375,1,1,0.875
"locus2794",0.1818,0.625,0.3333,0.6429,1,0.8333,0,0.625,0.1,0.0714,0.7143,0.3571,0.9286,0.0625,0.3125,0,0.1875,0,0.1,0,0.4286,0.125,0.3333,0.25,0.5,0.6667
"locus2795",0,0.1667,0.3125,0.45,0.1429,0.1111,0,0.1667,0.1667,0,0.25,0,0,0,0.25,0.0455,0.25,0.5,0.375,0.1429,0.0833,0.1818,0,0.1667,0.1875,0.2
"locus2796",1,0.875,0.95,0.9545,1,0.9583,1,0.9444,1,1,0.9545,1,1,1,0.9091,1,1,1,0.875,0.9444,1,1,0.95,0.85,0.9091,0.9583
"locus2797",0.5455,0.4286,0.8333,0.5455,0.875,0.4,1,0.6111,0.8,0.8125,0.3182,0.7143,0.3333,0.5,0.6364,0.9545,0.8571,1,0.5714,0.7143,0.5833,0.2778,0.65,0.45,0.625,0.75
"locus2798",0.9167,0.75,0.75,0.8636,0.6429,0.8636,1,0.8333,0.8182,0.9375,0.9091,0.5714,0.7222,0.875,0.7727,0.9545,0.8333,0.5,0.625,0.9444,0.5,0.8182,0.9,0.8,0.7727,0.7917
"locus2799",1,1,1,1,1,0.75,1,1,1,0.9375,0.7778,0.9375,0.75,1,0.9583,1,1,1,1,1,1,0.9545,1,1,1,0.875
"locus2800",0.375,0.25,0.2143,0.5,0,0.25,0.25,0.25,0.2727,0.2143,0.4,0.25,0,0.2857,0.15,0.2727,0.3571,0,0.1429,0.1667,0.25,0.1667,0.375,0.5,0.3571,0
"locus2801",0.25,0.125,0.1429,0.6,0,0.0909,1,0.0556,0.2143,0.1667,0,0,0,0.0833,0.1667,0.875,0.6667,0,0.2857,0.2143,0.0714,0.4091,0.3333,0.1429,0.1111,0.0417
"locus2802",0.9583,0.9375,1,0.9545,1,0.7917,1,0.9444,1,1,1,1,0.9286,1,1,0.9545,0.9444,1,1,1,1,1,1,1,0.9545,1
"locus2803",0.2917,0.5714,0.35,0.3333,0.9444,0.7727,0.2,0.9375,0.5,0.5714,0.6364,0.7857,0.6875,0.125,0.5417,0.25,0.3125,0.5,0.625,0.3889,0.7143,0.4091,0.375,0.625,0.65,0.8333
"locus2804",1,1,0.95,1,0.8889,1,1,1,0.9091,1,0.9091,1,0.8,1,0.9167,1,1,1,1,1,1,0.7273,1,1,0.9545,1
"locus2805",0.8125,0.25,0.5,1,0.4167,0.25,0.9,0.5,0.9375,1,0.2857,1,0.2,0.8125,0.45,0.9091,0.9444,0.5,0.3,0.9444,0.5,0.9545,0.8571,0.7143,0.7,0.65
"locus2806",1,0.6875,1,1,0.8125,0.6818,1,0.9286,1,1,0.8,1,1,0.9375,0.9583,1,1,1,1,1,1,1,1,1,0.9091,0.9
"locus2807",0.7917,0.75,0.8,0.5714,0.9444,0.7083,1,0.9444,0.6818,1,0.7778,0.9375,0.9286,0.875,0.875,1,0.9444,1,0.9375,0.6111,1,0.6,0.7778,0.75,0.7,0.9167
"locus2808",0.95,1,0.85,0.9545,1,1,1,0.9444,0.9545,1,1,1,1,1,0.9583,0.9545,0.875,0.8333,0.9375,1,0.9286,0.75,0.7778,1,0.7222,1
"locus2809",0.9091,0.5,0.8571,1,0.5,0.5714,1,0.7857,0.8889,1,0.4,0.7,0.3125,0.5625,0.9545,0.9091,0.9444,1,0.7143,0.875,1,1,1,0.9444,0.75,0.5833
"locus2810",0.85,1,1,0.9091,1,1,1,1,1,1,1,1,1,0.875,1,0.9545,0.8333,0.8333,1,1,1,1,1,1,0.9091,1
"locus2811",1,1,1,1,1,0.9583,1,0.6429,1,1,1,1,0.95,1,1,1,1,1,1,1,0.9286,0.9545,0.95,0.95,1,0.9375
"locus2812",0.5417,0.4286,0.45,0.45,0.6667,0.4375,0.8,0.5556,0.5455,0.4286,0.625,0.3333,0.7143,0.2857,0.5909,0.8636,0.6111,0.5,0.5,0.5625,0.3333,0.75,0.5625,0.5,0.6429,0.5
"locus2813",0.875,0.9375,0.95,0.9545,1,1,1,0.7222,0.9091,1,0.9545,0.875,1,1,0.75,1,1,1,0.875,0.9444,1,1,0.95,1,0.9545,0.8636
"locus2814",0.4,0.0625,0.2,0.45,0.0714,0.0909,0,0.125,0.0455,0,0.3333,0.0833,0.5,0.0625,0.2273,0.0455,0.1875,0.3333,0.1429,0.3125,0.0714,0.5,0.25,0.1,0.25,0.1364
"locus2815",1,0.9375,1,1,1,1,0.1667,1,1,0.9,1,1,1,1,1,0.5,1,1,1,1,1,1,1,1,1,1
"locus2816",0,0.0625,0,0.0455,0.0625,0.1667,0,0.7,0.0455,0.0625,0,0.1667,0,0.0625,0.0833,0,0,0,0,0.0556,0.25,0.3,0.15,0.1,0.1667,0.5556
"locus2817",0.5417,0.3333,0.5833,0.6429,0,0.2222,NA,0.5,0.35,0.4167,0.25,0.375,0.1667,0.6,0.6364,0.25,0.2857,0.5,0.4167,0.5,0.3,0.5,0.4375,0.4444,0.3125,0.375
"locus2818",1,0.875,1,1,0.8889,0.9091,1,0.9444,0.95,0.875,0.5556,1,0.7857,0.875,0.9583,1,0.9444,0.8333,0.8125,0.8889,1,1,1,0.95,0.9545,0.9583
"locus2819",1,1,1,1,0.9375,0.8333,1,0.9286,1,1,1,1,1,1,0.9583,1,1,1,0.8125,1,1,1,1,0.95,0.7727,0.6667
"locus2820",0.125,0,0,0,0,0,0,0,0,0,0,0,0,0,0,0.0455,0.3571,0,0,0,0,0,0,0,0.0455,0.125
"locus2821",0.25,0.5,0.375,0.7,0.5,0.4583,0,0.5556,0.5455,0.3125,0.5,0.4375,0.6,0.5833,0.6818,0.0909,0.2778,0.5,0.5,0.6875,0.6429,0.3,0.5,0.5,0.3636,0.5833
"locus2822",0.875,0.25,0.5,0.8,0.8125,0.5,0,0.5714,0.6111,0.4286,0.1818,0.8,0.15,0.7143,0.5833,0.1667,1,0.6667,0.3,0.6875,0.7,0.9091,0.8889,0.6111,0.6875,0.8182
"locus2823",0.5,0.6429,0.75,0.7222,0.5833,0.45,0,0.4286,0.8125,0.4375,0.4444,0.6429,0.45,0.375,0.5,0.0455,0.7222,0.5,0.7857,0.5556,0.4286,0.8125,0.75,0.4375,0.6111,0.4545
"locus2824",0.875,0.9375,0.9,1,0.7,0.8333,1,0.875,0.9545,1,1,0.875,0.95,1,0.875,1,1,1,1,0.9444,0.8571,0.8636,1,1,1,0.9
"locus2825",1,1,1,0.9545,1,1,1,1,1,0.875,1,0.875,0.95,0.875,0.9545,0.9545,0.9444,1,1,0.8889,1,0.9091,0.95,0.95,0.9545,0.9583
"locus2826",0.5,0.5625,0.6429,0.3889,0.6429,0.6429,0.1,0.4375,0.3889,0.5714,1,0.4,NA,0.5,0.4286,0.2143,0.7143,0.75,0.25,0.1875,0.75,0.7222,0.375,0.4444,0.3889,0.5556
"locus2827",0.0909,0,0.0714,0.1667,0,0.3,0,0.25,0.2143,0,0.1111,0.125,0.1667,0,0.0455,0.1,0.2222,0,0.1667,0.25,0.2,0.5,0.2143,0.25,0,0.5
"locus2828",0.7273,0.625,0.5,0.7778,0.8125,0.7917,0.9,0.3889,0.6818,0.8125,0.9091,0.3125,0.85,0.625,0.4167,1,0.7778,0.5,0.5,0.6429,0.5,0.4444,0.65,0.5625,0.6364,0.4
"locus2829",1,0.875,1,1,0.8333,0.9583,1,1,1,1,1,1,1,0.8125,0.9167,1,1,1,0.9375,1,1,1,1,0.9,0.8636,1
"locus2830",0.8333,0.875,0.7778,0.95,0.5714,0.5455,1,0.9375,0.875,0.6667,0.3333,0.5,0.4167,0.8333,0.7222,0.9545,1,1,0.8,0.9375,0.625,0.8571,0.9,0.8,0.75,0.8
"locus2831",0.8636,0.9375,0.7222,0.5,0.9167,1,1,0.75,0.8636,1,1,0.5833,1,0.7,0.75,1,0.7778,0.8333,0.7,0.8889,0.7857,0.9545,0.625,0.8571,0.75,0.9
"locus2832",0.8636,1,1,0.9,1,0.9167,0.8333,0.8889,0.9091,0.8571,0.9545,1,0.95,1,0.9583,0.25,0.3889,1,0.9375,0.8333,0.9286,0.4375,0.85,0.8889,0.8333,0.7727
"locus2833",0.0417,0,0.05,0,0,0,0.9,0.0556,0,0.0625,0,0,0,0,0,0,0.0556,0,0.0625,0.0556,0,0,0,0,0.0455,0
"locus2834",0.875,1,1,1,1,1,1,1,1,0.875,1,0.8125,1,0.875,0.9583,1,1,1,1,1,1,1,1,1,1,0.9583
"locus2835",0.9583,0.875,0.75,0.9545,1,0.875,1,0.9444,0.8636,1,0.9,1,1,0.875,0.9,1,1,1,0.75,0.9444,1,1,0.9,0.9,1,1
"locus2836",0.125,0,0,0,0,0,0,0,0.2273,0.0625,0,0.1875,0,0.1875,0,0.0455,0.125,0,0.125,0.2778,0,0.0455,0,0,0.0455,0
"locus2837",0.75,1,0.85,0.9091,1,1,0.9,0.9444,0.6364,1,1,1,0.95,0.9375,1,0.95,0.8333,1,1,0.875,1,1,0.9,0.85,0.8182,1
"locus2838",0.95,0.7857,0.75,0.8125,0.8333,1,1,0.4286,0.5,0.9375,1,0.5,1,0.4167,0.5625,1,1,0.6667,0.6429,1,0.5833,0.9545,0.75,0.625,1,0.4444
"locus2839",1,1,1,0.6875,0.9444,1,1,0.9444,1,1,1,0.9375,1,1,1,1,0.6875,0.8333,0.9375,0.9444,1,0.95,0.625,1,0.875,1
"locus2840",1,0.875,0.95,0.9091,0.9286,0.8333,1,0.8333,1,0.6875,0.9091,1,1,1,0.9167,1,1,1,1,1,0.9286,1,1,0.95,0.8182,0.8636
"locus2841",0.7083,0.875,0.65,0.5,0.9286,0.7273,1,0.5,0.75,0.8125,0.9545,0.7143,0.85,0.6667,0.6667,0.8636,0.7778,0.8333,0.7143,0.9375,0.7143,0.5455,0.6,0.55,0.75,0.4091
"locus2842",0.9167,1,0.95,1,0.8889,0.9091,0.9,1,0.9545,0.9375,0.9091,1,1,0.9375,1,0.9091,0.9444,1,1,1,1,0.9545,1,1,1,0.9583
"locus2843",1,0.875,1,1,1,1,1,1,0.9545,1,1,0.9375,1,0.9375,0.9583,1,1,1,0.9375,0.9444,0.9286,0.9545,1,0.85,0.9545,1
"locus2844",0.2,0.4375,0.1667,0.4444,0.0625,0.125,0,0.3125,0.2,0.2857,0.4091,0.3571,0.25,0.25,0.2727,0.0455,0.25,0,0.25,0.3125,0,0.2727,0.4167,0.1,0.1364,0
"locus2845",0.75,1,0.8333,0.65,1,1,0.75,0.875,0.6818,0.6429,0.9545,0.875,1,0.7857,0.875,0.4,0.8333,0.5,0.7857,0.9444,1,0.75,0.95,0.7,0.8636,0.9583
"locus2846",1,0.9375,1,0.9545,1,1,1,0.7778,1,0.9375,0.9545,1,1,1,1,1,1,1,1,1,1,0.9545,0.9,1,1,0.8636
"locus2847",0.875,1,0.8333,0.9545,1,0.9583,1,0.8333,0.8182,0.9375,1,0.9375,1,0.75,0.9091,0.8636,1,1,0.8125,1,1,1,0.95,0.95,0.7,1
"locus2848",0.6,0.5833,1,0.25,1,0.5,1,1,0.7143,0.5,0.375,0.5,0.4286,0.5833,0.7273,1,0.5,0.5,0.9,0.75,1,0.4444,0.25,0.6667,0.5625,0.9091
"locus2849",0.9167,1,0.8,1,1,1,0.5,0.8889,0.6875,1,1,1,1,0.8571,0.875,0.55,1,0.8333,0.9375,0.7143,1,0.9545,0.9,1,0.8182,1
"locus2850",1,1,1,1,1,0.9545,1,0.9444,0.9545,1,1,1,1,1,1,1,1,1,1,1,1,0.9545,1,0.8889,1,1
"locus2851",0.875,0.75,1,1,0.3333,0.7917,0.75,0.7143,1,0.6667,0.8889,0.875,0.85,1,0.9167,0.6667,0.7,1,0.9375,0.9286,0.8,1,0.95,0.9,0.5,0.6875
"locus2852",0.25,0,0,0,0,0,0.1667,0,0.0455,0.125,0,0.1875,0,0.0625,0,0.2222,0.1111,0,0.0625,0.0556,0,0,0.1,0.05,0,0
"locus2853",0.9583,0.5,NA,1,0.2857,0.6111,1,0.4286,0.8571,0.9286,0.5625,0.875,0.6429,0.7,0.9,1,0.8889,1,0.9,1,0.75,0.9545,0.9,0.7857,0.8125,0.5
"locus2854",1,1,0.85,0.9,1,0.9583,1,0.9444,0.9545,1,0.9545,0.9375,1,1,0.9583,1,1,1,1,1,1,1,0.95,0.9,0.9545,0.9167
"locus2855",1,1,1,0.9545,0.9444,0.9583,1,0.8889,1,1,1,1,1,0.9375,0.875,1,0.8889,0.6667,0.9286,1,1,0.9091,1,1,1,0.9583
"locus2856",0.9583,1,1,1,0.9375,0.875,1,1,1,0.75,1,1,0.95,1,1,1,1,1,0.9375,0.9444,1,1,0.95,0.95,1,0.9545
"locus2857",1,1,0.95,0.9545,0.75,1,1,0.875,0.9091,0.875,0.625,0.9375,1,0.9375,0.9583,1,1,0.6667,1,0.8889,0.9167,1,0.9,0.95,0.9545,0.8
"locus2858",0.9167,0.9375,0.95,0.9545,0.9286,0.8333,0.375,0.8333,0.9,0.9167,1,0.875,0.95,0.9375,0.9167,0.5714,0.8889,1,1,0.9375,0.8,0.9545,1,1,1,0.9444
"locus2859",0.75,0.7,0.5714,0.7,0.9286,0.75,0.5,0.9444,0.6111,0.75,0.5714,1,0.5,0.6667,0.75,0.375,0.75,0.6667,0.9167,0.875,0.9,0.75,0.5833,0.7143,0.6,0.8125
"locus2860",0.625,1,0.8571,0.8333,1,0.8333,0.5,0.9444,0.8333,0.4167,0.9091,0.9286,0.95,0.75,0.7917,0.4444,1,0.5,0.8125,0.5,1,0.7778,0.6,0.6111,0.875,1
"locus2861",0.5625,1,0.8889,0.9091,1,1,0.125,0.9444,0.6875,0.7857,0.9091,0.5,1,1,0.875,0.0556,0.3571,1,0.7857,0.5833,0.8571,0.6667,0.6429,0.85,0.625,1
"locus2862",1,1,1,0.9545,0.9444,1,1,1,1,1,0.8636,0.875,1,1,0.875,0.9545,0.9444,1,1,1,1,1,0.9,0.95,1,1
"locus2863",1,1,1,0.9545,1,1,1,0.8889,1,0.875,1,1,1,1,1,1,1,1,1,0.9444,1,1,1,0.95,1,0.8636
"locus2864",1,0.6429,0.95,1,1,0.7083,1,0.7778,1,1,0.9545,1,0.9375,1,0.9545,1,1,1,0.9375,0.9444,1,1,0.95,1,0.6818,0.9167
"locus2865",0.4,0.3333,0.5,0.4091,0,0.1818,0,0.125,0.125,0.2,0.05,0,0,0.6667,0.6111,0,0.3333,0.5,0.5833,0.625,0.1667,0,0.125,0.3125,0.1429,0.1364
"locus2866",0.9545,0.9375,0.85,0.7222,1,1,0.75,1,0.8636,0.9286,0.8636,0.875,0.95,0.875,1,0.35,0.6667,1,0.9286,0.7222,0.9286,1,0.95,0.9,0.9091,0.9583
"locus2867",0.875,0.875,0.9286,0.8333,1,0.9583,1,1,0.85,1,1,1,0.95,0.9167,0.7727,1,0.7778,0.8333,0.6667,1,0.9286,1,1,0.9444,0.9091,1
"locus2868",0.9583,1,0.95,1,1,1,1,0.9444,0.9091,1,1,1,1,0.8125,0.8333,1,1,1,0.6429,0.9444,0.9286,0.9545,1,0.95,1,1
"locus2869",0.6,0.2143,0.1667,0.5,0.2222,0.3636,0.8,0.6111,0.75,0.6,0.75,0.1,0.6,0.5,0.2273,0.5,0.8125,0.5,0.25,0.5,0.5,0.5,0.75,0.6875,0.5,0.5
"locus2870",0.9167,1,0.8333,0.9545,1,0.9583,0.9,0.8889,0.8,1,0.9375,1,0.9,0.8,0.75,1,0.8889,1,0.875,0.9444,1,1,1,0.95,0.9545,0.9167
"locus2871",1,1,1,1,0.8333,1,1,0.9444,0.9545,1,0.9545,0.9375,1,1,1,1,1,1,0.9375,1,1,1,1,1,1,0.7917
"locus2872",0.2727,0.75,0.55,0.5556,0.6667,0.6818,0.625,0.6429,0.4,0.75,0.5714,0.1667,0.6429,0.5,0.5,0.5,0.1875,0.5,0.5,0.4167,0.75,0.0455,0.5714,0.2778,0.4375,0.5
"locus2873",0.8636,0.875,1,0.9091,1,1,0.875,0.9444,0.7727,0.7857,0.9545,0.9375,0.95,0.7857,0.9,0.85,0.7222,0.6667,0.9167,0.7778,0.9286,0.5909,0.8889,0.8889,0.7727,1
"locus2874",1,0.9375,0.9,1,1,1,1,1,0.9545,0.875,1,0.9375,1,1,0.8636,1,1,1,0.875,1,1,1,1,1,1,1
"locus2875",1,1,1,1,1,0.9167,1,0.9375,1,1,1,1,1,1,1,1,1,1,1,1,0.75,1,1,1,1,0.5909
"locus2876",1,0.9375,0.95,0.6818,1,0.9545,1,1,1,1,1,0.9375,1,0.9375,1,1,1,1,0.9375,1,0.8571,1,0.95,1,1,1
"locus2877",0.9583,0.75,1,1,0.7222,0.9091,1,0.9444,1,0.875,1,0.875,1,1,0.9583,1,0.9444,1,0.9375,1,1,1,1,0.95,0.9545,0.9583
"locus2878",1,1,1,1,0.8889,0.9583,1,0.8889,1,1,1,1,1,0.8571,0.9583,1,1,0.8333,1,1,1,1,1,1,1,0.8182
"locus2879",0.9583,0.875,0.9,0.9545,1,1,0.75,0.9444,0.8182,0.9375,1,1,0.9,1,0.9583,0.8,1,0.8333,1,1,0.8571,1,1,1,1,0.9583
"locus2880",0.9583,0.5625,0.5,0.85,1,0.9444,1,1,1,0.6429,0.4286,0.7857,0.3889,0.75,0.5,0.9545,1,1,0.5,1,0.7,0.625,0.95,0.25,1,1
"locus2881",1,0.9375,1,0.8182,0.9444,0.9583,1,1,1,0.875,1,1,0.95,1,1,1,1,1,1,1,1,1,0.9,1,1,1
"locus2882",0.9167,0.9375,1,0.9545,0.9444,1,0.9,1,0.9091,1,0.9091,0.9375,1,0.9375,0.9583,1,1,1,0.9375,0.9444,1,0.9545,0.9,1,1,1
"locus2883",0.625,0.5,0.625,0.5,0.4286,0.3571,1,0.5,0.75,0.5,0.5,0.5,0.7,0.7857,0.4375,0.9545,0.5625,0.5,0.6,0.6429,0.2,0.625,0.5,0.5,0.5,0.3571
"locus2884",0.0417,0.1429,0.2222,0.1364,0.2778,0.1818,0,0.5556,0.4,0.0625,0.0455,0.125,0.2,0.25,0.2083,0.05,0,0.1667,0.2857,0.1667,0.3333,0.0455,0.2,0.5,0.1364,0.375
"locus2885",0.9583,1,0.95,1,1,1,1,1,0.9091,1,1,1,1,0.875,1,1,1,0.8333,0.8125,0.9444,1,0.9545,1,0.9,0.9444,1
"locus2886",0.0417,0,0.05,0.0909,0,0,0,0.0556,0,0,0,0,0,0,0,0.0455,0.1667,0,0,0.0556,0,0.0455,0.05,0,0.05,0
"locus2887",0.9091,0.875,0.9286,1,1,0.9167,0.8,1,1,1,0.9545,0.9375,1,1,0.9091,1,0.9444,0.8333,0.875,1,1,0.9545,0.95,0.7,1,0.9583
"locus2888",0.2778,0.1667,0,0.1,0,0.25,0,0.3333,0.1,0.5833,0.25,0,0,0.25,0.0714,0,0.4375,NA,0.125,0.1875,0,0.3636,0.75,0.3571,0.3571,0.1
"locus2889",0.9167,0.875,0.85,0.8182,0.875,0.6364,1,0.9444,0.8182,0.9375,0.3182,0.75,0.5556,1,0.875,0.9545,0.8889,1,0.875,1,0.7857,1,0.85,0.95,0.7727,1
"locus2890",1,1,1,1,1,0.9167,1,0.8889,1,1,1,1,1,1,0.9167,1,1,1,1,1,1,0.9545,1,0.8,0.9545,1
"locus2891",1,1,1,0.9091,1,1,1,0.5556,1,1,1,1,1,1,1,1,1,1,1,1,1,0.8333,0.9,0.85,1,0.75
"locus2892",0.8182,0.75,0.7,0.6364,0.9444,0.9545,0.7,0.8333,0.7273,0.9375,0.9545,0.8125,0.95,0.75,0.75,0.7727,0.8333,0.75,0.8125,0.4375,0.7857,0.9091,0.8333,0.9,0.9091,0.9167
"locus2893",1,1,0.8889,1,1,1,1,0.9444,0.9444,0.9375,1,1,1,1,0.9583,1,1,1,0.9375,0.9444,1,1,1,0.9444,1,0.9545
"locus2894",0.375,0.25,0.2,0.45,0,0.0417,0.2,0.1429,0.2778,0,0.0455,0.3333,0,0.3125,0.25,0.1,0.625,0.3333,0.25,0.5,0.1,0.1429,0.4286,0.25,0.3571,0.375
"locus2895",0.9583,1,1,0.9545,0.7778,0.5833,1,0.6111,1,0.7857,1,0.9375,1,0.9375,0.9583,1,0.9444,1,0.9375,1,1,0.9545,0.9,1,0.9545,0.3
"locus2896",0.7917,1,1,1,1,0.9167,1,0.8889,1,1,0.9,0.9286,1,0.9375,0.9167,1,0.9444,0.8333,1,0.8889,1,0.6818,1,1,1,0.9583
"locus2897",0.875,1,1,0.6,1,0.9167,1,1,1,1,1,1,1,1,1,1,0.9444,0.8333,1,1,1,0.6364,0.9375,1,0.9545,1
"locus2898",0.8182,1,0.9,0.9545,0.9444,0.9545,1,1,0.9545,0.9375,0.9091,0.8125,1,0.875,1,1,0.8333,0.8333,1,0.8889,1,1,0.9,1,0.9091,1
"locus2899",0.75,0.9375,0.75,0.5714,1,1,1,1,0.9545,0.9167,0.9545,1,1,0.7857,0.8333,1,0.75,1,0.7143,0.7778,1,0.8636,0.9,0.8889,0.8182,1
"locus2900",0.9091,1,0.9,0.9091,0.8333,0.9091,1,0.75,0.9545,0.8571,1,1,1,1,0.9167,1,1,0.8333,0.875,1,1,1,0.9,0.9,1,0.8125
"locus2901",0.8636,1,1,1,1,1,0.9,0.9444,0.9091,1,1,0.8125,1,1,0.8182,1,0.9444,1,0.9286,1,1,0.9545,1,1,1,1
"locus2902",1,1,1,1,1,1,1,0.4286,1,1,0.9545,0.9375,1,1,0.9167,1,1,1,1,1,0.625,0.9545,1,0.95,1,0.95
"locus2903",0.5417,0.6875,0.6111,0.7273,0.9444,0.7273,0.5,0.8333,0.6364,0.625,0.7273,0.75,0.8889,0.625,0.625,0.6818,0.5,0.5,0.7143,0.6111,0.8,0.7273,0.7222,0.7,0.6,0.75
"locus2904",0.8182,1,1,0.7,1,1,0.6,0.9444,0.9091,1,0.9545,1,1,0.9375,0.9545,0.6,0.9375,1,0.9375,0.9444,1,0.9545,0.95,1,0.9545,1
"locus2905",1,1,1,1,1,1,1,1,1,0.9375,0.9545,1,1,1,1,0.9545,1,1,1,1,1,0.55,1,1,1,1
"locus2906",0,0.4375,0.1,0,0.0714,0.5,0,0.0556,0.0909,0.3333,0.2273,0,0.3571,0.1875,0.0833,0,0,0,0.125,0.2222,0.0833,0,0,0.1,0.0909,0.125
"locus2907",0.6667,0.6429,0.7222,0.8182,0.9444,0.9,1,0.9375,0.7727,1,0.9091,0.875,0.75,0.6,0.5833,1,0.75,0.5,0.7857,0.625,0.7857,0.85,0.8,0.6,0.9091,0.8636
"locus2908",0.9167,0.9375,1,1,1,0.9583,1,1,1,0.875,1,0.8125,0.85,0.9375,0.9583,1,1,1,1,0.9444,0.9286,1,0.9,1,1,1
"locus2909",0.9583,0.6875,0.95,0.6667,0.6111,0.5417,0.7,0.625,0.8636,0.8125,0.8889,0.9286,0.9375,0.875,0.9167,0.6818,0.875,1,0.7857,1,0.7143,0.7778,0.95,0.95,0.9545,0.5
"locus2910",0.9167,1,0.95,0.9545,0.9444,0.9583,1,1,0.9545,0.875,1,0.875,0.95,0.9375,1,1,0.8889,0.8333,0.9375,0.9444,0.9167,1,0.95,1,1,0.9583
"locus2911",0.7917,1,1,0.8,1,1,1,0.9444,1,1,1,0.9375,1,1,1,1,1,1,1,0.9444,1,0.9545,1,1,0.9545,1
"locus2912",0.6667,0,0,0.25,0,0,0.5,0,0,NA,0.0455,0.25,0,0.0625,0,0.9,0.4167,0,0,0,0,0.1111,0.5,0,0,0
"locus2913",0.6667,0.0714,0.3125,0.1111,0,0.0833,1,0,0.4444,0.2857,0,0.1667,0.1,0.375,0.25,0.6667,0.3889,0.8333,0.4,0.4375,0,0,0.5,0.3333,0.1429,0
"locus2914",0.0417,0,0.125,0.0455,0,0,0,0.1111,0.1818,0,0.0909,0,0,0.2143,0.3333,0,0,0,0.0833,0.0556,0,0,0,0,0.0455,0
"locus2915",0.7727,1,0.9,0.9444,1,1,0.9,0.9444,0.9091,0.9375,1,1,1,0.9375,0.9167,1,0.8571,1,0.9375,0.7778,1,0.75,0.875,1,1,1
"locus2916",0.4,0.4167,0.5,0.5,0.7143,0.45,0.1,0.5625,0.3333,0.1429,0.6364,0.3333,0.625,0.4167,0.6667,0.0455,0.0714,0.5,0.5,0.25,0.5,0.2727,0.25,0.4444,0.4444,0.7222
"locus2917",1,0.9375,1,0.8636,1,1,1,1,1,1,1,1,1,0.8125,1,1,1,1,1,0.7778,1,1,0.9,0.95,0.9545,1
"locus2918",0.2778,0,0.4,0,0,0,0,0.1429,0.1,0,0.1364,0.4286,0,0,0.25,0.0455,0.3,0.5,0.25,0,0.25,0.0714,0.2857,0.3333,0.0833,0.0417
"locus2919",0.4,0.5,0.25,0.0714,0.7143,0.5,0,0.6111,0.25,0.1667,0.5556,0.5625,0.7778,0.2857,0.5,0.3636,0.4375,0.1667,0.1667,0.1667,0.3,0.3636,0.3125,0.5625,0.5556,0.4286
"locus2920",0.85,1,1,0.8636,1,1,0.75,0.9444,1,1,1,0.9375,1,0.875,1,0.9375,0.625,0.8333,0.9375,0.8125,0.9286,0.9091,0.9167,1,0.875,1
"locus2921",1,0.8125,1,0.7727,0.9444,0.6818,1,1,0.9545,0.9375,1,1,1,1,1,1,1,1,1,1,1,1,1,1,1,0.9583
"locus2922",0.1429,0.9286,0.55,0.4444,0.6667,0.8636,NA,0.7143,0.4,0.75,0.7727,0.5714,1,0.5714,0.6,0.0833,0,0.5,0.7,0.3125,0.7857,0.55,0.25,0.5,0.75,0.7273
"locus2923",0.1364,0.5,0.1,0.3125,0.9,0.55,0.1,0.8,0.2,0.1429,0.7,0.3,0.9375,0.3125,0.375,0,0.3333,0,0.3125,0.1875,0.3,0.0909,0.0556,0.15,0.2778,0.5
"locus2924",1,1,0.95,0.8,0.8889,1,0.9,1,1,0.7857,1,1,0.85,1,1,0.9545,1,1,1,1,1,1,1,1,1,0.9167
"locus2925",1,1,1,1,0.9444,0.9583,0.5,0.8889,0.9545,1,1,1,1,1,1,0.9167,0.9444,1,1,0.9375,0.8571,1,1,1,1,0.9583
"locus2926",0.9583,1,0.95,0.9545,1,1,0.625,1,0.9,0.8125,0.9091,1,0.95,1,0.9583,0.6111,1,1,1,0.9444,1,1,0.95,0.95,1,1
"locus2927",1,1,1,1,0.875,0.5625,1,1,1,0.9375,0.6,1,1,1,1,1,1,1,1,1,1,1,1,1,1,0.9545
"locus2928",0.6818,1,0.95,1,1,1,1,1,1,1,1,0.875,1,1,1,1,1,1,1,1,1,0.4444,1,1,0.9091,1
"locus2929",1,1,1,0.8889,1,1,1,1,0.9091,1,0.9545,1,1,1,0.9167,1,1,0.8333,1,0.9444,0.7857,1,0.9,1,1,1
"locus2930",0.9583,1,1,1,1,1,0.5,1,0.85,0.9375,0.95,0.9375,1,0.875,1,0.1667,0.8333,1,1,0.9375,1,1,0.8889,1,1,1
"locus2931",0.5556,0.5,0.8333,0.5625,0.8571,0.7857,0.6667,0.7143,0.5625,0.625,0.875,0.6,0.8333,0.7,0.6875,0.8889,0.75,0.8333,0.6667,0.8,0.625,0.7778,0.6667,0.6667,0.7,0.6429
"locus2932",0.0417,0,0.15,0,0,0,0,0.0556,0.0455,0,0.1364,0,0.05,0.1875,0.0833,0,0,0,0.125,0.1111,0.0714,0,0.1,0,0.0455,0
"locus2933",0.8125,1,0.6875,0.8,0.8889,1,1,0.9286,0.6667,0.9,0.9545,0.8333,1,0.5,0.7778,1,0.6667,0.5,0.6667,0.5,1,1,0.6429,0.6429,0.8,0.7
"locus2934",1,0.875,1,0.6364,0.6875,0.875,1,1,1,0.9375,0.5455,1,0.8125,0.875,1,1,0.7778,1,0.9375,0.9444,0.8571,0.8636,0.75,1,0.9091,0.75
"locus2935",0,0.1667,0.0556,0,0.25,0,0,0.2,0.0909,0.0625,0.125,0.0625,0.1667,0,0.1667,0.0455,0,0.1667,0,0.0556,0,0,0.15,0.1,0.05,0.1667
"locus2936",1,1,1,1,0.75,0.9167,1,0.8333,1,1,1,1,1,1,0.9583,1,1,1,1,1,1,1,1,1,0.9091,0.7917
"locus2937",1,1,1,1,1,1,1,0.8333,1,1,0.9545,0.75,1,1,0.9583,0.9545,0.9444,1,1,1,0.8571,1,0.95,1,0.8182,0.9583
"locus2938",0.8636,1,0.9,1,1,1,1,1,1,1,1,1,0.95,0.9375,0.9583,1,0.8125,1,1,0.875,0.8571,1,0.95,0.8333,1,1
"locus2939",0.9583,0.8125,0.95,0.9545,1,0.9167,1,0.8889,0.9545,0.9375,0.95,1,0.95,1,0.9545,0.8636,0.9444,1,1,1,1,1,0.95,0.85,0.9545,0.7727
"locus2940",0.8182,0.75,1,0.75,1,0.5833,0.3,0.9444,0.9091,0.8125,0.875,0.9375,0.6429,0.9375,0.8333,0.2727,0.75,1,0.9375,0.9444,1,1,0.8889,0.85,0.7222,0.9091
"locus2941",0.1364,0.3571,0.4444,0.4444,0.2143,0.2,1,0.4444,0.45,1,0.5,0.3571,0.25,0.3333,0.4091,0.9545,0.3333,0.5,0.5,0.3889,0.3333,0.1364,0.35,0.5,0.25,0.5
"locus2942",0.7083,0.8125,0.65,0.5909,0.6111,0.8333,0.7,0.9444,0.6111,0.7857,0.9,0.7857,0.75,0.75,0.7083,0.9091,0.5,0.6667,1,0.5,0.6429,0.3182,0.5625,0.7,0.75,0.6818
"locus2943",0.9583,0.7857,0.6,0.7273,1,0.75,1,0.7222,0.9,1,0.9091,0.75,1,0.8125,0.6667,1,0.9444,1,0.5,0.8889,0.5833,0.8636,0.9,0.8333,0.8636,0.9091
"locus2944",1,0.9375,1,0.9545,1,0.9583,1,1,1,1,0.85,0.9375,0.5833,0.9286,1,1,1,1,1,1,1,1,0.95,1,0.9545,1
"locus2945",0,0.125,0.1,0.1818,0.5,0.3,0,0.25,0.1364,0.0625,0.3333,0,0.2778,0.0625,0.125,0,0,0.3333,0.0714,0.1111,0.2143,0,0,0.1667,0.1818,0.1667
"locus2946",0.125,0,0,0.2273,0,0,0,0,0.0455,0.0625,0.0455,0,0,0,0,0,0.2222,0,0.0625,0,0,0.0455,0.3889,0.05,0,0
"locus2947",0.2222,0.5,0.1875,0.0714,0.1875,0.4167,0.75,0.25,0.5455,0.5833,0.1818,0.0714,0.0714,0.3333,0.2857,1,0.5833,0.1667,0.375,0.1875,0,0.25,0.3333,0.5,0.1818,0.2
"locus2948",0.6818,0.875,1,0.8125,1,0.9583,1,1,0.8182,1,0.9545,0.875,0.95,0.9375,0.9167,0.9545,1,1,1,1,1,0.625,0.75,1,0.9,1
"locus2949",0.9167,0.9375,1,1,1,0.9167,1,1,1,0.9375,1,0.875,1,1,0.9583,1,1,1,0.9375,1,1,0.9545,0.9,0.8889,1,1
"locus2950",0.9583,1,0.95,1,0.9444,0.9583,1,0.9444,1,1,1,0.9375,1,1,0.875,0.9091,1,1,1,1,1,1,1,0.95,1,0.9583
"locus2951",0.8333,1,0.95,1,1,0.9583,0.9,1,0.9545,0.875,1,0.9375,1,0.7857,0.9167,0.8125,0.8333,1,0.9375,0.625,1,0.9545,0.95,1,0.9091,1
"locus2952",0.2273,0.25,0.05,0.05,0.3125,0.1818,0,0.1875,0.1364,0.0714,0.3889,0.0833,0.2143,0.1429,0,0.1364,0.1111,0.1667,0.25,0.1111,0,0.2727,0.05,0.1111,0,0.1818
"locus2953",0.9583,0.9375,0.9444,1,1,1,1,0.9444,0.9545,1,1,1,1,1,0.8182,1,1,1,0.9375,1,1,1,0.95,0.85,1,1
"locus2954",0.3333,0.625,0.45,0.55,0.7222,0.5,0,0.7857,0.7273,0.4,0.5714,0.5,0.7,0.25,0.75,0.0909,0.1875,0.3333,0.5714,0.2143,0.8333,0.625,0.4286,0.5625,0.5,0.8
"locus2955",0.9583,1,0.875,1,1,1,1,1,0.75,1,1,1,1,0.9375,0.875,1,1,1,1,0.9444,1,1,1,0.9,1,1
"locus2956",1,1,1,1,0.9444,0.9545,1,1,1,1,1,1,0.95,1,1,1,1,1,1,0.8333,0.7857,0.9545,0.95,1,0.9545,0.9167
"locus2957",1,1,1,0.7727,0.8889,0.9583,1,1,0.9545,1,0.9545,0.9375,1,1,1,1,1,1,1,1,1,1,0.95,0.95,1,0.9583
"locus2958",0.9583,0.7857,1,0.7222,1,1,1,0.875,0.8636,1,0.9167,0.9286,0.5,0.8125,0.8333,1,1,1,0.875,1,1,1,0.75,1,0.9091,0.8
"locus2959",1,0.6875,1,1,1,0.8333,1,1,1,1,1,0.9375,1,1,1,1,1,1,1,1,1,1,1,1,0.9545,1
"locus2960",0.25,0.2,0.4444,0.4286,0.2,0.3571,0.625,0.3,0.3889,0.25,0.1667,0.1667,0,0.4286,0.3182,0.3,0.4167,0.6667,0.3571,0.25,0.4167,0.25,0.1667,0.25,0.3,0.2778
"locus2961",0.6364,0.5,0.3571,0.5,1,0.7917,0.5,0.6429,0.5,0.5,0.7727,0.6429,0.75,0.5,0.625,0.2727,0.75,0.5,0.375,0.6111,0.6429,0.9091,0.6,0.65,0.5,0.9167
"locus2962",0.9167,1,1,0.9545,1,1,1,1,1,1,0.8636,1,1,0.8125,0.9583,1,1,1,1,1,1,0.9167,1,0.95,1,1
"locus2963",0.9583,1,1,1,0.875,0.9583,1,0.8571,1,0.875,1,0.9167,1,1,1,1,0.8889,1,1,0.9444,0.7,1,1,1,0.9091,0.7222
"locus2964",0.1364,0.4,0.05,0.125,0.4375,0.2,0.5,0.2,0.1364,0.4286,0.375,0.3125,0.4286,0.1429,0.125,0.35,0.1667,0.1667,0.0625,0.1667,0.3571,0.0455,0.2143,0.35,0.125,0.2778
"locus2965",1,1,0.85,1,1,1,1,1,0.9091,1,0.9545,1,1,1,0.9167,1,1,0.8333,0.6875,1,1,0.9545,1,0.9,1,1
"locus2966",0.8,0.9375,0.8333,1,0.9167,0.9167,NA,0.8333,0.8,1,0.8636,0.875,0.95,1,0.9545,0.75,0.5,0.8333,0.875,0.7857,0.625,1,0.875,0.8125,0.7778,0.8125
"locus2967",0,0,0.1,0,0,0.0417,0,0.1111,0,0,0.375,0.0625,0,0.125,0.125,0.3,0,0,0.125,0.1667,0,0,0.1,0.15,0.0455,0.0417
"locus2968",0.0417,0,0.05,0,0.0625,0,0,0,0.0455,0,0,0,0,0,0,0,0.1667,0.1667,0.125,0,0,0,0.05,0,0.2,0.0455
"locus2969",0.35,0.6429,0.8,0.1,1,1,1,0.7,0.6818,0.7857,0.8636,0.4167,0.9,0.5,0.6667,1,0.5,0.1667,0.5,0.5556,0.5,0.4286,0.1429,0.5,0.4091,0.65
"locus2970",0.9583,0.8125,1,1,0.9444,0.75,0.9,1,0.9545,0.875,0.7222,1,0.8333,1,0.9583,0.9091,0.9444,0.8333,1,0.7778,1,0.6364,0.95,1,1,1
"locus2971",1,1,1,1,0.9444,1,1,0.8889,1,1,0.9545,0.875,1,1,0.875,1,1,1,1,1,0.9286,1,1,0.9444,0.9545,0.9545
"locus2972",0.8333,0.9375,0.85,1,1,1,1,1,0.7727,1,1,1,1,0.875,0.9167,1,0.875,1,1,0.9375,1,1,1,0.8889,1,1
"locus2973",0.375,0.125,0.1875,0.45,0,0.0417,0.125,0.0556,0.1,0.0625,0.0455,0.1,0.1,0,0.25,0,0.2857,0.1667,0.2143,0.1875,0,0.5833,0.3333,0.0556,0.15,0.0417
"locus2974",0.0417,0,0,0,0,0.0417,0,0,0.0455,0,0,0,0,0,0,0,0,0,0.1875,0,0,0.1111,0.05,0,0.1364,0.0417
"locus2975",0.9583,1,0.85,1,1,1,1,1,0.8,1,1,1,1,0.625,0.65,0.9545,1,1,0.75,0.8333,0.8571,1,1,0.8333,0.7727,0.9167
"locus2976",1,1,1,0.6111,1,1,1,1,1,1,1,1,1,1,1,1,1,0.8333,1,1,0.9286,0.9545,1,1,1,1
"locus2977",0.9545,1,0.95,1,0.9444,1,1,0.9444,1,1,1,0.8571,1,0.9375,1,0.9091,0.7222,1,1,0.8333,1,1,0.95,1,1,1
"locus2978",0.9583,1,1,1,1,1,1,0.8889,1,1,1,1,1,1,0.9583,0.9545,0.9444,1,1,1,0.9286,1,1,1,1,0.75
"locus2979",0.875,0.9375,0.85,0.8889,0.9444,0.7083,0.3333,0.7778,0.9091,0.5,0.8636,0.7857,0.9,0.8125,0.7,0.5909,0.75,0.8333,0.6875,0.7222,0.7857,1,0.6,0.85,0.85,0.8636
"locus2980",0,0.3571,0.15,0.0909,0.1875,0.1667,0,0.2222,0.1,0.0625,0.1818,0,0.2222,0,0.125,0,0,0.1667,0.25,0,0.1429,0,0.05,0.2222,0.0455,0.4167
"locus2981",1,1,1,1,1,0.9583,1,1,1,1,0.6429,1,0.7857,1,1,1,1,1,1,1,1,1,0.95,0.95,0.9545,1
"locus2982",0.9545,0.9375,0.5,1,1,0.9583,1,0.9444,0.375,1,1,1,1,0.5,0.5833,1,1,1,0.5,0.8333,0.7857,1,1,0.625,0.8,1
"locus2983",0.875,0.875,0.9,0.9545,1,1,1,1,1,1,1,0.9375,1,1,1,1,1,1,1,1,1,1,1,0.75,1,1
"locus2984",0.9167,1,0.9444,0.8,1,0.95,1,0.75,0.9091,0.8125,0.875,1,0.8333,0.8571,0.9583,1,0.7857,0.8333,0.9286,1,1,0.9091,0.75,0.8,1,1
"locus2985",1,1,1,1,1,1,0.1,1,1,1,1,1,1,0.9375,1,0.8,1,1,1,0.7222,1,1,1,1,1,1
"locus2986",1,1,1,0.85,1,0.9583,1,1,1,1,1,0.9375,1,0.7143,0.9167,0.9545,1,1,0.9375,1,0.9286,1,1,0.9,1,1
"locus2987",1,1,1,1,0.875,1,1,1,1,0.9375,0.75,1,0.8,0.875,1,1,1,1,1,1,1,1,1,1,0.9545,0.9167
"locus2988",0.7083,1,0.6111,1,1,1,0.75,0.4286,0.45,0.8571,0.9091,0.8125,1,0.5,0.8333,0.7727,0.9444,1,0.7143,0.8889,0.6667,1,1,0.6875,0.9091,0.4375
"locus2989",0.8636,0.875,0.9,0.9091,1,1,1,1,0.7727,0.7857,0.9545,1,1,1,0.9583,0.8,0.9444,1,0.9375,0.9444,1,1,0.95,0.9,1,1
"locus2990",1,1,1,0.9545,1,0.9583,0,0.8889,1,0.5,0.9545,1,1,0.875,1,0.0909,0.8571,1,1,0.8571,1,1,1,0.85,0.85,1
"locus2991",0.8636,0.4286,0.7,0.75,0.4167,0.3333,0.9,0.5,0.7273,0.75,0.5455,0.3571,0.25,0.5833,0.5417,0.6364,0.8333,0.3333,0.625,0.5,0.5,0.5909,0.6111,0.6,0.5909,0.375
"locus2992",0.8333,0.8125,0.8125,0.5,0.8,0.8571,0.7,0.6875,0.8,0.8,0.75,0.9167,0.7778,1,0.9545,0.5714,1,1,0.9286,0.9,1,0.5,0.875,1,0.75,0.7222
"locus2993",1,1,0.95,0.6364,0.9444,0.9583,1,1,0.9091,0.9375,0.8636,0.9375,1,0.875,1,1,1,1,1,1,1,1,1,1,1,0.9167
"locus2994",1,0.9375,1,1,1,0.9545,1,0.9444,0.8636,1,0.9091,0.9375,1,1,0.9583,1,1,1,1,0.9444,1,1,1,0.65,1,1
"locus2995",0,0.125,0,0,0.1667,0.125,0,0,0,0,0,0,0,0,0,0,0,0.1667,0,0,0,0,0,0.05,0.0455,0
"locus2996",0.9167,1,1,1,1,1,1,0.9444,1,0.8125,1,1,1,1,1,1,0.8889,1,1,1,1,1,0.9,1,0.85,1
"locus2997",0.9167,0.6429,1,0.9091,1,0.75,1,0.9167,1,1,0.5,1,0.7,0.9375,1,1,1,0.8333,1,1,0.8333,0.9545,0.9444,0.95,1,0.6667
"locus2998",1,1,0.95,1,0.9444,0.9583,1,0.8889,0.9545,1,0.9545,1,0.95,0.9375,1,1,1,0.8333,0.9375,0.9375,1,1,1,0.95,0.95,0.9545
"locus2999",0.7778,0.125,0.25,0.3125,0.1875,0.125,0.5,0.25,0.4286,0.125,0.2143,0.5,0.2222,0.25,0.2,0.5455,0.4375,0.3333,0.0714,0.3889,0.3571,0.95,0.6111,0.125,0.4091,0.3182
"locus3000",0.8333,1,1,0.9545,1,1,0.25,0.9375,0.9545,0.9375,1,1,0.9,0.875,1,0.5714,1,1,0.9375,1,1,1,0.95,0.95,1,1
"locus3001",1,0.75,1,0.95,1,0.9583,1,1,1,1,1,1,0.875,1,1,1,0.8889,1,1,0.9444,1,1,1,1,0.95,0.9167
"locus3002",1,0.5714,0.85,0.9545,1,0.45,1,0.9444,1,0.9286,0.5,1,0.6111,1,0.9545,1,1,1,0.625,1,0.9286,1,1,0.95,0.9,1
"locus3003",0.0417,0.0625,0.05,0.1364,0,0.0417,0,0.1111,0.0909,0.0714,0,0,0.0556,0,0.0417,0,0,0,0,0,0,0,0,0,0.0455,0.0417
"locus3004",1,1,1,1,1,1,1,1,0.9545,0.9375,1,0.9375,1,1,1,1,0.7778,0.5,0.9375,1,1,1,0.9444,1,1,1
"locus3005",0.6111,0.875,1,0.6875,1,0.9583,NA,1,0.9091,0.8333,1,0.8125,1,0.5625,1,1,0.5833,1,1,0.9444,1,1,0.5,0.9,1,1
"locus3006",0.9583,1,0.9,1,1,1,1,0.8889,0.9545,0.9375,1,1,1,0.9375,0.9167,0.85,1,0.8333,0.9286,1,1,1,1,0.95,1,0.9583
"locus3007",0.9091,1,1,1,1,0.9583,1,0.9444,1,1,0.9545,1,1,1,1,1,1,1,1,1,1,0.5,1,1,1,0.9583
"locus3008",0.7727,0.7143,0.7778,0.8,0.75,0.7083,0.6,0.8889,0.7727,0.8125,0.6667,0.8333,0.7143,0.75,0.6818,0.85,0.7778,0.6667,0.7143,0.8333,0.8571,0.8889,0.7778,0.6667,0.6875,0.6818
"locus3009",0.125,0,0.05,0.3636,0,0.0833,0,0.25,0.05,0.1875,0,0.2143,0,0.1667,0.0455,0,0.1667,0,0.25,0.1111,0.1667,0.3333,0.3571,0.0556,0,0.0714
"locus3010",1,0.9375,1,1,1,0.9583,1,0.8889,1,1,1,1,0.85,1,1,1,1,1,0.9375,1,1,1,1,0.85,0.95,1
"locus3011",1,1,0.95,0.7222,1,1,1,0.8333,1,1,1,1,1,1,1,1,0.8333,0.8333,1,0.9375,0.9286,1,1,1,0.8182,0.9583
"locus3012",1,1,1,1,1,1,1,0.5625,1,1,1,0.875,1,1,1,1,1,1,1,1,0.7,1,1,1,0.9545,0.7857
"locus3013",0.75,0.9375,1,0.9091,1,1,0.375,0.9444,0.9545,1,0.9545,0.875,1,0.9286,0.9167,0.95,0.9375,0.8333,0.8571,0.8125,1,0.8636,0.6667,0.95,0.7778,0.9545
"locus3014",0.9583,0.875,0.9,0.95,0.9444,1,1,0.9444,1,0.9286,1,1,0.95,0.875,0.8333,1,1,0.8333,0.8571,0.8889,0.8571,0.5625,0.6875,0.8,0.9091,0.9583
"locus3015",0.0417,0.5,0.2,0,0.7778,0.5,0,0.7143,0.3125,0.0714,0.4444,0.5,0.4,0.1,0.2778,0,0,0.25,0.5,0.0556,0.6429,0.0455,0.1111,0.2143,0.1875,0.65
"locus3016",1,1,1,1,0.75,1,1,0.6111,1,1,0.9545,1,1,1,1,1,1,1,1,1,1,0.9545,1,1,0.9545,0.5833
"locus3017",0.9583,1,0.95,0.7778,1,1,1,1,1,1,0.9545,1,1,1,0.9583,1,1,0.8333,0.875,1,0.8571,1,0.8,0.95,1,1
"locus3018",1,0.9375,0.9375,1,0.9,0.9545,1,0.8333,1,1,0.9545,0.9,1,1,0.7222,1,0.7778,NA,0.8571,1,0.75,0.7143,0.9,0.8333,0.8333,0.8
"locus3019",0.9583,0.9375,0.95,1,1,0.9583,0.6667,1,1,1,1,1,1,0.875,1,0.75,1,1,1,1,1,0.7778,0.9,1,1,1
"locus3020",1,1,0.95,0.9545,1,0.8636,1,1,0.9545,1,0.8333,1,0.85,1,0.9583,1,1,1,1,1,0.9286,1,1,0.95,0.9545,1
"locus3021",1,1,1,1,1,1,0.5,1,0.9545,1,1,1,1,1,1,0.65,1,1,0.9375,1,1,1,1,1,1,1
"locus3022",0.5,0.75,0.7778,0.9545,0.8333,0.875,0.75,0.75,0.5556,0.8125,0.75,0.875,0.625,0.75,0.6364,0.8125,0.6875,0.5,0.625,0.6429,0.75,0.5,0.7222,0.8333,0.6111,0.7917
"locus3023",0,0,0.05,0,0.4167,0.25,0,0.1667,0.0909,0,0,0,0.25,0,0,0,0,0,0,0,0,0,0.05,0.1,0,0.5
"locus3024",1,0.875,1,1,1,0.875,1,0.8889,1,0.9375,0.85,0.9375,0.875,1,0.9583,0.9545,1,1,1,1,0.8571,0.9091,0.95,1,1,1
"locus3025",0.9583,1,0.6667,0.9545,1,1,1,1,1,1,0.9545,1,1,1,0.75,1,1,1,0.8,1,1,1,1,1,1,0.9583
"locus3026",0.75,0.9286,0.6,0.7273,1,0.9167,0.9,0.9375,0.7,1,0.9,0.8571,1,0.7143,0.5417,1,0.7778,0.6667,0.7143,0.5556,0.875,0.5,0.8,0.6111,0.6,0.9167
"locus3027",0.9375,1,0.8889,1,1,1,1,0.9444,0.8125,1,1,0.9375,1,1,0.9091,1,0.75,0.8333,0.875,0.9286,1,1,0.85,0.95,0.9,1
"locus3028",0.9545,0.5,0.75,0.4286,0.9286,0.5455,1,0.7143,0.8,0.7857,0.5,0.6667,0.25,0.6875,0.7727,1,1,0.6667,0.7143,0.7778,1,0.9091,0.85,0.6875,1,0.8182
"locus3029",0.2083,0.0625,0.15,0,0,0,0,0,0.0909,0,0,0.1875,0,0,0.0833,0,0,0,0.1875,0,0,0.15,0,0.25,0,0
"locus3030",1,0.8125,0.8333,1,1,1,1,0.9444,0.9545,1,1,1,1,0.875,0.8125,1,1,1,0.75,1,1,1,1,1,0.9545,1
"locus3031",0.9091,0.9375,1,0.8125,1,1,1,1,0.9091,0.875,0.8636,0.75,1,1,0.875,1,1,0.6667,0.8571,0.9444,1,0.65,0.8125,1,0.9545,1
"locus3032",0.3,0.3125,0.2222,0.4,0.9444,0.8182,0,0.7222,0.15,0.0625,0.6429,0.6667,0.7,0.1667,0.1667,0,0.1,0,0.1875,0.2222,0.2143,0.5455,0.5,0.35,0.4545,0.7083
"locus3033",0.9583,0.9375,0.95,1,1,0.9583,1,0.8889,0.9091,0.9375,1,0.8125,1,0.875,0.9545,1,1,1,0.9375,0.8889,0.9286,1,1,0.95,0.9545,1
"locus3034",0.8333,0.9375,0.8,0.6818,1,0.9167,1,1,0.9091,1,0.9545,0.9375,0.9,0.9375,0.9091,0.9091,0.8333,0.8333,0.75,0.8333,1,1,0.9,0.8333,0.8636,1
"locus3035",0.9583,0.9375,0.8,1,1,1,0.5,1,0.9545,0.9375,1,1,1,1,0.9583,0.5909,1,1,1,1,1,1,1,0.95,1,1
"locus3036",0.8182,1,0.95,1,0.9444,0.9583,1,0.9444,0.9545,1,1,1,1,1,0.9167,1,0.8889,1,0.9375,0.9444,0.9286,1,1,1,1,0.9167
"locus3037",0.7917,0.8333,0.5714,0.4444,0.875,0.9583,0.4,0.8571,0.5833,0.5,0.85,0.8333,0.8,0.8,0.6667,0.4,0.8333,0.6667,0.8571,0.8333,0.6429,0.2727,0.5833,1,0.8636,0.7273
"locus3038",0.8889,1,0.875,1,1,0.9167,1,0.9444,0.7857,1,1,1,0.95,0.7857,0.7917,1,0.8125,0.8333,0.7857,0.9,0.8571,0.3,1,1,0.8333,1
"locus3039",0.9583,1,0.8,1,1,1,1,0.9444,0.9091,1,1,1,1,1,0.75,1,1,1,0.875,1,1,1,1,1,1,1
"locus3040",0.95,0.8125,1,1,0.9444,1,1,1,0.6818,0.8125,0.9545,0.9375,0.95,1,0.9167,0.9545,0.6875,0.75,0.9375,0.8333,1,0.9545,0.85,0.95,0.6818,0.7917
"locus3041",0.9583,1,1,1,1,0.9583,0.7,1,0.8,0.9286,0.9545,1,1,1,1,0.3182,0.9444,1,1,0.875,1,1,0.95,1,1,1
"locus3042",1,1,0.95,0.9091,1,1,1,0.9444,1,1,1,1,1,1,0.875,1,1,0.5,0.9375,1,0.9286,0.8182,1,0.8,0.9545,1
"locus3043",0.9583,0.9375,1,1,1,0.9583,0.7,1,0.9545,0.9286,1,1,1,0.9375,1,0.7727,0.9444,1,1,0.9444,1,1,1,1,1,1
"locus3044",0.7083,1,0.9,0.8333,1,0.9583,1,0.625,1,1,0.9091,0.625,1,0.9286,0.75,0.9545,1,0.8333,0.9375,1,0.7,0.9545,0.9167,0.9,0.9286,0.6
"locus3045",0.875,1,0.9,1,0.8889,0.9091,1,1,0.9091,1,0.8636,1,1,0.9375,1,1,1,1,1,1,1,1,0.75,1,0.9545,1
"locus3046",0.9583,0.9375,0.7222,0.9545,1,0.9167,1,1,0.8182,1,1,0.9375,1,0.875,0.9545,0.9545,0.9444,1,0.9167,0.9444,0.9286,1,1,0.8889,0.9545,0.9583
"locus3047",0,0.0625,0,0,0.3125,0.2917,0,0.4375,0,0,0.3636,0,0.1,0,0,0,0,0,0.0625,0,0.3333,0,0.05,0,0.3636,0.0455
"locus3048",0.7778,0.5,0.625,0.6429,1,0.5,1,0.8333,0.4,0.7857,0.5,0.75,0.625,0.5,0.6875,0.8333,0.875,0.8333,0.5,0.6,0.8,1,1,0.5,0.8571,0.9286
"locus3049",0.9583,0.875,1,1,1,0.9583,1,1,1,0.875,1,1,1,0.9375,1,1,0.7778,1,1,1,1,0.9545,1,1,1,1
"locus3050",1,1,1,0.8182,1,1,1,1,1,1,1,1,1,1,1,1,0.8333,1,1,0.7778,1,1,0.9444,0.85,1,1
"locus3051",0.5714,0.3571,0.6111,0.9167,0.2857,0.5909,0.5,0.4375,0.5556,0.375,0.7727,0.5,0.35,0.625,0.5556,0.5455,0.5,1,0.4286,0.6875,0.9167,0.8333,0.3571,0.6667,0.5556,0.4583
"locus3052",1,1,0.95,0.9545,1,0.9583,1,1,0.9545,1,1,0.8571,1,1,0.9583,0.9545,1,1,1,1,0.9286,1,0.85,1,0.9545,1
"locus3053",0.9167,1,0.6875,1,1,1,1,1,0.25,1,0.9545,1,1,0.9167,0.6667,0.9545,1,0.25,0.5625,0.7778,1,1,0.95,0.5,1,1
"locus3054",0.8889,0.8125,0.7143,0.9375,1,0.7917,1,0.8889,0.7778,0.7,0.9545,0.5714,1,0.8125,0.8182,1,0.9286,0.5,0.9167,0.8889,0.6667,1,0.8333,0.8125,1,0.9091
"locus3055",0.875,1,0.9,0.9545,1,1,1,0.9444,1,1,1,1,1,0.9375,0.9583,1,0.6111,0.8333,1,1,1,1,1,1,1,0.9583
"locus3056",1,1,0.6667,1,1,0.9583,0.4,0.8333,0.8889,0.875,0.9091,1,1,0.8571,0.7917,0.6667,0.8125,1,0.875,0.9375,1,1,1,0.8,0.9091,1
"locus3057",0.0417,0.0625,0.2,0,0,0.0417,0,0,0.0455,0.0625,0,0.125,0,0.125,0.1667,0,0.1875,0,0.0714,0,0,0,0,0.1111,0,0.0833
"locus3058",0.9583,0.9375,0.8333,1,0.9444,1,1,1,1,1,1,0.9375,1,1,1,1,0.8889,1,0.8125,0.9444,1,1,1,0.95,1,0.9583
"locus3059",0.875,1,0.9444,0.8,1,0.8333,1,0.9375,0.9091,0.875,1,0.875,1,0.875,0.7727,0.9091,0.875,1,0.8571,0.8333,0.7857,0.7778,0.95,0.9,1,1
"locus3060",1,0.9,0.8889,1,0.75,0.5,1,0.75,0.9091,0.9375,0.5,1,0.5,0.9375,0.8333,0.9545,0.9444,1,1,1,0.7,1,1,0.6875,0.85,0.9583
"locus3061",0.9583,1,1,1,1,0.9583,0.8,1,1,1,1,1,0.9,1,1,1,1,1,0.9375,1,1,1,1,0.95,1,0.9167
"locus3062",0.9167,0.875,0.7857,0.9545,0.9444,0.9167,0.8,1,0.8182,1,0.8636,1,1,0.75,0.7273,1,0.8889,1,0.9167,0.8,0.9286,1,1,0.9444,0.9545,1
"locus3063",1,1,1,1,0.9444,0.8333,1,1,1,0.9375,0.9091,1,1,1,0.9583,0.9091,1,1,0.9375,1,0.9286,1,0.95,1,1,1
"locus3064",0.25,0.375,0.0556,0.1,0,0.25,0,0.0833,0.0625,0.3,0.55,0.25,0.5,0.25,0.375,0.0455,0.2143,0.1667,0.3571,0.2,0.0714,0,0.2143,0.2857,0.125,0.2222
"locus3065",1,1,0.95,1,1,1,1,0.8333,0.9545,1,1,0.875,1,1,0.9583,1,1,1,1,1,0.8571,1,1,1,0.95,1
"locus3066",0.8182,1,1,0.7273,0.8889,0.875,1,0.9444,0.9091,1,1,0.875,1,0.75,0.875,0.9091,1,1,1,1,1,0.5,0.875,1,0.9545,1
"locus3067",0.4583,0.9375,0.75,0.6364,1,0.9583,0.9,0.6875,0.6364,0.8125,0.9,0.75,1,0.7143,0.8333,0.9091,0.5556,0.8333,0.8125,0.5714,0.8571,0.6364,0.5556,0.6,0.55,0.9091
"locus3068",0.9583,0.875,0.9,0.9545,1,0.9583,1,1,0.8636,1,0.65,1,0.7778,1,0.9167,1,1,1,1,0.9444,1,1,0.9,0.95,1,1
"locus3069",0.9583,0.9375,0.9,1,1,1,1,1,0.9,1,1,1,1,0.75,1,1,1,1,0.875,0.6667,1,1,0.95,1,0.8636,1
"locus3070",1,1,1,1,1,1,1,0.8889,0.9545,1,1,1,1,1,0.8333,1,1,1,0.8571,1,0.9286,1,1,1,1,0.9167
"locus3071",0.7727,1,1,0.9545,1,1,1,1,1,1,1,0.9375,0.95,1,1,1,1,1,1,1,1,0.9545,0.6667,1,0.8636,1
"locus3072",0.75,0.5833,0.6111,0.5,0.5,0.2222,0.625,0.625,0.5,0.7143,0.2857,0.5,0.1667,0.7857,0.7,0.6111,0.625,0.5,0.6875,0.5714,0.7,0.625,0.6667,0.6111,0.6111,0.5
"locus3073",0.8,1,1,1,1,1,0.3333,1,0.9091,0.9375,1,1,1,1,1,1,0.6875,1,0.9375,0.8333,1,0.9091,0.95,1,0.9545,1
"locus3074",0.8636,1,0.95,0.9545,1,1,0.7,0.8889,0.75,0.9375,0.9545,1,0.9444,0.9375,1,0.8333,0.9444,1,0.9375,0.8889,1,0.9545,1,1,0.95,1
"locus3075",0.9583,1,0.95,1,0.9444,1,1,0.8889,0.8636,1,0.9091,0.9375,0.9,1,0.9583,0.9545,1,1,0.9375,1,1,1,0.95,0.95,0.9545,0.9545
"locus3076",0.4,0.8333,0.8125,0.625,0.9444,0.9545,0.375,0.8333,0.4545,0.125,0.95,0.5833,0.9,0.5,0.85,0.2727,0.1429,0.75,0.7857,0.6875,1,0.1875,0.2857,0.75,0.3889,0.9286
"locus3077",0,0,0.1,0.0455,0,0.0833,0,0.1429,0.0455,0.0625,0.0455,0,0,0.1875,0.0833,0,0.0556,0,0.0625,0.0556,0.1429,0.0455,0,0.0556,0,0.0833
"locus3078",0.2917,0.9375,0.7857,0.7857,0.9444,0.7917,0.375,0.6875,0.7778,0.3333,0.9545,0.5,1,0.5833,0.7,0.35,0.3125,1,0.6,0.3333,0.9167,0.5,0.7,0.65,0.6,0.8
"locus3079",0.9167,0.9286,1,1,1,0.9545,0.5,1,0.9,0.4,1,1,1,1,1,0.5,1,1,1,0.7857,1,1,0.9444,1,1,1
"locus3080",1,1,0.95,1,0.9444,0.85,1,0.9444,1,1,0.8333,1,0.9375,1,1,1,1,1,1,0.9444,0.9286,1,1,1,0.9091,1
"locus3081",0.6111,0.75,0.5833,0.2143,0.75,0.95,0.1,0.9375,0.4444,0.5,0.7222,0.5,0.9286,0.5714,0.5,0.0455,0.5,0.25,0.5,0.2778,1,0.9444,0.5625,0.5625,0.7143,1
"locus3082",0.9167,0.8571,0.5625,0.8889,1,0.7727,1,1,0.75,0.75,0.7727,0.75,0.5625,0.75,0.5455,1,1,0.5,0.6,0.875,NA,0.95,1,0.5,0.9545,1
"locus3083",1,1,0.9,1,1,1,1,0.9286,1,0.875,1,1,1,0.9375,1,0.6875,1,1,0.875,0.9444,1,0.9545,1,1,1,1
"locus3084",1,0.9375,1,1,0.9444,1,0.8,1,1,0.9375,0.9545,1,0.8,1,0.9583,0.9091,0.9444,1,1,1,1,0.75,0.9,1,1,0.9167
"locus3085",0.625,1,1,1,1,1,1,1,1,1,1,1,1,1,1,1,0.8571,1,1,0.7778,1,0.9091,1,1,0.7273,1
"locus3086",0.9583,1,1,0.9545,0.8889,0.875,1,0.9444,0.9545,1,0.8636,0.9375,0.95,1,1,1,1,1,1,1,0.7857,1,1,0.95,1,0.875
"locus3087",1,1,0.85,0.9545,0.9444,0.9583,1,0.8889,0.9091,0.8125,1,1,1,1,0.9583,1,1,1,0.8125,0.8333,0.9286,1,0.95,0.9,1,1
"locus3088",1,1,0.7778,0.9545,0.9444,0.9583,1,0.8,1,1,1,0.75,1,1,0.8182,1,1,1,0.7857,0.8333,0.75,0.625,0.9286,0.8333,0.5714,1
"locus3089",1,1,0.9,0.9545,0.9444,1,1,1,0.8636,0.9375,1,1,0.65,0.875,0.9583,1,1,0.8333,0.9375,0.9444,1,1,1,1,1,1
"locus3090",1,0.6429,1,1,1,0.9583,1,0.9444,1,0.875,1,1,0.85,0.9375,1,0.9545,1,1,1,0.9444,1,1,1,0.95,0.9545,0.8333
"locus3091",0.15,0.5,0.5,0,0.75,0.75,0,0.8,0.3125,0.6,0.375,0.625,0.5,0.3,0.5909,0,0,0,0.2143,0.2222,0.75,0.0455,0.1429,0.4286,0.25,0.8636
"locus3092",0.4,0.6875,0.5,0.4091,0.5,0.7,1,0.625,0.4545,0.5,0.5455,0.4167,0.7857,0.5,0.6,0.7143,0.6875,0,0.375,0.6667,0.5,0.5625,0.45,0.4375,0.3636,0.9444
"locus3093",0.9167,0.9375,0.7778,0.8636,1,0.8333,1,0.9444,0.75,0.9375,0.8,0.875,0.95,0.875,0.8333,1,0.8889,1,0.75,0.9375,0.7857,0.9091,0.9,0.8,0.9545,0.875
"locus3094",1,1,1,0.9545,1,1,0.4,0.9444,0.9545,0.6875,1,1,0.95,0.9375,1,0.8182,1,1,0.9375,0.7222,1,1,1,1,1,0.9583
"locus3095",1,1,1,1,1,1,1,1,1,1,1,1,1,0.9375,1,1,1,1,1,1,1,0.5,1,1,0.8182,1
"locus3096",0.9583,1,1,0.9545,0.9444,1,1,1,1,0.9375,1,1,1,1,1,1,0.8889,1,1,1,0.8571,1,0.9,0.9444,0.8636,1
"locus3097",1,1,1,0.9545,1,1,0.9,0.9444,0.9091,1,1,1,1,1,1,1,0.9444,1,1,0.9444,1,0.8636,1,1,1,1
"locus3098",0.8125,0.9375,0.8333,0.6875,1,0.95,0.875,0.6875,0.8,0.8333,0.7,1,0.9444,0.8571,0.875,0.85,0.9167,1,0.8571,0.8333,0.6,1,0.95,0.8571,1,0.6818
"locus3099",1,1,1,0.9091,1,0.875,1,1,0.9545,1,0.8636,0.9375,1,1,1,1,1,1,1,1,1,1,1,0.8,1,0.9545
"locus3100",0.5,0.375,0.3571,0.6429,0.5,0.2,0.25,0.4375,0.5714,0.1667,0.25,0.3333,0,0.1667,0.4375,0.25,0.125,0.5,0.375,0.4,0.5833,0.5,0.5,0.2778,0.25,0.3182
"locus3101",1,1,0.85,1,1,1,1,0.8333,0.9091,1,1,0.8125,1,1,0.9167,1,1,1,0.9375,1,0.8571,1,1,1,1,1
"locus3102",1,1,1,1,1,1,1,0.8889,1,1,1,1,1,0.9375,1,1,1,1,0.9375,0.9444,0.8571,1,1,1,1,0.7917
"locus3103",0.8333,1,1,1,0.9444,1,1,1,1,1,1,1,0.95,1,1,1,0.4,1,1,1,1,0.75,0.75,1,1,1
"locus3104",0.3,0.25,0.15,0.3125,0.1667,0.2778,0,0.1429,0.125,0.1,0.2857,0.1,0,0.2857,0.2727,0.25,0.375,0,0,0,0.2,0.5,0.5,0.125,0,0.2143
"locus3105",0.9583,1,1,0.6364,1,1,1,1,1,1,1,1,1,1,1,1,1,1,0.9375,1,1,0.8125,0.8333,1,0.9545,1
"locus3106",0.7222,0.8125,0.3571,0.8333,1,0.9167,0.5,0.75,0.55,0.3571,0.9444,0.7,0.95,0.4375,0.5,0.5,0.7857,0.8333,0.75,0.5625,0.75,0.2778,0.9375,0.6429,0.85,0.6875
"locus3107",1,1,1,0.8,1,1,1,1,1,0.9375,1,1,1,0.875,1,1,1,1,1,0.8889,1,1,0.9,0.9,0.9091,1
"locus3108",1,1,1,1,1,1,1,0.8889,1,0.875,1,1,1,1,0.9167,1,1,1,0.9375,1,0.9286,0.9545,0.95,0.85,1,1
"locus3109",1,1,1,1,1,0.9167,0.9,1,1,0.625,0.9545,1,1,1,0.9583,0.35,1,1,1,1,1,1,0.95,1,1,0.9583
"locus3110",1,0.875,0.9,1,1,1,1,1,1,1,1,0.875,1,1,0.875,0.9545,1,0.8333,0.9375,0.9444,0.9286,1,0.9444,1,1,1
"locus3111",0.8333,1,0.75,0.8889,1,0.9167,0.75,0.8889,0.9444,0.75,0.9091,0.8,1,0.5833,0.9444,1,1,1,0.75,0.7857,1,0.9545,0.85,0.875,0.8,0.9583
"locus3112",0.9583,1,1,0.75,1,1,1,1,1,1,0.95,0.875,1,1,1,1,0.7222,0.8333,1,0.9444,1,0.9545,1,1,0.9545,1
"locus3113",0.9583,0.9375,0.7778,1,1,0.875,1,0.8889,0.9545,0.9375,0.9545,1,1,0.75,0.7273,1,1,0.8333,0.75,0.9444,0.9167,1,0.95,0.8333,1,0.875
"locus3114",0.55,0.75,0.625,0.5,1,0.875,0.375,0.6667,0.2222,0.7857,0.65,0.375,0.8571,0.5625,0.5909,0.625,0.3889,0.75,0.5833,0.625,0.6,0.875,0.4444,0.5714,0.5,0.8
"locus3115",1,0.9286,0.8,1,0.9444,0.9583,1,0.7778,1,1,1,0.875,1,1,0.9167,1,1,0.8333,0.875,1,0.6429,0.9545,1,0.8889,0.9545,0.7917
"locus3116",1,0.6875,1,1,1,0.9583,1,1,0.9545,1,1,1,1,1,0.9167,1,1,1,1,1,1,0.9545,1,1,1,0.9167
"locus3117",1,1,0.6111,1,1,1,1,1,1,1,0.9545,1,1,1,0.6818,1,1,1,0.9375,1,0.8571,1,1,1,0.9545,1
"locus3118",1,1,1,1,1,1,0.875,1,0.9091,1,0.9091,1,0.9,1,1,0.9091,1,0.8333,1,1,1,1,1,0.95,0.9091,0.875
"locus3119",0.8,1,1,0.8636,1,1,1,1,0.9,0.8125,1,1,1,0.875,0.9167,0.7778,0.6667,0.5,1,0.8125,1,1,1,0.9375,0.7273,1
"locus3120",0.9583,0.8125,0.95,1,1,0.9167,1,1,0.9091,1,0.9091,1,1,0.875,0.9167,1,1,1,1,0.9444,1,1,1,1,1,1
"locus3121",0.9583,0.9375,1,1,1,0.7222,1,0.9444,1,0.875,0.95,1,0.875,1,0.9583,1,1,1,0.8125,0.9444,0.7857,1,1,0.95,1,0.9167
"locus3122",0.6818,0.4167,0.7143,0.3182,0.875,0.7,1,0.6,0.5,0.5,0.875,0.9,0.75,0.5714,0.6875,1,0.5714,0.6667,0.6667,0.625,0.625,0.75,0.6429,0.6429,0.8333,0.85
"locus3123",0.9583,1,0.9,0.9545,0.9375,0.9167,1,0.9444,1,1,0.9545,0.9375,0.8333,1,0.9167,1,1,0.6667,0.9375,1,1,1,1,0.95,0.9545,0.9583
"locus3124",1,1,1,1,0.9444,1,1,0.8889,0.9545,1,0.8636,1,0.9,0.9375,0.9583,1,1,1,0.9375,1,1,1,1,0.95,1,1
"locus3125",0.9583,0.6875,0.85,0.55,0.9444,0.7917,1,1,1,0.875,0.7778,0.9375,0.9,0.8125,0.9167,1,0.9444,0.6667,0.8125,0.9444,1,0.9545,0.75,0.7778,0.9091,0.8333
"locus3126",1,1,0.95,1,0.9444,1,1,1,1,1,1,1,1,1,0.9167,1,1,1,0.9375,0.9375,1,0.9545,0.85,1,1,0.85
"locus3127",0.5,0.9375,0.875,0.4545,1,0.9583,0,0.9444,0.7143,0.25,0.8,1,0.9,0.6667,0.7778,0.0455,0.5833,1,0.7857,0.5833,0.75,0.5,0.7143,0.7222,0.9,1
"locus3128",1,1,1,1,0.8333,0.8125,1,1,0.9545,1,0.6,1,0.5,1,1,1,1,1,1,1,1,1,1,1,1,1
"locus3129",0.6,0,0.3333,0.95,0,0,0,0.0556,0.5,0,0.0455,0.1667,0,0.2857,0.4091,0,0.5,0.6667,0.5,0.4375,0,0.1,0.6111,0.8,0.0833,0.0455
"locus3130",0.0833,0.0625,0.05,0,0,0.0417,0.2,0.0556,0.1364,0.125,0.1429,0,0.2143,0,0,0,0.1111,0,0.0625,0,0,0,0.05,0.25,0.0455,0
"locus3131",1,1,0.95,0.9091,1,1,1,1,0.95,0.9375,1,0.875,1,1,0.9167,0.9545,1,0.8333,1,1,1,0.8182,0.9,1,1,0.9583
"locus3132",0.8333,1,1,0.9545,1,1,1,0.875,1,1,0.9545,1,1,1,0.9167,1,0.9444,0.8333,0.9375,0.9444,0.8571,0.8636,0.9,0.9,0.9091,1
"locus3133",0.9583,0.8125,0.85,1,1,0.7917,1,0.8889,1,0.9375,1,0.8125,0.85,0.8125,1,0.9545,0.7778,0.8333,0.8125,1,0.8571,0.9545,0.95,1,1,0.8636
"locus3134",0,0,0,0.0455,0.2778,0.0909,0,0,0,0,0.3333,0,0.1875,0,0,0,0,0,0,0,0,0,0,0.15,0,0
"locus3135",0.8182,1,1,0.5625,1,0.9583,0.7,1,0.9091,1,1,0.8333,0.95,0.9286,0.9583,1,1,0.8333,0.9375,1,1,0.9545,0.8889,1,0.7727,1
"locus3136",0.55,0.8333,0.5625,0.3889,0.5,0.6667,0.875,0.5,0.6667,0.4286,0.6,0.5,0.75,0.7143,0.65,0.5,0.5,0.3333,0.6429,0.7222,0.5,0.5455,0.375,0.75,0.6111,0.5
"locus3137",1,1,1,1,1,1,0.5,1,0.9545,0.875,1,1,1,1,1,0.5,0.9444,1,1,1,1,1,1,1,0.9545,1
"locus3138",0.9167,0.8333,0.95,0.35,0.9444,1,1,1,1,0.7,0.75,1,1,1,0.9583,1,1,1,0.9375,1,0.9286,1,1,0.55,0.9,1
"locus3139",0.9583,0.8125,1,1,1,0.9583,0.5,1,0.9545,0.75,1,1,1,1,0.9091,0.8636,1,1,1,0.9444,0.9286,1,1,1,1,1
"locus3140",0.875,1,1,0.5455,0.8889,0.7273,0.8,1,0.9545,0.5714,0.8333,1,0.8571,0.875,1,0.45,0.8333,1,1,1,0.9286,0.8333,0.8333,0.9444,0.75,0.9583
"locus3141",0.65,0.75,0.4,0.1,1,0.8636,0.5,0.9375,0.5625,0.5,1,0.6429,0.95,0.5,1,0.6667,0.5556,0.75,0.8571,0.7222,0.75,0.05,0.1429,0.8333,0.3182,0.9091
"locus3142",0.3889,0.2857,0.5,0.5,0.5,0.4167,0.6,0.7143,0.4091,0.3,0.3,0.3,0.25,0.4375,0.45,0.5455,0.5625,0.8333,0.5,0.5714,0.6429,0.625,0.5,0.5625,0.6667,0.8182
"locus3143",0.6364,0.75,1,1,1,1,0.3333,0.9444,0.8182,0.7143,1,0.9375,1,0.875,0.9167,0.875,0.8125,1,0.875,0.5714,1,0.8182,0.8,0.9,0.9444,0.9583
"locus3144",0.9167,0.9375,1,1,1,1,1,1,0.8636,0.875,1,0.9375,1,0.875,0.7727,1,0.8889,1,0.875,0.9444,0.9286,1,1,0.8,1,1
"locus3145",0.9167,0.5,0.6111,0.7778,0.625,0.4,1,0.5714,0.85,0.8571,0.5,0.8333,0.5833,0.8571,0.5909,1,1,1,0.4167,0.875,0.75,0.8636,0.8,0.6667,0.95,0.4
"locus3146",0.25,0.3,0.2222,0.0909,0.2222,0.4167,0.75,0.4375,0.3182,0.1875,0.25,0.375,0,0.2857,0.3182,0.2273,0.2857,0.5,0.2857,0.5,0.2857,0.2273,0.3,0.35,0.3182,0.125
"locus3147",0.9167,0.9375,0.85,1,1,0.8333,1,1,0.6818,0.75,0.9,1,0.8,0.9375,0.9583,0.6818,0.9444,0.8333,0.6875,0.7857,0.7857,1,0.95,0.8,0.9091,0.9167
"locus3148",0.9583,1,1,0.625,0.3125,0.8571,1,0.2,0.9545,1,1,0.75,1,1,0.9583,0.9545,1,1,0.875,1,0.7,0.9545,0.875,1,0.8125,0.35
"locus3149",0.45,0,0,0.0625,0,0,NA,0,0,NA,0,0.1875,0,0.0625,0,0,0.3571,0.1667,0.0625,0.1875,0,0.1,0,0,0.4,0.0417
"locus3150",0.875,1,0.9,0.7,1,0.9167,1,0.7778,1,0.9375,1,0.9,1,0.875,0.8182,0.9545,0.8571,1,0.8571,0.8889,1,0.75,1,0.8889,0.8889,0.6429
"locus3151",0.9583,0.9375,0.9,1,1,1,1,1,0.9091,1,0.8182,1,0.95,0.9375,0.8636,1,0.9444,1,0.8571,1,0.8571,0.6667,1,1,1,1
"locus3152",0.85,0.8333,0.8125,1,0.9444,0.8636,1,0.8889,0.8,1,0.9,1,1,1,0.6667,0.9545,0.9167,0.8333,0.6429,0.6,1,1,0.7143,0.5556,0.9,1
"locus3153",0.5455,1,0.9,0.9091,1,0.875,0.25,0.9375,0.85,0.8,0.9,1,0.95,1,0.9583,0.25,0.7222,1,0.875,0.7778,1,0.9545,0.8889,0.8,0.8182,1
"locus3154",0.9583,0.9286,0.85,1,0.9375,1,0,0.9444,0.6364,0.5625,1,1,1,0.75,0.7917,0.05,0.7222,1,0.9375,0.5,1,0.8636,0.9,0.95,1,1
"locus3155",0.8636,0.875,0.7778,1,0.9,1,0.6,0.7857,0.6111,0.8,0.9167,1,0.8333,1,0.8889,0.85,0.9444,1,0.6429,1,1,1,0.95,1,0.6,0.8571
"locus3156",0.875,0.5,0.5625,0.9,0.4,0.5,1,0.5714,0.5,0.8125,0.4375,0.5714,0.6667,0.5625,0.4091,0.9545,1,0.6667,0.4375,0.4375,0.75,0.9545,0.9444,0.5625,0.8,0.4375
"locus3157",1,1,1,1,0.8333,0.875,1,0.9444,1,1,1,1,1,1,1,1,1,1,0.9375,1,1,1,1,1,0.9545,0.75
"locus3158",0.9091,1,1,1,1,1,1,1,0.8889,0.9375,1,0.9375,1,1,1,1,1,1,1,0.9444,1,0.8125,1,1,1,1
"locus3159",0.5,0.5625,0.75,0.85,0.6667,0.5,0.1,0.7222,0.65,0.7143,0.8182,0.5,0.9,0.5625,0.7727,0.1818,0.8333,0.5,0.625,0.5625,0.7143,0.8182,0.7778,0.6,0.5909,0.7
"locus3160",0,0.0625,0,0,0,0,0,0,0,0,0.2857,0,0.1429,0,0,0,0,0,0,0,0,0,0,0,0,0
"locus3161",0.9583,1,0.95,1,1,1,1,1,1,1,0.9091,1,1,1,0.7083,1,0.9444,1,0.9375,0.9444,1,1,0.95,0.95,0.9545,1
"locus3162",0.05,0.0625,0.2,0.25,0,0.0417,0,0,0.0455,0.25,0,0,0.05,0.125,0.0417,0,0.25,0,0.0625,0,0,0.4091,0.0625,0.05,0.0455,0
"locus3163",0.9167,1,0.95,1,1,0.7083,1,0.9444,0.9091,0.9375,0.95,1,0.7143,1,0.9167,0.9091,1,1,0.9375,0.9444,1,1,1,0.95,0.9545,1
"locus3164",0.4,0.6667,0.8125,0.5,0.7778,0.6875,0,0.6667,0.6,0.2857,0.8333,0.4167,0.5,0.6,0.8,0.0455,0.4375,0.8333,0.7857,0.5556,1,0.6667,0.3333,0.8333,0.1364,0.65
"locus3165",0.9167,1,0.95,1,1,1,1,0.9444,0.9091,1,0.9091,0.9375,1,1,0.875,1,0.9444,1,0.9375,0.8889,0.9286,1,0.95,0.95,1,1
"locus3166",1,1,0.95,0.8636,0.9444,1,0.9,0.9444,1,1,0.9,1,1,1,1,0.9545,1,0.8333,0.9375,0.9444,1,0.85,0.95,1,1,0.8333
"locus3167",0.9583,1,0.8889,1,1,1,1,1,0.95,1,1,0.875,1,0.8125,0.7727,1,1,1,0.7857,1,1,1,1,0.85,1,0.8333
"locus3168",0.2083,0,0,0,0,0,0,0,0,0.0625,0,0,0,0,0,0,0.5714,0,0,0.0556,0,0,0.3,0,0.0625,0
"locus3169",0.9,0.875,0.8,0.9545,0.8125,0.75,0.5,0.9286,0.7727,1,0.7778,0.6667,0.7857,0.6875,0.7083,0.6667,0.75,1,1,0.8333,0.8333,1,1,0.9,0.8,0.7917
"locus3170",1,1,1,1,1,1,0.6,1,0.9545,1,1,1,0.95,1,1,0.6667,1,1,1,1,1,1,1,1,1,1
"locus3171",1,0.9375,0.7778,1,1,0.9167,1,1,0.85,1,0.9545,1,0.95,1,1,1,1,1,0.75,0.8889,1,1,1,1,1,0.9167
"locus3172",0.9583,0.7,1,0.9091,1,0.3571,1,1,1,0.9375,0.5,1,0.4286,1,0.9583,1,1,1,1,1,1,0.9545,1,0.95,0.9,1
"locus3173",0.6364,0.5833,0.75,0.8125,0.5625,0.9,0,0.5,0.7273,0.5,0.75,0.6667,1,0.625,0.9444,0.1818,0.3125,0.6667,0.6875,0.625,NA,0.9545,0.7143,0.9,0.8182,0.5625
"locus3174",1,1,0.625,0.9545,1,0.9583,1,0.8889,0.85,0.9375,0.9545,1,1,0.6429,0.6818,1,1,1,0.6429,0.6667,0.8333,1,1,0.7222,1,1
"locus3175",1,0.9375,0.95,1,1,1,0.7,1,1,0.75,0.9545,1,1,1,1,0.7273,0.8333,1,1,1,1,1,1,1,1,1
"locus3176",0.9091,0.9375,1,0.9545,1,1,0.9,1,1,1,1,1,1,1,1,0.7,0.9444,1,0.9375,0.6875,1,1,1,1,1,1
"locus3177",0.9091,0.875,0.85,0.9545,1,0.8636,NA,0.875,0.6667,0.6429,0.7273,0.7143,0.9444,0.75,0.75,1,0.9444,1,0.5833,0.75,1,0.9091,0.95,0.8,0.9545,0.8
"locus3178",0,0.3333,0.0556,0,0,0.125,0,0,0.0455,0.3125,0.05,0,0,0,0.1364,0.0455,0,0,0,0.0625,0.0714,0.0455,0.05,0,0,0.0417
"locus3179",0.2083,0,0.05,0,0,0,0,0,0.0909,0,0,0,0.05,0.0625,0,0,0.125,0,0,0.0556,0,0.5,0,0,0.1818,0
"locus3180",0.0833,0.0714,0.15,0.0909,0,0.2083,0.375,0,0.0455,0,0.1667,0,0.0833,0,0.0417,0.4,0.3333,0.1667,0.125,0.1111,0,0,0.05,0,0.0909,0
"locus3181",1,1,0.95,0.9545,0.8333,0.7083,1,0.9444,0.8636,1,0.8889,1,0.75,0.9375,0.9583,1,1,1,0.9375,0.9444,1,1,1,1,0.9545,0.875
"locus3182",0.7857,1,1,1,1,1,0.8333,0.9444,0.9091,1,1,0.9375,1,0.875,1,0.95,1,1,0.9375,1,1,0.9286,1,0.75,0.6364,0.9583
"locus3183",0.5909,0.6429,0.8333,0.7143,0.9375,0.7727,1,0.7857,0.5909,0.5,0.9091,0.9167,0.7143,0.7143,0.7727,0.75,0.75,1,0.6667,0.625,0.9286,0.5625,0.7,0.7778,0.8,0.875
"locus3184",0.5909,0.25,0.75,0.5,0,0,1,0.1111,0.4375,0.3571,0.05,0.2143,0,0.3,0.25,1,0.9167,0.3333,0.375,0.8125,0.2,1,0.5556,0.6,0.3,0.0833
"locus3185",0.7,0.25,0.6111,0.3125,0,0,0,0.0556,0.6111,0.2143,0.1364,0.5,0.15,0.5833,0.4583,0.1364,0.4286,0.6667,0.5,0.3571,0.25,0.5,0.4375,0.625,0.5,0.0833
"locus3186",0.9583,1,1,0.9545,1,0.9167,0.875,1,0.9091,1,0.9545,1,1,1,0.9583,0.7,0.9444,1,0.9375,0.8889,1,0.9545,1,0.9444,0.7727,0.9167
"locus3187",0.6111,0.9,0.9286,0.7857,1,0.9583,0.875,0.875,0.6,0.75,0.9545,1,1,0.8,0.85,0.9444,0.5625,1,0.7857,0.4286,0.5,0.1667,0.5714,0.8889,0.6429,0.9
"locus3188",1,0.875,1,1,0.8889,1,1,0.9444,1,1,0.6111,1,0.65,1,1,1,1,1,1,1,1,1,1,1,1,0.9583
"locus3189",0.9583,0.9375,0.9375,0.85,1,0.9167,1,0.9444,0.9286,0.9375,0.9545,0.8571,1,0.8333,0.8,1,0.9444,1,0.9,0.7143,1,1,0.6111,0.75,0.9091,1
"locus3190",0,0,0.05,0,0.0556,0,0,0.1667,0,0,0,0,0,0,0.1667,0,0,0.1667,0,0.0556,0,0,0.1,0,0.0455,0.125
"locus3191",0.9545,0.875,0.9286,0.8182,0.9375,0.5417,0.8,0.6875,1,0.9286,0.65,0.9286,0.6111,0.875,0.85,0.75,0.75,1,0.6429,0.8333,0.9167,0.4167,0.85,0.9375,0.6875,0.85
"locus3192",1,1,0.8333,1,1,1,1,1,0.7778,1,1,1,1,1,0.5625,1,1,1,0.6429,0.9444,1,1,1,1,1,1
"locus3193",0.9444,1,0.9444,0.625,1,0.9167,1,1,0.95,1,1,1,1,1,0.9583,0.9,0.9444,0.8333,1,0.8889,0.9286,0.9091,0.9167,0.75,0.9545,0.9167
"locus3194",0.9091,1,0.95,1,1,1,0.7,0.9444,0.8636,0.7857,1,1,1,0.9375,1,0.8125,0.6875,1,1,1,1,1,0.85,1,0.8636,1
"locus3195",1,1,0.85,0.7273,1,1,1,1,1,1,1,1,0.95,1,0.9583,1,1,0.6667,1,0.9444,1,1,1,0.95,1,1
"locus3196",1,1,1,0.9545,0.7222,0.75,0.8,0.8889,0.8636,1,1,1,1,0.9375,0.9583,0.9091,1,0.8333,0.9375,0.9375,1,0.65,0.95,0.95,0.75,0.8333
"locus3197",0,0,0,0.0909,0,0,0,0.1875,0.0909,0,0,0,0,0.0625,0,0,0,0,0,0,0.1429,0.4545,0.15,0,0.0455,0.3182
"locus3198",1,1,1,0.9545,1,0.8333,1,1,1,0.9167,0.9091,1,0.75,1,1,1,1,1,1,0.8889,1,1,0.95,0.95,0.9091,1
"locus3199",0.8571,0.4167,0,0.6667,0,0.0833,1,0.1,0.2143,0.625,0.5,0.3,0.4286,0,0,0.9545,0.7222,0.3333,0.125,0.3889,0,0.3,0.4375,0.2,0.4167,0.1111
"locus3200",0,0,0,0,0.2,0.2727,0,0,0,0,0,0,0,0,0.0455,0,0,0,0,0,0,0,0.05,0,0.2727,0.3182
"locus3201",0.9167,0.9167,0.95,0.95,0.6875,0.8333,1,0.8889,1,0.9375,0.8125,0.9375,1,0.9375,0.9167,1,0.9444,1,0.9375,1,0.9286,0.9545,1,0.7,0.8636,0.9167
"locus3202",1,1,1,1,0.8333,1,1,0.6667,1,1,1,0.9375,1,1,0.9583,1,1,1,1,1,0.7143,1,1,1,0.9091,0.75
"locus3203",0.9583,0.875,1,0.9091,0.8333,0.8333,0.9,0.9444,1,1,0.9091,1,1,1,0.8182,0.8636,0.9444,1,0.8571,1,1,1,0.85,0.85,0.7727,0.6667
"locus3204",0.125,0.125,0.1667,0.15,0.1111,0.125,0,0,0.2727,0.125,0,0.125,0,0.2143,0.1667,0.1818,0.1667,0.1667,0.3125,0,0.25,0,0.15,0.1111,0.1364,0.0833
"locus3205",0.125,0,0.05,0,0,0.125,0,0,0.0455,0,0.1,0,0.1875,0.0625,0,0,0,0,0,0.2778,0,0,0.2,0,0,0
"locus3206",1,0.8571,0.95,0.9545,0.9167,0.9,1,0.9167,1,0.8125,0.9091,1,0.8571,0.9375,0.8182,1,1,0.8333,0.9375,0.8889,1,0.9545,1,0.95,0.9091,0.7727
"locus3207",0.6364,0.875,0.95,0.9545,1,1,1,0.9444,0.8636,1,1,0.8571,1,0.9375,0.9167,0.9545,0.4444,0.6667,0.8125,0.8333,0.9286,1,0.6667,0.95,0.7273,0.9167
"locus3208",0.2083,0.0625,0.125,0.0556,0.125,0.0455,0.375,0.0833,0.1875,0.1667,0,0.1,0.1,0.0625,0.1429,0.0714,0.6875,0,0.0714,0.3571,0.2,0.75,0.625,0.2143,0.45,0
"locus3209",0.9583,1,1,1,1,1,0.75,1,1,1,1,1,1,0.875,0.9583,0.5455,1,1,1,0.9444,1,1,1,1,0.9545,1
"locus3210",0.3333,0.6,0.3333,0.3,0.25,0.0455,0,0.1875,0.5,0.3,0.0455,0.6429,0.2222,0.8125,0.4,0.05,0.5556,0.5,0.2143,0.3,0.3571,0.15,0.25,0.3,0.3,0.6111
"locus3211",0.7273,0.5,0.7222,0.8,0.7143,0.5625,0.8,0.625,0.7,0.8125,0.3,0.6667,0.3889,0.8125,0.75,0.9091,0.8333,0.6667,0.8125,0.5625,0.6429,0.9091,0.7778,0.5556,0.5,0.6875
"locus3212",0,0,0.05,0,0,0,0,0.5,0,0,0.05,0.0625,0,0,0,0,0,0,0,0,0,0.0455,0,0,0,0.1875
"locus3213",0,0.4167,0.2143,0.0455,0.1667,0.5556,0,0.1667,0.0714,0,0.3889,0.1667,0.8889,0.25,0,0.0455,0.0556,0,0.3571,0.1667,0.25,0.0455,0,0.1429,0.0909,0.05
"locus3214",0,0.0625,0.05,0.1364,0.0556,0,0.1,0,0.2727,0.0625,0,0,0,0,0.125,0.0455,0,0,0.3125,0,0,0,0.05,0.05,0.0455,0
"locus3215",0.8333,1,1,0.9091,0.9444,1,0.9,1,0.9545,1,1,1,1,1,0.9583,1,1,1,1,1,1,0.375,0.95,0.9,1,1
"locus3216",1,1,1,1,1,1,0.5,1,0.8636,1,1,1,1,1,1,0.6429,1,1,1,1,1,1,1,1,1,1
"locus3217",0.9583,0.875,0.95,1,1,0.9583,1,0.7778,0.9545,1,1,1,1,0.875,0.9583,0.9545,1,1,0.875,0.9444,0.9167,1,1,0.95,0.9545,1
"locus3218",1,1,0.95,0.9545,1,1,0.625,1,1,0.9375,1,1,1,0.9375,1,0.7273,1,1,1,1,1,1,1,1,1,1
"locus3219",1,0.8,1,1,1,0.95,1,1,1,1,0.45,1,0.625,1,1,1,1,1,1,1,1,1,1,1,1,1
"locus3220",0.9167,1,0.9,1,1,1,1,0.9444,0.9545,1,0.8182,1,0.9,0.9375,1,0.85,1,1,0.9375,1,1,1,1,0.95,1,0.9583
"locus3221",0.8889,0.8125,1,0.9091,1,1,0.5,1,0.8182,1,1,1,1,1,0.875,0.5,1,1,1,0.9444,1,0.8,0.95,0.85,1,0.9583
"locus3222",0.45,0,0.5,0.3,0,0,0,0.2222,0.45,0,0.0909,0.5,0,0.5,0.3636,0.2857,0.625,0,0.375,0.5,0,0.6875,0.1,0.2222,0.5,0.1818
"locus3223",1,0.9286,1,0.85,1,1,1,1,1,0.875,0.5714,1,0.1667,1,1,1,1,0.8333,1,1,1,1,1,1,1,1
"locus3224",0.6667,0.8,0.7222,0.75,0.9,0.8571,1,1,0.75,0.5,0.4444,0.9167,0.5,0.5714,0.9,0.3571,0.5,0.6667,0.9286,0.625,0.8333,0.9375,0.8125,0.8889,0.8333,0.7143
"locus3225",1,0.9167,1,0.9545,0.625,0.9091,1,0.9444,1,1,0.5714,0.875,0.6,1,1,1,1,1,1,1,1,1,1,1,1,0.85
"locus3226",0.9583,1,1,0.9545,1,1,1,1,0.9545,1,1,1,1,1,1,1,1,1,0.9375,1,1,0.65,1,0.95,1,1
"locus3227",0.9091,0.8571,0.7222,0.9545,0.8889,0.7083,1,0.7222,0.85,0.8125,0.8,0.9286,0.95,0.8125,0.875,1,0.8889,0.6667,0.875,1,0.9286,1,0.9,1,0.95,0.8333
"locus3228",1,1,1,1,0.9286,1,NA,1,1,0.8125,0.9545,1,0.9,1,1,0.75,1,1,1,1,1,1,0.85,1,0.9545,1
"locus3229",0.9583,1,1,0.8182,1,1,1,1,1,0.9375,0.9545,1,0.95,1,1,1,0.7778,1,1,1,1,1,0.9,1,1,1
"locus3230",1,1,0.9,1,1,1,0.375,1,0.9545,0.9375,1,1,1,1,1,1,1,1,0.875,0.9444,1,1,1,1,0.9091,1
"locus3231",0.5,1,1,0.8636,1,1,0.5,0.8333,0.9,0.75,0.9545,0.9167,0.95,0.8125,1,0.6,0.125,1,0.875,0.8333,1,0.65,0.6111,0.85,0.5,0.9545
"locus3232",0.9167,0.7857,0.95,0.6667,1,0.875,1,0.625,0.9091,0.875,0.3125,0.9286,0.75,1,0.9583,0.9545,1,1,0.9286,0.9444,1,0.8,0.8333,0.95,0.875,0.7222
"locus3233",0.9286,0.6875,0.8889,0.5714,1,0.8571,1,0.8125,0.9375,0.9375,1,0.9,0.75,0.8571,0.8636,0.9545,1,1,0.875,0.875,0.7,0.9,0.4,0.9,0.8333,0.7273
"locus3234",0.9545,0.5833,0.8333,0.9091,0.7778,0.4545,1,0.6667,0.8636,1,0.2778,0.75,0.4,0.9375,0.8182,1,1,0.6667,0.875,0.9375,0.8,1,0.9444,0.75,0.9,0.8125
"locus3235",0.9167,1,0.95,1,1,0.9583,1,1,0.9091,1,1,1,1,1,0.9583,1,1,1,0.9375,0.8889,1,0.9545,1,1,1,0.875
"locus3236",0.0833,0.0833,0.25,0.0455,0.2143,0.2083,0,0.2778,0.1,0.0625,0.0556,0,0.1875,0.0625,0.0455,0,0.3333,0,0.0625,0.1667,0.1,0.2727,0.125,0.25,0.1875,0.375
"locus3237",0.5833,0.7857,0.75,0.4,0.875,0.875,0.25,0.5,0.6667,0.5,0.9,0.6,0.7,0.7857,0.6,0.7857,0.5,0.5,0.7143,0.6667,0.5833,0.7222,0.7857,0.75,0.5833,0.7778
"locus3238",0,0.2,0.15,0.5,0.1667,0,0,0.25,0,0.0714,0.0909,0,0.1667,0,0.0556,0.1818,0.4444,0,0.1875,0.0714,0,0,0.5,0,0.4545,0.2143
"locus3239",0,0,0,0.25,0,0.0909,0,0.0556,0,0,0.3333,0,0.3889,0,0,0,0.0556,0,0,0,0,0,0,0,0,0
"locus3240",0.4375,0.0833,0.25,0.5625,0,0.0455,0.875,0.1,0.375,0.4167,0,0.6,0,0.7,0.3571,1,0.6,0.5,0.375,0.7,0,0.75,0.5,0.5,0.375,0.0556
"locus3241",0.8333,1,0.8,1,1,1,1,1,1,1,1,1,1,0.9286,0.9583,1,0.9444,1,1,1,1,0.9545,1,1,1,0.9583
"locus3242",0.8333,0.9375,0.9,0.9091,1,0.875,1,0.9444,0.9545,1,1,1,0.95,1,1,0.9091,0.75,1,1,0.9444,1,0.6667,0.9444,0.95,0.9545,1
"locus3243",1,0.875,0.85,1,1,1,1,1,0.9545,0.9375,1,1,1,1,0.9091,1,1,1,1,1,1,1,1,0.8,1,0.9545
"locus3244",0,0.0625,0.1,0,0.1111,0.0833,1,0.0556,0.1364,0.1875,0.0455,0,0,0.0625,0.125,0.8,0,0.1667,0.0625,0.6111,0,0,0,0.05,0.1818,0.0417
"locus3245",0.9583,0.8571,0.95,0.9545,1,1,1,0.9444,1,0.9375,1,0.9375,1,0.9375,0.875,1,0.9444,1,0.9375,0.8889,0.8571,1,0.95,0.9,1,1
"locus3246",0.8333,0.9375,0.95,0.8182,0.7857,0.8889,0.8,0.625,0.85,1,0.875,0.8571,0.8571,0.9286,0.9583,0.9091,0.9444,0.8333,0.9375,0.8889,0.9167,0.8,0.7222,0.95,0.9,0.9286
"locus3247",1,0.9375,0.9,0.9091,0.8889,0.9545,1,0.8333,0.85,1,1,0.9375,0.9,0.75,0.8182,1,1,0.8333,0.8125,0.9375,1,1,0.95,0.9,1,0.9167
"locus3248",0.9091,1,0.95,0.7273,1,1,0.625,0.9444,1,1,1,1,1,1,1,0.9545,1,1,0.9286,1,1,0.8,0.9,0.85,0.8636,1
"locus3249",1,1,1,1,0.9444,0.9583,1,0.9444,1,0.9375,0.9545,1,1,0.875,0.9583,1,1,1,1,1,0.9286,1,1,0.95,0.8182,0.875
"locus3250",0.5,0.7857,0.7778,0.5556,1,1,0.8333,1,0.5625,0.5,0.95,0.5,1,0.6429,0.5455,0.7143,0.3333,0.75,0.5,0.5625,0.6,0.6111,0.1429,0.5,0.5,0.9
"locus3251",0.75,1,0.8889,0.9091,1,1,0.5,0.9444,0.8182,0.9,1,1,1,1,0.9583,1,0.9375,1,0.9375,0.5,0.8571,0.5,0.95,1,0.8182,1
"locus3252",0.0833,0,0.05,0.0909,0,0,0,0.1111,0.0455,0,0.0455,0.2143,0,0,0.0417,0,0,0,0.0625,0.0556,0.1429,0,0.05,0.0556,0.05,0.0909
"locus3253",0.8125,0.5833,0.3571,0.5,0.1667,0.75,1,0.0625,0.65,0.8,0.8,0.2143,0.6429,0.5,0.5909,0.9091,0.7,0.25,0.5,0.6875,0,0.3,0.625,0.5,0.5556,0.0417
"locus3254",1,1,0.7778,1,1,1,1,1,0.75,1,0.9091,1,1,0.8125,0.8636,1,1,1,0.6875,0.8889,1,1,1,0.95,1,0.9583
"locus3255",0.9583,1,1,1,1,1,1,0.9444,1,1,1,0.9375,1,0.8571,1,1,1,1,0.9375,0.8571,1,1,1,0.95,0.9091,1
"locus3256",0.0417,0.0833,0.2143,0,0.2,0.3889,0,0.1429,0.0625,0,0.1364,0,0.0833,0.25,0.3182,0.0455,0,0,0.4286,0.0556,0,0,0.1,0.125,0,0.3333
"locus3257",0.9375,0.6667,0.5,0.5714,0.75,0.75,1,0.6875,0.7273,0.625,0.6,0.4,0.5,0.8125,0.5833,0.9545,0.9167,0.5,0.5,0.5833,0.4167,0.85,0.8125,0.6667,0.8,0.7222
"locus3258",0.05,0.3571,0.2857,0.1667,0,0.1667,0,0,0.3125,0.0625,0.0455,0.3,0,0.0714,0.2,0.0455,0.1111,0,0.3571,0.1429,0,0,0,0.2222,0.35,0
"locus3259",0.9545,1,0.8125,0.9545,1,1,1,0.9444,0.9545,1,1,1,1,0.9375,0.9583,1,0.8333,1,0.9375,0.9444,1,1,0.9,0.9,0.7778,0.9583
"locus3260",1,0.9375,0.9,1,1,1,1,1,0.9091,1,0.9091,1,0.95,0.9375,0.9167,1,1,0.8333,1,1,1,1,0.95,0.95,1,0.875
"locus3261",0.0417,0.0625,0,0.0909,0.1667,0,0,0,0.0909,0,0.0455,0.125,0.1,0,0,0,0.2778,0,0,0,0.1429,0,0,0,0.0455,0.0417
"locus3262",0.9583,0.7857,0.9,1,0.9375,1,1,0.8333,0.8636,1,1,1,1,0.875,1,1,1,1,0.9375,1,1,1,0.95,0.95,0.7727,0.9583
"locus3263",0.75,1,0.95,1,1,1,0.5,0.8333,0.55,1,1,0.9167,1,1,1,1,1,0.6667,0.875,0.7857,1,0.5,0.9286,0.95,0.5909,0.9583
"locus3264",0.8,0.9167,1,0.8182,1,0.9091,0.9,0.8889,0.9375,0.875,0.8,0.7857,0.8333,1,0.8333,1,1,0.5,0.75,1,0.75,0.2857,0.9,0.9444,0.8125,0.875
"locus3265",0.1667,0.1429,0.6111,0.0909,0,0.1364,0,0.25,0.4091,0.0625,0.2273,0.0714,0.05,0.375,0.5,0,0.3333,0.3333,0.5,0.2222,0.1667,0.1,0.1,0.35,0.3,0.2083
"locus3266",1,1,0.95,0.9545,0.8889,0.9583,0.75,1,1,1,1,1,1,1,1,0.8125,1,1,1,0.8889,1,0.9091,0.95,1,0.9091,1
"locus3267",0.2727,0.0714,0.3889,0.3889,0.3333,0.0833,1,0.125,0.4,0.375,0.0455,0,0,0.4167,0.1667,0.9545,0.3571,0.1667,0.2857,0.375,0,0.6667,0.3333,0.0556,0.1667,0.0833
"locus3268",0.7917,0.75,0.95,0.9545,0.9,0.5,0.125,0.875,0.9444,1,0.2143,1,0.5,1,1,0.7778,0.75,1,0.9375,0.7143,1,0.9091,0.9286,0.8333,0.875,1
"locus3269",0.875,1,0.95,1,1,0.9167,1,0.9444,1,1,0.9545,1,1,1,1,1,1,0.8333,1,1,1,1,0.95,1,0.8636,0.9583
"locus3270",1,1,1,1,1,0.9583,1,1,1,1,0.9545,0.875,0.9,1,0.9167,1,1,1,1,1,0.7857,0.9545,1,1,1,0.9167
"locus3271",0.9167,0.9375,0.95,1,1,1,0,1,0.9545,0.875,1,1,1,1,1,0.15,0.9375,0.8333,0.9167,0.8333,1,0.95,1,1,0.9545,1
"locus3272",0.0417,0.5,0,0.5,0.4167,0.25,0,0.7143,0.3125,0.1,0.2727,0.1,0.1667,0,0.4444,0,0,0,0.1429,0.1,0.5,0.0455,0.1,0.2857,0,0.5
"locus3273",1,1,0.95,1,1,0.9167,0.6,1,1,1,1,0.875,1,1,1,0.9545,0.8889,0.8333,1,1,1,1,1,1,1,0.9583
"locus3274",0,0.0625,0,0,0,0.125,0,0,0,0.0625,0,0,0,0.0625,0.125,0,0.0556,0,0.125,0,0,0,0,0,0,0
"locus3275",0.9583,1,0.8125,0.8,1,1,1,0.9444,0.9545,1,1,0.9286,1,0.6667,0.875,1,0.8889,1,0.8571,0.8889,0.8571,0.85,0.75,0.9,0.9545,0.9583
"locus3276",0.9167,1,1,0.9545,1,0.9167,1,1,0.9091,1,1,0.875,0.95,0.9375,0.9167,0.95,0.9444,1,1,1,0.8571,0.9545,1,0.95,1,0.9167
"locus3277",1,1,0.8333,1,1,0.9167,1,1,0.85,1,0.9545,0.9375,1,1,0.9583,1,1,1,0.75,0.8889,0.9286,1,0.95,1,1,0.9583
"locus3278",1,0.875,0.95,0.9091,0.9167,0.7917,1,0.7778,1,0.9375,0.9091,0.875,0.95,0.9375,0.8636,1,1,1,0.8125,1,0.7143,0.9545,1,0.9,1,0.7083
"locus3279",1,1,1,0.9091,1,1,1,1,1,1,1,0.875,1,1,1,1,1,1,1,1,0.8571,1,0.85,1,1,0.9167
"locus3280",0.8333,1,0.95,0.7857,1,1,1,1,0.9091,1,1,0.9375,1,1,0.9091,1,0.8333,0.8333,1,0.8889,1,0.7273,0.8333,0.9,0.9091,1
"locus3281",0.5,0.6429,0.25,0.3889,0.625,0.375,NA,0.2778,0.4545,0.3333,0.35,0.3333,0.5556,0.3571,0.3636,0.5,0.3333,0.6667,0.3571,0.4167,0.5,0.0625,0.45,0.5,0.5,0.5833
"locus3282",0.7778,1,1,0.85,1,0.9167,1,1,1,0.9375,1,1,1,1,1,1,0.9444,1,1,1,0.7857,0.9545,0.7857,0.9,1,0.9583
"locus3283",1,1,1,1,1,0.9583,1,0.875,1,0.8571,0.9545,0.9375,1,1,0.9583,1,0.8889,1,1,0.9444,1,0.9545,0.9444,0.9444,1,0.9583
"locus3284",0.9167,0.6667,0.8125,1,1,0.7727,0.9,1,0.9091,0.8571,0.75,0.9375,0.7857,0.75,0.8333,1,1,1,0.875,0.8889,0.75,0.9,0.95,0.8333,0.9091,1
"locus3285",0.9545,0.6667,0.625,0.9545,0.6429,0.5,1,0.6667,0.5909,0.8125,1,0.8,1,0.9167,0.8889,1,1,0.75,0.8125,0.7778,0.75,0.9545,0.85,0.6875,0.8,0.6818
"locus3286",0.4,0,0.05,0.4375,0,0,0,0.0556,0.1,0,0.0455,0.1,0,0.0625,0.0417,0,0.4444,0,0.1875,0,0,0.2222,0.3889,0,0.2778,0.0417
"locus3287",0.875,0.9,0.7,0.9091,0.8333,0.8,1,1,0.8333,0.9375,1,0.9286,0.9,0.75,1,0.9545,0.8889,0.6667,0.9286,0.9444,0.6667,0.9545,0.95,0.875,0.875,0.5556
"locus3288",0.9583,0.9375,0.95,1,1,1,1,1,0.9091,1,0.9545,1,1,1,0.875,1,0.9444,0.8333,1,1,1,0.5455,0.95,1,1,1
"locus3289",0.875,1,1,0.95,1,1,1,0.9444,1,1,1,1,1,0.9375,1,1,1,0.8333,1,1,1,1,0.8,0.85,1,1
"locus3290",0.7143,0.3333,0.5,0.4167,0.6429,0.5,1,0.4286,0.7778,0.5,0.8889,0.5,0.5625,0.75,0.625,1,0.7143,0.6667,0.8,1,0.7,0.8571,0.5714,0.5833,0.5833,0.7222
"locus3291",0.9167,1,1,1,0.9444,1,1,1,1,1,1,1,1,0.8571,1,1,1,1,0.875,0.8333,1,0.9545,0.9,0.75,1,1
"locus3292",0.9583,0.9375,0.85,0.9545,0.9444,1,1,1,1,1,1,1,1,0.9375,1,1,0.9444,1,1,0.9444,1,0.9545,1,1,0.8636,1
"locus3293",0.6111,0.375,0.6111,0.6429,0,0,1,0,0.75,0.6667,0,0.1667,0,0.5,0.25,0.9545,0.5,0.3333,0.3333,0.875,0,0.125,0.4286,0.25,0.3889,0.0455
"locus3294",0.0417,0,0.15,0,0.1111,0,0,0.3889,0,0,0.0455,0.125,0,0.0714,0.125,0,0.1111,0,0.1875,0.1111,0.4167,0.0455,0.15,0.05,0.0455,0.125
"locus3295",0.95,0.9375,1,1,1,1,1,0.8889,0.9545,0.875,1,0.9375,1,0.875,0.9167,0.9091,0.9444,0.8333,1,0.7778,1,0.9286,0.75,0.95,0.7,0.9583
"locus3296",1,1,0.85,1,1,1,1,1,1,1,1,1,1,0.9375,0.9167,1,0.9444,1,0.9375,0.875,1,1,0.95,0.95,0.95,0.9583
"locus3297",0.9583,1,1,1,0.6667,0.9091,1,0.9444,0.9545,1,0.875,0.9375,1,0.9375,1,0.8636,0.9167,0.6667,1,0.8889,1,1,1,1,0.9091,0.9545
"locus3298",0.7273,0.9375,1,0.6875,1,1,1,1,1,0.9375,1,1,1,1,1,1,1,0.8333,1,1,1,0.6111,0.7778,1,1,0.9583
"locus3299",0.5,0.0625,0.4286,0.0556,0,0.0417,1,0,0.3571,0.5,0.1,0,0.15,0.1,0.0455,0.8333,0.3571,0.1667,0.0714,0.0714,0,0.1111,0.125,0.1667,0.0714,0
"locus3300",0.9,0.75,0.7778,0.8182,0.9444,0.9583,1,0.7778,0.7727,0.875,0.8182,0.8333,1,0.75,0.6818,0.7727,0.6667,1,0.5714,0.875,1,0.7273,0.9,0.8889,0.8,0.875
"locus3301",1,0.75,1,1,1,0.8333,1,1,1,1,1,1,0.8889,1,1,1,1,1,0.9375,1,1,1,1,1,1,1
"locus3302",1,1,1,1,0.9444,0.9583,1,0.9444,0.9545,1,0.9545,1,0.9,0.9375,0.9583,1,1,1,1,1,1,1,0.95,1,1,0.9091
"locus3303",0.9167,0.9375,0.9,1,0.8889,1,1,1,0.7727,1,1,1,1,0.75,0.9167,0.8,1,1,1,0.7222,1,1,1,1,1,0.9583
"locus3304",0,0.5714,0,0.1364,0.3333,0.6667,0.2,0,0,0.3333,0.7143,0,0.6667,0,0.0455,0.0455,0,0,0.125,0.0625,0,0,0,0,0.1364,0.0417
"locus3305",1,0.875,0.95,0.8636,0.8333,0.75,1,0.9444,1,0.8571,1,1,0.8333,1,0.9167,1,1,1,0.9375,0.8889,1,1,1,0.8,1,0.9091
"locus3306",0.8,0.9375,0.9375,1,1,1,1,0.6429,1,0.9375,0.9545,0.5,1,0.8125,0.9545,0.9091,0.4167,0.8333,1,0.75,0.9167,0.9375,0.625,0.95,0.7222,0.7222
"locus3307",0.5417,0.9167,0.5,0.6364,1,0.9583,1,0.7778,0.6364,0.75,0.8636,0.6667,0.7778,0.5625,0.6667,1,0.6667,0.5,0.3571,0.6667,0.9286,0.4545,0.8333,0.6,0.5,0.8636
"locus3308",0.875,0.3125,0.65,0.55,0.4375,0.55,1,0.4375,0.6,0.625,0.4167,0.6667,0.2778,0.7143,0.5455,0.95,0.8333,0.3333,0.5714,0.7143,0.6,0.7273,0.8889,0.6667,0.5625,0.55
"locus3309",0.0455,0,0.1,0.0455,0,0.0417,0.5,0.0556,0,0.3125,0,0,0,0.125,0.0833,0.5,0.5,0,0,0.125,0,0,0.05,0.15,0.0909,0
"locus3310",1,1,1,1,1,1,0.875,1,0.9091,1,0.8636,1,1,1,0.9091,1,1,1,1,0.8889,1,1,1,1,0.9091,0.9545
"locus3311",0.2727,0,0.05,0.0714,0.0556,0,0.1,0,0.15,0.2,0.0909,0.1875,0.05,0.3571,0.1667,0,0.2857,0.1667,0,0.0714,0,0.5,0.3,0.05,0.125,0
"locus3312",0.9167,0.8,1,1,0.8571,0.5417,1,0.9286,0.9545,0.9375,1,0.9375,0.75,1,0.9167,0.95,1,1,1,1,1,1,1,1,0.9545,0.8125
"locus3313",0.9167,0.9375,0.95,1,1,1,0.6,0.9444,0.9091,0.875,0.9,1,1,1,1,1,0.875,1,0.9286,0.8333,1,0.95,1,1,0.6818,1
"locus3314",0,0.125,0,0.1364,0,0,0,0,0,0,0,0,0,0.0625,0,0,0,0,0.0625,0.0556,0,0.0455,0.05,0.35,0,0
"locus3315",0.5909,0.25,0.2778,0.7,0.0556,0.3182,0.6,0.1875,0.3889,0.4167,0.2727,0.25,0.2143,0.5714,0.4167,0.4375,0.5,0.25,0.375,0.5,0.3,0.2727,0.5,0.5625,0.375,0.1
"locus3316",0.3,0.7143,0.1875,0.625,0.8,0.6667,0.25,0.4286,0.65,0.7,0.9444,0.5,0.7143,0.5714,0.4091,0.5,0.5,0.75,0.3333,0.4286,0.5,0.9375,0.7143,0.6111,0.7778,0.6
"locus3317",0.9583,1,0.95,1,0.9444,1,1,1,0.9545,1,0.9545,1,0.75,0.9375,0.9583,1,1,1,1,1,1,0.9091,0.9,0.9,1,1
"locus3318",0.9583,1,0.95,0.9545,1,0.8333,1,1,0.9091,1,0.8182,1,0.9,1,1,0.9545,0.8889,1,1,1,1,0.9545,1,0.95,1,0.9583
"locus3319",1,1,0.95,0.8636,1,0.9167,1,0.8333,0.9545,0.9375,1,1,0.95,1,1,0.9545,1,1,1,0.9444,1,0.9545,0.95,0.85,0.9091,0.9583
"locus3320",1,0.875,0.95,0.9545,0.75,0.875,1,0.7778,0.9545,1,1,0.8125,0.75,1,1,1,0.9444,1,0.75,1,1,1,1,0.95,0.6818,0.8333
"locus3321",0,0,0.05,0,0,0,0,0,0.1364,0.0625,0,0,0,0,0.0417,0.0455,0,0,0.0625,0.3333,0,0.0455,0,0.1,0,0
"locus3322",0.0417,0.3333,0.05,0.1818,0.5,0.4444,0.2,0.1429,0.1364,0.375,0.3182,0.1429,0.4444,0.125,0.0833,0.0909,0,0,0.125,0.0556,0,0,0.1,0.05,0.3333,0.35
"locus3323",0.4167,0.3125,0.0833,0.15,0.1875,0.0417,0,0.3125,0.5,0.1,0.2273,0.25,0.25,0.4167,0.1111,0.2727,0.125,0.5,0.2143,0.1667,0.2857,0,0.3,0.0625,0.2,0.1111
"locus3324",0.125,0.1875,0.05,0,0.125,0.1667,1,0.125,0.1818,0.2143,0.75,0.0625,0.625,0.0625,0.1667,0.8,0.1667,0,0.0625,0,0,0.0455,0.1,0.1,0.1,0.2
"locus3325",0.0417,0.1429,0,0,0.1111,0.1818,0,0.1667,0.1364,0.0714,0.2,0.125,0.4286,0,0.125,0,0,0,0,0.0556,0.125,0,0.05,0.1,0,0.0625
"locus3326",0.1364,0,0,0,0,0,0.6,0,0.1,0.1875,0,0,0,0,0,0.5625,0.3333,0,0,0,0,0,0.05,0,0.0455,0
"locus3327",0.0833,0,0.15,0.25,0,0.0417,0,0,0.0909,0.0625,0.0455,0,0,0.0625,0.0833,0.0455,0.375,0,0,0,0,0.1429,0.375,0.05,0,0.0417
"locus3328",0.625,0.625,0.5556,0.7,1,0.8636,0.6,0.9167,0.5556,0.6429,0.75,0.6667,0.9167,0.5,0.5417,0.6111,0.5,0.8333,0.5,0.5625,0.7143,0.65,0.5833,0.6111,0.6667,0.6667
"locus3329",1,1,0.8889,1,0.5,1,1,0.6667,0.8333,0.9375,0.5714,0.7143,1,0.5625,0.7778,1,1,0.75,0.6429,1,1,0.9545,0.95,0.9444,0.9545,0.5909
"locus3330",0.3333,0.3571,0.25,0.2857,1,0.9286,0,0.9,0.1429,0.5625,0.8125,0.6,1,0.5,0.25,0.3636,0.25,0.5,0.6667,0.1429,0.5,0.5,0.4444,0.3,0.5714,0.9167
"locus3331",0.15,0,0.1667,0.3333,0,0.125,0.1667,0.125,0.3125,0.25,0,0,0,0,0.0556,0.1429,0.125,0.3333,0.1429,0.3333,0.0833,0.0455,0.0625,0.0556,0,0.0417
"locus3332",0,0.0625,0,0.1364,0,0.0833,0,0.0556,0.0455,0,0,0,0,0.0625,0,0,0,0,0.0625,0.0556,0,0,0.05,0.05,0.0455,0
"locus3333",1,0.5,0.3,0.75,0,0.3,0.75,0.2857,0.65,0.5,0.1429,0.5,0,0.5,0.5,0.875,0.9375,0.25,0.25,0.9286,0.4167,0.5,0.7143,0.5833,0.6875,0.375
"locus3334",1,0.7143,1,1,1,0.7222,1,1,0.9545,0.875,0.4545,1,0.5625,1,0.9583,0.9545,1,1,0.9375,1,1,1,0.95,1,1,1
"locus3335",0.9583,0.875,1,0.7273,0.9444,0.6667,1,0.7778,0.8636,0.625,0.8,0.9375,0.9,0.9375,0.9167,0.9091,0.8125,1,0.8125,1,1,1,0.9,0.9,1,0.7917
"locus3336",0.0833,0,0.05,0.1818,0,0.0417,0.1,0,0.0455,0,0.0455,0,0.05,0.0625,0.0455,0,0,0,0,0,0.0714,0,0,0.1,0.0455,0
"locus3337",0.875,1,1,0.6818,1,0.9583,1,1,0.9545,0.9375,1,0.875,1,0.8125,0.9583,1,1,1,1,1,1,0.75,0.85,0.95,1,0.9583
"locus3338",0.0417,0.1875,0.2222,0,0.1875,0.375,0,0.1,0.0556,0.0625,0,0.0833,0,0.125,0.25,0,0,0,0.0833,0,0.1667,0.0455,0,0.3333,0.0909,0.1111
"locus3339",0.0417,0.2143,0,0.0455,0.25,0.2273,0.1,0.4375,0.1875,0.0625,0.3333,0.0833,0.1667,0.1875,0.3333,0.0909,0.1111,0.5,0,0.0625,0.3333,0.0455,0,0.35,0.0556,0.2778
"locus3340",0.75,0.625,0.75,0.8889,0.6,0.45,0.8,0.5,0.7222,0.7857,0.4375,0.7857,0.7143,0.8125,0.9583,0.9,0.8889,1,0.8571,0.8571,0.75,0.7778,0.95,0.85,0.85,0.6364
"locus3341",1,1,0.9,1,1,1,1,1,0.7273,1,1,1,1,0.8125,0.9583,0.9091,1,0.8333,1,0.8889,1,1,1,0.95,1,1
"locus3342",0.875,0.9375,0.8889,1,1,1,0.75,0.8333,0.8333,1,0.8182,0.9375,0.9,0.8571,0.8333,1,1,1,0.875,0.7778,0.9286,1,0.9,0.8,0.9,0.875
"locus3343",1,0.9375,1,1,1,0.875,1,1,1,1,0.9545,1,1,1,1,0.9545,0.8125,1,0.9375,1,1,0.9091,1,1,1,1
"locus3344",0,0.5,0.15,0,0,0.5,0,0.2143,0.0455,0,0.55,0.0625,0.4,0.0625,0.2727,0,0,0,0.375,0.0556,0.3,0,0.05,0.0556,0.1,0.2
"locus3345",0.875,1,0.7,1,0.6667,0.6111,0.5,0.75,0.75,1,0.375,1,0.625,0.75,0.7778,0.85,0.8,1,0.5,0.8333,0.9,0.4167,0.8333,0.8571,0.75,0.875
"locus3346",0,0,0.0556,0,0,0,0,0,0,0,0,0,0,0.75,0.05,0,0.0556,0,0.2143,0,0,0,0,0.15,0.0455,0
"locus3347",0.625,0.75,0.6667,0.625,0.9375,0.8333,0.75,0.6875,0.6364,0.6875,0.9091,1,0.8,0.5625,0.7222,0.75,0.7778,1,0.625,0.75,1,0.65,0.6875,0.6667,0.9091,0.9167
"locus3348",0.9583,0.6667,0.8333,0.8125,1,0.75,1,0.5,0.9286,0.5,0.9545,0.9286,1,0.8125,0.8333,0.75,0.9444,1,0.8333,0.8571,0.5,0.9545,0.9444,0.7,0.8889,0.8333
"locus3349",0.0417,0,0.05,0,0,0,0.1667,0,0,0.25,0,0,0,0.0625,0,0.35,0,0,0,0,0,0,0.05,0,0,0.0417
"locus3350",1,0.8125,1,1,1,1,1,0.9444,1,1,0.9545,0.9375,1,0.8125,0.9167,1,1,1,0.9375,0.9444,0.7857,1,1,1,0.9545,1
"locus3351",1,0.875,0.8,1,1,0.9583,1,1,1,1,1,1,1,0.8125,0.9167,1,1,1,0.7857,0.7778,0.9286,1,1,0.7778,1,0.9583
"locus3352",0.9167,1,1,1,1,0.8636,1,1,0.9091,1,1,1,1,1,0.9167,1,1,0.6667,1,1,0.9286,0.7727,1,1,0.9091,1
"locus3353",0.5,0.4375,0.6,0.3571,0,0.45,1,0.3125,0.6667,0.75,0.5909,0.6429,0.4375,0.875,0.5,1,0.5,0.3333,0.5,0.625,0.0714,0.75,0.5556,1,0.3889,0.0909
"locus3354",1,0.9375,1,1,1,0.875,1,1,0.9545,0.9286,1,1,0.9,1,1,1,1,1,1,1,1,1,1,1,1,1
"locus3355",0,0,0.05,0.0455,0.0556,0.0455,0,0.1667,0.0455,0,0,0.0625,0,0.2857,0.0833,0,0,0,0,0,0.2857,0.0455,0,0,0,0.0833
"locus3356",0.5,0.5,0.55,0.5625,0.2143,0.3636,0.4,0.6429,0.5,0.5,0.5,0.5,0.2857,0.5,0.4091,0.55,0.5556,0.5,0.5,0.5,0.5,0.4,0.5556,0.6111,0.5714,0.3636
"locus3357",0.1818,0.0625,0.3333,0,0,0,0,0,0.25,0.1875,0.0455,0.2143,0,0.2,0.4,0.05,0,0,0.0833,0.3125,0,0.0455,0,0.05,0.0455,0.0417
"locus3358",0.9583,1,0.6667,0.9091,0.9444,0.9583,1,1,0.65,0.9375,0.9091,1,0.85,1,0.625,1,1,0.75,0.8571,0.8333,0.9286,0.9545,1,0.6,0.7222,0.5909
"locus3359",0.8571,1,0.9,0.8182,1,1,NA,0.8889,0.875,1,0.9091,1,1,0.9375,0.6429,NA,1,1,0.8571,0.7,1,0.9545,1,0.65,0.9091,1
"locus3360",0.9167,0.625,0.7778,1,0.75,0.5714,1,0.9375,0.9,0.7857,0.5909,0.8571,0.4444,0.75,0.8636,1,0.9375,1,0.9286,0.6667,1,0.9545,0.95,0.7857,0.7222,0.7727
"locus3361",0.0417,0,0,0.2273,0,0,0,0,0,0,0,0,0,0,0,0.0455,0,0.1667,0,0,0,0.0909,0,0,0,0
"locus3362",0,0.1,0.1667,0.4375,0.2857,0.25,0,0.2857,0.0625,0,0,0.25,0.1111,0.4167,0.1667,0.0455,0.1667,0,0.25,0.25,0.5,0.5,0.25,0.375,0.0833,0.2143
"locus3363",0.9167,0.75,0.7143,0.5556,0.6667,0.6,1,0.5625,1,0.8333,0.9286,0.8571,1,1,0.7778,0.9545,0.9444,0.6667,1,0.8125,0.5,0.9091,0.9167,0.625,0.9375,0.5
"locus3364",0.0833,0.25,0.2,0.1667,0.4444,0.6429,0,0,0.2222,0.0625,0.6,0,0.6667,0.375,0.25,0.0455,0,0,0.1875,0.1667,0,0.0909,0.15,0.05,0.3636,0.125
"locus3365",0.9167,1,1,0.9091,1,1,0.75,1,1,0.9,1,1,0.7,0.9375,1,1,0.875,1,0.875,0.875,1,0.75,1,0.9,0.8182,1
"locus3366",0.9167,1,1,1,1,1,1,0.875,1,1,1,1,1,1,1,1,0.9444,1,0.9375,0.8333,0.9286,0.9091,0.95,0.9,0.9545,0.9583
"locus3367",0.9583,1,0.9375,0.8636,1,1,1,1,0.8636,0.875,1,1,1,0.9375,0.9091,1,1,1,0.9167,1,1,0.9545,1,0.75,1,0.9167
"locus3368",0.25,0.0833,0.1429,0.4167,0.0625,0.3,NA,0.1875,0,0.6,0.0909,0,0,0,0.0909,NA,0.3333,0,0.1875,0.4167,0.25,0.1,0,0.3125,0,0.15
"locus3369",0.9583,1,1,1,1,0.9167,1,1,0.9545,0.8571,0.8333,1,1,1,1,1,1,1,1,1,1,1,1,0.85,1,1
"locus3370",0.9583,0.9286,0.875,0.8636,1,0.9167,1,0.9375,0.8125,0.9375,0.95,0.9375,0.95,0.8333,0.9091,0.75,0.9444,1,0.875,0.9286,0.5833,1,0.9,0.75,0.8182,0.9583
"locus3371",0.3889,0.9375,1,0.6667,1,1,1,0.9444,0.85,1,1,0.8571,1,0.875,0.9583,1,0.25,0.5,1,0.7222,1,0.5,0.3571,1,0.4375,0.9583
"locus3372",1,0.9375,0.9444,1,1,1,1,1,0.9091,1,1,1,0.95,1,0.7917,1,1,1,0.9375,0.8889,1,1,1,1,1,1
"locus3373",0,0.2857,0.1,0,0,0.0417,0,0,0.1364,0.1429,0,0,0.05,0,0.0417,0,0.1111,0,0.0625,0.0556,0,0,0.05,0,0,0
"locus3374",0.875,1,1,0.9545,0.9444,1,1,0.8571,0.9545,1,1,0.9375,1,0.9375,0.9583,1,0.6667,0.8333,1,1,0.7857,0.9545,0.95,1,1,1
"locus3375",0.9091,1,1,0.9,1,1,1,0.9444,1,1,1,0.875,1,0.9375,1,1,0.7222,1,1,0.9444,1,0.8636,0.95,1,0.95,0.9583
"locus3376",0.7727,0.7,0.7143,0.8636,0.3,0.65,0.875,0.5,0.7778,0.5625,0.7222,0.75,0.5625,0.7,0.625,0.7857,0.9444,1,0.6429,0.6667,0.5,0.9091,0.8125,0.7778,0.7727,0.6111
"locus3377",0.125,0.0625,0.05,0.2727,0,0.0417,0,0,0.0909,0,0.0909,0,0,0.375,0.0417,0,0,0.1667,0.25,0,0,0.0455,0,0,0,0
"locus3378",1,1,0.95,0.9091,1,1,1,1,1,1,1,1,1,1,1,1,1,1,1,1,1,0.5625,0.85,1,0.9545,1
"locus3379",1,1,1,0.8182,1,0.8333,1,1,0.9545,0.8125,1,1,1,0.9375,1,1,1,1,0.9375,1,1,1,1,1,0.9545,1
"locus3380",1,1,1,0.7727,1,1,1,1,1,0.9375,1,1,1,1,0.875,1,1,1,1,1,1,1,0.95,1,0.8636,1
"locus3381",0.5833,0.8125,0.9,0.85,1,0.9583,0.3,0.8889,0.5556,0.75,0.8,1,0.9,0.7143,0.9167,0.65,0.4286,0.5,0.875,0.5556,1,0.3182,0.6875,0.7,0.7727,0.8333
"locus3382",0.8889,0.5,0.8889,0.7,0.8125,0.6,1,0.3889,0.9,0.3125,0.7727,0.8333,0.7143,0.8333,0.7,1,1,1,0.5714,0.7778,0.4,0.65,0.5714,0.9,0.8125,0.5
"locus3383",0.3125,0.125,0,0.55,0.1,0.1111,0.5,0.4167,0.0625,0.3,0,1,0,0.125,0.2143,0.5556,0.375,0,0,0.5,0,0.7778,0.25,0.1429,0.4,0.1111
"locus3384",0.9167,0.7857,0.95,1,0.7778,0.8333,1,0.875,0.85,1,0.625,0.9375,0.6875,0.875,1,0.9091,1,1,0.875,0.9375,0.7143,0.9545,0.7222,0.8889,0.9545,0.8333
"locus3385",0.375,0.5,0.7,0.6,0.5625,0.6364,0.5,0.5625,0.5455,0.5714,0.1818,0.5714,0.45,0.6667,0.5833,0.0909,0.2778,0.6667,0.625,0.6111,0.6429,0.4091,0.625,0.5556,0.6,0.7273
"locus3386",0.875,0.875,0.95,1,1,0.9167,1,0.9375,0.9545,1,0.95,1,0.9444,1,0.9167,0.8,1,1,1,1,1,1,0.95,1,1,1
"locus3387",0.875,0.8125,1,0.8571,1,1,1,1,0.9545,1,1,0.875,1,1,0.9167,1,1,0.5,0.9375,0.9444,1,1,1,1,0.9545,1
"locus3388",0.9167,1,0.95,1,1,1,1,1,0.9091,1,0.9545,1,1,0.4375,0.75,1,1,0.8333,0.7143,0.8889,1,1,0.85,0.9444,0.9091,1
"locus3389",0.9167,1,0.9,1,0.5833,0.7,0.5,0.75,0.8,0.25,0.65,1,0.5,0.6667,0.8333,0.5,1,0.75,0.8571,1,0.3,0.9545,0.9375,0.8333,1,0.6875
"locus3390",0.6818,0.625,0.4444,1,0.6875,0.875,1,0.7143,0.3,0.8125,0.8182,0.9,1,0.5,0.5556,1,0.875,0.5,0.5833,0.8333,0.6429,0.85,0.8571,0.65,0.7,0.7
"locus3391",1,1,1,1,0.9444,0.6667,1,0.9444,1,1,0.95,1,0.8333,1,0.9583,1,1,1,1,1,1,1,1,1,0.9545,0.9583
"locus3392",1,1,0.8889,1,1,1,1,1,1,1,0.9091,1,1,1,1,1,1,1,0.8571,1,0.7857,1,1,0.9444,1,0.9583
"locus3393",0.4545,0.125,0.2222,0.3333,0.0833,0.2083,0.6,0.1111,0.0909,0.125,0.0909,0.1429,0.05,0.2143,0.3333,0.25,0.3333,0.5,0.25,0.125,0.0833,0.55,0.6111,0.3,0.4091,0.125
"locus3394",0.6111,0.75,0.6667,0.6818,0.5,0.5556,0.2,0.5,0.5556,0.8571,1,0.6667,1,0.5714,0.6875,0.4091,0.3571,0.5,0.5833,0.5625,0.625,0.5,0.5,0.8333,0.5556,0.6364
"locus3395",0.0417,0.3,0.3333,0.1667,0,0.3182,0,0.2143,0.1111,0,0.0455,0.1667,0.0556,0.4167,0.125,0,0,0,0.25,0.0625,0,0,0.1,0.2857,0,0.2273
"locus3396",1,0.6429,0.8,0.7727,0.8333,0.7778,1,0.6111,0.8,1,0.8889,0.8333,0.7857,0.9375,0.7917,1,1,0.8333,0.75,0.8889,0.8333,1,1,0.8333,0.95,0.8333
"locus3397",0,0,0,0,0,0.0833,0,0,0.0909,0,0.0455,0.25,0,0.125,0.0833,0,0,0,0.125,0,0,0,0,0.05,0.0909,0.125
"locus3398",0.5833,0.0714,0.25,0.4375,0,0.2273,1,0.125,0.2778,0.25,0.2,0.25,0,0.2857,0.25,0.8182,0.5,0.75,0.1429,0.3571,0,0.4444,0.5,0.1875,0.3571,0
"locus3399",0,0.0714,0,0,0,0.0455,0,0.1111,0.0556,0.0625,0.5,0,0.3125,0.25,0.2778,0,0,0.1667,0.125,0,0.1429,0,0.05,0.2,0,0
"locus3400",1,0.9286,0.8,1,1,0.7,1,0.9444,0.9091,1,0.625,1,0.5833,0.9375,0.875,1,1,1,0.9375,0.8889,1,1,0.95,0.9,0.9091,1
"locus3401",1,0.9375,1,1,0.9444,0.9583,1,1,1,1,0.75,1,0.75,1,0.875,1,1,1,1,1,1,1,1,1,0.95,0.9583
"locus3402",1,0.9286,0.9,1,1,1,1,1,1,1,1,1,1,0.9375,0.9167,1,0.8889,1,0.875,1,1,1,1,1,1,1
"locus3403",0.9167,0.8125,0.85,0.9545,0.9444,0.9583,1,0.7778,0.9545,0.8125,0.9091,0.9375,0.7,0.875,0.8333,1,0.9444,0.75,0.8125,1,0.9286,0.9545,1,1,1,0.9583
"locus3404",1,0.8125,1,1,0.5625,0.7083,1,0.9444,1,0.9375,0.7,1,0.95,1,1,1,1,1,1,1,1,1,1,1,0.9091,0.9167
"locus3405",1,0.8125,0.8889,0.8636,1,0.9167,0.6,0.9444,0.8636,1,0.9545,1,1,0.8125,0.8333,0.8182,1,1,0.875,0.7778,0.9286,0.6875,0.95,0.85,0.9091,1
"locus3406",0,0.125,0.05,0,0.0556,0.2083,0,0.0556,0.0455,0,0.3,0,0.2857,0,0,0,0.0556,0,0,0.0556,0,0,0.05,0.1,0,0.0417
"locus3407",1,1,1,0.8636,1,0.9167,1,1,1,0.9375,1,1,1,1,0.9583,1,1,1,0.9375,1,0.9286,0.95,0.9,0.9,0.9091,1
"locus3408",0.625,0,0.35,0,0,0.15,0,0.6,0.3125,0,0.1364,0.5,0,0.5,0.375,0.0909,0.125,0.5,0.4286,0.3333,0.5833,0.5,0.125,0.4286,0.5,0.45
"locus3409",0.9583,1,1,1,1,1,0.6,1,0.9545,1,1,1,1,0.9375,1,0.8182,1,1,0.875,0.7222,1,0.9545,1,0.9444,0.9091,1
"locus3410",0.9167,1,0.95,1,1,0.9583,0.9,0.8889,0.9091,1,1,1,1,1,1,1,1,0.8333,1,0.9444,1,0.9545,0.95,1,0.9545,0.9545
"locus3411",1,0.9375,1,0.9545,1,0.9167,0.625,1,1,1,1,1,1,1,1,0.85,0.9444,1,1,0.8889,1,1,0.9,0.95,1,1
"locus3412",1,0.875,1,1,0.9444,0.7917,1,1,1,1,0.875,1,0.75,1,0.9167,1,1,1,1,1,0.9286,1,1,1,0.8,1
"locus3413",0.85,0.3,0.3571,0.5833,0.8125,0.2727,0.9,0.8333,0.5625,0.9167,0.3,0.8333,0.4375,0.5714,0.5417,0.7727,0.625,0.5,0.6875,0.7778,0.6667,0.8,0.5714,0.5556,0.8,0.9167
"locus3414",0.4444,0.5,0.25,0.7222,1,0.5909,0,0.5,0.3125,0.625,0.65,0.5,0.5833,0.4375,0.4167,0.1667,0.4167,1,0.4167,0.375,0.625,0.875,0.375,0.4444,0.5,0.6
"locus3415",1,1,0.9,0.9,0.9444,1,1,1,0.8636,1,0.8,0.9375,0.5556,1,0.9167,1,1,1,1,1,1,1,0.95,0.9,1,0.875
"locus3416",0.9583,0.9375,0.8,1,0.8889,1,1,0.9444,1,0.9375,0.9545,0.9375,1,1,0.9545,1,1,1,0.875,0.8333,0.9286,0.6429,1,1,0.8636,0.875
"locus3417",0.6111,0,0.4444,0.4,0,0.0556,1,0.6667,0.6875,0.5,0.1364,0.5,0,0.3333,0.2222,0.9545,0.6667,0.5,0.4167,0.7143,0.6,0.75,0.375,0.25,0.4,0.375
"locus3418",0.9583,1,1,0.7,1,0.9545,1,0.875,0.9091,1,1,0.6429,1,1,0.9167,0.9545,1,0.8333,1,0.875,0.75,0.45,0.6429,0.8,0.9545,0.9167
"locus3419",0.25,0,0.1,0.5625,0,0.0417,0,0,0,0.1875,0,0.125,0,0.1429,0.0417,0,0.3333,0,0.0625,0,0.0714,0.1111,0.25,0.05,0.2,0.0417
"locus3420",0.9583,0.8125,0.95,1,1,0.9583,1,0.8889,0.9545,1,1,0.9375,1,1,0.9545,1,0.9444,1,0.875,0.9444,0.7857,1,1,0.95,1,1
"locus3421",0.3571,0.5833,0.9375,0.45,0.625,0.6,1,0.8333,0.6111,0.8,0.55,0.75,0.5625,0.6429,0.625,0.9444,0.4286,0.6667,0.875,0.5,0.75,0.2727,0.5556,0.6,0.5,0.7917
"locus3422",0.5,0.75,0.45,0.7778,1,0.75,0.125,0.8125,0.4,0.6667,0.8636,0.8333,1,0.6,0.6364,0.35,0.375,0.6667,0.7,0.5714,0.5,0.8,0.1429,0.8125,0.75,0.8333
"locus3423",0.6364,0.875,0.8889,0.9545,0.9444,1,0.9,0.9444,0.7727,0.8125,0.9545,0.8571,0.95,0.8125,0.875,0.8182,0.5556,1,0.9375,0.75,0.9286,0.8636,0.9,0.95,0.7727,1
"locus3424",0.9286,0.5,0.3,0.75,0.6667,0.3636,0.3333,0.6111,0.5,0.6,0.35,0.5,0.2778,0.7143,0.4375,0.75,0.7857,0.6667,0.5714,0.5714,0.75,0.4444,0.5833,0.5556,0.6429,0.7727
"locus3425",0,0.0625,0,0,0,0,0,0.4,0,0,0.0455,0.125,0,0,0,0,0,0,0,0,0,0.0455,0.05,0,0,0.5
"locus3426",0.8333,1,0.8889,1,1,0.9167,0.75,1,0.9,0.6429,1,0.9375,1,0.9375,0.9583,0.65,1,1,1,0.6667,1,1,0.95,0.95,0.9545,1
"locus3427",0.3333,0.2,0.625,0.1,0,0.2778,0.125,0.0556,0.5,0.5,0.1667,0,0,0.4286,0.375,0.15,0.1429,0.5,0.3333,0.5,0.2,0.4286,0.2857,0.3571,0.1875,0.0417
"locus3428",1,1,1,1,0.8889,1,1,0.8333,1,1,0.9545,0.875,1,1,0.9583,1,1,1,1,1,0.7143,1,1,0.9,0.9545,1
"locus3429",1,1,0.9,1,0.75,0.9,1,0.9375,0.9545,1,0.9545,0.8125,0.9,0.9375,0.9583,1,1,1,1,1,1,1,1,1,1,0.8333
"locus3430",0.9583,0.9375,1,1,0.9444,0.9167,1,0.9444,1,1,1,1,0.85,1,1,1,0.9375,1,0.9375,1,1,1,0.95,1,1,1
"locus3431",0,0.125,0,0,0.0556,0.125,0,0,0,0.0625,0.2273,0,0.0556,0,0.1364,0,0,0,0.125,0,0.2143,0,0,0.1,0,0.0455
"locus3432",0.0455,0.4,0.2222,0.3125,0.875,0.5,0.375,0.3571,0.2,0.4,0.5909,0.5714,0.7222,0.4375,0.375,0.2727,0.5625,0.3333,0.5,0.4444,0.1667,0.0556,0.1,0.5714,0.4444,0.3
"locus3433",0.5,0.5,0.5625,0.45,0.4286,0.5,0.9,0.2857,0.5,0.9286,0.3571,0.5,0.6429,0.3333,0.5,1,0.3,0.5,0.5714,0.7143,0.3333,0.7143,0.8333,0.4286,0.6667,0.3889
"locus3434",0.8,0.9375,0.9,0.95,0.8333,0.9583,1,0.75,0.95,0.9375,0.9,0.8125,0.95,0.875,0.7917,0.9545,0.875,0.8333,0.8571,0.9444,0.8333,0.9545,0.8571,0.8333,0.75,0.6818
"locus3435",0.4167,0.25,0.2222,0.5556,0.125,0.1667,0.75,0.4444,0.2273,0.2857,0.1364,0.5,0.15,0.4375,0.2917,0.15,0.3333,0.1667,0.4375,0.4375,0.3,0.0455,0.4286,0.35,0.3,0.1667
"locus3436",0.5909,0.625,0.6,0.625,0.4167,0.6,0.6667,0.7857,0.5,0.5,0.7778,0.7,0.6,0.6875,0.5,0.5,0.6429,0.5,0.5625,0.6429,0.5,0.6,0.7,0.6,0.6364,0.5625
"locus3437",0.0417,0.2857,0.05,0.25,0.1111,0.1667,NA,0.0556,0.0455,0.4375,0.0455,0,0,0,0.0455,0,0,0.1667,0.125,0.25,0.0714,0,0,0.2,0.0909,0.1364
"locus3438",1,1,0.9,0.9545,1,1,1,1,1,0.9375,1,1,1,0.875,1,1,0.9444,1,0.875,1,1,1,1,1,1,0.9583
"locus3439",1,0.9375,1,1,1,0.5833,1,0.6429,1,1,0.8636,0.9375,0.75,0.9375,0.9583,0.5,1,1,0.9375,1,0.9286,0.9545,1,0.8889,1,0.9444
"locus3440",0.7083,0.6875,0.8125,0.5714,0.6429,0.5714,0.875,0.875,0.8182,0.6,0.75,1,0.875,0.6429,0.8333,0.8125,0.8125,0.6667,0.9167,0.75,0.8,1,0.65,0.75,0.8636,0.75
"locus3441",0.75,0.5,0.8,0.8636,0.8571,0.7083,1,0.8333,0.7273,0.6429,0.75,0.7,0.5625,0.75,0.75,0.25,0.4444,0.8333,0.875,0.4444,0.9286,0.9091,0.75,0.8125,0.5625,0.6667
"locus3442",1,1,1,1,1,1,1,0.8889,1,1,1,0.9375,1,1,0.9583,1,1,1,0.9375,0.9444,1,1,1,0.85,1,0.9167
"locus3443",0,0.0625,0.1,0,0,0,0,0,0.1,0,0,0,0,0,0.0833,0,0,0,0.125,0,0,0.5,0.15,0.1,0,0
"locus3444",0.2273,0,0.1,0.0455,0.1667,0.1818,0,0.2,0,0.0625,0.1364,0.2,0.15,0.125,0.0417,0,0.3333,0,0.0625,0.0556,0.2857,0,0,0,0.2143,0.2778
"locus3445",0.5,0,0,0.2273,0.0556,0.0833,0.4,0.0625,0.2727,0,0.0909,0.25,0,0.0625,0.0833,0,0.4444,0.1667,0.1875,0.2222,0.0714,0.4444,0.4,0,0.25,0
"locus3446",1,1,0.95,0.9545,1,0.875,1,1,0.9545,1,0.875,1,1,0.9375,0.9583,0.8636,0.9444,1,0.9375,0.9444,1,1,1,1,1,1
"locus3447",0.9583,1,0.95,1,1,1,1,0.8333,0.9545,1,1,1,0.95,1,0.8636,0.9545,1,1,1,0.9444,0.7857,1,0.95,1,1,0.9583
"locus3448",0.9091,1,1,1,1,1,1,0.9444,0.8636,1,0.9545,1,1,0.9375,0.9167,0.9545,1,1,0.875,0.8333,1,1,0.95,1,0.9545,1
"locus3449",1,0.8125,1,0.75,1,0.9167,1,0.9444,0.9,0.9375,1,1,1,1,0.875,1,0.7857,0.8333,0.9375,0.8889,0.9286,1,0.9286,1,0.9545,1
"locus3450",0.9583,0.6875,1,1,0.9444,1,1,0.9444,1,0.9375,1,0.9375,1,1,0.9167,1,1,1,0.7143,0.9444,1,0.7222,0.95,0.8889,1,1
"locus3451",1,1,0.95,1,0.9444,0.75,1,0.9444,0.9091,0.9375,1,1,1,0.9375,0.9583,1,1,1,1,1,0.8571,1,1,0.85,0.9545,1
"locus3452",1,1,1,1,1,1,1,0.5556,1,1,0.9545,1,1,1,0.9583,1,1,1,0.9375,0.9444,1,0.9545,1,0.95,1,0.85
"locus3453",0.9583,0.8571,1,1,0.9375,0.8636,1,1,1,1,0.7778,1,0.5625,1,1,1,1,1,1,1,1,0.9545,1,1,1,0.9583
"locus3454",0.3333,0.0833,0.1111,0.3889,0.3333,0.1818,0.1,0,0,0.25,0.1429,0.125,0.4,0.0714,0.2273,0.0909,0,0.25,0.1875,0.0833,0,0.1,0.6667,0.1111,0.0625,0.2
"locus3455",1,0.875,1,1,0.8333,0.9444,1,1,1,1,0.9091,0.9375,0.5833,1,1,1,0.9444,1,1,1,1,0.625,0.95,1,0.9091,0.875
"locus3456",1,1,1,1,0.8889,1,1,0.9444,1,0.875,0.8636,1,0.95,1,1,0.9,1,1,1,1,1,1,1,0.95,0.9091,0.9583
"locus3457",0.75,1,0.95,0.8,1,1,NA,1,1,1,0.9545,0.8125,1,0.875,1,0.5,0.625,1,1,1,1,0.625,1,1,0.7222,1
"locus3458",0.3,0.5,0.4167,0.4375,0.4167,0.6875,0.5,0.375,0.4286,0.1667,0.125,0.5,0.6875,0.5,0.5,0.3,0.2778,0.5,0.5714,0.4375,0.4,0.9,0.5625,0.5,0.4375,0.6111
"locus3459",1,1,0.85,0.8636,1,1,1,1,0.9091,1,0.9545,0.9375,1,1,1,1,0.9444,1,1,0.8889,0.9286,0.7222,0.9,0.8,0.7727,1
"locus3460",0.0417,0,0,0,0.0556,0.1364,0,0,0,0,0.4375,0,0.2778,0.0625,0,0,0,0,0,0,0,0,0,0,0.0909,0
"locus3461",0.8,1,0.95,0.8333,0.8333,0.9545,1,0.9375,1,0.75,0.9091,0.6,0.95,0.875,0.9167,0.7222,1,0.5,0.875,0.9286,0.7,0.875,0.8333,0.8333,0.7222,0.8889
"locus3462",1,1,1,1,0.7778,1,0.75,0.9444,1,1,1,1,1,1,1,0.625,1,1,0.9375,1,1,1,1,1,0.9091,0.75
"locus3463",0.3571,0.2857,0.4444,0.1875,0.5,0.45,0.5,0.125,0.4,0.7,0.6,0,0.7,0.6429,0.4167,NA,0.8333,0.1667,0.5625,0.4167,0.1667,0.0455,0.125,0.375,0.3,0.2
"locus3464",0.9167,0.9375,0.9,1,1,1,1,1,1,1,1,0.75,1,1,1,1,0.8889,1,1,1,1,1,1,0.95,1,1
"locus3465",0.125,0.25,0.0556,0,0,0.375,0,0.1111,0,0,0.3,0,0.1429,0.125,0.0833,0.0455,0,0.3333,0,0,0,0.0909,0,0.1,0.0455,0
"locus3466",0.9583,1,0.9,1,1,1,1,1,0.6364,1,1,0.875,1,1,0.875,1,1,1,0.9286,1,1,1,1,0.95,1,1
"locus3467",1,1,1,1,1,1,1,0.7222,1,1,1,1,1,1,0.9583,1,1,1,0.9286,1,0.75,0.95,1,1,0.9545,0.75
"locus3468",0.9583,0.7,0.9,1,1,0.6875,1,0.9444,1,0.8125,0.375,1,0.4167,0.875,0.9167,1,1,1,0.9375,1,0.9286,0.9545,1,0.95,1,0.9583
"locus3469",0,0.1875,0.15,0,0.0625,0.1818,0,0.125,0.2273,0.0625,0.05,0.0625,0.125,0.2143,0.25,0,0,0,0.2857,0.1111,0,0.0455,0.05,0,0.2273,0.0909
"locus3470",1,1,0.7,1,1,1,1,0.875,0.75,1,0.9545,0.9375,1,0.3571,0.7917,1,1,1,0.7857,0.6875,0.8571,1,0.8333,0.8889,0.8182,1
"locus3471",0.1364,0,0.2,0,0.0556,0,0.1,0,0.2778,0,0.0455,0,0,0.3125,0.3333,0,0,0.1667,0.375,0.1875,0.0833,0.0455,0.1,0,0.0455,0
"locus3472",0.9545,0.9375,1,0.85,0.9444,1,1,0.8889,1,0.9375,1,1,1,1,1,1,1,0.8333,0.9375,1,0.9286,1,0.95,1,1,1
"locus3473",0.2727,0.2143,0.3889,0.4375,0.375,0.3182,0.6667,0.4375,0.5,0.6429,0.1111,0.3,0.0714,0.5,0.6,0.6,0.25,0.3333,0.375,0.5,0.3333,0.3889,0.4286,0.6429,0.4375,0.3889
"locus3474",0.9583,0.75,0.7222,0.85,0.8125,0.8125,1,0.75,0.8636,0.9286,0.7857,0.75,0.6,0.6667,0.8182,1,1,1,0.7857,0.8571,0.5,0.8,0.85,0.8125,0.9,0.8
"locus3475",0.9545,1,0.85,1,1,1,1,1,0.8889,1,1,0.9375,1,1,0.9545,0.9545,0.8889,0.8333,0.8571,0.9375,1,1,0.9,0.95,1,1
"locus3476",0.9583,1,0.8,0.9545,1,0.9583,1,0.9444,0.9545,0.9375,0.9545,1,1,0.9375,0.9583,1,0.9444,0.8333,1,1,0.7857,1,0.95,1,1,0.9167
"locus3477",0.9583,1,1,1,0.75,1,1,1,1,1,1,1,1,1,1,1,0.6875,1,1,1,0.9286,1,1,1,0.85,0.8
"locus3478",0,0,0.3571,0,0,0.0417,0,0,0.0909,0,0,0,0,0.1429,0.1111,0,0,0,0,0,0,0,0,0.0556,0,0
"locus3479",0.7727,0.625,0.6667,0.95,1,0.8333,1,1,0.6,1,0.8636,0.875,0.95,0.9167,0.75,1,1,1,0.9,0.7857,1,0.9444,0.6429,1,0.8571,0.8333
"locus3480",1,0.8333,1,0.9545,1,0.8333,1,1,1,1,0.9545,0.875,0.85,1,0.9167,1,1,1,1,1,1,0.9091,1,1,1,0.9583
"locus3481",0.9167,1,0.95,0.6818,0.9444,1,1,1,0.85,1,1,1,1,1,1,1,0.9444,0.8333,1,1,1,1,1,1,0.9444,1
"locus3482",0.9583,1,0.95,0.7778,0.9444,0.9167,1,0.75,0.8182,1,1,1,0.95,0.9375,0.9583,1,1,0.6667,0.9375,0.9444,1,0.875,0.95,1,0.9545,0.8125
"locus3483",0.9167,1,1,0.9545,0.7778,0.875,1,0.9444,1,1,0.8182,1,0.95,0.9375,0.9545,0.9545,1,1,1,1,1,0.8889,0.75,1,0.9091,1
"locus3484",0.875,0.9375,0.95,0.8333,1,0.9583,1,1,1,1,1,1,1,0.8125,1,1,0.8889,1,1,0.9444,1,1,0.6,1,1,1
"locus3485",0.2778,0.0714,0.35,0.2222,0.0625,0.2083,0,0.1667,0.4091,0.2143,0.3889,0.1429,0.1429,0.5625,0.4091,0,0.1667,0.3333,0.3125,0.3571,0.0833,0.0909,0.2143,0.2778,0.0909,0.2083
"locus3486",0.9167,0.875,0.95,0.9545,1,0.7727,1,0.875,1,0.9375,0.8636,0.9375,0.85,0.9375,1,1,1,0.8333,0.9286,0.8889,0.9286,1,0.95,0.9444,0.9545,0.7727
"locus3487",0.9583,0.9375,1,0.9091,1,1,1,0.9444,0.9545,1,1,1,1,1,0.9583,1,1,1,1,1,1,1,0.9,1,0.9545,1
"locus3488",0.7083,0.8125,0.5,0.8,0.6667,0.5,1,0.6667,0.7,0.8571,0.4444,0.7857,0.3571,0.5625,0.5417,0.9545,0.6111,0.5,0.6429,0.9444,0.4167,0.85,0.5714,0.7778,0.5909,0.625
"locus3489",0.25,0.5,0.5556,0.05,0.0714,0.1364,0,0.3889,0.6,0,0.1364,0.0833,0.1,0.6429,0.45,0,0.3571,0,0.3571,0.5,0.2,0.0556,0.25,0.2,0.1818,0.3
"locus3490",0.75,0.8125,0.8333,0.4,0.5,0.5,0.75,0.75,0.75,0.5,0.55,0.6,0.55,0.9286,0.75,0.8333,0.875,0.75,0.875,0.75,0.6,0.8,0.8125,0.9375,0.9444,0.5
"locus3491",1,0.5714,1,1,0.9167,0.9091,1,0.8333,1,0.75,0.375,1,0.4375,1,1,1,1,1,0.9375,1,1,1,0.95,1,0.7727,0.7727
"locus3492",0.5455,0.5,0.7857,0.6667,0.0714,0.2778,0.4,0.3333,0.7727,0.1429,0.1111,0.25,0,0.7143,0.75,0.05,0.1667,0.3333,0.7143,0.75,0.375,0.8889,0.75,0.55,0.7,0.25
"locus3493",0.5714,0.5833,0.7,0.5714,0.5,0.5,0.8,0.6429,0.6,0.8333,0.65,0.5,0.6429,0.75,0.875,0.85,0.7857,1,0.5,0.8,0.75,0.8182,0.75,0.6429,0.75,0.6
"locus3494",0.8182,1,1,0.8333,0.6111,1,1,0.9444,1,1,0.9545,1,1,0.875,1,1,0.8571,0.8333,1,1,1,0.5625,0.8889,1,0.9545,0.8333
"locus3495",0.9167,1,0.95,1,1,0.9583,1,1,1,1,1,0.9375,0.95,1,1,1,0.9444,1,0.9375,0.8889,1,1,1,1,0.9091,1
"locus3496",0.4167,0.5833,0.4375,0.5833,0.75,0.6667,0.5,0.8333,0.5,0.5,0.7,0.5,0.9444,0.5,0.3,0.3333,0.5714,0.5,0.5,0.375,0.6667,0.1429,0.25,0.5,0.5,0.6667
"locus3497",0.0417,0,0.15,0,0.0556,0,0,0.0556,0,0.125,0,0,0,0.0714,0.0417,0.0909,0,0,0,0,0,0,0,0.0556,0.0455,0
"locus3498",0.5455,0.5833,0.6667,0.5,0.9167,0.625,0.9,0.6875,0.75,0.625,0.85,0.75,0.8,0.7857,0.6667,0.8333,0.6875,0.6667,0.5,0.7143,0.4,0.5909,0.75,0.65,0.6667,0.7
"locus3499",1,0.9375,0.95,1,1,0.9583,1,1,0.9545,0.9375,1,0.9375,1,0.875,1,0.75,1,1,1,1,1,1,0.95,1,1,1
"locus3500",0.7727,1,0.95,1,1,0.9583,1,1,1,1,1,0.9375,1,1,1,1,0.9444,1,1,1,0.9286,0.8333,1,1,0.9545,1
"locus3501",0.9167,1,0.95,0.8182,0.875,0.9167,0.625,0.9444,1,1,1,1,1,1,0.9167,0.75,1,1,0.9375,0.7778,1,1,1,1,1,0.8636
"locus3502",0.9167,1,0.9,0.9545,1,0.9583,1,1,1,1,1,1,1,0.9375,1,1,0.9444,1,0.9375,1,1,0.9167,1,0.85,1,0.9583
"locus3503",0.9167,0.8125,0.65,0.75,1,0.7083,1,0.9286,0.7727,1,1,1,1,0.7857,0.6667,1,0.8333,0.6667,0.6875,1,0.9167,0.9545,0.9,0.85,0.9091,0.875
"locus3504",0.7917,1,1,1,1,1,1,0.7778,1,1,1,0.9375,1,1,0.8333,1,1,1,1,1,0.5,0.8333,0.95,1,0.9545,0.875
"locus3505",0.9583,0.9375,0.7,0.9545,1,1,1,1,0.9545,1,1,0.9375,1,0.9375,0.9091,1,1,0.8333,1,0.75,0.7143,0.9545,0.8571,1,1,1
"locus3506",0.3636,0.4,0.6667,0.55,0.5556,0.55,0,0.5625,0.3,0.25,0.4,0.6,0.5625,0.5714,0.4545,0.0455,0.4375,0.1667,0.5714,0.4444,0.8,0.75,0.4444,0.45,0.55,0.625
"locus3507",0.9583,1,1,1,1,0.9583,0.6,1,0.9091,0.6875,0.9545,1,1,0.7857,0.9167,0.3636,0.6429,1,0.9286,0.875,1,0.9545,0.875,1,0.8182,0.9583
"locus3508",0.5,0.875,0.8333,0.8333,0.8333,0.875,0.9,0.6429,0.7778,1,0.9091,0.875,1,0.8125,0.95,0.85,0.4444,0.8333,0.875,0.875,0.7,0.25,0.6875,1,0.8125,0.7917
"locus3509",1,0.875,0.95,1,1,0.9545,1,1,0.9545,1,1,1,1,0.875,0.875,0.9545,1,1,1,1,1,1,1,0.95,1,1
"locus3510",1,0.9286,1,1,0.9444,1,1,0.9444,1,1,1,0.9375,1,0.9375,0.9167,0.9545,1,1,1,0.9444,0.8571,0.9545,1,0.95,0.9545,1
"locus3511",0.8333,0.75,0.8,1,1,0.7917,1,1,0.8636,1,0.85,0.9375,0.9,0.9375,0.8636,1,0.9444,0.8333,1,0.8889,0.8571,1,0.95,0.8,0.9545,1
"locus3512",0.875,0.4286,0.625,0.9,0.3889,0.2273,1,0.5556,0.85,0.5,0.3889,0.7857,0.5556,0.5,0.7917,0.9545,0.9444,0.5,0.6429,0.8125,0.5833,0.9091,0.9,0.5,0.6111,0.4583
"locus3513",0.0625,0.4286,0.1429,0.2143,0.6111,0.6429,0.3333,0.3333,0.1667,0.125,0.65,0.125,0.4444,0.125,0.15,0.125,0,0.5,0.3571,0.0625,0.2143,0.0455,0,0.25,0.5625,0.2273
"locus3514",0.5909,0.4,0.4,0.75,1,0.75,1,0.75,0.375,1,0.5,0.625,0.5,0.2143,0.2273,0.9444,0.5,0.6667,0.2,0.5556,0.625,0.5,0.6429,0.6111,0.45,0.6818
"locus3515",0,0.125,0.2222,0.2,0.0833,0.1667,0,0.3125,0.1875,0.2857,0.1,0,0.0833,0.2143,0.1,0,0.25,0.3333,0.1875,0.2143,0.1667,0.2778,0.0625,0.1875,0.1875,0.1111
"locus3516",0.4,0.4,0.1667,0.625,0.1,0.3333,0.1,0.0833,0,0,0.6875,0.125,0.5625,0,0,0,0.1667,1,0,0.2,0,0.5,0.8333,0.0625,0.5,0.0455
"locus3517",0.8636,1,0.95,1,1,1,1,1,1,0.9375,0.9545,1,1,1,1,1,0.9375,1,1,1,1,0.3333,1,1,0.9,1
"locus3518",0.9583,1,0.8,0.9091,0.9,0.9583,1,0.6875,0.9,1,0.9091,0.7857,0.95,0.75,0.6667,1,1,1,0.9,1,0.6,0.9545,1,0.875,0.9,0.9375
"locus3519",0.25,0.25,0.25,0.2273,0.0556,0.3333,1,0.1111,0.2273,0.5625,0.2727,0,0.05,0.3571,0.3333,0.9545,0.125,0.1667,0.25,0.2222,0.1429,0,0.2,0.3889,0.1818,0
"locus3520",1,0.9375,0.95,0.9545,1,1,1,1,1,1,1,0.8125,0.8333,0.9286,1,1,1,1,0.875,1,0.9167,1,0.9,0.95,0.8636,0.7
"locus3521",0.3636,0.25,0.3,0.25,0.375,0.5,0,0.5714,0.3182,0.1429,0.4,0.5,0.375,0.3571,0.375,0.0455,0.5,0.5,0.4286,0.3125,0.375,0.3889,0.4444,0.45,0.55,0.3
"locus3522",0.9583,0.9375,1,1,1,0.9,1,1,1,1,1,1,1,1,0.9583,1,1,1,1,0.9444,0.9286,1,1,0.95,1,1
"locus3523",0.6111,1,1,0.3333,1,1,0,0.9444,1,0.7,0.9091,0.7143,0.95,1,0.875,0.2143,0.2857,0.8333,0.9286,1,1,0.2857,0.4167,1,0.6,0.9583
"locus3524",1,1,1,1,1,1,1,0.9444,1,0.7143,0.9545,0.9375,0.95,1,1,1,0.8333,1,1,1,1,1,1,1,1,0.9583
"locus3525",0.9167,0.9375,0.95,0.8889,1,0.75,1,0.8889,1,0.8125,1,0.9375,0.95,0.9167,0.875,1,0.9444,1,1,1,0.9286,0.9091,0.75,0.9,0.9545,1
"locus3526",0.9167,1,1,1,1,1,1,1,0.9545,1,1,1,1,0.9375,1,1,0.875,1,1,1,1,0.5,0.9,1,1,1
"locus3527",0.8182,1,1,1,1,1,1,1,1,0.9375,0.9545,0.875,1,1,0.9583,1,1,0.3333,1,0.9444,0.9286,0.875,0.9,1,0.75,1
"locus3528",1,1,1,1,0.625,0.8333,1,0.8333,1,1,0.8,1,0.85,1,1,1,1,1,1,1,1,0.9545,1,1,0.9545,0.8636
"locus3529",1,1,1,1,1,1,1,0.8333,1,1,1,1,1,1,1,1,1,1,1,1,1,0.9545,0.95,1,1,0.6818
"locus3530",0.8,1,1,1,1,1,1,1,1,1,1,0.6875,1,0.9375,1,1,0.7857,0.6667,1,1,0.8571,0.8182,0.8,1,0.6667,0.875
"locus3531",0.9167,1,1,0.9091,1,0.9583,0.625,1,0.9091,0.9375,1,1,1,0.9375,1,1,1,0.8333,1,1,1,1,1,0.9,0.9545,0.9583
"locus3532",0.1111,0.0625,0.1667,0.1364,0,0,1,0,0.125,0.0625,0,0,0,0,0.125,0.9444,0.1429,0.1667,0,0,0.1429,0.0455,0.05,0.0556,0.05,0
"locus3533",0.9583,0.9375,0.9,1,1,1,1,1,0.9091,1,1,1,1,1,0.9583,1,0.9375,1,1,0.7222,1,1,1,1,0.9545,1
"locus3534",1,1,0.95,1,1,0.9583,1,0.75,1,1,0.9545,0.9286,1,1,0.875,1,1,1,0.9375,1,0.9,1,1,0.95,0.9545,0.8636
"locus3535",0.25,0.4,0.4375,0.2857,0.5,0.4375,0.9,0.5,0.35,0.375,0.8571,0.3333,0.6667,0.4375,0.3333,0.6364,0.7857,0,0.25,0.4286,0.4286,0.1111,0.3333,0.6875,0.5625,0.5
"locus3536",0.75,0.9375,0.95,1,1,0.9167,1,1,0.8636,1,1,0.9375,1,0.875,0.9167,1,0.9,1,0.9375,0.7222,1,1,0.75,0.95,0.9545,1
"locus3537",1,1,0.9,1,1,0.9583,1,1,0.95,1,0.9545,1,0.95,0.9375,0.7917,1,1,1,1,1,1,1,1,0.8889,1,1
"locus3538",0.9583,1,1,1,1,1,1,0.9444,0.9091,1,1,1,1,0.7857,1,1,0.9444,1,0.9375,1,1,1,1,1,0.8636,1
"locus3539",0.85,0.375,0.9375,0.7727,0.6667,0.4545,0.375,0.7778,0.95,0.7857,0.35,0.9375,0.5,0.5833,0.8333,0.6,0.875,0.8333,0.875,0.875,1,0.9091,0.8125,0.8333,0.8,0.9091
"locus3540",1,0.9375,1,0.9091,1,0.9583,1,1,1,0.8125,1,1,0.95,0.9375,1,1,1,1,1,1,1,1,0.9,1,1,1
"locus3541",0.125,0.125,0.1667,0.0714,0,0.125,0,0.1111,0.0455,0.0625,0,0.0625,0,0.2143,0.1364,0,0,0.5,0,0.0714,0,0.0455,0.1667,0.1667,0.0909,0.0833
"locus3542",0,0.125,0.05,0,0,0,0,0,0.0455,0,0.3333,0,0.3,0,0,0,0,0,0,0,0,0,0,0,0,0.0833
"locus3543",1,0.9375,1,1,0.5714,0.875,1,1,1,1,1,0.9375,1,0.9375,0.9583,1,1,1,1,1,1,1,1,1,0.8182,0.6667
"locus3544",1,0.9375,0.9,1,0.7778,0.9167,1,1,1,1,1,1,1,0.9375,1,1,1,1,1,1,1,0.9545,1,0.95,0.9545,0.9583
"locus3545",1,0.9375,0.95,1,1,1,1,1,0.9545,1,1,1,0.95,0.9375,0.9167,1,1,1,1,1,0.7857,1,0.9,1,1,1
"locus3546",0.625,0.5714,0.6111,0.5,0.5714,0.6818,1,0.3889,0.5,1,0.55,0.6875,0.3333,0.5714,0.4583,0.9545,0.5625,0.75,0.5,0.5556,0.5,0.8636,0.5625,0.5556,0.7727,0.6364
"locus3547",0.7917,1,0.8889,1,1,1,1,0.8889,0.7273,1,0.95,0.9375,1,0.875,0.7273,1,0.7778,1,0.9375,0.5714,0.8571,0.9091,1,0.85,0.8636,1
"locus3548",0.5,1,1,0.7143,1,1,1,0.9444,0.8125,0.9375,0.9091,0.8,1,0.9,0.875,1,0.75,1,0.9375,0.8571,1,0.5556,0.7857,0.9444,1,0.9583
"locus3549",0.125,0.1429,0,0.7222,0,0.5909,0,0,0,0.125,0,0,0,0.0625,0.0417,0.0455,0,0.25,0,0,0,0.0455,0.6667,0.1,0.05,0
"locus3550",0.875,1,1,0.8182,1,0.9167,1,0.8889,1,1,0.9545,1,1,1,0.9583,1,1,0.8333,1,1,1,1,0.9444,1,1,0.7917
"locus3551",0.7917,1,1,1,1,1,0.625,1,1,1,1,1,1,0.9375,1,0.5714,1,1,1,1,0.8571,1,0.85,0.95,1,1
"locus3552",0.9583,1,1,0.7727,0.9444,0.9583,0.9,0.8889,1,1,0.8889,1,0.95,1,1,1,1,1,0.9375,1,1,0.7,1,1,0.9091,1
"locus3553",1,0.9375,1,0.9545,0.9444,0.875,1,1,0.9545,1,0.9545,1,0.9,0.8125,1,1,1,0.8333,0.9375,1,1,1,0.9,0.95,1,0.9167
"locus3554",0.875,0.9286,0.85,1,1,0.9545,1,1,0.9545,1,1,0.9375,0.95,0.9375,0.9167,1,1,1,0.9375,0.9375,1,1,1,1,0.8636,1
"locus3555",0.9,0.7,0.4444,0.8,1,0.8333,1,0.875,0.4375,1,0.6875,0.9,0.9,0.4375,0.35,1,1,1,0.5,0.6,0.8,0.95,1,0.5,0.8182,0.65
"locus3556",0.5833,0.4375,0.55,0.5455,0.5625,0.5833,0,0.5,0.6818,0.4375,0.7143,0.625,0.9286,0.4375,0.5,0.3182,0.5,0.5,0.5625,0.5556,0.5714,0.6364,0.5556,0.5,0.5909,0.5
"locus3557",0,0,0,0.0455,0,0.0417,0,0.2778,0.0455,0,0,0,0,0,0.0833,0,0,0,0.1429,0.0556,0,0.2273,0,0.1111,0.0455,0.2778
"locus3558",0.9583,0.75,1,1,1,0.9583,1,1,0.9,1,1,1,0.95,0.6667,0.8636,1,1,1,0.8,1,0.875,1,1,0.6111,1,0.9167
"locus3559",0.7778,1,1,0.9545,1,1,1,0.875,1,1,1,0.75,0.95,1,0.9091,1,1,1,1,1,1,0.375,0.8889,1,0.6818,0.5417
"locus3560",0.1667,0.1875,0.1667,0,0,0,0,0.1111,0.2,0,0.1364,0,0,0.3571,0.1,0,0,0,0.3333,0.1429,0,0,0.05,0,0,0
"locus3561",0.5833,0.5625,0.65,0.9091,0.6111,0.5417,0.9,0.8333,0.7727,0.8571,0.55,1,0.4444,0.6875,0.75,0.75,0.8889,0.8333,0.5625,0.7778,0.5833,1,0.9444,0.8889,0.7222,0.9167
"locus3562",0.8333,0.5,0.8333,0.6818,0.1429,0.2,1,0.5,0.7,0.7857,1,0.5714,0.5,0.875,0.8333,0.9545,0.6667,0.8333,0.8125,0.875,0.4,0.8636,0.6875,0.4,0.5909,0.2083
"locus3563",0.7143,0.5833,1,0.5,0.7222,0.4375,NA,0.6667,1,0.5,0.5,0.8333,0.6111,0.7857,1,0.5,0.6429,1,0.8125,0.7222,0.5833,0.9545,0.6111,0.8889,0.625,0.7273
"locus3564",0,0.125,0.1,0,0,0,0,0,0.0455,0,0,0,0,0.375,0.0417,0,0.0556,0.1667,0.0625,0,0.1429,0,0,0,0,0
"locus3565",1,1,1,0.9,1,1,1,1,0.9091,1,1,0.9375,0.9,1,1,1,0.9444,0.8333,1,1,1,0.7273,0.95,1,1,1
"locus3566",0.625,1,1,1,1,1,1,1,1,1,0.9545,0.875,1,1,0.9583,1,1,0.8333,1,0.9444,1,0.45,0.8333,1,0.9091,1
"locus3567",0.9583,0.9375,1,0.8636,1,1,1,1,1,0.9375,1,0.9286,1,1,1,1,1,1,0.875,0.8889,1,1,0.95,0.9,0.95,1
"locus3568",0.9167,0.9375,0.7778,1,1,1,1,1,1,0.9375,0.9545,1,1,0.9375,0.8182,1,1,0.6667,1,1,1,0.9375,1,0.8,1,1
"locus3569",0.8333,0.6429,1,0.9545,1,0.9167,1,0.9444,0.95,0.9375,0.6364,1,0.9375,1,0.9167,0.9545,1,1,0.9375,1,0.9286,0.9545,0.9,1,1,0.9583
"locus3570",0.9583,1,1,1,1,0.9167,0.3,0.8889,0.9091,1,0.9091,1,0.95,1,0.9583,0.5,0.8333,1,1,0.9444,1,0.8333,1,0.95,1,0.8636
"locus3571",0.25,0.2143,0.3333,0.125,0.0833,0.1667,1,0.5556,0.35,0.4167,0.4286,0.4,0,0.3,0.5,0.9545,0.2857,0.25,0,0.375,0.4167,0.5,0.125,0.125,0.3571,0.5
"locus3572",0.9583,1,1,1,0.8889,1,1,1,1,1,0.8636,1,1,1,1,1,1,1,0.9375,1,1,1,0.95,1,0.7727,0.9545
"locus3573",0,0,0.2,0,0,0,0,0,0,0,0,0,0.1,0,0.0417,0,0,0,0.0625,0,0,0.2222,0,0.05,0,0
"locus3574",0.625,0.8571,0.375,0.4545,1,1,1,0.9286,0.5,0.8333,0.85,0.5,0.65,0.625,0.6364,0.9545,0.5,0.8333,0.5,0.9,0.5,1,0.4375,0.8889,0.9091,0.7917
"locus3575",0.1,0.0833,0.2857,0.0714,0.5,0,0.2,0.1667,0.1111,0.2857,0.125,0.4167,0.2857,0.25,0.2778,0,0.1429,0.1667,0.2143,0,0,0.35,0,0.2143,0.4444,0.2
"locus3576",0.7273,1,0.75,0.9,1,0.9167,0.375,0.9444,0.7273,0.75,0.95,0.9375,1,0.8571,0.8333,0.25,0.6667,1,0.8125,0.6667,1,0.1818,0.6875,0.9375,0.7273,0.9583
"locus3577",0.2222,0,0,0,0,0,0,0,0,0,0,0,0,0.0625,0.0417,0,0.3333,0,0.0625,0.0556,0,0,0,0,0,0
"locus3578",0.6667,0.8125,0.6,0.9091,0.9444,0.8333,1,1,0.7273,0.9375,0.8636,0.75,1,0.625,0.7083,0.9091,0.6667,0.8333,0.75,0.7222,0.8571,0.5909,0.75,0.8,0.8636,0.9167
"locus3579",0.9583,0.6,1,0.95,1,0.4444,1,0.9286,0.8636,1,0.2778,1,0.5,0.8125,0.875,0.9545,1,1,0.9375,0.8889,1,1,1,0.95,0.9545,0.8333
"locus3580",1,1,0.9,1,0.9444,0.875,1,0.9444,0.9545,0.9375,1,1,1,1,0.9167,1,1,1,0.9375,0.9444,1,1,1,0.9,0.9545,1
"locus3581",0.7222,0.9375,0.95,0.8333,0.9444,1,1,1,0.8636,0.9375,0.9091,1,0.9,1,1,0.9545,1,0.5,0.9375,0.9444,1,0.5,0.9444,1,1,1
"locus3582",1,0.6,1,0.95,0.6667,0.5417,1,0.7222,1,1,0.75,1,0.85,0.875,0.8333,1,1,0.6667,1,1,0.5,0.3571,1,0.95,0.8,0.9167
"locus3583",0.0417,0.1429,0.05,0.0455,0.1111,0.0833,0,0.1667,0.0455,0,0,0.0625,0,0,0,0.0455,0,0,0,0,0.0714,0.0455,0,0.1,0.0455,0
"locus3584",1,1,1,1,1,1,0.6,1,1,0.9375,0.75,0.9375,0.8889,1,1,0.9545,1,1,1,1,1,1,1,0.9,1,1
"locus3585",1,1,1,1,1,0.9583,0.8,1,1,0.7857,1,1,1,1,1,0.75,1,1,0.9375,1,1,1,1,1,0.9091,1
"locus3586",0.875,0.9375,0.8571,1,0.9444,0.9167,1,0.9444,0.7,0.875,1,0.875,1,0.875,0.7778,1,0.9444,1,0.9286,0.8889,0.6,1,0.95,0.8889,0.9545,0.8182
"locus3587",0.4545,0.875,0.5556,0.75,1,0.9167,0.2,0.8889,0.7273,0.5625,1,0.9375,1,0.8125,0.7083,0.7273,0.5556,0.8333,0.625,0.625,0.9286,0.4091,0.6667,0.8,0.6818,0.7273
"locus3588",0,0,0.05,0,0,0.1364,0,0,0,0,0.0455,0.0625,0.05,0,0.125,0,0,0,0,0,0,0,0,0.1,0,0
"locus3589",1,1,1,1,1,1,0.875,1,0.9545,0.8125,1,1,1,1,1,1,0.9444,1,1,1,0.9286,0.6429,1,1,1,1
"locus3590",0.9167,0.9286,0.95,0.7273,1,0.9583,1,1,1,1,0.9545,1,1,0.875,0.9167,1,1,0.8333,1,1,1,1,1,1,1,1
"locus3591",0.3636,0.6667,0.25,0.6667,0,0.2273,0.4,0.2143,0.2,0.75,0.4167,0.2857,0.2222,0.4,0.4545,0.95,0.3333,0.25,0.5714,0.3125,0.2857,0.1111,0.5714,0.0556,0.2143,0.0833
"locus3592",0.875,0.9375,1,1,1,1,1,0.9444,1,1,0.9545,0.9375,1,1,1,1,1,0.75,0.875,1,0.9286,0.75,0.95,0.85,0.9091,0.9167
"locus3593",0,0.0625,0.05,0.2,0,0.0417,0.5,0,0.1,0.3571,0,0,0,0.125,0.0833,0.75,0.1111,0.1667,0.1875,0.1111,0.0714,0,0.05,0.2,0.05,0
"locus3594",1,0.9375,0.8,1,1,1,1,0.9444,1,1,0.9545,0.9375,1,1,0.85,1,1,1,0.75,1,1,1,1,0.95,1,1
"locus3595",1,0.875,0.9,0.9545,0.8889,1,1,0.6875,1,1,0.875,0.75,0.85,1,0.9583,1,0.9444,1,0.9375,0.9444,0.4286,0.95,1,0.9,0.7778,0.8
"locus3596",1,1,1,1,0.9375,0.9167,1,0.8889,1,1,1,0.9375,1,1,1,1,1,1,1,1,0.7143,0.9545,1,1,0.9545,0.875
"locus3597",0.35,0.1429,0.2143,0.3571,0.0625,0.0833,0.8333,0.0625,0.125,0.1667,0.25,0.3,0.5,0.375,0.35,0.0714,0.4167,0,0.375,0.125,0.2,0.0625,0.5,0.4286,0.125,0.0417
"locus3598",0.0417,0.5,0.2778,0.35,0.5714,0.8,0,0.5,0.25,0.4167,0.5556,0,0.8,0.4167,0.125,0.0455,0,0.1667,0.2857,0.125,0.4,0.0455,0.1,0.3333,0.1429,0.4
"locus3599",0.9167,0.8,0.65,0.95,0.6667,0.6111,1,0.5,0.8636,0.5833,0.7727,0.8571,0.6667,0.8,0.7917,0.7778,0.7222,0.5,0.6429,1,0.625,0.8636,0.875,0.75,0.7222,0.9167
"locus3600",0.75,0.9286,0.9,0.9286,1,1,1,0.875,0.9091,0.875,1,0.875,1,1,0.8333,1,1,0.6667,0.875,0.9444,0.9286,0.4,1,1,0.9091,1
"locus3601",0.0909,0.2143,0,0,0,0.25,0,0.0625,0.0455,0.1875,0.1429,0.1875,0.05,0,0.0909,0,0.0714,0,0,0,0.0714,0,0.05,0.05,0.0455,0.25
"locus3602",1,1,1,0.9545,0.8889,0.9167,1,0.8889,0.9091,1,0.9545,1,0.9,1,1,1,1,0.8333,1,1,1,1,0.9,1,0.9545,1
"locus3603",1,0.9375,0.95,0.9545,1,1,0.8,0.875,0.9545,0.875,1,1,0.95,1,1,0.85,1,1,1,0.9444,1,1,1,0.95,0.9545,1
"locus3604",0.9583,0.9375,0.75,0.9091,1,1,1,1,0.9,0.9375,0.9545,0.9375,1,0.8333,0.7727,0.9545,0.9444,1,1,1,1,0.9545,0.9444,1,0.9545,0.9583
"locus3605",1,0.9375,0.95,1,1,0.9583,1,1,1,0.9375,0.9545,1,0.75,0.9375,1,0.9091,1,1,1,1,1,1,1,0.95,1,0.9167
"locus3606",0.8333,0.75,0.85,1,1,0.9167,1,1,0.9545,1,1,1,1,0.8125,0.9091,1,0.8333,1,0.9375,0.875,1,1,1,0.7778,0.8182,1
"locus3607",1,1,1,0.7273,0.9444,0.9583,1,1,1,1,1,1,1,1,1,1,1,1,1,1,1,1,1,0.8,1,1
"locus3608",0.2083,0.1667,0,0.5,0.25,0.3125,0,0,0,0.125,0.45,0.125,0.5625,0.0625,0.0833,0,0,0.1667,0.0714,0,0.1429,0.0909,0.0625,0.1667,0.0714,0.125
"locus3609",0.8636,1,1,0.7,1,1,1,1,1,1,1,1,1,1,1,1,1,0.8333,1,0.9444,1,0.9545,0.9444,1,0.9091,1
"locus3610",0.9583,0.875,1,0.9091,1,1,1,1,0.9545,0.9375,0.9545,1,1,1,0.9167,1,0.9444,1,1,0.9444,1,1,1,1,0.95,1
"locus3611",0.9583,0.5,1,0.9,1,0.5,1,0.9167,0.9444,0.5,0.5,1,0.4444,0.7,0.8571,0.9091,1,1,1,1,0.75,0.6364,1,0.6429,1,0.8636
"locus3612",0.9375,1,0.9,0.3571,1,0.9583,1,1,1,0.8125,1,1,1,1,0.9583,1,1,1,0.875,0.9444,1,0.95,0.875,0.8,1,1
"locus3613",0.8636,0.8125,1,1,1,1,0.8333,0.9444,0.7778,0.9375,0.9545,1,0.95,0.875,0.9583,0.5,0.9286,1,0.8125,0.8571,1,0.9545,1,1,0.9545,1
"locus3614",0.2083,0.4167,0.2,0.4444,0.5833,0.2143,0,0.5,0.0714,0.0714,0.45,0.4375,0.5,0.2143,0.3333,0,0,0.5,0.25,0.25,0.5,0.5,0.2778,0.375,0.0556,0.5
"locus3615",0.9583,1,0.95,1,0.8125,0.875,1,0.9444,1,1,0.9091,0.9375,1,1,1,1,0.9444,1,0.9375,1,1,1,0.8889,1,0.9,0.9091
"locus3616",1,0.625,0.95,1,1,0.6667,1,1,0.9545,1,1,1,1,1,0.8636,1,1,1,0.9375,1,1,1,1,0.85,1,1
"locus3617",1,1,0.9,0.9545,0.8889,1,1,1,0.9545,1,0.9545,1,1,1,0.9583,1,0.7778,1,1,1,1,1,1,0.95,1,1
"locus3618",0,0,0.3125,0.3125,0,0,0,0.125,0.2222,0.125,0.1818,0.25,0.05,0.2143,0.1111,0.2857,0,0,0.2857,0.0714,0,0,0,0.0625,0.05,0.25
"locus3619",0.5,0.625,0.7778,0.6111,0.7222,0.5909,1,0.6667,0.9,0.8,0.6818,0.625,0.8125,0.5625,0.8333,0.8,0.6875,0.5,0.9286,0.6667,1,0.5,0.6667,0.6667,0.5556,0.9583
"locus3620",1,0.9375,1,1,1,1,1,1,0.9091,1,1,0.9375,0.9444,1,0.9583,0.9545,0.9444,1,0.8125,0.9444,1,1,1,0.95,0.95,1
"locus3621",0.9545,0.2143,0.9444,0.9,0.1667,0.0833,0.5,0.3889,0.8571,0.3571,0.1364,0.5,0.15,0.75,0.9444,0.5,0.5,1,0.75,0.875,0.5833,0.9545,0.9,0.9,0.6111,0.4545
"locus3622",0.9583,1,0.95,0.8125,0.9444,0.9545,1,0.9375,0.9545,0.9375,1,0.875,0.95,0.75,1,1,1,0.8333,0.9375,1,0.8571,0.6111,0.9,1,0.9091,0.95
"locus3623",0.0417,0.0625,0.05,0.0909,0,0.0417,0.5,0,0.0909,0,0.0455,0.0625,0,0,0,0.4444,0.1111,0.1667,0,0,0,0,0.15,0,0,0
"locus3624",0.75,1,1,0.9545,0.9444,1,0.9,1,0.8636,1,1,0.875,1,1,1,1,0.7143,1,1,0.9444,1,0.9091,0.875,1,1,0.9583
"locus3625",1,1,1,0.9545,0.9444,0.7917,1,0.8889,1,1,0.9545,1,1,1,1,1,1,1,1,1,1,1,1,0.75,1,0.9583
"locus3626",0.2083,0.5,0.1667,0.2273,0.6111,0.4286,0.9,0.0556,0.1818,0.4167,0.8333,0.0625,0.7857,0.125,0.25,0.95,0.0556,0,0.25,0.1667,0.0714,0.0455,0.15,0.2,0.0455,0.0909
"locus3627",0.5,0.6429,0.6,0.55,0.5,0.6,0.5,0.5,0.7222,0.7143,0.5,0.5714,0.4444,0.8571,0.7273,0.3636,0.3125,0.5,0.7857,0.75,0.5,1,0.4167,0.375,0.5,0.2778
"locus3628",0.9583,0.9375,0.9,1,0.5833,1,1,1,0.9545,0.8571,0.8571,1,0.6667,1,0.9583,0.8,0.8889,1,0.875,0.7778,1,1,1,0.6,0.9091,0.9583
"locus3629",1,0.9375,1,0.9545,1,0.875,0.8,0.9444,1,0.9375,1,1,1,0.9375,1,1,1,1,1,0.7222,0.7857,1,1,1,1,1
"locus3630",0.9583,0.9167,0.7222,1,0.6667,0.7273,1,1,0.6111,0.9375,0.9091,1,1,0.6429,0.5909,1,1,0.5,0.8333,0.75,0.5833,1,0.95,0.375,0.8636,0.95
"locus3631",0.9583,0.9375,1,0.5556,0.9444,0.8182,1,1,0.9545,1,1,1,0.9,0.9375,0.875,1,1,1,0.875,0.8889,1,1,0.9444,1,1,1
"locus3632",0.0417,0,0,0,0,0,0,0.0556,0,0,0.0455,0.1875,0,0.125,0.0833,0,0,0,0.0714,0.0556,0.0714,0.0455,0.05,0.1,0,0.125
"locus3633",1,1,1,1,1,1,0.9,1,0.95,1,0.9545,1,1,0.9375,1,0.9545,0.7778,0.8333,1,1,1,1,0.95,1,0.9545,1
"locus3634",0.5556,0.9375,0.55,0.6875,1,1,1,0.7,0.4167,0.6667,0.9,0.8,1,0.6,0.5714,0.9545,0.8333,0.5,0.625,0.5714,0.875,0.6667,0.5833,0.3571,0.5,0.9
"locus3635",0.9583,0.9375,0.95,0.7727,1,0.9583,1,0.7857,1,0.875,0.9545,0.9286,1,0.9375,1,1,0.9444,0.8333,1,1,0.75,0.5909,1,1,1,1
"locus3636",1,0.8125,1,1,1,1,0.9,1,1,0.875,0.85,1,1,1,1,0.7727,1,0.8333,0.9375,1,1,0.9545,1,1,0.9091,0.8636
"locus3637",0.9583,1,1,0.8182,0.8889,0.875,0.8,0.9444,1,0.9375,0.95,0.9375,0.85,1,1,0.8636,1,1,1,0.8889,1,1,0.95,1,0.9091,0.9167
"locus3638",0.85,0.9286,0.7778,1,1,0.875,0.625,0.9444,0.9091,0.875,0.9091,0.9375,0.9,0.8571,0.8636,0.5,0.9167,0.6667,0.9286,0.8125,1,0.8333,0.7,0.9,0.6429,0.875
"locus3639",0,0.1429,0.1875,0.0909,0.0556,0.125,0.5,0,0.0625,0.1667,0.0909,0.1429,0.3889,0.1429,0.25,0,0,0,0.1667,0.3333,0,0.0455,0.1667,0.1111,0.25,0.0833
"locus3640",0.7917,0.9375,1,0.5714,1,1,1,1,0.9545,1,0.9091,0.875,0.95,0.9375,0.875,0.9091,0.7857,0.8333,0.9375,1,0.8571,0.7857,0.875,1,0.6875,0.9583
"locus3641",0.8125,1,0.8125,1,1,0.9583,1,1,0.9444,1,0.9545,1,1,1,0.65,1,0.7,1,0.7857,1,1,0.9286,0.8333,0.9375,0.7857,1
"locus3642",0.5833,0.5,0.5556,0.55,0.3125,0.1818,0.9,0.5556,0.4444,0.6429,0.25,0.2857,0.6429,0.625,0.3333,1,0.7222,0.5,0.5,0.6111,0.25,0.8,0.45,0.4,0.7222,0.25
"locus3643",1,0.75,1,0.75,1,0.7083,1,0.9444,0.9091,0.9286,0.85,1,0.9286,1,0.9583,0.8636,1,1,1,1,1,1,0.95,0.75,1,1
"locus3644",1,0.9375,1,1,1,0.8333,1,0.8889,1,1,1,0.75,0.8,1,1,0.9545,1,0.6667,1,1,1,1,1,0.9,1,1
"locus3645",0.9583,0.9375,0.75,1,1,1,1,1,1,0.9375,1,1,1,1,1,1,1,0.8333,0.9375,1,0.9286,0.95,0.8,0.75,0.95,1
"locus3646",0.9583,1,0.8,1,1,1,1,0.8889,0.8889,1,0.8636,1,1,0.6667,0.875,1,1,1,0.7857,0.7778,0.9286,1,1,0.75,0.8636,1
"locus3647",1,1,1,1,1,1,0,1,1,1,1,1,1,1,1,0.4375,1,1,1,1,1,1,1,1,1,1
"locus3648",0.0833,0,0.1,0.0455,0,0,0,0,0,0,0,0,0,0.125,0,0,0.0556,0,0.1875,0,0,0,0.25,0,0.0455,0
"locus3649",0.9545,1,1,1,1,1,0.4,1,1,1,1,1,1,1,1,0.55,0.875,1,1,0.5,1,1,0.9,0.95,0.9091,1
"locus3650",0.9545,1,1,0.8636,0.9375,1,1,0.9444,0.9545,0.875,1,1,1,0.9375,1,1,1,1,0.9375,1,1,1,1,1,1,0.9583
"locus3651",1,0.9375,1,1,1,1,0.375,1,1,0.875,1,1,1,1,1,0.8182,0.9444,1,1,1,1,1,1,1,1,1
"locus3652",0.8,1,0.95,1,1,0.9583,1,0.9444,0.8182,0.9286,1,1,1,0.9375,1,0.9091,1,0.8333,0.7857,0.8889,1,0.9545,0.85,0.95,0.8,0.9167
"locus3653",0.6818,0.5625,0.5,0.45,0.6111,0.625,0.8,0.5556,0.6667,0.5,0.9091,0.5833,0.6,0.6667,0.5,0.7727,0.5625,0.3333,0.5714,0.6,0.5714,0.4444,0.4375,0.65,0.7,0.5909
"locus3654",0.9167,0.9375,1,1,1,1,1,1,0.9545,1,1,1,1,0.875,1,1,1,1,0.8125,0.9444,1,1,1,0.95,0.9545,1
"locus3655",0.9583,1,0.9444,0.9545,1,0.8182,1,0.9444,0.9545,0.9375,0.6875,0.9375,0.75,1,0.875,1,0.8889,1,1,1,1,0.9545,1,1,0.9545,0.7917
"locus3656",0.0417,0,0.25,0,0,0.25,0,0.2222,0.0455,0,0.0455,0,0,0,0.0833,0,0,0,0.0625,0.0556,0,0.0455,0,0,0,0
"locus3657",0.5,0.5,0.5,0.45,0.3333,0.2727,0.3,0.1667,0.3636,0.4375,0.4,0.5,0.3333,0.4286,0.5,0.4375,0.6667,0.1667,0.4286,0.4286,0.3333,0.3889,0.45,0.4375,0.4444,0.1875
"locus3658",0.8333,1,1,1,1,0.9167,1,0.9444,0.9091,0.9375,0.8636,1,0.95,0.875,0.9583,0.9545,1,1,1,1,0.9286,1,1,0.8889,0.9545,1
"locus3659",1,0.875,0.65,1,0.7143,1,1,0.5,0.7273,1,0.95,0.8333,1,0.8571,0.8182,1,1,1,0.9286,0.8333,0.5,0.9545,0.95,0.6,0.85,0.25
"locus3660",1,0.9375,1,0.9545,1,1,0.9,1,1,0.9375,0.5556,1,1,1,1,1,1,1,1,0.8333,1,1,1,1,1,1
"locus3661",0.8636,1,1,0.8636,1,1,1,1,1,1,1,1,1,1,0.7917,1,0.8125,1,1,1,1,1,0.95,1,1,1
"locus3662",0.3,0.9375,0.25,0.2857,0.1429,0.7917,0.5,0.625,0.3125,0.3333,0.9091,0.2857,0.9,0.4286,0.25,0.5,0.2857,0.75,0.3571,0.2222,0.3571,0.0455,0.5,0.3333,0.625,0.3182
"locus3663",0.9545,1,1,1,1,1,1,1,1,1,1,1,1,1,0.9583,1,1,1,1,1,1,0.8,0.7,1,0.9545,1
"locus3664",1,1,0.8889,0.8636,1,0.8636,0.625,0.9444,0.9545,1,1,1,1,1,0.9583,0.9375,0.8125,1,0.875,0.8571,1,1,0.95,0.85,0.9545,1
"locus3665",0.4167,0.5625,0.6111,0.4091,0.4167,0.1875,0.8,0.75,0.7222,0.5,0.45,0.5,0.5556,0.75,0.5,0.8182,0.5556,0.5,0.6,0.6111,0.8333,0.85,0.3889,0.25,0.6364,0.5
"locus3666",0.8333,0.5,0.85,0.7222,0.6667,0.5455,0.6,0.5625,0.9444,0.75,0.5,0.9286,0.3571,0.7857,0.7917,0.95,1,0.8333,0.7857,0.9375,0.75,1,0.9375,0.6667,0.7222,0.5455
"locus3667",0.9167,1,0.95,1,1,1,1,1,0.9545,1,0.8636,1,1,1,1,1,0.7778,0.8333,0.9375,0.8889,0.9286,1,0.9,1,0.9091,1
"locus3668",1,1,0.95,1,1,0.9091,1,0.8889,1,1,1,1,0.6667,1,0.9167,1,1,1,1,1,1,1,1,0.95,0.9545,1
"locus3669",0.8636,1,1,0.9091,1,1,1,0.9444,1,0.9375,0.9545,1,0.95,0.7143,0.9091,1,0.6875,1,1,1,1,0.375,1,0.95,0.9545,0.9583
"locus3670",0.1667,0.2,0.2778,0.1818,0.5556,0.75,0,0.25,0.2,0.0625,0.5556,0.1875,0.7778,0.3125,0.4167,0.3636,0.2222,0.3333,0.3571,0.0556,0.2143,0,0,0.3,0.1818,0.4167
"locus3671",0.7273,1,0.95,1,1,0.9091,1,0.9444,0.8636,0.25,0.9,1,1,0.9375,0.7083,0.8,0.5556,0.75,0.8571,0.8333,1,0.9545,0.7857,0.8571,0.9091,0.9545
"locus3672",0.9583,0.7857,1,1,0.9444,0.7917,1,0.8889,0.8636,1,0.9545,1,0.75,1,0.9583,1,1,1,0.6875,0.8889,0.8571,1,1,0.85,1,0.9583
"locus3673",0,0.125,0.1,0.0455,0,0.0417,0,0.1111,0,0,0,0.0625,0,0.0625,0.0833,0,0,0,0.125,0.0556,0.0714,0,0.2,0.05,0.0455,0.0833
"locus3674",0.05,0.8125,0.0625,0.5,0.25,0.6,1,0.5714,0.0625,0.5714,0.45,0.1667,0.7778,0.2857,0.15,1,0.5,0,0.1429,0.3,0.25,0.0556,0.5,0.5,0.3889,0.6364
"locus3675",0.9286,1,1,0.95,0.8889,1,0,0.9444,0.8182,0,1,1,1,0.875,0.9583,0.0455,0.75,1,1,0.9286,0.9286,0.9545,0.95,0.95,1,0.9167
"locus3676",0.875,0.8125,0.8,0.95,1,1,1,0.8333,1,1,0.7273,0.7857,1,0.8125,1,0.9545,0.7143,1,1,0.8889,0.7857,1,0.9444,1,0.9,0.9583
"locus3677",1,0.9375,1,1,1,1,1,0.7222,1,1,1,0.9375,1,1,1,1,1,1,1,1,0.8571,1,1,0.95,1,0.7917
"locus3678",0.9091,0.8125,0.7778,0.625,0.8333,1,0.2,0.8889,0.9091,0.875,0.9,0.9167,1,1,0.875,0.4091,1,1,0.9375,0.9167,0.7857,0.75,0.7778,0.75,1,0.875
"locus3679",0.9167,1,0.95,0.8636,0.9444,1,1,0.9444,0.9545,1,0.9,0.9375,0.95,1,0.9583,1,0.9444,0.6667,1,1,1,1,0.9,0.95,0.7273,0.9583
"locus3680",0.8636,0.7143,1,0.8,0.0625,0.5833,1,0.6667,0.9545,1,0.7222,0.9,0.6111,0.9375,0.9583,0.9,0.9444,1,0.875,1,0.8333,1,0.8333,0.8333,0.5909,0.8182
"locus3681",0.9167,0.9375,1,1,1,0.9583,0.8,0.9444,0.9545,0.7,0.9545,0.8571,0.95,0.9375,0.9583,0.4545,0.8333,1,1,0.9444,1,0.8636,0.9,0.95,1,1
"locus3682",1,0.9375,0.95,1,0.9444,0.8889,1,0.8889,1,1,0.75,1,0.7143,1,1,1,1,1,1,0.8889,1,0.9545,1,1,1,0.9583
"locus3683",0.9167,1,1,1,1,0.9583,1,0.9444,0.8636,0.9286,1,1,1,1,1,0.9091,0.875,0.6667,1,0.8889,1,0.9545,1,1,1,0.9091
"locus3684",1,1,1,1,1,0.9167,0.875,0.8889,0.9545,0.75,1,0.9375,1,1,1,0.9286,1,1,1,0.9444,1,1,0.95,1,1,0.9583
"locus3685",1,0.7857,0.95,1,0.75,1,1,0.9444,0.9545,1,0.8125,1,0.9444,1,0.9583,1,1,0.8333,1,0.9444,1,1,1,1,0.85,0.875
"locus3686",0,0,0,0.35,0,0.0417,0,0,0,0.0625,0,0.0625,0,0.0625,0,0,0,0,0,0,0,0,0.15,0,0,0
"locus3687",0.9583,0.9375,0.8,0.9,1,0.9167,1,0.7857,0.9545,0.9375,1,1,0.95,1,0.875,0.9545,1,1,0.8125,1,0.75,1,1,0.9,0.9545,0.85
"locus3688",0.95,0.6667,0.9375,0.7143,0,0.5714,0.5,0.25,1,0.6,0.5625,0.6429,0.6111,0.9,0.8571,0.75,1,0.8333,0.625,0.8571,0.375,1,0.8333,0.625,0.6429,0.2857
"locus3689",0,0.125,0,0,0.1,0.0833,0,0,0.1364,0,0,0,0,0,0,0,0,0,0,0,0,0.05,0,0,0,0.1667
"locus3690",1,0.875,0.95,0.9545,1,0.9583,1,0.8571,0.9091,0.875,0.9091,0.9375,1,0.9375,0.9167,1,1,0.8333,0.9375,1,0.75,1,1,1,0.9545,0.7083
"locus3691",0.9583,0.9286,1,1,0.9444,0.8333,1,1,1,1,0.9091,1,1,1,1,1,1,1,1,1,1,1,1,1,0.9545,1
"locus3692",0.9545,0.75,0.7778,0.9,1,0.8889,0.6667,1,0.8889,0.75,0.75,0.8333,0.8125,1,0.9,0.3889,0.7778,0.75,0.6,0.9,0.9,0.9,1,0.8125,0.9286,0.9167
"locus3693",0.125,0,0,0.0455,0,0.0455,0,0,0,0,0.0455,0.0714,0,0.125,0.0417,0,0.2778,0,0.125,0,0,0.4545,0.1111,0.1,0.0714,0.25
"locus3694",0.5,0.2857,0.5556,0.3889,0.375,0.3333,0,0.2143,0.3125,0,0.5625,0.5,0.5833,0.7,0.4167,0,0.2778,0.6667,0.5833,0.6875,0.3,0.5556,0.3333,0.25,0.55,0.3571
"locus3695",1,1,0.85,1,0.75,0.9583,1,0.6667,0.7727,0.9375,1,1,1,0.9375,0.75,0.9545,0.8889,1,0.9,0.8333,0.8,0.9545,0.9,0.9286,0.8333,0.4286
"locus3696",0,0.3333,0.3571,0.25,0.3,0.6364,0,0.5,0.0556,0,0.4091,0.5,0.625,0.5,0.1429,0,0.1111,NA,0.4167,0,0.4,0,0.1667,0.3,0,0.5417
"locus3697",0.7083,1,0.65,1,0.9375,0.9583,0.75,0.6667,0.9091,0.6875,0.8182,0.9286,0.7778,0.7857,0.6818,0.6818,0.7222,0.6667,0.7857,0.6667,0.9286,0.5909,0.85,0.7857,0.7727,0.9545
"locus3698",0.9583,0.9375,1,0.8636,1,0.875,1,1,0.9545,0.8125,0.9545,1,1,1,0.875,1,1,1,0.9375,1,0.9286,1,0.95,0.9,1,0.9583
"locus3699",0.875,0.9375,0.95,0.9545,1,0.9167,1,1,0.8182,1,0.9545,0.9375,1,1,0.9091,1,1,1,1,0.9444,0.8571,1,0.75,0.95,1,0.85
"locus3700",1,1,1,1,0.7857,1,1,0.7143,1,0.9375,1,1,1,1,0.9583,1,0.875,1,1,1,0.75,1,0.95,1,1,0.65
"locus3701",1,1,0.95,1,0.8333,0.9091,1,1,1,1,0.9,1,0.7857,0.9375,1,1,1,1,1,1,1,1,1,1,0.9545,0.9167
"locus3702",1,0.8125,0.95,0.95,1,0.6,1,0.9444,1,0.9375,0.6,1,0.7857,1,0.9583,1,1,1,1,1,1,0.9545,1,0.8889,1,1
"locus3703",1,0.9375,1,1,1,0.9167,1,1,0.9545,1,1,1,1,0.875,1,0.9545,1,1,1,1,0.9286,1,0.95,0.95,1,0.9583
"locus3704",0,0.125,0.1,0.0455,0,0,0,0,0.0909,0,0.0909,0.0625,0,0.3571,0.05,0,0,0,0.0625,0.1667,0.0714,0.0455,0,0.2,0,0.0417
"locus3705",0.7727,1,1,1,1,1,1,0.875,0.9545,1,0.9545,1,1,1,1,1,0.8571,1,1,1,1,1,0.8125,1,0.8889,0.9583
"locus3706",1,0.9286,0.95,0.9545,0.8333,0.7083,0.3,0.9444,1,0.7857,0.9,1,0.8333,1,1,0.5,0.8333,1,1,0.8333,1,0.9545,1,0.95,0.9545,1
"locus3707",0.875,0.875,1,0.8333,0.8889,0.9545,1,0.8889,0.9091,0.8125,0.9091,0.8125,0.95,0.875,1,1,1,0.8333,0.75,0.8889,0.7143,1,0.9,0.9444,1,0.875
"locus3708",0.9167,1,1,1,1,1,0.9,1,1,1,1,1,1,0.9375,1,1,0.9444,1,1,1,1,0.7778,1,1,0.8636,1
"locus3709",0.8333,1,0.95,1,1,1,1,1,0.9091,1,1,1,1,1,1,1,1,1,1,0.8333,1,0.9545,1,1,0.9545,1
"locus3710",0.9167,1,1,0.9545,1,1,0.9,0.9444,0.9545,1,1,0.9375,1,1,1,0.9545,0.875,1,0.9375,1,1,0.8125,0.95,1,0.9545,1
"locus3711",0.3333,0.9286,0.4444,0.5556,0.7,0.95,0.6,0.6429,0.3,0.5,0.9545,0.5,1,0.4,0.5556,0.5556,0.125,0.5,0.25,0.1875,0.4167,0.7143,0.6,0.5,0.6875,0.8333
"locus3712",1,0.9375,0.85,0.9545,0.8333,0.9583,1,0.8333,1,0.9375,1,1,0.95,0.9375,1,1,1,1,0.9375,1,0.9286,1,0.95,1,1,1
"locus3713",0.625,0,0,0.45,0,0.0833,0.1,0.0556,0,0,0.0455,0,0,0.3571,0.0833,0,0.375,0.3333,0,0,0,0.8,0.45,0.15,0,0
"locus3714",1,0.8125,0.9444,0.8,0.5833,0.8,NA,0.8889,0.8333,0.875,0.8,0.9375,0.6875,0.75,0.8636,0.75,0.5833,0.6667,0.8333,0.7143,0.75,1,0.5625,0.7778,0.875,0.7778
"locus3715",1,1,0.9,1,1,0.9583,0,1,0.8182,1,1,1,1,0.8125,0.9583,0.125,1,1,1,0.75,0.9286,1,1,0.9,0.9545,1
"locus3716",0.9583,0.2857,0.9375,0.7727,0.3333,0.625,1,0.5714,0.45,0.75,0.8182,0.9167,0.9444,0.7857,0.7273,0.9545,0.9444,1,0.7143,0.5,0.7,0.9545,0.85,0.6111,0.75,0.4444
"locus3717",0.0417,0,0,0.1818,0,0,0,0,0,0.0625,0,0.1875,0.5,0,0,0,0,0,0.125,0,0,0.0455,0,0.1,0,0.375
"locus3718",1,1,1,1,1,1,1,1,1,1,1,1,1,1,1,1,1,1,0.75,1,0.9286,0.5714,1,0.95,0.9545,1
"locus3719",0.7778,0.9375,1,0.625,0.8889,1,0.5,1,0.9545,0.625,1,0.8333,1,1,0.9583,0.55,0.5,1,1,1,0.9286,0.8889,0.4167,1,0.9444,1
"locus3720",0.375,0,0.3,0.375,0,0,1,0.1667,0.2143,0.3333,0,0.0833,0.1,0,0.1429,0.0625,0.0625,NA,0.125,0.2857,0,0.5,0.3333,0.2857,0.3,0.0417
"locus3721",0.3,0.0625,0.1875,0.1818,0,0.0417,0,0,0.05,0.125,0,0.0625,0,0.2143,0.3333,0.0909,0.5625,0,0.1667,0.1667,0,0.4444,0.3571,0.1,0.1364,0
"locus3722",0.05,0.3333,0.3333,0.1429,0.125,0.1667,0,0.125,0.2857,0.1667,0.15,0.3333,0.125,0.1667,0.2222,0.0455,0.5,0.1667,0.3333,0.3125,0.4,0,0.2222,0.2857,0.125,0.2
"locus3723",0.0417,0,0.1,0,0.0556,0,0.2,0.0556,0.0455,0,0.1,0,0,0.1875,0.0417,0,0,0,0,0.125,0,0,0,0.05,0,0
"locus3724",0,0.1429,0,0.0909,0.625,0.375,0,0.5556,0.0455,0.125,0.4545,0,0.7857,0.0625,0.0909,0,0,0,0.1429,0,0.25,0.0455,0.1,0.35,0.3,0.4
"locus3725",0.5,0.3333,0.2857,0.4286,0.5,0.3889,0,0.25,0.0909,0,0.6818,0.5,0.5,0.0625,0.2,0.0455,0.2857,0.5,0.1429,0.1111,0.625,0.7143,0.4167,0,0.3,0.5
"locus3726",0.5,0.5,0.6,0.5,0.5,0.5,0.7,0.5625,0.4545,0.6875,0.7,0.5,0.5,0.5625,0.4167,0.5909,0.5556,0.5,0.5,0.5556,0.6667,0.5,0.55,0.5,0.5455,0.4583
"locus3727",0,0,0.1,0,0,0.0417,0,0,0.05,0.0625,0,0.0625,0.05,0,0,0,0.0556,0,0.125,0.1667,0.0714,0,0,0,0.0455,0
"locus3728",1,1,1,0.9545,1,1,1,1,1,1,1,1,1,1,1,1,0.8889,1,1,0.8889,1,0.5556,1,1,1,1
"locus3729",0.9091,0.8333,0.9,0.875,0.7778,0.6111,NA,0.8125,0.7143,0.8333,0.9,0.875,0.6111,1,0.7727,0.8333,0.8333,1,0.8571,0.8571,1,1,0.9,0.9,0.8571,0.8889
"locus3730",0.9583,1,1,1,1,1,NA,1,0.9545,0.9375,1,1,1,1,1,0.9091,0.9444,1,1,0.9444,1,1,1,1,0.9545,0.9583
"locus3731",0.3889,0.5625,0.4167,0.5,0.7778,0.8636,0,0.5625,0.5455,0.2857,0.9,0.5,0.95,0.4167,0.5417,0.2,0.2778,0.1667,0.4286,0.7222,0.7143,0.05,0.2778,0.2857,0.5,0.5
"locus3732",1,1,1,1,1,1,1,1,0.85,0.9375,1,1,1,0.9375,0.875,0.9091,1,0.8333,1,0.9444,1,1,1,0.9,1,0.9583
"locus3733",1,1,1,0.9545,1,0.9583,1,0.7222,0.9545,1,0.9545,1,1,1,1,0.9545,1,1,1,1,1,1,1,1,0.8636,0.9545
"locus3734",0.9444,0.5,0.5,0.5833,0.4375,0.45,1,0.9167,0.5,0.5,0.6,0.6,0.375,0.4,0.5,1,0.625,0.5,0.5,0.4167,0.5,0.5556,0.75,0.5,0.5,0.875
"locus3735",1,0.5,1,1,0.3125,0.5,1,0.7143,0.9545,0.6667,1,0.75,1,0.9375,0.9167,0.9545,1,1,0.9375,1,0.5,1,0.95,0.8889,0.875,0.5909
"locus3736",0.9167,1,1,1,1,1,1,1,0.9091,1,1,0.9375,1,0.9375,1,0.9091,0.7778,1,1,1,1,0.9545,0.95,0.85,1,0.9167
"locus3737",0.9583,1,0.7778,0.9545,1,1,1,1,0.8889,1,1,1,1,0.6667,0.6111,1,1,1,0.8125,1,1,1,1,0.85,0.9091,1
"locus3738",0.25,0,0.0625,0.375,0,0.1667,1,0.0833,0.1667,0.5,0.125,0.125,0,0.1,0.0833,1,0.375,0,0.0714,0.5,0,0.3333,0.0833,0.1111,0.25,0.0455
"locus3739",0.85,0.3,0.1667,0.6364,0.5625,0.3636,1,0.3333,0.6429,0.9167,0.6875,0.3333,0.5,0.5,0.5455,0.9091,0.7222,0.5,0.3571,0.6,0.3,0.5,0.625,0.4286,0.7222,0.2
"locus3740",0,0,0,0,0.0556,0,0.1,0,0,0.25,0,0,0.0556,0,0,0.2727,0,0,0,0,0,0,0.05,0,0.0455,0
"locus3741",0.9,0.8125,0.5625,0.65,0.5625,0.9091,1,0.6111,0.7,0.8333,0.45,0.5833,0.8125,0.7857,0.7083,1,1,0.8333,0.5,1,0.5,0.75,0.8889,0.65,0.8333,0.3333
"locus3742",0.9583,0.9375,1,0.9091,0.9444,1,1,0.7778,0.9545,1,1,1,1,0.8125,0.9167,1,1,1,0.875,0.8333,1,1,0.95,1,1,1
"locus3743",1,1,0.95,1,1,0.9583,NA,1,0.7273,1,1,1,1,1,0.7917,1,1,1,1,0.3333,1,1,0.95,1,0.9091,0.9583
"locus3744",0.0417,0.1667,0.1,0,0.3,0,0,0.1875,0.0909,0,0.375,0.125,0.4444,0,0.0909,0,0,0,0.1875,0.0556,0.1667,0.0455,0.05,0.1,0.2,0.5
"locus3745",0.5833,1,0.9,0.55,1,0.9583,0.9,0.9444,0.9091,0.9286,1,0.8333,1,0.8125,1,0.9545,0.5,1,0.9375,0.7857,1,0.6,0.65,0.7,1,0.7727
"locus3746",0.8182,0.6,1,0.6875,0.5,0.3333,0.5,0.625,0.8,0.75,0.2778,0.6667,0,0.8571,0.7222,0.2222,0.6429,0.5,0.5714,0.7,0.5833,0.9545,0.9375,0.4375,1,0.5833
"locus3747",0.9583,1,1,1,1,1,1,1,1,1,1,1,1,0.9375,0.9583,1,0.625,1,0.9375,0.8333,1,1,0.95,0.8125,0.9545,0.9583
"locus3748",0.4444,0.3571,0.4444,0.25,0.4375,0.3182,1,0.5,0.35,0.3333,0.0909,0.3571,0.15,0.3125,0.4286,0.4444,0.5,0.3333,0.3,0.3889,0.75,0.25,0.4444,0.5,0.6111,0.45
"locus3749",1,0.9375,0.95,1,0.8333,1,1,0.9375,0.9545,0.9167,0.5625,1,0.5,0.9375,1,1,0.8333,1,0.875,1,0.9286,1,0.95,0.85,1,0.8889
"locus3750",0.875,0.75,0.875,0.6,0.5,0.5556,1,0.5625,0.7727,0.9167,0.45,0.9286,0.45,0.6875,0.7727,0.7778,0.5625,1,0.5,0.9444,0.9,0.9091,0.8333,0.9,0.9444,0.35
"locus3751",0.0833,0.125,0.15,0,0.2143,0.25,0.75,0.0556,0.0909,0.0714,0.1818,0.25,0.0714,0.25,0.0909,0.2857,0.0625,0,0.1875,0.2222,0,0,0.1667,0.2222,0.1364,0.0833
"locus3752",0.0417,0.0625,0.05,0,0,0.0417,0,0.1111,0.1,0,0,0,0,0.3125,0.0833,0,0,0.1667,0.125,0,0.2857,0,0.1,0.05,0.0455,0
"locus3753",0.9583,1,0.8,0.8636,1,1,1,1,0.9091,1,0.9545,1,1,0.9375,0.9583,1,0.9444,0.8333,0.9375,1,1,1,1,1,1,1
"locus3754",0.2083,0.1875,0.1875,0.0909,0.1429,0.2,0.6,0.1875,0.3333,0.2857,0.0909,0.2,0.05,0.25,0.35,0.125,0.0833,0,0.3333,0.3571,0.3,0.0909,0.2222,0.1667,0.2,0.1667
"locus3755",0.65,0.7143,0.6111,0.5,0.8333,0.8333,0.875,0.8125,0.5909,0.6875,0.95,0.75,0.8889,0.5714,0.5455,0.9091,0.75,0.6667,0.5,0.7857,0.6667,0.7778,0.5,0.875,0.7222,0.5417
"locus3756",1,1,1,0.6667,1,1,0.75,1,0.8636,0.9286,1,1,0.95,0.9375,0.9583,0.8333,0.9375,1,1,1,1,0.8,0.8889,0.95,0.8636,1
"locus3757",1,1,1,0.8636,1,1,0.5,1,0.9545,1,1,0.7857,1,0.75,0.9583,1,1,1,0.9375,0.8889,0.9286,0.9545,1,1,0.75,1
"locus3758",0.3333,0.9375,1,0.9286,1,0.9583,0,1,0.875,0.8,1,0.8571,1,0.7857,1,0.6,0.5625,0.6667,1,0.5625,1,0.6,0.5,0.9,0.7222,0.9583
"locus3759",1,0.9375,0.9,0.9091,1,0.9167,1,1,1,1,0.7273,0.8125,0.8125,1,0.9167,1,1,1,1,1,0.8571,1,1,0.9,1,1
"locus3760",0.9583,1,1,1,1,1,0.75,1,0.8636,1,1,1,0.95,1,1,0.95,1,1,1,0.8889,0.8571,1,0.95,0.95,1,1
"locus3761",0,0.0625,0,0,0.0556,0.1364,0,0,0,0,0.3,0,0.5,0,0,0,0,0,0,0,0,0,0,0,0.0455,0
"locus3762",1,1,1,1,1,0.75,1,1,1,1,1,1,1,0.9375,1,1,1,1,1,1,1,1,0.85,1,1,0.9583
"locus3763",1,1,1,1,1,1,0.9,1,1,0.7857,1,1,1,1,1,0.5455,1,1,1,0.8889,1,1,1,1,1,1
"locus3764",0.9167,1,0.8,0.9545,1,1,1,1,1,1,1,1,1,0.6875,0.9167,1,1,1,1,0.9444,1,1,1,1,0.9545,0.9583
"locus3765",0.8333,1,0.8333,0.9091,1,1,0.875,0.7778,0.9,0.9375,1,0.875,1,0.8571,0.875,0.75,0.8125,0.75,0.9375,0.875,1,1,1,0.95,0.95,0.9167
"locus3766",0.0417,0.0625,0,0,0.0556,0.125,0,0.0556,0.1,0,0,0.0625,0,0.0625,0.0833,0.2222,0,0,0.0625,0,0,0,0.05,0.05,0,0
"locus3767",0.9167,1,1,1,1,1,1,1,1,1,1,0.9375,1,1,1,1,1,0.8333,1,1,1,0.5,1,1,1,1
"locus3768",0.8333,0.7857,0.7,0.8333,0.8333,0.625,1,0.75,0.8182,0.7857,0.7273,0.7857,0.8333,0.8125,0.7083,1,0.7222,0.5,0.6429,0.6667,0.8,0.95,0.8571,0.8125,0.95,0.5
"locus3769",0.0833,0.25,0,0,0,0.0417,0,0.0556,0.05,0.0625,0,0.125,0.15,0.0625,0,0,0,0,0.0625,0.0556,0,0,0.1,0.15,0,0.0417
"locus3770",0.0417,0.625,0,0,1,0.8333,0,0.4167,0,NA,0.8636,0,1,0.0625,0.0455,0,0,0,0.0714,0.1111,0.2,NA,0.1667,0,0.1429,0.7778
"locus3771",0.6667,0.5,0.5,0.8571,0.2857,0.1,0.5,0.8333,0.8,0.1667,0.1111,0.75,0.05,0.3571,0.7727,NA,0.8333,0.75,0.5833,0.875,0.75,0.875,1,0.625,0.6,0.7143
"locus3772",0.9167,0.6429,0.85,0.9091,0.8125,0.5,1,0.6667,0.8182,0.875,0.9545,0.8571,0.65,1,0.7727,1,1,0.6667,0.875,0.9444,0.9286,1,0.95,0.75,0.7727,0.7083
"locus3773",1,0.8571,0.8889,0.8182,0.9375,0.8333,1,0.7778,0.9545,1,0.7273,0.875,0.7143,0.75,0.875,1,1,0.8333,0.7857,1,1,0.9545,0.9,0.95,0.9545,0.9167
"locus3774",0.1818,0.0833,0.25,0.6818,0.25,0.1111,0.5,0.2,0.0556,0.2143,0.1818,0,0.1,0.0833,0.2222,0.0833,0,0.1667,0.4167,0.25,0.0833,0.4,0.125,0,0.0909,0.2222
"locus3775",0.9583,0.875,1,0.75,0.875,0.9583,0.8,1,1,0.875,0.9545,0.9375,0.8333,0.875,1,1,1,1,0.9375,0.9444,1,1,0.95,1,0.9545,1
"locus3776",0.875,1,1,1,1,0.8636,1,1,1,1,1,1,0.6667,1,1,1,1,1,1,1,1,1,1,1,0.8182,1
"locus3777",1,1,0.9,1,1,1,1,1,0.8636,1,1,1,1,1,0.7917,1,0.9444,1,0.9375,0.8889,1,1,1,0.9444,1,0.9583
"locus3778",0.9545,0.5714,0.6667,0.5556,0.25,0.625,1,0.625,0.9,0.7143,0.8182,0.6429,1,0.6875,0.6818,0.9091,0.8889,1,0.6,0.8333,0.5,1,0.8333,0.8333,0.8,0.4091
"locus3779",0.9583,1,0.9,1,0.9444,0.95,0.75,0.75,0.8636,1,1,0.9375,1,0.9375,0.85,0.6875,1,1,0.8571,0.8333,1,1,0.95,0.9444,1,0.9167
"locus3780",0.6818,0.625,0.3125,0.6875,0.5556,0.75,0.6667,0.5625,0.5,0.6875,0.6,0.5625,0.5,0.7857,0.5417,0.5455,0.5,1,0.5833,0.6111,0.6,0.7273,0.75,0.4167,0.7727,0.5
"locus3781",0.7,0.9167,0.75,0.8182,0.8125,0.8333,0.9,0.8571,0.6667,0.7,0.7222,0.875,1,0.75,0.7727,0.7222,0.6875,0.6667,0.7143,0.6429,0.875,0.6875,0.8333,0.65,0.7273,0.8182
"locus3782",1,1,1,1,1,1,0.75,1,1,0.875,0.9545,0.875,1,0.9375,0.9583,1,0.9444,1,0.9375,1,1,1,1,1,1,1
"locus3783",0.875,1,1,0.9091,1,0.9167,1,1,0.85,0.9286,1,1,1,1,0.9167,0.95,0.9444,0.8333,0.9286,0.8889,1,0.65,1,0.8,0.9091,1
"locus3784",0.7,1,1,0.7143,1,0.9583,0.8,1,0.9444,1,1,0.8333,1,0.9286,0.8333,0.8125,0.8333,1,0.9375,0.7143,0.9286,0.9167,0.8,1,0.8,0.9167
"locus3785",0.5,0.8125,0.7143,0.8571,0.1667,0.9444,1,0.3125,0.75,0.9286,0.95,0.5,0.8125,0.6,0.75,0.9545,1,0.75,0.9,0.7778,0.4167,0.25,0.75,0.8125,0.5,0.2727
"locus3786",0.05,0.2857,0.1667,0.4167,0.25,0.2857,0,0.5,0.3125,0.5,0.1,0.3333,0.125,0.5,0.2143,0.0714,0.25,0.25,0.3333,0.3571,0.5,0.35,0.1429,0.2,0.0714,0.3333
"locus3787",1,1,0.95,1,1,1,0.6,0.8889,0.8182,1,0.9091,1,1,0.9375,0.9583,1,0.8333,0.6667,0.9375,0.9444,1,0.65,0.9,0.8889,0.9091,0.875
"locus3788",0.0417,0,0.05,0.0455,0,0.0833,0,0,0,0.0625,0,0,0,0,0.0417,0,0.0556,0,0,0,0,0,0.3889,0,0.0455,0
"locus3789",0.85,1,1,0.8571,1,1,0.8,1,0.9545,1,1,1,1,0.8125,0.9167,1,0.7778,1,0.875,0.9444,1,1,0.8,0.95,1,0.9583
"locus3790",1,0.9286,0.95,0.9091,1,1,1,0.9444,1,1,1,1,1,1,1,1,0.75,1,1,1,0.7143,0.9545,1,1,1,1
"locus3791",0.6364,1,0.85,0.8889,0.9286,0.9583,0.2,0.9375,0.9545,1,1,0.875,1,0.9286,0.8333,0.25,0.6111,1,0.9375,0.6875,1,0.9,0.7,0.8889,0.8182,0.9545
"locus3792",0.0417,0.125,0.1,0.0455,0,0.125,1,0,0.2273,0.125,0,0,0,0.0625,0.0833,0.6,0.0556,0,0.0625,0,0,0,0,0.15,0,0.0833
"locus3793",0.9583,1,1,0.9,1,1,1,0.9444,0.8889,0.9375,0.9545,1,1,0.9167,0.75,1,0.875,0.8333,0.8125,0.9444,0.9286,0.9545,0.95,1,1,1
"locus3794",0.0909,0.125,0.3,0.375,0.2222,0.125,0.5,0.1111,0.3333,0.25,0,0.4167,0.1111,0.3125,0.25,0.05,0.1111,0,0.2857,0.0556,0,0.1364,0.2,0.3333,0.1818,0.1667
"locus3795",0.7,0.75,0.75,0.7,0.8889,0.7273,1,0.75,0.8636,0.7857,0.95,0.75,0.8333,0.8125,0.6,1,0.7857,1,1,1,0.9286,0.8,0.7222,0.5714,0.8125,0.75
"locus3796",1,1,0.6667,1,0.9444,0.9583,1,0.9444,0.7727,1,0.9091,1,1,1,0.8,1,1,1,1,0.9444,0.8571,0.5,1,0.8571,1,1
"locus3797",1,0.8571,1,0.9091,1,0.9167,1,1,1,1,0.6818,1,0.7778,1,1,1,1,1,0.9375,1,1,1,1,1,1,0.9545
"locus3798",0.0417,0.125,0.05,0,0,0.25,0,0.1667,0,0,0,0.0625,0,0,0,0,0,0,0.125,0,0.0714,0,0.05,0,0.1364,0.0833
"locus3799",0,0,0,0,0.1667,0.2083,0,0.0556,0,0,0,0,0,0,0.0417,0,0,0,0.125,0,0,0,0,0.05,0,0
"locus3800",0.875,1,1,0.9545,1,1,0.9,1,0.9091,1,1,1,1,1,1,1,0.7222,1,0.875,0.8889,1,1,0.7222,0.95,0.8636,0.9583
"locus3801",0.9167,1,1,0.75,1,0.9167,1,1,0.9091,1,0.9091,0.9375,1,0.9375,0.9091,1,1,0.8333,0.875,0.9444,1,1,1,0.85,1,0.9583
"locus3802",0.625,1,0.95,0.9091,1,1,1,1,1,1,1,0.8125,1,0.875,1,1,0.5556,1,1,0.8333,1,0.8182,0.75,1,0.9545,1
"locus3803",1,0.8125,1,1,1,1,1,1,1,1,0.5,1,0.5,1,1,1,1,1,1,1,1,1,1,1,1,1
"locus3804",0.2143,0.5,0.4286,0,0.125,0.5,0.125,0.25,0.2857,0.3333,0.1875,0.5,0.3,0.5714,0.45,0.0909,0.3333,0.5,0.7,0.375,0.4,0.25,0.5,0.375,0.1667,0.3333
"locus3805",0,0,0.05,0,0,0,0,0.1111,0.0909,0,0,0.0625,0,0,0.0417,0,0,0,0.0625,0.0556,0.1429,0,0,0.05,0,0.1364
"locus3806",0.125,0.0714,0,0.0455,0,0,0.5,0.2778,0.2273,0.2143,0.0909,0.3,0.1,0,0.375,0.1429,0.0556,0,0.1,0.2143,0.4,0.0455,0.05,0.25,0,0.1667
"locus3807",0.7778,0.875,0.8571,0.4286,1,1,1,0.8889,0.75,0.8571,0.95,1,0.95,0.875,0.7,0.9,0.75,0.25,0.8571,0.7,0.875,0.9545,0.6667,0.75,0.9167,1
"locus3808",0.9,1,0.7143,1,0.7222,0.8182,1,0.4375,0.5,1,0.9545,0.25,1,0.875,0.35,1,1,0.75,0.7857,0.9,0.4167,1,0.9375,0.4,0.5833,0.5
"locus3809",0.875,0.9375,0.85,0.8889,1,0.7917,0.5,1,0.8182,0.8125,0.9545,0.875,1,0.75,0.8182,1,0.7857,0.8333,0.7143,0.7778,1,0.8333,0.9,0.85,0.9,0.8333
"locus3810",0.9583,1,0.9,1,1,0.9583,1,1,0.9545,1,0.9545,1,1,0.875,0.7273,1,0.8889,0.8333,0.7143,0.8333,1,1,0.9,0.95,1,1
"locus3811",0.9167,1,0.8333,1,0.9167,0.9583,1,0.8333,0.9375,1,0.9091,0.8333,0.85,1,0.9167,1,0.9444,NA,1,1,0.75,1,1,0.8333,0.9091,0.9286
"locus3812",0.7857,1,0.8571,0.5833,1,1,1,1,0.875,1,1,0.7,1,0.8,0.95,1,1,0.8333,0.6667,0.9286,0.9286,0.875,0.5,0.8889,0.9,0.9167
"locus3813",1,0.9375,0.9,1,0.9286,0.9583,1,0.6667,0.9091,0.875,0.9545,0.9167,1,0.9375,0.8333,1,1,0.8333,0.6875,0.7778,0.7,1,1,0.9444,0.9545,0.7727
"locus3814",0.6667,1,1,0.9545,1,0.9583,1,1,1,0.9375,1,1,1,0.9375,1,1,0.8125,1,0.9375,1,1,0.9545,0.95,1,0.9091,1
"locus3815",0.8,0.875,1,0.5455,1,1,1,0.9444,1,0.8125,1,1,1,0.9286,0.875,1,0.9375,0.8333,1,1,0.9286,0.8571,0.5714,0.95,0.8571,0.9167
"locus3816",0.6364,0.6875,0.85,0.9545,1,0.9545,0.7,1,0.6667,0.8125,0.7,0.875,0.75,0.9286,0.9091,0.7727,0.7222,0.5,0.8571,0.9444,1,0.4091,0.45,0.65,0.8125,1
"locus3817",0.8571,1,0.8333,0.95,1,1,0,0.9375,0.5714,0.9286,0.9091,1,1,0.8,0.8125,1,0.9375,1,0.8,1,0.9167,0.4,0.9286,1,0.8333,1
"locus3818",0.7222,0.9375,0.8889,1,1,0.9583,0.6,1,0.6667,0.75,0.9545,1,1,0.8571,0.875,0.7,0.6875,0.8333,0.75,0.4167,1,0.9545,0.9,0.8889,0.625,0.7917
"locus3819",0.9583,1,0.95,0.9545,0.9444,1,0.1667,0.8333,1,1,0.95,0.8571,1,0.9375,0.9583,0.45,1,0.8333,1,1,1,1,0.95,0.95,1,0.875
"locus3820",0.75,0.8125,0.8125,0.6364,0.9375,0.8333,1,0.9444,0.7273,0.9375,0.55,1,0.7222,0.5833,0.7273,0.9545,0.7778,1,0.75,0.8571,0.9286,0.9091,0.8333,0.65,0.9545,1
"locus3821",0.8,0.9286,0.8889,0.6667,1,0.6667,1,0.8889,0.9545,0.6429,0.9091,0.9286,1,0.8571,0.8333,1,0.875,0.8333,0.8125,0.7778,0.8571,1,0.875,0.65,0.7727,0.9167
"locus3822",0.4091,0.6667,0.3571,0.375,0.6429,0.75,0.1667,0.5714,0.2778,0.1,0.4444,0.3571,0.7778,0.4286,0.45,0.375,0.2143,0,0.2857,0.2143,0.5,0.4091,0.4375,0.3125,0.3889,0.65
"locus3823",0.9375,0.8333,0.5833,0.9375,0.8333,1,0.875,1,0.9286,0.9286,1,0.9,0.95,0.6667,0.9286,1,1,0.8333,0.6429,0.8889,0.5,0.9545,0.8571,0.8125,0.5,0.9375
"locus3824",0.8333,0.4286,0.65,1,0.9167,0.5,0.5,0.9,0.6364,0.5625,0.3333,1,0.3889,0.6429,0.625,0.5,0.75,0.75,0.7,0.5556,0.9167,1,0.6111,0.8125,0.9545,1
"locus3825",0.9167,0.875,0.75,1,1,0.9091,0.6,0.8333,0.8125,0.9286,0.9545,0.9375,1,0.9286,0.875,0.4444,1,1,0.6667,0.8125,1,1,1,0.9375,1,0.9167
"locus3826",1,1,1,1,1,0.9167,1,0.9444,1,1,0.9091,1,0.9,0.9375,1,0.95,1,1,1,1,0.9286,1,1,1,0.9545,0.9583
"locus3827",0.9583,0.9375,1,0.9091,1,1,1,0.8889,0.9545,1,1,1,1,0.9375,0.875,1,0.9444,1,1,0.8889,1,1,1,1,1,1
"locus3828",0.9091,0.75,0.8125,0.8182,0.0714,0,0.1,0.5,0.8,0.625,0,0.8,0.5,0.5833,1,0.7273,0.5556,1,0.9,0.875,0.8,0.9091,1,0.75,0.45,0.1875
"locus3829",0,0.125,0.05,0.0455,0.1667,0.125,0,0,0.1364,0.1875,0.1364,0,0.125,0.0625,0,0,0.1111,0,0.125,0.2222,0,0,0.15,0.1875,0.0455,0.1818
"locus3830",0.25,0.3333,0.3333,0.3333,0,0.2778,0.6667,0.2143,0.2143,0.375,0.15,0.3,0.1,0.3333,0.2727,0.6,0.4375,0.25,0,0.2222,0.125,0.2273,0.4167,0.3333,0.4286,0.3125
"locus3831",0.9583,0.75,0.9375,0.7143,1,0.75,1,0.9167,0.8182,0.875,0.8333,1,0.6667,0.8571,0.8182,1,0.8125,1,0.8125,0.8571,0.8,0.9545,0.5,0.8889,1,0.8182
"locus3832",0,0.0625,0.25,0.1111,0.25,0,0.1,0.0833,0.15,0.0625,0,0,0.05,0.1429,0.05,0,0.125,0,0,0.125,0.2,0.1875,0.3125,0.1,0,0.2727
"locus3833",0.0833,0,0.15,0.1667,0,0.0833,0.5,0,0.15,0.0625,0.0455,0.1875,0.05,0.0625,0.0417,0,0,0.1667,0.125,0.1667,0.0833,0.0455,0.05,0,0,0
"locus3834",1,1,0.9,1,1,1,1,0.9444,0.9545,1,1,1,1,1,0.875,1,1,1,1,1,1,1,0.95,0.95,0.9545,1
"locus3835",1,1,0.85,1,1,1,1,1,1,1,1,1,1,1,0.8636,1,1,0.8333,1,1,0.9167,0.8333,1,0.9,1,1
"locus3836",0.25,0.7143,0.4167,0.3125,1,0.8636,0,0.9,0.5,0.5625,0.9545,0.5,0.95,0.6429,0.6429,0.05,0.5556,0.25,0.375,0.25,0.5,0.2,0.5556,0.5833,0.4286,0.8571
"locus3837",0.5,0.3333,0.5,0.5833,0.5,0.5455,0.4,0.6667,0.2857,0.5,0.4444,0.5833,0.7,0.5,0.45,0.3571,0.3571,0.5,0.5714,0.3125,0.5833,0.3889,0.2,0.625,0.4286,0.4545
"locus3838",0.9,0.9375,0.875,0.6429,0.9444,0.8333,1,0.9444,0.8636,0.9375,0.9091,0.875,0.95,0.7857,0.9167,0.8636,0.8125,1,0.9375,0.9444,1,0.9091,0.8125,1,0.95,0.8636
"locus3839",0.9167,0.875,0.7222,0.8182,1,0.9167,NA,1,0.8125,0.9375,1,1,1,1,0.75,0.8,1,1,0.9375,0.8889,1,1,1,0.9444,1,0.9583
"locus3840",0.3333,0.0625,0.3,0.2273,0,0,0,0,0.2727,0,0,0.1,0,0.2857,0.15,0,0.125,0.5,0.25,0.1875,0,0.3333,0.1667,0.3,0.0625,0
"locus3841",0.5833,0.8571,0.7,0.6111,0.6667,0.8,1,1,0.6818,0.9286,0.8571,0.875,0.5,0.8125,0.7727,1,0.6667,0.5,0.75,0.75,0.9167,1,0.45,0.85,0.75,0.5
"locus3842",0,0.125,0,0.1818,0.1111,0.0833,0,0.0556,0.0909,0,0.0455,0.0625,0,0,0,0,0,0,0.125,0.1667,0,0.3,0.1,0,0.0909,0.1364
"locus3843",0.2917,0.25,0.3,0.2143,0.4375,0.4583,0.25,0.5,0.3889,0.375,0.7273,0.5,0.5625,0.6875,0.5,0.3182,0.4375,1,0.4375,0.5,0.5,0.0455,0.2222,0.5,0.65,0.4583
"locus3844",0.9167,1,1,1,0.9444,1,0.9,1,0.9091,1,1,1,1,0.9375,1,0.8125,1,1,1,1,1,1,1,1,0.9545,1
"locus3845",0.1667,0.125,0.05,0,0,0,1,0.0556,0.0455,0.6429,0,0,0,0.1875,0.1364,0.9444,0.1429,0,0.3125,0.1429,0,0.0909,0.1,0,0.1818,0.0417
"locus3846",0.875,1,0.85,1,1,0.875,1,1,0.9091,0.9286,0.9545,1,1,0.875,0.9583,1,0.8333,1,1,0.8333,1,1,0.95,0.9,1,1
"locus3847",0.9583,1,0.9,1,1,0.8333,1,1,0.9545,1,1,1,1,1,0.8333,1,1,1,1,1,0.9286,1,1,0.8333,1,1
"locus3848",1,1,0.95,1,1,1,1,1,0.8636,1,1,1,1,1,0.9583,1,1,0.8333,1,1,1,0.7857,1,0.95,1,1
"locus3849",1,1,0.95,0.95,1,0.9167,1,1,1,1,0.7273,1,0.6429,1,0.9583,1,1,1,0.9375,1,1,1,1,0.9,0.9545,0.9583
"locus3850",0.65,0.4286,0.2,0.4444,0.1,0.4167,0.6,0.3125,0.4545,0.5,0.1429,0.6667,0,0.3125,0.2857,0.5909,0.6667,0.5,0.2857,0.5,0.2,0.375,0.6429,0.2222,0.5556,0.375
"locus3851",0.8,0.75,1,0.5,1,1,1,0.8889,1,0.875,0.9286,0.9375,0.75,0.9375,0.8333,1,0.8571,1,1,0.8889,1,0.8,0.75,0.8889,0.8889,0.9583
"locus3852",0.125,0.5,0.4,0.0909,0.625,0.5,0,0.5,0.5,0.5,0.7273,0.0625,0.7,0.1875,0.5,0.0455,0,0.1667,0.4286,0.3889,0.0833,0.0455,0.2,0.45,0.15,0.625
"locus3853",0.25,0.5,0.4375,0.4,0.75,0.3,1,0.7143,0.1875,0.5625,0.5556,0.2857,0.7,0.375,0.45,1,0.1667,0.3333,0.375,0.125,0.4,0,0.2222,0.2143,0.1429,0.4583
"locus3854",0.9091,1,0.85,1,0.8889,0.9583,1,1,0.9,1,0.9545,0.875,1,0.875,1,1,0.9444,1,1,0.7778,1,1,1,1,0.8636,1
"locus3855",0.5,0.25,0.25,0.5,0.2,0.3,0,0.0625,0.4167,0,0.3,0.5,0.1875,0.5,0.3,0,0.375,0.75,0.5,0.1,0.7,0.3125,0.25,0.25,0.45,0.4286
"locus3856",1,1,0.9,0.9545,1,0.9091,1,0.8889,0.9,0.9375,0.9091,0.9375,1,0.9375,0.9583,0.9545,1,1,0.8125,0.8889,0.9286,0.9091,0.95,1,1,0.9167
"locus3857",1,1,0.9444,1,1,1,0.9,1,0.8,1,1,0.9375,1,1,0.9583,1,1,1,0.8125,0.875,1,0.9,1,0.8889,0.9091,1
"locus3858",0.125,0.5,0.25,0.5833,0.5,0.3333,0.1,0.25,0.125,0,0.25,0.4,0.1429,0,0.3889,0.05,0.4286,0.5,0.1667,0.125,0.4,0.0625,0.4167,0.375,0.35,0.3636
"locus3859",0.9167,0.9375,0.9444,1,1,1,1,1,1,1,0.9545,1,1,0.9375,1,1,0.9444,1,1,0.8889,0.9286,1,1,1,0.9545,1
"locus3860",1,1,1,1,1,0.9167,1,0.9375,0.9091,1,1,1,1,1,0.9583,1,1,1,0.9375,0.9444,0.9286,1,1,1,1,0.7273
"locus3861",0.6364,0.25,0.3333,0.3571,0,0.25,NA,0.3,0.4,0.5,0.2222,0.7,0.1,0.5,0.25,0.7857,0.5625,0.25,0.1,0.5,0.5,0.2143,0.625,0.3571,0.625,0.35
"locus3862",0.65,0.2143,0.5556,0.6364,0.5714,0.4444,0.5,0.7222,0.5455,0.4375,0.6,0.6667,0.35,0.5714,0.4583,0.0455,0.4375,0.5,0.3571,0.75,0.4,0.85,0.6667,0.3,0.5455,0.5
"locus3863",1,0.9286,0.95,0.9091,1,0.8,1,0.7778,0.9091,0.9375,0.9545,0.875,0.9,0.875,0.7917,1,1,0.8333,0.8125,1,0.75,0.7727,1,0.95,0.8182,0.7222
"locus3864",1,1,0.95,0.9545,0.9444,1,1,0.9444,1,0.875,1,0.9375,0.8,0.9375,1,1,1,0.8333,0.9286,1,1,1,1,1,0.9545,0.75
"locus3865",1,0.9375,1,1,0.8333,0.9167,1,1,1,0.9375,0.8333,1,0.875,1,1,1,1,1,1,0.9444,1,1,1,1,1,1
"locus3866",1,0.9375,1,0.9091,1,0.8636,1,1,0.9,0.9375,1,0.9375,0.95,1,0.8333,0.9545,1,1,0.9375,1,0.9286,0.9545,0.95,0.75,0.85,1
"locus3867",0.9583,0.875,0.35,1,1,1,1,1,0.45,0.9375,0.95,1,1,0.0833,0.5833,1,1,1,0.3571,0.5,0.9286,1,1,0.75,1,0.9583
"locus3868",1,0.9375,0.95,0.8889,0.9375,0.9167,1,0.8333,1,1,1,1,0.95,1,0.875,1,1,0.8333,0.9375,1,0.9167,1,1,1,1,0.875
"locus3869",0.875,0.9286,0.8,0.9091,0.8125,0.7917,1,0.7778,0.75,0.9375,0.9091,0.8571,1,0.8571,0.875,1,1,1,0.875,0.9444,0.6429,0.85,1,0.8,0.7727,0.75
"locus3870",1,1,1,0.8182,1,1,1,1,1,1,1,1,1,1,1,1,1,1,1,1,1,1,0.75,1,1,1
"locus3871",0.4583,0.3571,0.4444,0.7143,0.5,0.4091,0.2,0.375,0.4545,0.25,0.3333,0.3333,0.5,0.3333,0.3333,0.25,0.625,0.8333,0.4286,0.5,0.1429,0.75,0.55,0.3889,0.5556,0.25
"locus3872",1,0.75,1,1,0.7778,0.875,1,1,0.9545,1,0.95,0.9286,1,0.9375,1,1,1,1,0.9375,1,1,1,0.95,0.95,0.9545,0.7917
"locus3873",1,1,0.85,0.9545,1,1,1,1,0.9,1,1,1,1,1,1,1,0.9444,1,1,1,1,1,1,0.7222,1,1
"locus3874",1,0.8125,1,1,0.9444,0.8333,1,1,1,1,1,1,1,1,1,1,0.9444,1,1,1,1,0.9545,0.9,1,0.9545,0.9583
"locus3875",0.7083,0.625,0.5,0.8,0.5,0.5,0.9,0.4375,0.7727,0.8571,0.5,0.6875,0.6875,0.75,0.5455,0.9545,0.9286,1,0.5,0.6429,0.5833,0.5556,0.8333,0.75,0.6667,0.4545
"locus3876",1,0.75,0.5,0.9545,0.9167,1,1,0.75,0.6667,1,0.5,1,1,0.6429,0.6,0.9545,1,1,0.4167,0.625,0.875,0.9545,1,0.8125,1,0.8333
"locus3877",0.8,0.7,0.8889,1,1,0.5,1,0.5714,0.7857,1,0.9286,0.8,0.75,0.8333,0.8636,1,0.6429,1,0.5833,0.9,0.9167,0.4375,0.8333,0.75,0.9444,0.85
"locus3878",0.9167,0.6429,0.8333,0.85,0.9444,0.9167,0.8,1,0.7727,1,0.8636,0.6875,0.9,1,0.7273,0.7273,0.9444,1,0.9375,0.8889,0.8571,0.9545,0.9,0.8,0.6875,0.9583
"locus3879",0.9167,0.5,0.9167,0.8571,0.5833,0.5833,1,0.9,0.5556,0.9,0.2222,0.625,0.3333,0.8333,0.75,0.9545,0.9375,0.6667,0.6667,0.9444,0.75,1,0.9167,0.6875,1,0.5909
"locus3880",0,0.125,0.05,0.0455,0,0.0909,0,0.1667,0,0.0625,0,0,0,0,0.0417,0,0,0,0.125,0,0,0,0,0,0,0.0833
"locus3881",1,0.8333,1,0.5909,1,0.9167,0.9,1,0.95,1,1,1,1,1,1,1,0.9167,1,1,0.9444,1,0.375,0.9286,1,0.85,1
"locus3882",1,0.9375,0.8889,1,1,0.7917,1,0.9444,1,1,0.8636,1,1,0.9375,0.9167,1,1,1,0.9375,1,1,1,1,1,0.9091,0.9583
"locus3883",0.0417,0.2857,0.2,0.25,0.1667,0.3636,0,0.3333,0.1364,0.125,0.4091,0.0625,0.4444,0,0.25,0,0,0,0,0.1111,0,0,0.05,0.25,0.0455,0.2083
"locus3884",0.7273,0.875,0.8333,0.75,0.9444,1,1,0.9444,0.7727,0.9286,0.95,0.8571,0.8889,0.875,0.95,0.7,0.9375,0.75,0.9167,0.8333,1,1,0.7857,0.7222,0.9091,0.7917
"locus3885",0.9583,0.9375,0.95,1,0.9375,0.9167,1,0.9444,1,0.9375,0.9091,1,1,1,0.9583,0.9,0.9444,1,0.9375,0.9444,1,1,1,0.85,0.8636,0.9583
"locus3886",0.9583,1,1,1,1,1,0.5,1,0.7727,1,1,1,1,0.9286,0.9583,0.5625,0.9444,1,1,0.9444,1,1,0.95,0.8,1,1
"locus3887",0.5417,0.4167,0.3333,0.5714,0.3125,0.5625,1,0.5714,0.6875,0.6,0.7273,0.4167,0.7,0.5714,0.4167,1,0.6875,0.5,0.6667,0.4375,0.5,0.875,0.4444,0.5,0.7,0.375
"locus3888",1,1,0.95,1,0.875,0.875,1,0.7,0.9545,1,1,1,1,1,0.875,1,1,1,0.9286,1,0.75,1,1,1,0.9545,1
"locus3889",0.5,0.9375,1,0.95,1,1,1,0.8889,0.9091,0.875,1,1,1,0.75,0.875,0.9545,0.4286,1,1,0.7143,0.8333,0.4167,0.5,1,0.75,0.9167
"locus3890",0.9167,1,1,0.9545,1,1,1,1,0.6364,1,1,0.9375,1,1,1,1,1,1,1,0.8889,1,1,1,1,1,1
"locus3891",1,1,1,0.8636,1,1,1,1,1,0.875,1,0.9286,1,0.9286,0.9167,1,1,1,0.875,1,0.9286,1,1,0.85,1,0.9167
"locus3892",0,0,0.05,0,0,0,0,0.0556,0.0455,0,0,0.0625,0,0,0.125,0,0,0.1667,0.125,0,0.2857,0,0,0.05,0,0
"locus3893",0,0.0625,0,0,0.1111,0.2727,0,0,0.0455,0,0.2778,0,0.0556,0,0,0,0.0625,0.1667,0.0625,0,0,0,0.05,0,0.0455,0.0417
"locus3894",0.875,0.8571,0.8889,0.75,0.9444,0.9167,0.9,0.8889,0.7727,0.9375,1,1,1,0.8571,0.7778,0.9545,1,0.5,0.75,0.8889,0.9286,1,0.7857,0.8333,0.9444,0.7917
"locus3895",0.0417,0.125,0.3571,0.0455,0.8333,0,0.5,0.7778,0.1,0,0,0.4,0.2,0.2,0.25,0.2273,0.1111,0.5,0.3,0.125,0.4167,0.0455,0.15,0.2778,0.35,0.7778
"locus3896",0.625,1,0.625,0.9286,1,1,1,1,0.7143,0.8,0.9545,1,1,0.8,0.625,0.9091,0.625,0.25,0.9286,0.75,1,1,0.875,0.8125,1,1
"locus3897",0.7222,1,1,1,1,0.9167,1,0.9444,0.8636,1,0.9091,0.9,1,0.9375,0.8182,0.9545,0.7857,0.8333,0.9375,1,0.9286,0.55,0.9,0.95,0.9545,0.875
"locus3898",0,0,0,0,0,0.0417,0.75,0,0,0.125,0,0,0,0,0,0.375,0,0,0,0,0,0,0,0,0,0
"locus3899",0.4545,0.5,0.6667,0.5625,0.875,0.6667,0,0.7857,0.4444,0.5,0.7222,0.6,0.7857,0.5,0.5909,0.0455,0.6667,0.5,0.5,0.3,0.875,0.45,0.75,0.5714,0.5833,0.8333
"locus3900",0.9167,0.9286,0.95,0.9091,1,1,0.8,1,0.9091,1,1,1,1,1,0.9545,1,0.9375,0.8333,1,0.8889,0.9286,1,0.85,0.85,1,0.9583
"locus3901",0.7222,0.4167,0.3333,0.875,0.4375,0.4091,1,0.375,0.4091,0.7143,0.8636,0.5,0.4444,0.4167,0.4167,0.9545,0.875,0.1667,0.4167,0.3889,0.3571,0.9091,0.5833,0.45,0.55,0.4545
"locus3902",0.8182,1,1,1,1,0.9167,0.9,1,0.9545,1,1,1,1,0.9375,0.9583,1,0.5556,1,0.9375,1,1,0.7,0.9444,0.9,0.85,0.9583
"locus3903",0.875,1,1,0.6111,1,1,1,1,1,1,0.9545,1,1,1,1,1,1,0.8333,1,1,1,1,0.75,0.95,0.9545,1
"locus3904",0.75,0.625,0.6,0.3889,0.7778,0.7917,1,0.5625,0.7,0.9286,1,0.6667,1,0.7857,0.7727,0.9545,0.5556,0.5,0.5833,0.25,0.6429,0.75,0.6429,0.5625,0.75,0.6364
"locus3905",0.875,0.8333,0.8333,1,1,0.9545,1,0.8,0.9,0.8125,0.6,1,0.9167,0.7,0.7917,1,0.875,0.8333,0.9286,0.8125,0.875,0.8,0.8889,0.8333,1,0.7222
"locus3906",1,0.9167,0.4167,0.9545,1,0.8571,1,0.7143,0.5833,0.9375,0.6667,0.75,0.9375,0.8571,0.625,1,1,0.75,0.5,0.9375,0.8333,0.95,1,0.7143,0.95,0.7
"locus3907",0.2917,0,0.2778,0.0455,1,0.4583,0,0.0714,0.1667,0.1667,0.5,0.0833,0.55,0.2143,0.0556,0.0455,0,0.3333,0.0625,0.3571,0.1,0.05,0.25,0,0.3182,0.1
"locus3908",1,0.8125,0.95,1,1,0.9167,1,1,0.9545,0.9375,1,1,1,1,0.9583,1,1,1,0.9375,0.8889,0.8571,1,0.9,0.95,1,0.9167
"locus3909",0.7727,1,0.95,1,1,1,0.8,1,1,1,1,1,1,1,1,1,1,1,1,0.9444,1,1,1,1,1,1
"locus3910",0.9167,1,1,1,1,1,1,0.9444,1,1,1,0.9375,0.9,1,0.9583,1,1,1,1,1,1,0.9545,1,0.95,1,0.875
"locus3911",1,0.9375,0.9,0.9545,1,0.9583,1,0.9444,0.9545,0.9375,0.9545,1,0.85,1,1,1,1,0.8333,1,1,1,1,0.95,1,1,1
"locus3912",0.9167,0.875,1,1,1,0.95,1,1,1,1,0.9,0.9375,0.9,0.9286,1,0.9545,0.9444,1,1,0.8333,0.9286,0.9545,1,1,1,1
"locus3913",0.75,0.5625,1,0.8571,0.5625,0.5,0.5,0.6667,0.8889,0.5833,0.4375,0.9167,0.1667,0.8571,0.875,0.6429,0.875,1,0.75,1,0.9167,0.8571,1,0.7222,0.75,0.7857
"locus3914",1,1,1,0.9545,0.75,1,1,0.875,1,0.9375,1,0.9375,1,1,1,1,1,1,0.8125,0.9444,0.6667,1,1,1,0.8636,0.6818
"locus3915",0.875,1,0.8333,0.9091,1,0.9583,1,1,0.9091,1,0.9545,1,1,0.9375,0.8333,1,1,1,0.8125,0.8889,0.9286,1,0.95,0.8,0.8889,1
"locus3916",0.75,0.6,0.9286,0.75,0.8,0.8125,0.75,0.75,1,0.9286,0.4286,0.8333,0.5,0.9167,0.8333,0.9,0.8571,1,0.9286,0.625,0.9,0.9545,0.7143,0.7857,0.9444,0.7778
"locus3917",0.875,1,1,0.9,1,1,1,0.9444,1,1,1,0.875,0.9,0.9375,0.9583,1,0.8889,0.8333,0.9375,0.9444,1,0.9545,0.75,0.8,1,0.9583
"locus3918",1,0.875,0.8,1,1,0.9583,1,1,0.9091,1,0.8636,1,0.95,0.9375,0.9167,1,1,1,0.75,1,0.9286,1,1,1,1,1
"locus3919",0.95,0.625,0.8889,0.9545,0.9444,0.75,1,1,0.875,0.9375,1,0.875,1,0.8571,0.6667,1,1,1,1,0.8889,0.7857,1,0.85,0.8125,0.9545,1
"locus3920",1,0.9375,0.95,0.8182,1,0.9545,1,1,0.9545,1,1,1,1,1,0.875,1,1,1,0.8125,1,0.625,1,0.95,1,1,1
"locus3921",0.125,0.8333,0.5,0.625,0.3125,0.5556,0.5,0.25,0.6667,0.5,0.8333,0.5833,0.6667,0.3,0.4375,0.4,0.4,NA,0.5,0.6667,0.25,0.5625,0.5833,0.6429,0.3125,0.3
"locus3922",1,0.9375,1,0.9545,0.8333,0.9583,1,1,0.8333,1,1,1,1,0.9375,1,0.9545,0.9444,1,1,1,0.9286,0.9545,0.95,0.95,0.9545,0.875
"locus3923",1,0.9286,0.95,1,1,0.9167,1,0.9444,0.9091,0.9286,1,1,1,1,0.9091,1,1,1,0.9375,1,1,1,0.85,0.95,1,1
"locus3924",0.0833,0,0,0.1818,0.0833,0.1364,0,0.0556,0.0455,0.1875,0,0.2,0,0.25,0.125,0,0.0556,0,0.1875,0,0.2,0.0455,0,0.125,0.3182,0.15
"locus3925",0.9583,1,0.95,1,1,1,1,1,0.9545,0.9375,0.9545,0.9375,1,1,0.9167,0.7273,1,1,1,0.9444,1,1,0.95,0.9,0.9545,1
"locus3926",0.95,1,1,0.8,1,0.9583,0.75,0.9444,1,0.8125,1,1,1,0.9375,1,1,0.9375,0.8333,0.9375,0.9375,1,0.5,0.8333,1,1,1
"locus3927",0.0455,0.125,0,0.0455,0.0714,0.1667,0,0.25,0.1364,0,0.0714,0,0.1667,0.0625,0.0833,0,0,0,0.1875,0,0.125,0.2222,0.05,0,0.0455,0.1667
"locus3928",0.75,0.1667,0.1667,0.35,0,0.0417,1,0.0556,0.3,0.5,0.0455,0.3,0.2,0.25,0.25,0.875,0.1875,0.75,0.1429,0.3333,0.6667,0.3333,0.4286,0.1,0.4375,0
"locus3929",0.2222,0.5,0.5833,0.2857,0.3571,0.5,0.9,0.3125,0,0.4167,0.4091,0.4375,0.4286,0.25,0.1667,0.2273,0.3,0.5,0.5,0,0.1667,0.0909,0.2,0.1667,0.0714,0.1667
"locus3930",0.4583,0.5,0.6111,0.5,0.25,0.4091,0.125,0.5556,0.5455,0.3125,0.4,0.7143,0.4,0.5714,0.625,0.1818,0.6667,0.5,0.6667,0.2778,0.5,0.35,0.6111,0.5556,0.5,0.6364
"locus3931",0.45,0.4375,0.4444,0.45,0.6875,0.4545,0.5,0.5714,0.5455,0.4167,0.6364,0.5833,0.5625,0.4167,0.5,0.5,0.375,0.5,0.5,0.5,0.625,0.4444,0.5,0.45,0.6111,0.5833
"locus3932",0.0455,0.8333,0.3125,0.1875,0.8,0.875,0,0.75,0.5,0.5,0.8889,0.6,0.9444,0.3571,0.5,0.0455,0,0.5,0.4286,0.5,0.7143,0.0455,0.1429,0.4,0.4167,0.8889
"locus3933",0.8333,1,0.9444,0.8182,0.9444,1,0.9,0.8333,0.9545,0.9375,1,1,1,0.9375,0.9583,0.9091,0.8333,1,1,0.8889,1,0.9,0.8889,1,0.9091,0.9167
"locus3934",1,1,1,1,1,1,1,1,0.9545,1,1,1,1,0.875,0.8636,0.9545,1,1,1,0.875,1,1,1,0.9,1,1
"locus3935",0.5,0.5,0.3333,0.5,0.3571,0.5,0,0.1875,0.35,0.375,0.5625,0.5,0.6,0.4167,0.4167,0.3125,0.2857,0.75,0.3571,0.4167,0.2857,0.5,0.5556,0.25,0.5,0.4091
"locus3936",0.7083,0.9375,0.85,1,1,1,1,1,0.8182,0.9375,1,0.9375,1,0.9286,0.9167,0.9091,1,1,1,0.6667,1,0.9091,0.8,0.95,0.9091,1
"locus3937",0.7917,0.8125,0.95,0.95,0.8125,0.8636,1,0.9375,0.7,0.9375,0.8182,0.8571,0.9375,1,0.85,0.9545,0.5556,0.8333,0.9375,0.6429,1,0.7273,1,0.8889,0.85,0.9545
"locus3938",0.1111,0.1875,0,0,0,0.0417,0,0,0.1,0,0,0,0,0,0,0.0455,0.2143,0.1667,0,0.0556,0,0.0455,0.0556,0,0.1364,0
"locus3939",0.5,0.5833,0.6667,0.8571,0.9286,0.85,0,0.8,0.6429,0.3333,0.8,0.75,0.9167,0.5,0.6875,0.2,0.5,0.5,0.75,0.625,0.625,0.5,0.6429,0.75,0.625,1
"locus3940",0.8,0.5714,0.9167,0.5,0.3125,0.4091,0.5,0.75,0.85,0.2857,0.6,0.7,0.8571,0.625,0.8125,0.6,0.875,0.5,0.7143,0.6667,0.6,0.65,0.5,0.6667,0.5625,0.5
"locus3941",1,1,1,0.8182,1,1,1,1,1,1,1,1,1,0.9375,1,1,1,0.6667,1,1,1,0.9545,0.9,1,1,1
"locus3942",0.8889,0.7143,0.8,1,1,0.9167,1,0.9444,0.85,0.8125,0.9545,1,1,0.8571,0.7727,0.9545,0.8333,0.5,0.9286,0.9286,0.9286,0.9091,0.8333,0.9167,0.875,0.9583
"locus3943",0.9091,0.875,1,0.9091,1,0.9167,0.75,1,0.9545,0.7857,1,1,1,0.9286,0.7917,0.8636,0.7222,1,0.875,0.9444,0.9286,1,0.9444,1,0.8182,1
"locus3944",1,0.9375,1,1,1,0.8182,1,1,1,1,0.8333,1,0.6,1,1,1,1,1,1,1,1,1,1,1,0.9091,1
"locus3945",1,0.5833,1,1,0.5,0.5,1,1,0.8636,1,0.5556,1,0.4167,0.9375,0.8636,0.9545,1,1,1,1,1,1,0.9375,1,1,0.8182
"locus3946",0.875,0.6875,0.75,0.8182,0.9444,0.7273,1,0.75,0.9545,0.8125,0.8182,0.9,0.9444,0.7143,0.9167,1,0.8889,0.8333,0.75,1,0.6429,0.9091,0.95,0.8889,0.9545,0.875
"locus3947",1,1,0.85,1,1,1,1,1,0.9545,1,1,1,0.85,0.9375,0.875,1,1,1,0.875,1,0.9286,1,0.95,1,0.9545,0.9167
"locus3948",1,1,0.5625,1,1,1,1,1,0.9091,1,0.9545,1,1,0.9375,0.8333,1,1,1,0.7857,1,0.8571,1,1,0.95,0.9545,1
"locus3949",0.0625,0.5833,0.6875,0.5909,0.9167,0.85,0,0.875,0.3182,0.5,0.8182,0.5,0.8889,0.875,0.2727,0,0.1667,0.25,0.2857,0.4167,0.5,0.75,0.2857,0.6,0.5,0.6
"locus3950",1,0.9375,1,0.9545,1,1,1,0.9444,1,0.9375,0.8182,1,1,1,0.9583,1,0.9444,1,1,0.8889,1,1,1,0.9,1,0.9583
"locus3951",0.2083,0.0625,0.1667,0.0455,0.5833,0.1818,0.25,0.4286,0.1,0.1429,0,0.1667,0.0625,0.25,0.1364,0.125,0.0556,0.25,0.3571,0,0.1667,0,0,0.35,0.2222,0.3636
"locus3952",1,1,1,0.9545,1,0.9583,0.9,1,1,1,0.9545,1,0.9,1,1,0.9091,1,1,0.9375,0.8889,1,1,1,1,0.9545,1
"locus3953",0.5,0.7,0.85,0.4444,0.8889,0.6364,0,0.75,0.4444,0.6667,0.8636,0.7143,0.9444,0.4286,0.7727,0.0455,0.5,0.8333,0.8125,0.5833,1,0.6364,0.6875,0.65,0.6667,0.65
"locus3954",0.4375,0.2,0.1667,0.6429,0.2857,0.3182,1,0.5625,0.2778,0.7857,0.25,0.5714,0.1429,0.5714,0.5,0.9091,0.625,0.75,0.4286,0.25,0.7,0.5833,0.5,0.625,0.6667,0.6667
"locus3955",0.7917,1,0.95,0.6818,0.8889,0.9167,1,0.8889,1,0.75,0.9545,1,1,0.875,0.875,0.9545,1,0.8333,1,1,1,0.6667,0.85,0.95,0.9091,0.8333
"locus3956",0.625,0.875,0.8125,0.25,1,1,1,0.875,0.65,0.9167,0.8889,0.6875,1,0.875,0.7727,0.9545,0.75,0.6667,0.7143,0.9286,1,0.65,0.5,0.9,0.6818,0.85
"locus3957",0.0417,0.0625,0,0,0,0.1364,0,0,0,0,0.1818,0,0.25,0,0.125,0,0.0556,0,0,0,0,0.0909,0,0,0,0
"locus3958",0,0,0.15,0.0909,0,0,0,0,0,0.0625,0.0455,0.0625,0.05,0.125,0.1667,0.0455,0.0556,0.1667,0,0,0,0.1667,0.05,0,0,0.0417
"locus3959",0.1364,0,0,0.2273,0,0,0.5,0,0.0455,0.4,0.0455,0,0,0,0,0.5714,0.0556,0,0,0,0,0,0,0.05,0,0
"locus3960",0.75,1,0.75,1,1,1,1,0.7857,0.6667,1,0.9545,0.875,1,0.6429,0.6818,1,1,1,0.6667,0.75,0.6667,0.3333,0.8,0.5556,0.9,0.85
"locus3961",0.125,0,0,0,0,0.1667,0,0,0,0,0,0.25,0,0,0.0833,0.0455,0.0556,0.3333,0.125,0,0.1429,0.1667,0.05,0.1667,0.15,0.0833
"locus3962",0.0833,0,0,0.4,0.1667,0,NA,0,0.3571,0,0.0909,0,0,0.1,0.0833,0,0,0.1667,0.0714,0.3333,0,0.25,0.4,0.1875,0,0
"locus3963",1,0.75,0.8125,0.9545,1,0.7778,1,0.75,0.7,1,0.9444,1,1,0.8333,0.6875,1,0.9444,1,0.8333,0.8333,1,1,1,0.8889,1,0.875
"locus3964",0.7083,1,1,1,1,1,1,1,1,1,1,0.875,1,1,0.9545,1,1,1,1,0.8889,1,1,1,1,1,1
"locus3965",0.625,0.9375,0.6,0.95,0.8333,0.875,0.875,0.4167,0.4545,0.9375,1,0.7143,1,0.5,0.4545,0.9545,0.6667,0.5,0.6429,0.6429,0.5,0.6364,0.9375,0.3889,0.625,0.45
"locus3966",0.0417,0,0,0.1364,0,0,0,0,0,0,0,0.1429,0,0.0625,0.0417,0,0,0,0,0,0,0,0.25,0,0,0
"locus3967",1,1,1,0.8636,1,1,1,1,1,1,1,1,1,1,0.9583,1,0.9444,1,1,1,1,0.9545,0.75,1,1,1
"locus3968",0.9583,1,1,1,1,1,1,1,1,1,1,0.9375,1,1,1,1,0.8889,0.8333,1,0.9444,0.9286,0.7143,0.95,1,1,1
"locus3969",0.1364,0.25,0.25,0.3,0.5,0.4545,0,0.2222,0.3636,0,0.6818,0.25,0.4375,0.375,0.4167,0,0.0556,0.3333,0.375,0.5,0.4286,0.0909,0.25,0.2778,0.2727,0.25
"locus3970",0.5,0.4167,0.55,0.45,0.5625,0.75,0.3333,0.8333,0.25,0.3571,0.4444,0.7857,0.1111,0.4286,0.2083,0.125,0,0.6667,0.1,0,0.75,0.4545,0.1,0.5625,0.375,0.7857
"locus3971",1,1,0.9,1,1,0.9167,1,1,0.9091,0.9375,1,1,1,1,1,1,0.6667,1,1,1,1,1,1,1,1,1
"locus3972",1,1,0.8,1,1,1,1,1,0.9545,1,1,1,1,1,0.9,1,1,1,0.6875,1,0.9286,1,1,1,1,1
"locus3973",0.0417,0,0.05,0.0455,0,0,1,0.0556,0.0909,0.3333,0,0,0,0,0,0.6667,0.2,0,0.0625,0.1875,0,0,0,0.2,0.05,0.0417
"locus3974",0,0.1875,0.1,0,0.1111,0.0417,0,0,0.05,0,0.0455,0.0625,0,0.125,0.0833,0,0,0,0.0625,0.0556,0,0,0,0,0.1364,0.0833
"locus3975",0.7143,0.8571,0.7857,0.9375,1,0.8889,0.8333,0.75,0.95,0.5833,0.9091,0.6667,1,0.9,0.75,0.3889,0.5714,1,0.9,0.8333,0.6667,0.9444,0.5,0.75,0.8333,0.7727
"locus3976",0.25,0.625,0.4,0.1429,0.8571,0.75,0.5,0.3333,0.2727,0.6,0.625,0.3125,0.9,0.25,0.5417,0.5,0.4375,0.75,0.5,0.375,0.375,0.1667,0.3,0.4444,0.5714,0.8636
"locus3977",0.8333,0.75,0.7143,0.8636,0.875,0.5833,1,0.875,0.6667,1,0.1667,1,0.25,0.75,0.625,1,0.8889,0.8333,0.6,0.6429,0.5833,0.9545,0.9,0.8125,0.8,0.8182
"locus3978",1,1,0.95,1,1,0.9167,1,1,0.9091,0.9286,0.8636,1,1,1,1,1,1,1,0.8125,1,0.9286,1,1,1,1,1
"locus3979",1,0.9375,0.95,0.9091,0.8333,0.75,0.5,0.9444,0.9545,0.75,0.9444,1,0.9,0.875,0.9583,0.375,1,1,0.9375,0.8889,1,0.8636,0.95,0.95,0.9545,1
"locus3980",0.8333,0.9167,1,1,0.875,0.75,1,0.7222,0.9545,0.9375,0.9,0.8571,0.8333,0.875,0.9583,0.9545,0.6667,1,0.9286,0.8889,0.6667,0.7,0.7778,0.9,1,0.8182
"locus3981",0.875,0.8125,1,1,1,0.9583,1,1,0.9545,1,1,1,0.95,1,0.9583,0.9545,0.9444,1,1,1,0.8571,1,1,0.95,1,1
"locus3982",1,1,1,1,0.7857,0.9091,1,0.6,1,1,1,0.8571,1,1,1,1,1,1,0.875,1,0.7,0.9545,1,1,0.9375,0.375
"locus3983",0.8,0.5833,0.5,0.75,0.9,0.5556,0.3,0.8571,0.6111,0.7,0.4,0.9,0.6111,0.9,0.75,0.1667,0.7778,1,0.5,0.6429,0.8,0.6111,0.9375,0.6667,0.875,0.8
"locus3984",0.8333,1,0.7143,1,0.9444,1,1,0.8889,0.6818,1,1,0.8571,0.95,0.9375,0.875,1,0.8125,0.6667,0.75,0.7222,0.9286,0.4375,1,0.8,0.9091,0.9583
"locus3985",0.8,0.5833,0.6111,0.875,0.875,0.6429,0.6667,0.9286,0.7143,0.5714,0.5909,0.75,0.5,0.5,0.7778,0.5714,0.8333,0.6667,0.625,0.6875,0.9,0.8125,0.8571,0.5,0.625,0.9375
"locus3986",1,0.9375,1,0.7222,0.8333,0.9167,1,0.9375,1,0.8125,0.6818,0.875,0.85,0.8125,0.9167,1,0.7143,1,0.9286,1,1,1,0.6667,1,0.8,0.9545
"locus3987",0.8333,1,1,1,1,0.9167,1,1,1,0.9375,1,1,1,0.9375,0.9167,1,0.9444,1,0.9375,1,1,0.9091,1,1,1,1
"locus3988",1,0.8571,0.7143,0.8636,0.9444,0.9167,NA,1,0.6111,0.75,0.9091,0.7143,1,0.5625,0.6111,NA,0.6667,NA,0.6429,0.6667,0.8333,0.8333,0.9167,0.6667,0.9444,0.9545
"locus3989",0.9,0.9375,1,1,0.8889,1,0.9,0.9444,1,1,1,1,1,1,1,1,0.8889,0.8333,1,0.8333,1,0.625,0.95,0.9444,0.9091,1
"locus3990",0,0,0,0,0,0,0.5,0.0556,0.0455,0.2143,0.0455,0,0,0.0625,0.0417,0.6364,0.2222,0,0,0.2222,0,0,0,0,0,0
"locus3991",1,0.6875,1,1,0.5,0.5909,1,0.5556,0.9545,0.9375,0.3182,0.7143,0.5,1,0.9167,1,1,1,0.9286,1,0.9286,1,0.9444,0.8889,0.8333,0.4444
"locus3992",1,1,1,1,0.9167,0.7222,0.5,0.6875,0.8571,0.8,0.9091,0.5,1,0.5,0.5714,0.5,0.8889,1,0.7,0.5,0.75,0.9,0.75,0.7143,0.6111,0.4
"locus3993",1,0.875,1,1,0.8889,1,1,0.8125,0.9091,1,1,0.8571,0.9,1,1,1,0.8333,1,0.9375,0.8889,1,1,1,1,0.9091,0.9583
"locus3994",0.8333,1,1,1,1,0.9583,1,0.9444,1,1,1,0.875,1,0.875,0.9583,1,0.9444,1,0.9375,1,0.8571,1,0.9444,1,0.7727,0.9583
"locus3995",0.9583,0.9286,0.8333,0.9545,1,0.8182,1,0.8333,0.85,0.9375,0.85,0.8,0.9444,0.9375,0.85,1,1,0.75,0.6667,0.8125,0.8333,0.75,0.875,0.9,0.9,0.625
"locus3996",0.0833,0.0625,0.3125,0,0,0,0,0,0.4091,0,0,0,0,0.0714,0.25,0.0455,0,0,0.2143,0.0556,0.0714,0,0.1,0.0556,0,0.0833
"locus3997",0.45,0.6,0.8889,0.5,0.5,0.6667,1,0.4286,0.5714,NA,0.8,0.4,0.9286,0.5833,0.6667,0.9091,0.3571,0.5,0.7143,0.5714,0.3333,0.9375,0.4286,0.6667,0.5,0.5909
"locus3998",0.0417,0,0,0.0455,0,0,0,0.1111,0.0909,0,0,0.0625,0,0.125,0.0833,0,0.2222,0.1667,0,0.0556,0,0,0.1,0.15,0,0.0417
"locus3999",0.5417,1,1,0.95,1,1,1,1,1,0.9375,0.9545,0.9375,0.95,0.9375,1,0.9545,0.5556,0.8333,0.9375,1,0.7857,0.8182,0.6111,0.9444,0.7,1
"locus4000",0,0.0714,0.05,0,0,0,0,0.1667,0.0909,0.0625,0.0455,0,0,0,0.0417,0.0909,0,0,0.0625,0.0556,0,0,0.1,0.05,0,0
"locus4001",0.8333,1,1,0.9091,1,0.6667,1,1,0.9545,1,1,1,1,1,0.9167,1,1,0.8333,0.9375,1,0.7857,1,0.7778,0.95,0.9545,0.9545
"locus4002",0.2083,0.25,0.3,0.2,0.2857,0.5,0,0.3571,0.1818,0.1667,0.0833,0.0833,0.2857,0.2143,0.2083,0.2857,0.1667,0,0.1429,0.0625,0.25,0.1667,0.2,0.1,0.75,0.5
"locus4003",0.625,1,1,0.7727,1,1,1,0.8889,0.9091,1,0.9091,1,0.85,0.9375,0.9583,0.5,0.8333,0.8333,0.9375,1,0.9167,0.6667,0.9444,0.8,1,1
"locus4004",0.0833,0.4167,0.05,0.375,0,0,0,0.1,0.1364,0,0.15,0,0.5,0,0.0417,0,0,0,0.125,0,0,0.0455,0.05,0,0.0455,0.1111
"locus4005",0.2917,0.375,0.1,0.2727,0.5,0.1,0,0.2222,0.0909,0,0.3636,0.0833,0.5,0.125,0.2083,0,0.0714,0.3333,0.125,0.25,0.25,0.0455,0.45,0.1111,0.2222,0.2273
"locus4006",0.875,0.9375,1,1,1,0.9167,1,1,0.9545,1,1,1,1,1,0.875,1,0.9444,0.8333,0.9375,0.9444,1,0.8,0.9,0.9,0.9545,0.9583
"locus4007",0.5,0.4286,0.45,0.6,0.5833,0.45,1,0.5,0.6818,0.5625,0.8333,0.4167,0.7778,0.4167,0.5,0.8125,0.75,0.8333,0.375,0.5,0.5,0.2778,0.625,0.6,0.3889,0.5
"locus4008",0.2083,0,0.2222,0.0909,0,0,0.2,0.0556,0.15,0,0.1364,0,0,0.0714,0.1818,0.0455,0.4444,0,0.25,0.2778,0,0,0.05,0.2,0.1,0.0417
"locus4009",0.9,0.5,0.625,0.875,0,0.5,1,0.5,0.6429,1,0.3,0.5833,0.3333,0.7857,0.5455,1,0.75,0.75,0.7143,0.8,0.5833,0.5,0.875,0.625,0.6667,0.2778
"locus4010",1,1,0.95,0.9545,0.9444,0.9583,1,1,0.8636,0.9375,1,1,1,1,0.9583,1,1,1,0.9375,0.9444,1,0.6818,1,0.95,1,1
"locus4011",1,0.75,1,0.9545,1,0.85,0.875,0.8889,0.9,0.8,0.8333,0.9375,0.8333,0.875,0.875,0.8333,1,1,1,1,0.9167,0.9545,1,0.9,1,0.9583
"locus4012",0.4375,0.1429,0.3333,0.0556,0.0833,0.0833,1,0.2143,0.3889,0.4167,0.0909,0.1667,0.05,0.4,0.3182,0.8889,0.5,0,0.3571,0.5714,0.3333,0.25,0.1,0.3125,0.4444,0.2222
"locus4013",0.8333,1,0.95,0.9545,1,0.9583,1,1,1,1,1,1,1,0.8125,1,1,0.8333,1,1,1,1,0.9545,0.9,0.95,0.9545,1
"locus4014",0.8333,1,1,1,1,0.9167,1,0.9444,1,1,1,0.9375,1,1,1,1,1,1,0.9375,0.6875,1,0.6429,1,1,0.9091,0.875
"locus4015",0.9583,0.9375,0.95,0.9091,0.9444,0.7917,1,0.9286,0.9091,0.9375,1,0.9167,0.95,0.875,0.9167,1,1,0.6667,0.875,1,0.6429,0.7273,1,0.9,1,0.75
"locus4016",0.9091,0.5714,0.4,0.9545,0.2857,0.25,1,0.3333,0.8333,1,0.6667,0.9286,0.75,0.6429,0.5,0.9545,1,0.25,0.2143,0.9375,0.3571,0.9545,0.95,0.4375,0.5714,0.3182
"locus4017",0.65,1,1,1,1,0.9583,0,0.9444,1,0.8333,1,0.7143,1,0.9375,0.9167,0.2273,0.4286,1,1,0.875,1,0.4,0.7,1,0.6667,1
"locus4018",0.5909,0.5,0.75,0.6875,1,0.4444,0.6667,0.4375,0.8182,0.2857,0.7,0.8,0.75,0.75,0.7,1,0.6111,0.6667,0.7143,0.75,0.1667,0.1364,0.3889,0.7778,0.6,0.4091
"locus4019",0.9583,0.9375,0.9,1,1,0.9583,1,0.9444,1,1,1,1,1,1,1,0.8,1,1,0.9375,1,1,0.7222,0.9,1,1,1
"locus4020",0.875,0.9375,0.95,0.9545,1,1,1,0.9444,1,0.9375,1,0.9286,1,1,1,0.7273,0.8333,1,1,1,1,0.9545,0.95,0.9,1,1
"locus4021",1,0.6429,0.9,0.9545,0.8571,0.875,1,0.875,0.8636,0.7857,0.85,0.625,0.8571,1,0.85,0.9545,1,1,0.75,0.9375,0.7,0.9545,0.9444,0.75,0.9545,0.8636
"locus4022",0.9091,1,0.95,1,0.9444,0.9545,1,1,0.9545,1,1,0.9375,0.95,1,0.9583,1,1,1,0.8125,1,1,1,1,0.9,1,0.9583
"locus4023",0.0455,0.125,0.0556,0,0.8333,0.4375,0,0.6429,0,0.125,0.25,0.5,0.2857,0.0625,0.1667,0.0909,0,0,0,0.1667,0.8333,0.0455,0.2,0,0.45,0.7778
"locus4024",0.9583,1,0.95,1,0.875,0.9167,0.9,0.8125,0.7,0.9375,1,0.875,1,1,1,1,1,1,0.9375,1,0.8,0.5,1,0.7222,0.9091,0.75
"locus4025",0.9091,1,1,1,1,1,1,1,0.9091,1,1,0.9286,1,1,0.9583,1,0.9444,0.8333,1,0.8889,0.9286,0.8125,1,0.95,0.9545,1
"locus4026",0.5,0.5,0.6111,0.3333,0.1111,0.3889,0,0.5625,0.5,0.1429,0.5556,0.5,0.4444,0.5833,0.45,0.3333,0.375,0.5,0.6429,0.5,0.5,0.7222,0.4375,0.3,0.15,0.375
"locus4027",1,1,1,1,1,1,0.3,1,1,0.875,1,1,1,1,1,0.8125,1,1,1,1,1,1,0.95,1,1,1
"locus4028",1,1,0.9,0.9545,1,1,1,1,0.9091,1,0.9545,1,1,1,0.9583,0.9545,0.9444,1,1,1,0.9286,1,1,0.9,1,1
"locus4029",0.9583,1,0.95,0.8182,0.8889,1,NA,1,0.9091,0.875,1,0.8571,0.95,0.875,1,1,0.9444,0.8333,0.9375,0.7778,1,1,0.85,0.95,0.9545,0.875
"locus4030",1,0.8125,0.75,1,1,0.9583,1,0.9444,0.6875,0.9375,1,1,0.9,0.8333,0.9167,1,1,1,0.8571,1,1,1,1,0.75,1,1
"locus4031",0.875,0.9375,0.9286,1,1,0.9091,0,0.9444,0.625,0.3571,0.85,1,0.8333,0.8571,1,0.05,0.7,1,0.8571,0.4,1,0.5714,0.7143,0.875,0.8125,1
"locus4032",1,0.9167,1,1,0.625,0.9091,0.8,0.8889,1,1,0.35,0.9375,0.625,0.9375,1,1,1,1,1,1,1,1,0.95,0.9,0.9545,0.8333
"locus4033",1,1,0.95,0.9091,1,0.8333,1,1,1,1,0.8333,0.9375,0.7857,1,0.9583,1,1,1,1,1,1,1,1,1,0.9545,0.8333
"locus4034",1,1,0.95,1,0.7222,1,0.9,1,1,1,1,0.9375,1,0.9375,1,0.9091,1,1,1,1,1,1,1,1,1,1
"locus4035",1,0.8571,1,0.8182,1,0.75,1,0.8889,0.9091,0.9286,0.85,1,0.4,0.9375,1,0.8636,0.875,1,0.9375,0.8889,1,1,0.8,0.7,0.9091,0.8333
"locus4036",0.0909,0.0714,0.3889,0.4375,0.3333,0.1,0,0,0.1818,0.2,0.0455,0,0,0.4375,0.25,0,0.1667,0.1667,0.25,0,0.1429,0.3,0.05,0.4375,0.1818,0.1111
"locus4037",0.1667,0.3571,0.3,0.05,0.1429,0.4091,0,0.4,0.1818,0.125,0.1,0,0.375,0.125,0.25,0.0455,0.1111,0.1667,0.2857,0.0556,0.4167,0.0455,0.0556,0.45,0.125,0.35
"locus4038",0.8182,1,1,1,1,1,1,0.9444,1,1,0.9545,0.75,1,0.9375,1,1,0.5,1,1,1,0.9286,1,1,0.95,0.875,1
"locus4039",0.875,0.5,0.95,1,0.8333,0.35,1,0.9375,0.9545,0.4,0.25,1,0.1429,0.9375,1,1,1,1,0.9286,1,1,0.3125,0.95,1,0.8636,0.9167
"locus4040",0,1,0.125,0.0625,0.2,0.1875,0,0,0,0.2,0.4167,0.1,0.4286,0.1667,0.2917,0.0833,0.3333,0,0.25,0.1,0.125,0.4,0.0833,0,0.0625,0.15
"locus4041",1,1,0.8,0.9545,0.75,0.9583,1,0.6111,0.9091,1,0.9545,0.875,1,0.9375,0.7917,1,1,1,0.9375,0.9444,0.5714,1,1,0.9,0.9,0.6818
"locus4042",0,0,0,0,0.1429,0,0,0.2143,0,0,0,0,0,0,0,0,0,0,0,0,0.1429,0,0,0.05,0.0909,0.25
"locus4043",1,1,0.9444,0.8636,1,1,1,0.8889,1,0.9375,0.95,1,1,0.8125,0.9167,1,1,1,1,0.9444,0.9286,1,0.95,0.85,1,0.9583
"locus4044",0.7083,0.9375,0.65,0.6667,1,0.9583,1,1,0.5909,0.8571,0.9545,0.8125,1,0.8125,0.7083,0.6818,0.6875,0.6667,0.7143,0.8125,1,0.9545,0.8,0.9,0.8182,0.9583
"locus4045",0.8636,1,0.95,0.9545,1,1,1,1,0.9545,1,1,0.9375,1,1,1,1,0.9444,1,0.9375,0.9444,0.9286,1,0.9,0.95,1,0.9583
"locus4046",0.8636,1,0.9167,0.8889,1,0.9583,1,0.6875,0.8889,0.9375,1,1,0.9,0.9375,0.6818,0.9545,0.9444,1,0.8571,0.9375,1,1,0.7143,0.8,1,0.7917
"locus4047",0.9167,1,1,1,1,1,1,0.9444,1,1,0.9545,1,1,0.9375,0.9583,1,0.7778,1,1,0.9444,0.9286,1,0.95,1,0.9545,1
"locus4048",0.3889,0.8,0.6,0.55,1,0.75,0.625,0.7857,0.6667,0.6,0.8636,0.875,1,0.5,0.7083,0.0556,0.5,0.6667,0.6667,0.5,1,0.5,0.6429,0.5714,0.5,0.9545
"locus4049",0,0,0.05,0,0,0.0417,0,0,0,0.0625,0,0,0,0,0.0417,0,0,0,0,0.1111,0,0,0.05,0,0.1818,0.05
"locus4050",0.7083,0.625,0.65,0.6364,0.6111,0.5833,1,0.8125,0.6818,0.8125,0.55,0.75,0.7,0.875,0.9,0.9545,0.5,0.5,0.8125,0.7778,0.9286,0.9091,0.8,0.9,0.6364,0.75
"locus4051",1,1,0.85,1,1,0.9583,1,1,0.9,1,1,1,1,1,0.8333,1,1,1,1,0.8889,1,1,1,0.95,1,1
"locus4052",1,0.8125,0.9,1,1,0.875,1,1,0.9091,1,0.9545,0.9286,1,0.75,0.7917,1,1,1,0.9375,0.9444,0.9286,1,1,1,0.9545,1
"locus4053",0.9583,0.8125,1,1,1,0.9583,1,1,1,0.9375,0.9091,1,1,1,0.9167,1,1,1,1,1,1,1,1,1,0.9545,1
"locus4054",0.4091,0.2143,0.3,0.3889,0.375,0.05,0.625,0.7,0.3,0.2143,0.1,0.3125,0.05,0.5714,0.45,0.65,0.3571,0.5,0.3571,0.2857,0.4,0.8,0.2222,0.3889,0.5,0.5455
"locus4055",1,1,0.9,1,1,1,1,1,0.9545,1,1,1,1,0.9375,0.9583,1,1,1,0.875,1,1,1,0.95,0.8,1,1
"locus4056",0.8636,0.8571,0.9,0.9545,1,1,1,0.8889,0.85,1,0.7727,1,0.7778,1,0.875,1,0.9444,0.6667,1,0.8889,0.9286,0.9091,0.95,0.9,1,0.7917
"locus4057",0.1667,0.1875,0.1,0.1,0.625,0.3,0.5,0.25,0.0455,0,0.3333,0.2143,0.1429,0.0625,0.125,0.0625,0.25,0.1667,0,0,0.1,0.0455,0.2143,0.1,0.2222,0.125
"locus4058",0.9583,0.875,0.95,0.9545,1,0.9583,1,1,1,0.8571,0.9286,1,0.9,0.9375,1,1,1,1,1,1,1,1,1,0.85,0.8636,0.9583
"locus4059",1,0.75,1,0.9545,1,0.75,1,1,1,1,1,0.75,1,0.9375,0.9167,1,1,0.8333,1,1,0.8571,1,1,1,0.9091,1
"locus4060",0.9167,0.875,0.8125,0.9,1,0.9583,0.8,0.8889,0.9375,0.875,1,1,0.9,0.75,0.7273,1,0.8889,1,0.8125,0.9375,1,0.8636,0.85,0.8333,0.8636,1
"locus4061",0.1667,0.1875,0.2222,0,0.0833,0.0909,0.125,0.125,0.0556,0,0.0455,0.1875,0.15,0,0.375,0.0455,0.1111,0.3333,0.2857,0.0556,0.4167,0.0909,0.05,0.05,0.0455,0.15
"locus4062",0.875,1,1,1,1,1,1,1,0.8636,1,1,0.875,1,0.9375,0.875,1,0.9444,0.6667,0.875,0.8889,1,0.9091,0.9,1,1,1
"locus4063",1,1,1,0.9545,0.9444,1,1,1,0.9545,0.8125,1,1,1,1,1,0.9091,0.8889,1,0.9375,0.9444,1,0.9545,0.9,1,0.9545,1
"locus4064",1,0.9375,1,1,1,0.9583,1,0.7222,1,1,0.9545,0.875,0.9,1,0.9583,1,1,0.8333,1,0.9444,0.9286,0.9545,1,0.95,0.9545,0.9167
"locus4065",0,0,0.05,0,0.0556,0.0417,0,0,0.0909,0,0,0,0,0.0625,0.125,0,0,0,0.0625,0,0,0,0,0.15,0,0
"locus4066",1,1,1,0.9091,1,0.9583,1,1,1,0.875,1,0.9375,1,0.8125,0.9583,1,1,1,1,0.9444,1,1,1,0.7222,1,1
"locus4067",0.7083,0.875,0.8333,0.8636,0.7778,0.9583,0.6,1,0.85,0.6875,0.8636,0.8125,1,0.7143,0.8889,0.65,1,0.8333,0.9286,0.7222,0.7857,0.6818,0.9,0.8,0.5455,0.5833
"locus4068",1,0.9375,0.8333,0.9545,0.875,0.9091,1,0.9375,0.9545,0.9375,0.8182,0.8571,0.85,1,0.8636,1,1,1,0.9286,0.9444,0.8,1,1,0.8125,0.9545,0.75
"locus4069",0,0,0.1,0.0909,0.25,0.25,0,0.2857,0.0455,0.0625,0.1667,0,0,0,0,0.1364,0.0556,0,0.125,0,0.5,0,0.1,0.15,0,0.0909
"locus4070",1,1,0.9,1,1,1,1,1,0.9091,1,0.9545,0.9375,1,0.9286,0.9583,1,0.8889,1,1,1,0.9286,0.5625,0.95,0.95,0.9545,1
"locus4071",1,0.8333,0.95,1,0.8889,0.7273,1,0.8889,1,0.8125,0.9,1,0.85,0.9375,0.9167,1,1,1,0.8125,1,1,1,1,0.95,0.9545,0.9583
"locus4072",0.9375,1,1,1,1,1,1,1,0.9091,1,1,1,1,0.9375,1,1,0.875,1,1,1,1,0.5,0.8889,0.9,0.8182,1
"locus4073",0,0.125,0.2,0.1364,0,0.0417,0,0.3889,0,0.0625,0.0909,0.1875,0.05,0.3125,0.2273,0,0.0556,0,0.25,0.0625,0.0833,0.2273,0,0.15,0,0.0909
"locus4074",1,1,0.95,1,1,1,1,1,0.8182,1,1,1,1,0.8125,0.875,1,1,0.8333,0.8571,1,1,1,0.95,0.85,0.95,1
"locus4075",1,0.9375,1,0.9545,1,1,1,1,0.9545,1,1,0.9375,1,0.9375,0.9583,1,1,1,1,1,1,1,1,1,1,0.8333
"locus4076",0.9167,1,1,1,1,1,1,1,1,1,1,1,1,0.875,1,0.9545,1,1,0.9375,1,0.7857,1,0.95,1,1,0.9167
"locus4077",0.5909,0.5714,0.5,0.8333,0.8125,0.9091,0.5,0.875,0.5,0.5833,0.85,0.75,0.95,0.6429,0.4091,0.625,0.6429,0.6667,0.5,0.25,0.5,0.5909,0.6429,0.5,0.6111,0.8
"locus4078",1,0.9375,0.9444,1,1,0.9583,0.875,1,0.9545,1,1,1,1,1,1,0.4091,1,1,1,0.9444,1,1,1,1,1,0.9583
"locus4079",1,1,1,1,1,1,0,1,0.9091,0.5,0.9545,1,1,1,1,0.05,0.9444,1,1,0.8125,1,1,1,0.9,1,1
"locus4080",1,0.875,1,1,1,0.9167,1,0.875,1,0.875,0.9545,0.875,0.9444,1,0.9583,1,1,0.8333,0.9286,1,0.5,1,1,0.85,1,0.9167
"locus4081",0.9583,0.6,0.85,1,0.8,0.5,1,0.9444,1,1,0.7222,0.875,0.5,1,1,0.9545,1,1,0.9375,0.9444,0.9286,0.9091,1,1,1,0.9375
"locus4082",0,0.0625,0.05,0,0,0,0.1,0,0,0.0625,0.0455,0,0,0,0,0.2727,0,0,0.0625,0.1667,0,0,0,0,0,0
"locus4083",1,0.9286,1,1,1,0.9583,1,1,1,0.9375,0.9,1,0.7,1,1,1,0.9444,1,0.9286,1,1,0.9545,1,1,1,1
"locus4084",0.7778,0.9,0.9,0.4375,0.8333,1,1,0.8889,0.5625,0.625,0.9545,0.8571,0.9,0.75,0.8182,0.875,0.3333,1,0.8333,0.6,0.8333,0.4375,0.3333,0.9444,0.7222,0.8636
"locus4085",0.5833,0.375,0.45,0.5909,0.6875,0.5833,0,0.6667,0.55,0.5,0.5,0.3333,0.4444,0.3571,0.4583,0.0455,0.5,0.5,0.4375,0.2222,0.6429,0.95,0.45,0.4,0.6,0.5
"locus4086",0,0.875,0.125,0.0455,0.4444,0.4444,0,0,0,0.2143,0.5909,0,0.2857,0.1,0.2857,0.0455,0,0,0.1667,0,0,0.0455,0.15,0.3333,0.0909,0.375
"locus4087",0.0417,0.1875,0.05,0.0909,0.4444,0.2273,0,0.125,0,0.0625,0.45,0,0.3889,0.0625,0.0417,0,0,0,0.0625,0.0625,0.0714,0.0455,0.15,0.3889,0.1818,0.0833
"locus4088",1,1,0.9,1,1,1,1,0.8125,1,1,0.8636,0.9375,1,1,1,1,1,0.8333,0.9375,1,0.9286,1,1,0.95,1,1
"locus4089",0.1875,0,0.05,0.15,0.0556,0,0,0.0556,0.05,0.25,0,0,0.05,0.0833,0.0833,0,0.375,0.25,0.0625,0.25,0,0.625,0.1,0.05,0.1818,0.125
"locus4090",0.45,0.5,0.3571,0.3125,0.4375,0.4091,1,0.4375,0.65,0.3571,0.5625,0.5,0.3571,0.3571,0.45,0.9545,0.4286,0.25,0.625,0.4,0.4286,0.6875,0.3889,0.6,0.3636,0.45
"locus4091",0.875,0.875,0.9167,1,1,0.9583,1,0.8125,0.8889,0.9375,1,0.75,1,0.9375,0.8,1,0.9444,1,0.8333,1,0.75,0.8125,0.8125,0.9375,1,0.8636
"locus4092",0.4,0.5714,0.5556,0.5,0.8571,0.5556,0,0.9375,0.3333,0.5,0.7778,0.75,0.8,0.5,0.5909,0.0455,0.3333,1,0.3571,0.4375,0.4167,0.375,0.4,0.5,0.5,0.7727
"locus4093",1,0.7857,0.8125,0.9,0.75,0.9167,0.5,0.7222,0.8,0.9375,0.95,0.7857,1,0.8125,0.7083,0.9545,0.8333,0.6667,0.875,0.9375,0.9,0.6111,0.9,0.7,0.9167,0.7083
"locus4094",0.9583,0.8125,0.9,0.9091,1,0.9167,NA,0.9444,1,0.7857,0.8636,0.8125,0.9,0.9375,0.9167,0.6429,0.9375,1,0.9375,1,0.8571,0.5714,0.95,0.7222,0.8636,0.9167
"locus4095",1,0.9375,0.95,0.95,0.7,0.9545,1,0.7143,0.9545,1,1,0.8125,0.95,0.9375,0.875,1,1,1,0.8125,1,0.7,0.75,0.8889,0.9,0.8889,0.8889
"locus4096",0.9583,1,1,0.9545,1,1,1,0.9444,0.9545,1,1,1,1,1,0.9583,1,0.8333,1,0.9375,1,0.9286,1,1,0.95,0.9545,0.875
"locus4097",0.55,0.75,0.8333,0.8333,0.7,0.6818,0.125,0.8125,0.8,0.5,0.75,0.75,1,0.6667,0.8182,0,0.4444,0.6667,0.875,0.3,0.8,0.4091,0.5625,0.8571,0.5,0.6667
"locus4098",0.875,1,0.8333,0.5,0.75,0.9167,0.5,0.8571,0.95,0.75,0.7,0.75,0.8571,0.6667,0.8182,0.5,0.8571,0.5,0.9167,0.7857,0.75,0.6,0.8,0.75,0.8636,0.95
"locus4099",0.5,1,0.7778,0.8,0.9444,0.875,0.125,0.6667,0.7727,0.875,0.8182,0.8125,0.85,0.7857,0.8333,0.7273,0.3889,0.6667,0.8571,0.7778,0.9286,0.7222,0.65,0.9444,0.8182,0.7273
"locus4100",0.0417,0.1429,0.1667,0.1364,0.1111,0.0417,0.5,0,0.0455,0,0,0.0625,0,0,0.0417,0.4091,0,0,0,0.125,0.0714,0,0.4,0.05,0.1818,0
"locus4101",0.8333,0.9375,0.75,0.85,1,1,1,0.9444,0.9545,1,0.9091,0.875,1,1,0.75,1,1,1,0.7857,0.6111,1,0.9545,1,0.9444,0.9,1
"locus4102",0.85,0.6667,0.7778,1,0.5714,0.7727,0.875,0.6875,0.8636,0.8,0.6111,0.8,0.5714,0.8333,0.75,1,0.625,0.75,0.6667,0.8,0.9167,0.95,0.85,0.7222,0.8889,0.6111
"locus4103",0.9167,1,1,0.8636,1,1,1,1,1,1,1,0.9375,1,1,1,1,0.9444,0.8333,0.9375,1,0.7857,0.9,0.95,1,1,1
"locus4104",0.9167,1,1,1,1,1,1,1,0.9091,0.8125,1,1,0.95,0.9375,0.9583,1,0.7222,1,0.875,0.7778,0.8571,1,1,0.85,0.8,1
"locus4105",0.875,1,1,0.9091,1,1,1,1,0.9,1,1,1,1,0.8571,1,1,0.8889,0.5,1,0.8889,1,0.9091,0.9,1,1,1
"locus4106",0.125,0.0625,0,0.15,0,0.0417,0.1,0,0.0455,0.125,0.0909,0.1875,0.1,0,0.0833,0.1364,0.0556,0,0.0714,0,0,0.0455,0,0.2,0.0909,0.0417
"locus4107",1,1,0.9,0.8889,1,0.9583,1,0.7778,0.9,0.9375,1,0.875,1,0.9375,0.8,1,0.7778,0.8333,0.8125,0.8333,1,1,1,0.9,0.9545,0.9167
"locus4108",0,0,0,0,0.2222,0.125,0.3,0.2778,0.0455,0,0,0.375,0.05,0,0.25,0.4444,0.2222,0.1667,0.1667,0.0556,0.3571,0,0.0625,0.0556,0.2,0.0833
"locus4109",0,0.2143,0.05,0.0909,0,0.2778,0,0.0556,0,0,0,0,0.2,0,0.125,0,0,0,0.4375,0,0.0714,0,0,0.05,0.0455,0
"locus4110",0.1667,0,0.0625,0.4444,0,0.0833,0.1667,0,0.05,0,0.0455,0.0625,0,0.0833,0.3333,0.1429,0.1667,0.25,0.25,0.0556,0,0.1667,0.6429,0,0,0
"locus4111",0.875,0.9286,1,0.9545,1,1,0.3,0.875,0.9091,0.9167,1,1,0.85,0.9375,1,0.375,1,1,0.875,0.75,0.9286,1,0.95,1,1,1
"locus4112",0.9583,0.5625,1,0.9091,0.6667,0.75,1,0.8889,0.9091,0.8125,0.6364,0.875,0.7,0.875,0.9167,0.9545,1,1,0.9375,0.8333,0.9286,1,0.95,0.75,0.8182,0.9167
"locus4113",0.6429,0,0.1,0,0.75,0,0,0.3333,0.1111,0.0833,0.05,0.2857,0,0.4,0.125,0,0.6111,0.5,0.25,0.3333,0.3333,0,0.25,0,0.6875,0.8333
"locus4114",0.7727,0.7857,0.7857,0.5833,0.8571,0.6,0.5,0.9,0.9375,0.6667,0.75,0.75,1,0.7,0.7778,0.6111,0.75,0.6667,0.7143,0.8333,0.75,0.8,0.9,0.7143,0.7857,0.9
"locus4115",0.9583,0.9375,0.8889,0.9,1,1,1,1,0.9545,1,1,1,0.95,0.875,0.9167,0.9545,0.8333,0.8333,1,1,0.8571,1,1,0.9,1,0.9583
"locus4116",0.9583,1,1,1,0.9444,1,0.8333,0.875,1,1,0.9091,1,1,0.9375,1,0.7143,1,1,1,1,1,0.7273,1,1,0.8636,0.6111
"locus4117",0.8182,0.875,0.9375,0.85,0.9444,1,0.1,0.9444,0.75,0.6429,0.9091,1,1,0.5,0.9545,0.0909,0.7778,1,0.8571,0.7778,0.9286,0.7857,0.7,0.8,0.6667,0.9583
"locus4118",0.9,0.8571,0.85,1,1,0.7273,1,1,0.8182,1,0.8333,1,0.6667,1,0.9167,1,0.6667,1,0.9375,0.8571,0.9286,1,0.9,0.95,0.9286,0.9583
"locus4119",0.9583,1,1,1,1,1,1,0.8889,0.85,0.9375,0.9545,1,1,0.9286,0.9583,1,1,1,1,0.8889,1,0.8,0.95,0.95,0.9545,1
"locus4120",0.9583,1,1,0.9,0.9444,0.9583,1,1,1,0.9375,1,1,1,0.8125,0.9583,0.6111,0.9375,1,1,0.8889,1,1,1,0.9375,1,0.9167
"locus4121",0.9167,0.9286,0.95,0.9,0.9444,1,1,0.7778,1,0.9375,1,1,1,1,1,1,1,1,0.9375,1,1,1,1,1,1,0.8333
"locus4122",0.0833,0.25,0.15,0,0.5,0.5455,0,0.4375,0,0.1667,0.625,0.125,0.65,0.0625,0.3182,0.0909,0.1111,0,0.3125,0.0556,0,0,0.0556,0.3333,0.1,0.5625
"locus4123",0.6667,0.625,0.6,0.65,0.7778,0.7083,1,0.8333,0.4545,0.75,0.7273,0.9286,0.6,0.3571,0.4583,0.9545,0.6111,0.8333,0.5,0.5625,0.6429,0.95,0.4,0.55,0.75,0.8333
"locus4124",0.875,0.5,0.7222,0.7727,0.3125,0.3889,1,0.4444,0.8182,0.75,0.35,0.6875,0.5625,0.6875,0.5417,0.9545,0.7778,0.8333,0.5833,0.8889,0.4,0.8182,0.8,0.6,0.7,0.25
"locus4125",0.9167,1,1,1,1,0.9583,0.75,1,1,1,1,1,1,0.9375,1,0.75,1,1,1,1,1,1,1,1,0.9091,1
"locus4126",0.0417,0,0.1,0.25,0,0,0,0.1111,0,0.0625,0,0.0714,0,0.125,0.25,0,0.1111,0,0.0625,0.1875,0.0714,0.4286,0.125,0.1,0.1364,0.0417
"locus4127",0.35,1,0.9167,0.9,1,0.9545,0.6,0.8889,0.9,0.75,0.8333,0.9,1,0.8,0.75,0.4545,0.625,1,0.625,0.75,1,0.5,0.5714,1,0.9,0.9091
"locus4128",0.9167,0.9375,0.95,1,1,1,1,1,0.9545,1,0.9545,1,1,1,0.9167,1,1,1,0.875,1,0.9286,1,0.95,1,0.9545,0.9167
"locus4129",0.9167,1,1,0.8182,0.8889,0.9583,1,1,1,0.875,1,1,1,1,0.9167,1,0.9444,1,1,0.9444,0.8571,0.9091,0.95,1,1,1
"locus4130",0,0.5,0.1,0.0455,0.4286,0.6111,0,0.625,0,0.3125,0.7778,0,0.5714,0,0.0909,0,0.0556,0,0.1875,0.0556,0.2,0.0455,0,0,0.2778,0.1667
"locus4131",0.45,0.4375,0.5556,0.1364,0.7857,0.55,0.6,0.5,0.5,0.1875,0.7,0.4375,0.75,0.5833,0.4545,0.35,0.4444,0.3333,0.5,0.3889,0.4286,0.3636,0.1,0.65,0.3636,0.5455
"locus4132",1,0.9375,0.95,0.9545,0.625,0.75,1,0.8571,0.8636,0.875,1,1,1,1,0.9167,1,1,0.6667,1,0.8889,1,0.9091,1,0.8889,0.95,0.875
"locus4133",0.8636,0.6429,0.6667,0.7778,0.1875,0.3182,1,0.3889,0.6818,0.75,0.65,0.6429,0.75,0.6875,0.6667,1,0.9444,0.5,0.6875,0.75,0.4286,0.5455,0.6,0.55,0.8,0.3333
"locus4134",0,0,0.05,0.1364,0,0,0,0.1111,0,0,0.0455,0,0.05,0,0.0417,0,0,0,0.0625,0,0.0714,0,0,0.1,0,0
"locus4135",0.7083,0.9375,1,1,1,1,0.9,0.9444,0.9091,1,1,0.8125,1,0.9375,0.875,1,0.625,1,0.9375,0.9444,0.9286,1,0.9,0.95,0.7857,0.9167
"locus4136",0,0,0.05,0,0.1111,0.0417,0.7,0.1111,0.0909,0.25,0.0909,0,0.15,0.0714,0.0417,0.4091,0,0,0.0625,0.0556,0.0714,0,0.05,0,0.05,0
"locus4137",0.9091,1,1,1,1,0.875,1,0.9444,1,1,1,1,1,1,1,1,1,1,1,1,1,1,0.75,1,0.9091,1
"locus4138",0.9583,0.875,0.95,1,1,0.9583,1,0.9444,0.9545,1,1,1,1,0.8571,0.8333,1,1,1,1,1,1,1,0.8889,0.9,1,0.9583
"locus4139",0.95,0.875,0.9,0.7778,1,0.9583,1,1,0.9545,1,0.9545,0.9375,1,0.8125,0.7917,0.8182,0.6875,1,1,0.9286,0.9286,1,0.65,0.95,0.9,1
"locus4140",1,0.875,0.95,0.75,1,1,1,1,1,1,0.7727,1,1,1,0.9583,1,1,1,0.9375,1,1,0.9545,0.95,1,1,1
"locus4141",0.7222,1,1,1,1,1,1,1,1,1,1,1,1,1,1,1,0.8889,1,0.9375,0.8889,1,0.4167,0.9,1,1,1
"locus4142",0,0.25,0,0.05,0,0.2273,0,0.0556,0.05,0.0625,0.2273,0,0.3889,0.2857,0.125,0,0,0,0,0.0556,0.2857,0,0,0.3,0.0455,0
"locus4143",0.9583,1,0.9,1,0.9444,1,0.9,0.9444,0.8636,0.875,1,0.9375,1,0.9375,0.8636,1,1,0.8333,0.9375,1,0.9167,0.8125,0.95,0.9,0.9545,0.875
"locus4144",0.9583,1,1,1,0.9444,0.8182,1,1,1,1,0.7143,1,0.7222,1,0.875,0.7727,1,0.75,1,1,1,1,0.95,1,0.9545,1
"locus4145",0.7083,1,1,1,1,1,1,0.9444,1,1,1,1,1,1,1,1,1,0.8333,1,1,1,0.9091,1,1,1,1
"locus4146",0.8889,0.2143,0.5,0.6111,0.2143,0.3636,0.9,0.25,0.6111,0.375,0.2727,0.5833,0.3889,0.2,0.375,0.8636,0.7143,0.3333,0.3571,0.6429,0.2857,0.6667,0.5625,0.6111,0.75,0.35
"locus4147",0.7917,0.5714,0.8,1,0.9375,0.35,0.6,0.8571,0.7727,0.75,0.2273,0.875,0.5,1,0.875,0.3,0.875,0.8333,0.9375,0.6667,0.7143,0.7273,0.8,1,0.7273,0.6818
"locus4148",0.0417,0.0833,0.05,0.0909,0.0714,0.3571,0.6667,0.1111,0.0455,0.2143,0,0.0625,0.0833,0.0625,0.0455,0.3,0.1111,0,0,0.1111,0,0.0455,0.05,0.15,0.1364,0.0833
"locus4149",0.4167,0.4,0.6875,0.4444,0.2222,0.2143,1,0.2143,0.5625,0.6,0.45,0.3,0.5714,0.5,0.45,1,0.5,0,0.6,0.4167,0.3,0.5,0.5,0.5,0.4286,0.375
"locus4150",0.35,0.2857,0.5625,0.2222,0,0.2083,0,0.1667,0.4,0,0.0909,0.1429,0.0556,0.25,0.4,0.0455,0.125,0.25,0.3571,0.1111,0.1667,0.0909,0.25,0.2222,0.1818,0.0833
"locus4151",0.0417,0,0,0.4545,0,0,0,0.0556,0,0,0.0909,0,0,0.25,0,0.0455,0,0,0.0625,0.0556,0.0714,0,0,0.05,0,0
"locus4152",0.875,0.7143,0.85,0.7727,0.3333,0.6111,1,0.1875,0.85,0.6667,0.2143,0.6,0.0714,0.9375,0.6111,0.75,1,1,0.75,0.9375,0.1667,0.9545,0.9444,0.625,0.6875,0.3
"locus4153",0.9583,0.875,0.8889,0.7727,0.75,0.8571,1,0.6667,0.625,1,0.8889,1,1,1,0.8125,1,0.8889,NA,0.8125,0.9286,0.875,1,0.95,1,1,0.7222
"locus4154",0.8636,1,1,0.8636,1,0.9583,0.9,0.9375,0.9091,0.9375,1,0.9375,0.85,1,0.9583,0.9091,0.9444,0.75,1,0.8333,1,1,1,0.9,1,0.9167
"locus4155",0,0,0,0.3636,0,0,0,0.0556,0,0,0,0.125,0,0,0.0417,0,0.0556,0,0,0,0.3571,0.0455,0.05,0,0.0455,0
"locus4156",0.7222,0.5,0.6429,0.7857,0.625,0.7778,0,0.3,0.7222,0.6429,0.875,0.6667,0.8333,0.7857,0.7778,0.5,0.8125,1,0.7,1,0.5,0.9545,0.7857,0.5625,0.5,0.3333
"locus4157",0.2273,0.5,0.55,0.4,0.1667,0.3,0.125,0.4286,0.4091,0.375,0.5556,0.5,0.4,0.4286,0.375,0.6,0.5,0.1667,0.5,0.6667,0.25,0.2,0.6,0.4,0.4444,0.3636
"locus4158",0.7778,0.9375,1,0.8889,0.8889,0.9583,1,1,0.9091,0.9,0.9545,1,0.95,1,1,0.8333,0.8333,0.8333,1,1,1,0.9167,0.9444,1,0.9545,1
"locus4159",0,0,0,0,0,0,0,0,0,0,0.1818,0.1875,0,0,0,0,0,0.1667,0,0,0,0.3333,0,0,0,0
"locus4160",0.0833,0,0,0.1818,0,0.125,0,0.0556,0.0455,0,0.25,0,0.1667,0.3125,0,0,0.0556,0,0.1429,0,0.1429,0.0455,0.1,0.1,0,0.0417
"locus4161",0.9167,1,0.9,1,1,0.9167,1,1,0.9,0.9375,1,0.875,1,0.6875,0.9545,1,0.9444,0.6667,0.8571,0.7222,1,1,0.9444,0.9,0.7273,1
"locus4162",1,0.9375,0.95,1,0.875,1,1,1,1,1,0.9545,1,0.95,0.9375,1,1,1,0.8333,0.9375,0.9375,1,0.9091,1,1,1,1
"locus4163",0.9545,1,0.8125,0.9091,0.9444,0.9167,1,0.8889,0.85,1,1,1,0.95,1,0.7273,0.9545,0.8889,1,0.7857,0.9444,1,1,0.95,0.7,0.9545,0.9583
"locus4164",0.4375,1,0.8889,0.875,1,1,0,0.8889,0.7273,0.625,1,1,1,0.9286,0.9583,0.0909,0.5,1,1,0.6667,1,0.5,0.8,0.8,0.7222,0.9583
"locus4165",1,1,1,0.9545,1,0.9583,1,0.9375,0.95,1,1,0.8125,1,1,0.875,0.9545,1,1,1,0.9375,1,1,0.9444,1,0.9545,0.9583
"locus4166",0.7917,1,1,1,0.6667,0.875,0.9,0.9375,1,0.8571,1,1,0.85,1,1,0.9545,0.9444,0.8333,1,0.9444,0.8571,0.8,0.75,1,1,0.75
"locus4167",0,0,0.1,0,0.1875,0,0.8,0,0.0625,0.1429,0.0455,0,0.05,0.2857,0.0833,0.4444,0,0.25,0.125,0.2222,0,0,0,0,0.3,0
"locus4168",1,0.8125,0.9,1,0.9167,0.9583,1,0.8889,1,1,1,0.8125,0.9444,1,0.875,1,1,1,0.9375,1,0.7143,1,0.95,1,1,0.8333
"locus4169",1,0.9375,1,0.8636,1,1,1,0.8333,0.9545,1,1,0.9375,1,1,0.9583,1,0.9444,1,1,0.8889,1,1,0.9,1,0.9545,1
"locus4170",0.9545,0.5,0.4375,0.8,0.6429,0.35,1,0.2857,0.875,0.875,0.1667,0.5833,0.4,0.8571,0.5417,1,1,0.5,0.6875,1,0.5,0.5556,0.7222,0.5714,0.8571,0.55
"locus4171",0.8333,0.625,0.75,1,0.5714,0.6818,0.3333,0.625,0.6818,0.5,0.5,1,0.6875,0.5833,0.5909,0.125,0.6,0.5,0.7143,0.5833,0.8333,0.95,0.9,0.625,0.4167,0.75
"locus4172",0.2,0.0833,0.1,0.1,0.625,0.375,0.3333,0.0625,0.3,0.2,0.5556,0.1875,0.3333,0,0.25,0.375,0.125,0.1667,0,0.2222,0.2143,0.2143,0.1,0.2,0.25,0.25
"locus4173",1,1,1,0.5455,1,1,1,1,1,1,0.9545,1,1,1,1,1,1,1,1,1,1,1,1,0.95,1,1
"locus4174",0.8,0.5,0.5556,0.5,1,0.7778,0.1667,0.5,0.6667,0.2,0.7778,0.5,0.8571,0.7,0.8,0.1,0.25,0.5,0.5,0.6667,0.5,0.3889,0.6429,0.6667,0.65,0.5
"locus4175",1,0.875,1,1,1,1,0.7,0.9444,1,0.9375,0.8636,1,0.95,0.875,1,0.8636,1,1,1,0.9444,1,0.9545,1,1,0.9545,0.9167
"locus4176",0.0417,0.125,0,0.0455,0,0.125,0,0.1111,0.1818,0,0.0455,0,0.05,0.0625,0,0,0.1111,0.1667,0.0625,0,0,0.0455,0.05,0.15,0.0455,0
"locus4177",0.5455,0.6,0.5,0.5,0.5,0.6,0.6667,0.5556,0.6111,0.8,0.5,0.4167,0.5714,0.6,0.4545,0.85,0.5,0.5,0.4286,0.625,0.5714,0.4,0.625,0.5,0.7,0.5
"locus4178",0.1667,0,0,0.4286,0,0.125,0,0.0556,0.0455,0.0625,0.0909,0,0.05,0.1875,0.1364,0.0455,0.0833,0.1667,0,0.1111,0,0.55,0.4375,0.0556,0.0556,0.0417
"locus4179",1,0.875,1,0.9545,1,0.9545,0.9,0.9444,1,0.9375,1,1,0.85,0.875,1,1,0.8889,1,1,1,1,0.8333,1,0.9,1,1
"locus4180",1,1,1,1,0.7857,0.9167,1,1,1,1,1,0.7857,1,1,0.9583,1,1,1,1,0.9444,0.8571,1,0.95,1,0.8636,0.8333
"locus4181",0.9583,1,0.9,0.8,1,1,1,0.9444,0.9545,1,0.9545,1,1,1,0.8333,0.9545,1,1,1,1,0.7857,0.9545,1,0.8889,1,1
"locus4182",0.9583,1,0.8889,0.9545,1,1,1,1,0.9545,1,0.8182,0.9375,1,1,1,0.9545,1,1,1,1,1,1,1,0.95,1,1
"locus4183",1,1,0.95,1,1,1,1,1,1,1,1,1,1,0.9286,0.7917,1,1,1,0.9375,1,1,1,0.95,0.85,1,1
"locus4184",0.25,0.0625,0.6667,0,0,0.125,0.5,0.3571,0.3333,0.5,0.0909,0,0,0.375,0.5,0.5,0.5833,0.5,0.4167,0.5,0.25,0.25,0.1667,0.2857,0.1429,0.1667
"locus4185",1,0.9375,1,0.9091,0.9444,1,0.8,0.9444,0.8636,0.9375,1,1,1,0.9375,1,1,1,1,0.9375,1,1,1,0.75,0.9,0.7273,1
"locus4186",0.0455,0,0.05,0,0,0.25,0,0,0.05,0.1875,0.2,0,0.4286,0.125,0.125,0.0455,0,0.1667,0,0.0556,0,0.0909,0.05,0,0,0.0417
"locus4187",0.7857,1,0.9,0.9091,1,0.9583,0,1,0.7778,0.7857,0.95,0.9375,1,0.875,1,0.0909,1,1,0.9375,0.6429,1,0.7778,1,0.85,1,1
"locus4188",0.0417,0.1667,0.25,0,0,0.2778,0,0.2,0,0.3333,0.1429,0.25,0,0.4375,0.15,0.0455,0,0,0.3,0.1111,0.3,0.0455,0,0,0.15,0.1
"locus4189",0.6875,0.4286,0,0.4091,0.5,0.5909,0.8,0.6875,0.05,0.25,0.4286,0.5,0.4444,0.125,0.2273,0.2778,0.25,0.6667,0.0833,0.1875,0.3333,0.1818,0.4375,0.1429,0.4444,0.5909
"locus4190",0,0.0625,0,0,0.5,0.1667,0.5,0.3333,0,0.0833,0.0455,0.1429,0.05,0,0.0417,0.5,0.0556,0,0,0,0.5,0,0,0.05,0,0
"locus4191",0.875,1,0.9,1,1,0.9545,1,1,0.8182,0.8125,0.8182,1,1,0.875,0.875,1,0.9444,0.8333,0.9375,1,1,1,1,1,1,0.9583
"locus4192",0.75,0.9375,0.8333,0.95,1,1,1,0.9444,0.8,1,0.9545,0.9286,1,0.8125,0.8636,1,1,1,0.75,0.8,1,0.4286,0.95,0.8571,0.9545,1
"locus4193",1,1,1,1,0.8571,0.7917,1,1,1,1,0.9545,1,1,1,0.9167,1,1,1,0.875,0.8333,NA,1,1,0.8,0.9545,0.4167
"locus4194",0.0833,0.1875,0.05,0.1364,0.5,0,0,0.375,0,0,0,0.0833,0,0,0.0417,0,0,0.1667,0.0625,0.0556,0,0,0.15,0,0,0.25
"locus4195",0.0417,0.75,0.2778,0.15,0,0.4286,1,0.0714,0.25,0.75,0.4545,0.0833,0.6,0.5,0.4091,0.9091,0.0625,0,0.3333,0.5625,0.0833,0,0,0.125,0.25,0.0909
"locus4196",0.7273,1,1,1,1,1,1,0.9444,1,1,1,1,1,0.9286,1,1,0.7222,1,0.9375,0.9444,1,0.625,0.8889,0.95,0.9545,0.9545
"locus4197",0.8571,0.625,0.6429,0.625,0.5,0.55,1,0.4167,0.7143,0.9167,0.75,0.5,0.5,0.6667,0.625,0.9091,1,0.5,0.8125,0.75,0.5833,1,0.5625,0.7,0.5,0.15
"locus4198",1,0.6667,0.95,1,1,0.8182,1,0.8889,0.9545,1,0.875,1,0.75,0.9286,0.75,0.9545,1,1,0.9375,1,1,1,1,0.8,1,1
"locus4199",1,0.9375,1,0.9545,1,1,0.8,1,0.9545,0.9375,1,1,1,1,0.9545,0.9545,1,1,1,0.9444,1,1,1,0.95,1,1
"locus4200",0.8333,1,1,0.7727,1,1,1,0.9444,1,1,1,1,1,0.8125,1,1,0.8889,0.8333,0.9375,0.9375,0.9286,1,0.8333,1,0.9091,1
"locus4201",1,0.875,1,1,1,0.9583,NA,1,1,0.875,1,1,0.95,1,1,0.7857,1,1,0.9375,1,1,1,1,1,0.9091,0.9583
"locus4202",0.7,0.7143,0.7778,0.625,0.6875,0.6111,0.625,0.6429,0.6875,0.75,0.6364,0.75,0.6667,0.7143,0.65,1,0.6875,0.5,0.6,0.5,0.5,0.5,0.5833,0.6667,0.6111,0.6818
"locus4203",1,1,1,1,0.3333,0.4091,1,0.8571,1,1,1,1,1,1,1,1,1,1,1,1,1,1,0.9444,1,0.7222,0.1111
"locus4204",1,1,1,0.9545,1,1,1,0.6667,1,1,1,0.875,1,1,1,1,0.9444,1,1,1,0.9286,1,0.9,1,1,0.8
"locus4205",0.8636,0.6429,0.5556,0.6111,0.6667,0.5909,0.4,0.6429,0.7273,0.9167,0.7727,0.8571,0.7857,0.6429,0.6667,0.6875,1,1,0.6667,0.8125,0.6667,0.9545,0.7778,0.75,0.6,0.7917
"locus4206",1,1,1,1,1,1,0.5,1,1,0.9375,1,1,1,1,1,0.5,1,1,1,1,1,1,1,1,0.9091,1
"locus4207",0.7917,0.5625,0.8889,0.5,0.4444,0.4583,1,0.6875,0.9545,0.625,0.6364,0.5,0.65,0.7143,0.8333,0.8182,0.7222,0.6667,0.8125,0.9375,0.6,0.8182,0.55,0.95,0.4444,0.625
"locus4208",0,0.125,0.05,0.0455,0.2222,0.0417,0,0.0556,0.0455,0,0.0455,0.4375,0.05,0.125,0.2917,0,0,0,0.3571,0,0.2143,0.3333,0.15,0.15,0.0909,0.0455
"locus4209",0.5,0.5,0.3889,0.5556,0.5714,0.7917,1,0.2857,0.5714,0.5833,0.6667,0.5,0.5,0.5714,0.5556,0.8,0.8571,0.6667,0.2857,0.25,0.5,0.5455,0.6667,0.6111,0.75,0.4091
"locus4210",1,1,1,1,1,1,1,0.9444,1,1,1,0.875,1,1,1,1,0.9375,1,1,1,0.7143,1,1,1,1,0.8333
"locus4211",0.1364,0.5,0.5,0,0.4167,0.8182,0.5,0.3125,0.125,0.5,0.6429,0.2,0.8333,0.5,0.25,0.5,0.0833,0,0.25,0,0,0,0.3125,0.125,0.1875,0.3333
"locus4212",1,0.875,1,0.8182,1,1,1,0.8889,1,1,0.6667,1,1,0.9375,0.9583,0.9545,0.9444,0.75,0.875,1,1,1,1,0.95,0.9545,0.9583
"locus4213",0.0455,0.0625,0,0.0909,0,0,0,0.0556,0,0,0,0,0,0,0,0.1667,0.2222,0,0.0625,0,0,0,0,0,0,0
"locus4214",0.65,0.5714,0.5833,0.4444,1,0.875,1,0.8125,0.5625,1,0.9545,0.6429,1,0.5,0.5,1,0.1875,0.75,0.5,0.5,0.5833,0.8889,0.1875,0.6111,0.5455,0.8
"locus4215",0.9167,1,0.95,0.8636,0.9444,1,1,0.9444,0.9545,0.9375,1,0.9375,1,1,1,1,1,1,1,0.7778,1,0.9545,0.85,0.95,1,0.9583
"locus4216",0,0.375,0,0,0,0.35,0,0,0,0.1875,0.5,0,0.45,0,0.0417,0,0,0,0,0,0,0,0,0,0,0
"locus4217",0.4375,0.4167,0.5833,0.4375,0.1667,0.2143,0.5,0.4375,0.3,0.5,0.0455,0.5,0.25,0.5714,0.5,0.5,0.5,0.5,0.3,0.4286,0.5,0.375,0.5625,0.5833,0.4286,0.1429
"locus4218",0.2083,0.4286,0.2222,0.2222,0.0714,0.3182,0,0.1875,0.35,0.375,0.4091,0.4,0.3125,0.1875,0.3,0,0.2222,0.25,0.3571,0.125,0.3333,0.0909,0.3,0.4,0.45,0.1364
"locus4219",0.9,1,1,0.7778,1,1,1,1,1,1,1,1,1,1,1,1,1,0.8333,1,1,1,0.3333,1,1,0.8636,1
"locus4220",0.7,1,1,1,1,1,0.9,1,1,1,1,0.8125,1,1,1,1,1,1,0.9375,1,1,0.5556,1,1,0.8636,1
"locus4221",1,1,0.9,1,1,0.9583,1,1,0.8,1,1,1,1,0.9375,1,1,1,0.8333,0.9375,1,1,1,1,0.8,1,1
"locus4222",1,0.9375,1,0.9545,0.8571,0.6875,1,1,1,0.9375,0.625,1,0.3,1,1,1,1,1,1,0.8889,1,1,1,1,1,0.9091
"locus4223",1,1,0.95,0.9545,1,0.875,1,1,0.9091,1,1,1,1,0.9375,0.9583,1,1,0.8333,1,0.9444,1,1,0.95,0.8,1,1
"locus4224",0.0417,0.0625,0.1,0,0,0,0,0.0556,0,0.3125,0,0,0,0,0.2083,0,0.1111,0,0.125,0.2222,0,0,0.05,0.05,0,0
"locus4225",1,0.875,1,1,0.8333,0.9167,1,0.8889,0.9545,1,1,0.9375,0.95,0.9375,0.875,1,1,1,0.75,0.9444,1,0.6,1,0.95,1,0.9583
"locus4226",0.9583,1,1,1,1,1,1,1,1,1,1,1,1,1,1,1,0.8889,1,0.9375,0.6667,1,1,1,1,1,1
"locus4227",1,0.75,1,0.95,1,0.8333,1,0.9286,0.8182,1,0.9545,1,1,1,0.875,1,0.8889,0.8333,1,1,0.9286,1,1,0.85,0.9545,0.875
"locus4228",0.9167,0.9375,1,1,1,1,1,1,1,0.9375,1,1,1,1,0.8333,1,1,1,0.9375,0.75,1,0.95,1,0.95,1,0.9545
"locus4229",0.9583,0.9375,1,1,1,0.875,0.3,1,0.9091,1,0.9545,1,1,0.875,0.9583,0.8333,1,1,0.9375,1,1,1,1,0.95,1,1
"locus4230",0.6875,1,1,0.6875,1,1,0.5,1,0.9091,1,1,1,0.95,1,0.9583,0.5556,0.4286,0.75,0.9375,0.75,1,0.875,0.5625,0.9,0.5,1
"locus4231",0.9167,1,0.8,1,1,1,1,0.9444,0.75,0.875,1,0.875,1,0.875,0.85,0.7727,1,0.8333,0.9286,0.8889,1,1,1,0.85,1,1
"locus4232",0.5417,0.8125,0.8125,0.9444,1,0.9583,0.1667,0.75,0.6,0.3125,0.9091,0.8571,0.9,0.7143,0.7273,0.2,0.1875,0.8333,0.7857,0.8333,0.8333,0.5556,0.7143,0.7,0.5625,0.875
"locus4233",1,1,0.9,0.9545,1,1,1,0.9444,0.9,0.875,1,1,1,1,0.8636,0.9545,1,1,0.9375,0.9444,1,1,1,0.95,0.9091,1
"locus4234",0.7917,0.875,0.875,0.9545,0.875,0.9583,1,0.9286,0.7727,1,0.9545,0.7,1,0.8,0.9091,1,1,1,0.9167,0.8333,0.75,0.9545,0.95,1,1,0.7857
"locus4235",0.3889,0.5,0.4286,0.0833,0.2,0.2273,0,0,0.6,0.2143,0.3182,0.1667,0.375,0.4286,0.4,0.4375,0,0.25,0.4167,0.25,0.4,0.0455,0.0833,0.3571,0.3,0.2222
"locus4236",1,0.9375,1,1,1,0.9167,0.9,0.7778,0.9545,0.9375,0.6875,1,0.9375,1,0.9583,1,1,1,1,1,1,0.8182,0.95,0.95,0.9545,0.9583
"locus4237",1,1,1,1,1,1,1,1,1,0.9375,0.9091,1,0.95,1,1,1,1,1,0.9375,0.8889,1,1,0.95,0.95,0.9091,0.9167
"locus4238",0.7273,0.0714,0.5,0.3333,0,0.0417,1,0.1667,0.5625,0.5714,0.1,0.25,0,0.625,0.3889,1,0.8125,0.25,0.4,0.7857,0.125,0.75,0.625,0.4375,0.5714,0
"locus4239",0.8125,0.6875,1,1,0.9444,0.9583,1,0.8889,0.8636,0.7,1,1,1,0.9286,1,0.8333,0.8125,0.75,1,0.9286,1,0.9444,0.8,0.9,1,0.9583
"locus4240",1,0.8333,1,1,0.9167,0.6364,1,0.8333,1,1,0.6875,1,0.8333,0.9286,0.875,1,1,1,0.9375,0.8889,1,1,1,0.95,0.9545,0.7778
"locus4241",0.5,0.3333,0.75,0.625,0.6429,0.4545,0.125,0.6875,0.65,0.7143,0.5455,0.7143,0.5,0.5625,0.8182,0.2857,0.6875,0.6667,0.5,0.6667,0.625,0.8182,0.6875,0.55,0.5,0.5
"locus4242",0.9091,0.8125,0.8889,0.8182,0.875,0.8,0.8333,0.7222,0.8182,0.75,0.6875,0.9375,0.875,1,0.8333,0.2,0.8125,1,0.75,0.9444,0.9286,0.9545,0.9,1,1,0.875
"locus4243",0.65,0.5,0.8125,0.5625,0.625,0.4,0.3,0.75,0.5714,0,0.3182,0.75,0.2778,0.6875,0.6667,0.5625,0.8571,0.5,0.6,0.625,0.75,0.6111,0.6875,0.6111,0.6,0.85
"locus4244",0.9583,1,1,0.9091,1,1,1,0.9444,0.9091,1,1,0.9375,1,1,1,0.9545,1,0.8333,1,1,0.8571,0.9091,1,1,1,0.9583
"locus4245",0.0833,0.0625,0.05,0,0,0,0.6,0,0.1364,0,0,0.1875,0.05,0,0,0.3333,0,0,0,0,0,0.0455,0.1,0,0.15,0.0417
"locus4246",0.35,0.7143,0.75,0.5,0.875,0.6667,0.125,0.7778,0.7,0.75,0.8636,0.7,0.95,0.75,0.6111,0.6429,0.4444,0.5,0.8125,0.4444,0.7,0.4545,0.4286,0.8889,0.5455,0.4375
"locus4247",1,1,1,1,1,0.9583,0.6667,1,1,0.8333,0.9545,1,1,1,0.9583,0.35,1,1,1,1,1,1,1,1,1,1
"locus4248",1,1,1,1,0.8889,1,1,0.8333,1,1,1,1,1,1,0.9583,1,1,1,1,1,0.9286,0.9545,1,1,1,0.7727
"locus4249",0.0417,0.25,0.3333,0,0,0.3889,0,0.4375,0.4167,0.0625,0,0.3333,0.5,0.2143,0.0833,0,0.0556,0.25,0.1875,0.0714,0.0714,0,0.05,0.2778,0,0.3333
"locus4250",0.1818,0,0.125,0,0,0.0417,NA,0.125,0.1111,0.0714,0.1364,0.0625,0.05,0.2143,0.0833,0.25,0.0833,0,0.25,0.0556,0,0.0455,0.05,0.1,0.1,0.2917
"locus4251",0.9583,1,1,1,1,1,0.5,1,0.9091,1,1,1,1,1,1,0.9444,0.8889,1,0.9375,0.8889,1,1,1,1,0.9545,1
"locus4252",0.9583,1,0.6667,1,1,0.875,0.9,1,0.8636,1,0.9091,1,1,1,0.9545,0.5455,0.6667,1,0.5833,0.75,1,1,0.95,0.9444,0.8182,1
"locus4253",1,0.7143,1,0.9091,0.8889,0.875,1,0.8889,1,0.9375,0.9091,1,0.75,1,1,1,0.8333,1,0.9375,0.8889,1,1,0.9,1,0.7727,1
"locus4254",1,1,1,1,1,0.9545,1,1,1,1,0.5,1,0.4286,1,1,1,1,1,1,1,1,1,1,1,1,1
"locus4255",0.125,0.0625,0,0.4286,0,0.0417,0,0,0,0.0625,0.0455,0.125,0,0.0625,0.0833,0,0.0714,0.25,0.0625,0,0.0714,0.4167,0.1875,0.15,0.0455,0.0417
"locus4256",1,1,0.95,1,0.8889,0.9583,1,0.8333,1,0.9375,1,1,0.95,1,0.9583,1,1,1,0.875,0.9444,0.9286,1,1,0.95,1,0.8182
"locus4257",0.6,0.5,0.3,0.4375,0.4375,0.6875,0,0.3571,0.3889,0.6667,0.5,0.5,0.7,0.75,0.5,0.0833,0.7857,0.5,0.5833,0.5625,0.4167,0.5,0.2857,0.5,0.5833,0.5625
"locus4258",1,1,1,1,1,1,0.5,1,1,0.9,0.9545,1,1,1,1,0.4444,1,1,1,1,1,1,0.85,0.95,1,1
"locus4259",1,1,1,1,1,1,0.5,1,1,0.875,1,1,1,0.9375,1,0.8125,1,1,1,0.9444,1,1,1,1,1,1
"locus4260",0.6111,0.5,0.3,0.6,1,0.5909,1,0.75,0.5556,0.875,0.625,0.4,0.75,0.4375,0.4091,1,0.5556,0.5,0.3125,0.7,0.4,0.95,0.8125,0.5625,0.6875,0.5
"locus4261",0.4583,0.625,0.25,0.3182,0.5625,0.4583,0.6,0.4444,0.4545,0.5714,0.3636,0.375,0.5,0.375,0.2917,0.85,0.3889,0.3333,0.25,0.4444,0.3571,0.0455,0.4375,0.4,0.5455,0.2917
"locus4262",1,0.8571,1,1,0.8125,0.7727,0.6667,0.8889,0.9545,0.9,0.4545,1,0.75,0.875,1,0.75,1,1,0.875,0.8889,1,0.9545,1,1,0.9091,0.9583
"locus4263",1,0.9375,1,0.7,1,1,0.25,1,0.9545,0.9375,0.9545,1,1,1,1,0.5556,1,1,1,0.9444,1,1,1,1,1,1
"locus4264",1,1,0.9444,1,1,1,1,1,0.8636,1,1,1,1,1,1,1,1,0.8333,0.8125,0.9444,1,1,0.9,1,1,1
"locus4265",0.5556,0.5,0.6429,0.8,0.7,0.55,1,0.1429,0.55,1,0.1111,0.4167,0.3333,0.5714,0.5417,1,0.9444,0.5,0.5,0.4,0.5,0.6875,0.9167,0.6667,0.6667,0.3333
"locus4266",0.8333,0.6875,0.85,0.85,0.8333,0.8182,1,0.9444,0.9091,0.875,0.6818,0.9375,0.8333,1,0.8333,1,0.8889,1,0.9375,0.9444,1,1,0.7222,0.75,0.9545,0.8182
"locus4267",0.9167,1,1,0.6364,1,0.75,1,1,1,1,0.9545,1,1,1,1,1,0.5556,1,1,1,0.9286,0.85,0.9,0.85,0.9091,0.9583
"locus4268",0.875,1,0.9,1,1,0.75,1,1,0.9545,0.9375,1,1,1,1,0.9167,1,1,1,0.9375,1,0.9286,1,0.95,1,1,1
"locus4269",0.9583,1,1,0.8636,1,1,1,0.9444,1,0.9375,1,0.9375,1,1,0.9583,1,1,1,1,0.9444,1,1,1,0.85,1,0.9583
"locus4270",0.95,0.875,0.8125,0.5556,0.7857,1,NA,0.9444,0.9,0.875,1,0.9,0.75,0.9167,0.7727,1,0.625,1,0.9167,0.5833,1,0.875,0.6667,0.8333,0.9,0.9583
"locus4271",0.5,1,1,0.8889,1,1,1,0.8889,1,1,0.9091,0.6429,1,0.9375,1,1,0.9167,0.8333,0.9375,0.9375,1,0.5909,0.6667,1,0.75,1
"locus4272",0.0833,0.3125,0.2,0.2,0.2222,0.25,0,0.25,0.2273,0.0625,0.0556,0.1,0.25,0.125,0.0556,0,0.2222,0,0.25,0.2222,0.1667,0,0,0.125,0.1,0.0909
"locus4273",0.9583,0.9286,1,0.8125,0.6429,0.9583,0.375,0.6,1,0.8571,1,0.9167,1,1,1,0.5455,1,1,0.9375,0.8889,0.9,1,1,1,0.9286,0.4
"locus4274",0.9583,0.875,0.9167,1,1,0.9583,1,1,0.9545,0.6875,1,1,1,1,0.7917,1,1,1,0.75,0.9444,1,0.9545,1,0.95,0.9091,0.8125
"locus4275",0,0,0,0.5,0.0556,0.0833,0,0,0.15,0.0625,0,0,0,0.2143,0.125,0,0,0,0,0,0,0,0.2857,0.05,0.0909,0.125
"locus4276",0.9583,0.875,0.95,1,0.9444,1,0.8,1,0.9545,1,1,1,0.95,1,1,0.9091,1,1,1,1,1,0.9545,1,1,1,0.9583
"locus4277",0.125,0.125,0.05,0,0,0,0,0,0,0,0.1818,0,0,0.125,0.0833,0,0,0,0,0,0,0.0455,0.1,0.05,0.0455,0.0833
"locus4278",1,0.9375,1,1,1,0.8333,1,1,1,0.9375,0.8333,1,0.6667,1,1,1,1,1,1,1,1,1,1,1,1,0.9167
"locus4279",0.3333,0.6875,0.55,0.55,0.8333,0.7083,0.4,0.6667,0.5909,0.375,0.8182,0.6667,0.85,0.5,0.5833,0.0909,0.25,0.5,0.625,0.5625,0.7143,0.5455,0.5,0.6111,0.5909,0.5909
"locus4280",0.875,1,1,1,1,1,1,1,1,1,1,1,1,1,1,1,0.8889,1,1,1,1,1,0.7778,0.9,0.9545,0.9583
"locus4281",0.8333,1,0.85,1,1,0.9583,1,1,0.9091,1,1,0.9375,1,0.8125,1,1,1,1,0.9375,0.75,1,0.9545,1,0.9,0.7727,0.9167
"locus4282",1,1,0.95,1,1,1,1,1,1,1,1,1,0.6111,1,0.8333,1,1,1,0.875,1,0.8571,1,1,1,1,1
"locus4283",0.5833,1,0.95,0.3125,1,0.9167,0.9,0.8333,1,0.9375,1,0.8571,1,1,0.9167,0.9545,0.9444,0.5,0.875,0.9444,0.8333,0.2778,0.5,1,0.6875,0.9583
"locus4284",0.8333,1,1,1,1,1,0.75,0.9444,1,0.9375,0.9545,1,1,1,0.9583,0.85,0.9444,1,1,1,1,1,1,1,1,1
"locus4285",0.9583,0.9375,1,0.85,0.6667,0.9091,1,0.8889,1,1,1,1,1,1,1,1,1,1,1,1,1,1,0.95,1,1,0.7917
"locus4286",0.9545,0.9375,0.6875,1,1,1,1,1,0.8636,1,1,1,1,0.5,0.875,0.9545,1,1,1,0.6667,1,1,1,0.95,1,1
"locus4287",0,0,0,0,0.1667,0.0909,0,0,0,0.0625,0.05,0,0.05,0.0625,0,0.5,0.1111,0,0,0,0,0,0,0,0.0455,0
"locus4288",0,0.375,0.1,0.2,0,0.1818,0.5,0,0,0.5714,0.0455,0,0.05,0.1875,0.125,0.5,0,0,0.0625,0.1111,0,0.0455,0,0.3,0,0
"locus4289",0.9545,1,1,0.9545,1,0.9583,0.8,1,1,1,0.8636,1,1,1,0.9583,0.9545,0.8889,1,1,0.8889,1,1,0.9,1,0.9091,0.9583
"locus4290",1,1,0.9,1,1,0.7273,1,0.9444,1,1,0.9091,0.9375,0.95,0.9286,0.9167,1,1,0.8333,0.9375,1,0.8571,1,0.9,1,1,1
"locus4291",0.9583,1,0.9,0.9545,1,1,1,0.9444,0.9545,1,1,1,1,1,0.875,0.9545,0.875,1,0.9375,1,0.9167,1,0.85,0.85,1,0.875
"locus4292",0.9167,0.75,0.5625,0.9545,0.7778,0.9583,1,0.5556,0.5455,0.875,0.9545,0.875,1,0.8125,0.8125,1,0.9444,0.8333,0.6875,1,0.8333,0.9545,0.85,0.6111,0.8,0.65
"locus4293",0.9167,1,1,0.9545,1,1,NA,1,0.9545,0.875,1,0.875,1,0.9375,1,1,1,1,1,0.8333,1,0.9545,0.9,1,1,0.9583
"locus4294",0.125,0,0.15,0.0455,0,0,0,0,0.0909,0,0.0455,0,0,0.0625,0.125,0,0,0,0.0625,0,0.1429,0,0,0,0,0.0417
"locus4295",0.8182,1,1,0.75,1,1,1,0.9375,1,0.875,1,0.9375,1,1,1,1,0.9444,1,1,1,1,0.9091,0.7143,1,0.875,0.9583
"locus4296",1,0.625,1,1,1,0.6364,1,1,1,0.9375,0.6667,1,0.5714,0.9375,1,1,1,1,1,1,1,1,1,1,0.9545,1
"locus4297",1,0.875,0.9,0.9091,1,0.875,1,0.8333,0.9545,0.75,0.9091,1,0.8,1,0.9167,0.9545,0.8125,1,0.875,0.9444,0.9286,0.9545,1,0.8125,0.9545,0.9167
"locus4298",1,1,1,1,1,1,0.9,1,1,1,1,1,1,1,1,1,0.9444,1,1,1,1,0.5556,1,1,1,1
"locus4299",0.9583,1,0.95,0.7,1,1,1,1,1,1,1,1,1,1,1,1,1,1,1,1,1,1,0.95,1,0.95,1
"locus4300",0.1667,0.5,0.1875,0.3571,0.5714,0.5833,0,0.4,0.2222,0.0833,0.9,0.1667,0.8,0.125,0.2222,0.0455,0.1,0.1667,0,0,0.4167,0,0.625,0.1875,0.3571,0.5
"locus4301",1,1,1,1,0.875,0.7778,1,1,1,1,0.6429,1,0.5,1,1,1,1,1,1,1,0.9286,1,1,1,0.9091,1
"locus4302",0.9583,0.875,1,1,1,1,1,1,1,0.9375,1,1,1,1,1,1,1,1,1,1,1,0.6111,0.9,1,1,1
"locus4303",0.1,0.75,0.6111,0.25,0.5,0.4545,0,0.5,0.6429,0.4375,0.7,0.5833,0.4375,0.7,0.7083,0.0455,0.2222,0.3333,0.8125,0.4375,0.7,0.3,0.5,0.3333,0.3636,0.45
"locus4304",0.8333,0.7857,0.75,1,1,0.9167,1,0.8889,0.6364,0.9375,0.9091,0.9375,0.7,0.625,0.5833,0.9545,1,1,0.6429,0.6667,1,0.6667,0.95,0.8,0.8182,0.9545
"locus4305",0,0.125,0,0,0,0.1667,0,0,0,0,0.4444,0,0.5,0.0625,0,0,0,0,0,0,0,0,0.05,0,0.0455,0.0833
"locus4306",0.9167,1,0.95,0.9545,1,1,1,1,0.9545,1,0.9091,1,1,1,1,1,0.7222,1,0.875,1,0.9286,0.9091,0.85,0.9,0.9091,0.875
"locus4307",0.0455,0,0.1429,0.35,0,0.0417,0,0.1111,0.1667,0,0,0,0.1,0,0.05,0,0.0556,0.1667,0.2857,0.0625,0.25,0.3333,0.3571,0.375,0,0.0417
"locus4308",0.9583,1,0.8,0.95,1,1,1,1,0.75,1,1,1,1,1,0.8333,1,1,1,0.9375,0.9444,0.9286,1,0.95,0.8,1,1
"locus4309",0.875,0.9375,1,1,1,0.6364,1,0.75,1,0.875,1,0.9286,0.95,0.9375,0.9583,0.9545,0.9444,1,1,0.8889,1,1,0.95,1,0.9,0.5909
"locus4310",0.5455,0.625,1,0.5714,0.9,0.8333,1,0.9,0.8125,0.9286,1,1,1,0.625,0.9091,1,0.625,1,0.75,0.3,0.6667,1,0.5,0.4375,0.5833,0.7273
"locus4311",1,1,1,1,0.7222,0.8333,1,0.9375,1,1,1,1,1,1,1,1,1,1,0.9375,1,1,1,1,1,1,0.9167
"locus4312",0.0833,0.2857,0.1,0,0.0833,0.0455,0.3333,0.0556,0.0909,0.25,0.05,0.125,0.35,0.1875,0.0417,0.25,0.0556,0,0,0,0.0833,0,0.1,0.15,0.1364,0.125
"locus4313",0.7727,0.5625,0.6,0.4444,0.3125,0.3333,0.6667,0.2222,0.5556,0.3333,0.1364,0.2,0.125,0.4375,0.35,0.8889,0.75,0.25,0.2857,0.6667,0.4167,0.8182,0.4375,0.4167,0.6,0.2222
"locus4314",0,0,0.05,0.35,0,0,0,0,0.1364,0,0.0909,0,0,0,0.0455,0,0,0,0,0,0,0,0,0.05,0.1364,0.1818
"locus4315",0.5,0.5714,0.5556,0.4444,0.4,0.3333,0.25,0.3571,0.6364,0.2857,0.5455,0.4,0.65,0.6667,0.2,0.0625,0.5625,0.6667,0.2857,0.6875,0.375,0.8182,0.5556,0.3125,0.5556,0.5455
"locus4316",0,0.0625,0,0.2778,0.125,0.2857,0,0.0556,0.0909,0,0.1,0.0625,0,0,0.0417,0.0909,0.2222,0,0.1875,0,0,0,0,0,0,0.0417
"locus4317",1,0.9375,0.9,1,1,0.9091,1,1,1,1,0.95,0.9375,1,1,0.875,1,0.9375,1,0.9375,1,1,1,1,1,1,1
"locus4318",0.9583,1,1,1,0.8889,0.9583,0.9,1,1,1,1,1,1,1,1,1,0.9444,1,1,0.9444,1,0.75,1,1,0.9545,0.9167
"locus4319",0.65,0.875,0.9375,0.7778,1,0.9545,1,0.8125,0.75,1,0.9545,0.7857,1,0.875,0.75,1,0.6,0.75,0.9167,0.7143,0.9,0.8,1,0.7778,0.8889,0.7917
"locus4320",0.5556,0.5,0.625,0.5,0.5714,0.5,1,0.25,0.7143,0.3333,0.3333,0.5,0.0556,0.25,0.3636,0.875,0.3571,0.6667,0.5,0.5833,0.4,0.5833,0.5,0.5,0.5556,0.5455
"locus4321",1,1,1,0.65,0.8889,1,0.7,1,1,1,1,0.875,1,1,1,1,0.9444,1,1,0.9444,1,1,0.95,1,1,1
"locus4322",0.5625,0.9375,0.8333,0.9444,0.9167,0.8333,NA,0.9375,0.8889,0.9375,1,0.5,1,0.8333,0.7917,0.5,0.75,0.5,0.875,1,0.9167,1,0.8333,0.75,0.5833,0.8
"locus4323",1,1,0.95,1,1,1,0.9,1,0.9091,1,1,1,0.95,0.6875,1,1,0.8889,1,0.875,0.9444,1,0.9545,1,0.9,1,1
"locus4324",0.9167,1,0.9,0.85,1,1,1,1,0.9545,0.9375,1,1,0.85,1,0.9167,1,0.8889,1,0.875,0.9444,0.9286,1,1,1,1,1
"locus4325",0.5455,0.9167,0.7143,0.8333,1,0.8,0,1,0.625,0.5833,0.5,0.9167,0.3333,0.75,0.8,0.0455,0.6667,0.6667,0.8125,0.5714,0.8333,0.7143,0.6667,0.6667,0.5714,1
"locus4326",0.6364,0.5,0.4286,0.4,0.375,0.3636,0.2,0.3889,0.3,0.6429,0.0455,0.1,0.1,0.5,0.4091,0.3,0.5,0,0.4286,0.5714,0.3,0.5455,0.55,0.5,0.5,0.2273
"locus4327",1,0.9375,0.95,0.9545,1,0.9545,1,1,1,1,0.9167,1,0.8333,0.9375,0.9583,0.9545,1,1,0.875,1,0.8571,1,1,1,1,1
"locus4328",0.25,0.25,0,0,0.25,0.0556,0,0,0.1364,0.3,0.05,0.125,0.375,0,0,0.0909,0.1667,0,0,0.2778,0,0,0.0556,0.0556,0.0625,0.1875
"locus4329",1,1,1,1,0.8333,0.875,1,0.875,0.9545,1,1,1,1,1,1,1,1,0.8333,0.875,1,1,1,0.95,0.9,0.8636,0.875
"locus4330",0.7727,0.6875,0.75,0.7273,0.7778,0.7083,1,0.9444,0.8182,0.625,0.55,1,0.75,0.5625,0.6667,0.6818,0.7778,0.8333,0.7857,0.6667,0.9167,0.8182,0.8,0.8,0.6667,0.9583
"locus4331",0.8333,0.4286,0.875,1,0.3333,0.35,1,0.8333,0.9,0.8,0.1875,0.9167,0.4,0.9,0.75,0.9545,1,0.8333,0.625,0.9444,0.875,1,0.95,0.9444,0.8571,0.65
"locus4332",0.875,0.4286,0.5,0.5556,0.1875,0.2727,1,0.1429,0.6111,0.6,0.4444,0.4375,0.3125,0.5833,0.35,0.9545,0.6875,0.75,0.5833,0.7857,0,0.9444,0.5,0.3571,0.6,0.1667
"locus4333",0.9091,0.875,0.7857,0.9091,1,1,1,1,0.8636,1,1,0.8571,1,0.9375,0.8636,1,0.9444,1,0.875,0.8333,0.9286,0.8,1,0.95,1,1
"locus4334",1,0.8571,1,1,1,1,1,1,0.9545,1,0.9,1,0.8,1,1,1,0.9444,1,0.9375,0.9444,1,1,0.8,1,1,1
"locus4335",0.0417,0.0625,0,0,0,0,0,0,0,0,0,0.0625,0,0.125,0,0,0,0.1667,0,0,0,0.2273,0,0.0556,0,0
"locus4336",1,0.75,1,1,0.9286,0.8,1,1,0.9545,1,0.4375,1,0.4286,0.9375,0.9583,1,1,1,0.9375,1,1,1,0.95,1,1,1
"locus4337",1,1,1,1,1,0.9583,1,1,0.9091,1,0.9545,0.9286,1,1,0.9583,1,1,1,0.875,1,0.8571,1,0.9,1,1,1
"locus4338",1,0.875,0.9,0.8636,0.9444,0.7273,1,0.9444,0.9,0.9375,0.9091,1,1,1,0.8333,0.9091,1,0.6667,0.875,0.9444,0.9286,1,0.8,0.95,0.9545,0.8636
"locus4339",1,1,1,1,1,0.9583,1,0.8889,0.9545,1,1,1,1,0.9375,1,0.75,0.8889,1,1,0.875,1,1,1,1,1,1
"locus4340",0.8333,1,0.95,0.9545,1,1,1,0.9444,0.9091,1,1,0.9375,1,0.9375,1,1,1,1,0.7143,1,0.8571,1,1,1,0.9545,0.9583
"locus4341",0.9167,1,1,0.8636,1,0.9583,1,1,1,0.9375,0.9545,1,0.95,1,1,1,1,1,1,1,1,1,1,0.95,0.9545,0.85
"locus4342",1,1,1,1,0.9444,0.9167,1,1,0.8636,1,1,0.9286,1,0.9375,1,0.9545,0.9444,1,0.9375,1,0.9286,1,1,0.95,0.9545,0.9583
"locus4343",0.8636,0.75,0.9,0.5556,1,0.8182,0.6,0.9,0.75,0.6875,0.9,1,1,1,0.6111,0.4286,0.9375,0.8333,1,1,1,0.6429,0.8,0.6429,0.9286,0.7222
"locus4344",0.9583,1,1,0.9545,1,1,1,1,1,1,0.9545,0.875,1,1,1,0.9545,1,1,1,1,0.9286,1,1,0.8,1,1
"locus4345",0,0.2,0.1,0.0455,0.0714,0.25,0.1,0.0556,0.0455,0,0.05,0,0.1667,0.0625,0.0909,0,0,0,0.0714,0.0556,0,0,0,0.05,0.0909,0.0833
"locus4346",0.2222,0.25,0.2,0.0909,0,0,1,0.125,0.3,0.6875,0,0.25,0.6875,1,0,0.95,0.5,0.25,0.25,0.6667,0,0.3125,0.125,0.1,0.25,0.0417
"locus4347",0.6875,1,0.95,0.5714,1,0.8333,1,1,1,1,0.9545,0.9375,1,1,0.9545,1,0.9375,1,1,0.9444,1,0.8,0.7778,0.95,1,1
"locus4348",0.6111,0.7143,0.6667,0.5,0.6667,0.55,0.4,0.375,0.6,0.5,0.4,0.5833,0.4444,0.8125,0.625,0.5455,0.75,0.75,0.6429,0.7222,0.3333,0.9444,0.6111,0.625,0.3889,0.5455
"locus4349",1,0.9375,1,1,1,0.9583,1,1,1,1,1,1,0.9,1,1,1,1,1,0.9375,1,1,0.9545,0.8889,0.9,1,1
"locus4350",0.5909,0.5714,0.7857,0.5625,1,1,0.625,0.8889,0.8571,0.7,0.8333,0.75,0.5,0.7,0.6667,0.5,0.125,0.6667,0.7857,0.75,0.9167,0.7778,0.4375,0.7222,0.7778,0.7273
"locus4351",1,1,0.7,1,1,1,1,0.8889,0.9091,1,1,1,1,0.875,0.75,1,1,0.8333,0.9375,1,1,1,1,1,1,1
"locus4352",0,0,0,0,0.1875,0.1667,0,0,0,0.125,0.1818,0,0,0,0.0417,0,0,0,0,0.0556,0.0714,0,0,0,0.0455,0.2083
"locus4353",0.8333,0.9375,0.95,0.9,1,1,1,1,0.9545,1,1,0.9375,1,0.875,1,1,0.8333,0.8333,1,1,1,0.9545,1,1,0.9545,1
"locus4354",0.0833,0.125,0,0.0909,0,0.0417,0,0.1667,0.0455,0.125,0,0,0,0.0625,0.0417,0.0455,0,0,0.0625,0,0,0,0,0.15,0,0.125
"locus4355",0.9167,0.7857,0.95,0.85,1,0.9583,1,0.875,0.9,0.9375,0.9545,1,0.9444,1,0.9167,0.9545,0.9444,0.8333,1,0.8333,1,1,0.9,0.95,0.9545,0.8636
"locus4356",0.75,0.9375,1,0.5909,0.9444,1,1,1,0.8636,0.9375,1,0.9375,1,0.9375,0.8182,0.9545,0.8889,1,0.9167,0.8889,0.9167,1,0.8889,0.65,0.9545,1
"locus4357",0.0714,0,0.05,0,0.0556,0,0.1,0,0.0455,0,0,0,0,0.0625,0.125,0,0.1,0,0,0.2222,0,0.5556,0.2,0.1,0,0
"locus4358",0.9545,1,1,0.8636,1,1,0.875,0.9444,1,1,0.9545,1,1,1,1,0.9091,1,1,1,1,0.9167,1,1,1,0.95,0.9583
"locus4359",1,1,0.95,0.8182,0.9444,1,1,1,0.9545,0.9375,1,1,1,1,1,1,1,1,1,1,1,1,1,0.8,1,1
"locus4360",1,0.8571,0.7778,0.85,0.8571,0.9583,1,0.8571,0.85,0.9286,1,0.9286,0.95,0.9375,0.9583,1,0.8889,1,0.9375,1,1,0.8636,0.95,1,0.8182,0.8333
"locus4361",0.9091,1,0.9444,1,1,1,1,1,0.9091,0.9375,1,1,1,0.875,1,0.9545,1,0.8333,1,0.8333,1,0.9091,0.95,0.95,0.9545,1
"locus4362",0.9167,1,1,1,1,1,0.8,1,0.9545,0.875,1,1,1,0.9375,0.9583,0.7143,1,1,1,1,1,1,1,0.95,1,1
"locus4363",0.25,0.0625,0.15,0,0.0556,0.0417,1,0,0.0455,0.375,0,0,0.05,0,0.0417,0.8333,0,0,0,0.2778,0,0,0.1667,0,0.0455,0
"locus4364",1,1,0.95,1,1,1,1,1,0.8182,1,1,1,1,0.9286,0.9167,0.85,1,1,1,0.8333,1,1,1,0.75,1,1
"locus4365",0.7,0.7143,0.9,0.85,0.5714,0.5,1,1,0.9545,0.8333,0.1818,0.8333,0.2778,0.9286,0.9545,1,0.8889,0.8333,0.8571,1,1,0.7727,0.7222,0.9,0.7222,0.875
"locus4366",0.2727,0.6,0.625,0.4444,0.6667,0.5,0,0.3125,0.5,0.2857,0.9286,0.4375,0.75,0.4,0.5556,0.3125,0.1667,0.5,0.4167,0.4167,0.3,0.2727,0.3125,0.2857,0.5,0.5
"locus4367",0.4545,0.4375,0.4375,0.4444,0.5714,0.5,1,0.5,0.3636,0.5714,0.1818,0.5714,0.2,0.4286,0.5417,0.8182,0.5,0.25,0.5,0.7222,0.5,0.1,0.5,0.4,0.5909,0.4583
"locus4368",0.5,0.4286,0.2778,0.55,0.4286,0.4583,0.6667,0.4444,0.2273,0.5,0.3333,0.4,0.65,0.375,0.4583,0.375,0.4375,0.5,0.3125,0.4444,0.4,0.3636,0.4375,0.3,0.35,0.4091
"locus4369",0.8889,0.875,0.75,0.9091,0.875,0.7273,0.9,0.7857,0.7727,1,0.6364,0.7143,0.95,0.8571,0.7,0.95,0.625,0.5,0.8571,0.9444,0.9,0.5714,0.875,0.6667,0.8,0.9167
"locus4370",0.9583,0.875,0.95,1,1,0.8636,1,1,1,1,0.9545,1,0.95,1,0.875,1,1,1,1,1,1,1,1,1,1,1
"locus4371",0.0417,0.0625,0.05,0.15,0,0,0,0.25,0,0,0,0,0.05,0,0,0.0909,0.0556,0,0,0.0556,0,0.0455,0.2222,0.05,0.0455,0.4375
"locus4372",0,0.0714,0,0,0.4444,0.0417,0,0.2778,0,0,0,0,0,0,0.1667,0,0,0,0,0.0556,0,0.3333,0.05,0.05,0,0.3636
"locus4373",0.8333,0.9286,0.95,0.9545,0.6667,0.7143,1,1,0.9545,0.875,0.9,1,0.9167,1,1,1,0.9444,1,1,0.9444,1,0.95,0.8333,0.95,0.8571,0.75
"locus4374",0,0,0,0.0455,0,0.0417,0,0,0,0.0625,0.1875,0,0.3333,0,0,0,0,0.1667,0,0,0,0.0455,0.15,0.05,0,0
"locus4375",0.7143,1,0.8125,0.95,1,1,1,1,0.9,1,1,0.9375,1,0.9286,0.875,0.9545,1,1,0.8125,0.8333,1,1,0.5714,0.9,1,1
"locus4376",0.9545,0.8571,1,1,1,0.7727,1,1,1,1,0.8182,1,0.8,1,1,1,1,1,1,0.9444,1,1,0.95,1,0.9545,0.9583
"locus4377",0.0833,0.0625,0.05,0,0,0,0,0,0,0,0,0,0,0.0625,0.0417,0,0.0556,0,0.0625,0,0,0.0455,0,0.05,0.1364,0
"locus4378",0.9583,0.9375,0.9,1,0.8125,0.9545,1,0.8333,1,1,0.9091,0.9375,1,1,0.9545,0.9545,1,1,0.9375,1,0.9286,0.9545,0.95,0.9,0.9545,0.7
"locus4379",1,1,0.9,1,1,1,1,1,1,1,1,1,1,0.8125,0.9167,1,0.7778,1,0.8125,0.9444,1,1,1,1,0.9091,1
"locus4380",0.9583,1,0.95,1,1,1,1,1,0.8636,1,1,1,1,0.875,1,1,1,0.8333,1,0.8333,1,0.9545,0.95,0.95,1,1
"locus4381",1,1,0.7857,1,1,1,1,0.9444,0.8636,1,1,1,1,1,0.85,1,1,1,0.6875,1,1,1,1,0.7778,1,1
"locus4382",0.95,0.5,0.7,1,0.8571,0.8182,0.6667,0.7778,0.75,1,0.5625,0.75,0.2222,0.8333,0.5714,0.9286,0.7857,0.5,0.5714,1,0.75,1,1,0.7857,0.8333,0.9375
"locus4383",0,0,0.05,0.2,0.3333,0.3125,0,0.1875,0.2,0.1875,0.3333,0.0714,0.4444,0.125,0.0455,0.05,0,0,0,0.0556,0.125,0.2727,0.1,0.1111,0.2273,0.2727
"locus4384",0.9583,0.875,1,0.7222,1,0.85,1,1,1,0.8125,0.95,0.9375,0.875,1,1,1,1,1,1,1,0.9286,0.9545,0.85,1,0.95,0.875
"locus4385",0.9091,0.9375,0.75,0.9545,1,0.875,0.6,1,0.9091,0.6875,0.9545,0.8571,0.95,0.9375,0.8333,0.35,0.8889,0.8333,0.8125,0.9444,1,1,0.95,0.95,0.8182,1
"locus4386",1,0.9375,0.9,1,0.8889,1,1,0.875,0.8,1,1,1,1,1,0.9167,1,1,1,0.9375,1,0.9286,0.9091,1,0.95,0.9545,0.9091
"locus4387",0.05,0.1875,0.15,0.5,0.0556,0.0417,0,0.0625,0,0.125,0.0909,0.125,0,0.25,0.4,0,0,0.5,0.0714,0,0.2143,0.1364,0.1667,0.05,0,0.1667
"locus4388",0.8333,0.8125,0.9,0.8,1,0.8125,0,0.8333,1,0.6667,0.875,0.875,0.875,0.9375,0.9167,0.25,0.5833,1,0.8125,0.5,0.9286,0.8889,0.7778,0.75,0.6667,1
"locus4389",0.6667,0.9167,0.7,0.55,0.9286,0.9091,1,0.875,0.8125,0.5,0.8333,0.9167,0.8,0.7857,0.8182,0.9545,0.5,0.3333,0.8,0.9167,0.75,0.6,0.8125,0.6429,1,0.6667
"locus4390",0.5455,0.6875,0.75,0.5,0.8889,0.8333,0.5,0.8125,0.75,0.4375,0.9545,0.8125,0.95,0.9286,0.8182,0.4444,0.5,0.75,0.8125,0.6875,0.9286,0.5,0.5556,0.6667,0.7273,0.9167
"locus4391",0.85,0.7857,0.8125,0.875,0.875,0.6,1,0.8889,0.9,1,0.3889,0.75,0.3571,0.875,0.7,0.9545,1,0.8333,0.6875,0.8125,0.8571,0.55,0.9,0.7778,0.8889,0.9583
"locus4392",0.9167,1,1,1,1,1,0.9,1,0.8636,1,0.9545,1,0.85,0.9167,1,1,0.8889,0.8333,0.7857,0.8333,1,0.9545,0.8,1,1,1
"locus4393",0.9583,0.9375,0.95,1,1,0.9583,1,1,1,0.8125,1,0.9375,1,1,0.9545,1,1,1,0.8125,0.9444,1,1,0.9,1,1,1
"locus4394",1,0.875,1,1,1,1,1,0.9444,0.9545,1,1,1,1,0.9375,0.9583,0.9545,1,1,1,1,1,1,0.8,0.95,1,1
"locus4395",1,1,1,0.9091,1,1,1,1,1,1,0.9545,0.9375,1,1,0.9583,1,1,0.6667,1,1,0.9167,1,1,1,1,0.9583
"locus4396",0.6364,0.25,0.1429,0.35,0,0.25,1,0.3125,0.4091,0.8333,0,0.2,0,0.0714,0.15,0.9444,0.6875,0,0.1875,0.5625,0,0.5,0.2222,0.1875,0.6111,0.0714
"locus4397",0,0,0.1,0.0455,0.1111,0.125,0.125,0.0556,0,0.125,0.0455,0,0.05,0.0625,0.0909,0.15,0,0,0.1429,0.1111,0.25,0,0,0.05,0.0455,0.0417
"locus4398",1,1,1,1,1,1,0.875,0.9444,1,0.9375,1,1,1,1,1,0.5,1,0.8333,1,1,1,1,1,1,1,1
"locus4399",1,0.9286,0.95,1,0.8889,0.8636,0.1,1,0.9091,0.7143,0.9,1,1,0.8125,1,0.4091,0.875,1,1,0.8333,1,1,0.9,0.8,0.8636,1
"locus4400",0.0417,0.1667,0,0,0,0,0,0.125,0,0,0.1364,0,0,0.0625,0.0833,0,0,0,0.125,0,0,0.0909,0,0,0.0455,0
"locus4401",0.9583,1,1,0.6818,1,0.9583,1,1,1,0.875,1,0.875,1,0.875,1,1,0.8333,0.8333,1,0.9444,1,1,1,1,1,1
"locus4402",0.125,0.7143,1,0.5909,1,0.9583,0.2,1,1,0.875,1,0.7857,1,0.8571,0.875,1,0.3333,0.8333,0.9375,0.5,1,0.45,0.55,1,0.7,0.9091
"locus4403",1,0.9375,0.85,1,1,0.9583,1,1,1,1,1,1,1,0.875,0.8333,0.9545,1,1,0.6875,0.8889,1,1,0.95,0.95,1,0.9583
"locus4404",1,0.9375,1,1,1,0.8333,1,1,1,0.875,0.8571,1,0.8125,1,0.9583,1,1,1,0.9375,1,1,1,1,1,1,0.9167
"locus4405",1,1,0.95,1,1,1,1,1,1,1,1,1,1,1,0.9583,1,1,0.8333,1,1,1,0.5,1,1,0.9545,1
"locus4406",1,0.8571,0.8333,0.8182,0.5,0.6875,0.9,0.8889,0.8636,0.8571,0.875,0.8125,0.8,0.8571,0.65,1,0.6429,0.6667,0.6875,0.8125,0.75,0.9091,0.8333,0.8,0.8889,0.8333
"locus4407",0.625,0.7857,0.95,0.8636,0.875,0.6364,0.6,0.9286,0.8636,0.7857,0.45,0.8125,0.5714,0.6875,0.9167,0.3333,0.9444,1,0.875,0.5,1,0.5455,0.8889,0.6,0.9091,1
"locus4408",0.4545,0.4,0.8571,0.7222,0.6667,0.125,0.8,0.5625,0.7,1,0.625,0.6667,0.3571,1,0.8125,0.95,0.3889,0.1667,1,0.875,1,0.1875,0.45,0.9444,0.5,0.6875
"locus4409",0.75,1,1,1,1,1,1,1,1,1,0.95,1,1,0.9375,1,1,0.9444,0.8333,1,1,1,1,0.95,1,0.9545,1
"locus4410",0.5556,0.8571,0.6429,0.625,0.75,0.8125,1,0.5556,0.5,0.9286,0.9545,0.75,0.9444,0.4,0.65,NA,0.5625,0.5,0.5,0.8333,0.5833,0.6429,0.6111,0.6429,0.75,0.25
"locus4411",0.05,0.5,0.375,0.25,0.4167,0.7727,0,0.6429,0.1875,0.5,0.5833,0.3571,0.5,0.2,0.5,0,0.1667,0,0.6,0.2222,0.5,0.0909,0.0714,0.125,0.25,0.6875
"locus4412",0.2273,0.25,0.25,0.5,0.4286,0.15,0,0.3571,0.1667,0.2143,0.2143,0.0833,0.25,0.375,0.2222,0,0.3333,0.5,0.4,0.0556,0.5,0.5,0.2,0.6111,0.1,0.45
"locus4413",0.9286,0.875,1,0.8125,1,0.9167,1,0.9444,1,0.9375,0.9091,0.875,1,0.875,0.9583,1,0.8571,1,0.875,1,0.9286,1,0.8125,0.9,1,0.9583
"locus4414",0.9167,0.8125,0.9,0.9091,0.8889,0.875,1,0.8333,1,0.8125,1,1,0.8889,1,0.9167,0.8636,0.9444,1,0.9375,0.7778,0.9286,1,0.9,1,0.9545,1
"locus4415",0.75,1,0.9,1,1,1,1,1,0.6818,1,1,0.9375,0.85,0.875,0.9167,1,0.6667,1,1,0.9444,1,1,1,0.9,0.95,1
"locus4416",0.9167,0.75,0.9,0.8636,1,0.8333,1,0.875,0.9545,0.875,0.8636,0.9375,0.9,0.875,0.9583,1,1,1,0.8571,0.9444,0.9286,1,0.85,0.75,0.9091,0.95
"locus4417",0.6875,0.6,0.25,0.6667,0.875,0.55,0.9,0.7857,0.6111,1,0.2143,0.6667,0.3571,0.4286,0.45,0.7778,0.4375,0.6667,0.5,0.7143,0.6429,0.8,0.6667,0.55,0.5625,0.8333
"locus4418",0.9545,1,0.95,0.9091,1,1,0.9,1,0.8182,1,1,1,1,0.875,1,1,0.8333,1,1,0.9444,0.9167,1,1,0.9,0.8889,0.9583
"locus4419",0.0417,0.3571,0.25,0.1364,0.25,0.05,0,0.1111,0.1111,0.0625,0.35,0.1667,0,0.125,0.1818,0,0,0,0.2143,0.2222,0,0,0.1,0.1,0.2,0.0455
"locus4420",0.125,0,0,0.1667,0,0,0,0.0556,0.0455,0.25,0,0,0,0.3125,0.0417,0,0,0.1667,0,0,0,0,0.1,0,0.0909,0.1667
"locus4421",1,0.875,0.85,1,0.3333,0.9583,1,0.7778,0.9545,0.875,1,0.9286,1,0.875,1,1,1,0.8333,0.875,0.8889,0.8333,1,0.85,1,0.7273,0.6
"locus4422",0.0833,0.125,0.1,0,0,0.3,0,0.1111,0.0455,0,0.0455,0,0.05,0,0.0417,0,0,0,0.125,0.0556,0.0714,0,0.05,0,0.0455,0.0833
"locus4423",0.9583,0.9375,0.95,0.8636,1,0.9167,1,1,0.9545,1,1,0.9375,0.9,0.8571,1,1,1,1,0.8571,1,1,1,1,0.95,0.9545,1
"locus4424",0.5909,0.3125,0.5,0.4286,0.3125,0.3333,0.9,0.5,0.6111,0.2143,0.0909,0.25,0.2,0.3571,0.6111,0.4375,0.7778,0.8333,0.5833,0.7778,0.375,0.5,0.5625,0.2778,0.6111,0.5
"locus4425",0.4091,0.125,0.25,0.5,0,0.1667,0.9,0.1111,0.2,0.25,0.1,0.1875,0.2,0.0625,0.0833,0.5,0.25,0.5,0.125,0.2778,0,0.7273,0.5556,0.45,0.3636,0.05
"locus4426",1,1,1,1,0.8889,1,1,1,0.8636,0.9375,0.9545,1,0.95,0.875,0.9167,1,1,1,1,1,1,1,0.9444,1,1,1
"locus4427",0.9091,1,1,0.6818,1,0.9583,1,0.9444,1,1,1,1,1,0.9375,0.9583,0.9,1,1,0.9375,0.75,1,0.9545,1,1,0.9545,1
"locus4428",0.9583,1,1,1,1,1,1,1,0.8636,1,1,1,1,1,1,1,1,1,0.8571,0.7222,1,0.9545,0.95,0.95,1,0.9583
"locus4429",0.8,1,0.9,0.7143,1,0.9167,1,0.8889,0.9545,0.9,0.95,0.9,1,0.8333,0.8182,0.9091,0.9444,1,0.875,1,1,0.8333,0.75,0.8333,1,0.875
"locus4430",0.6875,0.8,0.75,0.625,0.9375,0.75,1,1,0.6111,1,0.875,0.6667,1,0.8571,0.7083,0.9545,0.875,0.8333,0.5714,0.8333,1,0.2727,0.5,0.7778,0.95,0.75
"locus4431",0.8333,0.8125,0.8889,0.75,0.875,0.875,0.1,0.9444,0.7273,0.5714,0.6818,1,0.75,0.7143,0.85,0.2,0.5625,1,0.75,0.75,1,0.875,0.75,0.8333,0.9091,0.8636
"locus4432",0.875,1,1,1,1,1,0.8,1,1,0.9286,0.9091,0.9375,0.75,1,1,1,1,1,0.9375,1,1,1,0.95,1,0.9091,1
"locus4433",0.9583,0.9375,1,1,0.5,1,1,0.5,1,1,1,0.625,1,1,0.9583,1,1,0.6667,1,1,1,0.75,0.9375,0.95,0.9,0.5714
"locus4434",0.7727,1,1,0.9091,0.8333,1,1,0.9444,1,0.9375,0.9545,1,1,0.8125,0.9583,0.95,0.875,0.75,0.9375,1,0.9286,0.9545,1,1,0.7727,0.9583
"locus4435",1,1,1,1,1,1,1,0.7778,1,1,1,1,1,1,0.9167,1,1,1,0.9375,1,1,1,1,0.85,1,0.75
"locus4436",0.2273,0.3333,0.2,0.0625,0,0.4,0,0.1667,0.25,0,0.1667,0.25,0,0.25,0.125,0.2273,0,0.5,0.3,0.3125,0.25,0.3125,0,0.375,0.1667,0.25
"locus4437",0.625,0.875,0.7857,0.55,0.8571,0.6818,1,0.75,0.6667,0.7857,0.8636,0.9,0.8125,0.9286,0.9091,0.9091,0.625,0.8333,0.8125,0.75,0.75,0.3182,0.9286,0.8333,0.8571,0.75
"locus4438",0.7917,1,0.8,0.9091,1,0.8182,0.9,0.8571,0.8,1,1,1,1,0.8125,0.9091,0.9545,0.7778,1,0.75,0.7222,1,0.9545,0.8125,0.7778,0.85,0.9167
"locus4439",0.9167,0.7143,0.95,0.8182,0.7222,0.5909,1,0.9444,0.9545,0.75,0.6111,0.875,0.65,0.9375,0.7917,1,1,1,0.8571,0.9444,0.8571,1,1,0.75,0.8636,0.8636
"locus4440",0.9583,1,0.95,1,0.9444,0.9583,1,0.9375,1,1,0.95,1,0.95,1,0.9583,1,0.8889,1,1,1,0.9286,1,0.9,0.9,1,0.8333
"locus4441",0.625,0.75,0.6667,0.6,0.5714,0.8,1,0.5,0.6667,0.7857,0.9545,0.5714,0.9,0.6429,0.5,0.8636,0.5625,0.5,0.5,0.6875,0.75,0.4444,0.6875,0.7,0.3,0.45
"locus4442",0.6364,0.5833,0.75,0.5,0.4,0.5,0.5,0.6429,0.5625,0.5,0.5714,0.5,0.5556,0.5,0.5,0.4444,0.4375,0.5,0.5,0.5,0.5,0.65,0.5,0.5556,0.4444,0.4
"locus4443",0.7083,0.2857,0.65,0.6,0.2222,0.4583,0,0.3889,0.6818,0.375,0.45,0.5,0.3889,0.625,0.5417,0.1,0.7778,1,0.6875,0.5,0.6667,0.9091,0.7778,0.65,0.65,0.375
"locus4444",0,0.125,0.05,0.0455,0,0.0417,0.3,0.0556,0.0455,0.0714,0,0,0,0.0625,0.0417,0.55,0,0,0,0,0,0,0,0.05,0.0455,0.125
"locus4445",0.5714,1,0.9,0.5,0.6875,0.5,0.6,0.8333,0.95,0.5833,0.35,0.6667,0.1667,0.9167,0.8,0.2857,0.625,NA,1,1,1,0.8333,0.75,0.85,0.5,1
"locus4446",0.0417,0,0,0.1364,0,0,0.3,0,0.0909,0.0625,0,0,0,0.125,0.0417,0.0909,0,0,0.0625,0,0,0,0.15,0.1,0.0455,0.0417
"locus4447",1,1,0.95,1,1,1,1,0.9444,0.8182,1,1,0.9375,1,1,1,1,1,1,0.9375,1,0.9286,1,1,0.9,1,1
"locus4448",1,1,0.95,0.9545,1,0.9167,1,1,0.9091,1,0.9091,0.875,0.95,0.875,0.8333,1,1,0.6667,1,1,1,1,1,0.8125,1,1
"locus4449",1,1,1,1,0.9167,0.625,1,0.8889,1,0.9375,0.8182,1,0.85,1,1,0.9545,1,1,1,1,1,1,1,1,0.9545,0.9583
"locus4450",0,0.1429,0.2222,0,0,0.5,0,0,0.1364,0,0,0,0,0,0.1364,0,0,0,0.1429,0.1875,0,0.375,0,0.15,0.0455,0
"locus4451",1,1,0.95,0.95,1,1,1,1,0.9545,1,1,1,0.95,1,0.9583,0.9091,0.9444,1,1,1,1,1,0.9,0.95,0.9545,1
"locus4452",1,0.8125,1,0.9545,1,0.9583,0.9,1,1,1,0.9545,1,1,1,0.9583,0.8333,1,1,1,1,1,1,0.95,1,1,1
"locus4453",0,0,0.05,0.2273,0,0,0,0,0.0909,0,0,0,0,0,0,0,0,0,0,0,0,0,0.0556,0,0,0
"locus4454",0.625,0.6875,0.75,0.5909,0.6875,0.75,0.9,0.6667,0.7222,0.6875,0.5,0.7857,0.7857,0.6875,0.75,0.8182,0.7222,1,0.8125,0.9444,0.5,0.7,0.7,0.6111,0.6364,0.6364
"locus4455",0.8333,0.9375,0.95,0.7273,0.9444,1,0.9,1,0.9545,0.9375,1,1,0.85,1,0.9091,1,0.875,1,0.9375,1,1,0.9545,0.8889,0.8,0.8,1
"locus4456",0.2273,0,0.15,0.1,0,0.0417,0,0.0556,0.1364,0.0625,0,0.1875,0,0,0,0,0.1111,0,0.1875,0.0556,0,0.0909,0.3,0,0.0909,0
"locus4457",0.95,0.9375,1,0.7,1,1,0.5,1,0.9545,1,1,0.9375,1,0.9375,0.9167,0.55,0.7857,1,1,0.9444,1,1,0.9286,1,0.9545,1
"locus4458",0.9583,0.9375,0.9,1,1,1,1,1,0.9091,1,1,1,1,0.9375,0.8636,1,1,1,0.8333,0.9444,1,1,0.95,0.85,1,1
"locus4459",0.6364,0.5625,0.65,0.5,0.7222,0.5417,0.25,0.8333,0.7727,0.5,0.7778,0.7857,1,0.6875,0.625,0.125,0.5625,0.75,0.5,0.625,1,0.3182,0.6,0.85,0.7,0.8333
"locus4460",0.875,1,0.95,1,1,1,1,1,1,1,1,1,0.9,0.9375,1,0.9545,0.9444,1,1,1,1,0.9545,1,0.95,1,1
"locus4461",0.3,0.125,0.2222,0.25,0,0.0833,0.375,0.125,0.1875,NA,0.1667,0,0.25,0.5,0.2273,0.35,0.6429,0.25,0.3571,0.5,0.125,0.4375,0.4167,0.25,0.5,0.1
"locus4462",0.7222,1,0.95,0.7857,1,0.9583,1,0.8333,1,1,1,0.9375,1,0.8571,0.9583,1,0.7222,0.8333,0.9375,1,0.9286,0.9545,0.8333,1,0.9,0.9167
"locus4463",0.8333,0.7857,0.8333,0.7222,0.9444,0.8333,1,1,0.8889,0.875,0.8125,0.9375,0.9444,0.75,0.8333,0.9091,0.9375,1,0.7857,0.9375,0.9,1,0.9444,0.75,0.95,0.9167
"locus4464",1,1,0.95,1,1,0.9583,1,0.9444,1,0.875,1,0.9375,1,1,1,1,0.8125,1,1,1,0.9286,0.6818,0.85,1,1,1
"locus4465",1,1,1,0.9545,1,0.875,1,1,1,1,1,0.9375,1,0.875,0.9167,1,1,1,0.8125,1,0.9286,1,1,0.85,1,1
"locus4466",0.8333,1,1,1,1,0.9545,1,0.9444,1,1,1,0.9375,1,1,1,1,0.8889,1,1,1,1,0.9545,0.9,1,0.9545,1
"locus4467",0.7,0.9167,0.2857,0.95,0.875,0.95,1,0.8125,0.25,1,0.9,0.875,0.85,0.7143,0.5625,1,1,0.8333,0.4167,0.8333,0.5,0.5625,0.8333,0.5714,1,0.5909
"locus4468",0.6818,0.9375,1,0.8333,1,1,1,1,1,1,1,1,1,0.875,0.9167,0.9545,0.7143,1,1,1,1,0.8889,1,1,1,1
"locus4469",0.85,0.6667,0.5833,0.6111,0.9375,0.9444,1,0.9375,1,1,0.85,0.75,0.9375,0.9167,0.85,1,0.7778,0.8333,0.7143,1,0.8333,0.95,0.8125,0.6875,0.5714,0.9583
"locus4470",1,1,0.95,1,1,0.9583,0.4,1,0.9,1,1,1,1,1,1,0.65,0.8333,1,1,0.8889,1,1,0.95,0.95,0.9545,1
"locus4471",0,0,0.05,0.0909,0.1111,0,0,0.25,0.1364,0,0,0,0,0,0.0417,0,0.5,0.1667,0,0,0.25,0.0455,0.125,0.05,0.125,0.1429
"locus4472",0.9583,0.8571,0.9,1,0.7857,0.5556,1,0.9444,0.9545,1,1,1,1,0.8333,0.9583,1,1,1,0.9375,1,1,1,0.95,0.9444,0.8636,0.7727
"locus4473",0.4583,0.8125,0.9286,0.45,0.8889,0.7778,0.9,0.5714,0.6818,0.7143,0.8636,0.6667,1,0.5714,0.6111,0.9091,0.5,0.5,0.625,0.7778,0.75,0.85,0.55,0.7,0.65,0.75
"locus4474",0.6364,0.9167,0.875,0.9375,1,1,0.9,1,0.5714,0.75,0.95,1,1,0.9375,0.7,0.9545,0.5,0.8333,0.7,0.8333,1,0.8571,0.6429,0.5,0.3333,1
"locus4475",0.7273,1,0.95,0.875,0.9444,1,1,1,1,1,1,0.875,0.95,1,0.9583,1,1,0.8333,0.9375,1,1,0.8182,0.6875,1,0.9444,0.9167
"locus4476",0.9583,0.9375,0.95,1,0.8333,0.75,0.8,0.9444,1,0.7857,0.8182,1,0.875,0.875,0.9583,0.9091,1,1,1,0.8333,0.7857,1,0.95,0.7222,0.95,1
"locus4477",1,0.9167,0.95,1,0.7857,0.8,1,0.875,0.8636,1,1,0.875,0.875,0.9375,0.9583,1,1,0.8333,0.875,1,0.9,1,1,1,0.9545,0.95
"locus4478",1,1,1,1,1,0.9583,0.7,0.9444,1,1,1,1,1,0.875,0.9583,1,1,1,1,0.9375,0.9286,1,1,0.95,1,1
"locus4479",0.2778,0.7857,0.8125,0.5,1,1,0,0.75,0.5,0.1667,1,0.75,1,0.6,0.5909,0,0.25,0.6667,0.5,0.4286,0.9167,0.5,0.25,0.5833,0.6,0.9545
"locus4480",0,0,0,0,0,0,0,0.125,0,0.125,0,0,0,0.0625,0.1667,0,0,0,0.125,0.0556,0.0714,0,0.05,0.05,0,0.0417
"locus4481",0.7143,0.9375,0.8571,1,1,1,0.4,0.9444,0.7273,0.8571,0.9545,0.9286,1,0.5714,0.8,0.55,0.875,0.6667,0.8125,0.625,0.8571,0.9,0.6875,0.7,0.8182,1
"locus4482",0.4583,0.3571,0.25,0.3182,0.25,0.2727,0.6667,0.0556,0.0455,0,0.3182,0.0625,0.4444,0.375,0.2273,0.5,0.375,0,0.25,0.25,0.1429,0.5,0.45,0,0.2727,0.0833
"locus4483",1,0.9375,0.9,1,1,1,1,1,0.9091,1,1,1,1,0.9375,0.9583,1,1,1,1,0.8889,0.9286,0.9545,1,1,0.7273,0.7917
"locus4484",1,1,1,0.9545,1,1,1,1,0.9091,1,1,0.9375,1,0.9375,0.9583,1,0.9444,1,1,0.9444,1,1,0.9,1,0.9545,1
"locus4485",1,0.9375,0.95,0.9091,0.9444,1,1,1,1,0.625,0.9545,1,1,0.9375,1,1,1,1,0.9375,1,1,1,1,1,1,1
"locus4486",0.3571,0.3333,0.3571,0.5,0.9286,0.625,0.5,0.6667,0.5,0.25,0.8889,0.6875,0.8889,0.5,0.4375,0.65,0.5,0.25,0.4167,0.625,0.9,0.4444,0.6875,0.5833,0.3333,1
"locus4487",0.8125,0.875,0.95,0.5833,1,0.8636,0.5,0.8333,0.85,1,0.9091,0.9167,0.95,1,0.9091,0.5,0.625,1,0.875,0.8333,0.7857,0.8333,0.8571,1,0.75,0.75
"locus4488",0.4286,0.3,0.5,0.4444,0.25,0.375,0.625,0.5,0.5,0.2,0.125,0.3571,0.0625,0.4167,0.4545,0.55,0.5833,0.25,0.4167,0.375,0.3,0,0.3333,0.2,0.5714,0.25
"locus4489",0,0.25,0,0,0.5833,0.7,0,0.1111,0,0.0625,0.3889,0.125,0.8889,0,0.0417,0.0455,0,0,0,0,0,0.0455,0.0556,0.05,0.2143,0.2917
"locus4490",0.05,0,0.1667,0.0625,0,0.1667,0,0.25,0.3,0.125,0,0.25,0,0.1667,0.125,0,0.25,0,0.0714,0.0714,0,0.375,0.0556,0.1429,0.3333,0.0625
"locus4491",0.8333,0.9375,1,1,0.9444,1,1,0.9444,1,1,1,1,1,1,1,1,0.8889,1,0.9375,1,0.9286,0.7273,0.9,0.9,0.9091,0.9583
"locus4492",0,0,0.05,0,0.0556,0.0417,0,0,0,0.3,0,0,0,0,0,0.1875,0,0,0.125,0,0,0,0,0,0,0
"locus4493",1,1,1,1,1,0.75,1,1,0.9545,1,0.7727,1,0.85,0.9375,1,1,1,1,1,1,0.8333,1,1,0.9444,1,0.9583
"locus4494",0,0,0,0,0,0,0,0,0,0.125,0.0909,0,0.1,0,0,0.0455,0,0,0.0625,0,0.0714,0,0.05,0,0.0455,0.0417
"locus4495",0.8333,0.9286,0.9,0.7,0.5556,0.9,0.6667,0.5,0.95,0.7,0.9,0.75,0.875,1,0.8889,1,0.8125,1,0.8125,0.9167,0.375,0.5625,0.7,0.8125,0.6429,0.4375
"locus4496",0.9583,0.9286,0.85,0.9091,0.7143,0.6111,1,0.7778,0.9091,1,0.5909,0.9286,0.7778,0.875,0.8636,1,0.9444,1,0.8571,0.9444,0.875,0.9545,0.75,0.875,0.95,0.75
"locus4497",1,1,0.95,1,0.9444,1,1,1,1,1,1,1,0.95,1,1,0.9545,0.9444,1,0.9375,0.7222,1,0.9091,1,1,1,1
"locus4498",0.9583,1,1,1,1,1,1,1,0.9545,0.875,1,1,1,1,1,1,0.8333,0.8333,1,1,0.8571,0.9545,0.75,1,0.9545,1
"locus4499",1,1,0.9,1,1,0.9583,1,1,0.9545,1,1,1,1,1,1,1,1,1,0.9375,1,1,1,0.95,0.9,0.9091,1
"locus4500",1,0.9375,1,1,0.9375,0.875,1,0.75,0.9545,1,1,1,0.95,0.875,1,1,1,1,0.9375,1,0.8571,1,1,1,1,0.9286
"locus4501",0.9167,1,0.95,0.9545,1,0.8333,1,0.8889,1,1,0.8333,1,0.9,1,0.875,1,1,1,0.9375,0.9444,1,1,0.9,1,1,1
"locus4502",0.7727,1,0.95,1,1,1,1,0.9444,0.8636,1,1,0.875,1,1,0.9167,1,0.8571,1,1,0.9444,1,0.9545,1,1,0.9,1
"locus4503",0.9583,1,0.85,1,0.9444,0.875,1,0.9444,0.8636,0.875,1,1,1,1,0.8333,0.9545,1,1,1,1,0.9286,1,1,0.9,0.8636,1
"locus4504",0.125,0.1,0.05,0.0909,0.1875,0.3125,0,0,0,0,0.3125,0,0.0625,0.0625,0,0,0.0556,0,0,0.125,0,0,0.15,0.15,0.2222,0.1111
"locus4505",0.875,0.875,0.95,1,0.8889,0.75,1,1,0.9091,0.9286,1,0.9,0.8125,1,0.9583,1,0.6667,1,0.875,1,0.9286,0.8889,0.8125,1,0.7222,0.9091
"locus4506",0.3182,0,0,0.3889,0,0,0,0.0556,0,0.125,0.0455,0.5,0.05,0.125,0.0417,0.0455,0.25,0.3333,0.1875,0.3889,0.1667,0.85,0.5714,0,0.4545,0.0417
"locus4507",0.9583,1,0.95,0.8636,1,0.9583,1,1,0.9545,1,1,1,1,0.9375,0.7917,1,0.9444,0.6667,0.9375,0.8333,1,1,1,1,0.6364,1
"locus4508",1,1,0.95,1,1,0.9583,1,0.7778,1,1,0.9091,1,1,0.875,1,1,1,1,0.9286,0.9444,1,1,0.95,0.95,1,0.9583
"locus4509",0.5556,0.6,0.4167,0.5,0.7,0.7,0.3,0.5714,0.5556,0.375,0.85,0.6429,0.8,0.5,0.6,0.15,0.625,0.5,0.625,0.5,0.4,0.9,0.7,0.55,0.7,0.8
"locus4510",0.875,1,0.9,1,0.9375,1,1,1,0.9091,1,0.9545,1,1,1,0.9583,1,1,1,1,0.9444,1,1,1,1,1,1
"locus4511",1,1,0.8,1,1,1,1,0.9444,0.9545,0.9375,1,1,1,0.9375,0.75,1,1,1,0.6875,1,1,0.9545,1,1,1,1
"locus4512",1,0.9375,0.95,1,1,0.9583,0.8,1,1,0.9375,1,1,1,1,1,0.9,0.8889,0.8333,1,0.9286,1,1,1,1,1,1
"locus4513",0.4444,0.2143,0.5714,0.5,0.1875,0.2273,0,0.25,0.5,0.4,0.1364,0.3333,0.1,0.3571,0.5417,0.2727,0.5,1,0.5,0.3571,0.5,0.5,0.4375,0.5,0.3,0.35
"locus4514",0.9091,0.6429,0.75,0.75,1,0.7917,0.8,1,0.9,0.5714,0.8182,0.7857,0.875,0.75,0.9167,0.75,0.9286,1,1,1,1,0.8889,0.7778,1,0.75,0.95
"locus4515",1,0.9286,1,0.9545,1,1,1,0.9444,0.9545,1,1,1,1,1,1,1,1,1,1,0.8889,1,0.25,1,0.95,0.9545,0.9167
"locus4516",0.6818,0.5714,0.7778,0.6364,0.4444,0.3182,0.6667,0.2857,0.4,0.4,0.65,0.6429,0.65,0.625,0.5,0.9167,0.7222,0.6667,0.6875,0.3889,0.6667,0.5909,0.7778,0.5,0.45,0.125
"locus4517",0.9583,1,0.95,1,1,1,1,0.9444,0.9545,1,0.9545,0.9375,1,0.875,0.875,1,0.9444,1,0.875,0.9444,1,1,1,1,0.9091,1
"locus4518",0.8333,0.6429,0.6429,0.7222,0.8889,0.9583,0.625,0.875,0.5455,0.5,0.9545,1,0.9,0.5714,0.75,0.625,0.3333,0.25,0.7143,0.8333,0.9,0.5,0.625,0.6875,1,0.875
"locus4519",0.75,1,0.95,0.9545,1,1,1,1,1,1,1,1,1,1,1,1,0.9444,1,1,1,1,0.9545,1,0.9,1,1
"locus4520",0.5,0.5,0.25,0.75,1,0.9167,0.3,0.3,0.1667,0.7143,0.9091,0.8333,0.95,0.7857,0.3333,0,0.4,NA,0.2857,0.25,0.6,0.75,0.8,0.5556,0.7778,0.7857
"locus4521",0.5,0.5,0.5,0.5,0.6667,0.6364,1,0.6667,0.65,0.8333,0.6667,0.875,0.5,0.5,0.6364,0.9545,0.7143,0.5,0.7857,0.7,0.8,0.5625,0.55,0.5,0.5556,0.8
"locus4522",0.6875,0.5714,0.4444,0.5,0.4167,0.6111,1,0.9,0.4545,0.5,0.3889,0.5,0.4444,0.8571,0.4091,0.7222,0.9,0.5,0.5,0.6667,0.6667,0.5,0.7778,0.5,0.7,0.9167
"locus4523",1,0.75,0.95,1,0.875,0.8636,1,0.9444,1,1,1,1,1,1,0.9167,1,1,1,1,1,1,1,0.95,1,0.8636,0.9583
"locus4524",1,1,0.9444,1,1,1,1,1,0.7727,1,1,1,1,0.9375,0.9091,0.95,1,1,0.8571,0.7778,1,1,1,0.9375,0.9091,1
"locus4525",1,1,0.8889,0.9,1,0.9583,1,0.9375,1,1,1,1,1,1,1,1,1,1,0.875,1,1,1,0.95,1,0.9545,1
"locus4526",1,1,1,1,1,1,0.9,0.9444,1,0.9375,1,1,1,1,0.8333,1,1,1,1,0.9444,0.8333,1,0.95,1,1,1
"locus4527",1,0.9375,0.95,0.9545,1,1,1,1,1,1,0.9545,1,0.85,0.8125,0.9583,1,1,1,0.75,1,0.9286,1,0.8,1,1,1
"locus4528",1,0.8,0.9,0.8636,0.8571,0.8,0.9,0.8889,0.9545,0.8571,0.3333,1,0.5,0.9375,0.8333,1,1,1,0.8125,1,1,1,1,1,1,1
"locus4529",0.9583,1,1,1,1,0.875,1,1,1,1,0.8182,1,0.8571,1,1,1,0.8889,1,1,1,1,1,1,0.95,0.8636,1
"locus4530",0.9091,0.0833,0.7,0.4444,0,0.125,0.8333,0,0.7143,0.5,0.0909,0.5,0,0.6,0.6667,0.9286,0.8125,1,0.625,0.6,0.625,1,0.5,0.6,0.6,0
"locus4531",0.65,1,1,1,1,1,1,1,1,1,1,1,1,1,1,1,0.9444,1,1,1,1,0.4286,1,1,0.9545,1
"locus4532",0.1,0.2143,0.15,0.0909,0,0.1667,0,0.1111,0.1364,0.0625,0,0.125,0,0.0714,0,0,0,0,0.0625,0,0.1429,0,0,0.25,0,0.0417
"locus4533",1,0.8333,1,1,0.3571,0.45,1,0.8571,1,1,0.2222,1,0.5,1,0.9167,1,1,1,1,0.8333,0.9167,0.9545,0.8,1,0.7857,0.8333
"locus4534",0.375,0.6667,0.5714,0.75,0.7,0.8333,1,0.4286,0.4444,0.5,0.7857,0.8,0.7857,0.5,0.4444,0.125,0.5,1,0.5,0.4286,0.6667,0.5,0.6667,0.8125,0.5714,0.7857
"locus4535",0,0.0625,0.05,0,0.25,0.1111,0,0,0,0,0.0556,0.125,0.1875,0.0625,0,0,0,0,0.1875,0,0,0,0.05,0,0.0455,0.1111
"locus4536",0.2083,0.25,0.3,0.3636,0.3889,0.3,0.375,0.5,0.05,0,0.1818,0.1,0.2,0.3571,0.25,0.0455,0,0,0.3333,0.0556,0.125,0.0455,0.125,0,0.35,0.4167
"locus4537",0.9583,0.9375,0.8,0.9,0.9,0.875,1,0.8125,0.8636,1,0.85,0.875,0.8333,1,0.8333,0.9545,1,1,0.8125,0.9444,0.8,0.9545,1,0.9444,0.9545,0.75
"locus4538",0.9583,0.875,1,0.9545,0.4444,0.7,1,0.3125,0.9091,0.9375,0.9444,0.625,0.9375,1,0.9545,1,1,0.6667,0.9286,0.9444,0.7,0.9091,0.8889,0.95,0.8636,0.3333
"locus4539",0.7917,0.6667,0.95,0.85,0.6,0.6818,1,0.6111,0.8182,0.875,0.2727,0.7143,0.375,0.8125,0.75,0.8182,0.9444,0.8333,0.75,0.8333,0.5833,0.9545,0.95,0.85,0.6364,0.625
"locus4540",0.9545,0.875,0.95,0.8636,1,1,1,1,0.9545,1,0.9545,0.9375,1,1,0.9167,1,1,1,1,0.8333,0.8571,1,1,0.95,0.9091,1
"locus4541",0.7727,0.6429,0.85,0.8,1,0.8333,0.6,1,0.8182,0.5625,0.9091,0.6875,0.9444,0.7857,0.875,0.75,0.5714,0.75,0.7857,0.6111,1,0.8333,1,0.8125,0.8333,0.9167
"locus4542",0.4091,0.5833,0.625,0.4444,0.625,0.55,0,0.3571,0.5,0.5,0.8889,0.5,0.75,0.4167,0.8571,0.0455,0.4286,0.5,0.5833,0.375,0.5,0.1875,0.5,0.5,0.5,0.5
"locus4543",0.8636,0.9375,0.95,0.7727,0.7778,0.9167,1,1,0.9091,0.8571,0.9091,1,1,0.875,1,0.8,0.8333,0.8333,1,0.7222,1,0.9545,0.9,0.8889,1,1
"locus4544",0.25,0.3125,0.35,0.3636,0.5,0.4583,0,0.4375,0.5,0.4375,0.6364,0.4375,0.6,0.3125,0.4583,0,0.4444,1,0.4286,0.2222,0.5714,0.2727,0.3,0.2,0.3,0.1364
"locus4545",0.5833,0.5714,0.8,0.55,0.3125,0.7727,0,0.7222,0.6818,0.375,0.5,0.7143,0.5,0.5,0.8333,0.05,0.5625,0.5,0.8571,0.7857,0.7857,0.5909,0.65,0.5556,0.7,0.8333
"locus4546",0.8636,1,0.95,0.8,1,0.9583,0.3333,1,0.85,1,1,1,1,0.8125,0.8636,0.5556,0.9444,0.8333,0.875,0.875,1,0.9545,0.95,0.8,0.95,1
"locus4547",1,1,0.95,0.8636,1,1,1,1,1,1,1,1,1,1,1,1,0.8889,1,0.9375,1,1,1,0.9,0.95,0.9091,1
"locus4548",0.8,0.5,0.4286,0.8571,0.75,0.7222,1,0.7,0.6111,0.8,0.6667,0.5,0.6667,0.6667,0.5625,1,0.5,1,0.1667,0.5714,0.6,0.9091,0.7143,0.4,0.85,0.6429
"locus4549",1,1,1,0.9091,1,1,1,0.8889,1,0.9375,0.9545,1,1,0.9375,0.6667,1,1,0.8333,0.7857,0.8333,0.6429,0.9545,1,0.4,1,1
"locus4550",0.875,0.625,0.6667,0.6364,0.5625,0.6818,1,0.7778,0.8636,0.6875,0.5909,1,0.6875,0.8125,0.6364,0.9545,0.875,0.8333,0.5714,0.8889,1,0.9091,0.7222,0.7857,0.6364,0.85
"locus4551",1,1,1,1,1,1,0.7,0.8889,0.8182,1,1,1,1,0.8125,1,0.85,1,1,1,1,1,1,1,1,1,1
"locus4552",1,0.8571,0.95,1,0.6667,0.7727,1,0.9444,1,0.9286,0.9091,1,0.95,1,0.9091,0.9545,1,1,1,1,0.9286,0.85,1,1,0.9091,0.9545
"locus4553",0.7273,0.5,0.4444,0.5,0.6667,0.7778,0.25,0.4167,0.5,0.5833,0.9375,0.6429,0.8333,0.75,0.5,0.65,0.6667,0.5,0.3333,0.7143,0.3333,0.6875,0.6,0.6,0.7143,0.3889
"locus4554",0.95,0.7857,0.5556,1,0.8889,1,NA,1,0.6364,1,1,1,1,0.8333,0.6818,1,0.8571,1,0.4286,0.3125,1,1,1,0.8333,0.85,0.9583
"locus4555",0.35,0.375,0.5,0.0909,0.7143,0.3333,0.2,0.3125,0.2222,0.25,0.35,0.1,0.5625,0.1,0.2917,0.3636,0,0.5,0.4167,0.25,0.1,0.4545,0.1111,0.2,0.2143,0.35
"locus4556",0.2917,0.7857,0.4,0.25,1,0.9583,NA,0.875,0.5455,0.8125,1,0.5714,1,0.5,0.5909,NA,0.6429,0.5,0.7857,0.25,0.4167,0.2143,0.5833,0.75,0.5,1
"locus4557",1,1,1,1,0.9444,0.9167,1,0.9375,1,1,1,1,1,1,1,1,1,1,1,1,0.7143,1,1,1,1,0.9167
"locus4558",1,0.8125,1,0.7273,0.8889,0.9583,1,0.9444,1,1,0.6364,0.875,0.7,1,1,1,1,1,1,1,1,1,1,1,0.9545,0.9583
"locus4559",0.5,0.6429,0.2778,0.65,0.5,0.5,0,0.5,0.45,0.4167,0.625,0.5,0.55,0.6875,0.4583,0.1429,0.6875,1,0.5714,0.5,0.4167,0.8,0.5,0.6667,0.5556,0.6
"locus4560",0.9167,0.9375,1,1,1,1,0.7,1,1,1,1,0.875,1,1,1,0.8333,1,1,1,0.9444,1,0.9545,0.95,1,1,1
"locus4561",0,0,0.15,0,0,0,0,0,0.0455,0.0625,0.0455,0,0,0,0.1818,0,0,0,0.0625,0,0,0,0,0.2,0,0
"locus4562",0.0909,0.8333,0.5,0,0.6667,0.75,0,0.8125,0.2143,0.3,0.8636,0.75,1,0.5,0.65,0.0455,0,0.1667,0.6,0.3571,0.75,0.0455,0.1429,0.5,0.6,0.75
"locus4563",0.0417,0.25,0.05,0.0455,0.625,0.5,0.1,0.1111,0.05,0,0.65,0,0.8125,0,0.125,0.1364,0.0556,0,0.0625,0,0.2143,0,0.2,0.25,0.3182,0.2273
"locus4564",0.3889,0.5,0.4286,0.5,0.4167,0.45,0,0.3333,0.2222,0.5,0.7143,0.4167,0.625,0.3333,0.45,0.4286,0.2,0.5,0.25,0.2778,0.6667,0.7,0.7,0.5,0.4,0.5
"locus4565",1,1,1,1,1,1,1,1,0.8182,1,1,1,1,0.875,1,1,0.75,1,1,0.9444,1,1,1,1,1,0.9583
"locus4566",0.95,0.9375,1,1,1,0.9583,1,1,1,1,0.6667,0.9375,0.9,1,0.9583,1,0.8889,1,0.9375,1,1,1,1,0.95,1,0.9583
"locus4567",1,0.8333,1,0.9091,1,0.9167,1,1,1,0.75,0.9545,1,0.85,0.9375,1,1,1,1,1,1,1,0.9545,0.95,0.7778,1,1
"locus4568",1,1,1,1,1,1,1,0.9444,1,1,0.9545,0.9375,1,1,0.9545,1,1,0.8333,1,1,0.9167,0.45,1,0.95,1,0.5455
"locus4569",1,0.875,1,1,1,1,NA,1,1,1,1,1,0.8,1,1,1,1,1,0.9375,0.7778,1,1,1,1,1,1
"locus4570",1,0.75,1,0.9545,0.6875,0.75,1,1,1,1,0.7778,1,1,0.875,0.9583,1,1,1,1,1,1,1,0.7,1,0.9545,0.9583
"locus4571",1,0.875,0.9,0.9091,1,0.9583,1,0.8125,0.7727,0.9375,1,0.75,1,0.7143,0.7917,1,0.9375,0.6667,0.75,0.9444,0.7857,0.9091,0.9,0.8125,0.9091,0.85
"locus4572",1,1,0.9,1,1,1,1,1,0.7727,1,1,0.875,1,0.9375,0.9167,1,0.8889,1,0.9286,0.8333,1,1,0.95,1,1,1
"locus4573",1,0.9375,0.9,1,0.7778,0.8333,1,1,0.8182,1,0.9545,1,1,0.8125,0.9583,0.9545,1,1,0.875,0.7778,1,1,0.95,1,1,1
"locus4574",0.9583,0.9375,1,1,1,1,0.5,0.8333,1,1,0.9545,1,1,1,1,0.6111,0.9444,1,1,0.9444,1,1,1,0.95,1,1
"locus4575",1,0.6875,1,0.75,1,0.9167,1,1,1,1,0.9545,1,1,1,1,1,1,1,1,1,1,1,0.95,0.8889,0.9545,1
"locus4576",0.1364,0,0,0,0,0,0.125,0.0556,0.2273,0.1667,0.0455,0.0625,0.05,0.1875,0.1364,0.5714,0.1111,0,0.0714,0.2857,0,0.2,0.05,0.2222,0,0
"locus4577",0.0417,0,0.1,0.0909,0.2222,0.0833,0,0.1111,0.0455,0,0.0455,0.0625,0,0.0714,0,0,0,0,0.125,0,0.2143,0.0455,0,0,0,0.1667
"locus4578",0.7727,0.9375,0.85,0.5,1,0.9167,1,1,0.8182,1,0.9545,0.9375,1,0.8571,0.9,0.9545,0.7778,0.8333,0.875,0.9444,1,0.5556,0.8333,0.9,1,0.9091
"locus4579",1,0.9375,1,1,0.8889,0.875,1,1,1,0.9375,0.9375,1,0.75,1,1,1,1,0.8333,1,1,1,1,1,1,1,0.9583
"locus4580",0.9167,1,1,0.8636,1,0.9583,1,1,1,1,1,1,1,1,1,1,1,0.8333,1,1,1,0.9545,0.95,1,0.9091,0.9167
"locus4581",1,0.9375,1,1,1,1,1,1,1,1,1,1,1,1,1,0.9545,1,1,1,1,1,0.3333,1,1,0.8636,0.9583
"locus4582",1,0.875,0.8125,0.9545,1,0.9583,1,1,1,0.875,0.9545,1,1,0.5714,0.8182,1,0.9444,1,0.8571,0.9444,1,1,1,0.8333,1,1
"locus4583",0.5625,1,0.8889,0.75,0.9444,1,0.625,0.9444,0.9286,1,0.9091,0.8,1,0.8,0.9583,0.5625,0.5,0.75,0.9167,0.8571,1,1,0.6667,0.75,0.9286,0.9583
"locus4584",0.85,1,0.9444,0.9091,0.875,0.3571,0.25,0.9375,0.8333,0.5,0.6429,1,0.5,0.75,0.9583,0.2857,0.7857,1,0.9167,0.8333,1,0.95,0.9167,1,0.875,1
"locus4585",0.8182,0.9375,0.8,1,1,0.9583,0,1,0.8636,0.7143,0.8636,0.9375,0.9,0.875,0.9583,0.0455,0.7857,1,1,0.8125,1,1,0.8889,0.95,0.8,1
"locus4586",1,1,0.95,1,0.9444,1,1,1,1,0.9375,1,0.875,1,1,0.8333,1,0.8889,1,1,1,0.8571,1,0.95,0.95,0.8636,0.875
"locus4587",1,0.875,1,1,1,0.9167,1,1,1,1,1,0.9375,1,0.9375,0.9545,1,1,1,0.75,0.9444,0.9286,0.9545,1,0.9,0.9545,1
"locus4588",0.875,0.9167,0.8571,0.6875,0.9,0.9,1,0.9375,0.85,0.9,0.5455,0.4286,0.5,0.6667,0.75,1,0.9444,1,1,0.9375,0.5,0.9545,0.9444,0.7778,0.95,0.95
"locus4589",0.8,1,1,0.7857,1,0.9167,0.875,1,0.7273,0.9,1,1,0.95,0.625,0.875,0.7727,0.6875,0.8333,0.8571,0.6875,1,0.75,0.9444,0.95,0.9375,0.9583
"locus4590",1,0.9167,0.75,1,0.5,0.5,1,0.5,1,1,1,0.9167,1,0.9167,0.875,1,0.8889,1,0.9,1,0.9,0.9545,1,0.8571,0.75,0.5
"locus4591",0.9583,1,0.95,0.95,1,0.9091,1,1,1,1,1,1,1,1,0.9167,1,0.9444,1,0.7857,0.8333,1,1,0.95,0.95,1,1
"locus4592",0.9167,0.9375,1,0.9091,1,1,1,1,0.9545,1,1,1,0.9,1,0.8182,1,0.9444,1,1,1,1,0.95,1,1,1,1
"locus4593",0.875,0.9375,0.9,0.9444,0.7,0.5833,1,1,0.8,0.875,0.9091,1,0.95,0.9375,0.8333,0.95,0.6667,0.6667,0.875,0.9444,1,0.6667,0.9,0.9,0.75,0.7727
"locus4594",0.375,0.3125,0.25,0.1667,0.375,0.5,NA,0.375,0.0714,0.375,0.3636,0,0.4286,0,0.05,0,0.4167,0,0.375,0.1667,0.1,0.0455,0.1875,0,0.1667,0.1875
"locus4595",0.2778,0.5,0.75,0.5,0.9375,0.9,0.125,0.8125,0.3125,0.7857,0.8,0.5833,0.95,0.4,0.7222,0.3889,0.2857,0.3333,0.5,0.5714,0.875,0.0455,0.5,0.5625,0.5,0.75
"locus4596",0.875,0.8125,0.7778,0.9,0.7778,0.9583,1,0.625,0.8889,1,1,0.75,1,0.75,0.75,1,1,0.8333,0.875,0.8889,0.5714,0.9091,0.7222,0.8,0.8636,0.7727
"locus4597",0.2222,0.7,0.3,0.1818,0.3571,0.65,0,0.1667,0.1818,0.3,0.9,0.2,1,0.2857,0.4,0.2,0.3889,0,0.3125,0.3125,0.125,0.0455,0.2222,0.0625,0.3889,0.3182
"locus4598",0.85,0.875,1,1,1,1,1,0.9444,1,0.8125,1,1,1,0.5,1,0.9545,0.8889,1,0.9375,0.625,1,0.7727,0.6,0.6111,0.9,0.9583
"locus4599",0,0.3333,0.3,0.2,0.2,0.1,0,0.1429,0.15,0.25,0.35,0.0714,0.5714,0,0.25,0.3125,0.1111,0,0.25,0,0.4,0.2,0.0625,0.15,0.125,0.3
"locus4600",0.875,0.875,0.95,0.9545,1,0.9583,1,1,1,0.9286,1,1,1,0.8125,1,0.7273,0.9444,1,0.8571,1,0.9286,1,1,0.95,0.9091,1
"locus4601",0.9167,1,1,0.9091,1,1,1,1,1,0.9375,1,1,1,1,0.9583,1,0.8333,1,1,0.8889,1,1,1,0.95,1,1
"locus4602",0.8636,1,0.8333,1,1,0.9167,1,0.9444,0.8636,0.9375,0.95,1,1,1,0.7083,0.9545,0.9444,1,0.875,1,1,1,0.85,0.9,1,1
"locus4603",0.2778,0.5,0.3,0.0556,0.125,0.1875,0.2,0.1,0.3125,0.3333,0.85,0,0.7143,0.5,0.2,0,0.0833,0.1667,0.25,0.3333,0,0.0909,0.1429,0.3333,0.2,0.3
"locus4604",0.9583,1,1,0.8182,1,1,1,1,1,1,1,0.875,1,1,1,1,1,1,0.9375,1,0.9286,0.8636,0.95,0.9444,1,1
"locus4605",0.2083,0.6429,0.2143,0.2,0.5625,0.4,0,0.5,0.1818,0.0714,0.1818,0.1,0.1875,0.1,0.45,0.0909,0.0556,0,0,0.0625,0.0833,0.0455,0.1111,0.1429,0.3,0.4
"locus4606",1,1,0.95,1,1,1,1,1,0.8636,1,0.8636,1,1,0.9375,0.875,1,1,1,0.6875,1,0.8571,1,1,0.75,1,1
"locus4607",1,1,0.9,1,1,0.875,1,0.8889,0.9545,1,1,1,0.95,1,0.9583,1,1,0.8333,1,1,1,0.9545,1,0.9,0.9545,0.9091
"locus4608",0.8333,0.7857,1,0.9545,1,1,1,1,0.8333,1,0.9091,1,0.8,1,0.8125,1,1,0.75,0.75,0.8333,0.8,0.8333,0.75,0.75,0.9545,1
"locus4609",1,0.9375,1,1,1,0.9583,1,1,1,1,0.9545,0.875,1,1,0.9091,1,1,0.8333,1,0.9444,0.9286,1,1,0.95,0.9545,0.9167
"locus4610",0.75,0.3,0.6667,0.7222,0.2143,0.4583,1,0.5625,0.6111,0.5,0.35,0.7,0.125,0.5,0.6364,0.6818,0.8889,0.6667,0.7143,0.6667,0.4167,0.6364,0.9286,0.85,0.75,0.3889
"locus4611",0.125,0.25,0.25,0.0455,0,0.25,0,0.1667,0.1667,0,0.05,0.125,0.05,0.25,0.2273,0,0.0556,0,0.25,0,0.1667,0.0909,0.05,0.2222,0,0.1364
"locus4612",1,1,1,1,0.9444,1,1,0.7857,0.9545,1,1,0.875,0.95,1,1,1,1,1,1,1,0.4286,1,1,1,0.9091,0.5
"locus4613",1,1,1,1,1,0.9167,1,1,0.9545,0.875,1,1,1,1,1,0.7857,1,1,1,1,1,1,0.9,0.95,0.9545,0.9583
"locus4614",0.2778,0.4286,0.4167,0.15,0.3333,0.6,0.875,0.5556,0.3636,0.4375,0.875,0.7857,0.9,0.3,0.3333,0.5,0.0833,0,0.5,0.5,0.8,0,0,0.4286,0.2222,0.2727
"locus4615",1,1,0.95,1,1,0.9091,1,1,1,0.9375,0.8636,0.875,0.8333,0.9375,1,1,1,1,1,1,0.9286,1,0.95,0.9,1,1
"locus4616",1,0.875,0.9,0.9545,0.5,0.9545,1,0.6429,1,0.9375,0.9444,0.9,0.9,0.9375,0.9583,1,1,0.8333,0.875,1,0.875,1,0.95,0.95,0.8,0.4444
"locus4617",0.4545,0.5,0.4,0.85,0.6875,0.5,0.25,0.5556,0.5455,0.5625,0.45,0.8,0.6429,0.5,0.5417,0.3,0.5,0.5,0.5,0.625,0.6667,0.2273,0.85,0.4444,0.35,0.625
"locus4618",0.625,0.8571,0.9,0.9444,0.7857,1,1,0.8125,0.7143,0.8333,1,0.8571,1,0.8571,1,1,0.5,1,0.9,0.8333,0.8333,0.5,0.5714,0.875,0.75,0.75
"locus4619",0.8,0.75,0.7222,0.85,0.6667,0.6,1,0.75,0.95,1,0.75,0.8,0.6667,1,0.7778,1,0.8333,1,0.75,1,0.8,0.875,1,0.8125,0.8,0.6111
"locus4620",0.8182,1,1,1,1,1,1,1,1,1,1,1,1,0.9375,0.9167,0.9545,0.8333,1,1,0.9444,0.9286,0.9091,1,1,1,0.9167
"locus4621",0.875,0.9375,1,1,1,0.75,1,1,1,1,0.9545,1,1,1,1,1,1,0.8333,0.9375,1,0.9286,1,0.95,0.95,0.9091,0.9167
"locus4622",0.9091,0.9375,0.8333,1,0.9444,0.875,0.2,1,0.7,0.8333,0.9545,1,1,0.8125,0.9167,0.0909,1,1,1,0.7222,1,0.8182,1,1,0.8636,1
"locus4623",0.0833,0,0.05,0,0,0,0,0,0,0,0.0455,0.0625,0,0.1875,0.0833,0,0,0.1667,0.0625,0.0556,0.0714,0,0.05,0.15,0.1818,0.0417
"locus4624",1,0.875,0.95,0.9545,0.8333,0.875,1,1,0.9545,1,0.9545,0.9375,1,0.75,0.7917,1,1,1,0.9375,0.8333,0.9167,1,0.95,1,0.9545,0.7917
"locus4625",0.8333,0.7,0.8125,0.8333,1,0.875,1,0.75,0.8,1,1,0.7857,0.875,0.7143,0.8333,1,1,0.8333,0.7857,0.875,0.8,0.9545,0.8,0.7778,0.95,0.9444
"locus4626",0.9583,1,1,1,1,1,0.8,1,0.9091,0.9286,1,1,1,1,1,0.7727,0.6111,0.8333,0.9375,0.8125,1,1,1,1,1,1
"locus4627",0.4583,0.6667,0.1875,0.6667,0.6667,0.5833,0.3333,0.5556,0.4545,0.5,0.65,0.5833,0.625,0.5833,0.4091,0.5625,0.2778,0.5,0.25,0.5556,0.5,0.55,0.4444,0.5,0.7273,0.3182
"locus4628",0.0833,0.1875,0.05,0.1429,0,0.125,0,0.2222,0.0455,0,0.0455,0.1,0,0,0.0833,0,0.1667,0,0.1429,0.1111,0.1429,0.1667,0,0.2,0.0455,0.125
"locus4629",0.5,0.125,0.6667,0.4444,0,0,0,0.6429,0.7,1,0,0.4286,0,0.25,0.2727,0,0.5833,0,0.4167,0.3571,0.5,0.75,0.5625,0.5625,0.3636,0.6
"locus4630",0.9167,0.75,0.9286,1,0.8889,0.7917,1,0.875,0.7143,0.8333,0.75,1,0.7143,0.5833,0.7778,1,1,1,0.5714,0.9444,1,0.875,0.8,0.85,0.8889,0.9
"locus4631",0.25,0.125,0.7,0.05,0,0,0,0.1111,0.1429,0,0.0909,0,0,0.4,0.25,0,0.1667,0.5,0.1667,0.0714,0.1,0.05,0.0556,0,0.0909,0
"locus4632",1,0.9375,0.85,1,1,0.9545,1,0.8889,0.9091,0.8125,1,0.9375,1,1,1,0.8182,1,1,0.9375,0.8333,1,0.9091,0.95,0.7,0.85,0.875
"locus4633",0.9167,0.5714,0.75,1,0.8333,0.65,1,0.9444,0.8182,0.9,0.4375,0.875,0.0556,0.8571,0.8636,1,1,1,0.8571,0.9444,1,0.9545,0.95,0.8333,0.9545,0.9545
"locus4634",0.9545,0.9375,1,0.9091,1,0.9583,1,0.8889,1,0.9375,1,0.9375,0.9444,1,0.9545,1,1,0.8333,0.9375,1,1,0.9545,1,0.95,1,0.9167
"locus4635",1,0.9375,1,1,1,1,1,0.8333,1,1,0.9,0.875,1,1,1,1,0.9444,1,1,1,0.8571,1,1,0.9444,0.9545,0.875
"locus4636",0.9583,1,0.95,0.8182,0.9444,1,0.6667,0.7222,1,1,1,0.9375,0.95,1,0.875,0.8333,1,1,0.875,1,1,0.9545,0.85,1,1,0.9167
"locus4637",1,1,0.85,0.8182,0.8889,1,1,0.9444,1,1,1,1,1,0.875,0.9091,1,0.9444,1,1,0.8889,0.9167,1,1,0.8,0.9545,0.8333
"locus4638",0,0.0833,0.1667,0,0.5,0.2143,0,0.5,0.2,0.1429,0.05,0.375,0.0833,0.25,0.25,0.0455,0.1111,0,0.2,0.2,0.5,0.0455,0.0556,0.0556,0.2143,0.4375
"locus4639",0.875,0.9375,0.95,0.9545,1,1,0.5,1,1,0.625,0.9545,1,1,0.9375,1,0.5,0.9375,1,1,0.9444,1,1,0.8,1,0.95,1
"locus4640",0.9583,0.375,0.6429,0.7778,0.1,0.7778,1,0.7143,0.7273,1,0.5625,0.9167,0.75,0.875,0.7143,0.9545,0.9444,1,0.7143,0.75,1,0.9545,0.95,0.7222,0.95,0.7778
"locus4641",0.8636,0.875,1,0.85,1,1,1,1,1,1,1,0.9375,1,1,0.9583,1,1,0.6667,1,1,1,0.75,1,0.95,1,0.875
"locus4642",0.9167,0.875,0.8889,0.6818,0.7857,0.9,1,0.8125,1,0.9,0.6667,0.9286,0.9167,0.6875,0.8333,1,0.8889,0.8333,0.9167,0.8333,0.7143,1,0.85,0.65,0.8182,0.85
"locus4643",0.1364,0,0.3125,0.3125,0.2778,0.1364,0,0.5,0.25,0,0.1,0.5,0.1875,0.125,0.3636,0,0.0714,0.25,0.2143,0.1875,0.5,0.0909,0.1875,0.5,0.2,0.5714
"locus4644",0.9583,0.8125,1,0.9091,1,0.9167,0.9,1,0.9545,0.8125,0.8333,0.9286,0.75,0.8125,0.8333,0.8636,0.7778,1,1,1,1,0.9091,0.95,0.9,0.9545,1
"locus4645",0.6667,0.9167,0.6111,0.7222,0.8889,1,1,0.9444,0.5625,0.8125,0.8636,0.9167,1,0.75,0.6364,1,0.75,0.5,0.5625,0.75,1,0.5909,0.625,0.75,0.9091,0.9167
"locus4646",0.2917,0.5,0.1,0.1667,0.25,0.6111,0.3,0.3,0.1364,0.25,0.4,0.125,0.3889,0.2857,0.0909,0,0.5,0.1667,0.2857,0.3571,0.4167,0,0.2778,0.05,0.1429,0.7222
"locus4647",0.3636,0,0.1667,0.2778,0,0.0417,0,0.0556,0,0.0625,0,0,0,0.0714,0.0833,0.1111,0.6429,0.25,0.1875,0.3125,0,0.6818,0.2778,0.35,0.3636,0
"locus4648",1,0.9375,1,1,0.8889,1,1,0.8889,1,1,1,1,1,1,1,1,1,1,1,1,1,0.9545,1,0.9,1,0.875
"locus4649",0.9167,1,1,1,0.9375,0.7917,1,1,1,1,1,1,1,0.9375,0.9583,1,0.9444,1,1,1,1,1,0.95,1,1,1
"locus4650",0.0417,0.25,0,0,0.625,0.4583,0.1,0.4375,0.0455,0.1429,0.2,0,0.1667,0.0625,0.1818,0.3125,0.0556,0,0.1429,0.0556,0,0.0455,0.15,0.2143,0.0714,0.7778
"locus4651",0.9545,1,1,0.9545,1,0.75,0.5,0.9286,0.9545,0.9286,0.9167,0.8125,0.75,1,1,0.45,1,0.8333,1,0.9444,1,1,1,0.8889,0.85,0.9091
"locus4652",0.7917,1,0.9,0.7727,1,1,1,1,0.8182,1,1,0.9375,0.95,0.9286,0.875,1,0.8889,1,1,0.75,1,1,0.9286,0.85,0.6818,1
"locus4653",0.9167,1,0.95,1,1,1,1,1,0.9545,0.9286,1,1,1,1,1,0.8333,1,1,1,0.8333,1,1,1,0.95,1,1
"locus4654",1,0.9375,1,1,1,1,0.7,1,1,0.8125,0.9545,1,1,0.9375,0.9583,1,0.9444,1,1,0.8333,1,1,1,1,1,1
"locus4655",1,0.9375,1,0.9545,0.9444,0.9583,1,1,1,1,0.85,1,0.8,1,1,1,1,1,1,1,1,0.9545,0.95,1,0.9091,0.7727
"locus4656",0.9091,1,0.9286,1,1,0.9091,1,1,0.9,0.875,0.9091,1,0.95,0.9286,0.8333,1,0.9444,1,0.8,0.8889,1,1,0.95,0.6667,1,0.9167
"locus4657",0.8125,0.5833,0.8571,0.9,0.5556,0.5833,1,0.6875,0.75,0.9375,0.7727,0.8571,0.75,0.8333,0.75,0.9545,1,0.75,0.875,0.9286,0.625,0.5455,0.8333,0.7857,0.5909,0.5833
"locus4658",0.125,0.2143,0.375,0.0455,0,0.25,0,0.3333,0.5,0,0.5,0.2,0.5833,0.1875,0.3182,0.05,0.1111,0.3333,0.2857,0.125,0.25,0.0455,0.0556,0.2,0.0625,0.0833
"locus4659",0,0.0625,0,0,0,0,0,0,0,0,0,0,0,0,0,0.05,0,0,0,0,0,0.1364,0.05,0.05,0,0.125
"locus4660",1,0.9167,0.95,0.9545,1,0.9167,1,0.9444,0.9545,0.9375,0.9375,1,0.625,0.9375,0.9167,1,1,1,1,1,1,0.8636,1,1,0.9545,0.9167
"locus4661",0.875,1,1,1,1,1,1,1,1,1,1,1,1,0.875,1,1,1,1,1,1,1,0.9545,1,0.95,0.9091,0.9091
"locus4662",0,0,0.1,0,0.5,0,0,0.6667,0.0455,0.0625,0.25,0,NA,0,0.125,0,0,0,0.0714,0,0.25,0.0455,0.05,0.05,0,0.7273
"locus4663",0.125,0.1875,0.25,0.0909,0,0.1818,0,0,0.0455,0,0.1364,0,0.1111,0.1875,0.0455,0,0,0.1667,0.0625,0.1111,0.1429,0,0.05,0.25,0.0455,0.0417
"locus4664",1,1,1,1,1,1,1,1,1,1,0.9545,0.875,1,1,1,1,1,1,0.9375,0.7778,1,0.9545,0.95,0.95,1,1
"locus4665",0.0417,0.125,0.05,0,0,0,0,0,0.05,0,0.0455,0.0625,0.1,0,0,0,0.0556,0,0.0625,0.0625,0,0,0.05,0,0.0909,0
"locus4666",1,1,1,0.9545,0.9444,0.9583,1,0.9444,1,0.75,1,0.9375,1,1,0.9583,1,1,1,0.875,0.8889,1,1,1,0.95,0.9545,1
"locus4667",1,1,0.95,1,1,1,0.9,1,0.9,1,0.9545,1,0.95,1,1,0.9,1,1,1,0.7778,1,1,0.95,1,0.9545,1
"locus4668",0.9583,0.9286,1,0.9091,1,0.9167,1,0.9444,1,0.9286,1,1,1,1,0.9583,0.9545,1,1,0.9375,0.9444,0.8571,0.9091,1,0.95,1,0.9583
"locus4669",1,0.9375,0.95,1,1,0.875,1,0.9444,1,1,1,1,1,1,1,1,1,0.8333,1,1,0.9286,0.8,0.95,0.95,0.95,1
"locus4670",0.9545,1,0.85,0.9545,0.8889,1,1,1,0.9545,1,0.6818,1,0.95,1,0.9583,1,1,1,0.75,0.9444,1,0.9545,1,0.85,0.9091,0.875
"locus4671",1,1,1,1,1,0.8636,1,1,1,1,0.9091,1,0.85,1,1,1,1,1,1,1,1,1,1,1,0.9545,1
"locus4672",0,0.0625,0,0,0,0,0.25,0,0.1364,0.0625,0,0,0,0.125,0,0,0.1111,0.1667,0,0.2778,0,0,0,0,0.05,0.0417
"locus4673",0.9167,1,1,0.7,0.9,0.95,0.9,0.75,1,0.875,1,1,1,0.875,0.9583,0.9545,1,1,1,0.8889,0.7,0.8182,0.85,0.95,1,0.9
"locus4674",1,0.9375,0.8125,1,0.9444,0.75,1,0.8333,0.9,1,0.9091,0.875,0.7778,0.875,0.85,1,1,1,0.8333,1,0.9167,1,0.95,0.9286,1,0.9583
"locus4675",0.9583,1,0.95,0.85,1,1,1,1,1,1,1,1,1,0.9286,1,1,1,0.8333,1,0.9444,1,1,0.85,0.9444,1,1
"locus4676",0.5714,0.9286,0.9444,0.6875,0.9444,0.875,0.375,0.7778,0.7,0.8571,1,1,1,0.75,0.8333,0.35,1,0.6667,0.5714,0.75,0.9167,0.5,0.625,0.7778,1,0.9091
"locus4677",0.625,1,1,0.9375,1,1,0.5,0.8889,0.95,0.8571,0.9091,0.9,1,0.8571,0.875,0.2778,0.5,1,1,0.75,1,0.95,0.9375,0.95,0.8125,0.9545
"locus4678",0.2727,0,0,0.1111,0,0,0,0,0.0455,0,0,0.0714,0,0.0625,0,0,0.1111,0,0.0625,0.1111,0,0.5909,0,0,0.1667,0.0417
"locus4679",1,0.875,0.5,0.95,0.875,0.7727,1,0.5556,0.7222,1,0.9444,0.7143,0.7857,1,0.6111,1,1,1,0.625,1,0.7,0.9545,0.9,0.6667,0.9444,0.5556
"locus4680",1,1,0.95,0.7727,0.8889,0.9583,1,1,0.8182,1,0.9091,0.9375,1,0.8571,0.9583,1,1,0.8333,0.9375,0.9444,0.7857,1,1,0.95,1,1
"locus4681",1,1,1,1,1,1,1,0.8889,1,1,1,0.875,1,1,0.9583,1,1,0.8333,0.8125,1,0.9286,0.9091,1,0.55,1,1
"locus4682",1,1,1,1,1,1,0.75,1,1,1,1,1,0.95,0.9375,1,0.2857,1,1,1,0.9444,1,1,1,1,1,1
"locus4683",0.125,0.125,0,0,0,0.0417,0,0.0556,0.2727,0,0.0455,0.125,0,0.1875,0.0909,0.0455,0.2222,0.3333,0.375,0.1667,0.0714,0.0455,0.0556,0.25,0.0455,0.0417
"locus4684",1,0.9375,0.95,0.95,0.9167,0.8333,1,0.8889,1,1,0.9545,0.9375,0.9,1,0.9167,1,1,1,0.875,0.9444,1,1,1,0.9,0.9,0.8636
"locus4685",0.45,0.5714,0.1667,0.6364,0.7778,0.75,0.9,0.5,0.5,0.2143,0.6364,0.6,0.7222,0.3125,0.35,0.8636,0.25,0.5,0.5,0.3333,0.125,0.35,0.5,0.4444,0.4545,0.6667
"locus4686",1,1,1,0.9091,1,1,0.75,1,0.9545,0.875,1,0.9375,1,0.9375,1,1,0.9444,1,1,1,0.9286,1,0.95,1,1,0.8636
"locus4687",1,0.875,1,0.9545,0.9444,0.95,1,1,1,0.7143,0.5,1,0.8125,1,1,1,1,1,1,1,1,1,1,0.9,1,1
"locus4688",0.9583,1,0.95,0.5556,1,1,1,1,0.7273,1,1,0.9375,1,1,0.9583,1,0.5,1,0.9375,0.7222,1,0.8182,0.95,0.85,0.85,0.9583
"locus4689",0.9167,0.5714,0.375,0.45,0.1667,0.25,1,0.7778,0.5455,0.8125,0.35,0.625,0.55,0.5,0.5833,1,0.6667,0.5,0.6429,0.5556,0.5833,0.9545,0.8889,0.5,0.5455,0.5417
"locus4690",0.2727,0.1875,0.2,0.2778,0,0.0833,0,0.0556,0.25,0,0.0455,0.125,0,0.1429,0.1,0.4091,0.3333,0,0.25,0.4375,0.1429,0.2222,0.2222,0.1111,0.2273,0
"locus4691",0.8333,1,0.9,0.9545,0.8125,1,1,0.6429,0.9545,1,1,0.875,1,1,1,0.9545,0.7222,1,0.9375,1,0.75,0.9091,1,0.95,0.8333,0.8182
"locus4692",0.35,0.5,1,0.6,0.625,0.5,0,0.6,0.7,0.2857,0.5,0.5,0.1667,0.8571,0.8571,0.0455,0.5,0.5,0.7,0.4375,0.875,0.0556,0.6667,1,0.375,0.4091
"locus4693",0.8182,0.6429,0.8333,0.5,0.5714,0.55,1,0.7857,0.75,0.5,0.4091,1,0.2857,0.6,0.7727,1,0.8333,0.5,0.8333,0.8571,0.8333,0.7,0.5,0.8333,0.9,0.5833
"locus4694",1,1,1,0.8636,0.8889,0.75,1,1,0.9545,0.875,0.7727,1,0.9444,1,0.9583,1,1,1,1,1,1,1,1,1,0.9545,1
"locus4695",1,1,1,0.8182,1,1,1,1,0.9091,0.9375,1,1,1,1,0.9583,0.8125,0.8889,0.8333,0.9375,1,1,1,0.95,0.9,0.9091,1
"locus4696",0.9167,1,1,0.9375,1,1,1,1,1,0.9375,1,1,1,0.8125,1,1,1,1,1,1,1,0.75,0.95,1,0.65,1
"locus4697",0.55,0.6,0.6875,0.5909,0,0.1,1,0.4,0.7857,0.7,0.625,0.6,0,0.5714,0.6667,0.8,0.5625,0.5,0.75,0.4167,0.3,0.6111,0.4,0.8125,0.3333,0.1667
"locus4698",1,1,1,0.9091,1,1,1,0.9444,0.9545,1,1,0.7857,1,1,0.9583,1,1,1,1,1,1,1,0.95,0.9,1,0.9583
"locus4699",1,1,1,1,1,0.9583,1,1,0.9091,1,0.85,1,1,0.9375,1,0.85,1,1,1,0.9444,1,1,1,1,1,0.9583
"locus4700",0.0417,0.0625,0,0.0455,0,0,0.625,0,0,0,0,0,0,0,0,0.5,0,0,0.0625,0,0,0,0.05,0,0,0
"locus4701",1,0.9286,0.8,0.9091,0.7857,0.6364,1,0.875,1,1,0.9375,0.9375,0.9375,1,1,1,1,1,1,0.9444,0.9286,0.9545,1,0.8,1,0.7917
"locus4702",0.9583,0.9375,0.95,1,1,1,1,1,1,0.875,0.9545,1,1,1,0.9583,0.9545,1,0.8333,0.9375,0.9444,1,1,0.9,0.95,1,1
"locus4703",0.3636,0.3,0.5625,0.5,0.5,0.5455,0,0.25,0.5455,0.5,0.75,0.5,0.5,0.5,0.5909,0.0455,0.0714,0.5,0.5,0.125,0.7,0.375,0.5556,0.6,0.5,0.3333
"locus4704",0.7222,0.3333,1,0.75,0.7857,0.65,0.1,0.3333,0.6,0.5,0.6875,0.5,1,0.2857,0.75,0.4286,0.7857,0.3333,0.5,0.5,0.5,0.2857,0.4167,0.25,0.7,0.5833
"locus4705",0.8889,0.4,0.7857,0.7,0.3333,0.3571,NA,0.8571,0.9167,0.8,0.0625,0.9286,0.2,0.8571,0.9375,NA,1,1,0.625,1,0.6667,0.9091,0.7143,0.8333,0.9167,0.45
"locus4706",0.0833,0,0,0.0455,0,0,0.875,0.0556,0.0455,0.1667,0,0.0625,0,0,0.0833,0.4,0.125,0,0.0625,0,0.0714,0.0455,0.1,0.05,0.0455,0.0833
"locus4707",0,0,0.05,0,0.0714,0.0833,0,0.4,0.0909,0,0,0,0,0,0.0417,0,0,0.1667,0.25,0.2222,0.125,0.0455,0.1,0.05,0.2,0.4167
"locus4708",1,1,0.95,1,1,0.9583,1,1,1,1,1,1,1,0.875,0.9167,1,1,1,0.9375,0.9444,0.9286,0.9545,1,0.95,0.8636,1
"locus4709",0.0417,0,0.1,0.1818,0.0714,0.1667,0,0,0.0455,0.0625,0.3636,0.0625,0.25,0.0625,0.0833,0,0.1111,0,0.0625,0,0,0,0.05,0.05,0,0
"locus4710",0.9583,1,0.95,1,1,1,1,1,1,1,0.8,0.9375,1,1,0.8333,1,1,1,0.875,1,0.9286,1,1,0.9,1,1
"locus4711",1,0.5,1,0.9545,0.4286,0.5,1,1,1,0.9286,0.15,1,0.2778,0.9375,0.9583,1,1,1,1,0.9444,0.8333,1,0.95,1,0.625,1
"locus4712",1,1,1,1,0.8889,0.9583,1,1,1,1,1,1,0.85,1,1,1,1,1,1,1,1,1,1,0.8,1,0.9583
"locus4713",0.8571,0.6667,0.8571,0.5,0.5,0.5625,0,0.5,0.6875,1,0.4167,0.5,0.5833,0.875,0.6818,0.25,0.7778,0.75,0.875,0.8571,0.5,0.5714,0.75,0.9286,0.6875,0.3571
"locus4714",0.8333,1,1,0.7778,1,1,1,1,1,0.8125,0.9545,0.9375,1,1,1,1,0.8125,1,1,1,1,0.75,0.9444,1,1,1
"locus4715",0,0,0.05,0,0,0,0.25,0.0556,0,0,0,0,0,0,0,0.6818,0,0,0.0625,0,0,0,0,0.05,0,0
"locus4716",0.6,0.6,0.3,0.6429,1,0.6667,0.75,0.7857,0.3333,0.625,0.8636,0.75,0.9444,0.4286,0.4091,0.8333,0.9167,0.6667,0.4286,0.5,0.8,0.9375,0.8,0.4,0.9444,1
"locus4717",0.6,1,0.95,0.5625,0.9444,1,1,0.8889,0.9545,1,0.9091,0.9167,0.95,1,0.9167,1,0.7143,0.75,1,0.9286,1,0.4444,0.6,0.7857,0.7222,0.9167
"locus4718",0.9583,1,1,1,1,1,1,1,0.9,1,1,0.9375,1,0.9375,1,0.9545,1,0.8333,1,0.9444,1,0.45,1,1,0.9545,1
"locus4719",0.5455,0.8125,0.5,0.5,0.9444,0.75,1,0.75,0.6364,0.8125,0.7273,0.5625,0.5556,0.5833,0.4545,0.9545,0.5625,0.5,0.75,0.3571,0.6429,0.45,0.5,0.6,0.6364,0.8333
"locus4720",0.6875,1,1,0.5,0.9444,1,1,1,1,1,0.9545,0.9,1,0.9375,1,1,0.375,1,0.875,0.9444,1,1,0.6667,1,0.4375,1
"locus4721",0.0556,0.1875,0.0625,0,0,0.0833,0.5,0.0556,0,0.0625,0,0.125,0,0.2143,0.1364,0.45,0.2857,0.25,0.0833,0.2143,0,0.3636,0.2143,0.1111,0,0
"locus4722",0.9167,0.8125,1,0.9545,0.8889,1,1,0.8889,0.9545,0.9375,0.9091,1,0.9,1,1,1,0.9444,1,1,1,1,0.9545,1,1,1,0.8333
"locus4723",0.9583,0.75,0.9375,1,1,0.9583,1,1,0.9091,1,1,1,0.85,1,0.875,1,1,0.8333,0.8571,0.8889,0.9167,1,0.95,0.75,1,1
"locus4724",0.5,1,1,1,1,1,1,0.9444,1,1,1,0.9375,1,1,1,1,1,1,0.9375,0.9444,1,0.7778,1,1,0.6429,1
"locus4725",0,0,0.05,0,0,0.0417,0,0,0.0909,0,0,0,0,0.1875,0.0833,0,0,0,0.125,0.1875,0,0,0,0,0,0
"locus4726",0.9583,0.9375,1,1,1,0.9583,1,0.9444,1,1,0.9545,1,1,1,0.9167,1,1,0.8333,0.9375,1,1,0.9545,0.95,0.95,0.8636,0.7
"locus4727",1,1,1,0.7727,0.625,1,1,0.6,0.9545,1,1,0.9167,0.95,1,0.8182,1,0.9375,1,0.9375,1,1,1,1,0.95,0.9091,0.65
"locus4728",0.95,0.9375,1,0.9545,1,1,1,1,1,1,1,0.9375,1,1,1,1,0.7778,0.6667,1,1,0.9167,0.6667,0.7778,1,1,1
"locus4729",0.9167,0.7143,1,0.6667,1,1,1,0.9444,0.8889,0.9167,0.9545,0.7143,0.9,0.7857,0.8333,1,1,0.5,0.8571,0.5833,0.7857,0.85,0.8,0.7778,0.9375,0.9583
"locus4730",0.6,0.6667,0.5,1,0.625,0.7778,1,0.9375,0.7143,0.75,0.5556,0.75,0.75,0.6,0.75,0.5,0.4286,0.8333,0.7,0.7857,0.8,0.5556,0.8571,0.7143,0.9,0.7917
"locus4731",0.95,1,0.75,0.9091,0.9444,0.9167,0,0.9444,0.7857,0.8571,0.9545,0.7857,0.9,1,0.7727,0.8125,0.75,1,1,0.75,0.9,1,0.9,0.8333,0.9,0.9167
"locus4732",0,0,0,0,0.1111,0.2,0.3,0,0,0,0.2,0,0.05,0,0,0.1818,0,0,0,0,0,0,0,0.0556,0,0.0833
"locus4733",1,1,0.9375,0.9545,1,1,1,0.8889,0.8125,0.875,1,1,1,0.9375,0.9167,1,0.9444,1,0.9167,0.8333,0.8571,1,1,0.9444,0.9545,1
"locus4734",0.9583,1,0.9,1,0.9444,0.9167,1,1,1,1,0.9091,1,1,0.9375,0.9167,0.9091,1,1,1,0.9444,1,0.7,1,0.85,0.9545,1
"locus4735",0.9583,0.875,1,1,0.9444,0.7,1,0.9444,1,1,0.9545,1,0.9167,1,0.9583,0.9091,1,1,0.9375,1,1,1,0.95,0.95,1,0.9583
"locus4736",0.9583,1,0.95,1,1,1,0.3,0.9444,1,0.9167,0.9545,1,1,1,1,0.2222,1,1,1,0.9375,1,1,1,1,1,0.9583
"locus4737",1,1,0.95,1,1,0.875,0.9,1,1,1,1,1,1,0.8125,1,0.9545,1,1,1,1,1,0.7273,1,1,0.9545,1
"locus4738",0.0417,0.0625,0.1,0.0455,0,0,0.875,0.1111,0.1364,0.0833,0,0.0625,0,0.125,0.0417,0.5833,0,0.1667,0.0625,0,0.0714,0.0455,0.05,0,0.0455,0.0417
"locus4739",0.9167,1,0.9,1,1,1,1,0.9444,0.9091,1,1,1,1,0.8125,0.9583,0.9545,1,1,0.9375,1,0.9286,1,1,0.8,1,0.9583
"locus4740",0.8636,0.875,0.85,1,1,0.875,0.9,0.9444,0.95,1,0.9091,1,1,1,0.9167,1,0.6111,1,1,0.9375,0.7143,0.8636,0.95,0.9444,1,1
"locus4741",0.9583,0.9375,0.8333,0.9545,0.6,0.7,1,0.8571,0.7727,0.9375,1,0.8,0.8333,0.7857,0.85,1,0.75,1,0.8125,0.8125,0.9,1,0.95,0.875,0.9444,0.4167
"locus4742",0.9167,1,0.95,0.9091,1,0.9167,1,1,1,1,0.9545,1,1,0.9375,1,0.6429,1,1,1,1,0.9286,0.9545,1,1,0.9545,1
"locus4743",1,1,1,1,0.6875,0.9583,1,0.8125,1,1,1,1,1,1,1,1,1,1,1,1,1,0.9545,1,1,1,0.7273
"locus4744",0.4,0.75,0.25,0.4444,0.9,0.75,0,0.6875,0.3125,0.4167,0.9375,0.75,0.9,0.6667,0.6111,0,0.2,0.5,0.6429,0.1667,1,0.25,0.5714,0.5833,0.5,0.8333
"locus4745",0.9583,0.9375,0.9444,0.9545,1,1,1,1,0.9545,0.8125,0.9091,0.9375,0.9,1,1,1,1,1,1,1,1,1,0.9,1,0.9545,0.9583
"locus4746",1,1,0.375,1,0.9444,0.9167,1,0.8333,0.5556,1,1,0.9,1,0.75,0.625,1,1,1,0.5,0.5556,0.8,0.8333,1,0.85,0.9091,0.8333
"locus4747",0.85,0.6667,0.4167,0.0833,0,0.7222,1,0.25,0.7143,0.7,0.45,0.7143,0.5,0.4286,0.5556,1,0.7143,0.5,0.5,0.7857,0.5,0.9091,0.4167,0.25,0.6667,0.25
"locus4748",0.875,1,1,0.9545,1,1,1,1,1,1,1,0.875,1,1,1,1,0.8889,0.8333,1,1,1,0.9545,0.95,1,0.9545,1
"locus4749",0,0.25,0.1,0,0.1111,0.1364,0,0.0556,0.0455,0.25,0,0,0,0.125,0.1667,0,0,0,0,0.0556,0,0,0.1,0.05,0,0
"locus4750",0.9583,0.875,0.8889,0.9091,1,0.9167,1,1,1,1,0.65,1,0.5,1,0.9583,1,1,1,1,0.9444,1,0.9545,1,1,0.9545,1
"locus4751",0.2917,0.0625,0,0,0,0,0.9,0.0556,0.125,0.2143,0.0455,0,0,0.125,0,0.9545,0.4167,0,0.0625,0.2778,0,0,0,0,0,0
"locus4752",0.9167,1,0.95,0.9091,1,1,0.8333,1,0.9545,1,1,1,1,0.875,0.9583,0.8182,1,1,0.875,1,1,1,1,1,1,1
"locus4753",0.9167,1,0.95,0.9545,1,0.9583,1,0.7778,0.85,0.875,0.8636,0.9375,0.8889,1,1,0.9545,0.7778,1,0.6875,1,1,1,1,1,0.95,0.9167
"locus4754",1,1,1,0.9545,0.625,1,1,0.8125,1,1,1,1,0.85,1,0.9167,1,1,1,1,1,1,1,0.95,0.9444,0.9545,0.75
"locus4755",0.8,0.6,0.8333,0.7727,1,1,1,1,0.6667,1,0.9545,0.8333,1,0.8,0.55,1,0.7857,1,0.6429,1,0.625,1,0.875,0.7778,1,1
"locus4756",1,1,0.95,0.9545,0.9444,1,1,0.9375,1,0.9375,0.9091,1,1,1,0.9583,1,1,0.8333,1,0.8889,1,1,1,1,0.7727,1
"locus4757",0,0,0,0,0.0556,0,0,0,0,0,0.25,0,0.0714,0.0625,0.0417,0,0,0,0,0,0,0,0.05,0,0,0
"locus4758",0.75,0.75,0.6875,0.8889,0.5714,0.7857,0.5,0.6429,0.7857,0.4167,0.8125,0.6429,1,0.9,0.7222,0.2727,0.625,0.75,0.8571,0.7857,0.5,0.85,0.7857,0.6,0.5714,0.4167
"locus4759",0.6667,0.9,0.6111,0.5,0.5,1,1,0.5,0.4375,0.9286,0.875,0.5714,NA,0.9286,0.8,0.9545,0.9167,0.5,0.4286,0.5,0.5833,1,0.6875,0.5,0.45,0.3125
"locus4760",1,0.875,1,1,1,0.9167,1,1,1,1,0.9375,1,0.9375,1,0.9583,1,0.8889,1,0.9375,1,1,1,0.95,1,0.8636,0.9583
"locus4761",0.9091,0.7857,1,1,0.9444,0.9583,1,1,0.95,0.9375,1,0.9375,1,1,1,0.9,0.8333,1,1,1,1,1,0.95,1,0.7,1
"locus4762",1,0.9375,0.95,0.9091,0.8333,0.9545,0.9,0.9444,1,0.875,0.9545,0.8125,0.8,1,0.9167,1,0.875,1,1,0.6667,1,0.9545,0.9,1,0.9091,1
"locus4763",0.9583,0.8571,1,0.85,0.8571,0.9167,1,0.7222,1,0.9375,0.6818,1,0.65,1,0.9583,1,1,1,1,0.9444,1,0.9545,0.95,0.9,0.8182,0.6818
"locus4764",1,1,1,1,0.5714,1,1,0.3125,1,1,1,1,1,0.875,1,1,1,1,1,1,0.875,0.9545,1,0.95,0.9091,0.5556
"locus4765",1,0.8125,0.9,1,0.9444,0.8182,1,1,0.8636,1,0.8182,1,0.8125,0.9375,1,1,1,1,1,0.9444,1,1,1,1,0.9545,0.875
"locus4766",0.9583,0.9375,1,0.8182,1,0.9167,1,1,0.9091,0.8125,1,0.9375,1,1,1,1,0.9444,1,1,0.9444,0.9286,1,0.9,0.95,0.9545,1
"locus4767",0.9545,0.9375,1,0.9091,1,1,1,0.9375,1,1,1,0.875,0.8,0.6429,0.9167,0.9545,1,1,1,1,1,0.3889,0.95,1,1,1
"locus4768",1,1,1,1,1,0.9583,1,0.9444,0.95,1,0.9091,1,1,1,0.875,1,0.8889,1,1,0.9444,0.9286,1,1,0.95,1,1
"locus4769",0.9545,1,0.95,0.9545,1,0.875,0.75,1,0.9091,0.9,0.9545,1,1,0.75,0.9583,0.625,0.9444,0.8333,1,0.75,0.7857,1,0.95,0.95,1,0.9583
"locus4770",0.75,1,1,0.6111,1,1,1,1,1,1,1,0.875,1,0.75,0.8333,1,0.875,1,1,0.9444,1,0.9091,0.5714,1,0.9,1
"locus4771",1,1,1,0.9091,0.9375,0.7727,1,0.9444,0.9091,0.875,0.6667,0.9375,0.9167,1,0.9583,0.9545,0.9444,1,0.9286,0.9375,0.8571,1,1,0.95,0.9,0.9545
"locus4772",0.9091,NA,0.75,1,0.9,0.8,1,0.8333,0.5833,1,0.8125,0.75,0.8571,0.6667,0.75,0.9545,1,1,0.5,0.75,0.8333,1,0.9444,0.3333,0.6,0.9167
"locus4773",0.1364,0,0,0.3333,0.3333,0,0,0.5,0,0,0,0.3333,0,0,0,0,0,0.1667,0.125,0,0,0.5556,0.3333,0,0.2222,0.0714
"locus4774",0.75,0.75,0.6429,0.6667,0.7143,0.7,1,0.8333,0.75,0.7,0.6429,0.6667,0.75,0.6,0.55,0.9545,0.7857,0.6667,0.7,0.75,0.6667,0.875,0.9,0.8333,0.875,0.7222
"locus4775",0,0,0.25,0.0455,0.4,0.0455,0,0.5556,0.2273,0,0,0.2857,0.05,0,0.2727,0.0909,0,0,0.3571,0.1,0.9,0.0455,0.1,0.1111,0.1364,0.5
"locus4776",0,0,0.2,0,0,0.0417,0,0,0.0455,0,0,0,0,0.25,0.0833,0,0,0,0.2857,0,0,0,0,0,0,0
"locus4777",0.375,0.1667,0.7222,0.5,0.3,0.3,0,0.7143,0.375,0,0.1875,0.6429,0.125,0.5714,0.45,0.0455,0.3,0.5,0.5,0.4375,0.75,0.25,0.0833,0.6667,0.375,0.3125
"locus4778",0.3182,0.125,0,0.1667,0,0,0,0,0.0455,0,0.1818,0.125,0,0,0.0417,0,0,0,0,0,0.0714,0,0.2778,0,0,0
"locus4779",0.7917,1,0.85,1,1,1,1,0.9444,0.9545,1,1,1,1,0.875,1,1,1,1,0.875,0.875,1,1,1,0.9,0.8182,1
"locus4780",1,1,0.95,1,0.8,0.75,1,0.8125,1,1,0.8333,0.9375,0.8333,1,1,1,1,1,1,1,1,1,1,1,0.85,0.75
"locus4781",1,1,0.9,1,0.8889,0.9583,1,0.7778,0.9545,0.9286,1,1,1,0.9375,0.8333,1,1,0.8333,0.8125,1,0.8333,1,0.9,1,0.9545,0.9167
"locus4782",0.9583,1,1,1,1,1,1,1,1,0.9375,1,1,0.95,0.9375,0.9583,1,0.9444,1,1,0.875,1,1,0.95,1,0.95,1
"locus4783",0.5455,0.5,0.45,0.6,0.2857,0.4444,1,0.5714,0.6364,0.75,0.2222,0.5,0.25,0.5625,0.4091,1,0.3571,0.5,0.5,0.5625,0.5,0.6818,0.625,0.4444,0.5,0.5
"locus4784",0.7917,0.7143,0.9,0.5,0.3125,0.5833,1,0.6111,1,0.9375,0.3182,0.9375,0.5,0.6429,0.9167,0.9545,0.9444,1,0.9375,0.9444,0.8571,0.8889,0.75,0.75,0.5455,0.5
"locus4785",1,0.9375,0.8571,1,1,0.9583,1,1,0.8125,1,1,1,1,0.9286,0.8333,0.9545,1,0.8333,0.8571,0.75,0.9286,1,1,0.7857,1,1
"locus4786",0.6667,0.9375,0.7143,0.75,1,0.9583,0.6667,0.75,0.75,0.75,0.9545,1,1,0.625,0.7727,0.8333,1,0.75,0.8,0.7222,1,1,0.9,0.8889,0.9286,1
"locus4787",0.8636,0.9375,1,0.8636,1,1,0.75,0.9444,1,0.875,1,0.9375,1,0.8333,0.9091,0.5,0.8889,1,0.7143,0.9375,1,0.9286,1,0.9,1,0.9167
"locus4788",0.9167,1,0.8,0.95,1,0.9167,1,0.9444,1,1,1,0.875,1,1,0.9167,1,0.8333,1,0.7143,1,0.7143,1,0.95,0.95,1,0.9167
"locus4789",0.9583,1,0.95,1,1,1,1,0.8333,1,0.875,1,0.9375,0.95,1,1,1,0.7778,0.8333,1,0.8889,1,1,0.95,1,0.6875,1
"locus4790",0.8636,1,0.75,0.9545,1,1,1,1,0.8333,1,1,0.9375,1,0.9286,0.8182,1,1,1,0.7143,0.8889,1,1,0.95,0.75,1,1
"locus4791",0.0417,0,0,0.1364,0.2222,0,0,0,0,0,0,0,0.05,0,0.125,0,0,0.3333,0,0,0.0714,0,0,0.45,0.0455,0
"locus4792",0.9583,0.9375,0.95,1,0.8333,0.875,1,0.9444,0.9091,1,1,1,1,0.9375,0.9167,1,1,0.8333,0.9286,0.8889,1,1,1,1,0.85,0.9583
"locus4793",1,0.9167,0.75,0.9545,NA,0.4444,1,0.8,0.7,1,0.9375,0.7143,1,0.9286,0.5833,1,1,1,0.8125,0.8333,1,1,1,0.9444,0.75,0.5833
"locus4794",0.8182,0.875,0.9,0.875,0.875,0.9167,0.25,0.8,0.7778,1,0.9091,1,0.9444,1,0.8,0.2857,0.75,1,0.9375,0.7143,0.8,0.8333,0.9167,0.8125,0.9286,0.9091
"locus4795",1,0.5,0.9375,1,0.3333,0.1667,1,1,0.9091,1,0.2222,0.9167,0.25,0.75,0.8889,1,0.9444,1,0.8333,0.9444,1,1,0.8333,0.875,1,0.9167
"locus4796",1,0.8125,0.85,0.8182,1,0.9583,1,0.7778,0.9091,1,0.9545,1,1,0.9286,1,0.9091,1,1,0.9375,0.9444,1,0.9091,0.95,0.9,0.8636,0.9583
"locus4797",0.1,0.9,0.2857,0.1667,0.7857,0.8333,0,0.3125,0.4167,0.5,0.8889,0.0714,0.6875,0.1667,0.05,0,0,0.25,0.25,0.125,0.375,0.0455,0.0714,0.2143,0.5,0.35
"locus4798",0.1667,0.25,0.15,0.25,0.3125,0,0.1,0.3333,0.15,0.1875,0.0909,0,0.3,0.125,0,0.1818,0.4444,0,0,0.1667,0.1429,0,0.3125,0.2,0.1364,0.05
"locus4799",0.8636,0.7143,0.8889,0.85,0.9444,0.8333,0.9,0.9444,0.8636,1,0.8636,1,0.875,0.9286,0.8182,1,0.7857,0.8333,0.8571,0.8125,0.8571,0.5,0.6667,0.85,0.85,0.875
"locus4800",0.8333,0.3571,0.5625,0.75,0.6667,0.35,0.5,0.625,0.75,0.375,0.4444,0.6,0.5,0.6,0.5909,0.5455,0.9444,1,0.7,0.875,0.5,0.95,0.8,0.7222,0.75,0.3889
"locus4801",0.875,0.5714,0.8889,0.5,0.3333,0.1111,0.9,0.5714,0.8636,0.6875,0.15,0.625,0.1,0.875,0.9167,1,0.8889,0.6667,0.75,0.9444,0.9167,0.9545,0.85,0.9,0.6818,0.4167
"locus4802",0.9583,0.7143,0.95,1,0.8571,0.75,1,0.9444,1,0.9286,0.8333,0.9375,0.8,1,0.9583,1,0.9444,1,0.9375,0.9444,1,0.9091,1,0.95,1,0.9583
"locus4803",0.0417,0.5,0.05,0.0909,0.4286,0.6667,0,0.5,0,0.5,0.75,0,0.8889,0.125,0,0.0455,0,0,0.0714,0.1667,0.375,0.0455,0.0556,0.0833,0.2,0.4
"locus4804",0.5,0.6875,0.75,0.5909,0.5714,0.6,0.9,0.7222,0.7222,0.8,0.55,0.7,0.5,0.6429,0.55,0.7222,0.6111,0.8333,0.8125,0.6875,0.6667,0.9091,0.6111,0.8,0.25,0.375
"locus4805",0.0909,0.0625,0.1,0,0.3,0.1,0.1,0.125,0.1818,0.0714,0.2778,0.0714,0.1667,0,0.1667,0.05,0.3333,0,0.0625,0.0556,0.0714,0.0455,0.3889,0,0.2273,0.2778
"locus4806",0.9167,1,0.6875,0.9545,1,0.9583,1,1,1,1,0.9,1,1,0.75,0.7778,1,1,0.8333,0.7857,1,0.9286,1,1,0.9286,0.9,1
"locus4807",0.0417,0,0,0.0909,0.0556,0,0,0.0556,0.0455,0,0.0455,0.0625,0,0,0,0,0.1111,0,0,0.0556,0.0714,0,0,0.1,0.0455,0
"locus4808",1,1,1,0.9545,1,1,1,0.25,1,1,0.9545,1,1,1,1,1,1,1,1,0.9444,0.5,1,1,1,0.9545,0.6875
"locus4809",0.9583,0.6667,0.8,1,1,0.85,1,0.875,0.75,1,1,1,0.7,0.9286,0.8333,0.9545,1,1,0.8571,0.9444,1,0.9091,1,0.6667,0.9545,0.75
"locus4810",0.0909,0.6875,0.3333,0.3,0.9375,0.8182,0,0.5556,0.0909,0.5625,0.5909,0.75,0.65,0.1875,0.2917,0.0909,0.3889,0.5,0.125,0.1667,0.5833,0.4,0.2778,0.2,0.55,0.8333
"locus4811",0.0833,0.2857,0.1,0.0455,0.5,0.25,0,0.375,0,0,0.2273,0.0625,0.15,0,0.125,0,0,0,0.25,0,0.2143,0.0455,0,0.15,0.1818,0.3333
"locus4812",0.0833,0.0625,0,0.0455,0,0,0.1,0,0.0909,0,0,0,0,0,0,0.1364,0.1667,0,0,0.0556,0,0,0.05,0.1111,0.0455,0
"locus4813",0,0,0,0,0.125,0.0833,0,0.1111,0,0,0,0,0,0,0.0417,0,0,0,0,0,0,0,0.05,0.1,0.0455,0.2727
"locus4814",0.9167,1,0.9444,1,1,1,0.9,0.8889,0.9444,1,1,0.9375,1,0.875,0.9,0.8636,0.9444,1,1,1,0.8571,1,1,0.75,0.9,0.85
"locus4815",0.3636,0,0,0,0,0,0,0,0.0455,0,0.0455,0.0625,0,0.0625,0,0,0.3125,0.1667,0.125,0.1111,0.0714,0,0.0714,0,0.1364,0
"locus4816",0.4,0.0625,0.05,0.1818,0,0.0417,0.4,0.0556,0,0.3333,0,0.0625,0,0,0.0417,0.2222,0.5,0,0,0.1429,0.0714,0.1667,0.3571,0,0.1875,0
"locus4817",0.0833,0.3125,0.05,0.0909,0,0.2083,0,0.0556,0.0455,0.4167,0.05,0,0.0625,0.125,0,0.2,0,0,0,0,0,0,0,0.05,0,0
"locus4818",0.2,1,1,0.4444,1,0.9583,0,0.8889,0.3,0.75,1,0.5,1,0.875,0.65,0.05,0.0556,0,0.75,0.5833,0.75,0.125,0.2857,0.6875,0.7143,1
"locus4819",0,0.125,0,0,0.1111,0,0,0.4375,0,0.0625,0.2273,0,0.1875,0.0625,0.0833,0.0909,0,0,0,0,0,0.0455,0.15,0.1875,0.0455,0.3889
"locus4820",1,1,1,1,0.7222,0.9583,1,0.7222,1,1,1,0.875,1,1,1,1,1,1,1,1,0.8333,1,1,1,1,0.6667
"locus4821",0.0455,0.0625,0.05,0.0909,0.1667,0.25,0,0.0625,0.0455,0.125,0,0,0,0.0625,0,0.0455,0,0,0,0.1111,0,0,0,0,0.1364,0.1818
"locus4822",0.5833,0.8125,0.7143,0.3,1,0.7083,1,0.7222,0.6875,0.9167,0.9091,0.4,1,0.75,0.6667,0.9091,0.375,0.75,0.625,0.8333,0.7,1,0.3889,0.5625,0.7,0.9583
"locus4823",1,0.6875,0.9,1,1,0.9167,1,1,1,1,1,1,1,1,0.875,1,1,0.8333,1,1,1,1,1,0.95,0.9545,0.9583
"locus4824",0.9583,1,1,0.8636,1,0.9583,1,1,1,1,0.5833,0.9375,1,1,1,1,1,1,1,1,1,1,1,1,1,1
"locus4825",0.9167,1,0.9444,1,1,1,1,0.9444,0.8889,0.6875,0.9545,1,0.9444,0.6875,0.8333,0.7,1,0.8333,0.875,0.5625,1,0.9545,1,1,1,1
"locus4826",0.9583,1,0.95,0.9545,1,0.9167,1,0.9444,1,1,1,1,1,0.875,0.9167,1,1,1,1,0.9444,0.8571,1,1,0.9,1,1
"locus4827",0.8333,1,0.8333,0.75,0.7857,0.9444,1,0.8571,0.65,1,0.6875,1,0.8125,0.7857,0.7083,1,0.6429,0.5,0.7857,0.7143,0.7857,0.95,0.9286,0.6875,0.7222,0.8889
"locus4828",1,1,0.875,1,1,1,1,0.9444,0.6875,1,1,1,1,0.8125,0.75,1,1,1,0.7,0.9375,1,1,1,0.9,1,1
"locus4829",1,1,1,0.9545,0.9167,1,1,0.8571,1,1,1,1,0.9,1,1,1,1,1,1,1,0.9167,1,1,1,0.9545,0.85
"locus4830",1,1,1,1,0.8889,0.9583,1,0.8889,1,1,1,1,1,1,1,1,1,1,1,1,1,1,1,1,0.9545,0.7083
"locus4831",1,1,1,0.9545,1,1,1,1,1,0.9375,1,1,1,1,1,0.6,1,1,1,1,1,1,0.9,1,0.95,0.9583
"locus4832",0.8,1,1,0.9375,1,0.9583,0.5,1,1,0.5,1,1,1,1,1,0,0.5,0.6667,0.9286,0.875,1,0.9444,0.9167,0.95,0.7222,1
"locus4833",1,0.875,1,1,0.5625,0.7273,1,1,0.9545,1,0.85,1,1,1,0.9583,1,1,1,1,1,1,1,1,0.95,0.9545,0.75
"locus4834",0.9583,0.9375,1,1,1,0.7917,1,1,0.9545,1,0.7857,1,0.9286,1,1,1,1,1,1,0.8889,1,1,1,0.95,0.9545,1
"locus4835",0.8333,1,1,0.4375,1,0.9583,1,0.9444,1,1,0.9545,1,1,0.9375,1,1,1,1,0.9286,1,1,0.9545,0.4286,1,1,0.9583
"locus4836",1,0.9375,1,1,1,0.9583,0,0.9444,1,0.8,0.9545,1,1,1,1,0.05,1,1,1,1,1,1,0.95,1,0.8182,1
"locus4837",0.9583,1,0.8889,0.9545,1,1,1,0.9444,1,1,0.9545,0.9375,1,1,0.875,1,1,1,0.9167,1,0.9286,1,0.95,0.5556,1,1
"locus4838",0.35,0.4167,0.4375,0.5,0.1,0.3,0.3333,0.375,0.5,0.4,0.25,0.3571,0.3333,0.3333,0.45,0.5,0.375,0.6667,0.5,0.375,0.5,0.5909,0.25,0.5,0.2778,0.35
"locus4839",1,0.875,0.9444,1,0.9375,0.7083,1,0.8889,1,1,0.2857,0.9286,0.6111,1,1,1,1,0.8333,0.875,1,1,1,0.95,1,0.9091,0.875
"locus4840",0.8,0.875,0.7,0.8571,1,0.9583,0.75,0.75,0.8,0.9,0.9545,0.9,1,1,0.85,0.875,0.7143,0.5,1,0.75,0.875,0.7,0.875,0.8125,0.85,0.9545
"locus4841",1,1,1,1,1,0.9167,1,0.9444,1,1,1,1,1,1,0.9583,1,0.9444,1,0.9375,1,1,1,1,0.9,1,0.8
"locus4842",0.875,0.6875,0.7222,0.7,1,0.9167,1,1,0.8182,0.6875,0.9091,0.9167,0.85,0.625,0.7273,1,1,0.8333,0.9286,0.7778,0.7857,0.9545,0.9,0.9,0.8182,1
"locus4843",0.8,0.7857,0.5,1,0.75,0.9583,0.9,0.3889,0.5,1,0.9,0.5833,0.85,0.625,0.4167,1,1,0.75,0.5,0.8,0.5,0.8,1,0.6,0.9,0.4
"locus4844",0.8333,0.25,0.5,0.7222,0,0.0833,1,0.25,0.3182,0.3333,0.1,0.4,0.05,0.6875,0.2917,0.95,0.5,0.5,0.2857,0.5556,0.0833,0.6667,0.8333,0.5,0.55,0.1818
"locus4845",0.7083,1,1,1,1,0.9583,1,1,0.9545,1,0.9545,0.8125,1,0.9375,0.9583,0.9091,0.5714,1,0.9286,1,1,0.8182,0.9,0.95,0.75,1
"locus4846",0.8333,0.75,0.5833,0.9545,1,1,1,1,0.75,0.9375,0.9545,0.8571,0.95,NA,0.6429,1,0.8889,0.6667,0.5,0.8125,0.9286,1,0.75,0.875,0.9167,1
"locus4847",1,1,0.55,1,1,0.5,0.9,0.3333,0.9091,1,0.95,0.5714,1,1,0.65,1,1,1,0.875,0.75,0.375,0.7222,1,0.8333,0.95,0.7222
"locus4848",1,1,1,0.9091,1,1,1,0.9444,1,1,0.9091,1,1,1,0.875,1,1,1,1,1,1,1,0.85,0.85,1,1
"locus4849",0.5417,0.3571,0.4375,0.3,0.4444,0.375,0.3,0.5,0.45,0.1429,0.3889,0.5714,0.2778,0.25,0.4167,0.0909,0.3125,0.5,0.5,0.3889,0.5,0.3,0.25,0.5,0.55,0.5417
"locus4850",0.9583,1,0.75,1,1,1,1,1,0.8182,1,1,0.9375,1,1,1,0.9545,0.9444,0.8333,0.9375,1,1,1,0.95,1,1,0.9583
"locus4851",0.9167,0.9375,0.7778,0.9545,1,0.8333,NA,0.8889,0.9091,1,0.9545,1,0.85,0.9375,0.9167,0.75,0.9444,0.8333,1,0.9375,1,0.9091,0.95,0.95,0.8636,0.875
"locus4852",0,0,0.125,0,0,0,0,0,0.1364,0,0.0455,0.0625,0,0.25,0.0417,0,0,0,0.0625,0,0,0,0,0,0,0
"locus4853",0,0.0625,0.05,0.0455,0.2778,0.0417,0,0.0556,0.1364,0,0.3636,0.0625,0.1,0,0.125,0.0455,0,0,0.0625,0.0556,0.0714,0,0,0.05,0.1818,0.0417
"locus4854",0.9091,1,1,0.9545,1,0.8333,1,1,1,1,1,0.9375,1,1,1,1,1,1,1,1,1,0.9545,1,0.8,1,1
"locus4855",0.0417,0,0.05,0,0.25,0,0,0.1667,0.0455,0.125,0.375,0.0625,0,0.0625,0,0,0,0,0,0,0,0.6667,0.1,0.1,0.1818,0.0909
"locus4856",1,1,1,1,0.5,1,1,0.9286,1,1,1,0.8125,1,1,0.9583,1,1,1,1,0.9444,0.9286,1,1,1,1,0.7143
"locus4857",1,0.9375,1,1,0.6667,0.875,1,0.9444,1,1,0.8,1,0.85,1,1,1,1,1,1,1,1,1,1,1,1,0.9583
"locus4858",0.6667,1,1,0.95,1,0.9545,1,0.8889,1,0.9375,0.9545,0.9375,1,0.9375,0.9583,1,0.7778,1,0.9375,1,1,0.9545,0.6667,1,0.95,1
"locus4859",0.8636,1,0.9,1,1,1,1,1,1,1,1,1,0.95,0.8125,0.9583,1,0.8889,1,0.9375,1,1,1,0.7778,0.9,0.9091,0.8333
"locus4860",0.875,0.9,0.8333,1,0.7143,1,1,0.5714,0.8125,0.9375,0.9091,0.875,0.85,0.8333,0.8125,0.9545,0.8889,0.75,0.75,0.9444,0.8571,0.6667,0.9,0.9444,0.75,0.7727
"locus4861",1,1,0.9,1,1,1,1,1,0.9091,0.9375,1,1,0.95,1,1,0.9545,1,0.8333,1,0.9444,1,1,0.8,0.85,1,1
"locus4862",0.9091,1,1,1,1,1,1,1,0.9545,1,1,1,0.9,1,1,1,0.9444,1,0.9375,0.8889,0.9286,1,0.85,1,1,1
"locus4863",1,0.9286,1,1,0.9444,0.8182,1,1,1,0.9375,0.7857,1,0.625,1,1,1,1,1,1,1,1,1,1,0.95,1,1
"locus4864",0,0,0.1,0.1364,0,0,0,0.0556,0.1,0,0,0,0,0.25,0.1818,0,0,0,0.25,0,0,0,0,0.1,0.2727,0
"locus4865",0.9167,0.8571,1,1,1,0.9583,1,1,1,1,0.9545,1,1,0.9375,1,1,1,1,1,1,1,1,1,1,1,1
"locus4866",0.0833,0,0,0.0455,0,0.0417,0,0.1667,0.0455,0,0,0,0.0556,0.0625,0.0833,0,0.0556,0,0,0,0,0.2857,0,0.05,0.1364,0.0833
"locus4867",1,0.9375,0.95,1,0.9444,0.9583,1,1,1,0.8125,0.9091,1,1,0.875,0.875,1,1,1,0.9375,1,1,1,1,1,1,0.9583
"locus4868",1,0.8125,1,1,0.75,0.8182,1,0.8889,1,0.9375,0.8889,1,0.9,1,1,1,1,1,1,1,1,1,1,1,0.9545,0.875
"locus4869",0.1364,0.5,0.3,0.5455,0.125,0.1364,0.1,0.4286,0.15,0.1667,0,0.1875,0.125,0.3333,0.375,0.05,0,0.5,0.3571,0.375,0.25,0.0909,0.3571,0.3125,0.125,0.35
"locus4870",0.5455,0.4,0.625,0.9375,0.75,0.5,1,0.9286,0.8333,1,0.5556,0.6875,0.7,0.9375,0.6429,1,0.8889,0.5,0.7143,0.75,1,0.75,1,1,1,0.85
"locus4871",0,0.0625,0.1875,0.0909,0,0.0417,0,0.1667,0.0909,0,0.2143,0,0.2,0.1429,0.05,0,0.1111,0,0.1875,0,0,0,0.05,0.1667,0,0
"locus4872",1,1,0.95,0.95,0.6667,0.9583,0.5,0.3889,1,0.9375,0.9545,0.5833,1,0.9375,0.7917,0.25,1,1,0.9375,1,0.7,1,0.8889,1,0.9375,0.5833
"locus4873",0.5,0.5714,0.6667,0.5455,0.5,0.5455,0.5,0.5556,0.5455,0.5,0.5,0.5,0.5,0.5714,0.5,0.5,0.5,0.5,0.5714,0.5,0.4167,0.6111,0.5,0.55,0.5556,0.5
"locus4874",1,0.5,0.95,1,0.1667,0.4167,1,1,0.9545,1,1,1,1,1,0.9545,1,1,1,1,0.9444,1,1,1,0.95,0.9545,0.75
"locus4875",0.8333,1,1,0.9545,1,1,0.75,0.9444,0.9091,0.9,1,1,1,1,0.9583,0.5625,0.6667,1,0.9375,0.875,1,1,0.85,1,0.8125,0.9583
"locus4876",0.8636,1,1,1,1,0.5909,1,1,1,1,1,1,0.95,0.9375,0.9545,1,1,1,0.625,1,1,1,0.95,1,0.9091,1
"locus4877",0.6111,1,1,1,1,1,1,1,1,1,1,1,1,1,1,1,0.9,1,1,1,1,0.3333,0.95,1,0.95,1
"locus4878",0.875,1,0.9,0.8636,1,0.9583,1,0.9444,0.9545,1,0.95,0.9375,0.95,0.8125,0.9583,0.8636,1,0.8333,0.9375,1,0.9286,1,0.9,0.85,0.8,0.9583
"locus4879",1,1,1,1,0.9375,1,1,0.9444,0.9545,1,0.7273,1,0.75,1,0.9583,1,1,1,0.9375,0.9375,0.9286,1,1,0.95,1,1
"locus4880",0.9545,1,0.95,1,1,1,NA,1,0.8636,1,0.9091,1,0.95,1,0.875,0.5,0.8889,1,0.875,1,0.9286,1,1,1,1,1
"locus4881",0.9167,0.9375,0.95,1,0.8,0.8571,0.375,0.8333,1,1,0.8333,0.875,1,1,1,0.5455,0.9444,1,1,0.9444,1,0.9545,1,1,0.9545,0.9583
"locus4882",0.85,0.75,0.6429,0.625,0.8333,0.6364,0.5,0.9286,0.9444,1,0.875,0.75,0.875,0.4286,0.7,0.5556,0.75,0.8333,0.6667,0.8571,0.75,0.9091,1,0.8,0.9,0.9
"locus4883",1,0.875,0.9,0.9545,1,0.9167,1,0.9444,1,1,1,0.9375,1,1,1,1,1,1,1,1,0.9286,1,1,0.95,1,1
"locus4884",0.9,1,1,0.9545,1,1,1,1,0.9545,0.875,1,0.875,1,0.875,1,1,0.9375,1,0.9375,1,1,1,0.9444,1,0.8182,0.875
"locus4885",1,1,0.75,1,1,1,1,0.9444,0.9545,1,0.9545,0.9375,1,0.7143,0.7778,1,1,0.8333,0.75,1,0.9,1,1,0.8889,1,1
"locus4886",0.0417,0.0625,0,0.0455,0.0556,0.0833,0,0.0556,0.0909,0.125,0,0.0625,0,0.0625,0,0,0,0,0,0,0.0714,0,0,0,0.0455,0
"locus4887",0.9167,1,1,0.9286,0.875,0.9583,1,1,1,1,1,1,1,0.875,0.9583,1,0.7143,1,1,1,1,1,0.8125,1,1,1
"locus4888",1,0.4167,0.9375,0.75,0.125,0.1,1,0.5714,0.9091,0.9167,0.1364,0.4167,0.05,0.7143,0.7273,1,1,1,0.9286,1,0.5,0.4,0.6667,0.8333,0.5,0.5
"locus4889",0.875,0.5,0.7778,0.75,0.4167,0.7222,1,0.7143,0.9375,0.875,0.7,0.8333,0.875,0.8125,0.75,0.9545,1,1,0.9167,1,0.8333,0.3889,1,0.8571,0.8125,0.5
"locus4890",0.4444,0.4286,0.2,0.4444,0.5625,0.625,1,0.4167,0.2273,0.6667,0.7273,0.5833,0.9444,0.3125,0.3182,0.8571,0.3889,0.5,0.3125,0.3333,0.2857,0.85,0.4286,0.2778,0.55,0.625
"locus4891",0.0833,0,0,0.5,0,0,0,0,0,0,0,0.0625,0,0,0.0417,0,0.2222,0.3333,0.0625,0,0.0714,0.0455,0.1667,0,0,0
"locus4892",0.875,0.8571,1,1,1,1,1,1,1,0.625,1,1,1,0.875,0.9583,1,0.8889,0.8333,1,1,1,1,0.95,1,1,1
"locus4893",0.8636,0.875,0.875,0.9,0.75,0.6667,1,0.75,0.8182,0.8125,0.9091,0.7143,1,0.625,0.6667,1,0.8125,1,0.75,0.9375,0.9,0.5,0.7857,0.9286,0.6875,0.8636
"locus4894",0.5714,0.5,0.4,0.3,0.0833,0.5,1,0.0625,0.375,0.5,0.5714,0.2,0.8125,0.3333,0.2857,0.9,0.5625,0.1667,0.375,0.3571,0,0.5,0.3333,0.1,0.4286,0.0909
"locus4895",0.8333,0.8125,0.7,0.9545,1,0.9091,0.625,0.9444,0.7727,0.75,0.95,1,1,0.75,0.9167,0.3182,0.9375,0.8333,0.9375,0.6875,1,0.7273,1,0.65,0.9091,0.8182
"locus4896",1,0.8125,0.8,1,1,0.9167,1,0.9444,0.8636,0.9375,0.9167,1,0.8333,0.875,0.9,1,1,1,0.875,1,1,1,1,0.9,1,1
"locus4897",0.9583,1,1,1,0.8333,0.9167,1,0.9444,1,0.5714,1,0.875,1,1,0.9583,0.9545,0.9444,0.6667,1,1,1,0.7727,1,1,0.9545,1
"locus4898",0.9583,0.9375,0.95,1,1,1,0.875,1,1,0.75,1,1,1,1,1,0.6875,0.9444,1,1,0.9444,1,1,1,1,0.95,1
"locus4899",1,0.9375,0.95,0.9545,0.9444,1,1,1,0.9545,1,0.9091,1,1,1,0.9167,0.9545,1,1,0.6875,1,1,1,1,1,0.95,0.6818
"locus4900",1,1,0.7857,1,1,0.9167,1,1,1,0.9375,1,1,1,0.9375,0.9444,1,1,0.6667,0.6667,0.8125,1,1,1,1,0.9545,0.8333
"locus4901",0.3182,0.9167,0.6,0.4444,0.875,1,0,0.8125,0.3333,0.4375,0.8636,0.625,0.9,0.4286,0.5,0.0455,0.375,0.3333,0.5,0.5,0.875,0.125,0.3571,0.5,0.6,0.9
"locus4902",0.8333,0.9375,1,0.4167,1,0.9167,0.9,0.8889,0.9091,0.9167,0.95,1,1,0.9375,0.875,0.95,0.8333,1,1,1,0.9286,0.5,0.75,0.8333,0.95,1
"locus4903",0.875,0.9286,0.6111,0.8889,0.8333,0.9583,0.8,0.6667,0.55,0.9375,0.9545,0.9167,1,0.9375,0.7,0.2778,0.9444,1,0.5625,0.8889,0.6429,0.8636,0.65,0.6,0.9091,0.6667
"locus4904",0.1818,0.3,0.125,0.45,0,0.125,1,0.1429,0.2778,0.5,0.25,0.0714,NA,0.2143,0.1667,1,0.4286,0,0.1,0.4375,0,0.85,0.625,0.25,0.1875,0.3571
"locus4905",0.9583,1,0.95,0.8636,1,1,1,1,0.9091,1,1,1,1,0.9375,0.875,1,1,1,0.9375,1,1,1,1,0.9,0.9545,1
"locus4906",0.55,0.5,0.875,0.7,0.5,0.5,0,0.2778,0.7857,0.25,0.5909,0.5,0.5,0.5,0.875,0.0455,0.7222,0.5,0.8333,0.8333,0.8571,0.2143,0.7222,0.9286,0.5,0.15
"locus4907",0.4545,0.2857,0.3,0.45,0.4286,0.4167,0.2,0.2857,0.5,0.5625,0.7273,0.3,0.5,0.5,0.4583,0.4545,0.5556,0.5,0.3125,0.4375,0.1667,0.5,0.3889,0.45,0.5,0.375
"locus4908",1,0.9375,1,1,0.875,0.875,1,0.8889,1,1,1,1,0.9,1,1,1,1,1,0.9375,1,0.8571,0.9545,1,1,0.9545,0.8
"locus4909",1,0.9375,1,1,NA,1,1,0.4286,1,0.75,0.9545,1,1,1,1,1,1,1,1,1,0.1667,0.9545,1,0.95,1,0.5
"locus4910",0.1364,0.125,0.2778,0,0,0.05,0.75,0.125,0.15,0.3,0.125,0,0.25,0.0714,0.1667,0.5455,0.2857,0.1667,0.0625,0.0714,0,0.1,0.2143,0.2778,0.2727,0.0833
"locus4911",0.3636,0,0.05,0.5556,0,0.0833,0,0,0,0.0625,0.0455,0,0,0,0.1818,0,0,0.5,0,0,0,0.2,0.1111,0.05,0.25,0.125
"locus4912",0.9,0.9375,1,0.9091,0.9444,0.9583,1,0.9444,0.9545,1,1,1,1,0.9375,0.9583,1,1,1,1,0.875,0.9286,1,0.95,1,1,1
"locus4913",1,1,1,1,0.9286,1,1,1,0.9545,1,0.7857,1,1,1,1,1,1,0.8333,0.9375,1,0.9286,1,1,1,1,0.9583
"locus4914",0.9583,1,0.95,0.75,1,1,1,1,0.9545,1,1,0.9375,1,1,1,1,1,1,1,1,1,0.8636,1,0.95,0.9091,1
"locus4915",0.75,0.5625,0.8889,0.8,0.6111,0.6,1,0.75,0.9545,0.8,0.6111,0.8333,0.375,0.8333,0.875,0.9091,0.625,1,0.75,0.9375,0.5,0.9091,0.9444,0.75,0.5714,0.8333
"locus4916",0,0,0,0,0,0.0417,0.5,0.1111,0.0455,0,0,0,0,0,0,0.0455,0,0,0,0.1667,0.0714,0.0455,0,0,0.0455,0
"locus4917",0.9583,0.875,0.85,0.8,1,0.9583,1,1,0.9091,1,1,1,1,0.875,1,1,1,0.8333,1,1,1,1,0.9,1,0.9091,0.95
"locus4918",1,1,0.9,0.9091,1,0.9167,1,1,1,0.9375,1,1,1,0.9375,0.9583,1,0.9444,1,1,0.8889,0.8571,1,0.95,1,1,0.9167
"locus4919",0.8333,0.9375,0.95,0.7273,1,0.9583,1,0.9444,0.95,0.7143,1,1,1,0.9286,1,0.65,1,1,0.9375,1,1,1,0.85,0.9,0.85,1
"locus4920",0.875,1,0.9,1,1,1,1,1,0.9091,1,1,1,1,0.875,0.7917,1,1,1,0.9375,1,0.9286,1,0.8889,1,0.9545,1
"locus4921",0,0.1875,0,0.0909,0.0556,0.3333,0,0,0,0,0.45,0,0.625,0.0625,0.0455,0.05,0,0,0,0,0,0,0,0.1,0,0
"locus4922",1,1,0.9,0.9091,0.9444,0.9583,0,1,0.9,0.8333,0.9091,1,0.95,0.9375,0.9583,0.2,0.9375,1,1,1,1,0.9091,0.9,0.9,1,1
"locus4923",0.9167,1,0.95,1,1,1,1,0.9444,1,1,1,1,0.95,0.9375,0.9167,0.9545,0.9444,1,1,1,0.9286,0.8,1,1,0.95,1
"locus4924",0.8333,1,0.95,0.9091,0.9444,1,0.6,1,1,0.875,0.7727,1,1,0.9375,1,0.55,0.8889,1,1,1,1,1,1,1,1,0.9583
"locus4925",0.125,0.5,0.1429,0.3333,0.4167,0.5417,0,0.3125,0,0.1,0.5909,0.25,0.8333,0.2143,0.1667,0.0455,0,0,0.1667,0.0556,0.1429,0.0909,0.1667,0.1875,0.1111,0.15
"locus4926",1,0.875,0.95,1,1,0.7917,1,0.8889,1,1,1,1,1,1,1,1,1,1,1,0.9444,1,0.9545,1,1,1,1
"locus4927",1,1,1,1,1,1,1,1,0.8636,1,0.9545,1,1,0.8125,0.875,1,1,1,1,0.9375,1,1,1,0.85,0.9545,1
"locus4928",0.9545,0.9375,0.9,0.9091,0.9444,1,1,1,0.9091,0.9375,1,1,1,0.9375,1,1,1,1,0.9375,1,1,1,1,0.95,1,0.9583
"locus4929",0.9583,0.625,0.9,0.8636,0.7,0.5,0.9,0.7778,0.9545,1,0.4,0.875,0.5,0.5,0.75,1,1,1,0.875,1,0.9286,0.9545,0.95,0.7778,1,0.7917
"locus4930",0.75,0.875,0.95,0.95,1,0.7273,0.9,0.9444,0.9545,1,0.8636,1,0.8571,0.875,1,1,0.7778,1,0.8125,0.6667,1,0.55,0.8333,1,0.75,0.9
"locus4931",1,1,1,1,1,1,0.9,1,1,0.8125,1,1,1,1,1,0.7778,1,1,1,1,1,1,1,1,1,1
"locus4932",0.9167,1,1,0.9,1,0.9583,1,0.875,1,1,0.9545,1,0.95,0.9375,1,1,1,1,1,1,1,1,0.9,0.95,0.9545,0.8125
"locus4933",0.9583,0.7857,0.85,0.5625,1,1,1,1,0.9091,0.875,1,0.9286,1,0.875,0.8333,1,0.8333,0.6667,0.9375,0.8889,1,0.9545,0.8889,0.8889,1,1
"locus4934",1,1,0.95,1,1,0.9167,1,1,1,0.75,0.9545,1,0.9,1,0.9167,0.9545,0.9444,1,0.8125,1,1,1,1,0.85,0.95,1
"locus4935",0.75,0.5,0.75,1,0.75,0.5714,0,0.5625,0.85,0.6667,0.25,0.625,0.3,0.6667,0.75,0.0833,0.9375,0.6667,0.6875,0.9286,0.6667,0.9545,0.95,0.5625,0.8125,0.55
"locus4936",0.85,1,1,0.8571,1,1,0.9,0.9444,0.9545,1,1,1,1,0.9375,1,0.9545,0.7143,0.8333,0.9375,1,1,1,0.625,0.9,0.8636,1
"locus4937",1,0.9375,1,1,1,1,0.6,1,1,1,0.7273,1,1,1,1,1,1,1,1,1,1,1,1,1,1,1
"locus4938",0.8636,0.75,0.6875,0.75,1,1,0.9,0.7778,0.55,0.6875,0.9091,0.7857,0.95,0.6875,0.6818,0.6,0.875,0.8333,0.75,0.6875,0.9286,0.6111,0.5,0.8333,0.9,0.9583
"locus4939",0.875,1,1,1,0.7778,0.875,1,1,1,1,1,1,1,1,0.9167,0.8636,1,1,0.9375,1,1,0.9545,0.7,1,1,0.9583
"locus4940",1,0.8333,0.95,0.7857,0.8,0.9,1,1,0.8636,1,0.875,0.9,0.6667,1,0.8,1,1,0.5,0.8333,0.9444,0.875,0.9,1,0.8889,0.9545,0.8333
"locus4941",0.6111,0.7143,0.6,0.9375,1,1,NA,0.8,0.6429,0.5833,0.9444,0.7143,1,0.5,0.5,0.25,0.6875,0.6667,0.7,0.4167,0.5,0.5714,0.6,0.5,1,0.8182
"locus4942",0.4583,0.75,0.6667,1,0.8889,0.9,0.25,0.6667,0.6364,0.75,0.8636,0.6875,0.95,0.6667,0.5417,0.6818,0.7857,0.6667,0.4375,0.5,0.5833,0.6,0.7222,0.65,0.6364,0.6667
"locus4943",1,0.9375,1,1,0.8889,0.9583,0.6667,0.9444,0.9545,0.9375,1,1,0.95,1,1,0.625,1,0.8333,1,1,1,1,1,0.95,1,1
"locus4944",0.7727,0.9375,0.8125,0.5833,1,0.9545,0.875,0.9444,0.5455,0.625,0.9545,0.9375,1,0.5833,0.85,0.7857,0.7143,0.75,0.6,0.9375,0.9,0.7857,0.7143,0.9375,0.9,1
"locus4945",0.8333,0.5,0.6,0.6818,0.25,0.4444,1,0.3333,0.8182,0.5714,0.3,0.3333,0.25,0.8125,0.5,0.55,0.7857,1,0.5,0.8889,0.5,0.8,0.5556,0.6667,0.7,0.45
"locus4946",1,1,1,1,0.9444,1,1,0.8333,0.9545,1,0.8182,0.9375,1,1,1,1,1,0.5,1,1,1,0.9545,0.95,1,0.9091,0.9583
"locus4947",0.3636,0.25,0.5,0.4444,0.0714,0.1364,0,0.75,0.4,0.125,0.0909,0.4,0,0.1667,0.5833,0.0455,0,0.8333,0.5,0.375,0.6,0.6,0.2857,0.5,0.3125,0.5
"locus4948",0.875,0.6875,0.85,0.7727,0.1667,0.5,1,0.75,0.9545,1,0.8,0.9286,0.75,0.6875,0.7917,1,0.8889,0.8333,0.75,0.8333,0.75,0.6818,0.75,0.7778,0.75,0.5
"locus4949",0.9583,1,0.8571,0.9545,0,0.5556,1,0.9167,0.9545,1,0.5,0.9286,0.4444,0.8,0.7727,1,1,1,0.75,1,0.875,1,1,0.65,0.9091,0.9583
"locus4950",1,1,1,0.9545,0.9444,0.875,1,0.9375,1,1,1,1,1,1,1,1,0.875,1,1,1,1,1,0.875,1,0.9545,0.9167
"locus4951",1,1,0.95,1,1,0.875,1,1,1,0.8125,1,1,1,1,0.9167,1,1,1,0.875,1,1,1,1,1,0.9545,0.9167
"locus4952",1,0.9375,1,0.9091,0.8889,0.9545,1,1,0.9091,1,1,1,1,1,0.9167,1,1,1,1,1,1,1,0.85,0.95,0.9545,0.8636
"locus4953",0.0833,0.1667,0.25,0.125,0.625,0.5,1,0.7857,0.2778,0.3,0.0556,0.6,0,0,0.5556,0.7727,0.25,0,0.1429,0.2778,0.25,0.2222,0.1667,0.4444,0.3571,0.625
"locus4954",0.9583,1,0.85,1,1,1,1,1,0.5909,0.9375,1,1,1,0.9375,0.7083,1,1,0.5,0.875,0.7222,1,1,0.95,0.7,1,1
"locus4955",0.6,0.75,0.6111,0.5909,1,0.7143,1,0.8125,0.4545,0.6667,0.8571,0.5,1,0.7857,0.4545,1,0.6429,0.5,0.5,0.5,0.5,0.9,0.5556,0.8333,0.7143,0.9545
"locus4956",1,0.875,0.95,0.9545,1,0.875,1,0.9444,1,0.875,1,0.875,1,1,0.9583,1,0.9444,1,1,1,0.9167,0.9545,1,0.95,0.9545,1
"locus4957",0.0417,0.5625,0.4,0.1,0.4286,0.5625,0,0.2,0.2,0.5,0.3333,0,0.5,0.4,0.2857,0.0909,0,0.5,0.4167,0.1667,0.375,0.0455,0,0.1875,0.25,0.1818
"locus4958",0.7727,1,0.875,0.8125,0.8333,0.5,0.9,1,0.9091,0.75,0.4167,0.9167,0.5,0.5833,0.8333,0.9545,0.7143,0.8333,0.7143,1,1,0.7778,0.8571,0.8571,0.9545,0.9
"locus4959",0,0,0,0,0.1667,0.0417,0,0.3333,0.0455,0,0,0,0,0.0625,0.0417,0,0,0,0,0,0,0.0455,0,0.1,0,0.2222
"locus4960",0.9167,0.875,0.95,1,1,1,1,0.9444,0.9545,1,1,1,1,0.875,0.9583,0.8125,0.8889,1,0.875,0.9444,0.9286,1,1,0.95,1,1
"locus4961",1,0.9375,0.95,0.9091,1,0.9091,1,1,0.9545,1,0.9545,1,1,0.8125,0.9583,0.9545,1,1,1,1,1,1,0.95,1,1,1
"locus4962",0.75,0.5,0.55,0.5,0.3125,0.4444,1,0.4444,0.5909,0.5833,0.2778,0.5,0.625,0.5714,0.5909,0.8636,0.875,0.5,0.5,0.7778,0.4286,0.5455,0.5556,0.55,0.65,0.3
"locus4963",0.9583,0.9375,0.95,0.9545,1,0.9583,1,1,0.9545,1,1,1,1,0.9375,0.9583,1,1,1,1,1,1,0.7727,0.95,1,1,0.9583
"locus4964",0.9167,0.9375,1,0.9545,1,0.9583,1,0.9444,1,0.9375,1,1,0.95,1,1,1,1,0.8333,1,1,0.9286,0.9545,1,1,0.9545,0.9167
"locus4965",1,1,1,1,1,1,0.1,0.9444,1,0.9286,1,1,1,1,1,0.0909,1,1,1,1,1,1,1,1,0.9545,0.9583
"locus4966",0.8889,0.5,0.8889,0.75,0.4444,0.5455,1,1,0.7778,0.75,0.5,0.7143,0.4375,0.9167,0.7727,1,0.5714,0.5,0.5,1,0.9,0.8571,0.6875,0.9286,0.5,0.8
"locus4967",0.1,0.1429,0.1,0.1111,0,0.0909,0,0,0.1429,0.1875,0,0,0.05,0.0714,0.0714,0.1667,0.0625,0,0.0833,0.375,0.25,0.0455,0.25,0.2222,0.1111,0.0833
"locus4968",0.35,0.375,0.2,0.65,0,0.1667,0,0.1111,0.05,0.2857,0.05,0.1,0,0.125,0.2083,0.0455,0.5,0.5,0.25,0.2143,0.0714,0.25,0.25,0.55,0.3125,0.2083
"locus4969",0.9583,0.875,0.9444,1,1,1,1,1,1,0.9375,0.9545,0.8125,1,0.875,0.8333,0.9545,1,1,0.9375,1,0.9286,1,1,0.85,1,1
"locus4970",0.875,1,0.9444,0.8182,1,1,0.5,1,1,0.5,1,1,1,1,1,0.3889,0.9375,1,1,1,1,0.9545,0.8,1,1,1
"locus4971",0.1818,0,0.05,0,0,0,0.2,0.0556,0,0,0,0,0,0,0.0833,0.0909,0.3571,0,0.0625,0.1111,0,0.5625,0.2222,0,0.0455,0
"locus4972",0.8333,1,0.75,0.8125,1,0.8333,1,1,0.7857,1,1,0.9375,0.95,0.9286,0.8333,1,1,0.8333,0.7,0.9375,1,1,0.9,1,1,0.9583
"locus4973",0.875,0.5714,0.8889,0.6667,0.4,0.6,1,0.8,0.8125,0.75,0.5,1,0.5,0.4286,0.875,0.95,1,0.6667,0.875,0.8333,0.625,0.6667,1,0.8889,0.75,0.7778
"locus4974",0,0.0625,0,0.0455,0,0,0.125,0.1111,0,0.125,0,0.0625,0,0.125,0,0.1,0.125,0,0.0625,0.1667,0,0.0455,0,0,0,0
"locus4975",0.8889,0.6875,1,0.6875,1,0.75,NA,1,0.9,0.5,0.8333,0.9167,0.8333,0.75,0.8,0.875,0.5,0.8333,0.75,0.875,0.9286,0.75,0.625,0.5714,0.9,1
"locus4976",0.85,0.8571,0.65,0.5556,0.4167,0.5909,1,0.9375,0.7778,0.9375,0.6,0.9167,0.7222,0.5714,0.5455,1,0.7778,0.75,0.5,0.7778,0.7,0.85,0.5556,0.5,0.8125,0.625
"locus4977",0.45,0.4286,0.5625,0.7857,0.8333,0.75,0.9,0.5625,0.55,0.7143,0.8182,0.6875,0.95,0.625,0.4444,0.95,0.875,0.5,0.6429,0.8571,0.4167,0.2,0.75,0.5625,0.5625,0.7
"locus4978",0.7857,0.5,0,0.6111,0.25,0.8333,NA,0.25,0.0455,0.6667,0.8182,0.9,0.3889,0.1667,0,1,0.8125,0,0.2,0.2857,0.25,0.5833,0.3571,0.1111,0.6111,0.3333
"locus4979",1,0.9375,1,1,1,1,0.25,1,0.8636,1,1,1,1,0.875,1,0.65,1,1,0.9375,1,1,1,1,1,1,1
"locus4980",1,0.8333,0.8,0.8636,0.8,0.7778,0.9,0.7222,1,1,0.9,0.8333,1,0.9375,0.8333,0.9091,0.9444,0.8333,0.75,1,1,0.9545,0.95,0.85,0.9091,0.7727
"locus4981",0.9583,0.5833,1,1,0.5,0.6875,1,0.8571,0.9545,0.8571,0.4375,0.9375,0.2778,0.9375,0.9583,1,1,1,1,0.8889,0.8333,1,0.95,0.85,0.95,0.9091
"locus4982",0.9167,1,0.95,0.85,1,1,1,0.8889,1,1,1,1,1,1,1,1,0.9444,1,1,1,1,0.9545,0.9,0.95,1,0.9583
"locus4983",0.9167,0.9375,0.85,0.9545,0.875,0.75,1,0.6111,0.6818,1,0.5,0.6429,0.875,0.9375,0.8333,1,1,1,1,0.9444,0.7857,0.9545,0.9444,0.8889,0.8,0.625
"locus4984",0.1111,0.0833,0.125,0.15,0.4,0.1,0,0.3571,0.2,0,0.2,0.3,0,0.3,0.3333,0,0.25,0.5,0.2857,0.3571,0.5,0.0455,0,0.2857,0.0714,0.1875
"locus4985",1,1,0.95,0.9091,1,0.9583,1,0.6667,1,1,1,0.9286,1,1,0.9583,1,1,1,0.9375,1,1,0.9545,1,0.9,1,0.85
"locus4986",0.5833,0.4375,0.5,0.4,0.125,0.2083,0.9,0.2778,0.65,0.2857,0.1,0.3,0.05,0.5625,0.6667,0.7727,0.5,0.25,0.5,0.4375,0.2857,0.4545,0.6111,0.6,0.45,0.0417
"locus4987",1,1,1,1,0.9444,1,1,1,0.9545,1,1,0.9375,1,0.9375,0.9583,1,0.8333,1,0.9375,1,1,1,1,0.9,0.9545,1
"locus4988",0.7727,1,0.85,0.8,1,1,1,0.9444,0.5556,1,1,1,1,0.7143,0.875,1,0.5,1,1,0.9286,1,0.4545,0.875,0.8889,0.9286,1
"locus4989",0.9167,0.8125,0.95,0.7273,1,0.8333,1,1,1,1,1,0.875,0.95,0.875,1,1,1,1,1,1,1,0.9545,1,1,1,1
"locus4990",0.0417,0.125,0.3,0.4545,0,0.125,0,0.2222,0,0,0.1,0.5,0,0.1875,0.1111,0,0.2778,0.3333,0.2857,0.125,0.2857,0.0455,0.2,0.25,0.15,0.0417
"locus4991",0.9545,0.875,1,1,1,1,1,1,1,1,1,1,1,0.9375,1,1,1,0.8333,0.9375,0.875,1,1,1,0.85,0.8182,0.9583
"locus4992",0.9167,0.5,0.5,0.9545,1,0.625,1,0.875,0.5,0.9286,0.6667,0.8333,0.6875,0.8571,0.4444,1,0.9444,1,0.5,0.75,0.5714,0.9545,0.9,0.6667,0.85,0.5
"locus4993",1,0.9375,1,1,1,0.9583,1,0.8889,1,1,0.9545,1,1,1,0.9583,1,1,1,0.8125,0.8889,1,1,1,1,1,0.8333
"locus4994",0.55,0.875,0.3889,0.5,1,0.9545,1,0.6667,0.45,0.9,0.95,0.5,0.95,0.4,0.5,0.9545,0.5,0.5,0.5,0.5,0.5,0.6111,0.3889,0.2143,0.7143,0.95
"locus4995",0.7917,0.875,0.95,1,1,0.3125,1,0.7778,1,1,0.8,0.9167,0.7222,0.8571,0.9583,0.9545,1,0.8333,0.9375,1,0.8571,1,0.9286,0.95,1,0.9091
"locus4996",1,1,0.9,1,1,1,1,0.9444,1,1,1,1,1,0.9375,0.9545,1,1,1,0.7857,1,1,1,1,1,0.9545,1
"locus4997",0.5,0.5,0.45,0.5,0.5,0.5,0.5,0.375,0.5,0.4167,0.3333,0.4375,0.3571,0.5,0.45,0.5,0.5556,0.5,0.3571,0.5,0.5,0.4545,0.45,0.5,0.3889,0.4
"locus4998",1,1,0.95,0.7727,1,1,1,0.9444,0.9091,0.9375,0.9545,1,0.9444,0.7143,1,0.8125,0.9444,1,1,0.9444,0.75,1,0.95,0.9,1,0.9583
"locus4999",0.9091,1,0.8,0.9091,1,1,0.6667,0.8889,1,0.8571,1,1,1,0.9375,0.9583,0.5,0.9444,1,0.8125,1,1,0.9545,1,1,0.9545,0.9167
"locus5000",1,1,1,1,1,1,1,1,1,1,0.9545,1,1,1,1,1,1,0.8333,1,0.9444,0.6667,1,0.85,0.95,0.7,1
"locus5001",0.4167,0.4375,0.5,0.6364,0.5556,0.75,0.9,0.4444,0.4545,0.5,0.7273,0.4286,0.7222,0.5,0.4167,1,0.4444,0.5,0.4286,0.4444,0.4286,0.2,0.8333,0.5,0.375,0.5833
"locus5002",1,0.8,1,0.9091,0.5,0.5,1,0.7,1,0.6667,0.4167,1,0.3571,0.75,1,1,0.9444,1,1,1,0.9,0.9545,1,0.85,0.9286,0.8333
"locus5003",0.6429,1,1,0.9444,1,1,0.9,1,1,1,1,0.9375,1,0.9375,1,0.9545,0.5,0.8333,0.9375,1,1,0.9545,0.8571,1,1,1
"locus5004",1,0.9375,1,0.65,1,0.9583,1,1,1,1,0.9545,1,1,0.9375,1,1,1,1,1,1,0.9286,1,1,0.7222,1,1
"locus5005",1,1,0.95,1,1,1,1,0.8889,0.9545,1,1,0.9375,1,0.7857,1,1,1,1,1,1,0.7857,1,0.95,0.95,0.9545,0.9583
"locus5006",0,0,0.1,0,0.3,0,0,0.3125,0,0,0,0.0625,0.05,0,0,0.0455,0,0,0,0.0556,0,0.0455,0.1,0,0.0455,0.2222
"locus5007",1,1,0.9,1,1,0.9583,1,1,1,1,1,1,0.95,1,0.9545,1,1,1,1,0.9444,0.9286,1,0.95,0.95,1,0.75
"locus5008",0.875,0.9375,0.8333,0.95,1,1,1,1,0.95,1,1,1,1,1,0.5556,1,0.9444,1,0.75,0.6667,0.9286,1,1,0.8,0.9091,1
"locus5009",0.6364,0.6429,0.6111,0.6,0.8571,0.5909,0.5,0.625,0.8,0.4286,0.3182,0.4375,0.3125,0.375,0.4545,0.6875,0.6875,0.8333,0.5714,0.75,0.7857,0.4091,0.8333,0.4375,0.5,0.4091
"locus5010",1,0.875,1,1,1,0.9583,1,0.8889,1,1,0.8571,0.9375,0.875,1,1,0.9091,1,1,0.9375,1,1,1,0.9,1,0.9545,1
"locus5011",1,1,1,1,1,0.9167,0.6667,1,0.9545,1,1,0.9375,1,1,1,0.875,0.9444,1,1,1,1,1,1,1,0.9545,1
"locus5012",1,1,1,0.9545,1,1,1,1,0.9545,1,0.9545,0.8125,0.95,0.9375,1,0.9545,1,1,1,1,1,0.9091,0.9,1,0.9545,0.9583
"locus5013",0.0417,0.1667,0.05,0.0909,0,0.2,0,0,0,0.2143,0.3889,0.125,0.0833,0,0.125,0.1,0.2778,0,0.0625,0.125,0,0,0,0.2778,0,0
"locus5014",0.9583,0.5833,0.95,0.9545,1,0.5909,0.5,1,1,1,0.9091,1,0.8333,0.8,0.9091,0.5,1,1,1,0.7857,1,1,0.95,1,0.9545,0.9583
"locus5015",1,1,1,0.7857,1,1,1,0.9444,1,0.875,1,1,1,1,1,1,0.9444,1,1,1,1,1,0.8889,1,0.9545,1
"locus5016",1,0.75,1,1,1,0.9583,1,1,1,0.875,0.8636,0.9375,0.85,1,0.9583,1,1,1,1,1,1,1,1,1,0.9545,1
"locus5017",0.875,0.9375,0.95,1,1,0.9583,1,0.9444,0.9545,1,1,1,1,0.9375,0.9167,1,1,1,0.8571,0.9444,1,1,0.9,1,1,1
"locus5018",0.9545,1,0.9,0.9545,1,0.875,1,0.9444,0.9091,1,0.9545,0.9375,1,0.8125,0.8333,1,1,1,1,0.6667,0.9286,1,0.95,1,0.8636,0.875
"locus5019",0,0.0714,0.3889,0.0455,0,0.1667,0,0,0,0.25,0.0455,0,0.1,0.3,0.0714,0,0.1875,0,0.3,0,0,0.6818,0.6667,0.3125,0.3636,0.0417
"locus5020",0.9167,0.9286,0.8,1,1,0.9583,1,1,0.8636,0.75,0.9545,0.9375,1,0.9375,0.9167,1,1,1,0.75,1,1,1,1,0.9444,0.9545,1
"locus5021",0.7778,0.0833,0.75,0.3889,0.0556,0,NA,0.6667,0.9091,0,0.15,0.4286,0,0.8,0.4,0.125,0.2857,0.8333,0.5,0.6667,0.75,0.6111,0.7143,0.2222,0.4,0.0417
"locus5022",0.5,0.4286,0.5,0.3636,0.9444,0.6667,NA,0.8889,0.4,0.5,0.7273,0.7143,0.95,0.5,0.5,0.5,0.2143,0.3333,0.7857,0.3125,0.5,0.4,0.3889,0.4444,0.6,0.6818
"locus5023",0.9167,1,1,0.9545,1,1,1,0.9444,0.9545,1,1,0.9375,1,1,0.9167,1,1,1,0.875,1,1,0.6,1,1,0.8636,1
"locus5024",0.2778,0,0.3333,0.2727,0,0,1,0.1111,0.5455,0.25,0.1364,0.375,0,0.1875,0.2917,0.8636,0.4375,0,0.25,0.625,0.0714,0.5455,0.2,0.2778,0.1818,0
"locus5025",0.9,0.6,0.45,0.6875,0.3,0.55,1,0.125,0.6667,0.6,0.625,0.5,0.3333,0.6,0.75,0.9444,0.7,0.75,0.5714,1,0.4,0.85,0.4375,0.6,0.625,0.2273
"locus5026",0.9286,1,0.7857,0.9375,0.9444,0.9545,0,0.6667,0.1429,0.5,0.9,0.75,1,0.625,0.7778,0.05,0.875,NA,0.6667,0.375,1,0.5556,1,0.8571,0.8,0.9583
"locus5027",0.9583,1,0.9,1,1,1,0.9,1,1,0.875,1,1,1,1,0.9583,1,0.7222,1,0.9375,1,1,1,1,1,1,1
"locus5028",0.8571,0.5,0.8,0.9444,0.3889,0.6667,1,0.6667,0.9,0.8333,0.9286,0.8333,1,0.75,0.6667,1,0.8,1,0.6667,0.8571,0.75,0.8,1,0.4167,0.4286,0.5833
"locus5029",0,0.5,0.625,0,0.5,0.5,0,0.9286,0.4444,0.2857,0.9286,0.5,0.8333,0.4167,0.5,0.0455,0,0.8333,0.5833,0.4286,0.9,0.05,0,0.6667,0.1429,0.8182
"locus5030",0.8,0.75,0.2857,0.5,1,0.8,1,0.5714,0.625,1,0.95,0.6667,1,0.6429,0.5556,0.9545,0.8333,0.75,0.5833,0.4286,0.5833,0.8333,0.875,0.5,0.5625,0.875
"locus5031",0.9583,1,1,1,1,0.9583,0.125,1,0.9545,1,1,1,1,1,1,0.55,1,1,0.9375,1,1,1,1,1,1,1
"locus5032",0.9583,0.6875,1,0.9091,0.7222,0.75,0.9,0.8333,0.8182,0.875,1,0.9375,0.6875,1,0.85,0.9545,0.8889,0.8333,0.9375,0.7222,0.9,1,0.95,0.9444,0.95,0.9167
"locus5033",0,0,0.1,0.0455,0,0.0417,0.75,0,0.0455,0.4167,0.0455,0,0,0.125,0.0417,0.9545,0,0,0,0.125,0,0,0.05,0,0,0.0417
"locus5034",0.9583,0.875,1,0.9545,0.875,0.875,1,0.8125,1,1,0.5455,0.9375,0.7857,0.9375,0.9583,1,1,1,1,0.9444,1,1,1,1,1,0.7083
"locus5035",0.0833,0.125,0.35,0.0455,0.2222,0.1667,0,0.3333,0.2,0.0625,0.05,0,0.05,0.4375,0.4167,0,0.2222,0.1667,0.3125,0.1875,0.25,0.0455,0.15,0.2778,0.05,0.5
"locus5036",0.1667,0.0625,0.1,0.0909,0,0,0,0,0.0909,0,0.0909,0,0.0556,0.125,0.0833,0,0,0,0,0.1111,0,0,0.05,0.05,0,0
"locus5037",0.65,0.7857,0.5556,0.45,0.875,0.7083,0.7,0.7,0.4545,0.6429,0.8,0.9167,0.7778,0.5625,0.55,0.6364,0.875,0.5,0.4,0.6111,0.75,0.5,0.75,0.5625,0.65,0.8
"locus5038",1,0.8125,0.75,0.7273,0.3333,0.8182,1,0.5714,0.85,1,0.9091,0.7857,1,0.5714,0.75,0.9545,0.875,0.6667,0.8125,0.8333,0.5714,0.9545,0.8,0.6667,0.9091,0.35
"locus5039",0.9091,1,0.375,0.9091,1,1,1,0.9444,0.5625,1,0.9091,0.9375,1,0.8,0.9583,1,1,1,0.75,0.9375,1,1,0.95,0.55,1,1
"locus5040",1,0.75,0.95,1,0.2857,0.5455,1,0.25,1,0.9286,0.5556,1,0.4375,0.875,0.8182,1,0.8125,0.6667,0.75,0.9444,0.9,0.9545,1,0.875,0.875,0.3889
"locus5041",1,0.9375,0.9,1,0.7778,1,1,0.9444,1,1,0.95,0.9375,1,1,0.9167,1,1,1,1,1,0.8571,1,1,1,1,0.9583
"locus5042",0.9545,0.3,0.3,0.6667,0,0.2,1,0.4167,0.5909,0.9,0.5,0.3333,0.5,0.6667,0.3889,1,0.75,0.1667,0.5,0.7143,0.3333,0.4375,0.9286,0.5,0.5,0
"locus5043",0.0417,0.25,0,0.1364,0.1875,0.2083,0.375,0.125,0.0455,0.2857,0.2273,0,0.2222,0.125,0,0.45,0.0556,0,0.125,0.0556,0.1429,0,0,0,0.3636,0.2083
"locus5044",1,1,1,1,0.7143,1,1,1,1,1,1,0.9286,1,1,0.875,1,1,1,0.875,0.875,1,1,0.9444,1,1,0.9167
"locus5045",1,0.7857,0.95,1,0.6875,0.8333,1,1,1,1,0.7778,1,0.875,1,0.9583,1,1,1,1,1,0.8571,1,1,1,0.9545,0.9167
"locus5046",0.9583,0.9375,0.95,0.7727,0.9444,0.9583,1,1,1,1,1,1,0.85,1,0.9091,1,0.8333,0.8333,0.9375,0.9444,0.8571,0.9545,0.95,1,0.9545,0.9583
"locus5047",1,1,0.9,1,1,1,1,1,1,0.875,1,1,1,0.75,0.8333,1,1,1,0.875,0.9444,1,1,1,1,1,1
"locus5048",0.0909,0.8333,0,0.1667,0.5833,0.625,0,0.1429,0,0.3571,0.9444,0.5,1,0.375,0.3333,0,0.0556,0.1667,0.1667,0,0.8333,0.0455,0,0.2778,0.375,0.3636
"locus5049",0.9583,0.8333,0.95,0.95,0.9167,0.6667,0.5,0.9286,0.9091,0.875,0.4444,1,0.5,0.9375,1,0.2143,0.9444,1,1,0.9375,0.8571,1,0.8889,0.7222,1,0.9
"locus5050",0.9583,1,1,0.95,1,1,1,1,0.9545,0.9375,1,0.9375,1,1,1,0.9545,0.7778,1,0.9375,0.9444,1,1,1,0.95,1,1
"locus5051",0.15,0.5625,0.25,0.375,0.75,0.7273,0.5,0.5625,0.4545,0.625,0.6111,0.4,0.8,0.5,0.3,0.6111,0.0833,0.25,0.5,0.2,0.5,0.1111,0.1875,0.6429,0.3571,0.75
"locus5052",0.8636,0.625,0.625,1,0.8,0.85,1,NA,0.6875,0.8571,0.875,0.75,0.8333,0.6875,0.5,1,0.4375,1,0.5,0.9167,0.625,0.75,0.6667,0.7143,0.75,0.75
"locus5053",1,1,0.85,1,1,1,1,1,0.9545,1,1,0.75,1,1,1,0.9091,1,0.6667,0.9375,0.9444,1,0.75,1,0.95,0.9545,1
"locus5054",0.7,0.875,0.8125,0.9,0.875,0.7917,0.6667,0.9444,0.8636,0.75,0.6429,0.6875,0.625,0.875,0.9091,0.75,0.6667,0.75,0.8571,0.7778,1,1,0.9375,0.8,0.7727,0.8333
"locus5055",1,1,0.85,1,1,1,1,1,1,0.875,1,1,1,0.9375,0.9167,0.9545,1,0.75,0.8125,1,0.9,1,0.95,1,1,1
"locus5056",0.9545,1,0.95,1,0.9375,1,0.625,1,0.6818,1,1,0.9375,1,0.875,0.9583,0.5714,0.8333,0.5,1,0.8333,1,0.5833,0.8125,1,0.8889,1
"locus5057",0.2222,0.125,0.3,0.3571,0.0556,0.0833,0.8,0.1667,0.1667,0.3,0.05,0.2,0.1,0.4,0.2143,0.875,0.1,0.5,0.3333,0.4167,0.2,0.4444,0.2222,0.3571,0.2,0.0625
"locus5058",0.9583,0.9375,0.8,0.9545,1,1,1,1,0.9545,0.875,1,0.9375,1,0.9375,0.9167,1,1,1,1,1,1,0.9545,0.8889,0.9,1,1
"locus5059",0,0,0.05,0.2222,0,0,0,0.0556,0.0455,0,0,0.0625,0,0.0625,0.0417,0,0,0,0,0,0,0.0455,0,0.1,0,0
"locus5060",1,0.9375,0.95,1,1,0.9167,1,1,0.9545,0.875,0.9545,1,1,1,0.875,1,1,1,0.8125,1,0.8571,1,1,0.9,1,1
"locus5061",0.9583,1,0.9,1,0.9444,0.9583,1,0.7778,0.8636,1,1,1,0.9,1,0.9167,1,1,1,0.9286,0.8333,1,0.7,0.95,0.95,1,1
"locus5062",1,0.9167,1,0.9545,0.9375,1,1,1,0.9091,0.9167,0.75,1,0.8333,0.9375,0.9583,0.55,1,1,1,1,1,1,1,1,0.7778,0.9167
"locus5063",0.6667,0.5,0.7143,0.8182,0.9375,0.5,0.7,0.5,0.6818,1,0.8,0.3125,0.2222,0.5833,0.5455,1,0.9444,0.75,0.5,0.7222,0.25,0.8636,0.6111,0.4375,0.5455,0.625
"locus5064",0,0.125,0.05,0,0.1429,0.1818,0,0,0,0,0.2222,0,0.15,0.0625,0,0.0455,0.1111,0,0,0,0,0,0.05,0,0.0909,0
"locus5065",0.3333,0.3,0.2,0.0625,0.0714,0.2,0,0.1111,0.0455,0.0625,0.3571,0.0833,0.0714,0.0714,0.0417,0,0.0714,0,0.0625,0,0,0.0455,0.1875,0.1,0.5,0
"locus5066",0.5833,0.6875,0.8333,0.2,0.5,0.6111,1,0.5,0.8182,1,0.5,0.625,0.625,0.5,0.85,0.8636,0.6875,0.5,0.8333,0.8333,0.5,0.5556,0.6,0.8333,0.8,0.2727
"locus5067",0.7222,0.8333,1,0.75,0.5,0.8,1,0.6667,0.9,1,0.9444,0.6667,1,0.8125,0.8889,0.9545,0.6111,0.1667,0.8125,0.8333,0.6667,0.5,0.3333,0.9375,0.5,0.5
"locus5068",0.7222,1,1,1,1,1,1,1,1,1,1,0.9375,1,0.9375,1,1,0.6875,1,1,1,1,1,0.9444,1,0.9091,1
"locus5069",0.7917,0.8333,0.95,1,0.9444,0.8182,1,0.9444,0.9545,1,0.625,1,0.6667,1,0.9583,1,0.9444,0.6667,1,0.9444,1,0.7857,0.95,1,1,0.9583
"locus5070",0.6667,1,0.8889,0.9545,0.9444,1,0.375,0.9444,0.6364,0.6429,0.8636,1,1,0.9167,0.7222,0.1364,0.8889,0.75,0.9167,0.625,1,0.9091,1,0.9,0.7778,0.875
"locus5071",0,0.125,0,0,0,0.2917,0,0,0,0,0,0.0625,0.05,0.0625,0.0417,0,0,0,0.125,0,0,0,0.05,0,0,0
"locus5072",0.875,1,1,1,1,1,1,1,0.8636,1,0.9545,1,1,0.9375,0.9167,1,0.8333,1,0.9375,1,1,1,0.95,0.9,0.9545,0.875
"locus5073",0.5,0,0.1,0.5,0,0.125,0,0.0556,0.0556,0,0,0.3333,0,0,0.0455,0.5,0.5,0.1667,0.125,0.2143,0,0,0.3333,0.05,0.3333,0
"locus5074",0.0417,0.4286,0.1875,0,0.1111,0.2083,0,0.1875,0.1667,0,0.3889,0,0.25,0.125,0.0909,0,0,0,0.375,0.125,0.0833,0.4167,0.05,0.125,0,0.1818
"locus5075",0.8636,0.6,1,0.8,0.25,0.5,0,0.2857,0.75,0.3333,0.5909,0.9,0.5,0.9167,0.8333,0.0455,0.5556,0.6667,1,0.6,0.8,1,0.25,0.95,0.6429,0.4444
"locus5076",0.875,1,1,1,0.9444,0.9583,1,0.9444,1,1,1,0.9375,0.7778,0.9375,1,1,0.8125,1,0.9375,1,0.9286,1,1,0.95,0.9091,1
"locus5077",0.875,0.6875,0.7222,0.7,0.8333,0.7727,1,0.75,0.875,1,0.8333,0.9,1,0.8125,0.7727,0.9545,1,0.6667,0.75,0.875,0.8571,0.9545,0.9444,0.6667,0.6818,0.8636
"locus5078",0.6875,0.4,0.4286,0.4,0.5833,0.6,1,0.7143,0.7778,0.625,0.7778,0.5833,0.3571,0.5714,0.55,1,0.6429,1,0.5,0.7,0.4167,0.95,0.8571,0.5,0.625,0.5
"locus5079",1,1,0.8889,0.9,1,0.9583,1,0.8889,0.7727,1,1,1,1,1,0.7917,1,1,1,0.8125,1,1,1,0.95,0.9167,0.8636,1
"locus5080",0.75,0.5,0.6667,0.7143,0.5,0.7083,0.6667,0.5714,0.6875,0.5,0.6667,0.6667,0.875,0.5714,0.5833,0.9,0.6429,0.5,0.6667,0.9,0.6,0.5,0.625,0.6111,0.625,0.5
"locus5081",0.8636,1,1,0.7,1,1,1,0.8889,0.9545,1,0.8,1,0.5,0.8125,0.9583,1,0.8125,0.8333,1,0.9444,0.9286,1,0.9444,0.9,1,0.875
"locus5082",0.0417,0,0.15,0,0,0,0,0.1111,0.1364,0,0.0909,0,0.05,0.0625,0.2778,0,0,0,0.1429,0.0556,0.0833,0,0,0.05,0.0909,0.1667
"locus5083",0.9545,1,1,0.7222,0.9375,1,1,0.9444,0.95,0.9375,1,1,1,1,1,1,1,1,1,0.75,1,1,0.7778,0.95,1,0.9444
"locus5084",1,1,1,1,0.9375,0.7083,1,0.9444,1,1,0.9545,1,1,0.9375,1,1,1,1,1,1,1,1,1,1,0.9545,1
"locus5085",0.8333,0.875,0.9444,0.5,0.9444,0.9091,1,0.8125,0.9444,1,1,0.8,1,0.9167,0.9167,1,0.3125,1,0.9375,0.7143,0.8333,0.5625,0.5,0.9286,0.9375,0.95
"locus5086",0.9167,0.9375,1,1,0.9444,1,1,1,1,1,0.9545,0.9375,1,1,1,1,1,1,0.8125,1,0.9286,1,1,1,1,0.9167
"locus5087",0.9583,0.9375,1,1,1,0.9583,NA,1,1,0.75,0.9545,1,0.8889,1,1,1,1,1,1,1,1,1,1,0.95,1,0.9167
"locus5088",0.125,0.2,0.1429,0.2273,0,0.2,0.6667,0.25,0.1111,0,0,0,0,0.1667,0.0556,0.3571,0.125,0.25,0,0.2143,0.1,0.2778,0,0.2778,0.1,0
"locus5089",1,1,1,1,1,1,1,0.9444,0.9545,1,1,1,1,1,0.875,1,0.9444,1,1,1,0.9286,1,1,0.9,0.9545,0.9167
"locus5090",0.0417,0,0,0.1364,0,0,0,0.0556,0,0,0.0455,0,0,0,0.125,0,0,0.1667,0,0,0,0,0,0.05,0.0909,0
"locus5091",1,0.9375,1,1,0.7857,0.9583,1,0.75,1,1,0.95,0.9286,1,1,0.9545,1,1,1,0.9375,1,1,0.9091,1,0.95,0.9545,0.9167
"locus5092",1,1,1,1,0.5,1,1,1,1,0.9375,1,1,1,1,1,1,1,1,1,1,1,1,0.95,1,0.7273,0.8889
"locus5093",0.7,0.7143,0.95,1,1,0.8333,0.5,0.9444,1,1,0.75,1,0.9286,0.9375,0.9583,0.625,0,1,0.875,0.9286,1,1,1,1,0.8889,1
"locus5094",0.75,0.9375,0.8889,0.6875,1,0.9583,1,0.8333,0.7857,0.9167,1,0.9,1,1,0.9444,0.9545,0.5714,0.5,0.9,0.7222,0.8333,0.5,0.7857,0.9,0.4,0.9
"locus5095",1,1,1,1,0.9444,1,0.9,1,0.9091,1,1,0.9375,1,1,0.9167,0.9091,1,1,1,0.9444,1,1,1,0.9,0.9545,0.9583
"locus5096",0.5714,0.5833,0.8889,0.75,1,1,0.8333,0.9375,0.5833,0.9,0.8125,0.8125,0.8333,0.8571,1,0.9,0.5714,0.3333,0.9375,0.5714,1,0.8889,0.5625,0.85,0.7143,0.9583
"locus5097",0.1,0,0.05,0,0,0,1,0,0.0909,0.1667,0.0455,0.0625,0,0.0625,0,0.8333,0.5,0,0,0.0833,0,0,0.15,0,0.05,0
"locus5098",0.9583,1,1,1,1,1,1,0.9444,0.95,1,0.9545,1,1,0.875,0.9583,1,1,1,0.75,0.875,1,1,1,0.8889,1,1
"locus5099",0.3182,0.6429,0.5556,0.375,0.25,0.4091,0.625,0.3571,0.4444,0.6429,0.05,0.5,0.3125,0.5833,0.5,0.5,0.5,0.3333,0.6667,0.2,0.5,0.5,0.5,0.5,0.3333,0.35
"locus5100",0.7917,1,1,0.7273,1,1,1,1,1,1,1,1,1,1,0.9583,0.9545,1,1,1,1,1,0.9545,1,1,1,1
"locus5101",1,0.9375,1,0.9545,1,1,0.6667,1,0.7727,0.9375,1,0.9375,1,1,0.9583,0.9444,0.9444,1,0.9286,0.7222,1,1,1,1,1,0.9583
"locus5102",1,0.9375,0.95,1,1,0.9583,1,0.9444,0.8182,0.9375,0.9091,0.9375,1,1,0.9545,1,1,1,1,1,0.9286,1,1,0.95,1,0.875
"locus5103",0,0,0.05,0.0455,0,0,0,0.1667,0.15,0,0,0,0,0.25,0.0455,0,0.0556,0,0.125,0.2222,0,0,0,0.1,0.0455,0
"locus5104",0.9583,0.9375,1,0.8182,1,1,1,1,0.9545,1,0.9545,1,1,1,1,1,0.9444,1,0.9375,1,1,1,1,0.8,1,1
"locus5105",0.2083,0.1875,0.15,0.1364,0.25,0.1818,0.125,0.1667,0.1,0.1875,0.05,0,0,0.125,0.2917,0.2,0,0.1667,0.0625,0.5556,0.1667,0,0.375,0.3889,0.0909,0.1667
"locus5106",0.9583,1,1,1,1,0.8333,1,1,0.9545,1,1,1,0.95,1,1,1,0.875,1,0.875,1,1,1,1,0.9,1,1
"locus5107",0.8,0.875,0.5556,1,1,1,1,0.8,0.8182,1,0.9444,0.75,1,0.7,0.5,0.9545,0.625,1,0.5,0.6,1,0.5,0.8125,0.4375,0.7222,1
"locus5108",1,1,0.9444,0.8636,0.9167,1,1,0.7857,0.9091,0.9375,0.95,0.9375,0.95,1,0.9167,1,1,1,0.875,1,1,0.95,0.95,0.9444,1,0.8333
"locus5109",0.9583,0.9375,0.75,1,0.9444,1,1,0.9444,0.9545,0.9375,0.75,1,1,1,0.8636,1,0.9444,1,0.9,1,1,0.75,0.95,1,0.8182,0.9167
"locus5110",0,0.1429,0,0,0.1111,0.2143,0,0.3333,0,0,0.3571,0.2143,0.375,0.1875,0.0417,0,0,0,0,0.0556,0.3,0,0.05,0.1,0,0.1667
"locus5111",1,0.8125,0.85,0.9091,0.7857,0.9583,1,0.9444,0.9091,1,0.8125,0.9375,0.8333,0.9375,0.875,0.9091,0.9375,1,0.9375,1,0.9286,1,0.95,0.8,1,0.75
"locus5112",0.3636,0,0.05,0.3,0,0,0,0,0.0455,0,0,0,0,0.0625,0.125,0,0.0556,0,0,0.0556,0.1429,0.125,0.125,0.1,0,0.0417
"locus5113",0.5,0.3333,0.5,0.7143,0,0.15,0,0.3571,0.6429,1,0.05,0.625,0.0556,0.5,0.3636,0,0.1667,0.75,0.3333,0.3125,0.1667,0.8333,0.3571,0.3333,0.25,0.1875
"locus5114",1,1,0.95,1,1,1,0.5,1,1,0.9167,1,1,1,1,1,0.5455,1,1,1,0.8333,1,1,1,1,1,1
"locus5115",0.9167,0.9375,0.95,0.9545,1,1,1,1,1,0.9375,1,1,1,1,0.875,1,0.8889,1,1,1,1,1,0.95,0.9,0.9545,1
"locus5116",0.875,1,1,0.9545,1,1,1,1,1,0.8125,1,1,1,1,1,1,0.7778,1,1,1,1,1,0.95,0.95,0.9545,1
"locus5117",0.9167,1,0.35,0.8636,1,0.9167,1,1,0.625,1,0.9545,1,1,0.9167,0.4583,0.9545,1,0.6667,0.5,0.9375,0.6,1,1,0.75,0.9091,1
"locus5118",0.15,0,0,0.1667,0,0.0833,0,0.4286,0.0455,0,0,0.0833,0,0.1875,0.0455,0,0.1111,0.1667,0.1429,0.0556,0.5,0.3,0.1875,0.35,0.0714,0.25
"locus5119",1,1,0.9,1,1,0.9167,1,1,0.9545,0.875,1,0.9375,0.8889,1,0.9167,1,1,0.8333,0.875,1,1,1,0.8,1,0.9545,1
"locus5120",0.8333,1,0.9,0.9545,1,1,1,0.6667,0.95,1,1,0.875,1,0.875,0.95,1,0.875,1,1,0.9444,1,0.6875,0.8333,0.95,0.8,1
"locus5121",0.8333,0.9375,1,1,1,1,0.9,1,0.85,1,1,0.9375,1,0.75,0.9583,0.875,0.9444,0.8333,0.9375,1,1,0.9,0.85,0.9286,0.9091,1
"locus5122",0.9583,1,1,0.9545,1,1,0.5,0.9444,0.95,0.6667,1,1,1,0.9375,0.9583,0.2,0.8333,1,1,1,1,1,1,0.95,0.9545,1
"locus5123",0.8333,0.9286,1,1,0.8889,0.9583,1,0.7778,1,1,1,1,0.95,1,0.9545,1,0.9444,1,1,1,1,0.9545,0.95,1,1,0.9167
"locus5124",1,0.9375,1,1,0.9444,0.9583,1,1,1,1,0.7222,1,0.7778,1,1,1,1,1,1,1,0.9286,1,1,1,0.9545,0.9583
"locus5125",0.1111,0.25,0.25,0.5,0,0.125,1,0.0833,0.5,0.4375,0.15,0.4,0,0.4167,0.3889,0.8,0.5833,0.5,0.3,0.3889,0,0.6667,0.375,0.375,0.3889,0.2083
"locus5126",1,0.9375,0.7778,1,1,1,1,0.9444,1,1,0.95,1,1,0.8,0.8333,0.9545,1,1,0.75,1,0.9286,1,0.95,1,0.9545,1
"locus5127",0.8333,1,1,1,1,1,0.8,1,0.9545,1,1,1,1,1,1,0.9091,0.8333,1,1,1,1,1,0.95,1,0.9091,1
"locus5128",1,0.875,0.95,1,1,0.9091,1,0.8333,0.9545,0.75,1,1,1,1,0.9583,1,1,1,0.9375,1,0.9286,1,1,1,1,0.9167
"locus5129",0.9583,1,0.95,0.9545,0.9444,1,1,0.9444,0.95,0.875,0.95,1,1,1,1,0.8636,1,1,0.9375,1,0.9286,1,1,1,0.9545,1
"locus5130",0.3,0.875,0.7222,0.5556,0.8333,0.8636,0.5,0.875,0.5909,0.5,0.7222,0.8,0.8571,0.8571,0.8636,0.3636,0.3333,0.75,NA,0.4444,0.625,0.7143,0.5556,0.7778,0.3125,1
"locus5131",0.9583,1,0.95,1,1,0.9583,1,1,0.9545,1,1,0.875,1,0.9286,0.9583,1,1,1,1,0.8333,1,1,1,0.9,1,0.9583
"locus5132",0.3,0.4375,0.45,0.5,0.3333,0.4545,0,0.4444,0.4,0,0.5,0.375,0.375,0.4167,0.4091,0.05,0.1875,0.6667,0.375,0.3,0.5,0.5,0.4,0.5,0.5,0.375
"locus5133",0.9583,0.875,0.9,1,1,1,1,0.75,1,1,0.8636,0.7857,0.95,1,0.9583,1,0.9444,0.8333,0.9375,1,0.9286,1,0.9,0.95,0.8636,1
"locus5134",1,0.8333,0.8,0.7857,0.7778,0.9545,1,0.8889,0.8182,1,0.9091,1,0.95,0.75,0.875,1,1,0.5,0.7857,1,1,1,0.9,0.8333,1,0.7778
"locus5135",1,0.9375,1,0.8636,0.9444,0.9583,1,0.8889,1,0.9375,1,0.9375,1,0.9375,0.9545,1,0.9444,1,0.875,0.8889,1,1,0.95,1,1,0.9583
"locus5136",1,0.8571,0.95,1,0.875,0.75,1,0.875,1,1,0.8333,0.9375,0.8333,1,0.9583,1,1,1,0.9375,1,0.7,0.9545,1,1,0.9091,0.7143
"locus5137",1,0.8125,1,0.9545,1,0.9583,1,0.9286,1,1,0.9091,0.8125,1,0.9375,1,0.9545,1,1,1,1,1,1,1,1,0.9091,0.8125
"locus5138",0.8636,0.9375,1,0.7857,0.9444,0.85,0.5,0.9286,1,0.6667,0.7,0.9167,0.6429,0.8125,0.875,0.4375,0.9444,0.8333,1,1,0.9286,1,0.9286,0.8889,1,0.875
"locus5139",0.8333,0.5,0.8,0.7273,0.6429,0.6,0.7,0.7143,0.8,0.75,0.9091,0.5,0.2778,0.7143,1,0.95,0.6111,0.8333,0.8125,0.8333,0.5714,0.75,0.6429,0.75,0.7222,0.7778
"locus5140",1,0.9286,1,0.5,1,0.875,1,1,1,0.875,0.625,0.9286,1,1,1,1,1,0.6667,1,0.7778,1,0.5455,0.9,1,1,1
"locus5141",0.5,0.4167,0.3571,0.5,0,0.3636,1,0.3333,0.5,0.8333,0.25,0.25,0.3,0.3333,0.2778,1,0.5,NA,0.5,0.375,0.5,0.1667,0.5625,0.5,0.2857,0.2778
"locus5142",0.2,0.7,0.75,0.5556,1,1,0,0.8333,0,0.7143,0.9545,0.6,1,0.2857,0.4,0.0455,0.3125,0.1667,0.5,0.0625,1,0.9167,0.3125,0.625,0.6875,1
"locus5143",0.875,1,1,0.7778,1,1,1,1,1,1,0.9545,1,1,1,1,1,1,0.8333,1,1,1,0.9545,0.9,0.95,1,1
"locus5144",0.0417,0.0625,0,0,0,0,1,0,0.0455,0,0.2273,0,0.3333,0,0,0,0,0,0,0.0556,0,0,0,0.05,0.0455,0.0417
"locus5145",0.9167,0.4167,0.6111,0.95,0.8,0.1818,1,0.3889,0.7778,0.75,0.25,0.8571,0.2,0.6667,0.7222,0.9444,0.9444,0.5,0.625,1,0.875,0.9091,0.8,0.75,0.8636,0.9
"locus5146",0.0833,0.0625,0.05,0,0,0.0417,0,0,0.2273,0,0,0.0625,0.05,0,0,0,0.0556,0,0.125,0,0,0,0.05,0.1,0,0
"locus5147",0.9091,0.9375,1,0.9091,0.9444,1,1,1,1,1,1,1,1,0.875,1,0.4444,1,1,1,0.9444,1,0.9091,0.5556,0.9,1,1
"locus5148",1,0.9375,1,1,0.9444,0.9583,1,1,0.95,1,0.8636,1,0.95,0.9375,0.9167,1,1,1,1,1,0.9167,1,1,0.9444,0.9545,1
"locus5149",1,1,0.8333,1,1,1,1,1,0.9,1,0.9545,1,1,0.9375,1,1,1,1,0.875,0.9444,1,1,1,1,0.9545,1
"locus5150",1,1,1,1,0.9444,0.9583,1,0.875,1,1,0.8,1,0.95,1,1,1,1,1,1,1,0.9286,1,1,0.9444,1,0.875
"locus5151",0.9167,1,1,1,0.7,0.8636,1,0.7857,1,1,0.9091,1,1,1,0.875,1,0.9444,1,1,1,0.9286,1,0.95,1,0.9545,0.9444
"locus5152",0.6111,0.9,0.5,0.9286,1,0.9583,0.6,0.5714,0.45,0.875,0.9545,0.5,0.95,0.5,0.5455,0.8333,0.5625,0.5,0.5833,0.6667,0.5,0.4444,0.875,0.625,0.7778,0.9
"locus5153",0.875,1,0.75,0.9,1,0.9583,1,1,0.85,1,0.9545,0.9375,1,0.9167,0.8182,1,1,1,0.9167,0.9444,0.7857,1,1,0.9,1,1
"locus5154",0.3636,0.1,0.0625,0.0556,0,0.4286,0.1,0.1667,0.1667,0.1667,0.2,0,0.125,0.1429,0.125,0.25,0.2857,0.25,0.125,0.125,0.0833,0.0625,0.375,0.1111,0.3571,0
"locus5155",0.7083,0.75,0.9,0.85,0.8889,0.9091,0.5,0.9444,0.75,0.6875,0.9545,0.7143,0.9,0.875,0.9545,0.5,0.6667,0.3333,0.6875,0.6875,1,0.85,0.875,0.7222,0.85,0.9583
"locus5156",0.6818,0.3333,0.5,0.6818,0.3333,0.2273,0.6,0.3125,0.7222,0.1429,0.0909,0.5833,0.1667,0.5,0.625,0.35,0.3125,0.8333,0.5833,0.4286,0.25,1,0.5,0.2222,0.3333,0.0625
"locus5157",0.125,0.6,0.5,0.1429,0.6875,0.6875,0,0.75,0.5,0.25,0.4286,0.25,0.25,0.2857,0.4,0.0455,0.1667,0,0.5,0,0.6,0.0455,0.0833,0.4375,0.4,0.625
"locus5158",0.8636,0.5714,0.85,0.7727,0.9444,0.625,1,0.6875,0.8636,0.75,0.75,0.8571,0.8,0.9375,0.8182,1,1,0.6667,0.75,1,0.7857,0.9545,0.8889,0.9444,0.9545,0.7727
"locus5159",0.75,1,0.9444,0.9091,1,1,1,0.9444,0.9545,1,1,1,1,1,0.9583,1,1,1,1,1,1,1,0.95,0.9,1,1
"locus5160",0.6818,1,1,0.3125,1,1,0.6,1,1,1,1,0.8571,1,1,0.9583,0.9091,0.6667,1,1,0.9375,0.9286,0.9,0.8125,0.95,0.75,0.9091
"locus5161",0.6364,0.8125,0.95,0.9545,0.9444,0.875,0.625,0.9444,0.9091,1,1,0.8571,0.9444,0.9375,0.9583,0.4375,0.9375,0.8333,1,0.875,1,0.95,0.7143,0.85,0.8636,0.9583
"locus5162",1,0.6875,0.6667,0.8182,0.6429,0.875,1,1,0.6875,1,0.6,0.8,0.875,0.9286,0.65,1,0.7778,0.8333,0.6667,0.8333,0.8,0.9545,1,0.75,0.85,0.9444
"locus5163",0.75,0.8571,0.95,0.8636,0.8571,0.6818,NA,0.7222,0.9545,0.6,0.8571,0.7857,1,0.6875,1,1,0.75,0.6667,1,0.9375,0.7857,0.9545,0.6875,0.9,0.9545,0.9167
"locus5164",0.375,0.4286,0.3571,0.4286,0.5,0.65,0.3,0.4167,0.15,0.5,0.4444,0.5,0.375,0.3333,0.45,0,0.625,0.5,0.5,0.1,0.5,0.4444,0.5,0.2,0.3,0.625
"locus5165",1,1,1,1,1,0.9583,1,0.9444,0.9545,0.9375,0.9545,1,1,1,1,1,1,1,1,1,1,1,1,1,0.8,1
"locus5166",1,0.875,1,0.9091,1,1,0.8,1,0.9091,0.9375,1,1,0.95,1,0.9545,1,0.9444,1,0.9375,0.9444,1,1,0.9,1,0.8182,1
"locus5167",0.9545,0.8125,0.9375,0.7857,0.8333,0.9545,1,0.7857,0.85,0.9167,0.5556,0.875,0.8,0.875,0.875,0.9545,1,0.5,0.8571,1,0.75,0.9545,0.75,0.7222,0.8889,0.9545
"locus5168",0.5455,0.8125,0.95,0.5,0.3333,0.75,1,0.6875,0.7727,0.8125,1,0.4167,0.8333,0.625,0.875,1,0.5556,0.5,0.875,0.8889,0.6667,0.65,0.55,0.6,0.6,0.5417
"locus5169",0.9167,0.9375,0.9444,1,1,1,1,1,0.8636,1,1,1,1,0.9375,1,1,1,1,1,0.8889,1,1,1,1,1,1
"locus5170",0.0833,0,0,0.3333,0,0,0,0,0.0909,0,0,0.0625,0,0.125,0,0.0455,0,0,0,0,0,0.0625,0.6111,0.1111,0,0.0417
"locus5171",1,1,0.95,1,0.9444,1,1,0.9444,1,1,1,1,1,1,0.9583,0.9545,1,1,1,0.8125,1,1,0.9,1,0.9545,1
"locus5172",0.8636,0.625,0.7,0.5,0.6667,0.625,0.5,0.6111,0.6818,0.6875,0.6364,0.5,0.55,0.8125,0.7083,0.2273,0.7778,0.75,0.6875,0.6667,0.6667,0.7222,0.85,0.5556,0.6364,0.6667
"locus5173",0.875,0.9375,0.9,0.8636,0.8333,0.9167,1,0.8125,0.85,0.8125,0.9545,0.875,1,1,0.9583,1,1,1,1,0.9444,0.9286,0.9091,0.9444,1,0.9091,1
"locus5174",0.15,0.9167,0.8125,0.7778,0.9444,0.9167,0,0.8333,0.4091,0.1875,0.8636,0.7,1,0.5625,0.85,0.0455,0.5,0.6667,0.5833,0.5,0.5,1,0.5,0.45,0.6875,0.8333
"locus5175",0.9583,1,0.95,0.9545,0.8889,0.9583,1,0.9444,0.9091,1,1,0.9375,1,0.875,0.9583,1,1,1,1,0.9444,1,1,0.95,1,1,0.8333
"locus5176",1,0.9375,0.95,1,0.9444,1,1,1,1,1,0.95,1,1,1,0.9583,1,0.9286,1,0.9375,1,1,1,1,0.9,1,0.9583
"locus5177",0.125,0,0,0.0455,0,0,0,0.0556,0,0.0625,0,0,0,0,0,0,0,0,0.0625,0.1111,0,0,0,0.05,0.25,0
"locus5178",0.8333,1,0.85,0.8182,0.9444,0.9545,1,0.8333,0.9091,1,1,0.9375,1,0.8125,0.875,0.9545,0.8889,1,0.8125,0.9444,1,0.625,0.95,0.8333,0.9545,0.875
"locus5179",0.65,1,0.8889,0.125,0.8889,0.875,1,0.9375,0.9444,0.75,0.9375,0.8333,0.7143,1,0.8571,0.9,0.9286,0.8333,1,0.75,0.9286,0.3889,0.5,0.75,0.6875,1
"locus5180",1,1,0.95,1,0.9444,0.9167,1,1,1,1,1,1,0.95,1,0.9444,1,1,1,1,1,1,0.9545,1,1,0.8636,1
"locus5181",0.6111,0.5833,0.3571,0.625,0.3,0.4444,0.7,0.5,0.45,0.75,0.5,0.5,0.5,0.6875,0.4375,0.3333,0.5714,0.75,0.4,0.75,0.8,0.5,0.5556,0.5556,0.75,0.35
"locus5182",1,1,1,1,0.6111,0.8333,1,0.9444,1,1,1,1,1,1,1,1,1,1,0.9375,1,1,1,0.9,1,0.7727,0.8182
"locus5183",0.8333,1,0.9,1,1,1,0.1,0.8333,0.6818,0.8125,0.9091,1,0.95,0.8125,1,0.2778,1,1,0.875,0.625,1,1,0.95,0.85,0.9545,1
"locus5184",0,0,0.1,0,0,0.0833,0.5,0.0556,0,0.25,0.0909,0,0,0.0625,0.125,0.0833,0.1875,0.1667,0,0.3333,0,0.0455,0,0,0.0455,0.0417
"locus5185",0.7917,1,0.85,1,1,1,0.875,0.9444,0.9545,0.875,0.9545,1,1,1,0.9167,0.7,0.9375,0.8333,0.8125,0.6667,0.9286,0.9545,0.9,0.95,0.8182,1
"locus5186",0.6818,0.6667,0.625,0.3125,0.75,0.7857,1,0.5,0.8,0.875,0.35,0.6667,0.5,0.625,0.7917,1,0.5,0.6667,0.7143,0.7778,0.6667,0.875,0.625,0.5,0.4444,0.6111
"locus5187",0.8,0.5833,0.95,0.9167,0.5,0.0625,0.625,0.625,0.7222,0.5833,0.0556,0.625,0,0.6429,0.7083,0.75,1,1,0.7857,1,0.5,0.5455,0.875,0.6429,0.8,0.625
"locus5188",0.9375,0.25,0.8125,1,0.0556,0,1,0.0833,1,0.4,0.0556,0.3333,0,0.625,0.5,1,1,1,0.5,0.75,0.4,0.3889,0.8,0.375,0.5,0.05
"locus5189",0.9167,1,0.8889,1,0.9444,0.875,1,0.9167,0.7,0.75,0.85,0.9375,0.7,0.8125,0.8333,0.8182,0.8333,1,1,0.7778,0.7857,1,0.875,0.7857,0.95,0.7
"locus5190",0.2917,0,0.2778,0.35,0.0556,0.0833,0.7,0.3333,0.35,0.2857,0.0909,0.25,0,0.3125,0.3333,0.4545,0.5,0.1667,0.3571,0.5625,0.3571,0.5,0.4375,0.1,0.65,0.0417
"locus5191",1,0.9375,0.9,1,0.9444,1,1,0.8889,1,1,0.9545,0.9375,1,1,0.9167,1,1,1,0.9375,0.9444,0.8571,1,1,1,0.8636,0.9545
"locus5192",0.9583,1,0.9,1,1,1,0.9,1,0.7727,0.75,1,0.9375,1,0.875,0.9583,0.9545,1,0.8333,1,0.7222,0.9286,0.55,0.95,1,0.85,1
"locus5193",1,1,0.95,1,1,0.9167,1,0.9375,1,1,1,1,1,0.8571,0.875,1,0.8889,1,0.875,1,0.8333,0.65,0.95,0.95,0.9545,1
"locus5194",0.875,0.7857,0.6667,0.6875,0.9167,0.8182,1,0.7857,0.8571,1,0.9091,0.75,0.9286,0.9286,0.9167,1,0.9444,1,0.9286,0.5714,1,0.9545,1,0.75,0.9545,0.8889
"locus5195",0.875,1,1,0.9545,0.875,0.75,1,0.9444,0.9545,0.9375,1,0.9375,1,1,1,1,1,1,1,1,1,0.9545,0.95,0.95,1,0.8182
"locus5196",0.9583,0.75,0.85,0.9545,1,0.7727,1,0.8889,0.9091,0.875,0.9545,0.8125,0.95,0.5714,0.7917,1,0.8889,1,0.8125,0.8333,0.9286,1,0.7,0.75,0.9545,0.9583
"locus5197",0.875,1,0.95,1,1,0.9583,1,1,0.8182,1,1,1,0.95,1,1,1,0.8889,1,1,0.8889,0.9286,1,0.8889,1,1,0.9545
"locus5198",0.6364,1,0.55,0.9444,0.9444,0.9583,1,0.7857,0.65,1,0.8636,0.9286,1,0.5625,0.75,0.9545,0.5,0.5,0.75,0.8333,0.875,0.9091,0.5556,0.5,0.65,0.7273
"locus5199",1,1,1,1,0.875,0.9583,0.9,0.75,1,0.9375,1,1,1,1,1,1,1,1,0.9375,0.9444,1,0.9545,1,0.7778,0.9,0.75
"locus5200",0.9583,1,1,0.9545,1,1,1,1,0.9545,1,0.9545,1,1,0.9375,1,0.9545,0.9444,1,1,0.9444,1,1,0.75,1,0.9545,1
"locus5201",1,0.9375,1,1,1,0.9167,0.9,1,1,1,1,1,1,1,1,0.55,1,1,1,1,1,1,0.95,1,0.9545,1
"locus5202",0.9167,1,0.9,0.7778,1,0.9583,1,0.8571,1,1,0.9545,1,1,0.9375,0.875,1,0.9444,1,0.875,1,0.8333,0.9091,1,0.85,0.8636,0.8333
"locus5203",0.25,0,0.0556,0.2857,0,0,NA,0,0.1364,0.125,0.0455,0,0,0,0.125,0,0,0,0.25,0.1429,0,0.1667,0.1111,0.05,0.1,0.0417
"locus5204",0.125,0.3571,0.1111,0.3,0.3571,0.3636,0,0.375,0.0455,0.0714,0.1818,0,0.5,0.1875,0.125,0.0455,0.0556,0,0.2857,0.125,0.3333,0.2,0,0.1111,0,0.2222
"locus5205",0.9583,0.9375,0.75,0.8182,0.9444,0.9167,1,1,0.85,1,1,1,1,1,0.8182,1,1,1,0.9286,0.8333,0.6667,0.55,1,0.9,0.9545,0.9545
"locus5206",0.8182,1,0.95,1,1,1,0.9,0.9444,0.9545,0.9375,1,0.9375,1,0.9375,1,0.875,0.9444,1,1,0.8333,1,1,1,1,0.9545,1
"locus5207",0.9583,1,0.9,1,1,1,1,0.8889,0.9091,1,1,0.75,1,0.9375,0.9583,0.9545,0.9444,1,0.9375,1,1,1,1,1,0.9091,1
"locus5208",0.9583,1,1,1,1,1,1,1,0.7273,1,1,1,1,1,0.8333,1,0.9444,1,1,0.9444,0.9286,0.9545,0.95,0.95,1,1
"locus5209",1,1,1,1,0.9444,1,0.8,0.9444,1,0.75,0.9545,1,0.9,1,1,0.7222,1,1,1,0.7778,1,1,1,1,1,0.9583
"locus5210",1,1,1,1,1,1,1,0.8333,1,1,1,1,1,0.875,0.9583,1,1,1,0.875,1,0.7857,1,1,1,1,0.8333
"locus5211",0.8333,1,0.85,0.8182,0.9375,1,1,0.8571,0.9545,0.875,0.9545,0.8125,1,0.9375,0.8636,1,0.8333,0.8333,0.8571,0.8333,1,0.7273,0.85,0.65,1,0.7222
"locus5212",0,0.3571,0.1,0.1,0.375,0.0909,0.6,0.1111,0,0,0.05,0,0.3125,0.125,0,0.2727,0,0,0.0625,0,0.0714,0.0455,0,0,0.0455,0.0417
"locus5213",0.1818,0.0714,0.1875,0.1667,0.4444,0.0909,0.7,0.0714,0.1429,0.4375,0.0455,0.0625,0.1,0.0833,0.125,0.9,0,0,0.0714,0.3889,0,0.0909,0.25,0.1,0.1875,0.2222
"locus5214",0.9583,0.8333,0.95,1,0,0.6667,1,0.75,1,1,0.3571,0.8571,0.4286,0.9375,1,1,1,1,1,1,0.75,0.9545,0.9,1,0.9286,0.6
"locus5215",0.6667,0.4375,0.5,0.5833,0.6,0.5417,0.4,0.5,0.7143,0.6667,0.5,0.5,0.5,0.6429,0.5909,0.4286,0.7143,0.25,0.5833,0.6429,0.5833,0.8333,0.8333,0.4375,0.9,0.5
"locus5216",0.875,1,1,0.9091,1,1,1,1,1,1,1,1,1,0.9375,1,1,0.7857,0.8333,0.9375,0.9444,0.9286,1,0.7222,1,0.8,1
"locus5217",0.375,0.3333,0.6667,0.3571,0.4167,0.65,0.5,0.375,0.2857,0.7143,0.5556,0.5,0.6,0.625,0.5625,0.5556,0.6,0.5,0.6667,0.375,0.5,0.8333,0.5,0.4375,0.7222,0.5
"locus5218",1,1,0.95,1,0.9444,0.9091,1,0.9444,1,0.875,0.9545,1,1,1,0.9583,1,1,1,1,1,1,1,1,1,0.9545,1
"locus5219",1,0.6429,1,1,0.5833,0.65,1,0.8571,1,0.9375,1,1,0.7143,0.9375,0.7083,1,1,1,0.875,0.8889,0.75,1,1,0.95,0.8636,0.65
"locus5220",0.875,0.9375,1,1,0.9444,1,1,0.8889,0.9091,0.9375,1,1,1,0.9375,1,0.9545,1,1,0.9375,0.75,1,1,0.85,1,0.8636,1
"locus5221",0.125,0.0625,0.05,0.1364,0.5,0.375,0.5,0,0.0909,0.1667,0.4375,0.125,0.6111,0,0.0417,0.4286,0.1111,0,0.125,0.0556,0,0.5,0,0,0.0833,0.1429
"locus5222",0,0.0625,0.05,0.0909,0,0,0,0,0,0,0,0.0625,0,0,0.0455,0,0.0556,0,0,0,0.1429,0.0455,0,0.15,0,0
"locus5223",1,0.875,0.9,1,0.9444,0.9583,1,1,1,0.9375,0.9545,1,1,1,0.9583,1,1,1,1,1,0.9286,1,1,0.95,1,1
"locus5224",0.4167,0.5,0.6429,0.7143,0.7222,0.4444,0.5,0.5,0.4091,0.375,0.6667,0.6,0.5714,0.5,0.5,0.6111,0.5714,0.75,0.5,0.5625,0.6,0.5,0.6111,0.5,0.5,0.5417
"locus5225",0.875,0.9375,1,0.9091,0.9286,0.9167,1,0.6667,0.8636,0.875,1,0.6667,0.95,0.9375,0.8333,0.9091,1,0.8333,0.9375,0.8889,0.7857,0.8182,0.95,1,0.85,0.8889
"locus5226",1,0.875,1,1,0.8889,0.7273,1,1,1,1,0.9444,1,0.9,1,0.9545,1,1,1,1,1,1,1,1,1,1,0.9583
"locus5227",0,0.0625,0,0,0,0,0,0,0,0,0.15,0.0625,0.35,0,0,0,0,0,0,0,0,0,0,0,0,0
"locus5228",1,1,0.9,1,1,1,1,0.9444,1,0.9375,1,0.875,1,1,0.9583,1,1,1,0.9375,1,0.9286,1,1,0.75,1,0.8333
"locus5229",0.7727,1,0.8333,0.5,0.9444,0.9583,1,1,0.8889,1,0.8636,0.9167,0.95,1,0.8333,0.9091,0.75,0.5,1,0.875,0.7857,0.85,1,0.8,0.85,1
"locus5230",1,1,0.9286,0.9545,1,1,1,0.9444,1,1,0.9545,0.875,1,0.9375,0.5556,1,1,1,0.8571,1,1,1,1,0.85,0.95,1
"locus5231",0.9444,0.75,0.8333,0.9286,1,0.8333,0.9,0.8125,0.8333,1,0.8,1,0.625,1,0.8333,0.9091,0.9444,0.8333,0.8333,0.9375,0.9,0.45,0.9375,0.875,0.75,0.75
"locus5232",1,1,0.95,0.9545,1,1,1,1,1,1,1,0.9286,1,0.875,1,1,1,1,1,0.8889,0.9286,1,1,1,1,1
"locus5233",1,0.75,1,1,0.8125,0.7273,1,0.875,0.9091,1,0.7222,0.9375,0.5556,1,1,1,1,1,0.7857,0.8125,0.9286,0.9545,1,0.9375,0.9545,0.7917
"locus5234",1,1,0.95,1,1,1,1,1,1,1,1,1,1,1,0.8333,0.9545,1,1,0.9375,1,1,1,1,0.9,0.9545,1
"locus5235",0,0,0.05,0,0,0,0,0.2222,0,0,0,0,0,0,0.1818,0,0,0,0,0,0,0,0.1,0.05,0.2,0.1818
"locus5236",0.1111,0.125,0.1111,0.0455,0,0,0.875,0.1111,0.1364,0.2857,0.05,0,0,0.2143,0.2727,0.6111,0.2222,0.1667,0.25,0.2222,0.1429,0.5,0.0556,0.2,0.1875,0.0833
"locus5237",1,0.375,0.7,0.9,0.7143,0.4286,1,0.6875,1,0.9,0.6429,0.5,0.5714,0.5,0.8889,1,1,0.75,0.875,1,0.875,0.9545,1,0.8125,0.75,0.5
"locus5238",0.6818,1,0.85,0.8889,1,0.9583,0.9,0.9444,1,0.75,0.95,0.75,0.9,0.9375,0.8333,0.6818,0.6111,1,1,0.8571,1,0.4286,0.9444,0.95,0.6364,1
"locus5239",1,1,1,0.9545,0.875,1,1,0.875,1,1,1,0.9375,1,1,1,1,1,1,1,1,1,1,1,0.95,1,0.55
"locus5240",0.9167,1,1,0.9545,1,1,1,1,0.9545,1,1,1,1,0.875,0.9167,1,1,1,1,1,0.9286,0.9545,0.95,0.95,1,1
"locus5241",0.15,0,0.25,0.0455,0,0,1,0,0.0556,0.25,0.0455,0,0,0.0625,0.0417,0.8571,0.125,0,0.0625,0.0625,0,0.2222,0.05,0,0.05,0
"locus5242",0.8182,0.3,0.4286,0.3,0,0.2,0.9,0.125,0.5909,0.9375,0.1364,0.5,0.0556,0.5714,0.2917,1,0.9444,0,0.4167,0.9286,0.0833,0.5714,0.9,0.4444,0.75,0.0625
"locus5243",0.3333,1,0.95,1,1,1,0.8,1,1,1,1,1,1,1,1,1,0.75,1,0.875,1,1,0.9091,0.8333,0.95,0.95,1
"locus5244",0.7083,1,0.7,0.875,1,0.8182,0.75,0.6875,0.7727,0.75,0.9286,0.5714,0.9167,0.7143,0.7,0.5556,0.7778,0.6667,0.875,0.7222,0.7,1,0.65,0.75,0.6818,0.8636
"locus5245",0.875,0.7857,0.9,1,0.8,0.6,1,1,0.95,0.9,0.375,0.75,0.2778,0.8571,0.85,0.7273,0.7778,0.75,1,0.9286,0.6667,1,0.7143,0.9444,0.8182,0.9444
"locus5246",0.3333,0.5,0.5,0.5,0.2143,0.3333,1,0.3125,0.4545,0.4286,0.2222,0.3333,0.2143,0.3571,0.5,0.9545,0.4,0.3333,0.5,0.5714,0.4,0.1667,0.2857,0.3125,0.3125,0.3
"locus5247",1,1,1,1,0.7857,0.875,1,1,1,1,1,1,1,1,0.9091,1,1,1,0.9286,0.9444,1,0.9545,1,1,1,0.85
"locus5248",0.0417,0,0,0,0.1667,0.0417,0,0.0714,0.0455,0,0,0,0,0,0,0,0.0556,0,0,0,0,0,0.05,0,0.0909,0.2
"locus5249",0.9091,0.8571,0.95,0.75,1,0.8125,1,0.8889,0.9545,1,0.8889,1,0.75,0.75,0.9583,1,0.9444,0.8333,0.8125,0.9444,0.9286,1,1,1,1,0.9583
"locus5250",0.3125,0.75,0.25,0.7,0.875,0.7727,1,0.7857,0.5909,0.4167,0.8182,1,0.95,0.4375,0.375,0.5,0.4375,0.3333,0.4375,0.6875,0.7,0.8571,0.2222,0.5625,0.85,0.7778
"locus5251",0.4375,0.5,0.4167,0.625,0.6667,0.7857,0.375,0.75,0.5,0.5,0.5,0.7143,0.5,0.75,0.625,0.6364,0.5714,0.5,0.5,0.75,0.5,0.2143,0.75,0.625,0.625,0.8125
"locus5252",1,0.5625,1,1,0.9444,0.4545,1,0.9375,1,1,0.65,0.9375,0.5,0.6875,1,1,0.9444,1,1,0.7778,1,1,0.95,1,0.9091,1
"locus5253",1,1,1,1,1,0.875,1,1,1,1,1,1,1,1,1,1,0.8889,1,0.9375,1,1,0.7222,1,1,1,0.9583
"locus5254",0,0.25,0.05,0,0,0.0417,0,0.0556,0.0909,0.0625,0,0,0,0.0625,0.0833,0,0.2778,0,0.0625,0,0,0,0.05,0.05,0,0
"locus5255",1,1,0.95,1,1,1,1,0.8889,1,0.9375,1,1,1,1,0.7917,1,1,1,0.6875,1,1,1,1,1,1,1
"locus5256",1,1,0.8,0.9545,1,1,1,0.9444,1,1,0.9545,1,0.9,0.8125,0.9167,1,1,1,0.8125,1,1,1,1,1,1,1
"locus5257",0.9375,1,0.7143,1,0.9444,1,0.25,1,0.8333,0.9,1,0.8125,0.9,0.75,0.9167,0.65,0.875,1,0.8,1,1,1,0.85,0.9167,0.9,1
"locus5258",0.8333,1,0.95,1,1,1,1,0.9444,1,1,0.9545,1,0.95,0.9375,0.9583,1,1,1,1,1,0.9286,1,0.85,0.95,1,1
"locus5259",0.0417,0.0833,0.2222,0,0,0.1364,0,0.1667,0.05,0.125,0.1875,0.0625,0,0.25,0.3333,0,0.0556,0,0.4375,0.0556,0.0714,0.0455,0.05,0.2,0.0909,0.0417
"locus5260",0.7727,0.6875,0.8,0.7727,1,0.6364,1,0.5,0.9545,0.6875,0.9545,0.875,0.7,0.875,0.7083,0.9545,1,1,0.875,0.8889,0.5833,0.75,0.8889,0.9,0.95,0.5909
"locus5261",1,0.9375,0.95,1,1,0.9545,1,0.5,1,1,0.9545,0.9167,0.95,0.875,0.9583,1,1,1,1,1,0.375,0.9545,1,1,1,0.75
"locus5262",0.9091,0.9375,1,1,1,1,1,0.9375,1,0.9375,0.9091,0.875,1,1,0.9583,1,1,1,1,1,0.9167,0.3889,0.9,1,1,0.9545
"locus5263",0.0833,0.125,0,0,0,0.1364,0.2,0.1667,0.1667,0.375,0.0625,0.0625,0.45,0.2857,0.125,0.4091,0.1667,0,0.0625,0,0.1429,0.2727,0.1111,0.2,0,0.1667
"locus5264",1,0.75,1,0.9545,1,0.6,1,1,1,1,0.9,1,0.8125,1,1,1,1,1,1,1,1,0.9545,0.85,1,1,0.9583
"locus5265",0.0833,0,0.1111,0,0,0,0,0,0.0455,0,0,0,0,0.1875,0.1667,0,0.1111,0,0,0,0,0,0,0.15,0,0
"locus5266",0.7273,0.9375,1,1,1,0.9583,1,1,1,1,1,1,1,1,1,1,1,1,1,1,1,0.9545,0.8333,1,1,1
"locus5267",1,0.875,0.95,1,1,0.9091,1,1,1,1,0.85,1,1,0.875,1,0.9545,1,1,1,0.8889,1,1,1,1,1,1
"locus5268",0,0.125,0,0,0,0,0,0,0.0455,0,0.3182,0,0.125,0,0,0,0,0,0,0,0.1429,0,0,0,0.0455,0.0417
"locus5269",1,0.9375,0.7,1,0.9444,0.9583,1,0.9375,0.9545,1,1,1,1,1,0.9583,1,1,1,1,1,0.9286,1,1,0.95,1,0.875
"locus5270",0.25,0.8125,0.4444,0.4375,0.7778,0.9545,0,0.6875,0.5556,0.375,0.85,0.5,0.9375,0.3571,0.65,0.0909,0.1667,0.8333,0.5714,0.4444,0.7,0.0909,0.375,0.6,0.55,0.7083
"locus5271",0.4091,0.4375,0.5556,0.65,0.625,0.6364,0.1,0.5625,0.3636,0.5,0.5909,0.625,0.6111,0.6875,0.5909,0.1364,0.2778,0.5,0.5,0.375,0.5833,0.5,0.45,0.45,0.5,0.5
"locus5272",0.9375,0.7143,0.7857,0.8889,0.5833,0.4,0.5,0.9,0.8571,0.9286,0.5625,0.8333,0.5,0.8333,0.8125,1,1,0.5,0.7,0.8125,1,0.3125,0.85,0.8889,0.875,0.6667
"locus5273",0.9583,0.875,0.7222,0.75,0.8125,0.9583,1,0.7778,0.8,1,0.75,0.9286,0.7778,0.9375,0.9091,0.9545,1,0.8333,0.6875,0.7778,1,0.8333,1,0.8,0.8,0.875
"locus5274",1,1,1,1,1,1,1,0.9375,0.9091,0.875,1,1,0.95,1,0.8333,1,1,1,0.9375,1,1,0.7727,1,0.9,0.9545,0.9583
"locus5275",0.9583,0.6429,0.95,0.8571,0.4286,0.4545,1,0.375,0.9545,0.875,0.6667,0.8333,0.5714,1,0.9583,1,0.9444,0.5,0.9167,1,0.6429,0.8636,0.9444,0.8889,0.7222,0.3571
"locus5276",0.8182,1,0.9,0.85,1,1,1,0.9444,0.9091,1,0.9545,0.9375,1,0.9375,0.9167,1,0.8889,0.3333,0.9375,0.8333,0.8571,0.65,0.8,0.8,0.9545,0.75
"locus5277",0.2273,0.125,0.05,0.0909,0.1667,0.1667,0,0.1111,0.1364,0,0,0.125,0,0.25,0.0909,0.0625,0.125,0.1667,0,0,0.0714,0.0455,0,0.1,0.0909,0.25
"locus5278",1,0.6667,1,1,0.375,0.6111,1,0.3333,0.9091,1,0.5625,0.6667,0.4444,1,0.85,1,1,1,0.9375,0.8333,0.5,1,0.9444,0.7,0.9444,0.5909
"locus5279",1,0.7143,0.9444,1,0.6667,0.4375,1,0.8889,1,0.9,0.55,1,0.2222,1,0.7727,1,0.8889,1,0.9167,0.8889,1,0.9545,0.9,0.8333,0.9091,1
"locus5280",0.8571,1,0.95,0.65,1,1,1,0.9444,1,1,1,0.875,1,1,0.9167,1,1,0.6667,1,1,1,0.6667,0.875,0.6,1,0.9583
"locus5281",0.8333,0.625,NA,0.6,1,0.7778,1,0.9375,0.625,0.8333,0.9444,0.7143,0.75,0.8333,0.75,1,0.5833,0,0.75,0.75,0.9167,0.85,0.9167,1,0.9091,1
"locus5282",0.9583,1,1,1,0.9444,0.9167,1,0.9444,1,1,0.9545,0.9375,0.95,1,0.875,1,1,0.8333,1,1,0.9286,1,1,0.95,0.9091,1
"locus5283",1,0.9375,0.9,1,0.6875,0.7273,1,0.5714,1,1,0.9091,0.9286,1,1,0.9583,1,1,1,0.875,1,1,0.9545,0.95,0.8,0.8333,0.6818
"locus5284",0.9091,0.9375,0.95,1,1,1,0.5,0.9444,0.9,0.875,0.9545,1,1,0.8125,0.9583,0.6667,0.6429,1,0.9375,0.6429,1,1,0.7222,0.95,0.875,1
"locus5285",1,0.875,0.95,0.9545,1,0.9167,1,0.9444,0.9091,1,1,1,1,0.8125,1,1,0.9444,1,0.9375,0.9444,1,0.9091,0.95,0.75,0.9545,1
"locus5286",0.0417,0,0.1,0,0,0,0,0.0556,0.0909,0.0714,0,0.0625,0,0,0.1364,0.0455,0,0,0.0625,0.1111,0.0714,0.2857,0,0.05,0,0.0417
"locus5287",0.9583,0.9375,0.9444,0.9545,1,0.9167,1,1,0.9545,1,1,1,1,1,0.9545,1,0.9444,1,1,0.8889,1,0.9545,1,1,0.9091,1
"locus5288",0.1818,0.3125,0.15,0.3636,0.375,0.35,0,0.3125,0.0909,0.1875,0.2273,0.2143,0.35,0.0625,0.0833,0.15,0,0.1667,0.25,0.2778,0.1429,0.0455,0.15,0.15,0.2,0.25
"locus5289",0.3636,0.0625,0.05,0.375,0,0.0833,0,0,0.1667,0.0625,0.0455,0.2,0,0.2857,0.125,0.0455,0.1,0.1667,0,0.0714,0.1429,0.125,0.1875,0.2222,0.125,0.125
"locus5290",0.8333,0.8125,0.95,0.8636,0.7778,0.8333,1,0.7778,1,0.8571,0.9545,0.9375,0.9,1,0.9583,1,1,1,0.9286,1,0.7857,0.9545,0.8333,1,0.9091,1
"locus5291",0.6364,0.4286,0.55,0.6,0.8125,0.5,1,0.7143,0.7,0.7143,0.6364,0.5833,0.7857,0.5625,0.55,1,0.7778,0.5,0.4286,0.7222,0.5,0.6,0.4444,0.5625,0.85,0.7083
"locus5292",0.9167,1,1,0.7727,1,1,1,0.9444,0.9545,0.9375,0.9444,0.9375,0.95,1,0.8182,0.9091,0.8889,1,0.875,0.8333,1,1,0.95,0.95,0.75,1
"locus5293",1,1,0.95,1,1,1,0.4,0.9444,1,1,0.9545,1,1,1,1,0.6,1,1,1,1,1,1,1,0.7778,1,0.9583
"locus5294",0.9167,0.6875,0.95,0.9091,1,0.9091,1,1,0.9545,0.9375,0.8889,0.875,0.8571,0.9375,0.95,1,0.9375,1,0.875,1,1,0.9545,1,0.9,0.9545,0.875
"locus5295",1,0.8571,0.9,1,0.4375,0.6667,1,0.5833,0.9545,1,0.5556,0.875,0.5625,0.9375,0.9545,0.9545,1,0.6667,0.875,0.9444,1,0.6364,0.9444,0.9,0.9286,0.8125
"locus5296",0.8182,0.7143,0.75,0.6667,0.25,0.5556,1,0.7222,1,0.8333,0.8,0.75,1,0.9375,0.7727,1,0.9167,0.75,0.8125,1,0.7,1,0.6875,0.9444,0.6667,0.6111
"locus5297",1,0.875,1,0.9545,1,0.9583,1,1,1,0.875,1,1,1,1,0.9583,NA,1,1,1,1,1,1,1,0.9,1,0.9583
"locus5298",1,1,1,1,1,1,0.4,0.9444,0.8636,0.8,0.9091,1,1,1,1,0.3889,1,1,1,0.8125,1,1,0.95,1,1,1
"locus5299",1,1,0.95,0.9091,1,1,1,0.9444,0.8636,1,1,1,1,1,0.875,1,0.9444,0.8333,0.9375,1,1,1,1,0.9,1,1
"locus5300",0.0417,0,0,0,0,0.0417,0.1,0.0556,0.0909,0.0625,0,0.0625,0.05,0,0.125,0,0.0556,0,0.0625,0.1111,0,0,0.05,0.2,0.0455,0.0455
"locus5301",0.0417,0.1875,0.05,0,0.1429,0.4583,0,0.0556,0,0,0.5909,0.125,0.6667,0.0625,0.0417,0.0909,0,0,0.1875,0,0,0.0455,0,0,0.2273,0.05
"locus5302",0.9583,1,1,1,1,0.875,1,0.8889,0.9545,1,1,1,1,1,1,1,1,1,1,1,1,1,1,0.95,1,0.75
"locus5303",0.7727,1,1,0.875,1,1,0.9,0.9,0.9091,1,0.9545,0.9167,1,0.9375,1,0.95,0.8571,0.8333,0.9375,0.8889,0.75,0.9545,0.9375,1,0.8333,0.7222
"locus5304",0.9545,0.875,1,1,1,0.9583,1,1,1,1,0.6818,1,0.7857,1,1,1,0.8889,1,1,1,1,1,1,0.95,0.9545,1
"locus5305",0.2273,0.2143,0.0556,0.2857,0.2,0,0,0.1667,0.0455,0.0714,0.0455,0.2,0.05,0.25,0.2273,0,0.2222,0,0.125,0,0.125,0.0556,0.1111,0.25,0.1111,0.2
"locus5306",0.9583,0.4167,0.9,1,0.5714,0.5,1,0.8125,0.8636,0.875,0.5556,0.875,0.65,0.75,0.8636,1,1,1,0.9375,1,1,1,0.95,0.95,0.95,0.95
"locus5307",0.9,1,1,1,1,1,1,1,0.9545,1,0.9545,1,1,1,0.9583,1,1,0.6667,1,1,1,0.3889,0.9,1,0.9545,1
"locus5308",0,0,0,0,0,0,0,0,0,0.0625,0,0,0,0,0.0417,0,0,0,0,0.1667,0.1667,0,0,0,0,0.25
"locus5309",0.9545,0.8125,0.8333,0.9,1,0.9583,1,0.9375,0.8636,0.9375,1,0.9375,0.9,0.7857,0.875,0.9545,1,1,0.7143,1,0.8333,0.5625,0.95,0.8333,0.9545,0.9583
"locus5310",0.75,0.9375,0.9,0.8182,0.9444,0.9167,0.9,0.7778,0.9091,0.6875,0.9091,0.875,0.9,1,0.9167,0.6111,0.5,0.8333,0.8125,0.6667,0.8333,0.9091,0.65,0.95,0.8182,0.9167
"locus5311",0.2857,0.7143,0.4286,0.6,1,0.875,0,0.875,0.375,0.5,0.8636,0.8333,0.95,0.5,0.5,0.0455,0.0625,0.5,0.5625,0.4,0.8333,0.2,0.5,0.7778,0.5625,0.9091
"locus5312",0.55,0.125,0.2,0.375,0.125,0.05,0.2,0.2857,0.1818,0.1429,0.0909,0.3,0.05,0.5,0.2083,0.0455,0.4286,0.3333,0.1875,0.2143,0.1667,0.35,0.5,0.1667,0.4,0.3182
"locus5313",0.1667,0.5833,0.6111,0.3333,0.9444,0.75,0,0.8571,0.3889,0.3333,0.9,0.6,1,0.5714,0.5625,0.0455,0.0833,0.5,0.6875,0.25,0.875,0.4375,0.3333,0.5,0.6875,0.9
"locus5314",0.4,0,0.125,0.35,0.0714,0,0.2,0.3,0,0.1429,0.0909,0.125,0,0.5,0.125,0.5,0.25,0,0.0714,0.2222,0.4167,0.1429,0.5556,0.3125,0.5,0.4545
"locus5315",0.5417,0.5,0.5,0.2,0.5,0.55,0.6667,0.5,0.5,0.3333,0.3182,0.4375,0.3889,0.5,0.5417,0.0556,0.5,0.5,0.5833,0.5,0.5,0.3636,0.4444,0.4444,0.3333,0.5
"locus5316",1,0.5,1,0.9545,0.5,0.5,1,0.8571,1,1,0.3333,1,0.5,0.9375,0.9583,1,1,1,0.9375,0.9444,0.9167,0.8182,0.95,1,1,0.7857
"locus5317",0.8182,1,1,1,1,1,1,1,0.7273,1,0.9545,0.9286,1,0.875,0.9167,0.9545,0.6667,0.6667,0.9375,0.9444,0.9286,0.45,1,0.9,0.6111,1
"locus5318",0.8125,0.9286,0.8889,0.7273,1,0.9,0.8333,0.8333,0.8182,0.7857,1,0.9375,1,0.875,0.8333,0.9,0.7222,0.8333,0.6429,0.6667,0.9286,0.9091,0.9444,0.85,0.9545,0.8333
"locus5319",1,1,0.8333,1,1,1,0.9,0.9444,1,1,1,1,1,1,0.875,0.9091,0.8889,1,1,1,1,1,1,1,1,1
"locus5320",1,1,0.95,1,1,1,1,1,1,1,1,0.5714,1,1,1,1,0.9444,1,1,1,1,1,1,0.9,0.9545,0.9167
"locus5321",0.7083,1,0.9,0.85,1,1,1,0.9444,0.9091,1,1,0.875,0.95,0.9375,0.9167,0.9545,0.9444,0.6667,0.9375,0.9375,1,0.7222,0.7857,0.8889,0.95,1
"locus5322",0.7273,0.4167,0.3333,0.6667,0,0.1667,1,0.5556,0.6818,0.5,0.0909,0.8333,0.125,0.75,0.375,0.8636,0.9375,0.25,0.6429,0.7778,0.2857,0.4,0.7778,0.65,0.5,0.35
"locus5323",0.9583,1,0.8889,1,0.9444,0.875,1,0.8889,0.9091,1,0.9,0.9375,0.7778,0.9375,0.7917,1,0.9444,1,0.8125,0.9444,0.9286,1,1,0.85,1,0.8333
"locus5324",1,1,0.95,1,1,1,1,1,0.9545,1,0.9545,0.9375,0.95,1,0.9583,0.9545,1,1,1,1,1,0.9545,1,1,1,0.75
"locus5325",0.9167,0.9375,0.7778,1,1,1,1,1,0.7857,1,1,1,1,0.9167,0.9,0.8333,1,0.8333,0.8,0.5,1,1,0.95,0.95,1,1
"locus5326",0.875,1,1,0.8182,0.9444,1,1,0.9444,1,1,0.9091,0.9375,1,1,1,0.9545,1,0.8333,1,1,1,0.9091,1,1,1,1
"locus5327",0,0.0625,0,0,0.0556,0,0,0,0,0.5714,0,0,0,0.375,0,0.05,0,0,0,0.0556,0.0714,0,0,0,0.0455,0.0417
"locus5328",0.8,0.75,0.9,1,1,1,1,1,0.95,1,1,1,1,0.9,0.8333,1,0.8,0.5,0.75,0.9444,1,0.7222,0.8,1,0.7778,0.9583
"locus5329",0.5,0.6429,0.4444,0.5833,0.5714,0.6,0.75,0.3333,0.25,0.6667,0.8182,0.2857,0.7,0.5714,0.3333,0.7,0.4286,0,0.2143,0.4167,0.5,0.55,0.5833,0.45,0.5714,0.2143
"locus5330",0.8333,0.9375,1,1,1,0.875,1,0.9444,1,0.875,0.5625,0.9375,1,0.875,1,1,1,1,0.9375,1,1,1,0.9,0.95,1,1
"locus5331",0.7727,1,1,0.7857,0.9444,1,1,0.8571,0.8636,1,1,1,1,1,0.9583,1,1,0.8333,0.9375,0.9444,1,0.5556,0.6667,0.9,0.8889,0.9167
"locus5332",0.9583,1,0.95,0.9545,1,0.9545,1,1,1,1,0.85,1,1,0.9375,0.9167,1,1,1,0.875,1,1,1,0.95,0.85,1,1
"locus5333",0.7273,0.9375,1,0.65,0.5,0.7143,1,0.3333,0.9545,1,0.8333,0.3,0.875,0.9375,0.8,1,0.875,0.5,0.7143,0.9444,0.75,0.95,0.5,0.85,0.25,0.4
"locus5334",1,0.8125,1,1,0.9444,0.9583,1,1,0.9545,0.8333,1,1,1,0.875,1,1,0.9444,0.8333,1,0.9444,0.8571,1,1,1,0.9545,1
"locus5335",1,0.875,1,0.75,1,1,0.5,1,0.9,1,1,0.9375,0.95,0.8125,0.9167,0.875,0.8571,1,0.9375,0.9444,1,1,0.9375,0.9,0.8636,1
"locus5336",1,0.9375,1,0.9091,0.9444,0.9583,0.6667,1,0.9091,1,0.9545,1,1,0.8125,1,0.85,1,1,1,1,0.9286,1,0.8889,1,1,1
"locus5337",0.9583,0.9375,1,1,1,0.9091,1,0.8889,0.8636,0.9375,1,0.9375,1,1,0.9583,0.8,0.9444,1,0.8125,1,0.9286,1,0.9,0.9,0.8636,0.9583
"locus5338",0.7083,1,0.7778,0.8636,0.8333,1,0.875,1,0.7222,0.75,1,1,1,0.7857,0.9583,0.9444,0.7778,0.8333,0.7143,0.75,1,0.8636,0.95,1,0.9091,1
"locus5339",0.9583,1,1,0.7273,1,0.875,1,0.8889,1,1,0.9545,1,1,0.9375,1,1,1,1,1,1,0.9286,1,1,1,1,0.9167
"locus5340",0.95,0.875,0.85,0.7222,0.9444,0.7273,1,0.7778,0.7727,0.8571,0.9,0.875,0.95,0.8125,0.9091,1,0.5,0.8333,0.75,0.8333,0.8571,0.95,0.8,0.6,1,0.8636
"locus5341",0.9583,1,0.9,1,1,1,1,1,1,1,0.5455,1,0.7778,1,0.9091,1,1,1,0.875,0.9444,1,1,1,1,1,1
"locus5342",0.4,0.375,0.3125,0.3,0.0556,0.25,0.875,0.1111,0.3,0.1429,0.1364,0.1667,0.05,0.5833,0.375,0.75,0.5,0.3333,0.3571,0.4375,0.1667,0.2273,0.3333,0.2778,0.2,0.1667
"locus5343",1,1,1,1,1,0.9545,1,0.9444,1,0.7143,0.9,1,0.9444,1,1,1,1,1,1,0.9444,1,1,0.9,1,1,0.9583
"locus5344",0.9583,0.875,0.9,0.9545,1,1,1,1,0.9545,0.9375,1,1,1,1,0.9583,1,1,1,1,0.8333,1,1,0.95,1,1,1
"locus5345",0.7727,0.9375,0.9,1,0.9375,0.9583,0.9,1,0.9545,0.7143,1,0.875,1,1,1,0.3,0.7778,0.8333,0.9375,0.7222,1,0.9091,0.8,1,0.85,0.9444
"locus5346",0.0417,0.25,0.05,0,0,0.0417,0.1,0.1111,0.1,0,0.125,0,0,0.0625,0.0833,0.1875,0,0,0,0,0,0,0,0.05,0,0
"locus5347",0.6,0.125,0,0.4545,0,0.0833,1,0.0714,0.15,0.5714,0,0.2857,0.05,0.0714,0.0833,0.9545,0.4444,0.5,0.0625,0.25,0,0.8636,0.5625,0.1875,0.5455,0.0417
"locus5348",0.9091,0.8571,1,0.875,0.8889,0.75,0.9,0.9444,0.9545,0.8571,1,0.875,0.85,0.75,0.9583,0.7778,0.8889,1,0.75,0.8333,1,0.8125,0.85,0.95,0.9545,1
"locus5349",1,0.875,0.9444,1,1,1,1,1,1,1,1,0.875,1,0.9375,0.9167,0.9545,1,1,1,0.8333,0.9286,1,1,0.95,1,1
"locus5350",0.875,0.3571,0.7222,0.5909,0.9444,0.4167,0.9,1,0.65,0.6429,0.3889,0.875,0.1,0.6429,0.4583,0.9545,0.8333,1,0.6429,0.6667,0.7857,1,0.7,0.5,0.8182,0.9583
"locus5351",1,1,1,1,0.7778,1,1,0.9444,1,1,1,1,1,1,1,1,0.9444,1,1,1,1,0.9545,1,1,0.9545,0.875
"locus5352",1,1,1,1,1,1,1,1,1,1,1,1,0.95,1,0.9167,1,1,1,0.8125,1,0.9286,0.7727,0.9,0.7222,1,1
"locus5353",0.0417,0,0,0,0.7222,0.4091,0,0.125,0,0,0.55,0,0.3889,0,0,0,0,0,0,0,0.0714,0,0.05,0,0.1364,0.2917
"locus5354",0.9167,0.9375,0.9,0.9545,1,0.9583,0.9,1,0.9545,1,1,0.75,0.95,1,0.7917,0.9545,1,1,0.8125,0.9444,1,0.7222,1,1,1,1
"locus5355",0.4545,0.9286,0.45,0.625,1,0.9286,0.5,0.5714,0.7273,0.7857,0.9444,0.5,1,0.6429,0.5625,0.7778,0.5,0.5,0.6429,0.6429,0.75,0.45,0.5625,0.5,0.55,0.7
"locus5356",0.5417,0.4286,0.6875,0.3889,0.75,0.4545,0,0.875,0.7273,0.4,0.4545,0.5833,0.35,0.6,0.5909,0.0455,0.875,0.6667,0.625,0.6667,1,0.7727,0.65,0.8,0.5625,0.8
"locus5357",0.9167,1,0.9167,0.85,0.9444,1,1,1,0.9091,1,0.9545,1,1,1,0.85,1,1,1,0.9286,1,1,0.9545,0.75,0.7778,0.9545,0.875
"locus5358",0.5909,0.5,0.5,1,1,0.5556,0.875,0.7778,0.4,0.8333,0.75,0.7143,0.8125,0.6,0.4545,1,0.6667,0.5,0.5,0.7,0.75,0.5,0.6667,0.5714,0.5714,0.9
"locus5359",0.75,0.9375,0.9167,0.8,0.9286,1,1,0.6667,0.9375,1,0.8182,0.9,1,0.8333,0.8889,1,0.875,1,1,1,1,0.4286,1,0.5833,0.9375,0.875
"locus5360",0.875,1,0.95,1,1,1,1,1,0.9545,1,1,0.875,1,1,1,0.8636,0.8889,0.8333,0.9375,0.7778,1,0.5556,1,1,1,0.875
"locus5361",0.9583,0.875,1,0.9545,1,0.875,0.75,1,1,1,1,1,1,1,1,0.85,1,1,0.9375,1,1,0.95,1,1,0.9545,1
"locus5362",1,1,1,0.9091,1,1,1,0.9444,1,1,1,0.875,1,0.9375,1,1,1,1,1,1,0.8333,1,1,1,1,0.9167
"locus5363",0.0417,0,0,0,0.1111,0,0,0,0,0.0625,0,0,0.05,0,0.0417,0,0,0,0.0625,0,0,0,0.1,0.05,0,0.0909
"locus5364",1,0.75,1,1,1,1,1,1,1,1,0.6667,1,1,0.9286,1,1,1,1,1,0.9444,1,1,1,0.95,1,1
"locus5365",1,1,1,0.9545,1,1,0.7,1,0.9545,0.9167,1,1,1,0.9375,0.9583,0.5,1,1,0.9375,0.9444,1,1,1,0.95,0.9545,1
"locus5366",1,1,0.95,0.8182,1,1,1,1,1,1,1,1,1,0.75,0.9167,1,1,1,0.8125,1,1,1,0.9,1,1,1
"locus5367",0.9583,1,0.8,1,1,0.9583,1,1,1,1,1,0.9375,1,1,0.75,1,1,1,0.9375,1,1,1,1,0.9,1,0.75
"locus5368",0.8333,1,0.8125,0.9167,0.7857,0.7083,1,0.9167,0.9,1,1,0.875,0.95,0.8333,0.9375,0.75,0.7857,1,0.9,0.9,1,0.9091,0.8125,0.9286,0.9375,0.9444
"locus5369",0.9583,0.9375,1,0.85,1,0.9583,0.5,1,1,1,1,1,1,0.9286,1,0.55,0.9444,1,1,1,1,1,0.95,0.9,0.9545,1
"locus5370",0.3333,0.7857,0.6,0.5556,0.8889,0.5833,0.1,0.5625,0.5455,0.375,0.7,0.6667,0.6,0.625,0.5417,0.1818,0.5,0.5,0.5625,0.5556,0.6667,0.7727,0.5,0.55,0.45,0.7
"locus5371",0.5,0.5,0.5,0.5,0.3333,0.5,0.5,0.5,0.5455,0.5,0.6,0.5,0.6667,0.5625,0.5,0.7857,0.5556,0.5,0.5,0.4444,0.5,0.4286,0.625,0.5,0.3889,0.6
"locus5372",0.8889,0.9375,0.9,0.75,0.8125,0.875,1,0.75,0.95,0.875,0.9545,0.6667,1,1,0.7273,1,0.7778,0.8333,0.8571,0.9444,1,1,0.9,0.875,0.9,0.9
"locus5373",0.0417,0.0625,0.0625,0,0,0.0417,0,0,0.0556,0,0,0.0625,0,0.375,0.0556,0,0,0,0.1875,0.1111,0.2857,0,0,0.05,0,0
"locus5374",0.8333,0.5625,0.8,0.5,0.7778,0.75,0.9,0.8889,0.8636,0.7857,0.6,1,0.6,0.6429,0.7917,0.95,0.75,0.6667,0.9375,0.7222,0.6429,0.4375,0.85,0.7,0.7,0.9091
"locus5375",0,0.0625,0.05,0.0455,0.0556,0,0,0,0,0,0,0,0,0.125,0.0833,0,0,0,0,0,0,0,0.1,0,0.0455,0.125
"locus5376",1,0.9375,0.95,1,1,1,1,0.9444,1,1,1,0.9375,1,1,0.9167,1,0.8889,1,1,1,0.9286,1,1,1,0.8636,1
"locus5377",1,0.875,0.95,0.9545,0.9444,0.875,1,1,0.8636,0.9375,0.9545,0.9375,1,0.9375,0.9167,1,0.9444,1,1,0.8333,1,1,0.9,1,1,0.875
"locus5378",1,1,0.75,0.625,0.9375,0.9444,0.5,1,0.9545,0.3333,0.9375,1,0.7222,0.9286,0.8,0.3125,0.9375,1,1,0.7857,0.875,0.5625,0.7857,0.7857,0.5,0.8125
"locus5379",0.65,1,0.85,0.7222,0.9444,0.9167,0.625,0.75,0.6875,0.5,0.9545,0.6667,1,0.8333,0.6111,0.6364,0.6667,0.8333,0.7,0.7143,1,0.65,0.7143,0.6875,0.6111,0.8333
"locus5380",0.9545,1,0.95,0.85,0.625,0.95,1,0.3889,0.95,0.9375,0.9545,0.75,0.9444,0.875,0.6667,1,1,0.5,0.8571,1,0.3333,0.7143,0.8333,0.9444,0.8182,0.4
"locus5381",0.0417,0,0.0556,0.1364,0,0,0,0.0556,0.0455,0.0625,0.0455,0,0,0,0.125,0,0,0,0,0,0.0714,0,0,0.1,0,0
"locus5382",1,1,1,1,1,0.875,1,0.7222,1,1,1,1,1,1,1,1,1,1,1,1,1,1,1,1,0.9091,0.7917
"locus5383",1,0.8125,0.9,1,1,1,1,1,1,1,0.9545,1,1,0.875,0.9091,1,1,0.8333,0.9375,0.9444,0.9167,1,1,0.9,1,1
"locus5384",1,1,0.85,0.9091,0.9444,1,1,0.8333,0.8636,1,1,0.8125,1,1,0.7917,1,1,0.8333,1,1,0.9286,1,1,0.85,0.9091,0.7917
"locus5385",1,1,1,1,0.8333,0.8636,1,1,0.9545,0.9375,1,1,0.8125,1,1,1,1,1,0.9375,1,1,1,1,1,1,0.875
"locus5386",0.5,0.8333,0.625,0.5833,1,0.8889,0.4,0.875,0.5,0.4286,0.8333,0.3333,0.95,0.5833,0.55,0.1364,0.5625,0.5,0.4375,0.5,1,0.5,0.5833,0.7778,0.6875,0.6667
"locus5387",1,0.9375,1,0.8571,1,0.9583,NA,0.8889,1,0.9,0.9545,0.8571,1,0.9286,0.9583,0.8333,0.7143,0.8333,0.75,1,0.9286,0.8571,0.7143,1,0.75,0.9545
"locus5388",0.8333,0.6667,0.8571,1,0.8571,0.75,1,0.8333,0.9091,0.9375,1,0.8,0.9286,1,0.8571,1,1,0.6667,1,0.8889,0.875,0.7857,1,0.8333,0.95,0.8125
"locus5389",0.9545,0.9375,0.7,1,1,1,1,1,0.7,0.9375,0.9091,1,1,0.4375,0.7917,1,1,0.6667,0.625,0.5556,1,1,0.9444,0.85,1,1
"locus5390",1,1,0.95,1,1,1,1,0.8125,1,1,0.9545,1,0.9444,1,1,1,1,1,1,1,1,0.9545,1,1,1,0.4167
"locus5391",0.3571,0.125,0.0714,0,0,0,0,0,0.4545,0.0625,0.1111,0,0,0.1667,0.125,0.05,0.2143,0.1667,0.125,0.125,0,0.3571,0.2778,0.125,0.4286,0
"locus5392",0.2083,0.0625,0,0,0,0.125,0.3,0.0556,0.0455,0,0,0.0625,0,0,0.0417,0.1818,0.4444,0,0,0,0,0.0455,0.1,0,0.15,0
"locus5393",0.5909,0.3333,0.4444,0.25,0.4375,0.05,0.8,0.875,0.8333,0.3333,0.1,0.5,0,0.75,0.4583,0.2,0.3333,0.5,0.3333,0.5625,0.6667,0.85,0.2778,0.5714,0.4444,0.6364
"locus5394",1,1,0.95,0.9545,1,0.875,1,1,1,0.9375,0.75,1,1,1,0.9167,1,0.9375,1,0.9375,0.8889,0.9286,1,0.95,1,0.9545,1
"locus5395",0.875,0.7857,0.4286,0.6875,1,0.875,1,0.7857,0.6667,1,1,0.75,1,0.75,0.6,0.5,1,0.6667,0.5,0.6,1,0.95,0.9286,0.7,0.875,0.9
"locus5396",0.15,0.5,0.3,0.4286,0.375,0.6,0,0.3125,0.3333,0.5,0.6111,0.25,0.7143,0.2857,0.3889,0,0.0714,0.5,0.5,0.125,0.25,0.0909,0.2778,0.5556,0.25,0.2273
"locus5397",1,0.875,0.9444,1,0.9444,0.875,0.5,1,0.9545,0.8125,1,1,1,1,1,0.15,0.8333,1,1,0.8333,1,1,1,0.9,0.9545,1
"locus5398",0.9583,1,0.85,0.8182,1,1,1,1,0.9091,1,1,0.9375,0.95,0.9375,0.9167,1,1,0.8333,1,0.9444,0.8571,0.9545,0.95,0.95,1,1
"locus5399",1,0.9375,0.95,1,1,0.9167,1,1,0.9091,0.9375,0.9545,1,0.95,1,0.875,1,1,1,1,1,1,1,1,0.95,0.9545,1
"locus5400",0.1667,0.0625,0.2,0.4444,0,0.0417,0,0.0556,0.1364,0,0,0,0,0.1429,0.125,0,0.1667,0.1667,0.2,0.0714,0.0833,0,0.3,0.2222,0.25,0
"locus5401",0.1667,0.7143,0.45,0.375,0.6429,0.75,0.4,0.1111,0.5,0.3125,0.8125,0.4375,0.8,0.375,0.375,0.5556,0.9,0,0.6429,0.4167,0.4167,0.05,0.1,0.4,0.25,0.1875
"locus5402",0.7083,0.5,0.5556,0.6364,0.4444,0.55,0.375,0.4444,0.3333,0.5,0.9,0.3,0.6667,0.6875,0.25,0.45,0.5714,0.3333,0.3125,0.6875,0.4167,0.3333,0.6,0.45,0.45,0.3182
"locus5403",1,0.7143,0.9,0.9545,1,0.9167,1,1,1,0.9375,0.75,1,0.9444,1,0.8333,1,0.9444,1,0.875,1,0.9286,1,1,0.875,0.9,1
"locus5404",1,0.8125,1,0.9545,0.9444,0.875,1,1,1,0.9375,0.9,0.9375,0.8,0.9375,1,0.9,1,1,1,1,1,1,0.95,1,1,0.9583
"locus5405",1,1,1,1,1,1,1,1,0.9545,0.8125,0.9545,1,0.95,1,0.7917,1,1,1,0.9375,1,1,1,1,0.95,1,1
"locus5406",0.8636,1,0.75,0.6429,1,1,1,1,0.9545,1,0.9545,1,0.9,0.7857,0.9545,0.9545,0.7778,1,0.875,0.8333,0.9286,0.9286,0.75,1,0.9,0.9167
"locus5407",0.9091,0.9375,0.875,1,1,0.9583,1,1,0.9091,1,1,1,1,1,0.8182,1,1,1,0.75,0.9444,0.9286,0.9545,0.95,1,1,0.9583
"locus5408",1,0.9375,1,1,0.7778,0.9167,1,1,0.9545,1,1,0.9375,0.95,1,0.9583,1,1,1,0.9286,0.8333,0.9286,1,0.95,1,1,1
"locus5409",0.25,0.0625,0,0.0909,0.0556,0.0417,0,0,0,0,0.0455,0.0625,0,0,0.0417,0,0,0,0.0625,0,0,0,0.2,0,0,0.0417
"locus5410",0.9,0.875,0.7857,1,1,0.9583,1,1,0.85,0.7143,0.9545,1,0.95,0.8333,0.9091,1,1,0.75,0.7857,1,0.9167,0.5556,0.9,0.9375,1,0.9167
"locus5411",0.1667,0,0.3,0.0455,0,0,1,0,0.2727,0,0,0.125,0.15,0.1875,0.0417,0.95,0.3125,0,0.0625,0.4286,0,0,0.25,0.0556,0.1,0
"locus5412",0.4444,0.625,0.4286,0.375,0.5,0.55,0.3,0.5,0.5,0.4286,0.9167,0.4167,0.8571,0.25,0.7,0.1364,0.1429,0.25,0.6,0.25,0.5,0.5,0.2143,0.5,0.5,0.5556
"locus5413",0.7917,0.9286,1,0.9545,1,0.9167,1,1,0.8182,1,0.8636,1,0.8889,0.875,0.875,0.8636,0.8889,0.8333,1,0.8889,0.8,0.8333,0.8333,0.9444,0.8182,0.875
"locus5414",0.8182,0.875,0.9,0.625,0.8889,0.6818,1,0.9444,0.8636,1,0.8889,0.8333,0.9375,1,1,1,0.7222,0.5,1,0.8333,1,0.9091,0.6,0.7778,1,0.9583
"locus5415",1,0.9375,1,0.9545,1,0.9167,1,0.8889,0.9545,1,0.8182,1,0.9,0.9375,0.9167,1,0.9444,1,0.875,1,0.7857,1,0.95,0.9,1,0.9583
"locus5416",0.8333,0.6,0.3571,0.6875,0.8889,0.75,1,0.9375,0.5,0.875,0.9444,0.875,1,0.7,0.5,1,0.6429,0.8333,0.75,0.6667,0.4,0.875,0.625,0.5625,0.6429,0.5
"locus5417",0.9583,1,0.9,1,1,1,1,1,0.8636,1,1,0.9286,1,1,1,1,0.9444,1,1,0.9444,1,0.9545,0.8,0.9444,0.8636,1
"locus5418",1,0.8125,0.9444,1,0.7222,0.9583,1,0.8889,0.9091,0.7857,0.7727,0.9286,0.95,0.75,0.8636,1,1,0.8333,1,0.6667,0.5833,1,1,0.9444,0.9091,0.625
"locus5419",0.8333,0.6429,0.7778,0.8182,0.8333,0.7917,1,0.8125,0.8182,0.9375,0.9,1,0.9,0.8571,0.8636,1,1,0.8333,0.6875,0.9444,0.8571,0.9545,0.8,0.875,0.9545,0.7083
"locus5420",0.6818,0.5,0.3333,0.65,0.2222,0.6667,1,0.2222,0.5,0.8125,0.8636,0.4375,0.9444,0.6667,0.4167,1,0.7778,0.3333,0.3571,0.4444,0.2,0.7,0.4,0.8,0.6364,0.125
"locus5421",0,0,0.15,0.0909,0.25,0.2778,0.25,0.2222,0.15,0,0.3333,0.0714,0.4286,0.0714,0.375,0.125,0,0.25,0.2857,0.25,0.2,0,0.1,0.3,0.1364,0.125
"locus5422",1,0.8125,0.85,0.8333,1,0.9545,1,0.9444,1,0.9375,1,0.9375,0.95,1,0.9545,1,0.8889,1,0.9286,0.9444,0.7857,1,0.8889,0.8333,0.9545,1
"locus5423",0.9167,0.875,1,1,1,0.8889,0.9,1,1,1,0.875,0.9375,0.8333,1,0.9583,1,1,1,0.9375,0.8889,0.9286,1,1,0.85,1,1
"locus5424",1,0.875,0.95,1,1,0.9583,1,1,0.9091,1,1,1,1,0.9375,0.9583,0.9091,1,1,1,1,0.9286,1,1,1,1,0.9583
"locus5425",0.85,0.9167,0.5625,0.8333,0.8889,0.875,1,0.3125,0.75,0.8333,0.9545,0.6667,1,0.5714,0.45,1,1,0.75,0.5,0.8125,0.1667,0.8333,0.6667,0.7,0.8182,0.5
"locus5426",1,1,0.95,0.9,1,1,1,0.9444,1,1,1,0.8125,1,1,0.9583,1,0.7778,1,0.9375,0.8333,1,1,1,1,1,1
"locus5427",0.7917,0.9375,0.5625,0.9375,1,0.9545,1,0.6667,0.8,1,0.9545,0.9,1,0.75,0.6667,1,0.8333,0.6667,0.8,0.875,0.6667,0.9091,0.8333,0.9,0.8,0.7
"locus5428",1,1,1,0.9091,1,1,1,1,0.9091,1,1,1,0.8,1,1,1,1,1,0.9375,1,0.9286,1,1,0.95,0.8889,0.9583
"locus5429",0.75,0.4375,0.6,0.875,0.6667,0.5,0,0.1429,0.65,0.2,0.6111,0.25,0.5,0.8125,0.875,0.1111,0.625,0.8333,0.6875,0.8125,0.2,0.5,1,0.75,0.5,0.2143
"locus5430",0.8636,0.9375,0.9167,0.9091,0.875,0.9545,NA,0.7222,0.5,0.9286,1,0.8333,0.9,0.75,0.9167,0.5,0.9167,0.5,0.7,1,0.5,0.8182,0.75,0.7778,0.875,0.5625
"locus5431",0.5417,0.5,0.55,0.5,0.5,0.8636,1,0.6667,0.5909,0.875,0.9091,0.6,1,0.6875,0.5417,0.9545,0.6875,0.6667,0.5714,0.8333,0.7857,0.4444,0.5,0.65,0.6667,0.7273
"locus5432",0.9167,1,0.95,1,1,0.875,1,1,0.8182,1,1,1,1,0.9375,1,0.8182,0.9444,1,0.9375,0.875,1,1,1,1,1,0.8636
"locus5433",0.9167,0.8333,0.9,0.9091,0.8571,0.7273,0.8,0.9444,0.8636,1,0.85,1,0.85,0.875,1,0.8889,0.9444,1,0.9375,0.9375,1,1,0.85,1,0.8636,1
"locus5434",0.0455,0.3333,0.15,0.1875,0.5,0.2083,0.25,0.1,0.1111,0.1667,0.1429,0.1,0.0714,0.0833,0.25,0.5,0.0833,0.1667,0.2857,0.4286,0.3,0,0.1,0.25,0,0.0909
"locus5435",0.9167,1,0.95,0.8333,1,0.9545,1,0.9444,1,1,0.6111,0.9286,0.875,0.9375,1,1,0.9444,1,1,0.9444,0.9286,1,0.95,1,1,1
"locus5436",0.9167,0.8125,0.95,1,1,0.9583,1,1,0.9545,0.9375,0.9545,1,0.9,1,1,1,1,1,1,1,1,1,1,1,1,1
"locus5437",0,0.2857,0.05,0.0909,0,0.0833,0,0.0556,0,0.375,0,0,0,0.0625,0,0,0,0,0,0.0556,0,0.0455,0.05,0.05,0,0
"locus5438",0.6,0,0.1667,0.5,0.3,0.15,1,0.5,0.4286,0.4167,0.05,0.4167,0.05,0.2,0.0714,0.95,0.5,0.1667,0.2,0.3333,0.5,0.4444,0.5714,0.1,0.3125,0.1
"locus5439",0.8333,0.9286,1,1,1,0.8182,0.5,1,0.85,0.7,0.75,1,0.8333,1,0.875,0.625,0.8,0.8333,0.9375,0.9286,1,0.5,0.95,0.9,0.75,1
"locus5440",0.375,0.375,0.1111,0.4091,0.2857,0.0417,0.7,0.2,0.2273,0.3571,0.0909,0.0625,0.05,0.25,0,0.3182,0.3889,0.1667,0.0714,0.0556,0.4167,0.3636,0.375,0.3,0.2778,0.05
"locus5441",1,0.5714,0.8571,0.9091,0.7857,0.5,1,1,0.8571,1,0.1875,0.9,0.3333,0.8571,0.8636,1,1,0.8333,0.8571,0.9375,0.75,0.9545,0.95,0.75,0.7778,1
"locus5442",1,0.9375,0.95,1,0.7857,0.8333,1,0.7857,1,1,0.7,1,0.8889,0.875,1,1,1,1,0.9375,1,0.9286,1,1,0.9,1,0.875
"locus5443",1,0.9286,1,1,0.8125,0.9583,1,0.9375,0.9545,0.6875,0.8636,1,1,0.9286,0.875,1,1,0.8333,1,1,0.9286,1,1,0.9444,0.8636,0.85
"locus5444",1,1,0.8333,1,1,1,1,1,0.9091,1,1,1,1,0.875,0.9167,1,1,0.8333,0.9375,1,1,1,0.95,0.95,1,1
"locus5445",0.4,0.6667,0.4167,0.4375,0.9444,0.9444,0.25,0.8333,0.6111,0.6429,0.8,0.75,1,0.5,0.5909,0.6,0.25,0.5,0.4,0.5833,1,0.25,0.2778,0.5,0.5833,0.9
"locus5446",0.875,0.9375,1,1,1,0.9583,1,0.9444,0.8636,0.9375,0.9091,0.9375,1,1,1,1,1,1,0.875,1,0.8571,0.9545,0.95,0.9,0.9545,1
"locus5447",0.55,1,1,0.7,1,1,1,0.8889,1,1,0.9545,0.8333,1,1,1,1,0.5556,1,0.9375,1,1,1,0.2143,1,0.9,1
"locus5448",0.7917,1,0.9,0.9545,1,0.9167,1,0.7778,0.8636,0.875,0.8636,0.9375,1,0.875,0.9583,0.8571,0.9444,1,0.875,0.9444,1,1,1,0.9,1,0.9583
"locus5449",1,0.8333,0.8571,1,0.3571,0.6364,1,0.5,0.8571,0.8571,0.9167,0.625,1,0.75,0.5,1,1,1,0.5,0.9375,0.5,1,0.9444,0.9167,0.8333,0.3333
"locus5450",0.9286,0.9375,0.9167,1,1,0.9583,1,0.8889,0.7143,1,1,0.7857,1,0.6429,0.75,1,0.8333,1,0.5,0.7857,0.7,0.5714,0.9375,0.5,0.9545,1
"locus5451",1,1,1,1,0.8333,0.9583,1,0.625,1,0.9375,1,1,1,1,0.9583,1,0.9444,1,1,1,1,0.9545,1,1,0.8636,0.5909
"locus5452",0.875,0.8125,0.75,1,0.9444,0.875,0.8,1,0.9545,1,0.9091,1,1,0.875,0.9091,1,0.9444,1,0.625,0.8889,0.9286,0.95,0.95,0.9,0.9545,1
"locus5453",0.9167,1,0.7222,0.9545,1,0.9583,0.8,0.9444,0.9091,0.8125,1,1,1,0.875,0.9167,0.55,0.9444,0.8333,0.7857,0.8889,0.9286,0.9545,0.85,0.95,0.8182,0.9583
"locus5454",0.9167,0.8125,0.95,1,0.9444,1,1,0.9375,0.8182,0.9375,0.8636,1,1,0.75,0.9583,1,1,1,0.875,0.9444,1,1,0.95,0.8,0.9545,0.875
"locus5455",0.9091,1,1,0.9091,1,1,1,1,0.9545,1,1,0.9375,1,0.9286,0.9167,1,0.8333,1,0.9286,0.9444,0.8571,1,1,0.85,1,1
"locus5456",0.7,1,0.9375,0.9444,1,0.9583,0.5,0.8889,0.625,1,1,0.8333,1,0.8571,0.8636,0.5,0.5833,0.6667,0.8571,0.9375,1,1,0.7778,0.8,0.85,0.9583
"locus5457",0.6111,0.5625,0.4286,0.5833,0.5,0.4545,0.6,0.4444,0.5,0.5,0.7,0.75,0.5556,0.6875,0.6667,0,0.5,0.5,0.7,0.5714,0.5,0.6,0.5556,0.5,0.5625,0.5
"locus5458",1,0.9375,1,1,0.8889,0.7083,1,1,1,1,0.6818,1,0.5556,1,1,1,1,1,1,1,1,1,1,1,0.9091,0.9583
"locus5459",0.8333,1,1,0.95,1,0.9167,0.5,1,0.875,0.75,0.9545,0.9375,1,0.7143,0.9167,0.5,0.9,1,1,0.875,1,0.8125,0.8,0.95,0.9167,1
"locus5460",1,1,0.95,1,1,0.9583,1,0.9444,0.9091,1,0.8182,1,1,1,0.9583,0.9545,1,1,1,0.9444,1,1,1,0.95,1,0.9583
"locus5461",0.5625,0.5,0.6,0.5625,0.8,0.7727,0.5,0.7143,0.625,0.6875,0.7222,0.75,0.9286,0.5,0.5909,0.45,0.625,0.8333,0.7143,0.5,0.6,0.9,0.7143,0.625,1,0.6875
"locus5462",0.9,0.9375,0.6111,0.95,0.8333,0.8182,0.1,0.8333,0.75,0.4,1,0.9286,0.95,0.5625,0.9091,0.0455,0.75,0.8333,0.7143,0.9,0.75,0.25,0.625,0.8,0.7222,0.9545
"locus5463",0.9583,1,0.95,0.9444,1,1,1,1,0.9545,0.9375,1,1,1,0.9375,1,1,0.9444,0.8333,1,0.9444,0.9286,0.9545,0.95,0.95,0.9545,1
"locus5464",0.8182,1,0.95,0.9091,1,1,1,1,0.9545,1,1,0.875,1,0.9375,0.9583,1,0.8889,1,0.875,1,1,0.9091,1,0.9,0.9091,1
"locus5465",0.6667,0.6429,0.55,0.7222,0.3571,0.55,0.9,0.5,0.6111,0.5,0.6,0.5,0.6667,0.6875,0.5,0.95,0.6875,0.5,0.4375,0.5,0.5,0.375,0.625,0.7857,0.5,0.55
"locus5466",0.9091,0.8333,0.7,0.7143,1,0.7778,1,0.9375,1,0.8,1,1,0.95,0.8571,0.7917,1,0.7222,1,0.5833,1,0.5833,1,1,0.9444,0.9167,0.7083
"locus5467",0.75,0.625,0.8333,0.6,0.625,0.5714,0,0.3125,0.5,0.4167,0.3333,0.5,0.2,0.5,0.7143,0.0455,0.8,0.75,0.6,0.6,0.4,0.8333,0.8,0.75,0.7,0.375
"locus5468",0.375,0.5,0.5,0.2222,0.9,0.5909,0.1,0.4167,0.35,0.5714,0.7273,0.375,0.6875,0.5,0.5,0.25,0,0.1667,0.5714,0.3571,0.6429,0.25,0.375,0.625,0.25,0.25
"locus5469",0.9545,0.7857,0.9,0.9545,1,0.6429,1,0.9444,1,1,0.8125,1,1,0.9375,0.9583,1,1,1,0.8125,0.9444,1,1,1,1,0.9545,0.9091
"locus5470",0.8333,0.9375,1,0.8333,1,0.9583,0.7,1,1,1,1,0.9286,1,0.9375,1,0.9545,0.8571,0.8333,0.9375,0.9444,1,1,0.8571,1,0.7222,0.9167
"locus5471",1,0.6,0.5,0.625,0.4375,0.5,0.5,0.6875,0.5455,0.8125,0.0625,0.6667,0.1875,0.6667,0.4545,0.7222,0.3,0.75,0.6667,0.5,0.6667,0.9444,0.8,0.7222,0.6875,0.5909
"locus5472",0.9583,0.5,1,1,1,0.5714,1,0.9444,1,0.8333,0.4444,1,0.3333,0.9375,0.9583,1,0.8889,1,0.9375,1,1,0.9545,1,0.8,0.8182,0.8182
"locus5473",1,1,1,1,1,1,1,1,1,1,0.9091,1,0.95,0.9375,0.9167,1,1,1,1,0.9444,0.9286,1,1,0.8,1,0.875
"locus5474",0.9583,1,0.75,1,1,0.875,1,1,0.6818,1,0.95,0.875,0.95,0.8125,0.6818,1,1,1,1,0.75,0.8571,0.6818,1,0.8125,0.9545,0.8636
"locus5475",0.9,0.75,0.9375,0.5,1,0.75,1,0.7857,0.8125,0.8125,0.85,0.625,0.95,0.9,0.85,0.75,0.75,1,0.8571,0.9286,0.7,0.6429,0.55,0.8125,0.9375,0.5909
"locus5476",0,0,0,0,0,0,0,0.3125,0,0,0,0.0833,0,0,0,0,0,0,0,0,0.5714,0,0,0,0,0.5
"locus5477",1,1,1,1,1,1,0.375,1,0.9545,1,1,1,1,1,0.9583,0.5455,1,1,1,1,1,1,1,1,1,1
"locus5478",0,0,0.05,0,0,0,0.75,0,0.0909,0.2,0,0,0,0,0,0.625,0,0,0.0625,0,0.0714,0,0,0.05,0,0
"locus5479",0.8333,0.9375,0.95,1,1,0.9545,1,1,0.9545,1,1,1,1,1,1,1,1,1,1,0.9444,1,0.9091,1,1,0.95,1
"locus5480",1,1,1,1,1,0.8636,1,0.9444,1,1,0.875,1,0.8,1,1,1,1,1,1,1,1,1,1,1,0.8636,0.9167
"locus5481",0.4583,0.3333,0.375,0.5625,0.125,0.5,0,0.5,0.5,0.375,0.3125,0.5,0.3571,0.5,0.5,0.2727,0.5625,0.5,0.4286,0.5,0.4167,0.7857,0.5,0.35,0.5,0.45
"locus5482",0.625,0.3571,0.8,0.95,0.7,0.5625,NA,0.4286,0.9,0.5,0.5714,0.4375,0.6875,0.8333,0.5909,1,0.8333,0.1667,0.5714,0.75,0.1667,0.9,1,0.5,0.55,0.2
"locus5483",0.9583,0.875,0.9,0.8333,1,0.7917,0.5,1,0.9545,1,1,0.875,0.95,0.8125,0.9583,0.9,0.8125,1,0.9375,0.9,0.9286,0.9545,1,0.95,1,0.9583
"locus5484",0.8333,0.5,0.9375,0.7778,0.9,0.55,1,1,1,0.5,0.6875,1,0.7143,0.8333,0.7917,1,1,1,0.8125,0.9444,1,0.9545,1,0.75,1,0.9583
"locus5485",0.0833,0.1875,0.3333,0.0909,0,0,0,0.1111,0.05,0.125,0,0.3571,0.1,0.25,0.15,0.0455,0,0.1667,0.1429,0.0556,0.2,0.3,0.1,0.1111,0.0455,0.1667
"locus5486",0.75,0.75,0.75,0.5,1,0.5714,0,0.75,0.8333,0.8,0.7273,0.7,0.8571,0.5833,0.6111,0.7222,0.6667,0.5,0.5833,0.7222,0.9286,0.9375,0.7,0.3125,0.6875,0.8
"locus5487",0.8636,0.9375,0.95,0.9545,1,0.9583,0.9,1,1,0.8125,1,1,1,0.9375,0.9583,0.7778,1,0.8333,1,1,1,0.9545,1,1,1,1
"locus5488",0.9167,0.875,0.8571,1,1,1,1,0.7778,0.8182,1,0.9545,0.75,0.95,0.625,0.8889,0.9545,1,1,0.6429,1,1,1,1,0.6667,0.95,0.9167
"locus5489",0.9167,1,0.9444,0.9091,1,1,1,0.9444,1,1,1,1,1,0.9375,0.875,1,1,1,0.6429,1,1,1,0.95,0.95,1,1
"locus5490",0.4444,0.5,0.4,0.7143,0.5,0.7143,1,0.5,0.1875,0.875,0.8571,0.3333,0.9167,0.3,0.2857,1,0.25,0.5,0.3,0.2778,0.1667,0.3889,0.5833,0.6111,0.5556,0.5714
"locus5491",0,0,0.25,0,0,0,0,0,0.1,0,0.0455,0.0625,0,0.0625,0.0417,0,0,0.1667,0.125,0,0,0,0,0.05,0,0
"locus5492",0.9583,1,1,1,1,1,0.9,0.9444,1,1,1,0.9375,1,1,1,1,0.8333,0.8333,0.9375,1,0.8571,0.9545,1,1,1,0.9583
"locus5493",0.0833,0.0714,0.05,0.05,0,0.1818,0.1,0.1111,0.05,0,0.0455,0,0.1,0.0625,0.0833,0.0455,0.2143,0.1667,0.1875,0.0556,0.1429,0,0,0.25,0.0455,0.125
"locus5494",0.875,0.875,1,1,0.9444,0.9167,0.5,0.9375,0.9545,1,0.9545,1,1,0.9375,0.9583,0.6,0.8333,1,0.9375,0.9375,0.9286,1,0.95,0.95,0.8636,0.9167
"locus5495",1,0.75,1,0.9444,1,0.9583,0.875,0.9444,0.8636,0.6667,1,0.9375,1,0.8571,0.875,0.75,0.8333,1,0.875,0.875,1,0.5,0.8125,0.95,0.85,0.9583
"locus5496",1,1,1,1,0.6667,1,1,1,1,1,1,1,0.95,1,1,1,1,1,1,0.9444,1,1,1,1,0.9545,0.8333
"locus5497",1,0.875,0.8889,1,1,0.9583,0.7,0.9444,1,1,1,1,0.95,0.875,1,0.9545,1,1,1,0.8889,1,1,1,0.95,0.9545,0.9545
"locus5498",0.4545,0.8571,0.7,0.7778,1,0.9583,0,1,0.4375,0.5625,0.95,1,1,0.3,0.6111,0.05,0.4444,0.8333,0.6429,0.4375,0.7857,0.55,0.7,0.65,0.75,1
"locus5499",0.125,0,0.1,0.0455,0.0556,0.0455,0.1,0.0556,0,0,0.3571,0.0625,0.0833,0,0.125,0.0909,0,0,0.1875,0.0556,0.0714,0.0455,0.15,0.05,0,0
"locus5500",0.8571,0.9375,1,0.75,0.9,1,1,0.6667,1,0.9375,0.8125,0.625,0.95,1,0.9583,1,1,0.5,1,1,1,0.625,0.8,0.85,1,1
"locus5501",1,1,1,0.8182,1,1,1,1,1,1,1,0.9375,1,1,1,1,1,1,0.9375,1,1,1,1,0.7143,1,1
"locus5502",0.4167,0.375,0.3,0.3182,0.2222,0.3333,0,0.1111,0.4,0.4375,0.1364,0.2,0.15,0.4375,0.2917,0.0909,0.4444,0.5,0.25,0.5,0,0.4545,0.4,0.4,0.3636,0.4091
"locus5503",0.6,0.7143,0.45,0,0.875,0.7222,0,0.5625,0.1667,0.3,0.8636,0.4286,0.95,0.5,0.45,0,0.3889,0.5,0.6429,0.1667,0.75,0.1,0.1667,0.6429,0.45,0.5
"locus5504",0.375,1,1,0.3636,1,0.9583,1,1,0.875,1,0.9545,0.8333,1,1,1,0.9545,0.2222,0.8333,0.9375,1,0.8571,0.05,0.2,1,0.7273,1
"locus5505",1,1,1,0.9091,1,1,1,0.9444,0.9545,1,1,0.9286,1,1,0.9583,1,0.8125,1,1,0.9444,1,0.8,0.9,1,0.9545,1
"locus5506",0.7143,0.8571,0.5714,0.5556,1,0.9,0.9,1,0.7143,1,0.6667,0.9286,0.8333,1,0.875,0.9091,1,1,0.75,1,0.8571,0.9091,0.5,1,0.7778,0.9167
"locus5507",0,0,0.05,0,0,0.0833,0,0,0.0455,0,0,0,0.05,0,0.125,0,0,0,0.1875,0.2222,0.1429,0,0,0.15,0,0
"locus5508",1,0.875,1,1,1,1,1,1,1,1,1,0.875,1,1,1,1,1,1,0.9375,1,0.7143,0.75,0.95,1,0.9545,1
"locus5509",1,0.75,0.8889,0.7778,1,1,1,0.7778,0.8636,0.8125,0.9,0.875,1,0.875,0.75,1,1,0.8333,0.6875,0.8333,0.6429,0.9091,0.9444,0.8333,0.9091,1
"locus5510",1,0.875,1,0.9545,0.9167,0.8636,1,0.8,0.8636,1,0.8636,0.5625,0.85,0.9375,0.9583,0.9545,1,1,0.9375,1,0.6667,1,1,1,1,0.9545
"locus5511",0.875,0.5,0.7,0.8,1,0.9545,0.5,0.8889,0.7727,0.6667,0.8889,1,0.625,0.9286,0.7273,0.5556,0.9444,0.8333,0.8125,0.5,1,0.8333,0.9444,0.7,0.95,0.95
"locus5512",1,0.5625,0.95,1,0.7222,0.5,1,0.7778,1,0.9375,0.7,0.9375,0.6,1,1,1,1,1,0.9375,1,1,1,0.95,0.95,0.8636,0.7273
"locus5513",1,0.8333,1,1,0.3333,0.7273,1,0.4286,1,0.8571,0.625,0.6667,1,0.9375,1,0.9545,1,1,0.8125,1,0.6667,0.9545,0.95,1,0.6,0.4444
"locus5514",0.7917,1,0.95,0.9545,0.9444,0.9583,1,1,0.95,0.9375,0.9545,0.8333,0.9444,0.9286,0.9167,1,0.625,1,0.9375,0.7222,0.9167,0.6875,0.8,0.9,0.8182,0.8636
"locus5515",0,0,0.3333,0,0.0556,0,0.25,0,0.1111,0,0,0,0,0,0.1111,0.2222,0.0556,0,0.2,0.125,0,0,0,0.1667,0.0909,0.0417
"locus5516",0.7,0.9375,0.95,0.9545,1,1,1,0.7778,0.9091,1,1,1,1,0.875,1,0.9545,0.4444,1,0.875,1,0.9286,0.6,0.65,0.85,0.9091,1
"locus5517",1,1,1,1,0.8889,1,1,0.9444,1,1,1,1,1,1,1,1,1,1,1,1,0.8571,0.6875,1,1,1,0.9167
"locus5518",0.95,1,0.9,0.8182,1,0.8333,0.7,0.9444,0.8636,0.9375,1,1,1,1,0.875,0.9545,0.2857,1,0.9375,0.8889,1,0.6667,0.875,0.9,1,0.9167
"locus5519",0.875,0.75,0.85,0.8,1,0.8636,1,1,0.7273,0.5625,0.6429,0.9286,0.75,0.8571,0.7917,1,0.625,0.8333,1,0.8333,1,0.65,0.95,0.95,0.6111,1
"locus5520",0,0.125,0,0,0,0.2917,0,0.0556,0,0.0625,0.1818,0,0,0.1875,0.0833,0.0455,0,0,0,0,0.0714,0,0,0.05,0,0
"locus5521",1,0.9,0.8333,1,0.8333,0.8333,1,1,0.8636,1,0.5,1,0.3,0.8125,0.9545,1,1,1,0.7857,1,1,1,0.95,0.95,1,1
"locus5522",0.5833,0.3125,0.3,0.5,0.0625,0.25,0.5,0.3571,0.1818,0.5625,0.3182,0.3571,0.3333,0.4286,0.4,0.2273,0.6875,0.3333,0.3125,0.3333,0.2143,0.6364,0.5,0.375,0.5909,0.25
"locus5523",0,0.0625,0.05,0.0909,0,0,0,0.1111,0,0,0.0909,0.0625,0.05,0.0625,0.125,0,0,0,0,0,0,0.3,0.05,0,0.1364,0.1667
"locus5524",0.9167,0.875,0.95,0.8,1,0.7222,1,1,1,0.7143,1,1,0.8889,0.8571,1,1,1,1,0.9375,1,1,1,1,1,0.8636,0.875
"locus5525",0.75,1,1,1,1,1,0.9,1,0.95,1,0.9545,0.9286,1,1,1,1,1,1,1,1,1,0.6,1,1,0.7273,1
"locus5526",0.1,0,0,0,0,0.0833,1,0,0.05,0,0,0,0,0,0,0.9286,0.1667,0,0.0625,0.2857,0,0.25,0,0,0.0909,0.0833
"locus5527",0.9167,1,0.6111,0.8636,1,0.9583,0.9,1,0.7778,0.9375,0.9091,1,1,0.7857,0.625,0.9091,0.8333,1,0.75,1,0.6,1,0.95,0.95,0.9091,0.8333
"locus5528",0.3889,1,0.5,0.7778,0.9167,1,0,0.7857,0.5,0.625,0.9545,0.6,0.95,0.6429,0.2727,0.25,0.25,0.8333,0.625,0.3571,0.875,0.5,0.5,0.2857,0.5714,0.6667
"locus5529",1,1,0.95,1,1,0.6111,1,1,1,1,1,1,0.95,1,0.8333,1,1,1,0.6875,1,1,1,0.95,1,1,1
"locus5530",1,1,1,1,0.9375,0.7727,1,0.75,1,1,0.3125,1,0.8333,1,1,1,1,1,1,1,1,1,1,0.95,1,0.9583
"locus5531",0,0.3,0.0833,0.0455,0.6667,0.5,0,0.4375,0.1429,0.3,0.4091,0.25,0.5,0.1667,0.15,0.0455,0.1111,0,0.1,0.1111,0.5,0.0909,0.0556,0.5,0.1875,0.4375
"locus5532",0.35,0.625,0.0833,0.4375,0.1875,0.3889,0.1,0.0714,0.1,0.5,0.05,0.0833,0.1111,0.3333,0.2,0.0455,0.1875,0.1667,0.125,0.25,0.125,0.2222,0.5,0.7143,0.0909,0.0909
"locus5533",1,1,1,1,1,0.875,1,0.7778,1,0.9375,1,1,1,1,1,1,1,1,0.875,1,1,1,1,1,0.9545,1
"locus5534",0,0.1667,0,0.0455,1,0.5,0,0.7,0,0.0625,0.5,NA,0.5,0,0.0833,0,0,0,0.1429,0.0556,0.75,0.0455,0.05,0.1667,0.1,0.7857
"locus5535",0.9583,1,0.85,0.8636,1,1,1,0.9444,0.9545,1,0.9545,1,1,0.875,0.9583,1,1,1,1,1,1,1,0.95,0.95,1,1
"locus5536",1,1,1,1,1,1,1,0.9444,1,1,0.9545,1,1,1,0.9583,1,1,1,0.9375,1,0.8571,0.7,1,1,1,1
"locus5537",0.95,0.9286,0.85,0.8636,1,0.8636,1,0.8571,0.9545,0.875,0.95,0.75,0.8333,0.875,0.8182,1,1,1,0.9375,0.9444,0.7857,1,0.95,0.9,0.8636,0.6818
"locus5538",0.875,0.9375,1,0.9545,1,1,1,1,1,1,0.9091,1,0.85,0.9375,0.9167,1,0.8889,1,1,1,1,1,1,1,1,1
"locus5539",0.8333,1,1,1,1,1,0.9,1,1,0.9375,1,1,1,1,1,0.8,1,1,1,0.8889,1,1,1,0.95,1,1
"locus5540",0.9583,1,0.95,0.9545,0.9444,1,1,0.9444,1,1,1,0.875,1,0.8125,1,1,0.8333,1,1,0.8889,0.8571,1,0.9,0.95,0.9545,1
"locus5541",0.9167,1,1,0.9091,1,0.9583,1,1,0.9091,1,0.9545,1,0.95,1,1,1,1,1,1,0.9444,0.9286,1,1,0.9,1,0.9167
"locus5542",0.95,0.75,0.75,1,0.9444,0.8182,1,0.9444,1,0.6429,0.9545,0.8125,0.7778,0.6429,0.8889,1,0.8889,1,0.9167,0.8333,0.9167,1,1,0.8125,0.9545,0.9167
"locus5543",0.9583,0.8125,1,1,0.875,0.875,1,1,1,0.9375,0.9167,0.9375,1,0.9375,0.9583,0.95,0.9375,1,1,1,0.7857,0.9545,0.95,0.95,0.9545,0.9444
"locus5544",0.8636,1,0.95,0.9545,1,0.9583,1,0.9444,0.8636,1,1,0.9286,1,0.8125,0.9167,0.9545,0.6875,1,0.875,0.6667,1,0.7727,0.85,0.95,0.7273,1
"locus5545",0.1429,0.4286,0.9375,0.1429,1,0.75,0.3333,0.8571,0.8,0.5833,0.35,0.7,0.3889,0.6667,0.7083,0.25,0.25,0.6667,0.875,0.5625,0.8571,0.1364,0.5,0.7857,0.625,0.8333
"locus5546",0.9583,0.875,0.75,0.9545,1,0.9583,1,1,0.8571,1,0.9545,0.9167,1,0.6429,0.75,1,0.9444,0.8333,0.75,0.9286,1,1,0.95,0.8,0.9091,0.9167
"locus5547",0.9167,1,0.95,1,1,1,1,1,0.9091,1,0.9545,0.875,1,0.9375,0.8333,1,1,1,0.875,1,1,1,1,0.75,0.9545,1
"locus5548",0,0,0.1111,0,0,0.0833,0,0.2222,0,0,0.0455,0,0,0,0.0417,0,0,0,0.125,0,0.1429,0,0,0,0,0
"locus5549",0.1667,0.5,0.5,0.35,0.9286,0.9,0,0.75,0.45,0.5714,0.5,0.6429,0.8571,0.4375,0.5,0.1,0.4375,0.6667,0.5714,0.375,0.7857,0.0909,0.2778,0.5,0.45,0.75
"locus5550",0.9583,1,1,1,1,0.9545,0.9,1,0.9091,0.75,1,1,1,1,0.9583,0.7222,0.9375,1,0.9375,1,1,1,1,1,1,1
"locus5551",1,0.875,1,0.9091,1,1,1,1,1,0.875,1,1,1,1,1,1,1,1,0.875,0.9375,0.9167,1,1,0.8,1,1
"locus5552",0.0417,0.6429,0.0625,0.0909,0.625,0.5,0,0,0,0.3333,0.25,0,0.9,0.0833,0.1364,0,0.1111,0,0.1429,0.125,0.1667,0.5,0.1,0.25,0.05,0.15
"locus5553",0.5455,0.1429,0,0.0833,0.375,0.1667,0.1,0.0625,0.5,0.1429,0.2273,0.25,0.1,0.1667,0.1818,0,0.6,0.5,0.2857,0.25,0.1429,0.5625,0.25,0.1429,0.375,0.3571
"locus5554",1,1,0.9,0.85,1,1,1,1,1,1,1,1,1,1,0.9167,1,1,1,0.875,0.9444,1,0.7273,1,0.9,1,1
"locus5555",0.7917,1,0.95,0.8636,1,1,1,1,1,1,1,1,1,1,1,1,1,1,1,0.9444,1,0.65,1,1,0.9545,1
"locus5556",0.9583,0.8125,0.95,0.9545,0.5714,0.95,1,0.8333,0.9545,0.9375,0.625,1,0.6,0.875,1,1,1,1,0.9375,0.8333,1,0.9091,0.8,0.85,0.7727,0.8182
"locus5557",0.0455,0,0.05,0.1364,0,0,0,0,0.0909,0,0.0455,0.0625,0,0.125,0.0833,0,0.0556,0.1667,0.125,0.1111,0,0,0,0.1,0,0
"locus5558",0.375,0.5,0.5,0.6,0.6875,0.4583,0.4,0.3333,0.25,0.0625,0.4545,0.375,0.7778,0.1875,0.4167,0.1364,0.1875,0.5,0.3333,0.2222,0.4167,0.4091,0.5,0.2778,0.35,0.4583
"locus5559",1,1,1,1,1,1,1,0.5,1,0.9375,1,1,1,1,1,1,1,1,1,1,0.7143,0.9545,1,1,1,0.7083
"locus5560",0.75,0.9375,0.9375,1,0.9444,0.9583,1,0.9,0.8125,0.9375,0.9545,0.9167,1,0.9167,0.7727,1,0.9286,0.5,1,0.9167,0.6667,0.9444,0.7778,0.6875,0.8333,0.7778
"locus5561",0.0455,0.0625,0.05,0,0,0,0,0.1111,0.0909,0,0.0455,0,0,0.0625,0.0417,0,0,0,0,0,0,0.0455,0.15,0,0,0
"locus5562",1,0.9375,1,1,0.75,0.7273,1,0.875,1,0.9286,1,1,1,1,1,1,1,1,1,0.9444,1,1,1,1,1,0.7727
"locus5563",0.8182,0.4286,0.75,0.9375,0.25,0.2727,0.1,0.75,0.6667,0.25,0.1,0.7,0,0.6,0.6818,0.8571,0.9286,0.75,0.6875,0.7143,0.9286,0.9545,0.75,0.75,0.625,0.6
"locus5564",0.9091,1,1,0.8333,1,0.9167,1,1,0.9545,1,1,1,0.95,1,1,1,1,0.8333,1,0.9444,1,1,1,1,1,1
"locus5565",0.9583,1,1,0.95,1,1,1,0.9444,0.9545,1,1,1,0.9,0.625,0.9167,0.9545,1,0.8333,0.8125,0.9444,0.9286,1,1,0.9,0.8182,1
"locus5566",0.9583,1,1,1,0.9444,1,1,0.9444,0.9091,1,1,0.875,1,1,0.9545,1,1,0.6667,1,1,0.8571,0.9545,1,0.9,1,1
"locus5567",0.875,0.4286,0.5,0.7273,0.5714,0.3636,1,0.8333,0.6,0.625,0.5455,0.8333,0.45,0.875,0.75,0.9091,1,1,0.6667,0.7778,1,1,0.7,0.8,0.8,0.8182
"locus5568",0.5,0.8333,0.5625,0.3571,0.9167,0.75,0.5,0.5714,0.25,0.7,0.5833,0.5,0.9286,0.6667,0.375,0.5,0.3889,0.5,0.2,0.4286,0.75,0.5455,0.3125,0.3,0.5,0.5
"locus5569",0.25,0.5714,0.2222,0.2273,0.75,0.5,0,0.3125,0.2778,0.625,0.9091,0.2857,0.95,0.3571,0.4,0,0.1875,0.5,0.5,0.3333,0.4167,0.25,0.2857,0.4444,0.4286,0.4286
"locus5570",0.9583,0.875,0.9444,0.9545,1,1,1,1,1,1,1,0.9375,1,1,1,1,1,1,0.9375,0.8333,1,0.9545,0.85,0.8,1,1
"locus5571",0.7222,1,1,1,1,1,NA,1,1,1,1,0.875,1,1,1,0.8333,0.25,1,1,1,1,0.5,0.9444,1,0.6364,1
"locus5572",0.9583,1,1,0.9545,1,1,1,1,1,1,1,0.8125,1,1,1,1,0.8889,1,1,1,1,0.9545,0.8889,1,0.7727,0.9091
"locus5573",0.5417,0.9,0.8125,0.3636,0.4286,0.65,0.4,0.5,0.7143,0.5,0.95,0.5,0.9375,0.9167,0.7778,0.55,0.9444,0.8333,0.7,0.5,0.5,0.8333,0.5,0.6875,0.5,0.2273
"locus5574",0.6,0.75,0.3125,0.5,0.5,0.7778,1,0.5833,0.625,0.6,0.8,0.5,0.5,0.6667,0.5,0.9091,0.7,0.5,0.375,0.75,0.4286,0.5,0.6111,0.5,0.25,0.6111
"locus5575",0.3333,0.5,0.2222,0.4375,0.7857,0.9091,0,0.9444,0.4444,0.6,0.9,0.5,0.9444,0.1429,0.35,0,0.5,0.5,0.2857,0.2857,0.6667,0.5455,0.9167,0.5,0.7778,0.5714
"locus5576",0.0417,0,0.0714,0.0455,0.375,0.35,0,0.5,0.0909,0,0,0.1667,0,0.0625,0.1,0,0,0,0.2143,0,0.5,0,0.05,0,0.0714,0.5556
"locus5577",0.9583,1,1,0.9091,0.5,0.85,1,0.8333,1,0.8571,0.875,0.9375,0.8333,0.875,0.9167,1,1,1,1,0.8889,1,0.95,0.95,0.9,0.9545,0.8333
"locus5578",1,1,1,1,1,1,1,1,1,1,1,1,1,1,1,0.9286,1,1,1,0.8571,1,1,0.95,1,0.8636,1
"locus5579",0.9583,1,1,0.9545,1,1,1,1,1,1,1,1,1,1,0.9583,1,0.9444,0.8333,1,1,0.9286,1,0.95,1,0.7727,0.9167
"locus5580",0.6364,0.375,0.1875,0.5714,0.5,0.2778,0.3333,0.5,0.35,0.5,0.7778,0.5833,0.6875,0.3125,0.4583,0.25,0.4375,0.5,0.1429,0.4375,0.4167,0.5,0.3571,0.5,0.5,0.4375
"locus5581",0.875,1,0.9375,0.9091,0.7778,1,1,0.8889,0.7727,1,1,0.8125,1,0.9286,0.5,1,0.9444,1,1,1,1,0.9545,0.9,0.85,0.85,0.9583
"locus5582",0.8636,1,1,1,1,1,1,1,0.9545,1,1,0.9375,1,0.9375,1,1,1,1,1,1,0.9286,1,0.875,1,0.9545,1
"locus5583",0.9583,1,1,1,1,1,1,0.9444,0.9545,0.9375,1,1,1,0.9375,1,1,0.8125,1,1,0.8889,1,1,0.95,1,0.7727,1
"locus5584",0.85,0.9375,0.6111,0.7143,1,1,0.875,0.9444,0.625,0.75,0.9545,1,1,0.7857,0.75,0.75,0.7222,0.8333,0.8571,0.7,0.9167,1,0.75,0.8571,0.75,0.9167
"locus5585",1,0.875,1,1,0.9286,0.8889,1,0.9444,0.9545,0.75,0.75,1,0.8889,0.9375,0.9583,1,1,1,0.9375,1,1,1,1,1,0.9545,0.8182
"locus5586",1,1,0.85,1,0.8889,0.9583,1,1,0.95,1,0.9091,0.9375,1,1,0.8182,1,1,1,0.9375,1,1,1,1,1,0.7273,1
"locus5587",0.0909,0.0625,0,0.5,0,0,0,0.1111,0,0,0,0.125,0,0.0625,0,0,0.125,0,0,0,0,0.55,0.1429,0.05,0.0455,0.0417
"locus5588",0.9,0.9375,0.95,1,1,1,1,1,0.9545,0.9375,1,0.9375,1,0.75,0.9583,1,0.5,1,0.875,0.9286,1,0.6,0.7143,0.9,0.9167,0.9583
"locus5589",0.6364,1,0.95,1,0.9444,1,1,1,0.9545,1,0.9545,1,1,1,0.9583,1,0.5625,1,1,0.9444,1,0.9091,0.95,0.9,0.875,0.9583
"locus5590",1,1,1,1,1,0.9583,0.25,1,0.9091,0.9167,1,1,1,1,1,0.125,1,1,0.9375,0.9444,1,1,1,1,1,1
"locus5591",0.8636,0.9375,0.95,0.9091,1,1,1,1,1,1,1,0.875,1,1,0.9583,1,0.9444,1,1,0.9375,1,0.9545,0.9444,0.95,0.9545,1
"locus5592",0,0.4,0.4375,0.4,0.5,0.1,0.6667,0.3125,0.4375,0.125,0.1667,0.5,0,0.4286,0.3889,0.15,0.5,0.5,0.5,0.5,0.5833,0.25,0.35,0.5714,0.25,0.3636
"locus5593",1,0.9375,1,1,1,1,1,1,1,1,0.7727,1,0.6,1,1,1,1,0.8333,1,1,1,1,1,1,1,1
"locus5594",1,0.75,0.75,0.8182,0.75,0.9,1,0.75,0.875,1,1,0.9167,1,1,0.7727,1,1,1,0.8571,0.8333,0.9,0.9444,0.8889,0.7778,0.9,0.5556
"locus5595",0.9167,0.9375,0.95,1,1,0.9167,1,0.8889,1,1,1,1,1,1,0.9583,1,0.75,0.8333,1,0.9444,1,1,0.9,0.8,1,0.7917
"locus5596",0.2,0,0,0.0833,0.1111,0.0417,0,0.0556,0.1,0,0.0455,0.2,0,0.3125,0.125,0.2727,0,0.6667,0.125,0.0556,0.2857,0,0.1111,0,0.55,0
"locus5597",0.6667,0.5833,0.3571,0.5625,0.3125,0.2727,0.8,0.3125,0.5,0.4375,0.55,0.7,0.5,0.5,0.3182,1,0.6875,0.8333,0.375,0.5,0.625,0.3636,0.6,0.4444,0.5625,0.4167
"locus5598",0.2273,0.5625,0.0833,0.0714,0.375,0.5,0,0.2,0,0,0.7727,0.125,0.8333,0.2,0.1111,0.0455,0,0.3333,0.2,0.0556,0,0.375,0,0.0714,0,0.0714
"locus5599",1,0.9375,1,0.9545,0.9444,1,1,0.75,1,1,1,1,1,1,1,1,1,1,1,0.9444,1,0.8,1,0.95,0.9545,0.9583
"locus5600",0.9583,1,1,0.9545,1,0.9091,1,1,0.9091,1,1,0.75,1,1,0.9583,1,1,1,0.9375,1,0.9286,1,1,0.7222,0.9545,0.9583
"locus5601",0.7917,0.75,0.7,0.8636,0.8889,0.875,1,0.8125,0.8182,1,0.9545,0.9375,1,0.9286,0.6667,1,0.8333,0.6667,0.5625,0.9444,0.8571,0.9545,0.85,0.75,0.75,0.9583
"locus5602",0.625,1,1,1,1,0.9583,1,1,1,1,0.9091,1,1,0.9375,0.9167,1,0.9444,1,1,0.9444,0.9286,0.75,0.65,1,0.9545,1
"locus5603",0.6875,0.4286,0.3333,0.75,0,0.2222,1,0.1429,0.5,0.4286,0.0909,0.5714,0,0.6667,0.1875,0.9091,0.6667,0.5,0.5833,0.6875,0,0.3889,0.6667,0.5625,0.4,0.1364
"locus5604",0.0833,0.375,0,0.0455,0,0.375,0.5,0.0625,0.1364,0.1429,0,0,0,0.0833,0.1364,0.05,0.1667,0,0.0714,0.3333,0.3333,0,0.1,0.25,0.0455,0.0417
"locus5605",0.9583,0.9375,0.9,1,1,1,1,1,1,0.9375,1,0.9375,0.95,0.6,1,1,1,1,1,0.875,0.9286,1,1,0.9,1,0.8333
"locus5606",0.4286,0.4,0.3125,0.4444,0.1,0.375,0.6,0.3571,0.35,0.5,0.3889,0.5,0.5,0.5,0.5,0.6429,0.4286,0.5,0.5,0.5,0.3571,0.5,0.5,0.3125,0.4286,0.35
"locus5607",1,1,1,1,1,1,1,1,1,1,1,1,1,1,1,1,1,0.8333,1,1,1,0.65,0.8,1,0.7727,0.9583
"locus5608",1,1,0.95,1,0.8889,1,1,1,1,1,0.7727,1,0.9,0.8125,1,1,0.9444,1,0.9375,1,1,1,1,0.9,1,1
"locus5609",0.9167,0.875,0.95,0.9545,1,0.9167,0.4,1,1,0.9,1,1,1,0.9375,0.9167,0.2222,1,1,0.8125,0.7857,1,1,1,1,1,0.9167
"locus5610",0.6,0.875,0.9375,0.9375,1,0.9583,0.4,1,0.85,0.7,0.9,0.8571,0.95,0.75,0.85,0.4167,0.8333,0.75,0.875,0.6667,1,0.45,0.6667,0.8,0.7273,0.9167
"locus5611",0.875,0.875,0.9,1,1,1,1,0.9444,0.9545,1,1,0.875,1,1,0.9583,0.8636,1,1,0.8125,1,0.8571,1,1,1,1,0.8333
"locus5612",0.7778,0,0,0,0,0,0.5,0.0556,0,0.25,0,0.0714,0,0.0625,0.0417,0.4167,0.625,0.25,0,0,0,0.7222,0.0714,0,0.05,0
"locus5613",0.9583,1,1,0.6364,1,1,1,1,1,1,0.9545,0.9375,1,1,0.9583,1,0.9444,1,1,1,1,1,0.75,1,1,1
"locus5614",0.95,0.5833,0.5,0.4444,0.625,0.2083,1,0.6667,0.6429,0.5,0.15,0.6429,0.2778,0.5,0.625,1,0.6667,0.6667,0.5,0.7,0.4286,0.8889,0.8125,0.6111,0.6667,0.4
"locus5615",0.8,1,1,1,1,1,0,1,1,0.5,1,0.9375,1,1,1,0.125,0.875,0.8333,1,0.75,0.9286,1,0.7143,1,0.7778,0.875
"locus5616",0,0,0,0.0455,0.25,0.0833,0,0.125,0.0455,0,0,0.125,0,0,0.0833,0,0.0556,0,0,0.0556,0.0714,0.0455,0.05,0.1,0.05,0.1818
"locus5617",1,1,0.9,0.9545,1,1,0.2,0.8889,0.9545,0.875,1,1,1,0.9375,0.9583,0.45,1,1,0.9375,0.875,1,1,1,1,1,1
"locus5618",0.9583,0.6875,1,1,1,0.9583,0.75,1,1,0.9375,1,1,0.9,1,0.875,1,1,1,0.875,1,1,1,1,0.95,1,0.9583
"locus5619",0.7917,1,1,0.8182,1,1,0.9,1,1,1,1,1,1,0.875,0.9167,1,1,0.6667,0.9375,0.9444,1,1,1,0.95,1,1
"locus5620",0.4,0.2857,0,0,0.1111,0.2273,1,0,0.1667,0.5,0,0.1875,0,0.1429,0,0.95,0.5714,0.5,0.0833,0.2857,0,0.4375,0.1667,0.0625,0.2,0.0417
"locus5621",0.8636,0.5625,0.7143,0.6429,0.75,0.7778,1,0.75,0.8889,0.7857,0.5714,0.8333,0.6875,0.75,0.65,1,0.7222,0.75,0.6875,0.8333,0.5833,0.25,0.6429,0.6875,0.7222,0.8333
"locus5622",0.9375,0.9375,1,0.95,1,0.9545,0.5,1,0.5556,1,1,1,1,0.625,0.9091,0.4444,1,1,0.9375,0.75,1,0.9545,1,0.75,0.8889,1
"locus5623",0.8125,0.8333,0.5556,0.875,1,0.9583,0.3,0.875,0.5,0.3333,0.9,0.9,1,0.5,0.625,0.45,0.8,NA,0.8,0.6429,0.875,1,0.9286,0.6667,1,1
"locus5624",1,1,0.95,1,1,1,1,1,1,1,1,0.9375,1,1,0.9167,1,1,1,1,0.9444,1,1,0.9,0.95,1,0.8636
"locus5625",0.9167,0.875,0.75,1,1,0.8,1,0.75,0.75,0.8333,0.5833,0.9167,1,0.9167,0.8,0.9545,1,1,0.75,0.875,0.875,0.9545,0.8889,0.5625,0.8571,0.5
"locus5626",0.2917,0.5714,0.5556,0.45,0.7143,0.4444,0.2,0.4375,0.5,0.4167,0.65,0.4167,0.5,0.5714,0.5,0.1,0.3571,0,0.4,0.625,0.7,0.5,0.2857,0.4375,0.4,0.5
"locus5627",0.5625,1,0.9286,0.9091,1,0.9583,1,1,0.7778,0.6875,0.9545,0.9286,0.95,0.8571,0.6667,0.9545,0.75,1,0.9,1,0.9286,0.9545,0.9375,0.75,0.8,0.875
"locus5628",0.875,1,0.7857,0.6875,1,1,1,0.8333,0.875,0.9375,1,0.8,1,0.875,0.7,1,0.9167,1,1,0.8571,0.8333,1,0.6667,0.875,0.9545,1
"locus5629",0.7273,0.9375,1,0.85,1,0.9583,1,1,1,1,1,1,1,1,1,1,0.8889,0.8333,1,1,0.9286,0.7857,0.8889,1,1,1
"locus5630",1,1,1,1,1,0.9583,1,1,1,1,1,0.875,0.25,1,0.9583,1,1,1,1,1,1,1,1,1,0.9545,0.9583
"locus5631",0.65,0.3571,0.375,0.5556,0.4,0.4286,1,0.3889,0.3125,0.5,0.5,0.3,0.75,0.3,0.2778,0.85,0.1875,0.5,0.375,0.4444,0.3571,0.5,0.4167,0.5,0.5556,0.25
"locus5632",0.1667,0.125,0,0.0455,0,0.0417,0,0,0,0.4,0,0.0625,0,0.25,0,0.0833,0.1111,0,0.0625,0,0,0,0,0,0.0455,0.0455
"locus5633",0.0909,0,0,0.7778,0,0.0625,0,0.8333,0,0.1667,0.0455,0.125,0,0.0714,0.3,0.0455,0.4167,0,0,0.0833,0.375,0.0455,0.4,0.25,0.5556,0.2273
"locus5634",1,0.9375,0.9,1,0.9444,0.9583,1,0.8889,0.9091,0.875,0.95,1,0.95,0.9375,1,0.9545,1,0.8333,1,0.9444,0.75,1,0.95,1,0.9091,0.9091
"locus5635",1,0.9286,0.8889,0.7273,1,0.9583,1,1,0.9545,0.8125,0.9091,0.9375,0.9,0.9375,0.9583,0.9545,0.9444,1,0.9375,1,1,1,0.9444,1,0.8182,1
"locus5636",0.5455,0.4286,0.6111,0.5,0.4375,0.4583,0.5,0.4444,0.2727,0.5714,0.0909,0.3571,0.3333,0.4286,0.4,0.5,0.5,0.5,0.375,0.3889,0.4,0.5,0.5714,0.4444,0.5455,0.55
"locus5637",0.9545,1,0.95,1,1,1,0.9,0.9444,0.9091,1,1,1,1,1,0.9583,1,1,1,0.9375,0.8333,0.9286,0.9545,1,0.9,0.9545,1
"locus5638",0.875,0.8571,1,1,1,0.9167,1,1,0.9545,1,0.875,1,1,1,1,1,0.8889,0.8333,1,1,1,1,1,0.9,1,1
"locus5639",1,1,1,1,0.9444,1,1,0.9444,1,1,1,0.875,1,1,1,0.9545,1,1,0.9167,1,1,1,0.85,0.85,0.9545,1
"locus5640",0.9583,0.7857,1,0.9545,0.5625,0.5833,1,0.7778,1,0.8125,0.7727,1,0.8,0.875,1,1,1,1,1,1,1,0.9545,1,1,0.8636,0.9583
"locus5641",0.9583,1,0.95,1,1,0.9583,0,0.9444,0.7857,0.9286,1,0.875,1,0.8125,0.9583,0.3333,1,1,0.9375,0.7857,1,1,1,0.8,0.9545,1
"locus5642",0.0833,0.0833,0.1,0.0909,0,0.1667,0,0.1111,0.0455,0.125,0.1,0,0.1,0.125,0.0417,0,0.0556,0.1667,0.0714,0.0556,0,0,0.05,0.2,0,0
"locus5643",0.875,1,0.85,1,1,1,1,0.9444,0.9545,1,1,1,1,0.875,0.75,1,0.9444,0.6667,0.875,0.9444,0.9167,0.7273,0.9,0.95,0.95,1
"locus5644",0,0.4375,0.05,0.0455,0,0.2917,0,0,0,0.0625,0.3636,0,0.75,0.125,0.0417,0,0.0556,0,0,0.2222,0.0714,0,0,0,0.0455,0
"locus5645",1,0.9375,1,1,0.9444,0.9167,1,0.9444,1,1,1,0.9375,0.95,1,1,0.9545,1,1,1,1,0.9286,1,1,0.85,1,0.8182
"locus5646",1,1,1,1,1,1,0.6,1,1,1,1,1,1,1,1,0.5,1,1,1,1,1,1,0.95,1,0.9545,1
"locus5647",0.8,0.8571,0.5833,0.7857,0.9444,0.9167,0.5,0.875,0.6111,0.9286,0.9,0.75,1,0.5,0.6429,0.5556,0.8125,0.6667,0.6,0.6667,1,1,0.8333,0.7,0.9091,0.875
"locus5648",1,1,0.9,1,0.9286,0.9167,1,1,1,1,0.9545,1,1,0.875,1,0.9545,1,1,1,0.7778,1,1,1,0.95,0.9545,0.8
"locus5649",0,0.0625,0.05,0,0,0.0833,0,0.0556,0,0.0625,0,0,0,0,0.125,0,0,0,0.4375,0,0,0,0.05,0.05,0,0
"locus5650",1,1,0.95,1,1,0.9583,0.6,1,1,1,1,1,0.95,0.8571,1,0.4091,1,1,1,0.9444,1,1,1,1,0.9545,1
"locus5651",0.4,0.1429,0.25,0.1667,0,0.05,0.6667,0.1429,0.2778,0.5,0.0833,0.5,0.1875,0.2,0.1111,0.8125,0.5714,0,0.0833,0.1667,0.5,0.6875,0.1667,0.1667,0.2778,0.25
"locus5652",0.9583,1,1,1,1,1,1,1,0.9091,1,0.9545,1,1,1,0.9583,1,1,1,1,1,1,1,1,0.85,0.8636,1
"locus5653",0.9167,0.9375,1,0.9545,0.9444,1,1,0.8889,1,1,1,1,1,1,1,1,0.8333,1,1,1,1,0.9545,0.9,1,0.9545,0.875
"locus5654",1,1,1,1,1,0.7727,1,1,1,1,0.9,1,0.5833,1,1,1,1,1,1,1,1,1,1,1,1,1
"locus5655",0.3182,0.6875,0.2222,0.6875,0.3333,0.65,0.6,0.5,0.0625,0.8571,0.8636,0.5714,0.95,0.5833,0.1818,0.9444,0.6667,0.5,0.0625,0.25,0.5,0.0556,0.5625,0.4375,0.4,0.4167
"locus5656",0.9167,0.75,1,1,0.8333,0.9091,1,0.9444,0.9091,0.9375,0.85,0.9375,0.8571,0.875,0.8333,1,0.9444,1,1,1,1,1,0.9,0.625,1,0.9583
"locus5657",0.9583,0.8571,1,1,1,0.75,0.9,0.9444,0.9091,1,1,0.9375,0.875,0.9375,0.875,0.9091,0.875,1,0.875,1,0.8571,0.9091,1,0.9444,0.9545,0.9583
"locus5658",0,0,0,0.0455,0,0.0417,0,0,0,0,0,0,0,0,0.0417,0.5,0,0,0,0,0,0,0,0,0.0455,0
"locus5659",0.9167,1,1,1,1,0.8636,1,1,1,1,0.9444,1,1,1,0.9583,1,0.8889,1,1,1,0.9286,1,1,0.95,0.9545,0.9583
"locus5660",0.9167,1,1,0.9091,1,1,1,1,0.9545,1,1,0.9375,1,0.9375,0.9545,1,0.8889,1,0.9375,0.8889,1,1,1,0.95,1,0.9583
"locus5661",1,0.9375,0.95,1,1,1,1,1,0.9545,1,1,1,1,1,0.875,0.9545,1,1,0.9375,1,0.7857,1,1,1,1,0.9583
"locus5662",0.9545,1,1,0.95,1,0.9583,1,1,0.9545,1,1,1,1,1,1,1,0.7778,0.8333,0.9375,1,1,1,0.95,0.85,1,1
"locus5663",0.625,0.7857,0.65,0.6364,0.75,0.8333,1,0.75,0.7727,0.9375,0.6364,0.5625,0.9,0.7857,0.75,1,0.875,0.8333,0.625,0.8333,0.6429,0.8636,0.5,0.5,0.6364,0.9167
"locus5664",0.55,0.3333,0.5714,0.3571,0.4,0.3333,0.1667,0.6875,0.3333,0,0.1364,0.75,0.1429,0.5833,0.5,0.85,0.8125,0.3333,0.6,0.5,0.75,0.8636,0.4375,0.4167,0.8,0.6
"locus5665",0.55,0.875,0.75,0.7,1,1,0.125,0.8889,0.7222,0.3333,0.8125,0.8571,0.7778,0.9,0.7917,0.125,0.5556,0.75,1,0.5,0.6,0.3571,0.7857,0.8125,1,0.9583
"locus5666",0.9583,1,0.9,1,1,1,1,0.9444,1,1,0.9545,1,1,1,0.875,1,1,1,0.9375,0.9444,1,1,0.9,1,0.9545,0.9167
"locus5667",0.9091,0.7857,0.8333,0.7,0.75,0.9,1,0.8,0.6,0.625,0.875,0.9286,0.75,0.7857,0.8333,1,0.9444,1,1,0.9167,0.875,0.75,0.875,0.8571,0.9444,0.5556
"locus5668",0.0455,0.0625,0.05,0.15,0,0,0.75,0,0.2727,0,0,0.0714,0,0.125,0,0.8333,0.2778,0,0.0625,0.4375,0,0.05,0.2222,0,0.0455,0
"locus5669",0.9583,0.8125,0.6875,0.75,0.7778,0.8333,1,0.6875,0.9375,0.875,0.9,1,0.95,0.8333,0.8636,1,0.9444,1,0.8571,0.9444,0.8,0.75,0.8889,1,0.8182,0.85
"locus5670",0.9167,0.8125,0.8,0.8636,0.9444,0.9167,0.75,0.9444,0.9091,0.9375,1,1,1,0.8125,0.9167,0.875,1,0.6667,0.9375,1,0.9286,0.6111,0.9,1,0.9545,0.9167
"locus5671",0,0,0.05,0.1,0.5,0.375,0,0.125,0.0455,0,0.5,0.2,0.3571,0.0625,0.0455,0,0,0,0,0,0,0.0455,0.2,0.1,0.1111,0.2
"locus5672",0.0455,0.25,0.1,0.2857,0,0.3182,0,0.0556,0,0.125,0,0,0.1667,0,0.0909,0,0.1111,0.1667,0,0,0.1429,0.0909,0.1111,0.1,0.0455,0.25
"locus5673",1,1,1,1,1,1,1,1,1,1,1,1,1,1,1,1,1,1,1,1,1,0.25,0.95,1,1,1
"locus5674",0.9583,1,1,1,0.8889,1,1,0.9444,1,1,1,1,1,1,1,1,0.9286,1,0.9375,0.8889,1,1,1,1,0.9091,0.9545
"locus5675",0,0.1875,0,0.0909,0,0.0417,0,0.0556,0,0.1875,0,0,0,0.0625,0,0,0,0,0,0.2222,0.0714,0,0.2,0.1111,0.1364,0.0417
"locus5676",0,0.0625,0,0.1364,0,0.1818,0.7,0.0556,0.0455,0.1429,0.0556,0,0.3571,0,0.0833,0,0.1111,0,0,0.0556,0,0.0455,0.05,0.3,0.0455,0.0833
"locus5677",0.0556,0.6875,0.1667,0.55,0.5,0.5625,0,0.6875,0.15,0.5714,0.65,0.5,0.75,0.4286,0.7273,0.0455,0.375,0.1667,0.5,0.2,0.6,0.125,0.3571,0.5,0.5,0.75
"locus5678",0.875,0.9286,1,0.8889,0.9444,1,1,1,0.9545,1,1,1,1,1,1,1,0.6667,1,1,1,0.9286,1,0.8571,1,1,0.9583
"locus5679",0,0,0.05,0,0,0,0,0,0.1364,0,0.0455,0,0,0,0.2727,0,0,0,0,0.0556,0,0,0,0.05,0,0
"locus5680",0.7917,1,1,1,1,1,0.625,1,0.9091,1,1,1,1,0.875,0.9167,1,0.5,1,0.9286,0.8889,0.9286,1,1,0.95,0.8889,1
"locus5681",1,1,1,0.9545,1,1,NA,1,0.9091,1,1,0.9375,1,1,1,0.8333,1,1,1,0.8889,1,0.8,0.95,1,0.9,1
"locus5682",0.9545,1,0.9,1,0.8889,1,1,0.9286,0.9091,1,1,1,1,0.875,0.9167,0.9091,1,0.8333,0.9375,0.9444,1,1,1,0.95,1,0.9583
"locus5683",0.9583,1,0.95,0.8636,1,1,1,0.8125,1,1,0.9545,0.9375,1,1,0.9167,1,1,0.8333,0.875,1,1,1,1,1,1,0.9583
"locus5684",0.8333,0.875,0.85,0.9545,0.9444,1,0.9,0.9444,0.8636,1,1,0.9375,1,0.8125,1,0.8182,1,1,1,1,0.9286,0.9545,0.8,0.9,1,0.875
"locus5685",0.9167,1,1,1,0.9444,0.9167,1,1,1,0.875,1,1,1,0.9375,1,1,0.9444,1,0.9375,0.9444,1,1,1,1,1,1
"locus5686",0.8333,1,1,1,0.7,0.6818,0.9,0.9,1,1,1,0.9,1,1,1,1,0.7857,1,1,1,1,0.7857,1,1,0.65,0.7778
"locus5687",0.0417,0.125,0.15,0,0,0,0,0,0.0909,0.125,0.25,0.0625,0.125,0.0625,0.125,0,0,0,0.125,0.1111,0,0,0.05,0.05,0,0
"locus5688",0,0.125,0,0.05,0,0.0417,0,0.1111,0,0,0.0455,0.125,0,0,0,0,0,0,0,0,0,0.6667,0,0,0,0.0417
"locus5689",0.9091,1,1,1,1,0.9545,1,0.9444,1,0.9375,1,1,1,1,0.9583,1,0.9375,1,1,1,1,1,1,1,1,1
"locus5690",0.9583,0.9375,1,0.9545,0.9375,0.9167,1,1,0.9545,1,1,1,1,1,1,1,1,1,1,1,1,1,0.95,1,0.8182,0.9583
"locus5691",0.7917,0.7,0.7857,0.8125,0.8125,0.5909,1,0.8333,0.7222,0.9167,0.5625,0.75,0.5714,0.7857,0.7,1,0.9444,1,0.7857,0.875,0.9167,0.9545,0.9286,0.625,0.8333,0.875
"locus5692",1,0.9375,1,1,1,1,1,1,1,0.75,1,0.9375,1,0.6875,0.9583,1,0.8333,1,1,1,1,1,0.95,0.95,1,1
"locus5693",0.9167,1,0.85,0.9091,0.9444,1,1,0.7778,1,1,0.7727,1,0.95,0.875,1,1,1,1,0.8125,1,1,0.9545,1,0.95,0.9545,1
"locus5694",0,0,0,0,0,0,0,0.1667,0,0,0,0.0714,0,0,0,0,0.0556,0,0,0,0.0714,0.0455,0,0,0,0.0417
"locus5695",1,0.9375,0.75,1,1,1,1,1,0.8571,1,1,1,1,0.8,0.6667,1,0.9444,1,0.6429,0.8571,0.9286,1,1,0.9444,0.9545,1
"locus5696",0.6364,0.5625,0.85,0.8889,1,0.9167,0.25,0.9444,0.9545,0.9167,1,0.875,0.95,0.875,0.9583,0.4375,0.3889,1,0.8125,0.9286,0.9286,0.8333,0.5714,0.8889,0.7,0.9167
"locus5697",0.9,0.9375,1,1,0.7778,0.9583,1,1,1,0.875,1,0.8125,1,0.8125,0.75,0.8636,0.75,0.6667,0.875,0.9444,1,1,0.7778,1,0.7273,0.8333
"locus5698",0.0417,0.3125,0.5,0,0.2,0.3636,0,0,0.4444,0.0625,0.0625,0.1667,0.0714,0.2143,0.25,0,0,0,0.2143,0.25,0,0.0455,0,0.2778,0.0909,0.15
"locus5699",0.75,1,1,0.9091,0.9444,1,1,1,1,0.9375,0.9545,0.9375,0.95,1,1,0.6364,0.6875,1,0.9375,1,1,1,0.95,1,0.9545,0.9583
"locus5700",0.1818,0,0.1,0.2,0,0.0417,0,0.1111,0.0455,0.0625,0,0,0,0.0625,0.0417,0,0.1667,0.1667,0.0625,0,0.0714,0,0,0,0.0909,0.25
"locus5701",0.35,0,0,0.1429,0.0556,0.0417,0,0.125,0.1364,0,0,0.2,0,0.25,0.2083,0.0455,0.2778,0.25,0,0.1429,0,0.45,0.2222,0.1,0.2,0.0417
"locus5702",1,1,0.95,1,1,1,1,0.8889,1,0.9375,0.9091,0.9375,1,0.8125,1,1,1,1,0.875,0.9444,1,0.9545,0.9444,1,0.8,1
"locus5703",0.8333,1,0.7857,0.8333,1,0.875,1,0.6875,0.75,0.7857,0.9,NA,0.8571,0.7857,0.9091,1,0.5714,0.5,0.9167,0.8125,0.6667,0.8125,0.6429,0.8333,0.6,0.6
"locus5704",0.7917,0.6429,0.9,0.85,1,0.9091,1,0.7143,0.9545,1,1,0.875,1,1,0.7917,1,0.9444,1,0.875,0.8333,0.6667,1,1,0.9,0.875,0.4583
"locus5705",1,1,1,1,1,1,1,1,1,1,1,1,1,1,1,1,0.9444,1,0.9375,1,1,0.5,0.95,1,1,1
"locus5706",0.7143,0.625,0.8125,0.875,1,0.7222,1,0.8,0.9286,0.7857,0.7857,0.9,0.8889,0.6667,0.8333,1,0.8333,1,0.9286,0.7778,1,0.9375,0.75,0.6429,0.8125,0.6875
"locus5707",0.75,1,0.9375,0.8182,0.9444,1,0,0.8889,0.6818,0.875,0.9545,0.8571,0.9,0.875,0.9167,0.05,0.6667,1,0.8125,0.5,1,1,0.7143,0.7778,0.6875,1
"locus5708",0,0.0625,0.05,0,0.1429,0.3182,0,0.0556,0,0,0.35,0,0.3571,0,0,0,0,0,0,0,0.0714,0,0,0,0.0455,0.0833
"locus5709",1,1,1,1,0.7222,0.9167,1,1,1,0.875,1,1,1,1,1,1,1,1,1,1,1,1,1,0.75,1,0.9583
"locus5710",0.5455,0.625,0.7857,0.5625,0.4444,0.55,0.5,0.5833,0.6875,0.5714,0.1818,0.75,0.1,0.8333,0.75,0.9286,0.6429,0.8333,0.625,0.875,0.5,0.6,0.625,0.5556,0.75,0.5
"locus5711",0.4,0.4,0,0.4167,0.6,0.5,0.4,0.5,0.2778,0.5,0.05,0.375,0.3,0.2,0.1364,0.75,0.5,0,0.3,0.375,0,0.15,0.25,0.125,0.4375,0.4
"locus5712",0.5556,1,0.9375,0.9,0.9375,0.9545,0.5,0.9375,0.9545,0.9167,0.9545,1,1,0.9286,0.7083,0.9,0.6111,1,0.6875,0.7857,1,0.6667,0.625,0.9,0.8333,1
"locus5713",0,0,0,0,0,0.2917,0,0.1667,0,0,0.0909,0,0.05,0,0,0.0455,0,0,0.0625,0,0.0714,0,0,0,0,0.0909
"locus5714",1,0.875,0.8333,0.9545,1,0.7917,1,0.9444,0.6111,1,1,0.875,1,0.75,0.8182,1,0.7222,0.8333,0.7143,0.8571,0.8333,0.9545,0.95,0.6667,0.9091,1
"locus5715",1,0.875,1,0.7273,0.8333,0.9167,1,0.8889,0.9091,1,0.9091,1,0.85,0.9375,0.9583,1,1,1,0.875,1,0.8571,1,1,1,0.9545,0.875
"locus5716",1,0.7143,1,1,1,0.7143,1,0.6667,1,0.75,0.6667,0.9375,1,1,0.9583,1,1,1,1,1,0.8333,1,1,0.9,0.9091,0.8125
"locus5717",0.6818,1,0.7778,0.7727,1,1,0.7,0.8333,0.6818,0.875,0.8636,0.7857,1,0.625,0.875,0.9091,0.8889,0.8333,0.75,0.4444,0.8333,0.85,0.7778,0.65,0.6364,0.875
"locus5718",0.0556,0.125,0,0.0455,0,0.0833,0.4,0,0,0.3333,0,0.0625,0.05,0.1429,0.0417,0.4091,0,0,0,0.1429,0,0,0.1667,0,0.0909,0
"locus5719",0.1818,0,0.05,0.1,0.0556,0.0417,0.1,0,0,0.0625,0,0.0625,0,0.125,0,0.0455,0,0,0,0,0,0,0,0.05,0.1818,0
"locus5720",1,1,0.95,1,1,0.9583,1,0.9444,1,0.9375,0.9545,1,1,0.9286,0.9583,0.9545,1,0.8333,0.9375,1,0.9286,0.5625,1,1,1,1
"locus5721",1,0.9375,1,1,1,0.75,1,1,1,1,1,1,1,0.9375,1,1,1,1,0.9375,0.8889,1,1,0.95,1,1,1
"locus5722",1,0.9286,1,1,0.8333,0.8,1,0.75,0.9545,0.9375,1,1,0.95,1,0.9583,1,1,1,0.9375,0.9444,0.75,1,0.85,0.85,0.9,0.8571
"locus5723",0.8571,0.9375,1,0.9545,1,1,1,0.8889,0.9545,1,0.9545,0.9375,1,1,1,1,0.9167,0.6667,1,1,0.7143,0.8889,0.7857,0.9,0.875,0.875
"locus5724",0,0.125,0.05,0.1818,0,0.125,0,0.0556,0,0.25,0,0,0,0,0.0417,0,0,0,0,0,0,0,0,0.25,0,0
"locus5725",0.875,0.9375,0.85,1,0.9167,0.7917,0.6667,0.9286,0.9545,0.7857,0.9545,1,0.95,0.8125,0.9583,1,0.7857,0.8333,0.9286,0.8125,0.7,0.8636,0.95,0.65,0.9286,0.9
"locus5726",0,0.0714,0,0,0,0.1667,NA,0,0,0.6,0,0,0,0,0.0833,0,0,0,0.0625,0,0,0.0455,0,0,0,0
"locus5727",0.4091,0,0.2,0.0625,0.2222,0.25,0.1,0.4375,0.1,0.0714,0,0.25,0,0.125,0.0833,0.0455,0.3333,0.5,0.1875,0.25,0.5,0.45,0.25,0.1667,0.25,0.4
"locus5728",0,0.1429,0.1,0,0,0.05,0,0,0.0909,0,0,0,0,0.0625,0,0.0455,0,0,0,0.2222,0,0,0,0,0.0455,0.0417
"locus5729",0.875,0.5714,0.875,0.7143,0.3333,0.6667,1,1,0.8889,0.8125,0.5,0.625,0.6429,0.9286,0.8636,0.9545,0.8889,0.6667,0.6,0.9444,1,0.7143,0.8889,0.9375,0.8636,0.8571
"locus5730",0.9583,0.9375,1,1,1,0.9167,1,1,1,1,0.8,1,0.9,0.8571,1,1,1,1,0.9375,0.9444,1,1,1,1,0.9545,1
"locus5731",0.9583,1,1,1,0.9444,1,1,1,1,0.9375,0.5833,1,0.8333,1,1,1,1,1,1,1,1,1,0.95,0.95,1,0.9583
"locus5732",0,0,0,0,0,0.2083,0,0,0,0,0.3333,0,0,0,0,0,0,0,0,0,0,0,0,0,0.0455,0
"locus5733",0.6364,0.9,0.6429,0.6667,1,0.75,1,0.6667,0.5909,0.8,1,1,0.8125,0.5625,0.6875,0.8182,0.3571,0.6667,0.5714,0.5625,1,1,0.7222,0.5,0.75,0.9167
"locus5734",0.9583,0.75,0.7778,0.9545,0.9444,0.8333,1,0.8889,0.8182,0.875,0.6364,0.875,0.7,0.9375,0.625,0.9545,1,1,0.875,0.8889,1,1,0.95,0.7,1,1
"locus5735",0.9167,1,0.8,1,1,1,1,1,0.9545,1,1,1,1,1,1,1,0.8889,1,0.9375,0.75,1,1,0.9,1,1,1
"locus5736",1,0.9375,1,0.9545,1,1,1,1,0.9545,0.9375,0.8,1,0.9,0.9375,1,1,0.9444,1,1,1,1,1,1,1,1,0.9167
"locus5737",1,0.5,0.95,0.8,0.8333,0.9167,1,0.9444,0.8636,0.9375,0.75,0.8125,0.55,0.8125,0.8333,0.9545,1,0.8333,0.875,0.8333,0.9286,0.75,0.6667,0.75,0.75,0.9091
"locus5738",1,1,0.8,1,1,1,1,0.9444,0.9091,1,1,1,1,1,0.875,1,1,1,1,1,0.8571,1,1,0.85,0.9091,0.9583
"locus5739",0.75,0.75,0.65,0.9091,0.6667,0.75,0.5,0.6667,0.9091,0.5625,0.9091,1,0.75,0.625,0.8333,0.6111,0.7222,0.8333,0.8571,0.9444,1,0.7727,0.75,0.7,0.8636,0.8636
"locus5740",0,0.2,0.15,0,0.3,0.5,0,0.1875,0.1364,0.0714,0.55,0,0.6111,0,0.125,0,0,0,0.125,0,0.25,0.0455,0,0,0,0.1111
"locus5741",0,0,0.05,0,0.1667,0.0417,0,0.2,0.0909,0,0,0.0833,0,0,0.0833,0,0,0,0,0.0556,0.5714,0.0455,0.05,0.0625,0.0909,0.375
"locus5742",0,0,0,0,0.5,0.1111,0,0.1429,0,0,0.25,0.0714,0,0,0,0,0,0,0,0,0,0,0.05,0,0.4,0.6818
"locus5743",1,0.9375,1,0.9545,1,1,1,0.9444,0.9545,1,0.9545,1,0.95,0.875,0.9583,1,1,1,0.875,0.8889,1,1,0.95,0.85,1,1
"locus5744",0.9167,1,1,1,0.7222,0.7083,1,0.8333,1,1,0.9545,0.875,1,1,1,1,1,1,1,1,1,0.9545,0.95,1,1,0.7083
"locus5745",0.9545,1,0.9,0.85,1,0.9583,1,1,0.8182,1,1,1,1,0.9375,0.9167,0.9545,1,1,0.9375,0.8889,1,0.9091,1,0.9444,1,0.9545
"locus5746",0.9583,0.9375,0.85,1,1,1,1,1,0.95,1,1,0.8571,1,0.875,0.9545,0.9545,1,0.6667,0.8125,0.9444,1,0.4545,1,0.9,0.9545,0.875
"locus5747",1,0.8571,1,1,1,1,1,1,1,1,1,0.9375,1,1,1,1,1,1,1,0.8889,1,0.6364,0.85,1,0.9545,1
"locus5748",0.4583,0.4286,0.5625,0.7,0.3571,0.5556,1,0.5714,0.7,0.625,0.625,0.5,0.6667,0.6429,0.375,1,0.9375,0.3333,0.3571,0.8125,0.6,0.2,0.5,0.5,0.375,0.4
"locus5749",0.9091,1,1,0.9545,1,1,1,1,1,1,1,1,1,1,1,1,1,1,1,1,1,0.5,0.8,1,1,1
"locus5750",1,0.9375,0.95,0.7222,1,1,1,0.8333,0.9091,1,0.9545,1,1,1,0.875,1,1,1,0.875,0.7778,1,1,0.8889,0.7,1,0.9583
"locus5751",0.4091,0.4286,0.6667,0.4,0.1,0.2,0.4,0.3333,0.5,0.2,0.125,0.5,0.1875,0.5,0.5909,0.3,0.3571,0.5,0.5625,0.5,0.5833,0.5,0.375,0.6429,0.2778,0.4
"locus5752",0.5,0.8571,0.75,0.5,0.875,0.75,0.7,0.8125,0.625,0.3,0.2,0.8,0.4,0.7143,0.8636,0.4286,0.3571,1,0.7,0.5,1,0.5714,0.3889,0.6875,0.6667,0.7727
"locus5753",0.75,0.375,0.5,0.3571,0.25,0.25,1,0.3571,0.4375,0.5625,0.5,0.3571,0.2,0.375,0.3636,0.8636,0.8333,0.6667,0.4167,0.5556,0.5,0.9091,0.7222,0.5,0.7273,0.3333
"locus5754",0.7,0.5833,0.7,0.9,0.6667,0.6818,0.7,0.6875,0.55,0.75,0.55,0.9286,0.4286,0.8125,0.6364,0.8636,0.75,1,0.5714,0.8571,0.5,0.875,0.8,0.6667,0.75,0.875
"locus5755",0.125,0.2143,0.1,0.0556,0,0.1,0,0,0.0455,0,0.1111,0.1875,0.3,0,0.0833,0,0.2222,0,0.0625,0.0556,0,0.0455,0.0714,0.05,0,0
"locus5756",0,0,0,0,0,0,0,0,0,0,0,0.1875,0,0,0,0,0.125,0,0,0.0556,0,0.0909,0.3,0,0,0
"locus5757",0.9091,0.5,0.5,0.3889,0.125,0.0625,0.2,0.5833,0.5556,0.4286,0.0909,0.4167,0.1,0.5,0.5,0.5,0.6667,0.8333,0.75,0.5,0.5,0.5,0.7143,0.5,0.625,0.25
"locus5758",0.65,0.5625,0.25,0.1667,0.2857,0.4091,0.8333,0.4375,0.4375,0.4286,0.5,0.3571,0.3125,0.5833,0.4,0.85,0.5714,0.5,0.2857,0.5714,0.2,0.45,0.6111,0.3333,0.4286,0.25
"locus5759",0,0,0,0.05,0.1667,0.125,0,0.0556,0.0455,0,0.0455,0,0,0,0,0,0.2222,0,0,0,0,0,0,0,0,0.0833
"locus5760",1,0.9375,1,1,0.9444,0.9583,1,0.9375,1,1,1,1,1,1,0.9167,1,1,1,1,1,0.8571,0.6875,1,0.9,1,0.9583
"locus5761",1,0.625,1,1,0.75,1,1,0.8889,1,0.9375,0.3636,1,0.7,0.9375,1,1,1,1,1,0.9444,1,1,1,1,0.9545,1
"locus5762",0.9,1,0.8889,0.9091,1,1,0.5,1,0.8125,0.8333,1,1,1,0.8,0.875,0.75,0.7857,1,1,0.7857,1,1,1,0.85,0.9545,0.7917
"locus5763",0.4583,0.1875,0.3,0.1364,0.1667,0,0.75,0.0556,0.3636,0.25,0.0455,0.0833,0.05,0.4375,0.2083,0.4545,0.1111,0.3333,0.3125,0.4444,0.2143,0.45,0.2222,0.3571,0.2273,0.0833
"locus5764",1,0.9375,1,1,1,0.9583,1,0.8333,1,1,0.9091,1,1,0.9375,0.9583,1,1,1,1,1,1,1,1,1,1,0.9167
"locus5765",0.875,0.875,0.95,1,1,0.9583,1,1,1,1,1,1,1,0.7857,1,1,1,1,1,0.875,1,1,0.95,0.95,1,1
"locus5766",0.9583,0.9375,1,1,0.9444,0.9583,1,1,0.9545,0.9375,0.9545,1,0.8889,1,1,0.8182,0.9444,1,1,0.9444,1,1,1,1,0.9545,0.9167
"locus5767",0.6111,0.9,1,1,0.8889,1,0.3333,0.875,0.7143,0.875,0.9545,1,1,0.8333,0.8636,0.7143,0.6875,0.5,0.6667,0.6429,1,0.8889,0.625,0.65,0.8333,0.9583
"locus5768",0,0,0,0,0.2222,0.2083,0,0,0,0,0,0,0,0,0,0,0,0,0,0.0556,0,0,0,0,0.0909,0.125
"locus5769",1,0.875,1,0.85,1,0.9091,1,1,1,0.875,0.9545,1,1,1,1,1,1,1,1,1,1,1,1,1,1,1
"locus5770",0.9583,0.875,0.95,0.9545,1,0.9583,1,1,1,0.9375,0.9091,1,1,0.9375,0.9583,1,1,1,0.9375,0.9444,1,1,1,0.95,0.9545,0.875
"locus5771",1,0.8125,1,1,1,0.875,1,1,1,0.9375,1,1,1,1,1,1,1,1,1,1,1,0.5,1,1,1,0.9167
"locus5772",1,0.6667,0.9,0.8333,0.2143,0.5714,1,0.375,1,0.9375,0.625,0.75,0.5,1,1,1,1,0.75,1,1,0.5,1,1,1,0.8889,0.2222
"locus5773",0.0417,0.0625,0.25,0.1364,0.1667,0.125,0,0.3889,0.0455,0.0625,0.2273,0.125,0.25,0.0625,0.3333,0.0455,0,0,0.125,0.1111,0.25,0.0455,0.2,0.1,0.2,0.5417
"locus5774",0.5625,1,0.9375,0.4286,0.9444,0.9167,0.5,1,0.75,0.8125,1,0.8,1,0.9167,0.9091,0.25,0.5,1,0.9286,0.5833,0.9,0.8571,0.5625,0.6667,0.5625,1
"locus5775",0.9583,0.5,0.8889,1,0.1667,0.3182,0.5,0.5625,0.9,0.3333,0.2778,0.8333,0.125,0.7857,0.7083,0.5,0.8889,0.5,0.75,0.6875,0.75,0.9545,0.9444,0.7222,0.7222,0.5
"locus5776",1,1,0.95,0.9545,1,1,1,0.9444,0.9091,1,1,0.9375,0.95,0.8333,0.9583,1,1,1,0.9375,1,1,1,1,0.85,0.9545,1
"locus5777",1,1,1,1,1,1,1,1,1,1,1,1,1,1,1,1,1,1,0.9375,1,1,0.25,1,1,0.75,1
"locus5778",0.9583,0.9375,1,0.9545,1,0.9583,0.5,1,0.9545,0.6429,0.6875,1,0.9286,1,1,0.65,0.8125,1,0.9375,1,1,1,1,1,1,1
"locus5779",0.7727,1,1,1,0.9444,0.9583,1,0.8889,0.9545,1,1,1,1,1,0.9583,0.9545,1,1,1,1,1,0.6667,1,0.95,1,0.9167
"locus5780",0.8333,0.875,0.9,0.9545,0.8333,1,0.9,0.6111,0.9091,0.6875,0.9545,1,1,0.75,0.875,0.6818,0.7778,0.8333,0.8125,0.8889,0.9286,0.4545,0.7778,0.75,0.85,0.8333
"locus5781",0.9583,0.8125,1,0.9091,1,0.9583,1,1,1,0.8125,1,1,0.95,1,1,1,1,1,1,1,0.9286,1,1,0.95,1,1
"locus5782",0.8333,0.8333,0.5,0.95,1,0.95,0,0.9444,0.5556,0.6667,0.95,0.9,1,0.75,0.7727,0.1818,0.9375,0.8333,0.7857,0.7857,1,0.4286,0.875,0.7222,0.875,0.9167
"locus5783",0.8636,0.875,1,0.6875,1,0.9545,0.875,1,1,0.9375,1,1,1,1,0.9583,0.8571,0.8889,1,0.9375,0.8889,0.8571,0.9545,0.9444,0.85,1,1
"locus5784",0.7917,1,1,1,1,1,1,1,1,0.9375,1,0.9375,1,1,1,0.9545,0.8333,1,1,0.8889,1,1,1,1,1,1
"locus5785",0.1,0.625,0.4,0.0556,0.2857,0.85,0,0.3,0.25,0,1,0.5,0.875,0,0.1667,0,0.25,0,0.3333,0.1875,0.5,0,0.0625,0.375,0.5,0.6429
"locus5786",0.8333,0.6,0.9286,0.7,0.5,0.4375,0.8333,0.5,1,0.8333,0.7857,0.5,0.5833,0.5,0.85,0.8,0.8333,1,0.75,0.6429,0.5833,0.7,0.75,0.75,0.5714,0.625
"locus5787",1,0.9375,0.9,1,1,1,1,0.9444,1,1,1,1,1,1,0.9583,1,1,1,0.9375,0.8889,1,0.8333,1,1,0.9545,0.9583
"locus5788",0.9583,0.9375,0.95,1,1,0.9583,1,0.8889,0.8636,1,0.8636,0.875,1,1,0.9444,1,1,1,0.7857,1,0.7857,1,1,0.95,1,0.875
"locus5789",1,0.5,0.8333,0.7727,0.9167,0.5,1,0.9286,0.9,1,0.375,1,0.4,0.9286,0.875,0.9545,1,0.6667,0.7857,0.9444,0.9167,1,1,0.9375,1,1
"locus5790",0.6,1,1,0.5909,1,1,1,1,1,1,1,0.9375,1,0.9375,1,1,0.4375,1,0.875,1,1,0.7727,0.6,1,0.65,1
"locus5791",0,0,0,0,0,0,0.3,0,0.0909,0.125,0,0,0,0,0,0.3889,0.0556,0,0,0,0,0,0,0.05,0,0
"locus5792",0.7857,0.5833,0.5714,0.6667,0.5,0.75,0.8333,0.4,0.5,0.625,0.8889,0.3333,1,0.5,0.5,0.5,0.75,1,0.3,0.5,0.5,0.8333,0.6667,0.5,0.5556,0.2857
"locus5793",0.2083,0,0.05,0.0909,0,0,0.5,0.0556,0,0.25,0,0.0625,0.05,0,0.0417,0.45,0,0,0.0625,0,0,0,0.05,0.1,0.1364,0
"locus5794",1,1,0.95,1,0.9444,0.875,1,0.8889,1,1,1,1,1,1,1,1,1,1,1,1,1,1,1,0.7222,0.9545,0.9091
"locus5795",1,1,0.8889,1,1,1,1,1,0.95,0.9375,0.9545,1,1,1,0.9167,1,1,1,0.7857,1,0.9286,1,1,0.95,0.9091,1
"locus5796",1,0.9375,0.95,1,0.9444,1,1,0.8889,1,1,1,0.9375,1,1,0.9583,1,0.8889,1,1,1,1,1,1,1,0.9545,0.8636
"locus5797",0.875,1,1,0.8333,1,1,1,1,1,0.8125,1,1,0.75,0.875,1,1,0.8125,1,1,0.8889,1,0.9545,1,0.95,1,0.9583
"locus5798",1,1,1,1,0.8889,0.8636,1,1,1,1,0.95,1,0.95,1,1,1,1,1,1,1,1,1,0.95,1,0.9091,1
"locus5799",0.7083,0.5,0.75,0.5,0.625,0.375,1,0.3125,0.85,0.8333,0.15,0.875,0.0714,0.8333,0.9091,0.9091,0.9444,1,0.9167,0.9444,0.5,0.6,0.85,1,0.7143,0.45
"locus5800",0.25,0.7,0.6875,0.5,0.25,0.6429,0.5,0.5,0.5556,0.6667,0.4286,0.5,0.3333,0.6,0.6111,0.4375,0.25,1,0.7,0.5714,0.4167,0.7,0.5714,0.75,0.4375,0.55
"locus5801",1,0.875,0.95,1,1,0.7727,1,0.8333,1,1,0.8636,1,0.8,1,0.9583,1,0.8333,1,0.9375,0.7778,0.7143,0.9545,1,0.85,1,0.7917
"locus5802",0.5,0.1667,0.4167,0.5,0.1,0.0625,1,0.0714,0.2,0.3571,0.45,0.1667,0.1429,0.375,0.2857,0.7857,0.6667,0,0.125,0.2222,0.125,0.25,0.375,0.4167,0.1875,0.05
"locus5803",0.85,0.4,0.875,0.95,0.8125,0.3333,0.75,0.625,0.6818,0.75,0.5556,0.75,0.35,0.9286,0.8333,0.7143,0.6667,1,0.5714,0.625,0.6667,0.5,0.9286,0.85,0.5,0.75
"locus5804",1,0.9375,0.8889,0.95,0.9444,1,1,1,0.9545,1,0.9545,1,1,0.9375,1,1,0.8889,1,1,1,1,1,1,0.85,1,1
"locus5805",0,0.0714,0.05,0,0.1429,0.45,0,0.0625,0,0.0625,0.3333,0.125,0.6429,0,0.0417,0,0,0,0.0625,0,0.0714,0,0.05,0,0,0
"locus5806",0.0833,0.0625,0,0.1667,0,0.25,0,0,0.0909,0.0625,0.0455,0.0625,0.1,0,0,0,0.1111,0.1667,0.1875,0.0556,0.1429,0.0455,0.1,0.05,0.05,0.0417
"locus5807",0.0417,0,0.05,0.0455,0,0,0,0,0,0,0,0,0,0,0,0,0.25,0,0,0,0,0.0455,0.2,0,0.0455,0
"locus5808",0.65,0.4,0.25,0.5,0,0.125,1,0.125,0.3889,0.5714,0.125,0.2857,0,0.5833,0.1818,0.9545,0.6429,0,0.5,0.4375,0,0.75,0.8,0.4444,0.5833,0.1
"locus5809",1,1,1,1,0.9375,0.8182,1,1,0.9545,1,0.5833,0.9375,0.6667,1,1,1,1,1,0.9286,1,1,1,1,1,0.9545,1
"locus5810",0,0,0.05,0,0,0,0,0,0.0455,0,0.0455,0,0,0,0.2083,0.0455,0,0,0.1875,0,0,0,0,0.05,0,0
"locus5811",1,1,0.95,1,1,0.8636,1,1,0.9545,1,0.8333,1,0.6667,1,0.9167,1,1,1,0.9375,1,1,0.7857,0.95,0.9,0.9091,0.9583
"locus5812",0.8636,0.9375,1,0.75,1,1,1,0.9444,1,1,1,1,1,1,1,1,0.5,1,1,1,1,0.6875,0.9444,1,1,0.9583
"locus5813",0.9,0.8333,0.95,1,1,0.7917,0.6,0.9444,1,1,0.7222,1,0.375,0.9375,0.9583,0.25,0.875,1,0.9375,0.8571,1,0.6111,0.75,0.85,0.8125,0.9583
"locus5814",0.9167,1,0.9,1,1,1,1,0.9444,0.8182,1,1,0.9375,1,1,0.9167,1,0.9444,1,1,0.8333,1,1,0.95,0.9,1,1
"locus5815",1,1,1,0.8182,1,1,1,1,1,1,1,1,1,1,1,0.9545,0.9444,1,0.9375,1,1,0.8571,0.9,1,1,1
"locus5816",0.9583,0.875,0.95,0.9,1,0.8636,1,0.9444,1,0.9375,1,1,1,0.9375,1,0.9545,0.9444,1,1,0.8889,0.9286,0.9545,1,0.9,0.9545,1
"locus5817",0.9545,0.9375,0.95,0.8125,1,1,0.75,1,1,1,1,1,1,1,1,1,1,1,1,0.8889,1,0.9545,0.95,0.95,0.8636,1
"locus5818",0.9583,0.875,0.9444,0.8182,0.8889,0.7727,1,1,0.9545,0.875,0.8182,0.9375,1,0.875,0.875,1,1,1,0.875,1,0.7857,0.9545,0.95,0.65,0.9545,0.8
"locus5819",0.6111,0.3571,0.8,0.4444,0.5,0.45,1,0.6111,0.75,0.5,0.5,0.6667,0.5,0.6667,0.6818,0.9091,0.6111,0.8333,0.6875,0.6875,0.9,0.5455,0.5,0.7,0.8,0.7083
"locus5820",0.1667,0,0,0,0.1111,0.125,0.1,0.0556,0.15,0,0.0909,0.0625,0,0.125,0.0417,0,0.0625,0.25,0,0.0556,0,0.2857,0.3571,0.15,0.1667,0.0417
"locus5821",0.5,1,0.75,0.6111,0.9444,1,1,0.9375,0.7727,0.8333,0.9091,0.7857,0.9444,0.5,0.7083,1,0.6111,1,0.75,0.75,0.7857,0.8125,0.5,0.6667,0.6875,0.9583
"locus5822",0.0417,0,0.1,0.0909,0,0,0,0.0556,0.0455,0,0,0,0,0.1875,0.2083,0,0,0,0.1875,0.0556,0,0,0,0.1,0,0.0417
"locus5823",1,1,1,0.9545,1,1,1,0.9444,0.9545,1,0.9091,0.9375,1,1,0.9545,1,1,1,0.9375,0.8889,0.9286,1,1,0.95,1,0.9583
"locus5824",0.7143,0.9375,1,0.8333,1,1,0.5,1,0.875,0.3333,1,1,1,0.7143,0.875,0.55,0.5,1,0.6429,0.25,1,1,0.9,1,1,0.9583
"locus5825",0.125,0.4,0.5,0.3636,0.2,0.3636,0,0.1,0.25,0.2,0.0556,0.125,0.1429,0,0.3333,0,0.3125,0.25,0.2857,0.2,0.1429,0.0455,0.1875,0.3333,0.1429,0.1
"locus5826",0.9167,1,0.7778,0.75,0.9444,0.9583,1,0.9444,0.75,0.9375,1,0.8333,1,0.5,0.6667,1,0.6667,1,0.875,0.8,1,0.9545,0.875,0.9444,0.8,1
"locus5827",0,0.0625,0.25,0,0,0,0,0,0.1429,0.0625,0,0,0,0.3333,0.05,0,0,0,0.2143,0.0714,0.0714,0,0,0.1875,0,0
"locus5828",0.8,0.6875,0.875,0.9286,0.9444,0.8,1,0.9375,0.8333,0.8333,0.9545,0.8333,1,0.8125,0.8636,1,0.9444,0.75,1,0.9375,0.9167,1,0.3,0.6875,0.8,0.8889
"locus5829",0.1875,0.1429,0.05,0.1111,0,0.0556,0,0.0556,0,0,0.4,0.0625,0.25,0.0625,0.0833,0.05,0.1111,0.1667,0.0625,0.0556,0,0.0909,0.1667,0,0,0
"locus5830",1,0.9375,0.9,1,1,0.9167,1,1,0.9545,1,1,1,0.95,0.9375,1,0.8636,1,1,0.875,1,1,1,1,1,1,1
"locus5831",0.9167,0.9375,1,0.9545,1,1,1,0.9444,0.9545,1,1,0.9375,1,1,1,0.8182,1,1,1,1,1,1,0.75,0.95,0.75,1
"locus5832",1,0.7,0.8889,0.8,0.9167,0.6667,1,0.9,0.8333,1,0.7222,0.875,0.625,1,0.7222,1,1,0.5,0.5833,0.9167,0.875,0.9167,0.8571,0.9375,1,0.75
"locus5833",1,1,1,0.9545,1,1,1,1,1,1,1,1,1,1,0.9583,1,0.8333,1,1,0.7778,1,1,0.95,1,0.9545,1
"locus5834",0.9583,1,1,0.9091,1,1,1,1,1,1,1,0.9375,1,1,1,1,1,0.8333,1,1,1,0.9545,0.8333,1,0.8636,1
"locus5835",0.9091,1,0.95,1,1,0.9583,0.875,0.9444,0.65,0.875,1,0.9375,1,0.875,1,0.9091,0.6667,1,0.9375,0.9444,1,0.3571,1,0.9,1,1
"locus5836",0,0,0,0.0909,0,0,0,0.0556,0.0909,0.0625,0.0455,0,0,0.125,0.0417,0.0455,0,0,0,0,0,0,0.1111,0.25,0,0.125
"locus5837",1,1,1,0.8636,1,1,1,1,0.9545,1,0.9545,1,1,0.9375,0.9167,1,1,1,1,1,0.8571,1,1,1,1,0.8333
"locus5838",0.5833,0.7857,0.6875,0.55,0.8889,0.9167,0.5,1,0.8333,1,1,1,0.9,1,1,0.5,0,1,1,1,1,1,0.7143,0.7143,0.9,1
"locus5839",0.45,0.625,0.9,0.125,0.6667,0.45,NA,0.5714,0.875,0.8571,0.7222,0.6429,0.9286,0.7,0.75,0.6667,0.4167,0.25,0.8333,0.7857,0.5833,0.9286,0.6875,0.7222,0.6111,0.5
"locus5840",0,0.0625,0,0,0.1111,0.2727,0,0.1667,0,0,0.1818,0,0.3889,0,0,0,0,0,0,0,0,0,0,0,0.0455,0.125
"locus5841",0.8333,0.9375,1,1,0.8889,0.75,0.9,1,0.8333,1,0.7727,0.9375,0.8333,1,0.7857,1,1,1,0.8,0.8,1,1,0.8333,1,1,1
"locus5842",0.25,0.3333,0.45,0.05,0.5,0.5909,0,0.5,0.1875,0.125,0.4375,0.4167,0.5714,0.1875,0.3333,0.0909,0.1667,0.1667,0.2857,0.1667,0.5,0.3,0.2222,0.4,0.5,0.3182
"locus5843",0.7083,0.4286,0.5,0.4444,0.1875,0.375,0.375,0.4375,0.5,0.4,0.35,0.625,0.4167,0.5,0.4167,0.6818,0.6667,0.6667,0.5,0.5,0.5,0.6667,0.5,0.4167,0.5,0.5
"locus5844",0.3889,0.1429,0.25,0,0.1111,0.0833,0,0.1111,0.25,0,0.0909,0,0,0.4167,0.125,0.2778,0.6875,0,0.3571,0.125,0.0714,0.5625,0,0.25,0.125,0.0417
"locus5845",0.9583,0.9375,1,1,1,1,1,1,0.9545,1,1,1,1,0.875,1,1,1,1,0.9375,0.9444,1,1,0.8,1,0.8636,1
"locus5846",0.3333,0.7143,0.5,0.4,0.9444,0.9,0.75,0.7778,0.5625,0.6,0.9545,0.6667,1,0.7857,0.5833,0.625,0.5,0.3333,0.5,0.3333,0.9,0.1,0.2222,0.5,0.25,0.8333
"locus5847",0.1667,0.0625,0.25,0.0455,0.1111,0,0,0,0.3333,0.0625,0.0909,0,0,0.0625,0.125,0.0455,0,0.1667,0.0625,0,0,0,0,0.3,0,0
"locus5848",0.9167,0.7143,1,1,1,0.9167,1,1,0.95,1,1,1,1,1,1,1,0.9444,1,1,0.8889,1,1,1,1,1,1
"locus5849",1,1,0.9,1,0.9444,0.9583,0.375,1,0.8636,1,0.9545,1,1,0.9375,1,0.9,1,1,1,1,1,1,1,1,1,1
"locus5850",0.25,0.0625,0.4444,0.0714,0,0,0,0.1111,0.0909,0,0.0909,0.4,0,0.125,0.125,0,0,0.5,0.2143,0.0556,0.3,0.5,0.1111,0.05,0.0556,0.2273
"locus5851",0,0,0.2143,0.0455,0,0,0,0,0.375,0,0.0909,0,0,0.2143,0.125,0,0,0,0.25,0.1875,0.0714,0.25,0,0.25,0.0455,0
"locus5852",0.75,1,1,1,1,1,1,1,0.9091,1,1,0.9375,1,0.875,1,1,0.5556,0.8333,0.9375,0.8333,1,0.8182,0.85,0.95,0.9091,1
"locus5853",0.2222,0,0.25,0.0714,0,0,0.5,0.0556,0.1667,0.3333,0,0.1,0,0.2,0.05,0.4444,0,0.3333,0.375,0,0.1667,0.5,0.1429,0.0714,0.1875,0.0417
"locus5854",0.0909,0,0,0,0.0556,0,0.1,0,0,0,0.0455,0,0,0,0,0.0909,0.125,0,0,0.1875,0,0,0.05,0,0.0455,0
"locus5855",0.9583,1,0.9,0.8333,0.8889,0.9167,1,1,0.9545,1,0.9545,1,1,0.9286,0.8333,0.9545,0.7778,0.8333,1,1,0.7857,1,0.7857,1,1,0.875
"locus5856",0.9167,0.7143,0.9167,0.9444,0.5,0.4545,1,0.7857,0.9091,0.9,0.4091,1,0.6111,0.8333,0.5556,1,0.8889,1,0.75,1,0.875,1,0.7778,0.8333,0.9375,0.55
"locus5857",0.9091,1,0.9444,0.7143,0.8571,0.8182,1,0.5625,0.9091,1,1,1,1,0.9375,0.85,1,1,1,0.7857,1,1,0.75,0.9167,1,0.5833,0.5625
"locus5858",0.2857,0.25,0.05,0.4545,0.0714,0.1818,0,0.0833,0.0455,0.1875,0.05,0.1,0,0.1667,0.0417,0.0909,0.1667,0.1667,0,0.0625,0,0,0.25,0.0625,0.1111,0.3125
"locus5859",1,1,0.9,0.9545,0.8889,1,1,0.8889,1,0.9375,0.9545,1,1,0.875,1,1,1,0.8333,1,1,0.9286,0.9091,1,1,0.9545,1
"locus5860",0.9583,1,1,1,0.9444,1,1,0.9444,1,1,1,1,1,0.9375,0.9167,1,1,1,0.9375,1,1,0.75,0.9444,1,1,0.9545
"locus5861",0.9545,1,1,0.9,1,0.9091,1,1,0.9545,0.875,0.8,1,0.95,0.875,1,0.9545,0.9444,0.8333,0.9375,0.8889,1,1,0.95,1,0.9091,0.9583
"locus5862",0.45,0.9375,0.7222,0.8182,1,0.9167,0.2,1,0.5909,0.7,1,0.5625,1,0.6875,0.5909,0.2273,0.5714,0.6667,0.7143,0.6111,0.8333,0.8182,0.8,0.7,0.55,0.875
"locus5863",0.5556,0,0.3125,0.4,NA,0.15,1,0.0625,0.3889,0.3,0.2,0.5,0.25,0.5714,0.5909,0.4375,0.5625,0.6667,0.4,0.3571,0.25,0.4375,0.75,0.3889,0.25,0.0556
"locus5864",0.3571,0.0625,0.15,0.1111,0,0.0417,0,0,0,0.1875,0,0,0,0,0.0417,0,0,0,0.125,0,0.1429,0,0,0,0.2143,0
"locus5865",0.9583,0.9375,1,0.8636,1,1,1,1,0.9091,1,0.9545,1,0.95,1,0.875,0.8,0.9444,0.8333,0.9375,0.9444,1,0.8,1,0.9,0.9091,0.9583
"locus5866",1,0.9375,1,0.9545,1,0.85,1,0.75,1,1,0.6429,1,0.8571,1,1,1,1,1,1,1,1,1,0.95,1,1,0.9167
"locus5867",0.9583,0.875,0.25,1,0.9444,0.9583,1,1,0.9286,1,0.8636,1,1,0.4375,0.6,1,1,1,0.6667,0.7222,0.6667,1,0.95,0.875,1,1
"locus5868",0.125,0.0625,0.15,0.0714,0,0.0417,0,0,0.0455,0,0,0.125,0.05,0.125,0.0833,0,0.3333,0.1667,0.125,0.0714,0,0,0.1,0.15,0.5,0
"locus5869",0.75,1,0.6,0.5625,1,1,1,0.9286,0.7222,1,0.9091,0.6667,1,0.7,0.5417,1,0.7857,0.5,0.6667,0.6667,0.9167,0.5,0.6429,0.8125,0.75,0.9167
"locus5870",0.9167,0.75,0.95,1,1,0.875,1,0.9444,0.9545,1,1,1,1,1,1,1,1,1,0.9375,1,1,0.9545,1,1,0.9545,1
"locus5871",0.9583,0.7857,1,0.8636,1,1,1,0.9444,0.95,0.8125,0.9444,1,0.4167,1,0.9091,1,1,1,1,1,0.9286,1,1,0.6667,0.9545,0.9583
"locus5872",0.8125,0.5,0.5,1,0.0833,0.125,0.9,0.0833,0.7143,0.5714,0.2143,0.5,0,0.6667,0.5833,0.95,0.9444,1,0.5,0.7,0.3,0.5833,0.9,0.5,0.4444,0
"locus5873",0.1818,0,0.15,0,0,0,0.1,0.0556,0.0455,0.0625,0,0.0625,0,0,0.0833,0,0.2222,0.25,0.125,0.0556,0,0.3,0.3,0.2,0.2222,0.0417
"locus5874",0.7083,0.1667,0.3333,0.6,0.5,0.0833,0,0.5,0.3889,0,0.1364,0.7143,0,0.2857,0.5625,0.0909,0.5,0.6667,0.3571,0.3571,0.5,0.9091,0.5,0.5,0.3,0.3333
"locus5875",0.8889,1,1,0.8636,1,0.9583,0.9,0.9444,1,0.9375,1,1,1,0.8125,0.9167,1,0.875,1,0.875,1,0.9286,0.5556,1,1,0.9,0.9167
"locus5876",0.2083,0.3333,0,0,0.5,0.5,0.5,0.125,0.3889,0.1667,0.4286,0,0.5,0.25,0.1364,0.4375,0.4375,0,0.25,0.3333,0.25,0.25,0.1667,0.1429,0.5,0.2
"locus5877",1,1,0.85,0.9545,0.9444,1,1,1,0.8636,1,1,1,1,0.9375,0.9545,1,1,1,1,0.9444,0.9286,1,1,0.95,1,0.9167
"locus5878",0.6667,0.7857,0.8,0.5714,1,0.8333,0.9,0.7143,0.8182,0.8,0.9,0.9167,0.8125,0.7143,0.8182,0.8889,0.7778,0.6667,0.9286,0.9286,0.8,1,0.7857,0.6,0.9444,0.9545
"locus5879",1,0.9375,0.95,1,1,0.875,1,0.8889,1,1,1,0.875,1,0.9375,1,0.9545,1,0.8333,0.9375,1,0.9286,0.85,1,0.8889,0.9545,1
"locus5880",1,0.8125,0.9,1,0.9444,1,1,1,0.9545,0.9375,1,0.9375,1,0.8125,0.9167,1,1,1,1,1,1,0.9545,0.9,0.9,0.9545,1
"locus5881",0.6364,0.75,0.6429,0.6111,0.625,0.5,0.5,0.6429,0.4545,0.4286,0.6429,0.7143,0.375,0.5625,0.65,0.55,0.5714,0.5,0.625,0.5,0.7857,0.5909,0.5625,0.5,0.5,0.6
"locus5882",0.6818,0.8125,0.8571,0.5625,0.875,0.8182,1,0.9375,0.75,0.9375,0.9545,1,1,1,0.7727,1,0.8889,0.6667,0.8333,1,0.9167,0.8571,0.8889,0.875,0.7222,0.7727
"locus5883",0,0.3333,0.125,0.125,0.0556,0.1111,0,0,0.05,0.1429,0.0625,0,0.15,0.25,0.1667,0.0455,0.1111,0,0.1667,0.1667,0.1667,0.0455,0.1111,0,0,0
"locus5884",0.9167,1,0.8889,0.9091,1,1,1,1,0.95,1,0.9545,0.9375,1,0.75,0.75,1,0.9444,1,0.9286,0.9375,1,1,0.9,1,0.9545,0.9167
"locus5885",0.4167,0.625,0.5556,0.5455,0,0.3889,0,0,0.4,0.5,0.15,0.4286,0,0.7143,0.5,0,0.5556,0.5,0.3125,0.5556,0.1667,0.1364,0.4286,0.6111,0.3182,0
"locus5886",1,0.875,1,0.8,1,0.9167,1,1,1,0.9375,0.9545,0.9286,1,0.9375,0.9583,1,1,0.6667,0.9375,1,1,0.5714,1,1,0.95,1
"locus5887",0.0714,0.3125,0.1,0.3333,0.1111,0.3182,0,0.1111,0.1364,0.0625,0,0,0,0.2857,0.05,0,0.1429,0,0,0.0556,0,0.4375,0.4,0.125,0.125,0
"locus5888",0.0417,0,0.05,0,0,0,0,0,0.0455,0.0625,0,0,0.0556,0,0,0,0.1667,0,0.0625,0.0556,0,0,0.05,0,0.0455,0
"locus5889",0.6429,0.625,1,0.5,0.7222,0.7273,1,0.4375,0.9444,0.4167,0.3333,0.4167,0.625,0.75,0.8333,0.7,0.8,1,0.75,0.9444,0.5,0.1667,0.8125,0.9,0.7222,0.55
"locus5890",0.6364,0.9286,0.9444,0.45,0.8333,0.9444,0.3333,0.8,0.6111,0.5833,0.8636,0.875,0.9,0.8333,0.7273,0.4167,0.5,0.75,0.6429,0.5556,1,0.5,0.625,0.75,0.5556,0.8333
"locus5891",1,1,1,1,0.75,1,1,0.7857,1,1,1,1,1,1,1,1,1,1,1,1,1,1,1,0.95,0.95,0.75
"locus5892",0.6,0.5625,0.7,1,1,0.6667,0.25,1,0.75,0.5833,0.875,0.9286,0.9375,0.8,0.7083,0.15,0.6667,0.8333,0.9375,0.75,0.875,0.95,0.5556,0.65,0.9,0.5833
"locus5893",0.875,0.9375,1,1,1,1,1,1,0.9091,0.8125,0.9545,1,0.95,1,0.9583,0.9545,1,1,1,0.8889,1,1,1,1,1,1
"locus5894",0.9167,0.9375,0.95,0.9091,1,0.9583,1,1,0.9091,1,0.9545,0.875,0.95,1,0.8636,1,0.9444,1,0.9375,1,1,1,1,0.9,1,1
"locus5895",0.4091,0.8571,0.875,0.8333,1,0.875,0.8,0.7857,0.9545,1,0.8636,1,0.95,0.8333,0.75,0.625,0.5,0.5,0.9,0.9444,0.9167,0.9167,0.5,0.75,0.75,0.9583
"locus5896",1,1,1,1,1,1,1,1,1,1,1,0.9375,1,1,0.9583,0.625,1,1,0.9375,1,1,1,1,1,0.8636,1
"locus5897",0.9583,0.6429,0.8125,0.85,0.8333,0.65,NA,0.8125,0.9375,0.8333,0.45,0.75,0.3889,0.8333,0.8333,0.75,0.9444,1,0.8333,0.8333,0.7857,0.9545,0.75,0.85,1,0.8636
"locus5898",0.9091,1,0.9,0.9545,1,1,1,1,0.9091,0.9375,0.9091,1,0.8,0.9375,0.9583,1,1,1,1,1,1,1,0.7222,0.95,1,1
"locus5899",1,1,0.95,1,1,1,0,1,1,1,1,1,1,1,1,0.5,1,1,1,1,1,1,1,0.95,1,1
"locus5900",0.7083,0.9375,0.8,0.7727,0.625,0.8333,1,0.75,0.8182,0.9375,0.9091,0.75,0.9,0.8571,0.8333,1,0.6667,0.8333,0.6875,0.7222,0.9167,0.9545,0.85,0.75,0.8182,0.75
"locus5901",1,0.875,0.85,0.9091,1,0.9583,1,1,1,0.9375,1,1,1,1,1,1,1,1,1,1,1,1,0.95,0.8,1,1
"locus5902",0,0.0625,0.15,0,0.0556,0,0.5,0,0.1364,0,0,0.0625,0,0,0.0417,0,0,0,0.0625,0.1111,0,0,0.1,0.125,0,0
"locus5903",0,0,0,0,0.1111,0.0833,0.2,0,0.0455,0.0625,0,0,0,0,0.0833,0.0455,0,0,0,0,0,0,0,0.2,0.0909,0
"locus5904",1,1,0.95,1,0.9444,0.9583,1,0.9444,1,1,0.65,1,0.9,1,0.9583,1,1,1,0.9375,1,0.9286,1,0.85,1,0.9545,0.9583
"locus5905",0.875,0.9375,0.9444,1,1,0.9583,1,1,1,1,0.9545,1,1,1,1,1,0.7222,1,0.875,1,0.7143,1,1,1,1,1
"locus5906",0.1667,0.4375,0,0.6,0.5,0.625,1,0,0.05,0.5,0.8636,1,1,0.1,0.0455,0.9545,0.4,NA,0.0625,0.2143,0,0,0.1429,0.125,0.0714,0
"locus5907",0.7917,0.5833,0.95,1,0.8889,0.6667,1,0.8889,0.8636,0.7857,0.55,1,0.4167,1,0.9167,1,0.625,0.6667,1,0.9444,1,0.9091,0.85,0.85,0.9,0.8636
"locus5908",0,0.125,0.05,0,0,0.0417,0,0,0.0455,0.0625,0.0455,0,0.05,0.0625,0.0909,0,0.0556,0.1667,0.125,0,0.0714,0.25,0,0,0.0909,0
"locus5909",0.9583,1,1,0.9545,1,1,0,1,0.9091,0.75,0.9545,1,1,0.8125,1,0.0625,0.9444,0.8333,0.9375,1,1,1,0.95,1,0.9091,1
"locus5910",0.1818,0.3571,0.2,0.2273,0.1667,0.3182,0,0.125,0.2,0.25,0.2,0.0714,0.3571,0.3125,0.2917,0.0909,0.1111,0.3333,0.375,0.4444,0.2143,0.3636,0.1429,0.1111,0.1364,0.0909
"locus5911",0.9583,0.5625,0.8,0.7857,0.75,0.5,1,0.9286,0.9545,0.9167,0.375,0.7857,0.3333,0.9375,0.9167,0.9091,1,1,0.875,1,1,0.4444,0.9444,0.7778,1,0.9545
"locus5912",0.9583,0.9375,0.85,0.9545,0.9444,0.875,NA,0.7143,0.8333,0.9167,1,1,1,0.8125,0.875,1,0.8889,1,0.9286,0.6667,0.8571,0.85,1,1,0.9545,0.9583
"locus5913",1,1,0.9,0.8636,1,1,1,0.9444,1,0.9375,1,1,1,1,1,1,1,1,1,0.9444,1,1,1,1,1,0.9545
"locus5914",1,0.75,1,1,1,0.75,1,0.9444,0.9091,1,0.9091,1,1,0.9375,1,1,1,1,0.9375,1,1,1,0.9,0.75,0.6364,0.875
"locus5915",0.9545,0.875,0.8889,0.9545,1,0.9583,1,1,0.95,0.9375,1,1,1,0.9375,0.7917,1,0.9444,0.8333,1,0.9444,1,1,0.9,1,1,1
"locus5916",0.7778,0.7857,0.8333,0.5,1,1,1,1,1,0.7,0.6,0.9286,0.5714,0.9286,0.9167,1,0.875,0.8333,0.9375,0.8333,0.9286,0.625,0.85,0.9286,1,0.9583
"locus5917",0.4545,0.25,0.1667,0.4444,0,0.25,1,0.4167,0.1,0.375,0.25,0.5833,0,0.25,0.2273,0.875,0.375,0.25,0.3125,0.6667,0.25,0.4444,0.35,0.3333,0.5,0.5
"locus5918",1,1,0.8,1,0.9444,1,1,1,1,1,0.9091,0.9375,1,1,1,1,0.9444,1,1,1,1,1,0.7,1,0.9545,0.9583
"locus5919",0.9167,0.875,1,0.9091,1,0.7917,1,1,0.9091,1,0.9545,1,1,0.8125,1,1,1,1,1,1,1,1,1,1,1,1
"locus5920",1,0.9375,1,1,1,1,0.6,0.8889,0.7,0.6667,1,0.9375,1,0.875,1,0.6875,1,1,0.9375,0.5833,1,1,0.9,1,1,1
"locus5921",0.25,0.375,0.25,0.2727,0.3889,0.4167,0,0.6875,0.1364,0.1875,0.55,0.3125,0.5,0.1875,0.1667,0.0455,0,0.1667,0.2143,0.1667,0.5714,0.0455,0.1,0.15,0.3182,0.5
"locus5922",1,0.9375,0.95,0.9545,0.8889,1,1,0.8333,1,1,1,0.9375,1,1,0.9583,1,0.9444,0.8333,1,1,0.9286,1,1,0.9444,1,0.75
"locus5923",1,1,0.95,0.6364,1,0.9167,1,1,0.9545,1,1,1,1,0.9375,0.9167,1,0.9444,1,1,1,1,1,1,0.9,1,1
"locus5924",0.9375,0.6667,0.85,0.6,0.5,0.75,1,0.6667,0.9444,0.8333,0.9444,0.9286,0.8889,0.9,0.9167,1,1,0.8333,0.875,0.8889,0.8,0.5833,0.9286,0.8,1,0.9444
"locus5925",0.125,0,0,0.4,0,0,0,0,0,0,0,0.125,0.05,0,0.0417,0,0.0833,0,0.0625,0,0.1667,0.5,0.1667,0,0.0909,0
"locus5926",1,1,1,1,1,1,1,1,1,0.7143,1,1,1,0.9286,1,1,1,1,0.9375,0.8889,1,1,1,1,1,0.9583
"locus5927",0.6429,1,0.9167,1,1,1,1,1,0.7143,1,1,1,0.95,0.8571,0.75,1,0,1,0.9375,0.8333,1,0.3125,0.8,0.7143,0.75,1
"locus5928",0.0833,0.125,0.1111,0.0455,0,0.0909,0,0.3125,0.0455,0,0,0.0625,0.05,0,0.125,0.0455,0,0.1667,0.0625,0,0.1,0,0.2,0.05,0.0455,0.1364
"locus5929",1,1,0.95,1,1,1,1,1,1,1,1,1,0.85,0.9375,1,1,1,1,1,1,1,0.55,0.95,1,0.9545,1
"locus5930",0.75,0.6667,0.8571,0.8571,0.625,0.6818,1,0.5,0.6667,0.75,0.875,0.8333,0.8,0.75,0.7857,0.7857,0.8,0.5,0.875,1,0.6,0.9286,0.75,0.875,0.7222,0.5625
"locus5931",0.9583,1,0.95,0.9545,0.9444,1,0.75,1,0.9545,1,1,1,0.95,0.9375,1,0.875,0.8889,1,1,1,1,0.95,1,1,0.9545,1
"locus5932",0.4444,0.4286,0.4,0.5,0.2857,0.5,0.5,0.4286,0.25,0.6429,0.4286,0.4286,0.5833,0.25,0.5,0.5,0.5,0.5,0.1429,0.3333,0.3333,0.3182,0.5,0.3333,0.45,0.4583
"locus5933",1,1,1,1,1,1,0.9,1,1,1,1,1,1,1,1,0.8636,0.7778,1,1,1,1,1,1,0.9,0.9545,1
"locus5934",0.875,1,1,0.7778,1,1,1,1,1,1,1,0.9286,1,1,0.9583,0.9545,1,0.5,1,1,1,0.8125,0.7143,1,1,0.9583
"locus5935",0.7143,0.6875,0.625,0.75,0.6667,0.7273,0.9,0.8125,0.7778,0.6667,0.5,0.375,0.4444,1,0.6667,0.9091,0.7222,0.6667,0.5,0.8571,0.5,0.4444,0.6429,0.5,0.7778,0.5625
"locus5936",0.4,0.8571,0.75,1,1,1,0,1,0.9444,0.4167,1,0.9286,1,1,0.8636,0.0909,0.6429,1,1,0.3125,0.9286,0.75,0.7,0.9,0.7143,0.9583
"locus5937",0.9,0.5833,0.7,0.875,0.4286,0.125,1,0.9167,0.5556,0.8333,0.1667,0.875,0,0.9,0.875,1,0.75,1,1,0.875,NA,0.9545,0.8125,0.8,0.9444,0.75
"locus5938",0.25,0,0.05,0.2,0,0,0,0,0,0,0,0.0625,0,0,0,0,0,0.25,0,0,0,0.1364,0.2,0,0.0909,0
"locus5939",1,1,1,0.8571,1,1,1,1,0.9444,1,1,1,1,0.9375,0.9167,1,0.7857,1,0.875,0.8889,0.9286,0.75,0.8,0.95,0.8333,1
"locus5940",1,1,1,1,0.9,1,1,0.8125,1,0.9375,0.9545,1,1,1,0.9167,1,1,1,1,1,1,1,1,1,0.9545,0.875
"locus5941",0.1875,0,0,0.2143,0,0,0,0.0556,0,0.0625,0,0.25,0,0,0,0.0909,0.1,0.3333,0,0,0,0.3125,0,0,0.0455,0
"locus5942",0.9583,1,0.9,1,1,1,0.6,1,1,1,0.9545,1,1,1,1,0.9,1,1,1,1,1,1,1,0.95,0.9545,0.9583
"locus5943",0,0.0625,0,0,0.3889,0.0417,0,0,0,0.25,0.0455,0,0,0.0625,0,0,0,0,0.125,0.1875,0,0,0,0,0.3182,0.4167
"locus5944",0.7917,1,0.7143,1,1,1,1,1,0.8333,0.9375,1,0.8125,1,0.8571,0.75,1,0.9444,0.6667,0.875,0.6875,0.9286,1,0.95,0.5625,0.9091,0.9583
"locus5945",0.7778,0.6667,0.5625,0.6429,0.5,0.625,1,0.4286,0.9375,0.25,0.7,0.6667,0.5,0.9375,0.4444,1,0.6667,0.6667,0.7143,0.7143,0.625,0.5,0.75,0.4,0.6667,0.45
"locus5946",0.9091,0.5833,0.9,0,0.7,0.5909,1,0.9286,0.8182,0.9167,0.5909,0.875,0.4375,0.8125,0.55,0.9545,1,1,0.75,1,0.6667,0.6818,0.875,0.625,0.85,0.7857
"locus5947",0.5625,0.5,0.5,0.6,0.5,0.6667,1,0.5556,0.4545,0.8333,0.5556,0.7,0.2857,0.5833,0.5,0.7778,0.5,0.5,0.6429,0.8333,0.4,0.5833,0.5556,0.5625,0.5,0.5
"locus5948",0.3333,0.5,0.1,0.4286,1,0.5556,0.25,0.75,0.3125,0.625,0.4091,0.5833,0.6111,0.3571,0.3333,0.6111,0.25,0.1667,0.3333,0.2143,0.625,0.2778,0.5,0.5,0.5,0.7143
"locus5949",1,0.375,0.1,0.75,0.5,0.35,1,0.75,0.0625,0.875,0.05,0.8571,0.2778,0.4167,0.5,0.9545,1,0.5,0.375,0.5,0.6667,1,0.7857,0.4167,0.6364,0.8
"locus5950",0.2083,0,0,0.0909,0,0.0417,0,0,0.1818,0,0,0,0,0,0.0833,0.0909,0.0556,0,0,0,0,0,0,0,0.1818,0
"locus5951",0.9167,0.8125,1,1,0.9444,0.9167,1,1,0.9545,0.75,1,0.875,0.95,0.9375,1,1,0.9444,1,1,1,1,0.9545,1,0.95,0.9091,1
"locus5952",0.9545,0.9375,1,0.9091,0.8333,0.9583,1,1,1,1,1,1,1,1,1,1,0.6667,1,1,1,1,0.9545,1,0.9,0.8636,1
"locus5953",0.0417,0.1667,0.1111,0,0.25,0.2,0,0.1111,0.0455,0,0.7273,0,0.8333,0.0625,0.125,0,0,0,0,0,0,0,0,0.05,0.0909,0.0455
"locus5954",1,1,0.65,0.9545,1,1,1,1,0.6667,1,1,0.9375,1,0.5625,0.6818,1,1,0.6667,0.6875,0.5,0.7857,0.9545,1,0.75,1,0.9583
"locus5955",1,1,1,0.9545,0.625,0.75,1,0.9444,1,0.9375,0.3636,1,0.55,1,1,1,1,1,0.9375,1,1,1,0.95,1,0.9545,0.9167
"locus5956",0.1667,0.0625,0,0,0,0.0417,0.625,0.1111,0,0,0,0,0,0,0,0.4375,0,0,0.0625,0.1875,0,0.0455,0,0.05,0,0.0417
"locus5957",0.9167,0.9375,1,0.9545,1,0.9583,1,1,0.9091,1,1,0.875,1,0.9375,0.75,1,0.9444,0.6667,0.5625,0.9444,0.8571,1,0.9,0.7778,0.9091,1
"locus5958",1,1,0.85,0.9545,1,1,1,0.9444,0.9545,0.9375,0.9545,0.875,1,1,0.9583,1,1,1,0.875,0.7778,1,1,1,1,1,1
"locus5959",0.3889,0.5,0.4167,0.3333,0.4286,0.2917,0.625,0.3333,0.3571,0.25,0.4091,0.3333,0.375,0.25,0.3333,0.625,0.5,0,0.5,0.3571,0.4286,0.1875,0.1667,0.3333,0.2222,0.45
"locus5960",0.9583,1,0.95,1,0.5,0.7273,1,0.8571,0.9545,1,0.7778,0.875,0.7778,1,0.8636,1,1,1,0.9375,1,0.75,0.9545,1,1,0.8636,0.75
"locus5961",1,1,1,1,0.875,1,1,0.875,1,1,1,1,1,1,1,1,1,1,0.875,1,0.9167,1,1,1,1,0.8
"locus5962",0.8636,1,1,0.8636,1,1,1,1,0.9545,1,1,0.9375,1,1,0.9167,1,0.8889,1,1,1,0.9286,1,0.9,1,1,1
"locus5963",0.0909,0.2,0.5,0.1364,0.1429,0.1818,0,0.5625,0.3,0.3125,0.4091,0.4,0.3,0.3125,0.375,0.3889,0.1667,0,0.5714,0.5556,0.9167,0.05,0.4375,0.1,0.2222,0.5417
"locus5964",0,0.2,0,0.0455,0,0.4375,0.625,0.0625,0.0455,0,0.8,0,0.5,0,0,0.65,0.0556,0,0.0714,0.1667,0,0,0.05,0.4,0.2,0.0417
"locus5965",0.9545,1,1,1,0.9444,1,1,0.8889,1,0.8333,1,0.9375,1,1,1,1,1,1,1,0.9444,1,1,1,0.85,0.9545,0.875
"locus5966",0,0.3125,0,0,0,0.0417,0.3,0.0556,0.0909,0.0833,0.0909,0,0.05,0.125,0.0417,0.2778,0.1667,0,0,0.1667,0,0,0.05,0,0.0455,0
"locus5967",0.7727,0.8571,0.7778,0.8636,0.1667,0.8182,1,0.8571,0.8333,1,0.3889,0.5625,0.5,0.9286,0.8,0.9545,0.8333,0.3333,0.9286,0.9444,0.8571,0.2727,0.8889,1,0.9,0.1875
"locus5968",0.875,1,1,1,1,1,0.8,1,0.9545,0.9375,1,1,1,1,0.9583,0.8182,0.8333,1,1,0.8889,1,1,1,1,1,1
"locus5969",0.6364,1,0.9,0.9091,0.9444,1,0.5,0.8889,0.9091,0.6429,0.9545,1,1,0.8125,0.8333,0.8125,0.7222,1,0.875,0.7778,1,0.9091,0.95,0.9,0.95,1
"locus5970",0.8125,1,0.8333,0.875,1,1,1,1,0.5625,1,1,1,1,1,0.7273,0.9545,0.6429,1,0.8333,1,0.8,0.4444,0.7,0.7857,0.6667,1
"locus5971",1,0.9375,1,1,1,1,1,0.7143,0.9545,1,0.9091,0.8333,1,1,0.875,1,1,1,0.875,0.9444,0.6429,0.9091,1,0.85,0.9091,0.4375
"locus5972",0.9583,0.9,0.95,0.9545,0.8889,0.9583,0.5,0.9444,0.9091,1,0.7,0.875,0.6111,1,0.9167,0.9,0.8889,1,0.8125,1,1,1,0.95,0.9,1,1
"locus5973",0.6667,0.6,0.625,0.5,0.4167,0.7778,0.9,0.5,0.6,0.7143,0.4545,0.5,0.4375,0.5625,0.5625,0.85,0.375,0.75,0.5625,0.6875,0.4167,0.7273,0.5,0.5,0.8636,0.4167
"locus5974",0.9583,0.875,0.95,1,1,1,1,1,0.8636,1,1,0.875,1,0.875,0.9167,1,0.9444,1,1,1,1,0.7273,0.9,1,1,0.9583
"locus5975",0.5,0.9286,0.5833,0.65,0.9444,0.9167,0.5,0.8571,0.6111,0.75,1,0.8333,0.95,0.75,0.6667,0.5625,0.7857,1,0.5,0.6,0.7,0.6,0.6429,0.6875,0.8333,0.9583
"locus5976",0.4286,0.125,0.5,0.5,0,0,0,0,0.2,0.1667,0,0,0.3125,0.1667,0.3636,0.0455,0.1667,0,0.2143,0.0625,0.75,0.1,0.25,0.3333,0,0.25
"locus5977",0.85,0.5,0.9,0.5,0.5556,0.3889,0.5,0.75,0.9,0.5,0.6667,0.8,0.5,0.8,0.75,0.4286,0.9167,1,0.9167,0.8333,1,0.8182,0.9444,0.7143,0.7778,0.6429
"locus5978",0,0.0625,0,0.0909,0.0556,0.0417,0.6667,0,0.3571,0.125,0.0455,0.0625,0.05,0.0714,0.0833,0.5,0.0556,0,0,0.2,0,0.4375,0.1,0.1,0.0455,0.125
"locus5979",0.9444,0.9167,0.5,0.6429,1,0.9091,1,0.6667,0.5455,1,0.95,0.75,1,0.6,0.4375,1,0.8,0.5,0.3333,0.6667,0.5,0.8889,0.7222,0.5833,0.875,0.8333
"locus5980",0.8636,0.875,0.75,0.9545,1,1,1,1,0.8636,1,1,1,1,0.8125,0.9583,1,1,1,0.875,0.8889,0.9167,1,1,0.85,0.9545,1
"locus5981",0.7727,1,0.7,0.6,1,1,1,1,1,0.5833,0.9091,1,0.95,0.9167,0.8,1,0.8,0.5,1,1,0.9286,1,0.875,0.75,0.85,1
"locus5982",0.5,0.5833,0.7,0.5625,0.7143,0.7222,0.3333,0.625,0.5625,0.4167,0.8889,0.4,0.7222,0.4167,0.5833,0.3571,0.3333,0.3333,0.4286,0.375,0.7,0.4444,0.5,0.5,0.4375,0.5
"locus5983",0.9545,1,0.95,0.65,0.7222,0.9583,1,1,1,0.9375,1,1,0.95,1,0.9583,1,1,1,1,1,1,0.95,0.9167,0.9,1,1
"locus5984",0.9583,1,0.85,1,1,0.8182,1,0.9444,0.9091,1,1,0.8125,1,1,0.9545,1,1,1,0.8125,1,1,1,1,0.95,0.8636,0.9583
"locus5985",0.9583,1,1,1,1,1,1,0.8889,1,1,1,1,0.95,1,1,1,1,1,1,1,1,0.75,0.9,1,1,0.9583
"locus5986",1,1,1,0.8636,1,1,1,1,0.9545,0.9375,1,1,1,1,1,1,0.7143,1,1,0.9444,1,1,1,1,0.8636,0.9583
"locus5987",1,0.9375,0.8,1,1,1,1,1,1,0.9375,0.9545,1,1,0.8125,0.8333,1,1,1,0.875,0.8333,1,1,1,0.8,1,1
"locus5988",0.5625,0.25,0.4375,0.6875,0.3333,0,0.2,0.2857,0.5,0.1429,0.4167,0.5,0.4167,0.4,0.55,0.0714,0.5,0.5,0.4286,0.25,0.5714,0.4,0.5,0.5,0.5,0.1364
"locus5989",0,0,0.15,0,0.625,0.0455,0,0.4167,0.0455,0,0,0,0,0,0.0417,0.0455,0,0,0.125,0,0,0.0455,0,0,0,0.15
"locus5990",0,0.6429,0.3,0.1364,0.25,0.5,0,0.1667,0,0.4,0.0455,0.125,0,0.25,0.2,0,0.1111,0.1667,0.25,0.0556,0.25,0,0.0556,0.1,0.15,0.1818
"locus5991",0.25,0,0,0,0,0,0.1,0,0,0.0625,0.0455,0,0,0,0.0833,0,0.25,0.1667,0,0,0,0.1875,0.2222,0,0.2857,0
"locus5992",0.7273,0.8125,0.8889,1,0.9444,0.8333,1,0.875,0.7,0.7857,0.9545,1,0.95,0.8333,0.9167,1,0.6667,0.75,0.9286,0.8889,0.875,1,0.9,0.7778,0.7222,0.8636
"locus5993",0.9583,1,0.95,1,0.9444,1,1,1,0.9545,1,1,0.9375,1,1,1,1,1,1,0.875,0.9444,0.9167,0.9545,1,1,0.9091,0.9091
"locus5994",0,0.5,0,0,0.1,0.5,0,0,0,0,0.7,0,0.9167,0,0.2083,0.0455,0,0,0,0.1111,0.1429,0,0,0,0.1364,0
"locus5995",0.75,1,0.8333,0.8333,1,1,0.6667,0.8333,0.6875,1,0.8636,0.75,0.9,0.9,0.6818,0.9444,0.8889,0.6667,0.9167,1,0.75,0.8333,1,0.8889,0.7,0.9167
"locus5996",0,0.0625,0.1667,0.0455,0.1111,0.0833,0,0.0556,0.0455,0,0.3333,0,0,0,0.35,0,0.1111,0.1667,0.2143,0,0.0833,0,0,0.25,0,0.0417
"locus5997",0.9583,1,0.75,0.9545,1,0.5,1,0.6667,0.95,0.9375,0.9091,0.8571,1,1,0.625,1,1,0.6667,0.6875,0.8889,0.3333,0.9545,1,0.85,1,0.8889
"locus5998",0.0417,0.0714,0,0.0455,0,0,0,0,0,0.0625,0,0.0625,0,0.125,0,0,0.1,0.1667,0,0,0,0,0,0,0,0
"locus5999",0.3182,0.25,0.4444,0.0556,0.5833,0.2727,1,0.625,0.4375,0.9167,0.8571,0.5833,0.5,0.6429,0.4,0.8636,0.3125,0,0.6429,0.4286,0.5,0.8,0.2,0.75,0.375,0.6667
"locus6000",0.6818,0.5,0.6429,0.625,0.0556,0.125,1,0.1429,0.7,0.6429,0.1,0.4167,0.0556,0.6667,0.4286,1,0.75,0.5,0.5,0.8125,0.1,0.9167,0.8,0.4375,0.5714,0.0833
"locus6001",1,1,0.7778,1,0.9444,0.9167,1,0.8333,1,1,0.9091,0.8,1,0.9286,0.6667,0.9545,0.8889,0.6667,1,1,0.5,0.9545,0.85,0.7778,1,0.9
"locus6002",0,0.0625,0.1,0,0.0556,0.125,0,0.0556,0.2273,0.0625,0,0.0625,0,0,0.2083,0.0455,0,0.1667,0,0.1875,0.0714,0,0,0.1875,0.0455,0.2083
"locus6003",0.9583,1,0.95,1,0.8333,0.8636,1,0.9444,0.8636,1,0.7273,1,0.75,0.9375,1,1,0.9444,1,0.875,0.8889,1,1,0.75,0.7,1,0.9167
"locus6004",0.125,0,0,0,0,0,0.6,0,0.2727,0,0,0,0,0.0625,0,0.0909,0.1111,0,0,0.2222,0,0,0.05,0.05,0.0455,0
"locus6005",0.8333,1,0.95,0.9091,1,1,0.75,1,1,0.875,0.8636,1,1,0.75,1,0.7727,0.8889,1,1,0.9444,0.9286,0.8182,0.95,0.9,0.8889,1
"locus6006",0.875,0.9375,1,1,1,0.9583,1,1,0.9545,1,0.75,1,0.75,1,0.9545,1,1,0.6667,1,1,1,1,1,1,0.9091,0.9545
"locus6007",0.0833,0,0,0,0,0.1667,0,0,0,0,0.0909,0,0,0,0.1364,0,0,0,0.0625,0,0,0.0455,0,0,0.0455,0
"locus6008",1,0.9375,0.9,1,1,1,1,0.8889,1,1,0.9545,0.875,1,1,0.9583,1,1,1,1,0.9444,0.9286,1,1,1,0.9545,0.9583
"locus6009",1,1,0.9,1,1,1,1,0.9444,0.9545,1,1,0.8571,1,1,1,1,1,1,1,1,1,1,1,0.95,1,0.8333
"locus6010",0.8333,0.4167,0.35,0.7,0.2778,0.4091,0.8,0.25,0.45,0.625,0.2727,0.6429,0.4444,0.6429,0.4091,0.9545,0.6111,0.5,0.4375,0.6111,0.5,0.95,0.7,0.6111,0.6,0.4167
"locus6011",0.125,0.3571,0.1,0.3182,0.6875,0.6364,0,0.5,0.2273,0.0714,0.55,0.2143,0.6667,0.1875,0.2917,0,0.0556,0.1667,0.0625,0.2222,0,0.0909,0.15,0.3333,0.1,0.45
"locus6012",0.0714,0.0625,0,0.1364,0.0556,0.0417,1,0.0556,0.25,0.0714,0.1364,0.125,0,0.2857,0,0,0.125,0,0.0625,0.2143,0,0,0,0.1,0.0909,0.0417
"locus6013",0.3182,0,0,0.4375,0.1111,0.0417,0,0,0.0909,0.1429,0.0833,0,0.0556,0.1875,0,0,0.2778,0,0,0.0556,0,0.35,0.25,0,0,0.125
"locus6014",0.9167,1,1,1,1,1,1,1,1,1,1,1,1,0.9375,0.9583,0.9545,0.8333,1,0.9375,1,1,0.9091,0.8,1,0.9545,1
"locus6015",1,1,1,1,1,1,1,1,1,1,1,1,1,1,1,1,0.6111,1,1,1,0.9286,1,1,0.95,0.9545,1
"locus6016",1,1,1,1,0.9375,0.7083,1,0.9444,1,0.9375,0.7778,1,0.65,1,0.9583,1,1,1,1,1,1,1,1,1,0.9545,0.9545
"locus6017",0.35,0.2857,0.5833,0.5,0,0.0909,0.9,0.5,0.5,0.4375,0,0.7,0.1875,0.3,0.4,0.7778,0.2857,0.75,0.5,0.5,0.4,0.5,0.3333,0.5625,0.2143,0.4
"locus6018",1,1,1,1,0.75,0.9545,1,0.7143,0.9545,1,1,1,1,1,0.9583,1,1,1,1,1,0.9167,0.9545,1,0.85,0.8636,0.75
"locus6019",1,1,1,1,1,0.9583,1,1,1,0.875,0.9545,0.9375,1,1,1,1,1,1,1,1,0.9286,1,1,0.95,0.9545,0.9583
"locus6020",0.8,0.9375,1,0.85,1,1,1,1,0.95,1,1,0.9375,1,1,0.9167,0.9545,1,1,0.9375,1,1,0.25,1,1,0.9545,1
"locus6021",0,0,0,0,0,0,0,0,0,0.0625,0.1667,0,0.2222,0,0,0,0,0,0,0,0,0,0.05,0,0,0.0417
"locus6022",0.9583,1,0.85,1,1,1,1,0.8889,0.9091,0.9375,1,0.9375,1,0.9375,0.875,1,1,1,1,1,1,1,1,1,1,1
"locus6023",0.0455,0.5,0.5,0.1875,0.6667,0.4286,0.4,0.3333,0.4375,0.4,0.6111,0.3333,0.5625,0.4,0.4545,0.45,0.2222,0,0.2857,0.1429,0.375,0.05,0.375,0.1875,0.2,0.2857
"locus6024",1,0.875,0.95,0.9545,0.8889,0.75,1,1,1,1,0.6111,1,0.5,1,0.9583,1,1,1,0.9375,1,0.9286,1,1,1,1,1
"locus6025",0.6818,0.8125,0.8333,0.6429,1,0.9583,1,0.8889,0.95,0.75,0.9545,1,1,0.7857,0.85,0.9545,0.6875,0.5,0.6429,0.8125,1,0.4444,0.5,0.8889,0.6875,1
"locus6026",1,1,1,1,0.8333,0.9583,1,0.8333,1,1,1,1,1,1,1,1,1,1,0.9375,1,0.5714,1,1,1,0.7222,0.95
"locus6027",1,0.7143,1,0.8182,1,0.7727,1,0.7857,0.9091,1,0.875,1,0.8125,0.9375,1,1,0.9444,1,1,0.9444,0.8571,1,1,1,1,0.9286
"locus6028",0.6818,1,0.9,0.8333,1,0.9583,0.875,1,0.7727,0.8,0.9091,1,1,0.875,1,0.9444,0.7222,1,1,0.875,1,0.9,0.75,0.85,0.8125,0.9091
"locus6029",0.9167,1,1,1,0.8889,1,1,1,1,1,1,1,1,1,1,1,1,1,1,1,1,0.7,0.95,1,1,1
"locus6030",0,0.3333,0.1429,0.1667,0.1111,0.2083,0,0.1667,0,0.1875,0,0.3,0,0.0625,0.15,0,0.2222,0.1667,0.25,0.0556,0,0,0.0625,0.125,0.0455,0.0625
"locus6031",1,0.875,0.95,1,1,0.9167,1,0.8889,0.9545,1,0.9545,0.75,1,1,0.9583,1,1,1,0.75,1,1,1,0.9444,0.95,1,0.9583
"locus6032",0.4545,0.5,0.5,0.5,0.4,0.5,0.1,0.6667,0.5,0.2857,0.2778,0.4167,0.625,0.3333,0.5,0.0909,0.4444,0.5,0.3,0.3333,0.5,0.55,0.35,0.4375,0.5,0.4444
"locus6033",0.1667,0,0.1,0.5625,0.1111,0.125,NA,0.0556,0.0556,0,0.05,0,0.05,0.1429,0,0.0556,0.4167,0,0.125,0,0.0714,0.5,0.2857,0.15,0,0.0909
"locus6034",1,1,0.95,1,1,0.9167,1,0.8571,0.9545,0.9375,1,1,1,1,0.9167,1,1,1,1,1,0.7857,1,1,0.95,0.9545,0.5909
"locus6035",1,1,0.95,0.9545,1,0.8333,0.9,1,0.9545,1,0.9545,1,1,0.9375,0.875,1,1,1,1,0.9444,1,0.9545,1,0.9444,1,0.9583
"locus6036",0.625,0.8125,0.9,0.7,1,0.9583,1,1,0.6,0.8333,0.95,0.9167,1,0.8125,0.7,0.7273,0.7778,0.5,0.9167,0.7143,1,0.5625,0.6667,0.85,0.8125,0.9583
"locus6037",0.3889,0.6429,0.4286,0.3333,0.5833,0.8,1,0.3,0.5,0.6667,1,0.4167,1,0.6,0.5,0.9286,0.375,0.5,0.3333,0.625,0.375,0.6667,0.5,0.5714,0.4167,0.4583
"locus6038",0.9583,0.9167,0.75,0.9545,0.8889,0.75,1,0.8889,0.9,0.9375,0.9,1,0.95,0.8125,0.7727,0.95,0.9444,0.8333,0.8333,0.9286,0.8571,0.9545,0.75,0.8571,0.9545,1
"locus6039",0.0417,0.5,0.05,0.0455,1,1,0,0.2222,0.0455,0.1875,0.8636,0.0714,0.95,0,0.125,0,0,0.1667,0.25,0.125,0.1667,0,0.2,0.3333,0.1429,0.7917
"locus6040",0,0.3125,0,0.4,0,0.125,0,0,0,0.4167,0.125,0,0,0,0,0.0455,0,0,0,0,0,0,0,0,0,0
"locus6041",0.85,1,1,0.6875,1,1,1,0.7857,0.9545,1,1,1,1,1,1,1,0.8889,1,0.9375,0.75,0.9167,1,0.8571,0.95,0.7222,0.5714
"locus6042",1,0.8,0.9,1,1,0.85,1,0.9444,1,1,0.625,1,0.5714,0.9375,0.9167,1,1,1,0.9375,0.8333,0.9286,1,1,1,1,0.9583
"locus6043",0.0417,0.0625,0,0.2222,0,0,0,0.0625,0.1364,0,0,0.0625,0,0,0.2273,0,0.0625,0,0,0.0556,0.1429,0.375,0.1,0,0,0
"locus6044",0,0,0,0,0.0556,0.0833,0,0.3333,0,0,0.0909,0,0.05,0,0,0,0,0,0,0,0.1429,0.0455,0,0,0.0455,0.1818
"locus6045",0.8333,1,1,0.9545,0.9444,1,1,1,1,0.8125,1,1,0.95,1,0.9583,0.9545,0.9444,1,1,0.9444,0.9286,1,0.9,1,1,1
"locus6046",0.5556,0.8125,0.8889,0.5714,0.9444,0.9167,0,0.6667,0.5625,0.1667,0.9545,0.9167,1,0.4375,0.7273,0.0909,0.2778,0.5,0.75,0.5,0.9286,0.875,0.65,0.5556,0.8,0.7083
"locus6047",0.9583,0.9375,0.9,0.8636,1,1,1,0.875,0.9091,0.875,1,1,0.9,0.9375,0.9091,1,1,1,0.875,0.9444,0.7857,0.9545,1,0.85,1,0.8182
"locus6048",0,0.125,0.15,0,0.0556,0.0417,0,0.1667,0,0,0,0,0,0.0625,0,0,0,0,0.125,0,0,0.0455,0,0,0.0909,0.2917
"locus6049",0.2273,0.0625,0,0.3333,0,0.0417,0.3,0.1,0.0455,0,0,0.25,0,0,0.0417,0,0,0.25,0,0.1111,0.3,0.375,0.1111,0.05,0.4167,0
"locus6050",0.7273,1,1,1,1,1,1,1,0.9545,1,1,0.8125,1,1,0.9583,1,0.8125,0.6667,1,1,1,0.9444,0.6875,1,0.9545,1
"locus6051",0.9167,0.9286,0.8889,0.7222,0.8333,1,1,0.8125,0.9091,0.5,0.8571,0.9,0.9167,0.8125,0.9286,1,0.8125,0.5,0.9286,1,1,0.9444,1,1,0.8125,1
"locus6052",0.9167,1,0.95,0.9545,1,1,1,1,0.9545,1,1,0.9375,1,1,0.875,0.9545,0.9444,1,0.9375,1,0.9167,0.9545,1,0.85,1,1
"locus6053",0.9583,0.6,0.8333,1,1,1,1,1,0.8636,1,0.8333,1,1,0.5714,0.85,0.9545,1,0.8333,0.75,1,0.8333,1,0.9,0.7778,0.85,0.9167
"locus6054",0.75,0.4167,0.4375,0.6111,0.6667,0.3333,0,0.375,0.625,0.1667,0.3182,0.4167,0.3571,0.625,0.5,0.125,0.6667,0.25,0.4167,0.75,0.3,1,0.7143,0.4167,0.7273,0.5
"locus6055",0.875,1,0.75,0.9091,0.6,0.7917,1,1,0.8125,0.9375,0.6818,0.6,0.9444,0.75,0.875,1,0.9444,1,0.7,1,0.75,0.8636,0.9,0.9444,1,0.8333
"locus6056",0,0,0.05,0.1818,0,0.25,0,0.0556,0,0.25,0.5,0,0.75,0.125,0,0,0,0,0,0,0,0,0,0.1,0.0455,0
"locus6057",1,1,1,1,1,0.9583,1,0.9444,1,0.875,1,0.875,1,0.9375,0.8333,1,0.9444,0.8333,1,1,0.9286,0.9091,1,1,1,1
"locus6058",0.875,1,1,0.9545,1,1,1,1,0.95,1,1,1,1,1,1,0.9545,0.8889,1,1,1,1,0.9091,1,0.95,0.9545,1
"locus6059",0.9091,0.9167,1,0.9,0.625,0.6111,1,0.9,1,0.9375,1,1,NA,0.9167,0.7143,0.9091,0.9444,1,1,0.9375,0.9167,0.8125,0.95,0.7222,0.75,0.4375
"locus6060",0.9167,1,1,0.7727,1,1,1,0.8889,0.7778,0.75,1,1,0.8,0.875,0.7222,0.9286,1,0.8333,0.9,1,1,1,0.95,1,0.9545,1
"locus6061",0.85,1,1,0.9444,1,1,1,0.7222,0.9545,1,1,0.9,1,0.875,1,1,0.7143,1,1,0.9375,0.75,0.6429,0.8571,0.9444,0.9444,1
"locus6062",0,0.0625,0,0.3571,0.0556,0.1818,0,0.1429,0,0.0625,0.0455,0,0.05,0.125,0,0,0.3,0,0.0625,0.0556,0.1,0.0714,0,0.05,0,0.25
"locus6063",0.875,1,1,0.9091,0.4375,0.9091,1,0.5,0.9545,0.9375,1,0.4286,1,1,0.7917,1,1,0.6667,0.9286,0.8889,0.4167,0.9545,0.9,0.7778,0.65,0.35
"locus6064",0.7778,1,0.8571,0.6,1,0.8182,0.5,1,0.9286,1,0.95,0.7,0.9,0.8333,0.7,0.5909,0.8333,1,1,0.6667,0.875,0.6667,0.9167,1,0.875,0.6667
"locus6065",0.875,0.9375,0.95,0.9091,0.9444,1,1,0.9444,0.8636,1,1,0.9286,0.95,1,1,1,0.6875,0.8333,0.9286,0.8125,1,0.3333,0.7222,0.85,0.6,1
"locus6066",1,1,1,1,1,1,0.7,1,0.9545,0.9375,1,1,0.95,1,0.9583,0.7,0.8889,1,1,1,1,1,1,1,1,1
"locus6067",0.9583,0.9286,1,1,0.9444,0.9583,1,0.8333,1,0.9375,0.9545,1,1,1,1,1,1,1,1,1,0.7857,1,0.95,1,0.9545,0.875
"locus6068",1,1,1,0.95,1,1,1,0.9444,1,1,1,0.875,1,0.9375,0.9583,1,1,1,0.9375,1,0.9286,0.9545,0.8889,1,1,1
"locus6069",0.875,0.875,0.9286,1,0.9444,0.9167,1,1,0.85,1,0.9545,1,1,0.8,0.8636,1,0.9444,0.6667,0.75,1,0.6,1,0.9444,0.7143,0.9545,0.9167
"locus6070",1,1,1,0.6,0.8333,1,1,0.9444,1,0.9375,1,1,0.95,1,1,1,0.8333,0.8333,1,1,1,1,0.95,1,1,1
"locus6071",0,0,0.1,0,0,0.0833,0,0,0.0455,0.0625,0,0,0.05,0.25,0.0833,0.0455,0,0,0,0.0556,0.0714,0.0455,0,0,0,0
"locus6072",0,0.7143,0.1667,0,0.1875,0.5625,NA,0.0625,0.25,0.0833,0.8,0.2143,0.8333,0.375,0.2083,0.5,0.0556,0.25,0.3333,0.1667,0.0833,0,0,0.2857,0.15,0.0833
"locus6073",0.9583,1,0.95,1,0.8889,1,0.8,0.8889,1,1,1,0.9375,1,0.875,0.9167,0.8333,0.75,1,0.875,0.9444,1,1,0.85,0.95,0.9545,0.9167
"locus6074",0,0.0625,0.4375,0,0.1667,0.3333,0.1667,0.3333,0.0909,0.125,0.1111,0.1,0.125,0.375,0.2273,NA,0.0556,0,0.1429,0.2222,0.3333,0.0455,0.05,0.1667,0.1667,0.0455
"locus6075",0.9583,0.8125,0.95,1,1,0.9583,1,1,1,0.875,1,1,1,1,0.9583,0.9545,0.9444,1,1,1,1,1,1,0.85,0.9545,0.9583
"locus6076",0.9583,0.8571,1,0.9545,0.6667,0.7917,1,0.9444,0.8636,0.875,0.6,1,0.6429,1,1,1,1,1,0.9375,1,0.9286,0.8571,1,0.95,0.9091,0.9583
"locus6077",0.2083,0.4286,0.15,0.05,0.0625,0.0833,0,0.1667,0.1364,0.1875,0.4375,0.2143,0.3,0.3571,0.2273,0,0.0556,0.1667,0.2857,0.1111,0.1667,0.2273,0.25,0.45,0.1364,0.2273
"locus6078",0.7917,0.9375,0.85,0.7273,0.9444,0.875,0.75,0.9444,0.6818,0.5714,1,0.8125,1,0.9375,0.9583,0.7727,1,1,0.875,0.8889,0.9286,0.6111,0.8,0.8,0.9091,0.9545
"locus6079",1,1,1,1,1,1,1,1,0.9091,1,0.9,1,0.85,1,1,1,1,0.8333,1,0.9444,1,0.5714,1,1,1,1
"locus6080",1,1,0.95,1,1,0.9583,1,0.8333,1,1,0.9,0.9375,1,0.9375,1,1,1,1,1,1,0.9167,1,0.95,0.95,1,0.9
"locus6081",0.9583,0.8125,0.95,0.8182,1,0.8333,1,1,0.9091,1,0.9091,0.9375,1,0.8125,0.9167,1,1,1,1,0.7778,0.8571,1,0.95,0.7222,0.9091,0.9583
"locus6082",0.0556,0.125,0.4,0.2143,0,0,NA,0.0556,0.125,0.1,0,0.0833,0.1,0.5,0.3333,0.5,0,0,0.1667,0.25,0.2143,0.0455,0.0625,0.1667,0.1818,0
"locus6083",0.7273,1,0.9,0.9091,1,1,1,1,0.8636,1,1,0.875,1,0.875,0.9167,0.9545,0.9286,1,0.9375,0.8889,1,1,0.9,0.95,0.6667,1
"locus6084",0.9167,1,0.95,0.8636,1,1,0.5,0.875,1,1,0.8636,0.875,1,0.9286,1,0.6,1,0.8333,1,0.7143,1,1,0.8,0.9,0.875,0.9167
"locus6085",0.8333,1,0.85,0.7273,1,1,1,1,0.8182,1,0.9091,0.8125,1,1,0.7083,1,1,1,0.8125,0.8333,0.6429,0.9545,0.7,0.95,0.9091,1
"locus6086",0.9583,1,0.9,1,0.8889,0.9583,1,0.8125,0.9091,1,1,0.875,1,0.9375,0.9583,1,1,1,0.6875,0.875,1,1,0.95,0.9,1,0.9583
"locus6087",0.8636,0.7857,1,0.9375,0.9375,0.8636,0.5,0.9444,0.9545,0.6429,0.8333,0.9375,1,0.6875,0.875,0.75,0.8333,0.8333,0.9375,1,1,0.6875,0.7857,1,0.9444,0.9583
"locus6088",1,0.9375,1,0.9545,1,1,1,1,1,0.9375,0.9545,0.9375,0.9,1,1,0.9091,1,1,0.9375,0.9444,1,1,1,1,0.9545,1
"locus6089",0.9167,0.5,1,1,0.5625,0.3,1,0.8,0.8636,1,0.1111,1,0,0.9375,1,0.9545,0.9444,1,0.9375,0.9444,0.75,0.9545,0.95,1,1,0.875
"locus6090",0.7727,0.875,0.6875,0.8571,0.9444,0.7917,0.9,1,0.5556,1,0.75,1,1,0.9375,0.8333,1,0.7778,0.5,0.5,0.5714,1,0.5,0.6875,0.8125,0.7778,0.9583
"locus6091",0.55,0.5,0.75,0.625,0.7857,0.6,1,0.5,0.6111,0.5,0.9375,0.4286,0.9286,0.4167,0.8571,0.7857,0.6429,0.5,0.7,0.5,0.3571,0.5714,0.4167,0.5,0.7857,0.5
"locus6092",1,0.8125,1,1,1,0.9545,1,1,1,1,0.9091,1,0.95,1,1,1,1,1,0.9375,0.8333,1,1,0.95,1,1,1
"locus6093",0,0.0625,0.1,0.0909,0.1111,0.0556,NA,0,0.25,0.125,0.1667,0.125,0,0.0833,0.1667,0.1667,0.0556,0.3333,0.125,0.1429,0.0714,0.4286,0.1111,0.05,0.0455,0.0417
"locus6094",1,0.9286,0.875,1,1,1,1,0.7222,1,1,1,1,1,0.75,0.7,1,1,0.75,0.7857,0.6875,0.9,1,0.9,1,0.6875,0.8333
"locus6095",1,0.625,0.9,0.9091,0.2,0.4,1,0.7,1,1,0.4,0.8125,0.2857,0.75,0.9167,0.9091,1,0.8333,0.875,1,0.9167,1,0.9444,0.8889,0.6667,0.6
"locus6096",0.6818,1,0.95,0.9545,1,1,1,1,0.9545,1,0.9545,1,1,1,1,1,0.9444,1,1,0.9444,1,0.9545,1,0.85,1,1
"locus6097",0.9545,1,1,0.45,1,1,1,1,1,1,0.9545,0.875,1,1,0.875,1,1,1,1,1,1,1,1,1,1,1
"locus6098",0.5833,0.9375,0.75,0.7,0.9444,0.9167,0.3,0.9444,0.6,0.75,1,0.625,1,0.5625,0.6667,0.1818,0.4375,0.8333,0.6667,0.5556,0.7143,0.55,0.7,0.6111,0.5455,0.8636
"locus6099",1,1,0.7778,1,0.8333,0.9583,1,0.7857,1,1,0.9091,0.9,1,0.9286,0.85,1,1,1,0.9167,0.9444,0.5,0.6875,1,0.875,0.8182,0.9583
"locus6100",0.45,0,0.5,0.5,0.4,0.0455,0,0.2,0.3333,0.0833,0.1364,0.25,0.1,0.1875,0.3636,0,0.2143,0.5,0.2857,0.5,0.75,0.1,0.4167,0.2,0,0.2857
"locus6101",0.9583,1,0.9,1,0.9444,1,1,1,0.9545,1,1,1,1,0.9375,1,1,1,1,0.9375,1,1,1,1,0.85,0.9545,0.9583
"locus6102",0.9583,0.9375,1,0.9545,1,0.8333,1,1,0.9545,1,1,1,0.95,1,0.9583,0.9545,1,1,0.875,0.8889,1,1,1,0.85,1,1
"locus6103",0,0,0,0.0455,0.0556,0.1667,0,0,0.0455,0,0,0,0,0.0625,0.0833,0,0,0,0.1875,0,0,0,0,0,0,0
"locus6104",0.8636,0.9375,0.9,0.95,1,1,1,1,0.8182,0.8125,1,0.75,1,0.8125,0.7917,1,1,1,0.9375,0.9444,1,0.5833,0.7778,0.9,0.8,1
"locus6105",0.9583,0.7857,1,1,0.6429,0.65,1,0.8889,0.8636,1,0.5,1,0.3571,0.9375,0.875,1,1,1,0.875,0.875,0.9286,1,1,0.9,0.9091,0.8636
"locus6106",1,1,1,0.9,1,0.75,0.6,0.8889,1,0.75,0.9545,1,1,0.9375,1,0.0556,0.9375,1,1,1,0.9286,1,0.85,1,0.9545,1
"locus6107",0.9583,1,1,0.9545,1,1,0.9,0.9444,0.9545,0.9375,1,0.875,1,0.875,0.875,0.85,1,1,0.9375,1,1,1,1,1,1,1
"locus6108",0.25,0.1875,0.1,0.1364,0,0.2083,0.6,0.0556,0.3182,0.3125,0.0909,0.1875,0.1,0.1875,0.0417,0.25,0.5,0.5,0.1429,0.3889,0,0.05,0.1111,0.1,0.25,0.125
"locus6109",1,1,1,0.9545,0.6429,0.8,1,0.4375,1,0.8125,1,0.9,0.9,1,0.9167,1,1,1,0.9375,0.9444,0.4167,0.9545,0.9444,0.95,0.7222,0.5455
"locus6110",0.8333,0.7143,0.75,0.75,1,0.8182,1,0.9375,0.7727,0.9,0.9,1,0.6429,0.625,0.7727,0.9545,0.9444,1,0.75,0.8889,0.9167,1,0.8,1,0.75,0.9091
"locus6111",0.9167,1,0.6667,0.9545,1,1,1,1,0.8182,0.9375,1,1,1,0.8125,0.7273,0.9545,0.9444,1,0.5714,1,1,0.85,1,0.9444,1,1
"locus6112",0.125,0.0625,0.15,0.0455,0.2,0.0909,0.3,0,0.1364,0,0.0909,0.125,0.1111,0.125,0.0455,0.0455,0,0,0.3125,0.0556,0.1667,0,0.05,0.15,0.0909,0.1667
"locus6113",0.2727,0.1875,0.15,0.3889,0,0.0417,0,0.1111,0.1818,0.25,0,0.25,0,0.0625,0.1667,0.0455,0.3333,0.5,0.0833,0.1875,0,0.3333,0.25,0.2778,0.1818,0
"locus6114",0.15,0.25,0.5,0.0833,0.5,0.2,0,0.5833,0.3333,0,0,0.5,0.0714,0.5,0.5,0,0.0833,NA,0.6,0.0714,0.6667,0.2222,0.1875,0.3571,0.5556,0.5
"locus6115",0.1667,0.1667,0.0625,0.2857,0.0556,0,1,0.0625,0,0.1667,0.2727,0.25,0.2143,0.1429,0,0.8889,0,0.75,0,0,0,0.0556,0.125,0.4375,0,0.0417
"locus6116",0.8333,0.9375,0.85,0.9,1,1,1,1,0.7273,0.9375,1,0.875,0.95,0.625,0.875,1,0.8889,1,0.875,0.8333,0.9286,0.9545,0.9,0.9,1,1
"locus6117",0.9583,0.875,1,0.95,1,0.875,1,1,0.9444,0.9375,1,0.9286,1,1,0.9583,1,0.8571,1,0.8125,1,1,1,1,0.9,0.9545,1
"locus6118",0.1667,0.3,0.1875,0.05,0,0.2143,0.2,0.0556,0.1667,0.4167,0.5,0,0.4375,0.25,0.1667,0.45,0.2857,0,0.1,0.4,0.1,0.25,0.3571,0.1,0.5,0.1
"locus6119",1,0.9286,1,1,1,0.9583,1,1,0.8636,1,0.9545,0.9375,1,1,0.9167,1,1,0.8333,0.9375,1,0.9286,1,1,1,0.9545,0.9167
"locus6120",0.0417,0.0625,0,0,0,0.2083,0,0,0.2143,0.0625,0.0455,0,0,0.1875,0.0714,0,0,0,0.0714,0,0,0,0.05,0.3,0.0455,0
"locus6121",0.9167,0.625,0.7222,0.8,0.7143,0.35,0.6667,0.8889,0.8,0.6429,0.2273,0.8571,0.1667,0.625,0.6667,0.6875,0.6111,1,0.5714,0.7222,1,0.8636,0.9444,0.75,0.8636,0.75
"locus6122",0.7083,0.8571,0.9,0.75,1,1,0.3,1,0.8182,0.4167,1,1,0.95,0.875,0.9545,0.2,0.8889,1,0.8125,0.6875,0.9286,1,0.85,0.8,0.95,0.9583
"locus6123",0.9167,1,1,0.9545,1,1,1,1,0.8636,0.9375,1,1,1,0.9375,0.9583,1,0.8889,1,0.9375,0.8889,1,1,0.9,0.85,1,1
"locus6124",0.6818,0.8125,0.75,0.6667,0.5,0.8182,1,0.375,0.6,0.625,0.9,0.5,0.9444,0.6429,0.5455,0.95,0.9444,0.6667,0.7143,0.7222,0.5714,0.8182,0.8889,0.45,0.4375,0.3182
"locus6125",0.8333,0.875,0.875,0.6818,1,0.9375,1,0.625,0.7727,0.7857,0.8182,0.9167,0.8333,0.7857,0.7917,1,0.9444,1,0.7857,0.875,0.5,1,0.8333,0.85,0.8636,0.8333
"locus6126",0.9167,1,0.85,0.9545,1,0.9583,0,1,0.8182,0.8333,1,1,1,0.6875,1,0.0625,1,1,0.9375,0.8571,1,1,1,0.95,0.9545,1
"locus6127",0.1818,0.125,0.1,0.3,0.0556,0.1667,0.1,0,0.1818,0.125,0.0909,0.125,0.1,0.1875,0.1667,0,0.3333,0.3333,0.125,0.125,0,0.55,0.35,0.1,0.3,0.0833
"locus6128",1,0.9286,0.5714,0.9091,0.3333,0.75,1,0.625,0.7,1,0.7143,0.875,0.875,0.8125,0.75,0.9545,1,1,0.7,1,0.8,1,1,0.75,0.8571,0.75
"locus6129",0,0,0,0.0455,0.0625,0,0,0.0556,0,0,0,0.0625,0,0.0625,0.1667,0,0.0556,0,0,0,0.0714,0.0455,0,0,0,0.0417
"locus6130",0.9167,0.9375,1,1,1,0.9091,0.9,0.9444,0.8636,0.875,0.6818,0.875,1,0.875,0.9583,0.7727,1,1,0.875,0.6111,1,0.9091,0.95,0.95,0.7727,1
"locus6131",1,1,1,1,0.9444,0.6364,1,0.8889,1,1,1,1,1,1,1,1,1,1,1,1,0.7143,1,1,1,1,0.9583
"locus6132",1,1,1,0.9091,1,1,1,1,1,1,1,1,1,1,1,1,0.8889,1,1,1,1,0.5625,1,1,1,1
"locus6133",0.9583,0.9375,0.95,0.9545,1,1,1,0.9444,1,1,0.9545,1,1,0.9375,0.9583,1,1,1,0.9375,1,1,1,0.95,0.9,0.9545,1
"locus6134",0.9583,0.8125,0.95,0.9091,1,1,1,1,1,0.875,1,0.9375,1,1,1,1,0.9444,1,1,1,1,1,0.95,1,1,1
"locus6135",1,1,1,1,0.9444,0.9583,1,0.9444,1,1,1,1,1,1,1,1,1,1,0.9375,1,1,1,1,1,0.8182,0.7
"locus6136",0.9167,1,1,0.7143,1,1,1,1,1,1,0.9545,1,1,1,0.8182,1,0.8333,1,1,1,1,0.9545,0.9167,0.95,1,1
"locus6137",0.25,0,0,0.0455,0.2857,0.0833,0,0.0714,0,0.125,0.05,0.125,0,0.0625,0.0417,0,0,0,0,0,0,0,0.1,0,0.05,0.0909
"locus6138",0.9545,0.4375,0.8125,0.5,0.8,0.875,1,0.9286,0.7727,0.6429,0.9,0.8125,0.8571,0.6429,0.9545,0.9091,1,0.5,0.75,0.5714,0.8,0.95,0.875,0.8,0.8333,0.875
"locus6139",0,0.125,0,0,0.2,0.3182,0,0,0,0,0,0,0.4375,0,0.0417,0,0,0,0,0,0,0,0,0,0.0909,0
"locus6140",0.3571,0.0714,0.2857,0.1,0.25,0.1429,1,0.25,0.3333,0.3333,0.25,0,0.1667,0.5,0.3125,1,0.6,0.25,0.375,0.4167,0,0.5,0.0625,0.25,0.25,0.25
"locus6141",0.6667,0.75,0.4167,0.8125,0.7143,0.75,0.5,0.8889,0.7,0.8,0.35,0.9375,0.3125,0.875,0.75,0.5,0.875,0.8333,0.6,0.8,0.7,0.8636,0.8,0.7222,0.7857,0.9091
"locus6142",0.5909,0.625,0.8333,0.55,0.2857,0.3889,1,0.3571,0.5,0.5833,0.7273,0.5,0.65,0.5,0.5455,0.9545,0.6111,0.5,0.5,0.8333,0.375,0.4,0.6111,0.4375,0.5625,0.2222
"locus6143",0.9167,0.9375,0.95,1,0.75,0.9167,1,0.9,1,0.875,1,1,1,1,1,1,0.9444,1,0.9375,0.9444,1,0.9545,1,0.95,0.9091,0.8889
"locus6144",0.8,0.0625,0.125,0.3571,0.0556,0,0,0.1667,0.375,0.0714,0.0455,0,0,0.25,0.15,0.05,0.7,0.3333,0.1,0.4286,0,0.5714,0.5,0.0714,0.4286,0.0417
"locus6145",1,1,1,1,0.9444,0.9167,1,0.9444,1,1,0.9091,1,0.95,1,1,1,1,1,0.9375,0.9444,1,1,0.95,0.9,0.9545,0.75
"locus6146",0.9583,0.9375,1,1,1,0.9583,1,1,0.8333,1,0.9091,0.9375,1,0.9375,0.7857,1,0.875,1,0.8,1,1,1,0.95,0.7,0.9545,1
"locus6147",0.125,0,0,0,0,0,0,0.0556,0.05,0,0,0,0,0.0625,0.0833,0.0455,0.0556,0.1667,0,0.0556,0.1429,0.0455,0,0,0,0
"locus6148",0.3182,0.0625,0.1,0.1429,0,0,0.375,0,0.2,0.125,0.0909,0,0.1,0,0.0417,0.5,0.1875,0,0.125,0.1875,0,0.0909,0.125,0.05,0.2143,0
"locus6149",1,0.75,1,0.8636,1,0.8333,1,1,1,0.9375,0.8636,1,0.95,1,1,1,1,1,1,1,1,1,0.9,0.8,0.9545,1
"locus6150",0.8182,0.5833,0.8333,0.8889,0.5,0.5,1,0.75,0.7143,0.9,0.3889,0.8,0.5,0.7857,0.7273,0.9545,0.8889,0.6667,0.9167,1,0.875,0.8571,0.9286,0.8333,1,0.5625
"locus6151",0.9167,0.75,0.9444,0.8571,1,0.9444,1,0.8889,0.9545,0.9375,0.65,0.8571,0.7857,0.9375,0.9375,1,0.8333,1,0.8333,0.9444,0.6667,0.9091,0.9444,0.7857,0.9444,0.875
"locus6152",0,0,0,0.0455,0.75,0.2857,0,0.3571,0,0.0625,0.1,0.2143,0,0,0.0909,0.0455,0,0,0,0,0,0,0,0,0.0556,0.6875
"locus6153",0.5909,0.4,0.5,0.5714,0.4167,0.45,0.25,0.7143,0.4375,0.5,0.5,0.75,0.3889,0.4,0.6111,0.0625,0.4167,0.75,0.5714,0.6429,0.625,0.7778,0.625,0.75,0.75,0.6667
"locus6154",0.0417,0.125,0,0,0,0.0417,0,0.0556,0.0455,0.0625,0.1818,0.125,0.15,0,0,0,0,0.1667,0,0.0556,0,0.2778,0.05,0,0,0.0417
"locus6155",0.8182,1,1,1,1,1,1,1,0.95,1,1,1,1,1,0.9583,1,0.8889,0.8333,1,1,1,0.9545,1,0.95,0.9091,1
"locus6156",0.7143,0.8333,0.9444,1,1,0.75,1,0.8,0.75,0.75,1,0.875,1,1,0.75,0.9545,1,0.75,0.9167,0.9,0.5,0.8333,0.8333,1,0.9375,0.85
"locus6157",1,1,0.85,0.9091,0.9444,1,1,1,1,1,1,0.875,1,1,0.9583,1,0.9444,0.8333,1,1,0.9286,1,0.95,1,1,1
"locus6158",0.8182,0.5625,0.1875,0.55,0.4286,0.2727,1,0.125,0.3636,0.3125,0.5,0.4286,0.625,0.1667,0.2083,0.9545,0.9444,0,0.25,0.5,0.25,0.8571,0.5714,0,0.35,0.3
"locus6159",0.5,0.5,0.4,0.5714,0.4375,0.3333,0.3,0.3571,0.5,0.6,0.4444,0.5,0.375,0.4167,0.45,0.4,0.5,NA,0.5625,0.75,0.5,0.7143,0.5,0.5,0.5833,0.4
"locus6160",0.6,0.875,0.75,0.9091,0.8333,0.9091,0.625,0.8889,0.6818,0.7,0.9545,0.75,0.9,0.5833,0.6667,0.65,0.5,0.6667,0.7857,0.5833,0.8333,1,0.8889,0.7143,0.8889,0.8333
"locus6161",0.5417,0.5625,0.7,0.6875,0.8889,0.6364,0.9,0.5556,0.65,0.875,0.6667,0.5833,0.8,0.6875,0.5,0.8636,0.7778,0.6667,0.5625,0.625,0.5,0.45,0.6667,0.65,0.8636,0.65
"locus6162",1,0.875,1,1,1,0.875,1,1,1,1,0.8571,1,0.875,1,0.9583,1,1,1,0.9375,1,0.9286,1,0.95,1,1,0.9583
"locus6163",1,1,1,0.9545,0.9444,1,1,0.9444,1,1,1,1,1,1,1,1,1,1,1,0.9444,0.7857,1,1,0.8,1,0.9091
"locus6164",0.0417,0,0.1,0.0455,0,0.125,0.1,0,0.0455,0,0,0,0,0,0.0417,0.1364,0,0,0,0,0,0,0,0.05,0,0
"locus6165",0.7727,0.9167,0.7143,0.9,0.8889,1,0.9,0.5625,0.7778,0.9375,0.9091,0.75,1,0.9286,0.7,0.9545,0.8125,1,0.5,0.9375,0.8333,0.5,0.625,0.7778,0.7,0.7273
"locus6166",1,0.8571,0.7222,0.7222,0.9444,1,1,0.8333,0.85,0.9286,0.9091,0.875,1,0.8125,0.6818,1,0.8333,1,0.8333,1,0.8,0.9091,0.95,0.9444,0.9545,1
"locus6167",0.7143,0.1,0.3333,0.5625,0.0833,0.1667,1,0.4,0.3333,0.5,0.0455,0.375,0.05,0.375,0.1667,0.6875,0.2143,0.1667,0.1667,0.4167,0,0.5455,0.5833,0.3,0.3125,0
"locus6168",0.9167,1,0.85,1,1,1,1,0.9444,1,1,1,1,1,1,0.875,1,1,0.8333,1,0.9444,0.7857,1,1,1,1,1
"locus6169",1,0.875,1,1,1,1,1,1,1,1,1,1,0.95,1,0.9583,1,1,0.8333,1,1,1,0.9545,0.95,0.85,1,0.9583
"locus6170",0.9167,1,0.95,1,0.9375,1,1,0.875,0.8636,1,0.9545,0.875,1,1,0.9583,1,1,1,0.875,0.8333,0.75,1,1,1,1,0.9
"locus6171",0.9,0.6,0.85,0.8,0.6,0.7,1,0.4444,0.9545,0.6667,0.3636,0.8333,0.375,0.9286,0.8182,1,0.7857,0.75,0.7143,0.9,0.2857,0.5556,0.7,0.8571,0.9,0.375
"locus6172",0.7917,1,1,0.9545,1,1,1,0.9444,1,1,1,0.875,0.95,1,1,1,0.875,1,1,0.8333,1,0.9545,0.9444,0.8333,0.8636,1
"locus6173",0.8,0.9375,0.95,1,1,1,0.8,0.8889,0.95,1,1,1,1,1,0.9583,1,0.4167,0.75,1,0.8889,1,0.9,0.7857,0.95,0.9375,1
"locus6174",0,0.125,0.1,0,0,0.0833,0,0,0.2273,0,0,0.0625,0,0,0.0833,0,0,0,0.0625,0,0,0,0,0,0,0.0417
"locus6175",0.9091,0.9375,1,0.9545,1,1,1,1,0.9545,1,1,0.9375,1,1,0.9167,1,0.875,1,1,0.625,1,1,0.9,0.95,0.9545,1
"locus6176",1,0.875,0.95,0.9091,1,1,1,0.9444,0.8182,0.875,1,0.9375,0.85,0.875,0.9583,1,0.9375,0.8333,0.875,1,1,1,0.95,0.9,1,1
"locus6177",0.8,0.5833,0.375,0.9444,0.75,0.7273,1,0.4286,0.6429,0.9167,0.6,0.75,0.6111,0.5,0.55,1,0.8333,1,0.3333,0.8,0.5833,0.9545,0.875,0.625,0.9375,1
"locus6178",1,1,1,0.8636,1,0.7,1,0.9444,1,0.875,0.8333,1,1,1,0.9583,1,1,1,0.875,1,1,1,0.95,1,0.9091,0.9583
"locus6179",1,0.9375,1,1,0.75,0.9167,1,0.8125,1,1,1,0.9375,1,1,0.875,0.8636,0.8333,1,0.9375,0.9444,0.9286,0.9545,0.95,1,1,0.7727
"locus6180",0,0,0.25,0,0,0.0417,0,0.0556,0.0455,0,0.0455,0,0,0,0.0833,0,0,0.3333,0.3125,0,0,0,0.2,0,0,0
"locus6181",0.9091,1,0.8889,1,1,1,1,1,0.8182,1,1,1,1,1,1,1,1,1,0.9375,1,1,1,1,0.9,0.9545,1
"locus6182",0.8333,0.6667,0.7143,0.5714,0.9,0.5909,0.9,0.7143,0.75,0.9286,0.95,0.625,0.875,0.5,0.625,0.9091,1,NA,0.75,0.9167,0.7,0.8333,0.6429,0.5,0.8636,0.65
"locus6183",1,0.7,0.4,0.9091,1,0.9167,1,0.9444,0.7222,1,1,1,1,0.7,0.5714,0.9545,0.9444,0,0.75,1,1,0.9545,1,0.8571,1,0.9167
"locus6184",0.3333,1,1,0.6667,1,0.9583,1,1,1,1,0.9545,0.7857,1,0.9375,1,1,0.5714,1,1,1,1,0.1875,0.25,0.8,0.6111,1
"locus6185",1,1,0.95,0.9545,1,0.9167,1,0.9444,0.8636,1,0.9545,0.875,0.9,1,0.9167,1,1,1,0.9375,0.8889,1,1,1,0.9444,1,1
"locus6186",0.6429,0.8,0.875,0.9286,1,0.9444,1,0.8333,0.7222,0.9,0.8333,1,0.6667,1,0.9545,0.9545,0,1,0.8,0.875,0.9,0.7857,0.8333,0.75,0.8125,1
"locus6187",0.5,0.75,0.6111,0.5556,0.6429,0.7727,0.375,0.9444,0.4,0.5,0.5455,0.8,0.8333,0.5714,0.5909,0.15,0.4375,0.8333,0.5714,0.75,0.8333,0.7222,0.5625,0.3889,0.6111,0.8182
"locus6188",1,1,1,0.9545,0.8889,0.9583,1,0.8889,1,1,1,1,0.95,1,0.9583,1,1,1,1,1,0.9286,1,1,1,1,0.7727
"locus6189",0.9167,1,0.9,1,0.9375,1,1,0.8333,0.9091,0.9375,0.9545,1,1,0.9375,0.875,1,1,1,0.8125,0.8889,1,1,1,1,0.9545,1
"locus6190",0,0,0.05,0,0,0.1667,0,0,0,0,0,0,0,0.0625,0.0417,0,0,0,0.125,0,0,0,0.1,0,0.0909,0.0833
"locus6191",0.9583,0.8571,0.8571,0.95,0.75,0.875,1,0.625,0.875,1,0.6111,0.875,0.5,0.875,0.8333,1,0.7778,1,0.75,1,0.75,0.6667,0.9,0.7222,0.8125,1
"locus6192",0,0.4286,0,0.25,0.75,0.5,0,0.4,0,0,0.4444,0.25,0.5,0.1875,0.35,0,0,0.1667,0.0625,0,0.4,0,0,0.25,0.1875,0.45
"locus6193",1,1,1,1,1,1,1,0.9444,1,1,0.7273,1,0.8333,1,0.9583,1,1,1,0.9375,1,1,1,0.95,1,1,1
"locus6194",1,1,1,1,1,1,1,0.8,1,1,1,0.875,1,1,1,1,1,1,0.9375,1,0.375,1,1,1,1,0.6111
"locus6195",0.9167,0.6429,0.7,0.9091,0.6667,0.75,1,0.8889,0.8182,0.875,0.45,1,0.5,0.5625,0.8333,1,1,1,0.75,0.8889,0.9286,0.6818,1,0.9,0.85,1
"locus6196",0.8333,1,1,0.9091,1,1,1,0.8889,1,1,1,0.9375,1,1,0.9167,1,1,0.8333,1,1,0.8571,0.5,0.7222,1,0.7,1
"locus6197",0.0417,0.6429,0.5,0.6875,0.25,0.1667,0,0.1429,0.1875,0.4167,0.6429,0.2,0.8125,0.5,0.2143,0.05,0.1667,0.25,0.1667,0.1111,0.2143,0.7143,0.2778,0.1667,0,0.25
"locus6198",1,0.9375,1,1,0.8333,0.75,1,1,1,1,0.9545,1,0.75,1,1,1,1,1,1,1,1,0.9545,1,0.9,1,1
"locus6199",1,0.75,1,1,0.7,0.8182,1,0.75,1,1,0.9091,1,1,1,0.9583,1,1,1,0.9375,1,1,1,0.95,1,0.7857,1
"locus6200",0.6111,0.3,0.5,0.55,0.6,0.75,1,0.6667,0.5,0.4167,0.6667,0.3,1,0.5,0.4444,0.9545,0.6667,0.5,0.3571,0.4375,0.3,0.9286,0.75,0.5,0.3125,0.5625
"locus6201",0.3636,0.8333,0.5,0.25,0.4286,0.8333,0.625,0.375,0.3333,0.5714,0.6429,0.5,1,0.1875,0.5833,0.8125,0.5,0.5,0.3333,0.2857,0.5,0.3,0.5833,0.6111,0.5,0.4091
"locus6202",0.7917,0.75,0.6,0.6111,0.8889,0.875,0.8,0.6875,0.6,0.8125,0.9091,0.75,1,0.625,0.4583,0.85,0.8889,0.3333,0.5,0.6111,0.8571,0.6,0.8333,0.7222,0.7778,1
"locus6203",1,1,1,0.9545,1,1,0.5,1,1,0.8125,1,1,1,1,1,0.5909,1,1,1,1,1,1,0.95,1,1,0.9583
"locus6204",1,1,1,1,1,1,1,0.8333,1,1,1,0.875,1,1,1,1,1,1,1,1,0.9286,0.9545,0.95,1,0.9545,0.7083
"locus6205",0,0,0,0,0,0.2083,0,0.0556,0,0.0625,0,0,0.05,0,0.0417,0,0,0,0,0,0,0,0,0,0.1364,0.0833
"locus6206",0.5,0.5,0.4286,0.5,0.5,0.5,0,0.4286,0.5,0.5,0.4545,0.4375,0.5,0.5,0.4167,0.0455,0.5,0.6667,0.4,0.4286,0.5,0.5,0.4286,0.4444,0.5,0.4545
"locus6207",0.0417,0,0.05,0,0.0556,0.0417,0,0,0.1364,0.0625,0,0,0,0.0714,0.1818,0,0,0,0.1875,0,0.0714,0,0,0,0.0455,0
"locus6208",1,1,0.8889,1,1,1,1,1,0.9545,1,1,1,0.95,1,0.9583,0.7143,1,1,0.875,0.9444,1,1,1,0.95,1,1
"locus6209",1,1,1,0.8636,1,1,1,1,0.9444,0.9375,0.9545,1,0.95,0.9375,1,0.9545,1,1,1,1,1,1,0.95,0.95,1,0.9583
"locus6210",0.9583,0.8571,0.85,1,1,0.9167,NA,1,0.9091,0.9375,1,1,0.9,1,0.9583,1,0.5714,0.8333,0.8125,0.8889,0.9286,1,1,0.95,0.9545,1
"locus6211",0.0417,0,0,0.2778,0,0.0417,0.5,0,0,0,0.0455,0.0625,0.05,0.0625,0.0417,0.5714,0.1667,0,0.0625,0,0,0,0.1,0.05,0,0
"locus6212",0.0417,0,0,0,0.0556,0.0417,0.3,0,0.0455,0.2143,0.1818,0,0.05,0,0,0.5,0,0,0,0.0556,0,0,0,0.05,0.0909,0
"locus6213",0.9583,0.9375,0.9,1,1,0.9583,1,1,0.9545,1,1,1,1,0.9375,0.9583,1,1,0.8333,1,1,1,0.9091,1,0.85,1,0.9167
"locus6214",0.9545,0.5,0.5556,0.875,0.5833,0.6875,1,0.5714,0.625,0.8,0.3889,1,0.3571,0.4,0.6364,1,0.9375,1,0.6429,0.6667,0.8333,1,0.9,0.7,0.8,0.8182
"locus6215",1,0.9167,1,0.9091,0.75,0.8125,1,0.9444,1,1,0.75,1,0.75,1,1,1,1,1,0.875,1,0.9286,1,0.95,1,0.9545,0.7917
"locus6216",0.8,1,1,1,1,1,NA,1,0.9545,0.9375,1,0.9375,1,0.9375,0.9583,1,1,0.8333,1,1,1,1,1,1,0.8,1
"locus6217",0.7273,0.6429,0.5,0.7727,0.5714,0.6364,0.9,0.5,0.6818,0.75,0.6,0.5714,0.6875,0.7143,0.5,0.9,0.7143,0.5,0.625,0.5556,0.6667,0.75,0.5625,0.6,0.8125,0.55
"locus6218",0.6,0.5,0.45,0.8,0.5,0.55,0.7,0.5,0.5,0.6,0.7,0.4286,0.9375,0.5,0.5625,0.5,1,0.5,0.4,0.7857,0.5,0.8889,0.625,0.5,0.5556,0.5556
"locus6219",0.9583,1,1,0.9091,1,1,1,1,1,1,1,0.875,1,0.9375,1,1,1,1,1,1,0.9286,0.9545,0.95,1,0.9545,0.875
"locus6220",0.125,0.5714,0.25,0.2,1,0.75,0,0.7,0.0556,0.1,0.7222,0.2,0.9,0.0625,0.2083,0,0,0,0.25,0.0556,0.5,0.05,0.1111,0.25,0.5,0.75
"locus6221",1,0.9286,1,1,1,1,1,0.9444,1,1,0.8636,1,1,1,0.95,1,1,1,0.9375,1,0.9286,1,1,0.95,1,1
"locus6222",0.9583,0.8333,0.625,0.9,1,0.8,1,0.7143,0.8889,1,0.9545,0.875,0.95,1,0.6667,1,1,0.75,0.75,0.75,1,1,0.8,0.6429,0.9545,0.8636
"locus6223",0.3333,1,0.7857,0.5,1,0.9583,1,0.9286,0.5,0.9167,0.9444,0.875,0.9,0.5714,0.5625,0.8125,0.5556,0.75,0.5,0.5625,0.9167,0.5,0.6875,0.5,0.8125,0.9167
"locus6224",0.0417,0.0625,0,0,0,0,0.3,0,0,0,0.0455,0,0.05,0.1875,0,0,0.1111,0,0.0625,0.2222,0,0,0.15,0,0.0455,0
"locus6225",0.375,0.625,0.5714,0.5,0.7778,0.75,0,0.6875,0.5455,0.2857,0.75,0.2857,0.9,0.5,0.4091,0.0455,0.4444,0.25,0.5,0.2778,0.5,0.15,0.3333,0.5,0.6111,0.75
"locus6226",1,1,1,1,0.9444,0.8333,1,0.8889,1,1,0.8636,0.9375,0.9,1,1,1,1,1,1,1,1,1,1,1,0.9545,0.875
"locus6227",0.375,0.7143,0.4,0.55,0.7857,0.5,0,0.5833,0.3,0.3125,0.3889,0.625,0.6667,0.2857,0.3,0,0.4444,0.3333,0.3571,0.25,0.5714,0.45,0.5625,0.4444,0.4444,0.4167
"locus6228",1,1,0.85,1,1,1,1,1,0.9091,1,1,1,1,0.9375,0.9,0.9545,1,1,0.9375,1,1,1,1,0.9444,0.8,0.9583
"locus6229",0.8636,0.9375,0.95,1,0.9444,1,1,0.8333,0.9091,1,1,1,1,1,0.9167,1,1,1,1,1,0.9286,0.625,0.375,0.9,0.9545,0.9583
"locus6230",1,1,0.95,1,1,1,1,1,1,1,0.85,0.875,1,1,0.9583,1,1,1,1,1,0.9286,1,0.95,0.9,0.9545,0.9583
"locus6231",0.5,0.9167,0.6429,0.6429,0.625,0.7,0.75,0.8125,0.6667,0.75,0.7143,0.8,0.8333,0.75,0.75,0.9167,0.5714,0.6667,0.6667,0.4167,0.875,0.45,0.6667,0.75,0.5,0.6
"locus6232",0.8333,0.6875,0.9,0.8571,0.8333,0.75,0.75,0.5833,0.8636,0.9375,0.75,0.9,0.5,0.8125,0.8,0.8125,0.7857,1,0.9286,0.8889,0.625,0.8,0.8333,0.8333,0.9,1
"locus6233",0.3333,0.2857,0.2222,0.1364,0.0556,0.4167,0,0.3889,0.15,0.1875,0.0455,0.3125,0.05,0.375,0.375,0.1818,0.2222,0.3333,0.1875,0.1667,0.3333,0.0909,0.3,0.35,0.3,0.2083
"locus6234",1,0.3333,0.8571,0.75,0.2143,0.3,0,0.3125,0.8125,0.375,0,0.375,0.0556,0.8,0.8333,0.2143,0.5833,1,0.75,0.6,0.5833,0.9091,0.8333,0.6,0.5,0.2857
"locus6235",0.6875,1,0.9,0.5714,0.8889,0.7917,0.875,1,0.8182,0.9,0.9545,0.7857,1,0.6429,0.9167,0.5625,0.7778,0.75,0.875,0.9375,1,0.5625,0.9167,0.7222,0.625,1
"locus6236",0.125,0.125,0.05,0,0.25,0.0833,0,0.1667,0,0,0.1364,0.1875,0,0.0714,0.1667,0.0455,0,0,0,0.0556,0,0,0,0.15,0.2727,0.2083
"locus6237",0.0909,0.25,0.0556,0.0455,0.4167,0.4545,0,0.1667,0.05,0,0.875,0.2,1,0.375,0.3182,0,0.1667,0,0.0625,0.0625,0.25,0.0909,0.15,0.125,0.0556,0
"locus6238",1,0.875,1,0.9091,1,0.9583,1,0.9444,0.9545,0.875,1,1,0.75,1,1,1,1,1,1,1,1,1,0.95,1,1,0.9583
"locus6239",0,0,0,0,0.125,0.2857,0,0.0556,0.0909,0,0.1667,0,0,0,0.0833,0,0,0.1667,0,0.0556,0,0,0,0,0.0909,0.0833
"locus6240",0,0.25,0,0,0.0556,0.0833,1,0.1667,0,0,0,0,0,0.0625,0,0.9444,0.0556,0,0.0625,0,0,0,0,0,0.0909,0
"locus6241",1,1,1,0.9545,1,0.9545,1,1,0.8182,0.9375,0.7857,0.875,1,0.875,0.9583,1,1,0.8333,0.875,1,0.75,0.8333,1,0.85,1,0.5625
"locus6242",1,0.9375,1,1,0.75,0.75,1,0.8333,1,1,0.6818,1,0.8125,1,1,1,1,1,1,1,0.9286,1,1,1,0.8636,0.9167
"locus6243",0.9545,0.9375,0.95,0.9091,1,0.8333,1,1,1,0.9375,0.9545,1,0.9,0.875,1,1,0.7143,0.8333,1,0.7222,1,1,0.9444,0.8,0.9545,1
"locus6244",0.0833,0.0625,0,0.0455,0,0,0.4,0.0556,0.2727,0.0625,0,0,0.05,0.0625,0.0833,0,0.1875,0.25,0.0625,0.1667,0,0.0455,0.05,0.15,0.1364,0.0833
"locus6245",0.125,0.25,0.1,0.1667,0.5,0.45,0,0.2,0.0455,0,0.4444,0,0.5,0.125,0.125,0.0455,0,0,0,0,0,0.1364,0.1,0.2222,0.05,0.25
"locus6246",0.3182,0,0.0556,0.1667,0,0,0,0.3333,0.2273,0.375,0.25,0,0,0.2143,0.35,0.0909,0.2778,0.1667,0.1875,0.3333,0,0.2273,0.3571,0.125,0.2222,0
"locus6247",0.2083,0.125,0.05,0.1818,0,0,1,0,0.1818,0.2857,0.0455,0,0,0.375,0.0455,0.8333,0.5,0.5,0.1429,0.5833,0,0,0.05,0.1,0.1111,0
"locus6248",0.6429,0.5,0.7,0.5,0.5,0.5,0.5,0.4286,0.5,0.625,0.3889,0.5833,0.3333,0.5,0.55,0.8,0.625,0.6667,0.5,0.6667,0.75,0.5,0.5,0.5,0.5556,0.5
"locus6249",0.8182,0.875,1,0.8636,0.8889,0.7917,NA,0.9444,0.9091,1,0.9545,0.9375,0.95,0.9286,0.9167,1,0.7778,1,1,0.8889,1,1,0.95,0.8,0.9545,0.9545
"locus6250",0.875,1,1,0.6875,0.9444,0.9583,1,1,1,1,0.9545,0.9375,1,1,0.875,1,0.8889,1,1,1,1,0.9545,0.9444,1,1,1
"locus6251",0.8125,0.875,1,0.85,1,0.9167,1,1,0.9545,0.9375,1,0.9375,1,0.8125,1,0.9545,0.75,1,1,0.9375,1,0.8125,0.9375,0.95,0.7143,1
"locus6252",0.4444,1,0.7857,0.95,1,1,1,0.9444,0.4,1,0.95,0.7,1,0.8571,0.6,1,0.875,0.5,0.7143,0.6667,0.8,0.4444,1,0.6667,0.75,1
"locus6253",0.9583,1,0.7,1,0.9444,1,1,1,0.3889,1,1,1,1,0.8571,0.9583,1,1,1,0.8125,0.9444,1,1,1,1,1,1
"locus6254",0.8182,1,0.9444,1,1,1,0.9,1,0.9091,0.9375,0.9091,1,1,0.9375,0.9583,1,0.875,0.8333,0.9375,1,0.9286,0.6,0.9,0.8889,0.8182,0.9167
"locus6255",0.8333,0.8571,0.4375,0.6111,1,0.9091,0.8,0.8333,0.6429,0.5,0.8889,1,1,0.9,0.6429,0.6667,0.6667,0.6667,0.4,0.375,1,0.6,0.9286,0.5,0.75,0.9091
"locus6256",0.8889,0.5714,0.3889,0.625,0.5625,0.6667,1,0.4167,0.6667,0.8571,0.6875,0.6667,0.4444,0.7,0.45,1,0.8333,0.6667,0.8333,0.8333,0.5714,0.8333,0.7222,0.75,0.75,0.2222
"locus6257",0,0.125,0.05,0,0.125,0.0833,0,0.0556,0,0,0.4,0.0625,0.375,0.1875,0,0.0455,0.0556,0.3333,0.0625,0,0.0714,0.0455,0,0.1111,0,0.125
"locus6258",1,1,0.95,0.7727,1,1,1,0.9444,1,1,1,1,0.95,1,1,1,1,0.8333,1,1,1,0.9545,0.95,1,1,0.9583
"locus6259",0,0,0.05,0,0,0,0,0,0.0909,0.1875,0.0455,0.0625,0,0,0.0833,0.05,0.0556,0,0,0.0556,0,0.0455,0,0,0.0455,0
"locus6260",0.9583,1,1,0.9545,1,0.9545,1,1,1,1,0.9091,0.9375,1,0.9167,1,0.9545,0.9375,1,1,1,0.9286,1,1,0.95,0.9444,0.9167
"locus6261",0.9583,1,1,0.9545,1,1,1,1,1,0.8125,1,1,1,0.9375,1,1,1,1,1,1,1,1,0.95,1,0.85,1
"locus6262",0,0,0.1,0.0909,0.0556,0,0,0.0556,0,0,0.0455,0.1875,0,0.0625,0.1667,0,0,0,0,0,0.0714,0.4,0.1,0.15,0,0.0417
"locus6263",0.9583,0.9375,1,1,1,1,1,0.8889,0.95,1,1,1,1,1,1,1,0.8333,1,1,0.9444,0.9286,0.9545,0.95,0.95,0.9545,0.9583
"locus6264",0.9583,0.9375,0.8,1,0.9444,0.9583,0.75,0.9375,0.9545,1,1,0.9375,1,1,0.95,0.7778,1,0.8333,0.9375,1,0.8571,0.8125,1,0.9,1,0.7917
"locus6265",0.0833,0.75,0.0714,0,0.2143,0.6111,0.1,0,0.0714,0.625,0.8571,0.5,1,0.1,0.25,0,0.25,0,0.25,0,0.25,0.2143,0.0625,0.375,0.2,0
"locus6266",0.1364,0,0,0.4,0,0,0,0.0556,0,0,0,0,0,0.0625,0,0,0,0,0,0,0,0.2778,0.1667,0,0,0.0417
"locus6267",0.875,0.75,1,0.9091,1,0.75,1,0.8889,1,1,0.9,1,0.95,1,1,0.9545,0.75,1,1,1,1,1,0.9444,0.95,1,0.9167
"locus6268",0.9167,1,0.85,1,1,1,1,1,1,1,1,1,1,1,0.9583,1,1,1,0.875,1,0.8571,1,1,1,1,1
"locus6269",0.9583,0.9375,0.8,0.9091,1,1,1,0.9444,0.9091,1,1,1,1,0.9375,1,1,1,1,0.9375,1,1,0.9545,1,0.95,1,0.875
"locus6270",0.8636,1,0.8,1,1,1,1,0.9444,1,1,0.9545,1,1,1,0.9167,1,0.9444,1,1,1,1,1,1,0.9,1,1
"locus6271",0.9583,1,0.9,0.9545,1,1,1,1,0.9545,1,1,1,1,1,0.9167,1,1,1,0.875,0.875,0.9286,1,1,1,1,1
"locus6272",0.9167,0.9375,1,0.9091,0.9,1,1,0.7778,0.9091,0.875,0.9091,0.6429,1,1,0.9583,1,1,1,1,0.9444,0.7143,0.9545,0.85,0.9,0.9545,0.95
"locus6273",0.9167,0.9375,0.95,1,1,1,1,1,0.9545,0.9375,0.9091,1,1,1,1,0.75,1,1,1,0.9444,1,1,1,1,1,1
"locus6274",0.0833,0.4,0.05,0.0455,0.25,0.2917,0,0.1111,0,0,0.625,0,0.4286,0,0.2083,0.0455,0.1111,0.1667,0.125,0,0,0.0455,0.15,0.05,0.1,0.125
"locus6275",0,0,0,0,0.0556,0.0909,0,0.0556,0.0455,0,0.1429,0,0.125,0,0,0,0,0,0.0625,0,0,0,0,0.25,0,0
"locus6276",0.875,1,0.9444,0.7273,1,0.875,1,1,0.95,1,0.9545,0.875,1,1,0.75,1,1,0.6667,0.875,0.9375,0.9286,0.7727,0.9,0.75,0.6,0.9583
"locus6277",0.3182,0.125,0.1111,0.0556,0,0,0.75,0.0625,0.2727,0.125,0.05,0.25,0,0.0714,0.0909,0.5714,0.25,0.3333,0.1429,0.3333,0,0.05,0.1429,0.2222,0.15,0.1667
"locus6278",0.9545,1,1,1,1,1,1,0.8125,1,0.9375,1,0.9375,1,1,1,1,1,1,0.9375,1,1,0.5455,1,1,0.95,0.9583
"locus6279",0.9583,0.7857,1,1,0.625,0.7143,1,0.9444,1,1,0.5,1,0.5,0.8571,1,0.9545,1,1,0.9286,1,1,1,1,0.9,0.9091,1
"locus6280",1,0.9375,1,1,1,0.9167,1,1,1,1,0.5909,0.9375,0.9375,1,0.9583,1,1,1,1,1,1,1,1,0.95,1,1
"locus6281",1,0.9286,1,1,0.875,0.9167,1,1,1,1,0.6818,1,0.4286,1,1,0.9545,1,0.8333,1,1,0.9286,1,0.95,1,0.9545,0.9167
"locus6282",0,0.0625,0.2143,0.0455,0.1667,0,0,0,0.25,0,0.1364,0,0,0.2143,0.1364,0,0.0556,0.1667,0.125,0.2778,0,0,0.05,0.1667,0.0455,0.0417
"locus6283",0.8182,1,1,0.9545,1,1,1,1,1,0.875,1,0.9375,1,1,1,1,0.6667,1,1,0.875,1,1,0.95,1,1,1
"locus6284",0.1111,0,0,0.0455,0,0,0.4,0,0.0909,0,0,0.0625,0,0,0.0417,0,0.2778,0,0,0.1111,0,0.2857,0.2,0,0,0
"locus6285",0.4444,0.5,0.375,0.5,0,0.3125,0.5,0.5,0.4375,0.4286,0.5,0.3333,0.5,0.3333,0.2273,0.4286,0.4375,0.75,0.5,0.3333,0.5,0.3,0.4286,0.1667,0.375,0.0714
"locus6286",0.5,0.75,0.7778,0.85,1,0.9167,1,0.9167,0.7857,0.875,0.9545,0.9167,1,0.9,0.8636,0.95,0.5833,1,0.875,0.9,0.75,0.7778,0.4444,0.7143,0.8333,0.9091
"locus6287",0.6,1,0.875,1,1,0.9583,1,0.9444,0.85,1,1,0.3333,0.95,1,0.9091,1,0.9375,0.5,0.8571,0.5625,1,0.2857,0.7143,0.9444,0.6667,0.9583
"locus6288",0.9167,0.8125,0.6667,0.75,0.8889,0.9583,0.4,0.75,0.85,0.8571,0.9545,0.9286,1,0.8571,0.7083,0.5455,0.4444,0.25,0.6429,0.875,0.9286,0.6667,0.75,0.8,0.9444,0.8182
"locus6289",0.7222,0.5,0.4,0.45,0,0.0833,0.9,0.1667,0.3,0.5833,0.25,0.3333,0.1429,0.5833,0.2273,0.9545,0.7143,0.5,0.3333,0.4286,0.0833,0.3333,0.5,0.375,0.7143,0
"locus6290",0.3889,0.2143,0.6667,0.3333,0,0.375,0.3,0.0625,0.4,0.2857,0.0909,0.3125,0.05,0.5,0.45,0.4444,0.5556,0.6667,0.5714,0.5,0.4286,0.8125,0.3333,0.35,0.2143,0.05
"locus6291",0.6364,0.875,0.7857,0.5714,0.9444,0.9583,0.3333,0.9444,0.8333,0.875,0.9545,0.7,1,0.625,0.9375,0.5833,0.6429,0.75,0.8571,0.75,1,0.85,0.8125,0.8333,0.7857,1
"locus6292",0.125,0,0,0.0455,0,0,0.6,0.0556,0,0.3333,0.0455,0.0625,0,0,0,0.5455,0.1,0,0,0,0,0,0.05,0.05,0,0
"locus6293",1,1,0.9,0.9091,1,1,1,1,1,1,1,1,1,0.875,0.9583,1,1,1,0.8125,0.9444,1,0.9091,1,0.9,0.9545,1
"locus6294",0,0.25,0.25,0.1818,0.1667,0.0417,0,0.1667,0.0909,0.0625,0,0.25,0.05,0.1875,0.25,0,0.1111,0,0.1875,0,0,0.0909,0.1,0.35,0.0455,0.3333
"locus6295",0.1364,0.0625,0,0,0,0.0417,0.8333,0,0.0909,0,0.0455,0,0,0.1875,0,0.6875,0.1667,0,0,0.0833,0,0,0,0.05,0,0
"locus6296",0.9583,1,1,1,1,1,1,0.9444,0.8636,0.9375,1,1,1,0.9375,1,0.9,0.9444,1,1,0.8333,1,1,0.8889,1,0.9091,1
"locus6297",0.7727,1,1,0.9545,1,1,0.875,0.9444,0.9091,1,0.9545,1,0.95,0.9375,0.9167,0.8182,0.8571,1,0.9375,0.8125,1,1,1,1,0.7273,1
"locus6298",1,0.9375,1,1,0.9444,1,1,1,0.9545,1,0.9545,1,1,1,0.9167,1,0.9375,1,1,0.875,1,0.9545,1,0.9,0.95,1
"locus6299",0.9583,1,0.95,1,0.9444,1,1,0.9444,1,0.9375,1,1,1,1,1,1,1,1,1,1,1,1,0.9,0.9,1,0.75
"locus6300",0.9583,1,0.95,0.8182,1,0.9583,1,0.8333,0.9545,1,1,0.875,0.95,1,1,1,0.9444,1,0.9286,1,1,1,1,0.95,0.9545,1
"locus6301",0.8889,0.625,0.9286,0.7778,0.6667,0.6,0.5,0.7,0.7778,0.8333,0.75,1,1,0.8571,0.8,0.9286,1,0.5,0.8333,0.75,1,0.9545,1,0.8333,0.7778,0.8571
"locus6302",0.9167,0.875,0.625,0.7857,1,0.75,NA,0.9167,0.6667,0.5,0.9444,0.8333,0.8,0.375,0.8636,0.1667,0.5,0.75,0.7143,0.5,1,0.7143,0.875,0.5,0.8889,0.9583
"locus6303",1,1,1,0.7727,0.9444,0.9583,1,0.9444,0.9545,0.875,0.9545,0.9375,1,1,1,1,1,0.8333,0.9375,1,1,1,1,1,1,1
"locus6304",0.9583,1,1,1,0.9,0.9583,1,1,1,1,1,1,1,0.8125,0.95,1,1,1,0.8125,1,0.9,1,1,0.85,1,0.8
"locus6305",0.9583,1,1,1,1,1,0.6667,1,1,1,1,1,1,0.875,0.9167,0.8333,0.9444,1,1,0.9444,1,1,1,0.95,0.9545,1
"locus6306",0.9167,1,0.95,0.9545,1,0.875,1,0.75,1,1,1,1,1,1,1,1,1,1,1,0.8889,0.8571,1,1,1,1,0.8889
"locus6307",0.95,0.3571,0.5,0.4444,0,0.0455,0.9,0.7857,0.6818,0.6667,0.1364,1,0,0.7143,0.5,0.95,0.8333,0.6667,0.25,0.75,0.7,0.8,0.3333,0.3125,0.5909,0.2727
"locus6308",0,0.125,0.05,0,0.3125,0.2,0,0,0.0909,0.0625,0.65,0,0.6111,0,0,0.0455,0,0,0,0.0556,0,0,0,0.05,0.0455,0
"locus6309",0.25,0.2,0.1667,0.4286,0.375,0.3,0.1,0,0.1111,0.125,0.4375,0,0.5714,0.0833,0.2778,0.0833,0.2778,0.25,0.3333,0.1111,0,0.4286,0.3333,0.0625,0.25,0.5
"locus6310",1,1,1,0.8889,1,1,1,0.8333,0.9545,0.9375,1,1,1,1,1,1,1,1,0.9375,1,1,0.9545,1,1,1,0.875
"locus6311",1,1,0.9444,1,1,0.9167,1,1,1,1,0.75,1,0.875,1,1,1,1,1,0.8125,1,1,1,1,1,1,1
"locus6312",0.1667,0.1875,0.2857,0.05,0,0,1,0.0556,0.4,0.4286,0.0909,0,0,0.375,0.3182,1,0.0625,0,0.3571,0.4167,0,0,0.2857,0.05,0.15,0.0417
"locus6313",0.9583,0.7143,1,0.9091,0.875,0.8125,1,0.8571,0.9545,0.8333,0.8125,1,1,0.9375,0.9167,0.75,0.9444,1,0.9375,0.875,0.6429,0.7143,0.9,1,0.9091,0.8
"locus6314",0.3,0.25,0,0.125,0,0.125,0,0.25,0.0625,0,0.1,0.375,0.3571,0.0625,0.4167,0.0909,0.0714,0.3333,0,0.0833,0.1667,0.25,0.3333,0.2,0.1,0.0714
"locus6315",0.9583,0.9375,0.95,1,1,1,1,1,0.8636,1,0.95,1,0.95,0.9375,0.9583,1,0.8125,1,0.875,0.9444,1,1,1,0.95,1,1
"locus6316",0.5,0.9,0.5556,0.8333,0.5,0.6667,1,0.4286,0.7778,0.75,0.8333,0.7143,0.8333,0.5714,0.5,1,0.5,1,0.4375,0.75,1,0.1111,0.5833,0.7143,0.25,0.7143
"locus6317",0.125,0,0,0,0,0,0.2,0,0,0.0714,0.0455,0.1875,0,0,0,0.0455,0.2222,0,0,0.0556,0.0714,0.0455,0.1,0,0.2273,0
"locus6318",0.875,0.7857,0.8889,0.8333,0.75,0.625,1,0.9375,0.85,0.8125,1,0.9167,0.9,0.9375,0.9167,0.9091,0.8333,1,0.7857,0.9286,1,0.5,0.8333,0.75,0.8333,0.8636
"locus6319",0.9545,1,0.95,0.9091,1,1,0,0.9444,0.9444,0.5,0.9545,0.875,1,0.9167,0.8182,0,0.375,1,0.875,0.9286,1,0.9545,0.6111,1,0.9286,0.9167
"locus6320",0.875,0.8125,0.95,0.9,0.8889,0.7917,0.3,0.8889,0.75,0.8125,0.9545,0.875,0.95,0.875,1,0.5556,0.3889,1,0.875,0.7778,0.7857,0.875,0.9444,0.8333,0.95,0.8636
"locus6321",0.875,0.8125,0.9,1,1,1,1,1,1,1,0.9545,0.9375,1,0.875,1,1,0.9444,1,1,1,0.8333,1,1,0.85,0.9091,0.9545
"locus6322",0.8636,0.9375,0.7,0.75,1,0.9583,1,0.8125,0.6875,1,0.95,1,1,0.9167,0.7778,1,0.875,0.8333,0.75,0.8,1,0.85,0.875,0.6667,0.625,0.75
"locus6323",1,0.6667,0.9,1,0.5,0.625,1,0.9444,1,1,0.3571,0.9375,0.1875,1,0.9583,1,1,1,0.9375,1,0.9286,1,1,0.95,0.9091,0.9545
"locus6324",0.9167,0.8571,0.8571,1,0.9444,0.5714,0.7,0.9286,0.8636,1,1,0.7857,1,0.8333,0.8333,0.5,0.8333,1,0.9167,1,0.75,1,0.9,0.8333,0.9091,0.95
"locus6325",0.2143,0.5,0.3889,0.55,0.4167,0.5625,0,0.4375,0.2778,0.3333,0.6,0.6,0.5,0.25,0.5,0,0.1875,0.3333,0.4375,0.1429,0.4,0.5556,0.4,0.5,0.25,0.2778
"locus6326",1,0.75,0.95,1,1,0.6818,1,0.9375,1,1,0.9444,0.9375,0.7778,0.9375,0.75,1,0.9444,1,0.875,1,0.8571,1,1,0.95,0.9091,0.9583
"locus6327",0.9583,0.875,1,0.9091,1,0.9545,1,1,0.9545,1,0.9091,1,1,1,0.875,1,1,1,0.875,1,1,0.9545,1,1,1,1
"locus6328",0.6,0.5714,0.3571,0.25,0.5,0.45,0.9,0.5,0.6,0.6,0.45,0.5,0.5,0.5,0.5,0.9286,0.3333,0.5,0.4167,0.7778,0.5,0.1429,0.4375,0.5556,0.5,0.375
"locus6329",1,1,1,1,0.8333,0.8636,1,0.8333,1,1,0.9545,1,1,1,1,1,1,1,1,1,1,1,0.95,1,0.9545,0.875
"locus6330",0.9091,1,1,0.9545,0.9167,0.9583,1,0.8125,1,1,1,0.75,1,0.7857,0.6667,1,0.9444,1,0.7143,1,0.75,0.8333,0.9444,0.8125,0.9167,0.8333
"locus6331",0.0833,0.0833,0.2,0,0.375,0.1,0,0,0,0.0625,0.2273,0.0625,0.1875,0.125,0.0417,0,0,0,0,0,0.25,0,0,0,0.0455,0.2143
"locus6332",0.9167,0.9375,1,1,0.9444,1,1,0.9444,1,1,1,1,1,1,0.9583,1,1,0.8333,1,1,1,1,0.95,0.85,1,1
"locus6333",1,1,0.9,1,1,1,1,1,1,1,1,0.9286,1,1,0.9167,1,1,1,0.9375,1,1,0.7727,1,1,0.9545,1
"locus6334",0.0417,0.375,0.1,0.1,0.125,0.2,0,0,0.1364,0.0625,0.35,0,0.3889,0.0625,0.125,0,0.0556,0.1667,0.1429,0,0.2857,0,0,0.1111,0,0.0417
"locus6335",1,1,1,1,1,1,1,1,1,1,0.9545,1,1,1,0.9583,0.9091,1,1,1,1,1,0.875,0.85,1,1,0.9583
"locus6336",0.4,0.5,0.45,0.5,0.4375,0.4,0,0.4444,0.15,0.6875,0.2857,0.5,0.2,0.5714,0.2917,0.1111,0.5,0.5,0.2857,0.3333,0.5,0.0833,0.5833,0.35,0.55,0.5
"locus6337",1,0.6,0.9,1,1,0.5714,1,0.9444,0.8636,0.875,0.6429,1,0.9,0.9375,0.9583,0.9545,1,1,1,0.9444,0.9286,0.9545,1,0.8889,0.9545,1
"locus6338",1,0.9375,1,1,0.9375,1,1,0.8333,1,1,1,1,0.95,0.9375,0.9583,0.9545,1,1,1,1,1,0.9545,1,1,0.9545,0.7083
"locus6339",0.875,0.9375,1,0.9545,1,1,1,0.9444,1,1,1,1,1,0.9286,1,1,0.8333,1,1,1,1,1,0.95,1,0.8182,0.9167
"locus6340",1,1,1,1,1,0.9167,0.5,0.8125,0.9545,0.8571,1,1,1,1,0.9167,0.7143,0.8571,0.8333,0.9375,0.9444,1,1,0.95,0.9,0.7778,0.625
"locus6341",1,0.9375,1,1,1,0.9583,1,0.9444,0.9545,1,1,0.9375,0.95,1,0.8333,1,1,1,1,1,1,1,1,1,0.9545,0.7917
"locus6342",0.9545,0.9286,0.85,0.7727,1,1,1,1,0.9545,1,1,1,0.95,1,0.9583,1,1,0.8333,1,0.75,0.9286,1,1,0.95,1,0.9583
"locus6343",0.9167,1,1,1,1,1,0.9,0.7222,1,0.9375,0.9091,1,1,1,1,0.9545,1,1,1,1,1,0.9545,1,1,1,0.9583
"locus6344",1,0.9375,0.95,1,0.8571,1,1,0.875,1,1,1,0.9375,1,1,0.875,1,1,1,0.9375,1,0.875,1,1,0.85,1,0.7222
"locus6345",0.0833,0.125,0,0.0455,0,0.0455,0,0.4375,0,0,0.0455,0.2,0,0,0.125,0,0,0.1667,0.0625,0,0.2,0.0455,0.1,0.3,0.0909,0.4
"locus6346",0.5,0.3,0.4167,0.3,0.3571,0.15,1,0.1667,0.3,0.5,0.4,0.3571,0,0.1429,0.25,1,0.5,0.1667,0.5,0.5,0.375,0.3333,0.4375,0.4286,0.5833,0.4545
"locus6347",1,0.9375,1,0.9545,1,0.9167,0.5,0.9444,0.8889,0.75,1,0.9375,0.85,1,0.875,0.4545,0.5625,1,0.9375,0.8571,0.7857,0.9545,0.8889,0.6667,0.85,0.9583
"locus6348",0.0417,0,0.05,0,0,0.0909,0,0.1111,0.05,0,0,0.0625,0,0.0625,0.0417,0,0,0,0.1875,0,0.1429,0.0455,0.1,0.1,0,0.0833
"locus6349",1,1,1,1,1,0.9583,1,1,0.9545,1,0.9091,0.875,0.95,0.875,1,1,0.8571,0.8333,1,1,1,1,1,0.95,1,1
"locus6350",0.9091,0.8571,0.95,1,1,1,1,0.9444,0.8182,1,0.9545,1,0.95,0.875,0.9167,1,1,1,0.9375,0.9444,1,0.9545,1,0.95,0.9545,1
"locus6351",0.9167,1,1,1,1,1,0.875,1,0.9091,1,1,0.9375,1,1,1,0.75,0.9444,1,1,0.9444,1,0.875,0.95,1,1,1
"locus6352",0,0.25,0.05,0.0909,0.0625,0.25,0,0.2778,0,0,0,0.125,0,0.1875,0.1667,0,0.0556,0,0,0.1111,0.3,0.2778,0.05,0.2,0.0909,0.0417
"locus6353",1,0.9375,1,1,1,1,1,1,1,1,0.625,1,0.875,1,1,1,1,1,1,1,1,1,0.95,0.95,1,0.9583
"locus6354",1,0.875,1,1,0.7857,0.9091,1,0.375,0.7778,1,0.8636,1,0.9,0.7143,0.7,0.9545,1,0.75,0.6667,0.9375,1,0.9091,1,0.7,0.9091,0.75
"locus6355",0.9583,0.9,0.85,0.9545,0.75,0.6818,1,0.9167,0.9091,1,0.6,0.875,0.4375,1,0.875,1,1,0.8333,1,1,0.9167,1,1,1,0.9545,0.7
"locus6356",0.9167,1,1,0.9545,1,0.9167,1,0.9444,0.9091,1,1,1,1,1,0.9167,0.875,1,1,1,0.8889,1,1,1,1,1,0.9583
"locus6357",0.9167,0.75,0.8889,0.95,0.9444,0.9583,1,0.8889,0.9,1,0.9545,1,1,0.9286,0.9545,1,0.9444,1,0.75,0.9375,0.8571,0.9545,0.9,0.875,0.9545,0.9583
"locus6358",1,1,1,1,0.7222,1,1,0.8333,1,0.8125,0.6364,1,0.85,1,1,0.8636,1,1,1,0.9444,1,1,1,1,0.9545,0.9583
"locus6359",1,1,1,1,0.9375,0.7083,1,0.9444,1,1,1,1,1,1,1,1,1,1,1,0.9444,1,1,1,1,0.9545,0.875
"locus6360",0.9583,0.9375,0.95,0.8889,1,1,1,1,0.9545,0.875,1,1,1,1,0.9167,1,0.8125,0.8333,1,0.9444,1,0.9545,0.8333,0.85,0.6364,1
"locus6361",0.35,0,0.4167,0.1667,0,0.0833,1,0,0,0.3333,0.0455,0.125,0,0.1429,0.1364,0.625,0.375,0.5,0.2143,0.25,0.0833,0.6667,0.1,0.1875,0.1667,0.0417
"locus6362",0.3636,0.875,0.5833,0.3571,0.875,0.7857,0,0.5,0.4286,0.25,0.5,0.5714,0.5,0.7857,0.6364,0,0.2,0.6667,0.625,0.5,0.5,0.0455,0.3889,0.5556,0.5,1
"locus6363",0.9583,1,1,1,1,1,1,0.9444,0.9545,0.8125,0.9545,1,1,0.875,1,0.8333,1,1,0.9375,0.8125,1,1,0.95,0.95,1,1
"locus6364",1,1,0.95,0.8182,1,1,0.6,1,1,1,0.9545,0.875,1,1,1,1,0.9444,1,0.9375,1,0.9286,1,1,0.9,1,1
"locus6365",0.85,0.875,0.8333,0.9444,1,1,1,0.9444,0.7778,0.875,0.9545,1,1,0.9,0.8636,1,0.7,0.8333,0.9167,0.8889,0.9286,0.9545,0.9444,1,0.6667,0.9167
"locus6366",0.2273,0.9375,0.2143,0.0833,0.6875,0.8636,0.5,0.5833,0.2857,0.5833,1,0.375,1,0.25,0.2727,0.5,0,0,0.375,0.3,0.5,0.0909,0.2222,0.35,0.375,0.6
"locus6367",0.9583,0.9375,1,1,1,0.9583,1,0.9444,1,1,1,1,0.95,1,0.9167,1,1,1,1,1,0.9286,1,1,0.95,1,0.9167
"locus6368",0.7778,1,0.8125,0.9444,1,0.9583,0.5,0.9167,0.6818,0.6667,0.9545,0.7,0.95,0.5714,0.75,0.7,0.6429,1,0.6667,0.5,0.9,0.8571,0.75,0.6875,0.7143,0.875
"locus6369",0.9,0.875,1,0.9091,0.8889,1,1,0.9444,1,1,1,0.875,1,1,1,1,0.9375,1,0.9286,0.8889,0.9286,0.9091,0.8571,0.95,0.85,0.9091
"locus6370",0.375,0.25,0.5,0.3,0.4167,0.2857,0.8,0.3333,0.5,0.5,0.3571,0.8333,0.5,0.4375,0.45,0.875,0.375,0.5,0.5,0.5833,0.25,0.2143,0.0556,0.4375,0.0625,0
"locus6371",0.9583,0.875,0.9,1,1,1,1,0.9444,1,1,1,1,1,0.9286,0.9167,1,0.8889,1,0.9375,1,0.6429,1,0.9,1,1,0.9167
"locus6372",0,0.0625,0.05,0.0455,0.75,0.3333,0,0.3889,0,0,0.2,0.25,0.0556,0.0625,0.0417,0.0455,0,0,0.125,0,0.25,0.0455,0.05,0,0.15,0.5625
"locus6373",0.8333,0.9375,1,0.9545,1,0.875,1,0.8333,1,1,1,1,1,1,1,1,0.9444,1,1,1,1,1,1,1,1,1
"locus6374",0.9167,1,1,0.8182,1,1,1,1,1,1,0.9091,1,1,1,0.9583,1,0.7778,1,1,1,0.7857,1,0.95,1,0.9091,0.9583
"locus6375",1,1,1,1,1,0.9583,1,0.6667,0.9091,1,1,1,1,1,1,1,1,1,0.9375,1,0.9167,1,1,1,0.8636,0.75
"locus6376",1,0.9375,0.9,0.8636,0.9444,1,1,0.9444,0.9091,0.9286,1,0.9375,1,1,0.9167,1,1,1,1,1,0.9286,1,0.9,1,0.9545,1
"locus6377",0.15,0.25,0.05,0.2143,0.0556,0.0909,0,0.1875,0,0,0,0.1875,0.05,0,0.1667,0,0,0,0.125,0.125,0.3,0.1,0.1429,0.25,0,0.05
"locus6378",1,1,0.85,0.8636,1,0.9583,1,0.9444,0.9545,1,0.9545,1,0.9,0.9375,0.9167,1,1,1,0.9167,1,0.7857,1,1,0.9,0.9091,0.9167
"locus6379",1,0.9375,1,1,0.6875,0.9167,1,0.7222,1,1,0.6364,1,1,0.9375,1,1,1,1,1,1,1,1,1,1,0.8182,0.9167
"locus6380",0.2727,0.3571,0.4375,0.25,0,0.3333,1,0.125,0.5833,0.6667,0.3571,0.25,0.3571,0.6667,0.4091,0.95,0.375,0.1667,0.5,0.4167,0.25,0.625,0.25,0.1875,0.25,0.125
"locus6381",0,0.1875,0.05,0.0455,0.2,0.2083,0,0.3125,0,0,0,0,0.1,0,0.0417,0,0,0.1667,0,0,0,0.0455,0,0.1,0.0455,0.1818
"locus6382",0.95,1,1,1,1,1,0.9,0.9444,1,0.8125,1,0.75,1,1,1,1,0.9444,1,0.8125,1,1,0.5,0.9286,0.8,0.8182,1
"locus6383",0.9545,1,1,1,0.9444,1,1,0.7778,1,1,0.8636,1,0.95,1,1,1,1,1,0.875,1,1,0.9545,1,1,1,0.9583
"locus6384",0.8333,0.4286,0.6111,0.85,0.4375,0.4545,1,0.8125,0.8182,0.6667,0.3333,0.8571,0.0714,0.5,0.5833,0.9545,1,0.8333,0.75,0.9444,0.7,1,0.8125,0.75,1,0.9545
"locus6385",0.375,0.4167,1,0.1875,0.6429,0.2143,0,0.9375,0.5,0,0.0625,0.6667,0.1667,0.6429,0.8125,0,0.4286,0.75,0.7857,0.5,1,0.6111,0.4286,0.375,0.5625,0.7857
"locus6386",0.25,0.0714,0.0625,0.2727,0.1111,0.125,0,0.0556,0.05,0.125,0.0909,0.0625,0,0.0714,0.1667,0.1364,0.3333,0,0.1875,0.0556,0.2857,0.2273,0.05,0.25,0.1818,0.2083
"locus6387",1,1,1,0.9545,1,0.8636,1,1,0.9,0.8125,0.9545,0.9375,0.9,0.8571,0.9167,1,1,1,0.8333,0.8333,0.5833,1,0.95,1,0.9545,0.9583
"locus6388",0,0.1875,0,0,0,0.25,0,0,0,0,0.0625,0,0.1667,0,0,0,0,0,0,0,0,0,0,0,0,0
"locus6389",0.9167,0.8125,0.8,0.9091,1,1,1,0.75,0.8182,0.7143,0.9545,0.7143,1,0.875,0.5455,0.8182,1,1,0.6429,0.7222,0.5,0.9545,0.95,0.75,0.9545,0.8333
"locus6390",0.4545,0.9167,0.7,1,0.875,0.85,1,1,0.5,0.9167,0.75,0.9167,1,0.625,0.7727,0.9,0.5,0.25,0.625,0.6429,0.8571,0.8333,0.5833,0.8571,0.875,0.7727
"locus6391",1,1,1,1,0.9444,0.8333,1,1,1,0.875,1,1,0.75,1,0.9583,1,1,1,1,1,1,1,1,1,0.9091,0.9583
"locus6392",0.8333,1,0.8333,1,1,0.9583,1,1,0.6667,1,0.9091,0.7857,0.9,0.875,0.9,1,1,0.8333,0.75,0.8333,0.8571,0.9545,1,0.9,0.9091,1
"locus6393",0,0.3125,0,0.0455,0,0,0,0,0.0455,0,0.2727,0,0.2143,0,0.0417,0,0,0,0,0,0,0,0,0.05,0,0.0833
"locus6394",1,0.9375,0.95,1,1,1,1,1,0.95,0.9375,1,1,1,0.6875,1,0.85,1,1,0.875,1,1,1,1,1,0.9545,1
"locus6395",0,0,0.05,0,0,0,0.125,0,0,0,0.0455,0.0625,0,0,0,0.3636,0,0,0,0,0.0714,0,0,0,0,0
"locus6396",0.9167,0.9375,1,1,1,0.9583,1,0.9444,1,1,1,0.875,1,1,1,1,1,1,1,0.8889,1,0.7727,1,1,0.8636,1
"locus6397",1,1,0.95,1,1,1,1,1,0.8636,1,1,0.9375,1,1,0.9583,1,0.9444,0.6667,0.9375,1,1,1,1,0.8,1,1
"locus6398",1,0.9375,1,0.9091,0.9444,0.9167,1,0.9444,1,1,1,0.9375,1,1,1,0.9545,1,1,1,1,0.9286,1,0.95,1,1,0.9583
"locus6399",0.9583,1,0.85,1,0.9444,1,1,1,0.9545,0.875,1,0.9286,0.95,0.9375,0.875,1,0.9444,0.8333,0.9375,0.9444,0.7143,0.8125,0.85,0.9444,1,0.9583
"locus6400",0.8125,1,1,0.9545,1,1,0,1,0.9444,0.5714,0.9545,1,1,1,0.875,0.0455,0.625,0.75,1,0.9,1,0.9091,0.9286,1,0.6818,1
"locus6401",0.8636,0.9375,0.95,1,1,1,1,1,1,1,0.9545,1,1,0.9375,1,1,0.8333,1,1,1,1,1,1,1,1,1
"locus6402",0.0833,0,0.05,0.0909,0,0.0417,0.1667,0,0.0455,0.1875,0,0,0.05,0.0625,0.0417,0.1667,0.0556,0,0,0,0,0.0909,0.05,0,0,0
"locus6403",0.2,0.5,0.3333,0.5714,0.4375,0.3182,0,0.5,0.45,0,0.3,0.8333,0.2222,0.4,0.6818,0.0909,0,0.5,0.5,0.2,0.7,0.5,0.125,0.1667,0.1667,0.4545
"locus6404",0,0,0,0,0,0,0,0.0556,0.0909,0.0625,0.1818,0,0.25,0.1429,0.0833,0,0.0625,0,0,0,0.0714,0,0,0.2,0,0.0455
"locus6405",0,0.1429,0.125,0.3125,0,0.0833,1,0.2143,0.3,0.5,0.1,0,0,0.4286,0.2273,0.8333,0.0833,0.25,0.1,0.5,0,0,0.125,0.125,0.3571,0.0417
"locus6406",1,1,1,0.6364,0.9444,1,1,1,1,1,1,1,1,1,1,1,1,1,1,1,0.7857,0.9545,0.9,1,0.9545,1
"locus6407",1,1,1,1,0.9167,1,1,0.7,1,1,1,1,1,1,1,1,1,1,1,1,0.7857,1,0.95,1,1,0.6818
"locus6408",1,1,1,1,1,1,0.9,1,0.9091,1,1,1,1,0.9375,0.9167,1,1,0.8333,1,1,1,0.8182,1,0.95,0.9545,1
"locus6409",0,0.0625,0,0,0.0556,0,0,0.2222,0,0,0.0455,0.0625,0,0.0625,0.125,0,0.125,0,0.125,0,0.0714,0,0,0.1,0.0909,0.0833
"locus6410",1,1,0.9,0.7273,1,0.9583,1,1,0.9545,1,1,1,1,1,0.9167,1,1,1,1,1,1,1,1,1,1,1
"locus6411",1,1,1,1,1,0.9091,1,1,1,0.875,1,1,1,1,1,0.8636,0.9444,1,1,0.9444,1,1,1,0.95,1,1
"locus6412",0.0417,0.1875,0,0,0.0556,0,0,0,0,0.0625,0.0455,0,0,0.0625,0.0417,0,0,0,0,0,0,0,0,0.1,0.0455,0
"locus6413",0.8182,1,1,0.875,1,1,1,1,0.8636,1,1,0.9375,1,0.9375,0.875,1,0.7222,0.6667,0.9375,0.9286,1,1,0.8333,0.85,1,0.9583
"locus6414",1,1,1,1,1,0.9583,1,1,0.9545,1,1,1,1,0.9375,1,1,1,1,0.9375,0.8571,0.8571,0.9091,0.75,0.8333,1,1
"locus6415",1,1,1,1,1,1,1,1,1,1,1,1,1,1,1,1,1,1,1,1,1,0.7222,0.95,1,0.9545,0.875
"locus6416",0.3889,0.3333,0.2857,0.625,0.1667,0.1818,0.6667,0.2222,0.4375,0.3,0.1875,0.4286,0.0833,0.3571,0.45,0.5556,0.5833,0.6667,0.5714,0.6429,0.4167,0.875,0.2143,0.4286,0.5,0.25
"locus6417",0.1818,0.0625,0.05,0,0,0.0417,0.4,0,0.25,0.1875,0.5,0,0.0556,0,0,0.2727,0.8333,0,0.0625,0.2222,0,0,0.2143,0,0.0909,0
"locus6418",0.9167,1,0.95,0.8182,1,1,0.875,1,1,1,1,1,1,1,1,0.7778,0.6875,1,1,1,1,0.9167,1,0.95,1,1
"locus6419",1,1,1,1,1,0.875,1,1,1,1,0.8636,1,0.95,1,0.9583,1,1,1,1,1,1,0.6667,1,1,1,1
"locus6420",0.0417,0,0,0,0,0,0,0,0,0,0,0,0,0,0,0,0.2222,0,0.0625,0.2222,0,0.3333,0,0.1,0,0.0417
"locus6421",0.0833,0.2857,0,0,0.75,0.875,0,0.0625,0,0,0.5556,0.125,0.4,0,0,0,0,0,0,0,0,0,0.05,0.15,0,0.8125
"locus6422",0.125,0.125,0,0,0.0556,0.0833,0,0.0556,0,0,0.0455,0.0625,0,0.0625,0.0417,0,0.0556,0,0,0,0.0714,0,0.05,0,0.0909,0.0833
"locus6423",1,1,1,1,0.8889,0.875,1,1,1,1,1,0.9375,1,0.875,1,1,0.9444,1,0.9375,1,1,1,1,1,0.9091,0.9583
"locus6424",0.8333,0.6429,0.6,0.85,0.4444,0.625,1,0.7,0.6875,0.7857,1,0.5,1,0.6429,0.8636,1,0.9286,0.5,0.5714,0.6667,0.375,0.3571,0.8,0.5,0.9286,0.4375
"locus6425",1,1,1,0.9545,0.75,0.8125,1,0.7857,1,1,1,1,0.7857,1,1,1,1,1,1,1,1,1,1,1,0.8636,0.875
"locus6426",1,0.75,0.6667,1,1,0.8333,1,1,0.9091,1,0.9545,1,1,0.8571,0.7083,1,1,1,0.9286,1,0.9286,1,1,0.8889,1,0.9167
"locus6427",0.2083,0.4167,0.25,0.1667,0.5,0.375,0,0.4286,0.25,0,0.55,0.375,0.3125,0,0.375,0.0909,0,0.8333,0.5,0.3333,0.3,0.5,0.2857,0.5,0.5,0.6667
"locus6428",0.95,1,0.95,0.3889,0.9444,0.9583,0.9,1,0.9545,1,0.9091,0.875,0.9,0.9375,0.9167,1,0.8125,0.6667,0.9375,0.8889,0.9286,0.8636,0.8125,1,0.85,1
"locus6429",0.9583,0.8125,0.75,0.8636,1,1,1,1,0.9,1,1,0.9375,1,0.9375,0.9091,1,1,1,0.75,1,0.9286,1,0.9,1,0.9545,1
"locus6430",0.3333,0.3125,0.0556,0.6667,0.8571,0.8,0.1667,0.7,0.0909,0,0.95,0.6429,0.8889,0.125,0.1818,0.0909,0.2222,0.3333,0.125,0.1111,0.5,0.5909,0.2222,0.4,0.3,1
"locus6431",0.8636,1,1,0.9545,1,1,1,0.8889,1,1,1,0.8125,1,1,1,0.9545,0.9444,1,0.9375,1,0.9286,0.9545,0.95,1,0.5,0.75
"locus6432",1,0.9375,1,1,1,0.875,1,0.9444,1,1,1,1,1,0.875,1,1,1,1,1,1,0.7143,1,0.95,1,0.9545,0.8333
"locus6433",0.5625,0.375,0.4286,0.5,0.0625,0.2,0.75,0.3,0.5,0.6667,0.0909,0.5,0.05,0.4286,0.3125,0.9167,0.6,0,0.2,0.5714,0,0.45,0.5,0.3571,0.4,0.2857
"locus6434",0.9286,1,1,1,1,0.9583,1,1,1,0.875,1,1,0.95,1,0.8333,0.9545,0.7857,0.6667,0.9375,0.8889,1,0.5625,1,1,1,0.9583
"locus6435",0.9583,1,0.95,1,0.8333,0.9583,1,1,0.9091,1,0.9545,0.9375,1,0.875,0.9583,0.9545,1,1,0.8571,1,1,1,0.8,0.95,0.9545,1
"locus6436",0,0,0,0,0.6875,0,0,0.375,0,0.125,0,0,0,0,0,0,0,0,0,0,0.3333,0.0455,0.1,0,0.9,0.5417
"locus6437",0.9583,1,0.9,0.8636,1,1,1,0.875,1,1,1,0.8125,1,1,1,0.9091,1,1,1,1,1,1,0.9,0.9,1,0.9583
"locus6438",0.9583,1,0.95,1,1,0.875,0.9,0.9444,0.9545,0.9375,1,0.9375,0.85,1,0.9167,0.95,1,1,1,0.8889,0.8571,1,0.9444,1,1,0.9167
"locus6439",0.125,0,0,0.2857,0,0,0,0,0,0,0,0.0625,0,0.0625,0.0417,0,0,0,0,0,0,0.0909,0.3333,0.05,0,0
"locus6440",0.9583,1,0.7778,1,1,1,1,0.9375,0.9545,1,1,0.9375,1,1,0.9167,1,1,1,0.9375,0.8889,1,1,1,0.9,1,1
"locus6441",1,1,1,1,0.6667,1,1,1,1,1,0.8125,1,0.85,1,1,1,1,1,1,1,1,1,0.7222,1,0.9545,0.9583
"locus6442",0.875,1,0.95,1,0.8889,1,1,0.9444,0.8636,1,1,0.9375,1,0.875,0.9583,0.8636,0.9375,0.8333,0.8125,1,1,0.8,0.9444,0.85,0.9091,0.9583
"locus6443",1,0.5714,1,0.9545,1,0.75,1,0.8333,0.9545,0.8125,0.5556,1,0.5833,1,0.9583,1,1,1,1,0.9444,1,1,0.95,0.95,1,0.875
"locus6444",0.9583,1,1,1,1,1,1,0.7778,1,0.9375,1,1,1,1,1,1,1,1,1,1,0.9286,0.9545,0.95,0.9,1,0.9167
"locus6445",0.5,0.3,0.5556,0.5,0.9,0.625,0.5,0.7143,0.4444,0.3333,0.0556,0.8,0.25,0.5,0.6,0.5,0.9375,0.6667,0.5,0.375,0.5,0.625,0.6429,0.5,0.75,0.7727
"locus6446",0.9583,0.9375,1,0.9545,1,0.9583,1,1,0.95,1,0.7222,0.9375,1,1,0.9545,1,1,0.8333,0.9375,1,1,0.9444,1,0.95,0.9545,1
"locus6447",0.9583,0.6,0.9167,1,1,0.625,1,0.8889,0.9091,0.875,0.2143,0.875,0.5,0.9167,0.7222,1,0.9444,1,0.9286,1,0.9167,0.9545,0.95,0.7222,0.95,1
"locus6448",0.1667,0.1875,0.15,0,0.1667,0.0417,0,0.0556,0,0.1875,0.0455,0.0625,0,0,0.0417,0,0,0,0.0625,0,0.0714,0,0,0,0,0
"locus6449",0.2083,0.25,0.1,0.0556,0,0.2273,0.125,0.4,0.2143,0.1667,0.1111,0.125,0.1,0.5,0.2273,0.2222,0.125,0.3333,0.4167,0.1,0.4167,0.1,0.25,0.3571,0.3125,0.5556
"locus6450",1,0.875,0.75,1,1,1,1,0.6875,0.9,1,1,1,1,0.875,1,1,1,1,0.8125,0.8333,1,1,1,0.8333,0.7727,0.8889
"locus6451",0.9167,0.875,1,0.9091,0.7,0.8125,1,0.7778,0.9,1,0.5625,0.9286,0.75,0.6667,0.7,1,0.875,1,0.9,0.9444,0.9,0.9545,0.85,0.8125,0.9,0.7778
"locus6452",1,0.9375,1,0.8,0.9444,0.8,1,1,0.9545,0.9375,0.9375,1,1,1,1,0.95,1,1,1,1,1,1,0.9,1,0.9545,0.9583
"locus6453",0.75,0.6667,0.3333,0.6667,0.5833,0.6,1,0.5625,0.4,1,0.55,0.5,0.5833,0.25,0.4444,0.9545,0.8571,0.25,0.3333,0.6,0.25,1,0.8889,0.2778,0.8125,0.5
"locus6454",0.8333,0.5625,0.625,0.5625,0.6667,0.6364,1,0.7222,0.45,0.9167,0.5,0.9,0.7,0.6429,0.5909,0.6667,0.6875,0.75,0.5,0.6429,0.875,0.5,0.8333,0.5,0.65,0.7
"locus6455",0.5417,0.4375,0.3889,0.5,0.1667,0.4583,1,0.0556,0.5,0.6875,0.1111,0.4286,0.15,0.4,0.4091,0.9545,0.3889,0.5,0.5,0.3889,0.3571,0.3182,0.6111,0.4,0.6111,0.1667
"locus6456",0.9167,1,0.9,1,1,1,1,1,0.9545,1,1,0.9375,0.9,1,0.9583,0.9545,0.9375,1,1,0.9375,1,1,1,0.95,0.9091,1
"locus6457",1,0.8571,1,0.9545,1,0.9286,1,1,1,0.8125,0.7,1,0.75,0.9375,0.9167,0.7857,0.9444,1,1,1,1,0.9545,1,0.95,0.65,0.9545
"locus6458",0.9167,1,1,1,1,1,0.3333,1,0.9545,1,1,0.9375,1,0.9375,0.9167,0.8125,1,1,0.9375,1,1,0.5,1,0.9,1,1
"locus6459",1,1,1,1,0.8333,1,1,0.8889,0.9545,1,0.9545,1,1,0.875,0.9167,1,0.9444,1,1,1,0.9,1,1,0.9,1,0.6429
"locus6460",1,1,1,1,1,1,0.6667,1,1,1,0.7,1,1,1,1,1,1,1,1,1,1,1,1,1,1,1
"locus6461",0.875,1,0.95,1,1,0.9167,1,0.8889,1,1,1,1,1,1,0.875,1,0.8889,1,0.9375,0.8889,1,1,0.95,1,0.9545,1
"locus6462",0.9583,0.875,0.95,0.9091,0.8125,0.7857,1,1,1,1,0.8889,0.9375,1,1,1,1,1,1,1,1,1,1,0.8,1,0.7727,0.9167
"locus6463",1,1,1,0.9545,1,0.9545,1,0.9444,0.9091,1,0.8333,0.9375,0.875,1,1,1,1,1,1,1,1,0.85,1,1,0.9091,0.9583
"locus6464",0.7917,0.9375,0.95,1,1,1,1,1,1,1,1,0.9375,0.9,0.9375,1,1,1,0.8333,1,1,1,1,0.75,0.9,0.9545,1
"locus6465",0.0417,0.4167,0.5,0,0,0.25,0.1,0.2857,0.4444,0.1429,0.4444,0.2,0.5,0.3571,0.4545,0.0909,0,0.1667,0.5,0.3,0.1667,0.0455,0.05,0.3889,0.15,0.05
"locus6466",0.9583,0.9375,0.9,0.9545,1,1,1,1,1,1,1,1,0.95,1,1,0.9545,0.8333,1,0.875,0.9444,1,0.5714,0.95,1,1,1
"locus6467",0.9583,1,0.7778,0.9545,1,0.875,1,0.8333,1,1,0.9,0.9375,1,0.875,0.7727,1,1,1,0.9375,0.875,0.7857,1,1,1,1,0.9167
"locus6468",0.8,0.9286,0.8889,0.8889,0.7857,1,0.8333,0.7857,0.7273,0.8125,0.7727,0.75,0.9,0.75,0.6818,0.95,0.625,0.6667,0.9167,0.6875,0.6,1,0.7222,0.875,1,0.7778
"locus6469",0.9167,1,1,0.8636,1,1,1,0.9444,1,1,1,0.8125,1,0.8571,0.875,1,0.8889,1,1,1,1,0.9545,0.9,0.9,1,0.9091
"locus6470",1,0.9375,1,0.9545,0.8333,0.875,1,1,1,0.9375,0.9286,1,0.75,1,1,1,1,1,0.875,1,1,1,1,0.95,1,0.9583
"locus6471",0.7727,1,0.95,1,1,0.9167,NA,1,1,1,1,1,0.95,1,0.9583,0.9286,0.8333,1,1,0.9444,1,0.8,0.9,1,0.6429,1
"locus6472",1,1,0.9444,1,1,0.9167,1,1,1,0.875,0.9545,1,1,1,0.9167,1,1,1,0.9375,1,1,1,1,1,1,0.9583
"locus6473",0.9167,0.8571,0.9444,0.85,0.875,0.8182,1,0.9444,0.9091,1,1,1,0.95,0.8125,0.9545,0.8636,0.9444,1,0.9375,0.9286,0.8571,0.8333,0.85,1,0.9091,0.9583
"locus6474",0.9583,0.875,0.9,1,1,1,1,1,0.9,0.9375,1,0.9375,1,0.9375,0.9583,1,1,1,0.9375,0.9444,1,0.8571,1,0.9,0.9091,0.9583
"locus6475",0,0,0.05,0,0,0,0,0.0556,0,0,0,0,0,0,0.25,0,0,0,0,0,0.0714,0,0,0,0,0.2083
"locus6476",1,0.5,0.7143,1,0.5,0.2857,1,0.5,0.75,1,0.2857,0.7143,0.1429,0.5714,0.7,0.7143,0.8889,0.8333,0.8571,0.75,0.5714,0.95,0.8,0.8333,0.7857,0.5
"locus6477",0.9167,0.9375,0.95,1,0.9444,1,1,1,0.9545,1,0.8636,1,1,1,1,1,0.9444,1,1,0.9444,1,0.9091,1,1,0.9545,1
"locus6478",0,0.0625,0,0.0455,0.1667,0.25,0,0.125,0,0.125,0.1667,0,0.1667,0,0.0833,0,0,0,0,0,0,0,0,0,0.1364,0.125
"locus6479",1,1,1,0.9091,1,1,0.75,0.8889,0.9545,1,0.9091,0.9375,0.9,1,0.9091,0.875,1,1,1,0.9444,1,1,1,1,0.9545,1
"locus6480",1,0.9375,1,1,0.8889,0.8182,1,1,0.9545,1,0.85,1,0.5,1,1,1,1,1,0.9375,0.9444,1,1,1,1,0.9091,1
"locus6481",0,0.0625,0.4167,0,0,0,0,0.2222,0.1875,0,0.0455,0.0833,0,0.2,0.25,0,0,0,0.125,0.1667,0.0833,0,0.05,0.4375,0.05,0
"locus6482",0.9583,0.9375,0.95,1,1,1,1,1,0.8636,0.9375,1,1,1,1,1,1,1,0.8333,0.9375,1,1,0.9545,1,1,1,1
"locus6483",0.8333,0.8,0.6429,0.6,0.5625,0.5,1,0.375,0.75,1,0.6429,0.5714,0.5,0.6667,0.7222,1,0.8333,0.5,0.5833,0.8,0.5,0.8333,0.8125,0.8333,0.9,0.4
"locus6484",1,1,1,1,1,1,0.75,1,0.9545,0.875,0.9545,0.875,1,0.9375,1,0.7,1,0.8333,1,0.9444,1,1,1,0.95,1,1
"locus6485",1,1,1,1,1,0.9583,1,0.7778,1,1,1,1,0.9,0.9375,0.9583,1,1,1,1,0.8889,0.9286,0.9545,0.95,1,1,0.9583
"locus6486",0.3333,0.0625,0.1,0.2727,0.0556,0.0417,0.1,0.25,0.0455,0.0625,0,0.1875,0,0.0625,0.0833,0.1,0.2222,0,0,0.2222,0,0.0556,0.3,0.05,0.25,0
"locus6487",1,1,0.95,0.8636,1,0.9583,0.8,1,0.9091,1,1,1,1,1,1,1,1,1,0.9375,1,1,1,1,1,1,1
"locus6488",0.9583,1,0.95,1,1,0.9583,1,1,0.9091,1,1,1,1,0.9375,0.875,0.9545,0.9444,1,0.8125,1,0.9286,1,1,0.9375,0.9545,1
"locus6489",0.9583,0.9375,0.95,0.8333,1,0.9167,1,0.7857,1,1,1,0.9286,1,1,0.9583,1,1,0.8333,0.9375,0.9444,0.9286,1,1,0.9,1,0.875
"locus6490",1,1,1,1,0.9444,1,1,1,1,1,1,0.9375,1,1,0.9583,1,1,1,1,1,1,1,0.95,0.9,0.7727,1
"locus6491",0.25,0.0625,0.0556,0.2727,0.0625,0.0417,0,0.5,0.0625,0,0.0455,0.0833,0.05,0.1875,0.1818,0.0455,0.25,0,0,0,0.3,0.5,0.5,0.1875,0.0556,0.3636
"locus6492",0.125,0.25,0.2143,0.1667,0.375,0.1818,0,0.125,0.1111,0.1,0.4,0.5833,0.7,0.25,0.375,0,0.1875,0.3333,0.375,0,0.25,0.1667,0.1875,0.4444,0.4286,0.25
"locus6493",0,0.1429,0.05,0.1,0.2778,0.1364,0.3,0.0556,0,0.125,0.3333,0,0.1429,0.0625,0,0,0,0,0,0,0.0714,0,0.05,0.05,0.0455,0.15
"locus6494",1,0.875,1,1,0.8333,0.875,1,0.7778,1,0.9375,1,0.9375,0.95,0.9286,0.9583,1,1,1,1,0.8889,0.8571,0.9545,1,1,0.9545,0.7917
"locus6495",1,1,1,1,0.8125,1,1,1,1,1,0.6667,1,0.8333,1,1,1,1,1,1,1,1,1,1,1,0.8636,1
"locus6496",1,0.875,0.9444,0.9091,0.7857,0.85,1,0.7857,1,0.9375,0.9545,0.8571,0.95,0.8571,0.7727,1,0.9444,0.6667,0.9375,1,0.6429,0.95,0.9,1,0.9091,0.5909
"locus6497",0.85,0.8571,0.6667,0.7273,0.8889,0.9583,NA,0.9444,0.75,0.6875,0.8182,0.9375,1,0.7857,0.7273,0.125,0.5625,0.6667,0.6875,0.6111,0.9286,1,0.9,0.75,0.75,0.9583
"locus6498",1,1,1,1,1,1,1,0.8571,1,1,0.9545,0.75,1,1,0.9545,1,1,1,1,1,0.7857,0.9545,1,1,0.9545,0.9375
"locus6499",0.8636,0.8333,0.9286,0.8571,0.7,0.875,1,0.6429,0.8889,0.8571,0.6875,1,0.9,0.8125,0.8333,0.9545,1,1,0.75,0.9167,0.8333,0.9091,0.8571,0.875,0.75,0.7143
"locus6500",1,0.6429,1,1,0.5833,0.75,1,0.9444,1,1,0.5,0.9375,0.5,0.9375,1,1,1,1,1,1,1,1,1,1,0.9545,0.9545
"locus6501",0.1429,0,0,0.1,0,0,NA,0,0,0.125,0,0,0,0,0,0,0.6429,0,0,0,0,0.5,0.1667,0.1,0.375,0
"locus6502",0.9583,0.875,1,1,0.8889,0.9583,1,0.9444,1,0.8333,0.9545,0.9375,1,1,1,1,0.8889,1,0.8125,1,1,0.25,1,0.95,1,0.875
"locus6503",0.3333,0.25,0.1,0.375,0.875,0.625,0,0.7143,0.4375,0.0833,0.5625,0.6429,1,0.25,0.5909,0,0.375,0.5,0.3125,0.1,0.6,0.3333,0.3,0.4286,0.7273,0.6875
"locus6504",0.9583,1,1,1,1,1,1,1,1,1,1,1,1,1,0.9583,1,1,1,1,1,1,0.4167,1,1,0.9545,1
"locus6505",0.9583,0.8333,1,1,0.9444,0.8333,1,0.9444,1,1,0.75,1,0.85,1,1,1,1,1,1,1,0.9286,1,1,1,1,1
"locus6506",0.9583,0.9375,0.85,0.7727,0.8889,0.8333,1,0.8333,0.9091,1,0.9091,0.8333,0.9,0.9375,0.7917,1,1,1,0.9375,0.9444,0.8571,1,1,0.95,0.8636,0.9583
"locus6507",1,0.9375,0.95,1,1,1,1,1,0.9545,0.9375,0.9545,0.9375,1,1,0.9583,1,1,1,0.9375,1,0.8571,1,1,1,1,0.9583
"locus6508",1,0.75,1,1,1,1,1,1,1,1,1,1,0.9,0.9375,0.9167,0.6667,1,1,1,1,1,0.9545,1,1,1,0.9583
"locus6509",0.9167,1,0.95,1,1,1,0.6,0.9444,0.9091,0.8571,1,0.875,1,0.875,0.875,0.8333,0.8333,0.8333,1,0.875,0.9286,1,1,0.9,0.9091,0.9583
"locus6510",1,1,0.95,0.9545,0.9375,1,1,0.8571,0.7727,0.9375,0.8182,0.9375,0.9,0.875,0.8333,1,1,1,0.75,1,1,1,0.95,1,0.7222,1
"locus6511",1,0.9375,0.95,1,1,1,1,1,0.8182,1,1,0.875,1,0.75,0.9167,1,0.9444,1,0.8125,0.7778,1,1,0.95,0.9,0.8,0.9583
"locus6512",0.0556,0,0.65,0.125,0,0,0,0,0.5,0.0625,0,0,0,0.7,0.55,0,0.2222,0.3333,0.4286,0.5,0,0.0909,0,0.5,0.0909,0.0417
"locus6513",0.1111,0,0.0625,0.0625,0.3125,0.0833,0.7,0.1111,0.15,0.1,0.0455,0.0714,0.05,0.2857,0.2222,0.4545,0.1667,0,0.2,0.125,0.3333,0.0455,0.1111,0.0625,0.15,0.2143
"locus6514",0.3889,0.9375,0.8333,0.6667,1,0.9167,0,0.8125,0.5,0.7857,0.9545,0.8333,0.95,0.8125,0.7083,0.0909,0.375,0.8333,0.8125,0.4444,0.8571,0.875,0.5,0.7222,0.3889,0.7917
"locus6515",0.0417,0,0.1,0,0,0,0,0,0.05,0,0,0,0,0.1429,0.1111,0,0,0,0.0833,0,0,0,0,0.3889,0,0.0455
"locus6516",0.6667,0.4,0.5,0.5,0.25,0.2778,1,0.5,0.6429,0.5,0.1667,0.25,0.2778,0.5,0.5714,1,1,0.5,0.4286,0.7,0.375,0.4286,0.375,0.45,0.4375,0.1
"locus6517",0.9583,1,1,1,1,1,0.8,0.9444,0.9545,0.9375,1,1,1,1,1,0.9091,0.9444,1,1,1,1,0.8333,1,1,1,1
"locus6518",0,0,0.15,0,0,0,0,0,0.1,0,0,0,0,0.125,0.125,0.0455,0,0,0,0.0556,0,0,0,0.1,0,0
"locus6519",1,1,0.9,1,1,1,1,1,0.9,1,1,1,1,1,0.875,1,1,1,0.875,1,1,1,1,0.85,1,1
"locus6520",0.625,0.8571,0.6875,0.8333,0.625,0.875,0.6667,0.5,0.7,0.7857,0.875,0.8333,1,0.75,0.6875,0.45,0.6667,0.5,0.7857,0.5625,0.5,0.8636,0.8333,0.8333,0.8333,0.7222
"locus6521",0.0833,0.4,0.7222,0.0455,0.5,0.7727,0,0.125,0.7222,0.125,0.375,0.2,0.5,0.4286,0.4545,0,0.4286,0.1667,0.8333,0.3333,0,0.0455,0.1429,0.4167,0.2222,0.2083
"locus6522",0.5,0.25,0.0714,0.3333,0.3,0.125,0.9,0.0625,0.0714,0.2857,0,0.25,0.1429,0,0.0625,0.75,0.3571,0.25,0.2,0.2,0,0,0.2857,0,0.25,0.25
"locus6523",1,1,1,1,1,1,0.7,1,1,0.75,1,1,1,0.875,1,0.7,1,1,1,1,1,1,1,1,1,1
"locus6524",0.0417,0.125,0.0556,0,0,0.0417,0,0.2778,0.3182,0,0,0,0,0,0.3182,0.0455,0,0.3333,0.1875,0.1111,0.4167,0.0455,0.1,0.0556,0,0
"locus6525",0.0833,0.4,0,0,0,0,0.25,0.125,0,0.2143,0.4,0,0.5,0.125,0,0,0.1667,0.1667,0.0625,0,0,0,0.1,0.2,0.5833,0.0417
"locus6526",1,0.9375,0.9,1,0.8125,1,1,0.625,0.9091,1,1,0.9375,1,1,0.875,1,1,0.8333,0.9375,1,0.8571,1,1,0.85,0.9545,1
"locus6527",0.8333,0.5714,1,0.8182,0.5,0.5909,1,0.875,0.9091,0.7857,0.25,1,0.6667,0.9,0.8889,0.9545,0.8889,0.8333,0.9167,0.8889,1,0.375,0.7778,0.75,0.8,0.8889
"locus6528",0.0714,0.8333,0.375,0.375,0.8,0.75,0,0.625,0.5,0.4,1,0.375,0.95,0.2143,0.5625,0,0.6,0.5,0.5,0.5,0.375,0.1667,0.1,0.5,0.5833,0.1875
"locus6529",0.9167,0.875,0.95,0.8636,0.75,0.55,1,0.5556,0.8636,0.875,0.8636,0.9286,0.6429,0.8571,0.9167,1,1,1,0.9375,0.8889,1,0.9545,0.95,0.7,0.6818,0.6364
"locus6530",0.2727,0.6429,0.55,0.4091,0.3571,0.5,0,0.5,0.85,0.2,0.4375,0.2143,0.4286,0.5833,0.7273,0,0.2143,0,0.75,0.5625,0.9286,0.35,0.35,0.5,0.5,0.6
"locus6531",0.15,0,0.1,0,0,0,0,0,0.3182,0,0.0455,0,0,0,0.0417,0.0455,0.3889,0,0.1875,0.0556,0,0.0455,0,0.2,0.0909,0
"locus6532",1,1,1,1,1,1,0.5,1,1,0.875,1,1,1,1,1,0.6667,0.9444,1,1,1,1,1,1,1,1,1
"locus6533",1,1,1,1,1,1,1,1,0.8182,0.7,1,1,1,1,1,1,1,0.8333,1,1,1,1,1,0.95,0.9545,1
"locus6534",0.9091,0.5714,0.7778,0.5,0.4167,0.5,1,0.5833,0.9091,0.7143,0.625,0.6667,0.7143,1,0.8636,0.9545,0.8889,1,0.7143,0.9286,0.4,0.6667,0.7,0.8,0.75,0.4091
"locus6535",0.8333,1,0.95,0.8333,1,1,0.9,1,0.8,0.75,1,0.875,1,0.9375,0.875,1,0.6875,0.75,0.75,0.8889,1,0.75,0.8889,0.95,0.95,1
"locus6536",0.7222,1,0.8333,0.5625,0.75,0.8,1,0.7857,0.8125,0.6667,0.9091,1,1,1,0.7273,0.9545,1,0.75,0.8571,0.8333,0.8,0.6111,0.9286,0.75,0.875,0.95
"locus6537",0.7083,0.8125,1,0.65,0.6667,0.8182,0.8,0.8889,1,1,0.9091,0.9375,0.9375,1,1,1,0.8333,1,0.9375,1,1,0.875,0.7778,1,0.8333,1
"locus6538",1,1,1,1,1,1,1,1,0.7273,0.9375,1,1,1,0.875,0.8333,1,1,1,1,1,1,1,1,0.9,1,1
"locus6539",0.8636,0.8125,0.8333,0.6667,0.4444,0.6364,NA,0.7857,0.8333,0.6667,0.4444,0.75,0.625,0.625,0.9167,1,1,0.8333,0.7857,1,1,1,0.6875,0.4286,0.9444,0.625
"locus6540",1,0.9375,0.9,0.9545,0.9444,0.9167,0.9,0.875,0.8182,0.875,0.9545,0.875,1,0.7857,0.7917,0.8182,0.9444,0.8333,0.7143,0.6667,0.75,0.9545,0.95,0.7778,0.9091,0.75
"locus6541",0.5,0.1667,0.3125,0.3636,0.4167,0.05,0.5,0.5,0.3,0.1667,0.0556,0.5,0.1667,0.3333,0.35,0.4,0.2222,0.3333,0.3333,0.4375,0.5,0.3,0.5,0.5,0.375,0.5
"locus6542",1,1,1,0.9545,0.9375,0.7222,1,1,0.9545,1,0.5,1,0.5,0.9375,0.9167,1,0.9444,1,0.75,1,1,0.9545,1,0.95,1,0.9583
"locus6543",0.9583,1,1,1,0.875,1,0.7,0.9444,1,0.875,1,1,1,0.9286,0.9167,0.8636,0.8889,1,0.9375,0.9444,0.9286,0.8333,0.8,1,1,1
"locus6544",0.9167,1,0.9,0.7222,1,1,1,1,1,1,0.9545,1,1,1,1,1,1,1,1,1,1,1,0.9,0.95,0.9545,1
"locus6545",0.9583,0.8125,0.8,1,1,0.8333,1,0.9444,0.8182,1,1,0.9375,0.9,0.5714,0.9167,1,0.8333,0.6667,0.8125,1,0.9286,0.75,0.9444,0.8,0.9545,0.9583
"locus6546",1,1,1,1,1,1,0.5,1,0.9545,0.75,1,1,1,1,1,0.6667,0.8333,1,0.875,1,1,0.9545,1,0.9,0.9545,1
"locus6547",0.1,0.0625,0,0,0,0.0833,0,0.0556,0.0556,0.125,0,0.0833,0,0.3,0.0455,0,0.0556,0,0.3571,0.3,0.4,0.1875,0.125,0.0625,0,0.0417
"locus6548",0.9583,0.9375,0.95,1,0.9444,1,1,1,0.8636,0.9375,0.65,1,0.7857,1,1,1,0.9444,1,0.9375,1,1,1,1,0.95,0.9545,0.9167
"locus6549",1,0.875,0.9,0.9545,0.9286,0.75,1,1,1,1,0.4444,1,0.5,1,1,0.9545,1,1,0.9375,1,1,1,1,1,1,1
"locus6550",0.75,1,0.9,0.7857,1,0.9167,0.375,0.9444,0.8636,1,0.8,0.9375,1,0.6429,1,1,1,0.5,1,0.6875,1,0.9545,0.8333,0.8,0.9545,1
"locus6551",1,0.9375,0.95,0.9545,1,0.8333,1,1,1,0.9375,1,0.875,1,0.875,0.9583,1,0.9444,1,1,1,1,1,0.9,0.85,1,0.9583
"locus6552",0.9583,1,1,1,0.6667,0.9583,1,1,1,1,1,1,1,1,1,1,1,1,1,1,1,1,1,1,1,0.875
"locus6553",0,0.3571,0,0,0,0.4091,0,0,0,0,0.75,0.125,0.625,0,0.0833,0,0,0.1667,0,0,0,0.0455,0,0,0.0455,0
"locus6554",0.7778,1,1,0.9091,1,1,1,1,0.9,0.9375,0.9091,1,1,0.875,1,0.9545,0.875,1,1,0.8333,1,0.875,1,0.9,0.9545,1
"locus6555",0.1667,0,0,0.2,0,0,0,0,0,0,0,0.0625,0,0,0.0417,0,0,0,0,0,0,0.1667,0,0,0,0
"locus6556",0.75,0.9375,0.7857,0.6667,1,1,0.5,0.9444,0.7857,0.9167,0.9545,0.6667,1,1,0.6111,0.9444,0.9286,0.8333,0.8571,0.9,0.875,1,0.875,0.95,1,0.875
"locus6557",0.7917,1,1,1,1,1,1,1,1,1,1,0.9375,1,1,1,0.9545,0.9444,1,1,1,1,0.8636,1,1,1,1
"locus6558",1,0.9375,0.9,0.9091,1,0.9583,1,0.9444,1,0.9375,0.9545,1,1,1,0.875,1,0.8889,1,0.75,1,0.6429,1,1,0.95,0.9545,1
"locus6559",0.5417,0.5,0.5556,0.5,0.625,0.4375,0.3333,0.7143,0.5,0.8571,0.7,0.5,0.9,0.6429,0.5909,0.8125,0.3889,0.3333,0.5,0.4444,0.5,0.5,0.55,0.6,0.5,0.5417
"locus6560",0.1364,0.875,0.375,0.5,1,0.95,NA,0.5,0.2222,0.5,0.8636,0.4167,0.9,0.5,0.2917,0,0.0833,0,0.5,0.1,0.5,0.1111,0.5,0.5556,0.3333,0.6429
"locus6561",0.2273,0.2,0.2,0,0.5,0.4375,0.9,0.375,0.1364,0.5,0.2222,0.2857,0.25,0.4375,0.3636,0.7857,0.0556,0,0.5,0.2,0.0833,0.0455,0.1,0.05,0.125,0.5833
"locus6562",0.1667,0,0.05,0,0,0,0.1,0,0.1364,0,0,0,0,0,0.0417,0,0.1667,0,0,0.1667,0,0.0455,0.05,0,0.0909,0.0833
"locus6563",1,1,1,0.9545,0.9,0.9583,1,0.9375,0.9545,1,1,0.6875,1,1,0.9167,1,1,1,0.875,1,0.75,1,1,0.95,0.9091,0.7727
"locus6564",0.9545,0.9375,0.95,1,1,1,1,1,0.6,1,1,1,1,1,0.9583,1,1,1,1,0.8333,1,1,1,0.9,1,1
"locus6565",0.6667,1,0.9,0.55,0.9444,1,0,0.8333,0.8636,0.5714,1,0.9375,1,0.9375,1,0.0455,0.8333,1,0.9286,0.625,1,0.6429,0.7857,1,0.7273,1
"locus6566",0.9583,1,0.9,0.8182,0.8333,0.9583,1,0.9444,0.9545,1,0.9545,0.875,1,0.9375,0.9583,1,0.9444,0.8333,0.9375,1,1,0.9545,1,1,1,0.9091
"locus6567",0.9167,1,0.95,1,1,1,1,1,1,1,1,1,1,1,0.875,1,1,1,0.9375,0.8333,1,0.7143,0.85,0.9,1,1
"locus6568",1,0.7857,0.95,0.8636,0.75,0.8333,1,0.8333,0.9091,1,0.4444,0.8333,0.625,1,0.9583,1,0.9444,0.6667,0.9375,0.9444,1,0.9545,1,0.9,0.95,0.8182
"locus6569",1,0.6875,0.8,0.6818,1,0.875,1,1,1,1,1,0.9375,0.95,1,0.7273,0.95,1,1,0.8125,0.9444,0.9286,1,1,0.9,1,1
"locus6570",0.9583,0.9286,1,0.9545,1,1,1,1,0.9091,1,1,1,1,0.9375,1,1,1,1,1,1,0.9286,1,0.9,1,0.9545,1
"locus6571",0.4545,0.25,0.25,0.3333,0.0556,0.5,0.5,0.125,0.4375,0.5,0.1667,0.2,0.5,0.4,0.1667,0.6667,0.4375,0.3333,0,0.3333,0.3333,0.9167,0.4375,0.0833,0.8333,0.125
"locus6572",1,1,1,1,1,0.9545,1,0.9444,1,1,0.8636,0.875,0.95,1,0.9091,1,1,1,0.875,1,1,1,1,0.85,0.9091,1
"locus6573",0.1667,0.0625,0.1,0.0909,0,0,0.2,0,0.0455,0,0.0909,0.125,0,0.1429,0.1667,0.3636,0.1111,0.1667,0.125,0,0,0.0455,0.15,0.1,0.05,0.0833
"locus6574",0,0.0625,0,0.1818,0.2222,0,0,0.1667,0,0,0,0,0.05,0,0,0,0.0556,0,0.0625,0,0,0.45,0.05,0,0,0
"locus6575",0.75,0.8571,0.875,0.5556,0.4167,1,1,0.4286,0.9286,0.8,1,0.5,1,1,0.75,0.9545,1,0.25,0.8571,1,0.75,0.9,0.875,0.9286,0.8889,0.3125
"locus6576",0.9167,1,1,0.9545,1,0.875,0.5,1,1,0.9375,0.7778,1,0.95,1,1,1,1,1,1,1,1,1,1,0.95,1,1
"locus6577",0.3125,0.8125,0.6667,0.3333,0.9444,0.8636,0,0.875,0.4375,0.5,0.9091,0.75,0.8889,0.8125,0.7143,0.1667,0.2143,0.6667,0.5,0.7857,0.9167,0.4375,0.3571,0.8571,0.65,0.9545
"locus6578",0.6,0.5,0.7143,0.55,0.7222,0.5417,0,0.7222,0.6364,0.2143,0.875,0.7143,0.6111,0.6429,0.7727,0.0909,0.4375,0.6667,0.75,0.5556,0.5,0.55,0.5,0.6429,0.6875,0.6667
"locus6579",0,0.1,0.05,0.1875,0.1667,0.1364,0,0.1667,0.0455,0,0.0833,0,0,0.0625,0.125,0.0909,0.0556,0,0.1875,0,0.1,0.0455,0.0625,0,0.2143,0.1111
"locus6580",0.9545,0.8571,1,0.9545,1,1,1,1,0.9091,1,0.9545,0.9286,1,1,0.9583,1,0.7778,1,1,0.9444,1,0.9545,0.95,0.7,0.95,1
"locus6581",0.375,0.1875,0.4375,0.4167,0.3333,0.25,0.5,0.6,0.55,0.3,0.375,0.6429,0.15,0.7,0.5455,0.4167,0.3571,0.5,0.5,0.4167,0.6,0.2727,0.45,0.4,0.35,0.375
"locus6582",1,0.9167,1,0.9545,0.875,0.5556,1,0.8571,0.9,0.9375,0.5,1,0.6111,0.7143,0.7917,0.9545,1,1,0.8333,0.7222,0.6667,1,0.95,0.75,0.8636,0.8182
"locus6583",0.5909,0.75,0.7857,0.6364,0.9286,0.6667,0.2,0.6875,0.7273,0.4286,0.7778,0.9167,0.7857,0.6875,0.7917,0.5909,0.5625,0.6667,0.7143,0.5556,1,0.6364,0.5556,0.9,0.6,0.7
"locus6584",1,1,0.95,1,0.5,0.8,1,0.7857,0.9545,1,0.875,0.7857,0.5,0.8125,0.9583,1,1,0.8333,0.9375,1,0.75,1,0.9,1,0.85,0.75
"locus6585",1,0.875,0.85,1,1,0.875,1,0.8889,1,1,0.9091,1,1,1,1,1,1,1,1,1,1,1,1,1,1,1
"locus6586",1,0.875,0.95,1,1,0.7917,1,1,1,1,1,1,1,0.875,0.7727,1,1,0.8333,0.7857,0.9444,0.8571,1,1,0.9444,1,0.9583
"locus6587",1,0.9375,1,1,1,0.9167,1,1,1,0.8125,1,0.9375,1,1,1,0.9545,1,1,0.9375,0.8889,1,1,0.95,0.95,1,1
"locus6588",0.9583,0.875,1,0.9091,0.9167,1,1,0.8125,1,1,0.9091,1,1,0.9375,1,1,1,1,1,1,0.8571,1,1,0.9,1,0.7
"locus6589",0.1429,0.1429,0.4375,0.0625,0,0.0833,0,0,0.5,0,0.0909,0.5,0,0.3571,0.4091,0.375,0.1429,NA,0.3571,0.4167,0.3333,0,0.1667,0.35,0.4167,0.0417
"locus6590",0.9583,0.8125,0.9,1,0.875,0.95,1,0.5625,0.8182,0.875,0.9545,1,0.9,0.75,0.7917,1,0.9444,0.8333,0.9375,0.7778,0.8333,0.9545,0.8,0.85,0.9,0.6
"locus6591",0.9545,1,1,0.9545,1,1,1,1,1,1,1,0.9375,1,0.9375,1,0.9545,0.6875,1,1,1,1,1,1,1,1,1
"locus6592",0.9583,1,0.85,0.9545,0.9444,0.8333,1,0.8889,1,0.875,1,1,1,0.9375,1,1,0.8889,1,1,1,1,0.9545,1,1,0.9545,1
"locus6593",0.2273,0.4375,0.15,0,0,0.15,0.125,0.1667,0.0909,0.1875,0.4091,0.1875,0.4,0.0625,0.0833,0.3182,0,0,0.125,0,0,0.15,0.2778,0,0.0455,0
"locus6594",0.9167,1,1,0.9545,1,1,1,1,0.9091,1,1,0.9375,1,1,0.8182,1,1,1,1,1,1,1,0.95,0.95,0.9545,1
"locus6595",0.2857,0.1667,0.375,0.1667,0.0556,0.2727,0,0.3125,0.4167,0.1667,0.0556,0.3333,0,0.375,0.3333,0.0909,0.25,0.25,0.25,0.1875,0.2,0.5625,0.4,0.375,0.1667,0.1111
"locus6596",0.3636,0.1875,0.15,0.2273,0.125,0.25,0.5,0.2778,0.2727,0.6429,0.4375,0.0625,0.4286,0,0.0909,0.4444,0.5,0.1667,0.125,0.2778,0,0.1,0.1667,0.15,0.0455,0.15
"locus6597",0.375,1,1,0.9167,1,1,1,1,1,1,1,0.9,1,1,1,1,0.5556,1,1,1,1,0.6429,0.3571,1,1,0.9583
"locus6598",0.6667,0.375,0.5,0.5,0.4375,0.2143,0.1667,0.4,0.5,0.3,0.2857,0.5833,0.2143,0.5833,0.5,0.5,0.5,0.5,0.375,0.6667,0.25,0.1875,0.5,0.6429,0.375,0.5
"locus6599",0.2222,0.2143,0.05,0.6,0,0,0,0.0556,0.0455,0.25,0.0455,0.0714,0,0.1875,0,0.1667,0.2143,0,0,0.1667,0.0714,0.0455,0.3333,0.05,0.3636,0
"locus6600",0.9167,1,1,1,1,0.9167,1,0.9444,0.9545,1,1,1,0.95,0.9375,0.9583,0.9545,0.8889,1,1,0.8889,0.9286,1,1,0.9,0.8636,1
"locus6601",0.625,0.9167,0.8333,0.5625,0.4,0.7917,0.7,0.5833,0.9091,0.9167,0.6111,0.6667,0.9444,0.875,0.7083,0.95,0.7222,1,0.9375,0.9444,0.7,0.6,0.8125,0.8,0.8,0.625
"locus6602",0,0.125,0.0556,0.0455,0.1111,0.0417,0,0.0556,0,0,0,0,0,0,0.0833,0.3333,0,0,0,0,0,0,0,0,0.0455,0
"locus6603",1,0.9375,0.95,1,0.9444,0.9167,1,1,0.9091,0.9375,0.9545,0.9375,0.95,1,0.8333,1,1,1,0.875,1,0.6667,1,1,1,0.9545,0.9167
"locus6604",0.9583,0.7143,1,1,1,1,0.875,1,1,1,0.6429,1,0.8333,1,1,1,1,1,1,1,1,1,0.85,0.95,0.9545,0.9583
"locus6605",0.125,0,0,0,0,0,0,0,0,0.0625,0,0,0,0,0,0,0.0556,0,0,0,0,0.1364,0.15,0,0.05,0
"locus6606",0.375,0.7857,0.4,0.4444,0.875,0.8182,0,0.6875,0.4,0.4167,0.75,0.375,0.9167,0.5,0.375,0.5,0.5,0.5,0.8,0.5,0.5833,0.7222,0.5,0.6667,0.5,0.8333
"locus6607",1,1,0.85,1,0.9444,0.9583,1,1,0.9091,1,0.9091,0.8125,1,0.9375,0.9583,1,1,1,1,0.8333,0.9286,1,0.95,0.95,0.9091,0.7727
"locus6608",0.6875,0.3,0.375,0.5,0,0,1,0.25,0.75,0.7,0.0909,0.2857,0.05,0.5714,0.5,0.9091,0.8571,1,0.75,0.75,0.625,0.9091,0.6111,0.5,0.6429,0.4286
"locus6609",0.9167,0.9375,0.95,1,1,0.9167,0.6667,1,1,1,1,0.9375,1,1,1,0.625,0.7778,1,0.875,0.9444,1,0.875,0.95,1,1,1
"locus6610",1,1,0.95,0.9545,0.9444,0.8333,1,1,0.9,1,1,1,1,1,0.9167,1,1,1,0.9375,1,0.9286,1,0.95,0.9,1,1
"locus6611",0.6818,1,1,0.7222,1,1,0.5,1,0.9545,0.9167,1,1,1,0.9375,0.9583,0.2143,0.9286,0.8333,1,1,1,1,0.8889,1,0.85,1
"locus6612",0.9583,1,1,0.8182,0.9444,0.9167,1,1,1,0.875,1,1,0.85,0.9375,0.9545,0.9091,0.9444,1,1,1,1,1,0.85,0.95,0.9091,1
"locus6613",0.5417,0.4375,0.3571,0.35,0.625,0.6667,1,0.625,0.5,0.7857,0.7273,0.5,1,0.5833,0.5455,1,0.6111,0.5,0.4286,0.7857,0.3,0.8333,0.5,0.65,0.7727,0.6364
"locus6614",1,0.8125,0.8125,0.8182,0.75,1,1,1,0.7273,1,0.2,1,0.6,0.6875,0.7727,0.9545,1,1,0.9286,1,1,1,1,0.9,1,0.875
"locus6615",0.9167,0.6875,0.8333,0.9545,1,0.7917,1,0.9444,0.8636,1,0.85,0.7143,0.85,0.9375,1,1,1,1,1,0.8889,0.8333,1,0.85,0.95,0.9091,0.875
"locus6616",1,1,0.8889,1,1,1,1,0.9444,0.9545,1,1,1,1,1,0.9583,0.9545,0.8333,0.6667,1,0.9444,1,0.9091,0.9,1,1,1
"locus6617",1,0.7857,1,1,0.75,0.625,1,1,1,1,0.6429,1,0.4375,1,1,1,1,1,1,1,1,0.9545,1,0.8889,1,0.9583
"locus6618",1,1,1,0.9091,1,1,1,1,1,1,1,1,1,1,0.9583,1,0.9444,1,0.9375,0.9444,1,1,0.9,1,0.9545,0.9167
"locus6619",0.9375,1,1,1,0.9444,1,0.9,1,0.9091,1,1,0.9375,1,0.9375,1,1,0.8571,1,1,0.8889,1,0.5714,1,1,0.9091,1
"locus6620",0.5556,0.6,0.4,0.4286,0.5625,0.5556,0.4,0.5714,0.4286,0.5,0.5,0.625,0.5625,0.6,0.5,0.3571,0.2857,NA,0.6,0.4375,0.3333,0.5625,0.5714,0.4286,0.3889,0.5
"locus6621",0.7143,0.5,0.6111,0.5909,0.3571,0.3889,0.125,0.5,0.45,0.2143,0.5,0.5,0,0.375,0.5,0.3333,0.5,0.5,0.3333,0.5714,0.3333,0.95,0.4286,0.75,0.75,0.375
"locus6622",0,0,0.05,0,0.2778,0,0,0,0,0,0,0.0625,0,0,0.0417,0,0,0,0.0625,0,0.0714,0.0455,0,0,0.0455,0.0556
"locus6623",0.1667,0.875,0.6,0.3333,0.9444,0.875,0,0.6,0.4444,0.3333,0.9545,0.7143,0.8889,0.5,0.6429,0,0.3333,0.6667,0.6429,0.125,0.5,0.5,0.1875,0.5,0.4375,1
"locus6624",0.55,0.1875,0.4,0.5,0.3125,0.2917,0.3,0.3125,0.55,0.3125,0.0455,0.6667,0.1,0.5625,0.4583,0.05,0.5,0.5,0.375,0.3889,0.5,0.6364,0.5,0.5,0.5909,0.55
"locus6625",0,0,0.1667,0.0455,0.5,0.1364,0,0.2,0.0455,0.0625,0.1667,0.1,0.1667,0.1875,0.0417,0,0,0,0.0714,0,0.1667,0.05,0.05,0.15,0,0.3125
"locus6626",0.1667,0.4167,0.25,0.1429,0.3333,0.55,0.375,0.1,0.0556,0.5,0.5,0.1667,0.5,0.3,0.3125,0,0.0625,0,0.4167,0.0625,0.2,0.1875,0.1667,0.25,0.2,0.2
"locus6627",0.9583,1,1,1,0.9375,0.65,1,1,1,0.9375,0.5,0.9375,0.4375,1,0.8333,0.9545,1,1,0.9375,1,1,1,1,0.95,0.9545,0.9545
"locus6628",0,0.125,0,0,0,0.0833,0,0.0625,0,0,0.15,0,0,0,0.0417,0,0,0,0,0,0,0,0,0,0.0909,0
"locus6629",1,0.875,0.9,1,0.9444,0.8636,1,1,0.9545,1,0.7,0.9375,0.9444,1,0.9167,1,1,0.8333,1,1,0.8571,1,0.85,1,0.9545,0.875
"locus6630",1,1,1,1,0.8889,0.9583,1,0.8889,1,1,1,0.9375,1,1,0.9167,1,1,0.8333,1,1,0.8571,1,1,1,1,0.9545
"locus6631",0.25,0.2857,0.3333,0.1667,0.3,0.2,0,0.1875,0.2778,0.125,0.3125,0.3333,0.2143,0.4286,0.2727,0,0.125,0.1667,0.4286,0.3571,0.4,0.4091,0.2,0.1667,0.15,0.35
"locus6632",0.6364,0.125,0.2143,0.5,0.125,0.4444,0,0.25,0.25,0.1,0.3333,0.1,0.1,0.125,0.1667,0,0.6429,1,0.125,0.5,0.4167,0.5625,0.3333,0.5556,0.4167,0.0833
"locus6633",1,1,0.95,0.7727,1,0.9583,1,1,1,1,0.9545,1,1,1,1,1,1,1,0.9375,1,1,1,1,0.75,1,1
"locus6634",0,0,0,0,0,0.0833,0.1,0,0,0,0,0.125,0,0,0,0,0.1111,0,0.0625,0,0,0,0.05,0.2,0.0909,0
"locus6635",0,0.1429,0.0625,0.0455,0,0.4545,0,0.0625,0.0909,0,0.5,0,0.5,0.2857,0.125,0,0,0,0.3125,0.1111,0.0833,0.0455,0.05,0.15,0.1818,0.2273
"locus6636",0.75,1,0.8571,0.9091,0.9444,1,1,0.7778,0.8182,0.9375,0.9545,1,0.95,0.9286,0.9091,1,0.9444,1,0.7857,0.8333,0.75,0.9091,0.8333,0.8125,0.85,0.9545
"locus6637",0.9167,0.7143,1,0.9091,1,0.6818,1,0.6667,0.9444,0.9375,0.875,1,1,0.6875,0.9583,1,1,0.8333,0.9375,1,0.9286,1,1,0.75,1,0.9091
"locus6638",1,0.8571,1,1,1,0.8,1,1,1,1,0.7857,1,0.6667,1,0.9583,1,1,0.8333,0.9375,1,1,1,1,1,0.8636,0.9167
"locus6639",0,0,0.05,0,0,0,0,0,0,0,0,0,0.1,0,0,0,0,0.3333,0.1429,0,0.0714,0,0,0.25,0,0
"locus6640",1,1,0.9,1,0.9444,1,0.75,0.9444,0.9,0.9375,0.9545,0.9375,1,0.875,0.9583,0.875,0.9444,1,0.9375,0.9444,1,1,1,1,1,1
"locus6641",1,1,0.9,1,0.8889,0.9583,1,0.9444,0.8636,1,1,1,1,1,0.9167,1,0.8333,1,1,1,1,1,0.95,1,0.9091,1
"locus6642",0.0455,0.1875,0.15,0,0.0556,0,0.125,0.1111,0.125,0,0.1875,0.1875,0.0625,0.0714,0.0417,0.3333,0.0833,0.1667,0.125,0,0,0.5,0.1429,0.05,0.2857,0
"locus6643",0.0417,0,0,0,0,0,0,0.0556,0,0,0,0,0,0,0,0.0909,0.1111,0,0,0.0556,0,0,0.15,0.05,0.0455,0
"locus6644",0.875,1,0.8125,0.65,1,1,1,0.8333,0.5714,1,0.9091,0.75,1,0.7857,0.8,1,0.75,1,0.625,0.9167,0.6429,0.75,0.7857,1,0.9286,0.9583
"locus6645",1,1,1,1,0.7778,0.9167,1,1,0.9545,1,0.9,1,0.8125,1,1,1,0.9444,1,1,1,1,0.8182,1,1,1,1
"locus6646",0.8636,1,1,1,1,1,0.5,1,0.95,0.6667,0.8636,1,0.9,0.8125,0.9167,0.55,0.9167,0.8333,0.875,0.8333,1,0.5,0.95,1,0.9545,1
"locus6647",0.5,0.6,0.4286,0.4545,0.5,0.5,0.6667,0.5,0.4444,0.6667,0.1429,0.6,0.2143,0.7,0.5,0.5,0.5,0.75,0.5,0.5,0.4286,0.6,0.5,0.5,0.6,0.5833
"locus6648",0.8,0.875,1,0.5556,1,1,0.9,1,0.9091,1,1,0.875,1,1,1,0.9545,1,0.6667,1,0.8333,1,0.45,0.85,1,0.75,1
"locus6649",0.9583,1,0.95,1,0.9375,0.9167,0.75,0.9444,0.9091,0.8125,1,0.7857,1,0.9375,1,0.9,1,0.8333,0.875,0.9444,0.9286,1,1,0.95,1,0.75
"locus6650",0.9583,1,1,1,1,1,1,1,0.9091,1,1,1,1,0.875,1,1,0.8125,1,0.9375,1,1,1,0.9,1,0.9545,1
"locus6651",0.0833,0,0.05,0,0,0.0417,0,0,0.1364,0,0,0.125,0,0,0.0909,0,0.0556,0,0.125,0.0556,0,0,0.05,0,0,0
"locus6652",0.9583,1,0.9,0.9545,1,0.875,1,0.9444,0.9545,0.9375,1,0.8125,1,1,0.9167,1,1,1,0.9375,1,1,1,1,0.9,0.7727,1
"locus6653",1,1,0.95,1,0.7857,0.9375,1,0.625,0.9091,0.75,0.75,0.8333,1,1,1,0.95,1,0.6667,0.9286,1,1,1,1,0.85,0.7857,0.5
"locus6654",1,1,1,1,1,1,1,0.8333,1,1,0.9091,1,1,1,1,1,0.8889,1,0.875,1,0.7143,1,0.95,1,1,1
"locus6655",1,0.875,0.9444,0.7222,0.9,0.75,1,0.625,1,0.8571,0.9091,0.8333,0.875,0.9375,0.8636,1,0.9444,0.8333,0.875,1,0.7,0.9091,1,0.65,0.875,0.6429
"locus6656",1,0.75,0.7857,0.625,0.6667,0.7857,1,0.875,0.85,1,0.5714,1,0.3889,1,0.8889,1,1,1,0.8333,0.8333,1,0.5625,0.9444,0.875,1,0.9444
"locus6657",1,1,1,1,0.9444,0.9583,1,1,0.9091,1,1,1,1,0.8125,1,1,1,1,1,0.7778,0.9286,1,1,0.95,1,1
"locus6658",1,0.9375,1,1,0.875,1,1,0.875,1,1,1,0.875,1,1,0.9583,1,1,1,1,1,1,1,1,1,0.9091,1
"locus6659",0,0.0625,0,0,0,0,0.375,0.0556,0.0909,0.3125,0,0.125,0,0.125,0,0.2273,0.1111,0,0,0.0556,0.0833,0,0.05,0.05,0.0909,0
"locus6660",0.4375,0.75,1,0.4375,0.3,0.5714,0.1,0.8333,0.8182,0.3,0.3889,0.8571,0.5,0.8333,0.9545,0,0.5,1,0.875,0.4375,1,0.7778,0.5714,0.9444,0.5625,0.8571
"locus6661",0.7917,0.9375,1,1,1,1,1,1,1,1,1,0.9375,1,1,1,1,0.8889,1,1,0.9444,1,1,0.95,1,0.9545,1
"locus6662",0.95,0.875,1,0.7727,1,0.9583,1,1,1,1,0.8636,1,0.95,1,1,0.9545,0.9444,1,1,1,1,0.9545,0.9,1,0.9545,1
"locus6663",0.9583,0.8125,0.95,0.9444,1,1,0.8,0.9444,1,1,0.9545,0.9375,1,1,0.9167,1,0.7222,1,1,1,1,0.9545,1,0.95,0.9545,1
"locus6664",0.9583,1,0.85,0.9091,1,1,0.8,0.9444,0.9545,1,0.9545,1,1,1,1,0.9545,0.9444,0.8333,0.9375,1,1,1,0.85,0.85,0.9545,1
"locus6665",1,0.5833,0.95,0.6875,0.5,0.4,1,0.6667,0.8636,0.9167,0.3333,0.7143,0.4286,0.9375,0.9091,1,1,0.8333,0.9375,0.8889,0.8,0.8,1,0.875,0.6667,0.5
"locus6666",0.9583,1,0.95,1,0.8889,0.9583,1,1,0.9091,0.8125,1,0.9375,1,0.8125,0.8333,0.6364,0.8333,0.8333,0.875,0.8889,0.9286,1,1,1,0.7727,0.9167
"locus6667",0.75,0.6667,0.9444,0.7,0.5556,0.5455,1,0.0833,0.95,1,0.5,0.4,0.5625,0.9,0.85,0.9545,0.875,0.5,0.75,1,0.7143,0.9,0.4286,0.7,0.35,0.3333
"locus6668",0.2083,0.3333,0.1875,0.25,0.1667,0.5833,0,0.3333,0.3333,0.2143,0.3125,0.4,0.5,0.3,0.3125,0,0.0625,0.25,0.4167,0.2143,0.4,0.0909,0.2143,0.5,0.1,0.25
"locus6669",0.9167,0.7143,0.7222,0.6667,0.8889,0.75,1,0.625,0.7727,0.875,0.8636,0.8125,0.8333,1,0.625,0.9091,0.7778,1,0.875,0.8889,0.9,1,0.95,0.7,0.8182,0.7273
"locus6670",1,0.75,0.8889,1,1,1,1,1,1,1,1,0.9375,1,0.875,0.9583,0.9545,1,1,1,0.9444,1,0.9545,0.95,0.9,1,1
"locus6671",0.4,0.5,0.625,0.6111,0.5,0.5,0.7,0.625,0.7778,0.5,0.65,0.5833,0.6,0.5,0.55,0.6,0.6,0.5,0.6,0.5714,0.6667,0.5625,0.5625,0.6667,0.5,0.6111
"locus6672",1,1,0.85,0.9545,1,1,1,1,1,1,1,1,1,0.8125,1,1,1,1,0.9375,1,0.8571,1,1,0.8889,1,1
"locus6673",0.2778,0.4286,0.6111,0.45,0.0714,0.3182,0,0.3125,0.4091,0.125,0.5,0.6,0.5,0.5833,0.6364,0.0455,0.5,0.5,0.6875,0.6,0.875,0.25,0.3889,0.7,0.2222,0.0556
"locus6674",0.9583,0.9375,0.85,1,0.9444,0.9583,1,0.8889,0.9545,1,0.9091,1,1,0.9375,0.8333,1,1,0.8333,1,0.8889,1,1,0.9375,0.95,1,0.9583
"locus6675",0.55,0.9375,0.8333,0.8889,0.75,0.9545,0.2,0.625,0.625,0.6429,0.9545,0.75,0.95,0.75,1,0.0909,0.6667,1,0.75,0.4167,0.6667,0.95,1,0.8571,0.45,0.6667
"locus6676",1,0.9375,1,1,1,1,1,0.9444,1,1,0.8182,1,1,1,1,1,1,1,1,0.9444,1,0.7,1,0.95,0.9545,1
"locus6677",0.3333,0.5,0.5556,0.5,0.75,0.6667,0,0.6667,0.2727,0.5,0.9444,0.6,0.8889,0.375,0.7917,0.0909,0.375,0.3333,0.75,0.2222,0.5833,0.5,0.35,0.3889,0.4545,0.75
"locus6678",0.6364,0.5,0.7,0.3889,0.4444,0.4583,0.4,0.8333,0.5,0.25,0.3636,0.6875,0.3889,0.8125,0.7083,0.0909,0.4444,0.5,0.75,0.6667,0.7143,0.4444,0.4444,0.5,0.4091,0.5833
"locus6679",1,1,0.9,1,1,1,1,0.8889,1,1,1,0.9375,1,1,1,1,1,1,1,1,0.6429,0.6875,0.9,0.95,0.9091,0.85
"locus6680",0.7857,0.4,0.9286,0.9444,0.3333,0.5,1,0.6111,0.9,1,0.25,0.5,0.1875,0.5,0.75,1,0.9167,1,0.9167,0.7857,0.4,0.5833,1,0.6875,0.5625,0.4545
"locus6681",1,1,0.75,1,1,1,1,1,0.9545,1,0.9545,1,1,1,0.9583,1,1,1,0.75,0.9444,1,1,1,1,1,1
"locus6682",0.6875,0.9375,1,0.9,1,1,1,0.9444,1,1,1,0.9167,1,0.875,1,1,0.375,0.5,0.9375,1,1,0.75,0.5,1,0.95,1
"locus6683",0.9583,0.875,1,1,1,1,1,1,1,1,0.7143,1,0.8333,0.9375,0.9583,1,1,1,0.9375,1,1,1,1,0.9,1,1
"locus6684",0.875,0.9286,0.95,0.8636,0.8889,0.9167,1,0.9444,0.9545,1,1,1,1,0.75,0.9167,1,1,1,1,0.8333,0.9286,1,0.95,0.85,1,1
"locus6685",1,0.875,1,1,0.9444,1,1,0.9444,1,1,0.875,1,NA,0.9375,1,1,0.9444,1,0.9375,1,0.8571,1,1,0.95,1,0.9583
"locus6686",0.8333,1,1,1,1,1,0.75,1,1,1,1,1,1,0.9375,0.9583,0.85,0.9444,0.8333,0.9375,1,1,1,0.95,1,0.9545,1
"locus6687",1,0.7,0.85,1,1,0.7083,1,1,0.9091,0.6429,0.85,0.9375,0.85,0.9375,0.9167,1,1,0.8333,1,0.9444,1,1,0.95,0.95,1,0.9583
"locus6688",0.9167,1,1,1,1,0.9167,1,1,1,1,0.95,0.9375,1,1,0.9583,1,0.8889,1,1,1,1,1,1,1,1,0.9583
"locus6689",1,0.9375,0.9,1,1,1,1,1,0.8182,1,1,0.9375,1,1,0.9583,1,0.9444,1,0.8571,1,1,1,1,1,1,1
"locus6690",0.9167,0.9,1,1,0.4375,0.6111,1,0.7,1,0.875,0.5833,0.9167,0.6429,1,0.9167,1,1,1,0.9286,1,0.5833,1,1,0.9,0.8,0.8125
"locus6691",1,0.9375,1,1,1,1,0.9,1,1,1,1,1,1,1,1,1,0.8333,1,1,0.9444,0.8571,0.9545,1,1,0.9545,0.9583
"locus6692",0.7727,0.875,0.8,0.95,1,0.9583,1,0.9444,0.9444,0.875,0.9545,1,1,0.9375,0.7917,1,0.9444,0.8333,0.9375,0.75,1,0.9545,0.8889,0.8,0.9091,0.9583
"locus6693",1,0.9375,0.95,1,1,1,1,1,1,1,1,1,1,0.9375,0.9583,1,1,1,1,0.9444,1,0.625,1,0.95,1,1
"locus6694",0,0,0,0,0,0.0833,0,0,0,0.1429,0,0,0,0,0,0.0455,0,0,0,0,0,0,0.15,0,0,0
"locus6695",1,0.9375,0.95,0.9545,1,1,1,0.7857,1,1,1,1,1,0.9375,1,1,1,1,1,1,1,1,1,1,1,0.8333
"locus6696",0.65,1,1,0.5,1,1,0.8,1,0.75,0.9286,0.95,0.75,0.95,0.9167,0.95,0.7143,0.6667,1,0.8333,0.875,0.9286,0.9375,0.875,0.7222,0.6875,0.875
"locus6697",0.75,0.75,0.65,1,0.6667,0.8182,0.9,0.9286,0.6111,1,0.8,0.9167,0.9375,0.5714,0.5,0.9545,0.6667,0.5,0.8125,1,0.7,1,1,0.4375,1,0.8636
"locus6698",1,0.9375,0.8333,1,1,0.9545,1,1,0.7727,1,0.9545,1,1,0.9375,0.7273,1,1,1,0.9286,0.8889,1,1,1,0.85,1,0.9583
"locus6699",1,0.9286,1,1,0.9286,0.75,1,1,1,1,0.625,1,0.4375,0.9375,1,1,1,1,1,1,1,0.9091,1,1,1,0.9583
"locus6700",0.5,0.7857,0.5,0.3333,0.8571,0.6667,0,0.6667,0.4286,0.5,0.8182,0.625,0.95,0.6667,0.45,0.1,0.4167,0.1667,0.5,0.4375,0.5,0.5714,0.3571,0.6111,0.6111,0.8571
"locus6701",1,0.9,0.95,0.8182,1,0.875,1,0.8333,1,0.8571,0.9167,0.875,0.8333,0.875,0.9583,0.9545,1,1,1,1,0.8571,0.9545,1,0.95,0.9545,0.9375
"locus6702",0.0417,0.3125,0,0.0909,1,0.3333,0,0.75,0.0909,0,0.5,0.3571,0.5,0,0.4375,0,0,0.3333,0.4286,0,0.2,0.0455,0.2,0.375,0.375,0.8333
"locus6703",0.8182,1,0.95,0.9545,1,0.9167,1,1,0.9545,1,0.9545,1,1,1,0.9583,0.9545,1,0.8333,1,0.9444,1,0.9545,0.8,1,1,1
"locus6704",0.0417,0.0833,0,0.2727,0,0,1,0,0,0.3571,0.3333,0,0.5,0,0.0417,0.9,0,0.1667,0,0,0,0,0.05,0.1,0.1,0.5
"locus6705",0.125,0,0.05,0.1364,0,0,0.7,0,0,0.1429,0,0,0.1,0.125,0,0.625,0.2222,0,0.0625,0,0,0,0,0,0.0455,0
"locus6706",0.5714,0.8,0.5,0.6111,0.75,0.7143,0.75,0.5625,0.6111,0.7,0.8,0.6429,0.7143,0.625,0.6,0.5,0.7143,0.75,0.5,0.625,0.5,0.5625,0.75,0.5714,0.5556,0.65
"locus6707",0.3636,0.4286,0.3125,0.1429,0.3125,0.1818,0.2,0.5,0.1818,0.4,0.3,0.25,0.375,0.3333,0.125,0.3333,0.1875,0.25,0.125,0.2778,0.3,0.0455,0.1667,0.1875,0.0455,0.3
"locus6708",0,0,0,0,0.5,0.2727,0,0.5,0,0,0,0,0,0,0.0417,0,0,0,0,0,0.125,0.0455,0.1,0,0.0625,0.6111
"locus6709",0.7222,1,1,0.8571,1,1,1,1,1,1,1,1,1,0.9375,1,0.7857,0.75,1,1,1,0.9286,0.9545,0.6875,1,1,1
"locus6710",0.95,0.75,0.9,0.9167,1,0.8125,1,0.8889,1,0.875,0.9444,0.9,0.9286,1,0.9583,1,0.9286,1,0.9375,1,0.8571,0.6,0.6667,1,0.875,0.9545
"locus6711",0.85,0.5,0.7857,0.8125,0.5833,0.5625,0.9,0.5833,0.8636,0.8,0.5,1,0.5,0.9286,0.9,0.75,0.8571,1,0.9286,0.7857,0.625,0.9545,0.7778,0.875,0.7778,0.5
"locus6712",0.7083,0.875,0.5,0.8636,0.9444,0.9167,1,0.9444,0.5,0.9375,1,0.7857,0.75,0.8125,0.7917,0.9545,0.8125,0.8333,0.6875,0.5,0.8333,0.95,0.95,1,1,0.75
"locus6713",0,0.125,0.05,0,0.0625,0.125,0,0.1667,0,0,0.0909,0.0625,0.1,0,0.0833,0,0,0,0.0625,0,0.0714,0,0,0,0.0909,0.1364
"locus6714",0.9583,0.8125,1,1,1,0.7,1,1,1,0.9375,0.4375,1,0.5,1,1,1,1,1,1,1,1,1,1,1,0.9545,1
"locus6715",0.9167,0.9375,0.95,0.8182,1,1,1,0.9444,1,1,0.9091,1,0.85,0.875,0.9583,0.9545,0.8333,1,0.9375,0.9444,1,1,0.85,0.95,1,0.9583
"locus6716",0.9583,0.875,1,0.9091,1,0.9167,1,0.9444,0.9545,0.875,0.9545,1,1,0.9375,0.9583,0.9545,1,1,0.9375,0.9444,1,1,0.9,0.95,0.75,1
"locus6717",0.8636,0.375,0.9375,0.75,0.5,0.4444,1,0.7143,0.9091,0.8333,0.15,0.6,0,0.75,0.8333,1,0.8889,0.75,0.8333,0.7778,0.375,0.9091,0.8571,0.75,0.8,0.5
"locus6718",0.625,0.2143,0.2857,0.375,0.2143,0.05,NA,0.125,0.375,0,0,0.625,NA,0.4,0.2273,0,0.5,0.25,0.2143,0.4286,0.2,0.15,0.3889,0.35,0.4444,0
"locus6719",0.3182,0,0.1,0,0,0.0417,0,0.0556,0.15,0,0.0909,0,0,0.375,0.5,0.0455,0,0.1667,0.4286,0.3125,0.2143,0.7,0,0.45,0.1364,0.0833
"locus6720",0.75,1,1,0.8571,1,1,0,0.8889,0.9,0.5,1,0.8,0.9,1,1,0.1667,0.6429,0.75,0.9375,0.9,1,0.2143,0.9,0.8333,0.875,0.9583
"locus6721",0,0,0,0.0909,0,0.3125,0,0.0833,0,0,0,0.1,0,0,0.0417,0,0,0,0,0.0556,0,0,0.1,0,0.0909,0.4286
"locus6722",0.8636,1,1,0.9091,1,0.875,0.9,0.8889,1,0.9375,1,0.9375,1,1,1,1,0.7778,1,0.9375,0.8333,1,0.75,1,1,0.9444,1
"locus6723",0.1667,0.5,0.3333,0.5,0.3571,0.5,0.5,0.1429,0.1667,0.5714,0.6111,0.4286,0.5,0.2857,0.0833,0.4,0.4375,0.25,0.3,0.3571,0.5,0.5,0.5,0.4375,0.3125,0.4375
"locus6724",0,0.0625,0,0.1818,0.3889,0.2083,0,0.0556,0,0,0.1364,0,0,0,0.1818,0.0455,0,0,0.0625,0.1111,0,0,0,0,0.0909,0.0833
"locus6725",0.8,0.5714,0.5,0.5,1,0.1818,1,0.6,0.6818,0.6667,0.6111,0.5,0.5625,0.75,0.375,1,0.9,1,0.375,0.875,0.4167,0.45,0.5,0.6111,0.9375,0.75
"locus6726",0.3571,0.2,0.05,0.5,0.4,0.5,0,0.1111,0.05,0.25,0.3571,0.2,0.375,0.125,0.0833,0.4286,0.2143,0,0,0.2143,0.0833,0.1667,0.375,0.1667,0.4286,0.2143
"locus6727",0.7727,0.8333,0.9444,0.8333,0.7222,0.7273,0.75,0.6875,0.8636,1,0.7778,0.9167,0.875,0.8125,0.7917,1,0.6111,1,0.8125,0.875,0.6,1,0.8,0.8125,0.6429,0.875
"locus6728",0.875,1,1,1,1,1,1,1,0.8636,1,1,0.9375,1,1,1,1,0.8333,0.8333,1,0.7778,1,1,1,1,0.9091,1
"locus6729",0.6111,1,0.4375,0.7857,1,0.9167,0,0.875,0.1875,0.5,0.95,0.75,1,0.5,0.7083,0.0909,0.25,0.3333,0.6667,0.5,0.8333,0.1667,0.7143,0.5714,0.75,0.85
"locus6730",0,0.2,0,0.3182,0.9375,0.3889,0.5,0.6429,0.0909,0.4,0.3333,0.25,0.5,0.2143,0.1364,0.5,0,0,0.0625,0.0714,0.3,0.0909,0,0.05,0.1875,0.9444
"locus6731",0,0,0,0,0.375,0,0,0,0.0455,0,0,0,0,0.0625,0,0,0,0,0,0,0,0,0.05,0,0.3182,0.05
"locus6732",0.4286,0.125,0.4286,0.4286,0,0,0,0.1429,0.4444,0.1,0.05,0.25,0,0.4167,0.3333,0.125,0.5,0.6667,0.4286,0.6,0.3333,0.7143,0.3,0.4167,0.25,0
"locus6733",1,0.9375,0.9444,1,1,1,0.625,1,1,1,1,0.875,1,1,1,0.5,1,1,1,0.8889,1,1,1,1,1,1
"locus6734",0.55,0.7143,0.5556,0.5625,0.4375,0.625,0.3333,0.3333,0.5,0.5,0.8125,0.5,1,0.75,0.5625,0.4375,0.5714,0.3333,0.5,0.6,0.1667,0.5556,0.5,0.6,0.5625,0.3889
"locus6735",1,0.875,1,0.9545,0.7222,0.8636,0.8,1,1,0.9375,1,1,1,1,1,1,1,1,0.8125,0.9444,1,1,0.95,1,0.95,0.9583
"locus6736",1,0.9375,1,0.9545,1,1,0.9,1,1,0.9375,0.8636,1,0.95,0.875,0.9583,0.9545,1,1,1,1,1,1,1,0.85,1,1
"locus6737",0.0417,0,0,0.0909,0.1667,0.125,0,0.1111,0,0.0625,0,0,0,0,0,0,0,0,0,0.0556,0,0.0455,0,0,0,0.4091
"locus6738",1,1,0.9,1,1,0.9545,1,0.8889,0.95,1,1,1,1,1,0.8333,1,1,0.8333,1,1,1,0.9545,1,1,0.9545,0.9583
"locus6739",0.0833,0.125,0.05,0.1364,0.1667,0.35,0,0.1111,0,0.125,0.15,0.0625,0.2778,0.1875,0.0417,0,0.0556,0.5,0.125,0.2778,0,0.1667,0.05,0,0.1364,0
"locus6740",1,1,1,0.9091,1,1,0.8333,0.9444,0.9545,1,1,1,1,0.9375,1,0.875,1,1,0.9375,1,1,1,0.9,1,0.9545,0.9167
"locus6741",0,0.125,0,0,0,0,0,0,0,0,0.0455,0,0,0.0625,0,0.0909,0,0,0.125,0.3333,0,0,0,0.15,0,0
"locus6742",0.625,0.375,0.2222,0.375,0.125,0.6111,0,0.3125,0.4444,0.2,0.3889,0.3571,0.1875,0.3571,0.2,0.3333,0.3333,0.6667,0.2857,0.5714,0.1,0.45,0.5,0.0833,0.5,0.5
"locus6743",1,0.9375,0.95,1,1,0.9583,1,0.7778,1,0.9375,1,0.875,1,0.9375,1,1,0.8889,1,1,1,1,1,0.95,1,0.9545,0.9583
"locus6744",0.875,1,1,1,1,1,1,1,1,0.9375,0.9545,1,1,1,0.9583,1,0.9444,1,1,1,0.7857,1,0.95,0.95,1,1
"locus6745",0.65,1,1,0.5,0.9444,0.9583,0.7,1,0.9091,1,1,1,1,0.9286,0.9583,0.9,0.6111,1,0.9375,0.875,1,0.3182,0.7,0.8889,0.7,0.875
"locus6746",0.875,1,1,0.9545,1,0.9583,1,1,1,1,0.9091,1,0.95,0.9375,1,0.9545,1,0.8333,1,1,1,0.9545,1,1,1,0.8182
"locus6747",0.8636,0.7857,0.95,0.3333,0.9444,0.8333,1,1,1,1,0.7143,1,0.75,0.9375,0.875,1,0.5,0.75,0.9375,0.8889,1,0.9091,0.7778,0.95,0.9375,0.9583
"locus6748",0.75,0.7143,0.7778,0.5714,0.5833,0.8182,1,0.7,0.8636,0.9286,0.4444,0.8333,0.4286,1,0.7917,1,0.9444,0.75,0.9375,0.875,0.625,0.9444,0.7222,0.9,0.7,0.6
"locus6749",0,0.125,0.05,0,0.0714,0.2857,0,0,0,0,0,0,0,0,0.0417,0,0,0,0,0,0,0,0,0,0.0909,0.0417
"locus6750",1,0.9375,0.9,0.9545,0.9444,0.9583,1,0.9444,0.9545,0.9375,0.75,1,0.8333,0.9375,0.8636,1,0.8333,1,1,1,0.8571,0.9091,0.9,1,0.9091,1
"locus6751",1,1,1,1,0.9444,0.9583,1,0.8333,1,0.75,0.8,1,1,1,0.9583,1,1,1,1,0.9444,1,1,1,0.95,1,1
"locus6752",0,0.125,0,0,0,0,0,0,0.0455,0,0,0.125,0.15,0,0,0,0.2222,0,0.0625,0.2778,0,0,0.1111,0.05,0,0
"locus6753",0.3571,0.2857,0.5556,0.4091,0.5,0.1667,0,0.6667,0.4375,0.1667,0,0.5,0.0556,0.5,0.7222,0,0.4,0.5,0.5,0.3571,0.5,0.45,0.3571,0.5,0.2,0.5
"locus6754",0.875,0.8,0.75,0.8889,1,0.7857,1,0.875,0.8,1,0.9545,0.8333,1,1,0.7917,0.9545,0.9444,1,0.8,0.6875,0.75,0.9545,0.875,0.875,0.8125,1
"locus6755",1,1,1,0.9545,1,1,1,1,0.9091,1,1,1,0.95,1,0.8636,1,0.9444,0.8333,0.875,1,1,0.9545,0.95,0.95,0.9545,0.9583
"locus6756",0,0,0,0.0455,0,0.2222,0,0.0556,0,0,0.1111,0.125,0,0.125,0,0,0,0.1667,0,0,0,0,0,0,0.1364,0.2727
"locus6757",0.0714,0.0625,0,0.0455,0,0.0417,0,0,0.0455,0,0,0,0,0,0.0417,0,0.2143,0,0.0625,0.0556,0.0714,0.0909,0.0714,0,0.0455,0.0417
"locus6758",1,0.9375,0.85,1,0.9444,0.9583,1,0.9444,1,0.9375,0.9545,1,1,1,0.9167,0.9545,1,1,0.9375,1,0.9286,1,1,1,0.9545,0.9583
"locus6759",0.9583,0.8571,0.95,1,1,0.85,1,1,1,0.9375,0.5714,0.9375,0.75,1,1,1,1,1,1,1,1,1,0.95,1,0.9545,1
"locus6760",1,0.7857,1,0.95,1,0.8571,1,0.9444,1,1,0.6875,0.9286,0.7,1,1,0.9545,1,1,0.9375,1,1,1,0.9,1,0.9545,1
"locus6761",1,1,1,0.9545,0.8333,0.7222,1,0.9167,1,1,0.625,1,0.4286,1,0.9583,1,1,1,0.875,1,0.7857,1,1,1,1,0.8333
"locus6762",0.875,1,0.95,1,1,1,1,1,0.9545,1,1,1,1,1,0.9583,0.95,1,1,1,1,1,1,1,1,0.9545,1
"locus6763",0,0.0714,0,0,0,0.6667,0,0,0,0,0.5625,0,0.9,0,0,0,0,0,0,0,0,0,0,0,0.0909,0.05
"locus6764",1,0.9375,0.95,1,1,0.9167,1,0.8333,1,1,1,1,0.95,1,1,1,1,1,0.875,1,1,0.9545,1,1,0.9545,0.9167
"locus6765",0.9167,0.9375,0.95,1,1,1,1,1,1,1,0.9545,1,1,1,0.9545,1,0.8889,1,1,1,1,1,1,0.95,0.9091,1
"locus6766",1,1,1,1,0.6667,1,1,0.75,1,1,1,1,1,1,1,1,1,1,1,1,0.9286,0.9545,1,0.95,0.9091,0.8636
"locus6767",0.9583,0.9375,1,1,0.8889,1,1,0.8333,0.9545,1,1,1,1,0.875,0.9167,1,1,1,0.9286,1,1,1,1,0.9444,1,1
"locus6768",0.875,0.875,1,1,1,1,1,0.9444,1,1,1,0.9375,0.95,0.8125,0.9091,0.9545,1,1,0.9375,1,1,0.9545,1,1,1,1
"locus6769",1,0.875,1,0.9545,1,0.9583,1,0.7143,1,1,1,0.875,1,1,0.875,1,1,1,0.875,0.9444,0.9286,0.9545,1,1,1,0.9
"locus6770",0.875,1,0.9286,1,1,1,1,1,0.8636,1,0.9091,1,1,0.875,0.9,1,1,0.8333,0.75,1,1,0.9545,1,1,0.9091,1
"locus6771",0.7273,0.7857,0.8125,0.7143,0.875,0.9375,1,0.6111,0.7,0.7143,0.3571,0.6,0.6,0.5,0.75,0.75,0.5,0.75,0.8333,0.6875,1,0.6,0.5,0.8333,0.5,0.7143
"locus6772",0.8571,0.6667,0.8889,0.8333,0.8333,0.6818,1,0.5625,0.85,0.9286,0.6111,1,0.75,0.8,0.7083,0.9545,0.7222,1,0.8125,0.7857,0.8,0.5625,0.8889,0.8333,0.8,0.4375
"locus6773",0.9583,0.75,0.95,1,1,0.7273,1,0.9444,1,0.9375,0.7857,0.9375,0.9,0.9375,0.9583,1,1,1,0.875,1,1,0.9545,1,0.95,0.9091,1
"locus6774",1,1,1,1,1,0.875,1,1,0.9091,1,1,1,1,0.875,1,1,1,1,1,1,1,0.6667,1,1,1,0.9583
"locus6775",0.3636,0.5714,0.4167,0.5,1,0.625,0,0.75,0.2273,0.2857,0.25,0.6667,0.625,0.375,0.5,0,0.1,0.5,0.5,0.1875,0.8333,0.4375,0.5,0.6111,0.4167,0.7727
"locus6776",0.9286,1,0.95,0.9091,1,1,1,1,0.9545,1,1,0.9375,1,0.9375,0.9583,1,0.8333,1,0.9375,0.9444,1,0.7,0.8333,0.9,0.9,0.9583
"locus6777",0.1818,0.0714,0,0,0.0556,0.0833,0,0.0556,0.0455,0,0.1364,0,0.0625,0,0,0.0455,0.0625,0,0.125,0,0,0.3125,0.1667,0,0.4375,0
"locus6778",0,0,0,0,0.5,0.0417,0,0.2778,0,0,0,0,0,0,0,0,0,0,0,0,0,0.0455,0.05,0,0.0455,0.2083
"locus6779",1,1,0.95,1,1,1,1,0.8333,0.9545,1,1,0.9375,1,1,0.9583,1,1,1,0.9375,0.9444,1,1,1,0.95,1,0.9583
"locus6780",0.9167,0.9375,1,0.9091,1,0.9583,1,0.9444,0.9545,0.9375,1,0.875,1,0.9286,0.875,1,1,1,0.9375,0.9444,0.9286,1,0.9,0.95,1,1
"locus6781",0.9091,0.875,1,1,1,1,0,1,0.9545,0.9286,1,1,1,1,1,0.1,0.875,0.8333,1,1,1,1,1,1,1,1
"locus6782",1,1,1,0.9091,1,1,0.5,1,1,1,1,1,1,1,0.9583,0.6364,1,1,1,1,1,1,1,0.95,1,1
"locus6783",1,0.9167,0.5,0.9545,0.6111,0.7083,1,0.5,0.8333,1,0.9545,0.5714,1,0.8333,0.5,1,1,0.8333,0.5,1,0.5,0.9545,0.95,0.5,0.8889,0.5
"locus6784",0.9583,1,1,0.9545,1,0.9583,1,1,0.9545,1,1,1,1,1,0.9167,1,1,0.8333,1,0.8889,1,0.7,1,1,1,1
"locus6785",0.75,0.6429,0.7143,0.5,1,0.5556,1,0.875,0.8125,0.9167,0.625,0.875,0.7,0.8333,0.7727,1,0.9444,0.75,0.75,1,0.6,0.6,0.6,1,0.75,0.875
"locus6786",0.9583,0.875,1,1,0.9444,0.9583,1,1,1,1,0.9545,1,0.95,0.9375,1,1,1,1,0.9375,1,1,1,1,1,0.9545,0.8333
"locus6787",0.9167,1,1,1,1,1,1,1,1,1,0.9091,0.9375,1,0.875,1,1,0.8333,1,0.9375,0.9444,1,1,0.95,0.95,1,1
"locus6788",0.7143,0.4,0.875,0.5,0.7857,0.3571,1,0.6667,0.5833,0.625,0.5,0.8333,0.5,0.75,0.75,1,0.75,1,0.7,0.625,0.5,0.7,0.75,0.6111,0.75,0.8333
"locus6789",1,0.9375,1,0.9091,1,0.9583,0.5,1,1,1,1,0.9375,1,0.9375,0.9583,0.4,0.9444,1,1,1,1,1,1,1,1,1
"locus6790",0.6111,0.5,0.5,0.45,0.25,0.3571,0.625,0.4375,0.4167,0.4167,0.1875,0.5,0.3333,0.5,0.6,0.6667,0.7,0.5,0.3571,0.5,0.5,0.3333,0.5714,0.3571,0.5625,0.25
"locus6791",0.7727,1,0.9,1,1,0.9167,1,0.9444,0.9545,1,1,0.9375,1,1,1,1,0.8333,0.6667,1,0.8889,0.9286,0.6667,0.95,1,0.9091,1
"locus6792",1,1,0.9,0.9545,1,1,0.625,1,0.9545,1,1,0.9375,0.95,1,1,0.4286,0.9444,1,1,0.9444,1,1,0.95,0.95,0.9545,1
"locus6793",0.8,1,0.95,0.7727,1,1,0.9,0.9444,1,1,1,1,1,1,1,1,1,1,0.9375,1,1,0.5,1,1,0.9545,1
"locus6794",1,0.8,0.95,1,0.6667,0.9545,0.5,0.75,0.9545,NA,0.8,1,0.5714,1,1,0.55,0.8333,1,0.9375,0.8889,1,1,0.9,1,0.625,0.7
"locus6795",0.75,1,0.85,0.9286,1,0.9583,1,0.9444,0.9,1,0.9545,0.6429,0.9,0.9,0.9167,1,0.7857,1,0.9375,0.6111,0.9286,0.8,0.6667,0.9444,0.8,1
"locus6796",0.9583,1,0.75,1,1,1,1,0.9444,0.9091,1,1,1,1,1,0.8333,1,1,0.8333,0.9375,1,1,1,0.95,1,1,0.9583
"locus6797",1,0.9375,0.95,1,1,0.8333,0.9,0.8333,0.9545,0.8125,0.9,0.9375,0.8,1,1,1,1,1,1,1,0.9286,0.9545,0.8889,0.85,0.8636,0.75
"locus6798",0.8636,0.8125,0.85,1,1,0.9583,1,0.8889,0.9091,1,1,0.9375,1,1,0.8636,1,1,0.75,1,1,1,0.9545,0.95,0.95,0.9091,0.9167
"locus6799",0.9167,1,0.95,0.95,1,1,1,0.9444,1,1,0.9545,1,1,1,0.9583,1,0.9444,1,0.75,1,1,0.9545,1,1,1,0.9583
"locus6800",1,0.9375,0.9,0.9545,1,1,0.9,1,0.8182,0.9375,0.9545,1,1,1,0.9167,1,1,1,0.9375,1,1,1,1,0.95,1,1
"locus6801",1,0.9375,0.95,1,1,1,1,1,0.9091,1,0.9545,1,0.95,1,0.9583,1,1,1,0.8125,1,1,1,1,0.9,1,1
"locus6802",1,1,0.95,1,1,1,1,0.8889,0.9091,0.9375,1,0.9375,1,0.9375,1,1,1,1,1,0.9444,0.9286,1,1,0.95,0.9091,1
"locus6803",0.5,1,1,0.95,1,1,1,1,1,1,1,0.8571,1,1,0.9583,0.9545,0.8889,0.75,1,0.9444,0.9286,0.55,0.8889,0.95,0.8125,1
"locus6804",0.15,0.3571,0.3333,0.1667,0.25,0,0,0.3571,0.15,0,0,0.5,0,0.4167,0.4286,0,0,0.5,0.25,0.0714,0.1667,0.0455,0.25,0.2222,0.1111,0.5556
"locus6805",0.75,0.6,0.6111,0.6875,0.5714,0.4,1,0.5,0.6818,0.7857,0.3889,0.5833,0.0625,0.375,0.5,0.85,0.8333,0.75,0.4375,0.4286,0.25,0.8636,0.6875,0.3125,0.6364,0.625
"locus6806",1,1,0.95,0.9545,1,1,0.875,0.9444,1,0.9375,1,1,1,0.9286,1,1,1,1,0.9375,1,0.9286,1,1,1,1,0.9583
"locus6807",1,1,0.95,1,0.9444,0.9583,1,0.9444,0.9,1,1,0.875,1,1,0.9583,1,1,1,0.875,1,1,1,1,0.9,1,0.9583
"locus6808",0.9091,0.8571,0.9,0.8889,0.8889,0.9583,0.8,0.9444,0.9,1,1,0.9375,1,0.9375,1,0.9091,1,1,0.9286,1,1,0.8636,1,1,1,0.8182
"locus6809",0.9167,1,1,0.8182,1,1,1,0.9444,1,0.9375,1,1,1,0.875,1,1,1,1,0.9375,1,1,1,0.95,1,0.9545,0.9583
